JvmtiExport can_access_local_variables 0
JvmtiExport can_hotswap_or_post_breakpoint 0
JvmtiExport can_post_on_exceptions 0
# 323 ciObject found
ciMethod java/lang/Object <init> ()V 4097 1 149493 0 96
ciMethod java/lang/Object getClass ()Ljava/lang/Class; 2049 1 256 0 -1
ciMethod java/lang/Object hashCode ()I 2049 1 256 0 -1
ciMethod java/lang/Object equals (Ljava/lang/Object;)Z 2185 1 2481 0 -1
ciMethod java/lang/String <init> ([CII)V 4097 1 10811 0 -1
ciMethod java/lang/String length ()I 4097 1 67924 0 64
ciMethod java/lang/String charAt (I)C 4097 1 413568 0 160
ciMethod java/lang/String codePointAt (I)I 0 0 15 0 -1
ciMethod java/lang/String equals (Ljava/lang/Object;)Z 2945 32769 7565 0 -1
ciMethod java/lang/String hashCode ()I 2649 32769 6837 0 320
ciMethod java/lang/String toLowerCase (Ljava/util/Locale;)Ljava/lang/String; 4097 23113 3608 0 -1
ciMethod java/lang/String toLowerCase ()Ljava/lang/String; 4097 1 5495 0 0
ciMethod java/lang/System arraycopy (Ljava/lang/Object;ILjava/lang/Object;II)V 113665 1 14208 0 -1
ciMethod java/util/Map get (Ljava/lang/Object;)Ljava/lang/Object; 0 0 1 0 -1
ciMethod java/lang/AbstractStringBuilder <init> (I)V 4097 1 13375 0 0
ciMethod java/lang/AbstractStringBuilder ensureCapacityInternal (I)V 4097 1 150230 0 -1
ciMethod java/lang/AbstractStringBuilder append (Ljava/lang/String;)Ljava/lang/AbstractStringBuilder; 4097 1 5741 0 -1
ciMethod java/lang/AbstractStringBuilder append (I)Ljava/lang/AbstractStringBuilder; 1 1 411 0 0
ciMethod java/lang/StringBuilder <init> ()V 4097 1 7413 0 192
ciMethod java/lang/StringBuilder append (Ljava/lang/String;)Ljava/lang/StringBuilder; 4097 1 14801 0 1024
ciMethod java/lang/StringBuilder append (I)Ljava/lang/StringBuilder; 1 1 406 0 0
ciMethod java/lang/StringBuilder toString ()Ljava/lang/String; 4097 1 8189 0 832
ciMethod sun/misc/Unsafe ensureClassInitialized (Ljava/lang/Class;)V 689 1 86 0 -1
ciMethod java/net/URL <init> (Ljava/net/URL;Ljava/lang/String;)V 857 1 744 0 -1
ciMethod java/net/URL getPort ()I 1033 1 129 0 0
ciMethod java/net/URL getDefaultPort ()I 2049 1 913 0 0
ciMethod java/net/URL getProtocol ()Ljava/lang/String; 1201 1 150 0 0
ciMethod java/net/URL getHost ()Ljava/lang/String; 1129 1 141 0 0
ciMethod java/net/URL getFile ()Ljava/lang/String; 1025 1 128 0 0
ciMethod java/util/jar/Manifest getMainAttributes ()Ljava/util/jar/Attributes; 1025 1 128 0 0
ciMethod java/lang/Character charCount (I)I 17 1 347 0 -1
ciMethod java/lang/Character toChars (I[CI)I 0 0 1 0 -1
ciMethod java/lang/Character toChars (I)[C 0 0 1 0 -1
ciMethod java/lang/Character toLowerCase (C)C 4097 1 9834 0 -1
ciMethod java/lang/Character toLowerCase (I)I 4097 1 52270 0 -1
ciMethod java/lang/Integer getChars (II[C)V 3137 121 413 0 -1
ciMethod java/lang/Integer stringSize (I)I 2049 105 413 0 -1
ciMethod java/util/Comparator compare (Ljava/lang/Object;Ljava/lang/Object;)I 0 0 1 0 -1
ciMethod java/security/AccessController doPrivileged (Ljava/security/PrivilegedExceptionAction;Ljava/security/AccessControlContext;)Ljava/lang/Object; 2057 1 257 18 -1
ciMethod java/util/Vector size ()I 1041 1 130 0 0
ciMethod java/util/Vector elementAt (I)Ljava/lang/Object; 305 1 1643 0 0
ciMethod java/util/Vector removeElementAt (I)V 137 1 902 0 0
ciMethod java/util/Vector elementData (I)Ljava/lang/Object; 2353 1 1643 0 -1
ciMethod java/util/Stack push (Ljava/lang/Object;)Ljava/lang/Object; 4097 1 908 0 -1
ciMethod java/util/Stack pop ()Ljava/lang/Object; 137 1 893 0 0
ciMethod java/util/Stack peek ()Ljava/lang/Object; 145 1 926 0 0
ciMethod java/util/Stack empty ()Z 337 1 977 0 0
ciMethod java/util/ArrayList ensureCapacityInternal (I)V 4097 1 5905 0 0
ciMethod java/util/ArrayList ensureExplicitCapacity (I)V 4097 1 5905 0 0
ciMethod java/util/ArrayList grow (I)V 201 1 521 0 0
ciMethod java/util/ArrayList hugeCapacity (I)I 0 0 1 0 0
ciMethod java/util/ArrayList size ()I 1025 1 128 0 0
ciMethod java/util/ArrayList elementData (I)Ljava/lang/Object; 1913 1 8049 0 96
ciMethod java/util/ArrayList get (I)Ljava/lang/Object; 1913 1 8049 0 128
ciMethod java/util/ArrayList add (Ljava/lang/Object;)Z 4097 1 5870 0 736
ciMethod java/util/ArrayList rangeCheck (I)V 1913 1 8049 0 64
ciMethod sun/misc/SharedSecrets javaUtilJarAccess ()Lsun/misc/JavaUtilJarAccess; 1897 1 744 0 0
ciMethod java/util/HashMap hash (Ljava/lang/Object;)I 4097 1 23431 0 160
ciMethod java/util/HashMap get (Ljava/lang/Object;)Ljava/lang/Object; 2145 1 5439 0 640
ciMethod java/util/HashMap getNode (ILjava/lang/Object;)Ljava/util/HashMap$Node; 4097 33 11777 0 544
ciMethod java/util/HashMap containsKey (Ljava/lang/Object;)Z 2049 1 2799 0 0
ciMethod java/util/HashMap put (Ljava/lang/Object;Ljava/lang/Object;)Ljava/lang/Object; 4097 1 7924 0 0
ciMethod java/util/HashMap putVal (ILjava/lang/Object;Ljava/lang/Object;ZZ)Ljava/lang/Object; 4097 369 5790 0 1696
ciMethod java/util/HashMap resize ()[Ljava/util/HashMap$Node; 137 7609 1099 0 1344
ciMethod java/util/HashMap treeifyBin ([Ljava/util/HashMap$Node;I)V 0 0 1 0 -1
ciMethod java/util/HashMap newNode (ILjava/lang/Object;Ljava/lang/Object;Ljava/util/HashMap$Node;)Ljava/util/HashMap$Node; 3129 1 5526 0 224
ciMethod java/util/HashMap afterNodeAccess (Ljava/util/HashMap$Node;)V 2049 1 1036 0 0
ciMethod java/util/HashMap afterNodeInsertion (Z)V 3129 1 1415 0 0
ciMethod java/util/HashMap$Node <init> (ILjava/lang/Object;Ljava/lang/Object;Ljava/util/HashMap$Node;)V 4097 1 7609 0 0
ciMethod java/lang/Math max (II)I 841 1 98957 0 -1
ciMethod java/util/Arrays copyOf ([Ljava/lang/Object;I)[Ljava/lang/Object; 2065 1 661 0 0
ciMethod java/util/Arrays copyOf ([Ljava/lang/Object;ILjava/lang/Class;)[Ljava/lang/Object; 2049 1 1070 0 -1
ciMethod sun/misc/ASCIICaseInsensitiveComparator lowerCaseHashCode (Ljava/lang/String;)I 1985 24081 573 0 0
ciMethod sun/misc/ASCIICaseInsensitiveComparator isUpper (I)Z 4097 1 30701 0 64
ciMethod sun/misc/ASCIICaseInsensitiveComparator toLower (I)I 4097 1 30701 0 64
ciMethodData java/lang/String charAt (I)C 2 413568 orig 264 88 66 22 98 0 0 0 0 176 61 18 97 0 0 0 0 120 1 0 0 32 0 0 0 0 0 0 0 0 0 0 0 0 0 0 0 0 0 0 0 0 0 0 0 0 0 0 0 0 0 0 0 0 0 0 0 0 0 0 0 0 0 0 0 0 0 0 0 0 0 0 0 0 0 0 0 0 0 0 0 77 68 79 32 101 120 116 114 97 32 100 97 116 97 32 108 111 99 107 0 0 0 0 0 0 0 0 0 0 0 0 0 0 0 0 0 0 0 0 0 0 0 0 0 0 0 0 0 0 0 0 0 0 0 0 0 0 0 0 0 0 0 0 0 0 0 0 0 0 0 0 0 0 0 0 0 0 0 0 0 0 0 0 0 0 0 0 0 0 0 0 0 0 0 0 0 0 0 0 0 0 0 0 0 25 0 0 0 0 0 0 0 0 0 0 0 0 0 0 0 1 0 0 0 0 0 0 0 0 0 0 0 0 0 0 0 0 2 0 0 1 108 50 0 1 0 0 0 0 0 0 0 0 0 0 0 2 0 0 0 0 0 0 0 0 0 0 0 80 0 0 0 255 255 255 255 7 0 1 0 0 0 0 0 data 10 0x10007 0x0 0x40 0x64d80 0xa0007 0x64d80 0x30 0x0 0x120002 0x0 oops 0
ciMethodData java/lang/String length ()I 2 67924 orig 264 88 66 22 98 0 0 0 0 96 60 18 97 0 0 0 0 32 1 0 0 0 0 0 0 0 0 0 0 0 0 0 0 0 0 0 0 0 0 0 0 0 0 0 0 0 0 0 0 0 0 0 0 0 0 0 0 0 0 0 0 0 0 0 0 0 0 0 0 0 0 0 0 0 0 0 0 0 0 0 0 77 68 79 32 101 120 116 114 97 32 100 97 116 97 32 108 111 99 107 0 0 0 0 0 0 0 0 0 0 0 0 0 0 0 0 0 0 0 0 0 0 0 0 0 0 0 0 0 0 0 0 0 0 0 0 0 0 0 0 0 0 0 0 0 0 0 0 0 0 0 0 0 0 0 0 0 0 0 0 0 0 0 0 0 0 0 0 0 0 0 0 0 0 0 0 0 0 0 0 0 0 0 0 0 1 0 0 0 0 0 0 0 0 0 0 0 0 0 0 0 1 0 0 0 0 0 0 0 0 0 0 0 0 0 0 0 0 2 0 0 161 58 8 0 1 0 0 0 0 0 0 0 0 0 0 0 2 0 0 0 0 0 0 0 0 0 0 0 0 0 0 0 255 255 255 255 0 0 0 0 0 0 0 0 data 0 oops 0
ciMethodData sun/misc/ASCIICaseInsensitiveComparator toLower (I)I 2 30701 orig 264 88 66 22 98 0 0 0 0 88 43 37 97 0 0 0 0 144 1 0 0 0 0 0 0 0 0 0 0 0 0 0 0 0 0 0 0 0 0 0 0 0 0 0 0 0 0 0 0 0 0 0 0 0 0 0 0 0 0 0 0 0 0 0 0 0 0 0 0 0 0 0 0 0 0 0 0 0 0 0 0 77 68 79 32 101 120 116 114 97 32 100 97 116 97 32 108 111 99 107 0 0 0 0 0 0 0 0 0 0 0 0 0 0 0 0 0 0 0 0 0 0 0 0 0 0 0 0 0 0 0 0 0 0 0 0 0 0 0 0 0 0 0 0 0 0 0 0 0 0 0 0 0 0 0 0 0 0 0 0 0 0 0 0 0 0 0 0 0 0 0 0 0 0 0 0 0 0 0 0 0 0 0 0 0 0 0 0 0 0 0 0 0 0 0 0 0 0 0 0 0 0 0 0 0 0 0 0 0 0 0 0 0 0 0 0 0 0 2 0 0 105 175 3 0 1 0 0 0 0 0 0 0 0 0 0 0 2 0 0 0 0 0 0 0 0 0 0 0 72 0 0 0 255 255 255 255 2 0 1 0 0 0 0 0 data 9 0x10002 0x75ed 0x40007 0x5d94 0x38 0x1859 0xb0003 0x1859 0x18 oops 0
ciMethodData sun/misc/ASCIICaseInsensitiveComparator isUpper (I)Z 2 30701 orig 264 88 66 22 98 0 0 0 0 184 42 37 97 0 0 0 0 88 1 0 0 0 0 0 0 0 0 0 0 0 0 0 0 0 0 0 0 0 0 0 0 0 0 0 0 0 0 0 0 0 0 0 0 0 0 0 0 0 0 0 0 0 0 0 0 0 0 0 0 0 0 0 0 0 0 0 0 0 0 0 0 77 68 79 32 101 120 116 114 97 32 100 97 116 97 32 108 111 99 107 0 0 0 0 0 0 0 0 0 0 0 0 0 0 0 0 0 0 0 0 0 0 0 0 0 0 0 0 0 0 0 0 0 0 0 0 0 0 0 0 0 0 0 0 0 0 0 0 0 0 0 0 0 0 0 0 0 0 0 0 0 0 0 0 0 0 0 0 0 0 0 0 0 0 0 0 0 0 0 0 0 0 0 0 0 0 0 0 0 0 0 0 0 0 0 0 0 0 0 0 0 0 0 0 0 0 0 0 0 0 0 0 0 0 0 0 0 0 2 0 0 105 175 3 0 1 0 0 0 0 0 0 0 0 0 0 0 2 0 0 0 0 0 0 0 0 0 0 0 56 0 0 0 255 255 255 255 7 0 9 0 0 0 0 0 data 7 0x90007 0x5d94 0x38 0x1859 0xd0003 0x1859 0x18 oops 0
ciMethodData java/lang/Object <init> ()V 2 149493 orig 264 88 66 22 98 0 0 0 0 128 4 18 97 0 0 0 0 32 1 0 0 0 0 0 0 0 0 0 0 0 0 0 0 0 0 0 0 0 0 0 0 0 0 0 0 0 0 0 0 0 0 0 0 0 0 0 0 0 0 0 0 0 0 0 0 0 0 0 0 0 0 0 0 0 0 0 0 0 0 0 0 77 68 79 32 101 120 116 114 97 32 100 97 116 97 32 108 111 99 107 0 0 0 0 0 0 0 0 0 0 0 0 0 0 0 0 0 0 0 0 0 0 0 0 0 0 0 0 0 0 0 0 0 0 0 0 0 0 0 0 0 0 0 0 0 0 0 0 0 0 0 0 0 0 0 0 0 0 0 0 0 0 0 0 0 0 0 0 0 0 0 0 0 0 0 0 0 0 0 0 0 0 0 0 0 1 0 0 0 0 0 0 0 1 0 0 0 0 0 0 0 1 0 0 0 0 0 0 0 0 0 0 0 0 0 0 0 0 2 0 0 169 47 18 0 1 0 0 0 0 0 0 0 0 0 0 0 2 0 0 0 0 0 0 0 0 0 0 0 0 0 0 0 255 255 255 255 0 0 0 0 0 0 0 0 data 0 oops 0
ciMethod java/util/StringTokenizer <init> (Ljava/lang/String;)V 257 1 32 0 -1
ciMethod java/util/StringTokenizer hasMoreTokens ()Z 9 1 889 0 -1
ciMethod java/util/StringTokenizer nextToken ()Ljava/lang/String; 49 1 717 0 -1
ciMethod java/util/StringTokenizer countTokens ()I 257 865 32 0 -1
ciMethod java/util/Locale getDefault ()Ljava/util/Locale; 4097 1 5520 0 0
ciMethod java/util/Locale getLanguage ()Ljava/lang/String; 225 1 3347 0 -1
ciMethod java/util/HashMap$TreeNode getTreeNode (ILjava/lang/Object;)Ljava/util/HashMap$TreeNode; 0 0 1 0 -1
ciMethod java/util/HashMap$TreeNode putTreeVal (Ljava/util/HashMap;[Ljava/util/HashMap$Node;ILjava/lang/Object;Ljava/lang/Object;)Ljava/util/HashMap$TreeNode; 0 0 1 0 -1
ciMethod java/util/HashMap$TreeNode split (Ljava/util/HashMap;[Ljava/util/HashMap$Node;II)V 0 0 1 0 -1
ciMethod java/net/URLStreamHandler getDefaultPort ()I 1049 1 1348 0 -1
ciMethodData java/lang/String hashCode ()I 2 152523 orig 264 88 66 22 98 0 0 0 0 0 80 18 97 0 0 0 0 152 1 0 0 32 0 0 0 0 0 0 0 0 0 0 0 0 0 0 0 0 0 0 0 0 0 0 0 0 0 0 0 0 0 0 0 0 0 0 0 0 0 0 0 0 0 0 0 0 0 0 0 0 0 0 0 0 0 0 0 0 0 0 0 77 68 79 32 101 120 116 114 97 32 100 97 116 97 32 108 111 99 107 0 0 0 0 0 0 0 0 0 0 0 0 0 0 0 0 0 0 0 0 0 0 0 0 0 0 0 0 0 0 0 0 0 0 0 0 0 0 0 0 0 0 0 0 0 1 0 0 0 0 0 0 0 0 0 0 0 0 0 0 0 0 0 0 0 0 0 0 0 0 0 0 0 0 0 0 0 0 0 0 1 0 0 0 0 0 0 0 0 0 0 0 0 0 0 0 0 0 0 0 0 0 0 0 0 0 0 0 0 0 0 0 0 0 0 0 0 0 16 0 0 81 203 0 0 89 30 18 0 10 22 0 0 128 255 1 0 2 0 0 0 1 0 11 0 2 0 0 0 120 0 0 0 255 255 255 255 7 0 6 0 0 0 0 0 data 15 0x60007 0xec6 0x78 0xaa4 0xee007 0xb 0x58 0xa9a 0x1e0007 0xa9a 0x38 0x24393 0x2d0003 0x24393 0xffffffffffffffe0 oops 0
ciMethod sun/misc/URLClassPath disableAllLookupCaches ()V 25 1 3 0 0
ciMethod sun/misc/URLClassPath validateLookupCache (ILjava/lang/String;)V 121 1 769 0 0
ciMethod sun/misc/URLClassPath getLoader (I)Lsun/misc/URLClassPath$Loader; 2041 129 8093 0 -1
ciMethod sun/misc/URLClassPath getLoader (Ljava/net/URL;)Lsun/misc/URLClassPath$Loader; 129 1 852 1 0
ciMethod sun/misc/URLClassPath push ([Ljava/net/URL;)V 17 6121 35 0 0
ciMethodData java/lang/StringBuilder append (Ljava/lang/String;)Ljava/lang/StringBuilder; 2 14801 orig 264 88 66 22 98 0 0 0 0 8 132 25 97 0 0 0 0 56 1 0 0 0 0 0 0 0 0 0 0 0 0 0 0 0 0 0 0 0 0 0 0 0 0 0 0 0 0 0 0 0 0 0 0 0 0 0 0 0 0 0 0 0 0 0 0 0 0 0 0 0 0 0 0 0 0 0 0 0 0 0 0 77 68 79 32 101 120 116 114 97 32 100 97 116 97 32 108 111 99 107 0 0 0 0 0 0 0 0 0 0 0 0 0 0 0 0 0 0 0 0 0 0 0 0 0 0 0 0 0 0 0 0 0 0 0 0 0 0 0 0 0 0 0 0 0 0 0 0 0 0 0 0 0 0 0 0 0 0 0 0 0 0 0 0 0 0 0 0 0 0 0 0 0 0 0 0 0 0 0 0 0 0 0 0 0 19 0 0 0 0 0 0 0 0 0 0 0 0 0 0 0 2 0 0 0 0 0 0 0 1 0 0 0 0 0 0 0 0 2 0 0 137 190 1 0 1 0 0 0 0 0 0 0 0 0 0 0 2 0 0 0 0 0 3 0 2 0 0 0 16 0 0 0 255 255 255 255 2 0 2 0 0 0 0 0 data 2 0x20002 0x37d1 oops 0
ciMethodData java/util/HashMap hash (Ljava/lang/Object;)I 2 23431 orig 264 88 66 22 98 0 0 0 0 224 142 32 97 0 0 0 0 176 1 0 0 0 0 0 0 0 0 0 0 0 0 0 0 0 0 0 0 0 0 0 0 0 0 0 0 0 0 0 0 0 0 0 0 0 0 0 0 0 0 0 0 0 0 0 0 0 0 0 0 0 0 0 0 0 0 0 0 0 0 0 0 77 68 79 32 101 120 116 114 97 32 100 97 116 97 32 108 111 99 107 0 0 0 0 0 0 0 0 0 0 0 0 0 0 0 0 0 0 0 0 0 0 0 0 0 0 0 0 0 0 0 0 0 0 0 0 0 0 0 0 0 0 0 0 0 0 0 0 0 0 0 0 0 0 0 0 0 0 0 0 0 0 0 0 0 0 0 0 0 0 0 0 0 0 0 0 0 0 0 0 1 0 0 0 0 0 0 0 0 0 0 0 0 0 0 0 0 0 0 0 0 0 0 0 0 0 0 0 0 0 0 0 0 0 0 0 0 0 2 0 0 57 204 2 0 1 0 0 0 194 78 0 0 0 0 0 0 2 0 0 0 0 0 6 0 2 0 0 0 104 0 0 0 255 255 255 255 7 224 1 0 0 0 0 0 data 13 0x1e007 0x5984 0x38 0x4 0x50003 0x4 0x48 0x90005 0x1430 0x498e28e0 0x41e0 0x498e2970 0x374 oops 2 9 java/lang/String 11 java/lang/Class
ciMethodData java/util/HashMap getNode (ILjava/lang/Object;)Ljava/util/HashMap$Node; 2 11777 orig 264 88 66 22 98 0 0 0 0 144 152 32 97 0 0 0 0 8 4 0 0 240 0 0 0 0 0 0 0 0 0 0 0 0 0 0 0 0 0 0 0 0 0 0 0 0 0 0 0 0 0 0 0 0 0 0 0 0 0 0 0 0 0 0 0 0 0 0 0 0 0 0 0 0 0 0 0 0 0 0 0 77 68 79 32 101 120 116 114 97 32 100 97 116 97 32 108 111 99 107 0 0 0 0 0 0 0 0 0 0 0 0 0 0 0 0 0 0 0 0 0 0 0 0 0 0 0 0 0 0 0 0 0 0 0 0 0 0 0 0 0 0 0 0 0 1 0 0 0 0 0 0 0 0 0 0 0 0 0 0 0 0 0 0 0 0 0 0 0 0 0 0 0 0 0 0 0 0 0 0 1 0 0 0 0 17 0 0 0 0 0 0 0 0 0 0 0 0 0 0 0 1 0 0 0 0 0 0 0 0 0 0 0 0 0 0 0 0 2 0 0 9 96 1 0 185 23 0 0 215 20 0 0 69 1 0 0 2 0 0 0 1 0 37 0 2 0 0 0 176 2 0 0 255 255 255 255 7 0 6 0 0 0 0 0 data 86 0x60007 0x21c 0x2b0 0x29e5 0xe0007 0x0 0x290 0x29e5 0x1c0007 0xf19 0x270 0x1acc 0x250007 0xd9e 0xb0 0xd2e 0x310007 0x6de 0x90 0x650 0x350007 0x0 0x70 0x650 0x3b0005 0x100 0x498e28e0 0x545 0x62a434f0 0xb 0x3ee007 0xe 0x20 0x643 0x4c0007 0x7c9 0x1a0 0x5e3 0x510004 0xfffffffffffffa1d 0x62a65830 0x1cc 0x7ee160b0 0x41 0x540007 0x5e3 0x80 0x0 0x590004 0x0 0x0 0x0 0x0 0x0 0x5e0005 0x0 0x0 0x0 0x0 0x0 0x680007 0x375 0xb0 0x3d1 0x740007 0x132 0x90 0x29f 0x780007 0x0 0x70 0x29f 0x7e0005 0xda 0x498e28e0 0x1be 0x62a434f0 0x7 0x810007 0x1 0x20 0x29e 0x8f0007 0x163 0xffffffffffffff50 0x213 oops 6 26 java/lang/String 28 java/io/File 40 java/util/LinkedHashMap$Entry 42 java/util/HashMap$Node 74 java/lang/String 76 java/io/File
ciMethodData java/lang/StringBuilder <init> ()V 2 7413 orig 264 88 66 22 98 0 0 0 0 240 128 25 97 0 0 0 0 48 1 0 0 0 0 0 0 0 0 0 0 0 0 0 0 0 0 0 0 0 0 0 0 0 0 0 0 0 0 0 0 0 0 0 0 0 0 0 0 0 0 0 0 0 0 0 0 0 0 0 0 0 0 0 0 0 0 0 0 0 0 0 0 77 68 79 32 101 120 116 114 97 32 100 97 116 97 32 108 111 99 107 0 0 0 0 0 0 0 0 0 0 0 0 0 0 0 0 0 0 0 0 0 0 0 0 0 0 0 0 0 0 0 0 0 0 0 0 0 0 0 0 0 0 0 0 0 0 0 0 0 0 0 0 0 0 0 0 0 0 0 0 0 0 0 0 0 0 0 0 0 0 0 0 0 0 0 0 0 0 0 0 0 0 0 0 0 0 0 0 0 0 0 0 0 0 0 0 0 0 0 0 0 0 0 0 0 0 0 0 0 0 0 0 0 0 0 0 0 0 2 0 0 169 215 0 0 1 0 0 0 0 0 0 0 0 0 0 0 2 0 0 0 0 0 3 0 2 0 0 0 16 0 0 0 255 255 255 255 2 0 3 0 0 0 0 0 data 2 0x30002 0x1af5 oops 0
ciMethodData java/lang/AbstractStringBuilder <init> (I)V 2 13375 orig 264 88 66 22 98 0 0 0 0 32 68 25 97 0 0 0 0 56 1 0 0 0 0 0 0 0 0 0 0 0 0 0 0 0 0 0 0 0 0 0 0 0 0 0 0 0 0 0 0 0 0 0 0 0 0 0 0 0 0 0 0 0 0 0 0 0 0 0 0 0 0 0 0 0 0 0 0 0 0 0 0 77 68 79 32 101 120 116 114 97 32 100 97 116 97 32 108 111 99 107 0 0 0 0 0 0 0 0 0 0 0 0 0 0 0 0 0 0 0 0 0 0 0 0 0 0 0 0 0 0 0 0 0 0 0 0 0 0 0 0 0 0 0 0 0 0 0 0 0 0 0 0 0 0 0 0 0 0 0 0 0 0 0 0 0 0 0 0 0 0 0 0 0 0 0 0 0 0 0 0 0 0 0 0 0 0 0 0 0 0 0 0 0 0 0 0 0 0 0 0 0 0 0 0 0 0 0 0 0 0 0 0 0 0 0 0 0 0 2 0 0 249 145 1 0 1 0 0 0 0 0 0 0 0 0 0 0 2 0 0 0 0 0 3 0 2 0 0 0 16 0 0 0 255 255 255 255 2 0 1 0 0 0 0 0 data 2 0x10002 0x323f oops 0
ciMethodData java/lang/StringBuilder toString ()Ljava/lang/String; 2 8189 orig 264 88 66 22 98 0 0 0 0 184 151 25 97 0 0 0 0 48 1 0 0 0 0 0 0 0 0 0 0 0 0 0 0 0 0 0 0 0 0 0 0 0 0 0 0 0 0 0 0 0 0 0 0 0 0 0 0 0 0 0 0 0 0 0 0 0 0 0 0 0 0 0 0 0 0 0 0 0 0 0 0 77 68 79 32 101 120 116 114 97 32 100 97 116 97 32 108 111 99 107 0 0 0 0 0 0 0 0 0 0 0 0 0 0 0 0 0 0 0 0 0 0 0 0 0 0 0 0 0 0 0 0 0 0 0 0 0 0 0 0 0 0 0 0 0 0 0 0 0 0 0 0 0 0 0 0 0 0 0 0 0 0 0 0 0 0 0 0 0 0 0 0 0 0 0 0 0 0 0 0 0 0 0 0 0 0 0 0 0 0 0 0 0 0 0 0 0 0 0 0 0 0 0 0 0 0 0 0 0 0 0 0 0 0 0 0 0 0 2 0 0 233 239 0 0 1 0 0 0 0 0 0 0 0 0 0 0 2 0 0 0 0 0 3 0 2 0 0 0 16 0 0 0 255 255 255 255 2 0 13 0 0 0 0 0 data 2 0xd0002 0x1dfd oops 0
ciMethodData java/util/HashMap put (Ljava/lang/Object;Ljava/lang/Object;)Ljava/lang/Object; 2 7924 orig 264 88 66 22 98 0 0 0 0 208 153 32 97 0 0 0 0 152 1 0 0 0 0 0 0 0 0 0 0 0 0 0 0 0 0 0 0 0 0 0 0 0 0 0 0 0 0 0 0 0 0 0 0 0 0 0 0 0 0 0 0 0 0 0 0 0 0 0 0 0 0 0 0 0 0 0 0 0 0 0 0 77 68 79 32 101 120 116 114 97 32 100 97 116 97 32 108 111 99 107 0 0 0 0 0 0 0 0 0 0 0 0 0 0 0 0 0 0 0 0 0 0 0 0 0 0 0 0 0 0 0 0 0 0 0 0 0 0 0 0 0 0 0 0 0 2 0 0 0 0 0 0 0 0 0 0 0 0 0 0 0 0 0 0 0 0 0 0 0 0 0 0 0 0 0 0 0 0 0 0 0 0 0 0 0 0 0 0 0 0 0 0 0 0 0 0 0 0 0 0 0 0 0 0 0 0 0 0 0 0 0 0 0 0 0 0 0 0 2 0 0 161 231 0 0 1 0 0 0 140 20 0 0 0 0 0 0 2 0 0 0 0 0 7 0 2 0 0 0 64 0 0 0 255 255 255 255 2 0 2 0 0 0 0 0 data 8 0x20002 0x1cf4 0x90005 0x44d 0x94d9f300 0x41 0x7eb55440 0x1867 oops 2 4 java/io/ExpiringCache$1 6 java/util/HashMap
ciMethodData java/util/HashMap putVal (ILjava/lang/Object;Ljava/lang/Object;ZZ)Ljava/lang/Object; 2 5790 orig 264 88 66 22 98 0 0 0 0 176 155 32 97 0 0 0 0 176 6 0 0 144 4 0 0 0 0 0 0 0 0 0 0 0 0 0 0 0 0 0 0 0 0 0 0 0 0 0 0 0 0 0 0 0 0 0 0 0 0 0 0 0 0 0 0 0 0 0 0 0 0 0 0 0 0 0 0 0 0 0 0 77 68 79 32 101 120 116 114 97 32 100 97 116 97 32 108 111 99 107 0 0 0 0 0 0 0 0 0 0 0 0 0 0 0 0 0 0 0 0 0 0 0 0 0 0 0 0 0 0 0 0 0 0 0 0 0 0 0 0 0 0 0 0 0 1 0 0 0 0 0 0 0 0 0 0 0 0 0 0 0 0 0 0 0 5 0 0 0 0 0 0 0 0 0 0 0 0 0 0 0 0 0 0 0 0 0 0 0 0 0 0 0 0 0 0 0 0 0 0 0 0 0 0 0 0 0 0 0 0 0 0 0 0 0 0 0 0 2 0 0 241 164 0 0 1 12 0 0 0 0 0 0 0 0 0 0 2 0 0 0 1 0 50 0 2 0 0 0 64 5 0 0 255 255 255 255 7 0 7 0 0 0 0 0 data 168 0x70007 0x15f 0x40 0x133f 0x100007 0x133f 0x50 0x0 0x140005 0x10 0x7eb55440 0x149 0x65412a30 0x6 0x2c0007 0x99d 0x98 0xb01 0x380005 0x9c2 0x94d9f300 0x11a 0x94cd72d0 0x25 0x3b0004 0x0 0x62a65830 0x129 0x7ee160b0 0x9d8 0x3c0003 0xb01 0x3d0 0x450007 0x5e7 0xc8 0x3b6 0x510007 0x3a7 0x90 0xf 0x550007 0x0 0x88 0xf 0x5b0005 0x4 0x62a434f0 0x6 0x498e28e0 0x5 0x5e0007 0x4 0x38 0xb 0x650003 0x3b2 0x278 0x6a0004 0xfffffffffffffa15 0x62a65830 0x96 0x7ee160b0 0x23 0x6d0007 0x5eb 0x98 0x0 0x720004 0x0 0x0 0x0 0x0 0x0 0x7b0005 0x0 0x0 0x0 0x0 0x0 0x800003 0x0 0x1b0 0x8e0007 0x1fa 0xb8 0x570 0x980005 0x4bf 0x94d9f300 0x9c 0x94cd72d0 0x15 0xa20007 0x570 0x148 0x0 0xa90005 0x0 0x0 0x0 0x0 0x0 0xac0003 0x0 0xf8 0xb50007 0x17e 0xc8 0x7c 0xc10007 0x79 0xc0 0x3 0xc50007 0x0 0x88 0x3 0xcb0005 0x0 0x498e28e0 0x2 0x94cd7380 0x1 0xce0007 0x1 0x38 0x2 0xd10003 0x2 0x30 0xdb0003 0x17f 0xfffffffffffffe80 0xe00007 0x570 0x90 0x42d 0xec0007 0x42d 0x40 0x0 0xf10007 0x0 0x20 0x0 0xfdc005 0x0 0x7eb55440 0x40c 0x7ee168f0 0x26 0x11c0007 0x1023 0x50 0x4e 0x1200005 0x6 0x7eb55440 0x48 0x0 0x0 0x1270005 0xe81 0x94d9f300 0x1b6 0x94cd72d0 0x3a oops 19 10 java/util/HashMap 12 com/mathworks/services/message/MWMessage 20 java/io/ExpiringCache$1 22 java/lang/ProcessEnvironment 26 java/util/LinkedHashMap$Entry 28 java/util/HashMap$Node 47 java/io/File 49 java/lang/String 60 java/util/LinkedHashMap$Entry 62 java/util/HashMap$Node 89 java/io/ExpiringCache$1 91 java/lang/ProcessEnvironment 120 java/lang/String 122 sun/misc/ProxyGenerator$ConstantPool$IndirectEntry 148 java/util/HashMap 150 java/util/LinkedHashMap 158 java/util/HashMap 164 java/io/ExpiringCache$1 166 java/lang/ProcessEnvironment
ciMethodData java/util/HashMap$Node <init> (ILjava/lang/Object;Ljava/lang/Object;Ljava/util/HashMap$Node;)V 2 7609 orig 264 88 66 22 98 0 0 0 0 160 221 32 97 0 0 0 0 80 1 0 0 0 0 0 0 0 0 0 0 0 0 0 0 0 0 0 0 0 0 0 0 0 0 0 0 0 0 0 0 0 0 0 0 0 0 0 0 0 0 0 0 0 0 0 0 0 0 0 0 0 0 0 0 0 0 0 0 0 0 0 0 77 68 79 32 101 120 116 114 97 32 100 97 116 97 32 108 111 99 107 0 0 0 0 0 0 0 0 0 0 0 0 0 0 0 0 0 0 0 0 0 0 0 0 0 0 0 0 0 0 0 0 0 0 0 0 0 0 0 0 0 0 0 0 0 0 0 0 0 0 0 0 0 0 0 0 0 0 0 0 0 0 0 0 0 0 0 0 0 0 0 0 0 0 0 0 0 0 0 0 0 0 0 0 0 0 0 0 0 0 0 0 0 0 0 0 0 0 0 0 0 0 0 0 0 0 0 0 0 0 0 0 0 0 0 0 0 0 2 0 0 201 221 0 0 1 0 0 0 0 0 0 0 0 0 0 0 2 0 0 0 0 0 3 0 2 0 0 0 16 0 0 0 255 255 255 255 2 0 1 0 0 0 0 0 data 2 0x10002 0x1bb9 oops 0
ciMethodData java/lang/String toLowerCase (Ljava/util/Locale;)Ljava/lang/String; 2 47477 orig 264 88 66 22 98 0 0 0 0 24 105 18 97 0 0 0 0 112 6 0 0 80 0 0 0 0 0 0 0 0 0 0 0 0 0 0 0 0 0 0 0 0 0 0 0 0 0 0 0 0 0 0 0 0 0 0 0 0 0 0 0 0 0 0 0 0 0 0 0 0 0 0 0 0 0 0 0 0 0 0 0 77 68 79 32 101 120 116 114 97 32 100 97 116 97 32 108 111 99 107 0 0 0 0 0 0 0 0 0 0 0 0 0 0 0 0 0 0 0 0 0 0 0 0 0 0 0 0 0 0 0 0 0 0 0 0 0 0 0 0 0 0 0 0 0 2 0 0 0 0 0 0 0 0 0 0 0 0 0 0 0 0 0 0 0 0 0 0 0 0 0 0 0 0 0 0 0 0 0 0 1 0 0 0 0 0 0 0 0 0 0 0 0 0 0 0 0 0 0 0 0 0 0 0 0 0 0 0 0 0 0 0 0 0 0 0 0 73 11 0 0 193 96 0 0 97 113 5 0 221 8 0 0 202 130 0 0 2 0 0 0 3 0 69 0 2 0 0 0 32 5 0 0 255 255 255 255 7 0 1 0 0 0 0 0 data 164 0x10007 0xc18 0x30 0x0 0x80002 0x0 0x160007 0x40a 0x160 0x13ef 0x25e007 0x13ee 0xe0 0x2 0x2c0007 0x2 0xc0 0x0 0x310005 0x0 0x0 0x0 0x0 0x0 0x3a0002 0x0 0x3d0007 0x0 0x38 0x0 0x400003 0x0 0xa0 0x460002 0x0 0x4b0003 0x0 0x60 0x520002 0x13f0 0x550007 0xbe1 0x38 0x810 0x580003 0x810 0x30 0x5e0003 0xbe1 0xfffffffffffffeb8 0x740002 0x810 0x780005 0xcd 0x653a10f0 0x743 0x0 0x0 0x810007 0x0 0x60 0x810 0x880007 0x0 0x40 0x810 0x8f0007 0x810 0x38 0x0 0x930003 0x0 0x18 0x9f0007 0x810 0x2c8 0xa247 0xb00007 0xa242 0x98 0x5 0xb80007 0x5 0x78 0x0 0xbe0005 0x0 0x0 0x0 0x0 0x0 0xc50002 0x0 0xca0003 0x0 0x18 0xd20007 0x0 0x60 0xa247 0xda0007 0x0 0x40 0xa247 0xe20007 0xa247 0x48 0x0 0xe90002 0x0 0xee0003 0x0 0x28 0xf30002 0xa247 0xfb0007 0x0 0x40 0xa247 0x1020007 0xa247 0x140 0x0 0x1080007 0x0 0x48 0x0 0x10f0002 0x0 0x1140003 0x0 0x70 0x11a0007 0x0 0x48 0x0 0x1280002 0x0 0x1310003 0x0 0xa8 0x1360002 0x0 0x1440007 0x0 0x30 0x0 0x15f0002 0x0 0x16d0007 0x0 0x38 0x0 0x1830003 0x0 0xffffffffffffffe0 0x1900003 0x0 0x18 0x1a50003 0xa247 0xfffffffffffffd50 0x1b30002 0x810 oops 1 54 java/util/Locale
ciMethodData java/lang/String toLowerCase ()Ljava/lang/String; 2 5495 orig 264 88 66 22 98 0 0 0 0 176 105 18 97 0 0 0 0 136 1 0 0 0 0 0 0 0 0 0 0 0 0 0 0 0 0 0 0 0 0 0 0 0 0 0 0 0 0 0 0 0 0 0 0 0 0 0 0 0 0 0 0 0 0 0 0 0 0 0 0 0 0 0 0 0 0 0 0 0 0 0 0 77 68 79 32 101 120 116 114 97 32 100 97 116 97 32 108 111 99 107 0 0 0 0 0 0 0 0 0 0 0 0 0 0 0 0 0 0 0 0 0 0 0 0 0 0 0 0 0 0 0 0 0 0 0 0 0 0 0 0 0 0 0 0 0 0 0 0 0 0 0 0 0 0 0 0 0 0 0 0 0 0 0 0 0 0 0 0 0 0 0 0 0 0 0 0 0 0 0 0 0 0 0 0 0 0 0 0 0 0 0 0 0 0 0 0 0 0 0 0 0 0 0 0 0 0 0 0 0 0 0 0 0 0 0 0 0 0 2 0 0 185 155 0 0 1 0 0 0 0 0 0 0 0 0 0 0 2 0 0 0 0 0 3 0 2 0 0 0 64 0 0 0 255 255 255 255 2 0 1 0 0 0 0 0 data 8 0x10002 0x1377 0x40005 0x100 0x498e28e0 0x1277 0x0 0x0 oops 1 4 java/lang/String
ciMethodData java/util/Locale getDefault ()Ljava/util/Locale; 2 5520 orig 264 88 66 22 98 0 0 0 0 64 16 45 97 0 0 0 0 24 1 0 0 0 0 0 0 0 0 0 0 0 0 0 0 0 0 0 0 0 0 0 0 0 0 0 0 0 0 0 0 0 0 0 0 0 0 0 0 0 0 0 0 0 0 0 0 0 0 0 0 0 0 0 0 0 0 0 0 0 0 0 0 77 68 79 32 101 120 116 114 97 32 100 97 116 97 32 108 111 99 107 0 0 0 0 0 0 0 0 0 0 0 0 0 0 0 0 0 0 0 0 0 0 0 0 0 0 0 0 0 0 0 0 0 0 0 0 0 0 0 0 0 0 0 0 0 0 0 0 0 0 0 0 0 0 0 0 0 0 0 0 0 0 0 0 0 0 0 0 0 0 0 0 0 0 0 0 0 0 0 0 0 0 0 0 0 0 0 0 0 0 0 0 0 0 0 0 0 0 0 0 0 0 0 0 0 0 0 0 0 0 0 0 0 0 0 0 0 0 2 0 0 129 156 0 0 1 0 0 0 0 0 0 0 0 0 0 0 2 0 0 0 0 0 3 0 1 0 0 0 0 0 0 0 255 255 255 255 0 0 0 0 0 0 0 0 data 0 oops 0
ciMethodData java/util/ArrayList add (Ljava/lang/Object;)Z 2 5870 orig 264 88 66 22 98 0 0 0 0 40 4 31 97 0 0 0 0 144 1 0 0 0 0 0 0 0 0 0 0 0 0 0 0 0 0 0 0 0 0 0 0 0 0 0 0 0 0 0 0 0 0 0 0 0 0 0 0 0 0 0 0 0 0 0 0 0 0 0 0 0 0 0 0 0 0 0 0 0 0 0 0 77 68 79 32 101 120 116 114 97 32 100 97 116 97 32 108 111 99 107 0 0 0 0 0 0 0 0 0 0 0 0 0 0 0 0 0 0 0 0 0 0 0 0 0 0 0 0 0 0 0 0 0 0 0 0 0 0 0 0 0 0 0 0 0 0 0 0 0 0 0 0 0 0 0 0 0 0 0 0 0 0 0 0 0 0 0 0 0 0 0 0 0 0 0 0 0 0 0 0 0 0 0 0 0 0 0 0 0 0 0 0 0 0 0 0 0 0 0 0 0 0 0 0 0 0 0 0 0 0 0 0 0 0 0 0 0 0 2 0 0 113 167 0 0 1 0 0 0 0 0 0 0 0 0 0 0 2 0 0 0 0 0 15 0 2 0 0 0 64 0 0 0 255 255 255 255 2 0 7 0 0 0 0 0 data 8 0x70002 0x14ee 0x1a0104 0x0 0x62a43610 0x158 0x7eb554f0 0x301 oops 2 4 java/net/URL 6 sun/misc/URLClassPath$JarLoader
ciMethodData java/util/ArrayList ensureCapacityInternal (I)V 2 5905 orig 264 88 66 22 98 0 0 0 0 160 249 30 97 0 0 0 0 144 1 0 0 32 0 0 0 0 0 0 0 0 0 0 0 0 0 0 0 0 0 0 0 0 0 0 0 0 0 0 0 0 0 0 0 0 0 0 0 0 0 0 0 0 0 0 0 0 0 0 0 0 0 0 0 0 0 0 0 0 0 0 0 77 68 79 32 101 120 116 114 97 32 100 97 116 97 32 108 111 99 107 0 0 0 0 0 0 0 0 0 0 0 0 0 0 0 0 0 0 0 0 0 0 0 0 0 0 0 0 0 0 0 0 0 0 0 0 0 0 0 0 0 0 0 0 0 0 0 0 0 0 0 0 0 0 0 0 0 0 0 0 0 0 0 0 0 0 0 0 0 0 0 0 0 0 0 0 0 0 0 0 0 0 0 0 0 0 0 0 0 0 0 0 0 0 0 0 0 0 0 0 0 0 0 0 0 0 0 0 0 0 0 0 0 0 0 0 0 0 2 0 0 137 168 0 0 1 0 0 0 0 0 0 0 0 0 0 0 2 0 0 0 0 0 14 0 2 0 0 0 64 0 0 0 255 255 255 255 7 0 7 0 0 0 0 0 data 8 0x70007 0x139a 0x30 0x177 0xd0002 0x177 0x130002 0x1511 oops 0
ciMethodData java/util/ArrayList ensureExplicitCapacity (I)V 2 5905 orig 264 88 66 22 98 0 0 0 0 80 250 30 97 0 0 0 0 88 1 0 0 0 0 0 0 0 0 0 0 0 0 0 0 0 0 0 0 0 0 0 0 0 0 0 0 0 0 0 0 0 0 0 0 0 0 0 0 0 0 0 0 0 0 0 0 0 0 0 0 0 0 0 0 0 0 0 0 0 0 0 0 77 68 79 32 101 120 116 114 97 32 100 97 116 97 32 108 111 99 107 0 0 0 0 0 0 0 0 0 0 0 0 0 0 0 0 0 0 0 0 0 0 0 0 0 0 0 0 0 0 0 0 0 0 0 0 0 0 0 0 0 0 0 0 0 0 0 0 0 0 0 0 0 0 0 0 0 0 0 0 0 0 0 0 0 0 0 0 0 0 0 0 0 0 0 0 0 0 0 0 0 0 0 0 0 0 0 0 0 0 0 0 0 0 0 0 0 0 0 0 0 0 0 0 0 0 0 0 0 0 0 0 0 0 0 0 0 0 2 0 0 137 168 0 0 1 0 0 0 0 0 0 0 0 0 0 0 2 0 0 0 0 0 6 0 2 0 0 0 48 0 0 0 255 255 255 255 7 0 17 0 0 0 0 0 data 6 0x110007 0x131a 0x30 0x1f7 0x160002 0x1f7 oops 0
ciMethodData java/util/HashMap resize ()[Ljava/util/HashMap$Node; 2 16865 orig 264 88 66 22 98 0 0 0 0 224 157 32 97 0 0 0 0 56 6 0 0 176 1 0 0 0 0 0 0 0 0 0 0 0 0 0 0 0 0 0 0 0 0 0 0 0 0 0 0 0 0 0 0 0 0 0 0 0 0 0 0 0 0 0 0 0 0 0 0 0 0 0 0 0 0 0 0 0 0 0 0 77 68 79 32 101 120 116 114 97 32 100 97 116 97 32 108 111 99 107 0 0 0 0 0 0 0 0 0 0 0 0 0 0 0 0 0 0 0 0 0 0 0 0 0 0 0 0 0 0 0 0 0 0 0 0 0 0 0 0 0 0 0 0 0 0 0 0 0 0 0 0 0 0 0 0 0 0 0 0 0 0 0 0 0 0 0 0 0 0 0 0 0 0 0 0 0 0 0 0 0 0 0 0 0 0 0 0 0 0 0 0 0 0 0 0 0 0 0 0 0 0 0 0 0 0 0 0 0 0 0 0 0 0 0 0 0 183 3 0 0 209 33 0 0 81 241 1 0 0 0 0 0 0 0 0 0 2 0 0 0 2 0 56 0 2 0 0 0 240 4 0 0 255 255 255 255 7 0 6 0 0 0 0 0 data 158 0x60007 0xa4 0x38 0x396 0xa0003 0x396 0x18 0x190007 0x396 0x98 0xa4 0x1f0007 0xa4 0x20 0x0 0x320007 0x0 0x90 0xa4 0x380007 0x1 0x70 0xa3 0x400003 0xa3 0x50 0x440007 0x2aa 0x38 0xec 0x4a0003 0xec 0x18 0x570007 0x34d 0x78 0xed 0x680007 0x0 0x58 0xed 0x700007 0x0 0x38 0xed 0x760003 0xed 0x18 0x880004 0x0 0x62a62d50 0x92 0x0 0x0 0x940007 0x396 0x340 0xa4 0x9d0007 0xa4 0x320 0x2cc2 0xa70007 0x14e8 0x2e8 0x17da 0xae0104 0x0 0x0 0x0 0x0 0x0 0xb40007 0x7eb 0x68 0xfef 0xc50004 0x0 0x7ee160b0 0xfef 0x0 0x0 0xc60003 0xfef 0x248 0xcb0004 0xfffffffffffff815 0x7ee160b0 0xde 0x0 0x0 0xce0007 0x7eb 0x98 0x0 0xd30004 0x0 0x0 0x0 0x0 0x0 0xdc0005 0x0 0x0 0x0 0x0 0x0 0xdf0003 0x0 0x180 0xfc0007 0x915 0x70 0x931 0x1010007 0x2f4 0x38 0x63d 0x1080003 0x63d 0x18 0x1160003 0x931 0x50 0x11b0007 0x2ec 0x38 0x629 0x1220003 0x629 0x18 0x1350007 0xa5b 0xffffffffffffff58 0x7eb 0x13a0007 0x1ae 0x50 0x63d 0x1490004 0x0 0x7ee160b0 0x63d 0x0 0x0 0x14c0007 0x1c2 0x50 0x629 0x15d0004 0x0 0x7ee160b0 0x629 0x0 0x0 0x1610003 0x2cc2 0xfffffffffffffcf8 oops 5 50 [Ljava/util/HashMap$Node; 78 java/util/HashMap$Node 87 java/util/HashMap$Node 141 java/util/HashMap$Node 151 java/util/HashMap$Node
ciMethodData java/lang/StringBuilder append (I)Ljava/lang/StringBuilder; 1 406 orig 264 88 66 22 98 0 0 0 0 200 136 25 97 0 0 0 0 56 1 0 0 0 0 0 0 0 0 0 0 0 0 0 0 0 0 0 0 0 0 0 0 0 0 0 0 0 0 0 0 0 0 0 0 0 0 0 0 0 0 0 0 0 0 0 0 0 0 0 0 0 0 0 0 0 0 0 0 0 0 0 0 77 68 79 32 101 120 116 114 97 32 100 97 116 97 32 108 111 99 107 0 0 0 0 0 0 0 0 0 0 0 0 0 0 0 0 0 0 0 0 0 0 0 0 0 0 0 0 0 0 0 0 0 0 0 0 0 0 0 0 0 0 0 0 0 0 0 0 0 0 0 0 0 0 0 0 0 0 0 0 0 0 0 0 0 0 0 0 0 0 0 0 0 0 0 0 0 0 0 0 0 0 0 0 0 19 0 0 0 0 0 0 0 0 0 0 0 0 0 0 0 0 0 0 0 0 0 0 0 1 0 0 0 0 0 0 0 0 0 0 0 177 12 0 0 1 0 0 0 0 0 0 0 0 0 0 0 2 0 0 0 0 0 3 0 2 0 0 0 16 0 0 0 255 255 255 255 2 0 2 0 0 0 0 0 data 2 0x20002 0x196 oops 0
ciMethodData java/lang/AbstractStringBuilder append (I)Ljava/lang/AbstractStringBuilder; 1 411 orig 264 88 66 22 98 0 0 0 0 176 88 25 97 0 0 0 0 24 2 0 0 152 0 0 0 0 0 0 0 0 0 0 0 0 0 0 0 0 0 0 0 0 0 0 0 0 0 0 0 0 0 0 0 0 0 0 0 0 0 0 0 0 0 0 0 0 0 0 0 0 0 0 0 0 0 0 0 0 0 0 0 77 68 79 32 101 120 116 114 97 32 100 97 116 97 32 108 111 99 107 0 0 0 0 0 0 0 0 0 0 0 0 0 0 0 0 0 0 0 0 0 0 0 0 0 0 0 0 0 0 0 0 0 0 0 0 0 0 0 0 0 0 0 0 0 0 0 0 0 0 0 0 0 0 0 0 0 0 0 0 0 0 0 0 0 0 0 0 0 0 0 0 0 0 0 0 0 0 0 0 0 0 0 0 0 19 0 0 0 0 0 0 0 0 0 0 0 0 0 0 0 0 0 0 0 0 0 0 0 1 0 0 0 0 0 0 0 0 0 0 0 217 12 0 0 1 0 0 0 0 0 0 0 0 0 0 0 2 0 0 0 2 0 24 0 2 0 0 0 200 0 0 0 255 255 255 255 7 0 3 0 0 0 0 0 data 25 0x30007 0x19b 0x50 0x0 0x90005 0x0 0x0 0x0 0x0 0x0 0x100007 0x19b 0x48 0x0 0x150002 0x0 0x1a0003 0x0 0x28 0x1e0002 0x19b 0x2b0002 0x19b 0x340002 0x19b oops 0
ciMethod sun/net/util/URLUtil urlNoFragString (Ljava/net/URL;)Ljava/lang/String; 129 1 913 0 0
ciMethod sun/misc/URLClassPath$3 <init> (Lsun/misc/URLClassPath;Ljava/net/URL;)V 129 1 852 0 0
ciMethod sun/misc/URLClassPath$JarLoader ensureOpen ()V 321 1 5421 9 256
ciMethod sun/misc/URLClassPath$JarLoader getClassPath ()[Ljava/net/URL; 2049 1 769 0 0
ciMethod sun/misc/URLClassPath$JarLoader parseExtensionsDependencies ()V 1897 1 744 0 0
ciMethod sun/misc/URLClassPath$JarLoader parseClassPath (Ljava/net/URL;Ljava/lang/String;)[Ljava/net/URL; 137 529 31 0 0
ciMethod sun/misc/URLClassPath$Loader getClassPath ()[Ljava/net/URL; 0 0 1 0 -1
ciMethod sun/misc/URLClassPath$JarLoader$1 <init> (Lsun/misc/URLClassPath$JarLoader;)V 529 1 834 0 -1
ciMethod java/security/PrivilegedActionException getException ()Ljava/lang/Exception; 81 1 10 0 0
ciMethod java/util/jar/JarFile getManifest ()Ljava/util/jar/Manifest; 609 1 620 0 -1
ciMethod sun/misc/JavaUtilJarAccess jarFileHasClassPathAttribute (Ljava/util/jar/JarFile;)Z 0 0 1 0 -1
ciMethod sun/misc/ExtensionDependency <init> ()V 0 0 1 0 0
ciMethod sun/misc/ExtensionDependency checkExtensionsDependencies (Ljava/util/jar/JarFile;)Z 1897 1 744 0 0
ciMethod sun/misc/ExtensionDependency checkExtensions (Ljava/util/jar/JarFile;)Z 0 0 1 0 0
ciMethod java/util/jar/Attributes get (Ljava/lang/Object;)Ljava/lang/Object; 1185 1 1262 0 0
ciMethod java/util/jar/Attributes getValue (Ljava/util/jar/Attributes$Name;)Ljava/lang/String; 1185 1 1262 0 0
ciMethod java/util/jar/Attributes$Name equals (Ljava/lang/Object;)Z 441 1 55 0 0
ciMethod java/util/jar/Attributes$Name hashCode ()I 3081 1 1827 0 0
ciMethodData java/util/ArrayList get (I)Ljava/lang/Object; 2 8049 orig 264 88 66 22 98 0 0 0 0 208 2 31 97 0 0 0 0 144 1 0 0 0 0 0 0 0 0 0 0 0 0 0 0 0 0 0 0 0 0 0 0 0 0 0 0 0 0 0 0 0 0 0 0 0 0 0 0 0 0 0 0 0 0 0 0 0 0 0 0 0 0 0 0 0 0 0 0 0 0 0 0 77 68 79 32 101 120 116 114 97 32 100 97 116 97 32 108 111 99 107 0 0 0 0 0 0 0 0 0 0 0 0 0 0 0 0 0 0 0 0 0 0 0 0 0 0 0 0 0 0 0 0 0 0 0 0 0 0 0 0 0 0 0 0 0 0 0 0 0 0 0 0 0 0 0 0 0 0 0 0 0 0 0 0 0 0 0 0 0 0 0 0 0 0 0 0 0 0 0 0 0 0 0 0 0 0 0 0 0 0 0 0 0 0 0 0 0 0 0 0 0 0 0 0 0 0 0 0 0 0 0 0 0 0 0 0 0 239 0 0 0 17 244 0 0 1 0 0 0 0 0 0 0 0 0 0 0 2 0 0 0 0 0 0 0 0 0 0 0 64 0 0 0 255 255 255 255 2 0 2 0 0 0 0 0 data 8 0x20002 0x1e82 0x70005 0x0 0x7eb552e0 0x1e82 0x0 0x0 oops 1 4 java/util/ArrayList
ciMethodData java/util/ArrayList rangeCheck (I)V 2 8049 orig 264 88 66 22 98 0 0 0 0 176 11 31 97 0 0 0 0 104 1 0 0 0 0 0 0 0 0 0 0 0 0 0 0 0 0 0 0 0 0 0 0 0 0 0 0 0 0 0 0 0 0 0 0 0 0 0 0 0 0 0 0 0 0 0 0 0 0 0 0 0 0 0 0 0 0 0 0 0 0 0 0 77 68 79 32 101 120 116 114 97 32 100 97 116 97 32 108 111 99 107 0 0 0 0 0 0 0 0 0 0 0 0 0 0 0 0 0 0 0 0 0 0 0 0 0 0 0 0 0 0 0 0 0 0 0 0 0 0 0 0 0 0 0 0 0 0 0 0 0 0 0 0 0 0 0 0 0 0 0 0 0 0 0 0 0 0 0 0 0 0 0 0 0 0 0 0 0 0 0 0 0 0 0 0 0 0 0 0 0 0 0 0 0 0 0 0 0 0 0 0 0 0 0 0 0 0 0 0 0 0 0 0 0 0 0 0 0 239 0 0 0 17 244 0 0 1 0 0 0 0 0 0 0 0 0 0 0 2 0 0 0 0 0 0 0 0 0 0 0 64 0 0 0 255 255 255 255 7 0 5 0 0 0 0 0 data 8 0x50007 0x1e82 0x40 0x0 0xe0002 0x0 0x110002 0x0 oops 0
ciMethodData java/util/ArrayList elementData (I)Ljava/lang/Object; 2 8049 orig 264 88 66 22 98 0 0 0 0 48 2 31 97 0 0 0 0 40 1 0 0 0 0 0 0 0 0 0 0 0 0 0 0 0 0 0 0 0 0 0 0 0 0 0 0 0 0 0 0 0 0 0 0 0 0 0 0 0 0 0 0 0 0 0 0 0 0 0 0 0 0 0 0 0 0 0 0 0 0 0 0 77 68 79 32 101 120 116 114 97 32 100 97 116 97 32 108 111 99 107 0 0 0 0 0 0 0 0 0 0 0 0 0 0 0 0 0 0 0 0 0 0 0 0 0 0 0 0 0 0 0 0 0 0 0 0 0 0 0 0 0 0 0 0 0 0 0 0 0 0 0 0 0 0 0 0 0 0 0 0 0 0 0 0 0 0 0 0 0 0 0 0 0 0 0 0 0 0 0 0 0 0 0 0 0 0 0 0 0 0 0 0 0 0 0 0 0 0 0 0 0 0 0 0 0 0 0 0 0 0 0 0 0 0 0 0 0 239 0 0 0 17 244 0 0 1 0 0 0 0 0 0 0 0 0 0 0 2 0 0 0 0 0 0 0 0 0 0 0 0 0 0 0 255 255 255 255 0 0 0 0 0 0 0 0 data 0 oops 0
ciMethodData sun/misc/URLClassPath getLoader (I)Lsun/misc/URLClassPath$Loader; 2 8131 orig 264 88 66 22 98 0 0 0 0 240 104 48 97 0 0 0 0 16 7 0 0 48 5 0 0 0 0 0 0 0 0 0 0 0 0 0 0 0 0 0 0 0 0 0 0 0 0 0 0 0 0 0 0 0 0 0 0 0 0 0 0 0 0 0 0 0 0 0 0 0 0 0 0 0 0 0 0 0 0 0 0 77 68 79 32 101 120 116 114 97 32 100 97 116 97 32 108 111 99 107 0 0 0 0 0 0 0 0 0 0 0 0 0 0 0 0 0 0 0 0 0 0 0 0 0 0 0 0 0 0 0 0 0 0 0 0 0 0 0 0 0 0 0 0 0 1 0 0 0 0 0 0 0 0 0 0 0 0 0 0 0 0 0 0 0 0 0 0 0 0 0 0 0 0 0 0 0 0 0 0 0 0 0 0 0 0 0 0 0 0 0 0 0 0 0 0 0 0 0 0 0 0 0 0 0 0 0 0 0 0 0 0 0 0 0 0 0 255 0 0 0 233 245 0 0 249 26 0 0 0 0 0 0 0 0 0 0 2 0 0 0 1 0 59 0 2 0 0 0 192 5 0 0 255 255 255 255 7 0 4 0 0 0 0 0 data 184 0x40007 0x1ebd 0x20 0x0 0xd0005 0x0 0x7eb552e0 0x221c 0x0 0x0 0x130007 0x1e6c 0x420 0x3b0 0x210005 0x0 0x7eb55390 0x3b0 0x0 0x0 0x240007 0x35f 0x20 0x51 0x2f0005 0x0 0x7eb55390 0x35f 0x0 0x0 0x320004 0x0 0x62a43610 0x35f 0x0 0x0 0x380003 0x35f 0x18 0x430002 0x35f 0x4c0005 0x0 0x7eb55440 0x35f 0x0 0x0 0x4f0007 0x344 0x38 0x1b 0x520003 0x1b 0xfffffffffffffe88 0x570002 0x344 0x5e0005 0x0 0x7eb554f0 0x2f2 0x0 0x0 0x650007 0x2d3 0x30 0x1f 0x6b0002 0x1f 0x6e0003 0x2f2 0x198 0x730003 0x52 0xfffffffffffffde8 0x7b0007 0x0 0x150 0x0 0x850002 0x0 0x8a0005 0x0 0x0 0x0 0x0 0x0 0x8e0005 0x0 0x0 0x0 0x0 0x0 0x930005 0x0 0x0 0x0 0x0 0x0 0x980005 0x0 0x0 0x0 0x0 0x0 0x9b0005 0x0 0x0 0x0 0x0 0x0 0x9e0005 0x0 0x0 0x0 0x0 0x0 0xa10003 0x0 0xfffffffffffffc80 0xa90005 0x0 0x7eb552e0 0x2f2 0x0 0x0 0xad0002 0x2f2 0xb60005 0x0 0x7eb552e0 0x2f2 0x0 0x0 0xc10005 0x0 0x7eb55440 0x2f2 0x0 0x0 0xc50003 0x2f2 0xfffffffffffffbc8 0xcb0007 0x1e6c 0xf0 0x0 0xd50002 0x0 0xda0005 0x0 0x0 0x0 0x0 0x0 0xde0005 0x0 0x0 0x0 0x0 0x0 0xe10005 0x0 0x0 0x0 0x0 0x0 0xe40005 0x0 0x0 0x0 0x0 0x0 0xec0005 0x0 0x7eb552e0 0x1e6c 0x0 0x0 0xef0004 0x0 0x7eb554f0 0x1e6c 0x0 0x0 oops 11 6 java/util/ArrayList 16 java/util/Stack 26 java/util/Stack 32 java/net/URL 43 java/util/HashMap 58 sun/misc/URLClassPath$JarLoader 121 java/util/ArrayList 129 java/util/ArrayList 135 java/util/HashMap 174 java/util/ArrayList 180 sun/misc/URLClassPath$JarLoader
ciMethodData sun/misc/URLClassPath$JarLoader ensureOpen ()V 2 5421 orig 264 88 66 22 98 0 0 0 0 168 85 52 97 0 0 0 0 0 2 0 0 64 0 0 0 0 0 0 0 0 0 0 0 0 0 0 0 0 0 0 0 0 0 0 0 0 0 0 0 0 0 0 0 0 0 0 0 0 0 0 0 0 0 0 0 0 0 0 0 0 0 0 0 0 0 0 0 0 0 0 0 77 68 79 32 101 120 116 114 97 32 100 97 116 97 32 108 111 99 107 0 0 0 0 0 0 0 0 0 0 0 0 0 0 0 0 0 0 0 0 0 0 0 0 0 0 0 0 0 0 0 0 0 0 0 0 0 0 0 0 0 0 0 0 0 0 0 0 0 0 0 0 0 0 0 0 0 0 0 0 0 0 0 0 0 0 0 0 0 0 0 0 0 0 0 0 0 0 0 0 0 0 0 0 0 25 0 0 0 0 0 0 0 0 0 0 0 0 0 0 0 0 0 0 0 0 0 0 0 0 0 0 0 0 0 0 0 40 0 0 0 41 168 0 0 1 0 0 0 0 0 0 0 0 0 0 0 2 0 0 0 0 0 8 0 2 0 0 0 184 0 0 0 255 255 255 255 7 0 4 0 0 0 0 0 data 23 0x40007 0x11c7 0xb8 0x33e 0xc0002 0x33e 0x130002 0x33e 0x170003 0x2ec 0x78 0x1c0005 0x0 0x7e888ec0 0x52 0x0 0x0 0x1f0004 0x0 0x7e889cf0 0x52 0x0 0x0 oops 2 13 java/security/PrivilegedActionException 19 java/io/FileNotFoundException
ciMethodData java/util/Stack empty ()Z 1 977 orig 264 88 66 22 98 0 0 0 0 8 155 30 97 0 0 0 0 176 1 0 0 0 0 0 0 0 0 0 0 0 0 0 0 0 0 0 0 0 0 0 0 0 0 0 0 0 0 0 0 0 0 0 0 0 0 0 0 0 0 0 0 0 0 0 0 0 0 0 0 0 0 0 0 0 0 0 0 0 0 0 0 77 68 79 32 101 120 116 114 97 32 100 97 116 97 32 108 111 99 107 0 0 0 0 0 0 0 0 0 0 0 0 0 0 0 0 0 0 0 0 0 0 0 0 0 0 0 0 0 0 0 0 0 0 0 0 0 0 0 0 0 0 0 0 0 0 0 0 0 0 0 0 0 0 0 0 0 0 0 0 0 0 0 0 0 0 0 0 0 0 0 0 0 0 0 0 0 0 0 0 0 0 0 0 0 0 0 0 0 0 0 0 0 0 0 0 0 0 0 0 0 0 0 0 0 0 0 0 0 0 0 0 0 0 0 0 0 42 0 0 0 57 29 0 0 1 0 0 0 0 0 0 0 0 0 0 0 2 0 0 0 0 0 0 0 0 0 0 0 104 0 0 0 255 255 255 255 5 0 1 0 0 0 0 0 data 13 0x10005 0x0 0x7eb55390 0x3a7 0x0 0x0 0x40007 0x35f 0x38 0x48 0x80003 0x48 0x18 oops 1 2 java/util/Stack
ciMethodData java/util/Stack pop ()Ljava/lang/Object; 1 893 orig 264 88 66 22 98 0 0 0 0 184 153 30 97 0 0 0 0 216 1 0 0 0 0 0 0 0 0 0 0 0 0 0 0 0 0 0 0 0 0 0 0 0 0 0 0 0 0 0 0 0 0 0 0 0 0 0 0 0 0 0 0 0 0 0 0 0 0 0 0 0 0 0 0 0 0 0 0 0 0 0 0 77 68 79 32 101 120 116 114 97 32 100 97 116 97 32 108 111 99 107 0 0 0 0 0 0 0 0 0 0 0 0 0 0 0 0 0 0 0 0 0 0 0 0 0 0 0 0 0 0 0 0 0 0 0 0 0 0 0 0 0 0 0 0 0 0 0 0 0 0 0 0 0 0 0 0 0 0 0 0 0 0 0 0 0 0 0 0 0 0 0 0 0 0 0 0 0 0 0 0 0 0 0 0 0 0 0 0 0 0 0 0 0 0 0 0 0 0 0 0 0 0 0 0 0 0 0 0 0 0 0 0 0 0 0 0 0 17 0 0 0 97 27 0 0 1 0 0 0 0 0 0 0 0 0 0 0 2 0 0 0 0 0 0 0 0 0 0 0 144 0 0 0 255 255 255 255 5 0 1 0 0 0 0 0 data 18 0x10005 0x0 0x7eb55390 0x36c 0x0 0x0 0x60005 0x0 0x7eb55390 0x36c 0x0 0x0 0xe0005 0x0 0x7eb55390 0x36c 0x0 0x0 oops 3 2 java/util/Stack 8 java/util/Stack 14 java/util/Stack
ciMethodData java/util/Stack peek ()Ljava/lang/Object; 1 926 orig 264 88 66 22 98 0 0 0 0 104 154 30 97 0 0 0 0 216 1 0 0 80 0 0 0 0 0 0 0 0 0 0 0 0 0 0 0 0 0 0 0 0 0 0 0 0 0 0 0 0 0 0 0 0 0 0 0 0 0 0 0 0 0 0 0 0 0 0 0 0 0 0 0 0 0 0 0 0 0 0 0 77 68 79 32 101 120 116 114 97 32 100 97 116 97 32 108 111 99 107 0 0 0 0 0 0 0 0 0 0 0 0 0 0 0 0 0 0 0 0 0 0 0 0 0 0 0 0 0 0 0 0 0 0 0 0 0 0 0 0 0 0 0 0 0 0 0 0 0 0 0 0 0 0 0 0 0 0 0 0 0 0 0 0 0 0 0 0 0 0 0 0 0 0 0 0 0 0 0 0 0 0 0 0 0 0 0 0 0 0 0 0 0 0 0 0 0 0 0 0 0 0 0 0 0 0 0 0 0 0 0 0 0 0 0 0 0 18 0 0 0 97 28 0 0 1 0 0 0 0 0 0 0 0 0 0 0 2 0 0 0 0 0 6 0 2 0 0 0 144 0 0 0 255 255 255 255 5 0 1 0 0 0 0 0 data 18 0x10005 0x0 0x7eb55390 0x38c 0x0 0x0 0x60007 0x38c 0x30 0x0 0xd0002 0x0 0x150005 0x0 0x7eb55390 0x38c 0x0 0x0 oops 2 2 java/util/Stack 14 java/util/Stack
ciMethodData java/util/Vector elementAt (I)Ljava/lang/Object; 2 1646 orig 264 88 66 22 98 0 0 0 0 112 59 30 97 0 0 0 0 128 2 0 0 240 0 0 0 0 0 0 0 0 0 0 0 0 0 0 0 0 0 0 0 0 0 0 0 0 0 0 0 0 0 0 0 0 0 0 0 0 0 0 0 0 0 0 0 0 0 0 0 0 0 0 0 0 0 0 0 0 0 0 0 77 68 79 32 101 120 116 114 97 32 100 97 116 97 32 108 111 99 107 0 0 0 0 0 0 0 0 0 0 0 0 0 0 0 0 0 0 0 0 0 0 0 0 0 0 0 0 0 0 0 0 0 0 0 0 0 0 0 0 0 0 0 0 0 0 0 0 0 0 0 0 0 0 0 0 0 0 0 0 0 0 0 0 0 0 0 0 0 0 0 0 0 0 0 0 0 0 0 0 0 0 0 0 0 0 0 0 0 0 0 0 0 0 0 0 0 0 0 0 0 0 0 0 0 0 0 0 0 0 0 0 0 0 0 0 0 38 0 0 0 65 50 0 0 1 0 0 0 0 0 0 0 0 0 0 0 2 0 0 0 0 0 5 0 2 0 0 0 48 1 0 0 255 255 255 255 7 0 5 0 0 0 0 0 data 38 0x50007 0x648 0x100 0x0 0x100002 0x0 0x140005 0x0 0x0 0x0 0x0 0x0 0x190005 0x0 0x0 0x0 0x0 0x0 0x200005 0x0 0x0 0x0 0x0 0x0 0x230005 0x0 0x0 0x0 0x0 0x0 0x260002 0x0 0x2c0005 0x0 0x7eb55390 0x39a 0x94d030c0 0x2ae oops 2 34 java/util/Stack 36 java/util/Vector
ciMethodData java/util/Vector removeElementAt (I)V 1 902 orig 264 88 66 22 98 0 0 0 0 160 62 30 97 0 0 0 0 224 2 0 0 80 1 0 0 0 0 0 0 0 0 0 0 0 0 0 0 0 0 0 0 0 0 0 0 0 0 0 0 0 0 0 0 0 0 0 0 0 0 0 0 0 0 0 0 0 0 0 0 0 0 0 0 0 0 0 0 0 0 0 0 77 68 79 32 101 120 116 114 97 32 100 97 116 97 32 108 111 99 107 0 0 0 0 0 0 0 0 0 0 0 0 0 0 0 0 0 0 0 0 0 0 0 0 0 0 0 0 0 0 0 0 0 0 0 0 0 0 0 0 0 0 0 0 0 0 0 0 0 0 0 0 0 0 0 0 0 0 0 0 0 0 0 0 0 0 0 0 0 0 0 0 0 0 0 0 0 0 0 0 0 0 0 0 0 25 0 0 0 0 0 0 0 0 0 0 0 0 0 0 0 1 0 0 0 0 0 0 0 0 0 0 0 0 0 0 0 17 0 0 0 169 27 0 0 1 0 0 0 0 0 0 0 0 0 0 0 2 0 0 0 0 0 10 0 2 0 0 0 144 1 0 0 255 255 255 255 7 0 15 0 0 0 0 0 data 50 0xf0007 0x375 0x100 0x0 0x1a0002 0x0 0x1e0005 0x0 0x0 0x0 0x0 0x0 0x230005 0x0 0x0 0x0 0x0 0x0 0x2a0005 0x0 0x0 0x0 0x0 0x0 0x2d0005 0x0 0x0 0x0 0x0 0x0 0x300002 0x0 0x350007 0x375 0x30 0x0 0x3d0002 0x0 0x4b0007 0x375 0x30 0x0 0x5b0002 0x0 0x710104 0x0 0x0 0x0 0x0 0x0 oops 0
ciMethodData sun/net/util/URLUtil urlNoFragString (Ljava/net/URL;)Ljava/lang/String; 1 913 orig 264 88 66 22 98 0 0 0 0 232 48 52 97 0 0 0 0 152 4 0 0 240 2 0 0 0 0 0 0 0 0 0 0 0 0 0 0 0 0 0 0 0 0 0 0 0 0 0 0 0 0 0 0 0 0 0 0 0 0 0 0 0 0 0 0 0 0 0 0 0 0 0 0 0 0 0 0 0 0 0 0 77 68 79 32 101 120 116 114 97 32 100 97 116 97 32 108 111 99 107 0 0 0 0 0 0 0 0 0 0 0 0 0 0 0 0 0 0 0 0 0 0 0 0 0 0 0 0 0 0 0 0 0 0 0 0 0 0 0 0 0 0 0 0 0 0 0 0 0 0 0 0 0 0 0 0 0 0 0 0 0 0 0 0 0 0 0 0 0 0 0 0 0 0 0 0 0 0 0 0 0 0 0 0 0 25 0 0 0 0 0 0 0 0 0 0 0 0 0 0 0 1 0 0 0 0 0 0 0 0 0 0 0 0 0 0 0 16 0 0 0 9 28 0 0 1 0 0 0 0 0 0 0 0 0 0 0 2 0 0 0 0 0 17 0 2 0 0 0 80 3 0 0 255 255 255 255 2 0 4 0 0 0 0 0 data 106 0x40002 0x381 0x90005 0x101 0x62a43610 0x280 0x0 0x0 0xe0007 0x0 0xb0 0x381 0x120005 0x101 0x498e28e0 0x280 0x0 0x0 0x180005 0x101 0x62a43290 0x280 0x0 0x0 0x1f0005 0x101 0x62a43290 0x280 0x0 0x0 0x240005 0x101 0x62a43610 0x280 0x0 0x0 0x290007 0x0 0x180 0x381 0x2d0005 0x101 0x498e28e0 0x280 0x0 0x0 0x330005 0x101 0x62a43290 0x280 0x0 0x0 0x380005 0x101 0x62a43610 0x280 0x0 0x0 0x400007 0x0 0x50 0x381 0x440005 0x101 0x62a43610 0x280 0x0 0x0 0x4c0007 0x381 0x80 0x0 0x520005 0x0 0x0 0x0 0x0 0x0 0x570005 0x0 0x0 0x0 0x0 0x0 0x5c0005 0x101 0x62a43610 0x280 0x0 0x0 0x630007 0x0 0x50 0x381 0x690005 0x101 0x62a43290 0x280 0x0 0x0 0x6e0005 0x101 0x62a43290 0x280 0x0 0x0 oops 12 4 java/net/URL 14 java/lang/String 20 java/lang/StringBuilder 26 java/lang/StringBuilder 32 java/net/URL 42 java/lang/String 48 java/lang/StringBuilder 54 java/net/URL 64 java/net/URL 86 java/net/URL 96 java/lang/StringBuilder 102 java/lang/StringBuilder
ciMethodData sun/misc/URLClassPath getLoader (Ljava/net/URL;)Lsun/misc/URLClassPath$Loader; 1 852 orig 264 88 66 22 98 0 0 0 0 176 105 48 97 0 0 0 0 0 2 0 0 0 0 0 0 0 0 0 0 0 0 0 0 0 0 0 0 0 0 0 0 0 0 0 0 0 0 0 0 0 0 0 0 0 0 0 0 0 0 0 0 0 0 0 0 0 0 0 0 0 0 0 0 0 0 0 0 0 0 0 0 77 68 79 32 101 120 116 114 97 32 100 97 116 97 32 108 111 99 107 0 0 0 0 0 0 0 0 0 0 0 0 0 0 0 0 0 0 0 0 0 0 0 0 0 0 0 0 0 0 0 0 0 0 0 0 0 0 0 0 0 0 0 0 0 0 0 0 0 0 0 0 0 0 0 0 0 0 0 0 0 0 0 0 0 0 0 0 0 0 0 0 0 0 0 0 0 0 0 0 0 0 0 0 0 0 0 0 0 0 0 0 0 0 0 0 0 0 0 0 0 0 0 0 0 0 0 0 0 0 0 0 0 0 0 0 0 16 0 0 0 33 26 0 0 1 0 0 0 0 0 0 0 0 0 0 0 2 0 0 0 0 0 0 0 0 0 0 0 176 0 0 0 255 255 255 255 2 0 6 0 0 0 0 0 data 22 0x60002 0x344 0xd0002 0x344 0x100004 0x0 0x7eb554f0 0x2f2 0x0 0x0 0x160005 0x0 0x7e888ec0 0x52 0x0 0x0 0x190004 0x0 0x7e889cf0 0x52 0x0 0x0 oops 3 6 sun/misc/URLClassPath$JarLoader 12 java/security/PrivilegedActionException 18 java/io/FileNotFoundException
ciMethodData sun/misc/URLClassPath$3 <init> (Lsun/misc/URLClassPath;Ljava/net/URL;)V 1 852 orig 264 88 66 22 98 0 0 0 0 136 59 52 97 0 0 0 0 64 1 0 0 0 0 0 0 0 0 0 0 0 0 0 0 0 0 0 0 0 0 0 0 0 0 0 0 0 0 0 0 0 0 0 0 0 0 0 0 0 0 0 0 0 0 0 0 0 0 0 0 0 0 0 0 0 0 0 0 0 0 0 0 77 68 79 32 101 120 116 114 97 32 100 97 116 97 32 108 111 99 107 0 0 0 0 0 0 0 0 0 0 0 0 0 0 0 0 0 0 0 0 0 0 0 0 0 0 0 0 0 0 0 0 0 0 0 0 0 0 0 0 0 0 0 0 0 0 0 0 0 0 0 0 0 0 0 0 0 0 0 0 0 0 0 0 0 0 0 0 0 0 0 0 0 0 0 0 0 0 0 0 0 0 0 0 0 0 0 0 0 0 0 0 0 0 0 0 0 0 0 0 0 0 0 0 0 0 0 0 0 0 0 0 0 0 0 0 0 16 0 0 0 33 26 0 0 1 0 0 0 0 0 0 0 0 0 0 0 2 0 0 0 0 0 0 0 0 0 0 0 16 0 0 0 255 255 255 255 2 0 11 0 0 0 0 0 data 2 0xb0002 0x344 oops 0
ciMethodData sun/misc/URLClassPath push ([Ljava/net/URL;)V 1 894 orig 264 88 66 22 98 0 0 0 0 136 106 48 97 0 0 0 0 208 1 0 0 80 0 0 0 0 0 0 0 0 0 0 0 0 0 0 0 0 0 0 0 0 0 0 0 0 0 0 0 0 0 0 0 0 0 0 0 0 0 0 0 0 0 0 0 0 0 0 0 0 0 0 0 0 0 0 0 0 0 0 0 77 68 79 32 101 120 116 114 97 32 100 97 116 97 32 108 111 99 107 0 0 0 0 0 0 0 0 0 0 0 0 0 0 0 0 0 0 0 0 0 0 0 0 0 0 0 0 0 0 0 0 0 0 0 0 0 0 0 0 0 0 0 0 0 0 0 0 0 0 0 0 0 0 0 0 0 0 0 0 0 0 0 0 0 0 0 0 0 0 0 0 0 0 0 0 0 0 0 0 0 0 0 0 0 17 0 0 0 0 0 0 0 0 0 0 0 0 0 0 0 0 0 0 0 0 0 0 0 0 0 0 0 0 0 0 0 253 2 0 0 9 1 0 0 9 4 0 0 0 0 0 0 0 0 0 0 2 0 0 0 0 0 0 0 0 0 0 0 128 0 0 0 255 255 255 255 7 0 13 0 0 0 0 0 data 16 0xd0007 0x21 0x68 0x81 0x170005 0x0 0x7eb55390 0x81 0x0 0x0 0x1e0003 0x81 0xffffffffffffffb0 0x230003 0x21 0x18 oops 1 6 java/util/Stack
ciMethodData sun/misc/URLClassPath validateLookupCache (ILjava/lang/String;)V 1 769 orig 264 88 66 22 98 0 0 0 0 40 102 48 97 0 0 0 0 56 3 0 0 208 1 0 0 0 0 0 0 0 0 0 0 0 0 0 0 0 0 0 0 0 0 0 0 0 0 0 0 0 0 0 0 0 0 0 0 0 0 0 0 0 0 0 0 0 0 0 0 0 0 0 0 0 0 0 0 0 0 0 0 77 68 79 32 101 120 116 114 97 32 100 97 116 97 32 108 111 99 107 0 0 0 0 0 0 0 0 0 0 0 0 0 0 0 0 0 0 0 0 0 0 0 0 0 0 0 0 0 0 0 0 0 0 0 0 0 0 0 0 0 0 0 0 0 0 0 0 0 0 0 0 0 0 0 0 0 0 0 0 0 0 0 0 0 0 0 0 0 0 0 0 0 0 0 0 0 0 0 0 0 0 0 0 0 0 0 0 0 0 0 0 0 0 0 0 0 0 0 0 0 0 0 0 0 0 0 0 0 0 0 0 0 0 0 0 0 15 0 0 0 145 23 0 0 1 0 0 0 0 0 0 0 0 0 0 0 2 0 0 0 0 0 15 0 2 0 0 0 224 1 0 0 255 255 255 255 7 0 4 0 0 0 0 0 data 60 0x40007 0x2f2 0x1e0 0x0 0xa0007 0x0 0x1c0 0x0 0x130007 0x0 0x80 0x0 0x1d0002 0x0 0x200005 0x0 0x0 0x0 0x0 0x0 0x230007 0x0 0x20 0x0 0x2a0007 0x0 0x40 0x0 0x300007 0x0 0xf0 0x0 0x3a0002 0x0 0x3f0005 0x0 0x0 0x0 0x0 0x0 0x430005 0x0 0x0 0x0 0x0 0x0 0x460005 0x0 0x0 0x0 0x0 0x0 0x490005 0x0 0x0 0x0 0x0 0x0 0x4c0002 0x0 oops 0
ciMethodData java/util/ArrayList grow (I)V 1 521 orig 264 88 66 22 98 0 0 0 0 24 251 30 97 0 0 0 0 176 1 0 0 64 0 0 0 0 0 0 0 0 0 0 0 0 0 0 0 0 0 0 0 0 0 0 0 0 0 0 0 0 0 0 0 0 0 0 0 0 0 0 0 0 0 0 0 0 0 0 0 0 0 0 0 0 0 0 0 0 0 0 0 77 68 79 32 101 120 116 114 97 32 100 97 116 97 32 108 111 99 107 0 0 0 0 0 0 0 0 0 0 0 0 0 0 0 0 0 0 0 0 0 0 0 0 0 0 0 0 0 0 0 0 0 0 0 0 0 0 0 0 0 0 0 0 0 0 0 0 0 0 0 0 0 0 0 0 0 0 0 0 0 0 0 0 0 0 0 0 0 0 0 0 0 0 0 0 0 0 0 0 0 0 0 0 0 17 0 0 0 0 0 0 0 0 0 0 0 0 0 0 0 1 0 0 0 0 0 0 0 0 0 0 0 0 0 0 0 25 0 0 0 129 15 0 0 1 0 0 0 0 0 0 0 0 0 0 0 2 0 0 0 0 0 15 0 2 0 0 0 96 0 0 0 255 255 255 255 7 0 15 0 0 0 0 0 data 12 0xf0007 0x7d 0x20 0x173 0x180007 0x1f0 0x30 0x0 0x1c0002 0x0 0x260002 0x1f0 oops 0
ciMethodData java/util/HashMap get (Ljava/lang/Object;)Ljava/lang/Object; 2 5439 orig 264 88 66 22 98 0 0 0 0 96 151 32 97 0 0 0 0 200 1 0 0 0 0 0 0 0 0 0 0 0 0 0 0 0 0 0 0 0 0 0 0 0 0 0 0 0 0 0 0 0 0 0 0 0 0 0 0 0 0 0 0 0 0 0 0 0 0 0 0 0 0 0 0 0 0 0 0 0 0 0 0 77 68 79 32 101 120 116 114 97 32 100 97 116 97 32 108 111 99 107 0 0 0 0 0 0 0 0 0 0 0 0 0 0 0 0 0 0 0 0 0 0 0 0 0 0 0 0 0 0 0 0 0 0 0 0 0 0 0 0 0 0 0 0 0 0 0 0 0 0 0 0 0 0 0 0 0 0 0 0 0 0 0 0 0 0 0 0 0 0 0 0 0 0 0 0 0 0 0 0 0 0 0 0 0 0 0 0 0 0 0 0 0 0 0 0 0 0 0 0 0 0 0 0 0 0 0 0 0 0 0 0 0 0 0 0 0 12 1 0 0 153 161 0 0 1 0 0 0 0 0 0 0 0 0 0 0 2 0 0 0 0 0 10 0 2 0 0 0 120 0 0 0 255 255 255 255 2 0 2 0 0 0 0 0 data 15 0x20002 0x1433 0x60005 0x0 0x7eb55440 0x142d 0x65412a30 0x6 0xb0007 0x627 0x38 0xe0c 0xf0003 0xe0c 0x18 oops 2 4 java/util/HashMap 6 com/mathworks/services/message/MWMessage
ciMethod java/lang/ArrayIndexOutOfBoundsException <init> (Ljava/lang/String;)V 65 1 8 0 -1
ciMethodData java/util/HashMap newNode (ILjava/lang/Object;Ljava/lang/Object;Ljava/util/HashMap$Node;)Ljava/util/HashMap$Node; 2 5526 orig 264 88 66 22 98 0 0 0 0 64 183 32 97 0 0 0 0 80 1 0 0 0 0 0 0 0 0 0 0 0 0 0 0 0 0 0 0 0 0 0 0 0 0 0 0 0 0 0 0 0 0 0 0 0 0 0 0 0 0 0 0 0 0 0 0 0 0 0 0 0 0 0 0 0 0 0 0 0 0 0 0 77 68 79 32 101 120 116 114 97 32 100 97 116 97 32 108 111 99 107 0 0 0 0 0 0 0 0 0 0 0 0 0 0 0 0 0 0 0 0 0 0 0 0 0 0 0 0 0 0 0 0 0 0 0 0 0 0 0 0 0 0 0 0 0 0 0 0 0 0 0 0 0 0 0 0 0 0 0 0 0 0 0 0 0 0 0 0 0 0 0 0 0 0 0 0 0 0 0 0 0 0 0 0 0 0 0 0 0 0 0 0 0 0 0 0 0 0 0 0 0 0 0 0 0 0 0 0 0 0 0 0 0 0 0 0 0 135 1 0 0 121 160 0 0 1 0 0 0 0 0 0 0 0 0 0 0 2 0 0 0 0 0 3 0 2 0 0 0 16 0 0 0 255 255 255 255 2 0 9 0 0 0 0 0 data 2 0x90002 0x140f oops 0
ciMethodData java/util/HashMap afterNodeInsertion (Z)V 2 1415 orig 264 88 66 22 98 0 0 0 0 8 187 32 97 0 0 0 0 40 1 0 0 0 0 0 0 0 0 0 0 0 0 0 0 0 0 0 0 0 0 0 0 0 0 0 0 0 0 0 0 0 0 0 0 0 0 0 0 0 0 0 0 0 0 0 0 0 0 0 0 0 0 0 0 0 0 0 0 0 0 0 0 77 68 79 32 101 120 116 114 97 32 100 97 116 97 32 108 111 99 107 0 0 0 0 0 0 0 0 0 0 0 0 0 0 0 0 0 0 0 0 0 0 0 0 0 0 0 0 0 0 0 0 0 0 0 0 0 0 0 0 0 0 0 0 0 0 0 0 0 0 0 0 0 0 0 0 0 0 0 0 0 0 0 0 0 0 0 0 0 0 0 0 0 0 0 0 0 0 0 0 0 0 0 0 0 0 0 0 0 0 0 0 0 0 0 0 0 0 0 0 0 0 0 0 0 0 0 0 0 0 0 0 0 0 0 0 0 135 1 0 0 1 32 0 0 1 0 0 0 0 0 0 0 0 0 0 0 2 0 0 0 0 0 3 0 1 0 0 0 0 0 0 0 255 255 255 255 0 0 0 0 0 0 0 0 data 0 oops 0
ciMethodData java/net/URL getDefaultPort ()I 1 913 orig 264 88 66 22 98 0 0 0 0 88 195 26 97 0 0 0 0 120 1 0 0 0 0 0 0 0 0 0 0 0 0 0 0 0 0 0 0 0 0 0 0 0 0 0 0 0 0 0 0 0 0 0 0 0 0 0 0 0 0 0 0 0 0 0 0 0 0 0 0 0 0 0 0 0 0 0 0 0 0 0 0 77 68 79 32 101 120 116 114 97 32 100 97 116 97 32 108 111 99 107 0 0 0 0 0 0 0 0 0 0 0 0 0 0 0 0 0 0 0 0 0 0 0 0 0 0 0 0 0 0 0 0 0 0 0 0 0 0 0 0 0 0 0 0 0 0 0 0 0 0 0 0 0 0 0 0 0 0 0 0 0 0 0 0 0 0 0 0 0 0 0 0 0 0 0 0 0 0 0 0 0 0 0 0 0 17 0 0 0 0 0 0 0 0 0 0 0 0 0 0 0 1 0 0 0 0 0 0 0 0 0 0 0 0 0 0 0 0 1 0 0 137 20 0 0 1 0 0 0 0 0 0 0 0 0 0 0 2 0 0 0 0 0 3 0 2 0 0 0 48 0 0 0 255 255 255 255 5 0 4 0 0 0 0 0 data 6 0x40005 0x0 0x7ee13b70 0x291 0x0 0x0 oops 1 2 sun/net/www/protocol/file/Handler
ciMethodData java/util/HashMap containsKey (Ljava/lang/Object;)Z 2 2799 orig 264 88 66 22 98 0 0 0 0 48 153 32 97 0 0 0 0 200 1 0 0 0 0 0 0 0 0 0 0 0 0 0 0 0 0 0 0 0 0 0 0 0 0 0 0 0 0 0 0 0 0 0 0 0 0 0 0 0 0 0 0 0 0 0 0 0 0 0 0 0 0 0 0 0 0 0 0 0 0 0 0 77 68 79 32 101 120 116 114 97 32 100 97 116 97 32 108 111 99 107 0 0 0 0 0 0 0 0 0 0 0 0 0 0 0 0 0 0 0 0 0 0 0 0 0 0 0 0 0 0 0 0 0 0 0 0 0 0 0 0 0 0 0 0 0 0 0 0 0 0 0 0 0 0 0 0 0 0 0 0 0 0 0 0 0 0 0 0 0 0 0 0 0 0 0 0 0 0 0 0 0 0 0 0 0 0 0 0 0 0 0 0 0 0 0 0 0 0 0 0 0 0 0 0 0 0 0 0 0 0 0 0 0 0 0 0 0 0 1 0 0 121 79 0 0 1 0 0 0 0 0 0 0 0 0 0 0 2 0 0 0 0 0 10 0 2 0 0 0 120 0 0 0 255 255 255 255 2 0 2 0 0 0 0 0 data 15 0x20002 0x9ef 0x60005 0x0 0x7eb55440 0x9c4 0x7ee168f0 0x2b 0x90007 0x5f3 0x38 0x3fc 0xd0003 0x3fc 0x18 oops 2 4 java/util/HashMap 6 java/util/LinkedHashMap
ciMethodData java/util/Vector elementData (I)Ljava/lang/Object; 2 1646 orig 264 88 66 22 98 0 0 0 0 152 68 30 97 0 0 0 0 40 1 0 0 0 0 0 0 0 0 0 0 0 0 0 0 0 0 0 0 0 0 0 0 0 0 0 0 0 0 0 0 0 0 0 0 0 0 0 0 0 0 0 0 0 0 0 0 0 0 0 0 0 0 0 0 0 0 0 0 0 0 0 0 77 68 79 32 101 120 116 114 97 32 100 97 116 97 32 108 111 99 107 0 0 0 0 0 0 0 0 0 0 0 0 0 0 0 0 0 0 0 0 0 0 0 0 0 0 0 0 0 0 0 0 0 0 0 0 0 0 0 0 0 0 0 0 0 0 0 0 0 0 0 0 0 0 0 0 0 0 0 0 0 0 0 0 0 0 0 0 0 0 0 0 0 0 0 0 0 0 0 0 0 0 0 0 0 1 0 0 0 0 0 0 0 0 0 0 0 0 0 0 0 1 0 0 0 0 0 0 0 0 0 0 0 0 0 0 0 38 1 0 0 65 42 0 0 1 0 0 0 0 0 0 0 0 0 0 0 2 0 0 0 0 0 0 0 0 0 0 0 0 0 0 0 255 255 255 255 0 0 0 0 0 0 0 0 data 0 oops 0
ciMethodData java/util/jar/Attributes$Name hashCode ()I 2 1827 orig 264 88 66 22 98 0 0 0 0 128 104 56 97 0 0 0 0 120 1 0 0 0 0 0 0 0 0 0 0 0 0 0 0 0 0 0 0 0 0 0 0 0 0 0 0 0 0 0 0 0 0 0 0 0 0 0 0 0 0 0 0 0 0 0 0 0 0 0 0 0 0 0 0 0 0 0 0 0 0 0 0 77 68 79 32 101 120 116 114 97 32 100 97 116 97 32 108 111 99 107 0 0 0 0 0 0 0 0 0 0 0 0 0 0 0 0 0 0 0 0 0 0 0 0 0 0 0 0 0 0 0 0 0 0 0 0 0 0 0 0 0 0 0 0 0 0 0 0 0 0 0 0 0 0 0 0 0 0 0 0 0 0 0 0 0 0 0 0 0 0 0 0 0 0 0 0 0 0 0 0 0 0 0 0 0 0 0 0 0 0 0 0 0 0 0 0 0 0 0 0 0 0 0 0 0 0 0 0 0 0 0 0 0 0 0 0 0 129 1 0 0 17 45 0 0 1 0 0 0 0 0 0 0 0 0 0 0 2 0 0 0 0 0 6 0 2 0 0 0 48 0 0 0 255 255 255 255 7 0 5 0 0 0 0 0 data 6 0x50007 0x45d 0x30 0x145 0xd0002 0x145 oops 0
ciMethodData sun/misc/ASCIICaseInsensitiveComparator lowerCaseHashCode (Ljava/lang/String;)I 2 7465 orig 264 88 66 22 98 0 0 0 0 120 41 37 97 0 0 0 0 240 1 0 0 0 0 0 0 0 0 0 0 0 0 0 0 0 0 0 0 0 0 0 0 0 0 0 0 0 0 0 0 0 0 0 0 0 0 0 0 0 0 0 0 0 0 0 0 0 0 0 0 0 0 0 0 0 0 0 0 0 0 0 0 77 68 79 32 101 120 116 114 97 32 100 97 116 97 32 108 111 99 107 0 0 0 0 0 0 0 0 0 0 0 0 0 0 0 0 0 0 0 0 0 0 0 0 0 0 0 0 0 0 0 0 0 0 0 0 0 0 0 0 0 0 0 0 0 0 0 0 0 0 0 0 0 0 0 0 0 0 0 0 0 0 0 0 0 0 0 0 0 0 0 0 0 0 0 0 0 0 0 0 0 0 0 0 0 0 0 0 0 0 0 0 0 0 0 0 0 0 0 0 0 0 0 0 0 0 0 0 0 0 0 0 0 0 0 0 0 194 11 0 0 41 10 0 0 57 139 0 0 0 0 0 0 0 0 0 0 2 0 0 0 1 0 20 0 2 0 0 0 168 0 0 0 255 255 255 255 5 0 3 0 0 0 0 0 data 21 0x30005 0x67 0x498e28e0 0xde 0x0 0x0 0xb0007 0x145 0x78 0x1167 0x140005 0x502 0x498e28e0 0xc65 0x0 0x0 0x170002 0x1167 0x1f0003 0x1167 0xffffffffffffffa0 oops 2 2 java/lang/String 12 java/lang/String
ciMethodData sun/misc/URLClassPath$JarLoader getClassPath ()[Ljava/net/URL; 1 769 orig 264 88 66 22 98 0 0 0 0 240 94 52 97 0 0 0 0 8 3 0 0 32 0 0 0 0 0 0 0 0 0 0 0 0 0 0 0 0 0 0 0 0 0 0 0 0 0 0 0 0 0 0 0 0 0 0 0 0 0 0 0 0 0 0 0 0 0 0 0 0 0 0 0 0 0 0 0 0 0 0 0 77 68 79 32 101 120 116 114 97 32 100 97 116 97 32 108 111 99 107 0 0 0 0 0 0 0 0 0 0 0 0 0 0 0 0 0 0 0 0 0 0 0 0 0 0 0 0 0 0 0 0 0 0 0 0 0 0 0 0 0 0 0 0 0 0 0 0 0 0 0 0 0 0 0 0 0 0 0 0 0 0 0 0 0 0 0 0 0 0 0 0 0 0 0 0 0 0 0 0 0 0 0 0 0 0 0 0 0 0 0 0 0 0 0 0 0 0 0 0 0 0 0 0 0 0 0 0 0 0 0 0 0 0 0 0 0 0 1 0 0 9 16 0 0 1 0 0 0 0 0 0 0 0 0 0 0 2 0 0 0 0 0 20 0 2 0 0 0 192 1 0 0 255 255 255 255 7 0 4 0 0 0 0 0 data 56 0x40007 0x1fb 0x20 0x6 0xd0007 0x1fb 0x20 0x0 0x130002 0x1fb 0x170002 0x1fb 0x1a0002 0x1fb 0x210005 0x0 0x7e959830 0x1fb 0x0 0x0 0x260007 0x1ed 0x120 0xe 0x2d0005 0x0 0x7e88e0e0 0xe 0x0 0x0 0x320007 0x0 0xd0 0xe 0x360005 0x0 0x62a436a0 0xe 0x0 0x0 0x3b0007 0x0 0x80 0xe 0x420005 0x0 0x7e958900 0xe 0x0 0x0 0x470007 0x0 0x30 0xe 0x500002 0xe oops 4 16 java/util/jar/JavaUtilJarAccessImpl 26 java/util/jar/JarFile 36 java/util/jar/Manifest 46 java/util/jar/Attributes
ciMethodData sun/misc/URLClassPath$JarLoader parseExtensionsDependencies ()V 1 744 orig 264 88 66 22 98 0 0 0 0 144 95 52 97 0 0 0 0 88 1 0 0 0 0 0 0 0 0 0 0 0 0 0 0 0 0 0 0 0 0 0 0 0 0 0 0 0 0 0 0 0 0 0 0 0 0 0 0 0 0 0 0 0 0 0 0 0 0 0 0 0 0 0 0 0 0 0 0 0 0 0 0 77 68 79 32 101 120 116 114 97 32 100 97 116 97 32 108 111 99 107 0 0 0 0 0 0 0 0 0 0 0 0 0 0 0 0 0 0 0 0 0 0 0 0 0 0 0 0 0 0 0 0 0 0 0 0 0 0 0 0 0 0 0 0 0 0 0 0 0 0 0 0 0 0 0 0 0 0 0 0 0 0 0 0 0 0 0 0 0 0 0 0 0 0 0 0 0 0 0 0 0 0 0 0 0 0 0 0 0 0 0 0 0 0 0 0 0 0 0 0 0 0 0 0 0 0 0 0 0 0 0 0 0 0 0 0 0 237 0 0 0 217 15 0 0 1 0 0 0 0 0 0 0 0 0 0 0 2 0 0 0 0 0 0 0 0 0 0 0 16 0 0 0 255 255 255 255 2 0 4 0 0 0 0 0 data 2 0x40002 0x1fb oops 0
ciMethodData sun/misc/ExtensionDependency checkExtensionsDependencies (Ljava/util/jar/JarFile;)Z 1 744 orig 264 88 66 22 98 0 0 0 0 88 92 55 97 0 0 0 0 232 1 0 0 0 0 0 0 0 0 0 0 0 0 0 0 0 0 0 0 0 0 0 0 0 0 0 0 0 0 0 0 0 0 0 0 0 0 0 0 0 0 0 0 0 0 0 0 0 0 0 0 0 0 0 0 0 0 0 0 0 0 0 0 77 68 79 32 101 120 116 114 97 32 100 97 116 97 32 108 111 99 107 0 0 0 0 0 0 0 0 0 0 0 0 0 0 0 0 0 0 0 0 0 0 0 0 0 0 0 0 0 0 0 0 0 0 0 0 0 0 0 0 0 0 0 0 0 0 0 0 0 0 0 0 0 0 0 0 0 0 0 0 0 0 0 0 0 0 0 0 0 0 0 0 0 0 0 0 0 0 0 0 0 0 0 0 0 0 0 0 0 0 0 0 0 0 0 0 0 0 0 0 0 0 0 0 0 0 0 0 0 0 0 0 0 0 0 0 0 237 0 0 0 217 15 0 0 1 0 0 0 0 0 0 0 0 0 0 0 2 0 0 0 0 0 7 0 2 0 0 0 160 0 0 0 255 255 255 255 7 0 3 0 0 0 0 0 data 20 0x30007 0x0 0x20 0x1fb 0xc0002 0x0 0x120005 0x0 0x0 0x0 0x0 0x0 0x180005 0x0 0x0 0x0 0x0 0x0 0x1b0002 0x0 oops 0
ciMethodData sun/misc/SharedSecrets javaUtilJarAccess ()Lsun/misc/JavaUtilJarAccess; 1 744 orig 264 88 66 22 98 0 0 0 0 232 64 32 97 0 0 0 0 144 1 0 0 0 0 0 0 0 0 0 0 0 0 0 0 0 0 0 0 0 0 0 0 0 0 0 0 0 0 0 0 0 0 0 0 0 0 0 0 0 0 0 0 0 0 0 0 0 0 0 0 0 0 0 0 0 0 0 0 0 0 0 0 77 68 79 32 101 120 116 114 97 32 100 97 116 97 32 108 111 99 107 0 0 0 0 0 0 0 0 0 0 0 0 0 0 0 0 0 0 0 0 0 0 0 0 0 0 0 0 0 0 0 0 0 0 0 0 0 0 0 0 0 0 0 0 0 0 0 0 0 0 0 0 0 0 0 0 0 0 0 0 0 0 0 0 0 0 0 0 0 0 0 0 0 0 0 0 0 0 0 0 0 0 0 0 0 0 0 0 0 0 0 0 0 0 0 0 0 0 0 0 0 0 0 0 0 0 0 0 0 0 0 0 0 0 0 0 0 237 0 0 0 217 15 0 0 1 0 0 0 0 0 0 0 0 0 0 0 2 0 0 0 0 0 0 0 0 0 0 0 80 0 0 0 255 255 255 255 7 0 3 0 0 0 0 0 data 10 0x30007 0x1fb 0x50 0x0 0xb0005 0x0 0x0 0x0 0x0 0x0 oops 0
ciMethodData java/util/jar/Attributes getValue (Ljava/util/jar/Attributes$Name;)Ljava/lang/String; 2 1262 orig 264 88 66 22 98 0 0 0 0 248 52 56 97 0 0 0 0 176 1 0 0 0 0 0 0 0 0 0 0 0 0 0 0 0 0 0 0 0 0 0 0 0 0 0 0 0 0 0 0 0 0 0 0 0 0 0 0 0 0 0 0 0 0 0 0 0 0 0 0 0 0 0 0 0 0 0 0 0 0 0 0 77 68 79 32 101 120 116 114 97 32 100 97 116 97 32 108 111 99 107 0 0 0 0 0 0 0 0 0 0 0 0 0 0 0 0 0 0 0 0 0 0 0 0 0 0 0 0 0 0 0 0 0 0 0 0 0 0 0 0 0 0 0 0 0 0 0 0 0 0 0 0 0 0 0 0 0 0 0 0 0 0 0 0 0 0 0 0 0 0 0 0 0 0 0 0 0 0 0 0 0 0 0 0 0 0 0 0 0 0 0 0 0 0 0 0 0 0 0 0 0 0 0 0 0 0 0 0 0 0 0 0 0 0 0 0 0 148 0 0 0 209 34 0 0 1 0 0 0 0 0 0 0 0 0 0 0 2 0 0 0 0 0 3 0 2 0 0 0 96 0 0 0 255 255 255 255 5 0 2 0 0 0 0 0 data 12 0x20005 0x0 0x7e958900 0x45a 0x0 0x0 0x50104 0x0 0x498e28e0 0x26 0x0 0x0 oops 2 2 java/util/jar/Attributes 8 java/lang/String
ciMethodData java/util/jar/Attributes get (Ljava/lang/Object;)Ljava/lang/Object; 2 1262 orig 264 88 66 22 98 0 0 0 0 192 51 56 97 0 0 0 0 128 1 0 0 0 0 0 0 0 0 0 0 0 0 0 0 0 0 0 0 0 0 0 0 0 0 0 0 0 0 0 0 0 0 0 0 0 0 0 0 0 0 0 0 0 0 0 0 0 0 0 0 0 0 0 0 0 0 0 0 0 0 0 0 77 68 79 32 101 120 116 114 97 32 100 97 116 97 32 108 111 99 107 0 0 0 0 0 0 0 0 0 0 0 0 0 0 0 0 0 0 0 0 0 0 0 0 0 0 0 0 0 0 0 0 0 0 0 0 0 0 0 0 0 0 0 0 0 0 0 0 0 0 0 0 0 0 0 0 0 0 0 0 0 0 0 0 0 0 0 0 0 0 0 0 0 0 0 0 0 0 0 0 0 0 0 0 0 17 0 0 0 0 0 0 0 0 0 0 0 0 0 0 0 1 0 0 0 0 0 0 0 0 0 0 0 0 0 0 0 148 0 0 0 209 34 0 0 1 0 0 0 0 0 0 0 0 0 0 0 2 0 0 0 0 0 3 0 2 0 0 0 48 0 0 0 255 255 255 255 5 0 5 0 0 0 0 0 data 6 0x50005 0x0 0x7eb55440 0x45a 0x0 0x0 oops 1 2 java/util/HashMap
ciMethodData sun/misc/URLClassPath$JarLoader parseClassPath (Ljava/net/URL;Ljava/lang/String;)[Ljava/net/URL; 1 106 orig 264 88 66 22 98 0 0 0 0 104 96 52 97 0 0 0 0 112 2 0 0 16 0 0 0 0 0 0 0 0 0 0 0 0 0 0 0 0 0 0 0 0 0 0 0 0 0 0 0 0 0 0 0 0 0 0 0 0 0 0 0 0 0 0 0 0 0 0 0 0 0 0 0 0 0 0 0 0 0 0 0 77 68 79 32 101 120 116 114 97 32 100 97 116 97 32 108 111 99 107 0 0 0 0 0 0 0 0 0 0 0 0 0 0 0 0 0 0 0 0 0 0 0 0 0 0 0 0 0 0 0 0 0 0 0 0 0 0 0 0 0 0 0 0 0 0 0 0 0 0 0 0 0 0 0 0 0 0 0 0 0 0 0 0 0 0 0 0 0 0 0 0 0 0 0 0 0 0 0 0 0 0 0 0 0 25 0 0 0 0 0 0 0 1 0 0 0 0 0 0 0 1 0 0 0 0 0 0 0 0 0 0 0 0 0 0 0 66 0 0 0 113 0 0 0 65 1 0 0 0 0 0 0 0 0 0 0 2 0 0 0 0 0 0 0 0 0 0 0 24 1 0 0 255 255 255 255 2 0 5 0 0 0 0 0 data 35 0x50002 0xe 0xa0005 0x0 0x6563e4f0 0xe 0x0 0x0 0x160005 0x0 0x6563e4f0 0x36 0x0 0x0 0x190007 0xe 0xa8 0x28 0x1d0005 0x0 0x6563e4f0 0x28 0x0 0x0 0x2d0002 0x28 0x300004 0x0 0x62a43610 0x28 0x0 0x0 0x340003 0x28 0xffffffffffffff40 oops 4 4 java/util/StringTokenizer 10 java/util/StringTokenizer 20 java/util/StringTokenizer 28 java/net/URL
ciMethodData sun/misc/URLClassPath disableAllLookupCaches ()V 1 3 orig 264 88 66 22 98 0 0 0 0 232 96 48 97 0 0 0 0 24 1 0 0 0 0 0 0 0 0 0 0 0 0 0 0 0 0 0 0 0 0 0 0 0 0 0 0 0 0 0 0 0 0 0 0 0 0 0 0 0 0 0 0 0 0 0 0 0 0 0 0 0 0 0 0 0 0 0 0 0 0 0 0 77 68 79 32 101 120 116 114 97 32 100 97 116 97 32 108 111 99 107 0 0 0 0 0 0 0 0 0 0 0 0 0 0 0 0 0 0 0 0 0 0 0 0 0 0 0 0 0 0 0 0 0 0 0 0 0 0 0 0 0 0 0 0 0 0 0 0 0 0 0 0 0 0 0 0 0 0 0 0 0 0 0 0 0 0 0 0 0 0 0 0 0 0 0 0 0 0 0 0 0 0 0 0 0 0 0 0 0 0 0 0 0 0 0 0 0 0 0 0 0 0 0 0 0 0 0 0 0 0 0 0 0 0 0 0 0 3 0 0 0 1 0 0 0 1 0 0 0 0 0 0 0 0 0 0 0 2 0 0 0 0 0 0 0 0 0 0 0 0 0 0 0 255 255 255 255 0 0 0 0 0 0 0 0 data 0 oops 0
ciMethodData sun/misc/ExtensionDependency <init> ()V 1 0 orig 264 88 66 22 98 0 0 0 0 88 90 55 97 0 0 0 0 48 1 0 0 0 0 0 0 0 0 0 0 0 0 0 0 0 0 0 0 0 0 0 0 0 0 0 0 0 0 0 0 0 0 0 0 0 0 0 0 0 0 0 0 0 0 0 0 0 0 0 0 0 0 0 0 0 0 0 0 0 0 0 0 77 68 79 32 101 120 116 114 97 32 100 97 116 97 32 108 111 99 107 0 0 0 0 0 0 0 0 0 0 0 0 0 0 0 0 0 0 0 0 0 0 0 0 0 0 0 0 0 0 0 0 0 0 0 0 0 0 0 0 0 0 0 0 0 0 0 0 0 0 0 0 0 0 0 0 0 0 0 0 0 0 0 0 0 0 0 0 0 0 0 0 0 0 0 0 0 0 0 0 0 0 0 0 0 0 0 0 0 0 0 0 0 0 0 0 0 0 0 0 0 0 0 0 0 0 0 0 0 0 0 0 0 0 0 0 0 0 0 0 0 1 0 0 0 1 0 0 0 0 0 0 0 0 0 0 0 2 0 0 0 0 0 0 0 0 0 0 0 16 0 0 0 255 255 255 255 2 0 1 0 0 0 0 0 data 2 0x10002 0x0 oops 0
ciMethodData sun/misc/ExtensionDependency checkExtensions (Ljava/util/jar/JarFile;)Z 1 0 orig 264 88 66 22 98 0 0 0 0 32 94 55 97 0 0 0 0 112 9 0 0 8 1 0 0 0 0 0 0 0 0 0 0 0 0 0 0 0 0 0 0 0 0 0 0 0 0 0 0 0 0 0 0 0 0 0 0 0 0 0 0 0 0 0 0 0 0 0 0 0 0 0 0 0 0 0 0 0 0 0 0 77 68 79 32 101 120 116 114 97 32 100 97 116 97 32 108 111 99 107 0 0 0 0 0 0 0 0 0 0 0 0 0 0 0 0 0 0 0 0 0 0 0 0 0 0 0 0 0 0 0 0 0 0 0 0 0 0 0 0 0 0 0 0 0 0 0 0 0 0 0 0 0 0 0 0 0 0 0 0 0 0 0 0 0 0 0 0 0 0 0 0 0 0 0 0 0 0 0 0 0 0 0 0 0 0 0 0 0 0 0 0 0 0 0 0 0 0 0 0 0 0 0 0 0 0 0 0 0 0 0 0 0 0 0 0 0 0 0 0 0 1 0 0 0 1 0 0 0 0 0 0 0 0 0 0 0 2 0 0 0 0 0 0 0 0 0 0 0 32 8 0 0 255 255 255 255 5 0 1 0 0 0 0 0 data 260 0x10005 0x0 0x0 0x0 0x0 0x0 0x50003 0x0 0x18 0xc0007 0x0 0x20 0x0 0x140005 0x0 0x0 0x0 0x0 0x0 0x1b0007 0x0 0x788 0x0 0x230005 0x0 0x0 0x0 0x0 0x0 0x2a0007 0x0 0x658 0x0 0x330002 0x0 0x3a0005 0x0 0x0 0x0 0x0 0x0 0x3d0007 0x0 0x5e0 0x0 0x420005 0x0 0x0 0x0 0x0 0x0 0x4b0002 0x0 0x500005 0x0 0x0 0x0 0x0 0x0 0x540005 0x0 0x0 0x0 0x0 0x0 0x570005 0x0 0x0 0x0 0x0 0x0 0x5c0005 0x0 0x0 0x0 0x0 0x0 0x610005 0x0 0x0 0x0 0x0 0x0 0x640005 0x0 0x0 0x0 0x0 0x0 0x670002 0x0 0x6e0002 0x0 0x730005 0x0 0x0 0x0 0x0 0x0 0x780005 0x0 0x0 0x0 0x0 0x0 0x7e0005 0x0 0x0 0x0 0x0 0x0 0x810005 0x0 0x0 0x0 0x0 0x0 0x840005 0x0 0x0 0x0 0x0 0x0 0x8d0005 0x0 0x0 0x0 0x0 0x0 0x900007 0x0 0x208 0x0 0x970002 0x0 0x9c0005 0x0 0x0 0x0 0x0 0x0 0xa00005 0x0 0x0 0x0 0x0 0x0 0xa30005 0x0 0x0 0x0 0x0 0x0 0xa80005 0x0 0x0 0x0 0x0 0x0 0xad0005 0x0 0x0 0x0 0x0 0x0 0xb20005 0x0 0x0 0x0 0x0 0x0 0xb70005 0x0 0x0 0x0 0x0 0x0 0xbc0005 0x0 0x0 0x0 0x0 0x0 0xbf0005 0x0 0x0 0x0 0x0 0x0 0xc20002 0x0 0xc50003 0x0 0x118 0xcd0005 0x0 0x0 0x0 0x0 0x0 0xd00007 0x0 0xd0 0x0 0xd70002 0x0 0xdc0005 0x0 0x0 0x0 0x0 0x0 0xe10005 0x0 0x0 0x0 0x0 0x0 0xe40005 0x0 0x0 0x0 0x0 0x0 0xe70002 0x0 0xec0003 0x0 0xfffffffffffffa08 0xef0003 0x0 0xf8 0xf60002 0x0 0xfb0005 0x0 0x0 0x0 0x0 0x0 0xff0005 0x0 0x0 0x0 0x0 0x0 0x1020005 0x0 0x0 0x0 0x0 0x0 0x1050005 0x0 0x0 0x0 0x0 0x0 0x1080002 0x0 oops 0
ciMethodData java/util/HashMap afterNodeAccess (Ljava/util/HashMap$Node;)V 2 1036 orig 264 88 66 22 98 0 0 0 0 120 186 32 97 0 0 0 0 40 1 0 0 0 0 0 0 0 0 0 0 0 0 0 0 0 0 0 0 0 0 0 0 0 0 0 0 0 0 0 0 0 0 0 0 0 0 0 0 0 0 0 0 0 0 0 0 0 0 0 0 0 0 0 0 0 0 0 0 0 0 0 0 77 68 79 32 101 120 116 114 97 32 100 97 116 97 32 108 111 99 107 0 0 0 0 0 0 0 0 0 0 0 0 0 0 0 0 0 0 0 0 0 0 0 0 0 0 0 0 0 0 0 0 0 0 0 0 0 0 0 0 0 0 0 0 0 0 0 0 0 0 0 0 0 0 0 0 0 0 0 0 0 0 0 0 0 0 0 0 0 0 0 0 0 0 0 0 0 0 0 0 0 0 0 0 0 0 0 0 0 0 0 0 0 0 0 0 0 0 0 0 0 0 0 0 0 0 0 0 0 0 0 0 0 0 0 0 0 0 1 0 0 97 24 0 0 1 0 0 0 0 0 0 0 0 0 0 0 2 0 0 0 0 0 3 0 1 0 0 0 0 0 0 0 255 255 255 255 0 0 0 0 0 0 0 0 data 0 oops 0
ciMethodData java/util/Arrays copyOf ([Ljava/lang/Object;I)[Ljava/lang/Object; 1 661 orig 264 88 66 22 98 0 0 0 0 224 154 35 97 0 0 0 0 192 1 0 0 0 0 0 0 0 0 0 0 0 0 0 0 0 0 0 0 0 0 0 0 0 0 0 0 0 0 0 0 0 0 0 0 0 0 0 0 0 0 0 0 0 0 0 0 0 0 0 0 0 0 0 0 0 0 0 0 0 0 0 0 77 68 79 32 101 120 116 114 97 32 100 97 116 97 32 108 111 99 107 0 0 0 0 0 0 0 0 0 0 0 0 0 0 0 0 0 0 0 0 0 0 0 0 0 0 0 0 0 0 0 0 0 0 0 0 0 0 0 0 0 0 0 0 0 0 0 0 0 0 0 0 0 0 0 0 0 0 0 0 0 0 0 0 0 0 0 0 0 0 0 0 0 0 0 0 0 0 0 0 0 0 0 0 0 0 0 0 0 0 0 0 0 0 0 0 0 0 0 0 0 0 0 0 0 0 0 0 0 0 0 0 0 0 0 0 0 2 1 0 0 153 12 0 0 1 0 0 0 0 0 0 0 0 0 0 0 2 0 0 0 0 0 3 0 2 0 0 0 112 0 0 0 255 255 255 255 5 0 3 0 0 0 0 0 data 14 0x30005 0x64 0x7e9648e0 0x12e 0x94e0e2f0 0x1 0x60002 0x193 0x90004 0x0 0x0 0x0 0x0 0x0 oops 2 2 [Ljava/lang/Object; 4 [Ljava/lang/invoke/LambdaForm$BasicType;
ciMethodData java/util/ArrayList hugeCapacity (I)I 1 0 orig 264 88 66 22 98 0 0 0 0 200 251 30 97 0 0 0 0 136 1 0 0 32 0 0 0 0 0 0 0 0 0 0 0 0 0 0 0 0 0 0 0 0 0 0 0 0 0 0 0 0 0 0 0 0 0 0 0 0 0 0 0 0 0 0 0 0 0 0 0 0 0 0 0 0 0 0 0 0 0 0 0 77 68 79 32 101 120 116 114 97 32 100 97 116 97 32 108 111 99 107 0 0 0 0 0 0 0 0 0 0 0 0 0 0 0 0 0 0 0 0 0 0 0 0 0 0 0 0 0 0 0 0 0 0 0 0 0 0 0 0 0 0 0 0 0 0 0 0 0 0 0 0 0 0 0 0 0 0 0 0 0 0 0 0 0 0 0 0 0 0 0 0 0 0 0 0 0 0 0 0 0 0 0 0 0 25 0 0 0 0 0 0 0 0 0 0 0 0 0 0 0 0 0 0 0 0 0 0 0 0 0 0 0 0 0 0 0 0 0 0 0 1 0 0 0 1 0 0 0 0 0 0 0 0 0 0 0 2 0 0 0 0 0 0 0 0 0 0 0 104 0 0 0 255 255 255 255 7 0 1 0 0 0 0 0 data 13 0x10007 0x0 0x30 0x0 0x80002 0x0 0xf0007 0x0 0x38 0x0 0x140003 0x0 0x18 oops 0
instanceKlass java/net/Proxy
instanceKlass com/mathworks/webservices/client/core/auth/ProxyServerCredentialsProvider
instanceKlass com/mathworks/mlwebservices/ws_client_core/webproxy/ClientProxyConfigurationVisitor
instanceKlass org/apache/commons/httpclient/util/IdleConnectionHandler
instanceKlass org/apache/commons/httpclient/MultiThreadedHttpConnectionManager$ConnectionPool
instanceKlass org/apache/commons/httpclient/HttpConnection
instanceKlass org/apache/commons/httpclient/MultiThreadedHttpConnectionManager
instanceKlass org/apache/commons/httpclient/HostConfiguration
instanceKlass org/apache/commons/httpclient/HttpState
instanceKlass org/apache/commons/httpclient/DefaultHttpMethodRetryHandler
instanceKlass org/apache/commons/httpclient/HttpMethodRetryHandler
instanceKlass org/apache/commons/httpclient/SimpleHttpConnectionManager
instanceKlass org/apache/commons/httpclient/HttpVersion
instanceKlass org/apache/commons/httpclient/params/DefaultHttpParamsFactory
instanceKlass org/apache/commons/httpclient/params/HttpParamsFactory
instanceKlass org/apache/commons/httpclient/params/DefaultHttpParams
instanceKlass org/apache/commons/logging/impl/SimpleLog$1
instanceKlass org/apache/commons/logging/impl/SimpleLog
instanceKlass org/apache/commons/logging/Log
instanceKlass org/apache/commons/logging/impl/LogFactoryImpl$1
instanceKlass org/apache/commons/logging/impl/LogFactoryImpl$2
instanceKlass org/apache/commons/logging/LogFactory$2
instanceKlass org/apache/commons/logging/LogFactory$3
instanceKlass org/apache/commons/logging/LogFactory$4
instanceKlass org/apache/commons/logging/impl/WeakHashtable$Referenced
instanceKlass org/apache/commons/logging/LogFactory$1
instanceKlass org/apache/commons/logging/LogFactory$6
instanceKlass org/apache/commons/logging/LogFactory
instanceKlass org/apache/commons/httpclient/params/HttpParams
instanceKlass org/apache/commons/httpclient/HttpClient
instanceKlass org/apache/commons/httpclient/HttpConnectionManager
instanceKlass org/apache/commons/httpclient/Credentials
instanceKlass org/apache/commons/httpclient/HttpMethod
instanceKlass com/mathworks/webservices/client/core/http/MathWorksHttpClient
instanceKlass com/sun/xml/internal/bind/v2/runtime/NameList
instanceKlass com/sun/xml/internal/bind/v2/runtime/unmarshaller/ChildLoader
instanceKlass com/sun/xml/internal/bind/v2/runtime/property/ArrayERProperty$ReceiverImpl
instanceKlass com/sun/xml/internal/bind/v2/runtime/unmarshaller/StructureLoader$1
instanceKlass com/sun/xml/internal/bind/v2/runtime/property/UnmarshallerChain
instanceKlass javax/xml/bind/annotation/W3CDomHandler
instanceKlass javax/xml/bind/annotation/DomHandler
instanceKlass com/sun/xml/internal/bind/v2/model/runtime/RuntimeArrayInfo
instanceKlass com/sun/xml/internal/bind/v2/model/core/ArrayInfo
instanceKlass com/sun/xml/internal/bind/v2/runtime/ElementBeanInfoImpl$1
instanceKlass javax/xml/bind/JAXBElement
instanceKlass java/util/Collections$1
instanceKlass com/sun/xml/internal/bind/v2/runtime/property/TagAndType
instanceKlass com/sun/xml/internal/bind/v2/runtime/reflect/opt/Injector$1
instanceKlass java/lang/AssertionStatusDirectives
instanceKlass java/util/concurrent/locks/ReentrantReadWriteLock$WriteLock
instanceKlass java/util/concurrent/locks/ReentrantReadWriteLock$ReadLock
instanceKlass java/util/concurrent/locks/ReentrantReadWriteLock
instanceKlass java/util/concurrent/locks/ReadWriteLock
instanceKlass com/sun/xml/internal/bind/v2/runtime/reflect/opt/Injector
instanceKlass com/sun/xml/internal/bind/v2/runtime/reflect/opt/SecureLoader
instanceKlass com/sun/xml/internal/bind/v2/runtime/reflect/opt/AccessorInjector
instanceKlass com/sun/xml/internal/bind/v2/runtime/reflect/opt/Ref
instanceKlass com/sun/xml/internal/bind/v2/runtime/reflect/opt/Bean
instanceKlass com/sun/xml/internal/bind/v2/model/runtime/RuntimeElementInfo
instanceKlass com/sun/xml/internal/bind/v2/model/core/ElementInfo
instanceKlass com/sun/xml/internal/bind/v2/ClassFactory
instanceKlass com/sun/xml/internal/bind/v2/runtime/reflect/Utils$1
instanceKlass com/sun/xml/internal/bind/v2/runtime/reflect/Utils
instanceKlass com/sun/xml/internal/bind/v2/runtime/reflect/Lister$2
instanceKlass com/sun/xml/internal/bind/v2/runtime/reflect/ListIterator
instanceKlass com/sun/xml/internal/bind/v2/runtime/reflect/Lister
instanceKlass com/sun/xml/internal/bind/v2/runtime/property/Utils$1
instanceKlass com/sun/xml/internal/bind/v2/runtime/property/Utils
instanceKlass com/sun/xml/internal/bind/v2/bytecode/ClassTailor
instanceKlass com/sun/xml/internal/bind/v2/runtime/reflect/opt/OptimizedTransducedAccessorFactory
instanceKlass com/sun/xml/internal/bind/v2/runtime/reflect/TransducedAccessor
instanceKlass com/sun/xml/internal/bind/v2/runtime/reflect/opt/OptimizedAccessorFactory
instanceKlass com/sun/xml/internal/bind/v2/runtime/property/PropertyFactory$1
instanceKlass com/sun/xml/internal/bind/v2/model/runtime/RuntimeMapPropertyInfo
instanceKlass com/sun/xml/internal/bind/v2/model/core/MapPropertyInfo
instanceKlass com/sun/xml/internal/bind/v2/model/runtime/RuntimeReferencePropertyInfo
instanceKlass com/sun/xml/internal/bind/v2/model/core/ReferencePropertyInfo
instanceKlass com/sun/xml/internal/bind/v2/runtime/property/PropertyFactory
instanceKlass com/sun/xml/internal/bind/v2/runtime/LifecycleMethods
instanceKlass com/sun/xml/internal/bind/v2/runtime/Name
instanceKlass com/sun/xml/internal/bind/v2/runtime/property/PropertyImpl
instanceKlass com/sun/xml/internal/bind/v2/runtime/property/Property
instanceKlass com/sun/xml/internal/bind/v2/runtime/property/StructureLoaderBuilder
instanceKlass com/sun/xml/internal/bind/v2/runtime/AttributeAccessor
instanceKlass com/sun/xml/internal/bind/v2/runtime/unmarshaller/Loader
instanceKlass javax/xml/bind/Marshaller
instanceKlass javax/xml/bind/Unmarshaller
instanceKlass com/sun/xml/internal/bind/v2/runtime/JaxBeanInfo
instanceKlass com/sun/xml/internal/bind/v2/model/impl/EnumConstantImpl
instanceKlass com/sun/xml/internal/bind/v2/model/core/EnumConstant
instanceKlass javax/xml/bind/annotation/XmlEnumValue
instanceKlass com/sun/xml/internal/bind/v2/util/FlattenIterator
instanceKlass com/mathworks/webservices/mls/model/HeartbeatStatus
instanceKlass com/mathworks/webservices/mls/model/Feature
instanceKlass sun/reflect/ClassDefiner$1
instanceKlass sun/reflect/ClassDefiner
instanceKlass sun/reflect/MethodAccessorGenerator$1
instanceKlass sun/reflect/Label$PatchInfo
instanceKlass sun/reflect/Label
instanceKlass sun/reflect/UTF8
instanceKlass sun/reflect/ClassFileAssembler
instanceKlass sun/reflect/ByteVectorImpl
instanceKlass sun/reflect/ByteVector
instanceKlass sun/reflect/ByteVectorFactory
instanceKlass sun/reflect/AccessorGenerator
instanceKlass sun/reflect/ClassFileConstants
instanceKlass java/util/EnumMap$1
instanceKlass com/sun/xml/internal/bind/v2/model/runtime/RuntimeEnumLeafInfo
instanceKlass com/sun/xml/internal/bind/v2/model/core/EnumLeafInfo
instanceKlass com/mathworks/webservices/mls/model/ProductSummary
instanceKlass com/sun/xml/internal/bind/v2/model/impl/GetterSetterPropertySeed
instanceKlass javax/xml/bind/annotation/XmlSeeAlso
instanceKlass com/sun/xml/internal/bind/v2/model/impl/TypeRefImpl
instanceKlass com/sun/xml/internal/bind/v2/model/runtime/RuntimeTypeRef
instanceKlass com/sun/xml/internal/bind/v2/model/runtime/RuntimeNonElementRef
instanceKlass com/sun/xml/internal/bind/v2/model/core/TypeRef
instanceKlass com/sun/xml/internal/bind/v2/model/core/NonElementRef
instanceKlass com/mathworks/webservices/client/core/http/HttpHeader
instanceKlass com/sun/xml/internal/bind/v2/model/annotation/MethodLocatable
instanceKlass sun/reflect/generics/tree/VoidDescriptor
instanceKlass sun/reflect/generics/tree/MethodTypeSignature
instanceKlass com/sun/xml/internal/bind/v2/TODO
instanceKlass javax/xml/bind/annotation/XmlType$DEFAULT
instanceKlass com/sun/xml/internal/bind/v2/model/nav/ParameterizedTypeImpl
instanceKlass com/sun/xml/internal/bind/v2/model/nav/ReflectionNavigator$BinderArg
instanceKlass sun/reflect/generics/tree/TypeVariableSignature
instanceKlass com/sun/xml/internal/bind/annotation/XmlLocation
instanceKlass javax/xml/bind/annotation/XmlSchemaTypes
instanceKlass javax/xml/bind/annotation/adapters/XmlJavaTypeAdapters
instanceKlass com/sun/xml/internal/bind/v2/model/impl/Util
instanceKlass com/sun/xml/internal/bind/v2/model/impl/PropertyInfoImpl
instanceKlass com/sun/xml/internal/bind/v2/model/runtime/RuntimeElementPropertyInfo
instanceKlass com/sun/xml/internal/bind/v2/model/runtime/RuntimePropertyInfo
instanceKlass com/sun/xml/internal/bind/v2/model/core/ElementPropertyInfo
instanceKlass com/sun/xml/internal/bind/v2/model/core/PropertyInfo
instanceKlass com/sun/xml/internal/bind/v2/model/impl/ClassInfoImpl$1
instanceKlass com/sun/xml/internal/bind/v2/model/impl/FieldPropertySeed
instanceKlass com/sun/xml/internal/bind/v2/model/impl/RuntimeClassInfoImpl$RuntimePropertySeed
instanceKlass com/sun/xml/internal/bind/v2/model/impl/PropertySeed
instanceKlass com/sun/xml/internal/bind/v2/model/annotation/AnnotationSource
instanceKlass com/sun/xml/internal/bind/v2/runtime/reflect/Accessor
instanceKlass com/sun/xml/internal/bind/v2/runtime/unmarshaller/Receiver
instanceKlass javax/xml/bind/annotation/XmlElement$DEFAULT
instanceKlass com/sun/xml/internal/bind/v2/model/annotation/SecureLoader
instanceKlass com/sun/xml/internal/bind/AccessorFactoryImpl
instanceKlass com/sun/xml/internal/bind/InternalAccessorFactory
instanceKlass com/sun/xml/internal/bind/AccessorFactory
instanceKlass javax/xml/bind/annotation/XmlAccessorOrder
instanceKlass com/sun/xml/internal/bind/api/impl/NameUtil
instanceKlass com/sun/xml/internal/bind/api/impl/NameConverter
instanceKlass java/lang/Package$1PackageInfoProxy
instanceKlass com/sun/xml/internal/bind/annotation/OverrideAnnotationOf
instanceKlass javax/xml/bind/annotation/XmlMixed
instanceKlass javax/xml/bind/annotation/XmlAnyElement
instanceKlass javax/xml/bind/annotation/XmlElements
instanceKlass javax/xml/bind/annotation/XmlAnyAttribute
instanceKlass javax/xml/bind/annotation/XmlList
instanceKlass javax/xml/bind/annotation/XmlElementWrapper
instanceKlass javax/xml/bind/annotation/XmlAttachmentRef
instanceKlass javax/xml/bind/annotation/XmlMimeType
instanceKlass javax/xml/bind/annotation/XmlInlineBinaryData
instanceKlass javax/xml/bind/annotation/XmlIDREF
instanceKlass javax/xml/bind/annotation/XmlID
instanceKlass javax/xml/bind/annotation/adapters/XmlJavaTypeAdapter
instanceKlass com/sun/xml/internal/bind/v2/model/impl/TypeInfoImpl
instanceKlass com/sun/xml/internal/bind/v2/model/runtime/RuntimeElement
instanceKlass com/sun/xml/internal/bind/v2/model/core/Element
instanceKlass com/sun/xml/internal/bind/v2/model/runtime/RuntimeClassInfo
instanceKlass com/sun/xml/internal/bind/v2/model/core/ClassInfo
instanceKlass javax/xml/bind/annotation/XmlValue
instanceKlass javax/xml/bind/annotation/XmlType
instanceKlass javax/xml/bind/annotation/XmlTransient
instanceKlass javax/xml/bind/annotation/XmlSchemaType
instanceKlass javax/xml/bind/annotation/XmlEnum
instanceKlass javax/xml/bind/annotation/XmlElementRefs
instanceKlass javax/xml/bind/annotation/XmlElementRef
instanceKlass javax/xml/bind/annotation/XmlElementDecl
instanceKlass javax/xml/bind/annotation/XmlElement
instanceKlass javax/xml/bind/annotation/XmlAttribute
instanceKlass com/sun/xml/internal/bind/v2/model/annotation/Quick
instanceKlass com/sun/xml/internal/bind/v2/model/annotation/Init
instanceKlass com/sun/xml/internal/bind/v2/model/annotation/LocatableAnnotation
instanceKlass java/util/Collections$EmptyIterator
instanceKlass javax/xml/bind/annotation/XmlAccessorType
instanceKlass java/lang/annotation/Target
instanceKlass sun/reflect/annotation/AnnotationInvocationHandler
instanceKlass sun/reflect/annotation/AnnotationParser$1
instanceKlass java/lang/annotation/Inherited
instanceKlass java/lang/annotation/Retention
instanceKlass sun/reflect/annotation/ExceptionProxy
instanceKlass sun/reflect/annotation/AnnotationType$1
instanceKlass javax/xml/bind/annotation/XmlRootElement
instanceKlass sun/reflect/annotation/AnnotationParser
instanceKlass javax/xml/bind/annotation/XmlRegistry
instanceKlass com/sun/xml/internal/bind/v2/model/core/Ref
instanceKlass com/sun/xml/internal/bind/api/CompositeStructure
instanceKlass com/sun/xml/internal/bind/v2/runtime/IllegalAnnotationsException$Builder
instanceKlass java/util/Collections$UnmodifiableMap$UnmodifiableEntrySet$UnmodifiableEntry
instanceKlass java/util/Collections$UnmodifiableMap$UnmodifiableEntrySet$1
instanceKlass com/sun/xml/internal/bind/v2/runtime/RuntimeUtil
instanceKlass com/sun/xml/internal/bind/v2/model/impl/AnyTypeImpl
instanceKlass com/sun/xml/internal/bind/v2/model/impl/TypeInfoSetImpl$1
instanceKlass javax/xml/datatype/Duration
instanceKlass javax/xml/datatype/XMLGregorianCalendar
instanceKlass javax/xml/transform/Source
instanceKlass javax/activation/DataHandler
instanceKlass java/awt/datatransfer/Transferable
instanceKlass javax/xml/datatype/DatatypeConstants$Field
instanceKlass javax/xml/datatype/DatatypeConstants
instanceKlass javax/xml/namespace/QName$1
instanceKlass javax/xml/namespace/QName
instanceKlass com/sun/xml/internal/bind/v2/model/impl/RuntimeBuiltinLeafInfoImpl$1
instanceKlass com/sun/xml/internal/bind/v2/model/impl/LeafInfoImpl
instanceKlass com/sun/xml/internal/bind/v2/runtime/Transducer
instanceKlass com/sun/xml/internal/bind/v2/model/runtime/RuntimeBuiltinLeafInfo
instanceKlass com/sun/xml/internal/bind/v2/model/runtime/RuntimeLeafInfo
instanceKlass com/sun/xml/internal/bind/v2/model/runtime/RuntimeNonElement
instanceKlass com/sun/xml/internal/bind/v2/model/runtime/RuntimeTypeInfo
instanceKlass com/sun/xml/internal/bind/v2/model/core/BuiltinLeafInfo
instanceKlass com/sun/xml/internal/bind/v2/model/core/LeafInfo
instanceKlass com/sun/xml/internal/bind/v2/model/core/MaybeElement
instanceKlass com/sun/xml/internal/bind/v2/model/core/NonElement
instanceKlass com/sun/xml/internal/bind/v2/model/core/TypeInfo
instanceKlass com/sun/xml/internal/bind/v2/model/annotation/Locatable
instanceKlass com/sun/xml/internal/bind/v2/model/impl/TypeInfoSetImpl
instanceKlass com/sun/xml/internal/bind/v2/model/runtime/RuntimeTypeInfoSet
instanceKlass com/sun/xml/internal/bind/v2/model/core/TypeInfoSet
instanceKlass com/sun/xml/internal/bind/v2/model/impl/ModelBuilder$1
instanceKlass com/sun/xml/internal/bind/v2/model/core/ErrorHandler
instanceKlass com/sun/xml/internal/bind/v2/runtime/Location
instanceKlass com/sun/xml/internal/bind/v2/model/impl/Utils$1
instanceKlass com/sun/xml/internal/bind/v2/model/nav/TypeVisitor
instanceKlass com/sun/xml/internal/bind/v2/model/nav/ReflectionNavigator
instanceKlass com/sun/xml/internal/bind/v2/model/nav/Navigator
instanceKlass com/sun/xml/internal/bind/v2/model/impl/Utils
instanceKlass com/sun/xml/internal/bind/WhiteSpaceProcessor
instanceKlass javax/xml/bind/annotation/XmlSchema
instanceKlass com/sun/xml/internal/bind/v2/model/impl/ModelBuilder
instanceKlass com/sun/xml/internal/bind/v2/model/impl/ModelBuilderI
instanceKlass com/sun/xml/internal/bind/v2/runtime/NameBuilder
instanceKlass com/sun/istack/internal/Pool$Impl
instanceKlass com/sun/istack/internal/Pool
instanceKlass com/sun/xml/internal/bind/v2/util/QNameMap$Entry
instanceKlass com/sun/xml/internal/bind/v2/util/QNameMap
instanceKlass com/sun/xml/internal/bind/v2/runtime/JAXBContextImpl$6
instanceKlass com/sun/xml/internal/bind/v2/model/annotation/AbstractInlineAnnotationReaderImpl
instanceKlass com/sun/xml/internal/bind/v2/runtime/JAXBContextImpl$JAXBContextBuilder
instanceKlass com/sun/xml/internal/bind/v2/util/TypeCast
instanceKlass com/sun/xml/internal/bind/Util
instanceKlass com/mathworks/webservices/client/core/MathWorksServiceResponse
instanceKlass com/sun/xml/internal/bind/v2/model/annotation/RuntimeAnnotationReader
instanceKlass com/sun/xml/internal/bind/v2/model/annotation/AnnotationReader
instanceKlass com/sun/xml/internal/bind/v2/ContextFactory
instanceKlass javax/xml/bind/GetPropertyAction
instanceKlass javax/xml/bind/ContextFinder
instanceKlass javax/xml/bind/JAXBContext
instanceKlass com/mathworks/webservices/client/core/xml/ErrorMessage
instanceKlass com/mathworks/webservices/client/core/xml/JaxbResponseHandler
instanceKlass com/mathworks/webservices/client/core/ClientConfiguration
instanceKlass com/mathworks/webservices/client/core/http/ResponseHandler
instanceKlass com/mathworks/webproxy/AbstractSystemProxyConfiguration
instanceKlass com/mathworks/webproxy/SystemProxyConfiguration
instanceKlass com/mathworks/webproxy/PropertiesProxyConfigurationImpl
instanceKlass com/mathworks/webproxy/SystemPropertiesProxyConfiguration
instanceKlass com/mathworks/webproxy/AbstractCompositeProxyConfiguration
instanceKlass com/mathworks/webproxy/NativeProxySettings
instanceKlass com/mathworks/webproxy/PropertiesProxyConfiguration
instanceKlass com/mathworks/webproxy/ProxyAuthenticator
instanceKlass com/mathworks/webproxy/ProxyConfiguration
instanceKlass com/mathworks/webproxy/SystemProxySettings
instanceKlass com/mathworks/webproxy/WebproxyFactory
instanceKlass com/mathworks/webproxy/ProxyConfigurationVisitor
instanceKlass com/mathworks/mlwebservices/ws_client_core/webproxy/MathWorksWebServiceClientProxyConfigurator
instanceKlass com/mathworks/mlwebservices/ws_client_core/MathWorksWebServiceClientEndpointConfigurator
instanceKlass com/mathworks/mlwebservices/ws_client_core/DefaultMathWorksWebServiceClientConfigurator
instanceKlass com/mathworks/toolbox/distcomp/util/i18n/I18nMatlabIdentifiedException
instanceKlass com/mathworks/toolbox/distcomp/util/i18n/HasI18nMatlabIdentifiedMessage
instanceKlass com/mathworks/util/MatlabIdentified
instanceKlass com/mathworks/webservices/mls/model/Entitlement
instanceKlass com/mathworks/apache/commons/lang3/text/StrTokenizer
instanceKlass com/mathworks/apache/commons/lang3/text/StrBuilder
instanceKlass com/mathworks/apache/commons/lang3/text/StrLookup
instanceKlass com/mathworks/apache/commons/lang3/StringUtils
instanceKlass java/util/DualPivotQuicksort
instanceKlass com/mathworks/apache/commons/lang3/text/StrMatcher
instanceKlass com/mathworks/apache/commons/lang3/text/StrSubstitutor
instanceKlass java/text/FieldPosition
instanceKlass java/util/Locale$1
instanceKlass com/mathworks/webservices/urlmanager/UrlManagerFactory
instanceKlass com/mathworks/mlwebservices/ReleaseEnvPropertiesFile
instanceKlass com/mathworks/brsanthu/dataexporter/DataExporter
instanceKlass com/mathworks/apache/commons/cli/CommandLineParser
instanceKlass com/mathworks/webservices/urlmanager/UrlManager
instanceKlass com/mathworks/webservices/urlmanager/ReleaseEnv
instanceKlass com/mathworks/mlwebservices/WSEndPoints
instanceKlass com/mathworks/webservices/client/core/MathWorksServiceRequest
instanceKlass com/mathworks/resource_core/BaseMsgID
instanceKlass com/mathworks/mlwebservices/ws_client_core/MathWorksWebServiceClientConfigurator
instanceKlass com/mathworks/webservices/mls/MathWorksLicenseServerClient
instanceKlass com/mathworks/webservices/client/core/MathWorksWebServiceClient
instanceKlass com/mathworks/webservices/client/core/WebServiceClient
instanceKlass com/mathworks/toolbox/distcomp/wsclients/entitlements/MDCSEntitlementRetriever
instanceKlass java/util/function/BiConsumer
instanceKlass com/mathworks/toolbox/distcomp/local/LocalConstants
instanceKlass com/mathworks/toolbox/distcomp/util/ProcessBuilderUtils$Delayer
instanceKlass com/mathworks/toolbox/distcomp/local/LocalScheduler
instanceKlass net/jini/id/Uuid
instanceKlass com/mathworks/toolbox/distcomp/mjs/client/ProxiedClientWorkUnitAccess
instanceKlass com/mathworks/toolbox/distcomp/mjs/client/ClientWorkUnitAccess
instanceKlass com/mathworks/toolbox/distcomp/mjs/client/ReadOnlyClientWorkUnitAccess
instanceKlass com/mathworks/toolbox/distcomp/util/CancelWatchdog$ExitMode
instanceKlass com/mathworks/toolbox/distcomp/util/CancelWatchdog
instanceKlass sun/nio/fs/BasicFileAttributesHolder
instanceKlass sun/nio/fs/WindowsDirectoryStream$WindowsDirectoryIterator
instanceKlass sun/nio/fs/WindowsFileAttributes
instanceKlass java/nio/file/attribute/DosFileAttributes
instanceKlass java/nio/file/attribute/BasicFileAttributes
instanceKlass sun/nio/fs/NativeBuffer$Deallocator
instanceKlass sun/nio/fs/NativeBuffer
instanceKlass sun/nio/fs/NativeBuffers
instanceKlass sun/nio/fs/WindowsNativeDispatcher$BackupResult
instanceKlass sun/nio/fs/WindowsNativeDispatcher$CompletionStatus
instanceKlass sun/nio/fs/WindowsNativeDispatcher$AclInformation
instanceKlass sun/nio/fs/WindowsNativeDispatcher$Account
instanceKlass sun/nio/fs/WindowsNativeDispatcher$DiskFreeSpace
instanceKlass sun/nio/fs/WindowsNativeDispatcher$VolumeInformation
instanceKlass sun/nio/fs/WindowsNativeDispatcher$FirstStream
instanceKlass sun/nio/fs/WindowsNativeDispatcher$FirstFile
instanceKlass sun/nio/fs/WindowsNativeDispatcher$1
instanceKlass sun/nio/fs/WindowsNativeDispatcher
instanceKlass sun/nio/fs/WindowsDirectoryStream
instanceKlass java/nio/file/DirectoryStream
instanceKlass java/nio/file/Files$AcceptAllFilter
instanceKlass java/nio/file/DirectoryStream$Filter
instanceKlass java/nio/file/Files
instanceKlass sun/nio/fs/AbstractPath
instanceKlass sun/nio/fs/Util
instanceKlass sun/nio/fs/WindowsPathParser$Result
instanceKlass sun/nio/fs/WindowsPathParser
instanceKlass java/nio/file/FileSystem
instanceKlass java/nio/file/spi/FileSystemProvider
instanceKlass sun/nio/fs/DefaultFileSystemProvider
instanceKlass java/nio/file/FileSystems$DefaultFileSystemHolder$1
instanceKlass java/nio/file/FileSystems$DefaultFileSystemHolder
instanceKlass java/nio/file/FileSystems
instanceKlass java/net/NetworkInterface$2
instanceKlass java/awt/TrayIcon
instanceKlass java/awt/MenuComponent
instanceKlass sun/awt/AppContext$PostShutdownEventRunnable
instanceKlass java/util/IdentityHashMap$IdentityHashMapIterator
instanceKlass java/net/DefaultInterface
instanceKlass java/net/InterfaceAddress
instanceKlass java/net/Inet6Address$Inet6AddressHolder
instanceKlass java/net/InetAddress$2
instanceKlass sun/net/spi/nameservice/NameService
instanceKlass java/net/Inet6AddressImpl
instanceKlass java/net/InetAddressImpl
instanceKlass java/net/InetAddressImplFactory
instanceKlass java/net/InetAddress$Cache
instanceKlass java/net/InetAddress$InetAddressHolder
instanceKlass java/net/InetAddress$1
instanceKlass java/net/NetworkInterface$1
instanceKlass java/net/NetworkInterface
instanceKlass sun/security/provider/ByteArrayAccess
instanceKlass sun/security/provider/SeedGenerator$1
instanceKlass sun/security/provider/SeedGenerator
instanceKlass sun/security/provider/SecureRandom$SeederHolder
instanceKlass sun/security/jca/GetInstance$Instance
instanceKlass java/security/MessageDigestSpi
instanceKlass sun/security/jca/GetInstance
instanceKlass java/security/SecureRandomSpi
instanceKlass java/security/Provider$UString
instanceKlass java/security/Provider$Service
instanceKlass sun/security/provider/NativePRNG$NonBlocking
instanceKlass sun/security/provider/NativePRNG$Blocking
instanceKlass sun/security/provider/NativePRNG
instanceKlass sun/security/provider/SunEntries$1
instanceKlass sun/security/provider/SunEntries
instanceKlass sun/security/jca/ProviderConfig$2
instanceKlass sun/security/jca/ProviderList$2
instanceKlass sun/misc/FDBigInteger
instanceKlass java/security/Provider$EngineDescription
instanceKlass java/security/Provider$ServiceKey
instanceKlass sun/security/jca/ProviderConfig
instanceKlass sun/security/jca/ProviderList
instanceKlass sun/security/jca/Providers
instanceKlass java/util/Random
instanceKlass java/util/UUID$Holder
instanceKlass com/mathworks/toolbox/distcomp/nativedmatlab/ProcessManipulation
instanceKlass java/util/logging/Formatter
instanceKlass java/awt/FocusTraversalPolicy
instanceKlass java/awt/DefaultKeyboardFocusManager$1
instanceKlass sun/awt/AWTAccessor$DefaultKeyboardFocusManagerAccessor
instanceKlass java/awt/AWTKeyStroke$1
instanceKlass java/awt/AWTKeyStroke
instanceKlass java/awt/KeyboardFocusManager$1
instanceKlass sun/awt/AWTAccessor$KeyboardFocusManagerAccessor
instanceKlass java/awt/KeyboardFocusManager
instanceKlass java/awt/KeyEventPostProcessor
instanceKlass java/awt/KeyEventDispatcher
instanceKlass java/awt/EventQueue$4
instanceKlass java/awt/EventQueue$3
instanceKlass sun/awt/dnd/SunDragSourceContextPeer
instanceKlass java/awt/dnd/peer/DragSourceContextPeer
instanceKlass sun/awt/EventQueueDelegate
instanceKlass java/awt/ModalEventFilter
instanceKlass java/awt/EventDispatchThread$HierarchyEventFilter
instanceKlass java/awt/EventFilter
instanceKlass java/awt/EventDispatchThread$1
instanceKlass java/awt/Conditional
instanceKlass sun/awt/EventQueueItem
instanceKlass java/awt/ActiveEvent
instanceKlass java/awt/EventQueue$5
instanceKlass java/awt/Component$3
instanceKlass java/awt/ComponentOrientation
instanceKlass java/awt/AWTEvent$1
instanceKlass sun/awt/AWTAccessor$AWTEventAccessor
instanceKlass com/mathworks/jmi/MatlabPath$PathEntry
instanceKlass com/mathworks/jmi/Matlab$6
instanceKlass com/mathworks/jmi/MatlabPath$CwdChangeWhenAtPrompt$1
instanceKlass com/mathworks/jmi/MatlabPath$CwdChangeWhenAtPrompt
instanceKlass com/mathworks/hg/util/HGPeerQueue
instanceKlass sun/font/SunFontManager$11
instanceKlass sun/font/SunFontManager$10
instanceKlass sun/awt/PostEventQueue
instanceKlass sun/awt/MostRecentKeyValue
instanceKlass java/awt/Queue
instanceKlass sun/awt/AppContext$1
instanceKlass sun/awt/AppContext$2
instanceKlass sun/awt/AppContext$3
instanceKlass sun/awt/AppContext$6
instanceKlass sun/misc/JavaAWTAccess
instanceKlass sun/awt/AppContext$GetAppContextLock
instanceKlass sun/awt/AppContext
instanceKlass sun/awt/HeadlessToolkit$1
instanceKlass java/awt/peer/KeyboardFocusManagerPeer
instanceKlass sun/awt/windows/WToolkit$$Lambda$6
instanceKlass java/lang/invoke/LambdaForm$DMH
instanceKlass java/lang/invoke/LambdaForm$MH
instanceKlass sun/awt/windows/WToolkit$$Lambda$5
instanceKlass sun/font/SunFontManager$5
instanceKlass sun/font/CMap
instanceKlass sun/font/SunFontManager$FamilyDescription
instanceKlass java/util/TreeMap$PrivateEntryIterator
instanceKlass java/util/NavigableSet
instanceKlass java/util/SortedSet
instanceKlass java/util/concurrent/ConcurrentHashMap$Traverser
instanceKlass sun/font/SunFontManager$TTorT1Filter
instanceKlass java/io/RandomAccessFile$1
instanceKlass sun/font/SunFontManager$4
instanceKlass sun/font/TrueTypeFont$DirectoryEntry
instanceKlass java/nio/DirectByteBuffer$Deallocator
instanceKlass sun/nio/ch/Util$BufferCache
instanceKlass sun/nio/ch/Util$2
instanceKlass sun/nio/ch/Util
instanceKlass sun/nio/ch/IOStatus
instanceKlass sun/nio/ch/NativeThread
instanceKlass java/nio/channels/spi/AbstractInterruptibleChannel$1
instanceKlass sun/nio/ch/FileDispatcherImpl$1
instanceKlass sun/nio/ch/NativeDispatcher
instanceKlass sun/nio/ch/NativeThreadSet
instanceKlass sun/nio/ch/IOUtil$1
instanceKlass sun/nio/ch/IOUtil
instanceKlass java/nio/file/attribute/FileAttribute
instanceKlass java/nio/channels/spi/AbstractInterruptibleChannel
instanceKlass java/nio/channels/InterruptibleChannel
instanceKlass java/nio/channels/ScatteringByteChannel
instanceKlass java/nio/channels/GatheringByteChannel
instanceKlass java/nio/channels/SeekableByteChannel
instanceKlass java/nio/channels/ByteChannel
instanceKlass java/nio/channels/WritableByteChannel
instanceKlass java/nio/channels/ReadableByteChannel
instanceKlass java/nio/channels/Channel
instanceKlass sun/awt/windows/WToolkit$$Lambda$4
instanceKlass sun/font/SunFontManager$13
instanceKlass sun/awt/Win32FontManager$2
instanceKlass sun/font/SunFontManager$3
instanceKlass sun/font/FontFamily
instanceKlass sun/font/CompositeFontDescriptor
instanceKlass sun/awt/FontDescriptor
instanceKlass sun/awt/FontConfiguration
instanceKlass sun/font/SunFontManager$FontRegistrationInfo
instanceKlass sun/font/SunFontManager$2
instanceKlass java/io/RandomAccessFile
instanceKlass sun/font/TrueTypeFont$1
instanceKlass sun/font/TrueTypeFont$TTDisposerRecord
instanceKlass sun/font/Font2DHandle
instanceKlass sun/awt/Win32FontManager$1
instanceKlass sun/font/GlyphList
instanceKlass sun/font/StrikeCache$1
instanceKlass sun/font/StrikeCache
instanceKlass sun/font/FontStrike
instanceKlass sun/font/CharToGlyphMapper
instanceKlass java/awt/geom/Path2D
instanceKlass sun/font/StrikeMetrics
instanceKlass java/awt/geom/Point2D
instanceKlass sun/awt/windows/WToolkit$$Lambda$3
instanceKlass sun/awt/SunHints$Value
instanceKlass java/awt/RenderingHints$Key
instanceKlass sun/awt/SunHints
instanceKlass java/awt/RenderingHints
instanceKlass java/awt/font/FontRenderContext
instanceKlass sun/font/Font2D
instanceKlass sun/font/FontManagerNativeLibrary$1
instanceKlass sun/font/FontManagerNativeLibrary
instanceKlass sun/font/SunFontManager$1
instanceKlass sun/font/SunFontManager$T1Filter
instanceKlass sun/font/SunFontManager$TTFilter
instanceKlass sun/font/SunFontManager
instanceKlass sun/font/FontManagerForSGE
instanceKlass sun/font/FontManager
instanceKlass sun/java2d/FontSupport
instanceKlass sun/font/FontManagerFactory$1
instanceKlass sun/font/FontUtilities$1
instanceKlass sun/font/FontUtilities
instanceKlass sun/font/FontManagerFactory
instanceKlass sun/misc/FloatingDecimal$ASCIIToBinaryBuffer
instanceKlass sun/misc/FloatingDecimal$PreparedASCIIToBinaryBuffer
instanceKlass sun/misc/FloatingDecimal$ASCIIToBinaryConverter
instanceKlass sun/misc/FloatingDecimal$BinaryToASCIIBuffer
instanceKlass sun/misc/FloatingDecimal$ExceptionalBinaryToASCIIBuffer
instanceKlass sun/misc/FloatingDecimal$BinaryToASCIIConverter
instanceKlass sun/misc/FloatingDecimal
instanceKlass sun/java2d/SunGraphicsEnvironment$1
instanceKlass sun/awt/SunDisplayChanger
instanceKlass sun/java2d/SurfaceManagerFactory
instanceKlass sun/awt/AWTAutoShutdown
instanceKlass sun/misc/ThreadGroupUtils
instanceKlass sun/java2d/Disposer$$Lambda$2
instanceKlass java/lang/invoke/LambdaForm$DMH
instanceKlass sun/java2d/windows/WindowsFlags$1
instanceKlass sun/java2d/windows/WindowsFlags
instanceKlass org/apache/commons/lang/Validate
instanceKlass com/mathworks/mwswing/FontSize
instanceKlass sun/java2d/Disposer$1
instanceKlass sun/java2d/Disposer
instanceKlass sun/awt/windows/WToolkit$ToolkitDisposer
instanceKlass sun/java2d/DisposerRecord
instanceKlass sun/misc/PerformanceLogger$TimeData
instanceKlass sun/misc/PerformanceLogger
instanceKlass sun/awt/SunToolkit$ModalityListenerList
instanceKlass sun/awt/ModalityListener
instanceKlass java/beans/ChangeListenerMap
instanceKlass java/beans/PropertyChangeSupport
instanceKlass sun/awt/windows/WToolkit$2
instanceKlass java/text/AttributedCharacterIterator$Attribute
instanceKlass sun/awt/image/SurfaceManager
instanceKlass sun/awt/image/SurfaceManager$ImageAccessor
instanceKlass java/awt/ImageCapabilities
instanceKlass java/awt/Image
instanceKlass sun/java2d/DestSurfaceProvider
instanceKlass sun/java2d/loops/RenderCache$Entry
instanceKlass sun/font/AttributeValues
instanceKlass sun/java2d/loops/RenderCache
instanceKlass sun/java2d/pipe/DrawImage
instanceKlass sun/java2d/pipe/GeneralCompositePipe
instanceKlass sun/java2d/pipe/SpanShapeRenderer
instanceKlass sun/java2d/pipe/AlphaPaintPipe
instanceKlass sun/java2d/pipe/AAShapePipe
instanceKlass java/awt/geom/AffineTransform
instanceKlass sun/java2d/pipe/RegionIterator
instanceKlass sun/font/FontAccess
instanceKlass sun/java2d/pipe/Region
instanceKlass sun/java2d/pipe/SpanClipRenderer
instanceKlass sun/java2d/pipe/PixelToShapeConverter
instanceKlass sun/java2d/pipe/AlphaColorPipe
instanceKlass sun/java2d/pipe/CompositePipe
instanceKlass sun/java2d/pipe/GlyphListPipe
instanceKlass sun/java2d/pipe/OutlineTextRenderer
instanceKlass com/mathworks/services/DisplayScaleFactorSetting
instanceKlass sun/java2d/pipe/RenderingEngine$1
instanceKlass sun/java2d/pipe/RenderingEngine
instanceKlass sun/java2d/pipe/LoopPipe
instanceKlass sun/java2d/pipe/LoopBasedPipe
instanceKlass sun/java2d/pipe/ParallelogramPipe
instanceKlass com/mathworks/mwswing/ScreenSizeChangeHandler
instanceKlass sun/java2d/pipe/NullPipe
instanceKlass sun/java2d/pipe/DrawImagePipe
instanceKlass sun/java2d/pipe/TextPipe
instanceKlass sun/java2d/pipe/ShapeDrawPipe
instanceKlass sun/java2d/pipe/PixelFillPipe
instanceKlass sun/java2d/pipe/PixelDrawPipe
instanceKlass sun/java2d/StateTrackableDelegate$2
instanceKlass sun/java2d/StateTrackableDelegate
instanceKlass java/awt/color/ICC_Profile$1
instanceKlass sun/java2d/cmm/ProfileActivator
instanceKlass sun/java2d/cmm/ProfileDeferralMgr
instanceKlass java/awt/color/ICC_Profile
instanceKlass java/awt/color/ColorSpace
instanceKlass java/awt/image/ColorModel$1
instanceKlass java/awt/image/ColorModel
instanceKlass sun/awt/image/PixelConverter
instanceKlass sun/java2d/loops/SurfaceType
instanceKlass sun/java2d/SurfaceData
instanceKlass javax/accessibility/Accessible
instanceKlass sun/java2d/Surface
instanceKlass sun/java2d/StateTrackable
instanceKlass sun/java2d/DisposerTarget
instanceKlass com/mathworks/cfbutils/StatEntryReceiver
instanceKlass sun/awt/windows/WToolkit$1
instanceKlass com/mathworks/util/NativeJava
instanceKlass com/mathworks/util/ResolutionUtils
instanceKlass sun/awt/KeyboardFocusManagerPeerProvider
instanceKlass sun/awt/InputMethodSupport
instanceKlass sun/awt/ComponentFactory
instanceKlass sun/awt/WindowClosingListener
instanceKlass sun/awt/WindowClosingSupport
instanceKlass com/mathworks/mwswing/FontUtils
instanceKlass java/awt/Toolkit$2
instanceKlass java/awt/EventQueue$2
instanceKlass sun/awt/AWTAccessor$EventQueueAccessor
instanceKlass java/awt/EventQueue$1
instanceKlass java/awt/EventQueue
instanceKlass javax/swing/SwingUtilities
instanceKlass javax/swing/SwingConstants
instanceKlass java/awt/Graphics
instanceKlass com/mathworks/mwswing/SynchronousInvokeUtility$SynchronousEvent
instanceKlass com/mathworks/mvm/MvmWrapper
instanceKlass com/mathworks/hg/util/HGUtils$ComponentImageRunnable
instanceKlass com/mathworks/hg/util/HGUtils
instanceKlass com/mathworks/toolbox/distcomp/cwo/FevalGateway$FevalRunner
instanceKlass com/mathworks/toolbox/parallel/pctutil/concurrent/NamedThreadFactory$LoggingUncaughtExceptionHandler
instanceKlass com/mathworks/toolbox/parallel/pctutil/concurrent/NamedThreadFactory
instanceKlass com/mathworks/toolbox/distcomp/RootLog
instanceKlass com/mathworks/toolbox/distcomp/cwo/Log
instanceKlass com/mathworks/toolbox/distcomp/cwo/FevalGateway
instanceKlass com/mathworks/toolbox/distcomp/cwo/CJSFevalErrorHandler
instanceKlass com/mathworks/jmi/MatlabMCRFactory
instanceKlass java/util/logging/Filter
instanceKlass java/util/logging/LogRecord
instanceKlass com/mathworks/toolbox/parallel/pctutil/logging/RootLog
instanceKlass com/mathworks/toolbox/distcomp/cwo/FevalErrorHandler
instanceKlass com/mathworks/toolbox/distcomp/cwo/DistcompEvaluateFileTask
instanceKlass com/mathworks/toolbox/distcomp/util/MatlabRefStore
instanceKlass java/util/stream/IntStream
instanceKlass java/util/stream/BaseStream
instanceKlass java/awt/Component$DummyRequestFocusController
instanceKlass sun/awt/RequestFocusController
instanceKlass java/awt/Component$1
instanceKlass sun/awt/AWTAccessor$ComponentAccessor
instanceKlass java/awt/Component$AWTTreeLock
instanceKlass java/util/logging/Logger$1
instanceKlass java/awt/Component
instanceKlass java/awt/MenuContainer
instanceKlass java/awt/image/ImageObserver
instanceKlass com/mathworks/jmi/ComponentBridge
instanceKlass com/mathworks/helpsearch/SearchConfig
instanceKlass com/mathworks/help/helpui/DocUrlParser
instanceKlass com/mathworks/toolbox/shared/hwconnectinstaller/util/registry/SupportPackageData
instanceKlass java/lang/invoke/LambdaForm$MH
instanceKlass java/lang/invoke/LambdaForm$MH
instanceKlass java/lang/invoke/InnerClassLambdaMetafactory$1
instanceKlass java/awt/GraphicsEnvironment$$Lambda$1
instanceKlass java/lang/invoke/InfoFromMemberName
instanceKlass java/lang/invoke/MethodHandleInfo
instanceKlass sun/security/util/SecurityConstants
instanceKlass java/security/AccessController$1
instanceKlass java/lang/invoke/AbstractValidatingLambdaMetafactory
instanceKlass java/lang/invoke/LambdaForm$BMH
instanceKlass java/lang/invoke/LambdaForm$BMH
instanceKlass java/lang/invoke/LambdaForm$BMH
instanceKlass java/lang/invoke/LambdaForm$BMH
instanceKlass jdk/internal/org/objectweb/asm/FieldVisitor
instanceKlass java/lang/invoke/BoundMethodHandle$Factory$1
instanceKlass java/lang/invoke/BoundMethodHandle$SpeciesData$1
instanceKlass java/lang/invoke/LambdaForm$BMH
instanceKlass java/lang/invoke/LambdaForm$MH
instanceKlass java/lang/invoke/LambdaForm$BMH
instanceKlass java/lang/invoke/LambdaForm$MH
instanceKlass java/lang/invoke/LambdaForm$DMH
instanceKlass java/lang/invoke/LambdaForm$DMH
instanceKlass java/lang/invoke/LambdaForm$BMH
instanceKlass java/lang/invoke/LambdaForm$BMH
instanceKlass java/lang/invoke/LambdaForm$MH
instanceKlass java/lang/invoke/LambdaFormBuffer
instanceKlass java/lang/invoke/LambdaFormEditor
instanceKlass java/lang/invoke/LambdaForm$BMH
instanceKlass java/lang/invoke/LambdaForm$DMH
instanceKlass java/lang/invoke/LambdaForm$DMH
instanceKlass java/lang/invoke/LambdaForm$DMH
instanceKlass java/lang/invoke/LambdaForm$DMH
instanceKlass java/lang/invoke/LambdaForm$MH
instanceKlass java/lang/invoke/LambdaForm$DMH
instanceKlass java/lang/invoke/LambdaForm$DMH
instanceKlass java/lang/invoke/LambdaForm$MH
instanceKlass java/lang/invoke/LambdaForm$DMH
instanceKlass java/lang/invoke/LambdaForm$DMH
instanceKlass java/lang/invoke/LambdaForm$MH
instanceKlass java/lang/invoke/LambdaForm$DMH
instanceKlass java/lang/invoke/LambdaForm$DMH
instanceKlass java/lang/invoke/LambdaForm$MH
instanceKlass java/lang/invoke/LambdaForm$DMH
instanceKlass java/lang/invoke/LambdaForm$DMH
instanceKlass java/lang/invoke/LambdaForm$MH
instanceKlass java/lang/invoke/LambdaForm$DMH
instanceKlass java/lang/invoke/LambdaForm$MH
instanceKlass java/lang/invoke/LambdaForm$DMH
instanceKlass java/lang/invoke/LambdaForm$DMH
instanceKlass java/lang/invoke/LambdaForm$MH
instanceKlass java/lang/invoke/LambdaForm$DMH
instanceKlass java/lang/invoke/LambdaForm$DMH
instanceKlass java/lang/invoke/LambdaForm$MH
instanceKlass java/lang/invoke/LambdaForm$DMH
instanceKlass java/lang/invoke/LambdaForm$MH
instanceKlass java/lang/invoke/LambdaForm$DMH
instanceKlass java/lang/invoke/LambdaForm$MH
instanceKlass java/lang/invoke/LambdaForm$DMH
instanceKlass java/lang/invoke/MethodHandleImpl$Lazy
instanceKlass java/lang/invoke/LambdaForm$BMH
instanceKlass java/lang/invoke/LambdaForm$MH
instanceKlass java/lang/invoke/LambdaForm$DMH
instanceKlass java/lang/invoke/LambdaForm$DMH
instanceKlass java/lang/invoke/LambdaForm$DMH
instanceKlass java/lang/invoke/LambdaForm$DMH
instanceKlass java/lang/invoke/LambdaForm$DMH
instanceKlass java/util/SubList$1
instanceKlass java/lang/invoke/LambdaForm$MH
instanceKlass java/lang/invoke/LambdaForm$MH
instanceKlass java/lang/invoke/LambdaForm$MH
instanceKlass java/lang/invoke/LambdaForm$MH
instanceKlass java/lang/invoke/LambdaForm$MH
instanceKlass java/lang/invoke/LambdaForm$MH
instanceKlass java/lang/invoke/LambdaForm$MH
instanceKlass java/lang/invoke/LambdaForm$MH
instanceKlass java/lang/invoke/LambdaForm$MH
instanceKlass java/lang/invoke/LambdaForm$MH
instanceKlass java/lang/invoke/LambdaForm$MH
instanceKlass java/lang/invoke/LambdaForm$MH
instanceKlass java/lang/invoke/InvokerBytecodeGenerator$CpPatch
instanceKlass java/lang/invoke/LambdaForm$DMH
instanceKlass java/lang/invoke/LambdaForm$DMH
instanceKlass java/lang/invoke/LambdaForm$DMH
instanceKlass java/lang/invoke/LambdaForm$DMH
instanceKlass java/lang/invoke/LambdaForm$DMH
instanceKlass sun/invoke/empty/Empty
instanceKlass sun/invoke/util/VerifyType
instanceKlass java/lang/invoke/InvokerBytecodeGenerator$2
instanceKlass jdk/internal/org/objectweb/asm/AnnotationVisitor
instanceKlass jdk/internal/org/objectweb/asm/Frame
instanceKlass jdk/internal/org/objectweb/asm/Label
instanceKlass jdk/internal/org/objectweb/asm/Type
instanceKlass jdk/internal/org/objectweb/asm/MethodVisitor
instanceKlass jdk/internal/org/objectweb/asm/Item
instanceKlass jdk/internal/org/objectweb/asm/ByteVector
instanceKlass jdk/internal/org/objectweb/asm/ClassVisitor
instanceKlass java/lang/invoke/InvokerBytecodeGenerator
instanceKlass java/util/AbstractList$Itr
instanceKlass java/util/Collections$UnmodifiableCollection$1
instanceKlass java/lang/invoke/DirectMethodHandle$Lazy
instanceKlass sun/invoke/util/BytecodeDescriptor
instanceKlass java/lang/invoke/BoundMethodHandle$Factory
instanceKlass java/lang/invoke/BoundMethodHandle$SpeciesData
instanceKlass java/lang/invoke/LambdaForm$NamedFunction
instanceKlass java/lang/invoke/LambdaForm$Name
instanceKlass sun/invoke/util/ValueConversions
instanceKlass sun/invoke/util/VerifyAccess
instanceKlass java/lang/Character$CharacterCache
instanceKlass java/lang/Short$ShortCache
instanceKlass java/lang/Byte$ByteCache
instanceKlass sun/invoke/util/Wrapper$Format
instanceKlass java/lang/invoke/MethodHandles
instanceKlass java/lang/invoke/Invokers
instanceKlass java/lang/invoke/MethodTypeForm
instanceKlass java/lang/invoke/MethodType$ConcurrentWeakInternSet
instanceKlass java/lang/invoke/MethodHandles$Lookup
instanceKlass java/lang/invoke/LambdaMetafactory
instanceKlass java/awt/GraphicsEnvironment
instanceKlass java/awt/Toolkit$1
instanceKlass java/awt/Toolkit$3
instanceKlass java/util/ResourceBundle$RBClassLoader$1
instanceKlass java/awt/Toolkit$5
instanceKlass sun/awt/AWTAccessor
instanceKlass java/awt/Toolkit$4
instanceKlass sun/awt/AWTAccessor$ToolkitAccessor
instanceKlass java/awt/Toolkit
instanceKlass sun/awt/DisplayChangedListener
instanceKlass com/mathworks/hg/util/JavaSystemScreenInfoProvider
instanceKlass javax/swing/event/EventListenerList
instanceKlass com/mathworks/hg/util/AbstractSystemScreenInfoProvider
instanceKlass com/mathworks/hg/util/DisplayChangeManager
instanceKlass com/mathworks/hg/util/NativeHG
instanceKlass com/mathworks/hg/GraphicsOpenGL
instanceKlass com/mathworks/help/helpui/DocRoot
instanceKlass com/mathworks/helpsearch/DocPathBuilder
instanceKlass com/mathworks/helpsearch/product/ProductFilter
instanceKlass com/mathworks/help/helpui/WebDocBaseRootsFactory
instanceKlass com/mathworks/mlwidgets/help/DocCenterDocConfig$DocConfigExceptionHandler
instanceKlass com/mathworks/helpsearch/product/DocumentationSet
instanceKlass com/mathworks/help/helpui/DocConfigBase
instanceKlass com/mathworks/help/helpui/AbstractDocConfig
instanceKlass com/mathworks/help/helpui/DocConfig
instanceKlass com/mathworks/toolbox/shared/hwconnectinstaller/util/registry/PackageInfoLoader
instanceKlass com/mathworks/instutil/Platform
instanceKlass com/mathworks/instutil/FilePermissionsUtil
instanceKlass com/mathworks/instutil/FilePermissions
instanceKlass com/mathworks/jmi/AutoConvertStringToMatlabChar
instanceKlass com/mathworks/beans/EnumPair
instanceKlass com/mathworks/jmi/bean/UDDMethodDescription
instanceKlass com/mathworks/jmi/bean/UDDPropertyDescription
instanceKlass com/mathworks/jmi/bean/UDDBeanClass
instanceKlass com/mathworks/jmi/bean/OpCode
instanceKlass com/mathworks/jmi/bean/ClassFileConstants
instanceKlass com/mathworks/jmi/bean/UDDListener
instanceKlass com/mathworks/util/DeleteOnExitShutdownInitializer$1
instanceKlass com/mathworks/util/DeleteOnExitShutdownInitializer
instanceKlass com/mathworks/matlabserver/workercommon/client/ClientServiceRegistryFacade
instanceKlass com/mathworks/matlabserver/workercommon/client/ClientServiceRegistryFactory
instanceKlass com/google/gson/internal/$Gson$Types$ParameterizedTypeImpl
instanceKlass sun/reflect/generics/reflectiveObjects/LazyReflectiveObjectGenerator
instanceKlass java/lang/reflect/TypeVariable
instanceKlass sun/reflect/generics/reflectiveObjects/ParameterizedTypeImpl
instanceKlass com/mathworks/connector/client_services/UserManagerImpl$SupportedProducts
instanceKlass sun/reflect/generics/visitor/Reifier
instanceKlass sun/reflect/generics/visitor/TypeTreeVisitor
instanceKlass sun/reflect/generics/tree/ClassSignature
instanceKlass sun/reflect/generics/tree/Signature
instanceKlass sun/reflect/generics/tree/ClassTypeSignature
instanceKlass sun/reflect/generics/tree/SimpleClassTypeSignature
instanceKlass sun/reflect/generics/tree/FieldTypeSignature
instanceKlass sun/reflect/generics/tree/BaseType
instanceKlass sun/reflect/generics/tree/TypeSignature
instanceKlass sun/reflect/generics/tree/ReturnType
instanceKlass sun/reflect/generics/tree/TypeArgument
instanceKlass sun/reflect/generics/tree/FormalTypeParameter
instanceKlass sun/reflect/generics/tree/TypeTree
instanceKlass sun/reflect/generics/tree/Tree
instanceKlass sun/reflect/generics/parser/SignatureParser
instanceKlass sun/reflect/generics/factory/CoreReflectionFactory
instanceKlass sun/reflect/generics/factory/GenericsFactory
instanceKlass sun/reflect/generics/scope/AbstractScope
instanceKlass sun/reflect/generics/scope/Scope
instanceKlass com/mathworks/connector/client_services/UserManagerImpl
instanceKlass com/mathworks/matlabserver/internalservices/workersecurity/UserManager
instanceKlass com/mathworks/connector/client_services/ClientCommandWindowServiceImpl
instanceKlass com/mathworks/matlabserver/workercommon/client/services/ClientCommandWindowService
instanceKlass com/mathworks/connector/client_services/ClientBrowserServiceImpl
instanceKlass com/mathworks/matlabserver/workercommon/client/services/ClientBrowserService
instanceKlass com/mathworks/connector/client_services/ClientEditorServiceImpl
instanceKlass com/mathworks/matlabserver/workercommon/client/services/ClientEditorService
instanceKlass com/mathworks/matlabserver/workercommon/client/services/MessageProducer
instanceKlass com/mathworks/matlabserver/workercommon/client/impl/ClientServiceRegistryImpl
instanceKlass com/mathworks/matlabserver/connector/api/ConnectorLifecycleHelper
instanceKlass com/mathworks/connector/json/impl/JsonDeserializationServiceProvider
instanceKlass com/mathworks/connector/json/impl/JsonSerializationServiceProvider
instanceKlass com/mathworks/connector/MessageBase
instanceKlass com/google/gson/TreeTypeAdapter$SingleTypeFactory
instanceKlass com/google/gson/internal/$Gson$Types$GenericArrayTypeImpl
instanceKlass java/lang/reflect/ParameterizedType
instanceKlass java/lang/reflect/GenericArrayType
instanceKlass java/lang/reflect/WildcardType
instanceKlass com/google/gson/internal/$Gson$Types
instanceKlass com/google/gson/reflect/TypeToken
instanceKlass com/google/gson/InstanceCreator
instanceKlass com/google/gson/internal/$Gson$Preconditions
instanceKlass com/google/gson/JsonSerializer
instanceKlass com/mathworks/connector/json/impl/JsonSerializerImpl$GenericMessageDeserializer
instanceKlass com/google/gson/JsonDeserializer
instanceKlass com/mathworks/connector/json/impl/JsonSerializerImpl
instanceKlass com/google/gson/internal/bind/ReflectiveTypeAdapterFactory$BoundField
instanceKlass com/google/gson/internal/bind/ReflectiveTypeAdapterFactory
instanceKlass com/google/gson/internal/bind/MapTypeAdapterFactory
instanceKlass com/google/gson/internal/bind/CollectionTypeAdapterFactory
instanceKlass com/google/gson/internal/bind/ArrayTypeAdapter$1
instanceKlass com/google/gson/internal/bind/SqlDateTypeAdapter$1
instanceKlass com/google/gson/internal/bind/TimeTypeAdapter$1
instanceKlass java/util/Date
instanceKlass com/google/gson/internal/bind/DateTypeAdapter$1
instanceKlass java/text/Format
instanceKlass com/google/gson/internal/bind/ObjectTypeAdapter$1
instanceKlass com/google/gson/internal/bind/TypeAdapters$26
instanceKlass com/google/gson/internal/bind/TypeAdapters$30
instanceKlass java/util/Calendar
instanceKlass com/google/gson/internal/bind/TypeAdapters$22
instanceKlass java/util/UUID
instanceKlass com/google/gson/internal/bind/TypeAdapters$31
instanceKlass java/net/InetAddress
instanceKlass com/google/gson/internal/bind/TypeAdapters$29
instanceKlass com/google/gson/internal/bind/TypeAdapters$28
instanceKlass com/google/gson/internal/bind/TypeAdapters
instanceKlass com/google/gson/internal/ObjectConstructor
instanceKlass com/google/gson/internal/ConstructorConstructor
instanceKlass com/google/gson/Gson$2
instanceKlass com/google/gson/Gson$1
instanceKlass com/google/gson/JsonSerializationContext
instanceKlass com/google/gson/JsonDeserializationContext
instanceKlass com/google/gson/stream/JsonReader
instanceKlass com/google/gson/stream/JsonWriter
instanceKlass com/google/gson/Gson
instanceKlass com/google/gson/JsonElement
instanceKlass com/google/gson/TypeAdapter
instanceKlass com/google/gson/internal/Excluder
instanceKlass com/google/gson/TypeAdapterFactory
instanceKlass com/google/gson/FieldNamingStrategy
instanceKlass com/google/gson/GsonBuilder
instanceKlass com/mathworks/cosg/CosgRegistryFactory
instanceKlass com/mathworks/connector/Message
instanceKlass com/mathworks/connector/cosg/impl/CosgRegistryImpl
instanceKlass com/mathworks/connector/Address
instanceKlass com/mathworks/connector/impl/ContextImpl
instanceKlass com/mathworks/cosg/CosgRegistry
instanceKlass com/mathworks/connector/cosg/impl/CosgServiceProvider
instanceKlass com/mathworks/messageservice/builders/MessageServiceBuilder
instanceKlass com/mathworks/connector/Future$Continuation
instanceKlass com/mathworks/connector/native_bridge/impl/NativeBridgeServiceProvider
instanceKlass com/mathworks/connector/Context
instanceKlass com/mathworks/connector/impl/ConnectorImpl
instanceKlass com/mathworks/connector/json/JsonSerializer
instanceKlass com/mathworks/connector/native_bridge/NativeBridge
instanceKlass com/mathworks/matlabserver/connector/api/Server
instanceKlass com/mathworks/matlabserver/connector/util/SessionNonceHelper
instanceKlass com/mathworks/connector/Connector
instanceKlass com/mathworks/mlservices/MLExecutionListener
instanceKlass javax/swing/event/ChangeListener
instanceKlass com/mathworks/connector/ServiceProvider
instanceKlass com/mathworks/cosg/CosgMessageHandler
instanceKlass com/mathworks/matlabserver/workercommon/client/ClientServiceRegistry
instanceKlass com/mathworks/connector/message_service/api/JniMessageServiceAdaptor
instanceKlass java/net/URI$Parser
instanceKlass java/net/URI
instanceKlass java/util/TimSort
instanceKlass java/util/Arrays$LegacyMergeSort
instanceKlass com/mathworks/connector/standalone_host/StandaloneHost$1
instanceKlass java/net/URLEncoder
instanceKlass java/net/URLDecoder
instanceKlass com/mathworks/connector/standalone_host/StandaloneHost
instanceKlass com/mathworks/matlabserver/connector/api/Connector
instanceKlass com/mathworks/matlabserver/connector/api/AutoStart
instanceKlass java/awt/AWTEventMulticaster
instanceKlass java/awt/event/MouseWheelListener
instanceKlass java/awt/event/HierarchyBoundsListener
instanceKlass java/awt/event/HierarchyListener
instanceKlass java/awt/event/InputMethodListener
instanceKlass java/awt/event/TextListener
instanceKlass java/awt/event/AdjustmentListener
instanceKlass java/awt/event/ItemListener
instanceKlass java/awt/event/WindowStateListener
instanceKlass java/awt/event/WindowFocusListener
instanceKlass java/awt/event/WindowListener
instanceKlass java/awt/event/MouseMotionListener
instanceKlass java/awt/event/MouseListener
instanceKlass java/awt/event/KeyListener
instanceKlass java/awt/event/FocusListener
instanceKlass java/awt/event/ContainerListener
instanceKlass java/awt/event/ComponentListener
instanceKlass com/mathworks/jmi/MatlabPath$PathCallback
instanceKlass com/mathworks/services/message/MWHandler
instanceKlass com/mathworks/jmi/MatlabMCR
instanceKlass java/util/EventObject
instanceKlass java/io/FilenameFilter
instanceKlass com/mathworks/jmi/MatlabPath
instanceKlass com/mathworks/mlwidgets/prefs/InitialWorkingFolder$1
instanceKlass java/awt/event/ActionListener
instanceKlass com/mathworks/mlwidgets/prefs/InitialWorkingFolder
instanceKlass com/mathworks/services/AntialiasedFontPrefs
instanceKlass org/apache/log4j/helpers/AppenderAttachableImpl
instanceKlass org/apache/log4j/CategoryKey
instanceKlass org/apache/log4j/helpers/LogLog
instanceKlass org/apache/log4j/helpers/Loader
instanceKlass org/apache/log4j/spi/Configurator
instanceKlass org/apache/log4j/helpers/OptionConverter
instanceKlass org/apache/log4j/spi/DefaultRepositorySelector
instanceKlass org/apache/log4j/DefaultCategoryFactory
instanceKlass org/apache/log4j/or/DefaultRenderer
instanceKlass org/apache/log4j/or/ObjectRenderer
instanceKlass org/apache/log4j/or/RendererMap
instanceKlass org/apache/log4j/spi/LoggerFactory
instanceKlass org/apache/log4j/Hierarchy
instanceKlass org/apache/log4j/spi/RendererSupport
instanceKlass org/apache/log4j/spi/RepositorySelector
instanceKlass org/apache/log4j/spi/LoggerRepository
instanceKlass org/apache/log4j/LogManager
instanceKlass org/apache/log4j/Category
instanceKlass org/apache/log4j/spi/AppenderAttachable
instanceKlass org/apache/log4j/helpers/OnlyOnceErrorHandler
instanceKlass org/apache/log4j/spi/ErrorHandler
instanceKlass org/apache/log4j/Priority
instanceKlass org/apache/log4j/AppenderSkeleton
instanceKlass org/apache/log4j/spi/OptionHandler
instanceKlass org/apache/log4j/Appender
instanceKlass com/mathworks/services/Log4JConfiguration
instanceKlass com/mathworks/html/HtmlDataListener
instanceKlass com/mathworks/html/SystemBrowserLauncher
instanceKlass com/mathworks/mlwidgets/html/MatlabSystemBrowserStrategy
instanceKlass java/net/SocketAddress
instanceKlass com/mathworks/net/transport/AbstractTransportClientProperties
instanceKlass java/util/logging/LogManager$5
instanceKlass sun/reflect/UnsafeFieldAccessorFactory
instanceKlass java/util/logging/LoggingProxyImpl
instanceKlass sun/util/logging/LoggingProxy
instanceKlass sun/util/logging/LoggingSupport$1
instanceKlass sun/util/logging/LoggingSupport
instanceKlass sun/util/logging/PlatformLogger$LoggerProxy
instanceKlass sun/util/logging/PlatformLogger$1
instanceKlass sun/util/logging/PlatformLogger
instanceKlass java/util/logging/LogManager$LoggerContext$1
instanceKlass java/util/logging/LogManager$3
instanceKlass java/util/logging/LogManager$2
instanceKlass java/lang/Shutdown$Lock
instanceKlass java/lang/Shutdown
instanceKlass java/lang/ApplicationShutdownHooks$1
instanceKlass java/lang/ApplicationShutdownHooks
instanceKlass java/util/logging/LogManager$LogNode
instanceKlass java/util/logging/LogManager$LoggerContext
instanceKlass java/util/logging/LogManager$1
instanceKlass java/util/logging/LogManager
instanceKlass java/util/concurrent/CopyOnWriteArrayList
instanceKlass java/util/logging/Logger$LoggerBundle
instanceKlass java/util/logging/Level$KnownLevel
instanceKlass java/util/logging/Level
instanceKlass java/util/logging/Handler
instanceKlass java/util/logging/Logger
instanceKlass java/net/Authenticator
instanceKlass com/mathworks/net/transport/MWTransportClientProperties
instanceKlass com/mathworks/net/transport/MWTransportClientPropertiesFactory
instanceKlass com/mathworks/html/SystemBrowserStrategy
instanceKlass com/mathworks/mlwidgets/html/HTMLPrefs
instanceKlass java/lang/reflect/WeakCache$Value
instanceKlass sun/misc/ProxyGenerator$ExceptionTableEntry
instanceKlass sun/misc/ProxyGenerator$PrimitiveTypeInfo
instanceKlass java/lang/Void
instanceKlass sun/misc/ProxyGenerator$FieldInfo
instanceKlass java/io/DataOutput
instanceKlass sun/misc/ProxyGenerator$ConstantPool$Entry
instanceKlass sun/misc/ProxyGenerator$MethodInfo
instanceKlass sun/misc/ProxyGenerator$ProxyMethod
instanceKlass sun/misc/ProxyGenerator$ConstantPool
instanceKlass sun/security/action/GetBooleanAction
instanceKlass sun/misc/ProxyGenerator
instanceKlass java/lang/reflect/WeakCache$Factory
instanceKlass java/util/function/Supplier
instanceKlass java/lang/reflect/Proxy$ProxyClassFactory
instanceKlass java/lang/reflect/Proxy$KeyFactory
instanceKlass java/util/function/BiFunction
instanceKlass java/lang/reflect/WeakCache
instanceKlass java/lang/reflect/Proxy
instanceKlass com/mathworks/util/event/EventListenerList$1
instanceKlass com/mathworks/util/Disposable
instanceKlass java/lang/reflect/InvocationHandler
instanceKlass com/mathworks/util/event/EventListenerList
instanceKlass java/util/Collections$SynchronizedMap
instanceKlass com/mathworks/util/event/GlobalEventManager
instanceKlass com/mathworks/services/Prefs$1
instanceKlass sun/nio/ch/Interruptible
instanceKlass java/util/concurrent/locks/LockSupport
instanceKlass java/util/RegularEnumSet$EnumSetIterator
instanceKlass java/lang/Class$4
instanceKlass java/lang/Class$MethodArray
instanceKlass com/mathworks/services/settings/SettingInfo
instanceKlass com/mathworks/services/settings/SettingAdapter
instanceKlass java/util/concurrent/atomic/AtomicReference
instanceKlass com/mathworks/services/settings/SettingPath$TreeReference$1
instanceKlass com/mathworks/services/settings/SettingPath$TreeReference
instanceKlass com/mathworks/mvm/eventmgr/MvmDynamicEvent
instanceKlass com/mathworks/mvm/eventmgr/prompt/HomeEvent
instanceKlass com/mathworks/mvm/eventmgr/prompt/CLCEvent
instanceKlass com/mathworks/mvm/eventmgr/SinkTextEvent
instanceKlass com/mathworks/mvm/eventmgr/prompt/DebugLoopEvent
instanceKlass com/mathworks/mvm/eventmgr/prompt/IqmInputRequestEvent
instanceKlass com/mathworks/mvm/eventmgr/prompt/InputRequestEvent
instanceKlass com/mathworks/mvm/eventmgr/DefaultEventMgr$MvmNativeMethods
instanceKlass com/mathworks/mvm/eventmgr/DefaultEventMgr$FactoryNativeMethods
instanceKlass com/mathworks/mvm/eventmgr/DefaultEventMgr$SessionNativeMethods
instanceKlass com/mathworks/mvm/eventmgr/DefaultEventMgr$NativeMethods
instanceKlass com/mathworks/mvm/eventmgr/InsecureReflection
instanceKlass com/mathworks/mvm/exec/FutureResult
instanceKlass java/util/concurrent/Future
instanceKlass com/mathworks/mvm/exec/MatlabIIP
instanceKlass com/mathworks/mvm/exec/NativeFutureResult
instanceKlass com/mathworks/mvm/exec/MatlabRequest
instanceKlass com/mathworks/mvm/MvmImpl
instanceKlass com/mathworks/mvm/MVM
instanceKlass com/mathworks/mvm/eventmgr/EventMgr
instanceKlass com/mathworks/mvm/MvmFactory
instanceKlass java/util/concurrent/Callable
instanceKlass com/mathworks/mvm/context/ThreadContext
instanceKlass com/mathworks/mvm/context/MvmContext
instanceKlass com/mathworks/services/settings/SettingTestEnvironment
instanceKlass com/mathworks/services/settings/SettingTransaction
instanceKlass com/mathworks/services/settings/SettingLevel$Helper
instanceKlass java/awt/geom/RectangularShape
instanceKlass java/awt/Shape
instanceKlass java/awt/Color
instanceKlass java/awt/Paint
instanceKlass java/awt/Transparency
instanceKlass java/awt/Font
instanceKlass com/mathworks/services/settings/SettingConverter
instanceKlass com/mathworks/services/settings/Setting
instanceKlass java/io/FileFilter
instanceKlass javax/swing/text/EditorKit
instanceKlass com/mathworks/cfbutils/FileUtils
instanceKlass com/mathworks/util/FileUtils
instanceKlass com/mathworks/services/RGBInteger
instanceKlass com/mathworks/services/Prefs$pairSet
instanceKlass com/mathworks/util/Log
instanceKlass com/mathworks/util/CharBuffer
instanceKlass java/util/concurrent/LinkedBlockingQueue$Node
instanceKlass java/util/concurrent/locks/AbstractQueuedSynchronizer$ConditionObject
instanceKlass java/util/concurrent/locks/Condition
instanceKlass java/util/concurrent/locks/AbstractQueuedSynchronizer$Node
instanceKlass java/util/concurrent/locks/AbstractOwnableSynchronizer
instanceKlass java/util/concurrent/BlockingQueue
instanceKlass java/util/concurrent/ThreadPoolExecutor$AbortPolicy
instanceKlass java/util/concurrent/RejectedExecutionHandler
instanceKlass java/util/concurrent/AbstractExecutorService
instanceKlass java/util/concurrent/ExecutorService
instanceKlass java/util/concurrent/Executor
instanceKlass java/util/concurrent/Executors
instanceKlass com/mathworks/util/DaemonThreadFactory
instanceKlass java/util/concurrent/ThreadFactory
instanceKlass com/mathworks/util/ThreadUtils
instanceKlass com/mathworks/services/Prefs$TwoWayMap
instanceKlass com/mathworks/services/lmgr/events/Heartbeat
instanceKlass com/mathworks/services/lmgr/events/LicServerReconnectDone
instanceKlass com/mathworks/services/lmgr/events/LicServerReconnectAttempt
instanceKlass sun/net/www/protocol/jar/JarFileFactory
instanceKlass sun/net/www/protocol/jar/URLJarFile$URLJarFileCloseController
instanceKlass java/net/URLClassLoader$2
instanceKlass java/util/ResourceBundle$Control$1
instanceKlass java/util/LinkedList$Node
instanceKlass java/util/ResourceBundle$CacheKeyReference
instanceKlass java/util/ResourceBundle$CacheKey
instanceKlass java/util/ResourceBundle$Control
instanceKlass java/net/URLClassLoader$3$1
instanceKlass sun/misc/CompoundEnumeration
instanceKlass java/net/URLClassLoader$3
instanceKlass sun/misc/URLClassPath$1
instanceKlass java/lang/ClassLoader$2
instanceKlass sun/misc/URLClassPath$2
instanceKlass sun/misc/Launcher$BootClassPathHolder$1
instanceKlass sun/misc/Launcher$BootClassPathHolder
instanceKlass java/util/ServiceLoader$1
instanceKlass java/util/ServiceLoader$LazyIterator
instanceKlass java/util/ServiceLoader
instanceKlass java/util/spi/ResourceBundleControlProvider
instanceKlass java/util/ResourceBundle
instanceKlass com/mathworks/services/Prefs$PrefString
instanceKlass com/mathworks/services/settings/SettingListener
instanceKlass com/mathworks/services/Prefs
instanceKlass com/mathworks/util/LanguageUtils
instanceKlass com/mathworks/util/SystemPropertiesInitializer
instanceKlass java/util/ArrayList$Itr
instanceKlass com/mathworks/util/PostVMInit$StartupClass
instanceKlass com/mathworks/util/PostVMInit
instanceKlass com/mathworks/jmi/bean/IMatlabObjectListener
instanceKlass com/mathworks/jmi/bean/UDDObject
instanceKlass com/mathworks/jmi/bean/DynamicProperties
instanceKlass com/mathworks/jmi/bean/MTObject
instanceKlass com/mathworks/services/Browseable
instanceKlass com/mathworks/jmi/bean/TreeObject
instanceKlass com/mathworks/jmi/types/MLArrayRef
instanceKlass com/mathworks/jmi/idlebusy/MatlabIdleBusyStatusEvent
instanceKlass com/mathworks/mvm/eventmgr/FirableMvmEvent
instanceKlass com/mathworks/mvm/eventmgr/MvmTypedEvent
instanceKlass com/mathworks/mvm/eventmgr/MvmEvent
instanceKlass java/lang/ClassLoaderHelper
instanceKlass com/mathworks/util/NativeJavaSwitch
instanceKlass com/mathworks/util/ClassLoaderBridge
instanceKlass com/mathworks/jmi/Matlab$2
instanceKlass java/beans/PropertyChangeListener
instanceKlass com/mathworks/util/PlatformInfo
instanceKlass com/mathworks/util/FactoryUtilAdapter
instanceKlass com/mathworks/jmi/Matlab$MatlabQuitListener
instanceKlass java/lang/Long$LongCache
instanceKlass com/mathworks/jmi/MatlabLooper
instanceKlass com/mathworks/util/ClassLoaderSupplier
instanceKlass com/mathworks/util/FactoryUtilSupplier
instanceKlass com/mathworks/jmi/MatlabListener
instanceKlass com/mathworks/jmi/CompletionObserver
instanceKlass java/util/TimerTask
instanceKlass com/mathworks/util/event/GlobalEventListener
instanceKlass java/util/EventListener
instanceKlass com/mathworks/jmi/Matlab
instanceKlass com/mathworks/mvm/helpers/MatlabPrintStreamManager
instanceKlass com/mathworks/jmi/MatlabLanguage
instanceKlass com/mathworks/jmi/NativeMatlab$MCRIDGetter
instanceKlass com/mathworks/jmi/NativeMatlab
instanceKlass com/mathworks/util/FactoryUtils
instanceKlass java/io/ObjectStreamConstants
instanceKlass java/io/ObjectInput
instanceKlass java/io/DataInput
instanceKlass com/mathworks/jmi/OpaqueJavaInterface
instanceKlass java/io/FilePermission$1
instanceKlass sun/net/www/MessageHeader
instanceKlass java/net/URLConnection
instanceKlass java/security/PermissionCollection
instanceKlass sun/nio/ByteBuffered
instanceKlass sun/security/util/ManifestEntryVerifier
instanceKlass sun/security/util/DisabledAlgorithmConstraints$1
instanceKlass sun/security/util/DisabledAlgorithmConstraints$Constraint
instanceKlass java/util/regex/Matcher
instanceKlass java/util/regex/MatchResult
instanceKlass sun/security/util/DisabledAlgorithmConstraints$Constraints
instanceKlass java/util/ArrayList$SubList$1
instanceKlass java/util/ListIterator
instanceKlass java/util/Properties$LineReader
instanceKlass java/security/Security$1
instanceKlass java/security/Security
instanceKlass sun/security/util/AbstractAlgorithmConstraints$1
instanceKlass java/util/regex/ASCII
instanceKlass java/util/regex/Pattern$TreeInfo
instanceKlass java/util/regex/Pattern$Node
instanceKlass java/util/regex/Pattern
instanceKlass sun/security/util/AlgorithmDecomposer
instanceKlass sun/security/util/AbstractAlgorithmConstraints
instanceKlass java/security/AlgorithmConstraints
instanceKlass sun/security/util/SignatureFileVerifier
instanceKlass java/lang/Package
instanceKlass java/util/jar/JarVerifier$3
instanceKlass java/security/CodeSigner
instanceKlass java/util/jar/JarVerifier
instanceKlass java/util/jar/Attributes$Name
instanceKlass java/util/jar/Attributes
instanceKlass sun/misc/Resource
instanceKlass sun/misc/IOUtils
instanceKlass java/util/zip/ZStreamRef
instanceKlass java/util/zip/Inflater
instanceKlass java/util/zip/ZipEntry
instanceKlass sun/misc/ExtensionDependency
instanceKlass sun/misc/JarIndex
instanceKlass sun/nio/ch/DirectBuffer
instanceKlass sun/misc/PerfCounter$CoreCounters
instanceKlass sun/misc/Perf
instanceKlass sun/misc/Perf$GetPerfAction
instanceKlass sun/misc/PerfCounter
instanceKlass java/util/zip/ZipCoder
instanceKlass java/util/Deque
instanceKlass java/util/Queue
instanceKlass java/nio/charset/StandardCharsets
instanceKlass java/util/jar/JavaUtilJarAccessImpl
instanceKlass sun/misc/JavaUtilJarAccess
instanceKlass sun/misc/FileURLMapper
instanceKlass sun/misc/URLClassPath$JarLoader$1
instanceKlass sun/nio/cs/ThreadLocalCoders$Cache
instanceKlass sun/nio/cs/ThreadLocalCoders
instanceKlass java/util/zip/ZipFile$1
instanceKlass sun/misc/JavaUtilZipFileAccess
instanceKlass java/util/zip/ZipFile
instanceKlass java/util/zip/ZipConstants
instanceKlass sun/misc/URLClassPath$Loader
instanceKlass sun/misc/URLClassPath$3
instanceKlass sun/net/util/URLUtil
instanceKlass java/net/URLClassLoader$1
instanceKlass java/io/FileOutputStream$1
instanceKlass sun/usagetracker/UsageTrackerClient$3
instanceKlass java/lang/ProcessEnvironment$CheckedEntry
instanceKlass java/util/HashMap$HashIterator
instanceKlass java/lang/ProcessEnvironment$CheckedEntrySet$1
instanceKlass java/util/Collections$UnmodifiableMap
instanceKlass java/lang/ProcessEnvironment$EntryComparator
instanceKlass java/lang/ProcessEnvironment$NameComparator
instanceKlass sun/usagetracker/UsageTrackerClient$2
instanceKlass sun/usagetracker/UsageTrackerClient$4
instanceKlass sun/usagetracker/UsageTrackerClient$1
instanceKlass java/util/concurrent/atomic/AtomicBoolean
instanceKlass sun/usagetracker/UsageTrackerClient
instanceKlass sun/misc/PostVMInitHook
instanceKlass java/lang/invoke/MethodHandleStatics$1
instanceKlass java/lang/invoke/MethodHandleStatics
instanceKlass java/lang/invoke/MemberName$Factory
instanceKlass java/lang/ClassValue$Version
instanceKlass java/lang/ClassValue$Identity
instanceKlass java/lang/ClassValue
instanceKlass java/lang/invoke/MethodHandleImpl$3
instanceKlass java/lang/invoke/MethodHandleImpl$2
instanceKlass java/util/function/Function
instanceKlass java/lang/invoke/MethodHandleImpl$1
instanceKlass java/lang/Integer$IntegerCache
instanceKlass java/lang/invoke/MethodHandleImpl
instanceKlass java/lang/SystemClassLoaderAction
instanceKlass java/util/LinkedHashMap$LinkedHashIterator
instanceKlass sun/misc/Launcher$AppClassLoader$1
instanceKlass sun/misc/URLClassPath
instanceKlass java/security/Principal
instanceKlass java/security/ProtectionDomain$Key
instanceKlass java/security/ProtectionDomain$2
instanceKlass sun/misc/JavaSecurityProtectionDomainAccess
instanceKlass java/security/ProtectionDomain$JavaSecurityAccessImpl
instanceKlass sun/misc/JavaSecurityAccess
instanceKlass java/net/URLStreamHandler
instanceKlass java/net/Parts
instanceKlass java/util/BitSet
instanceKlass sun/net/www/ParseUtil
instanceKlass java/io/FileInputStream$1
instanceKlass sun/util/locale/LocaleUtils
instanceKlass java/util/Locale$LocaleKey
instanceKlass sun/util/locale/BaseLocale$Key
instanceKlass sun/util/locale/BaseLocale
instanceKlass java/util/concurrent/ConcurrentHashMap$CollectionView
instanceKlass java/util/concurrent/ConcurrentHashMap$CounterCell
instanceKlass java/util/concurrent/ConcurrentHashMap$Node
instanceKlass java/util/concurrent/locks/ReentrantLock
instanceKlass java/util/concurrent/locks/Lock
instanceKlass java/util/concurrent/ConcurrentMap
instanceKlass sun/util/locale/LocaleObjectCache
instanceKlass java/util/Locale
instanceKlass java/lang/reflect/Array
instanceKlass java/io/Reader
instanceKlass sun/misc/MetaIndex
instanceKlass sun/misc/Launcher$ExtClassLoader$1
instanceKlass java/util/StringTokenizer
instanceKlass java/net/URLClassLoader$7
instanceKlass sun/misc/JavaNetAccess
instanceKlass java/lang/ClassLoader$ParallelLoaders
instanceKlass sun/security/util/Debug
instanceKlass sun/misc/Launcher$Factory
instanceKlass java/net/URLStreamHandlerFactory
instanceKlass java/lang/Compiler$1
instanceKlass java/lang/Compiler
instanceKlass java/lang/System$2
instanceKlass sun/misc/JavaLangAccess
instanceKlass sun/io/Win32ErrorMode
instanceKlass sun/misc/OSEnvironment
instanceKlass sun/misc/NativeSignalHandler
instanceKlass sun/misc/Signal
instanceKlass java/lang/Terminator$1
instanceKlass sun/misc/SignalHandler
instanceKlass java/lang/Terminator
instanceKlass java/lang/ClassLoader$NativeLibrary
instanceKlass java/io/ExpiringCache$Entry
instanceKlass java/lang/ClassLoader$3
instanceKlass java/lang/StringCoding$StringEncoder
instanceKlass java/nio/file/Path
instanceKlass java/nio/file/Watchable
instanceKlass java/lang/Enum
instanceKlass java/io/ExpiringCache
instanceKlass java/io/FileSystem
instanceKlass java/io/DefaultFileSystem
instanceKlass java/lang/Runtime
instanceKlass java/nio/charset/CoderResult$Cache
instanceKlass java/nio/charset/CoderResult
instanceKlass java/lang/Readable
instanceKlass java/nio/Bits$1
instanceKlass sun/misc/JavaNioAccess
instanceKlass java/nio/ByteOrder
instanceKlass java/nio/Bits
instanceKlass java/nio/charset/CharsetEncoder
instanceKlass sun/nio/cs/ArrayEncoder
instanceKlass sun/security/action/GetPropertyAction
instanceKlass java/io/Writer
instanceKlass sun/reflect/misc/ReflectUtil
instanceKlass java/util/concurrent/atomic/AtomicReferenceFieldUpdater$AtomicReferenceFieldUpdaterImpl$1
instanceKlass java/security/PrivilegedExceptionAction
instanceKlass java/util/concurrent/atomic/AtomicReferenceFieldUpdater
instanceKlass java/io/OutputStream
instanceKlass java/io/Flushable
instanceKlass java/io/FileDescriptor$1
instanceKlass sun/misc/JavaIOFileDescriptorAccess
instanceKlass java/io/FileDescriptor
instanceKlass sun/misc/Version
instanceKlass java/lang/CharacterData
instanceKlass java/util/Hashtable$Enumerator
instanceKlass java/util/Iterator
instanceKlass java/util/Enumeration
instanceKlass java/util/Objects
instanceKlass java/util/Collections$SynchronizedCollection
instanceKlass java/nio/charset/CodingErrorAction
instanceKlass java/nio/charset/CharsetDecoder
instanceKlass sun/nio/cs/ArrayDecoder
instanceKlass sun/nio/cs/ext/DelegatableDecoder
instanceKlass sun/nio/cs/ext/DoubleByte
instanceKlass java/lang/StringCoding$StringDecoder
instanceKlass java/lang/ThreadLocal$ThreadLocalMap
instanceKlass java/lang/StringCoding
instanceKlass sun/nio/cs/HistoricallyNamedCharset
instanceKlass java/util/TreeMap$Entry
instanceKlass sun/misc/ASCIICaseInsensitiveComparator
instanceKlass java/util/NavigableMap
instanceKlass java/util/SortedMap
instanceKlass sun/reflect/ReflectionFactory$1
instanceKlass java/lang/Class$1
instanceKlass java/nio/charset/Charset$ExtendedProviderHolder$1
instanceKlass java/nio/charset/Charset$ExtendedProviderHolder
instanceKlass java/util/Arrays
instanceKlass java/lang/reflect/ReflectAccess
instanceKlass sun/reflect/LangReflectAccess
instanceKlass java/lang/reflect/Modifier
instanceKlass sun/reflect/annotation/AnnotationType
instanceKlass java/lang/Class$AnnotationData
instanceKlass sun/reflect/generics/repository/AbstractRepository
instanceKlass java/lang/Class$Atomic
instanceKlass java/lang/Class$ReflectionData
instanceKlass java/lang/Class$3
instanceKlass java/lang/ThreadLocal
instanceKlass java/nio/charset/spi/CharsetProvider
instanceKlass java/nio/charset/Charset
instanceKlass java/lang/Math
instanceKlass java/util/Hashtable$Entry
instanceKlass sun/misc/VM
instanceKlass java/util/HashMap$Node
instanceKlass java/util/Map$Entry
instanceKlass sun/reflect/Reflection
instanceKlass sun/misc/SharedSecrets
instanceKlass java/lang/ref/Reference$1
instanceKlass sun/misc/JavaLangRefAccess
instanceKlass java/lang/ref/ReferenceQueue$Lock
instanceKlass java/lang/ref/ReferenceQueue
instanceKlass java/util/Collections$UnmodifiableCollection
instanceKlass java/util/AbstractMap
instanceKlass java/util/Set
instanceKlass java/util/Collections
instanceKlass java/lang/ref/Reference$Lock
instanceKlass sun/reflect/ReflectionFactory
instanceKlass java/util/AbstractCollection
instanceKlass java/util/RandomAccess
instanceKlass java/util/List
instanceKlass java/util/Collection
instanceKlass java/lang/Iterable
instanceKlass java/security/cert/Certificate
instanceKlass sun/reflect/ReflectionFactory$GetReflectionFactoryAction
instanceKlass java/security/PrivilegedAction
instanceKlass java/security/AccessController
instanceKlass java/security/Permission
instanceKlass java/security/Guard
instanceKlass java/lang/String$CaseInsensitiveComparator
instanceKlass java/util/Comparator
instanceKlass java/io/ObjectStreamField
instanceKlass java/lang/Number
instanceKlass java/lang/Character
instanceKlass java/lang/Boolean
instanceKlass java/nio/Buffer
instanceKlass java/lang/StackTraceElement
instanceKlass java/security/CodeSource
instanceKlass sun/misc/Launcher
instanceKlass java/util/jar/Manifest
instanceKlass java/net/URL
instanceKlass java/io/File
instanceKlass java/io/InputStream
instanceKlass java/io/Closeable
instanceKlass java/lang/AutoCloseable
instanceKlass sun/misc/Unsafe
instanceKlass java/lang/AbstractStringBuilder
instanceKlass java/lang/Appendable
instanceKlass java/lang/invoke/CallSite
instanceKlass java/lang/invoke/MethodType
instanceKlass java/lang/invoke/LambdaForm
instanceKlass java/lang/invoke/MethodHandleNatives
instanceKlass java/lang/invoke/MemberName
instanceKlass java/lang/invoke/MethodHandle
instanceKlass sun/reflect/CallerSensitive
instanceKlass java/lang/annotation/Annotation
instanceKlass sun/reflect/FieldAccessor
instanceKlass sun/reflect/ConstantPool
instanceKlass sun/reflect/ConstructorAccessor
instanceKlass sun/reflect/MethodAccessor
instanceKlass sun/reflect/MagicAccessorImpl
instanceKlass java/lang/reflect/Parameter
instanceKlass java/lang/reflect/Member
instanceKlass java/lang/reflect/AccessibleObject
instanceKlass java/util/Dictionary
instanceKlass java/util/Map
instanceKlass java/lang/ThreadGroup
instanceKlass java/lang/Thread$UncaughtExceptionHandler
instanceKlass java/lang/Thread
instanceKlass java/lang/Runnable
instanceKlass java/lang/ref/Reference
instanceKlass java/security/AccessControlContext
instanceKlass java/security/ProtectionDomain
instanceKlass java/lang/SecurityManager
instanceKlass java/lang/Throwable
instanceKlass java/lang/System
instanceKlass java/lang/ClassLoader
instanceKlass java/lang/Cloneable
instanceKlass java/lang/Class
instanceKlass java/lang/reflect/Type
instanceKlass java/lang/reflect/GenericDeclaration
instanceKlass java/lang/reflect/AnnotatedElement
instanceKlass java/lang/String
instanceKlass java/lang/CharSequence
instanceKlass java/lang/Comparable
instanceKlass java/io/Serializable
ciInstanceKlass java/lang/Object 1 1 78 7 10 10 10 10 8 10 10 10 100 8 10 3 8 10 10 7 1 1 1 1 1 1 1 1 1 1 1 1 1 1 1 1 1 7 1 1 1 1 1 1 7 1 1 7 1 1 1 1 12 12 7 12 12 1 12 7 12 12 1 1 12 1 12 12 1 1 1 1 1 1 1 1 1 1 1 1
ciInstanceKlass java/io/Serializable 1 1 7 100 100 1 1 1 1
ciInstanceKlass java/lang/String 1 1 548 10 8 9 9 10 100 10 10 10 10 100 10 10 10 10 10 100 8 10 10 8 10 10 10 10 10 10 10 10 10 10 10 100 10 10 10 10 10 10 10 10 10 7 10 10 10 100 100 10 10 11 11 10 10 9 11 10 10 10 10 7 3 10 10 10 10 10 10 10 10 10 10 10 10 10 10 10 11 10 10 10 10 10 7 10 10 8 10 10 3 3 7 10 10 10 10 10 11 7 10 10 100 10 10 10 11 11 11 7 3 10 10 10 10 8 8 8 10 10 10 10 10 10 10 10 10 10 10 100 10 10 10 10 8 10 10 8 8 10 10 10 10 7 9 7 10 7 100 100 100 1 1 1 1 1 1 1 1 1 5 0 1 1 1 1 1 1 1 1 1 1 1 1 1 1 100 100 1 100 1 100 1 1 1 1 1 1 1 1 7 1 100 1 1 1 1 100 100 100 1 1 1 1 1 1 1 1 1 1 1 1 1 1 1 1 1 1 1 1 1 1 1 1 1 1 1 1 1 100 1 1 1 1 1 1 1 1 1 1 1 1 1 1 1 1 1 1 1 1 1 1 1 1 1 1 1 1 1 1 1 1 1 1 1 1 100 1 1 1 100 100 1 100 1 1 1 100 1 1 1 1 1 1 1 1 1 1 1 1 1 1 1 1 1 1 1 1 1 1 1 1 1 12 1 12 12 7 12 1 12 12 12 12 1 100 12 12 12 12 12 1 1 7 12 1 12 12 12 12 12 12 12 100 12 12 1 12 12 7 12 100 12 12 12 12 1 12 1 1 12 12 12 12 7 12 12 7 12 12 12 12 12 1 12 12 12 12 12 12 12 12 12 12 12 12 12 12 12 12 12 12 7 12 12 1 12 12 1 12 1 12 12 12 12 7 12 1 12 12 1 12 12 100 12 100 12 12 1 12 12 12 7 12 1 1 1 100 12 12 12 12 12 12 12 12 12 12 12 1 12 12 1 12 1 1 100 12 100 12 7 12 12 1 12 1 12 1 1 1 1 1 1 1 1 1 1 1 1 1 1 1 1 1 1 1 1 1 1 1 1 1 1 1 1 1 1 1 1 1 1 1 1 1 1 1 1 1 1 1 1 1 1 1 1 1 1 1 1 1 1 1 1 1 1 1 1 1 1 1 1 1 1 1 1 1 1 1 1 1 1 1 1 1 1 1 1 1 1 1 1 1 1 1 1 1 1 1 1 1 1 1 1 1 1 1 1 1
staticfield java/lang/String serialPersistentFields [Ljava/io/ObjectStreamField; 0 [Ljava/io/ObjectStreamField;
staticfield java/lang/String CASE_INSENSITIVE_ORDER Ljava/util/Comparator; java/lang/String$CaseInsensitiveComparator
ciInstanceKlass java/lang/Class 1 1 1224 9 9 10 10 10 10 9 9 9 9 7 10 10 8 10 8 8 10 10 10 10 10 10 10 10 10 8 10 8 8 10 11 10 10 10 10 10 9 10 100 10 9 7 100 8 10 10 7 10 10 7 100 10 10 10 10 9 10 7 10 100 10 10 10 9 10 10 10 10 10 7 100 10 10 10 10 10 9 10 7 10 10 10 10 10 10 10 10 10 10 10 10 10 10 10 10 10 10 100 8 10 10 100 10 100 11 10 10 10 10 10 10 10 8 10 10 10 8 10 10 10 8 10 8 10 10 10 10 8 10 100 10 10 10 10 100 10 100 10 10 10 10 10 10 10 10 7 10 10 10 10 10 10 10 10 10 10 10 10 10 9 10 9 7 10 9 10 7 10 9 10 10 10 10 10 10 10 8 10 10 9 10 7 9 10 10 7 10 10 10 10 9 10 9 10 10 10 10 9 9 10 9 7 10 7 10 10 11 11 11 7 11 11 9 9 7 7 10 9 9 10 10 9 7 10 10 10 10 10 10 10 10 10 10 10 10 10 10 10 10 10 10 10 10 10 10 10 10 10 8 7 10 8 8 8 8 10 10 9 9 10 7 9 7 10 7 7 10 10 10 8 10 7 10 7 10 100 8 10 7 10 10 11 10 100 10 10 8 8 10 10 9 11 7 11 9 10 10 10 9 9 10 10 10 10 10 11 11 11 11 7 11 10 10 100 11 10 10 10 11 11 7 10 10 9 9 10 10 10 10 7 9 100 7 100 100 1 1 1 1 7 1 1 1 1 1 3 1 3 1 3 1 1 1 1 1 1 1 1 1 1 1 1 1 1 1 1 1 1 1 1 1 1 1 5 0 1 1 1 1 1 1 1 1 1 1 1 1 1 1 1 1 100 1 1 1 1 1 1 1 1 1 1 1 100 100 100 1 100 1 1 1 100 1 1 1 1 100 1 1 1 1 1 1 100 100 100 1 1 1 1 1 1 1 1 1 1 1 1 1 1 1 1 100 1 1 1 100 1 1 1 1 1 1 1 1 1 1 100 1 1 1 1 100 1 1 1 1 1 1 1 1 1 1 100 100 100 100 100 1 1 1 1 1 1 1 1 100 1 1 1 1 1 1 100 1 1 1 1 1 1 1 100 1 1 1 1 1 1 1 1 1 1 1 100 1 1 1 1 1 1 1 1 1 1 1 1 1 1 1 1 1 1 1 100 1 1 1 1 1 1 1 1 1 1 100 1 1 1 1 1 1 1 1 1 1 1 1 1 1 1 1 1 1 100 1 1 100 100 1 1 1 1 1 1 1 1 1 1 100 1 1 1 1 1 1 1 1 1 1 1 1 1 1 1 1 1 1 1 100 1 1 1 1 1 1 1 1 1 1 1 1 1 100 1 1 1 1 1 1 1 1 100 1 100 1 1 1 1 1 1 1 1 1 1 1 1 1 1 1 1 1 1 1 1 1 1 1 100 1 1 100 100 1 1 1 1 1 1 1 1 1 1 1 1 1 1 1 1 1 1 1 1 1 12 12 12 12 12 12 12 12 12 12 1 12 1 12 1 1 12 12 12 12 7 12 12 12 12 1 12 1 1 12 12 7 12 7 12 12 7 12 100 12 7 12 100 12 1 12 12 1 1 1 12 12 1 12 7 12 1 1 12 12 12 12 12 1 100 12 12 12 12 12 12 12 12 7 1 1 12 12 7 12 12 12 12 7 12 1 12 12 12 12 12 12 100 12 12 12 12 12 12 7 12 12 12 1 1 12 1 12 1 12 100 12 12 12 100 12 12 1 12 12 12 1 12 12 12 1 12 1 12 12 12 12 1 12 1 12 12 12 1 12 1 12 12 12 12 12 12 12 12 1 12 12 12 12 12 12 12 12 12 12 12 12 12 12 1 12 12 1 12 12 100 12 12 12 100 12 12 12 12 1 12 12 12 12 1 12 12 12 1 12 12 7 12 7 12 12 12 12 12 12 12 12 12 12 12 12 1 1 12 7 12 12 7 12 1 12 7 12 12 1 1 12 12 12 12 12 12 1 12 12 12 12 12 12 12 12 12 12 12 12 12 12 12 12 12 12 12 12 1 1 7 1 1 1 1 12 12 12 12 12 1 12 1 1 1 1 12 7 1 12 1 12 1 12 1 1 1 12 7 12 12 1 12 1 1 7 12 12 12 12 1 12 12 100 12 7 12 12 12 12 12 12 12 12 12 12 7 12 12 1 1 12 7 12 12 1 100 12 12 12 12 1 12 12 12 100 12 12 100 12 12 12 1 12 1 1 1 1 1 100 1 1 1 1 1 1 1 1 1 1 1 1 1 1 1 1 1 1 1 1 1 1 1 1 1 1 1 1 1 1 1 1 1 1 1 1 1 1 1 1 1 1 1 1 1 1 1 1 1 1 1 1 1 1 1 1 1 1 1 1 1 1 1 1 1 1 1 1 1 1 1 1 1 1 1 1 1 1 1 1 1 1 1 1 1 1 1 1 1 1 1 1 1 1 1 1 1 1 1 1 1 1 1 1 1 1 1 1 1 1 1 1 1 1 1 1 1 1 1 1 1 1 1 1 1 1 1 1 1 1 1 1 1 1 1 1 1 1 1 1 1 1 1 1 1 1 1 1 1 1 1 1 1 1 1 1 1 1 1 1 1 1 1 1 1 1 1 1 1 1 1 1 1 1 1 1 1 1 1 1 1 1 1 1 1 1 1 1 1 1 1 1 1 1 1 1 1 1 1 1 1 1 1 1 1 1 1 1 1
staticfield java/lang/Class serialPersistentFields [Ljava/io/ObjectStreamField; 0 [Ljava/io/ObjectStreamField;
ciInstanceKlass java/lang/Cloneable 1 1 7 100 100 1 1 1 1
instanceKlass java/util/ResourceBundle$RBClassLoader
instanceKlass com/mathworks/util/jarloader/SimpleClassLoader
instanceKlass sun/reflect/DelegatingClassLoader
instanceKlass java/security/SecureClassLoader
ciInstanceKlass java/lang/ClassLoader 1 1 865 9 9 9 10 10 10 10 7 10 7 7 7 10 10 9 7 10 9 9 9 9 9 9 10 10 7 10 9 9 7 10 10 9 7 9 7 10 10 10 10 10 10 10 10 10 7 10 10 10 10 10 10 10 10 10 10 10 10 10 10 10 100 10 100 10 10 11 10 10 10 100 100 10 8 10 10 10 8 10 100 8 10 10 10 10 10 10 10 10 10 10 10 10 10 10 10 10 10 10 10 10 10 10 10 10 8 11 9 11 10 8 8 10 10 10 10 10 10 10 10 7 7 10 10 10 7 10 10 10 7 10 10 10 10 10 10 7 10 10 10 7 10 10 10 9 9 100 8 10 10 10 7 10 10 100 10 100 10 100 10 10 10 10 10 9 10 10 7 10 7 10 10 10 10 10 10 10 10 11 11 11 100 10 9 10 10 7 8 10 9 8 10 9 8 7 10 10 100 8 10 10 10 8 8 10 10 10 8 8 10 10 7 10 10 10 9 10 10 7 9 10 10 8 8 10 10 10 8 10 10 10 10 9 10 10 10 100 10 10 10 10 9 9 9 9 9 10 7 7 10 1 1 7 1 1 1 1 1 1 1 1 1 1 1 1 1 1 1 1 1 1 1 1 1 1 1 1 1 1 1 1 1 1 1 1 1 1 1 1 1 1 1 1 1 1 1 1 1 1 1 1 1 1 1 1 1 100 1 1 100 100 1 1 1 1 1 1 100 100 100 100 100 1 1 1 1 1 1 100 100 1 1 1 1 7 1 1 1 1 1 1 1 1 1 1 100 1 1 1 1 1 1 1 1 1 1 1 1 1 1 1 1 100 100 1 1 1 1 1 1 1 1 1 1 1 1 1 1 100 1 1 1 1 1 1 1 1 1 1 1 100 100 1 1 1 1 1 100 100 1 1 1 1 1 100 100 1 1 1 1 1 1 1 1 1 1 1 1 100 1 1 1 1 1 1 1 1 100 1 1 100 1 1 1 1 100 100 1 1 1 1 1 1 1 1 1 1 100 1 100 1 1 1 1 1 1 1 1 1 12 12 12 12 7 12 100 12 12 1 1 1 12 12 12 1 12 12 12 12 12 12 12 12 1 12 12 1 7 12 12 1 12 1 12 12 12 12 12 12 12 12 1 12 7 12 12 12 12 12 12 12 12 12 100 12 7 12 12 12 12 1 12 1 12 7 12 7 12 12 12 12 1 1 1 12 12 1 12 1 1 12 12 12 12 7 12 12 12 12 12 12 100 12 12 12 12 12 12 12 12 12 12 7 12 12 1 100 12 12 12 12 1 1 12 12 12 12 12 12 12 12 1 1 12 12 12 1 12 12 7 12 1 12 12 12 7 12 7 12 1 12 7 12 1 12 12 12 12 12 1 1 12 12 1 12 12 1 12 1 100 1 12 12 12 12 12 100 12 12 12 1 1 12 12 12 12 12 12 12 100 12 1 12 12 12 12 1 1 12 1 12 12 1 1 12 1 1 12 12 1 1 12 12 7 12 1 1 12 1 12 12 12 12 12 1 12 12 1 1 12 1 12 12 12 12 12 12 12 12 1 12 12 12 12 100 12 12 12 12 12 12 1 1 1 1 1 1 1 1 1 1 1 1 1 1 1 1 1 1 1 1 1 1 1 1 1 1 1 1 1 1 1 1 1 1 1 1 1 1 1 1 1 1 1 1 1 1 1 1 1 1 1 1 1 1 1 1 1 1 1 1 1 1 1 1 1 1 1 1 1 1 1 1 1 1 1 1 1 1 1 1 1 1 1 1 1 1 1 1 1 1 1 1 1 1 1 1 1 1 1 1 1 1 1 1 1 1 1 1 1 1 1 1 1 1 1 1 1 1 1 1 1 1 1 1 1 1 1 1 1 1 1 1 1 1 1 1 1 1 1 1 1 1 1 1 1 1 1 1 1 1 1 1 1 1 1 1 1 1 1 1 1 1 1
staticfield java/lang/ClassLoader nocerts [Ljava/security/cert/Certificate; 0 [Ljava/security/cert/Certificate;
ciInstanceKlass java/lang/System 1 1 375 10 10 10 10 10 9 7 10 11 10 10 10 100 8 10 10 8 10 100 10 8 10 10 100 10 10 9 10 9 9 7 10 10 10 10 10 10 100 100 8 10 10 7 10 100 8 10 8 10 100 8 10 100 10 8 10 10 10 8 10 10 10 10 10 10 10 10 10 7 7 10 10 100 10 10 8 10 7 9 10 7 9 10 9 7 10 8 10 8 8 10 10 10 10 10 10 10 10 7 10 10 10 9 9 9 100 1 1 1 1 1 1 1 1 1 1 1 1 1 1 1 1 1 1 1 1 1 1 1 1 1 1 1 100 100 1 1 1 100 1 100 1 1 1 1 1 100 1 1 1 1 1 1 1 1 1 1 1 1 1 1 1 1 1 1 1 1 1 1 1 1 1 1 1 1 1 1 1 1 1 1 1 1 1 1 1 1 1 1 1 100 1 1 1 1 1 12 12 12 12 12 12 1 7 12 100 12 100 12 12 12 1 1 12 100 12 1 12 1 12 12 100 12 1 12 100 12 12 12 12 12 1 12 12 12 12 12 1 1 1 12 12 1 12 1 1 1 12 1 1 1 1 12 12 7 12 1 12 7 12 12 12 12 12 7 12 12 12 1 1 12 12 1 12 7 12 1 7 12 1 7 12 12 1 12 12 1 12 1 12 1 1 12 7 12 12 7 12 12 7 12 12 12 1 12 12 12 12 12 1 1 1 1 1 1 1 1 1 1 1 1 1 1 1 1 1 1 1 1 1 1 1 1 1 1 1 1 1 1 1 1 1 1 1 1 1 1 1 1 1 1 1 1 1 1 1 1 1 1 1 1 1 1 1 1 1 1 1 1 1 1 1 1 1
staticfield java/lang/System in Ljava/io/InputStream; java/io/BufferedInputStream
staticfield java/lang/System out Ljava/io/PrintStream; java/io/PrintStream
staticfield java/lang/System err Ljava/io/PrintStream; java/io/PrintStream
instanceKlass java/lang/Exception
instanceKlass java/lang/Error
ciInstanceKlass java/lang/Throwable 1 1 340 10 9 9 9 9 9 10 9 10 10 100 100 10 8 10 8 10 10 10 100 8 10 10 10 10 8 9 10 100 10 10 100 10 10 11 10 10 10 8 10 10 7 8 8 10 10 8 8 9 10 100 10 11 8 8 10 8 10 8 100 10 9 10 10 7 10 7 10 10 100 8 10 10 11 7 10 11 11 11 8 8 10 11 10 9 8 10 9 10 9 11 100 10 10 7 100 100 1 1 1 100 1 100 1 1 1 1 5 0 1 1 1 1 1 1 1 1 1 1 1 1 1 1 1 1 1 1 1 1 1 1 1 1 1 1 1 1 1 1 100 100 1 1 1 1 1 1 1 1 1 1 1 1 100 100 100 1 1 1 1 1 1 1 1 1 1 1 1 1 1 1 1 1 100 100 1 100 100 1 1 1 1 1 1 1 1 12 12 12 12 12 12 12 12 12 12 1 1 1 12 1 100 12 12 1 1 12 7 12 12 1 100 12 12 1 12 12 1 7 12 100 12 12 12 12 1 12 12 1 1 1 12 12 1 1 12 100 12 1 12 1 1 12 1 12 1 1 12 12 12 7 12 12 1 12 100 1 1 12 100 12 100 12 1 12 12 100 12 12 1 1 100 12 1 100 12 100 12 12 12 12 12 1 1 1 1 1 1 1 1 1 1 1 1 1 1 1 1 1 1 1 1 1 1 1 1 1 1 1 1 1 1 1 1 1 1 1 1 1 1 1 1 1 1 1 1 1 1 1 1 1 1 1 1 1 1 1 1 1
staticfield java/lang/Throwable UNASSIGNED_STACK [Ljava/lang/StackTraceElement; 0 [Ljava/lang/StackTraceElement;
staticfield java/lang/Throwable SUPPRESSED_SENTINEL Ljava/util/List; java/util/Collections$UnmodifiableRandomAccessList
staticfield java/lang/Throwable EMPTY_THROWABLE_ARRAY [Ljava/lang/Throwable; 0 [Ljava/lang/Throwable;
staticfield java/lang/Throwable $assertionsDisabled Z 1
instanceKlass java/lang/AssertionError
instanceKlass java/lang/VirtualMachineError
instanceKlass java/lang/LinkageError
instanceKlass java/lang/ThreadDeath
ciInstanceKlass java/lang/Error 1 1 30 10 10 10 10 10 100 7 1 1 1 5 0 1 1 1 1 1 1 1 1 1 1 12 12 12 12 12 1 1
ciInstanceKlass java/lang/ThreadDeath 0 0 18 10 100 100 1 1 1 5 0 1 1 1 1 1 1 12 1 1
instanceKlass javax/xml/bind/JAXBException
instanceKlass com/mathworks/toolbox/distcomp/mjs/MJSException
instanceKlass com/mathworks/apache/commons/cli/ParseException
instanceKlass java/awt/FontFormatException
instanceKlass java/util/concurrent/ExecutionException
instanceKlass com/mathworks/toolbox/distcomp/cwo/WriterStackException
instanceKlass com/mathworks/mlwidgets/help/WebDocUnavailableException
instanceKlass com/mathworks/instutil/JNIException
instanceKlass java/text/ParseException
instanceKlass java/net/URISyntaxException
instanceKlass java/lang/CloneNotSupportedException
instanceKlass com/mathworks/jmi/MatlabException
instanceKlass java/util/concurrent/TimeoutException
instanceKlass java/security/GeneralSecurityException
instanceKlass javax/swing/text/BadLocationException
instanceKlass com/mathworks/services/settings/SettingException
instanceKlass java/beans/IntrospectionException
instanceKlass com/mathworks/util/MatlabThreadException
instanceKlass java/security/PrivilegedActionException
instanceKlass java/io/IOException
instanceKlass java/lang/InterruptedException
instanceKlass java/lang/ReflectiveOperationException
instanceKlass java/lang/RuntimeException
ciInstanceKlass java/lang/Exception 1 1 30 10 10 10 10 10 100 7 1 1 1 5 0 1 1 1 1 1 1 1 1 1 1 12 12 12 12 12 1 1
instanceKlass org/apache/commons/logging/LogConfigurationException
instanceKlass com/mathworks/webservices/client/core/MathWorksServiceException
instanceKlass com/mathworks/webservices/client/core/MathWorksClientException
instanceKlass java/lang/invoke/WrongMethodTypeException
instanceKlass java/util/NoSuchElementException
instanceKlass com/google/gson/JsonParseException
instanceKlass java/util/MissingResourceException
instanceKlass java/lang/reflect/UndeclaredThrowableException
instanceKlass java/util/concurrent/RejectedExecutionException
instanceKlass com/mathworks/mvm/MvmTerminatedException
instanceKlass com/mathworks/services/settings/SettingLevelRuntimeException
instanceKlass com/mathworks/services/settings/SettingNameRuntimeException
instanceKlass java/lang/UnsupportedOperationException
instanceKlass com/mathworks/services/settings/SettingUnsupportedTypeRuntimeException
instanceKlass java/lang/IllegalStateException
instanceKlass java/lang/IndexOutOfBoundsException
instanceKlass java/lang/SecurityException
instanceKlass com/mathworks/util/AggregateException
instanceKlass java/lang/IllegalArgumentException
instanceKlass java/lang/ArithmeticException
instanceKlass java/lang/NullPointerException
instanceKlass java/lang/IllegalMonitorStateException
instanceKlass java/lang/ArrayStoreException
instanceKlass java/lang/ClassCastException
ciInstanceKlass java/lang/RuntimeException 1 1 30 10 10 10 10 10 100 7 1 1 1 5 0 1 1 1 1 1 1 1 1 1 1 12 12 12 12 12 1 1
ciInstanceKlass java/lang/SecurityManager 0 0 383 9 10 100 9 10 9 100 10 100 8 10 10 10 10 10 10 10 10 10 100 10 10 9 10 10 10 100 8 10 9 9 8 9 100 10 8 10 10 10 100 10 10 100 100 8 10 8 8 8 8 8 8 10 8 8 8 8 8 10 10 8 100 8 10 8 8 8 8 8 10 8 100 8 8 10 8 9 8 9 9 8 10 100 8 10 10 100 10 10 10 8 9 9 100 10 10 10 9 8 8 9 9 100 10 9 8 8 8 10 10 9 100 10 10 100 1 1 1 1 1 1 1 1 1 1 1 1 1 1 1 1 1 1 1 1 1 1 100 1 1 1 100 100 100 1 1 1 1 100 1 1 1 100 1 1 1 1 1 1 1 1 1 1 1 1 1 1 1 1 1 1 100 1 1 1 1 1 1 1 100 1 1 1 1 1 1 1 1 1 1 1 1 1 100 1 1 1 1 1 100 1 1 1 1 1 100 100 1 1 1 1 1 100 1 1 1 1 1 1 1 1 12 12 1 12 12 12 1 100 12 1 1 12 12 12 12 12 12 12 100 12 1 12 100 12 12 100 12 1 1 12 12 1 12 1 1 12 12 12 1 12 1 1 1 12 1 1 1 1 1 1 12 1 1 1 1 1 12 12 1 1 1 1 1 1 1 1 100 12 1 1 1 1 1 100 12 1 12 12 1 12 1 1 12 1 12 12 12 1 12 12 1 12 12 12 12 1 1 12 12 1 12 1 1 1 12 100 12 12 1 12 1 1 1 1 1 1 1 1 1 1 1 1 1 1 1 1 1 1 1 1 1 1 1 1 1 1 1 1 1 1 1 1 1 1 1 1 1 1 1 1 1 1 1 1 1 1 1 1 1 1 1
ciInstanceKlass java/security/ProtectionDomain 1 1 293 9 10 9 7 10 9 9 9 10 7 9 9 7 9 10 100 10 10 10 10 9 10 8 100 8 10 10 10 10 10 8 11 8 10 8 8 10 10 10 10 8 10 8 8 10 9 10 9 10 100 100 10 10 7 10 100 10 10 11 11 11 100 10 10 11 11 10 10 11 10 7 10 10 8 10 7 10 10 7 7 100 1 1 100 1 1 1 1 1 1 1 1 1 1 1 1 1 1 1 1 1 1 1 1 1 1 1 100 100 100 1 100 1 1 1 1 1 1 1 1 1 1 1 1 1 1 100 100 1 100 100 1 100 100 100 100 100 100 100 1 1 1 1 1 1 12 12 12 1 12 12 12 12 1 12 12 1 12 100 12 100 100 12 12 12 100 12 1 1 1 12 12 100 12 12 1 1 12 1 1 12 12 12 12 1 12 1 1 100 12 12 12 12 100 12 1 1 12 100 12 1 1 12 12 100 12 12 100 12 1 12 12 12 12 100 12 12 12 1 12 7 12 1 7 12 1 12 1 1 1 1 1 1 1 1 1 1 1 1 1 1 1 1 1 1 1 1 1 1 1 1 1 1 1 1 1 1 1 1 1 1 1 1 1 1 1 1 1 1 1 1 1 1 1 1 1 1 1 1 1 1 1 1 1 1 1 1 1 1 1 1 1
staticfield java/security/ProtectionDomain debug Lsun/security/util/Debug; null
ciInstanceKlass java/security/AccessControlContext 1 1 313 9 9 10 8 10 10 9 9 9 10 100 100 10 11 11 11 11 7 11 10 10 9 10 11 10 7 100 8 10 10 7 9 9 9 9 9 9 9 10 9 10 10 8 10 10 10 100 10 10 10 10 8 10 8 10 8 8 10 8 10 8 10 10 10 8 8 100 10 10 100 10 8 10 10 10 8 10 10 10 7 10 10 10 10 10 10 10 10 7 1 1 1 1 1 1 1 1 1 1 1 1 1 1 1 1 1 1 1 1 1 1 1 1 1 1 100 100 1 1 100 1 100 100 1 1 1 1 1 1 1 1 100 1 1 1 100 1 1 100 1 1 1 1 1 1 1 1 1 1 1 1 1 1 1 1 1 1 1 1 1 1 1 12 12 100 12 1 100 12 12 12 12 12 100 12 1 12 100 12 12 12 12 1 12 12 7 12 100 12 100 12 100 12 1 1 1 12 12 1 12 12 12 12 12 12 12 7 12 12 12 12 1 12 12 100 12 1 12 100 12 1 100 12 1 100 12 1 1 12 1 12 1 12 12 12 1 1 1 12 12 1 12 1 12 1 12 12 12 1 12 12 12 12 12 12 1 1 1 1 1 1 1 1 1 1 1 1 1 1 1 1 1 1 1 1 1 1 1 1 1 1 1 1 1 1 1 1 1 1 1 1 1 1 1 1 1 1 1 1 1 1 1 1 1 1 1 1 1 1 1 1 1
instanceKlass java/net/URLClassLoader
ciInstanceKlass java/security/SecureClassLoader 1 1 134 10 7 10 9 10 10 9 10 10 10 10 10 7 10 10 7 10 10 10 9 100 10 8 10 10 10 10 8 100 8 10 8 10 10 7 7 1 1 1 1 1 1 1 1 1 1 1 1 1 100 100 100 1 1 1 1 1 1 1 1 1 1 100 100 100 1 1 1 1 12 1 12 12 7 12 100 12 12 12 12 12 12 12 1 12 1 12 12 12 12 1 1 12 12 12 7 12 1 1 1 12 1 12 12 1 1 1 1 1 1 1 1 1 1 1 1 1 1 1 1 1 1 1 1 1 1 1 1 1 1 1 1 1
staticfield java/security/SecureClassLoader debug Lsun/security/util/Debug; null
instanceKlass java/lang/InstantiationException
instanceKlass java/lang/NoSuchMethodException
instanceKlass java/lang/IllegalAccessException
instanceKlass java/lang/NoSuchFieldException
instanceKlass java/lang/reflect/InvocationTargetException
instanceKlass java/lang/ClassNotFoundException
ciInstanceKlass java/lang/ReflectiveOperationException 1 1 27 10 10 10 10 100 7 1 1 1 5 0 1 1 1 1 1 1 1 1 1 12 12 12 12 1 1
ciInstanceKlass java/lang/ClassNotFoundException 1 1 32 100 10 10 9 100 7 1 1 1 5 0 1 1 1 1 1 1 1 1 1 1 1 1 1 1 12 12 12 1 1 1
instanceKlass java/lang/ClassFormatError
instanceKlass java/lang/UnsatisfiedLinkError
instanceKlass java/lang/ExceptionInInitializerError
instanceKlass java/lang/IncompatibleClassChangeError
instanceKlass java/lang/BootstrapMethodError
instanceKlass java/lang/NoClassDefFoundError
ciInstanceKlass java/lang/LinkageError 1 1 24 10 10 10 100 7 1 1 1 5 0 1 1 1 1 1 1 1 1 12 12 12 1 1
ciInstanceKlass java/lang/NoClassDefFoundError 0 0 21 10 10 100 100 1 1 1 5 0 1 1 1 1 1 1 1 12 12 1 1
ciInstanceKlass java/lang/ClassCastException 1 1 21 10 10 100 100 1 1 1 5 0 1 1 1 1 1 1 1 12 12 1 1
ciInstanceKlass java/lang/ArrayStoreException 1 1 21 10 10 100 100 1 1 1 5 0 1 1 1 1 1 1 1 12 12 1 1
instanceKlass java/lang/StackOverflowError
instanceKlass java/lang/OutOfMemoryError
ciInstanceKlass java/lang/VirtualMachineError 1 1 27 10 10 10 10 100 100 1 1 1 5 0 1 1 1 1 1 1 1 1 1 12 12 12 12 1 1
ciInstanceKlass java/lang/OutOfMemoryError 1 1 21 10 10 100 100 1 1 1 5 0 1 1 1 1 1 1 1 12 12 1 1
ciInstanceKlass java/lang/StackOverflowError 1 1 21 10 10 100 100 1 1 1 5 0 1 1 1 1 1 1 1 12 12 1 1
ciInstanceKlass java/lang/IllegalMonitorStateException 1 1 21 10 10 100 100 1 1 1 5 0 1 1 1 1 1 1 1 12 12 1 1
instanceKlass java/lang/ref/PhantomReference
instanceKlass java/lang/ref/FinalReference
instanceKlass java/lang/ref/WeakReference
instanceKlass java/lang/ref/SoftReference
ciInstanceKlass java/lang/ref/Reference 1 1 141 9 9 7 9 10 100 10 100 10 9 9 10 9 9 10 10 7 10 10 10 10 7 8 10 7 10 10 10 7 10 10 7 7 1 1 1 1 1 1 1 1 1 1 1 1 1 1 1 1 1 1 1 1 1 1 1 100 100 100 100 100 100 100 1 1 1 1 1 1 1 1 1 1 1 1 1 1 100 1 1 1 12 12 1 12 12 1 12 1 12 12 7 12 12 12 12 12 12 1 12 12 12 7 12 1 1 12 1 12 12 12 1 7 12 1 1 1 1 1 1 1 1 1 1 1 1 1 1 1 1 1 1 1 1 1 1 1 1 1 1
instanceKlass java/lang/invoke/LambdaFormEditor$Transform
instanceKlass java/util/ResourceBundle$BundleReference
instanceKlass sun/util/locale/LocaleObjectCache$CacheEntry
ciInstanceKlass java/lang/ref/SoftReference 1 1 35 10 9 9 10 10 7 7 1 1 1 1 1 1 1 1 1 1 1 1 1 1 100 1 1 1 1 12 12 12 12 12 1 1 1
instanceKlass org/apache/commons/logging/impl/WeakHashtable$WeakKey
instanceKlass java/lang/reflect/Proxy$Key2
instanceKlass java/lang/invoke/MethodType$ConcurrentWeakInternSet$WeakEntry
instanceKlass java/util/logging/LogManager$LoggerWeakRef
instanceKlass java/lang/reflect/WeakCache$CacheValue
instanceKlass java/lang/reflect/Proxy$Key1
instanceKlass java/lang/reflect/WeakCache$CacheKey
instanceKlass java/util/ResourceBundle$LoaderReference
instanceKlass java/lang/ClassValue$Entry
instanceKlass java/util/WeakHashMap$Entry
instanceKlass java/lang/ThreadLocal$ThreadLocalMap$Entry
ciInstanceKlass java/lang/ref/WeakReference 1 1 20 10 10 100 7 1 1 1 1 1 1 1 1 1 1 1 12 12 1 1
instanceKlass java/lang/ref/Finalizer
ciInstanceKlass java/lang/ref/FinalReference 1 1 16 10 100 7 1 1 1 1 1 1 1 1 1 12 1 1
instanceKlass sun/misc/Cleaner
ciInstanceKlass java/lang/ref/PhantomReference 1 1 19 10 100 7 1 1 1 1 1 1 1 1 1 1 1 1 12 1 1
ciInstanceKlass sun/misc/Cleaner 1 1 75 9 9 9 9 10 9 7 10 10 10 11 100 100 10 10 7 10 7 1 1 1 1 1 1 1 1 1 1 1 1 1 1 1 1 1 1 1 1 1 1 1 1 100 1 1 1 1 12 12 12 12 12 12 1 12 12 12 7 12 1 1 12 100 12 1 12 1 1 1 1 1 1 1 1
staticfield sun/misc/Cleaner dummyQueue Ljava/lang/ref/ReferenceQueue; java/lang/ref/ReferenceQueue
ciInstanceKlass java/lang/ref/Finalizer 1 1 151 9 9 9 10 9 9 10 10 7 10 10 10 10 7 11 100 10 100 10 10 10 100 10 10 100 10 7 10 7 10 10 10 10 7 10 7 10 10 10 7 1 1 1 1 1 1 1 1 1 1 1 1 1 1 1 1 1 1 1 100 100 1 1 1 1 1 1 1 1 1 1 1 1 1 1 1 1 1 1 1 1 1 1 100 1 1 1 12 12 12 12 12 12 12 12 1 12 12 12 12 1 7 12 1 12 1 12 100 12 100 12 1 12 12 1 1 1 12 12 7 12 1 12 1 12 12 12 1 1 1 1 1 1 1 1 1 1 1 1 1 1 1 1 1 1 1 1 1 1 1
staticfield java/lang/ref/Finalizer lock Ljava/lang/Object; java/lang/Object
instanceKlass java/awt/EventDispatchThread
instanceKlass java/util/logging/LogManager$Cleaner
instanceKlass java/lang/ref/Finalizer$FinalizerThread
instanceKlass java/lang/ref/Reference$ReferenceHandler
ciInstanceKlass java/lang/Thread 1 1 550 9 9 9 9 100 8 10 3 8 3 10 10 100 8 10 9 10 10 10 10 10 10 10 9 10 10 9 10 9 10 9 10 9 10 9 9 10 9 10 9 10 9 100 10 10 9 9 9 7 7 10 8 10 10 10 10 10 100 10 10 10 10 100 11 10 9 10 9 10 100 10 10 100 10 10 11 10 100 10 10 10 7 10 10 10 10 10 10 10 10 10 10 100 8 10 10 10 8 10 8 10 8 8 10 10 7 8 10 9 9 10 10 10 9 10 100 10 11 9 9 10 100 10 11 100 10 10 11 10 100 10 10 10 8 9 10 11 10 11 10 7 8 7 1 1 100 1 100 1 100 1 1 1 1 1 1 1 1 1 1 1 1 1 1 1 1 1 1 1 1 1 1 1 100 1 1 1 1 1 1 1 1 1 1 1 1 1 1 1 3 1 3 1 3 1 1 1 1 1 1 1 1 1 1 1 1 1 1 1 1 1 1 1 1 1 1 1 1 1 100 100 100 100 1 1 1 1 1 1 7 1 1 1 1 100 100 100 100 100 1 1 1 1 1 1 1 1 1 1 1 1 1 1 1 1 1 1 1 1 1 1 1 1 1 1 1 1 1 1 1 1 1 1 1 1 1 1 1 1 1 1 1 1 1 1 1 1 1 1 1 1 1 1 1 100 100 1 1 100 100 1 1 1 1 100 100 1 1 1 1 1 1 1 1 1 1 1 1 1 1 100 1 1 1 1 100 1 1 1 1 1 1 1 1 1 1 1 12 12 12 12 1 1 12 1 12 12 1 1 12 12 7 12 100 12 7 12 12 12 12 12 12 12 12 12 12 12 12 12 7 12 12 12 12 12 7 12 12 12 12 1 12 12 12 12 1 1 1 12 12 12 12 12 1 12 12 12 1 12 12 12 100 12 12 1 12 1 12 100 12 12 1 12 12 1 12 12 12 12 12 12 12 12 12 1 1 12 12 1 12 1 1 1 100 12 100 12 1 12 12 12 12 12 12 1 12 100 12 12 12 12 1 12 100 12 1 12 12 12 12 1 12 12 100 12 12 12 12 100 12 12 12 1 1 1 1 1 1 1 1 1 1 1 1 1 1 1 1 1 1 1 1 1 1 1 1 1 1 1 1 1 1 1 1 1 1 1 1 1 1 1 1 1 1 1 1 1 1 1 1 1 1 1 1 1 1 1 1 1 1 1 1 1 1 1 1 1 1 1 1 1 1 1 1 1 1 1 1 1
staticfield java/lang/Thread EMPTY_STACK_TRACE [Ljava/lang/StackTraceElement; 0 [Ljava/lang/StackTraceElement;
staticfield java/lang/Thread SUBCLASS_IMPLEMENTATION_PERMISSION Ljava/lang/RuntimePermission; java/lang/RuntimePermission
ciInstanceKlass java/lang/ThreadGroup 1 1 275 10 9 8 9 7 9 9 10 10 10 10 10 9 9 10 10 9 10 9 9 10 100 10 10 10 9 10 10 9 10 10 10 10 10 10 10 10 10 10 10 100 10 10 10 7 10 7 10 9 10 8 10 10 10 10 11 100 9 100 10 8 10 10 8 10 10 10 10 10 8 10 8 10 8 7 100 1 1 1 1 1 1 1 1 1 1 1 1 1 1 1 1 1 1 1 1 1 1 1 1 1 1 1 1 1 1 1 1 1 1 1 1 1 1 1 1 100 100 100 1 1 1 100 1 1 1 1 1 1 1 1 1 1 1 1 1 1 1 1 1 100 1 1 1 1 1 1 1 1 1 1 1 100 1 1 100 1 1 1 1 12 12 1 12 1 12 12 12 12 12 12 12 12 12 12 12 12 100 12 12 12 7 12 12 7 12 100 12 12 12 12 12 12 12 12 12 12 12 12 12 12 1 12 12 1 12 12 12 12 1 100 12 12 12 12 1 12 1 1 12 12 1 12 100 12 100 12 12 100 1 1 12 1 1 1 1 1 1 1 1 1 1 1 1 1 1 1 1 1 1 1 1 1 1 1 1 1 1 1 1 1 1 1 1 1 1 1 1 1 1 1 1 1 1
ciInstanceKlass java/util/Map 1 1 139 11 11 10 11 11 11 11 100 11 11 100 100 10 11 11 11 11 10 11 11 100 100 1 1 1 1 1 1 1 1 1 1 1 1 1 1 1 1 1 1 1 1 1 1 1 1 1 1 1 1 1 1 1 1 1 1 1 1 100 1 1 1 100 100 100 100 100 1 1 1 100 1 1 1 1 1 1 1 1 1 1 1 1 1 1 1 1 1 1 1 12 12 100 12 12 100 12 100 12 12 1 12 12 1 1 12 100 12 100 12 12 12 12 12 100 12 1 1 1 1 1 1 1 1 1 1 1 1 1 1 1 1 1 1 1 1 1 1
instanceKlass java/util/Hashtable
ciInstanceKlass java/util/Dictionary 1 1 31 10 100 7 1 1 1 1 1 1 1 1 1 1 1 1 1 1 1 1 1 1 1 1 1 1 1 1 12 1 1
instanceKlass org/apache/commons/logging/impl/WeakHashtable
instanceKlass java/util/Properties
ciInstanceKlass java/util/Hashtable 1 1 417 100 9 9 9 10 10 100 100 10 8 10 10 10 10 10 8 10 9 7 7 4 10 9 4 10 11 10 10 10 100 10 9 10 9 10 10 3 9 9 3 10 10 10 11 11 11 11 7 11 11 10 10 10 9 9 9 100 100 10 10 8 10 10 8 10 8 10 7 10 10 100 10 10 7 10 100 10 10 7 11 11 100 10 10 10 11 100 10 100 11 11 10 10 10 10 10 100 10 10 8 10 10 10 10 7 100 100 100 1 1 1 1 1 1 1 1 1 1 1 1 1 1 1 1 1 1 1 5 0 1 1 1 1 1 1 1 1 1 1 3 1 3 1 3 1 1 1 1 1 100 1 1 1 1 1 1 1 1 1 1 1 1 1 1 1 100 1 1 100 1 1 1 1 1 1 1 1 1 1 1 1 100 1 1 1 100 1 1 100 100 100 1 1 1 1 1 1 1 1 1 1 1 1 100 100 100 1 1 1 1 1 100 1 1 1 100 1 1 1 1 1 1 1 1 100 1 1 1 1 1 1 1 1 1 1 100 1 100 1 1 100 1 1 1 1 1 1 1 1 1 1 1 1 1 1 1 1 12 12 12 12 12 1 1 1 12 12 12 12 7 12 1 12 12 1 1 7 12 12 12 12 12 12 12 1 12 7 12 12 12 12 12 12 12 12 12 12 7 12 7 12 12 1 12 12 12 12 12 12 12 1 1 12 1 12 1 1 7 12 1 12 12 1 12 12 1 1 12 1 12 12 1 7 12 100 12 1 100 12 100 12 12 100 12 12 12 100 12 1 12 1 12 12 12 1 1 1 1 1 1 1 1 1 1 1 1 1 1 1 1 1 1 1 1 1 1 1 1 1 1 1 1 1 1 1 1 1 1 1 1 1 1 1 1 1 1 1 1 1 1 1 1 1 1 1 1 1 1 1 1 1 1 1 1 1 1
instanceKlass java/security/Provider
instanceKlass com/mathworks/services/Prefs$PrefsProperties
ciInstanceKlass java/util/Properties 1 1 273 10 10 9 10 7 10 10 10 10 9 10 100 3 100 8 10 7 10 10 100 10 10 10 10 10 8 10 10 10 10 10 100 100 10 10 100 8 10 10 100 10 10 100 10 10 10 10 11 11 10 10 8 10 10 100 10 10 8 10 100 10 10 10 7 10 10 10 10 8 10 8 10 10 9 7 100 1 1 1 1 1 1 5 0 1 1 1 1 1 1 1 1 1 1 1 1 1 1 1 1 1 1 100 100 100 1 1 1 1 100 1 1 100 100 1 1 100 1 1 1 1 1 100 1 1 100 100 100 1 100 1 1 1 1 1 1 1 1 1 1 1 1 1 1 100 1 1 1 1 1 1 1 1 1 1 1 1 12 12 12 12 1 12 12 12 12 12 12 1 1 1 12 1 12 12 1 12 12 12 12 12 1 12 12 12 12 12 1 1 12 12 1 1 12 12 1 12 1 12 7 12 12 12 12 1 12 100 12 1 12 12 1 12 1 12 12 1 12 12 12 1 100 12 1 100 12 1 1 1 1 1 1 1 1 1 1 1 1 1 1 1 1 1 1 1 1 1 1 1 1 1 1 1 1 1 1 1 1 1 1 1 1 1 1 1 1 1 1 1 1 1 1
staticfield java/util/Properties hexDigit [C 16
instanceKlass java/lang/reflect/Executable
instanceKlass java/lang/reflect/Field
ciInstanceKlass java/lang/reflect/AccessibleObject 1 1 147 10 9 10 10 7 10 7 100 8 10 9 10 100 8 10 11 10 10 10 9 10 10 100 10 10 7 8 10 7 10 10 7 9 7 7 7 1 1 1 1 1 1 1 1 1 1 1 1 1 100 1 1 1 1 1 1 1 1 1 1 1 1 1 1 1 1 1 1 1 1 1 1 1 1 1 100 100 100 1 1 1 1 1 1 1 7 12 12 100 12 12 1 12 1 1 1 12 12 12 1 1 12 12 12 12 12 12 100 12 12 1 12 7 12 1 1 1 1 1 7 12 1 12 1 1 1 1 1 1 1 1 1 1 1 1 1 1 1 1 1 1 1 1 1 1 1
staticfield java/lang/reflect/AccessibleObject ACCESS_PERMISSION Ljava/security/Permission; java/lang/reflect/ReflectPermission
staticfield java/lang/reflect/AccessibleObject reflectionFactory Lsun/reflect/ReflectionFactory; sun/reflect/ReflectionFactory
ciInstanceKlass java/lang/reflect/Field 1 1 367 9 10 10 10 9 10 10 10 10 9 9 9 9 9 9 9 100 8 10 7 10 9 9 10 7 10 10 10 10 10 10 10 7 10 8 10 10 8 10 10 8 10 11 9 10 10 10 10 11 11 11 11 11 11 11 11 11 11 11 11 11 11 11 11 11 11 10 10 9 10 10 10 10 11 10 7 10 10 9 10 11 10 10 9 10 7 100 1 1 1 1 1 1 1 1 1 1 1 1 1 1 1 1 1 1 1 1 1 1 1 1 1 1 1 1 1 1 1 1 1 1 1 1 1 1 1 1 1 1 1 1 1 1 1 1 1 1 1 100 1 1 100 100 1 100 1 1 1 100 1 1 1 1 1 1 1 1 1 1 1 1 1 1 1 1 1 1 1 1 1 1 1 1 1 1 1 1 1 1 1 1 1 1 1 1 1 100 1 1 1 1 1 1 1 1 1 1 1 1 1 1 1 1 1 1 1 1 12 12 7 12 7 12 12 12 12 7 12 12 12 12 12 12 12 12 12 1 1 12 1 12 12 12 12 1 12 12 12 12 12 7 100 12 1 1 12 12 1 12 12 1 100 12 7 12 12 12 12 7 12 12 12 12 12 12 12 12 12 12 12 12 12 12 12 12 12 12 12 12 12 7 12 12 7 12 12 7 12 1 100 12 7 12 12 7 12 7 12 12 12 100 12 100 12 1 1 1 1 1 1 1 1 1 1 1 1 1 1 1 1 1 1 1 1 1 1 1 1 1 1 1 1 1 1 1 1 1 1 1 1 1 1 1 1 1 1 1 1 1 1 1 1 1 1 1 1 100 1 1 1 1 1 1 1 1 1
ciInstanceKlass java/lang/reflect/Parameter 0 0 215 10 9 9 9 9 9 9 100 10 10 10 100 10 10 11 10 10 10 10 10 8 8 10 10 10 8 10 8 10 10 10 10 10 10 10 10 10 10 11 10 100 10 10 10 10 10 9 100 10 11 11 100 100 1 1 1 1 1 1 1 1 1 1 1 1 1 1 1 1 1 1 1 1 1 1 1 100 1 1 1 1 1 1 100 100 100 1 1 1 1 1 1 1 1 1 100 1 1 1 1 1 1 1 1 1 1 1 1 1 1 1 1 1 1 100 1 1 1 12 12 12 12 12 12 12 1 12 12 100 12 1 12 100 12 12 100 12 12 12 12 1 1 100 12 12 12 1 1 12 12 12 12 12 12 12 100 12 12 100 12 100 12 1 100 12 12 12 12 12 12 1 12 12 1 1 1 1 1 1 1 1 1 1 1 1 1 1 1 1 1 1 1 1 1 1 1 1 1 1 1 1 1 1 1 1 1 1 1 1 1 1 1 1 1
instanceKlass java/lang/reflect/Constructor
instanceKlass java/lang/reflect/Method
ciInstanceKlass java/lang/reflect/Executable 1 1 385 10 10 10 11 10 10 10 8 10 10 10 7 8 7 10 10 10 10 8 10 100 8 10 8 10 10 8 10 10 11 10 8 8 10 10 7 10 100 10 10 10 10 10 10 100 10 10 10 10 10 100 10 100 8 10 10 100 8 10 10 10 10 10 8 8 3 8 9 10 100 8 9 10 10 10 10 10 10 100 10 10 10 10 11 10 100 10 10 9 10 10 10 9 10 10 9 10 9 10 9 7 7 100 100 1 1 1 1 1 1 1 1 1 1 1 1 1 1 1 1 1 1 1 1 1 1 1 1 1 1 1 1 1 1 1 1 1 100 100 100 100 1 1 1 1 1 100 100 100 100 1 1 1 1 1 1 1 1 1 1 1 1 1 1 1 1 1 1 100 1 1 1 1 1 1 100 1 1 1 1 1 1 1 1 1 1 1 1 1 1 1 1 1 1 1 1 1 1 1 1 1 1 1 1 1 1 1 1 1 1 1 12 7 12 12 7 12 7 12 12 12 1 12 12 12 1 1 1 12 12 12 1 12 1 1 12 1 12 100 1 12 12 12 1 1 100 12 12 1 12 1 12 12 7 12 12 12 1 12 12 12 12 100 12 12 1 1 12 12 1 1 12 12 12 12 1 1 1 12 12 1 1 12 12 12 12 12 12 12 1 12 12 100 12 12 100 12 12 1 100 12 12 12 12 12 12 100 12 100 12 12 12 12 12 12 12 1 1 1 1 1 1 1 1 1 1 1 1 1 1 1 1 1 1 1 1 1 1 1 1 1 1 1 1 1 1 1 1 1 1 1 1 1 1 1 1 1 1 1 1 1 1 1 1 1 1 1 1 100 1 1 1 1 1 1 1 1 1 1 1 1 1 1 1
ciInstanceKlass java/lang/reflect/Method 1 1 353 9 10 10 9 10 10 10 10 9 9 9 9 9 9 9 9 9 9 9 100 8 10 7 10 9 10 10 100 100 10 10 10 7 10 10 10 10 10 10 10 10 10 10 10 10 10 10 10 10 10 11 9 10 10 10 10 11 10 7 10 10 10 10 9 10 10 10 10 10 11 10 7 100 7 10 8 10 10 10 10 10 10 10 8 7 1 1 1 1 1 1 1 1 1 1 1 1 1 1 1 1 1 1 1 1 1 1 1 1 1 1 1 1 1 1 1 1 1 1 1 1 1 1 1 1 1 1 1 1 1 1 1 1 1 1 1 1 1 1 1 1 1 1 1 1 1 1 1 1 1 1 1 100 1 1 1 1 1 1 1 1 100 1 100 100 1 1 1 1 1 1 1 1 1 1 1 1 1 100 100 1 1 1 1 1 1 1 1 1 1 1 1 1 1 12 7 12 7 12 12 12 12 7 12 12 12 12 12 12 12 12 12 12 12 12 12 1 1 12 1 12 12 12 12 1 1 12 12 7 12 12 7 12 12 12 7 12 12 7 100 12 12 12 12 12 12 12 12 12 100 12 7 12 12 12 12 7 12 12 1 12 12 12 12 12 7 12 12 7 12 7 12 7 12 7 12 7 12 1 1 1 1 12 12 12 12 12 12 1 1 1 1 1 1 1 1 1 1 1 1 1 1 1 1 1 1 1 1 1 1 1 1 1 1 1 1 1 1 1 1 1 1 1 1 1 1 1 1 1 1 1 1 1 1 1 1 1 1 1 1 1 1 1 1 1 1 1 1 1 1 1 1
ciInstanceKlass java/lang/reflect/Constructor 1 1 335 10 10 9 10 10 10 9 10 9 9 9 9 9 9 9 9 100 8 10 7 10 9 10 10 10 10 100 100 10 7 10 10 10 10 10 10 10 10 10 10 10 9 10 10 10 10 100 8 10 11 10 10 10 9 10 10 10 10 10 10 10 10 10 100 8 10 10 10 10 10 10 11 9 10 7 1 1 1 1 1 1 1 1 1 1 1 1 1 1 1 1 1 1 1 1 1 1 1 1 1 1 1 1 1 1 1 1 1 1 1 1 1 1 1 1 1 1 1 1 1 1 1 1 1 1 1 1 1 1 1 1 1 1 1 1 1 1 1 1 1 1 1 1 1 1 100 1 100 100 100 1 1 1 1 1 1 1 1 1 1 1 1 1 1 1 1 1 1 1 1 1 1 1 100 1 1 1 1 1 1 100 12 100 12 12 12 12 100 12 12 12 12 12 12 12 12 12 12 12 1 1 12 1 12 12 12 7 12 12 12 1 1 7 12 12 7 12 12 100 12 12 12 12 100 12 12 12 12 7 12 12 12 12 1 1 12 7 12 12 12 12 12 7 12 12 12 12 12 12 12 12 12 1 1 12 12 12 12 100 12 100 12 100 12 100 12 1 1 1 1 1 1 1 1 1 1 1 1 1 1 1 1 1 1 1 1 1 1 1 1 1 1 1 1 1 1 1 1 1 1 1 1 1 1 1 1 1 1 1 1 1 1 1 1 1 1 1 1 1 1 1 1 1 1 100 1 1 1 1 1 1 1 1 1
instanceKlass sun/reflect/FieldAccessorImpl
instanceKlass sun/reflect/ConstructorAccessorImpl
instanceKlass sun/reflect/MethodAccessorImpl
ciInstanceKlass sun/reflect/MagicAccessorImpl 1 1 13 10 100 7 1 1 1 1 1 1 12 1 1
instanceKlass sun/reflect/GeneratedMethodAccessor1
instanceKlass sun/reflect/DelegatingMethodAccessorImpl
instanceKlass sun/reflect/NativeMethodAccessorImpl
ciInstanceKlass sun/reflect/MethodAccessorImpl 1 1 22 10 100 7 100 1 1 1 1 1 1 1 100 100 1 1 12 1 1 1 1 1
instanceKlass sun/reflect/GeneratedConstructorAccessor2
instanceKlass sun/reflect/BootstrapConstructorAccessorImpl
instanceKlass sun/reflect/GeneratedConstructorAccessor1
instanceKlass sun/reflect/DelegatingConstructorAccessorImpl
instanceKlass sun/reflect/NativeConstructorAccessorImpl
ciInstanceKlass sun/reflect/ConstructorAccessorImpl 1 1 24 10 100 7 100 1 1 1 1 1 1 1 100 100 100 1 1 12 1 1 1 1 1 1
ciInstanceKlass sun/reflect/DelegatingClassLoader 1 1 13 10 100 7 1 1 1 1 1 1 12 1 1
ciInstanceKlass sun/reflect/ConstantPool 1 1 106 10 9 10 10 10 10 10 10 10 10 10 10 10 10 10 10 7 7 8 10 100 1 1 1 1 1 1 1 1 1 1 1 1 1 1 1 1 1 1 1 1 1 1 1 1 1 1 1 1 1 1 1 1 1 1 1 1 1 1 1 1 1 1 1 1 1 1 1 1 1 1 1 1 1 1 1 1 1 1 1 1 12 12 12 12 12 12 12 12 12 12 12 12 12 12 12 12 1 1 7 12 1 1 1 1
instanceKlass sun/reflect/UnsafeFieldAccessorImpl
ciInstanceKlass sun/reflect/FieldAccessorImpl 1 1 56 10 100 7 100 1 1 1 1 1 1 1 100 1 1 1 1 1 1 1 1 1 1 1 1 1 1 1 1 1 1 100 1 1 1 1 1 1 1 1 1 1 1 1 1 1 1 1 1 1 12 1 1 1 1 1
instanceKlass sun/reflect/UnsafeStaticFieldAccessorImpl
ciInstanceKlass sun/reflect/UnsafeFieldAccessorImpl 1 1 233 10 9 10 10 9 10 9 10 10 9 10 10 10 10 100 10 10 10 8 10 10 100 8 10 8 10 8 10 100 10 10 8 10 8 10 8 10 8 10 8 10 8 10 8 10 8 10 8 10 10 8 8 8 8 8 8 10 8 8 8 10 10 7 7 1 1 1 1 1 1 1 1 1 1 1 1 1 100 100 1 1 1 1 1 1 1 1 1 100 100 1 1 1 1 1 1 1 1 1 1 1 1 1 1 1 1 1 1 1 1 1 1 1 1 12 12 7 12 7 12 12 7 12 12 12 12 12 12 100 12 100 12 12 1 12 12 1 12 1 1 12 1 12 1 12 1 12 1 12 1 100 12 1 100 12 1 100 12 1 100 12 1 100 12 1 100 12 1 100 12 1 100 12 12 1 1 1 1 1 1 100 12 1 1 1 12 12 1 1 1 1 1 1 1 1 1 1 1 1 1 1 1 1 1 1 1 1 1 1 1 1 1 1 1 1 1 1 1 1 1 1 1 1 1 1 1 1 1 1 1 1 1
staticfield sun/reflect/UnsafeFieldAccessorImpl unsafe Lsun/misc/Unsafe; sun/misc/Unsafe
instanceKlass sun/reflect/UnsafeStaticObjectFieldAccessorImpl
instanceKlass sun/reflect/UnsafeQualifiedStaticFieldAccessorImpl
ciInstanceKlass sun/reflect/UnsafeStaticFieldAccessorImpl 1 1 38 10 9 10 9 7 7 8 10 7 1 1 1 1 1 1 1 1 1 1 12 12 7 12 12 1 1 7 12 1 1 1 1 1 1 1 1 1
ciInstanceKlass sun/reflect/CallerSensitive 0 0 17 100 100 100 1 1 1 1 1 1 1 1 1 1 1 1 1
instanceKlass java/lang/invoke/DelegatingMethodHandle
instanceKlass java/lang/invoke/BoundMethodHandle
instanceKlass java/lang/invoke/DirectMethodHandle
ciInstanceKlass java/lang/invoke/MethodHandle 1 1 444 9 10 10 10 9 10 10 10 10 10 10 11 10 10 10 9 10 100 100 10 8 10 10 8 10 10 10 10 10 10 10 10 10 7 10 10 10 8 10 10 10 10 10 8 10 8 10 8 10 9 100 10 9 9 8 10 10 10 10 10 10 10 10 8 10 10 10 10 10 10 9 8 10 10 8 10 10 10 10 10 10 8 10 10 100 9 10 7 10 10 9 10 10 8 9 9 9 10 10 10 10 7 10 10 8 10 10 100 10 100 1 1 1 1 1 1 1 1 1 1 1 1 1 1 1 1 1 1 1 1 1 1 100 1 1 1 1 1 1 1 1 1 1 1 1 1 1 1 100 1 1 1 1 1 1 1 100 100 1 1 1 1 1 100 100 1 1 1 1 1 1 1 1 1 1 1 1 1 1 1 1 1 1 1 1 100 1 1 1 1 1 1 1 1 1 1 1 1 7 1 1 1 1 1 1 1 1 1 1 1 1 1 1 1 1 1 100 1 1 12 12 12 7 12 12 12 7 12 12 100 12 12 12 100 12 12 12 12 12 12 1 1 1 12 12 1 12 12 7 12 12 12 12 12 7 12 7 12 1 12 12 12 1 7 12 12 12 12 12 1 12 1 12 1 100 12 12 1 100 12 100 1 12 12 12 12 12 12 12 12 1 12 12 12 12 12 12 12 1 12 12 1 12 12 7 12 12 12 1 12 12 1 12 1 100 12 12 12 12 12 1 12 12 12 7 12 12 12 12 1 12 12 12 12 1 12 1 1 1 1 1 1 1 1 1 1 1 1 1 1 1 1 1 1 1 1 1 1 1 1 1 1 1 1 1 1 1 1 1 1 1 1 1 1 1 1 1 1 1 1 1 1 1 1 1 1 1 1 1 1 1 1 1 1 1 1 1 1 1 1 1 1 1 1 1 1 1 1 1 1 1 1 1 1 1 1 1 1 1 1 1 1 1 1 1 1 1 1 1 1 1 1 1 1 1 1 1 1 1 1 1 1 1
staticfield java/lang/invoke/MethodHandle FORM_OFFSET J 20
staticfield java/lang/invoke/MethodHandle $assertionsDisabled Z 1
instanceKlass java/lang/invoke/DirectMethodHandle$Special
instanceKlass java/lang/invoke/DirectMethodHandle$Accessor
ciInstanceKlass java/lang/invoke/DirectMethodHandle 1 1 703 100 7 7 10 10 10 100 10 10 10 10 10 7 7 10 10 10 10 10 10 10 9 100 10 9 10 10 10 10 10 10 7 10 10 10 10 7 10 7 10 10 10 100 10 10 7 10 10 10 10 10 10 10 10 8 10 10 10 10 10 9 100 10 10 10 7 10 8 10 10 10 10 10 10 10 10 10 10 10 10 10 10 10 10 10 10 10 8 8 8 8 8 8 8 8 8 8 8 10 10 7 9 7 10 100 10 10 10 10 7 9 10 9 9 9 10 7 10 10 10 8 10 10 10 10 9 9 10 10 7 7 7 9 10 10 10 10 9 10 100 10 100 10 10 9 9 10 9 10 10 10 10 10 9 10 10 10 10 9 9 10 10 9 9 9 9 10 9 9 10 10 9 10 9 10 10 7 10 10 10 10 10 8 8 8 9 10 7 10 10 9 9 9 9 9 9 8 8 8 8 10 10 9 9 100 1 7 1 1 1 1 1 100 1 1 1 1 7 1 1 1 1 1 1 1 1 1 1 1 1 1 1 1 1 1 1 1 1 1 1 1 1 100 100 100 100 1 1 1 1 1 1 1 1 1 1 100 1 1 1 1 1 1 1 1 1 1 1 1 1 1 100 100 100 1 1 1 1 1 1 1 1 1 1 1 1 100 100 1 1 1 1 7 1 1 1 1 1 1 1 1 1 1 1 1 1 1 1 1 1 1 100 100 1 1 1 1 1 7 1 1 1 1 12 12 12 1 12 12 12 12 12 1 1 12 12 12 12 12 12 12 12 1 12 12 12 12 12 12 12 1 7 12 12 12 12 1 12 1 12 12 12 1 12 12 1 12 12 12 12 100 12 100 12 12 12 12 12 12 100 12 1 12 7 12 12 1 1 12 12 12 12 12 12 12 12 12 12 12 12 7 12 12 12 12 12 1 1 1 1 1 1 1 1 1 1 1 12 12 1 12 1 12 1 7 12 12 12 12 1 12 12 12 12 12 12 1 12 100 12 12 1 12 12 12 12 12 12 7 12 12 1 1 1 12 12 12 12 12 12 12 1 12 1 12 12 12 12 12 12 12 12 12 12 12 12 12 7 12 12 7 12 12 12 12 12 12 12 12 12 12 12 12 12 12 12 12 12 12 12 1 12 12 7 12 12 12 1 1 1 7 12 1 12 12 12 12 12 12 12 12 1 1 1 1 12 12 12 12 1 1 1 1 1 1 1 1 1 1 1 1 1 1 1 1 1 1 1 1 1 1 1 1 1 1 1 1 1 1 1 1 1 1 1 1 1 1 1 1 1 1 1 1 1 1 1 1 1 1 1 1 1 1 1 1 1 1 1 1 1 1 1 1 1 1 1 1 1 1 1 1 1 1 1 1 1 1 1 1 1 1 1 1 1 1 1 1 1 1 1 1 1 1 1 1 1 100 1 1 1 1 1 1 1 1 1 1 1 1 1 1 1 1 1 1 1 1 1 1 1 1 1 1 1 1 1 1 1 1 1 1 1 1 1 1 1 1 1 1 1 1 1 1 1 1 1 1 1 1 1 1 1 1 1 1 1 1 1 1 1 1 1 1 1 1 1 1 1 1 1 1 1
staticfield java/lang/invoke/DirectMethodHandle IMPL_NAMES Ljava/lang/invoke/MemberName$Factory; java/lang/invoke/MemberName$Factory
staticfield java/lang/invoke/DirectMethodHandle ACCESSOR_FORMS [Ljava/lang/invoke/LambdaForm; 132 [Ljava/lang/invoke/LambdaForm;
staticfield java/lang/invoke/DirectMethodHandle $assertionsDisabled Z 1
ciInstanceKlass java/lang/invoke/MemberName 1 1 654 7 7 100 10 10 10 9 9 10 9 10 10 10 10 10 10 10 9 10 100 7 10 8 10 10 10 10 9 8 10 7 7 10 10 7 7 7 10 9 100 8 10 10 10 10 10 10 10 10 10 8 8 8 10 10 9 3 10 10 10 10 10 10 10 10 10 7 8 10 10 8 9 8 9 10 8 10 10 10 10 10 100 10 10 8 10 10 8 10 10 100 10 10 8 8 10 10 10 10 10 10 10 10 10 3 10 3 10 3 3 3 3 3 3 10 100 10 3 10 3 10 10 10 10 10 10 10 10 10 10 10 10 100 10 10 10 100 10 10 10 10 100 10 10 8 10 10 10 10 10 10 10 10 10 10 10 100 10 100 8 10 10 10 10 10 10 10 8 8 8 8 10 10 10 8 8 10 8 10 10 10 8 8 10 10 8 8 100 10 8 8 8 8 10 7 7 7 10 100 10 7 10 9 10 100 100 7 1 1 1 1 1 1 1 1 1 1 1 1 1 1 1 3 1 3 1 3 1 3 1 3 1 3 1 1 1 1 1 1 1 1 3 1 1 1 1 3 1 1 1 1 1 1 1 1 1 1 1 1 1 1 1 100 100 1 100 1 1 1 1 1 1 1 1 1 1 1 1 1 1 1 1 1 1 1 1 1 1 1 1 1 1 1 1 100 1 1 1 1 1 1 1 1 1 1 1 1 1 1 1 1 1 1 1 1 1 1 1 1 1 1 1 1 1 1 1 1 1 100 100 1 1 1 1 1 100 1 1 1 100 1 1 1 1 1 1 1 1 1 100 1 1 1 1 1 1 1 1 100 1 1 1 1 1 1 1 1 1 100 1 1 1 1 1 100 1 1 1 1 1 1 1 1 1 1 1 1 1 1 7 1 1 12 12 12 12 12 12 12 12 12 12 12 12 12 12 100 12 12 1 1 12 1 12 12 12 12 12 1 100 12 1 1 12 1 1 1 12 12 1 1 12 12 12 12 12 12 12 12 12 1 1 1 100 12 12 12 12 12 12 12 12 12 12 12 1 12 12 100 100 12 1 12 12 12 12 12 1 12 12 1 12 12 1 12 12 1 12 12 1 1 12 12 12 12 12 12 12 12 12 12 12 100 1 1 7 12 12 12 12 12 7 12 12 12 12 12 12 1 12 1 12 12 1 12 100 12 100 12 12 12 12 12 12 12 1 12 1 1 7 12 12 7 12 12 12 1 1 1 1 12 12 12 1 1 12 1 12 12 1 1 12 1 1 1 1 1 1 1 12 1 1 1 1 1 7 12 12 12 1 1 1 1 1 1 1 1 1 1 1 1 1 1 1 1 1 1 1 1 1 1 1 1 1 1 1 1 1 1 1 1 1 1 1 1 1 1 1 1 1 1 1 1 1 1 1 1 1 1 1 1 1 1 1 1 1 1 1 1 1 1 1 1 1 1 1 1 1 1 1 1 1 1 1 1 1 1 1 1 1 1 1 1
staticfield java/lang/invoke/MemberName $assertionsDisabled Z 1
ciInstanceKlass java/lang/invoke/MethodHandleNatives 1 1 442 100 10 9 10 100 10 10 10 10 8 8 8 8 8 8 8 8 8 8 7 10 7 10 10 100 10 10 8 10 8 10 8 10 9 8 10 100 10 100 100 8 7 7 10 10 7 9 10 10 10 7 10 10 10 10 100 10 9 8 10 8 10 8 8 8 100 8 10 10 10 10 10 100 10 10 8 8 10 10 10 8 10 8 8 9 10 10 10 100 100 10 10 10 100 100 10 10 100 10 10 100 100 10 10 10 10 100 10 10 10 10 10 10 10 8 8 100 10 100 10 10 10 10 7 10 10 10 9 10 10 10 1 1 1 1 1 1 1 1 1 1 1 1 1 1 1 1 100 1 1 1 1 1 1 1 1 1 1 1 1 1 1 1 1 1 1 1 1 1 1 1 1 1 1 1 1 1 1 1 1 1 1 1 100 100 100 1 1 100 100 100 100 1 1 100 1 1 100 1 1 1 1 1 1 1 1 1 1 1 1 1 100 100 100 100 1 1 1 100 100 1 1 1 1 1 1 1 1 1 12 12 12 1 12 12 12 1 1 1 1 1 1 1 1 1 1 1 12 1 12 100 12 1 12 1 12 1 12 1 12 100 12 1 100 12 1 12 1 1 1 1 1 12 1 7 12 12 12 7 12 1 12 7 12 12 12 1 100 12 12 1 12 1 12 1 1 1 1 1 12 12 12 12 12 1 12 12 1 1 12 12 1 100 12 1 1 7 12 12 12 12 1 1 12 1 1 1 1 1 100 12 12 1 12 7 12 12 12 12 12 1 1 1 12 1 12 12 12 12 1 12 12 12 12 7 12 12 12 1 1 1 1 1 1 1 1 1 1 1 1 1 1 1 1 1 1 1 1 1 1 1 1 1 1 1 1 1 1 1 1 1 1 1 1 1 1 1 1 1 1 1 1 1 1 1 1 1 1 1 1 1 1 1 100 1 1 1 1 1 1 1 1 1 1 1 1 1 1 1 1 1 1 1 1 1 1 1 1 1 1 1
staticfield java/lang/invoke/MethodHandleNatives COUNT_GWT Z 1
staticfield java/lang/invoke/MethodHandleNatives $assertionsDisabled Z 1
ciInstanceKlass java/lang/invoke/LambdaForm 1 1 986 7 100 9 10 10 9 9 10 100 10 9 10 9 10 7 9 10 9 9 9 10 7 10 10 10 10 10 10 10 9 10 8 10 10 10 10 7 10 10 8 10 10 10 100 8 10 10 10 10 10 7 10 7 10 10 9 9 10 10 100 10 10 10 10 10 10 10 10 10 10 8 10 10 8 8 9 9 9 10 10 10 9 10 10 10 10 10 10 10 10 8 8 8 8 8 8 8 8 10 9 10 10 10 10 10 10 10 7 10 10 9 10 10 10 10 10 10 8 10 100 100 10 10 10 10 11 11 11 7 10 10 10 10 7 10 8 10 10 8 10 10 10 7 10 8 10 9 10 10 8 8 10 10 8 8 8 10 10 9 10 8 8 9 10 10 8 8 8 100 8 100 8 100 8 10 8 10 9 10 10 9 10 10 10 10 10 10 10 10 10 10 8 100 10 10 9 10 8 8 100 8 8 9 8 8 8 10 8 8 8 10 10 8 8 8 10 8 10 8 8 8 8 8 10 10 10 10 10 10 10 10 10 10 10 10 10 10 10 10 10 10 10 9 8 10 11 11 9 9 9 9 9 10 10 8 10 8 9 7 10 100 10 7 10 9 10 10 10 10 9 10 10 9 10 9 10 9 7 9 9 10 100 10 10 10 10 9 100 1 100 1 100 1 1 1 7 1 1 1 1 1 1 1 1 1 1 1 1 1 1 1 1 1 1 1 1 1 3 1 3 1 3 1 1 1 3 1 1 1 7 1 1 1 1 1 1 1 1 1 1 1 1 1 1 1 1 1 1 1 1 100 100 100 1 1 1 1 1 1 100 1 1 1 1 1 1 1 100 100 100 100 1 1 1 1 1 1 1 1 1 1 1 1 1 1 1 1 1 1 1 1 1 1 1 1 1 1 1 1 1 1 1 100 1 1 1 1 100 1 100 100 1 1 1 1 1 1 1 1 1 100 1 1 1 1 1 1 1 100 1 1 1 1 1 1 1 1 1 1 1 1 100 1 1 1 1 1 1 1 1 1 1 1 1 1 1 1 1 1 100 1 1 1 1 100 1 1 1 100 1 1 1 1 1 1 1 1 1 1 1 1 1 1 1 1 1 1 1 1 1 1 1 100 100 100 1 1 1 1 1 1 1 1 1 1 1 1 1 1 1 1 1 1 1 1 1 1 1 1 1 1 100 1 1 12 12 12 12 12 12 1 12 12 12 7 12 12 12 12 12 12 12 1 12 12 100 12 100 12 12 12 12 12 12 1 12 12 12 7 12 1 12 1 12 12 12 1 1 12 12 12 12 12 1 12 1 12 12 12 12 12 12 1 12 12 12 12 12 12 100 12 12 1 12 12 1 1 12 12 12 12 7 12 12 12 7 12 12 12 12 12 12 12 1 1 1 1 1 1 1 1 12 12 12 12 12 12 12 12 12 1 12 12 12 12 12 12 12 7 12 12 1 1 7 12 12 12 7 12 7 12 12 1 12 12 12 12 1 12 1 12 12 1 12 12 1 12 1 12 12 12 12 1 1 12 12 1 1 1 12 12 100 12 12 1 1 12 12 12 1 1 1 1 1 1 1 1 1 12 1 12 7 12 12 12 12 12 12 12 12 12 12 12 12 1 1 12 12 12 12 1 1 1 1 1 12 1 1 1 100 12 1 1 1 12 12 1 1 1 12 1 12 1 1 1 1 1 12 12 12 7 12 12 12 12 12 12 12 12 12 12 12 12 12 12 12 12 1 12 12 12 12 12 12 12 12 12 12 1 12 1 12 1 12 1 12 1 12 12 12 12 12 12 12 7 12 12 12 12 12 12 12 12 1 12 12 12 1 1 1 1 1 1 1 1 1 1 1 1 1 1 1 1 1 1 1 1 1 1 1 1 1 1 1 1 1 1 1 1 1 1 1 1 1 1 1 1 1 1 1 1 1 1 1 1 1 1 1 1 1 1 1 1 1 1 1 1 1 1 1 1 1 1 1 1 1 1 1 1 1 1 1 1 1 1 1 1 1 1 1 1 1 1 1 1 1 1 1 1 1 1 1 1 1 1 1 1 1 1 1 1 1 1 1 1 1 1 1 1 1 1 1 1 1 1 1 1 1 1 1 1 1 1 1 1 1 1 1 1 1 1 1 1 1 1 1 1 1 1 1 1 1 1 1 1 1 1 1 1 1 1 1 1 1 1 1 1 1 1 1 1 1 1 1 1 1 1 1 1 1 1 1 1 1 1
staticfield java/lang/invoke/LambdaForm COMPILE_THRESHOLD I 0
staticfield java/lang/invoke/LambdaForm INTERNED_ARGUMENTS [[Ljava/lang/invoke/LambdaForm$Name; 5 [[Ljava/lang/invoke/LambdaForm$Name;
staticfield java/lang/invoke/LambdaForm IMPL_NAMES Ljava/lang/invoke/MemberName$Factory; java/lang/invoke/MemberName$Factory
staticfield java/lang/invoke/LambdaForm LF_identityForm [Ljava/lang/invoke/LambdaForm; 6 [Ljava/lang/invoke/LambdaForm;
staticfield java/lang/invoke/LambdaForm LF_zeroForm [Ljava/lang/invoke/LambdaForm; 6 [Ljava/lang/invoke/LambdaForm;
staticfield java/lang/invoke/LambdaForm NF_identity [Ljava/lang/invoke/LambdaForm$NamedFunction; 6 [Ljava/lang/invoke/LambdaForm$NamedFunction;
staticfield java/lang/invoke/LambdaForm NF_zero [Ljava/lang/invoke/LambdaForm$NamedFunction; 6 [Ljava/lang/invoke/LambdaForm$NamedFunction;
staticfield java/lang/invoke/LambdaForm DEBUG_NAME_COUNTERS Ljava/util/HashMap; null
staticfield java/lang/invoke/LambdaForm TRACE_INTERPRETER Z 0
staticfield java/lang/invoke/LambdaForm $assertionsDisabled Z 1
ciInstanceKlass java/lang/invoke/MethodType 1 1 608 7 10 10 10 9 10 7 9 9 10 9 8 10 10 9 9 10 7 10 8 10 10 10 100 8 10 100 10 10 10 10 11 9 11 7 10 9 10 10 10 10 10 9 7 10 7 10 10 10 10 10 10 10 10 10 10 8 8 10 9 100 10 10 10 10 10 10 10 10 10 8 10 10 10 10 10 11 10 10 10 10 10 7 10 10 10 10 9 7 10 10 10 10 10 10 10 10 8 8 10 8 10 10 9 10 10 10 10 10 10 10 10 10 10 10 10 9 7 10 10 10 10 10 8 10 11 9 10 10 10 10 10 10 10 10 10 9 9 10 9 10 7 10 7 9 8 10 10 8 100 100 10 100 1 1 1 1 1 5 0 1 1 1 1 1 1 1 1 1 1 1 1 1 1 1 1 1 1 1 3 1 3 1 3 1 1 1 1 1 1 1 1 1 1 1 1 1 1 1 1 1 100 100 1 1 1 1 1 1 1 1 1 1 1 1 1 1 1 1 1 1 1 1 1 1 1 1 1 1 1 1 1 1 1 1 1 1 1 1 1 1 1 1 1 1 1 1 1 1 1 1 1 1 1 1 1 1 1 1 1 1 1 1 1 1 1 1 1 1 1 1 1 1 1 1 1 1 1 1 1 1 1 1 1 1 1 1 1 1 1 1 1 1 1 1 1 1 1 1 1 1 100 1 1 1 1 100 1 1 1 1 1 1 1 100 1 1 100 1 1 1 1 1 1 100 100 1 100 1 1 1 1 1 100 1 1 100 1 1 1 1 1 1 1 100 1 1 1 12 12 12 12 7 12 12 12 7 12 7 12 1 7 12 12 7 7 12 1 1 12 12 12 1 1 12 1 12 12 12 7 12 12 12 1 7 12 12 12 12 12 12 12 12 1 12 1 12 12 100 12 12 12 12 12 12 12 12 1 1 12 12 1 12 12 12 12 100 12 12 12 1 12 12 7 12 12 12 12 12 12 12 12 12 1 12 12 12 12 1 12 7 12 12 7 12 12 12 1 1 12 1 100 12 12 12 12 12 12 12 12 12 100 12 12 12 12 12 12 1 12 12 12 7 12 12 1 7 12 12 12 12 12 100 12 12 12 100 12 12 100 12 12 12 7 12 12 12 1 1 12 12 12 1 1 12 1 1 1 1 1 1 1 1 1 1 1 1 1 1 1 1 1 1 1 1 1 1 1 1 1 1 1 1 1 1 1 1 1 1 1 1 1 1 1 1 1 1 1 1 1 1 1 1 1 1 1 1 1 1 1 1 1 1 1 1 1 1 1 1 1 1 1 1 1 1 1 1 1 1 1 1 1 1 1 1 1 1 1 1 1 1 1 1 1 1 1 1 1 1 1 1 1 1 1 1 1 1
staticfield java/lang/invoke/MethodType internTable Ljava/lang/invoke/MethodType$ConcurrentWeakInternSet; java/lang/invoke/MethodType$ConcurrentWeakInternSet
staticfield java/lang/invoke/MethodType NO_PTYPES [Ljava/lang/Class; 0 [Ljava/lang/Class;
staticfield java/lang/invoke/MethodType objectOnlyTypes [Ljava/lang/invoke/MethodType; 20 [Ljava/lang/invoke/MethodType;
staticfield java/lang/invoke/MethodType serialPersistentFields [Ljava/io/ObjectStreamField; 0 [Ljava/io/ObjectStreamField;
staticfield java/lang/invoke/MethodType rtypeOffset J 12
staticfield java/lang/invoke/MethodType ptypesOffset J 16
staticfield java/lang/invoke/MethodType $assertionsDisabled Z 1
ciInstanceKlass java/lang/BootstrapMethodError 0 0 39 10 10 10 10 10 100 100 1 1 1 5 0 1 1 1 1 1 1 1 1 100 100 1 1 12 12 12 100 12 12 1 1 1 1 1 1 1 1
instanceKlass java/lang/invoke/VolatileCallSite
instanceKlass java/lang/invoke/MutableCallSite
instanceKlass java/lang/invoke/ConstantCallSite
ciInstanceKlass java/lang/invoke/CallSite 1 1 322 10 10 9 10 10 100 7 10 7 10 10 10 100 100 10 10 10 8 10 10 10 9 10 10 10 10 100 8 10 10 10 100 10 9 10 10 10 10 9 9 10 10 9 10 10 10 10 10 10 7 10 10 10 10 10 10 7 100 8 10 10 10 10 10 7 100 8 10 10 100 8 10 7 10 10 10 8 10 10 8 10 10 100 10 8 10 10 100 100 10 1 1 1 1 1 1 1 1 1 1 1 1 1 1 1 1 1 1 1 1 1 100 1 1 1 1 1 1 1 1 100 1 1 1 1 1 100 100 100 100 100 100 100 1 1 1 1 1 1 1 1 100 100 1 1 12 12 12 12 12 1 1 12 1 12 12 12 1 1 100 12 12 1 12 12 12 12 12 100 12 12 1 1 12 12 1 12 12 12 12 12 100 12 7 12 12 7 12 12 7 12 12 12 12 12 7 12 12 1 12 12 12 12 12 12 1 1 1 12 12 100 12 12 1 1 1 12 1 1 12 1 12 12 7 12 12 12 12 12 1 12 12 12 1 1 12 1 1 1 1 1 1 1 1 1 1 1 1 1 1 1 1 1 1 1 1 1 1 1 1 1 1 1 1 1 1 1 1 1 1 1 1 1 1 1 1 1 1 1 1 1 1 1 1 1 1 1 1 1 1 1 1 1 1 1 1 1 1 1 1 1 1 1 1 1 1 1 1 1 1 1 1 1 1 1 1 1 1 1 1 1
staticfield java/lang/invoke/CallSite GET_TARGET Ljava/lang/invoke/MethodHandle; java/lang/invoke/DirectMethodHandle
staticfield java/lang/invoke/CallSite THROW_UCS Ljava/lang/invoke/MethodHandle; java/lang/invoke/MethodHandleImpl$AsVarargsCollector
staticfield java/lang/invoke/CallSite TARGET_OFFSET J 12
ciInstanceKlass java/lang/invoke/ConstantCallSite 1 1 42 10 9 10 100 10 9 100 10 10 7 7 1 1 1 1 1 1 1 1 100 1 1 1 1 1 1 1 12 12 12 1 12 12 1 12 1 1 1 1 1 1
ciInstanceKlass java/lang/invoke/MutableCallSite 0 0 57 10 10 9 10 10 10 9 10 10 100 10 100 100 1 1 1 1 1 1 1 1 1 1 1 1 1 1 1 1 1 1 12 12 12 12 12 12 12 12 100 12 1 12 1 1 1 1 1 1 1 1 1 1 1 1 1
ciInstanceKlass java/lang/invoke/VolatileCallSite 0 0 33 10 10 10 10 10 10 100 100 1 1 1 1 1 1 1 1 1 1 1 12 12 12 12 12 12 1 1 1 1 1 1 1
instanceKlass java/lang/StringBuilder
instanceKlass java/lang/StringBuffer
ciInstanceKlass java/lang/AbstractStringBuilder 1 1 318 7 10 9 9 10 10 10 7 3 10 3 100 10 100 10 10 10 10 100 10 10 10 8 10 10 10 10 10 10 10 10 10 10 10 7 10 11 10 8 100 10 8 10 10 8 8 10 10 11 3 8 10 10 7 5 0 8 10 10 10 10 10 10 10 10 100 10 8 8 10 10 10 8 8 8 10 10 8 10 10 10 10 10 10 10 10 10 10 10 10 10 10 10 7 100 7 1 1 1 1 1 1 1 1 1 1 1 1 1 1 1 1 1 1 1 1 1 1 1 1 1 1 1 1 1 1 1 1 1 1 1 1 1 1 1 1 1 1 1 1 1 1 1 1 1 1 1 1 1 1 1 1 1 1 1 1 1 1 1 1 1 1 1 1 1 1 1 1 1 1 1 1 1 1 1 1 1 1 1 1 1 100 1 1 1 1 1 12 12 12 12 12 7 12 1 12 1 1 12 12 100 12 12 1 12 12 1 12 7 12 12 12 12 12 12 100 1 12 12 1 1 1 12 12 1 1 12 12 1 12 12 1 1 12 12 100 12 12 12 12 12 1 1 1 12 12 12 1 1 1 12 12 1 12 12 12 12 12 12 12 12 12 12 12 12 12 12 12 1 1 1 1 1 1 1 1 1 1 1 1 1 1 1 1 1 1 1 1 1 1 1 1 1 1 1 1 1 1 1 1 1 1 1 1 1 1 1 1 1 1 1 1 1 1 1 1 1
ciInstanceKlass java/lang/StringBuffer 1 1 371 10 10 10 11 10 10 9 9 10 10 9 10 100 10 10 10 10 10 10 10 10 10 10 10 10 10 10 10 10 10 10 10 10 10 10 10 10 10 10 10 10 10 10 10 10 10 10 10 10 10 10 10 10 10 10 10 7 10 10 8 10 8 10 8 10 10 10 10 7 10 10 10 10 10 10 10 10 10 10 10 10 10 10 10 10 10 10 10 10 10 10 10 10 10 10 10 10 10 10 7 10 9 9 9 7 7 100 100 1 1 1 1 1 5 0 1 1 1 1 1 1 1 1 1 1 1 1 1 1 1 1 1 1 1 1 1 1 1 1 1 1 1 1 1 1 1 1 1 1 1 1 1 1 1 1 1 1 1 1 1 1 1 1 1 1 1 1 1 1 1 1 1 1 1 1 1 1 1 1 1 1 1 1 1 1 1 1 1 1 1 1 1 100 1 1 100 1 1 1 1 1 1 1 1 1 1 1 1 1 1 1 1 1 1 1 1 1 1 1 1 1 1 1 1 1 1 1 1 1 1 12 12 12 12 12 12 12 12 12 12 1 12 12 12 12 12 12 12 12 12 12 12 12 12 12 12 12 12 12 12 12 12 12 12 12 12 12 12 12 12 12 12 12 12 12 12 12 12 12 12 7 12 1 12 100 12 1 100 12 1 12 1 12 12 100 12 100 12 12 12 12 12 12 12 12 12 12 12 12 12 12 12 12 12 12 12 12 12 12 12 12 12 12 12 12 12 12 12 1 12 7 12 7 12 1 1 1 1 1 1 1 1 1 1 1 1 1 1 1 1 1 1 1 1 1 1 1 1 1 1 1 1 1 1 1 1 1 1 1 1
staticfield java/lang/StringBuffer serialPersistentFields [Ljava/io/ObjectStreamField; 3 [Ljava/io/ObjectStreamField;
ciInstanceKlass java/lang/StringBuilder 1 1 326 10 10 10 11 10 10 10 10 10 10 10 10 10 10 10 10 10 10 10 10 10 10 10 10 10 10 10 10 10 10 10 10 10 10 10 10 10 10 10 10 7 9 9 10 10 10 10 10 10 10 100 10 10 10 10 10 10 10 10 10 10 10 10 10 10 10 10 10 10 10 10 10 10 10 10 10 10 10 10 10 10 10 10 10 10 10 10 10 10 10 10 10 10 10 7 7 100 100 1 1 1 5 0 1 1 1 1 1 1 1 1 1 1 1 1 1 1 1 1 1 1 1 1 1 1 1 1 1 1 1 1 1 1 1 1 1 1 1 1 1 1 1 1 1 1 1 1 1 1 1 1 1 1 100 1 1 100 1 1 1 1 1 1 1 1 1 1 1 1 1 1 1 1 1 1 1 1 1 1 1 1 1 1 1 1 1 1 1 1 1 1 1 1 1 1 1 1 1 1 1 1 1 1 1 1 1 1 1 1 1 1 1 12 12 12 12 12 12 12 12 12 12 12 12 12 12 12 12 12 12 12 12 12 12 12 12 12 12 12 12 12 12 12 12 12 12 12 12 12 12 1 12 12 12 100 12 12 12 100 12 12 12 1 12 12 12 12 12 12 12 12 12 12 12 12 12 12 12 12 12 12 12 12 12 12 12 12 12 12 12 12 12 12 12 12 12 12 12 12 12 12 12 12 12 12 1 1 1 1 1 1 1 1 1 1 1 1 1 1 1 1 1 1 1 1
ciInstanceKlass sun/misc/Unsafe 1 1 390 10 10 10 10 100 8 10 9 10 10 10 10 10 10 10 10 10 10 10 10 10 10 10 10 10 10 10 10 10 10 10 10 10 10 10 10 10 10 10 10 100 10 10 7 7 8 10 10 7 10 9 7 9 7 9 7 9 7 9 7 9 7 9 7 9 7 9 10 9 9 9 9 9 9 9 9 9 10 9 7 1 1 1 1 1 3 1 1 1 1 1 1 1 1 1 1 1 1 1 1 1 1 1 1 1 1 1 1 1 1 1 1 1 100 1 1 1 1 1 1 1 1 1 1 1 1 1 1 1 1 1 1 1 1 1 1 1 1 1 1 1 1 1 1 1 1 1 1 1 1 1 1 1 1 1 1 1 1 1 1 1 1 1 1 1 1 1 1 1 1 1 1 1 1 1 1 1 1 1 1 1 1 1 1 1 1 1 1 1 1 1 1 1 1 1 1 1 1 1 1 1 1 1 100 1 1 1 1 1 1 1 1 1 1 1 1 1 1 1 1 1 1 1 1 1 1 1 1 1 1 1 100 1 1 1 1 1 1 1 1 1 1 1 1 1 1 1 1 1 1 1 1 1 1 1 1 1 1 1 1 1 1 1 1 1 1 1 1 1 1 1 1 1 1 1 1 1 1 1 1 1 1 1 1 1 1 12 7 12 7 12 7 12 1 1 12 12 12 12 12 12 12 12 12 12 12 12 12 12 12 12 12 12 12 12 12 12 100 12 100 12 12 12 12 12 12 12 12 12 12 12 1 12 1 1 12 1 12 12 1 12 1 12 1 12 1 12 1 12 1 12 1 12 1 12 12 12 12 12 12 12 12 12 12 12 12 12 1 1 1 1 1 1 1 1 1 1 1 1 1 1 1 1 1 1 1 1 1 1
staticfield sun/misc/Unsafe theUnsafe Lsun/misc/Unsafe; sun/misc/Unsafe
staticfield sun/misc/Unsafe ARRAY_BOOLEAN_BASE_OFFSET I 16
staticfield sun/misc/Unsafe ARRAY_BYTE_BASE_OFFSET I 16
staticfield sun/misc/Unsafe ARRAY_SHORT_BASE_OFFSET I 16
staticfield sun/misc/Unsafe ARRAY_CHAR_BASE_OFFSET I 16
staticfield sun/misc/Unsafe ARRAY_INT_BASE_OFFSET I 16
staticfield sun/misc/Unsafe ARRAY_LONG_BASE_OFFSET I 16
staticfield sun/misc/Unsafe ARRAY_FLOAT_BASE_OFFSET I 16
staticfield sun/misc/Unsafe ARRAY_DOUBLE_BASE_OFFSET I 16
staticfield sun/misc/Unsafe ARRAY_OBJECT_BASE_OFFSET I 16
staticfield sun/misc/Unsafe ARRAY_BOOLEAN_INDEX_SCALE I 1
staticfield sun/misc/Unsafe ARRAY_BYTE_INDEX_SCALE I 1
staticfield sun/misc/Unsafe ARRAY_SHORT_INDEX_SCALE I 2
staticfield sun/misc/Unsafe ARRAY_CHAR_INDEX_SCALE I 2
staticfield sun/misc/Unsafe ARRAY_INT_INDEX_SCALE I 4
staticfield sun/misc/Unsafe ARRAY_LONG_INDEX_SCALE I 8
staticfield sun/misc/Unsafe ARRAY_FLOAT_INDEX_SCALE I 4
staticfield sun/misc/Unsafe ARRAY_DOUBLE_INDEX_SCALE I 8
staticfield sun/misc/Unsafe ARRAY_OBJECT_INDEX_SCALE I 4
staticfield sun/misc/Unsafe ADDRESS_SIZE I 8
instanceKlass sun/java2d/cmm/ProfileDeferralInfo
instanceKlass java/io/ObjectInputStream
instanceKlass java/util/zip/ZipFile$ZipFileInputStream
instanceKlass java/io/FilterInputStream
instanceKlass java/io/FileInputStream
instanceKlass java/io/ByteArrayInputStream
ciInstanceKlass java/io/InputStream 1 1 63 10 10 100 10 100 10 10 100 100 5 0 10 8 10 7 100 1 1 1 3 1 1 1 1 1 1 1 1 1 1 100 1 1 100 100 1 1 1 1 1 1 1 1 1 12 12 1 1 12 1 1 100 12 1 12 1 1 1 1 1 1 1
ciInstanceKlass java/io/ByteArrayInputStream 1 1 62 10 9 9 9 9 10 100 10 100 10 10 7 7 1 1 1 1 1 1 1 1 1 1 1 1 1 1 1 1 1 1 1 1 1 1 1 1 1 100 1 1 12 12 12 12 12 100 12 1 1 7 12 1 1 1 1 1 1 1 1 1
ciInstanceKlass java/io/File 1 1 593 9 9 10 9 9 9 10 9 100 10 8 10 9 10 100 10 10 10 10 10 100 8 10 10 8 10 8 10 8 10 8 10 8 10 8 10 8 10 9 10 10 10 10 10 10 7 10 10 10 10 10 7 8 10 10 10 8 10 7 10 10 10 10 7 10 100 10 10 10 10 10 8 7 10 100 100 10 10 10 7 10 10 10 10 10 10 10 10 10 10 10 7 10 11 11 11 7 11 7 10 10 10 10 100 11 10 10 10 10 10 10 10 8 10 10 10 10 10 10 10 10 100 8 10 10 10 8 8 10 10 100 8 10 10 10 10 10 10 10 10 8 10 10 9 9 10 9 10 9 10 10 10 10 10 10 9 10 9 9 10 10 10 8 100 7 100 100 100 1 1 7 1 1 1 1 1 1 1 1 1 1 1 1 1 1 1 1 1 1 1 1 1 5 0 1 1 1 1 1 1 1 1 1 100 100 1 1 1 1 1 100 1 1 1 1 100 1 1 1 1 1 1 1 1 1 1 1 1 1 1 1 1 1 1 1 1 1 100 1 100 1 1 1 1 1 1 1 1 1 1 1 1 1 1 1 100 1 1 1 100 100 1 100 1 1 100 1 1 1 1 1 1 1 1 1 1 1 1 1 1 1 1 1 100 1 1 1 1 1 1 1 1 1 1 1 100 100 1 1 100 100 100 1 1 100 1 1 1 1 12 12 12 12 12 12 12 12 1 1 12 12 12 1 12 12 12 12 1 1 12 12 1 12 1 12 1 12 1 12 1 12 1 12 1 12 12 12 12 12 12 12 12 1 12 12 12 12 12 1 1 12 12 1 12 1 12 12 12 1 1 12 12 12 12 1 1 12 1 1 12 7 12 100 12 1 12 12 12 12 12 12 12 12 100 12 12 12 1 7 12 7 12 12 1 12 1 12 1 100 12 12 12 12 12 12 12 12 1 12 12 12 12 12 12 12 12 1 1 12 12 1 1 12 12 1 1 12 12 12 12 100 12 12 100 12 100 12 12 12 12 7 12 12 12 12 7 12 7 12 7 12 7 12 12 12 12 12 12 12 12 12 12 1 1 1 1 1 1 1 1 1 1 1 1 1 1 1 1 1 1 1 1 1 1 1 1 1 1 1 1 1 1 1 1 1 1 1 1 1 1 1 1 1 1 1 1 1 1 1 1 1 1 1 1 1 1 1 1 1 1 1 1 1 1 1 1 1 1 1 1 1 1 1 1 1 1 1 1 1 1 1 1 1 1 1 1 1 1 1 1 1 1 1 1 1 1 1 1 1 1 1 1 1 1 1 1 1 1 1 1 1 1 1 1 1 1 1 1 1 1 1 1
staticfield java/io/File fs Ljava/io/FileSystem; java/io/WinNTFileSystem
staticfield java/io/File separatorChar C 92
staticfield java/io/File separator Ljava/lang/String; "\"
staticfield java/io/File pathSeparatorChar C 59
staticfield java/io/File pathSeparator Ljava/lang/String; ";"
staticfield java/io/File PATH_OFFSET J 16
staticfield java/io/File PREFIX_LENGTH_OFFSET J 12
staticfield java/io/File UNSAFE Lsun/misc/Unsafe; sun/misc/Unsafe
staticfield java/io/File $assertionsDisabled Z 1
instanceKlass sun/misc/Launcher$ExtClassLoader
instanceKlass sun/misc/Launcher$AppClassLoader
ciInstanceKlass java/net/URLClassLoader 1 1 544 9 10 9 10 7 10 9 10 10 10 7 10 10 10 10 10 10 7 10 10 10 100 100 100 8 10 10 10 10 11 11 11 100 11 11 10 11 11 11 10 10 10 7 10 10 7 100 10 7 10 10 10 10 100 100 10 8 10 8 10 10 10 8 8 10 10 10 100 100 8 10 10 10 10 10 10 10 10 10 7 10 10 10 10 10 10 10 8 10 10 9 10 9 9 9 9 9 9 10 8 10 7 10 10 7 10 10 7 10 10 10 10 7 10 9 10 8 100 8 10 10 8 10 10 9 10 10 10 10 100 8 10 100 10 10 100 10 10 7 100 10 7 10 10 10 7 1 1 1 1 1 1 1 1 1 1 1 1 1 1 100 100 100 100 1 100 1 1 1 100 1 1 100 100 100 100 100 100 100 100 100 1 1 100 100 100 100 1 1 1 1 1 1 1 100 100 1 1 1 100 1 1 100 1 1 100 1 1 100 100 1 1 1 1 1 1 1 1 1 100 100 100 1 1 1 1 1 1 1 1 1 1 1 1 12 12 12 12 1 12 12 7 12 100 12 7 12 1 12 12 12 12 7 12 1 12 12 12 1 1 1 1 12 12 12 12 100 12 100 12 12 1 12 100 12 12 12 12 12 12 12 1 12 12 1 1 12 1 12 7 12 12 1 1 1 12 1 12 12 1 1 12 12 12 1 1 1 12 12 7 12 7 12 12 12 12 12 12 1 12 7 12 12 12 12 12 12 1 12 7 12 7 12 7 12 12 12 12 12 12 12 12 1 12 1 12 1 12 12 1 12 12 12 12 1 7 12 7 12 12 1 1 1 12 12 1 12 12 12 100 12 12 12 12 1 1 1 12 7 12 1 12 12 1 1 1 7 12 7 12 1 1 1 1 1 1 1 1 1 1 1 1 1 1 1 1 1 1 1 1 1 1 1 1 1 1 1 1 1 1 1 1 1 1 1 1 1 1 1 1 1 1 1 1 1 1 1 1 1 1 1 1 1 1 1 1 1 1 1 1 1 1 1 1 1 1 1 1 1 1 1 1 1 1 1 1 1 1 1 1 1 1 1 1 1 1 1 1 1 1 1 1 1 1 1 1 1 1 1 1 1 1 1 1 1 1 1 1 1 1 1 1 1 1 1 1 1 1 1 1 1 1 1 1 1 1 1 1 1 1 1 1 1 1 1 1 1 1 1 1 1 1 1 1 1 1 1 1 1 1 1 1 1
ciInstanceKlass java/net/URL 1 1 566 10 10 10 9 9 10 10 10 9 10 8 10 7 10 10 8 10 9 100 8 10 10 8 9 7 10 10 9 10 9 8 9 10 9 10 8 9 10 10 10 10 8 10 10 10 10 8 9 8 10 10 7 10 10 10 10 9 10 9 10 10 10 7 10 10 10 10 10 100 10 10 10 100 8 10 9 10 10 9 10 100 10 10 10 10 10 10 10 10 10 10 10 9 9 100 8 10 10 9 10 10 7 11 7 8 8 10 10 7 8 8 7 10 10 10 10 8 8 10 7 10 10 10 10 10 10 8 10 100 10 8 8 10 8 8 8 8 100 10 9 10 10 10 10 10 10 10 10 10 10 10 10 10 10 10 100 8 10 10 10 7 10 7 7 10 9 9 100 1 1 1 1 1 5 0 1 1 1 1 1 1 1 1 1 1 1 1 1 1 1 1 1 1 1 1 1 1 1 1 1 1 1 1 1 1 1 1 1 1 1 1 100 100 100 100 1 1 1 100 100 1 1 1 1 1 1 100 100 1 1 1 1 1 1 1 1 1 1 1 1 1 1 1 1 1 1 1 1 1 100 1 1 1 100 100 100 1 1 1 1 1 1 1 100 1 1 100 100 100 1 1 1 1 100 100 1 100 1 1 1 1 1 1 1 1 1 1 1 1 12 12 12 12 12 7 12 12 12 12 12 1 12 1 12 1 12 12 1 1 12 12 1 12 1 12 12 12 12 1 12 12 12 12 1 12 12 12 12 12 1 12 12 12 12 1 12 1 12 12 1 12 12 7 12 12 100 12 100 12 12 12 12 12 1 12 12 12 12 12 1 12 1 1 100 12 100 12 12 100 12 12 1 12 12 12 12 12 100 12 12 12 7 12 12 12 12 12 1 1 12 12 12 12 1 100 12 1 1 1 12 7 12 1 1 1 1 12 12 12 1 1 7 12 1 7 12 12 12 12 100 12 100 12 100 12 1 12 1 12 12 12 12 12 12 12 12 12 12 12 12 12 12 1 1 12 1 1 1 12 7 12 12 1 1 1 1 1 1 1 1 1 1 1 1 1 1 1 1 1 1 1 1 1 1 1 1 1 1 1 1 1 1 1 1 1 1 1 1 1 1 1 1 1 1 1 1 1 1 1 1 1 1 1 1 1 1 1 1 1 1 1 1 1 1 1 1 1 1 1 1 1 1 1 1 1 1 1 1 1 1 1 1 1 1 1 1 1 1 1 1 1 1 1 1 1 1 1 1 1 1 1 1 1 1 1 1 1 1 1 1 1 1 1 1 1
staticfield java/net/URL serialPersistentFields [Ljava/io/ObjectStreamField; 7 [Ljava/io/ObjectStreamField;
ciInstanceKlass java/util/jar/Manifest 1 1 239 10 7 10 9 7 10 9 10 10 10 10 11 11 10 11 100 10 10 11 11 11 11 100 100 8 10 11 7 8 10 10 10 8 10 10 10 11 10 10 10 8 10 7 10 10 10 100 8 10 10 8 10 10 10 10 10 11 10 10 10 100 7 10 11 10 11 10 7 100 1 1 1 1 1 1 1 1 1 1 1 1 1 1 1 1 1 1 1 1 1 1 1 1 1 1 100 100 100 100 100 1 1 1 100 100 100 100 100 1 1 100 1 1 1 1 1 1 1 1 1 1 12 1 12 1 12 12 12 12 12 7 12 12 1 12 12 12 100 12 100 12 12 1 1 1 1 12 12 1 1 12 12 12 1 12 12 12 12 12 12 12 1 12 1 12 12 12 1 1 12 1 12 7 12 12 12 12 12 12 7 12 12 1 1 12 12 12 1 1 1 1 1 1 1 1 1 1 1 1 1 1 1 1 1 1 1 1 1 1 1 1 1 1 1 1 1 1 1 1 1 1 1 1 1 1 1 1 1 1 1 1 1 1 1 1 1 1 1
ciInstanceKlass sun/misc/Launcher 1 1 228 9 10 10 9 9 10 10 100 100 8 10 10 9 8 10 10 8 10 8 10 8 100 10 10 10 100 100 100 100 10 100 10 8 10 10 10 9 7 10 9 10 7 10 10 8 10 10 10 10 10 100 10 7 10 7 10 8 7 100 1 1 7 1 7 1 7 1 1 1 1 1 1 1 1 1 1 1 1 1 1 1 1 1 1 100 100 100 100 100 100 100 100 100 1 1 1 1 1 1 100 1 1 100 1 1 100 1 1 1 1 1 1 1 1 1 12 12 12 12 12 12 12 1 1 1 12 12 12 1 7 12 12 1 7 12 1 7 12 1 1 100 12 100 12 1 1 1 1 12 1 1 12 12 12 12 1 12 12 12 1 12 1 12 12 12 12 7 12 1 12 1 12 1 1 1 1 1 1 1 1 1 1 1 1 1 1 1 1 1 1 1 1 1 1 1 1 1 1 1 1 1 1 1 1 1 1 1 1 1 1 1 1 1 1 1 1 1 1 1 1 1 1 1 1 1 1 1
ciInstanceKlass sun/misc/Launcher$AppClassLoader 1 1 203 8 10 100 10 7 10 10 7 10 10 10 11 9 10 10 10 10 10 10 10 10 100 10 10 10 7 8 10 10 9 10 100 10 10 10 10 100 10 100 100 10 100 10 10 100 10 7 10 10 7 7 1 1 1 1 1 1 1 1 1 1 1 100 100 1 100 1 1 1 1 100 1 1 1 1 1 1 1 1 100 1 1 1 1 1 7 12 1 12 1 12 7 12 1 12 12 7 12 7 12 12 7 12 7 12 12 12 100 12 12 12 12 1 12 12 12 1 1 7 12 12 100 12 1 12 12 12 1 12 1 1 12 1 12 12 1 12 1 7 12 12 1 1 1 1 1 1 1 1 1 1 1 1 1 1 1 1 1 1 1 1 1 1 1 1 1 1 1 1 1 1 1 1 1 1 1 1 1 1 1 1 1 1 1 1 1 1 1 1 1 1 1 1 1 1 1 1 1 1 1 1 1
staticfield sun/misc/Launcher$AppClassLoader $assertionsDisabled Z 1
ciInstanceKlass sun/misc/Launcher$ExtClassLoader 1 1 223 10 7 10 10 7 100 10 100 10 10 10 10 10 11 10 8 10 7 9 10 10 7 10 10 7 10 10 8 10 10 10 10 10 7 10 10 10 10 100 10 10 10 8 10 10 10 100 10 100 100 10 100 10 10 100 10 10 7 1 1 1 1 1 1 1 100 100 1 1 1 1 1 1 1 100 100 1 1 100 100 1 1 100 100 100 100 1 1 1 1 1 1 12 1 12 7 12 7 1 1 12 1 12 12 12 12 7 12 7 12 7 12 1 7 12 1 12 12 12 1 12 12 1 12 12 1 7 12 12 12 12 12 1 12 12 12 12 1 12 12 1 100 12 12 12 1 1 1 12 1 12 12 1 12 7 12 1 1 1 1 1 1 1 1 1 1 1 1 1 1 1 1 1 1 1 1 1 1 1 1 1 1 1 1 1 1 1 1 1 1 1 1 1 1 1 1 1 1 1 1 1 1 1 1 1 1 1 1 1 1 1 1 1 1 1 1 1 1 1 1 1 1
ciInstanceKlass java/security/CodeSource 1 1 351 10 9 9 9 9 10 100 10 100 10 7 10 10 10 100 10 10 10 10 10 100 10 10 10 10 10 10 10 10 10 10 10 10 10 8 10 10 10 10 8 10 10 100 10 10 8 10 10 10 8 8 9 100 8 10 10 8 10 8 8 8 10 10 10 10 10 10 100 100 10 10 10 10 10 100 10 10 10 10 10 100 10 100 100 8 8 10 10 100 8 10 100 10 10 11 10 10 11 10 10 8 100 10 10 100 10 11 11 7 100 1 1 1 5 0 1 1 1 1 1 1 1 1 1 1 1 1 1 1 1 100 100 1 1 1 1 1 1 1 1 1 100 1 1 1 1 1 1 1 100 1 1 100 1 1 100 100 100 1 1 1 100 100 100 100 100 100 100 100 100 1 1 1 1 12 12 12 12 12 100 12 100 7 12 1 12 12 100 1 12 100 12 12 12 1 12 100 100 12 100 12 12 100 12 12 12 12 1 12 12 12 12 1 12 1 12 1 12 12 12 1 1 12 1 1 12 12 1 12 1 1 1 100 12 12 12 12 12 12 1 1 12 12 12 100 12 12 1 12 12 12 12 1 12 1 1 1 1 12 1 1 12 1 12 12 100 12 12 12 100 1 1 12 12 1 12 12 1 1 1 1 1 1 1 1 1 1 1 1 1 1 1 1 1 1 1 1 1 1 1 1 1 1 1 1 1 1 1 1 1 1 1 1 1 1 1 1 1 1 1 1 1 1 1 1 1 1 1 1 1 1 1 1 1 1 1 1 1 1 1 1 1 1 1 1 1 1 1 1 1
ciInstanceKlass java/lang/StackTraceElement 1 1 101 10 8 10 100 9 8 9 9 9 100 10 10 10 8 10 8 8 8 10 8 10 8 7 10 10 10 10 100 100 1 1 1 1 1 1 1 1 1 5 0 1 1 1 1 1 1 1 1 1 1 1 1 1 1 100 100 100 1 1 1 1 1 12 1 100 12 1 12 1 12 12 12 1 12 12 1 12 1 1 1 12 1 12 1 1 12 12 12 12 1 1 1 1 1 1 1 1 1 1 1
instanceKlass java/nio/ShortBuffer
instanceKlass java/nio/IntBuffer
instanceKlass java/nio/LongBuffer
instanceKlass java/nio/CharBuffer
instanceKlass java/nio/ByteBuffer
ciInstanceKlass java/nio/Buffer 1 1 106 100 10 9 9 100 100 10 8 10 10 10 10 9 10 10 8 8 8 9 10 100 10 100 10 100 10 100 10 7 7 1 1 1 3 1 1 1 1 1 1 1 1 1 1 1 100 1 1 1 1 1 1 1 1 1 1 1 1 1 1 1 1 1 1 1 1 1 1 1 1 1 1 1 1 1 1 12 12 12 1 1 1 12 12 12 12 12 12 12 1 1 1 12 1 1 1 1 1 1 1 1 1 1 1 1
ciInstanceKlass java/lang/Boolean 1 1 112 10 9 10 10 8 10 9 9 8 10 7 10 10 100 100 10 10 8 10 9 7 100 100 1 1 1 1 1 1 1 1 1 1 1 1 5 0 1 1 1 1 1 1 1 1 1 1 1 1 100 1 1 1 100 1 1 1 1 1 1 1 100 1 1 1 1 1 1 1 1 1 1 1 1 1 1 12 12 12 12 1 7 12 12 12 1 12 1 12 7 12 1 1 12 12 1 7 12 12 1 1 1 1 1 1 1 1 1 1 1 1
staticfield java/lang/Boolean TRUE Ljava/lang/Boolean; java/lang/Boolean
staticfield java/lang/Boolean FALSE Ljava/lang/Boolean; java/lang/Boolean
staticfield java/lang/Boolean TYPE Ljava/lang/Class; java/lang/Class
ciInstanceKlass java/lang/Character 1 1 463 7 100 10 9 9 10 10 10 10 10 3 3 3 3 3 10 10 3 11 11 10 10 100 10 10 3 10 10 10 100 10 10 10 10 10 10 10 10 10 10 10 10 10 10 10 10 10 10 10 10 10 10 10 10 10 10 10 10 10 10 10 10 10 10 10 10 10 10 10 10 5 0 10 10 10 10 10 10 10 10 10 10 9 100 10 10 10 3 10 10 100 10 10 10 10 8 10 9 10 10 10 10 8 10 9 7 100 100 7 1 1 100 1 100 1 100 1 1 1 1 3 1 3 1 1 3 1 3 1 1 1 1 1 1 1 3 1 1 3 1 3 1 3 1 3 1 3 1 3 1 3 1 3 1 3 1 3 1 3 1 3 1 3 1 3 1 3 1 3 1 3 1 3 1 3 1 3 1 3 1 3 1 3 1 3 1 3 1 3 1 3 1 3 1 1 1 1 1 1 1 1 1 1 1 1 1 1 1 1 1 1 1 3 1 1 1 3 1 1 3 1 1 1 1 1 3 1 1 1 5 0 1 1 1 1 1 1 1 1 1 1 1 1 1 1 1 1 1 1 1 1 1 1 1 1 1 1 1 1 1 1 1 1 1 1 1 1 1 1 1 1 1 1 1 1 1 1 1 1 1 1 1 1 1 1 1 1 1 1 1 1 1 1 1 1 1 1 1 1 1 1 1 1 1 1 1 1 1 1 1 1 1 1 1 1 1 1 1 1 1 1 1 1 1 1 1 1 1 1 1 1 1 1 100 100 1 1 1 1 1 1 1 1 12 12 12 12 12 12 100 12 12 12 12 100 12 12 12 12 1 12 12 12 12 1 12 12 12 12 12 12 7 12 12 12 12 12 12 12 12 12 12 12 12 12 12 12 12 12 12 12 12 12 12 12 12 12 12 12 12 12 12 1 12 12 100 12 12 1 12 12 12 1 100 12 100 12 12 12 7 12 1 12 12 1 1 1 1 1 1 1 1 1 1 1 1 1 1 1 1 1 1 1 1 1 1 1 1 1 1 1 1 1 1 1 1 1 1 1 1 1 1
staticfield java/lang/Character TYPE Ljava/lang/Class; java/lang/Class
staticfield java/lang/Character $assertionsDisabled Z 1
instanceKlass java/math/BigInteger
instanceKlass java/math/BigDecimal
instanceKlass com/google/gson/internal/LazilyParsedNumber
instanceKlass com/mathworks/util/types/UnsignedNumber
instanceKlass java/util/concurrent/atomic/AtomicLong
instanceKlass java/util/concurrent/atomic/AtomicInteger
instanceKlass java/lang/Long
instanceKlass java/lang/Integer
instanceKlass java/lang/Short
instanceKlass java/lang/Byte
instanceKlass java/lang/Double
instanceKlass java/lang/Float
ciInstanceKlass java/lang/Number 1 1 34 10 10 100 7 100 1 1 1 5 0 1 1 1 1 1 1 1 1 1 1 1 1 1 1 1 1 1 1 12 12 1 1 1
ciInstanceKlass java/lang/Float 1 1 175 7 100 10 10 100 4 100 10 10 8 8 10 10 10 10 4 4 4 10 9 10 10 10 10 10 10 3 3 3 10 10 10 10 8 10 9 7 100 1 1 1 1 1 4 1 1 1 4 1 1 3 1 3 1 3 1 3 1 1 1 1 1 1 1 5 0 1 1 1 1 1 1 1 1 1 100 1 1 1 1 1 1 1 1 1 1 1 1 1 1 1 1 1 1 1 1 1 1 1 1 1 1 1 1 1 1 1 1 1 1 1 1 1 1 1 1 1 1 1 1 1 1 1 1 1 7 12 100 12 1 1 12 100 12 1 1 100 12 12 12 12 12 12 12 12 12 12 12 12 12 12 12 1 7 12 12 1 1 1 1 1 1 1 1 1 1 1 1 1 1 1 1 1 1
staticfield java/lang/Float TYPE Ljava/lang/Class; java/lang/Class
ciInstanceKlass java/lang/Double 1 1 229 7 100 10 10 10 100 10 10 6 0 8 10 8 10 8 100 6 0 10 5 0 5 0 8 8 10 10 8 10 8 8 8 10 10 10 10 10 10 10 10 6 0 6 0 6 0 10 9 10 10 10 10 5 0 5 0 10 10 10 10 8 10 9 7 100 1 1 1 1 1 6 0 1 1 1 6 0 1 1 3 1 3 1 3 1 3 1 1 1 1 1 1 1 5 0 1 1 1 1 1 1 100 100 1 1 1 100 1 1 1 1 1 1 1 1 1 1 1 1 1 1 1 1 1 1 1 1 1 1 1 1 1 1 1 1 1 1 1 1 1 1 1 1 1 1 1 1 1 1 1 1 1 1 1 1 1 7 12 12 12 1 12 100 12 1 12 1 12 1 1 12 1 1 100 12 100 12 1 12 1 1 1 12 12 12 12 12 12 12 12 12 12 12 12 12 12 12 12 12 1 7 12 12 1 1 1 1 1 1 1 1 1 1 1 1 1 1 1 1 1 1 1 1 1 1 1 1 1
staticfield java/lang/Double TYPE Ljava/lang/Class; java/lang/Class
ciInstanceKlass java/lang/Byte 1 1 153 7 10 9 10 100 100 10 8 10 8 10 10 10 10 10 10 10 10 8 8 10 9 10 10 10 10 5 0 10 8 10 9 7 100 7 1 1 1 1 1 3 1 3 1 1 1 1 1 1 1 3 1 3 1 1 5 0 1 1 1 1 1 1 1 1 1 1 1 1 1 1 1 1 1 1 1 1 1 1 1 1 1 1 1 1 1 1 1 1 1 1 1 1 1 1 1 1 1 1 1 1 1 1 1 1 100 12 12 12 1 1 12 1 12 1 12 12 12 12 12 12 12 12 1 1 12 12 12 12 12 12 1 7 12 12 1 1 1 1 1 1 1 1 1 1 1 1 1 1 1 1 1
staticfield java/lang/Byte TYPE Ljava/lang/Class; java/lang/Class
ciInstanceKlass java/lang/Short 1 1 161 7 100 10 10 100 100 10 8 10 8 10 10 10 10 10 10 9 10 10 10 8 8 10 9 10 10 10 10 3 3 5 0 10 8 10 9 7 100 7 1 1 1 1 1 3 1 3 1 1 1 1 1 1 1 3 1 3 1 1 5 0 1 1 1 1 1 1 1 1 1 1 1 1 1 1 1 1 1 1 1 1 1 1 1 1 1 1 1 1 1 1 1 1 1 1 1 1 1 1 1 1 1 1 1 1 1 1 1 1 1 1 1 100 12 12 1 1 12 1 12 1 12 12 12 12 12 12 12 12 12 12 1 1 12 12 12 12 12 12 1 7 12 12 1 1 1 1 1 1 1 1 1 1 1 1 1 1 1 1 1
staticfield java/lang/Short TYPE Ljava/lang/Class; java/lang/Class
ciInstanceKlass java/lang/Integer 1 1 314 7 100 7 10 9 7 10 10 10 10 10 10 10 10 3 8 10 10 10 3 9 9 3 9 100 8 10 100 10 8 10 10 8 10 8 10 3 10 10 10 10 8 100 10 10 5 0 8 10 10 7 9 9 10 10 9 10 10 10 10 100 100 10 8 8 10 8 8 8 8 8 8 10 10 10 5 0 3 3 3 3 3 10 10 8 10 9 3 3 3 3 3 3 7 100 1 1 1 1 1 1 1 1 1 1 1 1 1 1 1 1 1 1 3 1 3 1 1 5 0 1 1 1 1 1 100 1 1 1 1 1 1 1 1 1 1 1 1 1 1 100 1 1 1 1 1 1 1 1 1 1 1 1 1 1 1 1 1 1 1 1 1 1 1 1 1 1 1 100 1 100 100 1 1 1 1 1 1 1 1 1 1 1 1 1 1 1 1 1 1 1 1 1 1 1 1 1 1 1 1 1 1 1 1 12 12 1 12 12 100 12 12 12 7 12 12 12 1 12 12 12 12 12 12 1 1 12 1 12 1 12 12 1 12 1 12 12 12 12 12 1 1 12 12 1 12 12 1 12 12 12 12 12 12 12 7 12 1 1 12 1 1 12 1 1 1 1 1 1 12 12 12 12 12 1 7 12 12 1 1 1 1 1 1 1 1 1 1 1 1 1 1 1 1 1 1 1 1 1 1 1 1 1 1 1 1 1 1 1 1 1 1 1
staticfield java/lang/Integer TYPE Ljava/lang/Class; java/lang/Class
staticfield java/lang/Integer digits [C 36
staticfield java/lang/Integer DigitTens [C 100
staticfield java/lang/Integer DigitOnes [C 100
staticfield java/lang/Integer sizeTable [I 10
ciInstanceKlass java/lang/Long 1 1 361 7 100 7 10 9 7 10 10 10 10 10 5 0 5 0 100 10 10 10 10 10 10 10 10 10 10 10 10 10 10 10 5 0 8 10 10 10 7 5 0 5 0 9 9 3 3 100 8 10 8 10 8 8 10 5 0 10 10 10 10 8 100 10 10 8 10 8 10 10 5 0 5 0 9 10 8 8 10 8 8 8 8 8 8 10 10 10 10 9 10 10 10 100 100 10 10 10 10 10 5 0 5 0 5 0 5 0 5 0 10 10 10 8 10 9 7 100 7 1 1 1 1 1 1 5 0 1 1 1 1 1 1 1 3 1 3 1 5 0 1 1 1 1 1 100 1 1 1 1 1 1 1 1 1 1 1 1 1 1 1 1 100 1 1 1 1 1 1 1 1 100 100 1 1 1 1 1 1 1 1 1 1 1 1 1 1 1 1 1 1 1 1 1 1 100 1 1 1 1 1 1 1 1 1 1 1 1 1 1 1 1 1 1 1 1 1 1 1 1 1 1 1 1 1 1 1 1 12 12 1 12 12 12 12 12 1 12 12 12 12 12 12 100 12 12 12 12 12 12 7 12 12 12 1 12 12 12 1 12 12 1 1 12 1 12 1 1 12 12 12 12 12 1 1 12 12 1 12 1 12 12 12 12 1 1 12 1 1 1 1 1 1 12 12 12 12 12 12 100 12 1 1 12 12 12 12 12 12 12 1 7 12 12 1 1 1 1 1 1 1 1 1 1 1 1 1 1 1 1 1 1 1 1 1 1 1 1 1 1 1 1 1 1 1 1 1 1 1 1 1 1 1 1 1 1 1 1 1 1 1
staticfield java/lang/Long TYPE Ljava/lang/Class; java/lang/Class
ciInstanceKlass java/lang/NullPointerException 1 1 21 10 10 100 7 1 1 1 5 0 1 1 1 1 1 1 1 12 12 1 1
ciInstanceKlass java/lang/ArithmeticException 1 1 21 10 10 100 100 1 1 1 5 0 1 1 1 1 1 1 1 12 12 1 1
ciInstanceKlass java/util/Comparator 1 1 263 10 10 18 100 100 11 11 11 11 11 11 10 9 100 10 18 18 18 18 18 10 10 8 10 8 8 8 8 8 10 10 8 10 10 8 10 8 10 10 8 10 100 8 8 100 8 8 100 8 100 100 8 10 11 10 11 10 11 10 11 100 11 11 100 1 1 1 1 1 1 1 1 1 1 1 1 1 1 1 1 1 1 1 1 1 1 1 1 1 1 1 1 1 1 1 1 1 1 1 1 1 1 1 1 1 1 1 1 1 100 1 1 1 1 1 1 1 1 1 1 1 1 1 1 1 1 1 100 12 100 12 1 15 16 15 3 3 12 1 1 12 12 12 12 12 12 12 100 12 100 1 1 1 12 15 12 15 12 15 12 15 12 15 12 100 12 100 12 12 12 12 12 12 12 12 12 1 1 1 1 1 1 12 12 100 12 12 100 12 12 100 12 12 1 12 12 1 1 1 1 1 1 10 11 1 1 1 1 1 1 1 1 11 1 11 11 11 11 1 1 1 1 1 1 1 1 1 1 1 1 1 1 1 1 1 1 1 1 1 1 1 1 1 1 1 1 100 12 12 12 12 12 12 12 1 1 100 1 1 100 1 1
ciInstanceKlass java/security/AccessController 1 1 190 10 10 10 10 10 10 10 10 100 8 10 10 10 10 10 10 10 10 10 7 10 7 10 10 7 10 10 10 8 10 8 10 8 100 10 10 10 10 10 8 10 8 8 10 8 10 10 7 100 1 1 1 1 1 1 1 1 1 1 1 1 1 100 1 1 1 1 100 1 1 100 1 1 1 1 1 1 100 1 1 1 1 1 1 1 1 1 1 1 1 1 1 100 100 100 1 1 12 12 12 12 7 12 12 12 12 1 1 12 12 12 12 12 12 12 100 12 12 1 12 1 12 12 1 12 12 12 1 12 1 100 12 1 1 12 12 100 12 12 1 100 12 1 1 12 1 12 12 1 1 1 1 1 1 1 1 1 1 1 1 1 1 1 1 1 1 1 1 1 1 1 1 1 1 1 1 1 1 1 1 1 1 1 1 1 1 1 1 1
instanceKlass java/util/IdentityHashMap$Values
instanceKlass java/util/LinkedHashMap$LinkedValues
instanceKlass java/util/HashMap$Values
instanceKlass java/util/AbstractQueue
instanceKlass java/util/ArrayDeque
instanceKlass java/util/AbstractSet
instanceKlass java/util/AbstractList
ciInstanceKlass java/util/AbstractCollection 1 1 149 100 10 10 10 11 11 10 7 10 10 10 10 10 7 10 7 3 10 100 8 10 3 100 10 11 11 10 10 10 11 8 100 10 10 8 10 10 7 1 1 1 1 1 1 1 1 1 1 1 1 1 1 1 1 1 1 100 1 1 1 1 1 1 1 1 1 1 1 1 1 1 1 1 1 1 1 1 1 1 100 100 100 1 1 1 1 12 12 12 7 12 12 12 1 100 12 12 12 7 12 7 12 1 100 12 1 12 1 1 12 1 12 12 12 7 12 1 1 12 1 12 12 1 1 1 1 1 1 1 1 1 1 1 1 1 1 1 1 1 1 1 1 1 1 1 1 1 1
instanceKlass java/util/Collections$SingletonList
instanceKlass com/sun/xml/internal/bind/v2/model/impl/ElementPropertyInfoImpl$1
instanceKlass sun/security/jca/ProviderList$3
instanceKlass java/util/SubList
instanceKlass com/mathworks/services/settings/SettingPath
instanceKlass java/util/Arrays$ArrayList
instanceKlass java/util/AbstractSequentialList
instanceKlass java/util/ArrayList$SubList
instanceKlass java/util/Collections$EmptyList
instanceKlass java/util/ArrayList
instanceKlass java/util/Vector
ciInstanceKlass java/util/AbstractList 1 1 172 10 9 10 10 100 10 10 11 11 11 10 10 11 11 11 10 10 11 11 11 7 10 7 10 7 7 10 100 10 100 11 10 10 11 100 10 10 100 10 8 10 10 8 10 7 7 100 1 1 1 1 1 1 1 1 1 1 1 1 1 1 1 1 1 1 1 1 1 1 1 1 1 100 1 1 1 1 100 1 1 1 1 1 1 1 1 1 1 1 100 1 1 100 1 1 100 1 1 1 1 1 1 1 1 1 12 12 12 12 1 12 100 12 12 12 100 12 12 12 12 12 12 12 100 12 100 1 12 1 12 1 1 12 1 1 12 12 1 12 12 1 1 12 12 1 12 1 1 1 1 1 1 1 1 1 1 1 1 1 1 1 1 1 1 1 1 1 1 1 1 1
instanceKlass org/apache/log4j/ProvisionNode
instanceKlass java/util/Stack
ciInstanceKlass java/util/Vector 1 1 365 100 10 100 100 10 8 10 10 10 10 7 9 9 10 10 11 9 10 100 10 10 9 10 10 10 7 3 10 100 10 3 100 10 10 10 10 100 8 10 100 10 10 100 10 10 8 10 10 10 100 100 10 10 10 10 10 10 10 10 10 10 10 10 10 8 10 8 10 8 10 10 8 100 10 100 10 10 11 100 10 100 10 11 10 10 11 10 100 10 7 100 100 100 100 1 1 1 1 1 1 1 1 1 1 1 1 5 0 1 1 1 1 1 1 100 1 1 1 100 1 1 1 1 1 1 1 1 1 1 1 1 1 1 1 1 1 1 1 1 1 1 1 1 1 1 1 1 1 1 1 1 1 1 1 1 1 1 1 1 1 1 1 100 1 1 1 1 1 1 1 1 1 1 1 1 1 100 1 1 1 1 1 1 1 1 1 1 1 1 1 1 1 1 1 1 1 1 100 100 100 1 100 1 1 1 1 1 1 1 1 1 1 100 1 1 1 100 100 1 1 1 1 1 1 1 1 1 1 1 1 1 1 12 1 1 1 12 12 12 12 1 12 12 12 12 100 12 12 12 7 12 7 12 12 12 12 12 1 12 1 1 12 12 12 12 1 1 1 12 1 1 12 12 12 1 1 12 12 12 12 12 12 12 12 12 100 12 100 12 100 12 100 12 12 1 1 12 1 12 100 12 100 12 1 1 100 12 12 12 100 12 12 1 12 1 1 1 1 1 1 1 1 1 1 1 1 1 1 1 1 1 1 1 1 1 1 1 1 1 1 1 1 1 1 1 1 1 1 1 1 1 1 1 1 1 1 1 1 1 1 1 1 1 1
ciInstanceKlass java/util/Stack 1 1 56 10 10 10 10 10 100 10 10 10 7 7 1 1 1 5 0 1 1 1 1 1 1 1 1 1 1 1 1 1 1 1 1 1 1 1 1 12 12 12 12 12 1 12 12 1 1 1 1 1 1 1 1 1 1 1
instanceKlass com/sun/istack/internal/FinalArrayList
ciInstanceKlass java/util/ArrayList 1 1 351 100 9 10 7 9 9 100 100 10 8 10 10 10 10 9 11 10 7 10 9 10 7 10 10 10 3 10 100 10 3 10 10 10 100 100 10 10 10 10 10 10 10 100 10 10 8 8 10 10 11 10 10 10 100 10 10 10 10 100 10 7 10 10 7 10 8 8 8 8 8 11 100 10 100 10 11 10 10 11 10 7 100 100 100 100 100 1 1 1 1 1 1 1 1 5 0 1 1 3 1 1 1 1 1 1 1 1 1 1 1 100 1 1 100 1 1 1 1 1 1 1 1 1 1 1 1 1 1 1 1 1 1 1 100 1 1 1 1 1 1 1 1 1 1 1 1 1 1 1 100 1 1 1 1 1 1 1 1 1 1 1 1 1 1 1 1 1 1 100 1 1 1 1 100 1 1 100 1 1 1 1 1 1 1 1 1 1 1 1 1 1 1 100 1 1 1 1 1 1 100 100 1 1 1 1 1 1 1 1 1 1 1 1 1 1 12 12 1 12 12 1 1 1 12 12 12 12 12 7 12 12 7 12 12 12 1 12 7 12 12 12 1 12 12 12 1 1 12 7 12 12 12 12 12 12 1 12 1 1 7 12 12 12 100 12 12 12 1 100 12 12 12 1 12 1 12 12 1 12 1 1 1 1 1 100 12 1 12 1 12 100 12 12 12 100 12 12 1 1 1 1 1 1 1 1 1 1 1 1 1 1 1 1 1 1 1 1 1 1 1 1 1 1 1 1 1 1 1 1 1 1 1 1 1 1 1 1 1 1 1 1 1 1 1 1 1 1 1 1 1
staticfield java/util/ArrayList EMPTY_ELEMENTDATA [Ljava/lang/Object; 0 [Ljava/lang/Object;
staticfield java/util/ArrayList DEFAULTCAPACITY_EMPTY_ELEMENTDATA [Ljava/lang/Object; 0 [Ljava/lang/Object;
instanceKlass java/util/EnumMap
instanceKlass sun/misc/SoftCache
instanceKlass java/util/IdentityHashMap
instanceKlass java/util/concurrent/ConcurrentHashMap
instanceKlass java/util/TreeMap
instanceKlass java/util/WeakHashMap
instanceKlass sun/util/PreHashedMap
instanceKlass java/util/HashMap
instanceKlass java/util/Collections$EmptyMap
ciInstanceKlass java/util/AbstractMap 1 1 161 10 10 10 11 10 11 11 11 7 11 10 11 100 10 11 11 10 11 9 100 10 9 100 10 7 11 11 11 100 100 11 8 100 10 10 8 10 10 10 7 7 100 1 1 100 1 1 1 1 1 1 1 1 1 1 1 1 1 1 1 1 1 1 1 100 1 1 1 1 1 1 1 1 100 100 1 1 1 1 1 100 1 1 100 1 1 1 1 1 100 100 100 1 1 1 100 100 1 1 1 100 1 1 1 1 1 1 12 12 12 7 12 12 7 12 12 1 12 12 12 1 12 12 12 12 1 12 12 1 1 12 12 1 1 12 1 1 12 1 12 12 12 1 1 1 1 1 1 1 1 1 1 1 1 1 1 1 1 1 1
ciInstanceKlass sun/misc/SharedSecrets 1 1 158 10 9 9 100 10 9 9 9 9 100 9 100 9 100 9 100 9 100 9 100 9 100 9 7 9 9 10 7 100 1 1 1 1 1 1 1 1 1 1 1 1 1 1 1 1 1 1 1 1 1 1 1 1 1 1 1 1 1 1 1 1 1 1 1 1 1 1 1 1 1 1 1 1 1 1 1 1 1 1 1 1 1 1 1 1 1 1 1 1 1 1 1 1 1 1 1 1 1 1 1 1 1 1 1 1 1 1 1 1 1 1 1 1 1 1 1 1 1 1 1 1 1 12 12 12 1 7 12 12 12 12 12 1 12 1 12 1 12 1 12 1 12 1 12 1 12 1 12 12 12 1 1 1 1 1 1 1
staticfield sun/misc/SharedSecrets unsafe Lsun/misc/Unsafe; sun/misc/Unsafe
instanceKlass com/sun/xml/internal/bind/v2/model/impl/ClassInfoImpl$PropertySorter
instanceKlass com/mathworks/services/message/MWMessage
instanceKlass java/lang/ProcessEnvironment
instanceKlass java/util/LinkedHashMap
ciInstanceKlass java/util/HashMap 1 1 481 10 100 10 100 10 100 11 11 11 7 3 10 100 100 10 8 10 10 10 10 10 8 10 9 10 9 4 10 10 11 9 4 10 11 11 11 11 7 11 11 10 10 9 10 9 9 9 10 9 7 10 10 10 10 10 9 10 100 3 7 7 10 10 9 9 10 10 10 10 9 7 10 9 7 10 9 7 10 100 10 11 11 11 100 10 10 100 100 10 10 10 10 10 10 10 100 10 10 8 4 10 4 10 4 10 10 10 10 7 7 100 100 1 1 100 1 100 1 100 1 100 1 100 1 100 1 100 1 100 1 1 1 1 1 1 1 1 5 0 1 1 3 1 1 1 1 3 1 3 1 3 1 1 1 1 1 1 1 1 1 1 1 1 1 1 1 1 1 1 1 100 100 100 100 1 1 1 1 1 1 1 1 100 1 1 1 1 1 1 100 1 1 1 1 1 1 100 1 1 1 1 1 1 1 1 1 1 1 1 1 1 1 1 1 100 1 1 1 1 1 1 1 1 1 1 100 1 1 1 100 1 1 1 1 1 1 1 1 1 1 1 100 1 1 1 100 1 1 1 1 1 1 1 1 1 1 1 1 1 100 1 1 1 1 1 100 1 1 100 100 1 1 1 1 1 1 1 1 1 1 1 1 1 1 1 1 1 1 1 1 1 1 1 7 12 1 12 1 100 12 1 12 12 12 1 12 1 1 1 12 12 12 12 7 12 1 12 12 12 12 12 12 12 12 12 12 7 12 7 12 12 1 12 12 12 12 12 12 12 12 12 12 12 1 12 12 12 12 12 12 12 1 1 12 12 12 12 12 12 12 12 1 12 12 1 12 1 1 100 12 100 12 100 12 1 12 1 1 12 12 12 100 12 12 12 100 12 1 12 1 100 12 12 12 12 12 1 1 1 1 1 1 1 1 1 1 1 1 1 1 1 1 1 1 1 1 1 1 1 1 1 1 1 1 1 1 1 1 1 1 1 1 1 1 1 1 1 1 1 1 1 1 1 1 1 1 1 1 1 1 1 1 1 1 1 1 1 1 1 1 1 1 1 1 1 1 1 1 1 1 1 1 1 1 1 1 1 1 1 1
instanceKlass java/util/LinkedHashMap$Entry
ciInstanceKlass java/util/HashMap$Node 1 1 85 10 9 9 9 9 100 10 10 8 10 10 10 100 11 10 11 7 7 1 1 1 1 1 1 1 1 1 1 1 1 1 1 1 1 1 1 1 1 1 1 1 1 1 1 1 1 1 1 1 1 1 1 1 1 1 12 12 12 12 12 1 12 1 12 12 100 12 100 1 12 12 12 100 1 1 1 1 1 1 1 1 1 1 1
ciInstanceKlass java/lang/Math 1 1 289 10 10 10 10 10 10 10 6 0 7 6 0 10 10 10 10 10 10 10 10 10 10 10 10 100 3 3 3 10 100 5 0 5 0 5 0 5 0 5 0 9 10 100 8 10 8 10 100 5 0 5 0 100 3 5 0 3 10 10 9 9 10 10 7 6 0 9 100 10 10 10 10 10 4 10 10 10 10 10 10 10 10 10 10 10 10 5 0 5 0 3 6 0 4 6 0 6 0 7 4 4 6 0 10 9 10 9 10 4 6 0 100 100 1 1 1 1 1 6 0 1 1 1 1 1 1 1 1 1 1 1 1 1 1 1 1 1 1 1 1 1 1 1 1 1 1 1 1 1 1 1 1 1 1 1 1 1 1 1 1 1 1 1 1 1 1 1 1 1 1 1 1 1 1 1 1 1 1 1 1 1 1 1 1 1 1 1 1 1 1 1 1 1 1 1 1 1 1 1 1 1 1 1 12 100 12 12 12 12 12 12 1 12 12 12 12 12 12 12 12 12 12 12 12 1 12 1 12 100 12 1 1 12 1 12 1 1 12 12 12 12 12 12 1 12 1 12 12 12 12 12 12 12 12 12 12 12 12 12 12 12 12 1 12 12 12 12 7 12 1 1 1 1 1 1 1 1 1 1 1 1 1 1 1 1 1 1 1
staticfield java/lang/Math $assertionsDisabled Z 1
ciInstanceKlass java/util/Arrays 1 1 810 10 100 100 10 8 10 10 8 8 10 10 100 10 10 10 10 10 10 10 10 10 7 10 100 10 10 100 10 10 100 10 10 100 10 10 100 10 10 100 10 10 100 10 10 9 10 100 10 10 10 100 10 10 7 10 10 10 10 10 10 10 100 11 10 10 10 10 10 10 10 10 11 10 100 10 10 100 10 10 100 10 10 100 10 10 10 10 10 10 10 10 10 10 10 10 10 10 10 7 10 10 8 7 10 10 10 100 10 100 10 100 10 100 10 100 10 100 10 100 10 100 10 10 9 100 10 10 10 10 10 10 10 10 10 10 8 8 10 10 8 10 10 10 10 100 3 10 100 10 10 11 10 10 10 10 10 10 10 10 10 11 8 10 11 11 11 11 18 11 11 18 11 18 11 18 100 10 10 10 10 10 10 10 10 10 10 10 10 10 10 10 10 10 10 10 10 10 1 1 7 1 100 1 1 1 1 3 1 3 1 1 1 1 1 1 1 1 1 1 1 1 1 1 1 1 1 1 1 1 1 1 1 1 1 1 1 1 1 1 1 100 1 1 1 1 1 1 1 1 1 1 1 1 1 1 1 1 1 1 1 1 1 1 1 1 1 1 1 1 1 1 1 1 1 1 1 1 1 1 1 100 1 1 1 1 100 1 1 1 1 1 1 1 1 1 1 1 1 1 1 1 1 1 1 1 1 1 1 1 1 1 1 1 1 1 1 1 1 1 1 1 1 1 1 1 1 1 1 1 1 1 1 1 1 1 1 1 1 1 1 1 1 1 1 1 1 1 1 1 1 1 1 1 1 1 1 1 1 1 1 1 1 100 1 1 1 1 1 1 1 1 1 1 100 1 1 1 1 1 1 1 1 1 1 1 1 1 100 1 1 1 100 1 1 1 100 1 1 1 1 1 1 1 1 1 1 1 1 1 1 1 1 1 1 1 1 1 1 1 1 1 12 1 1 1 12 12 1 1 12 12 1 12 7 12 12 12 12 12 12 12 12 1 100 12 100 1 1 1 12 12 100 1 1 12 100 1 1 12 100 1 1 12 100 1 1 12 100 1 1 12 100 1 1 12 12 7 12 100 1 1 12 7 12 7 12 1 12 1 12 12 100 12 100 12 12 12 12 1 12 12 7 12 12 12 100 12 12 12 100 12 100 12 100 1 1 12 1 1 12 1 1 12 1 1 12 12 12 12 12 12 12 100 12 12 100 12 12 12 12 12 1 7 12 12 1 1 12 12 12 1 12 1 12 1 12 1 12 1 12 1 12 1 12 1 12 12 12 1 12 12 12 12 12 12 12 12 12 1 1 12 12 1 12 12 12 100 12 1 1 12 100 12 12 12 12 12 12 12 12 12 12 12 1 12 100 12 100 12 12 1 15 16 15 12 12 100 12 15 12 100 12 15 12 100 12 15 12 1 100 12 12 12 12 12 12 12 12 12 12 100 12 12 12 12 12 12 12 12 12 12 12 1 1 1 1 1 1 1 1 1 1 1 1 1 1 1 1 1 1 1 1 1 1 1 100 1 1 1 1 1 1 1 1 1 1 1 1 1 1 1 1 1 1 1 1 1 1 1 1 1 1 1 1 1 1 1 1 1 1 1 1 1 1 1 1 1 1 1 1 1 1 1 1 1 1 1 1 1 1 1 1 1 1 1 1 1 1 1 1 1 1 1 1 1 1 1 1 1 1 1 1 1 1 1 10 10 1 1 1 1 1 1 1 10 1 1 1 1 10 1 1 1 1 10 1 1 1 1 1 1 1 1 1 1 1 1 1 1 1 1 1 1 1 1 100 12 12 12 12 12 1 1 100 1 1 100 1 1
staticfield java/util/Arrays $assertionsDisabled Z 1
ciInstanceKlass sun/misc/ASCIICaseInsensitiveComparator 1 1 67 10 10 10 9 100 10 10 10 10 7 10 7 10 10 9 7 100 1 1 1 1 1 1 1 1 1 1 1 1 1 1 1 1 1 1 1 1 1 1 1 1 1 1 12 12 12 12 1 12 12 12 1 12 1 7 12 12 1 1 1 1 1 1 1 1 1
staticfield sun/misc/ASCIICaseInsensitiveComparator CASE_INSENSITIVE_ORDER Ljava/util/Comparator; sun/misc/ASCIICaseInsensitiveComparator
staticfield sun/misc/ASCIICaseInsensitiveComparator $assertionsDisabled Z 1
ciInstanceKlass java/security/PrivilegedExceptionAction 1 0 15 100 100 1 1 1 100 1 1 1 1 1 1 1 1
ciInstanceKlass java/io/PrintStream 1 1 287 100 10 8 10 10 100 100 100 10 10 9 9 9 7 10 9 7 10 9 10 10 10 8 7 10 10 100 10 10 10 9 100 8 10 10 10 10 10 10 7 10 10 100 10 10 10 10 10 10 10 10 10 8 8 10 10 10 10 10 10 10 8 10 10 10 10 10 10 10 10 10 10 10 10 9 10 10 100 10 10 10 11 11 10 10 10 7 100 100 1 1 1 1 1 1 1 1 1 1 1 1 1 1 1 1 1 1 1 100 1 1 1 1 1 1 1 1 1 100 1 1 1 1 1 1 100 100 100 100 1 1 1 1 1 1 1 100 1 1 1 1 1 100 1 1 1 1 1 1 100 1 1 1 1 1 1 1 100 1 1 1 1 1 1 1 12 1 12 7 12 1 1 1 12 12 12 12 1 12 1 12 12 12 12 12 1 1 12 12 1 12 12 12 1 1 12 12 12 1 12 12 1 100 12 12 12 12 12 12 100 12 12 1 1 12 12 12 12 12 1 12 12 12 12 12 12 12 12 12 12 12 12 12 100 12 1 12 12 12 100 12 12 12 12 12 1 1 1 1 1 1 1 1 1 1 1 1 1 1 1 1 1 1 1 1 1 1 1 1 1 1 1 1 1 1 1 1 1 1 1 1 1 1 1 1 1
instanceKlass java/io/ExpiringCache$1
ciInstanceKlass java/util/LinkedHashMap 1 1 234 9 9 9 9 10 7 10 10 9 9 9 10 100 10 10 10 10 9 9 10 10 10 10 10 10 10 10 9 10 9 7 10 9 7 10 9 7 10 100 10 11 100 10 11 7 7 100 100 1 1 100 1 100 1 100 1 1 1 1 1 1 1 1 5 0 1 1 1 1 1 1 1 1 1 1 1 1 100 1 1 1 1 1 1 1 7 1 1 1 1 1 1 1 1 1 1 1 1 1 1 1 1 1 1 1 100 100 1 1 1 100 1 1 1 1 1 1 1 1 100 1 1 1 1 1 1 1 1 100 1 1 1 1 100 1 1 1 100 1 1 1 1 1 1 1 1 1 1 1 1 12 12 12 12 12 1 12 12 12 12 12 12 1 12 12 12 12 12 100 12 12 12 12 12 100 12 12 12 12 12 1 12 12 1 12 1 1 100 12 1 100 12 1 1 1 1 1 1 1 1 1 1 1 1 1 1 1 1 1 1 1 1 1 1 1 1 1 1 1 1 1 1 1 1 1 1 1 1 1 1 1 1 1
ciInstanceKlass java/io/ExpiringCache$1 1 1 45 9 10 10 10 7 7 1 1 1 1 1 1 1 100 1 1 1 1 1 100 1 1 1 1 1 7 12 12 12 12 12 1 1 100 1 1 1 1 1 1 1 1 1 1
instanceKlass java/util/HashMap$TreeNode
ciInstanceKlass java/util/LinkedHashMap$Entry 1 1 27 10 100 7 1 1 1 1 1 1 1 1 1 1 1 1 1 1 1 1 12 100 1 100 1 1 1
ciInstanceKlass java/util/StringTokenizer 1 1 120 9 9 10 10 7 3 3 10 9 10 9 10 9 9 9 9 9 9 10 10 8 100 10 10 10 10 100 10 10 10 10 10 7 7 100 1 1 1 1 1 1 1 1 1 1 1 1 1 1 1 1 1 1 1 100 1 1 1 1 1 1 1 1 1 1 1 1 1 1 1 1 1 1 1 1 1 1 1 12 12 7 12 12 1 12 12 12 12 12 12 12 12 12 12 12 12 12 1 1 12 12 12 1 12 12 12 12 1 1 1 1 1 1 1 1 1 1 1 1
ciInstanceKlass sun/misc/MetaIndex 1 1 159 10 11 7 7 8 10 10 7 7 10 10 7 10 10 10 8 10 10 10 11 10 11 11 10 11 100 9 8 10 9 10 10 100 10 7 11 7 9 7 10 9 100 10 10 7 1 1 1 1 1 1 1 1 1 1 1 1 1 1 1 1 100 100 100 100 100 100 1 1 1 1 100 1 1 1 1 100 100 1 1 1 1 1 12 7 12 1 1 1 12 12 1 1 12 12 1 12 12 12 1 12 12 12 7 12 12 12 12 12 12 1 12 1 12 12 12 1 1 12 12 1 12 1 7 12 1 1 1 1 1 1 1 1 1 1 1 1 1 1 1 1 1 1 1 1 1 1 1 1 1 1 1 1 1 1 1 1 1
staticfield sun/misc/MetaIndex $assertionsDisabled Z 1
ciInstanceKlass java/util/Locale 1 1 914 10 9 9 10 10 9 100 10 10 8 10 10 10 10 10 7 10 9 10 7 9 9 10 9 10 9 9 100 8 10 10 7 8 8 10 10 7 8 10 10 10 10 8 8 8 9 10 9 10 9 10 9 10 9 10 9 8 10 8 10 100 8 10 10 10 9 100 8 10 10 9 8 10 10 10 10 10 10 10 100 7 10 8 10 10 10 10 10 10 10 10 10 10 8 10 10 10 10 8 9 10 10 10 10 100 8 10 10 10 10 11 11 11 10 10 10 10 8 10 100 10 10 10 10 10 7 8 8 10 8 10 8 8 10 10 10 10 10 10 100 10 8 10 7 10 10 10 10 10 10 8 10 8 10 10 8 100 10 10 10 10 10 10 10 11 100 7 10 100 10 10 8 10 100 100 10 10 10 10 10 100 8 10 10 10 10 10 10 8 10 8 8 8 8 8 10 10 10 10 10 100 100 10 10 10 10 8 8 8 8 8 8 8 10 8 8 10 9 8 8 9 10 9 10 10 10 10 10 10 7 10 10 9 8 9 8 9 8 9 9 8 9 8 9 8 9 8 9 8 9 8 9 8 9 9 8 9 9 9 9 8 9 8 9 8 9 9 9 10 7 10 9 9 100 100 7 1 100 1 100 1 100 1 7 1 100 1 1 1 1 1 1 1 1 1 1 1 1 1 1 1 1 1 1 1 1 1 1 1 1 1 1 1 1 1 1 1 3 1 3 1 1 5 0 1 1 3 1 3 1 3 1 3 1 1 1 1 1 1 1 1 1 1 1 1 1 1 1 1 1 1 1 1 1 1 1 100 100 1 1 1 1 1 1 1 1 1 1 1 100 100 1 1 1 1 100 1 1 1 1 1 1 1 1 1 1 1 1 1 1 1 1 1 1 1 1 1 1 1 1 1 1 1 1 1 1 1 100 1 100 100 100 1 1 100 100 100 1 1 1 1 1 1 1 1 1 1 1 100 1 1 100 100 100 1 1 100 1 1 1 1 1 1 100 1 1 1 1 1 1 1 1 100 100 100 1 1 100 100 100 100 1 100 1 1 1 1 1 1 1 1 1 1 1 1 1 1 1 1 1 1 1 1 1 1 1 1 1 1 1 12 12 12 12 12 12 1 12 1 7 12 12 12 12 12 1 12 12 12 1 12 12 12 12 12 12 12 1 1 12 12 1 1 1 12 7 12 1 1 12 12 12 12 1 1 1 12 12 12 12 12 12 12 12 12 12 12 1 1 100 12 1 1 100 12 100 12 12 1 1 12 12 12 1 12 12 12 100 12 1 1 1 12 12 12 100 12 12 100 12 12 12 12 1 12 12 12 1 12 12 12 1 1 12 12 12 100 12 100 12 12 12 12 12 1 12 1 12 12 12 12 1 1 1 1 1 1 12 12 12 12 12 12 1 12 1 12 1 12 12 12 100 12 12 12 1 100 12 1 12 12 1 1 12 12 100 12 12 12 12 12 12 1 1 12 1 12 1 1 12 12 12 1 1 12 12 12 7 12 100 12 1 100 12 1 1 1 1 1 12 12 100 12 100 12 12 1 1 12 12 12 1 1 1 1 1 1 1 12 1 1 12 1 1 12 100 12 12 12 12 12 7 12 1 12 12 12 1 12 1 12 1 12 12 1 12 1 12 1 12 1 12 1 12 1 12 1 12 12 1 12 12 12 12 1 12 12 1 12 12 12 12 1 12 12 12 1 1 1 1 1 1 1 1 1 1 1 1 1 1 1 1 1 1 1 1 1 1 1 1 1 1 1 1 1 1 1 1 1 1 1 1 1 1 1 1 1 1 1 1 1 1 1 1 1 1 1 1 1 1 1 1 1 1 1 1 1 1 1 1 1 1 1 1 1 1 1 1 1 1 1 1 1 1 1 1 1 1 1 1 1 1 1 1 1 1 1 1 1 1 1 1 1 1 1 1 100 1 1 1 1 1 1 1 1 1 1 1 1 1 1 1 1 1 1 1 1 1 1 1 1 1 1 1 1 1 1 1 1 1 1 1 1 1 1 1 1 1 1 1 1 1 1 1 1 1 1 1 1 1 1 1 1
staticfield java/util/Locale LOCALECACHE Ljava/util/Locale$Cache; java/util/Locale$Cache
staticfield java/util/Locale ENGLISH Ljava/util/Locale; java/util/Locale
staticfield java/util/Locale FRENCH Ljava/util/Locale; java/util/Locale
staticfield java/util/Locale GERMAN Ljava/util/Locale; java/util/Locale
staticfield java/util/Locale ITALIAN Ljava/util/Locale; java/util/Locale
staticfield java/util/Locale JAPANESE Ljava/util/Locale; java/util/Locale
staticfield java/util/Locale KOREAN Ljava/util/Locale; java/util/Locale
staticfield java/util/Locale CHINESE Ljava/util/Locale; java/util/Locale
staticfield java/util/Locale SIMPLIFIED_CHINESE Ljava/util/Locale; java/util/Locale
staticfield java/util/Locale TRADITIONAL_CHINESE Ljava/util/Locale; java/util/Locale
staticfield java/util/Locale FRANCE Ljava/util/Locale; java/util/Locale
staticfield java/util/Locale GERMANY Ljava/util/Locale; java/util/Locale
staticfield java/util/Locale ITALY Ljava/util/Locale; java/util/Locale
staticfield java/util/Locale JAPAN Ljava/util/Locale; java/util/Locale
staticfield java/util/Locale KOREA Ljava/util/Locale; java/util/Locale
staticfield java/util/Locale CHINA Ljava/util/Locale; java/util/Locale
staticfield java/util/Locale PRC Ljava/util/Locale; java/util/Locale
staticfield java/util/Locale TAIWAN Ljava/util/Locale; java/util/Locale
staticfield java/util/Locale UK Ljava/util/Locale; java/util/Locale
staticfield java/util/Locale US Ljava/util/Locale; java/util/Locale
staticfield java/util/Locale CANADA Ljava/util/Locale; java/util/Locale
staticfield java/util/Locale CANADA_FRENCH Ljava/util/Locale; java/util/Locale
staticfield java/util/Locale ROOT Ljava/util/Locale; java/util/Locale
staticfield java/util/Locale serialPersistentFields [Ljava/io/ObjectStreamField; 6 [Ljava/io/ObjectStreamField;
staticfield java/util/Locale $assertionsDisabled Z 1
ciInstanceKlass java/util/HashMap$TreeNode 0 0 182 100 10 9 9 100 9 9 9 10 100 10 9 9 9 10 10 10 10 10 10 10 10 10 9 10 10 10 10 9 10 10 10 10 10 10 10 100 1 1 1 1 1 1 1 1 1 1 1 1 1 100 1 1 1 1 1 1 1 1 100 1 1 1 100 100 1 1 1 100 100 1 1 1 1 1 1 1 1 1 1 1 1 1 1 100 1 1 1 1 1 1 1 1 1 1 1 1 1 1 1 1 1 1 1 1 1 1 1 12 12 12 1 12 12 12 12 1 12 12 12 12 100 12 12 12 12 12 12 100 12 100 12 100 12 12 12 12 12 12 12 12 12 12 12 12 12 100 1 1 1 1 1 1 1 1 1 1 1 1 1 1 1 1 1 1 1 1 1 1 1 1 1 1 1 1 1 1 1 1 1 1
instanceKlass sun/net/www/protocol/http/Handler
instanceKlass sun/net/www/protocol/jar/Handler
instanceKlass sun/net/www/protocol/file/Handler
ciInstanceKlass java/net/URLStreamHandler 1 1 237 10 100 8 10 10 10 10 10 10 10 10 10 10 10 10 10 10 10 10 10 100 7 10 8 10 10 10 10 8 8 8 10 8 8 10 8 10 10 8 10 8 10 8 10 10 10 10 10 10 10 10 10 10 9 10 9 10 100 100 10 7 10 10 8 8 10 8 10 8 10 10 7 7 1 1 1 1 1 1 1 100 1 1 1 1 100 100 100 1 1 1 1 1 1 100 1 1 1 100 100 1 1 1 100 1 1 1 1 1 1 1 1 12 1 1 12 7 12 12 12 12 12 12 12 12 7 12 12 12 12 12 12 12 100 12 1 1 1 12 12 100 12 1 1 1 12 1 1 12 1 12 12 1 12 1 12 1 12 12 12 12 12 100 12 12 12 12 12 12 12 12 1 1 1 12 12 1 1 12 1 1 12 1 1 1 1 1 1 1 1 1 1 1 1 1 1 1 1 1 1 1 1 1 1 1 1 1 1 1 1 1 1 1 1 1 1 1 1 1 1 1 1 1 1 1 1 1 1 1 1 1 1 1 1 1 1
ciInstanceKlass sun/net/www/protocol/file/Handler 1 1 132 10 10 8 9 10 10 10 10 10 10 8 10 8 7 10 10 100 10 8 10 10 10 7 8 10 8 10 10 10 100 8 10 10 7 10 10 7 7 1 1 1 1 1 1 1 100 1 1 1 1 1 1 100 100 100 100 100 100 100 1 1 1 1 1 1 12 12 1 12 7 12 12 12 12 7 12 12 1 12 1 1 12 12 1 1 12 12 12 1 1 12 1 12 12 12 1 1 12 1 12 12 1 1 1 1 1 1 1 1 1 1 1 1 1 1 1 1 1 1 1 1 1 1 1 1 1 1 1 1 1 1
ciInstanceKlass sun/misc/URLClassPath 1 1 516 9 9 9 9 10 10 10 7 10 9 7 10 9 9 7 10 9 9 10 10 8 11 9 10 10 100 10 10 11 11 7 10 7 11 10 10 9 10 10 7 10 7 10 9 100 10 8 10 8 10 10 10 7 10 10 7 10 10 10 9 9 10 10 10 9 9 8 10 8 10 8 8 10 10 8 10 8 8 10 10 10 10 10 10 10 100 8 8 10 10 8 7 10 10 7 10 10 100 9 10 10 10 100 10 10 10 10 10 10 100 10 10 10 10 100 10 8 10 10 10 100 8 100 10 10 10 10 7 8 10 10 7 9 8 8 8 8 8 8 8 10 7 7 100 1 1 100 1 1 1 1 1 8 1 1 1 1 1 1 1 1 1 1 1 1 1 1 1 1 1 1 1 1 1 1 1 1 1 1 1 1 1 1 1 1 1 100 100 100 1 1 1 1 100 100 100 100 1 1 1 100 100 1 1 1 1 100 100 1 1 1 1 1 1 1 1 1 1 1 1 1 1 1 1 1 1 1 1 1 1 1 1 1 1 1 1 1 1 1 1 100 100 1 100 1 1 1 1 100 100 1 1 100 1 100 100 100 1 1 1 1 1 1 1 1 1 1 1 1 1 1 12 12 12 12 12 12 12 1 12 1 12 12 1 12 12 12 12 1 7 12 12 12 100 12 1 12 100 12 12 1 12 1 100 12 12 12 12 12 1 12 12 7 12 1 1 12 1 12 100 12 12 1 12 1 12 12 12 12 12 12 12 12 12 1 12 1 12 1 1 7 12 12 1 12 1 1 12 12 12 12 12 12 12 1 1 1 12 12 1 1 12 7 12 1 12 12 1 12 12 12 12 1 12 12 12 100 12 12 12 1 12 12 100 12 100 12 1 100 12 1 12 12 12 1 1 1 12 12 12 12 1 1 12 1 12 1 1 1 1 1 1 1 7 12 1 1 1 1 1 1 1 1 1 1 1 1 1 1 1 1 1 1 1 1 1 1 1 1 1 1 1 1 1 1 1 1 1 1 1 1 1 1 1 1 1 1 1 1 1 1 1 1 1 1 1 1 1 1 1 1 1 1 1 1 1 1 1 1 1 1 1 1 1 1 1 1 1 1 1 1 1 1 1 1 1 1 1 1 1 1 1 1 1 1 1 1 1 1 1 1 1 1 1 1
staticfield sun/misc/URLClassPath JAVA_VERSION Ljava/lang/String; "1.8.0_144"
staticfield sun/misc/URLClassPath DEBUG Z 0
staticfield sun/misc/URLClassPath DEBUG_LOOKUP_CACHE Z 0
staticfield sun/misc/URLClassPath DISABLE_JAR_CHECKING Z 0
staticfield sun/misc/URLClassPath DISABLE_ACC_CHECKING Z 0
ciInstanceKlass java/lang/ProcessEnvironment 1 1 276 9 10 10 10 10 100 100 10 8 10 8 10 10 8 100 10 7 10 10 10 10 10 10 100 10 10 100 10 10 7 10 10 10 10 9 11 9 9 10 7 7 10 100 10 10 9 10 10 10 11 11 11 100 11 11 8 10 10 10 10 10 10 10 10 10 10 7 10 7 10 10 10 10 10 7 10 11 7 100 1 1 1 1 1 1 100 1 1 1 1 5 0 1 1 3 1 1 1 1 1 1 1 1 1 1 1 1 1 1 1 1 1 1 1 1 1 1 1 1 1 1 1 1 1 1 1 1 1 1 1 1 1 1 1 1 1 1 1 1 1 1 1 1 100 100 100 100 100 100 1 1 1 1 1 1 1 1 1 1 1 1 1 1 1 1 12 12 12 12 12 1 1 12 1 12 1 12 12 1 1 1 12 12 12 12 12 12 1 12 12 1 12 12 1 12 12 12 12 12 12 1 1 1 12 7 12 12 100 12 100 12 12 1 12 12 1 12 12 12 12 12 12 12 12 12 12 1 12 1 12 12 12 1 12 12 1 1 1 1 1 1 1 1 1 1 1 1 1 1 1 1 1 1 1 1 1 1 1 1 1 1 1 1 1 1 1 1 1 1 1 1 1 1 1 1
staticfield java/lang/ProcessEnvironment nameComparator Ljava/lang/ProcessEnvironment$NameComparator; java/lang/ProcessEnvironment$NameComparator
staticfield java/lang/ProcessEnvironment entryComparator Ljava/lang/ProcessEnvironment$EntryComparator; java/lang/ProcessEnvironment$EntryComparator
staticfield java/lang/ProcessEnvironment theEnvironment Ljava/lang/ProcessEnvironment; java/lang/ProcessEnvironment
staticfield java/lang/ProcessEnvironment theUnmodifiableEnvironment Ljava/util/Map; java/util/Collections$UnmodifiableMap
staticfield java/lang/ProcessEnvironment theCaseInsensitiveEnvironment Ljava/util/Map; java/util/TreeMap
ciInstanceKlass sun/net/util/URLUtil 1 1 116 10 7 10 10 10 10 8 10 10 10 8 10 10 10 10 8 10 8 10 8 8 8 10 10 10 7 10 10 10 10 10 100 10 100 100 1 1 1 1 1 1 1 100 100 1 1 100 1 100 1 1 1 12 1 12 7 12 12 1 12 12 12 1 12 12 12 1 12 1 12 1 1 1 12 12 12 1 12 12 100 12 12 12 1 1 1 1 1 1 1 1 1 1 1 1 1 1 1 1 1 1 1 1 1 1 1 1 1 1 1 1 1 1 1 1
ciInstanceKlass sun/misc/URLClassPath$3 1 1 96 9 9 10 10 8 10 8 10 10 100 10 100 10 7 10 9 10 10 10 7 7 100 1 1 1 1 1 1 1 1 1 1 1 1 1 100 1 100 1 100 1 1 1 1 1 7 12 12 12 12 7 12 1 7 12 1 12 12 1 1 12 1 1 1 12 12 12 12 12 1 1 1 1 1 1 1 1 1 1 1 1 1 1 1 1 1 1 1 1 1 1 1 1 1 1
instanceKlass sun/misc/URLClassPath$JarLoader
ciInstanceKlass sun/misc/URLClassPath$Loader 1 1 128 9 10 100 10 10 100 100 8 10 10 10 100 8 10 10 10 10 10 100 100 10 10 9 100 10 10 10 7 7 100 1 1 1 1 1 1 1 1 1 1 1 1 1 1 1 100 100 100 100 100 100 1 1 1 1 1 1 100 1 1 1 1 1 1 12 12 1 100 12 12 1 1 1 12 100 12 12 1 1 12 12 100 12 12 100 12 1 1 12 100 12 12 1 12 12 100 1 1 1 1 1 1 1 1 1 1 1 1 1 1 1 1 1 1 1 1 1 1 1 1 1 1 1 1 1 1 1
ciInstanceKlass sun/misc/URLClassPath$JarLoader 1 1 469 7 9 9 9 9 9 10 9 9 7 8 8 7 10 10 8 10 10 10 10 9 10 10 10 10 7 10 10 10 10 8 10 10 7 10 10 7 10 7 10 10 9 11 8 10 10 7 10 10 7 10 10 7 10 10 10 10 8 9 10 100 10 100 10 10 10 10 100 100 7 10 8 10 10 10 11 11 100 10 10 10 10 10 10 7 10 10 10 10 7 10 100 10 10 7 100 10 10 10 10 11 10 100 8 10 10 10 11 10 10 9 10 10 10 7 10 10 10 10 10 7 1 1 1 1 1 1 1 1 1 1 1 1 1 1 1 1 1 1 1 1 1 1 1 1 1 1 1 1 100 100 100 100 100 100 1 1 1 1 1 1 1 1 1 100 1 1 100 100 1 100 1 1 1 1 100 100 100 1 1 100 100 1 1 100 1 1 1 100 100 100 1 1 1 1 1 1 100 100 1 1 1 1 1 1 1 1 1 1 1 1 1 1 1 1 1 1 1 1 1 1 1 1 12 12 12 12 12 12 12 12 1 1 1 12 12 1 12 12 12 12 12 12 12 12 7 12 1 12 7 12 12 12 1 12 12 1 12 7 12 1 12 1 7 12 12 12 100 12 1 12 1 1 12 1 12 12 12 1 12 100 12 1 12 1 12 12 12 12 1 1 1 12 1 12 12 12 100 12 12 1 12 12 7 12 12 12 12 1 12 7 12 100 12 1 12 1 100 12 100 12 1 1 12 12 12 12 100 12 12 1 1 12 7 12 7 12 12 7 12 7 12 7 12 12 7 12 1 12 12 12 12 1 1 1 1 1 1 1 1 1 1 1 1 1 1 1 1 1 1 1 1 1 1 1 1 1 1 1 1 1 1 1 1 1 1 1 1 1 1 1 1 1 1 1 1 1 1 1 1 1 1 1 1 1 1 1 1 1 1 1 1 1 1 1 1 1 1 1 1 1 1 1 1 1 1 1 1 1 1 1 1 1 1 1 1 1 1 1 1 1 1 1 1 1 1 1 1 1 1 1 1 1 1 1 1 1 1 1 1 1 1 1 1 1 1 1 1
staticfield sun/misc/URLClassPath$JarLoader zipAccess Lsun/misc/JavaUtilZipFileAccess; java/util/zip/ZipFile$1
ciInstanceKlass sun/misc/URLClassPath$JarLoader$1 1 1 147 9 10 10 9 100 10 8 10 10 10 10 10 10 10 10 10 10 10 10 10 10 7 10 10 10 10 10 100 10 7 7 100 1 7 1 1 1 1 1 1 1 1 1 1 100 100 1 100 1 100 1 1 1 1 1 12 12 12 7 12 100 12 1 1 12 12 12 12 100 12 100 12 12 12 12 12 7 12 12 12 12 1 12 7 12 12 7 12 12 1 12 1 1 1 1 1 1 1 1 1 1 1 1 1 1 1 1 1 1 1 1 1 1 1 1 1 1 1 1 1 1 1 1 1 1 1 1 1 1 1 1 1 1 1 1 1 1 1 1 1 1 1 1 1 1 1
instanceKlass java/io/InterruptedIOException
instanceKlass javax/net/ssl/SSLException
instanceKlass org/apache/commons/httpclient/HttpException
instanceKlass com/google/gson/stream/MalformedJsonException
instanceKlass java/io/EOFException
instanceKlass java/net/MalformedURLException
instanceKlass java/io/UnsupportedEncodingException
instanceKlass java/io/FileNotFoundException
ciInstanceKlass java/io/IOException 1 1 27 10 10 10 10 100 7 1 1 1 5 0 1 1 1 1 1 1 1 1 1 12 12 12 12 1 1
ciInstanceKlass java/io/FileNotFoundException 1 1 43 10 10 7 10 10 8 8 8 10 100 7 1 1 1 5 0 1 1 1 1 1 1 1 100 100 1 1 12 12 1 12 1 1 1 12 1 1 1 1 1 1 1
ciInstanceKlass java/security/PrivilegedActionException 1 1 59 100 10 9 10 10 100 10 10 8 10 10 7 7 1 1 1 5 0 1 1 1 1 1 1 1 1 1 1 1 1 1 100 1 1 1 12 12 100 12 100 12 1 12 12 1 12 1 1 1 1 1 1 1 1 1 1 1 1
instanceKlass sun/net/www/protocol/jar/URLJarFile
ciInstanceKlass java/util/jar/JarFile 1 1 463 9 10 10 7 10 7 10 10 9 10 9 10 7 10 10 7 10 10 9 7 10 10 7 10 10 7 10 7 10 100 10 10 100 10 10 10 9 10 8 10 8 8 8 10 7 8 10 10 10 100 8 10 7 10 10 10 100 9 8 10 10 10 8 10 8 10 10 10 100 10 10 100 10 10 9 10 9 10 9 10 9 9 9 10 9 7 8 10 10 7 9 9 7 10 10 8 10 8 8 8 8 8 8 8 8 8 8 10 10 100 10 10 10 10 10 100 10 10 100 10 10 11 100 10 10 100 10 9 10 10 10 10 100 10 7 10 10 1 1 1 1 1 1 1 1 1 1 1 1 1 1 1 1 1 1 1 1 1 1 1 1 1 1 1 1 1 1 1 1 1 1 1 1 1 1 1 1 100 100 1 1 1 1 1 1 100 1 1 1 1 1 1 1 1 100 100 1 100 100 1 1 100 100 100 100 1 1 1 1 1 1 1 1 1 1 1 1 1 1 1 1 1 1 100 1 1 1 1 100 1 1 1 1 1 1 1 1 1 1 1 1 1 1 12 12 12 1 12 1 12 12 12 12 12 12 1 12 12 1 12 12 12 1 12 1 12 12 1 1 12 1 12 12 1 100 12 100 12 12 7 12 12 1 12 1 1 1 12 1 1 12 7 12 12 1 1 1 12 12 12 1 12 1 100 12 12 12 1 12 1 7 12 7 12 7 12 1 12 12 1 1 12 12 12 12 12 7 12 12 12 12 12 12 12 12 1 1 7 12 1 12 12 1 12 12 1 12 1 1 1 1 1 1 1 1 1 1 12 1 12 12 12 12 12 1 12 12 1 12 12 100 12 1 12 1 12 12 12 12 12 1 1 7 12 1 1 1 1 1 1 1 1 1 1 1 1 1 1 1 1 1 1 1 1 1 1 1 1 1 1 1 1 1 1 1 1 1 1 1 1 1 1 1 1 1 1 1 1 1 1 1 1 1 1 1 1 1 1 1 1 1 1 1 1 1 1 1 1 1 1 1 1 1 1 1 1 1 1 1 1 1 1
staticfield java/util/jar/JarFile CLASSPATH_CHARS [C 10
staticfield java/util/jar/JarFile CLASSPATH_LASTOCC [I 128
staticfield java/util/jar/JarFile CLASSPATH_OPTOSFT [I 10
ciInstanceKlass sun/misc/JavaUtilJarAccess 1 0 28 100 100 1 1 1 100 1 1 1 1 1 1 1 1 1 1 1 1 1 1 1 1 1 1 1 1 1
ciInstanceKlass java/util/jar/JavaUtilJarAccessImpl 1 1 60 10 10 10 10 10 10 10 10 100 7 100 1 1 1 1 1 1 1 100 1 1 1 1 1 1 1 1 1 1 1 1 1 1 1 1 1 1 12 7 12 12 12 12 12 12 12 1 1 1 1 1 1 1 1 1 1 1 1 1
ciInstanceKlass sun/misc/JarIndex 1 1 303 10 7 10 9 9 10 10 9 10 10 7 8 10 10 10 10 10 7 10 10 10 10 8 10 10 10 10 100 9 10 10 10 11 11 100 10 8 10 7 8 9 10 10 10 10 100 100 8 10 10 8 10 100 10 10 8 10 10 11 11 7 10 7 7 10 10 7 10 10 8 10 10 10 10 10 7 10 11 100 11 11 10 8 7 8 10 10 7 1 1 1 1 1 1 1 1 1 1 1 1 1 1 1 1 1 1 100 1 1 1 1 1 100 100 1 1 1 1 100 1 1 1 1 1 1 100 1 1 100 100 100 1 1 100 100 1 100 100 100 1 1 100 1 1 1 12 1 12 12 12 12 12 12 1 1 7 12 12 12 12 12 1 12 12 12 1 12 12 12 12 1 100 12 12 12 12 100 12 12 1 12 1 12 1 1 12 12 12 12 12 1 1 1 12 12 1 12 1 12 1 12 12 100 12 12 1 12 1 1 12 12 1 12 1 12 12 12 12 12 100 100 1 1 1 12 12 12 1 1 1 7 12 1 1 1 1 1 1 1 1 1 1 1 1 1 1 1 1 1 1 1 1 1 1 1 1 1 1 1 1 1 1 1 1 1 1 1 1 1 1 1 1 1 1 1 1 1 1 1 1 1 1 1 1 1 1 1 1 1 1 1 1 1 1 1 1 1 1 1 1 1 1
staticfield sun/misc/JarIndex metaInfFilenames Z 0
ciInstanceKlass sun/misc/ExtensionDependency 1 1 406 7 10 10 10 10 10 9 100 10 10 10 10 10 100 10 10 100 10 9 10 100 10 10 10 100 10 8 10 10 8 10 8 9 10 10 8 8 8 8 10 8 8 8 10 8 100 10 10 10 10 100 10 8 10 100 10 10 100 100 10 8 10 8 10 8 8 8 10 10 11 11 100 11 9 8 10 10 10 100 10 8 100 8 8 100 10 10 100 100 8 10 9 10 10 8 10 10 8 8 8 8 100 10 10 8 10 8 10 10 8 100 10 100 100 10 100 10 8 8 8 10 10 8 8 10 100 10 10 9 100 1 1 1 1 1 1 1 1 3 1 1 1 1 1 1 1 1 1 1 100 1 100 100 100 100 100 100 100 1 1 1 1 100 100 1 1 100 100 1 1 100 100 100 100 1 1 1 1 1 1 100 1 1 1 1 100 100 100 100 1 1 1 1 1 1 1 1 1 1 1 1 12 12 12 12 12 12 1 12 12 12 1 12 100 12 1 12 100 12 100 12 1 12 12 12 1 1 12 12 1 12 1 12 12 1 1 1 1 12 1 1 1 12 1 1 12 12 12 12 1 12 1 1 12 100 12 1 1 12 1 12 1 12 1 1 1 12 12 100 12 12 1 12 1 100 12 12 100 12 1 12 1 1 1 1 1 12 12 1 1 1 12 12 12 1 12 1 1 1 1 1 12 1 12 1 12 12 1 1 12 1 1 1 12 1 1 1 12 1 1 12 1 12 100 12 1 1 1 1 1 1 1 1 1 1 1 1 1 1 1 1 1 1 1 1 1 1 1 1 1 1 1 1 1 1 1 1 1 1 1 1 1 1 1 1 1 1 1 1 1 1 1 1 1 1 1 1 1 1 1 1 1 1 1 1 1 1 1 1 1 1 1 1 1 1 1 1 1 1 1 1 1 1 1 1
ciInstanceKlass java/util/jar/Attributes 1 1 258 10 10 7 10 9 10 11 7 10 10 7 11 10 11 11 11 7 10 100 10 11 11 11 11 100 11 11 11 11 11 11 11 11 11 10 10 100 10 10 8 10 8 10 10 8 10 10 10 9 10 9 100 10 10 10 10 10 100 8 10 8 10 10 10 8 10 8 10 8 8 10 100 8 7 7 100 1 1 1 1 1 1 1 1 1 1 1 1 1 1 1 1 1 1 1 1 1 1 1 1 1 1 1 1 100 1 1 1 1 1 1 1 1 1 1 1 1 1 1 1 1 1 1 1 1 1 100 100 100 1 1 100 100 1 7 1 1 100 100 1 1 1 12 12 1 12 12 12 1 12 1 12 12 12 12 1 100 12 1 12 100 12 100 12 12 1 12 12 12 12 12 12 12 12 12 12 1 12 1 12 1 12 12 1 100 12 100 12 12 12 12 1 12 12 12 1 1 1 7 12 12 12 1 12 1 100 12 1 1 12 1 1 1 1 1 1 1 1 1 1 1 1 1 1 1 1 1 1 1 1 1 1 1 1 1 1 1 1 1 1 1 1 1 1 1 1 1 1 1 1 1 1 1 1 1 1 1
ciInstanceKlass java/util/jar/Attributes$Name 1 1 175 10 9 100 8 10 10 100 10 10 9 10 10 10 10 10 7 9 11 10 8 10 9 8 9 8 9 8 9 8 9 8 9 8 9 8 9 8 9 8 9 8 9 8 9 8 9 8 9 8 9 8 9 8 9 7 1 1 1 1 1 1 1 1 1 1 1 1 1 1 1 1 1 1 1 1 1 1 1 1 1 1 1 1 1 1 1 1 100 100 1 1 1 1 1 1 1 100 1 1 1 1 1 1 1 12 12 1 12 12 1 7 12 12 12 12 12 12 12 100 1 7 12 7 12 12 1 12 1 12 1 12 1 12 1 12 1 12 1 12 1 12 1 12 1 12 1 12 1 12 1 12 1 12 1 12 1 12 1 12 1 1 1 1 1 1 1 1 1 1 1 1 1 1 1
staticfield java/util/jar/Attributes$Name MANIFEST_VERSION Ljava/util/jar/Attributes$Name; java/util/jar/Attributes$Name
staticfield java/util/jar/Attributes$Name SIGNATURE_VERSION Ljava/util/jar/Attributes$Name; java/util/jar/Attributes$Name
staticfield java/util/jar/Attributes$Name CONTENT_TYPE Ljava/util/jar/Attributes$Name; java/util/jar/Attributes$Name
staticfield java/util/jar/Attributes$Name CLASS_PATH Ljava/util/jar/Attributes$Name; java/util/jar/Attributes$Name
staticfield java/util/jar/Attributes$Name MAIN_CLASS Ljava/util/jar/Attributes$Name; java/util/jar/Attributes$Name
staticfield java/util/jar/Attributes$Name SEALED Ljava/util/jar/Attributes$Name; java/util/jar/Attributes$Name
staticfield java/util/jar/Attributes$Name EXTENSION_LIST Ljava/util/jar/Attributes$Name; java/util/jar/Attributes$Name
staticfield java/util/jar/Attributes$Name EXTENSION_NAME Ljava/util/jar/Attributes$Name; java/util/jar/Attributes$Name
staticfield java/util/jar/Attributes$Name EXTENSION_INSTALLATION Ljava/util/jar/Attributes$Name; java/util/jar/Attributes$Name
staticfield java/util/jar/Attributes$Name IMPLEMENTATION_TITLE Ljava/util/jar/Attributes$Name; java/util/jar/Attributes$Name
staticfield java/util/jar/Attributes$Name IMPLEMENTATION_VERSION Ljava/util/jar/Attributes$Name; java/util/jar/Attributes$Name
staticfield java/util/jar/Attributes$Name IMPLEMENTATION_VENDOR Ljava/util/jar/Attributes$Name; java/util/jar/Attributes$Name
staticfield java/util/jar/Attributes$Name IMPLEMENTATION_VENDOR_ID Ljava/util/jar/Attributes$Name; java/util/jar/Attributes$Name
staticfield java/util/jar/Attributes$Name IMPLEMENTATION_URL Ljava/util/jar/Attributes$Name; java/util/jar/Attributes$Name
staticfield java/util/jar/Attributes$Name SPECIFICATION_TITLE Ljava/util/jar/Attributes$Name; java/util/jar/Attributes$Name
staticfield java/util/jar/Attributes$Name SPECIFICATION_VERSION Ljava/util/jar/Attributes$Name; java/util/jar/Attributes$Name
staticfield java/util/jar/Attributes$Name SPECIFICATION_VENDOR Ljava/util/jar/Attributes$Name; java/util/jar/Attributes$Name
ciInstanceKlass java/lang/SecurityException 0 0 27 10 10 10 10 100 100 1 1 1 5 0 1 1 1 1 1 1 1 1 1 12 12 12 12 1 1
instanceKlass java/lang/StringIndexOutOfBoundsException
instanceKlass java/lang/ArrayIndexOutOfBoundsException
ciInstanceKlass java/lang/IndexOutOfBoundsException 1 1 21 10 10 100 7 1 1 1 5 0 1 1 1 1 1 1 1 12 12 1 1
ciInstanceKlass java/lang/ArrayIndexOutOfBoundsException 1 1 38 10 100 10 8 10 10 10 10 100 7 1 1 1 5 0 1 1 1 1 1 1 1 1 12 1 1 12 12 12 12 1 1 1 1 1 1 1
ciInstanceKlass com/mathworks/services/message/MWMessage 1 1 90 10 9 9 9 100 10 10 10 10 10 10 10 7 10 7 1 1 1 1 1 1 1 1 1 1 1 1 1 1 1 1 1 1 1 1 1 1 1 1 1 1 1 1 1 1 1 1 1 1 1 1 1 1 1 12 12 12 12 1 12 100 12 100 12 100 12 100 12 12 1 7 12 1 1 1 1 1 1 1 1 1 1 1 1 1 1 1 1 1
staticfield com/mathworks/services/message/MWMessage $assertionsDisabled Z 1
ciInstanceKlass sun/misc/ProxyGenerator$ConstantPool$IndirectEntry 1 1 55 100 10 9 9 9 10 10 7 7 1 1 1 1 1 1 1 1 1 1 1 1 1 1 100 1 1 1 1 1 1 1 12 12 12 12 7 12 12 100 1 1 1 1 1 1 1 100 1 1 1 1 1 1 1
ciInstanceKlass java/lang/invoke/LambdaForm$BasicType 1 1 269 9 9 9 10 7 7 10 10 9 10 9 9 9 9 9 9 9 100 10 8 10 10 8 10 10 10 10 10 10 10 10 11 11 7 10 10 10 8 10 8 9 9 9 100 10 9 10 11 7 10 8 7 9 10 8 9 9 8 9 9 8 9 9 8 9 9 8 9 9 10 10 10 7 1 1 1 1 1 1 1 1 1 1 1 1 1 1 1 1 1 1 1 1 1 1 1 1 1 1 1 1 1 1 1 1 1 1 1 1 1 1 1 1 1 1 1 1 1 1 1 1 1 1 1 1 1 1 1 1 1 1 1 100 1 1 1 1 1 1 1 1 1 1 1 1 1 1 12 12 12 7 12 1 12 12 12 7 12 12 12 12 12 12 12 12 1 12 1 12 12 1 12 100 12 12 12 12 12 12 12 7 12 12 1 7 12 12 12 1 12 1 12 12 12 1 12 7 12 12 1 12 1 12 12 7 12 12 7 12 7 12 7 12 7 12 12 12 12 1 1 1 1 1 1 1 1 1 1 1 1 1 1 1 1 1 1 1 1 1 1 1 1 1 1 1 1 1 1 1 1 1 1 1 1 1 1 1 1 1 1 1 1 1 1 1 1 1 1
staticfield java/lang/invoke/LambdaForm$BasicType L_TYPE Ljava/lang/invoke/LambdaForm$BasicType; java/lang/invoke/LambdaForm$BasicType
staticfield java/lang/invoke/LambdaForm$BasicType I_TYPE Ljava/lang/invoke/LambdaForm$BasicType; java/lang/invoke/LambdaForm$BasicType
staticfield java/lang/invoke/LambdaForm$BasicType J_TYPE Ljava/lang/invoke/LambdaForm$BasicType; java/lang/invoke/LambdaForm$BasicType
staticfield java/lang/invoke/LambdaForm$BasicType F_TYPE Ljava/lang/invoke/LambdaForm$BasicType; java/lang/invoke/LambdaForm$BasicType
staticfield java/lang/invoke/LambdaForm$BasicType D_TYPE Ljava/lang/invoke/LambdaForm$BasicType; java/lang/invoke/LambdaForm$BasicType
staticfield java/lang/invoke/LambdaForm$BasicType V_TYPE Ljava/lang/invoke/LambdaForm$BasicType; java/lang/invoke/LambdaForm$BasicType
staticfield java/lang/invoke/LambdaForm$BasicType ALL_TYPES [Ljava/lang/invoke/LambdaForm$BasicType; 6 [Ljava/lang/invoke/LambdaForm$BasicType;
staticfield java/lang/invoke/LambdaForm$BasicType ARG_TYPES [Ljava/lang/invoke/LambdaForm$BasicType; 5 [Ljava/lang/invoke/LambdaForm$BasicType;
staticfield java/lang/invoke/LambdaForm$BasicType ARG_TYPE_LIMIT I 5
staticfield java/lang/invoke/LambdaForm$BasicType TYPE_LIMIT I 6
staticfield java/lang/invoke/LambdaForm$BasicType $VALUES [Ljava/lang/invoke/LambdaForm$BasicType; 6 [Ljava/lang/invoke/LambdaForm$BasicType;
staticfield java/lang/invoke/LambdaForm$BasicType $assertionsDisabled Z 1
ciInstanceKlass java/lang/StringIndexOutOfBoundsException 0 0 38 10 10 100 10 8 10 10 10 100 100 1 1 1 5 0 1 1 1 1 1 1 1 1 12 12 1 1 12 12 12 1 1 1 1 1 1 1
compile sun/misc/URLClassPath getLoader (I)Lsun/misc/URLClassPath$Loader; -1 4 inline 70 0 -1 sun/misc/URLClassPath getLoader (I)Lsun/misc/URLClassPath$Loader; 1 13 java/util/ArrayList size ()I 1 33 java/util/Stack empty ()Z 2 1 java/util/Vector size ()I 1 47 java/util/Stack pop ()Ljava/lang/Object; 2 1 java/util/Vector size ()I 2 6 java/util/Stack peek ()Ljava/lang/Object; 3 1 java/util/Vector size ()I 1 67 sun/net/util/URLUtil urlNoFragString (Ljava/net/URL;)Ljava/lang/String; 2 4 java/lang/StringBuilder <init> ()V 3 3 java/lang/AbstractStringBuilder <init> (I)V 4 1 java/lang/Object <init> ()V 2 9 java/net/URL getProtocol ()Ljava/lang/String; 2 18 java/lang/String toLowerCase ()Ljava/lang/String; 3 1 java/util/Locale getDefault ()Ljava/util/Locale; 2 36 java/net/URL getHost ()Ljava/lang/String; 2 45 java/lang/String toLowerCase ()Ljava/lang/String; 3 1 java/util/Locale getDefault ()Ljava/util/Locale; 2 56 java/net/URL getPort ()I 2 68 java/net/URL getDefaultPort ()I 2 87 java/lang/StringBuilder append (I)Ljava/lang/StringBuilder; 2 92 java/net/URL getFile ()Ljava/lang/String; 1 76 java/util/HashMap containsKey (Ljava/lang/Object;)Z 2 2 java/util/HashMap hash (Ljava/lang/Object;)I 3 9 java/lang/String hashCode ()I 2 6 java/util/HashMap getNode (ILjava/lang/Object;)Ljava/util/HashMap$Node; 1 87 sun/misc/URLClassPath getLoader (Ljava/net/URL;)Lsun/misc/URLClassPath$Loader; 2 6 sun/misc/URLClassPath$3 <init> (Lsun/misc/URLClassPath;Ljava/net/URL;)V 3 11 java/lang/Object <init> ()V 1 94 sun/misc/URLClassPath$JarLoader getClassPath ()[Ljava/net/URL; 2 23 sun/misc/URLClassPath$JarLoader parseExtensionsDependencies ()V 3 4 sun/misc/ExtensionDependency checkExtensionsDependencies (Ljava/util/jar/JarFile;)Z 4 12 sun/misc/ExtensionDependency <init> ()V 5 1 java/lang/Object <init> ()V 2 26 sun/misc/SharedSecrets javaUtilJarAccess ()Lsun/misc/JavaUtilJarAccess; 2 54 java/util/jar/Manifest getMainAttributes ()Ljava/util/jar/Attributes; 2 66 java/util/jar/Attributes getValue (Ljava/util/jar/Attributes$Name;)Ljava/lang/String; 3 2 java/util/jar/Attributes get (Ljava/lang/Object;)Ljava/lang/Object; 4 5 java/util/HashMap get (Ljava/lang/Object;)Ljava/lang/Object; 5 2 java/util/HashMap hash (Ljava/lang/Object;)I 6 9 java/util/jar/Attributes$Name hashCode ()I 7 13 sun/misc/ASCIICaseInsensitiveComparator lowerCaseHashCode (Ljava/lang/String;)I 8 3 java/lang/String length ()I 8 20 java/lang/String charAt (I)C 8 23 sun/misc/ASCIICaseInsensitiveComparator toLower (I)I 9 1 sun/misc/ASCIICaseInsensitiveComparator isUpper (I)Z 5 6 java/util/HashMap getNode (ILjava/lang/Object;)Ljava/util/HashMap$Node; 1 169 java/util/ArrayList size ()I 1 173 sun/misc/URLClassPath validateLookupCache (ILjava/lang/String;)V 2 76 sun/misc/URLClassPath disableAllLookupCaches ()V 1 182 java/util/ArrayList add (Ljava/lang/Object;)Z 2 7 java/util/ArrayList ensureCapacityInternal (I)V 3 19 java/util/ArrayList ensureExplicitCapacity (I)V 4 22 java/util/ArrayList grow (I)V 5 38 java/util/Arrays copyOf ([Ljava/lang/Object;I)[Ljava/lang/Object; 1 193 java/util/HashMap put (Ljava/lang/Object;Ljava/lang/Object;)Ljava/lang/Object; 2 2 java/util/HashMap hash (Ljava/lang/Object;)I 3 9 java/lang/String hashCode ()I 2 9 java/util/HashMap putVal (ILjava/lang/Object;Ljava/lang/Object;ZZ)Ljava/lang/Object; 3 56 java/util/HashMap newNode (ILjava/lang/Object;Ljava/lang/Object;Ljava/util/HashMap$Node;)Ljava/util/HashMap$Node; 4 9 java/util/HashMap$Node <init> (ILjava/lang/Object;Ljava/lang/Object;Ljava/util/HashMap$Node;)V 5 1 java/lang/Object <init> ()V 3 152 java/util/HashMap newNode (ILjava/lang/Object;Ljava/lang/Object;Ljava/util/HashMap$Node;)Ljava/util/HashMap$Node; 4 9 java/util/HashMap$Node <init> (ILjava/lang/Object;Ljava/lang/Object;Ljava/util/HashMap$Node;)V 5 1 java/lang/Object <init> ()V 3 253 java/util/HashMap afterNodeAccess (Ljava/util/HashMap$Node;)V 3 295 java/util/HashMap afterNodeInsertion (Z)V 1 236 java/util/ArrayList get (I)Ljava/lang/Object; 2 2 java/util/ArrayList rangeCheck (I)V 2 7 java/util/ArrayList elementData (I)Ljava/lang/Object;
