[ 2020-05-25 10:44:05,721][cascade_classifier.fit_transform] X_groups_train.shape=[(126, 13)],y_train.shape=(126,),X_groups_test.shape=[(84, 13)],y_test.shape=(84,)
[ 2020-05-25 10:44:05,721][cascade_classifier.fit_transform] group_dims=[13]
[ 2020-05-25 10:44:05,721][cascade_classifier.fit_transform] group_starts=[0]
[ 2020-05-25 10:44:05,737][cascade_classifier.fit_transform] group_ends=[13]
[ 2020-05-25 10:44:05,737][cascade_classifier.fit_transform] X_train.shape=(126, 13),X_test.shape=(84, 13)
[ 2020-05-25 10:44:05,737][cascade_classifier.fit_transform] [layer=0] look_indexs=[0], X_cur_train.shape=(126, 13), X_cur_test.shape=(84, 13)
[ 2020-05-25 10:44:06,018][kfold_wrapper.log_eval_metrics] Accuracy(layer_0 - estimator_0 - 12_folds.train_0.predict)=72.73%
[ 2020-05-25 10:44:06,394][kfold_wrapper.log_eval_metrics] Accuracy(layer_0 - estimator_0 - 12_folds.train_1.predict)=54.55%
[ 2020-05-25 10:44:06,757][kfold_wrapper.log_eval_metrics] Accuracy(layer_0 - estimator_0 - 12_folds.train_2.predict)=54.55%
[ 2020-05-25 10:44:07,120][kfold_wrapper.log_eval_metrics] Accuracy(layer_0 - estimator_0 - 12_folds.train_3.predict)=63.64%
[ 2020-05-25 10:44:07,483][kfold_wrapper.log_eval_metrics] Accuracy(layer_0 - estimator_0 - 12_folds.train_4.predict)=72.73%
[ 2020-05-25 10:44:07,836][kfold_wrapper.log_eval_metrics] Accuracy(layer_0 - estimator_0 - 12_folds.train_5.predict)=63.64%
[ 2020-05-25 10:44:08,191][kfold_wrapper.log_eval_metrics] Accuracy(layer_0 - estimator_0 - 12_folds.train_6.predict)=50.00%
[ 2020-05-25 10:44:08,554][kfold_wrapper.log_eval_metrics] Accuracy(layer_0 - estimator_0 - 12_folds.train_7.predict)=70.00%
[ 2020-05-25 10:44:08,891][kfold_wrapper.log_eval_metrics] Accuracy(layer_0 - estimator_0 - 12_folds.train_8.predict)=70.00%
[ 2020-05-25 10:44:09,261][kfold_wrapper.log_eval_metrics] Accuracy(layer_0 - estimator_0 - 12_folds.train_9.predict)=80.00%
[ 2020-05-25 10:44:09,636][kfold_wrapper.log_eval_metrics] Accuracy(layer_0 - estimator_0 - 12_folds.train_10.predict)=70.00%
[ 2020-05-25 10:44:10,011][kfold_wrapper.log_eval_metrics] Accuracy(layer_0 - estimator_0 - 12_folds.train_11.predict)=70.00%
[ 2020-05-25 10:44:10,136][kfold_wrapper.log_eval_metrics] Accuracy(layer_0 - estimator_0 - 12_folds.train_cv.predict)=65.87%
[ 2020-05-25 10:44:10,136][kfold_wrapper.log_eval_metrics] Accuracy(layer_0 - estimator_0 - 12_folds.test.predict)=70.24%
[ 2020-05-25 10:44:10,417][kfold_wrapper.log_eval_metrics] Accuracy(layer_0 - estimator_1 - 12_folds.train_0.predict)=63.64%
[ 2020-05-25 10:44:10,808][kfold_wrapper.log_eval_metrics] Accuracy(layer_0 - estimator_1 - 12_folds.train_1.predict)=72.73%
[ 2020-05-25 10:44:11,198][kfold_wrapper.log_eval_metrics] Accuracy(layer_0 - estimator_1 - 12_folds.train_2.predict)=63.64%
[ 2020-05-25 10:44:11,589][kfold_wrapper.log_eval_metrics] Accuracy(layer_0 - estimator_1 - 12_folds.train_3.predict)=36.36%
[ 2020-05-25 10:44:11,979][kfold_wrapper.log_eval_metrics] Accuracy(layer_0 - estimator_1 - 12_folds.train_4.predict)=81.82%
[ 2020-05-25 10:44:12,370][kfold_wrapper.log_eval_metrics] Accuracy(layer_0 - estimator_1 - 12_folds.train_5.predict)=45.45%
[ 2020-05-25 10:44:12,760][kfold_wrapper.log_eval_metrics] Accuracy(layer_0 - estimator_1 - 12_folds.train_6.predict)=50.00%
[ 2020-05-25 10:44:13,151][kfold_wrapper.log_eval_metrics] Accuracy(layer_0 - estimator_1 - 12_folds.train_7.predict)=70.00%
[ 2020-05-25 10:44:13,541][kfold_wrapper.log_eval_metrics] Accuracy(layer_0 - estimator_1 - 12_folds.train_8.predict)=40.00%
[ 2020-05-25 10:44:13,932][kfold_wrapper.log_eval_metrics] Accuracy(layer_0 - estimator_1 - 12_folds.train_9.predict)=60.00%
[ 2020-05-25 10:44:14,322][kfold_wrapper.log_eval_metrics] Accuracy(layer_0 - estimator_1 - 12_folds.train_10.predict)=60.00%
[ 2020-05-25 10:44:14,713][kfold_wrapper.log_eval_metrics] Accuracy(layer_0 - estimator_1 - 12_folds.train_11.predict)=100.00%
[ 2020-05-25 10:44:14,838][kfold_wrapper.log_eval_metrics] Accuracy(layer_0 - estimator_1 - 12_folds.train_cv.predict)=61.90%
[ 2020-05-25 10:44:14,838][kfold_wrapper.log_eval_metrics] Accuracy(layer_0 - estimator_1 - 12_folds.test.predict)=70.24%
[ 2020-05-25 10:44:14,854][kfold_wrapper.log_eval_metrics] Accuracy(layer_0 - estimator_2 - 12_folds.train_0.predict)=72.73%
[ 2020-05-25 10:44:14,869][kfold_wrapper.log_eval_metrics] Accuracy(layer_0 - estimator_2 - 12_folds.train_1.predict)=72.73%
[ 2020-05-25 10:44:14,885][kfold_wrapper.log_eval_metrics] Accuracy(layer_0 - estimator_2 - 12_folds.train_2.predict)=72.73%
[ 2020-05-25 10:44:14,900][kfold_wrapper.log_eval_metrics] Accuracy(layer_0 - estimator_2 - 12_folds.train_3.predict)=72.73%
[ 2020-05-25 10:44:14,900][kfold_wrapper.log_eval_metrics] Accuracy(layer_0 - estimator_2 - 12_folds.train_4.predict)=72.73%
[ 2020-05-25 10:44:14,916][kfold_wrapper.log_eval_metrics] Accuracy(layer_0 - estimator_2 - 12_folds.train_5.predict)=72.73%
[ 2020-05-25 10:44:14,916][kfold_wrapper.log_eval_metrics] Accuracy(layer_0 - estimator_2 - 12_folds.train_6.predict)=70.00%
[ 2020-05-25 10:44:14,916][kfold_wrapper.log_eval_metrics] Accuracy(layer_0 - estimator_2 - 12_folds.train_7.predict)=70.00%
[ 2020-05-25 10:44:14,932][kfold_wrapper.log_eval_metrics] Accuracy(layer_0 - estimator_2 - 12_folds.train_8.predict)=70.00%
[ 2020-05-25 10:44:14,947][kfold_wrapper.log_eval_metrics] Accuracy(layer_0 - estimator_2 - 12_folds.train_9.predict)=70.00%
[ 2020-05-25 10:44:14,963][kfold_wrapper.log_eval_metrics] Accuracy(layer_0 - estimator_2 - 12_folds.train_10.predict)=70.00%
[ 2020-05-25 10:44:14,979][kfold_wrapper.log_eval_metrics] Accuracy(layer_0 - estimator_2 - 12_folds.train_11.predict)=80.00%
[ 2020-05-25 10:44:14,979][kfold_wrapper.log_eval_metrics] Accuracy(layer_0 - estimator_2 - 12_folds.train_cv.predict)=72.22%
[ 2020-05-25 10:44:14,979][kfold_wrapper.log_eval_metrics] Accuracy(layer_0 - estimator_2 - 12_folds.test.predict)=70.24%
[ 2020-05-25 10:44:14,979][cascade_classifier.calc_accuracy] Accuracy(layer_0 - train.classifier_average)=67.46%
[ 2020-05-25 10:44:14,979][cascade_classifier.calc_accuracy] Accuracy(layer_0 - test.classifier_average)=70.24%
[ 2020-05-25 10:44:14,979][cascade_classifier.fit_transform] [layer=1] look_indexs=[0], X_cur_train.shape=(126, 19), X_cur_test.shape=(84, 19)
[ 2020-05-25 10:44:15,229][kfold_wrapper.log_eval_metrics] Accuracy(layer_1 - estimator_0 - 12_folds.train_0.predict)=54.55%
[ 2020-05-25 10:44:15,619][kfold_wrapper.log_eval_metrics] Accuracy(layer_1 - estimator_0 - 12_folds.train_1.predict)=54.55%
[ 2020-05-25 10:44:16,010][kfold_wrapper.log_eval_metrics] Accuracy(layer_1 - estimator_0 - 12_folds.train_2.predict)=63.64%
[ 2020-05-25 10:44:16,400][kfold_wrapper.log_eval_metrics] Accuracy(layer_1 - estimator_0 - 12_folds.train_3.predict)=63.64%
[ 2020-05-25 10:44:16,791][kfold_wrapper.log_eval_metrics] Accuracy(layer_1 - estimator_0 - 12_folds.train_4.predict)=72.73%
[ 2020-05-25 10:44:17,181][kfold_wrapper.log_eval_metrics] Accuracy(layer_1 - estimator_0 - 12_folds.train_5.predict)=63.64%
[ 2020-05-25 10:44:17,572][kfold_wrapper.log_eval_metrics] Accuracy(layer_1 - estimator_0 - 12_folds.train_6.predict)=70.00%
[ 2020-05-25 10:44:17,962][kfold_wrapper.log_eval_metrics] Accuracy(layer_1 - estimator_0 - 12_folds.train_7.predict)=50.00%
[ 2020-05-25 10:44:18,353][kfold_wrapper.log_eval_metrics] Accuracy(layer_1 - estimator_0 - 12_folds.train_8.predict)=80.00%
[ 2020-05-25 10:44:18,743][kfold_wrapper.log_eval_metrics] Accuracy(layer_1 - estimator_0 - 12_folds.train_9.predict)=60.00%
[ 2020-05-25 10:44:19,136][kfold_wrapper.log_eval_metrics] Accuracy(layer_1 - estimator_0 - 12_folds.train_10.predict)=80.00%
[ 2020-05-25 10:44:19,527][kfold_wrapper.log_eval_metrics] Accuracy(layer_1 - estimator_0 - 12_folds.train_11.predict)=70.00%
[ 2020-05-25 10:44:19,652][kfold_wrapper.log_eval_metrics] Accuracy(layer_1 - estimator_0 - 12_folds.train_cv.predict)=65.08%
[ 2020-05-25 10:44:19,652][kfold_wrapper.log_eval_metrics] Accuracy(layer_1 - estimator_0 - 12_folds.test.predict)=70.24%
[ 2020-05-25 10:44:19,930][kfold_wrapper.log_eval_metrics] Accuracy(layer_1 - estimator_1 - 12_folds.train_0.predict)=81.82%
[ 2020-05-25 10:44:20,305][kfold_wrapper.log_eval_metrics] Accuracy(layer_1 - estimator_1 - 12_folds.train_1.predict)=63.64%
[ 2020-05-25 10:44:20,696][kfold_wrapper.log_eval_metrics] Accuracy(layer_1 - estimator_1 - 12_folds.train_2.predict)=81.82%
[ 2020-05-25 10:44:21,086][kfold_wrapper.log_eval_metrics] Accuracy(layer_1 - estimator_1 - 12_folds.train_3.predict)=81.82%
[ 2020-05-25 10:44:21,477][kfold_wrapper.log_eval_metrics] Accuracy(layer_1 - estimator_1 - 12_folds.train_4.predict)=72.73%
[ 2020-05-25 10:44:21,867][kfold_wrapper.log_eval_metrics] Accuracy(layer_1 - estimator_1 - 12_folds.train_5.predict)=54.55%
[ 2020-05-25 10:44:22,258][kfold_wrapper.log_eval_metrics] Accuracy(layer_1 - estimator_1 - 12_folds.train_6.predict)=70.00%
[ 2020-05-25 10:44:22,648][kfold_wrapper.log_eval_metrics] Accuracy(layer_1 - estimator_1 - 12_folds.train_7.predict)=60.00%
[ 2020-05-25 10:44:23,039][kfold_wrapper.log_eval_metrics] Accuracy(layer_1 - estimator_1 - 12_folds.train_8.predict)=60.00%
[ 2020-05-25 10:44:23,429][kfold_wrapper.log_eval_metrics] Accuracy(layer_1 - estimator_1 - 12_folds.train_9.predict)=70.00%
[ 2020-05-25 10:44:23,820][kfold_wrapper.log_eval_metrics] Accuracy(layer_1 - estimator_1 - 12_folds.train_10.predict)=60.00%
[ 2020-05-25 10:44:24,210][kfold_wrapper.log_eval_metrics] Accuracy(layer_1 - estimator_1 - 12_folds.train_11.predict)=80.00%
[ 2020-05-25 10:44:24,335][kfold_wrapper.log_eval_metrics] Accuracy(layer_1 - estimator_1 - 12_folds.train_cv.predict)=69.84%
[ 2020-05-25 10:44:24,335][kfold_wrapper.log_eval_metrics] Accuracy(layer_1 - estimator_1 - 12_folds.test.predict)=70.24%
[ 2020-05-25 10:44:24,335][kfold_wrapper.log_eval_metrics] Accuracy(layer_1 - estimator_2 - 12_folds.train_0.predict)=63.64%
[ 2020-05-25 10:44:24,367][kfold_wrapper.log_eval_metrics] Accuracy(layer_1 - estimator_2 - 12_folds.train_1.predict)=72.73%
[ 2020-05-25 10:44:24,382][kfold_wrapper.log_eval_metrics] Accuracy(layer_1 - estimator_2 - 12_folds.train_2.predict)=72.73%
[ 2020-05-25 10:44:24,398][kfold_wrapper.log_eval_metrics] Accuracy(layer_1 - estimator_2 - 12_folds.train_3.predict)=63.64%
[ 2020-05-25 10:44:24,398][kfold_wrapper.log_eval_metrics] Accuracy(layer_1 - estimator_2 - 12_folds.train_4.predict)=72.73%
[ 2020-05-25 10:44:24,413][kfold_wrapper.log_eval_metrics] Accuracy(layer_1 - estimator_2 - 12_folds.train_5.predict)=72.73%
[ 2020-05-25 10:44:24,445][kfold_wrapper.log_eval_metrics] Accuracy(layer_1 - estimator_2 - 12_folds.train_6.predict)=70.00%
[ 2020-05-25 10:44:24,460][kfold_wrapper.log_eval_metrics] Accuracy(layer_1 - estimator_2 - 12_folds.train_7.predict)=80.00%
[ 2020-05-25 10:44:24,476][kfold_wrapper.log_eval_metrics] Accuracy(layer_1 - estimator_2 - 12_folds.train_8.predict)=80.00%
[ 2020-05-25 10:44:24,492][kfold_wrapper.log_eval_metrics] Accuracy(layer_1 - estimator_2 - 12_folds.train_9.predict)=70.00%
[ 2020-05-25 10:44:24,507][kfold_wrapper.log_eval_metrics] Accuracy(layer_1 - estimator_2 - 12_folds.train_10.predict)=80.00%
[ 2020-05-25 10:44:24,507][kfold_wrapper.log_eval_metrics] Accuracy(layer_1 - estimator_2 - 12_folds.train_11.predict)=80.00%
[ 2020-05-25 10:44:24,507][kfold_wrapper.log_eval_metrics] Accuracy(layer_1 - estimator_2 - 12_folds.train_cv.predict)=73.02%
[ 2020-05-25 10:44:24,523][kfold_wrapper.log_eval_metrics] Accuracy(layer_1 - estimator_2 - 12_folds.test.predict)=70.24%
[ 2020-05-25 10:44:24,523][cascade_classifier.calc_accuracy] Accuracy(layer_1 - train.classifier_average)=73.81%
[ 2020-05-25 10:44:24,523][cascade_classifier.calc_accuracy] Accuracy(layer_1 - test.classifier_average)=70.24%
[ 2020-05-25 10:44:24,523][cascade_classifier.fit_transform] [layer=2] look_indexs=[0], X_cur_train.shape=(126, 19), X_cur_test.shape=(84, 19)
[ 2020-05-25 10:44:24,773][kfold_wrapper.log_eval_metrics] Accuracy(layer_2 - estimator_0 - 12_folds.train_0.predict)=72.73%
[ 2020-05-25 10:44:25,163][kfold_wrapper.log_eval_metrics] Accuracy(layer_2 - estimator_0 - 12_folds.train_1.predict)=72.73%
[ 2020-05-25 10:44:25,554][kfold_wrapper.log_eval_metrics] Accuracy(layer_2 - estimator_0 - 12_folds.train_2.predict)=72.73%
[ 2020-05-25 10:44:25,944][kfold_wrapper.log_eval_metrics] Accuracy(layer_2 - estimator_0 - 12_folds.train_3.predict)=81.82%
[ 2020-05-25 10:44:26,335][kfold_wrapper.log_eval_metrics] Accuracy(layer_2 - estimator_0 - 12_folds.train_4.predict)=63.64%
[ 2020-05-25 10:44:26,725][kfold_wrapper.log_eval_metrics] Accuracy(layer_2 - estimator_0 - 12_folds.train_5.predict)=72.73%
[ 2020-05-25 10:44:27,116][kfold_wrapper.log_eval_metrics] Accuracy(layer_2 - estimator_0 - 12_folds.train_6.predict)=60.00%
[ 2020-05-25 10:44:27,506][kfold_wrapper.log_eval_metrics] Accuracy(layer_2 - estimator_0 - 12_folds.train_7.predict)=70.00%
[ 2020-05-25 10:44:27,897][kfold_wrapper.log_eval_metrics] Accuracy(layer_2 - estimator_0 - 12_folds.train_8.predict)=60.00%
[ 2020-05-25 10:44:28,288][kfold_wrapper.log_eval_metrics] Accuracy(layer_2 - estimator_0 - 12_folds.train_9.predict)=60.00%
[ 2020-05-25 10:44:28,678][kfold_wrapper.log_eval_metrics] Accuracy(layer_2 - estimator_0 - 12_folds.train_10.predict)=70.00%
[ 2020-05-25 10:44:29,056][kfold_wrapper.log_eval_metrics] Accuracy(layer_2 - estimator_0 - 12_folds.train_11.predict)=70.00%
[ 2020-05-25 10:44:29,181][kfold_wrapper.log_eval_metrics] Accuracy(layer_2 - estimator_0 - 12_folds.train_cv.predict)=69.05%
[ 2020-05-25 10:44:29,181][kfold_wrapper.log_eval_metrics] Accuracy(layer_2 - estimator_0 - 12_folds.test.predict)=70.24%
[ 2020-05-25 10:44:29,447][kfold_wrapper.log_eval_metrics] Accuracy(layer_2 - estimator_1 - 12_folds.train_0.predict)=45.45%
[ 2020-05-25 10:44:29,837][kfold_wrapper.log_eval_metrics] Accuracy(layer_2 - estimator_1 - 12_folds.train_1.predict)=81.82%
[ 2020-05-25 10:44:30,228][kfold_wrapper.log_eval_metrics] Accuracy(layer_2 - estimator_1 - 12_folds.train_2.predict)=63.64%
[ 2020-05-25 10:44:30,618][kfold_wrapper.log_eval_metrics] Accuracy(layer_2 - estimator_1 - 12_folds.train_3.predict)=72.73%
[ 2020-05-25 10:44:30,993][kfold_wrapper.log_eval_metrics] Accuracy(layer_2 - estimator_1 - 12_folds.train_4.predict)=72.73%
[ 2020-05-25 10:44:31,384][kfold_wrapper.log_eval_metrics] Accuracy(layer_2 - estimator_1 - 12_folds.train_5.predict)=63.64%
[ 2020-05-25 10:44:31,774][kfold_wrapper.log_eval_metrics] Accuracy(layer_2 - estimator_1 - 12_folds.train_6.predict)=70.00%
[ 2020-05-25 10:44:32,165][kfold_wrapper.log_eval_metrics] Accuracy(layer_2 - estimator_1 - 12_folds.train_7.predict)=80.00%
[ 2020-05-25 10:44:32,555][kfold_wrapper.log_eval_metrics] Accuracy(layer_2 - estimator_1 - 12_folds.train_8.predict)=70.00%
[ 2020-05-25 10:44:32,946][kfold_wrapper.log_eval_metrics] Accuracy(layer_2 - estimator_1 - 12_folds.train_9.predict)=70.00%
[ 2020-05-25 10:44:33,336][kfold_wrapper.log_eval_metrics] Accuracy(layer_2 - estimator_1 - 12_folds.train_10.predict)=60.00%
[ 2020-05-25 10:44:33,727][kfold_wrapper.log_eval_metrics] Accuracy(layer_2 - estimator_1 - 12_folds.train_11.predict)=80.00%
[ 2020-05-25 10:44:33,852][kfold_wrapper.log_eval_metrics] Accuracy(layer_2 - estimator_1 - 12_folds.train_cv.predict)=69.05%
[ 2020-05-25 10:44:33,852][kfold_wrapper.log_eval_metrics] Accuracy(layer_2 - estimator_1 - 12_folds.test.predict)=70.24%
[ 2020-05-25 10:44:33,867][kfold_wrapper.log_eval_metrics] Accuracy(layer_2 - estimator_2 - 12_folds.train_0.predict)=81.82%
[ 2020-05-25 10:44:33,899][kfold_wrapper.log_eval_metrics] Accuracy(layer_2 - estimator_2 - 12_folds.train_1.predict)=63.64%
[ 2020-05-25 10:44:33,899][kfold_wrapper.log_eval_metrics] Accuracy(layer_2 - estimator_2 - 12_folds.train_2.predict)=72.73%
[ 2020-05-25 10:44:33,914][kfold_wrapper.log_eval_metrics] Accuracy(layer_2 - estimator_2 - 12_folds.train_3.predict)=72.73%
[ 2020-05-25 10:44:33,914][kfold_wrapper.log_eval_metrics] Accuracy(layer_2 - estimator_2 - 12_folds.train_4.predict)=72.73%
[ 2020-05-25 10:44:33,930][kfold_wrapper.log_eval_metrics] Accuracy(layer_2 - estimator_2 - 12_folds.train_5.predict)=63.64%
[ 2020-05-25 10:44:33,930][kfold_wrapper.log_eval_metrics] Accuracy(layer_2 - estimator_2 - 12_folds.train_6.predict)=60.00%
[ 2020-05-25 10:44:33,945][kfold_wrapper.log_eval_metrics] Accuracy(layer_2 - estimator_2 - 12_folds.train_7.predict)=60.00%
[ 2020-05-25 10:44:33,961][kfold_wrapper.log_eval_metrics] Accuracy(layer_2 - estimator_2 - 12_folds.train_8.predict)=70.00%
[ 2020-05-25 10:44:33,961][kfold_wrapper.log_eval_metrics] Accuracy(layer_2 - estimator_2 - 12_folds.train_9.predict)=70.00%
[ 2020-05-25 10:44:33,961][kfold_wrapper.log_eval_metrics] Accuracy(layer_2 - estimator_2 - 12_folds.train_10.predict)=90.00%
[ 2020-05-25 10:44:33,977][kfold_wrapper.log_eval_metrics] Accuracy(layer_2 - estimator_2 - 12_folds.train_11.predict)=80.00%
[ 2020-05-25 10:44:33,977][kfold_wrapper.log_eval_metrics] Accuracy(layer_2 - estimator_2 - 12_folds.train_cv.predict)=71.43%
[ 2020-05-25 10:44:33,977][kfold_wrapper.log_eval_metrics] Accuracy(layer_2 - estimator_2 - 12_folds.test.predict)=70.24%
[ 2020-05-25 10:44:33,977][cascade_classifier.calc_accuracy] Accuracy(layer_2 - train.classifier_average)=72.22%
[ 2020-05-25 10:44:33,994][cascade_classifier.calc_accuracy] Accuracy(layer_2 - test.classifier_average)=70.24%
[ 2020-05-25 10:44:33,994][cascade_classifier.fit_transform] [layer=3] look_indexs=[0], X_cur_train.shape=(126, 19), X_cur_test.shape=(84, 19)
[ 2020-05-25 10:44:34,228][kfold_wrapper.log_eval_metrics] Accuracy(layer_3 - estimator_0 - 12_folds.train_0.predict)=72.73%
[ 2020-05-25 10:44:34,619][kfold_wrapper.log_eval_metrics] Accuracy(layer_3 - estimator_0 - 12_folds.train_1.predict)=63.64%
[ 2020-05-25 10:44:35,009][kfold_wrapper.log_eval_metrics] Accuracy(layer_3 - estimator_0 - 12_folds.train_2.predict)=72.73%
[ 2020-05-25 10:44:35,400][kfold_wrapper.log_eval_metrics] Accuracy(layer_3 - estimator_0 - 12_folds.train_3.predict)=72.73%
[ 2020-05-25 10:44:35,790][kfold_wrapper.log_eval_metrics] Accuracy(layer_3 - estimator_0 - 12_folds.train_4.predict)=72.73%
[ 2020-05-25 10:44:36,165][kfold_wrapper.log_eval_metrics] Accuracy(layer_3 - estimator_0 - 12_folds.train_5.predict)=72.73%
[ 2020-05-25 10:44:36,556][kfold_wrapper.log_eval_metrics] Accuracy(layer_3 - estimator_0 - 12_folds.train_6.predict)=70.00%
[ 2020-05-25 10:44:36,946][kfold_wrapper.log_eval_metrics] Accuracy(layer_3 - estimator_0 - 12_folds.train_7.predict)=70.00%
[ 2020-05-25 10:44:37,337][kfold_wrapper.log_eval_metrics] Accuracy(layer_3 - estimator_0 - 12_folds.train_8.predict)=80.00%
[ 2020-05-25 10:44:37,727][kfold_wrapper.log_eval_metrics] Accuracy(layer_3 - estimator_0 - 12_folds.train_9.predict)=70.00%
[ 2020-05-25 10:44:38,118][kfold_wrapper.log_eval_metrics] Accuracy(layer_3 - estimator_0 - 12_folds.train_10.predict)=60.00%
[ 2020-05-25 10:44:38,508][kfold_wrapper.log_eval_metrics] Accuracy(layer_3 - estimator_0 - 12_folds.train_11.predict)=50.00%
[ 2020-05-25 10:44:38,633][kfold_wrapper.log_eval_metrics] Accuracy(layer_3 - estimator_0 - 12_folds.train_cv.predict)=69.05%
[ 2020-05-25 10:44:38,633][kfold_wrapper.log_eval_metrics] Accuracy(layer_3 - estimator_0 - 12_folds.test.predict)=70.24%
[ 2020-05-25 10:44:38,915][kfold_wrapper.log_eval_metrics] Accuracy(layer_3 - estimator_1 - 12_folds.train_0.predict)=54.55%
[ 2020-05-25 10:44:39,307][kfold_wrapper.log_eval_metrics] Accuracy(layer_3 - estimator_1 - 12_folds.train_1.predict)=63.64%
[ 2020-05-25 10:44:39,698][kfold_wrapper.log_eval_metrics] Accuracy(layer_3 - estimator_1 - 12_folds.train_2.predict)=63.64%
[ 2020-05-25 10:44:40,088][kfold_wrapper.log_eval_metrics] Accuracy(layer_3 - estimator_1 - 12_folds.train_3.predict)=72.73%
[ 2020-05-25 10:44:40,479][kfold_wrapper.log_eval_metrics] Accuracy(layer_3 - estimator_1 - 12_folds.train_4.predict)=63.64%
[ 2020-05-25 10:44:40,869][kfold_wrapper.log_eval_metrics] Accuracy(layer_3 - estimator_1 - 12_folds.train_5.predict)=72.73%
[ 2020-05-25 10:44:41,260][kfold_wrapper.log_eval_metrics] Accuracy(layer_3 - estimator_1 - 12_folds.train_6.predict)=50.00%
[ 2020-05-25 10:44:41,635][kfold_wrapper.log_eval_metrics] Accuracy(layer_3 - estimator_1 - 12_folds.train_7.predict)=80.00%
[ 2020-05-25 10:44:42,025][kfold_wrapper.log_eval_metrics] Accuracy(layer_3 - estimator_1 - 12_folds.train_8.predict)=50.00%
[ 2020-05-25 10:44:42,416][kfold_wrapper.log_eval_metrics] Accuracy(layer_3 - estimator_1 - 12_folds.train_9.predict)=70.00%
[ 2020-05-25 10:44:42,806][kfold_wrapper.log_eval_metrics] Accuracy(layer_3 - estimator_1 - 12_folds.train_10.predict)=90.00%
[ 2020-05-25 10:44:43,197][kfold_wrapper.log_eval_metrics] Accuracy(layer_3 - estimator_1 - 12_folds.train_11.predict)=80.00%
[ 2020-05-25 10:44:43,322][kfold_wrapper.log_eval_metrics] Accuracy(layer_3 - estimator_1 - 12_folds.train_cv.predict)=67.46%
[ 2020-05-25 10:44:43,322][kfold_wrapper.log_eval_metrics] Accuracy(layer_3 - estimator_1 - 12_folds.test.predict)=70.24%
[ 2020-05-25 10:44:43,337][kfold_wrapper.log_eval_metrics] Accuracy(layer_3 - estimator_2 - 12_folds.train_0.predict)=72.73%
[ 2020-05-25 10:44:43,369][kfold_wrapper.log_eval_metrics] Accuracy(layer_3 - estimator_2 - 12_folds.train_1.predict)=72.73%
[ 2020-05-25 10:44:43,369][kfold_wrapper.log_eval_metrics] Accuracy(layer_3 - estimator_2 - 12_folds.train_2.predict)=63.64%
[ 2020-05-25 10:44:43,400][kfold_wrapper.log_eval_metrics] Accuracy(layer_3 - estimator_2 - 12_folds.train_3.predict)=72.73%
[ 2020-05-25 10:44:43,416][kfold_wrapper.log_eval_metrics] Accuracy(layer_3 - estimator_2 - 12_folds.train_4.predict)=72.73%
[ 2020-05-25 10:44:43,431][kfold_wrapper.log_eval_metrics] Accuracy(layer_3 - estimator_2 - 12_folds.train_5.predict)=63.64%
[ 2020-05-25 10:44:43,447][kfold_wrapper.log_eval_metrics] Accuracy(layer_3 - estimator_2 - 12_folds.train_6.predict)=70.00%
[ 2020-05-25 10:44:43,447][kfold_wrapper.log_eval_metrics] Accuracy(layer_3 - estimator_2 - 12_folds.train_7.predict)=70.00%
[ 2020-05-25 10:44:43,462][kfold_wrapper.log_eval_metrics] Accuracy(layer_3 - estimator_2 - 12_folds.train_8.predict)=70.00%
[ 2020-05-25 10:44:43,462][kfold_wrapper.log_eval_metrics] Accuracy(layer_3 - estimator_2 - 12_folds.train_9.predict)=70.00%
[ 2020-05-25 10:44:43,478][kfold_wrapper.log_eval_metrics] Accuracy(layer_3 - estimator_2 - 12_folds.train_10.predict)=70.00%
[ 2020-05-25 10:44:43,494][kfold_wrapper.log_eval_metrics] Accuracy(layer_3 - estimator_2 - 12_folds.train_11.predict)=80.00%
[ 2020-05-25 10:44:43,509][kfold_wrapper.log_eval_metrics] Accuracy(layer_3 - estimator_2 - 12_folds.train_cv.predict)=70.63%
[ 2020-05-25 10:44:43,509][kfold_wrapper.log_eval_metrics] Accuracy(layer_3 - estimator_2 - 12_folds.test.predict)=70.24%
[ 2020-05-25 10:44:43,509][cascade_classifier.calc_accuracy] Accuracy(layer_3 - train.classifier_average)=69.84%
[ 2020-05-25 10:44:43,509][cascade_classifier.calc_accuracy] Accuracy(layer_3 - test.classifier_average)=70.24%
[ 2020-05-25 10:44:43,509][cascade_classifier.fit_transform] [layer=4] look_indexs=[0], X_cur_train.shape=(126, 19), X_cur_test.shape=(84, 19)
[ 2020-05-25 10:44:43,759][kfold_wrapper.log_eval_metrics] Accuracy(layer_4 - estimator_0 - 12_folds.train_0.predict)=81.82%
[ 2020-05-25 10:44:44,150][kfold_wrapper.log_eval_metrics] Accuracy(layer_4 - estimator_0 - 12_folds.train_1.predict)=81.82%
[ 2020-05-25 10:44:44,540][kfold_wrapper.log_eval_metrics] Accuracy(layer_4 - estimator_0 - 12_folds.train_2.predict)=72.73%
[ 2020-05-25 10:44:44,931][kfold_wrapper.log_eval_metrics] Accuracy(layer_4 - estimator_0 - 12_folds.train_3.predict)=81.82%
[ 2020-05-25 10:44:45,321][kfold_wrapper.log_eval_metrics] Accuracy(layer_4 - estimator_0 - 12_folds.train_4.predict)=72.73%
[ 2020-05-25 10:44:45,712][kfold_wrapper.log_eval_metrics] Accuracy(layer_4 - estimator_0 - 12_folds.train_5.predict)=63.64%
[ 2020-05-25 10:44:46,102][kfold_wrapper.log_eval_metrics] Accuracy(layer_4 - estimator_0 - 12_folds.train_6.predict)=60.00%
[ 2020-05-25 10:44:46,493][kfold_wrapper.log_eval_metrics] Accuracy(layer_4 - estimator_0 - 12_folds.train_7.predict)=60.00%
[ 2020-05-25 10:44:46,868][kfold_wrapper.log_eval_metrics] Accuracy(layer_4 - estimator_0 - 12_folds.train_8.predict)=70.00%
[ 2020-05-25 10:44:47,258][kfold_wrapper.log_eval_metrics] Accuracy(layer_4 - estimator_0 - 12_folds.train_9.predict)=70.00%
[ 2020-05-25 10:44:47,649][kfold_wrapper.log_eval_metrics] Accuracy(layer_4 - estimator_0 - 12_folds.train_10.predict)=80.00%
[ 2020-05-25 10:44:48,040][kfold_wrapper.log_eval_metrics] Accuracy(layer_4 - estimator_0 - 12_folds.train_11.predict)=80.00%
[ 2020-05-25 10:44:48,164][kfold_wrapper.log_eval_metrics] Accuracy(layer_4 - estimator_0 - 12_folds.train_cv.predict)=73.02%
[ 2020-05-25 10:44:48,164][kfold_wrapper.log_eval_metrics] Accuracy(layer_4 - estimator_0 - 12_folds.test.predict)=70.24%
[ 2020-05-25 10:44:48,446][kfold_wrapper.log_eval_metrics] Accuracy(layer_4 - estimator_1 - 12_folds.train_0.predict)=63.64%
[ 2020-05-25 10:44:48,836][kfold_wrapper.log_eval_metrics] Accuracy(layer_4 - estimator_1 - 12_folds.train_1.predict)=72.73%
[ 2020-05-25 10:44:49,207][kfold_wrapper.log_eval_metrics] Accuracy(layer_4 - estimator_1 - 12_folds.train_2.predict)=63.64%
[ 2020-05-25 10:44:49,597][kfold_wrapper.log_eval_metrics] Accuracy(layer_4 - estimator_1 - 12_folds.train_3.predict)=72.73%
[ 2020-05-25 10:44:49,988][kfold_wrapper.log_eval_metrics] Accuracy(layer_4 - estimator_1 - 12_folds.train_4.predict)=54.55%
[ 2020-05-25 10:44:50,378][kfold_wrapper.log_eval_metrics] Accuracy(layer_4 - estimator_1 - 12_folds.train_5.predict)=72.73%
[ 2020-05-25 10:44:50,769][kfold_wrapper.log_eval_metrics] Accuracy(layer_4 - estimator_1 - 12_folds.train_6.predict)=70.00%
[ 2020-05-25 10:44:51,159][kfold_wrapper.log_eval_metrics] Accuracy(layer_4 - estimator_1 - 12_folds.train_7.predict)=50.00%
[ 2020-05-25 10:44:51,550][kfold_wrapper.log_eval_metrics] Accuracy(layer_4 - estimator_1 - 12_folds.train_8.predict)=70.00%
[ 2020-05-25 10:44:51,940][kfold_wrapper.log_eval_metrics] Accuracy(layer_4 - estimator_1 - 12_folds.train_9.predict)=60.00%
[ 2020-05-25 10:44:52,298][kfold_wrapper.log_eval_metrics] Accuracy(layer_4 - estimator_1 - 12_folds.train_10.predict)=90.00%
[ 2020-05-25 10:44:52,673][kfold_wrapper.log_eval_metrics] Accuracy(layer_4 - estimator_1 - 12_folds.train_11.predict)=70.00%
[ 2020-05-25 10:44:52,789][kfold_wrapper.log_eval_metrics] Accuracy(layer_4 - estimator_1 - 12_folds.train_cv.predict)=67.46%
[ 2020-05-25 10:44:52,792][kfold_wrapper.log_eval_metrics] Accuracy(layer_4 - estimator_1 - 12_folds.test.predict)=70.24%
[ 2020-05-25 10:44:52,819][kfold_wrapper.log_eval_metrics] Accuracy(layer_4 - estimator_2 - 12_folds.train_0.predict)=81.82%
[ 2020-05-25 10:44:52,838][kfold_wrapper.log_eval_metrics] Accuracy(layer_4 - estimator_2 - 12_folds.train_1.predict)=72.73%
[ 2020-05-25 10:44:52,850][kfold_wrapper.log_eval_metrics] Accuracy(layer_4 - estimator_2 - 12_folds.train_2.predict)=72.73%
[ 2020-05-25 10:44:52,862][kfold_wrapper.log_eval_metrics] Accuracy(layer_4 - estimator_2 - 12_folds.train_3.predict)=72.73%
[ 2020-05-25 10:44:52,883][kfold_wrapper.log_eval_metrics] Accuracy(layer_4 - estimator_2 - 12_folds.train_4.predict)=72.73%
[ 2020-05-25 10:44:52,904][kfold_wrapper.log_eval_metrics] Accuracy(layer_4 - estimator_2 - 12_folds.train_5.predict)=72.73%
[ 2020-05-25 10:44:52,923][kfold_wrapper.log_eval_metrics] Accuracy(layer_4 - estimator_2 - 12_folds.train_6.predict)=70.00%
[ 2020-05-25 10:44:52,940][kfold_wrapper.log_eval_metrics] Accuracy(layer_4 - estimator_2 - 12_folds.train_7.predict)=70.00%
[ 2020-05-25 10:44:52,956][kfold_wrapper.log_eval_metrics] Accuracy(layer_4 - estimator_2 - 12_folds.train_8.predict)=70.00%
[ 2020-05-25 10:44:52,976][kfold_wrapper.log_eval_metrics] Accuracy(layer_4 - estimator_2 - 12_folds.train_9.predict)=70.00%
[ 2020-05-25 10:44:52,994][kfold_wrapper.log_eval_metrics] Accuracy(layer_4 - estimator_2 - 12_folds.train_10.predict)=70.00%
[ 2020-05-25 10:44:53,011][kfold_wrapper.log_eval_metrics] Accuracy(layer_4 - estimator_2 - 12_folds.train_11.predict)=80.00%
[ 2020-05-25 10:44:53,014][kfold_wrapper.log_eval_metrics] Accuracy(layer_4 - estimator_2 - 12_folds.train_cv.predict)=73.02%
[ 2020-05-25 10:44:53,017][kfold_wrapper.log_eval_metrics] Accuracy(layer_4 - estimator_2 - 12_folds.test.predict)=70.24%
[ 2020-05-25 10:44:53,021][cascade_classifier.calc_accuracy] Accuracy(layer_4 - train.classifier_average)=73.81%
[ 2020-05-25 10:44:53,023][cascade_classifier.calc_accuracy] Accuracy(layer_4 - test.classifier_average)=70.24%
[ 2020-05-25 10:44:53,028][cascade_classifier.fit_transform] [layer=5] look_indexs=[0], X_cur_train.shape=(126, 19), X_cur_test.shape=(84, 19)
[ 2020-05-25 10:44:53,283][kfold_wrapper.log_eval_metrics] Accuracy(layer_5 - estimator_0 - 12_folds.train_0.predict)=63.64%
[ 2020-05-25 10:44:53,674][kfold_wrapper.log_eval_metrics] Accuracy(layer_5 - estimator_0 - 12_folds.train_1.predict)=54.55%
[ 2020-05-25 10:44:54,065][kfold_wrapper.log_eval_metrics] Accuracy(layer_5 - estimator_0 - 12_folds.train_2.predict)=63.64%
[ 2020-05-25 10:44:54,455][kfold_wrapper.log_eval_metrics] Accuracy(layer_5 - estimator_0 - 12_folds.train_3.predict)=63.64%
[ 2020-05-25 10:44:54,846][kfold_wrapper.log_eval_metrics] Accuracy(layer_5 - estimator_0 - 12_folds.train_4.predict)=63.64%
[ 2020-05-25 10:44:55,236][kfold_wrapper.log_eval_metrics] Accuracy(layer_5 - estimator_0 - 12_folds.train_5.predict)=63.64%
[ 2020-05-25 10:44:55,627][kfold_wrapper.log_eval_metrics] Accuracy(layer_5 - estimator_0 - 12_folds.train_6.predict)=60.00%
[ 2020-05-25 10:44:56,017][kfold_wrapper.log_eval_metrics] Accuracy(layer_5 - estimator_0 - 12_folds.train_7.predict)=70.00%
[ 2020-05-25 10:44:56,399][kfold_wrapper.log_eval_metrics] Accuracy(layer_5 - estimator_0 - 12_folds.train_8.predict)=70.00%
[ 2020-05-25 10:44:56,790][kfold_wrapper.log_eval_metrics] Accuracy(layer_5 - estimator_0 - 12_folds.train_9.predict)=50.00%
[ 2020-05-25 10:44:57,164][kfold_wrapper.log_eval_metrics] Accuracy(layer_5 - estimator_0 - 12_folds.train_10.predict)=90.00%
[ 2020-05-25 10:44:57,524][kfold_wrapper.log_eval_metrics] Accuracy(layer_5 - estimator_0 - 12_folds.train_11.predict)=60.00%
[ 2020-05-25 10:44:57,649][kfold_wrapper.log_eval_metrics] Accuracy(layer_5 - estimator_0 - 12_folds.train_cv.predict)=64.29%
[ 2020-05-25 10:44:57,649][kfold_wrapper.log_eval_metrics] Accuracy(layer_5 - estimator_0 - 12_folds.test.predict)=70.24%
[ 2020-05-25 10:44:57,930][kfold_wrapper.log_eval_metrics] Accuracy(layer_5 - estimator_1 - 12_folds.train_0.predict)=45.45%
[ 2020-05-25 10:44:58,320][kfold_wrapper.log_eval_metrics] Accuracy(layer_5 - estimator_1 - 12_folds.train_1.predict)=81.82%
[ 2020-05-25 10:44:58,711][kfold_wrapper.log_eval_metrics] Accuracy(layer_5 - estimator_1 - 12_folds.train_2.predict)=81.82%
[ 2020-05-25 10:44:59,102][kfold_wrapper.log_eval_metrics] Accuracy(layer_5 - estimator_1 - 12_folds.train_3.predict)=45.45%
[ 2020-05-25 10:44:59,492][kfold_wrapper.log_eval_metrics] Accuracy(layer_5 - estimator_1 - 12_folds.train_4.predict)=54.55%
[ 2020-05-25 10:44:59,883][kfold_wrapper.log_eval_metrics] Accuracy(layer_5 - estimator_1 - 12_folds.train_5.predict)=63.64%
[ 2020-05-25 10:45:00,273][kfold_wrapper.log_eval_metrics] Accuracy(layer_5 - estimator_1 - 12_folds.train_6.predict)=80.00%
[ 2020-05-25 10:45:00,664][kfold_wrapper.log_eval_metrics] Accuracy(layer_5 - estimator_1 - 12_folds.train_7.predict)=70.00%
[ 2020-05-25 10:45:01,054][kfold_wrapper.log_eval_metrics] Accuracy(layer_5 - estimator_1 - 12_folds.train_8.predict)=70.00%
[ 2020-05-25 10:45:01,445][kfold_wrapper.log_eval_metrics] Accuracy(layer_5 - estimator_1 - 12_folds.train_9.predict)=90.00%
[ 2020-05-25 10:45:01,835][kfold_wrapper.log_eval_metrics] Accuracy(layer_5 - estimator_1 - 12_folds.train_10.predict)=60.00%
[ 2020-05-25 10:45:02,226][kfold_wrapper.log_eval_metrics] Accuracy(layer_5 - estimator_1 - 12_folds.train_11.predict)=80.00%
[ 2020-05-25 10:45:02,351][kfold_wrapper.log_eval_metrics] Accuracy(layer_5 - estimator_1 - 12_folds.train_cv.predict)=68.25%
[ 2020-05-25 10:45:02,351][kfold_wrapper.log_eval_metrics] Accuracy(layer_5 - estimator_1 - 12_folds.test.predict)=70.24%
[ 2020-05-25 10:45:02,366][kfold_wrapper.log_eval_metrics] Accuracy(layer_5 - estimator_2 - 12_folds.train_0.predict)=72.73%
[ 2020-05-25 10:45:02,398][kfold_wrapper.log_eval_metrics] Accuracy(layer_5 - estimator_2 - 12_folds.train_1.predict)=72.73%
[ 2020-05-25 10:45:02,413][kfold_wrapper.log_eval_metrics] Accuracy(layer_5 - estimator_2 - 12_folds.train_2.predict)=72.73%
[ 2020-05-25 10:45:02,429][kfold_wrapper.log_eval_metrics] Accuracy(layer_5 - estimator_2 - 12_folds.train_3.predict)=63.64%
[ 2020-05-25 10:45:02,444][kfold_wrapper.log_eval_metrics] Accuracy(layer_5 - estimator_2 - 12_folds.train_4.predict)=72.73%
[ 2020-05-25 10:45:02,476][kfold_wrapper.log_eval_metrics] Accuracy(layer_5 - estimator_2 - 12_folds.train_5.predict)=54.55%
[ 2020-05-25 10:45:02,491][kfold_wrapper.log_eval_metrics] Accuracy(layer_5 - estimator_2 - 12_folds.train_6.predict)=80.00%
[ 2020-05-25 10:45:02,507][kfold_wrapper.log_eval_metrics] Accuracy(layer_5 - estimator_2 - 12_folds.train_7.predict)=70.00%
[ 2020-05-25 10:45:02,523][kfold_wrapper.log_eval_metrics] Accuracy(layer_5 - estimator_2 - 12_folds.train_8.predict)=60.00%
[ 2020-05-25 10:45:02,554][kfold_wrapper.log_eval_metrics] Accuracy(layer_5 - estimator_2 - 12_folds.train_9.predict)=80.00%
[ 2020-05-25 10:45:02,569][kfold_wrapper.log_eval_metrics] Accuracy(layer_5 - estimator_2 - 12_folds.train_10.predict)=90.00%
[ 2020-05-25 10:45:02,585][kfold_wrapper.log_eval_metrics] Accuracy(layer_5 - estimator_2 - 12_folds.train_11.predict)=80.00%
[ 2020-05-25 10:45:02,585][kfold_wrapper.log_eval_metrics] Accuracy(layer_5 - estimator_2 - 12_folds.train_cv.predict)=72.22%
[ 2020-05-25 10:45:02,585][kfold_wrapper.log_eval_metrics] Accuracy(layer_5 - estimator_2 - 12_folds.test.predict)=70.24%
[ 2020-05-25 10:45:02,585][cascade_classifier.calc_accuracy] Accuracy(layer_5 - train.classifier_average)=70.63%
[ 2020-05-25 10:45:02,585][cascade_classifier.calc_accuracy] Accuracy(layer_5 - test.classifier_average)=70.24%
[ 2020-05-25 10:45:02,585][cascade_classifier.fit_transform] [Result][Optimal Level Detected] opt_layer_num=2, accuracy_train=73.81%, accuracy_test=70.24%
[ 2020-05-25 10:45:02,616][cascade_classifier.transform] X_groups_test.shape=[(323, 13)]
[ 2020-05-25 10:45:02,616][cascade_classifier.transform] group_dims=[13]
[ 2020-05-25 10:45:02,616][cascade_classifier.transform] X_test.shape=(323, 13)
[ 2020-05-25 10:45:02,632][cascade_classifier.transform] [layer=0] look_indexs=[0], X_cur_test.shape=(323, 13)
[ 2020-05-25 10:45:05,444][cascade_classifier.transform] [layer=1] look_indexs=[0], X_cur_test.shape=(323, 19)
[ 2020-05-25 10:52:47,751][cascade_classifier.fit_transform] X_groups_train.shape=[(145, 5)],y_train.shape=(145,),X_groups_test.shape=[(98, 5)],y_test.shape=(98,)
[ 2020-05-25 10:52:47,751][cascade_classifier.fit_transform] group_dims=[5]
[ 2020-05-25 10:52:47,751][cascade_classifier.fit_transform] group_starts=[0]
[ 2020-05-25 10:52:47,751][cascade_classifier.fit_transform] group_ends=[5]
[ 2020-05-25 10:52:47,767][cascade_classifier.fit_transform] X_train.shape=(145, 5),X_test.shape=(98, 5)
[ 2020-05-25 10:52:47,767][cascade_classifier.fit_transform] [layer=0] look_indexs=[0], X_cur_train.shape=(145, 5), X_cur_test.shape=(98, 5)
[ 2020-05-25 10:52:48,048][kfold_wrapper.log_eval_metrics] Accuracy(layer_0 - estimator_0 - 12_folds.train_0.predict)=76.92%
[ 2020-05-25 10:52:48,412][kfold_wrapper.log_eval_metrics] Accuracy(layer_0 - estimator_0 - 12_folds.train_1.predict)=50.00%
[ 2020-05-25 10:52:48,768][kfold_wrapper.log_eval_metrics] Accuracy(layer_0 - estimator_0 - 12_folds.train_2.predict)=66.67%
[ 2020-05-25 10:52:49,146][kfold_wrapper.log_eval_metrics] Accuracy(layer_0 - estimator_0 - 12_folds.train_3.predict)=75.00%
[ 2020-05-25 10:52:49,509][kfold_wrapper.log_eval_metrics] Accuracy(layer_0 - estimator_0 - 12_folds.train_4.predict)=66.67%
[ 2020-05-25 10:52:49,895][kfold_wrapper.log_eval_metrics] Accuracy(layer_0 - estimator_0 - 12_folds.train_5.predict)=58.33%
[ 2020-05-25 10:52:50,264][kfold_wrapper.log_eval_metrics] Accuracy(layer_0 - estimator_0 - 12_folds.train_6.predict)=75.00%
[ 2020-05-25 10:52:50,631][kfold_wrapper.log_eval_metrics] Accuracy(layer_0 - estimator_0 - 12_folds.train_7.predict)=50.00%
[ 2020-05-25 10:52:51,022][kfold_wrapper.log_eval_metrics] Accuracy(layer_0 - estimator_0 - 12_folds.train_8.predict)=66.67%
[ 2020-05-25 10:52:51,386][kfold_wrapper.log_eval_metrics] Accuracy(layer_0 - estimator_0 - 12_folds.train_9.predict)=66.67%
[ 2020-05-25 10:52:51,773][kfold_wrapper.log_eval_metrics] Accuracy(layer_0 - estimator_0 - 12_folds.train_10.predict)=66.67%
[ 2020-05-25 10:52:52,136][kfold_wrapper.log_eval_metrics] Accuracy(layer_0 - estimator_0 - 12_folds.train_11.predict)=58.33%
[ 2020-05-25 10:52:52,252][kfold_wrapper.log_eval_metrics] Accuracy(layer_0 - estimator_0 - 12_folds.train_cv.predict)=64.83%
[ 2020-05-25 10:52:52,254][kfold_wrapper.log_eval_metrics] Accuracy(layer_0 - estimator_0 - 12_folds.test.predict)=34.69%
[ 2020-05-25 10:52:52,511][kfold_wrapper.log_eval_metrics] Accuracy(layer_0 - estimator_1 - 12_folds.train_0.predict)=38.46%
[ 2020-05-25 10:52:52,900][kfold_wrapper.log_eval_metrics] Accuracy(layer_0 - estimator_1 - 12_folds.train_1.predict)=66.67%
[ 2020-05-25 10:52:53,274][kfold_wrapper.log_eval_metrics] Accuracy(layer_0 - estimator_1 - 12_folds.train_2.predict)=50.00%
[ 2020-05-25 10:52:53,637][kfold_wrapper.log_eval_metrics] Accuracy(layer_0 - estimator_1 - 12_folds.train_3.predict)=66.67%
[ 2020-05-25 10:52:54,012][kfold_wrapper.log_eval_metrics] Accuracy(layer_0 - estimator_1 - 12_folds.train_4.predict)=83.33%
[ 2020-05-25 10:52:54,368][kfold_wrapper.log_eval_metrics] Accuracy(layer_0 - estimator_1 - 12_folds.train_5.predict)=58.33%
[ 2020-05-25 10:52:54,748][kfold_wrapper.log_eval_metrics] Accuracy(layer_0 - estimator_1 - 12_folds.train_6.predict)=50.00%
[ 2020-05-25 10:52:55,126][kfold_wrapper.log_eval_metrics] Accuracy(layer_0 - estimator_1 - 12_folds.train_7.predict)=83.33%
[ 2020-05-25 10:52:55,487][kfold_wrapper.log_eval_metrics] Accuracy(layer_0 - estimator_1 - 12_folds.train_8.predict)=66.67%
[ 2020-05-25 10:52:55,849][kfold_wrapper.log_eval_metrics] Accuracy(layer_0 - estimator_1 - 12_folds.train_9.predict)=41.67%
[ 2020-05-25 10:52:56,223][kfold_wrapper.log_eval_metrics] Accuracy(layer_0 - estimator_1 - 12_folds.train_10.predict)=50.00%
[ 2020-05-25 10:52:56,585][kfold_wrapper.log_eval_metrics] Accuracy(layer_0 - estimator_1 - 12_folds.train_11.predict)=41.67%
[ 2020-05-25 10:52:56,704][kfold_wrapper.log_eval_metrics] Accuracy(layer_0 - estimator_1 - 12_folds.train_cv.predict)=57.93%
[ 2020-05-25 10:52:56,704][kfold_wrapper.log_eval_metrics] Accuracy(layer_0 - estimator_1 - 12_folds.test.predict)=34.69%
[ 2020-05-25 10:52:56,719][kfold_wrapper.log_eval_metrics] Accuracy(layer_0 - estimator_2 - 12_folds.train_0.predict)=69.23%
[ 2020-05-25 10:52:56,735][kfold_wrapper.log_eval_metrics] Accuracy(layer_0 - estimator_2 - 12_folds.train_1.predict)=66.67%
[ 2020-05-25 10:52:56,735][kfold_wrapper.log_eval_metrics] Accuracy(layer_0 - estimator_2 - 12_folds.train_2.predict)=66.67%
[ 2020-05-25 10:52:56,751][kfold_wrapper.log_eval_metrics] Accuracy(layer_0 - estimator_2 - 12_folds.train_3.predict)=75.00%
[ 2020-05-25 10:52:56,766][kfold_wrapper.log_eval_metrics] Accuracy(layer_0 - estimator_2 - 12_folds.train_4.predict)=75.00%
[ 2020-05-25 10:52:56,782][kfold_wrapper.log_eval_metrics] Accuracy(layer_0 - estimator_2 - 12_folds.train_5.predict)=75.00%
[ 2020-05-25 10:52:56,798][kfold_wrapper.log_eval_metrics] Accuracy(layer_0 - estimator_2 - 12_folds.train_6.predict)=75.00%
[ 2020-05-25 10:52:56,813][kfold_wrapper.log_eval_metrics] Accuracy(layer_0 - estimator_2 - 12_folds.train_7.predict)=75.00%
[ 2020-05-25 10:52:56,813][kfold_wrapper.log_eval_metrics] Accuracy(layer_0 - estimator_2 - 12_folds.train_8.predict)=75.00%
[ 2020-05-25 10:52:56,829][kfold_wrapper.log_eval_metrics] Accuracy(layer_0 - estimator_2 - 12_folds.train_9.predict)=75.00%
[ 2020-05-25 10:52:56,844][kfold_wrapper.log_eval_metrics] Accuracy(layer_0 - estimator_2 - 12_folds.train_10.predict)=75.00%
[ 2020-05-25 10:52:56,844][kfold_wrapper.log_eval_metrics] Accuracy(layer_0 - estimator_2 - 12_folds.train_11.predict)=75.00%
[ 2020-05-25 10:52:56,860][kfold_wrapper.log_eval_metrics] Accuracy(layer_0 - estimator_2 - 12_folds.train_cv.predict)=73.10%
[ 2020-05-25 10:52:56,860][kfold_wrapper.log_eval_metrics] Accuracy(layer_0 - estimator_2 - 12_folds.test.predict)=73.47%
[ 2020-05-25 10:52:56,860][cascade_classifier.calc_accuracy] Accuracy(layer_0 - train.classifier_average)=68.28%
[ 2020-05-25 10:52:56,860][cascade_classifier.calc_accuracy] Accuracy(layer_0 - test.classifier_average)=35.71%
[ 2020-05-25 10:52:56,860][cascade_classifier.fit_transform] [layer=1] look_indexs=[0], X_cur_train.shape=(145, 11), X_cur_test.shape=(98, 11)
[ 2020-05-25 10:52:57,128][kfold_wrapper.log_eval_metrics] Accuracy(layer_1 - estimator_0 - 12_folds.train_0.predict)=69.23%
[ 2020-05-25 10:52:57,492][kfold_wrapper.log_eval_metrics] Accuracy(layer_1 - estimator_0 - 12_folds.train_1.predict)=66.67%
[ 2020-05-25 10:52:57,877][kfold_wrapper.log_eval_metrics] Accuracy(layer_1 - estimator_0 - 12_folds.train_2.predict)=66.67%
[ 2020-05-25 10:52:58,251][kfold_wrapper.log_eval_metrics] Accuracy(layer_1 - estimator_0 - 12_folds.train_3.predict)=66.67%
[ 2020-05-25 10:52:58,614][kfold_wrapper.log_eval_metrics] Accuracy(layer_1 - estimator_0 - 12_folds.train_4.predict)=83.33%
[ 2020-05-25 10:52:59,004][kfold_wrapper.log_eval_metrics] Accuracy(layer_1 - estimator_0 - 12_folds.train_5.predict)=75.00%
[ 2020-05-25 10:52:59,355][kfold_wrapper.log_eval_metrics] Accuracy(layer_1 - estimator_0 - 12_folds.train_6.predict)=66.67%
[ 2020-05-25 10:52:59,724][kfold_wrapper.log_eval_metrics] Accuracy(layer_1 - estimator_0 - 12_folds.train_7.predict)=66.67%
[ 2020-05-25 10:53:00,105][kfold_wrapper.log_eval_metrics] Accuracy(layer_1 - estimator_0 - 12_folds.train_8.predict)=58.33%
[ 2020-05-25 10:53:00,469][kfold_wrapper.log_eval_metrics] Accuracy(layer_1 - estimator_0 - 12_folds.train_9.predict)=58.33%
[ 2020-05-25 10:53:00,850][kfold_wrapper.log_eval_metrics] Accuracy(layer_1 - estimator_0 - 12_folds.train_10.predict)=75.00%
[ 2020-05-25 10:53:01,222][kfold_wrapper.log_eval_metrics] Accuracy(layer_1 - estimator_0 - 12_folds.train_11.predict)=75.00%
[ 2020-05-25 10:53:01,338][kfold_wrapper.log_eval_metrics] Accuracy(layer_1 - estimator_0 - 12_folds.train_cv.predict)=68.97%
[ 2020-05-25 10:53:01,341][kfold_wrapper.log_eval_metrics] Accuracy(layer_1 - estimator_0 - 12_folds.test.predict)=39.80%
[ 2020-05-25 10:53:01,596][kfold_wrapper.log_eval_metrics] Accuracy(layer_1 - estimator_1 - 12_folds.train_0.predict)=46.15%
[ 2020-05-25 10:53:01,992][kfold_wrapper.log_eval_metrics] Accuracy(layer_1 - estimator_1 - 12_folds.train_1.predict)=83.33%
[ 2020-05-25 10:53:02,353][kfold_wrapper.log_eval_metrics] Accuracy(layer_1 - estimator_1 - 12_folds.train_2.predict)=75.00%
[ 2020-05-25 10:53:02,728][kfold_wrapper.log_eval_metrics] Accuracy(layer_1 - estimator_1 - 12_folds.train_3.predict)=58.33%
[ 2020-05-25 10:53:03,109][kfold_wrapper.log_eval_metrics] Accuracy(layer_1 - estimator_1 - 12_folds.train_4.predict)=66.67%
[ 2020-05-25 10:53:03,471][kfold_wrapper.log_eval_metrics] Accuracy(layer_1 - estimator_1 - 12_folds.train_5.predict)=75.00%
[ 2020-05-25 10:53:03,854][kfold_wrapper.log_eval_metrics] Accuracy(layer_1 - estimator_1 - 12_folds.train_6.predict)=75.00%
[ 2020-05-25 10:53:04,225][kfold_wrapper.log_eval_metrics] Accuracy(layer_1 - estimator_1 - 12_folds.train_7.predict)=66.67%
[ 2020-05-25 10:53:04,581][kfold_wrapper.log_eval_metrics] Accuracy(layer_1 - estimator_1 - 12_folds.train_8.predict)=50.00%
[ 2020-05-25 10:53:04,965][kfold_wrapper.log_eval_metrics] Accuracy(layer_1 - estimator_1 - 12_folds.train_9.predict)=66.67%
[ 2020-05-25 10:53:05,337][kfold_wrapper.log_eval_metrics] Accuracy(layer_1 - estimator_1 - 12_folds.train_10.predict)=58.33%
[ 2020-05-25 10:53:05,701][kfold_wrapper.log_eval_metrics] Accuracy(layer_1 - estimator_1 - 12_folds.train_11.predict)=58.33%
[ 2020-05-25 10:53:05,826][kfold_wrapper.log_eval_metrics] Accuracy(layer_1 - estimator_1 - 12_folds.train_cv.predict)=64.83%
[ 2020-05-25 10:53:05,826][kfold_wrapper.log_eval_metrics] Accuracy(layer_1 - estimator_1 - 12_folds.test.predict)=42.86%
[ 2020-05-25 10:53:05,841][kfold_wrapper.log_eval_metrics] Accuracy(layer_1 - estimator_2 - 12_folds.train_0.predict)=69.23%
[ 2020-05-25 10:53:05,873][kfold_wrapper.log_eval_metrics] Accuracy(layer_1 - estimator_2 - 12_folds.train_1.predict)=66.67%
[ 2020-05-25 10:53:05,888][kfold_wrapper.log_eval_metrics] Accuracy(layer_1 - estimator_2 - 12_folds.train_2.predict)=66.67%
[ 2020-05-25 10:53:05,904][kfold_wrapper.log_eval_metrics] Accuracy(layer_1 - estimator_2 - 12_folds.train_3.predict)=75.00%
[ 2020-05-25 10:53:05,919][kfold_wrapper.log_eval_metrics] Accuracy(layer_1 - estimator_2 - 12_folds.train_4.predict)=75.00%
[ 2020-05-25 10:53:05,935][kfold_wrapper.log_eval_metrics] Accuracy(layer_1 - estimator_2 - 12_folds.train_5.predict)=75.00%
[ 2020-05-25 10:53:05,951][kfold_wrapper.log_eval_metrics] Accuracy(layer_1 - estimator_2 - 12_folds.train_6.predict)=75.00%
[ 2020-05-25 10:53:05,966][kfold_wrapper.log_eval_metrics] Accuracy(layer_1 - estimator_2 - 12_folds.train_7.predict)=75.00%
[ 2020-05-25 10:53:05,982][kfold_wrapper.log_eval_metrics] Accuracy(layer_1 - estimator_2 - 12_folds.train_8.predict)=75.00%
[ 2020-05-25 10:53:05,982][kfold_wrapper.log_eval_metrics] Accuracy(layer_1 - estimator_2 - 12_folds.train_9.predict)=75.00%
[ 2020-05-25 10:53:05,998][kfold_wrapper.log_eval_metrics] Accuracy(layer_1 - estimator_2 - 12_folds.train_10.predict)=75.00%
[ 2020-05-25 10:53:05,998][kfold_wrapper.log_eval_metrics] Accuracy(layer_1 - estimator_2 - 12_folds.train_11.predict)=75.00%
[ 2020-05-25 10:53:06,013][kfold_wrapper.log_eval_metrics] Accuracy(layer_1 - estimator_2 - 12_folds.train_cv.predict)=73.10%
[ 2020-05-25 10:53:06,013][kfold_wrapper.log_eval_metrics] Accuracy(layer_1 - estimator_2 - 12_folds.test.predict)=73.47%
[ 2020-05-25 10:53:06,013][cascade_classifier.calc_accuracy] Accuracy(layer_1 - train.classifier_average)=71.03%
[ 2020-05-25 10:53:06,013][cascade_classifier.calc_accuracy] Accuracy(layer_1 - test.classifier_average)=60.20%
[ 2020-05-25 10:53:06,013][cascade_classifier.fit_transform] [layer=2] look_indexs=[0], X_cur_train.shape=(145, 11), X_cur_test.shape=(98, 11)
[ 2020-05-25 10:53:06,268][kfold_wrapper.log_eval_metrics] Accuracy(layer_2 - estimator_0 - 12_folds.train_0.predict)=61.54%
[ 2020-05-25 10:53:06,631][kfold_wrapper.log_eval_metrics] Accuracy(layer_2 - estimator_0 - 12_folds.train_1.predict)=75.00%
[ 2020-05-25 10:53:07,012][kfold_wrapper.log_eval_metrics] Accuracy(layer_2 - estimator_0 - 12_folds.train_2.predict)=66.67%
[ 2020-05-25 10:53:07,375][kfold_wrapper.log_eval_metrics] Accuracy(layer_2 - estimator_0 - 12_folds.train_3.predict)=75.00%
[ 2020-05-25 10:53:07,767][kfold_wrapper.log_eval_metrics] Accuracy(layer_2 - estimator_0 - 12_folds.train_4.predict)=58.33%
[ 2020-05-25 10:53:08,145][kfold_wrapper.log_eval_metrics] Accuracy(layer_2 - estimator_0 - 12_folds.train_5.predict)=75.00%
[ 2020-05-25 10:53:08,508][kfold_wrapper.log_eval_metrics] Accuracy(layer_2 - estimator_0 - 12_folds.train_6.predict)=50.00%
[ 2020-05-25 10:53:08,893][kfold_wrapper.log_eval_metrics] Accuracy(layer_2 - estimator_0 - 12_folds.train_7.predict)=58.33%
[ 2020-05-25 10:53:09,264][kfold_wrapper.log_eval_metrics] Accuracy(layer_2 - estimator_0 - 12_folds.train_8.predict)=75.00%
[ 2020-05-25 10:53:09,628][kfold_wrapper.log_eval_metrics] Accuracy(layer_2 - estimator_0 - 12_folds.train_9.predict)=66.67%
[ 2020-05-25 10:53:09,987][kfold_wrapper.log_eval_metrics] Accuracy(layer_2 - estimator_0 - 12_folds.train_10.predict)=75.00%
[ 2020-05-25 10:53:10,348][kfold_wrapper.log_eval_metrics] Accuracy(layer_2 - estimator_0 - 12_folds.train_11.predict)=58.33%
[ 2020-05-25 10:53:10,463][kfold_wrapper.log_eval_metrics] Accuracy(layer_2 - estimator_0 - 12_folds.train_cv.predict)=66.21%
[ 2020-05-25 10:53:10,466][kfold_wrapper.log_eval_metrics] Accuracy(layer_2 - estimator_0 - 12_folds.test.predict)=40.82%
[ 2020-05-25 10:53:10,723][kfold_wrapper.log_eval_metrics] Accuracy(layer_2 - estimator_1 - 12_folds.train_0.predict)=61.54%
[ 2020-05-25 10:53:11,104][kfold_wrapper.log_eval_metrics] Accuracy(layer_2 - estimator_1 - 12_folds.train_1.predict)=58.33%
[ 2020-05-25 10:53:11,467][kfold_wrapper.log_eval_metrics] Accuracy(layer_2 - estimator_1 - 12_folds.train_2.predict)=66.67%
[ 2020-05-25 10:53:11,850][kfold_wrapper.log_eval_metrics] Accuracy(layer_2 - estimator_1 - 12_folds.train_3.predict)=75.00%
[ 2020-05-25 10:53:12,222][kfold_wrapper.log_eval_metrics] Accuracy(layer_2 - estimator_1 - 12_folds.train_4.predict)=91.67%
[ 2020-05-25 10:53:12,586][kfold_wrapper.log_eval_metrics] Accuracy(layer_2 - estimator_1 - 12_folds.train_5.predict)=66.67%
[ 2020-05-25 10:53:12,976][kfold_wrapper.log_eval_metrics] Accuracy(layer_2 - estimator_1 - 12_folds.train_6.predict)=50.00%
[ 2020-05-25 10:53:13,348][kfold_wrapper.log_eval_metrics] Accuracy(layer_2 - estimator_1 - 12_folds.train_7.predict)=66.67%
[ 2020-05-25 10:53:13,712][kfold_wrapper.log_eval_metrics] Accuracy(layer_2 - estimator_1 - 12_folds.train_8.predict)=75.00%
[ 2020-05-25 10:53:14,102][kfold_wrapper.log_eval_metrics] Accuracy(layer_2 - estimator_1 - 12_folds.train_9.predict)=75.00%
[ 2020-05-25 10:53:14,465][kfold_wrapper.log_eval_metrics] Accuracy(layer_2 - estimator_1 - 12_folds.train_10.predict)=66.67%
[ 2020-05-25 10:53:14,854][kfold_wrapper.log_eval_metrics] Accuracy(layer_2 - estimator_1 - 12_folds.train_11.predict)=58.33%
[ 2020-05-25 10:53:14,979][kfold_wrapper.log_eval_metrics] Accuracy(layer_2 - estimator_1 - 12_folds.train_cv.predict)=67.59%
[ 2020-05-25 10:53:14,979][kfold_wrapper.log_eval_metrics] Accuracy(layer_2 - estimator_1 - 12_folds.test.predict)=36.73%
[ 2020-05-25 10:53:14,994][kfold_wrapper.log_eval_metrics] Accuracy(layer_2 - estimator_2 - 12_folds.train_0.predict)=69.23%
[ 2020-05-25 10:53:15,010][kfold_wrapper.log_eval_metrics] Accuracy(layer_2 - estimator_2 - 12_folds.train_1.predict)=66.67%
[ 2020-05-25 10:53:15,026][kfold_wrapper.log_eval_metrics] Accuracy(layer_2 - estimator_2 - 12_folds.train_2.predict)=66.67%
[ 2020-05-25 10:53:15,041][kfold_wrapper.log_eval_metrics] Accuracy(layer_2 - estimator_2 - 12_folds.train_3.predict)=75.00%
[ 2020-05-25 10:53:15,041][kfold_wrapper.log_eval_metrics] Accuracy(layer_2 - estimator_2 - 12_folds.train_4.predict)=75.00%
[ 2020-05-25 10:53:15,057][kfold_wrapper.log_eval_metrics] Accuracy(layer_2 - estimator_2 - 12_folds.train_5.predict)=75.00%
[ 2020-05-25 10:53:15,073][kfold_wrapper.log_eval_metrics] Accuracy(layer_2 - estimator_2 - 12_folds.train_6.predict)=75.00%
[ 2020-05-25 10:53:15,073][kfold_wrapper.log_eval_metrics] Accuracy(layer_2 - estimator_2 - 12_folds.train_7.predict)=75.00%
[ 2020-05-25 10:53:15,088][kfold_wrapper.log_eval_metrics] Accuracy(layer_2 - estimator_2 - 12_folds.train_8.predict)=75.00%
[ 2020-05-25 10:53:15,088][kfold_wrapper.log_eval_metrics] Accuracy(layer_2 - estimator_2 - 12_folds.train_9.predict)=75.00%
[ 2020-05-25 10:53:15,115][kfold_wrapper.log_eval_metrics] Accuracy(layer_2 - estimator_2 - 12_folds.train_10.predict)=75.00%
[ 2020-05-25 10:53:15,128][kfold_wrapper.log_eval_metrics] Accuracy(layer_2 - estimator_2 - 12_folds.train_11.predict)=75.00%
[ 2020-05-25 10:53:15,130][kfold_wrapper.log_eval_metrics] Accuracy(layer_2 - estimator_2 - 12_folds.train_cv.predict)=73.10%
[ 2020-05-25 10:53:15,132][kfold_wrapper.log_eval_metrics] Accuracy(layer_2 - estimator_2 - 12_folds.test.predict)=73.47%
[ 2020-05-25 10:53:15,133][cascade_classifier.calc_accuracy] Accuracy(layer_2 - train.classifier_average)=72.41%
[ 2020-05-25 10:53:15,135][cascade_classifier.calc_accuracy] Accuracy(layer_2 - test.classifier_average)=42.86%
[ 2020-05-25 10:53:15,136][cascade_classifier.fit_transform] [layer=3] look_indexs=[0], X_cur_train.shape=(145, 11), X_cur_test.shape=(98, 11)
[ 2020-05-25 10:53:15,374][kfold_wrapper.log_eval_metrics] Accuracy(layer_3 - estimator_0 - 12_folds.train_0.predict)=61.54%
[ 2020-05-25 10:53:15,746][kfold_wrapper.log_eval_metrics] Accuracy(layer_3 - estimator_0 - 12_folds.train_1.predict)=58.33%
[ 2020-05-25 10:53:16,124][kfold_wrapper.log_eval_metrics] Accuracy(layer_3 - estimator_0 - 12_folds.train_2.predict)=66.67%
[ 2020-05-25 10:53:16,520][kfold_wrapper.log_eval_metrics] Accuracy(layer_3 - estimator_0 - 12_folds.train_3.predict)=66.67%
[ 2020-05-25 10:53:16,910][kfold_wrapper.log_eval_metrics] Accuracy(layer_3 - estimator_0 - 12_folds.train_4.predict)=75.00%
[ 2020-05-25 10:53:17,281][kfold_wrapper.log_eval_metrics] Accuracy(layer_3 - estimator_0 - 12_folds.train_5.predict)=100.00%
[ 2020-05-25 10:53:17,644][kfold_wrapper.log_eval_metrics] Accuracy(layer_3 - estimator_0 - 12_folds.train_6.predict)=83.33%
[ 2020-05-25 10:53:18,037][kfold_wrapper.log_eval_metrics] Accuracy(layer_3 - estimator_0 - 12_folds.train_7.predict)=75.00%
[ 2020-05-25 10:53:18,400][kfold_wrapper.log_eval_metrics] Accuracy(layer_3 - estimator_0 - 12_folds.train_8.predict)=50.00%
[ 2020-05-25 10:53:18,788][kfold_wrapper.log_eval_metrics] Accuracy(layer_3 - estimator_0 - 12_folds.train_9.predict)=83.33%
[ 2020-05-25 10:53:19,166][kfold_wrapper.log_eval_metrics] Accuracy(layer_3 - estimator_0 - 12_folds.train_10.predict)=75.00%
[ 2020-05-25 10:53:19,529][kfold_wrapper.log_eval_metrics] Accuracy(layer_3 - estimator_0 - 12_folds.train_11.predict)=66.67%
[ 2020-05-25 10:53:19,644][kfold_wrapper.log_eval_metrics] Accuracy(layer_3 - estimator_0 - 12_folds.train_cv.predict)=71.72%
[ 2020-05-25 10:53:19,648][kfold_wrapper.log_eval_metrics] Accuracy(layer_3 - estimator_0 - 12_folds.test.predict)=41.84%
[ 2020-05-25 10:53:19,915][kfold_wrapper.log_eval_metrics] Accuracy(layer_3 - estimator_1 - 12_folds.train_0.predict)=69.23%
[ 2020-05-25 10:53:20,287][kfold_wrapper.log_eval_metrics] Accuracy(layer_3 - estimator_1 - 12_folds.train_1.predict)=83.33%
[ 2020-05-25 10:53:20,634][kfold_wrapper.log_eval_metrics] Accuracy(layer_3 - estimator_1 - 12_folds.train_2.predict)=58.33%
[ 2020-05-25 10:53:21,027][kfold_wrapper.log_eval_metrics] Accuracy(layer_3 - estimator_1 - 12_folds.train_3.predict)=75.00%
[ 2020-05-25 10:53:21,390][kfold_wrapper.log_eval_metrics] Accuracy(layer_3 - estimator_1 - 12_folds.train_4.predict)=83.33%
[ 2020-05-25 10:53:21,762][kfold_wrapper.log_eval_metrics] Accuracy(layer_3 - estimator_1 - 12_folds.train_5.predict)=100.00%
[ 2020-05-25 10:53:22,140][kfold_wrapper.log_eval_metrics] Accuracy(layer_3 - estimator_1 - 12_folds.train_6.predict)=50.00%
[ 2020-05-25 10:53:22,502][kfold_wrapper.log_eval_metrics] Accuracy(layer_3 - estimator_1 - 12_folds.train_7.predict)=75.00%
[ 2020-05-25 10:53:22,889][kfold_wrapper.log_eval_metrics] Accuracy(layer_3 - estimator_1 - 12_folds.train_8.predict)=75.00%
[ 2020-05-25 10:53:23,261][kfold_wrapper.log_eval_metrics] Accuracy(layer_3 - estimator_1 - 12_folds.train_9.predict)=75.00%
[ 2020-05-25 10:53:23,625][kfold_wrapper.log_eval_metrics] Accuracy(layer_3 - estimator_1 - 12_folds.train_10.predict)=66.67%
[ 2020-05-25 10:53:24,016][kfold_wrapper.log_eval_metrics] Accuracy(layer_3 - estimator_1 - 12_folds.train_11.predict)=75.00%
[ 2020-05-25 10:53:24,132][kfold_wrapper.log_eval_metrics] Accuracy(layer_3 - estimator_1 - 12_folds.train_cv.predict)=73.79%
[ 2020-05-25 10:53:24,135][kfold_wrapper.log_eval_metrics] Accuracy(layer_3 - estimator_1 - 12_folds.test.predict)=55.10%
[ 2020-05-25 10:53:24,160][kfold_wrapper.log_eval_metrics] Accuracy(layer_3 - estimator_2 - 12_folds.train_0.predict)=69.23%
[ 2020-05-25 10:53:24,181][kfold_wrapper.log_eval_metrics] Accuracy(layer_3 - estimator_2 - 12_folds.train_1.predict)=66.67%
[ 2020-05-25 10:53:24,203][kfold_wrapper.log_eval_metrics] Accuracy(layer_3 - estimator_2 - 12_folds.train_2.predict)=66.67%
[ 2020-05-25 10:53:24,225][kfold_wrapper.log_eval_metrics] Accuracy(layer_3 - estimator_2 - 12_folds.train_3.predict)=75.00%
[ 2020-05-25 10:53:24,243][kfold_wrapper.log_eval_metrics] Accuracy(layer_3 - estimator_2 - 12_folds.train_4.predict)=66.67%
[ 2020-05-25 10:53:24,253][kfold_wrapper.log_eval_metrics] Accuracy(layer_3 - estimator_2 - 12_folds.train_5.predict)=75.00%
[ 2020-05-25 10:53:24,265][kfold_wrapper.log_eval_metrics] Accuracy(layer_3 - estimator_2 - 12_folds.train_6.predict)=75.00%
[ 2020-05-25 10:53:24,275][kfold_wrapper.log_eval_metrics] Accuracy(layer_3 - estimator_2 - 12_folds.train_7.predict)=75.00%
[ 2020-05-25 10:53:24,291][kfold_wrapper.log_eval_metrics] Accuracy(layer_3 - estimator_2 - 12_folds.train_8.predict)=75.00%
[ 2020-05-25 10:53:24,302][kfold_wrapper.log_eval_metrics] Accuracy(layer_3 - estimator_2 - 12_folds.train_9.predict)=75.00%
[ 2020-05-25 10:53:24,311][kfold_wrapper.log_eval_metrics] Accuracy(layer_3 - estimator_2 - 12_folds.train_10.predict)=75.00%
[ 2020-05-25 10:53:24,318][kfold_wrapper.log_eval_metrics] Accuracy(layer_3 - estimator_2 - 12_folds.train_11.predict)=75.00%
[ 2020-05-25 10:53:24,321][kfold_wrapper.log_eval_metrics] Accuracy(layer_3 - estimator_2 - 12_folds.train_cv.predict)=72.41%
[ 2020-05-25 10:53:24,324][kfold_wrapper.log_eval_metrics] Accuracy(layer_3 - estimator_2 - 12_folds.test.predict)=73.47%
[ 2020-05-25 10:53:24,326][cascade_classifier.calc_accuracy] Accuracy(layer_3 - train.classifier_average)=73.10%
[ 2020-05-25 10:53:24,328][cascade_classifier.calc_accuracy] Accuracy(layer_3 - test.classifier_average)=58.16%
[ 2020-05-25 10:53:24,330][cascade_classifier.fit_transform] [layer=4] look_indexs=[0], X_cur_train.shape=(145, 11), X_cur_test.shape=(98, 11)
[ 2020-05-25 10:53:24,573][kfold_wrapper.log_eval_metrics] Accuracy(layer_4 - estimator_0 - 12_folds.train_0.predict)=92.31%
[ 2020-05-25 10:53:24,955][kfold_wrapper.log_eval_metrics] Accuracy(layer_4 - estimator_0 - 12_folds.train_1.predict)=41.67%
[ 2020-05-25 10:53:25,327][kfold_wrapper.log_eval_metrics] Accuracy(layer_4 - estimator_0 - 12_folds.train_2.predict)=91.67%
[ 2020-05-25 10:53:25,690][kfold_wrapper.log_eval_metrics] Accuracy(layer_4 - estimator_0 - 12_folds.train_3.predict)=58.33%
[ 2020-05-25 10:53:26,065][kfold_wrapper.log_eval_metrics] Accuracy(layer_4 - estimator_0 - 12_folds.train_4.predict)=91.67%
[ 2020-05-25 10:53:26,428][kfold_wrapper.log_eval_metrics] Accuracy(layer_4 - estimator_0 - 12_folds.train_5.predict)=91.67%
[ 2020-05-25 10:53:26,817][kfold_wrapper.log_eval_metrics] Accuracy(layer_4 - estimator_0 - 12_folds.train_6.predict)=75.00%
[ 2020-05-25 10:53:27,195][kfold_wrapper.log_eval_metrics] Accuracy(layer_4 - estimator_0 - 12_folds.train_7.predict)=58.33%
[ 2020-05-25 10:53:27,557][kfold_wrapper.log_eval_metrics] Accuracy(layer_4 - estimator_0 - 12_folds.train_8.predict)=91.67%
[ 2020-05-25 10:53:27,942][kfold_wrapper.log_eval_metrics] Accuracy(layer_4 - estimator_0 - 12_folds.train_9.predict)=83.33%
[ 2020-05-25 10:53:28,313][kfold_wrapper.log_eval_metrics] Accuracy(layer_4 - estimator_0 - 12_folds.train_10.predict)=83.33%
[ 2020-05-25 10:53:28,678][kfold_wrapper.log_eval_metrics] Accuracy(layer_4 - estimator_0 - 12_folds.train_11.predict)=66.67%
[ 2020-05-25 10:53:28,803][kfold_wrapper.log_eval_metrics] Accuracy(layer_4 - estimator_0 - 12_folds.train_cv.predict)=77.24%
[ 2020-05-25 10:53:28,803][kfold_wrapper.log_eval_metrics] Accuracy(layer_4 - estimator_0 - 12_folds.test.predict)=45.92%
[ 2020-05-25 10:53:29,084][kfold_wrapper.log_eval_metrics] Accuracy(layer_4 - estimator_1 - 12_folds.train_0.predict)=69.23%
[ 2020-05-25 10:53:29,446][kfold_wrapper.log_eval_metrics] Accuracy(layer_4 - estimator_1 - 12_folds.train_1.predict)=50.00%
[ 2020-05-25 10:53:29,836][kfold_wrapper.log_eval_metrics] Accuracy(layer_4 - estimator_1 - 12_folds.train_2.predict)=83.33%
[ 2020-05-25 10:53:30,213][kfold_wrapper.log_eval_metrics] Accuracy(layer_4 - estimator_1 - 12_folds.train_3.predict)=66.67%
[ 2020-05-25 10:53:30,575][kfold_wrapper.log_eval_metrics] Accuracy(layer_4 - estimator_1 - 12_folds.train_4.predict)=83.33%
[ 2020-05-25 10:53:30,963][kfold_wrapper.log_eval_metrics] Accuracy(layer_4 - estimator_1 - 12_folds.train_5.predict)=91.67%
[ 2020-05-25 10:53:31,319][kfold_wrapper.log_eval_metrics] Accuracy(layer_4 - estimator_1 - 12_folds.train_6.predict)=75.00%
[ 2020-05-25 10:53:31,683][kfold_wrapper.log_eval_metrics] Accuracy(layer_4 - estimator_1 - 12_folds.train_7.predict)=91.67%
[ 2020-05-25 10:53:32,074][kfold_wrapper.log_eval_metrics] Accuracy(layer_4 - estimator_1 - 12_folds.train_8.predict)=75.00%
[ 2020-05-25 10:53:32,437][kfold_wrapper.log_eval_metrics] Accuracy(layer_4 - estimator_1 - 12_folds.train_9.predict)=75.00%
[ 2020-05-25 10:53:32,825][kfold_wrapper.log_eval_metrics] Accuracy(layer_4 - estimator_1 - 12_folds.train_10.predict)=66.67%
[ 2020-05-25 10:53:33,203][kfold_wrapper.log_eval_metrics] Accuracy(layer_4 - estimator_1 - 12_folds.train_11.predict)=75.00%
[ 2020-05-25 10:53:33,319][kfold_wrapper.log_eval_metrics] Accuracy(layer_4 - estimator_1 - 12_folds.train_cv.predict)=75.17%
[ 2020-05-25 10:53:33,322][kfold_wrapper.log_eval_metrics] Accuracy(layer_4 - estimator_1 - 12_folds.test.predict)=43.88%
[ 2020-05-25 10:53:33,345][kfold_wrapper.log_eval_metrics] Accuracy(layer_4 - estimator_2 - 12_folds.train_0.predict)=69.23%
[ 2020-05-25 10:53:33,366][kfold_wrapper.log_eval_metrics] Accuracy(layer_4 - estimator_2 - 12_folds.train_1.predict)=75.00%
[ 2020-05-25 10:53:33,387][kfold_wrapper.log_eval_metrics] Accuracy(layer_4 - estimator_2 - 12_folds.train_2.predict)=58.33%
[ 2020-05-25 10:53:33,404][kfold_wrapper.log_eval_metrics] Accuracy(layer_4 - estimator_2 - 12_folds.train_3.predict)=75.00%
[ 2020-05-25 10:53:33,420][kfold_wrapper.log_eval_metrics] Accuracy(layer_4 - estimator_2 - 12_folds.train_4.predict)=75.00%
[ 2020-05-25 10:53:33,431][kfold_wrapper.log_eval_metrics] Accuracy(layer_4 - estimator_2 - 12_folds.train_5.predict)=75.00%
[ 2020-05-25 10:53:33,441][kfold_wrapper.log_eval_metrics] Accuracy(layer_4 - estimator_2 - 12_folds.train_6.predict)=66.67%
[ 2020-05-25 10:53:33,461][kfold_wrapper.log_eval_metrics] Accuracy(layer_4 - estimator_2 - 12_folds.train_7.predict)=83.33%
[ 2020-05-25 10:53:33,477][kfold_wrapper.log_eval_metrics] Accuracy(layer_4 - estimator_2 - 12_folds.train_8.predict)=75.00%
[ 2020-05-25 10:53:33,495][kfold_wrapper.log_eval_metrics] Accuracy(layer_4 - estimator_2 - 12_folds.train_9.predict)=91.67%
[ 2020-05-25 10:53:33,504][kfold_wrapper.log_eval_metrics] Accuracy(layer_4 - estimator_2 - 12_folds.train_10.predict)=66.67%
[ 2020-05-25 10:53:33,513][kfold_wrapper.log_eval_metrics] Accuracy(layer_4 - estimator_2 - 12_folds.train_11.predict)=58.33%
[ 2020-05-25 10:53:33,515][kfold_wrapper.log_eval_metrics] Accuracy(layer_4 - estimator_2 - 12_folds.train_cv.predict)=72.41%
[ 2020-05-25 10:53:33,517][kfold_wrapper.log_eval_metrics] Accuracy(layer_4 - estimator_2 - 12_folds.test.predict)=62.24%
[ 2020-05-25 10:53:33,519][cascade_classifier.calc_accuracy] Accuracy(layer_4 - train.classifier_average)=75.17%
[ 2020-05-25 10:53:33,521][cascade_classifier.calc_accuracy] Accuracy(layer_4 - test.classifier_average)=46.94%
[ 2020-05-25 10:53:33,523][cascade_classifier.fit_transform] [layer=5] look_indexs=[0], X_cur_train.shape=(145, 11), X_cur_test.shape=(98, 11)
[ 2020-05-25 10:53:33,764][kfold_wrapper.log_eval_metrics] Accuracy(layer_5 - estimator_0 - 12_folds.train_0.predict)=76.92%
[ 2020-05-25 10:53:34,141][kfold_wrapper.log_eval_metrics] Accuracy(layer_5 - estimator_0 - 12_folds.train_1.predict)=83.33%
[ 2020-05-25 10:53:34,503][kfold_wrapper.log_eval_metrics] Accuracy(layer_5 - estimator_0 - 12_folds.train_2.predict)=83.33%
[ 2020-05-25 10:53:34,890][kfold_wrapper.log_eval_metrics] Accuracy(layer_5 - estimator_0 - 12_folds.train_3.predict)=66.67%
[ 2020-05-25 10:53:35,262][kfold_wrapper.log_eval_metrics] Accuracy(layer_5 - estimator_0 - 12_folds.train_4.predict)=75.00%
[ 2020-05-25 10:53:35,627][kfold_wrapper.log_eval_metrics] Accuracy(layer_5 - estimator_0 - 12_folds.train_5.predict)=58.33%
[ 2020-05-25 10:53:36,016][kfold_wrapper.log_eval_metrics] Accuracy(layer_5 - estimator_0 - 12_folds.train_6.predict)=75.00%
[ 2020-05-25 10:53:36,371][kfold_wrapper.log_eval_metrics] Accuracy(layer_5 - estimator_0 - 12_folds.train_7.predict)=83.33%
[ 2020-05-25 10:53:36,737][kfold_wrapper.log_eval_metrics] Accuracy(layer_5 - estimator_0 - 12_folds.train_8.predict)=75.00%
[ 2020-05-25 10:53:37,114][kfold_wrapper.log_eval_metrics] Accuracy(layer_5 - estimator_0 - 12_folds.train_9.predict)=66.67%
[ 2020-05-25 10:53:37,477][kfold_wrapper.log_eval_metrics] Accuracy(layer_5 - estimator_0 - 12_folds.train_10.predict)=75.00%
[ 2020-05-25 10:53:37,863][kfold_wrapper.log_eval_metrics] Accuracy(layer_5 - estimator_0 - 12_folds.train_11.predict)=83.33%
[ 2020-05-25 10:53:37,988][kfold_wrapper.log_eval_metrics] Accuracy(layer_5 - estimator_0 - 12_folds.train_cv.predict)=75.17%
[ 2020-05-25 10:53:37,988][kfold_wrapper.log_eval_metrics] Accuracy(layer_5 - estimator_0 - 12_folds.test.predict)=52.04%
[ 2020-05-25 10:53:38,241][kfold_wrapper.log_eval_metrics] Accuracy(layer_5 - estimator_1 - 12_folds.train_0.predict)=84.62%
[ 2020-05-25 10:53:38,604][kfold_wrapper.log_eval_metrics] Accuracy(layer_5 - estimator_1 - 12_folds.train_1.predict)=58.33%
[ 2020-05-25 10:53:38,989][kfold_wrapper.log_eval_metrics] Accuracy(layer_5 - estimator_1 - 12_folds.train_2.predict)=66.67%
[ 2020-05-25 10:53:39,353][kfold_wrapper.log_eval_metrics] Accuracy(layer_5 - estimator_1 - 12_folds.train_3.predict)=75.00%
[ 2020-05-25 10:53:39,724][kfold_wrapper.log_eval_metrics] Accuracy(layer_5 - estimator_1 - 12_folds.train_4.predict)=58.33%
[ 2020-05-25 10:53:40,104][kfold_wrapper.log_eval_metrics] Accuracy(layer_5 - estimator_1 - 12_folds.train_5.predict)=75.00%
[ 2020-05-25 10:53:40,466][kfold_wrapper.log_eval_metrics] Accuracy(layer_5 - estimator_1 - 12_folds.train_6.predict)=75.00%
[ 2020-05-25 10:53:40,851][kfold_wrapper.log_eval_metrics] Accuracy(layer_5 - estimator_1 - 12_folds.train_7.predict)=66.67%
[ 2020-05-25 10:53:41,224][kfold_wrapper.log_eval_metrics] Accuracy(layer_5 - estimator_1 - 12_folds.train_8.predict)=58.33%
[ 2020-05-25 10:53:41,584][kfold_wrapper.log_eval_metrics] Accuracy(layer_5 - estimator_1 - 12_folds.train_9.predict)=91.67%
[ 2020-05-25 10:53:41,946][kfold_wrapper.log_eval_metrics] Accuracy(layer_5 - estimator_1 - 12_folds.train_10.predict)=50.00%
[ 2020-05-25 10:53:42,319][kfold_wrapper.log_eval_metrics] Accuracy(layer_5 - estimator_1 - 12_folds.train_11.predict)=100.00%
[ 2020-05-25 10:53:42,435][kfold_wrapper.log_eval_metrics] Accuracy(layer_5 - estimator_1 - 12_folds.train_cv.predict)=71.72%
[ 2020-05-25 10:53:42,438][kfold_wrapper.log_eval_metrics] Accuracy(layer_5 - estimator_1 - 12_folds.test.predict)=45.92%
[ 2020-05-25 10:53:42,460][kfold_wrapper.log_eval_metrics] Accuracy(layer_5 - estimator_2 - 12_folds.train_0.predict)=69.23%
[ 2020-05-25 10:53:42,481][kfold_wrapper.log_eval_metrics] Accuracy(layer_5 - estimator_2 - 12_folds.train_1.predict)=66.67%
[ 2020-05-25 10:53:42,504][kfold_wrapper.log_eval_metrics] Accuracy(layer_5 - estimator_2 - 12_folds.train_2.predict)=75.00%
[ 2020-05-25 10:53:42,522][kfold_wrapper.log_eval_metrics] Accuracy(layer_5 - estimator_2 - 12_folds.train_3.predict)=75.00%
[ 2020-05-25 10:53:42,540][kfold_wrapper.log_eval_metrics] Accuracy(layer_5 - estimator_2 - 12_folds.train_4.predict)=58.33%
[ 2020-05-25 10:53:42,556][kfold_wrapper.log_eval_metrics] Accuracy(layer_5 - estimator_2 - 12_folds.train_5.predict)=75.00%
[ 2020-05-25 10:53:42,571][kfold_wrapper.log_eval_metrics] Accuracy(layer_5 - estimator_2 - 12_folds.train_6.predict)=83.33%
[ 2020-05-25 10:53:42,591][kfold_wrapper.log_eval_metrics] Accuracy(layer_5 - estimator_2 - 12_folds.train_7.predict)=50.00%
[ 2020-05-25 10:53:42,600][kfold_wrapper.log_eval_metrics] Accuracy(layer_5 - estimator_2 - 12_folds.train_8.predict)=83.33%
[ 2020-05-25 10:53:42,617][kfold_wrapper.log_eval_metrics] Accuracy(layer_5 - estimator_2 - 12_folds.train_9.predict)=83.33%
[ 2020-05-25 10:53:42,634][kfold_wrapper.log_eval_metrics] Accuracy(layer_5 - estimator_2 - 12_folds.train_10.predict)=75.00%
[ 2020-05-25 10:53:42,650][kfold_wrapper.log_eval_metrics] Accuracy(layer_5 - estimator_2 - 12_folds.train_11.predict)=83.33%
[ 2020-05-25 10:53:42,654][kfold_wrapper.log_eval_metrics] Accuracy(layer_5 - estimator_2 - 12_folds.train_cv.predict)=73.10%
[ 2020-05-25 10:53:42,658][kfold_wrapper.log_eval_metrics] Accuracy(layer_5 - estimator_2 - 12_folds.test.predict)=54.08%
[ 2020-05-25 10:53:42,662][cascade_classifier.calc_accuracy] Accuracy(layer_5 - train.classifier_average)=75.86%
[ 2020-05-25 10:53:42,667][cascade_classifier.calc_accuracy] Accuracy(layer_5 - test.classifier_average)=52.04%
[ 2020-05-25 10:53:42,671][cascade_classifier.fit_transform] [layer=6] look_indexs=[0], X_cur_train.shape=(145, 11), X_cur_test.shape=(98, 11)
[ 2020-05-25 10:53:42,948][kfold_wrapper.log_eval_metrics] Accuracy(layer_6 - estimator_0 - 12_folds.train_0.predict)=84.62%
[ 2020-05-25 10:53:43,321][kfold_wrapper.log_eval_metrics] Accuracy(layer_6 - estimator_0 - 12_folds.train_1.predict)=66.67%
[ 2020-05-25 10:53:43,684][kfold_wrapper.log_eval_metrics] Accuracy(layer_6 - estimator_0 - 12_folds.train_2.predict)=50.00%
[ 2020-05-25 10:53:44,074][kfold_wrapper.log_eval_metrics] Accuracy(layer_6 - estimator_0 - 12_folds.train_3.predict)=75.00%
[ 2020-05-25 10:53:44,431][kfold_wrapper.log_eval_metrics] Accuracy(layer_6 - estimator_0 - 12_folds.train_4.predict)=75.00%
[ 2020-05-25 10:53:44,779][kfold_wrapper.log_eval_metrics] Accuracy(layer_6 - estimator_0 - 12_folds.train_5.predict)=66.67%
[ 2020-05-25 10:53:45,154][kfold_wrapper.log_eval_metrics] Accuracy(layer_6 - estimator_0 - 12_folds.train_6.predict)=58.33%
[ 2020-05-25 10:53:45,513][kfold_wrapper.log_eval_metrics] Accuracy(layer_6 - estimator_0 - 12_folds.train_7.predict)=83.33%
[ 2020-05-25 10:53:45,890][kfold_wrapper.log_eval_metrics] Accuracy(layer_6 - estimator_0 - 12_folds.train_8.predict)=75.00%
[ 2020-05-25 10:53:46,260][kfold_wrapper.log_eval_metrics] Accuracy(layer_6 - estimator_0 - 12_folds.train_9.predict)=75.00%
[ 2020-05-25 10:53:46,623][kfold_wrapper.log_eval_metrics] Accuracy(layer_6 - estimator_0 - 12_folds.train_10.predict)=58.33%
[ 2020-05-25 10:53:47,001][kfold_wrapper.log_eval_metrics] Accuracy(layer_6 - estimator_0 - 12_folds.train_11.predict)=75.00%
[ 2020-05-25 10:53:47,113][kfold_wrapper.log_eval_metrics] Accuracy(layer_6 - estimator_0 - 12_folds.train_cv.predict)=70.34%
[ 2020-05-25 10:53:47,116][kfold_wrapper.log_eval_metrics] Accuracy(layer_6 - estimator_0 - 12_folds.test.predict)=44.90%
[ 2020-05-25 10:53:47,369][kfold_wrapper.log_eval_metrics] Accuracy(layer_6 - estimator_1 - 12_folds.train_0.predict)=76.92%
[ 2020-05-25 10:53:47,736][kfold_wrapper.log_eval_metrics] Accuracy(layer_6 - estimator_1 - 12_folds.train_1.predict)=41.67%
[ 2020-05-25 10:53:48,113][kfold_wrapper.log_eval_metrics] Accuracy(layer_6 - estimator_1 - 12_folds.train_2.predict)=83.33%
[ 2020-05-25 10:53:48,476][kfold_wrapper.log_eval_metrics] Accuracy(layer_6 - estimator_1 - 12_folds.train_3.predict)=75.00%
[ 2020-05-25 10:53:48,863][kfold_wrapper.log_eval_metrics] Accuracy(layer_6 - estimator_1 - 12_folds.train_4.predict)=83.33%
[ 2020-05-25 10:53:49,235][kfold_wrapper.log_eval_metrics] Accuracy(layer_6 - estimator_1 - 12_folds.train_5.predict)=58.33%
[ 2020-05-25 10:53:49,598][kfold_wrapper.log_eval_metrics] Accuracy(layer_6 - estimator_1 - 12_folds.train_6.predict)=75.00%
[ 2020-05-25 10:53:49,989][kfold_wrapper.log_eval_metrics] Accuracy(layer_6 - estimator_1 - 12_folds.train_7.predict)=50.00%
[ 2020-05-25 10:53:50,355][kfold_wrapper.log_eval_metrics] Accuracy(layer_6 - estimator_1 - 12_folds.train_8.predict)=75.00%
[ 2020-05-25 10:53:50,725][kfold_wrapper.log_eval_metrics] Accuracy(layer_6 - estimator_1 - 12_folds.train_9.predict)=50.00%
[ 2020-05-25 10:53:51,105][kfold_wrapper.log_eval_metrics] Accuracy(layer_6 - estimator_1 - 12_folds.train_10.predict)=58.33%
[ 2020-05-25 10:53:51,467][kfold_wrapper.log_eval_metrics] Accuracy(layer_6 - estimator_1 - 12_folds.train_11.predict)=66.67%
[ 2020-05-25 10:53:51,581][kfold_wrapper.log_eval_metrics] Accuracy(layer_6 - estimator_1 - 12_folds.train_cv.predict)=66.21%
[ 2020-05-25 10:53:51,583][kfold_wrapper.log_eval_metrics] Accuracy(layer_6 - estimator_1 - 12_folds.test.predict)=55.10%
[ 2020-05-25 10:53:51,606][kfold_wrapper.log_eval_metrics] Accuracy(layer_6 - estimator_2 - 12_folds.train_0.predict)=69.23%
[ 2020-05-25 10:53:51,625][kfold_wrapper.log_eval_metrics] Accuracy(layer_6 - estimator_2 - 12_folds.train_1.predict)=66.67%
[ 2020-05-25 10:53:51,643][kfold_wrapper.log_eval_metrics] Accuracy(layer_6 - estimator_2 - 12_folds.train_2.predict)=75.00%
[ 2020-05-25 10:53:51,663][kfold_wrapper.log_eval_metrics] Accuracy(layer_6 - estimator_2 - 12_folds.train_3.predict)=66.67%
[ 2020-05-25 10:53:51,683][kfold_wrapper.log_eval_metrics] Accuracy(layer_6 - estimator_2 - 12_folds.train_4.predict)=75.00%
[ 2020-05-25 10:53:51,696][kfold_wrapper.log_eval_metrics] Accuracy(layer_6 - estimator_2 - 12_folds.train_5.predict)=83.33%
[ 2020-05-25 10:53:51,711][kfold_wrapper.log_eval_metrics] Accuracy(layer_6 - estimator_2 - 12_folds.train_6.predict)=83.33%
[ 2020-05-25 10:53:51,727][kfold_wrapper.log_eval_metrics] Accuracy(layer_6 - estimator_2 - 12_folds.train_7.predict)=66.67%
[ 2020-05-25 10:53:51,742][kfold_wrapper.log_eval_metrics] Accuracy(layer_6 - estimator_2 - 12_folds.train_8.predict)=66.67%
[ 2020-05-25 10:53:51,758][kfold_wrapper.log_eval_metrics] Accuracy(layer_6 - estimator_2 - 12_folds.train_9.predict)=83.33%
[ 2020-05-25 10:53:51,758][kfold_wrapper.log_eval_metrics] Accuracy(layer_6 - estimator_2 - 12_folds.train_10.predict)=66.67%
[ 2020-05-25 10:53:51,774][kfold_wrapper.log_eval_metrics] Accuracy(layer_6 - estimator_2 - 12_folds.train_11.predict)=58.33%
[ 2020-05-25 10:53:51,789][kfold_wrapper.log_eval_metrics] Accuracy(layer_6 - estimator_2 - 12_folds.train_cv.predict)=71.72%
[ 2020-05-25 10:53:51,789][kfold_wrapper.log_eval_metrics] Accuracy(layer_6 - estimator_2 - 12_folds.test.predict)=58.16%
[ 2020-05-25 10:53:51,789][cascade_classifier.calc_accuracy] Accuracy(layer_6 - train.classifier_average)=72.41%
[ 2020-05-25 10:53:51,789][cascade_classifier.calc_accuracy] Accuracy(layer_6 - test.classifier_average)=54.08%
[ 2020-05-25 10:53:51,789][cascade_classifier.fit_transform] [layer=7] look_indexs=[0], X_cur_train.shape=(145, 11), X_cur_test.shape=(98, 11)
[ 2020-05-25 10:53:52,071][kfold_wrapper.log_eval_metrics] Accuracy(layer_7 - estimator_0 - 12_folds.train_0.predict)=69.23%
[ 2020-05-25 10:53:52,417][kfold_wrapper.log_eval_metrics] Accuracy(layer_7 - estimator_0 - 12_folds.train_1.predict)=75.00%
[ 2020-05-25 10:53:52,791][kfold_wrapper.log_eval_metrics] Accuracy(layer_7 - estimator_0 - 12_folds.train_2.predict)=75.00%
[ 2020-05-25 10:53:53,169][kfold_wrapper.log_eval_metrics] Accuracy(layer_7 - estimator_0 - 12_folds.train_3.predict)=75.00%
[ 2020-05-25 10:53:53,533][kfold_wrapper.log_eval_metrics] Accuracy(layer_7 - estimator_0 - 12_folds.train_4.predict)=83.33%
[ 2020-05-25 10:53:53,918][kfold_wrapper.log_eval_metrics] Accuracy(layer_7 - estimator_0 - 12_folds.train_5.predict)=66.67%
[ 2020-05-25 10:53:54,290][kfold_wrapper.log_eval_metrics] Accuracy(layer_7 - estimator_0 - 12_folds.train_6.predict)=66.67%
[ 2020-05-25 10:53:54,655][kfold_wrapper.log_eval_metrics] Accuracy(layer_7 - estimator_0 - 12_folds.train_7.predict)=75.00%
[ 2020-05-25 10:53:55,044][kfold_wrapper.log_eval_metrics] Accuracy(layer_7 - estimator_0 - 12_folds.train_8.predict)=66.67%
[ 2020-05-25 10:53:55,407][kfold_wrapper.log_eval_metrics] Accuracy(layer_7 - estimator_0 - 12_folds.train_9.predict)=75.00%
[ 2020-05-25 10:53:55,780][kfold_wrapper.log_eval_metrics] Accuracy(layer_7 - estimator_0 - 12_folds.train_10.predict)=75.00%
[ 2020-05-25 10:53:56,158][kfold_wrapper.log_eval_metrics] Accuracy(layer_7 - estimator_0 - 12_folds.train_11.predict)=50.00%
[ 2020-05-25 10:53:56,273][kfold_wrapper.log_eval_metrics] Accuracy(layer_7 - estimator_0 - 12_folds.train_cv.predict)=71.03%
[ 2020-05-25 10:53:56,276][kfold_wrapper.log_eval_metrics] Accuracy(layer_7 - estimator_0 - 12_folds.test.predict)=38.78%
[ 2020-05-25 10:53:56,533][kfold_wrapper.log_eval_metrics] Accuracy(layer_7 - estimator_1 - 12_folds.train_0.predict)=76.92%
[ 2020-05-25 10:53:56,922][kfold_wrapper.log_eval_metrics] Accuracy(layer_7 - estimator_1 - 12_folds.train_1.predict)=75.00%
[ 2020-05-25 10:53:57,289][kfold_wrapper.log_eval_metrics] Accuracy(layer_7 - estimator_1 - 12_folds.train_2.predict)=66.67%
[ 2020-05-25 10:53:57,636][kfold_wrapper.log_eval_metrics] Accuracy(layer_7 - estimator_1 - 12_folds.train_3.predict)=66.67%
[ 2020-05-25 10:53:58,017][kfold_wrapper.log_eval_metrics] Accuracy(layer_7 - estimator_1 - 12_folds.train_4.predict)=75.00%
[ 2020-05-25 10:53:58,381][kfold_wrapper.log_eval_metrics] Accuracy(layer_7 - estimator_1 - 12_folds.train_5.predict)=75.00%
[ 2020-05-25 10:53:58,752][kfold_wrapper.log_eval_metrics] Accuracy(layer_7 - estimator_1 - 12_folds.train_6.predict)=66.67%
[ 2020-05-25 10:53:59,130][kfold_wrapper.log_eval_metrics] Accuracy(layer_7 - estimator_1 - 12_folds.train_7.predict)=58.33%
[ 2020-05-25 10:53:59,492][kfold_wrapper.log_eval_metrics] Accuracy(layer_7 - estimator_1 - 12_folds.train_8.predict)=58.33%
[ 2020-05-25 10:53:59,879][kfold_wrapper.log_eval_metrics] Accuracy(layer_7 - estimator_1 - 12_folds.train_9.predict)=66.67%
[ 2020-05-25 10:54:00,250][kfold_wrapper.log_eval_metrics] Accuracy(layer_7 - estimator_1 - 12_folds.train_10.predict)=75.00%
[ 2020-05-25 10:54:00,614][kfold_wrapper.log_eval_metrics] Accuracy(layer_7 - estimator_1 - 12_folds.train_11.predict)=91.67%
[ 2020-05-25 10:54:00,740][kfold_wrapper.log_eval_metrics] Accuracy(layer_7 - estimator_1 - 12_folds.train_cv.predict)=71.03%
[ 2020-05-25 10:54:00,740][kfold_wrapper.log_eval_metrics] Accuracy(layer_7 - estimator_1 - 12_folds.test.predict)=53.06%
[ 2020-05-25 10:54:00,756][kfold_wrapper.log_eval_metrics] Accuracy(layer_7 - estimator_2 - 12_folds.train_0.predict)=69.23%
[ 2020-05-25 10:54:00,771][kfold_wrapper.log_eval_metrics] Accuracy(layer_7 - estimator_2 - 12_folds.train_1.predict)=66.67%
[ 2020-05-25 10:54:00,803][kfold_wrapper.log_eval_metrics] Accuracy(layer_7 - estimator_2 - 12_folds.train_2.predict)=66.67%
[ 2020-05-25 10:54:00,818][kfold_wrapper.log_eval_metrics] Accuracy(layer_7 - estimator_2 - 12_folds.train_3.predict)=75.00%
[ 2020-05-25 10:54:00,834][kfold_wrapper.log_eval_metrics] Accuracy(layer_7 - estimator_2 - 12_folds.train_4.predict)=75.00%
[ 2020-05-25 10:54:00,834][kfold_wrapper.log_eval_metrics] Accuracy(layer_7 - estimator_2 - 12_folds.train_5.predict)=75.00%
[ 2020-05-25 10:54:00,850][kfold_wrapper.log_eval_metrics] Accuracy(layer_7 - estimator_2 - 12_folds.train_6.predict)=75.00%
[ 2020-05-25 10:54:00,865][kfold_wrapper.log_eval_metrics] Accuracy(layer_7 - estimator_2 - 12_folds.train_7.predict)=75.00%
[ 2020-05-25 10:54:00,881][kfold_wrapper.log_eval_metrics] Accuracy(layer_7 - estimator_2 - 12_folds.train_8.predict)=75.00%
[ 2020-05-25 10:54:00,896][kfold_wrapper.log_eval_metrics] Accuracy(layer_7 - estimator_2 - 12_folds.train_9.predict)=75.00%
[ 2020-05-25 10:54:00,896][kfold_wrapper.log_eval_metrics] Accuracy(layer_7 - estimator_2 - 12_folds.train_10.predict)=66.67%
[ 2020-05-25 10:54:00,912][kfold_wrapper.log_eval_metrics] Accuracy(layer_7 - estimator_2 - 12_folds.train_11.predict)=58.33%
[ 2020-05-25 10:54:00,912][kfold_wrapper.log_eval_metrics] Accuracy(layer_7 - estimator_2 - 12_folds.train_cv.predict)=71.03%
[ 2020-05-25 10:54:00,912][kfold_wrapper.log_eval_metrics] Accuracy(layer_7 - estimator_2 - 12_folds.test.predict)=68.37%
[ 2020-05-25 10:54:00,912][cascade_classifier.calc_accuracy] Accuracy(layer_7 - train.classifier_average)=72.41%
[ 2020-05-25 10:54:00,912][cascade_classifier.calc_accuracy] Accuracy(layer_7 - test.classifier_average)=52.04%
[ 2020-05-25 10:54:00,912][cascade_classifier.fit_transform] [layer=8] look_indexs=[0], X_cur_train.shape=(145, 11), X_cur_test.shape=(98, 11)
[ 2020-05-25 10:54:01,163][kfold_wrapper.log_eval_metrics] Accuracy(layer_8 - estimator_0 - 12_folds.train_0.predict)=76.92%
[ 2020-05-25 10:54:01,523][kfold_wrapper.log_eval_metrics] Accuracy(layer_8 - estimator_0 - 12_folds.train_1.predict)=66.67%
[ 2020-05-25 10:54:01,913][kfold_wrapper.log_eval_metrics] Accuracy(layer_8 - estimator_0 - 12_folds.train_2.predict)=75.00%
[ 2020-05-25 10:54:02,285][kfold_wrapper.log_eval_metrics] Accuracy(layer_8 - estimator_0 - 12_folds.train_3.predict)=58.33%
[ 2020-05-25 10:54:02,649][kfold_wrapper.log_eval_metrics] Accuracy(layer_8 - estimator_0 - 12_folds.train_4.predict)=75.00%
[ 2020-05-25 10:54:03,024][kfold_wrapper.log_eval_metrics] Accuracy(layer_8 - estimator_0 - 12_folds.train_5.predict)=75.00%
[ 2020-05-25 10:54:03,386][kfold_wrapper.log_eval_metrics] Accuracy(layer_8 - estimator_0 - 12_folds.train_6.predict)=75.00%
[ 2020-05-25 10:54:03,761][kfold_wrapper.log_eval_metrics] Accuracy(layer_8 - estimator_0 - 12_folds.train_7.predict)=75.00%
[ 2020-05-25 10:54:04,138][kfold_wrapper.log_eval_metrics] Accuracy(layer_8 - estimator_0 - 12_folds.train_8.predict)=75.00%
[ 2020-05-25 10:54:04,501][kfold_wrapper.log_eval_metrics] Accuracy(layer_8 - estimator_0 - 12_folds.train_9.predict)=66.67%
[ 2020-05-25 10:54:04,887][kfold_wrapper.log_eval_metrics] Accuracy(layer_8 - estimator_0 - 12_folds.train_10.predict)=75.00%
[ 2020-05-25 10:54:05,258][kfold_wrapper.log_eval_metrics] Accuracy(layer_8 - estimator_0 - 12_folds.train_11.predict)=83.33%
[ 2020-05-25 10:54:05,373][kfold_wrapper.log_eval_metrics] Accuracy(layer_8 - estimator_0 - 12_folds.train_cv.predict)=73.10%
[ 2020-05-25 10:54:05,376][kfold_wrapper.log_eval_metrics] Accuracy(layer_8 - estimator_0 - 12_folds.test.predict)=37.76%
[ 2020-05-25 10:54:05,634][kfold_wrapper.log_eval_metrics] Accuracy(layer_8 - estimator_1 - 12_folds.train_0.predict)=76.92%
[ 2020-05-25 10:54:06,028][kfold_wrapper.log_eval_metrics] Accuracy(layer_8 - estimator_1 - 12_folds.train_1.predict)=58.33%
[ 2020-05-25 10:54:06,390][kfold_wrapper.log_eval_metrics] Accuracy(layer_8 - estimator_1 - 12_folds.train_2.predict)=75.00%
[ 2020-05-25 10:54:06,765][kfold_wrapper.log_eval_metrics] Accuracy(layer_8 - estimator_1 - 12_folds.train_3.predict)=75.00%
[ 2020-05-25 10:54:07,135][kfold_wrapper.log_eval_metrics] Accuracy(layer_8 - estimator_1 - 12_folds.train_4.predict)=75.00%
[ 2020-05-25 10:54:07,496][kfold_wrapper.log_eval_metrics] Accuracy(layer_8 - estimator_1 - 12_folds.train_5.predict)=66.67%
[ 2020-05-25 10:54:07,876][kfold_wrapper.log_eval_metrics] Accuracy(layer_8 - estimator_1 - 12_folds.train_6.predict)=75.00%
[ 2020-05-25 10:54:08,235][kfold_wrapper.log_eval_metrics] Accuracy(layer_8 - estimator_1 - 12_folds.train_7.predict)=75.00%
[ 2020-05-25 10:54:08,595][kfold_wrapper.log_eval_metrics] Accuracy(layer_8 - estimator_1 - 12_folds.train_8.predict)=50.00%
[ 2020-05-25 10:54:08,971][kfold_wrapper.log_eval_metrics] Accuracy(layer_8 - estimator_1 - 12_folds.train_9.predict)=66.67%
[ 2020-05-25 10:54:09,346][kfold_wrapper.log_eval_metrics] Accuracy(layer_8 - estimator_1 - 12_folds.train_10.predict)=66.67%
[ 2020-05-25 10:54:09,708][kfold_wrapper.log_eval_metrics] Accuracy(layer_8 - estimator_1 - 12_folds.train_11.predict)=75.00%
[ 2020-05-25 10:54:09,833][kfold_wrapper.log_eval_metrics] Accuracy(layer_8 - estimator_1 - 12_folds.train_cv.predict)=69.66%
[ 2020-05-25 10:54:09,833][kfold_wrapper.log_eval_metrics] Accuracy(layer_8 - estimator_1 - 12_folds.test.predict)=38.78%
[ 2020-05-25 10:54:09,848][kfold_wrapper.log_eval_metrics] Accuracy(layer_8 - estimator_2 - 12_folds.train_0.predict)=69.23%
[ 2020-05-25 10:54:09,864][kfold_wrapper.log_eval_metrics] Accuracy(layer_8 - estimator_2 - 12_folds.train_1.predict)=66.67%
[ 2020-05-25 10:54:09,895][kfold_wrapper.log_eval_metrics] Accuracy(layer_8 - estimator_2 - 12_folds.train_2.predict)=66.67%
[ 2020-05-25 10:54:09,911][kfold_wrapper.log_eval_metrics] Accuracy(layer_8 - estimator_2 - 12_folds.train_3.predict)=75.00%
[ 2020-05-25 10:54:09,927][kfold_wrapper.log_eval_metrics] Accuracy(layer_8 - estimator_2 - 12_folds.train_4.predict)=75.00%
[ 2020-05-25 10:54:09,942][kfold_wrapper.log_eval_metrics] Accuracy(layer_8 - estimator_2 - 12_folds.train_5.predict)=66.67%
[ 2020-05-25 10:54:09,958][kfold_wrapper.log_eval_metrics] Accuracy(layer_8 - estimator_2 - 12_folds.train_6.predict)=75.00%
[ 2020-05-25 10:54:09,973][kfold_wrapper.log_eval_metrics] Accuracy(layer_8 - estimator_2 - 12_folds.train_7.predict)=75.00%
[ 2020-05-25 10:54:09,989][kfold_wrapper.log_eval_metrics] Accuracy(layer_8 - estimator_2 - 12_folds.train_8.predict)=75.00%
[ 2020-05-25 10:54:10,005][kfold_wrapper.log_eval_metrics] Accuracy(layer_8 - estimator_2 - 12_folds.train_9.predict)=66.67%
[ 2020-05-25 10:54:10,020][kfold_wrapper.log_eval_metrics] Accuracy(layer_8 - estimator_2 - 12_folds.train_10.predict)=83.33%
[ 2020-05-25 10:54:10,036][kfold_wrapper.log_eval_metrics] Accuracy(layer_8 - estimator_2 - 12_folds.train_11.predict)=83.33%
[ 2020-05-25 10:54:10,036][kfold_wrapper.log_eval_metrics] Accuracy(layer_8 - estimator_2 - 12_folds.train_cv.predict)=73.10%
[ 2020-05-25 10:54:10,036][kfold_wrapper.log_eval_metrics] Accuracy(layer_8 - estimator_2 - 12_folds.test.predict)=62.24%
[ 2020-05-25 10:54:10,036][cascade_classifier.calc_accuracy] Accuracy(layer_8 - train.classifier_average)=73.79%
[ 2020-05-25 10:54:10,036][cascade_classifier.calc_accuracy] Accuracy(layer_8 - test.classifier_average)=38.78%
[ 2020-05-25 10:54:10,036][cascade_classifier.fit_transform] [layer=9] look_indexs=[0], X_cur_train.shape=(145, 11), X_cur_test.shape=(98, 11)
[ 2020-05-25 10:54:10,291][kfold_wrapper.log_eval_metrics] Accuracy(layer_9 - estimator_0 - 12_folds.train_0.predict)=69.23%
[ 2020-05-25 10:54:10,653][kfold_wrapper.log_eval_metrics] Accuracy(layer_9 - estimator_0 - 12_folds.train_1.predict)=66.67%
[ 2020-05-25 10:54:11,038][kfold_wrapper.log_eval_metrics] Accuracy(layer_9 - estimator_0 - 12_folds.train_2.predict)=50.00%
[ 2020-05-25 10:54:11,401][kfold_wrapper.log_eval_metrics] Accuracy(layer_9 - estimator_0 - 12_folds.train_3.predict)=50.00%
[ 2020-05-25 10:54:11,773][kfold_wrapper.log_eval_metrics] Accuracy(layer_9 - estimator_0 - 12_folds.train_4.predict)=75.00%
[ 2020-05-25 10:54:12,150][kfold_wrapper.log_eval_metrics] Accuracy(layer_9 - estimator_0 - 12_folds.train_5.predict)=66.67%
[ 2020-05-25 10:54:12,514][kfold_wrapper.log_eval_metrics] Accuracy(layer_9 - estimator_0 - 12_folds.train_6.predict)=75.00%
[ 2020-05-25 10:54:12,900][kfold_wrapper.log_eval_metrics] Accuracy(layer_9 - estimator_0 - 12_folds.train_7.predict)=58.33%
[ 2020-05-25 10:54:13,273][kfold_wrapper.log_eval_metrics] Accuracy(layer_9 - estimator_0 - 12_folds.train_8.predict)=66.67%
[ 2020-05-25 10:54:13,618][kfold_wrapper.log_eval_metrics] Accuracy(layer_9 - estimator_0 - 12_folds.train_9.predict)=58.33%
[ 2020-05-25 10:54:14,011][kfold_wrapper.log_eval_metrics] Accuracy(layer_9 - estimator_0 - 12_folds.train_10.predict)=66.67%
[ 2020-05-25 10:54:14,376][kfold_wrapper.log_eval_metrics] Accuracy(layer_9 - estimator_0 - 12_folds.train_11.predict)=66.67%
[ 2020-05-25 10:54:14,491][kfold_wrapper.log_eval_metrics] Accuracy(layer_9 - estimator_0 - 12_folds.train_cv.predict)=64.14%
[ 2020-05-25 10:54:14,494][kfold_wrapper.log_eval_metrics] Accuracy(layer_9 - estimator_0 - 12_folds.test.predict)=45.92%
[ 2020-05-25 10:54:14,762][kfold_wrapper.log_eval_metrics] Accuracy(layer_9 - estimator_1 - 12_folds.train_0.predict)=69.23%
[ 2020-05-25 10:54:15,140][kfold_wrapper.log_eval_metrics] Accuracy(layer_9 - estimator_1 - 12_folds.train_1.predict)=66.67%
[ 2020-05-25 10:54:15,503][kfold_wrapper.log_eval_metrics] Accuracy(layer_9 - estimator_1 - 12_folds.train_2.predict)=75.00%
[ 2020-05-25 10:54:15,889][kfold_wrapper.log_eval_metrics] Accuracy(layer_9 - estimator_1 - 12_folds.train_3.predict)=66.67%
[ 2020-05-25 10:54:16,260][kfold_wrapper.log_eval_metrics] Accuracy(layer_9 - estimator_1 - 12_folds.train_4.predict)=66.67%
[ 2020-05-25 10:54:16,620][kfold_wrapper.log_eval_metrics] Accuracy(layer_9 - estimator_1 - 12_folds.train_5.predict)=66.67%
[ 2020-05-25 10:54:17,015][kfold_wrapper.log_eval_metrics] Accuracy(layer_9 - estimator_1 - 12_folds.train_6.predict)=58.33%
[ 2020-05-25 10:54:17,378][kfold_wrapper.log_eval_metrics] Accuracy(layer_9 - estimator_1 - 12_folds.train_7.predict)=66.67%
[ 2020-05-25 10:54:17,751][kfold_wrapper.log_eval_metrics] Accuracy(layer_9 - estimator_1 - 12_folds.train_8.predict)=66.67%
[ 2020-05-25 10:54:18,129][kfold_wrapper.log_eval_metrics] Accuracy(layer_9 - estimator_1 - 12_folds.train_9.predict)=66.67%
[ 2020-05-25 10:54:18,492][kfold_wrapper.log_eval_metrics] Accuracy(layer_9 - estimator_1 - 12_folds.train_10.predict)=41.67%
[ 2020-05-25 10:54:18,846][kfold_wrapper.log_eval_metrics] Accuracy(layer_9 - estimator_1 - 12_folds.train_11.predict)=66.67%
[ 2020-05-25 10:54:18,971][kfold_wrapper.log_eval_metrics] Accuracy(layer_9 - estimator_1 - 12_folds.train_cv.predict)=64.83%
[ 2020-05-25 10:54:18,971][kfold_wrapper.log_eval_metrics] Accuracy(layer_9 - estimator_1 - 12_folds.test.predict)=42.86%
[ 2020-05-25 10:54:18,987][kfold_wrapper.log_eval_metrics] Accuracy(layer_9 - estimator_2 - 12_folds.train_0.predict)=69.23%
[ 2020-05-25 10:54:19,002][kfold_wrapper.log_eval_metrics] Accuracy(layer_9 - estimator_2 - 12_folds.train_1.predict)=66.67%
[ 2020-05-25 10:54:19,034][kfold_wrapper.log_eval_metrics] Accuracy(layer_9 - estimator_2 - 12_folds.train_2.predict)=66.67%
[ 2020-05-25 10:54:19,049][kfold_wrapper.log_eval_metrics] Accuracy(layer_9 - estimator_2 - 12_folds.train_3.predict)=75.00%
[ 2020-05-25 10:54:19,065][kfold_wrapper.log_eval_metrics] Accuracy(layer_9 - estimator_2 - 12_folds.train_4.predict)=75.00%
[ 2020-05-25 10:54:19,065][kfold_wrapper.log_eval_metrics] Accuracy(layer_9 - estimator_2 - 12_folds.train_5.predict)=75.00%
[ 2020-05-25 10:54:19,081][kfold_wrapper.log_eval_metrics] Accuracy(layer_9 - estimator_2 - 12_folds.train_6.predict)=91.67%
[ 2020-05-25 10:54:19,096][kfold_wrapper.log_eval_metrics] Accuracy(layer_9 - estimator_2 - 12_folds.train_7.predict)=75.00%
[ 2020-05-25 10:54:19,115][kfold_wrapper.log_eval_metrics] Accuracy(layer_9 - estimator_2 - 12_folds.train_8.predict)=66.67%
[ 2020-05-25 10:54:19,125][kfold_wrapper.log_eval_metrics] Accuracy(layer_9 - estimator_2 - 12_folds.train_9.predict)=75.00%
[ 2020-05-25 10:54:19,133][kfold_wrapper.log_eval_metrics] Accuracy(layer_9 - estimator_2 - 12_folds.train_10.predict)=66.67%
[ 2020-05-25 10:54:19,145][kfold_wrapper.log_eval_metrics] Accuracy(layer_9 - estimator_2 - 12_folds.train_11.predict)=75.00%
[ 2020-05-25 10:54:19,148][kfold_wrapper.log_eval_metrics] Accuracy(layer_9 - estimator_2 - 12_folds.train_cv.predict)=73.10%
[ 2020-05-25 10:54:19,149][kfold_wrapper.log_eval_metrics] Accuracy(layer_9 - estimator_2 - 12_folds.test.predict)=62.24%
[ 2020-05-25 10:54:19,151][cascade_classifier.calc_accuracy] Accuracy(layer_9 - train.classifier_average)=66.90%
[ 2020-05-25 10:54:19,153][cascade_classifier.calc_accuracy] Accuracy(layer_9 - test.classifier_average)=41.84%
[ 2020-05-25 10:54:19,154][cascade_classifier.fit_transform] [Result][Optimal Level Detected] opt_layer_num=6, accuracy_train=75.86%, accuracy_test=52.04%
[ 2020-05-25 10:54:19,165][cascade_classifier.transform] X_groups_test.shape=[(323, 5)]
[ 2020-05-25 10:54:19,170][cascade_classifier.transform] group_dims=[5]
[ 2020-05-25 10:54:19,172][cascade_classifier.transform] X_test.shape=(323, 5)
[ 2020-05-25 10:54:19,175][cascade_classifier.transform] [layer=0] look_indexs=[0], X_cur_test.shape=(323, 5)
[ 2020-05-25 10:54:21,929][cascade_classifier.transform] [layer=1] look_indexs=[0], X_cur_test.shape=(323, 11)
[ 2020-05-25 10:54:24,657][cascade_classifier.transform] [layer=2] look_indexs=[0], X_cur_test.shape=(323, 11)
[ 2020-05-25 10:54:27,429][cascade_classifier.transform] [layer=3] look_indexs=[0], X_cur_test.shape=(323, 11)
[ 2020-05-25 10:54:30,211][cascade_classifier.transform] [layer=4] look_indexs=[0], X_cur_test.shape=(323, 11)
[ 2020-05-25 10:54:32,974][cascade_classifier.transform] [layer=5] look_indexs=[0], X_cur_test.shape=(323, 11)
[ 2020-05-25 10:57:53,875][cascade_classifier.fit_transform] X_groups_train.shape=[(2761, 5)],y_train.shape=(2761,),X_groups_test.shape=[(1841, 5)],y_test.shape=(1841,)
[ 2020-05-25 10:57:53,877][cascade_classifier.fit_transform] group_dims=[5]
[ 2020-05-25 10:57:53,881][cascade_classifier.fit_transform] group_starts=[0]
[ 2020-05-25 10:57:53,885][cascade_classifier.fit_transform] group_ends=[5]
[ 2020-05-25 10:57:53,889][cascade_classifier.fit_transform] X_train.shape=(2761, 5),X_test.shape=(1841, 5)
[ 2020-05-25 10:57:53,894][cascade_classifier.fit_transform] [layer=0] look_indexs=[0], X_cur_train.shape=(2761, 5), X_cur_test.shape=(1841, 5)
[ 2020-05-25 10:57:54,154][kfold_wrapper.log_eval_metrics] Accuracy(layer_0 - estimator_0 - 12_folds.train_0.predict)=62.77%
[ 2020-05-25 10:57:54,520][kfold_wrapper.log_eval_metrics] Accuracy(layer_0 - estimator_0 - 12_folds.train_1.predict)=61.74%
[ 2020-05-25 10:57:54,880][kfold_wrapper.log_eval_metrics] Accuracy(layer_0 - estimator_0 - 12_folds.train_2.predict)=56.96%
[ 2020-05-25 10:57:55,244][kfold_wrapper.log_eval_metrics] Accuracy(layer_0 - estimator_0 - 12_folds.train_3.predict)=58.26%
[ 2020-05-25 10:57:55,609][kfold_wrapper.log_eval_metrics] Accuracy(layer_0 - estimator_0 - 12_folds.train_4.predict)=53.04%
[ 2020-05-25 10:57:55,958][kfold_wrapper.log_eval_metrics] Accuracy(layer_0 - estimator_0 - 12_folds.train_5.predict)=60.87%
[ 2020-05-25 10:57:56,323][kfold_wrapper.log_eval_metrics] Accuracy(layer_0 - estimator_0 - 12_folds.train_6.predict)=55.22%
[ 2020-05-25 10:57:56,687][kfold_wrapper.log_eval_metrics] Accuracy(layer_0 - estimator_0 - 12_folds.train_7.predict)=54.35%
[ 2020-05-25 10:57:57,050][kfold_wrapper.log_eval_metrics] Accuracy(layer_0 - estimator_0 - 12_folds.train_8.predict)=58.26%
[ 2020-05-25 10:57:57,414][kfold_wrapper.log_eval_metrics] Accuracy(layer_0 - estimator_0 - 12_folds.train_9.predict)=62.17%
[ 2020-05-25 10:57:57,780][kfold_wrapper.log_eval_metrics] Accuracy(layer_0 - estimator_0 - 12_folds.train_10.predict)=56.09%
[ 2020-05-25 10:57:58,145][kfold_wrapper.log_eval_metrics] Accuracy(layer_0 - estimator_0 - 12_folds.train_11.predict)=59.13%
[ 2020-05-25 10:57:58,261][kfold_wrapper.log_eval_metrics] Accuracy(layer_0 - estimator_0 - 12_folds.train_cv.predict)=58.24%
[ 2020-05-25 10:57:58,264][kfold_wrapper.log_eval_metrics] Accuracy(layer_0 - estimator_0 - 12_folds.test.predict)=55.08%
[ 2020-05-25 10:57:58,523][kfold_wrapper.log_eval_metrics] Accuracy(layer_0 - estimator_1 - 12_folds.train_0.predict)=61.04%
[ 2020-05-25 10:57:58,887][kfold_wrapper.log_eval_metrics] Accuracy(layer_0 - estimator_1 - 12_folds.train_1.predict)=54.78%
[ 2020-05-25 10:57:59,249][kfold_wrapper.log_eval_metrics] Accuracy(layer_0 - estimator_1 - 12_folds.train_2.predict)=66.09%
[ 2020-05-25 10:57:59,614][kfold_wrapper.log_eval_metrics] Accuracy(layer_0 - estimator_1 - 12_folds.train_3.predict)=55.65%
[ 2020-05-25 10:57:59,979][kfold_wrapper.log_eval_metrics] Accuracy(layer_0 - estimator_1 - 12_folds.train_4.predict)=57.39%
[ 2020-05-25 10:58:00,345][kfold_wrapper.log_eval_metrics] Accuracy(layer_0 - estimator_1 - 12_folds.train_5.predict)=64.35%
[ 2020-05-25 10:58:00,708][kfold_wrapper.log_eval_metrics] Accuracy(layer_0 - estimator_1 - 12_folds.train_6.predict)=57.39%
[ 2020-05-25 10:58:01,079][kfold_wrapper.log_eval_metrics] Accuracy(layer_0 - estimator_1 - 12_folds.train_7.predict)=60.87%
[ 2020-05-25 10:58:01,427][kfold_wrapper.log_eval_metrics] Accuracy(layer_0 - estimator_1 - 12_folds.train_8.predict)=57.83%
[ 2020-05-25 10:58:01,791][kfold_wrapper.log_eval_metrics] Accuracy(layer_0 - estimator_1 - 12_folds.train_9.predict)=62.61%
[ 2020-05-25 10:58:02,153][kfold_wrapper.log_eval_metrics] Accuracy(layer_0 - estimator_1 - 12_folds.train_10.predict)=54.78%
[ 2020-05-25 10:58:02,516][kfold_wrapper.log_eval_metrics] Accuracy(layer_0 - estimator_1 - 12_folds.train_11.predict)=58.26%
[ 2020-05-25 10:58:02,632][kfold_wrapper.log_eval_metrics] Accuracy(layer_0 - estimator_1 - 12_folds.train_cv.predict)=59.25%
[ 2020-05-25 10:58:02,635][kfold_wrapper.log_eval_metrics] Accuracy(layer_0 - estimator_1 - 12_folds.test.predict)=55.51%
[ 2020-05-25 10:58:02,768][kfold_wrapper.log_eval_metrics] Accuracy(layer_0 - estimator_2 - 12_folds.train_0.predict)=64.50%
[ 2020-05-25 10:58:02,883][kfold_wrapper.log_eval_metrics] Accuracy(layer_0 - estimator_2 - 12_folds.train_1.predict)=66.52%
[ 2020-05-25 10:58:03,002][kfold_wrapper.log_eval_metrics] Accuracy(layer_0 - estimator_2 - 12_folds.train_2.predict)=66.52%
[ 2020-05-25 10:58:03,133][kfold_wrapper.log_eval_metrics] Accuracy(layer_0 - estimator_2 - 12_folds.train_3.predict)=63.04%
[ 2020-05-25 10:58:03,243][kfold_wrapper.log_eval_metrics] Accuracy(layer_0 - estimator_2 - 12_folds.train_4.predict)=65.65%
[ 2020-05-25 10:58:03,358][kfold_wrapper.log_eval_metrics] Accuracy(layer_0 - estimator_2 - 12_folds.train_5.predict)=65.65%
[ 2020-05-25 10:58:03,473][kfold_wrapper.log_eval_metrics] Accuracy(layer_0 - estimator_2 - 12_folds.train_6.predict)=63.91%
[ 2020-05-25 10:58:03,594][kfold_wrapper.log_eval_metrics] Accuracy(layer_0 - estimator_2 - 12_folds.train_7.predict)=64.78%
[ 2020-05-25 10:58:03,712][kfold_wrapper.log_eval_metrics] Accuracy(layer_0 - estimator_2 - 12_folds.train_8.predict)=61.30%
[ 2020-05-25 10:58:03,834][kfold_wrapper.log_eval_metrics] Accuracy(layer_0 - estimator_2 - 12_folds.train_9.predict)=66.96%
[ 2020-05-25 10:58:03,946][kfold_wrapper.log_eval_metrics] Accuracy(layer_0 - estimator_2 - 12_folds.train_10.predict)=66.09%
[ 2020-05-25 10:58:04,061][kfold_wrapper.log_eval_metrics] Accuracy(layer_0 - estimator_2 - 12_folds.train_11.predict)=65.22%
[ 2020-05-25 10:58:04,065][kfold_wrapper.log_eval_metrics] Accuracy(layer_0 - estimator_2 - 12_folds.train_cv.predict)=65.01%
[ 2020-05-25 10:58:04,068][kfold_wrapper.log_eval_metrics] Accuracy(layer_0 - estimator_2 - 12_folds.test.predict)=63.55%
[ 2020-05-25 10:58:04,068][cascade_classifier.calc_accuracy] Accuracy(layer_0 - train.classifier_average)=62.15%
[ 2020-05-25 10:58:04,068][cascade_classifier.calc_accuracy] Accuracy(layer_0 - test.classifier_average)=58.77%
[ 2020-05-25 10:58:04,068][cascade_classifier.fit_transform] [layer=1] look_indexs=[0], X_cur_train.shape=(2761, 11), X_cur_test.shape=(1841, 11)
[ 2020-05-25 10:58:04,332][kfold_wrapper.log_eval_metrics] Accuracy(layer_1 - estimator_0 - 12_folds.train_0.predict)=64.50%
[ 2020-05-25 10:58:04,697][kfold_wrapper.log_eval_metrics] Accuracy(layer_1 - estimator_0 - 12_folds.train_1.predict)=63.48%
[ 2020-05-25 10:58:05,063][kfold_wrapper.log_eval_metrics] Accuracy(layer_1 - estimator_0 - 12_folds.train_2.predict)=65.22%
[ 2020-05-25 10:58:05,428][kfold_wrapper.log_eval_metrics] Accuracy(layer_1 - estimator_0 - 12_folds.train_3.predict)=63.04%
[ 2020-05-25 10:58:05,792][kfold_wrapper.log_eval_metrics] Accuracy(layer_1 - estimator_0 - 12_folds.train_4.predict)=62.17%
[ 2020-05-25 10:58:06,156][kfold_wrapper.log_eval_metrics] Accuracy(layer_1 - estimator_0 - 12_folds.train_5.predict)=60.00%
[ 2020-05-25 10:58:06,504][kfold_wrapper.log_eval_metrics] Accuracy(layer_1 - estimator_0 - 12_folds.train_6.predict)=71.30%
[ 2020-05-25 10:58:06,865][kfold_wrapper.log_eval_metrics] Accuracy(layer_1 - estimator_0 - 12_folds.train_7.predict)=63.04%
[ 2020-05-25 10:58:07,228][kfold_wrapper.log_eval_metrics] Accuracy(layer_1 - estimator_0 - 12_folds.train_8.predict)=58.70%
[ 2020-05-25 10:58:07,590][kfold_wrapper.log_eval_metrics] Accuracy(layer_1 - estimator_0 - 12_folds.train_9.predict)=60.43%
[ 2020-05-25 10:58:07,955][kfold_wrapper.log_eval_metrics] Accuracy(layer_1 - estimator_0 - 12_folds.train_10.predict)=65.22%
[ 2020-05-25 10:58:08,319][kfold_wrapper.log_eval_metrics] Accuracy(layer_1 - estimator_0 - 12_folds.train_11.predict)=61.74%
[ 2020-05-25 10:58:08,435][kfold_wrapper.log_eval_metrics] Accuracy(layer_1 - estimator_0 - 12_folds.train_cv.predict)=63.24%
[ 2020-05-25 10:58:08,438][kfold_wrapper.log_eval_metrics] Accuracy(layer_1 - estimator_0 - 12_folds.test.predict)=52.85%
[ 2020-05-25 10:58:08,695][kfold_wrapper.log_eval_metrics] Accuracy(layer_1 - estimator_1 - 12_folds.train_0.predict)=62.77%
[ 2020-05-25 10:58:09,061][kfold_wrapper.log_eval_metrics] Accuracy(layer_1 - estimator_1 - 12_folds.train_1.predict)=66.52%
[ 2020-05-25 10:58:09,426][kfold_wrapper.log_eval_metrics] Accuracy(layer_1 - estimator_1 - 12_folds.train_2.predict)=59.57%
[ 2020-05-25 10:58:09,791][kfold_wrapper.log_eval_metrics] Accuracy(layer_1 - estimator_1 - 12_folds.train_3.predict)=64.78%
[ 2020-05-25 10:58:10,156][kfold_wrapper.log_eval_metrics] Accuracy(layer_1 - estimator_1 - 12_folds.train_4.predict)=60.87%
[ 2020-05-25 10:58:10,520][kfold_wrapper.log_eval_metrics] Accuracy(layer_1 - estimator_1 - 12_folds.train_5.predict)=58.70%
[ 2020-05-25 10:58:10,885][kfold_wrapper.log_eval_metrics] Accuracy(layer_1 - estimator_1 - 12_folds.train_6.predict)=61.30%
[ 2020-05-25 10:58:11,249][kfold_wrapper.log_eval_metrics] Accuracy(layer_1 - estimator_1 - 12_folds.train_7.predict)=60.00%
[ 2020-05-25 10:58:11,615][kfold_wrapper.log_eval_metrics] Accuracy(layer_1 - estimator_1 - 12_folds.train_8.predict)=65.22%
[ 2020-05-25 10:58:11,962][kfold_wrapper.log_eval_metrics] Accuracy(layer_1 - estimator_1 - 12_folds.train_9.predict)=62.61%
[ 2020-05-25 10:58:12,341][kfold_wrapper.log_eval_metrics] Accuracy(layer_1 - estimator_1 - 12_folds.train_10.predict)=60.43%
[ 2020-05-25 10:58:12,707][kfold_wrapper.log_eval_metrics] Accuracy(layer_1 - estimator_1 - 12_folds.train_11.predict)=60.43%
[ 2020-05-25 10:58:12,824][kfold_wrapper.log_eval_metrics] Accuracy(layer_1 - estimator_1 - 12_folds.train_cv.predict)=61.93%
[ 2020-05-25 10:58:12,827][kfold_wrapper.log_eval_metrics] Accuracy(layer_1 - estimator_1 - 12_folds.test.predict)=50.84%
[ 2020-05-25 10:58:13,134][kfold_wrapper.log_eval_metrics] Accuracy(layer_1 - estimator_2 - 12_folds.train_0.predict)=65.37%
[ 2020-05-25 10:58:13,493][kfold_wrapper.log_eval_metrics] Accuracy(layer_1 - estimator_2 - 12_folds.train_1.predict)=64.35%
[ 2020-05-25 10:58:13,780][kfold_wrapper.log_eval_metrics] Accuracy(layer_1 - estimator_2 - 12_folds.train_2.predict)=63.91%
[ 2020-05-25 10:58:14,119][kfold_wrapper.log_eval_metrics] Accuracy(layer_1 - estimator_2 - 12_folds.train_3.predict)=65.22%
[ 2020-05-25 10:58:14,371][kfold_wrapper.log_eval_metrics] Accuracy(layer_1 - estimator_2 - 12_folds.train_4.predict)=66.09%
[ 2020-05-25 10:58:14,707][kfold_wrapper.log_eval_metrics] Accuracy(layer_1 - estimator_2 - 12_folds.train_5.predict)=63.91%
[ 2020-05-25 10:58:15,023][kfold_wrapper.log_eval_metrics] Accuracy(layer_1 - estimator_2 - 12_folds.train_6.predict)=64.35%
[ 2020-05-25 10:58:15,274][kfold_wrapper.log_eval_metrics] Accuracy(layer_1 - estimator_2 - 12_folds.train_7.predict)=65.65%
[ 2020-05-25 10:58:15,613][kfold_wrapper.log_eval_metrics] Accuracy(layer_1 - estimator_2 - 12_folds.train_8.predict)=66.52%
[ 2020-05-25 10:58:15,952][kfold_wrapper.log_eval_metrics] Accuracy(layer_1 - estimator_2 - 12_folds.train_9.predict)=64.78%
[ 2020-05-25 10:58:16,289][kfold_wrapper.log_eval_metrics] Accuracy(layer_1 - estimator_2 - 12_folds.train_10.predict)=66.09%
[ 2020-05-25 10:58:16,566][kfold_wrapper.log_eval_metrics] Accuracy(layer_1 - estimator_2 - 12_folds.train_11.predict)=63.91%
[ 2020-05-25 10:58:16,571][kfold_wrapper.log_eval_metrics] Accuracy(layer_1 - estimator_2 - 12_folds.train_cv.predict)=65.01%
[ 2020-05-25 10:58:16,572][kfold_wrapper.log_eval_metrics] Accuracy(layer_1 - estimator_2 - 12_folds.test.predict)=63.88%
[ 2020-05-25 10:58:16,576][cascade_classifier.calc_accuracy] Accuracy(layer_1 - train.classifier_average)=65.12%
[ 2020-05-25 10:58:16,579][cascade_classifier.calc_accuracy] Accuracy(layer_1 - test.classifier_average)=54.97%
[ 2020-05-25 10:58:16,582][cascade_classifier.fit_transform] [layer=2] look_indexs=[0], X_cur_train.shape=(2761, 11), X_cur_test.shape=(1841, 11)
[ 2020-05-25 10:58:16,831][kfold_wrapper.log_eval_metrics] Accuracy(layer_2 - estimator_0 - 12_folds.train_0.predict)=57.58%
[ 2020-05-25 10:58:17,180][kfold_wrapper.log_eval_metrics] Accuracy(layer_2 - estimator_0 - 12_folds.train_1.predict)=63.91%
[ 2020-05-25 10:58:17,544][kfold_wrapper.log_eval_metrics] Accuracy(layer_2 - estimator_0 - 12_folds.train_2.predict)=59.57%
[ 2020-05-25 10:58:17,909][kfold_wrapper.log_eval_metrics] Accuracy(layer_2 - estimator_0 - 12_folds.train_3.predict)=64.78%
[ 2020-05-25 10:58:18,274][kfold_wrapper.log_eval_metrics] Accuracy(layer_2 - estimator_0 - 12_folds.train_4.predict)=62.61%
[ 2020-05-25 10:58:18,639][kfold_wrapper.log_eval_metrics] Accuracy(layer_2 - estimator_0 - 12_folds.train_5.predict)=60.87%
[ 2020-05-25 10:58:19,003][kfold_wrapper.log_eval_metrics] Accuracy(layer_2 - estimator_0 - 12_folds.train_6.predict)=61.30%
[ 2020-05-25 10:58:19,368][kfold_wrapper.log_eval_metrics] Accuracy(layer_2 - estimator_0 - 12_folds.train_7.predict)=66.52%
[ 2020-05-25 10:58:19,734][kfold_wrapper.log_eval_metrics] Accuracy(layer_2 - estimator_0 - 12_folds.train_8.predict)=63.04%
[ 2020-05-25 10:58:20,103][kfold_wrapper.log_eval_metrics] Accuracy(layer_2 - estimator_0 - 12_folds.train_9.predict)=64.35%
[ 2020-05-25 10:58:20,470][kfold_wrapper.log_eval_metrics] Accuracy(layer_2 - estimator_0 - 12_folds.train_10.predict)=60.00%
[ 2020-05-25 10:58:20,835][kfold_wrapper.log_eval_metrics] Accuracy(layer_2 - estimator_0 - 12_folds.train_11.predict)=58.26%
[ 2020-05-25 10:58:20,951][kfold_wrapper.log_eval_metrics] Accuracy(layer_2 - estimator_0 - 12_folds.train_cv.predict)=61.90%
[ 2020-05-25 10:58:20,956][kfold_wrapper.log_eval_metrics] Accuracy(layer_2 - estimator_0 - 12_folds.test.predict)=58.50%
[ 2020-05-25 10:58:21,215][kfold_wrapper.log_eval_metrics] Accuracy(layer_2 - estimator_1 - 12_folds.train_0.predict)=64.94%
[ 2020-05-25 10:58:21,580][kfold_wrapper.log_eval_metrics] Accuracy(layer_2 - estimator_1 - 12_folds.train_1.predict)=64.35%
[ 2020-05-25 10:58:21,944][kfold_wrapper.log_eval_metrics] Accuracy(layer_2 - estimator_1 - 12_folds.train_2.predict)=56.52%
[ 2020-05-25 10:58:22,305][kfold_wrapper.log_eval_metrics] Accuracy(layer_2 - estimator_1 - 12_folds.train_3.predict)=56.96%
[ 2020-05-25 10:58:22,663][kfold_wrapper.log_eval_metrics] Accuracy(layer_2 - estimator_1 - 12_folds.train_4.predict)=62.17%
[ 2020-05-25 10:58:23,027][kfold_wrapper.log_eval_metrics] Accuracy(layer_2 - estimator_1 - 12_folds.train_5.predict)=65.65%
[ 2020-05-25 10:58:23,391][kfold_wrapper.log_eval_metrics] Accuracy(layer_2 - estimator_1 - 12_folds.train_6.predict)=59.57%
[ 2020-05-25 10:58:23,756][kfold_wrapper.log_eval_metrics] Accuracy(layer_2 - estimator_1 - 12_folds.train_7.predict)=60.00%
[ 2020-05-25 10:58:24,121][kfold_wrapper.log_eval_metrics] Accuracy(layer_2 - estimator_1 - 12_folds.train_8.predict)=57.39%
[ 2020-05-25 10:58:24,486][kfold_wrapper.log_eval_metrics] Accuracy(layer_2 - estimator_1 - 12_folds.train_9.predict)=58.70%
[ 2020-05-25 10:58:24,851][kfold_wrapper.log_eval_metrics] Accuracy(layer_2 - estimator_1 - 12_folds.train_10.predict)=56.09%
[ 2020-05-25 10:58:25,216][kfold_wrapper.log_eval_metrics] Accuracy(layer_2 - estimator_1 - 12_folds.train_11.predict)=56.52%
[ 2020-05-25 10:58:25,333][kfold_wrapper.log_eval_metrics] Accuracy(layer_2 - estimator_1 - 12_folds.train_cv.predict)=59.91%
[ 2020-05-25 10:58:25,336][kfold_wrapper.log_eval_metrics] Accuracy(layer_2 - estimator_1 - 12_folds.test.predict)=58.77%
[ 2020-05-25 10:58:25,619][kfold_wrapper.log_eval_metrics] Accuracy(layer_2 - estimator_2 - 12_folds.train_0.predict)=66.67%
[ 2020-05-25 10:58:25,884][kfold_wrapper.log_eval_metrics] Accuracy(layer_2 - estimator_2 - 12_folds.train_1.predict)=65.22%
[ 2020-05-25 10:58:26,156][kfold_wrapper.log_eval_metrics] Accuracy(layer_2 - estimator_2 - 12_folds.train_2.predict)=63.91%
[ 2020-05-25 10:58:26,508][kfold_wrapper.log_eval_metrics] Accuracy(layer_2 - estimator_2 - 12_folds.train_3.predict)=60.87%
[ 2020-05-25 10:58:26,779][kfold_wrapper.log_eval_metrics] Accuracy(layer_2 - estimator_2 - 12_folds.train_4.predict)=67.39%
[ 2020-05-25 10:58:27,023][kfold_wrapper.log_eval_metrics] Accuracy(layer_2 - estimator_2 - 12_folds.train_5.predict)=67.39%
[ 2020-05-25 10:58:27,255][kfold_wrapper.log_eval_metrics] Accuracy(layer_2 - estimator_2 - 12_folds.train_6.predict)=65.65%
[ 2020-05-25 10:58:27,509][kfold_wrapper.log_eval_metrics] Accuracy(layer_2 - estimator_2 - 12_folds.train_7.predict)=66.09%
[ 2020-05-25 10:58:27,721][kfold_wrapper.log_eval_metrics] Accuracy(layer_2 - estimator_2 - 12_folds.train_8.predict)=65.65%
[ 2020-05-25 10:58:28,080][kfold_wrapper.log_eval_metrics] Accuracy(layer_2 - estimator_2 - 12_folds.train_9.predict)=68.26%
[ 2020-05-25 10:58:28,365][kfold_wrapper.log_eval_metrics] Accuracy(layer_2 - estimator_2 - 12_folds.train_10.predict)=63.91%
[ 2020-05-25 10:58:28,691][kfold_wrapper.log_eval_metrics] Accuracy(layer_2 - estimator_2 - 12_folds.train_11.predict)=66.52%
[ 2020-05-25 10:58:28,695][kfold_wrapper.log_eval_metrics] Accuracy(layer_2 - estimator_2 - 12_folds.train_cv.predict)=65.63%
[ 2020-05-25 10:58:28,698][kfold_wrapper.log_eval_metrics] Accuracy(layer_2 - estimator_2 - 12_folds.test.predict)=61.11%
[ 2020-05-25 10:58:28,702][cascade_classifier.calc_accuracy] Accuracy(layer_2 - train.classifier_average)=63.67%
[ 2020-05-25 10:58:28,704][cascade_classifier.calc_accuracy] Accuracy(layer_2 - test.classifier_average)=59.37%
[ 2020-05-25 10:58:28,707][cascade_classifier.fit_transform] [layer=3] look_indexs=[0], X_cur_train.shape=(2761, 11), X_cur_test.shape=(1841, 11)
[ 2020-05-25 10:58:28,952][kfold_wrapper.log_eval_metrics] Accuracy(layer_3 - estimator_0 - 12_folds.train_0.predict)=58.44%
[ 2020-05-25 10:58:29,315][kfold_wrapper.log_eval_metrics] Accuracy(layer_3 - estimator_0 - 12_folds.train_1.predict)=64.78%
[ 2020-05-25 10:58:29,681][kfold_wrapper.log_eval_metrics] Accuracy(layer_3 - estimator_0 - 12_folds.train_2.predict)=56.52%
[ 2020-05-25 10:58:30,047][kfold_wrapper.log_eval_metrics] Accuracy(layer_3 - estimator_0 - 12_folds.train_3.predict)=56.52%
[ 2020-05-25 10:58:30,413][kfold_wrapper.log_eval_metrics] Accuracy(layer_3 - estimator_0 - 12_folds.train_4.predict)=60.00%
[ 2020-05-25 10:58:30,780][kfold_wrapper.log_eval_metrics] Accuracy(layer_3 - estimator_0 - 12_folds.train_5.predict)=65.22%
[ 2020-05-25 10:58:31,145][kfold_wrapper.log_eval_metrics] Accuracy(layer_3 - estimator_0 - 12_folds.train_6.predict)=60.00%
[ 2020-05-25 10:58:31,510][kfold_wrapper.log_eval_metrics] Accuracy(layer_3 - estimator_0 - 12_folds.train_7.predict)=61.30%
[ 2020-05-25 10:58:31,875][kfold_wrapper.log_eval_metrics] Accuracy(layer_3 - estimator_0 - 12_folds.train_8.predict)=60.00%
[ 2020-05-25 10:58:32,241][kfold_wrapper.log_eval_metrics] Accuracy(layer_3 - estimator_0 - 12_folds.train_9.predict)=59.57%
[ 2020-05-25 10:58:32,607][kfold_wrapper.log_eval_metrics] Accuracy(layer_3 - estimator_0 - 12_folds.train_10.predict)=66.09%
[ 2020-05-25 10:58:32,958][kfold_wrapper.log_eval_metrics] Accuracy(layer_3 - estimator_0 - 12_folds.train_11.predict)=57.83%
[ 2020-05-25 10:58:33,073][kfold_wrapper.log_eval_metrics] Accuracy(layer_3 - estimator_0 - 12_folds.train_cv.predict)=60.52%
[ 2020-05-25 10:58:33,076][kfold_wrapper.log_eval_metrics] Accuracy(layer_3 - estimator_0 - 12_folds.test.predict)=55.84%
[ 2020-05-25 10:58:33,332][kfold_wrapper.log_eval_metrics] Accuracy(layer_3 - estimator_1 - 12_folds.train_0.predict)=61.47%
[ 2020-05-25 10:58:33,698][kfold_wrapper.log_eval_metrics] Accuracy(layer_3 - estimator_1 - 12_folds.train_1.predict)=60.00%
[ 2020-05-25 10:58:34,062][kfold_wrapper.log_eval_metrics] Accuracy(layer_3 - estimator_1 - 12_folds.train_2.predict)=63.48%
[ 2020-05-25 10:58:34,427][kfold_wrapper.log_eval_metrics] Accuracy(layer_3 - estimator_1 - 12_folds.train_3.predict)=57.39%
[ 2020-05-25 10:58:34,791][kfold_wrapper.log_eval_metrics] Accuracy(layer_3 - estimator_1 - 12_folds.train_4.predict)=60.43%
[ 2020-05-25 10:58:35,157][kfold_wrapper.log_eval_metrics] Accuracy(layer_3 - estimator_1 - 12_folds.train_5.predict)=62.61%
[ 2020-05-25 10:58:35,522][kfold_wrapper.log_eval_metrics] Accuracy(layer_3 - estimator_1 - 12_folds.train_6.predict)=61.30%
[ 2020-05-25 10:58:35,886][kfold_wrapper.log_eval_metrics] Accuracy(layer_3 - estimator_1 - 12_folds.train_7.predict)=59.57%
[ 2020-05-25 10:58:36,253][kfold_wrapper.log_eval_metrics] Accuracy(layer_3 - estimator_1 - 12_folds.train_8.predict)=60.00%
[ 2020-05-25 10:58:36,618][kfold_wrapper.log_eval_metrics] Accuracy(layer_3 - estimator_1 - 12_folds.train_9.predict)=67.83%
[ 2020-05-25 10:58:36,981][kfold_wrapper.log_eval_metrics] Accuracy(layer_3 - estimator_1 - 12_folds.train_10.predict)=57.39%
[ 2020-05-25 10:58:37,348][kfold_wrapper.log_eval_metrics] Accuracy(layer_3 - estimator_1 - 12_folds.train_11.predict)=57.83%
[ 2020-05-25 10:58:37,465][kfold_wrapper.log_eval_metrics] Accuracy(layer_3 - estimator_1 - 12_folds.train_cv.predict)=60.78%
[ 2020-05-25 10:58:37,468][kfold_wrapper.log_eval_metrics] Accuracy(layer_3 - estimator_1 - 12_folds.test.predict)=55.08%
[ 2020-05-25 10:58:37,717][kfold_wrapper.log_eval_metrics] Accuracy(layer_3 - estimator_2 - 12_folds.train_0.predict)=63.64%
[ 2020-05-25 10:58:37,974][kfold_wrapper.log_eval_metrics] Accuracy(layer_3 - estimator_2 - 12_folds.train_1.predict)=63.91%
[ 2020-05-25 10:58:38,139][kfold_wrapper.log_eval_metrics] Accuracy(layer_3 - estimator_2 - 12_folds.train_2.predict)=65.22%
[ 2020-05-25 10:58:38,280][kfold_wrapper.log_eval_metrics] Accuracy(layer_3 - estimator_2 - 12_folds.train_3.predict)=66.96%
[ 2020-05-25 10:58:38,463][kfold_wrapper.log_eval_metrics] Accuracy(layer_3 - estimator_2 - 12_folds.train_4.predict)=67.83%
[ 2020-05-25 10:58:38,777][kfold_wrapper.log_eval_metrics] Accuracy(layer_3 - estimator_2 - 12_folds.train_5.predict)=66.09%
[ 2020-05-25 10:58:39,033][kfold_wrapper.log_eval_metrics] Accuracy(layer_3 - estimator_2 - 12_folds.train_6.predict)=63.48%
[ 2020-05-25 10:58:39,309][kfold_wrapper.log_eval_metrics] Accuracy(layer_3 - estimator_2 - 12_folds.train_7.predict)=63.91%
[ 2020-05-25 10:58:39,622][kfold_wrapper.log_eval_metrics] Accuracy(layer_3 - estimator_2 - 12_folds.train_8.predict)=66.52%
[ 2020-05-25 10:58:39,841][kfold_wrapper.log_eval_metrics] Accuracy(layer_3 - estimator_2 - 12_folds.train_9.predict)=65.22%
[ 2020-05-25 10:58:40,042][kfold_wrapper.log_eval_metrics] Accuracy(layer_3 - estimator_2 - 12_folds.train_10.predict)=65.65%
[ 2020-05-25 10:58:40,374][kfold_wrapper.log_eval_metrics] Accuracy(layer_3 - estimator_2 - 12_folds.train_11.predict)=65.22%
[ 2020-05-25 10:58:40,380][kfold_wrapper.log_eval_metrics] Accuracy(layer_3 - estimator_2 - 12_folds.train_cv.predict)=65.30%
[ 2020-05-25 10:58:40,382][kfold_wrapper.log_eval_metrics] Accuracy(layer_3 - estimator_2 - 12_folds.test.predict)=63.50%
[ 2020-05-25 10:58:40,387][cascade_classifier.calc_accuracy] Accuracy(layer_3 - train.classifier_average)=63.71%
[ 2020-05-25 10:58:40,390][cascade_classifier.calc_accuracy] Accuracy(layer_3 - test.classifier_average)=57.47%
[ 2020-05-25 10:58:40,393][cascade_classifier.fit_transform] [layer=4] look_indexs=[0], X_cur_train.shape=(2761, 11), X_cur_test.shape=(1841, 11)
[ 2020-05-25 10:58:40,640][kfold_wrapper.log_eval_metrics] Accuracy(layer_4 - estimator_0 - 12_folds.train_0.predict)=61.90%
[ 2020-05-25 10:58:41,006][kfold_wrapper.log_eval_metrics] Accuracy(layer_4 - estimator_0 - 12_folds.train_1.predict)=65.22%
[ 2020-05-25 10:58:41,372][kfold_wrapper.log_eval_metrics] Accuracy(layer_4 - estimator_0 - 12_folds.train_2.predict)=62.17%
[ 2020-05-25 10:58:41,737][kfold_wrapper.log_eval_metrics] Accuracy(layer_4 - estimator_0 - 12_folds.train_3.predict)=59.13%
[ 2020-05-25 10:58:42,102][kfold_wrapper.log_eval_metrics] Accuracy(layer_4 - estimator_0 - 12_folds.train_4.predict)=61.74%
[ 2020-05-25 10:58:42,468][kfold_wrapper.log_eval_metrics] Accuracy(layer_4 - estimator_0 - 12_folds.train_5.predict)=65.65%
[ 2020-05-25 10:58:42,833][kfold_wrapper.log_eval_metrics] Accuracy(layer_4 - estimator_0 - 12_folds.train_6.predict)=57.39%
[ 2020-05-25 10:58:43,197][kfold_wrapper.log_eval_metrics] Accuracy(layer_4 - estimator_0 - 12_folds.train_7.predict)=61.74%
[ 2020-05-25 10:58:43,549][kfold_wrapper.log_eval_metrics] Accuracy(layer_4 - estimator_0 - 12_folds.train_8.predict)=61.30%
[ 2020-05-25 10:58:43,911][kfold_wrapper.log_eval_metrics] Accuracy(layer_4 - estimator_0 - 12_folds.train_9.predict)=58.70%
[ 2020-05-25 10:58:44,277][kfold_wrapper.log_eval_metrics] Accuracy(layer_4 - estimator_0 - 12_folds.train_10.predict)=61.74%
[ 2020-05-25 10:58:44,643][kfold_wrapper.log_eval_metrics] Accuracy(layer_4 - estimator_0 - 12_folds.train_11.predict)=63.04%
[ 2020-05-25 10:58:44,759][kfold_wrapper.log_eval_metrics] Accuracy(layer_4 - estimator_0 - 12_folds.train_cv.predict)=61.64%
[ 2020-05-25 10:58:44,763][kfold_wrapper.log_eval_metrics] Accuracy(layer_4 - estimator_0 - 12_folds.test.predict)=55.40%
[ 2020-05-25 10:58:45,020][kfold_wrapper.log_eval_metrics] Accuracy(layer_4 - estimator_1 - 12_folds.train_0.predict)=58.87%
[ 2020-05-25 10:58:45,385][kfold_wrapper.log_eval_metrics] Accuracy(layer_4 - estimator_1 - 12_folds.train_1.predict)=60.00%
[ 2020-05-25 10:58:45,751][kfold_wrapper.log_eval_metrics] Accuracy(layer_4 - estimator_1 - 12_folds.train_2.predict)=59.13%
[ 2020-05-25 10:58:46,116][kfold_wrapper.log_eval_metrics] Accuracy(layer_4 - estimator_1 - 12_folds.train_3.predict)=57.39%
[ 2020-05-25 10:58:46,481][kfold_wrapper.log_eval_metrics] Accuracy(layer_4 - estimator_1 - 12_folds.train_4.predict)=58.70%
[ 2020-05-25 10:58:46,847][kfold_wrapper.log_eval_metrics] Accuracy(layer_4 - estimator_1 - 12_folds.train_5.predict)=62.61%
[ 2020-05-25 10:58:47,213][kfold_wrapper.log_eval_metrics] Accuracy(layer_4 - estimator_1 - 12_folds.train_6.predict)=57.39%
[ 2020-05-25 10:58:47,579][kfold_wrapper.log_eval_metrics] Accuracy(layer_4 - estimator_1 - 12_folds.train_7.predict)=60.87%
[ 2020-05-25 10:58:47,944][kfold_wrapper.log_eval_metrics] Accuracy(layer_4 - estimator_1 - 12_folds.train_8.predict)=59.13%
[ 2020-05-25 10:58:48,309][kfold_wrapper.log_eval_metrics] Accuracy(layer_4 - estimator_1 - 12_folds.train_9.predict)=61.30%
[ 2020-05-25 10:58:48,673][kfold_wrapper.log_eval_metrics] Accuracy(layer_4 - estimator_1 - 12_folds.train_10.predict)=60.00%
[ 2020-05-25 10:58:49,021][kfold_wrapper.log_eval_metrics] Accuracy(layer_4 - estimator_1 - 12_folds.train_11.predict)=60.00%
[ 2020-05-25 10:58:49,139][kfold_wrapper.log_eval_metrics] Accuracy(layer_4 - estimator_1 - 12_folds.train_cv.predict)=59.62%
[ 2020-05-25 10:58:49,143][kfold_wrapper.log_eval_metrics] Accuracy(layer_4 - estimator_1 - 12_folds.test.predict)=52.85%
[ 2020-05-25 10:58:49,357][kfold_wrapper.log_eval_metrics] Accuracy(layer_4 - estimator_2 - 12_folds.train_0.predict)=65.37%
[ 2020-05-25 10:58:49,668][kfold_wrapper.log_eval_metrics] Accuracy(layer_4 - estimator_2 - 12_folds.train_1.predict)=67.39%
[ 2020-05-25 10:58:49,903][kfold_wrapper.log_eval_metrics] Accuracy(layer_4 - estimator_2 - 12_folds.train_2.predict)=65.22%
[ 2020-05-25 10:58:50,106][kfold_wrapper.log_eval_metrics] Accuracy(layer_4 - estimator_2 - 12_folds.train_3.predict)=65.65%
[ 2020-05-25 10:58:50,336][kfold_wrapper.log_eval_metrics] Accuracy(layer_4 - estimator_2 - 12_folds.train_4.predict)=67.39%
[ 2020-05-25 10:58:50,512][kfold_wrapper.log_eval_metrics] Accuracy(layer_4 - estimator_2 - 12_folds.train_5.predict)=65.65%
[ 2020-05-25 10:58:50,755][kfold_wrapper.log_eval_metrics] Accuracy(layer_4 - estimator_2 - 12_folds.train_6.predict)=66.52%
[ 2020-05-25 10:58:50,939][kfold_wrapper.log_eval_metrics] Accuracy(layer_4 - estimator_2 - 12_folds.train_7.predict)=62.61%
[ 2020-05-25 10:58:51,167][kfold_wrapper.log_eval_metrics] Accuracy(layer_4 - estimator_2 - 12_folds.train_8.predict)=64.35%
[ 2020-05-25 10:58:51,401][kfold_wrapper.log_eval_metrics] Accuracy(layer_4 - estimator_2 - 12_folds.train_9.predict)=66.09%
[ 2020-05-25 10:58:51,604][kfold_wrapper.log_eval_metrics] Accuracy(layer_4 - estimator_2 - 12_folds.train_10.predict)=62.61%
[ 2020-05-25 10:58:51,870][kfold_wrapper.log_eval_metrics] Accuracy(layer_4 - estimator_2 - 12_folds.train_11.predict)=64.78%
[ 2020-05-25 10:58:51,870][kfold_wrapper.log_eval_metrics] Accuracy(layer_4 - estimator_2 - 12_folds.train_cv.predict)=65.30%
[ 2020-05-25 10:58:51,870][kfold_wrapper.log_eval_metrics] Accuracy(layer_4 - estimator_2 - 12_folds.test.predict)=63.12%
[ 2020-05-25 10:58:51,886][cascade_classifier.calc_accuracy] Accuracy(layer_4 - train.classifier_average)=64.11%
[ 2020-05-25 10:58:51,886][cascade_classifier.calc_accuracy] Accuracy(layer_4 - test.classifier_average)=55.62%
[ 2020-05-25 10:58:51,886][cascade_classifier.fit_transform] [layer=5] look_indexs=[0], X_cur_train.shape=(2761, 11), X_cur_test.shape=(1841, 11)
[ 2020-05-25 10:58:52,154][kfold_wrapper.log_eval_metrics] Accuracy(layer_5 - estimator_0 - 12_folds.train_0.predict)=61.04%
[ 2020-05-25 10:58:52,521][kfold_wrapper.log_eval_metrics] Accuracy(layer_5 - estimator_0 - 12_folds.train_1.predict)=59.57%
[ 2020-05-25 10:58:52,887][kfold_wrapper.log_eval_metrics] Accuracy(layer_5 - estimator_0 - 12_folds.train_2.predict)=64.78%
[ 2020-05-25 10:58:53,278][kfold_wrapper.log_eval_metrics] Accuracy(layer_5 - estimator_0 - 12_folds.train_3.predict)=61.30%
[ 2020-05-25 10:58:53,669][kfold_wrapper.log_eval_metrics] Accuracy(layer_5 - estimator_0 - 12_folds.train_4.predict)=59.13%
[ 2020-05-25 10:58:54,044][kfold_wrapper.log_eval_metrics] Accuracy(layer_5 - estimator_0 - 12_folds.train_5.predict)=60.00%
[ 2020-05-25 10:58:54,421][kfold_wrapper.log_eval_metrics] Accuracy(layer_5 - estimator_0 - 12_folds.train_6.predict)=68.70%
[ 2020-05-25 10:58:54,816][kfold_wrapper.log_eval_metrics] Accuracy(layer_5 - estimator_0 - 12_folds.train_7.predict)=57.39%
[ 2020-05-25 10:58:55,203][kfold_wrapper.log_eval_metrics] Accuracy(layer_5 - estimator_0 - 12_folds.train_8.predict)=60.87%
[ 2020-05-25 10:58:55,594][kfold_wrapper.log_eval_metrics] Accuracy(layer_5 - estimator_0 - 12_folds.train_9.predict)=64.35%
[ 2020-05-25 10:58:55,984][kfold_wrapper.log_eval_metrics] Accuracy(layer_5 - estimator_0 - 12_folds.train_10.predict)=58.70%
[ 2020-05-25 10:58:56,377][kfold_wrapper.log_eval_metrics] Accuracy(layer_5 - estimator_0 - 12_folds.train_11.predict)=60.87%
[ 2020-05-25 10:58:56,502][kfold_wrapper.log_eval_metrics] Accuracy(layer_5 - estimator_0 - 12_folds.train_cv.predict)=61.39%
[ 2020-05-25 10:58:56,502][kfold_wrapper.log_eval_metrics] Accuracy(layer_5 - estimator_0 - 12_folds.test.predict)=60.18%
[ 2020-05-25 10:58:56,783][kfold_wrapper.log_eval_metrics] Accuracy(layer_5 - estimator_1 - 12_folds.train_0.predict)=60.61%
[ 2020-05-25 10:58:57,174][kfold_wrapper.log_eval_metrics] Accuracy(layer_5 - estimator_1 - 12_folds.train_1.predict)=60.43%
[ 2020-05-25 10:58:57,564][kfold_wrapper.log_eval_metrics] Accuracy(layer_5 - estimator_1 - 12_folds.train_2.predict)=63.04%
[ 2020-05-25 10:58:57,955][kfold_wrapper.log_eval_metrics] Accuracy(layer_5 - estimator_1 - 12_folds.train_3.predict)=63.91%
[ 2020-05-25 10:58:58,347][kfold_wrapper.log_eval_metrics] Accuracy(layer_5 - estimator_1 - 12_folds.train_4.predict)=57.39%
[ 2020-05-25 10:58:58,737][kfold_wrapper.log_eval_metrics] Accuracy(layer_5 - estimator_1 - 12_folds.train_5.predict)=60.00%
[ 2020-05-25 10:58:59,116][kfold_wrapper.log_eval_metrics] Accuracy(layer_5 - estimator_1 - 12_folds.train_6.predict)=59.57%
[ 2020-05-25 10:58:59,489][kfold_wrapper.log_eval_metrics] Accuracy(layer_5 - estimator_1 - 12_folds.train_7.predict)=60.00%
[ 2020-05-25 10:58:59,880][kfold_wrapper.log_eval_metrics] Accuracy(layer_5 - estimator_1 - 12_folds.train_8.predict)=62.61%
[ 2020-05-25 10:59:00,272][kfold_wrapper.log_eval_metrics] Accuracy(layer_5 - estimator_1 - 12_folds.train_9.predict)=63.91%
[ 2020-05-25 10:59:00,662][kfold_wrapper.log_eval_metrics] Accuracy(layer_5 - estimator_1 - 12_folds.train_10.predict)=60.00%
[ 2020-05-25 10:59:01,053][kfold_wrapper.log_eval_metrics] Accuracy(layer_5 - estimator_1 - 12_folds.train_11.predict)=57.83%
[ 2020-05-25 10:59:01,179][kfold_wrapper.log_eval_metrics] Accuracy(layer_5 - estimator_1 - 12_folds.train_cv.predict)=60.78%
[ 2020-05-25 10:59:01,179][kfold_wrapper.log_eval_metrics] Accuracy(layer_5 - estimator_1 - 12_folds.test.predict)=58.12%
[ 2020-05-25 10:59:01,398][kfold_wrapper.log_eval_metrics] Accuracy(layer_5 - estimator_2 - 12_folds.train_0.predict)=64.07%
[ 2020-05-25 10:59:01,585][kfold_wrapper.log_eval_metrics] Accuracy(layer_5 - estimator_2 - 12_folds.train_1.predict)=64.78%
[ 2020-05-25 10:59:01,773][kfold_wrapper.log_eval_metrics] Accuracy(layer_5 - estimator_2 - 12_folds.train_2.predict)=67.83%
[ 2020-05-25 10:59:02,054][kfold_wrapper.log_eval_metrics] Accuracy(layer_5 - estimator_2 - 12_folds.train_3.predict)=65.65%
[ 2020-05-25 10:59:02,271][kfold_wrapper.log_eval_metrics] Accuracy(layer_5 - estimator_2 - 12_folds.train_4.predict)=63.04%
[ 2020-05-25 10:59:02,475][kfold_wrapper.log_eval_metrics] Accuracy(layer_5 - estimator_2 - 12_folds.train_5.predict)=65.22%
[ 2020-05-25 10:59:02,710][kfold_wrapper.log_eval_metrics] Accuracy(layer_5 - estimator_2 - 12_folds.train_6.predict)=62.61%
[ 2020-05-25 10:59:03,006][kfold_wrapper.log_eval_metrics] Accuracy(layer_5 - estimator_2 - 12_folds.train_7.predict)=65.65%
[ 2020-05-25 10:59:03,258][kfold_wrapper.log_eval_metrics] Accuracy(layer_5 - estimator_2 - 12_folds.train_8.predict)=67.83%
[ 2020-05-25 10:59:03,539][kfold_wrapper.log_eval_metrics] Accuracy(layer_5 - estimator_2 - 12_folds.train_9.predict)=64.35%
[ 2020-05-25 10:59:03,758][kfold_wrapper.log_eval_metrics] Accuracy(layer_5 - estimator_2 - 12_folds.train_10.predict)=65.22%
[ 2020-05-25 10:59:04,070][kfold_wrapper.log_eval_metrics] Accuracy(layer_5 - estimator_2 - 12_folds.train_11.predict)=65.65%
[ 2020-05-25 10:59:04,070][kfold_wrapper.log_eval_metrics] Accuracy(layer_5 - estimator_2 - 12_folds.train_cv.predict)=65.16%
[ 2020-05-25 10:59:04,070][kfold_wrapper.log_eval_metrics] Accuracy(layer_5 - estimator_2 - 12_folds.test.predict)=63.61%
[ 2020-05-25 10:59:04,086][cascade_classifier.calc_accuracy] Accuracy(layer_5 - train.classifier_average)=64.40%
[ 2020-05-25 10:59:04,086][cascade_classifier.calc_accuracy] Accuracy(layer_5 - test.classifier_average)=60.08%
[ 2020-05-25 10:59:04,086][cascade_classifier.fit_transform] [Result][Optimal Level Detected] opt_layer_num=2, accuracy_train=65.12%, accuracy_test=54.97%
[ 2020-05-25 10:59:04,213][cascade_classifier.transform] X_groups_test.shape=[(323, 5)]
[ 2020-05-25 10:59:04,213][cascade_classifier.transform] group_dims=[5]
[ 2020-05-25 10:59:04,213][cascade_classifier.transform] X_test.shape=(323, 5)
[ 2020-05-25 10:59:04,213][cascade_classifier.transform] [layer=0] look_indexs=[0], X_cur_test.shape=(323, 5)
[ 2020-05-25 10:59:07,113][cascade_classifier.transform] [layer=1] look_indexs=[0], X_cur_test.shape=(323, 11)
[ 2020-05-25 11:00:40,484][cascade_classifier.fit_transform] X_groups_train.shape=[(2761, 5)],y_train.shape=(2761,),X_groups_test.shape=[(1841, 5)],y_test.shape=(1841,)
[ 2020-05-25 11:00:40,500][cascade_classifier.fit_transform] group_dims=[5]
[ 2020-05-25 11:00:40,500][cascade_classifier.fit_transform] group_starts=[0]
[ 2020-05-25 11:00:40,500][cascade_classifier.fit_transform] group_ends=[5]
[ 2020-05-25 11:00:40,500][cascade_classifier.fit_transform] X_train.shape=(2761, 5),X_test.shape=(1841, 5)
[ 2020-05-25 11:00:40,515][cascade_classifier.fit_transform] [layer=0] look_indexs=[0], X_cur_train.shape=(2761, 5), X_cur_test.shape=(1841, 5)
[ 2020-05-25 11:00:40,828][kfold_wrapper.log_eval_metrics] Accuracy(layer_0 - estimator_0 - 12_folds.train_0.predict)=62.77%
[ 2020-05-25 11:00:41,206][kfold_wrapper.log_eval_metrics] Accuracy(layer_0 - estimator_0 - 12_folds.train_1.predict)=61.74%
[ 2020-05-25 11:00:41,595][kfold_wrapper.log_eval_metrics] Accuracy(layer_0 - estimator_0 - 12_folds.train_2.predict)=56.96%
[ 2020-05-25 11:00:41,985][kfold_wrapper.log_eval_metrics] Accuracy(layer_0 - estimator_0 - 12_folds.train_3.predict)=58.26%
[ 2020-05-25 11:00:42,362][kfold_wrapper.log_eval_metrics] Accuracy(layer_0 - estimator_0 - 12_folds.train_4.predict)=53.04%
[ 2020-05-25 11:00:42,737][kfold_wrapper.log_eval_metrics] Accuracy(layer_0 - estimator_0 - 12_folds.train_5.predict)=60.87%
[ 2020-05-25 11:00:43,115][kfold_wrapper.log_eval_metrics] Accuracy(layer_0 - estimator_0 - 12_folds.train_6.predict)=55.22%
[ 2020-05-25 11:00:43,503][kfold_wrapper.log_eval_metrics] Accuracy(layer_0 - estimator_0 - 12_folds.train_7.predict)=54.35%
[ 2020-05-25 11:00:43,894][kfold_wrapper.log_eval_metrics] Accuracy(layer_0 - estimator_0 - 12_folds.train_8.predict)=58.26%
[ 2020-05-25 11:00:44,272][kfold_wrapper.log_eval_metrics] Accuracy(layer_0 - estimator_0 - 12_folds.train_9.predict)=62.17%
[ 2020-05-25 11:00:44,663][kfold_wrapper.log_eval_metrics] Accuracy(layer_0 - estimator_0 - 12_folds.train_10.predict)=56.09%
[ 2020-05-25 11:00:45,053][kfold_wrapper.log_eval_metrics] Accuracy(layer_0 - estimator_0 - 12_folds.train_11.predict)=59.13%
[ 2020-05-25 11:00:45,170][kfold_wrapper.log_eval_metrics] Accuracy(layer_0 - estimator_0 - 12_folds.train_cv.predict)=58.24%
[ 2020-05-25 11:00:45,174][kfold_wrapper.log_eval_metrics] Accuracy(layer_0 - estimator_0 - 12_folds.test.predict)=55.08%
[ 2020-05-25 11:00:45,430][kfold_wrapper.log_eval_metrics] Accuracy(layer_0 - estimator_1 - 12_folds.train_0.predict)=61.04%
[ 2020-05-25 11:00:45,821][kfold_wrapper.log_eval_metrics] Accuracy(layer_0 - estimator_1 - 12_folds.train_1.predict)=54.78%
[ 2020-05-25 11:00:46,199][kfold_wrapper.log_eval_metrics] Accuracy(layer_0 - estimator_1 - 12_folds.train_2.predict)=66.09%
[ 2020-05-25 11:00:46,588][kfold_wrapper.log_eval_metrics] Accuracy(layer_0 - estimator_1 - 12_folds.train_3.predict)=55.65%
[ 2020-05-25 11:00:46,979][kfold_wrapper.log_eval_metrics] Accuracy(layer_0 - estimator_1 - 12_folds.train_4.predict)=57.39%
[ 2020-05-25 11:00:47,355][kfold_wrapper.log_eval_metrics] Accuracy(layer_0 - estimator_1 - 12_folds.train_5.predict)=64.35%
[ 2020-05-25 11:00:47,745][kfold_wrapper.log_eval_metrics] Accuracy(layer_0 - estimator_1 - 12_folds.train_6.predict)=57.39%
[ 2020-05-25 11:00:48,123][kfold_wrapper.log_eval_metrics] Accuracy(layer_0 - estimator_1 - 12_folds.train_7.predict)=60.87%
[ 2020-05-25 11:00:48,513][kfold_wrapper.log_eval_metrics] Accuracy(layer_0 - estimator_1 - 12_folds.train_8.predict)=57.83%
[ 2020-05-25 11:00:48,903][kfold_wrapper.log_eval_metrics] Accuracy(layer_0 - estimator_1 - 12_folds.train_9.predict)=62.61%
[ 2020-05-25 11:00:49,276][kfold_wrapper.log_eval_metrics] Accuracy(layer_0 - estimator_1 - 12_folds.train_10.predict)=54.78%
[ 2020-05-25 11:00:49,670][kfold_wrapper.log_eval_metrics] Accuracy(layer_0 - estimator_1 - 12_folds.train_11.predict)=58.26%
[ 2020-05-25 11:00:49,789][kfold_wrapper.log_eval_metrics] Accuracy(layer_0 - estimator_1 - 12_folds.train_cv.predict)=59.25%
[ 2020-05-25 11:00:49,789][kfold_wrapper.log_eval_metrics] Accuracy(layer_0 - estimator_1 - 12_folds.test.predict)=55.51%
[ 2020-05-25 11:00:49,914][kfold_wrapper.log_eval_metrics] Accuracy(layer_0 - estimator_2 - 12_folds.train_0.predict)=64.50%
[ 2020-05-25 11:00:50,039][kfold_wrapper.log_eval_metrics] Accuracy(layer_0 - estimator_2 - 12_folds.train_1.predict)=66.52%
[ 2020-05-25 11:00:50,143][kfold_wrapper.log_eval_metrics] Accuracy(layer_0 - estimator_2 - 12_folds.train_2.predict)=66.52%
[ 2020-05-25 11:00:50,252][kfold_wrapper.log_eval_metrics] Accuracy(layer_0 - estimator_2 - 12_folds.train_3.predict)=63.04%
[ 2020-05-25 11:00:50,361][kfold_wrapper.log_eval_metrics] Accuracy(layer_0 - estimator_2 - 12_folds.train_4.predict)=65.65%
[ 2020-05-25 11:00:50,471][kfold_wrapper.log_eval_metrics] Accuracy(layer_0 - estimator_2 - 12_folds.train_5.predict)=65.65%
[ 2020-05-25 11:00:50,564][kfold_wrapper.log_eval_metrics] Accuracy(layer_0 - estimator_2 - 12_folds.train_6.predict)=63.91%
[ 2020-05-25 11:00:50,658][kfold_wrapper.log_eval_metrics] Accuracy(layer_0 - estimator_2 - 12_folds.train_7.predict)=64.78%
[ 2020-05-25 11:00:50,752][kfold_wrapper.log_eval_metrics] Accuracy(layer_0 - estimator_2 - 12_folds.train_8.predict)=61.30%
[ 2020-05-25 11:00:50,877][kfold_wrapper.log_eval_metrics] Accuracy(layer_0 - estimator_2 - 12_folds.train_9.predict)=66.96%
[ 2020-05-25 11:00:50,986][kfold_wrapper.log_eval_metrics] Accuracy(layer_0 - estimator_2 - 12_folds.train_10.predict)=66.09%
[ 2020-05-25 11:00:51,109][kfold_wrapper.log_eval_metrics] Accuracy(layer_0 - estimator_2 - 12_folds.train_11.predict)=65.22%
[ 2020-05-25 11:00:51,112][kfold_wrapper.log_eval_metrics] Accuracy(layer_0 - estimator_2 - 12_folds.train_cv.predict)=65.01%
[ 2020-05-25 11:00:51,115][kfold_wrapper.log_eval_metrics] Accuracy(layer_0 - estimator_2 - 12_folds.test.predict)=63.55%
[ 2020-05-25 11:00:51,119][cascade_classifier.calc_accuracy] Accuracy(layer_0 - train.classifier_average)=62.15%
[ 2020-05-25 11:00:51,122][cascade_classifier.calc_accuracy] Accuracy(layer_0 - test.classifier_average)=58.77%
[ 2020-05-25 11:00:51,125][cascade_classifier.fit_transform] [layer=1] look_indexs=[0], X_cur_train.shape=(2761, 11), X_cur_test.shape=(1841, 11)
[ 2020-05-25 11:00:51,363][kfold_wrapper.log_eval_metrics] Accuracy(layer_1 - estimator_0 - 12_folds.train_0.predict)=64.50%
[ 2020-05-25 11:00:51,753][kfold_wrapper.log_eval_metrics] Accuracy(layer_1 - estimator_0 - 12_folds.train_1.predict)=63.48%
[ 2020-05-25 11:00:52,132][kfold_wrapper.log_eval_metrics] Accuracy(layer_1 - estimator_0 - 12_folds.train_2.predict)=65.22%
[ 2020-05-25 11:00:52,498][kfold_wrapper.log_eval_metrics] Accuracy(layer_1 - estimator_0 - 12_folds.train_3.predict)=63.04%
[ 2020-05-25 11:00:52,863][kfold_wrapper.log_eval_metrics] Accuracy(layer_1 - estimator_0 - 12_folds.train_4.predict)=62.17%
[ 2020-05-25 11:00:53,231][kfold_wrapper.log_eval_metrics] Accuracy(layer_1 - estimator_0 - 12_folds.train_5.predict)=60.00%
[ 2020-05-25 11:00:53,614][kfold_wrapper.log_eval_metrics] Accuracy(layer_1 - estimator_0 - 12_folds.train_6.predict)=71.30%
[ 2020-05-25 11:00:54,005][kfold_wrapper.log_eval_metrics] Accuracy(layer_1 - estimator_0 - 12_folds.train_7.predict)=63.04%
[ 2020-05-25 11:00:54,382][kfold_wrapper.log_eval_metrics] Accuracy(layer_1 - estimator_0 - 12_folds.train_8.predict)=58.70%
[ 2020-05-25 11:00:54,772][kfold_wrapper.log_eval_metrics] Accuracy(layer_1 - estimator_0 - 12_folds.train_9.predict)=60.43%
[ 2020-05-25 11:00:55,150][kfold_wrapper.log_eval_metrics] Accuracy(layer_1 - estimator_0 - 12_folds.train_10.predict)=65.22%
[ 2020-05-25 11:00:55,539][kfold_wrapper.log_eval_metrics] Accuracy(layer_1 - estimator_0 - 12_folds.train_11.predict)=61.74%
[ 2020-05-25 11:00:55,664][kfold_wrapper.log_eval_metrics] Accuracy(layer_1 - estimator_0 - 12_folds.train_cv.predict)=63.24%
[ 2020-05-25 11:00:55,664][kfold_wrapper.log_eval_metrics] Accuracy(layer_1 - estimator_0 - 12_folds.test.predict)=52.85%
[ 2020-05-25 11:00:55,945][kfold_wrapper.log_eval_metrics] Accuracy(layer_1 - estimator_1 - 12_folds.train_0.predict)=62.77%
[ 2020-05-25 11:00:56,322][kfold_wrapper.log_eval_metrics] Accuracy(layer_1 - estimator_1 - 12_folds.train_1.predict)=66.52%
[ 2020-05-25 11:00:56,713][kfold_wrapper.log_eval_metrics] Accuracy(layer_1 - estimator_1 - 12_folds.train_2.predict)=59.57%
[ 2020-05-25 11:00:57,103][kfold_wrapper.log_eval_metrics] Accuracy(layer_1 - estimator_1 - 12_folds.train_3.predict)=64.78%
[ 2020-05-25 11:00:57,496][kfold_wrapper.log_eval_metrics] Accuracy(layer_1 - estimator_1 - 12_folds.train_4.predict)=60.87%
[ 2020-05-25 11:00:57,886][kfold_wrapper.log_eval_metrics] Accuracy(layer_1 - estimator_1 - 12_folds.train_5.predict)=58.70%
[ 2020-05-25 11:00:58,259][kfold_wrapper.log_eval_metrics] Accuracy(layer_1 - estimator_1 - 12_folds.train_6.predict)=61.30%
[ 2020-05-25 11:00:58,653][kfold_wrapper.log_eval_metrics] Accuracy(layer_1 - estimator_1 - 12_folds.train_7.predict)=60.00%
[ 2020-05-25 11:00:59,043][kfold_wrapper.log_eval_metrics] Accuracy(layer_1 - estimator_1 - 12_folds.train_8.predict)=65.22%
[ 2020-05-25 11:00:59,420][kfold_wrapper.log_eval_metrics] Accuracy(layer_1 - estimator_1 - 12_folds.train_9.predict)=62.61%
[ 2020-05-25 11:00:59,793][kfold_wrapper.log_eval_metrics] Accuracy(layer_1 - estimator_1 - 12_folds.train_10.predict)=60.43%
[ 2020-05-25 11:01:00,161][kfold_wrapper.log_eval_metrics] Accuracy(layer_1 - estimator_1 - 12_folds.train_11.predict)=60.43%
[ 2020-05-25 11:01:00,279][kfold_wrapper.log_eval_metrics] Accuracy(layer_1 - estimator_1 - 12_folds.train_cv.predict)=61.93%
[ 2020-05-25 11:01:00,283][kfold_wrapper.log_eval_metrics] Accuracy(layer_1 - estimator_1 - 12_folds.test.predict)=50.84%
[ 2020-05-25 11:01:00,562][kfold_wrapper.log_eval_metrics] Accuracy(layer_1 - estimator_2 - 12_folds.train_0.predict)=65.37%
[ 2020-05-25 11:01:00,921][kfold_wrapper.log_eval_metrics] Accuracy(layer_1 - estimator_2 - 12_folds.train_1.predict)=64.35%
[ 2020-05-25 11:01:01,176][kfold_wrapper.log_eval_metrics] Accuracy(layer_1 - estimator_2 - 12_folds.train_2.predict)=63.91%
[ 2020-05-25 11:01:01,422][kfold_wrapper.log_eval_metrics] Accuracy(layer_1 - estimator_2 - 12_folds.train_3.predict)=65.22%
[ 2020-05-25 11:01:01,672][kfold_wrapper.log_eval_metrics] Accuracy(layer_1 - estimator_2 - 12_folds.train_4.predict)=66.09%
[ 2020-05-25 11:01:02,000][kfold_wrapper.log_eval_metrics] Accuracy(layer_1 - estimator_2 - 12_folds.train_5.predict)=63.91%
[ 2020-05-25 11:01:02,329][kfold_wrapper.log_eval_metrics] Accuracy(layer_1 - estimator_2 - 12_folds.train_6.predict)=64.35%
[ 2020-05-25 11:01:02,579][kfold_wrapper.log_eval_metrics] Accuracy(layer_1 - estimator_2 - 12_folds.train_7.predict)=65.65%
[ 2020-05-25 11:01:02,876][kfold_wrapper.log_eval_metrics] Accuracy(layer_1 - estimator_2 - 12_folds.train_8.predict)=66.52%
[ 2020-05-25 11:01:03,242][kfold_wrapper.log_eval_metrics] Accuracy(layer_1 - estimator_2 - 12_folds.train_9.predict)=64.78%
[ 2020-05-25 11:01:03,549][kfold_wrapper.log_eval_metrics] Accuracy(layer_1 - estimator_2 - 12_folds.train_10.predict)=66.09%
[ 2020-05-25 11:01:03,845][kfold_wrapper.log_eval_metrics] Accuracy(layer_1 - estimator_2 - 12_folds.train_11.predict)=63.91%
[ 2020-05-25 11:01:03,845][kfold_wrapper.log_eval_metrics] Accuracy(layer_1 - estimator_2 - 12_folds.train_cv.predict)=65.01%
[ 2020-05-25 11:01:03,861][kfold_wrapper.log_eval_metrics] Accuracy(layer_1 - estimator_2 - 12_folds.test.predict)=63.88%
[ 2020-05-25 11:01:03,861][cascade_classifier.calc_accuracy] Accuracy(layer_1 - train.classifier_average)=65.12%
[ 2020-05-25 11:01:03,861][cascade_classifier.calc_accuracy] Accuracy(layer_1 - test.classifier_average)=54.97%
[ 2020-05-25 11:01:03,861][cascade_classifier.fit_transform] [layer=2] look_indexs=[0], X_cur_train.shape=(2761, 11), X_cur_test.shape=(1841, 11)
[ 2020-05-25 11:01:04,130][kfold_wrapper.log_eval_metrics] Accuracy(layer_2 - estimator_0 - 12_folds.train_0.predict)=57.58%
[ 2020-05-25 11:01:04,518][kfold_wrapper.log_eval_metrics] Accuracy(layer_2 - estimator_0 - 12_folds.train_1.predict)=63.91%
[ 2020-05-25 11:01:04,917][kfold_wrapper.log_eval_metrics] Accuracy(layer_2 - estimator_0 - 12_folds.train_2.predict)=59.57%
[ 2020-05-25 11:01:05,289][kfold_wrapper.log_eval_metrics] Accuracy(layer_2 - estimator_0 - 12_folds.train_3.predict)=64.78%
[ 2020-05-25 11:01:05,676][kfold_wrapper.log_eval_metrics] Accuracy(layer_2 - estimator_0 - 12_folds.train_4.predict)=62.61%
[ 2020-05-25 11:01:06,066][kfold_wrapper.log_eval_metrics] Accuracy(layer_2 - estimator_0 - 12_folds.train_5.predict)=60.87%
[ 2020-05-25 11:01:06,458][kfold_wrapper.log_eval_metrics] Accuracy(layer_2 - estimator_0 - 12_folds.train_6.predict)=61.30%
[ 2020-05-25 11:01:06,833][kfold_wrapper.log_eval_metrics] Accuracy(layer_2 - estimator_0 - 12_folds.train_7.predict)=66.52%
[ 2020-05-25 11:01:07,211][kfold_wrapper.log_eval_metrics] Accuracy(layer_2 - estimator_0 - 12_folds.train_8.predict)=63.04%
[ 2020-05-25 11:01:07,600][kfold_wrapper.log_eval_metrics] Accuracy(layer_2 - estimator_0 - 12_folds.train_9.predict)=64.35%
[ 2020-05-25 11:01:07,990][kfold_wrapper.log_eval_metrics] Accuracy(layer_2 - estimator_0 - 12_folds.train_10.predict)=60.00%
[ 2020-05-25 11:01:08,366][kfold_wrapper.log_eval_metrics] Accuracy(layer_2 - estimator_0 - 12_folds.train_11.predict)=58.26%
[ 2020-05-25 11:01:08,491][kfold_wrapper.log_eval_metrics] Accuracy(layer_2 - estimator_0 - 12_folds.train_cv.predict)=61.90%
[ 2020-05-25 11:01:08,491][kfold_wrapper.log_eval_metrics] Accuracy(layer_2 - estimator_0 - 12_folds.test.predict)=58.50%
[ 2020-05-25 11:01:08,773][kfold_wrapper.log_eval_metrics] Accuracy(layer_2 - estimator_1 - 12_folds.train_0.predict)=64.94%
[ 2020-05-25 11:01:09,151][kfold_wrapper.log_eval_metrics] Accuracy(layer_2 - estimator_1 - 12_folds.train_1.predict)=64.35%
[ 2020-05-25 11:01:09,540][kfold_wrapper.log_eval_metrics] Accuracy(layer_2 - estimator_1 - 12_folds.train_2.predict)=56.52%
[ 2020-05-25 11:01:09,931][kfold_wrapper.log_eval_metrics] Accuracy(layer_2 - estimator_1 - 12_folds.train_3.predict)=56.96%
[ 2020-05-25 11:01:10,303][kfold_wrapper.log_eval_metrics] Accuracy(layer_2 - estimator_1 - 12_folds.train_4.predict)=62.17%
[ 2020-05-25 11:01:10,697][kfold_wrapper.log_eval_metrics] Accuracy(layer_2 - estimator_1 - 12_folds.train_5.predict)=65.65%
[ 2020-05-25 11:01:11,088][kfold_wrapper.log_eval_metrics] Accuracy(layer_2 - estimator_1 - 12_folds.train_6.predict)=59.57%
[ 2020-05-25 11:01:11,480][kfold_wrapper.log_eval_metrics] Accuracy(layer_2 - estimator_1 - 12_folds.train_7.predict)=60.00%
[ 2020-05-25 11:01:11,871][kfold_wrapper.log_eval_metrics] Accuracy(layer_2 - estimator_1 - 12_folds.train_8.predict)=57.39%
[ 2020-05-25 11:01:12,237][kfold_wrapper.log_eval_metrics] Accuracy(layer_2 - estimator_1 - 12_folds.train_9.predict)=58.70%
[ 2020-05-25 11:01:12,607][kfold_wrapper.log_eval_metrics] Accuracy(layer_2 - estimator_1 - 12_folds.train_10.predict)=56.09%
[ 2020-05-25 11:01:12,997][kfold_wrapper.log_eval_metrics] Accuracy(layer_2 - estimator_1 - 12_folds.train_11.predict)=56.52%
[ 2020-05-25 11:01:13,116][kfold_wrapper.log_eval_metrics] Accuracy(layer_2 - estimator_1 - 12_folds.train_cv.predict)=59.91%
[ 2020-05-25 11:01:13,119][kfold_wrapper.log_eval_metrics] Accuracy(layer_2 - estimator_1 - 12_folds.test.predict)=58.77%
[ 2020-05-25 11:01:13,420][kfold_wrapper.log_eval_metrics] Accuracy(layer_2 - estimator_2 - 12_folds.train_0.predict)=66.67%
[ 2020-05-25 11:01:13,748][kfold_wrapper.log_eval_metrics] Accuracy(layer_2 - estimator_2 - 12_folds.train_1.predict)=65.22%
[ 2020-05-25 11:01:14,029][kfold_wrapper.log_eval_metrics] Accuracy(layer_2 - estimator_2 - 12_folds.train_2.predict)=63.91%
[ 2020-05-25 11:01:14,390][kfold_wrapper.log_eval_metrics] Accuracy(layer_2 - estimator_2 - 12_folds.train_3.predict)=60.87%
[ 2020-05-25 11:01:14,671][kfold_wrapper.log_eval_metrics] Accuracy(layer_2 - estimator_2 - 12_folds.train_4.predict)=67.39%
[ 2020-05-25 11:01:14,917][kfold_wrapper.log_eval_metrics] Accuracy(layer_2 - estimator_2 - 12_folds.train_5.predict)=67.39%
[ 2020-05-25 11:01:15,182][kfold_wrapper.log_eval_metrics] Accuracy(layer_2 - estimator_2 - 12_folds.train_6.predict)=65.65%
[ 2020-05-25 11:01:15,500][kfold_wrapper.log_eval_metrics] Accuracy(layer_2 - estimator_2 - 12_folds.train_7.predict)=66.09%
[ 2020-05-25 11:01:15,797][kfold_wrapper.log_eval_metrics] Accuracy(layer_2 - estimator_2 - 12_folds.train_8.predict)=65.65%
[ 2020-05-25 11:01:16,182][kfold_wrapper.log_eval_metrics] Accuracy(layer_2 - estimator_2 - 12_folds.train_9.predict)=68.26%
[ 2020-05-25 11:01:16,471][kfold_wrapper.log_eval_metrics] Accuracy(layer_2 - estimator_2 - 12_folds.train_10.predict)=63.91%
[ 2020-05-25 11:01:16,815][kfold_wrapper.log_eval_metrics] Accuracy(layer_2 - estimator_2 - 12_folds.train_11.predict)=66.52%
[ 2020-05-25 11:01:16,815][kfold_wrapper.log_eval_metrics] Accuracy(layer_2 - estimator_2 - 12_folds.train_cv.predict)=65.63%
[ 2020-05-25 11:01:16,815][kfold_wrapper.log_eval_metrics] Accuracy(layer_2 - estimator_2 - 12_folds.test.predict)=61.11%
[ 2020-05-25 11:01:16,830][cascade_classifier.calc_accuracy] Accuracy(layer_2 - train.classifier_average)=63.67%
[ 2020-05-25 11:01:16,830][cascade_classifier.calc_accuracy] Accuracy(layer_2 - test.classifier_average)=59.37%
[ 2020-05-25 11:01:16,846][cascade_classifier.fit_transform] [layer=3] look_indexs=[0], X_cur_train.shape=(2761, 11), X_cur_test.shape=(1841, 11)
[ 2020-05-25 11:01:17,101][kfold_wrapper.log_eval_metrics] Accuracy(layer_3 - estimator_0 - 12_folds.train_0.predict)=58.44%
[ 2020-05-25 11:01:17,472][kfold_wrapper.log_eval_metrics] Accuracy(layer_3 - estimator_0 - 12_folds.train_1.predict)=64.78%
[ 2020-05-25 11:01:17,863][kfold_wrapper.log_eval_metrics] Accuracy(layer_3 - estimator_0 - 12_folds.train_2.predict)=56.52%
[ 2020-05-25 11:01:18,238][kfold_wrapper.log_eval_metrics] Accuracy(layer_3 - estimator_0 - 12_folds.train_3.predict)=56.52%
[ 2020-05-25 11:01:18,630][kfold_wrapper.log_eval_metrics] Accuracy(layer_3 - estimator_0 - 12_folds.train_4.predict)=60.00%
[ 2020-05-25 11:01:19,021][kfold_wrapper.log_eval_metrics] Accuracy(layer_3 - estimator_0 - 12_folds.train_5.predict)=65.22%
[ 2020-05-25 11:01:19,397][kfold_wrapper.log_eval_metrics] Accuracy(layer_3 - estimator_0 - 12_folds.train_6.predict)=60.00%
[ 2020-05-25 11:01:19,787][kfold_wrapper.log_eval_metrics] Accuracy(layer_3 - estimator_0 - 12_folds.train_7.predict)=61.30%
[ 2020-05-25 11:01:20,165][kfold_wrapper.log_eval_metrics] Accuracy(layer_3 - estimator_0 - 12_folds.train_8.predict)=60.00%
[ 2020-05-25 11:01:20,555][kfold_wrapper.log_eval_metrics] Accuracy(layer_3 - estimator_0 - 12_folds.train_9.predict)=59.57%
[ 2020-05-25 11:01:20,945][kfold_wrapper.log_eval_metrics] Accuracy(layer_3 - estimator_0 - 12_folds.train_10.predict)=66.09%
[ 2020-05-25 11:01:21,319][kfold_wrapper.log_eval_metrics] Accuracy(layer_3 - estimator_0 - 12_folds.train_11.predict)=57.83%
[ 2020-05-25 11:01:21,446][kfold_wrapper.log_eval_metrics] Accuracy(layer_3 - estimator_0 - 12_folds.train_cv.predict)=60.52%
[ 2020-05-25 11:01:21,446][kfold_wrapper.log_eval_metrics] Accuracy(layer_3 - estimator_0 - 12_folds.test.predict)=55.84%
[ 2020-05-25 11:01:21,728][kfold_wrapper.log_eval_metrics] Accuracy(layer_3 - estimator_1 - 12_folds.train_0.predict)=61.47%
[ 2020-05-25 11:01:22,109][kfold_wrapper.log_eval_metrics] Accuracy(layer_3 - estimator_1 - 12_folds.train_1.predict)=60.00%
[ 2020-05-25 11:01:22,479][kfold_wrapper.log_eval_metrics] Accuracy(layer_3 - estimator_1 - 12_folds.train_2.predict)=63.48%
[ 2020-05-25 11:01:22,870][kfold_wrapper.log_eval_metrics] Accuracy(layer_3 - estimator_1 - 12_folds.train_3.predict)=57.39%
[ 2020-05-25 11:01:23,236][kfold_wrapper.log_eval_metrics] Accuracy(layer_3 - estimator_1 - 12_folds.train_4.predict)=60.43%
[ 2020-05-25 11:01:23,621][kfold_wrapper.log_eval_metrics] Accuracy(layer_3 - estimator_1 - 12_folds.train_5.predict)=62.61%
[ 2020-05-25 11:01:24,017][kfold_wrapper.log_eval_metrics] Accuracy(layer_3 - estimator_1 - 12_folds.train_6.predict)=61.30%
[ 2020-05-25 11:01:24,388][kfold_wrapper.log_eval_metrics] Accuracy(layer_3 - estimator_1 - 12_folds.train_7.predict)=59.57%
[ 2020-05-25 11:01:24,774][kfold_wrapper.log_eval_metrics] Accuracy(layer_3 - estimator_1 - 12_folds.train_8.predict)=60.00%
[ 2020-05-25 11:01:25,153][kfold_wrapper.log_eval_metrics] Accuracy(layer_3 - estimator_1 - 12_folds.train_9.predict)=67.83%
[ 2020-05-25 11:01:25,545][kfold_wrapper.log_eval_metrics] Accuracy(layer_3 - estimator_1 - 12_folds.train_10.predict)=57.39%
[ 2020-05-25 11:01:25,936][kfold_wrapper.log_eval_metrics] Accuracy(layer_3 - estimator_1 - 12_folds.train_11.predict)=57.83%
[ 2020-05-25 11:01:26,061][kfold_wrapper.log_eval_metrics] Accuracy(layer_3 - estimator_1 - 12_folds.train_cv.predict)=60.78%
[ 2020-05-25 11:01:26,061][kfold_wrapper.log_eval_metrics] Accuracy(layer_3 - estimator_1 - 12_folds.test.predict)=55.08%
[ 2020-05-25 11:01:26,306][kfold_wrapper.log_eval_metrics] Accuracy(layer_3 - estimator_2 - 12_folds.train_0.predict)=63.64%
[ 2020-05-25 11:01:26,562][kfold_wrapper.log_eval_metrics] Accuracy(layer_3 - estimator_2 - 12_folds.train_1.predict)=63.91%
[ 2020-05-25 11:01:26,796][kfold_wrapper.log_eval_metrics] Accuracy(layer_3 - estimator_2 - 12_folds.train_2.predict)=65.22%
[ 2020-05-25 11:01:26,999][kfold_wrapper.log_eval_metrics] Accuracy(layer_3 - estimator_2 - 12_folds.train_3.predict)=66.96%
[ 2020-05-25 11:01:27,182][kfold_wrapper.log_eval_metrics] Accuracy(layer_3 - estimator_2 - 12_folds.train_4.predict)=67.83%
[ 2020-05-25 11:01:27,469][kfold_wrapper.log_eval_metrics] Accuracy(layer_3 - estimator_2 - 12_folds.train_5.predict)=66.09%
[ 2020-05-25 11:01:27,672][kfold_wrapper.log_eval_metrics] Accuracy(layer_3 - estimator_2 - 12_folds.train_6.predict)=63.48%
[ 2020-05-25 11:01:27,922][kfold_wrapper.log_eval_metrics] Accuracy(layer_3 - estimator_2 - 12_folds.train_7.predict)=63.91%
[ 2020-05-25 11:01:28,250][kfold_wrapper.log_eval_metrics] Accuracy(layer_3 - estimator_2 - 12_folds.train_8.predict)=66.52%
[ 2020-05-25 11:01:28,454][kfold_wrapper.log_eval_metrics] Accuracy(layer_3 - estimator_2 - 12_folds.train_9.predict)=65.22%
[ 2020-05-25 11:01:28,658][kfold_wrapper.log_eval_metrics] Accuracy(layer_3 - estimator_2 - 12_folds.train_10.predict)=65.65%
[ 2020-05-25 11:01:28,986][kfold_wrapper.log_eval_metrics] Accuracy(layer_3 - estimator_2 - 12_folds.train_11.predict)=65.22%
[ 2020-05-25 11:01:29,001][kfold_wrapper.log_eval_metrics] Accuracy(layer_3 - estimator_2 - 12_folds.train_cv.predict)=65.30%
[ 2020-05-25 11:01:29,001][kfold_wrapper.log_eval_metrics] Accuracy(layer_3 - estimator_2 - 12_folds.test.predict)=63.50%
[ 2020-05-25 11:01:29,001][cascade_classifier.calc_accuracy] Accuracy(layer_3 - train.classifier_average)=63.71%
[ 2020-05-25 11:01:29,001][cascade_classifier.calc_accuracy] Accuracy(layer_3 - test.classifier_average)=57.47%
[ 2020-05-25 11:01:29,017][cascade_classifier.fit_transform] [layer=4] look_indexs=[0], X_cur_train.shape=(2761, 11), X_cur_test.shape=(1841, 11)
[ 2020-05-25 11:01:29,275][kfold_wrapper.log_eval_metrics] Accuracy(layer_4 - estimator_0 - 12_folds.train_0.predict)=61.90%
[ 2020-05-25 11:01:29,659][kfold_wrapper.log_eval_metrics] Accuracy(layer_4 - estimator_0 - 12_folds.train_1.predict)=65.22%
[ 2020-05-25 11:01:30,057][kfold_wrapper.log_eval_metrics] Accuracy(layer_4 - estimator_0 - 12_folds.train_2.predict)=62.17%
[ 2020-05-25 11:01:30,427][kfold_wrapper.log_eval_metrics] Accuracy(layer_4 - estimator_0 - 12_folds.train_3.predict)=59.13%
[ 2020-05-25 11:01:30,817][kfold_wrapper.log_eval_metrics] Accuracy(layer_4 - estimator_0 - 12_folds.train_4.predict)=61.74%
[ 2020-05-25 11:01:31,196][kfold_wrapper.log_eval_metrics] Accuracy(layer_4 - estimator_0 - 12_folds.train_5.predict)=65.65%
[ 2020-05-25 11:01:31,584][kfold_wrapper.log_eval_metrics] Accuracy(layer_4 - estimator_0 - 12_folds.train_6.predict)=57.39%
[ 2020-05-25 11:01:31,975][kfold_wrapper.log_eval_metrics] Accuracy(layer_4 - estimator_0 - 12_folds.train_7.predict)=61.74%
[ 2020-05-25 11:01:32,364][kfold_wrapper.log_eval_metrics] Accuracy(layer_4 - estimator_0 - 12_folds.train_8.predict)=61.30%
[ 2020-05-25 11:01:32,755][kfold_wrapper.log_eval_metrics] Accuracy(layer_4 - estimator_0 - 12_folds.train_9.predict)=58.70%
[ 2020-05-25 11:01:33,135][kfold_wrapper.log_eval_metrics] Accuracy(layer_4 - estimator_0 - 12_folds.train_10.predict)=61.74%
[ 2020-05-25 11:01:33,523][kfold_wrapper.log_eval_metrics] Accuracy(layer_4 - estimator_0 - 12_folds.train_11.predict)=63.04%
[ 2020-05-25 11:01:33,648][kfold_wrapper.log_eval_metrics] Accuracy(layer_4 - estimator_0 - 12_folds.train_cv.predict)=61.64%
[ 2020-05-25 11:01:33,648][kfold_wrapper.log_eval_metrics] Accuracy(layer_4 - estimator_0 - 12_folds.test.predict)=55.40%
[ 2020-05-25 11:01:33,929][kfold_wrapper.log_eval_metrics] Accuracy(layer_4 - estimator_1 - 12_folds.train_0.predict)=58.87%
[ 2020-05-25 11:01:34,305][kfold_wrapper.log_eval_metrics] Accuracy(layer_4 - estimator_1 - 12_folds.train_1.predict)=60.00%
[ 2020-05-25 11:01:34,696][kfold_wrapper.log_eval_metrics] Accuracy(layer_4 - estimator_1 - 12_folds.train_2.predict)=59.13%
[ 2020-05-25 11:01:35,087][kfold_wrapper.log_eval_metrics] Accuracy(layer_4 - estimator_1 - 12_folds.train_3.predict)=57.39%
[ 2020-05-25 11:01:35,463][kfold_wrapper.log_eval_metrics] Accuracy(layer_4 - estimator_1 - 12_folds.train_4.predict)=58.70%
[ 2020-05-25 11:01:35,854][kfold_wrapper.log_eval_metrics] Accuracy(layer_4 - estimator_1 - 12_folds.train_5.predict)=62.61%
[ 2020-05-25 11:01:36,228][kfold_wrapper.log_eval_metrics] Accuracy(layer_4 - estimator_1 - 12_folds.train_6.predict)=57.39%
[ 2020-05-25 11:01:36,620][kfold_wrapper.log_eval_metrics] Accuracy(layer_4 - estimator_1 - 12_folds.train_7.predict)=60.87%
[ 2020-05-25 11:01:37,011][kfold_wrapper.log_eval_metrics] Accuracy(layer_4 - estimator_1 - 12_folds.train_8.predict)=59.13%
[ 2020-05-25 11:01:37,387][kfold_wrapper.log_eval_metrics] Accuracy(layer_4 - estimator_1 - 12_folds.train_9.predict)=61.30%
[ 2020-05-25 11:01:37,762][kfold_wrapper.log_eval_metrics] Accuracy(layer_4 - estimator_1 - 12_folds.train_10.predict)=60.00%
[ 2020-05-25 11:01:38,139][kfold_wrapper.log_eval_metrics] Accuracy(layer_4 - estimator_1 - 12_folds.train_11.predict)=60.00%
[ 2020-05-25 11:01:38,255][kfold_wrapper.log_eval_metrics] Accuracy(layer_4 - estimator_1 - 12_folds.train_cv.predict)=59.62%
[ 2020-05-25 11:01:38,261][kfold_wrapper.log_eval_metrics] Accuracy(layer_4 - estimator_1 - 12_folds.test.predict)=52.85%
[ 2020-05-25 11:01:38,418][kfold_wrapper.log_eval_metrics] Accuracy(layer_4 - estimator_2 - 12_folds.train_0.predict)=65.37%
[ 2020-05-25 11:01:38,731][kfold_wrapper.log_eval_metrics] Accuracy(layer_4 - estimator_2 - 12_folds.train_1.predict)=67.39%
[ 2020-05-25 11:01:38,965][kfold_wrapper.log_eval_metrics] Accuracy(layer_4 - estimator_2 - 12_folds.train_2.predict)=65.22%
[ 2020-05-25 11:01:39,173][kfold_wrapper.log_eval_metrics] Accuracy(layer_4 - estimator_2 - 12_folds.train_3.predict)=65.65%
[ 2020-05-25 11:01:39,373][kfold_wrapper.log_eval_metrics] Accuracy(layer_4 - estimator_2 - 12_folds.train_4.predict)=67.39%
[ 2020-05-25 11:01:39,591][kfold_wrapper.log_eval_metrics] Accuracy(layer_4 - estimator_2 - 12_folds.train_5.predict)=65.65%
[ 2020-05-25 11:01:39,840][kfold_wrapper.log_eval_metrics] Accuracy(layer_4 - estimator_2 - 12_folds.train_6.predict)=66.52%
[ 2020-05-25 11:01:40,059][kfold_wrapper.log_eval_metrics] Accuracy(layer_4 - estimator_2 - 12_folds.train_7.predict)=62.61%
[ 2020-05-25 11:01:40,304][kfold_wrapper.log_eval_metrics] Accuracy(layer_4 - estimator_2 - 12_folds.train_8.predict)=64.35%
[ 2020-05-25 11:01:40,529][kfold_wrapper.log_eval_metrics] Accuracy(layer_4 - estimator_2 - 12_folds.train_9.predict)=66.09%
[ 2020-05-25 11:01:40,748][kfold_wrapper.log_eval_metrics] Accuracy(layer_4 - estimator_2 - 12_folds.train_10.predict)=62.61%
[ 2020-05-25 11:01:40,998][kfold_wrapper.log_eval_metrics] Accuracy(layer_4 - estimator_2 - 12_folds.train_11.predict)=64.78%
[ 2020-05-25 11:01:41,014][kfold_wrapper.log_eval_metrics] Accuracy(layer_4 - estimator_2 - 12_folds.train_cv.predict)=65.30%
[ 2020-05-25 11:01:41,014][kfold_wrapper.log_eval_metrics] Accuracy(layer_4 - estimator_2 - 12_folds.test.predict)=63.12%
[ 2020-05-25 11:01:41,014][cascade_classifier.calc_accuracy] Accuracy(layer_4 - train.classifier_average)=64.11%
[ 2020-05-25 11:01:41,029][cascade_classifier.calc_accuracy] Accuracy(layer_4 - test.classifier_average)=55.62%
[ 2020-05-25 11:01:41,029][cascade_classifier.fit_transform] [layer=5] look_indexs=[0], X_cur_train.shape=(2761, 11), X_cur_test.shape=(1841, 11)
[ 2020-05-25 11:01:41,283][kfold_wrapper.log_eval_metrics] Accuracy(layer_5 - estimator_0 - 12_folds.train_0.predict)=61.04%
[ 2020-05-25 11:01:41,671][kfold_wrapper.log_eval_metrics] Accuracy(layer_5 - estimator_0 - 12_folds.train_1.predict)=59.57%
[ 2020-05-25 11:01:42,062][kfold_wrapper.log_eval_metrics] Accuracy(layer_5 - estimator_0 - 12_folds.train_2.predict)=64.78%
[ 2020-05-25 11:01:42,437][kfold_wrapper.log_eval_metrics] Accuracy(layer_5 - estimator_0 - 12_folds.train_3.predict)=61.30%
[ 2020-05-25 11:01:42,812][kfold_wrapper.log_eval_metrics] Accuracy(layer_5 - estimator_0 - 12_folds.train_4.predict)=59.13%
[ 2020-05-25 11:01:43,191][kfold_wrapper.log_eval_metrics] Accuracy(layer_5 - estimator_0 - 12_folds.train_5.predict)=60.00%
[ 2020-05-25 11:01:43,579][kfold_wrapper.log_eval_metrics] Accuracy(layer_5 - estimator_0 - 12_folds.train_6.predict)=68.70%
[ 2020-05-25 11:01:43,970][kfold_wrapper.log_eval_metrics] Accuracy(layer_5 - estimator_0 - 12_folds.train_7.predict)=57.39%
[ 2020-05-25 11:01:44,346][kfold_wrapper.log_eval_metrics] Accuracy(layer_5 - estimator_0 - 12_folds.train_8.predict)=60.87%
[ 2020-05-25 11:01:44,737][kfold_wrapper.log_eval_metrics] Accuracy(layer_5 - estimator_0 - 12_folds.train_9.predict)=64.35%
[ 2020-05-25 11:01:45,116][kfold_wrapper.log_eval_metrics] Accuracy(layer_5 - estimator_0 - 12_folds.train_10.predict)=58.70%
[ 2020-05-25 11:01:45,489][kfold_wrapper.log_eval_metrics] Accuracy(layer_5 - estimator_0 - 12_folds.train_11.predict)=60.87%
[ 2020-05-25 11:01:45,614][kfold_wrapper.log_eval_metrics] Accuracy(layer_5 - estimator_0 - 12_folds.train_cv.predict)=61.39%
[ 2020-05-25 11:01:45,614][kfold_wrapper.log_eval_metrics] Accuracy(layer_5 - estimator_0 - 12_folds.test.predict)=60.18%
[ 2020-05-25 11:01:45,895][kfold_wrapper.log_eval_metrics] Accuracy(layer_5 - estimator_1 - 12_folds.train_0.predict)=60.61%
[ 2020-05-25 11:01:46,270][kfold_wrapper.log_eval_metrics] Accuracy(layer_5 - estimator_1 - 12_folds.train_1.predict)=60.43%
[ 2020-05-25 11:01:46,662][kfold_wrapper.log_eval_metrics] Accuracy(layer_5 - estimator_1 - 12_folds.train_2.predict)=63.04%
[ 2020-05-25 11:01:47,053][kfold_wrapper.log_eval_metrics] Accuracy(layer_5 - estimator_1 - 12_folds.train_3.predict)=63.91%
[ 2020-05-25 11:01:47,429][kfold_wrapper.log_eval_metrics] Accuracy(layer_5 - estimator_1 - 12_folds.train_4.predict)=57.39%
[ 2020-05-25 11:01:47,820][kfold_wrapper.log_eval_metrics] Accuracy(layer_5 - estimator_1 - 12_folds.train_5.predict)=60.00%
[ 2020-05-25 11:01:48,198][kfold_wrapper.log_eval_metrics] Accuracy(layer_5 - estimator_1 - 12_folds.train_6.predict)=59.57%
[ 2020-05-25 11:01:48,587][kfold_wrapper.log_eval_metrics] Accuracy(layer_5 - estimator_1 - 12_folds.train_7.predict)=60.00%
[ 2020-05-25 11:01:48,967][kfold_wrapper.log_eval_metrics] Accuracy(layer_5 - estimator_1 - 12_folds.train_8.predict)=62.61%
[ 2020-05-25 11:01:49,340][kfold_wrapper.log_eval_metrics] Accuracy(layer_5 - estimator_1 - 12_folds.train_9.predict)=63.91%
[ 2020-05-25 11:01:49,732][kfold_wrapper.log_eval_metrics] Accuracy(layer_5 - estimator_1 - 12_folds.train_10.predict)=60.00%
[ 2020-05-25 11:01:50,117][kfold_wrapper.log_eval_metrics] Accuracy(layer_5 - estimator_1 - 12_folds.train_11.predict)=57.83%
[ 2020-05-25 11:01:50,237][kfold_wrapper.log_eval_metrics] Accuracy(layer_5 - estimator_1 - 12_folds.train_cv.predict)=60.78%
[ 2020-05-25 11:01:50,240][kfold_wrapper.log_eval_metrics] Accuracy(layer_5 - estimator_1 - 12_folds.test.predict)=58.12%
[ 2020-05-25 11:01:50,449][kfold_wrapper.log_eval_metrics] Accuracy(layer_5 - estimator_2 - 12_folds.train_0.predict)=64.07%
[ 2020-05-25 11:01:50,667][kfold_wrapper.log_eval_metrics] Accuracy(layer_5 - estimator_2 - 12_folds.train_1.predict)=64.78%
[ 2020-05-25 11:01:50,871][kfold_wrapper.log_eval_metrics] Accuracy(layer_5 - estimator_2 - 12_folds.train_2.predict)=67.83%
[ 2020-05-25 11:01:51,147][kfold_wrapper.log_eval_metrics] Accuracy(layer_5 - estimator_2 - 12_folds.train_3.predict)=65.65%
[ 2020-05-25 11:01:51,403][kfold_wrapper.log_eval_metrics] Accuracy(layer_5 - estimator_2 - 12_folds.train_4.predict)=63.04%
[ 2020-05-25 11:01:51,590][kfold_wrapper.log_eval_metrics] Accuracy(layer_5 - estimator_2 - 12_folds.train_5.predict)=65.22%
[ 2020-05-25 11:01:51,840][kfold_wrapper.log_eval_metrics] Accuracy(layer_5 - estimator_2 - 12_folds.train_6.predict)=62.61%
[ 2020-05-25 11:01:52,186][kfold_wrapper.log_eval_metrics] Accuracy(layer_5 - estimator_2 - 12_folds.train_7.predict)=65.65%
[ 2020-05-25 11:01:52,435][kfold_wrapper.log_eval_metrics] Accuracy(layer_5 - estimator_2 - 12_folds.train_8.predict)=67.83%
[ 2020-05-25 11:01:52,716][kfold_wrapper.log_eval_metrics] Accuracy(layer_5 - estimator_2 - 12_folds.train_9.predict)=64.35%
[ 2020-05-25 11:01:52,950][kfold_wrapper.log_eval_metrics] Accuracy(layer_5 - estimator_2 - 12_folds.train_10.predict)=65.22%
[ 2020-05-25 11:01:53,278][kfold_wrapper.log_eval_metrics] Accuracy(layer_5 - estimator_2 - 12_folds.train_11.predict)=65.65%
[ 2020-05-25 11:01:53,285][kfold_wrapper.log_eval_metrics] Accuracy(layer_5 - estimator_2 - 12_folds.train_cv.predict)=65.16%
[ 2020-05-25 11:01:53,288][kfold_wrapper.log_eval_metrics] Accuracy(layer_5 - estimator_2 - 12_folds.test.predict)=63.61%
[ 2020-05-25 11:01:53,295][cascade_classifier.calc_accuracy] Accuracy(layer_5 - train.classifier_average)=64.40%
[ 2020-05-25 11:01:53,299][cascade_classifier.calc_accuracy] Accuracy(layer_5 - test.classifier_average)=60.08%
[ 2020-05-25 11:01:53,302][cascade_classifier.fit_transform] [Result][Optimal Level Detected] opt_layer_num=2, accuracy_train=65.12%, accuracy_test=54.97%
[ 2020-05-25 11:01:53,404][cascade_classifier.transform] X_groups_test.shape=[(323, 5)]
[ 2020-05-25 11:01:53,404][cascade_classifier.transform] group_dims=[5]
[ 2020-05-25 11:01:53,404][cascade_classifier.transform] X_test.shape=(323, 5)
[ 2020-05-25 11:01:53,404][cascade_classifier.transform] [layer=0] look_indexs=[0], X_cur_test.shape=(323, 5)
[ 2020-05-25 11:01:56,274][cascade_classifier.transform] [layer=1] look_indexs=[0], X_cur_test.shape=(323, 11)
[ 2020-05-25 11:02:36,158][cascade_classifier.fit_transform] X_groups_train.shape=[(145, 5)],y_train.shape=(145,),X_groups_test.shape=[(98, 5)],y_test.shape=(98,)
[ 2020-05-25 11:02:36,160][cascade_classifier.fit_transform] group_dims=[5]
[ 2020-05-25 11:02:36,165][cascade_classifier.fit_transform] group_starts=[0]
[ 2020-05-25 11:02:36,170][cascade_classifier.fit_transform] group_ends=[5]
[ 2020-05-25 11:02:36,175][cascade_classifier.fit_transform] X_train.shape=(145, 5),X_test.shape=(98, 5)
[ 2020-05-25 11:02:36,180][cascade_classifier.fit_transform] [layer=0] look_indexs=[0], X_cur_train.shape=(145, 5), X_cur_test.shape=(98, 5)
[ 2020-05-25 11:02:36,453][kfold_wrapper.log_eval_metrics] Accuracy(layer_0 - estimator_0 - 12_folds.train_0.predict)=76.92%
[ 2020-05-25 11:02:36,828][kfold_wrapper.log_eval_metrics] Accuracy(layer_0 - estimator_0 - 12_folds.train_1.predict)=50.00%
[ 2020-05-25 11:02:37,206][kfold_wrapper.log_eval_metrics] Accuracy(layer_0 - estimator_0 - 12_folds.train_2.predict)=66.67%
[ 2020-05-25 11:02:37,579][kfold_wrapper.log_eval_metrics] Accuracy(layer_0 - estimator_0 - 12_folds.train_3.predict)=75.00%
[ 2020-05-25 11:02:37,969][kfold_wrapper.log_eval_metrics] Accuracy(layer_0 - estimator_0 - 12_folds.train_4.predict)=66.67%
[ 2020-05-25 11:02:38,343][kfold_wrapper.log_eval_metrics] Accuracy(layer_0 - estimator_0 - 12_folds.train_5.predict)=58.33%
[ 2020-05-25 11:02:38,736][kfold_wrapper.log_eval_metrics] Accuracy(layer_0 - estimator_0 - 12_folds.train_6.predict)=75.00%
[ 2020-05-25 11:02:39,114][kfold_wrapper.log_eval_metrics] Accuracy(layer_0 - estimator_0 - 12_folds.train_7.predict)=50.00%
[ 2020-05-25 11:02:39,487][kfold_wrapper.log_eval_metrics] Accuracy(layer_0 - estimator_0 - 12_folds.train_8.predict)=66.67%
[ 2020-05-25 11:02:39,878][kfold_wrapper.log_eval_metrics] Accuracy(layer_0 - estimator_0 - 12_folds.train_9.predict)=66.67%
[ 2020-05-25 11:02:40,249][kfold_wrapper.log_eval_metrics] Accuracy(layer_0 - estimator_0 - 12_folds.train_10.predict)=66.67%
[ 2020-05-25 11:02:40,630][kfold_wrapper.log_eval_metrics] Accuracy(layer_0 - estimator_0 - 12_folds.train_11.predict)=58.33%
[ 2020-05-25 11:02:40,755][kfold_wrapper.log_eval_metrics] Accuracy(layer_0 - estimator_0 - 12_folds.train_cv.predict)=64.83%
[ 2020-05-25 11:02:40,755][kfold_wrapper.log_eval_metrics] Accuracy(layer_0 - estimator_0 - 12_folds.test.predict)=34.69%
[ 2020-05-25 11:02:41,036][kfold_wrapper.log_eval_metrics] Accuracy(layer_0 - estimator_1 - 12_folds.train_0.predict)=38.46%
[ 2020-05-25 11:02:41,399][kfold_wrapper.log_eval_metrics] Accuracy(layer_0 - estimator_1 - 12_folds.train_1.predict)=66.67%
[ 2020-05-25 11:02:41,787][kfold_wrapper.log_eval_metrics] Accuracy(layer_0 - estimator_1 - 12_folds.train_2.predict)=50.00%
[ 2020-05-25 11:02:42,161][kfold_wrapper.log_eval_metrics] Accuracy(layer_0 - estimator_1 - 12_folds.train_3.predict)=66.67%
[ 2020-05-25 11:02:42,538][kfold_wrapper.log_eval_metrics] Accuracy(layer_0 - estimator_1 - 12_folds.train_4.predict)=83.33%
[ 2020-05-25 11:02:42,928][kfold_wrapper.log_eval_metrics] Accuracy(layer_0 - estimator_1 - 12_folds.train_5.predict)=58.33%
[ 2020-05-25 11:02:43,300][kfold_wrapper.log_eval_metrics] Accuracy(layer_0 - estimator_1 - 12_folds.train_6.predict)=50.00%
[ 2020-05-25 11:02:43,679][kfold_wrapper.log_eval_metrics] Accuracy(layer_0 - estimator_1 - 12_folds.train_7.predict)=83.33%
[ 2020-05-25 11:02:44,070][kfold_wrapper.log_eval_metrics] Accuracy(layer_0 - estimator_1 - 12_folds.train_8.predict)=66.67%
[ 2020-05-25 11:02:44,433][kfold_wrapper.log_eval_metrics] Accuracy(layer_0 - estimator_1 - 12_folds.train_9.predict)=41.67%
[ 2020-05-25 11:02:44,805][kfold_wrapper.log_eval_metrics] Accuracy(layer_0 - estimator_1 - 12_folds.train_10.predict)=50.00%
[ 2020-05-25 11:02:45,182][kfold_wrapper.log_eval_metrics] Accuracy(layer_0 - estimator_1 - 12_folds.train_11.predict)=41.67%
[ 2020-05-25 11:02:45,299][kfold_wrapper.log_eval_metrics] Accuracy(layer_0 - estimator_1 - 12_folds.train_cv.predict)=57.93%
[ 2020-05-25 11:02:45,302][kfold_wrapper.log_eval_metrics] Accuracy(layer_0 - estimator_1 - 12_folds.test.predict)=34.69%
[ 2020-05-25 11:02:45,321][kfold_wrapper.log_eval_metrics] Accuracy(layer_0 - estimator_2 - 12_folds.train_0.predict)=69.23%
[ 2020-05-25 11:02:45,334][kfold_wrapper.log_eval_metrics] Accuracy(layer_0 - estimator_2 - 12_folds.train_1.predict)=66.67%
[ 2020-05-25 11:02:45,348][kfold_wrapper.log_eval_metrics] Accuracy(layer_0 - estimator_2 - 12_folds.train_2.predict)=66.67%
[ 2020-05-25 11:02:45,358][kfold_wrapper.log_eval_metrics] Accuracy(layer_0 - estimator_2 - 12_folds.train_3.predict)=75.00%
[ 2020-05-25 11:02:45,373][kfold_wrapper.log_eval_metrics] Accuracy(layer_0 - estimator_2 - 12_folds.train_4.predict)=75.00%
[ 2020-05-25 11:02:45,387][kfold_wrapper.log_eval_metrics] Accuracy(layer_0 - estimator_2 - 12_folds.train_5.predict)=75.00%
[ 2020-05-25 11:02:45,400][kfold_wrapper.log_eval_metrics] Accuracy(layer_0 - estimator_2 - 12_folds.train_6.predict)=75.00%
[ 2020-05-25 11:02:45,408][kfold_wrapper.log_eval_metrics] Accuracy(layer_0 - estimator_2 - 12_folds.train_7.predict)=75.00%
[ 2020-05-25 11:02:45,413][kfold_wrapper.log_eval_metrics] Accuracy(layer_0 - estimator_2 - 12_folds.train_8.predict)=75.00%
[ 2020-05-25 11:02:45,419][kfold_wrapper.log_eval_metrics] Accuracy(layer_0 - estimator_2 - 12_folds.train_9.predict)=75.00%
[ 2020-05-25 11:02:45,434][kfold_wrapper.log_eval_metrics] Accuracy(layer_0 - estimator_2 - 12_folds.train_10.predict)=75.00%
[ 2020-05-25 11:02:45,441][kfold_wrapper.log_eval_metrics] Accuracy(layer_0 - estimator_2 - 12_folds.train_11.predict)=75.00%
[ 2020-05-25 11:02:45,443][kfold_wrapper.log_eval_metrics] Accuracy(layer_0 - estimator_2 - 12_folds.train_cv.predict)=73.10%
[ 2020-05-25 11:02:45,445][kfold_wrapper.log_eval_metrics] Accuracy(layer_0 - estimator_2 - 12_folds.test.predict)=73.47%
[ 2020-05-25 11:02:45,447][cascade_classifier.calc_accuracy] Accuracy(layer_0 - train.classifier_average)=68.28%
[ 2020-05-25 11:02:45,447][cascade_classifier.calc_accuracy] Accuracy(layer_0 - test.classifier_average)=35.71%
[ 2020-05-25 11:02:45,447][cascade_classifier.fit_transform] [layer=1] look_indexs=[0], X_cur_train.shape=(145, 11), X_cur_test.shape=(98, 11)
[ 2020-05-25 11:02:45,707][kfold_wrapper.log_eval_metrics] Accuracy(layer_1 - estimator_0 - 12_folds.train_0.predict)=69.23%
[ 2020-05-25 11:02:46,097][kfold_wrapper.log_eval_metrics] Accuracy(layer_1 - estimator_0 - 12_folds.train_1.predict)=66.67%
[ 2020-05-25 11:02:46,463][kfold_wrapper.log_eval_metrics] Accuracy(layer_1 - estimator_0 - 12_folds.train_2.predict)=66.67%
[ 2020-05-25 11:02:46,854][kfold_wrapper.log_eval_metrics] Accuracy(layer_1 - estimator_0 - 12_folds.train_3.predict)=66.67%
[ 2020-05-25 11:02:47,217][kfold_wrapper.log_eval_metrics] Accuracy(layer_1 - estimator_0 - 12_folds.train_4.predict)=83.33%
[ 2020-05-25 11:02:47,589][kfold_wrapper.log_eval_metrics] Accuracy(layer_1 - estimator_0 - 12_folds.train_5.predict)=75.00%
[ 2020-05-25 11:02:47,979][kfold_wrapper.log_eval_metrics] Accuracy(layer_1 - estimator_0 - 12_folds.train_6.predict)=66.67%
[ 2020-05-25 11:02:48,351][kfold_wrapper.log_eval_metrics] Accuracy(layer_1 - estimator_0 - 12_folds.train_7.predict)=66.67%
[ 2020-05-25 11:02:48,746][kfold_wrapper.log_eval_metrics] Accuracy(layer_1 - estimator_0 - 12_folds.train_8.predict)=58.33%
[ 2020-05-25 11:02:49,123][kfold_wrapper.log_eval_metrics] Accuracy(layer_1 - estimator_0 - 12_folds.train_9.predict)=58.33%
[ 2020-05-25 11:02:49,497][kfold_wrapper.log_eval_metrics] Accuracy(layer_1 - estimator_0 - 12_folds.train_10.predict)=75.00%
[ 2020-05-25 11:02:49,878][kfold_wrapper.log_eval_metrics] Accuracy(layer_1 - estimator_0 - 12_folds.train_11.predict)=75.00%
[ 2020-05-25 11:02:50,003][kfold_wrapper.log_eval_metrics] Accuracy(layer_1 - estimator_0 - 12_folds.train_cv.predict)=68.97%
[ 2020-05-25 11:02:50,003][kfold_wrapper.log_eval_metrics] Accuracy(layer_1 - estimator_0 - 12_folds.test.predict)=39.80%
[ 2020-05-25 11:02:50,254][kfold_wrapper.log_eval_metrics] Accuracy(layer_1 - estimator_1 - 12_folds.train_0.predict)=46.15%
[ 2020-05-25 11:02:50,639][kfold_wrapper.log_eval_metrics] Accuracy(layer_1 - estimator_1 - 12_folds.train_1.predict)=83.33%
[ 2020-05-25 11:02:51,030][kfold_wrapper.log_eval_metrics] Accuracy(layer_1 - estimator_1 - 12_folds.train_2.predict)=75.00%
[ 2020-05-25 11:02:51,397][kfold_wrapper.log_eval_metrics] Accuracy(layer_1 - estimator_1 - 12_folds.train_3.predict)=58.33%
[ 2020-05-25 11:02:51,788][kfold_wrapper.log_eval_metrics] Accuracy(layer_1 - estimator_1 - 12_folds.train_4.predict)=66.67%
[ 2020-05-25 11:02:52,166][kfold_wrapper.log_eval_metrics] Accuracy(layer_1 - estimator_1 - 12_folds.train_5.predict)=75.00%
[ 2020-05-25 11:02:52,523][kfold_wrapper.log_eval_metrics] Accuracy(layer_1 - estimator_1 - 12_folds.train_6.predict)=75.00%
[ 2020-05-25 11:02:52,914][kfold_wrapper.log_eval_metrics] Accuracy(layer_1 - estimator_1 - 12_folds.train_7.predict)=66.67%
[ 2020-05-25 11:02:53,285][kfold_wrapper.log_eval_metrics] Accuracy(layer_1 - estimator_1 - 12_folds.train_8.predict)=50.00%
[ 2020-05-25 11:02:53,665][kfold_wrapper.log_eval_metrics] Accuracy(layer_1 - estimator_1 - 12_folds.train_9.predict)=66.67%
[ 2020-05-25 11:02:54,056][kfold_wrapper.log_eval_metrics] Accuracy(layer_1 - estimator_1 - 12_folds.train_10.predict)=58.33%
[ 2020-05-25 11:02:54,419][kfold_wrapper.log_eval_metrics] Accuracy(layer_1 - estimator_1 - 12_folds.train_11.predict)=58.33%
[ 2020-05-25 11:02:54,541][kfold_wrapper.log_eval_metrics] Accuracy(layer_1 - estimator_1 - 12_folds.train_cv.predict)=64.83%
[ 2020-05-25 11:02:54,541][kfold_wrapper.log_eval_metrics] Accuracy(layer_1 - estimator_1 - 12_folds.test.predict)=42.86%
[ 2020-05-25 11:02:54,557][kfold_wrapper.log_eval_metrics] Accuracy(layer_1 - estimator_2 - 12_folds.train_0.predict)=69.23%
[ 2020-05-25 11:02:54,588][kfold_wrapper.log_eval_metrics] Accuracy(layer_1 - estimator_2 - 12_folds.train_1.predict)=66.67%
[ 2020-05-25 11:02:54,604][kfold_wrapper.log_eval_metrics] Accuracy(layer_1 - estimator_2 - 12_folds.train_2.predict)=66.67%
[ 2020-05-25 11:02:54,635][kfold_wrapper.log_eval_metrics] Accuracy(layer_1 - estimator_2 - 12_folds.train_3.predict)=75.00%
[ 2020-05-25 11:02:54,651][kfold_wrapper.log_eval_metrics] Accuracy(layer_1 - estimator_2 - 12_folds.train_4.predict)=75.00%
[ 2020-05-25 11:02:54,666][kfold_wrapper.log_eval_metrics] Accuracy(layer_1 - estimator_2 - 12_folds.train_5.predict)=75.00%
[ 2020-05-25 11:02:54,682][kfold_wrapper.log_eval_metrics] Accuracy(layer_1 - estimator_2 - 12_folds.train_6.predict)=75.00%
[ 2020-05-25 11:02:54,682][kfold_wrapper.log_eval_metrics] Accuracy(layer_1 - estimator_2 - 12_folds.train_7.predict)=75.00%
[ 2020-05-25 11:02:54,698][kfold_wrapper.log_eval_metrics] Accuracy(layer_1 - estimator_2 - 12_folds.train_8.predict)=75.00%
[ 2020-05-25 11:02:54,713][kfold_wrapper.log_eval_metrics] Accuracy(layer_1 - estimator_2 - 12_folds.train_9.predict)=75.00%
[ 2020-05-25 11:02:54,713][kfold_wrapper.log_eval_metrics] Accuracy(layer_1 - estimator_2 - 12_folds.train_10.predict)=75.00%
[ 2020-05-25 11:02:54,729][kfold_wrapper.log_eval_metrics] Accuracy(layer_1 - estimator_2 - 12_folds.train_11.predict)=75.00%
[ 2020-05-25 11:02:54,729][kfold_wrapper.log_eval_metrics] Accuracy(layer_1 - estimator_2 - 12_folds.train_cv.predict)=73.10%
[ 2020-05-25 11:02:54,729][kfold_wrapper.log_eval_metrics] Accuracy(layer_1 - estimator_2 - 12_folds.test.predict)=73.47%
[ 2020-05-25 11:02:54,729][cascade_classifier.calc_accuracy] Accuracy(layer_1 - train.classifier_average)=71.03%
[ 2020-05-25 11:02:54,729][cascade_classifier.calc_accuracy] Accuracy(layer_1 - test.classifier_average)=60.20%
[ 2020-05-25 11:02:54,729][cascade_classifier.fit_transform] [layer=2] look_indexs=[0], X_cur_train.shape=(145, 11), X_cur_test.shape=(98, 11)
[ 2020-05-25 11:02:54,979][kfold_wrapper.log_eval_metrics] Accuracy(layer_2 - estimator_0 - 12_folds.train_0.predict)=61.54%
[ 2020-05-25 11:02:55,352][kfold_wrapper.log_eval_metrics] Accuracy(layer_2 - estimator_0 - 12_folds.train_1.predict)=75.00%
[ 2020-05-25 11:02:55,746][kfold_wrapper.log_eval_metrics] Accuracy(layer_2 - estimator_0 - 12_folds.train_2.predict)=66.67%
[ 2020-05-25 11:02:56,124][kfold_wrapper.log_eval_metrics] Accuracy(layer_2 - estimator_0 - 12_folds.train_3.predict)=75.00%
[ 2020-05-25 11:02:56,497][kfold_wrapper.log_eval_metrics] Accuracy(layer_2 - estimator_0 - 12_folds.train_4.predict)=58.33%
[ 2020-05-25 11:02:56,888][kfold_wrapper.log_eval_metrics] Accuracy(layer_2 - estimator_0 - 12_folds.train_5.predict)=75.00%
[ 2020-05-25 11:02:57,260][kfold_wrapper.log_eval_metrics] Accuracy(layer_2 - estimator_0 - 12_folds.train_6.predict)=50.00%
[ 2020-05-25 11:02:57,623][kfold_wrapper.log_eval_metrics] Accuracy(layer_2 - estimator_0 - 12_folds.train_7.predict)=58.33%
[ 2020-05-25 11:02:57,997][kfold_wrapper.log_eval_metrics] Accuracy(layer_2 - estimator_0 - 12_folds.train_8.predict)=75.00%
[ 2020-05-25 11:02:58,362][kfold_wrapper.log_eval_metrics] Accuracy(layer_2 - estimator_0 - 12_folds.train_9.predict)=66.67%
[ 2020-05-25 11:02:58,749][kfold_wrapper.log_eval_metrics] Accuracy(layer_2 - estimator_0 - 12_folds.train_10.predict)=75.00%
[ 2020-05-25 11:02:59,126][kfold_wrapper.log_eval_metrics] Accuracy(layer_2 - estimator_0 - 12_folds.train_11.predict)=58.33%
[ 2020-05-25 11:02:59,242][kfold_wrapper.log_eval_metrics] Accuracy(layer_2 - estimator_0 - 12_folds.train_cv.predict)=66.21%
[ 2020-05-25 11:02:59,245][kfold_wrapper.log_eval_metrics] Accuracy(layer_2 - estimator_0 - 12_folds.test.predict)=40.82%
[ 2020-05-25 11:02:59,500][kfold_wrapper.log_eval_metrics] Accuracy(layer_2 - estimator_1 - 12_folds.train_0.predict)=61.54%
[ 2020-05-25 11:02:59,892][kfold_wrapper.log_eval_metrics] Accuracy(layer_2 - estimator_1 - 12_folds.train_1.predict)=58.33%
[ 2020-05-25 11:03:00,263][kfold_wrapper.log_eval_metrics] Accuracy(layer_2 - estimator_1 - 12_folds.train_2.predict)=66.67%
[ 2020-05-25 11:03:00,641][kfold_wrapper.log_eval_metrics] Accuracy(layer_2 - estimator_1 - 12_folds.train_3.predict)=75.00%
[ 2020-05-25 11:03:01,032][kfold_wrapper.log_eval_metrics] Accuracy(layer_2 - estimator_1 - 12_folds.train_4.predict)=91.67%
[ 2020-05-25 11:03:01,395][kfold_wrapper.log_eval_metrics] Accuracy(layer_2 - estimator_1 - 12_folds.train_5.predict)=66.67%
[ 2020-05-25 11:03:01,782][kfold_wrapper.log_eval_metrics] Accuracy(layer_2 - estimator_1 - 12_folds.train_6.predict)=50.00%
[ 2020-05-25 11:03:02,161][kfold_wrapper.log_eval_metrics] Accuracy(layer_2 - estimator_1 - 12_folds.train_7.predict)=66.67%
[ 2020-05-25 11:03:02,533][kfold_wrapper.log_eval_metrics] Accuracy(layer_2 - estimator_1 - 12_folds.train_8.predict)=75.00%
[ 2020-05-25 11:03:02,923][kfold_wrapper.log_eval_metrics] Accuracy(layer_2 - estimator_1 - 12_folds.train_9.predict)=75.00%
[ 2020-05-25 11:03:03,285][kfold_wrapper.log_eval_metrics] Accuracy(layer_2 - estimator_1 - 12_folds.train_10.predict)=66.67%
[ 2020-05-25 11:03:03,674][kfold_wrapper.log_eval_metrics] Accuracy(layer_2 - estimator_1 - 12_folds.train_11.predict)=58.33%
[ 2020-05-25 11:03:03,799][kfold_wrapper.log_eval_metrics] Accuracy(layer_2 - estimator_1 - 12_folds.train_cv.predict)=67.59%
[ 2020-05-25 11:03:03,799][kfold_wrapper.log_eval_metrics] Accuracy(layer_2 - estimator_1 - 12_folds.test.predict)=36.73%
[ 2020-05-25 11:03:03,814][kfold_wrapper.log_eval_metrics] Accuracy(layer_2 - estimator_2 - 12_folds.train_0.predict)=69.23%
[ 2020-05-25 11:03:03,830][kfold_wrapper.log_eval_metrics] Accuracy(layer_2 - estimator_2 - 12_folds.train_1.predict)=66.67%
[ 2020-05-25 11:03:03,846][kfold_wrapper.log_eval_metrics] Accuracy(layer_2 - estimator_2 - 12_folds.train_2.predict)=66.67%
[ 2020-05-25 11:03:03,861][kfold_wrapper.log_eval_metrics] Accuracy(layer_2 - estimator_2 - 12_folds.train_3.predict)=75.00%
[ 2020-05-25 11:03:03,861][kfold_wrapper.log_eval_metrics] Accuracy(layer_2 - estimator_2 - 12_folds.train_4.predict)=75.00%
[ 2020-05-25 11:03:03,892][kfold_wrapper.log_eval_metrics] Accuracy(layer_2 - estimator_2 - 12_folds.train_5.predict)=75.00%
[ 2020-05-25 11:03:03,908][kfold_wrapper.log_eval_metrics] Accuracy(layer_2 - estimator_2 - 12_folds.train_6.predict)=75.00%
[ 2020-05-25 11:03:03,924][kfold_wrapper.log_eval_metrics] Accuracy(layer_2 - estimator_2 - 12_folds.train_7.predict)=75.00%
[ 2020-05-25 11:03:03,939][kfold_wrapper.log_eval_metrics] Accuracy(layer_2 - estimator_2 - 12_folds.train_8.predict)=75.00%
[ 2020-05-25 11:03:03,971][kfold_wrapper.log_eval_metrics] Accuracy(layer_2 - estimator_2 - 12_folds.train_9.predict)=75.00%
[ 2020-05-25 11:03:03,986][kfold_wrapper.log_eval_metrics] Accuracy(layer_2 - estimator_2 - 12_folds.train_10.predict)=75.00%
[ 2020-05-25 11:03:04,002][kfold_wrapper.log_eval_metrics] Accuracy(layer_2 - estimator_2 - 12_folds.train_11.predict)=75.00%
[ 2020-05-25 11:03:04,002][kfold_wrapper.log_eval_metrics] Accuracy(layer_2 - estimator_2 - 12_folds.train_cv.predict)=73.10%
[ 2020-05-25 11:03:04,017][kfold_wrapper.log_eval_metrics] Accuracy(layer_2 - estimator_2 - 12_folds.test.predict)=73.47%
[ 2020-05-25 11:03:04,017][cascade_classifier.calc_accuracy] Accuracy(layer_2 - train.classifier_average)=72.41%
[ 2020-05-25 11:03:04,017][cascade_classifier.calc_accuracy] Accuracy(layer_2 - test.classifier_average)=42.86%
[ 2020-05-25 11:03:04,017][cascade_classifier.fit_transform] [layer=3] look_indexs=[0], X_cur_train.shape=(145, 11), X_cur_test.shape=(98, 11)
[ 2020-05-25 11:03:04,271][kfold_wrapper.log_eval_metrics] Accuracy(layer_3 - estimator_0 - 12_folds.train_0.predict)=61.54%
[ 2020-05-25 11:03:04,659][kfold_wrapper.log_eval_metrics] Accuracy(layer_3 - estimator_0 - 12_folds.train_1.predict)=58.33%
[ 2020-05-25 11:03:05,050][kfold_wrapper.log_eval_metrics] Accuracy(layer_3 - estimator_0 - 12_folds.train_2.predict)=66.67%
[ 2020-05-25 11:03:05,415][kfold_wrapper.log_eval_metrics] Accuracy(layer_3 - estimator_0 - 12_folds.train_3.predict)=66.67%
[ 2020-05-25 11:03:05,801][kfold_wrapper.log_eval_metrics] Accuracy(layer_3 - estimator_0 - 12_folds.train_4.predict)=75.00%
[ 2020-05-25 11:03:06,177][kfold_wrapper.log_eval_metrics] Accuracy(layer_3 - estimator_0 - 12_folds.train_5.predict)=100.00%
[ 2020-05-25 11:03:06,552][kfold_wrapper.log_eval_metrics] Accuracy(layer_3 - estimator_0 - 12_folds.train_6.predict)=83.33%
[ 2020-05-25 11:03:06,943][kfold_wrapper.log_eval_metrics] Accuracy(layer_3 - estimator_0 - 12_folds.train_7.predict)=75.00%
[ 2020-05-25 11:03:07,315][kfold_wrapper.log_eval_metrics] Accuracy(layer_3 - estimator_0 - 12_folds.train_8.predict)=50.00%
[ 2020-05-25 11:03:07,693][kfold_wrapper.log_eval_metrics] Accuracy(layer_3 - estimator_0 - 12_folds.train_9.predict)=83.33%
[ 2020-05-25 11:03:08,084][kfold_wrapper.log_eval_metrics] Accuracy(layer_3 - estimator_0 - 12_folds.train_10.predict)=75.00%
[ 2020-05-25 11:03:08,434][kfold_wrapper.log_eval_metrics] Accuracy(layer_3 - estimator_0 - 12_folds.train_11.predict)=66.67%
[ 2020-05-25 11:03:08,554][kfold_wrapper.log_eval_metrics] Accuracy(layer_3 - estimator_0 - 12_folds.train_cv.predict)=71.72%
[ 2020-05-25 11:03:08,554][kfold_wrapper.log_eval_metrics] Accuracy(layer_3 - estimator_0 - 12_folds.test.predict)=41.84%
[ 2020-05-25 11:03:08,835][kfold_wrapper.log_eval_metrics] Accuracy(layer_3 - estimator_1 - 12_folds.train_0.predict)=69.23%
[ 2020-05-25 11:03:09,213][kfold_wrapper.log_eval_metrics] Accuracy(layer_3 - estimator_1 - 12_folds.train_1.predict)=83.33%
[ 2020-05-25 11:03:09,586][kfold_wrapper.log_eval_metrics] Accuracy(layer_3 - estimator_1 - 12_folds.train_2.predict)=58.33%
[ 2020-05-25 11:03:09,977][kfold_wrapper.log_eval_metrics] Accuracy(layer_3 - estimator_1 - 12_folds.train_3.predict)=75.00%
[ 2020-05-25 11:03:10,349][kfold_wrapper.log_eval_metrics] Accuracy(layer_3 - estimator_1 - 12_folds.train_4.predict)=83.33%
[ 2020-05-25 11:03:10,727][kfold_wrapper.log_eval_metrics] Accuracy(layer_3 - estimator_1 - 12_folds.train_5.predict)=100.00%
[ 2020-05-25 11:03:11,109][kfold_wrapper.log_eval_metrics] Accuracy(layer_3 - estimator_1 - 12_folds.train_6.predict)=50.00%
[ 2020-05-25 11:03:11,471][kfold_wrapper.log_eval_metrics] Accuracy(layer_3 - estimator_1 - 12_folds.train_7.predict)=75.00%
[ 2020-05-25 11:03:11,854][kfold_wrapper.log_eval_metrics] Accuracy(layer_3 - estimator_1 - 12_folds.train_8.predict)=75.00%
[ 2020-05-25 11:03:12,226][kfold_wrapper.log_eval_metrics] Accuracy(layer_3 - estimator_1 - 12_folds.train_9.predict)=75.00%
[ 2020-05-25 11:03:12,589][kfold_wrapper.log_eval_metrics] Accuracy(layer_3 - estimator_1 - 12_folds.train_10.predict)=66.67%
[ 2020-05-25 11:03:12,980][kfold_wrapper.log_eval_metrics] Accuracy(layer_3 - estimator_1 - 12_folds.train_11.predict)=75.00%
[ 2020-05-25 11:03:13,105][kfold_wrapper.log_eval_metrics] Accuracy(layer_3 - estimator_1 - 12_folds.train_cv.predict)=73.79%
[ 2020-05-25 11:03:13,105][kfold_wrapper.log_eval_metrics] Accuracy(layer_3 - estimator_1 - 12_folds.test.predict)=55.10%
[ 2020-05-25 11:03:13,134][kfold_wrapper.log_eval_metrics] Accuracy(layer_3 - estimator_2 - 12_folds.train_0.predict)=69.23%
[ 2020-05-25 11:03:13,156][kfold_wrapper.log_eval_metrics] Accuracy(layer_3 - estimator_2 - 12_folds.train_1.predict)=66.67%
[ 2020-05-25 11:03:13,177][kfold_wrapper.log_eval_metrics] Accuracy(layer_3 - estimator_2 - 12_folds.train_2.predict)=66.67%
[ 2020-05-25 11:03:13,200][kfold_wrapper.log_eval_metrics] Accuracy(layer_3 - estimator_2 - 12_folds.train_3.predict)=75.00%
[ 2020-05-25 11:03:13,218][kfold_wrapper.log_eval_metrics] Accuracy(layer_3 - estimator_2 - 12_folds.train_4.predict)=66.67%
[ 2020-05-25 11:03:13,235][kfold_wrapper.log_eval_metrics] Accuracy(layer_3 - estimator_2 - 12_folds.train_5.predict)=75.00%
[ 2020-05-25 11:03:13,251][kfold_wrapper.log_eval_metrics] Accuracy(layer_3 - estimator_2 - 12_folds.train_6.predict)=75.00%
[ 2020-05-25 11:03:13,272][kfold_wrapper.log_eval_metrics] Accuracy(layer_3 - estimator_2 - 12_folds.train_7.predict)=75.00%
[ 2020-05-25 11:03:13,291][kfold_wrapper.log_eval_metrics] Accuracy(layer_3 - estimator_2 - 12_folds.train_8.predict)=75.00%
[ 2020-05-25 11:03:13,299][kfold_wrapper.log_eval_metrics] Accuracy(layer_3 - estimator_2 - 12_folds.train_9.predict)=75.00%
[ 2020-05-25 11:03:13,306][kfold_wrapper.log_eval_metrics] Accuracy(layer_3 - estimator_2 - 12_folds.train_10.predict)=75.00%
[ 2020-05-25 11:03:13,313][kfold_wrapper.log_eval_metrics] Accuracy(layer_3 - estimator_2 - 12_folds.train_11.predict)=75.00%
[ 2020-05-25 11:03:13,315][kfold_wrapper.log_eval_metrics] Accuracy(layer_3 - estimator_2 - 12_folds.train_cv.predict)=72.41%
[ 2020-05-25 11:03:13,318][kfold_wrapper.log_eval_metrics] Accuracy(layer_3 - estimator_2 - 12_folds.test.predict)=73.47%
[ 2020-05-25 11:03:13,324][cascade_classifier.calc_accuracy] Accuracy(layer_3 - train.classifier_average)=73.10%
[ 2020-05-25 11:03:13,328][cascade_classifier.calc_accuracy] Accuracy(layer_3 - test.classifier_average)=58.16%
[ 2020-05-25 11:03:13,330][cascade_classifier.fit_transform] [layer=4] look_indexs=[0], X_cur_train.shape=(145, 11), X_cur_test.shape=(98, 11)
[ 2020-05-25 11:03:13,574][kfold_wrapper.log_eval_metrics] Accuracy(layer_4 - estimator_0 - 12_folds.train_0.predict)=92.31%
[ 2020-05-25 11:03:13,965][kfold_wrapper.log_eval_metrics] Accuracy(layer_4 - estimator_0 - 12_folds.train_1.predict)=41.67%
[ 2020-05-25 11:03:14,339][kfold_wrapper.log_eval_metrics] Accuracy(layer_4 - estimator_0 - 12_folds.train_2.predict)=91.67%
[ 2020-05-25 11:03:14,716][kfold_wrapper.log_eval_metrics] Accuracy(layer_4 - estimator_0 - 12_folds.train_3.predict)=58.33%
[ 2020-05-25 11:03:15,103][kfold_wrapper.log_eval_metrics] Accuracy(layer_4 - estimator_0 - 12_folds.train_4.predict)=91.67%
[ 2020-05-25 11:03:15,467][kfold_wrapper.log_eval_metrics] Accuracy(layer_4 - estimator_0 - 12_folds.train_5.predict)=91.67%
[ 2020-05-25 11:03:15,858][kfold_wrapper.log_eval_metrics] Accuracy(layer_4 - estimator_0 - 12_folds.train_6.predict)=75.00%
[ 2020-05-25 11:03:16,230][kfold_wrapper.log_eval_metrics] Accuracy(layer_4 - estimator_0 - 12_folds.train_7.predict)=58.33%
[ 2020-05-25 11:03:16,614][kfold_wrapper.log_eval_metrics] Accuracy(layer_4 - estimator_0 - 12_folds.train_8.predict)=91.67%
[ 2020-05-25 11:03:17,005][kfold_wrapper.log_eval_metrics] Accuracy(layer_4 - estimator_0 - 12_folds.train_9.predict)=83.33%
[ 2020-05-25 11:03:17,370][kfold_wrapper.log_eval_metrics] Accuracy(layer_4 - estimator_0 - 12_folds.train_10.predict)=83.33%
[ 2020-05-25 11:03:17,724][kfold_wrapper.log_eval_metrics] Accuracy(layer_4 - estimator_0 - 12_folds.train_11.predict)=66.67%
[ 2020-05-25 11:03:17,849][kfold_wrapper.log_eval_metrics] Accuracy(layer_4 - estimator_0 - 12_folds.train_cv.predict)=77.24%
[ 2020-05-25 11:03:17,849][kfold_wrapper.log_eval_metrics] Accuracy(layer_4 - estimator_0 - 12_folds.test.predict)=45.92%
[ 2020-05-25 11:03:18,117][kfold_wrapper.log_eval_metrics] Accuracy(layer_4 - estimator_1 - 12_folds.train_0.predict)=69.23%
[ 2020-05-25 11:03:18,481][kfold_wrapper.log_eval_metrics] Accuracy(layer_4 - estimator_1 - 12_folds.train_1.predict)=50.00%
[ 2020-05-25 11:03:18,851][kfold_wrapper.log_eval_metrics] Accuracy(layer_4 - estimator_1 - 12_folds.train_2.predict)=83.33%
[ 2020-05-25 11:03:19,217][kfold_wrapper.log_eval_metrics] Accuracy(layer_4 - estimator_1 - 12_folds.train_3.predict)=66.67%
[ 2020-05-25 11:03:19,586][kfold_wrapper.log_eval_metrics] Accuracy(layer_4 - estimator_1 - 12_folds.train_4.predict)=83.33%
[ 2020-05-25 11:03:19,964][kfold_wrapper.log_eval_metrics] Accuracy(layer_4 - estimator_1 - 12_folds.train_5.predict)=91.67%
[ 2020-05-25 11:03:20,335][kfold_wrapper.log_eval_metrics] Accuracy(layer_4 - estimator_1 - 12_folds.train_6.predict)=75.00%
[ 2020-05-25 11:03:20,712][kfold_wrapper.log_eval_metrics] Accuracy(layer_4 - estimator_1 - 12_folds.train_7.predict)=91.67%
[ 2020-05-25 11:03:21,102][kfold_wrapper.log_eval_metrics] Accuracy(layer_4 - estimator_1 - 12_folds.train_8.predict)=75.00%
[ 2020-05-25 11:03:21,467][kfold_wrapper.log_eval_metrics] Accuracy(layer_4 - estimator_1 - 12_folds.train_9.predict)=75.00%
[ 2020-05-25 11:03:21,854][kfold_wrapper.log_eval_metrics] Accuracy(layer_4 - estimator_1 - 12_folds.train_10.predict)=66.67%
[ 2020-05-25 11:03:22,225][kfold_wrapper.log_eval_metrics] Accuracy(layer_4 - estimator_1 - 12_folds.train_11.predict)=75.00%
[ 2020-05-25 11:03:22,342][kfold_wrapper.log_eval_metrics] Accuracy(layer_4 - estimator_1 - 12_folds.train_cv.predict)=75.17%
[ 2020-05-25 11:03:22,345][kfold_wrapper.log_eval_metrics] Accuracy(layer_4 - estimator_1 - 12_folds.test.predict)=43.88%
[ 2020-05-25 11:03:22,368][kfold_wrapper.log_eval_metrics] Accuracy(layer_4 - estimator_2 - 12_folds.train_0.predict)=69.23%
[ 2020-05-25 11:03:22,389][kfold_wrapper.log_eval_metrics] Accuracy(layer_4 - estimator_2 - 12_folds.train_1.predict)=75.00%
[ 2020-05-25 11:03:22,407][kfold_wrapper.log_eval_metrics] Accuracy(layer_4 - estimator_2 - 12_folds.train_2.predict)=58.33%
[ 2020-05-25 11:03:22,424][kfold_wrapper.log_eval_metrics] Accuracy(layer_4 - estimator_2 - 12_folds.train_3.predict)=75.00%
[ 2020-05-25 11:03:22,442][kfold_wrapper.log_eval_metrics] Accuracy(layer_4 - estimator_2 - 12_folds.train_4.predict)=75.00%
[ 2020-05-25 11:03:22,458][kfold_wrapper.log_eval_metrics] Accuracy(layer_4 - estimator_2 - 12_folds.train_5.predict)=75.00%
[ 2020-05-25 11:03:22,469][kfold_wrapper.log_eval_metrics] Accuracy(layer_4 - estimator_2 - 12_folds.train_6.predict)=66.67%
[ 2020-05-25 11:03:22,482][kfold_wrapper.log_eval_metrics] Accuracy(layer_4 - estimator_2 - 12_folds.train_7.predict)=83.33%
[ 2020-05-25 11:03:22,494][kfold_wrapper.log_eval_metrics] Accuracy(layer_4 - estimator_2 - 12_folds.train_8.predict)=75.00%
[ 2020-05-25 11:03:22,512][kfold_wrapper.log_eval_metrics] Accuracy(layer_4 - estimator_2 - 12_folds.train_9.predict)=91.67%
[ 2020-05-25 11:03:22,528][kfold_wrapper.log_eval_metrics] Accuracy(layer_4 - estimator_2 - 12_folds.train_10.predict)=66.67%
[ 2020-05-25 11:03:22,543][kfold_wrapper.log_eval_metrics] Accuracy(layer_4 - estimator_2 - 12_folds.train_11.predict)=58.33%
[ 2020-05-25 11:03:22,543][kfold_wrapper.log_eval_metrics] Accuracy(layer_4 - estimator_2 - 12_folds.train_cv.predict)=72.41%
[ 2020-05-25 11:03:22,543][kfold_wrapper.log_eval_metrics] Accuracy(layer_4 - estimator_2 - 12_folds.test.predict)=62.24%
[ 2020-05-25 11:03:22,543][cascade_classifier.calc_accuracy] Accuracy(layer_4 - train.classifier_average)=75.17%
[ 2020-05-25 11:03:22,559][cascade_classifier.calc_accuracy] Accuracy(layer_4 - test.classifier_average)=46.94%
[ 2020-05-25 11:03:22,559][cascade_classifier.fit_transform] [layer=5] look_indexs=[0], X_cur_train.shape=(145, 11), X_cur_test.shape=(98, 11)
[ 2020-05-25 11:03:22,824][kfold_wrapper.log_eval_metrics] Accuracy(layer_5 - estimator_0 - 12_folds.train_0.predict)=76.92%
[ 2020-05-25 11:03:23,194][kfold_wrapper.log_eval_metrics] Accuracy(layer_5 - estimator_0 - 12_folds.train_1.predict)=83.33%
[ 2020-05-25 11:03:23,560][kfold_wrapper.log_eval_metrics] Accuracy(layer_5 - estimator_0 - 12_folds.train_2.predict)=83.33%
[ 2020-05-25 11:03:23,950][kfold_wrapper.log_eval_metrics] Accuracy(layer_5 - estimator_0 - 12_folds.train_3.predict)=66.67%
[ 2020-05-25 11:03:24,313][kfold_wrapper.log_eval_metrics] Accuracy(layer_5 - estimator_0 - 12_folds.train_4.predict)=75.00%
[ 2020-05-25 11:03:24,701][kfold_wrapper.log_eval_metrics] Accuracy(layer_5 - estimator_0 - 12_folds.train_5.predict)=58.33%
[ 2020-05-25 11:03:25,091][kfold_wrapper.log_eval_metrics] Accuracy(layer_5 - estimator_0 - 12_folds.train_6.predict)=75.00%
[ 2020-05-25 11:03:25,456][kfold_wrapper.log_eval_metrics] Accuracy(layer_5 - estimator_0 - 12_folds.train_7.predict)=83.33%
[ 2020-05-25 11:03:25,842][kfold_wrapper.log_eval_metrics] Accuracy(layer_5 - estimator_0 - 12_folds.train_8.predict)=75.00%
[ 2020-05-25 11:03:26,215][kfold_wrapper.log_eval_metrics] Accuracy(layer_5 - estimator_0 - 12_folds.train_9.predict)=66.67%
[ 2020-05-25 11:03:26,577][kfold_wrapper.log_eval_metrics] Accuracy(layer_5 - estimator_0 - 12_folds.train_10.predict)=75.00%
[ 2020-05-25 11:03:26,968][kfold_wrapper.log_eval_metrics] Accuracy(layer_5 - estimator_0 - 12_folds.train_11.predict)=83.33%
[ 2020-05-25 11:03:27,093][kfold_wrapper.log_eval_metrics] Accuracy(layer_5 - estimator_0 - 12_folds.train_cv.predict)=75.17%
[ 2020-05-25 11:03:27,093][kfold_wrapper.log_eval_metrics] Accuracy(layer_5 - estimator_0 - 12_folds.test.predict)=52.04%
[ 2020-05-25 11:03:27,347][kfold_wrapper.log_eval_metrics] Accuracy(layer_5 - estimator_1 - 12_folds.train_0.predict)=84.62%
[ 2020-05-25 11:03:27,735][kfold_wrapper.log_eval_metrics] Accuracy(layer_5 - estimator_1 - 12_folds.train_1.predict)=58.33%
[ 2020-05-25 11:03:28,113][kfold_wrapper.log_eval_metrics] Accuracy(layer_5 - estimator_1 - 12_folds.train_2.predict)=66.67%
[ 2020-05-25 11:03:28,476][kfold_wrapper.log_eval_metrics] Accuracy(layer_5 - estimator_1 - 12_folds.train_3.predict)=75.00%
[ 2020-05-25 11:03:28,861][kfold_wrapper.log_eval_metrics] Accuracy(layer_5 - estimator_1 - 12_folds.train_4.predict)=58.33%
[ 2020-05-25 11:03:29,233][kfold_wrapper.log_eval_metrics] Accuracy(layer_5 - estimator_1 - 12_folds.train_5.predict)=75.00%
[ 2020-05-25 11:03:29,598][kfold_wrapper.log_eval_metrics] Accuracy(layer_5 - estimator_1 - 12_folds.train_6.predict)=75.00%
[ 2020-05-25 11:03:29,988][kfold_wrapper.log_eval_metrics] Accuracy(layer_5 - estimator_1 - 12_folds.train_7.predict)=66.67%
[ 2020-05-25 11:03:30,350][kfold_wrapper.log_eval_metrics] Accuracy(layer_5 - estimator_1 - 12_folds.train_8.predict)=58.33%
[ 2020-05-25 11:03:30,740][kfold_wrapper.log_eval_metrics] Accuracy(layer_5 - estimator_1 - 12_folds.train_9.predict)=91.67%
[ 2020-05-25 11:03:31,116][kfold_wrapper.log_eval_metrics] Accuracy(layer_5 - estimator_1 - 12_folds.train_10.predict)=50.00%
[ 2020-05-25 11:03:31,477][kfold_wrapper.log_eval_metrics] Accuracy(layer_5 - estimator_1 - 12_folds.train_11.predict)=100.00%
[ 2020-05-25 11:03:31,600][kfold_wrapper.log_eval_metrics] Accuracy(layer_5 - estimator_1 - 12_folds.train_cv.predict)=71.72%
[ 2020-05-25 11:03:31,600][kfold_wrapper.log_eval_metrics] Accuracy(layer_5 - estimator_1 - 12_folds.test.predict)=45.92%
[ 2020-05-25 11:03:31,616][kfold_wrapper.log_eval_metrics] Accuracy(layer_5 - estimator_2 - 12_folds.train_0.predict)=69.23%
[ 2020-05-25 11:03:31,647][kfold_wrapper.log_eval_metrics] Accuracy(layer_5 - estimator_2 - 12_folds.train_1.predict)=66.67%
[ 2020-05-25 11:03:31,663][kfold_wrapper.log_eval_metrics] Accuracy(layer_5 - estimator_2 - 12_folds.train_2.predict)=75.00%
[ 2020-05-25 11:03:31,679][kfold_wrapper.log_eval_metrics] Accuracy(layer_5 - estimator_2 - 12_folds.train_3.predict)=75.00%
[ 2020-05-25 11:03:31,679][kfold_wrapper.log_eval_metrics] Accuracy(layer_5 - estimator_2 - 12_folds.train_4.predict)=58.33%
[ 2020-05-25 11:03:31,694][kfold_wrapper.log_eval_metrics] Accuracy(layer_5 - estimator_2 - 12_folds.train_5.predict)=75.00%
[ 2020-05-25 11:03:31,694][kfold_wrapper.log_eval_metrics] Accuracy(layer_5 - estimator_2 - 12_folds.train_6.predict)=83.33%
[ 2020-05-25 11:03:31,710][kfold_wrapper.log_eval_metrics] Accuracy(layer_5 - estimator_2 - 12_folds.train_7.predict)=50.00%
[ 2020-05-25 11:03:31,710][kfold_wrapper.log_eval_metrics] Accuracy(layer_5 - estimator_2 - 12_folds.train_8.predict)=83.33%
[ 2020-05-25 11:03:31,725][kfold_wrapper.log_eval_metrics] Accuracy(layer_5 - estimator_2 - 12_folds.train_9.predict)=83.33%
[ 2020-05-25 11:03:31,741][kfold_wrapper.log_eval_metrics] Accuracy(layer_5 - estimator_2 - 12_folds.train_10.predict)=75.00%
[ 2020-05-25 11:03:31,757][kfold_wrapper.log_eval_metrics] Accuracy(layer_5 - estimator_2 - 12_folds.train_11.predict)=83.33%
[ 2020-05-25 11:03:31,772][kfold_wrapper.log_eval_metrics] Accuracy(layer_5 - estimator_2 - 12_folds.train_cv.predict)=73.10%
[ 2020-05-25 11:03:31,772][kfold_wrapper.log_eval_metrics] Accuracy(layer_5 - estimator_2 - 12_folds.test.predict)=54.08%
[ 2020-05-25 11:03:31,772][cascade_classifier.calc_accuracy] Accuracy(layer_5 - train.classifier_average)=75.86%
[ 2020-05-25 11:03:31,772][cascade_classifier.calc_accuracy] Accuracy(layer_5 - test.classifier_average)=52.04%
[ 2020-05-25 11:03:31,772][cascade_classifier.fit_transform] [layer=6] look_indexs=[0], X_cur_train.shape=(145, 11), X_cur_test.shape=(98, 11)
[ 2020-05-25 11:03:32,022][kfold_wrapper.log_eval_metrics] Accuracy(layer_6 - estimator_0 - 12_folds.train_0.predict)=84.62%
[ 2020-05-25 11:03:32,385][kfold_wrapper.log_eval_metrics] Accuracy(layer_6 - estimator_0 - 12_folds.train_1.predict)=66.67%
[ 2020-05-25 11:03:32,743][kfold_wrapper.log_eval_metrics] Accuracy(layer_6 - estimator_0 - 12_folds.train_2.predict)=50.00%
[ 2020-05-25 11:03:33,119][kfold_wrapper.log_eval_metrics] Accuracy(layer_6 - estimator_0 - 12_folds.train_3.predict)=75.00%
[ 2020-05-25 11:03:33,482][kfold_wrapper.log_eval_metrics] Accuracy(layer_6 - estimator_0 - 12_folds.train_4.predict)=75.00%
[ 2020-05-25 11:03:33,870][kfold_wrapper.log_eval_metrics] Accuracy(layer_6 - estimator_0 - 12_folds.train_5.predict)=66.67%
[ 2020-05-25 11:03:34,240][kfold_wrapper.log_eval_metrics] Accuracy(layer_6 - estimator_0 - 12_folds.train_6.predict)=58.33%
[ 2020-05-25 11:03:34,606][kfold_wrapper.log_eval_metrics] Accuracy(layer_6 - estimator_0 - 12_folds.train_7.predict)=83.33%
[ 2020-05-25 11:03:34,981][kfold_wrapper.log_eval_metrics] Accuracy(layer_6 - estimator_0 - 12_folds.train_8.predict)=75.00%
[ 2020-05-25 11:03:35,345][kfold_wrapper.log_eval_metrics] Accuracy(layer_6 - estimator_0 - 12_folds.train_9.predict)=75.00%
[ 2020-05-25 11:03:35,732][kfold_wrapper.log_eval_metrics] Accuracy(layer_6 - estimator_0 - 12_folds.train_10.predict)=58.33%
[ 2020-05-25 11:03:36,109][kfold_wrapper.log_eval_metrics] Accuracy(layer_6 - estimator_0 - 12_folds.train_11.predict)=75.00%
[ 2020-05-25 11:03:36,227][kfold_wrapper.log_eval_metrics] Accuracy(layer_6 - estimator_0 - 12_folds.train_cv.predict)=70.34%
[ 2020-05-25 11:03:36,230][kfold_wrapper.log_eval_metrics] Accuracy(layer_6 - estimator_0 - 12_folds.test.predict)=44.90%
[ 2020-05-25 11:03:36,485][kfold_wrapper.log_eval_metrics] Accuracy(layer_6 - estimator_1 - 12_folds.train_0.predict)=76.92%
[ 2020-05-25 11:03:36,874][kfold_wrapper.log_eval_metrics] Accuracy(layer_6 - estimator_1 - 12_folds.train_1.predict)=41.67%
[ 2020-05-25 11:03:37,246][kfold_wrapper.log_eval_metrics] Accuracy(layer_6 - estimator_1 - 12_folds.train_2.predict)=83.33%
[ 2020-05-25 11:03:37,610][kfold_wrapper.log_eval_metrics] Accuracy(layer_6 - estimator_1 - 12_folds.train_3.predict)=75.00%
[ 2020-05-25 11:03:38,001][kfold_wrapper.log_eval_metrics] Accuracy(layer_6 - estimator_1 - 12_folds.train_4.predict)=83.33%
[ 2020-05-25 11:03:38,363][kfold_wrapper.log_eval_metrics] Accuracy(layer_6 - estimator_1 - 12_folds.train_5.predict)=58.33%
[ 2020-05-25 11:03:38,752][kfold_wrapper.log_eval_metrics] Accuracy(layer_6 - estimator_1 - 12_folds.train_6.predict)=75.00%
[ 2020-05-25 11:03:39,129][kfold_wrapper.log_eval_metrics] Accuracy(layer_6 - estimator_1 - 12_folds.train_7.predict)=50.00%
[ 2020-05-25 11:03:39,492][kfold_wrapper.log_eval_metrics] Accuracy(layer_6 - estimator_1 - 12_folds.train_8.predict)=75.00%
[ 2020-05-25 11:03:39,878][kfold_wrapper.log_eval_metrics] Accuracy(layer_6 - estimator_1 - 12_folds.train_9.predict)=50.00%
[ 2020-05-25 11:03:40,240][kfold_wrapper.log_eval_metrics] Accuracy(layer_6 - estimator_1 - 12_folds.train_10.predict)=58.33%
[ 2020-05-25 11:03:40,615][kfold_wrapper.log_eval_metrics] Accuracy(layer_6 - estimator_1 - 12_folds.train_11.predict)=66.67%
[ 2020-05-25 11:03:40,740][kfold_wrapper.log_eval_metrics] Accuracy(layer_6 - estimator_1 - 12_folds.train_cv.predict)=66.21%
[ 2020-05-25 11:03:40,740][kfold_wrapper.log_eval_metrics] Accuracy(layer_6 - estimator_1 - 12_folds.test.predict)=55.10%
[ 2020-05-25 11:03:40,755][kfold_wrapper.log_eval_metrics] Accuracy(layer_6 - estimator_2 - 12_folds.train_0.predict)=69.23%
[ 2020-05-25 11:03:40,771][kfold_wrapper.log_eval_metrics] Accuracy(layer_6 - estimator_2 - 12_folds.train_1.predict)=66.67%
[ 2020-05-25 11:03:40,786][kfold_wrapper.log_eval_metrics] Accuracy(layer_6 - estimator_2 - 12_folds.train_2.predict)=75.00%
[ 2020-05-25 11:03:40,818][kfold_wrapper.log_eval_metrics] Accuracy(layer_6 - estimator_2 - 12_folds.train_3.predict)=66.67%
[ 2020-05-25 11:03:40,818][kfold_wrapper.log_eval_metrics] Accuracy(layer_6 - estimator_2 - 12_folds.train_4.predict)=75.00%
[ 2020-05-25 11:03:40,833][kfold_wrapper.log_eval_metrics] Accuracy(layer_6 - estimator_2 - 12_folds.train_5.predict)=83.33%
[ 2020-05-25 11:03:40,865][kfold_wrapper.log_eval_metrics] Accuracy(layer_6 - estimator_2 - 12_folds.train_6.predict)=83.33%
[ 2020-05-25 11:03:40,880][kfold_wrapper.log_eval_metrics] Accuracy(layer_6 - estimator_2 - 12_folds.train_7.predict)=66.67%
[ 2020-05-25 11:03:40,896][kfold_wrapper.log_eval_metrics] Accuracy(layer_6 - estimator_2 - 12_folds.train_8.predict)=66.67%
[ 2020-05-25 11:03:40,911][kfold_wrapper.log_eval_metrics] Accuracy(layer_6 - estimator_2 - 12_folds.train_9.predict)=83.33%
[ 2020-05-25 11:03:40,927][kfold_wrapper.log_eval_metrics] Accuracy(layer_6 - estimator_2 - 12_folds.train_10.predict)=66.67%
[ 2020-05-25 11:03:40,958][kfold_wrapper.log_eval_metrics] Accuracy(layer_6 - estimator_2 - 12_folds.train_11.predict)=58.33%
[ 2020-05-25 11:03:40,958][kfold_wrapper.log_eval_metrics] Accuracy(layer_6 - estimator_2 - 12_folds.train_cv.predict)=71.72%
[ 2020-05-25 11:03:40,958][kfold_wrapper.log_eval_metrics] Accuracy(layer_6 - estimator_2 - 12_folds.test.predict)=58.16%
[ 2020-05-25 11:03:40,958][cascade_classifier.calc_accuracy] Accuracy(layer_6 - train.classifier_average)=72.41%
[ 2020-05-25 11:03:40,974][cascade_classifier.calc_accuracy] Accuracy(layer_6 - test.classifier_average)=54.08%
[ 2020-05-25 11:03:40,974][cascade_classifier.fit_transform] [layer=7] look_indexs=[0], X_cur_train.shape=(145, 11), X_cur_test.shape=(98, 11)
[ 2020-05-25 11:03:41,220][kfold_wrapper.log_eval_metrics] Accuracy(layer_7 - estimator_0 - 12_folds.train_0.predict)=69.23%
[ 2020-05-25 11:03:41,585][kfold_wrapper.log_eval_metrics] Accuracy(layer_7 - estimator_0 - 12_folds.train_1.predict)=75.00%
[ 2020-05-25 11:03:41,950][kfold_wrapper.log_eval_metrics] Accuracy(layer_7 - estimator_0 - 12_folds.train_2.predict)=75.00%
[ 2020-05-25 11:03:42,312][kfold_wrapper.log_eval_metrics] Accuracy(layer_7 - estimator_0 - 12_folds.train_3.predict)=75.00%
[ 2020-05-25 11:03:42,696][kfold_wrapper.log_eval_metrics] Accuracy(layer_7 - estimator_0 - 12_folds.train_4.predict)=83.33%
[ 2020-05-25 11:03:43,080][kfold_wrapper.log_eval_metrics] Accuracy(layer_7 - estimator_0 - 12_folds.train_5.predict)=66.67%
[ 2020-05-25 11:03:43,443][kfold_wrapper.log_eval_metrics] Accuracy(layer_7 - estimator_0 - 12_folds.train_6.predict)=66.67%
[ 2020-05-25 11:03:43,838][kfold_wrapper.log_eval_metrics] Accuracy(layer_7 - estimator_0 - 12_folds.train_7.predict)=75.00%
[ 2020-05-25 11:03:44,210][kfold_wrapper.log_eval_metrics] Accuracy(layer_7 - estimator_0 - 12_folds.train_8.predict)=66.67%
[ 2020-05-25 11:03:44,574][kfold_wrapper.log_eval_metrics] Accuracy(layer_7 - estimator_0 - 12_folds.train_9.predict)=75.00%
[ 2020-05-25 11:03:44,949][kfold_wrapper.log_eval_metrics] Accuracy(layer_7 - estimator_0 - 12_folds.train_10.predict)=75.00%
[ 2020-05-25 11:03:45,308][kfold_wrapper.log_eval_metrics] Accuracy(layer_7 - estimator_0 - 12_folds.train_11.predict)=50.00%
[ 2020-05-25 11:03:45,421][kfold_wrapper.log_eval_metrics] Accuracy(layer_7 - estimator_0 - 12_folds.train_cv.predict)=71.03%
[ 2020-05-25 11:03:45,426][kfold_wrapper.log_eval_metrics] Accuracy(layer_7 - estimator_0 - 12_folds.test.predict)=38.78%
[ 2020-05-25 11:03:45,669][kfold_wrapper.log_eval_metrics] Accuracy(layer_7 - estimator_1 - 12_folds.train_0.predict)=76.92%
[ 2020-05-25 11:03:46,060][kfold_wrapper.log_eval_metrics] Accuracy(layer_7 - estimator_1 - 12_folds.train_1.predict)=75.00%
[ 2020-05-25 11:03:46,424][kfold_wrapper.log_eval_metrics] Accuracy(layer_7 - estimator_1 - 12_folds.train_2.predict)=66.67%
[ 2020-05-25 11:03:46,800][kfold_wrapper.log_eval_metrics] Accuracy(layer_7 - estimator_1 - 12_folds.train_3.predict)=66.67%
[ 2020-05-25 11:03:47,168][kfold_wrapper.log_eval_metrics] Accuracy(layer_7 - estimator_1 - 12_folds.train_4.predict)=75.00%
[ 2020-05-25 11:03:47,530][kfold_wrapper.log_eval_metrics] Accuracy(layer_7 - estimator_1 - 12_folds.train_5.predict)=75.00%
[ 2020-05-25 11:03:47,909][kfold_wrapper.log_eval_metrics] Accuracy(layer_7 - estimator_1 - 12_folds.train_6.predict)=66.67%
[ 2020-05-25 11:03:48,282][kfold_wrapper.log_eval_metrics] Accuracy(layer_7 - estimator_1 - 12_folds.train_7.predict)=58.33%
[ 2020-05-25 11:03:48,642][kfold_wrapper.log_eval_metrics] Accuracy(layer_7 - estimator_1 - 12_folds.train_8.predict)=58.33%
[ 2020-05-25 11:03:49,033][kfold_wrapper.log_eval_metrics] Accuracy(layer_7 - estimator_1 - 12_folds.train_9.predict)=66.67%
[ 2020-05-25 11:03:49,397][kfold_wrapper.log_eval_metrics] Accuracy(layer_7 - estimator_1 - 12_folds.train_10.predict)=75.00%
[ 2020-05-25 11:03:49,784][kfold_wrapper.log_eval_metrics] Accuracy(layer_7 - estimator_1 - 12_folds.train_11.predict)=91.67%
[ 2020-05-25 11:03:49,909][kfold_wrapper.log_eval_metrics] Accuracy(layer_7 - estimator_1 - 12_folds.train_cv.predict)=71.03%
[ 2020-05-25 11:03:49,909][kfold_wrapper.log_eval_metrics] Accuracy(layer_7 - estimator_1 - 12_folds.test.predict)=53.06%
[ 2020-05-25 11:03:49,924][kfold_wrapper.log_eval_metrics] Accuracy(layer_7 - estimator_2 - 12_folds.train_0.predict)=69.23%
[ 2020-05-25 11:03:49,946][kfold_wrapper.log_eval_metrics] Accuracy(layer_7 - estimator_2 - 12_folds.train_1.predict)=66.67%
[ 2020-05-25 11:03:49,962][kfold_wrapper.log_eval_metrics] Accuracy(layer_7 - estimator_2 - 12_folds.train_2.predict)=66.67%
[ 2020-05-25 11:03:49,977][kfold_wrapper.log_eval_metrics] Accuracy(layer_7 - estimator_2 - 12_folds.train_3.predict)=75.00%
[ 2020-05-25 11:03:49,993][kfold_wrapper.log_eval_metrics] Accuracy(layer_7 - estimator_2 - 12_folds.train_4.predict)=75.00%
[ 2020-05-25 11:03:50,009][kfold_wrapper.log_eval_metrics] Accuracy(layer_7 - estimator_2 - 12_folds.train_5.predict)=75.00%
[ 2020-05-25 11:03:50,024][kfold_wrapper.log_eval_metrics] Accuracy(layer_7 - estimator_2 - 12_folds.train_6.predict)=75.00%
[ 2020-05-25 11:03:50,040][kfold_wrapper.log_eval_metrics] Accuracy(layer_7 - estimator_2 - 12_folds.train_7.predict)=75.00%
[ 2020-05-25 11:03:50,055][kfold_wrapper.log_eval_metrics] Accuracy(layer_7 - estimator_2 - 12_folds.train_8.predict)=75.00%
[ 2020-05-25 11:03:50,087][kfold_wrapper.log_eval_metrics] Accuracy(layer_7 - estimator_2 - 12_folds.train_9.predict)=75.00%
[ 2020-05-25 11:03:50,102][kfold_wrapper.log_eval_metrics] Accuracy(layer_7 - estimator_2 - 12_folds.train_10.predict)=66.67%
[ 2020-05-25 11:03:50,129][kfold_wrapper.log_eval_metrics] Accuracy(layer_7 - estimator_2 - 12_folds.train_11.predict)=58.33%
[ 2020-05-25 11:03:50,133][kfold_wrapper.log_eval_metrics] Accuracy(layer_7 - estimator_2 - 12_folds.train_cv.predict)=71.03%
[ 2020-05-25 11:03:50,138][kfold_wrapper.log_eval_metrics] Accuracy(layer_7 - estimator_2 - 12_folds.test.predict)=68.37%
[ 2020-05-25 11:03:50,145][cascade_classifier.calc_accuracy] Accuracy(layer_7 - train.classifier_average)=72.41%
[ 2020-05-25 11:03:50,149][cascade_classifier.calc_accuracy] Accuracy(layer_7 - test.classifier_average)=52.04%
[ 2020-05-25 11:03:50,151][cascade_classifier.fit_transform] [layer=8] look_indexs=[0], X_cur_train.shape=(145, 11), X_cur_test.shape=(98, 11)
[ 2020-05-25 11:03:50,402][kfold_wrapper.log_eval_metrics] Accuracy(layer_8 - estimator_0 - 12_folds.train_0.predict)=76.92%
[ 2020-05-25 11:03:50,753][kfold_wrapper.log_eval_metrics] Accuracy(layer_8 - estimator_0 - 12_folds.train_1.predict)=66.67%
[ 2020-05-25 11:03:51,130][kfold_wrapper.log_eval_metrics] Accuracy(layer_8 - estimator_0 - 12_folds.train_2.predict)=75.00%
[ 2020-05-25 11:03:51,481][kfold_wrapper.log_eval_metrics] Accuracy(layer_8 - estimator_0 - 12_folds.train_3.predict)=58.33%
[ 2020-05-25 11:03:51,865][kfold_wrapper.log_eval_metrics] Accuracy(layer_8 - estimator_0 - 12_folds.train_4.predict)=75.00%
[ 2020-05-25 11:03:52,236][kfold_wrapper.log_eval_metrics] Accuracy(layer_8 - estimator_0 - 12_folds.train_5.predict)=75.00%
[ 2020-05-25 11:03:52,600][kfold_wrapper.log_eval_metrics] Accuracy(layer_8 - estimator_0 - 12_folds.train_6.predict)=75.00%
[ 2020-05-25 11:03:52,991][kfold_wrapper.log_eval_metrics] Accuracy(layer_8 - estimator_0 - 12_folds.train_7.predict)=75.00%
[ 2020-05-25 11:03:53,356][kfold_wrapper.log_eval_metrics] Accuracy(layer_8 - estimator_0 - 12_folds.train_8.predict)=75.00%
[ 2020-05-25 11:03:53,742][kfold_wrapper.log_eval_metrics] Accuracy(layer_8 - estimator_0 - 12_folds.train_9.predict)=66.67%
[ 2020-05-25 11:03:54,120][kfold_wrapper.log_eval_metrics] Accuracy(layer_8 - estimator_0 - 12_folds.train_10.predict)=75.00%
[ 2020-05-25 11:03:54,484][kfold_wrapper.log_eval_metrics] Accuracy(layer_8 - estimator_0 - 12_folds.train_11.predict)=83.33%
[ 2020-05-25 11:03:54,603][kfold_wrapper.log_eval_metrics] Accuracy(layer_8 - estimator_0 - 12_folds.train_cv.predict)=73.10%
[ 2020-05-25 11:03:54,603][kfold_wrapper.log_eval_metrics] Accuracy(layer_8 - estimator_0 - 12_folds.test.predict)=37.76%
[ 2020-05-25 11:03:54,885][kfold_wrapper.log_eval_metrics] Accuracy(layer_8 - estimator_1 - 12_folds.train_0.predict)=76.92%
[ 2020-05-25 11:03:55,256][kfold_wrapper.log_eval_metrics] Accuracy(layer_8 - estimator_1 - 12_folds.train_1.predict)=58.33%
[ 2020-05-25 11:03:55,620][kfold_wrapper.log_eval_metrics] Accuracy(layer_8 - estimator_1 - 12_folds.train_2.predict)=75.00%
[ 2020-05-25 11:03:55,995][kfold_wrapper.log_eval_metrics] Accuracy(layer_8 - estimator_1 - 12_folds.train_3.predict)=75.00%
[ 2020-05-25 11:03:56,335][kfold_wrapper.log_eval_metrics] Accuracy(layer_8 - estimator_1 - 12_folds.train_4.predict)=75.00%
[ 2020-05-25 11:03:56,715][kfold_wrapper.log_eval_metrics] Accuracy(layer_8 - estimator_1 - 12_folds.train_5.predict)=66.67%
[ 2020-05-25 11:03:57,106][kfold_wrapper.log_eval_metrics] Accuracy(layer_8 - estimator_1 - 12_folds.train_6.predict)=75.00%
[ 2020-05-25 11:03:57,468][kfold_wrapper.log_eval_metrics] Accuracy(layer_8 - estimator_1 - 12_folds.train_7.predict)=75.00%
[ 2020-05-25 11:03:57,857][kfold_wrapper.log_eval_metrics] Accuracy(layer_8 - estimator_1 - 12_folds.train_8.predict)=50.00%
[ 2020-05-25 11:03:58,228][kfold_wrapper.log_eval_metrics] Accuracy(layer_8 - estimator_1 - 12_folds.train_9.predict)=66.67%
[ 2020-05-25 11:03:58,593][kfold_wrapper.log_eval_metrics] Accuracy(layer_8 - estimator_1 - 12_folds.train_10.predict)=66.67%
[ 2020-05-25 11:03:58,987][kfold_wrapper.log_eval_metrics] Accuracy(layer_8 - estimator_1 - 12_folds.train_11.predict)=75.00%
[ 2020-05-25 11:03:59,104][kfold_wrapper.log_eval_metrics] Accuracy(layer_8 - estimator_1 - 12_folds.train_cv.predict)=69.66%
[ 2020-05-25 11:03:59,107][kfold_wrapper.log_eval_metrics] Accuracy(layer_8 - estimator_1 - 12_folds.test.predict)=38.78%
[ 2020-05-25 11:03:59,130][kfold_wrapper.log_eval_metrics] Accuracy(layer_8 - estimator_2 - 12_folds.train_0.predict)=69.23%
[ 2020-05-25 11:03:59,149][kfold_wrapper.log_eval_metrics] Accuracy(layer_8 - estimator_2 - 12_folds.train_1.predict)=66.67%
[ 2020-05-25 11:03:59,170][kfold_wrapper.log_eval_metrics] Accuracy(layer_8 - estimator_2 - 12_folds.train_2.predict)=66.67%
[ 2020-05-25 11:03:59,191][kfold_wrapper.log_eval_metrics] Accuracy(layer_8 - estimator_2 - 12_folds.train_3.predict)=75.00%
[ 2020-05-25 11:03:59,213][kfold_wrapper.log_eval_metrics] Accuracy(layer_8 - estimator_2 - 12_folds.train_4.predict)=75.00%
[ 2020-05-25 11:03:59,234][kfold_wrapper.log_eval_metrics] Accuracy(layer_8 - estimator_2 - 12_folds.train_5.predict)=66.67%
[ 2020-05-25 11:03:59,254][kfold_wrapper.log_eval_metrics] Accuracy(layer_8 - estimator_2 - 12_folds.train_6.predict)=75.00%
[ 2020-05-25 11:03:59,265][kfold_wrapper.log_eval_metrics] Accuracy(layer_8 - estimator_2 - 12_folds.train_7.predict)=75.00%
[ 2020-05-25 11:03:59,274][kfold_wrapper.log_eval_metrics] Accuracy(layer_8 - estimator_2 - 12_folds.train_8.predict)=75.00%
[ 2020-05-25 11:03:59,282][kfold_wrapper.log_eval_metrics] Accuracy(layer_8 - estimator_2 - 12_folds.train_9.predict)=66.67%
[ 2020-05-25 11:03:59,291][kfold_wrapper.log_eval_metrics] Accuracy(layer_8 - estimator_2 - 12_folds.train_10.predict)=83.33%
[ 2020-05-25 11:03:59,299][kfold_wrapper.log_eval_metrics] Accuracy(layer_8 - estimator_2 - 12_folds.train_11.predict)=83.33%
[ 2020-05-25 11:03:59,306][kfold_wrapper.log_eval_metrics] Accuracy(layer_8 - estimator_2 - 12_folds.train_cv.predict)=73.10%
[ 2020-05-25 11:03:59,309][kfold_wrapper.log_eval_metrics] Accuracy(layer_8 - estimator_2 - 12_folds.test.predict)=62.24%
[ 2020-05-25 11:03:59,312][cascade_classifier.calc_accuracy] Accuracy(layer_8 - train.classifier_average)=73.79%
[ 2020-05-25 11:03:59,315][cascade_classifier.calc_accuracy] Accuracy(layer_8 - test.classifier_average)=38.78%
[ 2020-05-25 11:03:59,318][cascade_classifier.fit_transform] [layer=9] look_indexs=[0], X_cur_train.shape=(145, 11), X_cur_test.shape=(98, 11)
[ 2020-05-25 11:03:59,563][kfold_wrapper.log_eval_metrics] Accuracy(layer_9 - estimator_0 - 12_folds.train_0.predict)=69.23%
[ 2020-05-25 11:03:59,940][kfold_wrapper.log_eval_metrics] Accuracy(layer_9 - estimator_0 - 12_folds.train_1.predict)=66.67%
[ 2020-05-25 11:04:00,308][kfold_wrapper.log_eval_metrics] Accuracy(layer_9 - estimator_0 - 12_folds.train_2.predict)=50.00%
[ 2020-05-25 11:04:00,689][kfold_wrapper.log_eval_metrics] Accuracy(layer_9 - estimator_0 - 12_folds.train_3.predict)=50.00%
[ 2020-05-25 11:04:01,079][kfold_wrapper.log_eval_metrics] Accuracy(layer_9 - estimator_0 - 12_folds.train_4.predict)=75.00%
[ 2020-05-25 11:04:01,427][kfold_wrapper.log_eval_metrics] Accuracy(layer_9 - estimator_0 - 12_folds.train_5.predict)=66.67%
[ 2020-05-25 11:04:01,815][kfold_wrapper.log_eval_metrics] Accuracy(layer_9 - estimator_0 - 12_folds.train_6.predict)=75.00%
[ 2020-05-25 11:04:02,193][kfold_wrapper.log_eval_metrics] Accuracy(layer_9 - estimator_0 - 12_folds.train_7.predict)=58.33%
[ 2020-05-25 11:04:02,566][kfold_wrapper.log_eval_metrics] Accuracy(layer_9 - estimator_0 - 12_folds.train_8.predict)=66.67%
[ 2020-05-25 11:04:02,957][kfold_wrapper.log_eval_metrics] Accuracy(layer_9 - estimator_0 - 12_folds.train_9.predict)=58.33%
[ 2020-05-25 11:04:03,328][kfold_wrapper.log_eval_metrics] Accuracy(layer_9 - estimator_0 - 12_folds.train_10.predict)=66.67%
[ 2020-05-25 11:04:03,708][kfold_wrapper.log_eval_metrics] Accuracy(layer_9 - estimator_0 - 12_folds.train_11.predict)=66.67%
[ 2020-05-25 11:04:03,833][kfold_wrapper.log_eval_metrics] Accuracy(layer_9 - estimator_0 - 12_folds.train_cv.predict)=64.14%
[ 2020-05-25 11:04:03,833][kfold_wrapper.log_eval_metrics] Accuracy(layer_9 - estimator_0 - 12_folds.test.predict)=45.92%
[ 2020-05-25 11:04:04,104][kfold_wrapper.log_eval_metrics] Accuracy(layer_9 - estimator_1 - 12_folds.train_0.predict)=69.23%
[ 2020-05-25 11:04:04,467][kfold_wrapper.log_eval_metrics] Accuracy(layer_9 - estimator_1 - 12_folds.train_1.predict)=66.67%
[ 2020-05-25 11:04:04,850][kfold_wrapper.log_eval_metrics] Accuracy(layer_9 - estimator_1 - 12_folds.train_2.predict)=75.00%
[ 2020-05-25 11:04:05,222][kfold_wrapper.log_eval_metrics] Accuracy(layer_9 - estimator_1 - 12_folds.train_3.predict)=66.67%
[ 2020-05-25 11:04:05,586][kfold_wrapper.log_eval_metrics] Accuracy(layer_9 - estimator_1 - 12_folds.train_4.predict)=66.67%
[ 2020-05-25 11:04:05,976][kfold_wrapper.log_eval_metrics] Accuracy(layer_9 - estimator_1 - 12_folds.train_5.predict)=66.67%
[ 2020-05-25 11:04:06,351][kfold_wrapper.log_eval_metrics] Accuracy(layer_9 - estimator_1 - 12_folds.train_6.predict)=58.33%
[ 2020-05-25 11:04:06,712][kfold_wrapper.log_eval_metrics] Accuracy(layer_9 - estimator_1 - 12_folds.train_7.predict)=66.67%
[ 2020-05-25 11:04:07,102][kfold_wrapper.log_eval_metrics] Accuracy(layer_9 - estimator_1 - 12_folds.train_8.predict)=66.67%
[ 2020-05-25 11:04:07,467][kfold_wrapper.log_eval_metrics] Accuracy(layer_9 - estimator_1 - 12_folds.train_9.predict)=66.67%
[ 2020-05-25 11:04:07,853][kfold_wrapper.log_eval_metrics] Accuracy(layer_9 - estimator_1 - 12_folds.train_10.predict)=41.67%
[ 2020-05-25 11:04:08,224][kfold_wrapper.log_eval_metrics] Accuracy(layer_9 - estimator_1 - 12_folds.train_11.predict)=66.67%
[ 2020-05-25 11:04:08,341][kfold_wrapper.log_eval_metrics] Accuracy(layer_9 - estimator_1 - 12_folds.train_cv.predict)=64.83%
[ 2020-05-25 11:04:08,344][kfold_wrapper.log_eval_metrics] Accuracy(layer_9 - estimator_1 - 12_folds.test.predict)=42.86%
[ 2020-05-25 11:04:08,368][kfold_wrapper.log_eval_metrics] Accuracy(layer_9 - estimator_2 - 12_folds.train_0.predict)=69.23%
[ 2020-05-25 11:04:08,389][kfold_wrapper.log_eval_metrics] Accuracy(layer_9 - estimator_2 - 12_folds.train_1.predict)=66.67%
[ 2020-05-25 11:04:08,410][kfold_wrapper.log_eval_metrics] Accuracy(layer_9 - estimator_2 - 12_folds.train_2.predict)=66.67%
[ 2020-05-25 11:04:08,428][kfold_wrapper.log_eval_metrics] Accuracy(layer_9 - estimator_2 - 12_folds.train_3.predict)=75.00%
[ 2020-05-25 11:04:08,447][kfold_wrapper.log_eval_metrics] Accuracy(layer_9 - estimator_2 - 12_folds.train_4.predict)=75.00%
[ 2020-05-25 11:04:08,462][kfold_wrapper.log_eval_metrics] Accuracy(layer_9 - estimator_2 - 12_folds.train_5.predict)=75.00%
[ 2020-05-25 11:04:08,481][kfold_wrapper.log_eval_metrics] Accuracy(layer_9 - estimator_2 - 12_folds.train_6.predict)=91.67%
[ 2020-05-25 11:04:08,498][kfold_wrapper.log_eval_metrics] Accuracy(layer_9 - estimator_2 - 12_folds.train_7.predict)=75.00%
[ 2020-05-25 11:04:08,514][kfold_wrapper.log_eval_metrics] Accuracy(layer_9 - estimator_2 - 12_folds.train_8.predict)=66.67%
[ 2020-05-25 11:04:08,523][kfold_wrapper.log_eval_metrics] Accuracy(layer_9 - estimator_2 - 12_folds.train_9.predict)=75.00%
[ 2020-05-25 11:04:08,539][kfold_wrapper.log_eval_metrics] Accuracy(layer_9 - estimator_2 - 12_folds.train_10.predict)=66.67%
[ 2020-05-25 11:04:08,554][kfold_wrapper.log_eval_metrics] Accuracy(layer_9 - estimator_2 - 12_folds.train_11.predict)=75.00%
[ 2020-05-25 11:04:08,558][kfold_wrapper.log_eval_metrics] Accuracy(layer_9 - estimator_2 - 12_folds.train_cv.predict)=73.10%
[ 2020-05-25 11:04:08,558][kfold_wrapper.log_eval_metrics] Accuracy(layer_9 - estimator_2 - 12_folds.test.predict)=62.24%
[ 2020-05-25 11:04:08,558][cascade_classifier.calc_accuracy] Accuracy(layer_9 - train.classifier_average)=66.90%
[ 2020-05-25 11:04:08,573][cascade_classifier.calc_accuracy] Accuracy(layer_9 - test.classifier_average)=41.84%
[ 2020-05-25 11:04:08,573][cascade_classifier.fit_transform] [Result][Optimal Level Detected] opt_layer_num=6, accuracy_train=75.86%, accuracy_test=52.04%
[ 2020-05-25 11:04:08,636][cascade_classifier.transform] X_groups_test.shape=[(323, 5)]
[ 2020-05-25 11:04:08,636][cascade_classifier.transform] group_dims=[5]
[ 2020-05-25 11:04:08,636][cascade_classifier.transform] X_test.shape=(323, 5)
[ 2020-05-25 11:04:08,651][cascade_classifier.transform] [layer=0] look_indexs=[0], X_cur_test.shape=(323, 5)
[ 2020-05-25 11:04:11,477][cascade_classifier.transform] [layer=1] look_indexs=[0], X_cur_test.shape=(323, 11)
[ 2020-05-25 11:04:14,257][cascade_classifier.transform] [layer=2] look_indexs=[0], X_cur_test.shape=(323, 11)
[ 2020-05-25 11:04:17,083][cascade_classifier.transform] [layer=3] look_indexs=[0], X_cur_test.shape=(323, 11)
[ 2020-05-25 11:04:19,899][cascade_classifier.transform] [layer=4] look_indexs=[0], X_cur_test.shape=(323, 11)
[ 2020-05-25 11:04:22,699][cascade_classifier.transform] [layer=5] look_indexs=[0], X_cur_test.shape=(323, 11)
[ 2020-05-25 11:05:05,314][cascade_classifier.fit_transform] X_groups_train.shape=[(145, 5)],y_train.shape=(145,),X_groups_test.shape=[(98, 5)],y_test.shape=(98,)
[ 2020-05-25 11:05:05,316][cascade_classifier.fit_transform] group_dims=[5]
[ 2020-05-25 11:05:05,318][cascade_classifier.fit_transform] group_starts=[0]
[ 2020-05-25 11:05:05,323][cascade_classifier.fit_transform] group_ends=[5]
[ 2020-05-25 11:05:05,328][cascade_classifier.fit_transform] X_train.shape=(145, 5),X_test.shape=(98, 5)
[ 2020-05-25 11:05:05,332][cascade_classifier.fit_transform] [layer=0] look_indexs=[0], X_cur_train.shape=(145, 5), X_cur_test.shape=(98, 5)
[ 2020-05-25 11:05:05,591][kfold_wrapper.log_eval_metrics] Accuracy(layer_0 - estimator_0 - 5_folds.train_0.predict)=51.72%
[ 2020-05-25 11:05:05,957][kfold_wrapper.log_eval_metrics] Accuracy(layer_0 - estimator_0 - 5_folds.train_1.predict)=58.62%
[ 2020-05-25 11:05:06,319][kfold_wrapper.log_eval_metrics] Accuracy(layer_0 - estimator_0 - 5_folds.train_2.predict)=79.31%
[ 2020-05-25 11:05:06,682][kfold_wrapper.log_eval_metrics] Accuracy(layer_0 - estimator_0 - 5_folds.train_3.predict)=62.07%
[ 2020-05-25 11:05:07,046][kfold_wrapper.log_eval_metrics] Accuracy(layer_0 - estimator_0 - 5_folds.train_4.predict)=62.07%
[ 2020-05-25 11:05:07,162][kfold_wrapper.log_eval_metrics] Accuracy(layer_0 - estimator_0 - 5_folds.train_cv.predict)=62.76%
[ 2020-05-25 11:05:07,165][kfold_wrapper.log_eval_metrics] Accuracy(layer_0 - estimator_0 - 5_folds.test.predict)=35.71%
[ 2020-05-25 11:05:07,419][kfold_wrapper.log_eval_metrics] Accuracy(layer_0 - estimator_1 - 5_folds.train_0.predict)=51.72%
[ 2020-05-25 11:05:07,780][kfold_wrapper.log_eval_metrics] Accuracy(layer_0 - estimator_1 - 5_folds.train_1.predict)=62.07%
[ 2020-05-25 11:05:08,144][kfold_wrapper.log_eval_metrics] Accuracy(layer_0 - estimator_1 - 5_folds.train_2.predict)=62.07%
[ 2020-05-25 11:05:08,506][kfold_wrapper.log_eval_metrics] Accuracy(layer_0 - estimator_1 - 5_folds.train_3.predict)=58.62%
[ 2020-05-25 11:05:08,879][kfold_wrapper.log_eval_metrics] Accuracy(layer_0 - estimator_1 - 5_folds.train_4.predict)=58.62%
[ 2020-05-25 11:05:08,995][kfold_wrapper.log_eval_metrics] Accuracy(layer_0 - estimator_1 - 5_folds.train_cv.predict)=58.62%
[ 2020-05-25 11:05:08,998][kfold_wrapper.log_eval_metrics] Accuracy(layer_0 - estimator_1 - 5_folds.test.predict)=36.73%
[ 2020-05-25 11:05:09,015][kfold_wrapper.log_eval_metrics] Accuracy(layer_0 - estimator_2 - 5_folds.train_0.predict)=72.41%
[ 2020-05-25 11:05:09,029][kfold_wrapper.log_eval_metrics] Accuracy(layer_0 - estimator_2 - 5_folds.train_1.predict)=72.41%
[ 2020-05-25 11:05:09,038][kfold_wrapper.log_eval_metrics] Accuracy(layer_0 - estimator_2 - 5_folds.train_2.predict)=72.41%
[ 2020-05-25 11:05:09,052][kfold_wrapper.log_eval_metrics] Accuracy(layer_0 - estimator_2 - 5_folds.train_3.predict)=72.41%
[ 2020-05-25 11:05:09,065][kfold_wrapper.log_eval_metrics] Accuracy(layer_0 - estimator_2 - 5_folds.train_4.predict)=75.86%
[ 2020-05-25 11:05:09,068][kfold_wrapper.log_eval_metrics] Accuracy(layer_0 - estimator_2 - 5_folds.train_cv.predict)=73.10%
[ 2020-05-25 11:05:09,072][kfold_wrapper.log_eval_metrics] Accuracy(layer_0 - estimator_2 - 5_folds.test.predict)=73.47%
[ 2020-05-25 11:05:09,075][cascade_classifier.calc_accuracy] Accuracy(layer_0 - train.classifier_average)=66.21%
[ 2020-05-25 11:05:09,078][cascade_classifier.calc_accuracy] Accuracy(layer_0 - test.classifier_average)=35.71%
[ 2020-05-25 11:05:09,082][cascade_classifier.fit_transform] [layer=1] look_indexs=[0], X_cur_train.shape=(145, 11), X_cur_test.shape=(98, 11)
[ 2020-05-25 11:05:09,321][kfold_wrapper.log_eval_metrics] Accuracy(layer_1 - estimator_0 - 5_folds.train_0.predict)=68.97%
[ 2020-05-25 11:05:09,686][kfold_wrapper.log_eval_metrics] Accuracy(layer_1 - estimator_0 - 5_folds.train_1.predict)=72.41%
[ 2020-05-25 11:05:10,048][kfold_wrapper.log_eval_metrics] Accuracy(layer_1 - estimator_0 - 5_folds.train_2.predict)=75.86%
[ 2020-05-25 11:05:10,394][kfold_wrapper.log_eval_metrics] Accuracy(layer_1 - estimator_0 - 5_folds.train_3.predict)=68.97%
[ 2020-05-25 11:05:10,758][kfold_wrapper.log_eval_metrics] Accuracy(layer_1 - estimator_0 - 5_folds.train_4.predict)=79.31%
[ 2020-05-25 11:05:10,874][kfold_wrapper.log_eval_metrics] Accuracy(layer_1 - estimator_0 - 5_folds.train_cv.predict)=73.10%
[ 2020-05-25 11:05:10,877][kfold_wrapper.log_eval_metrics] Accuracy(layer_1 - estimator_0 - 5_folds.test.predict)=50.00%
[ 2020-05-25 11:05:11,133][kfold_wrapper.log_eval_metrics] Accuracy(layer_1 - estimator_1 - 5_folds.train_0.predict)=75.86%
[ 2020-05-25 11:05:11,497][kfold_wrapper.log_eval_metrics] Accuracy(layer_1 - estimator_1 - 5_folds.train_1.predict)=65.52%
[ 2020-05-25 11:05:11,858][kfold_wrapper.log_eval_metrics] Accuracy(layer_1 - estimator_1 - 5_folds.train_2.predict)=62.07%
[ 2020-05-25 11:05:12,221][kfold_wrapper.log_eval_metrics] Accuracy(layer_1 - estimator_1 - 5_folds.train_3.predict)=79.31%
[ 2020-05-25 11:05:12,583][kfold_wrapper.log_eval_metrics] Accuracy(layer_1 - estimator_1 - 5_folds.train_4.predict)=82.76%
[ 2020-05-25 11:05:12,699][kfold_wrapper.log_eval_metrics] Accuracy(layer_1 - estimator_1 - 5_folds.train_cv.predict)=73.10%
[ 2020-05-25 11:05:12,702][kfold_wrapper.log_eval_metrics] Accuracy(layer_1 - estimator_1 - 5_folds.test.predict)=53.06%
[ 2020-05-25 11:05:12,724][kfold_wrapper.log_eval_metrics] Accuracy(layer_1 - estimator_2 - 5_folds.train_0.predict)=72.41%
[ 2020-05-25 11:05:12,745][kfold_wrapper.log_eval_metrics] Accuracy(layer_1 - estimator_2 - 5_folds.train_1.predict)=72.41%
[ 2020-05-25 11:05:12,765][kfold_wrapper.log_eval_metrics] Accuracy(layer_1 - estimator_2 - 5_folds.train_2.predict)=72.41%
[ 2020-05-25 11:05:12,780][kfold_wrapper.log_eval_metrics] Accuracy(layer_1 - estimator_2 - 5_folds.train_3.predict)=72.41%
[ 2020-05-25 11:05:12,796][kfold_wrapper.log_eval_metrics] Accuracy(layer_1 - estimator_2 - 5_folds.train_4.predict)=75.86%
[ 2020-05-25 11:05:12,800][kfold_wrapper.log_eval_metrics] Accuracy(layer_1 - estimator_2 - 5_folds.train_cv.predict)=73.10%
[ 2020-05-25 11:05:12,805][kfold_wrapper.log_eval_metrics] Accuracy(layer_1 - estimator_2 - 5_folds.test.predict)=73.47%
[ 2020-05-25 11:05:12,810][cascade_classifier.calc_accuracy] Accuracy(layer_1 - train.classifier_average)=73.79%
[ 2020-05-25 11:05:12,813][cascade_classifier.calc_accuracy] Accuracy(layer_1 - test.classifier_average)=73.47%
[ 2020-05-25 11:05:12,817][cascade_classifier.fit_transform] [layer=2] look_indexs=[0], X_cur_train.shape=(145, 11), X_cur_test.shape=(98, 11)
[ 2020-05-25 11:05:13,064][kfold_wrapper.log_eval_metrics] Accuracy(layer_2 - estimator_0 - 5_folds.train_0.predict)=62.07%
[ 2020-05-25 11:05:13,428][kfold_wrapper.log_eval_metrics] Accuracy(layer_2 - estimator_0 - 5_folds.train_1.predict)=62.07%
[ 2020-05-25 11:05:13,790][kfold_wrapper.log_eval_metrics] Accuracy(layer_2 - estimator_0 - 5_folds.train_2.predict)=62.07%
[ 2020-05-25 11:05:14,153][kfold_wrapper.log_eval_metrics] Accuracy(layer_2 - estimator_0 - 5_folds.train_3.predict)=68.97%
[ 2020-05-25 11:05:14,516][kfold_wrapper.log_eval_metrics] Accuracy(layer_2 - estimator_0 - 5_folds.train_4.predict)=75.86%
[ 2020-05-25 11:05:14,632][kfold_wrapper.log_eval_metrics] Accuracy(layer_2 - estimator_0 - 5_folds.train_cv.predict)=66.21%
[ 2020-05-25 11:05:14,635][kfold_wrapper.log_eval_metrics] Accuracy(layer_2 - estimator_0 - 5_folds.test.predict)=35.71%
[ 2020-05-25 11:05:14,886][kfold_wrapper.log_eval_metrics] Accuracy(layer_2 - estimator_1 - 5_folds.train_0.predict)=65.52%
[ 2020-05-25 11:05:15,249][kfold_wrapper.log_eval_metrics] Accuracy(layer_2 - estimator_1 - 5_folds.train_1.predict)=68.97%
[ 2020-05-25 11:05:15,597][kfold_wrapper.log_eval_metrics] Accuracy(layer_2 - estimator_1 - 5_folds.train_2.predict)=72.41%
[ 2020-05-25 11:05:15,959][kfold_wrapper.log_eval_metrics] Accuracy(layer_2 - estimator_1 - 5_folds.train_3.predict)=62.07%
[ 2020-05-25 11:05:16,322][kfold_wrapper.log_eval_metrics] Accuracy(layer_2 - estimator_1 - 5_folds.train_4.predict)=58.62%
[ 2020-05-25 11:05:16,438][kfold_wrapper.log_eval_metrics] Accuracy(layer_2 - estimator_1 - 5_folds.train_cv.predict)=65.52%
[ 2020-05-25 11:05:16,441][kfold_wrapper.log_eval_metrics] Accuracy(layer_2 - estimator_1 - 5_folds.test.predict)=67.35%
[ 2020-05-25 11:05:16,464][kfold_wrapper.log_eval_metrics] Accuracy(layer_2 - estimator_2 - 5_folds.train_0.predict)=65.52%
[ 2020-05-25 11:05:16,487][kfold_wrapper.log_eval_metrics] Accuracy(layer_2 - estimator_2 - 5_folds.train_1.predict)=72.41%
[ 2020-05-25 11:05:16,507][kfold_wrapper.log_eval_metrics] Accuracy(layer_2 - estimator_2 - 5_folds.train_2.predict)=72.41%
[ 2020-05-25 11:05:16,525][kfold_wrapper.log_eval_metrics] Accuracy(layer_2 - estimator_2 - 5_folds.train_3.predict)=72.41%
[ 2020-05-25 11:05:16,546][kfold_wrapper.log_eval_metrics] Accuracy(layer_2 - estimator_2 - 5_folds.train_4.predict)=75.86%
[ 2020-05-25 11:05:16,550][kfold_wrapper.log_eval_metrics] Accuracy(layer_2 - estimator_2 - 5_folds.train_cv.predict)=71.72%
[ 2020-05-25 11:05:16,556][kfold_wrapper.log_eval_metrics] Accuracy(layer_2 - estimator_2 - 5_folds.test.predict)=73.47%
[ 2020-05-25 11:05:16,560][cascade_classifier.calc_accuracy] Accuracy(layer_2 - train.classifier_average)=72.41%
[ 2020-05-25 11:05:16,565][cascade_classifier.calc_accuracy] Accuracy(layer_2 - test.classifier_average)=52.04%
[ 2020-05-25 11:05:16,568][cascade_classifier.fit_transform] [layer=3] look_indexs=[0], X_cur_train.shape=(145, 11), X_cur_test.shape=(98, 11)
[ 2020-05-25 11:05:16,824][kfold_wrapper.log_eval_metrics] Accuracy(layer_3 - estimator_0 - 5_folds.train_0.predict)=68.97%
[ 2020-05-25 11:05:17,186][kfold_wrapper.log_eval_metrics] Accuracy(layer_3 - estimator_0 - 5_folds.train_1.predict)=62.07%
[ 2020-05-25 11:05:17,550][kfold_wrapper.log_eval_metrics] Accuracy(layer_3 - estimator_0 - 5_folds.train_2.predict)=65.52%
[ 2020-05-25 11:05:17,923][kfold_wrapper.log_eval_metrics] Accuracy(layer_3 - estimator_0 - 5_folds.train_3.predict)=65.52%
[ 2020-05-25 11:05:18,287][kfold_wrapper.log_eval_metrics] Accuracy(layer_3 - estimator_0 - 5_folds.train_4.predict)=79.31%
[ 2020-05-25 11:05:18,402][kfold_wrapper.log_eval_metrics] Accuracy(layer_3 - estimator_0 - 5_folds.train_cv.predict)=68.28%
[ 2020-05-25 11:05:18,405][kfold_wrapper.log_eval_metrics] Accuracy(layer_3 - estimator_0 - 5_folds.test.predict)=57.14%
[ 2020-05-25 11:05:18,664][kfold_wrapper.log_eval_metrics] Accuracy(layer_3 - estimator_1 - 5_folds.train_0.predict)=62.07%
[ 2020-05-25 11:05:19,027][kfold_wrapper.log_eval_metrics] Accuracy(layer_3 - estimator_1 - 5_folds.train_1.predict)=72.41%
[ 2020-05-25 11:05:19,390][kfold_wrapper.log_eval_metrics] Accuracy(layer_3 - estimator_1 - 5_folds.train_2.predict)=79.31%
[ 2020-05-25 11:05:19,753][kfold_wrapper.log_eval_metrics] Accuracy(layer_3 - estimator_1 - 5_folds.train_3.predict)=65.52%
[ 2020-05-25 11:05:20,130][kfold_wrapper.log_eval_metrics] Accuracy(layer_3 - estimator_1 - 5_folds.train_4.predict)=68.97%
[ 2020-05-25 11:05:20,246][kfold_wrapper.log_eval_metrics] Accuracy(layer_3 - estimator_1 - 5_folds.train_cv.predict)=69.66%
[ 2020-05-25 11:05:20,249][kfold_wrapper.log_eval_metrics] Accuracy(layer_3 - estimator_1 - 5_folds.test.predict)=71.43%
[ 2020-05-25 11:05:20,271][kfold_wrapper.log_eval_metrics] Accuracy(layer_3 - estimator_2 - 5_folds.train_0.predict)=72.41%
[ 2020-05-25 11:05:20,291][kfold_wrapper.log_eval_metrics] Accuracy(layer_3 - estimator_2 - 5_folds.train_1.predict)=72.41%
[ 2020-05-25 11:05:20,309][kfold_wrapper.log_eval_metrics] Accuracy(layer_3 - estimator_2 - 5_folds.train_2.predict)=72.41%
[ 2020-05-25 11:05:20,327][kfold_wrapper.log_eval_metrics] Accuracy(layer_3 - estimator_2 - 5_folds.train_3.predict)=72.41%
[ 2020-05-25 11:05:20,346][kfold_wrapper.log_eval_metrics] Accuracy(layer_3 - estimator_2 - 5_folds.train_4.predict)=75.86%
[ 2020-05-25 11:05:20,349][kfold_wrapper.log_eval_metrics] Accuracy(layer_3 - estimator_2 - 5_folds.train_cv.predict)=73.10%
[ 2020-05-25 11:05:20,353][kfold_wrapper.log_eval_metrics] Accuracy(layer_3 - estimator_2 - 5_folds.test.predict)=73.47%
[ 2020-05-25 11:05:20,355][cascade_classifier.calc_accuracy] Accuracy(layer_3 - train.classifier_average)=73.79%
[ 2020-05-25 11:05:20,357][cascade_classifier.calc_accuracy] Accuracy(layer_3 - test.classifier_average)=73.47%
[ 2020-05-25 11:05:20,359][cascade_classifier.fit_transform] [layer=4] look_indexs=[0], X_cur_train.shape=(145, 11), X_cur_test.shape=(98, 11)
[ 2020-05-25 11:05:20,608][kfold_wrapper.log_eval_metrics] Accuracy(layer_4 - estimator_0 - 5_folds.train_0.predict)=65.52%
[ 2020-05-25 11:05:20,978][kfold_wrapper.log_eval_metrics] Accuracy(layer_4 - estimator_0 - 5_folds.train_1.predict)=65.52%
[ 2020-05-25 11:05:21,350][kfold_wrapper.log_eval_metrics] Accuracy(layer_4 - estimator_0 - 5_folds.train_2.predict)=68.97%
[ 2020-05-25 11:05:21,714][kfold_wrapper.log_eval_metrics] Accuracy(layer_4 - estimator_0 - 5_folds.train_3.predict)=65.52%
[ 2020-05-25 11:05:22,104][kfold_wrapper.log_eval_metrics] Accuracy(layer_4 - estimator_0 - 5_folds.train_4.predict)=75.86%
[ 2020-05-25 11:05:22,220][kfold_wrapper.log_eval_metrics] Accuracy(layer_4 - estimator_0 - 5_folds.train_cv.predict)=68.28%
[ 2020-05-25 11:05:22,224][kfold_wrapper.log_eval_metrics] Accuracy(layer_4 - estimator_0 - 5_folds.test.predict)=44.90%
[ 2020-05-25 11:05:22,479][kfold_wrapper.log_eval_metrics] Accuracy(layer_4 - estimator_1 - 5_folds.train_0.predict)=65.52%
[ 2020-05-25 11:05:22,856][kfold_wrapper.log_eval_metrics] Accuracy(layer_4 - estimator_1 - 5_folds.train_1.predict)=72.41%
[ 2020-05-25 11:05:23,229][kfold_wrapper.log_eval_metrics] Accuracy(layer_4 - estimator_1 - 5_folds.train_2.predict)=55.17%
[ 2020-05-25 11:05:23,591][kfold_wrapper.log_eval_metrics] Accuracy(layer_4 - estimator_1 - 5_folds.train_3.predict)=62.07%
[ 2020-05-25 11:05:23,983][kfold_wrapper.log_eval_metrics] Accuracy(layer_4 - estimator_1 - 5_folds.train_4.predict)=55.17%
[ 2020-05-25 11:05:24,100][kfold_wrapper.log_eval_metrics] Accuracy(layer_4 - estimator_1 - 5_folds.train_cv.predict)=62.07%
[ 2020-05-25 11:05:24,103][kfold_wrapper.log_eval_metrics] Accuracy(layer_4 - estimator_1 - 5_folds.test.predict)=69.39%
[ 2020-05-25 11:05:24,125][kfold_wrapper.log_eval_metrics] Accuracy(layer_4 - estimator_2 - 5_folds.train_0.predict)=72.41%
[ 2020-05-25 11:05:24,144][kfold_wrapper.log_eval_metrics] Accuracy(layer_4 - estimator_2 - 5_folds.train_1.predict)=72.41%
[ 2020-05-25 11:05:24,164][kfold_wrapper.log_eval_metrics] Accuracy(layer_4 - estimator_2 - 5_folds.train_2.predict)=72.41%
[ 2020-05-25 11:05:24,182][kfold_wrapper.log_eval_metrics] Accuracy(layer_4 - estimator_2 - 5_folds.train_3.predict)=72.41%
[ 2020-05-25 11:05:24,201][kfold_wrapper.log_eval_metrics] Accuracy(layer_4 - estimator_2 - 5_folds.train_4.predict)=75.86%
[ 2020-05-25 11:05:24,205][kfold_wrapper.log_eval_metrics] Accuracy(layer_4 - estimator_2 - 5_folds.train_cv.predict)=73.10%
[ 2020-05-25 11:05:24,210][kfold_wrapper.log_eval_metrics] Accuracy(layer_4 - estimator_2 - 5_folds.test.predict)=73.47%
[ 2020-05-25 11:05:24,214][cascade_classifier.calc_accuracy] Accuracy(layer_4 - train.classifier_average)=69.66%
[ 2020-05-25 11:05:24,217][cascade_classifier.calc_accuracy] Accuracy(layer_4 - test.classifier_average)=70.41%
[ 2020-05-25 11:05:24,220][cascade_classifier.fit_transform] [layer=5] look_indexs=[0], X_cur_train.shape=(145, 11), X_cur_test.shape=(98, 11)
[ 2020-05-25 11:05:24,462][kfold_wrapper.log_eval_metrics] Accuracy(layer_5 - estimator_0 - 5_folds.train_0.predict)=79.31%
[ 2020-05-25 11:05:24,844][kfold_wrapper.log_eval_metrics] Accuracy(layer_5 - estimator_0 - 5_folds.train_1.predict)=72.41%
[ 2020-05-25 11:05:25,215][kfold_wrapper.log_eval_metrics] Accuracy(layer_5 - estimator_0 - 5_folds.train_2.predict)=65.52%
[ 2020-05-25 11:05:25,578][kfold_wrapper.log_eval_metrics] Accuracy(layer_5 - estimator_0 - 5_folds.train_3.predict)=72.41%
[ 2020-05-25 11:05:25,970][kfold_wrapper.log_eval_metrics] Accuracy(layer_5 - estimator_0 - 5_folds.train_4.predict)=75.86%
[ 2020-05-25 11:05:26,095][kfold_wrapper.log_eval_metrics] Accuracy(layer_5 - estimator_0 - 5_folds.train_cv.predict)=73.10%
[ 2020-05-25 11:05:26,095][kfold_wrapper.log_eval_metrics] Accuracy(layer_5 - estimator_0 - 5_folds.test.predict)=67.35%
[ 2020-05-25 11:05:26,348][kfold_wrapper.log_eval_metrics] Accuracy(layer_5 - estimator_1 - 5_folds.train_0.predict)=79.31%
[ 2020-05-25 11:05:26,721][kfold_wrapper.log_eval_metrics] Accuracy(layer_5 - estimator_1 - 5_folds.train_1.predict)=65.52%
[ 2020-05-25 11:05:27,105][kfold_wrapper.log_eval_metrics] Accuracy(layer_5 - estimator_1 - 5_folds.train_2.predict)=75.86%
[ 2020-05-25 11:05:27,467][kfold_wrapper.log_eval_metrics] Accuracy(layer_5 - estimator_1 - 5_folds.train_3.predict)=58.62%
[ 2020-05-25 11:05:27,848][kfold_wrapper.log_eval_metrics] Accuracy(layer_5 - estimator_1 - 5_folds.train_4.predict)=72.41%
[ 2020-05-25 11:05:27,973][kfold_wrapper.log_eval_metrics] Accuracy(layer_5 - estimator_1 - 5_folds.train_cv.predict)=70.34%
[ 2020-05-25 11:05:27,973][kfold_wrapper.log_eval_metrics] Accuracy(layer_5 - estimator_1 - 5_folds.test.predict)=71.43%
[ 2020-05-25 11:05:27,989][kfold_wrapper.log_eval_metrics] Accuracy(layer_5 - estimator_2 - 5_folds.train_0.predict)=72.41%
[ 2020-05-25 11:05:28,004][kfold_wrapper.log_eval_metrics] Accuracy(layer_5 - estimator_2 - 5_folds.train_1.predict)=72.41%
[ 2020-05-25 11:05:28,020][kfold_wrapper.log_eval_metrics] Accuracy(layer_5 - estimator_2 - 5_folds.train_2.predict)=72.41%
[ 2020-05-25 11:05:28,020][kfold_wrapper.log_eval_metrics] Accuracy(layer_5 - estimator_2 - 5_folds.train_3.predict)=72.41%
[ 2020-05-25 11:05:28,036][kfold_wrapper.log_eval_metrics] Accuracy(layer_5 - estimator_2 - 5_folds.train_4.predict)=75.86%
[ 2020-05-25 11:05:28,036][kfold_wrapper.log_eval_metrics] Accuracy(layer_5 - estimator_2 - 5_folds.train_cv.predict)=73.10%
[ 2020-05-25 11:05:28,051][kfold_wrapper.log_eval_metrics] Accuracy(layer_5 - estimator_2 - 5_folds.test.predict)=73.47%
[ 2020-05-25 11:05:28,051][cascade_classifier.calc_accuracy] Accuracy(layer_5 - train.classifier_average)=75.17%
[ 2020-05-25 11:05:28,051][cascade_classifier.calc_accuracy] Accuracy(layer_5 - test.classifier_average)=73.47%
[ 2020-05-25 11:05:28,051][cascade_classifier.fit_transform] [layer=6] look_indexs=[0], X_cur_train.shape=(145, 11), X_cur_test.shape=(98, 11)
[ 2020-05-25 11:05:28,300][kfold_wrapper.log_eval_metrics] Accuracy(layer_6 - estimator_0 - 5_folds.train_0.predict)=62.07%
[ 2020-05-25 11:05:28,662][kfold_wrapper.log_eval_metrics] Accuracy(layer_6 - estimator_0 - 5_folds.train_1.predict)=68.97%
[ 2020-05-25 11:05:29,053][kfold_wrapper.log_eval_metrics] Accuracy(layer_6 - estimator_0 - 5_folds.train_2.predict)=62.07%
[ 2020-05-25 11:05:29,414][kfold_wrapper.log_eval_metrics] Accuracy(layer_6 - estimator_0 - 5_folds.train_3.predict)=65.52%
[ 2020-05-25 11:05:29,805][kfold_wrapper.log_eval_metrics] Accuracy(layer_6 - estimator_0 - 5_folds.train_4.predict)=72.41%
[ 2020-05-25 11:05:29,929][kfold_wrapper.log_eval_metrics] Accuracy(layer_6 - estimator_0 - 5_folds.train_cv.predict)=66.21%
[ 2020-05-25 11:05:29,929][kfold_wrapper.log_eval_metrics] Accuracy(layer_6 - estimator_0 - 5_folds.test.predict)=33.67%
[ 2020-05-25 11:05:30,199][kfold_wrapper.log_eval_metrics] Accuracy(layer_6 - estimator_1 - 5_folds.train_0.predict)=72.41%
[ 2020-05-25 11:05:30,561][kfold_wrapper.log_eval_metrics] Accuracy(layer_6 - estimator_1 - 5_folds.train_1.predict)=72.41%
[ 2020-05-25 11:05:30,946][kfold_wrapper.log_eval_metrics] Accuracy(layer_6 - estimator_1 - 5_folds.train_2.predict)=72.41%
[ 2020-05-25 11:05:31,316][kfold_wrapper.log_eval_metrics] Accuracy(layer_6 - estimator_1 - 5_folds.train_3.predict)=68.97%
[ 2020-05-25 11:05:31,682][kfold_wrapper.log_eval_metrics] Accuracy(layer_6 - estimator_1 - 5_folds.train_4.predict)=62.07%
[ 2020-05-25 11:05:31,807][kfold_wrapper.log_eval_metrics] Accuracy(layer_6 - estimator_1 - 5_folds.train_cv.predict)=69.66%
[ 2020-05-25 11:05:31,807][kfold_wrapper.log_eval_metrics] Accuracy(layer_6 - estimator_1 - 5_folds.test.predict)=69.39%
[ 2020-05-25 11:05:31,823][kfold_wrapper.log_eval_metrics] Accuracy(layer_6 - estimator_2 - 5_folds.train_0.predict)=72.41%
[ 2020-05-25 11:05:31,838][kfold_wrapper.log_eval_metrics] Accuracy(layer_6 - estimator_2 - 5_folds.train_1.predict)=75.86%
[ 2020-05-25 11:05:31,854][kfold_wrapper.log_eval_metrics] Accuracy(layer_6 - estimator_2 - 5_folds.train_2.predict)=75.86%
[ 2020-05-25 11:05:31,885][kfold_wrapper.log_eval_metrics] Accuracy(layer_6 - estimator_2 - 5_folds.train_3.predict)=72.41%
[ 2020-05-25 11:05:31,885][kfold_wrapper.log_eval_metrics] Accuracy(layer_6 - estimator_2 - 5_folds.train_4.predict)=75.86%
[ 2020-05-25 11:05:31,885][kfold_wrapper.log_eval_metrics] Accuracy(layer_6 - estimator_2 - 5_folds.train_cv.predict)=74.48%
[ 2020-05-25 11:05:31,885][kfold_wrapper.log_eval_metrics] Accuracy(layer_6 - estimator_2 - 5_folds.test.predict)=73.47%
[ 2020-05-25 11:05:31,901][cascade_classifier.calc_accuracy] Accuracy(layer_6 - train.classifier_average)=73.10%
[ 2020-05-25 11:05:31,901][cascade_classifier.calc_accuracy] Accuracy(layer_6 - test.classifier_average)=72.45%
[ 2020-05-25 11:05:31,901][cascade_classifier.fit_transform] [layer=7] look_indexs=[0], X_cur_train.shape=(145, 11), X_cur_test.shape=(98, 11)
[ 2020-05-25 11:05:32,169][kfold_wrapper.log_eval_metrics] Accuracy(layer_7 - estimator_0 - 5_folds.train_0.predict)=72.41%
[ 2020-05-25 11:05:32,531][kfold_wrapper.log_eval_metrics] Accuracy(layer_7 - estimator_0 - 5_folds.train_1.predict)=68.97%
[ 2020-05-25 11:05:32,918][kfold_wrapper.log_eval_metrics] Accuracy(layer_7 - estimator_0 - 5_folds.train_2.predict)=72.41%
[ 2020-05-25 11:05:33,292][kfold_wrapper.log_eval_metrics] Accuracy(layer_7 - estimator_0 - 5_folds.train_3.predict)=62.07%
[ 2020-05-25 11:05:33,669][kfold_wrapper.log_eval_metrics] Accuracy(layer_7 - estimator_0 - 5_folds.train_4.predict)=65.52%
[ 2020-05-25 11:05:33,794][kfold_wrapper.log_eval_metrics] Accuracy(layer_7 - estimator_0 - 5_folds.train_cv.predict)=68.28%
[ 2020-05-25 11:05:33,794][kfold_wrapper.log_eval_metrics] Accuracy(layer_7 - estimator_0 - 5_folds.test.predict)=50.00%
[ 2020-05-25 11:05:34,075][kfold_wrapper.log_eval_metrics] Accuracy(layer_7 - estimator_1 - 5_folds.train_0.predict)=68.97%
[ 2020-05-25 11:05:34,440][kfold_wrapper.log_eval_metrics] Accuracy(layer_7 - estimator_1 - 5_folds.train_1.predict)=68.97%
[ 2020-05-25 11:05:34,827][kfold_wrapper.log_eval_metrics] Accuracy(layer_7 - estimator_1 - 5_folds.train_2.predict)=68.97%
[ 2020-05-25 11:05:35,200][kfold_wrapper.log_eval_metrics] Accuracy(layer_7 - estimator_1 - 5_folds.train_3.predict)=68.97%
[ 2020-05-25 11:05:35,585][kfold_wrapper.log_eval_metrics] Accuracy(layer_7 - estimator_1 - 5_folds.train_4.predict)=75.86%
[ 2020-05-25 11:05:35,710][kfold_wrapper.log_eval_metrics] Accuracy(layer_7 - estimator_1 - 5_folds.train_cv.predict)=70.34%
[ 2020-05-25 11:05:35,710][kfold_wrapper.log_eval_metrics] Accuracy(layer_7 - estimator_1 - 5_folds.test.predict)=40.82%
[ 2020-05-25 11:05:35,725][kfold_wrapper.log_eval_metrics] Accuracy(layer_7 - estimator_2 - 5_folds.train_0.predict)=72.41%
[ 2020-05-25 11:05:35,741][kfold_wrapper.log_eval_metrics] Accuracy(layer_7 - estimator_2 - 5_folds.train_1.predict)=72.41%
[ 2020-05-25 11:05:35,757][kfold_wrapper.log_eval_metrics] Accuracy(layer_7 - estimator_2 - 5_folds.train_2.predict)=72.41%
[ 2020-05-25 11:05:35,772][kfold_wrapper.log_eval_metrics] Accuracy(layer_7 - estimator_2 - 5_folds.train_3.predict)=72.41%
[ 2020-05-25 11:05:35,804][kfold_wrapper.log_eval_metrics] Accuracy(layer_7 - estimator_2 - 5_folds.train_4.predict)=75.86%
[ 2020-05-25 11:05:35,804][kfold_wrapper.log_eval_metrics] Accuracy(layer_7 - estimator_2 - 5_folds.train_cv.predict)=73.10%
[ 2020-05-25 11:05:35,804][kfold_wrapper.log_eval_metrics] Accuracy(layer_7 - estimator_2 - 5_folds.test.predict)=73.47%
[ 2020-05-25 11:05:35,804][cascade_classifier.calc_accuracy] Accuracy(layer_7 - train.classifier_average)=72.41%
[ 2020-05-25 11:05:35,804][cascade_classifier.calc_accuracy] Accuracy(layer_7 - test.classifier_average)=69.39%
[ 2020-05-25 11:05:35,819][cascade_classifier.fit_transform] [layer=8] look_indexs=[0], X_cur_train.shape=(145, 11), X_cur_test.shape=(98, 11)
[ 2020-05-25 11:05:36,085][kfold_wrapper.log_eval_metrics] Accuracy(layer_8 - estimator_0 - 5_folds.train_0.predict)=68.97%
[ 2020-05-25 11:05:36,450][kfold_wrapper.log_eval_metrics] Accuracy(layer_8 - estimator_0 - 5_folds.train_1.predict)=79.31%
[ 2020-05-25 11:05:36,805][kfold_wrapper.log_eval_metrics] Accuracy(layer_8 - estimator_0 - 5_folds.train_2.predict)=72.41%
[ 2020-05-25 11:05:37,184][kfold_wrapper.log_eval_metrics] Accuracy(layer_8 - estimator_0 - 5_folds.train_3.predict)=65.52%
[ 2020-05-25 11:05:37,547][kfold_wrapper.log_eval_metrics] Accuracy(layer_8 - estimator_0 - 5_folds.train_4.predict)=79.31%
[ 2020-05-25 11:05:37,661][kfold_wrapper.log_eval_metrics] Accuracy(layer_8 - estimator_0 - 5_folds.train_cv.predict)=73.10%
[ 2020-05-25 11:05:37,664][kfold_wrapper.log_eval_metrics] Accuracy(layer_8 - estimator_0 - 5_folds.test.predict)=70.41%
[ 2020-05-25 11:05:37,932][kfold_wrapper.log_eval_metrics] Accuracy(layer_8 - estimator_1 - 5_folds.train_0.predict)=65.52%
[ 2020-05-25 11:05:38,303][kfold_wrapper.log_eval_metrics] Accuracy(layer_8 - estimator_1 - 5_folds.train_1.predict)=72.41%
[ 2020-05-25 11:05:38,663][kfold_wrapper.log_eval_metrics] Accuracy(layer_8 - estimator_1 - 5_folds.train_2.predict)=55.17%
[ 2020-05-25 11:05:39,059][kfold_wrapper.log_eval_metrics] Accuracy(layer_8 - estimator_1 - 5_folds.train_3.predict)=68.97%
[ 2020-05-25 11:05:39,422][kfold_wrapper.log_eval_metrics] Accuracy(layer_8 - estimator_1 - 5_folds.train_4.predict)=72.41%
[ 2020-05-25 11:05:39,538][kfold_wrapper.log_eval_metrics] Accuracy(layer_8 - estimator_1 - 5_folds.train_cv.predict)=66.90%
[ 2020-05-25 11:05:39,541][kfold_wrapper.log_eval_metrics] Accuracy(layer_8 - estimator_1 - 5_folds.test.predict)=71.43%
[ 2020-05-25 11:05:39,565][kfold_wrapper.log_eval_metrics] Accuracy(layer_8 - estimator_2 - 5_folds.train_0.predict)=72.41%
[ 2020-05-25 11:05:39,585][kfold_wrapper.log_eval_metrics] Accuracy(layer_8 - estimator_2 - 5_folds.train_1.predict)=72.41%
[ 2020-05-25 11:05:39,604][kfold_wrapper.log_eval_metrics] Accuracy(layer_8 - estimator_2 - 5_folds.train_2.predict)=72.41%
[ 2020-05-25 11:05:39,623][kfold_wrapper.log_eval_metrics] Accuracy(layer_8 - estimator_2 - 5_folds.train_3.predict)=72.41%
[ 2020-05-25 11:05:39,645][kfold_wrapper.log_eval_metrics] Accuracy(layer_8 - estimator_2 - 5_folds.train_4.predict)=75.86%
[ 2020-05-25 11:05:39,649][kfold_wrapper.log_eval_metrics] Accuracy(layer_8 - estimator_2 - 5_folds.train_cv.predict)=73.10%
[ 2020-05-25 11:05:39,651][kfold_wrapper.log_eval_metrics] Accuracy(layer_8 - estimator_2 - 5_folds.test.predict)=73.47%
[ 2020-05-25 11:05:39,656][cascade_classifier.calc_accuracy] Accuracy(layer_8 - train.classifier_average)=71.03%
[ 2020-05-25 11:05:39,662][cascade_classifier.calc_accuracy] Accuracy(layer_8 - test.classifier_average)=73.47%
[ 2020-05-25 11:05:39,666][cascade_classifier.fit_transform] [layer=9] look_indexs=[0], X_cur_train.shape=(145, 11), X_cur_test.shape=(98, 11)
[ 2020-05-25 11:05:39,920][kfold_wrapper.log_eval_metrics] Accuracy(layer_9 - estimator_0 - 5_folds.train_0.predict)=62.07%
[ 2020-05-25 11:05:40,282][kfold_wrapper.log_eval_metrics] Accuracy(layer_9 - estimator_0 - 5_folds.train_1.predict)=72.41%
[ 2020-05-25 11:05:40,644][kfold_wrapper.log_eval_metrics] Accuracy(layer_9 - estimator_0 - 5_folds.train_2.predict)=62.07%
[ 2020-05-25 11:05:41,031][kfold_wrapper.log_eval_metrics] Accuracy(layer_9 - estimator_0 - 5_folds.train_3.predict)=51.72%
[ 2020-05-25 11:05:41,396][kfold_wrapper.log_eval_metrics] Accuracy(layer_9 - estimator_0 - 5_folds.train_4.predict)=72.41%
[ 2020-05-25 11:05:41,511][kfold_wrapper.log_eval_metrics] Accuracy(layer_9 - estimator_0 - 5_folds.train_cv.predict)=64.14%
[ 2020-05-25 11:05:41,514][kfold_wrapper.log_eval_metrics] Accuracy(layer_9 - estimator_0 - 5_folds.test.predict)=36.73%
[ 2020-05-25 11:05:41,783][kfold_wrapper.log_eval_metrics] Accuracy(layer_9 - estimator_1 - 5_folds.train_0.predict)=65.52%
[ 2020-05-25 11:05:42,157][kfold_wrapper.log_eval_metrics] Accuracy(layer_9 - estimator_1 - 5_folds.train_1.predict)=62.07%
[ 2020-05-25 11:05:42,520][kfold_wrapper.log_eval_metrics] Accuracy(layer_9 - estimator_1 - 5_folds.train_2.predict)=72.41%
[ 2020-05-25 11:05:42,894][kfold_wrapper.log_eval_metrics] Accuracy(layer_9 - estimator_1 - 5_folds.train_3.predict)=65.52%
[ 2020-05-25 11:05:43,267][kfold_wrapper.log_eval_metrics] Accuracy(layer_9 - estimator_1 - 5_folds.train_4.predict)=68.97%
[ 2020-05-25 11:05:43,383][kfold_wrapper.log_eval_metrics] Accuracy(layer_9 - estimator_1 - 5_folds.train_cv.predict)=66.90%
[ 2020-05-25 11:05:43,386][kfold_wrapper.log_eval_metrics] Accuracy(layer_9 - estimator_1 - 5_folds.test.predict)=46.94%
[ 2020-05-25 11:05:43,408][kfold_wrapper.log_eval_metrics] Accuracy(layer_9 - estimator_2 - 5_folds.train_0.predict)=72.41%
[ 2020-05-25 11:05:43,423][kfold_wrapper.log_eval_metrics] Accuracy(layer_9 - estimator_2 - 5_folds.train_1.predict)=72.41%
[ 2020-05-25 11:05:43,439][kfold_wrapper.log_eval_metrics] Accuracy(layer_9 - estimator_2 - 5_folds.train_2.predict)=72.41%
[ 2020-05-25 11:05:43,459][kfold_wrapper.log_eval_metrics] Accuracy(layer_9 - estimator_2 - 5_folds.train_3.predict)=72.41%
[ 2020-05-25 11:05:43,476][kfold_wrapper.log_eval_metrics] Accuracy(layer_9 - estimator_2 - 5_folds.train_4.predict)=75.86%
[ 2020-05-25 11:05:43,479][kfold_wrapper.log_eval_metrics] Accuracy(layer_9 - estimator_2 - 5_folds.train_cv.predict)=73.10%
[ 2020-05-25 11:05:43,483][kfold_wrapper.log_eval_metrics] Accuracy(layer_9 - estimator_2 - 5_folds.test.predict)=73.47%
[ 2020-05-25 11:05:43,486][cascade_classifier.calc_accuracy] Accuracy(layer_9 - train.classifier_average)=70.34%
[ 2020-05-25 11:05:43,489][cascade_classifier.calc_accuracy] Accuracy(layer_9 - test.classifier_average)=66.33%
[ 2020-05-25 11:05:43,491][cascade_classifier.fit_transform] [Result][Optimal Level Detected] opt_layer_num=6, accuracy_train=75.17%, accuracy_test=73.47%
[ 2020-05-25 11:05:43,500][cascade_classifier.transform] X_groups_test.shape=[(323, 5)]
[ 2020-05-25 11:05:43,505][cascade_classifier.transform] group_dims=[5]
[ 2020-05-25 11:05:43,508][cascade_classifier.transform] X_test.shape=(323, 5)
[ 2020-05-25 11:05:43,511][cascade_classifier.transform] [layer=0] look_indexs=[0], X_cur_test.shape=(323, 5)
[ 2020-05-25 11:05:44,659][cascade_classifier.transform] [layer=1] look_indexs=[0], X_cur_test.shape=(323, 11)
[ 2020-05-25 11:05:45,836][cascade_classifier.transform] [layer=2] look_indexs=[0], X_cur_test.shape=(323, 11)
[ 2020-05-25 11:05:47,009][cascade_classifier.transform] [layer=3] look_indexs=[0], X_cur_test.shape=(323, 11)
[ 2020-05-25 11:05:48,154][cascade_classifier.transform] [layer=4] look_indexs=[0], X_cur_test.shape=(323, 11)
[ 2020-05-25 11:05:49,313][cascade_classifier.transform] [layer=5] look_indexs=[0], X_cur_test.shape=(323, 11)
[ 2020-05-25 11:12:03,039][cascade_classifier.fit_transform] X_groups_train.shape=[(145, 5)],y_train.shape=(145,),X_groups_test.shape=[(98, 5)],y_test.shape=(98,)
[ 2020-05-25 11:12:03,039][cascade_classifier.fit_transform] group_dims=[5]
[ 2020-05-25 11:12:03,039][cascade_classifier.fit_transform] group_starts=[0]
[ 2020-05-25 11:12:03,055][cascade_classifier.fit_transform] group_ends=[5]
[ 2020-05-25 11:12:03,055][cascade_classifier.fit_transform] X_train.shape=(145, 5),X_test.shape=(98, 5)
[ 2020-05-25 11:12:03,055][cascade_classifier.fit_transform] [layer=0] look_indexs=[0], X_cur_train.shape=(145, 5), X_cur_test.shape=(98, 5)
[ 2020-05-25 11:12:03,332][kfold_wrapper.log_eval_metrics] Accuracy(layer_0 - estimator_0 - 12_folds.train_0.predict)=76.92%
[ 2020-05-25 11:12:03,727][kfold_wrapper.log_eval_metrics] Accuracy(layer_0 - estimator_0 - 12_folds.train_1.predict)=50.00%
[ 2020-05-25 11:12:04,108][kfold_wrapper.log_eval_metrics] Accuracy(layer_0 - estimator_0 - 12_folds.train_2.predict)=66.67%
[ 2020-05-25 11:12:04,497][kfold_wrapper.log_eval_metrics] Accuracy(layer_0 - estimator_0 - 12_folds.train_3.predict)=75.00%
[ 2020-05-25 11:12:04,888][kfold_wrapper.log_eval_metrics] Accuracy(layer_0 - estimator_0 - 12_folds.train_4.predict)=66.67%
[ 2020-05-25 11:12:05,264][kfold_wrapper.log_eval_metrics] Accuracy(layer_0 - estimator_0 - 12_folds.train_5.predict)=58.33%
[ 2020-05-25 11:12:05,655][kfold_wrapper.log_eval_metrics] Accuracy(layer_0 - estimator_0 - 12_folds.train_6.predict)=75.00%
[ 2020-05-25 11:12:06,045][kfold_wrapper.log_eval_metrics] Accuracy(layer_0 - estimator_0 - 12_folds.train_7.predict)=50.00%
[ 2020-05-25 11:12:06,422][kfold_wrapper.log_eval_metrics] Accuracy(layer_0 - estimator_0 - 12_folds.train_8.predict)=66.67%
[ 2020-05-25 11:12:06,812][kfold_wrapper.log_eval_metrics] Accuracy(layer_0 - estimator_0 - 12_folds.train_9.predict)=66.67%
[ 2020-05-25 11:12:07,193][kfold_wrapper.log_eval_metrics] Accuracy(layer_0 - estimator_0 - 12_folds.train_10.predict)=66.67%
[ 2020-05-25 11:12:07,579][kfold_wrapper.log_eval_metrics] Accuracy(layer_0 - estimator_0 - 12_folds.train_11.predict)=58.33%
[ 2020-05-25 11:12:07,704][kfold_wrapper.log_eval_metrics] Accuracy(layer_0 - estimator_0 - 12_folds.train_cv.predict)=64.83%
[ 2020-05-25 11:12:07,704][kfold_wrapper.log_eval_metrics] Accuracy(layer_0 - estimator_0 - 12_folds.test.predict)=34.69%
[ 2020-05-25 11:12:07,985][kfold_wrapper.log_eval_metrics] Accuracy(layer_0 - estimator_1 - 12_folds.train_0.predict)=38.46%
[ 2020-05-25 11:12:08,346][kfold_wrapper.log_eval_metrics] Accuracy(layer_0 - estimator_1 - 12_folds.train_1.predict)=66.67%
[ 2020-05-25 11:12:08,737][kfold_wrapper.log_eval_metrics] Accuracy(layer_0 - estimator_1 - 12_folds.train_2.predict)=50.00%
[ 2020-05-25 11:12:09,115][kfold_wrapper.log_eval_metrics] Accuracy(layer_0 - estimator_1 - 12_folds.train_3.predict)=66.67%
[ 2020-05-25 11:12:09,504][kfold_wrapper.log_eval_metrics] Accuracy(layer_0 - estimator_1 - 12_folds.train_4.predict)=83.33%
[ 2020-05-25 11:12:09,895][kfold_wrapper.log_eval_metrics] Accuracy(layer_0 - estimator_1 - 12_folds.train_5.predict)=58.33%
[ 2020-05-25 11:12:10,270][kfold_wrapper.log_eval_metrics] Accuracy(layer_0 - estimator_1 - 12_folds.train_6.predict)=50.00%
[ 2020-05-25 11:12:10,661][kfold_wrapper.log_eval_metrics] Accuracy(layer_0 - estimator_1 - 12_folds.train_7.predict)=83.33%
[ 2020-05-25 11:12:11,051][kfold_wrapper.log_eval_metrics] Accuracy(layer_0 - estimator_1 - 12_folds.train_8.predict)=66.67%
[ 2020-05-25 11:12:11,444][kfold_wrapper.log_eval_metrics] Accuracy(layer_0 - estimator_1 - 12_folds.train_9.predict)=41.67%
[ 2020-05-25 11:12:11,866][kfold_wrapper.log_eval_metrics] Accuracy(layer_0 - estimator_1 - 12_folds.train_10.predict)=50.00%
[ 2020-05-25 11:12:12,239][kfold_wrapper.log_eval_metrics] Accuracy(layer_0 - estimator_1 - 12_folds.train_11.predict)=41.67%
[ 2020-05-25 11:12:12,367][kfold_wrapper.log_eval_metrics] Accuracy(layer_0 - estimator_1 - 12_folds.train_cv.predict)=57.93%
[ 2020-05-25 11:12:12,367][kfold_wrapper.log_eval_metrics] Accuracy(layer_0 - estimator_1 - 12_folds.test.predict)=34.69%
[ 2020-05-25 11:12:12,383][kfold_wrapper.log_eval_metrics] Accuracy(layer_0 - estimator_2 - 12_folds.train_0.predict)=69.23%
[ 2020-05-25 11:12:12,399][kfold_wrapper.log_eval_metrics] Accuracy(layer_0 - estimator_2 - 12_folds.train_1.predict)=66.67%
[ 2020-05-25 11:12:12,414][kfold_wrapper.log_eval_metrics] Accuracy(layer_0 - estimator_2 - 12_folds.train_2.predict)=66.67%
[ 2020-05-25 11:12:12,414][kfold_wrapper.log_eval_metrics] Accuracy(layer_0 - estimator_2 - 12_folds.train_3.predict)=75.00%
[ 2020-05-25 11:12:12,430][kfold_wrapper.log_eval_metrics] Accuracy(layer_0 - estimator_2 - 12_folds.train_4.predict)=75.00%
[ 2020-05-25 11:12:12,445][kfold_wrapper.log_eval_metrics] Accuracy(layer_0 - estimator_2 - 12_folds.train_5.predict)=75.00%
[ 2020-05-25 11:12:12,461][kfold_wrapper.log_eval_metrics] Accuracy(layer_0 - estimator_2 - 12_folds.train_6.predict)=75.00%
[ 2020-05-25 11:12:12,477][kfold_wrapper.log_eval_metrics] Accuracy(layer_0 - estimator_2 - 12_folds.train_7.predict)=75.00%
[ 2020-05-25 11:12:12,492][kfold_wrapper.log_eval_metrics] Accuracy(layer_0 - estimator_2 - 12_folds.train_8.predict)=75.00%
[ 2020-05-25 11:12:12,508][kfold_wrapper.log_eval_metrics] Accuracy(layer_0 - estimator_2 - 12_folds.train_9.predict)=75.00%
[ 2020-05-25 11:12:12,508][kfold_wrapper.log_eval_metrics] Accuracy(layer_0 - estimator_2 - 12_folds.train_10.predict)=75.00%
[ 2020-05-25 11:12:12,523][kfold_wrapper.log_eval_metrics] Accuracy(layer_0 - estimator_2 - 12_folds.train_11.predict)=75.00%
[ 2020-05-25 11:12:12,523][kfold_wrapper.log_eval_metrics] Accuracy(layer_0 - estimator_2 - 12_folds.train_cv.predict)=73.10%
[ 2020-05-25 11:12:12,523][kfold_wrapper.log_eval_metrics] Accuracy(layer_0 - estimator_2 - 12_folds.test.predict)=73.47%
[ 2020-05-25 11:12:12,523][cascade_classifier.calc_accuracy] Accuracy(layer_0 - train.classifier_average)=68.28%
[ 2020-05-25 11:12:12,523][cascade_classifier.calc_accuracy] Accuracy(layer_0 - test.classifier_average)=35.71%
[ 2020-05-25 11:12:12,539][cascade_classifier.fit_transform] [layer=1] look_indexs=[0], X_cur_train.shape=(145, 11), X_cur_test.shape=(98, 11)
[ 2020-05-25 11:12:12,773][kfold_wrapper.log_eval_metrics] Accuracy(layer_1 - estimator_0 - 12_folds.train_0.predict)=69.23%
[ 2020-05-25 11:12:13,151][kfold_wrapper.log_eval_metrics] Accuracy(layer_1 - estimator_0 - 12_folds.train_1.predict)=66.67%
[ 2020-05-25 11:12:13,525][kfold_wrapper.log_eval_metrics] Accuracy(layer_1 - estimator_0 - 12_folds.train_2.predict)=66.67%
[ 2020-05-25 11:12:13,915][kfold_wrapper.log_eval_metrics] Accuracy(layer_1 - estimator_0 - 12_folds.train_3.predict)=66.67%
[ 2020-05-25 11:12:14,292][kfold_wrapper.log_eval_metrics] Accuracy(layer_1 - estimator_0 - 12_folds.train_4.predict)=83.33%
[ 2020-05-25 11:12:14,682][kfold_wrapper.log_eval_metrics] Accuracy(layer_1 - estimator_0 - 12_folds.train_5.predict)=75.00%
[ 2020-05-25 11:12:15,073][kfold_wrapper.log_eval_metrics] Accuracy(layer_1 - estimator_0 - 12_folds.train_6.predict)=66.67%
[ 2020-05-25 11:12:15,460][kfold_wrapper.log_eval_metrics] Accuracy(layer_1 - estimator_0 - 12_folds.train_7.predict)=66.67%
[ 2020-05-25 11:12:15,851][kfold_wrapper.log_eval_metrics] Accuracy(layer_1 - estimator_0 - 12_folds.train_8.predict)=58.33%
[ 2020-05-25 11:12:16,224][kfold_wrapper.log_eval_metrics] Accuracy(layer_1 - estimator_0 - 12_folds.train_9.predict)=58.33%
[ 2020-05-25 11:12:16,575][kfold_wrapper.log_eval_metrics] Accuracy(layer_1 - estimator_0 - 12_folds.train_10.predict)=75.00%
[ 2020-05-25 11:12:16,969][kfold_wrapper.log_eval_metrics] Accuracy(layer_1 - estimator_0 - 12_folds.train_11.predict)=75.00%
[ 2020-05-25 11:12:17,094][kfold_wrapper.log_eval_metrics] Accuracy(layer_1 - estimator_0 - 12_folds.train_cv.predict)=68.97%
[ 2020-05-25 11:12:17,094][kfold_wrapper.log_eval_metrics] Accuracy(layer_1 - estimator_0 - 12_folds.test.predict)=39.80%
[ 2020-05-25 11:12:17,358][kfold_wrapper.log_eval_metrics] Accuracy(layer_1 - estimator_1 - 12_folds.train_0.predict)=46.15%
[ 2020-05-25 11:12:17,749][kfold_wrapper.log_eval_metrics] Accuracy(layer_1 - estimator_1 - 12_folds.train_1.predict)=83.33%
[ 2020-05-25 11:12:18,126][kfold_wrapper.log_eval_metrics] Accuracy(layer_1 - estimator_1 - 12_folds.train_2.predict)=75.00%
[ 2020-05-25 11:12:18,516][kfold_wrapper.log_eval_metrics] Accuracy(layer_1 - estimator_1 - 12_folds.train_3.predict)=58.33%
[ 2020-05-25 11:12:18,891][kfold_wrapper.log_eval_metrics] Accuracy(layer_1 - estimator_1 - 12_folds.train_4.predict)=66.67%
[ 2020-05-25 11:12:19,267][kfold_wrapper.log_eval_metrics] Accuracy(layer_1 - estimator_1 - 12_folds.train_5.predict)=75.00%
[ 2020-05-25 11:12:19,642][kfold_wrapper.log_eval_metrics] Accuracy(layer_1 - estimator_1 - 12_folds.train_6.predict)=75.00%
[ 2020-05-25 11:12:20,033][kfold_wrapper.log_eval_metrics] Accuracy(layer_1 - estimator_1 - 12_folds.train_7.predict)=66.67%
[ 2020-05-25 11:12:20,399][kfold_wrapper.log_eval_metrics] Accuracy(layer_1 - estimator_1 - 12_folds.train_8.predict)=50.00%
[ 2020-05-25 11:12:20,789][kfold_wrapper.log_eval_metrics] Accuracy(layer_1 - estimator_1 - 12_folds.train_9.predict)=66.67%
[ 2020-05-25 11:12:21,167][kfold_wrapper.log_eval_metrics] Accuracy(layer_1 - estimator_1 - 12_folds.train_10.predict)=58.33%
[ 2020-05-25 11:12:21,536][kfold_wrapper.log_eval_metrics] Accuracy(layer_1 - estimator_1 - 12_folds.train_11.predict)=58.33%
[ 2020-05-25 11:12:21,645][kfold_wrapper.log_eval_metrics] Accuracy(layer_1 - estimator_1 - 12_folds.train_cv.predict)=64.83%
[ 2020-05-25 11:12:21,645][kfold_wrapper.log_eval_metrics] Accuracy(layer_1 - estimator_1 - 12_folds.test.predict)=42.86%
[ 2020-05-25 11:12:21,661][kfold_wrapper.log_eval_metrics] Accuracy(layer_1 - estimator_2 - 12_folds.train_0.predict)=69.23%
[ 2020-05-25 11:12:21,692][kfold_wrapper.log_eval_metrics] Accuracy(layer_1 - estimator_2 - 12_folds.train_1.predict)=66.67%
[ 2020-05-25 11:12:21,708][kfold_wrapper.log_eval_metrics] Accuracy(layer_1 - estimator_2 - 12_folds.train_2.predict)=66.67%
[ 2020-05-25 11:12:21,723][kfold_wrapper.log_eval_metrics] Accuracy(layer_1 - estimator_2 - 12_folds.train_3.predict)=75.00%
[ 2020-05-25 11:12:21,739][kfold_wrapper.log_eval_metrics] Accuracy(layer_1 - estimator_2 - 12_folds.train_4.predict)=75.00%
[ 2020-05-25 11:12:21,754][kfold_wrapper.log_eval_metrics] Accuracy(layer_1 - estimator_2 - 12_folds.train_5.predict)=75.00%
[ 2020-05-25 11:12:21,770][kfold_wrapper.log_eval_metrics] Accuracy(layer_1 - estimator_2 - 12_folds.train_6.predict)=75.00%
[ 2020-05-25 11:12:21,786][kfold_wrapper.log_eval_metrics] Accuracy(layer_1 - estimator_2 - 12_folds.train_7.predict)=75.00%
[ 2020-05-25 11:12:21,801][kfold_wrapper.log_eval_metrics] Accuracy(layer_1 - estimator_2 - 12_folds.train_8.predict)=75.00%
[ 2020-05-25 11:12:21,817][kfold_wrapper.log_eval_metrics] Accuracy(layer_1 - estimator_2 - 12_folds.train_9.predict)=75.00%
[ 2020-05-25 11:12:21,833][kfold_wrapper.log_eval_metrics] Accuracy(layer_1 - estimator_2 - 12_folds.train_10.predict)=75.00%
[ 2020-05-25 11:12:21,848][kfold_wrapper.log_eval_metrics] Accuracy(layer_1 - estimator_2 - 12_folds.train_11.predict)=75.00%
[ 2020-05-25 11:12:21,848][kfold_wrapper.log_eval_metrics] Accuracy(layer_1 - estimator_2 - 12_folds.train_cv.predict)=73.10%
[ 2020-05-25 11:12:21,848][kfold_wrapper.log_eval_metrics] Accuracy(layer_1 - estimator_2 - 12_folds.test.predict)=73.47%
[ 2020-05-25 11:12:21,848][cascade_classifier.calc_accuracy] Accuracy(layer_1 - train.classifier_average)=71.03%
[ 2020-05-25 11:12:21,848][cascade_classifier.calc_accuracy] Accuracy(layer_1 - test.classifier_average)=60.20%
[ 2020-05-25 11:12:21,864][cascade_classifier.fit_transform] [layer=2] look_indexs=[0], X_cur_train.shape=(145, 11), X_cur_test.shape=(98, 11)
[ 2020-05-25 11:12:22,117][kfold_wrapper.log_eval_metrics] Accuracy(layer_2 - estimator_0 - 12_folds.train_0.predict)=61.54%
[ 2020-05-25 11:12:22,506][kfold_wrapper.log_eval_metrics] Accuracy(layer_2 - estimator_0 - 12_folds.train_1.predict)=75.00%
[ 2020-05-25 11:12:22,897][kfold_wrapper.log_eval_metrics] Accuracy(layer_2 - estimator_0 - 12_folds.train_2.predict)=66.67%
[ 2020-05-25 11:12:23,273][kfold_wrapper.log_eval_metrics] Accuracy(layer_2 - estimator_0 - 12_folds.train_3.predict)=75.00%
[ 2020-05-25 11:12:23,664][kfold_wrapper.log_eval_metrics] Accuracy(layer_2 - estimator_0 - 12_folds.train_4.predict)=58.33%
[ 2020-05-25 11:12:24,038][kfold_wrapper.log_eval_metrics] Accuracy(layer_2 - estimator_0 - 12_folds.train_5.predict)=75.00%
[ 2020-05-25 11:12:24,415][kfold_wrapper.log_eval_metrics] Accuracy(layer_2 - estimator_0 - 12_folds.train_6.predict)=50.00%
[ 2020-05-25 11:12:24,805][kfold_wrapper.log_eval_metrics] Accuracy(layer_2 - estimator_0 - 12_folds.train_7.predict)=58.33%
[ 2020-05-25 11:12:25,183][kfold_wrapper.log_eval_metrics] Accuracy(layer_2 - estimator_0 - 12_folds.train_8.predict)=75.00%
[ 2020-05-25 11:12:25,572][kfold_wrapper.log_eval_metrics] Accuracy(layer_2 - estimator_0 - 12_folds.train_9.predict)=66.67%
[ 2020-05-25 11:12:25,962][kfold_wrapper.log_eval_metrics] Accuracy(layer_2 - estimator_0 - 12_folds.train_10.predict)=75.00%
[ 2020-05-25 11:12:26,339][kfold_wrapper.log_eval_metrics] Accuracy(layer_2 - estimator_0 - 12_folds.train_11.predict)=58.33%
[ 2020-05-25 11:12:26,464][kfold_wrapper.log_eval_metrics] Accuracy(layer_2 - estimator_0 - 12_folds.train_cv.predict)=66.21%
[ 2020-05-25 11:12:26,464][kfold_wrapper.log_eval_metrics] Accuracy(layer_2 - estimator_0 - 12_folds.test.predict)=40.82%
[ 2020-05-25 11:12:26,729][kfold_wrapper.log_eval_metrics] Accuracy(layer_2 - estimator_1 - 12_folds.train_0.predict)=61.54%
[ 2020-05-25 11:12:27,112][kfold_wrapper.log_eval_metrics] Accuracy(layer_2 - estimator_1 - 12_folds.train_1.predict)=58.33%
[ 2020-05-25 11:12:27,496][kfold_wrapper.log_eval_metrics] Accuracy(layer_2 - estimator_1 - 12_folds.train_2.predict)=66.67%
[ 2020-05-25 11:12:27,887][kfold_wrapper.log_eval_metrics] Accuracy(layer_2 - estimator_1 - 12_folds.train_3.predict)=75.00%
[ 2020-05-25 11:12:28,260][kfold_wrapper.log_eval_metrics] Accuracy(layer_2 - estimator_1 - 12_folds.train_4.predict)=91.67%
[ 2020-05-25 11:12:28,642][kfold_wrapper.log_eval_metrics] Accuracy(layer_2 - estimator_1 - 12_folds.train_5.predict)=66.67%
[ 2020-05-25 11:12:28,997][kfold_wrapper.log_eval_metrics] Accuracy(layer_2 - estimator_1 - 12_folds.train_6.predict)=50.00%
[ 2020-05-25 11:12:29,343][kfold_wrapper.log_eval_metrics] Accuracy(layer_2 - estimator_1 - 12_folds.train_7.predict)=66.67%
[ 2020-05-25 11:12:29,696][kfold_wrapper.log_eval_metrics] Accuracy(layer_2 - estimator_1 - 12_folds.train_8.predict)=75.00%
[ 2020-05-25 11:12:30,068][kfold_wrapper.log_eval_metrics] Accuracy(layer_2 - estimator_1 - 12_folds.train_9.predict)=75.00%
[ 2020-05-25 11:12:30,431][kfold_wrapper.log_eval_metrics] Accuracy(layer_2 - estimator_1 - 12_folds.train_10.predict)=66.67%
[ 2020-05-25 11:12:30,786][kfold_wrapper.log_eval_metrics] Accuracy(layer_2 - estimator_1 - 12_folds.train_11.predict)=58.33%
[ 2020-05-25 11:12:30,902][kfold_wrapper.log_eval_metrics] Accuracy(layer_2 - estimator_1 - 12_folds.train_cv.predict)=67.59%
[ 2020-05-25 11:12:30,906][kfold_wrapper.log_eval_metrics] Accuracy(layer_2 - estimator_1 - 12_folds.test.predict)=36.73%
[ 2020-05-25 11:12:30,924][kfold_wrapper.log_eval_metrics] Accuracy(layer_2 - estimator_2 - 12_folds.train_0.predict)=69.23%
[ 2020-05-25 11:12:30,948][kfold_wrapper.log_eval_metrics] Accuracy(layer_2 - estimator_2 - 12_folds.train_1.predict)=66.67%
[ 2020-05-25 11:12:30,969][kfold_wrapper.log_eval_metrics] Accuracy(layer_2 - estimator_2 - 12_folds.train_2.predict)=66.67%
[ 2020-05-25 11:12:30,977][kfold_wrapper.log_eval_metrics] Accuracy(layer_2 - estimator_2 - 12_folds.train_3.predict)=75.00%
[ 2020-05-25 11:12:30,995][kfold_wrapper.log_eval_metrics] Accuracy(layer_2 - estimator_2 - 12_folds.train_4.predict)=75.00%
[ 2020-05-25 11:12:31,013][kfold_wrapper.log_eval_metrics] Accuracy(layer_2 - estimator_2 - 12_folds.train_5.predict)=75.00%
[ 2020-05-25 11:12:31,026][kfold_wrapper.log_eval_metrics] Accuracy(layer_2 - estimator_2 - 12_folds.train_6.predict)=75.00%
[ 2020-05-25 11:12:31,034][kfold_wrapper.log_eval_metrics] Accuracy(layer_2 - estimator_2 - 12_folds.train_7.predict)=75.00%
[ 2020-05-25 11:12:31,042][kfold_wrapper.log_eval_metrics] Accuracy(layer_2 - estimator_2 - 12_folds.train_8.predict)=75.00%
[ 2020-05-25 11:12:31,050][kfold_wrapper.log_eval_metrics] Accuracy(layer_2 - estimator_2 - 12_folds.train_9.predict)=75.00%
[ 2020-05-25 11:12:31,060][kfold_wrapper.log_eval_metrics] Accuracy(layer_2 - estimator_2 - 12_folds.train_10.predict)=75.00%
[ 2020-05-25 11:12:31,067][kfold_wrapper.log_eval_metrics] Accuracy(layer_2 - estimator_2 - 12_folds.train_11.predict)=75.00%
[ 2020-05-25 11:12:31,070][kfold_wrapper.log_eval_metrics] Accuracy(layer_2 - estimator_2 - 12_folds.train_cv.predict)=73.10%
[ 2020-05-25 11:12:31,071][kfold_wrapper.log_eval_metrics] Accuracy(layer_2 - estimator_2 - 12_folds.test.predict)=73.47%
[ 2020-05-25 11:12:31,073][cascade_classifier.calc_accuracy] Accuracy(layer_2 - train.classifier_average)=72.41%
[ 2020-05-25 11:12:31,076][cascade_classifier.calc_accuracy] Accuracy(layer_2 - test.classifier_average)=42.86%
[ 2020-05-25 11:12:31,077][cascade_classifier.fit_transform] [layer=3] look_indexs=[0], X_cur_train.shape=(145, 11), X_cur_test.shape=(98, 11)
[ 2020-05-25 11:12:31,318][kfold_wrapper.log_eval_metrics] Accuracy(layer_3 - estimator_0 - 12_folds.train_0.predict)=61.54%
[ 2020-05-25 11:12:31,690][kfold_wrapper.log_eval_metrics] Accuracy(layer_3 - estimator_0 - 12_folds.train_1.predict)=58.33%
[ 2020-05-25 11:12:32,060][kfold_wrapper.log_eval_metrics] Accuracy(layer_3 - estimator_0 - 12_folds.train_2.predict)=66.67%
[ 2020-05-25 11:12:32,439][kfold_wrapper.log_eval_metrics] Accuracy(layer_3 - estimator_0 - 12_folds.train_3.predict)=66.67%
[ 2020-05-25 11:12:32,830][kfold_wrapper.log_eval_metrics] Accuracy(layer_3 - estimator_0 - 12_folds.train_4.predict)=75.00%
[ 2020-05-25 11:12:33,211][kfold_wrapper.log_eval_metrics] Accuracy(layer_3 - estimator_0 - 12_folds.train_5.predict)=100.00%
[ 2020-05-25 11:12:33,587][kfold_wrapper.log_eval_metrics] Accuracy(layer_3 - estimator_0 - 12_folds.train_6.predict)=83.33%
[ 2020-05-25 11:12:33,978][kfold_wrapper.log_eval_metrics] Accuracy(layer_3 - estimator_0 - 12_folds.train_7.predict)=75.00%
[ 2020-05-25 11:12:34,343][kfold_wrapper.log_eval_metrics] Accuracy(layer_3 - estimator_0 - 12_folds.train_8.predict)=50.00%
[ 2020-05-25 11:12:34,704][kfold_wrapper.log_eval_metrics] Accuracy(layer_3 - estimator_0 - 12_folds.train_9.predict)=83.33%
[ 2020-05-25 11:12:35,088][kfold_wrapper.log_eval_metrics] Accuracy(layer_3 - estimator_0 - 12_folds.train_10.predict)=75.00%
[ 2020-05-25 11:12:35,458][kfold_wrapper.log_eval_metrics] Accuracy(layer_3 - estimator_0 - 12_folds.train_11.predict)=66.67%
[ 2020-05-25 11:12:35,575][kfold_wrapper.log_eval_metrics] Accuracy(layer_3 - estimator_0 - 12_folds.train_cv.predict)=71.72%
[ 2020-05-25 11:12:35,577][kfold_wrapper.log_eval_metrics] Accuracy(layer_3 - estimator_0 - 12_folds.test.predict)=41.84%
[ 2020-05-25 11:12:35,815][kfold_wrapper.log_eval_metrics] Accuracy(layer_3 - estimator_1 - 12_folds.train_0.predict)=69.23%
[ 2020-05-25 11:12:36,163][kfold_wrapper.log_eval_metrics] Accuracy(layer_3 - estimator_1 - 12_folds.train_1.predict)=83.33%
[ 2020-05-25 11:12:36,512][kfold_wrapper.log_eval_metrics] Accuracy(layer_3 - estimator_1 - 12_folds.train_2.predict)=58.33%
[ 2020-05-25 11:12:36,861][kfold_wrapper.log_eval_metrics] Accuracy(layer_3 - estimator_1 - 12_folds.train_3.predict)=75.00%
[ 2020-05-25 11:12:37,210][kfold_wrapper.log_eval_metrics] Accuracy(layer_3 - estimator_1 - 12_folds.train_4.predict)=83.33%
[ 2020-05-25 11:12:37,548][kfold_wrapper.log_eval_metrics] Accuracy(layer_3 - estimator_1 - 12_folds.train_5.predict)=100.00%
[ 2020-05-25 11:12:37,905][kfold_wrapper.log_eval_metrics] Accuracy(layer_3 - estimator_1 - 12_folds.train_6.predict)=50.00%
[ 2020-05-25 11:12:38,256][kfold_wrapper.log_eval_metrics] Accuracy(layer_3 - estimator_1 - 12_folds.train_7.predict)=75.00%
[ 2020-05-25 11:12:38,599][kfold_wrapper.log_eval_metrics] Accuracy(layer_3 - estimator_1 - 12_folds.train_8.predict)=75.00%
[ 2020-05-25 11:12:38,954][kfold_wrapper.log_eval_metrics] Accuracy(layer_3 - estimator_1 - 12_folds.train_9.predict)=75.00%
[ 2020-05-25 11:12:39,318][kfold_wrapper.log_eval_metrics] Accuracy(layer_3 - estimator_1 - 12_folds.train_10.predict)=66.67%
[ 2020-05-25 11:12:39,680][kfold_wrapper.log_eval_metrics] Accuracy(layer_3 - estimator_1 - 12_folds.train_11.predict)=75.00%
[ 2020-05-25 11:12:39,794][kfold_wrapper.log_eval_metrics] Accuracy(layer_3 - estimator_1 - 12_folds.train_cv.predict)=73.79%
[ 2020-05-25 11:12:39,798][kfold_wrapper.log_eval_metrics] Accuracy(layer_3 - estimator_1 - 12_folds.test.predict)=55.10%
[ 2020-05-25 11:12:39,822][kfold_wrapper.log_eval_metrics] Accuracy(layer_3 - estimator_2 - 12_folds.train_0.predict)=69.23%
[ 2020-05-25 11:12:39,831][kfold_wrapper.log_eval_metrics] Accuracy(layer_3 - estimator_2 - 12_folds.train_1.predict)=66.67%
[ 2020-05-25 11:12:39,840][kfold_wrapper.log_eval_metrics] Accuracy(layer_3 - estimator_2 - 12_folds.train_2.predict)=66.67%
[ 2020-05-25 11:12:39,859][kfold_wrapper.log_eval_metrics] Accuracy(layer_3 - estimator_2 - 12_folds.train_3.predict)=75.00%
[ 2020-05-25 11:12:39,880][kfold_wrapper.log_eval_metrics] Accuracy(layer_3 - estimator_2 - 12_folds.train_4.predict)=66.67%
[ 2020-05-25 11:12:39,896][kfold_wrapper.log_eval_metrics] Accuracy(layer_3 - estimator_2 - 12_folds.train_5.predict)=75.00%
[ 2020-05-25 11:12:39,916][kfold_wrapper.log_eval_metrics] Accuracy(layer_3 - estimator_2 - 12_folds.train_6.predict)=75.00%
[ 2020-05-25 11:12:39,935][kfold_wrapper.log_eval_metrics] Accuracy(layer_3 - estimator_2 - 12_folds.train_7.predict)=75.00%
[ 2020-05-25 11:12:39,953][kfold_wrapper.log_eval_metrics] Accuracy(layer_3 - estimator_2 - 12_folds.train_8.predict)=75.00%
[ 2020-05-25 11:12:39,973][kfold_wrapper.log_eval_metrics] Accuracy(layer_3 - estimator_2 - 12_folds.train_9.predict)=75.00%
[ 2020-05-25 11:12:39,990][kfold_wrapper.log_eval_metrics] Accuracy(layer_3 - estimator_2 - 12_folds.train_10.predict)=75.00%
[ 2020-05-25 11:12:40,007][kfold_wrapper.log_eval_metrics] Accuracy(layer_3 - estimator_2 - 12_folds.train_11.predict)=75.00%
[ 2020-05-25 11:12:40,010][kfold_wrapper.log_eval_metrics] Accuracy(layer_3 - estimator_2 - 12_folds.train_cv.predict)=72.41%
[ 2020-05-25 11:12:40,012][kfold_wrapper.log_eval_metrics] Accuracy(layer_3 - estimator_2 - 12_folds.test.predict)=73.47%
[ 2020-05-25 11:12:40,013][cascade_classifier.calc_accuracy] Accuracy(layer_3 - train.classifier_average)=73.10%
[ 2020-05-25 11:12:40,017][cascade_classifier.calc_accuracy] Accuracy(layer_3 - test.classifier_average)=58.16%
[ 2020-05-25 11:12:40,018][cascade_classifier.fit_transform] [layer=4] look_indexs=[0], X_cur_train.shape=(145, 11), X_cur_test.shape=(98, 11)
[ 2020-05-25 11:12:40,256][kfold_wrapper.log_eval_metrics] Accuracy(layer_4 - estimator_0 - 12_folds.train_0.predict)=92.31%
[ 2020-05-25 11:12:40,618][kfold_wrapper.log_eval_metrics] Accuracy(layer_4 - estimator_0 - 12_folds.train_1.predict)=41.67%
[ 2020-05-25 11:12:40,979][kfold_wrapper.log_eval_metrics] Accuracy(layer_4 - estimator_0 - 12_folds.train_2.predict)=91.67%
[ 2020-05-25 11:12:41,344][kfold_wrapper.log_eval_metrics] Accuracy(layer_4 - estimator_0 - 12_folds.train_3.predict)=58.33%
[ 2020-05-25 11:12:41,709][kfold_wrapper.log_eval_metrics] Accuracy(layer_4 - estimator_0 - 12_folds.train_4.predict)=91.67%
[ 2020-05-25 11:12:42,073][kfold_wrapper.log_eval_metrics] Accuracy(layer_4 - estimator_0 - 12_folds.train_5.predict)=91.67%
[ 2020-05-25 11:12:42,438][kfold_wrapper.log_eval_metrics] Accuracy(layer_4 - estimator_0 - 12_folds.train_6.predict)=75.00%
[ 2020-05-25 11:12:42,793][kfold_wrapper.log_eval_metrics] Accuracy(layer_4 - estimator_0 - 12_folds.train_7.predict)=58.33%
[ 2020-05-25 11:12:43,157][kfold_wrapper.log_eval_metrics] Accuracy(layer_4 - estimator_0 - 12_folds.train_8.predict)=91.67%
[ 2020-05-25 11:12:43,543][kfold_wrapper.log_eval_metrics] Accuracy(layer_4 - estimator_0 - 12_folds.train_9.predict)=83.33%
[ 2020-05-25 11:12:43,914][kfold_wrapper.log_eval_metrics] Accuracy(layer_4 - estimator_0 - 12_folds.train_10.predict)=83.33%
[ 2020-05-25 11:12:44,277][kfold_wrapper.log_eval_metrics] Accuracy(layer_4 - estimator_0 - 12_folds.train_11.predict)=66.67%
[ 2020-05-25 11:12:44,394][kfold_wrapper.log_eval_metrics] Accuracy(layer_4 - estimator_0 - 12_folds.train_cv.predict)=77.24%
[ 2020-05-25 11:12:44,397][kfold_wrapper.log_eval_metrics] Accuracy(layer_4 - estimator_0 - 12_folds.test.predict)=45.92%
[ 2020-05-25 11:12:44,652][kfold_wrapper.log_eval_metrics] Accuracy(layer_4 - estimator_1 - 12_folds.train_0.predict)=69.23%
[ 2020-05-25 11:12:45,015][kfold_wrapper.log_eval_metrics] Accuracy(layer_4 - estimator_1 - 12_folds.train_1.predict)=50.00%
[ 2020-05-25 11:12:45,374][kfold_wrapper.log_eval_metrics] Accuracy(layer_4 - estimator_1 - 12_folds.train_2.predict)=83.33%
[ 2020-05-25 11:12:45,737][kfold_wrapper.log_eval_metrics] Accuracy(layer_4 - estimator_1 - 12_folds.train_3.predict)=66.67%
[ 2020-05-25 11:12:46,114][kfold_wrapper.log_eval_metrics] Accuracy(layer_4 - estimator_1 - 12_folds.train_4.predict)=83.33%
[ 2020-05-25 11:12:46,498][kfold_wrapper.log_eval_metrics] Accuracy(layer_4 - estimator_1 - 12_folds.train_5.predict)=91.67%
[ 2020-05-25 11:12:46,862][kfold_wrapper.log_eval_metrics] Accuracy(layer_4 - estimator_1 - 12_folds.train_6.predict)=75.00%
[ 2020-05-25 11:12:47,222][kfold_wrapper.log_eval_metrics] Accuracy(layer_4 - estimator_1 - 12_folds.train_7.predict)=91.67%
[ 2020-05-25 11:12:47,573][kfold_wrapper.log_eval_metrics] Accuracy(layer_4 - estimator_1 - 12_folds.train_8.predict)=75.00%
[ 2020-05-25 11:12:47,919][kfold_wrapper.log_eval_metrics] Accuracy(layer_4 - estimator_1 - 12_folds.train_9.predict)=75.00%
[ 2020-05-25 11:12:48,279][kfold_wrapper.log_eval_metrics] Accuracy(layer_4 - estimator_1 - 12_folds.train_10.predict)=66.67%
[ 2020-05-25 11:12:48,626][kfold_wrapper.log_eval_metrics] Accuracy(layer_4 - estimator_1 - 12_folds.train_11.predict)=75.00%
[ 2020-05-25 11:12:48,741][kfold_wrapper.log_eval_metrics] Accuracy(layer_4 - estimator_1 - 12_folds.train_cv.predict)=75.17%
[ 2020-05-25 11:12:48,745][kfold_wrapper.log_eval_metrics] Accuracy(layer_4 - estimator_1 - 12_folds.test.predict)=43.88%
[ 2020-05-25 11:12:48,769][kfold_wrapper.log_eval_metrics] Accuracy(layer_4 - estimator_2 - 12_folds.train_0.predict)=69.23%
[ 2020-05-25 11:12:48,784][kfold_wrapper.log_eval_metrics] Accuracy(layer_4 - estimator_2 - 12_folds.train_1.predict)=75.00%
[ 2020-05-25 11:12:48,804][kfold_wrapper.log_eval_metrics] Accuracy(layer_4 - estimator_2 - 12_folds.train_2.predict)=58.33%
[ 2020-05-25 11:12:48,825][kfold_wrapper.log_eval_metrics] Accuracy(layer_4 - estimator_2 - 12_folds.train_3.predict)=75.00%
[ 2020-05-25 11:12:48,841][kfold_wrapper.log_eval_metrics] Accuracy(layer_4 - estimator_2 - 12_folds.train_4.predict)=75.00%
[ 2020-05-25 11:12:48,860][kfold_wrapper.log_eval_metrics] Accuracy(layer_4 - estimator_2 - 12_folds.train_5.predict)=75.00%
[ 2020-05-25 11:12:48,875][kfold_wrapper.log_eval_metrics] Accuracy(layer_4 - estimator_2 - 12_folds.train_6.predict)=66.67%
[ 2020-05-25 11:12:48,884][kfold_wrapper.log_eval_metrics] Accuracy(layer_4 - estimator_2 - 12_folds.train_7.predict)=83.33%
[ 2020-05-25 11:12:48,892][kfold_wrapper.log_eval_metrics] Accuracy(layer_4 - estimator_2 - 12_folds.train_8.predict)=75.00%
[ 2020-05-25 11:12:48,900][kfold_wrapper.log_eval_metrics] Accuracy(layer_4 - estimator_2 - 12_folds.train_9.predict)=91.67%
[ 2020-05-25 11:12:48,910][kfold_wrapper.log_eval_metrics] Accuracy(layer_4 - estimator_2 - 12_folds.train_10.predict)=66.67%
[ 2020-05-25 11:12:48,930][kfold_wrapper.log_eval_metrics] Accuracy(layer_4 - estimator_2 - 12_folds.train_11.predict)=58.33%
[ 2020-05-25 11:12:48,935][kfold_wrapper.log_eval_metrics] Accuracy(layer_4 - estimator_2 - 12_folds.train_cv.predict)=72.41%
[ 2020-05-25 11:12:48,937][kfold_wrapper.log_eval_metrics] Accuracy(layer_4 - estimator_2 - 12_folds.test.predict)=62.24%
[ 2020-05-25 11:12:48,939][cascade_classifier.calc_accuracy] Accuracy(layer_4 - train.classifier_average)=75.17%
[ 2020-05-25 11:12:48,942][cascade_classifier.calc_accuracy] Accuracy(layer_4 - test.classifier_average)=46.94%
[ 2020-05-25 11:12:48,946][cascade_classifier.fit_transform] [layer=5] look_indexs=[0], X_cur_train.shape=(145, 11), X_cur_test.shape=(98, 11)
[ 2020-05-25 11:12:49,184][kfold_wrapper.log_eval_metrics] Accuracy(layer_5 - estimator_0 - 12_folds.train_0.predict)=76.92%
[ 2020-05-25 11:12:49,545][kfold_wrapper.log_eval_metrics] Accuracy(layer_5 - estimator_0 - 12_folds.train_1.predict)=83.33%
[ 2020-05-25 11:12:49,887][kfold_wrapper.log_eval_metrics] Accuracy(layer_5 - estimator_0 - 12_folds.train_2.predict)=83.33%
[ 2020-05-25 11:12:50,245][kfold_wrapper.log_eval_metrics] Accuracy(layer_5 - estimator_0 - 12_folds.train_3.predict)=66.67%
[ 2020-05-25 11:12:50,589][kfold_wrapper.log_eval_metrics] Accuracy(layer_5 - estimator_0 - 12_folds.train_4.predict)=75.00%
[ 2020-05-25 11:12:50,945][kfold_wrapper.log_eval_metrics] Accuracy(layer_5 - estimator_0 - 12_folds.train_5.predict)=58.33%
[ 2020-05-25 11:12:51,309][kfold_wrapper.log_eval_metrics] Accuracy(layer_5 - estimator_0 - 12_folds.train_6.predict)=75.00%
[ 2020-05-25 11:12:51,670][kfold_wrapper.log_eval_metrics] Accuracy(layer_5 - estimator_0 - 12_folds.train_7.predict)=83.33%
[ 2020-05-25 11:12:52,032][kfold_wrapper.log_eval_metrics] Accuracy(layer_5 - estimator_0 - 12_folds.train_8.predict)=75.00%
[ 2020-05-25 11:12:52,390][kfold_wrapper.log_eval_metrics] Accuracy(layer_5 - estimator_0 - 12_folds.train_9.predict)=66.67%
[ 2020-05-25 11:12:52,746][kfold_wrapper.log_eval_metrics] Accuracy(layer_5 - estimator_0 - 12_folds.train_10.predict)=75.00%
[ 2020-05-25 11:12:53,106][kfold_wrapper.log_eval_metrics] Accuracy(layer_5 - estimator_0 - 12_folds.train_11.predict)=83.33%
[ 2020-05-25 11:12:53,224][kfold_wrapper.log_eval_metrics] Accuracy(layer_5 - estimator_0 - 12_folds.train_cv.predict)=75.17%
[ 2020-05-25 11:12:53,228][kfold_wrapper.log_eval_metrics] Accuracy(layer_5 - estimator_0 - 12_folds.test.predict)=52.04%
[ 2020-05-25 11:12:53,485][kfold_wrapper.log_eval_metrics] Accuracy(layer_5 - estimator_1 - 12_folds.train_0.predict)=84.62%
[ 2020-05-25 11:12:53,849][kfold_wrapper.log_eval_metrics] Accuracy(layer_5 - estimator_1 - 12_folds.train_1.predict)=58.33%
[ 2020-05-25 11:12:54,211][kfold_wrapper.log_eval_metrics] Accuracy(layer_5 - estimator_1 - 12_folds.train_2.predict)=66.67%
[ 2020-05-25 11:12:54,576][kfold_wrapper.log_eval_metrics] Accuracy(layer_5 - estimator_1 - 12_folds.train_3.predict)=75.00%
[ 2020-05-25 11:12:54,922][kfold_wrapper.log_eval_metrics] Accuracy(layer_5 - estimator_1 - 12_folds.train_4.predict)=58.33%
[ 2020-05-25 11:12:55,270][kfold_wrapper.log_eval_metrics] Accuracy(layer_5 - estimator_1 - 12_folds.train_5.predict)=75.00%
[ 2020-05-25 11:12:55,629][kfold_wrapper.log_eval_metrics] Accuracy(layer_5 - estimator_1 - 12_folds.train_6.predict)=75.00%
[ 2020-05-25 11:12:55,984][kfold_wrapper.log_eval_metrics] Accuracy(layer_5 - estimator_1 - 12_folds.train_7.predict)=66.67%
[ 2020-05-25 11:12:56,345][kfold_wrapper.log_eval_metrics] Accuracy(layer_5 - estimator_1 - 12_folds.train_8.predict)=58.33%
[ 2020-05-25 11:12:56,710][kfold_wrapper.log_eval_metrics] Accuracy(layer_5 - estimator_1 - 12_folds.train_9.predict)=91.67%
[ 2020-05-25 11:12:57,073][kfold_wrapper.log_eval_metrics] Accuracy(layer_5 - estimator_1 - 12_folds.train_10.predict)=50.00%
[ 2020-05-25 11:12:57,433][kfold_wrapper.log_eval_metrics] Accuracy(layer_5 - estimator_1 - 12_folds.train_11.predict)=100.00%
[ 2020-05-25 11:12:57,549][kfold_wrapper.log_eval_metrics] Accuracy(layer_5 - estimator_1 - 12_folds.train_cv.predict)=71.72%
[ 2020-05-25 11:12:57,553][kfold_wrapper.log_eval_metrics] Accuracy(layer_5 - estimator_1 - 12_folds.test.predict)=45.92%
[ 2020-05-25 11:12:57,571][kfold_wrapper.log_eval_metrics] Accuracy(layer_5 - estimator_2 - 12_folds.train_0.predict)=69.23%
[ 2020-05-25 11:12:57,590][kfold_wrapper.log_eval_metrics] Accuracy(layer_5 - estimator_2 - 12_folds.train_1.predict)=66.67%
[ 2020-05-25 11:12:57,609][kfold_wrapper.log_eval_metrics] Accuracy(layer_5 - estimator_2 - 12_folds.train_2.predict)=75.00%
[ 2020-05-25 11:12:57,618][kfold_wrapper.log_eval_metrics] Accuracy(layer_5 - estimator_2 - 12_folds.train_3.predict)=75.00%
[ 2020-05-25 11:12:57,626][kfold_wrapper.log_eval_metrics] Accuracy(layer_5 - estimator_2 - 12_folds.train_4.predict)=58.33%
[ 2020-05-25 11:12:57,642][kfold_wrapper.log_eval_metrics] Accuracy(layer_5 - estimator_2 - 12_folds.train_5.predict)=75.00%
[ 2020-05-25 11:12:57,660][kfold_wrapper.log_eval_metrics] Accuracy(layer_5 - estimator_2 - 12_folds.train_6.predict)=83.33%
[ 2020-05-25 11:12:57,668][kfold_wrapper.log_eval_metrics] Accuracy(layer_5 - estimator_2 - 12_folds.train_7.predict)=50.00%
[ 2020-05-25 11:12:57,677][kfold_wrapper.log_eval_metrics] Accuracy(layer_5 - estimator_2 - 12_folds.train_8.predict)=83.33%
[ 2020-05-25 11:12:57,684][kfold_wrapper.log_eval_metrics] Accuracy(layer_5 - estimator_2 - 12_folds.train_9.predict)=83.33%
[ 2020-05-25 11:12:57,692][kfold_wrapper.log_eval_metrics] Accuracy(layer_5 - estimator_2 - 12_folds.train_10.predict)=75.00%
[ 2020-05-25 11:12:57,700][kfold_wrapper.log_eval_metrics] Accuracy(layer_5 - estimator_2 - 12_folds.train_11.predict)=83.33%
[ 2020-05-25 11:12:57,703][kfold_wrapper.log_eval_metrics] Accuracy(layer_5 - estimator_2 - 12_folds.train_cv.predict)=73.10%
[ 2020-05-25 11:12:57,705][kfold_wrapper.log_eval_metrics] Accuracy(layer_5 - estimator_2 - 12_folds.test.predict)=54.08%
[ 2020-05-25 11:12:57,707][cascade_classifier.calc_accuracy] Accuracy(layer_5 - train.classifier_average)=75.86%
[ 2020-05-25 11:12:57,711][cascade_classifier.calc_accuracy] Accuracy(layer_5 - test.classifier_average)=52.04%
[ 2020-05-25 11:12:57,713][cascade_classifier.fit_transform] [layer=6] look_indexs=[0], X_cur_train.shape=(145, 11), X_cur_test.shape=(98, 11)
[ 2020-05-25 11:12:57,945][kfold_wrapper.log_eval_metrics] Accuracy(layer_6 - estimator_0 - 12_folds.train_0.predict)=84.62%
[ 2020-05-25 11:12:58,309][kfold_wrapper.log_eval_metrics] Accuracy(layer_6 - estimator_0 - 12_folds.train_1.predict)=66.67%
[ 2020-05-25 11:12:58,677][kfold_wrapper.log_eval_metrics] Accuracy(layer_6 - estimator_0 - 12_folds.train_2.predict)=50.00%
[ 2020-05-25 11:12:59,039][kfold_wrapper.log_eval_metrics] Accuracy(layer_6 - estimator_0 - 12_folds.train_3.predict)=75.00%
[ 2020-05-25 11:12:59,404][kfold_wrapper.log_eval_metrics] Accuracy(layer_6 - estimator_0 - 12_folds.train_4.predict)=75.00%
[ 2020-05-25 11:12:59,757][kfold_wrapper.log_eval_metrics] Accuracy(layer_6 - estimator_0 - 12_folds.train_5.predict)=66.67%
[ 2020-05-25 11:13:00,120][kfold_wrapper.log_eval_metrics] Accuracy(layer_6 - estimator_0 - 12_folds.train_6.predict)=58.33%
[ 2020-05-25 11:13:00,484][kfold_wrapper.log_eval_metrics] Accuracy(layer_6 - estimator_0 - 12_folds.train_7.predict)=83.33%
[ 2020-05-25 11:13:00,848][kfold_wrapper.log_eval_metrics] Accuracy(layer_6 - estimator_0 - 12_folds.train_8.predict)=75.00%
[ 2020-05-25 11:13:01,191][kfold_wrapper.log_eval_metrics] Accuracy(layer_6 - estimator_0 - 12_folds.train_9.predict)=75.00%
[ 2020-05-25 11:13:01,552][kfold_wrapper.log_eval_metrics] Accuracy(layer_6 - estimator_0 - 12_folds.train_10.predict)=58.33%
[ 2020-05-25 11:13:01,908][kfold_wrapper.log_eval_metrics] Accuracy(layer_6 - estimator_0 - 12_folds.train_11.predict)=75.00%
[ 2020-05-25 11:13:02,025][kfold_wrapper.log_eval_metrics] Accuracy(layer_6 - estimator_0 - 12_folds.train_cv.predict)=70.34%
[ 2020-05-25 11:13:02,029][kfold_wrapper.log_eval_metrics] Accuracy(layer_6 - estimator_0 - 12_folds.test.predict)=44.90%
[ 2020-05-25 11:13:02,283][kfold_wrapper.log_eval_metrics] Accuracy(layer_6 - estimator_1 - 12_folds.train_0.predict)=76.92%
[ 2020-05-25 11:13:02,635][kfold_wrapper.log_eval_metrics] Accuracy(layer_6 - estimator_1 - 12_folds.train_1.predict)=41.67%
[ 2020-05-25 11:13:02,996][kfold_wrapper.log_eval_metrics] Accuracy(layer_6 - estimator_1 - 12_folds.train_2.predict)=83.33%
[ 2020-05-25 11:13:03,357][kfold_wrapper.log_eval_metrics] Accuracy(layer_6 - estimator_1 - 12_folds.train_3.predict)=75.00%
[ 2020-05-25 11:13:03,721][kfold_wrapper.log_eval_metrics] Accuracy(layer_6 - estimator_1 - 12_folds.train_4.predict)=83.33%
[ 2020-05-25 11:13:04,080][kfold_wrapper.log_eval_metrics] Accuracy(layer_6 - estimator_1 - 12_folds.train_5.predict)=58.33%
[ 2020-05-25 11:13:04,442][kfold_wrapper.log_eval_metrics] Accuracy(layer_6 - estimator_1 - 12_folds.train_6.predict)=75.00%
[ 2020-05-25 11:13:04,807][kfold_wrapper.log_eval_metrics] Accuracy(layer_6 - estimator_1 - 12_folds.train_7.predict)=50.00%
[ 2020-05-25 11:13:05,170][kfold_wrapper.log_eval_metrics] Accuracy(layer_6 - estimator_1 - 12_folds.train_8.predict)=75.00%
[ 2020-05-25 11:13:05,533][kfold_wrapper.log_eval_metrics] Accuracy(layer_6 - estimator_1 - 12_folds.train_9.predict)=50.00%
[ 2020-05-25 11:13:05,895][kfold_wrapper.log_eval_metrics] Accuracy(layer_6 - estimator_1 - 12_folds.train_10.predict)=58.33%
[ 2020-05-25 11:13:06,254][kfold_wrapper.log_eval_metrics] Accuracy(layer_6 - estimator_1 - 12_folds.train_11.predict)=66.67%
[ 2020-05-25 11:13:06,368][kfold_wrapper.log_eval_metrics] Accuracy(layer_6 - estimator_1 - 12_folds.train_cv.predict)=66.21%
[ 2020-05-25 11:13:06,371][kfold_wrapper.log_eval_metrics] Accuracy(layer_6 - estimator_1 - 12_folds.test.predict)=55.10%
[ 2020-05-25 11:13:06,392][kfold_wrapper.log_eval_metrics] Accuracy(layer_6 - estimator_2 - 12_folds.train_0.predict)=69.23%
[ 2020-05-25 11:13:06,409][kfold_wrapper.log_eval_metrics] Accuracy(layer_6 - estimator_2 - 12_folds.train_1.predict)=66.67%
[ 2020-05-25 11:13:06,418][kfold_wrapper.log_eval_metrics] Accuracy(layer_6 - estimator_2 - 12_folds.train_2.predict)=75.00%
[ 2020-05-25 11:13:06,426][kfold_wrapper.log_eval_metrics] Accuracy(layer_6 - estimator_2 - 12_folds.train_3.predict)=66.67%
[ 2020-05-25 11:13:06,434][kfold_wrapper.log_eval_metrics] Accuracy(layer_6 - estimator_2 - 12_folds.train_4.predict)=75.00%
[ 2020-05-25 11:13:06,442][kfold_wrapper.log_eval_metrics] Accuracy(layer_6 - estimator_2 - 12_folds.train_5.predict)=83.33%
[ 2020-05-25 11:13:06,449][kfold_wrapper.log_eval_metrics] Accuracy(layer_6 - estimator_2 - 12_folds.train_6.predict)=83.33%
[ 2020-05-25 11:13:06,457][kfold_wrapper.log_eval_metrics] Accuracy(layer_6 - estimator_2 - 12_folds.train_7.predict)=66.67%
[ 2020-05-25 11:13:06,465][kfold_wrapper.log_eval_metrics] Accuracy(layer_6 - estimator_2 - 12_folds.train_8.predict)=66.67%
[ 2020-05-25 11:13:06,483][kfold_wrapper.log_eval_metrics] Accuracy(layer_6 - estimator_2 - 12_folds.train_9.predict)=83.33%
[ 2020-05-25 11:13:06,500][kfold_wrapper.log_eval_metrics] Accuracy(layer_6 - estimator_2 - 12_folds.train_10.predict)=66.67%
[ 2020-05-25 11:13:06,514][kfold_wrapper.log_eval_metrics] Accuracy(layer_6 - estimator_2 - 12_folds.train_11.predict)=58.33%
[ 2020-05-25 11:13:06,517][kfold_wrapper.log_eval_metrics] Accuracy(layer_6 - estimator_2 - 12_folds.train_cv.predict)=71.72%
[ 2020-05-25 11:13:06,519][kfold_wrapper.log_eval_metrics] Accuracy(layer_6 - estimator_2 - 12_folds.test.predict)=58.16%
[ 2020-05-25 11:13:06,521][cascade_classifier.calc_accuracy] Accuracy(layer_6 - train.classifier_average)=72.41%
[ 2020-05-25 11:13:06,524][cascade_classifier.calc_accuracy] Accuracy(layer_6 - test.classifier_average)=54.08%
[ 2020-05-25 11:13:06,526][cascade_classifier.fit_transform] [layer=7] look_indexs=[0], X_cur_train.shape=(145, 11), X_cur_test.shape=(98, 11)
[ 2020-05-25 11:13:06,772][kfold_wrapper.log_eval_metrics] Accuracy(layer_7 - estimator_0 - 12_folds.train_0.predict)=69.23%
[ 2020-05-25 11:13:07,135][kfold_wrapper.log_eval_metrics] Accuracy(layer_7 - estimator_0 - 12_folds.train_1.predict)=75.00%
[ 2020-05-25 11:13:07,490][kfold_wrapper.log_eval_metrics] Accuracy(layer_7 - estimator_0 - 12_folds.train_2.predict)=75.00%
[ 2020-05-25 11:13:07,855][kfold_wrapper.log_eval_metrics] Accuracy(layer_7 - estimator_0 - 12_folds.train_3.predict)=75.00%
[ 2020-05-25 11:13:08,217][kfold_wrapper.log_eval_metrics] Accuracy(layer_7 - estimator_0 - 12_folds.train_4.predict)=83.33%
[ 2020-05-25 11:13:08,580][kfold_wrapper.log_eval_metrics] Accuracy(layer_7 - estimator_0 - 12_folds.train_5.predict)=66.67%
[ 2020-05-25 11:13:08,938][kfold_wrapper.log_eval_metrics] Accuracy(layer_7 - estimator_0 - 12_folds.train_6.predict)=66.67%
[ 2020-05-25 11:13:09,300][kfold_wrapper.log_eval_metrics] Accuracy(layer_7 - estimator_0 - 12_folds.train_7.predict)=75.00%
[ 2020-05-25 11:13:09,662][kfold_wrapper.log_eval_metrics] Accuracy(layer_7 - estimator_0 - 12_folds.train_8.predict)=66.67%
[ 2020-05-25 11:13:10,044][kfold_wrapper.log_eval_metrics] Accuracy(layer_7 - estimator_0 - 12_folds.train_9.predict)=75.00%
[ 2020-05-25 11:13:10,409][kfold_wrapper.log_eval_metrics] Accuracy(layer_7 - estimator_0 - 12_folds.train_10.predict)=75.00%
[ 2020-05-25 11:13:10,765][kfold_wrapper.log_eval_metrics] Accuracy(layer_7 - estimator_0 - 12_folds.train_11.predict)=50.00%
[ 2020-05-25 11:13:10,881][kfold_wrapper.log_eval_metrics] Accuracy(layer_7 - estimator_0 - 12_folds.train_cv.predict)=71.03%
[ 2020-05-25 11:13:10,884][kfold_wrapper.log_eval_metrics] Accuracy(layer_7 - estimator_0 - 12_folds.test.predict)=38.78%
[ 2020-05-25 11:13:11,138][kfold_wrapper.log_eval_metrics] Accuracy(layer_7 - estimator_1 - 12_folds.train_0.predict)=76.92%
[ 2020-05-25 11:13:11,498][kfold_wrapper.log_eval_metrics] Accuracy(layer_7 - estimator_1 - 12_folds.train_1.predict)=75.00%
[ 2020-05-25 11:13:11,852][kfold_wrapper.log_eval_metrics] Accuracy(layer_7 - estimator_1 - 12_folds.train_2.predict)=66.67%
[ 2020-05-25 11:13:12,213][kfold_wrapper.log_eval_metrics] Accuracy(layer_7 - estimator_1 - 12_folds.train_3.predict)=66.67%
[ 2020-05-25 11:13:12,574][kfold_wrapper.log_eval_metrics] Accuracy(layer_7 - estimator_1 - 12_folds.train_4.predict)=75.00%
[ 2020-05-25 11:13:12,936][kfold_wrapper.log_eval_metrics] Accuracy(layer_7 - estimator_1 - 12_folds.train_5.predict)=75.00%
[ 2020-05-25 11:13:13,294][kfold_wrapper.log_eval_metrics] Accuracy(layer_7 - estimator_1 - 12_folds.train_6.predict)=66.67%
[ 2020-05-25 11:13:13,653][kfold_wrapper.log_eval_metrics] Accuracy(layer_7 - estimator_1 - 12_folds.train_7.predict)=58.33%
[ 2020-05-25 11:13:14,004][kfold_wrapper.log_eval_metrics] Accuracy(layer_7 - estimator_1 - 12_folds.train_8.predict)=58.33%
[ 2020-05-25 11:13:14,356][kfold_wrapper.log_eval_metrics] Accuracy(layer_7 - estimator_1 - 12_folds.train_9.predict)=66.67%
[ 2020-05-25 11:13:14,704][kfold_wrapper.log_eval_metrics] Accuracy(layer_7 - estimator_1 - 12_folds.train_10.predict)=75.00%
[ 2020-05-25 11:13:15,066][kfold_wrapper.log_eval_metrics] Accuracy(layer_7 - estimator_1 - 12_folds.train_11.predict)=91.67%
[ 2020-05-25 11:13:15,182][kfold_wrapper.log_eval_metrics] Accuracy(layer_7 - estimator_1 - 12_folds.train_cv.predict)=71.03%
[ 2020-05-25 11:13:15,186][kfold_wrapper.log_eval_metrics] Accuracy(layer_7 - estimator_1 - 12_folds.test.predict)=53.06%
[ 2020-05-25 11:13:15,209][kfold_wrapper.log_eval_metrics] Accuracy(layer_7 - estimator_2 - 12_folds.train_0.predict)=69.23%
[ 2020-05-25 11:13:15,229][kfold_wrapper.log_eval_metrics] Accuracy(layer_7 - estimator_2 - 12_folds.train_1.predict)=66.67%
[ 2020-05-25 11:13:15,252][kfold_wrapper.log_eval_metrics] Accuracy(layer_7 - estimator_2 - 12_folds.train_2.predict)=66.67%
[ 2020-05-25 11:13:15,265][kfold_wrapper.log_eval_metrics] Accuracy(layer_7 - estimator_2 - 12_folds.train_3.predict)=75.00%
[ 2020-05-25 11:13:15,275][kfold_wrapper.log_eval_metrics] Accuracy(layer_7 - estimator_2 - 12_folds.train_4.predict)=75.00%
[ 2020-05-25 11:13:15,292][kfold_wrapper.log_eval_metrics] Accuracy(layer_7 - estimator_2 - 12_folds.train_5.predict)=75.00%
[ 2020-05-25 11:13:15,310][kfold_wrapper.log_eval_metrics] Accuracy(layer_7 - estimator_2 - 12_folds.train_6.predict)=75.00%
[ 2020-05-25 11:13:15,328][kfold_wrapper.log_eval_metrics] Accuracy(layer_7 - estimator_2 - 12_folds.train_7.predict)=75.00%
[ 2020-05-25 11:13:15,345][kfold_wrapper.log_eval_metrics] Accuracy(layer_7 - estimator_2 - 12_folds.train_8.predict)=75.00%
[ 2020-05-25 11:13:15,365][kfold_wrapper.log_eval_metrics] Accuracy(layer_7 - estimator_2 - 12_folds.train_9.predict)=75.00%
[ 2020-05-25 11:13:15,383][kfold_wrapper.log_eval_metrics] Accuracy(layer_7 - estimator_2 - 12_folds.train_10.predict)=66.67%
[ 2020-05-25 11:13:15,394][kfold_wrapper.log_eval_metrics] Accuracy(layer_7 - estimator_2 - 12_folds.train_11.predict)=58.33%
[ 2020-05-25 11:13:15,398][kfold_wrapper.log_eval_metrics] Accuracy(layer_7 - estimator_2 - 12_folds.train_cv.predict)=71.03%
[ 2020-05-25 11:13:15,403][kfold_wrapper.log_eval_metrics] Accuracy(layer_7 - estimator_2 - 12_folds.test.predict)=68.37%
[ 2020-05-25 11:13:15,406][cascade_classifier.calc_accuracy] Accuracy(layer_7 - train.classifier_average)=72.41%
[ 2020-05-25 11:13:15,410][cascade_classifier.calc_accuracy] Accuracy(layer_7 - test.classifier_average)=52.04%
[ 2020-05-25 11:13:15,415][cascade_classifier.fit_transform] [layer=8] look_indexs=[0], X_cur_train.shape=(145, 11), X_cur_test.shape=(98, 11)
[ 2020-05-25 11:13:15,660][kfold_wrapper.log_eval_metrics] Accuracy(layer_8 - estimator_0 - 12_folds.train_0.predict)=76.92%
[ 2020-05-25 11:13:16,016][kfold_wrapper.log_eval_metrics] Accuracy(layer_8 - estimator_0 - 12_folds.train_1.predict)=66.67%
[ 2020-05-25 11:13:16,378][kfold_wrapper.log_eval_metrics] Accuracy(layer_8 - estimator_0 - 12_folds.train_2.predict)=75.00%
[ 2020-05-25 11:13:16,724][kfold_wrapper.log_eval_metrics] Accuracy(layer_8 - estimator_0 - 12_folds.train_3.predict)=58.33%
[ 2020-05-25 11:13:17,075][kfold_wrapper.log_eval_metrics] Accuracy(layer_8 - estimator_0 - 12_folds.train_4.predict)=75.00%
[ 2020-05-25 11:13:17,430][kfold_wrapper.log_eval_metrics] Accuracy(layer_8 - estimator_0 - 12_folds.train_5.predict)=75.00%
[ 2020-05-25 11:13:17,789][kfold_wrapper.log_eval_metrics] Accuracy(layer_8 - estimator_0 - 12_folds.train_6.predict)=75.00%
[ 2020-05-25 11:13:18,151][kfold_wrapper.log_eval_metrics] Accuracy(layer_8 - estimator_0 - 12_folds.train_7.predict)=75.00%
[ 2020-05-25 11:13:18,515][kfold_wrapper.log_eval_metrics] Accuracy(layer_8 - estimator_0 - 12_folds.train_8.predict)=75.00%
[ 2020-05-25 11:13:18,870][kfold_wrapper.log_eval_metrics] Accuracy(layer_8 - estimator_0 - 12_folds.train_9.predict)=66.67%
[ 2020-05-25 11:13:19,232][kfold_wrapper.log_eval_metrics] Accuracy(layer_8 - estimator_0 - 12_folds.train_10.predict)=75.00%
[ 2020-05-25 11:13:19,594][kfold_wrapper.log_eval_metrics] Accuracy(layer_8 - estimator_0 - 12_folds.train_11.predict)=83.33%
[ 2020-05-25 11:13:19,711][kfold_wrapper.log_eval_metrics] Accuracy(layer_8 - estimator_0 - 12_folds.train_cv.predict)=73.10%
[ 2020-05-25 11:13:19,715][kfold_wrapper.log_eval_metrics] Accuracy(layer_8 - estimator_0 - 12_folds.test.predict)=37.76%
[ 2020-05-25 11:13:19,969][kfold_wrapper.log_eval_metrics] Accuracy(layer_8 - estimator_1 - 12_folds.train_0.predict)=76.92%
[ 2020-05-25 11:13:20,331][kfold_wrapper.log_eval_metrics] Accuracy(layer_8 - estimator_1 - 12_folds.train_1.predict)=58.33%
[ 2020-05-25 11:13:20,695][kfold_wrapper.log_eval_metrics] Accuracy(layer_8 - estimator_1 - 12_folds.train_2.predict)=75.00%
[ 2020-05-25 11:13:21,056][kfold_wrapper.log_eval_metrics] Accuracy(layer_8 - estimator_1 - 12_folds.train_3.predict)=75.00%
[ 2020-05-25 11:13:21,418][kfold_wrapper.log_eval_metrics] Accuracy(layer_8 - estimator_1 - 12_folds.train_4.predict)=75.00%
[ 2020-05-25 11:13:21,781][kfold_wrapper.log_eval_metrics] Accuracy(layer_8 - estimator_1 - 12_folds.train_5.predict)=66.67%
[ 2020-05-25 11:13:22,138][kfold_wrapper.log_eval_metrics] Accuracy(layer_8 - estimator_1 - 12_folds.train_6.predict)=75.00%
[ 2020-05-25 11:13:22,487][kfold_wrapper.log_eval_metrics] Accuracy(layer_8 - estimator_1 - 12_folds.train_7.predict)=75.00%
[ 2020-05-25 11:13:22,844][kfold_wrapper.log_eval_metrics] Accuracy(layer_8 - estimator_1 - 12_folds.train_8.predict)=50.00%
[ 2020-05-25 11:13:23,187][kfold_wrapper.log_eval_metrics] Accuracy(layer_8 - estimator_1 - 12_folds.train_9.predict)=66.67%
[ 2020-05-25 11:13:23,530][kfold_wrapper.log_eval_metrics] Accuracy(layer_8 - estimator_1 - 12_folds.train_10.predict)=66.67%
[ 2020-05-25 11:13:23,917][kfold_wrapper.log_eval_metrics] Accuracy(layer_8 - estimator_1 - 12_folds.train_11.predict)=75.00%
[ 2020-05-25 11:13:24,032][kfold_wrapper.log_eval_metrics] Accuracy(layer_8 - estimator_1 - 12_folds.train_cv.predict)=69.66%
[ 2020-05-25 11:13:24,037][kfold_wrapper.log_eval_metrics] Accuracy(layer_8 - estimator_1 - 12_folds.test.predict)=38.78%
[ 2020-05-25 11:13:24,058][kfold_wrapper.log_eval_metrics] Accuracy(layer_8 - estimator_2 - 12_folds.train_0.predict)=69.23%
[ 2020-05-25 11:13:24,074][kfold_wrapper.log_eval_metrics] Accuracy(layer_8 - estimator_2 - 12_folds.train_1.predict)=66.67%
[ 2020-05-25 11:13:24,074][kfold_wrapper.log_eval_metrics] Accuracy(layer_8 - estimator_2 - 12_folds.train_2.predict)=66.67%
[ 2020-05-25 11:13:24,105][kfold_wrapper.log_eval_metrics] Accuracy(layer_8 - estimator_2 - 12_folds.train_3.predict)=75.00%
[ 2020-05-25 11:13:24,128][kfold_wrapper.log_eval_metrics] Accuracy(layer_8 - estimator_2 - 12_folds.train_4.predict)=75.00%
[ 2020-05-25 11:13:24,146][kfold_wrapper.log_eval_metrics] Accuracy(layer_8 - estimator_2 - 12_folds.train_5.predict)=66.67%
[ 2020-05-25 11:13:24,163][kfold_wrapper.log_eval_metrics] Accuracy(layer_8 - estimator_2 - 12_folds.train_6.predict)=75.00%
[ 2020-05-25 11:13:24,180][kfold_wrapper.log_eval_metrics] Accuracy(layer_8 - estimator_2 - 12_folds.train_7.predict)=75.00%
[ 2020-05-25 11:13:24,198][kfold_wrapper.log_eval_metrics] Accuracy(layer_8 - estimator_2 - 12_folds.train_8.predict)=75.00%
[ 2020-05-25 11:13:24,219][kfold_wrapper.log_eval_metrics] Accuracy(layer_8 - estimator_2 - 12_folds.train_9.predict)=66.67%
[ 2020-05-25 11:13:24,232][kfold_wrapper.log_eval_metrics] Accuracy(layer_8 - estimator_2 - 12_folds.train_10.predict)=83.33%
[ 2020-05-25 11:13:24,241][kfold_wrapper.log_eval_metrics] Accuracy(layer_8 - estimator_2 - 12_folds.train_11.predict)=83.33%
[ 2020-05-25 11:13:24,245][kfold_wrapper.log_eval_metrics] Accuracy(layer_8 - estimator_2 - 12_folds.train_cv.predict)=73.10%
[ 2020-05-25 11:13:24,247][kfold_wrapper.log_eval_metrics] Accuracy(layer_8 - estimator_2 - 12_folds.test.predict)=62.24%
[ 2020-05-25 11:13:24,250][cascade_classifier.calc_accuracy] Accuracy(layer_8 - train.classifier_average)=73.79%
[ 2020-05-25 11:13:24,254][cascade_classifier.calc_accuracy] Accuracy(layer_8 - test.classifier_average)=38.78%
[ 2020-05-25 11:13:24,257][cascade_classifier.fit_transform] [layer=9] look_indexs=[0], X_cur_train.shape=(145, 11), X_cur_test.shape=(98, 11)
[ 2020-05-25 11:13:24,493][kfold_wrapper.log_eval_metrics] Accuracy(layer_9 - estimator_0 - 12_folds.train_0.predict)=69.23%
[ 2020-05-25 11:13:24,854][kfold_wrapper.log_eval_metrics] Accuracy(layer_9 - estimator_0 - 12_folds.train_1.predict)=66.67%
[ 2020-05-25 11:13:25,229][kfold_wrapper.log_eval_metrics] Accuracy(layer_9 - estimator_0 - 12_folds.train_2.predict)=50.00%
[ 2020-05-25 11:13:25,611][kfold_wrapper.log_eval_metrics] Accuracy(layer_9 - estimator_0 - 12_folds.train_3.predict)=50.00%
[ 2020-05-25 11:13:26,001][kfold_wrapper.log_eval_metrics] Accuracy(layer_9 - estimator_0 - 12_folds.train_4.predict)=75.00%
[ 2020-05-25 11:13:26,377][kfold_wrapper.log_eval_metrics] Accuracy(layer_9 - estimator_0 - 12_folds.train_5.predict)=66.67%
[ 2020-05-25 11:13:26,768][kfold_wrapper.log_eval_metrics] Accuracy(layer_9 - estimator_0 - 12_folds.train_6.predict)=75.00%
[ 2020-05-25 11:13:27,145][kfold_wrapper.log_eval_metrics] Accuracy(layer_9 - estimator_0 - 12_folds.train_7.predict)=58.33%
[ 2020-05-25 11:13:27,504][kfold_wrapper.log_eval_metrics] Accuracy(layer_9 - estimator_0 - 12_folds.train_8.predict)=66.67%
[ 2020-05-25 11:13:27,894][kfold_wrapper.log_eval_metrics] Accuracy(layer_9 - estimator_0 - 12_folds.train_9.predict)=58.33%
[ 2020-05-25 11:13:28,268][kfold_wrapper.log_eval_metrics] Accuracy(layer_9 - estimator_0 - 12_folds.train_10.predict)=66.67%
[ 2020-05-25 11:13:28,655][kfold_wrapper.log_eval_metrics] Accuracy(layer_9 - estimator_0 - 12_folds.train_11.predict)=66.67%
[ 2020-05-25 11:13:28,780][kfold_wrapper.log_eval_metrics] Accuracy(layer_9 - estimator_0 - 12_folds.train_cv.predict)=64.14%
[ 2020-05-25 11:13:28,780][kfold_wrapper.log_eval_metrics] Accuracy(layer_9 - estimator_0 - 12_folds.test.predict)=45.92%
[ 2020-05-25 11:13:29,061][kfold_wrapper.log_eval_metrics] Accuracy(layer_9 - estimator_1 - 12_folds.train_0.predict)=69.23%
[ 2020-05-25 11:13:29,424][kfold_wrapper.log_eval_metrics] Accuracy(layer_9 - estimator_1 - 12_folds.train_1.predict)=66.67%
[ 2020-05-25 11:13:29,788][kfold_wrapper.log_eval_metrics] Accuracy(layer_9 - estimator_1 - 12_folds.train_2.predict)=75.00%
[ 2020-05-25 11:13:30,159][kfold_wrapper.log_eval_metrics] Accuracy(layer_9 - estimator_1 - 12_folds.train_3.predict)=66.67%
[ 2020-05-25 11:13:30,523][kfold_wrapper.log_eval_metrics] Accuracy(layer_9 - estimator_1 - 12_folds.train_4.predict)=66.67%
[ 2020-05-25 11:13:30,886][kfold_wrapper.log_eval_metrics] Accuracy(layer_9 - estimator_1 - 12_folds.train_5.predict)=66.67%
[ 2020-05-25 11:13:31,249][kfold_wrapper.log_eval_metrics] Accuracy(layer_9 - estimator_1 - 12_folds.train_6.predict)=58.33%
[ 2020-05-25 11:13:31,629][kfold_wrapper.log_eval_metrics] Accuracy(layer_9 - estimator_1 - 12_folds.train_7.predict)=66.67%
[ 2020-05-25 11:13:32,018][kfold_wrapper.log_eval_metrics] Accuracy(layer_9 - estimator_1 - 12_folds.train_8.predict)=66.67%
[ 2020-05-25 11:13:32,382][kfold_wrapper.log_eval_metrics] Accuracy(layer_9 - estimator_1 - 12_folds.train_9.predict)=66.67%
[ 2020-05-25 11:13:32,730][kfold_wrapper.log_eval_metrics] Accuracy(layer_9 - estimator_1 - 12_folds.train_10.predict)=41.67%
[ 2020-05-25 11:13:33,112][kfold_wrapper.log_eval_metrics] Accuracy(layer_9 - estimator_1 - 12_folds.train_11.predict)=66.67%
[ 2020-05-25 11:13:33,227][kfold_wrapper.log_eval_metrics] Accuracy(layer_9 - estimator_1 - 12_folds.train_cv.predict)=64.83%
[ 2020-05-25 11:13:33,230][kfold_wrapper.log_eval_metrics] Accuracy(layer_9 - estimator_1 - 12_folds.test.predict)=42.86%
[ 2020-05-25 11:13:33,253][kfold_wrapper.log_eval_metrics] Accuracy(layer_9 - estimator_2 - 12_folds.train_0.predict)=69.23%
[ 2020-05-25 11:13:33,272][kfold_wrapper.log_eval_metrics] Accuracy(layer_9 - estimator_2 - 12_folds.train_1.predict)=66.67%
[ 2020-05-25 11:13:33,287][kfold_wrapper.log_eval_metrics] Accuracy(layer_9 - estimator_2 - 12_folds.train_2.predict)=66.67%
[ 2020-05-25 11:13:33,301][kfold_wrapper.log_eval_metrics] Accuracy(layer_9 - estimator_2 - 12_folds.train_3.predict)=75.00%
[ 2020-05-25 11:13:33,313][kfold_wrapper.log_eval_metrics] Accuracy(layer_9 - estimator_2 - 12_folds.train_4.predict)=75.00%
[ 2020-05-25 11:13:33,333][kfold_wrapper.log_eval_metrics] Accuracy(layer_9 - estimator_2 - 12_folds.train_5.predict)=75.00%
[ 2020-05-25 11:13:33,347][kfold_wrapper.log_eval_metrics] Accuracy(layer_9 - estimator_2 - 12_folds.train_6.predict)=91.67%
[ 2020-05-25 11:13:33,361][kfold_wrapper.log_eval_metrics] Accuracy(layer_9 - estimator_2 - 12_folds.train_7.predict)=75.00%
[ 2020-05-25 11:13:33,378][kfold_wrapper.log_eval_metrics] Accuracy(layer_9 - estimator_2 - 12_folds.train_8.predict)=66.67%
[ 2020-05-25 11:13:33,398][kfold_wrapper.log_eval_metrics] Accuracy(layer_9 - estimator_2 - 12_folds.train_9.predict)=75.00%
[ 2020-05-25 11:13:33,408][kfold_wrapper.log_eval_metrics] Accuracy(layer_9 - estimator_2 - 12_folds.train_10.predict)=66.67%
[ 2020-05-25 11:13:33,418][kfold_wrapper.log_eval_metrics] Accuracy(layer_9 - estimator_2 - 12_folds.train_11.predict)=75.00%
[ 2020-05-25 11:13:33,420][kfold_wrapper.log_eval_metrics] Accuracy(layer_9 - estimator_2 - 12_folds.train_cv.predict)=73.10%
[ 2020-05-25 11:13:33,422][kfold_wrapper.log_eval_metrics] Accuracy(layer_9 - estimator_2 - 12_folds.test.predict)=62.24%
[ 2020-05-25 11:13:33,424][cascade_classifier.calc_accuracy] Accuracy(layer_9 - train.classifier_average)=66.90%
[ 2020-05-25 11:13:33,429][cascade_classifier.calc_accuracy] Accuracy(layer_9 - test.classifier_average)=41.84%
[ 2020-05-25 11:13:33,431][cascade_classifier.fit_transform] [Result][Optimal Level Detected] opt_layer_num=6, accuracy_train=75.86%, accuracy_test=52.04%
[ 2020-05-25 11:13:33,438][cascade_classifier.transform] X_groups_test.shape=[(323, 5)]
[ 2020-05-25 11:13:33,440][cascade_classifier.transform] group_dims=[5]
[ 2020-05-25 11:13:33,442][cascade_classifier.transform] X_test.shape=(323, 5)
[ 2020-05-25 11:13:33,445][cascade_classifier.transform] [layer=0] look_indexs=[0], X_cur_test.shape=(323, 5)
[ 2020-05-25 11:13:36,163][cascade_classifier.transform] [layer=1] look_indexs=[0], X_cur_test.shape=(323, 11)
[ 2020-05-25 11:13:38,847][cascade_classifier.transform] [layer=2] look_indexs=[0], X_cur_test.shape=(323, 11)
[ 2020-05-25 11:13:41,531][cascade_classifier.transform] [layer=3] look_indexs=[0], X_cur_test.shape=(323, 11)
[ 2020-05-25 11:13:44,220][cascade_classifier.transform] [layer=4] look_indexs=[0], X_cur_test.shape=(323, 11)
[ 2020-05-25 11:13:46,940][cascade_classifier.transform] [layer=5] look_indexs=[0], X_cur_test.shape=(323, 11)
[ 2020-05-25 11:14:14,145][cascade_classifier.fit_transform] X_groups_train.shape=[(145, 5)],y_train.shape=(145,),X_groups_test.shape=[(98, 5)],y_test.shape=(98,)
[ 2020-05-25 11:14:14,147][cascade_classifier.fit_transform] group_dims=[5]
[ 2020-05-25 11:14:14,149][cascade_classifier.fit_transform] group_starts=[0]
[ 2020-05-25 11:14:14,155][cascade_classifier.fit_transform] group_ends=[5]
[ 2020-05-25 11:14:14,160][cascade_classifier.fit_transform] X_train.shape=(145, 5),X_test.shape=(98, 5)
[ 2020-05-25 11:14:14,165][cascade_classifier.fit_transform] [layer=0] look_indexs=[0], X_cur_train.shape=(145, 5), X_cur_test.shape=(98, 5)
[ 2020-05-25 11:14:14,427][kfold_wrapper.log_eval_metrics] Accuracy(layer_0 - estimator_0 - 12_folds.train_0.predict)=76.92%
[ 2020-05-25 11:14:14,794][kfold_wrapper.log_eval_metrics] Accuracy(layer_0 - estimator_0 - 12_folds.train_1.predict)=50.00%
[ 2020-05-25 11:14:15,139][kfold_wrapper.log_eval_metrics] Accuracy(layer_0 - estimator_0 - 12_folds.train_2.predict)=66.67%
[ 2020-05-25 11:14:15,503][kfold_wrapper.log_eval_metrics] Accuracy(layer_0 - estimator_0 - 12_folds.train_3.predict)=75.00%
[ 2020-05-25 11:14:15,856][kfold_wrapper.log_eval_metrics] Accuracy(layer_0 - estimator_0 - 12_folds.train_4.predict)=66.67%
[ 2020-05-25 11:14:16,215][kfold_wrapper.log_eval_metrics] Accuracy(layer_0 - estimator_0 - 12_folds.train_5.predict)=58.33%
[ 2020-05-25 11:14:16,577][kfold_wrapper.log_eval_metrics] Accuracy(layer_0 - estimator_0 - 12_folds.train_6.predict)=75.00%
[ 2020-05-25 11:14:16,939][kfold_wrapper.log_eval_metrics] Accuracy(layer_0 - estimator_0 - 12_folds.train_7.predict)=50.00%
[ 2020-05-25 11:14:17,306][kfold_wrapper.log_eval_metrics] Accuracy(layer_0 - estimator_0 - 12_folds.train_8.predict)=66.67%
[ 2020-05-25 11:14:17,668][kfold_wrapper.log_eval_metrics] Accuracy(layer_0 - estimator_0 - 12_folds.train_9.predict)=66.67%
[ 2020-05-25 11:14:18,033][kfold_wrapper.log_eval_metrics] Accuracy(layer_0 - estimator_0 - 12_folds.train_10.predict)=66.67%
[ 2020-05-25 11:14:18,396][kfold_wrapper.log_eval_metrics] Accuracy(layer_0 - estimator_0 - 12_folds.train_11.predict)=58.33%
[ 2020-05-25 11:14:18,512][kfold_wrapper.log_eval_metrics] Accuracy(layer_0 - estimator_0 - 12_folds.train_cv.predict)=64.83%
[ 2020-05-25 11:14:18,517][kfold_wrapper.log_eval_metrics] Accuracy(layer_0 - estimator_0 - 12_folds.test.predict)=34.69%
[ 2020-05-25 11:14:18,774][kfold_wrapper.log_eval_metrics] Accuracy(layer_0 - estimator_1 - 12_folds.train_0.predict)=38.46%
[ 2020-05-25 11:14:19,137][kfold_wrapper.log_eval_metrics] Accuracy(layer_0 - estimator_1 - 12_folds.train_1.predict)=66.67%
[ 2020-05-25 11:14:19,514][kfold_wrapper.log_eval_metrics] Accuracy(layer_0 - estimator_1 - 12_folds.train_2.predict)=50.00%
[ 2020-05-25 11:14:19,905][kfold_wrapper.log_eval_metrics] Accuracy(layer_0 - estimator_1 - 12_folds.train_3.predict)=66.67%
[ 2020-05-25 11:14:20,272][kfold_wrapper.log_eval_metrics] Accuracy(layer_0 - estimator_1 - 12_folds.train_4.predict)=83.33%
[ 2020-05-25 11:14:20,627][kfold_wrapper.log_eval_metrics] Accuracy(layer_0 - estimator_1 - 12_folds.train_5.predict)=58.33%
[ 2020-05-25 11:14:20,990][kfold_wrapper.log_eval_metrics] Accuracy(layer_0 - estimator_1 - 12_folds.train_6.predict)=50.00%
[ 2020-05-25 11:14:21,351][kfold_wrapper.log_eval_metrics] Accuracy(layer_0 - estimator_1 - 12_folds.train_7.predict)=83.33%
[ 2020-05-25 11:14:21,736][kfold_wrapper.log_eval_metrics] Accuracy(layer_0 - estimator_1 - 12_folds.train_8.predict)=66.67%
[ 2020-05-25 11:14:22,113][kfold_wrapper.log_eval_metrics] Accuracy(layer_0 - estimator_1 - 12_folds.train_9.predict)=41.67%
[ 2020-05-25 11:14:22,475][kfold_wrapper.log_eval_metrics] Accuracy(layer_0 - estimator_1 - 12_folds.train_10.predict)=50.00%
[ 2020-05-25 11:14:22,835][kfold_wrapper.log_eval_metrics] Accuracy(layer_0 - estimator_1 - 12_folds.train_11.predict)=41.67%
[ 2020-05-25 11:14:22,952][kfold_wrapper.log_eval_metrics] Accuracy(layer_0 - estimator_1 - 12_folds.train_cv.predict)=57.93%
[ 2020-05-25 11:14:22,955][kfold_wrapper.log_eval_metrics] Accuracy(layer_0 - estimator_1 - 12_folds.test.predict)=34.69%
[ 2020-05-25 11:14:22,973][kfold_wrapper.log_eval_metrics] Accuracy(layer_0 - estimator_2 - 12_folds.train_0.predict)=69.23%
[ 2020-05-25 11:14:22,990][kfold_wrapper.log_eval_metrics] Accuracy(layer_0 - estimator_2 - 12_folds.train_1.predict)=66.67%
[ 2020-05-25 11:14:23,005][kfold_wrapper.log_eval_metrics] Accuracy(layer_0 - estimator_2 - 12_folds.train_2.predict)=66.67%
[ 2020-05-25 11:14:23,018][kfold_wrapper.log_eval_metrics] Accuracy(layer_0 - estimator_2 - 12_folds.train_3.predict)=75.00%
[ 2020-05-25 11:14:23,030][kfold_wrapper.log_eval_metrics] Accuracy(layer_0 - estimator_2 - 12_folds.train_4.predict)=75.00%
[ 2020-05-25 11:14:23,045][kfold_wrapper.log_eval_metrics] Accuracy(layer_0 - estimator_2 - 12_folds.train_5.predict)=75.00%
[ 2020-05-25 11:14:23,049][kfold_wrapper.log_eval_metrics] Accuracy(layer_0 - estimator_2 - 12_folds.train_6.predict)=75.00%
[ 2020-05-25 11:14:23,065][kfold_wrapper.log_eval_metrics] Accuracy(layer_0 - estimator_2 - 12_folds.train_7.predict)=75.00%
[ 2020-05-25 11:14:23,065][kfold_wrapper.log_eval_metrics] Accuracy(layer_0 - estimator_2 - 12_folds.train_8.predict)=75.00%
[ 2020-05-25 11:14:23,065][kfold_wrapper.log_eval_metrics] Accuracy(layer_0 - estimator_2 - 12_folds.train_9.predict)=75.00%
[ 2020-05-25 11:14:23,081][kfold_wrapper.log_eval_metrics] Accuracy(layer_0 - estimator_2 - 12_folds.train_10.predict)=75.00%
[ 2020-05-25 11:14:23,081][kfold_wrapper.log_eval_metrics] Accuracy(layer_0 - estimator_2 - 12_folds.train_11.predict)=75.00%
[ 2020-05-25 11:14:23,081][kfold_wrapper.log_eval_metrics] Accuracy(layer_0 - estimator_2 - 12_folds.train_cv.predict)=73.10%
[ 2020-05-25 11:14:23,081][kfold_wrapper.log_eval_metrics] Accuracy(layer_0 - estimator_2 - 12_folds.test.predict)=73.47%
[ 2020-05-25 11:14:23,096][cascade_classifier.calc_accuracy] Accuracy(layer_0 - train.classifier_average)=68.28%
[ 2020-05-25 11:14:23,096][cascade_classifier.calc_accuracy] Accuracy(layer_0 - test.classifier_average)=35.71%
[ 2020-05-25 11:14:23,096][cascade_classifier.fit_transform] [layer=1] look_indexs=[0], X_cur_train.shape=(145, 11), X_cur_test.shape=(98, 11)
[ 2020-05-25 11:14:23,342][kfold_wrapper.log_eval_metrics] Accuracy(layer_1 - estimator_0 - 12_folds.train_0.predict)=69.23%
[ 2020-05-25 11:14:23,705][kfold_wrapper.log_eval_metrics] Accuracy(layer_1 - estimator_0 - 12_folds.train_1.predict)=66.67%
[ 2020-05-25 11:14:24,082][kfold_wrapper.log_eval_metrics] Accuracy(layer_1 - estimator_0 - 12_folds.train_2.predict)=66.67%
[ 2020-05-25 11:14:24,448][kfold_wrapper.log_eval_metrics] Accuracy(layer_1 - estimator_0 - 12_folds.train_3.predict)=66.67%
[ 2020-05-25 11:14:24,812][kfold_wrapper.log_eval_metrics] Accuracy(layer_1 - estimator_0 - 12_folds.train_4.predict)=83.33%
[ 2020-05-25 11:14:25,180][kfold_wrapper.log_eval_metrics] Accuracy(layer_1 - estimator_0 - 12_folds.train_5.predict)=75.00%
[ 2020-05-25 11:14:25,528][kfold_wrapper.log_eval_metrics] Accuracy(layer_1 - estimator_0 - 12_folds.train_6.predict)=66.67%
[ 2020-05-25 11:14:25,886][kfold_wrapper.log_eval_metrics] Accuracy(layer_1 - estimator_0 - 12_folds.train_7.predict)=66.67%
[ 2020-05-25 11:14:26,249][kfold_wrapper.log_eval_metrics] Accuracy(layer_1 - estimator_0 - 12_folds.train_8.predict)=58.33%
[ 2020-05-25 11:14:26,631][kfold_wrapper.log_eval_metrics] Accuracy(layer_1 - estimator_0 - 12_folds.train_9.predict)=58.33%
[ 2020-05-25 11:14:27,021][kfold_wrapper.log_eval_metrics] Accuracy(layer_1 - estimator_0 - 12_folds.train_10.predict)=75.00%
[ 2020-05-25 11:14:27,398][kfold_wrapper.log_eval_metrics] Accuracy(layer_1 - estimator_0 - 12_folds.train_11.predict)=75.00%
[ 2020-05-25 11:14:27,523][kfold_wrapper.log_eval_metrics] Accuracy(layer_1 - estimator_0 - 12_folds.train_cv.predict)=68.97%
[ 2020-05-25 11:14:27,523][kfold_wrapper.log_eval_metrics] Accuracy(layer_1 - estimator_0 - 12_folds.test.predict)=39.80%
[ 2020-05-25 11:14:27,788][kfold_wrapper.log_eval_metrics] Accuracy(layer_1 - estimator_1 - 12_folds.train_0.predict)=46.15%
[ 2020-05-25 11:14:28,166][kfold_wrapper.log_eval_metrics] Accuracy(layer_1 - estimator_1 - 12_folds.train_1.predict)=83.33%
[ 2020-05-25 11:14:28,529][kfold_wrapper.log_eval_metrics] Accuracy(layer_1 - estimator_1 - 12_folds.train_2.predict)=75.00%
[ 2020-05-25 11:14:28,894][kfold_wrapper.log_eval_metrics] Accuracy(layer_1 - estimator_1 - 12_folds.train_3.predict)=58.33%
[ 2020-05-25 11:14:29,256][kfold_wrapper.log_eval_metrics] Accuracy(layer_1 - estimator_1 - 12_folds.train_4.predict)=66.67%
[ 2020-05-25 11:14:29,634][kfold_wrapper.log_eval_metrics] Accuracy(layer_1 - estimator_1 - 12_folds.train_5.predict)=75.00%
[ 2020-05-25 11:14:30,025][kfold_wrapper.log_eval_metrics] Accuracy(layer_1 - estimator_1 - 12_folds.train_6.predict)=75.00%
[ 2020-05-25 11:14:30,401][kfold_wrapper.log_eval_metrics] Accuracy(layer_1 - estimator_1 - 12_folds.train_7.predict)=66.67%
[ 2020-05-25 11:14:30,776][kfold_wrapper.log_eval_metrics] Accuracy(layer_1 - estimator_1 - 12_folds.train_8.predict)=50.00%
[ 2020-05-25 11:14:31,151][kfold_wrapper.log_eval_metrics] Accuracy(layer_1 - estimator_1 - 12_folds.train_9.predict)=66.67%
[ 2020-05-25 11:14:31,543][kfold_wrapper.log_eval_metrics] Accuracy(layer_1 - estimator_1 - 12_folds.train_10.predict)=58.33%
[ 2020-05-25 11:14:31,933][kfold_wrapper.log_eval_metrics] Accuracy(layer_1 - estimator_1 - 12_folds.train_11.predict)=58.33%
[ 2020-05-25 11:14:32,058][kfold_wrapper.log_eval_metrics] Accuracy(layer_1 - estimator_1 - 12_folds.train_cv.predict)=64.83%
[ 2020-05-25 11:14:32,058][kfold_wrapper.log_eval_metrics] Accuracy(layer_1 - estimator_1 - 12_folds.test.predict)=42.86%
[ 2020-05-25 11:14:32,074][kfold_wrapper.log_eval_metrics] Accuracy(layer_1 - estimator_2 - 12_folds.train_0.predict)=69.23%
[ 2020-05-25 11:14:32,089][kfold_wrapper.log_eval_metrics] Accuracy(layer_1 - estimator_2 - 12_folds.train_1.predict)=66.67%
[ 2020-05-25 11:14:32,125][kfold_wrapper.log_eval_metrics] Accuracy(layer_1 - estimator_2 - 12_folds.train_2.predict)=66.67%
[ 2020-05-25 11:14:32,136][kfold_wrapper.log_eval_metrics] Accuracy(layer_1 - estimator_2 - 12_folds.train_3.predict)=75.00%
[ 2020-05-25 11:14:32,146][kfold_wrapper.log_eval_metrics] Accuracy(layer_1 - estimator_2 - 12_folds.train_4.predict)=75.00%
[ 2020-05-25 11:14:32,163][kfold_wrapper.log_eval_metrics] Accuracy(layer_1 - estimator_2 - 12_folds.train_5.predict)=75.00%
[ 2020-05-25 11:14:32,182][kfold_wrapper.log_eval_metrics] Accuracy(layer_1 - estimator_2 - 12_folds.train_6.predict)=75.00%
[ 2020-05-25 11:14:32,198][kfold_wrapper.log_eval_metrics] Accuracy(layer_1 - estimator_2 - 12_folds.train_7.predict)=75.00%
[ 2020-05-25 11:14:32,211][kfold_wrapper.log_eval_metrics] Accuracy(layer_1 - estimator_2 - 12_folds.train_8.predict)=75.00%
[ 2020-05-25 11:14:32,222][kfold_wrapper.log_eval_metrics] Accuracy(layer_1 - estimator_2 - 12_folds.train_9.predict)=75.00%
[ 2020-05-25 11:14:32,236][kfold_wrapper.log_eval_metrics] Accuracy(layer_1 - estimator_2 - 12_folds.train_10.predict)=75.00%
[ 2020-05-25 11:14:32,249][kfold_wrapper.log_eval_metrics] Accuracy(layer_1 - estimator_2 - 12_folds.train_11.predict)=75.00%
[ 2020-05-25 11:14:32,254][kfold_wrapper.log_eval_metrics] Accuracy(layer_1 - estimator_2 - 12_folds.train_cv.predict)=73.10%
[ 2020-05-25 11:14:32,259][kfold_wrapper.log_eval_metrics] Accuracy(layer_1 - estimator_2 - 12_folds.test.predict)=73.47%
[ 2020-05-25 11:14:32,262][cascade_classifier.calc_accuracy] Accuracy(layer_1 - train.classifier_average)=71.03%
[ 2020-05-25 11:14:32,265][cascade_classifier.calc_accuracy] Accuracy(layer_1 - test.classifier_average)=60.20%
[ 2020-05-25 11:14:32,269][cascade_classifier.fit_transform] [layer=2] look_indexs=[0], X_cur_train.shape=(145, 11), X_cur_test.shape=(98, 11)
[ 2020-05-25 11:14:32,528][kfold_wrapper.log_eval_metrics] Accuracy(layer_2 - estimator_0 - 12_folds.train_0.predict)=61.54%
[ 2020-05-25 11:14:32,919][kfold_wrapper.log_eval_metrics] Accuracy(layer_2 - estimator_0 - 12_folds.train_1.predict)=75.00%
[ 2020-05-25 11:14:33,289][kfold_wrapper.log_eval_metrics] Accuracy(layer_2 - estimator_0 - 12_folds.train_2.predict)=66.67%
[ 2020-05-25 11:14:33,651][kfold_wrapper.log_eval_metrics] Accuracy(layer_2 - estimator_0 - 12_folds.train_3.predict)=75.00%
[ 2020-05-25 11:14:34,016][kfold_wrapper.log_eval_metrics] Accuracy(layer_2 - estimator_0 - 12_folds.train_4.predict)=58.33%
[ 2020-05-25 11:14:34,378][kfold_wrapper.log_eval_metrics] Accuracy(layer_2 - estimator_0 - 12_folds.train_5.predict)=75.00%
[ 2020-05-25 11:14:34,743][kfold_wrapper.log_eval_metrics] Accuracy(layer_2 - estimator_0 - 12_folds.train_6.predict)=50.00%
[ 2020-05-25 11:14:35,106][kfold_wrapper.log_eval_metrics] Accuracy(layer_2 - estimator_0 - 12_folds.train_7.predict)=58.33%
[ 2020-05-25 11:14:35,469][kfold_wrapper.log_eval_metrics] Accuracy(layer_2 - estimator_0 - 12_folds.train_8.predict)=75.00%
[ 2020-05-25 11:14:35,833][kfold_wrapper.log_eval_metrics] Accuracy(layer_2 - estimator_0 - 12_folds.train_9.predict)=66.67%
[ 2020-05-25 11:14:36,186][kfold_wrapper.log_eval_metrics] Accuracy(layer_2 - estimator_0 - 12_folds.train_10.predict)=75.00%
[ 2020-05-25 11:14:36,544][kfold_wrapper.log_eval_metrics] Accuracy(layer_2 - estimator_0 - 12_folds.train_11.predict)=58.33%
[ 2020-05-25 11:14:36,673][kfold_wrapper.log_eval_metrics] Accuracy(layer_2 - estimator_0 - 12_folds.train_cv.predict)=66.21%
[ 2020-05-25 11:14:36,673][kfold_wrapper.log_eval_metrics] Accuracy(layer_2 - estimator_0 - 12_folds.test.predict)=40.82%
[ 2020-05-25 11:14:36,955][kfold_wrapper.log_eval_metrics] Accuracy(layer_2 - estimator_1 - 12_folds.train_0.predict)=61.54%
[ 2020-05-25 11:14:37,325][kfold_wrapper.log_eval_metrics] Accuracy(layer_2 - estimator_1 - 12_folds.train_1.predict)=58.33%
[ 2020-05-25 11:14:37,688][kfold_wrapper.log_eval_metrics] Accuracy(layer_2 - estimator_1 - 12_folds.train_2.predict)=66.67%
[ 2020-05-25 11:14:38,050][kfold_wrapper.log_eval_metrics] Accuracy(layer_2 - estimator_1 - 12_folds.train_3.predict)=75.00%
[ 2020-05-25 11:14:38,413][kfold_wrapper.log_eval_metrics] Accuracy(layer_2 - estimator_1 - 12_folds.train_4.predict)=91.67%
[ 2020-05-25 11:14:38,777][kfold_wrapper.log_eval_metrics] Accuracy(layer_2 - estimator_1 - 12_folds.train_5.predict)=66.67%
[ 2020-05-25 11:14:39,138][kfold_wrapper.log_eval_metrics] Accuracy(layer_2 - estimator_1 - 12_folds.train_6.predict)=50.00%
[ 2020-05-25 11:14:39,501][kfold_wrapper.log_eval_metrics] Accuracy(layer_2 - estimator_1 - 12_folds.train_7.predict)=66.67%
[ 2020-05-25 11:14:39,863][kfold_wrapper.log_eval_metrics] Accuracy(layer_2 - estimator_1 - 12_folds.train_8.predict)=75.00%
[ 2020-05-25 11:14:40,226][kfold_wrapper.log_eval_metrics] Accuracy(layer_2 - estimator_1 - 12_folds.train_9.predict)=75.00%
[ 2020-05-25 11:14:40,590][kfold_wrapper.log_eval_metrics] Accuracy(layer_2 - estimator_1 - 12_folds.train_10.predict)=66.67%
[ 2020-05-25 11:14:40,952][kfold_wrapper.log_eval_metrics] Accuracy(layer_2 - estimator_1 - 12_folds.train_11.predict)=58.33%
[ 2020-05-25 11:14:41,068][kfold_wrapper.log_eval_metrics] Accuracy(layer_2 - estimator_1 - 12_folds.train_cv.predict)=67.59%
[ 2020-05-25 11:14:41,069][kfold_wrapper.log_eval_metrics] Accuracy(layer_2 - estimator_1 - 12_folds.test.predict)=36.73%
[ 2020-05-25 11:14:41,084][kfold_wrapper.log_eval_metrics] Accuracy(layer_2 - estimator_2 - 12_folds.train_0.predict)=69.23%
[ 2020-05-25 11:14:41,113][kfold_wrapper.log_eval_metrics] Accuracy(layer_2 - estimator_2 - 12_folds.train_1.predict)=66.67%
[ 2020-05-25 11:14:41,134][kfold_wrapper.log_eval_metrics] Accuracy(layer_2 - estimator_2 - 12_folds.train_2.predict)=66.67%
[ 2020-05-25 11:14:41,152][kfold_wrapper.log_eval_metrics] Accuracy(layer_2 - estimator_2 - 12_folds.train_3.predict)=75.00%
[ 2020-05-25 11:14:41,169][kfold_wrapper.log_eval_metrics] Accuracy(layer_2 - estimator_2 - 12_folds.train_4.predict)=75.00%
[ 2020-05-25 11:14:41,186][kfold_wrapper.log_eval_metrics] Accuracy(layer_2 - estimator_2 - 12_folds.train_5.predict)=75.00%
[ 2020-05-25 11:14:41,200][kfold_wrapper.log_eval_metrics] Accuracy(layer_2 - estimator_2 - 12_folds.train_6.predict)=75.00%
[ 2020-05-25 11:14:41,214][kfold_wrapper.log_eval_metrics] Accuracy(layer_2 - estimator_2 - 12_folds.train_7.predict)=75.00%
[ 2020-05-25 11:14:41,226][kfold_wrapper.log_eval_metrics] Accuracy(layer_2 - estimator_2 - 12_folds.train_8.predict)=75.00%
[ 2020-05-25 11:14:41,238][kfold_wrapper.log_eval_metrics] Accuracy(layer_2 - estimator_2 - 12_folds.train_9.predict)=75.00%
[ 2020-05-25 11:14:41,248][kfold_wrapper.log_eval_metrics] Accuracy(layer_2 - estimator_2 - 12_folds.train_10.predict)=75.00%
[ 2020-05-25 11:14:41,256][kfold_wrapper.log_eval_metrics] Accuracy(layer_2 - estimator_2 - 12_folds.train_11.predict)=75.00%
[ 2020-05-25 11:14:41,258][kfold_wrapper.log_eval_metrics] Accuracy(layer_2 - estimator_2 - 12_folds.train_cv.predict)=73.10%
[ 2020-05-25 11:14:41,260][kfold_wrapper.log_eval_metrics] Accuracy(layer_2 - estimator_2 - 12_folds.test.predict)=73.47%
[ 2020-05-25 11:14:41,262][cascade_classifier.calc_accuracy] Accuracy(layer_2 - train.classifier_average)=72.41%
[ 2020-05-25 11:14:41,265][cascade_classifier.calc_accuracy] Accuracy(layer_2 - test.classifier_average)=42.86%
[ 2020-05-25 11:14:41,267][cascade_classifier.fit_transform] [layer=3] look_indexs=[0], X_cur_train.shape=(145, 11), X_cur_test.shape=(98, 11)
[ 2020-05-25 11:14:41,500][kfold_wrapper.log_eval_metrics] Accuracy(layer_3 - estimator_0 - 12_folds.train_0.predict)=61.54%
[ 2020-05-25 11:14:41,861][kfold_wrapper.log_eval_metrics] Accuracy(layer_3 - estimator_0 - 12_folds.train_1.predict)=58.33%
[ 2020-05-25 11:14:42,225][kfold_wrapper.log_eval_metrics] Accuracy(layer_3 - estimator_0 - 12_folds.train_2.predict)=66.67%
[ 2020-05-25 11:14:42,588][kfold_wrapper.log_eval_metrics] Accuracy(layer_3 - estimator_0 - 12_folds.train_3.predict)=66.67%
[ 2020-05-25 11:14:42,951][kfold_wrapper.log_eval_metrics] Accuracy(layer_3 - estimator_0 - 12_folds.train_4.predict)=75.00%
[ 2020-05-25 11:14:43,313][kfold_wrapper.log_eval_metrics] Accuracy(layer_3 - estimator_0 - 12_folds.train_5.predict)=100.00%
[ 2020-05-25 11:14:43,676][kfold_wrapper.log_eval_metrics] Accuracy(layer_3 - estimator_0 - 12_folds.train_6.predict)=83.33%
[ 2020-05-25 11:14:44,039][kfold_wrapper.log_eval_metrics] Accuracy(layer_3 - estimator_0 - 12_folds.train_7.predict)=75.00%
[ 2020-05-25 11:14:44,403][kfold_wrapper.log_eval_metrics] Accuracy(layer_3 - estimator_0 - 12_folds.train_8.predict)=50.00%
[ 2020-05-25 11:14:44,765][kfold_wrapper.log_eval_metrics] Accuracy(layer_3 - estimator_0 - 12_folds.train_9.predict)=83.33%
[ 2020-05-25 11:14:45,127][kfold_wrapper.log_eval_metrics] Accuracy(layer_3 - estimator_0 - 12_folds.train_10.predict)=75.00%
[ 2020-05-25 11:14:45,490][kfold_wrapper.log_eval_metrics] Accuracy(layer_3 - estimator_0 - 12_folds.train_11.predict)=66.67%
[ 2020-05-25 11:14:45,605][kfold_wrapper.log_eval_metrics] Accuracy(layer_3 - estimator_0 - 12_folds.train_cv.predict)=71.72%
[ 2020-05-25 11:14:45,608][kfold_wrapper.log_eval_metrics] Accuracy(layer_3 - estimator_0 - 12_folds.test.predict)=41.84%
[ 2020-05-25 11:14:45,865][kfold_wrapper.log_eval_metrics] Accuracy(layer_3 - estimator_1 - 12_folds.train_0.predict)=69.23%
[ 2020-05-25 11:14:46,226][kfold_wrapper.log_eval_metrics] Accuracy(layer_3 - estimator_1 - 12_folds.train_1.predict)=83.33%
[ 2020-05-25 11:14:46,587][kfold_wrapper.log_eval_metrics] Accuracy(layer_3 - estimator_1 - 12_folds.train_2.predict)=58.33%
[ 2020-05-25 11:14:46,934][kfold_wrapper.log_eval_metrics] Accuracy(layer_3 - estimator_1 - 12_folds.train_3.predict)=75.00%
[ 2020-05-25 11:14:47,297][kfold_wrapper.log_eval_metrics] Accuracy(layer_3 - estimator_1 - 12_folds.train_4.predict)=83.33%
[ 2020-05-25 11:14:47,659][kfold_wrapper.log_eval_metrics] Accuracy(layer_3 - estimator_1 - 12_folds.train_5.predict)=100.00%
[ 2020-05-25 11:14:48,022][kfold_wrapper.log_eval_metrics] Accuracy(layer_3 - estimator_1 - 12_folds.train_6.predict)=50.00%
[ 2020-05-25 11:14:48,384][kfold_wrapper.log_eval_metrics] Accuracy(layer_3 - estimator_1 - 12_folds.train_7.predict)=75.00%
[ 2020-05-25 11:14:48,745][kfold_wrapper.log_eval_metrics] Accuracy(layer_3 - estimator_1 - 12_folds.train_8.predict)=75.00%
[ 2020-05-25 11:14:49,110][kfold_wrapper.log_eval_metrics] Accuracy(layer_3 - estimator_1 - 12_folds.train_9.predict)=75.00%
[ 2020-05-25 11:14:49,471][kfold_wrapper.log_eval_metrics] Accuracy(layer_3 - estimator_1 - 12_folds.train_10.predict)=66.67%
[ 2020-05-25 11:14:49,835][kfold_wrapper.log_eval_metrics] Accuracy(layer_3 - estimator_1 - 12_folds.train_11.predict)=75.00%
[ 2020-05-25 11:14:49,950][kfold_wrapper.log_eval_metrics] Accuracy(layer_3 - estimator_1 - 12_folds.train_cv.predict)=73.79%
[ 2020-05-25 11:14:49,953][kfold_wrapper.log_eval_metrics] Accuracy(layer_3 - estimator_1 - 12_folds.test.predict)=55.10%
[ 2020-05-25 11:14:49,978][kfold_wrapper.log_eval_metrics] Accuracy(layer_3 - estimator_2 - 12_folds.train_0.predict)=69.23%
[ 2020-05-25 11:14:50,002][kfold_wrapper.log_eval_metrics] Accuracy(layer_3 - estimator_2 - 12_folds.train_1.predict)=66.67%
[ 2020-05-25 11:14:50,024][kfold_wrapper.log_eval_metrics] Accuracy(layer_3 - estimator_2 - 12_folds.train_2.predict)=66.67%
[ 2020-05-25 11:14:50,047][kfold_wrapper.log_eval_metrics] Accuracy(layer_3 - estimator_2 - 12_folds.train_3.predict)=75.00%
[ 2020-05-25 11:14:50,059][kfold_wrapper.log_eval_metrics] Accuracy(layer_3 - estimator_2 - 12_folds.train_4.predict)=66.67%
[ 2020-05-25 11:14:50,067][kfold_wrapper.log_eval_metrics] Accuracy(layer_3 - estimator_2 - 12_folds.train_5.predict)=75.00%
[ 2020-05-25 11:14:50,078][kfold_wrapper.log_eval_metrics] Accuracy(layer_3 - estimator_2 - 12_folds.train_6.predict)=75.00%
[ 2020-05-25 11:14:50,103][kfold_wrapper.log_eval_metrics] Accuracy(layer_3 - estimator_2 - 12_folds.train_7.predict)=75.00%
[ 2020-05-25 11:14:50,121][kfold_wrapper.log_eval_metrics] Accuracy(layer_3 - estimator_2 - 12_folds.train_8.predict)=75.00%
[ 2020-05-25 11:14:50,131][kfold_wrapper.log_eval_metrics] Accuracy(layer_3 - estimator_2 - 12_folds.train_9.predict)=75.00%
[ 2020-05-25 11:14:50,147][kfold_wrapper.log_eval_metrics] Accuracy(layer_3 - estimator_2 - 12_folds.train_10.predict)=75.00%
[ 2020-05-25 11:14:50,162][kfold_wrapper.log_eval_metrics] Accuracy(layer_3 - estimator_2 - 12_folds.train_11.predict)=75.00%
[ 2020-05-25 11:14:50,165][kfold_wrapper.log_eval_metrics] Accuracy(layer_3 - estimator_2 - 12_folds.train_cv.predict)=72.41%
[ 2020-05-25 11:14:50,169][kfold_wrapper.log_eval_metrics] Accuracy(layer_3 - estimator_2 - 12_folds.test.predict)=73.47%
[ 2020-05-25 11:14:50,172][cascade_classifier.calc_accuracy] Accuracy(layer_3 - train.classifier_average)=73.10%
[ 2020-05-25 11:14:50,175][cascade_classifier.calc_accuracy] Accuracy(layer_3 - test.classifier_average)=58.16%
[ 2020-05-25 11:14:50,179][cascade_classifier.fit_transform] [layer=4] look_indexs=[0], X_cur_train.shape=(145, 11), X_cur_test.shape=(98, 11)
[ 2020-05-25 11:14:50,432][kfold_wrapper.log_eval_metrics] Accuracy(layer_4 - estimator_0 - 12_folds.train_0.predict)=92.31%
[ 2020-05-25 11:14:50,795][kfold_wrapper.log_eval_metrics] Accuracy(layer_4 - estimator_0 - 12_folds.train_1.predict)=41.67%
[ 2020-05-25 11:14:51,159][kfold_wrapper.log_eval_metrics] Accuracy(layer_4 - estimator_0 - 12_folds.train_2.predict)=91.67%
[ 2020-05-25 11:14:51,522][kfold_wrapper.log_eval_metrics] Accuracy(layer_4 - estimator_0 - 12_folds.train_3.predict)=58.33%
[ 2020-05-25 11:14:51,883][kfold_wrapper.log_eval_metrics] Accuracy(layer_4 - estimator_0 - 12_folds.train_4.predict)=91.67%
[ 2020-05-25 11:14:52,230][kfold_wrapper.log_eval_metrics] Accuracy(layer_4 - estimator_0 - 12_folds.train_5.predict)=91.67%
[ 2020-05-25 11:14:52,582][kfold_wrapper.log_eval_metrics] Accuracy(layer_4 - estimator_0 - 12_folds.train_6.predict)=75.00%
[ 2020-05-25 11:14:52,945][kfold_wrapper.log_eval_metrics] Accuracy(layer_4 - estimator_0 - 12_folds.train_7.predict)=58.33%
[ 2020-05-25 11:14:53,308][kfold_wrapper.log_eval_metrics] Accuracy(layer_4 - estimator_0 - 12_folds.train_8.predict)=91.67%
[ 2020-05-25 11:14:53,671][kfold_wrapper.log_eval_metrics] Accuracy(layer_4 - estimator_0 - 12_folds.train_9.predict)=83.33%
[ 2020-05-25 11:14:54,035][kfold_wrapper.log_eval_metrics] Accuracy(layer_4 - estimator_0 - 12_folds.train_10.predict)=83.33%
[ 2020-05-25 11:14:54,398][kfold_wrapper.log_eval_metrics] Accuracy(layer_4 - estimator_0 - 12_folds.train_11.predict)=66.67%
[ 2020-05-25 11:14:54,514][kfold_wrapper.log_eval_metrics] Accuracy(layer_4 - estimator_0 - 12_folds.train_cv.predict)=77.24%
[ 2020-05-25 11:14:54,517][kfold_wrapper.log_eval_metrics] Accuracy(layer_4 - estimator_0 - 12_folds.test.predict)=45.92%
[ 2020-05-25 11:14:54,774][kfold_wrapper.log_eval_metrics] Accuracy(layer_4 - estimator_1 - 12_folds.train_0.predict)=69.23%
[ 2020-05-25 11:14:55,135][kfold_wrapper.log_eval_metrics] Accuracy(layer_4 - estimator_1 - 12_folds.train_1.predict)=50.00%
[ 2020-05-25 11:14:55,497][kfold_wrapper.log_eval_metrics] Accuracy(layer_4 - estimator_1 - 12_folds.train_2.predict)=83.33%
[ 2020-05-25 11:14:55,860][kfold_wrapper.log_eval_metrics] Accuracy(layer_4 - estimator_1 - 12_folds.train_3.predict)=66.67%
[ 2020-05-25 11:14:56,221][kfold_wrapper.log_eval_metrics] Accuracy(layer_4 - estimator_1 - 12_folds.train_4.predict)=83.33%
[ 2020-05-25 11:14:56,584][kfold_wrapper.log_eval_metrics] Accuracy(layer_4 - estimator_1 - 12_folds.train_5.predict)=91.67%
[ 2020-05-25 11:14:56,945][kfold_wrapper.log_eval_metrics] Accuracy(layer_4 - estimator_1 - 12_folds.train_6.predict)=75.00%
[ 2020-05-25 11:14:57,294][kfold_wrapper.log_eval_metrics] Accuracy(layer_4 - estimator_1 - 12_folds.train_7.predict)=91.67%
[ 2020-05-25 11:14:57,649][kfold_wrapper.log_eval_metrics] Accuracy(layer_4 - estimator_1 - 12_folds.train_8.predict)=75.00%
[ 2020-05-25 11:14:58,014][kfold_wrapper.log_eval_metrics] Accuracy(layer_4 - estimator_1 - 12_folds.train_9.predict)=75.00%
[ 2020-05-25 11:14:58,377][kfold_wrapper.log_eval_metrics] Accuracy(layer_4 - estimator_1 - 12_folds.train_10.predict)=66.67%
[ 2020-05-25 11:14:58,740][kfold_wrapper.log_eval_metrics] Accuracy(layer_4 - estimator_1 - 12_folds.train_11.predict)=75.00%
[ 2020-05-25 11:14:58,855][kfold_wrapper.log_eval_metrics] Accuracy(layer_4 - estimator_1 - 12_folds.train_cv.predict)=75.17%
[ 2020-05-25 11:14:58,858][kfold_wrapper.log_eval_metrics] Accuracy(layer_4 - estimator_1 - 12_folds.test.predict)=43.88%
[ 2020-05-25 11:14:58,881][kfold_wrapper.log_eval_metrics] Accuracy(layer_4 - estimator_2 - 12_folds.train_0.predict)=69.23%
[ 2020-05-25 11:14:58,898][kfold_wrapper.log_eval_metrics] Accuracy(layer_4 - estimator_2 - 12_folds.train_1.predict)=75.00%
[ 2020-05-25 11:14:58,918][kfold_wrapper.log_eval_metrics] Accuracy(layer_4 - estimator_2 - 12_folds.train_2.predict)=58.33%
[ 2020-05-25 11:14:58,939][kfold_wrapper.log_eval_metrics] Accuracy(layer_4 - estimator_2 - 12_folds.train_3.predict)=75.00%
[ 2020-05-25 11:14:58,957][kfold_wrapper.log_eval_metrics] Accuracy(layer_4 - estimator_2 - 12_folds.train_4.predict)=75.00%
[ 2020-05-25 11:14:58,973][kfold_wrapper.log_eval_metrics] Accuracy(layer_4 - estimator_2 - 12_folds.train_5.predict)=75.00%
[ 2020-05-25 11:14:58,986][kfold_wrapper.log_eval_metrics] Accuracy(layer_4 - estimator_2 - 12_folds.train_6.predict)=66.67%
[ 2020-05-25 11:14:58,999][kfold_wrapper.log_eval_metrics] Accuracy(layer_4 - estimator_2 - 12_folds.train_7.predict)=83.33%
[ 2020-05-25 11:14:59,019][kfold_wrapper.log_eval_metrics] Accuracy(layer_4 - estimator_2 - 12_folds.train_8.predict)=75.00%
[ 2020-05-25 11:14:59,035][kfold_wrapper.log_eval_metrics] Accuracy(layer_4 - estimator_2 - 12_folds.train_9.predict)=91.67%
[ 2020-05-25 11:14:59,051][kfold_wrapper.log_eval_metrics] Accuracy(layer_4 - estimator_2 - 12_folds.train_10.predict)=66.67%
[ 2020-05-25 11:14:59,067][kfold_wrapper.log_eval_metrics] Accuracy(layer_4 - estimator_2 - 12_folds.train_11.predict)=58.33%
[ 2020-05-25 11:14:59,072][kfold_wrapper.log_eval_metrics] Accuracy(layer_4 - estimator_2 - 12_folds.train_cv.predict)=72.41%
[ 2020-05-25 11:14:59,077][kfold_wrapper.log_eval_metrics] Accuracy(layer_4 - estimator_2 - 12_folds.test.predict)=62.24%
[ 2020-05-25 11:14:59,082][cascade_classifier.calc_accuracy] Accuracy(layer_4 - train.classifier_average)=75.17%
[ 2020-05-25 11:14:59,087][cascade_classifier.calc_accuracy] Accuracy(layer_4 - test.classifier_average)=46.94%
[ 2020-05-25 11:14:59,088][cascade_classifier.fit_transform] [layer=5] look_indexs=[0], X_cur_train.shape=(145, 11), X_cur_test.shape=(98, 11)
[ 2020-05-25 11:14:59,344][kfold_wrapper.log_eval_metrics] Accuracy(layer_5 - estimator_0 - 12_folds.train_0.predict)=76.92%
[ 2020-05-25 11:14:59,708][kfold_wrapper.log_eval_metrics] Accuracy(layer_5 - estimator_0 - 12_folds.train_1.predict)=83.33%
[ 2020-05-25 11:15:00,071][kfold_wrapper.log_eval_metrics] Accuracy(layer_5 - estimator_0 - 12_folds.train_2.predict)=83.33%
[ 2020-05-25 11:15:00,436][kfold_wrapper.log_eval_metrics] Accuracy(layer_5 - estimator_0 - 12_folds.train_3.predict)=66.67%
[ 2020-05-25 11:15:00,799][kfold_wrapper.log_eval_metrics] Accuracy(layer_5 - estimator_0 - 12_folds.train_4.predict)=75.00%
[ 2020-05-25 11:15:01,162][kfold_wrapper.log_eval_metrics] Accuracy(layer_5 - estimator_0 - 12_folds.train_5.predict)=58.33%
[ 2020-05-25 11:15:01,525][kfold_wrapper.log_eval_metrics] Accuracy(layer_5 - estimator_0 - 12_folds.train_6.predict)=75.00%
[ 2020-05-25 11:15:01,887][kfold_wrapper.log_eval_metrics] Accuracy(layer_5 - estimator_0 - 12_folds.train_7.predict)=83.33%
[ 2020-05-25 11:15:02,248][kfold_wrapper.log_eval_metrics] Accuracy(layer_5 - estimator_0 - 12_folds.train_8.predict)=75.00%
[ 2020-05-25 11:15:02,596][kfold_wrapper.log_eval_metrics] Accuracy(layer_5 - estimator_0 - 12_folds.train_9.predict)=66.67%
[ 2020-05-25 11:15:02,953][kfold_wrapper.log_eval_metrics] Accuracy(layer_5 - estimator_0 - 12_folds.train_10.predict)=75.00%
[ 2020-05-25 11:15:03,315][kfold_wrapper.log_eval_metrics] Accuracy(layer_5 - estimator_0 - 12_folds.train_11.predict)=83.33%
[ 2020-05-25 11:15:03,432][kfold_wrapper.log_eval_metrics] Accuracy(layer_5 - estimator_0 - 12_folds.train_cv.predict)=75.17%
[ 2020-05-25 11:15:03,436][kfold_wrapper.log_eval_metrics] Accuracy(layer_5 - estimator_0 - 12_folds.test.predict)=52.04%
[ 2020-05-25 11:15:03,692][kfold_wrapper.log_eval_metrics] Accuracy(layer_5 - estimator_1 - 12_folds.train_0.predict)=84.62%
[ 2020-05-25 11:15:04,053][kfold_wrapper.log_eval_metrics] Accuracy(layer_5 - estimator_1 - 12_folds.train_1.predict)=58.33%
[ 2020-05-25 11:15:04,416][kfold_wrapper.log_eval_metrics] Accuracy(layer_5 - estimator_1 - 12_folds.train_2.predict)=66.67%
[ 2020-05-25 11:15:04,779][kfold_wrapper.log_eval_metrics] Accuracy(layer_5 - estimator_1 - 12_folds.train_3.predict)=75.00%
[ 2020-05-25 11:15:05,142][kfold_wrapper.log_eval_metrics] Accuracy(layer_5 - estimator_1 - 12_folds.train_4.predict)=58.33%
[ 2020-05-25 11:15:05,506][kfold_wrapper.log_eval_metrics] Accuracy(layer_5 - estimator_1 - 12_folds.train_5.predict)=75.00%
[ 2020-05-25 11:15:05,868][kfold_wrapper.log_eval_metrics] Accuracy(layer_5 - estimator_1 - 12_folds.train_6.predict)=75.00%
[ 2020-05-25 11:15:06,232][kfold_wrapper.log_eval_metrics] Accuracy(layer_5 - estimator_1 - 12_folds.train_7.predict)=66.67%
[ 2020-05-25 11:15:06,595][kfold_wrapper.log_eval_metrics] Accuracy(layer_5 - estimator_1 - 12_folds.train_8.predict)=58.33%
[ 2020-05-25 11:15:06,958][kfold_wrapper.log_eval_metrics] Accuracy(layer_5 - estimator_1 - 12_folds.train_9.predict)=91.67%
[ 2020-05-25 11:15:07,320][kfold_wrapper.log_eval_metrics] Accuracy(layer_5 - estimator_1 - 12_folds.train_10.predict)=50.00%
[ 2020-05-25 11:15:07,667][kfold_wrapper.log_eval_metrics] Accuracy(layer_5 - estimator_1 - 12_folds.train_11.predict)=100.00%
[ 2020-05-25 11:15:07,782][kfold_wrapper.log_eval_metrics] Accuracy(layer_5 - estimator_1 - 12_folds.train_cv.predict)=71.72%
[ 2020-05-25 11:15:07,785][kfold_wrapper.log_eval_metrics] Accuracy(layer_5 - estimator_1 - 12_folds.test.predict)=45.92%
[ 2020-05-25 11:15:07,804][kfold_wrapper.log_eval_metrics] Accuracy(layer_5 - estimator_2 - 12_folds.train_0.predict)=69.23%
[ 2020-05-25 11:15:07,816][kfold_wrapper.log_eval_metrics] Accuracy(layer_5 - estimator_2 - 12_folds.train_1.predict)=66.67%
[ 2020-05-25 11:15:07,831][kfold_wrapper.log_eval_metrics] Accuracy(layer_5 - estimator_2 - 12_folds.train_2.predict)=75.00%
[ 2020-05-25 11:15:07,843][kfold_wrapper.log_eval_metrics] Accuracy(layer_5 - estimator_2 - 12_folds.train_3.predict)=75.00%
[ 2020-05-25 11:15:07,857][kfold_wrapper.log_eval_metrics] Accuracy(layer_5 - estimator_2 - 12_folds.train_4.predict)=58.33%
[ 2020-05-25 11:15:07,868][kfold_wrapper.log_eval_metrics] Accuracy(layer_5 - estimator_2 - 12_folds.train_5.predict)=75.00%
[ 2020-05-25 11:15:07,881][kfold_wrapper.log_eval_metrics] Accuracy(layer_5 - estimator_2 - 12_folds.train_6.predict)=83.33%
[ 2020-05-25 11:15:07,893][kfold_wrapper.log_eval_metrics] Accuracy(layer_5 - estimator_2 - 12_folds.train_7.predict)=50.00%
[ 2020-05-25 11:15:07,905][kfold_wrapper.log_eval_metrics] Accuracy(layer_5 - estimator_2 - 12_folds.train_8.predict)=83.33%
[ 2020-05-25 11:15:07,916][kfold_wrapper.log_eval_metrics] Accuracy(layer_5 - estimator_2 - 12_folds.train_9.predict)=83.33%
[ 2020-05-25 11:15:07,926][kfold_wrapper.log_eval_metrics] Accuracy(layer_5 - estimator_2 - 12_folds.train_10.predict)=75.00%
[ 2020-05-25 11:15:07,942][kfold_wrapper.log_eval_metrics] Accuracy(layer_5 - estimator_2 - 12_folds.train_11.predict)=83.33%
[ 2020-05-25 11:15:07,957][kfold_wrapper.log_eval_metrics] Accuracy(layer_5 - estimator_2 - 12_folds.train_cv.predict)=73.10%
[ 2020-05-25 11:15:07,957][kfold_wrapper.log_eval_metrics] Accuracy(layer_5 - estimator_2 - 12_folds.test.predict)=54.08%
[ 2020-05-25 11:15:07,957][cascade_classifier.calc_accuracy] Accuracy(layer_5 - train.classifier_average)=75.86%
[ 2020-05-25 11:15:07,957][cascade_classifier.calc_accuracy] Accuracy(layer_5 - test.classifier_average)=52.04%
[ 2020-05-25 11:15:07,973][cascade_classifier.fit_transform] [layer=6] look_indexs=[0], X_cur_train.shape=(145, 11), X_cur_test.shape=(98, 11)
[ 2020-05-25 11:15:08,216][kfold_wrapper.log_eval_metrics] Accuracy(layer_6 - estimator_0 - 12_folds.train_0.predict)=84.62%
[ 2020-05-25 11:15:08,571][kfold_wrapper.log_eval_metrics] Accuracy(layer_6 - estimator_0 - 12_folds.train_1.predict)=66.67%
[ 2020-05-25 11:15:08,935][kfold_wrapper.log_eval_metrics] Accuracy(layer_6 - estimator_0 - 12_folds.train_2.predict)=50.00%
[ 2020-05-25 11:15:09,302][kfold_wrapper.log_eval_metrics] Accuracy(layer_6 - estimator_0 - 12_folds.train_3.predict)=75.00%
[ 2020-05-25 11:15:09,663][kfold_wrapper.log_eval_metrics] Accuracy(layer_6 - estimator_0 - 12_folds.train_4.predict)=75.00%
[ 2020-05-25 11:15:10,019][kfold_wrapper.log_eval_metrics] Accuracy(layer_6 - estimator_0 - 12_folds.train_5.predict)=66.67%
[ 2020-05-25 11:15:10,382][kfold_wrapper.log_eval_metrics] Accuracy(layer_6 - estimator_0 - 12_folds.train_6.predict)=58.33%
[ 2020-05-25 11:15:10,746][kfold_wrapper.log_eval_metrics] Accuracy(layer_6 - estimator_0 - 12_folds.train_7.predict)=83.33%
[ 2020-05-25 11:15:11,109][kfold_wrapper.log_eval_metrics] Accuracy(layer_6 - estimator_0 - 12_folds.train_8.predict)=75.00%
[ 2020-05-25 11:15:11,473][kfold_wrapper.log_eval_metrics] Accuracy(layer_6 - estimator_0 - 12_folds.train_9.predict)=75.00%
[ 2020-05-25 11:15:11,838][kfold_wrapper.log_eval_metrics] Accuracy(layer_6 - estimator_0 - 12_folds.train_10.predict)=58.33%
[ 2020-05-25 11:15:12,204][kfold_wrapper.log_eval_metrics] Accuracy(layer_6 - estimator_0 - 12_folds.train_11.predict)=75.00%
[ 2020-05-25 11:15:12,320][kfold_wrapper.log_eval_metrics] Accuracy(layer_6 - estimator_0 - 12_folds.train_cv.predict)=70.34%
[ 2020-05-25 11:15:12,323][kfold_wrapper.log_eval_metrics] Accuracy(layer_6 - estimator_0 - 12_folds.test.predict)=44.90%
[ 2020-05-25 11:15:12,575][kfold_wrapper.log_eval_metrics] Accuracy(layer_6 - estimator_1 - 12_folds.train_0.predict)=76.92%
[ 2020-05-25 11:15:12,936][kfold_wrapper.log_eval_metrics] Accuracy(layer_6 - estimator_1 - 12_folds.train_1.predict)=41.67%
[ 2020-05-25 11:15:13,290][kfold_wrapper.log_eval_metrics] Accuracy(layer_6 - estimator_1 - 12_folds.train_2.predict)=83.33%
[ 2020-05-25 11:15:13,652][kfold_wrapper.log_eval_metrics] Accuracy(layer_6 - estimator_1 - 12_folds.train_3.predict)=75.00%
[ 2020-05-25 11:15:14,022][kfold_wrapper.log_eval_metrics] Accuracy(layer_6 - estimator_1 - 12_folds.train_4.predict)=83.33%
[ 2020-05-25 11:15:14,385][kfold_wrapper.log_eval_metrics] Accuracy(layer_6 - estimator_1 - 12_folds.train_5.predict)=58.33%
[ 2020-05-25 11:15:14,745][kfold_wrapper.log_eval_metrics] Accuracy(layer_6 - estimator_1 - 12_folds.train_6.predict)=75.00%
[ 2020-05-25 11:15:15,105][kfold_wrapper.log_eval_metrics] Accuracy(layer_6 - estimator_1 - 12_folds.train_7.predict)=50.00%
[ 2020-05-25 11:15:15,467][kfold_wrapper.log_eval_metrics] Accuracy(layer_6 - estimator_1 - 12_folds.train_8.predict)=75.00%
[ 2020-05-25 11:15:15,831][kfold_wrapper.log_eval_metrics] Accuracy(layer_6 - estimator_1 - 12_folds.train_9.predict)=50.00%
[ 2020-05-25 11:15:16,204][kfold_wrapper.log_eval_metrics] Accuracy(layer_6 - estimator_1 - 12_folds.train_10.predict)=58.33%
[ 2020-05-25 11:15:16,590][kfold_wrapper.log_eval_metrics] Accuracy(layer_6 - estimator_1 - 12_folds.train_11.predict)=66.67%
[ 2020-05-25 11:15:16,707][kfold_wrapper.log_eval_metrics] Accuracy(layer_6 - estimator_1 - 12_folds.train_cv.predict)=66.21%
[ 2020-05-25 11:15:16,710][kfold_wrapper.log_eval_metrics] Accuracy(layer_6 - estimator_1 - 12_folds.test.predict)=55.10%
[ 2020-05-25 11:15:16,732][kfold_wrapper.log_eval_metrics] Accuracy(layer_6 - estimator_2 - 12_folds.train_0.predict)=69.23%
[ 2020-05-25 11:15:16,744][kfold_wrapper.log_eval_metrics] Accuracy(layer_6 - estimator_2 - 12_folds.train_1.predict)=66.67%
[ 2020-05-25 11:15:16,753][kfold_wrapper.log_eval_metrics] Accuracy(layer_6 - estimator_2 - 12_folds.train_2.predict)=75.00%
[ 2020-05-25 11:15:16,763][kfold_wrapper.log_eval_metrics] Accuracy(layer_6 - estimator_2 - 12_folds.train_3.predict)=66.67%
[ 2020-05-25 11:15:16,771][kfold_wrapper.log_eval_metrics] Accuracy(layer_6 - estimator_2 - 12_folds.train_4.predict)=75.00%
[ 2020-05-25 11:15:16,779][kfold_wrapper.log_eval_metrics] Accuracy(layer_6 - estimator_2 - 12_folds.train_5.predict)=83.33%
[ 2020-05-25 11:15:16,789][kfold_wrapper.log_eval_metrics] Accuracy(layer_6 - estimator_2 - 12_folds.train_6.predict)=83.33%
[ 2020-05-25 11:15:16,797][kfold_wrapper.log_eval_metrics] Accuracy(layer_6 - estimator_2 - 12_folds.train_7.predict)=66.67%
[ 2020-05-25 11:15:16,804][kfold_wrapper.log_eval_metrics] Accuracy(layer_6 - estimator_2 - 12_folds.train_8.predict)=66.67%
[ 2020-05-25 11:15:16,812][kfold_wrapper.log_eval_metrics] Accuracy(layer_6 - estimator_2 - 12_folds.train_9.predict)=83.33%
[ 2020-05-25 11:15:16,832][kfold_wrapper.log_eval_metrics] Accuracy(layer_6 - estimator_2 - 12_folds.train_10.predict)=66.67%
[ 2020-05-25 11:15:16,848][kfold_wrapper.log_eval_metrics] Accuracy(layer_6 - estimator_2 - 12_folds.train_11.predict)=58.33%
[ 2020-05-25 11:15:16,851][kfold_wrapper.log_eval_metrics] Accuracy(layer_6 - estimator_2 - 12_folds.train_cv.predict)=71.72%
[ 2020-05-25 11:15:16,854][kfold_wrapper.log_eval_metrics] Accuracy(layer_6 - estimator_2 - 12_folds.test.predict)=58.16%
[ 2020-05-25 11:15:16,857][cascade_classifier.calc_accuracy] Accuracy(layer_6 - train.classifier_average)=72.41%
[ 2020-05-25 11:15:16,859][cascade_classifier.calc_accuracy] Accuracy(layer_6 - test.classifier_average)=54.08%
[ 2020-05-25 11:15:16,859][cascade_classifier.fit_transform] [layer=7] look_indexs=[0], X_cur_train.shape=(145, 11), X_cur_test.shape=(98, 11)
[ 2020-05-25 11:15:17,094][kfold_wrapper.log_eval_metrics] Accuracy(layer_7 - estimator_0 - 12_folds.train_0.predict)=69.23%
[ 2020-05-25 11:15:17,467][kfold_wrapper.log_eval_metrics] Accuracy(layer_7 - estimator_0 - 12_folds.train_1.predict)=75.00%
[ 2020-05-25 11:15:17,858][kfold_wrapper.log_eval_metrics] Accuracy(layer_7 - estimator_0 - 12_folds.train_2.predict)=75.00%
[ 2020-05-25 11:15:18,220][kfold_wrapper.log_eval_metrics] Accuracy(layer_7 - estimator_0 - 12_folds.train_3.predict)=75.00%
[ 2020-05-25 11:15:18,578][kfold_wrapper.log_eval_metrics] Accuracy(layer_7 - estimator_0 - 12_folds.train_4.predict)=83.33%
[ 2020-05-25 11:15:18,930][kfold_wrapper.log_eval_metrics] Accuracy(layer_7 - estimator_0 - 12_folds.train_5.predict)=66.67%
[ 2020-05-25 11:15:19,290][kfold_wrapper.log_eval_metrics] Accuracy(layer_7 - estimator_0 - 12_folds.train_6.predict)=66.67%
[ 2020-05-25 11:15:19,652][kfold_wrapper.log_eval_metrics] Accuracy(layer_7 - estimator_0 - 12_folds.train_7.predict)=75.00%
[ 2020-05-25 11:15:20,015][kfold_wrapper.log_eval_metrics] Accuracy(layer_7 - estimator_0 - 12_folds.train_8.predict)=66.67%
[ 2020-05-25 11:15:20,373][kfold_wrapper.log_eval_metrics] Accuracy(layer_7 - estimator_0 - 12_folds.train_9.predict)=75.00%
[ 2020-05-25 11:15:20,735][kfold_wrapper.log_eval_metrics] Accuracy(layer_7 - estimator_0 - 12_folds.train_10.predict)=75.00%
[ 2020-05-25 11:15:21,093][kfold_wrapper.log_eval_metrics] Accuracy(layer_7 - estimator_0 - 12_folds.train_11.predict)=50.00%
[ 2020-05-25 11:15:21,209][kfold_wrapper.log_eval_metrics] Accuracy(layer_7 - estimator_0 - 12_folds.train_cv.predict)=71.03%
[ 2020-05-25 11:15:21,213][kfold_wrapper.log_eval_metrics] Accuracy(layer_7 - estimator_0 - 12_folds.test.predict)=38.78%
[ 2020-05-25 11:15:21,468][kfold_wrapper.log_eval_metrics] Accuracy(layer_7 - estimator_1 - 12_folds.train_0.predict)=76.92%
[ 2020-05-25 11:15:21,815][kfold_wrapper.log_eval_metrics] Accuracy(layer_7 - estimator_1 - 12_folds.train_1.predict)=75.00%
[ 2020-05-25 11:15:22,175][kfold_wrapper.log_eval_metrics] Accuracy(layer_7 - estimator_1 - 12_folds.train_2.predict)=66.67%
[ 2020-05-25 11:15:22,538][kfold_wrapper.log_eval_metrics] Accuracy(layer_7 - estimator_1 - 12_folds.train_3.predict)=66.67%
[ 2020-05-25 11:15:22,898][kfold_wrapper.log_eval_metrics] Accuracy(layer_7 - estimator_1 - 12_folds.train_4.predict)=75.00%
[ 2020-05-25 11:15:23,260][kfold_wrapper.log_eval_metrics] Accuracy(layer_7 - estimator_1 - 12_folds.train_5.predict)=75.00%
[ 2020-05-25 11:15:23,620][kfold_wrapper.log_eval_metrics] Accuracy(layer_7 - estimator_1 - 12_folds.train_6.predict)=66.67%
[ 2020-05-25 11:15:23,964][kfold_wrapper.log_eval_metrics] Accuracy(layer_7 - estimator_1 - 12_folds.train_7.predict)=58.33%
[ 2020-05-25 11:15:24,326][kfold_wrapper.log_eval_metrics] Accuracy(layer_7 - estimator_1 - 12_folds.train_8.predict)=58.33%
[ 2020-05-25 11:15:24,681][kfold_wrapper.log_eval_metrics] Accuracy(layer_7 - estimator_1 - 12_folds.train_9.predict)=66.67%
[ 2020-05-25 11:15:25,055][kfold_wrapper.log_eval_metrics] Accuracy(layer_7 - estimator_1 - 12_folds.train_10.predict)=75.00%
[ 2020-05-25 11:15:25,417][kfold_wrapper.log_eval_metrics] Accuracy(layer_7 - estimator_1 - 12_folds.train_11.predict)=91.67%
[ 2020-05-25 11:15:25,534][kfold_wrapper.log_eval_metrics] Accuracy(layer_7 - estimator_1 - 12_folds.train_cv.predict)=71.03%
[ 2020-05-25 11:15:25,537][kfold_wrapper.log_eval_metrics] Accuracy(layer_7 - estimator_1 - 12_folds.test.predict)=53.06%
[ 2020-05-25 11:15:25,559][kfold_wrapper.log_eval_metrics] Accuracy(layer_7 - estimator_2 - 12_folds.train_0.predict)=69.23%
[ 2020-05-25 11:15:25,559][kfold_wrapper.log_eval_metrics] Accuracy(layer_7 - estimator_2 - 12_folds.train_1.predict)=66.67%
[ 2020-05-25 11:15:25,574][kfold_wrapper.log_eval_metrics] Accuracy(layer_7 - estimator_2 - 12_folds.train_2.predict)=66.67%
[ 2020-05-25 11:15:25,590][kfold_wrapper.log_eval_metrics] Accuracy(layer_7 - estimator_2 - 12_folds.train_3.predict)=75.00%
[ 2020-05-25 11:15:25,590][kfold_wrapper.log_eval_metrics] Accuracy(layer_7 - estimator_2 - 12_folds.train_4.predict)=75.00%
[ 2020-05-25 11:15:25,606][kfold_wrapper.log_eval_metrics] Accuracy(layer_7 - estimator_2 - 12_folds.train_5.predict)=75.00%
[ 2020-05-25 11:15:25,618][kfold_wrapper.log_eval_metrics] Accuracy(layer_7 - estimator_2 - 12_folds.train_6.predict)=75.00%
[ 2020-05-25 11:15:25,628][kfold_wrapper.log_eval_metrics] Accuracy(layer_7 - estimator_2 - 12_folds.train_7.predict)=75.00%
[ 2020-05-25 11:15:25,636][kfold_wrapper.log_eval_metrics] Accuracy(layer_7 - estimator_2 - 12_folds.train_8.predict)=75.00%
[ 2020-05-25 11:15:25,644][kfold_wrapper.log_eval_metrics] Accuracy(layer_7 - estimator_2 - 12_folds.train_9.predict)=75.00%
[ 2020-05-25 11:15:25,655][kfold_wrapper.log_eval_metrics] Accuracy(layer_7 - estimator_2 - 12_folds.train_10.predict)=66.67%
[ 2020-05-25 11:15:25,663][kfold_wrapper.log_eval_metrics] Accuracy(layer_7 - estimator_2 - 12_folds.train_11.predict)=58.33%
[ 2020-05-25 11:15:25,663][kfold_wrapper.log_eval_metrics] Accuracy(layer_7 - estimator_2 - 12_folds.train_cv.predict)=71.03%
[ 2020-05-25 11:15:25,663][kfold_wrapper.log_eval_metrics] Accuracy(layer_7 - estimator_2 - 12_folds.test.predict)=68.37%
[ 2020-05-25 11:15:25,663][cascade_classifier.calc_accuracy] Accuracy(layer_7 - train.classifier_average)=72.41%
[ 2020-05-25 11:15:25,663][cascade_classifier.calc_accuracy] Accuracy(layer_7 - test.classifier_average)=52.04%
[ 2020-05-25 11:15:25,663][cascade_classifier.fit_transform] [layer=8] look_indexs=[0], X_cur_train.shape=(145, 11), X_cur_test.shape=(98, 11)
[ 2020-05-25 11:15:25,909][kfold_wrapper.log_eval_metrics] Accuracy(layer_8 - estimator_0 - 12_folds.train_0.predict)=76.92%
[ 2020-05-25 11:15:26,268][kfold_wrapper.log_eval_metrics] Accuracy(layer_8 - estimator_0 - 12_folds.train_1.predict)=66.67%
[ 2020-05-25 11:15:26,629][kfold_wrapper.log_eval_metrics] Accuracy(layer_8 - estimator_0 - 12_folds.train_2.predict)=75.00%
[ 2020-05-25 11:15:26,993][kfold_wrapper.log_eval_metrics] Accuracy(layer_8 - estimator_0 - 12_folds.train_3.predict)=58.33%
[ 2020-05-25 11:15:27,341][kfold_wrapper.log_eval_metrics] Accuracy(layer_8 - estimator_0 - 12_folds.train_4.predict)=75.00%
[ 2020-05-25 11:15:27,689][kfold_wrapper.log_eval_metrics] Accuracy(layer_8 - estimator_0 - 12_folds.train_5.predict)=75.00%
[ 2020-05-25 11:15:28,049][kfold_wrapper.log_eval_metrics] Accuracy(layer_8 - estimator_0 - 12_folds.train_6.predict)=75.00%
[ 2020-05-25 11:15:28,415][kfold_wrapper.log_eval_metrics] Accuracy(layer_8 - estimator_0 - 12_folds.train_7.predict)=75.00%
[ 2020-05-25 11:15:28,774][kfold_wrapper.log_eval_metrics] Accuracy(layer_8 - estimator_0 - 12_folds.train_8.predict)=75.00%
[ 2020-05-25 11:15:29,112][kfold_wrapper.log_eval_metrics] Accuracy(layer_8 - estimator_0 - 12_folds.train_9.predict)=66.67%
[ 2020-05-25 11:15:29,469][kfold_wrapper.log_eval_metrics] Accuracy(layer_8 - estimator_0 - 12_folds.train_10.predict)=75.00%
[ 2020-05-25 11:15:29,825][kfold_wrapper.log_eval_metrics] Accuracy(layer_8 - estimator_0 - 12_folds.train_11.predict)=83.33%
[ 2020-05-25 11:15:29,941][kfold_wrapper.log_eval_metrics] Accuracy(layer_8 - estimator_0 - 12_folds.train_cv.predict)=73.10%
[ 2020-05-25 11:15:29,944][kfold_wrapper.log_eval_metrics] Accuracy(layer_8 - estimator_0 - 12_folds.test.predict)=37.76%
[ 2020-05-25 11:15:30,186][kfold_wrapper.log_eval_metrics] Accuracy(layer_8 - estimator_1 - 12_folds.train_0.predict)=76.92%
[ 2020-05-25 11:15:30,545][kfold_wrapper.log_eval_metrics] Accuracy(layer_8 - estimator_1 - 12_folds.train_1.predict)=58.33%
[ 2020-05-25 11:15:30,909][kfold_wrapper.log_eval_metrics] Accuracy(layer_8 - estimator_1 - 12_folds.train_2.predict)=75.00%
[ 2020-05-25 11:15:31,269][kfold_wrapper.log_eval_metrics] Accuracy(layer_8 - estimator_1 - 12_folds.train_3.predict)=75.00%
[ 2020-05-25 11:15:31,632][kfold_wrapper.log_eval_metrics] Accuracy(layer_8 - estimator_1 - 12_folds.train_4.predict)=75.00%
[ 2020-05-25 11:15:32,006][kfold_wrapper.log_eval_metrics] Accuracy(layer_8 - estimator_1 - 12_folds.train_5.predict)=66.67%
[ 2020-05-25 11:15:32,369][kfold_wrapper.log_eval_metrics] Accuracy(layer_8 - estimator_1 - 12_folds.train_6.predict)=75.00%
[ 2020-05-25 11:15:32,727][kfold_wrapper.log_eval_metrics] Accuracy(layer_8 - estimator_1 - 12_folds.train_7.predict)=75.00%
[ 2020-05-25 11:15:33,090][kfold_wrapper.log_eval_metrics] Accuracy(layer_8 - estimator_1 - 12_folds.train_8.predict)=50.00%
[ 2020-05-25 11:15:33,468][kfold_wrapper.log_eval_metrics] Accuracy(layer_8 - estimator_1 - 12_folds.train_9.predict)=66.67%
[ 2020-05-25 11:15:33,867][kfold_wrapper.log_eval_metrics] Accuracy(layer_8 - estimator_1 - 12_folds.train_10.predict)=66.67%
[ 2020-05-25 11:15:34,231][kfold_wrapper.log_eval_metrics] Accuracy(layer_8 - estimator_1 - 12_folds.train_11.predict)=75.00%
[ 2020-05-25 11:15:34,344][kfold_wrapper.log_eval_metrics] Accuracy(layer_8 - estimator_1 - 12_folds.train_cv.predict)=69.66%
[ 2020-05-25 11:15:34,346][kfold_wrapper.log_eval_metrics] Accuracy(layer_8 - estimator_1 - 12_folds.test.predict)=38.78%
[ 2020-05-25 11:15:34,356][kfold_wrapper.log_eval_metrics] Accuracy(layer_8 - estimator_2 - 12_folds.train_0.predict)=69.23%
[ 2020-05-25 11:15:34,372][kfold_wrapper.log_eval_metrics] Accuracy(layer_8 - estimator_2 - 12_folds.train_1.predict)=66.67%
[ 2020-05-25 11:15:34,389][kfold_wrapper.log_eval_metrics] Accuracy(layer_8 - estimator_2 - 12_folds.train_2.predict)=66.67%
[ 2020-05-25 11:15:34,401][kfold_wrapper.log_eval_metrics] Accuracy(layer_8 - estimator_2 - 12_folds.train_3.predict)=75.00%
[ 2020-05-25 11:15:34,410][kfold_wrapper.log_eval_metrics] Accuracy(layer_8 - estimator_2 - 12_folds.train_4.predict)=75.00%
[ 2020-05-25 11:15:34,427][kfold_wrapper.log_eval_metrics] Accuracy(layer_8 - estimator_2 - 12_folds.train_5.predict)=66.67%
[ 2020-05-25 11:15:34,446][kfold_wrapper.log_eval_metrics] Accuracy(layer_8 - estimator_2 - 12_folds.train_6.predict)=75.00%
[ 2020-05-25 11:15:34,453][kfold_wrapper.log_eval_metrics] Accuracy(layer_8 - estimator_2 - 12_folds.train_7.predict)=75.00%
[ 2020-05-25 11:15:34,469][kfold_wrapper.log_eval_metrics] Accuracy(layer_8 - estimator_2 - 12_folds.train_8.predict)=75.00%
[ 2020-05-25 11:15:34,484][kfold_wrapper.log_eval_metrics] Accuracy(layer_8 - estimator_2 - 12_folds.train_9.predict)=66.67%
[ 2020-05-25 11:15:34,500][kfold_wrapper.log_eval_metrics] Accuracy(layer_8 - estimator_2 - 12_folds.train_10.predict)=83.33%
[ 2020-05-25 11:15:34,516][kfold_wrapper.log_eval_metrics] Accuracy(layer_8 - estimator_2 - 12_folds.train_11.predict)=83.33%
[ 2020-05-25 11:15:34,531][kfold_wrapper.log_eval_metrics] Accuracy(layer_8 - estimator_2 - 12_folds.train_cv.predict)=73.10%
[ 2020-05-25 11:15:34,531][kfold_wrapper.log_eval_metrics] Accuracy(layer_8 - estimator_2 - 12_folds.test.predict)=62.24%
[ 2020-05-25 11:15:34,531][cascade_classifier.calc_accuracy] Accuracy(layer_8 - train.classifier_average)=73.79%
[ 2020-05-25 11:15:34,531][cascade_classifier.calc_accuracy] Accuracy(layer_8 - test.classifier_average)=38.78%
[ 2020-05-25 11:15:34,547][cascade_classifier.fit_transform] [layer=9] look_indexs=[0], X_cur_train.shape=(145, 11), X_cur_test.shape=(98, 11)
[ 2020-05-25 11:15:34,812][kfold_wrapper.log_eval_metrics] Accuracy(layer_9 - estimator_0 - 12_folds.train_0.predict)=69.23%
[ 2020-05-25 11:15:35,189][kfold_wrapper.log_eval_metrics] Accuracy(layer_9 - estimator_0 - 12_folds.train_1.predict)=66.67%
[ 2020-05-25 11:15:35,556][kfold_wrapper.log_eval_metrics] Accuracy(layer_9 - estimator_0 - 12_folds.train_2.predict)=50.00%
[ 2020-05-25 11:15:35,946][kfold_wrapper.log_eval_metrics] Accuracy(layer_9 - estimator_0 - 12_folds.train_3.predict)=50.00%
[ 2020-05-25 11:15:36,318][kfold_wrapper.log_eval_metrics] Accuracy(layer_9 - estimator_0 - 12_folds.train_4.predict)=75.00%
[ 2020-05-25 11:15:36,692][kfold_wrapper.log_eval_metrics] Accuracy(layer_9 - estimator_0 - 12_folds.train_5.predict)=66.67%
[ 2020-05-25 11:15:37,075][kfold_wrapper.log_eval_metrics] Accuracy(layer_9 - estimator_0 - 12_folds.train_6.predict)=75.00%
[ 2020-05-25 11:15:37,436][kfold_wrapper.log_eval_metrics] Accuracy(layer_9 - estimator_0 - 12_folds.train_7.predict)=58.33%
[ 2020-05-25 11:15:37,818][kfold_wrapper.log_eval_metrics] Accuracy(layer_9 - estimator_0 - 12_folds.train_8.predict)=66.67%
[ 2020-05-25 11:15:38,196][kfold_wrapper.log_eval_metrics] Accuracy(layer_9 - estimator_0 - 12_folds.train_9.predict)=58.33%
[ 2020-05-25 11:15:38,569][kfold_wrapper.log_eval_metrics] Accuracy(layer_9 - estimator_0 - 12_folds.train_10.predict)=66.67%
[ 2020-05-25 11:15:38,950][kfold_wrapper.log_eval_metrics] Accuracy(layer_9 - estimator_0 - 12_folds.train_11.predict)=66.67%
[ 2020-05-25 11:15:39,075][kfold_wrapper.log_eval_metrics] Accuracy(layer_9 - estimator_0 - 12_folds.train_cv.predict)=64.14%
[ 2020-05-25 11:15:39,075][kfold_wrapper.log_eval_metrics] Accuracy(layer_9 - estimator_0 - 12_folds.test.predict)=45.92%
[ 2020-05-25 11:15:39,336][kfold_wrapper.log_eval_metrics] Accuracy(layer_9 - estimator_1 - 12_folds.train_0.predict)=69.23%
[ 2020-05-25 11:15:39,694][kfold_wrapper.log_eval_metrics] Accuracy(layer_9 - estimator_1 - 12_folds.train_1.predict)=66.67%
[ 2020-05-25 11:15:40,080][kfold_wrapper.log_eval_metrics] Accuracy(layer_9 - estimator_1 - 12_folds.train_2.predict)=75.00%
[ 2020-05-25 11:15:40,441][kfold_wrapper.log_eval_metrics] Accuracy(layer_9 - estimator_1 - 12_folds.train_3.predict)=66.67%
[ 2020-05-25 11:15:40,829][kfold_wrapper.log_eval_metrics] Accuracy(layer_9 - estimator_1 - 12_folds.train_4.predict)=66.67%
[ 2020-05-25 11:15:41,202][kfold_wrapper.log_eval_metrics] Accuracy(layer_9 - estimator_1 - 12_folds.train_5.predict)=66.67%
[ 2020-05-25 11:15:41,576][kfold_wrapper.log_eval_metrics] Accuracy(layer_9 - estimator_1 - 12_folds.train_6.predict)=58.33%
[ 2020-05-25 11:15:41,951][kfold_wrapper.log_eval_metrics] Accuracy(layer_9 - estimator_1 - 12_folds.train_7.predict)=66.67%
[ 2020-05-25 11:15:42,323][kfold_wrapper.log_eval_metrics] Accuracy(layer_9 - estimator_1 - 12_folds.train_8.predict)=66.67%
[ 2020-05-25 11:15:42,684][kfold_wrapper.log_eval_metrics] Accuracy(layer_9 - estimator_1 - 12_folds.train_9.predict)=66.67%
[ 2020-05-25 11:15:43,057][kfold_wrapper.log_eval_metrics] Accuracy(layer_9 - estimator_1 - 12_folds.train_10.predict)=41.67%
[ 2020-05-25 11:15:43,417][kfold_wrapper.log_eval_metrics] Accuracy(layer_9 - estimator_1 - 12_folds.train_11.predict)=66.67%
[ 2020-05-25 11:15:43,541][kfold_wrapper.log_eval_metrics] Accuracy(layer_9 - estimator_1 - 12_folds.train_cv.predict)=64.83%
[ 2020-05-25 11:15:43,541][kfold_wrapper.log_eval_metrics] Accuracy(layer_9 - estimator_1 - 12_folds.test.predict)=42.86%
[ 2020-05-25 11:15:43,557][kfold_wrapper.log_eval_metrics] Accuracy(layer_9 - estimator_2 - 12_folds.train_0.predict)=69.23%
[ 2020-05-25 11:15:43,572][kfold_wrapper.log_eval_metrics] Accuracy(layer_9 - estimator_2 - 12_folds.train_1.predict)=66.67%
[ 2020-05-25 11:15:43,588][kfold_wrapper.log_eval_metrics] Accuracy(layer_9 - estimator_2 - 12_folds.train_2.predict)=66.67%
[ 2020-05-25 11:15:43,604][kfold_wrapper.log_eval_metrics] Accuracy(layer_9 - estimator_2 - 12_folds.train_3.predict)=75.00%
[ 2020-05-25 11:15:43,619][kfold_wrapper.log_eval_metrics] Accuracy(layer_9 - estimator_2 - 12_folds.train_4.predict)=75.00%
[ 2020-05-25 11:15:43,635][kfold_wrapper.log_eval_metrics] Accuracy(layer_9 - estimator_2 - 12_folds.train_5.predict)=75.00%
[ 2020-05-25 11:15:43,643][kfold_wrapper.log_eval_metrics] Accuracy(layer_9 - estimator_2 - 12_folds.train_6.predict)=91.67%
[ 2020-05-25 11:15:43,651][kfold_wrapper.log_eval_metrics] Accuracy(layer_9 - estimator_2 - 12_folds.train_7.predict)=75.00%
[ 2020-05-25 11:15:43,670][kfold_wrapper.log_eval_metrics] Accuracy(layer_9 - estimator_2 - 12_folds.train_8.predict)=66.67%
[ 2020-05-25 11:15:43,689][kfold_wrapper.log_eval_metrics] Accuracy(layer_9 - estimator_2 - 12_folds.train_9.predict)=75.00%
[ 2020-05-25 11:15:43,704][kfold_wrapper.log_eval_metrics] Accuracy(layer_9 - estimator_2 - 12_folds.train_10.predict)=66.67%
[ 2020-05-25 11:15:43,723][kfold_wrapper.log_eval_metrics] Accuracy(layer_9 - estimator_2 - 12_folds.train_11.predict)=75.00%
[ 2020-05-25 11:15:43,726][kfold_wrapper.log_eval_metrics] Accuracy(layer_9 - estimator_2 - 12_folds.train_cv.predict)=73.10%
[ 2020-05-25 11:15:43,731][kfold_wrapper.log_eval_metrics] Accuracy(layer_9 - estimator_2 - 12_folds.test.predict)=62.24%
[ 2020-05-25 11:15:43,736][cascade_classifier.calc_accuracy] Accuracy(layer_9 - train.classifier_average)=66.90%
[ 2020-05-25 11:15:43,738][cascade_classifier.calc_accuracy] Accuracy(layer_9 - test.classifier_average)=41.84%
[ 2020-05-25 11:15:43,740][cascade_classifier.fit_transform] [Result][Optimal Level Detected] opt_layer_num=6, accuracy_train=75.86%, accuracy_test=52.04%
[ 2020-05-25 11:15:43,750][cascade_classifier.transform] X_groups_test.shape=[(323, 5)]
[ 2020-05-25 11:15:43,752][cascade_classifier.transform] group_dims=[5]
[ 2020-05-25 11:15:43,754][cascade_classifier.transform] X_test.shape=(323, 5)
[ 2020-05-25 11:15:43,756][cascade_classifier.transform] [layer=0] look_indexs=[0], X_cur_test.shape=(323, 5)
[ 2020-05-25 11:15:46,528][cascade_classifier.transform] [layer=1] look_indexs=[0], X_cur_test.shape=(323, 11)
[ 2020-05-25 11:15:49,396][cascade_classifier.transform] [layer=2] look_indexs=[0], X_cur_test.shape=(323, 11)
[ 2020-05-25 11:15:52,157][cascade_classifier.transform] [layer=3] look_indexs=[0], X_cur_test.shape=(323, 11)
[ 2020-05-25 11:15:54,959][cascade_classifier.transform] [layer=4] look_indexs=[0], X_cur_test.shape=(323, 11)
[ 2020-05-25 11:15:57,760][cascade_classifier.transform] [layer=5] look_indexs=[0], X_cur_test.shape=(323, 11)
[ 2020-05-25 11:21:57,081][cascade_classifier.fit_transform] X_groups_train.shape=[(145, 5)],y_train.shape=(145,),X_groups_test.shape=[(98, 5)],y_test.shape=(98,)
[ 2020-05-25 11:21:57,083][cascade_classifier.fit_transform] group_dims=[5]
[ 2020-05-25 11:21:57,088][cascade_classifier.fit_transform] group_starts=[0]
[ 2020-05-25 11:21:57,092][cascade_classifier.fit_transform] group_ends=[5]
[ 2020-05-25 11:21:57,098][cascade_classifier.fit_transform] X_train.shape=(145, 5),X_test.shape=(98, 5)
[ 2020-05-25 11:21:57,102][cascade_classifier.fit_transform] [layer=0] look_indexs=[0], X_cur_train.shape=(145, 5), X_cur_test.shape=(98, 5)
[ 2020-05-25 11:21:57,390][kfold_wrapper.log_eval_metrics] Accuracy(layer_0 - estimator_0 - 12_folds.train_0.predict)=76.92%
[ 2020-05-25 11:21:57,749][kfold_wrapper.log_eval_metrics] Accuracy(layer_0 - estimator_0 - 12_folds.train_1.predict)=50.00%
[ 2020-05-25 11:21:58,126][kfold_wrapper.log_eval_metrics] Accuracy(layer_0 - estimator_0 - 12_folds.train_2.predict)=66.67%
[ 2020-05-25 11:21:58,487][kfold_wrapper.log_eval_metrics] Accuracy(layer_0 - estimator_0 - 12_folds.train_3.predict)=75.00%
[ 2020-05-25 11:21:58,852][kfold_wrapper.log_eval_metrics] Accuracy(layer_0 - estimator_0 - 12_folds.train_4.predict)=66.67%
[ 2020-05-25 11:21:59,217][kfold_wrapper.log_eval_metrics] Accuracy(layer_0 - estimator_0 - 12_folds.train_5.predict)=58.33%
[ 2020-05-25 11:21:59,581][kfold_wrapper.log_eval_metrics] Accuracy(layer_0 - estimator_0 - 12_folds.train_6.predict)=75.00%
[ 2020-05-25 11:21:59,946][kfold_wrapper.log_eval_metrics] Accuracy(layer_0 - estimator_0 - 12_folds.train_7.predict)=50.00%
[ 2020-05-25 11:22:00,313][kfold_wrapper.log_eval_metrics] Accuracy(layer_0 - estimator_0 - 12_folds.train_8.predict)=66.67%
[ 2020-05-25 11:22:00,676][kfold_wrapper.log_eval_metrics] Accuracy(layer_0 - estimator_0 - 12_folds.train_9.predict)=66.67%
[ 2020-05-25 11:22:01,034][kfold_wrapper.log_eval_metrics] Accuracy(layer_0 - estimator_0 - 12_folds.train_10.predict)=66.67%
[ 2020-05-25 11:22:01,392][kfold_wrapper.log_eval_metrics] Accuracy(layer_0 - estimator_0 - 12_folds.train_11.predict)=58.33%
[ 2020-05-25 11:22:01,507][kfold_wrapper.log_eval_metrics] Accuracy(layer_0 - estimator_0 - 12_folds.train_cv.predict)=64.83%
[ 2020-05-25 11:22:01,510][kfold_wrapper.log_eval_metrics] Accuracy(layer_0 - estimator_0 - 12_folds.test.predict)=34.69%
[ 2020-05-25 11:22:01,766][kfold_wrapper.log_eval_metrics] Accuracy(layer_0 - estimator_1 - 12_folds.train_0.predict)=38.46%
[ 2020-05-25 11:22:02,132][kfold_wrapper.log_eval_metrics] Accuracy(layer_0 - estimator_1 - 12_folds.train_1.predict)=66.67%
[ 2020-05-25 11:22:02,494][kfold_wrapper.log_eval_metrics] Accuracy(layer_0 - estimator_1 - 12_folds.train_2.predict)=50.00%
[ 2020-05-25 11:22:02,853][kfold_wrapper.log_eval_metrics] Accuracy(layer_0 - estimator_1 - 12_folds.train_3.predict)=66.67%
[ 2020-05-25 11:22:03,217][kfold_wrapper.log_eval_metrics] Accuracy(layer_0 - estimator_1 - 12_folds.train_4.predict)=83.33%
[ 2020-05-25 11:22:03,582][kfold_wrapper.log_eval_metrics] Accuracy(layer_0 - estimator_1 - 12_folds.train_5.predict)=58.33%
[ 2020-05-25 11:22:03,945][kfold_wrapper.log_eval_metrics] Accuracy(layer_0 - estimator_1 - 12_folds.train_6.predict)=50.00%
[ 2020-05-25 11:22:04,309][kfold_wrapper.log_eval_metrics] Accuracy(layer_0 - estimator_1 - 12_folds.train_7.predict)=83.33%
[ 2020-05-25 11:22:04,671][kfold_wrapper.log_eval_metrics] Accuracy(layer_0 - estimator_1 - 12_folds.train_8.predict)=66.67%
[ 2020-05-25 11:22:05,041][kfold_wrapper.log_eval_metrics] Accuracy(layer_0 - estimator_1 - 12_folds.train_9.predict)=41.67%
[ 2020-05-25 11:22:05,403][kfold_wrapper.log_eval_metrics] Accuracy(layer_0 - estimator_1 - 12_folds.train_10.predict)=50.00%
[ 2020-05-25 11:22:05,768][kfold_wrapper.log_eval_metrics] Accuracy(layer_0 - estimator_1 - 12_folds.train_11.predict)=41.67%
[ 2020-05-25 11:22:05,885][kfold_wrapper.log_eval_metrics] Accuracy(layer_0 - estimator_1 - 12_folds.train_cv.predict)=57.93%
[ 2020-05-25 11:22:05,888][kfold_wrapper.log_eval_metrics] Accuracy(layer_0 - estimator_1 - 12_folds.test.predict)=34.69%
[ 2020-05-25 11:22:05,906][kfold_wrapper.log_eval_metrics] Accuracy(layer_0 - estimator_2 - 12_folds.train_0.predict)=69.23%
[ 2020-05-25 11:22:05,919][kfold_wrapper.log_eval_metrics] Accuracy(layer_0 - estimator_2 - 12_folds.train_1.predict)=66.67%
[ 2020-05-25 11:22:05,934][kfold_wrapper.log_eval_metrics] Accuracy(layer_0 - estimator_2 - 12_folds.train_2.predict)=66.67%
[ 2020-05-25 11:22:05,947][kfold_wrapper.log_eval_metrics] Accuracy(layer_0 - estimator_2 - 12_folds.train_3.predict)=75.00%
[ 2020-05-25 11:22:05,956][kfold_wrapper.log_eval_metrics] Accuracy(layer_0 - estimator_2 - 12_folds.train_4.predict)=75.00%
[ 2020-05-25 11:22:05,963][kfold_wrapper.log_eval_metrics] Accuracy(layer_0 - estimator_2 - 12_folds.train_5.predict)=75.00%
[ 2020-05-25 11:22:05,969][kfold_wrapper.log_eval_metrics] Accuracy(layer_0 - estimator_2 - 12_folds.train_6.predict)=75.00%
[ 2020-05-25 11:22:05,975][kfold_wrapper.log_eval_metrics] Accuracy(layer_0 - estimator_2 - 12_folds.train_7.predict)=75.00%
[ 2020-05-25 11:22:05,981][kfold_wrapper.log_eval_metrics] Accuracy(layer_0 - estimator_2 - 12_folds.train_8.predict)=75.00%
[ 2020-05-25 11:22:05,987][kfold_wrapper.log_eval_metrics] Accuracy(layer_0 - estimator_2 - 12_folds.train_9.predict)=75.00%
[ 2020-05-25 11:22:06,000][kfold_wrapper.log_eval_metrics] Accuracy(layer_0 - estimator_2 - 12_folds.train_10.predict)=75.00%
[ 2020-05-25 11:22:06,010][kfold_wrapper.log_eval_metrics] Accuracy(layer_0 - estimator_2 - 12_folds.train_11.predict)=75.00%
[ 2020-05-25 11:22:06,010][kfold_wrapper.log_eval_metrics] Accuracy(layer_0 - estimator_2 - 12_folds.train_cv.predict)=73.10%
[ 2020-05-25 11:22:06,010][kfold_wrapper.log_eval_metrics] Accuracy(layer_0 - estimator_2 - 12_folds.test.predict)=73.47%
[ 2020-05-25 11:22:06,010][cascade_classifier.calc_accuracy] Accuracy(layer_0 - train.classifier_average)=68.28%
[ 2020-05-25 11:22:06,026][cascade_classifier.calc_accuracy] Accuracy(layer_0 - test.classifier_average)=35.71%
[ 2020-05-25 11:22:06,026][cascade_classifier.fit_transform] [layer=1] look_indexs=[0], X_cur_train.shape=(145, 11), X_cur_test.shape=(98, 11)
[ 2020-05-25 11:22:06,261][kfold_wrapper.log_eval_metrics] Accuracy(layer_1 - estimator_0 - 12_folds.train_0.predict)=69.23%
[ 2020-05-25 11:22:06,619][kfold_wrapper.log_eval_metrics] Accuracy(layer_1 - estimator_0 - 12_folds.train_1.predict)=66.67%
[ 2020-05-25 11:22:06,982][kfold_wrapper.log_eval_metrics] Accuracy(layer_1 - estimator_0 - 12_folds.train_2.predict)=66.67%
[ 2020-05-25 11:22:07,354][kfold_wrapper.log_eval_metrics] Accuracy(layer_1 - estimator_0 - 12_folds.train_3.predict)=66.67%
[ 2020-05-25 11:22:07,708][kfold_wrapper.log_eval_metrics] Accuracy(layer_1 - estimator_0 - 12_folds.train_4.predict)=83.33%
[ 2020-05-25 11:22:08,075][kfold_wrapper.log_eval_metrics] Accuracy(layer_1 - estimator_0 - 12_folds.train_5.predict)=75.00%
[ 2020-05-25 11:22:08,439][kfold_wrapper.log_eval_metrics] Accuracy(layer_1 - estimator_0 - 12_folds.train_6.predict)=66.67%
[ 2020-05-25 11:22:08,801][kfold_wrapper.log_eval_metrics] Accuracy(layer_1 - estimator_0 - 12_folds.train_7.predict)=66.67%
[ 2020-05-25 11:22:09,173][kfold_wrapper.log_eval_metrics] Accuracy(layer_1 - estimator_0 - 12_folds.train_8.predict)=58.33%
[ 2020-05-25 11:22:09,536][kfold_wrapper.log_eval_metrics] Accuracy(layer_1 - estimator_0 - 12_folds.train_9.predict)=58.33%
[ 2020-05-25 11:22:09,900][kfold_wrapper.log_eval_metrics] Accuracy(layer_1 - estimator_0 - 12_folds.train_10.predict)=75.00%
[ 2020-05-25 11:22:10,262][kfold_wrapper.log_eval_metrics] Accuracy(layer_1 - estimator_0 - 12_folds.train_11.predict)=75.00%
[ 2020-05-25 11:22:10,378][kfold_wrapper.log_eval_metrics] Accuracy(layer_1 - estimator_0 - 12_folds.train_cv.predict)=68.97%
[ 2020-05-25 11:22:10,381][kfold_wrapper.log_eval_metrics] Accuracy(layer_1 - estimator_0 - 12_folds.test.predict)=39.80%
[ 2020-05-25 11:22:10,638][kfold_wrapper.log_eval_metrics] Accuracy(layer_1 - estimator_1 - 12_folds.train_0.predict)=46.15%
[ 2020-05-25 11:22:11,003][kfold_wrapper.log_eval_metrics] Accuracy(layer_1 - estimator_1 - 12_folds.train_1.predict)=83.33%
[ 2020-05-25 11:22:11,367][kfold_wrapper.log_eval_metrics] Accuracy(layer_1 - estimator_1 - 12_folds.train_2.predict)=75.00%
[ 2020-05-25 11:22:11,713][kfold_wrapper.log_eval_metrics] Accuracy(layer_1 - estimator_1 - 12_folds.train_3.predict)=58.33%
[ 2020-05-25 11:22:12,075][kfold_wrapper.log_eval_metrics] Accuracy(layer_1 - estimator_1 - 12_folds.train_4.predict)=66.67%
[ 2020-05-25 11:22:12,437][kfold_wrapper.log_eval_metrics] Accuracy(layer_1 - estimator_1 - 12_folds.train_5.predict)=75.00%
[ 2020-05-25 11:22:12,799][kfold_wrapper.log_eval_metrics] Accuracy(layer_1 - estimator_1 - 12_folds.train_6.predict)=75.00%
[ 2020-05-25 11:22:13,163][kfold_wrapper.log_eval_metrics] Accuracy(layer_1 - estimator_1 - 12_folds.train_7.predict)=66.67%
[ 2020-05-25 11:22:13,526][kfold_wrapper.log_eval_metrics] Accuracy(layer_1 - estimator_1 - 12_folds.train_8.predict)=50.00%
[ 2020-05-25 11:22:13,888][kfold_wrapper.log_eval_metrics] Accuracy(layer_1 - estimator_1 - 12_folds.train_9.predict)=66.67%
[ 2020-05-25 11:22:14,250][kfold_wrapper.log_eval_metrics] Accuracy(layer_1 - estimator_1 - 12_folds.train_10.predict)=58.33%
[ 2020-05-25 11:22:14,613][kfold_wrapper.log_eval_metrics] Accuracy(layer_1 - estimator_1 - 12_folds.train_11.predict)=58.33%
[ 2020-05-25 11:22:14,730][kfold_wrapper.log_eval_metrics] Accuracy(layer_1 - estimator_1 - 12_folds.train_cv.predict)=64.83%
[ 2020-05-25 11:22:14,733][kfold_wrapper.log_eval_metrics] Accuracy(layer_1 - estimator_1 - 12_folds.test.predict)=42.86%
[ 2020-05-25 11:22:14,758][kfold_wrapper.log_eval_metrics] Accuracy(layer_1 - estimator_2 - 12_folds.train_0.predict)=69.23%
[ 2020-05-25 11:22:14,782][kfold_wrapper.log_eval_metrics] Accuracy(layer_1 - estimator_2 - 12_folds.train_1.predict)=66.67%
[ 2020-05-25 11:22:14,804][kfold_wrapper.log_eval_metrics] Accuracy(layer_1 - estimator_2 - 12_folds.train_2.predict)=66.67%
[ 2020-05-25 11:22:14,821][kfold_wrapper.log_eval_metrics] Accuracy(layer_1 - estimator_2 - 12_folds.train_3.predict)=75.00%
[ 2020-05-25 11:22:14,838][kfold_wrapper.log_eval_metrics] Accuracy(layer_1 - estimator_2 - 12_folds.train_4.predict)=75.00%
[ 2020-05-25 11:22:14,854][kfold_wrapper.log_eval_metrics] Accuracy(layer_1 - estimator_2 - 12_folds.train_5.predict)=75.00%
[ 2020-05-25 11:22:14,869][kfold_wrapper.log_eval_metrics] Accuracy(layer_1 - estimator_2 - 12_folds.train_6.predict)=75.00%
[ 2020-05-25 11:22:14,887][kfold_wrapper.log_eval_metrics] Accuracy(layer_1 - estimator_2 - 12_folds.train_7.predict)=75.00%
[ 2020-05-25 11:22:14,905][kfold_wrapper.log_eval_metrics] Accuracy(layer_1 - estimator_2 - 12_folds.train_8.predict)=75.00%
[ 2020-05-25 11:22:14,915][kfold_wrapper.log_eval_metrics] Accuracy(layer_1 - estimator_2 - 12_folds.train_9.predict)=75.00%
[ 2020-05-25 11:22:14,935][kfold_wrapper.log_eval_metrics] Accuracy(layer_1 - estimator_2 - 12_folds.train_10.predict)=75.00%
[ 2020-05-25 11:22:14,950][kfold_wrapper.log_eval_metrics] Accuracy(layer_1 - estimator_2 - 12_folds.train_11.predict)=75.00%
[ 2020-05-25 11:22:14,954][kfold_wrapper.log_eval_metrics] Accuracy(layer_1 - estimator_2 - 12_folds.train_cv.predict)=73.10%
[ 2020-05-25 11:22:14,959][kfold_wrapper.log_eval_metrics] Accuracy(layer_1 - estimator_2 - 12_folds.test.predict)=73.47%
[ 2020-05-25 11:22:14,963][cascade_classifier.calc_accuracy] Accuracy(layer_1 - train.classifier_average)=71.03%
[ 2020-05-25 11:22:14,968][cascade_classifier.calc_accuracy] Accuracy(layer_1 - test.classifier_average)=60.20%
[ 2020-05-25 11:22:14,972][cascade_classifier.fit_transform] [layer=2] look_indexs=[0], X_cur_train.shape=(145, 11), X_cur_test.shape=(98, 11)
[ 2020-05-25 11:22:15,226][kfold_wrapper.log_eval_metrics] Accuracy(layer_2 - estimator_0 - 12_folds.train_0.predict)=61.54%
[ 2020-05-25 11:22:15,590][kfold_wrapper.log_eval_metrics] Accuracy(layer_2 - estimator_0 - 12_folds.train_1.predict)=75.00%
[ 2020-05-25 11:22:15,953][kfold_wrapper.log_eval_metrics] Accuracy(layer_2 - estimator_0 - 12_folds.train_2.predict)=66.67%
[ 2020-05-25 11:22:16,318][kfold_wrapper.log_eval_metrics] Accuracy(layer_2 - estimator_0 - 12_folds.train_3.predict)=75.00%
[ 2020-05-25 11:22:16,682][kfold_wrapper.log_eval_metrics] Accuracy(layer_2 - estimator_0 - 12_folds.train_4.predict)=58.33%
[ 2020-05-25 11:22:17,040][kfold_wrapper.log_eval_metrics] Accuracy(layer_2 - estimator_0 - 12_folds.train_5.predict)=75.00%
[ 2020-05-25 11:22:17,402][kfold_wrapper.log_eval_metrics] Accuracy(layer_2 - estimator_0 - 12_folds.train_6.predict)=50.00%
[ 2020-05-25 11:22:17,763][kfold_wrapper.log_eval_metrics] Accuracy(layer_2 - estimator_0 - 12_folds.train_7.predict)=58.33%
[ 2020-05-25 11:22:18,126][kfold_wrapper.log_eval_metrics] Accuracy(layer_2 - estimator_0 - 12_folds.train_8.predict)=75.00%
[ 2020-05-25 11:22:18,489][kfold_wrapper.log_eval_metrics] Accuracy(layer_2 - estimator_0 - 12_folds.train_9.predict)=66.67%
[ 2020-05-25 11:22:18,851][kfold_wrapper.log_eval_metrics] Accuracy(layer_2 - estimator_0 - 12_folds.train_10.predict)=75.00%
[ 2020-05-25 11:22:19,217][kfold_wrapper.log_eval_metrics] Accuracy(layer_2 - estimator_0 - 12_folds.train_11.predict)=58.33%
[ 2020-05-25 11:22:19,333][kfold_wrapper.log_eval_metrics] Accuracy(layer_2 - estimator_0 - 12_folds.train_cv.predict)=66.21%
[ 2020-05-25 11:22:19,337][kfold_wrapper.log_eval_metrics] Accuracy(layer_2 - estimator_0 - 12_folds.test.predict)=40.82%
[ 2020-05-25 11:22:19,591][kfold_wrapper.log_eval_metrics] Accuracy(layer_2 - estimator_1 - 12_folds.train_0.predict)=61.54%
[ 2020-05-25 11:22:19,954][kfold_wrapper.log_eval_metrics] Accuracy(layer_2 - estimator_1 - 12_folds.train_1.predict)=58.33%
[ 2020-05-25 11:22:20,322][kfold_wrapper.log_eval_metrics] Accuracy(layer_2 - estimator_1 - 12_folds.train_2.predict)=66.67%
[ 2020-05-25 11:22:20,684][kfold_wrapper.log_eval_metrics] Accuracy(layer_2 - estimator_1 - 12_folds.train_3.predict)=75.00%
[ 2020-05-25 11:22:21,045][kfold_wrapper.log_eval_metrics] Accuracy(layer_2 - estimator_1 - 12_folds.train_4.predict)=91.67%
[ 2020-05-25 11:22:21,407][kfold_wrapper.log_eval_metrics] Accuracy(layer_2 - estimator_1 - 12_folds.train_5.predict)=66.67%
[ 2020-05-25 11:22:21,772][kfold_wrapper.log_eval_metrics] Accuracy(layer_2 - estimator_1 - 12_folds.train_6.predict)=50.00%
[ 2020-05-25 11:22:22,131][kfold_wrapper.log_eval_metrics] Accuracy(layer_2 - estimator_1 - 12_folds.train_7.predict)=66.67%
[ 2020-05-25 11:22:22,489][kfold_wrapper.log_eval_metrics] Accuracy(layer_2 - estimator_1 - 12_folds.train_8.predict)=75.00%
[ 2020-05-25 11:22:22,849][kfold_wrapper.log_eval_metrics] Accuracy(layer_2 - estimator_1 - 12_folds.train_9.predict)=75.00%
[ 2020-05-25 11:22:23,211][kfold_wrapper.log_eval_metrics] Accuracy(layer_2 - estimator_1 - 12_folds.train_10.predict)=66.67%
[ 2020-05-25 11:22:23,573][kfold_wrapper.log_eval_metrics] Accuracy(layer_2 - estimator_1 - 12_folds.train_11.predict)=58.33%
[ 2020-05-25 11:22:23,689][kfold_wrapper.log_eval_metrics] Accuracy(layer_2 - estimator_1 - 12_folds.train_cv.predict)=67.59%
[ 2020-05-25 11:22:23,693][kfold_wrapper.log_eval_metrics] Accuracy(layer_2 - estimator_1 - 12_folds.test.predict)=36.73%
[ 2020-05-25 11:22:23,714][kfold_wrapper.log_eval_metrics] Accuracy(layer_2 - estimator_2 - 12_folds.train_0.predict)=69.23%
[ 2020-05-25 11:22:23,736][kfold_wrapper.log_eval_metrics] Accuracy(layer_2 - estimator_2 - 12_folds.train_1.predict)=66.67%
[ 2020-05-25 11:22:23,755][kfold_wrapper.log_eval_metrics] Accuracy(layer_2 - estimator_2 - 12_folds.train_2.predict)=66.67%
[ 2020-05-25 11:22:23,772][kfold_wrapper.log_eval_metrics] Accuracy(layer_2 - estimator_2 - 12_folds.train_3.predict)=75.00%
[ 2020-05-25 11:22:23,792][kfold_wrapper.log_eval_metrics] Accuracy(layer_2 - estimator_2 - 12_folds.train_4.predict)=75.00%
[ 2020-05-25 11:22:23,813][kfold_wrapper.log_eval_metrics] Accuracy(layer_2 - estimator_2 - 12_folds.train_5.predict)=75.00%
[ 2020-05-25 11:22:23,832][kfold_wrapper.log_eval_metrics] Accuracy(layer_2 - estimator_2 - 12_folds.train_6.predict)=75.00%
[ 2020-05-25 11:22:23,851][kfold_wrapper.log_eval_metrics] Accuracy(layer_2 - estimator_2 - 12_folds.train_7.predict)=75.00%
[ 2020-05-25 11:22:23,870][kfold_wrapper.log_eval_metrics] Accuracy(layer_2 - estimator_2 - 12_folds.train_8.predict)=75.00%
[ 2020-05-25 11:22:23,891][kfold_wrapper.log_eval_metrics] Accuracy(layer_2 - estimator_2 - 12_folds.train_9.predict)=75.00%
[ 2020-05-25 11:22:23,912][kfold_wrapper.log_eval_metrics] Accuracy(layer_2 - estimator_2 - 12_folds.train_10.predict)=75.00%
[ 2020-05-25 11:22:23,930][kfold_wrapper.log_eval_metrics] Accuracy(layer_2 - estimator_2 - 12_folds.train_11.predict)=75.00%
[ 2020-05-25 11:22:23,934][kfold_wrapper.log_eval_metrics] Accuracy(layer_2 - estimator_2 - 12_folds.train_cv.predict)=73.10%
[ 2020-05-25 11:22:23,938][kfold_wrapper.log_eval_metrics] Accuracy(layer_2 - estimator_2 - 12_folds.test.predict)=73.47%
[ 2020-05-25 11:22:23,943][cascade_classifier.calc_accuracy] Accuracy(layer_2 - train.classifier_average)=72.41%
[ 2020-05-25 11:22:23,946][cascade_classifier.calc_accuracy] Accuracy(layer_2 - test.classifier_average)=42.86%
[ 2020-05-25 11:22:23,949][cascade_classifier.fit_transform] [layer=3] look_indexs=[0], X_cur_train.shape=(145, 11), X_cur_test.shape=(98, 11)
[ 2020-05-25 11:22:24,208][kfold_wrapper.log_eval_metrics] Accuracy(layer_3 - estimator_0 - 12_folds.train_0.predict)=61.54%
[ 2020-05-25 11:22:24,571][kfold_wrapper.log_eval_metrics] Accuracy(layer_3 - estimator_0 - 12_folds.train_1.predict)=58.33%
[ 2020-05-25 11:22:24,935][kfold_wrapper.log_eval_metrics] Accuracy(layer_3 - estimator_0 - 12_folds.train_2.predict)=66.67%
[ 2020-05-25 11:22:25,298][kfold_wrapper.log_eval_metrics] Accuracy(layer_3 - estimator_0 - 12_folds.train_3.predict)=66.67%
[ 2020-05-25 11:22:25,659][kfold_wrapper.log_eval_metrics] Accuracy(layer_3 - estimator_0 - 12_folds.train_4.predict)=75.00%
[ 2020-05-25 11:22:26,024][kfold_wrapper.log_eval_metrics] Accuracy(layer_3 - estimator_0 - 12_folds.train_5.predict)=100.00%
[ 2020-05-25 11:22:26,385][kfold_wrapper.log_eval_metrics] Accuracy(layer_3 - estimator_0 - 12_folds.train_6.predict)=83.33%
[ 2020-05-25 11:22:26,748][kfold_wrapper.log_eval_metrics] Accuracy(layer_3 - estimator_0 - 12_folds.train_7.predict)=75.00%
[ 2020-05-25 11:22:27,111][kfold_wrapper.log_eval_metrics] Accuracy(layer_3 - estimator_0 - 12_folds.train_8.predict)=50.00%
[ 2020-05-25 11:22:27,470][kfold_wrapper.log_eval_metrics] Accuracy(layer_3 - estimator_0 - 12_folds.train_9.predict)=83.33%
[ 2020-05-25 11:22:27,828][kfold_wrapper.log_eval_metrics] Accuracy(layer_3 - estimator_0 - 12_folds.train_10.predict)=75.00%
[ 2020-05-25 11:22:28,197][kfold_wrapper.log_eval_metrics] Accuracy(layer_3 - estimator_0 - 12_folds.train_11.predict)=66.67%
[ 2020-05-25 11:22:28,313][kfold_wrapper.log_eval_metrics] Accuracy(layer_3 - estimator_0 - 12_folds.train_cv.predict)=71.72%
[ 2020-05-25 11:22:28,316][kfold_wrapper.log_eval_metrics] Accuracy(layer_3 - estimator_0 - 12_folds.test.predict)=41.84%
[ 2020-05-25 11:22:28,572][kfold_wrapper.log_eval_metrics] Accuracy(layer_3 - estimator_1 - 12_folds.train_0.predict)=69.23%
[ 2020-05-25 11:22:28,933][kfold_wrapper.log_eval_metrics] Accuracy(layer_3 - estimator_1 - 12_folds.train_1.predict)=83.33%
[ 2020-05-25 11:22:29,300][kfold_wrapper.log_eval_metrics] Accuracy(layer_3 - estimator_1 - 12_folds.train_2.predict)=58.33%
[ 2020-05-25 11:22:29,664][kfold_wrapper.log_eval_metrics] Accuracy(layer_3 - estimator_1 - 12_folds.train_3.predict)=75.00%
[ 2020-05-25 11:22:30,025][kfold_wrapper.log_eval_metrics] Accuracy(layer_3 - estimator_1 - 12_folds.train_4.predict)=83.33%
[ 2020-05-25 11:22:30,387][kfold_wrapper.log_eval_metrics] Accuracy(layer_3 - estimator_1 - 12_folds.train_5.predict)=100.00%
[ 2020-05-25 11:22:30,748][kfold_wrapper.log_eval_metrics] Accuracy(layer_3 - estimator_1 - 12_folds.train_6.predict)=50.00%
[ 2020-05-25 11:22:31,116][kfold_wrapper.log_eval_metrics] Accuracy(layer_3 - estimator_1 - 12_folds.train_7.predict)=75.00%
[ 2020-05-25 11:22:31,478][kfold_wrapper.log_eval_metrics] Accuracy(layer_3 - estimator_1 - 12_folds.train_8.predict)=75.00%
[ 2020-05-25 11:22:31,839][kfold_wrapper.log_eval_metrics] Accuracy(layer_3 - estimator_1 - 12_folds.train_9.predict)=75.00%
[ 2020-05-25 11:22:32,216][kfold_wrapper.log_eval_metrics] Accuracy(layer_3 - estimator_1 - 12_folds.train_10.predict)=66.67%
[ 2020-05-25 11:22:32,579][kfold_wrapper.log_eval_metrics] Accuracy(layer_3 - estimator_1 - 12_folds.train_11.predict)=75.00%
[ 2020-05-25 11:22:32,695][kfold_wrapper.log_eval_metrics] Accuracy(layer_3 - estimator_1 - 12_folds.train_cv.predict)=73.79%
[ 2020-05-25 11:22:32,699][kfold_wrapper.log_eval_metrics] Accuracy(layer_3 - estimator_1 - 12_folds.test.predict)=55.10%
[ 2020-05-25 11:22:32,714][kfold_wrapper.log_eval_metrics] Accuracy(layer_3 - estimator_2 - 12_folds.train_0.predict)=69.23%
[ 2020-05-25 11:22:32,725][kfold_wrapper.log_eval_metrics] Accuracy(layer_3 - estimator_2 - 12_folds.train_1.predict)=66.67%
[ 2020-05-25 11:22:32,739][kfold_wrapper.log_eval_metrics] Accuracy(layer_3 - estimator_2 - 12_folds.train_2.predict)=66.67%
[ 2020-05-25 11:22:32,752][kfold_wrapper.log_eval_metrics] Accuracy(layer_3 - estimator_2 - 12_folds.train_3.predict)=75.00%
[ 2020-05-25 11:22:32,764][kfold_wrapper.log_eval_metrics] Accuracy(layer_3 - estimator_2 - 12_folds.train_4.predict)=66.67%
[ 2020-05-25 11:22:32,771][kfold_wrapper.log_eval_metrics] Accuracy(layer_3 - estimator_2 - 12_folds.train_5.predict)=75.00%
[ 2020-05-25 11:22:32,779][kfold_wrapper.log_eval_metrics] Accuracy(layer_3 - estimator_2 - 12_folds.train_6.predict)=75.00%
[ 2020-05-25 11:22:32,793][kfold_wrapper.log_eval_metrics] Accuracy(layer_3 - estimator_2 - 12_folds.train_7.predict)=75.00%
[ 2020-05-25 11:22:32,802][kfold_wrapper.log_eval_metrics] Accuracy(layer_3 - estimator_2 - 12_folds.train_8.predict)=75.00%
[ 2020-05-25 11:22:32,816][kfold_wrapper.log_eval_metrics] Accuracy(layer_3 - estimator_2 - 12_folds.train_9.predict)=75.00%
[ 2020-05-25 11:22:32,826][kfold_wrapper.log_eval_metrics] Accuracy(layer_3 - estimator_2 - 12_folds.train_10.predict)=75.00%
[ 2020-05-25 11:22:32,835][kfold_wrapper.log_eval_metrics] Accuracy(layer_3 - estimator_2 - 12_folds.train_11.predict)=75.00%
[ 2020-05-25 11:22:32,837][kfold_wrapper.log_eval_metrics] Accuracy(layer_3 - estimator_2 - 12_folds.train_cv.predict)=72.41%
[ 2020-05-25 11:22:32,839][kfold_wrapper.log_eval_metrics] Accuracy(layer_3 - estimator_2 - 12_folds.test.predict)=73.47%
[ 2020-05-25 11:22:32,841][cascade_classifier.calc_accuracy] Accuracy(layer_3 - train.classifier_average)=73.10%
[ 2020-05-25 11:22:32,846][cascade_classifier.calc_accuracy] Accuracy(layer_3 - test.classifier_average)=58.16%
[ 2020-05-25 11:22:32,849][cascade_classifier.fit_transform] [layer=4] look_indexs=[0], X_cur_train.shape=(145, 11), X_cur_test.shape=(98, 11)
[ 2020-05-25 11:22:33,091][kfold_wrapper.log_eval_metrics] Accuracy(layer_4 - estimator_0 - 12_folds.train_0.predict)=92.31%
[ 2020-05-25 11:22:33,454][kfold_wrapper.log_eval_metrics] Accuracy(layer_4 - estimator_0 - 12_folds.train_1.predict)=41.67%
[ 2020-05-25 11:22:33,818][kfold_wrapper.log_eval_metrics] Accuracy(layer_4 - estimator_0 - 12_folds.train_2.predict)=91.67%
[ 2020-05-25 11:22:34,188][kfold_wrapper.log_eval_metrics] Accuracy(layer_4 - estimator_0 - 12_folds.train_3.predict)=58.33%
[ 2020-05-25 11:22:34,553][kfold_wrapper.log_eval_metrics] Accuracy(layer_4 - estimator_0 - 12_folds.train_4.predict)=91.67%
[ 2020-05-25 11:22:34,918][kfold_wrapper.log_eval_metrics] Accuracy(layer_4 - estimator_0 - 12_folds.train_5.predict)=91.67%
[ 2020-05-25 11:22:35,280][kfold_wrapper.log_eval_metrics] Accuracy(layer_4 - estimator_0 - 12_folds.train_6.predict)=75.00%
[ 2020-05-25 11:22:35,645][kfold_wrapper.log_eval_metrics] Accuracy(layer_4 - estimator_0 - 12_folds.train_7.predict)=58.33%
[ 2020-05-25 11:22:36,006][kfold_wrapper.log_eval_metrics] Accuracy(layer_4 - estimator_0 - 12_folds.train_8.predict)=91.67%
[ 2020-05-25 11:22:36,369][kfold_wrapper.log_eval_metrics] Accuracy(layer_4 - estimator_0 - 12_folds.train_9.predict)=83.33%
[ 2020-05-25 11:22:36,733][kfold_wrapper.log_eval_metrics] Accuracy(layer_4 - estimator_0 - 12_folds.train_10.predict)=83.33%
[ 2020-05-25 11:22:37,098][kfold_wrapper.log_eval_metrics] Accuracy(layer_4 - estimator_0 - 12_folds.train_11.predict)=66.67%
[ 2020-05-25 11:22:37,215][kfold_wrapper.log_eval_metrics] Accuracy(layer_4 - estimator_0 - 12_folds.train_cv.predict)=77.24%
[ 2020-05-25 11:22:37,219][kfold_wrapper.log_eval_metrics] Accuracy(layer_4 - estimator_0 - 12_folds.test.predict)=45.92%
[ 2020-05-25 11:22:37,475][kfold_wrapper.log_eval_metrics] Accuracy(layer_4 - estimator_1 - 12_folds.train_0.predict)=69.23%
[ 2020-05-25 11:22:37,835][kfold_wrapper.log_eval_metrics] Accuracy(layer_4 - estimator_1 - 12_folds.train_1.predict)=50.00%
[ 2020-05-25 11:22:38,192][kfold_wrapper.log_eval_metrics] Accuracy(layer_4 - estimator_1 - 12_folds.train_2.predict)=83.33%
[ 2020-05-25 11:22:38,553][kfold_wrapper.log_eval_metrics] Accuracy(layer_4 - estimator_1 - 12_folds.train_3.predict)=66.67%
[ 2020-05-25 11:22:38,914][kfold_wrapper.log_eval_metrics] Accuracy(layer_4 - estimator_1 - 12_folds.train_4.predict)=83.33%
[ 2020-05-25 11:22:39,277][kfold_wrapper.log_eval_metrics] Accuracy(layer_4 - estimator_1 - 12_folds.train_5.predict)=91.67%
[ 2020-05-25 11:22:39,639][kfold_wrapper.log_eval_metrics] Accuracy(layer_4 - estimator_1 - 12_folds.train_6.predict)=75.00%
[ 2020-05-25 11:22:40,002][kfold_wrapper.log_eval_metrics] Accuracy(layer_4 - estimator_1 - 12_folds.train_7.predict)=91.67%
[ 2020-05-25 11:22:40,365][kfold_wrapper.log_eval_metrics] Accuracy(layer_4 - estimator_1 - 12_folds.train_8.predict)=75.00%
[ 2020-05-25 11:22:40,728][kfold_wrapper.log_eval_metrics] Accuracy(layer_4 - estimator_1 - 12_folds.train_9.predict)=75.00%
[ 2020-05-25 11:22:41,104][kfold_wrapper.log_eval_metrics] Accuracy(layer_4 - estimator_1 - 12_folds.train_10.predict)=66.67%
[ 2020-05-25 11:22:41,467][kfold_wrapper.log_eval_metrics] Accuracy(layer_4 - estimator_1 - 12_folds.train_11.predict)=75.00%
[ 2020-05-25 11:22:41,583][kfold_wrapper.log_eval_metrics] Accuracy(layer_4 - estimator_1 - 12_folds.train_cv.predict)=75.17%
[ 2020-05-25 11:22:41,587][kfold_wrapper.log_eval_metrics] Accuracy(layer_4 - estimator_1 - 12_folds.test.predict)=43.88%
[ 2020-05-25 11:22:41,610][kfold_wrapper.log_eval_metrics] Accuracy(layer_4 - estimator_2 - 12_folds.train_0.predict)=69.23%
[ 2020-05-25 11:22:41,630][kfold_wrapper.log_eval_metrics] Accuracy(layer_4 - estimator_2 - 12_folds.train_1.predict)=75.00%
[ 2020-05-25 11:22:41,646][kfold_wrapper.log_eval_metrics] Accuracy(layer_4 - estimator_2 - 12_folds.train_2.predict)=58.33%
[ 2020-05-25 11:22:41,660][kfold_wrapper.log_eval_metrics] Accuracy(layer_4 - estimator_2 - 12_folds.train_3.predict)=75.00%
[ 2020-05-25 11:22:41,681][kfold_wrapper.log_eval_metrics] Accuracy(layer_4 - estimator_2 - 12_folds.train_4.predict)=75.00%
[ 2020-05-25 11:22:41,691][kfold_wrapper.log_eval_metrics] Accuracy(layer_4 - estimator_2 - 12_folds.train_5.predict)=75.00%
[ 2020-05-25 11:22:41,710][kfold_wrapper.log_eval_metrics] Accuracy(layer_4 - estimator_2 - 12_folds.train_6.predict)=66.67%
[ 2020-05-25 11:22:41,728][kfold_wrapper.log_eval_metrics] Accuracy(layer_4 - estimator_2 - 12_folds.train_7.predict)=83.33%
[ 2020-05-25 11:22:41,743][kfold_wrapper.log_eval_metrics] Accuracy(layer_4 - estimator_2 - 12_folds.train_8.predict)=75.00%
[ 2020-05-25 11:22:41,760][kfold_wrapper.log_eval_metrics] Accuracy(layer_4 - estimator_2 - 12_folds.train_9.predict)=91.67%
[ 2020-05-25 11:22:41,777][kfold_wrapper.log_eval_metrics] Accuracy(layer_4 - estimator_2 - 12_folds.train_10.predict)=66.67%
[ 2020-05-25 11:22:41,793][kfold_wrapper.log_eval_metrics] Accuracy(layer_4 - estimator_2 - 12_folds.train_11.predict)=58.33%
[ 2020-05-25 11:22:41,800][kfold_wrapper.log_eval_metrics] Accuracy(layer_4 - estimator_2 - 12_folds.train_cv.predict)=72.41%
[ 2020-05-25 11:22:41,804][kfold_wrapper.log_eval_metrics] Accuracy(layer_4 - estimator_2 - 12_folds.test.predict)=62.24%
[ 2020-05-25 11:22:41,808][cascade_classifier.calc_accuracy] Accuracy(layer_4 - train.classifier_average)=75.17%
[ 2020-05-25 11:22:41,814][cascade_classifier.calc_accuracy] Accuracy(layer_4 - test.classifier_average)=46.94%
[ 2020-05-25 11:22:41,818][cascade_classifier.fit_transform] [layer=5] look_indexs=[0], X_cur_train.shape=(145, 11), X_cur_test.shape=(98, 11)
[ 2020-05-25 11:22:42,074][kfold_wrapper.log_eval_metrics] Accuracy(layer_5 - estimator_0 - 12_folds.train_0.predict)=76.92%
[ 2020-05-25 11:22:42,437][kfold_wrapper.log_eval_metrics] Accuracy(layer_5 - estimator_0 - 12_folds.train_1.predict)=83.33%
[ 2020-05-25 11:22:42,782][kfold_wrapper.log_eval_metrics] Accuracy(layer_5 - estimator_0 - 12_folds.train_2.predict)=83.33%
[ 2020-05-25 11:22:43,142][kfold_wrapper.log_eval_metrics] Accuracy(layer_5 - estimator_0 - 12_folds.train_3.predict)=66.67%
[ 2020-05-25 11:22:43,487][kfold_wrapper.log_eval_metrics] Accuracy(layer_5 - estimator_0 - 12_folds.train_4.predict)=75.00%
[ 2020-05-25 11:22:43,835][kfold_wrapper.log_eval_metrics] Accuracy(layer_5 - estimator_0 - 12_folds.train_5.predict)=58.33%
[ 2020-05-25 11:22:44,206][kfold_wrapper.log_eval_metrics] Accuracy(layer_5 - estimator_0 - 12_folds.train_6.predict)=75.00%
[ 2020-05-25 11:22:44,568][kfold_wrapper.log_eval_metrics] Accuracy(layer_5 - estimator_0 - 12_folds.train_7.predict)=83.33%
[ 2020-05-25 11:22:44,929][kfold_wrapper.log_eval_metrics] Accuracy(layer_5 - estimator_0 - 12_folds.train_8.predict)=75.00%
[ 2020-05-25 11:22:45,293][kfold_wrapper.log_eval_metrics] Accuracy(layer_5 - estimator_0 - 12_folds.train_9.predict)=66.67%
[ 2020-05-25 11:22:45,657][kfold_wrapper.log_eval_metrics] Accuracy(layer_5 - estimator_0 - 12_folds.train_10.predict)=75.00%
[ 2020-05-25 11:22:46,020][kfold_wrapper.log_eval_metrics] Accuracy(layer_5 - estimator_0 - 12_folds.train_11.predict)=83.33%
[ 2020-05-25 11:22:46,135][kfold_wrapper.log_eval_metrics] Accuracy(layer_5 - estimator_0 - 12_folds.train_cv.predict)=75.17%
[ 2020-05-25 11:22:46,139][kfold_wrapper.log_eval_metrics] Accuracy(layer_5 - estimator_0 - 12_folds.test.predict)=52.04%
[ 2020-05-25 11:22:46,395][kfold_wrapper.log_eval_metrics] Accuracy(layer_5 - estimator_1 - 12_folds.train_0.predict)=84.62%
[ 2020-05-25 11:22:46,758][kfold_wrapper.log_eval_metrics] Accuracy(layer_5 - estimator_1 - 12_folds.train_1.predict)=58.33%
[ 2020-05-25 11:22:47,119][kfold_wrapper.log_eval_metrics] Accuracy(layer_5 - estimator_1 - 12_folds.train_2.predict)=66.67%
[ 2020-05-25 11:22:47,482][kfold_wrapper.log_eval_metrics] Accuracy(layer_5 - estimator_1 - 12_folds.train_3.predict)=75.00%
[ 2020-05-25 11:22:47,846][kfold_wrapper.log_eval_metrics] Accuracy(layer_5 - estimator_1 - 12_folds.train_4.predict)=58.33%
[ 2020-05-25 11:22:48,209][kfold_wrapper.log_eval_metrics] Accuracy(layer_5 - estimator_1 - 12_folds.train_5.predict)=75.00%
[ 2020-05-25 11:22:48,571][kfold_wrapper.log_eval_metrics] Accuracy(layer_5 - estimator_1 - 12_folds.train_6.predict)=75.00%
[ 2020-05-25 11:22:48,917][kfold_wrapper.log_eval_metrics] Accuracy(layer_5 - estimator_1 - 12_folds.train_7.predict)=66.67%
[ 2020-05-25 11:22:49,282][kfold_wrapper.log_eval_metrics] Accuracy(layer_5 - estimator_1 - 12_folds.train_8.predict)=58.33%
[ 2020-05-25 11:22:49,645][kfold_wrapper.log_eval_metrics] Accuracy(layer_5 - estimator_1 - 12_folds.train_9.predict)=91.67%
[ 2020-05-25 11:22:50,008][kfold_wrapper.log_eval_metrics] Accuracy(layer_5 - estimator_1 - 12_folds.train_10.predict)=50.00%
[ 2020-05-25 11:22:50,370][kfold_wrapper.log_eval_metrics] Accuracy(layer_5 - estimator_1 - 12_folds.train_11.predict)=100.00%
[ 2020-05-25 11:22:50,486][kfold_wrapper.log_eval_metrics] Accuracy(layer_5 - estimator_1 - 12_folds.train_cv.predict)=71.72%
[ 2020-05-25 11:22:50,489][kfold_wrapper.log_eval_metrics] Accuracy(layer_5 - estimator_1 - 12_folds.test.predict)=45.92%
[ 2020-05-25 11:22:50,513][kfold_wrapper.log_eval_metrics] Accuracy(layer_5 - estimator_2 - 12_folds.train_0.predict)=69.23%
[ 2020-05-25 11:22:50,534][kfold_wrapper.log_eval_metrics] Accuracy(layer_5 - estimator_2 - 12_folds.train_1.predict)=66.67%
[ 2020-05-25 11:22:50,556][kfold_wrapper.log_eval_metrics] Accuracy(layer_5 - estimator_2 - 12_folds.train_2.predict)=75.00%
[ 2020-05-25 11:22:50,566][kfold_wrapper.log_eval_metrics] Accuracy(layer_5 - estimator_2 - 12_folds.train_3.predict)=75.00%
[ 2020-05-25 11:22:50,584][kfold_wrapper.log_eval_metrics] Accuracy(layer_5 - estimator_2 - 12_folds.train_4.predict)=58.33%
[ 2020-05-25 11:22:50,595][kfold_wrapper.log_eval_metrics] Accuracy(layer_5 - estimator_2 - 12_folds.train_5.predict)=75.00%
[ 2020-05-25 11:22:50,613][kfold_wrapper.log_eval_metrics] Accuracy(layer_5 - estimator_2 - 12_folds.train_6.predict)=83.33%
[ 2020-05-25 11:22:50,633][kfold_wrapper.log_eval_metrics] Accuracy(layer_5 - estimator_2 - 12_folds.train_7.predict)=50.00%
[ 2020-05-25 11:22:50,651][kfold_wrapper.log_eval_metrics] Accuracy(layer_5 - estimator_2 - 12_folds.train_8.predict)=83.33%
[ 2020-05-25 11:22:50,667][kfold_wrapper.log_eval_metrics] Accuracy(layer_5 - estimator_2 - 12_folds.train_9.predict)=83.33%
[ 2020-05-25 11:22:50,683][kfold_wrapper.log_eval_metrics] Accuracy(layer_5 - estimator_2 - 12_folds.train_10.predict)=75.00%
[ 2020-05-25 11:22:50,701][kfold_wrapper.log_eval_metrics] Accuracy(layer_5 - estimator_2 - 12_folds.train_11.predict)=83.33%
[ 2020-05-25 11:22:50,707][kfold_wrapper.log_eval_metrics] Accuracy(layer_5 - estimator_2 - 12_folds.train_cv.predict)=73.10%
[ 2020-05-25 11:22:50,710][kfold_wrapper.log_eval_metrics] Accuracy(layer_5 - estimator_2 - 12_folds.test.predict)=54.08%
[ 2020-05-25 11:22:50,717][cascade_classifier.calc_accuracy] Accuracy(layer_5 - train.classifier_average)=75.86%
[ 2020-05-25 11:22:50,720][cascade_classifier.calc_accuracy] Accuracy(layer_5 - test.classifier_average)=52.04%
[ 2020-05-25 11:22:50,725][cascade_classifier.fit_transform] [layer=6] look_indexs=[0], X_cur_train.shape=(145, 11), X_cur_test.shape=(98, 11)
[ 2020-05-25 11:22:50,978][kfold_wrapper.log_eval_metrics] Accuracy(layer_6 - estimator_0 - 12_folds.train_0.predict)=84.62%
[ 2020-05-25 11:22:51,349][kfold_wrapper.log_eval_metrics] Accuracy(layer_6 - estimator_0 - 12_folds.train_1.predict)=66.67%
[ 2020-05-25 11:22:51,712][kfold_wrapper.log_eval_metrics] Accuracy(layer_6 - estimator_0 - 12_folds.train_2.predict)=50.00%
[ 2020-05-25 11:22:52,088][kfold_wrapper.log_eval_metrics] Accuracy(layer_6 - estimator_0 - 12_folds.train_3.predict)=75.00%
[ 2020-05-25 11:22:52,459][kfold_wrapper.log_eval_metrics] Accuracy(layer_6 - estimator_0 - 12_folds.train_4.predict)=75.00%
[ 2020-05-25 11:22:52,821][kfold_wrapper.log_eval_metrics] Accuracy(layer_6 - estimator_0 - 12_folds.train_5.predict)=66.67%
[ 2020-05-25 11:22:53,201][kfold_wrapper.log_eval_metrics] Accuracy(layer_6 - estimator_0 - 12_folds.train_6.predict)=58.33%
[ 2020-05-25 11:22:53,563][kfold_wrapper.log_eval_metrics] Accuracy(layer_6 - estimator_0 - 12_folds.train_7.predict)=83.33%
[ 2020-05-25 11:22:53,924][kfold_wrapper.log_eval_metrics] Accuracy(layer_6 - estimator_0 - 12_folds.train_8.predict)=75.00%
[ 2020-05-25 11:22:54,274][kfold_wrapper.log_eval_metrics] Accuracy(layer_6 - estimator_0 - 12_folds.train_9.predict)=75.00%
[ 2020-05-25 11:22:54,637][kfold_wrapper.log_eval_metrics] Accuracy(layer_6 - estimator_0 - 12_folds.train_10.predict)=58.33%
[ 2020-05-25 11:22:55,000][kfold_wrapper.log_eval_metrics] Accuracy(layer_6 - estimator_0 - 12_folds.train_11.predict)=75.00%
[ 2020-05-25 11:22:55,117][kfold_wrapper.log_eval_metrics] Accuracy(layer_6 - estimator_0 - 12_folds.train_cv.predict)=70.34%
[ 2020-05-25 11:22:55,120][kfold_wrapper.log_eval_metrics] Accuracy(layer_6 - estimator_0 - 12_folds.test.predict)=44.90%
[ 2020-05-25 11:22:55,372][kfold_wrapper.log_eval_metrics] Accuracy(layer_6 - estimator_1 - 12_folds.train_0.predict)=76.92%
[ 2020-05-25 11:22:55,733][kfold_wrapper.log_eval_metrics] Accuracy(layer_6 - estimator_1 - 12_folds.train_1.predict)=41.67%
[ 2020-05-25 11:22:56,098][kfold_wrapper.log_eval_metrics] Accuracy(layer_6 - estimator_1 - 12_folds.train_2.predict)=83.33%
[ 2020-05-25 11:22:56,461][kfold_wrapper.log_eval_metrics] Accuracy(layer_6 - estimator_1 - 12_folds.train_3.predict)=75.00%
[ 2020-05-25 11:22:56,823][kfold_wrapper.log_eval_metrics] Accuracy(layer_6 - estimator_1 - 12_folds.train_4.predict)=83.33%
[ 2020-05-25 11:22:57,185][kfold_wrapper.log_eval_metrics] Accuracy(layer_6 - estimator_1 - 12_folds.train_5.predict)=58.33%
[ 2020-05-25 11:22:57,547][kfold_wrapper.log_eval_metrics] Accuracy(layer_6 - estimator_1 - 12_folds.train_6.predict)=75.00%
[ 2020-05-25 11:22:57,912][kfold_wrapper.log_eval_metrics] Accuracy(layer_6 - estimator_1 - 12_folds.train_7.predict)=50.00%
[ 2020-05-25 11:22:58,276][kfold_wrapper.log_eval_metrics] Accuracy(layer_6 - estimator_1 - 12_folds.train_8.predict)=75.00%
[ 2020-05-25 11:22:58,638][kfold_wrapper.log_eval_metrics] Accuracy(layer_6 - estimator_1 - 12_folds.train_9.predict)=50.00%
[ 2020-05-25 11:22:59,002][kfold_wrapper.log_eval_metrics] Accuracy(layer_6 - estimator_1 - 12_folds.train_10.predict)=58.33%
[ 2020-05-25 11:22:59,349][kfold_wrapper.log_eval_metrics] Accuracy(layer_6 - estimator_1 - 12_folds.train_11.predict)=66.67%
[ 2020-05-25 11:22:59,464][kfold_wrapper.log_eval_metrics] Accuracy(layer_6 - estimator_1 - 12_folds.train_cv.predict)=66.21%
[ 2020-05-25 11:22:59,467][kfold_wrapper.log_eval_metrics] Accuracy(layer_6 - estimator_1 - 12_folds.test.predict)=55.10%
[ 2020-05-25 11:22:59,490][kfold_wrapper.log_eval_metrics] Accuracy(layer_6 - estimator_2 - 12_folds.train_0.predict)=69.23%
[ 2020-05-25 11:22:59,509][kfold_wrapper.log_eval_metrics] Accuracy(layer_6 - estimator_2 - 12_folds.train_1.predict)=66.67%
[ 2020-05-25 11:22:59,528][kfold_wrapper.log_eval_metrics] Accuracy(layer_6 - estimator_2 - 12_folds.train_2.predict)=75.00%
[ 2020-05-25 11:22:59,548][kfold_wrapper.log_eval_metrics] Accuracy(layer_6 - estimator_2 - 12_folds.train_3.predict)=66.67%
[ 2020-05-25 11:22:59,562][kfold_wrapper.log_eval_metrics] Accuracy(layer_6 - estimator_2 - 12_folds.train_4.predict)=75.00%
[ 2020-05-25 11:22:59,571][kfold_wrapper.log_eval_metrics] Accuracy(layer_6 - estimator_2 - 12_folds.train_5.predict)=83.33%
[ 2020-05-25 11:22:59,579][kfold_wrapper.log_eval_metrics] Accuracy(layer_6 - estimator_2 - 12_folds.train_6.predict)=83.33%
[ 2020-05-25 11:22:59,596][kfold_wrapper.log_eval_metrics] Accuracy(layer_6 - estimator_2 - 12_folds.train_7.predict)=66.67%
[ 2020-05-25 11:22:59,611][kfold_wrapper.log_eval_metrics] Accuracy(layer_6 - estimator_2 - 12_folds.train_8.predict)=66.67%
[ 2020-05-25 11:22:59,625][kfold_wrapper.log_eval_metrics] Accuracy(layer_6 - estimator_2 - 12_folds.train_9.predict)=83.33%
[ 2020-05-25 11:22:59,639][kfold_wrapper.log_eval_metrics] Accuracy(layer_6 - estimator_2 - 12_folds.train_10.predict)=66.67%
[ 2020-05-25 11:22:59,651][kfold_wrapper.log_eval_metrics] Accuracy(layer_6 - estimator_2 - 12_folds.train_11.predict)=58.33%
[ 2020-05-25 11:22:59,654][kfold_wrapper.log_eval_metrics] Accuracy(layer_6 - estimator_2 - 12_folds.train_cv.predict)=71.72%
[ 2020-05-25 11:22:59,657][kfold_wrapper.log_eval_metrics] Accuracy(layer_6 - estimator_2 - 12_folds.test.predict)=58.16%
[ 2020-05-25 11:22:59,660][cascade_classifier.calc_accuracy] Accuracy(layer_6 - train.classifier_average)=72.41%
[ 2020-05-25 11:22:59,666][cascade_classifier.calc_accuracy] Accuracy(layer_6 - test.classifier_average)=54.08%
[ 2020-05-25 11:22:59,671][cascade_classifier.fit_transform] [layer=7] look_indexs=[0], X_cur_train.shape=(145, 11), X_cur_test.shape=(98, 11)
[ 2020-05-25 11:22:59,917][kfold_wrapper.log_eval_metrics] Accuracy(layer_7 - estimator_0 - 12_folds.train_0.predict)=69.23%
[ 2020-05-25 11:23:00,274][kfold_wrapper.log_eval_metrics] Accuracy(layer_7 - estimator_0 - 12_folds.train_1.predict)=75.00%
[ 2020-05-25 11:23:00,647][kfold_wrapper.log_eval_metrics] Accuracy(layer_7 - estimator_0 - 12_folds.train_2.predict)=75.00%
[ 2020-05-25 11:23:01,010][kfold_wrapper.log_eval_metrics] Accuracy(layer_7 - estimator_0 - 12_folds.train_3.predict)=75.00%
[ 2020-05-25 11:23:01,373][kfold_wrapper.log_eval_metrics] Accuracy(layer_7 - estimator_0 - 12_folds.train_4.predict)=83.33%
[ 2020-05-25 11:23:01,736][kfold_wrapper.log_eval_metrics] Accuracy(layer_7 - estimator_0 - 12_folds.train_5.predict)=66.67%
[ 2020-05-25 11:23:02,097][kfold_wrapper.log_eval_metrics] Accuracy(layer_7 - estimator_0 - 12_folds.train_6.predict)=66.67%
[ 2020-05-25 11:23:02,461][kfold_wrapper.log_eval_metrics] Accuracy(layer_7 - estimator_0 - 12_folds.train_7.predict)=75.00%
[ 2020-05-25 11:23:02,822][kfold_wrapper.log_eval_metrics] Accuracy(layer_7 - estimator_0 - 12_folds.train_8.predict)=66.67%
[ 2020-05-25 11:23:03,186][kfold_wrapper.log_eval_metrics] Accuracy(layer_7 - estimator_0 - 12_folds.train_9.predict)=75.00%
[ 2020-05-25 11:23:03,549][kfold_wrapper.log_eval_metrics] Accuracy(layer_7 - estimator_0 - 12_folds.train_10.predict)=75.00%
[ 2020-05-25 11:23:03,913][kfold_wrapper.log_eval_metrics] Accuracy(layer_7 - estimator_0 - 12_folds.train_11.predict)=50.00%
[ 2020-05-25 11:23:04,029][kfold_wrapper.log_eval_metrics] Accuracy(layer_7 - estimator_0 - 12_folds.train_cv.predict)=71.03%
[ 2020-05-25 11:23:04,033][kfold_wrapper.log_eval_metrics] Accuracy(layer_7 - estimator_0 - 12_folds.test.predict)=38.78%
[ 2020-05-25 11:23:04,283][kfold_wrapper.log_eval_metrics] Accuracy(layer_7 - estimator_1 - 12_folds.train_0.predict)=76.92%
[ 2020-05-25 11:23:04,634][kfold_wrapper.log_eval_metrics] Accuracy(layer_7 - estimator_1 - 12_folds.train_1.predict)=75.00%
[ 2020-05-25 11:23:04,994][kfold_wrapper.log_eval_metrics] Accuracy(layer_7 - estimator_1 - 12_folds.train_2.predict)=66.67%
[ 2020-05-25 11:23:05,356][kfold_wrapper.log_eval_metrics] Accuracy(layer_7 - estimator_1 - 12_folds.train_3.predict)=66.67%
[ 2020-05-25 11:23:05,719][kfold_wrapper.log_eval_metrics] Accuracy(layer_7 - estimator_1 - 12_folds.train_4.predict)=75.00%
[ 2020-05-25 11:23:06,080][kfold_wrapper.log_eval_metrics] Accuracy(layer_7 - estimator_1 - 12_folds.train_5.predict)=75.00%
[ 2020-05-25 11:23:06,443][kfold_wrapper.log_eval_metrics] Accuracy(layer_7 - estimator_1 - 12_folds.train_6.predict)=66.67%
[ 2020-05-25 11:23:06,805][kfold_wrapper.log_eval_metrics] Accuracy(layer_7 - estimator_1 - 12_folds.train_7.predict)=58.33%
[ 2020-05-25 11:23:07,167][kfold_wrapper.log_eval_metrics] Accuracy(layer_7 - estimator_1 - 12_folds.train_8.predict)=58.33%
[ 2020-05-25 11:23:07,531][kfold_wrapper.log_eval_metrics] Accuracy(layer_7 - estimator_1 - 12_folds.train_9.predict)=66.67%
[ 2020-05-25 11:23:07,888][kfold_wrapper.log_eval_metrics] Accuracy(layer_7 - estimator_1 - 12_folds.train_10.predict)=75.00%
[ 2020-05-25 11:23:08,252][kfold_wrapper.log_eval_metrics] Accuracy(layer_7 - estimator_1 - 12_folds.train_11.predict)=91.67%
[ 2020-05-25 11:23:08,368][kfold_wrapper.log_eval_metrics] Accuracy(layer_7 - estimator_1 - 12_folds.train_cv.predict)=71.03%
[ 2020-05-25 11:23:08,371][kfold_wrapper.log_eval_metrics] Accuracy(layer_7 - estimator_1 - 12_folds.test.predict)=53.06%
[ 2020-05-25 11:23:08,394][kfold_wrapper.log_eval_metrics] Accuracy(layer_7 - estimator_2 - 12_folds.train_0.predict)=69.23%
[ 2020-05-25 11:23:08,414][kfold_wrapper.log_eval_metrics] Accuracy(layer_7 - estimator_2 - 12_folds.train_1.predict)=66.67%
[ 2020-05-25 11:23:08,436][kfold_wrapper.log_eval_metrics] Accuracy(layer_7 - estimator_2 - 12_folds.train_2.predict)=66.67%
[ 2020-05-25 11:23:08,455][kfold_wrapper.log_eval_metrics] Accuracy(layer_7 - estimator_2 - 12_folds.train_3.predict)=75.00%
[ 2020-05-25 11:23:08,471][kfold_wrapper.log_eval_metrics] Accuracy(layer_7 - estimator_2 - 12_folds.train_4.predict)=75.00%
[ 2020-05-25 11:23:08,484][kfold_wrapper.log_eval_metrics] Accuracy(layer_7 - estimator_2 - 12_folds.train_5.predict)=75.00%
[ 2020-05-25 11:23:08,500][kfold_wrapper.log_eval_metrics] Accuracy(layer_7 - estimator_2 - 12_folds.train_6.predict)=75.00%
[ 2020-05-25 11:23:08,510][kfold_wrapper.log_eval_metrics] Accuracy(layer_7 - estimator_2 - 12_folds.train_7.predict)=75.00%
[ 2020-05-25 11:23:08,527][kfold_wrapper.log_eval_metrics] Accuracy(layer_7 - estimator_2 - 12_folds.train_8.predict)=75.00%
[ 2020-05-25 11:23:08,538][kfold_wrapper.log_eval_metrics] Accuracy(layer_7 - estimator_2 - 12_folds.train_9.predict)=75.00%
[ 2020-05-25 11:23:08,556][kfold_wrapper.log_eval_metrics] Accuracy(layer_7 - estimator_2 - 12_folds.train_10.predict)=66.67%
[ 2020-05-25 11:23:08,574][kfold_wrapper.log_eval_metrics] Accuracy(layer_7 - estimator_2 - 12_folds.train_11.predict)=58.33%
[ 2020-05-25 11:23:08,578][kfold_wrapper.log_eval_metrics] Accuracy(layer_7 - estimator_2 - 12_folds.train_cv.predict)=71.03%
[ 2020-05-25 11:23:08,580][kfold_wrapper.log_eval_metrics] Accuracy(layer_7 - estimator_2 - 12_folds.test.predict)=68.37%
[ 2020-05-25 11:23:08,582][cascade_classifier.calc_accuracy] Accuracy(layer_7 - train.classifier_average)=72.41%
[ 2020-05-25 11:23:08,584][cascade_classifier.calc_accuracy] Accuracy(layer_7 - test.classifier_average)=52.04%
[ 2020-05-25 11:23:08,590][cascade_classifier.fit_transform] [layer=8] look_indexs=[0], X_cur_train.shape=(145, 11), X_cur_test.shape=(98, 11)
[ 2020-05-25 11:23:08,841][kfold_wrapper.log_eval_metrics] Accuracy(layer_8 - estimator_0 - 12_folds.train_0.predict)=76.92%
[ 2020-05-25 11:23:09,205][kfold_wrapper.log_eval_metrics] Accuracy(layer_8 - estimator_0 - 12_folds.train_1.predict)=66.67%
[ 2020-05-25 11:23:09,567][kfold_wrapper.log_eval_metrics] Accuracy(layer_8 - estimator_0 - 12_folds.train_2.predict)=75.00%
[ 2020-05-25 11:23:09,915][kfold_wrapper.log_eval_metrics] Accuracy(layer_8 - estimator_0 - 12_folds.train_3.predict)=58.33%
[ 2020-05-25 11:23:10,275][kfold_wrapper.log_eval_metrics] Accuracy(layer_8 - estimator_0 - 12_folds.train_4.predict)=75.00%
[ 2020-05-25 11:23:10,638][kfold_wrapper.log_eval_metrics] Accuracy(layer_8 - estimator_0 - 12_folds.train_5.predict)=75.00%
[ 2020-05-25 11:23:11,002][kfold_wrapper.log_eval_metrics] Accuracy(layer_8 - estimator_0 - 12_folds.train_6.predict)=75.00%
[ 2020-05-25 11:23:11,366][kfold_wrapper.log_eval_metrics] Accuracy(layer_8 - estimator_0 - 12_folds.train_7.predict)=75.00%
[ 2020-05-25 11:23:11,730][kfold_wrapper.log_eval_metrics] Accuracy(layer_8 - estimator_0 - 12_folds.train_8.predict)=75.00%
[ 2020-05-25 11:23:12,094][kfold_wrapper.log_eval_metrics] Accuracy(layer_8 - estimator_0 - 12_folds.train_9.predict)=66.67%
[ 2020-05-25 11:23:12,458][kfold_wrapper.log_eval_metrics] Accuracy(layer_8 - estimator_0 - 12_folds.train_10.predict)=75.00%
[ 2020-05-25 11:23:12,821][kfold_wrapper.log_eval_metrics] Accuracy(layer_8 - estimator_0 - 12_folds.train_11.predict)=83.33%
[ 2020-05-25 11:23:12,938][kfold_wrapper.log_eval_metrics] Accuracy(layer_8 - estimator_0 - 12_folds.train_cv.predict)=73.10%
[ 2020-05-25 11:23:12,941][kfold_wrapper.log_eval_metrics] Accuracy(layer_8 - estimator_0 - 12_folds.test.predict)=37.76%
[ 2020-05-25 11:23:13,198][kfold_wrapper.log_eval_metrics] Accuracy(layer_8 - estimator_1 - 12_folds.train_0.predict)=76.92%
[ 2020-05-25 11:23:13,560][kfold_wrapper.log_eval_metrics] Accuracy(layer_8 - estimator_1 - 12_folds.train_1.predict)=58.33%
[ 2020-05-25 11:23:13,924][kfold_wrapper.log_eval_metrics] Accuracy(layer_8 - estimator_1 - 12_folds.train_2.predict)=75.00%
[ 2020-05-25 11:23:14,286][kfold_wrapper.log_eval_metrics] Accuracy(layer_8 - estimator_1 - 12_folds.train_3.predict)=75.00%
[ 2020-05-25 11:23:14,648][kfold_wrapper.log_eval_metrics] Accuracy(layer_8 - estimator_1 - 12_folds.train_4.predict)=75.00%
[ 2020-05-25 11:23:15,010][kfold_wrapper.log_eval_metrics] Accuracy(layer_8 - estimator_1 - 12_folds.train_5.predict)=66.67%
[ 2020-05-25 11:23:15,356][kfold_wrapper.log_eval_metrics] Accuracy(layer_8 - estimator_1 - 12_folds.train_6.predict)=75.00%
[ 2020-05-25 11:23:15,720][kfold_wrapper.log_eval_metrics] Accuracy(layer_8 - estimator_1 - 12_folds.train_7.predict)=75.00%
[ 2020-05-25 11:23:16,083][kfold_wrapper.log_eval_metrics] Accuracy(layer_8 - estimator_1 - 12_folds.train_8.predict)=50.00%
[ 2020-05-25 11:23:16,461][kfold_wrapper.log_eval_metrics] Accuracy(layer_8 - estimator_1 - 12_folds.train_9.predict)=66.67%
[ 2020-05-25 11:23:16,851][kfold_wrapper.log_eval_metrics] Accuracy(layer_8 - estimator_1 - 12_folds.train_10.predict)=66.67%
[ 2020-05-25 11:23:17,220][kfold_wrapper.log_eval_metrics] Accuracy(layer_8 - estimator_1 - 12_folds.train_11.predict)=75.00%
[ 2020-05-25 11:23:17,336][kfold_wrapper.log_eval_metrics] Accuracy(layer_8 - estimator_1 - 12_folds.train_cv.predict)=69.66%
[ 2020-05-25 11:23:17,339][kfold_wrapper.log_eval_metrics] Accuracy(layer_8 - estimator_1 - 12_folds.test.predict)=38.78%
[ 2020-05-25 11:23:17,362][kfold_wrapper.log_eval_metrics] Accuracy(layer_8 - estimator_2 - 12_folds.train_0.predict)=69.23%
[ 2020-05-25 11:23:17,380][kfold_wrapper.log_eval_metrics] Accuracy(layer_8 - estimator_2 - 12_folds.train_1.predict)=66.67%
[ 2020-05-25 11:23:17,394][kfold_wrapper.log_eval_metrics] Accuracy(layer_8 - estimator_2 - 12_folds.train_2.predict)=66.67%
[ 2020-05-25 11:23:17,414][kfold_wrapper.log_eval_metrics] Accuracy(layer_8 - estimator_2 - 12_folds.train_3.predict)=75.00%
[ 2020-05-25 11:23:17,432][kfold_wrapper.log_eval_metrics] Accuracy(layer_8 - estimator_2 - 12_folds.train_4.predict)=75.00%
[ 2020-05-25 11:23:17,446][kfold_wrapper.log_eval_metrics] Accuracy(layer_8 - estimator_2 - 12_folds.train_5.predict)=66.67%
[ 2020-05-25 11:23:17,461][kfold_wrapper.log_eval_metrics] Accuracy(layer_8 - estimator_2 - 12_folds.train_6.predict)=75.00%
[ 2020-05-25 11:23:17,477][kfold_wrapper.log_eval_metrics] Accuracy(layer_8 - estimator_2 - 12_folds.train_7.predict)=75.00%
[ 2020-05-25 11:23:17,486][kfold_wrapper.log_eval_metrics] Accuracy(layer_8 - estimator_2 - 12_folds.train_8.predict)=75.00%
[ 2020-05-25 11:23:17,501][kfold_wrapper.log_eval_metrics] Accuracy(layer_8 - estimator_2 - 12_folds.train_9.predict)=66.67%
[ 2020-05-25 11:23:17,520][kfold_wrapper.log_eval_metrics] Accuracy(layer_8 - estimator_2 - 12_folds.train_10.predict)=83.33%
[ 2020-05-25 11:23:17,537][kfold_wrapper.log_eval_metrics] Accuracy(layer_8 - estimator_2 - 12_folds.train_11.predict)=83.33%
[ 2020-05-25 11:23:17,540][kfold_wrapper.log_eval_metrics] Accuracy(layer_8 - estimator_2 - 12_folds.train_cv.predict)=73.10%
[ 2020-05-25 11:23:17,543][kfold_wrapper.log_eval_metrics] Accuracy(layer_8 - estimator_2 - 12_folds.test.predict)=62.24%
[ 2020-05-25 11:23:17,546][cascade_classifier.calc_accuracy] Accuracy(layer_8 - train.classifier_average)=73.79%
[ 2020-05-25 11:23:17,549][cascade_classifier.calc_accuracy] Accuracy(layer_8 - test.classifier_average)=38.78%
[ 2020-05-25 11:23:17,552][cascade_classifier.fit_transform] [layer=9] look_indexs=[0], X_cur_train.shape=(145, 11), X_cur_test.shape=(98, 11)
[ 2020-05-25 11:23:17,796][kfold_wrapper.log_eval_metrics] Accuracy(layer_9 - estimator_0 - 12_folds.train_0.predict)=69.23%
[ 2020-05-25 11:23:18,160][kfold_wrapper.log_eval_metrics] Accuracy(layer_9 - estimator_0 - 12_folds.train_1.predict)=66.67%
[ 2020-05-25 11:23:18,521][kfold_wrapper.log_eval_metrics] Accuracy(layer_9 - estimator_0 - 12_folds.train_2.predict)=50.00%
[ 2020-05-25 11:23:18,884][kfold_wrapper.log_eval_metrics] Accuracy(layer_9 - estimator_0 - 12_folds.train_3.predict)=50.00%
[ 2020-05-25 11:23:19,250][kfold_wrapper.log_eval_metrics] Accuracy(layer_9 - estimator_0 - 12_folds.train_4.predict)=75.00%
[ 2020-05-25 11:23:19,611][kfold_wrapper.log_eval_metrics] Accuracy(layer_9 - estimator_0 - 12_folds.train_5.predict)=66.67%
[ 2020-05-25 11:23:19,976][kfold_wrapper.log_eval_metrics] Accuracy(layer_9 - estimator_0 - 12_folds.train_6.predict)=75.00%
[ 2020-05-25 11:23:20,339][kfold_wrapper.log_eval_metrics] Accuracy(layer_9 - estimator_0 - 12_folds.train_7.predict)=58.33%
[ 2020-05-25 11:23:20,688][kfold_wrapper.log_eval_metrics] Accuracy(layer_9 - estimator_0 - 12_folds.train_8.predict)=66.67%
[ 2020-05-25 11:23:21,038][kfold_wrapper.log_eval_metrics] Accuracy(layer_9 - estimator_0 - 12_folds.train_9.predict)=58.33%
[ 2020-05-25 11:23:21,401][kfold_wrapper.log_eval_metrics] Accuracy(layer_9 - estimator_0 - 12_folds.train_10.predict)=66.67%
[ 2020-05-25 11:23:21,766][kfold_wrapper.log_eval_metrics] Accuracy(layer_9 - estimator_0 - 12_folds.train_11.predict)=66.67%
[ 2020-05-25 11:23:21,882][kfold_wrapper.log_eval_metrics] Accuracy(layer_9 - estimator_0 - 12_folds.train_cv.predict)=64.14%
[ 2020-05-25 11:23:21,885][kfold_wrapper.log_eval_metrics] Accuracy(layer_9 - estimator_0 - 12_folds.test.predict)=45.92%
[ 2020-05-25 11:23:22,141][kfold_wrapper.log_eval_metrics] Accuracy(layer_9 - estimator_1 - 12_folds.train_0.predict)=69.23%
[ 2020-05-25 11:23:22,502][kfold_wrapper.log_eval_metrics] Accuracy(layer_9 - estimator_1 - 12_folds.train_1.predict)=66.67%
[ 2020-05-25 11:23:22,860][kfold_wrapper.log_eval_metrics] Accuracy(layer_9 - estimator_1 - 12_folds.train_2.predict)=75.00%
[ 2020-05-25 11:23:23,225][kfold_wrapper.log_eval_metrics] Accuracy(layer_9 - estimator_1 - 12_folds.train_3.predict)=66.67%
[ 2020-05-25 11:23:23,587][kfold_wrapper.log_eval_metrics] Accuracy(layer_9 - estimator_1 - 12_folds.train_4.predict)=66.67%
[ 2020-05-25 11:23:23,948][kfold_wrapper.log_eval_metrics] Accuracy(layer_9 - estimator_1 - 12_folds.train_5.predict)=66.67%
[ 2020-05-25 11:23:24,311][kfold_wrapper.log_eval_metrics] Accuracy(layer_9 - estimator_1 - 12_folds.train_6.predict)=58.33%
[ 2020-05-25 11:23:24,673][kfold_wrapper.log_eval_metrics] Accuracy(layer_9 - estimator_1 - 12_folds.train_7.predict)=66.67%
[ 2020-05-25 11:23:25,036][kfold_wrapper.log_eval_metrics] Accuracy(layer_9 - estimator_1 - 12_folds.train_8.predict)=66.67%
[ 2020-05-25 11:23:25,399][kfold_wrapper.log_eval_metrics] Accuracy(layer_9 - estimator_1 - 12_folds.train_9.predict)=66.67%
[ 2020-05-25 11:23:25,756][kfold_wrapper.log_eval_metrics] Accuracy(layer_9 - estimator_1 - 12_folds.train_10.predict)=41.67%
[ 2020-05-25 11:23:26,111][kfold_wrapper.log_eval_metrics] Accuracy(layer_9 - estimator_1 - 12_folds.train_11.predict)=66.67%
[ 2020-05-25 11:23:26,227][kfold_wrapper.log_eval_metrics] Accuracy(layer_9 - estimator_1 - 12_folds.train_cv.predict)=64.83%
[ 2020-05-25 11:23:26,231][kfold_wrapper.log_eval_metrics] Accuracy(layer_9 - estimator_1 - 12_folds.test.predict)=42.86%
[ 2020-05-25 11:23:26,252][kfold_wrapper.log_eval_metrics] Accuracy(layer_9 - estimator_2 - 12_folds.train_0.predict)=69.23%
[ 2020-05-25 11:23:26,273][kfold_wrapper.log_eval_metrics] Accuracy(layer_9 - estimator_2 - 12_folds.train_1.predict)=66.67%
[ 2020-05-25 11:23:26,293][kfold_wrapper.log_eval_metrics] Accuracy(layer_9 - estimator_2 - 12_folds.train_2.predict)=66.67%
[ 2020-05-25 11:23:26,311][kfold_wrapper.log_eval_metrics] Accuracy(layer_9 - estimator_2 - 12_folds.train_3.predict)=75.00%
[ 2020-05-25 11:23:26,322][kfold_wrapper.log_eval_metrics] Accuracy(layer_9 - estimator_2 - 12_folds.train_4.predict)=75.00%
[ 2020-05-25 11:23:26,344][kfold_wrapper.log_eval_metrics] Accuracy(layer_9 - estimator_2 - 12_folds.train_5.predict)=75.00%
[ 2020-05-25 11:23:26,355][kfold_wrapper.log_eval_metrics] Accuracy(layer_9 - estimator_2 - 12_folds.train_6.predict)=91.67%
[ 2020-05-25 11:23:26,364][kfold_wrapper.log_eval_metrics] Accuracy(layer_9 - estimator_2 - 12_folds.train_7.predict)=75.00%
[ 2020-05-25 11:23:26,374][kfold_wrapper.log_eval_metrics] Accuracy(layer_9 - estimator_2 - 12_folds.train_8.predict)=66.67%
[ 2020-05-25 11:23:26,393][kfold_wrapper.log_eval_metrics] Accuracy(layer_9 - estimator_2 - 12_folds.train_9.predict)=75.00%
[ 2020-05-25 11:23:26,410][kfold_wrapper.log_eval_metrics] Accuracy(layer_9 - estimator_2 - 12_folds.train_10.predict)=66.67%
[ 2020-05-25 11:23:26,429][kfold_wrapper.log_eval_metrics] Accuracy(layer_9 - estimator_2 - 12_folds.train_11.predict)=75.00%
[ 2020-05-25 11:23:26,433][kfold_wrapper.log_eval_metrics] Accuracy(layer_9 - estimator_2 - 12_folds.train_cv.predict)=73.10%
[ 2020-05-25 11:23:26,436][kfold_wrapper.log_eval_metrics] Accuracy(layer_9 - estimator_2 - 12_folds.test.predict)=62.24%
[ 2020-05-25 11:23:26,441][cascade_classifier.calc_accuracy] Accuracy(layer_9 - train.classifier_average)=66.90%
[ 2020-05-25 11:23:26,442][cascade_classifier.calc_accuracy] Accuracy(layer_9 - test.classifier_average)=41.84%
[ 2020-05-25 11:23:26,444][cascade_classifier.fit_transform] [Result][Optimal Level Detected] opt_layer_num=6, accuracy_train=75.86%, accuracy_test=52.04%
[ 2020-05-25 11:23:26,460][cascade_classifier.transform] X_groups_test.shape=[(323, 5)]
[ 2020-05-25 11:23:26,463][cascade_classifier.transform] group_dims=[5]
[ 2020-05-25 11:23:26,466][cascade_classifier.transform] X_test.shape=(323, 5)
[ 2020-05-25 11:23:26,470][cascade_classifier.transform] [layer=0] look_indexs=[0], X_cur_test.shape=(323, 5)
[ 2020-05-25 11:23:29,231][cascade_classifier.transform] [layer=1] look_indexs=[0], X_cur_test.shape=(323, 11)
[ 2020-05-25 11:23:32,172][cascade_classifier.transform] [layer=2] look_indexs=[0], X_cur_test.shape=(323, 11)
[ 2020-05-25 11:23:35,082][cascade_classifier.transform] [layer=3] look_indexs=[0], X_cur_test.shape=(323, 11)
[ 2020-05-25 11:23:37,978][cascade_classifier.transform] [layer=4] look_indexs=[0], X_cur_test.shape=(323, 11)
[ 2020-05-25 11:23:40,931][cascade_classifier.transform] [layer=5] look_indexs=[0], X_cur_test.shape=(323, 11)
[ 2020-05-25 11:25:40,221][cascade_classifier.fit_transform] X_groups_train.shape=[(145, 5)],y_train.shape=(145,),X_groups_test.shape=[(98, 5)],y_test.shape=(98,)
[ 2020-05-25 11:25:40,223][cascade_classifier.fit_transform] group_dims=[5]
[ 2020-05-25 11:25:40,233][cascade_classifier.fit_transform] group_starts=[0]
[ 2020-05-25 11:25:40,241][cascade_classifier.fit_transform] group_ends=[5]
[ 2020-05-25 11:25:40,249][cascade_classifier.fit_transform] X_train.shape=(145, 5),X_test.shape=(98, 5)
[ 2020-05-25 11:25:40,255][cascade_classifier.fit_transform] [layer=0] look_indexs=[0], X_cur_train.shape=(145, 5), X_cur_test.shape=(98, 5)
[ 2020-05-25 11:25:40,566][kfold_wrapper.log_eval_metrics] Accuracy(layer_0 - estimator_0 - 12_folds.train_0.predict)=76.92%
[ 2020-05-25 11:25:41,016][kfold_wrapper.log_eval_metrics] Accuracy(layer_0 - estimator_0 - 12_folds.train_1.predict)=50.00%
[ 2020-05-25 11:25:41,443][kfold_wrapper.log_eval_metrics] Accuracy(layer_0 - estimator_0 - 12_folds.train_2.predict)=66.67%
[ 2020-05-25 11:25:41,880][kfold_wrapper.log_eval_metrics] Accuracy(layer_0 - estimator_0 - 12_folds.train_3.predict)=75.00%
[ 2020-05-25 11:25:42,297][kfold_wrapper.log_eval_metrics] Accuracy(layer_0 - estimator_0 - 12_folds.train_4.predict)=66.67%
[ 2020-05-25 11:25:42,741][kfold_wrapper.log_eval_metrics] Accuracy(layer_0 - estimator_0 - 12_folds.train_5.predict)=58.33%
[ 2020-05-25 11:25:43,186][kfold_wrapper.log_eval_metrics] Accuracy(layer_0 - estimator_0 - 12_folds.train_6.predict)=75.00%
[ 2020-05-25 11:25:43,596][kfold_wrapper.log_eval_metrics] Accuracy(layer_0 - estimator_0 - 12_folds.train_7.predict)=50.00%
[ 2020-05-25 11:25:44,005][kfold_wrapper.log_eval_metrics] Accuracy(layer_0 - estimator_0 - 12_folds.train_8.predict)=66.67%
[ 2020-05-25 11:25:44,430][kfold_wrapper.log_eval_metrics] Accuracy(layer_0 - estimator_0 - 12_folds.train_9.predict)=66.67%
[ 2020-05-25 11:25:44,883][kfold_wrapper.log_eval_metrics] Accuracy(layer_0 - estimator_0 - 12_folds.train_10.predict)=66.67%
[ 2020-05-25 11:25:45,296][kfold_wrapper.log_eval_metrics] Accuracy(layer_0 - estimator_0 - 12_folds.train_11.predict)=58.33%
[ 2020-05-25 11:25:45,432][kfold_wrapper.log_eval_metrics] Accuracy(layer_0 - estimator_0 - 12_folds.train_cv.predict)=64.83%
[ 2020-05-25 11:25:45,432][kfold_wrapper.log_eval_metrics] Accuracy(layer_0 - estimator_0 - 12_folds.test.predict)=34.69%
