[ 2020-05-27 07:23:02,243][cascade_classifier.fit_transform] X_groups_train.shape=[(1093, 5)],y_train.shape=(1093,),X_groups_test.shape=[(122, 5)],y_test.shape=(122,)
[ 2020-05-27 07:23:02,243][cascade_classifier.fit_transform] group_dims=[5]
[ 2020-05-27 07:23:02,244][cascade_classifier.fit_transform] group_starts=[0]
[ 2020-05-27 07:23:02,244][cascade_classifier.fit_transform] group_ends=[5]
[ 2020-05-27 07:23:02,245][cascade_classifier.fit_transform] X_train.shape=(1093, 5),X_test.shape=(122, 5)
[ 2020-05-27 07:23:02,246][cascade_classifier.fit_transform] [layer=0] look_indexs=[0], X_cur_train.shape=(1093, 5), X_cur_test.shape=(122, 5)
[ 2020-05-27 07:23:02,959][kfold_wrapper.log_eval_metrics] Accuracy(layer_0 - estimator_0 - 5_folds.train_0.predict)=41.55%
[ 2020-05-27 07:23:02,980][kfold_wrapper.log_eval_metrics] Accuracy(layer_0 - estimator_0 - 5_folds.train_1.predict)=33.33%
[ 2020-05-27 07:23:03,002][kfold_wrapper.log_eval_metrics] Accuracy(layer_0 - estimator_0 - 5_folds.train_2.predict)=41.10%
[ 2020-05-27 07:23:03,023][kfold_wrapper.log_eval_metrics] Accuracy(layer_0 - estimator_0 - 5_folds.train_3.predict)=36.24%
[ 2020-05-27 07:23:03,044][kfold_wrapper.log_eval_metrics] Accuracy(layer_0 - estimator_0 - 5_folds.train_4.predict)=38.07%
[ 2020-05-27 07:23:03,046][kfold_wrapper.log_eval_metrics] Accuracy(layer_0 - estimator_0 - 5_folds.train_cv.predict)=38.06%
[ 2020-05-27 07:23:03,047][kfold_wrapper.log_eval_metrics] Accuracy(layer_0 - estimator_0 - 5_folds.test.predict)=43.44%
[ 2020-05-27 07:23:03,267][kfold_wrapper.log_eval_metrics] Accuracy(layer_0 - estimator_1 - 12_folds.train_0.predict)=38.04%
[ 2020-05-27 07:23:03,622][kfold_wrapper.log_eval_metrics] Accuracy(layer_0 - estimator_1 - 12_folds.train_1.predict)=32.97%
[ 2020-05-27 07:23:03,952][kfold_wrapper.log_eval_metrics] Accuracy(layer_0 - estimator_1 - 12_folds.train_2.predict)=31.87%
[ 2020-05-27 07:23:04,306][kfold_wrapper.log_eval_metrics] Accuracy(layer_0 - estimator_1 - 12_folds.train_3.predict)=38.46%
[ 2020-05-27 07:23:04,666][kfold_wrapper.log_eval_metrics] Accuracy(layer_0 - estimator_1 - 12_folds.train_4.predict)=45.05%
[ 2020-05-27 07:23:05,021][kfold_wrapper.log_eval_metrics] Accuracy(layer_0 - estimator_1 - 12_folds.train_5.predict)=29.67%
[ 2020-05-27 07:23:05,369][kfold_wrapper.log_eval_metrics] Accuracy(layer_0 - estimator_1 - 12_folds.train_6.predict)=37.36%
[ 2020-05-27 07:23:05,705][kfold_wrapper.log_eval_metrics] Accuracy(layer_0 - estimator_1 - 12_folds.train_7.predict)=41.76%
[ 2020-05-27 07:23:06,052][kfold_wrapper.log_eval_metrics] Accuracy(layer_0 - estimator_1 - 12_folds.train_8.predict)=32.97%
[ 2020-05-27 07:23:06,402][kfold_wrapper.log_eval_metrics] Accuracy(layer_0 - estimator_1 - 12_folds.train_9.predict)=31.87%
[ 2020-05-27 07:23:06,751][kfold_wrapper.log_eval_metrics] Accuracy(layer_0 - estimator_1 - 12_folds.train_10.predict)=37.36%
[ 2020-05-27 07:23:07,083][kfold_wrapper.log_eval_metrics] Accuracy(layer_0 - estimator_1 - 12_folds.train_11.predict)=30.77%
[ 2020-05-27 07:23:07,200][kfold_wrapper.log_eval_metrics] Accuracy(layer_0 - estimator_1 - 12_folds.train_cv.predict)=35.68%
[ 2020-05-27 07:23:07,204][kfold_wrapper.log_eval_metrics] Accuracy(layer_0 - estimator_1 - 12_folds.test.predict)=38.52%
[ 2020-05-27 07:23:07,452][kfold_wrapper.log_eval_metrics] Accuracy(layer_0 - estimator_2 - 12_folds.train_0.predict)=36.96%
[ 2020-05-27 07:23:07,809][kfold_wrapper.log_eval_metrics] Accuracy(layer_0 - estimator_2 - 12_folds.train_1.predict)=38.46%
[ 2020-05-27 07:23:08,152][kfold_wrapper.log_eval_metrics] Accuracy(layer_0 - estimator_2 - 12_folds.train_2.predict)=37.36%
[ 2020-05-27 07:23:08,495][kfold_wrapper.log_eval_metrics] Accuracy(layer_0 - estimator_2 - 12_folds.train_3.predict)=29.67%
[ 2020-05-27 07:23:08,839][kfold_wrapper.log_eval_metrics] Accuracy(layer_0 - estimator_2 - 12_folds.train_4.predict)=30.77%
[ 2020-05-27 07:23:09,189][kfold_wrapper.log_eval_metrics] Accuracy(layer_0 - estimator_2 - 12_folds.train_5.predict)=41.76%
[ 2020-05-27 07:23:09,527][kfold_wrapper.log_eval_metrics] Accuracy(layer_0 - estimator_2 - 12_folds.train_6.predict)=34.07%
[ 2020-05-27 07:23:09,864][kfold_wrapper.log_eval_metrics] Accuracy(layer_0 - estimator_2 - 12_folds.train_7.predict)=30.77%
[ 2020-05-27 07:23:10,221][kfold_wrapper.log_eval_metrics] Accuracy(layer_0 - estimator_2 - 12_folds.train_8.predict)=40.66%
[ 2020-05-27 07:23:10,556][kfold_wrapper.log_eval_metrics] Accuracy(layer_0 - estimator_2 - 12_folds.train_9.predict)=34.07%
[ 2020-05-27 07:23:10,902][kfold_wrapper.log_eval_metrics] Accuracy(layer_0 - estimator_2 - 12_folds.train_10.predict)=32.97%
[ 2020-05-27 07:23:11,262][kfold_wrapper.log_eval_metrics] Accuracy(layer_0 - estimator_2 - 12_folds.train_11.predict)=34.07%
[ 2020-05-27 07:23:11,379][kfold_wrapper.log_eval_metrics] Accuracy(layer_0 - estimator_2 - 12_folds.train_cv.predict)=35.13%
[ 2020-05-27 07:23:11,382][kfold_wrapper.log_eval_metrics] Accuracy(layer_0 - estimator_2 - 12_folds.test.predict)=36.89%
[ 2020-05-27 07:23:11,428][kfold_wrapper.log_eval_metrics] Accuracy(layer_0 - estimator_3 - 12_folds.train_0.predict)=43.48%
[ 2020-05-27 07:23:11,447][kfold_wrapper.log_eval_metrics] Accuracy(layer_0 - estimator_3 - 12_folds.train_1.predict)=45.05%
[ 2020-05-27 07:23:11,461][kfold_wrapper.log_eval_metrics] Accuracy(layer_0 - estimator_3 - 12_folds.train_2.predict)=42.86%
[ 2020-05-27 07:23:11,475][kfold_wrapper.log_eval_metrics] Accuracy(layer_0 - estimator_3 - 12_folds.train_3.predict)=47.25%
[ 2020-05-27 07:23:11,489][kfold_wrapper.log_eval_metrics] Accuracy(layer_0 - estimator_3 - 12_folds.train_4.predict)=42.86%
[ 2020-05-27 07:23:11,503][kfold_wrapper.log_eval_metrics] Accuracy(layer_0 - estimator_3 - 12_folds.train_5.predict)=47.25%
[ 2020-05-27 07:23:11,515][kfold_wrapper.log_eval_metrics] Accuracy(layer_0 - estimator_3 - 12_folds.train_6.predict)=37.36%
[ 2020-05-27 07:23:11,529][kfold_wrapper.log_eval_metrics] Accuracy(layer_0 - estimator_3 - 12_folds.train_7.predict)=40.66%
[ 2020-05-27 07:23:11,543][kfold_wrapper.log_eval_metrics] Accuracy(layer_0 - estimator_3 - 12_folds.train_8.predict)=38.46%
[ 2020-05-27 07:23:11,557][kfold_wrapper.log_eval_metrics] Accuracy(layer_0 - estimator_3 - 12_folds.train_9.predict)=46.15%
[ 2020-05-27 07:23:11,572][kfold_wrapper.log_eval_metrics] Accuracy(layer_0 - estimator_3 - 12_folds.train_10.predict)=43.96%
[ 2020-05-27 07:23:11,586][kfold_wrapper.log_eval_metrics] Accuracy(layer_0 - estimator_3 - 12_folds.train_11.predict)=42.86%
[ 2020-05-27 07:23:11,587][kfold_wrapper.log_eval_metrics] Accuracy(layer_0 - estimator_3 - 12_folds.train_cv.predict)=43.18%
[ 2020-05-27 07:23:11,587][kfold_wrapper.log_eval_metrics] Accuracy(layer_0 - estimator_3 - 12_folds.test.predict)=43.44%
[ 2020-05-27 07:23:11,588][cascade_classifier.calc_accuracy] Accuracy(layer_0 - train.classifier_average)=37.79%
[ 2020-05-27 07:23:11,589][cascade_classifier.calc_accuracy] Accuracy(layer_0 - test.classifier_average)=40.98%
[ 2020-05-27 07:23:11,589][cascade_classifier.fit_transform] [layer=1] look_indexs=[0], X_cur_train.shape=(1093, 17), X_cur_test.shape=(122, 17)
[ 2020-05-27 07:23:11,615][kfold_wrapper.log_eval_metrics] Accuracy(layer_1 - estimator_0 - 5_folds.train_0.predict)=38.81%
[ 2020-05-27 07:23:11,641][kfold_wrapper.log_eval_metrics] Accuracy(layer_1 - estimator_0 - 5_folds.train_1.predict)=39.73%
[ 2020-05-27 07:23:11,667][kfold_wrapper.log_eval_metrics] Accuracy(layer_1 - estimator_0 - 5_folds.train_2.predict)=45.66%
[ 2020-05-27 07:23:11,692][kfold_wrapper.log_eval_metrics] Accuracy(layer_1 - estimator_0 - 5_folds.train_3.predict)=42.20%
[ 2020-05-27 07:23:11,718][kfold_wrapper.log_eval_metrics] Accuracy(layer_1 - estimator_0 - 5_folds.train_4.predict)=45.41%
[ 2020-05-27 07:23:11,721][kfold_wrapper.log_eval_metrics] Accuracy(layer_1 - estimator_0 - 5_folds.train_cv.predict)=42.36%
[ 2020-05-27 07:23:11,722][kfold_wrapper.log_eval_metrics] Accuracy(layer_1 - estimator_0 - 5_folds.test.predict)=41.80%
[ 2020-05-27 07:23:11,942][kfold_wrapper.log_eval_metrics] Accuracy(layer_1 - estimator_1 - 12_folds.train_0.predict)=43.48%
[ 2020-05-27 07:23:12,297][kfold_wrapper.log_eval_metrics] Accuracy(layer_1 - estimator_1 - 12_folds.train_1.predict)=34.07%
[ 2020-05-27 07:23:12,652][kfold_wrapper.log_eval_metrics] Accuracy(layer_1 - estimator_1 - 12_folds.train_2.predict)=43.96%
[ 2020-05-27 07:23:12,996][kfold_wrapper.log_eval_metrics] Accuracy(layer_1 - estimator_1 - 12_folds.train_3.predict)=51.65%
[ 2020-05-27 07:23:13,339][kfold_wrapper.log_eval_metrics] Accuracy(layer_1 - estimator_1 - 12_folds.train_4.predict)=37.36%
[ 2020-05-27 07:23:13,690][kfold_wrapper.log_eval_metrics] Accuracy(layer_1 - estimator_1 - 12_folds.train_5.predict)=46.15%
[ 2020-05-27 07:23:14,020][kfold_wrapper.log_eval_metrics] Accuracy(layer_1 - estimator_1 - 12_folds.train_6.predict)=37.36%
[ 2020-05-27 07:23:14,366][kfold_wrapper.log_eval_metrics] Accuracy(layer_1 - estimator_1 - 12_folds.train_7.predict)=46.15%
[ 2020-05-27 07:23:14,725][kfold_wrapper.log_eval_metrics] Accuracy(layer_1 - estimator_1 - 12_folds.train_8.predict)=41.76%
[ 2020-05-27 07:23:15,083][kfold_wrapper.log_eval_metrics] Accuracy(layer_1 - estimator_1 - 12_folds.train_9.predict)=38.46%
[ 2020-05-27 07:23:15,432][kfold_wrapper.log_eval_metrics] Accuracy(layer_1 - estimator_1 - 12_folds.train_10.predict)=42.86%
[ 2020-05-27 07:23:15,790][kfold_wrapper.log_eval_metrics] Accuracy(layer_1 - estimator_1 - 12_folds.train_11.predict)=41.76%
[ 2020-05-27 07:23:15,907][kfold_wrapper.log_eval_metrics] Accuracy(layer_1 - estimator_1 - 12_folds.train_cv.predict)=42.09%
[ 2020-05-27 07:23:15,910][kfold_wrapper.log_eval_metrics] Accuracy(layer_1 - estimator_1 - 12_folds.test.predict)=39.34%
[ 2020-05-27 07:23:16,150][kfold_wrapper.log_eval_metrics] Accuracy(layer_1 - estimator_2 - 12_folds.train_0.predict)=39.13%
[ 2020-05-27 07:23:16,499][kfold_wrapper.log_eval_metrics] Accuracy(layer_1 - estimator_2 - 12_folds.train_1.predict)=36.26%
[ 2020-05-27 07:23:16,842][kfold_wrapper.log_eval_metrics] Accuracy(layer_1 - estimator_2 - 12_folds.train_2.predict)=47.25%
[ 2020-05-27 07:23:17,195][kfold_wrapper.log_eval_metrics] Accuracy(layer_1 - estimator_2 - 12_folds.train_3.predict)=40.66%
[ 2020-05-27 07:23:17,548][kfold_wrapper.log_eval_metrics] Accuracy(layer_1 - estimator_2 - 12_folds.train_4.predict)=43.96%
[ 2020-05-27 07:23:17,900][kfold_wrapper.log_eval_metrics] Accuracy(layer_1 - estimator_2 - 12_folds.train_5.predict)=50.55%
[ 2020-05-27 07:23:18,247][kfold_wrapper.log_eval_metrics] Accuracy(layer_1 - estimator_2 - 12_folds.train_6.predict)=43.96%
[ 2020-05-27 07:23:18,607][kfold_wrapper.log_eval_metrics] Accuracy(layer_1 - estimator_2 - 12_folds.train_7.predict)=32.97%
[ 2020-05-27 07:23:18,939][kfold_wrapper.log_eval_metrics] Accuracy(layer_1 - estimator_2 - 12_folds.train_8.predict)=51.65%
[ 2020-05-27 07:23:19,270][kfold_wrapper.log_eval_metrics] Accuracy(layer_1 - estimator_2 - 12_folds.train_9.predict)=36.26%
[ 2020-05-27 07:23:19,625][kfold_wrapper.log_eval_metrics] Accuracy(layer_1 - estimator_2 - 12_folds.train_10.predict)=43.96%
[ 2020-05-27 07:23:19,981][kfold_wrapper.log_eval_metrics] Accuracy(layer_1 - estimator_2 - 12_folds.train_11.predict)=39.56%
[ 2020-05-27 07:23:20,099][kfold_wrapper.log_eval_metrics] Accuracy(layer_1 - estimator_2 - 12_folds.train_cv.predict)=42.18%
[ 2020-05-27 07:23:20,102][kfold_wrapper.log_eval_metrics] Accuracy(layer_1 - estimator_2 - 12_folds.test.predict)=43.44%
[ 2020-05-27 07:23:20,190][kfold_wrapper.log_eval_metrics] Accuracy(layer_1 - estimator_3 - 12_folds.train_0.predict)=39.13%
[ 2020-05-27 07:23:20,229][kfold_wrapper.log_eval_metrics] Accuracy(layer_1 - estimator_3 - 12_folds.train_1.predict)=46.15%
[ 2020-05-27 07:23:20,270][kfold_wrapper.log_eval_metrics] Accuracy(layer_1 - estimator_3 - 12_folds.train_2.predict)=49.45%
[ 2020-05-27 07:23:20,313][kfold_wrapper.log_eval_metrics] Accuracy(layer_1 - estimator_3 - 12_folds.train_3.predict)=56.04%
[ 2020-05-27 07:23:20,354][kfold_wrapper.log_eval_metrics] Accuracy(layer_1 - estimator_3 - 12_folds.train_4.predict)=50.55%
[ 2020-05-27 07:23:20,395][kfold_wrapper.log_eval_metrics] Accuracy(layer_1 - estimator_3 - 12_folds.train_5.predict)=32.97%
[ 2020-05-27 07:23:20,436][kfold_wrapper.log_eval_metrics] Accuracy(layer_1 - estimator_3 - 12_folds.train_6.predict)=39.56%
[ 2020-05-27 07:23:20,477][kfold_wrapper.log_eval_metrics] Accuracy(layer_1 - estimator_3 - 12_folds.train_7.predict)=46.15%
[ 2020-05-27 07:23:20,519][kfold_wrapper.log_eval_metrics] Accuracy(layer_1 - estimator_3 - 12_folds.train_8.predict)=40.66%
[ 2020-05-27 07:23:20,562][kfold_wrapper.log_eval_metrics] Accuracy(layer_1 - estimator_3 - 12_folds.train_9.predict)=46.15%
[ 2020-05-27 07:23:20,604][kfold_wrapper.log_eval_metrics] Accuracy(layer_1 - estimator_3 - 12_folds.train_10.predict)=37.36%
[ 2020-05-27 07:23:20,646][kfold_wrapper.log_eval_metrics] Accuracy(layer_1 - estimator_3 - 12_folds.train_11.predict)=34.07%
[ 2020-05-27 07:23:20,647][kfold_wrapper.log_eval_metrics] Accuracy(layer_1 - estimator_3 - 12_folds.train_cv.predict)=43.18%
[ 2020-05-27 07:23:20,648][kfold_wrapper.log_eval_metrics] Accuracy(layer_1 - estimator_3 - 12_folds.test.predict)=43.44%
[ 2020-05-27 07:23:20,649][cascade_classifier.calc_accuracy] Accuracy(layer_1 - train.classifier_average)=44.46%
[ 2020-05-27 07:23:20,649][cascade_classifier.calc_accuracy] Accuracy(layer_1 - test.classifier_average)=43.44%
[ 2020-05-27 07:23:20,650][cascade_classifier.fit_transform] [layer=2] look_indexs=[0], X_cur_train.shape=(1093, 17), X_cur_test.shape=(122, 17)
[ 2020-05-27 07:23:20,677][kfold_wrapper.log_eval_metrics] Accuracy(layer_2 - estimator_0 - 5_folds.train_0.predict)=45.21%
[ 2020-05-27 07:23:20,705][kfold_wrapper.log_eval_metrics] Accuracy(layer_2 - estimator_0 - 5_folds.train_1.predict)=39.73%
[ 2020-05-27 07:23:20,729][kfold_wrapper.log_eval_metrics] Accuracy(layer_2 - estimator_0 - 5_folds.train_2.predict)=43.84%
[ 2020-05-27 07:23:20,756][kfold_wrapper.log_eval_metrics] Accuracy(layer_2 - estimator_0 - 5_folds.train_3.predict)=36.24%
[ 2020-05-27 07:23:20,781][kfold_wrapper.log_eval_metrics] Accuracy(layer_2 - estimator_0 - 5_folds.train_4.predict)=38.99%
[ 2020-05-27 07:23:20,784][kfold_wrapper.log_eval_metrics] Accuracy(layer_2 - estimator_0 - 5_folds.train_cv.predict)=40.81%
[ 2020-05-27 07:23:20,786][kfold_wrapper.log_eval_metrics] Accuracy(layer_2 - estimator_0 - 5_folds.test.predict)=44.26%
[ 2020-05-27 07:23:21,006][kfold_wrapper.log_eval_metrics] Accuracy(layer_2 - estimator_1 - 12_folds.train_0.predict)=35.87%
[ 2020-05-27 07:23:21,349][kfold_wrapper.log_eval_metrics] Accuracy(layer_2 - estimator_1 - 12_folds.train_1.predict)=36.26%
[ 2020-05-27 07:23:21,704][kfold_wrapper.log_eval_metrics] Accuracy(layer_2 - estimator_1 - 12_folds.train_2.predict)=46.15%
[ 2020-05-27 07:23:22,063][kfold_wrapper.log_eval_metrics] Accuracy(layer_2 - estimator_1 - 12_folds.train_3.predict)=41.76%
[ 2020-05-27 07:23:22,422][kfold_wrapper.log_eval_metrics] Accuracy(layer_2 - estimator_1 - 12_folds.train_4.predict)=35.16%
[ 2020-05-27 07:23:22,781][kfold_wrapper.log_eval_metrics] Accuracy(layer_2 - estimator_1 - 12_folds.train_5.predict)=39.56%
[ 2020-05-27 07:23:23,139][kfold_wrapper.log_eval_metrics] Accuracy(layer_2 - estimator_1 - 12_folds.train_6.predict)=31.87%
[ 2020-05-27 07:23:23,487][kfold_wrapper.log_eval_metrics] Accuracy(layer_2 - estimator_1 - 12_folds.train_7.predict)=50.55%
[ 2020-05-27 07:23:23,844][kfold_wrapper.log_eval_metrics] Accuracy(layer_2 - estimator_1 - 12_folds.train_8.predict)=53.85%
[ 2020-05-27 07:23:24,193][kfold_wrapper.log_eval_metrics] Accuracy(layer_2 - estimator_1 - 12_folds.train_9.predict)=36.26%
[ 2020-05-27 07:23:24,551][kfold_wrapper.log_eval_metrics] Accuracy(layer_2 - estimator_1 - 12_folds.train_10.predict)=32.97%
[ 2020-05-27 07:23:24,911][kfold_wrapper.log_eval_metrics] Accuracy(layer_2 - estimator_1 - 12_folds.train_11.predict)=39.56%
[ 2020-05-27 07:23:25,027][kfold_wrapper.log_eval_metrics] Accuracy(layer_2 - estimator_1 - 12_folds.train_cv.predict)=39.98%
[ 2020-05-27 07:23:25,029][kfold_wrapper.log_eval_metrics] Accuracy(layer_2 - estimator_1 - 12_folds.test.predict)=42.62%
[ 2020-05-27 07:23:25,265][kfold_wrapper.log_eval_metrics] Accuracy(layer_2 - estimator_2 - 12_folds.train_0.predict)=34.78%
[ 2020-05-27 07:23:25,615][kfold_wrapper.log_eval_metrics] Accuracy(layer_2 - estimator_2 - 12_folds.train_1.predict)=40.66%
[ 2020-05-27 07:23:25,950][kfold_wrapper.log_eval_metrics] Accuracy(layer_2 - estimator_2 - 12_folds.train_2.predict)=35.16%
[ 2020-05-27 07:23:26,306][kfold_wrapper.log_eval_metrics] Accuracy(layer_2 - estimator_2 - 12_folds.train_3.predict)=50.55%
[ 2020-05-27 07:23:26,655][kfold_wrapper.log_eval_metrics] Accuracy(layer_2 - estimator_2 - 12_folds.train_4.predict)=41.76%
[ 2020-05-27 07:23:27,010][kfold_wrapper.log_eval_metrics] Accuracy(layer_2 - estimator_2 - 12_folds.train_5.predict)=30.77%
[ 2020-05-27 07:23:27,348][kfold_wrapper.log_eval_metrics] Accuracy(layer_2 - estimator_2 - 12_folds.train_6.predict)=47.25%
[ 2020-05-27 07:23:27,693][kfold_wrapper.log_eval_metrics] Accuracy(layer_2 - estimator_2 - 12_folds.train_7.predict)=39.56%
[ 2020-05-27 07:23:28,021][kfold_wrapper.log_eval_metrics] Accuracy(layer_2 - estimator_2 - 12_folds.train_8.predict)=35.16%
[ 2020-05-27 07:23:28,365][kfold_wrapper.log_eval_metrics] Accuracy(layer_2 - estimator_2 - 12_folds.train_9.predict)=38.46%
[ 2020-05-27 07:23:28,703][kfold_wrapper.log_eval_metrics] Accuracy(layer_2 - estimator_2 - 12_folds.train_10.predict)=38.46%
[ 2020-05-27 07:23:29,034][kfold_wrapper.log_eval_metrics] Accuracy(layer_2 - estimator_2 - 12_folds.train_11.predict)=43.96%
[ 2020-05-27 07:23:29,147][kfold_wrapper.log_eval_metrics] Accuracy(layer_2 - estimator_2 - 12_folds.train_cv.predict)=39.71%
[ 2020-05-27 07:23:29,149][kfold_wrapper.log_eval_metrics] Accuracy(layer_2 - estimator_2 - 12_folds.test.predict)=45.90%
[ 2020-05-27 07:23:29,224][kfold_wrapper.log_eval_metrics] Accuracy(layer_2 - estimator_3 - 12_folds.train_0.predict)=47.83%
[ 2020-05-27 07:23:29,269][kfold_wrapper.log_eval_metrics] Accuracy(layer_2 - estimator_3 - 12_folds.train_1.predict)=49.45%
[ 2020-05-27 07:23:29,311][kfold_wrapper.log_eval_metrics] Accuracy(layer_2 - estimator_3 - 12_folds.train_2.predict)=45.05%
[ 2020-05-27 07:23:29,354][kfold_wrapper.log_eval_metrics] Accuracy(layer_2 - estimator_3 - 12_folds.train_3.predict)=36.26%
[ 2020-05-27 07:23:29,397][kfold_wrapper.log_eval_metrics] Accuracy(layer_2 - estimator_3 - 12_folds.train_4.predict)=50.55%
[ 2020-05-27 07:23:29,438][kfold_wrapper.log_eval_metrics] Accuracy(layer_2 - estimator_3 - 12_folds.train_5.predict)=51.65%
[ 2020-05-27 07:23:29,480][kfold_wrapper.log_eval_metrics] Accuracy(layer_2 - estimator_3 - 12_folds.train_6.predict)=51.65%
[ 2020-05-27 07:23:29,523][kfold_wrapper.log_eval_metrics] Accuracy(layer_2 - estimator_3 - 12_folds.train_7.predict)=47.25%
[ 2020-05-27 07:23:29,568][kfold_wrapper.log_eval_metrics] Accuracy(layer_2 - estimator_3 - 12_folds.train_8.predict)=40.66%
[ 2020-05-27 07:23:29,609][kfold_wrapper.log_eval_metrics] Accuracy(layer_2 - estimator_3 - 12_folds.train_9.predict)=35.16%
[ 2020-05-27 07:23:29,650][kfold_wrapper.log_eval_metrics] Accuracy(layer_2 - estimator_3 - 12_folds.train_10.predict)=39.56%
[ 2020-05-27 07:23:29,693][kfold_wrapper.log_eval_metrics] Accuracy(layer_2 - estimator_3 - 12_folds.train_11.predict)=47.25%
[ 2020-05-27 07:23:29,694][kfold_wrapper.log_eval_metrics] Accuracy(layer_2 - estimator_3 - 12_folds.train_cv.predict)=45.20%
[ 2020-05-27 07:23:29,694][kfold_wrapper.log_eval_metrics] Accuracy(layer_2 - estimator_3 - 12_folds.test.predict)=43.44%
[ 2020-05-27 07:23:29,695][cascade_classifier.calc_accuracy] Accuracy(layer_2 - train.classifier_average)=43.46%
[ 2020-05-27 07:23:29,696][cascade_classifier.calc_accuracy] Accuracy(layer_2 - test.classifier_average)=43.44%
[ 2020-05-27 07:23:29,697][cascade_classifier.fit_transform] [layer=3] look_indexs=[0], X_cur_train.shape=(1093, 17), X_cur_test.shape=(122, 17)
[ 2020-05-27 07:23:29,723][kfold_wrapper.log_eval_metrics] Accuracy(layer_3 - estimator_0 - 5_folds.train_0.predict)=42.92%
[ 2020-05-27 07:23:29,749][kfold_wrapper.log_eval_metrics] Accuracy(layer_3 - estimator_0 - 5_folds.train_1.predict)=40.18%
[ 2020-05-27 07:23:29,777][kfold_wrapper.log_eval_metrics] Accuracy(layer_3 - estimator_0 - 5_folds.train_2.predict)=44.75%
[ 2020-05-27 07:23:29,804][kfold_wrapper.log_eval_metrics] Accuracy(layer_3 - estimator_0 - 5_folds.train_3.predict)=41.74%
[ 2020-05-27 07:23:29,830][kfold_wrapper.log_eval_metrics] Accuracy(layer_3 - estimator_0 - 5_folds.train_4.predict)=41.28%
[ 2020-05-27 07:23:29,833][kfold_wrapper.log_eval_metrics] Accuracy(layer_3 - estimator_0 - 5_folds.train_cv.predict)=42.18%
[ 2020-05-27 07:23:29,834][kfold_wrapper.log_eval_metrics] Accuracy(layer_3 - estimator_0 - 5_folds.test.predict)=43.44%
[ 2020-05-27 07:23:30,054][kfold_wrapper.log_eval_metrics] Accuracy(layer_3 - estimator_1 - 12_folds.train_0.predict)=41.30%
[ 2020-05-27 07:23:30,387][kfold_wrapper.log_eval_metrics] Accuracy(layer_3 - estimator_1 - 12_folds.train_1.predict)=42.86%
[ 2020-05-27 07:23:30,722][kfold_wrapper.log_eval_metrics] Accuracy(layer_3 - estimator_1 - 12_folds.train_2.predict)=35.16%
[ 2020-05-27 07:23:31,074][kfold_wrapper.log_eval_metrics] Accuracy(layer_3 - estimator_1 - 12_folds.train_3.predict)=40.66%
[ 2020-05-27 07:23:31,403][kfold_wrapper.log_eval_metrics] Accuracy(layer_3 - estimator_1 - 12_folds.train_4.predict)=37.36%
[ 2020-05-27 07:23:31,772][kfold_wrapper.log_eval_metrics] Accuracy(layer_3 - estimator_1 - 12_folds.train_5.predict)=34.07%
[ 2020-05-27 07:23:32,126][kfold_wrapper.log_eval_metrics] Accuracy(layer_3 - estimator_1 - 12_folds.train_6.predict)=34.07%
[ 2020-05-27 07:23:32,455][kfold_wrapper.log_eval_metrics] Accuracy(layer_3 - estimator_1 - 12_folds.train_7.predict)=48.35%
[ 2020-05-27 07:23:32,804][kfold_wrapper.log_eval_metrics] Accuracy(layer_3 - estimator_1 - 12_folds.train_8.predict)=30.77%
[ 2020-05-27 07:23:33,132][kfold_wrapper.log_eval_metrics] Accuracy(layer_3 - estimator_1 - 12_folds.train_9.predict)=35.16%
[ 2020-05-27 07:23:33,479][kfold_wrapper.log_eval_metrics] Accuracy(layer_3 - estimator_1 - 12_folds.train_10.predict)=35.16%
[ 2020-05-27 07:23:33,825][kfold_wrapper.log_eval_metrics] Accuracy(layer_3 - estimator_1 - 12_folds.train_11.predict)=39.56%
[ 2020-05-27 07:23:33,936][kfold_wrapper.log_eval_metrics] Accuracy(layer_3 - estimator_1 - 12_folds.train_cv.predict)=37.88%
[ 2020-05-27 07:23:33,938][kfold_wrapper.log_eval_metrics] Accuracy(layer_3 - estimator_1 - 12_folds.test.predict)=40.16%
[ 2020-05-27 07:23:34,174][kfold_wrapper.log_eval_metrics] Accuracy(layer_3 - estimator_2 - 12_folds.train_0.predict)=36.96%
[ 2020-05-27 07:23:34,510][kfold_wrapper.log_eval_metrics] Accuracy(layer_3 - estimator_2 - 12_folds.train_1.predict)=42.86%
[ 2020-05-27 07:23:34,866][kfold_wrapper.log_eval_metrics] Accuracy(layer_3 - estimator_2 - 12_folds.train_2.predict)=46.15%
[ 2020-05-27 07:23:35,211][kfold_wrapper.log_eval_metrics] Accuracy(layer_3 - estimator_2 - 12_folds.train_3.predict)=37.36%
[ 2020-05-27 07:23:35,561][kfold_wrapper.log_eval_metrics] Accuracy(layer_3 - estimator_2 - 12_folds.train_4.predict)=36.26%
[ 2020-05-27 07:23:35,915][kfold_wrapper.log_eval_metrics] Accuracy(layer_3 - estimator_2 - 12_folds.train_5.predict)=41.76%
[ 2020-05-27 07:23:36,275][kfold_wrapper.log_eval_metrics] Accuracy(layer_3 - estimator_2 - 12_folds.train_6.predict)=37.36%
[ 2020-05-27 07:23:36,637][kfold_wrapper.log_eval_metrics] Accuracy(layer_3 - estimator_2 - 12_folds.train_7.predict)=30.77%
[ 2020-05-27 07:23:36,957][kfold_wrapper.log_eval_metrics] Accuracy(layer_3 - estimator_2 - 12_folds.train_8.predict)=46.15%
[ 2020-05-27 07:23:37,319][kfold_wrapper.log_eval_metrics] Accuracy(layer_3 - estimator_2 - 12_folds.train_9.predict)=42.86%
[ 2020-05-27 07:23:37,676][kfold_wrapper.log_eval_metrics] Accuracy(layer_3 - estimator_2 - 12_folds.train_10.predict)=35.16%
[ 2020-05-27 07:23:38,032][kfold_wrapper.log_eval_metrics] Accuracy(layer_3 - estimator_2 - 12_folds.train_11.predict)=43.96%
[ 2020-05-27 07:23:38,144][kfold_wrapper.log_eval_metrics] Accuracy(layer_3 - estimator_2 - 12_folds.train_cv.predict)=39.80%
[ 2020-05-27 07:23:38,147][kfold_wrapper.log_eval_metrics] Accuracy(layer_3 - estimator_2 - 12_folds.test.predict)=41.80%
[ 2020-05-27 07:23:38,224][kfold_wrapper.log_eval_metrics] Accuracy(layer_3 - estimator_3 - 12_folds.train_0.predict)=47.83%
[ 2020-05-27 07:23:38,267][kfold_wrapper.log_eval_metrics] Accuracy(layer_3 - estimator_3 - 12_folds.train_1.predict)=47.25%
[ 2020-05-27 07:23:38,312][kfold_wrapper.log_eval_metrics] Accuracy(layer_3 - estimator_3 - 12_folds.train_2.predict)=43.96%
[ 2020-05-27 07:23:38,357][kfold_wrapper.log_eval_metrics] Accuracy(layer_3 - estimator_3 - 12_folds.train_3.predict)=45.05%
[ 2020-05-27 07:23:38,401][kfold_wrapper.log_eval_metrics] Accuracy(layer_3 - estimator_3 - 12_folds.train_4.predict)=47.25%
[ 2020-05-27 07:23:38,446][kfold_wrapper.log_eval_metrics] Accuracy(layer_3 - estimator_3 - 12_folds.train_5.predict)=38.46%
[ 2020-05-27 07:23:38,489][kfold_wrapper.log_eval_metrics] Accuracy(layer_3 - estimator_3 - 12_folds.train_6.predict)=47.25%
[ 2020-05-27 07:23:38,534][kfold_wrapper.log_eval_metrics] Accuracy(layer_3 - estimator_3 - 12_folds.train_7.predict)=56.04%
[ 2020-05-27 07:23:38,577][kfold_wrapper.log_eval_metrics] Accuracy(layer_3 - estimator_3 - 12_folds.train_8.predict)=47.25%
[ 2020-05-27 07:23:38,622][kfold_wrapper.log_eval_metrics] Accuracy(layer_3 - estimator_3 - 12_folds.train_9.predict)=45.05%
[ 2020-05-27 07:23:38,667][kfold_wrapper.log_eval_metrics] Accuracy(layer_3 - estimator_3 - 12_folds.train_10.predict)=43.96%
[ 2020-05-27 07:23:38,710][kfold_wrapper.log_eval_metrics] Accuracy(layer_3 - estimator_3 - 12_folds.train_11.predict)=46.15%
[ 2020-05-27 07:23:38,711][kfold_wrapper.log_eval_metrics] Accuracy(layer_3 - estimator_3 - 12_folds.train_cv.predict)=46.29%
[ 2020-05-27 07:23:38,711][kfold_wrapper.log_eval_metrics] Accuracy(layer_3 - estimator_3 - 12_folds.test.predict)=43.44%
[ 2020-05-27 07:23:38,712][cascade_classifier.calc_accuracy] Accuracy(layer_3 - train.classifier_average)=43.09%
[ 2020-05-27 07:23:38,713][cascade_classifier.calc_accuracy] Accuracy(layer_3 - test.classifier_average)=42.62%
[ 2020-05-27 07:23:38,714][cascade_classifier.fit_transform] [layer=4] look_indexs=[0], X_cur_train.shape=(1093, 17), X_cur_test.shape=(122, 17)
[ 2020-05-27 07:23:38,740][kfold_wrapper.log_eval_metrics] Accuracy(layer_4 - estimator_0 - 5_folds.train_0.predict)=42.47%
[ 2020-05-27 07:23:38,767][kfold_wrapper.log_eval_metrics] Accuracy(layer_4 - estimator_0 - 5_folds.train_1.predict)=39.27%
[ 2020-05-27 07:23:38,793][kfold_wrapper.log_eval_metrics] Accuracy(layer_4 - estimator_0 - 5_folds.train_2.predict)=45.66%
[ 2020-05-27 07:23:38,820][kfold_wrapper.log_eval_metrics] Accuracy(layer_4 - estimator_0 - 5_folds.train_3.predict)=45.41%
[ 2020-05-27 07:23:38,847][kfold_wrapper.log_eval_metrics] Accuracy(layer_4 - estimator_0 - 5_folds.train_4.predict)=38.07%
[ 2020-05-27 07:23:38,850][kfold_wrapper.log_eval_metrics] Accuracy(layer_4 - estimator_0 - 5_folds.train_cv.predict)=42.18%
[ 2020-05-27 07:23:38,851][kfold_wrapper.log_eval_metrics] Accuracy(layer_4 - estimator_0 - 5_folds.test.predict)=42.62%
[ 2020-05-27 07:23:39,069][kfold_wrapper.log_eval_metrics] Accuracy(layer_4 - estimator_1 - 12_folds.train_0.predict)=42.39%
[ 2020-05-27 07:23:39,413][kfold_wrapper.log_eval_metrics] Accuracy(layer_4 - estimator_1 - 12_folds.train_1.predict)=41.76%
[ 2020-05-27 07:23:39,773][kfold_wrapper.log_eval_metrics] Accuracy(layer_4 - estimator_1 - 12_folds.train_2.predict)=38.46%
[ 2020-05-27 07:23:40,123][kfold_wrapper.log_eval_metrics] Accuracy(layer_4 - estimator_1 - 12_folds.train_3.predict)=37.36%
[ 2020-05-27 07:23:40,470][kfold_wrapper.log_eval_metrics] Accuracy(layer_4 - estimator_1 - 12_folds.train_4.predict)=41.76%
[ 2020-05-27 07:23:40,819][kfold_wrapper.log_eval_metrics] Accuracy(layer_4 - estimator_1 - 12_folds.train_5.predict)=39.56%
[ 2020-05-27 07:23:41,168][kfold_wrapper.log_eval_metrics] Accuracy(layer_4 - estimator_1 - 12_folds.train_6.predict)=40.66%
[ 2020-05-27 07:23:41,515][kfold_wrapper.log_eval_metrics] Accuracy(layer_4 - estimator_1 - 12_folds.train_7.predict)=36.26%
[ 2020-05-27 07:23:41,869][kfold_wrapper.log_eval_metrics] Accuracy(layer_4 - estimator_1 - 12_folds.train_8.predict)=48.35%
[ 2020-05-27 07:23:42,221][kfold_wrapper.log_eval_metrics] Accuracy(layer_4 - estimator_1 - 12_folds.train_9.predict)=43.96%
[ 2020-05-27 07:23:42,581][kfold_wrapper.log_eval_metrics] Accuracy(layer_4 - estimator_1 - 12_folds.train_10.predict)=39.56%
[ 2020-05-27 07:23:42,931][kfold_wrapper.log_eval_metrics] Accuracy(layer_4 - estimator_1 - 12_folds.train_11.predict)=41.76%
[ 2020-05-27 07:23:43,048][kfold_wrapper.log_eval_metrics] Accuracy(layer_4 - estimator_1 - 12_folds.train_cv.predict)=40.99%
[ 2020-05-27 07:23:43,051][kfold_wrapper.log_eval_metrics] Accuracy(layer_4 - estimator_1 - 12_folds.test.predict)=40.98%
[ 2020-05-27 07:23:43,290][kfold_wrapper.log_eval_metrics] Accuracy(layer_4 - estimator_2 - 12_folds.train_0.predict)=40.22%
[ 2020-05-27 07:23:43,648][kfold_wrapper.log_eval_metrics] Accuracy(layer_4 - estimator_2 - 12_folds.train_1.predict)=46.15%
[ 2020-05-27 07:23:43,996][kfold_wrapper.log_eval_metrics] Accuracy(layer_4 - estimator_2 - 12_folds.train_2.predict)=37.36%
[ 2020-05-27 07:23:44,346][kfold_wrapper.log_eval_metrics] Accuracy(layer_4 - estimator_2 - 12_folds.train_3.predict)=32.97%
[ 2020-05-27 07:23:44,704][kfold_wrapper.log_eval_metrics] Accuracy(layer_4 - estimator_2 - 12_folds.train_4.predict)=41.76%
[ 2020-05-27 07:23:45,042][kfold_wrapper.log_eval_metrics] Accuracy(layer_4 - estimator_2 - 12_folds.train_5.predict)=45.05%
[ 2020-05-27 07:23:45,390][kfold_wrapper.log_eval_metrics] Accuracy(layer_4 - estimator_2 - 12_folds.train_6.predict)=31.87%
[ 2020-05-27 07:23:45,741][kfold_wrapper.log_eval_metrics] Accuracy(layer_4 - estimator_2 - 12_folds.train_7.predict)=49.45%
[ 2020-05-27 07:23:46,094][kfold_wrapper.log_eval_metrics] Accuracy(layer_4 - estimator_2 - 12_folds.train_8.predict)=34.07%
[ 2020-05-27 07:23:46,444][kfold_wrapper.log_eval_metrics] Accuracy(layer_4 - estimator_2 - 12_folds.train_9.predict)=39.56%
[ 2020-05-27 07:23:46,803][kfold_wrapper.log_eval_metrics] Accuracy(layer_4 - estimator_2 - 12_folds.train_10.predict)=36.26%
[ 2020-05-27 07:23:47,140][kfold_wrapper.log_eval_metrics] Accuracy(layer_4 - estimator_2 - 12_folds.train_11.predict)=29.67%
[ 2020-05-27 07:23:47,262][kfold_wrapper.log_eval_metrics] Accuracy(layer_4 - estimator_2 - 12_folds.train_cv.predict)=38.70%
[ 2020-05-27 07:23:47,264][kfold_wrapper.log_eval_metrics] Accuracy(layer_4 - estimator_2 - 12_folds.test.predict)=43.44%
[ 2020-05-27 07:23:47,339][kfold_wrapper.log_eval_metrics] Accuracy(layer_4 - estimator_3 - 12_folds.train_0.predict)=42.39%
[ 2020-05-27 07:23:47,386][kfold_wrapper.log_eval_metrics] Accuracy(layer_4 - estimator_3 - 12_folds.train_1.predict)=43.96%
[ 2020-05-27 07:23:47,429][kfold_wrapper.log_eval_metrics] Accuracy(layer_4 - estimator_3 - 12_folds.train_2.predict)=45.05%
[ 2020-05-27 07:23:47,471][kfold_wrapper.log_eval_metrics] Accuracy(layer_4 - estimator_3 - 12_folds.train_3.predict)=45.05%
[ 2020-05-27 07:23:47,514][kfold_wrapper.log_eval_metrics] Accuracy(layer_4 - estimator_3 - 12_folds.train_4.predict)=50.55%
[ 2020-05-27 07:23:47,559][kfold_wrapper.log_eval_metrics] Accuracy(layer_4 - estimator_3 - 12_folds.train_5.predict)=45.05%
[ 2020-05-27 07:23:47,605][kfold_wrapper.log_eval_metrics] Accuracy(layer_4 - estimator_3 - 12_folds.train_6.predict)=29.67%
[ 2020-05-27 07:23:47,648][kfold_wrapper.log_eval_metrics] Accuracy(layer_4 - estimator_3 - 12_folds.train_7.predict)=34.07%
[ 2020-05-27 07:23:47,692][kfold_wrapper.log_eval_metrics] Accuracy(layer_4 - estimator_3 - 12_folds.train_8.predict)=40.66%
[ 2020-05-27 07:23:47,735][kfold_wrapper.log_eval_metrics] Accuracy(layer_4 - estimator_3 - 12_folds.train_9.predict)=41.76%
[ 2020-05-27 07:23:47,779][kfold_wrapper.log_eval_metrics] Accuracy(layer_4 - estimator_3 - 12_folds.train_10.predict)=40.66%
[ 2020-05-27 07:23:47,826][kfold_wrapper.log_eval_metrics] Accuracy(layer_4 - estimator_3 - 12_folds.train_11.predict)=40.66%
[ 2020-05-27 07:23:47,827][kfold_wrapper.log_eval_metrics] Accuracy(layer_4 - estimator_3 - 12_folds.train_cv.predict)=41.63%
[ 2020-05-27 07:23:47,827][kfold_wrapper.log_eval_metrics] Accuracy(layer_4 - estimator_3 - 12_folds.test.predict)=43.44%
[ 2020-05-27 07:23:47,828][cascade_classifier.calc_accuracy] Accuracy(layer_4 - train.classifier_average)=42.45%
[ 2020-05-27 07:23:47,829][cascade_classifier.calc_accuracy] Accuracy(layer_4 - test.classifier_average)=42.62%
[ 2020-05-27 07:23:47,830][cascade_classifier.fit_transform] [layer=5] look_indexs=[0], X_cur_train.shape=(1093, 17), X_cur_test.shape=(122, 17)
[ 2020-05-27 07:23:47,858][kfold_wrapper.log_eval_metrics] Accuracy(layer_5 - estimator_0 - 5_folds.train_0.predict)=41.10%
[ 2020-05-27 07:23:47,885][kfold_wrapper.log_eval_metrics] Accuracy(layer_5 - estimator_0 - 5_folds.train_1.predict)=44.75%
[ 2020-05-27 07:23:47,914][kfold_wrapper.log_eval_metrics] Accuracy(layer_5 - estimator_0 - 5_folds.train_2.predict)=36.07%
[ 2020-05-27 07:23:47,942][kfold_wrapper.log_eval_metrics] Accuracy(layer_5 - estimator_0 - 5_folds.train_3.predict)=39.45%
[ 2020-05-27 07:23:47,970][kfold_wrapper.log_eval_metrics] Accuracy(layer_5 - estimator_0 - 5_folds.train_4.predict)=35.78%
[ 2020-05-27 07:23:47,972][kfold_wrapper.log_eval_metrics] Accuracy(layer_5 - estimator_0 - 5_folds.train_cv.predict)=39.43%
[ 2020-05-27 07:23:47,974][kfold_wrapper.log_eval_metrics] Accuracy(layer_5 - estimator_0 - 5_folds.test.predict)=44.26%
[ 2020-05-27 07:23:48,194][kfold_wrapper.log_eval_metrics] Accuracy(layer_5 - estimator_1 - 12_folds.train_0.predict)=36.96%
[ 2020-05-27 07:23:48,545][kfold_wrapper.log_eval_metrics] Accuracy(layer_5 - estimator_1 - 12_folds.train_1.predict)=48.35%
[ 2020-05-27 07:23:48,892][kfold_wrapper.log_eval_metrics] Accuracy(layer_5 - estimator_1 - 12_folds.train_2.predict)=50.55%
[ 2020-05-27 07:23:49,243][kfold_wrapper.log_eval_metrics] Accuracy(layer_5 - estimator_1 - 12_folds.train_3.predict)=45.05%
[ 2020-05-27 07:23:49,587][kfold_wrapper.log_eval_metrics] Accuracy(layer_5 - estimator_1 - 12_folds.train_4.predict)=41.76%
[ 2020-05-27 07:23:49,937][kfold_wrapper.log_eval_metrics] Accuracy(layer_5 - estimator_1 - 12_folds.train_5.predict)=38.46%
[ 2020-05-27 07:23:50,291][kfold_wrapper.log_eval_metrics] Accuracy(layer_5 - estimator_1 - 12_folds.train_6.predict)=26.37%
[ 2020-05-27 07:23:50,650][kfold_wrapper.log_eval_metrics] Accuracy(layer_5 - estimator_1 - 12_folds.train_7.predict)=40.66%
[ 2020-05-27 07:23:50,995][kfold_wrapper.log_eval_metrics] Accuracy(layer_5 - estimator_1 - 12_folds.train_8.predict)=37.36%
[ 2020-05-27 07:23:51,343][kfold_wrapper.log_eval_metrics] Accuracy(layer_5 - estimator_1 - 12_folds.train_9.predict)=41.76%
[ 2020-05-27 07:23:51,698][kfold_wrapper.log_eval_metrics] Accuracy(layer_5 - estimator_1 - 12_folds.train_10.predict)=34.07%
[ 2020-05-27 07:23:52,040][kfold_wrapper.log_eval_metrics] Accuracy(layer_5 - estimator_1 - 12_folds.train_11.predict)=41.76%
[ 2020-05-27 07:23:52,152][kfold_wrapper.log_eval_metrics] Accuracy(layer_5 - estimator_1 - 12_folds.train_cv.predict)=40.26%
[ 2020-05-27 07:23:52,155][kfold_wrapper.log_eval_metrics] Accuracy(layer_5 - estimator_1 - 12_folds.test.predict)=44.26%
[ 2020-05-27 07:23:52,397][kfold_wrapper.log_eval_metrics] Accuracy(layer_5 - estimator_2 - 12_folds.train_0.predict)=40.22%
[ 2020-05-27 07:23:52,736][kfold_wrapper.log_eval_metrics] Accuracy(layer_5 - estimator_2 - 12_folds.train_1.predict)=41.76%
[ 2020-05-27 07:23:53,097][kfold_wrapper.log_eval_metrics] Accuracy(layer_5 - estimator_2 - 12_folds.train_2.predict)=38.46%
[ 2020-05-27 07:23:53,454][kfold_wrapper.log_eval_metrics] Accuracy(layer_5 - estimator_2 - 12_folds.train_3.predict)=42.86%
[ 2020-05-27 07:23:53,814][kfold_wrapper.log_eval_metrics] Accuracy(layer_5 - estimator_2 - 12_folds.train_4.predict)=34.07%
[ 2020-05-27 07:23:54,167][kfold_wrapper.log_eval_metrics] Accuracy(layer_5 - estimator_2 - 12_folds.train_5.predict)=36.26%
[ 2020-05-27 07:23:54,524][kfold_wrapper.log_eval_metrics] Accuracy(layer_5 - estimator_2 - 12_folds.train_6.predict)=43.96%
[ 2020-05-27 07:23:54,869][kfold_wrapper.log_eval_metrics] Accuracy(layer_5 - estimator_2 - 12_folds.train_7.predict)=41.76%
[ 2020-05-27 07:23:55,226][kfold_wrapper.log_eval_metrics] Accuracy(layer_5 - estimator_2 - 12_folds.train_8.predict)=31.87%
[ 2020-05-27 07:23:55,588][kfold_wrapper.log_eval_metrics] Accuracy(layer_5 - estimator_2 - 12_folds.train_9.predict)=35.16%
[ 2020-05-27 07:23:55,943][kfold_wrapper.log_eval_metrics] Accuracy(layer_5 - estimator_2 - 12_folds.train_10.predict)=36.26%
[ 2020-05-27 07:23:56,300][kfold_wrapper.log_eval_metrics] Accuracy(layer_5 - estimator_2 - 12_folds.train_11.predict)=36.26%
[ 2020-05-27 07:23:56,419][kfold_wrapper.log_eval_metrics] Accuracy(layer_5 - estimator_2 - 12_folds.train_cv.predict)=38.24%
[ 2020-05-27 07:23:56,422][kfold_wrapper.log_eval_metrics] Accuracy(layer_5 - estimator_2 - 12_folds.test.predict)=37.70%
[ 2020-05-27 07:23:56,517][kfold_wrapper.log_eval_metrics] Accuracy(layer_5 - estimator_3 - 12_folds.train_0.predict)=42.39%
[ 2020-05-27 07:23:56,564][kfold_wrapper.log_eval_metrics] Accuracy(layer_5 - estimator_3 - 12_folds.train_1.predict)=37.36%
[ 2020-05-27 07:23:56,610][kfold_wrapper.log_eval_metrics] Accuracy(layer_5 - estimator_3 - 12_folds.train_2.predict)=45.05%
[ 2020-05-27 07:23:56,656][kfold_wrapper.log_eval_metrics] Accuracy(layer_5 - estimator_3 - 12_folds.train_3.predict)=42.86%
[ 2020-05-27 07:23:56,699][kfold_wrapper.log_eval_metrics] Accuracy(layer_5 - estimator_3 - 12_folds.train_4.predict)=47.25%
[ 2020-05-27 07:23:56,744][kfold_wrapper.log_eval_metrics] Accuracy(layer_5 - estimator_3 - 12_folds.train_5.predict)=36.26%
[ 2020-05-27 07:23:56,791][kfold_wrapper.log_eval_metrics] Accuracy(layer_5 - estimator_3 - 12_folds.train_6.predict)=38.46%
[ 2020-05-27 07:23:56,838][kfold_wrapper.log_eval_metrics] Accuracy(layer_5 - estimator_3 - 12_folds.train_7.predict)=42.86%
[ 2020-05-27 07:23:56,882][kfold_wrapper.log_eval_metrics] Accuracy(layer_5 - estimator_3 - 12_folds.train_8.predict)=40.66%
[ 2020-05-27 07:23:56,927][kfold_wrapper.log_eval_metrics] Accuracy(layer_5 - estimator_3 - 12_folds.train_9.predict)=51.65%
[ 2020-05-27 07:23:56,972][kfold_wrapper.log_eval_metrics] Accuracy(layer_5 - estimator_3 - 12_folds.train_10.predict)=39.56%
[ 2020-05-27 07:23:57,017][kfold_wrapper.log_eval_metrics] Accuracy(layer_5 - estimator_3 - 12_folds.train_11.predict)=48.35%
[ 2020-05-27 07:23:57,018][kfold_wrapper.log_eval_metrics] Accuracy(layer_5 - estimator_3 - 12_folds.train_cv.predict)=42.73%
[ 2020-05-27 07:23:57,019][kfold_wrapper.log_eval_metrics] Accuracy(layer_5 - estimator_3 - 12_folds.test.predict)=43.44%
[ 2020-05-27 07:23:57,020][cascade_classifier.calc_accuracy] Accuracy(layer_5 - train.classifier_average)=40.99%
[ 2020-05-27 07:23:57,020][cascade_classifier.calc_accuracy] Accuracy(layer_5 - test.classifier_average)=42.62%
[ 2020-05-27 07:23:57,021][cascade_classifier.fit_transform] [Result][Optimal Level Detected] opt_layer_num=2, accuracy_train=44.46%, accuracy_test=43.44%
[ 2020-05-27 07:23:57,055][cascade_classifier.transform] X_groups_test.shape=[(242, 5)]
[ 2020-05-27 07:23:57,055][cascade_classifier.transform] group_dims=[5]
[ 2020-05-27 07:23:57,056][cascade_classifier.transform] X_test.shape=(242, 5)
[ 2020-05-27 07:23:57,057][cascade_classifier.transform] [layer=0] look_indexs=[0], X_cur_test.shape=(242, 5)
[ 2020-05-27 07:23:59,734][cascade_classifier.transform] [layer=1] look_indexs=[0], X_cur_test.shape=(242, 17)
[ 2020-05-27 07:24:02,796][cascade_classifier.fit_transform] X_groups_train.shape=[(1311, 5)],y_train.shape=(1311,),X_groups_test.shape=[(146, 5)],y_test.shape=(146,)
[ 2020-05-27 07:24:02,796][cascade_classifier.fit_transform] group_dims=[5]
[ 2020-05-27 07:24:02,797][cascade_classifier.fit_transform] group_starts=[0]
[ 2020-05-27 07:24:02,798][cascade_classifier.fit_transform] group_ends=[5]
[ 2020-05-27 07:24:02,798][cascade_classifier.fit_transform] X_train.shape=(1311, 5),X_test.shape=(146, 5)
[ 2020-05-27 07:24:02,799][cascade_classifier.fit_transform] [layer=0] look_indexs=[0], X_cur_train.shape=(1311, 5), X_cur_test.shape=(146, 5)
[ 2020-05-27 07:24:02,821][kfold_wrapper.log_eval_metrics] Accuracy(layer_0 - estimator_0 - 5_folds.train_0.predict)=36.12%
[ 2020-05-27 07:24:02,842][kfold_wrapper.log_eval_metrics] Accuracy(layer_0 - estimator_0 - 5_folds.train_1.predict)=41.22%
[ 2020-05-27 07:24:02,864][kfold_wrapper.log_eval_metrics] Accuracy(layer_0 - estimator_0 - 5_folds.train_2.predict)=43.13%
[ 2020-05-27 07:24:02,886][kfold_wrapper.log_eval_metrics] Accuracy(layer_0 - estimator_0 - 5_folds.train_3.predict)=37.02%
[ 2020-05-27 07:24:02,908][kfold_wrapper.log_eval_metrics] Accuracy(layer_0 - estimator_0 - 5_folds.train_4.predict)=41.22%
[ 2020-05-27 07:24:02,911][kfold_wrapper.log_eval_metrics] Accuracy(layer_0 - estimator_0 - 5_folds.train_cv.predict)=39.74%
[ 2020-05-27 07:24:02,912][kfold_wrapper.log_eval_metrics] Accuracy(layer_0 - estimator_0 - 5_folds.test.predict)=36.30%
[ 2020-05-27 07:24:03,132][kfold_wrapper.log_eval_metrics] Accuracy(layer_0 - estimator_1 - 12_folds.train_0.predict)=30.00%
[ 2020-05-27 07:24:03,479][kfold_wrapper.log_eval_metrics] Accuracy(layer_0 - estimator_1 - 12_folds.train_1.predict)=30.91%
[ 2020-05-27 07:24:03,833][kfold_wrapper.log_eval_metrics] Accuracy(layer_0 - estimator_1 - 12_folds.train_2.predict)=35.45%
[ 2020-05-27 07:24:04,187][kfold_wrapper.log_eval_metrics] Accuracy(layer_0 - estimator_1 - 12_folds.train_3.predict)=27.52%
[ 2020-05-27 07:24:04,543][kfold_wrapper.log_eval_metrics] Accuracy(layer_0 - estimator_1 - 12_folds.train_4.predict)=40.37%
[ 2020-05-27 07:24:04,901][kfold_wrapper.log_eval_metrics] Accuracy(layer_0 - estimator_1 - 12_folds.train_5.predict)=27.52%
[ 2020-05-27 07:24:05,242][kfold_wrapper.log_eval_metrics] Accuracy(layer_0 - estimator_1 - 12_folds.train_6.predict)=35.78%
[ 2020-05-27 07:24:05,579][kfold_wrapper.log_eval_metrics] Accuracy(layer_0 - estimator_1 - 12_folds.train_7.predict)=38.53%
[ 2020-05-27 07:24:05,930][kfold_wrapper.log_eval_metrics] Accuracy(layer_0 - estimator_1 - 12_folds.train_8.predict)=36.70%
[ 2020-05-27 07:24:06,285][kfold_wrapper.log_eval_metrics] Accuracy(layer_0 - estimator_1 - 12_folds.train_9.predict)=30.28%
[ 2020-05-27 07:24:06,637][kfold_wrapper.log_eval_metrics] Accuracy(layer_0 - estimator_1 - 12_folds.train_10.predict)=33.94%
[ 2020-05-27 07:24:06,993][kfold_wrapper.log_eval_metrics] Accuracy(layer_0 - estimator_1 - 12_folds.train_11.predict)=33.94%
[ 2020-05-27 07:24:07,111][kfold_wrapper.log_eval_metrics] Accuracy(layer_0 - estimator_1 - 12_folds.train_cv.predict)=33.41%
[ 2020-05-27 07:24:07,114][kfold_wrapper.log_eval_metrics] Accuracy(layer_0 - estimator_1 - 12_folds.test.predict)=30.14%
[ 2020-05-27 07:24:07,351][kfold_wrapper.log_eval_metrics] Accuracy(layer_0 - estimator_2 - 12_folds.train_0.predict)=32.73%
[ 2020-05-27 07:24:07,705][kfold_wrapper.log_eval_metrics] Accuracy(layer_0 - estimator_2 - 12_folds.train_1.predict)=36.36%
[ 2020-05-27 07:24:08,055][kfold_wrapper.log_eval_metrics] Accuracy(layer_0 - estimator_2 - 12_folds.train_2.predict)=41.82%
[ 2020-05-27 07:24:08,394][kfold_wrapper.log_eval_metrics] Accuracy(layer_0 - estimator_2 - 12_folds.train_3.predict)=43.12%
[ 2020-05-27 07:24:08,745][kfold_wrapper.log_eval_metrics] Accuracy(layer_0 - estimator_2 - 12_folds.train_4.predict)=28.44%
[ 2020-05-27 07:24:09,099][kfold_wrapper.log_eval_metrics] Accuracy(layer_0 - estimator_2 - 12_folds.train_5.predict)=32.11%
[ 2020-05-27 07:24:09,456][kfold_wrapper.log_eval_metrics] Accuracy(layer_0 - estimator_2 - 12_folds.train_6.predict)=35.78%
[ 2020-05-27 07:24:09,814][kfold_wrapper.log_eval_metrics] Accuracy(layer_0 - estimator_2 - 12_folds.train_7.predict)=36.70%
[ 2020-05-27 07:24:10,166][kfold_wrapper.log_eval_metrics] Accuracy(layer_0 - estimator_2 - 12_folds.train_8.predict)=34.86%
[ 2020-05-27 07:24:10,503][kfold_wrapper.log_eval_metrics] Accuracy(layer_0 - estimator_2 - 12_folds.train_9.predict)=32.11%
[ 2020-05-27 07:24:10,854][kfold_wrapper.log_eval_metrics] Accuracy(layer_0 - estimator_2 - 12_folds.train_10.predict)=31.19%
[ 2020-05-27 07:24:11,207][kfold_wrapper.log_eval_metrics] Accuracy(layer_0 - estimator_2 - 12_folds.train_11.predict)=35.78%
[ 2020-05-27 07:24:11,324][kfold_wrapper.log_eval_metrics] Accuracy(layer_0 - estimator_2 - 12_folds.train_cv.predict)=35.09%
[ 2020-05-27 07:24:11,326][kfold_wrapper.log_eval_metrics] Accuracy(layer_0 - estimator_2 - 12_folds.test.predict)=36.30%
[ 2020-05-27 07:24:11,363][kfold_wrapper.log_eval_metrics] Accuracy(layer_0 - estimator_3 - 12_folds.train_0.predict)=36.36%
[ 2020-05-27 07:24:11,387][kfold_wrapper.log_eval_metrics] Accuracy(layer_0 - estimator_3 - 12_folds.train_1.predict)=41.82%
[ 2020-05-27 07:24:11,399][kfold_wrapper.log_eval_metrics] Accuracy(layer_0 - estimator_3 - 12_folds.train_2.predict)=49.09%
[ 2020-05-27 07:24:11,413][kfold_wrapper.log_eval_metrics] Accuracy(layer_0 - estimator_3 - 12_folds.train_3.predict)=43.12%
[ 2020-05-27 07:24:11,428][kfold_wrapper.log_eval_metrics] Accuracy(layer_0 - estimator_3 - 12_folds.train_4.predict)=39.45%
[ 2020-05-27 07:24:11,443][kfold_wrapper.log_eval_metrics] Accuracy(layer_0 - estimator_3 - 12_folds.train_5.predict)=45.87%
[ 2020-05-27 07:24:11,458][kfold_wrapper.log_eval_metrics] Accuracy(layer_0 - estimator_3 - 12_folds.train_6.predict)=41.28%
[ 2020-05-27 07:24:11,473][kfold_wrapper.log_eval_metrics] Accuracy(layer_0 - estimator_3 - 12_folds.train_7.predict)=43.12%
[ 2020-05-27 07:24:11,488][kfold_wrapper.log_eval_metrics] Accuracy(layer_0 - estimator_3 - 12_folds.train_8.predict)=45.87%
[ 2020-05-27 07:24:11,503][kfold_wrapper.log_eval_metrics] Accuracy(layer_0 - estimator_3 - 12_folds.train_9.predict)=43.12%
[ 2020-05-27 07:24:11,517][kfold_wrapper.log_eval_metrics] Accuracy(layer_0 - estimator_3 - 12_folds.train_10.predict)=39.45%
[ 2020-05-27 07:24:11,532][kfold_wrapper.log_eval_metrics] Accuracy(layer_0 - estimator_3 - 12_folds.train_11.predict)=39.45%
[ 2020-05-27 07:24:11,532][kfold_wrapper.log_eval_metrics] Accuracy(layer_0 - estimator_3 - 12_folds.train_cv.predict)=42.33%
[ 2020-05-27 07:24:11,533][kfold_wrapper.log_eval_metrics] Accuracy(layer_0 - estimator_3 - 12_folds.test.predict)=34.93%
[ 2020-05-27 07:24:11,534][cascade_classifier.calc_accuracy] Accuracy(layer_0 - train.classifier_average)=36.31%
[ 2020-05-27 07:24:11,534][cascade_classifier.calc_accuracy] Accuracy(layer_0 - test.classifier_average)=34.25%
[ 2020-05-27 07:24:11,535][cascade_classifier.fit_transform] [layer=1] look_indexs=[0], X_cur_train.shape=(1311, 17), X_cur_test.shape=(146, 17)
[ 2020-05-27 07:24:11,562][kfold_wrapper.log_eval_metrics] Accuracy(layer_1 - estimator_0 - 5_folds.train_0.predict)=47.53%
[ 2020-05-27 07:24:11,590][kfold_wrapper.log_eval_metrics] Accuracy(layer_1 - estimator_0 - 5_folds.train_1.predict)=42.75%
[ 2020-05-27 07:24:11,617][kfold_wrapper.log_eval_metrics] Accuracy(layer_1 - estimator_0 - 5_folds.train_2.predict)=39.69%
[ 2020-05-27 07:24:11,645][kfold_wrapper.log_eval_metrics] Accuracy(layer_1 - estimator_0 - 5_folds.train_3.predict)=43.89%
[ 2020-05-27 07:24:11,672][kfold_wrapper.log_eval_metrics] Accuracy(layer_1 - estimator_0 - 5_folds.train_4.predict)=37.40%
[ 2020-05-27 07:24:11,675][kfold_wrapper.log_eval_metrics] Accuracy(layer_1 - estimator_0 - 5_folds.train_cv.predict)=42.26%
[ 2020-05-27 07:24:11,676][kfold_wrapper.log_eval_metrics] Accuracy(layer_1 - estimator_0 - 5_folds.test.predict)=37.67%
[ 2020-05-27 07:24:11,895][kfold_wrapper.log_eval_metrics] Accuracy(layer_1 - estimator_1 - 12_folds.train_0.predict)=50.00%
[ 2020-05-27 07:24:12,252][kfold_wrapper.log_eval_metrics] Accuracy(layer_1 - estimator_1 - 12_folds.train_1.predict)=40.00%
[ 2020-05-27 07:24:12,611][kfold_wrapper.log_eval_metrics] Accuracy(layer_1 - estimator_1 - 12_folds.train_2.predict)=39.09%
[ 2020-05-27 07:24:12,967][kfold_wrapper.log_eval_metrics] Accuracy(layer_1 - estimator_1 - 12_folds.train_3.predict)=39.45%
[ 2020-05-27 07:24:13,326][kfold_wrapper.log_eval_metrics] Accuracy(layer_1 - estimator_1 - 12_folds.train_4.predict)=43.12%
[ 2020-05-27 07:24:13,686][kfold_wrapper.log_eval_metrics] Accuracy(layer_1 - estimator_1 - 12_folds.train_5.predict)=47.71%
[ 2020-05-27 07:24:14,024][kfold_wrapper.log_eval_metrics] Accuracy(layer_1 - estimator_1 - 12_folds.train_6.predict)=51.38%
[ 2020-05-27 07:24:14,357][kfold_wrapper.log_eval_metrics] Accuracy(layer_1 - estimator_1 - 12_folds.train_7.predict)=45.87%
[ 2020-05-27 07:24:14,714][kfold_wrapper.log_eval_metrics] Accuracy(layer_1 - estimator_1 - 12_folds.train_8.predict)=44.04%
[ 2020-05-27 07:24:15,070][kfold_wrapper.log_eval_metrics] Accuracy(layer_1 - estimator_1 - 12_folds.train_9.predict)=42.20%
[ 2020-05-27 07:24:15,430][kfold_wrapper.log_eval_metrics] Accuracy(layer_1 - estimator_1 - 12_folds.train_10.predict)=33.94%
[ 2020-05-27 07:24:15,768][kfold_wrapper.log_eval_metrics] Accuracy(layer_1 - estimator_1 - 12_folds.train_11.predict)=46.79%
[ 2020-05-27 07:24:15,886][kfold_wrapper.log_eval_metrics] Accuracy(layer_1 - estimator_1 - 12_folds.train_cv.predict)=43.63%
[ 2020-05-27 07:24:15,889][kfold_wrapper.log_eval_metrics] Accuracy(layer_1 - estimator_1 - 12_folds.test.predict)=36.99%
[ 2020-05-27 07:24:16,135][kfold_wrapper.log_eval_metrics] Accuracy(layer_1 - estimator_2 - 12_folds.train_0.predict)=41.82%
[ 2020-05-27 07:24:16,488][kfold_wrapper.log_eval_metrics] Accuracy(layer_1 - estimator_2 - 12_folds.train_1.predict)=44.55%
[ 2020-05-27 07:24:16,844][kfold_wrapper.log_eval_metrics] Accuracy(layer_1 - estimator_2 - 12_folds.train_2.predict)=41.82%
[ 2020-05-27 07:24:17,201][kfold_wrapper.log_eval_metrics] Accuracy(layer_1 - estimator_2 - 12_folds.train_3.predict)=42.20%
[ 2020-05-27 07:24:17,558][kfold_wrapper.log_eval_metrics] Accuracy(layer_1 - estimator_2 - 12_folds.train_4.predict)=43.12%
[ 2020-05-27 07:24:17,904][kfold_wrapper.log_eval_metrics] Accuracy(layer_1 - estimator_2 - 12_folds.train_5.predict)=41.28%
[ 2020-05-27 07:24:18,257][kfold_wrapper.log_eval_metrics] Accuracy(layer_1 - estimator_2 - 12_folds.train_6.predict)=46.79%
[ 2020-05-27 07:24:18,607][kfold_wrapper.log_eval_metrics] Accuracy(layer_1 - estimator_2 - 12_folds.train_7.predict)=39.45%
[ 2020-05-27 07:24:18,953][kfold_wrapper.log_eval_metrics] Accuracy(layer_1 - estimator_2 - 12_folds.train_8.predict)=46.79%
[ 2020-05-27 07:24:19,301][kfold_wrapper.log_eval_metrics] Accuracy(layer_1 - estimator_2 - 12_folds.train_9.predict)=38.53%
[ 2020-05-27 07:24:19,655][kfold_wrapper.log_eval_metrics] Accuracy(layer_1 - estimator_2 - 12_folds.train_10.predict)=40.37%
[ 2020-05-27 07:24:20,014][kfold_wrapper.log_eval_metrics] Accuracy(layer_1 - estimator_2 - 12_folds.train_11.predict)=31.19%
[ 2020-05-27 07:24:20,132][kfold_wrapper.log_eval_metrics] Accuracy(layer_1 - estimator_2 - 12_folds.train_cv.predict)=41.50%
[ 2020-05-27 07:24:20,135][kfold_wrapper.log_eval_metrics] Accuracy(layer_1 - estimator_2 - 12_folds.test.predict)=36.30%
[ 2020-05-27 07:24:20,226][kfold_wrapper.log_eval_metrics] Accuracy(layer_1 - estimator_3 - 12_folds.train_0.predict)=39.09%
[ 2020-05-27 07:24:20,272][kfold_wrapper.log_eval_metrics] Accuracy(layer_1 - estimator_3 - 12_folds.train_1.predict)=45.45%
[ 2020-05-27 07:24:20,319][kfold_wrapper.log_eval_metrics] Accuracy(layer_1 - estimator_3 - 12_folds.train_2.predict)=44.55%
[ 2020-05-27 07:24:20,369][kfold_wrapper.log_eval_metrics] Accuracy(layer_1 - estimator_3 - 12_folds.train_3.predict)=44.04%
[ 2020-05-27 07:24:20,416][kfold_wrapper.log_eval_metrics] Accuracy(layer_1 - estimator_3 - 12_folds.train_4.predict)=39.45%
[ 2020-05-27 07:24:20,463][kfold_wrapper.log_eval_metrics] Accuracy(layer_1 - estimator_3 - 12_folds.train_5.predict)=39.45%
[ 2020-05-27 07:24:20,509][kfold_wrapper.log_eval_metrics] Accuracy(layer_1 - estimator_3 - 12_folds.train_6.predict)=42.20%
[ 2020-05-27 07:24:20,556][kfold_wrapper.log_eval_metrics] Accuracy(layer_1 - estimator_3 - 12_folds.train_7.predict)=37.61%
[ 2020-05-27 07:24:20,604][kfold_wrapper.log_eval_metrics] Accuracy(layer_1 - estimator_3 - 12_folds.train_8.predict)=48.62%
[ 2020-05-27 07:24:20,651][kfold_wrapper.log_eval_metrics] Accuracy(layer_1 - estimator_3 - 12_folds.train_9.predict)=40.37%
[ 2020-05-27 07:24:20,698][kfold_wrapper.log_eval_metrics] Accuracy(layer_1 - estimator_3 - 12_folds.train_10.predict)=43.12%
[ 2020-05-27 07:24:20,745][kfold_wrapper.log_eval_metrics] Accuracy(layer_1 - estimator_3 - 12_folds.train_11.predict)=39.45%
[ 2020-05-27 07:24:20,746][kfold_wrapper.log_eval_metrics] Accuracy(layer_1 - estimator_3 - 12_folds.train_cv.predict)=41.95%
[ 2020-05-27 07:24:20,747][kfold_wrapper.log_eval_metrics] Accuracy(layer_1 - estimator_3 - 12_folds.test.predict)=35.62%
[ 2020-05-27 07:24:20,747][cascade_classifier.calc_accuracy] Accuracy(layer_1 - train.classifier_average)=44.01%
[ 2020-05-27 07:24:20,748][cascade_classifier.calc_accuracy] Accuracy(layer_1 - test.classifier_average)=32.19%
[ 2020-05-27 07:24:20,749][cascade_classifier.fit_transform] [layer=2] look_indexs=[0], X_cur_train.shape=(1311, 17), X_cur_test.shape=(146, 17)
[ 2020-05-27 07:24:20,777][kfold_wrapper.log_eval_metrics] Accuracy(layer_2 - estimator_0 - 5_folds.train_0.predict)=36.50%
[ 2020-05-27 07:24:20,805][kfold_wrapper.log_eval_metrics] Accuracy(layer_2 - estimator_0 - 5_folds.train_1.predict)=43.51%
[ 2020-05-27 07:24:20,834][kfold_wrapper.log_eval_metrics] Accuracy(layer_2 - estimator_0 - 5_folds.train_2.predict)=39.69%
[ 2020-05-27 07:24:20,861][kfold_wrapper.log_eval_metrics] Accuracy(layer_2 - estimator_0 - 5_folds.train_3.predict)=38.93%
[ 2020-05-27 07:24:20,888][kfold_wrapper.log_eval_metrics] Accuracy(layer_2 - estimator_0 - 5_folds.train_4.predict)=41.60%
[ 2020-05-27 07:24:20,891][kfold_wrapper.log_eval_metrics] Accuracy(layer_2 - estimator_0 - 5_folds.train_cv.predict)=40.05%
[ 2020-05-27 07:24:20,892][kfold_wrapper.log_eval_metrics] Accuracy(layer_2 - estimator_0 - 5_folds.test.predict)=41.10%
[ 2020-05-27 07:24:21,110][kfold_wrapper.log_eval_metrics] Accuracy(layer_2 - estimator_1 - 12_folds.train_0.predict)=34.55%
[ 2020-05-27 07:24:21,456][kfold_wrapper.log_eval_metrics] Accuracy(layer_2 - estimator_1 - 12_folds.train_1.predict)=30.91%
[ 2020-05-27 07:24:21,816][kfold_wrapper.log_eval_metrics] Accuracy(layer_2 - estimator_1 - 12_folds.train_2.predict)=46.36%
[ 2020-05-27 07:24:22,160][kfold_wrapper.log_eval_metrics] Accuracy(layer_2 - estimator_1 - 12_folds.train_3.predict)=37.61%
[ 2020-05-27 07:24:22,488][kfold_wrapper.log_eval_metrics] Accuracy(layer_2 - estimator_1 - 12_folds.train_4.predict)=38.53%
[ 2020-05-27 07:24:22,838][kfold_wrapper.log_eval_metrics] Accuracy(layer_2 - estimator_1 - 12_folds.train_5.predict)=42.20%
[ 2020-05-27 07:24:23,182][kfold_wrapper.log_eval_metrics] Accuracy(layer_2 - estimator_1 - 12_folds.train_6.predict)=34.86%
[ 2020-05-27 07:24:23,526][kfold_wrapper.log_eval_metrics] Accuracy(layer_2 - estimator_1 - 12_folds.train_7.predict)=41.28%
[ 2020-05-27 07:24:23,870][kfold_wrapper.log_eval_metrics] Accuracy(layer_2 - estimator_1 - 12_folds.train_8.predict)=41.28%
[ 2020-05-27 07:24:24,214][kfold_wrapper.log_eval_metrics] Accuracy(layer_2 - estimator_1 - 12_folds.train_9.predict)=34.86%
[ 2020-05-27 07:24:24,559][kfold_wrapper.log_eval_metrics] Accuracy(layer_2 - estimator_1 - 12_folds.train_10.predict)=31.19%
[ 2020-05-27 07:24:24,908][kfold_wrapper.log_eval_metrics] Accuracy(layer_2 - estimator_1 - 12_folds.train_11.predict)=44.95%
[ 2020-05-27 07:24:25,025][kfold_wrapper.log_eval_metrics] Accuracy(layer_2 - estimator_1 - 12_folds.train_cv.predict)=38.22%
[ 2020-05-27 07:24:25,027][kfold_wrapper.log_eval_metrics] Accuracy(layer_2 - estimator_1 - 12_folds.test.predict)=37.67%
[ 2020-05-27 07:24:25,258][kfold_wrapper.log_eval_metrics] Accuracy(layer_2 - estimator_2 - 12_folds.train_0.predict)=42.73%
[ 2020-05-27 07:24:25,615][kfold_wrapper.log_eval_metrics] Accuracy(layer_2 - estimator_2 - 12_folds.train_1.predict)=44.55%
[ 2020-05-27 07:24:25,969][kfold_wrapper.log_eval_metrics] Accuracy(layer_2 - estimator_2 - 12_folds.train_2.predict)=36.36%
[ 2020-05-27 07:24:26,306][kfold_wrapper.log_eval_metrics] Accuracy(layer_2 - estimator_2 - 12_folds.train_3.predict)=33.94%
[ 2020-05-27 07:24:26,651][kfold_wrapper.log_eval_metrics] Accuracy(layer_2 - estimator_2 - 12_folds.train_4.predict)=41.28%
[ 2020-05-27 07:24:27,010][kfold_wrapper.log_eval_metrics] Accuracy(layer_2 - estimator_2 - 12_folds.train_5.predict)=42.20%
[ 2020-05-27 07:24:27,352][kfold_wrapper.log_eval_metrics] Accuracy(layer_2 - estimator_2 - 12_folds.train_6.predict)=43.12%
[ 2020-05-27 07:24:27,702][kfold_wrapper.log_eval_metrics] Accuracy(layer_2 - estimator_2 - 12_folds.train_7.predict)=35.78%
[ 2020-05-27 07:24:28,060][kfold_wrapper.log_eval_metrics] Accuracy(layer_2 - estimator_2 - 12_folds.train_8.predict)=33.94%
[ 2020-05-27 07:24:28,409][kfold_wrapper.log_eval_metrics] Accuracy(layer_2 - estimator_2 - 12_folds.train_9.predict)=37.61%
[ 2020-05-27 07:24:28,764][kfold_wrapper.log_eval_metrics] Accuracy(layer_2 - estimator_2 - 12_folds.train_10.predict)=34.86%
[ 2020-05-27 07:24:29,121][kfold_wrapper.log_eval_metrics] Accuracy(layer_2 - estimator_2 - 12_folds.train_11.predict)=34.86%
[ 2020-05-27 07:24:29,239][kfold_wrapper.log_eval_metrics] Accuracy(layer_2 - estimator_2 - 12_folds.train_cv.predict)=38.44%
[ 2020-05-27 07:24:29,242][kfold_wrapper.log_eval_metrics] Accuracy(layer_2 - estimator_2 - 12_folds.test.predict)=34.25%
[ 2020-05-27 07:24:29,342][kfold_wrapper.log_eval_metrics] Accuracy(layer_2 - estimator_3 - 12_folds.train_0.predict)=44.55%
[ 2020-05-27 07:24:29,396][kfold_wrapper.log_eval_metrics] Accuracy(layer_2 - estimator_3 - 12_folds.train_1.predict)=43.64%
[ 2020-05-27 07:24:29,450][kfold_wrapper.log_eval_metrics] Accuracy(layer_2 - estimator_3 - 12_folds.train_2.predict)=44.55%
[ 2020-05-27 07:24:29,504][kfold_wrapper.log_eval_metrics] Accuracy(layer_2 - estimator_3 - 12_folds.train_3.predict)=45.87%
[ 2020-05-27 07:24:29,560][kfold_wrapper.log_eval_metrics] Accuracy(layer_2 - estimator_3 - 12_folds.train_4.predict)=50.46%
[ 2020-05-27 07:24:29,615][kfold_wrapper.log_eval_metrics] Accuracy(layer_2 - estimator_3 - 12_folds.train_5.predict)=38.53%
[ 2020-05-27 07:24:29,666][kfold_wrapper.log_eval_metrics] Accuracy(layer_2 - estimator_3 - 12_folds.train_6.predict)=44.95%
[ 2020-05-27 07:24:29,716][kfold_wrapper.log_eval_metrics] Accuracy(layer_2 - estimator_3 - 12_folds.train_7.predict)=45.87%
[ 2020-05-27 07:24:29,770][kfold_wrapper.log_eval_metrics] Accuracy(layer_2 - estimator_3 - 12_folds.train_8.predict)=40.37%
[ 2020-05-27 07:24:29,816][kfold_wrapper.log_eval_metrics] Accuracy(layer_2 - estimator_3 - 12_folds.train_9.predict)=42.20%
[ 2020-05-27 07:24:29,870][kfold_wrapper.log_eval_metrics] Accuracy(layer_2 - estimator_3 - 12_folds.train_10.predict)=36.70%
[ 2020-05-27 07:24:29,926][kfold_wrapper.log_eval_metrics] Accuracy(layer_2 - estimator_3 - 12_folds.train_11.predict)=37.61%
[ 2020-05-27 07:24:29,927][kfold_wrapper.log_eval_metrics] Accuracy(layer_2 - estimator_3 - 12_folds.train_cv.predict)=42.94%
[ 2020-05-27 07:24:29,928][kfold_wrapper.log_eval_metrics] Accuracy(layer_2 - estimator_3 - 12_folds.test.predict)=34.93%
[ 2020-05-27 07:24:29,929][cascade_classifier.calc_accuracy] Accuracy(layer_2 - train.classifier_average)=41.57%
[ 2020-05-27 07:24:29,930][cascade_classifier.calc_accuracy] Accuracy(layer_2 - test.classifier_average)=38.36%
[ 2020-05-27 07:24:29,931][cascade_classifier.fit_transform] [layer=3] look_indexs=[0], X_cur_train.shape=(1311, 17), X_cur_test.shape=(146, 17)
[ 2020-05-27 07:24:29,962][kfold_wrapper.log_eval_metrics] Accuracy(layer_3 - estimator_0 - 5_folds.train_0.predict)=42.97%
[ 2020-05-27 07:24:29,992][kfold_wrapper.log_eval_metrics] Accuracy(layer_3 - estimator_0 - 5_folds.train_1.predict)=40.46%
[ 2020-05-27 07:24:30,023][kfold_wrapper.log_eval_metrics] Accuracy(layer_3 - estimator_0 - 5_folds.train_2.predict)=43.89%
[ 2020-05-27 07:24:30,053][kfold_wrapper.log_eval_metrics] Accuracy(layer_3 - estimator_0 - 5_folds.train_3.predict)=46.18%
[ 2020-05-27 07:24:30,082][kfold_wrapper.log_eval_metrics] Accuracy(layer_3 - estimator_0 - 5_folds.train_4.predict)=42.75%
[ 2020-05-27 07:24:30,084][kfold_wrapper.log_eval_metrics] Accuracy(layer_3 - estimator_0 - 5_folds.train_cv.predict)=43.25%
[ 2020-05-27 07:24:30,086][kfold_wrapper.log_eval_metrics] Accuracy(layer_3 - estimator_0 - 5_folds.test.predict)=34.93%
[ 2020-05-27 07:24:30,305][kfold_wrapper.log_eval_metrics] Accuracy(layer_3 - estimator_1 - 12_folds.train_0.predict)=39.09%
[ 2020-05-27 07:24:30,665][kfold_wrapper.log_eval_metrics] Accuracy(layer_3 - estimator_1 - 12_folds.train_1.predict)=39.09%
[ 2020-05-27 07:24:31,014][kfold_wrapper.log_eval_metrics] Accuracy(layer_3 - estimator_1 - 12_folds.train_2.predict)=35.45%
[ 2020-05-27 07:24:31,363][kfold_wrapper.log_eval_metrics] Accuracy(layer_3 - estimator_1 - 12_folds.train_3.predict)=42.20%
[ 2020-05-27 07:24:31,713][kfold_wrapper.log_eval_metrics] Accuracy(layer_3 - estimator_1 - 12_folds.train_4.predict)=41.28%
[ 2020-05-27 07:24:32,075][kfold_wrapper.log_eval_metrics] Accuracy(layer_3 - estimator_1 - 12_folds.train_5.predict)=33.03%
[ 2020-05-27 07:24:32,436][kfold_wrapper.log_eval_metrics] Accuracy(layer_3 - estimator_1 - 12_folds.train_6.predict)=50.46%
[ 2020-05-27 07:24:32,783][kfold_wrapper.log_eval_metrics] Accuracy(layer_3 - estimator_1 - 12_folds.train_7.predict)=40.37%
[ 2020-05-27 07:24:33,138][kfold_wrapper.log_eval_metrics] Accuracy(layer_3 - estimator_1 - 12_folds.train_8.predict)=36.70%
[ 2020-05-27 07:24:33,471][kfold_wrapper.log_eval_metrics] Accuracy(layer_3 - estimator_1 - 12_folds.train_9.predict)=38.53%
[ 2020-05-27 07:24:33,822][kfold_wrapper.log_eval_metrics] Accuracy(layer_3 - estimator_1 - 12_folds.train_10.predict)=37.61%
[ 2020-05-27 07:24:34,177][kfold_wrapper.log_eval_metrics] Accuracy(layer_3 - estimator_1 - 12_folds.train_11.predict)=37.61%
[ 2020-05-27 07:24:34,296][kfold_wrapper.log_eval_metrics] Accuracy(layer_3 - estimator_1 - 12_folds.train_cv.predict)=39.28%
[ 2020-05-27 07:24:34,298][kfold_wrapper.log_eval_metrics] Accuracy(layer_3 - estimator_1 - 12_folds.test.predict)=34.93%
[ 2020-05-27 07:24:34,536][kfold_wrapper.log_eval_metrics] Accuracy(layer_3 - estimator_2 - 12_folds.train_0.predict)=35.45%
[ 2020-05-27 07:24:34,896][kfold_wrapper.log_eval_metrics] Accuracy(layer_3 - estimator_2 - 12_folds.train_1.predict)=43.64%
[ 2020-05-27 07:24:35,239][kfold_wrapper.log_eval_metrics] Accuracy(layer_3 - estimator_2 - 12_folds.train_2.predict)=40.91%
[ 2020-05-27 07:24:35,591][kfold_wrapper.log_eval_metrics] Accuracy(layer_3 - estimator_2 - 12_folds.train_3.predict)=41.28%
[ 2020-05-27 07:24:35,951][kfold_wrapper.log_eval_metrics] Accuracy(layer_3 - estimator_2 - 12_folds.train_4.predict)=39.45%
[ 2020-05-27 07:24:36,300][kfold_wrapper.log_eval_metrics] Accuracy(layer_3 - estimator_2 - 12_folds.train_5.predict)=41.28%
[ 2020-05-27 07:24:36,651][kfold_wrapper.log_eval_metrics] Accuracy(layer_3 - estimator_2 - 12_folds.train_6.predict)=36.70%
[ 2020-05-27 07:24:37,003][kfold_wrapper.log_eval_metrics] Accuracy(layer_3 - estimator_2 - 12_folds.train_7.predict)=32.11%
[ 2020-05-27 07:24:37,328][kfold_wrapper.log_eval_metrics] Accuracy(layer_3 - estimator_2 - 12_folds.train_8.predict)=43.12%
[ 2020-05-27 07:24:37,690][kfold_wrapper.log_eval_metrics] Accuracy(layer_3 - estimator_2 - 12_folds.train_9.predict)=42.20%
[ 2020-05-27 07:24:38,040][kfold_wrapper.log_eval_metrics] Accuracy(layer_3 - estimator_2 - 12_folds.train_10.predict)=39.45%
[ 2020-05-27 07:24:38,391][kfold_wrapper.log_eval_metrics] Accuracy(layer_3 - estimator_2 - 12_folds.train_11.predict)=38.53%
[ 2020-05-27 07:24:38,511][kfold_wrapper.log_eval_metrics] Accuracy(layer_3 - estimator_2 - 12_folds.train_cv.predict)=39.51%
[ 2020-05-27 07:24:38,514][kfold_wrapper.log_eval_metrics] Accuracy(layer_3 - estimator_2 - 12_folds.test.predict)=32.19%
[ 2020-05-27 07:24:38,630][kfold_wrapper.log_eval_metrics] Accuracy(layer_3 - estimator_3 - 12_folds.train_0.predict)=55.45%
[ 2020-05-27 07:24:38,694][kfold_wrapper.log_eval_metrics] Accuracy(layer_3 - estimator_3 - 12_folds.train_1.predict)=42.73%
[ 2020-05-27 07:24:38,755][kfold_wrapper.log_eval_metrics] Accuracy(layer_3 - estimator_3 - 12_folds.train_2.predict)=42.73%
[ 2020-05-27 07:24:38,818][kfold_wrapper.log_eval_metrics] Accuracy(layer_3 - estimator_3 - 12_folds.train_3.predict)=46.79%
[ 2020-05-27 07:24:38,881][kfold_wrapper.log_eval_metrics] Accuracy(layer_3 - estimator_3 - 12_folds.train_4.predict)=39.45%
[ 2020-05-27 07:24:38,947][kfold_wrapper.log_eval_metrics] Accuracy(layer_3 - estimator_3 - 12_folds.train_5.predict)=38.53%
[ 2020-05-27 07:24:39,011][kfold_wrapper.log_eval_metrics] Accuracy(layer_3 - estimator_3 - 12_folds.train_6.predict)=46.79%
[ 2020-05-27 07:24:39,077][kfold_wrapper.log_eval_metrics] Accuracy(layer_3 - estimator_3 - 12_folds.train_7.predict)=44.04%
[ 2020-05-27 07:24:39,139][kfold_wrapper.log_eval_metrics] Accuracy(layer_3 - estimator_3 - 12_folds.train_8.predict)=42.20%
[ 2020-05-27 07:24:39,203][kfold_wrapper.log_eval_metrics] Accuracy(layer_3 - estimator_3 - 12_folds.train_9.predict)=38.53%
[ 2020-05-27 07:24:39,265][kfold_wrapper.log_eval_metrics] Accuracy(layer_3 - estimator_3 - 12_folds.train_10.predict)=45.87%
[ 2020-05-27 07:24:39,330][kfold_wrapper.log_eval_metrics] Accuracy(layer_3 - estimator_3 - 12_folds.train_11.predict)=36.70%
[ 2020-05-27 07:24:39,331][kfold_wrapper.log_eval_metrics] Accuracy(layer_3 - estimator_3 - 12_folds.train_cv.predict)=43.33%
[ 2020-05-27 07:24:39,332][kfold_wrapper.log_eval_metrics] Accuracy(layer_3 - estimator_3 - 12_folds.test.predict)=34.25%
[ 2020-05-27 07:24:39,333][cascade_classifier.calc_accuracy] Accuracy(layer_3 - train.classifier_average)=41.65%
[ 2020-05-27 07:24:39,334][cascade_classifier.calc_accuracy] Accuracy(layer_3 - test.classifier_average)=33.56%
[ 2020-05-27 07:24:39,335][cascade_classifier.fit_transform] [layer=4] look_indexs=[0], X_cur_train.shape=(1311, 17), X_cur_test.shape=(146, 17)
[ 2020-05-27 07:24:39,366][kfold_wrapper.log_eval_metrics] Accuracy(layer_4 - estimator_0 - 5_folds.train_0.predict)=41.83%
[ 2020-05-27 07:24:39,398][kfold_wrapper.log_eval_metrics] Accuracy(layer_4 - estimator_0 - 5_folds.train_1.predict)=38.55%
[ 2020-05-27 07:24:39,428][kfold_wrapper.log_eval_metrics] Accuracy(layer_4 - estimator_0 - 5_folds.train_2.predict)=36.64%
[ 2020-05-27 07:24:39,459][kfold_wrapper.log_eval_metrics] Accuracy(layer_4 - estimator_0 - 5_folds.train_3.predict)=38.93%
[ 2020-05-27 07:24:39,488][kfold_wrapper.log_eval_metrics] Accuracy(layer_4 - estimator_0 - 5_folds.train_4.predict)=40.84%
[ 2020-05-27 07:24:39,491][kfold_wrapper.log_eval_metrics] Accuracy(layer_4 - estimator_0 - 5_folds.train_cv.predict)=39.36%
[ 2020-05-27 07:24:39,492][kfold_wrapper.log_eval_metrics] Accuracy(layer_4 - estimator_0 - 5_folds.test.predict)=32.88%
[ 2020-05-27 07:24:39,713][kfold_wrapper.log_eval_metrics] Accuracy(layer_4 - estimator_1 - 12_folds.train_0.predict)=37.27%
[ 2020-05-27 07:24:40,069][kfold_wrapper.log_eval_metrics] Accuracy(layer_4 - estimator_1 - 12_folds.train_1.predict)=30.00%
[ 2020-05-27 07:24:40,422][kfold_wrapper.log_eval_metrics] Accuracy(layer_4 - estimator_1 - 12_folds.train_2.predict)=42.73%
[ 2020-05-27 07:24:40,775][kfold_wrapper.log_eval_metrics] Accuracy(layer_4 - estimator_1 - 12_folds.train_3.predict)=38.53%
[ 2020-05-27 07:24:41,120][kfold_wrapper.log_eval_metrics] Accuracy(layer_4 - estimator_1 - 12_folds.train_4.predict)=38.53%
[ 2020-05-27 07:24:41,467][kfold_wrapper.log_eval_metrics] Accuracy(layer_4 - estimator_1 - 12_folds.train_5.predict)=40.37%
[ 2020-05-27 07:24:41,823][kfold_wrapper.log_eval_metrics] Accuracy(layer_4 - estimator_1 - 12_folds.train_6.predict)=41.28%
[ 2020-05-27 07:24:42,180][kfold_wrapper.log_eval_metrics] Accuracy(layer_4 - estimator_1 - 12_folds.train_7.predict)=44.04%
[ 2020-05-27 07:24:42,540][kfold_wrapper.log_eval_metrics] Accuracy(layer_4 - estimator_1 - 12_folds.train_8.predict)=33.94%
[ 2020-05-27 07:24:42,887][kfold_wrapper.log_eval_metrics] Accuracy(layer_4 - estimator_1 - 12_folds.train_9.predict)=38.53%
[ 2020-05-27 07:24:43,241][kfold_wrapper.log_eval_metrics] Accuracy(layer_4 - estimator_1 - 12_folds.train_10.predict)=30.28%
[ 2020-05-27 07:24:43,595][kfold_wrapper.log_eval_metrics] Accuracy(layer_4 - estimator_1 - 12_folds.train_11.predict)=35.78%
[ 2020-05-27 07:24:43,707][kfold_wrapper.log_eval_metrics] Accuracy(layer_4 - estimator_1 - 12_folds.train_cv.predict)=37.60%
[ 2020-05-27 07:24:43,710][kfold_wrapper.log_eval_metrics] Accuracy(layer_4 - estimator_1 - 12_folds.test.predict)=33.56%
[ 2020-05-27 07:24:43,957][kfold_wrapper.log_eval_metrics] Accuracy(layer_4 - estimator_2 - 12_folds.train_0.predict)=39.09%
[ 2020-05-27 07:24:44,307][kfold_wrapper.log_eval_metrics] Accuracy(layer_4 - estimator_2 - 12_folds.train_1.predict)=36.36%
[ 2020-05-27 07:24:44,666][kfold_wrapper.log_eval_metrics] Accuracy(layer_4 - estimator_2 - 12_folds.train_2.predict)=35.45%
[ 2020-05-27 07:24:45,027][kfold_wrapper.log_eval_metrics] Accuracy(layer_4 - estimator_2 - 12_folds.train_3.predict)=35.78%
[ 2020-05-27 07:24:45,373][kfold_wrapper.log_eval_metrics] Accuracy(layer_4 - estimator_2 - 12_folds.train_4.predict)=39.45%
[ 2020-05-27 07:24:45,734][kfold_wrapper.log_eval_metrics] Accuracy(layer_4 - estimator_2 - 12_folds.train_5.predict)=39.45%
[ 2020-05-27 07:24:46,093][kfold_wrapper.log_eval_metrics] Accuracy(layer_4 - estimator_2 - 12_folds.train_6.predict)=42.20%
[ 2020-05-27 07:24:46,445][kfold_wrapper.log_eval_metrics] Accuracy(layer_4 - estimator_2 - 12_folds.train_7.predict)=37.61%
[ 2020-05-27 07:24:46,785][kfold_wrapper.log_eval_metrics] Accuracy(layer_4 - estimator_2 - 12_folds.train_8.predict)=40.37%
[ 2020-05-27 07:24:47,141][kfold_wrapper.log_eval_metrics] Accuracy(layer_4 - estimator_2 - 12_folds.train_9.predict)=38.53%
[ 2020-05-27 07:24:47,493][kfold_wrapper.log_eval_metrics] Accuracy(layer_4 - estimator_2 - 12_folds.train_10.predict)=30.28%
[ 2020-05-27 07:24:47,855][kfold_wrapper.log_eval_metrics] Accuracy(layer_4 - estimator_2 - 12_folds.train_11.predict)=35.78%
[ 2020-05-27 07:24:47,976][kfold_wrapper.log_eval_metrics] Accuracy(layer_4 - estimator_2 - 12_folds.train_cv.predict)=37.53%
[ 2020-05-27 07:24:47,979][kfold_wrapper.log_eval_metrics] Accuracy(layer_4 - estimator_2 - 12_folds.test.predict)=30.82%
[ 2020-05-27 07:24:48,105][kfold_wrapper.log_eval_metrics] Accuracy(layer_4 - estimator_3 - 12_folds.train_0.predict)=48.18%
[ 2020-05-27 07:24:48,182][kfold_wrapper.log_eval_metrics] Accuracy(layer_4 - estimator_3 - 12_folds.train_1.predict)=40.00%
[ 2020-05-27 07:24:48,258][kfold_wrapper.log_eval_metrics] Accuracy(layer_4 - estimator_3 - 12_folds.train_2.predict)=42.73%
[ 2020-05-27 07:24:48,335][kfold_wrapper.log_eval_metrics] Accuracy(layer_4 - estimator_3 - 12_folds.train_3.predict)=44.95%
[ 2020-05-27 07:24:48,414][kfold_wrapper.log_eval_metrics] Accuracy(layer_4 - estimator_3 - 12_folds.train_4.predict)=45.87%
[ 2020-05-27 07:24:48,493][kfold_wrapper.log_eval_metrics] Accuracy(layer_4 - estimator_3 - 12_folds.train_5.predict)=42.20%
[ 2020-05-27 07:24:48,571][kfold_wrapper.log_eval_metrics] Accuracy(layer_4 - estimator_3 - 12_folds.train_6.predict)=34.86%
[ 2020-05-27 07:24:48,650][kfold_wrapper.log_eval_metrics] Accuracy(layer_4 - estimator_3 - 12_folds.train_7.predict)=39.45%
[ 2020-05-27 07:24:48,730][kfold_wrapper.log_eval_metrics] Accuracy(layer_4 - estimator_3 - 12_folds.train_8.predict)=38.53%
[ 2020-05-27 07:24:48,811][kfold_wrapper.log_eval_metrics] Accuracy(layer_4 - estimator_3 - 12_folds.train_9.predict)=40.37%
[ 2020-05-27 07:24:48,889][kfold_wrapper.log_eval_metrics] Accuracy(layer_4 - estimator_3 - 12_folds.train_10.predict)=36.70%
[ 2020-05-27 07:24:48,967][kfold_wrapper.log_eval_metrics] Accuracy(layer_4 - estimator_3 - 12_folds.train_11.predict)=41.28%
[ 2020-05-27 07:24:48,968][kfold_wrapper.log_eval_metrics] Accuracy(layer_4 - estimator_3 - 12_folds.train_cv.predict)=41.27%
[ 2020-05-27 07:24:48,969][kfold_wrapper.log_eval_metrics] Accuracy(layer_4 - estimator_3 - 12_folds.test.predict)=34.25%
[ 2020-05-27 07:24:48,971][cascade_classifier.calc_accuracy] Accuracy(layer_4 - train.classifier_average)=39.21%
[ 2020-05-27 07:24:48,971][cascade_classifier.calc_accuracy] Accuracy(layer_4 - test.classifier_average)=34.25%
[ 2020-05-27 07:24:48,972][cascade_classifier.fit_transform] [layer=5] look_indexs=[0], X_cur_train.shape=(1311, 17), X_cur_test.shape=(146, 17)
[ 2020-05-27 07:24:49,007][kfold_wrapper.log_eval_metrics] Accuracy(layer_5 - estimator_0 - 5_folds.train_0.predict)=38.02%
[ 2020-05-27 07:24:49,041][kfold_wrapper.log_eval_metrics] Accuracy(layer_5 - estimator_0 - 5_folds.train_1.predict)=40.08%
[ 2020-05-27 07:24:49,076][kfold_wrapper.log_eval_metrics] Accuracy(layer_5 - estimator_0 - 5_folds.train_2.predict)=40.46%
[ 2020-05-27 07:24:49,109][kfold_wrapper.log_eval_metrics] Accuracy(layer_5 - estimator_0 - 5_folds.train_3.predict)=40.46%
[ 2020-05-27 07:24:49,142][kfold_wrapper.log_eval_metrics] Accuracy(layer_5 - estimator_0 - 5_folds.train_4.predict)=37.79%
[ 2020-05-27 07:24:49,145][kfold_wrapper.log_eval_metrics] Accuracy(layer_5 - estimator_0 - 5_folds.train_cv.predict)=39.36%
[ 2020-05-27 07:24:49,147][kfold_wrapper.log_eval_metrics] Accuracy(layer_5 - estimator_0 - 5_folds.test.predict)=34.93%
[ 2020-05-27 07:24:49,368][kfold_wrapper.log_eval_metrics] Accuracy(layer_5 - estimator_1 - 12_folds.train_0.predict)=42.73%
[ 2020-05-27 07:24:49,726][kfold_wrapper.log_eval_metrics] Accuracy(layer_5 - estimator_1 - 12_folds.train_1.predict)=32.73%
[ 2020-05-27 07:24:50,085][kfold_wrapper.log_eval_metrics] Accuracy(layer_5 - estimator_1 - 12_folds.train_2.predict)=34.55%
[ 2020-05-27 07:24:50,445][kfold_wrapper.log_eval_metrics] Accuracy(layer_5 - estimator_1 - 12_folds.train_3.predict)=34.86%
[ 2020-05-27 07:24:50,804][kfold_wrapper.log_eval_metrics] Accuracy(layer_5 - estimator_1 - 12_folds.train_4.predict)=33.94%
[ 2020-05-27 07:24:51,164][kfold_wrapper.log_eval_metrics] Accuracy(layer_5 - estimator_1 - 12_folds.train_5.predict)=42.20%
[ 2020-05-27 07:24:51,525][kfold_wrapper.log_eval_metrics] Accuracy(layer_5 - estimator_1 - 12_folds.train_6.predict)=28.44%
[ 2020-05-27 07:24:51,880][kfold_wrapper.log_eval_metrics] Accuracy(layer_5 - estimator_1 - 12_folds.train_7.predict)=38.53%
[ 2020-05-27 07:24:52,238][kfold_wrapper.log_eval_metrics] Accuracy(layer_5 - estimator_1 - 12_folds.train_8.predict)=33.94%
[ 2020-05-27 07:24:52,601][kfold_wrapper.log_eval_metrics] Accuracy(layer_5 - estimator_1 - 12_folds.train_9.predict)=49.54%
[ 2020-05-27 07:24:52,962][kfold_wrapper.log_eval_metrics] Accuracy(layer_5 - estimator_1 - 12_folds.train_10.predict)=41.28%
[ 2020-05-27 07:24:53,323][kfold_wrapper.log_eval_metrics] Accuracy(layer_5 - estimator_1 - 12_folds.train_11.predict)=41.28%
[ 2020-05-27 07:24:53,443][kfold_wrapper.log_eval_metrics] Accuracy(layer_5 - estimator_1 - 12_folds.train_cv.predict)=37.83%
[ 2020-05-27 07:24:53,445][kfold_wrapper.log_eval_metrics] Accuracy(layer_5 - estimator_1 - 12_folds.test.predict)=34.93%
[ 2020-05-27 07:24:53,682][kfold_wrapper.log_eval_metrics] Accuracy(layer_5 - estimator_2 - 12_folds.train_0.predict)=43.64%
[ 2020-05-27 07:24:54,042][kfold_wrapper.log_eval_metrics] Accuracy(layer_5 - estimator_2 - 12_folds.train_1.predict)=42.73%
[ 2020-05-27 07:24:54,394][kfold_wrapper.log_eval_metrics] Accuracy(layer_5 - estimator_2 - 12_folds.train_2.predict)=34.55%
[ 2020-05-27 07:24:54,744][kfold_wrapper.log_eval_metrics] Accuracy(layer_5 - estimator_2 - 12_folds.train_3.predict)=38.53%
[ 2020-05-27 07:24:55,107][kfold_wrapper.log_eval_metrics] Accuracy(layer_5 - estimator_2 - 12_folds.train_4.predict)=43.12%
[ 2020-05-27 07:24:55,470][kfold_wrapper.log_eval_metrics] Accuracy(layer_5 - estimator_2 - 12_folds.train_5.predict)=38.53%
[ 2020-05-27 07:24:55,833][kfold_wrapper.log_eval_metrics] Accuracy(layer_5 - estimator_2 - 12_folds.train_6.predict)=39.45%
[ 2020-05-27 07:24:56,195][kfold_wrapper.log_eval_metrics] Accuracy(layer_5 - estimator_2 - 12_folds.train_7.predict)=39.45%
[ 2020-05-27 07:24:56,547][kfold_wrapper.log_eval_metrics] Accuracy(layer_5 - estimator_2 - 12_folds.train_8.predict)=36.70%
[ 2020-05-27 07:24:56,912][kfold_wrapper.log_eval_metrics] Accuracy(layer_5 - estimator_2 - 12_folds.train_9.predict)=40.37%
[ 2020-05-27 07:24:57,257][kfold_wrapper.log_eval_metrics] Accuracy(layer_5 - estimator_2 - 12_folds.train_10.predict)=42.20%
[ 2020-05-27 07:24:57,613][kfold_wrapper.log_eval_metrics] Accuracy(layer_5 - estimator_2 - 12_folds.train_11.predict)=50.46%
[ 2020-05-27 07:24:57,735][kfold_wrapper.log_eval_metrics] Accuracy(layer_5 - estimator_2 - 12_folds.train_cv.predict)=40.81%
[ 2020-05-27 07:24:57,739][kfold_wrapper.log_eval_metrics] Accuracy(layer_5 - estimator_2 - 12_folds.test.predict)=36.30%
[ 2020-05-27 07:24:57,890][kfold_wrapper.log_eval_metrics] Accuracy(layer_5 - estimator_3 - 12_folds.train_0.predict)=41.82%
[ 2020-05-27 07:24:57,990][kfold_wrapper.log_eval_metrics] Accuracy(layer_5 - estimator_3 - 12_folds.train_1.predict)=39.09%
[ 2020-05-27 07:24:58,090][kfold_wrapper.log_eval_metrics] Accuracy(layer_5 - estimator_3 - 12_folds.train_2.predict)=37.27%
[ 2020-05-27 07:24:58,185][kfold_wrapper.log_eval_metrics] Accuracy(layer_5 - estimator_3 - 12_folds.train_3.predict)=44.04%
[ 2020-05-27 07:24:58,283][kfold_wrapper.log_eval_metrics] Accuracy(layer_5 - estimator_3 - 12_folds.train_4.predict)=45.87%
[ 2020-05-27 07:24:58,380][kfold_wrapper.log_eval_metrics] Accuracy(layer_5 - estimator_3 - 12_folds.train_5.predict)=36.70%
[ 2020-05-27 07:24:58,479][kfold_wrapper.log_eval_metrics] Accuracy(layer_5 - estimator_3 - 12_folds.train_6.predict)=43.12%
[ 2020-05-27 07:24:58,575][kfold_wrapper.log_eval_metrics] Accuracy(layer_5 - estimator_3 - 12_folds.train_7.predict)=48.62%
[ 2020-05-27 07:24:58,672][kfold_wrapper.log_eval_metrics] Accuracy(layer_5 - estimator_3 - 12_folds.train_8.predict)=44.95%
[ 2020-05-27 07:24:58,768][kfold_wrapper.log_eval_metrics] Accuracy(layer_5 - estimator_3 - 12_folds.train_9.predict)=34.86%
[ 2020-05-27 07:24:58,864][kfold_wrapper.log_eval_metrics] Accuracy(layer_5 - estimator_3 - 12_folds.train_10.predict)=46.79%
[ 2020-05-27 07:24:58,961][kfold_wrapper.log_eval_metrics] Accuracy(layer_5 - estimator_3 - 12_folds.train_11.predict)=39.45%
[ 2020-05-27 07:24:58,963][kfold_wrapper.log_eval_metrics] Accuracy(layer_5 - estimator_3 - 12_folds.train_cv.predict)=41.88%
[ 2020-05-27 07:24:58,963][kfold_wrapper.log_eval_metrics] Accuracy(layer_5 - estimator_3 - 12_folds.test.predict)=35.62%
[ 2020-05-27 07:24:58,965][cascade_classifier.calc_accuracy] Accuracy(layer_5 - train.classifier_average)=41.57%
[ 2020-05-27 07:24:58,966][cascade_classifier.calc_accuracy] Accuracy(layer_5 - test.classifier_average)=34.93%
[ 2020-05-27 07:24:58,966][cascade_classifier.fit_transform] [Result][Optimal Level Detected] opt_layer_num=2, accuracy_train=44.01%, accuracy_test=32.19%
[ 2020-05-27 07:24:59,018][cascade_classifier.transform] X_groups_test.shape=[(244, 5)]
[ 2020-05-27 07:24:59,019][cascade_classifier.transform] group_dims=[5]
[ 2020-05-27 07:24:59,019][cascade_classifier.transform] X_test.shape=(244, 5)
[ 2020-05-27 07:24:59,020][cascade_classifier.transform] [layer=0] look_indexs=[0], X_cur_test.shape=(244, 5)
[ 2020-05-27 07:25:01,684][cascade_classifier.transform] [layer=1] look_indexs=[0], X_cur_test.shape=(244, 17)
[ 2020-05-27 07:25:04,725][cascade_classifier.fit_transform] X_groups_train.shape=[(1530, 5)],y_train.shape=(1530,),X_groups_test.shape=[(171, 5)],y_test.shape=(171,)
[ 2020-05-27 07:25:04,726][cascade_classifier.fit_transform] group_dims=[5]
[ 2020-05-27 07:25:04,726][cascade_classifier.fit_transform] group_starts=[0]
[ 2020-05-27 07:25:04,727][cascade_classifier.fit_transform] group_ends=[5]
[ 2020-05-27 07:25:04,727][cascade_classifier.fit_transform] X_train.shape=(1530, 5),X_test.shape=(171, 5)
[ 2020-05-27 07:25:04,728][cascade_classifier.fit_transform] [layer=0] look_indexs=[0], X_cur_train.shape=(1530, 5), X_cur_test.shape=(171, 5)
[ 2020-05-27 07:25:04,753][kfold_wrapper.log_eval_metrics] Accuracy(layer_0 - estimator_0 - 5_folds.train_0.predict)=37.91%
[ 2020-05-27 07:25:04,775][kfold_wrapper.log_eval_metrics] Accuracy(layer_0 - estimator_0 - 5_folds.train_1.predict)=37.58%
[ 2020-05-27 07:25:04,798][kfold_wrapper.log_eval_metrics] Accuracy(layer_0 - estimator_0 - 5_folds.train_2.predict)=36.93%
[ 2020-05-27 07:25:04,822][kfold_wrapper.log_eval_metrics] Accuracy(layer_0 - estimator_0 - 5_folds.train_3.predict)=37.91%
[ 2020-05-27 07:25:04,846][kfold_wrapper.log_eval_metrics] Accuracy(layer_0 - estimator_0 - 5_folds.train_4.predict)=40.85%
[ 2020-05-27 07:25:04,848][kfold_wrapper.log_eval_metrics] Accuracy(layer_0 - estimator_0 - 5_folds.train_cv.predict)=38.24%
[ 2020-05-27 07:25:04,849][kfold_wrapper.log_eval_metrics] Accuracy(layer_0 - estimator_0 - 5_folds.test.predict)=26.90%
[ 2020-05-27 07:25:05,067][kfold_wrapper.log_eval_metrics] Accuracy(layer_0 - estimator_1 - 12_folds.train_0.predict)=35.16%
[ 2020-05-27 07:25:05,390][kfold_wrapper.log_eval_metrics] Accuracy(layer_0 - estimator_1 - 12_folds.train_1.predict)=32.03%
[ 2020-05-27 07:25:05,736][kfold_wrapper.log_eval_metrics] Accuracy(layer_0 - estimator_1 - 12_folds.train_2.predict)=33.59%
[ 2020-05-27 07:25:06,077][kfold_wrapper.log_eval_metrics] Accuracy(layer_0 - estimator_1 - 12_folds.train_3.predict)=30.47%
[ 2020-05-27 07:25:06,427][kfold_wrapper.log_eval_metrics] Accuracy(layer_0 - estimator_1 - 12_folds.train_4.predict)=30.47%
[ 2020-05-27 07:25:06,772][kfold_wrapper.log_eval_metrics] Accuracy(layer_0 - estimator_1 - 12_folds.train_5.predict)=40.62%
[ 2020-05-27 07:25:07,105][kfold_wrapper.log_eval_metrics] Accuracy(layer_0 - estimator_1 - 12_folds.train_6.predict)=33.07%
[ 2020-05-27 07:25:07,457][kfold_wrapper.log_eval_metrics] Accuracy(layer_0 - estimator_1 - 12_folds.train_7.predict)=40.94%
[ 2020-05-27 07:25:07,809][kfold_wrapper.log_eval_metrics] Accuracy(layer_0 - estimator_1 - 12_folds.train_8.predict)=37.80%
[ 2020-05-27 07:25:08,162][kfold_wrapper.log_eval_metrics] Accuracy(layer_0 - estimator_1 - 12_folds.train_9.predict)=31.50%
[ 2020-05-27 07:25:08,501][kfold_wrapper.log_eval_metrics] Accuracy(layer_0 - estimator_1 - 12_folds.train_10.predict)=33.86%
[ 2020-05-27 07:25:08,859][kfold_wrapper.log_eval_metrics] Accuracy(layer_0 - estimator_1 - 12_folds.train_11.predict)=32.28%
[ 2020-05-27 07:25:08,975][kfold_wrapper.log_eval_metrics] Accuracy(layer_0 - estimator_1 - 12_folds.train_cv.predict)=34.31%
[ 2020-05-27 07:25:08,978][kfold_wrapper.log_eval_metrics] Accuracy(layer_0 - estimator_1 - 12_folds.test.predict)=28.65%
[ 2020-05-27 07:25:09,217][kfold_wrapper.log_eval_metrics] Accuracy(layer_0 - estimator_2 - 12_folds.train_0.predict)=29.69%
[ 2020-05-27 07:25:09,571][kfold_wrapper.log_eval_metrics] Accuracy(layer_0 - estimator_2 - 12_folds.train_1.predict)=35.16%
[ 2020-05-27 07:25:09,929][kfold_wrapper.log_eval_metrics] Accuracy(layer_0 - estimator_2 - 12_folds.train_2.predict)=34.38%
[ 2020-05-27 07:25:10,271][kfold_wrapper.log_eval_metrics] Accuracy(layer_0 - estimator_2 - 12_folds.train_3.predict)=32.81%
[ 2020-05-27 07:25:10,627][kfold_wrapper.log_eval_metrics] Accuracy(layer_0 - estimator_2 - 12_folds.train_4.predict)=38.28%
[ 2020-05-27 07:25:10,984][kfold_wrapper.log_eval_metrics] Accuracy(layer_0 - estimator_2 - 12_folds.train_5.predict)=32.81%
[ 2020-05-27 07:25:11,331][kfold_wrapper.log_eval_metrics] Accuracy(layer_0 - estimator_2 - 12_folds.train_6.predict)=36.22%
[ 2020-05-27 07:25:11,680][kfold_wrapper.log_eval_metrics] Accuracy(layer_0 - estimator_2 - 12_folds.train_7.predict)=36.22%
[ 2020-05-27 07:25:12,029][kfold_wrapper.log_eval_metrics] Accuracy(layer_0 - estimator_2 - 12_folds.train_8.predict)=26.77%
[ 2020-05-27 07:25:12,387][kfold_wrapper.log_eval_metrics] Accuracy(layer_0 - estimator_2 - 12_folds.train_9.predict)=35.43%
[ 2020-05-27 07:25:12,745][kfold_wrapper.log_eval_metrics] Accuracy(layer_0 - estimator_2 - 12_folds.train_10.predict)=29.92%
[ 2020-05-27 07:25:13,100][kfold_wrapper.log_eval_metrics] Accuracy(layer_0 - estimator_2 - 12_folds.train_11.predict)=32.28%
[ 2020-05-27 07:25:13,218][kfold_wrapper.log_eval_metrics] Accuracy(layer_0 - estimator_2 - 12_folds.train_cv.predict)=33.33%
[ 2020-05-27 07:25:13,221][kfold_wrapper.log_eval_metrics] Accuracy(layer_0 - estimator_2 - 12_folds.test.predict)=30.99%
[ 2020-05-27 07:25:13,279][kfold_wrapper.log_eval_metrics] Accuracy(layer_0 - estimator_3 - 12_folds.train_0.predict)=42.97%
[ 2020-05-27 07:25:13,304][kfold_wrapper.log_eval_metrics] Accuracy(layer_0 - estimator_3 - 12_folds.train_1.predict)=31.25%
[ 2020-05-27 07:25:13,317][kfold_wrapper.log_eval_metrics] Accuracy(layer_0 - estimator_3 - 12_folds.train_2.predict)=42.19%
[ 2020-05-27 07:25:13,332][kfold_wrapper.log_eval_metrics] Accuracy(layer_0 - estimator_3 - 12_folds.train_3.predict)=39.84%
[ 2020-05-27 07:25:13,346][kfold_wrapper.log_eval_metrics] Accuracy(layer_0 - estimator_3 - 12_folds.train_4.predict)=44.53%
[ 2020-05-27 07:25:13,361][kfold_wrapper.log_eval_metrics] Accuracy(layer_0 - estimator_3 - 12_folds.train_5.predict)=44.53%
[ 2020-05-27 07:25:13,377][kfold_wrapper.log_eval_metrics] Accuracy(layer_0 - estimator_3 - 12_folds.train_6.predict)=46.46%
[ 2020-05-27 07:25:13,391][kfold_wrapper.log_eval_metrics] Accuracy(layer_0 - estimator_3 - 12_folds.train_7.predict)=41.73%
[ 2020-05-27 07:25:13,405][kfold_wrapper.log_eval_metrics] Accuracy(layer_0 - estimator_3 - 12_folds.train_8.predict)=42.52%
[ 2020-05-27 07:25:13,420][kfold_wrapper.log_eval_metrics] Accuracy(layer_0 - estimator_3 - 12_folds.train_9.predict)=39.37%
[ 2020-05-27 07:25:13,435][kfold_wrapper.log_eval_metrics] Accuracy(layer_0 - estimator_3 - 12_folds.train_10.predict)=35.43%
[ 2020-05-27 07:25:13,450][kfold_wrapper.log_eval_metrics] Accuracy(layer_0 - estimator_3 - 12_folds.train_11.predict)=35.43%
[ 2020-05-27 07:25:13,451][kfold_wrapper.log_eval_metrics] Accuracy(layer_0 - estimator_3 - 12_folds.train_cv.predict)=40.52%
[ 2020-05-27 07:25:13,452][kfold_wrapper.log_eval_metrics] Accuracy(layer_0 - estimator_3 - 12_folds.test.predict)=24.56%
[ 2020-05-27 07:25:13,452][cascade_classifier.calc_accuracy] Accuracy(layer_0 - train.classifier_average)=34.77%
[ 2020-05-27 07:25:13,453][cascade_classifier.calc_accuracy] Accuracy(layer_0 - test.classifier_average)=29.24%
[ 2020-05-27 07:25:13,454][cascade_classifier.fit_transform] [layer=1] look_indexs=[0], X_cur_train.shape=(1530, 17), X_cur_test.shape=(171, 17)
[ 2020-05-27 07:25:13,482][kfold_wrapper.log_eval_metrics] Accuracy(layer_1 - estimator_0 - 5_folds.train_0.predict)=35.62%
[ 2020-05-27 07:25:13,510][kfold_wrapper.log_eval_metrics] Accuracy(layer_1 - estimator_0 - 5_folds.train_1.predict)=41.18%
[ 2020-05-27 07:25:13,539][kfold_wrapper.log_eval_metrics] Accuracy(layer_1 - estimator_0 - 5_folds.train_2.predict)=37.58%
[ 2020-05-27 07:25:13,568][kfold_wrapper.log_eval_metrics] Accuracy(layer_1 - estimator_0 - 5_folds.train_3.predict)=37.58%
[ 2020-05-27 07:25:13,597][kfold_wrapper.log_eval_metrics] Accuracy(layer_1 - estimator_0 - 5_folds.train_4.predict)=37.91%
[ 2020-05-27 07:25:13,599][kfold_wrapper.log_eval_metrics] Accuracy(layer_1 - estimator_0 - 5_folds.train_cv.predict)=37.97%
[ 2020-05-27 07:25:13,600][kfold_wrapper.log_eval_metrics] Accuracy(layer_1 - estimator_0 - 5_folds.test.predict)=24.56%
[ 2020-05-27 07:25:13,818][kfold_wrapper.log_eval_metrics] Accuracy(layer_1 - estimator_1 - 12_folds.train_0.predict)=37.50%
[ 2020-05-27 07:25:14,168][kfold_wrapper.log_eval_metrics] Accuracy(layer_1 - estimator_1 - 12_folds.train_1.predict)=39.84%
[ 2020-05-27 07:25:14,515][kfold_wrapper.log_eval_metrics] Accuracy(layer_1 - estimator_1 - 12_folds.train_2.predict)=31.25%
[ 2020-05-27 07:25:14,870][kfold_wrapper.log_eval_metrics] Accuracy(layer_1 - estimator_1 - 12_folds.train_3.predict)=34.38%
[ 2020-05-27 07:25:15,217][kfold_wrapper.log_eval_metrics] Accuracy(layer_1 - estimator_1 - 12_folds.train_4.predict)=39.06%
[ 2020-05-27 07:25:15,558][kfold_wrapper.log_eval_metrics] Accuracy(layer_1 - estimator_1 - 12_folds.train_5.predict)=32.03%
[ 2020-05-27 07:25:15,906][kfold_wrapper.log_eval_metrics] Accuracy(layer_1 - estimator_1 - 12_folds.train_6.predict)=32.28%
[ 2020-05-27 07:25:16,252][kfold_wrapper.log_eval_metrics] Accuracy(layer_1 - estimator_1 - 12_folds.train_7.predict)=28.35%
[ 2020-05-27 07:25:16,599][kfold_wrapper.log_eval_metrics] Accuracy(layer_1 - estimator_1 - 12_folds.train_8.predict)=42.52%
[ 2020-05-27 07:25:16,938][kfold_wrapper.log_eval_metrics] Accuracy(layer_1 - estimator_1 - 12_folds.train_9.predict)=44.09%
[ 2020-05-27 07:25:17,286][kfold_wrapper.log_eval_metrics] Accuracy(layer_1 - estimator_1 - 12_folds.train_10.predict)=36.22%
[ 2020-05-27 07:25:17,641][kfold_wrapper.log_eval_metrics] Accuracy(layer_1 - estimator_1 - 12_folds.train_11.predict)=40.94%
[ 2020-05-27 07:25:17,758][kfold_wrapper.log_eval_metrics] Accuracy(layer_1 - estimator_1 - 12_folds.train_cv.predict)=36.54%
[ 2020-05-27 07:25:17,761][kfold_wrapper.log_eval_metrics] Accuracy(layer_1 - estimator_1 - 12_folds.test.predict)=26.32%
[ 2020-05-27 07:25:18,012][kfold_wrapper.log_eval_metrics] Accuracy(layer_1 - estimator_2 - 12_folds.train_0.predict)=41.41%
[ 2020-05-27 07:25:18,350][kfold_wrapper.log_eval_metrics] Accuracy(layer_1 - estimator_2 - 12_folds.train_1.predict)=40.62%
[ 2020-05-27 07:25:18,689][kfold_wrapper.log_eval_metrics] Accuracy(layer_1 - estimator_2 - 12_folds.train_2.predict)=37.50%
[ 2020-05-27 07:25:19,043][kfold_wrapper.log_eval_metrics] Accuracy(layer_1 - estimator_2 - 12_folds.train_3.predict)=39.84%
[ 2020-05-27 07:25:19,387][kfold_wrapper.log_eval_metrics] Accuracy(layer_1 - estimator_2 - 12_folds.train_4.predict)=39.84%
[ 2020-05-27 07:25:19,736][kfold_wrapper.log_eval_metrics] Accuracy(layer_1 - estimator_2 - 12_folds.train_5.predict)=43.75%
[ 2020-05-27 07:25:20,051][kfold_wrapper.log_eval_metrics] Accuracy(layer_1 - estimator_2 - 12_folds.train_6.predict)=42.52%
[ 2020-05-27 07:25:20,367][kfold_wrapper.log_eval_metrics] Accuracy(layer_1 - estimator_2 - 12_folds.train_7.predict)=32.28%
[ 2020-05-27 07:25:20,692][kfold_wrapper.log_eval_metrics] Accuracy(layer_1 - estimator_2 - 12_folds.train_8.predict)=40.94%
[ 2020-05-27 07:25:21,047][kfold_wrapper.log_eval_metrics] Accuracy(layer_1 - estimator_2 - 12_folds.train_9.predict)=30.71%
[ 2020-05-27 07:25:21,386][kfold_wrapper.log_eval_metrics] Accuracy(layer_1 - estimator_2 - 12_folds.train_10.predict)=40.16%
[ 2020-05-27 07:25:21,725][kfold_wrapper.log_eval_metrics] Accuracy(layer_1 - estimator_2 - 12_folds.train_11.predict)=36.22%
[ 2020-05-27 07:25:21,838][kfold_wrapper.log_eval_metrics] Accuracy(layer_1 - estimator_2 - 12_folds.train_cv.predict)=38.82%
[ 2020-05-27 07:25:21,842][kfold_wrapper.log_eval_metrics] Accuracy(layer_1 - estimator_2 - 12_folds.test.predict)=34.50%
[ 2020-05-27 07:25:21,914][kfold_wrapper.log_eval_metrics] Accuracy(layer_1 - estimator_3 - 12_folds.train_0.predict)=42.97%
[ 2020-05-27 07:25:21,963][kfold_wrapper.log_eval_metrics] Accuracy(layer_1 - estimator_3 - 12_folds.train_1.predict)=35.16%
[ 2020-05-27 07:25:22,015][kfold_wrapper.log_eval_metrics] Accuracy(layer_1 - estimator_3 - 12_folds.train_2.predict)=43.75%
[ 2020-05-27 07:25:22,068][kfold_wrapper.log_eval_metrics] Accuracy(layer_1 - estimator_3 - 12_folds.train_3.predict)=37.50%
[ 2020-05-27 07:25:22,119][kfold_wrapper.log_eval_metrics] Accuracy(layer_1 - estimator_3 - 12_folds.train_4.predict)=43.75%
[ 2020-05-27 07:25:22,171][kfold_wrapper.log_eval_metrics] Accuracy(layer_1 - estimator_3 - 12_folds.train_5.predict)=39.84%
[ 2020-05-27 07:25:22,220][kfold_wrapper.log_eval_metrics] Accuracy(layer_1 - estimator_3 - 12_folds.train_6.predict)=34.65%
[ 2020-05-27 07:25:22,269][kfold_wrapper.log_eval_metrics] Accuracy(layer_1 - estimator_3 - 12_folds.train_7.predict)=41.73%
[ 2020-05-27 07:25:22,320][kfold_wrapper.log_eval_metrics] Accuracy(layer_1 - estimator_3 - 12_folds.train_8.predict)=44.09%
[ 2020-05-27 07:25:22,370][kfold_wrapper.log_eval_metrics] Accuracy(layer_1 - estimator_3 - 12_folds.train_9.predict)=41.73%
[ 2020-05-27 07:25:22,419][kfold_wrapper.log_eval_metrics] Accuracy(layer_1 - estimator_3 - 12_folds.train_10.predict)=32.28%
[ 2020-05-27 07:25:22,470][kfold_wrapper.log_eval_metrics] Accuracy(layer_1 - estimator_3 - 12_folds.train_11.predict)=45.67%
[ 2020-05-27 07:25:22,471][kfold_wrapper.log_eval_metrics] Accuracy(layer_1 - estimator_3 - 12_folds.train_cv.predict)=40.26%
[ 2020-05-27 07:25:22,472][kfold_wrapper.log_eval_metrics] Accuracy(layer_1 - estimator_3 - 12_folds.test.predict)=25.73%
[ 2020-05-27 07:25:22,472][cascade_classifier.calc_accuracy] Accuracy(layer_1 - train.classifier_average)=39.08%
[ 2020-05-27 07:25:22,473][cascade_classifier.calc_accuracy] Accuracy(layer_1 - test.classifier_average)=26.90%
[ 2020-05-27 07:25:22,474][cascade_classifier.fit_transform] [layer=2] look_indexs=[0], X_cur_train.shape=(1530, 17), X_cur_test.shape=(171, 17)
[ 2020-05-27 07:25:22,505][kfold_wrapper.log_eval_metrics] Accuracy(layer_2 - estimator_0 - 5_folds.train_0.predict)=37.58%
[ 2020-05-27 07:25:22,534][kfold_wrapper.log_eval_metrics] Accuracy(layer_2 - estimator_0 - 5_folds.train_1.predict)=36.60%
[ 2020-05-27 07:25:22,564][kfold_wrapper.log_eval_metrics] Accuracy(layer_2 - estimator_0 - 5_folds.train_2.predict)=35.95%
[ 2020-05-27 07:25:22,593][kfold_wrapper.log_eval_metrics] Accuracy(layer_2 - estimator_0 - 5_folds.train_3.predict)=40.52%
[ 2020-05-27 07:25:22,622][kfold_wrapper.log_eval_metrics] Accuracy(layer_2 - estimator_0 - 5_folds.train_4.predict)=35.95%
[ 2020-05-27 07:25:22,624][kfold_wrapper.log_eval_metrics] Accuracy(layer_2 - estimator_0 - 5_folds.train_cv.predict)=37.32%
[ 2020-05-27 07:25:22,626][kfold_wrapper.log_eval_metrics] Accuracy(layer_2 - estimator_0 - 5_folds.test.predict)=30.41%
[ 2020-05-27 07:25:22,845][kfold_wrapper.log_eval_metrics] Accuracy(layer_2 - estimator_1 - 12_folds.train_0.predict)=31.25%
[ 2020-05-27 07:25:23,198][kfold_wrapper.log_eval_metrics] Accuracy(layer_2 - estimator_1 - 12_folds.train_1.predict)=41.41%
[ 2020-05-27 07:25:23,553][kfold_wrapper.log_eval_metrics] Accuracy(layer_2 - estimator_1 - 12_folds.train_2.predict)=39.84%
[ 2020-05-27 07:25:23,912][kfold_wrapper.log_eval_metrics] Accuracy(layer_2 - estimator_1 - 12_folds.train_3.predict)=34.38%
[ 2020-05-27 07:25:24,258][kfold_wrapper.log_eval_metrics] Accuracy(layer_2 - estimator_1 - 12_folds.train_4.predict)=38.28%
[ 2020-05-27 07:25:24,607][kfold_wrapper.log_eval_metrics] Accuracy(layer_2 - estimator_1 - 12_folds.train_5.predict)=42.19%
[ 2020-05-27 07:25:24,965][kfold_wrapper.log_eval_metrics] Accuracy(layer_2 - estimator_1 - 12_folds.train_6.predict)=37.80%
[ 2020-05-27 07:25:25,321][kfold_wrapper.log_eval_metrics] Accuracy(layer_2 - estimator_1 - 12_folds.train_7.predict)=39.37%
[ 2020-05-27 07:25:25,662][kfold_wrapper.log_eval_metrics] Accuracy(layer_2 - estimator_1 - 12_folds.train_8.predict)=33.86%
[ 2020-05-27 07:25:26,021][kfold_wrapper.log_eval_metrics] Accuracy(layer_2 - estimator_1 - 12_folds.train_9.predict)=39.37%
[ 2020-05-27 07:25:26,358][kfold_wrapper.log_eval_metrics] Accuracy(layer_2 - estimator_1 - 12_folds.train_10.predict)=32.28%
[ 2020-05-27 07:25:26,715][kfold_wrapper.log_eval_metrics] Accuracy(layer_2 - estimator_1 - 12_folds.train_11.predict)=38.58%
[ 2020-05-27 07:25:26,832][kfold_wrapper.log_eval_metrics] Accuracy(layer_2 - estimator_1 - 12_folds.train_cv.predict)=37.39%
[ 2020-05-27 07:25:26,835][kfold_wrapper.log_eval_metrics] Accuracy(layer_2 - estimator_1 - 12_folds.test.predict)=30.41%
[ 2020-05-27 07:25:27,076][kfold_wrapper.log_eval_metrics] Accuracy(layer_2 - estimator_2 - 12_folds.train_0.predict)=36.72%
[ 2020-05-27 07:25:27,428][kfold_wrapper.log_eval_metrics] Accuracy(layer_2 - estimator_2 - 12_folds.train_1.predict)=37.50%
[ 2020-05-27 07:25:27,786][kfold_wrapper.log_eval_metrics] Accuracy(layer_2 - estimator_2 - 12_folds.train_2.predict)=43.75%
[ 2020-05-27 07:25:28,135][kfold_wrapper.log_eval_metrics] Accuracy(layer_2 - estimator_2 - 12_folds.train_3.predict)=36.72%
[ 2020-05-27 07:25:28,481][kfold_wrapper.log_eval_metrics] Accuracy(layer_2 - estimator_2 - 12_folds.train_4.predict)=32.81%
[ 2020-05-27 07:25:28,837][kfold_wrapper.log_eval_metrics] Accuracy(layer_2 - estimator_2 - 12_folds.train_5.predict)=34.38%
[ 2020-05-27 07:25:29,196][kfold_wrapper.log_eval_metrics] Accuracy(layer_2 - estimator_2 - 12_folds.train_6.predict)=32.28%
[ 2020-05-27 07:25:29,536][kfold_wrapper.log_eval_metrics] Accuracy(layer_2 - estimator_2 - 12_folds.train_7.predict)=38.58%
[ 2020-05-27 07:25:29,889][kfold_wrapper.log_eval_metrics] Accuracy(layer_2 - estimator_2 - 12_folds.train_8.predict)=33.07%
[ 2020-05-27 07:25:30,233][kfold_wrapper.log_eval_metrics] Accuracy(layer_2 - estimator_2 - 12_folds.train_9.predict)=35.43%
[ 2020-05-27 07:25:30,578][kfold_wrapper.log_eval_metrics] Accuracy(layer_2 - estimator_2 - 12_folds.train_10.predict)=32.28%
[ 2020-05-27 07:25:30,931][kfold_wrapper.log_eval_metrics] Accuracy(layer_2 - estimator_2 - 12_folds.train_11.predict)=37.80%
[ 2020-05-27 07:25:31,049][kfold_wrapper.log_eval_metrics] Accuracy(layer_2 - estimator_2 - 12_folds.train_cv.predict)=35.95%
[ 2020-05-27 07:25:31,052][kfold_wrapper.log_eval_metrics] Accuracy(layer_2 - estimator_2 - 12_folds.test.predict)=33.33%
[ 2020-05-27 07:25:31,153][kfold_wrapper.log_eval_metrics] Accuracy(layer_2 - estimator_3 - 12_folds.train_0.predict)=36.72%
[ 2020-05-27 07:25:31,208][kfold_wrapper.log_eval_metrics] Accuracy(layer_2 - estimator_3 - 12_folds.train_1.predict)=35.16%
[ 2020-05-27 07:25:31,266][kfold_wrapper.log_eval_metrics] Accuracy(layer_2 - estimator_3 - 12_folds.train_2.predict)=38.28%
[ 2020-05-27 07:25:31,320][kfold_wrapper.log_eval_metrics] Accuracy(layer_2 - estimator_3 - 12_folds.train_3.predict)=41.41%
[ 2020-05-27 07:25:31,375][kfold_wrapper.log_eval_metrics] Accuracy(layer_2 - estimator_3 - 12_folds.train_4.predict)=42.97%
[ 2020-05-27 07:25:31,430][kfold_wrapper.log_eval_metrics] Accuracy(layer_2 - estimator_3 - 12_folds.train_5.predict)=39.84%
[ 2020-05-27 07:25:31,482][kfold_wrapper.log_eval_metrics] Accuracy(layer_2 - estimator_3 - 12_folds.train_6.predict)=41.73%
[ 2020-05-27 07:25:31,537][kfold_wrapper.log_eval_metrics] Accuracy(layer_2 - estimator_3 - 12_folds.train_7.predict)=37.01%
[ 2020-05-27 07:25:31,596][kfold_wrapper.log_eval_metrics] Accuracy(layer_2 - estimator_3 - 12_folds.train_8.predict)=35.43%
[ 2020-05-27 07:25:31,652][kfold_wrapper.log_eval_metrics] Accuracy(layer_2 - estimator_3 - 12_folds.train_9.predict)=33.07%
[ 2020-05-27 07:25:31,707][kfold_wrapper.log_eval_metrics] Accuracy(layer_2 - estimator_3 - 12_folds.train_10.predict)=38.58%
[ 2020-05-27 07:25:31,761][kfold_wrapper.log_eval_metrics] Accuracy(layer_2 - estimator_3 - 12_folds.train_11.predict)=40.16%
[ 2020-05-27 07:25:31,762][kfold_wrapper.log_eval_metrics] Accuracy(layer_2 - estimator_3 - 12_folds.train_cv.predict)=38.37%
[ 2020-05-27 07:25:31,763][kfold_wrapper.log_eval_metrics] Accuracy(layer_2 - estimator_3 - 12_folds.test.predict)=24.56%
[ 2020-05-27 07:25:31,763][cascade_classifier.calc_accuracy] Accuracy(layer_2 - train.classifier_average)=37.78%
[ 2020-05-27 07:25:31,764][cascade_classifier.calc_accuracy] Accuracy(layer_2 - test.classifier_average)=32.16%
[ 2020-05-27 07:25:31,765][cascade_classifier.fit_transform] [layer=3] look_indexs=[0], X_cur_train.shape=(1530, 17), X_cur_test.shape=(171, 17)
[ 2020-05-27 07:25:31,795][kfold_wrapper.log_eval_metrics] Accuracy(layer_3 - estimator_0 - 5_folds.train_0.predict)=33.99%
[ 2020-05-27 07:25:31,825][kfold_wrapper.log_eval_metrics] Accuracy(layer_3 - estimator_0 - 5_folds.train_1.predict)=34.64%
[ 2020-05-27 07:25:31,856][kfold_wrapper.log_eval_metrics] Accuracy(layer_3 - estimator_0 - 5_folds.train_2.predict)=39.87%
[ 2020-05-27 07:25:31,887][kfold_wrapper.log_eval_metrics] Accuracy(layer_3 - estimator_0 - 5_folds.train_3.predict)=35.62%
[ 2020-05-27 07:25:31,918][kfold_wrapper.log_eval_metrics] Accuracy(layer_3 - estimator_0 - 5_folds.train_4.predict)=39.87%
[ 2020-05-27 07:25:31,920][kfold_wrapper.log_eval_metrics] Accuracy(layer_3 - estimator_0 - 5_folds.train_cv.predict)=36.80%
[ 2020-05-27 07:25:31,922][kfold_wrapper.log_eval_metrics] Accuracy(layer_3 - estimator_0 - 5_folds.test.predict)=28.07%
[ 2020-05-27 07:25:32,141][kfold_wrapper.log_eval_metrics] Accuracy(layer_3 - estimator_1 - 12_folds.train_0.predict)=36.72%
[ 2020-05-27 07:25:32,477][kfold_wrapper.log_eval_metrics] Accuracy(layer_3 - estimator_1 - 12_folds.train_1.predict)=39.84%
[ 2020-05-27 07:25:32,833][kfold_wrapper.log_eval_metrics] Accuracy(layer_3 - estimator_1 - 12_folds.train_2.predict)=34.38%
[ 2020-05-27 07:25:33,192][kfold_wrapper.log_eval_metrics] Accuracy(layer_3 - estimator_1 - 12_folds.train_3.predict)=43.75%
[ 2020-05-27 07:25:33,547][kfold_wrapper.log_eval_metrics] Accuracy(layer_3 - estimator_1 - 12_folds.train_4.predict)=35.16%
[ 2020-05-27 07:25:33,890][kfold_wrapper.log_eval_metrics] Accuracy(layer_3 - estimator_1 - 12_folds.train_5.predict)=35.94%
[ 2020-05-27 07:25:34,238][kfold_wrapper.log_eval_metrics] Accuracy(layer_3 - estimator_1 - 12_folds.train_6.predict)=33.07%
[ 2020-05-27 07:25:34,586][kfold_wrapper.log_eval_metrics] Accuracy(layer_3 - estimator_1 - 12_folds.train_7.predict)=33.07%
[ 2020-05-27 07:25:34,940][kfold_wrapper.log_eval_metrics] Accuracy(layer_3 - estimator_1 - 12_folds.train_8.predict)=36.22%
[ 2020-05-27 07:25:35,295][kfold_wrapper.log_eval_metrics] Accuracy(layer_3 - estimator_1 - 12_folds.train_9.predict)=37.01%
[ 2020-05-27 07:25:35,653][kfold_wrapper.log_eval_metrics] Accuracy(layer_3 - estimator_1 - 12_folds.train_10.predict)=44.09%
[ 2020-05-27 07:25:36,011][kfold_wrapper.log_eval_metrics] Accuracy(layer_3 - estimator_1 - 12_folds.train_11.predict)=29.92%
[ 2020-05-27 07:25:36,129][kfold_wrapper.log_eval_metrics] Accuracy(layer_3 - estimator_1 - 12_folds.train_cv.predict)=36.60%
[ 2020-05-27 07:25:36,131][kfold_wrapper.log_eval_metrics] Accuracy(layer_3 - estimator_1 - 12_folds.test.predict)=29.82%
[ 2020-05-27 07:25:36,367][kfold_wrapper.log_eval_metrics] Accuracy(layer_3 - estimator_2 - 12_folds.train_0.predict)=35.16%
[ 2020-05-27 07:25:36,722][kfold_wrapper.log_eval_metrics] Accuracy(layer_3 - estimator_2 - 12_folds.train_1.predict)=40.62%
[ 2020-05-27 07:25:37,081][kfold_wrapper.log_eval_metrics] Accuracy(layer_3 - estimator_2 - 12_folds.train_2.predict)=34.38%
[ 2020-05-27 07:25:37,411][kfold_wrapper.log_eval_metrics] Accuracy(layer_3 - estimator_2 - 12_folds.train_3.predict)=35.16%
[ 2020-05-27 07:25:37,755][kfold_wrapper.log_eval_metrics] Accuracy(layer_3 - estimator_2 - 12_folds.train_4.predict)=35.94%
[ 2020-05-27 07:25:38,112][kfold_wrapper.log_eval_metrics] Accuracy(layer_3 - estimator_2 - 12_folds.train_5.predict)=37.50%
[ 2020-05-27 07:25:38,467][kfold_wrapper.log_eval_metrics] Accuracy(layer_3 - estimator_2 - 12_folds.train_6.predict)=37.01%
[ 2020-05-27 07:25:38,819][kfold_wrapper.log_eval_metrics] Accuracy(layer_3 - estimator_2 - 12_folds.train_7.predict)=35.43%
[ 2020-05-27 07:25:39,165][kfold_wrapper.log_eval_metrics] Accuracy(layer_3 - estimator_2 - 12_folds.train_8.predict)=34.65%
[ 2020-05-27 07:25:39,523][kfold_wrapper.log_eval_metrics] Accuracy(layer_3 - estimator_2 - 12_folds.train_9.predict)=38.58%
[ 2020-05-27 07:25:39,880][kfold_wrapper.log_eval_metrics] Accuracy(layer_3 - estimator_2 - 12_folds.train_10.predict)=30.71%
[ 2020-05-27 07:25:40,225][kfold_wrapper.log_eval_metrics] Accuracy(layer_3 - estimator_2 - 12_folds.train_11.predict)=27.56%
[ 2020-05-27 07:25:40,344][kfold_wrapper.log_eval_metrics] Accuracy(layer_3 - estimator_2 - 12_folds.train_cv.predict)=35.23%
[ 2020-05-27 07:25:40,347][kfold_wrapper.log_eval_metrics] Accuracy(layer_3 - estimator_2 - 12_folds.test.predict)=32.16%
[ 2020-05-27 07:25:40,459][kfold_wrapper.log_eval_metrics] Accuracy(layer_3 - estimator_3 - 12_folds.train_0.predict)=28.91%
[ 2020-05-27 07:25:40,518][kfold_wrapper.log_eval_metrics] Accuracy(layer_3 - estimator_3 - 12_folds.train_1.predict)=39.84%
[ 2020-05-27 07:25:40,580][kfold_wrapper.log_eval_metrics] Accuracy(layer_3 - estimator_3 - 12_folds.train_2.predict)=39.06%
[ 2020-05-27 07:25:40,639][kfold_wrapper.log_eval_metrics] Accuracy(layer_3 - estimator_3 - 12_folds.train_3.predict)=42.97%
[ 2020-05-27 07:25:40,699][kfold_wrapper.log_eval_metrics] Accuracy(layer_3 - estimator_3 - 12_folds.train_4.predict)=44.53%
[ 2020-05-27 07:25:40,760][kfold_wrapper.log_eval_metrics] Accuracy(layer_3 - estimator_3 - 12_folds.train_5.predict)=42.97%
[ 2020-05-27 07:25:40,820][kfold_wrapper.log_eval_metrics] Accuracy(layer_3 - estimator_3 - 12_folds.train_6.predict)=40.94%
[ 2020-05-27 07:25:40,881][kfold_wrapper.log_eval_metrics] Accuracy(layer_3 - estimator_3 - 12_folds.train_7.predict)=42.52%
[ 2020-05-27 07:25:40,942][kfold_wrapper.log_eval_metrics] Accuracy(layer_3 - estimator_3 - 12_folds.train_8.predict)=30.71%
[ 2020-05-27 07:25:41,002][kfold_wrapper.log_eval_metrics] Accuracy(layer_3 - estimator_3 - 12_folds.train_9.predict)=39.37%
[ 2020-05-27 07:25:41,067][kfold_wrapper.log_eval_metrics] Accuracy(layer_3 - estimator_3 - 12_folds.train_10.predict)=40.16%
[ 2020-05-27 07:25:41,130][kfold_wrapper.log_eval_metrics] Accuracy(layer_3 - estimator_3 - 12_folds.train_11.predict)=41.73%
[ 2020-05-27 07:25:41,131][kfold_wrapper.log_eval_metrics] Accuracy(layer_3 - estimator_3 - 12_folds.train_cv.predict)=39.48%
[ 2020-05-27 07:25:41,132][kfold_wrapper.log_eval_metrics] Accuracy(layer_3 - estimator_3 - 12_folds.test.predict)=24.56%
[ 2020-05-27 07:25:41,133][cascade_classifier.calc_accuracy] Accuracy(layer_3 - train.classifier_average)=38.95%
[ 2020-05-27 07:25:41,134][cascade_classifier.calc_accuracy] Accuracy(layer_3 - test.classifier_average)=28.07%
[ 2020-05-27 07:25:41,134][cascade_classifier.fit_transform] [layer=4] look_indexs=[0], X_cur_train.shape=(1530, 17), X_cur_test.shape=(171, 17)
[ 2020-05-27 07:25:41,167][kfold_wrapper.log_eval_metrics] Accuracy(layer_4 - estimator_0 - 5_folds.train_0.predict)=39.54%
[ 2020-05-27 07:25:41,199][kfold_wrapper.log_eval_metrics] Accuracy(layer_4 - estimator_0 - 5_folds.train_1.predict)=34.97%
[ 2020-05-27 07:25:41,231][kfold_wrapper.log_eval_metrics] Accuracy(layer_4 - estimator_0 - 5_folds.train_2.predict)=37.58%
[ 2020-05-27 07:25:41,263][kfold_wrapper.log_eval_metrics] Accuracy(layer_4 - estimator_0 - 5_folds.train_3.predict)=39.22%
[ 2020-05-27 07:25:41,295][kfold_wrapper.log_eval_metrics] Accuracy(layer_4 - estimator_0 - 5_folds.train_4.predict)=39.22%
[ 2020-05-27 07:25:41,298][kfold_wrapper.log_eval_metrics] Accuracy(layer_4 - estimator_0 - 5_folds.train_cv.predict)=38.10%
[ 2020-05-27 07:25:41,299][kfold_wrapper.log_eval_metrics] Accuracy(layer_4 - estimator_0 - 5_folds.test.predict)=24.56%
[ 2020-05-27 07:25:41,519][kfold_wrapper.log_eval_metrics] Accuracy(layer_4 - estimator_1 - 12_folds.train_0.predict)=29.69%
[ 2020-05-27 07:25:41,872][kfold_wrapper.log_eval_metrics] Accuracy(layer_4 - estimator_1 - 12_folds.train_1.predict)=24.22%
[ 2020-05-27 07:25:42,222][kfold_wrapper.log_eval_metrics] Accuracy(layer_4 - estimator_1 - 12_folds.train_2.predict)=35.94%
[ 2020-05-27 07:25:42,561][kfold_wrapper.log_eval_metrics] Accuracy(layer_4 - estimator_1 - 12_folds.train_3.predict)=31.25%
[ 2020-05-27 07:25:42,906][kfold_wrapper.log_eval_metrics] Accuracy(layer_4 - estimator_1 - 12_folds.train_4.predict)=36.72%
[ 2020-05-27 07:25:43,259][kfold_wrapper.log_eval_metrics] Accuracy(layer_4 - estimator_1 - 12_folds.train_5.predict)=43.75%
[ 2020-05-27 07:25:43,601][kfold_wrapper.log_eval_metrics] Accuracy(layer_4 - estimator_1 - 12_folds.train_6.predict)=36.22%
[ 2020-05-27 07:25:43,947][kfold_wrapper.log_eval_metrics] Accuracy(layer_4 - estimator_1 - 12_folds.train_7.predict)=35.43%
[ 2020-05-27 07:25:44,299][kfold_wrapper.log_eval_metrics] Accuracy(layer_4 - estimator_1 - 12_folds.train_8.predict)=38.58%
[ 2020-05-27 07:25:44,652][kfold_wrapper.log_eval_metrics] Accuracy(layer_4 - estimator_1 - 12_folds.train_9.predict)=40.16%
[ 2020-05-27 07:25:45,011][kfold_wrapper.log_eval_metrics] Accuracy(layer_4 - estimator_1 - 12_folds.train_10.predict)=33.07%
[ 2020-05-27 07:25:45,363][kfold_wrapper.log_eval_metrics] Accuracy(layer_4 - estimator_1 - 12_folds.train_11.predict)=38.58%
[ 2020-05-27 07:25:45,473][kfold_wrapper.log_eval_metrics] Accuracy(layer_4 - estimator_1 - 12_folds.train_cv.predict)=35.29%
[ 2020-05-27 07:25:45,476][kfold_wrapper.log_eval_metrics] Accuracy(layer_4 - estimator_1 - 12_folds.test.predict)=28.07%
[ 2020-05-27 07:25:45,725][kfold_wrapper.log_eval_metrics] Accuracy(layer_4 - estimator_2 - 12_folds.train_0.predict)=39.84%
[ 2020-05-27 07:25:46,084][kfold_wrapper.log_eval_metrics] Accuracy(layer_4 - estimator_2 - 12_folds.train_1.predict)=35.16%
[ 2020-05-27 07:25:46,422][kfold_wrapper.log_eval_metrics] Accuracy(layer_4 - estimator_2 - 12_folds.train_2.predict)=42.97%
[ 2020-05-27 07:25:46,765][kfold_wrapper.log_eval_metrics] Accuracy(layer_4 - estimator_2 - 12_folds.train_3.predict)=41.41%
[ 2020-05-27 07:25:47,104][kfold_wrapper.log_eval_metrics] Accuracy(layer_4 - estimator_2 - 12_folds.train_4.predict)=37.50%
[ 2020-05-27 07:25:47,442][kfold_wrapper.log_eval_metrics] Accuracy(layer_4 - estimator_2 - 12_folds.train_5.predict)=39.84%
[ 2020-05-27 07:25:47,793][kfold_wrapper.log_eval_metrics] Accuracy(layer_4 - estimator_2 - 12_folds.train_6.predict)=33.86%
[ 2020-05-27 07:25:48,152][kfold_wrapper.log_eval_metrics] Accuracy(layer_4 - estimator_2 - 12_folds.train_7.predict)=32.28%
[ 2020-05-27 07:25:48,513][kfold_wrapper.log_eval_metrics] Accuracy(layer_4 - estimator_2 - 12_folds.train_8.predict)=37.80%
[ 2020-05-27 07:25:48,859][kfold_wrapper.log_eval_metrics] Accuracy(layer_4 - estimator_2 - 12_folds.train_9.predict)=40.94%
[ 2020-05-27 07:25:49,210][kfold_wrapper.log_eval_metrics] Accuracy(layer_4 - estimator_2 - 12_folds.train_10.predict)=33.86%
[ 2020-05-27 07:25:49,565][kfold_wrapper.log_eval_metrics] Accuracy(layer_4 - estimator_2 - 12_folds.train_11.predict)=31.50%
[ 2020-05-27 07:25:49,684][kfold_wrapper.log_eval_metrics] Accuracy(layer_4 - estimator_2 - 12_folds.train_cv.predict)=37.25%
[ 2020-05-27 07:25:49,689][kfold_wrapper.log_eval_metrics] Accuracy(layer_4 - estimator_2 - 12_folds.test.predict)=25.73%
[ 2020-05-27 07:25:49,797][kfold_wrapper.log_eval_metrics] Accuracy(layer_4 - estimator_3 - 12_folds.train_0.predict)=42.19%
[ 2020-05-27 07:25:49,866][kfold_wrapper.log_eval_metrics] Accuracy(layer_4 - estimator_3 - 12_folds.train_1.predict)=42.19%
[ 2020-05-27 07:25:49,937][kfold_wrapper.log_eval_metrics] Accuracy(layer_4 - estimator_3 - 12_folds.train_2.predict)=44.53%
[ 2020-05-27 07:25:50,010][kfold_wrapper.log_eval_metrics] Accuracy(layer_4 - estimator_3 - 12_folds.train_3.predict)=36.72%
[ 2020-05-27 07:25:50,081][kfold_wrapper.log_eval_metrics] Accuracy(layer_4 - estimator_3 - 12_folds.train_4.predict)=43.75%
[ 2020-05-27 07:25:50,150][kfold_wrapper.log_eval_metrics] Accuracy(layer_4 - estimator_3 - 12_folds.train_5.predict)=35.94%
[ 2020-05-27 07:25:50,220][kfold_wrapper.log_eval_metrics] Accuracy(layer_4 - estimator_3 - 12_folds.train_6.predict)=42.52%
[ 2020-05-27 07:25:50,290][kfold_wrapper.log_eval_metrics] Accuracy(layer_4 - estimator_3 - 12_folds.train_7.predict)=36.22%
[ 2020-05-27 07:25:50,361][kfold_wrapper.log_eval_metrics] Accuracy(layer_4 - estimator_3 - 12_folds.train_8.predict)=44.09%
[ 2020-05-27 07:25:50,432][kfold_wrapper.log_eval_metrics] Accuracy(layer_4 - estimator_3 - 12_folds.train_9.predict)=36.22%
[ 2020-05-27 07:25:50,503][kfold_wrapper.log_eval_metrics] Accuracy(layer_4 - estimator_3 - 12_folds.train_10.predict)=44.88%
[ 2020-05-27 07:25:50,572][kfold_wrapper.log_eval_metrics] Accuracy(layer_4 - estimator_3 - 12_folds.train_11.predict)=39.37%
[ 2020-05-27 07:25:50,573][kfold_wrapper.log_eval_metrics] Accuracy(layer_4 - estimator_3 - 12_folds.train_cv.predict)=40.72%
[ 2020-05-27 07:25:50,574][kfold_wrapper.log_eval_metrics] Accuracy(layer_4 - estimator_3 - 12_folds.test.predict)=23.98%
[ 2020-05-27 07:25:50,575][cascade_classifier.calc_accuracy] Accuracy(layer_4 - train.classifier_average)=36.86%
[ 2020-05-27 07:25:50,576][cascade_classifier.calc_accuracy] Accuracy(layer_4 - test.classifier_average)=26.32%
[ 2020-05-27 07:25:50,577][cascade_classifier.fit_transform] [layer=5] look_indexs=[0], X_cur_train.shape=(1530, 17), X_cur_test.shape=(171, 17)
[ 2020-05-27 07:25:50,611][kfold_wrapper.log_eval_metrics] Accuracy(layer_5 - estimator_0 - 5_folds.train_0.predict)=37.25%
[ 2020-05-27 07:25:50,644][kfold_wrapper.log_eval_metrics] Accuracy(layer_5 - estimator_0 - 5_folds.train_1.predict)=35.95%
[ 2020-05-27 07:25:50,678][kfold_wrapper.log_eval_metrics] Accuracy(layer_5 - estimator_0 - 5_folds.train_2.predict)=41.83%
[ 2020-05-27 07:25:50,710][kfold_wrapper.log_eval_metrics] Accuracy(layer_5 - estimator_0 - 5_folds.train_3.predict)=39.54%
[ 2020-05-27 07:25:50,743][kfold_wrapper.log_eval_metrics] Accuracy(layer_5 - estimator_0 - 5_folds.train_4.predict)=40.85%
[ 2020-05-27 07:25:50,745][kfold_wrapper.log_eval_metrics] Accuracy(layer_5 - estimator_0 - 5_folds.train_cv.predict)=39.08%
[ 2020-05-27 07:25:50,747][kfold_wrapper.log_eval_metrics] Accuracy(layer_5 - estimator_0 - 5_folds.test.predict)=25.73%
[ 2020-05-27 07:25:50,967][kfold_wrapper.log_eval_metrics] Accuracy(layer_5 - estimator_1 - 12_folds.train_0.predict)=28.12%
[ 2020-05-27 07:25:51,309][kfold_wrapper.log_eval_metrics] Accuracy(layer_5 - estimator_1 - 12_folds.train_1.predict)=34.38%
[ 2020-05-27 07:25:51,661][kfold_wrapper.log_eval_metrics] Accuracy(layer_5 - estimator_1 - 12_folds.train_2.predict)=32.81%
[ 2020-05-27 07:25:52,011][kfold_wrapper.log_eval_metrics] Accuracy(layer_5 - estimator_1 - 12_folds.train_3.predict)=32.81%
[ 2020-05-27 07:25:52,349][kfold_wrapper.log_eval_metrics] Accuracy(layer_5 - estimator_1 - 12_folds.train_4.predict)=42.19%
[ 2020-05-27 07:25:52,698][kfold_wrapper.log_eval_metrics] Accuracy(layer_5 - estimator_1 - 12_folds.train_5.predict)=34.38%
[ 2020-05-27 07:25:53,055][kfold_wrapper.log_eval_metrics] Accuracy(layer_5 - estimator_1 - 12_folds.train_6.predict)=37.80%
[ 2020-05-27 07:25:53,413][kfold_wrapper.log_eval_metrics] Accuracy(layer_5 - estimator_1 - 12_folds.train_7.predict)=39.37%
[ 2020-05-27 07:25:53,763][kfold_wrapper.log_eval_metrics] Accuracy(layer_5 - estimator_1 - 12_folds.train_8.predict)=31.50%
[ 2020-05-27 07:25:54,122][kfold_wrapper.log_eval_metrics] Accuracy(layer_5 - estimator_1 - 12_folds.train_9.predict)=41.73%
[ 2020-05-27 07:25:54,460][kfold_wrapper.log_eval_metrics] Accuracy(layer_5 - estimator_1 - 12_folds.train_10.predict)=40.16%
[ 2020-05-27 07:25:54,820][kfold_wrapper.log_eval_metrics] Accuracy(layer_5 - estimator_1 - 12_folds.train_11.predict)=37.01%
[ 2020-05-27 07:25:54,940][kfold_wrapper.log_eval_metrics] Accuracy(layer_5 - estimator_1 - 12_folds.train_cv.predict)=36.01%
[ 2020-05-27 07:25:54,943][kfold_wrapper.log_eval_metrics] Accuracy(layer_5 - estimator_1 - 12_folds.test.predict)=29.24%
[ 2020-05-27 07:25:55,189][kfold_wrapper.log_eval_metrics] Accuracy(layer_5 - estimator_2 - 12_folds.train_0.predict)=37.50%
[ 2020-05-27 07:25:55,538][kfold_wrapper.log_eval_metrics] Accuracy(layer_5 - estimator_2 - 12_folds.train_1.predict)=35.94%
[ 2020-05-27 07:25:55,883][kfold_wrapper.log_eval_metrics] Accuracy(layer_5 - estimator_2 - 12_folds.train_2.predict)=33.59%
[ 2020-05-27 07:25:56,228][kfold_wrapper.log_eval_metrics] Accuracy(layer_5 - estimator_2 - 12_folds.train_3.predict)=40.62%
[ 2020-05-27 07:25:56,585][kfold_wrapper.log_eval_metrics] Accuracy(layer_5 - estimator_2 - 12_folds.train_4.predict)=37.50%
[ 2020-05-27 07:25:56,946][kfold_wrapper.log_eval_metrics] Accuracy(layer_5 - estimator_2 - 12_folds.train_5.predict)=32.03%
[ 2020-05-27 07:25:57,296][kfold_wrapper.log_eval_metrics] Accuracy(layer_5 - estimator_2 - 12_folds.train_6.predict)=29.13%
[ 2020-05-27 07:25:57,652][kfold_wrapper.log_eval_metrics] Accuracy(layer_5 - estimator_2 - 12_folds.train_7.predict)=44.88%
[ 2020-05-27 07:25:58,013][kfold_wrapper.log_eval_metrics] Accuracy(layer_5 - estimator_2 - 12_folds.train_8.predict)=42.52%
[ 2020-05-27 07:25:58,356][kfold_wrapper.log_eval_metrics] Accuracy(layer_5 - estimator_2 - 12_folds.train_9.predict)=45.67%
[ 2020-05-27 07:25:58,699][kfold_wrapper.log_eval_metrics] Accuracy(layer_5 - estimator_2 - 12_folds.train_10.predict)=36.22%
[ 2020-05-27 07:25:59,053][kfold_wrapper.log_eval_metrics] Accuracy(layer_5 - estimator_2 - 12_folds.train_11.predict)=38.58%
[ 2020-05-27 07:25:59,172][kfold_wrapper.log_eval_metrics] Accuracy(layer_5 - estimator_2 - 12_folds.train_cv.predict)=37.84%
[ 2020-05-27 07:25:59,175][kfold_wrapper.log_eval_metrics] Accuracy(layer_5 - estimator_2 - 12_folds.test.predict)=26.90%
[ 2020-05-27 07:25:59,318][kfold_wrapper.log_eval_metrics] Accuracy(layer_5 - estimator_3 - 12_folds.train_0.predict)=38.28%
[ 2020-05-27 07:25:59,402][kfold_wrapper.log_eval_metrics] Accuracy(layer_5 - estimator_3 - 12_folds.train_1.predict)=41.41%
[ 2020-05-27 07:25:59,484][kfold_wrapper.log_eval_metrics] Accuracy(layer_5 - estimator_3 - 12_folds.train_2.predict)=40.62%
[ 2020-05-27 07:25:59,565][kfold_wrapper.log_eval_metrics] Accuracy(layer_5 - estimator_3 - 12_folds.train_3.predict)=39.84%
[ 2020-05-27 07:25:59,650][kfold_wrapper.log_eval_metrics] Accuracy(layer_5 - estimator_3 - 12_folds.train_4.predict)=45.31%
[ 2020-05-27 07:25:59,733][kfold_wrapper.log_eval_metrics] Accuracy(layer_5 - estimator_3 - 12_folds.train_5.predict)=40.62%
[ 2020-05-27 07:25:59,817][kfold_wrapper.log_eval_metrics] Accuracy(layer_5 - estimator_3 - 12_folds.train_6.predict)=38.58%
[ 2020-05-27 07:25:59,903][kfold_wrapper.log_eval_metrics] Accuracy(layer_5 - estimator_3 - 12_folds.train_7.predict)=38.58%
[ 2020-05-27 07:25:59,988][kfold_wrapper.log_eval_metrics] Accuracy(layer_5 - estimator_3 - 12_folds.train_8.predict)=44.09%
[ 2020-05-27 07:26:00,073][kfold_wrapper.log_eval_metrics] Accuracy(layer_5 - estimator_3 - 12_folds.train_9.predict)=29.92%
[ 2020-05-27 07:26:00,158][kfold_wrapper.log_eval_metrics] Accuracy(layer_5 - estimator_3 - 12_folds.train_10.predict)=44.09%
[ 2020-05-27 07:26:00,238][kfold_wrapper.log_eval_metrics] Accuracy(layer_5 - estimator_3 - 12_folds.train_11.predict)=40.16%
[ 2020-05-27 07:26:00,239][kfold_wrapper.log_eval_metrics] Accuracy(layer_5 - estimator_3 - 12_folds.train_cv.predict)=40.13%
[ 2020-05-27 07:26:00,240][kfold_wrapper.log_eval_metrics] Accuracy(layer_5 - estimator_3 - 12_folds.test.predict)=24.56%
[ 2020-05-27 07:26:00,241][cascade_classifier.calc_accuracy] Accuracy(layer_5 - train.classifier_average)=39.22%
[ 2020-05-27 07:26:00,241][cascade_classifier.calc_accuracy] Accuracy(layer_5 - test.classifier_average)=26.90%
[ 2020-05-27 07:26:00,242][cascade_classifier.fit_transform] [layer=6] look_indexs=[0], X_cur_train.shape=(1530, 17), X_cur_test.shape=(171, 17)
[ 2020-05-27 07:26:00,278][kfold_wrapper.log_eval_metrics] Accuracy(layer_6 - estimator_0 - 5_folds.train_0.predict)=37.91%
[ 2020-05-27 07:26:00,314][kfold_wrapper.log_eval_metrics] Accuracy(layer_6 - estimator_0 - 5_folds.train_1.predict)=35.95%
[ 2020-05-27 07:26:00,348][kfold_wrapper.log_eval_metrics] Accuracy(layer_6 - estimator_0 - 5_folds.train_2.predict)=41.50%
[ 2020-05-27 07:26:00,383][kfold_wrapper.log_eval_metrics] Accuracy(layer_6 - estimator_0 - 5_folds.train_3.predict)=34.64%
[ 2020-05-27 07:26:00,418][kfold_wrapper.log_eval_metrics] Accuracy(layer_6 - estimator_0 - 5_folds.train_4.predict)=37.58%
[ 2020-05-27 07:26:00,421][kfold_wrapper.log_eval_metrics] Accuracy(layer_6 - estimator_0 - 5_folds.train_cv.predict)=37.52%
[ 2020-05-27 07:26:00,423][kfold_wrapper.log_eval_metrics] Accuracy(layer_6 - estimator_0 - 5_folds.test.predict)=24.56%
[ 2020-05-27 07:26:00,643][kfold_wrapper.log_eval_metrics] Accuracy(layer_6 - estimator_1 - 12_folds.train_0.predict)=39.06%
[ 2020-05-27 07:26:00,995][kfold_wrapper.log_eval_metrics] Accuracy(layer_6 - estimator_1 - 12_folds.train_1.predict)=32.03%
[ 2020-05-27 07:26:01,337][kfold_wrapper.log_eval_metrics] Accuracy(layer_6 - estimator_1 - 12_folds.train_2.predict)=35.94%
[ 2020-05-27 07:26:01,685][kfold_wrapper.log_eval_metrics] Accuracy(layer_6 - estimator_1 - 12_folds.train_3.predict)=30.47%
[ 2020-05-27 07:26:02,045][kfold_wrapper.log_eval_metrics] Accuracy(layer_6 - estimator_1 - 12_folds.train_4.predict)=44.53%
[ 2020-05-27 07:26:02,402][kfold_wrapper.log_eval_metrics] Accuracy(layer_6 - estimator_1 - 12_folds.train_5.predict)=37.50%
[ 2020-05-27 07:26:02,762][kfold_wrapper.log_eval_metrics] Accuracy(layer_6 - estimator_1 - 12_folds.train_6.predict)=41.73%
[ 2020-05-27 07:26:03,094][kfold_wrapper.log_eval_metrics] Accuracy(layer_6 - estimator_1 - 12_folds.train_7.predict)=37.01%
[ 2020-05-27 07:26:03,449][kfold_wrapper.log_eval_metrics] Accuracy(layer_6 - estimator_1 - 12_folds.train_8.predict)=33.86%
[ 2020-05-27 07:26:03,789][kfold_wrapper.log_eval_metrics] Accuracy(layer_6 - estimator_1 - 12_folds.train_9.predict)=33.07%
[ 2020-05-27 07:26:04,138][kfold_wrapper.log_eval_metrics] Accuracy(layer_6 - estimator_1 - 12_folds.train_10.predict)=38.58%
[ 2020-05-27 07:26:04,475][kfold_wrapper.log_eval_metrics] Accuracy(layer_6 - estimator_1 - 12_folds.train_11.predict)=37.80%
[ 2020-05-27 07:26:04,594][kfold_wrapper.log_eval_metrics] Accuracy(layer_6 - estimator_1 - 12_folds.train_cv.predict)=36.80%
[ 2020-05-27 07:26:04,596][kfold_wrapper.log_eval_metrics] Accuracy(layer_6 - estimator_1 - 12_folds.test.predict)=25.73%
[ 2020-05-27 07:26:04,846][kfold_wrapper.log_eval_metrics] Accuracy(layer_6 - estimator_2 - 12_folds.train_0.predict)=40.62%
[ 2020-05-27 07:26:05,204][kfold_wrapper.log_eval_metrics] Accuracy(layer_6 - estimator_2 - 12_folds.train_1.predict)=35.94%
[ 2020-05-27 07:26:05,544][kfold_wrapper.log_eval_metrics] Accuracy(layer_6 - estimator_2 - 12_folds.train_2.predict)=45.31%
[ 2020-05-27 07:26:05,903][kfold_wrapper.log_eval_metrics] Accuracy(layer_6 - estimator_2 - 12_folds.train_3.predict)=35.16%
[ 2020-05-27 07:26:06,259][kfold_wrapper.log_eval_metrics] Accuracy(layer_6 - estimator_2 - 12_folds.train_4.predict)=32.81%
[ 2020-05-27 07:26:06,613][kfold_wrapper.log_eval_metrics] Accuracy(layer_6 - estimator_2 - 12_folds.train_5.predict)=36.72%
[ 2020-05-27 07:26:06,973][kfold_wrapper.log_eval_metrics] Accuracy(layer_6 - estimator_2 - 12_folds.train_6.predict)=35.43%
[ 2020-05-27 07:26:07,332][kfold_wrapper.log_eval_metrics] Accuracy(layer_6 - estimator_2 - 12_folds.train_7.predict)=36.22%
[ 2020-05-27 07:26:07,692][kfold_wrapper.log_eval_metrics] Accuracy(layer_6 - estimator_2 - 12_folds.train_8.predict)=37.80%
[ 2020-05-27 07:26:08,052][kfold_wrapper.log_eval_metrics] Accuracy(layer_6 - estimator_2 - 12_folds.train_9.predict)=39.37%
[ 2020-05-27 07:26:08,413][kfold_wrapper.log_eval_metrics] Accuracy(layer_6 - estimator_2 - 12_folds.train_10.predict)=31.50%
[ 2020-05-27 07:26:08,773][kfold_wrapper.log_eval_metrics] Accuracy(layer_6 - estimator_2 - 12_folds.train_11.predict)=41.73%
[ 2020-05-27 07:26:08,894][kfold_wrapper.log_eval_metrics] Accuracy(layer_6 - estimator_2 - 12_folds.train_cv.predict)=37.39%
[ 2020-05-27 07:26:08,897][kfold_wrapper.log_eval_metrics] Accuracy(layer_6 - estimator_2 - 12_folds.test.predict)=32.16%
[ 2020-05-27 07:26:09,049][kfold_wrapper.log_eval_metrics] Accuracy(layer_6 - estimator_3 - 12_folds.train_0.predict)=39.84%
[ 2020-05-27 07:26:09,146][kfold_wrapper.log_eval_metrics] Accuracy(layer_6 - estimator_3 - 12_folds.train_1.predict)=35.94%
[ 2020-05-27 07:26:09,246][kfold_wrapper.log_eval_metrics] Accuracy(layer_6 - estimator_3 - 12_folds.train_2.predict)=39.06%
[ 2020-05-27 07:26:09,348][kfold_wrapper.log_eval_metrics] Accuracy(layer_6 - estimator_3 - 12_folds.train_3.predict)=40.62%
[ 2020-05-27 07:26:09,449][kfold_wrapper.log_eval_metrics] Accuracy(layer_6 - estimator_3 - 12_folds.train_4.predict)=36.72%
[ 2020-05-27 07:26:09,547][kfold_wrapper.log_eval_metrics] Accuracy(layer_6 - estimator_3 - 12_folds.train_5.predict)=39.84%
[ 2020-05-27 07:26:09,644][kfold_wrapper.log_eval_metrics] Accuracy(layer_6 - estimator_3 - 12_folds.train_6.predict)=45.67%
[ 2020-05-27 07:26:09,741][kfold_wrapper.log_eval_metrics] Accuracy(layer_6 - estimator_3 - 12_folds.train_7.predict)=31.50%
[ 2020-05-27 07:26:09,842][kfold_wrapper.log_eval_metrics] Accuracy(layer_6 - estimator_3 - 12_folds.train_8.predict)=36.22%
[ 2020-05-27 07:26:09,937][kfold_wrapper.log_eval_metrics] Accuracy(layer_6 - estimator_3 - 12_folds.train_9.predict)=41.73%
[ 2020-05-27 07:26:10,034][kfold_wrapper.log_eval_metrics] Accuracy(layer_6 - estimator_3 - 12_folds.train_10.predict)=45.67%
[ 2020-05-27 07:26:10,135][kfold_wrapper.log_eval_metrics] Accuracy(layer_6 - estimator_3 - 12_folds.train_11.predict)=43.31%
[ 2020-05-27 07:26:10,136][kfold_wrapper.log_eval_metrics] Accuracy(layer_6 - estimator_3 - 12_folds.train_cv.predict)=39.67%
[ 2020-05-27 07:26:10,137][kfold_wrapper.log_eval_metrics] Accuracy(layer_6 - estimator_3 - 12_folds.test.predict)=25.15%
[ 2020-05-27 07:26:10,138][cascade_classifier.calc_accuracy] Accuracy(layer_6 - train.classifier_average)=39.61%
[ 2020-05-27 07:26:10,139][cascade_classifier.calc_accuracy] Accuracy(layer_6 - test.classifier_average)=26.90%
[ 2020-05-27 07:26:10,140][cascade_classifier.fit_transform] [layer=7] look_indexs=[0], X_cur_train.shape=(1530, 17), X_cur_test.shape=(171, 17)
[ 2020-05-27 07:26:10,179][kfold_wrapper.log_eval_metrics] Accuracy(layer_7 - estimator_0 - 5_folds.train_0.predict)=41.18%
[ 2020-05-27 07:26:10,217][kfold_wrapper.log_eval_metrics] Accuracy(layer_7 - estimator_0 - 5_folds.train_1.predict)=42.48%
[ 2020-05-27 07:26:10,254][kfold_wrapper.log_eval_metrics] Accuracy(layer_7 - estimator_0 - 5_folds.train_2.predict)=36.60%
[ 2020-05-27 07:26:10,291][kfold_wrapper.log_eval_metrics] Accuracy(layer_7 - estimator_0 - 5_folds.train_3.predict)=39.22%
[ 2020-05-27 07:26:10,328][kfold_wrapper.log_eval_metrics] Accuracy(layer_7 - estimator_0 - 5_folds.train_4.predict)=40.85%
[ 2020-05-27 07:26:10,331][kfold_wrapper.log_eval_metrics] Accuracy(layer_7 - estimator_0 - 5_folds.train_cv.predict)=40.07%
[ 2020-05-27 07:26:10,333][kfold_wrapper.log_eval_metrics] Accuracy(layer_7 - estimator_0 - 5_folds.test.predict)=25.73%
[ 2020-05-27 07:26:10,553][kfold_wrapper.log_eval_metrics] Accuracy(layer_7 - estimator_1 - 12_folds.train_0.predict)=31.25%
[ 2020-05-27 07:26:10,915][kfold_wrapper.log_eval_metrics] Accuracy(layer_7 - estimator_1 - 12_folds.train_1.predict)=43.75%
[ 2020-05-27 07:26:11,266][kfold_wrapper.log_eval_metrics] Accuracy(layer_7 - estimator_1 - 12_folds.train_2.predict)=36.72%
[ 2020-05-27 07:26:11,625][kfold_wrapper.log_eval_metrics] Accuracy(layer_7 - estimator_1 - 12_folds.train_3.predict)=37.50%
[ 2020-05-27 07:26:11,981][kfold_wrapper.log_eval_metrics] Accuracy(layer_7 - estimator_1 - 12_folds.train_4.predict)=32.81%
[ 2020-05-27 07:26:12,336][kfold_wrapper.log_eval_metrics] Accuracy(layer_7 - estimator_1 - 12_folds.train_5.predict)=35.94%
[ 2020-05-27 07:26:12,693][kfold_wrapper.log_eval_metrics] Accuracy(layer_7 - estimator_1 - 12_folds.train_6.predict)=35.43%
[ 2020-05-27 07:26:13,052][kfold_wrapper.log_eval_metrics] Accuracy(layer_7 - estimator_1 - 12_folds.train_7.predict)=29.92%
[ 2020-05-27 07:26:13,401][kfold_wrapper.log_eval_metrics] Accuracy(layer_7 - estimator_1 - 12_folds.train_8.predict)=33.07%
[ 2020-05-27 07:26:13,758][kfold_wrapper.log_eval_metrics] Accuracy(layer_7 - estimator_1 - 12_folds.train_9.predict)=37.80%
[ 2020-05-27 07:26:14,117][kfold_wrapper.log_eval_metrics] Accuracy(layer_7 - estimator_1 - 12_folds.train_10.predict)=33.86%
[ 2020-05-27 07:26:14,465][kfold_wrapper.log_eval_metrics] Accuracy(layer_7 - estimator_1 - 12_folds.train_11.predict)=37.80%
[ 2020-05-27 07:26:14,584][kfold_wrapper.log_eval_metrics] Accuracy(layer_7 - estimator_1 - 12_folds.train_cv.predict)=35.49%
[ 2020-05-27 07:26:14,587][kfold_wrapper.log_eval_metrics] Accuracy(layer_7 - estimator_1 - 12_folds.test.predict)=25.73%
[ 2020-05-27 07:26:14,825][kfold_wrapper.log_eval_metrics] Accuracy(layer_7 - estimator_2 - 12_folds.train_0.predict)=39.06%
[ 2020-05-27 07:26:15,177][kfold_wrapper.log_eval_metrics] Accuracy(layer_7 - estimator_2 - 12_folds.train_1.predict)=35.94%
[ 2020-05-27 07:26:15,527][kfold_wrapper.log_eval_metrics] Accuracy(layer_7 - estimator_2 - 12_folds.train_2.predict)=26.56%
[ 2020-05-27 07:26:15,873][kfold_wrapper.log_eval_metrics] Accuracy(layer_7 - estimator_2 - 12_folds.train_3.predict)=35.16%
[ 2020-05-27 07:26:16,232][kfold_wrapper.log_eval_metrics] Accuracy(layer_7 - estimator_2 - 12_folds.train_4.predict)=46.09%
[ 2020-05-27 07:26:16,580][kfold_wrapper.log_eval_metrics] Accuracy(layer_7 - estimator_2 - 12_folds.train_5.predict)=38.28%
[ 2020-05-27 07:26:16,943][kfold_wrapper.log_eval_metrics] Accuracy(layer_7 - estimator_2 - 12_folds.train_6.predict)=33.86%
[ 2020-05-27 07:26:17,306][kfold_wrapper.log_eval_metrics] Accuracy(layer_7 - estimator_2 - 12_folds.train_7.predict)=29.92%
[ 2020-05-27 07:26:17,668][kfold_wrapper.log_eval_metrics] Accuracy(layer_7 - estimator_2 - 12_folds.train_8.predict)=36.22%
[ 2020-05-27 07:26:18,026][kfold_wrapper.log_eval_metrics] Accuracy(layer_7 - estimator_2 - 12_folds.train_9.predict)=45.67%
[ 2020-05-27 07:26:18,379][kfold_wrapper.log_eval_metrics] Accuracy(layer_7 - estimator_2 - 12_folds.train_10.predict)=34.65%
[ 2020-05-27 07:26:18,736][kfold_wrapper.log_eval_metrics] Accuracy(layer_7 - estimator_2 - 12_folds.train_11.predict)=41.73%
[ 2020-05-27 07:26:18,858][kfold_wrapper.log_eval_metrics] Accuracy(layer_7 - estimator_2 - 12_folds.train_cv.predict)=36.93%
[ 2020-05-27 07:26:18,861][kfold_wrapper.log_eval_metrics] Accuracy(layer_7 - estimator_2 - 12_folds.test.predict)=25.73%
[ 2020-05-27 07:26:19,035][kfold_wrapper.log_eval_metrics] Accuracy(layer_7 - estimator_3 - 12_folds.train_0.predict)=35.94%
[ 2020-05-27 07:26:19,150][kfold_wrapper.log_eval_metrics] Accuracy(layer_7 - estimator_3 - 12_folds.train_1.predict)=39.06%
[ 2020-05-27 07:26:19,272][kfold_wrapper.log_eval_metrics] Accuracy(layer_7 - estimator_3 - 12_folds.train_2.predict)=38.28%
[ 2020-05-27 07:26:19,388][kfold_wrapper.log_eval_metrics] Accuracy(layer_7 - estimator_3 - 12_folds.train_3.predict)=39.84%
[ 2020-05-27 07:26:19,504][kfold_wrapper.log_eval_metrics] Accuracy(layer_7 - estimator_3 - 12_folds.train_4.predict)=38.28%
[ 2020-05-27 07:26:19,621][kfold_wrapper.log_eval_metrics] Accuracy(layer_7 - estimator_3 - 12_folds.train_5.predict)=38.28%
[ 2020-05-27 07:26:19,738][kfold_wrapper.log_eval_metrics] Accuracy(layer_7 - estimator_3 - 12_folds.train_6.predict)=42.52%
[ 2020-05-27 07:26:19,858][kfold_wrapper.log_eval_metrics] Accuracy(layer_7 - estimator_3 - 12_folds.train_7.predict)=40.94%
[ 2020-05-27 07:26:19,976][kfold_wrapper.log_eval_metrics] Accuracy(layer_7 - estimator_3 - 12_folds.train_8.predict)=43.31%
[ 2020-05-27 07:26:20,093][kfold_wrapper.log_eval_metrics] Accuracy(layer_7 - estimator_3 - 12_folds.train_9.predict)=38.58%
[ 2020-05-27 07:26:20,214][kfold_wrapper.log_eval_metrics] Accuracy(layer_7 - estimator_3 - 12_folds.train_10.predict)=37.80%
[ 2020-05-27 07:26:20,330][kfold_wrapper.log_eval_metrics] Accuracy(layer_7 - estimator_3 - 12_folds.train_11.predict)=43.31%
[ 2020-05-27 07:26:20,331][kfold_wrapper.log_eval_metrics] Accuracy(layer_7 - estimator_3 - 12_folds.train_cv.predict)=39.67%
[ 2020-05-27 07:26:20,332][kfold_wrapper.log_eval_metrics] Accuracy(layer_7 - estimator_3 - 12_folds.test.predict)=26.32%
[ 2020-05-27 07:26:20,333][cascade_classifier.calc_accuracy] Accuracy(layer_7 - train.classifier_average)=39.74%
[ 2020-05-27 07:26:20,334][cascade_classifier.calc_accuracy] Accuracy(layer_7 - test.classifier_average)=25.15%
[ 2020-05-27 07:26:20,335][cascade_classifier.fit_transform] [layer=8] look_indexs=[0], X_cur_train.shape=(1530, 17), X_cur_test.shape=(171, 17)
[ 2020-05-27 07:26:20,379][kfold_wrapper.log_eval_metrics] Accuracy(layer_8 - estimator_0 - 5_folds.train_0.predict)=36.60%
[ 2020-05-27 07:26:20,421][kfold_wrapper.log_eval_metrics] Accuracy(layer_8 - estimator_0 - 5_folds.train_1.predict)=40.20%
[ 2020-05-27 07:26:20,463][kfold_wrapper.log_eval_metrics] Accuracy(layer_8 - estimator_0 - 5_folds.train_2.predict)=36.93%
[ 2020-05-27 07:26:20,503][kfold_wrapper.log_eval_metrics] Accuracy(layer_8 - estimator_0 - 5_folds.train_3.predict)=39.87%
[ 2020-05-27 07:26:20,543][kfold_wrapper.log_eval_metrics] Accuracy(layer_8 - estimator_0 - 5_folds.train_4.predict)=38.24%
[ 2020-05-27 07:26:20,545][kfold_wrapper.log_eval_metrics] Accuracy(layer_8 - estimator_0 - 5_folds.train_cv.predict)=38.37%
[ 2020-05-27 07:26:20,548][kfold_wrapper.log_eval_metrics] Accuracy(layer_8 - estimator_0 - 5_folds.test.predict)=24.56%
[ 2020-05-27 07:26:20,768][kfold_wrapper.log_eval_metrics] Accuracy(layer_8 - estimator_1 - 12_folds.train_0.predict)=40.62%
[ 2020-05-27 07:26:21,117][kfold_wrapper.log_eval_metrics] Accuracy(layer_8 - estimator_1 - 12_folds.train_1.predict)=39.84%
[ 2020-05-27 07:26:21,470][kfold_wrapper.log_eval_metrics] Accuracy(layer_8 - estimator_1 - 12_folds.train_2.predict)=26.56%
[ 2020-05-27 07:26:21,829][kfold_wrapper.log_eval_metrics] Accuracy(layer_8 - estimator_1 - 12_folds.train_3.predict)=33.59%
[ 2020-05-27 07:26:22,188][kfold_wrapper.log_eval_metrics] Accuracy(layer_8 - estimator_1 - 12_folds.train_4.predict)=35.94%
[ 2020-05-27 07:26:22,541][kfold_wrapper.log_eval_metrics] Accuracy(layer_8 - estimator_1 - 12_folds.train_5.predict)=32.03%
[ 2020-05-27 07:26:22,896][kfold_wrapper.log_eval_metrics] Accuracy(layer_8 - estimator_1 - 12_folds.train_6.predict)=42.52%
[ 2020-05-27 07:26:23,238][kfold_wrapper.log_eval_metrics] Accuracy(layer_8 - estimator_1 - 12_folds.train_7.predict)=41.73%
[ 2020-05-27 07:26:23,601][kfold_wrapper.log_eval_metrics] Accuracy(layer_8 - estimator_1 - 12_folds.train_8.predict)=33.07%
[ 2020-05-27 07:26:23,954][kfold_wrapper.log_eval_metrics] Accuracy(layer_8 - estimator_1 - 12_folds.train_9.predict)=40.94%
[ 2020-05-27 07:26:24,316][kfold_wrapper.log_eval_metrics] Accuracy(layer_8 - estimator_1 - 12_folds.train_10.predict)=41.73%
[ 2020-05-27 07:26:24,672][kfold_wrapper.log_eval_metrics] Accuracy(layer_8 - estimator_1 - 12_folds.train_11.predict)=33.86%
[ 2020-05-27 07:26:24,784][kfold_wrapper.log_eval_metrics] Accuracy(layer_8 - estimator_1 - 12_folds.train_cv.predict)=36.86%
[ 2020-05-27 07:26:24,787][kfold_wrapper.log_eval_metrics] Accuracy(layer_8 - estimator_1 - 12_folds.test.predict)=28.07%
[ 2020-05-27 07:26:25,029][kfold_wrapper.log_eval_metrics] Accuracy(layer_8 - estimator_2 - 12_folds.train_0.predict)=41.41%
[ 2020-05-27 07:26:25,382][kfold_wrapper.log_eval_metrics] Accuracy(layer_8 - estimator_2 - 12_folds.train_1.predict)=39.06%
[ 2020-05-27 07:26:25,724][kfold_wrapper.log_eval_metrics] Accuracy(layer_8 - estimator_2 - 12_folds.train_2.predict)=38.28%
[ 2020-05-27 07:26:26,085][kfold_wrapper.log_eval_metrics] Accuracy(layer_8 - estimator_2 - 12_folds.train_3.predict)=32.81%
[ 2020-05-27 07:26:26,447][kfold_wrapper.log_eval_metrics] Accuracy(layer_8 - estimator_2 - 12_folds.train_4.predict)=39.06%
[ 2020-05-27 07:26:26,807][kfold_wrapper.log_eval_metrics] Accuracy(layer_8 - estimator_2 - 12_folds.train_5.predict)=37.50%
[ 2020-05-27 07:26:27,168][kfold_wrapper.log_eval_metrics] Accuracy(layer_8 - estimator_2 - 12_folds.train_6.predict)=31.50%
[ 2020-05-27 07:26:27,524][kfold_wrapper.log_eval_metrics] Accuracy(layer_8 - estimator_2 - 12_folds.train_7.predict)=38.58%
[ 2020-05-27 07:26:27,885][kfold_wrapper.log_eval_metrics] Accuracy(layer_8 - estimator_2 - 12_folds.train_8.predict)=39.37%
[ 2020-05-27 07:26:28,232][kfold_wrapper.log_eval_metrics] Accuracy(layer_8 - estimator_2 - 12_folds.train_9.predict)=36.22%
[ 2020-05-27 07:26:28,587][kfold_wrapper.log_eval_metrics] Accuracy(layer_8 - estimator_2 - 12_folds.train_10.predict)=33.86%
[ 2020-05-27 07:26:28,947][kfold_wrapper.log_eval_metrics] Accuracy(layer_8 - estimator_2 - 12_folds.train_11.predict)=42.52%
[ 2020-05-27 07:26:29,069][kfold_wrapper.log_eval_metrics] Accuracy(layer_8 - estimator_2 - 12_folds.train_cv.predict)=37.52%
[ 2020-05-27 07:26:29,072][kfold_wrapper.log_eval_metrics] Accuracy(layer_8 - estimator_2 - 12_folds.test.predict)=35.09%
[ 2020-05-27 07:26:29,242][kfold_wrapper.log_eval_metrics] Accuracy(layer_8 - estimator_3 - 12_folds.train_0.predict)=40.62%
[ 2020-05-27 07:26:29,386][kfold_wrapper.log_eval_metrics] Accuracy(layer_8 - estimator_3 - 12_folds.train_1.predict)=44.53%
[ 2020-05-27 07:26:29,530][kfold_wrapper.log_eval_metrics] Accuracy(layer_8 - estimator_3 - 12_folds.train_2.predict)=35.94%
[ 2020-05-27 07:26:29,677][kfold_wrapper.log_eval_metrics] Accuracy(layer_8 - estimator_3 - 12_folds.train_3.predict)=39.84%
[ 2020-05-27 07:26:29,824][kfold_wrapper.log_eval_metrics] Accuracy(layer_8 - estimator_3 - 12_folds.train_4.predict)=40.62%
[ 2020-05-27 07:26:29,972][kfold_wrapper.log_eval_metrics] Accuracy(layer_8 - estimator_3 - 12_folds.train_5.predict)=42.19%
[ 2020-05-27 07:26:30,117][kfold_wrapper.log_eval_metrics] Accuracy(layer_8 - estimator_3 - 12_folds.train_6.predict)=40.94%
[ 2020-05-27 07:26:30,264][kfold_wrapper.log_eval_metrics] Accuracy(layer_8 - estimator_3 - 12_folds.train_7.predict)=44.88%
[ 2020-05-27 07:26:30,409][kfold_wrapper.log_eval_metrics] Accuracy(layer_8 - estimator_3 - 12_folds.train_8.predict)=37.80%
[ 2020-05-27 07:26:30,553][kfold_wrapper.log_eval_metrics] Accuracy(layer_8 - estimator_3 - 12_folds.train_9.predict)=46.46%
[ 2020-05-27 07:26:30,697][kfold_wrapper.log_eval_metrics] Accuracy(layer_8 - estimator_3 - 12_folds.train_10.predict)=40.16%
[ 2020-05-27 07:26:30,841][kfold_wrapper.log_eval_metrics] Accuracy(layer_8 - estimator_3 - 12_folds.train_11.predict)=36.22%
[ 2020-05-27 07:26:30,842][kfold_wrapper.log_eval_metrics] Accuracy(layer_8 - estimator_3 - 12_folds.train_cv.predict)=40.85%
[ 2020-05-27 07:26:30,843][kfold_wrapper.log_eval_metrics] Accuracy(layer_8 - estimator_3 - 12_folds.test.predict)=27.49%
[ 2020-05-27 07:26:30,844][cascade_classifier.calc_accuracy] Accuracy(layer_8 - train.classifier_average)=39.28%
[ 2020-05-27 07:26:30,845][cascade_classifier.calc_accuracy] Accuracy(layer_8 - test.classifier_average)=26.32%
[ 2020-05-27 07:26:30,846][cascade_classifier.fit_transform] [layer=9] look_indexs=[0], X_cur_train.shape=(1530, 17), X_cur_test.shape=(171, 17)
[ 2020-05-27 07:26:30,892][kfold_wrapper.log_eval_metrics] Accuracy(layer_9 - estimator_0 - 5_folds.train_0.predict)=39.87%
[ 2020-05-27 07:26:30,937][kfold_wrapper.log_eval_metrics] Accuracy(layer_9 - estimator_0 - 5_folds.train_1.predict)=36.93%
[ 2020-05-27 07:26:30,982][kfold_wrapper.log_eval_metrics] Accuracy(layer_9 - estimator_0 - 5_folds.train_2.predict)=38.24%
[ 2020-05-27 07:26:31,027][kfold_wrapper.log_eval_metrics] Accuracy(layer_9 - estimator_0 - 5_folds.train_3.predict)=35.95%
[ 2020-05-27 07:26:31,072][kfold_wrapper.log_eval_metrics] Accuracy(layer_9 - estimator_0 - 5_folds.train_4.predict)=42.48%
[ 2020-05-27 07:26:31,076][kfold_wrapper.log_eval_metrics] Accuracy(layer_9 - estimator_0 - 5_folds.train_cv.predict)=38.69%
[ 2020-05-27 07:26:31,078][kfold_wrapper.log_eval_metrics] Accuracy(layer_9 - estimator_0 - 5_folds.test.predict)=28.07%
[ 2020-05-27 07:26:31,299][kfold_wrapper.log_eval_metrics] Accuracy(layer_9 - estimator_1 - 12_folds.train_0.predict)=36.72%
[ 2020-05-27 07:26:31,656][kfold_wrapper.log_eval_metrics] Accuracy(layer_9 - estimator_1 - 12_folds.train_1.predict)=38.28%
[ 2020-05-27 07:26:32,015][kfold_wrapper.log_eval_metrics] Accuracy(layer_9 - estimator_1 - 12_folds.train_2.predict)=23.44%
[ 2020-05-27 07:26:32,379][kfold_wrapper.log_eval_metrics] Accuracy(layer_9 - estimator_1 - 12_folds.train_3.predict)=39.06%
[ 2020-05-27 07:26:32,732][kfold_wrapper.log_eval_metrics] Accuracy(layer_9 - estimator_1 - 12_folds.train_4.predict)=32.81%
[ 2020-05-27 07:26:33,078][kfold_wrapper.log_eval_metrics] Accuracy(layer_9 - estimator_1 - 12_folds.train_5.predict)=34.38%
[ 2020-05-27 07:26:33,439][kfold_wrapper.log_eval_metrics] Accuracy(layer_9 - estimator_1 - 12_folds.train_6.predict)=40.16%
[ 2020-05-27 07:26:33,797][kfold_wrapper.log_eval_metrics] Accuracy(layer_9 - estimator_1 - 12_folds.train_7.predict)=34.65%
[ 2020-05-27 07:26:34,146][kfold_wrapper.log_eval_metrics] Accuracy(layer_9 - estimator_1 - 12_folds.train_8.predict)=35.43%
[ 2020-05-27 07:26:34,489][kfold_wrapper.log_eval_metrics] Accuracy(layer_9 - estimator_1 - 12_folds.train_9.predict)=42.52%
[ 2020-05-27 07:26:34,847][kfold_wrapper.log_eval_metrics] Accuracy(layer_9 - estimator_1 - 12_folds.train_10.predict)=37.80%
[ 2020-05-27 07:26:35,204][kfold_wrapper.log_eval_metrics] Accuracy(layer_9 - estimator_1 - 12_folds.train_11.predict)=38.58%
[ 2020-05-27 07:26:35,326][kfold_wrapper.log_eval_metrics] Accuracy(layer_9 - estimator_1 - 12_folds.train_cv.predict)=36.14%
[ 2020-05-27 07:26:35,329][kfold_wrapper.log_eval_metrics] Accuracy(layer_9 - estimator_1 - 12_folds.test.predict)=32.16%
[ 2020-05-27 07:26:35,566][kfold_wrapper.log_eval_metrics] Accuracy(layer_9 - estimator_2 - 12_folds.train_0.predict)=28.12%
[ 2020-05-27 07:26:35,921][kfold_wrapper.log_eval_metrics] Accuracy(layer_9 - estimator_2 - 12_folds.train_1.predict)=33.59%
[ 2020-05-27 07:26:36,279][kfold_wrapper.log_eval_metrics] Accuracy(layer_9 - estimator_2 - 12_folds.train_2.predict)=42.97%
[ 2020-05-27 07:26:36,642][kfold_wrapper.log_eval_metrics] Accuracy(layer_9 - estimator_2 - 12_folds.train_3.predict)=36.72%
[ 2020-05-27 07:26:36,999][kfold_wrapper.log_eval_metrics] Accuracy(layer_9 - estimator_2 - 12_folds.train_4.predict)=33.59%
[ 2020-05-27 07:26:37,357][kfold_wrapper.log_eval_metrics] Accuracy(layer_9 - estimator_2 - 12_folds.train_5.predict)=38.28%
[ 2020-05-27 07:26:37,678][kfold_wrapper.log_eval_metrics] Accuracy(layer_9 - estimator_2 - 12_folds.train_6.predict)=34.65%
[ 2020-05-27 07:26:38,036][kfold_wrapper.log_eval_metrics] Accuracy(layer_9 - estimator_2 - 12_folds.train_7.predict)=29.92%
[ 2020-05-27 07:26:38,401][kfold_wrapper.log_eval_metrics] Accuracy(layer_9 - estimator_2 - 12_folds.train_8.predict)=36.22%
[ 2020-05-27 07:26:38,751][kfold_wrapper.log_eval_metrics] Accuracy(layer_9 - estimator_2 - 12_folds.train_9.predict)=31.50%
[ 2020-05-27 07:26:39,116][kfold_wrapper.log_eval_metrics] Accuracy(layer_9 - estimator_2 - 12_folds.train_10.predict)=33.86%
[ 2020-05-27 07:26:39,472][kfold_wrapper.log_eval_metrics] Accuracy(layer_9 - estimator_2 - 12_folds.train_11.predict)=29.13%
[ 2020-05-27 07:26:39,595][kfold_wrapper.log_eval_metrics] Accuracy(layer_9 - estimator_2 - 12_folds.train_cv.predict)=34.05%
[ 2020-05-27 07:26:39,599][kfold_wrapper.log_eval_metrics] Accuracy(layer_9 - estimator_2 - 12_folds.test.predict)=32.16%
[ 2020-05-27 07:26:39,811][kfold_wrapper.log_eval_metrics] Accuracy(layer_9 - estimator_3 - 12_folds.train_0.predict)=39.84%
[ 2020-05-27 07:26:39,969][kfold_wrapper.log_eval_metrics] Accuracy(layer_9 - estimator_3 - 12_folds.train_1.predict)=39.06%
[ 2020-05-27 07:26:40,134][kfold_wrapper.log_eval_metrics] Accuracy(layer_9 - estimator_3 - 12_folds.train_2.predict)=42.19%
[ 2020-05-27 07:26:40,298][kfold_wrapper.log_eval_metrics] Accuracy(layer_9 - estimator_3 - 12_folds.train_3.predict)=37.50%
[ 2020-05-27 07:26:40,471][kfold_wrapper.log_eval_metrics] Accuracy(layer_9 - estimator_3 - 12_folds.train_4.predict)=39.06%
[ 2020-05-27 07:26:40,633][kfold_wrapper.log_eval_metrics] Accuracy(layer_9 - estimator_3 - 12_folds.train_5.predict)=42.19%
[ 2020-05-27 07:26:40,801][kfold_wrapper.log_eval_metrics] Accuracy(layer_9 - estimator_3 - 12_folds.train_6.predict)=41.73%
[ 2020-05-27 07:26:40,966][kfold_wrapper.log_eval_metrics] Accuracy(layer_9 - estimator_3 - 12_folds.train_7.predict)=37.80%
[ 2020-05-27 07:26:41,137][kfold_wrapper.log_eval_metrics] Accuracy(layer_9 - estimator_3 - 12_folds.train_8.predict)=37.01%
[ 2020-05-27 07:26:41,301][kfold_wrapper.log_eval_metrics] Accuracy(layer_9 - estimator_3 - 12_folds.train_9.predict)=40.16%
[ 2020-05-27 07:26:41,471][kfold_wrapper.log_eval_metrics] Accuracy(layer_9 - estimator_3 - 12_folds.train_10.predict)=42.52%
[ 2020-05-27 07:26:41,629][kfold_wrapper.log_eval_metrics] Accuracy(layer_9 - estimator_3 - 12_folds.train_11.predict)=37.80%
[ 2020-05-27 07:26:41,630][kfold_wrapper.log_eval_metrics] Accuracy(layer_9 - estimator_3 - 12_folds.train_cv.predict)=39.74%
[ 2020-05-27 07:26:41,631][kfold_wrapper.log_eval_metrics] Accuracy(layer_9 - estimator_3 - 12_folds.test.predict)=24.56%
[ 2020-05-27 07:26:41,632][cascade_classifier.calc_accuracy] Accuracy(layer_9 - train.classifier_average)=36.99%
[ 2020-05-27 07:26:41,633][cascade_classifier.calc_accuracy] Accuracy(layer_9 - test.classifier_average)=30.99%
[ 2020-05-27 07:26:41,634][cascade_classifier.fit_transform] [layer=10] look_indexs=[0], X_cur_train.shape=(1530, 17), X_cur_test.shape=(171, 17)
[ 2020-05-27 07:26:41,685][kfold_wrapper.log_eval_metrics] Accuracy(layer_10 - estimator_0 - 5_folds.train_0.predict)=37.58%
[ 2020-05-27 07:26:41,733][kfold_wrapper.log_eval_metrics] Accuracy(layer_10 - estimator_0 - 5_folds.train_1.predict)=37.25%
[ 2020-05-27 07:26:41,782][kfold_wrapper.log_eval_metrics] Accuracy(layer_10 - estimator_0 - 5_folds.train_2.predict)=43.14%
[ 2020-05-27 07:26:41,829][kfold_wrapper.log_eval_metrics] Accuracy(layer_10 - estimator_0 - 5_folds.train_3.predict)=38.56%
[ 2020-05-27 07:26:41,877][kfold_wrapper.log_eval_metrics] Accuracy(layer_10 - estimator_0 - 5_folds.train_4.predict)=37.25%
[ 2020-05-27 07:26:41,881][kfold_wrapper.log_eval_metrics] Accuracy(layer_10 - estimator_0 - 5_folds.train_cv.predict)=38.76%
[ 2020-05-27 07:26:41,882][kfold_wrapper.log_eval_metrics] Accuracy(layer_10 - estimator_0 - 5_folds.test.predict)=25.73%
[ 2020-05-27 07:26:42,105][kfold_wrapper.log_eval_metrics] Accuracy(layer_10 - estimator_1 - 12_folds.train_0.predict)=36.72%
[ 2020-05-27 07:26:42,465][kfold_wrapper.log_eval_metrics] Accuracy(layer_10 - estimator_1 - 12_folds.train_1.predict)=29.69%
[ 2020-05-27 07:26:42,818][kfold_wrapper.log_eval_metrics] Accuracy(layer_10 - estimator_1 - 12_folds.train_2.predict)=38.28%
[ 2020-05-27 07:26:43,182][kfold_wrapper.log_eval_metrics] Accuracy(layer_10 - estimator_1 - 12_folds.train_3.predict)=29.69%
[ 2020-05-27 07:26:43,545][kfold_wrapper.log_eval_metrics] Accuracy(layer_10 - estimator_1 - 12_folds.train_4.predict)=30.47%
[ 2020-05-27 07:26:43,894][kfold_wrapper.log_eval_metrics] Accuracy(layer_10 - estimator_1 - 12_folds.train_5.predict)=44.53%
[ 2020-05-27 07:26:44,239][kfold_wrapper.log_eval_metrics] Accuracy(layer_10 - estimator_1 - 12_folds.train_6.predict)=34.65%
[ 2020-05-27 07:26:44,594][kfold_wrapper.log_eval_metrics] Accuracy(layer_10 - estimator_1 - 12_folds.train_7.predict)=37.01%
[ 2020-05-27 07:26:44,956][kfold_wrapper.log_eval_metrics] Accuracy(layer_10 - estimator_1 - 12_folds.train_8.predict)=35.43%
[ 2020-05-27 07:26:45,315][kfold_wrapper.log_eval_metrics] Accuracy(layer_10 - estimator_1 - 12_folds.train_9.predict)=36.22%
[ 2020-05-27 07:26:45,671][kfold_wrapper.log_eval_metrics] Accuracy(layer_10 - estimator_1 - 12_folds.train_10.predict)=36.22%
[ 2020-05-27 07:26:46,022][kfold_wrapper.log_eval_metrics] Accuracy(layer_10 - estimator_1 - 12_folds.train_11.predict)=29.13%
[ 2020-05-27 07:26:46,139][kfold_wrapper.log_eval_metrics] Accuracy(layer_10 - estimator_1 - 12_folds.train_cv.predict)=34.84%
[ 2020-05-27 07:26:46,142][kfold_wrapper.log_eval_metrics] Accuracy(layer_10 - estimator_1 - 12_folds.test.predict)=25.73%
[ 2020-05-27 07:26:46,380][kfold_wrapper.log_eval_metrics] Accuracy(layer_10 - estimator_2 - 12_folds.train_0.predict)=35.94%
[ 2020-05-27 07:26:46,727][kfold_wrapper.log_eval_metrics] Accuracy(layer_10 - estimator_2 - 12_folds.train_1.predict)=34.38%
[ 2020-05-27 07:26:47,090][kfold_wrapper.log_eval_metrics] Accuracy(layer_10 - estimator_2 - 12_folds.train_2.predict)=39.06%
[ 2020-05-27 07:26:47,456][kfold_wrapper.log_eval_metrics] Accuracy(layer_10 - estimator_2 - 12_folds.train_3.predict)=34.38%
[ 2020-05-27 07:26:47,816][kfold_wrapper.log_eval_metrics] Accuracy(layer_10 - estimator_2 - 12_folds.train_4.predict)=31.25%
[ 2020-05-27 07:26:48,168][kfold_wrapper.log_eval_metrics] Accuracy(layer_10 - estimator_2 - 12_folds.train_5.predict)=35.94%
[ 2020-05-27 07:26:48,519][kfold_wrapper.log_eval_metrics] Accuracy(layer_10 - estimator_2 - 12_folds.train_6.predict)=31.50%
[ 2020-05-27 07:26:48,884][kfold_wrapper.log_eval_metrics] Accuracy(layer_10 - estimator_2 - 12_folds.train_7.predict)=34.65%
[ 2020-05-27 07:26:49,248][kfold_wrapper.log_eval_metrics] Accuracy(layer_10 - estimator_2 - 12_folds.train_8.predict)=29.13%
[ 2020-05-27 07:26:49,611][kfold_wrapper.log_eval_metrics] Accuracy(layer_10 - estimator_2 - 12_folds.train_9.predict)=37.01%
[ 2020-05-27 07:26:49,972][kfold_wrapper.log_eval_metrics] Accuracy(layer_10 - estimator_2 - 12_folds.train_10.predict)=37.80%
[ 2020-05-27 07:26:50,314][kfold_wrapper.log_eval_metrics] Accuracy(layer_10 - estimator_2 - 12_folds.train_11.predict)=31.50%
[ 2020-05-27 07:26:50,438][kfold_wrapper.log_eval_metrics] Accuracy(layer_10 - estimator_2 - 12_folds.train_cv.predict)=34.38%
[ 2020-05-27 07:26:50,441][kfold_wrapper.log_eval_metrics] Accuracy(layer_10 - estimator_2 - 12_folds.test.predict)=25.73%
[ 2020-05-27 07:26:50,661][kfold_wrapper.log_eval_metrics] Accuracy(layer_10 - estimator_3 - 12_folds.train_0.predict)=42.97%
[ 2020-05-27 07:26:50,843][kfold_wrapper.log_eval_metrics] Accuracy(layer_10 - estimator_3 - 12_folds.train_1.predict)=35.94%
[ 2020-05-27 07:26:51,020][kfold_wrapper.log_eval_metrics] Accuracy(layer_10 - estimator_3 - 12_folds.train_2.predict)=34.38%
[ 2020-05-27 07:26:51,198][kfold_wrapper.log_eval_metrics] Accuracy(layer_10 - estimator_3 - 12_folds.train_3.predict)=41.41%
[ 2020-05-27 07:26:51,380][kfold_wrapper.log_eval_metrics] Accuracy(layer_10 - estimator_3 - 12_folds.train_4.predict)=35.94%
[ 2020-05-27 07:26:51,566][kfold_wrapper.log_eval_metrics] Accuracy(layer_10 - estimator_3 - 12_folds.train_5.predict)=39.84%
[ 2020-05-27 07:26:51,753][kfold_wrapper.log_eval_metrics] Accuracy(layer_10 - estimator_3 - 12_folds.train_6.predict)=37.80%
[ 2020-05-27 07:26:51,949][kfold_wrapper.log_eval_metrics] Accuracy(layer_10 - estimator_3 - 12_folds.train_7.predict)=38.58%
[ 2020-05-27 07:26:52,130][kfold_wrapper.log_eval_metrics] Accuracy(layer_10 - estimator_3 - 12_folds.train_8.predict)=43.31%
[ 2020-05-27 07:26:52,299][kfold_wrapper.log_eval_metrics] Accuracy(layer_10 - estimator_3 - 12_folds.train_9.predict)=40.94%
[ 2020-05-27 07:26:52,477][kfold_wrapper.log_eval_metrics] Accuracy(layer_10 - estimator_3 - 12_folds.train_10.predict)=45.67%
[ 2020-05-27 07:26:52,656][kfold_wrapper.log_eval_metrics] Accuracy(layer_10 - estimator_3 - 12_folds.train_11.predict)=44.09%
[ 2020-05-27 07:26:52,658][kfold_wrapper.log_eval_metrics] Accuracy(layer_10 - estimator_3 - 12_folds.train_cv.predict)=40.07%
[ 2020-05-27 07:26:52,659][kfold_wrapper.log_eval_metrics] Accuracy(layer_10 - estimator_3 - 12_folds.test.predict)=23.98%
[ 2020-05-27 07:26:52,660][cascade_classifier.calc_accuracy] Accuracy(layer_10 - train.classifier_average)=36.60%
[ 2020-05-27 07:26:52,662][cascade_classifier.calc_accuracy] Accuracy(layer_10 - test.classifier_average)=25.15%
[ 2020-05-27 07:26:52,663][cascade_classifier.fit_transform] [layer=11] look_indexs=[0], X_cur_train.shape=(1530, 17), X_cur_test.shape=(171, 17)
[ 2020-05-27 07:26:52,720][kfold_wrapper.log_eval_metrics] Accuracy(layer_11 - estimator_0 - 5_folds.train_0.predict)=42.81%
[ 2020-05-27 07:26:52,773][kfold_wrapper.log_eval_metrics] Accuracy(layer_11 - estimator_0 - 5_folds.train_1.predict)=41.18%
[ 2020-05-27 07:26:52,827][kfold_wrapper.log_eval_metrics] Accuracy(layer_11 - estimator_0 - 5_folds.train_2.predict)=38.56%
[ 2020-05-27 07:26:52,883][kfold_wrapper.log_eval_metrics] Accuracy(layer_11 - estimator_0 - 5_folds.train_3.predict)=34.97%
[ 2020-05-27 07:26:52,936][kfold_wrapper.log_eval_metrics] Accuracy(layer_11 - estimator_0 - 5_folds.train_4.predict)=37.91%
[ 2020-05-27 07:26:52,940][kfold_wrapper.log_eval_metrics] Accuracy(layer_11 - estimator_0 - 5_folds.train_cv.predict)=39.08%
[ 2020-05-27 07:26:52,943][kfold_wrapper.log_eval_metrics] Accuracy(layer_11 - estimator_0 - 5_folds.test.predict)=29.82%
[ 2020-05-27 07:26:53,164][kfold_wrapper.log_eval_metrics] Accuracy(layer_11 - estimator_1 - 12_folds.train_0.predict)=40.62%
[ 2020-05-27 07:26:53,514][kfold_wrapper.log_eval_metrics] Accuracy(layer_11 - estimator_1 - 12_folds.train_1.predict)=42.97%
[ 2020-05-27 07:26:53,863][kfold_wrapper.log_eval_metrics] Accuracy(layer_11 - estimator_1 - 12_folds.train_2.predict)=34.38%
[ 2020-05-27 07:26:54,221][kfold_wrapper.log_eval_metrics] Accuracy(layer_11 - estimator_1 - 12_folds.train_3.predict)=37.50%
[ 2020-05-27 07:26:54,585][kfold_wrapper.log_eval_metrics] Accuracy(layer_11 - estimator_1 - 12_folds.train_4.predict)=28.91%
[ 2020-05-27 07:26:54,948][kfold_wrapper.log_eval_metrics] Accuracy(layer_11 - estimator_1 - 12_folds.train_5.predict)=31.25%
[ 2020-05-27 07:26:55,309][kfold_wrapper.log_eval_metrics] Accuracy(layer_11 - estimator_1 - 12_folds.train_6.predict)=40.94%
[ 2020-05-27 07:26:55,663][kfold_wrapper.log_eval_metrics] Accuracy(layer_11 - estimator_1 - 12_folds.train_7.predict)=34.65%
[ 2020-05-27 07:26:56,017][kfold_wrapper.log_eval_metrics] Accuracy(layer_11 - estimator_1 - 12_folds.train_8.predict)=44.09%
[ 2020-05-27 07:26:56,383][kfold_wrapper.log_eval_metrics] Accuracy(layer_11 - estimator_1 - 12_folds.train_9.predict)=40.94%
[ 2020-05-27 07:26:56,748][kfold_wrapper.log_eval_metrics] Accuracy(layer_11 - estimator_1 - 12_folds.train_10.predict)=34.65%
[ 2020-05-27 07:26:57,104][kfold_wrapper.log_eval_metrics] Accuracy(layer_11 - estimator_1 - 12_folds.train_11.predict)=39.37%
[ 2020-05-27 07:26:57,228][kfold_wrapper.log_eval_metrics] Accuracy(layer_11 - estimator_1 - 12_folds.train_cv.predict)=37.52%
[ 2020-05-27 07:26:57,230][kfold_wrapper.log_eval_metrics] Accuracy(layer_11 - estimator_1 - 12_folds.test.predict)=29.24%
[ 2020-05-27 07:26:57,464][kfold_wrapper.log_eval_metrics] Accuracy(layer_11 - estimator_2 - 12_folds.train_0.predict)=30.47%
[ 2020-05-27 07:26:57,821][kfold_wrapper.log_eval_metrics] Accuracy(layer_11 - estimator_2 - 12_folds.train_1.predict)=26.56%
[ 2020-05-27 07:26:58,185][kfold_wrapper.log_eval_metrics] Accuracy(layer_11 - estimator_2 - 12_folds.train_2.predict)=30.47%
[ 2020-05-27 07:26:58,547][kfold_wrapper.log_eval_metrics] Accuracy(layer_11 - estimator_2 - 12_folds.train_3.predict)=35.94%
[ 2020-05-27 07:26:58,891][kfold_wrapper.log_eval_metrics] Accuracy(layer_11 - estimator_2 - 12_folds.train_4.predict)=39.06%
[ 2020-05-27 07:26:59,240][kfold_wrapper.log_eval_metrics] Accuracy(layer_11 - estimator_2 - 12_folds.train_5.predict)=35.16%
[ 2020-05-27 07:26:59,588][kfold_wrapper.log_eval_metrics] Accuracy(layer_11 - estimator_2 - 12_folds.train_6.predict)=29.92%
[ 2020-05-27 07:26:59,946][kfold_wrapper.log_eval_metrics] Accuracy(layer_11 - estimator_2 - 12_folds.train_7.predict)=36.22%
[ 2020-05-27 07:27:00,293][kfold_wrapper.log_eval_metrics] Accuracy(layer_11 - estimator_2 - 12_folds.train_8.predict)=33.07%
[ 2020-05-27 07:27:00,661][kfold_wrapper.log_eval_metrics] Accuracy(layer_11 - estimator_2 - 12_folds.train_9.predict)=35.43%
[ 2020-05-27 07:27:01,022][kfold_wrapper.log_eval_metrics] Accuracy(layer_11 - estimator_2 - 12_folds.train_10.predict)=30.71%
[ 2020-05-27 07:27:01,362][kfold_wrapper.log_eval_metrics] Accuracy(layer_11 - estimator_2 - 12_folds.train_11.predict)=33.07%
[ 2020-05-27 07:27:01,478][kfold_wrapper.log_eval_metrics] Accuracy(layer_11 - estimator_2 - 12_folds.train_cv.predict)=33.01%
[ 2020-05-27 07:27:01,481][kfold_wrapper.log_eval_metrics] Accuracy(layer_11 - estimator_2 - 12_folds.test.predict)=33.33%
[ 2020-05-27 07:27:01,718][kfold_wrapper.log_eval_metrics] Accuracy(layer_11 - estimator_3 - 12_folds.train_0.predict)=39.84%
[ 2020-05-27 07:27:01,925][kfold_wrapper.log_eval_metrics] Accuracy(layer_11 - estimator_3 - 12_folds.train_1.predict)=39.06%
[ 2020-05-27 07:27:02,140][kfold_wrapper.log_eval_metrics] Accuracy(layer_11 - estimator_3 - 12_folds.train_2.predict)=40.62%
[ 2020-05-27 07:27:02,348][kfold_wrapper.log_eval_metrics] Accuracy(layer_11 - estimator_3 - 12_folds.train_3.predict)=42.97%
[ 2020-05-27 07:27:02,549][kfold_wrapper.log_eval_metrics] Accuracy(layer_11 - estimator_3 - 12_folds.train_4.predict)=35.16%
[ 2020-05-27 07:27:02,751][kfold_wrapper.log_eval_metrics] Accuracy(layer_11 - estimator_3 - 12_folds.train_5.predict)=40.62%
[ 2020-05-27 07:27:02,961][kfold_wrapper.log_eval_metrics] Accuracy(layer_11 - estimator_3 - 12_folds.train_6.predict)=42.52%
[ 2020-05-27 07:27:03,165][kfold_wrapper.log_eval_metrics] Accuracy(layer_11 - estimator_3 - 12_folds.train_7.predict)=37.01%
[ 2020-05-27 07:27:03,381][kfold_wrapper.log_eval_metrics] Accuracy(layer_11 - estimator_3 - 12_folds.train_8.predict)=40.16%
[ 2020-05-27 07:27:03,569][kfold_wrapper.log_eval_metrics] Accuracy(layer_11 - estimator_3 - 12_folds.train_9.predict)=40.94%
[ 2020-05-27 07:27:03,770][kfold_wrapper.log_eval_metrics] Accuracy(layer_11 - estimator_3 - 12_folds.train_10.predict)=42.52%
[ 2020-05-27 07:27:03,980][kfold_wrapper.log_eval_metrics] Accuracy(layer_11 - estimator_3 - 12_folds.train_11.predict)=44.88%
[ 2020-05-27 07:27:03,982][kfold_wrapper.log_eval_metrics] Accuracy(layer_11 - estimator_3 - 12_folds.train_cv.predict)=40.52%
[ 2020-05-27 07:27:03,984][kfold_wrapper.log_eval_metrics] Accuracy(layer_11 - estimator_3 - 12_folds.test.predict)=25.73%
[ 2020-05-27 07:27:03,986][cascade_classifier.calc_accuracy] Accuracy(layer_11 - train.classifier_average)=37.19%
[ 2020-05-27 07:27:03,987][cascade_classifier.calc_accuracy] Accuracy(layer_11 - test.classifier_average)=30.99%
[ 2020-05-27 07:27:03,988][cascade_classifier.fit_transform] [Result][Optimal Level Detected] opt_layer_num=8, accuracy_train=39.74%, accuracy_test=25.15%
[ 2020-05-27 07:27:04,097][cascade_classifier.transform] X_groups_test.shape=[(243, 5)]
[ 2020-05-27 07:27:04,098][cascade_classifier.transform] group_dims=[5]
[ 2020-05-27 07:27:04,098][cascade_classifier.transform] X_test.shape=(243, 5)
[ 2020-05-27 07:27:04,099][cascade_classifier.transform] [layer=0] look_indexs=[0], X_cur_test.shape=(243, 5)
[ 2020-05-27 07:27:06,776][cascade_classifier.transform] [layer=1] look_indexs=[0], X_cur_test.shape=(243, 17)
[ 2020-05-27 07:27:09,470][cascade_classifier.transform] [layer=2] look_indexs=[0], X_cur_test.shape=(243, 17)
[ 2020-05-27 07:27:12,167][cascade_classifier.transform] [layer=3] look_indexs=[0], X_cur_test.shape=(243, 17)
[ 2020-05-27 07:27:14,882][cascade_classifier.transform] [layer=4] look_indexs=[0], X_cur_test.shape=(243, 17)
[ 2020-05-27 07:27:17,569][cascade_classifier.transform] [layer=5] look_indexs=[0], X_cur_test.shape=(243, 17)
[ 2020-05-27 07:27:20,283][cascade_classifier.transform] [layer=6] look_indexs=[0], X_cur_test.shape=(243, 17)
[ 2020-05-27 07:27:23,001][cascade_classifier.transform] [layer=7] look_indexs=[0], X_cur_test.shape=(243, 17)
[ 2020-05-27 07:27:26,134][cascade_classifier.fit_transform] X_groups_train.shape=[(1749, 5)],y_train.shape=(1749,),X_groups_test.shape=[(195, 5)],y_test.shape=(195,)
[ 2020-05-27 07:27:26,135][cascade_classifier.fit_transform] group_dims=[5]
[ 2020-05-27 07:27:26,135][cascade_classifier.fit_transform] group_starts=[0]
[ 2020-05-27 07:27:26,136][cascade_classifier.fit_transform] group_ends=[5]
[ 2020-05-27 07:27:26,137][cascade_classifier.fit_transform] X_train.shape=(1749, 5),X_test.shape=(195, 5)
[ 2020-05-27 07:27:26,138][cascade_classifier.fit_transform] [layer=0] look_indexs=[0], X_cur_train.shape=(1749, 5), X_cur_test.shape=(195, 5)
[ 2020-05-27 07:27:26,165][kfold_wrapper.log_eval_metrics] Accuracy(layer_0 - estimator_0 - 5_folds.train_0.predict)=36.86%
[ 2020-05-27 07:27:26,191][kfold_wrapper.log_eval_metrics] Accuracy(layer_0 - estimator_0 - 5_folds.train_1.predict)=37.71%
[ 2020-05-27 07:27:26,217][kfold_wrapper.log_eval_metrics] Accuracy(layer_0 - estimator_0 - 5_folds.train_2.predict)=33.71%
[ 2020-05-27 07:27:26,242][kfold_wrapper.log_eval_metrics] Accuracy(layer_0 - estimator_0 - 5_folds.train_3.predict)=37.71%
[ 2020-05-27 07:27:26,268][kfold_wrapper.log_eval_metrics] Accuracy(layer_0 - estimator_0 - 5_folds.train_4.predict)=39.83%
[ 2020-05-27 07:27:26,270][kfold_wrapper.log_eval_metrics] Accuracy(layer_0 - estimator_0 - 5_folds.train_cv.predict)=37.16%
[ 2020-05-27 07:27:26,271][kfold_wrapper.log_eval_metrics] Accuracy(layer_0 - estimator_0 - 5_folds.test.predict)=26.67%
[ 2020-05-27 07:27:26,490][kfold_wrapper.log_eval_metrics] Accuracy(layer_0 - estimator_1 - 12_folds.train_0.predict)=31.51%
[ 2020-05-27 07:27:26,846][kfold_wrapper.log_eval_metrics] Accuracy(layer_0 - estimator_1 - 12_folds.train_1.predict)=32.19%
[ 2020-05-27 07:27:27,204][kfold_wrapper.log_eval_metrics] Accuracy(layer_0 - estimator_1 - 12_folds.train_2.predict)=29.45%
[ 2020-05-27 07:27:27,558][kfold_wrapper.log_eval_metrics] Accuracy(layer_0 - estimator_1 - 12_folds.train_3.predict)=32.88%
[ 2020-05-27 07:27:27,913][kfold_wrapper.log_eval_metrics] Accuracy(layer_0 - estimator_1 - 12_folds.train_4.predict)=30.82%
[ 2020-05-27 07:27:28,246][kfold_wrapper.log_eval_metrics] Accuracy(layer_0 - estimator_1 - 12_folds.train_5.predict)=33.56%
[ 2020-05-27 07:27:28,602][kfold_wrapper.log_eval_metrics] Accuracy(layer_0 - estimator_1 - 12_folds.train_6.predict)=34.25%
[ 2020-05-27 07:27:28,944][kfold_wrapper.log_eval_metrics] Accuracy(layer_0 - estimator_1 - 12_folds.train_7.predict)=34.25%
[ 2020-05-27 07:27:29,296][kfold_wrapper.log_eval_metrics] Accuracy(layer_0 - estimator_1 - 12_folds.train_8.predict)=32.88%
[ 2020-05-27 07:27:29,648][kfold_wrapper.log_eval_metrics] Accuracy(layer_0 - estimator_1 - 12_folds.train_9.predict)=32.41%
[ 2020-05-27 07:27:29,996][kfold_wrapper.log_eval_metrics] Accuracy(layer_0 - estimator_1 - 12_folds.train_10.predict)=37.93%
[ 2020-05-27 07:27:30,342][kfold_wrapper.log_eval_metrics] Accuracy(layer_0 - estimator_1 - 12_folds.train_11.predict)=31.03%
[ 2020-05-27 07:27:30,458][kfold_wrapper.log_eval_metrics] Accuracy(layer_0 - estimator_1 - 12_folds.train_cv.predict)=32.76%
[ 2020-05-27 07:27:30,459][kfold_wrapper.log_eval_metrics] Accuracy(layer_0 - estimator_1 - 12_folds.test.predict)=33.33%
[ 2020-05-27 07:27:30,688][kfold_wrapper.log_eval_metrics] Accuracy(layer_0 - estimator_2 - 12_folds.train_0.predict)=28.08%
[ 2020-05-27 07:27:31,044][kfold_wrapper.log_eval_metrics] Accuracy(layer_0 - estimator_2 - 12_folds.train_1.predict)=30.14%
[ 2020-05-27 07:27:31,395][kfold_wrapper.log_eval_metrics] Accuracy(layer_0 - estimator_2 - 12_folds.train_2.predict)=32.88%
[ 2020-05-27 07:27:31,751][kfold_wrapper.log_eval_metrics] Accuracy(layer_0 - estimator_2 - 12_folds.train_3.predict)=34.93%
[ 2020-05-27 07:27:32,093][kfold_wrapper.log_eval_metrics] Accuracy(layer_0 - estimator_2 - 12_folds.train_4.predict)=38.36%
[ 2020-05-27 07:27:32,439][kfold_wrapper.log_eval_metrics] Accuracy(layer_0 - estimator_2 - 12_folds.train_5.predict)=32.19%
[ 2020-05-27 07:27:32,792][kfold_wrapper.log_eval_metrics] Accuracy(layer_0 - estimator_2 - 12_folds.train_6.predict)=35.62%
[ 2020-05-27 07:27:33,140][kfold_wrapper.log_eval_metrics] Accuracy(layer_0 - estimator_2 - 12_folds.train_7.predict)=31.51%
[ 2020-05-27 07:27:33,495][kfold_wrapper.log_eval_metrics] Accuracy(layer_0 - estimator_2 - 12_folds.train_8.predict)=34.93%
[ 2020-05-27 07:27:33,853][kfold_wrapper.log_eval_metrics] Accuracy(layer_0 - estimator_2 - 12_folds.train_9.predict)=28.28%
[ 2020-05-27 07:27:34,211][kfold_wrapper.log_eval_metrics] Accuracy(layer_0 - estimator_2 - 12_folds.train_10.predict)=30.34%
[ 2020-05-27 07:27:34,559][kfold_wrapper.log_eval_metrics] Accuracy(layer_0 - estimator_2 - 12_folds.train_11.predict)=33.79%
[ 2020-05-27 07:27:34,675][kfold_wrapper.log_eval_metrics] Accuracy(layer_0 - estimator_2 - 12_folds.train_cv.predict)=32.59%
[ 2020-05-27 07:27:34,677][kfold_wrapper.log_eval_metrics] Accuracy(layer_0 - estimator_2 - 12_folds.test.predict)=27.18%
[ 2020-05-27 07:27:34,719][kfold_wrapper.log_eval_metrics] Accuracy(layer_0 - estimator_3 - 12_folds.train_0.predict)=39.04%
[ 2020-05-27 07:27:34,737][kfold_wrapper.log_eval_metrics] Accuracy(layer_0 - estimator_3 - 12_folds.train_1.predict)=36.99%
[ 2020-05-27 07:27:34,754][kfold_wrapper.log_eval_metrics] Accuracy(layer_0 - estimator_3 - 12_folds.train_2.predict)=43.84%
[ 2020-05-27 07:27:34,771][kfold_wrapper.log_eval_metrics] Accuracy(layer_0 - estimator_3 - 12_folds.train_3.predict)=41.10%
[ 2020-05-27 07:27:34,789][kfold_wrapper.log_eval_metrics] Accuracy(layer_0 - estimator_3 - 12_folds.train_4.predict)=40.41%
[ 2020-05-27 07:27:34,806][kfold_wrapper.log_eval_metrics] Accuracy(layer_0 - estimator_3 - 12_folds.train_5.predict)=42.47%
[ 2020-05-27 07:27:34,822][kfold_wrapper.log_eval_metrics] Accuracy(layer_0 - estimator_3 - 12_folds.train_6.predict)=37.67%
[ 2020-05-27 07:27:34,837][kfold_wrapper.log_eval_metrics] Accuracy(layer_0 - estimator_3 - 12_folds.train_7.predict)=39.73%
[ 2020-05-27 07:27:34,855][kfold_wrapper.log_eval_metrics] Accuracy(layer_0 - estimator_3 - 12_folds.train_8.predict)=46.58%
[ 2020-05-27 07:27:34,870][kfold_wrapper.log_eval_metrics] Accuracy(layer_0 - estimator_3 - 12_folds.train_9.predict)=33.79%
[ 2020-05-27 07:27:34,887][kfold_wrapper.log_eval_metrics] Accuracy(layer_0 - estimator_3 - 12_folds.train_10.predict)=38.62%
[ 2020-05-27 07:27:34,903][kfold_wrapper.log_eval_metrics] Accuracy(layer_0 - estimator_3 - 12_folds.train_11.predict)=38.62%
[ 2020-05-27 07:27:34,904][kfold_wrapper.log_eval_metrics] Accuracy(layer_0 - estimator_3 - 12_folds.train_cv.predict)=39.91%
[ 2020-05-27 07:27:34,905][kfold_wrapper.log_eval_metrics] Accuracy(layer_0 - estimator_3 - 12_folds.test.predict)=23.08%
[ 2020-05-27 07:27:34,906][cascade_classifier.calc_accuracy] Accuracy(layer_0 - train.classifier_average)=34.48%
[ 2020-05-27 07:27:34,906][cascade_classifier.calc_accuracy] Accuracy(layer_0 - test.classifier_average)=28.21%
[ 2020-05-27 07:27:34,907][cascade_classifier.fit_transform] [layer=1] look_indexs=[0], X_cur_train.shape=(1749, 17), X_cur_test.shape=(195, 17)
[ 2020-05-27 07:27:34,937][kfold_wrapper.log_eval_metrics] Accuracy(layer_1 - estimator_0 - 5_folds.train_0.predict)=40.29%
[ 2020-05-27 07:27:34,967][kfold_wrapper.log_eval_metrics] Accuracy(layer_1 - estimator_0 - 5_folds.train_1.predict)=35.14%
[ 2020-05-27 07:27:34,998][kfold_wrapper.log_eval_metrics] Accuracy(layer_1 - estimator_0 - 5_folds.train_2.predict)=36.29%
[ 2020-05-27 07:27:35,031][kfold_wrapper.log_eval_metrics] Accuracy(layer_1 - estimator_0 - 5_folds.train_3.predict)=36.29%
[ 2020-05-27 07:27:35,063][kfold_wrapper.log_eval_metrics] Accuracy(layer_1 - estimator_0 - 5_folds.train_4.predict)=37.54%
[ 2020-05-27 07:27:35,065][kfold_wrapper.log_eval_metrics] Accuracy(layer_1 - estimator_0 - 5_folds.train_cv.predict)=37.11%
[ 2020-05-27 07:27:35,066][kfold_wrapper.log_eval_metrics] Accuracy(layer_1 - estimator_0 - 5_folds.test.predict)=25.13%
[ 2020-05-27 07:27:35,287][kfold_wrapper.log_eval_metrics] Accuracy(layer_1 - estimator_1 - 12_folds.train_0.predict)=40.41%
[ 2020-05-27 07:27:35,613][kfold_wrapper.log_eval_metrics] Accuracy(layer_1 - estimator_1 - 12_folds.train_1.predict)=44.52%
[ 2020-05-27 07:27:35,969][kfold_wrapper.log_eval_metrics] Accuracy(layer_1 - estimator_1 - 12_folds.train_2.predict)=32.19%
[ 2020-05-27 07:27:36,328][kfold_wrapper.log_eval_metrics] Accuracy(layer_1 - estimator_1 - 12_folds.train_3.predict)=36.99%
[ 2020-05-27 07:27:36,681][kfold_wrapper.log_eval_metrics] Accuracy(layer_1 - estimator_1 - 12_folds.train_4.predict)=39.73%
[ 2020-05-27 07:27:37,030][kfold_wrapper.log_eval_metrics] Accuracy(layer_1 - estimator_1 - 12_folds.train_5.predict)=35.62%
[ 2020-05-27 07:27:37,369][kfold_wrapper.log_eval_metrics] Accuracy(layer_1 - estimator_1 - 12_folds.train_6.predict)=35.62%
[ 2020-05-27 07:27:37,714][kfold_wrapper.log_eval_metrics] Accuracy(layer_1 - estimator_1 - 12_folds.train_7.predict)=33.56%
[ 2020-05-27 07:27:38,040][kfold_wrapper.log_eval_metrics] Accuracy(layer_1 - estimator_1 - 12_folds.train_8.predict)=39.04%
[ 2020-05-27 07:27:38,399][kfold_wrapper.log_eval_metrics] Accuracy(layer_1 - estimator_1 - 12_folds.train_9.predict)=37.93%
[ 2020-05-27 07:27:38,759][kfold_wrapper.log_eval_metrics] Accuracy(layer_1 - estimator_1 - 12_folds.train_10.predict)=42.76%
[ 2020-05-27 07:27:39,103][kfold_wrapper.log_eval_metrics] Accuracy(layer_1 - estimator_1 - 12_folds.train_11.predict)=33.10%
[ 2020-05-27 07:27:39,219][kfold_wrapper.log_eval_metrics] Accuracy(layer_1 - estimator_1 - 12_folds.train_cv.predict)=37.62%
[ 2020-05-27 07:27:39,221][kfold_wrapper.log_eval_metrics] Accuracy(layer_1 - estimator_1 - 12_folds.test.predict)=28.21%
[ 2020-05-27 07:27:39,455][kfold_wrapper.log_eval_metrics] Accuracy(layer_1 - estimator_2 - 12_folds.train_0.predict)=34.93%
[ 2020-05-27 07:27:39,813][kfold_wrapper.log_eval_metrics] Accuracy(layer_1 - estimator_2 - 12_folds.train_1.predict)=39.73%
[ 2020-05-27 07:27:40,171][kfold_wrapper.log_eval_metrics] Accuracy(layer_1 - estimator_2 - 12_folds.train_2.predict)=40.41%
[ 2020-05-27 07:27:40,510][kfold_wrapper.log_eval_metrics] Accuracy(layer_1 - estimator_2 - 12_folds.train_3.predict)=41.10%
[ 2020-05-27 07:27:40,863][kfold_wrapper.log_eval_metrics] Accuracy(layer_1 - estimator_2 - 12_folds.train_4.predict)=42.47%
[ 2020-05-27 07:27:41,216][kfold_wrapper.log_eval_metrics] Accuracy(layer_1 - estimator_2 - 12_folds.train_5.predict)=37.67%
[ 2020-05-27 07:27:41,574][kfold_wrapper.log_eval_metrics] Accuracy(layer_1 - estimator_2 - 12_folds.train_6.predict)=35.62%
[ 2020-05-27 07:27:41,928][kfold_wrapper.log_eval_metrics] Accuracy(layer_1 - estimator_2 - 12_folds.train_7.predict)=36.30%
[ 2020-05-27 07:27:42,277][kfold_wrapper.log_eval_metrics] Accuracy(layer_1 - estimator_2 - 12_folds.train_8.predict)=32.88%
[ 2020-05-27 07:27:42,620][kfold_wrapper.log_eval_metrics] Accuracy(layer_1 - estimator_2 - 12_folds.train_9.predict)=41.38%
[ 2020-05-27 07:27:42,962][kfold_wrapper.log_eval_metrics] Accuracy(layer_1 - estimator_2 - 12_folds.train_10.predict)=37.24%
[ 2020-05-27 07:27:43,317][kfold_wrapper.log_eval_metrics] Accuracy(layer_1 - estimator_2 - 12_folds.train_11.predict)=37.93%
[ 2020-05-27 07:27:43,435][kfold_wrapper.log_eval_metrics] Accuracy(layer_1 - estimator_2 - 12_folds.train_cv.predict)=38.14%
[ 2020-05-27 07:27:43,438][kfold_wrapper.log_eval_metrics] Accuracy(layer_1 - estimator_2 - 12_folds.test.predict)=27.69%
[ 2020-05-27 07:27:43,538][kfold_wrapper.log_eval_metrics] Accuracy(layer_1 - estimator_3 - 12_folds.train_0.predict)=40.41%
[ 2020-05-27 07:27:43,589][kfold_wrapper.log_eval_metrics] Accuracy(layer_1 - estimator_3 - 12_folds.train_1.predict)=43.84%
[ 2020-05-27 07:27:43,643][kfold_wrapper.log_eval_metrics] Accuracy(layer_1 - estimator_3 - 12_folds.train_2.predict)=39.73%
[ 2020-05-27 07:27:43,693][kfold_wrapper.log_eval_metrics] Accuracy(layer_1 - estimator_3 - 12_folds.train_3.predict)=37.67%
[ 2020-05-27 07:27:43,744][kfold_wrapper.log_eval_metrics] Accuracy(layer_1 - estimator_3 - 12_folds.train_4.predict)=35.62%
[ 2020-05-27 07:27:43,794][kfold_wrapper.log_eval_metrics] Accuracy(layer_1 - estimator_3 - 12_folds.train_5.predict)=42.47%
[ 2020-05-27 07:27:43,843][kfold_wrapper.log_eval_metrics] Accuracy(layer_1 - estimator_3 - 12_folds.train_6.predict)=40.41%
[ 2020-05-27 07:27:43,895][kfold_wrapper.log_eval_metrics] Accuracy(layer_1 - estimator_3 - 12_folds.train_7.predict)=44.52%
[ 2020-05-27 07:27:43,945][kfold_wrapper.log_eval_metrics] Accuracy(layer_1 - estimator_3 - 12_folds.train_8.predict)=34.25%
[ 2020-05-27 07:27:43,997][kfold_wrapper.log_eval_metrics] Accuracy(layer_1 - estimator_3 - 12_folds.train_9.predict)=31.72%
[ 2020-05-27 07:27:44,048][kfold_wrapper.log_eval_metrics] Accuracy(layer_1 - estimator_3 - 12_folds.train_10.predict)=39.31%
[ 2020-05-27 07:27:44,098][kfold_wrapper.log_eval_metrics] Accuracy(layer_1 - estimator_3 - 12_folds.train_11.predict)=42.07%
[ 2020-05-27 07:27:44,099][kfold_wrapper.log_eval_metrics] Accuracy(layer_1 - estimator_3 - 12_folds.train_cv.predict)=39.34%
[ 2020-05-27 07:27:44,100][kfold_wrapper.log_eval_metrics] Accuracy(layer_1 - estimator_3 - 12_folds.test.predict)=28.72%
[ 2020-05-27 07:27:44,100][cascade_classifier.calc_accuracy] Accuracy(layer_1 - train.classifier_average)=39.11%
[ 2020-05-27 07:27:44,101][cascade_classifier.calc_accuracy] Accuracy(layer_1 - test.classifier_average)=26.15%
[ 2020-05-27 07:27:44,102][cascade_classifier.fit_transform] [layer=2] look_indexs=[0], X_cur_train.shape=(1749, 17), X_cur_test.shape=(195, 17)
[ 2020-05-27 07:27:44,132][kfold_wrapper.log_eval_metrics] Accuracy(layer_2 - estimator_0 - 5_folds.train_0.predict)=34.00%
[ 2020-05-27 07:27:44,162][kfold_wrapper.log_eval_metrics] Accuracy(layer_2 - estimator_0 - 5_folds.train_1.predict)=38.00%
[ 2020-05-27 07:27:44,192][kfold_wrapper.log_eval_metrics] Accuracy(layer_2 - estimator_0 - 5_folds.train_2.predict)=38.29%
[ 2020-05-27 07:27:44,224][kfold_wrapper.log_eval_metrics] Accuracy(layer_2 - estimator_0 - 5_folds.train_3.predict)=38.86%
[ 2020-05-27 07:27:44,255][kfold_wrapper.log_eval_metrics] Accuracy(layer_2 - estimator_0 - 5_folds.train_4.predict)=35.82%
[ 2020-05-27 07:27:44,257][kfold_wrapper.log_eval_metrics] Accuracy(layer_2 - estimator_0 - 5_folds.train_cv.predict)=36.99%
[ 2020-05-27 07:27:44,258][kfold_wrapper.log_eval_metrics] Accuracy(layer_2 - estimator_0 - 5_folds.test.predict)=30.77%
[ 2020-05-27 07:27:44,476][kfold_wrapper.log_eval_metrics] Accuracy(layer_2 - estimator_1 - 12_folds.train_0.predict)=39.04%
[ 2020-05-27 07:27:44,832][kfold_wrapper.log_eval_metrics] Accuracy(layer_2 - estimator_1 - 12_folds.train_1.predict)=42.47%
[ 2020-05-27 07:27:45,189][kfold_wrapper.log_eval_metrics] Accuracy(layer_2 - estimator_1 - 12_folds.train_2.predict)=39.73%
[ 2020-05-27 07:27:45,543][kfold_wrapper.log_eval_metrics] Accuracy(layer_2 - estimator_1 - 12_folds.train_3.predict)=32.19%
[ 2020-05-27 07:27:45,897][kfold_wrapper.log_eval_metrics] Accuracy(layer_2 - estimator_1 - 12_folds.train_4.predict)=34.25%
[ 2020-05-27 07:27:46,240][kfold_wrapper.log_eval_metrics] Accuracy(layer_2 - estimator_1 - 12_folds.train_5.predict)=38.36%
[ 2020-05-27 07:27:46,599][kfold_wrapper.log_eval_metrics] Accuracy(layer_2 - estimator_1 - 12_folds.train_6.predict)=31.51%
[ 2020-05-27 07:27:46,949][kfold_wrapper.log_eval_metrics] Accuracy(layer_2 - estimator_1 - 12_folds.train_7.predict)=42.47%
[ 2020-05-27 07:27:47,299][kfold_wrapper.log_eval_metrics] Accuracy(layer_2 - estimator_1 - 12_folds.train_8.predict)=36.99%
[ 2020-05-27 07:27:47,648][kfold_wrapper.log_eval_metrics] Accuracy(layer_2 - estimator_1 - 12_folds.train_9.predict)=36.55%
[ 2020-05-27 07:27:47,991][kfold_wrapper.log_eval_metrics] Accuracy(layer_2 - estimator_1 - 12_folds.train_10.predict)=45.52%
[ 2020-05-27 07:27:48,341][kfold_wrapper.log_eval_metrics] Accuracy(layer_2 - estimator_1 - 12_folds.train_11.predict)=26.90%
[ 2020-05-27 07:27:48,459][kfold_wrapper.log_eval_metrics] Accuracy(layer_2 - estimator_1 - 12_folds.train_cv.predict)=37.16%
[ 2020-05-27 07:27:48,462][kfold_wrapper.log_eval_metrics] Accuracy(layer_2 - estimator_1 - 12_folds.test.predict)=35.38%
[ 2020-05-27 07:27:48,703][kfold_wrapper.log_eval_metrics] Accuracy(layer_2 - estimator_2 - 12_folds.train_0.predict)=35.62%
[ 2020-05-27 07:27:49,048][kfold_wrapper.log_eval_metrics] Accuracy(layer_2 - estimator_2 - 12_folds.train_1.predict)=38.36%
[ 2020-05-27 07:27:49,391][kfold_wrapper.log_eval_metrics] Accuracy(layer_2 - estimator_2 - 12_folds.train_2.predict)=36.99%
[ 2020-05-27 07:27:49,749][kfold_wrapper.log_eval_metrics] Accuracy(layer_2 - estimator_2 - 12_folds.train_3.predict)=35.62%
[ 2020-05-27 07:27:50,103][kfold_wrapper.log_eval_metrics] Accuracy(layer_2 - estimator_2 - 12_folds.train_4.predict)=36.30%
[ 2020-05-27 07:27:50,448][kfold_wrapper.log_eval_metrics] Accuracy(layer_2 - estimator_2 - 12_folds.train_5.predict)=35.62%
[ 2020-05-27 07:27:50,805][kfold_wrapper.log_eval_metrics] Accuracy(layer_2 - estimator_2 - 12_folds.train_6.predict)=37.67%
[ 2020-05-27 07:27:51,156][kfold_wrapper.log_eval_metrics] Accuracy(layer_2 - estimator_2 - 12_folds.train_7.predict)=34.93%
[ 2020-05-27 07:27:51,509][kfold_wrapper.log_eval_metrics] Accuracy(layer_2 - estimator_2 - 12_folds.train_8.predict)=34.25%
[ 2020-05-27 07:27:51,866][kfold_wrapper.log_eval_metrics] Accuracy(layer_2 - estimator_2 - 12_folds.train_9.predict)=37.93%
[ 2020-05-27 07:27:52,218][kfold_wrapper.log_eval_metrics] Accuracy(layer_2 - estimator_2 - 12_folds.train_10.predict)=36.55%
[ 2020-05-27 07:27:52,573][kfold_wrapper.log_eval_metrics] Accuracy(layer_2 - estimator_2 - 12_folds.train_11.predict)=33.79%
[ 2020-05-27 07:27:52,682][kfold_wrapper.log_eval_metrics] Accuracy(layer_2 - estimator_2 - 12_folds.train_cv.predict)=36.13%
[ 2020-05-27 07:27:52,685][kfold_wrapper.log_eval_metrics] Accuracy(layer_2 - estimator_2 - 12_folds.test.predict)=31.79%
[ 2020-05-27 07:27:52,782][kfold_wrapper.log_eval_metrics] Accuracy(layer_2 - estimator_3 - 12_folds.train_0.predict)=39.73%
[ 2020-05-27 07:27:52,833][kfold_wrapper.log_eval_metrics] Accuracy(layer_2 - estimator_3 - 12_folds.train_1.predict)=37.67%
[ 2020-05-27 07:27:52,884][kfold_wrapper.log_eval_metrics] Accuracy(layer_2 - estimator_3 - 12_folds.train_2.predict)=36.30%
[ 2020-05-27 07:27:52,936][kfold_wrapper.log_eval_metrics] Accuracy(layer_2 - estimator_3 - 12_folds.train_3.predict)=36.99%
[ 2020-05-27 07:27:52,987][kfold_wrapper.log_eval_metrics] Accuracy(layer_2 - estimator_3 - 12_folds.train_4.predict)=46.58%
[ 2020-05-27 07:27:53,038][kfold_wrapper.log_eval_metrics] Accuracy(layer_2 - estimator_3 - 12_folds.train_5.predict)=42.47%
[ 2020-05-27 07:27:53,088][kfold_wrapper.log_eval_metrics] Accuracy(layer_2 - estimator_3 - 12_folds.train_6.predict)=41.78%
[ 2020-05-27 07:27:53,140][kfold_wrapper.log_eval_metrics] Accuracy(layer_2 - estimator_3 - 12_folds.train_7.predict)=46.58%
[ 2020-05-27 07:27:53,191][kfold_wrapper.log_eval_metrics] Accuracy(layer_2 - estimator_3 - 12_folds.train_8.predict)=36.99%
[ 2020-05-27 07:27:53,240][kfold_wrapper.log_eval_metrics] Accuracy(layer_2 - estimator_3 - 12_folds.train_9.predict)=51.03%
[ 2020-05-27 07:27:53,293][kfold_wrapper.log_eval_metrics] Accuracy(layer_2 - estimator_3 - 12_folds.train_10.predict)=38.62%
[ 2020-05-27 07:27:53,346][kfold_wrapper.log_eval_metrics] Accuracy(layer_2 - estimator_3 - 12_folds.train_11.predict)=45.52%
[ 2020-05-27 07:27:53,347][kfold_wrapper.log_eval_metrics] Accuracy(layer_2 - estimator_3 - 12_folds.train_cv.predict)=41.68%
[ 2020-05-27 07:27:53,348][kfold_wrapper.log_eval_metrics] Accuracy(layer_2 - estimator_3 - 12_folds.test.predict)=26.67%
[ 2020-05-27 07:27:53,348][cascade_classifier.calc_accuracy] Accuracy(layer_2 - train.classifier_average)=39.97%
[ 2020-05-27 07:27:53,349][cascade_classifier.calc_accuracy] Accuracy(layer_2 - test.classifier_average)=30.26%
[ 2020-05-27 07:27:53,349][cascade_classifier.fit_transform] [layer=3] look_indexs=[0], X_cur_train.shape=(1749, 17), X_cur_test.shape=(195, 17)
[ 2020-05-27 07:27:53,381][kfold_wrapper.log_eval_metrics] Accuracy(layer_3 - estimator_0 - 5_folds.train_0.predict)=41.14%
[ 2020-05-27 07:27:53,412][kfold_wrapper.log_eval_metrics] Accuracy(layer_3 - estimator_0 - 5_folds.train_1.predict)=42.29%
[ 2020-05-27 07:27:53,442][kfold_wrapper.log_eval_metrics] Accuracy(layer_3 - estimator_0 - 5_folds.train_2.predict)=36.29%
[ 2020-05-27 07:27:53,473][kfold_wrapper.log_eval_metrics] Accuracy(layer_3 - estimator_0 - 5_folds.train_3.predict)=38.00%
[ 2020-05-27 07:27:53,506][kfold_wrapper.log_eval_metrics] Accuracy(layer_3 - estimator_0 - 5_folds.train_4.predict)=38.68%
[ 2020-05-27 07:27:53,508][kfold_wrapper.log_eval_metrics] Accuracy(layer_3 - estimator_0 - 5_folds.train_cv.predict)=39.28%
[ 2020-05-27 07:27:53,509][kfold_wrapper.log_eval_metrics] Accuracy(layer_3 - estimator_0 - 5_folds.test.predict)=25.13%
[ 2020-05-27 07:27:53,729][kfold_wrapper.log_eval_metrics] Accuracy(layer_3 - estimator_1 - 12_folds.train_0.predict)=33.56%
[ 2020-05-27 07:27:54,071][kfold_wrapper.log_eval_metrics] Accuracy(layer_3 - estimator_1 - 12_folds.train_1.predict)=39.04%
[ 2020-05-27 07:27:54,413][kfold_wrapper.log_eval_metrics] Accuracy(layer_3 - estimator_1 - 12_folds.train_2.predict)=39.04%
[ 2020-05-27 07:27:54,767][kfold_wrapper.log_eval_metrics] Accuracy(layer_3 - estimator_1 - 12_folds.train_3.predict)=37.67%
[ 2020-05-27 07:27:55,108][kfold_wrapper.log_eval_metrics] Accuracy(layer_3 - estimator_1 - 12_folds.train_4.predict)=34.25%
[ 2020-05-27 07:27:55,460][kfold_wrapper.log_eval_metrics] Accuracy(layer_3 - estimator_1 - 12_folds.train_5.predict)=28.77%
[ 2020-05-27 07:27:55,802][kfold_wrapper.log_eval_metrics] Accuracy(layer_3 - estimator_1 - 12_folds.train_6.predict)=47.26%
[ 2020-05-27 07:27:56,160][kfold_wrapper.log_eval_metrics] Accuracy(layer_3 - estimator_1 - 12_folds.train_7.predict)=36.99%
[ 2020-05-27 07:27:56,507][kfold_wrapper.log_eval_metrics] Accuracy(layer_3 - estimator_1 - 12_folds.train_8.predict)=35.62%
[ 2020-05-27 07:27:56,864][kfold_wrapper.log_eval_metrics] Accuracy(layer_3 - estimator_1 - 12_folds.train_9.predict)=39.31%
[ 2020-05-27 07:27:57,216][kfold_wrapper.log_eval_metrics] Accuracy(layer_3 - estimator_1 - 12_folds.train_10.predict)=42.07%
[ 2020-05-27 07:27:57,567][kfold_wrapper.log_eval_metrics] Accuracy(layer_3 - estimator_1 - 12_folds.train_11.predict)=30.34%
[ 2020-05-27 07:27:57,684][kfold_wrapper.log_eval_metrics] Accuracy(layer_3 - estimator_1 - 12_folds.train_cv.predict)=36.99%
[ 2020-05-27 07:27:57,687][kfold_wrapper.log_eval_metrics] Accuracy(layer_3 - estimator_1 - 12_folds.test.predict)=28.72%
[ 2020-05-27 07:27:57,938][kfold_wrapper.log_eval_metrics] Accuracy(layer_3 - estimator_2 - 12_folds.train_0.predict)=39.04%
[ 2020-05-27 07:27:58,294][kfold_wrapper.log_eval_metrics] Accuracy(layer_3 - estimator_2 - 12_folds.train_1.predict)=38.36%
[ 2020-05-27 07:27:58,649][kfold_wrapper.log_eval_metrics] Accuracy(layer_3 - estimator_2 - 12_folds.train_2.predict)=37.67%
[ 2020-05-27 07:27:59,006][kfold_wrapper.log_eval_metrics] Accuracy(layer_3 - estimator_2 - 12_folds.train_3.predict)=41.78%
[ 2020-05-27 07:27:59,346][kfold_wrapper.log_eval_metrics] Accuracy(layer_3 - estimator_2 - 12_folds.train_4.predict)=39.04%
[ 2020-05-27 07:27:59,704][kfold_wrapper.log_eval_metrics] Accuracy(layer_3 - estimator_2 - 12_folds.train_5.predict)=35.62%
[ 2020-05-27 07:28:00,061][kfold_wrapper.log_eval_metrics] Accuracy(layer_3 - estimator_2 - 12_folds.train_6.predict)=37.67%
[ 2020-05-27 07:28:00,401][kfold_wrapper.log_eval_metrics] Accuracy(layer_3 - estimator_2 - 12_folds.train_7.predict)=38.36%
[ 2020-05-27 07:28:00,745][kfold_wrapper.log_eval_metrics] Accuracy(layer_3 - estimator_2 - 12_folds.train_8.predict)=36.30%
[ 2020-05-27 07:28:01,103][kfold_wrapper.log_eval_metrics] Accuracy(layer_3 - estimator_2 - 12_folds.train_9.predict)=38.62%
[ 2020-05-27 07:28:01,450][kfold_wrapper.log_eval_metrics] Accuracy(layer_3 - estimator_2 - 12_folds.train_10.predict)=35.17%
[ 2020-05-27 07:28:01,808][kfold_wrapper.log_eval_metrics] Accuracy(layer_3 - estimator_2 - 12_folds.train_11.predict)=37.93%
[ 2020-05-27 07:28:01,925][kfold_wrapper.log_eval_metrics] Accuracy(layer_3 - estimator_2 - 12_folds.train_cv.predict)=37.96%
[ 2020-05-27 07:28:01,928][kfold_wrapper.log_eval_metrics] Accuracy(layer_3 - estimator_2 - 12_folds.test.predict)=26.15%
[ 2020-05-27 07:28:02,022][kfold_wrapper.log_eval_metrics] Accuracy(layer_3 - estimator_3 - 12_folds.train_0.predict)=40.41%
[ 2020-05-27 07:28:02,079][kfold_wrapper.log_eval_metrics] Accuracy(layer_3 - estimator_3 - 12_folds.train_1.predict)=35.62%
[ 2020-05-27 07:28:02,131][kfold_wrapper.log_eval_metrics] Accuracy(layer_3 - estimator_3 - 12_folds.train_2.predict)=43.15%
[ 2020-05-27 07:28:02,185][kfold_wrapper.log_eval_metrics] Accuracy(layer_3 - estimator_3 - 12_folds.train_3.predict)=39.73%
[ 2020-05-27 07:28:02,238][kfold_wrapper.log_eval_metrics] Accuracy(layer_3 - estimator_3 - 12_folds.train_4.predict)=42.47%
[ 2020-05-27 07:28:02,292][kfold_wrapper.log_eval_metrics] Accuracy(layer_3 - estimator_3 - 12_folds.train_5.predict)=36.99%
[ 2020-05-27 07:28:02,344][kfold_wrapper.log_eval_metrics] Accuracy(layer_3 - estimator_3 - 12_folds.train_6.predict)=41.10%
[ 2020-05-27 07:28:02,396][kfold_wrapper.log_eval_metrics] Accuracy(layer_3 - estimator_3 - 12_folds.train_7.predict)=44.52%
[ 2020-05-27 07:28:02,451][kfold_wrapper.log_eval_metrics] Accuracy(layer_3 - estimator_3 - 12_folds.train_8.predict)=43.15%
[ 2020-05-27 07:28:02,504][kfold_wrapper.log_eval_metrics] Accuracy(layer_3 - estimator_3 - 12_folds.train_9.predict)=33.79%
[ 2020-05-27 07:28:02,557][kfold_wrapper.log_eval_metrics] Accuracy(layer_3 - estimator_3 - 12_folds.train_10.predict)=41.38%
[ 2020-05-27 07:28:02,603][kfold_wrapper.log_eval_metrics] Accuracy(layer_3 - estimator_3 - 12_folds.train_11.predict)=40.00%
[ 2020-05-27 07:28:02,604][kfold_wrapper.log_eval_metrics] Accuracy(layer_3 - estimator_3 - 12_folds.train_cv.predict)=40.19%
[ 2020-05-27 07:28:02,605][kfold_wrapper.log_eval_metrics] Accuracy(layer_3 - estimator_3 - 12_folds.test.predict)=25.13%
[ 2020-05-27 07:28:02,606][cascade_classifier.calc_accuracy] Accuracy(layer_3 - train.classifier_average)=40.02%
[ 2020-05-27 07:28:02,606][cascade_classifier.calc_accuracy] Accuracy(layer_3 - test.classifier_average)=27.18%
[ 2020-05-27 07:28:02,607][cascade_classifier.fit_transform] [layer=4] look_indexs=[0], X_cur_train.shape=(1749, 17), X_cur_test.shape=(195, 17)
[ 2020-05-27 07:28:02,639][kfold_wrapper.log_eval_metrics] Accuracy(layer_4 - estimator_0 - 5_folds.train_0.predict)=38.86%
[ 2020-05-27 07:28:02,669][kfold_wrapper.log_eval_metrics] Accuracy(layer_4 - estimator_0 - 5_folds.train_1.predict)=39.43%
[ 2020-05-27 07:28:02,701][kfold_wrapper.log_eval_metrics] Accuracy(layer_4 - estimator_0 - 5_folds.train_2.predict)=35.14%
[ 2020-05-27 07:28:02,733][kfold_wrapper.log_eval_metrics] Accuracy(layer_4 - estimator_0 - 5_folds.train_3.predict)=36.00%
[ 2020-05-27 07:28:02,762][kfold_wrapper.log_eval_metrics] Accuracy(layer_4 - estimator_0 - 5_folds.train_4.predict)=39.26%
[ 2020-05-27 07:28:02,765][kfold_wrapper.log_eval_metrics] Accuracy(layer_4 - estimator_0 - 5_folds.train_cv.predict)=37.74%
[ 2020-05-27 07:28:02,766][kfold_wrapper.log_eval_metrics] Accuracy(layer_4 - estimator_0 - 5_folds.test.predict)=26.67%
[ 2020-05-27 07:28:02,987][kfold_wrapper.log_eval_metrics] Accuracy(layer_4 - estimator_1 - 12_folds.train_0.predict)=38.36%
[ 2020-05-27 07:28:03,338][kfold_wrapper.log_eval_metrics] Accuracy(layer_4 - estimator_1 - 12_folds.train_1.predict)=32.88%
[ 2020-05-27 07:28:03,677][kfold_wrapper.log_eval_metrics] Accuracy(layer_4 - estimator_1 - 12_folds.train_2.predict)=37.67%
[ 2020-05-27 07:28:04,030][kfold_wrapper.log_eval_metrics] Accuracy(layer_4 - estimator_1 - 12_folds.train_3.predict)=28.08%
[ 2020-05-27 07:28:04,367][kfold_wrapper.log_eval_metrics] Accuracy(layer_4 - estimator_1 - 12_folds.train_4.predict)=33.56%
[ 2020-05-27 07:28:04,717][kfold_wrapper.log_eval_metrics] Accuracy(layer_4 - estimator_1 - 12_folds.train_5.predict)=35.62%
[ 2020-05-27 07:28:05,071][kfold_wrapper.log_eval_metrics] Accuracy(layer_4 - estimator_1 - 12_folds.train_6.predict)=29.45%
[ 2020-05-27 07:28:05,426][kfold_wrapper.log_eval_metrics] Accuracy(layer_4 - estimator_1 - 12_folds.train_7.predict)=36.99%
[ 2020-05-27 07:28:05,767][kfold_wrapper.log_eval_metrics] Accuracy(layer_4 - estimator_1 - 12_folds.train_8.predict)=30.14%
[ 2020-05-27 07:28:06,105][kfold_wrapper.log_eval_metrics] Accuracy(layer_4 - estimator_1 - 12_folds.train_9.predict)=33.79%
[ 2020-05-27 07:28:06,452][kfold_wrapper.log_eval_metrics] Accuracy(layer_4 - estimator_1 - 12_folds.train_10.predict)=35.86%
[ 2020-05-27 07:28:06,809][kfold_wrapper.log_eval_metrics] Accuracy(layer_4 - estimator_1 - 12_folds.train_11.predict)=35.17%
[ 2020-05-27 07:28:06,925][kfold_wrapper.log_eval_metrics] Accuracy(layer_4 - estimator_1 - 12_folds.train_cv.predict)=33.96%
[ 2020-05-27 07:28:06,928][kfold_wrapper.log_eval_metrics] Accuracy(layer_4 - estimator_1 - 12_folds.test.predict)=27.18%
[ 2020-05-27 07:28:07,171][kfold_wrapper.log_eval_metrics] Accuracy(layer_4 - estimator_2 - 12_folds.train_0.predict)=29.45%
[ 2020-05-27 07:28:07,512][kfold_wrapper.log_eval_metrics] Accuracy(layer_4 - estimator_2 - 12_folds.train_1.predict)=39.04%
[ 2020-05-27 07:28:07,864][kfold_wrapper.log_eval_metrics] Accuracy(layer_4 - estimator_2 - 12_folds.train_2.predict)=34.25%
[ 2020-05-27 07:28:08,218][kfold_wrapper.log_eval_metrics] Accuracy(layer_4 - estimator_2 - 12_folds.train_3.predict)=35.62%
[ 2020-05-27 07:28:08,571][kfold_wrapper.log_eval_metrics] Accuracy(layer_4 - estimator_2 - 12_folds.train_4.predict)=36.99%
[ 2020-05-27 07:28:08,921][kfold_wrapper.log_eval_metrics] Accuracy(layer_4 - estimator_2 - 12_folds.train_5.predict)=39.73%
[ 2020-05-27 07:28:09,268][kfold_wrapper.log_eval_metrics] Accuracy(layer_4 - estimator_2 - 12_folds.train_6.predict)=37.67%
[ 2020-05-27 07:28:09,618][kfold_wrapper.log_eval_metrics] Accuracy(layer_4 - estimator_2 - 12_folds.train_7.predict)=40.41%
[ 2020-05-27 07:28:09,960][kfold_wrapper.log_eval_metrics] Accuracy(layer_4 - estimator_2 - 12_folds.train_8.predict)=35.62%
[ 2020-05-27 07:28:10,318][kfold_wrapper.log_eval_metrics] Accuracy(layer_4 - estimator_2 - 12_folds.train_9.predict)=29.66%
[ 2020-05-27 07:28:10,677][kfold_wrapper.log_eval_metrics] Accuracy(layer_4 - estimator_2 - 12_folds.train_10.predict)=37.93%
[ 2020-05-27 07:28:11,029][kfold_wrapper.log_eval_metrics] Accuracy(layer_4 - estimator_2 - 12_folds.train_11.predict)=30.34%
[ 2020-05-27 07:28:11,147][kfold_wrapper.log_eval_metrics] Accuracy(layer_4 - estimator_2 - 12_folds.train_cv.predict)=35.56%
[ 2020-05-27 07:28:11,150][kfold_wrapper.log_eval_metrics] Accuracy(layer_4 - estimator_2 - 12_folds.test.predict)=25.13%
[ 2020-05-27 07:28:11,240][kfold_wrapper.log_eval_metrics] Accuracy(layer_4 - estimator_3 - 12_folds.train_0.predict)=34.93%
[ 2020-05-27 07:28:11,293][kfold_wrapper.log_eval_metrics] Accuracy(layer_4 - estimator_3 - 12_folds.train_1.predict)=35.62%
[ 2020-05-27 07:28:11,346][kfold_wrapper.log_eval_metrics] Accuracy(layer_4 - estimator_3 - 12_folds.train_2.predict)=45.21%
[ 2020-05-27 07:28:11,400][kfold_wrapper.log_eval_metrics] Accuracy(layer_4 - estimator_3 - 12_folds.train_3.predict)=43.84%
[ 2020-05-27 07:28:11,455][kfold_wrapper.log_eval_metrics] Accuracy(layer_4 - estimator_3 - 12_folds.train_4.predict)=40.41%
[ 2020-05-27 07:28:11,510][kfold_wrapper.log_eval_metrics] Accuracy(layer_4 - estimator_3 - 12_folds.train_5.predict)=48.63%
[ 2020-05-27 07:28:11,564][kfold_wrapper.log_eval_metrics] Accuracy(layer_4 - estimator_3 - 12_folds.train_6.predict)=48.63%
[ 2020-05-27 07:28:11,620][kfold_wrapper.log_eval_metrics] Accuracy(layer_4 - estimator_3 - 12_folds.train_7.predict)=40.41%
[ 2020-05-27 07:28:11,674][kfold_wrapper.log_eval_metrics] Accuracy(layer_4 - estimator_3 - 12_folds.train_8.predict)=37.67%
[ 2020-05-27 07:28:11,731][kfold_wrapper.log_eval_metrics] Accuracy(layer_4 - estimator_3 - 12_folds.train_9.predict)=35.86%
[ 2020-05-27 07:28:11,786][kfold_wrapper.log_eval_metrics] Accuracy(layer_4 - estimator_3 - 12_folds.train_10.predict)=39.31%
[ 2020-05-27 07:28:11,838][kfold_wrapper.log_eval_metrics] Accuracy(layer_4 - estimator_3 - 12_folds.train_11.predict)=46.21%
[ 2020-05-27 07:28:11,839][kfold_wrapper.log_eval_metrics] Accuracy(layer_4 - estimator_3 - 12_folds.train_cv.predict)=41.40%
[ 2020-05-27 07:28:11,839][kfold_wrapper.log_eval_metrics] Accuracy(layer_4 - estimator_3 - 12_folds.test.predict)=25.64%
[ 2020-05-27 07:28:11,841][cascade_classifier.calc_accuracy] Accuracy(layer_4 - train.classifier_average)=37.39%
[ 2020-05-27 07:28:11,842][cascade_classifier.calc_accuracy] Accuracy(layer_4 - test.classifier_average)=26.67%
[ 2020-05-27 07:28:11,842][cascade_classifier.fit_transform] [layer=5] look_indexs=[0], X_cur_train.shape=(1749, 17), X_cur_test.shape=(195, 17)
[ 2020-05-27 07:28:11,873][kfold_wrapper.log_eval_metrics] Accuracy(layer_5 - estimator_0 - 5_folds.train_0.predict)=38.00%
[ 2020-05-27 07:28:11,905][kfold_wrapper.log_eval_metrics] Accuracy(layer_5 - estimator_0 - 5_folds.train_1.predict)=41.14%
[ 2020-05-27 07:28:11,936][kfold_wrapper.log_eval_metrics] Accuracy(layer_5 - estimator_0 - 5_folds.train_2.predict)=37.71%
[ 2020-05-27 07:28:11,968][kfold_wrapper.log_eval_metrics] Accuracy(layer_5 - estimator_0 - 5_folds.train_3.predict)=39.71%
[ 2020-05-27 07:28:11,999][kfold_wrapper.log_eval_metrics] Accuracy(layer_5 - estimator_0 - 5_folds.train_4.predict)=38.68%
[ 2020-05-27 07:28:12,002][kfold_wrapper.log_eval_metrics] Accuracy(layer_5 - estimator_0 - 5_folds.train_cv.predict)=39.05%
[ 2020-05-27 07:28:12,003][kfold_wrapper.log_eval_metrics] Accuracy(layer_5 - estimator_0 - 5_folds.test.predict)=27.18%
[ 2020-05-27 07:28:12,221][kfold_wrapper.log_eval_metrics] Accuracy(layer_5 - estimator_1 - 12_folds.train_0.predict)=43.84%
[ 2020-05-27 07:28:12,573][kfold_wrapper.log_eval_metrics] Accuracy(layer_5 - estimator_1 - 12_folds.train_1.predict)=35.62%
[ 2020-05-27 07:28:12,925][kfold_wrapper.log_eval_metrics] Accuracy(layer_5 - estimator_1 - 12_folds.train_2.predict)=40.41%
[ 2020-05-27 07:28:13,273][kfold_wrapper.log_eval_metrics] Accuracy(layer_5 - estimator_1 - 12_folds.train_3.predict)=39.73%
[ 2020-05-27 07:28:13,611][kfold_wrapper.log_eval_metrics] Accuracy(layer_5 - estimator_1 - 12_folds.train_4.predict)=36.99%
[ 2020-05-27 07:28:13,962][kfold_wrapper.log_eval_metrics] Accuracy(layer_5 - estimator_1 - 12_folds.train_5.predict)=38.36%
[ 2020-05-27 07:28:14,299][kfold_wrapper.log_eval_metrics] Accuracy(layer_5 - estimator_1 - 12_folds.train_6.predict)=36.99%
[ 2020-05-27 07:28:14,649][kfold_wrapper.log_eval_metrics] Accuracy(layer_5 - estimator_1 - 12_folds.train_7.predict)=40.41%
[ 2020-05-27 07:28:14,994][kfold_wrapper.log_eval_metrics] Accuracy(layer_5 - estimator_1 - 12_folds.train_8.predict)=41.10%
[ 2020-05-27 07:28:15,343][kfold_wrapper.log_eval_metrics] Accuracy(layer_5 - estimator_1 - 12_folds.train_9.predict)=37.24%
[ 2020-05-27 07:28:15,696][kfold_wrapper.log_eval_metrics] Accuracy(layer_5 - estimator_1 - 12_folds.train_10.predict)=35.17%
[ 2020-05-27 07:28:16,036][kfold_wrapper.log_eval_metrics] Accuracy(layer_5 - estimator_1 - 12_folds.train_11.predict)=33.79%
[ 2020-05-27 07:28:16,149][kfold_wrapper.log_eval_metrics] Accuracy(layer_5 - estimator_1 - 12_folds.train_cv.predict)=38.31%
[ 2020-05-27 07:28:16,151][kfold_wrapper.log_eval_metrics] Accuracy(layer_5 - estimator_1 - 12_folds.test.predict)=24.62%
[ 2020-05-27 07:28:16,380][kfold_wrapper.log_eval_metrics] Accuracy(layer_5 - estimator_2 - 12_folds.train_0.predict)=33.56%
[ 2020-05-27 07:28:16,734][kfold_wrapper.log_eval_metrics] Accuracy(layer_5 - estimator_2 - 12_folds.train_1.predict)=39.04%
[ 2020-05-27 07:28:17,088][kfold_wrapper.log_eval_metrics] Accuracy(layer_5 - estimator_2 - 12_folds.train_2.predict)=35.62%
[ 2020-05-27 07:28:17,444][kfold_wrapper.log_eval_metrics] Accuracy(layer_5 - estimator_2 - 12_folds.train_3.predict)=39.73%
[ 2020-05-27 07:28:17,802][kfold_wrapper.log_eval_metrics] Accuracy(layer_5 - estimator_2 - 12_folds.train_4.predict)=30.14%
[ 2020-05-27 07:28:18,160][kfold_wrapper.log_eval_metrics] Accuracy(layer_5 - estimator_2 - 12_folds.train_5.predict)=34.93%
[ 2020-05-27 07:28:18,503][kfold_wrapper.log_eval_metrics] Accuracy(layer_5 - estimator_2 - 12_folds.train_6.predict)=34.25%
[ 2020-05-27 07:28:18,841][kfold_wrapper.log_eval_metrics] Accuracy(layer_5 - estimator_2 - 12_folds.train_7.predict)=38.36%
[ 2020-05-27 07:28:19,187][kfold_wrapper.log_eval_metrics] Accuracy(layer_5 - estimator_2 - 12_folds.train_8.predict)=32.19%
[ 2020-05-27 07:28:19,528][kfold_wrapper.log_eval_metrics] Accuracy(layer_5 - estimator_2 - 12_folds.train_9.predict)=39.31%
[ 2020-05-27 07:28:19,871][kfold_wrapper.log_eval_metrics] Accuracy(layer_5 - estimator_2 - 12_folds.train_10.predict)=38.62%
[ 2020-05-27 07:28:20,230][kfold_wrapper.log_eval_metrics] Accuracy(layer_5 - estimator_2 - 12_folds.train_11.predict)=41.38%
[ 2020-05-27 07:28:20,341][kfold_wrapper.log_eval_metrics] Accuracy(layer_5 - estimator_2 - 12_folds.train_cv.predict)=36.42%
[ 2020-05-27 07:28:20,343][kfold_wrapper.log_eval_metrics] Accuracy(layer_5 - estimator_2 - 12_folds.test.predict)=29.74%
[ 2020-05-27 07:28:20,423][kfold_wrapper.log_eval_metrics] Accuracy(layer_5 - estimator_3 - 12_folds.train_0.predict)=40.41%
[ 2020-05-27 07:28:20,478][kfold_wrapper.log_eval_metrics] Accuracy(layer_5 - estimator_3 - 12_folds.train_1.predict)=40.41%
[ 2020-05-27 07:28:20,527][kfold_wrapper.log_eval_metrics] Accuracy(layer_5 - estimator_3 - 12_folds.train_2.predict)=37.67%
[ 2020-05-27 07:28:20,581][kfold_wrapper.log_eval_metrics] Accuracy(layer_5 - estimator_3 - 12_folds.train_3.predict)=41.10%
[ 2020-05-27 07:28:20,632][kfold_wrapper.log_eval_metrics] Accuracy(layer_5 - estimator_3 - 12_folds.train_4.predict)=45.21%
[ 2020-05-27 07:28:20,689][kfold_wrapper.log_eval_metrics] Accuracy(layer_5 - estimator_3 - 12_folds.train_5.predict)=37.67%
[ 2020-05-27 07:28:20,744][kfold_wrapper.log_eval_metrics] Accuracy(layer_5 - estimator_3 - 12_folds.train_6.predict)=38.36%
[ 2020-05-27 07:28:20,800][kfold_wrapper.log_eval_metrics] Accuracy(layer_5 - estimator_3 - 12_folds.train_7.predict)=43.15%
[ 2020-05-27 07:28:20,857][kfold_wrapper.log_eval_metrics] Accuracy(layer_5 - estimator_3 - 12_folds.train_8.predict)=39.73%
[ 2020-05-27 07:28:20,913][kfold_wrapper.log_eval_metrics] Accuracy(layer_5 - estimator_3 - 12_folds.train_9.predict)=42.07%
[ 2020-05-27 07:28:20,968][kfold_wrapper.log_eval_metrics] Accuracy(layer_5 - estimator_3 - 12_folds.train_10.predict)=35.17%
[ 2020-05-27 07:28:21,021][kfold_wrapper.log_eval_metrics] Accuracy(layer_5 - estimator_3 - 12_folds.train_11.predict)=38.62%
[ 2020-05-27 07:28:21,022][kfold_wrapper.log_eval_metrics] Accuracy(layer_5 - estimator_3 - 12_folds.train_cv.predict)=39.97%
[ 2020-05-27 07:28:21,023][kfold_wrapper.log_eval_metrics] Accuracy(layer_5 - estimator_3 - 12_folds.test.predict)=24.62%
[ 2020-05-27 07:28:21,024][cascade_classifier.calc_accuracy] Accuracy(layer_5 - train.classifier_average)=39.97%
[ 2020-05-27 07:28:21,025][cascade_classifier.calc_accuracy] Accuracy(layer_5 - test.classifier_average)=25.64%
[ 2020-05-27 07:28:21,026][cascade_classifier.fit_transform] [layer=6] look_indexs=[0], X_cur_train.shape=(1749, 17), X_cur_test.shape=(195, 17)
[ 2020-05-27 07:28:21,057][kfold_wrapper.log_eval_metrics] Accuracy(layer_6 - estimator_0 - 5_folds.train_0.predict)=32.29%
[ 2020-05-27 07:28:21,089][kfold_wrapper.log_eval_metrics] Accuracy(layer_6 - estimator_0 - 5_folds.train_1.predict)=35.43%
[ 2020-05-27 07:28:21,120][kfold_wrapper.log_eval_metrics] Accuracy(layer_6 - estimator_0 - 5_folds.train_2.predict)=32.86%
[ 2020-05-27 07:28:21,150][kfold_wrapper.log_eval_metrics] Accuracy(layer_6 - estimator_0 - 5_folds.train_3.predict)=38.86%
[ 2020-05-27 07:28:21,182][kfold_wrapper.log_eval_metrics] Accuracy(layer_6 - estimator_0 - 5_folds.train_4.predict)=36.68%
[ 2020-05-27 07:28:21,184][kfold_wrapper.log_eval_metrics] Accuracy(layer_6 - estimator_0 - 5_folds.train_cv.predict)=35.22%
[ 2020-05-27 07:28:21,186][kfold_wrapper.log_eval_metrics] Accuracy(layer_6 - estimator_0 - 5_folds.test.predict)=23.08%
[ 2020-05-27 07:28:21,404][kfold_wrapper.log_eval_metrics] Accuracy(layer_6 - estimator_1 - 12_folds.train_0.predict)=32.19%
[ 2020-05-27 07:28:21,755][kfold_wrapper.log_eval_metrics] Accuracy(layer_6 - estimator_1 - 12_folds.train_1.predict)=33.56%
[ 2020-05-27 07:28:22,096][kfold_wrapper.log_eval_metrics] Accuracy(layer_6 - estimator_1 - 12_folds.train_2.predict)=31.51%
[ 2020-05-27 07:28:22,446][kfold_wrapper.log_eval_metrics] Accuracy(layer_6 - estimator_1 - 12_folds.train_3.predict)=35.62%
[ 2020-05-27 07:28:22,805][kfold_wrapper.log_eval_metrics] Accuracy(layer_6 - estimator_1 - 12_folds.train_4.predict)=33.56%
[ 2020-05-27 07:28:23,163][kfold_wrapper.log_eval_metrics] Accuracy(layer_6 - estimator_1 - 12_folds.train_5.predict)=32.19%
[ 2020-05-27 07:28:23,501][kfold_wrapper.log_eval_metrics] Accuracy(layer_6 - estimator_1 - 12_folds.train_6.predict)=36.99%
[ 2020-05-27 07:28:23,858][kfold_wrapper.log_eval_metrics] Accuracy(layer_6 - estimator_1 - 12_folds.train_7.predict)=38.36%
[ 2020-05-27 07:28:24,198][kfold_wrapper.log_eval_metrics] Accuracy(layer_6 - estimator_1 - 12_folds.train_8.predict)=34.93%
[ 2020-05-27 07:28:24,550][kfold_wrapper.log_eval_metrics] Accuracy(layer_6 - estimator_1 - 12_folds.train_9.predict)=36.55%
[ 2020-05-27 07:28:24,903][kfold_wrapper.log_eval_metrics] Accuracy(layer_6 - estimator_1 - 12_folds.train_10.predict)=32.41%
[ 2020-05-27 07:28:25,249][kfold_wrapper.log_eval_metrics] Accuracy(layer_6 - estimator_1 - 12_folds.train_11.predict)=35.86%
[ 2020-05-27 07:28:25,367][kfold_wrapper.log_eval_metrics] Accuracy(layer_6 - estimator_1 - 12_folds.train_cv.predict)=34.48%
[ 2020-05-27 07:28:25,370][kfold_wrapper.log_eval_metrics] Accuracy(layer_6 - estimator_1 - 12_folds.test.predict)=27.18%
[ 2020-05-27 07:28:25,614][kfold_wrapper.log_eval_metrics] Accuracy(layer_6 - estimator_2 - 12_folds.train_0.predict)=39.73%
[ 2020-05-27 07:28:25,955][kfold_wrapper.log_eval_metrics] Accuracy(layer_6 - estimator_2 - 12_folds.train_1.predict)=36.30%
[ 2020-05-27 07:28:26,297][kfold_wrapper.log_eval_metrics] Accuracy(layer_6 - estimator_2 - 12_folds.train_2.predict)=36.30%
[ 2020-05-27 07:28:26,653][kfold_wrapper.log_eval_metrics] Accuracy(layer_6 - estimator_2 - 12_folds.train_3.predict)=41.78%
[ 2020-05-27 07:28:27,012][kfold_wrapper.log_eval_metrics] Accuracy(layer_6 - estimator_2 - 12_folds.train_4.predict)=36.99%
[ 2020-05-27 07:28:27,348][kfold_wrapper.log_eval_metrics] Accuracy(layer_6 - estimator_2 - 12_folds.train_5.predict)=29.45%
[ 2020-05-27 07:28:27,695][kfold_wrapper.log_eval_metrics] Accuracy(layer_6 - estimator_2 - 12_folds.train_6.predict)=34.25%
[ 2020-05-27 07:28:28,054][kfold_wrapper.log_eval_metrics] Accuracy(layer_6 - estimator_2 - 12_folds.train_7.predict)=40.41%
[ 2020-05-27 07:28:28,397][kfold_wrapper.log_eval_metrics] Accuracy(layer_6 - estimator_2 - 12_folds.train_8.predict)=36.99%
[ 2020-05-27 07:28:28,753][kfold_wrapper.log_eval_metrics] Accuracy(layer_6 - estimator_2 - 12_folds.train_9.predict)=34.48%
[ 2020-05-27 07:28:29,107][kfold_wrapper.log_eval_metrics] Accuracy(layer_6 - estimator_2 - 12_folds.train_10.predict)=37.93%
[ 2020-05-27 07:28:29,466][kfold_wrapper.log_eval_metrics] Accuracy(layer_6 - estimator_2 - 12_folds.train_11.predict)=39.31%
[ 2020-05-27 07:28:29,578][kfold_wrapper.log_eval_metrics] Accuracy(layer_6 - estimator_2 - 12_folds.train_cv.predict)=36.99%
[ 2020-05-27 07:28:29,580][kfold_wrapper.log_eval_metrics] Accuracy(layer_6 - estimator_2 - 12_folds.test.predict)=32.31%
[ 2020-05-27 07:28:29,668][kfold_wrapper.log_eval_metrics] Accuracy(layer_6 - estimator_3 - 12_folds.train_0.predict)=43.15%
[ 2020-05-27 07:28:29,723][kfold_wrapper.log_eval_metrics] Accuracy(layer_6 - estimator_3 - 12_folds.train_1.predict)=33.56%
[ 2020-05-27 07:28:29,782][kfold_wrapper.log_eval_metrics] Accuracy(layer_6 - estimator_3 - 12_folds.train_2.predict)=42.47%
[ 2020-05-27 07:28:29,835][kfold_wrapper.log_eval_metrics] Accuracy(layer_6 - estimator_3 - 12_folds.train_3.predict)=40.41%
[ 2020-05-27 07:28:29,890][kfold_wrapper.log_eval_metrics] Accuracy(layer_6 - estimator_3 - 12_folds.train_4.predict)=39.04%
[ 2020-05-27 07:28:29,949][kfold_wrapper.log_eval_metrics] Accuracy(layer_6 - estimator_3 - 12_folds.train_5.predict)=41.78%
[ 2020-05-27 07:28:30,006][kfold_wrapper.log_eval_metrics] Accuracy(layer_6 - estimator_3 - 12_folds.train_6.predict)=45.21%
[ 2020-05-27 07:28:30,062][kfold_wrapper.log_eval_metrics] Accuracy(layer_6 - estimator_3 - 12_folds.train_7.predict)=41.10%
[ 2020-05-27 07:28:30,118][kfold_wrapper.log_eval_metrics] Accuracy(layer_6 - estimator_3 - 12_folds.train_8.predict)=37.67%
[ 2020-05-27 07:28:30,175][kfold_wrapper.log_eval_metrics] Accuracy(layer_6 - estimator_3 - 12_folds.train_9.predict)=40.69%
[ 2020-05-27 07:28:30,230][kfold_wrapper.log_eval_metrics] Accuracy(layer_6 - estimator_3 - 12_folds.train_10.predict)=35.86%
[ 2020-05-27 07:28:30,285][kfold_wrapper.log_eval_metrics] Accuracy(layer_6 - estimator_3 - 12_folds.train_11.predict)=39.31%
[ 2020-05-27 07:28:30,286][kfold_wrapper.log_eval_metrics] Accuracy(layer_6 - estimator_3 - 12_folds.train_cv.predict)=40.02%
[ 2020-05-27 07:28:30,286][kfold_wrapper.log_eval_metrics] Accuracy(layer_6 - estimator_3 - 12_folds.test.predict)=25.13%
[ 2020-05-27 07:28:30,287][cascade_classifier.calc_accuracy] Accuracy(layer_6 - train.classifier_average)=37.39%
[ 2020-05-27 07:28:30,288][cascade_classifier.calc_accuracy] Accuracy(layer_6 - test.classifier_average)=28.72%
[ 2020-05-27 07:28:30,289][cascade_classifier.fit_transform] [layer=7] look_indexs=[0], X_cur_train.shape=(1749, 17), X_cur_test.shape=(195, 17)
[ 2020-05-27 07:28:30,320][kfold_wrapper.log_eval_metrics] Accuracy(layer_7 - estimator_0 - 5_folds.train_0.predict)=35.43%
[ 2020-05-27 07:28:30,352][kfold_wrapper.log_eval_metrics] Accuracy(layer_7 - estimator_0 - 5_folds.train_1.predict)=34.86%
[ 2020-05-27 07:28:30,384][kfold_wrapper.log_eval_metrics] Accuracy(layer_7 - estimator_0 - 5_folds.train_2.predict)=35.14%
[ 2020-05-27 07:28:30,416][kfold_wrapper.log_eval_metrics] Accuracy(layer_7 - estimator_0 - 5_folds.train_3.predict)=36.86%
[ 2020-05-27 07:28:30,448][kfold_wrapper.log_eval_metrics] Accuracy(layer_7 - estimator_0 - 5_folds.train_4.predict)=38.97%
[ 2020-05-27 07:28:30,451][kfold_wrapper.log_eval_metrics] Accuracy(layer_7 - estimator_0 - 5_folds.train_cv.predict)=36.25%
[ 2020-05-27 07:28:30,452][kfold_wrapper.log_eval_metrics] Accuracy(layer_7 - estimator_0 - 5_folds.test.predict)=24.10%
[ 2020-05-27 07:28:30,671][kfold_wrapper.log_eval_metrics] Accuracy(layer_7 - estimator_1 - 12_folds.train_0.predict)=36.99%
[ 2020-05-27 07:28:31,021][kfold_wrapper.log_eval_metrics] Accuracy(layer_7 - estimator_1 - 12_folds.train_1.predict)=40.41%
[ 2020-05-27 07:28:31,381][kfold_wrapper.log_eval_metrics] Accuracy(layer_7 - estimator_1 - 12_folds.train_2.predict)=34.25%
[ 2020-05-27 07:28:31,740][kfold_wrapper.log_eval_metrics] Accuracy(layer_7 - estimator_1 - 12_folds.train_3.predict)=39.04%
[ 2020-05-27 07:28:32,094][kfold_wrapper.log_eval_metrics] Accuracy(layer_7 - estimator_1 - 12_folds.train_4.predict)=30.82%
[ 2020-05-27 07:28:32,445][kfold_wrapper.log_eval_metrics] Accuracy(layer_7 - estimator_1 - 12_folds.train_5.predict)=38.36%
[ 2020-05-27 07:28:32,794][kfold_wrapper.log_eval_metrics] Accuracy(layer_7 - estimator_1 - 12_folds.train_6.predict)=33.56%
[ 2020-05-27 07:28:33,153][kfold_wrapper.log_eval_metrics] Accuracy(layer_7 - estimator_1 - 12_folds.train_7.predict)=35.62%
[ 2020-05-27 07:28:33,512][kfold_wrapper.log_eval_metrics] Accuracy(layer_7 - estimator_1 - 12_folds.train_8.predict)=34.93%
[ 2020-05-27 07:28:33,869][kfold_wrapper.log_eval_metrics] Accuracy(layer_7 - estimator_1 - 12_folds.train_9.predict)=30.34%
[ 2020-05-27 07:28:34,220][kfold_wrapper.log_eval_metrics] Accuracy(layer_7 - estimator_1 - 12_folds.train_10.predict)=35.17%
[ 2020-05-27 07:28:34,570][kfold_wrapper.log_eval_metrics] Accuracy(layer_7 - estimator_1 - 12_folds.train_11.predict)=40.69%
[ 2020-05-27 07:28:34,687][kfold_wrapper.log_eval_metrics] Accuracy(layer_7 - estimator_1 - 12_folds.train_cv.predict)=35.85%
[ 2020-05-27 07:28:34,690][kfold_wrapper.log_eval_metrics] Accuracy(layer_7 - estimator_1 - 12_folds.test.predict)=31.28%
[ 2020-05-27 07:28:34,931][kfold_wrapper.log_eval_metrics] Accuracy(layer_7 - estimator_2 - 12_folds.train_0.predict)=37.67%
[ 2020-05-27 07:28:35,289][kfold_wrapper.log_eval_metrics] Accuracy(layer_7 - estimator_2 - 12_folds.train_1.predict)=31.51%
[ 2020-05-27 07:28:35,640][kfold_wrapper.log_eval_metrics] Accuracy(layer_7 - estimator_2 - 12_folds.train_2.predict)=38.36%
[ 2020-05-27 07:28:35,994][kfold_wrapper.log_eval_metrics] Accuracy(layer_7 - estimator_2 - 12_folds.train_3.predict)=28.77%
[ 2020-05-27 07:28:36,348][kfold_wrapper.log_eval_metrics] Accuracy(layer_7 - estimator_2 - 12_folds.train_4.predict)=34.25%
[ 2020-05-27 07:28:36,702][kfold_wrapper.log_eval_metrics] Accuracy(layer_7 - estimator_2 - 12_folds.train_5.predict)=35.62%
[ 2020-05-27 07:28:37,055][kfold_wrapper.log_eval_metrics] Accuracy(layer_7 - estimator_2 - 12_folds.train_6.predict)=30.82%
[ 2020-05-27 07:28:37,401][kfold_wrapper.log_eval_metrics] Accuracy(layer_7 - estimator_2 - 12_folds.train_7.predict)=36.99%
[ 2020-05-27 07:28:37,755][kfold_wrapper.log_eval_metrics] Accuracy(layer_7 - estimator_2 - 12_folds.train_8.predict)=30.82%
[ 2020-05-27 07:28:38,084][kfold_wrapper.log_eval_metrics] Accuracy(layer_7 - estimator_2 - 12_folds.train_9.predict)=35.86%
[ 2020-05-27 07:28:38,430][kfold_wrapper.log_eval_metrics] Accuracy(layer_7 - estimator_2 - 12_folds.train_10.predict)=33.10%
[ 2020-05-27 07:28:38,791][kfold_wrapper.log_eval_metrics] Accuracy(layer_7 - estimator_2 - 12_folds.train_11.predict)=42.76%
[ 2020-05-27 07:28:38,908][kfold_wrapper.log_eval_metrics] Accuracy(layer_7 - estimator_2 - 12_folds.train_cv.predict)=34.71%
[ 2020-05-27 07:28:38,911][kfold_wrapper.log_eval_metrics] Accuracy(layer_7 - estimator_2 - 12_folds.test.predict)=26.15%
[ 2020-05-27 07:28:39,014][kfold_wrapper.log_eval_metrics] Accuracy(layer_7 - estimator_3 - 12_folds.train_0.predict)=41.10%
[ 2020-05-27 07:28:39,070][kfold_wrapper.log_eval_metrics] Accuracy(layer_7 - estimator_3 - 12_folds.train_1.predict)=33.56%
[ 2020-05-27 07:28:39,127][kfold_wrapper.log_eval_metrics] Accuracy(layer_7 - estimator_3 - 12_folds.train_2.predict)=29.45%
[ 2020-05-27 07:28:39,184][kfold_wrapper.log_eval_metrics] Accuracy(layer_7 - estimator_3 - 12_folds.train_3.predict)=33.56%
[ 2020-05-27 07:28:39,242][kfold_wrapper.log_eval_metrics] Accuracy(layer_7 - estimator_3 - 12_folds.train_4.predict)=35.62%
[ 2020-05-27 07:28:39,298][kfold_wrapper.log_eval_metrics] Accuracy(layer_7 - estimator_3 - 12_folds.train_5.predict)=42.47%
[ 2020-05-27 07:28:39,355][kfold_wrapper.log_eval_metrics] Accuracy(layer_7 - estimator_3 - 12_folds.train_6.predict)=36.30%
[ 2020-05-27 07:28:39,412][kfold_wrapper.log_eval_metrics] Accuracy(layer_7 - estimator_3 - 12_folds.train_7.predict)=38.36%
[ 2020-05-27 07:28:39,467][kfold_wrapper.log_eval_metrics] Accuracy(layer_7 - estimator_3 - 12_folds.train_8.predict)=42.47%
[ 2020-05-27 07:28:39,523][kfold_wrapper.log_eval_metrics] Accuracy(layer_7 - estimator_3 - 12_folds.train_9.predict)=37.93%
[ 2020-05-27 07:28:39,580][kfold_wrapper.log_eval_metrics] Accuracy(layer_7 - estimator_3 - 12_folds.train_10.predict)=40.69%
[ 2020-05-27 07:28:39,638][kfold_wrapper.log_eval_metrics] Accuracy(layer_7 - estimator_3 - 12_folds.train_11.predict)=39.31%
[ 2020-05-27 07:28:39,639][kfold_wrapper.log_eval_metrics] Accuracy(layer_7 - estimator_3 - 12_folds.train_cv.predict)=37.56%
[ 2020-05-27 07:28:39,640][kfold_wrapper.log_eval_metrics] Accuracy(layer_7 - estimator_3 - 12_folds.test.predict)=25.13%
[ 2020-05-27 07:28:39,640][cascade_classifier.calc_accuracy] Accuracy(layer_7 - train.classifier_average)=36.76%
[ 2020-05-27 07:28:39,641][cascade_classifier.calc_accuracy] Accuracy(layer_7 - test.classifier_average)=27.18%
[ 2020-05-27 07:28:39,642][cascade_classifier.fit_transform] [Result][Optimal Level Detected] opt_layer_num=4, accuracy_train=40.02%, accuracy_test=27.18%
[ 2020-05-27 07:28:39,671][cascade_classifier.transform] X_groups_test.shape=[(238, 5)]
[ 2020-05-27 07:28:39,671][cascade_classifier.transform] group_dims=[5]
[ 2020-05-27 07:28:39,672][cascade_classifier.transform] X_test.shape=(238, 5)
[ 2020-05-27 07:28:39,672][cascade_classifier.transform] [layer=0] look_indexs=[0], X_cur_test.shape=(238, 5)
[ 2020-05-27 07:28:42,344][cascade_classifier.transform] [layer=1] look_indexs=[0], X_cur_test.shape=(238, 17)
[ 2020-05-27 07:28:45,023][cascade_classifier.transform] [layer=2] look_indexs=[0], X_cur_test.shape=(238, 17)
[ 2020-05-27 07:28:47,699][cascade_classifier.transform] [layer=3] look_indexs=[0], X_cur_test.shape=(238, 17)
[ 2020-05-27 07:28:50,731][cascade_classifier.fit_transform] X_groups_train.shape=[(1963, 5)],y_train.shape=(1963,),X_groups_test.shape=[(219, 5)],y_test.shape=(219,)
[ 2020-05-27 07:28:50,732][cascade_classifier.fit_transform] group_dims=[5]
[ 2020-05-27 07:28:50,733][cascade_classifier.fit_transform] group_starts=[0]
[ 2020-05-27 07:28:50,733][cascade_classifier.fit_transform] group_ends=[5]
[ 2020-05-27 07:28:50,734][cascade_classifier.fit_transform] X_train.shape=(1963, 5),X_test.shape=(219, 5)
[ 2020-05-27 07:28:50,735][cascade_classifier.fit_transform] [layer=0] look_indexs=[0], X_cur_train.shape=(1963, 5), X_cur_test.shape=(219, 5)
[ 2020-05-27 07:28:50,763][kfold_wrapper.log_eval_metrics] Accuracy(layer_0 - estimator_0 - 5_folds.train_0.predict)=35.88%
[ 2020-05-27 07:28:50,790][kfold_wrapper.log_eval_metrics] Accuracy(layer_0 - estimator_0 - 5_folds.train_1.predict)=32.82%
[ 2020-05-27 07:28:50,815][kfold_wrapper.log_eval_metrics] Accuracy(layer_0 - estimator_0 - 5_folds.train_2.predict)=34.10%
[ 2020-05-27 07:28:50,842][kfold_wrapper.log_eval_metrics] Accuracy(layer_0 - estimator_0 - 5_folds.train_3.predict)=34.18%
[ 2020-05-27 07:28:50,870][kfold_wrapper.log_eval_metrics] Accuracy(layer_0 - estimator_0 - 5_folds.train_4.predict)=36.99%
[ 2020-05-27 07:28:50,872][kfold_wrapper.log_eval_metrics] Accuracy(layer_0 - estimator_0 - 5_folds.train_cv.predict)=34.79%
[ 2020-05-27 07:28:50,873][kfold_wrapper.log_eval_metrics] Accuracy(layer_0 - estimator_0 - 5_folds.test.predict)=36.53%
[ 2020-05-27 07:28:51,093][kfold_wrapper.log_eval_metrics] Accuracy(layer_0 - estimator_1 - 12_folds.train_0.predict)=35.37%
[ 2020-05-27 07:28:51,435][kfold_wrapper.log_eval_metrics] Accuracy(layer_0 - estimator_1 - 12_folds.train_1.predict)=28.05%
[ 2020-05-27 07:28:51,782][kfold_wrapper.log_eval_metrics] Accuracy(layer_0 - estimator_1 - 12_folds.train_2.predict)=37.20%
[ 2020-05-27 07:28:52,135][kfold_wrapper.log_eval_metrics] Accuracy(layer_0 - estimator_1 - 12_folds.train_3.predict)=32.32%
[ 2020-05-27 07:28:52,478][kfold_wrapper.log_eval_metrics] Accuracy(layer_0 - estimator_1 - 12_folds.train_4.predict)=36.59%
[ 2020-05-27 07:28:52,829][kfold_wrapper.log_eval_metrics] Accuracy(layer_0 - estimator_1 - 12_folds.train_5.predict)=38.41%
[ 2020-05-27 07:28:53,180][kfold_wrapper.log_eval_metrics] Accuracy(layer_0 - estimator_1 - 12_folds.train_6.predict)=34.76%
[ 2020-05-27 07:28:53,535][kfold_wrapper.log_eval_metrics] Accuracy(layer_0 - estimator_1 - 12_folds.train_7.predict)=30.06%
[ 2020-05-27 07:28:53,893][kfold_wrapper.log_eval_metrics] Accuracy(layer_0 - estimator_1 - 12_folds.train_8.predict)=31.29%
[ 2020-05-27 07:28:54,239][kfold_wrapper.log_eval_metrics] Accuracy(layer_0 - estimator_1 - 12_folds.train_9.predict)=32.52%
[ 2020-05-27 07:28:54,584][kfold_wrapper.log_eval_metrics] Accuracy(layer_0 - estimator_1 - 12_folds.train_10.predict)=33.74%
[ 2020-05-27 07:28:54,922][kfold_wrapper.log_eval_metrics] Accuracy(layer_0 - estimator_1 - 12_folds.train_11.predict)=28.83%
[ 2020-05-27 07:28:55,038][kfold_wrapper.log_eval_metrics] Accuracy(layer_0 - estimator_1 - 12_folds.train_cv.predict)=33.27%
[ 2020-05-27 07:28:55,040][kfold_wrapper.log_eval_metrics] Accuracy(layer_0 - estimator_1 - 12_folds.test.predict)=31.51%
[ 2020-05-27 07:28:55,275][kfold_wrapper.log_eval_metrics] Accuracy(layer_0 - estimator_2 - 12_folds.train_0.predict)=27.44%
[ 2020-05-27 07:28:55,632][kfold_wrapper.log_eval_metrics] Accuracy(layer_0 - estimator_2 - 12_folds.train_1.predict)=29.27%
[ 2020-05-27 07:28:55,990][kfold_wrapper.log_eval_metrics] Accuracy(layer_0 - estimator_2 - 12_folds.train_2.predict)=34.76%
[ 2020-05-27 07:28:56,334][kfold_wrapper.log_eval_metrics] Accuracy(layer_0 - estimator_2 - 12_folds.train_3.predict)=35.98%
[ 2020-05-27 07:28:56,677][kfold_wrapper.log_eval_metrics] Accuracy(layer_0 - estimator_2 - 12_folds.train_4.predict)=34.76%
[ 2020-05-27 07:28:57,025][kfold_wrapper.log_eval_metrics] Accuracy(layer_0 - estimator_2 - 12_folds.train_5.predict)=35.37%
[ 2020-05-27 07:28:57,380][kfold_wrapper.log_eval_metrics] Accuracy(layer_0 - estimator_2 - 12_folds.train_6.predict)=34.15%
[ 2020-05-27 07:28:57,724][kfold_wrapper.log_eval_metrics] Accuracy(layer_0 - estimator_2 - 12_folds.train_7.predict)=34.36%
[ 2020-05-27 07:28:58,080][kfold_wrapper.log_eval_metrics] Accuracy(layer_0 - estimator_2 - 12_folds.train_8.predict)=34.97%
[ 2020-05-27 07:28:58,422][kfold_wrapper.log_eval_metrics] Accuracy(layer_0 - estimator_2 - 12_folds.train_9.predict)=37.42%
[ 2020-05-27 07:28:58,781][kfold_wrapper.log_eval_metrics] Accuracy(layer_0 - estimator_2 - 12_folds.train_10.predict)=33.13%
[ 2020-05-27 07:28:59,139][kfold_wrapper.log_eval_metrics] Accuracy(layer_0 - estimator_2 - 12_folds.train_11.predict)=31.29%
[ 2020-05-27 07:28:59,255][kfold_wrapper.log_eval_metrics] Accuracy(layer_0 - estimator_2 - 12_folds.train_cv.predict)=33.57%
[ 2020-05-27 07:28:59,258][kfold_wrapper.log_eval_metrics] Accuracy(layer_0 - estimator_2 - 12_folds.test.predict)=32.42%
[ 2020-05-27 07:28:59,299][kfold_wrapper.log_eval_metrics] Accuracy(layer_0 - estimator_3 - 12_folds.train_0.predict)=39.63%
[ 2020-05-27 07:28:59,322][kfold_wrapper.log_eval_metrics] Accuracy(layer_0 - estimator_3 - 12_folds.train_1.predict)=39.02%
[ 2020-05-27 07:28:59,341][kfold_wrapper.log_eval_metrics] Accuracy(layer_0 - estimator_3 - 12_folds.train_2.predict)=39.02%
[ 2020-05-27 07:28:59,361][kfold_wrapper.log_eval_metrics] Accuracy(layer_0 - estimator_3 - 12_folds.train_3.predict)=39.63%
[ 2020-05-27 07:28:59,380][kfold_wrapper.log_eval_metrics] Accuracy(layer_0 - estimator_3 - 12_folds.train_4.predict)=37.80%
[ 2020-05-27 07:28:59,404][kfold_wrapper.log_eval_metrics] Accuracy(layer_0 - estimator_3 - 12_folds.train_5.predict)=32.32%
[ 2020-05-27 07:28:59,429][kfold_wrapper.log_eval_metrics] Accuracy(layer_0 - estimator_3 - 12_folds.train_6.predict)=34.76%
[ 2020-05-27 07:28:59,449][kfold_wrapper.log_eval_metrics] Accuracy(layer_0 - estimator_3 - 12_folds.train_7.predict)=38.65%
[ 2020-05-27 07:28:59,469][kfold_wrapper.log_eval_metrics] Accuracy(layer_0 - estimator_3 - 12_folds.train_8.predict)=38.65%
[ 2020-05-27 07:28:59,487][kfold_wrapper.log_eval_metrics] Accuracy(layer_0 - estimator_3 - 12_folds.train_9.predict)=38.65%
[ 2020-05-27 07:28:59,508][kfold_wrapper.log_eval_metrics] Accuracy(layer_0 - estimator_3 - 12_folds.train_10.predict)=42.94%
[ 2020-05-27 07:28:59,528][kfold_wrapper.log_eval_metrics] Accuracy(layer_0 - estimator_3 - 12_folds.train_11.predict)=35.58%
[ 2020-05-27 07:28:59,529][kfold_wrapper.log_eval_metrics] Accuracy(layer_0 - estimator_3 - 12_folds.train_cv.predict)=38.05%
[ 2020-05-27 07:28:59,530][kfold_wrapper.log_eval_metrics] Accuracy(layer_0 - estimator_3 - 12_folds.test.predict)=39.27%
[ 2020-05-27 07:28:59,530][cascade_classifier.calc_accuracy] Accuracy(layer_0 - train.classifier_average)=34.74%
[ 2020-05-27 07:28:59,531][cascade_classifier.calc_accuracy] Accuracy(layer_0 - test.classifier_average)=30.14%
[ 2020-05-27 07:28:59,532][cascade_classifier.fit_transform] [layer=1] look_indexs=[0], X_cur_train.shape=(1963, 17), X_cur_test.shape=(219, 17)
[ 2020-05-27 07:28:59,564][kfold_wrapper.log_eval_metrics] Accuracy(layer_1 - estimator_0 - 5_folds.train_0.predict)=44.27%
[ 2020-05-27 07:28:59,598][kfold_wrapper.log_eval_metrics] Accuracy(layer_1 - estimator_0 - 5_folds.train_1.predict)=36.90%
[ 2020-05-27 07:28:59,630][kfold_wrapper.log_eval_metrics] Accuracy(layer_1 - estimator_0 - 5_folds.train_2.predict)=39.19%
[ 2020-05-27 07:28:59,663][kfold_wrapper.log_eval_metrics] Accuracy(layer_1 - estimator_0 - 5_folds.train_3.predict)=38.78%
[ 2020-05-27 07:28:59,697][kfold_wrapper.log_eval_metrics] Accuracy(layer_1 - estimator_0 - 5_folds.train_4.predict)=33.42%
[ 2020-05-27 07:28:59,699][kfold_wrapper.log_eval_metrics] Accuracy(layer_1 - estimator_0 - 5_folds.train_cv.predict)=38.51%
[ 2020-05-27 07:28:59,701][kfold_wrapper.log_eval_metrics] Accuracy(layer_1 - estimator_0 - 5_folds.test.predict)=36.07%
[ 2020-05-27 07:28:59,919][kfold_wrapper.log_eval_metrics] Accuracy(layer_1 - estimator_1 - 12_folds.train_0.predict)=32.93%
[ 2020-05-27 07:29:00,258][kfold_wrapper.log_eval_metrics] Accuracy(layer_1 - estimator_1 - 12_folds.train_1.predict)=37.20%
[ 2020-05-27 07:29:00,614][kfold_wrapper.log_eval_metrics] Accuracy(layer_1 - estimator_1 - 12_folds.train_2.predict)=42.68%
[ 2020-05-27 07:29:00,971][kfold_wrapper.log_eval_metrics] Accuracy(layer_1 - estimator_1 - 12_folds.train_3.predict)=42.68%
[ 2020-05-27 07:29:01,311][kfold_wrapper.log_eval_metrics] Accuracy(layer_1 - estimator_1 - 12_folds.train_4.predict)=39.02%
[ 2020-05-27 07:29:01,662][kfold_wrapper.log_eval_metrics] Accuracy(layer_1 - estimator_1 - 12_folds.train_5.predict)=37.80%
[ 2020-05-27 07:29:02,015][kfold_wrapper.log_eval_metrics] Accuracy(layer_1 - estimator_1 - 12_folds.train_6.predict)=39.63%
[ 2020-05-27 07:29:02,369][kfold_wrapper.log_eval_metrics] Accuracy(layer_1 - estimator_1 - 12_folds.train_7.predict)=38.65%
[ 2020-05-27 07:29:02,717][kfold_wrapper.log_eval_metrics] Accuracy(layer_1 - estimator_1 - 12_folds.train_8.predict)=38.04%
[ 2020-05-27 07:29:03,070][kfold_wrapper.log_eval_metrics] Accuracy(layer_1 - estimator_1 - 12_folds.train_9.predict)=42.94%
[ 2020-05-27 07:29:03,431][kfold_wrapper.log_eval_metrics] Accuracy(layer_1 - estimator_1 - 12_folds.train_10.predict)=37.42%
[ 2020-05-27 07:29:03,791][kfold_wrapper.log_eval_metrics] Accuracy(layer_1 - estimator_1 - 12_folds.train_11.predict)=37.42%
[ 2020-05-27 07:29:03,908][kfold_wrapper.log_eval_metrics] Accuracy(layer_1 - estimator_1 - 12_folds.train_cv.predict)=38.87%
[ 2020-05-27 07:29:03,911][kfold_wrapper.log_eval_metrics] Accuracy(layer_1 - estimator_1 - 12_folds.test.predict)=39.27%
[ 2020-05-27 07:29:04,151][kfold_wrapper.log_eval_metrics] Accuracy(layer_1 - estimator_2 - 12_folds.train_0.predict)=40.24%
[ 2020-05-27 07:29:04,509][kfold_wrapper.log_eval_metrics] Accuracy(layer_1 - estimator_2 - 12_folds.train_1.predict)=40.24%
[ 2020-05-27 07:29:04,867][kfold_wrapper.log_eval_metrics] Accuracy(layer_1 - estimator_2 - 12_folds.train_2.predict)=36.59%
[ 2020-05-27 07:29:05,221][kfold_wrapper.log_eval_metrics] Accuracy(layer_1 - estimator_2 - 12_folds.train_3.predict)=46.34%
[ 2020-05-27 07:29:05,565][kfold_wrapper.log_eval_metrics] Accuracy(layer_1 - estimator_2 - 12_folds.train_4.predict)=43.90%
[ 2020-05-27 07:29:05,902][kfold_wrapper.log_eval_metrics] Accuracy(layer_1 - estimator_2 - 12_folds.train_5.predict)=44.51%
[ 2020-05-27 07:29:06,257][kfold_wrapper.log_eval_metrics] Accuracy(layer_1 - estimator_2 - 12_folds.train_6.predict)=39.02%
[ 2020-05-27 07:29:06,607][kfold_wrapper.log_eval_metrics] Accuracy(layer_1 - estimator_2 - 12_folds.train_7.predict)=35.58%
[ 2020-05-27 07:29:06,954][kfold_wrapper.log_eval_metrics] Accuracy(layer_1 - estimator_2 - 12_folds.train_8.predict)=36.20%
[ 2020-05-27 07:29:07,309][kfold_wrapper.log_eval_metrics] Accuracy(layer_1 - estimator_2 - 12_folds.train_9.predict)=39.88%
[ 2020-05-27 07:29:07,652][kfold_wrapper.log_eval_metrics] Accuracy(layer_1 - estimator_2 - 12_folds.train_10.predict)=41.10%
[ 2020-05-27 07:29:08,011][kfold_wrapper.log_eval_metrics] Accuracy(layer_1 - estimator_2 - 12_folds.train_11.predict)=38.04%
[ 2020-05-27 07:29:08,130][kfold_wrapper.log_eval_metrics] Accuracy(layer_1 - estimator_2 - 12_folds.train_cv.predict)=40.14%
[ 2020-05-27 07:29:08,133][kfold_wrapper.log_eval_metrics] Accuracy(layer_1 - estimator_2 - 12_folds.test.predict)=34.25%
[ 2020-05-27 07:29:08,234][kfold_wrapper.log_eval_metrics] Accuracy(layer_1 - estimator_3 - 12_folds.train_0.predict)=40.85%
[ 2020-05-27 07:29:08,289][kfold_wrapper.log_eval_metrics] Accuracy(layer_1 - estimator_3 - 12_folds.train_1.predict)=41.46%
[ 2020-05-27 07:29:08,345][kfold_wrapper.log_eval_metrics] Accuracy(layer_1 - estimator_3 - 12_folds.train_2.predict)=41.46%
[ 2020-05-27 07:29:08,400][kfold_wrapper.log_eval_metrics] Accuracy(layer_1 - estimator_3 - 12_folds.train_3.predict)=35.98%
[ 2020-05-27 07:29:08,456][kfold_wrapper.log_eval_metrics] Accuracy(layer_1 - estimator_3 - 12_folds.train_4.predict)=35.98%
[ 2020-05-27 07:29:08,514][kfold_wrapper.log_eval_metrics] Accuracy(layer_1 - estimator_3 - 12_folds.train_5.predict)=38.41%
[ 2020-05-27 07:29:08,571][kfold_wrapper.log_eval_metrics] Accuracy(layer_1 - estimator_3 - 12_folds.train_6.predict)=41.46%
[ 2020-05-27 07:29:08,627][kfold_wrapper.log_eval_metrics] Accuracy(layer_1 - estimator_3 - 12_folds.train_7.predict)=36.20%
[ 2020-05-27 07:29:08,683][kfold_wrapper.log_eval_metrics] Accuracy(layer_1 - estimator_3 - 12_folds.train_8.predict)=31.29%
[ 2020-05-27 07:29:08,738][kfold_wrapper.log_eval_metrics] Accuracy(layer_1 - estimator_3 - 12_folds.train_9.predict)=32.52%
[ 2020-05-27 07:29:08,791][kfold_wrapper.log_eval_metrics] Accuracy(layer_1 - estimator_3 - 12_folds.train_10.predict)=43.56%
[ 2020-05-27 07:29:08,848][kfold_wrapper.log_eval_metrics] Accuracy(layer_1 - estimator_3 - 12_folds.train_11.predict)=33.13%
[ 2020-05-27 07:29:08,849][kfold_wrapper.log_eval_metrics] Accuracy(layer_1 - estimator_3 - 12_folds.train_cv.predict)=37.70%
[ 2020-05-27 07:29:08,849][kfold_wrapper.log_eval_metrics] Accuracy(layer_1 - estimator_3 - 12_folds.test.predict)=40.64%
[ 2020-05-27 07:29:08,850][cascade_classifier.calc_accuracy] Accuracy(layer_1 - train.classifier_average)=41.93%
[ 2020-05-27 07:29:08,851][cascade_classifier.calc_accuracy] Accuracy(layer_1 - test.classifier_average)=37.90%
[ 2020-05-27 07:29:08,852][cascade_classifier.fit_transform] [layer=2] look_indexs=[0], X_cur_train.shape=(1963, 17), X_cur_test.shape=(219, 17)
[ 2020-05-27 07:29:08,884][kfold_wrapper.log_eval_metrics] Accuracy(layer_2 - estimator_0 - 5_folds.train_0.predict)=37.40%
[ 2020-05-27 07:29:08,917][kfold_wrapper.log_eval_metrics] Accuracy(layer_2 - estimator_0 - 5_folds.train_1.predict)=38.42%
[ 2020-05-27 07:29:08,952][kfold_wrapper.log_eval_metrics] Accuracy(layer_2 - estimator_0 - 5_folds.train_2.predict)=37.40%
[ 2020-05-27 07:29:08,984][kfold_wrapper.log_eval_metrics] Accuracy(layer_2 - estimator_0 - 5_folds.train_3.predict)=35.20%
[ 2020-05-27 07:29:09,020][kfold_wrapper.log_eval_metrics] Accuracy(layer_2 - estimator_0 - 5_folds.train_4.predict)=38.52%
[ 2020-05-27 07:29:09,022][kfold_wrapper.log_eval_metrics] Accuracy(layer_2 - estimator_0 - 5_folds.train_cv.predict)=37.39%
[ 2020-05-27 07:29:09,023][kfold_wrapper.log_eval_metrics] Accuracy(layer_2 - estimator_0 - 5_folds.test.predict)=39.73%
[ 2020-05-27 07:29:09,241][kfold_wrapper.log_eval_metrics] Accuracy(layer_2 - estimator_1 - 12_folds.train_0.predict)=33.54%
[ 2020-05-27 07:29:09,583][kfold_wrapper.log_eval_metrics] Accuracy(layer_2 - estimator_1 - 12_folds.train_1.predict)=31.71%
[ 2020-05-27 07:29:09,937][kfold_wrapper.log_eval_metrics] Accuracy(layer_2 - estimator_1 - 12_folds.train_2.predict)=37.20%
[ 2020-05-27 07:29:10,284][kfold_wrapper.log_eval_metrics] Accuracy(layer_2 - estimator_1 - 12_folds.train_3.predict)=40.24%
[ 2020-05-27 07:29:10,638][kfold_wrapper.log_eval_metrics] Accuracy(layer_2 - estimator_1 - 12_folds.train_4.predict)=37.20%
[ 2020-05-27 07:29:10,990][kfold_wrapper.log_eval_metrics] Accuracy(layer_2 - estimator_1 - 12_folds.train_5.predict)=43.29%
[ 2020-05-27 07:29:11,332][kfold_wrapper.log_eval_metrics] Accuracy(layer_2 - estimator_1 - 12_folds.train_6.predict)=42.68%
[ 2020-05-27 07:29:11,682][kfold_wrapper.log_eval_metrics] Accuracy(layer_2 - estimator_1 - 12_folds.train_7.predict)=35.58%
[ 2020-05-27 07:29:12,041][kfold_wrapper.log_eval_metrics] Accuracy(layer_2 - estimator_1 - 12_folds.train_8.predict)=34.97%
[ 2020-05-27 07:29:12,400][kfold_wrapper.log_eval_metrics] Accuracy(layer_2 - estimator_1 - 12_folds.train_9.predict)=34.97%
[ 2020-05-27 07:29:12,746][kfold_wrapper.log_eval_metrics] Accuracy(layer_2 - estimator_1 - 12_folds.train_10.predict)=27.61%
[ 2020-05-27 07:29:13,097][kfold_wrapper.log_eval_metrics] Accuracy(layer_2 - estimator_1 - 12_folds.train_11.predict)=39.88%
[ 2020-05-27 07:29:13,214][kfold_wrapper.log_eval_metrics] Accuracy(layer_2 - estimator_1 - 12_folds.train_cv.predict)=36.58%
[ 2020-05-27 07:29:13,217][kfold_wrapper.log_eval_metrics] Accuracy(layer_2 - estimator_1 - 12_folds.test.predict)=36.53%
[ 2020-05-27 07:29:13,463][kfold_wrapper.log_eval_metrics] Accuracy(layer_2 - estimator_2 - 12_folds.train_0.predict)=42.07%
[ 2020-05-27 07:29:13,804][kfold_wrapper.log_eval_metrics] Accuracy(layer_2 - estimator_2 - 12_folds.train_1.predict)=40.24%
[ 2020-05-27 07:29:14,149][kfold_wrapper.log_eval_metrics] Accuracy(layer_2 - estimator_2 - 12_folds.train_2.predict)=34.15%
[ 2020-05-27 07:29:14,504][kfold_wrapper.log_eval_metrics] Accuracy(layer_2 - estimator_2 - 12_folds.train_3.predict)=34.76%
[ 2020-05-27 07:29:14,863][kfold_wrapper.log_eval_metrics] Accuracy(layer_2 - estimator_2 - 12_folds.train_4.predict)=35.37%
[ 2020-05-27 07:29:15,211][kfold_wrapper.log_eval_metrics] Accuracy(layer_2 - estimator_2 - 12_folds.train_5.predict)=35.98%
[ 2020-05-27 07:29:15,552][kfold_wrapper.log_eval_metrics] Accuracy(layer_2 - estimator_2 - 12_folds.train_6.predict)=32.93%
[ 2020-05-27 07:29:15,895][kfold_wrapper.log_eval_metrics] Accuracy(layer_2 - estimator_2 - 12_folds.train_7.predict)=37.42%
[ 2020-05-27 07:29:16,241][kfold_wrapper.log_eval_metrics] Accuracy(layer_2 - estimator_2 - 12_folds.train_8.predict)=38.65%
[ 2020-05-27 07:29:16,579][kfold_wrapper.log_eval_metrics] Accuracy(layer_2 - estimator_2 - 12_folds.train_9.predict)=40.49%
[ 2020-05-27 07:29:16,930][kfold_wrapper.log_eval_metrics] Accuracy(layer_2 - estimator_2 - 12_folds.train_10.predict)=41.10%
[ 2020-05-27 07:29:17,276][kfold_wrapper.log_eval_metrics] Accuracy(layer_2 - estimator_2 - 12_folds.train_11.predict)=40.49%
[ 2020-05-27 07:29:17,384][kfold_wrapper.log_eval_metrics] Accuracy(layer_2 - estimator_2 - 12_folds.train_cv.predict)=37.80%
[ 2020-05-27 07:29:17,387][kfold_wrapper.log_eval_metrics] Accuracy(layer_2 - estimator_2 - 12_folds.test.predict)=39.73%
[ 2020-05-27 07:29:17,499][kfold_wrapper.log_eval_metrics] Accuracy(layer_2 - estimator_3 - 12_folds.train_0.predict)=35.98%
[ 2020-05-27 07:29:17,556][kfold_wrapper.log_eval_metrics] Accuracy(layer_2 - estimator_3 - 12_folds.train_1.predict)=46.34%
[ 2020-05-27 07:29:17,612][kfold_wrapper.log_eval_metrics] Accuracy(layer_2 - estimator_3 - 12_folds.train_2.predict)=44.51%
[ 2020-05-27 07:29:17,669][kfold_wrapper.log_eval_metrics] Accuracy(layer_2 - estimator_3 - 12_folds.train_3.predict)=36.59%
[ 2020-05-27 07:29:17,727][kfold_wrapper.log_eval_metrics] Accuracy(layer_2 - estimator_3 - 12_folds.train_4.predict)=43.29%
[ 2020-05-27 07:29:17,783][kfold_wrapper.log_eval_metrics] Accuracy(layer_2 - estimator_3 - 12_folds.train_5.predict)=38.41%
[ 2020-05-27 07:29:17,840][kfold_wrapper.log_eval_metrics] Accuracy(layer_2 - estimator_3 - 12_folds.train_6.predict)=45.12%
[ 2020-05-27 07:29:17,896][kfold_wrapper.log_eval_metrics] Accuracy(layer_2 - estimator_3 - 12_folds.train_7.predict)=42.33%
[ 2020-05-27 07:29:17,957][kfold_wrapper.log_eval_metrics] Accuracy(layer_2 - estimator_3 - 12_folds.train_8.predict)=39.88%
[ 2020-05-27 07:29:18,013][kfold_wrapper.log_eval_metrics] Accuracy(layer_2 - estimator_3 - 12_folds.train_9.predict)=42.94%
[ 2020-05-27 07:29:18,070][kfold_wrapper.log_eval_metrics] Accuracy(layer_2 - estimator_3 - 12_folds.train_10.predict)=44.17%
[ 2020-05-27 07:29:18,127][kfold_wrapper.log_eval_metrics] Accuracy(layer_2 - estimator_3 - 12_folds.train_11.predict)=37.42%
[ 2020-05-27 07:29:18,128][kfold_wrapper.log_eval_metrics] Accuracy(layer_2 - estimator_3 - 12_folds.train_cv.predict)=41.42%
[ 2020-05-27 07:29:18,129][kfold_wrapper.log_eval_metrics] Accuracy(layer_2 - estimator_3 - 12_folds.test.predict)=37.44%
[ 2020-05-27 07:29:18,130][cascade_classifier.calc_accuracy] Accuracy(layer_2 - train.classifier_average)=38.26%
[ 2020-05-27 07:29:18,131][cascade_classifier.calc_accuracy] Accuracy(layer_2 - test.classifier_average)=38.81%
[ 2020-05-27 07:29:18,132][cascade_classifier.fit_transform] [layer=3] look_indexs=[0], X_cur_train.shape=(1963, 17), X_cur_test.shape=(219, 17)
[ 2020-05-27 07:29:18,164][kfold_wrapper.log_eval_metrics] Accuracy(layer_3 - estimator_0 - 5_folds.train_0.predict)=38.93%
[ 2020-05-27 07:29:18,197][kfold_wrapper.log_eval_metrics] Accuracy(layer_3 - estimator_0 - 5_folds.train_1.predict)=36.64%
[ 2020-05-27 07:29:18,230][kfold_wrapper.log_eval_metrics] Accuracy(layer_3 - estimator_0 - 5_folds.train_2.predict)=40.46%
[ 2020-05-27 07:29:18,264][kfold_wrapper.log_eval_metrics] Accuracy(layer_3 - estimator_0 - 5_folds.train_3.predict)=41.07%
[ 2020-05-27 07:29:18,297][kfold_wrapper.log_eval_metrics] Accuracy(layer_3 - estimator_0 - 5_folds.train_4.predict)=42.09%
[ 2020-05-27 07:29:18,299][kfold_wrapper.log_eval_metrics] Accuracy(layer_3 - estimator_0 - 5_folds.train_cv.predict)=39.84%
[ 2020-05-27 07:29:18,301][kfold_wrapper.log_eval_metrics] Accuracy(layer_3 - estimator_0 - 5_folds.test.predict)=39.27%
[ 2020-05-27 07:29:18,520][kfold_wrapper.log_eval_metrics] Accuracy(layer_3 - estimator_1 - 12_folds.train_0.predict)=32.93%
[ 2020-05-27 07:29:18,857][kfold_wrapper.log_eval_metrics] Accuracy(layer_3 - estimator_1 - 12_folds.train_1.predict)=40.24%
[ 2020-05-27 07:29:19,214][kfold_wrapper.log_eval_metrics] Accuracy(layer_3 - estimator_1 - 12_folds.train_2.predict)=37.80%
[ 2020-05-27 07:29:19,563][kfold_wrapper.log_eval_metrics] Accuracy(layer_3 - estimator_1 - 12_folds.train_3.predict)=43.90%
[ 2020-05-27 07:29:19,922][kfold_wrapper.log_eval_metrics] Accuracy(layer_3 - estimator_1 - 12_folds.train_4.predict)=35.37%
[ 2020-05-27 07:29:20,269][kfold_wrapper.log_eval_metrics] Accuracy(layer_3 - estimator_1 - 12_folds.train_5.predict)=37.20%
[ 2020-05-27 07:29:20,621][kfold_wrapper.log_eval_metrics] Accuracy(layer_3 - estimator_1 - 12_folds.train_6.predict)=32.32%
[ 2020-05-27 07:29:20,968][kfold_wrapper.log_eval_metrics] Accuracy(layer_3 - estimator_1 - 12_folds.train_7.predict)=35.58%
[ 2020-05-27 07:29:21,308][kfold_wrapper.log_eval_metrics] Accuracy(layer_3 - estimator_1 - 12_folds.train_8.predict)=38.65%
[ 2020-05-27 07:29:21,656][kfold_wrapper.log_eval_metrics] Accuracy(layer_3 - estimator_1 - 12_folds.train_9.predict)=45.40%
[ 2020-05-27 07:29:22,011][kfold_wrapper.log_eval_metrics] Accuracy(layer_3 - estimator_1 - 12_folds.train_10.predict)=34.97%
[ 2020-05-27 07:29:22,354][kfold_wrapper.log_eval_metrics] Accuracy(layer_3 - estimator_1 - 12_folds.train_11.predict)=36.20%
[ 2020-05-27 07:29:22,471][kfold_wrapper.log_eval_metrics] Accuracy(layer_3 - estimator_1 - 12_folds.train_cv.predict)=37.54%
[ 2020-05-27 07:29:22,474][kfold_wrapper.log_eval_metrics] Accuracy(layer_3 - estimator_1 - 12_folds.test.predict)=40.64%
[ 2020-05-27 07:29:22,714][kfold_wrapper.log_eval_metrics] Accuracy(layer_3 - estimator_2 - 12_folds.train_0.predict)=36.59%
[ 2020-05-27 07:29:23,074][kfold_wrapper.log_eval_metrics] Accuracy(layer_3 - estimator_2 - 12_folds.train_1.predict)=40.24%
[ 2020-05-27 07:29:23,431][kfold_wrapper.log_eval_metrics] Accuracy(layer_3 - estimator_2 - 12_folds.train_2.predict)=34.76%
[ 2020-05-27 07:29:23,777][kfold_wrapper.log_eval_metrics] Accuracy(layer_3 - estimator_2 - 12_folds.train_3.predict)=34.76%
[ 2020-05-27 07:29:24,129][kfold_wrapper.log_eval_metrics] Accuracy(layer_3 - estimator_2 - 12_folds.train_4.predict)=37.20%
[ 2020-05-27 07:29:24,467][kfold_wrapper.log_eval_metrics] Accuracy(layer_3 - estimator_2 - 12_folds.train_5.predict)=35.37%
[ 2020-05-27 07:29:24,820][kfold_wrapper.log_eval_metrics] Accuracy(layer_3 - estimator_2 - 12_folds.train_6.predict)=34.76%
[ 2020-05-27 07:29:25,178][kfold_wrapper.log_eval_metrics] Accuracy(layer_3 - estimator_2 - 12_folds.train_7.predict)=31.90%
[ 2020-05-27 07:29:25,528][kfold_wrapper.log_eval_metrics] Accuracy(layer_3 - estimator_2 - 12_folds.train_8.predict)=38.04%
[ 2020-05-27 07:29:25,874][kfold_wrapper.log_eval_metrics] Accuracy(layer_3 - estimator_2 - 12_folds.train_9.predict)=31.90%
[ 2020-05-27 07:29:26,225][kfold_wrapper.log_eval_metrics] Accuracy(layer_3 - estimator_2 - 12_folds.train_10.predict)=36.20%
[ 2020-05-27 07:29:26,578][kfold_wrapper.log_eval_metrics] Accuracy(layer_3 - estimator_2 - 12_folds.train_11.predict)=36.20%
[ 2020-05-27 07:29:26,695][kfold_wrapper.log_eval_metrics] Accuracy(layer_3 - estimator_2 - 12_folds.train_cv.predict)=35.66%
[ 2020-05-27 07:29:26,698][kfold_wrapper.log_eval_metrics] Accuracy(layer_3 - estimator_2 - 12_folds.test.predict)=38.36%
[ 2020-05-27 07:29:26,782][kfold_wrapper.log_eval_metrics] Accuracy(layer_3 - estimator_3 - 12_folds.train_0.predict)=39.63%
[ 2020-05-27 07:29:26,843][kfold_wrapper.log_eval_metrics] Accuracy(layer_3 - estimator_3 - 12_folds.train_1.predict)=41.46%
[ 2020-05-27 07:29:26,903][kfold_wrapper.log_eval_metrics] Accuracy(layer_3 - estimator_3 - 12_folds.train_2.predict)=35.37%
[ 2020-05-27 07:29:26,963][kfold_wrapper.log_eval_metrics] Accuracy(layer_3 - estimator_3 - 12_folds.train_3.predict)=41.46%
[ 2020-05-27 07:29:27,022][kfold_wrapper.log_eval_metrics] Accuracy(layer_3 - estimator_3 - 12_folds.train_4.predict)=42.07%
[ 2020-05-27 07:29:27,080][kfold_wrapper.log_eval_metrics] Accuracy(layer_3 - estimator_3 - 12_folds.train_5.predict)=42.07%
[ 2020-05-27 07:29:27,138][kfold_wrapper.log_eval_metrics] Accuracy(layer_3 - estimator_3 - 12_folds.train_6.predict)=35.37%
[ 2020-05-27 07:29:27,196][kfold_wrapper.log_eval_metrics] Accuracy(layer_3 - estimator_3 - 12_folds.train_7.predict)=42.94%
[ 2020-05-27 07:29:27,252][kfold_wrapper.log_eval_metrics] Accuracy(layer_3 - estimator_3 - 12_folds.train_8.predict)=35.58%
[ 2020-05-27 07:29:27,309][kfold_wrapper.log_eval_metrics] Accuracy(layer_3 - estimator_3 - 12_folds.train_9.predict)=35.58%
[ 2020-05-27 07:29:27,366][kfold_wrapper.log_eval_metrics] Accuracy(layer_3 - estimator_3 - 12_folds.train_10.predict)=38.65%
[ 2020-05-27 07:29:27,423][kfold_wrapper.log_eval_metrics] Accuracy(layer_3 - estimator_3 - 12_folds.train_11.predict)=43.56%
[ 2020-05-27 07:29:27,424][kfold_wrapper.log_eval_metrics] Accuracy(layer_3 - estimator_3 - 12_folds.train_cv.predict)=39.48%
[ 2020-05-27 07:29:27,425][kfold_wrapper.log_eval_metrics] Accuracy(layer_3 - estimator_3 - 12_folds.test.predict)=41.10%
[ 2020-05-27 07:29:27,426][cascade_classifier.calc_accuracy] Accuracy(layer_3 - train.classifier_average)=38.21%
[ 2020-05-27 07:29:27,426][cascade_classifier.calc_accuracy] Accuracy(layer_3 - test.classifier_average)=42.47%
[ 2020-05-27 07:29:27,427][cascade_classifier.fit_transform] [layer=4] look_indexs=[0], X_cur_train.shape=(1963, 17), X_cur_test.shape=(219, 17)
[ 2020-05-27 07:29:27,464][kfold_wrapper.log_eval_metrics] Accuracy(layer_4 - estimator_0 - 5_folds.train_0.predict)=33.33%
[ 2020-05-27 07:29:27,503][kfold_wrapper.log_eval_metrics] Accuracy(layer_4 - estimator_0 - 5_folds.train_1.predict)=36.13%
[ 2020-05-27 07:29:27,540][kfold_wrapper.log_eval_metrics] Accuracy(layer_4 - estimator_0 - 5_folds.train_2.predict)=38.42%
[ 2020-05-27 07:29:27,575][kfold_wrapper.log_eval_metrics] Accuracy(layer_4 - estimator_0 - 5_folds.train_3.predict)=35.46%
[ 2020-05-27 07:29:27,609][kfold_wrapper.log_eval_metrics] Accuracy(layer_4 - estimator_0 - 5_folds.train_4.predict)=37.76%
[ 2020-05-27 07:29:27,611][kfold_wrapper.log_eval_metrics] Accuracy(layer_4 - estimator_0 - 5_folds.train_cv.predict)=36.22%
[ 2020-05-27 07:29:27,613][kfold_wrapper.log_eval_metrics] Accuracy(layer_4 - estimator_0 - 5_folds.test.predict)=46.58%
[ 2020-05-27 07:29:27,833][kfold_wrapper.log_eval_metrics] Accuracy(layer_4 - estimator_1 - 12_folds.train_0.predict)=42.07%
[ 2020-05-27 07:29:28,187][kfold_wrapper.log_eval_metrics] Accuracy(layer_4 - estimator_1 - 12_folds.train_1.predict)=32.32%
[ 2020-05-27 07:29:28,532][kfold_wrapper.log_eval_metrics] Accuracy(layer_4 - estimator_1 - 12_folds.train_2.predict)=39.63%
[ 2020-05-27 07:29:28,877][kfold_wrapper.log_eval_metrics] Accuracy(layer_4 - estimator_1 - 12_folds.train_3.predict)=34.15%
[ 2020-05-27 07:29:29,229][kfold_wrapper.log_eval_metrics] Accuracy(layer_4 - estimator_1 - 12_folds.train_4.predict)=35.98%
[ 2020-05-27 07:29:29,572][kfold_wrapper.log_eval_metrics] Accuracy(layer_4 - estimator_1 - 12_folds.train_5.predict)=38.41%
[ 2020-05-27 07:29:29,923][kfold_wrapper.log_eval_metrics] Accuracy(layer_4 - estimator_1 - 12_folds.train_6.predict)=32.93%
[ 2020-05-27 07:29:30,269][kfold_wrapper.log_eval_metrics] Accuracy(layer_4 - estimator_1 - 12_folds.train_7.predict)=34.36%
[ 2020-05-27 07:29:30,617][kfold_wrapper.log_eval_metrics] Accuracy(layer_4 - estimator_1 - 12_folds.train_8.predict)=36.81%
[ 2020-05-27 07:29:30,974][kfold_wrapper.log_eval_metrics] Accuracy(layer_4 - estimator_1 - 12_folds.train_9.predict)=34.36%
[ 2020-05-27 07:29:31,327][kfold_wrapper.log_eval_metrics] Accuracy(layer_4 - estimator_1 - 12_folds.train_10.predict)=39.88%
[ 2020-05-27 07:29:31,687][kfold_wrapper.log_eval_metrics] Accuracy(layer_4 - estimator_1 - 12_folds.train_11.predict)=32.52%
[ 2020-05-27 07:29:31,805][kfold_wrapper.log_eval_metrics] Accuracy(layer_4 - estimator_1 - 12_folds.train_cv.predict)=36.12%
[ 2020-05-27 07:29:31,808][kfold_wrapper.log_eval_metrics] Accuracy(layer_4 - estimator_1 - 12_folds.test.predict)=32.42%
[ 2020-05-27 07:29:32,056][kfold_wrapper.log_eval_metrics] Accuracy(layer_4 - estimator_2 - 12_folds.train_0.predict)=33.54%
[ 2020-05-27 07:29:32,405][kfold_wrapper.log_eval_metrics] Accuracy(layer_4 - estimator_2 - 12_folds.train_1.predict)=35.37%
[ 2020-05-27 07:29:32,762][kfold_wrapper.log_eval_metrics] Accuracy(layer_4 - estimator_2 - 12_folds.train_2.predict)=35.37%
[ 2020-05-27 07:29:33,112][kfold_wrapper.log_eval_metrics] Accuracy(layer_4 - estimator_2 - 12_folds.train_3.predict)=45.12%
[ 2020-05-27 07:29:33,464][kfold_wrapper.log_eval_metrics] Accuracy(layer_4 - estimator_2 - 12_folds.train_4.predict)=35.37%
[ 2020-05-27 07:29:33,814][kfold_wrapper.log_eval_metrics] Accuracy(layer_4 - estimator_2 - 12_folds.train_5.predict)=43.29%
[ 2020-05-27 07:29:34,170][kfold_wrapper.log_eval_metrics] Accuracy(layer_4 - estimator_2 - 12_folds.train_6.predict)=26.83%
[ 2020-05-27 07:29:34,525][kfold_wrapper.log_eval_metrics] Accuracy(layer_4 - estimator_2 - 12_folds.train_7.predict)=38.65%
[ 2020-05-27 07:29:34,881][kfold_wrapper.log_eval_metrics] Accuracy(layer_4 - estimator_2 - 12_folds.train_8.predict)=38.04%
[ 2020-05-27 07:29:35,231][kfold_wrapper.log_eval_metrics] Accuracy(layer_4 - estimator_2 - 12_folds.train_9.predict)=34.97%
[ 2020-05-27 07:29:35,573][kfold_wrapper.log_eval_metrics] Accuracy(layer_4 - estimator_2 - 12_folds.train_10.predict)=39.26%
[ 2020-05-27 07:29:35,925][kfold_wrapper.log_eval_metrics] Accuracy(layer_4 - estimator_2 - 12_folds.train_11.predict)=30.67%
[ 2020-05-27 07:29:36,043][kfold_wrapper.log_eval_metrics] Accuracy(layer_4 - estimator_2 - 12_folds.train_cv.predict)=36.37%
[ 2020-05-27 07:29:36,046][kfold_wrapper.log_eval_metrics] Accuracy(layer_4 - estimator_2 - 12_folds.test.predict)=34.25%
[ 2020-05-27 07:29:36,142][kfold_wrapper.log_eval_metrics] Accuracy(layer_4 - estimator_3 - 12_folds.train_0.predict)=44.51%
[ 2020-05-27 07:29:36,220][kfold_wrapper.log_eval_metrics] Accuracy(layer_4 - estimator_3 - 12_folds.train_1.predict)=42.07%
[ 2020-05-27 07:29:36,276][kfold_wrapper.log_eval_metrics] Accuracy(layer_4 - estimator_3 - 12_folds.train_2.predict)=33.54%
[ 2020-05-27 07:29:36,335][kfold_wrapper.log_eval_metrics] Accuracy(layer_4 - estimator_3 - 12_folds.train_3.predict)=35.98%
[ 2020-05-27 07:29:36,392][kfold_wrapper.log_eval_metrics] Accuracy(layer_4 - estimator_3 - 12_folds.train_4.predict)=35.98%
[ 2020-05-27 07:29:36,451][kfold_wrapper.log_eval_metrics] Accuracy(layer_4 - estimator_3 - 12_folds.train_5.predict)=41.46%
[ 2020-05-27 07:29:36,510][kfold_wrapper.log_eval_metrics] Accuracy(layer_4 - estimator_3 - 12_folds.train_6.predict)=34.76%
[ 2020-05-27 07:29:36,568][kfold_wrapper.log_eval_metrics] Accuracy(layer_4 - estimator_3 - 12_folds.train_7.predict)=46.01%
[ 2020-05-27 07:29:36,624][kfold_wrapper.log_eval_metrics] Accuracy(layer_4 - estimator_3 - 12_folds.train_8.predict)=41.10%
[ 2020-05-27 07:29:36,683][kfold_wrapper.log_eval_metrics] Accuracy(layer_4 - estimator_3 - 12_folds.train_9.predict)=39.88%
[ 2020-05-27 07:29:36,739][kfold_wrapper.log_eval_metrics] Accuracy(layer_4 - estimator_3 - 12_folds.train_10.predict)=46.63%
[ 2020-05-27 07:29:36,798][kfold_wrapper.log_eval_metrics] Accuracy(layer_4 - estimator_3 - 12_folds.train_11.predict)=38.65%
[ 2020-05-27 07:29:36,799][kfold_wrapper.log_eval_metrics] Accuracy(layer_4 - estimator_3 - 12_folds.train_cv.predict)=40.04%
[ 2020-05-27 07:29:36,800][kfold_wrapper.log_eval_metrics] Accuracy(layer_4 - estimator_3 - 12_folds.test.predict)=42.92%
[ 2020-05-27 07:29:36,800][cascade_classifier.calc_accuracy] Accuracy(layer_4 - train.classifier_average)=37.70%
[ 2020-05-27 07:29:36,801][cascade_classifier.calc_accuracy] Accuracy(layer_4 - test.classifier_average)=35.16%
[ 2020-05-27 07:29:36,802][cascade_classifier.fit_transform] [layer=5] look_indexs=[0], X_cur_train.shape=(1963, 17), X_cur_test.shape=(219, 17)
[ 2020-05-27 07:29:36,835][kfold_wrapper.log_eval_metrics] Accuracy(layer_5 - estimator_0 - 5_folds.train_0.predict)=34.35%
[ 2020-05-27 07:29:36,868][kfold_wrapper.log_eval_metrics] Accuracy(layer_5 - estimator_0 - 5_folds.train_1.predict)=38.68%
[ 2020-05-27 07:29:36,901][kfold_wrapper.log_eval_metrics] Accuracy(layer_5 - estimator_0 - 5_folds.train_2.predict)=36.39%
[ 2020-05-27 07:29:36,936][kfold_wrapper.log_eval_metrics] Accuracy(layer_5 - estimator_0 - 5_folds.train_3.predict)=40.31%
[ 2020-05-27 07:29:36,968][kfold_wrapper.log_eval_metrics] Accuracy(layer_5 - estimator_0 - 5_folds.train_4.predict)=38.27%
[ 2020-05-27 07:29:36,970][kfold_wrapper.log_eval_metrics] Accuracy(layer_5 - estimator_0 - 5_folds.train_cv.predict)=37.60%
[ 2020-05-27 07:29:36,972][kfold_wrapper.log_eval_metrics] Accuracy(layer_5 - estimator_0 - 5_folds.test.predict)=38.81%
[ 2020-05-27 07:29:37,192][kfold_wrapper.log_eval_metrics] Accuracy(layer_5 - estimator_1 - 12_folds.train_0.predict)=35.37%
[ 2020-05-27 07:29:37,541][kfold_wrapper.log_eval_metrics] Accuracy(layer_5 - estimator_1 - 12_folds.train_1.predict)=35.37%
[ 2020-05-27 07:29:37,877][kfold_wrapper.log_eval_metrics] Accuracy(layer_5 - estimator_1 - 12_folds.train_2.predict)=44.51%
[ 2020-05-27 07:29:38,225][kfold_wrapper.log_eval_metrics] Accuracy(layer_5 - estimator_1 - 12_folds.train_3.predict)=35.98%
[ 2020-05-27 07:29:38,563][kfold_wrapper.log_eval_metrics] Accuracy(layer_5 - estimator_1 - 12_folds.train_4.predict)=33.54%
[ 2020-05-27 07:29:38,898][kfold_wrapper.log_eval_metrics] Accuracy(layer_5 - estimator_1 - 12_folds.train_5.predict)=37.80%
[ 2020-05-27 07:29:39,248][kfold_wrapper.log_eval_metrics] Accuracy(layer_5 - estimator_1 - 12_folds.train_6.predict)=35.37%
[ 2020-05-27 07:29:39,594][kfold_wrapper.log_eval_metrics] Accuracy(layer_5 - estimator_1 - 12_folds.train_7.predict)=38.04%
[ 2020-05-27 07:29:39,947][kfold_wrapper.log_eval_metrics] Accuracy(layer_5 - estimator_1 - 12_folds.train_8.predict)=30.06%
[ 2020-05-27 07:29:40,305][kfold_wrapper.log_eval_metrics] Accuracy(layer_5 - estimator_1 - 12_folds.train_9.predict)=38.65%
[ 2020-05-27 07:29:40,661][kfold_wrapper.log_eval_metrics] Accuracy(layer_5 - estimator_1 - 12_folds.train_10.predict)=46.01%
[ 2020-05-27 07:29:41,017][kfold_wrapper.log_eval_metrics] Accuracy(layer_5 - estimator_1 - 12_folds.train_11.predict)=34.36%
[ 2020-05-27 07:29:41,135][kfold_wrapper.log_eval_metrics] Accuracy(layer_5 - estimator_1 - 12_folds.train_cv.predict)=37.09%
[ 2020-05-27 07:29:41,138][kfold_wrapper.log_eval_metrics] Accuracy(layer_5 - estimator_1 - 12_folds.test.predict)=38.36%
[ 2020-05-27 07:29:41,386][kfold_wrapper.log_eval_metrics] Accuracy(layer_5 - estimator_2 - 12_folds.train_0.predict)=33.54%
[ 2020-05-27 07:29:41,742][kfold_wrapper.log_eval_metrics] Accuracy(layer_5 - estimator_2 - 12_folds.train_1.predict)=39.02%
[ 2020-05-27 07:29:42,099][kfold_wrapper.log_eval_metrics] Accuracy(layer_5 - estimator_2 - 12_folds.train_2.predict)=35.98%
[ 2020-05-27 07:29:42,459][kfold_wrapper.log_eval_metrics] Accuracy(layer_5 - estimator_2 - 12_folds.train_3.predict)=34.15%
[ 2020-05-27 07:29:42,819][kfold_wrapper.log_eval_metrics] Accuracy(layer_5 - estimator_2 - 12_folds.train_4.predict)=33.54%
[ 2020-05-27 07:29:43,170][kfold_wrapper.log_eval_metrics] Accuracy(layer_5 - estimator_2 - 12_folds.train_5.predict)=41.46%
[ 2020-05-27 07:29:43,530][kfold_wrapper.log_eval_metrics] Accuracy(layer_5 - estimator_2 - 12_folds.train_6.predict)=34.15%
[ 2020-05-27 07:29:43,881][kfold_wrapper.log_eval_metrics] Accuracy(layer_5 - estimator_2 - 12_folds.train_7.predict)=42.33%
[ 2020-05-27 07:29:44,227][kfold_wrapper.log_eval_metrics] Accuracy(layer_5 - estimator_2 - 12_folds.train_8.predict)=39.26%
[ 2020-05-27 07:29:44,574][kfold_wrapper.log_eval_metrics] Accuracy(layer_5 - estimator_2 - 12_folds.train_9.predict)=38.65%
[ 2020-05-27 07:29:44,928][kfold_wrapper.log_eval_metrics] Accuracy(layer_5 - estimator_2 - 12_folds.train_10.predict)=37.42%
[ 2020-05-27 07:29:45,279][kfold_wrapper.log_eval_metrics] Accuracy(layer_5 - estimator_2 - 12_folds.train_11.predict)=30.67%
[ 2020-05-27 07:29:45,396][kfold_wrapper.log_eval_metrics] Accuracy(layer_5 - estimator_2 - 12_folds.train_cv.predict)=36.68%
[ 2020-05-27 07:29:45,399][kfold_wrapper.log_eval_metrics] Accuracy(layer_5 - estimator_2 - 12_folds.test.predict)=36.07%
[ 2020-05-27 07:29:45,493][kfold_wrapper.log_eval_metrics] Accuracy(layer_5 - estimator_3 - 12_folds.train_0.predict)=37.80%
[ 2020-05-27 07:29:45,553][kfold_wrapper.log_eval_metrics] Accuracy(layer_5 - estimator_3 - 12_folds.train_1.predict)=42.07%
[ 2020-05-27 07:29:45,611][kfold_wrapper.log_eval_metrics] Accuracy(layer_5 - estimator_3 - 12_folds.train_2.predict)=41.46%
[ 2020-05-27 07:29:45,668][kfold_wrapper.log_eval_metrics] Accuracy(layer_5 - estimator_3 - 12_folds.train_3.predict)=37.20%
[ 2020-05-27 07:29:45,726][kfold_wrapper.log_eval_metrics] Accuracy(layer_5 - estimator_3 - 12_folds.train_4.predict)=37.80%
[ 2020-05-27 07:29:45,784][kfold_wrapper.log_eval_metrics] Accuracy(layer_5 - estimator_3 - 12_folds.train_5.predict)=36.59%
[ 2020-05-27 07:29:45,840][kfold_wrapper.log_eval_metrics] Accuracy(layer_5 - estimator_3 - 12_folds.train_6.predict)=35.37%
[ 2020-05-27 07:29:45,898][kfold_wrapper.log_eval_metrics] Accuracy(layer_5 - estimator_3 - 12_folds.train_7.predict)=38.65%
[ 2020-05-27 07:29:45,953][kfold_wrapper.log_eval_metrics] Accuracy(layer_5 - estimator_3 - 12_folds.train_8.predict)=44.79%
[ 2020-05-27 07:29:46,011][kfold_wrapper.log_eval_metrics] Accuracy(layer_5 - estimator_3 - 12_folds.train_9.predict)=40.49%
[ 2020-05-27 07:29:46,070][kfold_wrapper.log_eval_metrics] Accuracy(layer_5 - estimator_3 - 12_folds.train_10.predict)=33.74%
[ 2020-05-27 07:29:46,130][kfold_wrapper.log_eval_metrics] Accuracy(layer_5 - estimator_3 - 12_folds.train_11.predict)=39.88%
[ 2020-05-27 07:29:46,131][kfold_wrapper.log_eval_metrics] Accuracy(layer_5 - estimator_3 - 12_folds.train_cv.predict)=38.82%
[ 2020-05-27 07:29:46,131][kfold_wrapper.log_eval_metrics] Accuracy(layer_5 - estimator_3 - 12_folds.test.predict)=43.84%
[ 2020-05-27 07:29:46,132][cascade_classifier.calc_accuracy] Accuracy(layer_5 - train.classifier_average)=39.23%
[ 2020-05-27 07:29:46,133][cascade_classifier.calc_accuracy] Accuracy(layer_5 - test.classifier_average)=38.36%
[ 2020-05-27 07:29:46,133][cascade_classifier.fit_transform] [Result][Optimal Level Detected] opt_layer_num=2, accuracy_train=41.93%, accuracy_test=37.90%
[ 2020-05-27 07:29:46,170][cascade_classifier.transform] X_groups_test.shape=[(245, 5)]
[ 2020-05-27 07:29:46,171][cascade_classifier.transform] group_dims=[5]
[ 2020-05-27 07:29:46,171][cascade_classifier.transform] X_test.shape=(245, 5)
[ 2020-05-27 07:29:46,172][cascade_classifier.transform] [layer=0] look_indexs=[0], X_cur_test.shape=(245, 5)
[ 2020-05-27 07:29:48,845][cascade_classifier.transform] [layer=1] look_indexs=[0], X_cur_test.shape=(245, 17)
[ 2020-05-27 07:29:51,910][cascade_classifier.fit_transform] X_groups_train.shape=[(2184, 5)],y_train.shape=(2184,),X_groups_test.shape=[(243, 5)],y_test.shape=(243,)
[ 2020-05-27 07:29:51,911][cascade_classifier.fit_transform] group_dims=[5]
[ 2020-05-27 07:29:51,912][cascade_classifier.fit_transform] group_starts=[0]
[ 2020-05-27 07:29:51,912][cascade_classifier.fit_transform] group_ends=[5]
[ 2020-05-27 07:29:51,913][cascade_classifier.fit_transform] X_train.shape=(2184, 5),X_test.shape=(243, 5)
[ 2020-05-27 07:29:51,914][cascade_classifier.fit_transform] [layer=0] look_indexs=[0], X_cur_train.shape=(2184, 5), X_cur_test.shape=(243, 5)
[ 2020-05-27 07:29:51,943][kfold_wrapper.log_eval_metrics] Accuracy(layer_0 - estimator_0 - 5_folds.train_0.predict)=32.95%
[ 2020-05-27 07:29:51,971][kfold_wrapper.log_eval_metrics] Accuracy(layer_0 - estimator_0 - 5_folds.train_1.predict)=34.10%
[ 2020-05-27 07:29:52,000][kfold_wrapper.log_eval_metrics] Accuracy(layer_0 - estimator_0 - 5_folds.train_2.predict)=36.84%
[ 2020-05-27 07:29:52,028][kfold_wrapper.log_eval_metrics] Accuracy(layer_0 - estimator_0 - 5_folds.train_3.predict)=39.82%
[ 2020-05-27 07:29:52,057][kfold_wrapper.log_eval_metrics] Accuracy(layer_0 - estimator_0 - 5_folds.train_4.predict)=36.47%
[ 2020-05-27 07:29:52,060][kfold_wrapper.log_eval_metrics] Accuracy(layer_0 - estimator_0 - 5_folds.train_cv.predict)=36.03%
[ 2020-05-27 07:29:52,061][kfold_wrapper.log_eval_metrics] Accuracy(layer_0 - estimator_0 - 5_folds.test.predict)=40.74%
[ 2020-05-27 07:29:52,281][kfold_wrapper.log_eval_metrics] Accuracy(layer_0 - estimator_1 - 12_folds.train_0.predict)=34.62%
[ 2020-05-27 07:29:52,633][kfold_wrapper.log_eval_metrics] Accuracy(layer_0 - estimator_1 - 12_folds.train_1.predict)=30.77%
[ 2020-05-27 07:29:52,991][kfold_wrapper.log_eval_metrics] Accuracy(layer_0 - estimator_1 - 12_folds.train_2.predict)=34.07%
[ 2020-05-27 07:29:53,347][kfold_wrapper.log_eval_metrics] Accuracy(layer_0 - estimator_1 - 12_folds.train_3.predict)=31.32%
[ 2020-05-27 07:29:53,705][kfold_wrapper.log_eval_metrics] Accuracy(layer_0 - estimator_1 - 12_folds.train_4.predict)=37.91%
[ 2020-05-27 07:29:54,059][kfold_wrapper.log_eval_metrics] Accuracy(layer_0 - estimator_1 - 12_folds.train_5.predict)=29.67%
[ 2020-05-27 07:29:54,407][kfold_wrapper.log_eval_metrics] Accuracy(layer_0 - estimator_1 - 12_folds.train_6.predict)=35.16%
[ 2020-05-27 07:29:54,759][kfold_wrapper.log_eval_metrics] Accuracy(layer_0 - estimator_1 - 12_folds.train_7.predict)=31.87%
[ 2020-05-27 07:29:55,118][kfold_wrapper.log_eval_metrics] Accuracy(layer_0 - estimator_1 - 12_folds.train_8.predict)=28.57%
[ 2020-05-27 07:29:55,453][kfold_wrapper.log_eval_metrics] Accuracy(layer_0 - estimator_1 - 12_folds.train_9.predict)=32.42%
[ 2020-05-27 07:29:55,805][kfold_wrapper.log_eval_metrics] Accuracy(layer_0 - estimator_1 - 12_folds.train_10.predict)=31.87%
[ 2020-05-27 07:29:56,149][kfold_wrapper.log_eval_metrics] Accuracy(layer_0 - estimator_1 - 12_folds.train_11.predict)=35.16%
[ 2020-05-27 07:29:56,267][kfold_wrapper.log_eval_metrics] Accuracy(layer_0 - estimator_1 - 12_folds.train_cv.predict)=32.78%
[ 2020-05-27 07:29:56,270][kfold_wrapper.log_eval_metrics] Accuracy(layer_0 - estimator_1 - 12_folds.test.predict)=39.51%
[ 2020-05-27 07:29:56,522][kfold_wrapper.log_eval_metrics] Accuracy(layer_0 - estimator_2 - 12_folds.train_0.predict)=36.26%
[ 2020-05-27 07:29:56,868][kfold_wrapper.log_eval_metrics] Accuracy(layer_0 - estimator_2 - 12_folds.train_1.predict)=30.22%
[ 2020-05-27 07:29:57,224][kfold_wrapper.log_eval_metrics] Accuracy(layer_0 - estimator_2 - 12_folds.train_2.predict)=34.62%
[ 2020-05-27 07:29:57,580][kfold_wrapper.log_eval_metrics] Accuracy(layer_0 - estimator_2 - 12_folds.train_3.predict)=35.71%
[ 2020-05-27 07:29:57,938][kfold_wrapper.log_eval_metrics] Accuracy(layer_0 - estimator_2 - 12_folds.train_4.predict)=32.42%
[ 2020-05-27 07:29:58,282][kfold_wrapper.log_eval_metrics] Accuracy(layer_0 - estimator_2 - 12_folds.train_5.predict)=30.22%
[ 2020-05-27 07:29:58,632][kfold_wrapper.log_eval_metrics] Accuracy(layer_0 - estimator_2 - 12_folds.train_6.predict)=30.22%
[ 2020-05-27 07:29:58,980][kfold_wrapper.log_eval_metrics] Accuracy(layer_0 - estimator_2 - 12_folds.train_7.predict)=26.92%
[ 2020-05-27 07:29:59,328][kfold_wrapper.log_eval_metrics] Accuracy(layer_0 - estimator_2 - 12_folds.train_8.predict)=32.97%
[ 2020-05-27 07:29:59,683][kfold_wrapper.log_eval_metrics] Accuracy(layer_0 - estimator_2 - 12_folds.train_9.predict)=35.16%
[ 2020-05-27 07:30:00,041][kfold_wrapper.log_eval_metrics] Accuracy(layer_0 - estimator_2 - 12_folds.train_10.predict)=30.77%
[ 2020-05-27 07:30:00,384][kfold_wrapper.log_eval_metrics] Accuracy(layer_0 - estimator_2 - 12_folds.train_11.predict)=34.62%
[ 2020-05-27 07:30:00,501][kfold_wrapper.log_eval_metrics] Accuracy(layer_0 - estimator_2 - 12_folds.train_cv.predict)=32.51%
[ 2020-05-27 07:30:00,505][kfold_wrapper.log_eval_metrics] Accuracy(layer_0 - estimator_2 - 12_folds.test.predict)=35.39%
[ 2020-05-27 07:30:00,582][kfold_wrapper.log_eval_metrics] Accuracy(layer_0 - estimator_3 - 12_folds.train_0.predict)=39.01%
[ 2020-05-27 07:30:00,609][kfold_wrapper.log_eval_metrics] Accuracy(layer_0 - estimator_3 - 12_folds.train_1.predict)=41.21%
[ 2020-05-27 07:30:00,636][kfold_wrapper.log_eval_metrics] Accuracy(layer_0 - estimator_3 - 12_folds.train_2.predict)=37.36%
[ 2020-05-27 07:30:00,665][kfold_wrapper.log_eval_metrics] Accuracy(layer_0 - estimator_3 - 12_folds.train_3.predict)=38.46%
[ 2020-05-27 07:30:00,693][kfold_wrapper.log_eval_metrics] Accuracy(layer_0 - estimator_3 - 12_folds.train_4.predict)=35.71%
[ 2020-05-27 07:30:00,715][kfold_wrapper.log_eval_metrics] Accuracy(layer_0 - estimator_3 - 12_folds.train_5.predict)=41.21%
[ 2020-05-27 07:30:00,737][kfold_wrapper.log_eval_metrics] Accuracy(layer_0 - estimator_3 - 12_folds.train_6.predict)=40.11%
[ 2020-05-27 07:30:00,759][kfold_wrapper.log_eval_metrics] Accuracy(layer_0 - estimator_3 - 12_folds.train_7.predict)=40.11%
[ 2020-05-27 07:30:00,782][kfold_wrapper.log_eval_metrics] Accuracy(layer_0 - estimator_3 - 12_folds.train_8.predict)=41.21%
[ 2020-05-27 07:30:00,805][kfold_wrapper.log_eval_metrics] Accuracy(layer_0 - estimator_3 - 12_folds.train_9.predict)=40.66%
[ 2020-05-27 07:30:00,834][kfold_wrapper.log_eval_metrics] Accuracy(layer_0 - estimator_3 - 12_folds.train_10.predict)=40.11%
[ 2020-05-27 07:30:00,862][kfold_wrapper.log_eval_metrics] Accuracy(layer_0 - estimator_3 - 12_folds.train_11.predict)=39.01%
[ 2020-05-27 07:30:00,863][kfold_wrapper.log_eval_metrics] Accuracy(layer_0 - estimator_3 - 12_folds.train_cv.predict)=39.51%
[ 2020-05-27 07:30:00,864][kfold_wrapper.log_eval_metrics] Accuracy(layer_0 - estimator_3 - 12_folds.test.predict)=45.27%
[ 2020-05-27 07:30:00,866][cascade_classifier.calc_accuracy] Accuracy(layer_0 - train.classifier_average)=33.56%
[ 2020-05-27 07:30:00,866][cascade_classifier.calc_accuracy] Accuracy(layer_0 - test.classifier_average)=40.74%
[ 2020-05-27 07:30:00,867][cascade_classifier.fit_transform] [layer=1] look_indexs=[0], X_cur_train.shape=(2184, 17), X_cur_test.shape=(243, 17)
[ 2020-05-27 07:30:00,902][kfold_wrapper.log_eval_metrics] Accuracy(layer_1 - estimator_0 - 5_folds.train_0.predict)=34.55%
[ 2020-05-27 07:30:00,936][kfold_wrapper.log_eval_metrics] Accuracy(layer_1 - estimator_0 - 5_folds.train_1.predict)=40.73%
[ 2020-05-27 07:30:00,977][kfold_wrapper.log_eval_metrics] Accuracy(layer_1 - estimator_0 - 5_folds.train_2.predict)=35.47%
[ 2020-05-27 07:30:01,012][kfold_wrapper.log_eval_metrics] Accuracy(layer_1 - estimator_0 - 5_folds.train_3.predict)=37.99%
[ 2020-05-27 07:30:01,047][kfold_wrapper.log_eval_metrics] Accuracy(layer_1 - estimator_0 - 5_folds.train_4.predict)=36.01%
[ 2020-05-27 07:30:01,049][kfold_wrapper.log_eval_metrics] Accuracy(layer_1 - estimator_0 - 5_folds.train_cv.predict)=36.95%
[ 2020-05-27 07:30:01,050][kfold_wrapper.log_eval_metrics] Accuracy(layer_1 - estimator_0 - 5_folds.test.predict)=37.04%
[ 2020-05-27 07:30:01,271][kfold_wrapper.log_eval_metrics] Accuracy(layer_1 - estimator_1 - 12_folds.train_0.predict)=42.86%
[ 2020-05-27 07:30:01,613][kfold_wrapper.log_eval_metrics] Accuracy(layer_1 - estimator_1 - 12_folds.train_1.predict)=31.32%
[ 2020-05-27 07:30:01,959][kfold_wrapper.log_eval_metrics] Accuracy(layer_1 - estimator_1 - 12_folds.train_2.predict)=32.42%
[ 2020-05-27 07:30:02,309][kfold_wrapper.log_eval_metrics] Accuracy(layer_1 - estimator_1 - 12_folds.train_3.predict)=40.11%
[ 2020-05-27 07:30:02,668][kfold_wrapper.log_eval_metrics] Accuracy(layer_1 - estimator_1 - 12_folds.train_4.predict)=37.36%
[ 2020-05-27 07:30:03,022][kfold_wrapper.log_eval_metrics] Accuracy(layer_1 - estimator_1 - 12_folds.train_5.predict)=38.46%
[ 2020-05-27 07:30:03,370][kfold_wrapper.log_eval_metrics] Accuracy(layer_1 - estimator_1 - 12_folds.train_6.predict)=35.71%
[ 2020-05-27 07:30:03,718][kfold_wrapper.log_eval_metrics] Accuracy(layer_1 - estimator_1 - 12_folds.train_7.predict)=34.07%
[ 2020-05-27 07:30:04,067][kfold_wrapper.log_eval_metrics] Accuracy(layer_1 - estimator_1 - 12_folds.train_8.predict)=34.62%
[ 2020-05-27 07:30:04,425][kfold_wrapper.log_eval_metrics] Accuracy(layer_1 - estimator_1 - 12_folds.train_9.predict)=42.86%
[ 2020-05-27 07:30:04,783][kfold_wrapper.log_eval_metrics] Accuracy(layer_1 - estimator_1 - 12_folds.train_10.predict)=41.76%
[ 2020-05-27 07:30:05,142][kfold_wrapper.log_eval_metrics] Accuracy(layer_1 - estimator_1 - 12_folds.train_11.predict)=38.46%
[ 2020-05-27 07:30:05,251][kfold_wrapper.log_eval_metrics] Accuracy(layer_1 - estimator_1 - 12_folds.train_cv.predict)=37.50%
[ 2020-05-27 07:30:05,254][kfold_wrapper.log_eval_metrics] Accuracy(layer_1 - estimator_1 - 12_folds.test.predict)=30.04%
[ 2020-05-27 07:30:05,503][kfold_wrapper.log_eval_metrics] Accuracy(layer_1 - estimator_2 - 12_folds.train_0.predict)=35.16%
[ 2020-05-27 07:30:05,843][kfold_wrapper.log_eval_metrics] Accuracy(layer_1 - estimator_2 - 12_folds.train_1.predict)=39.56%
[ 2020-05-27 07:30:06,180][kfold_wrapper.log_eval_metrics] Accuracy(layer_1 - estimator_2 - 12_folds.train_2.predict)=40.66%
[ 2020-05-27 07:30:06,539][kfold_wrapper.log_eval_metrics] Accuracy(layer_1 - estimator_2 - 12_folds.train_3.predict)=39.01%
[ 2020-05-27 07:30:06,882][kfold_wrapper.log_eval_metrics] Accuracy(layer_1 - estimator_2 - 12_folds.train_4.predict)=31.87%
[ 2020-05-27 07:30:07,236][kfold_wrapper.log_eval_metrics] Accuracy(layer_1 - estimator_2 - 12_folds.train_5.predict)=39.01%
[ 2020-05-27 07:30:07,592][kfold_wrapper.log_eval_metrics] Accuracy(layer_1 - estimator_2 - 12_folds.train_6.predict)=37.36%
[ 2020-05-27 07:30:07,941][kfold_wrapper.log_eval_metrics] Accuracy(layer_1 - estimator_2 - 12_folds.train_7.predict)=40.11%
[ 2020-05-27 07:30:08,294][kfold_wrapper.log_eval_metrics] Accuracy(layer_1 - estimator_2 - 12_folds.train_8.predict)=37.91%
[ 2020-05-27 07:30:08,652][kfold_wrapper.log_eval_metrics] Accuracy(layer_1 - estimator_2 - 12_folds.train_9.predict)=42.31%
[ 2020-05-27 07:30:08,995][kfold_wrapper.log_eval_metrics] Accuracy(layer_1 - estimator_2 - 12_folds.train_10.predict)=40.66%
[ 2020-05-27 07:30:09,342][kfold_wrapper.log_eval_metrics] Accuracy(layer_1 - estimator_2 - 12_folds.train_11.predict)=34.07%
[ 2020-05-27 07:30:09,453][kfold_wrapper.log_eval_metrics] Accuracy(layer_1 - estimator_2 - 12_folds.train_cv.predict)=38.14%
[ 2020-05-27 07:30:09,456][kfold_wrapper.log_eval_metrics] Accuracy(layer_1 - estimator_2 - 12_folds.test.predict)=35.80%
[ 2020-05-27 07:30:09,570][kfold_wrapper.log_eval_metrics] Accuracy(layer_1 - estimator_3 - 12_folds.train_0.predict)=40.66%
[ 2020-05-27 07:30:09,640][kfold_wrapper.log_eval_metrics] Accuracy(layer_1 - estimator_3 - 12_folds.train_1.predict)=40.66%
[ 2020-05-27 07:30:09,709][kfold_wrapper.log_eval_metrics] Accuracy(layer_1 - estimator_3 - 12_folds.train_2.predict)=30.77%
[ 2020-05-27 07:30:09,778][kfold_wrapper.log_eval_metrics] Accuracy(layer_1 - estimator_3 - 12_folds.train_3.predict)=34.07%
[ 2020-05-27 07:30:09,846][kfold_wrapper.log_eval_metrics] Accuracy(layer_1 - estimator_3 - 12_folds.train_4.predict)=41.76%
[ 2020-05-27 07:30:09,911][kfold_wrapper.log_eval_metrics] Accuracy(layer_1 - estimator_3 - 12_folds.train_5.predict)=41.76%
[ 2020-05-27 07:30:09,978][kfold_wrapper.log_eval_metrics] Accuracy(layer_1 - estimator_3 - 12_folds.train_6.predict)=39.01%
[ 2020-05-27 07:30:10,046][kfold_wrapper.log_eval_metrics] Accuracy(layer_1 - estimator_3 - 12_folds.train_7.predict)=39.56%
[ 2020-05-27 07:30:10,114][kfold_wrapper.log_eval_metrics] Accuracy(layer_1 - estimator_3 - 12_folds.train_8.predict)=32.97%
[ 2020-05-27 07:30:10,181][kfold_wrapper.log_eval_metrics] Accuracy(layer_1 - estimator_3 - 12_folds.train_9.predict)=32.42%
[ 2020-05-27 07:30:10,249][kfold_wrapper.log_eval_metrics] Accuracy(layer_1 - estimator_3 - 12_folds.train_10.predict)=44.51%
[ 2020-05-27 07:30:10,318][kfold_wrapper.log_eval_metrics] Accuracy(layer_1 - estimator_3 - 12_folds.train_11.predict)=37.36%
[ 2020-05-27 07:30:10,319][kfold_wrapper.log_eval_metrics] Accuracy(layer_1 - estimator_3 - 12_folds.train_cv.predict)=37.96%
[ 2020-05-27 07:30:10,319][kfold_wrapper.log_eval_metrics] Accuracy(layer_1 - estimator_3 - 12_folds.test.predict)=44.86%
[ 2020-05-27 07:30:10,320][cascade_classifier.calc_accuracy] Accuracy(layer_1 - train.classifier_average)=38.83%
[ 2020-05-27 07:30:10,321][cascade_classifier.calc_accuracy] Accuracy(layer_1 - test.classifier_average)=38.27%
[ 2020-05-27 07:30:10,322][cascade_classifier.fit_transform] [layer=2] look_indexs=[0], X_cur_train.shape=(2184, 17), X_cur_test.shape=(243, 17)
[ 2020-05-27 07:30:10,358][kfold_wrapper.log_eval_metrics] Accuracy(layer_2 - estimator_0 - 5_folds.train_0.predict)=39.36%
[ 2020-05-27 07:30:10,393][kfold_wrapper.log_eval_metrics] Accuracy(layer_2 - estimator_0 - 5_folds.train_1.predict)=37.99%
[ 2020-05-27 07:30:10,429][kfold_wrapper.log_eval_metrics] Accuracy(layer_2 - estimator_0 - 5_folds.train_2.predict)=36.84%
[ 2020-05-27 07:30:10,464][kfold_wrapper.log_eval_metrics] Accuracy(layer_2 - estimator_0 - 5_folds.train_3.predict)=37.76%
[ 2020-05-27 07:30:10,498][kfold_wrapper.log_eval_metrics] Accuracy(layer_2 - estimator_0 - 5_folds.train_4.predict)=39.91%
[ 2020-05-27 07:30:10,501][kfold_wrapper.log_eval_metrics] Accuracy(layer_2 - estimator_0 - 5_folds.train_cv.predict)=38.37%
[ 2020-05-27 07:30:10,502][kfold_wrapper.log_eval_metrics] Accuracy(layer_2 - estimator_0 - 5_folds.test.predict)=40.33%
[ 2020-05-27 07:30:10,721][kfold_wrapper.log_eval_metrics] Accuracy(layer_2 - estimator_1 - 12_folds.train_0.predict)=41.76%
[ 2020-05-27 07:30:11,072][kfold_wrapper.log_eval_metrics] Accuracy(layer_2 - estimator_1 - 12_folds.train_1.predict)=36.81%
[ 2020-05-27 07:30:11,415][kfold_wrapper.log_eval_metrics] Accuracy(layer_2 - estimator_1 - 12_folds.train_2.predict)=36.81%
[ 2020-05-27 07:30:11,766][kfold_wrapper.log_eval_metrics] Accuracy(layer_2 - estimator_1 - 12_folds.train_3.predict)=36.81%
[ 2020-05-27 07:30:12,119][kfold_wrapper.log_eval_metrics] Accuracy(layer_2 - estimator_1 - 12_folds.train_4.predict)=36.81%
[ 2020-05-27 07:30:12,459][kfold_wrapper.log_eval_metrics] Accuracy(layer_2 - estimator_1 - 12_folds.train_5.predict)=35.71%
[ 2020-05-27 07:30:12,821][kfold_wrapper.log_eval_metrics] Accuracy(layer_2 - estimator_1 - 12_folds.train_6.predict)=38.46%
[ 2020-05-27 07:30:13,180][kfold_wrapper.log_eval_metrics] Accuracy(layer_2 - estimator_1 - 12_folds.train_7.predict)=41.76%
[ 2020-05-27 07:30:13,530][kfold_wrapper.log_eval_metrics] Accuracy(layer_2 - estimator_1 - 12_folds.train_8.predict)=35.71%
[ 2020-05-27 07:30:13,871][kfold_wrapper.log_eval_metrics] Accuracy(layer_2 - estimator_1 - 12_folds.train_9.predict)=40.66%
[ 2020-05-27 07:30:14,225][kfold_wrapper.log_eval_metrics] Accuracy(layer_2 - estimator_1 - 12_folds.train_10.predict)=36.81%
[ 2020-05-27 07:30:14,580][kfold_wrapper.log_eval_metrics] Accuracy(layer_2 - estimator_1 - 12_folds.train_11.predict)=32.42%
[ 2020-05-27 07:30:14,699][kfold_wrapper.log_eval_metrics] Accuracy(layer_2 - estimator_1 - 12_folds.train_cv.predict)=37.55%
[ 2020-05-27 07:30:14,702][kfold_wrapper.log_eval_metrics] Accuracy(layer_2 - estimator_1 - 12_folds.test.predict)=31.28%
[ 2020-05-27 07:30:14,949][kfold_wrapper.log_eval_metrics] Accuracy(layer_2 - estimator_2 - 12_folds.train_0.predict)=36.26%
[ 2020-05-27 07:30:15,288][kfold_wrapper.log_eval_metrics] Accuracy(layer_2 - estimator_2 - 12_folds.train_1.predict)=37.36%
[ 2020-05-27 07:30:15,645][kfold_wrapper.log_eval_metrics] Accuracy(layer_2 - estimator_2 - 12_folds.train_2.predict)=43.96%
[ 2020-05-27 07:30:16,004][kfold_wrapper.log_eval_metrics] Accuracy(layer_2 - estimator_2 - 12_folds.train_3.predict)=31.87%
[ 2020-05-27 07:30:16,340][kfold_wrapper.log_eval_metrics] Accuracy(layer_2 - estimator_2 - 12_folds.train_4.predict)=45.05%
[ 2020-05-27 07:30:16,696][kfold_wrapper.log_eval_metrics] Accuracy(layer_2 - estimator_2 - 12_folds.train_5.predict)=38.46%
[ 2020-05-27 07:30:17,049][kfold_wrapper.log_eval_metrics] Accuracy(layer_2 - estimator_2 - 12_folds.train_6.predict)=35.16%
[ 2020-05-27 07:30:17,389][kfold_wrapper.log_eval_metrics] Accuracy(layer_2 - estimator_2 - 12_folds.train_7.predict)=33.52%
[ 2020-05-27 07:30:17,734][kfold_wrapper.log_eval_metrics] Accuracy(layer_2 - estimator_2 - 12_folds.train_8.predict)=36.26%
[ 2020-05-27 07:30:18,095][kfold_wrapper.log_eval_metrics] Accuracy(layer_2 - estimator_2 - 12_folds.train_9.predict)=40.11%
[ 2020-05-27 07:30:18,425][kfold_wrapper.log_eval_metrics] Accuracy(layer_2 - estimator_2 - 12_folds.train_10.predict)=35.71%
[ 2020-05-27 07:30:18,783][kfold_wrapper.log_eval_metrics] Accuracy(layer_2 - estimator_2 - 12_folds.train_11.predict)=41.21%
[ 2020-05-27 07:30:18,901][kfold_wrapper.log_eval_metrics] Accuracy(layer_2 - estimator_2 - 12_folds.train_cv.predict)=37.91%
[ 2020-05-27 07:30:18,903][kfold_wrapper.log_eval_metrics] Accuracy(layer_2 - estimator_2 - 12_folds.test.predict)=37.04%
[ 2020-05-27 07:30:19,002][kfold_wrapper.log_eval_metrics] Accuracy(layer_2 - estimator_3 - 12_folds.train_0.predict)=37.36%
[ 2020-05-27 07:30:19,076][kfold_wrapper.log_eval_metrics] Accuracy(layer_2 - estimator_3 - 12_folds.train_1.predict)=39.56%
[ 2020-05-27 07:30:19,152][kfold_wrapper.log_eval_metrics] Accuracy(layer_2 - estimator_3 - 12_folds.train_2.predict)=38.46%
[ 2020-05-27 07:30:19,226][kfold_wrapper.log_eval_metrics] Accuracy(layer_2 - estimator_3 - 12_folds.train_3.predict)=37.91%
[ 2020-05-27 07:30:19,304][kfold_wrapper.log_eval_metrics] Accuracy(layer_2 - estimator_3 - 12_folds.train_4.predict)=41.76%
[ 2020-05-27 07:30:19,381][kfold_wrapper.log_eval_metrics] Accuracy(layer_2 - estimator_3 - 12_folds.train_5.predict)=40.11%
[ 2020-05-27 07:30:19,456][kfold_wrapper.log_eval_metrics] Accuracy(layer_2 - estimator_3 - 12_folds.train_6.predict)=39.01%
[ 2020-05-27 07:30:19,530][kfold_wrapper.log_eval_metrics] Accuracy(layer_2 - estimator_3 - 12_folds.train_7.predict)=43.41%
[ 2020-05-27 07:30:19,605][kfold_wrapper.log_eval_metrics] Accuracy(layer_2 - estimator_3 - 12_folds.train_8.predict)=39.56%
[ 2020-05-27 07:30:19,681][kfold_wrapper.log_eval_metrics] Accuracy(layer_2 - estimator_3 - 12_folds.train_9.predict)=42.86%
[ 2020-05-27 07:30:19,755][kfold_wrapper.log_eval_metrics] Accuracy(layer_2 - estimator_3 - 12_folds.train_10.predict)=41.21%
[ 2020-05-27 07:30:19,831][kfold_wrapper.log_eval_metrics] Accuracy(layer_2 - estimator_3 - 12_folds.train_11.predict)=39.01%
[ 2020-05-27 07:30:19,832][kfold_wrapper.log_eval_metrics] Accuracy(layer_2 - estimator_3 - 12_folds.train_cv.predict)=40.02%
[ 2020-05-27 07:30:19,832][kfold_wrapper.log_eval_metrics] Accuracy(layer_2 - estimator_3 - 12_folds.test.predict)=42.80%
[ 2020-05-27 07:30:19,834][cascade_classifier.calc_accuracy] Accuracy(layer_2 - train.classifier_average)=38.92%
[ 2020-05-27 07:30:19,834][cascade_classifier.calc_accuracy] Accuracy(layer_2 - test.classifier_average)=35.80%
[ 2020-05-27 07:30:19,835][cascade_classifier.fit_transform] [layer=3] look_indexs=[0], X_cur_train.shape=(2184, 17), X_cur_test.shape=(243, 17)
[ 2020-05-27 07:30:19,872][kfold_wrapper.log_eval_metrics] Accuracy(layer_3 - estimator_0 - 5_folds.train_0.predict)=34.32%
[ 2020-05-27 07:30:19,911][kfold_wrapper.log_eval_metrics] Accuracy(layer_3 - estimator_0 - 5_folds.train_1.predict)=37.53%
[ 2020-05-27 07:30:19,950][kfold_wrapper.log_eval_metrics] Accuracy(layer_3 - estimator_0 - 5_folds.train_2.predict)=38.44%
[ 2020-05-27 07:30:19,989][kfold_wrapper.log_eval_metrics] Accuracy(layer_3 - estimator_0 - 5_folds.train_3.predict)=42.79%
[ 2020-05-27 07:30:20,029][kfold_wrapper.log_eval_metrics] Accuracy(layer_3 - estimator_0 - 5_folds.train_4.predict)=36.93%
[ 2020-05-27 07:30:20,031][kfold_wrapper.log_eval_metrics] Accuracy(layer_3 - estimator_0 - 5_folds.train_cv.predict)=38.00%
[ 2020-05-27 07:30:20,033][kfold_wrapper.log_eval_metrics] Accuracy(layer_3 - estimator_0 - 5_folds.test.predict)=35.39%
[ 2020-05-27 07:30:20,253][kfold_wrapper.log_eval_metrics] Accuracy(layer_3 - estimator_1 - 12_folds.train_0.predict)=31.32%
[ 2020-05-27 07:30:20,614][kfold_wrapper.log_eval_metrics] Accuracy(layer_3 - estimator_1 - 12_folds.train_1.predict)=35.71%
[ 2020-05-27 07:30:20,976][kfold_wrapper.log_eval_metrics] Accuracy(layer_3 - estimator_1 - 12_folds.train_2.predict)=33.52%
[ 2020-05-27 07:30:21,328][kfold_wrapper.log_eval_metrics] Accuracy(layer_3 - estimator_1 - 12_folds.train_3.predict)=40.11%
[ 2020-05-27 07:30:21,682][kfold_wrapper.log_eval_metrics] Accuracy(layer_3 - estimator_1 - 12_folds.train_4.predict)=36.81%
[ 2020-05-27 07:30:22,025][kfold_wrapper.log_eval_metrics] Accuracy(layer_3 - estimator_1 - 12_folds.train_5.predict)=34.07%
[ 2020-05-27 07:30:22,369][kfold_wrapper.log_eval_metrics] Accuracy(layer_3 - estimator_1 - 12_folds.train_6.predict)=39.56%
[ 2020-05-27 07:30:22,726][kfold_wrapper.log_eval_metrics] Accuracy(layer_3 - estimator_1 - 12_folds.train_7.predict)=36.26%
[ 2020-05-27 07:30:23,083][kfold_wrapper.log_eval_metrics] Accuracy(layer_3 - estimator_1 - 12_folds.train_8.predict)=39.01%
[ 2020-05-27 07:30:23,434][kfold_wrapper.log_eval_metrics] Accuracy(layer_3 - estimator_1 - 12_folds.train_9.predict)=34.07%
[ 2020-05-27 07:30:23,791][kfold_wrapper.log_eval_metrics] Accuracy(layer_3 - estimator_1 - 12_folds.train_10.predict)=30.77%
[ 2020-05-27 07:30:24,135][kfold_wrapper.log_eval_metrics] Accuracy(layer_3 - estimator_1 - 12_folds.train_11.predict)=42.31%
[ 2020-05-27 07:30:24,248][kfold_wrapper.log_eval_metrics] Accuracy(layer_3 - estimator_1 - 12_folds.train_cv.predict)=36.13%
[ 2020-05-27 07:30:24,250][kfold_wrapper.log_eval_metrics] Accuracy(layer_3 - estimator_1 - 12_folds.test.predict)=38.27%
[ 2020-05-27 07:30:24,490][kfold_wrapper.log_eval_metrics] Accuracy(layer_3 - estimator_2 - 12_folds.train_0.predict)=37.91%
[ 2020-05-27 07:30:24,845][kfold_wrapper.log_eval_metrics] Accuracy(layer_3 - estimator_2 - 12_folds.train_1.predict)=35.71%
[ 2020-05-27 07:30:25,200][kfold_wrapper.log_eval_metrics] Accuracy(layer_3 - estimator_2 - 12_folds.train_2.predict)=40.66%
[ 2020-05-27 07:30:25,550][kfold_wrapper.log_eval_metrics] Accuracy(layer_3 - estimator_2 - 12_folds.train_3.predict)=30.22%
[ 2020-05-27 07:30:25,889][kfold_wrapper.log_eval_metrics] Accuracy(layer_3 - estimator_2 - 12_folds.train_4.predict)=36.81%
[ 2020-05-27 07:30:26,240][kfold_wrapper.log_eval_metrics] Accuracy(layer_3 - estimator_2 - 12_folds.train_5.predict)=43.41%
[ 2020-05-27 07:30:26,588][kfold_wrapper.log_eval_metrics] Accuracy(layer_3 - estimator_2 - 12_folds.train_6.predict)=30.22%
[ 2020-05-27 07:30:26,940][kfold_wrapper.log_eval_metrics] Accuracy(layer_3 - estimator_2 - 12_folds.train_7.predict)=39.01%
[ 2020-05-27 07:30:27,288][kfold_wrapper.log_eval_metrics] Accuracy(layer_3 - estimator_2 - 12_folds.train_8.predict)=36.81%
[ 2020-05-27 07:30:27,645][kfold_wrapper.log_eval_metrics] Accuracy(layer_3 - estimator_2 - 12_folds.train_9.predict)=38.46%
[ 2020-05-27 07:30:27,999][kfold_wrapper.log_eval_metrics] Accuracy(layer_3 - estimator_2 - 12_folds.train_10.predict)=35.71%
[ 2020-05-27 07:30:28,355][kfold_wrapper.log_eval_metrics] Accuracy(layer_3 - estimator_2 - 12_folds.train_11.predict)=34.07%
[ 2020-05-27 07:30:28,474][kfold_wrapper.log_eval_metrics] Accuracy(layer_3 - estimator_2 - 12_folds.train_cv.predict)=36.58%
[ 2020-05-27 07:30:28,477][kfold_wrapper.log_eval_metrics] Accuracy(layer_3 - estimator_2 - 12_folds.test.predict)=40.33%
[ 2020-05-27 07:30:28,601][kfold_wrapper.log_eval_metrics] Accuracy(layer_3 - estimator_3 - 12_folds.train_0.predict)=42.31%
[ 2020-05-27 07:30:28,683][kfold_wrapper.log_eval_metrics] Accuracy(layer_3 - estimator_3 - 12_folds.train_1.predict)=45.05%
[ 2020-05-27 07:30:28,767][kfold_wrapper.log_eval_metrics] Accuracy(layer_3 - estimator_3 - 12_folds.train_2.predict)=38.46%
[ 2020-05-27 07:30:28,852][kfold_wrapper.log_eval_metrics] Accuracy(layer_3 - estimator_3 - 12_folds.train_3.predict)=43.41%
[ 2020-05-27 07:30:28,933][kfold_wrapper.log_eval_metrics] Accuracy(layer_3 - estimator_3 - 12_folds.train_4.predict)=39.56%
[ 2020-05-27 07:30:29,013][kfold_wrapper.log_eval_metrics] Accuracy(layer_3 - estimator_3 - 12_folds.train_5.predict)=39.01%
[ 2020-05-27 07:30:29,092][kfold_wrapper.log_eval_metrics] Accuracy(layer_3 - estimator_3 - 12_folds.train_6.predict)=34.62%
[ 2020-05-27 07:30:29,172][kfold_wrapper.log_eval_metrics] Accuracy(layer_3 - estimator_3 - 12_folds.train_7.predict)=37.91%
[ 2020-05-27 07:30:29,253][kfold_wrapper.log_eval_metrics] Accuracy(layer_3 - estimator_3 - 12_folds.train_8.predict)=43.96%
[ 2020-05-27 07:30:29,330][kfold_wrapper.log_eval_metrics] Accuracy(layer_3 - estimator_3 - 12_folds.train_9.predict)=41.21%
[ 2020-05-27 07:30:29,411][kfold_wrapper.log_eval_metrics] Accuracy(layer_3 - estimator_3 - 12_folds.train_10.predict)=36.81%
[ 2020-05-27 07:30:29,492][kfold_wrapper.log_eval_metrics] Accuracy(layer_3 - estimator_3 - 12_folds.train_11.predict)=40.66%
[ 2020-05-27 07:30:29,493][kfold_wrapper.log_eval_metrics] Accuracy(layer_3 - estimator_3 - 12_folds.train_cv.predict)=40.25%
[ 2020-05-27 07:30:29,494][kfold_wrapper.log_eval_metrics] Accuracy(layer_3 - estimator_3 - 12_folds.test.predict)=42.80%
[ 2020-05-27 07:30:29,495][cascade_classifier.calc_accuracy] Accuracy(layer_3 - train.classifier_average)=38.10%
[ 2020-05-27 07:30:29,496][cascade_classifier.calc_accuracy] Accuracy(layer_3 - test.classifier_average)=41.56%
[ 2020-05-27 07:30:29,497][cascade_classifier.fit_transform] [layer=4] look_indexs=[0], X_cur_train.shape=(2184, 17), X_cur_test.shape=(243, 17)
[ 2020-05-27 07:30:29,532][kfold_wrapper.log_eval_metrics] Accuracy(layer_4 - estimator_0 - 5_folds.train_0.predict)=37.76%
[ 2020-05-27 07:30:29,567][kfold_wrapper.log_eval_metrics] Accuracy(layer_4 - estimator_0 - 5_folds.train_1.predict)=37.07%
[ 2020-05-27 07:30:29,602][kfold_wrapper.log_eval_metrics] Accuracy(layer_4 - estimator_0 - 5_folds.train_2.predict)=37.53%
[ 2020-05-27 07:30:29,638][kfold_wrapper.log_eval_metrics] Accuracy(layer_4 - estimator_0 - 5_folds.train_3.predict)=35.70%
[ 2020-05-27 07:30:29,673][kfold_wrapper.log_eval_metrics] Accuracy(layer_4 - estimator_0 - 5_folds.train_4.predict)=36.93%
[ 2020-05-27 07:30:29,676][kfold_wrapper.log_eval_metrics] Accuracy(layer_4 - estimator_0 - 5_folds.train_cv.predict)=37.00%
[ 2020-05-27 07:30:29,678][kfold_wrapper.log_eval_metrics] Accuracy(layer_4 - estimator_0 - 5_folds.test.predict)=39.51%
[ 2020-05-27 07:30:29,899][kfold_wrapper.log_eval_metrics] Accuracy(layer_4 - estimator_1 - 12_folds.train_0.predict)=35.16%
[ 2020-05-27 07:30:30,250][kfold_wrapper.log_eval_metrics] Accuracy(layer_4 - estimator_1 - 12_folds.train_1.predict)=36.26%
[ 2020-05-27 07:30:30,592][kfold_wrapper.log_eval_metrics] Accuracy(layer_4 - estimator_1 - 12_folds.train_2.predict)=30.77%
[ 2020-05-27 07:30:30,948][kfold_wrapper.log_eval_metrics] Accuracy(layer_4 - estimator_1 - 12_folds.train_3.predict)=34.62%
[ 2020-05-27 07:30:31,306][kfold_wrapper.log_eval_metrics] Accuracy(layer_4 - estimator_1 - 12_folds.train_4.predict)=35.71%
[ 2020-05-27 07:30:31,665][kfold_wrapper.log_eval_metrics] Accuracy(layer_4 - estimator_1 - 12_folds.train_5.predict)=31.32%
[ 2020-05-27 07:30:32,024][kfold_wrapper.log_eval_metrics] Accuracy(layer_4 - estimator_1 - 12_folds.train_6.predict)=37.91%
[ 2020-05-27 07:30:32,381][kfold_wrapper.log_eval_metrics] Accuracy(layer_4 - estimator_1 - 12_folds.train_7.predict)=39.01%
[ 2020-05-27 07:30:32,728][kfold_wrapper.log_eval_metrics] Accuracy(layer_4 - estimator_1 - 12_folds.train_8.predict)=36.81%
[ 2020-05-27 07:30:33,082][kfold_wrapper.log_eval_metrics] Accuracy(layer_4 - estimator_1 - 12_folds.train_9.predict)=37.36%
[ 2020-05-27 07:30:33,436][kfold_wrapper.log_eval_metrics] Accuracy(layer_4 - estimator_1 - 12_folds.train_10.predict)=34.07%
[ 2020-05-27 07:30:33,795][kfold_wrapper.log_eval_metrics] Accuracy(layer_4 - estimator_1 - 12_folds.train_11.predict)=36.81%
[ 2020-05-27 07:30:33,914][kfold_wrapper.log_eval_metrics] Accuracy(layer_4 - estimator_1 - 12_folds.train_cv.predict)=35.49%
[ 2020-05-27 07:30:33,917][kfold_wrapper.log_eval_metrics] Accuracy(layer_4 - estimator_1 - 12_folds.test.predict)=37.86%
[ 2020-05-27 07:30:34,160][kfold_wrapper.log_eval_metrics] Accuracy(layer_4 - estimator_2 - 12_folds.train_0.predict)=40.11%
[ 2020-05-27 07:30:34,511][kfold_wrapper.log_eval_metrics] Accuracy(layer_4 - estimator_2 - 12_folds.train_1.predict)=39.56%
[ 2020-05-27 07:30:34,848][kfold_wrapper.log_eval_metrics] Accuracy(layer_4 - estimator_2 - 12_folds.train_2.predict)=35.71%
[ 2020-05-27 07:30:35,199][kfold_wrapper.log_eval_metrics] Accuracy(layer_4 - estimator_2 - 12_folds.train_3.predict)=33.52%
[ 2020-05-27 07:30:35,545][kfold_wrapper.log_eval_metrics] Accuracy(layer_4 - estimator_2 - 12_folds.train_4.predict)=31.32%
[ 2020-05-27 07:30:35,900][kfold_wrapper.log_eval_metrics] Accuracy(layer_4 - estimator_2 - 12_folds.train_5.predict)=41.76%
[ 2020-05-27 07:30:36,258][kfold_wrapper.log_eval_metrics] Accuracy(layer_4 - estimator_2 - 12_folds.train_6.predict)=32.42%
[ 2020-05-27 07:30:36,606][kfold_wrapper.log_eval_metrics] Accuracy(layer_4 - estimator_2 - 12_folds.train_7.predict)=35.71%
[ 2020-05-27 07:30:36,956][kfold_wrapper.log_eval_metrics] Accuracy(layer_4 - estimator_2 - 12_folds.train_8.predict)=33.52%
[ 2020-05-27 07:30:37,320][kfold_wrapper.log_eval_metrics] Accuracy(layer_4 - estimator_2 - 12_folds.train_9.predict)=39.56%
[ 2020-05-27 07:30:37,682][kfold_wrapper.log_eval_metrics] Accuracy(layer_4 - estimator_2 - 12_folds.train_10.predict)=39.56%
[ 2020-05-27 07:30:38,038][kfold_wrapper.log_eval_metrics] Accuracy(layer_4 - estimator_2 - 12_folds.train_11.predict)=29.12%
[ 2020-05-27 07:30:38,149][kfold_wrapper.log_eval_metrics] Accuracy(layer_4 - estimator_2 - 12_folds.train_cv.predict)=35.99%
[ 2020-05-27 07:30:38,151][kfold_wrapper.log_eval_metrics] Accuracy(layer_4 - estimator_2 - 12_folds.test.predict)=35.39%
[ 2020-05-27 07:30:38,267][kfold_wrapper.log_eval_metrics] Accuracy(layer_4 - estimator_3 - 12_folds.train_0.predict)=42.31%
[ 2020-05-27 07:30:38,354][kfold_wrapper.log_eval_metrics] Accuracy(layer_4 - estimator_3 - 12_folds.train_1.predict)=38.46%
[ 2020-05-27 07:30:38,442][kfold_wrapper.log_eval_metrics] Accuracy(layer_4 - estimator_3 - 12_folds.train_2.predict)=37.36%
[ 2020-05-27 07:30:38,530][kfold_wrapper.log_eval_metrics] Accuracy(layer_4 - estimator_3 - 12_folds.train_3.predict)=35.16%
[ 2020-05-27 07:30:38,617][kfold_wrapper.log_eval_metrics] Accuracy(layer_4 - estimator_3 - 12_folds.train_4.predict)=37.91%
[ 2020-05-27 07:30:38,704][kfold_wrapper.log_eval_metrics] Accuracy(layer_4 - estimator_3 - 12_folds.train_5.predict)=39.56%
[ 2020-05-27 07:30:38,793][kfold_wrapper.log_eval_metrics] Accuracy(layer_4 - estimator_3 - 12_folds.train_6.predict)=40.11%
[ 2020-05-27 07:30:38,880][kfold_wrapper.log_eval_metrics] Accuracy(layer_4 - estimator_3 - 12_folds.train_7.predict)=37.36%
[ 2020-05-27 07:30:38,970][kfold_wrapper.log_eval_metrics] Accuracy(layer_4 - estimator_3 - 12_folds.train_8.predict)=35.71%
[ 2020-05-27 07:30:39,057][kfold_wrapper.log_eval_metrics] Accuracy(layer_4 - estimator_3 - 12_folds.train_9.predict)=37.91%
[ 2020-05-27 07:30:39,145][kfold_wrapper.log_eval_metrics] Accuracy(layer_4 - estimator_3 - 12_folds.train_10.predict)=35.71%
[ 2020-05-27 07:30:39,229][kfold_wrapper.log_eval_metrics] Accuracy(layer_4 - estimator_3 - 12_folds.train_11.predict)=46.70%
[ 2020-05-27 07:30:39,230][kfold_wrapper.log_eval_metrics] Accuracy(layer_4 - estimator_3 - 12_folds.train_cv.predict)=38.69%
[ 2020-05-27 07:30:39,231][kfold_wrapper.log_eval_metrics] Accuracy(layer_4 - estimator_3 - 12_folds.test.predict)=44.86%
[ 2020-05-27 07:30:39,232][cascade_classifier.calc_accuracy] Accuracy(layer_4 - train.classifier_average)=37.55%
[ 2020-05-27 07:30:39,233][cascade_classifier.calc_accuracy] Accuracy(layer_4 - test.classifier_average)=39.92%
[ 2020-05-27 07:30:39,234][cascade_classifier.fit_transform] [layer=5] look_indexs=[0], X_cur_train.shape=(2184, 17), X_cur_test.shape=(243, 17)
[ 2020-05-27 07:30:39,270][kfold_wrapper.log_eval_metrics] Accuracy(layer_5 - estimator_0 - 5_folds.train_0.predict)=38.67%
[ 2020-05-27 07:30:39,306][kfold_wrapper.log_eval_metrics] Accuracy(layer_5 - estimator_0 - 5_folds.train_1.predict)=36.38%
[ 2020-05-27 07:30:39,341][kfold_wrapper.log_eval_metrics] Accuracy(layer_5 - estimator_0 - 5_folds.train_2.predict)=37.53%
[ 2020-05-27 07:30:39,375][kfold_wrapper.log_eval_metrics] Accuracy(layer_5 - estimator_0 - 5_folds.train_3.predict)=40.27%
[ 2020-05-27 07:30:39,411][kfold_wrapper.log_eval_metrics] Accuracy(layer_5 - estimator_0 - 5_folds.train_4.predict)=30.96%
[ 2020-05-27 07:30:39,414][kfold_wrapper.log_eval_metrics] Accuracy(layer_5 - estimator_0 - 5_folds.train_cv.predict)=36.77%
[ 2020-05-27 07:30:39,415][kfold_wrapper.log_eval_metrics] Accuracy(layer_5 - estimator_0 - 5_folds.test.predict)=44.86%
[ 2020-05-27 07:30:39,636][kfold_wrapper.log_eval_metrics] Accuracy(layer_5 - estimator_1 - 12_folds.train_0.predict)=37.36%
[ 2020-05-27 07:30:39,982][kfold_wrapper.log_eval_metrics] Accuracy(layer_5 - estimator_1 - 12_folds.train_1.predict)=28.57%
[ 2020-05-27 07:30:40,327][kfold_wrapper.log_eval_metrics] Accuracy(layer_5 - estimator_1 - 12_folds.train_2.predict)=36.81%
[ 2020-05-27 07:30:40,670][kfold_wrapper.log_eval_metrics] Accuracy(layer_5 - estimator_1 - 12_folds.train_3.predict)=30.77%
[ 2020-05-27 07:30:41,020][kfold_wrapper.log_eval_metrics] Accuracy(layer_5 - estimator_1 - 12_folds.train_4.predict)=37.36%
[ 2020-05-27 07:30:41,357][kfold_wrapper.log_eval_metrics] Accuracy(layer_5 - estimator_1 - 12_folds.train_5.predict)=40.11%
[ 2020-05-27 07:30:41,716][kfold_wrapper.log_eval_metrics] Accuracy(layer_5 - estimator_1 - 12_folds.train_6.predict)=39.56%
[ 2020-05-27 07:30:42,073][kfold_wrapper.log_eval_metrics] Accuracy(layer_5 - estimator_1 - 12_folds.train_7.predict)=37.91%
[ 2020-05-27 07:30:42,435][kfold_wrapper.log_eval_metrics] Accuracy(layer_5 - estimator_1 - 12_folds.train_8.predict)=33.52%
[ 2020-05-27 07:30:42,794][kfold_wrapper.log_eval_metrics] Accuracy(layer_5 - estimator_1 - 12_folds.train_9.predict)=35.71%
[ 2020-05-27 07:30:43,154][kfold_wrapper.log_eval_metrics] Accuracy(layer_5 - estimator_1 - 12_folds.train_10.predict)=39.56%
[ 2020-05-27 07:30:43,502][kfold_wrapper.log_eval_metrics] Accuracy(layer_5 - estimator_1 - 12_folds.train_11.predict)=36.26%
[ 2020-05-27 07:30:43,622][kfold_wrapper.log_eval_metrics] Accuracy(layer_5 - estimator_1 - 12_folds.train_cv.predict)=36.13%
[ 2020-05-27 07:30:43,625][kfold_wrapper.log_eval_metrics] Accuracy(layer_5 - estimator_1 - 12_folds.test.predict)=33.33%
[ 2020-05-27 07:30:43,877][kfold_wrapper.log_eval_metrics] Accuracy(layer_5 - estimator_2 - 12_folds.train_0.predict)=32.42%
[ 2020-05-27 07:30:44,231][kfold_wrapper.log_eval_metrics] Accuracy(layer_5 - estimator_2 - 12_folds.train_1.predict)=32.97%
[ 2020-05-27 07:30:44,581][kfold_wrapper.log_eval_metrics] Accuracy(layer_5 - estimator_2 - 12_folds.train_2.predict)=30.77%
[ 2020-05-27 07:30:44,942][kfold_wrapper.log_eval_metrics] Accuracy(layer_5 - estimator_2 - 12_folds.train_3.predict)=38.46%
[ 2020-05-27 07:30:45,294][kfold_wrapper.log_eval_metrics] Accuracy(layer_5 - estimator_2 - 12_folds.train_4.predict)=30.22%
[ 2020-05-27 07:30:45,649][kfold_wrapper.log_eval_metrics] Accuracy(layer_5 - estimator_2 - 12_folds.train_5.predict)=30.22%
[ 2020-05-27 07:30:46,010][kfold_wrapper.log_eval_metrics] Accuracy(layer_5 - estimator_2 - 12_folds.train_6.predict)=28.57%
[ 2020-05-27 07:30:46,357][kfold_wrapper.log_eval_metrics] Accuracy(layer_5 - estimator_2 - 12_folds.train_7.predict)=36.26%
[ 2020-05-27 07:30:46,719][kfold_wrapper.log_eval_metrics] Accuracy(layer_5 - estimator_2 - 12_folds.train_8.predict)=30.77%
[ 2020-05-27 07:30:47,081][kfold_wrapper.log_eval_metrics] Accuracy(layer_5 - estimator_2 - 12_folds.train_9.predict)=40.11%
[ 2020-05-27 07:30:47,434][kfold_wrapper.log_eval_metrics] Accuracy(layer_5 - estimator_2 - 12_folds.train_10.predict)=31.87%
[ 2020-05-27 07:30:47,797][kfold_wrapper.log_eval_metrics] Accuracy(layer_5 - estimator_2 - 12_folds.train_11.predict)=39.56%
[ 2020-05-27 07:30:47,917][kfold_wrapper.log_eval_metrics] Accuracy(layer_5 - estimator_2 - 12_folds.train_cv.predict)=33.52%
[ 2020-05-27 07:30:47,920][kfold_wrapper.log_eval_metrics] Accuracy(layer_5 - estimator_2 - 12_folds.test.predict)=44.86%
[ 2020-05-27 07:30:48,058][kfold_wrapper.log_eval_metrics] Accuracy(layer_5 - estimator_3 - 12_folds.train_0.predict)=44.51%
[ 2020-05-27 07:30:48,157][kfold_wrapper.log_eval_metrics] Accuracy(layer_5 - estimator_3 - 12_folds.train_1.predict)=43.41%
[ 2020-05-27 07:30:48,256][kfold_wrapper.log_eval_metrics] Accuracy(layer_5 - estimator_3 - 12_folds.train_2.predict)=36.81%
[ 2020-05-27 07:30:48,353][kfold_wrapper.log_eval_metrics] Accuracy(layer_5 - estimator_3 - 12_folds.train_3.predict)=38.46%
[ 2020-05-27 07:30:48,453][kfold_wrapper.log_eval_metrics] Accuracy(layer_5 - estimator_3 - 12_folds.train_4.predict)=39.01%
[ 2020-05-27 07:30:48,552][kfold_wrapper.log_eval_metrics] Accuracy(layer_5 - estimator_3 - 12_folds.train_5.predict)=31.32%
[ 2020-05-27 07:30:48,649][kfold_wrapper.log_eval_metrics] Accuracy(layer_5 - estimator_3 - 12_folds.train_6.predict)=40.11%
[ 2020-05-27 07:30:48,748][kfold_wrapper.log_eval_metrics] Accuracy(layer_5 - estimator_3 - 12_folds.train_7.predict)=43.96%
[ 2020-05-27 07:30:48,847][kfold_wrapper.log_eval_metrics] Accuracy(layer_5 - estimator_3 - 12_folds.train_8.predict)=38.46%
[ 2020-05-27 07:30:48,940][kfold_wrapper.log_eval_metrics] Accuracy(layer_5 - estimator_3 - 12_folds.train_9.predict)=35.71%
[ 2020-05-27 07:30:49,033][kfold_wrapper.log_eval_metrics] Accuracy(layer_5 - estimator_3 - 12_folds.train_10.predict)=36.81%
[ 2020-05-27 07:30:49,129][kfold_wrapper.log_eval_metrics] Accuracy(layer_5 - estimator_3 - 12_folds.train_11.predict)=38.46%
[ 2020-05-27 07:30:49,131][kfold_wrapper.log_eval_metrics] Accuracy(layer_5 - estimator_3 - 12_folds.train_cv.predict)=38.92%
[ 2020-05-27 07:30:49,131][kfold_wrapper.log_eval_metrics] Accuracy(layer_5 - estimator_3 - 12_folds.test.predict)=46.50%
[ 2020-05-27 07:30:49,133][cascade_classifier.calc_accuracy] Accuracy(layer_5 - train.classifier_average)=35.62%
[ 2020-05-27 07:30:49,133][cascade_classifier.calc_accuracy] Accuracy(layer_5 - test.classifier_average)=40.33%
[ 2020-05-27 07:30:49,135][cascade_classifier.fit_transform] [layer=6] look_indexs=[0], X_cur_train.shape=(2184, 17), X_cur_test.shape=(243, 17)
[ 2020-05-27 07:30:49,171][kfold_wrapper.log_eval_metrics] Accuracy(layer_6 - estimator_0 - 5_folds.train_0.predict)=36.84%
[ 2020-05-27 07:30:49,208][kfold_wrapper.log_eval_metrics] Accuracy(layer_6 - estimator_0 - 5_folds.train_1.predict)=39.82%
[ 2020-05-27 07:30:49,243][kfold_wrapper.log_eval_metrics] Accuracy(layer_6 - estimator_0 - 5_folds.train_2.predict)=40.05%
[ 2020-05-27 07:30:49,278][kfold_wrapper.log_eval_metrics] Accuracy(layer_6 - estimator_0 - 5_folds.train_3.predict)=38.67%
[ 2020-05-27 07:30:49,313][kfold_wrapper.log_eval_metrics] Accuracy(layer_6 - estimator_0 - 5_folds.train_4.predict)=36.01%
[ 2020-05-27 07:30:49,315][kfold_wrapper.log_eval_metrics] Accuracy(layer_6 - estimator_0 - 5_folds.train_cv.predict)=38.28%
[ 2020-05-27 07:30:49,317][kfold_wrapper.log_eval_metrics] Accuracy(layer_6 - estimator_0 - 5_folds.test.predict)=37.04%
[ 2020-05-27 07:30:49,540][kfold_wrapper.log_eval_metrics] Accuracy(layer_6 - estimator_1 - 12_folds.train_0.predict)=34.62%
[ 2020-05-27 07:30:49,894][kfold_wrapper.log_eval_metrics] Accuracy(layer_6 - estimator_1 - 12_folds.train_1.predict)=34.07%
[ 2020-05-27 07:30:50,238][kfold_wrapper.log_eval_metrics] Accuracy(layer_6 - estimator_1 - 12_folds.train_2.predict)=35.71%
[ 2020-05-27 07:30:50,595][kfold_wrapper.log_eval_metrics] Accuracy(layer_6 - estimator_1 - 12_folds.train_3.predict)=29.67%
[ 2020-05-27 07:30:50,955][kfold_wrapper.log_eval_metrics] Accuracy(layer_6 - estimator_1 - 12_folds.train_4.predict)=34.07%
[ 2020-05-27 07:30:51,315][kfold_wrapper.log_eval_metrics] Accuracy(layer_6 - estimator_1 - 12_folds.train_5.predict)=36.81%
[ 2020-05-27 07:30:51,674][kfold_wrapper.log_eval_metrics] Accuracy(layer_6 - estimator_1 - 12_folds.train_6.predict)=32.97%
[ 2020-05-27 07:30:52,021][kfold_wrapper.log_eval_metrics] Accuracy(layer_6 - estimator_1 - 12_folds.train_7.predict)=30.22%
[ 2020-05-27 07:30:52,372][kfold_wrapper.log_eval_metrics] Accuracy(layer_6 - estimator_1 - 12_folds.train_8.predict)=40.11%
[ 2020-05-27 07:30:52,724][kfold_wrapper.log_eval_metrics] Accuracy(layer_6 - estimator_1 - 12_folds.train_9.predict)=39.56%
[ 2020-05-27 07:30:53,078][kfold_wrapper.log_eval_metrics] Accuracy(layer_6 - estimator_1 - 12_folds.train_10.predict)=35.71%
[ 2020-05-27 07:30:53,405][kfold_wrapper.log_eval_metrics] Accuracy(layer_6 - estimator_1 - 12_folds.train_11.predict)=40.66%
[ 2020-05-27 07:30:53,525][kfold_wrapper.log_eval_metrics] Accuracy(layer_6 - estimator_1 - 12_folds.train_cv.predict)=35.35%
[ 2020-05-27 07:30:53,528][kfold_wrapper.log_eval_metrics] Accuracy(layer_6 - estimator_1 - 12_folds.test.predict)=35.80%
[ 2020-05-27 07:30:53,775][kfold_wrapper.log_eval_metrics] Accuracy(layer_6 - estimator_2 - 12_folds.train_0.predict)=31.87%
[ 2020-05-27 07:30:54,126][kfold_wrapper.log_eval_metrics] Accuracy(layer_6 - estimator_2 - 12_folds.train_1.predict)=35.71%
[ 2020-05-27 07:30:54,461][kfold_wrapper.log_eval_metrics] Accuracy(layer_6 - estimator_2 - 12_folds.train_2.predict)=34.07%
[ 2020-05-27 07:30:54,817][kfold_wrapper.log_eval_metrics] Accuracy(layer_6 - estimator_2 - 12_folds.train_3.predict)=37.36%
[ 2020-05-27 07:30:55,180][kfold_wrapper.log_eval_metrics] Accuracy(layer_6 - estimator_2 - 12_folds.train_4.predict)=37.91%
[ 2020-05-27 07:30:55,535][kfold_wrapper.log_eval_metrics] Accuracy(layer_6 - estimator_2 - 12_folds.train_5.predict)=37.91%
[ 2020-05-27 07:30:55,885][kfold_wrapper.log_eval_metrics] Accuracy(layer_6 - estimator_2 - 12_folds.train_6.predict)=34.62%
[ 2020-05-27 07:30:56,244][kfold_wrapper.log_eval_metrics] Accuracy(layer_6 - estimator_2 - 12_folds.train_7.predict)=31.87%
[ 2020-05-27 07:30:56,595][kfold_wrapper.log_eval_metrics] Accuracy(layer_6 - estimator_2 - 12_folds.train_8.predict)=32.42%
[ 2020-05-27 07:30:56,948][kfold_wrapper.log_eval_metrics] Accuracy(layer_6 - estimator_2 - 12_folds.train_9.predict)=40.11%
[ 2020-05-27 07:30:57,301][kfold_wrapper.log_eval_metrics] Accuracy(layer_6 - estimator_2 - 12_folds.train_10.predict)=38.46%
[ 2020-05-27 07:30:57,664][kfold_wrapper.log_eval_metrics] Accuracy(layer_6 - estimator_2 - 12_folds.train_11.predict)=34.07%
[ 2020-05-27 07:30:57,783][kfold_wrapper.log_eval_metrics] Accuracy(layer_6 - estimator_2 - 12_folds.train_cv.predict)=35.53%
[ 2020-05-27 07:30:57,786][kfold_wrapper.log_eval_metrics] Accuracy(layer_6 - estimator_2 - 12_folds.test.predict)=33.74%
[ 2020-05-27 07:30:57,931][kfold_wrapper.log_eval_metrics] Accuracy(layer_6 - estimator_3 - 12_folds.train_0.predict)=41.21%
[ 2020-05-27 07:30:58,047][kfold_wrapper.log_eval_metrics] Accuracy(layer_6 - estimator_3 - 12_folds.train_1.predict)=36.81%
[ 2020-05-27 07:30:58,156][kfold_wrapper.log_eval_metrics] Accuracy(layer_6 - estimator_3 - 12_folds.train_2.predict)=38.46%
[ 2020-05-27 07:30:58,267][kfold_wrapper.log_eval_metrics] Accuracy(layer_6 - estimator_3 - 12_folds.train_3.predict)=37.36%
[ 2020-05-27 07:30:58,378][kfold_wrapper.log_eval_metrics] Accuracy(layer_6 - estimator_3 - 12_folds.train_4.predict)=36.81%
[ 2020-05-27 07:30:58,492][kfold_wrapper.log_eval_metrics] Accuracy(layer_6 - estimator_3 - 12_folds.train_5.predict)=38.46%
[ 2020-05-27 07:30:58,604][kfold_wrapper.log_eval_metrics] Accuracy(layer_6 - estimator_3 - 12_folds.train_6.predict)=40.11%
[ 2020-05-27 07:30:58,714][kfold_wrapper.log_eval_metrics] Accuracy(layer_6 - estimator_3 - 12_folds.train_7.predict)=37.91%
[ 2020-05-27 07:30:58,826][kfold_wrapper.log_eval_metrics] Accuracy(layer_6 - estimator_3 - 12_folds.train_8.predict)=42.31%
[ 2020-05-27 07:30:58,935][kfold_wrapper.log_eval_metrics] Accuracy(layer_6 - estimator_3 - 12_folds.train_9.predict)=44.51%
[ 2020-05-27 07:30:59,046][kfold_wrapper.log_eval_metrics] Accuracy(layer_6 - estimator_3 - 12_folds.train_10.predict)=40.66%
[ 2020-05-27 07:30:59,152][kfold_wrapper.log_eval_metrics] Accuracy(layer_6 - estimator_3 - 12_folds.train_11.predict)=42.31%
[ 2020-05-27 07:30:59,154][kfold_wrapper.log_eval_metrics] Accuracy(layer_6 - estimator_3 - 12_folds.train_cv.predict)=39.74%
[ 2020-05-27 07:30:59,155][kfold_wrapper.log_eval_metrics] Accuracy(layer_6 - estimator_3 - 12_folds.test.predict)=47.74%
[ 2020-05-27 07:30:59,156][cascade_classifier.calc_accuracy] Accuracy(layer_6 - train.classifier_average)=37.27%
[ 2020-05-27 07:30:59,157][cascade_classifier.calc_accuracy] Accuracy(layer_6 - test.classifier_average)=39.09%
[ 2020-05-27 07:30:59,158][cascade_classifier.fit_transform] [Result][Optimal Level Detected] opt_layer_num=3, accuracy_train=38.92%, accuracy_test=35.80%
[ 2020-05-27 07:30:59,244][cascade_classifier.transform] X_groups_test.shape=[(244, 5)]
[ 2020-05-27 07:30:59,245][cascade_classifier.transform] group_dims=[5]
[ 2020-05-27 07:30:59,246][cascade_classifier.transform] X_test.shape=(244, 5)
[ 2020-05-27 07:30:59,246][cascade_classifier.transform] [layer=0] look_indexs=[0], X_cur_test.shape=(244, 5)
[ 2020-05-27 07:31:01,917][cascade_classifier.transform] [layer=1] look_indexs=[0], X_cur_test.shape=(244, 17)
[ 2020-05-27 07:31:04,616][cascade_classifier.transform] [layer=2] look_indexs=[0], X_cur_test.shape=(244, 17)
[ 2020-05-27 07:31:07,689][cascade_classifier.fit_transform] X_groups_train.shape=[(2403, 5)],y_train.shape=(2403,),X_groups_test.shape=[(268, 5)],y_test.shape=(268,)
[ 2020-05-27 07:31:07,690][cascade_classifier.fit_transform] group_dims=[5]
[ 2020-05-27 07:31:07,690][cascade_classifier.fit_transform] group_starts=[0]
[ 2020-05-27 07:31:07,691][cascade_classifier.fit_transform] group_ends=[5]
[ 2020-05-27 07:31:07,692][cascade_classifier.fit_transform] X_train.shape=(2403, 5),X_test.shape=(268, 5)
[ 2020-05-27 07:31:07,693][cascade_classifier.fit_transform] [layer=0] look_indexs=[0], X_cur_train.shape=(2403, 5), X_cur_test.shape=(268, 5)
[ 2020-05-27 07:31:07,723][kfold_wrapper.log_eval_metrics] Accuracy(layer_0 - estimator_0 - 5_folds.train_0.predict)=35.76%
[ 2020-05-27 07:31:07,753][kfold_wrapper.log_eval_metrics] Accuracy(layer_0 - estimator_0 - 5_folds.train_1.predict)=35.97%
[ 2020-05-27 07:31:07,782][kfold_wrapper.log_eval_metrics] Accuracy(layer_0 - estimator_0 - 5_folds.train_2.predict)=35.34%
[ 2020-05-27 07:31:07,813][kfold_wrapper.log_eval_metrics] Accuracy(layer_0 - estimator_0 - 5_folds.train_3.predict)=40.62%
[ 2020-05-27 07:31:07,842][kfold_wrapper.log_eval_metrics] Accuracy(layer_0 - estimator_0 - 5_folds.train_4.predict)=39.17%
[ 2020-05-27 07:31:07,845][kfold_wrapper.log_eval_metrics] Accuracy(layer_0 - estimator_0 - 5_folds.train_cv.predict)=37.37%
[ 2020-05-27 07:31:07,846][kfold_wrapper.log_eval_metrics] Accuracy(layer_0 - estimator_0 - 5_folds.test.predict)=43.66%
[ 2020-05-27 07:31:08,065][kfold_wrapper.log_eval_metrics] Accuracy(layer_0 - estimator_1 - 12_folds.train_0.predict)=33.83%
[ 2020-05-27 07:31:08,414][kfold_wrapper.log_eval_metrics] Accuracy(layer_0 - estimator_1 - 12_folds.train_1.predict)=36.82%
[ 2020-05-27 07:31:08,746][kfold_wrapper.log_eval_metrics] Accuracy(layer_0 - estimator_1 - 12_folds.train_2.predict)=31.34%
[ 2020-05-27 07:31:09,083][kfold_wrapper.log_eval_metrics] Accuracy(layer_0 - estimator_1 - 12_folds.train_3.predict)=33.50%
[ 2020-05-27 07:31:09,437][kfold_wrapper.log_eval_metrics] Accuracy(layer_0 - estimator_1 - 12_folds.train_4.predict)=33.50%
[ 2020-05-27 07:31:09,794][kfold_wrapper.log_eval_metrics] Accuracy(layer_0 - estimator_1 - 12_folds.train_5.predict)=32.50%
[ 2020-05-27 07:31:10,148][kfold_wrapper.log_eval_metrics] Accuracy(layer_0 - estimator_1 - 12_folds.train_6.predict)=25.50%
[ 2020-05-27 07:31:10,495][kfold_wrapper.log_eval_metrics] Accuracy(layer_0 - estimator_1 - 12_folds.train_7.predict)=32.50%
[ 2020-05-27 07:31:10,847][kfold_wrapper.log_eval_metrics] Accuracy(layer_0 - estimator_1 - 12_folds.train_8.predict)=30.50%
[ 2020-05-27 07:31:11,205][kfold_wrapper.log_eval_metrics] Accuracy(layer_0 - estimator_1 - 12_folds.train_9.predict)=27.50%
[ 2020-05-27 07:31:11,547][kfold_wrapper.log_eval_metrics] Accuracy(layer_0 - estimator_1 - 12_folds.train_10.predict)=37.50%
[ 2020-05-27 07:31:11,897][kfold_wrapper.log_eval_metrics] Accuracy(layer_0 - estimator_1 - 12_folds.train_11.predict)=30.00%
[ 2020-05-27 07:31:12,015][kfold_wrapper.log_eval_metrics] Accuracy(layer_0 - estimator_1 - 12_folds.train_cv.predict)=32.08%
[ 2020-05-27 07:31:12,018][kfold_wrapper.log_eval_metrics] Accuracy(layer_0 - estimator_1 - 12_folds.test.predict)=39.93%
[ 2020-05-27 07:31:12,258][kfold_wrapper.log_eval_metrics] Accuracy(layer_0 - estimator_2 - 12_folds.train_0.predict)=38.31%
[ 2020-05-27 07:31:12,611][kfold_wrapper.log_eval_metrics] Accuracy(layer_0 - estimator_2 - 12_folds.train_1.predict)=33.33%
[ 2020-05-27 07:31:12,959][kfold_wrapper.log_eval_metrics] Accuracy(layer_0 - estimator_2 - 12_folds.train_2.predict)=36.82%
[ 2020-05-27 07:31:13,316][kfold_wrapper.log_eval_metrics] Accuracy(layer_0 - estimator_2 - 12_folds.train_3.predict)=31.00%
[ 2020-05-27 07:31:13,670][kfold_wrapper.log_eval_metrics] Accuracy(layer_0 - estimator_2 - 12_folds.train_4.predict)=35.00%
[ 2020-05-27 07:31:14,007][kfold_wrapper.log_eval_metrics] Accuracy(layer_0 - estimator_2 - 12_folds.train_5.predict)=34.00%
[ 2020-05-27 07:31:14,352][kfold_wrapper.log_eval_metrics] Accuracy(layer_0 - estimator_2 - 12_folds.train_6.predict)=33.00%
[ 2020-05-27 07:31:14,710][kfold_wrapper.log_eval_metrics] Accuracy(layer_0 - estimator_2 - 12_folds.train_7.predict)=31.00%
[ 2020-05-27 07:31:15,052][kfold_wrapper.log_eval_metrics] Accuracy(layer_0 - estimator_2 - 12_folds.train_8.predict)=28.50%
[ 2020-05-27 07:31:15,408][kfold_wrapper.log_eval_metrics] Accuracy(layer_0 - estimator_2 - 12_folds.train_9.predict)=37.00%
[ 2020-05-27 07:31:15,746][kfold_wrapper.log_eval_metrics] Accuracy(layer_0 - estimator_2 - 12_folds.train_10.predict)=35.50%
[ 2020-05-27 07:31:16,083][kfold_wrapper.log_eval_metrics] Accuracy(layer_0 - estimator_2 - 12_folds.train_11.predict)=30.00%
[ 2020-05-27 07:31:16,200][kfold_wrapper.log_eval_metrics] Accuracy(layer_0 - estimator_2 - 12_folds.train_cv.predict)=33.62%
[ 2020-05-27 07:31:16,202][kfold_wrapper.log_eval_metrics] Accuracy(layer_0 - estimator_2 - 12_folds.test.predict)=43.66%
[ 2020-05-27 07:31:16,241][kfold_wrapper.log_eval_metrics] Accuracy(layer_0 - estimator_3 - 12_folds.train_0.predict)=38.31%
[ 2020-05-27 07:31:16,273][kfold_wrapper.log_eval_metrics] Accuracy(layer_0 - estimator_3 - 12_folds.train_1.predict)=37.81%
[ 2020-05-27 07:31:16,296][kfold_wrapper.log_eval_metrics] Accuracy(layer_0 - estimator_3 - 12_folds.train_2.predict)=35.32%
[ 2020-05-27 07:31:16,319][kfold_wrapper.log_eval_metrics] Accuracy(layer_0 - estimator_3 - 12_folds.train_3.predict)=48.00%
[ 2020-05-27 07:31:16,342][kfold_wrapper.log_eval_metrics] Accuracy(layer_0 - estimator_3 - 12_folds.train_4.predict)=37.50%
[ 2020-05-27 07:31:16,367][kfold_wrapper.log_eval_metrics] Accuracy(layer_0 - estimator_3 - 12_folds.train_5.predict)=40.00%
[ 2020-05-27 07:31:16,392][kfold_wrapper.log_eval_metrics] Accuracy(layer_0 - estimator_3 - 12_folds.train_6.predict)=38.50%
[ 2020-05-27 07:31:16,431][kfold_wrapper.log_eval_metrics] Accuracy(layer_0 - estimator_3 - 12_folds.train_7.predict)=36.50%
[ 2020-05-27 07:31:16,463][kfold_wrapper.log_eval_metrics] Accuracy(layer_0 - estimator_3 - 12_folds.train_8.predict)=42.50%
[ 2020-05-27 07:31:16,485][kfold_wrapper.log_eval_metrics] Accuracy(layer_0 - estimator_3 - 12_folds.train_9.predict)=44.00%
[ 2020-05-27 07:31:16,512][kfold_wrapper.log_eval_metrics] Accuracy(layer_0 - estimator_3 - 12_folds.train_10.predict)=43.00%
[ 2020-05-27 07:31:16,543][kfold_wrapper.log_eval_metrics] Accuracy(layer_0 - estimator_3 - 12_folds.train_11.predict)=41.00%
[ 2020-05-27 07:31:16,544][kfold_wrapper.log_eval_metrics] Accuracy(layer_0 - estimator_3 - 12_folds.train_cv.predict)=40.20%
[ 2020-05-27 07:31:16,545][kfold_wrapper.log_eval_metrics] Accuracy(layer_0 - estimator_3 - 12_folds.test.predict)=35.07%
[ 2020-05-27 07:31:16,545][cascade_classifier.calc_accuracy] Accuracy(layer_0 - train.classifier_average)=34.29%
[ 2020-05-27 07:31:16,546][cascade_classifier.calc_accuracy] Accuracy(layer_0 - test.classifier_average)=43.28%
[ 2020-05-27 07:31:16,547][cascade_classifier.fit_transform] [layer=1] look_indexs=[0], X_cur_train.shape=(2403, 17), X_cur_test.shape=(268, 17)
[ 2020-05-27 07:31:16,584][kfold_wrapper.log_eval_metrics] Accuracy(layer_1 - estimator_0 - 5_folds.train_0.predict)=41.37%
[ 2020-05-27 07:31:16,621][kfold_wrapper.log_eval_metrics] Accuracy(layer_1 - estimator_0 - 5_folds.train_1.predict)=42.62%
[ 2020-05-27 07:31:16,659][kfold_wrapper.log_eval_metrics] Accuracy(layer_1 - estimator_0 - 5_folds.train_2.predict)=41.79%
[ 2020-05-27 07:31:16,697][kfold_wrapper.log_eval_metrics] Accuracy(layer_1 - estimator_0 - 5_folds.train_3.predict)=38.75%
[ 2020-05-27 07:31:16,734][kfold_wrapper.log_eval_metrics] Accuracy(layer_1 - estimator_0 - 5_folds.train_4.predict)=36.25%
[ 2020-05-27 07:31:16,737][kfold_wrapper.log_eval_metrics] Accuracy(layer_1 - estimator_0 - 5_folds.train_cv.predict)=40.16%
[ 2020-05-27 07:31:16,738][kfold_wrapper.log_eval_metrics] Accuracy(layer_1 - estimator_0 - 5_folds.test.predict)=41.79%
[ 2020-05-27 07:31:16,959][kfold_wrapper.log_eval_metrics] Accuracy(layer_1 - estimator_1 - 12_folds.train_0.predict)=39.80%
[ 2020-05-27 07:31:17,306][kfold_wrapper.log_eval_metrics] Accuracy(layer_1 - estimator_1 - 12_folds.train_1.predict)=45.27%
[ 2020-05-27 07:31:17,659][kfold_wrapper.log_eval_metrics] Accuracy(layer_1 - estimator_1 - 12_folds.train_2.predict)=37.81%
[ 2020-05-27 07:31:18,016][kfold_wrapper.log_eval_metrics] Accuracy(layer_1 - estimator_1 - 12_folds.train_3.predict)=37.00%
[ 2020-05-27 07:31:18,361][kfold_wrapper.log_eval_metrics] Accuracy(layer_1 - estimator_1 - 12_folds.train_4.predict)=43.50%
[ 2020-05-27 07:31:18,704][kfold_wrapper.log_eval_metrics] Accuracy(layer_1 - estimator_1 - 12_folds.train_5.predict)=38.50%
[ 2020-05-27 07:31:19,062][kfold_wrapper.log_eval_metrics] Accuracy(layer_1 - estimator_1 - 12_folds.train_6.predict)=39.00%
[ 2020-05-27 07:31:19,422][kfold_wrapper.log_eval_metrics] Accuracy(layer_1 - estimator_1 - 12_folds.train_7.predict)=42.50%
[ 2020-05-27 07:31:19,781][kfold_wrapper.log_eval_metrics] Accuracy(layer_1 - estimator_1 - 12_folds.train_8.predict)=46.50%
[ 2020-05-27 07:31:20,123][kfold_wrapper.log_eval_metrics] Accuracy(layer_1 - estimator_1 - 12_folds.train_9.predict)=34.50%
[ 2020-05-27 07:31:20,478][kfold_wrapper.log_eval_metrics] Accuracy(layer_1 - estimator_1 - 12_folds.train_10.predict)=37.00%
[ 2020-05-27 07:31:20,821][kfold_wrapper.log_eval_metrics] Accuracy(layer_1 - estimator_1 - 12_folds.train_11.predict)=40.00%
[ 2020-05-27 07:31:20,939][kfold_wrapper.log_eval_metrics] Accuracy(layer_1 - estimator_1 - 12_folds.train_cv.predict)=40.12%
[ 2020-05-27 07:31:20,942][kfold_wrapper.log_eval_metrics] Accuracy(layer_1 - estimator_1 - 12_folds.test.predict)=44.40%
[ 2020-05-27 07:31:21,193][kfold_wrapper.log_eval_metrics] Accuracy(layer_1 - estimator_2 - 12_folds.train_0.predict)=46.27%
[ 2020-05-27 07:31:21,548][kfold_wrapper.log_eval_metrics] Accuracy(layer_1 - estimator_2 - 12_folds.train_1.predict)=45.27%
[ 2020-05-27 07:31:21,902][kfold_wrapper.log_eval_metrics] Accuracy(layer_1 - estimator_2 - 12_folds.train_2.predict)=42.29%
[ 2020-05-27 07:31:22,243][kfold_wrapper.log_eval_metrics] Accuracy(layer_1 - estimator_2 - 12_folds.train_3.predict)=37.00%
[ 2020-05-27 07:31:22,583][kfold_wrapper.log_eval_metrics] Accuracy(layer_1 - estimator_2 - 12_folds.train_4.predict)=32.50%
[ 2020-05-27 07:31:22,939][kfold_wrapper.log_eval_metrics] Accuracy(layer_1 - estimator_2 - 12_folds.train_5.predict)=45.50%
[ 2020-05-27 07:31:23,288][kfold_wrapper.log_eval_metrics] Accuracy(layer_1 - estimator_2 - 12_folds.train_6.predict)=39.50%
[ 2020-05-27 07:31:23,647][kfold_wrapper.log_eval_metrics] Accuracy(layer_1 - estimator_2 - 12_folds.train_7.predict)=38.00%
[ 2020-05-27 07:31:24,005][kfold_wrapper.log_eval_metrics] Accuracy(layer_1 - estimator_2 - 12_folds.train_8.predict)=37.00%
[ 2020-05-27 07:31:24,367][kfold_wrapper.log_eval_metrics] Accuracy(layer_1 - estimator_2 - 12_folds.train_9.predict)=43.50%
[ 2020-05-27 07:31:24,729][kfold_wrapper.log_eval_metrics] Accuracy(layer_1 - estimator_2 - 12_folds.train_10.predict)=37.50%
[ 2020-05-27 07:31:25,077][kfold_wrapper.log_eval_metrics] Accuracy(layer_1 - estimator_2 - 12_folds.train_11.predict)=39.00%
[ 2020-05-27 07:31:25,196][kfold_wrapper.log_eval_metrics] Accuracy(layer_1 - estimator_2 - 12_folds.train_cv.predict)=40.28%
[ 2020-05-27 07:31:25,200][kfold_wrapper.log_eval_metrics] Accuracy(layer_1 - estimator_2 - 12_folds.test.predict)=44.40%
[ 2020-05-27 07:31:25,330][kfold_wrapper.log_eval_metrics] Accuracy(layer_1 - estimator_3 - 12_folds.train_0.predict)=43.28%
[ 2020-05-27 07:31:25,412][kfold_wrapper.log_eval_metrics] Accuracy(layer_1 - estimator_3 - 12_folds.train_1.predict)=32.84%
[ 2020-05-27 07:31:25,491][kfold_wrapper.log_eval_metrics] Accuracy(layer_1 - estimator_3 - 12_folds.train_2.predict)=35.82%
[ 2020-05-27 07:31:25,571][kfold_wrapper.log_eval_metrics] Accuracy(layer_1 - estimator_3 - 12_folds.train_3.predict)=34.50%
[ 2020-05-27 07:31:25,653][kfold_wrapper.log_eval_metrics] Accuracy(layer_1 - estimator_3 - 12_folds.train_4.predict)=43.00%
[ 2020-05-27 07:31:25,732][kfold_wrapper.log_eval_metrics] Accuracy(layer_1 - estimator_3 - 12_folds.train_5.predict)=41.50%
[ 2020-05-27 07:31:25,813][kfold_wrapper.log_eval_metrics] Accuracy(layer_1 - estimator_3 - 12_folds.train_6.predict)=43.50%
[ 2020-05-27 07:31:25,890][kfold_wrapper.log_eval_metrics] Accuracy(layer_1 - estimator_3 - 12_folds.train_7.predict)=43.00%
[ 2020-05-27 07:31:25,969][kfold_wrapper.log_eval_metrics] Accuracy(layer_1 - estimator_3 - 12_folds.train_8.predict)=34.00%
[ 2020-05-27 07:31:26,051][kfold_wrapper.log_eval_metrics] Accuracy(layer_1 - estimator_3 - 12_folds.train_9.predict)=43.50%
[ 2020-05-27 07:31:26,128][kfold_wrapper.log_eval_metrics] Accuracy(layer_1 - estimator_3 - 12_folds.train_10.predict)=43.00%
[ 2020-05-27 07:31:26,208][kfold_wrapper.log_eval_metrics] Accuracy(layer_1 - estimator_3 - 12_folds.train_11.predict)=37.00%
[ 2020-05-27 07:31:26,209][kfold_wrapper.log_eval_metrics] Accuracy(layer_1 - estimator_3 - 12_folds.train_cv.predict)=39.58%
[ 2020-05-27 07:31:26,209][kfold_wrapper.log_eval_metrics] Accuracy(layer_1 - estimator_3 - 12_folds.test.predict)=36.57%
[ 2020-05-27 07:31:26,210][cascade_classifier.calc_accuracy] Accuracy(layer_1 - train.classifier_average)=42.86%
[ 2020-05-27 07:31:26,211][cascade_classifier.calc_accuracy] Accuracy(layer_1 - test.classifier_average)=45.52%
[ 2020-05-27 07:31:26,212][cascade_classifier.fit_transform] [layer=2] look_indexs=[0], X_cur_train.shape=(2403, 17), X_cur_test.shape=(268, 17)
[ 2020-05-27 07:31:26,251][kfold_wrapper.log_eval_metrics] Accuracy(layer_2 - estimator_0 - 5_folds.train_0.predict)=38.88%
[ 2020-05-27 07:31:26,290][kfold_wrapper.log_eval_metrics] Accuracy(layer_2 - estimator_0 - 5_folds.train_1.predict)=43.87%
[ 2020-05-27 07:31:26,326][kfold_wrapper.log_eval_metrics] Accuracy(layer_2 - estimator_0 - 5_folds.train_2.predict)=40.75%
[ 2020-05-27 07:31:26,364][kfold_wrapper.log_eval_metrics] Accuracy(layer_2 - estimator_0 - 5_folds.train_3.predict)=39.79%
[ 2020-05-27 07:31:26,401][kfold_wrapper.log_eval_metrics] Accuracy(layer_2 - estimator_0 - 5_folds.train_4.predict)=36.67%
[ 2020-05-27 07:31:26,403][kfold_wrapper.log_eval_metrics] Accuracy(layer_2 - estimator_0 - 5_folds.train_cv.predict)=39.99%
[ 2020-05-27 07:31:26,405][kfold_wrapper.log_eval_metrics] Accuracy(layer_2 - estimator_0 - 5_folds.test.predict)=44.03%
[ 2020-05-27 07:31:26,625][kfold_wrapper.log_eval_metrics] Accuracy(layer_2 - estimator_1 - 12_folds.train_0.predict)=40.80%
[ 2020-05-27 07:31:26,984][kfold_wrapper.log_eval_metrics] Accuracy(layer_2 - estimator_1 - 12_folds.train_1.predict)=31.34%
[ 2020-05-27 07:31:27,326][kfold_wrapper.log_eval_metrics] Accuracy(layer_2 - estimator_1 - 12_folds.train_2.predict)=38.31%
[ 2020-05-27 07:31:27,682][kfold_wrapper.log_eval_metrics] Accuracy(layer_2 - estimator_1 - 12_folds.train_3.predict)=35.00%
[ 2020-05-27 07:31:28,035][kfold_wrapper.log_eval_metrics] Accuracy(layer_2 - estimator_1 - 12_folds.train_4.predict)=34.50%
[ 2020-05-27 07:31:28,393][kfold_wrapper.log_eval_metrics] Accuracy(layer_2 - estimator_1 - 12_folds.train_5.predict)=38.50%
[ 2020-05-27 07:31:28,753][kfold_wrapper.log_eval_metrics] Accuracy(layer_2 - estimator_1 - 12_folds.train_6.predict)=35.50%
[ 2020-05-27 07:31:29,108][kfold_wrapper.log_eval_metrics] Accuracy(layer_2 - estimator_1 - 12_folds.train_7.predict)=38.00%
[ 2020-05-27 07:31:29,458][kfold_wrapper.log_eval_metrics] Accuracy(layer_2 - estimator_1 - 12_folds.train_8.predict)=35.00%
[ 2020-05-27 07:31:29,811][kfold_wrapper.log_eval_metrics] Accuracy(layer_2 - estimator_1 - 12_folds.train_9.predict)=33.50%
[ 2020-05-27 07:31:30,166][kfold_wrapper.log_eval_metrics] Accuracy(layer_2 - estimator_1 - 12_folds.train_10.predict)=39.00%
[ 2020-05-27 07:31:30,524][kfold_wrapper.log_eval_metrics] Accuracy(layer_2 - estimator_1 - 12_folds.train_11.predict)=33.50%
[ 2020-05-27 07:31:30,642][kfold_wrapper.log_eval_metrics] Accuracy(layer_2 - estimator_1 - 12_folds.train_cv.predict)=36.08%
[ 2020-05-27 07:31:30,645][kfold_wrapper.log_eval_metrics] Accuracy(layer_2 - estimator_1 - 12_folds.test.predict)=40.67%
[ 2020-05-27 07:31:30,897][kfold_wrapper.log_eval_metrics] Accuracy(layer_2 - estimator_2 - 12_folds.train_0.predict)=40.80%
[ 2020-05-27 07:31:31,243][kfold_wrapper.log_eval_metrics] Accuracy(layer_2 - estimator_2 - 12_folds.train_1.predict)=36.82%
[ 2020-05-27 07:31:31,585][kfold_wrapper.log_eval_metrics] Accuracy(layer_2 - estimator_2 - 12_folds.train_2.predict)=37.81%
[ 2020-05-27 07:31:31,941][kfold_wrapper.log_eval_metrics] Accuracy(layer_2 - estimator_2 - 12_folds.train_3.predict)=45.50%
[ 2020-05-27 07:31:32,297][kfold_wrapper.log_eval_metrics] Accuracy(layer_2 - estimator_2 - 12_folds.train_4.predict)=36.00%
[ 2020-05-27 07:31:32,656][kfold_wrapper.log_eval_metrics] Accuracy(layer_2 - estimator_2 - 12_folds.train_5.predict)=32.00%
[ 2020-05-27 07:31:33,007][kfold_wrapper.log_eval_metrics] Accuracy(layer_2 - estimator_2 - 12_folds.train_6.predict)=40.50%
[ 2020-05-27 07:31:33,348][kfold_wrapper.log_eval_metrics] Accuracy(layer_2 - estimator_2 - 12_folds.train_7.predict)=40.00%
[ 2020-05-27 07:31:33,708][kfold_wrapper.log_eval_metrics] Accuracy(layer_2 - estimator_2 - 12_folds.train_8.predict)=34.00%
[ 2020-05-27 07:31:34,066][kfold_wrapper.log_eval_metrics] Accuracy(layer_2 - estimator_2 - 12_folds.train_9.predict)=39.50%
[ 2020-05-27 07:31:34,414][kfold_wrapper.log_eval_metrics] Accuracy(layer_2 - estimator_2 - 12_folds.train_10.predict)=36.50%
[ 2020-05-27 07:31:34,762][kfold_wrapper.log_eval_metrics] Accuracy(layer_2 - estimator_2 - 12_folds.train_11.predict)=37.00%
[ 2020-05-27 07:31:34,878][kfold_wrapper.log_eval_metrics] Accuracy(layer_2 - estimator_2 - 12_folds.train_cv.predict)=38.04%
[ 2020-05-27 07:31:34,881][kfold_wrapper.log_eval_metrics] Accuracy(layer_2 - estimator_2 - 12_folds.test.predict)=42.16%
[ 2020-05-27 07:31:35,019][kfold_wrapper.log_eval_metrics] Accuracy(layer_2 - estimator_3 - 12_folds.train_0.predict)=39.80%
[ 2020-05-27 07:31:35,109][kfold_wrapper.log_eval_metrics] Accuracy(layer_2 - estimator_3 - 12_folds.train_1.predict)=43.28%
[ 2020-05-27 07:31:35,198][kfold_wrapper.log_eval_metrics] Accuracy(layer_2 - estimator_3 - 12_folds.train_2.predict)=49.25%
[ 2020-05-27 07:31:35,285][kfold_wrapper.log_eval_metrics] Accuracy(layer_2 - estimator_3 - 12_folds.train_3.predict)=40.50%
[ 2020-05-27 07:31:35,377][kfold_wrapper.log_eval_metrics] Accuracy(layer_2 - estimator_3 - 12_folds.train_4.predict)=41.50%
[ 2020-05-27 07:31:35,466][kfold_wrapper.log_eval_metrics] Accuracy(layer_2 - estimator_3 - 12_folds.train_5.predict)=46.00%
[ 2020-05-27 07:31:35,553][kfold_wrapper.log_eval_metrics] Accuracy(layer_2 - estimator_3 - 12_folds.train_6.predict)=38.50%
[ 2020-05-27 07:31:35,643][kfold_wrapper.log_eval_metrics] Accuracy(layer_2 - estimator_3 - 12_folds.train_7.predict)=39.00%
[ 2020-05-27 07:31:35,733][kfold_wrapper.log_eval_metrics] Accuracy(layer_2 - estimator_3 - 12_folds.train_8.predict)=47.00%
[ 2020-05-27 07:31:35,823][kfold_wrapper.log_eval_metrics] Accuracy(layer_2 - estimator_3 - 12_folds.train_9.predict)=43.00%
[ 2020-05-27 07:31:35,911][kfold_wrapper.log_eval_metrics] Accuracy(layer_2 - estimator_3 - 12_folds.train_10.predict)=42.00%
[ 2020-05-27 07:31:36,002][kfold_wrapper.log_eval_metrics] Accuracy(layer_2 - estimator_3 - 12_folds.train_11.predict)=40.50%
[ 2020-05-27 07:31:36,004][kfold_wrapper.log_eval_metrics] Accuracy(layer_2 - estimator_3 - 12_folds.train_cv.predict)=42.53%
[ 2020-05-27 07:31:36,005][kfold_wrapper.log_eval_metrics] Accuracy(layer_2 - estimator_3 - 12_folds.test.predict)=44.78%
[ 2020-05-27 07:31:36,005][cascade_classifier.calc_accuracy] Accuracy(layer_2 - train.classifier_average)=39.74%
[ 2020-05-27 07:31:36,006][cascade_classifier.calc_accuracy] Accuracy(layer_2 - test.classifier_average)=42.91%
[ 2020-05-27 07:31:36,007][cascade_classifier.fit_transform] [layer=3] look_indexs=[0], X_cur_train.shape=(2403, 17), X_cur_test.shape=(268, 17)
[ 2020-05-27 07:31:36,047][kfold_wrapper.log_eval_metrics] Accuracy(layer_3 - estimator_0 - 5_folds.train_0.predict)=41.37%
[ 2020-05-27 07:31:36,084][kfold_wrapper.log_eval_metrics] Accuracy(layer_3 - estimator_0 - 5_folds.train_1.predict)=40.54%
[ 2020-05-27 07:31:36,122][kfold_wrapper.log_eval_metrics] Accuracy(layer_3 - estimator_0 - 5_folds.train_2.predict)=37.84%
[ 2020-05-27 07:31:36,161][kfold_wrapper.log_eval_metrics] Accuracy(layer_3 - estimator_0 - 5_folds.train_3.predict)=39.58%
[ 2020-05-27 07:31:36,198][kfold_wrapper.log_eval_metrics] Accuracy(layer_3 - estimator_0 - 5_folds.train_4.predict)=41.04%
[ 2020-05-27 07:31:36,200][kfold_wrapper.log_eval_metrics] Accuracy(layer_3 - estimator_0 - 5_folds.train_cv.predict)=40.07%
[ 2020-05-27 07:31:36,202][kfold_wrapper.log_eval_metrics] Accuracy(layer_3 - estimator_0 - 5_folds.test.predict)=44.03%
[ 2020-05-27 07:31:36,423][kfold_wrapper.log_eval_metrics] Accuracy(layer_3 - estimator_1 - 12_folds.train_0.predict)=37.81%
[ 2020-05-27 07:31:36,785][kfold_wrapper.log_eval_metrics] Accuracy(layer_3 - estimator_1 - 12_folds.train_1.predict)=35.82%
[ 2020-05-27 07:31:37,139][kfold_wrapper.log_eval_metrics] Accuracy(layer_3 - estimator_1 - 12_folds.train_2.predict)=39.30%
[ 2020-05-27 07:31:37,476][kfold_wrapper.log_eval_metrics] Accuracy(layer_3 - estimator_1 - 12_folds.train_3.predict)=39.00%
[ 2020-05-27 07:31:37,836][kfold_wrapper.log_eval_metrics] Accuracy(layer_3 - estimator_1 - 12_folds.train_4.predict)=33.00%
[ 2020-05-27 07:31:38,175][kfold_wrapper.log_eval_metrics] Accuracy(layer_3 - estimator_1 - 12_folds.train_5.predict)=36.50%
[ 2020-05-27 07:31:38,534][kfold_wrapper.log_eval_metrics] Accuracy(layer_3 - estimator_1 - 12_folds.train_6.predict)=36.00%
[ 2020-05-27 07:31:38,861][kfold_wrapper.log_eval_metrics] Accuracy(layer_3 - estimator_1 - 12_folds.train_7.predict)=40.00%
[ 2020-05-27 07:31:39,214][kfold_wrapper.log_eval_metrics] Accuracy(layer_3 - estimator_1 - 12_folds.train_8.predict)=31.00%
[ 2020-05-27 07:31:39,556][kfold_wrapper.log_eval_metrics] Accuracy(layer_3 - estimator_1 - 12_folds.train_9.predict)=32.50%
[ 2020-05-27 07:31:39,915][kfold_wrapper.log_eval_metrics] Accuracy(layer_3 - estimator_1 - 12_folds.train_10.predict)=35.00%
[ 2020-05-27 07:31:40,271][kfold_wrapper.log_eval_metrics] Accuracy(layer_3 - estimator_1 - 12_folds.train_11.predict)=41.50%
[ 2020-05-27 07:31:40,388][kfold_wrapper.log_eval_metrics] Accuracy(layer_3 - estimator_1 - 12_folds.train_cv.predict)=36.45%
[ 2020-05-27 07:31:40,392][kfold_wrapper.log_eval_metrics] Accuracy(layer_3 - estimator_1 - 12_folds.test.predict)=41.04%
[ 2020-05-27 07:31:40,637][kfold_wrapper.log_eval_metrics] Accuracy(layer_3 - estimator_2 - 12_folds.train_0.predict)=43.28%
[ 2020-05-27 07:31:40,983][kfold_wrapper.log_eval_metrics] Accuracy(layer_3 - estimator_2 - 12_folds.train_1.predict)=39.30%
[ 2020-05-27 07:31:41,336][kfold_wrapper.log_eval_metrics] Accuracy(layer_3 - estimator_2 - 12_folds.train_2.predict)=37.81%
[ 2020-05-27 07:31:41,692][kfold_wrapper.log_eval_metrics] Accuracy(layer_3 - estimator_2 - 12_folds.train_3.predict)=40.00%
[ 2020-05-27 07:31:42,038][kfold_wrapper.log_eval_metrics] Accuracy(layer_3 - estimator_2 - 12_folds.train_4.predict)=36.00%
[ 2020-05-27 07:31:42,387][kfold_wrapper.log_eval_metrics] Accuracy(layer_3 - estimator_2 - 12_folds.train_5.predict)=38.00%
[ 2020-05-27 07:31:42,737][kfold_wrapper.log_eval_metrics] Accuracy(layer_3 - estimator_2 - 12_folds.train_6.predict)=37.00%
[ 2020-05-27 07:31:43,096][kfold_wrapper.log_eval_metrics] Accuracy(layer_3 - estimator_2 - 12_folds.train_7.predict)=34.00%
[ 2020-05-27 07:31:43,450][kfold_wrapper.log_eval_metrics] Accuracy(layer_3 - estimator_2 - 12_folds.train_8.predict)=34.00%
[ 2020-05-27 07:31:43,811][kfold_wrapper.log_eval_metrics] Accuracy(layer_3 - estimator_2 - 12_folds.train_9.predict)=33.00%
[ 2020-05-27 07:31:44,149][kfold_wrapper.log_eval_metrics] Accuracy(layer_3 - estimator_2 - 12_folds.train_10.predict)=35.00%
[ 2020-05-27 07:31:44,504][kfold_wrapper.log_eval_metrics] Accuracy(layer_3 - estimator_2 - 12_folds.train_11.predict)=36.00%
[ 2020-05-27 07:31:44,624][kfold_wrapper.log_eval_metrics] Accuracy(layer_3 - estimator_2 - 12_folds.train_cv.predict)=36.95%
[ 2020-05-27 07:31:44,627][kfold_wrapper.log_eval_metrics] Accuracy(layer_3 - estimator_2 - 12_folds.test.predict)=40.67%
[ 2020-05-27 07:31:44,773][kfold_wrapper.log_eval_metrics] Accuracy(layer_3 - estimator_3 - 12_folds.train_0.predict)=42.29%
[ 2020-05-27 07:31:44,880][kfold_wrapper.log_eval_metrics] Accuracy(layer_3 - estimator_3 - 12_folds.train_1.predict)=42.79%
[ 2020-05-27 07:31:44,986][kfold_wrapper.log_eval_metrics] Accuracy(layer_3 - estimator_3 - 12_folds.train_2.predict)=39.80%
[ 2020-05-27 07:31:45,091][kfold_wrapper.log_eval_metrics] Accuracy(layer_3 - estimator_3 - 12_folds.train_3.predict)=47.00%
[ 2020-05-27 07:31:45,197][kfold_wrapper.log_eval_metrics] Accuracy(layer_3 - estimator_3 - 12_folds.train_4.predict)=43.50%
[ 2020-05-27 07:31:45,302][kfold_wrapper.log_eval_metrics] Accuracy(layer_3 - estimator_3 - 12_folds.train_5.predict)=41.50%
[ 2020-05-27 07:31:45,410][kfold_wrapper.log_eval_metrics] Accuracy(layer_3 - estimator_3 - 12_folds.train_6.predict)=36.00%
[ 2020-05-27 07:31:45,518][kfold_wrapper.log_eval_metrics] Accuracy(layer_3 - estimator_3 - 12_folds.train_7.predict)=43.50%
[ 2020-05-27 07:31:45,623][kfold_wrapper.log_eval_metrics] Accuracy(layer_3 - estimator_3 - 12_folds.train_8.predict)=46.50%
[ 2020-05-27 07:31:45,731][kfold_wrapper.log_eval_metrics] Accuracy(layer_3 - estimator_3 - 12_folds.train_9.predict)=35.50%
[ 2020-05-27 07:31:45,838][kfold_wrapper.log_eval_metrics] Accuracy(layer_3 - estimator_3 - 12_folds.train_10.predict)=38.00%
[ 2020-05-27 07:31:45,946][kfold_wrapper.log_eval_metrics] Accuracy(layer_3 - estimator_3 - 12_folds.train_11.predict)=42.50%
[ 2020-05-27 07:31:45,947][kfold_wrapper.log_eval_metrics] Accuracy(layer_3 - estimator_3 - 12_folds.train_cv.predict)=41.57%
[ 2020-05-27 07:31:45,947][kfold_wrapper.log_eval_metrics] Accuracy(layer_3 - estimator_3 - 12_folds.test.predict)=43.66%
[ 2020-05-27 07:31:45,948][cascade_classifier.calc_accuracy] Accuracy(layer_3 - train.classifier_average)=39.58%
[ 2020-05-27 07:31:45,949][cascade_classifier.calc_accuracy] Accuracy(layer_3 - test.classifier_average)=42.91%
[ 2020-05-27 07:31:45,950][cascade_classifier.fit_transform] [layer=4] look_indexs=[0], X_cur_train.shape=(2403, 17), X_cur_test.shape=(268, 17)
[ 2020-05-27 07:31:45,994][kfold_wrapper.log_eval_metrics] Accuracy(layer_4 - estimator_0 - 5_folds.train_0.predict)=39.50%
[ 2020-05-27 07:31:46,039][kfold_wrapper.log_eval_metrics] Accuracy(layer_4 - estimator_0 - 5_folds.train_1.predict)=39.09%
[ 2020-05-27 07:31:46,081][kfold_wrapper.log_eval_metrics] Accuracy(layer_4 - estimator_0 - 5_folds.train_2.predict)=37.84%
[ 2020-05-27 07:31:46,120][kfold_wrapper.log_eval_metrics] Accuracy(layer_4 - estimator_0 - 5_folds.train_3.predict)=38.75%
[ 2020-05-27 07:31:46,158][kfold_wrapper.log_eval_metrics] Accuracy(layer_4 - estimator_0 - 5_folds.train_4.predict)=39.58%
[ 2020-05-27 07:31:46,160][kfold_wrapper.log_eval_metrics] Accuracy(layer_4 - estimator_0 - 5_folds.train_cv.predict)=38.95%
[ 2020-05-27 07:31:46,162][kfold_wrapper.log_eval_metrics] Accuracy(layer_4 - estimator_0 - 5_folds.test.predict)=40.67%
[ 2020-05-27 07:31:46,383][kfold_wrapper.log_eval_metrics] Accuracy(layer_4 - estimator_1 - 12_folds.train_0.predict)=38.31%
[ 2020-05-27 07:31:46,738][kfold_wrapper.log_eval_metrics] Accuracy(layer_4 - estimator_1 - 12_folds.train_1.predict)=38.31%
[ 2020-05-27 07:31:47,083][kfold_wrapper.log_eval_metrics] Accuracy(layer_4 - estimator_1 - 12_folds.train_2.predict)=33.33%
[ 2020-05-27 07:31:47,444][kfold_wrapper.log_eval_metrics] Accuracy(layer_4 - estimator_1 - 12_folds.train_3.predict)=34.50%
[ 2020-05-27 07:31:47,788][kfold_wrapper.log_eval_metrics] Accuracy(layer_4 - estimator_1 - 12_folds.train_4.predict)=30.00%
[ 2020-05-27 07:31:48,132][kfold_wrapper.log_eval_metrics] Accuracy(layer_4 - estimator_1 - 12_folds.train_5.predict)=45.00%
[ 2020-05-27 07:31:48,483][kfold_wrapper.log_eval_metrics] Accuracy(layer_4 - estimator_1 - 12_folds.train_6.predict)=38.00%
[ 2020-05-27 07:31:48,830][kfold_wrapper.log_eval_metrics] Accuracy(layer_4 - estimator_1 - 12_folds.train_7.predict)=41.50%
[ 2020-05-27 07:31:49,187][kfold_wrapper.log_eval_metrics] Accuracy(layer_4 - estimator_1 - 12_folds.train_8.predict)=38.50%
[ 2020-05-27 07:31:49,532][kfold_wrapper.log_eval_metrics] Accuracy(layer_4 - estimator_1 - 12_folds.train_9.predict)=39.00%
[ 2020-05-27 07:31:49,897][kfold_wrapper.log_eval_metrics] Accuracy(layer_4 - estimator_1 - 12_folds.train_10.predict)=37.50%
[ 2020-05-27 07:31:50,261][kfold_wrapper.log_eval_metrics] Accuracy(layer_4 - estimator_1 - 12_folds.train_11.predict)=35.00%
[ 2020-05-27 07:31:50,381][kfold_wrapper.log_eval_metrics] Accuracy(layer_4 - estimator_1 - 12_folds.train_cv.predict)=37.41%
[ 2020-05-27 07:31:50,384][kfold_wrapper.log_eval_metrics] Accuracy(layer_4 - estimator_1 - 12_folds.test.predict)=33.21%
[ 2020-05-27 07:31:50,624][kfold_wrapper.log_eval_metrics] Accuracy(layer_4 - estimator_2 - 12_folds.train_0.predict)=36.82%
[ 2020-05-27 07:31:50,983][kfold_wrapper.log_eval_metrics] Accuracy(layer_4 - estimator_2 - 12_folds.train_1.predict)=37.31%
[ 2020-05-27 07:31:51,339][kfold_wrapper.log_eval_metrics] Accuracy(layer_4 - estimator_2 - 12_folds.train_2.predict)=35.82%
[ 2020-05-27 07:31:51,687][kfold_wrapper.log_eval_metrics] Accuracy(layer_4 - estimator_2 - 12_folds.train_3.predict)=39.50%
[ 2020-05-27 07:31:52,052][kfold_wrapper.log_eval_metrics] Accuracy(layer_4 - estimator_2 - 12_folds.train_4.predict)=34.50%
[ 2020-05-27 07:31:52,417][kfold_wrapper.log_eval_metrics] Accuracy(layer_4 - estimator_2 - 12_folds.train_5.predict)=31.50%
[ 2020-05-27 07:31:52,765][kfold_wrapper.log_eval_metrics] Accuracy(layer_4 - estimator_2 - 12_folds.train_6.predict)=34.50%
[ 2020-05-27 07:31:53,125][kfold_wrapper.log_eval_metrics] Accuracy(layer_4 - estimator_2 - 12_folds.train_7.predict)=34.50%
[ 2020-05-27 07:31:53,462][kfold_wrapper.log_eval_metrics] Accuracy(layer_4 - estimator_2 - 12_folds.train_8.predict)=35.50%
[ 2020-05-27 07:31:53,825][kfold_wrapper.log_eval_metrics] Accuracy(layer_4 - estimator_2 - 12_folds.train_9.predict)=35.50%
[ 2020-05-27 07:31:54,187][kfold_wrapper.log_eval_metrics] Accuracy(layer_4 - estimator_2 - 12_folds.train_10.predict)=42.00%
[ 2020-05-27 07:31:54,540][kfold_wrapper.log_eval_metrics] Accuracy(layer_4 - estimator_2 - 12_folds.train_11.predict)=33.00%
[ 2020-05-27 07:31:54,661][kfold_wrapper.log_eval_metrics] Accuracy(layer_4 - estimator_2 - 12_folds.train_cv.predict)=35.87%
[ 2020-05-27 07:31:54,666][kfold_wrapper.log_eval_metrics] Accuracy(layer_4 - estimator_2 - 12_folds.test.predict)=38.81%
[ 2020-05-27 07:31:54,843][kfold_wrapper.log_eval_metrics] Accuracy(layer_4 - estimator_3 - 12_folds.train_0.predict)=35.32%
[ 2020-05-27 07:31:54,978][kfold_wrapper.log_eval_metrics] Accuracy(layer_4 - estimator_3 - 12_folds.train_1.predict)=37.31%
[ 2020-05-27 07:31:55,107][kfold_wrapper.log_eval_metrics] Accuracy(layer_4 - estimator_3 - 12_folds.train_2.predict)=39.30%
[ 2020-05-27 07:31:55,236][kfold_wrapper.log_eval_metrics] Accuracy(layer_4 - estimator_3 - 12_folds.train_3.predict)=42.50%
[ 2020-05-27 07:31:55,369][kfold_wrapper.log_eval_metrics] Accuracy(layer_4 - estimator_3 - 12_folds.train_4.predict)=42.50%
[ 2020-05-27 07:31:55,502][kfold_wrapper.log_eval_metrics] Accuracy(layer_4 - estimator_3 - 12_folds.train_5.predict)=37.50%
[ 2020-05-27 07:31:55,632][kfold_wrapper.log_eval_metrics] Accuracy(layer_4 - estimator_3 - 12_folds.train_6.predict)=38.00%
[ 2020-05-27 07:31:55,764][kfold_wrapper.log_eval_metrics] Accuracy(layer_4 - estimator_3 - 12_folds.train_7.predict)=48.00%
[ 2020-05-27 07:31:55,898][kfold_wrapper.log_eval_metrics] Accuracy(layer_4 - estimator_3 - 12_folds.train_8.predict)=39.50%
[ 2020-05-27 07:31:56,033][kfold_wrapper.log_eval_metrics] Accuracy(layer_4 - estimator_3 - 12_folds.train_9.predict)=42.00%
[ 2020-05-27 07:31:56,166][kfold_wrapper.log_eval_metrics] Accuracy(layer_4 - estimator_3 - 12_folds.train_10.predict)=48.50%
[ 2020-05-27 07:31:56,296][kfold_wrapper.log_eval_metrics] Accuracy(layer_4 - estimator_3 - 12_folds.train_11.predict)=45.50%
[ 2020-05-27 07:31:56,297][kfold_wrapper.log_eval_metrics] Accuracy(layer_4 - estimator_3 - 12_folds.train_cv.predict)=41.32%
[ 2020-05-27 07:31:56,298][kfold_wrapper.log_eval_metrics] Accuracy(layer_4 - estimator_3 - 12_folds.test.predict)=44.03%
[ 2020-05-27 07:31:56,298][cascade_classifier.calc_accuracy] Accuracy(layer_4 - train.classifier_average)=39.49%
[ 2020-05-27 07:31:56,299][cascade_classifier.calc_accuracy] Accuracy(layer_4 - test.classifier_average)=40.67%
[ 2020-05-27 07:31:56,300][cascade_classifier.fit_transform] [layer=5] look_indexs=[0], X_cur_train.shape=(2403, 17), X_cur_test.shape=(268, 17)
[ 2020-05-27 07:31:56,339][kfold_wrapper.log_eval_metrics] Accuracy(layer_5 - estimator_0 - 5_folds.train_0.predict)=41.16%
[ 2020-05-27 07:31:56,378][kfold_wrapper.log_eval_metrics] Accuracy(layer_5 - estimator_0 - 5_folds.train_1.predict)=39.09%
[ 2020-05-27 07:31:56,416][kfold_wrapper.log_eval_metrics] Accuracy(layer_5 - estimator_0 - 5_folds.train_2.predict)=42.00%
[ 2020-05-27 07:31:56,454][kfold_wrapper.log_eval_metrics] Accuracy(layer_5 - estimator_0 - 5_folds.train_3.predict)=40.83%
[ 2020-05-27 07:31:56,493][kfold_wrapper.log_eval_metrics] Accuracy(layer_5 - estimator_0 - 5_folds.train_4.predict)=38.96%
[ 2020-05-27 07:31:56,496][kfold_wrapper.log_eval_metrics] Accuracy(layer_5 - estimator_0 - 5_folds.train_cv.predict)=40.41%
[ 2020-05-27 07:31:56,498][kfold_wrapper.log_eval_metrics] Accuracy(layer_5 - estimator_0 - 5_folds.test.predict)=42.54%
[ 2020-05-27 07:31:56,719][kfold_wrapper.log_eval_metrics] Accuracy(layer_5 - estimator_1 - 12_folds.train_0.predict)=36.32%
[ 2020-05-27 07:31:57,075][kfold_wrapper.log_eval_metrics] Accuracy(layer_5 - estimator_1 - 12_folds.train_1.predict)=34.33%
[ 2020-05-27 07:31:57,435][kfold_wrapper.log_eval_metrics] Accuracy(layer_5 - estimator_1 - 12_folds.train_2.predict)=31.84%
[ 2020-05-27 07:31:57,796][kfold_wrapper.log_eval_metrics] Accuracy(layer_5 - estimator_1 - 12_folds.train_3.predict)=42.50%
[ 2020-05-27 07:31:58,147][kfold_wrapper.log_eval_metrics] Accuracy(layer_5 - estimator_1 - 12_folds.train_4.predict)=34.00%
[ 2020-05-27 07:31:58,500][kfold_wrapper.log_eval_metrics] Accuracy(layer_5 - estimator_1 - 12_folds.train_5.predict)=38.00%
[ 2020-05-27 07:31:58,847][kfold_wrapper.log_eval_metrics] Accuracy(layer_5 - estimator_1 - 12_folds.train_6.predict)=33.00%
[ 2020-05-27 07:31:59,202][kfold_wrapper.log_eval_metrics] Accuracy(layer_5 - estimator_1 - 12_folds.train_7.predict)=37.50%
[ 2020-05-27 07:31:59,555][kfold_wrapper.log_eval_metrics] Accuracy(layer_5 - estimator_1 - 12_folds.train_8.predict)=39.00%
[ 2020-05-27 07:31:59,907][kfold_wrapper.log_eval_metrics] Accuracy(layer_5 - estimator_1 - 12_folds.train_9.predict)=40.00%
[ 2020-05-27 07:32:00,255][kfold_wrapper.log_eval_metrics] Accuracy(layer_5 - estimator_1 - 12_folds.train_10.predict)=37.50%
[ 2020-05-27 07:32:00,616][kfold_wrapper.log_eval_metrics] Accuracy(layer_5 - estimator_1 - 12_folds.train_11.predict)=35.50%
[ 2020-05-27 07:32:00,738][kfold_wrapper.log_eval_metrics] Accuracy(layer_5 - estimator_1 - 12_folds.train_cv.predict)=36.62%
[ 2020-05-27 07:32:00,741][kfold_wrapper.log_eval_metrics] Accuracy(layer_5 - estimator_1 - 12_folds.test.predict)=36.94%
[ 2020-05-27 07:32:01,002][kfold_wrapper.log_eval_metrics] Accuracy(layer_5 - estimator_2 - 12_folds.train_0.predict)=35.82%
[ 2020-05-27 07:32:01,365][kfold_wrapper.log_eval_metrics] Accuracy(layer_5 - estimator_2 - 12_folds.train_1.predict)=41.29%
[ 2020-05-27 07:32:01,720][kfold_wrapper.log_eval_metrics] Accuracy(layer_5 - estimator_2 - 12_folds.train_2.predict)=35.32%
[ 2020-05-27 07:32:02,085][kfold_wrapper.log_eval_metrics] Accuracy(layer_5 - estimator_2 - 12_folds.train_3.predict)=33.50%
[ 2020-05-27 07:32:02,444][kfold_wrapper.log_eval_metrics] Accuracy(layer_5 - estimator_2 - 12_folds.train_4.predict)=36.00%
[ 2020-05-27 07:32:02,800][kfold_wrapper.log_eval_metrics] Accuracy(layer_5 - estimator_2 - 12_folds.train_5.predict)=33.00%
[ 2020-05-27 07:32:03,163][kfold_wrapper.log_eval_metrics] Accuracy(layer_5 - estimator_2 - 12_folds.train_6.predict)=42.00%
[ 2020-05-27 07:32:03,521][kfold_wrapper.log_eval_metrics] Accuracy(layer_5 - estimator_2 - 12_folds.train_7.predict)=39.50%
[ 2020-05-27 07:32:03,883][kfold_wrapper.log_eval_metrics] Accuracy(layer_5 - estimator_2 - 12_folds.train_8.predict)=35.00%
[ 2020-05-27 07:32:04,233][kfold_wrapper.log_eval_metrics] Accuracy(layer_5 - estimator_2 - 12_folds.train_9.predict)=40.00%
[ 2020-05-27 07:32:04,583][kfold_wrapper.log_eval_metrics] Accuracy(layer_5 - estimator_2 - 12_folds.train_10.predict)=36.50%
[ 2020-05-27 07:32:04,944][kfold_wrapper.log_eval_metrics] Accuracy(layer_5 - estimator_2 - 12_folds.train_11.predict)=37.00%
[ 2020-05-27 07:32:05,060][kfold_wrapper.log_eval_metrics] Accuracy(layer_5 - estimator_2 - 12_folds.train_cv.predict)=37.08%
[ 2020-05-27 07:32:05,062][kfold_wrapper.log_eval_metrics] Accuracy(layer_5 - estimator_2 - 12_folds.test.predict)=41.04%
[ 2020-05-27 07:32:05,266][kfold_wrapper.log_eval_metrics] Accuracy(layer_5 - estimator_3 - 12_folds.train_0.predict)=40.80%
[ 2020-05-27 07:32:05,434][kfold_wrapper.log_eval_metrics] Accuracy(layer_5 - estimator_3 - 12_folds.train_1.predict)=42.79%
[ 2020-05-27 07:32:05,597][kfold_wrapper.log_eval_metrics] Accuracy(layer_5 - estimator_3 - 12_folds.train_2.predict)=44.28%
[ 2020-05-27 07:32:05,767][kfold_wrapper.log_eval_metrics] Accuracy(layer_5 - estimator_3 - 12_folds.train_3.predict)=34.50%
[ 2020-05-27 07:32:05,931][kfold_wrapper.log_eval_metrics] Accuracy(layer_5 - estimator_3 - 12_folds.train_4.predict)=35.50%
[ 2020-05-27 07:32:06,098][kfold_wrapper.log_eval_metrics] Accuracy(layer_5 - estimator_3 - 12_folds.train_5.predict)=45.50%
[ 2020-05-27 07:32:06,265][kfold_wrapper.log_eval_metrics] Accuracy(layer_5 - estimator_3 - 12_folds.train_6.predict)=42.00%
[ 2020-05-27 07:32:06,434][kfold_wrapper.log_eval_metrics] Accuracy(layer_5 - estimator_3 - 12_folds.train_7.predict)=40.50%
[ 2020-05-27 07:32:06,602][kfold_wrapper.log_eval_metrics] Accuracy(layer_5 - estimator_3 - 12_folds.train_8.predict)=44.50%
[ 2020-05-27 07:32:06,775][kfold_wrapper.log_eval_metrics] Accuracy(layer_5 - estimator_3 - 12_folds.train_9.predict)=35.50%
[ 2020-05-27 07:32:06,944][kfold_wrapper.log_eval_metrics] Accuracy(layer_5 - estimator_3 - 12_folds.train_10.predict)=41.50%
[ 2020-05-27 07:32:07,114][kfold_wrapper.log_eval_metrics] Accuracy(layer_5 - estimator_3 - 12_folds.train_11.predict)=37.50%
[ 2020-05-27 07:32:07,116][kfold_wrapper.log_eval_metrics] Accuracy(layer_5 - estimator_3 - 12_folds.train_cv.predict)=40.41%
[ 2020-05-27 07:32:07,116][kfold_wrapper.log_eval_metrics] Accuracy(layer_5 - estimator_3 - 12_folds.test.predict)=43.66%
[ 2020-05-27 07:32:07,118][cascade_classifier.calc_accuracy] Accuracy(layer_5 - train.classifier_average)=39.16%
[ 2020-05-27 07:32:07,118][cascade_classifier.calc_accuracy] Accuracy(layer_5 - test.classifier_average)=41.42%
[ 2020-05-27 07:32:07,119][cascade_classifier.fit_transform] [Result][Optimal Level Detected] opt_layer_num=2, accuracy_train=42.86%, accuracy_test=45.52%
[ 2020-05-27 07:32:07,215][cascade_classifier.transform] X_groups_test.shape=[(244, 5)]
[ 2020-05-27 07:32:07,216][cascade_classifier.transform] group_dims=[5]
[ 2020-05-27 07:32:07,216][cascade_classifier.transform] X_test.shape=(244, 5)
[ 2020-05-27 07:32:07,217][cascade_classifier.transform] [layer=0] look_indexs=[0], X_cur_test.shape=(244, 5)
[ 2020-05-27 07:32:09,890][cascade_classifier.transform] [layer=1] look_indexs=[0], X_cur_test.shape=(244, 17)
[ 2020-05-27 07:32:12,925][cascade_classifier.fit_transform] X_groups_train.shape=[(2623, 5)],y_train.shape=(2623,),X_groups_test.shape=[(292, 5)],y_test.shape=(292,)
[ 2020-05-27 07:32:12,925][cascade_classifier.fit_transform] group_dims=[5]
[ 2020-05-27 07:32:12,926][cascade_classifier.fit_transform] group_starts=[0]
[ 2020-05-27 07:32:12,927][cascade_classifier.fit_transform] group_ends=[5]
[ 2020-05-27 07:32:12,927][cascade_classifier.fit_transform] X_train.shape=(2623, 5),X_test.shape=(292, 5)
[ 2020-05-27 07:32:12,928][cascade_classifier.fit_transform] [layer=0] look_indexs=[0], X_cur_train.shape=(2623, 5), X_cur_test.shape=(292, 5)
[ 2020-05-27 07:32:12,960][kfold_wrapper.log_eval_metrics] Accuracy(layer_0 - estimator_0 - 5_folds.train_0.predict)=36.76%
[ 2020-05-27 07:32:12,991][kfold_wrapper.log_eval_metrics] Accuracy(layer_0 - estimator_0 - 5_folds.train_1.predict)=39.24%
[ 2020-05-27 07:32:13,023][kfold_wrapper.log_eval_metrics] Accuracy(layer_0 - estimator_0 - 5_folds.train_2.predict)=41.71%
[ 2020-05-27 07:32:13,054][kfold_wrapper.log_eval_metrics] Accuracy(layer_0 - estimator_0 - 5_folds.train_3.predict)=33.59%
[ 2020-05-27 07:32:13,086][kfold_wrapper.log_eval_metrics] Accuracy(layer_0 - estimator_0 - 5_folds.train_4.predict)=41.03%
[ 2020-05-27 07:32:13,088][kfold_wrapper.log_eval_metrics] Accuracy(layer_0 - estimator_0 - 5_folds.train_cv.predict)=38.47%
[ 2020-05-27 07:32:13,089][kfold_wrapper.log_eval_metrics] Accuracy(layer_0 - estimator_0 - 5_folds.test.predict)=28.77%
[ 2020-05-27 07:32:13,309][kfold_wrapper.log_eval_metrics] Accuracy(layer_0 - estimator_1 - 12_folds.train_0.predict)=33.79%
[ 2020-05-27 07:32:13,655][kfold_wrapper.log_eval_metrics] Accuracy(layer_0 - estimator_1 - 12_folds.train_1.predict)=28.77%
[ 2020-05-27 07:32:13,994][kfold_wrapper.log_eval_metrics] Accuracy(layer_0 - estimator_1 - 12_folds.train_2.predict)=33.33%
[ 2020-05-27 07:32:14,344][kfold_wrapper.log_eval_metrics] Accuracy(layer_0 - estimator_1 - 12_folds.train_3.predict)=29.68%
[ 2020-05-27 07:32:14,702][kfold_wrapper.log_eval_metrics] Accuracy(layer_0 - estimator_1 - 12_folds.train_4.predict)=34.25%
[ 2020-05-27 07:32:15,050][kfold_wrapper.log_eval_metrics] Accuracy(layer_0 - estimator_1 - 12_folds.train_5.predict)=35.16%
[ 2020-05-27 07:32:15,385][kfold_wrapper.log_eval_metrics] Accuracy(layer_0 - estimator_1 - 12_folds.train_6.predict)=32.42%
[ 2020-05-27 07:32:15,739][kfold_wrapper.log_eval_metrics] Accuracy(layer_0 - estimator_1 - 12_folds.train_7.predict)=33.49%
[ 2020-05-27 07:32:16,084][kfold_wrapper.log_eval_metrics] Accuracy(layer_0 - estimator_1 - 12_folds.train_8.predict)=33.03%
[ 2020-05-27 07:32:16,425][kfold_wrapper.log_eval_metrics] Accuracy(layer_0 - estimator_1 - 12_folds.train_9.predict)=38.07%
[ 2020-05-27 07:32:16,781][kfold_wrapper.log_eval_metrics] Accuracy(layer_0 - estimator_1 - 12_folds.train_10.predict)=40.37%
[ 2020-05-27 07:32:17,129][kfold_wrapper.log_eval_metrics] Accuracy(layer_0 - estimator_1 - 12_folds.train_11.predict)=34.40%
[ 2020-05-27 07:32:17,243][kfold_wrapper.log_eval_metrics] Accuracy(layer_0 - estimator_1 - 12_folds.train_cv.predict)=33.89%
[ 2020-05-27 07:32:17,246][kfold_wrapper.log_eval_metrics] Accuracy(layer_0 - estimator_1 - 12_folds.test.predict)=32.53%
[ 2020-05-27 07:32:17,480][kfold_wrapper.log_eval_metrics] Accuracy(layer_0 - estimator_2 - 12_folds.train_0.predict)=30.14%
[ 2020-05-27 07:32:17,826][kfold_wrapper.log_eval_metrics] Accuracy(layer_0 - estimator_2 - 12_folds.train_1.predict)=33.33%
[ 2020-05-27 07:32:18,185][kfold_wrapper.log_eval_metrics] Accuracy(layer_0 - estimator_2 - 12_folds.train_2.predict)=34.70%
[ 2020-05-27 07:32:18,534][kfold_wrapper.log_eval_metrics] Accuracy(layer_0 - estimator_2 - 12_folds.train_3.predict)=28.77%
[ 2020-05-27 07:32:18,880][kfold_wrapper.log_eval_metrics] Accuracy(layer_0 - estimator_2 - 12_folds.train_4.predict)=31.96%
[ 2020-05-27 07:32:19,234][kfold_wrapper.log_eval_metrics] Accuracy(layer_0 - estimator_2 - 12_folds.train_5.predict)=33.33%
[ 2020-05-27 07:32:19,593][kfold_wrapper.log_eval_metrics] Accuracy(layer_0 - estimator_2 - 12_folds.train_6.predict)=28.77%
[ 2020-05-27 07:32:19,950][kfold_wrapper.log_eval_metrics] Accuracy(layer_0 - estimator_2 - 12_folds.train_7.predict)=40.83%
[ 2020-05-27 07:32:20,298][kfold_wrapper.log_eval_metrics] Accuracy(layer_0 - estimator_2 - 12_folds.train_8.predict)=36.24%
[ 2020-05-27 07:32:20,651][kfold_wrapper.log_eval_metrics] Accuracy(layer_0 - estimator_2 - 12_folds.train_9.predict)=30.28%
[ 2020-05-27 07:32:21,011][kfold_wrapper.log_eval_metrics] Accuracy(layer_0 - estimator_2 - 12_folds.train_10.predict)=30.73%
[ 2020-05-27 07:32:21,351][kfold_wrapper.log_eval_metrics] Accuracy(layer_0 - estimator_2 - 12_folds.train_11.predict)=33.49%
[ 2020-05-27 07:32:21,464][kfold_wrapper.log_eval_metrics] Accuracy(layer_0 - estimator_2 - 12_folds.train_cv.predict)=32.71%
[ 2020-05-27 07:32:21,467][kfold_wrapper.log_eval_metrics] Accuracy(layer_0 - estimator_2 - 12_folds.test.predict)=28.77%
[ 2020-05-27 07:32:21,556][kfold_wrapper.log_eval_metrics] Accuracy(layer_0 - estimator_3 - 12_folds.train_0.predict)=40.18%
[ 2020-05-27 07:32:21,580][kfold_wrapper.log_eval_metrics] Accuracy(layer_0 - estimator_3 - 12_folds.train_1.predict)=41.10%
[ 2020-05-27 07:32:21,614][kfold_wrapper.log_eval_metrics] Accuracy(layer_0 - estimator_3 - 12_folds.train_2.predict)=38.36%
[ 2020-05-27 07:32:21,640][kfold_wrapper.log_eval_metrics] Accuracy(layer_0 - estimator_3 - 12_folds.train_3.predict)=37.44%
[ 2020-05-27 07:32:21,671][kfold_wrapper.log_eval_metrics] Accuracy(layer_0 - estimator_3 - 12_folds.train_4.predict)=38.81%
[ 2020-05-27 07:32:21,705][kfold_wrapper.log_eval_metrics] Accuracy(layer_0 - estimator_3 - 12_folds.train_5.predict)=40.18%
[ 2020-05-27 07:32:21,737][kfold_wrapper.log_eval_metrics] Accuracy(layer_0 - estimator_3 - 12_folds.train_6.predict)=40.64%
[ 2020-05-27 07:32:21,771][kfold_wrapper.log_eval_metrics] Accuracy(layer_0 - estimator_3 - 12_folds.train_7.predict)=38.53%
[ 2020-05-27 07:32:21,797][kfold_wrapper.log_eval_metrics] Accuracy(layer_0 - estimator_3 - 12_folds.train_8.predict)=41.74%
[ 2020-05-27 07:32:21,829][kfold_wrapper.log_eval_metrics] Accuracy(layer_0 - estimator_3 - 12_folds.train_9.predict)=39.91%
[ 2020-05-27 07:32:21,859][kfold_wrapper.log_eval_metrics] Accuracy(layer_0 - estimator_3 - 12_folds.train_10.predict)=41.74%
[ 2020-05-27 07:32:21,897][kfold_wrapper.log_eval_metrics] Accuracy(layer_0 - estimator_3 - 12_folds.train_11.predict)=42.20%
[ 2020-05-27 07:32:21,899][kfold_wrapper.log_eval_metrics] Accuracy(layer_0 - estimator_3 - 12_folds.train_cv.predict)=40.07%
[ 2020-05-27 07:32:21,899][kfold_wrapper.log_eval_metrics] Accuracy(layer_0 - estimator_3 - 12_folds.test.predict)=27.74%
[ 2020-05-27 07:32:21,900][cascade_classifier.calc_accuracy] Accuracy(layer_0 - train.classifier_average)=34.81%
[ 2020-05-27 07:32:21,901][cascade_classifier.calc_accuracy] Accuracy(layer_0 - test.classifier_average)=32.19%
[ 2020-05-27 07:32:21,903][cascade_classifier.fit_transform] [layer=1] look_indexs=[0], X_cur_train.shape=(2623, 17), X_cur_test.shape=(292, 17)
[ 2020-05-27 07:32:21,942][kfold_wrapper.log_eval_metrics] Accuracy(layer_1 - estimator_0 - 5_folds.train_0.predict)=39.81%
[ 2020-05-27 07:32:21,981][kfold_wrapper.log_eval_metrics] Accuracy(layer_1 - estimator_0 - 5_folds.train_1.predict)=41.52%
[ 2020-05-27 07:32:22,020][kfold_wrapper.log_eval_metrics] Accuracy(layer_1 - estimator_0 - 5_folds.train_2.predict)=39.43%
[ 2020-05-27 07:32:22,060][kfold_wrapper.log_eval_metrics] Accuracy(layer_1 - estimator_0 - 5_folds.train_3.predict)=42.18%
[ 2020-05-27 07:32:22,099][kfold_wrapper.log_eval_metrics] Accuracy(layer_1 - estimator_0 - 5_folds.train_4.predict)=43.51%
[ 2020-05-27 07:32:22,101][kfold_wrapper.log_eval_metrics] Accuracy(layer_1 - estimator_0 - 5_folds.train_cv.predict)=41.29%
[ 2020-05-27 07:32:22,103][kfold_wrapper.log_eval_metrics] Accuracy(layer_1 - estimator_0 - 5_folds.test.predict)=33.90%
[ 2020-05-27 07:32:22,323][kfold_wrapper.log_eval_metrics] Accuracy(layer_1 - estimator_1 - 12_folds.train_0.predict)=38.81%
[ 2020-05-27 07:32:22,682][kfold_wrapper.log_eval_metrics] Accuracy(layer_1 - estimator_1 - 12_folds.train_1.predict)=41.10%
[ 2020-05-27 07:32:23,044][kfold_wrapper.log_eval_metrics] Accuracy(layer_1 - estimator_1 - 12_folds.train_2.predict)=36.99%
[ 2020-05-27 07:32:23,404][kfold_wrapper.log_eval_metrics] Accuracy(layer_1 - estimator_1 - 12_folds.train_3.predict)=39.27%
[ 2020-05-27 07:32:23,745][kfold_wrapper.log_eval_metrics] Accuracy(layer_1 - estimator_1 - 12_folds.train_4.predict)=41.10%
[ 2020-05-27 07:32:24,102][kfold_wrapper.log_eval_metrics] Accuracy(layer_1 - estimator_1 - 12_folds.train_5.predict)=37.90%
[ 2020-05-27 07:32:24,460][kfold_wrapper.log_eval_metrics] Accuracy(layer_1 - estimator_1 - 12_folds.train_6.predict)=36.53%
[ 2020-05-27 07:32:24,820][kfold_wrapper.log_eval_metrics] Accuracy(layer_1 - estimator_1 - 12_folds.train_7.predict)=37.16%
[ 2020-05-27 07:32:25,169][kfold_wrapper.log_eval_metrics] Accuracy(layer_1 - estimator_1 - 12_folds.train_8.predict)=38.07%
[ 2020-05-27 07:32:25,515][kfold_wrapper.log_eval_metrics] Accuracy(layer_1 - estimator_1 - 12_folds.train_9.predict)=38.07%
[ 2020-05-27 07:32:25,872][kfold_wrapper.log_eval_metrics] Accuracy(layer_1 - estimator_1 - 12_folds.train_10.predict)=43.58%
[ 2020-05-27 07:32:26,221][kfold_wrapper.log_eval_metrics] Accuracy(layer_1 - estimator_1 - 12_folds.train_11.predict)=44.04%
[ 2020-05-27 07:32:26,334][kfold_wrapper.log_eval_metrics] Accuracy(layer_1 - estimator_1 - 12_folds.train_cv.predict)=39.38%
[ 2020-05-27 07:32:26,336][kfold_wrapper.log_eval_metrics] Accuracy(layer_1 - estimator_1 - 12_folds.test.predict)=28.08%
[ 2020-05-27 07:32:26,574][kfold_wrapper.log_eval_metrics] Accuracy(layer_1 - estimator_2 - 12_folds.train_0.predict)=40.64%
[ 2020-05-27 07:32:26,929][kfold_wrapper.log_eval_metrics] Accuracy(layer_1 - estimator_2 - 12_folds.train_1.predict)=39.27%
[ 2020-05-27 07:32:27,268][kfold_wrapper.log_eval_metrics] Accuracy(layer_1 - estimator_2 - 12_folds.train_2.predict)=43.38%
[ 2020-05-27 07:32:27,609][kfold_wrapper.log_eval_metrics] Accuracy(layer_1 - estimator_2 - 12_folds.train_3.predict)=36.07%
[ 2020-05-27 07:32:27,960][kfold_wrapper.log_eval_metrics] Accuracy(layer_1 - estimator_2 - 12_folds.train_4.predict)=42.92%
[ 2020-05-27 07:32:28,320][kfold_wrapper.log_eval_metrics] Accuracy(layer_1 - estimator_2 - 12_folds.train_5.predict)=39.73%
[ 2020-05-27 07:32:28,668][kfold_wrapper.log_eval_metrics] Accuracy(layer_1 - estimator_2 - 12_folds.train_6.predict)=41.10%
[ 2020-05-27 07:32:29,022][kfold_wrapper.log_eval_metrics] Accuracy(layer_1 - estimator_2 - 12_folds.train_7.predict)=36.24%
[ 2020-05-27 07:32:29,382][kfold_wrapper.log_eval_metrics] Accuracy(layer_1 - estimator_2 - 12_folds.train_8.predict)=41.74%
[ 2020-05-27 07:32:29,741][kfold_wrapper.log_eval_metrics] Accuracy(layer_1 - estimator_2 - 12_folds.train_9.predict)=40.37%
[ 2020-05-27 07:32:30,091][kfold_wrapper.log_eval_metrics] Accuracy(layer_1 - estimator_2 - 12_folds.train_10.predict)=39.45%
[ 2020-05-27 07:32:30,440][kfold_wrapper.log_eval_metrics] Accuracy(layer_1 - estimator_2 - 12_folds.train_11.predict)=38.99%
[ 2020-05-27 07:32:30,558][kfold_wrapper.log_eval_metrics] Accuracy(layer_1 - estimator_2 - 12_folds.train_cv.predict)=39.99%
[ 2020-05-27 07:32:30,561][kfold_wrapper.log_eval_metrics] Accuracy(layer_1 - estimator_2 - 12_folds.test.predict)=29.79%
[ 2020-05-27 07:32:30,696][kfold_wrapper.log_eval_metrics] Accuracy(layer_1 - estimator_3 - 12_folds.train_0.predict)=35.16%
[ 2020-05-27 07:32:30,780][kfold_wrapper.log_eval_metrics] Accuracy(layer_1 - estimator_3 - 12_folds.train_1.predict)=41.10%
[ 2020-05-27 07:32:30,865][kfold_wrapper.log_eval_metrics] Accuracy(layer_1 - estimator_3 - 12_folds.train_2.predict)=43.84%
[ 2020-05-27 07:32:30,951][kfold_wrapper.log_eval_metrics] Accuracy(layer_1 - estimator_3 - 12_folds.train_3.predict)=40.18%
[ 2020-05-27 07:32:31,035][kfold_wrapper.log_eval_metrics] Accuracy(layer_1 - estimator_3 - 12_folds.train_4.predict)=36.07%
[ 2020-05-27 07:32:31,119][kfold_wrapper.log_eval_metrics] Accuracy(layer_1 - estimator_3 - 12_folds.train_5.predict)=46.58%
[ 2020-05-27 07:32:31,209][kfold_wrapper.log_eval_metrics] Accuracy(layer_1 - estimator_3 - 12_folds.train_6.predict)=34.25%
[ 2020-05-27 07:32:31,291][kfold_wrapper.log_eval_metrics] Accuracy(layer_1 - estimator_3 - 12_folds.train_7.predict)=37.61%
[ 2020-05-27 07:32:31,374][kfold_wrapper.log_eval_metrics] Accuracy(layer_1 - estimator_3 - 12_folds.train_8.predict)=33.94%
[ 2020-05-27 07:32:31,458][kfold_wrapper.log_eval_metrics] Accuracy(layer_1 - estimator_3 - 12_folds.train_9.predict)=39.91%
[ 2020-05-27 07:32:31,543][kfold_wrapper.log_eval_metrics] Accuracy(layer_1 - estimator_3 - 12_folds.train_10.predict)=43.58%
[ 2020-05-27 07:32:31,625][kfold_wrapper.log_eval_metrics] Accuracy(layer_1 - estimator_3 - 12_folds.train_11.predict)=42.20%
[ 2020-05-27 07:32:31,627][kfold_wrapper.log_eval_metrics] Accuracy(layer_1 - estimator_3 - 12_folds.train_cv.predict)=39.53%
[ 2020-05-27 07:32:31,627][kfold_wrapper.log_eval_metrics] Accuracy(layer_1 - estimator_3 - 12_folds.test.predict)=29.45%
[ 2020-05-27 07:32:31,628][cascade_classifier.calc_accuracy] Accuracy(layer_1 - train.classifier_average)=42.24%
[ 2020-05-27 07:32:31,629][cascade_classifier.calc_accuracy] Accuracy(layer_1 - test.classifier_average)=31.85%
[ 2020-05-27 07:32:31,630][cascade_classifier.fit_transform] [layer=2] look_indexs=[0], X_cur_train.shape=(2623, 17), X_cur_test.shape=(292, 17)
[ 2020-05-27 07:32:31,669][kfold_wrapper.log_eval_metrics] Accuracy(layer_2 - estimator_0 - 5_folds.train_0.predict)=38.48%
[ 2020-05-27 07:32:31,708][kfold_wrapper.log_eval_metrics] Accuracy(layer_2 - estimator_0 - 5_folds.train_1.predict)=37.33%
[ 2020-05-27 07:32:31,747][kfold_wrapper.log_eval_metrics] Accuracy(layer_2 - estimator_0 - 5_folds.train_2.predict)=39.43%
[ 2020-05-27 07:32:31,787][kfold_wrapper.log_eval_metrics] Accuracy(layer_2 - estimator_0 - 5_folds.train_3.predict)=41.22%
[ 2020-05-27 07:32:31,827][kfold_wrapper.log_eval_metrics] Accuracy(layer_2 - estimator_0 - 5_folds.train_4.predict)=40.65%
[ 2020-05-27 07:32:31,830][kfold_wrapper.log_eval_metrics] Accuracy(layer_2 - estimator_0 - 5_folds.train_cv.predict)=39.42%
[ 2020-05-27 07:32:31,831][kfold_wrapper.log_eval_metrics] Accuracy(layer_2 - estimator_0 - 5_folds.test.predict)=32.53%
[ 2020-05-27 07:32:32,051][kfold_wrapper.log_eval_metrics] Accuracy(layer_2 - estimator_1 - 12_folds.train_0.predict)=42.47%
[ 2020-05-27 07:32:32,393][kfold_wrapper.log_eval_metrics] Accuracy(layer_2 - estimator_1 - 12_folds.train_1.predict)=31.51%
[ 2020-05-27 07:32:32,745][kfold_wrapper.log_eval_metrics] Accuracy(layer_2 - estimator_1 - 12_folds.train_2.predict)=39.73%
[ 2020-05-27 07:32:33,094][kfold_wrapper.log_eval_metrics] Accuracy(layer_2 - estimator_1 - 12_folds.train_3.predict)=39.73%
[ 2020-05-27 07:32:33,449][kfold_wrapper.log_eval_metrics] Accuracy(layer_2 - estimator_1 - 12_folds.train_4.predict)=36.53%
[ 2020-05-27 07:32:33,806][kfold_wrapper.log_eval_metrics] Accuracy(layer_2 - estimator_1 - 12_folds.train_5.predict)=31.51%
[ 2020-05-27 07:32:34,154][kfold_wrapper.log_eval_metrics] Accuracy(layer_2 - estimator_1 - 12_folds.train_6.predict)=32.88%
[ 2020-05-27 07:32:34,514][kfold_wrapper.log_eval_metrics] Accuracy(layer_2 - estimator_1 - 12_folds.train_7.predict)=35.32%
[ 2020-05-27 07:32:34,857][kfold_wrapper.log_eval_metrics] Accuracy(layer_2 - estimator_1 - 12_folds.train_8.predict)=37.61%
[ 2020-05-27 07:32:35,212][kfold_wrapper.log_eval_metrics] Accuracy(layer_2 - estimator_1 - 12_folds.train_9.predict)=41.28%
[ 2020-05-27 07:32:35,559][kfold_wrapper.log_eval_metrics] Accuracy(layer_2 - estimator_1 - 12_folds.train_10.predict)=38.07%
[ 2020-05-27 07:32:35,912][kfold_wrapper.log_eval_metrics] Accuracy(layer_2 - estimator_1 - 12_folds.train_11.predict)=38.99%
[ 2020-05-27 07:32:36,030][kfold_wrapper.log_eval_metrics] Accuracy(layer_2 - estimator_1 - 12_folds.train_cv.predict)=37.13%
[ 2020-05-27 07:32:36,032][kfold_wrapper.log_eval_metrics] Accuracy(layer_2 - estimator_1 - 12_folds.test.predict)=30.82%
[ 2020-05-27 07:32:36,263][kfold_wrapper.log_eval_metrics] Accuracy(layer_2 - estimator_2 - 12_folds.train_0.predict)=35.62%
[ 2020-05-27 07:32:36,611][kfold_wrapper.log_eval_metrics] Accuracy(layer_2 - estimator_2 - 12_folds.train_1.predict)=35.62%
[ 2020-05-27 07:32:36,962][kfold_wrapper.log_eval_metrics] Accuracy(layer_2 - estimator_2 - 12_folds.train_2.predict)=38.36%
[ 2020-05-27 07:32:37,320][kfold_wrapper.log_eval_metrics] Accuracy(layer_2 - estimator_2 - 12_folds.train_3.predict)=35.62%
[ 2020-05-27 07:32:37,673][kfold_wrapper.log_eval_metrics] Accuracy(layer_2 - estimator_2 - 12_folds.train_4.predict)=37.90%
[ 2020-05-27 07:32:38,029][kfold_wrapper.log_eval_metrics] Accuracy(layer_2 - estimator_2 - 12_folds.train_5.predict)=31.51%
[ 2020-05-27 07:32:38,370][kfold_wrapper.log_eval_metrics] Accuracy(layer_2 - estimator_2 - 12_folds.train_6.predict)=40.18%
[ 2020-05-27 07:32:38,726][kfold_wrapper.log_eval_metrics] Accuracy(layer_2 - estimator_2 - 12_folds.train_7.predict)=39.45%
[ 2020-05-27 07:32:39,050][kfold_wrapper.log_eval_metrics] Accuracy(layer_2 - estimator_2 - 12_folds.train_8.predict)=38.07%
[ 2020-05-27 07:32:39,389][kfold_wrapper.log_eval_metrics] Accuracy(layer_2 - estimator_2 - 12_folds.train_9.predict)=36.70%
[ 2020-05-27 07:32:39,752][kfold_wrapper.log_eval_metrics] Accuracy(layer_2 - estimator_2 - 12_folds.train_10.predict)=33.49%
[ 2020-05-27 07:32:40,116][kfold_wrapper.log_eval_metrics] Accuracy(layer_2 - estimator_2 - 12_folds.train_11.predict)=37.61%
[ 2020-05-27 07:32:40,230][kfold_wrapper.log_eval_metrics] Accuracy(layer_2 - estimator_2 - 12_folds.train_cv.predict)=36.68%
[ 2020-05-27 07:32:40,233][kfold_wrapper.log_eval_metrics] Accuracy(layer_2 - estimator_2 - 12_folds.test.predict)=32.53%
[ 2020-05-27 07:32:40,389][kfold_wrapper.log_eval_metrics] Accuracy(layer_2 - estimator_3 - 12_folds.train_0.predict)=45.66%
[ 2020-05-27 07:32:40,496][kfold_wrapper.log_eval_metrics] Accuracy(layer_2 - estimator_3 - 12_folds.train_1.predict)=39.27%
[ 2020-05-27 07:32:40,600][kfold_wrapper.log_eval_metrics] Accuracy(layer_2 - estimator_3 - 12_folds.train_2.predict)=39.27%
[ 2020-05-27 07:32:40,709][kfold_wrapper.log_eval_metrics] Accuracy(layer_2 - estimator_3 - 12_folds.train_3.predict)=41.55%
[ 2020-05-27 07:32:40,815][kfold_wrapper.log_eval_metrics] Accuracy(layer_2 - estimator_3 - 12_folds.train_4.predict)=43.38%
[ 2020-05-27 07:32:40,920][kfold_wrapper.log_eval_metrics] Accuracy(layer_2 - estimator_3 - 12_folds.train_5.predict)=42.47%
[ 2020-05-27 07:32:41,030][kfold_wrapper.log_eval_metrics] Accuracy(layer_2 - estimator_3 - 12_folds.train_6.predict)=42.01%
[ 2020-05-27 07:32:41,137][kfold_wrapper.log_eval_metrics] Accuracy(layer_2 - estimator_3 - 12_folds.train_7.predict)=46.79%
[ 2020-05-27 07:32:41,243][kfold_wrapper.log_eval_metrics] Accuracy(layer_2 - estimator_3 - 12_folds.train_8.predict)=39.91%
[ 2020-05-27 07:32:41,348][kfold_wrapper.log_eval_metrics] Accuracy(layer_2 - estimator_3 - 12_folds.train_9.predict)=44.50%
[ 2020-05-27 07:32:41,455][kfold_wrapper.log_eval_metrics] Accuracy(layer_2 - estimator_3 - 12_folds.train_10.predict)=36.70%
[ 2020-05-27 07:32:41,565][kfold_wrapper.log_eval_metrics] Accuracy(layer_2 - estimator_3 - 12_folds.train_11.predict)=45.87%
[ 2020-05-27 07:32:41,565][kfold_wrapper.log_eval_metrics] Accuracy(layer_2 - estimator_3 - 12_folds.train_cv.predict)=42.28%
[ 2020-05-27 07:32:41,567][kfold_wrapper.log_eval_metrics] Accuracy(layer_2 - estimator_3 - 12_folds.test.predict)=30.48%
[ 2020-05-27 07:32:41,568][cascade_classifier.calc_accuracy] Accuracy(layer_2 - train.classifier_average)=39.34%
[ 2020-05-27 07:32:41,569][cascade_classifier.calc_accuracy] Accuracy(layer_2 - test.classifier_average)=33.90%
[ 2020-05-27 07:32:41,569][cascade_classifier.fit_transform] [layer=3] look_indexs=[0], X_cur_train.shape=(2623, 17), X_cur_test.shape=(292, 17)
[ 2020-05-27 07:32:41,610][kfold_wrapper.log_eval_metrics] Accuracy(layer_3 - estimator_0 - 5_folds.train_0.predict)=40.95%
[ 2020-05-27 07:32:41,650][kfold_wrapper.log_eval_metrics] Accuracy(layer_3 - estimator_0 - 5_folds.train_1.predict)=41.14%
[ 2020-05-27 07:32:41,690][kfold_wrapper.log_eval_metrics] Accuracy(layer_3 - estimator_0 - 5_folds.train_2.predict)=42.67%
[ 2020-05-27 07:32:41,729][kfold_wrapper.log_eval_metrics] Accuracy(layer_3 - estimator_0 - 5_folds.train_3.predict)=38.93%
[ 2020-05-27 07:32:41,769][kfold_wrapper.log_eval_metrics] Accuracy(layer_3 - estimator_0 - 5_folds.train_4.predict)=40.65%
[ 2020-05-27 07:32:41,772][kfold_wrapper.log_eval_metrics] Accuracy(layer_3 - estimator_0 - 5_folds.train_cv.predict)=40.87%
[ 2020-05-27 07:32:41,774][kfold_wrapper.log_eval_metrics] Accuracy(layer_3 - estimator_0 - 5_folds.test.predict)=31.85%
[ 2020-05-27 07:32:41,996][kfold_wrapper.log_eval_metrics] Accuracy(layer_3 - estimator_1 - 12_folds.train_0.predict)=35.16%
[ 2020-05-27 07:32:42,342][kfold_wrapper.log_eval_metrics] Accuracy(layer_3 - estimator_1 - 12_folds.train_1.predict)=39.73%
[ 2020-05-27 07:32:42,701][kfold_wrapper.log_eval_metrics] Accuracy(layer_3 - estimator_1 - 12_folds.train_2.predict)=39.73%
[ 2020-05-27 07:32:43,060][kfold_wrapper.log_eval_metrics] Accuracy(layer_3 - estimator_1 - 12_folds.train_3.predict)=35.62%
[ 2020-05-27 07:32:43,422][kfold_wrapper.log_eval_metrics] Accuracy(layer_3 - estimator_1 - 12_folds.train_4.predict)=41.10%
[ 2020-05-27 07:32:43,782][kfold_wrapper.log_eval_metrics] Accuracy(layer_3 - estimator_1 - 12_folds.train_5.predict)=37.44%
[ 2020-05-27 07:32:44,128][kfold_wrapper.log_eval_metrics] Accuracy(layer_3 - estimator_1 - 12_folds.train_6.predict)=39.27%
[ 2020-05-27 07:32:44,483][kfold_wrapper.log_eval_metrics] Accuracy(layer_3 - estimator_1 - 12_folds.train_7.predict)=38.99%
[ 2020-05-27 07:32:44,841][kfold_wrapper.log_eval_metrics] Accuracy(layer_3 - estimator_1 - 12_folds.train_8.predict)=32.57%
[ 2020-05-27 07:32:45,197][kfold_wrapper.log_eval_metrics] Accuracy(layer_3 - estimator_1 - 12_folds.train_9.predict)=36.70%
[ 2020-05-27 07:32:45,536][kfold_wrapper.log_eval_metrics] Accuracy(layer_3 - estimator_1 - 12_folds.train_10.predict)=39.91%
[ 2020-05-27 07:32:45,888][kfold_wrapper.log_eval_metrics] Accuracy(layer_3 - estimator_1 - 12_folds.train_11.predict)=35.32%
[ 2020-05-27 07:32:45,997][kfold_wrapper.log_eval_metrics] Accuracy(layer_3 - estimator_1 - 12_folds.train_cv.predict)=37.63%
[ 2020-05-27 07:32:46,005][kfold_wrapper.log_eval_metrics] Accuracy(layer_3 - estimator_1 - 12_folds.test.predict)=29.45%
[ 2020-05-27 07:32:46,245][kfold_wrapper.log_eval_metrics] Accuracy(layer_3 - estimator_2 - 12_folds.train_0.predict)=37.44%
[ 2020-05-27 07:32:46,596][kfold_wrapper.log_eval_metrics] Accuracy(layer_3 - estimator_2 - 12_folds.train_1.predict)=32.88%
[ 2020-05-27 07:32:46,913][kfold_wrapper.log_eval_metrics] Accuracy(layer_3 - estimator_2 - 12_folds.train_2.predict)=38.36%
[ 2020-05-27 07:32:47,230][kfold_wrapper.log_eval_metrics] Accuracy(layer_3 - estimator_2 - 12_folds.train_3.predict)=42.92%
[ 2020-05-27 07:32:47,572][kfold_wrapper.log_eval_metrics] Accuracy(layer_3 - estimator_2 - 12_folds.train_4.predict)=33.79%
[ 2020-05-27 07:32:47,916][kfold_wrapper.log_eval_metrics] Accuracy(layer_3 - estimator_2 - 12_folds.train_5.predict)=36.53%
[ 2020-05-27 07:32:48,258][kfold_wrapper.log_eval_metrics] Accuracy(layer_3 - estimator_2 - 12_folds.train_6.predict)=37.90%
[ 2020-05-27 07:32:48,619][kfold_wrapper.log_eval_metrics] Accuracy(layer_3 - estimator_2 - 12_folds.train_7.predict)=35.32%
[ 2020-05-27 07:32:48,955][kfold_wrapper.log_eval_metrics] Accuracy(layer_3 - estimator_2 - 12_folds.train_8.predict)=32.57%
[ 2020-05-27 07:32:49,316][kfold_wrapper.log_eval_metrics] Accuracy(layer_3 - estimator_2 - 12_folds.train_9.predict)=38.99%
[ 2020-05-27 07:32:49,671][kfold_wrapper.log_eval_metrics] Accuracy(layer_3 - estimator_2 - 12_folds.train_10.predict)=34.86%
[ 2020-05-27 07:32:50,029][kfold_wrapper.log_eval_metrics] Accuracy(layer_3 - estimator_2 - 12_folds.train_11.predict)=36.70%
[ 2020-05-27 07:32:50,144][kfold_wrapper.log_eval_metrics] Accuracy(layer_3 - estimator_2 - 12_folds.train_cv.predict)=36.52%
[ 2020-05-27 07:32:50,147][kfold_wrapper.log_eval_metrics] Accuracy(layer_3 - estimator_2 - 12_folds.test.predict)=33.22%
[ 2020-05-27 07:32:50,328][kfold_wrapper.log_eval_metrics] Accuracy(layer_3 - estimator_3 - 12_folds.train_0.predict)=37.90%
[ 2020-05-27 07:32:50,465][kfold_wrapper.log_eval_metrics] Accuracy(layer_3 - estimator_3 - 12_folds.train_1.predict)=41.55%
[ 2020-05-27 07:32:50,603][kfold_wrapper.log_eval_metrics] Accuracy(layer_3 - estimator_3 - 12_folds.train_2.predict)=43.84%
[ 2020-05-27 07:32:50,736][kfold_wrapper.log_eval_metrics] Accuracy(layer_3 - estimator_3 - 12_folds.train_3.predict)=42.92%
[ 2020-05-27 07:32:50,876][kfold_wrapper.log_eval_metrics] Accuracy(layer_3 - estimator_3 - 12_folds.train_4.predict)=39.27%
[ 2020-05-27 07:32:51,013][kfold_wrapper.log_eval_metrics] Accuracy(layer_3 - estimator_3 - 12_folds.train_5.predict)=44.29%
[ 2020-05-27 07:32:51,151][kfold_wrapper.log_eval_metrics] Accuracy(layer_3 - estimator_3 - 12_folds.train_6.predict)=43.84%
[ 2020-05-27 07:32:51,291][kfold_wrapper.log_eval_metrics] Accuracy(layer_3 - estimator_3 - 12_folds.train_7.predict)=44.04%
[ 2020-05-27 07:32:51,433][kfold_wrapper.log_eval_metrics] Accuracy(layer_3 - estimator_3 - 12_folds.train_8.predict)=41.74%
[ 2020-05-27 07:32:51,568][kfold_wrapper.log_eval_metrics] Accuracy(layer_3 - estimator_3 - 12_folds.train_9.predict)=39.45%
[ 2020-05-27 07:32:51,706][kfold_wrapper.log_eval_metrics] Accuracy(layer_3 - estimator_3 - 12_folds.train_10.predict)=44.50%
[ 2020-05-27 07:32:51,846][kfold_wrapper.log_eval_metrics] Accuracy(layer_3 - estimator_3 - 12_folds.train_11.predict)=38.07%
[ 2020-05-27 07:32:51,847][kfold_wrapper.log_eval_metrics] Accuracy(layer_3 - estimator_3 - 12_folds.train_cv.predict)=41.78%
[ 2020-05-27 07:32:51,848][kfold_wrapper.log_eval_metrics] Accuracy(layer_3 - estimator_3 - 12_folds.test.predict)=31.51%
[ 2020-05-27 07:32:51,849][cascade_classifier.calc_accuracy] Accuracy(layer_3 - train.classifier_average)=39.99%
[ 2020-05-27 07:32:51,850][cascade_classifier.calc_accuracy] Accuracy(layer_3 - test.classifier_average)=29.45%
[ 2020-05-27 07:32:51,850][cascade_classifier.fit_transform] [layer=4] look_indexs=[0], X_cur_train.shape=(2623, 17), X_cur_test.shape=(292, 17)
[ 2020-05-27 07:32:51,891][kfold_wrapper.log_eval_metrics] Accuracy(layer_4 - estimator_0 - 5_folds.train_0.predict)=39.81%
[ 2020-05-27 07:32:51,932][kfold_wrapper.log_eval_metrics] Accuracy(layer_4 - estimator_0 - 5_folds.train_1.predict)=40.57%
[ 2020-05-27 07:32:51,972][kfold_wrapper.log_eval_metrics] Accuracy(layer_4 - estimator_0 - 5_folds.train_2.predict)=38.48%
[ 2020-05-27 07:32:52,011][kfold_wrapper.log_eval_metrics] Accuracy(layer_4 - estimator_0 - 5_folds.train_3.predict)=40.84%
[ 2020-05-27 07:32:52,053][kfold_wrapper.log_eval_metrics] Accuracy(layer_4 - estimator_0 - 5_folds.train_4.predict)=41.03%
[ 2020-05-27 07:32:52,056][kfold_wrapper.log_eval_metrics] Accuracy(layer_4 - estimator_0 - 5_folds.train_cv.predict)=40.14%
[ 2020-05-27 07:32:52,058][kfold_wrapper.log_eval_metrics] Accuracy(layer_4 - estimator_0 - 5_folds.test.predict)=31.51%
[ 2020-05-27 07:32:52,280][kfold_wrapper.log_eval_metrics] Accuracy(layer_4 - estimator_1 - 12_folds.train_0.predict)=36.99%
[ 2020-05-27 07:32:52,632][kfold_wrapper.log_eval_metrics] Accuracy(layer_4 - estimator_1 - 12_folds.train_1.predict)=39.73%
[ 2020-05-27 07:32:52,995][kfold_wrapper.log_eval_metrics] Accuracy(layer_4 - estimator_1 - 12_folds.train_2.predict)=37.90%
[ 2020-05-27 07:32:53,350][kfold_wrapper.log_eval_metrics] Accuracy(layer_4 - estimator_1 - 12_folds.train_3.predict)=34.25%
[ 2020-05-27 07:32:53,703][kfold_wrapper.log_eval_metrics] Accuracy(layer_4 - estimator_1 - 12_folds.train_4.predict)=43.84%
[ 2020-05-27 07:32:54,051][kfold_wrapper.log_eval_metrics] Accuracy(layer_4 - estimator_1 - 12_folds.train_5.predict)=41.55%
[ 2020-05-27 07:32:54,404][kfold_wrapper.log_eval_metrics] Accuracy(layer_4 - estimator_1 - 12_folds.train_6.predict)=33.33%
[ 2020-05-27 07:32:54,761][kfold_wrapper.log_eval_metrics] Accuracy(layer_4 - estimator_1 - 12_folds.train_7.predict)=36.24%
[ 2020-05-27 07:32:55,124][kfold_wrapper.log_eval_metrics] Accuracy(layer_4 - estimator_1 - 12_folds.train_8.predict)=35.78%
[ 2020-05-27 07:32:55,465][kfold_wrapper.log_eval_metrics] Accuracy(layer_4 - estimator_1 - 12_folds.train_9.predict)=48.62%
[ 2020-05-27 07:32:55,829][kfold_wrapper.log_eval_metrics] Accuracy(layer_4 - estimator_1 - 12_folds.train_10.predict)=33.49%
[ 2020-05-27 07:32:56,179][kfold_wrapper.log_eval_metrics] Accuracy(layer_4 - estimator_1 - 12_folds.train_11.predict)=34.40%
[ 2020-05-27 07:32:56,300][kfold_wrapper.log_eval_metrics] Accuracy(layer_4 - estimator_1 - 12_folds.train_cv.predict)=38.01%
[ 2020-05-27 07:32:56,303][kfold_wrapper.log_eval_metrics] Accuracy(layer_4 - estimator_1 - 12_folds.test.predict)=34.25%
[ 2020-05-27 07:32:56,565][kfold_wrapper.log_eval_metrics] Accuracy(layer_4 - estimator_2 - 12_folds.train_0.predict)=34.70%
[ 2020-05-27 07:32:56,922][kfold_wrapper.log_eval_metrics] Accuracy(layer_4 - estimator_2 - 12_folds.train_1.predict)=40.18%
[ 2020-05-27 07:32:57,277][kfold_wrapper.log_eval_metrics] Accuracy(layer_4 - estimator_2 - 12_folds.train_2.predict)=31.51%
[ 2020-05-27 07:32:57,636][kfold_wrapper.log_eval_metrics] Accuracy(layer_4 - estimator_2 - 12_folds.train_3.predict)=37.90%
[ 2020-05-27 07:32:57,997][kfold_wrapper.log_eval_metrics] Accuracy(layer_4 - estimator_2 - 12_folds.train_4.predict)=42.47%
[ 2020-05-27 07:32:58,348][kfold_wrapper.log_eval_metrics] Accuracy(layer_4 - estimator_2 - 12_folds.train_5.predict)=39.27%
[ 2020-05-27 07:32:58,713][kfold_wrapper.log_eval_metrics] Accuracy(layer_4 - estimator_2 - 12_folds.train_6.predict)=36.07%
[ 2020-05-27 07:32:59,067][kfold_wrapper.log_eval_metrics] Accuracy(layer_4 - estimator_2 - 12_folds.train_7.predict)=39.45%
[ 2020-05-27 07:32:59,412][kfold_wrapper.log_eval_metrics] Accuracy(layer_4 - estimator_2 - 12_folds.train_8.predict)=41.74%
[ 2020-05-27 07:32:59,776][kfold_wrapper.log_eval_metrics] Accuracy(layer_4 - estimator_2 - 12_folds.train_9.predict)=28.44%
[ 2020-05-27 07:33:00,138][kfold_wrapper.log_eval_metrics] Accuracy(layer_4 - estimator_2 - 12_folds.train_10.predict)=38.53%
[ 2020-05-27 07:33:00,498][kfold_wrapper.log_eval_metrics] Accuracy(layer_4 - estimator_2 - 12_folds.train_11.predict)=37.16%
[ 2020-05-27 07:33:00,622][kfold_wrapper.log_eval_metrics] Accuracy(layer_4 - estimator_2 - 12_folds.train_cv.predict)=37.29%
[ 2020-05-27 07:33:00,626][kfold_wrapper.log_eval_metrics] Accuracy(layer_4 - estimator_2 - 12_folds.test.predict)=33.22%
[ 2020-05-27 07:33:00,863][kfold_wrapper.log_eval_metrics] Accuracy(layer_4 - estimator_3 - 12_folds.train_0.predict)=42.01%
[ 2020-05-27 07:33:01,046][kfold_wrapper.log_eval_metrics] Accuracy(layer_4 - estimator_3 - 12_folds.train_1.predict)=38.81%
[ 2020-05-27 07:33:01,230][kfold_wrapper.log_eval_metrics] Accuracy(layer_4 - estimator_3 - 12_folds.train_2.predict)=41.10%
[ 2020-05-27 07:33:01,409][kfold_wrapper.log_eval_metrics] Accuracy(layer_4 - estimator_3 - 12_folds.train_3.predict)=35.62%
[ 2020-05-27 07:33:01,597][kfold_wrapper.log_eval_metrics] Accuracy(layer_4 - estimator_3 - 12_folds.train_4.predict)=39.73%
[ 2020-05-27 07:33:01,782][kfold_wrapper.log_eval_metrics] Accuracy(layer_4 - estimator_3 - 12_folds.train_5.predict)=46.58%
[ 2020-05-27 07:33:01,961][kfold_wrapper.log_eval_metrics] Accuracy(layer_4 - estimator_3 - 12_folds.train_6.predict)=39.73%
[ 2020-05-27 07:33:02,150][kfold_wrapper.log_eval_metrics] Accuracy(layer_4 - estimator_3 - 12_folds.train_7.predict)=36.70%
[ 2020-05-27 07:33:02,334][kfold_wrapper.log_eval_metrics] Accuracy(layer_4 - estimator_3 - 12_folds.train_8.predict)=41.28%
[ 2020-05-27 07:33:02,514][kfold_wrapper.log_eval_metrics] Accuracy(layer_4 - estimator_3 - 12_folds.train_9.predict)=46.79%
[ 2020-05-27 07:33:02,695][kfold_wrapper.log_eval_metrics] Accuracy(layer_4 - estimator_3 - 12_folds.train_10.predict)=41.74%
[ 2020-05-27 07:33:02,876][kfold_wrapper.log_eval_metrics] Accuracy(layer_4 - estimator_3 - 12_folds.train_11.predict)=43.58%
[ 2020-05-27 07:33:02,878][kfold_wrapper.log_eval_metrics] Accuracy(layer_4 - estimator_3 - 12_folds.train_cv.predict)=41.14%
[ 2020-05-27 07:33:02,879][kfold_wrapper.log_eval_metrics] Accuracy(layer_4 - estimator_3 - 12_folds.test.predict)=31.51%
[ 2020-05-27 07:33:02,880][cascade_classifier.calc_accuracy] Accuracy(layer_4 - train.classifier_average)=39.80%
[ 2020-05-27 07:33:02,881][cascade_classifier.calc_accuracy] Accuracy(layer_4 - test.classifier_average)=33.56%
[ 2020-05-27 07:33:02,883][cascade_classifier.fit_transform] [layer=5] look_indexs=[0], X_cur_train.shape=(2623, 17), X_cur_test.shape=(292, 17)
[ 2020-05-27 07:33:02,925][kfold_wrapper.log_eval_metrics] Accuracy(layer_5 - estimator_0 - 5_folds.train_0.predict)=37.90%
[ 2020-05-27 07:33:02,964][kfold_wrapper.log_eval_metrics] Accuracy(layer_5 - estimator_0 - 5_folds.train_1.predict)=40.19%
[ 2020-05-27 07:33:03,006][kfold_wrapper.log_eval_metrics] Accuracy(layer_5 - estimator_0 - 5_folds.train_2.predict)=40.19%
[ 2020-05-27 07:33:03,046][kfold_wrapper.log_eval_metrics] Accuracy(layer_5 - estimator_0 - 5_folds.train_3.predict)=38.55%
[ 2020-05-27 07:33:03,087][kfold_wrapper.log_eval_metrics] Accuracy(layer_5 - estimator_0 - 5_folds.train_4.predict)=39.69%
[ 2020-05-27 07:33:03,091][kfold_wrapper.log_eval_metrics] Accuracy(layer_5 - estimator_0 - 5_folds.train_cv.predict)=39.31%
[ 2020-05-27 07:33:03,094][kfold_wrapper.log_eval_metrics] Accuracy(layer_5 - estimator_0 - 5_folds.test.predict)=30.14%
[ 2020-05-27 07:33:03,315][kfold_wrapper.log_eval_metrics] Accuracy(layer_5 - estimator_1 - 12_folds.train_0.predict)=37.44%
[ 2020-05-27 07:33:03,674][kfold_wrapper.log_eval_metrics] Accuracy(layer_5 - estimator_1 - 12_folds.train_1.predict)=36.99%
[ 2020-05-27 07:33:04,035][kfold_wrapper.log_eval_metrics] Accuracy(layer_5 - estimator_1 - 12_folds.train_2.predict)=44.29%
[ 2020-05-27 07:33:04,391][kfold_wrapper.log_eval_metrics] Accuracy(layer_5 - estimator_1 - 12_folds.train_3.predict)=35.16%
[ 2020-05-27 07:33:04,750][kfold_wrapper.log_eval_metrics] Accuracy(layer_5 - estimator_1 - 12_folds.train_4.predict)=39.73%
[ 2020-05-27 07:33:05,101][kfold_wrapper.log_eval_metrics] Accuracy(layer_5 - estimator_1 - 12_folds.train_5.predict)=42.92%
[ 2020-05-27 07:33:05,439][kfold_wrapper.log_eval_metrics] Accuracy(layer_5 - estimator_1 - 12_folds.train_6.predict)=38.81%
[ 2020-05-27 07:33:05,795][kfold_wrapper.log_eval_metrics] Accuracy(layer_5 - estimator_1 - 12_folds.train_7.predict)=37.16%
[ 2020-05-27 07:33:06,155][kfold_wrapper.log_eval_metrics] Accuracy(layer_5 - estimator_1 - 12_folds.train_8.predict)=38.07%
[ 2020-05-27 07:33:06,506][kfold_wrapper.log_eval_metrics] Accuracy(layer_5 - estimator_1 - 12_folds.train_9.predict)=37.16%
[ 2020-05-27 07:33:06,850][kfold_wrapper.log_eval_metrics] Accuracy(layer_5 - estimator_1 - 12_folds.train_10.predict)=38.07%
[ 2020-05-27 07:33:07,215][kfold_wrapper.log_eval_metrics] Accuracy(layer_5 - estimator_1 - 12_folds.train_11.predict)=41.28%
[ 2020-05-27 07:33:07,341][kfold_wrapper.log_eval_metrics] Accuracy(layer_5 - estimator_1 - 12_folds.train_cv.predict)=38.92%
[ 2020-05-27 07:33:07,345][kfold_wrapper.log_eval_metrics] Accuracy(layer_5 - estimator_1 - 12_folds.test.predict)=31.85%
[ 2020-05-27 07:33:07,605][kfold_wrapper.log_eval_metrics] Accuracy(layer_5 - estimator_2 - 12_folds.train_0.predict)=40.64%
[ 2020-05-27 07:33:07,960][kfold_wrapper.log_eval_metrics] Accuracy(layer_5 - estimator_2 - 12_folds.train_1.predict)=35.62%
[ 2020-05-27 07:33:08,325][kfold_wrapper.log_eval_metrics] Accuracy(layer_5 - estimator_2 - 12_folds.train_2.predict)=39.27%
[ 2020-05-27 07:33:08,693][kfold_wrapper.log_eval_metrics] Accuracy(layer_5 - estimator_2 - 12_folds.train_3.predict)=36.07%
[ 2020-05-27 07:33:09,050][kfold_wrapper.log_eval_metrics] Accuracy(layer_5 - estimator_2 - 12_folds.train_4.predict)=47.49%
[ 2020-05-27 07:33:09,415][kfold_wrapper.log_eval_metrics] Accuracy(layer_5 - estimator_2 - 12_folds.train_5.predict)=31.05%
[ 2020-05-27 07:33:09,761][kfold_wrapper.log_eval_metrics] Accuracy(layer_5 - estimator_2 - 12_folds.train_6.predict)=37.90%
[ 2020-05-27 07:33:10,119][kfold_wrapper.log_eval_metrics] Accuracy(layer_5 - estimator_2 - 12_folds.train_7.predict)=40.83%
[ 2020-05-27 07:33:10,481][kfold_wrapper.log_eval_metrics] Accuracy(layer_5 - estimator_2 - 12_folds.train_8.predict)=40.83%
[ 2020-05-27 07:33:10,830][kfold_wrapper.log_eval_metrics] Accuracy(layer_5 - estimator_2 - 12_folds.train_9.predict)=36.70%
[ 2020-05-27 07:33:11,185][kfold_wrapper.log_eval_metrics] Accuracy(layer_5 - estimator_2 - 12_folds.train_10.predict)=31.65%
[ 2020-05-27 07:33:11,533][kfold_wrapper.log_eval_metrics] Accuracy(layer_5 - estimator_2 - 12_folds.train_11.predict)=38.99%
[ 2020-05-27 07:33:11,659][kfold_wrapper.log_eval_metrics] Accuracy(layer_5 - estimator_2 - 12_folds.train_cv.predict)=38.09%
[ 2020-05-27 07:33:11,662][kfold_wrapper.log_eval_metrics] Accuracy(layer_5 - estimator_2 - 12_folds.test.predict)=33.56%
[ 2020-05-27 07:33:11,942][kfold_wrapper.log_eval_metrics] Accuracy(layer_5 - estimator_3 - 12_folds.train_0.predict)=42.01%
[ 2020-05-27 07:33:12,170][kfold_wrapper.log_eval_metrics] Accuracy(layer_5 - estimator_3 - 12_folds.train_1.predict)=46.58%
[ 2020-05-27 07:33:12,387][kfold_wrapper.log_eval_metrics] Accuracy(layer_5 - estimator_3 - 12_folds.train_2.predict)=37.90%
[ 2020-05-27 07:33:12,620][kfold_wrapper.log_eval_metrics] Accuracy(layer_5 - estimator_3 - 12_folds.train_3.predict)=39.73%
[ 2020-05-27 07:33:12,841][kfold_wrapper.log_eval_metrics] Accuracy(layer_5 - estimator_3 - 12_folds.train_4.predict)=42.92%
[ 2020-05-27 07:33:13,065][kfold_wrapper.log_eval_metrics] Accuracy(layer_5 - estimator_3 - 12_folds.train_5.predict)=37.90%
[ 2020-05-27 07:33:13,298][kfold_wrapper.log_eval_metrics] Accuracy(layer_5 - estimator_3 - 12_folds.train_6.predict)=43.84%
[ 2020-05-27 07:33:13,521][kfold_wrapper.log_eval_metrics] Accuracy(layer_5 - estimator_3 - 12_folds.train_7.predict)=39.91%
[ 2020-05-27 07:33:13,740][kfold_wrapper.log_eval_metrics] Accuracy(layer_5 - estimator_3 - 12_folds.train_8.predict)=44.04%
[ 2020-05-27 07:33:13,959][kfold_wrapper.log_eval_metrics] Accuracy(layer_5 - estimator_3 - 12_folds.train_9.predict)=42.66%
[ 2020-05-27 07:33:14,179][kfold_wrapper.log_eval_metrics] Accuracy(layer_5 - estimator_3 - 12_folds.train_10.predict)=38.07%
[ 2020-05-27 07:33:14,400][kfold_wrapper.log_eval_metrics] Accuracy(layer_5 - estimator_3 - 12_folds.train_11.predict)=39.45%
[ 2020-05-27 07:33:14,402][kfold_wrapper.log_eval_metrics] Accuracy(layer_5 - estimator_3 - 12_folds.train_cv.predict)=41.25%
[ 2020-05-27 07:33:14,403][kfold_wrapper.log_eval_metrics] Accuracy(layer_5 - estimator_3 - 12_folds.test.predict)=32.19%
[ 2020-05-27 07:33:14,405][cascade_classifier.calc_accuracy] Accuracy(layer_5 - train.classifier_average)=40.14%
[ 2020-05-27 07:33:14,406][cascade_classifier.calc_accuracy] Accuracy(layer_5 - test.classifier_average)=31.85%
[ 2020-05-27 07:33:14,408][cascade_classifier.fit_transform] [Result][Optimal Level Detected] opt_layer_num=2, accuracy_train=42.24%, accuracy_test=31.85%
[ 2020-05-27 07:33:14,516][cascade_classifier.transform] X_groups_test.shape=[(244, 5)]
[ 2020-05-27 07:33:14,517][cascade_classifier.transform] group_dims=[5]
[ 2020-05-27 07:33:14,517][cascade_classifier.transform] X_test.shape=(244, 5)
[ 2020-05-27 07:33:14,518][cascade_classifier.transform] [layer=0] look_indexs=[0], X_cur_test.shape=(244, 5)
[ 2020-05-27 07:33:17,181][cascade_classifier.transform] [layer=1] look_indexs=[0], X_cur_test.shape=(244, 17)
[ 2020-05-27 07:33:20,238][cascade_classifier.fit_transform] X_groups_train.shape=[(2843, 5)],y_train.shape=(2843,),X_groups_test.shape=[(316, 5)],y_test.shape=(316,)
[ 2020-05-27 07:33:20,239][cascade_classifier.fit_transform] group_dims=[5]
[ 2020-05-27 07:33:20,240][cascade_classifier.fit_transform] group_starts=[0]
[ 2020-05-27 07:33:20,240][cascade_classifier.fit_transform] group_ends=[5]
[ 2020-05-27 07:33:20,241][cascade_classifier.fit_transform] X_train.shape=(2843, 5),X_test.shape=(316, 5)
[ 2020-05-27 07:33:20,242][cascade_classifier.fit_transform] [layer=0] look_indexs=[0], X_cur_train.shape=(2843, 5), X_cur_test.shape=(316, 5)
[ 2020-05-27 07:33:20,275][kfold_wrapper.log_eval_metrics] Accuracy(layer_0 - estimator_0 - 5_folds.train_0.predict)=38.31%
[ 2020-05-27 07:33:20,308][kfold_wrapper.log_eval_metrics] Accuracy(layer_0 - estimator_0 - 5_folds.train_1.predict)=39.37%
[ 2020-05-27 07:33:20,340][kfold_wrapper.log_eval_metrics] Accuracy(layer_0 - estimator_0 - 5_folds.train_2.predict)=37.79%
[ 2020-05-27 07:33:20,372][kfold_wrapper.log_eval_metrics] Accuracy(layer_0 - estimator_0 - 5_folds.train_3.predict)=36.09%
[ 2020-05-27 07:33:20,403][kfold_wrapper.log_eval_metrics] Accuracy(layer_0 - estimator_0 - 5_folds.train_4.predict)=36.62%
[ 2020-05-27 07:33:20,406][kfold_wrapper.log_eval_metrics] Accuracy(layer_0 - estimator_0 - 5_folds.train_cv.predict)=37.64%
[ 2020-05-27 07:33:20,407][kfold_wrapper.log_eval_metrics] Accuracy(layer_0 - estimator_0 - 5_folds.test.predict)=37.34%
[ 2020-05-27 07:33:20,626][kfold_wrapper.log_eval_metrics] Accuracy(layer_0 - estimator_1 - 12_folds.train_0.predict)=39.66%
[ 2020-05-27 07:33:20,976][kfold_wrapper.log_eval_metrics] Accuracy(layer_0 - estimator_1 - 12_folds.train_1.predict)=37.97%
[ 2020-05-27 07:33:21,324][kfold_wrapper.log_eval_metrics] Accuracy(layer_0 - estimator_1 - 12_folds.train_2.predict)=33.76%
[ 2020-05-27 07:33:21,666][kfold_wrapper.log_eval_metrics] Accuracy(layer_0 - estimator_1 - 12_folds.train_3.predict)=34.18%
[ 2020-05-27 07:33:22,014][kfold_wrapper.log_eval_metrics] Accuracy(layer_0 - estimator_1 - 12_folds.train_4.predict)=32.49%
[ 2020-05-27 07:33:22,359][kfold_wrapper.log_eval_metrics] Accuracy(layer_0 - estimator_1 - 12_folds.train_5.predict)=35.44%
[ 2020-05-27 07:33:22,706][kfold_wrapper.log_eval_metrics] Accuracy(layer_0 - estimator_1 - 12_folds.train_6.predict)=31.22%
[ 2020-05-27 07:33:23,057][kfold_wrapper.log_eval_metrics] Accuracy(layer_0 - estimator_1 - 12_folds.train_7.predict)=34.18%
[ 2020-05-27 07:33:23,403][kfold_wrapper.log_eval_metrics] Accuracy(layer_0 - estimator_1 - 12_folds.train_8.predict)=32.49%
[ 2020-05-27 07:33:23,763][kfold_wrapper.log_eval_metrics] Accuracy(layer_0 - estimator_1 - 12_folds.train_9.predict)=37.97%
[ 2020-05-27 07:33:24,117][kfold_wrapper.log_eval_metrics] Accuracy(layer_0 - estimator_1 - 12_folds.train_10.predict)=29.54%
[ 2020-05-27 07:33:24,461][kfold_wrapper.log_eval_metrics] Accuracy(layer_0 - estimator_1 - 12_folds.train_11.predict)=36.02%
[ 2020-05-27 07:33:24,578][kfold_wrapper.log_eval_metrics] Accuracy(layer_0 - estimator_1 - 12_folds.train_cv.predict)=34.58%
[ 2020-05-27 07:33:24,580][kfold_wrapper.log_eval_metrics] Accuracy(layer_0 - estimator_1 - 12_folds.test.predict)=31.01%
[ 2020-05-27 07:33:24,819][kfold_wrapper.log_eval_metrics] Accuracy(layer_0 - estimator_2 - 12_folds.train_0.predict)=37.97%
[ 2020-05-27 07:33:25,178][kfold_wrapper.log_eval_metrics] Accuracy(layer_0 - estimator_2 - 12_folds.train_1.predict)=30.80%
[ 2020-05-27 07:33:25,516][kfold_wrapper.log_eval_metrics] Accuracy(layer_0 - estimator_2 - 12_folds.train_2.predict)=27.00%
[ 2020-05-27 07:33:25,864][kfold_wrapper.log_eval_metrics] Accuracy(layer_0 - estimator_2 - 12_folds.train_3.predict)=32.07%
[ 2020-05-27 07:33:26,218][kfold_wrapper.log_eval_metrics] Accuracy(layer_0 - estimator_2 - 12_folds.train_4.predict)=35.86%
[ 2020-05-27 07:33:26,571][kfold_wrapper.log_eval_metrics] Accuracy(layer_0 - estimator_2 - 12_folds.train_5.predict)=32.91%
[ 2020-05-27 07:33:26,921][kfold_wrapper.log_eval_metrics] Accuracy(layer_0 - estimator_2 - 12_folds.train_6.predict)=32.49%
[ 2020-05-27 07:33:27,270][kfold_wrapper.log_eval_metrics] Accuracy(layer_0 - estimator_2 - 12_folds.train_7.predict)=31.65%
[ 2020-05-27 07:33:27,616][kfold_wrapper.log_eval_metrics] Accuracy(layer_0 - estimator_2 - 12_folds.train_8.predict)=33.76%
[ 2020-05-27 07:33:27,973][kfold_wrapper.log_eval_metrics] Accuracy(layer_0 - estimator_2 - 12_folds.train_9.predict)=25.74%
[ 2020-05-27 07:33:28,317][kfold_wrapper.log_eval_metrics] Accuracy(layer_0 - estimator_2 - 12_folds.train_10.predict)=38.40%
[ 2020-05-27 07:33:28,675][kfold_wrapper.log_eval_metrics] Accuracy(layer_0 - estimator_2 - 12_folds.train_11.predict)=27.97%
[ 2020-05-27 07:33:28,791][kfold_wrapper.log_eval_metrics] Accuracy(layer_0 - estimator_2 - 12_folds.train_cv.predict)=32.22%
[ 2020-05-27 07:33:28,794][kfold_wrapper.log_eval_metrics] Accuracy(layer_0 - estimator_2 - 12_folds.test.predict)=31.01%
[ 2020-05-27 07:33:28,878][kfold_wrapper.log_eval_metrics] Accuracy(layer_0 - estimator_3 - 12_folds.train_0.predict)=37.13%
[ 2020-05-27 07:33:28,911][kfold_wrapper.log_eval_metrics] Accuracy(layer_0 - estimator_3 - 12_folds.train_1.predict)=37.55%
[ 2020-05-27 07:33:28,946][kfold_wrapper.log_eval_metrics] Accuracy(layer_0 - estimator_3 - 12_folds.train_2.predict)=42.62%
[ 2020-05-27 07:33:28,971][kfold_wrapper.log_eval_metrics] Accuracy(layer_0 - estimator_3 - 12_folds.train_3.predict)=40.51%
[ 2020-05-27 07:33:29,006][kfold_wrapper.log_eval_metrics] Accuracy(layer_0 - estimator_3 - 12_folds.train_4.predict)=38.82%
[ 2020-05-27 07:33:29,039][kfold_wrapper.log_eval_metrics] Accuracy(layer_0 - estimator_3 - 12_folds.train_5.predict)=39.24%
[ 2020-05-27 07:33:29,072][kfold_wrapper.log_eval_metrics] Accuracy(layer_0 - estimator_3 - 12_folds.train_6.predict)=36.29%
[ 2020-05-27 07:33:29,104][kfold_wrapper.log_eval_metrics] Accuracy(layer_0 - estimator_3 - 12_folds.train_7.predict)=42.19%
[ 2020-05-27 07:33:29,130][kfold_wrapper.log_eval_metrics] Accuracy(layer_0 - estimator_3 - 12_folds.train_8.predict)=44.73%
[ 2020-05-27 07:33:29,158][kfold_wrapper.log_eval_metrics] Accuracy(layer_0 - estimator_3 - 12_folds.train_9.predict)=41.35%
[ 2020-05-27 07:33:29,182][kfold_wrapper.log_eval_metrics] Accuracy(layer_0 - estimator_3 - 12_folds.train_10.predict)=38.40%
[ 2020-05-27 07:33:29,217][kfold_wrapper.log_eval_metrics] Accuracy(layer_0 - estimator_3 - 12_folds.train_11.predict)=35.17%
[ 2020-05-27 07:33:29,218][kfold_wrapper.log_eval_metrics] Accuracy(layer_0 - estimator_3 - 12_folds.train_cv.predict)=39.50%
[ 2020-05-27 07:33:29,219][kfold_wrapper.log_eval_metrics] Accuracy(layer_0 - estimator_3 - 12_folds.test.predict)=20.57%
[ 2020-05-27 07:33:29,220][cascade_classifier.calc_accuracy] Accuracy(layer_0 - train.classifier_average)=34.61%
[ 2020-05-27 07:33:29,220][cascade_classifier.calc_accuracy] Accuracy(layer_0 - test.classifier_average)=29.43%
[ 2020-05-27 07:33:29,222][cascade_classifier.fit_transform] [layer=1] look_indexs=[0], X_cur_train.shape=(2843, 17), X_cur_test.shape=(316, 17)
[ 2020-05-27 07:33:29,262][kfold_wrapper.log_eval_metrics] Accuracy(layer_1 - estimator_0 - 5_folds.train_0.predict)=40.60%
[ 2020-05-27 07:33:29,303][kfold_wrapper.log_eval_metrics] Accuracy(layer_1 - estimator_0 - 5_folds.train_1.predict)=39.19%
[ 2020-05-27 07:33:29,343][kfold_wrapper.log_eval_metrics] Accuracy(layer_1 - estimator_0 - 5_folds.train_2.predict)=40.95%
[ 2020-05-27 07:33:29,383][kfold_wrapper.log_eval_metrics] Accuracy(layer_1 - estimator_0 - 5_folds.train_3.predict)=39.61%
[ 2020-05-27 07:33:29,425][kfold_wrapper.log_eval_metrics] Accuracy(layer_1 - estimator_0 - 5_folds.train_4.predict)=43.31%
[ 2020-05-27 07:33:29,428][kfold_wrapper.log_eval_metrics] Accuracy(layer_1 - estimator_0 - 5_folds.train_cv.predict)=40.73%
[ 2020-05-27 07:33:29,429][kfold_wrapper.log_eval_metrics] Accuracy(layer_1 - estimator_0 - 5_folds.test.predict)=56.65%
[ 2020-05-27 07:33:29,649][kfold_wrapper.log_eval_metrics] Accuracy(layer_1 - estimator_1 - 12_folds.train_0.predict)=37.97%
[ 2020-05-27 07:33:30,004][kfold_wrapper.log_eval_metrics] Accuracy(layer_1 - estimator_1 - 12_folds.train_1.predict)=44.73%
[ 2020-05-27 07:33:30,348][kfold_wrapper.log_eval_metrics] Accuracy(layer_1 - estimator_1 - 12_folds.train_2.predict)=38.40%
[ 2020-05-27 07:33:30,705][kfold_wrapper.log_eval_metrics] Accuracy(layer_1 - estimator_1 - 12_folds.train_3.predict)=35.86%
[ 2020-05-27 07:33:31,063][kfold_wrapper.log_eval_metrics] Accuracy(layer_1 - estimator_1 - 12_folds.train_4.predict)=42.62%
[ 2020-05-27 07:33:31,422][kfold_wrapper.log_eval_metrics] Accuracy(layer_1 - estimator_1 - 12_folds.train_5.predict)=36.71%
[ 2020-05-27 07:33:31,768][kfold_wrapper.log_eval_metrics] Accuracy(layer_1 - estimator_1 - 12_folds.train_6.predict)=42.19%
[ 2020-05-27 07:33:32,115][kfold_wrapper.log_eval_metrics] Accuracy(layer_1 - estimator_1 - 12_folds.train_7.predict)=41.35%
[ 2020-05-27 07:33:32,472][kfold_wrapper.log_eval_metrics] Accuracy(layer_1 - estimator_1 - 12_folds.train_8.predict)=37.97%
[ 2020-05-27 07:33:32,831][kfold_wrapper.log_eval_metrics] Accuracy(layer_1 - estimator_1 - 12_folds.train_9.predict)=44.73%
[ 2020-05-27 07:33:33,189][kfold_wrapper.log_eval_metrics] Accuracy(layer_1 - estimator_1 - 12_folds.train_10.predict)=45.99%
[ 2020-05-27 07:33:33,549][kfold_wrapper.log_eval_metrics] Accuracy(layer_1 - estimator_1 - 12_folds.train_11.predict)=34.75%
[ 2020-05-27 07:33:33,666][kfold_wrapper.log_eval_metrics] Accuracy(layer_1 - estimator_1 - 12_folds.train_cv.predict)=40.27%
[ 2020-05-27 07:33:33,669][kfold_wrapper.log_eval_metrics] Accuracy(layer_1 - estimator_1 - 12_folds.test.predict)=32.28%
[ 2020-05-27 07:33:33,908][kfold_wrapper.log_eval_metrics] Accuracy(layer_1 - estimator_2 - 12_folds.train_0.predict)=37.55%
[ 2020-05-27 07:33:34,263][kfold_wrapper.log_eval_metrics] Accuracy(layer_1 - estimator_2 - 12_folds.train_1.predict)=43.46%
[ 2020-05-27 07:33:34,612][kfold_wrapper.log_eval_metrics] Accuracy(layer_1 - estimator_2 - 12_folds.train_2.predict)=37.97%
[ 2020-05-27 07:33:34,953][kfold_wrapper.log_eval_metrics] Accuracy(layer_1 - estimator_2 - 12_folds.train_3.predict)=44.30%
[ 2020-05-27 07:33:35,317][kfold_wrapper.log_eval_metrics] Accuracy(layer_1 - estimator_2 - 12_folds.train_4.predict)=37.13%
[ 2020-05-27 07:33:35,671][kfold_wrapper.log_eval_metrics] Accuracy(layer_1 - estimator_2 - 12_folds.train_5.predict)=41.35%
[ 2020-05-27 07:33:36,034][kfold_wrapper.log_eval_metrics] Accuracy(layer_1 - estimator_2 - 12_folds.train_6.predict)=36.71%
[ 2020-05-27 07:33:36,380][kfold_wrapper.log_eval_metrics] Accuracy(layer_1 - estimator_2 - 12_folds.train_7.predict)=37.13%
[ 2020-05-27 07:33:36,728][kfold_wrapper.log_eval_metrics] Accuracy(layer_1 - estimator_2 - 12_folds.train_8.predict)=38.40%
[ 2020-05-27 07:33:37,084][kfold_wrapper.log_eval_metrics] Accuracy(layer_1 - estimator_2 - 12_folds.train_9.predict)=43.88%
[ 2020-05-27 07:33:37,430][kfold_wrapper.log_eval_metrics] Accuracy(layer_1 - estimator_2 - 12_folds.train_10.predict)=38.40%
[ 2020-05-27 07:33:37,782][kfold_wrapper.log_eval_metrics] Accuracy(layer_1 - estimator_2 - 12_folds.train_11.predict)=33.90%
[ 2020-05-27 07:33:37,901][kfold_wrapper.log_eval_metrics] Accuracy(layer_1 - estimator_2 - 12_folds.train_cv.predict)=39.18%
[ 2020-05-27 07:33:37,904][kfold_wrapper.log_eval_metrics] Accuracy(layer_1 - estimator_2 - 12_folds.test.predict)=38.61%
[ 2020-05-27 07:33:38,054][kfold_wrapper.log_eval_metrics] Accuracy(layer_1 - estimator_3 - 12_folds.train_0.predict)=39.66%
[ 2020-05-27 07:33:38,146][kfold_wrapper.log_eval_metrics] Accuracy(layer_1 - estimator_3 - 12_folds.train_1.predict)=40.51%
[ 2020-05-27 07:33:38,234][kfold_wrapper.log_eval_metrics] Accuracy(layer_1 - estimator_3 - 12_folds.train_2.predict)=45.15%
[ 2020-05-27 07:33:38,325][kfold_wrapper.log_eval_metrics] Accuracy(layer_1 - estimator_3 - 12_folds.train_3.predict)=41.35%
[ 2020-05-27 07:33:38,417][kfold_wrapper.log_eval_metrics] Accuracy(layer_1 - estimator_3 - 12_folds.train_4.predict)=36.71%
[ 2020-05-27 07:33:38,507][kfold_wrapper.log_eval_metrics] Accuracy(layer_1 - estimator_3 - 12_folds.train_5.predict)=38.40%
[ 2020-05-27 07:33:38,599][kfold_wrapper.log_eval_metrics] Accuracy(layer_1 - estimator_3 - 12_folds.train_6.predict)=41.77%
[ 2020-05-27 07:33:38,689][kfold_wrapper.log_eval_metrics] Accuracy(layer_1 - estimator_3 - 12_folds.train_7.predict)=38.40%
[ 2020-05-27 07:33:38,780][kfold_wrapper.log_eval_metrics] Accuracy(layer_1 - estimator_3 - 12_folds.train_8.predict)=38.40%
[ 2020-05-27 07:33:38,870][kfold_wrapper.log_eval_metrics] Accuracy(layer_1 - estimator_3 - 12_folds.train_9.predict)=41.77%
[ 2020-05-27 07:33:38,962][kfold_wrapper.log_eval_metrics] Accuracy(layer_1 - estimator_3 - 12_folds.train_10.predict)=43.04%
[ 2020-05-27 07:33:39,052][kfold_wrapper.log_eval_metrics] Accuracy(layer_1 - estimator_3 - 12_folds.train_11.predict)=41.95%
[ 2020-05-27 07:33:39,053][kfold_wrapper.log_eval_metrics] Accuracy(layer_1 - estimator_3 - 12_folds.train_cv.predict)=40.59%
[ 2020-05-27 07:33:39,054][kfold_wrapper.log_eval_metrics] Accuracy(layer_1 - estimator_3 - 12_folds.test.predict)=48.10%
[ 2020-05-27 07:33:39,055][cascade_classifier.calc_accuracy] Accuracy(layer_1 - train.classifier_average)=41.58%
[ 2020-05-27 07:33:39,056][cascade_classifier.calc_accuracy] Accuracy(layer_1 - test.classifier_average)=41.46%
[ 2020-05-27 07:33:39,057][cascade_classifier.fit_transform] [layer=2] look_indexs=[0], X_cur_train.shape=(2843, 17), X_cur_test.shape=(316, 17)
[ 2020-05-27 07:33:39,104][kfold_wrapper.log_eval_metrics] Accuracy(layer_2 - estimator_0 - 5_folds.train_0.predict)=40.25%
[ 2020-05-27 07:33:39,147][kfold_wrapper.log_eval_metrics] Accuracy(layer_2 - estimator_0 - 5_folds.train_1.predict)=41.48%
[ 2020-05-27 07:33:39,189][kfold_wrapper.log_eval_metrics] Accuracy(layer_2 - estimator_0 - 5_folds.train_2.predict)=36.56%
[ 2020-05-27 07:33:39,231][kfold_wrapper.log_eval_metrics] Accuracy(layer_2 - estimator_0 - 5_folds.train_3.predict)=42.43%
[ 2020-05-27 07:33:39,272][kfold_wrapper.log_eval_metrics] Accuracy(layer_2 - estimator_0 - 5_folds.train_4.predict)=41.20%
[ 2020-05-27 07:33:39,274][kfold_wrapper.log_eval_metrics] Accuracy(layer_2 - estimator_0 - 5_folds.train_cv.predict)=40.38%
[ 2020-05-27 07:33:39,276][kfold_wrapper.log_eval_metrics] Accuracy(layer_2 - estimator_0 - 5_folds.test.predict)=54.11%
[ 2020-05-27 07:33:39,495][kfold_wrapper.log_eval_metrics] Accuracy(layer_2 - estimator_1 - 12_folds.train_0.predict)=35.86%
[ 2020-05-27 07:33:39,848][kfold_wrapper.log_eval_metrics] Accuracy(layer_2 - estimator_1 - 12_folds.train_1.predict)=33.76%
[ 2020-05-27 07:33:40,196][kfold_wrapper.log_eval_metrics] Accuracy(layer_2 - estimator_1 - 12_folds.train_2.predict)=33.76%
[ 2020-05-27 07:33:40,548][kfold_wrapper.log_eval_metrics] Accuracy(layer_2 - estimator_1 - 12_folds.train_3.predict)=43.88%
[ 2020-05-27 07:33:40,907][kfold_wrapper.log_eval_metrics] Accuracy(layer_2 - estimator_1 - 12_folds.train_4.predict)=39.24%
[ 2020-05-27 07:33:41,265][kfold_wrapper.log_eval_metrics] Accuracy(layer_2 - estimator_1 - 12_folds.train_5.predict)=38.82%
[ 2020-05-27 07:33:41,614][kfold_wrapper.log_eval_metrics] Accuracy(layer_2 - estimator_1 - 12_folds.train_6.predict)=34.60%
[ 2020-05-27 07:33:41,976][kfold_wrapper.log_eval_metrics] Accuracy(layer_2 - estimator_1 - 12_folds.train_7.predict)=37.55%
[ 2020-05-27 07:33:42,313][kfold_wrapper.log_eval_metrics] Accuracy(layer_2 - estimator_1 - 12_folds.train_8.predict)=39.66%
[ 2020-05-27 07:33:42,674][kfold_wrapper.log_eval_metrics] Accuracy(layer_2 - estimator_1 - 12_folds.train_9.predict)=40.93%
[ 2020-05-27 07:33:43,033][kfold_wrapper.log_eval_metrics] Accuracy(layer_2 - estimator_1 - 12_folds.train_10.predict)=39.24%
[ 2020-05-27 07:33:43,379][kfold_wrapper.log_eval_metrics] Accuracy(layer_2 - estimator_1 - 12_folds.train_11.predict)=40.68%
[ 2020-05-27 07:33:43,497][kfold_wrapper.log_eval_metrics] Accuracy(layer_2 - estimator_1 - 12_folds.train_cv.predict)=38.16%
[ 2020-05-27 07:33:43,500][kfold_wrapper.log_eval_metrics] Accuracy(layer_2 - estimator_1 - 12_folds.test.predict)=43.35%
[ 2020-05-27 07:33:43,741][kfold_wrapper.log_eval_metrics] Accuracy(layer_2 - estimator_2 - 12_folds.train_0.predict)=37.55%
[ 2020-05-27 07:33:44,094][kfold_wrapper.log_eval_metrics] Accuracy(layer_2 - estimator_2 - 12_folds.train_1.predict)=36.29%
[ 2020-05-27 07:33:44,450][kfold_wrapper.log_eval_metrics] Accuracy(layer_2 - estimator_2 - 12_folds.train_2.predict)=37.13%
[ 2020-05-27 07:33:44,797][kfold_wrapper.log_eval_metrics] Accuracy(layer_2 - estimator_2 - 12_folds.train_3.predict)=35.86%
[ 2020-05-27 07:33:45,143][kfold_wrapper.log_eval_metrics] Accuracy(layer_2 - estimator_2 - 12_folds.train_4.predict)=39.66%
[ 2020-05-27 07:33:45,495][kfold_wrapper.log_eval_metrics] Accuracy(layer_2 - estimator_2 - 12_folds.train_5.predict)=41.35%
[ 2020-05-27 07:33:45,853][kfold_wrapper.log_eval_metrics] Accuracy(layer_2 - estimator_2 - 12_folds.train_6.predict)=38.40%
[ 2020-05-27 07:33:46,192][kfold_wrapper.log_eval_metrics] Accuracy(layer_2 - estimator_2 - 12_folds.train_7.predict)=35.86%
[ 2020-05-27 07:33:46,538][kfold_wrapper.log_eval_metrics] Accuracy(layer_2 - estimator_2 - 12_folds.train_8.predict)=32.49%
[ 2020-05-27 07:33:46,896][kfold_wrapper.log_eval_metrics] Accuracy(layer_2 - estimator_2 - 12_folds.train_9.predict)=39.24%
[ 2020-05-27 07:33:47,246][kfold_wrapper.log_eval_metrics] Accuracy(layer_2 - estimator_2 - 12_folds.train_10.predict)=34.18%
[ 2020-05-27 07:33:47,610][kfold_wrapper.log_eval_metrics] Accuracy(layer_2 - estimator_2 - 12_folds.train_11.predict)=41.53%
[ 2020-05-27 07:33:47,730][kfold_wrapper.log_eval_metrics] Accuracy(layer_2 - estimator_2 - 12_folds.train_cv.predict)=37.46%
[ 2020-05-27 07:33:47,733][kfold_wrapper.log_eval_metrics] Accuracy(layer_2 - estimator_2 - 12_folds.test.predict)=44.62%
[ 2020-05-27 07:33:47,895][kfold_wrapper.log_eval_metrics] Accuracy(layer_2 - estimator_3 - 12_folds.train_0.predict)=44.73%
[ 2020-05-27 07:33:48,013][kfold_wrapper.log_eval_metrics] Accuracy(layer_2 - estimator_3 - 12_folds.train_1.predict)=36.71%
[ 2020-05-27 07:33:48,129][kfold_wrapper.log_eval_metrics] Accuracy(layer_2 - estimator_3 - 12_folds.train_2.predict)=41.35%
[ 2020-05-27 07:33:48,249][kfold_wrapper.log_eval_metrics] Accuracy(layer_2 - estimator_3 - 12_folds.train_3.predict)=44.30%
[ 2020-05-27 07:33:48,368][kfold_wrapper.log_eval_metrics] Accuracy(layer_2 - estimator_3 - 12_folds.train_4.predict)=38.40%
[ 2020-05-27 07:33:48,487][kfold_wrapper.log_eval_metrics] Accuracy(layer_2 - estimator_3 - 12_folds.train_5.predict)=48.52%
[ 2020-05-27 07:33:48,604][kfold_wrapper.log_eval_metrics] Accuracy(layer_2 - estimator_3 - 12_folds.train_6.predict)=43.46%
[ 2020-05-27 07:33:48,717][kfold_wrapper.log_eval_metrics] Accuracy(layer_2 - estimator_3 - 12_folds.train_7.predict)=45.99%
[ 2020-05-27 07:33:48,836][kfold_wrapper.log_eval_metrics] Accuracy(layer_2 - estimator_3 - 12_folds.train_8.predict)=35.86%
[ 2020-05-27 07:33:48,954][kfold_wrapper.log_eval_metrics] Accuracy(layer_2 - estimator_3 - 12_folds.train_9.predict)=43.88%
[ 2020-05-27 07:33:49,071][kfold_wrapper.log_eval_metrics] Accuracy(layer_2 - estimator_3 - 12_folds.train_10.predict)=39.66%
[ 2020-05-27 07:33:49,189][kfold_wrapper.log_eval_metrics] Accuracy(layer_2 - estimator_3 - 12_folds.train_11.predict)=41.95%
[ 2020-05-27 07:33:49,191][kfold_wrapper.log_eval_metrics] Accuracy(layer_2 - estimator_3 - 12_folds.train_cv.predict)=42.07%
[ 2020-05-27 07:33:49,191][kfold_wrapper.log_eval_metrics] Accuracy(layer_2 - estimator_3 - 12_folds.test.predict)=45.57%
[ 2020-05-27 07:33:49,194][cascade_classifier.calc_accuracy] Accuracy(layer_2 - train.classifier_average)=40.59%
[ 2020-05-27 07:33:49,194][cascade_classifier.calc_accuracy] Accuracy(layer_2 - test.classifier_average)=51.27%
[ 2020-05-27 07:33:49,196][cascade_classifier.fit_transform] [layer=3] look_indexs=[0], X_cur_train.shape=(2843, 17), X_cur_test.shape=(316, 17)
[ 2020-05-27 07:33:49,239][kfold_wrapper.log_eval_metrics] Accuracy(layer_3 - estimator_0 - 5_folds.train_0.predict)=38.14%
[ 2020-05-27 07:33:49,280][kfold_wrapper.log_eval_metrics] Accuracy(layer_3 - estimator_0 - 5_folds.train_1.predict)=44.11%
[ 2020-05-27 07:33:49,324][kfold_wrapper.log_eval_metrics] Accuracy(layer_3 - estimator_0 - 5_folds.train_2.predict)=40.95%
[ 2020-05-27 07:33:49,366][kfold_wrapper.log_eval_metrics] Accuracy(layer_3 - estimator_0 - 5_folds.train_3.predict)=41.90%
[ 2020-05-27 07:33:49,407][kfold_wrapper.log_eval_metrics] Accuracy(layer_3 - estimator_0 - 5_folds.train_4.predict)=39.79%
[ 2020-05-27 07:33:49,410][kfold_wrapper.log_eval_metrics] Accuracy(layer_3 - estimator_0 - 5_folds.train_cv.predict)=40.98%
[ 2020-05-27 07:33:49,411][kfold_wrapper.log_eval_metrics] Accuracy(layer_3 - estimator_0 - 5_folds.test.predict)=52.53%
[ 2020-05-27 07:33:49,633][kfold_wrapper.log_eval_metrics] Accuracy(layer_3 - estimator_1 - 12_folds.train_0.predict)=35.44%
[ 2020-05-27 07:33:49,991][kfold_wrapper.log_eval_metrics] Accuracy(layer_3 - estimator_1 - 12_folds.train_1.predict)=35.86%
[ 2020-05-27 07:33:50,345][kfold_wrapper.log_eval_metrics] Accuracy(layer_3 - estimator_1 - 12_folds.train_2.predict)=33.33%
[ 2020-05-27 07:33:50,687][kfold_wrapper.log_eval_metrics] Accuracy(layer_3 - estimator_1 - 12_folds.train_3.predict)=38.40%
[ 2020-05-27 07:33:51,045][kfold_wrapper.log_eval_metrics] Accuracy(layer_3 - estimator_1 - 12_folds.train_4.predict)=36.71%
[ 2020-05-27 07:33:51,402][kfold_wrapper.log_eval_metrics] Accuracy(layer_3 - estimator_1 - 12_folds.train_5.predict)=40.51%
[ 2020-05-27 07:33:51,756][kfold_wrapper.log_eval_metrics] Accuracy(layer_3 - estimator_1 - 12_folds.train_6.predict)=36.71%
[ 2020-05-27 07:33:52,109][kfold_wrapper.log_eval_metrics] Accuracy(layer_3 - estimator_1 - 12_folds.train_7.predict)=33.33%
[ 2020-05-27 07:33:52,466][kfold_wrapper.log_eval_metrics] Accuracy(layer_3 - estimator_1 - 12_folds.train_8.predict)=29.54%
[ 2020-05-27 07:33:52,817][kfold_wrapper.log_eval_metrics] Accuracy(layer_3 - estimator_1 - 12_folds.train_9.predict)=38.40%
[ 2020-05-27 07:33:53,171][kfold_wrapper.log_eval_metrics] Accuracy(layer_3 - estimator_1 - 12_folds.train_10.predict)=33.33%
[ 2020-05-27 07:33:53,527][kfold_wrapper.log_eval_metrics] Accuracy(layer_3 - estimator_1 - 12_folds.train_11.predict)=39.41%
[ 2020-05-27 07:33:53,648][kfold_wrapper.log_eval_metrics] Accuracy(layer_3 - estimator_1 - 12_folds.train_cv.predict)=35.91%
[ 2020-05-27 07:33:53,650][kfold_wrapper.log_eval_metrics] Accuracy(layer_3 - estimator_1 - 12_folds.test.predict)=43.35%
[ 2020-05-27 07:33:53,893][kfold_wrapper.log_eval_metrics] Accuracy(layer_3 - estimator_2 - 12_folds.train_0.predict)=35.86%
[ 2020-05-27 07:33:54,247][kfold_wrapper.log_eval_metrics] Accuracy(layer_3 - estimator_2 - 12_folds.train_1.predict)=38.82%
[ 2020-05-27 07:33:54,596][kfold_wrapper.log_eval_metrics] Accuracy(layer_3 - estimator_2 - 12_folds.train_2.predict)=42.19%
[ 2020-05-27 07:33:54,953][kfold_wrapper.log_eval_metrics] Accuracy(layer_3 - estimator_2 - 12_folds.train_3.predict)=37.55%
[ 2020-05-27 07:33:55,316][kfold_wrapper.log_eval_metrics] Accuracy(layer_3 - estimator_2 - 12_folds.train_4.predict)=36.71%
[ 2020-05-27 07:33:55,659][kfold_wrapper.log_eval_metrics] Accuracy(layer_3 - estimator_2 - 12_folds.train_5.predict)=35.86%
[ 2020-05-27 07:33:56,016][kfold_wrapper.log_eval_metrics] Accuracy(layer_3 - estimator_2 - 12_folds.train_6.predict)=30.80%
[ 2020-05-27 07:33:56,370][kfold_wrapper.log_eval_metrics] Accuracy(layer_3 - estimator_2 - 12_folds.train_7.predict)=38.40%
[ 2020-05-27 07:33:56,735][kfold_wrapper.log_eval_metrics] Accuracy(layer_3 - estimator_2 - 12_folds.train_8.predict)=40.51%
[ 2020-05-27 07:33:57,086][kfold_wrapper.log_eval_metrics] Accuracy(layer_3 - estimator_2 - 12_folds.train_9.predict)=32.49%
[ 2020-05-27 07:33:57,447][kfold_wrapper.log_eval_metrics] Accuracy(layer_3 - estimator_2 - 12_folds.train_10.predict)=40.51%
[ 2020-05-27 07:33:57,813][kfold_wrapper.log_eval_metrics] Accuracy(layer_3 - estimator_2 - 12_folds.train_11.predict)=37.71%
[ 2020-05-27 07:33:57,933][kfold_wrapper.log_eval_metrics] Accuracy(layer_3 - estimator_2 - 12_folds.train_cv.predict)=37.28%
[ 2020-05-27 07:33:57,935][kfold_wrapper.log_eval_metrics] Accuracy(layer_3 - estimator_2 - 12_folds.test.predict)=42.72%
[ 2020-05-27 07:33:58,138][kfold_wrapper.log_eval_metrics] Accuracy(layer_3 - estimator_3 - 12_folds.train_0.predict)=48.95%
[ 2020-05-27 07:33:58,296][kfold_wrapper.log_eval_metrics] Accuracy(layer_3 - estimator_3 - 12_folds.train_1.predict)=38.82%
[ 2020-05-27 07:33:58,451][kfold_wrapper.log_eval_metrics] Accuracy(layer_3 - estimator_3 - 12_folds.train_2.predict)=50.21%
[ 2020-05-27 07:33:58,613][kfold_wrapper.log_eval_metrics] Accuracy(layer_3 - estimator_3 - 12_folds.train_3.predict)=43.04%
[ 2020-05-27 07:33:58,767][kfold_wrapper.log_eval_metrics] Accuracy(layer_3 - estimator_3 - 12_folds.train_4.predict)=39.66%
[ 2020-05-27 07:33:58,924][kfold_wrapper.log_eval_metrics] Accuracy(layer_3 - estimator_3 - 12_folds.train_5.predict)=42.62%
[ 2020-05-27 07:33:59,079][kfold_wrapper.log_eval_metrics] Accuracy(layer_3 - estimator_3 - 12_folds.train_6.predict)=40.51%
[ 2020-05-27 07:33:59,239][kfold_wrapper.log_eval_metrics] Accuracy(layer_3 - estimator_3 - 12_folds.train_7.predict)=41.35%
[ 2020-05-27 07:33:59,400][kfold_wrapper.log_eval_metrics] Accuracy(layer_3 - estimator_3 - 12_folds.train_8.predict)=45.15%
[ 2020-05-27 07:33:59,558][kfold_wrapper.log_eval_metrics] Accuracy(layer_3 - estimator_3 - 12_folds.train_9.predict)=41.77%
[ 2020-05-27 07:33:59,714][kfold_wrapper.log_eval_metrics] Accuracy(layer_3 - estimator_3 - 12_folds.train_10.predict)=46.41%
[ 2020-05-27 07:33:59,872][kfold_wrapper.log_eval_metrics] Accuracy(layer_3 - estimator_3 - 12_folds.train_11.predict)=35.17%
[ 2020-05-27 07:33:59,874][kfold_wrapper.log_eval_metrics] Accuracy(layer_3 - estimator_3 - 12_folds.train_cv.predict)=42.81%
[ 2020-05-27 07:33:59,874][kfold_wrapper.log_eval_metrics] Accuracy(layer_3 - estimator_3 - 12_folds.test.predict)=52.22%
[ 2020-05-27 07:33:59,876][cascade_classifier.calc_accuracy] Accuracy(layer_3 - train.classifier_average)=38.87%
[ 2020-05-27 07:33:59,876][cascade_classifier.calc_accuracy] Accuracy(layer_3 - test.classifier_average)=43.67%
[ 2020-05-27 07:33:59,877][cascade_classifier.fit_transform] [layer=4] look_indexs=[0], X_cur_train.shape=(2843, 17), X_cur_test.shape=(316, 17)
[ 2020-05-27 07:33:59,923][kfold_wrapper.log_eval_metrics] Accuracy(layer_4 - estimator_0 - 5_folds.train_0.predict)=39.54%
[ 2020-05-27 07:33:59,966][kfold_wrapper.log_eval_metrics] Accuracy(layer_4 - estimator_0 - 5_folds.train_1.predict)=41.12%
[ 2020-05-27 07:34:00,013][kfold_wrapper.log_eval_metrics] Accuracy(layer_4 - estimator_0 - 5_folds.train_2.predict)=39.02%
[ 2020-05-27 07:34:00,058][kfold_wrapper.log_eval_metrics] Accuracy(layer_4 - estimator_0 - 5_folds.train_3.predict)=39.26%
[ 2020-05-27 07:34:00,106][kfold_wrapper.log_eval_metrics] Accuracy(layer_4 - estimator_0 - 5_folds.train_4.predict)=40.49%
[ 2020-05-27 07:34:00,110][kfold_wrapper.log_eval_metrics] Accuracy(layer_4 - estimator_0 - 5_folds.train_cv.predict)=39.89%
[ 2020-05-27 07:34:00,112][kfold_wrapper.log_eval_metrics] Accuracy(layer_4 - estimator_0 - 5_folds.test.predict)=46.20%
[ 2020-05-27 07:34:00,333][kfold_wrapper.log_eval_metrics] Accuracy(layer_4 - estimator_1 - 12_folds.train_0.predict)=34.60%
[ 2020-05-27 07:34:00,679][kfold_wrapper.log_eval_metrics] Accuracy(layer_4 - estimator_1 - 12_folds.train_1.predict)=39.24%
[ 2020-05-27 07:34:01,024][kfold_wrapper.log_eval_metrics] Accuracy(layer_4 - estimator_1 - 12_folds.train_2.predict)=32.07%
[ 2020-05-27 07:34:01,374][kfold_wrapper.log_eval_metrics] Accuracy(layer_4 - estimator_1 - 12_folds.train_3.predict)=35.02%
[ 2020-05-27 07:34:01,733][kfold_wrapper.log_eval_metrics] Accuracy(layer_4 - estimator_1 - 12_folds.train_4.predict)=39.24%
[ 2020-05-27 07:34:02,084][kfold_wrapper.log_eval_metrics] Accuracy(layer_4 - estimator_1 - 12_folds.train_5.predict)=36.71%
[ 2020-05-27 07:34:02,443][kfold_wrapper.log_eval_metrics] Accuracy(layer_4 - estimator_1 - 12_folds.train_6.predict)=35.86%
[ 2020-05-27 07:34:02,799][kfold_wrapper.log_eval_metrics] Accuracy(layer_4 - estimator_1 - 12_folds.train_7.predict)=32.07%
[ 2020-05-27 07:34:03,158][kfold_wrapper.log_eval_metrics] Accuracy(layer_4 - estimator_1 - 12_folds.train_8.predict)=34.18%
[ 2020-05-27 07:34:03,511][kfold_wrapper.log_eval_metrics] Accuracy(layer_4 - estimator_1 - 12_folds.train_9.predict)=35.44%
[ 2020-05-27 07:34:03,873][kfold_wrapper.log_eval_metrics] Accuracy(layer_4 - estimator_1 - 12_folds.train_10.predict)=36.29%
[ 2020-05-27 07:34:04,231][kfold_wrapper.log_eval_metrics] Accuracy(layer_4 - estimator_1 - 12_folds.train_11.predict)=36.86%
[ 2020-05-27 07:34:04,354][kfold_wrapper.log_eval_metrics] Accuracy(layer_4 - estimator_1 - 12_folds.train_cv.predict)=35.63%
[ 2020-05-27 07:34:04,356][kfold_wrapper.log_eval_metrics] Accuracy(layer_4 - estimator_1 - 12_folds.test.predict)=41.77%
[ 2020-05-27 07:34:04,601][kfold_wrapper.log_eval_metrics] Accuracy(layer_4 - estimator_2 - 12_folds.train_0.predict)=38.40%
[ 2020-05-27 07:34:04,964][kfold_wrapper.log_eval_metrics] Accuracy(layer_4 - estimator_2 - 12_folds.train_1.predict)=37.97%
[ 2020-05-27 07:34:05,321][kfold_wrapper.log_eval_metrics] Accuracy(layer_4 - estimator_2 - 12_folds.train_2.predict)=37.55%
[ 2020-05-27 07:34:05,676][kfold_wrapper.log_eval_metrics] Accuracy(layer_4 - estimator_2 - 12_folds.train_3.predict)=36.71%
[ 2020-05-27 07:34:06,042][kfold_wrapper.log_eval_metrics] Accuracy(layer_4 - estimator_2 - 12_folds.train_4.predict)=37.55%
[ 2020-05-27 07:34:06,394][kfold_wrapper.log_eval_metrics] Accuracy(layer_4 - estimator_2 - 12_folds.train_5.predict)=36.71%
[ 2020-05-27 07:34:06,743][kfold_wrapper.log_eval_metrics] Accuracy(layer_4 - estimator_2 - 12_folds.train_6.predict)=37.97%
[ 2020-05-27 07:34:07,093][kfold_wrapper.log_eval_metrics] Accuracy(layer_4 - estimator_2 - 12_folds.train_7.predict)=37.97%
[ 2020-05-27 07:34:07,447][kfold_wrapper.log_eval_metrics] Accuracy(layer_4 - estimator_2 - 12_folds.train_8.predict)=36.29%
[ 2020-05-27 07:34:07,814][kfold_wrapper.log_eval_metrics] Accuracy(layer_4 - estimator_2 - 12_folds.train_9.predict)=37.97%
[ 2020-05-27 07:34:08,173][kfold_wrapper.log_eval_metrics] Accuracy(layer_4 - estimator_2 - 12_folds.train_10.predict)=34.18%
[ 2020-05-27 07:34:08,521][kfold_wrapper.log_eval_metrics] Accuracy(layer_4 - estimator_2 - 12_folds.train_11.predict)=35.17%
[ 2020-05-27 07:34:08,645][kfold_wrapper.log_eval_metrics] Accuracy(layer_4 - estimator_2 - 12_folds.train_cv.predict)=37.04%
[ 2020-05-27 07:34:08,647][kfold_wrapper.log_eval_metrics] Accuracy(layer_4 - estimator_2 - 12_folds.test.predict)=46.20%
[ 2020-05-27 07:34:08,880][kfold_wrapper.log_eval_metrics] Accuracy(layer_4 - estimator_3 - 12_folds.train_0.predict)=45.57%
[ 2020-05-27 07:34:09,083][kfold_wrapper.log_eval_metrics] Accuracy(layer_4 - estimator_3 - 12_folds.train_1.predict)=37.13%
[ 2020-05-27 07:34:09,290][kfold_wrapper.log_eval_metrics] Accuracy(layer_4 - estimator_3 - 12_folds.train_2.predict)=42.19%
[ 2020-05-27 07:34:09,492][kfold_wrapper.log_eval_metrics] Accuracy(layer_4 - estimator_3 - 12_folds.train_3.predict)=43.04%
[ 2020-05-27 07:34:09,698][kfold_wrapper.log_eval_metrics] Accuracy(layer_4 - estimator_3 - 12_folds.train_4.predict)=41.77%
[ 2020-05-27 07:34:09,903][kfold_wrapper.log_eval_metrics] Accuracy(layer_4 - estimator_3 - 12_folds.train_5.predict)=40.93%
[ 2020-05-27 07:34:10,094][kfold_wrapper.log_eval_metrics] Accuracy(layer_4 - estimator_3 - 12_folds.train_6.predict)=44.73%
[ 2020-05-27 07:34:10,300][kfold_wrapper.log_eval_metrics] Accuracy(layer_4 - estimator_3 - 12_folds.train_7.predict)=38.40%
[ 2020-05-27 07:34:10,498][kfold_wrapper.log_eval_metrics] Accuracy(layer_4 - estimator_3 - 12_folds.train_8.predict)=46.41%
[ 2020-05-27 07:34:10,705][kfold_wrapper.log_eval_metrics] Accuracy(layer_4 - estimator_3 - 12_folds.train_9.predict)=36.29%
[ 2020-05-27 07:34:10,909][kfold_wrapper.log_eval_metrics] Accuracy(layer_4 - estimator_3 - 12_folds.train_10.predict)=35.86%
[ 2020-05-27 07:34:11,110][kfold_wrapper.log_eval_metrics] Accuracy(layer_4 - estimator_3 - 12_folds.train_11.predict)=42.37%
[ 2020-05-27 07:34:11,112][kfold_wrapper.log_eval_metrics] Accuracy(layer_4 - estimator_3 - 12_folds.train_cv.predict)=41.22%
[ 2020-05-27 07:34:11,113][kfold_wrapper.log_eval_metrics] Accuracy(layer_4 - estimator_3 - 12_folds.test.predict)=55.06%
[ 2020-05-27 07:34:11,115][cascade_classifier.calc_accuracy] Accuracy(layer_4 - train.classifier_average)=38.59%
[ 2020-05-27 07:34:11,116][cascade_classifier.calc_accuracy] Accuracy(layer_4 - test.classifier_average)=47.47%
[ 2020-05-27 07:34:11,117][cascade_classifier.fit_transform] [layer=5] look_indexs=[0], X_cur_train.shape=(2843, 17), X_cur_test.shape=(316, 17)
[ 2020-05-27 07:34:11,165][kfold_wrapper.log_eval_metrics] Accuracy(layer_5 - estimator_0 - 5_folds.train_0.predict)=40.95%
[ 2020-05-27 07:34:11,208][kfold_wrapper.log_eval_metrics] Accuracy(layer_5 - estimator_0 - 5_folds.train_1.predict)=42.71%
[ 2020-05-27 07:34:11,253][kfold_wrapper.log_eval_metrics] Accuracy(layer_5 - estimator_0 - 5_folds.train_2.predict)=38.31%
[ 2020-05-27 07:34:11,297][kfold_wrapper.log_eval_metrics] Accuracy(layer_5 - estimator_0 - 5_folds.train_3.predict)=39.08%
[ 2020-05-27 07:34:11,342][kfold_wrapper.log_eval_metrics] Accuracy(layer_5 - estimator_0 - 5_folds.train_4.predict)=38.56%
[ 2020-05-27 07:34:11,346][kfold_wrapper.log_eval_metrics] Accuracy(layer_5 - estimator_0 - 5_folds.train_cv.predict)=39.92%
[ 2020-05-27 07:34:11,348][kfold_wrapper.log_eval_metrics] Accuracy(layer_5 - estimator_0 - 5_folds.test.predict)=51.58%
[ 2020-05-27 07:34:11,572][kfold_wrapper.log_eval_metrics] Accuracy(layer_5 - estimator_1 - 12_folds.train_0.predict)=40.51%
[ 2020-05-27 07:34:11,929][kfold_wrapper.log_eval_metrics] Accuracy(layer_5 - estimator_1 - 12_folds.train_1.predict)=33.76%
[ 2020-05-27 07:34:12,274][kfold_wrapper.log_eval_metrics] Accuracy(layer_5 - estimator_1 - 12_folds.train_2.predict)=39.24%
[ 2020-05-27 07:34:12,627][kfold_wrapper.log_eval_metrics] Accuracy(layer_5 - estimator_1 - 12_folds.train_3.predict)=32.07%
[ 2020-05-27 07:34:12,974][kfold_wrapper.log_eval_metrics] Accuracy(layer_5 - estimator_1 - 12_folds.train_4.predict)=37.97%
[ 2020-05-27 07:34:13,329][kfold_wrapper.log_eval_metrics] Accuracy(layer_5 - estimator_1 - 12_folds.train_5.predict)=34.18%
[ 2020-05-27 07:34:13,694][kfold_wrapper.log_eval_metrics] Accuracy(layer_5 - estimator_1 - 12_folds.train_6.predict)=38.82%
[ 2020-05-27 07:34:14,041][kfold_wrapper.log_eval_metrics] Accuracy(layer_5 - estimator_1 - 12_folds.train_7.predict)=35.44%
[ 2020-05-27 07:34:14,388][kfold_wrapper.log_eval_metrics] Accuracy(layer_5 - estimator_1 - 12_folds.train_8.predict)=29.54%
[ 2020-05-27 07:34:14,747][kfold_wrapper.log_eval_metrics] Accuracy(layer_5 - estimator_1 - 12_folds.train_9.predict)=41.77%
[ 2020-05-27 07:34:15,107][kfold_wrapper.log_eval_metrics] Accuracy(layer_5 - estimator_1 - 12_folds.train_10.predict)=36.71%
[ 2020-05-27 07:34:15,457][kfold_wrapper.log_eval_metrics] Accuracy(layer_5 - estimator_1 - 12_folds.train_11.predict)=42.80%
[ 2020-05-27 07:34:15,581][kfold_wrapper.log_eval_metrics] Accuracy(layer_5 - estimator_1 - 12_folds.train_cv.predict)=36.90%
[ 2020-05-27 07:34:15,585][kfold_wrapper.log_eval_metrics] Accuracy(layer_5 - estimator_1 - 12_folds.test.predict)=39.56%
[ 2020-05-27 07:34:15,842][kfold_wrapper.log_eval_metrics] Accuracy(layer_5 - estimator_2 - 12_folds.train_0.predict)=35.02%
[ 2020-05-27 07:34:16,193][kfold_wrapper.log_eval_metrics] Accuracy(layer_5 - estimator_2 - 12_folds.train_1.predict)=39.24%
[ 2020-05-27 07:34:16,544][kfold_wrapper.log_eval_metrics] Accuracy(layer_5 - estimator_2 - 12_folds.train_2.predict)=35.86%
[ 2020-05-27 07:34:16,911][kfold_wrapper.log_eval_metrics] Accuracy(layer_5 - estimator_2 - 12_folds.train_3.predict)=36.29%
[ 2020-05-27 07:34:17,278][kfold_wrapper.log_eval_metrics] Accuracy(layer_5 - estimator_2 - 12_folds.train_4.predict)=33.33%
[ 2020-05-27 07:34:17,644][kfold_wrapper.log_eval_metrics] Accuracy(layer_5 - estimator_2 - 12_folds.train_5.predict)=35.44%
[ 2020-05-27 07:34:18,013][kfold_wrapper.log_eval_metrics] Accuracy(layer_5 - estimator_2 - 12_folds.train_6.predict)=39.24%
[ 2020-05-27 07:34:18,372][kfold_wrapper.log_eval_metrics] Accuracy(layer_5 - estimator_2 - 12_folds.train_7.predict)=31.65%
[ 2020-05-27 07:34:18,729][kfold_wrapper.log_eval_metrics] Accuracy(layer_5 - estimator_2 - 12_folds.train_8.predict)=36.71%
[ 2020-05-27 07:34:19,079][kfold_wrapper.log_eval_metrics] Accuracy(layer_5 - estimator_2 - 12_folds.train_9.predict)=35.86%
[ 2020-05-27 07:34:19,433][kfold_wrapper.log_eval_metrics] Accuracy(layer_5 - estimator_2 - 12_folds.train_10.predict)=32.07%
[ 2020-05-27 07:34:19,802][kfold_wrapper.log_eval_metrics] Accuracy(layer_5 - estimator_2 - 12_folds.train_11.predict)=28.81%
[ 2020-05-27 07:34:19,928][kfold_wrapper.log_eval_metrics] Accuracy(layer_5 - estimator_2 - 12_folds.train_cv.predict)=34.96%
[ 2020-05-27 07:34:19,929][kfold_wrapper.log_eval_metrics] Accuracy(layer_5 - estimator_2 - 12_folds.test.predict)=38.29%
[ 2020-05-27 07:34:20,194][kfold_wrapper.log_eval_metrics] Accuracy(layer_5 - estimator_3 - 12_folds.train_0.predict)=37.97%
[ 2020-05-27 07:34:20,450][kfold_wrapper.log_eval_metrics] Accuracy(layer_5 - estimator_3 - 12_folds.train_1.predict)=45.15%
[ 2020-05-27 07:34:20,707][kfold_wrapper.log_eval_metrics] Accuracy(layer_5 - estimator_3 - 12_folds.train_2.predict)=40.08%
[ 2020-05-27 07:34:20,945][kfold_wrapper.log_eval_metrics] Accuracy(layer_5 - estimator_3 - 12_folds.train_3.predict)=43.88%
[ 2020-05-27 07:34:21,193][kfold_wrapper.log_eval_metrics] Accuracy(layer_5 - estimator_3 - 12_folds.train_4.predict)=40.93%
[ 2020-05-27 07:34:21,441][kfold_wrapper.log_eval_metrics] Accuracy(layer_5 - estimator_3 - 12_folds.train_5.predict)=40.93%
[ 2020-05-27 07:34:21,690][kfold_wrapper.log_eval_metrics] Accuracy(layer_5 - estimator_3 - 12_folds.train_6.predict)=41.77%
[ 2020-05-27 07:34:21,941][kfold_wrapper.log_eval_metrics] Accuracy(layer_5 - estimator_3 - 12_folds.train_7.predict)=42.19%
[ 2020-05-27 07:34:22,192][kfold_wrapper.log_eval_metrics] Accuracy(layer_5 - estimator_3 - 12_folds.train_8.predict)=36.29%
[ 2020-05-27 07:34:22,443][kfold_wrapper.log_eval_metrics] Accuracy(layer_5 - estimator_3 - 12_folds.train_9.predict)=34.18%
[ 2020-05-27 07:34:22,696][kfold_wrapper.log_eval_metrics] Accuracy(layer_5 - estimator_3 - 12_folds.train_10.predict)=40.08%
[ 2020-05-27 07:34:22,951][kfold_wrapper.log_eval_metrics] Accuracy(layer_5 - estimator_3 - 12_folds.train_11.predict)=40.68%
[ 2020-05-27 07:34:22,953][kfold_wrapper.log_eval_metrics] Accuracy(layer_5 - estimator_3 - 12_folds.train_cv.predict)=40.34%
[ 2020-05-27 07:34:22,954][kfold_wrapper.log_eval_metrics] Accuracy(layer_5 - estimator_3 - 12_folds.test.predict)=52.53%
[ 2020-05-27 07:34:22,956][cascade_classifier.calc_accuracy] Accuracy(layer_5 - train.classifier_average)=37.88%
[ 2020-05-27 07:34:22,957][cascade_classifier.calc_accuracy] Accuracy(layer_5 - test.classifier_average)=41.77%
[ 2020-05-27 07:34:22,959][cascade_classifier.fit_transform] [Result][Optimal Level Detected] opt_layer_num=2, accuracy_train=41.58%, accuracy_test=41.46%
[ 2020-05-27 07:34:23,061][cascade_classifier.transform] X_groups_test.shape=[(243, 5)]
[ 2020-05-27 07:34:23,062][cascade_classifier.transform] group_dims=[5]
[ 2020-05-27 07:34:23,062][cascade_classifier.transform] X_test.shape=(243, 5)
[ 2020-05-27 07:34:23,063][cascade_classifier.transform] [layer=0] look_indexs=[0], X_cur_test.shape=(243, 5)
[ 2020-05-27 07:34:25,727][cascade_classifier.transform] [layer=1] look_indexs=[0], X_cur_test.shape=(243, 17)
[ 2020-05-27 07:34:28,789][cascade_classifier.fit_transform] X_groups_train.shape=[(3061, 5)],y_train.shape=(3061,),X_groups_test.shape=[(341, 5)],y_test.shape=(341,)
[ 2020-05-27 07:34:28,790][cascade_classifier.fit_transform] group_dims=[5]
[ 2020-05-27 07:34:28,790][cascade_classifier.fit_transform] group_starts=[0]
[ 2020-05-27 07:34:28,791][cascade_classifier.fit_transform] group_ends=[5]
[ 2020-05-27 07:34:28,792][cascade_classifier.fit_transform] X_train.shape=(3061, 5),X_test.shape=(341, 5)
[ 2020-05-27 07:34:28,793][cascade_classifier.fit_transform] [layer=0] look_indexs=[0], X_cur_train.shape=(3061, 5), X_cur_test.shape=(341, 5)
[ 2020-05-27 07:34:28,826][kfold_wrapper.log_eval_metrics] Accuracy(layer_0 - estimator_0 - 5_folds.train_0.predict)=41.44%
[ 2020-05-27 07:34:28,860][kfold_wrapper.log_eval_metrics] Accuracy(layer_0 - estimator_0 - 5_folds.train_1.predict)=37.09%
[ 2020-05-27 07:34:28,893][kfold_wrapper.log_eval_metrics] Accuracy(layer_0 - estimator_0 - 5_folds.train_2.predict)=35.95%
[ 2020-05-27 07:34:28,928][kfold_wrapper.log_eval_metrics] Accuracy(layer_0 - estimator_0 - 5_folds.train_3.predict)=42.65%
[ 2020-05-27 07:34:28,963][kfold_wrapper.log_eval_metrics] Accuracy(layer_0 - estimator_0 - 5_folds.train_4.predict)=41.34%
[ 2020-05-27 07:34:28,965][kfold_wrapper.log_eval_metrics] Accuracy(layer_0 - estimator_0 - 5_folds.train_cv.predict)=39.69%
[ 2020-05-27 07:34:28,966][kfold_wrapper.log_eval_metrics] Accuracy(layer_0 - estimator_0 - 5_folds.test.predict)=32.84%
[ 2020-05-27 07:34:29,186][kfold_wrapper.log_eval_metrics] Accuracy(layer_0 - estimator_1 - 12_folds.train_0.predict)=33.98%
[ 2020-05-27 07:34:29,531][kfold_wrapper.log_eval_metrics] Accuracy(layer_0 - estimator_1 - 12_folds.train_1.predict)=33.33%
[ 2020-05-27 07:34:29,882][kfold_wrapper.log_eval_metrics] Accuracy(layer_0 - estimator_1 - 12_folds.train_2.predict)=31.76%
[ 2020-05-27 07:34:30,225][kfold_wrapper.log_eval_metrics] Accuracy(layer_0 - estimator_1 - 12_folds.train_3.predict)=34.12%
[ 2020-05-27 07:34:30,575][kfold_wrapper.log_eval_metrics] Accuracy(layer_0 - estimator_1 - 12_folds.train_4.predict)=36.08%
[ 2020-05-27 07:34:30,933][kfold_wrapper.log_eval_metrics] Accuracy(layer_0 - estimator_1 - 12_folds.train_5.predict)=33.33%
[ 2020-05-27 07:34:31,269][kfold_wrapper.log_eval_metrics] Accuracy(layer_0 - estimator_1 - 12_folds.train_6.predict)=38.04%
[ 2020-05-27 07:34:31,627][kfold_wrapper.log_eval_metrics] Accuracy(layer_0 - estimator_1 - 12_folds.train_7.predict)=37.65%
[ 2020-05-27 07:34:31,981][kfold_wrapper.log_eval_metrics] Accuracy(layer_0 - estimator_1 - 12_folds.train_8.predict)=34.90%
[ 2020-05-27 07:34:32,329][kfold_wrapper.log_eval_metrics] Accuracy(layer_0 - estimator_1 - 12_folds.train_9.predict)=32.94%
[ 2020-05-27 07:34:32,685][kfold_wrapper.log_eval_metrics] Accuracy(layer_0 - estimator_1 - 12_folds.train_10.predict)=36.86%
[ 2020-05-27 07:34:33,043][kfold_wrapper.log_eval_metrics] Accuracy(layer_0 - estimator_1 - 12_folds.train_11.predict)=36.47%
[ 2020-05-27 07:34:33,160][kfold_wrapper.log_eval_metrics] Accuracy(layer_0 - estimator_1 - 12_folds.train_cv.predict)=34.96%
[ 2020-05-27 07:34:33,163][kfold_wrapper.log_eval_metrics] Accuracy(layer_0 - estimator_1 - 12_folds.test.predict)=30.21%
[ 2020-05-27 07:34:33,401][kfold_wrapper.log_eval_metrics] Accuracy(layer_0 - estimator_2 - 12_folds.train_0.predict)=35.94%
[ 2020-05-27 07:34:33,738][kfold_wrapper.log_eval_metrics] Accuracy(layer_0 - estimator_2 - 12_folds.train_1.predict)=32.16%
[ 2020-05-27 07:34:34,095][kfold_wrapper.log_eval_metrics] Accuracy(layer_0 - estimator_2 - 12_folds.train_2.predict)=29.41%
[ 2020-05-27 07:34:34,444][kfold_wrapper.log_eval_metrics] Accuracy(layer_0 - estimator_2 - 12_folds.train_3.predict)=35.69%
[ 2020-05-27 07:34:34,803][kfold_wrapper.log_eval_metrics] Accuracy(layer_0 - estimator_2 - 12_folds.train_4.predict)=34.51%
[ 2020-05-27 07:34:35,156][kfold_wrapper.log_eval_metrics] Accuracy(layer_0 - estimator_2 - 12_folds.train_5.predict)=36.47%
[ 2020-05-27 07:34:35,494][kfold_wrapper.log_eval_metrics] Accuracy(layer_0 - estimator_2 - 12_folds.train_6.predict)=37.25%
[ 2020-05-27 07:34:35,853][kfold_wrapper.log_eval_metrics] Accuracy(layer_0 - estimator_2 - 12_folds.train_7.predict)=32.94%
[ 2020-05-27 07:34:36,200][kfold_wrapper.log_eval_metrics] Accuracy(layer_0 - estimator_2 - 12_folds.train_8.predict)=31.76%
[ 2020-05-27 07:34:36,550][kfold_wrapper.log_eval_metrics] Accuracy(layer_0 - estimator_2 - 12_folds.train_9.predict)=32.94%
[ 2020-05-27 07:34:36,900][kfold_wrapper.log_eval_metrics] Accuracy(layer_0 - estimator_2 - 12_folds.train_10.predict)=36.08%
[ 2020-05-27 07:34:37,244][kfold_wrapper.log_eval_metrics] Accuracy(layer_0 - estimator_2 - 12_folds.train_11.predict)=34.90%
[ 2020-05-27 07:34:37,357][kfold_wrapper.log_eval_metrics] Accuracy(layer_0 - estimator_2 - 12_folds.train_cv.predict)=34.17%
[ 2020-05-27 07:34:37,359][kfold_wrapper.log_eval_metrics] Accuracy(layer_0 - estimator_2 - 12_folds.test.predict)=31.96%
[ 2020-05-27 07:34:37,424][kfold_wrapper.log_eval_metrics] Accuracy(layer_0 - estimator_3 - 12_folds.train_0.predict)=37.89%
[ 2020-05-27 07:34:37,462][kfold_wrapper.log_eval_metrics] Accuracy(layer_0 - estimator_3 - 12_folds.train_1.predict)=39.61%
[ 2020-05-27 07:34:37,495][kfold_wrapper.log_eval_metrics] Accuracy(layer_0 - estimator_3 - 12_folds.train_2.predict)=42.35%
[ 2020-05-27 07:34:37,527][kfold_wrapper.log_eval_metrics] Accuracy(layer_0 - estimator_3 - 12_folds.train_3.predict)=43.53%
[ 2020-05-27 07:34:37,565][kfold_wrapper.log_eval_metrics] Accuracy(layer_0 - estimator_3 - 12_folds.train_4.predict)=43.53%
[ 2020-05-27 07:34:37,603][kfold_wrapper.log_eval_metrics] Accuracy(layer_0 - estimator_3 - 12_folds.train_5.predict)=45.49%
[ 2020-05-27 07:34:37,639][kfold_wrapper.log_eval_metrics] Accuracy(layer_0 - estimator_3 - 12_folds.train_6.predict)=43.53%
[ 2020-05-27 07:34:37,673][kfold_wrapper.log_eval_metrics] Accuracy(layer_0 - estimator_3 - 12_folds.train_7.predict)=41.18%
[ 2020-05-27 07:34:37,708][kfold_wrapper.log_eval_metrics] Accuracy(layer_0 - estimator_3 - 12_folds.train_8.predict)=42.35%
[ 2020-05-27 07:34:37,740][kfold_wrapper.log_eval_metrics] Accuracy(layer_0 - estimator_3 - 12_folds.train_9.predict)=43.14%
[ 2020-05-27 07:34:37,770][kfold_wrapper.log_eval_metrics] Accuracy(layer_0 - estimator_3 - 12_folds.train_10.predict)=37.25%
[ 2020-05-27 07:34:37,801][kfold_wrapper.log_eval_metrics] Accuracy(layer_0 - estimator_3 - 12_folds.train_11.predict)=40.78%
[ 2020-05-27 07:34:37,803][kfold_wrapper.log_eval_metrics] Accuracy(layer_0 - estimator_3 - 12_folds.train_cv.predict)=41.72%
[ 2020-05-27 07:34:37,803][kfold_wrapper.log_eval_metrics] Accuracy(layer_0 - estimator_3 - 12_folds.test.predict)=47.51%
[ 2020-05-27 07:34:37,804][cascade_classifier.calc_accuracy] Accuracy(layer_0 - train.classifier_average)=36.49%
[ 2020-05-27 07:34:37,804][cascade_classifier.calc_accuracy] Accuracy(layer_0 - test.classifier_average)=29.91%
[ 2020-05-27 07:34:37,805][cascade_classifier.fit_transform] [layer=1] look_indexs=[0], X_cur_train.shape=(3061, 17), X_cur_test.shape=(341, 17)
[ 2020-05-27 07:34:37,847][kfold_wrapper.log_eval_metrics] Accuracy(layer_1 - estimator_0 - 5_folds.train_0.predict)=38.17%
[ 2020-05-27 07:34:37,890][kfold_wrapper.log_eval_metrics] Accuracy(layer_1 - estimator_0 - 5_folds.train_1.predict)=41.34%
[ 2020-05-27 07:34:37,932][kfold_wrapper.log_eval_metrics] Accuracy(layer_1 - estimator_0 - 5_folds.train_2.predict)=41.67%
[ 2020-05-27 07:34:37,975][kfold_wrapper.log_eval_metrics] Accuracy(layer_1 - estimator_0 - 5_folds.train_3.predict)=41.67%
[ 2020-05-27 07:34:38,018][kfold_wrapper.log_eval_metrics] Accuracy(layer_1 - estimator_0 - 5_folds.train_4.predict)=43.63%
[ 2020-05-27 07:34:38,020][kfold_wrapper.log_eval_metrics] Accuracy(layer_1 - estimator_0 - 5_folds.train_cv.predict)=41.29%
[ 2020-05-27 07:34:38,022][kfold_wrapper.log_eval_metrics] Accuracy(layer_1 - estimator_0 - 5_folds.test.predict)=46.04%
[ 2020-05-27 07:34:38,242][kfold_wrapper.log_eval_metrics] Accuracy(layer_1 - estimator_1 - 12_folds.train_0.predict)=39.06%
[ 2020-05-27 07:34:38,590][kfold_wrapper.log_eval_metrics] Accuracy(layer_1 - estimator_1 - 12_folds.train_1.predict)=40.78%
[ 2020-05-27 07:34:38,948][kfold_wrapper.log_eval_metrics] Accuracy(layer_1 - estimator_1 - 12_folds.train_2.predict)=38.04%
[ 2020-05-27 07:34:39,299][kfold_wrapper.log_eval_metrics] Accuracy(layer_1 - estimator_1 - 12_folds.train_3.predict)=40.00%
[ 2020-05-27 07:34:39,624][kfold_wrapper.log_eval_metrics] Accuracy(layer_1 - estimator_1 - 12_folds.train_4.predict)=36.08%
[ 2020-05-27 07:34:39,975][kfold_wrapper.log_eval_metrics] Accuracy(layer_1 - estimator_1 - 12_folds.train_5.predict)=38.82%
[ 2020-05-27 07:34:40,311][kfold_wrapper.log_eval_metrics] Accuracy(layer_1 - estimator_1 - 12_folds.train_6.predict)=41.18%
[ 2020-05-27 07:34:40,663][kfold_wrapper.log_eval_metrics] Accuracy(layer_1 - estimator_1 - 12_folds.train_7.predict)=42.75%
[ 2020-05-27 07:34:41,011][kfold_wrapper.log_eval_metrics] Accuracy(layer_1 - estimator_1 - 12_folds.train_8.predict)=36.08%
[ 2020-05-27 07:34:41,353][kfold_wrapper.log_eval_metrics] Accuracy(layer_1 - estimator_1 - 12_folds.train_9.predict)=40.00%
[ 2020-05-27 07:34:41,711][kfold_wrapper.log_eval_metrics] Accuracy(layer_1 - estimator_1 - 12_folds.train_10.predict)=40.00%
[ 2020-05-27 07:34:42,058][kfold_wrapper.log_eval_metrics] Accuracy(layer_1 - estimator_1 - 12_folds.train_11.predict)=39.61%
[ 2020-05-27 07:34:42,175][kfold_wrapper.log_eval_metrics] Accuracy(layer_1 - estimator_1 - 12_folds.train_cv.predict)=39.37%
[ 2020-05-27 07:34:42,177][kfold_wrapper.log_eval_metrics] Accuracy(layer_1 - estimator_1 - 12_folds.test.predict)=43.99%
[ 2020-05-27 07:34:42,406][kfold_wrapper.log_eval_metrics] Accuracy(layer_1 - estimator_2 - 12_folds.train_0.predict)=41.80%
[ 2020-05-27 07:34:42,757][kfold_wrapper.log_eval_metrics] Accuracy(layer_1 - estimator_2 - 12_folds.train_1.predict)=38.43%
[ 2020-05-27 07:34:43,099][kfold_wrapper.log_eval_metrics] Accuracy(layer_1 - estimator_2 - 12_folds.train_2.predict)=42.35%
[ 2020-05-27 07:34:43,455][kfold_wrapper.log_eval_metrics] Accuracy(layer_1 - estimator_2 - 12_folds.train_3.predict)=35.69%
[ 2020-05-27 07:34:43,811][kfold_wrapper.log_eval_metrics] Accuracy(layer_1 - estimator_2 - 12_folds.train_4.predict)=41.57%
[ 2020-05-27 07:34:44,161][kfold_wrapper.log_eval_metrics] Accuracy(layer_1 - estimator_2 - 12_folds.train_5.predict)=41.57%
[ 2020-05-27 07:34:44,514][kfold_wrapper.log_eval_metrics] Accuracy(layer_1 - estimator_2 - 12_folds.train_6.predict)=44.31%
[ 2020-05-27 07:34:44,867][kfold_wrapper.log_eval_metrics] Accuracy(layer_1 - estimator_2 - 12_folds.train_7.predict)=32.94%
[ 2020-05-27 07:34:45,223][kfold_wrapper.log_eval_metrics] Accuracy(layer_1 - estimator_2 - 12_folds.train_8.predict)=42.35%
[ 2020-05-27 07:34:45,557][kfold_wrapper.log_eval_metrics] Accuracy(layer_1 - estimator_2 - 12_folds.train_9.predict)=41.18%
[ 2020-05-27 07:34:45,894][kfold_wrapper.log_eval_metrics] Accuracy(layer_1 - estimator_2 - 12_folds.train_10.predict)=42.75%
[ 2020-05-27 07:34:46,237][kfold_wrapper.log_eval_metrics] Accuracy(layer_1 - estimator_2 - 12_folds.train_11.predict)=38.82%
[ 2020-05-27 07:34:46,351][kfold_wrapper.log_eval_metrics] Accuracy(layer_1 - estimator_2 - 12_folds.train_cv.predict)=40.31%
[ 2020-05-27 07:34:46,353][kfold_wrapper.log_eval_metrics] Accuracy(layer_1 - estimator_2 - 12_folds.test.predict)=42.52%
[ 2020-05-27 07:34:46,467][kfold_wrapper.log_eval_metrics] Accuracy(layer_1 - estimator_3 - 12_folds.train_0.predict)=42.97%
[ 2020-05-27 07:34:46,554][kfold_wrapper.log_eval_metrics] Accuracy(layer_1 - estimator_3 - 12_folds.train_1.predict)=41.57%
[ 2020-05-27 07:34:46,645][kfold_wrapper.log_eval_metrics] Accuracy(layer_1 - estimator_3 - 12_folds.train_2.predict)=40.78%
[ 2020-05-27 07:34:46,737][kfold_wrapper.log_eval_metrics] Accuracy(layer_1 - estimator_3 - 12_folds.train_3.predict)=41.57%
[ 2020-05-27 07:34:46,827][kfold_wrapper.log_eval_metrics] Accuracy(layer_1 - estimator_3 - 12_folds.train_4.predict)=41.18%
[ 2020-05-27 07:34:46,913][kfold_wrapper.log_eval_metrics] Accuracy(layer_1 - estimator_3 - 12_folds.train_5.predict)=38.82%
[ 2020-05-27 07:34:47,001][kfold_wrapper.log_eval_metrics] Accuracy(layer_1 - estimator_3 - 12_folds.train_6.predict)=44.31%
[ 2020-05-27 07:34:47,094][kfold_wrapper.log_eval_metrics] Accuracy(layer_1 - estimator_3 - 12_folds.train_7.predict)=44.71%
[ 2020-05-27 07:34:47,184][kfold_wrapper.log_eval_metrics] Accuracy(layer_1 - estimator_3 - 12_folds.train_8.predict)=40.39%
[ 2020-05-27 07:34:47,272][kfold_wrapper.log_eval_metrics] Accuracy(layer_1 - estimator_3 - 12_folds.train_9.predict)=42.75%
[ 2020-05-27 07:34:47,358][kfold_wrapper.log_eval_metrics] Accuracy(layer_1 - estimator_3 - 12_folds.train_10.predict)=41.57%
[ 2020-05-27 07:34:47,447][kfold_wrapper.log_eval_metrics] Accuracy(layer_1 - estimator_3 - 12_folds.train_11.predict)=42.75%
[ 2020-05-27 07:34:47,448][kfold_wrapper.log_eval_metrics] Accuracy(layer_1 - estimator_3 - 12_folds.train_cv.predict)=41.95%
[ 2020-05-27 07:34:47,449][kfold_wrapper.log_eval_metrics] Accuracy(layer_1 - estimator_3 - 12_folds.test.predict)=47.51%
[ 2020-05-27 07:34:47,450][cascade_classifier.calc_accuracy] Accuracy(layer_1 - train.classifier_average)=43.22%
[ 2020-05-27 07:34:47,450][cascade_classifier.calc_accuracy] Accuracy(layer_1 - test.classifier_average)=46.63%
[ 2020-05-27 07:34:47,451][cascade_classifier.fit_transform] [layer=2] look_indexs=[0], X_cur_train.shape=(3061, 17), X_cur_test.shape=(341, 17)
[ 2020-05-27 07:34:47,495][kfold_wrapper.log_eval_metrics] Accuracy(layer_2 - estimator_0 - 5_folds.train_0.predict)=39.97%
[ 2020-05-27 07:34:47,538][kfold_wrapper.log_eval_metrics] Accuracy(layer_2 - estimator_0 - 5_folds.train_1.predict)=42.32%
[ 2020-05-27 07:34:47,580][kfold_wrapper.log_eval_metrics] Accuracy(layer_2 - estimator_0 - 5_folds.train_2.predict)=41.01%
[ 2020-05-27 07:34:47,623][kfold_wrapper.log_eval_metrics] Accuracy(layer_2 - estimator_0 - 5_folds.train_3.predict)=43.95%
[ 2020-05-27 07:34:47,667][kfold_wrapper.log_eval_metrics] Accuracy(layer_2 - estimator_0 - 5_folds.train_4.predict)=43.46%
[ 2020-05-27 07:34:47,669][kfold_wrapper.log_eval_metrics] Accuracy(layer_2 - estimator_0 - 5_folds.train_cv.predict)=42.14%
[ 2020-05-27 07:34:47,671][kfold_wrapper.log_eval_metrics] Accuracy(layer_2 - estimator_0 - 5_folds.test.predict)=46.04%
[ 2020-05-27 07:34:47,891][kfold_wrapper.log_eval_metrics] Accuracy(layer_2 - estimator_1 - 12_folds.train_0.predict)=40.23%
[ 2020-05-27 07:34:48,251][kfold_wrapper.log_eval_metrics] Accuracy(layer_2 - estimator_1 - 12_folds.train_1.predict)=35.69%
[ 2020-05-27 07:34:48,611][kfold_wrapper.log_eval_metrics] Accuracy(layer_2 - estimator_1 - 12_folds.train_2.predict)=40.00%
[ 2020-05-27 07:34:48,970][kfold_wrapper.log_eval_metrics] Accuracy(layer_2 - estimator_1 - 12_folds.train_3.predict)=41.57%
[ 2020-05-27 07:34:49,323][kfold_wrapper.log_eval_metrics] Accuracy(layer_2 - estimator_1 - 12_folds.train_4.predict)=36.08%
[ 2020-05-27 07:34:49,669][kfold_wrapper.log_eval_metrics] Accuracy(layer_2 - estimator_1 - 12_folds.train_5.predict)=34.90%
[ 2020-05-27 07:34:50,025][kfold_wrapper.log_eval_metrics] Accuracy(layer_2 - estimator_1 - 12_folds.train_6.predict)=41.18%
[ 2020-05-27 07:34:50,383][kfold_wrapper.log_eval_metrics] Accuracy(layer_2 - estimator_1 - 12_folds.train_7.predict)=39.22%
[ 2020-05-27 07:34:50,743][kfold_wrapper.log_eval_metrics] Accuracy(layer_2 - estimator_1 - 12_folds.train_8.predict)=41.96%
[ 2020-05-27 07:34:51,103][kfold_wrapper.log_eval_metrics] Accuracy(layer_2 - estimator_1 - 12_folds.train_9.predict)=39.61%
[ 2020-05-27 07:34:51,463][kfold_wrapper.log_eval_metrics] Accuracy(layer_2 - estimator_1 - 12_folds.train_10.predict)=37.65%
[ 2020-05-27 07:34:51,797][kfold_wrapper.log_eval_metrics] Accuracy(layer_2 - estimator_1 - 12_folds.train_11.predict)=41.57%
[ 2020-05-27 07:34:51,916][kfold_wrapper.log_eval_metrics] Accuracy(layer_2 - estimator_1 - 12_folds.train_cv.predict)=39.14%
[ 2020-05-27 07:34:51,919][kfold_wrapper.log_eval_metrics] Accuracy(layer_2 - estimator_1 - 12_folds.test.predict)=45.16%
[ 2020-05-27 07:34:52,175][kfold_wrapper.log_eval_metrics] Accuracy(layer_2 - estimator_2 - 12_folds.train_0.predict)=43.36%
[ 2020-05-27 07:34:52,535][kfold_wrapper.log_eval_metrics] Accuracy(layer_2 - estimator_2 - 12_folds.train_1.predict)=38.04%
[ 2020-05-27 07:34:52,885][kfold_wrapper.log_eval_metrics] Accuracy(layer_2 - estimator_2 - 12_folds.train_2.predict)=34.90%
[ 2020-05-27 07:34:53,229][kfold_wrapper.log_eval_metrics] Accuracy(layer_2 - estimator_2 - 12_folds.train_3.predict)=35.69%
[ 2020-05-27 07:34:53,590][kfold_wrapper.log_eval_metrics] Accuracy(layer_2 - estimator_2 - 12_folds.train_4.predict)=39.61%
[ 2020-05-27 07:34:53,950][kfold_wrapper.log_eval_metrics] Accuracy(layer_2 - estimator_2 - 12_folds.train_5.predict)=38.43%
[ 2020-05-27 07:34:54,301][kfold_wrapper.log_eval_metrics] Accuracy(layer_2 - estimator_2 - 12_folds.train_6.predict)=47.06%
[ 2020-05-27 07:34:54,664][kfold_wrapper.log_eval_metrics] Accuracy(layer_2 - estimator_2 - 12_folds.train_7.predict)=39.22%
[ 2020-05-27 07:34:55,022][kfold_wrapper.log_eval_metrics] Accuracy(layer_2 - estimator_2 - 12_folds.train_8.predict)=38.43%
[ 2020-05-27 07:34:55,358][kfold_wrapper.log_eval_metrics] Accuracy(layer_2 - estimator_2 - 12_folds.train_9.predict)=34.90%
[ 2020-05-27 07:34:55,700][kfold_wrapper.log_eval_metrics] Accuracy(layer_2 - estimator_2 - 12_folds.train_10.predict)=40.78%
[ 2020-05-27 07:34:56,053][kfold_wrapper.log_eval_metrics] Accuracy(layer_2 - estimator_2 - 12_folds.train_11.predict)=34.12%
[ 2020-05-27 07:34:56,164][kfold_wrapper.log_eval_metrics] Accuracy(layer_2 - estimator_2 - 12_folds.train_cv.predict)=38.71%
[ 2020-05-27 07:34:56,166][kfold_wrapper.log_eval_metrics] Accuracy(layer_2 - estimator_2 - 12_folds.test.predict)=45.75%
[ 2020-05-27 07:34:56,294][kfold_wrapper.log_eval_metrics] Accuracy(layer_2 - estimator_3 - 12_folds.train_0.predict)=46.09%
[ 2020-05-27 07:34:56,402][kfold_wrapper.log_eval_metrics] Accuracy(layer_2 - estimator_3 - 12_folds.train_1.predict)=43.53%
[ 2020-05-27 07:34:56,511][kfold_wrapper.log_eval_metrics] Accuracy(layer_2 - estimator_3 - 12_folds.train_2.predict)=41.57%
[ 2020-05-27 07:34:56,622][kfold_wrapper.log_eval_metrics] Accuracy(layer_2 - estimator_3 - 12_folds.train_3.predict)=45.88%
[ 2020-05-27 07:34:56,730][kfold_wrapper.log_eval_metrics] Accuracy(layer_2 - estimator_3 - 12_folds.train_4.predict)=46.27%
[ 2020-05-27 07:34:56,840][kfold_wrapper.log_eval_metrics] Accuracy(layer_2 - estimator_3 - 12_folds.train_5.predict)=41.18%
[ 2020-05-27 07:34:56,945][kfold_wrapper.log_eval_metrics] Accuracy(layer_2 - estimator_3 - 12_folds.train_6.predict)=43.92%
[ 2020-05-27 07:34:57,052][kfold_wrapper.log_eval_metrics] Accuracy(layer_2 - estimator_3 - 12_folds.train_7.predict)=46.27%
[ 2020-05-27 07:34:57,161][kfold_wrapper.log_eval_metrics] Accuracy(layer_2 - estimator_3 - 12_folds.train_8.predict)=40.39%
[ 2020-05-27 07:34:57,270][kfold_wrapper.log_eval_metrics] Accuracy(layer_2 - estimator_3 - 12_folds.train_9.predict)=40.39%
[ 2020-05-27 07:34:57,374][kfold_wrapper.log_eval_metrics] Accuracy(layer_2 - estimator_3 - 12_folds.train_10.predict)=41.18%
[ 2020-05-27 07:34:57,486][kfold_wrapper.log_eval_metrics] Accuracy(layer_2 - estimator_3 - 12_folds.train_11.predict)=45.10%
[ 2020-05-27 07:34:57,487][kfold_wrapper.log_eval_metrics] Accuracy(layer_2 - estimator_3 - 12_folds.train_cv.predict)=43.48%
[ 2020-05-27 07:34:57,488][kfold_wrapper.log_eval_metrics] Accuracy(layer_2 - estimator_3 - 12_folds.test.predict)=47.80%
[ 2020-05-27 07:34:57,489][cascade_classifier.calc_accuracy] Accuracy(layer_2 - train.classifier_average)=41.59%
[ 2020-05-27 07:34:57,490][cascade_classifier.calc_accuracy] Accuracy(layer_2 - test.classifier_average)=46.04%
[ 2020-05-27 07:34:57,491][cascade_classifier.fit_transform] [layer=3] look_indexs=[0], X_cur_train.shape=(3061, 17), X_cur_test.shape=(341, 17)
[ 2020-05-27 07:34:57,535][kfold_wrapper.log_eval_metrics] Accuracy(layer_3 - estimator_0 - 5_folds.train_0.predict)=39.80%
[ 2020-05-27 07:34:57,580][kfold_wrapper.log_eval_metrics] Accuracy(layer_3 - estimator_0 - 5_folds.train_1.predict)=40.03%
[ 2020-05-27 07:34:57,623][kfold_wrapper.log_eval_metrics] Accuracy(layer_3 - estimator_0 - 5_folds.train_2.predict)=39.71%
[ 2020-05-27 07:34:57,667][kfold_wrapper.log_eval_metrics] Accuracy(layer_3 - estimator_0 - 5_folds.train_3.predict)=43.95%
[ 2020-05-27 07:34:57,709][kfold_wrapper.log_eval_metrics] Accuracy(layer_3 - estimator_0 - 5_folds.train_4.predict)=44.44%
[ 2020-05-27 07:34:57,712][kfold_wrapper.log_eval_metrics] Accuracy(layer_3 - estimator_0 - 5_folds.train_cv.predict)=41.59%
[ 2020-05-27 07:34:57,714][kfold_wrapper.log_eval_metrics] Accuracy(layer_3 - estimator_0 - 5_folds.test.predict)=46.92%
[ 2020-05-27 07:34:57,934][kfold_wrapper.log_eval_metrics] Accuracy(layer_3 - estimator_1 - 12_folds.train_0.predict)=40.62%
[ 2020-05-27 07:34:58,275][kfold_wrapper.log_eval_metrics] Accuracy(layer_3 - estimator_1 - 12_folds.train_1.predict)=33.33%
[ 2020-05-27 07:34:58,635][kfold_wrapper.log_eval_metrics] Accuracy(layer_3 - estimator_1 - 12_folds.train_2.predict)=38.04%
[ 2020-05-27 07:34:58,992][kfold_wrapper.log_eval_metrics] Accuracy(layer_3 - estimator_1 - 12_folds.train_3.predict)=36.47%
[ 2020-05-27 07:34:59,336][kfold_wrapper.log_eval_metrics] Accuracy(layer_3 - estimator_1 - 12_folds.train_4.predict)=36.08%
[ 2020-05-27 07:34:59,690][kfold_wrapper.log_eval_metrics] Accuracy(layer_3 - estimator_1 - 12_folds.train_5.predict)=37.65%
[ 2020-05-27 07:35:00,043][kfold_wrapper.log_eval_metrics] Accuracy(layer_3 - estimator_1 - 12_folds.train_6.predict)=38.04%
[ 2020-05-27 07:35:00,394][kfold_wrapper.log_eval_metrics] Accuracy(layer_3 - estimator_1 - 12_folds.train_7.predict)=33.33%
[ 2020-05-27 07:35:00,756][kfold_wrapper.log_eval_metrics] Accuracy(layer_3 - estimator_1 - 12_folds.train_8.predict)=39.22%
[ 2020-05-27 07:35:01,107][kfold_wrapper.log_eval_metrics] Accuracy(layer_3 - estimator_1 - 12_folds.train_9.predict)=38.04%
[ 2020-05-27 07:35:01,453][kfold_wrapper.log_eval_metrics] Accuracy(layer_3 - estimator_1 - 12_folds.train_10.predict)=38.43%
[ 2020-05-27 07:35:01,791][kfold_wrapper.log_eval_metrics] Accuracy(layer_3 - estimator_1 - 12_folds.train_11.predict)=35.69%
[ 2020-05-27 07:35:01,910][kfold_wrapper.log_eval_metrics] Accuracy(layer_3 - estimator_1 - 12_folds.train_cv.predict)=37.08%
[ 2020-05-27 07:35:01,913][kfold_wrapper.log_eval_metrics] Accuracy(layer_3 - estimator_1 - 12_folds.test.predict)=45.16%
[ 2020-05-27 07:35:02,171][kfold_wrapper.log_eval_metrics] Accuracy(layer_3 - estimator_2 - 12_folds.train_0.predict)=37.89%
[ 2020-05-27 07:35:02,521][kfold_wrapper.log_eval_metrics] Accuracy(layer_3 - estimator_2 - 12_folds.train_1.predict)=34.51%
[ 2020-05-27 07:35:02,876][kfold_wrapper.log_eval_metrics] Accuracy(layer_3 - estimator_2 - 12_folds.train_2.predict)=40.00%
[ 2020-05-27 07:35:03,234][kfold_wrapper.log_eval_metrics] Accuracy(layer_3 - estimator_2 - 12_folds.train_3.predict)=34.90%
[ 2020-05-27 07:35:03,589][kfold_wrapper.log_eval_metrics] Accuracy(layer_3 - estimator_2 - 12_folds.train_4.predict)=36.08%
[ 2020-05-27 07:35:03,949][kfold_wrapper.log_eval_metrics] Accuracy(layer_3 - estimator_2 - 12_folds.train_5.predict)=37.25%
[ 2020-05-27 07:35:04,307][kfold_wrapper.log_eval_metrics] Accuracy(layer_3 - estimator_2 - 12_folds.train_6.predict)=34.51%
[ 2020-05-27 07:35:04,662][kfold_wrapper.log_eval_metrics] Accuracy(layer_3 - estimator_2 - 12_folds.train_7.predict)=38.04%
[ 2020-05-27 07:35:05,025][kfold_wrapper.log_eval_metrics] Accuracy(layer_3 - estimator_2 - 12_folds.train_8.predict)=36.47%
[ 2020-05-27 07:35:05,385][kfold_wrapper.log_eval_metrics] Accuracy(layer_3 - estimator_2 - 12_folds.train_9.predict)=35.69%
[ 2020-05-27 07:35:05,726][kfold_wrapper.log_eval_metrics] Accuracy(layer_3 - estimator_2 - 12_folds.train_10.predict)=33.33%
[ 2020-05-27 07:35:06,071][kfold_wrapper.log_eval_metrics] Accuracy(layer_3 - estimator_2 - 12_folds.train_11.predict)=34.90%
[ 2020-05-27 07:35:06,186][kfold_wrapper.log_eval_metrics] Accuracy(layer_3 - estimator_2 - 12_folds.train_cv.predict)=36.13%
[ 2020-05-27 07:35:06,188][kfold_wrapper.log_eval_metrics] Accuracy(layer_3 - estimator_2 - 12_folds.test.predict)=44.57%
[ 2020-05-27 07:35:06,367][kfold_wrapper.log_eval_metrics] Accuracy(layer_3 - estimator_3 - 12_folds.train_0.predict)=48.44%
[ 2020-05-27 07:35:06,507][kfold_wrapper.log_eval_metrics] Accuracy(layer_3 - estimator_3 - 12_folds.train_1.predict)=44.71%
[ 2020-05-27 07:35:06,643][kfold_wrapper.log_eval_metrics] Accuracy(layer_3 - estimator_3 - 12_folds.train_2.predict)=45.10%
[ 2020-05-27 07:35:06,779][kfold_wrapper.log_eval_metrics] Accuracy(layer_3 - estimator_3 - 12_folds.train_3.predict)=40.39%
[ 2020-05-27 07:35:06,917][kfold_wrapper.log_eval_metrics] Accuracy(layer_3 - estimator_3 - 12_folds.train_4.predict)=43.92%
[ 2020-05-27 07:35:07,055][kfold_wrapper.log_eval_metrics] Accuracy(layer_3 - estimator_3 - 12_folds.train_5.predict)=38.43%
[ 2020-05-27 07:35:07,189][kfold_wrapper.log_eval_metrics] Accuracy(layer_3 - estimator_3 - 12_folds.train_6.predict)=38.82%
[ 2020-05-27 07:35:07,327][kfold_wrapper.log_eval_metrics] Accuracy(layer_3 - estimator_3 - 12_folds.train_7.predict)=49.02%
[ 2020-05-27 07:35:07,465][kfold_wrapper.log_eval_metrics] Accuracy(layer_3 - estimator_3 - 12_folds.train_8.predict)=42.75%
[ 2020-05-27 07:35:07,602][kfold_wrapper.log_eval_metrics] Accuracy(layer_3 - estimator_3 - 12_folds.train_9.predict)=42.35%
[ 2020-05-27 07:35:07,739][kfold_wrapper.log_eval_metrics] Accuracy(layer_3 - estimator_3 - 12_folds.train_10.predict)=40.78%
[ 2020-05-27 07:35:07,877][kfold_wrapper.log_eval_metrics] Accuracy(layer_3 - estimator_3 - 12_folds.train_11.predict)=41.57%
[ 2020-05-27 07:35:07,879][kfold_wrapper.log_eval_metrics] Accuracy(layer_3 - estimator_3 - 12_folds.train_cv.predict)=43.03%
[ 2020-05-27 07:35:07,879][kfold_wrapper.log_eval_metrics] Accuracy(layer_3 - estimator_3 - 12_folds.test.predict)=46.63%
[ 2020-05-27 07:35:07,881][cascade_classifier.calc_accuracy] Accuracy(layer_3 - train.classifier_average)=39.63%
[ 2020-05-27 07:35:07,881][cascade_classifier.calc_accuracy] Accuracy(layer_3 - test.classifier_average)=45.75%
[ 2020-05-27 07:35:07,882][cascade_classifier.fit_transform] [layer=4] look_indexs=[0], X_cur_train.shape=(3061, 17), X_cur_test.shape=(341, 17)
[ 2020-05-27 07:35:07,933][kfold_wrapper.log_eval_metrics] Accuracy(layer_4 - estimator_0 - 5_folds.train_0.predict)=42.58%
[ 2020-05-27 07:35:07,978][kfold_wrapper.log_eval_metrics] Accuracy(layer_4 - estimator_0 - 5_folds.train_1.predict)=41.67%
[ 2020-05-27 07:35:08,023][kfold_wrapper.log_eval_metrics] Accuracy(layer_4 - estimator_0 - 5_folds.train_2.predict)=41.99%
[ 2020-05-27 07:35:08,066][kfold_wrapper.log_eval_metrics] Accuracy(layer_4 - estimator_0 - 5_folds.train_3.predict)=40.03%
[ 2020-05-27 07:35:08,111][kfold_wrapper.log_eval_metrics] Accuracy(layer_4 - estimator_0 - 5_folds.train_4.predict)=41.18%
[ 2020-05-27 07:35:08,114][kfold_wrapper.log_eval_metrics] Accuracy(layer_4 - estimator_0 - 5_folds.train_cv.predict)=41.49%
[ 2020-05-27 07:35:08,116][kfold_wrapper.log_eval_metrics] Accuracy(layer_4 - estimator_0 - 5_folds.test.predict)=46.04%
[ 2020-05-27 07:35:08,338][kfold_wrapper.log_eval_metrics] Accuracy(layer_4 - estimator_1 - 12_folds.train_0.predict)=38.28%
[ 2020-05-27 07:35:08,697][kfold_wrapper.log_eval_metrics] Accuracy(layer_4 - estimator_1 - 12_folds.train_1.predict)=32.55%
[ 2020-05-27 07:35:09,045][kfold_wrapper.log_eval_metrics] Accuracy(layer_4 - estimator_1 - 12_folds.train_2.predict)=34.90%
[ 2020-05-27 07:35:09,400][kfold_wrapper.log_eval_metrics] Accuracy(layer_4 - estimator_1 - 12_folds.train_3.predict)=38.04%
[ 2020-05-27 07:35:09,756][kfold_wrapper.log_eval_metrics] Accuracy(layer_4 - estimator_1 - 12_folds.train_4.predict)=42.35%
[ 2020-05-27 07:35:10,119][kfold_wrapper.log_eval_metrics] Accuracy(layer_4 - estimator_1 - 12_folds.train_5.predict)=35.29%
[ 2020-05-27 07:35:10,468][kfold_wrapper.log_eval_metrics] Accuracy(layer_4 - estimator_1 - 12_folds.train_6.predict)=39.22%
[ 2020-05-27 07:35:10,838][kfold_wrapper.log_eval_metrics] Accuracy(layer_4 - estimator_1 - 12_folds.train_7.predict)=35.29%
[ 2020-05-27 07:35:11,202][kfold_wrapper.log_eval_metrics] Accuracy(layer_4 - estimator_1 - 12_folds.train_8.predict)=42.35%
[ 2020-05-27 07:35:11,552][kfold_wrapper.log_eval_metrics] Accuracy(layer_4 - estimator_1 - 12_folds.train_9.predict)=40.39%
[ 2020-05-27 07:35:11,915][kfold_wrapper.log_eval_metrics] Accuracy(layer_4 - estimator_1 - 12_folds.train_10.predict)=40.78%
[ 2020-05-27 07:35:12,262][kfold_wrapper.log_eval_metrics] Accuracy(layer_4 - estimator_1 - 12_folds.train_11.predict)=36.86%
[ 2020-05-27 07:35:12,384][kfold_wrapper.log_eval_metrics] Accuracy(layer_4 - estimator_1 - 12_folds.train_cv.predict)=38.03%
[ 2020-05-27 07:35:12,388][kfold_wrapper.log_eval_metrics] Accuracy(layer_4 - estimator_1 - 12_folds.test.predict)=47.21%
[ 2020-05-27 07:35:12,645][kfold_wrapper.log_eval_metrics] Accuracy(layer_4 - estimator_2 - 12_folds.train_0.predict)=40.62%
[ 2020-05-27 07:35:13,002][kfold_wrapper.log_eval_metrics] Accuracy(layer_4 - estimator_2 - 12_folds.train_1.predict)=34.12%
[ 2020-05-27 07:35:13,352][kfold_wrapper.log_eval_metrics] Accuracy(layer_4 - estimator_2 - 12_folds.train_2.predict)=37.65%
[ 2020-05-27 07:35:13,719][kfold_wrapper.log_eval_metrics] Accuracy(layer_4 - estimator_2 - 12_folds.train_3.predict)=39.22%
[ 2020-05-27 07:35:14,078][kfold_wrapper.log_eval_metrics] Accuracy(layer_4 - estimator_2 - 12_folds.train_4.predict)=39.61%
[ 2020-05-27 07:35:14,433][kfold_wrapper.log_eval_metrics] Accuracy(layer_4 - estimator_2 - 12_folds.train_5.predict)=38.43%
[ 2020-05-27 07:35:14,786][kfold_wrapper.log_eval_metrics] Accuracy(layer_4 - estimator_2 - 12_folds.train_6.predict)=40.78%
[ 2020-05-27 07:35:15,145][kfold_wrapper.log_eval_metrics] Accuracy(layer_4 - estimator_2 - 12_folds.train_7.predict)=35.69%
[ 2020-05-27 07:35:15,511][kfold_wrapper.log_eval_metrics] Accuracy(layer_4 - estimator_2 - 12_folds.train_8.predict)=37.25%
[ 2020-05-27 07:35:15,877][kfold_wrapper.log_eval_metrics] Accuracy(layer_4 - estimator_2 - 12_folds.train_9.predict)=35.69%
[ 2020-05-27 07:35:16,234][kfold_wrapper.log_eval_metrics] Accuracy(layer_4 - estimator_2 - 12_folds.train_10.predict)=40.78%
[ 2020-05-27 07:35:16,577][kfold_wrapper.log_eval_metrics] Accuracy(layer_4 - estimator_2 - 12_folds.train_11.predict)=36.08%
[ 2020-05-27 07:35:16,699][kfold_wrapper.log_eval_metrics] Accuracy(layer_4 - estimator_2 - 12_folds.train_cv.predict)=37.99%
[ 2020-05-27 07:35:16,703][kfold_wrapper.log_eval_metrics] Accuracy(layer_4 - estimator_2 - 12_folds.test.predict)=46.63%
[ 2020-05-27 07:35:16,943][kfold_wrapper.log_eval_metrics] Accuracy(layer_4 - estimator_3 - 12_folds.train_0.predict)=42.97%
[ 2020-05-27 07:35:17,120][kfold_wrapper.log_eval_metrics] Accuracy(layer_4 - estimator_3 - 12_folds.train_1.predict)=41.96%
[ 2020-05-27 07:35:17,304][kfold_wrapper.log_eval_metrics] Accuracy(layer_4 - estimator_3 - 12_folds.train_2.predict)=43.53%
[ 2020-05-27 07:35:17,484][kfold_wrapper.log_eval_metrics] Accuracy(layer_4 - estimator_3 - 12_folds.train_3.predict)=45.88%
[ 2020-05-27 07:35:17,668][kfold_wrapper.log_eval_metrics] Accuracy(layer_4 - estimator_3 - 12_folds.train_4.predict)=41.96%
[ 2020-05-27 07:35:17,846][kfold_wrapper.log_eval_metrics] Accuracy(layer_4 - estimator_3 - 12_folds.train_5.predict)=44.31%
[ 2020-05-27 07:35:18,025][kfold_wrapper.log_eval_metrics] Accuracy(layer_4 - estimator_3 - 12_folds.train_6.predict)=42.75%
[ 2020-05-27 07:35:18,206][kfold_wrapper.log_eval_metrics] Accuracy(layer_4 - estimator_3 - 12_folds.train_7.predict)=41.18%
[ 2020-05-27 07:35:18,388][kfold_wrapper.log_eval_metrics] Accuracy(layer_4 - estimator_3 - 12_folds.train_8.predict)=40.39%
[ 2020-05-27 07:35:18,568][kfold_wrapper.log_eval_metrics] Accuracy(layer_4 - estimator_3 - 12_folds.train_9.predict)=44.31%
[ 2020-05-27 07:35:18,750][kfold_wrapper.log_eval_metrics] Accuracy(layer_4 - estimator_3 - 12_folds.train_10.predict)=43.53%
[ 2020-05-27 07:35:18,930][kfold_wrapper.log_eval_metrics] Accuracy(layer_4 - estimator_3 - 12_folds.train_11.predict)=41.96%
[ 2020-05-27 07:35:18,932][kfold_wrapper.log_eval_metrics] Accuracy(layer_4 - estimator_3 - 12_folds.train_cv.predict)=42.89%
[ 2020-05-27 07:35:18,933][kfold_wrapper.log_eval_metrics] Accuracy(layer_4 - estimator_3 - 12_folds.test.predict)=45.75%
[ 2020-05-27 07:35:18,935][cascade_classifier.calc_accuracy] Accuracy(layer_4 - train.classifier_average)=41.36%
[ 2020-05-27 07:35:18,936][cascade_classifier.calc_accuracy] Accuracy(layer_4 - test.classifier_average)=48.09%
[ 2020-05-27 07:35:18,937][cascade_classifier.fit_transform] [layer=5] look_indexs=[0], X_cur_train.shape=(3061, 17), X_cur_test.shape=(341, 17)
[ 2020-05-27 07:35:18,983][kfold_wrapper.log_eval_metrics] Accuracy(layer_5 - estimator_0 - 5_folds.train_0.predict)=40.29%
[ 2020-05-27 07:35:19,029][kfold_wrapper.log_eval_metrics] Accuracy(layer_5 - estimator_0 - 5_folds.train_1.predict)=40.36%
[ 2020-05-27 07:35:19,073][kfold_wrapper.log_eval_metrics] Accuracy(layer_5 - estimator_0 - 5_folds.train_2.predict)=39.38%
[ 2020-05-27 07:35:19,120][kfold_wrapper.log_eval_metrics] Accuracy(layer_5 - estimator_0 - 5_folds.train_3.predict)=43.14%
[ 2020-05-27 07:35:19,164][kfold_wrapper.log_eval_metrics] Accuracy(layer_5 - estimator_0 - 5_folds.train_4.predict)=43.79%
[ 2020-05-27 07:35:19,167][kfold_wrapper.log_eval_metrics] Accuracy(layer_5 - estimator_0 - 5_folds.train_cv.predict)=41.39%
[ 2020-05-27 07:35:19,169][kfold_wrapper.log_eval_metrics] Accuracy(layer_5 - estimator_0 - 5_folds.test.predict)=45.75%
[ 2020-05-27 07:35:19,392][kfold_wrapper.log_eval_metrics] Accuracy(layer_5 - estimator_1 - 12_folds.train_0.predict)=43.36%
[ 2020-05-27 07:35:19,751][kfold_wrapper.log_eval_metrics] Accuracy(layer_5 - estimator_1 - 12_folds.train_1.predict)=41.57%
[ 2020-05-27 07:35:20,113][kfold_wrapper.log_eval_metrics] Accuracy(layer_5 - estimator_1 - 12_folds.train_2.predict)=40.39%
[ 2020-05-27 07:35:20,465][kfold_wrapper.log_eval_metrics] Accuracy(layer_5 - estimator_1 - 12_folds.train_3.predict)=41.18%
[ 2020-05-27 07:35:20,808][kfold_wrapper.log_eval_metrics] Accuracy(layer_5 - estimator_1 - 12_folds.train_4.predict)=35.69%
[ 2020-05-27 07:35:21,168][kfold_wrapper.log_eval_metrics] Accuracy(layer_5 - estimator_1 - 12_folds.train_5.predict)=36.86%
[ 2020-05-27 07:35:21,529][kfold_wrapper.log_eval_metrics] Accuracy(layer_5 - estimator_1 - 12_folds.train_6.predict)=41.18%
[ 2020-05-27 07:35:21,887][kfold_wrapper.log_eval_metrics] Accuracy(layer_5 - estimator_1 - 12_folds.train_7.predict)=38.43%
[ 2020-05-27 07:35:22,245][kfold_wrapper.log_eval_metrics] Accuracy(layer_5 - estimator_1 - 12_folds.train_8.predict)=35.69%
[ 2020-05-27 07:35:22,582][kfold_wrapper.log_eval_metrics] Accuracy(layer_5 - estimator_1 - 12_folds.train_9.predict)=39.22%
[ 2020-05-27 07:35:22,942][kfold_wrapper.log_eval_metrics] Accuracy(layer_5 - estimator_1 - 12_folds.train_10.predict)=42.35%
[ 2020-05-27 07:35:23,307][kfold_wrapper.log_eval_metrics] Accuracy(layer_5 - estimator_1 - 12_folds.train_11.predict)=34.12%
[ 2020-05-27 07:35:23,428][kfold_wrapper.log_eval_metrics] Accuracy(layer_5 - estimator_1 - 12_folds.train_cv.predict)=39.17%
[ 2020-05-27 07:35:23,431][kfold_wrapper.log_eval_metrics] Accuracy(layer_5 - estimator_1 - 12_folds.test.predict)=32.55%
[ 2020-05-27 07:35:23,677][kfold_wrapper.log_eval_metrics] Accuracy(layer_5 - estimator_2 - 12_folds.train_0.predict)=34.38%
[ 2020-05-27 07:35:24,043][kfold_wrapper.log_eval_metrics] Accuracy(layer_5 - estimator_2 - 12_folds.train_1.predict)=38.82%
[ 2020-05-27 07:35:24,397][kfold_wrapper.log_eval_metrics] Accuracy(layer_5 - estimator_2 - 12_folds.train_2.predict)=37.25%
[ 2020-05-27 07:35:24,757][kfold_wrapper.log_eval_metrics] Accuracy(layer_5 - estimator_2 - 12_folds.train_3.predict)=34.51%
[ 2020-05-27 07:35:25,118][kfold_wrapper.log_eval_metrics] Accuracy(layer_5 - estimator_2 - 12_folds.train_4.predict)=38.04%
[ 2020-05-27 07:35:25,474][kfold_wrapper.log_eval_metrics] Accuracy(layer_5 - estimator_2 - 12_folds.train_5.predict)=37.65%
[ 2020-05-27 07:35:25,832][kfold_wrapper.log_eval_metrics] Accuracy(layer_5 - estimator_2 - 12_folds.train_6.predict)=37.65%
[ 2020-05-27 07:35:26,195][kfold_wrapper.log_eval_metrics] Accuracy(layer_5 - estimator_2 - 12_folds.train_7.predict)=34.51%
[ 2020-05-27 07:35:26,552][kfold_wrapper.log_eval_metrics] Accuracy(layer_5 - estimator_2 - 12_folds.train_8.predict)=34.12%
[ 2020-05-27 07:35:26,898][kfold_wrapper.log_eval_metrics] Accuracy(layer_5 - estimator_2 - 12_folds.train_9.predict)=39.61%
[ 2020-05-27 07:35:27,262][kfold_wrapper.log_eval_metrics] Accuracy(layer_5 - estimator_2 - 12_folds.train_10.predict)=44.31%
[ 2020-05-27 07:35:27,607][kfold_wrapper.log_eval_metrics] Accuracy(layer_5 - estimator_2 - 12_folds.train_11.predict)=31.37%
[ 2020-05-27 07:35:27,731][kfold_wrapper.log_eval_metrics] Accuracy(layer_5 - estimator_2 - 12_folds.train_cv.predict)=36.85%
[ 2020-05-27 07:35:27,731][kfold_wrapper.log_eval_metrics] Accuracy(layer_5 - estimator_2 - 12_folds.test.predict)=36.95%
[ 2020-05-27 07:35:27,962][kfold_wrapper.log_eval_metrics] Accuracy(layer_5 - estimator_3 - 12_folds.train_0.predict)=41.41%
[ 2020-05-27 07:35:28,183][kfold_wrapper.log_eval_metrics] Accuracy(layer_5 - estimator_3 - 12_folds.train_1.predict)=41.96%
[ 2020-05-27 07:35:28,403][kfold_wrapper.log_eval_metrics] Accuracy(layer_5 - estimator_3 - 12_folds.train_2.predict)=40.00%
[ 2020-05-27 07:35:28,626][kfold_wrapper.log_eval_metrics] Accuracy(layer_5 - estimator_3 - 12_folds.train_3.predict)=46.67%
[ 2020-05-27 07:35:28,851][kfold_wrapper.log_eval_metrics] Accuracy(layer_5 - estimator_3 - 12_folds.train_4.predict)=39.61%
[ 2020-05-27 07:35:29,079][kfold_wrapper.log_eval_metrics] Accuracy(layer_5 - estimator_3 - 12_folds.train_5.predict)=41.18%
[ 2020-05-27 07:35:29,310][kfold_wrapper.log_eval_metrics] Accuracy(layer_5 - estimator_3 - 12_folds.train_6.predict)=44.31%
[ 2020-05-27 07:35:29,538][kfold_wrapper.log_eval_metrics] Accuracy(layer_5 - estimator_3 - 12_folds.train_7.predict)=43.14%
[ 2020-05-27 07:35:29,761][kfold_wrapper.log_eval_metrics] Accuracy(layer_5 - estimator_3 - 12_folds.train_8.predict)=43.53%
[ 2020-05-27 07:35:29,993][kfold_wrapper.log_eval_metrics] Accuracy(layer_5 - estimator_3 - 12_folds.train_9.predict)=47.84%
[ 2020-05-27 07:35:30,228][kfold_wrapper.log_eval_metrics] Accuracy(layer_5 - estimator_3 - 12_folds.train_10.predict)=43.92%
[ 2020-05-27 07:35:30,450][kfold_wrapper.log_eval_metrics] Accuracy(layer_5 - estimator_3 - 12_folds.train_11.predict)=40.78%
[ 2020-05-27 07:35:30,452][kfold_wrapper.log_eval_metrics] Accuracy(layer_5 - estimator_3 - 12_folds.train_cv.predict)=42.86%
[ 2020-05-27 07:35:30,453][kfold_wrapper.log_eval_metrics] Accuracy(layer_5 - estimator_3 - 12_folds.test.predict)=45.75%
[ 2020-05-27 07:35:30,455][cascade_classifier.calc_accuracy] Accuracy(layer_5 - train.classifier_average)=41.39%
[ 2020-05-27 07:35:30,456][cascade_classifier.calc_accuracy] Accuracy(layer_5 - test.classifier_average)=44.87%
[ 2020-05-27 07:35:30,457][cascade_classifier.fit_transform] [Result][Optimal Level Detected] opt_layer_num=2, accuracy_train=43.22%, accuracy_test=46.63%
[ 2020-05-27 07:35:30,542][cascade_classifier.transform] X_groups_test.shape=[(244, 5)]
[ 2020-05-27 07:35:30,543][cascade_classifier.transform] group_dims=[5]
[ 2020-05-27 07:35:30,544][cascade_classifier.transform] X_test.shape=(244, 5)
[ 2020-05-27 07:35:30,545][cascade_classifier.transform] [layer=0] look_indexs=[0], X_cur_test.shape=(244, 5)
[ 2020-05-27 07:35:33,220][cascade_classifier.transform] [layer=1] look_indexs=[0], X_cur_test.shape=(244, 17)
[ 2020-05-27 07:35:36,298][cascade_classifier.fit_transform] X_groups_train.shape=[(3281, 5)],y_train.shape=(3281,),X_groups_test.shape=[(365, 5)],y_test.shape=(365,)
[ 2020-05-27 07:35:36,299][cascade_classifier.fit_transform] group_dims=[5]
[ 2020-05-27 07:35:36,300][cascade_classifier.fit_transform] group_starts=[0]
[ 2020-05-27 07:35:36,300][cascade_classifier.fit_transform] group_ends=[5]
[ 2020-05-27 07:35:36,301][cascade_classifier.fit_transform] X_train.shape=(3281, 5),X_test.shape=(365, 5)
[ 2020-05-27 07:35:36,302][cascade_classifier.fit_transform] [layer=0] look_indexs=[0], X_cur_train.shape=(3281, 5), X_cur_test.shape=(365, 5)
[ 2020-05-27 07:35:36,337][kfold_wrapper.log_eval_metrics] Accuracy(layer_0 - estimator_0 - 5_folds.train_0.predict)=40.33%
[ 2020-05-27 07:35:36,373][kfold_wrapper.log_eval_metrics] Accuracy(layer_0 - estimator_0 - 5_folds.train_1.predict)=42.38%
[ 2020-05-27 07:35:36,407][kfold_wrapper.log_eval_metrics] Accuracy(layer_0 - estimator_0 - 5_folds.train_2.predict)=37.35%
[ 2020-05-27 07:35:36,442][kfold_wrapper.log_eval_metrics] Accuracy(layer_0 - estimator_0 - 5_folds.train_3.predict)=40.24%
[ 2020-05-27 07:35:36,477][kfold_wrapper.log_eval_metrics] Accuracy(layer_0 - estimator_0 - 5_folds.train_4.predict)=39.79%
[ 2020-05-27 07:35:36,479][kfold_wrapper.log_eval_metrics] Accuracy(layer_0 - estimator_0 - 5_folds.train_cv.predict)=40.02%
[ 2020-05-27 07:35:36,481][kfold_wrapper.log_eval_metrics] Accuracy(layer_0 - estimator_0 - 5_folds.test.predict)=44.38%
[ 2020-05-27 07:35:36,700][kfold_wrapper.log_eval_metrics] Accuracy(layer_0 - estimator_1 - 12_folds.train_0.predict)=35.04%
[ 2020-05-27 07:35:37,051][kfold_wrapper.log_eval_metrics] Accuracy(layer_0 - estimator_1 - 12_folds.train_1.predict)=37.23%
[ 2020-05-27 07:35:37,410][kfold_wrapper.log_eval_metrics] Accuracy(layer_0 - estimator_1 - 12_folds.train_2.predict)=38.69%
[ 2020-05-27 07:35:37,758][kfold_wrapper.log_eval_metrics] Accuracy(layer_0 - estimator_1 - 12_folds.train_3.predict)=31.02%
[ 2020-05-27 07:35:38,115][kfold_wrapper.log_eval_metrics] Accuracy(layer_0 - estimator_1 - 12_folds.train_4.predict)=35.04%
[ 2020-05-27 07:35:38,461][kfold_wrapper.log_eval_metrics] Accuracy(layer_0 - estimator_1 - 12_folds.train_5.predict)=40.29%
[ 2020-05-27 07:35:38,820][kfold_wrapper.log_eval_metrics] Accuracy(layer_0 - estimator_1 - 12_folds.train_6.predict)=39.56%
[ 2020-05-27 07:35:39,170][kfold_wrapper.log_eval_metrics] Accuracy(layer_0 - estimator_1 - 12_folds.train_7.predict)=32.23%
[ 2020-05-27 07:35:39,510][kfold_wrapper.log_eval_metrics] Accuracy(layer_0 - estimator_1 - 12_folds.train_8.predict)=38.46%
[ 2020-05-27 07:35:39,853][kfold_wrapper.log_eval_metrics] Accuracy(layer_0 - estimator_1 - 12_folds.train_9.predict)=35.90%
[ 2020-05-27 07:35:40,210][kfold_wrapper.log_eval_metrics] Accuracy(layer_0 - estimator_1 - 12_folds.train_10.predict)=32.97%
[ 2020-05-27 07:35:40,557][kfold_wrapper.log_eval_metrics] Accuracy(layer_0 - estimator_1 - 12_folds.train_11.predict)=36.63%
[ 2020-05-27 07:35:40,675][kfold_wrapper.log_eval_metrics] Accuracy(layer_0 - estimator_1 - 12_folds.train_cv.predict)=36.09%
[ 2020-05-27 07:35:40,679][kfold_wrapper.log_eval_metrics] Accuracy(layer_0 - estimator_1 - 12_folds.test.predict)=37.81%
[ 2020-05-27 07:35:40,915][kfold_wrapper.log_eval_metrics] Accuracy(layer_0 - estimator_2 - 12_folds.train_0.predict)=40.88%
[ 2020-05-27 07:35:41,267][kfold_wrapper.log_eval_metrics] Accuracy(layer_0 - estimator_2 - 12_folds.train_1.predict)=35.40%
[ 2020-05-27 07:35:41,624][kfold_wrapper.log_eval_metrics] Accuracy(layer_0 - estimator_2 - 12_folds.train_2.predict)=36.86%
[ 2020-05-27 07:35:41,977][kfold_wrapper.log_eval_metrics] Accuracy(layer_0 - estimator_2 - 12_folds.train_3.predict)=31.75%
[ 2020-05-27 07:35:42,329][kfold_wrapper.log_eval_metrics] Accuracy(layer_0 - estimator_2 - 12_folds.train_4.predict)=34.67%
[ 2020-05-27 07:35:42,647][kfold_wrapper.log_eval_metrics] Accuracy(layer_0 - estimator_2 - 12_folds.train_5.predict)=35.90%
[ 2020-05-27 07:35:42,969][kfold_wrapper.log_eval_metrics] Accuracy(layer_0 - estimator_2 - 12_folds.train_6.predict)=35.90%
[ 2020-05-27 07:35:43,290][kfold_wrapper.log_eval_metrics] Accuracy(layer_0 - estimator_2 - 12_folds.train_7.predict)=34.07%
[ 2020-05-27 07:35:43,612][kfold_wrapper.log_eval_metrics] Accuracy(layer_0 - estimator_2 - 12_folds.train_8.predict)=30.40%
[ 2020-05-27 07:35:43,938][kfold_wrapper.log_eval_metrics] Accuracy(layer_0 - estimator_2 - 12_folds.train_9.predict)=33.70%
[ 2020-05-27 07:35:44,288][kfold_wrapper.log_eval_metrics] Accuracy(layer_0 - estimator_2 - 12_folds.train_10.predict)=32.23%
[ 2020-05-27 07:35:44,644][kfold_wrapper.log_eval_metrics] Accuracy(layer_0 - estimator_2 - 12_folds.train_11.predict)=33.70%
[ 2020-05-27 07:35:44,762][kfold_wrapper.log_eval_metrics] Accuracy(layer_0 - estimator_2 - 12_folds.train_cv.predict)=34.62%
[ 2020-05-27 07:35:44,765][kfold_wrapper.log_eval_metrics] Accuracy(layer_0 - estimator_2 - 12_folds.test.predict)=37.26%
[ 2020-05-27 07:35:44,848][kfold_wrapper.log_eval_metrics] Accuracy(layer_0 - estimator_3 - 12_folds.train_0.predict)=41.24%
[ 2020-05-27 07:35:44,885][kfold_wrapper.log_eval_metrics] Accuracy(layer_0 - estimator_3 - 12_folds.train_1.predict)=44.16%
[ 2020-05-27 07:35:44,918][kfold_wrapper.log_eval_metrics] Accuracy(layer_0 - estimator_3 - 12_folds.train_2.predict)=39.42%
[ 2020-05-27 07:35:44,954][kfold_wrapper.log_eval_metrics] Accuracy(layer_0 - estimator_3 - 12_folds.train_3.predict)=39.42%
[ 2020-05-27 07:35:44,986][kfold_wrapper.log_eval_metrics] Accuracy(layer_0 - estimator_3 - 12_folds.train_4.predict)=39.42%
[ 2020-05-27 07:35:45,018][kfold_wrapper.log_eval_metrics] Accuracy(layer_0 - estimator_3 - 12_folds.train_5.predict)=39.19%
[ 2020-05-27 07:35:45,053][kfold_wrapper.log_eval_metrics] Accuracy(layer_0 - estimator_3 - 12_folds.train_6.predict)=42.86%
[ 2020-05-27 07:35:45,094][kfold_wrapper.log_eval_metrics] Accuracy(layer_0 - estimator_3 - 12_folds.train_7.predict)=38.83%
[ 2020-05-27 07:35:45,137][kfold_wrapper.log_eval_metrics] Accuracy(layer_0 - estimator_3 - 12_folds.train_8.predict)=45.05%
[ 2020-05-27 07:35:45,175][kfold_wrapper.log_eval_metrics] Accuracy(layer_0 - estimator_3 - 12_folds.train_9.predict)=44.69%
[ 2020-05-27 07:35:45,215][kfold_wrapper.log_eval_metrics] Accuracy(layer_0 - estimator_3 - 12_folds.train_10.predict)=46.15%
[ 2020-05-27 07:35:45,251][kfold_wrapper.log_eval_metrics] Accuracy(layer_0 - estimator_3 - 12_folds.train_11.predict)=45.79%
[ 2020-05-27 07:35:45,252][kfold_wrapper.log_eval_metrics] Accuracy(layer_0 - estimator_3 - 12_folds.train_cv.predict)=42.18%
[ 2020-05-27 07:35:45,253][kfold_wrapper.log_eval_metrics] Accuracy(layer_0 - estimator_3 - 12_folds.test.predict)=43.56%
[ 2020-05-27 07:35:45,254][cascade_classifier.calc_accuracy] Accuracy(layer_0 - train.classifier_average)=36.57%
[ 2020-05-27 07:35:45,254][cascade_classifier.calc_accuracy] Accuracy(layer_0 - test.classifier_average)=39.18%
[ 2020-05-27 07:35:45,255][cascade_classifier.fit_transform] [layer=1] look_indexs=[0], X_cur_train.shape=(3281, 17), X_cur_test.shape=(365, 17)
[ 2020-05-27 07:35:45,303][kfold_wrapper.log_eval_metrics] Accuracy(layer_1 - estimator_0 - 5_folds.train_0.predict)=41.70%
[ 2020-05-27 07:35:45,353][kfold_wrapper.log_eval_metrics] Accuracy(layer_1 - estimator_0 - 5_folds.train_1.predict)=40.85%
[ 2020-05-27 07:35:45,396][kfold_wrapper.log_eval_metrics] Accuracy(layer_1 - estimator_0 - 5_folds.train_2.predict)=40.24%
[ 2020-05-27 07:35:45,440][kfold_wrapper.log_eval_metrics] Accuracy(layer_1 - estimator_0 - 5_folds.train_3.predict)=42.53%
[ 2020-05-27 07:35:45,484][kfold_wrapper.log_eval_metrics] Accuracy(layer_1 - estimator_0 - 5_folds.train_4.predict)=42.84%
[ 2020-05-27 07:35:45,486][kfold_wrapper.log_eval_metrics] Accuracy(layer_1 - estimator_0 - 5_folds.train_cv.predict)=41.63%
[ 2020-05-27 07:35:45,487][kfold_wrapper.log_eval_metrics] Accuracy(layer_1 - estimator_0 - 5_folds.test.predict)=41.92%
[ 2020-05-27 07:35:45,708][kfold_wrapper.log_eval_metrics] Accuracy(layer_1 - estimator_1 - 12_folds.train_0.predict)=43.07%
[ 2020-05-27 07:35:46,063][kfold_wrapper.log_eval_metrics] Accuracy(layer_1 - estimator_1 - 12_folds.train_1.predict)=40.88%
[ 2020-05-27 07:35:46,399][kfold_wrapper.log_eval_metrics] Accuracy(layer_1 - estimator_1 - 12_folds.train_2.predict)=41.24%
[ 2020-05-27 07:35:46,754][kfold_wrapper.log_eval_metrics] Accuracy(layer_1 - estimator_1 - 12_folds.train_3.predict)=40.88%
[ 2020-05-27 07:35:47,112][kfold_wrapper.log_eval_metrics] Accuracy(layer_1 - estimator_1 - 12_folds.train_4.predict)=43.43%
[ 2020-05-27 07:35:47,454][kfold_wrapper.log_eval_metrics] Accuracy(layer_1 - estimator_1 - 12_folds.train_5.predict)=42.49%
[ 2020-05-27 07:35:47,805][kfold_wrapper.log_eval_metrics] Accuracy(layer_1 - estimator_1 - 12_folds.train_6.predict)=43.59%
[ 2020-05-27 07:35:48,162][kfold_wrapper.log_eval_metrics] Accuracy(layer_1 - estimator_1 - 12_folds.train_7.predict)=37.73%
[ 2020-05-27 07:35:48,513][kfold_wrapper.log_eval_metrics] Accuracy(layer_1 - estimator_1 - 12_folds.train_8.predict)=42.12%
[ 2020-05-27 07:35:48,859][kfold_wrapper.log_eval_metrics] Accuracy(layer_1 - estimator_1 - 12_folds.train_9.predict)=40.66%
[ 2020-05-27 07:35:49,211][kfold_wrapper.log_eval_metrics] Accuracy(layer_1 - estimator_1 - 12_folds.train_10.predict)=33.70%
[ 2020-05-27 07:35:49,540][kfold_wrapper.log_eval_metrics] Accuracy(layer_1 - estimator_1 - 12_folds.train_11.predict)=38.10%
[ 2020-05-27 07:35:49,659][kfold_wrapper.log_eval_metrics] Accuracy(layer_1 - estimator_1 - 12_folds.train_cv.predict)=40.66%
[ 2020-05-27 07:35:49,662][kfold_wrapper.log_eval_metrics] Accuracy(layer_1 - estimator_1 - 12_folds.test.predict)=39.45%
[ 2020-05-27 07:35:49,904][kfold_wrapper.log_eval_metrics] Accuracy(layer_1 - estimator_2 - 12_folds.train_0.predict)=43.43%
[ 2020-05-27 07:35:50,254][kfold_wrapper.log_eval_metrics] Accuracy(layer_1 - estimator_2 - 12_folds.train_1.predict)=41.61%
[ 2020-05-27 07:35:50,615][kfold_wrapper.log_eval_metrics] Accuracy(layer_1 - estimator_2 - 12_folds.train_2.predict)=39.05%
[ 2020-05-27 07:35:50,975][kfold_wrapper.log_eval_metrics] Accuracy(layer_1 - estimator_2 - 12_folds.train_3.predict)=42.34%
[ 2020-05-27 07:35:51,326][kfold_wrapper.log_eval_metrics] Accuracy(layer_1 - estimator_2 - 12_folds.train_4.predict)=34.67%
[ 2020-05-27 07:35:51,679][kfold_wrapper.log_eval_metrics] Accuracy(layer_1 - estimator_2 - 12_folds.train_5.predict)=41.03%
[ 2020-05-27 07:35:52,030][kfold_wrapper.log_eval_metrics] Accuracy(layer_1 - estimator_2 - 12_folds.train_6.predict)=39.56%
[ 2020-05-27 07:35:52,382][kfold_wrapper.log_eval_metrics] Accuracy(layer_1 - estimator_2 - 12_folds.train_7.predict)=36.63%
[ 2020-05-27 07:35:52,744][kfold_wrapper.log_eval_metrics] Accuracy(layer_1 - estimator_2 - 12_folds.train_8.predict)=41.03%
[ 2020-05-27 07:35:53,104][kfold_wrapper.log_eval_metrics] Accuracy(layer_1 - estimator_2 - 12_folds.train_9.predict)=42.86%
[ 2020-05-27 07:35:53,464][kfold_wrapper.log_eval_metrics] Accuracy(layer_1 - estimator_2 - 12_folds.train_10.predict)=41.03%
[ 2020-05-27 07:35:53,811][kfold_wrapper.log_eval_metrics] Accuracy(layer_1 - estimator_2 - 12_folds.train_11.predict)=41.76%
[ 2020-05-27 07:35:53,924][kfold_wrapper.log_eval_metrics] Accuracy(layer_1 - estimator_2 - 12_folds.train_cv.predict)=40.41%
[ 2020-05-27 07:35:53,926][kfold_wrapper.log_eval_metrics] Accuracy(layer_1 - estimator_2 - 12_folds.test.predict)=40.00%
[ 2020-05-27 07:35:54,054][kfold_wrapper.log_eval_metrics] Accuracy(layer_1 - estimator_3 - 12_folds.train_0.predict)=42.34%
[ 2020-05-27 07:35:54,143][kfold_wrapper.log_eval_metrics] Accuracy(layer_1 - estimator_3 - 12_folds.train_1.predict)=42.70%
[ 2020-05-27 07:35:54,233][kfold_wrapper.log_eval_metrics] Accuracy(layer_1 - estimator_3 - 12_folds.train_2.predict)=43.43%
[ 2020-05-27 07:35:54,323][kfold_wrapper.log_eval_metrics] Accuracy(layer_1 - estimator_3 - 12_folds.train_3.predict)=41.97%
[ 2020-05-27 07:35:54,410][kfold_wrapper.log_eval_metrics] Accuracy(layer_1 - estimator_3 - 12_folds.train_4.predict)=42.34%
[ 2020-05-27 07:35:54,498][kfold_wrapper.log_eval_metrics] Accuracy(layer_1 - estimator_3 - 12_folds.train_5.predict)=42.49%
[ 2020-05-27 07:35:54,624][kfold_wrapper.log_eval_metrics] Accuracy(layer_1 - estimator_3 - 12_folds.train_6.predict)=43.59%
[ 2020-05-27 07:35:54,715][kfold_wrapper.log_eval_metrics] Accuracy(layer_1 - estimator_3 - 12_folds.train_7.predict)=44.32%
[ 2020-05-27 07:35:54,809][kfold_wrapper.log_eval_metrics] Accuracy(layer_1 - estimator_3 - 12_folds.train_8.predict)=40.29%
[ 2020-05-27 07:35:54,898][kfold_wrapper.log_eval_metrics] Accuracy(layer_1 - estimator_3 - 12_folds.train_9.predict)=45.79%
[ 2020-05-27 07:35:54,987][kfold_wrapper.log_eval_metrics] Accuracy(layer_1 - estimator_3 - 12_folds.train_10.predict)=46.52%
[ 2020-05-27 07:35:55,077][kfold_wrapper.log_eval_metrics] Accuracy(layer_1 - estimator_3 - 12_folds.train_11.predict)=39.93%
[ 2020-05-27 07:35:55,079][kfold_wrapper.log_eval_metrics] Accuracy(layer_1 - estimator_3 - 12_folds.train_cv.predict)=42.97%
[ 2020-05-27 07:35:55,079][kfold_wrapper.log_eval_metrics] Accuracy(layer_1 - estimator_3 - 12_folds.test.predict)=46.58%
[ 2020-05-27 07:35:55,080][cascade_classifier.calc_accuracy] Accuracy(layer_1 - train.classifier_average)=42.67%
[ 2020-05-27 07:35:55,081][cascade_classifier.calc_accuracy] Accuracy(layer_1 - test.classifier_average)=42.19%
[ 2020-05-27 07:35:55,082][cascade_classifier.fit_transform] [layer=2] look_indexs=[0], X_cur_train.shape=(3281, 17), X_cur_test.shape=(365, 17)
[ 2020-05-27 07:35:55,128][kfold_wrapper.log_eval_metrics] Accuracy(layer_2 - estimator_0 - 5_folds.train_0.predict)=39.42%
[ 2020-05-27 07:35:55,170][kfold_wrapper.log_eval_metrics] Accuracy(layer_2 - estimator_0 - 5_folds.train_1.predict)=41.31%
[ 2020-05-27 07:35:55,215][kfold_wrapper.log_eval_metrics] Accuracy(layer_2 - estimator_0 - 5_folds.train_2.predict)=43.29%
[ 2020-05-27 07:35:55,260][kfold_wrapper.log_eval_metrics] Accuracy(layer_2 - estimator_0 - 5_folds.train_3.predict)=40.70%
[ 2020-05-27 07:35:55,304][kfold_wrapper.log_eval_metrics] Accuracy(layer_2 - estimator_0 - 5_folds.train_4.predict)=38.41%
[ 2020-05-27 07:35:55,307][kfold_wrapper.log_eval_metrics] Accuracy(layer_2 - estimator_0 - 5_folds.train_cv.predict)=40.63%
[ 2020-05-27 07:35:55,308][kfold_wrapper.log_eval_metrics] Accuracy(layer_2 - estimator_0 - 5_folds.test.predict)=42.74%
[ 2020-05-27 07:35:55,529][kfold_wrapper.log_eval_metrics] Accuracy(layer_2 - estimator_1 - 12_folds.train_0.predict)=36.86%
[ 2020-05-27 07:35:55,882][kfold_wrapper.log_eval_metrics] Accuracy(layer_2 - estimator_1 - 12_folds.train_1.predict)=35.40%
[ 2020-05-27 07:35:56,234][kfold_wrapper.log_eval_metrics] Accuracy(layer_2 - estimator_1 - 12_folds.train_2.predict)=38.32%
[ 2020-05-27 07:35:56,583][kfold_wrapper.log_eval_metrics] Accuracy(layer_2 - estimator_1 - 12_folds.train_3.predict)=36.50%
[ 2020-05-27 07:35:56,928][kfold_wrapper.log_eval_metrics] Accuracy(layer_2 - estimator_1 - 12_folds.train_4.predict)=33.58%
[ 2020-05-27 07:35:57,286][kfold_wrapper.log_eval_metrics] Accuracy(layer_2 - estimator_1 - 12_folds.train_5.predict)=39.19%
[ 2020-05-27 07:35:57,645][kfold_wrapper.log_eval_metrics] Accuracy(layer_2 - estimator_1 - 12_folds.train_6.predict)=39.19%
[ 2020-05-27 07:35:58,004][kfold_wrapper.log_eval_metrics] Accuracy(layer_2 - estimator_1 - 12_folds.train_7.predict)=37.36%
[ 2020-05-27 07:35:58,364][kfold_wrapper.log_eval_metrics] Accuracy(layer_2 - estimator_1 - 12_folds.train_8.predict)=34.07%
[ 2020-05-27 07:35:58,723][kfold_wrapper.log_eval_metrics] Accuracy(layer_2 - estimator_1 - 12_folds.train_9.predict)=41.03%
[ 2020-05-27 07:35:59,082][kfold_wrapper.log_eval_metrics] Accuracy(layer_2 - estimator_1 - 12_folds.train_10.predict)=39.56%
[ 2020-05-27 07:35:59,444][kfold_wrapper.log_eval_metrics] Accuracy(layer_2 - estimator_1 - 12_folds.train_11.predict)=36.26%
[ 2020-05-27 07:35:59,563][kfold_wrapper.log_eval_metrics] Accuracy(layer_2 - estimator_1 - 12_folds.train_cv.predict)=37.28%
[ 2020-05-27 07:35:59,566][kfold_wrapper.log_eval_metrics] Accuracy(layer_2 - estimator_1 - 12_folds.test.predict)=38.63%
[ 2020-05-27 07:35:59,817][kfold_wrapper.log_eval_metrics] Accuracy(layer_2 - estimator_2 - 12_folds.train_0.predict)=41.97%
[ 2020-05-27 07:36:00,165][kfold_wrapper.log_eval_metrics] Accuracy(layer_2 - estimator_2 - 12_folds.train_1.predict)=39.05%
[ 2020-05-27 07:36:00,511][kfold_wrapper.log_eval_metrics] Accuracy(layer_2 - estimator_2 - 12_folds.train_2.predict)=38.69%
[ 2020-05-27 07:36:00,873][kfold_wrapper.log_eval_metrics] Accuracy(layer_2 - estimator_2 - 12_folds.train_3.predict)=41.24%
[ 2020-05-27 07:36:01,228][kfold_wrapper.log_eval_metrics] Accuracy(layer_2 - estimator_2 - 12_folds.train_4.predict)=37.23%
[ 2020-05-27 07:36:01,575][kfold_wrapper.log_eval_metrics] Accuracy(layer_2 - estimator_2 - 12_folds.train_5.predict)=35.53%
[ 2020-05-27 07:36:01,933][kfold_wrapper.log_eval_metrics] Accuracy(layer_2 - estimator_2 - 12_folds.train_6.predict)=39.19%
[ 2020-05-27 07:36:02,284][kfold_wrapper.log_eval_metrics] Accuracy(layer_2 - estimator_2 - 12_folds.train_7.predict)=40.66%
[ 2020-05-27 07:36:02,647][kfold_wrapper.log_eval_metrics] Accuracy(layer_2 - estimator_2 - 12_folds.train_8.predict)=37.73%
[ 2020-05-27 07:36:03,008][kfold_wrapper.log_eval_metrics] Accuracy(layer_2 - estimator_2 - 12_folds.train_9.predict)=37.73%
[ 2020-05-27 07:36:03,351][kfold_wrapper.log_eval_metrics] Accuracy(layer_2 - estimator_2 - 12_folds.train_10.predict)=38.83%
[ 2020-05-27 07:36:03,708][kfold_wrapper.log_eval_metrics] Accuracy(layer_2 - estimator_2 - 12_folds.train_11.predict)=43.59%
[ 2020-05-27 07:36:03,821][kfold_wrapper.log_eval_metrics] Accuracy(layer_2 - estimator_2 - 12_folds.train_cv.predict)=39.29%
[ 2020-05-27 07:36:03,824][kfold_wrapper.log_eval_metrics] Accuracy(layer_2 - estimator_2 - 12_folds.test.predict)=38.63%
[ 2020-05-27 07:36:03,970][kfold_wrapper.log_eval_metrics] Accuracy(layer_2 - estimator_3 - 12_folds.train_0.predict)=43.07%
[ 2020-05-27 07:36:04,081][kfold_wrapper.log_eval_metrics] Accuracy(layer_2 - estimator_3 - 12_folds.train_1.predict)=40.88%
[ 2020-05-27 07:36:04,189][kfold_wrapper.log_eval_metrics] Accuracy(layer_2 - estimator_3 - 12_folds.train_2.predict)=45.62%
[ 2020-05-27 07:36:04,295][kfold_wrapper.log_eval_metrics] Accuracy(layer_2 - estimator_3 - 12_folds.train_3.predict)=43.07%
[ 2020-05-27 07:36:04,403][kfold_wrapper.log_eval_metrics] Accuracy(layer_2 - estimator_3 - 12_folds.train_4.predict)=42.34%
[ 2020-05-27 07:36:04,512][kfold_wrapper.log_eval_metrics] Accuracy(layer_2 - estimator_3 - 12_folds.train_5.predict)=40.66%
[ 2020-05-27 07:36:04,619][kfold_wrapper.log_eval_metrics] Accuracy(layer_2 - estimator_3 - 12_folds.train_6.predict)=43.59%
[ 2020-05-27 07:36:04,726][kfold_wrapper.log_eval_metrics] Accuracy(layer_2 - estimator_3 - 12_folds.train_7.predict)=42.86%
[ 2020-05-27 07:36:04,834][kfold_wrapper.log_eval_metrics] Accuracy(layer_2 - estimator_3 - 12_folds.train_8.predict)=41.39%
[ 2020-05-27 07:36:04,939][kfold_wrapper.log_eval_metrics] Accuracy(layer_2 - estimator_3 - 12_folds.train_9.predict)=45.42%
[ 2020-05-27 07:36:05,042][kfold_wrapper.log_eval_metrics] Accuracy(layer_2 - estimator_3 - 12_folds.train_10.predict)=40.66%
[ 2020-05-27 07:36:05,150][kfold_wrapper.log_eval_metrics] Accuracy(layer_2 - estimator_3 - 12_folds.train_11.predict)=37.73%
[ 2020-05-27 07:36:05,152][kfold_wrapper.log_eval_metrics] Accuracy(layer_2 - estimator_3 - 12_folds.train_cv.predict)=42.27%
[ 2020-05-27 07:36:05,153][kfold_wrapper.log_eval_metrics] Accuracy(layer_2 - estimator_3 - 12_folds.test.predict)=44.11%
[ 2020-05-27 07:36:05,154][cascade_classifier.calc_accuracy] Accuracy(layer_2 - train.classifier_average)=40.02%
[ 2020-05-27 07:36:05,154][cascade_classifier.calc_accuracy] Accuracy(layer_2 - test.classifier_average)=40.00%
[ 2020-05-27 07:36:05,155][cascade_classifier.fit_transform] [layer=3] look_indexs=[0], X_cur_train.shape=(3281, 17), X_cur_test.shape=(365, 17)
[ 2020-05-27 07:36:05,202][kfold_wrapper.log_eval_metrics] Accuracy(layer_3 - estimator_0 - 5_folds.train_0.predict)=39.88%
[ 2020-05-27 07:36:05,248][kfold_wrapper.log_eval_metrics] Accuracy(layer_3 - estimator_0 - 5_folds.train_1.predict)=41.77%
[ 2020-05-27 07:36:05,294][kfold_wrapper.log_eval_metrics] Accuracy(layer_3 - estimator_0 - 5_folds.train_2.predict)=41.01%
[ 2020-05-27 07:36:05,341][kfold_wrapper.log_eval_metrics] Accuracy(layer_3 - estimator_0 - 5_folds.train_3.predict)=39.48%
[ 2020-05-27 07:36:05,385][kfold_wrapper.log_eval_metrics] Accuracy(layer_3 - estimator_0 - 5_folds.train_4.predict)=41.62%
[ 2020-05-27 07:36:05,388][kfold_wrapper.log_eval_metrics] Accuracy(layer_3 - estimator_0 - 5_folds.train_cv.predict)=40.75%
[ 2020-05-27 07:36:05,389][kfold_wrapper.log_eval_metrics] Accuracy(layer_3 - estimator_0 - 5_folds.test.predict)=44.11%
[ 2020-05-27 07:36:05,610][kfold_wrapper.log_eval_metrics] Accuracy(layer_3 - estimator_1 - 12_folds.train_0.predict)=39.05%
[ 2020-05-27 07:36:05,966][kfold_wrapper.log_eval_metrics] Accuracy(layer_3 - estimator_1 - 12_folds.train_1.predict)=35.77%
[ 2020-05-27 07:36:06,308][kfold_wrapper.log_eval_metrics] Accuracy(layer_3 - estimator_1 - 12_folds.train_2.predict)=40.15%
[ 2020-05-27 07:36:06,646][kfold_wrapper.log_eval_metrics] Accuracy(layer_3 - estimator_1 - 12_folds.train_3.predict)=37.96%
[ 2020-05-27 07:36:06,996][kfold_wrapper.log_eval_metrics] Accuracy(layer_3 - estimator_1 - 12_folds.train_4.predict)=38.32%
[ 2020-05-27 07:36:07,337][kfold_wrapper.log_eval_metrics] Accuracy(layer_3 - estimator_1 - 12_folds.train_5.predict)=40.66%
[ 2020-05-27 07:36:07,687][kfold_wrapper.log_eval_metrics] Accuracy(layer_3 - estimator_1 - 12_folds.train_6.predict)=30.77%
[ 2020-05-27 07:36:08,042][kfold_wrapper.log_eval_metrics] Accuracy(layer_3 - estimator_1 - 12_folds.train_7.predict)=33.70%
[ 2020-05-27 07:36:08,382][kfold_wrapper.log_eval_metrics] Accuracy(layer_3 - estimator_1 - 12_folds.train_8.predict)=42.49%
[ 2020-05-27 07:36:08,743][kfold_wrapper.log_eval_metrics] Accuracy(layer_3 - estimator_1 - 12_folds.train_9.predict)=39.93%
[ 2020-05-27 07:36:09,092][kfold_wrapper.log_eval_metrics] Accuracy(layer_3 - estimator_1 - 12_folds.train_10.predict)=41.76%
[ 2020-05-27 07:36:09,434][kfold_wrapper.log_eval_metrics] Accuracy(layer_3 - estimator_1 - 12_folds.train_11.predict)=41.03%
[ 2020-05-27 07:36:09,554][kfold_wrapper.log_eval_metrics] Accuracy(layer_3 - estimator_1 - 12_folds.train_cv.predict)=38.46%
[ 2020-05-27 07:36:09,557][kfold_wrapper.log_eval_metrics] Accuracy(layer_3 - estimator_1 - 12_folds.test.predict)=41.37%
[ 2020-05-27 07:36:09,809][kfold_wrapper.log_eval_metrics] Accuracy(layer_3 - estimator_2 - 12_folds.train_0.predict)=36.50%
[ 2020-05-27 07:36:10,157][kfold_wrapper.log_eval_metrics] Accuracy(layer_3 - estimator_2 - 12_folds.train_1.predict)=40.88%
[ 2020-05-27 07:36:10,516][kfold_wrapper.log_eval_metrics] Accuracy(layer_3 - estimator_2 - 12_folds.train_2.predict)=32.12%
[ 2020-05-27 07:36:10,875][kfold_wrapper.log_eval_metrics] Accuracy(layer_3 - estimator_2 - 12_folds.train_3.predict)=39.78%
[ 2020-05-27 07:36:11,227][kfold_wrapper.log_eval_metrics] Accuracy(layer_3 - estimator_2 - 12_folds.train_4.predict)=41.24%
[ 2020-05-27 07:36:11,592][kfold_wrapper.log_eval_metrics] Accuracy(layer_3 - estimator_2 - 12_folds.train_5.predict)=35.90%
[ 2020-05-27 07:36:11,953][kfold_wrapper.log_eval_metrics] Accuracy(layer_3 - estimator_2 - 12_folds.train_6.predict)=39.56%
[ 2020-05-27 07:36:12,307][kfold_wrapper.log_eval_metrics] Accuracy(layer_3 - estimator_2 - 12_folds.train_7.predict)=38.46%
[ 2020-05-27 07:36:12,650][kfold_wrapper.log_eval_metrics] Accuracy(layer_3 - estimator_2 - 12_folds.train_8.predict)=40.29%
[ 2020-05-27 07:36:13,009][kfold_wrapper.log_eval_metrics] Accuracy(layer_3 - estimator_2 - 12_folds.train_9.predict)=39.56%
[ 2020-05-27 07:36:13,370][kfold_wrapper.log_eval_metrics] Accuracy(layer_3 - estimator_2 - 12_folds.train_10.predict)=39.93%
[ 2020-05-27 07:36:13,723][kfold_wrapper.log_eval_metrics] Accuracy(layer_3 - estimator_2 - 12_folds.train_11.predict)=38.83%
[ 2020-05-27 07:36:13,834][kfold_wrapper.log_eval_metrics] Accuracy(layer_3 - estimator_2 - 12_folds.train_cv.predict)=38.59%
[ 2020-05-27 07:36:13,838][kfold_wrapper.log_eval_metrics] Accuracy(layer_3 - estimator_2 - 12_folds.test.predict)=43.84%
[ 2020-05-27 07:36:14,011][kfold_wrapper.log_eval_metrics] Accuracy(layer_3 - estimator_3 - 12_folds.train_0.predict)=41.97%
[ 2020-05-27 07:36:14,146][kfold_wrapper.log_eval_metrics] Accuracy(layer_3 - estimator_3 - 12_folds.train_1.predict)=44.53%
[ 2020-05-27 07:36:14,278][kfold_wrapper.log_eval_metrics] Accuracy(layer_3 - estimator_3 - 12_folds.train_2.predict)=46.35%
[ 2020-05-27 07:36:14,413][kfold_wrapper.log_eval_metrics] Accuracy(layer_3 - estimator_3 - 12_folds.train_3.predict)=41.24%
[ 2020-05-27 07:36:14,545][kfold_wrapper.log_eval_metrics] Accuracy(layer_3 - estimator_3 - 12_folds.train_4.predict)=36.86%
[ 2020-05-27 07:36:14,680][kfold_wrapper.log_eval_metrics] Accuracy(layer_3 - estimator_3 - 12_folds.train_5.predict)=36.63%
[ 2020-05-27 07:36:14,810][kfold_wrapper.log_eval_metrics] Accuracy(layer_3 - estimator_3 - 12_folds.train_6.predict)=43.59%
[ 2020-05-27 07:36:14,942][kfold_wrapper.log_eval_metrics] Accuracy(layer_3 - estimator_3 - 12_folds.train_7.predict)=43.22%
[ 2020-05-27 07:36:15,076][kfold_wrapper.log_eval_metrics] Accuracy(layer_3 - estimator_3 - 12_folds.train_8.predict)=45.42%
[ 2020-05-27 07:36:15,211][kfold_wrapper.log_eval_metrics] Accuracy(layer_3 - estimator_3 - 12_folds.train_9.predict)=44.32%
[ 2020-05-27 07:36:15,338][kfold_wrapper.log_eval_metrics] Accuracy(layer_3 - estimator_3 - 12_folds.train_10.predict)=41.39%
[ 2020-05-27 07:36:15,469][kfold_wrapper.log_eval_metrics] Accuracy(layer_3 - estimator_3 - 12_folds.train_11.predict)=49.08%
[ 2020-05-27 07:36:15,470][kfold_wrapper.log_eval_metrics] Accuracy(layer_3 - estimator_3 - 12_folds.train_cv.predict)=42.88%
[ 2020-05-27 07:36:15,471][kfold_wrapper.log_eval_metrics] Accuracy(layer_3 - estimator_3 - 12_folds.test.predict)=43.84%
[ 2020-05-27 07:36:15,472][cascade_classifier.calc_accuracy] Accuracy(layer_3 - train.classifier_average)=41.24%
[ 2020-05-27 07:36:15,473][cascade_classifier.calc_accuracy] Accuracy(layer_3 - test.classifier_average)=43.01%
[ 2020-05-27 07:36:15,474][cascade_classifier.fit_transform] [layer=4] look_indexs=[0], X_cur_train.shape=(3281, 17), X_cur_test.shape=(365, 17)
[ 2020-05-27 07:36:15,522][kfold_wrapper.log_eval_metrics] Accuracy(layer_4 - estimator_0 - 5_folds.train_0.predict)=43.99%
[ 2020-05-27 07:36:15,569][kfold_wrapper.log_eval_metrics] Accuracy(layer_4 - estimator_0 - 5_folds.train_1.predict)=40.55%
[ 2020-05-27 07:36:15,615][kfold_wrapper.log_eval_metrics] Accuracy(layer_4 - estimator_0 - 5_folds.train_2.predict)=40.70%
[ 2020-05-27 07:36:15,661][kfold_wrapper.log_eval_metrics] Accuracy(layer_4 - estimator_0 - 5_folds.train_3.predict)=42.23%
[ 2020-05-27 07:36:15,707][kfold_wrapper.log_eval_metrics] Accuracy(layer_4 - estimator_0 - 5_folds.train_4.predict)=41.16%
[ 2020-05-27 07:36:15,711][kfold_wrapper.log_eval_metrics] Accuracy(layer_4 - estimator_0 - 5_folds.train_cv.predict)=41.73%
[ 2020-05-27 07:36:15,712][kfold_wrapper.log_eval_metrics] Accuracy(layer_4 - estimator_0 - 5_folds.test.predict)=43.29%
[ 2020-05-27 07:36:15,933][kfold_wrapper.log_eval_metrics] Accuracy(layer_4 - estimator_1 - 12_folds.train_0.predict)=40.51%
[ 2020-05-27 07:36:16,277][kfold_wrapper.log_eval_metrics] Accuracy(layer_4 - estimator_1 - 12_folds.train_1.predict)=42.70%
[ 2020-05-27 07:36:16,630][kfold_wrapper.log_eval_metrics] Accuracy(layer_4 - estimator_1 - 12_folds.train_2.predict)=39.78%
[ 2020-05-27 07:36:16,982][kfold_wrapper.log_eval_metrics] Accuracy(layer_4 - estimator_1 - 12_folds.train_3.predict)=37.23%
[ 2020-05-27 07:36:17,328][kfold_wrapper.log_eval_metrics] Accuracy(layer_4 - estimator_1 - 12_folds.train_4.predict)=38.69%
[ 2020-05-27 07:36:17,680][kfold_wrapper.log_eval_metrics] Accuracy(layer_4 - estimator_1 - 12_folds.train_5.predict)=41.03%
[ 2020-05-27 07:36:18,042][kfold_wrapper.log_eval_metrics] Accuracy(layer_4 - estimator_1 - 12_folds.train_6.predict)=37.73%
[ 2020-05-27 07:36:18,382][kfold_wrapper.log_eval_metrics] Accuracy(layer_4 - estimator_1 - 12_folds.train_7.predict)=38.10%
[ 2020-05-27 07:36:18,733][kfold_wrapper.log_eval_metrics] Accuracy(layer_4 - estimator_1 - 12_folds.train_8.predict)=35.90%
[ 2020-05-27 07:36:19,085][kfold_wrapper.log_eval_metrics] Accuracy(layer_4 - estimator_1 - 12_folds.train_9.predict)=40.29%
[ 2020-05-27 07:36:19,432][kfold_wrapper.log_eval_metrics] Accuracy(layer_4 - estimator_1 - 12_folds.train_10.predict)=36.63%
[ 2020-05-27 07:36:19,779][kfold_wrapper.log_eval_metrics] Accuracy(layer_4 - estimator_1 - 12_folds.train_11.predict)=41.03%
[ 2020-05-27 07:36:19,900][kfold_wrapper.log_eval_metrics] Accuracy(layer_4 - estimator_1 - 12_folds.train_cv.predict)=39.13%
[ 2020-05-27 07:36:19,904][kfold_wrapper.log_eval_metrics] Accuracy(layer_4 - estimator_1 - 12_folds.test.predict)=40.00%
[ 2020-05-27 07:36:20,158][kfold_wrapper.log_eval_metrics] Accuracy(layer_4 - estimator_2 - 12_folds.train_0.predict)=35.77%
[ 2020-05-27 07:36:20,519][kfold_wrapper.log_eval_metrics] Accuracy(layer_4 - estimator_2 - 12_folds.train_1.predict)=40.51%
[ 2020-05-27 07:36:20,886][kfold_wrapper.log_eval_metrics] Accuracy(layer_4 - estimator_2 - 12_folds.train_2.predict)=42.70%
[ 2020-05-27 07:36:21,250][kfold_wrapper.log_eval_metrics] Accuracy(layer_4 - estimator_2 - 12_folds.train_3.predict)=37.96%
[ 2020-05-27 07:36:21,608][kfold_wrapper.log_eval_metrics] Accuracy(layer_4 - estimator_2 - 12_folds.train_4.predict)=36.86%
[ 2020-05-27 07:36:21,974][kfold_wrapper.log_eval_metrics] Accuracy(layer_4 - estimator_2 - 12_folds.train_5.predict)=35.53%
[ 2020-05-27 07:36:22,322][kfold_wrapper.log_eval_metrics] Accuracy(layer_4 - estimator_2 - 12_folds.train_6.predict)=39.93%
[ 2020-05-27 07:36:22,690][kfold_wrapper.log_eval_metrics] Accuracy(layer_4 - estimator_2 - 12_folds.train_7.predict)=35.53%
[ 2020-05-27 07:36:23,054][kfold_wrapper.log_eval_metrics] Accuracy(layer_4 - estimator_2 - 12_folds.train_8.predict)=38.10%
[ 2020-05-27 07:36:23,411][kfold_wrapper.log_eval_metrics] Accuracy(layer_4 - estimator_2 - 12_folds.train_9.predict)=41.76%
[ 2020-05-27 07:36:23,758][kfold_wrapper.log_eval_metrics] Accuracy(layer_4 - estimator_2 - 12_folds.train_10.predict)=43.22%
[ 2020-05-27 07:36:24,121][kfold_wrapper.log_eval_metrics] Accuracy(layer_4 - estimator_2 - 12_folds.train_11.predict)=39.93%
[ 2020-05-27 07:36:24,238][kfold_wrapper.log_eval_metrics] Accuracy(layer_4 - estimator_2 - 12_folds.train_cv.predict)=38.98%
[ 2020-05-27 07:36:24,240][kfold_wrapper.log_eval_metrics] Accuracy(layer_4 - estimator_2 - 12_folds.test.predict)=36.99%
[ 2020-05-27 07:36:24,444][kfold_wrapper.log_eval_metrics] Accuracy(layer_4 - estimator_3 - 12_folds.train_0.predict)=44.16%
[ 2020-05-27 07:36:24,614][kfold_wrapper.log_eval_metrics] Accuracy(layer_4 - estimator_3 - 12_folds.train_1.predict)=35.40%
[ 2020-05-27 07:36:24,792][kfold_wrapper.log_eval_metrics] Accuracy(layer_4 - estimator_3 - 12_folds.train_2.predict)=41.61%
[ 2020-05-27 07:36:24,972][kfold_wrapper.log_eval_metrics] Accuracy(layer_4 - estimator_3 - 12_folds.train_3.predict)=45.62%
[ 2020-05-27 07:36:25,150][kfold_wrapper.log_eval_metrics] Accuracy(layer_4 - estimator_3 - 12_folds.train_4.predict)=45.62%
[ 2020-05-27 07:36:25,321][kfold_wrapper.log_eval_metrics] Accuracy(layer_4 - estimator_3 - 12_folds.train_5.predict)=42.12%
[ 2020-05-27 07:36:25,493][kfold_wrapper.log_eval_metrics] Accuracy(layer_4 - estimator_3 - 12_folds.train_6.predict)=39.93%
[ 2020-05-27 07:36:25,669][kfold_wrapper.log_eval_metrics] Accuracy(layer_4 - estimator_3 - 12_folds.train_7.predict)=42.86%
[ 2020-05-27 07:36:25,878][kfold_wrapper.log_eval_metrics] Accuracy(layer_4 - estimator_3 - 12_folds.train_8.predict)=40.29%
[ 2020-05-27 07:36:26,049][kfold_wrapper.log_eval_metrics] Accuracy(layer_4 - estimator_3 - 12_folds.train_9.predict)=44.32%
[ 2020-05-27 07:36:26,219][kfold_wrapper.log_eval_metrics] Accuracy(layer_4 - estimator_3 - 12_folds.train_10.predict)=42.12%
[ 2020-05-27 07:36:26,394][kfold_wrapper.log_eval_metrics] Accuracy(layer_4 - estimator_3 - 12_folds.train_11.predict)=43.96%
[ 2020-05-27 07:36:26,396][kfold_wrapper.log_eval_metrics] Accuracy(layer_4 - estimator_3 - 12_folds.train_cv.predict)=42.33%
[ 2020-05-27 07:36:26,396][kfold_wrapper.log_eval_metrics] Accuracy(layer_4 - estimator_3 - 12_folds.test.predict)=43.84%
[ 2020-05-27 07:36:26,397][cascade_classifier.calc_accuracy] Accuracy(layer_4 - train.classifier_average)=41.63%
[ 2020-05-27 07:36:26,398][cascade_classifier.calc_accuracy] Accuracy(layer_4 - test.classifier_average)=43.01%
[ 2020-05-27 07:36:26,399][cascade_classifier.fit_transform] [layer=5] look_indexs=[0], X_cur_train.shape=(3281, 17), X_cur_test.shape=(365, 17)
[ 2020-05-27 07:36:26,449][kfold_wrapper.log_eval_metrics] Accuracy(layer_5 - estimator_0 - 5_folds.train_0.predict)=39.88%
[ 2020-05-27 07:36:26,497][kfold_wrapper.log_eval_metrics] Accuracy(layer_5 - estimator_0 - 5_folds.train_1.predict)=41.16%
[ 2020-05-27 07:36:26,544][kfold_wrapper.log_eval_metrics] Accuracy(layer_5 - estimator_0 - 5_folds.train_2.predict)=42.84%
[ 2020-05-27 07:36:26,592][kfold_wrapper.log_eval_metrics] Accuracy(layer_5 - estimator_0 - 5_folds.train_3.predict)=37.80%
[ 2020-05-27 07:36:26,639][kfold_wrapper.log_eval_metrics] Accuracy(layer_5 - estimator_0 - 5_folds.train_4.predict)=41.31%
[ 2020-05-27 07:36:26,643][kfold_wrapper.log_eval_metrics] Accuracy(layer_5 - estimator_0 - 5_folds.train_cv.predict)=40.60%
[ 2020-05-27 07:36:26,645][kfold_wrapper.log_eval_metrics] Accuracy(layer_5 - estimator_0 - 5_folds.test.predict)=39.73%
[ 2020-05-27 07:36:26,868][kfold_wrapper.log_eval_metrics] Accuracy(layer_5 - estimator_1 - 12_folds.train_0.predict)=36.50%
[ 2020-05-27 07:36:27,219][kfold_wrapper.log_eval_metrics] Accuracy(layer_5 - estimator_1 - 12_folds.train_1.predict)=34.31%
[ 2020-05-27 07:36:27,573][kfold_wrapper.log_eval_metrics] Accuracy(layer_5 - estimator_1 - 12_folds.train_2.predict)=35.77%
[ 2020-05-27 07:36:27,933][kfold_wrapper.log_eval_metrics] Accuracy(layer_5 - estimator_1 - 12_folds.train_3.predict)=37.96%
[ 2020-05-27 07:36:28,300][kfold_wrapper.log_eval_metrics] Accuracy(layer_5 - estimator_1 - 12_folds.train_4.predict)=41.24%
[ 2020-05-27 07:36:28,662][kfold_wrapper.log_eval_metrics] Accuracy(layer_5 - estimator_1 - 12_folds.train_5.predict)=40.66%
[ 2020-05-27 07:36:29,017][kfold_wrapper.log_eval_metrics] Accuracy(layer_5 - estimator_1 - 12_folds.train_6.predict)=40.29%
[ 2020-05-27 07:36:29,372][kfold_wrapper.log_eval_metrics] Accuracy(layer_5 - estimator_1 - 12_folds.train_7.predict)=43.22%
[ 2020-05-27 07:36:29,716][kfold_wrapper.log_eval_metrics] Accuracy(layer_5 - estimator_1 - 12_folds.train_8.predict)=37.36%
[ 2020-05-27 07:36:30,072][kfold_wrapper.log_eval_metrics] Accuracy(layer_5 - estimator_1 - 12_folds.train_9.predict)=40.29%
[ 2020-05-27 07:36:30,428][kfold_wrapper.log_eval_metrics] Accuracy(layer_5 - estimator_1 - 12_folds.train_10.predict)=38.46%
[ 2020-05-27 07:36:30,783][kfold_wrapper.log_eval_metrics] Accuracy(layer_5 - estimator_1 - 12_folds.train_11.predict)=39.19%
[ 2020-05-27 07:36:30,907][kfold_wrapper.log_eval_metrics] Accuracy(layer_5 - estimator_1 - 12_folds.train_cv.predict)=38.77%
[ 2020-05-27 07:36:30,909][kfold_wrapper.log_eval_metrics] Accuracy(layer_5 - estimator_1 - 12_folds.test.predict)=41.10%
[ 2020-05-27 07:36:31,146][kfold_wrapper.log_eval_metrics] Accuracy(layer_5 - estimator_2 - 12_folds.train_0.predict)=41.61%
[ 2020-05-27 07:36:31,493][kfold_wrapper.log_eval_metrics] Accuracy(layer_5 - estimator_2 - 12_folds.train_1.predict)=40.51%
[ 2020-05-27 07:36:31,850][kfold_wrapper.log_eval_metrics] Accuracy(layer_5 - estimator_2 - 12_folds.train_2.predict)=38.32%
[ 2020-05-27 07:36:32,204][kfold_wrapper.log_eval_metrics] Accuracy(layer_5 - estimator_2 - 12_folds.train_3.predict)=39.42%
[ 2020-05-27 07:36:32,560][kfold_wrapper.log_eval_metrics] Accuracy(layer_5 - estimator_2 - 12_folds.train_4.predict)=36.86%
[ 2020-05-27 07:36:32,920][kfold_wrapper.log_eval_metrics] Accuracy(layer_5 - estimator_2 - 12_folds.train_5.predict)=41.39%
[ 2020-05-27 07:36:33,276][kfold_wrapper.log_eval_metrics] Accuracy(layer_5 - estimator_2 - 12_folds.train_6.predict)=43.59%
[ 2020-05-27 07:36:33,628][kfold_wrapper.log_eval_metrics] Accuracy(layer_5 - estimator_2 - 12_folds.train_7.predict)=38.46%
[ 2020-05-27 07:36:33,994][kfold_wrapper.log_eval_metrics] Accuracy(layer_5 - estimator_2 - 12_folds.train_8.predict)=35.53%
[ 2020-05-27 07:36:34,337][kfold_wrapper.log_eval_metrics] Accuracy(layer_5 - estimator_2 - 12_folds.train_9.predict)=41.03%
[ 2020-05-27 07:36:34,700][kfold_wrapper.log_eval_metrics] Accuracy(layer_5 - estimator_2 - 12_folds.train_10.predict)=38.83%
[ 2020-05-27 07:36:35,063][kfold_wrapper.log_eval_metrics] Accuracy(layer_5 - estimator_2 - 12_folds.train_11.predict)=39.56%
[ 2020-05-27 07:36:35,188][kfold_wrapper.log_eval_metrics] Accuracy(layer_5 - estimator_2 - 12_folds.train_cv.predict)=39.59%
[ 2020-05-27 07:36:35,190][kfold_wrapper.log_eval_metrics] Accuracy(layer_5 - estimator_2 - 12_folds.test.predict)=41.10%
[ 2020-05-27 07:36:35,460][kfold_wrapper.log_eval_metrics] Accuracy(layer_5 - estimator_3 - 12_folds.train_0.predict)=43.07%
[ 2020-05-27 07:36:35,679][kfold_wrapper.log_eval_metrics] Accuracy(layer_5 - estimator_3 - 12_folds.train_1.predict)=42.34%
[ 2020-05-27 07:36:35,908][kfold_wrapper.log_eval_metrics] Accuracy(layer_5 - estimator_3 - 12_folds.train_2.predict)=43.80%
[ 2020-05-27 07:36:36,143][kfold_wrapper.log_eval_metrics] Accuracy(layer_5 - estimator_3 - 12_folds.train_3.predict)=43.80%
[ 2020-05-27 07:36:36,366][kfold_wrapper.log_eval_metrics] Accuracy(layer_5 - estimator_3 - 12_folds.train_4.predict)=39.05%
[ 2020-05-27 07:36:36,604][kfold_wrapper.log_eval_metrics] Accuracy(layer_5 - estimator_3 - 12_folds.train_5.predict)=42.49%
[ 2020-05-27 07:36:36,824][kfold_wrapper.log_eval_metrics] Accuracy(layer_5 - estimator_3 - 12_folds.train_6.predict)=43.22%
[ 2020-05-27 07:36:37,050][kfold_wrapper.log_eval_metrics] Accuracy(layer_5 - estimator_3 - 12_folds.train_7.predict)=40.66%
[ 2020-05-27 07:36:37,278][kfold_wrapper.log_eval_metrics] Accuracy(layer_5 - estimator_3 - 12_folds.train_8.predict)=41.76%
[ 2020-05-27 07:36:37,499][kfold_wrapper.log_eval_metrics] Accuracy(layer_5 - estimator_3 - 12_folds.train_9.predict)=44.69%
[ 2020-05-27 07:36:37,725][kfold_wrapper.log_eval_metrics] Accuracy(layer_5 - estimator_3 - 12_folds.train_10.predict)=40.66%
[ 2020-05-27 07:36:37,952][kfold_wrapper.log_eval_metrics] Accuracy(layer_5 - estimator_3 - 12_folds.train_11.predict)=42.49%
[ 2020-05-27 07:36:37,954][kfold_wrapper.log_eval_metrics] Accuracy(layer_5 - estimator_3 - 12_folds.train_cv.predict)=42.33%
[ 2020-05-27 07:36:37,955][kfold_wrapper.log_eval_metrics] Accuracy(layer_5 - estimator_3 - 12_folds.test.predict)=43.84%
[ 2020-05-27 07:36:37,956][cascade_classifier.calc_accuracy] Accuracy(layer_5 - train.classifier_average)=40.81%
[ 2020-05-27 07:36:37,958][cascade_classifier.calc_accuracy] Accuracy(layer_5 - test.classifier_average)=42.47%
[ 2020-05-27 07:36:37,959][cascade_classifier.fit_transform] [Result][Optimal Level Detected] opt_layer_num=2, accuracy_train=42.67%, accuracy_test=42.19%
[ 2020-05-27 07:36:38,042][cascade_classifier.transform] X_groups_test.shape=[(94, 5)]
[ 2020-05-27 07:36:38,042][cascade_classifier.transform] group_dims=[5]
[ 2020-05-27 07:36:38,043][cascade_classifier.transform] X_test.shape=(94, 5)
[ 2020-05-27 07:36:38,044][cascade_classifier.transform] [layer=0] look_indexs=[0], X_cur_test.shape=(94, 5)
[ 2020-05-27 07:36:40,697][cascade_classifier.transform] [layer=1] look_indexs=[0], X_cur_test.shape=(94, 17)
