[ 2020-05-21 11:27:52,749][cascade_classifier.fit_transform] X_groups_train.shape=[(2980, 5)],y_train.shape=(2980,),X_groups_test.shape=[(745, 5)],y_test.shape=(745,)
[ 2020-05-21 11:27:52,749][cascade_classifier.fit_transform] group_dims=[5]
[ 2020-05-21 11:27:52,765][cascade_classifier.fit_transform] group_starts=[0]
[ 2020-05-21 11:27:52,765][cascade_classifier.fit_transform] group_ends=[5]
[ 2020-05-21 11:27:52,765][cascade_classifier.fit_transform] X_train.shape=(2980, 5),X_test.shape=(745, 5)
[ 2020-05-21 11:27:52,765][cascade_classifier.fit_transform] [layer=0] look_indexs=[0], X_cur_train.shape=(2980, 5), X_cur_test.shape=(745, 5)
[ 2020-05-21 11:27:53,046][kfold_wrapper.log_eval_metrics] Accuracy(layer_0 - estimator_0 - 12_folds.train_0.predict)=63.05%
[ 2020-05-21 11:27:53,437][kfold_wrapper.log_eval_metrics] Accuracy(layer_0 - estimator_0 - 12_folds.train_1.predict)=56.22%
[ 2020-05-21 11:27:53,827][kfold_wrapper.log_eval_metrics] Accuracy(layer_0 - estimator_0 - 12_folds.train_2.predict)=61.04%
[ 2020-05-21 11:27:54,208][kfold_wrapper.log_eval_metrics] Accuracy(layer_0 - estimator_0 - 12_folds.train_3.predict)=56.22%
[ 2020-05-21 11:27:54,598][kfold_wrapper.log_eval_metrics] Accuracy(layer_0 - estimator_0 - 12_folds.train_4.predict)=56.85%
[ 2020-05-21 11:27:54,973][kfold_wrapper.log_eval_metrics] Accuracy(layer_0 - estimator_0 - 12_folds.train_5.predict)=59.68%
[ 2020-05-21 11:27:55,364][kfold_wrapper.log_eval_metrics] Accuracy(layer_0 - estimator_0 - 12_folds.train_6.predict)=58.47%
[ 2020-05-21 11:27:55,754][kfold_wrapper.log_eval_metrics] Accuracy(layer_0 - estimator_0 - 12_folds.train_7.predict)=55.65%
[ 2020-05-21 11:27:56,145][kfold_wrapper.log_eval_metrics] Accuracy(layer_0 - estimator_0 - 12_folds.train_8.predict)=54.44%
[ 2020-05-21 11:27:56,535][kfold_wrapper.log_eval_metrics] Accuracy(layer_0 - estimator_0 - 12_folds.train_9.predict)=56.85%
[ 2020-05-21 11:27:56,926][kfold_wrapper.log_eval_metrics] Accuracy(layer_0 - estimator_0 - 12_folds.train_10.predict)=57.66%
[ 2020-05-21 11:27:57,317][kfold_wrapper.log_eval_metrics] Accuracy(layer_0 - estimator_0 - 12_folds.train_11.predict)=58.87%
[ 2020-05-21 11:27:57,442][kfold_wrapper.log_eval_metrics] Accuracy(layer_0 - estimator_0 - 12_folds.train_cv.predict)=57.92%
[ 2020-05-21 11:27:57,442][kfold_wrapper.log_eval_metrics] Accuracy(layer_0 - estimator_0 - 12_folds.test.predict)=58.26%
[ 2020-05-21 11:27:57,723][kfold_wrapper.log_eval_metrics] Accuracy(layer_0 - estimator_1 - 12_folds.train_0.predict)=61.85%
[ 2020-05-21 11:27:58,098][kfold_wrapper.log_eval_metrics] Accuracy(layer_0 - estimator_1 - 12_folds.train_1.predict)=57.43%
[ 2020-05-21 11:27:58,488][kfold_wrapper.log_eval_metrics] Accuracy(layer_0 - estimator_1 - 12_folds.train_2.predict)=54.62%
[ 2020-05-21 11:27:58,879][kfold_wrapper.log_eval_metrics] Accuracy(layer_0 - estimator_1 - 12_folds.train_3.predict)=59.44%
[ 2020-05-21 11:27:59,271][kfold_wrapper.log_eval_metrics] Accuracy(layer_0 - estimator_1 - 12_folds.train_4.predict)=54.44%
[ 2020-05-21 11:27:59,662][kfold_wrapper.log_eval_metrics] Accuracy(layer_0 - estimator_1 - 12_folds.train_5.predict)=60.89%
[ 2020-05-21 11:28:00,052][kfold_wrapper.log_eval_metrics] Accuracy(layer_0 - estimator_1 - 12_folds.train_6.predict)=56.05%
[ 2020-05-21 11:28:00,443][kfold_wrapper.log_eval_metrics] Accuracy(layer_0 - estimator_1 - 12_folds.train_7.predict)=60.08%
[ 2020-05-21 11:28:00,834][kfold_wrapper.log_eval_metrics] Accuracy(layer_0 - estimator_1 - 12_folds.train_8.predict)=58.47%
[ 2020-05-21 11:28:01,224][kfold_wrapper.log_eval_metrics] Accuracy(layer_0 - estimator_1 - 12_folds.train_9.predict)=56.05%
[ 2020-05-21 11:28:01,615][kfold_wrapper.log_eval_metrics] Accuracy(layer_0 - estimator_1 - 12_folds.train_10.predict)=60.89%
[ 2020-05-21 11:28:02,005][kfold_wrapper.log_eval_metrics] Accuracy(layer_0 - estimator_1 - 12_folds.train_11.predict)=60.89%
[ 2020-05-21 11:28:02,130][kfold_wrapper.log_eval_metrics] Accuracy(layer_0 - estimator_1 - 12_folds.train_cv.predict)=58.42%
[ 2020-05-21 11:28:02,130][kfold_wrapper.log_eval_metrics] Accuracy(layer_0 - estimator_1 - 12_folds.test.predict)=60.94%
[ 2020-05-21 11:28:02,208][kfold_wrapper.log_eval_metrics] Accuracy(layer_0 - estimator_2 - 12_folds.train_0.predict)=64.26%
[ 2020-05-21 11:28:02,286][kfold_wrapper.log_eval_metrics] Accuracy(layer_0 - estimator_2 - 12_folds.train_1.predict)=64.26%
[ 2020-05-21 11:28:02,349][kfold_wrapper.log_eval_metrics] Accuracy(layer_0 - estimator_2 - 12_folds.train_2.predict)=64.26%
[ 2020-05-21 11:28:02,411][kfold_wrapper.log_eval_metrics] Accuracy(layer_0 - estimator_2 - 12_folds.train_3.predict)=64.26%
[ 2020-05-21 11:28:02,489][kfold_wrapper.log_eval_metrics] Accuracy(layer_0 - estimator_2 - 12_folds.train_4.predict)=64.11%
[ 2020-05-21 11:28:02,552][kfold_wrapper.log_eval_metrics] Accuracy(layer_0 - estimator_2 - 12_folds.train_5.predict)=64.11%
[ 2020-05-21 11:28:02,630][kfold_wrapper.log_eval_metrics] Accuracy(layer_0 - estimator_2 - 12_folds.train_6.predict)=64.11%
[ 2020-05-21 11:28:02,692][kfold_wrapper.log_eval_metrics] Accuracy(layer_0 - estimator_2 - 12_folds.train_7.predict)=64.11%
[ 2020-05-21 11:28:02,755][kfold_wrapper.log_eval_metrics] Accuracy(layer_0 - estimator_2 - 12_folds.train_8.predict)=64.52%
[ 2020-05-21 11:28:02,817][kfold_wrapper.log_eval_metrics] Accuracy(layer_0 - estimator_2 - 12_folds.train_9.predict)=64.52%
[ 2020-05-21 11:28:02,880][kfold_wrapper.log_eval_metrics] Accuracy(layer_0 - estimator_2 - 12_folds.train_10.predict)=64.52%
[ 2020-05-21 11:28:02,927][kfold_wrapper.log_eval_metrics] Accuracy(layer_0 - estimator_2 - 12_folds.train_11.predict)=64.52%
[ 2020-05-21 11:28:02,942][kfold_wrapper.log_eval_metrics] Accuracy(layer_0 - estimator_2 - 12_folds.train_cv.predict)=64.30%
[ 2020-05-21 11:28:02,942][kfold_wrapper.log_eval_metrics] Accuracy(layer_0 - estimator_2 - 12_folds.test.predict)=70.60%
[ 2020-05-21 11:28:02,942][cascade_classifier.calc_accuracy] Accuracy(layer_0 - train.classifier_average)=60.07%
[ 2020-05-21 11:28:02,942][cascade_classifier.calc_accuracy] Accuracy(layer_0 - test.classifier_average)=63.09%
[ 2020-05-21 11:28:02,942][cascade_classifier.fit_transform] [layer=1] look_indexs=[0], X_cur_train.shape=(2980, 11), X_cur_test.shape=(745, 11)
[ 2020-05-21 11:28:03,208][kfold_wrapper.log_eval_metrics] Accuracy(layer_1 - estimator_0 - 12_folds.train_0.predict)=59.44%
[ 2020-05-21 11:28:03,582][kfold_wrapper.log_eval_metrics] Accuracy(layer_1 - estimator_0 - 12_folds.train_1.predict)=55.42%
[ 2020-05-21 11:28:03,973][kfold_wrapper.log_eval_metrics] Accuracy(layer_1 - estimator_0 - 12_folds.train_2.predict)=62.25%
[ 2020-05-21 11:28:04,366][kfold_wrapper.log_eval_metrics] Accuracy(layer_1 - estimator_0 - 12_folds.train_3.predict)=59.44%
[ 2020-05-21 11:28:04,756][kfold_wrapper.log_eval_metrics] Accuracy(layer_1 - estimator_0 - 12_folds.train_4.predict)=60.08%
[ 2020-05-21 11:28:05,147][kfold_wrapper.log_eval_metrics] Accuracy(layer_1 - estimator_0 - 12_folds.train_5.predict)=56.45%
[ 2020-05-21 11:28:05,537][kfold_wrapper.log_eval_metrics] Accuracy(layer_1 - estimator_0 - 12_folds.train_6.predict)=63.31%
[ 2020-05-21 11:28:05,928][kfold_wrapper.log_eval_metrics] Accuracy(layer_1 - estimator_0 - 12_folds.train_7.predict)=57.26%
[ 2020-05-21 11:28:06,319][kfold_wrapper.log_eval_metrics] Accuracy(layer_1 - estimator_0 - 12_folds.train_8.predict)=62.10%
[ 2020-05-21 11:28:06,709][kfold_wrapper.log_eval_metrics] Accuracy(layer_1 - estimator_0 - 12_folds.train_9.predict)=60.08%
[ 2020-05-21 11:28:07,100][kfold_wrapper.log_eval_metrics] Accuracy(layer_1 - estimator_0 - 12_folds.train_10.predict)=58.47%
[ 2020-05-21 11:28:07,490][kfold_wrapper.log_eval_metrics] Accuracy(layer_1 - estimator_0 - 12_folds.train_11.predict)=58.47%
[ 2020-05-21 11:28:07,615][kfold_wrapper.log_eval_metrics] Accuracy(layer_1 - estimator_0 - 12_folds.train_cv.predict)=59.40%
[ 2020-05-21 11:28:07,615][kfold_wrapper.log_eval_metrics] Accuracy(layer_1 - estimator_0 - 12_folds.test.predict)=58.52%
[ 2020-05-21 11:28:07,896][kfold_wrapper.log_eval_metrics] Accuracy(layer_1 - estimator_1 - 12_folds.train_0.predict)=57.03%
[ 2020-05-21 11:28:08,287][kfold_wrapper.log_eval_metrics] Accuracy(layer_1 - estimator_1 - 12_folds.train_1.predict)=59.44%
[ 2020-05-21 11:28:08,662][kfold_wrapper.log_eval_metrics] Accuracy(layer_1 - estimator_1 - 12_folds.train_2.predict)=57.43%
[ 2020-05-21 11:28:09,052][kfold_wrapper.log_eval_metrics] Accuracy(layer_1 - estimator_1 - 12_folds.train_3.predict)=55.02%
[ 2020-05-21 11:28:09,443][kfold_wrapper.log_eval_metrics] Accuracy(layer_1 - estimator_1 - 12_folds.train_4.predict)=53.63%
[ 2020-05-21 11:28:09,818][kfold_wrapper.log_eval_metrics] Accuracy(layer_1 - estimator_1 - 12_folds.train_5.predict)=52.82%
[ 2020-05-21 11:28:10,208][kfold_wrapper.log_eval_metrics] Accuracy(layer_1 - estimator_1 - 12_folds.train_6.predict)=56.05%
[ 2020-05-21 11:28:10,599][kfold_wrapper.log_eval_metrics] Accuracy(layer_1 - estimator_1 - 12_folds.train_7.predict)=58.87%
[ 2020-05-21 11:28:10,989][kfold_wrapper.log_eval_metrics] Accuracy(layer_1 - estimator_1 - 12_folds.train_8.predict)=60.08%
[ 2020-05-21 11:28:11,380][kfold_wrapper.log_eval_metrics] Accuracy(layer_1 - estimator_1 - 12_folds.train_9.predict)=57.26%
[ 2020-05-21 11:28:11,770][kfold_wrapper.log_eval_metrics] Accuracy(layer_1 - estimator_1 - 12_folds.train_10.predict)=56.45%
[ 2020-05-21 11:28:12,161][kfold_wrapper.log_eval_metrics] Accuracy(layer_1 - estimator_1 - 12_folds.train_11.predict)=62.90%
[ 2020-05-21 11:28:12,286][kfold_wrapper.log_eval_metrics] Accuracy(layer_1 - estimator_1 - 12_folds.train_cv.predict)=57.25%
[ 2020-05-21 11:28:12,286][kfold_wrapper.log_eval_metrics] Accuracy(layer_1 - estimator_1 - 12_folds.test.predict)=57.45%
[ 2020-05-21 11:28:12,364][kfold_wrapper.log_eval_metrics] Accuracy(layer_1 - estimator_2 - 12_folds.train_0.predict)=64.26%
[ 2020-05-21 11:28:12,426][kfold_wrapper.log_eval_metrics] Accuracy(layer_1 - estimator_2 - 12_folds.train_1.predict)=64.26%
[ 2020-05-21 11:28:12,505][kfold_wrapper.log_eval_metrics] Accuracy(layer_1 - estimator_2 - 12_folds.train_2.predict)=64.26%
[ 2020-05-21 11:28:12,567][kfold_wrapper.log_eval_metrics] Accuracy(layer_1 - estimator_2 - 12_folds.train_3.predict)=64.26%
[ 2020-05-21 11:28:12,645][kfold_wrapper.log_eval_metrics] Accuracy(layer_1 - estimator_2 - 12_folds.train_4.predict)=64.11%
[ 2020-05-21 11:28:12,708][kfold_wrapper.log_eval_metrics] Accuracy(layer_1 - estimator_2 - 12_folds.train_5.predict)=64.11%
[ 2020-05-21 11:28:12,770][kfold_wrapper.log_eval_metrics] Accuracy(layer_1 - estimator_2 - 12_folds.train_6.predict)=64.11%
[ 2020-05-21 11:28:12,833][kfold_wrapper.log_eval_metrics] Accuracy(layer_1 - estimator_2 - 12_folds.train_7.predict)=64.11%
[ 2020-05-21 11:28:12,879][kfold_wrapper.log_eval_metrics] Accuracy(layer_1 - estimator_2 - 12_folds.train_8.predict)=64.52%
[ 2020-05-21 11:28:12,942][kfold_wrapper.log_eval_metrics] Accuracy(layer_1 - estimator_2 - 12_folds.train_9.predict)=64.52%
[ 2020-05-21 11:28:13,004][kfold_wrapper.log_eval_metrics] Accuracy(layer_1 - estimator_2 - 12_folds.train_10.predict)=64.52%
[ 2020-05-21 11:28:13,051][kfold_wrapper.log_eval_metrics] Accuracy(layer_1 - estimator_2 - 12_folds.train_11.predict)=64.52%
[ 2020-05-21 11:28:13,067][kfold_wrapper.log_eval_metrics] Accuracy(layer_1 - estimator_2 - 12_folds.train_cv.predict)=64.30%
[ 2020-05-21 11:28:13,067][kfold_wrapper.log_eval_metrics] Accuracy(layer_1 - estimator_2 - 12_folds.test.predict)=70.60%
[ 2020-05-21 11:28:13,067][cascade_classifier.calc_accuracy] Accuracy(layer_1 - train.classifier_average)=61.24%
[ 2020-05-21 11:28:13,067][cascade_classifier.calc_accuracy] Accuracy(layer_1 - test.classifier_average)=61.34%
[ 2020-05-21 11:28:13,067][cascade_classifier.fit_transform] [layer=2] look_indexs=[0], X_cur_train.shape=(2980, 11), X_cur_test.shape=(745, 11)
[ 2020-05-21 11:28:13,348][kfold_wrapper.log_eval_metrics] Accuracy(layer_2 - estimator_0 - 12_folds.train_0.predict)=62.25%
[ 2020-05-21 11:28:13,739][kfold_wrapper.log_eval_metrics] Accuracy(layer_2 - estimator_0 - 12_folds.train_1.predict)=60.64%
[ 2020-05-21 11:28:14,114][kfold_wrapper.log_eval_metrics] Accuracy(layer_2 - estimator_0 - 12_folds.train_2.predict)=58.23%
[ 2020-05-21 11:28:14,518][kfold_wrapper.log_eval_metrics] Accuracy(layer_2 - estimator_0 - 12_folds.train_3.predict)=59.84%
[ 2020-05-21 11:28:14,908][kfold_wrapper.log_eval_metrics] Accuracy(layer_2 - estimator_0 - 12_folds.train_4.predict)=61.69%
[ 2020-05-21 11:28:15,299][kfold_wrapper.log_eval_metrics] Accuracy(layer_2 - estimator_0 - 12_folds.train_5.predict)=60.89%
[ 2020-05-21 11:28:15,689][kfold_wrapper.log_eval_metrics] Accuracy(layer_2 - estimator_0 - 12_folds.train_6.predict)=58.47%
[ 2020-05-21 11:28:16,080][kfold_wrapper.log_eval_metrics] Accuracy(layer_2 - estimator_0 - 12_folds.train_7.predict)=58.47%
[ 2020-05-21 11:28:16,470][kfold_wrapper.log_eval_metrics] Accuracy(layer_2 - estimator_0 - 12_folds.train_8.predict)=62.10%
[ 2020-05-21 11:28:16,861][kfold_wrapper.log_eval_metrics] Accuracy(layer_2 - estimator_0 - 12_folds.train_9.predict)=60.48%
[ 2020-05-21 11:28:17,252][kfold_wrapper.log_eval_metrics] Accuracy(layer_2 - estimator_0 - 12_folds.train_10.predict)=62.90%
[ 2020-05-21 11:28:17,642][kfold_wrapper.log_eval_metrics] Accuracy(layer_2 - estimator_0 - 12_folds.train_11.predict)=63.71%
[ 2020-05-21 11:28:17,767][kfold_wrapper.log_eval_metrics] Accuracy(layer_2 - estimator_0 - 12_folds.train_cv.predict)=60.81%
[ 2020-05-21 11:28:17,767][kfold_wrapper.log_eval_metrics] Accuracy(layer_2 - estimator_0 - 12_folds.test.predict)=58.39%
[ 2020-05-21 11:28:18,048][kfold_wrapper.log_eval_metrics] Accuracy(layer_2 - estimator_1 - 12_folds.train_0.predict)=58.23%
[ 2020-05-21 11:28:18,439][kfold_wrapper.log_eval_metrics] Accuracy(layer_2 - estimator_1 - 12_folds.train_1.predict)=65.06%
[ 2020-05-21 11:28:18,829][kfold_wrapper.log_eval_metrics] Accuracy(layer_2 - estimator_1 - 12_folds.train_2.predict)=58.63%
[ 2020-05-21 11:28:19,209][kfold_wrapper.log_eval_metrics] Accuracy(layer_2 - estimator_1 - 12_folds.train_3.predict)=58.23%
[ 2020-05-21 11:28:19,600][kfold_wrapper.log_eval_metrics] Accuracy(layer_2 - estimator_1 - 12_folds.train_4.predict)=57.66%
[ 2020-05-21 11:28:19,975][kfold_wrapper.log_eval_metrics] Accuracy(layer_2 - estimator_1 - 12_folds.train_5.predict)=62.50%
[ 2020-05-21 11:28:20,365][kfold_wrapper.log_eval_metrics] Accuracy(layer_2 - estimator_1 - 12_folds.train_6.predict)=57.66%
[ 2020-05-21 11:28:20,756][kfold_wrapper.log_eval_metrics] Accuracy(layer_2 - estimator_1 - 12_folds.train_7.predict)=62.90%
[ 2020-05-21 11:28:21,146][kfold_wrapper.log_eval_metrics] Accuracy(layer_2 - estimator_1 - 12_folds.train_8.predict)=59.68%
[ 2020-05-21 11:28:21,537][kfold_wrapper.log_eval_metrics] Accuracy(layer_2 - estimator_1 - 12_folds.train_9.predict)=61.69%
[ 2020-05-21 11:28:21,927][kfold_wrapper.log_eval_metrics] Accuracy(layer_2 - estimator_1 - 12_folds.train_10.predict)=57.66%
[ 2020-05-21 11:28:22,318][kfold_wrapper.log_eval_metrics] Accuracy(layer_2 - estimator_1 - 12_folds.train_11.predict)=59.68%
[ 2020-05-21 11:28:22,443][kfold_wrapper.log_eval_metrics] Accuracy(layer_2 - estimator_1 - 12_folds.train_cv.predict)=59.97%
[ 2020-05-21 11:28:22,443][kfold_wrapper.log_eval_metrics] Accuracy(layer_2 - estimator_1 - 12_folds.test.predict)=55.44%
[ 2020-05-21 11:28:22,521][kfold_wrapper.log_eval_metrics] Accuracy(layer_2 - estimator_2 - 12_folds.train_0.predict)=64.26%
[ 2020-05-21 11:28:22,583][kfold_wrapper.log_eval_metrics] Accuracy(layer_2 - estimator_2 - 12_folds.train_1.predict)=64.26%
[ 2020-05-21 11:28:22,646][kfold_wrapper.log_eval_metrics] Accuracy(layer_2 - estimator_2 - 12_folds.train_2.predict)=64.26%
[ 2020-05-21 11:28:22,724][kfold_wrapper.log_eval_metrics] Accuracy(layer_2 - estimator_2 - 12_folds.train_3.predict)=64.26%
[ 2020-05-21 11:28:22,786][kfold_wrapper.log_eval_metrics] Accuracy(layer_2 - estimator_2 - 12_folds.train_4.predict)=64.11%
[ 2020-05-21 11:28:22,849][kfold_wrapper.log_eval_metrics] Accuracy(layer_2 - estimator_2 - 12_folds.train_5.predict)=64.11%
[ 2020-05-21 11:28:22,911][kfold_wrapper.log_eval_metrics] Accuracy(layer_2 - estimator_2 - 12_folds.train_6.predict)=64.11%
[ 2020-05-21 11:28:22,974][kfold_wrapper.log_eval_metrics] Accuracy(layer_2 - estimator_2 - 12_folds.train_7.predict)=64.11%
[ 2020-05-21 11:28:23,036][kfold_wrapper.log_eval_metrics] Accuracy(layer_2 - estimator_2 - 12_folds.train_8.predict)=64.52%
[ 2020-05-21 11:28:23,099][kfold_wrapper.log_eval_metrics] Accuracy(layer_2 - estimator_2 - 12_folds.train_9.predict)=64.52%
[ 2020-05-21 11:28:23,161][kfold_wrapper.log_eval_metrics] Accuracy(layer_2 - estimator_2 - 12_folds.train_10.predict)=64.52%
[ 2020-05-21 11:28:23,224][kfold_wrapper.log_eval_metrics] Accuracy(layer_2 - estimator_2 - 12_folds.train_11.predict)=64.52%
[ 2020-05-21 11:28:23,224][kfold_wrapper.log_eval_metrics] Accuracy(layer_2 - estimator_2 - 12_folds.train_cv.predict)=64.30%
[ 2020-05-21 11:28:23,224][kfold_wrapper.log_eval_metrics] Accuracy(layer_2 - estimator_2 - 12_folds.test.predict)=70.60%
[ 2020-05-21 11:28:23,224][cascade_classifier.calc_accuracy] Accuracy(layer_2 - train.classifier_average)=61.64%
[ 2020-05-21 11:28:23,239][cascade_classifier.calc_accuracy] Accuracy(layer_2 - test.classifier_average)=61.34%
[ 2020-05-21 11:28:23,239][cascade_classifier.fit_transform] [layer=3] look_indexs=[0], X_cur_train.shape=(2980, 11), X_cur_test.shape=(745, 11)
[ 2020-05-21 11:28:23,521][kfold_wrapper.log_eval_metrics] Accuracy(layer_3 - estimator_0 - 12_folds.train_0.predict)=62.65%
[ 2020-05-21 11:28:23,911][kfold_wrapper.log_eval_metrics] Accuracy(layer_3 - estimator_0 - 12_folds.train_1.predict)=57.83%
[ 2020-05-21 11:28:24,302][kfold_wrapper.log_eval_metrics] Accuracy(layer_3 - estimator_0 - 12_folds.train_2.predict)=57.83%
[ 2020-05-21 11:28:24,659][kfold_wrapper.log_eval_metrics] Accuracy(layer_3 - estimator_0 - 12_folds.train_3.predict)=60.64%
[ 2020-05-21 11:28:25,050][kfold_wrapper.log_eval_metrics] Accuracy(layer_3 - estimator_0 - 12_folds.train_4.predict)=60.08%
[ 2020-05-21 11:28:25,440][kfold_wrapper.log_eval_metrics] Accuracy(layer_3 - estimator_0 - 12_folds.train_5.predict)=60.48%
[ 2020-05-21 11:28:25,831][kfold_wrapper.log_eval_metrics] Accuracy(layer_3 - estimator_0 - 12_folds.train_6.predict)=60.08%
[ 2020-05-21 11:28:26,209][kfold_wrapper.log_eval_metrics] Accuracy(layer_3 - estimator_0 - 12_folds.train_7.predict)=61.29%
[ 2020-05-21 11:28:26,577][kfold_wrapper.log_eval_metrics] Accuracy(layer_3 - estimator_0 - 12_folds.train_8.predict)=62.10%
[ 2020-05-21 11:28:26,942][kfold_wrapper.log_eval_metrics] Accuracy(layer_3 - estimator_0 - 12_folds.train_9.predict)=62.50%
[ 2020-05-21 11:28:27,313][kfold_wrapper.log_eval_metrics] Accuracy(layer_3 - estimator_0 - 12_folds.train_10.predict)=58.06%
[ 2020-05-21 11:28:27,704][kfold_wrapper.log_eval_metrics] Accuracy(layer_3 - estimator_0 - 12_folds.train_11.predict)=65.32%
[ 2020-05-21 11:28:27,829][kfold_wrapper.log_eval_metrics] Accuracy(layer_3 - estimator_0 - 12_folds.train_cv.predict)=60.74%
[ 2020-05-21 11:28:27,829][kfold_wrapper.log_eval_metrics] Accuracy(layer_3 - estimator_0 - 12_folds.test.predict)=62.82%
[ 2020-05-21 11:28:28,110][kfold_wrapper.log_eval_metrics] Accuracy(layer_3 - estimator_1 - 12_folds.train_0.predict)=57.03%
[ 2020-05-21 11:28:28,500][kfold_wrapper.log_eval_metrics] Accuracy(layer_3 - estimator_1 - 12_folds.train_1.predict)=57.03%
[ 2020-05-21 11:28:28,891][kfold_wrapper.log_eval_metrics] Accuracy(layer_3 - estimator_1 - 12_folds.train_2.predict)=61.85%
[ 2020-05-21 11:28:29,259][kfold_wrapper.log_eval_metrics] Accuracy(layer_3 - estimator_1 - 12_folds.train_3.predict)=56.22%
[ 2020-05-21 11:28:29,618][kfold_wrapper.log_eval_metrics] Accuracy(layer_3 - estimator_1 - 12_folds.train_4.predict)=64.52%
[ 2020-05-21 11:28:29,982][kfold_wrapper.log_eval_metrics] Accuracy(layer_3 - estimator_1 - 12_folds.train_5.predict)=59.68%
[ 2020-05-21 11:28:30,346][kfold_wrapper.log_eval_metrics] Accuracy(layer_3 - estimator_1 - 12_folds.train_6.predict)=62.90%
[ 2020-05-21 11:28:30,716][kfold_wrapper.log_eval_metrics] Accuracy(layer_3 - estimator_1 - 12_folds.train_7.predict)=54.44%
[ 2020-05-21 11:28:31,080][kfold_wrapper.log_eval_metrics] Accuracy(layer_3 - estimator_1 - 12_folds.train_8.predict)=62.10%
[ 2020-05-21 11:28:31,449][kfold_wrapper.log_eval_metrics] Accuracy(layer_3 - estimator_1 - 12_folds.train_9.predict)=58.87%
[ 2020-05-21 11:28:31,816][kfold_wrapper.log_eval_metrics] Accuracy(layer_3 - estimator_1 - 12_folds.train_10.predict)=56.85%
[ 2020-05-21 11:28:32,182][kfold_wrapper.log_eval_metrics] Accuracy(layer_3 - estimator_1 - 12_folds.train_11.predict)=60.08%
[ 2020-05-21 11:28:32,308][kfold_wrapper.log_eval_metrics] Accuracy(layer_3 - estimator_1 - 12_folds.train_cv.predict)=59.30%
[ 2020-05-21 11:28:32,311][kfold_wrapper.log_eval_metrics] Accuracy(layer_3 - estimator_1 - 12_folds.test.predict)=58.52%
[ 2020-05-21 11:28:32,392][kfold_wrapper.log_eval_metrics] Accuracy(layer_3 - estimator_2 - 12_folds.train_0.predict)=64.26%
[ 2020-05-21 11:28:32,459][kfold_wrapper.log_eval_metrics] Accuracy(layer_3 - estimator_2 - 12_folds.train_1.predict)=64.26%
[ 2020-05-21 11:28:32,516][kfold_wrapper.log_eval_metrics] Accuracy(layer_3 - estimator_2 - 12_folds.train_2.predict)=64.26%
[ 2020-05-21 11:28:32,573][kfold_wrapper.log_eval_metrics] Accuracy(layer_3 - estimator_2 - 12_folds.train_3.predict)=64.26%
[ 2020-05-21 11:28:32,625][kfold_wrapper.log_eval_metrics] Accuracy(layer_3 - estimator_2 - 12_folds.train_4.predict)=64.11%
[ 2020-05-21 11:28:32,679][kfold_wrapper.log_eval_metrics] Accuracy(layer_3 - estimator_2 - 12_folds.train_5.predict)=64.11%
[ 2020-05-21 11:28:32,731][kfold_wrapper.log_eval_metrics] Accuracy(layer_3 - estimator_2 - 12_folds.train_6.predict)=64.11%
[ 2020-05-21 11:28:32,786][kfold_wrapper.log_eval_metrics] Accuracy(layer_3 - estimator_2 - 12_folds.train_7.predict)=64.11%
[ 2020-05-21 11:28:32,819][kfold_wrapper.log_eval_metrics] Accuracy(layer_3 - estimator_2 - 12_folds.train_8.predict)=64.52%
[ 2020-05-21 11:28:32,848][kfold_wrapper.log_eval_metrics] Accuracy(layer_3 - estimator_2 - 12_folds.train_9.predict)=64.52%
[ 2020-05-21 11:28:32,871][kfold_wrapper.log_eval_metrics] Accuracy(layer_3 - estimator_2 - 12_folds.train_10.predict)=64.52%
[ 2020-05-21 11:28:32,912][kfold_wrapper.log_eval_metrics] Accuracy(layer_3 - estimator_2 - 12_folds.train_11.predict)=64.52%
[ 2020-05-21 11:28:32,915][kfold_wrapper.log_eval_metrics] Accuracy(layer_3 - estimator_2 - 12_folds.train_cv.predict)=64.30%
[ 2020-05-21 11:28:32,917][kfold_wrapper.log_eval_metrics] Accuracy(layer_3 - estimator_2 - 12_folds.test.predict)=70.60%
[ 2020-05-21 11:28:32,919][cascade_classifier.calc_accuracy] Accuracy(layer_3 - train.classifier_average)=61.17%
[ 2020-05-21 11:28:32,920][cascade_classifier.calc_accuracy] Accuracy(layer_3 - test.classifier_average)=61.88%
[ 2020-05-21 11:28:32,922][cascade_classifier.fit_transform] [layer=4] look_indexs=[0], X_cur_train.shape=(2980, 11), X_cur_test.shape=(745, 11)
[ 2020-05-21 11:28:33,165][kfold_wrapper.log_eval_metrics] Accuracy(layer_4 - estimator_0 - 12_folds.train_0.predict)=61.04%
[ 2020-05-21 11:28:33,515][kfold_wrapper.log_eval_metrics] Accuracy(layer_4 - estimator_0 - 12_folds.train_1.predict)=64.26%
[ 2020-05-21 11:28:33,870][kfold_wrapper.log_eval_metrics] Accuracy(layer_4 - estimator_0 - 12_folds.train_2.predict)=59.44%
[ 2020-05-21 11:28:34,223][kfold_wrapper.log_eval_metrics] Accuracy(layer_4 - estimator_0 - 12_folds.train_3.predict)=59.44%
[ 2020-05-21 11:28:34,590][kfold_wrapper.log_eval_metrics] Accuracy(layer_4 - estimator_0 - 12_folds.train_4.predict)=59.27%
[ 2020-05-21 11:28:34,972][kfold_wrapper.log_eval_metrics] Accuracy(layer_4 - estimator_0 - 12_folds.train_5.predict)=60.89%
[ 2020-05-21 11:28:35,350][kfold_wrapper.log_eval_metrics] Accuracy(layer_4 - estimator_0 - 12_folds.train_6.predict)=62.50%
[ 2020-05-21 11:28:35,741][kfold_wrapper.log_eval_metrics] Accuracy(layer_4 - estimator_0 - 12_folds.train_7.predict)=57.66%
[ 2020-05-21 11:28:36,113][kfold_wrapper.log_eval_metrics] Accuracy(layer_4 - estimator_0 - 12_folds.train_8.predict)=58.47%
[ 2020-05-21 11:28:36,488][kfold_wrapper.log_eval_metrics] Accuracy(layer_4 - estimator_0 - 12_folds.train_9.predict)=57.66%
[ 2020-05-21 11:28:36,861][kfold_wrapper.log_eval_metrics] Accuracy(layer_4 - estimator_0 - 12_folds.train_10.predict)=64.11%
[ 2020-05-21 11:28:37,218][kfold_wrapper.log_eval_metrics] Accuracy(layer_4 - estimator_0 - 12_folds.train_11.predict)=62.90%
[ 2020-05-21 11:28:37,335][kfold_wrapper.log_eval_metrics] Accuracy(layer_4 - estimator_0 - 12_folds.train_cv.predict)=60.64%
[ 2020-05-21 11:28:37,338][kfold_wrapper.log_eval_metrics] Accuracy(layer_4 - estimator_0 - 12_folds.test.predict)=59.87%
[ 2020-05-21 11:28:37,597][kfold_wrapper.log_eval_metrics] Accuracy(layer_4 - estimator_1 - 12_folds.train_0.predict)=61.04%
[ 2020-05-21 11:28:37,963][kfold_wrapper.log_eval_metrics] Accuracy(layer_4 - estimator_1 - 12_folds.train_1.predict)=57.83%
[ 2020-05-21 11:28:38,329][kfold_wrapper.log_eval_metrics] Accuracy(layer_4 - estimator_1 - 12_folds.train_2.predict)=60.24%
[ 2020-05-21 11:28:38,698][kfold_wrapper.log_eval_metrics] Accuracy(layer_4 - estimator_1 - 12_folds.train_3.predict)=60.24%
[ 2020-05-21 11:28:39,056][kfold_wrapper.log_eval_metrics] Accuracy(layer_4 - estimator_1 - 12_folds.train_4.predict)=58.47%
[ 2020-05-21 11:28:39,424][kfold_wrapper.log_eval_metrics] Accuracy(layer_4 - estimator_1 - 12_folds.train_5.predict)=62.10%
[ 2020-05-21 11:28:39,790][kfold_wrapper.log_eval_metrics] Accuracy(layer_4 - estimator_1 - 12_folds.train_6.predict)=56.05%
[ 2020-05-21 11:28:40,147][kfold_wrapper.log_eval_metrics] Accuracy(layer_4 - estimator_1 - 12_folds.train_7.predict)=59.68%
[ 2020-05-21 11:28:40,507][kfold_wrapper.log_eval_metrics] Accuracy(layer_4 - estimator_1 - 12_folds.train_8.predict)=52.42%
[ 2020-05-21 11:28:40,868][kfold_wrapper.log_eval_metrics] Accuracy(layer_4 - estimator_1 - 12_folds.train_9.predict)=56.05%
[ 2020-05-21 11:28:41,225][kfold_wrapper.log_eval_metrics] Accuracy(layer_4 - estimator_1 - 12_folds.train_10.predict)=54.44%
[ 2020-05-21 11:28:41,719][kfold_wrapper.log_eval_metrics] Accuracy(layer_4 - estimator_1 - 12_folds.train_11.predict)=57.26%
[ 2020-05-21 11:28:41,844][kfold_wrapper.log_eval_metrics] Accuracy(layer_4 - estimator_1 - 12_folds.train_cv.predict)=57.99%
[ 2020-05-21 11:28:41,844][kfold_wrapper.log_eval_metrics] Accuracy(layer_4 - estimator_1 - 12_folds.test.predict)=60.27%
[ 2020-05-21 11:28:41,922][kfold_wrapper.log_eval_metrics] Accuracy(layer_4 - estimator_2 - 12_folds.train_0.predict)=64.26%
[ 2020-05-21 11:28:41,984][kfold_wrapper.log_eval_metrics] Accuracy(layer_4 - estimator_2 - 12_folds.train_1.predict)=64.26%
[ 2020-05-21 11:28:42,047][kfold_wrapper.log_eval_metrics] Accuracy(layer_4 - estimator_2 - 12_folds.train_2.predict)=64.26%
[ 2020-05-21 11:28:42,125][kfold_wrapper.log_eval_metrics] Accuracy(layer_4 - estimator_2 - 12_folds.train_3.predict)=64.26%
[ 2020-05-21 11:28:42,172][kfold_wrapper.log_eval_metrics] Accuracy(layer_4 - estimator_2 - 12_folds.train_4.predict)=64.11%
[ 2020-05-21 11:28:42,250][kfold_wrapper.log_eval_metrics] Accuracy(layer_4 - estimator_2 - 12_folds.train_5.predict)=64.11%
[ 2020-05-21 11:28:42,312][kfold_wrapper.log_eval_metrics] Accuracy(layer_4 - estimator_2 - 12_folds.train_6.predict)=64.11%
[ 2020-05-21 11:28:42,375][kfold_wrapper.log_eval_metrics] Accuracy(layer_4 - estimator_2 - 12_folds.train_7.predict)=64.11%
[ 2020-05-21 11:28:42,453][kfold_wrapper.log_eval_metrics] Accuracy(layer_4 - estimator_2 - 12_folds.train_8.predict)=64.52%
[ 2020-05-21 11:28:42,515][kfold_wrapper.log_eval_metrics] Accuracy(layer_4 - estimator_2 - 12_folds.train_9.predict)=64.52%
[ 2020-05-21 11:28:42,594][kfold_wrapper.log_eval_metrics] Accuracy(layer_4 - estimator_2 - 12_folds.train_10.predict)=64.52%
[ 2020-05-21 11:28:42,656][kfold_wrapper.log_eval_metrics] Accuracy(layer_4 - estimator_2 - 12_folds.train_11.predict)=64.52%
[ 2020-05-21 11:28:42,656][kfold_wrapper.log_eval_metrics] Accuracy(layer_4 - estimator_2 - 12_folds.train_cv.predict)=64.30%
[ 2020-05-21 11:28:42,656][kfold_wrapper.log_eval_metrics] Accuracy(layer_4 - estimator_2 - 12_folds.test.predict)=70.60%
[ 2020-05-21 11:28:42,656][cascade_classifier.calc_accuracy] Accuracy(layer_4 - train.classifier_average)=60.67%
[ 2020-05-21 11:28:42,656][cascade_classifier.calc_accuracy] Accuracy(layer_4 - test.classifier_average)=63.36%
[ 2020-05-21 11:28:42,672][cascade_classifier.fit_transform] [layer=5] look_indexs=[0], X_cur_train.shape=(2980, 11), X_cur_test.shape=(745, 11)
[ 2020-05-21 11:28:42,953][kfold_wrapper.log_eval_metrics] Accuracy(layer_5 - estimator_0 - 12_folds.train_0.predict)=57.03%
[ 2020-05-21 11:28:43,343][kfold_wrapper.log_eval_metrics] Accuracy(layer_5 - estimator_0 - 12_folds.train_1.predict)=60.24%
[ 2020-05-21 11:28:43,734][kfold_wrapper.log_eval_metrics] Accuracy(layer_5 - estimator_0 - 12_folds.train_2.predict)=61.45%
[ 2020-05-21 11:28:44,125][kfold_wrapper.log_eval_metrics] Accuracy(layer_5 - estimator_0 - 12_folds.train_3.predict)=64.26%
[ 2020-05-21 11:28:44,515][kfold_wrapper.log_eval_metrics] Accuracy(layer_5 - estimator_0 - 12_folds.train_4.predict)=60.08%
[ 2020-05-21 11:28:44,890][kfold_wrapper.log_eval_metrics] Accuracy(layer_5 - estimator_0 - 12_folds.train_5.predict)=60.89%
[ 2020-05-21 11:28:45,260][kfold_wrapper.log_eval_metrics] Accuracy(layer_5 - estimator_0 - 12_folds.train_6.predict)=61.29%
[ 2020-05-21 11:28:45,643][kfold_wrapper.log_eval_metrics] Accuracy(layer_5 - estimator_0 - 12_folds.train_7.predict)=56.85%
[ 2020-05-21 11:28:46,034][kfold_wrapper.log_eval_metrics] Accuracy(layer_5 - estimator_0 - 12_folds.train_8.predict)=60.48%
[ 2020-05-21 11:28:46,424][kfold_wrapper.log_eval_metrics] Accuracy(layer_5 - estimator_0 - 12_folds.train_9.predict)=58.87%
[ 2020-05-21 11:28:46,815][kfold_wrapper.log_eval_metrics] Accuracy(layer_5 - estimator_0 - 12_folds.train_10.predict)=57.66%
[ 2020-05-21 11:28:47,205][kfold_wrapper.log_eval_metrics] Accuracy(layer_5 - estimator_0 - 12_folds.train_11.predict)=60.89%
[ 2020-05-21 11:28:47,330][kfold_wrapper.log_eval_metrics] Accuracy(layer_5 - estimator_0 - 12_folds.train_cv.predict)=60.00%
[ 2020-05-21 11:28:47,330][kfold_wrapper.log_eval_metrics] Accuracy(layer_5 - estimator_0 - 12_folds.test.predict)=60.94%
[ 2020-05-21 11:28:47,612][kfold_wrapper.log_eval_metrics] Accuracy(layer_5 - estimator_1 - 12_folds.train_0.predict)=55.42%
[ 2020-05-21 11:28:48,002][kfold_wrapper.log_eval_metrics] Accuracy(layer_5 - estimator_1 - 12_folds.train_1.predict)=60.24%
[ 2020-05-21 11:28:48,393][kfold_wrapper.log_eval_metrics] Accuracy(layer_5 - estimator_1 - 12_folds.train_2.predict)=57.43%
[ 2020-05-21 11:28:48,783][kfold_wrapper.log_eval_metrics] Accuracy(layer_5 - estimator_1 - 12_folds.train_3.predict)=60.24%
[ 2020-05-21 11:28:49,174][kfold_wrapper.log_eval_metrics] Accuracy(layer_5 - estimator_1 - 12_folds.train_4.predict)=62.50%
[ 2020-05-21 11:28:49,565][kfold_wrapper.log_eval_metrics] Accuracy(layer_5 - estimator_1 - 12_folds.train_5.predict)=58.06%
[ 2020-05-21 11:28:49,940][kfold_wrapper.log_eval_metrics] Accuracy(layer_5 - estimator_1 - 12_folds.train_6.predict)=60.89%
[ 2020-05-21 11:28:50,330][kfold_wrapper.log_eval_metrics] Accuracy(layer_5 - estimator_1 - 12_folds.train_7.predict)=56.05%
[ 2020-05-21 11:28:50,721][kfold_wrapper.log_eval_metrics] Accuracy(layer_5 - estimator_1 - 12_folds.train_8.predict)=59.27%
[ 2020-05-21 11:28:51,096][kfold_wrapper.log_eval_metrics] Accuracy(layer_5 - estimator_1 - 12_folds.train_9.predict)=56.45%
[ 2020-05-21 11:28:51,486][kfold_wrapper.log_eval_metrics] Accuracy(layer_5 - estimator_1 - 12_folds.train_10.predict)=58.87%
[ 2020-05-21 11:28:51,877][kfold_wrapper.log_eval_metrics] Accuracy(layer_5 - estimator_1 - 12_folds.train_11.predict)=56.45%
[ 2020-05-21 11:28:52,002][kfold_wrapper.log_eval_metrics] Accuracy(layer_5 - estimator_1 - 12_folds.train_cv.predict)=58.49%
[ 2020-05-21 11:28:52,002][kfold_wrapper.log_eval_metrics] Accuracy(layer_5 - estimator_1 - 12_folds.test.predict)=61.88%
[ 2020-05-21 11:28:52,080][kfold_wrapper.log_eval_metrics] Accuracy(layer_5 - estimator_2 - 12_folds.train_0.predict)=64.26%
[ 2020-05-21 11:28:52,142][kfold_wrapper.log_eval_metrics] Accuracy(layer_5 - estimator_2 - 12_folds.train_1.predict)=64.26%
[ 2020-05-21 11:28:52,220][kfold_wrapper.log_eval_metrics] Accuracy(layer_5 - estimator_2 - 12_folds.train_2.predict)=64.26%
[ 2020-05-21 11:28:52,283][kfold_wrapper.log_eval_metrics] Accuracy(layer_5 - estimator_2 - 12_folds.train_3.predict)=64.26%
[ 2020-05-21 11:28:52,345][kfold_wrapper.log_eval_metrics] Accuracy(layer_5 - estimator_2 - 12_folds.train_4.predict)=64.11%
[ 2020-05-21 11:28:52,408][kfold_wrapper.log_eval_metrics] Accuracy(layer_5 - estimator_2 - 12_folds.train_5.predict)=64.11%
[ 2020-05-21 11:28:52,470][kfold_wrapper.log_eval_metrics] Accuracy(layer_5 - estimator_2 - 12_folds.train_6.predict)=64.11%
[ 2020-05-21 11:28:52,533][kfold_wrapper.log_eval_metrics] Accuracy(layer_5 - estimator_2 - 12_folds.train_7.predict)=64.11%
[ 2020-05-21 11:28:52,611][kfold_wrapper.log_eval_metrics] Accuracy(layer_5 - estimator_2 - 12_folds.train_8.predict)=64.52%
[ 2020-05-21 11:28:52,673][kfold_wrapper.log_eval_metrics] Accuracy(layer_5 - estimator_2 - 12_folds.train_9.predict)=64.52%
[ 2020-05-21 11:28:52,751][kfold_wrapper.log_eval_metrics] Accuracy(layer_5 - estimator_2 - 12_folds.train_10.predict)=64.52%
[ 2020-05-21 11:28:52,814][kfold_wrapper.log_eval_metrics] Accuracy(layer_5 - estimator_2 - 12_folds.train_11.predict)=64.52%
[ 2020-05-21 11:28:52,814][kfold_wrapper.log_eval_metrics] Accuracy(layer_5 - estimator_2 - 12_folds.train_cv.predict)=64.30%
[ 2020-05-21 11:28:52,814][kfold_wrapper.log_eval_metrics] Accuracy(layer_5 - estimator_2 - 12_folds.test.predict)=70.60%
[ 2020-05-21 11:28:52,814][cascade_classifier.calc_accuracy] Accuracy(layer_5 - train.classifier_average)=60.70%
[ 2020-05-21 11:28:52,814][cascade_classifier.calc_accuracy] Accuracy(layer_5 - test.classifier_average)=64.43%
[ 2020-05-21 11:28:52,814][cascade_classifier.fit_transform] [layer=6] look_indexs=[0], X_cur_train.shape=(2980, 11), X_cur_test.shape=(745, 11)
[ 2020-05-21 11:28:53,095][kfold_wrapper.log_eval_metrics] Accuracy(layer_6 - estimator_0 - 12_folds.train_0.predict)=65.06%
[ 2020-05-21 11:28:53,486][kfold_wrapper.log_eval_metrics] Accuracy(layer_6 - estimator_0 - 12_folds.train_1.predict)=57.83%
[ 2020-05-21 11:28:53,876][kfold_wrapper.log_eval_metrics] Accuracy(layer_6 - estimator_0 - 12_folds.train_2.predict)=57.83%
[ 2020-05-21 11:28:54,269][kfold_wrapper.log_eval_metrics] Accuracy(layer_6 - estimator_0 - 12_folds.train_3.predict)=58.63%
[ 2020-05-21 11:28:54,659][kfold_wrapper.log_eval_metrics] Accuracy(layer_6 - estimator_0 - 12_folds.train_4.predict)=57.26%
[ 2020-05-21 11:28:55,050][kfold_wrapper.log_eval_metrics] Accuracy(layer_6 - estimator_0 - 12_folds.train_5.predict)=62.10%
[ 2020-05-21 11:28:55,440][kfold_wrapper.log_eval_metrics] Accuracy(layer_6 - estimator_0 - 12_folds.train_6.predict)=56.05%
[ 2020-05-21 11:28:55,831][kfold_wrapper.log_eval_metrics] Accuracy(layer_6 - estimator_0 - 12_folds.train_7.predict)=58.47%
[ 2020-05-21 11:28:56,221][kfold_wrapper.log_eval_metrics] Accuracy(layer_6 - estimator_0 - 12_folds.train_8.predict)=56.45%
[ 2020-05-21 11:28:56,612][kfold_wrapper.log_eval_metrics] Accuracy(layer_6 - estimator_0 - 12_folds.train_9.predict)=61.69%
[ 2020-05-21 11:28:57,003][kfold_wrapper.log_eval_metrics] Accuracy(layer_6 - estimator_0 - 12_folds.train_10.predict)=63.71%
[ 2020-05-21 11:28:57,393][kfold_wrapper.log_eval_metrics] Accuracy(layer_6 - estimator_0 - 12_folds.train_11.predict)=60.48%
[ 2020-05-21 11:28:57,518][kfold_wrapper.log_eval_metrics] Accuracy(layer_6 - estimator_0 - 12_folds.train_cv.predict)=59.63%
[ 2020-05-21 11:28:57,518][kfold_wrapper.log_eval_metrics] Accuracy(layer_6 - estimator_0 - 12_folds.test.predict)=60.67%
[ 2020-05-21 11:28:57,799][kfold_wrapper.log_eval_metrics] Accuracy(layer_6 - estimator_1 - 12_folds.train_0.predict)=55.42%
[ 2020-05-21 11:28:58,190][kfold_wrapper.log_eval_metrics] Accuracy(layer_6 - estimator_1 - 12_folds.train_1.predict)=61.04%
[ 2020-05-21 11:28:58,580][kfold_wrapper.log_eval_metrics] Accuracy(layer_6 - estimator_1 - 12_folds.train_2.predict)=57.03%
[ 2020-05-21 11:28:58,971][kfold_wrapper.log_eval_metrics] Accuracy(layer_6 - estimator_1 - 12_folds.train_3.predict)=57.83%
[ 2020-05-21 11:28:59,361][kfold_wrapper.log_eval_metrics] Accuracy(layer_6 - estimator_1 - 12_folds.train_4.predict)=58.87%
[ 2020-05-21 11:28:59,752][kfold_wrapper.log_eval_metrics] Accuracy(layer_6 - estimator_1 - 12_folds.train_5.predict)=58.87%
[ 2020-05-21 11:29:00,142][kfold_wrapper.log_eval_metrics] Accuracy(layer_6 - estimator_1 - 12_folds.train_6.predict)=58.06%
[ 2020-05-21 11:29:00,533][kfold_wrapper.log_eval_metrics] Accuracy(layer_6 - estimator_1 - 12_folds.train_7.predict)=57.26%
[ 2020-05-21 11:29:00,924][kfold_wrapper.log_eval_metrics] Accuracy(layer_6 - estimator_1 - 12_folds.train_8.predict)=60.08%
[ 2020-05-21 11:29:01,314][kfold_wrapper.log_eval_metrics] Accuracy(layer_6 - estimator_1 - 12_folds.train_9.predict)=60.08%
[ 2020-05-21 11:29:01,689][kfold_wrapper.log_eval_metrics] Accuracy(layer_6 - estimator_1 - 12_folds.train_10.predict)=56.85%
[ 2020-05-21 11:29:02,079][kfold_wrapper.log_eval_metrics] Accuracy(layer_6 - estimator_1 - 12_folds.train_11.predict)=60.08%
[ 2020-05-21 11:29:02,204][kfold_wrapper.log_eval_metrics] Accuracy(layer_6 - estimator_1 - 12_folds.train_cv.predict)=58.46%
[ 2020-05-21 11:29:02,204][kfold_wrapper.log_eval_metrics] Accuracy(layer_6 - estimator_1 - 12_folds.test.predict)=58.93%
[ 2020-05-21 11:29:02,282][kfold_wrapper.log_eval_metrics] Accuracy(layer_6 - estimator_2 - 12_folds.train_0.predict)=64.26%
[ 2020-05-21 11:29:02,361][kfold_wrapper.log_eval_metrics] Accuracy(layer_6 - estimator_2 - 12_folds.train_1.predict)=64.26%
[ 2020-05-21 11:29:02,423][kfold_wrapper.log_eval_metrics] Accuracy(layer_6 - estimator_2 - 12_folds.train_2.predict)=64.26%
[ 2020-05-21 11:29:02,486][kfold_wrapper.log_eval_metrics] Accuracy(layer_6 - estimator_2 - 12_folds.train_3.predict)=64.26%
[ 2020-05-21 11:29:02,564][kfold_wrapper.log_eval_metrics] Accuracy(layer_6 - estimator_2 - 12_folds.train_4.predict)=64.11%
[ 2020-05-21 11:29:02,626][kfold_wrapper.log_eval_metrics] Accuracy(layer_6 - estimator_2 - 12_folds.train_5.predict)=64.11%
[ 2020-05-21 11:29:02,689][kfold_wrapper.log_eval_metrics] Accuracy(layer_6 - estimator_2 - 12_folds.train_6.predict)=64.11%
[ 2020-05-21 11:29:02,751][kfold_wrapper.log_eval_metrics] Accuracy(layer_6 - estimator_2 - 12_folds.train_7.predict)=64.11%
[ 2020-05-21 11:29:02,814][kfold_wrapper.log_eval_metrics] Accuracy(layer_6 - estimator_2 - 12_folds.train_8.predict)=64.52%
[ 2020-05-21 11:29:02,876][kfold_wrapper.log_eval_metrics] Accuracy(layer_6 - estimator_2 - 12_folds.train_9.predict)=64.52%
[ 2020-05-21 11:29:02,939][kfold_wrapper.log_eval_metrics] Accuracy(layer_6 - estimator_2 - 12_folds.train_10.predict)=64.52%
[ 2020-05-21 11:29:02,985][kfold_wrapper.log_eval_metrics] Accuracy(layer_6 - estimator_2 - 12_folds.train_11.predict)=64.52%
[ 2020-05-21 11:29:02,985][kfold_wrapper.log_eval_metrics] Accuracy(layer_6 - estimator_2 - 12_folds.train_cv.predict)=64.30%
[ 2020-05-21 11:29:03,001][kfold_wrapper.log_eval_metrics] Accuracy(layer_6 - estimator_2 - 12_folds.test.predict)=70.60%
[ 2020-05-21 11:29:03,001][cascade_classifier.calc_accuracy] Accuracy(layer_6 - train.classifier_average)=61.17%
[ 2020-05-21 11:29:03,001][cascade_classifier.calc_accuracy] Accuracy(layer_6 - test.classifier_average)=62.95%
[ 2020-05-21 11:29:03,001][cascade_classifier.fit_transform] [Result][Optimal Level Detected] opt_layer_num=3, accuracy_train=61.64%, accuracy_test=61.34%
[ 2020-05-21 11:29:03,204][cascade_classifier.transform] X_groups_test.shape=[(566, 5)]
[ 2020-05-21 11:29:03,220][cascade_classifier.transform] group_dims=[5]
[ 2020-05-21 11:29:03,220][cascade_classifier.transform] X_test.shape=(566, 5)
[ 2020-05-21 11:29:03,220][cascade_classifier.transform] [layer=0] look_indexs=[0], X_cur_test.shape=(566, 5)
[ 2020-05-21 11:29:06,194][cascade_classifier.transform] [layer=1] look_indexs=[0], X_cur_test.shape=(566, 11)
[ 2020-05-21 11:29:09,066][cascade_classifier.transform] [layer=2] look_indexs=[0], X_cur_test.shape=(566, 11)
[ 2020-05-21 11:29:34,584][cascade_classifier.fit_transform] X_groups_train.shape=[(2980, 5)],y_train.shape=(2980,),X_groups_test.shape=[(745, 5)],y_test.shape=(745,)
[ 2020-05-21 11:29:34,584][cascade_classifier.fit_transform] group_dims=[5]
[ 2020-05-21 11:29:34,584][cascade_classifier.fit_transform] group_starts=[0]
[ 2020-05-21 11:29:34,584][cascade_classifier.fit_transform] group_ends=[5]
[ 2020-05-21 11:29:34,584][cascade_classifier.fit_transform] X_train.shape=(2980, 5),X_test.shape=(745, 5)
[ 2020-05-21 11:29:34,584][cascade_classifier.fit_transform] [layer=0] look_indexs=[0], X_cur_train.shape=(2980, 5), X_cur_test.shape=(745, 5)
[ 2020-05-21 11:29:34,865][kfold_wrapper.log_eval_metrics] Accuracy(layer_0 - estimator_0 - 12_folds.train_0.predict)=71.08%
[ 2020-05-21 11:29:35,256][kfold_wrapper.log_eval_metrics] Accuracy(layer_0 - estimator_0 - 12_folds.train_1.predict)=67.07%
[ 2020-05-21 11:29:35,646][kfold_wrapper.log_eval_metrics] Accuracy(layer_0 - estimator_0 - 12_folds.train_2.predict)=71.49%
[ 2020-05-21 11:29:36,043][kfold_wrapper.log_eval_metrics] Accuracy(layer_0 - estimator_0 - 12_folds.train_3.predict)=71.49%
[ 2020-05-21 11:29:36,433][kfold_wrapper.log_eval_metrics] Accuracy(layer_0 - estimator_0 - 12_folds.train_4.predict)=72.58%
[ 2020-05-21 11:29:36,824][kfold_wrapper.log_eval_metrics] Accuracy(layer_0 - estimator_0 - 12_folds.train_5.predict)=70.97%
[ 2020-05-21 11:29:37,214][kfold_wrapper.log_eval_metrics] Accuracy(layer_0 - estimator_0 - 12_folds.train_6.predict)=70.97%
[ 2020-05-21 11:29:37,605][kfold_wrapper.log_eval_metrics] Accuracy(layer_0 - estimator_0 - 12_folds.train_7.predict)=72.98%
[ 2020-05-21 11:29:37,996][kfold_wrapper.log_eval_metrics] Accuracy(layer_0 - estimator_0 - 12_folds.train_8.predict)=71.77%
[ 2020-05-21 11:29:38,386][kfold_wrapper.log_eval_metrics] Accuracy(layer_0 - estimator_0 - 12_folds.train_9.predict)=70.56%
[ 2020-05-21 11:29:38,761][kfold_wrapper.log_eval_metrics] Accuracy(layer_0 - estimator_0 - 12_folds.train_10.predict)=69.76%
[ 2020-05-21 11:29:39,152][kfold_wrapper.log_eval_metrics] Accuracy(layer_0 - estimator_0 - 12_folds.train_11.predict)=68.15%
[ 2020-05-21 11:29:39,276][kfold_wrapper.log_eval_metrics] Accuracy(layer_0 - estimator_0 - 12_folds.train_cv.predict)=70.74%
[ 2020-05-21 11:29:39,276][kfold_wrapper.log_eval_metrics] Accuracy(layer_0 - estimator_0 - 12_folds.test.predict)=71.14%
[ 2020-05-21 11:29:39,558][kfold_wrapper.log_eval_metrics] Accuracy(layer_0 - estimator_1 - 12_folds.train_0.predict)=71.49%
[ 2020-05-21 11:29:39,948][kfold_wrapper.log_eval_metrics] Accuracy(layer_0 - estimator_1 - 12_folds.train_1.predict)=73.90%
[ 2020-05-21 11:29:40,339][kfold_wrapper.log_eval_metrics] Accuracy(layer_0 - estimator_1 - 12_folds.train_2.predict)=70.28%
[ 2020-05-21 11:29:40,729][kfold_wrapper.log_eval_metrics] Accuracy(layer_0 - estimator_1 - 12_folds.train_3.predict)=73.90%
[ 2020-05-21 11:29:41,120][kfold_wrapper.log_eval_metrics] Accuracy(layer_0 - estimator_1 - 12_folds.train_4.predict)=72.18%
[ 2020-05-21 11:29:41,510][kfold_wrapper.log_eval_metrics] Accuracy(layer_0 - estimator_1 - 12_folds.train_5.predict)=71.77%
[ 2020-05-21 11:29:41,901][kfold_wrapper.log_eval_metrics] Accuracy(layer_0 - estimator_1 - 12_folds.train_6.predict)=72.18%
[ 2020-05-21 11:29:42,291][kfold_wrapper.log_eval_metrics] Accuracy(layer_0 - estimator_1 - 12_folds.train_7.predict)=69.76%
[ 2020-05-21 11:29:42,682][kfold_wrapper.log_eval_metrics] Accuracy(layer_0 - estimator_1 - 12_folds.train_8.predict)=71.77%
[ 2020-05-21 11:29:43,072][kfold_wrapper.log_eval_metrics] Accuracy(layer_0 - estimator_1 - 12_folds.train_9.predict)=71.77%
[ 2020-05-21 11:29:43,463][kfold_wrapper.log_eval_metrics] Accuracy(layer_0 - estimator_1 - 12_folds.train_10.predict)=70.97%
[ 2020-05-21 11:29:43,838][kfold_wrapper.log_eval_metrics] Accuracy(layer_0 - estimator_1 - 12_folds.train_11.predict)=68.95%
[ 2020-05-21 11:29:43,963][kfold_wrapper.log_eval_metrics] Accuracy(layer_0 - estimator_1 - 12_folds.train_cv.predict)=71.58%
[ 2020-05-21 11:29:43,963][kfold_wrapper.log_eval_metrics] Accuracy(layer_0 - estimator_1 - 12_folds.test.predict)=71.54%
[ 2020-05-21 11:29:44,041][kfold_wrapper.log_eval_metrics] Accuracy(layer_0 - estimator_2 - 12_folds.train_0.predict)=75.50%
[ 2020-05-21 11:29:44,103][kfold_wrapper.log_eval_metrics] Accuracy(layer_0 - estimator_2 - 12_folds.train_1.predict)=75.50%
[ 2020-05-21 11:29:44,182][kfold_wrapper.log_eval_metrics] Accuracy(layer_0 - estimator_2 - 12_folds.train_2.predict)=75.50%
[ 2020-05-21 11:29:44,244][kfold_wrapper.log_eval_metrics] Accuracy(layer_0 - estimator_2 - 12_folds.train_3.predict)=75.50%
[ 2020-05-21 11:29:44,322][kfold_wrapper.log_eval_metrics] Accuracy(layer_0 - estimator_2 - 12_folds.train_4.predict)=75.81%
[ 2020-05-21 11:29:44,400][kfold_wrapper.log_eval_metrics] Accuracy(layer_0 - estimator_2 - 12_folds.train_5.predict)=75.81%
[ 2020-05-21 11:29:44,478][kfold_wrapper.log_eval_metrics] Accuracy(layer_0 - estimator_2 - 12_folds.train_6.predict)=75.81%
[ 2020-05-21 11:29:44,541][kfold_wrapper.log_eval_metrics] Accuracy(layer_0 - estimator_2 - 12_folds.train_7.predict)=75.81%
[ 2020-05-21 11:29:44,619][kfold_wrapper.log_eval_metrics] Accuracy(layer_0 - estimator_2 - 12_folds.train_8.predict)=75.81%
[ 2020-05-21 11:29:44,681][kfold_wrapper.log_eval_metrics] Accuracy(layer_0 - estimator_2 - 12_folds.train_9.predict)=75.81%
[ 2020-05-21 11:29:44,744][kfold_wrapper.log_eval_metrics] Accuracy(layer_0 - estimator_2 - 12_folds.train_10.predict)=75.81%
[ 2020-05-21 11:29:44,806][kfold_wrapper.log_eval_metrics] Accuracy(layer_0 - estimator_2 - 12_folds.train_11.predict)=75.81%
[ 2020-05-21 11:29:44,822][kfold_wrapper.log_eval_metrics] Accuracy(layer_0 - estimator_2 - 12_folds.train_cv.predict)=75.70%
[ 2020-05-21 11:29:44,822][kfold_wrapper.log_eval_metrics] Accuracy(layer_0 - estimator_2 - 12_folds.test.predict)=83.09%
[ 2020-05-21 11:29:44,822][cascade_classifier.calc_accuracy] Accuracy(layer_0 - train.classifier_average)=72.68%
[ 2020-05-21 11:29:44,822][cascade_classifier.calc_accuracy] Accuracy(layer_0 - test.classifier_average)=80.27%
[ 2020-05-21 11:29:44,822][cascade_classifier.fit_transform] [layer=1] look_indexs=[0], X_cur_train.shape=(2980, 11), X_cur_test.shape=(745, 11)
[ 2020-05-21 11:29:45,103][kfold_wrapper.log_eval_metrics] Accuracy(layer_1 - estimator_0 - 12_folds.train_0.predict)=75.50%
[ 2020-05-21 11:29:45,494][kfold_wrapper.log_eval_metrics] Accuracy(layer_1 - estimator_0 - 12_folds.train_1.predict)=72.69%
[ 2020-05-21 11:29:45,884][kfold_wrapper.log_eval_metrics] Accuracy(layer_1 - estimator_0 - 12_folds.train_2.predict)=75.10%
[ 2020-05-21 11:29:46,275][kfold_wrapper.log_eval_metrics] Accuracy(layer_1 - estimator_0 - 12_folds.train_3.predict)=72.29%
[ 2020-05-21 11:29:46,664][kfold_wrapper.log_eval_metrics] Accuracy(layer_1 - estimator_0 - 12_folds.train_4.predict)=73.79%
[ 2020-05-21 11:29:47,054][kfold_wrapper.log_eval_metrics] Accuracy(layer_1 - estimator_0 - 12_folds.train_5.predict)=75.00%
[ 2020-05-21 11:29:47,445][kfold_wrapper.log_eval_metrics] Accuracy(layer_1 - estimator_0 - 12_folds.train_6.predict)=72.18%
[ 2020-05-21 11:29:47,835][kfold_wrapper.log_eval_metrics] Accuracy(layer_1 - estimator_0 - 12_folds.train_7.predict)=72.58%
[ 2020-05-21 11:29:48,226][kfold_wrapper.log_eval_metrics] Accuracy(layer_1 - estimator_0 - 12_folds.train_8.predict)=74.60%
[ 2020-05-21 11:29:48,616][kfold_wrapper.log_eval_metrics] Accuracy(layer_1 - estimator_0 - 12_folds.train_9.predict)=71.77%
[ 2020-05-21 11:29:49,007][kfold_wrapper.log_eval_metrics] Accuracy(layer_1 - estimator_0 - 12_folds.train_10.predict)=74.19%
[ 2020-05-21 11:29:49,373][kfold_wrapper.log_eval_metrics] Accuracy(layer_1 - estimator_0 - 12_folds.train_11.predict)=74.19%
[ 2020-05-21 11:29:49,498][kfold_wrapper.log_eval_metrics] Accuracy(layer_1 - estimator_0 - 12_folds.train_cv.predict)=73.66%
[ 2020-05-21 11:29:49,498][kfold_wrapper.log_eval_metrics] Accuracy(layer_1 - estimator_0 - 12_folds.test.predict)=80.27%
[ 2020-05-21 11:29:49,779][kfold_wrapper.log_eval_metrics] Accuracy(layer_1 - estimator_1 - 12_folds.train_0.predict)=73.09%
[ 2020-05-21 11:29:50,169][kfold_wrapper.log_eval_metrics] Accuracy(layer_1 - estimator_1 - 12_folds.train_1.predict)=71.89%
[ 2020-05-21 11:29:50,560][kfold_wrapper.log_eval_metrics] Accuracy(layer_1 - estimator_1 - 12_folds.train_2.predict)=73.90%
[ 2020-05-21 11:29:50,950][kfold_wrapper.log_eval_metrics] Accuracy(layer_1 - estimator_1 - 12_folds.train_3.predict)=69.08%
[ 2020-05-21 11:29:51,341][kfold_wrapper.log_eval_metrics] Accuracy(layer_1 - estimator_1 - 12_folds.train_4.predict)=69.35%
[ 2020-05-21 11:29:51,731][kfold_wrapper.log_eval_metrics] Accuracy(layer_1 - estimator_1 - 12_folds.train_5.predict)=70.97%
[ 2020-05-21 11:29:52,122][kfold_wrapper.log_eval_metrics] Accuracy(layer_1 - estimator_1 - 12_folds.train_6.predict)=69.76%
[ 2020-05-21 11:29:52,512][kfold_wrapper.log_eval_metrics] Accuracy(layer_1 - estimator_1 - 12_folds.train_7.predict)=70.16%
[ 2020-05-21 11:29:52,903][kfold_wrapper.log_eval_metrics] Accuracy(layer_1 - estimator_1 - 12_folds.train_8.predict)=69.76%
[ 2020-05-21 11:29:53,294][kfold_wrapper.log_eval_metrics] Accuracy(layer_1 - estimator_1 - 12_folds.train_9.predict)=74.19%
[ 2020-05-21 11:29:53,684][kfold_wrapper.log_eval_metrics] Accuracy(layer_1 - estimator_1 - 12_folds.train_10.predict)=73.79%
[ 2020-05-21 11:29:54,075][kfold_wrapper.log_eval_metrics] Accuracy(layer_1 - estimator_1 - 12_folds.train_11.predict)=68.95%
[ 2020-05-21 11:29:54,200][kfold_wrapper.log_eval_metrics] Accuracy(layer_1 - estimator_1 - 12_folds.train_cv.predict)=71.24%
[ 2020-05-21 11:29:54,200][kfold_wrapper.log_eval_metrics] Accuracy(layer_1 - estimator_1 - 12_folds.test.predict)=77.85%
[ 2020-05-21 11:29:54,278][kfold_wrapper.log_eval_metrics] Accuracy(layer_1 - estimator_2 - 12_folds.train_0.predict)=75.50%
[ 2020-05-21 11:29:54,356][kfold_wrapper.log_eval_metrics] Accuracy(layer_1 - estimator_2 - 12_folds.train_1.predict)=75.50%
[ 2020-05-21 11:29:54,403][kfold_wrapper.log_eval_metrics] Accuracy(layer_1 - estimator_2 - 12_folds.train_2.predict)=75.50%
[ 2020-05-21 11:29:54,465][kfold_wrapper.log_eval_metrics] Accuracy(layer_1 - estimator_2 - 12_folds.train_3.predict)=75.50%
[ 2020-05-21 11:29:54,528][kfold_wrapper.log_eval_metrics] Accuracy(layer_1 - estimator_2 - 12_folds.train_4.predict)=75.81%
[ 2020-05-21 11:29:54,590][kfold_wrapper.log_eval_metrics] Accuracy(layer_1 - estimator_2 - 12_folds.train_5.predict)=75.81%
[ 2020-05-21 11:29:54,668][kfold_wrapper.log_eval_metrics] Accuracy(layer_1 - estimator_2 - 12_folds.train_6.predict)=75.81%
[ 2020-05-21 11:29:54,731][kfold_wrapper.log_eval_metrics] Accuracy(layer_1 - estimator_2 - 12_folds.train_7.predict)=75.81%
[ 2020-05-21 11:29:54,809][kfold_wrapper.log_eval_metrics] Accuracy(layer_1 - estimator_2 - 12_folds.train_8.predict)=75.81%
[ 2020-05-21 11:29:54,887][kfold_wrapper.log_eval_metrics] Accuracy(layer_1 - estimator_2 - 12_folds.train_9.predict)=75.81%
[ 2020-05-21 11:29:54,949][kfold_wrapper.log_eval_metrics] Accuracy(layer_1 - estimator_2 - 12_folds.train_10.predict)=75.81%
[ 2020-05-21 11:29:55,027][kfold_wrapper.log_eval_metrics] Accuracy(layer_1 - estimator_2 - 12_folds.train_11.predict)=75.81%
[ 2020-05-21 11:29:55,027][kfold_wrapper.log_eval_metrics] Accuracy(layer_1 - estimator_2 - 12_folds.train_cv.predict)=75.70%
[ 2020-05-21 11:29:55,027][kfold_wrapper.log_eval_metrics] Accuracy(layer_1 - estimator_2 - 12_folds.test.predict)=83.09%
[ 2020-05-21 11:29:55,027][cascade_classifier.calc_accuracy] Accuracy(layer_1 - train.classifier_average)=74.53%
[ 2020-05-21 11:29:55,027][cascade_classifier.calc_accuracy] Accuracy(layer_1 - test.classifier_average)=82.28%
[ 2020-05-21 11:29:55,043][cascade_classifier.fit_transform] [layer=2] look_indexs=[0], X_cur_train.shape=(2980, 11), X_cur_test.shape=(745, 11)
[ 2020-05-21 11:29:55,277][kfold_wrapper.log_eval_metrics] Accuracy(layer_2 - estimator_0 - 12_folds.train_0.predict)=70.68%
[ 2020-05-21 11:29:55,668][kfold_wrapper.log_eval_metrics] Accuracy(layer_2 - estimator_0 - 12_folds.train_1.predict)=69.48%
[ 2020-05-21 11:29:56,059][kfold_wrapper.log_eval_metrics] Accuracy(layer_2 - estimator_0 - 12_folds.train_2.predict)=71.49%
[ 2020-05-21 11:29:56,449][kfold_wrapper.log_eval_metrics] Accuracy(layer_2 - estimator_0 - 12_folds.train_3.predict)=73.09%
[ 2020-05-21 11:29:56,840][kfold_wrapper.log_eval_metrics] Accuracy(layer_2 - estimator_0 - 12_folds.train_4.predict)=70.56%
[ 2020-05-21 11:29:57,230][kfold_wrapper.log_eval_metrics] Accuracy(layer_2 - estimator_0 - 12_folds.train_5.predict)=74.60%
[ 2020-05-21 11:29:57,621][kfold_wrapper.log_eval_metrics] Accuracy(layer_2 - estimator_0 - 12_folds.train_6.predict)=70.97%
[ 2020-05-21 11:29:58,011][kfold_wrapper.log_eval_metrics] Accuracy(layer_2 - estimator_0 - 12_folds.train_7.predict)=72.18%
[ 2020-05-21 11:29:58,402][kfold_wrapper.log_eval_metrics] Accuracy(layer_2 - estimator_0 - 12_folds.train_8.predict)=73.79%
[ 2020-05-21 11:29:58,792][kfold_wrapper.log_eval_metrics] Accuracy(layer_2 - estimator_0 - 12_folds.train_9.predict)=72.98%
[ 2020-05-21 11:29:59,172][kfold_wrapper.log_eval_metrics] Accuracy(layer_2 - estimator_0 - 12_folds.train_10.predict)=73.39%
[ 2020-05-21 11:29:59,562][kfold_wrapper.log_eval_metrics] Accuracy(layer_2 - estimator_0 - 12_folds.train_11.predict)=74.19%
[ 2020-05-21 11:29:59,687][kfold_wrapper.log_eval_metrics] Accuracy(layer_2 - estimator_0 - 12_folds.train_cv.predict)=72.28%
[ 2020-05-21 11:29:59,687][kfold_wrapper.log_eval_metrics] Accuracy(layer_2 - estimator_0 - 12_folds.test.predict)=70.07%
[ 2020-05-21 11:29:59,937][kfold_wrapper.log_eval_metrics] Accuracy(layer_2 - estimator_1 - 12_folds.train_0.predict)=68.67%
[ 2020-05-21 11:30:00,328][kfold_wrapper.log_eval_metrics] Accuracy(layer_2 - estimator_1 - 12_folds.train_1.predict)=71.89%
[ 2020-05-21 11:30:00,718][kfold_wrapper.log_eval_metrics] Accuracy(layer_2 - estimator_1 - 12_folds.train_2.predict)=70.28%
[ 2020-05-21 11:30:01,109][kfold_wrapper.log_eval_metrics] Accuracy(layer_2 - estimator_1 - 12_folds.train_3.predict)=73.09%
[ 2020-05-21 11:30:01,499][kfold_wrapper.log_eval_metrics] Accuracy(layer_2 - estimator_1 - 12_folds.train_4.predict)=74.19%
[ 2020-05-21 11:30:01,890][kfold_wrapper.log_eval_metrics] Accuracy(layer_2 - estimator_1 - 12_folds.train_5.predict)=72.58%
[ 2020-05-21 11:30:02,280][kfold_wrapper.log_eval_metrics] Accuracy(layer_2 - estimator_1 - 12_folds.train_6.predict)=70.16%
[ 2020-05-21 11:30:02,671][kfold_wrapper.log_eval_metrics] Accuracy(layer_2 - estimator_1 - 12_folds.train_7.predict)=74.19%
[ 2020-05-21 11:30:03,061][kfold_wrapper.log_eval_metrics] Accuracy(layer_2 - estimator_1 - 12_folds.train_8.predict)=68.95%
[ 2020-05-21 11:30:03,459][kfold_wrapper.log_eval_metrics] Accuracy(layer_2 - estimator_1 - 12_folds.train_9.predict)=68.15%
[ 2020-05-21 11:30:03,850][kfold_wrapper.log_eval_metrics] Accuracy(layer_2 - estimator_1 - 12_folds.train_10.predict)=66.53%
[ 2020-05-21 11:30:04,240][kfold_wrapper.log_eval_metrics] Accuracy(layer_2 - estimator_1 - 12_folds.train_11.predict)=71.37%
[ 2020-05-21 11:30:04,365][kfold_wrapper.log_eval_metrics] Accuracy(layer_2 - estimator_1 - 12_folds.train_cv.predict)=70.84%
[ 2020-05-21 11:30:04,365][kfold_wrapper.log_eval_metrics] Accuracy(layer_2 - estimator_1 - 12_folds.test.predict)=71.01%
[ 2020-05-21 11:30:04,459][kfold_wrapper.log_eval_metrics] Accuracy(layer_2 - estimator_2 - 12_folds.train_0.predict)=75.50%
[ 2020-05-21 11:30:04,537][kfold_wrapper.log_eval_metrics] Accuracy(layer_2 - estimator_2 - 12_folds.train_1.predict)=75.50%
[ 2020-05-21 11:30:04,615][kfold_wrapper.log_eval_metrics] Accuracy(layer_2 - estimator_2 - 12_folds.train_2.predict)=75.50%
[ 2020-05-21 11:30:04,693][kfold_wrapper.log_eval_metrics] Accuracy(layer_2 - estimator_2 - 12_folds.train_3.predict)=75.50%
[ 2020-05-21 11:30:04,756][kfold_wrapper.log_eval_metrics] Accuracy(layer_2 - estimator_2 - 12_folds.train_4.predict)=75.81%
[ 2020-05-21 11:30:04,818][kfold_wrapper.log_eval_metrics] Accuracy(layer_2 - estimator_2 - 12_folds.train_5.predict)=75.81%
[ 2020-05-21 11:30:04,896][kfold_wrapper.log_eval_metrics] Accuracy(layer_2 - estimator_2 - 12_folds.train_6.predict)=75.81%
[ 2020-05-21 11:30:04,943][kfold_wrapper.log_eval_metrics] Accuracy(layer_2 - estimator_2 - 12_folds.train_7.predict)=75.81%
[ 2020-05-21 11:30:05,005][kfold_wrapper.log_eval_metrics] Accuracy(layer_2 - estimator_2 - 12_folds.train_8.predict)=75.81%
[ 2020-05-21 11:30:05,068][kfold_wrapper.log_eval_metrics] Accuracy(layer_2 - estimator_2 - 12_folds.train_9.predict)=75.81%
[ 2020-05-21 11:30:05,130][kfold_wrapper.log_eval_metrics] Accuracy(layer_2 - estimator_2 - 12_folds.train_10.predict)=75.81%
[ 2020-05-21 11:30:05,193][kfold_wrapper.log_eval_metrics] Accuracy(layer_2 - estimator_2 - 12_folds.train_11.predict)=75.81%
[ 2020-05-21 11:30:05,193][kfold_wrapper.log_eval_metrics] Accuracy(layer_2 - estimator_2 - 12_folds.train_cv.predict)=75.70%
[ 2020-05-21 11:30:05,209][kfold_wrapper.log_eval_metrics] Accuracy(layer_2 - estimator_2 - 12_folds.test.predict)=83.09%
[ 2020-05-21 11:30:05,209][cascade_classifier.calc_accuracy] Accuracy(layer_2 - train.classifier_average)=74.30%
[ 2020-05-21 11:30:05,209][cascade_classifier.calc_accuracy] Accuracy(layer_2 - test.classifier_average)=78.26%
[ 2020-05-21 11:30:05,209][cascade_classifier.fit_transform] [layer=3] look_indexs=[0], X_cur_train.shape=(2980, 11), X_cur_test.shape=(745, 11)
[ 2020-05-21 11:30:05,490][kfold_wrapper.log_eval_metrics] Accuracy(layer_3 - estimator_0 - 12_folds.train_0.predict)=67.87%
[ 2020-05-21 11:30:05,880][kfold_wrapper.log_eval_metrics] Accuracy(layer_3 - estimator_0 - 12_folds.train_1.predict)=68.67%
[ 2020-05-21 11:30:06,271][kfold_wrapper.log_eval_metrics] Accuracy(layer_3 - estimator_0 - 12_folds.train_2.predict)=73.90%
[ 2020-05-21 11:30:06,661][kfold_wrapper.log_eval_metrics] Accuracy(layer_3 - estimator_0 - 12_folds.train_3.predict)=76.31%
[ 2020-05-21 11:30:07,052][kfold_wrapper.log_eval_metrics] Accuracy(layer_3 - estimator_0 - 12_folds.train_4.predict)=72.98%
[ 2020-05-21 11:30:07,442][kfold_wrapper.log_eval_metrics] Accuracy(layer_3 - estimator_0 - 12_folds.train_5.predict)=70.97%
[ 2020-05-21 11:30:07,833][kfold_wrapper.log_eval_metrics] Accuracy(layer_3 - estimator_0 - 12_folds.train_6.predict)=71.37%
[ 2020-05-21 11:30:08,223][kfold_wrapper.log_eval_metrics] Accuracy(layer_3 - estimator_0 - 12_folds.train_7.predict)=73.79%
[ 2020-05-21 11:30:08,614][kfold_wrapper.log_eval_metrics] Accuracy(layer_3 - estimator_0 - 12_folds.train_8.predict)=73.39%
[ 2020-05-21 11:30:09,005][kfold_wrapper.log_eval_metrics] Accuracy(layer_3 - estimator_0 - 12_folds.train_9.predict)=75.81%
[ 2020-05-21 11:30:09,402][kfold_wrapper.log_eval_metrics] Accuracy(layer_3 - estimator_0 - 12_folds.train_10.predict)=70.56%
[ 2020-05-21 11:30:09,777][kfold_wrapper.log_eval_metrics] Accuracy(layer_3 - estimator_0 - 12_folds.train_11.predict)=74.19%
[ 2020-05-21 11:30:09,902][kfold_wrapper.log_eval_metrics] Accuracy(layer_3 - estimator_0 - 12_folds.train_cv.predict)=72.48%
[ 2020-05-21 11:30:09,902][kfold_wrapper.log_eval_metrics] Accuracy(layer_3 - estimator_0 - 12_folds.test.predict)=70.20%
[ 2020-05-21 11:30:10,183][kfold_wrapper.log_eval_metrics] Accuracy(layer_3 - estimator_1 - 12_folds.train_0.predict)=69.48%
[ 2020-05-21 11:30:10,558][kfold_wrapper.log_eval_metrics] Accuracy(layer_3 - estimator_1 - 12_folds.train_1.predict)=70.28%
[ 2020-05-21 11:30:10,948][kfold_wrapper.log_eval_metrics] Accuracy(layer_3 - estimator_1 - 12_folds.train_2.predict)=69.48%
[ 2020-05-21 11:30:11,339][kfold_wrapper.log_eval_metrics] Accuracy(layer_3 - estimator_1 - 12_folds.train_3.predict)=69.88%
[ 2020-05-21 11:30:11,730][kfold_wrapper.log_eval_metrics] Accuracy(layer_3 - estimator_1 - 12_folds.train_4.predict)=76.21%
[ 2020-05-21 11:30:12,108][kfold_wrapper.log_eval_metrics] Accuracy(layer_3 - estimator_1 - 12_folds.train_5.predict)=68.55%
[ 2020-05-21 11:30:12,470][kfold_wrapper.log_eval_metrics] Accuracy(layer_3 - estimator_1 - 12_folds.train_6.predict)=70.56%
[ 2020-05-21 11:30:12,853][kfold_wrapper.log_eval_metrics] Accuracy(layer_3 - estimator_1 - 12_folds.train_7.predict)=68.15%
[ 2020-05-21 11:30:13,244][kfold_wrapper.log_eval_metrics] Accuracy(layer_3 - estimator_1 - 12_folds.train_8.predict)=68.55%
[ 2020-05-21 11:30:13,634][kfold_wrapper.log_eval_metrics] Accuracy(layer_3 - estimator_1 - 12_folds.train_9.predict)=67.74%
[ 2020-05-21 11:30:14,025][kfold_wrapper.log_eval_metrics] Accuracy(layer_3 - estimator_1 - 12_folds.train_10.predict)=72.58%
[ 2020-05-21 11:30:14,411][kfold_wrapper.log_eval_metrics] Accuracy(layer_3 - estimator_1 - 12_folds.train_11.predict)=70.56%
[ 2020-05-21 11:30:14,536][kfold_wrapper.log_eval_metrics] Accuracy(layer_3 - estimator_1 - 12_folds.train_cv.predict)=70.17%
[ 2020-05-21 11:30:14,536][kfold_wrapper.log_eval_metrics] Accuracy(layer_3 - estimator_1 - 12_folds.test.predict)=72.35%
[ 2020-05-21 11:30:14,614][kfold_wrapper.log_eval_metrics] Accuracy(layer_3 - estimator_2 - 12_folds.train_0.predict)=75.50%
[ 2020-05-21 11:30:14,692][kfold_wrapper.log_eval_metrics] Accuracy(layer_3 - estimator_2 - 12_folds.train_1.predict)=75.50%
[ 2020-05-21 11:30:14,754][kfold_wrapper.log_eval_metrics] Accuracy(layer_3 - estimator_2 - 12_folds.train_2.predict)=75.50%
[ 2020-05-21 11:30:14,832][kfold_wrapper.log_eval_metrics] Accuracy(layer_3 - estimator_2 - 12_folds.train_3.predict)=75.50%
[ 2020-05-21 11:30:14,911][kfold_wrapper.log_eval_metrics] Accuracy(layer_3 - estimator_2 - 12_folds.train_4.predict)=75.81%
[ 2020-05-21 11:30:14,973][kfold_wrapper.log_eval_metrics] Accuracy(layer_3 - estimator_2 - 12_folds.train_5.predict)=75.81%
[ 2020-05-21 11:30:15,051][kfold_wrapper.log_eval_metrics] Accuracy(layer_3 - estimator_2 - 12_folds.train_6.predict)=75.81%
[ 2020-05-21 11:30:15,129][kfold_wrapper.log_eval_metrics] Accuracy(layer_3 - estimator_2 - 12_folds.train_7.predict)=75.81%
[ 2020-05-21 11:30:15,207][kfold_wrapper.log_eval_metrics] Accuracy(layer_3 - estimator_2 - 12_folds.train_8.predict)=75.81%
[ 2020-05-21 11:30:15,285][kfold_wrapper.log_eval_metrics] Accuracy(layer_3 - estimator_2 - 12_folds.train_9.predict)=75.81%
[ 2020-05-21 11:30:15,364][kfold_wrapper.log_eval_metrics] Accuracy(layer_3 - estimator_2 - 12_folds.train_10.predict)=75.81%
[ 2020-05-21 11:30:15,426][kfold_wrapper.log_eval_metrics] Accuracy(layer_3 - estimator_2 - 12_folds.train_11.predict)=75.81%
[ 2020-05-21 11:30:15,426][kfold_wrapper.log_eval_metrics] Accuracy(layer_3 - estimator_2 - 12_folds.train_cv.predict)=75.70%
[ 2020-05-21 11:30:15,426][kfold_wrapper.log_eval_metrics] Accuracy(layer_3 - estimator_2 - 12_folds.test.predict)=83.09%
[ 2020-05-21 11:30:15,426][cascade_classifier.calc_accuracy] Accuracy(layer_3 - train.classifier_average)=73.83%
[ 2020-05-21 11:30:15,426][cascade_classifier.calc_accuracy] Accuracy(layer_3 - test.classifier_average)=80.27%
[ 2020-05-21 11:30:15,426][cascade_classifier.fit_transform] [layer=4] look_indexs=[0], X_cur_train.shape=(2980, 11), X_cur_test.shape=(745, 11)
[ 2020-05-21 11:30:15,692][kfold_wrapper.log_eval_metrics] Accuracy(layer_4 - estimator_0 - 12_folds.train_0.predict)=70.28%
[ 2020-05-21 11:30:16,082][kfold_wrapper.log_eval_metrics] Accuracy(layer_4 - estimator_0 - 12_folds.train_1.predict)=71.49%
[ 2020-05-21 11:30:16,473][kfold_wrapper.log_eval_metrics] Accuracy(layer_4 - estimator_0 - 12_folds.train_2.predict)=74.30%
[ 2020-05-21 11:30:16,863][kfold_wrapper.log_eval_metrics] Accuracy(layer_4 - estimator_0 - 12_folds.train_3.predict)=71.49%
[ 2020-05-21 11:30:17,251][kfold_wrapper.log_eval_metrics] Accuracy(layer_4 - estimator_0 - 12_folds.train_4.predict)=70.97%
[ 2020-05-21 11:30:17,642][kfold_wrapper.log_eval_metrics] Accuracy(layer_4 - estimator_0 - 12_folds.train_5.predict)=71.77%
[ 2020-05-21 11:30:18,032][kfold_wrapper.log_eval_metrics] Accuracy(layer_4 - estimator_0 - 12_folds.train_6.predict)=71.37%
[ 2020-05-21 11:30:18,423][kfold_wrapper.log_eval_metrics] Accuracy(layer_4 - estimator_0 - 12_folds.train_7.predict)=74.60%
[ 2020-05-21 11:30:18,813][kfold_wrapper.log_eval_metrics] Accuracy(layer_4 - estimator_0 - 12_folds.train_8.predict)=71.77%
[ 2020-05-21 11:30:19,204][kfold_wrapper.log_eval_metrics] Accuracy(layer_4 - estimator_0 - 12_folds.train_9.predict)=75.00%
[ 2020-05-21 11:30:19,594][kfold_wrapper.log_eval_metrics] Accuracy(layer_4 - estimator_0 - 12_folds.train_10.predict)=72.58%
[ 2020-05-21 11:30:20,079][kfold_wrapper.log_eval_metrics] Accuracy(layer_4 - estimator_0 - 12_folds.train_11.predict)=70.56%
[ 2020-05-21 11:30:20,204][kfold_wrapper.log_eval_metrics] Accuracy(layer_4 - estimator_0 - 12_folds.train_cv.predict)=72.18%
[ 2020-05-21 11:30:20,204][kfold_wrapper.log_eval_metrics] Accuracy(layer_4 - estimator_0 - 12_folds.test.predict)=82.15%
[ 2020-05-21 11:30:20,485][kfold_wrapper.log_eval_metrics] Accuracy(layer_4 - estimator_1 - 12_folds.train_0.predict)=71.49%
[ 2020-05-21 11:30:20,875][kfold_wrapper.log_eval_metrics] Accuracy(layer_4 - estimator_1 - 12_folds.train_1.predict)=67.87%
[ 2020-05-21 11:30:21,266][kfold_wrapper.log_eval_metrics] Accuracy(layer_4 - estimator_1 - 12_folds.train_2.predict)=71.08%
[ 2020-05-21 11:30:21,656][kfold_wrapper.log_eval_metrics] Accuracy(layer_4 - estimator_1 - 12_folds.train_3.predict)=71.49%
[ 2020-05-21 11:30:22,047][kfold_wrapper.log_eval_metrics] Accuracy(layer_4 - estimator_1 - 12_folds.train_4.predict)=72.58%
[ 2020-05-21 11:30:22,437][kfold_wrapper.log_eval_metrics] Accuracy(layer_4 - estimator_1 - 12_folds.train_5.predict)=70.56%
[ 2020-05-21 11:30:22,828][kfold_wrapper.log_eval_metrics] Accuracy(layer_4 - estimator_1 - 12_folds.train_6.predict)=71.37%
[ 2020-05-21 11:30:23,218][kfold_wrapper.log_eval_metrics] Accuracy(layer_4 - estimator_1 - 12_folds.train_7.predict)=73.39%
[ 2020-05-21 11:30:23,609][kfold_wrapper.log_eval_metrics] Accuracy(layer_4 - estimator_1 - 12_folds.train_8.predict)=72.58%
[ 2020-05-21 11:30:24,000][kfold_wrapper.log_eval_metrics] Accuracy(layer_4 - estimator_1 - 12_folds.train_9.predict)=69.35%
[ 2020-05-21 11:30:24,390][kfold_wrapper.log_eval_metrics] Accuracy(layer_4 - estimator_1 - 12_folds.train_10.predict)=70.97%
[ 2020-05-21 11:30:24,781][kfold_wrapper.log_eval_metrics] Accuracy(layer_4 - estimator_1 - 12_folds.train_11.predict)=67.34%
[ 2020-05-21 11:30:24,906][kfold_wrapper.log_eval_metrics] Accuracy(layer_4 - estimator_1 - 12_folds.train_cv.predict)=70.84%
[ 2020-05-21 11:30:24,906][kfold_wrapper.log_eval_metrics] Accuracy(layer_4 - estimator_1 - 12_folds.test.predict)=79.46%
[ 2020-05-21 11:30:24,984][kfold_wrapper.log_eval_metrics] Accuracy(layer_4 - estimator_2 - 12_folds.train_0.predict)=75.50%
[ 2020-05-21 11:30:25,062][kfold_wrapper.log_eval_metrics] Accuracy(layer_4 - estimator_2 - 12_folds.train_1.predict)=75.50%
[ 2020-05-21 11:30:25,140][kfold_wrapper.log_eval_metrics] Accuracy(layer_4 - estimator_2 - 12_folds.train_2.predict)=75.50%
[ 2020-05-21 11:30:25,202][kfold_wrapper.log_eval_metrics] Accuracy(layer_4 - estimator_2 - 12_folds.train_3.predict)=75.50%
[ 2020-05-21 11:30:25,265][kfold_wrapper.log_eval_metrics] Accuracy(layer_4 - estimator_2 - 12_folds.train_4.predict)=75.81%
[ 2020-05-21 11:30:25,343][kfold_wrapper.log_eval_metrics] Accuracy(layer_4 - estimator_2 - 12_folds.train_5.predict)=75.81%
[ 2020-05-21 11:30:25,421][kfold_wrapper.log_eval_metrics] Accuracy(layer_4 - estimator_2 - 12_folds.train_6.predict)=75.81%
[ 2020-05-21 11:30:25,483][kfold_wrapper.log_eval_metrics] Accuracy(layer_4 - estimator_2 - 12_folds.train_7.predict)=75.81%
[ 2020-05-21 11:30:25,562][kfold_wrapper.log_eval_metrics] Accuracy(layer_4 - estimator_2 - 12_folds.train_8.predict)=75.81%
[ 2020-05-21 11:30:25,624][kfold_wrapper.log_eval_metrics] Accuracy(layer_4 - estimator_2 - 12_folds.train_9.predict)=75.81%
[ 2020-05-21 11:30:25,718][kfold_wrapper.log_eval_metrics] Accuracy(layer_4 - estimator_2 - 12_folds.train_10.predict)=75.81%
[ 2020-05-21 11:30:25,796][kfold_wrapper.log_eval_metrics] Accuracy(layer_4 - estimator_2 - 12_folds.train_11.predict)=75.81%
[ 2020-05-21 11:30:25,796][kfold_wrapper.log_eval_metrics] Accuracy(layer_4 - estimator_2 - 12_folds.train_cv.predict)=75.70%
[ 2020-05-21 11:30:25,796][kfold_wrapper.log_eval_metrics] Accuracy(layer_4 - estimator_2 - 12_folds.test.predict)=83.09%
[ 2020-05-21 11:30:25,812][cascade_classifier.calc_accuracy] Accuracy(layer_4 - train.classifier_average)=74.63%
[ 2020-05-21 11:30:25,812][cascade_classifier.calc_accuracy] Accuracy(layer_4 - test.classifier_average)=82.95%
[ 2020-05-21 11:30:25,812][cascade_classifier.fit_transform] [layer=5] look_indexs=[0], X_cur_train.shape=(2980, 11), X_cur_test.shape=(745, 11)
[ 2020-05-21 11:30:26,077][kfold_wrapper.log_eval_metrics] Accuracy(layer_5 - estimator_0 - 12_folds.train_0.predict)=75.10%
[ 2020-05-21 11:30:26,452][kfold_wrapper.log_eval_metrics] Accuracy(layer_5 - estimator_0 - 12_folds.train_1.predict)=73.90%
[ 2020-05-21 11:30:26,843][kfold_wrapper.log_eval_metrics] Accuracy(layer_5 - estimator_0 - 12_folds.train_2.predict)=71.08%
[ 2020-05-21 11:30:27,233][kfold_wrapper.log_eval_metrics] Accuracy(layer_5 - estimator_0 - 12_folds.train_3.predict)=72.69%
[ 2020-05-21 11:30:27,624][kfold_wrapper.log_eval_metrics] Accuracy(layer_5 - estimator_0 - 12_folds.train_4.predict)=75.00%
[ 2020-05-21 11:30:28,020][kfold_wrapper.log_eval_metrics] Accuracy(layer_5 - estimator_0 - 12_folds.train_5.predict)=72.98%
[ 2020-05-21 11:30:28,410][kfold_wrapper.log_eval_metrics] Accuracy(layer_5 - estimator_0 - 12_folds.train_6.predict)=72.58%
[ 2020-05-21 11:30:28,801][kfold_wrapper.log_eval_metrics] Accuracy(layer_5 - estimator_0 - 12_folds.train_7.predict)=71.77%
[ 2020-05-21 11:30:29,189][kfold_wrapper.log_eval_metrics] Accuracy(layer_5 - estimator_0 - 12_folds.train_8.predict)=72.98%
[ 2020-05-21 11:30:29,580][kfold_wrapper.log_eval_metrics] Accuracy(layer_5 - estimator_0 - 12_folds.train_9.predict)=69.76%
[ 2020-05-21 11:30:29,955][kfold_wrapper.log_eval_metrics] Accuracy(layer_5 - estimator_0 - 12_folds.train_10.predict)=70.97%
[ 2020-05-21 11:30:30,345][kfold_wrapper.log_eval_metrics] Accuracy(layer_5 - estimator_0 - 12_folds.train_11.predict)=75.40%
[ 2020-05-21 11:30:30,470][kfold_wrapper.log_eval_metrics] Accuracy(layer_5 - estimator_0 - 12_folds.train_cv.predict)=72.85%
[ 2020-05-21 11:30:30,470][kfold_wrapper.log_eval_metrics] Accuracy(layer_5 - estimator_0 - 12_folds.test.predict)=74.77%
[ 2020-05-21 11:30:30,751][kfold_wrapper.log_eval_metrics] Accuracy(layer_5 - estimator_1 - 12_folds.train_0.predict)=70.28%
[ 2020-05-21 11:30:31,142][kfold_wrapper.log_eval_metrics] Accuracy(layer_5 - estimator_1 - 12_folds.train_1.predict)=72.29%
[ 2020-05-21 11:30:31,517][kfold_wrapper.log_eval_metrics] Accuracy(layer_5 - estimator_1 - 12_folds.train_2.predict)=73.90%
[ 2020-05-21 11:30:31,907][kfold_wrapper.log_eval_metrics] Accuracy(layer_5 - estimator_1 - 12_folds.train_3.predict)=67.07%
[ 2020-05-21 11:30:32,298][kfold_wrapper.log_eval_metrics] Accuracy(layer_5 - estimator_1 - 12_folds.train_4.predict)=67.34%
[ 2020-05-21 11:30:32,688][kfold_wrapper.log_eval_metrics] Accuracy(layer_5 - estimator_1 - 12_folds.train_5.predict)=72.18%
[ 2020-05-21 11:30:33,079][kfold_wrapper.log_eval_metrics] Accuracy(layer_5 - estimator_1 - 12_folds.train_6.predict)=71.77%
[ 2020-05-21 11:30:33,469][kfold_wrapper.log_eval_metrics] Accuracy(layer_5 - estimator_1 - 12_folds.train_7.predict)=68.55%
[ 2020-05-21 11:30:33,860][kfold_wrapper.log_eval_metrics] Accuracy(layer_5 - estimator_1 - 12_folds.train_8.predict)=72.58%
[ 2020-05-21 11:30:34,251][kfold_wrapper.log_eval_metrics] Accuracy(layer_5 - estimator_1 - 12_folds.train_9.predict)=67.34%
[ 2020-05-21 11:30:34,641][kfold_wrapper.log_eval_metrics] Accuracy(layer_5 - estimator_1 - 12_folds.train_10.predict)=68.55%
[ 2020-05-21 11:30:35,032][kfold_wrapper.log_eval_metrics] Accuracy(layer_5 - estimator_1 - 12_folds.train_11.predict)=72.18%
[ 2020-05-21 11:30:35,157][kfold_wrapper.log_eval_metrics] Accuracy(layer_5 - estimator_1 - 12_folds.train_cv.predict)=70.34%
[ 2020-05-21 11:30:35,157][kfold_wrapper.log_eval_metrics] Accuracy(layer_5 - estimator_1 - 12_folds.test.predict)=72.75%
[ 2020-05-21 11:30:35,250][kfold_wrapper.log_eval_metrics] Accuracy(layer_5 - estimator_2 - 12_folds.train_0.predict)=75.50%
[ 2020-05-21 11:30:35,328][kfold_wrapper.log_eval_metrics] Accuracy(layer_5 - estimator_2 - 12_folds.train_1.predict)=75.50%
[ 2020-05-21 11:30:35,406][kfold_wrapper.log_eval_metrics] Accuracy(layer_5 - estimator_2 - 12_folds.train_2.predict)=75.50%
[ 2020-05-21 11:30:35,469][kfold_wrapper.log_eval_metrics] Accuracy(layer_5 - estimator_2 - 12_folds.train_3.predict)=75.50%
[ 2020-05-21 11:30:35,531][kfold_wrapper.log_eval_metrics] Accuracy(layer_5 - estimator_2 - 12_folds.train_4.predict)=75.81%
[ 2020-05-21 11:30:35,609][kfold_wrapper.log_eval_metrics] Accuracy(layer_5 - estimator_2 - 12_folds.train_5.predict)=75.81%
[ 2020-05-21 11:30:35,688][kfold_wrapper.log_eval_metrics] Accuracy(layer_5 - estimator_2 - 12_folds.train_6.predict)=75.81%
[ 2020-05-21 11:30:35,766][kfold_wrapper.log_eval_metrics] Accuracy(layer_5 - estimator_2 - 12_folds.train_7.predict)=75.81%
[ 2020-05-21 11:30:35,859][kfold_wrapper.log_eval_metrics] Accuracy(layer_5 - estimator_2 - 12_folds.train_8.predict)=75.81%
[ 2020-05-21 11:30:35,938][kfold_wrapper.log_eval_metrics] Accuracy(layer_5 - estimator_2 - 12_folds.train_9.predict)=75.81%
[ 2020-05-21 11:30:36,016][kfold_wrapper.log_eval_metrics] Accuracy(layer_5 - estimator_2 - 12_folds.train_10.predict)=75.81%
[ 2020-05-21 11:30:36,094][kfold_wrapper.log_eval_metrics] Accuracy(layer_5 - estimator_2 - 12_folds.train_11.predict)=75.81%
[ 2020-05-21 11:30:36,094][kfold_wrapper.log_eval_metrics] Accuracy(layer_5 - estimator_2 - 12_folds.train_cv.predict)=75.70%
[ 2020-05-21 11:30:36,109][kfold_wrapper.log_eval_metrics] Accuracy(layer_5 - estimator_2 - 12_folds.test.predict)=83.09%
[ 2020-05-21 11:30:36,109][cascade_classifier.calc_accuracy] Accuracy(layer_5 - train.classifier_average)=74.16%
[ 2020-05-21 11:30:36,109][cascade_classifier.calc_accuracy] Accuracy(layer_5 - test.classifier_average)=81.07%
[ 2020-05-21 11:30:36,109][cascade_classifier.fit_transform] [layer=6] look_indexs=[0], X_cur_train.shape=(2980, 11), X_cur_test.shape=(745, 11)
[ 2020-05-21 11:30:36,375][kfold_wrapper.log_eval_metrics] Accuracy(layer_6 - estimator_0 - 12_folds.train_0.predict)=67.87%
[ 2020-05-21 11:30:36,766][kfold_wrapper.log_eval_metrics] Accuracy(layer_6 - estimator_0 - 12_folds.train_1.predict)=71.89%
[ 2020-05-21 11:30:37,156][kfold_wrapper.log_eval_metrics] Accuracy(layer_6 - estimator_0 - 12_folds.train_2.predict)=73.90%
[ 2020-05-21 11:30:37,547][kfold_wrapper.log_eval_metrics] Accuracy(layer_6 - estimator_0 - 12_folds.train_3.predict)=72.69%
[ 2020-05-21 11:30:37,937][kfold_wrapper.log_eval_metrics] Accuracy(layer_6 - estimator_0 - 12_folds.train_4.predict)=71.77%
[ 2020-05-21 11:30:38,328][kfold_wrapper.log_eval_metrics] Accuracy(layer_6 - estimator_0 - 12_folds.train_5.predict)=72.58%
[ 2020-05-21 11:30:38,718][kfold_wrapper.log_eval_metrics] Accuracy(layer_6 - estimator_0 - 12_folds.train_6.predict)=74.60%
[ 2020-05-21 11:30:39,109][kfold_wrapper.log_eval_metrics] Accuracy(layer_6 - estimator_0 - 12_folds.train_7.predict)=72.18%
[ 2020-05-21 11:30:39,499][kfold_wrapper.log_eval_metrics] Accuracy(layer_6 - estimator_0 - 12_folds.train_8.predict)=73.39%
[ 2020-05-21 11:30:39,874][kfold_wrapper.log_eval_metrics] Accuracy(layer_6 - estimator_0 - 12_folds.train_9.predict)=72.98%
[ 2020-05-21 11:30:40,265][kfold_wrapper.log_eval_metrics] Accuracy(layer_6 - estimator_0 - 12_folds.train_10.predict)=70.56%
[ 2020-05-21 11:30:40,655][kfold_wrapper.log_eval_metrics] Accuracy(layer_6 - estimator_0 - 12_folds.train_11.predict)=74.60%
[ 2020-05-21 11:30:40,780][kfold_wrapper.log_eval_metrics] Accuracy(layer_6 - estimator_0 - 12_folds.train_cv.predict)=72.42%
[ 2020-05-21 11:30:40,780][kfold_wrapper.log_eval_metrics] Accuracy(layer_6 - estimator_0 - 12_folds.test.predict)=72.89%
[ 2020-05-21 11:30:41,061][kfold_wrapper.log_eval_metrics] Accuracy(layer_6 - estimator_1 - 12_folds.train_0.predict)=73.09%
[ 2020-05-21 11:30:41,452][kfold_wrapper.log_eval_metrics] Accuracy(layer_6 - estimator_1 - 12_folds.train_1.predict)=73.09%
[ 2020-05-21 11:30:41,842][kfold_wrapper.log_eval_metrics] Accuracy(layer_6 - estimator_1 - 12_folds.train_2.predict)=73.90%
[ 2020-05-21 11:30:42,217][kfold_wrapper.log_eval_metrics] Accuracy(layer_6 - estimator_1 - 12_folds.train_3.predict)=71.89%
[ 2020-05-21 11:30:42,608][kfold_wrapper.log_eval_metrics] Accuracy(layer_6 - estimator_1 - 12_folds.train_4.predict)=67.34%
[ 2020-05-21 11:30:42,998][kfold_wrapper.log_eval_metrics] Accuracy(layer_6 - estimator_1 - 12_folds.train_5.predict)=70.56%
[ 2020-05-21 11:30:43,389][kfold_wrapper.log_eval_metrics] Accuracy(layer_6 - estimator_1 - 12_folds.train_6.predict)=71.77%
[ 2020-05-21 11:30:43,780][kfold_wrapper.log_eval_metrics] Accuracy(layer_6 - estimator_1 - 12_folds.train_7.predict)=74.19%
[ 2020-05-21 11:30:44,170][kfold_wrapper.log_eval_metrics] Accuracy(layer_6 - estimator_1 - 12_folds.train_8.predict)=70.56%
[ 2020-05-21 11:30:44,522][kfold_wrapper.log_eval_metrics] Accuracy(layer_6 - estimator_1 - 12_folds.train_9.predict)=72.58%
[ 2020-05-21 11:30:44,873][kfold_wrapper.log_eval_metrics] Accuracy(layer_6 - estimator_1 - 12_folds.train_10.predict)=70.16%
[ 2020-05-21 11:30:45,240][kfold_wrapper.log_eval_metrics] Accuracy(layer_6 - estimator_1 - 12_folds.train_11.predict)=67.34%
[ 2020-05-21 11:30:45,359][kfold_wrapper.log_eval_metrics] Accuracy(layer_6 - estimator_1 - 12_folds.train_cv.predict)=71.38%
[ 2020-05-21 11:30:45,359][kfold_wrapper.log_eval_metrics] Accuracy(layer_6 - estimator_1 - 12_folds.test.predict)=72.75%
[ 2020-05-21 11:30:45,453][kfold_wrapper.log_eval_metrics] Accuracy(layer_6 - estimator_2 - 12_folds.train_0.predict)=75.50%
[ 2020-05-21 11:30:45,531][kfold_wrapper.log_eval_metrics] Accuracy(layer_6 - estimator_2 - 12_folds.train_1.predict)=75.50%
[ 2020-05-21 11:30:45,610][kfold_wrapper.log_eval_metrics] Accuracy(layer_6 - estimator_2 - 12_folds.train_2.predict)=75.50%
[ 2020-05-21 11:30:45,684][kfold_wrapper.log_eval_metrics] Accuracy(layer_6 - estimator_2 - 12_folds.train_3.predict)=75.50%
[ 2020-05-21 11:30:45,758][kfold_wrapper.log_eval_metrics] Accuracy(layer_6 - estimator_2 - 12_folds.train_4.predict)=75.81%
[ 2020-05-21 11:30:45,838][kfold_wrapper.log_eval_metrics] Accuracy(layer_6 - estimator_2 - 12_folds.train_5.predict)=75.81%
[ 2020-05-21 11:30:45,909][kfold_wrapper.log_eval_metrics] Accuracy(layer_6 - estimator_2 - 12_folds.train_6.predict)=75.81%
[ 2020-05-21 11:30:45,980][kfold_wrapper.log_eval_metrics] Accuracy(layer_6 - estimator_2 - 12_folds.train_7.predict)=75.81%
[ 2020-05-21 11:30:46,053][kfold_wrapper.log_eval_metrics] Accuracy(layer_6 - estimator_2 - 12_folds.train_8.predict)=75.81%
[ 2020-05-21 11:30:46,122][kfold_wrapper.log_eval_metrics] Accuracy(layer_6 - estimator_2 - 12_folds.train_9.predict)=75.81%
[ 2020-05-21 11:30:46,192][kfold_wrapper.log_eval_metrics] Accuracy(layer_6 - estimator_2 - 12_folds.train_10.predict)=75.81%
[ 2020-05-21 11:30:46,264][kfold_wrapper.log_eval_metrics] Accuracy(layer_6 - estimator_2 - 12_folds.train_11.predict)=75.81%
[ 2020-05-21 11:30:46,267][kfold_wrapper.log_eval_metrics] Accuracy(layer_6 - estimator_2 - 12_folds.train_cv.predict)=75.70%
[ 2020-05-21 11:30:46,270][kfold_wrapper.log_eval_metrics] Accuracy(layer_6 - estimator_2 - 12_folds.test.predict)=83.09%
[ 2020-05-21 11:30:46,272][cascade_classifier.calc_accuracy] Accuracy(layer_6 - train.classifier_average)=75.17%
[ 2020-05-21 11:30:46,274][cascade_classifier.calc_accuracy] Accuracy(layer_6 - test.classifier_average)=79.73%
[ 2020-05-21 11:30:46,278][cascade_classifier.fit_transform] [layer=7] look_indexs=[0], X_cur_train.shape=(2980, 11), X_cur_test.shape=(745, 11)
[ 2020-05-21 11:30:46,511][kfold_wrapper.log_eval_metrics] Accuracy(layer_7 - estimator_0 - 12_folds.train_0.predict)=72.69%
[ 2020-05-21 11:30:46,893][kfold_wrapper.log_eval_metrics] Accuracy(layer_7 - estimator_0 - 12_folds.train_1.predict)=70.28%
[ 2020-05-21 11:30:47,283][kfold_wrapper.log_eval_metrics] Accuracy(layer_7 - estimator_0 - 12_folds.train_2.predict)=69.48%
[ 2020-05-21 11:30:47,658][kfold_wrapper.log_eval_metrics] Accuracy(layer_7 - estimator_0 - 12_folds.train_3.predict)=74.70%
[ 2020-05-21 11:30:48,040][kfold_wrapper.log_eval_metrics] Accuracy(layer_7 - estimator_0 - 12_folds.train_4.predict)=69.76%
[ 2020-05-21 11:30:48,430][kfold_wrapper.log_eval_metrics] Accuracy(layer_7 - estimator_0 - 12_folds.train_5.predict)=72.98%
[ 2020-05-21 11:30:48,820][kfold_wrapper.log_eval_metrics] Accuracy(layer_7 - estimator_0 - 12_folds.train_6.predict)=69.35%
[ 2020-05-21 11:30:49,211][kfold_wrapper.log_eval_metrics] Accuracy(layer_7 - estimator_0 - 12_folds.train_7.predict)=71.37%
[ 2020-05-21 11:30:49,602][kfold_wrapper.log_eval_metrics] Accuracy(layer_7 - estimator_0 - 12_folds.train_8.predict)=72.18%
[ 2020-05-21 11:30:49,992][kfold_wrapper.log_eval_metrics] Accuracy(layer_7 - estimator_0 - 12_folds.train_9.predict)=73.79%
[ 2020-05-21 11:30:50,383][kfold_wrapper.log_eval_metrics] Accuracy(layer_7 - estimator_0 - 12_folds.train_10.predict)=75.40%
[ 2020-05-21 11:30:50,773][kfold_wrapper.log_eval_metrics] Accuracy(layer_7 - estimator_0 - 12_folds.train_11.predict)=72.98%
[ 2020-05-21 11:30:50,898][kfold_wrapper.log_eval_metrics] Accuracy(layer_7 - estimator_0 - 12_folds.train_cv.predict)=72.08%
[ 2020-05-21 11:30:50,898][kfold_wrapper.log_eval_metrics] Accuracy(layer_7 - estimator_0 - 12_folds.test.predict)=73.83%
[ 2020-05-21 11:30:51,179][kfold_wrapper.log_eval_metrics] Accuracy(layer_7 - estimator_1 - 12_folds.train_0.predict)=68.27%
[ 2020-05-21 11:30:51,555][kfold_wrapper.log_eval_metrics] Accuracy(layer_7 - estimator_1 - 12_folds.train_1.predict)=67.07%
[ 2020-05-21 11:30:51,920][kfold_wrapper.log_eval_metrics] Accuracy(layer_7 - estimator_1 - 12_folds.train_2.predict)=67.87%
[ 2020-05-21 11:30:52,282][kfold_wrapper.log_eval_metrics] Accuracy(layer_7 - estimator_1 - 12_folds.train_3.predict)=70.68%
[ 2020-05-21 11:30:52,646][kfold_wrapper.log_eval_metrics] Accuracy(layer_7 - estimator_1 - 12_folds.train_4.predict)=68.95%
[ 2020-05-21 11:30:53,003][kfold_wrapper.log_eval_metrics] Accuracy(layer_7 - estimator_1 - 12_folds.train_5.predict)=73.39%
[ 2020-05-21 11:30:53,368][kfold_wrapper.log_eval_metrics] Accuracy(layer_7 - estimator_1 - 12_folds.train_6.predict)=71.77%
[ 2020-05-21 11:30:53,713][kfold_wrapper.log_eval_metrics] Accuracy(layer_7 - estimator_1 - 12_folds.train_7.predict)=68.95%
[ 2020-05-21 11:30:54,066][kfold_wrapper.log_eval_metrics] Accuracy(layer_7 - estimator_1 - 12_folds.train_8.predict)=70.97%
[ 2020-05-21 11:30:54,456][kfold_wrapper.log_eval_metrics] Accuracy(layer_7 - estimator_1 - 12_folds.train_9.predict)=68.55%
[ 2020-05-21 11:30:54,830][kfold_wrapper.log_eval_metrics] Accuracy(layer_7 - estimator_1 - 12_folds.train_10.predict)=73.39%
[ 2020-05-21 11:30:55,221][kfold_wrapper.log_eval_metrics] Accuracy(layer_7 - estimator_1 - 12_folds.train_11.predict)=72.58%
[ 2020-05-21 11:30:55,346][kfold_wrapper.log_eval_metrics] Accuracy(layer_7 - estimator_1 - 12_folds.train_cv.predict)=70.20%
[ 2020-05-21 11:30:55,346][kfold_wrapper.log_eval_metrics] Accuracy(layer_7 - estimator_1 - 12_folds.test.predict)=73.42%
[ 2020-05-21 11:30:55,440][kfold_wrapper.log_eval_metrics] Accuracy(layer_7 - estimator_2 - 12_folds.train_0.predict)=75.50%
[ 2020-05-21 11:30:55,518][kfold_wrapper.log_eval_metrics] Accuracy(layer_7 - estimator_2 - 12_folds.train_1.predict)=75.50%
[ 2020-05-21 11:30:55,596][kfold_wrapper.log_eval_metrics] Accuracy(layer_7 - estimator_2 - 12_folds.train_2.predict)=75.50%
[ 2020-05-21 11:30:55,674][kfold_wrapper.log_eval_metrics] Accuracy(layer_7 - estimator_2 - 12_folds.train_3.predict)=75.50%
[ 2020-05-21 11:30:55,768][kfold_wrapper.log_eval_metrics] Accuracy(layer_7 - estimator_2 - 12_folds.train_4.predict)=75.81%
[ 2020-05-21 11:30:55,846][kfold_wrapper.log_eval_metrics] Accuracy(layer_7 - estimator_2 - 12_folds.train_5.predict)=75.81%
[ 2020-05-21 11:30:55,940][kfold_wrapper.log_eval_metrics] Accuracy(layer_7 - estimator_2 - 12_folds.train_6.predict)=75.81%
[ 2020-05-21 11:30:56,018][kfold_wrapper.log_eval_metrics] Accuracy(layer_7 - estimator_2 - 12_folds.train_7.predict)=75.81%
[ 2020-05-21 11:30:56,096][kfold_wrapper.log_eval_metrics] Accuracy(layer_7 - estimator_2 - 12_folds.train_8.predict)=75.81%
[ 2020-05-21 11:30:56,190][kfold_wrapper.log_eval_metrics] Accuracy(layer_7 - estimator_2 - 12_folds.train_9.predict)=75.81%
[ 2020-05-21 11:30:56,268][kfold_wrapper.log_eval_metrics] Accuracy(layer_7 - estimator_2 - 12_folds.train_10.predict)=75.81%
[ 2020-05-21 11:30:56,346][kfold_wrapper.log_eval_metrics] Accuracy(layer_7 - estimator_2 - 12_folds.train_11.predict)=75.81%
[ 2020-05-21 11:30:56,346][kfold_wrapper.log_eval_metrics] Accuracy(layer_7 - estimator_2 - 12_folds.train_cv.predict)=75.70%
[ 2020-05-21 11:30:56,346][kfold_wrapper.log_eval_metrics] Accuracy(layer_7 - estimator_2 - 12_folds.test.predict)=83.09%
[ 2020-05-21 11:30:56,346][cascade_classifier.calc_accuracy] Accuracy(layer_7 - train.classifier_average)=73.39%
[ 2020-05-21 11:30:56,346][cascade_classifier.calc_accuracy] Accuracy(layer_7 - test.classifier_average)=78.12%
[ 2020-05-21 11:30:56,361][cascade_classifier.fit_transform] [layer=8] look_indexs=[0], X_cur_train.shape=(2980, 11), X_cur_test.shape=(745, 11)
[ 2020-05-21 11:30:56,643][kfold_wrapper.log_eval_metrics] Accuracy(layer_8 - estimator_0 - 12_folds.train_0.predict)=74.30%
[ 2020-05-21 11:30:57,033][kfold_wrapper.log_eval_metrics] Accuracy(layer_8 - estimator_0 - 12_folds.train_1.predict)=70.68%
[ 2020-05-21 11:30:57,424][kfold_wrapper.log_eval_metrics] Accuracy(layer_8 - estimator_0 - 12_folds.train_2.predict)=69.08%
[ 2020-05-21 11:30:57,814][kfold_wrapper.log_eval_metrics] Accuracy(layer_8 - estimator_0 - 12_folds.train_3.predict)=70.68%
[ 2020-05-21 11:30:58,189][kfold_wrapper.log_eval_metrics] Accuracy(layer_8 - estimator_0 - 12_folds.train_4.predict)=69.35%
[ 2020-05-21 11:30:58,580][kfold_wrapper.log_eval_metrics] Accuracy(layer_8 - estimator_0 - 12_folds.train_5.predict)=67.34%
[ 2020-05-21 11:30:58,970][kfold_wrapper.log_eval_metrics] Accuracy(layer_8 - estimator_0 - 12_folds.train_6.predict)=68.55%
[ 2020-05-21 11:30:59,361][kfold_wrapper.log_eval_metrics] Accuracy(layer_8 - estimator_0 - 12_folds.train_7.predict)=73.79%
[ 2020-05-21 11:30:59,751][kfold_wrapper.log_eval_metrics] Accuracy(layer_8 - estimator_0 - 12_folds.train_8.predict)=70.56%
[ 2020-05-21 11:31:00,142][kfold_wrapper.log_eval_metrics] Accuracy(layer_8 - estimator_0 - 12_folds.train_9.predict)=75.00%
[ 2020-05-21 11:31:00,532][kfold_wrapper.log_eval_metrics] Accuracy(layer_8 - estimator_0 - 12_folds.train_10.predict)=72.98%
[ 2020-05-21 11:31:00,923][kfold_wrapper.log_eval_metrics] Accuracy(layer_8 - estimator_0 - 12_folds.train_11.predict)=73.39%
[ 2020-05-21 11:31:01,048][kfold_wrapper.log_eval_metrics] Accuracy(layer_8 - estimator_0 - 12_folds.train_cv.predict)=71.31%
[ 2020-05-21 11:31:01,048][kfold_wrapper.log_eval_metrics] Accuracy(layer_8 - estimator_0 - 12_folds.test.predict)=68.72%
[ 2020-05-21 11:31:01,329][kfold_wrapper.log_eval_metrics] Accuracy(layer_8 - estimator_1 - 12_folds.train_0.predict)=68.67%
[ 2020-05-21 11:31:01,720][kfold_wrapper.log_eval_metrics] Accuracy(layer_8 - estimator_1 - 12_folds.train_1.predict)=68.27%
[ 2020-05-21 11:31:02,110][kfold_wrapper.log_eval_metrics] Accuracy(layer_8 - estimator_1 - 12_folds.train_2.predict)=69.08%
[ 2020-05-21 11:31:02,501][kfold_wrapper.log_eval_metrics] Accuracy(layer_8 - estimator_1 - 12_folds.train_3.predict)=71.08%
[ 2020-05-21 11:31:02,891][kfold_wrapper.log_eval_metrics] Accuracy(layer_8 - estimator_1 - 12_folds.train_4.predict)=73.39%
[ 2020-05-21 11:31:03,282][kfold_wrapper.log_eval_metrics] Accuracy(layer_8 - estimator_1 - 12_folds.train_5.predict)=70.97%
[ 2020-05-21 11:31:03,672][kfold_wrapper.log_eval_metrics] Accuracy(layer_8 - estimator_1 - 12_folds.train_6.predict)=68.55%
[ 2020-05-21 11:31:04,063][kfold_wrapper.log_eval_metrics] Accuracy(layer_8 - estimator_1 - 12_folds.train_7.predict)=68.55%
[ 2020-05-21 11:31:04,459][kfold_wrapper.log_eval_metrics] Accuracy(layer_8 - estimator_1 - 12_folds.train_8.predict)=66.94%
[ 2020-05-21 11:31:04,834][kfold_wrapper.log_eval_metrics] Accuracy(layer_8 - estimator_1 - 12_folds.train_9.predict)=71.77%
[ 2020-05-21 11:31:05,225][kfold_wrapper.log_eval_metrics] Accuracy(layer_8 - estimator_1 - 12_folds.train_10.predict)=66.53%
[ 2020-05-21 11:31:05,615][kfold_wrapper.log_eval_metrics] Accuracy(layer_8 - estimator_1 - 12_folds.train_11.predict)=72.18%
[ 2020-05-21 11:31:05,740][kfold_wrapper.log_eval_metrics] Accuracy(layer_8 - estimator_1 - 12_folds.train_cv.predict)=69.66%
[ 2020-05-21 11:31:05,740][kfold_wrapper.log_eval_metrics] Accuracy(layer_8 - estimator_1 - 12_folds.test.predict)=73.02%
[ 2020-05-21 11:31:05,834][kfold_wrapper.log_eval_metrics] Accuracy(layer_8 - estimator_2 - 12_folds.train_0.predict)=75.50%
[ 2020-05-21 11:31:05,912][kfold_wrapper.log_eval_metrics] Accuracy(layer_8 - estimator_2 - 12_folds.train_1.predict)=75.50%
[ 2020-05-21 11:31:05,990][kfold_wrapper.log_eval_metrics] Accuracy(layer_8 - estimator_2 - 12_folds.train_2.predict)=75.50%
[ 2020-05-21 11:31:06,068][kfold_wrapper.log_eval_metrics] Accuracy(layer_8 - estimator_2 - 12_folds.train_3.predict)=75.50%
[ 2020-05-21 11:31:06,162][kfold_wrapper.log_eval_metrics] Accuracy(layer_8 - estimator_2 - 12_folds.train_4.predict)=75.81%
[ 2020-05-21 11:31:06,240][kfold_wrapper.log_eval_metrics] Accuracy(layer_8 - estimator_2 - 12_folds.train_5.predict)=75.81%
[ 2020-05-21 11:31:06,334][kfold_wrapper.log_eval_metrics] Accuracy(layer_8 - estimator_2 - 12_folds.train_6.predict)=75.81%
[ 2020-05-21 11:31:06,412][kfold_wrapper.log_eval_metrics] Accuracy(layer_8 - estimator_2 - 12_folds.train_7.predict)=75.81%
[ 2020-05-21 11:31:06,506][kfold_wrapper.log_eval_metrics] Accuracy(layer_8 - estimator_2 - 12_folds.train_8.predict)=75.81%
[ 2020-05-21 11:31:06,584][kfold_wrapper.log_eval_metrics] Accuracy(layer_8 - estimator_2 - 12_folds.train_9.predict)=75.81%
[ 2020-05-21 11:31:06,662][kfold_wrapper.log_eval_metrics] Accuracy(layer_8 - estimator_2 - 12_folds.train_10.predict)=75.81%
[ 2020-05-21 11:31:06,756][kfold_wrapper.log_eval_metrics] Accuracy(layer_8 - estimator_2 - 12_folds.train_11.predict)=75.81%
[ 2020-05-21 11:31:06,756][kfold_wrapper.log_eval_metrics] Accuracy(layer_8 - estimator_2 - 12_folds.train_cv.predict)=75.70%
[ 2020-05-21 11:31:06,756][kfold_wrapper.log_eval_metrics] Accuracy(layer_8 - estimator_2 - 12_folds.test.predict)=83.09%
[ 2020-05-21 11:31:06,771][cascade_classifier.calc_accuracy] Accuracy(layer_8 - train.classifier_average)=73.99%
[ 2020-05-21 11:31:06,771][cascade_classifier.calc_accuracy] Accuracy(layer_8 - test.classifier_average)=77.85%
[ 2020-05-21 11:31:06,771][cascade_classifier.fit_transform] [layer=9] look_indexs=[0], X_cur_train.shape=(2980, 11), X_cur_test.shape=(745, 11)
[ 2020-05-21 11:31:07,052][kfold_wrapper.log_eval_metrics] Accuracy(layer_9 - estimator_0 - 12_folds.train_0.predict)=72.69%
[ 2020-05-21 11:31:07,443][kfold_wrapper.log_eval_metrics] Accuracy(layer_9 - estimator_0 - 12_folds.train_1.predict)=72.69%
[ 2020-05-21 11:31:07,833][kfold_wrapper.log_eval_metrics] Accuracy(layer_9 - estimator_0 - 12_folds.train_2.predict)=73.09%
[ 2020-05-21 11:31:08,224][kfold_wrapper.log_eval_metrics] Accuracy(layer_9 - estimator_0 - 12_folds.train_3.predict)=71.49%
[ 2020-05-21 11:31:08,599][kfold_wrapper.log_eval_metrics] Accuracy(layer_9 - estimator_0 - 12_folds.train_4.predict)=69.76%
[ 2020-05-21 11:31:08,989][kfold_wrapper.log_eval_metrics] Accuracy(layer_9 - estimator_0 - 12_folds.train_5.predict)=73.39%
[ 2020-05-21 11:31:09,380][kfold_wrapper.log_eval_metrics] Accuracy(layer_9 - estimator_0 - 12_folds.train_6.predict)=71.77%
[ 2020-05-21 11:31:09,771][kfold_wrapper.log_eval_metrics] Accuracy(layer_9 - estimator_0 - 12_folds.train_7.predict)=70.97%
[ 2020-05-21 11:31:10,161][kfold_wrapper.log_eval_metrics] Accuracy(layer_9 - estimator_0 - 12_folds.train_8.predict)=72.98%
[ 2020-05-21 11:31:10,552][kfold_wrapper.log_eval_metrics] Accuracy(layer_9 - estimator_0 - 12_folds.train_9.predict)=70.56%
[ 2020-05-21 11:31:10,942][kfold_wrapper.log_eval_metrics] Accuracy(layer_9 - estimator_0 - 12_folds.train_10.predict)=71.37%
[ 2020-05-21 11:31:11,333][kfold_wrapper.log_eval_metrics] Accuracy(layer_9 - estimator_0 - 12_folds.train_11.predict)=77.02%
[ 2020-05-21 11:31:11,458][kfold_wrapper.log_eval_metrics] Accuracy(layer_9 - estimator_0 - 12_folds.train_cv.predict)=72.32%
[ 2020-05-21 11:31:11,458][kfold_wrapper.log_eval_metrics] Accuracy(layer_9 - estimator_0 - 12_folds.test.predict)=73.56%
[ 2020-05-21 11:31:11,739][kfold_wrapper.log_eval_metrics] Accuracy(layer_9 - estimator_1 - 12_folds.train_0.predict)=73.49%
[ 2020-05-21 11:31:12,129][kfold_wrapper.log_eval_metrics] Accuracy(layer_9 - estimator_1 - 12_folds.train_1.predict)=69.88%
[ 2020-05-21 11:31:12,520][kfold_wrapper.log_eval_metrics] Accuracy(layer_9 - estimator_1 - 12_folds.train_2.predict)=69.88%
[ 2020-05-21 11:31:12,910][kfold_wrapper.log_eval_metrics] Accuracy(layer_9 - estimator_1 - 12_folds.train_3.predict)=73.09%
[ 2020-05-21 11:31:13,301][kfold_wrapper.log_eval_metrics] Accuracy(layer_9 - estimator_1 - 12_folds.train_4.predict)=70.16%
[ 2020-05-21 11:31:13,691][kfold_wrapper.log_eval_metrics] Accuracy(layer_9 - estimator_1 - 12_folds.train_5.predict)=70.97%
[ 2020-05-21 11:31:14,066][kfold_wrapper.log_eval_metrics] Accuracy(layer_9 - estimator_1 - 12_folds.train_6.predict)=74.60%
[ 2020-05-21 11:31:14,457][kfold_wrapper.log_eval_metrics] Accuracy(layer_9 - estimator_1 - 12_folds.train_7.predict)=72.58%
[ 2020-05-21 11:31:14,832][kfold_wrapper.log_eval_metrics] Accuracy(layer_9 - estimator_1 - 12_folds.train_8.predict)=69.76%
[ 2020-05-21 11:31:15,222][kfold_wrapper.log_eval_metrics] Accuracy(layer_9 - estimator_1 - 12_folds.train_9.predict)=70.97%
[ 2020-05-21 11:31:15,613][kfold_wrapper.log_eval_metrics] Accuracy(layer_9 - estimator_1 - 12_folds.train_10.predict)=74.19%
[ 2020-05-21 11:31:16,003][kfold_wrapper.log_eval_metrics] Accuracy(layer_9 - estimator_1 - 12_folds.train_11.predict)=68.15%
[ 2020-05-21 11:31:16,128][kfold_wrapper.log_eval_metrics] Accuracy(layer_9 - estimator_1 - 12_folds.train_cv.predict)=71.48%
[ 2020-05-21 11:31:16,128][kfold_wrapper.log_eval_metrics] Accuracy(layer_9 - estimator_1 - 12_folds.test.predict)=70.60%
[ 2020-05-21 11:31:16,222][kfold_wrapper.log_eval_metrics] Accuracy(layer_9 - estimator_2 - 12_folds.train_0.predict)=75.50%
[ 2020-05-21 11:31:16,300][kfold_wrapper.log_eval_metrics] Accuracy(layer_9 - estimator_2 - 12_folds.train_1.predict)=75.50%
[ 2020-05-21 11:31:16,378][kfold_wrapper.log_eval_metrics] Accuracy(layer_9 - estimator_2 - 12_folds.train_2.predict)=75.50%
[ 2020-05-21 11:31:16,456][kfold_wrapper.log_eval_metrics] Accuracy(layer_9 - estimator_2 - 12_folds.train_3.predict)=75.50%
[ 2020-05-21 11:31:16,534][kfold_wrapper.log_eval_metrics] Accuracy(layer_9 - estimator_2 - 12_folds.train_4.predict)=75.81%
[ 2020-05-21 11:31:16,613][kfold_wrapper.log_eval_metrics] Accuracy(layer_9 - estimator_2 - 12_folds.train_5.predict)=75.81%
[ 2020-05-21 11:31:16,691][kfold_wrapper.log_eval_metrics] Accuracy(layer_9 - estimator_2 - 12_folds.train_6.predict)=75.81%
[ 2020-05-21 11:31:16,769][kfold_wrapper.log_eval_metrics] Accuracy(layer_9 - estimator_2 - 12_folds.train_7.predict)=75.81%
[ 2020-05-21 11:31:16,847][kfold_wrapper.log_eval_metrics] Accuracy(layer_9 - estimator_2 - 12_folds.train_8.predict)=75.81%
[ 2020-05-21 11:31:16,941][kfold_wrapper.log_eval_metrics] Accuracy(layer_9 - estimator_2 - 12_folds.train_9.predict)=75.81%
[ 2020-05-21 11:31:17,034][kfold_wrapper.log_eval_metrics] Accuracy(layer_9 - estimator_2 - 12_folds.train_10.predict)=75.81%
[ 2020-05-21 11:31:17,097][kfold_wrapper.log_eval_metrics] Accuracy(layer_9 - estimator_2 - 12_folds.train_11.predict)=75.81%
[ 2020-05-21 11:31:17,097][kfold_wrapper.log_eval_metrics] Accuracy(layer_9 - estimator_2 - 12_folds.train_cv.predict)=75.70%
[ 2020-05-21 11:31:17,113][kfold_wrapper.log_eval_metrics] Accuracy(layer_9 - estimator_2 - 12_folds.test.predict)=83.09%
[ 2020-05-21 11:31:17,113][cascade_classifier.calc_accuracy] Accuracy(layer_9 - train.classifier_average)=74.50%
[ 2020-05-21 11:31:17,113][cascade_classifier.calc_accuracy] Accuracy(layer_9 - test.classifier_average)=79.87%
[ 2020-05-21 11:31:17,113][cascade_classifier.fit_transform] [layer=10] look_indexs=[0], X_cur_train.shape=(2980, 11), X_cur_test.shape=(745, 11)
[ 2020-05-21 11:31:17,394][kfold_wrapper.log_eval_metrics] Accuracy(layer_10 - estimator_0 - 12_folds.train_0.predict)=71.08%
[ 2020-05-21 11:31:17,784][kfold_wrapper.log_eval_metrics] Accuracy(layer_10 - estimator_0 - 12_folds.train_1.predict)=71.89%
[ 2020-05-21 11:31:18,175][kfold_wrapper.log_eval_metrics] Accuracy(layer_10 - estimator_0 - 12_folds.train_2.predict)=72.69%
[ 2020-05-21 11:31:18,565][kfold_wrapper.log_eval_metrics] Accuracy(layer_10 - estimator_0 - 12_folds.train_3.predict)=77.11%
[ 2020-05-21 11:31:18,938][kfold_wrapper.log_eval_metrics] Accuracy(layer_10 - estimator_0 - 12_folds.train_4.predict)=71.77%
[ 2020-05-21 11:31:19,319][kfold_wrapper.log_eval_metrics] Accuracy(layer_10 - estimator_0 - 12_folds.train_5.predict)=71.77%
[ 2020-05-21 11:31:19,710][kfold_wrapper.log_eval_metrics] Accuracy(layer_10 - estimator_0 - 12_folds.train_6.predict)=71.37%
[ 2020-05-21 11:31:20,100][kfold_wrapper.log_eval_metrics] Accuracy(layer_10 - estimator_0 - 12_folds.train_7.predict)=70.56%
[ 2020-05-21 11:31:20,491][kfold_wrapper.log_eval_metrics] Accuracy(layer_10 - estimator_0 - 12_folds.train_8.predict)=69.76%
[ 2020-05-21 11:31:20,882][kfold_wrapper.log_eval_metrics] Accuracy(layer_10 - estimator_0 - 12_folds.train_9.predict)=72.58%
[ 2020-05-21 11:31:21,272][kfold_wrapper.log_eval_metrics] Accuracy(layer_10 - estimator_0 - 12_folds.train_10.predict)=72.98%
[ 2020-05-21 11:31:21,663][kfold_wrapper.log_eval_metrics] Accuracy(layer_10 - estimator_0 - 12_folds.train_11.predict)=72.58%
[ 2020-05-21 11:31:21,788][kfold_wrapper.log_eval_metrics] Accuracy(layer_10 - estimator_0 - 12_folds.train_cv.predict)=72.18%
[ 2020-05-21 11:31:21,788][kfold_wrapper.log_eval_metrics] Accuracy(layer_10 - estimator_0 - 12_folds.test.predict)=75.44%
[ 2020-05-21 11:31:22,069][kfold_wrapper.log_eval_metrics] Accuracy(layer_10 - estimator_1 - 12_folds.train_0.predict)=71.49%
[ 2020-05-21 11:31:22,459][kfold_wrapper.log_eval_metrics] Accuracy(layer_10 - estimator_1 - 12_folds.train_1.predict)=69.48%
[ 2020-05-21 11:31:22,850][kfold_wrapper.log_eval_metrics] Accuracy(layer_10 - estimator_1 - 12_folds.train_2.predict)=71.08%
[ 2020-05-21 11:31:23,240][kfold_wrapper.log_eval_metrics] Accuracy(layer_10 - estimator_1 - 12_folds.train_3.predict)=68.67%
[ 2020-05-21 11:31:23,631][kfold_wrapper.log_eval_metrics] Accuracy(layer_10 - estimator_1 - 12_folds.train_4.predict)=69.35%
[ 2020-05-21 11:31:24,021][kfold_wrapper.log_eval_metrics] Accuracy(layer_10 - estimator_1 - 12_folds.train_5.predict)=68.55%
[ 2020-05-21 11:31:24,414][kfold_wrapper.log_eval_metrics] Accuracy(layer_10 - estimator_1 - 12_folds.train_6.predict)=70.56%
[ 2020-05-21 11:31:24,789][kfold_wrapper.log_eval_metrics] Accuracy(layer_10 - estimator_1 - 12_folds.train_7.predict)=71.77%
[ 2020-05-21 11:31:25,180][kfold_wrapper.log_eval_metrics] Accuracy(layer_10 - estimator_1 - 12_folds.train_8.predict)=70.16%
[ 2020-05-21 11:31:25,570][kfold_wrapper.log_eval_metrics] Accuracy(layer_10 - estimator_1 - 12_folds.train_9.predict)=73.39%
[ 2020-05-21 11:31:25,961][kfold_wrapper.log_eval_metrics] Accuracy(layer_10 - estimator_1 - 12_folds.train_10.predict)=71.37%
[ 2020-05-21 11:31:26,351][kfold_wrapper.log_eval_metrics] Accuracy(layer_10 - estimator_1 - 12_folds.train_11.predict)=70.56%
[ 2020-05-21 11:31:26,476][kfold_wrapper.log_eval_metrics] Accuracy(layer_10 - estimator_1 - 12_folds.train_cv.predict)=70.54%
[ 2020-05-21 11:31:26,476][kfold_wrapper.log_eval_metrics] Accuracy(layer_10 - estimator_1 - 12_folds.test.predict)=76.11%
[ 2020-05-21 11:31:26,570][kfold_wrapper.log_eval_metrics] Accuracy(layer_10 - estimator_2 - 12_folds.train_0.predict)=75.50%
[ 2020-05-21 11:31:26,648][kfold_wrapper.log_eval_metrics] Accuracy(layer_10 - estimator_2 - 12_folds.train_1.predict)=75.50%
[ 2020-05-21 11:31:26,726][kfold_wrapper.log_eval_metrics] Accuracy(layer_10 - estimator_2 - 12_folds.train_2.predict)=75.50%
[ 2020-05-21 11:31:26,789][kfold_wrapper.log_eval_metrics] Accuracy(layer_10 - estimator_2 - 12_folds.train_3.predict)=75.50%
[ 2020-05-21 11:31:26,867][kfold_wrapper.log_eval_metrics] Accuracy(layer_10 - estimator_2 - 12_folds.train_4.predict)=75.81%
[ 2020-05-21 11:31:26,945][kfold_wrapper.log_eval_metrics] Accuracy(layer_10 - estimator_2 - 12_folds.train_5.predict)=75.81%
[ 2020-05-21 11:31:27,023][kfold_wrapper.log_eval_metrics] Accuracy(layer_10 - estimator_2 - 12_folds.train_6.predict)=75.81%
[ 2020-05-21 11:31:27,101][kfold_wrapper.log_eval_metrics] Accuracy(layer_10 - estimator_2 - 12_folds.train_7.predict)=75.81%
[ 2020-05-21 11:31:27,179][kfold_wrapper.log_eval_metrics] Accuracy(layer_10 - estimator_2 - 12_folds.train_8.predict)=75.81%
[ 2020-05-21 11:31:27,257][kfold_wrapper.log_eval_metrics] Accuracy(layer_10 - estimator_2 - 12_folds.train_9.predict)=75.81%
[ 2020-05-21 11:31:27,335][kfold_wrapper.log_eval_metrics] Accuracy(layer_10 - estimator_2 - 12_folds.train_10.predict)=75.81%
[ 2020-05-21 11:31:27,398][kfold_wrapper.log_eval_metrics] Accuracy(layer_10 - estimator_2 - 12_folds.train_11.predict)=75.81%
[ 2020-05-21 11:31:27,398][kfold_wrapper.log_eval_metrics] Accuracy(layer_10 - estimator_2 - 12_folds.train_cv.predict)=75.70%
[ 2020-05-21 11:31:27,398][kfold_wrapper.log_eval_metrics] Accuracy(layer_10 - estimator_2 - 12_folds.test.predict)=83.09%
[ 2020-05-21 11:31:27,413][cascade_classifier.calc_accuracy] Accuracy(layer_10 - train.classifier_average)=73.66%
[ 2020-05-21 11:31:27,413][cascade_classifier.calc_accuracy] Accuracy(layer_10 - test.classifier_average)=80.13%
[ 2020-05-21 11:31:27,413][cascade_classifier.fit_transform] [Result][Optimal Level Detected] opt_layer_num=7, accuracy_train=75.17%, accuracy_test=79.73%
[ 2020-05-21 11:31:27,538][cascade_classifier.transform] X_groups_test.shape=[(566, 5)]
[ 2020-05-21 11:31:27,538][cascade_classifier.transform] group_dims=[5]
[ 2020-05-21 11:31:27,554][cascade_classifier.transform] X_test.shape=(566, 5)
[ 2020-05-21 11:31:27,554][cascade_classifier.transform] [layer=0] look_indexs=[0], X_cur_test.shape=(566, 5)
[ 2020-05-21 11:31:30,475][cascade_classifier.transform] [layer=1] look_indexs=[0], X_cur_test.shape=(566, 11)
[ 2020-05-21 11:31:33,475][cascade_classifier.transform] [layer=2] look_indexs=[0], X_cur_test.shape=(566, 11)
[ 2020-05-21 11:31:36,399][cascade_classifier.transform] [layer=3] look_indexs=[0], X_cur_test.shape=(566, 11)
[ 2020-05-21 11:31:39,400][cascade_classifier.transform] [layer=4] look_indexs=[0], X_cur_test.shape=(566, 11)
[ 2020-05-21 11:31:42,352][cascade_classifier.transform] [layer=5] look_indexs=[0], X_cur_test.shape=(566, 11)
[ 2020-05-21 11:31:45,336][cascade_classifier.transform] [layer=6] look_indexs=[0], X_cur_test.shape=(566, 11)
