[ 2020-05-25 11:14:14,145][cascade_classifier.fit_transform] X_groups_train.shape=[(145, 5)],y_train.shape=(145,),X_groups_test.shape=[(98, 5)],y_test.shape=(98,)
[ 2020-05-25 11:14:14,147][cascade_classifier.fit_transform] group_dims=[5]
[ 2020-05-25 11:14:14,149][cascade_classifier.fit_transform] group_starts=[0]
[ 2020-05-25 11:14:14,155][cascade_classifier.fit_transform] group_ends=[5]
[ 2020-05-25 11:14:14,160][cascade_classifier.fit_transform] X_train.shape=(145, 5),X_test.shape=(98, 5)
[ 2020-05-25 11:14:14,165][cascade_classifier.fit_transform] [layer=0] look_indexs=[0], X_cur_train.shape=(145, 5), X_cur_test.shape=(98, 5)
[ 2020-05-25 11:14:14,427][kfold_wrapper.log_eval_metrics] Accuracy(layer_0 - estimator_0 - 12_folds.train_0.predict)=76.92%
[ 2020-05-25 11:14:14,794][kfold_wrapper.log_eval_metrics] Accuracy(layer_0 - estimator_0 - 12_folds.train_1.predict)=50.00%
[ 2020-05-25 11:14:15,139][kfold_wrapper.log_eval_metrics] Accuracy(layer_0 - estimator_0 - 12_folds.train_2.predict)=66.67%
[ 2020-05-25 11:14:15,503][kfold_wrapper.log_eval_metrics] Accuracy(layer_0 - estimator_0 - 12_folds.train_3.predict)=75.00%
[ 2020-05-25 11:14:15,856][kfold_wrapper.log_eval_metrics] Accuracy(layer_0 - estimator_0 - 12_folds.train_4.predict)=66.67%
[ 2020-05-25 11:14:16,215][kfold_wrapper.log_eval_metrics] Accuracy(layer_0 - estimator_0 - 12_folds.train_5.predict)=58.33%
[ 2020-05-25 11:14:16,577][kfold_wrapper.log_eval_metrics] Accuracy(layer_0 - estimator_0 - 12_folds.train_6.predict)=75.00%
[ 2020-05-25 11:14:16,939][kfold_wrapper.log_eval_metrics] Accuracy(layer_0 - estimator_0 - 12_folds.train_7.predict)=50.00%
[ 2020-05-25 11:14:17,306][kfold_wrapper.log_eval_metrics] Accuracy(layer_0 - estimator_0 - 12_folds.train_8.predict)=66.67%
[ 2020-05-25 11:14:17,668][kfold_wrapper.log_eval_metrics] Accuracy(layer_0 - estimator_0 - 12_folds.train_9.predict)=66.67%
[ 2020-05-25 11:14:18,033][kfold_wrapper.log_eval_metrics] Accuracy(layer_0 - estimator_0 - 12_folds.train_10.predict)=66.67%
[ 2020-05-25 11:14:18,396][kfold_wrapper.log_eval_metrics] Accuracy(layer_0 - estimator_0 - 12_folds.train_11.predict)=58.33%
[ 2020-05-25 11:14:18,512][kfold_wrapper.log_eval_metrics] Accuracy(layer_0 - estimator_0 - 12_folds.train_cv.predict)=64.83%
[ 2020-05-25 11:14:18,517][kfold_wrapper.log_eval_metrics] Accuracy(layer_0 - estimator_0 - 12_folds.test.predict)=34.69%
[ 2020-05-25 11:14:18,774][kfold_wrapper.log_eval_metrics] Accuracy(layer_0 - estimator_1 - 12_folds.train_0.predict)=38.46%
[ 2020-05-25 11:14:19,137][kfold_wrapper.log_eval_metrics] Accuracy(layer_0 - estimator_1 - 12_folds.train_1.predict)=66.67%
[ 2020-05-25 11:14:19,514][kfold_wrapper.log_eval_metrics] Accuracy(layer_0 - estimator_1 - 12_folds.train_2.predict)=50.00%
[ 2020-05-25 11:14:19,905][kfold_wrapper.log_eval_metrics] Accuracy(layer_0 - estimator_1 - 12_folds.train_3.predict)=66.67%
[ 2020-05-25 11:14:20,272][kfold_wrapper.log_eval_metrics] Accuracy(layer_0 - estimator_1 - 12_folds.train_4.predict)=83.33%
[ 2020-05-25 11:14:20,627][kfold_wrapper.log_eval_metrics] Accuracy(layer_0 - estimator_1 - 12_folds.train_5.predict)=58.33%
[ 2020-05-25 11:14:20,990][kfold_wrapper.log_eval_metrics] Accuracy(layer_0 - estimator_1 - 12_folds.train_6.predict)=50.00%
[ 2020-05-25 11:14:21,351][kfold_wrapper.log_eval_metrics] Accuracy(layer_0 - estimator_1 - 12_folds.train_7.predict)=83.33%
[ 2020-05-25 11:14:21,736][kfold_wrapper.log_eval_metrics] Accuracy(layer_0 - estimator_1 - 12_folds.train_8.predict)=66.67%
[ 2020-05-25 11:14:22,113][kfold_wrapper.log_eval_metrics] Accuracy(layer_0 - estimator_1 - 12_folds.train_9.predict)=41.67%
[ 2020-05-25 11:14:22,475][kfold_wrapper.log_eval_metrics] Accuracy(layer_0 - estimator_1 - 12_folds.train_10.predict)=50.00%
[ 2020-05-25 11:14:22,835][kfold_wrapper.log_eval_metrics] Accuracy(layer_0 - estimator_1 - 12_folds.train_11.predict)=41.67%
[ 2020-05-25 11:14:22,952][kfold_wrapper.log_eval_metrics] Accuracy(layer_0 - estimator_1 - 12_folds.train_cv.predict)=57.93%
[ 2020-05-25 11:14:22,955][kfold_wrapper.log_eval_metrics] Accuracy(layer_0 - estimator_1 - 12_folds.test.predict)=34.69%
[ 2020-05-25 11:14:22,973][kfold_wrapper.log_eval_metrics] Accuracy(layer_0 - estimator_2 - 12_folds.train_0.predict)=69.23%
[ 2020-05-25 11:14:22,990][kfold_wrapper.log_eval_metrics] Accuracy(layer_0 - estimator_2 - 12_folds.train_1.predict)=66.67%
[ 2020-05-25 11:14:23,005][kfold_wrapper.log_eval_metrics] Accuracy(layer_0 - estimator_2 - 12_folds.train_2.predict)=66.67%
[ 2020-05-25 11:14:23,018][kfold_wrapper.log_eval_metrics] Accuracy(layer_0 - estimator_2 - 12_folds.train_3.predict)=75.00%
[ 2020-05-25 11:14:23,030][kfold_wrapper.log_eval_metrics] Accuracy(layer_0 - estimator_2 - 12_folds.train_4.predict)=75.00%
[ 2020-05-25 11:14:23,045][kfold_wrapper.log_eval_metrics] Accuracy(layer_0 - estimator_2 - 12_folds.train_5.predict)=75.00%
[ 2020-05-25 11:14:23,049][kfold_wrapper.log_eval_metrics] Accuracy(layer_0 - estimator_2 - 12_folds.train_6.predict)=75.00%
[ 2020-05-25 11:14:23,065][kfold_wrapper.log_eval_metrics] Accuracy(layer_0 - estimator_2 - 12_folds.train_7.predict)=75.00%
[ 2020-05-25 11:14:23,065][kfold_wrapper.log_eval_metrics] Accuracy(layer_0 - estimator_2 - 12_folds.train_8.predict)=75.00%
[ 2020-05-25 11:14:23,065][kfold_wrapper.log_eval_metrics] Accuracy(layer_0 - estimator_2 - 12_folds.train_9.predict)=75.00%
[ 2020-05-25 11:14:23,081][kfold_wrapper.log_eval_metrics] Accuracy(layer_0 - estimator_2 - 12_folds.train_10.predict)=75.00%
[ 2020-05-25 11:14:23,081][kfold_wrapper.log_eval_metrics] Accuracy(layer_0 - estimator_2 - 12_folds.train_11.predict)=75.00%
[ 2020-05-25 11:14:23,081][kfold_wrapper.log_eval_metrics] Accuracy(layer_0 - estimator_2 - 12_folds.train_cv.predict)=73.10%
[ 2020-05-25 11:14:23,081][kfold_wrapper.log_eval_metrics] Accuracy(layer_0 - estimator_2 - 12_folds.test.predict)=73.47%
[ 2020-05-25 11:14:23,096][cascade_classifier.calc_accuracy] Accuracy(layer_0 - train.classifier_average)=68.28%
[ 2020-05-25 11:14:23,096][cascade_classifier.calc_accuracy] Accuracy(layer_0 - test.classifier_average)=35.71%
[ 2020-05-25 11:14:23,096][cascade_classifier.fit_transform] [layer=1] look_indexs=[0], X_cur_train.shape=(145, 11), X_cur_test.shape=(98, 11)
[ 2020-05-25 11:14:23,342][kfold_wrapper.log_eval_metrics] Accuracy(layer_1 - estimator_0 - 12_folds.train_0.predict)=69.23%
[ 2020-05-25 11:14:23,705][kfold_wrapper.log_eval_metrics] Accuracy(layer_1 - estimator_0 - 12_folds.train_1.predict)=66.67%
[ 2020-05-25 11:14:24,082][kfold_wrapper.log_eval_metrics] Accuracy(layer_1 - estimator_0 - 12_folds.train_2.predict)=66.67%
[ 2020-05-25 11:14:24,448][kfold_wrapper.log_eval_metrics] Accuracy(layer_1 - estimator_0 - 12_folds.train_3.predict)=66.67%
[ 2020-05-25 11:14:24,812][kfold_wrapper.log_eval_metrics] Accuracy(layer_1 - estimator_0 - 12_folds.train_4.predict)=83.33%
[ 2020-05-25 11:14:25,180][kfold_wrapper.log_eval_metrics] Accuracy(layer_1 - estimator_0 - 12_folds.train_5.predict)=75.00%
[ 2020-05-25 11:14:25,528][kfold_wrapper.log_eval_metrics] Accuracy(layer_1 - estimator_0 - 12_folds.train_6.predict)=66.67%
[ 2020-05-25 11:14:25,886][kfold_wrapper.log_eval_metrics] Accuracy(layer_1 - estimator_0 - 12_folds.train_7.predict)=66.67%
[ 2020-05-25 11:14:26,249][kfold_wrapper.log_eval_metrics] Accuracy(layer_1 - estimator_0 - 12_folds.train_8.predict)=58.33%
[ 2020-05-25 11:14:26,631][kfold_wrapper.log_eval_metrics] Accuracy(layer_1 - estimator_0 - 12_folds.train_9.predict)=58.33%
[ 2020-05-25 11:14:27,021][kfold_wrapper.log_eval_metrics] Accuracy(layer_1 - estimator_0 - 12_folds.train_10.predict)=75.00%
[ 2020-05-25 11:14:27,398][kfold_wrapper.log_eval_metrics] Accuracy(layer_1 - estimator_0 - 12_folds.train_11.predict)=75.00%
[ 2020-05-25 11:14:27,523][kfold_wrapper.log_eval_metrics] Accuracy(layer_1 - estimator_0 - 12_folds.train_cv.predict)=68.97%
[ 2020-05-25 11:14:27,523][kfold_wrapper.log_eval_metrics] Accuracy(layer_1 - estimator_0 - 12_folds.test.predict)=39.80%
[ 2020-05-25 11:14:27,788][kfold_wrapper.log_eval_metrics] Accuracy(layer_1 - estimator_1 - 12_folds.train_0.predict)=46.15%
[ 2020-05-25 11:14:28,166][kfold_wrapper.log_eval_metrics] Accuracy(layer_1 - estimator_1 - 12_folds.train_1.predict)=83.33%
[ 2020-05-25 11:14:28,529][kfold_wrapper.log_eval_metrics] Accuracy(layer_1 - estimator_1 - 12_folds.train_2.predict)=75.00%
[ 2020-05-25 11:14:28,894][kfold_wrapper.log_eval_metrics] Accuracy(layer_1 - estimator_1 - 12_folds.train_3.predict)=58.33%
[ 2020-05-25 11:14:29,256][kfold_wrapper.log_eval_metrics] Accuracy(layer_1 - estimator_1 - 12_folds.train_4.predict)=66.67%
[ 2020-05-25 11:14:29,634][kfold_wrapper.log_eval_metrics] Accuracy(layer_1 - estimator_1 - 12_folds.train_5.predict)=75.00%
[ 2020-05-25 11:14:30,025][kfold_wrapper.log_eval_metrics] Accuracy(layer_1 - estimator_1 - 12_folds.train_6.predict)=75.00%
[ 2020-05-25 11:14:30,401][kfold_wrapper.log_eval_metrics] Accuracy(layer_1 - estimator_1 - 12_folds.train_7.predict)=66.67%
[ 2020-05-25 11:14:30,776][kfold_wrapper.log_eval_metrics] Accuracy(layer_1 - estimator_1 - 12_folds.train_8.predict)=50.00%
[ 2020-05-25 11:14:31,151][kfold_wrapper.log_eval_metrics] Accuracy(layer_1 - estimator_1 - 12_folds.train_9.predict)=66.67%
[ 2020-05-25 11:14:31,543][kfold_wrapper.log_eval_metrics] Accuracy(layer_1 - estimator_1 - 12_folds.train_10.predict)=58.33%
[ 2020-05-25 11:14:31,933][kfold_wrapper.log_eval_metrics] Accuracy(layer_1 - estimator_1 - 12_folds.train_11.predict)=58.33%
[ 2020-05-25 11:14:32,058][kfold_wrapper.log_eval_metrics] Accuracy(layer_1 - estimator_1 - 12_folds.train_cv.predict)=64.83%
[ 2020-05-25 11:14:32,058][kfold_wrapper.log_eval_metrics] Accuracy(layer_1 - estimator_1 - 12_folds.test.predict)=42.86%
[ 2020-05-25 11:14:32,074][kfold_wrapper.log_eval_metrics] Accuracy(layer_1 - estimator_2 - 12_folds.train_0.predict)=69.23%
[ 2020-05-25 11:14:32,089][kfold_wrapper.log_eval_metrics] Accuracy(layer_1 - estimator_2 - 12_folds.train_1.predict)=66.67%
[ 2020-05-25 11:14:32,125][kfold_wrapper.log_eval_metrics] Accuracy(layer_1 - estimator_2 - 12_folds.train_2.predict)=66.67%
[ 2020-05-25 11:14:32,136][kfold_wrapper.log_eval_metrics] Accuracy(layer_1 - estimator_2 - 12_folds.train_3.predict)=75.00%
[ 2020-05-25 11:14:32,146][kfold_wrapper.log_eval_metrics] Accuracy(layer_1 - estimator_2 - 12_folds.train_4.predict)=75.00%
[ 2020-05-25 11:14:32,163][kfold_wrapper.log_eval_metrics] Accuracy(layer_1 - estimator_2 - 12_folds.train_5.predict)=75.00%
[ 2020-05-25 11:14:32,182][kfold_wrapper.log_eval_metrics] Accuracy(layer_1 - estimator_2 - 12_folds.train_6.predict)=75.00%
[ 2020-05-25 11:14:32,198][kfold_wrapper.log_eval_metrics] Accuracy(layer_1 - estimator_2 - 12_folds.train_7.predict)=75.00%
[ 2020-05-25 11:14:32,211][kfold_wrapper.log_eval_metrics] Accuracy(layer_1 - estimator_2 - 12_folds.train_8.predict)=75.00%
[ 2020-05-25 11:14:32,222][kfold_wrapper.log_eval_metrics] Accuracy(layer_1 - estimator_2 - 12_folds.train_9.predict)=75.00%
[ 2020-05-25 11:14:32,236][kfold_wrapper.log_eval_metrics] Accuracy(layer_1 - estimator_2 - 12_folds.train_10.predict)=75.00%
[ 2020-05-25 11:14:32,249][kfold_wrapper.log_eval_metrics] Accuracy(layer_1 - estimator_2 - 12_folds.train_11.predict)=75.00%
[ 2020-05-25 11:14:32,254][kfold_wrapper.log_eval_metrics] Accuracy(layer_1 - estimator_2 - 12_folds.train_cv.predict)=73.10%
[ 2020-05-25 11:14:32,259][kfold_wrapper.log_eval_metrics] Accuracy(layer_1 - estimator_2 - 12_folds.test.predict)=73.47%
[ 2020-05-25 11:14:32,262][cascade_classifier.calc_accuracy] Accuracy(layer_1 - train.classifier_average)=71.03%
[ 2020-05-25 11:14:32,265][cascade_classifier.calc_accuracy] Accuracy(layer_1 - test.classifier_average)=60.20%
[ 2020-05-25 11:14:32,269][cascade_classifier.fit_transform] [layer=2] look_indexs=[0], X_cur_train.shape=(145, 11), X_cur_test.shape=(98, 11)
[ 2020-05-25 11:14:32,528][kfold_wrapper.log_eval_metrics] Accuracy(layer_2 - estimator_0 - 12_folds.train_0.predict)=61.54%
[ 2020-05-25 11:14:32,919][kfold_wrapper.log_eval_metrics] Accuracy(layer_2 - estimator_0 - 12_folds.train_1.predict)=75.00%
[ 2020-05-25 11:14:33,289][kfold_wrapper.log_eval_metrics] Accuracy(layer_2 - estimator_0 - 12_folds.train_2.predict)=66.67%
[ 2020-05-25 11:14:33,651][kfold_wrapper.log_eval_metrics] Accuracy(layer_2 - estimator_0 - 12_folds.train_3.predict)=75.00%
[ 2020-05-25 11:14:34,016][kfold_wrapper.log_eval_metrics] Accuracy(layer_2 - estimator_0 - 12_folds.train_4.predict)=58.33%
[ 2020-05-25 11:14:34,378][kfold_wrapper.log_eval_metrics] Accuracy(layer_2 - estimator_0 - 12_folds.train_5.predict)=75.00%
[ 2020-05-25 11:14:34,743][kfold_wrapper.log_eval_metrics] Accuracy(layer_2 - estimator_0 - 12_folds.train_6.predict)=50.00%
[ 2020-05-25 11:14:35,106][kfold_wrapper.log_eval_metrics] Accuracy(layer_2 - estimator_0 - 12_folds.train_7.predict)=58.33%
[ 2020-05-25 11:14:35,469][kfold_wrapper.log_eval_metrics] Accuracy(layer_2 - estimator_0 - 12_folds.train_8.predict)=75.00%
[ 2020-05-25 11:14:35,833][kfold_wrapper.log_eval_metrics] Accuracy(layer_2 - estimator_0 - 12_folds.train_9.predict)=66.67%
[ 2020-05-25 11:14:36,186][kfold_wrapper.log_eval_metrics] Accuracy(layer_2 - estimator_0 - 12_folds.train_10.predict)=75.00%
[ 2020-05-25 11:14:36,544][kfold_wrapper.log_eval_metrics] Accuracy(layer_2 - estimator_0 - 12_folds.train_11.predict)=58.33%
[ 2020-05-25 11:14:36,673][kfold_wrapper.log_eval_metrics] Accuracy(layer_2 - estimator_0 - 12_folds.train_cv.predict)=66.21%
[ 2020-05-25 11:14:36,673][kfold_wrapper.log_eval_metrics] Accuracy(layer_2 - estimator_0 - 12_folds.test.predict)=40.82%
[ 2020-05-25 11:14:36,955][kfold_wrapper.log_eval_metrics] Accuracy(layer_2 - estimator_1 - 12_folds.train_0.predict)=61.54%
[ 2020-05-25 11:14:37,325][kfold_wrapper.log_eval_metrics] Accuracy(layer_2 - estimator_1 - 12_folds.train_1.predict)=58.33%
[ 2020-05-25 11:14:37,688][kfold_wrapper.log_eval_metrics] Accuracy(layer_2 - estimator_1 - 12_folds.train_2.predict)=66.67%
[ 2020-05-25 11:14:38,050][kfold_wrapper.log_eval_metrics] Accuracy(layer_2 - estimator_1 - 12_folds.train_3.predict)=75.00%
[ 2020-05-25 11:14:38,413][kfold_wrapper.log_eval_metrics] Accuracy(layer_2 - estimator_1 - 12_folds.train_4.predict)=91.67%
[ 2020-05-25 11:14:38,777][kfold_wrapper.log_eval_metrics] Accuracy(layer_2 - estimator_1 - 12_folds.train_5.predict)=66.67%
[ 2020-05-25 11:14:39,138][kfold_wrapper.log_eval_metrics] Accuracy(layer_2 - estimator_1 - 12_folds.train_6.predict)=50.00%
[ 2020-05-25 11:14:39,501][kfold_wrapper.log_eval_metrics] Accuracy(layer_2 - estimator_1 - 12_folds.train_7.predict)=66.67%
[ 2020-05-25 11:14:39,863][kfold_wrapper.log_eval_metrics] Accuracy(layer_2 - estimator_1 - 12_folds.train_8.predict)=75.00%
[ 2020-05-25 11:14:40,226][kfold_wrapper.log_eval_metrics] Accuracy(layer_2 - estimator_1 - 12_folds.train_9.predict)=75.00%
[ 2020-05-25 11:14:40,590][kfold_wrapper.log_eval_metrics] Accuracy(layer_2 - estimator_1 - 12_folds.train_10.predict)=66.67%
[ 2020-05-25 11:14:40,952][kfold_wrapper.log_eval_metrics] Accuracy(layer_2 - estimator_1 - 12_folds.train_11.predict)=58.33%
[ 2020-05-25 11:14:41,068][kfold_wrapper.log_eval_metrics] Accuracy(layer_2 - estimator_1 - 12_folds.train_cv.predict)=67.59%
[ 2020-05-25 11:14:41,069][kfold_wrapper.log_eval_metrics] Accuracy(layer_2 - estimator_1 - 12_folds.test.predict)=36.73%
[ 2020-05-25 11:14:41,084][kfold_wrapper.log_eval_metrics] Accuracy(layer_2 - estimator_2 - 12_folds.train_0.predict)=69.23%
[ 2020-05-25 11:14:41,113][kfold_wrapper.log_eval_metrics] Accuracy(layer_2 - estimator_2 - 12_folds.train_1.predict)=66.67%
[ 2020-05-25 11:14:41,134][kfold_wrapper.log_eval_metrics] Accuracy(layer_2 - estimator_2 - 12_folds.train_2.predict)=66.67%
[ 2020-05-25 11:14:41,152][kfold_wrapper.log_eval_metrics] Accuracy(layer_2 - estimator_2 - 12_folds.train_3.predict)=75.00%
[ 2020-05-25 11:14:41,169][kfold_wrapper.log_eval_metrics] Accuracy(layer_2 - estimator_2 - 12_folds.train_4.predict)=75.00%
[ 2020-05-25 11:14:41,186][kfold_wrapper.log_eval_metrics] Accuracy(layer_2 - estimator_2 - 12_folds.train_5.predict)=75.00%
[ 2020-05-25 11:14:41,200][kfold_wrapper.log_eval_metrics] Accuracy(layer_2 - estimator_2 - 12_folds.train_6.predict)=75.00%
[ 2020-05-25 11:14:41,214][kfold_wrapper.log_eval_metrics] Accuracy(layer_2 - estimator_2 - 12_folds.train_7.predict)=75.00%
[ 2020-05-25 11:14:41,226][kfold_wrapper.log_eval_metrics] Accuracy(layer_2 - estimator_2 - 12_folds.train_8.predict)=75.00%
[ 2020-05-25 11:14:41,238][kfold_wrapper.log_eval_metrics] Accuracy(layer_2 - estimator_2 - 12_folds.train_9.predict)=75.00%
[ 2020-05-25 11:14:41,248][kfold_wrapper.log_eval_metrics] Accuracy(layer_2 - estimator_2 - 12_folds.train_10.predict)=75.00%
[ 2020-05-25 11:14:41,256][kfold_wrapper.log_eval_metrics] Accuracy(layer_2 - estimator_2 - 12_folds.train_11.predict)=75.00%
[ 2020-05-25 11:14:41,258][kfold_wrapper.log_eval_metrics] Accuracy(layer_2 - estimator_2 - 12_folds.train_cv.predict)=73.10%
[ 2020-05-25 11:14:41,260][kfold_wrapper.log_eval_metrics] Accuracy(layer_2 - estimator_2 - 12_folds.test.predict)=73.47%
[ 2020-05-25 11:14:41,262][cascade_classifier.calc_accuracy] Accuracy(layer_2 - train.classifier_average)=72.41%
[ 2020-05-25 11:14:41,265][cascade_classifier.calc_accuracy] Accuracy(layer_2 - test.classifier_average)=42.86%
[ 2020-05-25 11:14:41,267][cascade_classifier.fit_transform] [layer=3] look_indexs=[0], X_cur_train.shape=(145, 11), X_cur_test.shape=(98, 11)
[ 2020-05-25 11:14:41,500][kfold_wrapper.log_eval_metrics] Accuracy(layer_3 - estimator_0 - 12_folds.train_0.predict)=61.54%
[ 2020-05-25 11:14:41,861][kfold_wrapper.log_eval_metrics] Accuracy(layer_3 - estimator_0 - 12_folds.train_1.predict)=58.33%
[ 2020-05-25 11:14:42,225][kfold_wrapper.log_eval_metrics] Accuracy(layer_3 - estimator_0 - 12_folds.train_2.predict)=66.67%
[ 2020-05-25 11:14:42,588][kfold_wrapper.log_eval_metrics] Accuracy(layer_3 - estimator_0 - 12_folds.train_3.predict)=66.67%
[ 2020-05-25 11:14:42,951][kfold_wrapper.log_eval_metrics] Accuracy(layer_3 - estimator_0 - 12_folds.train_4.predict)=75.00%
[ 2020-05-25 11:14:43,313][kfold_wrapper.log_eval_metrics] Accuracy(layer_3 - estimator_0 - 12_folds.train_5.predict)=100.00%
[ 2020-05-25 11:14:43,676][kfold_wrapper.log_eval_metrics] Accuracy(layer_3 - estimator_0 - 12_folds.train_6.predict)=83.33%
[ 2020-05-25 11:14:44,039][kfold_wrapper.log_eval_metrics] Accuracy(layer_3 - estimator_0 - 12_folds.train_7.predict)=75.00%
[ 2020-05-25 11:14:44,403][kfold_wrapper.log_eval_metrics] Accuracy(layer_3 - estimator_0 - 12_folds.train_8.predict)=50.00%
[ 2020-05-25 11:14:44,765][kfold_wrapper.log_eval_metrics] Accuracy(layer_3 - estimator_0 - 12_folds.train_9.predict)=83.33%
[ 2020-05-25 11:14:45,127][kfold_wrapper.log_eval_metrics] Accuracy(layer_3 - estimator_0 - 12_folds.train_10.predict)=75.00%
[ 2020-05-25 11:14:45,490][kfold_wrapper.log_eval_metrics] Accuracy(layer_3 - estimator_0 - 12_folds.train_11.predict)=66.67%
[ 2020-05-25 11:14:45,605][kfold_wrapper.log_eval_metrics] Accuracy(layer_3 - estimator_0 - 12_folds.train_cv.predict)=71.72%
[ 2020-05-25 11:14:45,608][kfold_wrapper.log_eval_metrics] Accuracy(layer_3 - estimator_0 - 12_folds.test.predict)=41.84%
[ 2020-05-25 11:14:45,865][kfold_wrapper.log_eval_metrics] Accuracy(layer_3 - estimator_1 - 12_folds.train_0.predict)=69.23%
[ 2020-05-25 11:14:46,226][kfold_wrapper.log_eval_metrics] Accuracy(layer_3 - estimator_1 - 12_folds.train_1.predict)=83.33%
[ 2020-05-25 11:14:46,587][kfold_wrapper.log_eval_metrics] Accuracy(layer_3 - estimator_1 - 12_folds.train_2.predict)=58.33%
[ 2020-05-25 11:14:46,934][kfold_wrapper.log_eval_metrics] Accuracy(layer_3 - estimator_1 - 12_folds.train_3.predict)=75.00%
[ 2020-05-25 11:14:47,297][kfold_wrapper.log_eval_metrics] Accuracy(layer_3 - estimator_1 - 12_folds.train_4.predict)=83.33%
[ 2020-05-25 11:14:47,659][kfold_wrapper.log_eval_metrics] Accuracy(layer_3 - estimator_1 - 12_folds.train_5.predict)=100.00%
[ 2020-05-25 11:14:48,022][kfold_wrapper.log_eval_metrics] Accuracy(layer_3 - estimator_1 - 12_folds.train_6.predict)=50.00%
[ 2020-05-25 11:14:48,384][kfold_wrapper.log_eval_metrics] Accuracy(layer_3 - estimator_1 - 12_folds.train_7.predict)=75.00%
[ 2020-05-25 11:14:48,745][kfold_wrapper.log_eval_metrics] Accuracy(layer_3 - estimator_1 - 12_folds.train_8.predict)=75.00%
[ 2020-05-25 11:14:49,110][kfold_wrapper.log_eval_metrics] Accuracy(layer_3 - estimator_1 - 12_folds.train_9.predict)=75.00%
[ 2020-05-25 11:14:49,471][kfold_wrapper.log_eval_metrics] Accuracy(layer_3 - estimator_1 - 12_folds.train_10.predict)=66.67%
[ 2020-05-25 11:14:49,835][kfold_wrapper.log_eval_metrics] Accuracy(layer_3 - estimator_1 - 12_folds.train_11.predict)=75.00%
[ 2020-05-25 11:14:49,950][kfold_wrapper.log_eval_metrics] Accuracy(layer_3 - estimator_1 - 12_folds.train_cv.predict)=73.79%
[ 2020-05-25 11:14:49,953][kfold_wrapper.log_eval_metrics] Accuracy(layer_3 - estimator_1 - 12_folds.test.predict)=55.10%
[ 2020-05-25 11:14:49,978][kfold_wrapper.log_eval_metrics] Accuracy(layer_3 - estimator_2 - 12_folds.train_0.predict)=69.23%
[ 2020-05-25 11:14:50,002][kfold_wrapper.log_eval_metrics] Accuracy(layer_3 - estimator_2 - 12_folds.train_1.predict)=66.67%
[ 2020-05-25 11:14:50,024][kfold_wrapper.log_eval_metrics] Accuracy(layer_3 - estimator_2 - 12_folds.train_2.predict)=66.67%
[ 2020-05-25 11:14:50,047][kfold_wrapper.log_eval_metrics] Accuracy(layer_3 - estimator_2 - 12_folds.train_3.predict)=75.00%
[ 2020-05-25 11:14:50,059][kfold_wrapper.log_eval_metrics] Accuracy(layer_3 - estimator_2 - 12_folds.train_4.predict)=66.67%
[ 2020-05-25 11:14:50,067][kfold_wrapper.log_eval_metrics] Accuracy(layer_3 - estimator_2 - 12_folds.train_5.predict)=75.00%
[ 2020-05-25 11:14:50,078][kfold_wrapper.log_eval_metrics] Accuracy(layer_3 - estimator_2 - 12_folds.train_6.predict)=75.00%
[ 2020-05-25 11:14:50,103][kfold_wrapper.log_eval_metrics] Accuracy(layer_3 - estimator_2 - 12_folds.train_7.predict)=75.00%
[ 2020-05-25 11:14:50,121][kfold_wrapper.log_eval_metrics] Accuracy(layer_3 - estimator_2 - 12_folds.train_8.predict)=75.00%
[ 2020-05-25 11:14:50,131][kfold_wrapper.log_eval_metrics] Accuracy(layer_3 - estimator_2 - 12_folds.train_9.predict)=75.00%
[ 2020-05-25 11:14:50,147][kfold_wrapper.log_eval_metrics] Accuracy(layer_3 - estimator_2 - 12_folds.train_10.predict)=75.00%
[ 2020-05-25 11:14:50,162][kfold_wrapper.log_eval_metrics] Accuracy(layer_3 - estimator_2 - 12_folds.train_11.predict)=75.00%
[ 2020-05-25 11:14:50,165][kfold_wrapper.log_eval_metrics] Accuracy(layer_3 - estimator_2 - 12_folds.train_cv.predict)=72.41%
[ 2020-05-25 11:14:50,169][kfold_wrapper.log_eval_metrics] Accuracy(layer_3 - estimator_2 - 12_folds.test.predict)=73.47%
[ 2020-05-25 11:14:50,172][cascade_classifier.calc_accuracy] Accuracy(layer_3 - train.classifier_average)=73.10%
[ 2020-05-25 11:14:50,175][cascade_classifier.calc_accuracy] Accuracy(layer_3 - test.classifier_average)=58.16%
[ 2020-05-25 11:14:50,179][cascade_classifier.fit_transform] [layer=4] look_indexs=[0], X_cur_train.shape=(145, 11), X_cur_test.shape=(98, 11)
[ 2020-05-25 11:14:50,432][kfold_wrapper.log_eval_metrics] Accuracy(layer_4 - estimator_0 - 12_folds.train_0.predict)=92.31%
[ 2020-05-25 11:14:50,795][kfold_wrapper.log_eval_metrics] Accuracy(layer_4 - estimator_0 - 12_folds.train_1.predict)=41.67%
[ 2020-05-25 11:14:51,159][kfold_wrapper.log_eval_metrics] Accuracy(layer_4 - estimator_0 - 12_folds.train_2.predict)=91.67%
[ 2020-05-25 11:14:51,522][kfold_wrapper.log_eval_metrics] Accuracy(layer_4 - estimator_0 - 12_folds.train_3.predict)=58.33%
[ 2020-05-25 11:14:51,883][kfold_wrapper.log_eval_metrics] Accuracy(layer_4 - estimator_0 - 12_folds.train_4.predict)=91.67%
[ 2020-05-25 11:14:52,230][kfold_wrapper.log_eval_metrics] Accuracy(layer_4 - estimator_0 - 12_folds.train_5.predict)=91.67%
[ 2020-05-25 11:14:52,582][kfold_wrapper.log_eval_metrics] Accuracy(layer_4 - estimator_0 - 12_folds.train_6.predict)=75.00%
[ 2020-05-25 11:14:52,945][kfold_wrapper.log_eval_metrics] Accuracy(layer_4 - estimator_0 - 12_folds.train_7.predict)=58.33%
[ 2020-05-25 11:14:53,308][kfold_wrapper.log_eval_metrics] Accuracy(layer_4 - estimator_0 - 12_folds.train_8.predict)=91.67%
[ 2020-05-25 11:14:53,671][kfold_wrapper.log_eval_metrics] Accuracy(layer_4 - estimator_0 - 12_folds.train_9.predict)=83.33%
[ 2020-05-25 11:14:54,035][kfold_wrapper.log_eval_metrics] Accuracy(layer_4 - estimator_0 - 12_folds.train_10.predict)=83.33%
[ 2020-05-25 11:14:54,398][kfold_wrapper.log_eval_metrics] Accuracy(layer_4 - estimator_0 - 12_folds.train_11.predict)=66.67%
[ 2020-05-25 11:14:54,514][kfold_wrapper.log_eval_metrics] Accuracy(layer_4 - estimator_0 - 12_folds.train_cv.predict)=77.24%
[ 2020-05-25 11:14:54,517][kfold_wrapper.log_eval_metrics] Accuracy(layer_4 - estimator_0 - 12_folds.test.predict)=45.92%
[ 2020-05-25 11:14:54,774][kfold_wrapper.log_eval_metrics] Accuracy(layer_4 - estimator_1 - 12_folds.train_0.predict)=69.23%
[ 2020-05-25 11:14:55,135][kfold_wrapper.log_eval_metrics] Accuracy(layer_4 - estimator_1 - 12_folds.train_1.predict)=50.00%
[ 2020-05-25 11:14:55,497][kfold_wrapper.log_eval_metrics] Accuracy(layer_4 - estimator_1 - 12_folds.train_2.predict)=83.33%
[ 2020-05-25 11:14:55,860][kfold_wrapper.log_eval_metrics] Accuracy(layer_4 - estimator_1 - 12_folds.train_3.predict)=66.67%
[ 2020-05-25 11:14:56,221][kfold_wrapper.log_eval_metrics] Accuracy(layer_4 - estimator_1 - 12_folds.train_4.predict)=83.33%
[ 2020-05-25 11:14:56,584][kfold_wrapper.log_eval_metrics] Accuracy(layer_4 - estimator_1 - 12_folds.train_5.predict)=91.67%
[ 2020-05-25 11:14:56,945][kfold_wrapper.log_eval_metrics] Accuracy(layer_4 - estimator_1 - 12_folds.train_6.predict)=75.00%
[ 2020-05-25 11:14:57,294][kfold_wrapper.log_eval_metrics] Accuracy(layer_4 - estimator_1 - 12_folds.train_7.predict)=91.67%
[ 2020-05-25 11:14:57,649][kfold_wrapper.log_eval_metrics] Accuracy(layer_4 - estimator_1 - 12_folds.train_8.predict)=75.00%
[ 2020-05-25 11:14:58,014][kfold_wrapper.log_eval_metrics] Accuracy(layer_4 - estimator_1 - 12_folds.train_9.predict)=75.00%
[ 2020-05-25 11:14:58,377][kfold_wrapper.log_eval_metrics] Accuracy(layer_4 - estimator_1 - 12_folds.train_10.predict)=66.67%
[ 2020-05-25 11:14:58,740][kfold_wrapper.log_eval_metrics] Accuracy(layer_4 - estimator_1 - 12_folds.train_11.predict)=75.00%
[ 2020-05-25 11:14:58,855][kfold_wrapper.log_eval_metrics] Accuracy(layer_4 - estimator_1 - 12_folds.train_cv.predict)=75.17%
[ 2020-05-25 11:14:58,858][kfold_wrapper.log_eval_metrics] Accuracy(layer_4 - estimator_1 - 12_folds.test.predict)=43.88%
[ 2020-05-25 11:14:58,881][kfold_wrapper.log_eval_metrics] Accuracy(layer_4 - estimator_2 - 12_folds.train_0.predict)=69.23%
[ 2020-05-25 11:14:58,898][kfold_wrapper.log_eval_metrics] Accuracy(layer_4 - estimator_2 - 12_folds.train_1.predict)=75.00%
[ 2020-05-25 11:14:58,918][kfold_wrapper.log_eval_metrics] Accuracy(layer_4 - estimator_2 - 12_folds.train_2.predict)=58.33%
[ 2020-05-25 11:14:58,939][kfold_wrapper.log_eval_metrics] Accuracy(layer_4 - estimator_2 - 12_folds.train_3.predict)=75.00%
[ 2020-05-25 11:14:58,957][kfold_wrapper.log_eval_metrics] Accuracy(layer_4 - estimator_2 - 12_folds.train_4.predict)=75.00%
[ 2020-05-25 11:14:58,973][kfold_wrapper.log_eval_metrics] Accuracy(layer_4 - estimator_2 - 12_folds.train_5.predict)=75.00%
[ 2020-05-25 11:14:58,986][kfold_wrapper.log_eval_metrics] Accuracy(layer_4 - estimator_2 - 12_folds.train_6.predict)=66.67%
[ 2020-05-25 11:14:58,999][kfold_wrapper.log_eval_metrics] Accuracy(layer_4 - estimator_2 - 12_folds.train_7.predict)=83.33%
[ 2020-05-25 11:14:59,019][kfold_wrapper.log_eval_metrics] Accuracy(layer_4 - estimator_2 - 12_folds.train_8.predict)=75.00%
[ 2020-05-25 11:14:59,035][kfold_wrapper.log_eval_metrics] Accuracy(layer_4 - estimator_2 - 12_folds.train_9.predict)=91.67%
[ 2020-05-25 11:14:59,051][kfold_wrapper.log_eval_metrics] Accuracy(layer_4 - estimator_2 - 12_folds.train_10.predict)=66.67%
[ 2020-05-25 11:14:59,067][kfold_wrapper.log_eval_metrics] Accuracy(layer_4 - estimator_2 - 12_folds.train_11.predict)=58.33%
[ 2020-05-25 11:14:59,072][kfold_wrapper.log_eval_metrics] Accuracy(layer_4 - estimator_2 - 12_folds.train_cv.predict)=72.41%
[ 2020-05-25 11:14:59,077][kfold_wrapper.log_eval_metrics] Accuracy(layer_4 - estimator_2 - 12_folds.test.predict)=62.24%
[ 2020-05-25 11:14:59,082][cascade_classifier.calc_accuracy] Accuracy(layer_4 - train.classifier_average)=75.17%
[ 2020-05-25 11:14:59,087][cascade_classifier.calc_accuracy] Accuracy(layer_4 - test.classifier_average)=46.94%
[ 2020-05-25 11:14:59,088][cascade_classifier.fit_transform] [layer=5] look_indexs=[0], X_cur_train.shape=(145, 11), X_cur_test.shape=(98, 11)
[ 2020-05-25 11:14:59,344][kfold_wrapper.log_eval_metrics] Accuracy(layer_5 - estimator_0 - 12_folds.train_0.predict)=76.92%
[ 2020-05-25 11:14:59,708][kfold_wrapper.log_eval_metrics] Accuracy(layer_5 - estimator_0 - 12_folds.train_1.predict)=83.33%
[ 2020-05-25 11:15:00,071][kfold_wrapper.log_eval_metrics] Accuracy(layer_5 - estimator_0 - 12_folds.train_2.predict)=83.33%
[ 2020-05-25 11:15:00,436][kfold_wrapper.log_eval_metrics] Accuracy(layer_5 - estimator_0 - 12_folds.train_3.predict)=66.67%
[ 2020-05-25 11:15:00,799][kfold_wrapper.log_eval_metrics] Accuracy(layer_5 - estimator_0 - 12_folds.train_4.predict)=75.00%
[ 2020-05-25 11:15:01,162][kfold_wrapper.log_eval_metrics] Accuracy(layer_5 - estimator_0 - 12_folds.train_5.predict)=58.33%
[ 2020-05-25 11:15:01,525][kfold_wrapper.log_eval_metrics] Accuracy(layer_5 - estimator_0 - 12_folds.train_6.predict)=75.00%
[ 2020-05-25 11:15:01,887][kfold_wrapper.log_eval_metrics] Accuracy(layer_5 - estimator_0 - 12_folds.train_7.predict)=83.33%
[ 2020-05-25 11:15:02,248][kfold_wrapper.log_eval_metrics] Accuracy(layer_5 - estimator_0 - 12_folds.train_8.predict)=75.00%
[ 2020-05-25 11:15:02,596][kfold_wrapper.log_eval_metrics] Accuracy(layer_5 - estimator_0 - 12_folds.train_9.predict)=66.67%
[ 2020-05-25 11:15:02,953][kfold_wrapper.log_eval_metrics] Accuracy(layer_5 - estimator_0 - 12_folds.train_10.predict)=75.00%
[ 2020-05-25 11:15:03,315][kfold_wrapper.log_eval_metrics] Accuracy(layer_5 - estimator_0 - 12_folds.train_11.predict)=83.33%
[ 2020-05-25 11:15:03,432][kfold_wrapper.log_eval_metrics] Accuracy(layer_5 - estimator_0 - 12_folds.train_cv.predict)=75.17%
[ 2020-05-25 11:15:03,436][kfold_wrapper.log_eval_metrics] Accuracy(layer_5 - estimator_0 - 12_folds.test.predict)=52.04%
[ 2020-05-25 11:15:03,692][kfold_wrapper.log_eval_metrics] Accuracy(layer_5 - estimator_1 - 12_folds.train_0.predict)=84.62%
[ 2020-05-25 11:15:04,053][kfold_wrapper.log_eval_metrics] Accuracy(layer_5 - estimator_1 - 12_folds.train_1.predict)=58.33%
[ 2020-05-25 11:15:04,416][kfold_wrapper.log_eval_metrics] Accuracy(layer_5 - estimator_1 - 12_folds.train_2.predict)=66.67%
[ 2020-05-25 11:15:04,779][kfold_wrapper.log_eval_metrics] Accuracy(layer_5 - estimator_1 - 12_folds.train_3.predict)=75.00%
[ 2020-05-25 11:15:05,142][kfold_wrapper.log_eval_metrics] Accuracy(layer_5 - estimator_1 - 12_folds.train_4.predict)=58.33%
[ 2020-05-25 11:15:05,506][kfold_wrapper.log_eval_metrics] Accuracy(layer_5 - estimator_1 - 12_folds.train_5.predict)=75.00%
[ 2020-05-25 11:15:05,868][kfold_wrapper.log_eval_metrics] Accuracy(layer_5 - estimator_1 - 12_folds.train_6.predict)=75.00%
[ 2020-05-25 11:15:06,232][kfold_wrapper.log_eval_metrics] Accuracy(layer_5 - estimator_1 - 12_folds.train_7.predict)=66.67%
[ 2020-05-25 11:15:06,595][kfold_wrapper.log_eval_metrics] Accuracy(layer_5 - estimator_1 - 12_folds.train_8.predict)=58.33%
[ 2020-05-25 11:15:06,958][kfold_wrapper.log_eval_metrics] Accuracy(layer_5 - estimator_1 - 12_folds.train_9.predict)=91.67%
[ 2020-05-25 11:15:07,320][kfold_wrapper.log_eval_metrics] Accuracy(layer_5 - estimator_1 - 12_folds.train_10.predict)=50.00%
[ 2020-05-25 11:15:07,667][kfold_wrapper.log_eval_metrics] Accuracy(layer_5 - estimator_1 - 12_folds.train_11.predict)=100.00%
[ 2020-05-25 11:15:07,782][kfold_wrapper.log_eval_metrics] Accuracy(layer_5 - estimator_1 - 12_folds.train_cv.predict)=71.72%
[ 2020-05-25 11:15:07,785][kfold_wrapper.log_eval_metrics] Accuracy(layer_5 - estimator_1 - 12_folds.test.predict)=45.92%
[ 2020-05-25 11:15:07,804][kfold_wrapper.log_eval_metrics] Accuracy(layer_5 - estimator_2 - 12_folds.train_0.predict)=69.23%
[ 2020-05-25 11:15:07,816][kfold_wrapper.log_eval_metrics] Accuracy(layer_5 - estimator_2 - 12_folds.train_1.predict)=66.67%
[ 2020-05-25 11:15:07,831][kfold_wrapper.log_eval_metrics] Accuracy(layer_5 - estimator_2 - 12_folds.train_2.predict)=75.00%
[ 2020-05-25 11:15:07,843][kfold_wrapper.log_eval_metrics] Accuracy(layer_5 - estimator_2 - 12_folds.train_3.predict)=75.00%
[ 2020-05-25 11:15:07,857][kfold_wrapper.log_eval_metrics] Accuracy(layer_5 - estimator_2 - 12_folds.train_4.predict)=58.33%
[ 2020-05-25 11:15:07,868][kfold_wrapper.log_eval_metrics] Accuracy(layer_5 - estimator_2 - 12_folds.train_5.predict)=75.00%
[ 2020-05-25 11:15:07,881][kfold_wrapper.log_eval_metrics] Accuracy(layer_5 - estimator_2 - 12_folds.train_6.predict)=83.33%
[ 2020-05-25 11:15:07,893][kfold_wrapper.log_eval_metrics] Accuracy(layer_5 - estimator_2 - 12_folds.train_7.predict)=50.00%
[ 2020-05-25 11:15:07,905][kfold_wrapper.log_eval_metrics] Accuracy(layer_5 - estimator_2 - 12_folds.train_8.predict)=83.33%
[ 2020-05-25 11:15:07,916][kfold_wrapper.log_eval_metrics] Accuracy(layer_5 - estimator_2 - 12_folds.train_9.predict)=83.33%
[ 2020-05-25 11:15:07,926][kfold_wrapper.log_eval_metrics] Accuracy(layer_5 - estimator_2 - 12_folds.train_10.predict)=75.00%
[ 2020-05-25 11:15:07,942][kfold_wrapper.log_eval_metrics] Accuracy(layer_5 - estimator_2 - 12_folds.train_11.predict)=83.33%
[ 2020-05-25 11:15:07,957][kfold_wrapper.log_eval_metrics] Accuracy(layer_5 - estimator_2 - 12_folds.train_cv.predict)=73.10%
[ 2020-05-25 11:15:07,957][kfold_wrapper.log_eval_metrics] Accuracy(layer_5 - estimator_2 - 12_folds.test.predict)=54.08%
[ 2020-05-25 11:15:07,957][cascade_classifier.calc_accuracy] Accuracy(layer_5 - train.classifier_average)=75.86%
[ 2020-05-25 11:15:07,957][cascade_classifier.calc_accuracy] Accuracy(layer_5 - test.classifier_average)=52.04%
[ 2020-05-25 11:15:07,973][cascade_classifier.fit_transform] [layer=6] look_indexs=[0], X_cur_train.shape=(145, 11), X_cur_test.shape=(98, 11)
[ 2020-05-25 11:15:08,216][kfold_wrapper.log_eval_metrics] Accuracy(layer_6 - estimator_0 - 12_folds.train_0.predict)=84.62%
[ 2020-05-25 11:15:08,571][kfold_wrapper.log_eval_metrics] Accuracy(layer_6 - estimator_0 - 12_folds.train_1.predict)=66.67%
[ 2020-05-25 11:15:08,935][kfold_wrapper.log_eval_metrics] Accuracy(layer_6 - estimator_0 - 12_folds.train_2.predict)=50.00%
[ 2020-05-25 11:15:09,302][kfold_wrapper.log_eval_metrics] Accuracy(layer_6 - estimator_0 - 12_folds.train_3.predict)=75.00%
[ 2020-05-25 11:15:09,663][kfold_wrapper.log_eval_metrics] Accuracy(layer_6 - estimator_0 - 12_folds.train_4.predict)=75.00%
[ 2020-05-25 11:15:10,019][kfold_wrapper.log_eval_metrics] Accuracy(layer_6 - estimator_0 - 12_folds.train_5.predict)=66.67%
[ 2020-05-25 11:15:10,382][kfold_wrapper.log_eval_metrics] Accuracy(layer_6 - estimator_0 - 12_folds.train_6.predict)=58.33%
[ 2020-05-25 11:15:10,746][kfold_wrapper.log_eval_metrics] Accuracy(layer_6 - estimator_0 - 12_folds.train_7.predict)=83.33%
[ 2020-05-25 11:15:11,109][kfold_wrapper.log_eval_metrics] Accuracy(layer_6 - estimator_0 - 12_folds.train_8.predict)=75.00%
[ 2020-05-25 11:15:11,473][kfold_wrapper.log_eval_metrics] Accuracy(layer_6 - estimator_0 - 12_folds.train_9.predict)=75.00%
[ 2020-05-25 11:15:11,838][kfold_wrapper.log_eval_metrics] Accuracy(layer_6 - estimator_0 - 12_folds.train_10.predict)=58.33%
[ 2020-05-25 11:15:12,204][kfold_wrapper.log_eval_metrics] Accuracy(layer_6 - estimator_0 - 12_folds.train_11.predict)=75.00%
[ 2020-05-25 11:15:12,320][kfold_wrapper.log_eval_metrics] Accuracy(layer_6 - estimator_0 - 12_folds.train_cv.predict)=70.34%
[ 2020-05-25 11:15:12,323][kfold_wrapper.log_eval_metrics] Accuracy(layer_6 - estimator_0 - 12_folds.test.predict)=44.90%
[ 2020-05-25 11:15:12,575][kfold_wrapper.log_eval_metrics] Accuracy(layer_6 - estimator_1 - 12_folds.train_0.predict)=76.92%
[ 2020-05-25 11:15:12,936][kfold_wrapper.log_eval_metrics] Accuracy(layer_6 - estimator_1 - 12_folds.train_1.predict)=41.67%
[ 2020-05-25 11:15:13,290][kfold_wrapper.log_eval_metrics] Accuracy(layer_6 - estimator_1 - 12_folds.train_2.predict)=83.33%
[ 2020-05-25 11:15:13,652][kfold_wrapper.log_eval_metrics] Accuracy(layer_6 - estimator_1 - 12_folds.train_3.predict)=75.00%
[ 2020-05-25 11:15:14,022][kfold_wrapper.log_eval_metrics] Accuracy(layer_6 - estimator_1 - 12_folds.train_4.predict)=83.33%
[ 2020-05-25 11:15:14,385][kfold_wrapper.log_eval_metrics] Accuracy(layer_6 - estimator_1 - 12_folds.train_5.predict)=58.33%
[ 2020-05-25 11:15:14,745][kfold_wrapper.log_eval_metrics] Accuracy(layer_6 - estimator_1 - 12_folds.train_6.predict)=75.00%
[ 2020-05-25 11:15:15,105][kfold_wrapper.log_eval_metrics] Accuracy(layer_6 - estimator_1 - 12_folds.train_7.predict)=50.00%
[ 2020-05-25 11:15:15,467][kfold_wrapper.log_eval_metrics] Accuracy(layer_6 - estimator_1 - 12_folds.train_8.predict)=75.00%
[ 2020-05-25 11:15:15,831][kfold_wrapper.log_eval_metrics] Accuracy(layer_6 - estimator_1 - 12_folds.train_9.predict)=50.00%
[ 2020-05-25 11:15:16,204][kfold_wrapper.log_eval_metrics] Accuracy(layer_6 - estimator_1 - 12_folds.train_10.predict)=58.33%
[ 2020-05-25 11:15:16,590][kfold_wrapper.log_eval_metrics] Accuracy(layer_6 - estimator_1 - 12_folds.train_11.predict)=66.67%
[ 2020-05-25 11:15:16,707][kfold_wrapper.log_eval_metrics] Accuracy(layer_6 - estimator_1 - 12_folds.train_cv.predict)=66.21%
[ 2020-05-25 11:15:16,710][kfold_wrapper.log_eval_metrics] Accuracy(layer_6 - estimator_1 - 12_folds.test.predict)=55.10%
[ 2020-05-25 11:15:16,732][kfold_wrapper.log_eval_metrics] Accuracy(layer_6 - estimator_2 - 12_folds.train_0.predict)=69.23%
[ 2020-05-25 11:15:16,744][kfold_wrapper.log_eval_metrics] Accuracy(layer_6 - estimator_2 - 12_folds.train_1.predict)=66.67%
[ 2020-05-25 11:15:16,753][kfold_wrapper.log_eval_metrics] Accuracy(layer_6 - estimator_2 - 12_folds.train_2.predict)=75.00%
[ 2020-05-25 11:15:16,763][kfold_wrapper.log_eval_metrics] Accuracy(layer_6 - estimator_2 - 12_folds.train_3.predict)=66.67%
[ 2020-05-25 11:15:16,771][kfold_wrapper.log_eval_metrics] Accuracy(layer_6 - estimator_2 - 12_folds.train_4.predict)=75.00%
[ 2020-05-25 11:15:16,779][kfold_wrapper.log_eval_metrics] Accuracy(layer_6 - estimator_2 - 12_folds.train_5.predict)=83.33%
[ 2020-05-25 11:15:16,789][kfold_wrapper.log_eval_metrics] Accuracy(layer_6 - estimator_2 - 12_folds.train_6.predict)=83.33%
[ 2020-05-25 11:15:16,797][kfold_wrapper.log_eval_metrics] Accuracy(layer_6 - estimator_2 - 12_folds.train_7.predict)=66.67%
[ 2020-05-25 11:15:16,804][kfold_wrapper.log_eval_metrics] Accuracy(layer_6 - estimator_2 - 12_folds.train_8.predict)=66.67%
[ 2020-05-25 11:15:16,812][kfold_wrapper.log_eval_metrics] Accuracy(layer_6 - estimator_2 - 12_folds.train_9.predict)=83.33%
[ 2020-05-25 11:15:16,832][kfold_wrapper.log_eval_metrics] Accuracy(layer_6 - estimator_2 - 12_folds.train_10.predict)=66.67%
[ 2020-05-25 11:15:16,848][kfold_wrapper.log_eval_metrics] Accuracy(layer_6 - estimator_2 - 12_folds.train_11.predict)=58.33%
[ 2020-05-25 11:15:16,851][kfold_wrapper.log_eval_metrics] Accuracy(layer_6 - estimator_2 - 12_folds.train_cv.predict)=71.72%
[ 2020-05-25 11:15:16,854][kfold_wrapper.log_eval_metrics] Accuracy(layer_6 - estimator_2 - 12_folds.test.predict)=58.16%
[ 2020-05-25 11:15:16,857][cascade_classifier.calc_accuracy] Accuracy(layer_6 - train.classifier_average)=72.41%
[ 2020-05-25 11:15:16,859][cascade_classifier.calc_accuracy] Accuracy(layer_6 - test.classifier_average)=54.08%
[ 2020-05-25 11:15:16,859][cascade_classifier.fit_transform] [layer=7] look_indexs=[0], X_cur_train.shape=(145, 11), X_cur_test.shape=(98, 11)
[ 2020-05-25 11:15:17,094][kfold_wrapper.log_eval_metrics] Accuracy(layer_7 - estimator_0 - 12_folds.train_0.predict)=69.23%
[ 2020-05-25 11:15:17,467][kfold_wrapper.log_eval_metrics] Accuracy(layer_7 - estimator_0 - 12_folds.train_1.predict)=75.00%
[ 2020-05-25 11:15:17,858][kfold_wrapper.log_eval_metrics] Accuracy(layer_7 - estimator_0 - 12_folds.train_2.predict)=75.00%
[ 2020-05-25 11:15:18,220][kfold_wrapper.log_eval_metrics] Accuracy(layer_7 - estimator_0 - 12_folds.train_3.predict)=75.00%
[ 2020-05-25 11:15:18,578][kfold_wrapper.log_eval_metrics] Accuracy(layer_7 - estimator_0 - 12_folds.train_4.predict)=83.33%
[ 2020-05-25 11:15:18,930][kfold_wrapper.log_eval_metrics] Accuracy(layer_7 - estimator_0 - 12_folds.train_5.predict)=66.67%
[ 2020-05-25 11:15:19,290][kfold_wrapper.log_eval_metrics] Accuracy(layer_7 - estimator_0 - 12_folds.train_6.predict)=66.67%
[ 2020-05-25 11:15:19,652][kfold_wrapper.log_eval_metrics] Accuracy(layer_7 - estimator_0 - 12_folds.train_7.predict)=75.00%
[ 2020-05-25 11:15:20,015][kfold_wrapper.log_eval_metrics] Accuracy(layer_7 - estimator_0 - 12_folds.train_8.predict)=66.67%
[ 2020-05-25 11:15:20,373][kfold_wrapper.log_eval_metrics] Accuracy(layer_7 - estimator_0 - 12_folds.train_9.predict)=75.00%
[ 2020-05-25 11:15:20,735][kfold_wrapper.log_eval_metrics] Accuracy(layer_7 - estimator_0 - 12_folds.train_10.predict)=75.00%
[ 2020-05-25 11:15:21,093][kfold_wrapper.log_eval_metrics] Accuracy(layer_7 - estimator_0 - 12_folds.train_11.predict)=50.00%
[ 2020-05-25 11:15:21,209][kfold_wrapper.log_eval_metrics] Accuracy(layer_7 - estimator_0 - 12_folds.train_cv.predict)=71.03%
[ 2020-05-25 11:15:21,213][kfold_wrapper.log_eval_metrics] Accuracy(layer_7 - estimator_0 - 12_folds.test.predict)=38.78%
[ 2020-05-25 11:15:21,468][kfold_wrapper.log_eval_metrics] Accuracy(layer_7 - estimator_1 - 12_folds.train_0.predict)=76.92%
[ 2020-05-25 11:15:21,815][kfold_wrapper.log_eval_metrics] Accuracy(layer_7 - estimator_1 - 12_folds.train_1.predict)=75.00%
[ 2020-05-25 11:15:22,175][kfold_wrapper.log_eval_metrics] Accuracy(layer_7 - estimator_1 - 12_folds.train_2.predict)=66.67%
[ 2020-05-25 11:15:22,538][kfold_wrapper.log_eval_metrics] Accuracy(layer_7 - estimator_1 - 12_folds.train_3.predict)=66.67%
[ 2020-05-25 11:15:22,898][kfold_wrapper.log_eval_metrics] Accuracy(layer_7 - estimator_1 - 12_folds.train_4.predict)=75.00%
[ 2020-05-25 11:15:23,260][kfold_wrapper.log_eval_metrics] Accuracy(layer_7 - estimator_1 - 12_folds.train_5.predict)=75.00%
[ 2020-05-25 11:15:23,620][kfold_wrapper.log_eval_metrics] Accuracy(layer_7 - estimator_1 - 12_folds.train_6.predict)=66.67%
[ 2020-05-25 11:15:23,964][kfold_wrapper.log_eval_metrics] Accuracy(layer_7 - estimator_1 - 12_folds.train_7.predict)=58.33%
[ 2020-05-25 11:15:24,326][kfold_wrapper.log_eval_metrics] Accuracy(layer_7 - estimator_1 - 12_folds.train_8.predict)=58.33%
[ 2020-05-25 11:15:24,681][kfold_wrapper.log_eval_metrics] Accuracy(layer_7 - estimator_1 - 12_folds.train_9.predict)=66.67%
[ 2020-05-25 11:15:25,055][kfold_wrapper.log_eval_metrics] Accuracy(layer_7 - estimator_1 - 12_folds.train_10.predict)=75.00%
[ 2020-05-25 11:15:25,417][kfold_wrapper.log_eval_metrics] Accuracy(layer_7 - estimator_1 - 12_folds.train_11.predict)=91.67%
[ 2020-05-25 11:15:25,534][kfold_wrapper.log_eval_metrics] Accuracy(layer_7 - estimator_1 - 12_folds.train_cv.predict)=71.03%
[ 2020-05-25 11:15:25,537][kfold_wrapper.log_eval_metrics] Accuracy(layer_7 - estimator_1 - 12_folds.test.predict)=53.06%
[ 2020-05-25 11:15:25,559][kfold_wrapper.log_eval_metrics] Accuracy(layer_7 - estimator_2 - 12_folds.train_0.predict)=69.23%
[ 2020-05-25 11:15:25,559][kfold_wrapper.log_eval_metrics] Accuracy(layer_7 - estimator_2 - 12_folds.train_1.predict)=66.67%
[ 2020-05-25 11:15:25,574][kfold_wrapper.log_eval_metrics] Accuracy(layer_7 - estimator_2 - 12_folds.train_2.predict)=66.67%
[ 2020-05-25 11:15:25,590][kfold_wrapper.log_eval_metrics] Accuracy(layer_7 - estimator_2 - 12_folds.train_3.predict)=75.00%
[ 2020-05-25 11:15:25,590][kfold_wrapper.log_eval_metrics] Accuracy(layer_7 - estimator_2 - 12_folds.train_4.predict)=75.00%
[ 2020-05-25 11:15:25,606][kfold_wrapper.log_eval_metrics] Accuracy(layer_7 - estimator_2 - 12_folds.train_5.predict)=75.00%
[ 2020-05-25 11:15:25,618][kfold_wrapper.log_eval_metrics] Accuracy(layer_7 - estimator_2 - 12_folds.train_6.predict)=75.00%
[ 2020-05-25 11:15:25,628][kfold_wrapper.log_eval_metrics] Accuracy(layer_7 - estimator_2 - 12_folds.train_7.predict)=75.00%
[ 2020-05-25 11:15:25,636][kfold_wrapper.log_eval_metrics] Accuracy(layer_7 - estimator_2 - 12_folds.train_8.predict)=75.00%
[ 2020-05-25 11:15:25,644][kfold_wrapper.log_eval_metrics] Accuracy(layer_7 - estimator_2 - 12_folds.train_9.predict)=75.00%
[ 2020-05-25 11:15:25,655][kfold_wrapper.log_eval_metrics] Accuracy(layer_7 - estimator_2 - 12_folds.train_10.predict)=66.67%
[ 2020-05-25 11:15:25,663][kfold_wrapper.log_eval_metrics] Accuracy(layer_7 - estimator_2 - 12_folds.train_11.predict)=58.33%
[ 2020-05-25 11:15:25,663][kfold_wrapper.log_eval_metrics] Accuracy(layer_7 - estimator_2 - 12_folds.train_cv.predict)=71.03%
[ 2020-05-25 11:15:25,663][kfold_wrapper.log_eval_metrics] Accuracy(layer_7 - estimator_2 - 12_folds.test.predict)=68.37%
[ 2020-05-25 11:15:25,663][cascade_classifier.calc_accuracy] Accuracy(layer_7 - train.classifier_average)=72.41%
[ 2020-05-25 11:15:25,663][cascade_classifier.calc_accuracy] Accuracy(layer_7 - test.classifier_average)=52.04%
[ 2020-05-25 11:15:25,663][cascade_classifier.fit_transform] [layer=8] look_indexs=[0], X_cur_train.shape=(145, 11), X_cur_test.shape=(98, 11)
[ 2020-05-25 11:15:25,909][kfold_wrapper.log_eval_metrics] Accuracy(layer_8 - estimator_0 - 12_folds.train_0.predict)=76.92%
[ 2020-05-25 11:15:26,268][kfold_wrapper.log_eval_metrics] Accuracy(layer_8 - estimator_0 - 12_folds.train_1.predict)=66.67%
[ 2020-05-25 11:15:26,629][kfold_wrapper.log_eval_metrics] Accuracy(layer_8 - estimator_0 - 12_folds.train_2.predict)=75.00%
[ 2020-05-25 11:15:26,993][kfold_wrapper.log_eval_metrics] Accuracy(layer_8 - estimator_0 - 12_folds.train_3.predict)=58.33%
[ 2020-05-25 11:15:27,341][kfold_wrapper.log_eval_metrics] Accuracy(layer_8 - estimator_0 - 12_folds.train_4.predict)=75.00%
[ 2020-05-25 11:15:27,689][kfold_wrapper.log_eval_metrics] Accuracy(layer_8 - estimator_0 - 12_folds.train_5.predict)=75.00%
[ 2020-05-25 11:15:28,049][kfold_wrapper.log_eval_metrics] Accuracy(layer_8 - estimator_0 - 12_folds.train_6.predict)=75.00%
[ 2020-05-25 11:15:28,415][kfold_wrapper.log_eval_metrics] Accuracy(layer_8 - estimator_0 - 12_folds.train_7.predict)=75.00%
[ 2020-05-25 11:15:28,774][kfold_wrapper.log_eval_metrics] Accuracy(layer_8 - estimator_0 - 12_folds.train_8.predict)=75.00%
[ 2020-05-25 11:15:29,112][kfold_wrapper.log_eval_metrics] Accuracy(layer_8 - estimator_0 - 12_folds.train_9.predict)=66.67%
[ 2020-05-25 11:15:29,469][kfold_wrapper.log_eval_metrics] Accuracy(layer_8 - estimator_0 - 12_folds.train_10.predict)=75.00%
[ 2020-05-25 11:15:29,825][kfold_wrapper.log_eval_metrics] Accuracy(layer_8 - estimator_0 - 12_folds.train_11.predict)=83.33%
[ 2020-05-25 11:15:29,941][kfold_wrapper.log_eval_metrics] Accuracy(layer_8 - estimator_0 - 12_folds.train_cv.predict)=73.10%
[ 2020-05-25 11:15:29,944][kfold_wrapper.log_eval_metrics] Accuracy(layer_8 - estimator_0 - 12_folds.test.predict)=37.76%
[ 2020-05-25 11:15:30,186][kfold_wrapper.log_eval_metrics] Accuracy(layer_8 - estimator_1 - 12_folds.train_0.predict)=76.92%
[ 2020-05-25 11:15:30,545][kfold_wrapper.log_eval_metrics] Accuracy(layer_8 - estimator_1 - 12_folds.train_1.predict)=58.33%
[ 2020-05-25 11:15:30,909][kfold_wrapper.log_eval_metrics] Accuracy(layer_8 - estimator_1 - 12_folds.train_2.predict)=75.00%
[ 2020-05-25 11:15:31,269][kfold_wrapper.log_eval_metrics] Accuracy(layer_8 - estimator_1 - 12_folds.train_3.predict)=75.00%
[ 2020-05-25 11:15:31,632][kfold_wrapper.log_eval_metrics] Accuracy(layer_8 - estimator_1 - 12_folds.train_4.predict)=75.00%
[ 2020-05-25 11:15:32,006][kfold_wrapper.log_eval_metrics] Accuracy(layer_8 - estimator_1 - 12_folds.train_5.predict)=66.67%
[ 2020-05-25 11:15:32,369][kfold_wrapper.log_eval_metrics] Accuracy(layer_8 - estimator_1 - 12_folds.train_6.predict)=75.00%
[ 2020-05-25 11:15:32,727][kfold_wrapper.log_eval_metrics] Accuracy(layer_8 - estimator_1 - 12_folds.train_7.predict)=75.00%
[ 2020-05-25 11:15:33,090][kfold_wrapper.log_eval_metrics] Accuracy(layer_8 - estimator_1 - 12_folds.train_8.predict)=50.00%
[ 2020-05-25 11:15:33,468][kfold_wrapper.log_eval_metrics] Accuracy(layer_8 - estimator_1 - 12_folds.train_9.predict)=66.67%
[ 2020-05-25 11:15:33,867][kfold_wrapper.log_eval_metrics] Accuracy(layer_8 - estimator_1 - 12_folds.train_10.predict)=66.67%
[ 2020-05-25 11:15:34,231][kfold_wrapper.log_eval_metrics] Accuracy(layer_8 - estimator_1 - 12_folds.train_11.predict)=75.00%
[ 2020-05-25 11:15:34,344][kfold_wrapper.log_eval_metrics] Accuracy(layer_8 - estimator_1 - 12_folds.train_cv.predict)=69.66%
[ 2020-05-25 11:15:34,346][kfold_wrapper.log_eval_metrics] Accuracy(layer_8 - estimator_1 - 12_folds.test.predict)=38.78%
[ 2020-05-25 11:15:34,356][kfold_wrapper.log_eval_metrics] Accuracy(layer_8 - estimator_2 - 12_folds.train_0.predict)=69.23%
[ 2020-05-25 11:15:34,372][kfold_wrapper.log_eval_metrics] Accuracy(layer_8 - estimator_2 - 12_folds.train_1.predict)=66.67%
[ 2020-05-25 11:15:34,389][kfold_wrapper.log_eval_metrics] Accuracy(layer_8 - estimator_2 - 12_folds.train_2.predict)=66.67%
[ 2020-05-25 11:15:34,401][kfold_wrapper.log_eval_metrics] Accuracy(layer_8 - estimator_2 - 12_folds.train_3.predict)=75.00%
[ 2020-05-25 11:15:34,410][kfold_wrapper.log_eval_metrics] Accuracy(layer_8 - estimator_2 - 12_folds.train_4.predict)=75.00%
[ 2020-05-25 11:15:34,427][kfold_wrapper.log_eval_metrics] Accuracy(layer_8 - estimator_2 - 12_folds.train_5.predict)=66.67%
[ 2020-05-25 11:15:34,446][kfold_wrapper.log_eval_metrics] Accuracy(layer_8 - estimator_2 - 12_folds.train_6.predict)=75.00%
[ 2020-05-25 11:15:34,453][kfold_wrapper.log_eval_metrics] Accuracy(layer_8 - estimator_2 - 12_folds.train_7.predict)=75.00%
[ 2020-05-25 11:15:34,469][kfold_wrapper.log_eval_metrics] Accuracy(layer_8 - estimator_2 - 12_folds.train_8.predict)=75.00%
[ 2020-05-25 11:15:34,484][kfold_wrapper.log_eval_metrics] Accuracy(layer_8 - estimator_2 - 12_folds.train_9.predict)=66.67%
[ 2020-05-25 11:15:34,500][kfold_wrapper.log_eval_metrics] Accuracy(layer_8 - estimator_2 - 12_folds.train_10.predict)=83.33%
[ 2020-05-25 11:15:34,516][kfold_wrapper.log_eval_metrics] Accuracy(layer_8 - estimator_2 - 12_folds.train_11.predict)=83.33%
[ 2020-05-25 11:15:34,531][kfold_wrapper.log_eval_metrics] Accuracy(layer_8 - estimator_2 - 12_folds.train_cv.predict)=73.10%
[ 2020-05-25 11:15:34,531][kfold_wrapper.log_eval_metrics] Accuracy(layer_8 - estimator_2 - 12_folds.test.predict)=62.24%
[ 2020-05-25 11:15:34,531][cascade_classifier.calc_accuracy] Accuracy(layer_8 - train.classifier_average)=73.79%
[ 2020-05-25 11:15:34,531][cascade_classifier.calc_accuracy] Accuracy(layer_8 - test.classifier_average)=38.78%
[ 2020-05-25 11:15:34,547][cascade_classifier.fit_transform] [layer=9] look_indexs=[0], X_cur_train.shape=(145, 11), X_cur_test.shape=(98, 11)
[ 2020-05-25 11:15:34,812][kfold_wrapper.log_eval_metrics] Accuracy(layer_9 - estimator_0 - 12_folds.train_0.predict)=69.23%
[ 2020-05-25 11:15:35,189][kfold_wrapper.log_eval_metrics] Accuracy(layer_9 - estimator_0 - 12_folds.train_1.predict)=66.67%
[ 2020-05-25 11:15:35,556][kfold_wrapper.log_eval_metrics] Accuracy(layer_9 - estimator_0 - 12_folds.train_2.predict)=50.00%
[ 2020-05-25 11:15:35,946][kfold_wrapper.log_eval_metrics] Accuracy(layer_9 - estimator_0 - 12_folds.train_3.predict)=50.00%
[ 2020-05-25 11:15:36,318][kfold_wrapper.log_eval_metrics] Accuracy(layer_9 - estimator_0 - 12_folds.train_4.predict)=75.00%
[ 2020-05-25 11:15:36,692][kfold_wrapper.log_eval_metrics] Accuracy(layer_9 - estimator_0 - 12_folds.train_5.predict)=66.67%
[ 2020-05-25 11:15:37,075][kfold_wrapper.log_eval_metrics] Accuracy(layer_9 - estimator_0 - 12_folds.train_6.predict)=75.00%
[ 2020-05-25 11:15:37,436][kfold_wrapper.log_eval_metrics] Accuracy(layer_9 - estimator_0 - 12_folds.train_7.predict)=58.33%
[ 2020-05-25 11:15:37,818][kfold_wrapper.log_eval_metrics] Accuracy(layer_9 - estimator_0 - 12_folds.train_8.predict)=66.67%
[ 2020-05-25 11:15:38,196][kfold_wrapper.log_eval_metrics] Accuracy(layer_9 - estimator_0 - 12_folds.train_9.predict)=58.33%
[ 2020-05-25 11:15:38,569][kfold_wrapper.log_eval_metrics] Accuracy(layer_9 - estimator_0 - 12_folds.train_10.predict)=66.67%
[ 2020-05-25 11:15:38,950][kfold_wrapper.log_eval_metrics] Accuracy(layer_9 - estimator_0 - 12_folds.train_11.predict)=66.67%
[ 2020-05-25 11:15:39,075][kfold_wrapper.log_eval_metrics] Accuracy(layer_9 - estimator_0 - 12_folds.train_cv.predict)=64.14%
[ 2020-05-25 11:15:39,075][kfold_wrapper.log_eval_metrics] Accuracy(layer_9 - estimator_0 - 12_folds.test.predict)=45.92%
[ 2020-05-25 11:15:39,336][kfold_wrapper.log_eval_metrics] Accuracy(layer_9 - estimator_1 - 12_folds.train_0.predict)=69.23%
[ 2020-05-25 11:15:39,694][kfold_wrapper.log_eval_metrics] Accuracy(layer_9 - estimator_1 - 12_folds.train_1.predict)=66.67%
[ 2020-05-25 11:15:40,080][kfold_wrapper.log_eval_metrics] Accuracy(layer_9 - estimator_1 - 12_folds.train_2.predict)=75.00%
[ 2020-05-25 11:15:40,441][kfold_wrapper.log_eval_metrics] Accuracy(layer_9 - estimator_1 - 12_folds.train_3.predict)=66.67%
[ 2020-05-25 11:15:40,829][kfold_wrapper.log_eval_metrics] Accuracy(layer_9 - estimator_1 - 12_folds.train_4.predict)=66.67%
[ 2020-05-25 11:15:41,202][kfold_wrapper.log_eval_metrics] Accuracy(layer_9 - estimator_1 - 12_folds.train_5.predict)=66.67%
[ 2020-05-25 11:15:41,576][kfold_wrapper.log_eval_metrics] Accuracy(layer_9 - estimator_1 - 12_folds.train_6.predict)=58.33%
[ 2020-05-25 11:15:41,951][kfold_wrapper.log_eval_metrics] Accuracy(layer_9 - estimator_1 - 12_folds.train_7.predict)=66.67%
[ 2020-05-25 11:15:42,323][kfold_wrapper.log_eval_metrics] Accuracy(layer_9 - estimator_1 - 12_folds.train_8.predict)=66.67%
[ 2020-05-25 11:15:42,684][kfold_wrapper.log_eval_metrics] Accuracy(layer_9 - estimator_1 - 12_folds.train_9.predict)=66.67%
[ 2020-05-25 11:15:43,057][kfold_wrapper.log_eval_metrics] Accuracy(layer_9 - estimator_1 - 12_folds.train_10.predict)=41.67%
[ 2020-05-25 11:15:43,417][kfold_wrapper.log_eval_metrics] Accuracy(layer_9 - estimator_1 - 12_folds.train_11.predict)=66.67%
[ 2020-05-25 11:15:43,541][kfold_wrapper.log_eval_metrics] Accuracy(layer_9 - estimator_1 - 12_folds.train_cv.predict)=64.83%
[ 2020-05-25 11:15:43,541][kfold_wrapper.log_eval_metrics] Accuracy(layer_9 - estimator_1 - 12_folds.test.predict)=42.86%
[ 2020-05-25 11:15:43,557][kfold_wrapper.log_eval_metrics] Accuracy(layer_9 - estimator_2 - 12_folds.train_0.predict)=69.23%
[ 2020-05-25 11:15:43,572][kfold_wrapper.log_eval_metrics] Accuracy(layer_9 - estimator_2 - 12_folds.train_1.predict)=66.67%
[ 2020-05-25 11:15:43,588][kfold_wrapper.log_eval_metrics] Accuracy(layer_9 - estimator_2 - 12_folds.train_2.predict)=66.67%
[ 2020-05-25 11:15:43,604][kfold_wrapper.log_eval_metrics] Accuracy(layer_9 - estimator_2 - 12_folds.train_3.predict)=75.00%
[ 2020-05-25 11:15:43,619][kfold_wrapper.log_eval_metrics] Accuracy(layer_9 - estimator_2 - 12_folds.train_4.predict)=75.00%
[ 2020-05-25 11:15:43,635][kfold_wrapper.log_eval_metrics] Accuracy(layer_9 - estimator_2 - 12_folds.train_5.predict)=75.00%
[ 2020-05-25 11:15:43,643][kfold_wrapper.log_eval_metrics] Accuracy(layer_9 - estimator_2 - 12_folds.train_6.predict)=91.67%
[ 2020-05-25 11:15:43,651][kfold_wrapper.log_eval_metrics] Accuracy(layer_9 - estimator_2 - 12_folds.train_7.predict)=75.00%
[ 2020-05-25 11:15:43,670][kfold_wrapper.log_eval_metrics] Accuracy(layer_9 - estimator_2 - 12_folds.train_8.predict)=66.67%
[ 2020-05-25 11:15:43,689][kfold_wrapper.log_eval_metrics] Accuracy(layer_9 - estimator_2 - 12_folds.train_9.predict)=75.00%
[ 2020-05-25 11:15:43,704][kfold_wrapper.log_eval_metrics] Accuracy(layer_9 - estimator_2 - 12_folds.train_10.predict)=66.67%
[ 2020-05-25 11:15:43,723][kfold_wrapper.log_eval_metrics] Accuracy(layer_9 - estimator_2 - 12_folds.train_11.predict)=75.00%
[ 2020-05-25 11:15:43,726][kfold_wrapper.log_eval_metrics] Accuracy(layer_9 - estimator_2 - 12_folds.train_cv.predict)=73.10%
[ 2020-05-25 11:15:43,731][kfold_wrapper.log_eval_metrics] Accuracy(layer_9 - estimator_2 - 12_folds.test.predict)=62.24%
[ 2020-05-25 11:15:43,736][cascade_classifier.calc_accuracy] Accuracy(layer_9 - train.classifier_average)=66.90%
[ 2020-05-25 11:15:43,738][cascade_classifier.calc_accuracy] Accuracy(layer_9 - test.classifier_average)=41.84%
[ 2020-05-25 11:15:43,740][cascade_classifier.fit_transform] [Result][Optimal Level Detected] opt_layer_num=6, accuracy_train=75.86%, accuracy_test=52.04%
[ 2020-05-25 11:15:43,750][cascade_classifier.transform] X_groups_test.shape=[(323, 5)]
[ 2020-05-25 11:15:43,752][cascade_classifier.transform] group_dims=[5]
[ 2020-05-25 11:15:43,754][cascade_classifier.transform] X_test.shape=(323, 5)
[ 2020-05-25 11:15:43,756][cascade_classifier.transform] [layer=0] look_indexs=[0], X_cur_test.shape=(323, 5)
[ 2020-05-25 11:15:46,528][cascade_classifier.transform] [layer=1] look_indexs=[0], X_cur_test.shape=(323, 11)
[ 2020-05-25 11:15:49,396][cascade_classifier.transform] [layer=2] look_indexs=[0], X_cur_test.shape=(323, 11)
[ 2020-05-25 11:15:52,157][cascade_classifier.transform] [layer=3] look_indexs=[0], X_cur_test.shape=(323, 11)
[ 2020-05-25 11:15:54,959][cascade_classifier.transform] [layer=4] look_indexs=[0], X_cur_test.shape=(323, 11)
[ 2020-05-25 11:15:57,760][cascade_classifier.transform] [layer=5] look_indexs=[0], X_cur_test.shape=(323, 11)
[ 2020-05-25 11:21:57,081][cascade_classifier.fit_transform] X_groups_train.shape=[(145, 5)],y_train.shape=(145,),X_groups_test.shape=[(98, 5)],y_test.shape=(98,)
[ 2020-05-25 11:21:57,083][cascade_classifier.fit_transform] group_dims=[5]
[ 2020-05-25 11:21:57,088][cascade_classifier.fit_transform] group_starts=[0]
[ 2020-05-25 11:21:57,092][cascade_classifier.fit_transform] group_ends=[5]
[ 2020-05-25 11:21:57,098][cascade_classifier.fit_transform] X_train.shape=(145, 5),X_test.shape=(98, 5)
[ 2020-05-25 11:21:57,102][cascade_classifier.fit_transform] [layer=0] look_indexs=[0], X_cur_train.shape=(145, 5), X_cur_test.shape=(98, 5)
[ 2020-05-25 11:21:57,390][kfold_wrapper.log_eval_metrics] Accuracy(layer_0 - estimator_0 - 12_folds.train_0.predict)=76.92%
[ 2020-05-25 11:21:57,749][kfold_wrapper.log_eval_metrics] Accuracy(layer_0 - estimator_0 - 12_folds.train_1.predict)=50.00%
[ 2020-05-25 11:21:58,126][kfold_wrapper.log_eval_metrics] Accuracy(layer_0 - estimator_0 - 12_folds.train_2.predict)=66.67%
[ 2020-05-25 11:21:58,487][kfold_wrapper.log_eval_metrics] Accuracy(layer_0 - estimator_0 - 12_folds.train_3.predict)=75.00%
[ 2020-05-25 11:21:58,852][kfold_wrapper.log_eval_metrics] Accuracy(layer_0 - estimator_0 - 12_folds.train_4.predict)=66.67%
[ 2020-05-25 11:21:59,217][kfold_wrapper.log_eval_metrics] Accuracy(layer_0 - estimator_0 - 12_folds.train_5.predict)=58.33%
[ 2020-05-25 11:21:59,581][kfold_wrapper.log_eval_metrics] Accuracy(layer_0 - estimator_0 - 12_folds.train_6.predict)=75.00%
[ 2020-05-25 11:21:59,946][kfold_wrapper.log_eval_metrics] Accuracy(layer_0 - estimator_0 - 12_folds.train_7.predict)=50.00%
[ 2020-05-25 11:22:00,313][kfold_wrapper.log_eval_metrics] Accuracy(layer_0 - estimator_0 - 12_folds.train_8.predict)=66.67%
[ 2020-05-25 11:22:00,676][kfold_wrapper.log_eval_metrics] Accuracy(layer_0 - estimator_0 - 12_folds.train_9.predict)=66.67%
[ 2020-05-25 11:22:01,034][kfold_wrapper.log_eval_metrics] Accuracy(layer_0 - estimator_0 - 12_folds.train_10.predict)=66.67%
[ 2020-05-25 11:22:01,392][kfold_wrapper.log_eval_metrics] Accuracy(layer_0 - estimator_0 - 12_folds.train_11.predict)=58.33%
[ 2020-05-25 11:22:01,507][kfold_wrapper.log_eval_metrics] Accuracy(layer_0 - estimator_0 - 12_folds.train_cv.predict)=64.83%
[ 2020-05-25 11:22:01,510][kfold_wrapper.log_eval_metrics] Accuracy(layer_0 - estimator_0 - 12_folds.test.predict)=34.69%
[ 2020-05-25 11:22:01,766][kfold_wrapper.log_eval_metrics] Accuracy(layer_0 - estimator_1 - 12_folds.train_0.predict)=38.46%
[ 2020-05-25 11:22:02,132][kfold_wrapper.log_eval_metrics] Accuracy(layer_0 - estimator_1 - 12_folds.train_1.predict)=66.67%
[ 2020-05-25 11:22:02,494][kfold_wrapper.log_eval_metrics] Accuracy(layer_0 - estimator_1 - 12_folds.train_2.predict)=50.00%
[ 2020-05-25 11:22:02,853][kfold_wrapper.log_eval_metrics] Accuracy(layer_0 - estimator_1 - 12_folds.train_3.predict)=66.67%
[ 2020-05-25 11:22:03,217][kfold_wrapper.log_eval_metrics] Accuracy(layer_0 - estimator_1 - 12_folds.train_4.predict)=83.33%
[ 2020-05-25 11:22:03,582][kfold_wrapper.log_eval_metrics] Accuracy(layer_0 - estimator_1 - 12_folds.train_5.predict)=58.33%
[ 2020-05-25 11:22:03,945][kfold_wrapper.log_eval_metrics] Accuracy(layer_0 - estimator_1 - 12_folds.train_6.predict)=50.00%
[ 2020-05-25 11:22:04,309][kfold_wrapper.log_eval_metrics] Accuracy(layer_0 - estimator_1 - 12_folds.train_7.predict)=83.33%
[ 2020-05-25 11:22:04,671][kfold_wrapper.log_eval_metrics] Accuracy(layer_0 - estimator_1 - 12_folds.train_8.predict)=66.67%
[ 2020-05-25 11:22:05,041][kfold_wrapper.log_eval_metrics] Accuracy(layer_0 - estimator_1 - 12_folds.train_9.predict)=41.67%
[ 2020-05-25 11:22:05,403][kfold_wrapper.log_eval_metrics] Accuracy(layer_0 - estimator_1 - 12_folds.train_10.predict)=50.00%
[ 2020-05-25 11:22:05,768][kfold_wrapper.log_eval_metrics] Accuracy(layer_0 - estimator_1 - 12_folds.train_11.predict)=41.67%
[ 2020-05-25 11:22:05,885][kfold_wrapper.log_eval_metrics] Accuracy(layer_0 - estimator_1 - 12_folds.train_cv.predict)=57.93%
[ 2020-05-25 11:22:05,888][kfold_wrapper.log_eval_metrics] Accuracy(layer_0 - estimator_1 - 12_folds.test.predict)=34.69%
[ 2020-05-25 11:22:05,906][kfold_wrapper.log_eval_metrics] Accuracy(layer_0 - estimator_2 - 12_folds.train_0.predict)=69.23%
[ 2020-05-25 11:22:05,919][kfold_wrapper.log_eval_metrics] Accuracy(layer_0 - estimator_2 - 12_folds.train_1.predict)=66.67%
[ 2020-05-25 11:22:05,934][kfold_wrapper.log_eval_metrics] Accuracy(layer_0 - estimator_2 - 12_folds.train_2.predict)=66.67%
[ 2020-05-25 11:22:05,947][kfold_wrapper.log_eval_metrics] Accuracy(layer_0 - estimator_2 - 12_folds.train_3.predict)=75.00%
[ 2020-05-25 11:22:05,956][kfold_wrapper.log_eval_metrics] Accuracy(layer_0 - estimator_2 - 12_folds.train_4.predict)=75.00%
[ 2020-05-25 11:22:05,963][kfold_wrapper.log_eval_metrics] Accuracy(layer_0 - estimator_2 - 12_folds.train_5.predict)=75.00%
[ 2020-05-25 11:22:05,969][kfold_wrapper.log_eval_metrics] Accuracy(layer_0 - estimator_2 - 12_folds.train_6.predict)=75.00%
[ 2020-05-25 11:22:05,975][kfold_wrapper.log_eval_metrics] Accuracy(layer_0 - estimator_2 - 12_folds.train_7.predict)=75.00%
[ 2020-05-25 11:22:05,981][kfold_wrapper.log_eval_metrics] Accuracy(layer_0 - estimator_2 - 12_folds.train_8.predict)=75.00%
[ 2020-05-25 11:22:05,987][kfold_wrapper.log_eval_metrics] Accuracy(layer_0 - estimator_2 - 12_folds.train_9.predict)=75.00%
[ 2020-05-25 11:22:06,000][kfold_wrapper.log_eval_metrics] Accuracy(layer_0 - estimator_2 - 12_folds.train_10.predict)=75.00%
[ 2020-05-25 11:22:06,010][kfold_wrapper.log_eval_metrics] Accuracy(layer_0 - estimator_2 - 12_folds.train_11.predict)=75.00%
[ 2020-05-25 11:22:06,010][kfold_wrapper.log_eval_metrics] Accuracy(layer_0 - estimator_2 - 12_folds.train_cv.predict)=73.10%
[ 2020-05-25 11:22:06,010][kfold_wrapper.log_eval_metrics] Accuracy(layer_0 - estimator_2 - 12_folds.test.predict)=73.47%
[ 2020-05-25 11:22:06,010][cascade_classifier.calc_accuracy] Accuracy(layer_0 - train.classifier_average)=68.28%
[ 2020-05-25 11:22:06,026][cascade_classifier.calc_accuracy] Accuracy(layer_0 - test.classifier_average)=35.71%
[ 2020-05-25 11:22:06,026][cascade_classifier.fit_transform] [layer=1] look_indexs=[0], X_cur_train.shape=(145, 11), X_cur_test.shape=(98, 11)
[ 2020-05-25 11:22:06,261][kfold_wrapper.log_eval_metrics] Accuracy(layer_1 - estimator_0 - 12_folds.train_0.predict)=69.23%
[ 2020-05-25 11:22:06,619][kfold_wrapper.log_eval_metrics] Accuracy(layer_1 - estimator_0 - 12_folds.train_1.predict)=66.67%
[ 2020-05-25 11:22:06,982][kfold_wrapper.log_eval_metrics] Accuracy(layer_1 - estimator_0 - 12_folds.train_2.predict)=66.67%
[ 2020-05-25 11:22:07,354][kfold_wrapper.log_eval_metrics] Accuracy(layer_1 - estimator_0 - 12_folds.train_3.predict)=66.67%
[ 2020-05-25 11:22:07,708][kfold_wrapper.log_eval_metrics] Accuracy(layer_1 - estimator_0 - 12_folds.train_4.predict)=83.33%
[ 2020-05-25 11:22:08,075][kfold_wrapper.log_eval_metrics] Accuracy(layer_1 - estimator_0 - 12_folds.train_5.predict)=75.00%
[ 2020-05-25 11:22:08,439][kfold_wrapper.log_eval_metrics] Accuracy(layer_1 - estimator_0 - 12_folds.train_6.predict)=66.67%
[ 2020-05-25 11:22:08,801][kfold_wrapper.log_eval_metrics] Accuracy(layer_1 - estimator_0 - 12_folds.train_7.predict)=66.67%
[ 2020-05-25 11:22:09,173][kfold_wrapper.log_eval_metrics] Accuracy(layer_1 - estimator_0 - 12_folds.train_8.predict)=58.33%
[ 2020-05-25 11:22:09,536][kfold_wrapper.log_eval_metrics] Accuracy(layer_1 - estimator_0 - 12_folds.train_9.predict)=58.33%
[ 2020-05-25 11:22:09,900][kfold_wrapper.log_eval_metrics] Accuracy(layer_1 - estimator_0 - 12_folds.train_10.predict)=75.00%
[ 2020-05-25 11:22:10,262][kfold_wrapper.log_eval_metrics] Accuracy(layer_1 - estimator_0 - 12_folds.train_11.predict)=75.00%
[ 2020-05-25 11:22:10,378][kfold_wrapper.log_eval_metrics] Accuracy(layer_1 - estimator_0 - 12_folds.train_cv.predict)=68.97%
[ 2020-05-25 11:22:10,381][kfold_wrapper.log_eval_metrics] Accuracy(layer_1 - estimator_0 - 12_folds.test.predict)=39.80%
[ 2020-05-25 11:22:10,638][kfold_wrapper.log_eval_metrics] Accuracy(layer_1 - estimator_1 - 12_folds.train_0.predict)=46.15%
[ 2020-05-25 11:22:11,003][kfold_wrapper.log_eval_metrics] Accuracy(layer_1 - estimator_1 - 12_folds.train_1.predict)=83.33%
[ 2020-05-25 11:22:11,367][kfold_wrapper.log_eval_metrics] Accuracy(layer_1 - estimator_1 - 12_folds.train_2.predict)=75.00%
[ 2020-05-25 11:22:11,713][kfold_wrapper.log_eval_metrics] Accuracy(layer_1 - estimator_1 - 12_folds.train_3.predict)=58.33%
[ 2020-05-25 11:22:12,075][kfold_wrapper.log_eval_metrics] Accuracy(layer_1 - estimator_1 - 12_folds.train_4.predict)=66.67%
[ 2020-05-25 11:22:12,437][kfold_wrapper.log_eval_metrics] Accuracy(layer_1 - estimator_1 - 12_folds.train_5.predict)=75.00%
[ 2020-05-25 11:22:12,799][kfold_wrapper.log_eval_metrics] Accuracy(layer_1 - estimator_1 - 12_folds.train_6.predict)=75.00%
[ 2020-05-25 11:22:13,163][kfold_wrapper.log_eval_metrics] Accuracy(layer_1 - estimator_1 - 12_folds.train_7.predict)=66.67%
[ 2020-05-25 11:22:13,526][kfold_wrapper.log_eval_metrics] Accuracy(layer_1 - estimator_1 - 12_folds.train_8.predict)=50.00%
[ 2020-05-25 11:22:13,888][kfold_wrapper.log_eval_metrics] Accuracy(layer_1 - estimator_1 - 12_folds.train_9.predict)=66.67%
[ 2020-05-25 11:22:14,250][kfold_wrapper.log_eval_metrics] Accuracy(layer_1 - estimator_1 - 12_folds.train_10.predict)=58.33%
[ 2020-05-25 11:22:14,613][kfold_wrapper.log_eval_metrics] Accuracy(layer_1 - estimator_1 - 12_folds.train_11.predict)=58.33%
[ 2020-05-25 11:22:14,730][kfold_wrapper.log_eval_metrics] Accuracy(layer_1 - estimator_1 - 12_folds.train_cv.predict)=64.83%
[ 2020-05-25 11:22:14,733][kfold_wrapper.log_eval_metrics] Accuracy(layer_1 - estimator_1 - 12_folds.test.predict)=42.86%
[ 2020-05-25 11:22:14,758][kfold_wrapper.log_eval_metrics] Accuracy(layer_1 - estimator_2 - 12_folds.train_0.predict)=69.23%
[ 2020-05-25 11:22:14,782][kfold_wrapper.log_eval_metrics] Accuracy(layer_1 - estimator_2 - 12_folds.train_1.predict)=66.67%
[ 2020-05-25 11:22:14,804][kfold_wrapper.log_eval_metrics] Accuracy(layer_1 - estimator_2 - 12_folds.train_2.predict)=66.67%
[ 2020-05-25 11:22:14,821][kfold_wrapper.log_eval_metrics] Accuracy(layer_1 - estimator_2 - 12_folds.train_3.predict)=75.00%
[ 2020-05-25 11:22:14,838][kfold_wrapper.log_eval_metrics] Accuracy(layer_1 - estimator_2 - 12_folds.train_4.predict)=75.00%
[ 2020-05-25 11:22:14,854][kfold_wrapper.log_eval_metrics] Accuracy(layer_1 - estimator_2 - 12_folds.train_5.predict)=75.00%
[ 2020-05-25 11:22:14,869][kfold_wrapper.log_eval_metrics] Accuracy(layer_1 - estimator_2 - 12_folds.train_6.predict)=75.00%
[ 2020-05-25 11:22:14,887][kfold_wrapper.log_eval_metrics] Accuracy(layer_1 - estimator_2 - 12_folds.train_7.predict)=75.00%
[ 2020-05-25 11:22:14,905][kfold_wrapper.log_eval_metrics] Accuracy(layer_1 - estimator_2 - 12_folds.train_8.predict)=75.00%
[ 2020-05-25 11:22:14,915][kfold_wrapper.log_eval_metrics] Accuracy(layer_1 - estimator_2 - 12_folds.train_9.predict)=75.00%
[ 2020-05-25 11:22:14,935][kfold_wrapper.log_eval_metrics] Accuracy(layer_1 - estimator_2 - 12_folds.train_10.predict)=75.00%
[ 2020-05-25 11:22:14,950][kfold_wrapper.log_eval_metrics] Accuracy(layer_1 - estimator_2 - 12_folds.train_11.predict)=75.00%
[ 2020-05-25 11:22:14,954][kfold_wrapper.log_eval_metrics] Accuracy(layer_1 - estimator_2 - 12_folds.train_cv.predict)=73.10%
[ 2020-05-25 11:22:14,959][kfold_wrapper.log_eval_metrics] Accuracy(layer_1 - estimator_2 - 12_folds.test.predict)=73.47%
[ 2020-05-25 11:22:14,963][cascade_classifier.calc_accuracy] Accuracy(layer_1 - train.classifier_average)=71.03%
[ 2020-05-25 11:22:14,968][cascade_classifier.calc_accuracy] Accuracy(layer_1 - test.classifier_average)=60.20%
[ 2020-05-25 11:22:14,972][cascade_classifier.fit_transform] [layer=2] look_indexs=[0], X_cur_train.shape=(145, 11), X_cur_test.shape=(98, 11)
[ 2020-05-25 11:22:15,226][kfold_wrapper.log_eval_metrics] Accuracy(layer_2 - estimator_0 - 12_folds.train_0.predict)=61.54%
[ 2020-05-25 11:22:15,590][kfold_wrapper.log_eval_metrics] Accuracy(layer_2 - estimator_0 - 12_folds.train_1.predict)=75.00%
[ 2020-05-25 11:22:15,953][kfold_wrapper.log_eval_metrics] Accuracy(layer_2 - estimator_0 - 12_folds.train_2.predict)=66.67%
[ 2020-05-25 11:22:16,318][kfold_wrapper.log_eval_metrics] Accuracy(layer_2 - estimator_0 - 12_folds.train_3.predict)=75.00%
[ 2020-05-25 11:22:16,682][kfold_wrapper.log_eval_metrics] Accuracy(layer_2 - estimator_0 - 12_folds.train_4.predict)=58.33%
[ 2020-05-25 11:22:17,040][kfold_wrapper.log_eval_metrics] Accuracy(layer_2 - estimator_0 - 12_folds.train_5.predict)=75.00%
[ 2020-05-25 11:22:17,402][kfold_wrapper.log_eval_metrics] Accuracy(layer_2 - estimator_0 - 12_folds.train_6.predict)=50.00%
[ 2020-05-25 11:22:17,763][kfold_wrapper.log_eval_metrics] Accuracy(layer_2 - estimator_0 - 12_folds.train_7.predict)=58.33%
[ 2020-05-25 11:22:18,126][kfold_wrapper.log_eval_metrics] Accuracy(layer_2 - estimator_0 - 12_folds.train_8.predict)=75.00%
[ 2020-05-25 11:22:18,489][kfold_wrapper.log_eval_metrics] Accuracy(layer_2 - estimator_0 - 12_folds.train_9.predict)=66.67%
[ 2020-05-25 11:22:18,851][kfold_wrapper.log_eval_metrics] Accuracy(layer_2 - estimator_0 - 12_folds.train_10.predict)=75.00%
[ 2020-05-25 11:22:19,217][kfold_wrapper.log_eval_metrics] Accuracy(layer_2 - estimator_0 - 12_folds.train_11.predict)=58.33%
[ 2020-05-25 11:22:19,333][kfold_wrapper.log_eval_metrics] Accuracy(layer_2 - estimator_0 - 12_folds.train_cv.predict)=66.21%
[ 2020-05-25 11:22:19,337][kfold_wrapper.log_eval_metrics] Accuracy(layer_2 - estimator_0 - 12_folds.test.predict)=40.82%
[ 2020-05-25 11:22:19,591][kfold_wrapper.log_eval_metrics] Accuracy(layer_2 - estimator_1 - 12_folds.train_0.predict)=61.54%
[ 2020-05-25 11:22:19,954][kfold_wrapper.log_eval_metrics] Accuracy(layer_2 - estimator_1 - 12_folds.train_1.predict)=58.33%
[ 2020-05-25 11:22:20,322][kfold_wrapper.log_eval_metrics] Accuracy(layer_2 - estimator_1 - 12_folds.train_2.predict)=66.67%
[ 2020-05-25 11:22:20,684][kfold_wrapper.log_eval_metrics] Accuracy(layer_2 - estimator_1 - 12_folds.train_3.predict)=75.00%
[ 2020-05-25 11:22:21,045][kfold_wrapper.log_eval_metrics] Accuracy(layer_2 - estimator_1 - 12_folds.train_4.predict)=91.67%
[ 2020-05-25 11:22:21,407][kfold_wrapper.log_eval_metrics] Accuracy(layer_2 - estimator_1 - 12_folds.train_5.predict)=66.67%
[ 2020-05-25 11:22:21,772][kfold_wrapper.log_eval_metrics] Accuracy(layer_2 - estimator_1 - 12_folds.train_6.predict)=50.00%
[ 2020-05-25 11:22:22,131][kfold_wrapper.log_eval_metrics] Accuracy(layer_2 - estimator_1 - 12_folds.train_7.predict)=66.67%
[ 2020-05-25 11:22:22,489][kfold_wrapper.log_eval_metrics] Accuracy(layer_2 - estimator_1 - 12_folds.train_8.predict)=75.00%
[ 2020-05-25 11:22:22,849][kfold_wrapper.log_eval_metrics] Accuracy(layer_2 - estimator_1 - 12_folds.train_9.predict)=75.00%
[ 2020-05-25 11:22:23,211][kfold_wrapper.log_eval_metrics] Accuracy(layer_2 - estimator_1 - 12_folds.train_10.predict)=66.67%
[ 2020-05-25 11:22:23,573][kfold_wrapper.log_eval_metrics] Accuracy(layer_2 - estimator_1 - 12_folds.train_11.predict)=58.33%
[ 2020-05-25 11:22:23,689][kfold_wrapper.log_eval_metrics] Accuracy(layer_2 - estimator_1 - 12_folds.train_cv.predict)=67.59%
[ 2020-05-25 11:22:23,693][kfold_wrapper.log_eval_metrics] Accuracy(layer_2 - estimator_1 - 12_folds.test.predict)=36.73%
[ 2020-05-25 11:22:23,714][kfold_wrapper.log_eval_metrics] Accuracy(layer_2 - estimator_2 - 12_folds.train_0.predict)=69.23%
[ 2020-05-25 11:22:23,736][kfold_wrapper.log_eval_metrics] Accuracy(layer_2 - estimator_2 - 12_folds.train_1.predict)=66.67%
[ 2020-05-25 11:22:23,755][kfold_wrapper.log_eval_metrics] Accuracy(layer_2 - estimator_2 - 12_folds.train_2.predict)=66.67%
[ 2020-05-25 11:22:23,772][kfold_wrapper.log_eval_metrics] Accuracy(layer_2 - estimator_2 - 12_folds.train_3.predict)=75.00%
[ 2020-05-25 11:22:23,792][kfold_wrapper.log_eval_metrics] Accuracy(layer_2 - estimator_2 - 12_folds.train_4.predict)=75.00%
[ 2020-05-25 11:22:23,813][kfold_wrapper.log_eval_metrics] Accuracy(layer_2 - estimator_2 - 12_folds.train_5.predict)=75.00%
[ 2020-05-25 11:22:23,832][kfold_wrapper.log_eval_metrics] Accuracy(layer_2 - estimator_2 - 12_folds.train_6.predict)=75.00%
[ 2020-05-25 11:22:23,851][kfold_wrapper.log_eval_metrics] Accuracy(layer_2 - estimator_2 - 12_folds.train_7.predict)=75.00%
[ 2020-05-25 11:22:23,870][kfold_wrapper.log_eval_metrics] Accuracy(layer_2 - estimator_2 - 12_folds.train_8.predict)=75.00%
[ 2020-05-25 11:22:23,891][kfold_wrapper.log_eval_metrics] Accuracy(layer_2 - estimator_2 - 12_folds.train_9.predict)=75.00%
[ 2020-05-25 11:22:23,912][kfold_wrapper.log_eval_metrics] Accuracy(layer_2 - estimator_2 - 12_folds.train_10.predict)=75.00%
[ 2020-05-25 11:22:23,930][kfold_wrapper.log_eval_metrics] Accuracy(layer_2 - estimator_2 - 12_folds.train_11.predict)=75.00%
[ 2020-05-25 11:22:23,934][kfold_wrapper.log_eval_metrics] Accuracy(layer_2 - estimator_2 - 12_folds.train_cv.predict)=73.10%
[ 2020-05-25 11:22:23,938][kfold_wrapper.log_eval_metrics] Accuracy(layer_2 - estimator_2 - 12_folds.test.predict)=73.47%
[ 2020-05-25 11:22:23,943][cascade_classifier.calc_accuracy] Accuracy(layer_2 - train.classifier_average)=72.41%
[ 2020-05-25 11:22:23,946][cascade_classifier.calc_accuracy] Accuracy(layer_2 - test.classifier_average)=42.86%
[ 2020-05-25 11:22:23,949][cascade_classifier.fit_transform] [layer=3] look_indexs=[0], X_cur_train.shape=(145, 11), X_cur_test.shape=(98, 11)
[ 2020-05-25 11:22:24,208][kfold_wrapper.log_eval_metrics] Accuracy(layer_3 - estimator_0 - 12_folds.train_0.predict)=61.54%
[ 2020-05-25 11:22:24,571][kfold_wrapper.log_eval_metrics] Accuracy(layer_3 - estimator_0 - 12_folds.train_1.predict)=58.33%
[ 2020-05-25 11:22:24,935][kfold_wrapper.log_eval_metrics] Accuracy(layer_3 - estimator_0 - 12_folds.train_2.predict)=66.67%
[ 2020-05-25 11:22:25,298][kfold_wrapper.log_eval_metrics] Accuracy(layer_3 - estimator_0 - 12_folds.train_3.predict)=66.67%
[ 2020-05-25 11:22:25,659][kfold_wrapper.log_eval_metrics] Accuracy(layer_3 - estimator_0 - 12_folds.train_4.predict)=75.00%
[ 2020-05-25 11:22:26,024][kfold_wrapper.log_eval_metrics] Accuracy(layer_3 - estimator_0 - 12_folds.train_5.predict)=100.00%
[ 2020-05-25 11:22:26,385][kfold_wrapper.log_eval_metrics] Accuracy(layer_3 - estimator_0 - 12_folds.train_6.predict)=83.33%
[ 2020-05-25 11:22:26,748][kfold_wrapper.log_eval_metrics] Accuracy(layer_3 - estimator_0 - 12_folds.train_7.predict)=75.00%
[ 2020-05-25 11:22:27,111][kfold_wrapper.log_eval_metrics] Accuracy(layer_3 - estimator_0 - 12_folds.train_8.predict)=50.00%
[ 2020-05-25 11:22:27,470][kfold_wrapper.log_eval_metrics] Accuracy(layer_3 - estimator_0 - 12_folds.train_9.predict)=83.33%
[ 2020-05-25 11:22:27,828][kfold_wrapper.log_eval_metrics] Accuracy(layer_3 - estimator_0 - 12_folds.train_10.predict)=75.00%
[ 2020-05-25 11:22:28,197][kfold_wrapper.log_eval_metrics] Accuracy(layer_3 - estimator_0 - 12_folds.train_11.predict)=66.67%
[ 2020-05-25 11:22:28,313][kfold_wrapper.log_eval_metrics] Accuracy(layer_3 - estimator_0 - 12_folds.train_cv.predict)=71.72%
[ 2020-05-25 11:22:28,316][kfold_wrapper.log_eval_metrics] Accuracy(layer_3 - estimator_0 - 12_folds.test.predict)=41.84%
[ 2020-05-25 11:22:28,572][kfold_wrapper.log_eval_metrics] Accuracy(layer_3 - estimator_1 - 12_folds.train_0.predict)=69.23%
[ 2020-05-25 11:22:28,933][kfold_wrapper.log_eval_metrics] Accuracy(layer_3 - estimator_1 - 12_folds.train_1.predict)=83.33%
[ 2020-05-25 11:22:29,300][kfold_wrapper.log_eval_metrics] Accuracy(layer_3 - estimator_1 - 12_folds.train_2.predict)=58.33%
[ 2020-05-25 11:22:29,664][kfold_wrapper.log_eval_metrics] Accuracy(layer_3 - estimator_1 - 12_folds.train_3.predict)=75.00%
[ 2020-05-25 11:22:30,025][kfold_wrapper.log_eval_metrics] Accuracy(layer_3 - estimator_1 - 12_folds.train_4.predict)=83.33%
[ 2020-05-25 11:22:30,387][kfold_wrapper.log_eval_metrics] Accuracy(layer_3 - estimator_1 - 12_folds.train_5.predict)=100.00%
[ 2020-05-25 11:22:30,748][kfold_wrapper.log_eval_metrics] Accuracy(layer_3 - estimator_1 - 12_folds.train_6.predict)=50.00%
[ 2020-05-25 11:22:31,116][kfold_wrapper.log_eval_metrics] Accuracy(layer_3 - estimator_1 - 12_folds.train_7.predict)=75.00%
[ 2020-05-25 11:22:31,478][kfold_wrapper.log_eval_metrics] Accuracy(layer_3 - estimator_1 - 12_folds.train_8.predict)=75.00%
[ 2020-05-25 11:22:31,839][kfold_wrapper.log_eval_metrics] Accuracy(layer_3 - estimator_1 - 12_folds.train_9.predict)=75.00%
[ 2020-05-25 11:22:32,216][kfold_wrapper.log_eval_metrics] Accuracy(layer_3 - estimator_1 - 12_folds.train_10.predict)=66.67%
[ 2020-05-25 11:22:32,579][kfold_wrapper.log_eval_metrics] Accuracy(layer_3 - estimator_1 - 12_folds.train_11.predict)=75.00%
[ 2020-05-25 11:22:32,695][kfold_wrapper.log_eval_metrics] Accuracy(layer_3 - estimator_1 - 12_folds.train_cv.predict)=73.79%
[ 2020-05-25 11:22:32,699][kfold_wrapper.log_eval_metrics] Accuracy(layer_3 - estimator_1 - 12_folds.test.predict)=55.10%
[ 2020-05-25 11:22:32,714][kfold_wrapper.log_eval_metrics] Accuracy(layer_3 - estimator_2 - 12_folds.train_0.predict)=69.23%
[ 2020-05-25 11:22:32,725][kfold_wrapper.log_eval_metrics] Accuracy(layer_3 - estimator_2 - 12_folds.train_1.predict)=66.67%
[ 2020-05-25 11:22:32,739][kfold_wrapper.log_eval_metrics] Accuracy(layer_3 - estimator_2 - 12_folds.train_2.predict)=66.67%
[ 2020-05-25 11:22:32,752][kfold_wrapper.log_eval_metrics] Accuracy(layer_3 - estimator_2 - 12_folds.train_3.predict)=75.00%
[ 2020-05-25 11:22:32,764][kfold_wrapper.log_eval_metrics] Accuracy(layer_3 - estimator_2 - 12_folds.train_4.predict)=66.67%
[ 2020-05-25 11:22:32,771][kfold_wrapper.log_eval_metrics] Accuracy(layer_3 - estimator_2 - 12_folds.train_5.predict)=75.00%
[ 2020-05-25 11:22:32,779][kfold_wrapper.log_eval_metrics] Accuracy(layer_3 - estimator_2 - 12_folds.train_6.predict)=75.00%
[ 2020-05-25 11:22:32,793][kfold_wrapper.log_eval_metrics] Accuracy(layer_3 - estimator_2 - 12_folds.train_7.predict)=75.00%
[ 2020-05-25 11:22:32,802][kfold_wrapper.log_eval_metrics] Accuracy(layer_3 - estimator_2 - 12_folds.train_8.predict)=75.00%
[ 2020-05-25 11:22:32,816][kfold_wrapper.log_eval_metrics] Accuracy(layer_3 - estimator_2 - 12_folds.train_9.predict)=75.00%
[ 2020-05-25 11:22:32,826][kfold_wrapper.log_eval_metrics] Accuracy(layer_3 - estimator_2 - 12_folds.train_10.predict)=75.00%
[ 2020-05-25 11:22:32,835][kfold_wrapper.log_eval_metrics] Accuracy(layer_3 - estimator_2 - 12_folds.train_11.predict)=75.00%
[ 2020-05-25 11:22:32,837][kfold_wrapper.log_eval_metrics] Accuracy(layer_3 - estimator_2 - 12_folds.train_cv.predict)=72.41%
[ 2020-05-25 11:22:32,839][kfold_wrapper.log_eval_metrics] Accuracy(layer_3 - estimator_2 - 12_folds.test.predict)=73.47%
[ 2020-05-25 11:22:32,841][cascade_classifier.calc_accuracy] Accuracy(layer_3 - train.classifier_average)=73.10%
[ 2020-05-25 11:22:32,846][cascade_classifier.calc_accuracy] Accuracy(layer_3 - test.classifier_average)=58.16%
[ 2020-05-25 11:22:32,849][cascade_classifier.fit_transform] [layer=4] look_indexs=[0], X_cur_train.shape=(145, 11), X_cur_test.shape=(98, 11)
[ 2020-05-25 11:22:33,091][kfold_wrapper.log_eval_metrics] Accuracy(layer_4 - estimator_0 - 12_folds.train_0.predict)=92.31%
[ 2020-05-25 11:22:33,454][kfold_wrapper.log_eval_metrics] Accuracy(layer_4 - estimator_0 - 12_folds.train_1.predict)=41.67%
[ 2020-05-25 11:22:33,818][kfold_wrapper.log_eval_metrics] Accuracy(layer_4 - estimator_0 - 12_folds.train_2.predict)=91.67%
[ 2020-05-25 11:22:34,188][kfold_wrapper.log_eval_metrics] Accuracy(layer_4 - estimator_0 - 12_folds.train_3.predict)=58.33%
[ 2020-05-25 11:22:34,553][kfold_wrapper.log_eval_metrics] Accuracy(layer_4 - estimator_0 - 12_folds.train_4.predict)=91.67%
[ 2020-05-25 11:22:34,918][kfold_wrapper.log_eval_metrics] Accuracy(layer_4 - estimator_0 - 12_folds.train_5.predict)=91.67%
[ 2020-05-25 11:22:35,280][kfold_wrapper.log_eval_metrics] Accuracy(layer_4 - estimator_0 - 12_folds.train_6.predict)=75.00%
[ 2020-05-25 11:22:35,645][kfold_wrapper.log_eval_metrics] Accuracy(layer_4 - estimator_0 - 12_folds.train_7.predict)=58.33%
[ 2020-05-25 11:22:36,006][kfold_wrapper.log_eval_metrics] Accuracy(layer_4 - estimator_0 - 12_folds.train_8.predict)=91.67%
[ 2020-05-25 11:22:36,369][kfold_wrapper.log_eval_metrics] Accuracy(layer_4 - estimator_0 - 12_folds.train_9.predict)=83.33%
[ 2020-05-25 11:22:36,733][kfold_wrapper.log_eval_metrics] Accuracy(layer_4 - estimator_0 - 12_folds.train_10.predict)=83.33%
[ 2020-05-25 11:22:37,098][kfold_wrapper.log_eval_metrics] Accuracy(layer_4 - estimator_0 - 12_folds.train_11.predict)=66.67%
[ 2020-05-25 11:22:37,215][kfold_wrapper.log_eval_metrics] Accuracy(layer_4 - estimator_0 - 12_folds.train_cv.predict)=77.24%
[ 2020-05-25 11:22:37,219][kfold_wrapper.log_eval_metrics] Accuracy(layer_4 - estimator_0 - 12_folds.test.predict)=45.92%
[ 2020-05-25 11:22:37,475][kfold_wrapper.log_eval_metrics] Accuracy(layer_4 - estimator_1 - 12_folds.train_0.predict)=69.23%
[ 2020-05-25 11:22:37,835][kfold_wrapper.log_eval_metrics] Accuracy(layer_4 - estimator_1 - 12_folds.train_1.predict)=50.00%
[ 2020-05-25 11:22:38,192][kfold_wrapper.log_eval_metrics] Accuracy(layer_4 - estimator_1 - 12_folds.train_2.predict)=83.33%
[ 2020-05-25 11:22:38,553][kfold_wrapper.log_eval_metrics] Accuracy(layer_4 - estimator_1 - 12_folds.train_3.predict)=66.67%
[ 2020-05-25 11:22:38,914][kfold_wrapper.log_eval_metrics] Accuracy(layer_4 - estimator_1 - 12_folds.train_4.predict)=83.33%
[ 2020-05-25 11:22:39,277][kfold_wrapper.log_eval_metrics] Accuracy(layer_4 - estimator_1 - 12_folds.train_5.predict)=91.67%
[ 2020-05-25 11:22:39,639][kfold_wrapper.log_eval_metrics] Accuracy(layer_4 - estimator_1 - 12_folds.train_6.predict)=75.00%
[ 2020-05-25 11:22:40,002][kfold_wrapper.log_eval_metrics] Accuracy(layer_4 - estimator_1 - 12_folds.train_7.predict)=91.67%
[ 2020-05-25 11:22:40,365][kfold_wrapper.log_eval_metrics] Accuracy(layer_4 - estimator_1 - 12_folds.train_8.predict)=75.00%
[ 2020-05-25 11:22:40,728][kfold_wrapper.log_eval_metrics] Accuracy(layer_4 - estimator_1 - 12_folds.train_9.predict)=75.00%
[ 2020-05-25 11:22:41,104][kfold_wrapper.log_eval_metrics] Accuracy(layer_4 - estimator_1 - 12_folds.train_10.predict)=66.67%
[ 2020-05-25 11:22:41,467][kfold_wrapper.log_eval_metrics] Accuracy(layer_4 - estimator_1 - 12_folds.train_11.predict)=75.00%
[ 2020-05-25 11:22:41,583][kfold_wrapper.log_eval_metrics] Accuracy(layer_4 - estimator_1 - 12_folds.train_cv.predict)=75.17%
[ 2020-05-25 11:22:41,587][kfold_wrapper.log_eval_metrics] Accuracy(layer_4 - estimator_1 - 12_folds.test.predict)=43.88%
[ 2020-05-25 11:22:41,610][kfold_wrapper.log_eval_metrics] Accuracy(layer_4 - estimator_2 - 12_folds.train_0.predict)=69.23%
[ 2020-05-25 11:22:41,630][kfold_wrapper.log_eval_metrics] Accuracy(layer_4 - estimator_2 - 12_folds.train_1.predict)=75.00%
[ 2020-05-25 11:22:41,646][kfold_wrapper.log_eval_metrics] Accuracy(layer_4 - estimator_2 - 12_folds.train_2.predict)=58.33%
[ 2020-05-25 11:22:41,660][kfold_wrapper.log_eval_metrics] Accuracy(layer_4 - estimator_2 - 12_folds.train_3.predict)=75.00%
[ 2020-05-25 11:22:41,681][kfold_wrapper.log_eval_metrics] Accuracy(layer_4 - estimator_2 - 12_folds.train_4.predict)=75.00%
[ 2020-05-25 11:22:41,691][kfold_wrapper.log_eval_metrics] Accuracy(layer_4 - estimator_2 - 12_folds.train_5.predict)=75.00%
[ 2020-05-25 11:22:41,710][kfold_wrapper.log_eval_metrics] Accuracy(layer_4 - estimator_2 - 12_folds.train_6.predict)=66.67%
[ 2020-05-25 11:22:41,728][kfold_wrapper.log_eval_metrics] Accuracy(layer_4 - estimator_2 - 12_folds.train_7.predict)=83.33%
[ 2020-05-25 11:22:41,743][kfold_wrapper.log_eval_metrics] Accuracy(layer_4 - estimator_2 - 12_folds.train_8.predict)=75.00%
[ 2020-05-25 11:22:41,760][kfold_wrapper.log_eval_metrics] Accuracy(layer_4 - estimator_2 - 12_folds.train_9.predict)=91.67%
[ 2020-05-25 11:22:41,777][kfold_wrapper.log_eval_metrics] Accuracy(layer_4 - estimator_2 - 12_folds.train_10.predict)=66.67%
[ 2020-05-25 11:22:41,793][kfold_wrapper.log_eval_metrics] Accuracy(layer_4 - estimator_2 - 12_folds.train_11.predict)=58.33%
[ 2020-05-25 11:22:41,800][kfold_wrapper.log_eval_metrics] Accuracy(layer_4 - estimator_2 - 12_folds.train_cv.predict)=72.41%
[ 2020-05-25 11:22:41,804][kfold_wrapper.log_eval_metrics] Accuracy(layer_4 - estimator_2 - 12_folds.test.predict)=62.24%
[ 2020-05-25 11:22:41,808][cascade_classifier.calc_accuracy] Accuracy(layer_4 - train.classifier_average)=75.17%
[ 2020-05-25 11:22:41,814][cascade_classifier.calc_accuracy] Accuracy(layer_4 - test.classifier_average)=46.94%
[ 2020-05-25 11:22:41,818][cascade_classifier.fit_transform] [layer=5] look_indexs=[0], X_cur_train.shape=(145, 11), X_cur_test.shape=(98, 11)
[ 2020-05-25 11:22:42,074][kfold_wrapper.log_eval_metrics] Accuracy(layer_5 - estimator_0 - 12_folds.train_0.predict)=76.92%
[ 2020-05-25 11:22:42,437][kfold_wrapper.log_eval_metrics] Accuracy(layer_5 - estimator_0 - 12_folds.train_1.predict)=83.33%
[ 2020-05-25 11:22:42,782][kfold_wrapper.log_eval_metrics] Accuracy(layer_5 - estimator_0 - 12_folds.train_2.predict)=83.33%
[ 2020-05-25 11:22:43,142][kfold_wrapper.log_eval_metrics] Accuracy(layer_5 - estimator_0 - 12_folds.train_3.predict)=66.67%
[ 2020-05-25 11:22:43,487][kfold_wrapper.log_eval_metrics] Accuracy(layer_5 - estimator_0 - 12_folds.train_4.predict)=75.00%
[ 2020-05-25 11:22:43,835][kfold_wrapper.log_eval_metrics] Accuracy(layer_5 - estimator_0 - 12_folds.train_5.predict)=58.33%
[ 2020-05-25 11:22:44,206][kfold_wrapper.log_eval_metrics] Accuracy(layer_5 - estimator_0 - 12_folds.train_6.predict)=75.00%
[ 2020-05-25 11:22:44,568][kfold_wrapper.log_eval_metrics] Accuracy(layer_5 - estimator_0 - 12_folds.train_7.predict)=83.33%
[ 2020-05-25 11:22:44,929][kfold_wrapper.log_eval_metrics] Accuracy(layer_5 - estimator_0 - 12_folds.train_8.predict)=75.00%
[ 2020-05-25 11:22:45,293][kfold_wrapper.log_eval_metrics] Accuracy(layer_5 - estimator_0 - 12_folds.train_9.predict)=66.67%
[ 2020-05-25 11:22:45,657][kfold_wrapper.log_eval_metrics] Accuracy(layer_5 - estimator_0 - 12_folds.train_10.predict)=75.00%
[ 2020-05-25 11:22:46,020][kfold_wrapper.log_eval_metrics] Accuracy(layer_5 - estimator_0 - 12_folds.train_11.predict)=83.33%
[ 2020-05-25 11:22:46,135][kfold_wrapper.log_eval_metrics] Accuracy(layer_5 - estimator_0 - 12_folds.train_cv.predict)=75.17%
[ 2020-05-25 11:22:46,139][kfold_wrapper.log_eval_metrics] Accuracy(layer_5 - estimator_0 - 12_folds.test.predict)=52.04%
[ 2020-05-25 11:22:46,395][kfold_wrapper.log_eval_metrics] Accuracy(layer_5 - estimator_1 - 12_folds.train_0.predict)=84.62%
[ 2020-05-25 11:22:46,758][kfold_wrapper.log_eval_metrics] Accuracy(layer_5 - estimator_1 - 12_folds.train_1.predict)=58.33%
[ 2020-05-25 11:22:47,119][kfold_wrapper.log_eval_metrics] Accuracy(layer_5 - estimator_1 - 12_folds.train_2.predict)=66.67%
[ 2020-05-25 11:22:47,482][kfold_wrapper.log_eval_metrics] Accuracy(layer_5 - estimator_1 - 12_folds.train_3.predict)=75.00%
[ 2020-05-25 11:22:47,846][kfold_wrapper.log_eval_metrics] Accuracy(layer_5 - estimator_1 - 12_folds.train_4.predict)=58.33%
[ 2020-05-25 11:22:48,209][kfold_wrapper.log_eval_metrics] Accuracy(layer_5 - estimator_1 - 12_folds.train_5.predict)=75.00%
[ 2020-05-25 11:22:48,571][kfold_wrapper.log_eval_metrics] Accuracy(layer_5 - estimator_1 - 12_folds.train_6.predict)=75.00%
[ 2020-05-25 11:22:48,917][kfold_wrapper.log_eval_metrics] Accuracy(layer_5 - estimator_1 - 12_folds.train_7.predict)=66.67%
[ 2020-05-25 11:22:49,282][kfold_wrapper.log_eval_metrics] Accuracy(layer_5 - estimator_1 - 12_folds.train_8.predict)=58.33%
[ 2020-05-25 11:22:49,645][kfold_wrapper.log_eval_metrics] Accuracy(layer_5 - estimator_1 - 12_folds.train_9.predict)=91.67%
[ 2020-05-25 11:22:50,008][kfold_wrapper.log_eval_metrics] Accuracy(layer_5 - estimator_1 - 12_folds.train_10.predict)=50.00%
[ 2020-05-25 11:22:50,370][kfold_wrapper.log_eval_metrics] Accuracy(layer_5 - estimator_1 - 12_folds.train_11.predict)=100.00%
[ 2020-05-25 11:22:50,486][kfold_wrapper.log_eval_metrics] Accuracy(layer_5 - estimator_1 - 12_folds.train_cv.predict)=71.72%
[ 2020-05-25 11:22:50,489][kfold_wrapper.log_eval_metrics] Accuracy(layer_5 - estimator_1 - 12_folds.test.predict)=45.92%
[ 2020-05-25 11:22:50,513][kfold_wrapper.log_eval_metrics] Accuracy(layer_5 - estimator_2 - 12_folds.train_0.predict)=69.23%
[ 2020-05-25 11:22:50,534][kfold_wrapper.log_eval_metrics] Accuracy(layer_5 - estimator_2 - 12_folds.train_1.predict)=66.67%
[ 2020-05-25 11:22:50,556][kfold_wrapper.log_eval_metrics] Accuracy(layer_5 - estimator_2 - 12_folds.train_2.predict)=75.00%
[ 2020-05-25 11:22:50,566][kfold_wrapper.log_eval_metrics] Accuracy(layer_5 - estimator_2 - 12_folds.train_3.predict)=75.00%
[ 2020-05-25 11:22:50,584][kfold_wrapper.log_eval_metrics] Accuracy(layer_5 - estimator_2 - 12_folds.train_4.predict)=58.33%
[ 2020-05-25 11:22:50,595][kfold_wrapper.log_eval_metrics] Accuracy(layer_5 - estimator_2 - 12_folds.train_5.predict)=75.00%
[ 2020-05-25 11:22:50,613][kfold_wrapper.log_eval_metrics] Accuracy(layer_5 - estimator_2 - 12_folds.train_6.predict)=83.33%
[ 2020-05-25 11:22:50,633][kfold_wrapper.log_eval_metrics] Accuracy(layer_5 - estimator_2 - 12_folds.train_7.predict)=50.00%
[ 2020-05-25 11:22:50,651][kfold_wrapper.log_eval_metrics] Accuracy(layer_5 - estimator_2 - 12_folds.train_8.predict)=83.33%
[ 2020-05-25 11:22:50,667][kfold_wrapper.log_eval_metrics] Accuracy(layer_5 - estimator_2 - 12_folds.train_9.predict)=83.33%
[ 2020-05-25 11:22:50,683][kfold_wrapper.log_eval_metrics] Accuracy(layer_5 - estimator_2 - 12_folds.train_10.predict)=75.00%
[ 2020-05-25 11:22:50,701][kfold_wrapper.log_eval_metrics] Accuracy(layer_5 - estimator_2 - 12_folds.train_11.predict)=83.33%
[ 2020-05-25 11:22:50,707][kfold_wrapper.log_eval_metrics] Accuracy(layer_5 - estimator_2 - 12_folds.train_cv.predict)=73.10%
[ 2020-05-25 11:22:50,710][kfold_wrapper.log_eval_metrics] Accuracy(layer_5 - estimator_2 - 12_folds.test.predict)=54.08%
[ 2020-05-25 11:22:50,717][cascade_classifier.calc_accuracy] Accuracy(layer_5 - train.classifier_average)=75.86%
[ 2020-05-25 11:22:50,720][cascade_classifier.calc_accuracy] Accuracy(layer_5 - test.classifier_average)=52.04%
[ 2020-05-25 11:22:50,725][cascade_classifier.fit_transform] [layer=6] look_indexs=[0], X_cur_train.shape=(145, 11), X_cur_test.shape=(98, 11)
[ 2020-05-25 11:22:50,978][kfold_wrapper.log_eval_metrics] Accuracy(layer_6 - estimator_0 - 12_folds.train_0.predict)=84.62%
[ 2020-05-25 11:22:51,349][kfold_wrapper.log_eval_metrics] Accuracy(layer_6 - estimator_0 - 12_folds.train_1.predict)=66.67%
[ 2020-05-25 11:22:51,712][kfold_wrapper.log_eval_metrics] Accuracy(layer_6 - estimator_0 - 12_folds.train_2.predict)=50.00%
[ 2020-05-25 11:22:52,088][kfold_wrapper.log_eval_metrics] Accuracy(layer_6 - estimator_0 - 12_folds.train_3.predict)=75.00%
[ 2020-05-25 11:22:52,459][kfold_wrapper.log_eval_metrics] Accuracy(layer_6 - estimator_0 - 12_folds.train_4.predict)=75.00%
[ 2020-05-25 11:22:52,821][kfold_wrapper.log_eval_metrics] Accuracy(layer_6 - estimator_0 - 12_folds.train_5.predict)=66.67%
[ 2020-05-25 11:22:53,201][kfold_wrapper.log_eval_metrics] Accuracy(layer_6 - estimator_0 - 12_folds.train_6.predict)=58.33%
[ 2020-05-25 11:22:53,563][kfold_wrapper.log_eval_metrics] Accuracy(layer_6 - estimator_0 - 12_folds.train_7.predict)=83.33%
[ 2020-05-25 11:22:53,924][kfold_wrapper.log_eval_metrics] Accuracy(layer_6 - estimator_0 - 12_folds.train_8.predict)=75.00%
[ 2020-05-25 11:22:54,274][kfold_wrapper.log_eval_metrics] Accuracy(layer_6 - estimator_0 - 12_folds.train_9.predict)=75.00%
[ 2020-05-25 11:22:54,637][kfold_wrapper.log_eval_metrics] Accuracy(layer_6 - estimator_0 - 12_folds.train_10.predict)=58.33%
[ 2020-05-25 11:22:55,000][kfold_wrapper.log_eval_metrics] Accuracy(layer_6 - estimator_0 - 12_folds.train_11.predict)=75.00%
[ 2020-05-25 11:22:55,117][kfold_wrapper.log_eval_metrics] Accuracy(layer_6 - estimator_0 - 12_folds.train_cv.predict)=70.34%
[ 2020-05-25 11:22:55,120][kfold_wrapper.log_eval_metrics] Accuracy(layer_6 - estimator_0 - 12_folds.test.predict)=44.90%
[ 2020-05-25 11:22:55,372][kfold_wrapper.log_eval_metrics] Accuracy(layer_6 - estimator_1 - 12_folds.train_0.predict)=76.92%
[ 2020-05-25 11:22:55,733][kfold_wrapper.log_eval_metrics] Accuracy(layer_6 - estimator_1 - 12_folds.train_1.predict)=41.67%
[ 2020-05-25 11:22:56,098][kfold_wrapper.log_eval_metrics] Accuracy(layer_6 - estimator_1 - 12_folds.train_2.predict)=83.33%
[ 2020-05-25 11:22:56,461][kfold_wrapper.log_eval_metrics] Accuracy(layer_6 - estimator_1 - 12_folds.train_3.predict)=75.00%
[ 2020-05-25 11:22:56,823][kfold_wrapper.log_eval_metrics] Accuracy(layer_6 - estimator_1 - 12_folds.train_4.predict)=83.33%
[ 2020-05-25 11:22:57,185][kfold_wrapper.log_eval_metrics] Accuracy(layer_6 - estimator_1 - 12_folds.train_5.predict)=58.33%
[ 2020-05-25 11:22:57,547][kfold_wrapper.log_eval_metrics] Accuracy(layer_6 - estimator_1 - 12_folds.train_6.predict)=75.00%
[ 2020-05-25 11:22:57,912][kfold_wrapper.log_eval_metrics] Accuracy(layer_6 - estimator_1 - 12_folds.train_7.predict)=50.00%
[ 2020-05-25 11:22:58,276][kfold_wrapper.log_eval_metrics] Accuracy(layer_6 - estimator_1 - 12_folds.train_8.predict)=75.00%
[ 2020-05-25 11:22:58,638][kfold_wrapper.log_eval_metrics] Accuracy(layer_6 - estimator_1 - 12_folds.train_9.predict)=50.00%
[ 2020-05-25 11:22:59,002][kfold_wrapper.log_eval_metrics] Accuracy(layer_6 - estimator_1 - 12_folds.train_10.predict)=58.33%
[ 2020-05-25 11:22:59,349][kfold_wrapper.log_eval_metrics] Accuracy(layer_6 - estimator_1 - 12_folds.train_11.predict)=66.67%
[ 2020-05-25 11:22:59,464][kfold_wrapper.log_eval_metrics] Accuracy(layer_6 - estimator_1 - 12_folds.train_cv.predict)=66.21%
[ 2020-05-25 11:22:59,467][kfold_wrapper.log_eval_metrics] Accuracy(layer_6 - estimator_1 - 12_folds.test.predict)=55.10%
[ 2020-05-25 11:22:59,490][kfold_wrapper.log_eval_metrics] Accuracy(layer_6 - estimator_2 - 12_folds.train_0.predict)=69.23%
[ 2020-05-25 11:22:59,509][kfold_wrapper.log_eval_metrics] Accuracy(layer_6 - estimator_2 - 12_folds.train_1.predict)=66.67%
[ 2020-05-25 11:22:59,528][kfold_wrapper.log_eval_metrics] Accuracy(layer_6 - estimator_2 - 12_folds.train_2.predict)=75.00%
[ 2020-05-25 11:22:59,548][kfold_wrapper.log_eval_metrics] Accuracy(layer_6 - estimator_2 - 12_folds.train_3.predict)=66.67%
[ 2020-05-25 11:22:59,562][kfold_wrapper.log_eval_metrics] Accuracy(layer_6 - estimator_2 - 12_folds.train_4.predict)=75.00%
[ 2020-05-25 11:22:59,571][kfold_wrapper.log_eval_metrics] Accuracy(layer_6 - estimator_2 - 12_folds.train_5.predict)=83.33%
[ 2020-05-25 11:22:59,579][kfold_wrapper.log_eval_metrics] Accuracy(layer_6 - estimator_2 - 12_folds.train_6.predict)=83.33%
[ 2020-05-25 11:22:59,596][kfold_wrapper.log_eval_metrics] Accuracy(layer_6 - estimator_2 - 12_folds.train_7.predict)=66.67%
[ 2020-05-25 11:22:59,611][kfold_wrapper.log_eval_metrics] Accuracy(layer_6 - estimator_2 - 12_folds.train_8.predict)=66.67%
[ 2020-05-25 11:22:59,625][kfold_wrapper.log_eval_metrics] Accuracy(layer_6 - estimator_2 - 12_folds.train_9.predict)=83.33%
[ 2020-05-25 11:22:59,639][kfold_wrapper.log_eval_metrics] Accuracy(layer_6 - estimator_2 - 12_folds.train_10.predict)=66.67%
[ 2020-05-25 11:22:59,651][kfold_wrapper.log_eval_metrics] Accuracy(layer_6 - estimator_2 - 12_folds.train_11.predict)=58.33%
[ 2020-05-25 11:22:59,654][kfold_wrapper.log_eval_metrics] Accuracy(layer_6 - estimator_2 - 12_folds.train_cv.predict)=71.72%
[ 2020-05-25 11:22:59,657][kfold_wrapper.log_eval_metrics] Accuracy(layer_6 - estimator_2 - 12_folds.test.predict)=58.16%
[ 2020-05-25 11:22:59,660][cascade_classifier.calc_accuracy] Accuracy(layer_6 - train.classifier_average)=72.41%
[ 2020-05-25 11:22:59,666][cascade_classifier.calc_accuracy] Accuracy(layer_6 - test.classifier_average)=54.08%
[ 2020-05-25 11:22:59,671][cascade_classifier.fit_transform] [layer=7] look_indexs=[0], X_cur_train.shape=(145, 11), X_cur_test.shape=(98, 11)
[ 2020-05-25 11:22:59,917][kfold_wrapper.log_eval_metrics] Accuracy(layer_7 - estimator_0 - 12_folds.train_0.predict)=69.23%
[ 2020-05-25 11:23:00,274][kfold_wrapper.log_eval_metrics] Accuracy(layer_7 - estimator_0 - 12_folds.train_1.predict)=75.00%
[ 2020-05-25 11:23:00,647][kfold_wrapper.log_eval_metrics] Accuracy(layer_7 - estimator_0 - 12_folds.train_2.predict)=75.00%
[ 2020-05-25 11:23:01,010][kfold_wrapper.log_eval_metrics] Accuracy(layer_7 - estimator_0 - 12_folds.train_3.predict)=75.00%
[ 2020-05-25 11:23:01,373][kfold_wrapper.log_eval_metrics] Accuracy(layer_7 - estimator_0 - 12_folds.train_4.predict)=83.33%
[ 2020-05-25 11:23:01,736][kfold_wrapper.log_eval_metrics] Accuracy(layer_7 - estimator_0 - 12_folds.train_5.predict)=66.67%
[ 2020-05-25 11:23:02,097][kfold_wrapper.log_eval_metrics] Accuracy(layer_7 - estimator_0 - 12_folds.train_6.predict)=66.67%
[ 2020-05-25 11:23:02,461][kfold_wrapper.log_eval_metrics] Accuracy(layer_7 - estimator_0 - 12_folds.train_7.predict)=75.00%
[ 2020-05-25 11:23:02,822][kfold_wrapper.log_eval_metrics] Accuracy(layer_7 - estimator_0 - 12_folds.train_8.predict)=66.67%
[ 2020-05-25 11:23:03,186][kfold_wrapper.log_eval_metrics] Accuracy(layer_7 - estimator_0 - 12_folds.train_9.predict)=75.00%
[ 2020-05-25 11:23:03,549][kfold_wrapper.log_eval_metrics] Accuracy(layer_7 - estimator_0 - 12_folds.train_10.predict)=75.00%
[ 2020-05-25 11:23:03,913][kfold_wrapper.log_eval_metrics] Accuracy(layer_7 - estimator_0 - 12_folds.train_11.predict)=50.00%
[ 2020-05-25 11:23:04,029][kfold_wrapper.log_eval_metrics] Accuracy(layer_7 - estimator_0 - 12_folds.train_cv.predict)=71.03%
[ 2020-05-25 11:23:04,033][kfold_wrapper.log_eval_metrics] Accuracy(layer_7 - estimator_0 - 12_folds.test.predict)=38.78%
[ 2020-05-25 11:23:04,283][kfold_wrapper.log_eval_metrics] Accuracy(layer_7 - estimator_1 - 12_folds.train_0.predict)=76.92%
[ 2020-05-25 11:23:04,634][kfold_wrapper.log_eval_metrics] Accuracy(layer_7 - estimator_1 - 12_folds.train_1.predict)=75.00%
[ 2020-05-25 11:23:04,994][kfold_wrapper.log_eval_metrics] Accuracy(layer_7 - estimator_1 - 12_folds.train_2.predict)=66.67%
[ 2020-05-25 11:23:05,356][kfold_wrapper.log_eval_metrics] Accuracy(layer_7 - estimator_1 - 12_folds.train_3.predict)=66.67%
[ 2020-05-25 11:23:05,719][kfold_wrapper.log_eval_metrics] Accuracy(layer_7 - estimator_1 - 12_folds.train_4.predict)=75.00%
[ 2020-05-25 11:23:06,080][kfold_wrapper.log_eval_metrics] Accuracy(layer_7 - estimator_1 - 12_folds.train_5.predict)=75.00%
[ 2020-05-25 11:23:06,443][kfold_wrapper.log_eval_metrics] Accuracy(layer_7 - estimator_1 - 12_folds.train_6.predict)=66.67%
[ 2020-05-25 11:23:06,805][kfold_wrapper.log_eval_metrics] Accuracy(layer_7 - estimator_1 - 12_folds.train_7.predict)=58.33%
[ 2020-05-25 11:23:07,167][kfold_wrapper.log_eval_metrics] Accuracy(layer_7 - estimator_1 - 12_folds.train_8.predict)=58.33%
[ 2020-05-25 11:23:07,531][kfold_wrapper.log_eval_metrics] Accuracy(layer_7 - estimator_1 - 12_folds.train_9.predict)=66.67%
[ 2020-05-25 11:23:07,888][kfold_wrapper.log_eval_metrics] Accuracy(layer_7 - estimator_1 - 12_folds.train_10.predict)=75.00%
[ 2020-05-25 11:23:08,252][kfold_wrapper.log_eval_metrics] Accuracy(layer_7 - estimator_1 - 12_folds.train_11.predict)=91.67%
[ 2020-05-25 11:23:08,368][kfold_wrapper.log_eval_metrics] Accuracy(layer_7 - estimator_1 - 12_folds.train_cv.predict)=71.03%
[ 2020-05-25 11:23:08,371][kfold_wrapper.log_eval_metrics] Accuracy(layer_7 - estimator_1 - 12_folds.test.predict)=53.06%
[ 2020-05-25 11:23:08,394][kfold_wrapper.log_eval_metrics] Accuracy(layer_7 - estimator_2 - 12_folds.train_0.predict)=69.23%
[ 2020-05-25 11:23:08,414][kfold_wrapper.log_eval_metrics] Accuracy(layer_7 - estimator_2 - 12_folds.train_1.predict)=66.67%
[ 2020-05-25 11:23:08,436][kfold_wrapper.log_eval_metrics] Accuracy(layer_7 - estimator_2 - 12_folds.train_2.predict)=66.67%
[ 2020-05-25 11:23:08,455][kfold_wrapper.log_eval_metrics] Accuracy(layer_7 - estimator_2 - 12_folds.train_3.predict)=75.00%
[ 2020-05-25 11:23:08,471][kfold_wrapper.log_eval_metrics] Accuracy(layer_7 - estimator_2 - 12_folds.train_4.predict)=75.00%
[ 2020-05-25 11:23:08,484][kfold_wrapper.log_eval_metrics] Accuracy(layer_7 - estimator_2 - 12_folds.train_5.predict)=75.00%
[ 2020-05-25 11:23:08,500][kfold_wrapper.log_eval_metrics] Accuracy(layer_7 - estimator_2 - 12_folds.train_6.predict)=75.00%
[ 2020-05-25 11:23:08,510][kfold_wrapper.log_eval_metrics] Accuracy(layer_7 - estimator_2 - 12_folds.train_7.predict)=75.00%
[ 2020-05-25 11:23:08,527][kfold_wrapper.log_eval_metrics] Accuracy(layer_7 - estimator_2 - 12_folds.train_8.predict)=75.00%
[ 2020-05-25 11:23:08,538][kfold_wrapper.log_eval_metrics] Accuracy(layer_7 - estimator_2 - 12_folds.train_9.predict)=75.00%
[ 2020-05-25 11:23:08,556][kfold_wrapper.log_eval_metrics] Accuracy(layer_7 - estimator_2 - 12_folds.train_10.predict)=66.67%
[ 2020-05-25 11:23:08,574][kfold_wrapper.log_eval_metrics] Accuracy(layer_7 - estimator_2 - 12_folds.train_11.predict)=58.33%
[ 2020-05-25 11:23:08,578][kfold_wrapper.log_eval_metrics] Accuracy(layer_7 - estimator_2 - 12_folds.train_cv.predict)=71.03%
[ 2020-05-25 11:23:08,580][kfold_wrapper.log_eval_metrics] Accuracy(layer_7 - estimator_2 - 12_folds.test.predict)=68.37%
[ 2020-05-25 11:23:08,582][cascade_classifier.calc_accuracy] Accuracy(layer_7 - train.classifier_average)=72.41%
[ 2020-05-25 11:23:08,584][cascade_classifier.calc_accuracy] Accuracy(layer_7 - test.classifier_average)=52.04%
[ 2020-05-25 11:23:08,590][cascade_classifier.fit_transform] [layer=8] look_indexs=[0], X_cur_train.shape=(145, 11), X_cur_test.shape=(98, 11)
[ 2020-05-25 11:23:08,841][kfold_wrapper.log_eval_metrics] Accuracy(layer_8 - estimator_0 - 12_folds.train_0.predict)=76.92%
[ 2020-05-25 11:23:09,205][kfold_wrapper.log_eval_metrics] Accuracy(layer_8 - estimator_0 - 12_folds.train_1.predict)=66.67%
[ 2020-05-25 11:23:09,567][kfold_wrapper.log_eval_metrics] Accuracy(layer_8 - estimator_0 - 12_folds.train_2.predict)=75.00%
[ 2020-05-25 11:23:09,915][kfold_wrapper.log_eval_metrics] Accuracy(layer_8 - estimator_0 - 12_folds.train_3.predict)=58.33%
[ 2020-05-25 11:23:10,275][kfold_wrapper.log_eval_metrics] Accuracy(layer_8 - estimator_0 - 12_folds.train_4.predict)=75.00%
[ 2020-05-25 11:23:10,638][kfold_wrapper.log_eval_metrics] Accuracy(layer_8 - estimator_0 - 12_folds.train_5.predict)=75.00%
[ 2020-05-25 11:23:11,002][kfold_wrapper.log_eval_metrics] Accuracy(layer_8 - estimator_0 - 12_folds.train_6.predict)=75.00%
[ 2020-05-25 11:23:11,366][kfold_wrapper.log_eval_metrics] Accuracy(layer_8 - estimator_0 - 12_folds.train_7.predict)=75.00%
[ 2020-05-25 11:23:11,730][kfold_wrapper.log_eval_metrics] Accuracy(layer_8 - estimator_0 - 12_folds.train_8.predict)=75.00%
[ 2020-05-25 11:23:12,094][kfold_wrapper.log_eval_metrics] Accuracy(layer_8 - estimator_0 - 12_folds.train_9.predict)=66.67%
[ 2020-05-25 11:23:12,458][kfold_wrapper.log_eval_metrics] Accuracy(layer_8 - estimator_0 - 12_folds.train_10.predict)=75.00%
[ 2020-05-25 11:23:12,821][kfold_wrapper.log_eval_metrics] Accuracy(layer_8 - estimator_0 - 12_folds.train_11.predict)=83.33%
[ 2020-05-25 11:23:12,938][kfold_wrapper.log_eval_metrics] Accuracy(layer_8 - estimator_0 - 12_folds.train_cv.predict)=73.10%
[ 2020-05-25 11:23:12,941][kfold_wrapper.log_eval_metrics] Accuracy(layer_8 - estimator_0 - 12_folds.test.predict)=37.76%
[ 2020-05-25 11:23:13,198][kfold_wrapper.log_eval_metrics] Accuracy(layer_8 - estimator_1 - 12_folds.train_0.predict)=76.92%
[ 2020-05-25 11:23:13,560][kfold_wrapper.log_eval_metrics] Accuracy(layer_8 - estimator_1 - 12_folds.train_1.predict)=58.33%
[ 2020-05-25 11:23:13,924][kfold_wrapper.log_eval_metrics] Accuracy(layer_8 - estimator_1 - 12_folds.train_2.predict)=75.00%
[ 2020-05-25 11:23:14,286][kfold_wrapper.log_eval_metrics] Accuracy(layer_8 - estimator_1 - 12_folds.train_3.predict)=75.00%
[ 2020-05-25 11:23:14,648][kfold_wrapper.log_eval_metrics] Accuracy(layer_8 - estimator_1 - 12_folds.train_4.predict)=75.00%
[ 2020-05-25 11:23:15,010][kfold_wrapper.log_eval_metrics] Accuracy(layer_8 - estimator_1 - 12_folds.train_5.predict)=66.67%
[ 2020-05-25 11:23:15,356][kfold_wrapper.log_eval_metrics] Accuracy(layer_8 - estimator_1 - 12_folds.train_6.predict)=75.00%
[ 2020-05-25 11:23:15,720][kfold_wrapper.log_eval_metrics] Accuracy(layer_8 - estimator_1 - 12_folds.train_7.predict)=75.00%
[ 2020-05-25 11:23:16,083][kfold_wrapper.log_eval_metrics] Accuracy(layer_8 - estimator_1 - 12_folds.train_8.predict)=50.00%
[ 2020-05-25 11:23:16,461][kfold_wrapper.log_eval_metrics] Accuracy(layer_8 - estimator_1 - 12_folds.train_9.predict)=66.67%
[ 2020-05-25 11:23:16,851][kfold_wrapper.log_eval_metrics] Accuracy(layer_8 - estimator_1 - 12_folds.train_10.predict)=66.67%
[ 2020-05-25 11:23:17,220][kfold_wrapper.log_eval_metrics] Accuracy(layer_8 - estimator_1 - 12_folds.train_11.predict)=75.00%
[ 2020-05-25 11:23:17,336][kfold_wrapper.log_eval_metrics] Accuracy(layer_8 - estimator_1 - 12_folds.train_cv.predict)=69.66%
[ 2020-05-25 11:23:17,339][kfold_wrapper.log_eval_metrics] Accuracy(layer_8 - estimator_1 - 12_folds.test.predict)=38.78%
[ 2020-05-25 11:23:17,362][kfold_wrapper.log_eval_metrics] Accuracy(layer_8 - estimator_2 - 12_folds.train_0.predict)=69.23%
[ 2020-05-25 11:23:17,380][kfold_wrapper.log_eval_metrics] Accuracy(layer_8 - estimator_2 - 12_folds.train_1.predict)=66.67%
[ 2020-05-25 11:23:17,394][kfold_wrapper.log_eval_metrics] Accuracy(layer_8 - estimator_2 - 12_folds.train_2.predict)=66.67%
[ 2020-05-25 11:23:17,414][kfold_wrapper.log_eval_metrics] Accuracy(layer_8 - estimator_2 - 12_folds.train_3.predict)=75.00%
[ 2020-05-25 11:23:17,432][kfold_wrapper.log_eval_metrics] Accuracy(layer_8 - estimator_2 - 12_folds.train_4.predict)=75.00%
[ 2020-05-25 11:23:17,446][kfold_wrapper.log_eval_metrics] Accuracy(layer_8 - estimator_2 - 12_folds.train_5.predict)=66.67%
[ 2020-05-25 11:23:17,461][kfold_wrapper.log_eval_metrics] Accuracy(layer_8 - estimator_2 - 12_folds.train_6.predict)=75.00%
[ 2020-05-25 11:23:17,477][kfold_wrapper.log_eval_metrics] Accuracy(layer_8 - estimator_2 - 12_folds.train_7.predict)=75.00%
[ 2020-05-25 11:23:17,486][kfold_wrapper.log_eval_metrics] Accuracy(layer_8 - estimator_2 - 12_folds.train_8.predict)=75.00%
[ 2020-05-25 11:23:17,501][kfold_wrapper.log_eval_metrics] Accuracy(layer_8 - estimator_2 - 12_folds.train_9.predict)=66.67%
[ 2020-05-25 11:23:17,520][kfold_wrapper.log_eval_metrics] Accuracy(layer_8 - estimator_2 - 12_folds.train_10.predict)=83.33%
[ 2020-05-25 11:23:17,537][kfold_wrapper.log_eval_metrics] Accuracy(layer_8 - estimator_2 - 12_folds.train_11.predict)=83.33%
[ 2020-05-25 11:23:17,540][kfold_wrapper.log_eval_metrics] Accuracy(layer_8 - estimator_2 - 12_folds.train_cv.predict)=73.10%
[ 2020-05-25 11:23:17,543][kfold_wrapper.log_eval_metrics] Accuracy(layer_8 - estimator_2 - 12_folds.test.predict)=62.24%
[ 2020-05-25 11:23:17,546][cascade_classifier.calc_accuracy] Accuracy(layer_8 - train.classifier_average)=73.79%
[ 2020-05-25 11:23:17,549][cascade_classifier.calc_accuracy] Accuracy(layer_8 - test.classifier_average)=38.78%
[ 2020-05-25 11:23:17,552][cascade_classifier.fit_transform] [layer=9] look_indexs=[0], X_cur_train.shape=(145, 11), X_cur_test.shape=(98, 11)
[ 2020-05-25 11:23:17,796][kfold_wrapper.log_eval_metrics] Accuracy(layer_9 - estimator_0 - 12_folds.train_0.predict)=69.23%
[ 2020-05-25 11:23:18,160][kfold_wrapper.log_eval_metrics] Accuracy(layer_9 - estimator_0 - 12_folds.train_1.predict)=66.67%
[ 2020-05-25 11:23:18,521][kfold_wrapper.log_eval_metrics] Accuracy(layer_9 - estimator_0 - 12_folds.train_2.predict)=50.00%
[ 2020-05-25 11:23:18,884][kfold_wrapper.log_eval_metrics] Accuracy(layer_9 - estimator_0 - 12_folds.train_3.predict)=50.00%
[ 2020-05-25 11:23:19,250][kfold_wrapper.log_eval_metrics] Accuracy(layer_9 - estimator_0 - 12_folds.train_4.predict)=75.00%
[ 2020-05-25 11:23:19,611][kfold_wrapper.log_eval_metrics] Accuracy(layer_9 - estimator_0 - 12_folds.train_5.predict)=66.67%
[ 2020-05-25 11:23:19,976][kfold_wrapper.log_eval_metrics] Accuracy(layer_9 - estimator_0 - 12_folds.train_6.predict)=75.00%
[ 2020-05-25 11:23:20,339][kfold_wrapper.log_eval_metrics] Accuracy(layer_9 - estimator_0 - 12_folds.train_7.predict)=58.33%
[ 2020-05-25 11:23:20,688][kfold_wrapper.log_eval_metrics] Accuracy(layer_9 - estimator_0 - 12_folds.train_8.predict)=66.67%
[ 2020-05-25 11:23:21,038][kfold_wrapper.log_eval_metrics] Accuracy(layer_9 - estimator_0 - 12_folds.train_9.predict)=58.33%
[ 2020-05-25 11:23:21,401][kfold_wrapper.log_eval_metrics] Accuracy(layer_9 - estimator_0 - 12_folds.train_10.predict)=66.67%
[ 2020-05-25 11:23:21,766][kfold_wrapper.log_eval_metrics] Accuracy(layer_9 - estimator_0 - 12_folds.train_11.predict)=66.67%
[ 2020-05-25 11:23:21,882][kfold_wrapper.log_eval_metrics] Accuracy(layer_9 - estimator_0 - 12_folds.train_cv.predict)=64.14%
[ 2020-05-25 11:23:21,885][kfold_wrapper.log_eval_metrics] Accuracy(layer_9 - estimator_0 - 12_folds.test.predict)=45.92%
[ 2020-05-25 11:23:22,141][kfold_wrapper.log_eval_metrics] Accuracy(layer_9 - estimator_1 - 12_folds.train_0.predict)=69.23%
[ 2020-05-25 11:23:22,502][kfold_wrapper.log_eval_metrics] Accuracy(layer_9 - estimator_1 - 12_folds.train_1.predict)=66.67%
[ 2020-05-25 11:23:22,860][kfold_wrapper.log_eval_metrics] Accuracy(layer_9 - estimator_1 - 12_folds.train_2.predict)=75.00%
[ 2020-05-25 11:23:23,225][kfold_wrapper.log_eval_metrics] Accuracy(layer_9 - estimator_1 - 12_folds.train_3.predict)=66.67%
[ 2020-05-25 11:23:23,587][kfold_wrapper.log_eval_metrics] Accuracy(layer_9 - estimator_1 - 12_folds.train_4.predict)=66.67%
[ 2020-05-25 11:23:23,948][kfold_wrapper.log_eval_metrics] Accuracy(layer_9 - estimator_1 - 12_folds.train_5.predict)=66.67%
[ 2020-05-25 11:23:24,311][kfold_wrapper.log_eval_metrics] Accuracy(layer_9 - estimator_1 - 12_folds.train_6.predict)=58.33%
[ 2020-05-25 11:23:24,673][kfold_wrapper.log_eval_metrics] Accuracy(layer_9 - estimator_1 - 12_folds.train_7.predict)=66.67%
[ 2020-05-25 11:23:25,036][kfold_wrapper.log_eval_metrics] Accuracy(layer_9 - estimator_1 - 12_folds.train_8.predict)=66.67%
[ 2020-05-25 11:23:25,399][kfold_wrapper.log_eval_metrics] Accuracy(layer_9 - estimator_1 - 12_folds.train_9.predict)=66.67%
[ 2020-05-25 11:23:25,756][kfold_wrapper.log_eval_metrics] Accuracy(layer_9 - estimator_1 - 12_folds.train_10.predict)=41.67%
[ 2020-05-25 11:23:26,111][kfold_wrapper.log_eval_metrics] Accuracy(layer_9 - estimator_1 - 12_folds.train_11.predict)=66.67%
[ 2020-05-25 11:23:26,227][kfold_wrapper.log_eval_metrics] Accuracy(layer_9 - estimator_1 - 12_folds.train_cv.predict)=64.83%
[ 2020-05-25 11:23:26,231][kfold_wrapper.log_eval_metrics] Accuracy(layer_9 - estimator_1 - 12_folds.test.predict)=42.86%
[ 2020-05-25 11:23:26,252][kfold_wrapper.log_eval_metrics] Accuracy(layer_9 - estimator_2 - 12_folds.train_0.predict)=69.23%
[ 2020-05-25 11:23:26,273][kfold_wrapper.log_eval_metrics] Accuracy(layer_9 - estimator_2 - 12_folds.train_1.predict)=66.67%
[ 2020-05-25 11:23:26,293][kfold_wrapper.log_eval_metrics] Accuracy(layer_9 - estimator_2 - 12_folds.train_2.predict)=66.67%
[ 2020-05-25 11:23:26,311][kfold_wrapper.log_eval_metrics] Accuracy(layer_9 - estimator_2 - 12_folds.train_3.predict)=75.00%
[ 2020-05-25 11:23:26,322][kfold_wrapper.log_eval_metrics] Accuracy(layer_9 - estimator_2 - 12_folds.train_4.predict)=75.00%
[ 2020-05-25 11:23:26,344][kfold_wrapper.log_eval_metrics] Accuracy(layer_9 - estimator_2 - 12_folds.train_5.predict)=75.00%
[ 2020-05-25 11:23:26,355][kfold_wrapper.log_eval_metrics] Accuracy(layer_9 - estimator_2 - 12_folds.train_6.predict)=91.67%
[ 2020-05-25 11:23:26,364][kfold_wrapper.log_eval_metrics] Accuracy(layer_9 - estimator_2 - 12_folds.train_7.predict)=75.00%
[ 2020-05-25 11:23:26,374][kfold_wrapper.log_eval_metrics] Accuracy(layer_9 - estimator_2 - 12_folds.train_8.predict)=66.67%
[ 2020-05-25 11:23:26,393][kfold_wrapper.log_eval_metrics] Accuracy(layer_9 - estimator_2 - 12_folds.train_9.predict)=75.00%
[ 2020-05-25 11:23:26,410][kfold_wrapper.log_eval_metrics] Accuracy(layer_9 - estimator_2 - 12_folds.train_10.predict)=66.67%
[ 2020-05-25 11:23:26,429][kfold_wrapper.log_eval_metrics] Accuracy(layer_9 - estimator_2 - 12_folds.train_11.predict)=75.00%
[ 2020-05-25 11:23:26,433][kfold_wrapper.log_eval_metrics] Accuracy(layer_9 - estimator_2 - 12_folds.train_cv.predict)=73.10%
[ 2020-05-25 11:23:26,436][kfold_wrapper.log_eval_metrics] Accuracy(layer_9 - estimator_2 - 12_folds.test.predict)=62.24%
[ 2020-05-25 11:23:26,441][cascade_classifier.calc_accuracy] Accuracy(layer_9 - train.classifier_average)=66.90%
[ 2020-05-25 11:23:26,442][cascade_classifier.calc_accuracy] Accuracy(layer_9 - test.classifier_average)=41.84%
[ 2020-05-25 11:23:26,444][cascade_classifier.fit_transform] [Result][Optimal Level Detected] opt_layer_num=6, accuracy_train=75.86%, accuracy_test=52.04%
[ 2020-05-25 11:23:26,460][cascade_classifier.transform] X_groups_test.shape=[(323, 5)]
[ 2020-05-25 11:23:26,463][cascade_classifier.transform] group_dims=[5]
[ 2020-05-25 11:23:26,466][cascade_classifier.transform] X_test.shape=(323, 5)
[ 2020-05-25 11:23:26,470][cascade_classifier.transform] [layer=0] look_indexs=[0], X_cur_test.shape=(323, 5)
[ 2020-05-25 11:23:29,231][cascade_classifier.transform] [layer=1] look_indexs=[0], X_cur_test.shape=(323, 11)
[ 2020-05-25 11:23:32,172][cascade_classifier.transform] [layer=2] look_indexs=[0], X_cur_test.shape=(323, 11)
[ 2020-05-25 11:23:35,082][cascade_classifier.transform] [layer=3] look_indexs=[0], X_cur_test.shape=(323, 11)
[ 2020-05-25 11:23:37,978][cascade_classifier.transform] [layer=4] look_indexs=[0], X_cur_test.shape=(323, 11)
[ 2020-05-25 11:23:40,931][cascade_classifier.transform] [layer=5] look_indexs=[0], X_cur_test.shape=(323, 11)
[ 2020-05-25 11:25:40,221][cascade_classifier.fit_transform] X_groups_train.shape=[(145, 5)],y_train.shape=(145,),X_groups_test.shape=[(98, 5)],y_test.shape=(98,)
[ 2020-05-25 11:25:40,223][cascade_classifier.fit_transform] group_dims=[5]
[ 2020-05-25 11:25:40,233][cascade_classifier.fit_transform] group_starts=[0]
[ 2020-05-25 11:25:40,241][cascade_classifier.fit_transform] group_ends=[5]
[ 2020-05-25 11:25:40,249][cascade_classifier.fit_transform] X_train.shape=(145, 5),X_test.shape=(98, 5)
[ 2020-05-25 11:25:40,255][cascade_classifier.fit_transform] [layer=0] look_indexs=[0], X_cur_train.shape=(145, 5), X_cur_test.shape=(98, 5)
[ 2020-05-25 11:25:40,566][kfold_wrapper.log_eval_metrics] Accuracy(layer_0 - estimator_0 - 12_folds.train_0.predict)=76.92%
[ 2020-05-25 11:25:41,016][kfold_wrapper.log_eval_metrics] Accuracy(layer_0 - estimator_0 - 12_folds.train_1.predict)=50.00%
[ 2020-05-25 11:25:41,443][kfold_wrapper.log_eval_metrics] Accuracy(layer_0 - estimator_0 - 12_folds.train_2.predict)=66.67%
[ 2020-05-25 11:25:41,880][kfold_wrapper.log_eval_metrics] Accuracy(layer_0 - estimator_0 - 12_folds.train_3.predict)=75.00%
[ 2020-05-25 11:25:42,297][kfold_wrapper.log_eval_metrics] Accuracy(layer_0 - estimator_0 - 12_folds.train_4.predict)=66.67%
[ 2020-05-25 11:25:42,741][kfold_wrapper.log_eval_metrics] Accuracy(layer_0 - estimator_0 - 12_folds.train_5.predict)=58.33%
[ 2020-05-25 11:25:43,186][kfold_wrapper.log_eval_metrics] Accuracy(layer_0 - estimator_0 - 12_folds.train_6.predict)=75.00%
[ 2020-05-25 11:25:43,596][kfold_wrapper.log_eval_metrics] Accuracy(layer_0 - estimator_0 - 12_folds.train_7.predict)=50.00%
[ 2020-05-25 11:25:44,005][kfold_wrapper.log_eval_metrics] Accuracy(layer_0 - estimator_0 - 12_folds.train_8.predict)=66.67%
[ 2020-05-25 11:25:44,430][kfold_wrapper.log_eval_metrics] Accuracy(layer_0 - estimator_0 - 12_folds.train_9.predict)=66.67%
[ 2020-05-25 11:25:44,883][kfold_wrapper.log_eval_metrics] Accuracy(layer_0 - estimator_0 - 12_folds.train_10.predict)=66.67%
[ 2020-05-25 11:25:45,296][kfold_wrapper.log_eval_metrics] Accuracy(layer_0 - estimator_0 - 12_folds.train_11.predict)=58.33%
[ 2020-05-25 11:25:45,432][kfold_wrapper.log_eval_metrics] Accuracy(layer_0 - estimator_0 - 12_folds.train_cv.predict)=64.83%
[ 2020-05-25 11:25:45,432][kfold_wrapper.log_eval_metrics] Accuracy(layer_0 - estimator_0 - 12_folds.test.predict)=34.69%
