[ 2020-05-27 07:08:18,951][cascade_classifier.fit_transform] X_groups_train.shape=[(1093, 5)],y_train.shape=(1093,),X_groups_test.shape=[(122, 5)],y_test.shape=(122,)
[ 2020-05-27 07:08:18,953][cascade_classifier.fit_transform] group_dims=[5]
[ 2020-05-27 07:08:18,954][cascade_classifier.fit_transform] group_starts=[0]
[ 2020-05-27 07:08:18,954][cascade_classifier.fit_transform] group_ends=[5]
[ 2020-05-27 07:08:18,955][cascade_classifier.fit_transform] X_train.shape=(1093, 5),X_test.shape=(122, 5)
[ 2020-05-27 07:08:18,957][cascade_classifier.fit_transform] [layer=0] look_indexs=[0], X_cur_train.shape=(1093, 5), X_cur_test.shape=(122, 5)
[ 2020-05-27 07:08:19,453][kfold_wrapper.log_eval_metrics] Accuracy(layer_0 - estimator_0 - 12_folds.train_0.predict)=32.61%
[ 2020-05-27 07:08:19,784][kfold_wrapper.log_eval_metrics] Accuracy(layer_0 - estimator_0 - 12_folds.train_1.predict)=30.77%
[ 2020-05-27 07:08:20,128][kfold_wrapper.log_eval_metrics] Accuracy(layer_0 - estimator_0 - 12_folds.train_2.predict)=35.16%
[ 2020-05-27 07:08:20,467][kfold_wrapper.log_eval_metrics] Accuracy(layer_0 - estimator_0 - 12_folds.train_3.predict)=32.97%
[ 2020-05-27 07:08:20,783][kfold_wrapper.log_eval_metrics] Accuracy(layer_0 - estimator_0 - 12_folds.train_4.predict)=30.77%
[ 2020-05-27 07:08:21,128][kfold_wrapper.log_eval_metrics] Accuracy(layer_0 - estimator_0 - 12_folds.train_5.predict)=42.86%
[ 2020-05-27 07:08:21,460][kfold_wrapper.log_eval_metrics] Accuracy(layer_0 - estimator_0 - 12_folds.train_6.predict)=37.36%
[ 2020-05-27 07:08:21,809][kfold_wrapper.log_eval_metrics] Accuracy(layer_0 - estimator_0 - 12_folds.train_7.predict)=40.66%
[ 2020-05-27 07:08:22,142][kfold_wrapper.log_eval_metrics] Accuracy(layer_0 - estimator_0 - 12_folds.train_8.predict)=36.26%
[ 2020-05-27 07:08:22,466][kfold_wrapper.log_eval_metrics] Accuracy(layer_0 - estimator_0 - 12_folds.train_9.predict)=38.46%
[ 2020-05-27 07:08:22,788][kfold_wrapper.log_eval_metrics] Accuracy(layer_0 - estimator_0 - 12_folds.train_10.predict)=32.97%
[ 2020-05-27 07:08:23,112][kfold_wrapper.log_eval_metrics] Accuracy(layer_0 - estimator_0 - 12_folds.train_11.predict)=35.16%
[ 2020-05-27 07:08:23,228][kfold_wrapper.log_eval_metrics] Accuracy(layer_0 - estimator_0 - 12_folds.train_cv.predict)=35.50%
[ 2020-05-27 07:08:23,229][kfold_wrapper.log_eval_metrics] Accuracy(layer_0 - estimator_0 - 12_folds.test.predict)=38.52%
[ 2020-05-27 07:08:23,450][kfold_wrapper.log_eval_metrics] Accuracy(layer_0 - estimator_1 - 12_folds.train_0.predict)=35.87%
[ 2020-05-27 07:08:23,792][kfold_wrapper.log_eval_metrics] Accuracy(layer_0 - estimator_1 - 12_folds.train_1.predict)=34.07%
[ 2020-05-27 07:08:24,130][kfold_wrapper.log_eval_metrics] Accuracy(layer_0 - estimator_1 - 12_folds.train_2.predict)=37.36%
[ 2020-05-27 07:08:24,464][kfold_wrapper.log_eval_metrics] Accuracy(layer_0 - estimator_1 - 12_folds.train_3.predict)=32.97%
[ 2020-05-27 07:08:24,804][kfold_wrapper.log_eval_metrics] Accuracy(layer_0 - estimator_1 - 12_folds.train_4.predict)=49.45%
[ 2020-05-27 07:08:25,138][kfold_wrapper.log_eval_metrics] Accuracy(layer_0 - estimator_1 - 12_folds.train_5.predict)=27.47%
[ 2020-05-27 07:08:25,478][kfold_wrapper.log_eval_metrics] Accuracy(layer_0 - estimator_1 - 12_folds.train_6.predict)=32.97%
[ 2020-05-27 07:08:25,817][kfold_wrapper.log_eval_metrics] Accuracy(layer_0 - estimator_1 - 12_folds.train_7.predict)=35.16%
[ 2020-05-27 07:08:26,164][kfold_wrapper.log_eval_metrics] Accuracy(layer_0 - estimator_1 - 12_folds.train_8.predict)=40.66%
[ 2020-05-27 07:08:26,482][kfold_wrapper.log_eval_metrics] Accuracy(layer_0 - estimator_1 - 12_folds.train_9.predict)=29.67%
[ 2020-05-27 07:08:26,833][kfold_wrapper.log_eval_metrics] Accuracy(layer_0 - estimator_1 - 12_folds.train_10.predict)=39.56%
[ 2020-05-27 07:08:27,161][kfold_wrapper.log_eval_metrics] Accuracy(layer_0 - estimator_1 - 12_folds.train_11.predict)=34.07%
[ 2020-05-27 07:08:27,266][kfold_wrapper.log_eval_metrics] Accuracy(layer_0 - estimator_1 - 12_folds.train_cv.predict)=35.77%
[ 2020-05-27 07:08:27,267][kfold_wrapper.log_eval_metrics] Accuracy(layer_0 - estimator_1 - 12_folds.test.predict)=38.52%
[ 2020-05-27 07:08:27,523][kfold_wrapper.log_eval_metrics] Accuracy(layer_0 - estimator_2 - 12_folds.train_0.predict)=41.30%
[ 2020-05-27 07:08:27,538][kfold_wrapper.log_eval_metrics] Accuracy(layer_0 - estimator_2 - 12_folds.train_1.predict)=42.86%
[ 2020-05-27 07:08:27,551][kfold_wrapper.log_eval_metrics] Accuracy(layer_0 - estimator_2 - 12_folds.train_2.predict)=50.55%
[ 2020-05-27 07:08:27,565][kfold_wrapper.log_eval_metrics] Accuracy(layer_0 - estimator_2 - 12_folds.train_3.predict)=49.45%
[ 2020-05-27 07:08:27,579][kfold_wrapper.log_eval_metrics] Accuracy(layer_0 - estimator_2 - 12_folds.train_4.predict)=47.25%
[ 2020-05-27 07:08:27,591][kfold_wrapper.log_eval_metrics] Accuracy(layer_0 - estimator_2 - 12_folds.train_5.predict)=43.96%
[ 2020-05-27 07:08:27,605][kfold_wrapper.log_eval_metrics] Accuracy(layer_0 - estimator_2 - 12_folds.train_6.predict)=45.05%
[ 2020-05-27 07:08:27,618][kfold_wrapper.log_eval_metrics] Accuracy(layer_0 - estimator_2 - 12_folds.train_7.predict)=39.56%
[ 2020-05-27 07:08:27,632][kfold_wrapper.log_eval_metrics] Accuracy(layer_0 - estimator_2 - 12_folds.train_8.predict)=41.76%
[ 2020-05-27 07:08:27,646][kfold_wrapper.log_eval_metrics] Accuracy(layer_0 - estimator_2 - 12_folds.train_9.predict)=35.16%
[ 2020-05-27 07:08:27,659][kfold_wrapper.log_eval_metrics] Accuracy(layer_0 - estimator_2 - 12_folds.train_10.predict)=45.05%
[ 2020-05-27 07:08:27,673][kfold_wrapper.log_eval_metrics] Accuracy(layer_0 - estimator_2 - 12_folds.train_11.predict)=43.96%
[ 2020-05-27 07:08:27,674][kfold_wrapper.log_eval_metrics] Accuracy(layer_0 - estimator_2 - 12_folds.train_cv.predict)=43.82%
[ 2020-05-27 07:08:27,675][kfold_wrapper.log_eval_metrics] Accuracy(layer_0 - estimator_2 - 12_folds.test.predict)=43.44%
[ 2020-05-27 07:08:27,676][cascade_classifier.calc_accuracy] Accuracy(layer_0 - train.classifier_average)=37.42%
[ 2020-05-27 07:08:27,676][cascade_classifier.calc_accuracy] Accuracy(layer_0 - test.classifier_average)=40.16%
[ 2020-05-27 07:08:27,677][cascade_classifier.fit_transform] [layer=1] look_indexs=[0], X_cur_train.shape=(1093, 14), X_cur_test.shape=(122, 14)
[ 2020-05-27 07:08:27,892][kfold_wrapper.log_eval_metrics] Accuracy(layer_1 - estimator_0 - 12_folds.train_0.predict)=31.52%
[ 2020-05-27 07:08:28,207][kfold_wrapper.log_eval_metrics] Accuracy(layer_1 - estimator_0 - 12_folds.train_1.predict)=46.15%
[ 2020-05-27 07:08:28,522][kfold_wrapper.log_eval_metrics] Accuracy(layer_1 - estimator_0 - 12_folds.train_2.predict)=45.05%
[ 2020-05-27 07:08:28,844][kfold_wrapper.log_eval_metrics] Accuracy(layer_1 - estimator_0 - 12_folds.train_3.predict)=45.05%
[ 2020-05-27 07:08:29,192][kfold_wrapper.log_eval_metrics] Accuracy(layer_1 - estimator_0 - 12_folds.train_4.predict)=38.46%
[ 2020-05-27 07:08:29,523][kfold_wrapper.log_eval_metrics] Accuracy(layer_1 - estimator_0 - 12_folds.train_5.predict)=39.56%
[ 2020-05-27 07:08:29,859][kfold_wrapper.log_eval_metrics] Accuracy(layer_1 - estimator_0 - 12_folds.train_6.predict)=43.96%
[ 2020-05-27 07:08:30,174][kfold_wrapper.log_eval_metrics] Accuracy(layer_1 - estimator_0 - 12_folds.train_7.predict)=43.96%
[ 2020-05-27 07:08:30,495][kfold_wrapper.log_eval_metrics] Accuracy(layer_1 - estimator_0 - 12_folds.train_8.predict)=43.96%
[ 2020-05-27 07:08:30,813][kfold_wrapper.log_eval_metrics] Accuracy(layer_1 - estimator_0 - 12_folds.train_9.predict)=45.05%
[ 2020-05-27 07:08:31,131][kfold_wrapper.log_eval_metrics] Accuracy(layer_1 - estimator_0 - 12_folds.train_10.predict)=39.56%
[ 2020-05-27 07:08:31,453][kfold_wrapper.log_eval_metrics] Accuracy(layer_1 - estimator_0 - 12_folds.train_11.predict)=41.76%
[ 2020-05-27 07:08:31,570][kfold_wrapper.log_eval_metrics] Accuracy(layer_1 - estimator_0 - 12_folds.train_cv.predict)=41.99%
[ 2020-05-27 07:08:31,571][kfold_wrapper.log_eval_metrics] Accuracy(layer_1 - estimator_0 - 12_folds.test.predict)=42.62%
[ 2020-05-27 07:08:31,799][kfold_wrapper.log_eval_metrics] Accuracy(layer_1 - estimator_1 - 12_folds.train_0.predict)=32.61%
[ 2020-05-27 07:08:32,121][kfold_wrapper.log_eval_metrics] Accuracy(layer_1 - estimator_1 - 12_folds.train_1.predict)=45.05%
[ 2020-05-27 07:08:32,442][kfold_wrapper.log_eval_metrics] Accuracy(layer_1 - estimator_1 - 12_folds.train_2.predict)=39.56%
[ 2020-05-27 07:08:32,769][kfold_wrapper.log_eval_metrics] Accuracy(layer_1 - estimator_1 - 12_folds.train_3.predict)=36.26%
[ 2020-05-27 07:08:33,108][kfold_wrapper.log_eval_metrics] Accuracy(layer_1 - estimator_1 - 12_folds.train_4.predict)=51.65%
[ 2020-05-27 07:08:33,427][kfold_wrapper.log_eval_metrics] Accuracy(layer_1 - estimator_1 - 12_folds.train_5.predict)=42.86%
[ 2020-05-27 07:08:33,758][kfold_wrapper.log_eval_metrics] Accuracy(layer_1 - estimator_1 - 12_folds.train_6.predict)=47.25%
[ 2020-05-27 07:08:34,095][kfold_wrapper.log_eval_metrics] Accuracy(layer_1 - estimator_1 - 12_folds.train_7.predict)=40.66%
[ 2020-05-27 07:08:34,417][kfold_wrapper.log_eval_metrics] Accuracy(layer_1 - estimator_1 - 12_folds.train_8.predict)=34.07%
[ 2020-05-27 07:08:34,733][kfold_wrapper.log_eval_metrics] Accuracy(layer_1 - estimator_1 - 12_folds.train_9.predict)=39.56%
[ 2020-05-27 07:08:35,073][kfold_wrapper.log_eval_metrics] Accuracy(layer_1 - estimator_1 - 12_folds.train_10.predict)=47.25%
[ 2020-05-27 07:08:35,395][kfold_wrapper.log_eval_metrics] Accuracy(layer_1 - estimator_1 - 12_folds.train_11.predict)=43.96%
[ 2020-05-27 07:08:35,511][kfold_wrapper.log_eval_metrics] Accuracy(layer_1 - estimator_1 - 12_folds.train_cv.predict)=41.72%
[ 2020-05-27 07:08:35,512][kfold_wrapper.log_eval_metrics] Accuracy(layer_1 - estimator_1 - 12_folds.test.predict)=41.80%
[ 2020-05-27 07:08:35,553][kfold_wrapper.log_eval_metrics] Accuracy(layer_1 - estimator_2 - 12_folds.train_0.predict)=51.09%
[ 2020-05-27 07:08:35,589][kfold_wrapper.log_eval_metrics] Accuracy(layer_1 - estimator_2 - 12_folds.train_1.predict)=48.35%
[ 2020-05-27 07:08:35,628][kfold_wrapper.log_eval_metrics] Accuracy(layer_1 - estimator_2 - 12_folds.train_2.predict)=39.56%
[ 2020-05-27 07:08:35,669][kfold_wrapper.log_eval_metrics] Accuracy(layer_1 - estimator_2 - 12_folds.train_3.predict)=36.26%
[ 2020-05-27 07:08:35,704][kfold_wrapper.log_eval_metrics] Accuracy(layer_1 - estimator_2 - 12_folds.train_4.predict)=46.15%
[ 2020-05-27 07:08:35,744][kfold_wrapper.log_eval_metrics] Accuracy(layer_1 - estimator_2 - 12_folds.train_5.predict)=43.96%
[ 2020-05-27 07:08:35,783][kfold_wrapper.log_eval_metrics] Accuracy(layer_1 - estimator_2 - 12_folds.train_6.predict)=48.35%
[ 2020-05-27 07:08:35,823][kfold_wrapper.log_eval_metrics] Accuracy(layer_1 - estimator_2 - 12_folds.train_7.predict)=43.96%
[ 2020-05-27 07:08:35,861][kfold_wrapper.log_eval_metrics] Accuracy(layer_1 - estimator_2 - 12_folds.train_8.predict)=40.66%
[ 2020-05-27 07:08:35,901][kfold_wrapper.log_eval_metrics] Accuracy(layer_1 - estimator_2 - 12_folds.train_9.predict)=38.46%
[ 2020-05-27 07:08:35,941][kfold_wrapper.log_eval_metrics] Accuracy(layer_1 - estimator_2 - 12_folds.train_10.predict)=40.66%
[ 2020-05-27 07:08:35,981][kfold_wrapper.log_eval_metrics] Accuracy(layer_1 - estimator_2 - 12_folds.train_11.predict)=42.86%
[ 2020-05-27 07:08:35,982][kfold_wrapper.log_eval_metrics] Accuracy(layer_1 - estimator_2 - 12_folds.train_cv.predict)=43.37%
[ 2020-05-27 07:08:35,983][kfold_wrapper.log_eval_metrics] Accuracy(layer_1 - estimator_2 - 12_folds.test.predict)=43.44%
[ 2020-05-27 07:08:35,983][cascade_classifier.calc_accuracy] Accuracy(layer_1 - train.classifier_average)=42.91%
[ 2020-05-27 07:08:35,984][cascade_classifier.calc_accuracy] Accuracy(layer_1 - test.classifier_average)=43.44%
[ 2020-05-27 07:08:35,985][cascade_classifier.fit_transform] [layer=2] look_indexs=[0], X_cur_train.shape=(1093, 14), X_cur_test.shape=(122, 14)
[ 2020-05-27 07:08:36,199][kfold_wrapper.log_eval_metrics] Accuracy(layer_2 - estimator_0 - 12_folds.train_0.predict)=56.52%
[ 2020-05-27 07:08:36,515][kfold_wrapper.log_eval_metrics] Accuracy(layer_2 - estimator_0 - 12_folds.train_1.predict)=39.56%
[ 2020-05-27 07:08:36,830][kfold_wrapper.log_eval_metrics] Accuracy(layer_2 - estimator_0 - 12_folds.train_2.predict)=36.26%
[ 2020-05-27 07:08:37,145][kfold_wrapper.log_eval_metrics] Accuracy(layer_2 - estimator_0 - 12_folds.train_3.predict)=35.16%
[ 2020-05-27 07:08:37,460][kfold_wrapper.log_eval_metrics] Accuracy(layer_2 - estimator_0 - 12_folds.train_4.predict)=47.25%
[ 2020-05-27 07:08:37,776][kfold_wrapper.log_eval_metrics] Accuracy(layer_2 - estimator_0 - 12_folds.train_5.predict)=36.26%
[ 2020-05-27 07:08:38,094][kfold_wrapper.log_eval_metrics] Accuracy(layer_2 - estimator_0 - 12_folds.train_6.predict)=46.15%
[ 2020-05-27 07:08:38,412][kfold_wrapper.log_eval_metrics] Accuracy(layer_2 - estimator_0 - 12_folds.train_7.predict)=34.07%
[ 2020-05-27 07:08:38,738][kfold_wrapper.log_eval_metrics] Accuracy(layer_2 - estimator_0 - 12_folds.train_8.predict)=46.15%
[ 2020-05-27 07:08:39,062][kfold_wrapper.log_eval_metrics] Accuracy(layer_2 - estimator_0 - 12_folds.train_9.predict)=40.66%
[ 2020-05-27 07:08:39,405][kfold_wrapper.log_eval_metrics] Accuracy(layer_2 - estimator_0 - 12_folds.train_10.predict)=35.16%
[ 2020-05-27 07:08:39,729][kfold_wrapper.log_eval_metrics] Accuracy(layer_2 - estimator_0 - 12_folds.train_11.predict)=38.46%
[ 2020-05-27 07:08:39,845][kfold_wrapper.log_eval_metrics] Accuracy(layer_2 - estimator_0 - 12_folds.train_cv.predict)=40.99%
[ 2020-05-27 07:08:39,847][kfold_wrapper.log_eval_metrics] Accuracy(layer_2 - estimator_0 - 12_folds.test.predict)=45.08%
[ 2020-05-27 07:08:40,085][kfold_wrapper.log_eval_metrics] Accuracy(layer_2 - estimator_1 - 12_folds.train_0.predict)=41.30%
[ 2020-05-27 07:08:40,418][kfold_wrapper.log_eval_metrics] Accuracy(layer_2 - estimator_1 - 12_folds.train_1.predict)=39.56%
[ 2020-05-27 07:08:40,746][kfold_wrapper.log_eval_metrics] Accuracy(layer_2 - estimator_1 - 12_folds.train_2.predict)=46.15%
[ 2020-05-27 07:08:41,061][kfold_wrapper.log_eval_metrics] Accuracy(layer_2 - estimator_1 - 12_folds.train_3.predict)=27.47%
[ 2020-05-27 07:08:41,376][kfold_wrapper.log_eval_metrics] Accuracy(layer_2 - estimator_1 - 12_folds.train_4.predict)=40.66%
[ 2020-05-27 07:08:41,692][kfold_wrapper.log_eval_metrics] Accuracy(layer_2 - estimator_1 - 12_folds.train_5.predict)=48.35%
[ 2020-05-27 07:08:42,007][kfold_wrapper.log_eval_metrics] Accuracy(layer_2 - estimator_1 - 12_folds.train_6.predict)=46.15%
[ 2020-05-27 07:08:42,333][kfold_wrapper.log_eval_metrics] Accuracy(layer_2 - estimator_1 - 12_folds.train_7.predict)=48.35%
[ 2020-05-27 07:08:42,676][kfold_wrapper.log_eval_metrics] Accuracy(layer_2 - estimator_1 - 12_folds.train_8.predict)=39.56%
[ 2020-05-27 07:08:42,999][kfold_wrapper.log_eval_metrics] Accuracy(layer_2 - estimator_1 - 12_folds.train_9.predict)=42.86%
[ 2020-05-27 07:08:43,340][kfold_wrapper.log_eval_metrics] Accuracy(layer_2 - estimator_1 - 12_folds.train_10.predict)=43.96%
[ 2020-05-27 07:08:43,673][kfold_wrapper.log_eval_metrics] Accuracy(layer_2 - estimator_1 - 12_folds.train_11.predict)=45.05%
[ 2020-05-27 07:08:43,781][kfold_wrapper.log_eval_metrics] Accuracy(layer_2 - estimator_1 - 12_folds.train_cv.predict)=42.45%
[ 2020-05-27 07:08:43,783][kfold_wrapper.log_eval_metrics] Accuracy(layer_2 - estimator_1 - 12_folds.test.predict)=45.08%
[ 2020-05-27 07:08:43,838][kfold_wrapper.log_eval_metrics] Accuracy(layer_2 - estimator_2 - 12_folds.train_0.predict)=46.74%
[ 2020-05-27 07:08:43,881][kfold_wrapper.log_eval_metrics] Accuracy(layer_2 - estimator_2 - 12_folds.train_1.predict)=52.75%
[ 2020-05-27 07:08:43,924][kfold_wrapper.log_eval_metrics] Accuracy(layer_2 - estimator_2 - 12_folds.train_2.predict)=46.15%
[ 2020-05-27 07:08:43,963][kfold_wrapper.log_eval_metrics] Accuracy(layer_2 - estimator_2 - 12_folds.train_3.predict)=47.25%
[ 2020-05-27 07:08:44,008][kfold_wrapper.log_eval_metrics] Accuracy(layer_2 - estimator_2 - 12_folds.train_4.predict)=42.86%
[ 2020-05-27 07:08:44,053][kfold_wrapper.log_eval_metrics] Accuracy(layer_2 - estimator_2 - 12_folds.train_5.predict)=38.46%
[ 2020-05-27 07:08:44,095][kfold_wrapper.log_eval_metrics] Accuracy(layer_2 - estimator_2 - 12_folds.train_6.predict)=43.96%
[ 2020-05-27 07:08:44,135][kfold_wrapper.log_eval_metrics] Accuracy(layer_2 - estimator_2 - 12_folds.train_7.predict)=47.25%
[ 2020-05-27 07:08:44,178][kfold_wrapper.log_eval_metrics] Accuracy(layer_2 - estimator_2 - 12_folds.train_8.predict)=45.05%
[ 2020-05-27 07:08:44,220][kfold_wrapper.log_eval_metrics] Accuracy(layer_2 - estimator_2 - 12_folds.train_9.predict)=38.46%
[ 2020-05-27 07:08:44,262][kfold_wrapper.log_eval_metrics] Accuracy(layer_2 - estimator_2 - 12_folds.train_10.predict)=45.05%
[ 2020-05-27 07:08:44,304][kfold_wrapper.log_eval_metrics] Accuracy(layer_2 - estimator_2 - 12_folds.train_11.predict)=45.05%
[ 2020-05-27 07:08:44,305][kfold_wrapper.log_eval_metrics] Accuracy(layer_2 - estimator_2 - 12_folds.train_cv.predict)=44.92%
[ 2020-05-27 07:08:44,306][kfold_wrapper.log_eval_metrics] Accuracy(layer_2 - estimator_2 - 12_folds.test.predict)=44.26%
[ 2020-05-27 07:08:44,307][cascade_classifier.calc_accuracy] Accuracy(layer_2 - train.classifier_average)=43.73%
[ 2020-05-27 07:08:44,307][cascade_classifier.calc_accuracy] Accuracy(layer_2 - test.classifier_average)=45.08%
[ 2020-05-27 07:08:44,308][cascade_classifier.fit_transform] [layer=3] look_indexs=[0], X_cur_train.shape=(1093, 14), X_cur_test.shape=(122, 14)
[ 2020-05-27 07:08:44,524][kfold_wrapper.log_eval_metrics] Accuracy(layer_3 - estimator_0 - 12_folds.train_0.predict)=39.13%
[ 2020-05-27 07:08:44,843][kfold_wrapper.log_eval_metrics] Accuracy(layer_3 - estimator_0 - 12_folds.train_1.predict)=35.16%
[ 2020-05-27 07:08:45,169][kfold_wrapper.log_eval_metrics] Accuracy(layer_3 - estimator_0 - 12_folds.train_2.predict)=45.05%
[ 2020-05-27 07:08:45,507][kfold_wrapper.log_eval_metrics] Accuracy(layer_3 - estimator_0 - 12_folds.train_3.predict)=43.96%
[ 2020-05-27 07:08:45,840][kfold_wrapper.log_eval_metrics] Accuracy(layer_3 - estimator_0 - 12_folds.train_4.predict)=39.56%
[ 2020-05-27 07:08:46,184][kfold_wrapper.log_eval_metrics] Accuracy(layer_3 - estimator_0 - 12_folds.train_5.predict)=41.76%
[ 2020-05-27 07:08:46,532][kfold_wrapper.log_eval_metrics] Accuracy(layer_3 - estimator_0 - 12_folds.train_6.predict)=36.26%
[ 2020-05-27 07:08:46,884][kfold_wrapper.log_eval_metrics] Accuracy(layer_3 - estimator_0 - 12_folds.train_7.predict)=38.46%
[ 2020-05-27 07:08:47,224][kfold_wrapper.log_eval_metrics] Accuracy(layer_3 - estimator_0 - 12_folds.train_8.predict)=43.96%
[ 2020-05-27 07:08:47,583][kfold_wrapper.log_eval_metrics] Accuracy(layer_3 - estimator_0 - 12_folds.train_9.predict)=28.57%
[ 2020-05-27 07:08:47,944][kfold_wrapper.log_eval_metrics] Accuracy(layer_3 - estimator_0 - 12_folds.train_10.predict)=34.07%
[ 2020-05-27 07:08:48,304][kfold_wrapper.log_eval_metrics] Accuracy(layer_3 - estimator_0 - 12_folds.train_11.predict)=47.25%
[ 2020-05-27 07:08:48,423][kfold_wrapper.log_eval_metrics] Accuracy(layer_3 - estimator_0 - 12_folds.train_cv.predict)=39.43%
[ 2020-05-27 07:08:48,426][kfold_wrapper.log_eval_metrics] Accuracy(layer_3 - estimator_0 - 12_folds.test.predict)=44.26%
[ 2020-05-27 07:08:48,673][kfold_wrapper.log_eval_metrics] Accuracy(layer_3 - estimator_1 - 12_folds.train_0.predict)=32.61%
[ 2020-05-27 07:08:48,989][kfold_wrapper.log_eval_metrics] Accuracy(layer_3 - estimator_1 - 12_folds.train_1.predict)=39.56%
[ 2020-05-27 07:08:49,333][kfold_wrapper.log_eval_metrics] Accuracy(layer_3 - estimator_1 - 12_folds.train_2.predict)=37.36%
[ 2020-05-27 07:08:49,684][kfold_wrapper.log_eval_metrics] Accuracy(layer_3 - estimator_1 - 12_folds.train_3.predict)=43.96%
[ 2020-05-27 07:08:50,024][kfold_wrapper.log_eval_metrics] Accuracy(layer_3 - estimator_1 - 12_folds.train_4.predict)=45.05%
[ 2020-05-27 07:08:50,343][kfold_wrapper.log_eval_metrics] Accuracy(layer_3 - estimator_1 - 12_folds.train_5.predict)=32.97%
[ 2020-05-27 07:08:50,685][kfold_wrapper.log_eval_metrics] Accuracy(layer_3 - estimator_1 - 12_folds.train_6.predict)=32.97%
[ 2020-05-27 07:08:51,042][kfold_wrapper.log_eval_metrics] Accuracy(layer_3 - estimator_1 - 12_folds.train_7.predict)=43.96%
[ 2020-05-27 07:08:51,366][kfold_wrapper.log_eval_metrics] Accuracy(layer_3 - estimator_1 - 12_folds.train_8.predict)=34.07%
[ 2020-05-27 07:08:51,702][kfold_wrapper.log_eval_metrics] Accuracy(layer_3 - estimator_1 - 12_folds.train_9.predict)=39.56%
[ 2020-05-27 07:08:52,056][kfold_wrapper.log_eval_metrics] Accuracy(layer_3 - estimator_1 - 12_folds.train_10.predict)=38.46%
[ 2020-05-27 07:08:52,395][kfold_wrapper.log_eval_metrics] Accuracy(layer_3 - estimator_1 - 12_folds.train_11.predict)=37.36%
[ 2020-05-27 07:08:52,513][kfold_wrapper.log_eval_metrics] Accuracy(layer_3 - estimator_1 - 12_folds.train_cv.predict)=38.15%
[ 2020-05-27 07:08:52,514][kfold_wrapper.log_eval_metrics] Accuracy(layer_3 - estimator_1 - 12_folds.test.predict)=43.44%
[ 2020-05-27 07:08:52,562][kfold_wrapper.log_eval_metrics] Accuracy(layer_3 - estimator_2 - 12_folds.train_0.predict)=41.30%
[ 2020-05-27 07:08:52,609][kfold_wrapper.log_eval_metrics] Accuracy(layer_3 - estimator_2 - 12_folds.train_1.predict)=45.05%
[ 2020-05-27 07:08:52,657][kfold_wrapper.log_eval_metrics] Accuracy(layer_3 - estimator_2 - 12_folds.train_2.predict)=51.65%
[ 2020-05-27 07:08:52,704][kfold_wrapper.log_eval_metrics] Accuracy(layer_3 - estimator_2 - 12_folds.train_3.predict)=42.86%
[ 2020-05-27 07:08:52,750][kfold_wrapper.log_eval_metrics] Accuracy(layer_3 - estimator_2 - 12_folds.train_4.predict)=39.56%
[ 2020-05-27 07:08:52,797][kfold_wrapper.log_eval_metrics] Accuracy(layer_3 - estimator_2 - 12_folds.train_5.predict)=47.25%
[ 2020-05-27 07:08:52,842][kfold_wrapper.log_eval_metrics] Accuracy(layer_3 - estimator_2 - 12_folds.train_6.predict)=41.76%
[ 2020-05-27 07:08:52,889][kfold_wrapper.log_eval_metrics] Accuracy(layer_3 - estimator_2 - 12_folds.train_7.predict)=38.46%
[ 2020-05-27 07:08:52,936][kfold_wrapper.log_eval_metrics] Accuracy(layer_3 - estimator_2 - 12_folds.train_8.predict)=46.15%
[ 2020-05-27 07:08:52,995][kfold_wrapper.log_eval_metrics] Accuracy(layer_3 - estimator_2 - 12_folds.train_9.predict)=47.25%
[ 2020-05-27 07:08:53,043][kfold_wrapper.log_eval_metrics] Accuracy(layer_3 - estimator_2 - 12_folds.train_10.predict)=39.56%
[ 2020-05-27 07:08:53,092][kfold_wrapper.log_eval_metrics] Accuracy(layer_3 - estimator_2 - 12_folds.train_11.predict)=42.86%
[ 2020-05-27 07:08:53,094][kfold_wrapper.log_eval_metrics] Accuracy(layer_3 - estimator_2 - 12_folds.train_cv.predict)=43.64%
[ 2020-05-27 07:08:53,095][kfold_wrapper.log_eval_metrics] Accuracy(layer_3 - estimator_2 - 12_folds.test.predict)=43.44%
[ 2020-05-27 07:08:53,097][cascade_classifier.calc_accuracy] Accuracy(layer_3 - train.classifier_average)=41.63%
[ 2020-05-27 07:08:53,098][cascade_classifier.calc_accuracy] Accuracy(layer_3 - test.classifier_average)=44.26%
[ 2020-05-27 07:08:53,100][cascade_classifier.fit_transform] [layer=4] look_indexs=[0], X_cur_train.shape=(1093, 14), X_cur_test.shape=(122, 14)
[ 2020-05-27 07:08:53,313][kfold_wrapper.log_eval_metrics] Accuracy(layer_4 - estimator_0 - 12_folds.train_0.predict)=43.48%
[ 2020-05-27 07:08:53,656][kfold_wrapper.log_eval_metrics] Accuracy(layer_4 - estimator_0 - 12_folds.train_1.predict)=46.15%
[ 2020-05-27 07:08:54,000][kfold_wrapper.log_eval_metrics] Accuracy(layer_4 - estimator_0 - 12_folds.train_2.predict)=36.26%
[ 2020-05-27 07:08:54,342][kfold_wrapper.log_eval_metrics] Accuracy(layer_4 - estimator_0 - 12_folds.train_3.predict)=39.56%
[ 2020-05-27 07:08:54,689][kfold_wrapper.log_eval_metrics] Accuracy(layer_4 - estimator_0 - 12_folds.train_4.predict)=35.16%
[ 2020-05-27 07:08:55,031][kfold_wrapper.log_eval_metrics] Accuracy(layer_4 - estimator_0 - 12_folds.train_5.predict)=36.26%
[ 2020-05-27 07:08:55,375][kfold_wrapper.log_eval_metrics] Accuracy(layer_4 - estimator_0 - 12_folds.train_6.predict)=32.97%
[ 2020-05-27 07:08:55,729][kfold_wrapper.log_eval_metrics] Accuracy(layer_4 - estimator_0 - 12_folds.train_7.predict)=43.96%
[ 2020-05-27 07:08:56,058][kfold_wrapper.log_eval_metrics] Accuracy(layer_4 - estimator_0 - 12_folds.train_8.predict)=42.86%
[ 2020-05-27 07:08:56,379][kfold_wrapper.log_eval_metrics] Accuracy(layer_4 - estimator_0 - 12_folds.train_9.predict)=40.66%
[ 2020-05-27 07:08:56,705][kfold_wrapper.log_eval_metrics] Accuracy(layer_4 - estimator_0 - 12_folds.train_10.predict)=49.45%
[ 2020-05-27 07:08:57,058][kfold_wrapper.log_eval_metrics] Accuracy(layer_4 - estimator_0 - 12_folds.train_11.predict)=42.86%
[ 2020-05-27 07:08:57,175][kfold_wrapper.log_eval_metrics] Accuracy(layer_4 - estimator_0 - 12_folds.train_cv.predict)=40.81%
[ 2020-05-27 07:08:57,177][kfold_wrapper.log_eval_metrics] Accuracy(layer_4 - estimator_0 - 12_folds.test.predict)=42.62%
[ 2020-05-27 07:08:57,427][kfold_wrapper.log_eval_metrics] Accuracy(layer_4 - estimator_1 - 12_folds.train_0.predict)=41.30%
[ 2020-05-27 07:08:57,784][kfold_wrapper.log_eval_metrics] Accuracy(layer_4 - estimator_1 - 12_folds.train_1.predict)=38.46%
[ 2020-05-27 07:08:58,137][kfold_wrapper.log_eval_metrics] Accuracy(layer_4 - estimator_1 - 12_folds.train_2.predict)=41.76%
[ 2020-05-27 07:08:58,457][kfold_wrapper.log_eval_metrics] Accuracy(layer_4 - estimator_1 - 12_folds.train_3.predict)=34.07%
[ 2020-05-27 07:08:58,795][kfold_wrapper.log_eval_metrics] Accuracy(layer_4 - estimator_1 - 12_folds.train_4.predict)=30.77%
[ 2020-05-27 07:08:59,112][kfold_wrapper.log_eval_metrics] Accuracy(layer_4 - estimator_1 - 12_folds.train_5.predict)=40.66%
[ 2020-05-27 07:08:59,452][kfold_wrapper.log_eval_metrics] Accuracy(layer_4 - estimator_1 - 12_folds.train_6.predict)=42.86%
[ 2020-05-27 07:08:59,795][kfold_wrapper.log_eval_metrics] Accuracy(layer_4 - estimator_1 - 12_folds.train_7.predict)=36.26%
[ 2020-05-27 07:09:00,147][kfold_wrapper.log_eval_metrics] Accuracy(layer_4 - estimator_1 - 12_folds.train_8.predict)=29.67%
[ 2020-05-27 07:09:00,487][kfold_wrapper.log_eval_metrics] Accuracy(layer_4 - estimator_1 - 12_folds.train_9.predict)=38.46%
[ 2020-05-27 07:09:00,818][kfold_wrapper.log_eval_metrics] Accuracy(layer_4 - estimator_1 - 12_folds.train_10.predict)=38.46%
[ 2020-05-27 07:09:01,149][kfold_wrapper.log_eval_metrics] Accuracy(layer_4 - estimator_1 - 12_folds.train_11.predict)=29.67%
[ 2020-05-27 07:09:01,254][kfold_wrapper.log_eval_metrics] Accuracy(layer_4 - estimator_1 - 12_folds.train_cv.predict)=36.87%
[ 2020-05-27 07:09:01,255][kfold_wrapper.log_eval_metrics] Accuracy(layer_4 - estimator_1 - 12_folds.test.predict)=42.62%
[ 2020-05-27 07:09:01,307][kfold_wrapper.log_eval_metrics] Accuracy(layer_4 - estimator_2 - 12_folds.train_0.predict)=44.57%
[ 2020-05-27 07:09:01,359][kfold_wrapper.log_eval_metrics] Accuracy(layer_4 - estimator_2 - 12_folds.train_1.predict)=45.05%
[ 2020-05-27 07:09:01,409][kfold_wrapper.log_eval_metrics] Accuracy(layer_4 - estimator_2 - 12_folds.train_2.predict)=45.05%
[ 2020-05-27 07:09:01,461][kfold_wrapper.log_eval_metrics] Accuracy(layer_4 - estimator_2 - 12_folds.train_3.predict)=43.96%
[ 2020-05-27 07:09:01,514][kfold_wrapper.log_eval_metrics] Accuracy(layer_4 - estimator_2 - 12_folds.train_4.predict)=37.36%
[ 2020-05-27 07:09:01,565][kfold_wrapper.log_eval_metrics] Accuracy(layer_4 - estimator_2 - 12_folds.train_5.predict)=45.05%
[ 2020-05-27 07:09:01,615][kfold_wrapper.log_eval_metrics] Accuracy(layer_4 - estimator_2 - 12_folds.train_6.predict)=39.56%
[ 2020-05-27 07:09:01,664][kfold_wrapper.log_eval_metrics] Accuracy(layer_4 - estimator_2 - 12_folds.train_7.predict)=54.95%
[ 2020-05-27 07:09:01,713][kfold_wrapper.log_eval_metrics] Accuracy(layer_4 - estimator_2 - 12_folds.train_8.predict)=47.25%
[ 2020-05-27 07:09:01,762][kfold_wrapper.log_eval_metrics] Accuracy(layer_4 - estimator_2 - 12_folds.train_9.predict)=39.56%
[ 2020-05-27 07:09:01,812][kfold_wrapper.log_eval_metrics] Accuracy(layer_4 - estimator_2 - 12_folds.train_10.predict)=36.26%
[ 2020-05-27 07:09:01,860][kfold_wrapper.log_eval_metrics] Accuracy(layer_4 - estimator_2 - 12_folds.train_11.predict)=38.46%
[ 2020-05-27 07:09:01,861][kfold_wrapper.log_eval_metrics] Accuracy(layer_4 - estimator_2 - 12_folds.train_cv.predict)=43.09%
[ 2020-05-27 07:09:01,862][kfold_wrapper.log_eval_metrics] Accuracy(layer_4 - estimator_2 - 12_folds.test.predict)=43.44%
[ 2020-05-27 07:09:01,863][cascade_classifier.calc_accuracy] Accuracy(layer_4 - train.classifier_average)=42.27%
[ 2020-05-27 07:09:01,864][cascade_classifier.calc_accuracy] Accuracy(layer_4 - test.classifier_average)=44.26%
[ 2020-05-27 07:09:01,866][cascade_classifier.fit_transform] [layer=5] look_indexs=[0], X_cur_train.shape=(1093, 14), X_cur_test.shape=(122, 14)
[ 2020-05-27 07:09:02,083][kfold_wrapper.log_eval_metrics] Accuracy(layer_5 - estimator_0 - 12_folds.train_0.predict)=40.22%
[ 2020-05-27 07:09:02,413][kfold_wrapper.log_eval_metrics] Accuracy(layer_5 - estimator_0 - 12_folds.train_1.predict)=35.16%
[ 2020-05-27 07:09:02,751][kfold_wrapper.log_eval_metrics] Accuracy(layer_5 - estimator_0 - 12_folds.train_2.predict)=29.67%
[ 2020-05-27 07:09:03,112][kfold_wrapper.log_eval_metrics] Accuracy(layer_5 - estimator_0 - 12_folds.train_3.predict)=36.26%
[ 2020-05-27 07:09:03,471][kfold_wrapper.log_eval_metrics] Accuracy(layer_5 - estimator_0 - 12_folds.train_4.predict)=31.87%
[ 2020-05-27 07:09:03,824][kfold_wrapper.log_eval_metrics] Accuracy(layer_5 - estimator_0 - 12_folds.train_5.predict)=37.36%
[ 2020-05-27 07:09:04,179][kfold_wrapper.log_eval_metrics] Accuracy(layer_5 - estimator_0 - 12_folds.train_6.predict)=36.26%
[ 2020-05-27 07:09:04,535][kfold_wrapper.log_eval_metrics] Accuracy(layer_5 - estimator_0 - 12_folds.train_7.predict)=38.46%
[ 2020-05-27 07:09:04,877][kfold_wrapper.log_eval_metrics] Accuracy(layer_5 - estimator_0 - 12_folds.train_8.predict)=39.56%
[ 2020-05-27 07:09:05,193][kfold_wrapper.log_eval_metrics] Accuracy(layer_5 - estimator_0 - 12_folds.train_9.predict)=34.07%
[ 2020-05-27 07:09:05,511][kfold_wrapper.log_eval_metrics] Accuracy(layer_5 - estimator_0 - 12_folds.train_10.predict)=35.16%
[ 2020-05-27 07:09:05,828][kfold_wrapper.log_eval_metrics] Accuracy(layer_5 - estimator_0 - 12_folds.train_11.predict)=41.76%
[ 2020-05-27 07:09:05,934][kfold_wrapper.log_eval_metrics] Accuracy(layer_5 - estimator_0 - 12_folds.train_cv.predict)=36.32%
[ 2020-05-27 07:09:05,935][kfold_wrapper.log_eval_metrics] Accuracy(layer_5 - estimator_0 - 12_folds.test.predict)=41.80%
[ 2020-05-27 07:09:06,158][kfold_wrapper.log_eval_metrics] Accuracy(layer_5 - estimator_1 - 12_folds.train_0.predict)=40.22%
[ 2020-05-27 07:09:06,499][kfold_wrapper.log_eval_metrics] Accuracy(layer_5 - estimator_1 - 12_folds.train_1.predict)=39.56%
[ 2020-05-27 07:09:06,844][kfold_wrapper.log_eval_metrics] Accuracy(layer_5 - estimator_1 - 12_folds.train_2.predict)=35.16%
[ 2020-05-27 07:09:07,177][kfold_wrapper.log_eval_metrics] Accuracy(layer_5 - estimator_1 - 12_folds.train_3.predict)=34.07%
[ 2020-05-27 07:09:07,528][kfold_wrapper.log_eval_metrics] Accuracy(layer_5 - estimator_1 - 12_folds.train_4.predict)=36.26%
[ 2020-05-27 07:09:07,884][kfold_wrapper.log_eval_metrics] Accuracy(layer_5 - estimator_1 - 12_folds.train_5.predict)=42.86%
[ 2020-05-27 07:09:08,238][kfold_wrapper.log_eval_metrics] Accuracy(layer_5 - estimator_1 - 12_folds.train_6.predict)=40.66%
[ 2020-05-27 07:09:08,575][kfold_wrapper.log_eval_metrics] Accuracy(layer_5 - estimator_1 - 12_folds.train_7.predict)=35.16%
[ 2020-05-27 07:09:08,935][kfold_wrapper.log_eval_metrics] Accuracy(layer_5 - estimator_1 - 12_folds.train_8.predict)=35.16%
[ 2020-05-27 07:09:09,289][kfold_wrapper.log_eval_metrics] Accuracy(layer_5 - estimator_1 - 12_folds.train_9.predict)=38.46%
[ 2020-05-27 07:09:09,640][kfold_wrapper.log_eval_metrics] Accuracy(layer_5 - estimator_1 - 12_folds.train_10.predict)=30.77%
[ 2020-05-27 07:09:10,001][kfold_wrapper.log_eval_metrics] Accuracy(layer_5 - estimator_1 - 12_folds.train_11.predict)=42.86%
[ 2020-05-27 07:09:10,121][kfold_wrapper.log_eval_metrics] Accuracy(layer_5 - estimator_1 - 12_folds.train_cv.predict)=37.60%
[ 2020-05-27 07:09:10,123][kfold_wrapper.log_eval_metrics] Accuracy(layer_5 - estimator_1 - 12_folds.test.predict)=44.26%
[ 2020-05-27 07:09:10,199][kfold_wrapper.log_eval_metrics] Accuracy(layer_5 - estimator_2 - 12_folds.train_0.predict)=40.22%
[ 2020-05-27 07:09:10,251][kfold_wrapper.log_eval_metrics] Accuracy(layer_5 - estimator_2 - 12_folds.train_1.predict)=42.86%
[ 2020-05-27 07:09:10,303][kfold_wrapper.log_eval_metrics] Accuracy(layer_5 - estimator_2 - 12_folds.train_2.predict)=48.35%
[ 2020-05-27 07:09:10,356][kfold_wrapper.log_eval_metrics] Accuracy(layer_5 - estimator_2 - 12_folds.train_3.predict)=42.86%
[ 2020-05-27 07:09:10,408][kfold_wrapper.log_eval_metrics] Accuracy(layer_5 - estimator_2 - 12_folds.train_4.predict)=45.05%
[ 2020-05-27 07:09:10,463][kfold_wrapper.log_eval_metrics] Accuracy(layer_5 - estimator_2 - 12_folds.train_5.predict)=37.36%
[ 2020-05-27 07:09:10,517][kfold_wrapper.log_eval_metrics] Accuracy(layer_5 - estimator_2 - 12_folds.train_6.predict)=42.86%
[ 2020-05-27 07:09:10,570][kfold_wrapper.log_eval_metrics] Accuracy(layer_5 - estimator_2 - 12_folds.train_7.predict)=40.66%
[ 2020-05-27 07:09:10,622][kfold_wrapper.log_eval_metrics] Accuracy(layer_5 - estimator_2 - 12_folds.train_8.predict)=37.36%
[ 2020-05-27 07:09:10,676][kfold_wrapper.log_eval_metrics] Accuracy(layer_5 - estimator_2 - 12_folds.train_9.predict)=37.36%
[ 2020-05-27 07:09:10,730][kfold_wrapper.log_eval_metrics] Accuracy(layer_5 - estimator_2 - 12_folds.train_10.predict)=50.55%
[ 2020-05-27 07:09:10,782][kfold_wrapper.log_eval_metrics] Accuracy(layer_5 - estimator_2 - 12_folds.train_11.predict)=47.25%
[ 2020-05-27 07:09:10,783][kfold_wrapper.log_eval_metrics] Accuracy(layer_5 - estimator_2 - 12_folds.train_cv.predict)=42.73%
[ 2020-05-27 07:09:10,784][kfold_wrapper.log_eval_metrics] Accuracy(layer_5 - estimator_2 - 12_folds.test.predict)=43.44%
[ 2020-05-27 07:09:10,785][cascade_classifier.calc_accuracy] Accuracy(layer_5 - train.classifier_average)=38.15%
[ 2020-05-27 07:09:10,785][cascade_classifier.calc_accuracy] Accuracy(layer_5 - test.classifier_average)=43.44%
[ 2020-05-27 07:09:10,786][cascade_classifier.fit_transform] [layer=6] look_indexs=[0], X_cur_train.shape=(1093, 14), X_cur_test.shape=(122, 14)
[ 2020-05-27 07:09:11,013][kfold_wrapper.log_eval_metrics] Accuracy(layer_6 - estimator_0 - 12_folds.train_0.predict)=41.30%
[ 2020-05-27 07:09:11,374][kfold_wrapper.log_eval_metrics] Accuracy(layer_6 - estimator_0 - 12_folds.train_1.predict)=36.26%
[ 2020-05-27 07:09:11,736][kfold_wrapper.log_eval_metrics] Accuracy(layer_6 - estimator_0 - 12_folds.train_2.predict)=25.27%
[ 2020-05-27 07:09:12,078][kfold_wrapper.log_eval_metrics] Accuracy(layer_6 - estimator_0 - 12_folds.train_3.predict)=48.35%
[ 2020-05-27 07:09:12,414][kfold_wrapper.log_eval_metrics] Accuracy(layer_6 - estimator_0 - 12_folds.train_4.predict)=37.36%
[ 2020-05-27 07:09:12,765][kfold_wrapper.log_eval_metrics] Accuracy(layer_6 - estimator_0 - 12_folds.train_5.predict)=40.66%
[ 2020-05-27 07:09:13,117][kfold_wrapper.log_eval_metrics] Accuracy(layer_6 - estimator_0 - 12_folds.train_6.predict)=45.05%
[ 2020-05-27 07:09:13,462][kfold_wrapper.log_eval_metrics] Accuracy(layer_6 - estimator_0 - 12_folds.train_7.predict)=35.16%
[ 2020-05-27 07:09:13,823][kfold_wrapper.log_eval_metrics] Accuracy(layer_6 - estimator_0 - 12_folds.train_8.predict)=34.07%
[ 2020-05-27 07:09:14,173][kfold_wrapper.log_eval_metrics] Accuracy(layer_6 - estimator_0 - 12_folds.train_9.predict)=42.86%
[ 2020-05-27 07:09:14,524][kfold_wrapper.log_eval_metrics] Accuracy(layer_6 - estimator_0 - 12_folds.train_10.predict)=35.16%
[ 2020-05-27 07:09:14,873][kfold_wrapper.log_eval_metrics] Accuracy(layer_6 - estimator_0 - 12_folds.train_11.predict)=40.66%
[ 2020-05-27 07:09:14,989][kfold_wrapper.log_eval_metrics] Accuracy(layer_6 - estimator_0 - 12_folds.train_cv.predict)=38.52%
[ 2020-05-27 07:09:14,991][kfold_wrapper.log_eval_metrics] Accuracy(layer_6 - estimator_0 - 12_folds.test.predict)=40.98%
[ 2020-05-27 07:09:15,218][kfold_wrapper.log_eval_metrics] Accuracy(layer_6 - estimator_1 - 12_folds.train_0.predict)=38.04%
[ 2020-05-27 07:09:15,557][kfold_wrapper.log_eval_metrics] Accuracy(layer_6 - estimator_1 - 12_folds.train_1.predict)=36.26%
[ 2020-05-27 07:09:15,909][kfold_wrapper.log_eval_metrics] Accuracy(layer_6 - estimator_1 - 12_folds.train_2.predict)=47.25%
[ 2020-05-27 07:09:16,273][kfold_wrapper.log_eval_metrics] Accuracy(layer_6 - estimator_1 - 12_folds.train_3.predict)=40.66%
[ 2020-05-27 07:09:16,626][kfold_wrapper.log_eval_metrics] Accuracy(layer_6 - estimator_1 - 12_folds.train_4.predict)=34.07%
[ 2020-05-27 07:09:16,965][kfold_wrapper.log_eval_metrics] Accuracy(layer_6 - estimator_1 - 12_folds.train_5.predict)=29.67%
[ 2020-05-27 07:09:17,314][kfold_wrapper.log_eval_metrics] Accuracy(layer_6 - estimator_1 - 12_folds.train_6.predict)=45.05%
[ 2020-05-27 07:09:17,665][kfold_wrapper.log_eval_metrics] Accuracy(layer_6 - estimator_1 - 12_folds.train_7.predict)=34.07%
[ 2020-05-27 07:09:18,016][kfold_wrapper.log_eval_metrics] Accuracy(layer_6 - estimator_1 - 12_folds.train_8.predict)=35.16%
[ 2020-05-27 07:09:18,364][kfold_wrapper.log_eval_metrics] Accuracy(layer_6 - estimator_1 - 12_folds.train_9.predict)=38.46%
[ 2020-05-27 07:09:18,706][kfold_wrapper.log_eval_metrics] Accuracy(layer_6 - estimator_1 - 12_folds.train_10.predict)=30.77%
[ 2020-05-27 07:09:19,060][kfold_wrapper.log_eval_metrics] Accuracy(layer_6 - estimator_1 - 12_folds.train_11.predict)=39.56%
[ 2020-05-27 07:09:19,182][kfold_wrapper.log_eval_metrics] Accuracy(layer_6 - estimator_1 - 12_folds.train_cv.predict)=37.42%
[ 2020-05-27 07:09:19,184][kfold_wrapper.log_eval_metrics] Accuracy(layer_6 - estimator_1 - 12_folds.test.predict)=44.26%
[ 2020-05-27 07:09:19,275][kfold_wrapper.log_eval_metrics] Accuracy(layer_6 - estimator_2 - 12_folds.train_0.predict)=50.00%
[ 2020-05-27 07:09:19,330][kfold_wrapper.log_eval_metrics] Accuracy(layer_6 - estimator_2 - 12_folds.train_1.predict)=42.86%
[ 2020-05-27 07:09:19,386][kfold_wrapper.log_eval_metrics] Accuracy(layer_6 - estimator_2 - 12_folds.train_2.predict)=45.05%
[ 2020-05-27 07:09:19,442][kfold_wrapper.log_eval_metrics] Accuracy(layer_6 - estimator_2 - 12_folds.train_3.predict)=39.56%
[ 2020-05-27 07:09:19,498][kfold_wrapper.log_eval_metrics] Accuracy(layer_6 - estimator_2 - 12_folds.train_4.predict)=39.56%
[ 2020-05-27 07:09:19,557][kfold_wrapper.log_eval_metrics] Accuracy(layer_6 - estimator_2 - 12_folds.train_5.predict)=41.76%
[ 2020-05-27 07:09:19,615][kfold_wrapper.log_eval_metrics] Accuracy(layer_6 - estimator_2 - 12_folds.train_6.predict)=48.35%
[ 2020-05-27 07:09:19,670][kfold_wrapper.log_eval_metrics] Accuracy(layer_6 - estimator_2 - 12_folds.train_7.predict)=38.46%
[ 2020-05-27 07:09:19,730][kfold_wrapper.log_eval_metrics] Accuracy(layer_6 - estimator_2 - 12_folds.train_8.predict)=47.25%
[ 2020-05-27 07:09:19,787][kfold_wrapper.log_eval_metrics] Accuracy(layer_6 - estimator_2 - 12_folds.train_9.predict)=46.15%
[ 2020-05-27 07:09:19,847][kfold_wrapper.log_eval_metrics] Accuracy(layer_6 - estimator_2 - 12_folds.train_10.predict)=51.65%
[ 2020-05-27 07:09:19,901][kfold_wrapper.log_eval_metrics] Accuracy(layer_6 - estimator_2 - 12_folds.train_11.predict)=54.95%
[ 2020-05-27 07:09:19,902][kfold_wrapper.log_eval_metrics] Accuracy(layer_6 - estimator_2 - 12_folds.train_cv.predict)=45.47%
[ 2020-05-27 07:09:19,903][kfold_wrapper.log_eval_metrics] Accuracy(layer_6 - estimator_2 - 12_folds.test.predict)=43.44%
[ 2020-05-27 07:09:19,904][cascade_classifier.calc_accuracy] Accuracy(layer_6 - train.classifier_average)=42.09%
[ 2020-05-27 07:09:19,905][cascade_classifier.calc_accuracy] Accuracy(layer_6 - test.classifier_average)=44.26%
[ 2020-05-27 07:09:19,905][cascade_classifier.fit_transform] [Result][Optimal Level Detected] opt_layer_num=3, accuracy_train=43.73%, accuracy_test=45.08%
[ 2020-05-27 07:09:19,950][cascade_classifier.transform] X_groups_test.shape=[(242, 5)]
[ 2020-05-27 07:09:19,951][cascade_classifier.transform] group_dims=[5]
[ 2020-05-27 07:09:19,951][cascade_classifier.transform] X_test.shape=(242, 5)
[ 2020-05-27 07:09:19,952][cascade_classifier.transform] [layer=0] look_indexs=[0], X_cur_test.shape=(242, 5)
[ 2020-05-27 07:09:22,614][cascade_classifier.transform] [layer=1] look_indexs=[0], X_cur_test.shape=(242, 14)
[ 2020-05-27 07:09:25,303][cascade_classifier.transform] [layer=2] look_indexs=[0], X_cur_test.shape=(242, 14)
[ 2020-05-27 07:09:28,328][cascade_classifier.fit_transform] X_groups_train.shape=[(1311, 5)],y_train.shape=(1311,),X_groups_test.shape=[(146, 5)],y_test.shape=(146,)
[ 2020-05-27 07:09:28,329][cascade_classifier.fit_transform] group_dims=[5]
[ 2020-05-27 07:09:28,330][cascade_classifier.fit_transform] group_starts=[0]
[ 2020-05-27 07:09:28,330][cascade_classifier.fit_transform] group_ends=[5]
[ 2020-05-27 07:09:28,331][cascade_classifier.fit_transform] X_train.shape=(1311, 5),X_test.shape=(146, 5)
[ 2020-05-27 07:09:28,331][cascade_classifier.fit_transform] [layer=0] look_indexs=[0], X_cur_train.shape=(1311, 5), X_cur_test.shape=(146, 5)
[ 2020-05-27 07:09:28,556][kfold_wrapper.log_eval_metrics] Accuracy(layer_0 - estimator_0 - 12_folds.train_0.predict)=36.36%
[ 2020-05-27 07:09:28,904][kfold_wrapper.log_eval_metrics] Accuracy(layer_0 - estimator_0 - 12_folds.train_1.predict)=34.55%
[ 2020-05-27 07:09:29,250][kfold_wrapper.log_eval_metrics] Accuracy(layer_0 - estimator_0 - 12_folds.train_2.predict)=30.91%
[ 2020-05-27 07:09:29,593][kfold_wrapper.log_eval_metrics] Accuracy(layer_0 - estimator_0 - 12_folds.train_3.predict)=37.61%
[ 2020-05-27 07:09:29,928][kfold_wrapper.log_eval_metrics] Accuracy(layer_0 - estimator_0 - 12_folds.train_4.predict)=35.78%
[ 2020-05-27 07:09:30,281][kfold_wrapper.log_eval_metrics] Accuracy(layer_0 - estimator_0 - 12_folds.train_5.predict)=38.53%
[ 2020-05-27 07:09:30,626][kfold_wrapper.log_eval_metrics] Accuracy(layer_0 - estimator_0 - 12_folds.train_6.predict)=43.12%
[ 2020-05-27 07:09:30,963][kfold_wrapper.log_eval_metrics] Accuracy(layer_0 - estimator_0 - 12_folds.train_7.predict)=26.61%
[ 2020-05-27 07:09:31,306][kfold_wrapper.log_eval_metrics] Accuracy(layer_0 - estimator_0 - 12_folds.train_8.predict)=33.94%
[ 2020-05-27 07:09:31,644][kfold_wrapper.log_eval_metrics] Accuracy(layer_0 - estimator_0 - 12_folds.train_9.predict)=26.61%
[ 2020-05-27 07:09:31,996][kfold_wrapper.log_eval_metrics] Accuracy(layer_0 - estimator_0 - 12_folds.train_10.predict)=25.69%
[ 2020-05-27 07:09:32,337][kfold_wrapper.log_eval_metrics] Accuracy(layer_0 - estimator_0 - 12_folds.train_11.predict)=33.03%
[ 2020-05-27 07:09:32,454][kfold_wrapper.log_eval_metrics] Accuracy(layer_0 - estimator_0 - 12_folds.train_cv.predict)=33.56%
[ 2020-05-27 07:09:32,457][kfold_wrapper.log_eval_metrics] Accuracy(layer_0 - estimator_0 - 12_folds.test.predict)=32.88%
[ 2020-05-27 07:09:32,708][kfold_wrapper.log_eval_metrics] Accuracy(layer_0 - estimator_1 - 12_folds.train_0.predict)=34.55%
[ 2020-05-27 07:09:33,063][kfold_wrapper.log_eval_metrics] Accuracy(layer_0 - estimator_1 - 12_folds.train_1.predict)=31.82%
[ 2020-05-27 07:09:33,397][kfold_wrapper.log_eval_metrics] Accuracy(layer_0 - estimator_1 - 12_folds.train_2.predict)=37.27%
[ 2020-05-27 07:09:33,730][kfold_wrapper.log_eval_metrics] Accuracy(layer_0 - estimator_1 - 12_folds.train_3.predict)=30.28%
[ 2020-05-27 07:09:34,086][kfold_wrapper.log_eval_metrics] Accuracy(layer_0 - estimator_1 - 12_folds.train_4.predict)=35.78%
[ 2020-05-27 07:09:34,442][kfold_wrapper.log_eval_metrics] Accuracy(layer_0 - estimator_1 - 12_folds.train_5.predict)=31.19%
[ 2020-05-27 07:09:34,787][kfold_wrapper.log_eval_metrics] Accuracy(layer_0 - estimator_1 - 12_folds.train_6.predict)=33.03%
[ 2020-05-27 07:09:35,136][kfold_wrapper.log_eval_metrics] Accuracy(layer_0 - estimator_1 - 12_folds.train_7.predict)=33.94%
[ 2020-05-27 07:09:35,468][kfold_wrapper.log_eval_metrics] Accuracy(layer_0 - estimator_1 - 12_folds.train_8.predict)=33.94%
[ 2020-05-27 07:09:35,816][kfold_wrapper.log_eval_metrics] Accuracy(layer_0 - estimator_1 - 12_folds.train_9.predict)=31.19%
[ 2020-05-27 07:09:36,166][kfold_wrapper.log_eval_metrics] Accuracy(layer_0 - estimator_1 - 12_folds.train_10.predict)=34.86%
[ 2020-05-27 07:09:36,521][kfold_wrapper.log_eval_metrics] Accuracy(layer_0 - estimator_1 - 12_folds.train_11.predict)=33.03%
[ 2020-05-27 07:09:36,637][kfold_wrapper.log_eval_metrics] Accuracy(layer_0 - estimator_1 - 12_folds.train_cv.predict)=33.41%
[ 2020-05-27 07:09:36,638][kfold_wrapper.log_eval_metrics] Accuracy(layer_0 - estimator_1 - 12_folds.test.predict)=34.25%
[ 2020-05-27 07:09:36,653][kfold_wrapper.log_eval_metrics] Accuracy(layer_0 - estimator_2 - 12_folds.train_0.predict)=44.55%
[ 2020-05-27 07:09:36,668][kfold_wrapper.log_eval_metrics] Accuracy(layer_0 - estimator_2 - 12_folds.train_1.predict)=42.73%
[ 2020-05-27 07:09:36,683][kfold_wrapper.log_eval_metrics] Accuracy(layer_0 - estimator_2 - 12_folds.train_2.predict)=46.36%
[ 2020-05-27 07:09:36,698][kfold_wrapper.log_eval_metrics] Accuracy(layer_0 - estimator_2 - 12_folds.train_3.predict)=42.20%
[ 2020-05-27 07:09:36,712][kfold_wrapper.log_eval_metrics] Accuracy(layer_0 - estimator_2 - 12_folds.train_4.predict)=45.87%
[ 2020-05-27 07:09:36,727][kfold_wrapper.log_eval_metrics] Accuracy(layer_0 - estimator_2 - 12_folds.train_5.predict)=40.37%
[ 2020-05-27 07:09:36,741][kfold_wrapper.log_eval_metrics] Accuracy(layer_0 - estimator_2 - 12_folds.train_6.predict)=30.28%
[ 2020-05-27 07:09:36,757][kfold_wrapper.log_eval_metrics] Accuracy(layer_0 - estimator_2 - 12_folds.train_7.predict)=45.87%
[ 2020-05-27 07:09:36,768][kfold_wrapper.log_eval_metrics] Accuracy(layer_0 - estimator_2 - 12_folds.train_8.predict)=47.71%
[ 2020-05-27 07:09:36,781][kfold_wrapper.log_eval_metrics] Accuracy(layer_0 - estimator_2 - 12_folds.train_9.predict)=38.53%
[ 2020-05-27 07:09:36,791][kfold_wrapper.log_eval_metrics] Accuracy(layer_0 - estimator_2 - 12_folds.train_10.predict)=42.20%
[ 2020-05-27 07:09:36,805][kfold_wrapper.log_eval_metrics] Accuracy(layer_0 - estimator_2 - 12_folds.train_11.predict)=38.53%
[ 2020-05-27 07:09:36,805][kfold_wrapper.log_eval_metrics] Accuracy(layer_0 - estimator_2 - 12_folds.train_cv.predict)=42.11%
[ 2020-05-27 07:09:36,806][kfold_wrapper.log_eval_metrics] Accuracy(layer_0 - estimator_2 - 12_folds.test.predict)=34.93%
[ 2020-05-27 07:09:36,807][cascade_classifier.calc_accuracy] Accuracy(layer_0 - train.classifier_average)=34.71%
[ 2020-05-27 07:09:36,808][cascade_classifier.calc_accuracy] Accuracy(layer_0 - test.classifier_average)=31.51%
[ 2020-05-27 07:09:36,808][cascade_classifier.fit_transform] [layer=1] look_indexs=[0], X_cur_train.shape=(1311, 14), X_cur_test.shape=(146, 14)
[ 2020-05-27 07:09:37,023][kfold_wrapper.log_eval_metrics] Accuracy(layer_1 - estimator_0 - 12_folds.train_0.predict)=40.91%
[ 2020-05-27 07:09:37,337][kfold_wrapper.log_eval_metrics] Accuracy(layer_1 - estimator_0 - 12_folds.train_1.predict)=35.45%
[ 2020-05-27 07:09:37,664][kfold_wrapper.log_eval_metrics] Accuracy(layer_1 - estimator_0 - 12_folds.train_2.predict)=35.45%
[ 2020-05-27 07:09:37,996][kfold_wrapper.log_eval_metrics] Accuracy(layer_1 - estimator_0 - 12_folds.train_3.predict)=44.04%
[ 2020-05-27 07:09:38,335][kfold_wrapper.log_eval_metrics] Accuracy(layer_1 - estimator_0 - 12_folds.train_4.predict)=42.20%
[ 2020-05-27 07:09:38,688][kfold_wrapper.log_eval_metrics] Accuracy(layer_1 - estimator_0 - 12_folds.train_5.predict)=45.87%
[ 2020-05-27 07:09:39,025][kfold_wrapper.log_eval_metrics] Accuracy(layer_1 - estimator_0 - 12_folds.train_6.predict)=32.11%
[ 2020-05-27 07:09:39,379][kfold_wrapper.log_eval_metrics] Accuracy(layer_1 - estimator_0 - 12_folds.train_7.predict)=36.70%
[ 2020-05-27 07:09:39,729][kfold_wrapper.log_eval_metrics] Accuracy(layer_1 - estimator_0 - 12_folds.train_8.predict)=27.52%
[ 2020-05-27 07:09:40,071][kfold_wrapper.log_eval_metrics] Accuracy(layer_1 - estimator_0 - 12_folds.train_9.predict)=37.61%
[ 2020-05-27 07:09:40,415][kfold_wrapper.log_eval_metrics] Accuracy(layer_1 - estimator_0 - 12_folds.train_10.predict)=37.61%
[ 2020-05-27 07:09:40,773][kfold_wrapper.log_eval_metrics] Accuracy(layer_1 - estimator_0 - 12_folds.train_11.predict)=35.78%
[ 2020-05-27 07:09:40,890][kfold_wrapper.log_eval_metrics] Accuracy(layer_1 - estimator_0 - 12_folds.train_cv.predict)=37.60%
[ 2020-05-27 07:09:40,893][kfold_wrapper.log_eval_metrics] Accuracy(layer_1 - estimator_0 - 12_folds.test.predict)=34.93%
[ 2020-05-27 07:09:41,136][kfold_wrapper.log_eval_metrics] Accuracy(layer_1 - estimator_1 - 12_folds.train_0.predict)=46.36%
[ 2020-05-27 07:09:41,486][kfold_wrapper.log_eval_metrics] Accuracy(layer_1 - estimator_1 - 12_folds.train_1.predict)=45.45%
[ 2020-05-27 07:09:41,840][kfold_wrapper.log_eval_metrics] Accuracy(layer_1 - estimator_1 - 12_folds.train_2.predict)=42.73%
[ 2020-05-27 07:09:42,190][kfold_wrapper.log_eval_metrics] Accuracy(layer_1 - estimator_1 - 12_folds.train_3.predict)=35.78%
[ 2020-05-27 07:09:42,531][kfold_wrapper.log_eval_metrics] Accuracy(layer_1 - estimator_1 - 12_folds.train_4.predict)=34.86%
[ 2020-05-27 07:09:42,869][kfold_wrapper.log_eval_metrics] Accuracy(layer_1 - estimator_1 - 12_folds.train_5.predict)=45.87%
[ 2020-05-27 07:09:43,222][kfold_wrapper.log_eval_metrics] Accuracy(layer_1 - estimator_1 - 12_folds.train_6.predict)=48.62%
[ 2020-05-27 07:09:43,571][kfold_wrapper.log_eval_metrics] Accuracy(layer_1 - estimator_1 - 12_folds.train_7.predict)=33.03%
[ 2020-05-27 07:09:43,909][kfold_wrapper.log_eval_metrics] Accuracy(layer_1 - estimator_1 - 12_folds.train_8.predict)=44.04%
[ 2020-05-27 07:09:44,263][kfold_wrapper.log_eval_metrics] Accuracy(layer_1 - estimator_1 - 12_folds.train_9.predict)=44.95%
[ 2020-05-27 07:09:44,619][kfold_wrapper.log_eval_metrics] Accuracy(layer_1 - estimator_1 - 12_folds.train_10.predict)=40.37%
[ 2020-05-27 07:09:44,964][kfold_wrapper.log_eval_metrics] Accuracy(layer_1 - estimator_1 - 12_folds.train_11.predict)=45.87%
[ 2020-05-27 07:09:45,081][kfold_wrapper.log_eval_metrics] Accuracy(layer_1 - estimator_1 - 12_folds.train_cv.predict)=42.33%
[ 2020-05-27 07:09:45,083][kfold_wrapper.log_eval_metrics] Accuracy(layer_1 - estimator_1 - 12_folds.test.predict)=39.04%
[ 2020-05-27 07:09:45,174][kfold_wrapper.log_eval_metrics] Accuracy(layer_1 - estimator_2 - 12_folds.train_0.predict)=42.73%
[ 2020-05-27 07:09:45,225][kfold_wrapper.log_eval_metrics] Accuracy(layer_1 - estimator_2 - 12_folds.train_1.predict)=40.91%
[ 2020-05-27 07:09:45,273][kfold_wrapper.log_eval_metrics] Accuracy(layer_1 - estimator_2 - 12_folds.train_2.predict)=40.91%
[ 2020-05-27 07:09:45,319][kfold_wrapper.log_eval_metrics] Accuracy(layer_1 - estimator_2 - 12_folds.train_3.predict)=45.87%
[ 2020-05-27 07:09:45,370][kfold_wrapper.log_eval_metrics] Accuracy(layer_1 - estimator_2 - 12_folds.train_4.predict)=42.20%
[ 2020-05-27 07:09:45,420][kfold_wrapper.log_eval_metrics] Accuracy(layer_1 - estimator_2 - 12_folds.train_5.predict)=49.54%
[ 2020-05-27 07:09:45,465][kfold_wrapper.log_eval_metrics] Accuracy(layer_1 - estimator_2 - 12_folds.train_6.predict)=46.79%
[ 2020-05-27 07:09:45,512][kfold_wrapper.log_eval_metrics] Accuracy(layer_1 - estimator_2 - 12_folds.train_7.predict)=35.78%
[ 2020-05-27 07:09:45,561][kfold_wrapper.log_eval_metrics] Accuracy(layer_1 - estimator_2 - 12_folds.train_8.predict)=46.79%
[ 2020-05-27 07:09:45,609][kfold_wrapper.log_eval_metrics] Accuracy(layer_1 - estimator_2 - 12_folds.train_9.predict)=38.53%
[ 2020-05-27 07:09:45,659][kfold_wrapper.log_eval_metrics] Accuracy(layer_1 - estimator_2 - 12_folds.train_10.predict)=42.20%
[ 2020-05-27 07:09:45,707][kfold_wrapper.log_eval_metrics] Accuracy(layer_1 - estimator_2 - 12_folds.train_11.predict)=44.95%
[ 2020-05-27 07:09:45,708][kfold_wrapper.log_eval_metrics] Accuracy(layer_1 - estimator_2 - 12_folds.train_cv.predict)=43.10%
[ 2020-05-27 07:09:45,709][kfold_wrapper.log_eval_metrics] Accuracy(layer_1 - estimator_2 - 12_folds.test.predict)=35.62%
[ 2020-05-27 07:09:45,709][cascade_classifier.calc_accuracy] Accuracy(layer_1 - train.classifier_average)=41.88%
[ 2020-05-27 07:09:45,710][cascade_classifier.calc_accuracy] Accuracy(layer_1 - test.classifier_average)=39.73%
[ 2020-05-27 07:09:45,710][cascade_classifier.fit_transform] [layer=2] look_indexs=[0], X_cur_train.shape=(1311, 14), X_cur_test.shape=(146, 14)
[ 2020-05-27 07:09:45,933][kfold_wrapper.log_eval_metrics] Accuracy(layer_2 - estimator_0 - 12_folds.train_0.predict)=40.00%
[ 2020-05-27 07:09:46,276][kfold_wrapper.log_eval_metrics] Accuracy(layer_2 - estimator_0 - 12_folds.train_1.predict)=46.36%
[ 2020-05-27 07:09:46,628][kfold_wrapper.log_eval_metrics] Accuracy(layer_2 - estimator_0 - 12_folds.train_2.predict)=40.00%
[ 2020-05-27 07:09:46,974][kfold_wrapper.log_eval_metrics] Accuracy(layer_2 - estimator_0 - 12_folds.train_3.predict)=35.78%
[ 2020-05-27 07:09:47,324][kfold_wrapper.log_eval_metrics] Accuracy(layer_2 - estimator_0 - 12_folds.train_4.predict)=38.53%
[ 2020-05-27 07:09:47,674][kfold_wrapper.log_eval_metrics] Accuracy(layer_2 - estimator_0 - 12_folds.train_5.predict)=41.28%
[ 2020-05-27 07:09:48,020][kfold_wrapper.log_eval_metrics] Accuracy(layer_2 - estimator_0 - 12_folds.train_6.predict)=42.20%
[ 2020-05-27 07:09:48,373][kfold_wrapper.log_eval_metrics] Accuracy(layer_2 - estimator_0 - 12_folds.train_7.predict)=42.20%
[ 2020-05-27 07:09:48,731][kfold_wrapper.log_eval_metrics] Accuracy(layer_2 - estimator_0 - 12_folds.train_8.predict)=46.79%
[ 2020-05-27 07:09:49,089][kfold_wrapper.log_eval_metrics] Accuracy(layer_2 - estimator_0 - 12_folds.train_9.predict)=33.94%
[ 2020-05-27 07:09:49,429][kfold_wrapper.log_eval_metrics] Accuracy(layer_2 - estimator_0 - 12_folds.train_10.predict)=38.53%
[ 2020-05-27 07:09:49,770][kfold_wrapper.log_eval_metrics] Accuracy(layer_2 - estimator_0 - 12_folds.train_11.predict)=43.12%
[ 2020-05-27 07:09:49,887][kfold_wrapper.log_eval_metrics] Accuracy(layer_2 - estimator_0 - 12_folds.train_cv.predict)=40.73%
[ 2020-05-27 07:09:49,890][kfold_wrapper.log_eval_metrics] Accuracy(layer_2 - estimator_0 - 12_folds.test.predict)=32.19%
[ 2020-05-27 07:09:50,135][kfold_wrapper.log_eval_metrics] Accuracy(layer_2 - estimator_1 - 12_folds.train_0.predict)=40.91%
[ 2020-05-27 07:09:50,465][kfold_wrapper.log_eval_metrics] Accuracy(layer_2 - estimator_1 - 12_folds.train_1.predict)=43.64%
[ 2020-05-27 07:09:50,806][kfold_wrapper.log_eval_metrics] Accuracy(layer_2 - estimator_1 - 12_folds.train_2.predict)=38.18%
[ 2020-05-27 07:09:51,157][kfold_wrapper.log_eval_metrics] Accuracy(layer_2 - estimator_1 - 12_folds.train_3.predict)=33.03%
[ 2020-05-27 07:09:51,514][kfold_wrapper.log_eval_metrics] Accuracy(layer_2 - estimator_1 - 12_folds.train_4.predict)=38.53%
[ 2020-05-27 07:09:51,855][kfold_wrapper.log_eval_metrics] Accuracy(layer_2 - estimator_1 - 12_folds.train_5.predict)=33.03%
[ 2020-05-27 07:09:52,211][kfold_wrapper.log_eval_metrics] Accuracy(layer_2 - estimator_1 - 12_folds.train_6.predict)=40.37%
[ 2020-05-27 07:09:52,546][kfold_wrapper.log_eval_metrics] Accuracy(layer_2 - estimator_1 - 12_folds.train_7.predict)=49.54%
[ 2020-05-27 07:09:52,902][kfold_wrapper.log_eval_metrics] Accuracy(layer_2 - estimator_1 - 12_folds.train_8.predict)=39.45%
[ 2020-05-27 07:09:53,259][kfold_wrapper.log_eval_metrics] Accuracy(layer_2 - estimator_1 - 12_folds.train_9.predict)=33.94%
[ 2020-05-27 07:09:53,602][kfold_wrapper.log_eval_metrics] Accuracy(layer_2 - estimator_1 - 12_folds.train_10.predict)=35.78%
[ 2020-05-27 07:09:53,953][kfold_wrapper.log_eval_metrics] Accuracy(layer_2 - estimator_1 - 12_folds.train_11.predict)=29.36%
[ 2020-05-27 07:09:54,071][kfold_wrapper.log_eval_metrics] Accuracy(layer_2 - estimator_1 - 12_folds.train_cv.predict)=37.99%
[ 2020-05-27 07:09:54,074][kfold_wrapper.log_eval_metrics] Accuracy(layer_2 - estimator_1 - 12_folds.test.predict)=34.25%
[ 2020-05-27 07:09:54,166][kfold_wrapper.log_eval_metrics] Accuracy(layer_2 - estimator_2 - 12_folds.train_0.predict)=42.73%
[ 2020-05-27 07:09:54,219][kfold_wrapper.log_eval_metrics] Accuracy(layer_2 - estimator_2 - 12_folds.train_1.predict)=50.91%
[ 2020-05-27 07:09:54,271][kfold_wrapper.log_eval_metrics] Accuracy(layer_2 - estimator_2 - 12_folds.train_2.predict)=42.73%
[ 2020-05-27 07:09:54,315][kfold_wrapper.log_eval_metrics] Accuracy(layer_2 - estimator_2 - 12_folds.train_3.predict)=44.04%
[ 2020-05-27 07:09:54,368][kfold_wrapper.log_eval_metrics] Accuracy(layer_2 - estimator_2 - 12_folds.train_4.predict)=38.53%
[ 2020-05-27 07:09:54,417][kfold_wrapper.log_eval_metrics] Accuracy(layer_2 - estimator_2 - 12_folds.train_5.predict)=33.94%
[ 2020-05-27 07:09:54,470][kfold_wrapper.log_eval_metrics] Accuracy(layer_2 - estimator_2 - 12_folds.train_6.predict)=42.20%
[ 2020-05-27 07:09:54,526][kfold_wrapper.log_eval_metrics] Accuracy(layer_2 - estimator_2 - 12_folds.train_7.predict)=38.53%
[ 2020-05-27 07:09:54,578][kfold_wrapper.log_eval_metrics] Accuracy(layer_2 - estimator_2 - 12_folds.train_8.predict)=44.04%
[ 2020-05-27 07:09:54,632][kfold_wrapper.log_eval_metrics] Accuracy(layer_2 - estimator_2 - 12_folds.train_9.predict)=44.95%
[ 2020-05-27 07:09:54,689][kfold_wrapper.log_eval_metrics] Accuracy(layer_2 - estimator_2 - 12_folds.train_10.predict)=45.87%
[ 2020-05-27 07:09:54,743][kfold_wrapper.log_eval_metrics] Accuracy(layer_2 - estimator_2 - 12_folds.train_11.predict)=46.79%
[ 2020-05-27 07:09:54,744][kfold_wrapper.log_eval_metrics] Accuracy(layer_2 - estimator_2 - 12_folds.train_cv.predict)=42.94%
[ 2020-05-27 07:09:54,745][kfold_wrapper.log_eval_metrics] Accuracy(layer_2 - estimator_2 - 12_folds.test.predict)=34.93%
[ 2020-05-27 07:09:54,746][cascade_classifier.calc_accuracy] Accuracy(layer_2 - train.classifier_average)=40.58%
[ 2020-05-27 07:09:54,746][cascade_classifier.calc_accuracy] Accuracy(layer_2 - test.classifier_average)=32.88%
[ 2020-05-27 07:09:54,747][cascade_classifier.fit_transform] [layer=3] look_indexs=[0], X_cur_train.shape=(1311, 14), X_cur_test.shape=(146, 14)
[ 2020-05-27 07:09:54,968][kfold_wrapper.log_eval_metrics] Accuracy(layer_3 - estimator_0 - 12_folds.train_0.predict)=39.09%
[ 2020-05-27 07:09:55,310][kfold_wrapper.log_eval_metrics] Accuracy(layer_3 - estimator_0 - 12_folds.train_1.predict)=39.09%
[ 2020-05-27 07:09:55,657][kfold_wrapper.log_eval_metrics] Accuracy(layer_3 - estimator_0 - 12_folds.train_2.predict)=35.45%
[ 2020-05-27 07:09:56,010][kfold_wrapper.log_eval_metrics] Accuracy(layer_3 - estimator_0 - 12_folds.train_3.predict)=37.61%
[ 2020-05-27 07:09:56,354][kfold_wrapper.log_eval_metrics] Accuracy(layer_3 - estimator_0 - 12_folds.train_4.predict)=38.53%
[ 2020-05-27 07:09:56,712][kfold_wrapper.log_eval_metrics] Accuracy(layer_3 - estimator_0 - 12_folds.train_5.predict)=33.03%
[ 2020-05-27 07:09:57,064][kfold_wrapper.log_eval_metrics] Accuracy(layer_3 - estimator_0 - 12_folds.train_6.predict)=41.28%
[ 2020-05-27 07:09:57,408][kfold_wrapper.log_eval_metrics] Accuracy(layer_3 - estimator_0 - 12_folds.train_7.predict)=33.03%
[ 2020-05-27 07:09:57,765][kfold_wrapper.log_eval_metrics] Accuracy(layer_3 - estimator_0 - 12_folds.train_8.predict)=35.78%
[ 2020-05-27 07:09:58,105][kfold_wrapper.log_eval_metrics] Accuracy(layer_3 - estimator_0 - 12_folds.train_9.predict)=41.28%
[ 2020-05-27 07:09:58,454][kfold_wrapper.log_eval_metrics] Accuracy(layer_3 - estimator_0 - 12_folds.train_10.predict)=43.12%
[ 2020-05-27 07:09:58,794][kfold_wrapper.log_eval_metrics] Accuracy(layer_3 - estimator_0 - 12_folds.train_11.predict)=39.45%
[ 2020-05-27 07:09:58,911][kfold_wrapper.log_eval_metrics] Accuracy(layer_3 - estimator_0 - 12_folds.train_cv.predict)=38.06%
[ 2020-05-27 07:09:58,914][kfold_wrapper.log_eval_metrics] Accuracy(layer_3 - estimator_0 - 12_folds.test.predict)=36.99%
[ 2020-05-27 07:09:59,163][kfold_wrapper.log_eval_metrics] Accuracy(layer_3 - estimator_1 - 12_folds.train_0.predict)=38.18%
[ 2020-05-27 07:09:59,511][kfold_wrapper.log_eval_metrics] Accuracy(layer_3 - estimator_1 - 12_folds.train_1.predict)=42.73%
[ 2020-05-27 07:09:59,865][kfold_wrapper.log_eval_metrics] Accuracy(layer_3 - estimator_1 - 12_folds.train_2.predict)=36.36%
[ 2020-05-27 07:10:00,223][kfold_wrapper.log_eval_metrics] Accuracy(layer_3 - estimator_1 - 12_folds.train_3.predict)=33.94%
[ 2020-05-27 07:10:00,580][kfold_wrapper.log_eval_metrics] Accuracy(layer_3 - estimator_1 - 12_folds.train_4.predict)=38.53%
[ 2020-05-27 07:10:00,939][kfold_wrapper.log_eval_metrics] Accuracy(layer_3 - estimator_1 - 12_folds.train_5.predict)=34.86%
[ 2020-05-27 07:10:01,290][kfold_wrapper.log_eval_metrics] Accuracy(layer_3 - estimator_1 - 12_folds.train_6.predict)=36.70%
[ 2020-05-27 07:10:01,650][kfold_wrapper.log_eval_metrics] Accuracy(layer_3 - estimator_1 - 12_folds.train_7.predict)=24.77%
[ 2020-05-27 07:10:02,003][kfold_wrapper.log_eval_metrics] Accuracy(layer_3 - estimator_1 - 12_folds.train_8.predict)=41.28%
[ 2020-05-27 07:10:02,353][kfold_wrapper.log_eval_metrics] Accuracy(layer_3 - estimator_1 - 12_folds.train_9.predict)=34.86%
[ 2020-05-27 07:10:02,711][kfold_wrapper.log_eval_metrics] Accuracy(layer_3 - estimator_1 - 12_folds.train_10.predict)=38.53%
[ 2020-05-27 07:10:03,060][kfold_wrapper.log_eval_metrics] Accuracy(layer_3 - estimator_1 - 12_folds.train_11.predict)=47.71%
[ 2020-05-27 07:10:03,178][kfold_wrapper.log_eval_metrics] Accuracy(layer_3 - estimator_1 - 12_folds.train_cv.predict)=37.38%
[ 2020-05-27 07:10:03,181][kfold_wrapper.log_eval_metrics] Accuracy(layer_3 - estimator_1 - 12_folds.test.predict)=34.25%
[ 2020-05-27 07:10:03,295][kfold_wrapper.log_eval_metrics] Accuracy(layer_3 - estimator_2 - 12_folds.train_0.predict)=40.91%
[ 2020-05-27 07:10:03,360][kfold_wrapper.log_eval_metrics] Accuracy(layer_3 - estimator_2 - 12_folds.train_1.predict)=46.36%
[ 2020-05-27 07:10:03,423][kfold_wrapper.log_eval_metrics] Accuracy(layer_3 - estimator_2 - 12_folds.train_2.predict)=38.18%
[ 2020-05-27 07:10:03,485][kfold_wrapper.log_eval_metrics] Accuracy(layer_3 - estimator_2 - 12_folds.train_3.predict)=43.12%
[ 2020-05-27 07:10:03,548][kfold_wrapper.log_eval_metrics] Accuracy(layer_3 - estimator_2 - 12_folds.train_4.predict)=43.12%
[ 2020-05-27 07:10:03,613][kfold_wrapper.log_eval_metrics] Accuracy(layer_3 - estimator_2 - 12_folds.train_5.predict)=39.45%
[ 2020-05-27 07:10:03,672][kfold_wrapper.log_eval_metrics] Accuracy(layer_3 - estimator_2 - 12_folds.train_6.predict)=40.37%
[ 2020-05-27 07:10:03,737][kfold_wrapper.log_eval_metrics] Accuracy(layer_3 - estimator_2 - 12_folds.train_7.predict)=35.78%
[ 2020-05-27 07:10:03,802][kfold_wrapper.log_eval_metrics] Accuracy(layer_3 - estimator_2 - 12_folds.train_8.predict)=45.87%
[ 2020-05-27 07:10:03,863][kfold_wrapper.log_eval_metrics] Accuracy(layer_3 - estimator_2 - 12_folds.train_9.predict)=42.20%
[ 2020-05-27 07:10:03,924][kfold_wrapper.log_eval_metrics] Accuracy(layer_3 - estimator_2 - 12_folds.train_10.predict)=45.87%
[ 2020-05-27 07:10:03,987][kfold_wrapper.log_eval_metrics] Accuracy(layer_3 - estimator_2 - 12_folds.train_11.predict)=43.12%
[ 2020-05-27 07:10:03,988][kfold_wrapper.log_eval_metrics] Accuracy(layer_3 - estimator_2 - 12_folds.train_cv.predict)=42.03%
[ 2020-05-27 07:10:03,988][kfold_wrapper.log_eval_metrics] Accuracy(layer_3 - estimator_2 - 12_folds.test.predict)=34.93%
[ 2020-05-27 07:10:03,990][cascade_classifier.calc_accuracy] Accuracy(layer_3 - train.classifier_average)=40.81%
[ 2020-05-27 07:10:03,990][cascade_classifier.calc_accuracy] Accuracy(layer_3 - test.classifier_average)=33.56%
[ 2020-05-27 07:10:03,991][cascade_classifier.fit_transform] [layer=4] look_indexs=[0], X_cur_train.shape=(1311, 14), X_cur_test.shape=(146, 14)
[ 2020-05-27 07:10:04,213][kfold_wrapper.log_eval_metrics] Accuracy(layer_4 - estimator_0 - 12_folds.train_0.predict)=34.55%
[ 2020-05-27 07:10:04,567][kfold_wrapper.log_eval_metrics] Accuracy(layer_4 - estimator_0 - 12_folds.train_1.predict)=36.36%
[ 2020-05-27 07:10:04,925][kfold_wrapper.log_eval_metrics] Accuracy(layer_4 - estimator_0 - 12_folds.train_2.predict)=40.00%
[ 2020-05-27 07:10:05,265][kfold_wrapper.log_eval_metrics] Accuracy(layer_4 - estimator_0 - 12_folds.train_3.predict)=32.11%
[ 2020-05-27 07:10:05,622][kfold_wrapper.log_eval_metrics] Accuracy(layer_4 - estimator_0 - 12_folds.train_4.predict)=41.28%
[ 2020-05-27 07:10:05,971][kfold_wrapper.log_eval_metrics] Accuracy(layer_4 - estimator_0 - 12_folds.train_5.predict)=37.61%
[ 2020-05-27 07:10:06,318][kfold_wrapper.log_eval_metrics] Accuracy(layer_4 - estimator_0 - 12_folds.train_6.predict)=27.52%
[ 2020-05-27 07:10:06,674][kfold_wrapper.log_eval_metrics] Accuracy(layer_4 - estimator_0 - 12_folds.train_7.predict)=40.37%
[ 2020-05-27 07:10:07,032][kfold_wrapper.log_eval_metrics] Accuracy(layer_4 - estimator_0 - 12_folds.train_8.predict)=37.61%
[ 2020-05-27 07:10:07,382][kfold_wrapper.log_eval_metrics] Accuracy(layer_4 - estimator_0 - 12_folds.train_9.predict)=38.53%
[ 2020-05-27 07:10:07,735][kfold_wrapper.log_eval_metrics] Accuracy(layer_4 - estimator_0 - 12_folds.train_10.predict)=41.28%
[ 2020-05-27 07:10:08,079][kfold_wrapper.log_eval_metrics] Accuracy(layer_4 - estimator_0 - 12_folds.train_11.predict)=39.45%
[ 2020-05-27 07:10:08,194][kfold_wrapper.log_eval_metrics] Accuracy(layer_4 - estimator_0 - 12_folds.train_cv.predict)=37.22%
[ 2020-05-27 07:10:08,196][kfold_wrapper.log_eval_metrics] Accuracy(layer_4 - estimator_0 - 12_folds.test.predict)=34.93%
[ 2020-05-27 07:10:08,426][kfold_wrapper.log_eval_metrics] Accuracy(layer_4 - estimator_1 - 12_folds.train_0.predict)=39.09%
[ 2020-05-27 07:10:08,768][kfold_wrapper.log_eval_metrics] Accuracy(layer_4 - estimator_1 - 12_folds.train_1.predict)=37.27%
[ 2020-05-27 07:10:09,117][kfold_wrapper.log_eval_metrics] Accuracy(layer_4 - estimator_1 - 12_folds.train_2.predict)=38.18%
[ 2020-05-27 07:10:09,460][kfold_wrapper.log_eval_metrics] Accuracy(layer_4 - estimator_1 - 12_folds.train_3.predict)=40.37%
[ 2020-05-27 07:10:09,809][kfold_wrapper.log_eval_metrics] Accuracy(layer_4 - estimator_1 - 12_folds.train_4.predict)=33.94%
[ 2020-05-27 07:10:10,165][kfold_wrapper.log_eval_metrics] Accuracy(layer_4 - estimator_1 - 12_folds.train_5.predict)=30.28%
[ 2020-05-27 07:10:10,523][kfold_wrapper.log_eval_metrics] Accuracy(layer_4 - estimator_1 - 12_folds.train_6.predict)=41.28%
[ 2020-05-27 07:10:10,881][kfold_wrapper.log_eval_metrics] Accuracy(layer_4 - estimator_1 - 12_folds.train_7.predict)=33.94%
[ 2020-05-27 07:10:11,234][kfold_wrapper.log_eval_metrics] Accuracy(layer_4 - estimator_1 - 12_folds.train_8.predict)=41.28%
[ 2020-05-27 07:10:11,584][kfold_wrapper.log_eval_metrics] Accuracy(layer_4 - estimator_1 - 12_folds.train_9.predict)=50.46%
[ 2020-05-27 07:10:11,928][kfold_wrapper.log_eval_metrics] Accuracy(layer_4 - estimator_1 - 12_folds.train_10.predict)=31.19%
[ 2020-05-27 07:10:12,274][kfold_wrapper.log_eval_metrics] Accuracy(layer_4 - estimator_1 - 12_folds.train_11.predict)=43.12%
[ 2020-05-27 07:10:12,392][kfold_wrapper.log_eval_metrics] Accuracy(layer_4 - estimator_1 - 12_folds.train_cv.predict)=38.37%
[ 2020-05-27 07:10:12,394][kfold_wrapper.log_eval_metrics] Accuracy(layer_4 - estimator_1 - 12_folds.test.predict)=36.99%
[ 2020-05-27 07:10:12,495][kfold_wrapper.log_eval_metrics] Accuracy(layer_4 - estimator_2 - 12_folds.train_0.predict)=38.18%
[ 2020-05-27 07:10:12,574][kfold_wrapper.log_eval_metrics] Accuracy(layer_4 - estimator_2 - 12_folds.train_1.predict)=43.64%
[ 2020-05-27 07:10:12,649][kfold_wrapper.log_eval_metrics] Accuracy(layer_4 - estimator_2 - 12_folds.train_2.predict)=41.82%
[ 2020-05-27 07:10:12,729][kfold_wrapper.log_eval_metrics] Accuracy(layer_4 - estimator_2 - 12_folds.train_3.predict)=40.37%
[ 2020-05-27 07:10:12,806][kfold_wrapper.log_eval_metrics] Accuracy(layer_4 - estimator_2 - 12_folds.train_4.predict)=43.12%
[ 2020-05-27 07:10:12,886][kfold_wrapper.log_eval_metrics] Accuracy(layer_4 - estimator_2 - 12_folds.train_5.predict)=44.04%
[ 2020-05-27 07:10:12,965][kfold_wrapper.log_eval_metrics] Accuracy(layer_4 - estimator_2 - 12_folds.train_6.predict)=40.37%
[ 2020-05-27 07:10:13,039][kfold_wrapper.log_eval_metrics] Accuracy(layer_4 - estimator_2 - 12_folds.train_7.predict)=45.87%
[ 2020-05-27 07:10:13,116][kfold_wrapper.log_eval_metrics] Accuracy(layer_4 - estimator_2 - 12_folds.train_8.predict)=43.12%
[ 2020-05-27 07:10:13,195][kfold_wrapper.log_eval_metrics] Accuracy(layer_4 - estimator_2 - 12_folds.train_9.predict)=41.28%
[ 2020-05-27 07:10:13,271][kfold_wrapper.log_eval_metrics] Accuracy(layer_4 - estimator_2 - 12_folds.train_10.predict)=42.20%
[ 2020-05-27 07:10:13,350][kfold_wrapper.log_eval_metrics] Accuracy(layer_4 - estimator_2 - 12_folds.train_11.predict)=47.71%
[ 2020-05-27 07:10:13,351][kfold_wrapper.log_eval_metrics] Accuracy(layer_4 - estimator_2 - 12_folds.train_cv.predict)=42.64%
[ 2020-05-27 07:10:13,352][kfold_wrapper.log_eval_metrics] Accuracy(layer_4 - estimator_2 - 12_folds.test.predict)=34.93%
[ 2020-05-27 07:10:13,352][cascade_classifier.calc_accuracy] Accuracy(layer_4 - train.classifier_average)=38.90%
[ 2020-05-27 07:10:13,352][cascade_classifier.calc_accuracy] Accuracy(layer_4 - test.classifier_average)=34.93%
[ 2020-05-27 07:10:13,353][cascade_classifier.fit_transform] [layer=5] look_indexs=[0], X_cur_train.shape=(1311, 14), X_cur_test.shape=(146, 14)
[ 2020-05-27 07:10:13,574][kfold_wrapper.log_eval_metrics] Accuracy(layer_5 - estimator_0 - 12_folds.train_0.predict)=33.64%
[ 2020-05-27 07:10:13,916][kfold_wrapper.log_eval_metrics] Accuracy(layer_5 - estimator_0 - 12_folds.train_1.predict)=34.55%
[ 2020-05-27 07:10:14,272][kfold_wrapper.log_eval_metrics] Accuracy(layer_5 - estimator_0 - 12_folds.train_2.predict)=30.00%
[ 2020-05-27 07:10:14,625][kfold_wrapper.log_eval_metrics] Accuracy(layer_5 - estimator_0 - 12_folds.train_3.predict)=33.03%
[ 2020-05-27 07:10:14,982][kfold_wrapper.log_eval_metrics] Accuracy(layer_5 - estimator_0 - 12_folds.train_4.predict)=32.11%
[ 2020-05-27 07:10:15,330][kfold_wrapper.log_eval_metrics] Accuracy(layer_5 - estimator_0 - 12_folds.train_5.predict)=36.70%
[ 2020-05-27 07:10:15,691][kfold_wrapper.log_eval_metrics] Accuracy(layer_5 - estimator_0 - 12_folds.train_6.predict)=33.94%
[ 2020-05-27 07:10:16,038][kfold_wrapper.log_eval_metrics] Accuracy(layer_5 - estimator_0 - 12_folds.train_7.predict)=40.37%
[ 2020-05-27 07:10:16,381][kfold_wrapper.log_eval_metrics] Accuracy(layer_5 - estimator_0 - 12_folds.train_8.predict)=41.28%
[ 2020-05-27 07:10:16,726][kfold_wrapper.log_eval_metrics] Accuracy(layer_5 - estimator_0 - 12_folds.train_9.predict)=37.61%
[ 2020-05-27 07:10:17,078][kfold_wrapper.log_eval_metrics] Accuracy(layer_5 - estimator_0 - 12_folds.train_10.predict)=40.37%
[ 2020-05-27 07:10:17,428][kfold_wrapper.log_eval_metrics] Accuracy(layer_5 - estimator_0 - 12_folds.train_11.predict)=38.53%
[ 2020-05-27 07:10:17,548][kfold_wrapper.log_eval_metrics] Accuracy(layer_5 - estimator_0 - 12_folds.train_cv.predict)=36.00%
[ 2020-05-27 07:10:17,552][kfold_wrapper.log_eval_metrics] Accuracy(layer_5 - estimator_0 - 12_folds.test.predict)=35.62%
[ 2020-05-27 07:10:17,799][kfold_wrapper.log_eval_metrics] Accuracy(layer_5 - estimator_1 - 12_folds.train_0.predict)=33.64%
[ 2020-05-27 07:10:18,158][kfold_wrapper.log_eval_metrics] Accuracy(layer_5 - estimator_1 - 12_folds.train_1.predict)=29.09%
[ 2020-05-27 07:10:18,478][kfold_wrapper.log_eval_metrics] Accuracy(layer_5 - estimator_1 - 12_folds.train_2.predict)=35.45%
[ 2020-05-27 07:10:18,807][kfold_wrapper.log_eval_metrics] Accuracy(layer_5 - estimator_1 - 12_folds.train_3.predict)=33.94%
[ 2020-05-27 07:10:19,162][kfold_wrapper.log_eval_metrics] Accuracy(layer_5 - estimator_1 - 12_folds.train_4.predict)=45.87%
[ 2020-05-27 07:10:19,520][kfold_wrapper.log_eval_metrics] Accuracy(layer_5 - estimator_1 - 12_folds.train_5.predict)=41.28%
[ 2020-05-27 07:10:19,855][kfold_wrapper.log_eval_metrics] Accuracy(layer_5 - estimator_1 - 12_folds.train_6.predict)=31.19%
[ 2020-05-27 07:10:20,207][kfold_wrapper.log_eval_metrics] Accuracy(layer_5 - estimator_1 - 12_folds.train_7.predict)=33.03%
[ 2020-05-27 07:10:20,565][kfold_wrapper.log_eval_metrics] Accuracy(layer_5 - estimator_1 - 12_folds.train_8.predict)=33.94%
[ 2020-05-27 07:10:20,914][kfold_wrapper.log_eval_metrics] Accuracy(layer_5 - estimator_1 - 12_folds.train_9.predict)=40.37%
[ 2020-05-27 07:10:21,260][kfold_wrapper.log_eval_metrics] Accuracy(layer_5 - estimator_1 - 12_folds.train_10.predict)=36.70%
[ 2020-05-27 07:10:21,613][kfold_wrapper.log_eval_metrics] Accuracy(layer_5 - estimator_1 - 12_folds.train_11.predict)=37.61%
[ 2020-05-27 07:10:21,733][kfold_wrapper.log_eval_metrics] Accuracy(layer_5 - estimator_1 - 12_folds.train_cv.predict)=36.00%
[ 2020-05-27 07:10:21,737][kfold_wrapper.log_eval_metrics] Accuracy(layer_5 - estimator_1 - 12_folds.test.predict)=34.25%
[ 2020-05-27 07:10:21,894][kfold_wrapper.log_eval_metrics] Accuracy(layer_5 - estimator_2 - 12_folds.train_0.predict)=36.36%
[ 2020-05-27 07:10:21,989][kfold_wrapper.log_eval_metrics] Accuracy(layer_5 - estimator_2 - 12_folds.train_1.predict)=40.91%
[ 2020-05-27 07:10:22,078][kfold_wrapper.log_eval_metrics] Accuracy(layer_5 - estimator_2 - 12_folds.train_2.predict)=45.45%
[ 2020-05-27 07:10:22,177][kfold_wrapper.log_eval_metrics] Accuracy(layer_5 - estimator_2 - 12_folds.train_3.predict)=44.04%
[ 2020-05-27 07:10:22,272][kfold_wrapper.log_eval_metrics] Accuracy(layer_5 - estimator_2 - 12_folds.train_4.predict)=47.71%
[ 2020-05-27 07:10:22,373][kfold_wrapper.log_eval_metrics] Accuracy(layer_5 - estimator_2 - 12_folds.train_5.predict)=36.70%
[ 2020-05-27 07:10:22,468][kfold_wrapper.log_eval_metrics] Accuracy(layer_5 - estimator_2 - 12_folds.train_6.predict)=41.28%
[ 2020-05-27 07:10:22,568][kfold_wrapper.log_eval_metrics] Accuracy(layer_5 - estimator_2 - 12_folds.train_7.predict)=38.53%
[ 2020-05-27 07:10:22,664][kfold_wrapper.log_eval_metrics] Accuracy(layer_5 - estimator_2 - 12_folds.train_8.predict)=38.53%
[ 2020-05-27 07:10:22,768][kfold_wrapper.log_eval_metrics] Accuracy(layer_5 - estimator_2 - 12_folds.train_9.predict)=44.04%
[ 2020-05-27 07:10:22,855][kfold_wrapper.log_eval_metrics] Accuracy(layer_5 - estimator_2 - 12_folds.train_10.predict)=45.87%
[ 2020-05-27 07:10:22,947][kfold_wrapper.log_eval_metrics] Accuracy(layer_5 - estimator_2 - 12_folds.train_11.predict)=42.20%
[ 2020-05-27 07:10:22,949][kfold_wrapper.log_eval_metrics] Accuracy(layer_5 - estimator_2 - 12_folds.train_cv.predict)=41.80%
[ 2020-05-27 07:10:22,949][kfold_wrapper.log_eval_metrics] Accuracy(layer_5 - estimator_2 - 12_folds.test.predict)=34.93%
[ 2020-05-27 07:10:22,951][cascade_classifier.calc_accuracy] Accuracy(layer_5 - train.classifier_average)=39.05%
[ 2020-05-27 07:10:22,951][cascade_classifier.calc_accuracy] Accuracy(layer_5 - test.classifier_average)=32.19%
[ 2020-05-27 07:10:22,953][cascade_classifier.fit_transform] [Result][Optimal Level Detected] opt_layer_num=2, accuracy_train=41.88%, accuracy_test=39.73%
[ 2020-05-27 07:10:22,990][cascade_classifier.transform] X_groups_test.shape=[(244, 5)]
[ 2020-05-27 07:10:22,991][cascade_classifier.transform] group_dims=[5]
[ 2020-05-27 07:10:22,992][cascade_classifier.transform] X_test.shape=(244, 5)
[ 2020-05-27 07:10:22,993][cascade_classifier.transform] [layer=0] look_indexs=[0], X_cur_test.shape=(244, 5)
[ 2020-05-27 07:10:25,644][cascade_classifier.transform] [layer=1] look_indexs=[0], X_cur_test.shape=(244, 14)
[ 2020-05-27 07:10:28,683][cascade_classifier.fit_transform] X_groups_train.shape=[(1530, 5)],y_train.shape=(1530,),X_groups_test.shape=[(171, 5)],y_test.shape=(171,)
[ 2020-05-27 07:10:28,684][cascade_classifier.fit_transform] group_dims=[5]
[ 2020-05-27 07:10:28,685][cascade_classifier.fit_transform] group_starts=[0]
[ 2020-05-27 07:10:28,685][cascade_classifier.fit_transform] group_ends=[5]
[ 2020-05-27 07:10:28,686][cascade_classifier.fit_transform] X_train.shape=(1530, 5),X_test.shape=(171, 5)
[ 2020-05-27 07:10:28,686][cascade_classifier.fit_transform] [layer=0] look_indexs=[0], X_cur_train.shape=(1530, 5), X_cur_test.shape=(171, 5)
[ 2020-05-27 07:10:28,909][kfold_wrapper.log_eval_metrics] Accuracy(layer_0 - estimator_0 - 12_folds.train_0.predict)=36.72%
[ 2020-05-27 07:10:29,256][kfold_wrapper.log_eval_metrics] Accuracy(layer_0 - estimator_0 - 12_folds.train_1.predict)=32.81%
[ 2020-05-27 07:10:29,606][kfold_wrapper.log_eval_metrics] Accuracy(layer_0 - estimator_0 - 12_folds.train_2.predict)=29.69%
[ 2020-05-27 07:10:29,956][kfold_wrapper.log_eval_metrics] Accuracy(layer_0 - estimator_0 - 12_folds.train_3.predict)=31.25%
[ 2020-05-27 07:10:30,311][kfold_wrapper.log_eval_metrics] Accuracy(layer_0 - estimator_0 - 12_folds.train_4.predict)=34.38%
[ 2020-05-27 07:10:30,654][kfold_wrapper.log_eval_metrics] Accuracy(layer_0 - estimator_0 - 12_folds.train_5.predict)=39.84%
[ 2020-05-27 07:10:30,999][kfold_wrapper.log_eval_metrics] Accuracy(layer_0 - estimator_0 - 12_folds.train_6.predict)=38.58%
[ 2020-05-27 07:10:31,336][kfold_wrapper.log_eval_metrics] Accuracy(layer_0 - estimator_0 - 12_folds.train_7.predict)=27.56%
[ 2020-05-27 07:10:31,690][kfold_wrapper.log_eval_metrics] Accuracy(layer_0 - estimator_0 - 12_folds.train_8.predict)=37.01%
[ 2020-05-27 07:10:32,036][kfold_wrapper.log_eval_metrics] Accuracy(layer_0 - estimator_0 - 12_folds.train_9.predict)=33.07%
[ 2020-05-27 07:10:32,381][kfold_wrapper.log_eval_metrics] Accuracy(layer_0 - estimator_0 - 12_folds.train_10.predict)=31.50%
[ 2020-05-27 07:10:32,728][kfold_wrapper.log_eval_metrics] Accuracy(layer_0 - estimator_0 - 12_folds.train_11.predict)=36.22%
[ 2020-05-27 07:10:32,844][kfold_wrapper.log_eval_metrics] Accuracy(layer_0 - estimator_0 - 12_folds.train_cv.predict)=34.05%
[ 2020-05-27 07:10:32,847][kfold_wrapper.log_eval_metrics] Accuracy(layer_0 - estimator_0 - 12_folds.test.predict)=29.82%
[ 2020-05-27 07:10:33,098][kfold_wrapper.log_eval_metrics] Accuracy(layer_0 - estimator_1 - 12_folds.train_0.predict)=38.28%
[ 2020-05-27 07:10:33,433][kfold_wrapper.log_eval_metrics] Accuracy(layer_0 - estimator_1 - 12_folds.train_1.predict)=39.84%
[ 2020-05-27 07:10:33,760][kfold_wrapper.log_eval_metrics] Accuracy(layer_0 - estimator_1 - 12_folds.train_2.predict)=33.59%
[ 2020-05-27 07:10:34,104][kfold_wrapper.log_eval_metrics] Accuracy(layer_0 - estimator_1 - 12_folds.train_3.predict)=28.91%
[ 2020-05-27 07:10:34,454][kfold_wrapper.log_eval_metrics] Accuracy(layer_0 - estimator_1 - 12_folds.train_4.predict)=28.12%
[ 2020-05-27 07:10:34,809][kfold_wrapper.log_eval_metrics] Accuracy(layer_0 - estimator_1 - 12_folds.train_5.predict)=35.16%
[ 2020-05-27 07:10:35,164][kfold_wrapper.log_eval_metrics] Accuracy(layer_0 - estimator_1 - 12_folds.train_6.predict)=33.86%
[ 2020-05-27 07:10:35,509][kfold_wrapper.log_eval_metrics] Accuracy(layer_0 - estimator_1 - 12_folds.train_7.predict)=33.86%
[ 2020-05-27 07:10:35,861][kfold_wrapper.log_eval_metrics] Accuracy(layer_0 - estimator_1 - 12_folds.train_8.predict)=44.88%
[ 2020-05-27 07:10:36,207][kfold_wrapper.log_eval_metrics] Accuracy(layer_0 - estimator_1 - 12_folds.train_9.predict)=33.86%
[ 2020-05-27 07:10:36,552][kfold_wrapper.log_eval_metrics] Accuracy(layer_0 - estimator_1 - 12_folds.train_10.predict)=32.28%
[ 2020-05-27 07:10:36,909][kfold_wrapper.log_eval_metrics] Accuracy(layer_0 - estimator_1 - 12_folds.train_11.predict)=39.37%
[ 2020-05-27 07:10:37,024][kfold_wrapper.log_eval_metrics] Accuracy(layer_0 - estimator_1 - 12_folds.train_cv.predict)=35.16%
[ 2020-05-27 07:10:37,026][kfold_wrapper.log_eval_metrics] Accuracy(layer_0 - estimator_1 - 12_folds.test.predict)=28.65%
[ 2020-05-27 07:10:37,063][kfold_wrapper.log_eval_metrics] Accuracy(layer_0 - estimator_2 - 12_folds.train_0.predict)=41.41%
[ 2020-05-27 07:10:37,079][kfold_wrapper.log_eval_metrics] Accuracy(layer_0 - estimator_2 - 12_folds.train_1.predict)=39.06%
[ 2020-05-27 07:10:37,094][kfold_wrapper.log_eval_metrics] Accuracy(layer_0 - estimator_2 - 12_folds.train_2.predict)=42.19%
[ 2020-05-27 07:10:37,109][kfold_wrapper.log_eval_metrics] Accuracy(layer_0 - estimator_2 - 12_folds.train_3.predict)=39.06%
[ 2020-05-27 07:10:37,124][kfold_wrapper.log_eval_metrics] Accuracy(layer_0 - estimator_2 - 12_folds.train_4.predict)=43.75%
[ 2020-05-27 07:10:37,141][kfold_wrapper.log_eval_metrics] Accuracy(layer_0 - estimator_2 - 12_folds.train_5.predict)=37.50%
[ 2020-05-27 07:10:37,156][kfold_wrapper.log_eval_metrics] Accuracy(layer_0 - estimator_2 - 12_folds.train_6.predict)=47.24%
[ 2020-05-27 07:10:37,171][kfold_wrapper.log_eval_metrics] Accuracy(layer_0 - estimator_2 - 12_folds.train_7.predict)=40.94%
[ 2020-05-27 07:10:37,187][kfold_wrapper.log_eval_metrics] Accuracy(layer_0 - estimator_2 - 12_folds.train_8.predict)=44.88%
[ 2020-05-27 07:10:37,201][kfold_wrapper.log_eval_metrics] Accuracy(layer_0 - estimator_2 - 12_folds.train_9.predict)=40.16%
[ 2020-05-27 07:10:37,216][kfold_wrapper.log_eval_metrics] Accuracy(layer_0 - estimator_2 - 12_folds.train_10.predict)=34.65%
[ 2020-05-27 07:10:37,231][kfold_wrapper.log_eval_metrics] Accuracy(layer_0 - estimator_2 - 12_folds.train_11.predict)=40.16%
[ 2020-05-27 07:10:37,231][kfold_wrapper.log_eval_metrics] Accuracy(layer_0 - estimator_2 - 12_folds.train_cv.predict)=40.92%
[ 2020-05-27 07:10:37,232][kfold_wrapper.log_eval_metrics] Accuracy(layer_0 - estimator_2 - 12_folds.test.predict)=24.56%
[ 2020-05-27 07:10:37,233][cascade_classifier.calc_accuracy] Accuracy(layer_0 - train.classifier_average)=34.90%
[ 2020-05-27 07:10:37,233][cascade_classifier.calc_accuracy] Accuracy(layer_0 - test.classifier_average)=28.65%
[ 2020-05-27 07:10:37,234][cascade_classifier.fit_transform] [layer=1] look_indexs=[0], X_cur_train.shape=(1530, 14), X_cur_test.shape=(171, 14)
[ 2020-05-27 07:10:37,456][kfold_wrapper.log_eval_metrics] Accuracy(layer_1 - estimator_0 - 12_folds.train_0.predict)=41.41%
[ 2020-05-27 07:10:37,808][kfold_wrapper.log_eval_metrics] Accuracy(layer_1 - estimator_0 - 12_folds.train_1.predict)=40.62%
[ 2020-05-27 07:10:38,159][kfold_wrapper.log_eval_metrics] Accuracy(layer_1 - estimator_0 - 12_folds.train_2.predict)=39.84%
[ 2020-05-27 07:10:38,511][kfold_wrapper.log_eval_metrics] Accuracy(layer_1 - estimator_0 - 12_folds.train_3.predict)=39.06%
[ 2020-05-27 07:10:38,860][kfold_wrapper.log_eval_metrics] Accuracy(layer_1 - estimator_0 - 12_folds.train_4.predict)=35.94%
[ 2020-05-27 07:10:39,204][kfold_wrapper.log_eval_metrics] Accuracy(layer_1 - estimator_0 - 12_folds.train_5.predict)=32.03%
[ 2020-05-27 07:10:39,556][kfold_wrapper.log_eval_metrics] Accuracy(layer_1 - estimator_0 - 12_folds.train_6.predict)=42.52%
[ 2020-05-27 07:10:39,911][kfold_wrapper.log_eval_metrics] Accuracy(layer_1 - estimator_0 - 12_folds.train_7.predict)=37.80%
[ 2020-05-27 07:10:40,257][kfold_wrapper.log_eval_metrics] Accuracy(layer_1 - estimator_0 - 12_folds.train_8.predict)=44.09%
[ 2020-05-27 07:10:40,609][kfold_wrapper.log_eval_metrics] Accuracy(layer_1 - estimator_0 - 12_folds.train_9.predict)=40.94%
[ 2020-05-27 07:10:40,953][kfold_wrapper.log_eval_metrics] Accuracy(layer_1 - estimator_0 - 12_folds.train_10.predict)=41.73%
[ 2020-05-27 07:10:41,302][kfold_wrapper.log_eval_metrics] Accuracy(layer_1 - estimator_0 - 12_folds.train_11.predict)=33.86%
[ 2020-05-27 07:10:41,418][kfold_wrapper.log_eval_metrics] Accuracy(layer_1 - estimator_0 - 12_folds.train_cv.predict)=39.15%
[ 2020-05-27 07:10:41,421][kfold_wrapper.log_eval_metrics] Accuracy(layer_1 - estimator_0 - 12_folds.test.predict)=33.33%
[ 2020-05-27 07:10:41,665][kfold_wrapper.log_eval_metrics] Accuracy(layer_1 - estimator_1 - 12_folds.train_0.predict)=42.97%
[ 2020-05-27 07:10:42,002][kfold_wrapper.log_eval_metrics] Accuracy(layer_1 - estimator_1 - 12_folds.train_1.predict)=35.94%
[ 2020-05-27 07:10:42,360][kfold_wrapper.log_eval_metrics] Accuracy(layer_1 - estimator_1 - 12_folds.train_2.predict)=39.06%
[ 2020-05-27 07:10:42,717][kfold_wrapper.log_eval_metrics] Accuracy(layer_1 - estimator_1 - 12_folds.train_3.predict)=35.94%
[ 2020-05-27 07:10:43,057][kfold_wrapper.log_eval_metrics] Accuracy(layer_1 - estimator_1 - 12_folds.train_4.predict)=38.28%
[ 2020-05-27 07:10:43,402][kfold_wrapper.log_eval_metrics] Accuracy(layer_1 - estimator_1 - 12_folds.train_5.predict)=34.38%
[ 2020-05-27 07:10:43,749][kfold_wrapper.log_eval_metrics] Accuracy(layer_1 - estimator_1 - 12_folds.train_6.predict)=33.07%
[ 2020-05-27 07:10:44,101][kfold_wrapper.log_eval_metrics] Accuracy(layer_1 - estimator_1 - 12_folds.train_7.predict)=40.16%
[ 2020-05-27 07:10:44,443][kfold_wrapper.log_eval_metrics] Accuracy(layer_1 - estimator_1 - 12_folds.train_8.predict)=37.01%
[ 2020-05-27 07:10:44,801][kfold_wrapper.log_eval_metrics] Accuracy(layer_1 - estimator_1 - 12_folds.train_9.predict)=39.37%
[ 2020-05-27 07:10:45,152][kfold_wrapper.log_eval_metrics] Accuracy(layer_1 - estimator_1 - 12_folds.train_10.predict)=42.52%
[ 2020-05-27 07:10:45,494][kfold_wrapper.log_eval_metrics] Accuracy(layer_1 - estimator_1 - 12_folds.train_11.predict)=39.37%
[ 2020-05-27 07:10:45,610][kfold_wrapper.log_eval_metrics] Accuracy(layer_1 - estimator_1 - 12_folds.train_cv.predict)=38.17%
[ 2020-05-27 07:10:45,613][kfold_wrapper.log_eval_metrics] Accuracy(layer_1 - estimator_1 - 12_folds.test.predict)=26.90%
[ 2020-05-27 07:10:45,698][kfold_wrapper.log_eval_metrics] Accuracy(layer_1 - estimator_2 - 12_folds.train_0.predict)=37.50%
[ 2020-05-27 07:10:45,746][kfold_wrapper.log_eval_metrics] Accuracy(layer_1 - estimator_2 - 12_folds.train_1.predict)=39.84%
[ 2020-05-27 07:10:45,792][kfold_wrapper.log_eval_metrics] Accuracy(layer_1 - estimator_2 - 12_folds.train_2.predict)=37.50%
[ 2020-05-27 07:10:45,836][kfold_wrapper.log_eval_metrics] Accuracy(layer_1 - estimator_2 - 12_folds.train_3.predict)=48.44%
[ 2020-05-27 07:10:45,882][kfold_wrapper.log_eval_metrics] Accuracy(layer_1 - estimator_2 - 12_folds.train_4.predict)=46.09%
[ 2020-05-27 07:10:45,932][kfold_wrapper.log_eval_metrics] Accuracy(layer_1 - estimator_2 - 12_folds.train_5.predict)=42.19%
[ 2020-05-27 07:10:45,975][kfold_wrapper.log_eval_metrics] Accuracy(layer_1 - estimator_2 - 12_folds.train_6.predict)=44.09%
[ 2020-05-27 07:10:46,021][kfold_wrapper.log_eval_metrics] Accuracy(layer_1 - estimator_2 - 12_folds.train_7.predict)=36.22%
[ 2020-05-27 07:10:46,065][kfold_wrapper.log_eval_metrics] Accuracy(layer_1 - estimator_2 - 12_folds.train_8.predict)=44.88%
[ 2020-05-27 07:10:46,109][kfold_wrapper.log_eval_metrics] Accuracy(layer_1 - estimator_2 - 12_folds.train_9.predict)=37.80%
[ 2020-05-27 07:10:46,157][kfold_wrapper.log_eval_metrics] Accuracy(layer_1 - estimator_2 - 12_folds.train_10.predict)=37.80%
[ 2020-05-27 07:10:46,203][kfold_wrapper.log_eval_metrics] Accuracy(layer_1 - estimator_2 - 12_folds.train_11.predict)=37.01%
[ 2020-05-27 07:10:46,204][kfold_wrapper.log_eval_metrics] Accuracy(layer_1 - estimator_2 - 12_folds.train_cv.predict)=40.78%
[ 2020-05-27 07:10:46,205][kfold_wrapper.log_eval_metrics] Accuracy(layer_1 - estimator_2 - 12_folds.test.predict)=26.32%
[ 2020-05-27 07:10:46,205][cascade_classifier.calc_accuracy] Accuracy(layer_1 - train.classifier_average)=40.85%
[ 2020-05-27 07:10:46,206][cascade_classifier.calc_accuracy] Accuracy(layer_1 - test.classifier_average)=27.49%
[ 2020-05-27 07:10:46,207][cascade_classifier.fit_transform] [layer=2] look_indexs=[0], X_cur_train.shape=(1530, 14), X_cur_test.shape=(171, 14)
[ 2020-05-27 07:10:46,426][kfold_wrapper.log_eval_metrics] Accuracy(layer_2 - estimator_0 - 12_folds.train_0.predict)=42.19%
[ 2020-05-27 07:10:46,776][kfold_wrapper.log_eval_metrics] Accuracy(layer_2 - estimator_0 - 12_folds.train_1.predict)=46.88%
[ 2020-05-27 07:10:47,116][kfold_wrapper.log_eval_metrics] Accuracy(layer_2 - estimator_0 - 12_folds.train_2.predict)=34.38%
[ 2020-05-27 07:10:47,471][kfold_wrapper.log_eval_metrics] Accuracy(layer_2 - estimator_0 - 12_folds.train_3.predict)=32.03%
[ 2020-05-27 07:10:47,830][kfold_wrapper.log_eval_metrics] Accuracy(layer_2 - estimator_0 - 12_folds.train_4.predict)=38.28%
[ 2020-05-27 07:10:48,182][kfold_wrapper.log_eval_metrics] Accuracy(layer_2 - estimator_0 - 12_folds.train_5.predict)=39.84%
[ 2020-05-27 07:10:48,517][kfold_wrapper.log_eval_metrics] Accuracy(layer_2 - estimator_0 - 12_folds.train_6.predict)=49.61%
[ 2020-05-27 07:10:48,859][kfold_wrapper.log_eval_metrics] Accuracy(layer_2 - estimator_0 - 12_folds.train_7.predict)=40.16%
[ 2020-05-27 07:10:49,214][kfold_wrapper.log_eval_metrics] Accuracy(layer_2 - estimator_0 - 12_folds.train_8.predict)=43.31%
[ 2020-05-27 07:10:49,554][kfold_wrapper.log_eval_metrics] Accuracy(layer_2 - estimator_0 - 12_folds.train_9.predict)=30.71%
[ 2020-05-27 07:10:49,909][kfold_wrapper.log_eval_metrics] Accuracy(layer_2 - estimator_0 - 12_folds.train_10.predict)=36.22%
[ 2020-05-27 07:10:50,260][kfold_wrapper.log_eval_metrics] Accuracy(layer_2 - estimator_0 - 12_folds.train_11.predict)=33.86%
[ 2020-05-27 07:10:50,375][kfold_wrapper.log_eval_metrics] Accuracy(layer_2 - estimator_0 - 12_folds.train_cv.predict)=38.95%
[ 2020-05-27 07:10:50,377][kfold_wrapper.log_eval_metrics] Accuracy(layer_2 - estimator_0 - 12_folds.test.predict)=31.58%
[ 2020-05-27 07:10:50,610][kfold_wrapper.log_eval_metrics] Accuracy(layer_2 - estimator_1 - 12_folds.train_0.predict)=34.38%
[ 2020-05-27 07:10:50,962][kfold_wrapper.log_eval_metrics] Accuracy(layer_2 - estimator_1 - 12_folds.train_1.predict)=39.06%
[ 2020-05-27 07:10:51,308][kfold_wrapper.log_eval_metrics] Accuracy(layer_2 - estimator_1 - 12_folds.train_2.predict)=36.72%
[ 2020-05-27 07:10:51,647][kfold_wrapper.log_eval_metrics] Accuracy(layer_2 - estimator_1 - 12_folds.train_3.predict)=32.03%
[ 2020-05-27 07:10:51,990][kfold_wrapper.log_eval_metrics] Accuracy(layer_2 - estimator_1 - 12_folds.train_4.predict)=43.75%
[ 2020-05-27 07:10:52,333][kfold_wrapper.log_eval_metrics] Accuracy(layer_2 - estimator_1 - 12_folds.train_5.predict)=43.75%
[ 2020-05-27 07:10:52,680][kfold_wrapper.log_eval_metrics] Accuracy(layer_2 - estimator_1 - 12_folds.train_6.predict)=37.80%
[ 2020-05-27 07:10:53,022][kfold_wrapper.log_eval_metrics] Accuracy(layer_2 - estimator_1 - 12_folds.train_7.predict)=40.94%
[ 2020-05-27 07:10:53,344][kfold_wrapper.log_eval_metrics] Accuracy(layer_2 - estimator_1 - 12_folds.train_8.predict)=45.67%
[ 2020-05-27 07:10:53,700][kfold_wrapper.log_eval_metrics] Accuracy(layer_2 - estimator_1 - 12_folds.train_9.predict)=36.22%
[ 2020-05-27 07:10:54,046][kfold_wrapper.log_eval_metrics] Accuracy(layer_2 - estimator_1 - 12_folds.train_10.predict)=51.18%
[ 2020-05-27 07:10:54,398][kfold_wrapper.log_eval_metrics] Accuracy(layer_2 - estimator_1 - 12_folds.train_11.predict)=36.22%
[ 2020-05-27 07:10:54,514][kfold_wrapper.log_eval_metrics] Accuracy(layer_2 - estimator_1 - 12_folds.train_cv.predict)=39.80%
[ 2020-05-27 07:10:54,516][kfold_wrapper.log_eval_metrics] Accuracy(layer_2 - estimator_1 - 12_folds.test.predict)=30.41%
[ 2020-05-27 07:10:54,583][kfold_wrapper.log_eval_metrics] Accuracy(layer_2 - estimator_2 - 12_folds.train_0.predict)=35.16%
[ 2020-05-27 07:10:54,632][kfold_wrapper.log_eval_metrics] Accuracy(layer_2 - estimator_2 - 12_folds.train_1.predict)=44.53%
[ 2020-05-27 07:10:54,678][kfold_wrapper.log_eval_metrics] Accuracy(layer_2 - estimator_2 - 12_folds.train_2.predict)=38.28%
[ 2020-05-27 07:10:54,724][kfold_wrapper.log_eval_metrics] Accuracy(layer_2 - estimator_2 - 12_folds.train_3.predict)=47.66%
[ 2020-05-27 07:10:54,772][kfold_wrapper.log_eval_metrics] Accuracy(layer_2 - estimator_2 - 12_folds.train_4.predict)=35.16%
[ 2020-05-27 07:10:54,821][kfold_wrapper.log_eval_metrics] Accuracy(layer_2 - estimator_2 - 12_folds.train_5.predict)=36.72%
[ 2020-05-27 07:10:54,868][kfold_wrapper.log_eval_metrics] Accuracy(layer_2 - estimator_2 - 12_folds.train_6.predict)=41.73%
[ 2020-05-27 07:10:54,916][kfold_wrapper.log_eval_metrics] Accuracy(layer_2 - estimator_2 - 12_folds.train_7.predict)=43.31%
[ 2020-05-27 07:10:54,965][kfold_wrapper.log_eval_metrics] Accuracy(layer_2 - estimator_2 - 12_folds.train_8.predict)=41.73%
[ 2020-05-27 07:10:55,011][kfold_wrapper.log_eval_metrics] Accuracy(layer_2 - estimator_2 - 12_folds.train_9.predict)=39.37%
[ 2020-05-27 07:10:55,057][kfold_wrapper.log_eval_metrics] Accuracy(layer_2 - estimator_2 - 12_folds.train_10.predict)=35.43%
[ 2020-05-27 07:10:55,105][kfold_wrapper.log_eval_metrics] Accuracy(layer_2 - estimator_2 - 12_folds.train_11.predict)=37.01%
[ 2020-05-27 07:10:55,106][kfold_wrapper.log_eval_metrics] Accuracy(layer_2 - estimator_2 - 12_folds.train_cv.predict)=39.67%
[ 2020-05-27 07:10:55,106][kfold_wrapper.log_eval_metrics] Accuracy(layer_2 - estimator_2 - 12_folds.test.predict)=27.49%
[ 2020-05-27 07:10:55,107][cascade_classifier.calc_accuracy] Accuracy(layer_2 - train.classifier_average)=41.18%
[ 2020-05-27 07:10:55,108][cascade_classifier.calc_accuracy] Accuracy(layer_2 - test.classifier_average)=29.82%
[ 2020-05-27 07:10:55,108][cascade_classifier.fit_transform] [layer=3] look_indexs=[0], X_cur_train.shape=(1530, 14), X_cur_test.shape=(171, 14)
[ 2020-05-27 07:10:55,323][kfold_wrapper.log_eval_metrics] Accuracy(layer_3 - estimator_0 - 12_folds.train_0.predict)=34.38%
[ 2020-05-27 07:10:55,671][kfold_wrapper.log_eval_metrics] Accuracy(layer_3 - estimator_0 - 12_folds.train_1.predict)=42.97%
[ 2020-05-27 07:10:56,022][kfold_wrapper.log_eval_metrics] Accuracy(layer_3 - estimator_0 - 12_folds.train_2.predict)=34.38%
[ 2020-05-27 07:10:56,370][kfold_wrapper.log_eval_metrics] Accuracy(layer_3 - estimator_0 - 12_folds.train_3.predict)=39.84%
[ 2020-05-27 07:10:56,724][kfold_wrapper.log_eval_metrics] Accuracy(layer_3 - estimator_0 - 12_folds.train_4.predict)=37.50%
[ 2020-05-27 07:10:57,079][kfold_wrapper.log_eval_metrics] Accuracy(layer_3 - estimator_0 - 12_folds.train_5.predict)=35.94%
[ 2020-05-27 07:10:57,430][kfold_wrapper.log_eval_metrics] Accuracy(layer_3 - estimator_0 - 12_folds.train_6.predict)=37.01%
[ 2020-05-27 07:10:57,773][kfold_wrapper.log_eval_metrics] Accuracy(layer_3 - estimator_0 - 12_folds.train_7.predict)=40.16%
[ 2020-05-27 07:10:58,124][kfold_wrapper.log_eval_metrics] Accuracy(layer_3 - estimator_0 - 12_folds.train_8.predict)=32.28%
[ 2020-05-27 07:10:58,465][kfold_wrapper.log_eval_metrics] Accuracy(layer_3 - estimator_0 - 12_folds.train_9.predict)=37.01%
[ 2020-05-27 07:10:58,813][kfold_wrapper.log_eval_metrics] Accuracy(layer_3 - estimator_0 - 12_folds.train_10.predict)=41.73%
[ 2020-05-27 07:10:59,166][kfold_wrapper.log_eval_metrics] Accuracy(layer_3 - estimator_0 - 12_folds.train_11.predict)=33.86%
[ 2020-05-27 07:10:59,282][kfold_wrapper.log_eval_metrics] Accuracy(layer_3 - estimator_0 - 12_folds.train_cv.predict)=37.25%
[ 2020-05-27 07:10:59,284][kfold_wrapper.log_eval_metrics] Accuracy(layer_3 - estimator_0 - 12_folds.test.predict)=31.58%
[ 2020-05-27 07:10:59,521][kfold_wrapper.log_eval_metrics] Accuracy(layer_3 - estimator_1 - 12_folds.train_0.predict)=32.81%
[ 2020-05-27 07:10:59,875][kfold_wrapper.log_eval_metrics] Accuracy(layer_3 - estimator_1 - 12_folds.train_1.predict)=40.62%
[ 2020-05-27 07:11:00,213][kfold_wrapper.log_eval_metrics] Accuracy(layer_3 - estimator_1 - 12_folds.train_2.predict)=33.59%
[ 2020-05-27 07:11:00,555][kfold_wrapper.log_eval_metrics] Accuracy(layer_3 - estimator_1 - 12_folds.train_3.predict)=38.28%
[ 2020-05-27 07:11:00,905][kfold_wrapper.log_eval_metrics] Accuracy(layer_3 - estimator_1 - 12_folds.train_4.predict)=40.62%
[ 2020-05-27 07:11:01,239][kfold_wrapper.log_eval_metrics] Accuracy(layer_3 - estimator_1 - 12_folds.train_5.predict)=42.97%
[ 2020-05-27 07:11:01,584][kfold_wrapper.log_eval_metrics] Accuracy(layer_3 - estimator_1 - 12_folds.train_6.predict)=37.01%
[ 2020-05-27 07:11:01,930][kfold_wrapper.log_eval_metrics] Accuracy(layer_3 - estimator_1 - 12_folds.train_7.predict)=35.43%
[ 2020-05-27 07:11:02,287][kfold_wrapper.log_eval_metrics] Accuracy(layer_3 - estimator_1 - 12_folds.train_8.predict)=40.16%
[ 2020-05-27 07:11:02,630][kfold_wrapper.log_eval_metrics] Accuracy(layer_3 - estimator_1 - 12_folds.train_9.predict)=37.01%
[ 2020-05-27 07:11:02,967][kfold_wrapper.log_eval_metrics] Accuracy(layer_3 - estimator_1 - 12_folds.train_10.predict)=35.43%
[ 2020-05-27 07:11:03,323][kfold_wrapper.log_eval_metrics] Accuracy(layer_3 - estimator_1 - 12_folds.train_11.predict)=33.86%
[ 2020-05-27 07:11:03,439][kfold_wrapper.log_eval_metrics] Accuracy(layer_3 - estimator_1 - 12_folds.train_cv.predict)=37.32%
[ 2020-05-27 07:11:03,441][kfold_wrapper.log_eval_metrics] Accuracy(layer_3 - estimator_1 - 12_folds.test.predict)=28.65%
[ 2020-05-27 07:11:03,542][kfold_wrapper.log_eval_metrics] Accuracy(layer_3 - estimator_2 - 12_folds.train_0.predict)=39.84%
[ 2020-05-27 07:11:03,590][kfold_wrapper.log_eval_metrics] Accuracy(layer_3 - estimator_2 - 12_folds.train_1.predict)=47.66%
[ 2020-05-27 07:11:03,639][kfold_wrapper.log_eval_metrics] Accuracy(layer_3 - estimator_2 - 12_folds.train_2.predict)=39.06%
[ 2020-05-27 07:11:03,685][kfold_wrapper.log_eval_metrics] Accuracy(layer_3 - estimator_2 - 12_folds.train_3.predict)=39.84%
[ 2020-05-27 07:11:03,722][kfold_wrapper.log_eval_metrics] Accuracy(layer_3 - estimator_2 - 12_folds.train_4.predict)=46.09%
[ 2020-05-27 07:11:03,768][kfold_wrapper.log_eval_metrics] Accuracy(layer_3 - estimator_2 - 12_folds.train_5.predict)=39.06%
[ 2020-05-27 07:11:03,818][kfold_wrapper.log_eval_metrics] Accuracy(layer_3 - estimator_2 - 12_folds.train_6.predict)=44.88%
[ 2020-05-27 07:11:03,861][kfold_wrapper.log_eval_metrics] Accuracy(layer_3 - estimator_2 - 12_folds.train_7.predict)=40.16%
[ 2020-05-27 07:11:03,906][kfold_wrapper.log_eval_metrics] Accuracy(layer_3 - estimator_2 - 12_folds.train_8.predict)=38.58%
[ 2020-05-27 07:11:03,953][kfold_wrapper.log_eval_metrics] Accuracy(layer_3 - estimator_2 - 12_folds.train_9.predict)=40.16%
[ 2020-05-27 07:11:04,001][kfold_wrapper.log_eval_metrics] Accuracy(layer_3 - estimator_2 - 12_folds.train_10.predict)=43.31%
[ 2020-05-27 07:11:04,048][kfold_wrapper.log_eval_metrics] Accuracy(layer_3 - estimator_2 - 12_folds.train_11.predict)=37.01%
[ 2020-05-27 07:11:04,049][kfold_wrapper.log_eval_metrics] Accuracy(layer_3 - estimator_2 - 12_folds.train_cv.predict)=41.31%
[ 2020-05-27 07:11:04,050][kfold_wrapper.log_eval_metrics] Accuracy(layer_3 - estimator_2 - 12_folds.test.predict)=30.99%
[ 2020-05-27 07:11:04,050][cascade_classifier.calc_accuracy] Accuracy(layer_3 - train.classifier_average)=39.22%
[ 2020-05-27 07:11:04,051][cascade_classifier.calc_accuracy] Accuracy(layer_3 - test.classifier_average)=26.90%
[ 2020-05-27 07:11:04,052][cascade_classifier.fit_transform] [layer=4] look_indexs=[0], X_cur_train.shape=(1530, 14), X_cur_test.shape=(171, 14)
[ 2020-05-27 07:11:04,270][kfold_wrapper.log_eval_metrics] Accuracy(layer_4 - estimator_0 - 12_folds.train_0.predict)=38.28%
[ 2020-05-27 07:11:04,615][kfold_wrapper.log_eval_metrics] Accuracy(layer_4 - estimator_0 - 12_folds.train_1.predict)=42.97%
[ 2020-05-27 07:11:04,967][kfold_wrapper.log_eval_metrics] Accuracy(layer_4 - estimator_0 - 12_folds.train_2.predict)=30.47%
[ 2020-05-27 07:11:05,316][kfold_wrapper.log_eval_metrics] Accuracy(layer_4 - estimator_0 - 12_folds.train_3.predict)=37.50%
[ 2020-05-27 07:11:05,660][kfold_wrapper.log_eval_metrics] Accuracy(layer_4 - estimator_0 - 12_folds.train_4.predict)=46.88%
[ 2020-05-27 07:11:06,010][kfold_wrapper.log_eval_metrics] Accuracy(layer_4 - estimator_0 - 12_folds.train_5.predict)=36.72%
[ 2020-05-27 07:11:06,343][kfold_wrapper.log_eval_metrics] Accuracy(layer_4 - estimator_0 - 12_folds.train_6.predict)=38.58%
[ 2020-05-27 07:11:06,701][kfold_wrapper.log_eval_metrics] Accuracy(layer_4 - estimator_0 - 12_folds.train_7.predict)=44.09%
[ 2020-05-27 07:11:07,039][kfold_wrapper.log_eval_metrics] Accuracy(layer_4 - estimator_0 - 12_folds.train_8.predict)=37.80%
[ 2020-05-27 07:11:07,383][kfold_wrapper.log_eval_metrics] Accuracy(layer_4 - estimator_0 - 12_folds.train_9.predict)=42.52%
[ 2020-05-27 07:11:07,724][kfold_wrapper.log_eval_metrics] Accuracy(layer_4 - estimator_0 - 12_folds.train_10.predict)=28.35%
[ 2020-05-27 07:11:08,069][kfold_wrapper.log_eval_metrics] Accuracy(layer_4 - estimator_0 - 12_folds.train_11.predict)=33.07%
[ 2020-05-27 07:11:08,186][kfold_wrapper.log_eval_metrics] Accuracy(layer_4 - estimator_0 - 12_folds.train_cv.predict)=38.10%
[ 2020-05-27 07:11:08,187][kfold_wrapper.log_eval_metrics] Accuracy(layer_4 - estimator_0 - 12_folds.test.predict)=28.65%
[ 2020-05-27 07:11:08,409][kfold_wrapper.log_eval_metrics] Accuracy(layer_4 - estimator_1 - 12_folds.train_0.predict)=37.50%
[ 2020-05-27 07:11:08,754][kfold_wrapper.log_eval_metrics] Accuracy(layer_4 - estimator_1 - 12_folds.train_1.predict)=39.84%
[ 2020-05-27 07:11:09,097][kfold_wrapper.log_eval_metrics] Accuracy(layer_4 - estimator_1 - 12_folds.train_2.predict)=44.53%
[ 2020-05-27 07:11:09,434][kfold_wrapper.log_eval_metrics] Accuracy(layer_4 - estimator_1 - 12_folds.train_3.predict)=32.81%
[ 2020-05-27 07:11:09,791][kfold_wrapper.log_eval_metrics] Accuracy(layer_4 - estimator_1 - 12_folds.train_4.predict)=31.25%
[ 2020-05-27 07:11:10,148][kfold_wrapper.log_eval_metrics] Accuracy(layer_4 - estimator_1 - 12_folds.train_5.predict)=43.75%
[ 2020-05-27 07:11:10,488][kfold_wrapper.log_eval_metrics] Accuracy(layer_4 - estimator_1 - 12_folds.train_6.predict)=45.67%
[ 2020-05-27 07:11:10,838][kfold_wrapper.log_eval_metrics] Accuracy(layer_4 - estimator_1 - 12_folds.train_7.predict)=40.16%
[ 2020-05-27 07:11:11,184][kfold_wrapper.log_eval_metrics] Accuracy(layer_4 - estimator_1 - 12_folds.train_8.predict)=40.94%
[ 2020-05-27 07:11:11,525][kfold_wrapper.log_eval_metrics] Accuracy(layer_4 - estimator_1 - 12_folds.train_9.predict)=45.67%
[ 2020-05-27 07:11:11,866][kfold_wrapper.log_eval_metrics] Accuracy(layer_4 - estimator_1 - 12_folds.train_10.predict)=33.86%
[ 2020-05-27 07:11:12,216][kfold_wrapper.log_eval_metrics] Accuracy(layer_4 - estimator_1 - 12_folds.train_11.predict)=37.80%
[ 2020-05-27 07:11:12,327][kfold_wrapper.log_eval_metrics] Accuracy(layer_4 - estimator_1 - 12_folds.train_cv.predict)=39.48%
[ 2020-05-27 07:11:12,329][kfold_wrapper.log_eval_metrics] Accuracy(layer_4 - estimator_1 - 12_folds.test.predict)=29.24%
[ 2020-05-27 07:11:12,404][kfold_wrapper.log_eval_metrics] Accuracy(layer_4 - estimator_2 - 12_folds.train_0.predict)=35.94%
[ 2020-05-27 07:11:12,455][kfold_wrapper.log_eval_metrics] Accuracy(layer_4 - estimator_2 - 12_folds.train_1.predict)=32.03%
[ 2020-05-27 07:11:12,503][kfold_wrapper.log_eval_metrics] Accuracy(layer_4 - estimator_2 - 12_folds.train_2.predict)=40.62%
[ 2020-05-27 07:11:12,554][kfold_wrapper.log_eval_metrics] Accuracy(layer_4 - estimator_2 - 12_folds.train_3.predict)=49.22%
[ 2020-05-27 07:11:12,603][kfold_wrapper.log_eval_metrics] Accuracy(layer_4 - estimator_2 - 12_folds.train_4.predict)=40.62%
[ 2020-05-27 07:11:12,653][kfold_wrapper.log_eval_metrics] Accuracy(layer_4 - estimator_2 - 12_folds.train_5.predict)=45.31%
[ 2020-05-27 07:11:12,703][kfold_wrapper.log_eval_metrics] Accuracy(layer_4 - estimator_2 - 12_folds.train_6.predict)=40.16%
[ 2020-05-27 07:11:12,751][kfold_wrapper.log_eval_metrics] Accuracy(layer_4 - estimator_2 - 12_folds.train_7.predict)=41.73%
[ 2020-05-27 07:11:12,799][kfold_wrapper.log_eval_metrics] Accuracy(layer_4 - estimator_2 - 12_folds.train_8.predict)=39.37%
[ 2020-05-27 07:11:12,850][kfold_wrapper.log_eval_metrics] Accuracy(layer_4 - estimator_2 - 12_folds.train_9.predict)=43.31%
[ 2020-05-27 07:11:12,898][kfold_wrapper.log_eval_metrics] Accuracy(layer_4 - estimator_2 - 12_folds.train_10.predict)=45.67%
[ 2020-05-27 07:11:12,946][kfold_wrapper.log_eval_metrics] Accuracy(layer_4 - estimator_2 - 12_folds.train_11.predict)=36.22%
[ 2020-05-27 07:11:12,947][kfold_wrapper.log_eval_metrics] Accuracy(layer_4 - estimator_2 - 12_folds.train_cv.predict)=40.85%
[ 2020-05-27 07:11:12,947][kfold_wrapper.log_eval_metrics] Accuracy(layer_4 - estimator_2 - 12_folds.test.predict)=25.73%
[ 2020-05-27 07:11:12,948][cascade_classifier.calc_accuracy] Accuracy(layer_4 - train.classifier_average)=39.41%
[ 2020-05-27 07:11:12,949][cascade_classifier.calc_accuracy] Accuracy(layer_4 - test.classifier_average)=29.82%
[ 2020-05-27 07:11:12,949][cascade_classifier.fit_transform] [layer=5] look_indexs=[0], X_cur_train.shape=(1530, 14), X_cur_test.shape=(171, 14)
[ 2020-05-27 07:11:13,174][kfold_wrapper.log_eval_metrics] Accuracy(layer_5 - estimator_0 - 12_folds.train_0.predict)=35.16%
[ 2020-05-27 07:11:13,526][kfold_wrapper.log_eval_metrics] Accuracy(layer_5 - estimator_0 - 12_folds.train_1.predict)=37.50%
[ 2020-05-27 07:11:13,878][kfold_wrapper.log_eval_metrics] Accuracy(layer_5 - estimator_0 - 12_folds.train_2.predict)=32.03%
[ 2020-05-27 07:11:14,230][kfold_wrapper.log_eval_metrics] Accuracy(layer_5 - estimator_0 - 12_folds.train_3.predict)=36.72%
[ 2020-05-27 07:11:14,571][kfold_wrapper.log_eval_metrics] Accuracy(layer_5 - estimator_0 - 12_folds.train_4.predict)=46.09%
[ 2020-05-27 07:11:14,906][kfold_wrapper.log_eval_metrics] Accuracy(layer_5 - estimator_0 - 12_folds.train_5.predict)=39.06%
[ 2020-05-27 07:11:15,258][kfold_wrapper.log_eval_metrics] Accuracy(layer_5 - estimator_0 - 12_folds.train_6.predict)=40.16%
[ 2020-05-27 07:11:15,609][kfold_wrapper.log_eval_metrics] Accuracy(layer_5 - estimator_0 - 12_folds.train_7.predict)=37.01%
[ 2020-05-27 07:11:15,948][kfold_wrapper.log_eval_metrics] Accuracy(layer_5 - estimator_0 - 12_folds.train_8.predict)=25.98%
[ 2020-05-27 07:11:16,303][kfold_wrapper.log_eval_metrics] Accuracy(layer_5 - estimator_0 - 12_folds.train_9.predict)=36.22%
[ 2020-05-27 07:11:16,656][kfold_wrapper.log_eval_metrics] Accuracy(layer_5 - estimator_0 - 12_folds.train_10.predict)=38.58%
[ 2020-05-27 07:11:17,012][kfold_wrapper.log_eval_metrics] Accuracy(layer_5 - estimator_0 - 12_folds.train_11.predict)=31.50%
[ 2020-05-27 07:11:17,128][kfold_wrapper.log_eval_metrics] Accuracy(layer_5 - estimator_0 - 12_folds.train_cv.predict)=36.34%
[ 2020-05-27 07:11:17,129][kfold_wrapper.log_eval_metrics] Accuracy(layer_5 - estimator_0 - 12_folds.test.predict)=21.64%
[ 2020-05-27 07:11:17,359][kfold_wrapper.log_eval_metrics] Accuracy(layer_5 - estimator_1 - 12_folds.train_0.predict)=32.81%
[ 2020-05-27 07:11:17,701][kfold_wrapper.log_eval_metrics] Accuracy(layer_5 - estimator_1 - 12_folds.train_1.predict)=32.81%
[ 2020-05-27 07:11:18,058][kfold_wrapper.log_eval_metrics] Accuracy(layer_5 - estimator_1 - 12_folds.train_2.predict)=40.62%
[ 2020-05-27 07:11:18,410][kfold_wrapper.log_eval_metrics] Accuracy(layer_5 - estimator_1 - 12_folds.train_3.predict)=32.03%
[ 2020-05-27 07:11:18,753][kfold_wrapper.log_eval_metrics] Accuracy(layer_5 - estimator_1 - 12_folds.train_4.predict)=42.19%
[ 2020-05-27 07:11:19,106][kfold_wrapper.log_eval_metrics] Accuracy(layer_5 - estimator_1 - 12_folds.train_5.predict)=32.03%
[ 2020-05-27 07:11:19,446][kfold_wrapper.log_eval_metrics] Accuracy(layer_5 - estimator_1 - 12_folds.train_6.predict)=33.07%
[ 2020-05-27 07:11:19,795][kfold_wrapper.log_eval_metrics] Accuracy(layer_5 - estimator_1 - 12_folds.train_7.predict)=38.58%
[ 2020-05-27 07:11:20,141][kfold_wrapper.log_eval_metrics] Accuracy(layer_5 - estimator_1 - 12_folds.train_8.predict)=37.80%
[ 2020-05-27 07:11:20,492][kfold_wrapper.log_eval_metrics] Accuracy(layer_5 - estimator_1 - 12_folds.train_9.predict)=38.58%
[ 2020-05-27 07:11:20,851][kfold_wrapper.log_eval_metrics] Accuracy(layer_5 - estimator_1 - 12_folds.train_10.predict)=39.37%
[ 2020-05-27 07:11:21,203][kfold_wrapper.log_eval_metrics] Accuracy(layer_5 - estimator_1 - 12_folds.train_11.predict)=25.98%
[ 2020-05-27 07:11:21,320][kfold_wrapper.log_eval_metrics] Accuracy(layer_5 - estimator_1 - 12_folds.train_cv.predict)=35.49%
[ 2020-05-27 07:11:21,323][kfold_wrapper.log_eval_metrics] Accuracy(layer_5 - estimator_1 - 12_folds.test.predict)=24.56%
[ 2020-05-27 07:11:21,404][kfold_wrapper.log_eval_metrics] Accuracy(layer_5 - estimator_2 - 12_folds.train_0.predict)=38.28%
[ 2020-05-27 07:11:21,455][kfold_wrapper.log_eval_metrics] Accuracy(layer_5 - estimator_2 - 12_folds.train_1.predict)=42.97%
[ 2020-05-27 07:11:21,502][kfold_wrapper.log_eval_metrics] Accuracy(layer_5 - estimator_2 - 12_folds.train_2.predict)=43.75%
[ 2020-05-27 07:11:21,554][kfold_wrapper.log_eval_metrics] Accuracy(layer_5 - estimator_2 - 12_folds.train_3.predict)=36.72%
[ 2020-05-27 07:11:21,603][kfold_wrapper.log_eval_metrics] Accuracy(layer_5 - estimator_2 - 12_folds.train_4.predict)=36.72%
[ 2020-05-27 07:11:21,646][kfold_wrapper.log_eval_metrics] Accuracy(layer_5 - estimator_2 - 12_folds.train_5.predict)=45.31%
[ 2020-05-27 07:11:21,691][kfold_wrapper.log_eval_metrics] Accuracy(layer_5 - estimator_2 - 12_folds.train_6.predict)=38.58%
[ 2020-05-27 07:11:21,741][kfold_wrapper.log_eval_metrics] Accuracy(layer_5 - estimator_2 - 12_folds.train_7.predict)=44.88%
[ 2020-05-27 07:11:21,789][kfold_wrapper.log_eval_metrics] Accuracy(layer_5 - estimator_2 - 12_folds.train_8.predict)=42.52%
[ 2020-05-27 07:11:21,840][kfold_wrapper.log_eval_metrics] Accuracy(layer_5 - estimator_2 - 12_folds.train_9.predict)=38.58%
[ 2020-05-27 07:11:21,888][kfold_wrapper.log_eval_metrics] Accuracy(layer_5 - estimator_2 - 12_folds.train_10.predict)=41.73%
[ 2020-05-27 07:11:21,938][kfold_wrapper.log_eval_metrics] Accuracy(layer_5 - estimator_2 - 12_folds.train_11.predict)=38.58%
[ 2020-05-27 07:11:21,939][kfold_wrapper.log_eval_metrics] Accuracy(layer_5 - estimator_2 - 12_folds.train_cv.predict)=40.72%
[ 2020-05-27 07:11:21,940][kfold_wrapper.log_eval_metrics] Accuracy(layer_5 - estimator_2 - 12_folds.test.predict)=25.15%
[ 2020-05-27 07:11:21,940][cascade_classifier.calc_accuracy] Accuracy(layer_5 - train.classifier_average)=39.15%
[ 2020-05-27 07:11:21,940][cascade_classifier.calc_accuracy] Accuracy(layer_5 - test.classifier_average)=22.81%
[ 2020-05-27 07:11:21,941][cascade_classifier.fit_transform] [layer=6] look_indexs=[0], X_cur_train.shape=(1530, 14), X_cur_test.shape=(171, 14)
[ 2020-05-27 07:11:22,161][kfold_wrapper.log_eval_metrics] Accuracy(layer_6 - estimator_0 - 12_folds.train_0.predict)=43.75%
[ 2020-05-27 07:11:22,510][kfold_wrapper.log_eval_metrics] Accuracy(layer_6 - estimator_0 - 12_folds.train_1.predict)=25.00%
[ 2020-05-27 07:11:22,867][kfold_wrapper.log_eval_metrics] Accuracy(layer_6 - estimator_0 - 12_folds.train_2.predict)=38.28%
[ 2020-05-27 07:11:23,215][kfold_wrapper.log_eval_metrics] Accuracy(layer_6 - estimator_0 - 12_folds.train_3.predict)=39.84%
[ 2020-05-27 07:11:23,566][kfold_wrapper.log_eval_metrics] Accuracy(layer_6 - estimator_0 - 12_folds.train_4.predict)=28.12%
[ 2020-05-27 07:11:23,922][kfold_wrapper.log_eval_metrics] Accuracy(layer_6 - estimator_0 - 12_folds.train_5.predict)=34.38%
[ 2020-05-27 07:11:24,272][kfold_wrapper.log_eval_metrics] Accuracy(layer_6 - estimator_0 - 12_folds.train_6.predict)=37.01%
[ 2020-05-27 07:11:24,611][kfold_wrapper.log_eval_metrics] Accuracy(layer_6 - estimator_0 - 12_folds.train_7.predict)=40.94%
[ 2020-05-27 07:11:24,969][kfold_wrapper.log_eval_metrics] Accuracy(layer_6 - estimator_0 - 12_folds.train_8.predict)=37.01%
[ 2020-05-27 07:11:25,320][kfold_wrapper.log_eval_metrics] Accuracy(layer_6 - estimator_0 - 12_folds.train_9.predict)=36.22%
[ 2020-05-27 07:11:25,655][kfold_wrapper.log_eval_metrics] Accuracy(layer_6 - estimator_0 - 12_folds.train_10.predict)=34.65%
[ 2020-05-27 07:11:25,993][kfold_wrapper.log_eval_metrics] Accuracy(layer_6 - estimator_0 - 12_folds.train_11.predict)=45.67%
[ 2020-05-27 07:11:26,110][kfold_wrapper.log_eval_metrics] Accuracy(layer_6 - estimator_0 - 12_folds.train_cv.predict)=36.73%
[ 2020-05-27 07:11:26,112][kfold_wrapper.log_eval_metrics] Accuracy(layer_6 - estimator_0 - 12_folds.test.predict)=33.92%
[ 2020-05-27 07:11:26,357][kfold_wrapper.log_eval_metrics] Accuracy(layer_6 - estimator_1 - 12_folds.train_0.predict)=34.38%
[ 2020-05-27 07:11:26,707][kfold_wrapper.log_eval_metrics] Accuracy(layer_6 - estimator_1 - 12_folds.train_1.predict)=41.41%
[ 2020-05-27 07:11:27,047][kfold_wrapper.log_eval_metrics] Accuracy(layer_6 - estimator_1 - 12_folds.train_2.predict)=36.72%
[ 2020-05-27 07:11:27,399][kfold_wrapper.log_eval_metrics] Accuracy(layer_6 - estimator_1 - 12_folds.train_3.predict)=33.59%
[ 2020-05-27 07:11:27,755][kfold_wrapper.log_eval_metrics] Accuracy(layer_6 - estimator_1 - 12_folds.train_4.predict)=36.72%
[ 2020-05-27 07:11:28,111][kfold_wrapper.log_eval_metrics] Accuracy(layer_6 - estimator_1 - 12_folds.train_5.predict)=40.62%
[ 2020-05-27 07:11:28,464][kfold_wrapper.log_eval_metrics] Accuracy(layer_6 - estimator_1 - 12_folds.train_6.predict)=36.22%
[ 2020-05-27 07:11:28,821][kfold_wrapper.log_eval_metrics] Accuracy(layer_6 - estimator_1 - 12_folds.train_7.predict)=36.22%
[ 2020-05-27 07:11:29,177][kfold_wrapper.log_eval_metrics] Accuracy(layer_6 - estimator_1 - 12_folds.train_8.predict)=33.07%
[ 2020-05-27 07:11:29,533][kfold_wrapper.log_eval_metrics] Accuracy(layer_6 - estimator_1 - 12_folds.train_9.predict)=43.31%
[ 2020-05-27 07:11:29,891][kfold_wrapper.log_eval_metrics] Accuracy(layer_6 - estimator_1 - 12_folds.train_10.predict)=34.65%
[ 2020-05-27 07:11:30,235][kfold_wrapper.log_eval_metrics] Accuracy(layer_6 - estimator_1 - 12_folds.train_11.predict)=37.80%
[ 2020-05-27 07:11:30,350][kfold_wrapper.log_eval_metrics] Accuracy(layer_6 - estimator_1 - 12_folds.train_cv.predict)=37.06%
[ 2020-05-27 07:11:30,352][kfold_wrapper.log_eval_metrics] Accuracy(layer_6 - estimator_1 - 12_folds.test.predict)=29.24%
[ 2020-05-27 07:11:30,445][kfold_wrapper.log_eval_metrics] Accuracy(layer_6 - estimator_2 - 12_folds.train_0.predict)=42.97%
[ 2020-05-27 07:11:30,495][kfold_wrapper.log_eval_metrics] Accuracy(layer_6 - estimator_2 - 12_folds.train_1.predict)=44.53%
[ 2020-05-27 07:11:30,547][kfold_wrapper.log_eval_metrics] Accuracy(layer_6 - estimator_2 - 12_folds.train_2.predict)=46.09%
[ 2020-05-27 07:11:30,598][kfold_wrapper.log_eval_metrics] Accuracy(layer_6 - estimator_2 - 12_folds.train_3.predict)=42.97%
[ 2020-05-27 07:11:30,654][kfold_wrapper.log_eval_metrics] Accuracy(layer_6 - estimator_2 - 12_folds.train_4.predict)=38.28%
[ 2020-05-27 07:11:30,708][kfold_wrapper.log_eval_metrics] Accuracy(layer_6 - estimator_2 - 12_folds.train_5.predict)=32.81%
[ 2020-05-27 07:11:30,761][kfold_wrapper.log_eval_metrics] Accuracy(layer_6 - estimator_2 - 12_folds.train_6.predict)=38.58%
[ 2020-05-27 07:11:30,815][kfold_wrapper.log_eval_metrics] Accuracy(layer_6 - estimator_2 - 12_folds.train_7.predict)=37.80%
[ 2020-05-27 07:11:30,867][kfold_wrapper.log_eval_metrics] Accuracy(layer_6 - estimator_2 - 12_folds.train_8.predict)=43.31%
[ 2020-05-27 07:11:30,910][kfold_wrapper.log_eval_metrics] Accuracy(layer_6 - estimator_2 - 12_folds.train_9.predict)=39.37%
[ 2020-05-27 07:11:30,958][kfold_wrapper.log_eval_metrics] Accuracy(layer_6 - estimator_2 - 12_folds.train_10.predict)=41.73%
[ 2020-05-27 07:11:31,011][kfold_wrapper.log_eval_metrics] Accuracy(layer_6 - estimator_2 - 12_folds.train_11.predict)=40.16%
[ 2020-05-27 07:11:31,012][kfold_wrapper.log_eval_metrics] Accuracy(layer_6 - estimator_2 - 12_folds.train_cv.predict)=40.72%
[ 2020-05-27 07:11:31,013][kfold_wrapper.log_eval_metrics] Accuracy(layer_6 - estimator_2 - 12_folds.test.predict)=25.15%
[ 2020-05-27 07:11:31,014][cascade_classifier.calc_accuracy] Accuracy(layer_6 - train.classifier_average)=38.95%
[ 2020-05-27 07:11:31,014][cascade_classifier.calc_accuracy] Accuracy(layer_6 - test.classifier_average)=28.07%
[ 2020-05-27 07:11:31,015][cascade_classifier.fit_transform] [Result][Optimal Level Detected] opt_layer_num=3, accuracy_train=41.18%, accuracy_test=29.82%
[ 2020-05-27 07:11:31,039][cascade_classifier.transform] X_groups_test.shape=[(243, 5)]
[ 2020-05-27 07:11:31,040][cascade_classifier.transform] group_dims=[5]
[ 2020-05-27 07:11:31,041][cascade_classifier.transform] X_test.shape=(243, 5)
[ 2020-05-27 07:11:31,041][cascade_classifier.transform] [layer=0] look_indexs=[0], X_cur_test.shape=(243, 5)
[ 2020-05-27 07:11:33,705][cascade_classifier.transform] [layer=1] look_indexs=[0], X_cur_test.shape=(243, 14)
[ 2020-05-27 07:11:36,384][cascade_classifier.transform] [layer=2] look_indexs=[0], X_cur_test.shape=(243, 14)
[ 2020-05-27 07:11:39,431][cascade_classifier.fit_transform] X_groups_train.shape=[(1749, 5)],y_train.shape=(1749,),X_groups_test.shape=[(195, 5)],y_test.shape=(195,)
[ 2020-05-27 07:11:39,431][cascade_classifier.fit_transform] group_dims=[5]
[ 2020-05-27 07:11:39,432][cascade_classifier.fit_transform] group_starts=[0]
[ 2020-05-27 07:11:39,432][cascade_classifier.fit_transform] group_ends=[5]
[ 2020-05-27 07:11:39,433][cascade_classifier.fit_transform] X_train.shape=(1749, 5),X_test.shape=(195, 5)
[ 2020-05-27 07:11:39,434][cascade_classifier.fit_transform] [layer=0] look_indexs=[0], X_cur_train.shape=(1749, 5), X_cur_test.shape=(195, 5)
[ 2020-05-27 07:11:39,657][kfold_wrapper.log_eval_metrics] Accuracy(layer_0 - estimator_0 - 12_folds.train_0.predict)=39.04%
[ 2020-05-27 07:11:40,008][kfold_wrapper.log_eval_metrics] Accuracy(layer_0 - estimator_0 - 12_folds.train_1.predict)=30.82%
[ 2020-05-27 07:11:40,363][kfold_wrapper.log_eval_metrics] Accuracy(layer_0 - estimator_0 - 12_folds.train_2.predict)=28.08%
[ 2020-05-27 07:11:40,713][kfold_wrapper.log_eval_metrics] Accuracy(layer_0 - estimator_0 - 12_folds.train_3.predict)=37.67%
[ 2020-05-27 07:11:41,062][kfold_wrapper.log_eval_metrics] Accuracy(layer_0 - estimator_0 - 12_folds.train_4.predict)=30.82%
[ 2020-05-27 07:11:41,407][kfold_wrapper.log_eval_metrics] Accuracy(layer_0 - estimator_0 - 12_folds.train_5.predict)=32.19%
[ 2020-05-27 07:11:41,748][kfold_wrapper.log_eval_metrics] Accuracy(layer_0 - estimator_0 - 12_folds.train_6.predict)=30.14%
[ 2020-05-27 07:11:42,096][kfold_wrapper.log_eval_metrics] Accuracy(layer_0 - estimator_0 - 12_folds.train_7.predict)=39.04%
[ 2020-05-27 07:11:42,412][kfold_wrapper.log_eval_metrics] Accuracy(layer_0 - estimator_0 - 12_folds.train_8.predict)=32.88%
[ 2020-05-27 07:11:42,761][kfold_wrapper.log_eval_metrics] Accuracy(layer_0 - estimator_0 - 12_folds.train_9.predict)=28.28%
[ 2020-05-27 07:11:43,116][kfold_wrapper.log_eval_metrics] Accuracy(layer_0 - estimator_0 - 12_folds.train_10.predict)=32.41%
[ 2020-05-27 07:11:43,457][kfold_wrapper.log_eval_metrics] Accuracy(layer_0 - estimator_0 - 12_folds.train_11.predict)=34.48%
[ 2020-05-27 07:11:43,574][kfold_wrapper.log_eval_metrics] Accuracy(layer_0 - estimator_0 - 12_folds.train_cv.predict)=32.99%
[ 2020-05-27 07:11:43,577][kfold_wrapper.log_eval_metrics] Accuracy(layer_0 - estimator_0 - 12_folds.test.predict)=33.33%
[ 2020-05-27 07:11:43,823][kfold_wrapper.log_eval_metrics] Accuracy(layer_0 - estimator_1 - 12_folds.train_0.predict)=31.51%
[ 2020-05-27 07:11:44,169][kfold_wrapper.log_eval_metrics] Accuracy(layer_0 - estimator_1 - 12_folds.train_1.predict)=32.88%
[ 2020-05-27 07:11:44,512][kfold_wrapper.log_eval_metrics] Accuracy(layer_0 - estimator_1 - 12_folds.train_2.predict)=34.93%
[ 2020-05-27 07:11:44,868][kfold_wrapper.log_eval_metrics] Accuracy(layer_0 - estimator_1 - 12_folds.train_3.predict)=33.56%
[ 2020-05-27 07:11:45,227][kfold_wrapper.log_eval_metrics] Accuracy(layer_0 - estimator_1 - 12_folds.train_4.predict)=33.56%
[ 2020-05-27 07:11:45,560][kfold_wrapper.log_eval_metrics] Accuracy(layer_0 - estimator_1 - 12_folds.train_5.predict)=32.19%
[ 2020-05-27 07:11:45,909][kfold_wrapper.log_eval_metrics] Accuracy(layer_0 - estimator_1 - 12_folds.train_6.predict)=35.62%
[ 2020-05-27 07:11:46,254][kfold_wrapper.log_eval_metrics] Accuracy(layer_0 - estimator_1 - 12_folds.train_7.predict)=35.62%
[ 2020-05-27 07:11:46,602][kfold_wrapper.log_eval_metrics] Accuracy(layer_0 - estimator_1 - 12_folds.train_8.predict)=24.66%
[ 2020-05-27 07:11:46,957][kfold_wrapper.log_eval_metrics] Accuracy(layer_0 - estimator_1 - 12_folds.train_9.predict)=36.55%
[ 2020-05-27 07:11:47,308][kfold_wrapper.log_eval_metrics] Accuracy(layer_0 - estimator_1 - 12_folds.train_10.predict)=35.17%
[ 2020-05-27 07:11:47,665][kfold_wrapper.log_eval_metrics] Accuracy(layer_0 - estimator_1 - 12_folds.train_11.predict)=32.41%
[ 2020-05-27 07:11:47,781][kfold_wrapper.log_eval_metrics] Accuracy(layer_0 - estimator_1 - 12_folds.train_cv.predict)=33.22%
[ 2020-05-27 07:11:47,783][kfold_wrapper.log_eval_metrics] Accuracy(layer_0 - estimator_1 - 12_folds.test.predict)=26.67%
[ 2020-05-27 07:11:47,825][kfold_wrapper.log_eval_metrics] Accuracy(layer_0 - estimator_2 - 12_folds.train_0.predict)=39.04%
[ 2020-05-27 07:11:47,844][kfold_wrapper.log_eval_metrics] Accuracy(layer_0 - estimator_2 - 12_folds.train_1.predict)=39.04%
[ 2020-05-27 07:11:47,861][kfold_wrapper.log_eval_metrics] Accuracy(layer_0 - estimator_2 - 12_folds.train_2.predict)=41.10%
[ 2020-05-27 07:11:47,877][kfold_wrapper.log_eval_metrics] Accuracy(layer_0 - estimator_2 - 12_folds.train_3.predict)=39.73%
[ 2020-05-27 07:11:47,893][kfold_wrapper.log_eval_metrics] Accuracy(layer_0 - estimator_2 - 12_folds.train_4.predict)=41.78%
[ 2020-05-27 07:11:47,910][kfold_wrapper.log_eval_metrics] Accuracy(layer_0 - estimator_2 - 12_folds.train_5.predict)=43.15%
[ 2020-05-27 07:11:47,926][kfold_wrapper.log_eval_metrics] Accuracy(layer_0 - estimator_2 - 12_folds.train_6.predict)=34.93%
[ 2020-05-27 07:11:47,941][kfold_wrapper.log_eval_metrics] Accuracy(layer_0 - estimator_2 - 12_folds.train_7.predict)=40.41%
[ 2020-05-27 07:11:47,958][kfold_wrapper.log_eval_metrics] Accuracy(layer_0 - estimator_2 - 12_folds.train_8.predict)=37.67%
[ 2020-05-27 07:11:47,973][kfold_wrapper.log_eval_metrics] Accuracy(layer_0 - estimator_2 - 12_folds.train_9.predict)=44.14%
[ 2020-05-27 07:11:47,990][kfold_wrapper.log_eval_metrics] Accuracy(layer_0 - estimator_2 - 12_folds.train_10.predict)=33.79%
[ 2020-05-27 07:11:48,007][kfold_wrapper.log_eval_metrics] Accuracy(layer_0 - estimator_2 - 12_folds.train_11.predict)=43.45%
[ 2020-05-27 07:11:48,008][kfold_wrapper.log_eval_metrics] Accuracy(layer_0 - estimator_2 - 12_folds.train_cv.predict)=39.85%
[ 2020-05-27 07:11:48,008][kfold_wrapper.log_eval_metrics] Accuracy(layer_0 - estimator_2 - 12_folds.test.predict)=23.08%
[ 2020-05-27 07:11:48,009][cascade_classifier.calc_accuracy] Accuracy(layer_0 - train.classifier_average)=33.73%
[ 2020-05-27 07:11:48,010][cascade_classifier.calc_accuracy] Accuracy(layer_0 - test.classifier_average)=29.74%
[ 2020-05-27 07:11:48,010][cascade_classifier.fit_transform] [layer=1] look_indexs=[0], X_cur_train.shape=(1749, 14), X_cur_test.shape=(195, 14)
[ 2020-05-27 07:11:48,224][kfold_wrapper.log_eval_metrics] Accuracy(layer_1 - estimator_0 - 12_folds.train_0.predict)=41.78%
[ 2020-05-27 07:11:48,576][kfold_wrapper.log_eval_metrics] Accuracy(layer_1 - estimator_0 - 12_folds.train_1.predict)=41.78%
[ 2020-05-27 07:11:48,933][kfold_wrapper.log_eval_metrics] Accuracy(layer_1 - estimator_0 - 12_folds.train_2.predict)=38.36%
[ 2020-05-27 07:11:49,273][kfold_wrapper.log_eval_metrics] Accuracy(layer_1 - estimator_0 - 12_folds.train_3.predict)=35.62%
[ 2020-05-27 07:11:49,624][kfold_wrapper.log_eval_metrics] Accuracy(layer_1 - estimator_0 - 12_folds.train_4.predict)=45.89%
[ 2020-05-27 07:11:49,971][kfold_wrapper.log_eval_metrics] Accuracy(layer_1 - estimator_0 - 12_folds.train_5.predict)=34.93%
[ 2020-05-27 07:11:50,318][kfold_wrapper.log_eval_metrics] Accuracy(layer_1 - estimator_0 - 12_folds.train_6.predict)=32.88%
[ 2020-05-27 07:11:50,673][kfold_wrapper.log_eval_metrics] Accuracy(layer_1 - estimator_0 - 12_folds.train_7.predict)=37.67%
[ 2020-05-27 07:11:51,015][kfold_wrapper.log_eval_metrics] Accuracy(layer_1 - estimator_0 - 12_folds.train_8.predict)=39.73%
[ 2020-05-27 07:11:51,354][kfold_wrapper.log_eval_metrics] Accuracy(layer_1 - estimator_0 - 12_folds.train_9.predict)=36.55%
[ 2020-05-27 07:11:51,693][kfold_wrapper.log_eval_metrics] Accuracy(layer_1 - estimator_0 - 12_folds.train_10.predict)=37.24%
[ 2020-05-27 07:11:52,049][kfold_wrapper.log_eval_metrics] Accuracy(layer_1 - estimator_0 - 12_folds.train_11.predict)=34.48%
[ 2020-05-27 07:11:52,162][kfold_wrapper.log_eval_metrics] Accuracy(layer_1 - estimator_0 - 12_folds.train_cv.predict)=38.08%
[ 2020-05-27 07:11:52,164][kfold_wrapper.log_eval_metrics] Accuracy(layer_1 - estimator_0 - 12_folds.test.predict)=28.21%
[ 2020-05-27 07:11:52,397][kfold_wrapper.log_eval_metrics] Accuracy(layer_1 - estimator_1 - 12_folds.train_0.predict)=43.84%
[ 2020-05-27 07:11:52,753][kfold_wrapper.log_eval_metrics] Accuracy(layer_1 - estimator_1 - 12_folds.train_1.predict)=39.73%
[ 2020-05-27 07:11:53,108][kfold_wrapper.log_eval_metrics] Accuracy(layer_1 - estimator_1 - 12_folds.train_2.predict)=39.73%
[ 2020-05-27 07:11:53,445][kfold_wrapper.log_eval_metrics] Accuracy(layer_1 - estimator_1 - 12_folds.train_3.predict)=41.10%
[ 2020-05-27 07:11:53,787][kfold_wrapper.log_eval_metrics] Accuracy(layer_1 - estimator_1 - 12_folds.train_4.predict)=35.62%
[ 2020-05-27 07:11:54,129][kfold_wrapper.log_eval_metrics] Accuracy(layer_1 - estimator_1 - 12_folds.train_5.predict)=34.25%
[ 2020-05-27 07:11:54,472][kfold_wrapper.log_eval_metrics] Accuracy(layer_1 - estimator_1 - 12_folds.train_6.predict)=39.73%
[ 2020-05-27 07:11:54,821][kfold_wrapper.log_eval_metrics] Accuracy(layer_1 - estimator_1 - 12_folds.train_7.predict)=38.36%
[ 2020-05-27 07:11:55,178][kfold_wrapper.log_eval_metrics] Accuracy(layer_1 - estimator_1 - 12_folds.train_8.predict)=36.30%
[ 2020-05-27 07:11:55,517][kfold_wrapper.log_eval_metrics] Accuracy(layer_1 - estimator_1 - 12_folds.train_9.predict)=37.93%
[ 2020-05-27 07:11:55,865][kfold_wrapper.log_eval_metrics] Accuracy(layer_1 - estimator_1 - 12_folds.train_10.predict)=35.17%
[ 2020-05-27 07:11:56,224][kfold_wrapper.log_eval_metrics] Accuracy(layer_1 - estimator_1 - 12_folds.train_11.predict)=42.76%
[ 2020-05-27 07:11:56,340][kfold_wrapper.log_eval_metrics] Accuracy(layer_1 - estimator_1 - 12_folds.train_cv.predict)=38.71%
[ 2020-05-27 07:11:56,342][kfold_wrapper.log_eval_metrics] Accuracy(layer_1 - estimator_1 - 12_folds.test.predict)=26.15%
[ 2020-05-27 07:11:56,411][kfold_wrapper.log_eval_metrics] Accuracy(layer_1 - estimator_2 - 12_folds.train_0.predict)=37.67%
[ 2020-05-27 07:11:56,457][kfold_wrapper.log_eval_metrics] Accuracy(layer_1 - estimator_2 - 12_folds.train_1.predict)=37.67%
[ 2020-05-27 07:11:56,505][kfold_wrapper.log_eval_metrics] Accuracy(layer_1 - estimator_2 - 12_folds.train_2.predict)=34.93%
[ 2020-05-27 07:11:56,553][kfold_wrapper.log_eval_metrics] Accuracy(layer_1 - estimator_2 - 12_folds.train_3.predict)=36.30%
[ 2020-05-27 07:11:56,597][kfold_wrapper.log_eval_metrics] Accuracy(layer_1 - estimator_2 - 12_folds.train_4.predict)=35.62%
[ 2020-05-27 07:11:56,643][kfold_wrapper.log_eval_metrics] Accuracy(layer_1 - estimator_2 - 12_folds.train_5.predict)=35.62%
[ 2020-05-27 07:11:56,693][kfold_wrapper.log_eval_metrics] Accuracy(layer_1 - estimator_2 - 12_folds.train_6.predict)=43.84%
[ 2020-05-27 07:11:56,741][kfold_wrapper.log_eval_metrics] Accuracy(layer_1 - estimator_2 - 12_folds.train_7.predict)=32.88%
[ 2020-05-27 07:11:56,790][kfold_wrapper.log_eval_metrics] Accuracy(layer_1 - estimator_2 - 12_folds.train_8.predict)=38.36%
[ 2020-05-27 07:11:56,837][kfold_wrapper.log_eval_metrics] Accuracy(layer_1 - estimator_2 - 12_folds.train_9.predict)=40.69%
[ 2020-05-27 07:11:56,886][kfold_wrapper.log_eval_metrics] Accuracy(layer_1 - estimator_2 - 12_folds.train_10.predict)=36.55%
[ 2020-05-27 07:11:56,930][kfold_wrapper.log_eval_metrics] Accuracy(layer_1 - estimator_2 - 12_folds.train_11.predict)=45.52%
[ 2020-05-27 07:11:56,931][kfold_wrapper.log_eval_metrics] Accuracy(layer_1 - estimator_2 - 12_folds.train_cv.predict)=37.96%
[ 2020-05-27 07:11:56,932][kfold_wrapper.log_eval_metrics] Accuracy(layer_1 - estimator_2 - 12_folds.test.predict)=25.64%
[ 2020-05-27 07:11:56,932][cascade_classifier.calc_accuracy] Accuracy(layer_1 - train.classifier_average)=40.99%
[ 2020-05-27 07:11:56,933][cascade_classifier.calc_accuracy] Accuracy(layer_1 - test.classifier_average)=26.15%
[ 2020-05-27 07:11:56,934][cascade_classifier.fit_transform] [layer=2] look_indexs=[0], X_cur_train.shape=(1749, 14), X_cur_test.shape=(195, 14)
[ 2020-05-27 07:11:57,153][kfold_wrapper.log_eval_metrics] Accuracy(layer_2 - estimator_0 - 12_folds.train_0.predict)=39.04%
[ 2020-05-27 07:11:57,499][kfold_wrapper.log_eval_metrics] Accuracy(layer_2 - estimator_0 - 12_folds.train_1.predict)=34.93%
[ 2020-05-27 07:11:57,834][kfold_wrapper.log_eval_metrics] Accuracy(layer_2 - estimator_0 - 12_folds.train_2.predict)=42.47%
[ 2020-05-27 07:11:58,188][kfold_wrapper.log_eval_metrics] Accuracy(layer_2 - estimator_0 - 12_folds.train_3.predict)=32.19%
[ 2020-05-27 07:11:58,543][kfold_wrapper.log_eval_metrics] Accuracy(layer_2 - estimator_0 - 12_folds.train_4.predict)=40.41%
[ 2020-05-27 07:11:58,899][kfold_wrapper.log_eval_metrics] Accuracy(layer_2 - estimator_0 - 12_folds.train_5.predict)=37.67%
[ 2020-05-27 07:11:59,233][kfold_wrapper.log_eval_metrics] Accuracy(layer_2 - estimator_0 - 12_folds.train_6.predict)=39.04%
[ 2020-05-27 07:11:59,591][kfold_wrapper.log_eval_metrics] Accuracy(layer_2 - estimator_0 - 12_folds.train_7.predict)=36.99%
[ 2020-05-27 07:11:59,948][kfold_wrapper.log_eval_metrics] Accuracy(layer_2 - estimator_0 - 12_folds.train_8.predict)=34.25%
[ 2020-05-27 07:12:00,284][kfold_wrapper.log_eval_metrics] Accuracy(layer_2 - estimator_0 - 12_folds.train_9.predict)=39.31%
[ 2020-05-27 07:12:00,641][kfold_wrapper.log_eval_metrics] Accuracy(layer_2 - estimator_0 - 12_folds.train_10.predict)=41.38%
[ 2020-05-27 07:12:00,999][kfold_wrapper.log_eval_metrics] Accuracy(layer_2 - estimator_0 - 12_folds.train_11.predict)=37.24%
[ 2020-05-27 07:12:01,116][kfold_wrapper.log_eval_metrics] Accuracy(layer_2 - estimator_0 - 12_folds.train_cv.predict)=37.91%
[ 2020-05-27 07:12:01,119][kfold_wrapper.log_eval_metrics] Accuracy(layer_2 - estimator_0 - 12_folds.test.predict)=26.15%
[ 2020-05-27 07:12:01,365][kfold_wrapper.log_eval_metrics] Accuracy(layer_2 - estimator_1 - 12_folds.train_0.predict)=33.56%
[ 2020-05-27 07:12:01,721][kfold_wrapper.log_eval_metrics] Accuracy(layer_2 - estimator_1 - 12_folds.train_1.predict)=32.19%
[ 2020-05-27 07:12:02,067][kfold_wrapper.log_eval_metrics] Accuracy(layer_2 - estimator_1 - 12_folds.train_2.predict)=38.36%
[ 2020-05-27 07:12:02,416][kfold_wrapper.log_eval_metrics] Accuracy(layer_2 - estimator_1 - 12_folds.train_3.predict)=32.88%
[ 2020-05-27 07:12:02,760][kfold_wrapper.log_eval_metrics] Accuracy(layer_2 - estimator_1 - 12_folds.train_4.predict)=39.73%
[ 2020-05-27 07:12:03,117][kfold_wrapper.log_eval_metrics] Accuracy(layer_2 - estimator_1 - 12_folds.train_5.predict)=36.30%
[ 2020-05-27 07:12:03,467][kfold_wrapper.log_eval_metrics] Accuracy(layer_2 - estimator_1 - 12_folds.train_6.predict)=35.62%
[ 2020-05-27 07:12:03,818][kfold_wrapper.log_eval_metrics] Accuracy(layer_2 - estimator_1 - 12_folds.train_7.predict)=37.67%
[ 2020-05-27 07:12:04,157][kfold_wrapper.log_eval_metrics] Accuracy(layer_2 - estimator_1 - 12_folds.train_8.predict)=30.82%
[ 2020-05-27 07:12:04,511][kfold_wrapper.log_eval_metrics] Accuracy(layer_2 - estimator_1 - 12_folds.train_9.predict)=42.76%
[ 2020-05-27 07:12:04,857][kfold_wrapper.log_eval_metrics] Accuracy(layer_2 - estimator_1 - 12_folds.train_10.predict)=37.24%
[ 2020-05-27 07:12:05,202][kfold_wrapper.log_eval_metrics] Accuracy(layer_2 - estimator_1 - 12_folds.train_11.predict)=26.90%
[ 2020-05-27 07:12:05,312][kfold_wrapper.log_eval_metrics] Accuracy(layer_2 - estimator_1 - 12_folds.train_cv.predict)=35.33%
[ 2020-05-27 07:12:05,314][kfold_wrapper.log_eval_metrics] Accuracy(layer_2 - estimator_1 - 12_folds.test.predict)=24.62%
[ 2020-05-27 07:12:05,391][kfold_wrapper.log_eval_metrics] Accuracy(layer_2 - estimator_2 - 12_folds.train_0.predict)=39.04%
[ 2020-05-27 07:12:05,442][kfold_wrapper.log_eval_metrics] Accuracy(layer_2 - estimator_2 - 12_folds.train_1.predict)=41.10%
[ 2020-05-27 07:12:05,487][kfold_wrapper.log_eval_metrics] Accuracy(layer_2 - estimator_2 - 12_folds.train_2.predict)=38.36%
[ 2020-05-27 07:12:05,535][kfold_wrapper.log_eval_metrics] Accuracy(layer_2 - estimator_2 - 12_folds.train_3.predict)=34.25%
[ 2020-05-27 07:12:05,579][kfold_wrapper.log_eval_metrics] Accuracy(layer_2 - estimator_2 - 12_folds.train_4.predict)=40.41%
[ 2020-05-27 07:12:05,627][kfold_wrapper.log_eval_metrics] Accuracy(layer_2 - estimator_2 - 12_folds.train_5.predict)=41.78%
[ 2020-05-27 07:12:05,675][kfold_wrapper.log_eval_metrics] Accuracy(layer_2 - estimator_2 - 12_folds.train_6.predict)=39.73%
[ 2020-05-27 07:12:05,723][kfold_wrapper.log_eval_metrics] Accuracy(layer_2 - estimator_2 - 12_folds.train_7.predict)=41.10%
[ 2020-05-27 07:12:05,770][kfold_wrapper.log_eval_metrics] Accuracy(layer_2 - estimator_2 - 12_folds.train_8.predict)=36.30%
[ 2020-05-27 07:12:05,820][kfold_wrapper.log_eval_metrics] Accuracy(layer_2 - estimator_2 - 12_folds.train_9.predict)=48.97%
[ 2020-05-27 07:12:05,863][kfold_wrapper.log_eval_metrics] Accuracy(layer_2 - estimator_2 - 12_folds.train_10.predict)=38.62%
[ 2020-05-27 07:12:05,915][kfold_wrapper.log_eval_metrics] Accuracy(layer_2 - estimator_2 - 12_folds.train_11.predict)=46.90%
[ 2020-05-27 07:12:05,916][kfold_wrapper.log_eval_metrics] Accuracy(layer_2 - estimator_2 - 12_folds.train_cv.predict)=40.54%
[ 2020-05-27 07:12:05,916][kfold_wrapper.log_eval_metrics] Accuracy(layer_2 - estimator_2 - 12_folds.test.predict)=24.10%
[ 2020-05-27 07:12:05,917][cascade_classifier.calc_accuracy] Accuracy(layer_2 - train.classifier_average)=38.65%
[ 2020-05-27 07:12:05,917][cascade_classifier.calc_accuracy] Accuracy(layer_2 - test.classifier_average)=26.15%
[ 2020-05-27 07:12:05,918][cascade_classifier.fit_transform] [layer=3] look_indexs=[0], X_cur_train.shape=(1749, 14), X_cur_test.shape=(195, 14)
[ 2020-05-27 07:12:06,139][kfold_wrapper.log_eval_metrics] Accuracy(layer_3 - estimator_0 - 12_folds.train_0.predict)=34.25%
[ 2020-05-27 07:12:06,456][kfold_wrapper.log_eval_metrics] Accuracy(layer_3 - estimator_0 - 12_folds.train_1.predict)=34.25%
[ 2020-05-27 07:12:06,800][kfold_wrapper.log_eval_metrics] Accuracy(layer_3 - estimator_0 - 12_folds.train_2.predict)=42.47%
[ 2020-05-27 07:12:07,150][kfold_wrapper.log_eval_metrics] Accuracy(layer_3 - estimator_0 - 12_folds.train_3.predict)=41.78%
[ 2020-05-27 07:12:07,486][kfold_wrapper.log_eval_metrics] Accuracy(layer_3 - estimator_0 - 12_folds.train_4.predict)=39.04%
[ 2020-05-27 07:12:07,821][kfold_wrapper.log_eval_metrics] Accuracy(layer_3 - estimator_0 - 12_folds.train_5.predict)=36.99%
[ 2020-05-27 07:12:08,158][kfold_wrapper.log_eval_metrics] Accuracy(layer_3 - estimator_0 - 12_folds.train_6.predict)=42.47%
[ 2020-05-27 07:12:08,496][kfold_wrapper.log_eval_metrics] Accuracy(layer_3 - estimator_0 - 12_folds.train_7.predict)=43.15%
[ 2020-05-27 07:12:08,860][kfold_wrapper.log_eval_metrics] Accuracy(layer_3 - estimator_0 - 12_folds.train_8.predict)=43.15%
[ 2020-05-27 07:12:09,218][kfold_wrapper.log_eval_metrics] Accuracy(layer_3 - estimator_0 - 12_folds.train_9.predict)=35.86%
[ 2020-05-27 07:12:09,562][kfold_wrapper.log_eval_metrics] Accuracy(layer_3 - estimator_0 - 12_folds.train_10.predict)=42.07%
[ 2020-05-27 07:12:09,915][kfold_wrapper.log_eval_metrics] Accuracy(layer_3 - estimator_0 - 12_folds.train_11.predict)=41.38%
[ 2020-05-27 07:12:10,023][kfold_wrapper.log_eval_metrics] Accuracy(layer_3 - estimator_0 - 12_folds.train_cv.predict)=39.74%
[ 2020-05-27 07:12:10,026][kfold_wrapper.log_eval_metrics] Accuracy(layer_3 - estimator_0 - 12_folds.test.predict)=26.67%
[ 2020-05-27 07:12:10,267][kfold_wrapper.log_eval_metrics] Accuracy(layer_3 - estimator_1 - 12_folds.train_0.predict)=35.62%
[ 2020-05-27 07:12:10,612][kfold_wrapper.log_eval_metrics] Accuracy(layer_3 - estimator_1 - 12_folds.train_1.predict)=36.30%
[ 2020-05-27 07:12:10,961][kfold_wrapper.log_eval_metrics] Accuracy(layer_3 - estimator_1 - 12_folds.train_2.predict)=32.88%
[ 2020-05-27 07:12:11,316][kfold_wrapper.log_eval_metrics] Accuracy(layer_3 - estimator_1 - 12_folds.train_3.predict)=45.89%
[ 2020-05-27 07:12:11,673][kfold_wrapper.log_eval_metrics] Accuracy(layer_3 - estimator_1 - 12_folds.train_4.predict)=37.67%
[ 2020-05-27 07:12:12,027][kfold_wrapper.log_eval_metrics] Accuracy(layer_3 - estimator_1 - 12_folds.train_5.predict)=41.10%
[ 2020-05-27 07:12:12,383][kfold_wrapper.log_eval_metrics] Accuracy(layer_3 - estimator_1 - 12_folds.train_6.predict)=40.41%
[ 2020-05-27 07:12:12,732][kfold_wrapper.log_eval_metrics] Accuracy(layer_3 - estimator_1 - 12_folds.train_7.predict)=38.36%
[ 2020-05-27 07:12:13,088][kfold_wrapper.log_eval_metrics] Accuracy(layer_3 - estimator_1 - 12_folds.train_8.predict)=35.62%
[ 2020-05-27 07:12:13,433][kfold_wrapper.log_eval_metrics] Accuracy(layer_3 - estimator_1 - 12_folds.train_9.predict)=32.41%
[ 2020-05-27 07:12:13,782][kfold_wrapper.log_eval_metrics] Accuracy(layer_3 - estimator_1 - 12_folds.train_10.predict)=43.45%
[ 2020-05-27 07:12:14,123][kfold_wrapper.log_eval_metrics] Accuracy(layer_3 - estimator_1 - 12_folds.train_11.predict)=37.24%
[ 2020-05-27 07:12:14,230][kfold_wrapper.log_eval_metrics] Accuracy(layer_3 - estimator_1 - 12_folds.train_cv.predict)=38.08%
[ 2020-05-27 07:12:14,231][kfold_wrapper.log_eval_metrics] Accuracy(layer_3 - estimator_1 - 12_folds.test.predict)=28.21%
[ 2020-05-27 07:12:14,287][kfold_wrapper.log_eval_metrics] Accuracy(layer_3 - estimator_2 - 12_folds.train_0.predict)=45.89%
[ 2020-05-27 07:12:14,334][kfold_wrapper.log_eval_metrics] Accuracy(layer_3 - estimator_2 - 12_folds.train_1.predict)=41.10%
[ 2020-05-27 07:12:14,382][kfold_wrapper.log_eval_metrics] Accuracy(layer_3 - estimator_2 - 12_folds.train_2.predict)=32.88%
[ 2020-05-27 07:12:14,430][kfold_wrapper.log_eval_metrics] Accuracy(layer_3 - estimator_2 - 12_folds.train_3.predict)=41.78%
[ 2020-05-27 07:12:14,481][kfold_wrapper.log_eval_metrics] Accuracy(layer_3 - estimator_2 - 12_folds.train_4.predict)=34.25%
[ 2020-05-27 07:12:14,523][kfold_wrapper.log_eval_metrics] Accuracy(layer_3 - estimator_2 - 12_folds.train_5.predict)=41.10%
[ 2020-05-27 07:12:14,572][kfold_wrapper.log_eval_metrics] Accuracy(layer_3 - estimator_2 - 12_folds.train_6.predict)=47.26%
[ 2020-05-27 07:12:14,618][kfold_wrapper.log_eval_metrics] Accuracy(layer_3 - estimator_2 - 12_folds.train_7.predict)=41.78%
[ 2020-05-27 07:12:14,666][kfold_wrapper.log_eval_metrics] Accuracy(layer_3 - estimator_2 - 12_folds.train_8.predict)=41.10%
[ 2020-05-27 07:12:14,717][kfold_wrapper.log_eval_metrics] Accuracy(layer_3 - estimator_2 - 12_folds.train_9.predict)=36.55%
[ 2020-05-27 07:12:14,769][kfold_wrapper.log_eval_metrics] Accuracy(layer_3 - estimator_2 - 12_folds.train_10.predict)=44.83%
[ 2020-05-27 07:12:14,813][kfold_wrapper.log_eval_metrics] Accuracy(layer_3 - estimator_2 - 12_folds.train_11.predict)=40.00%
[ 2020-05-27 07:12:14,814][kfold_wrapper.log_eval_metrics] Accuracy(layer_3 - estimator_2 - 12_folds.train_cv.predict)=40.71%
[ 2020-05-27 07:12:14,815][kfold_wrapper.log_eval_metrics] Accuracy(layer_3 - estimator_2 - 12_folds.test.predict)=24.10%
[ 2020-05-27 07:12:14,815][cascade_classifier.calc_accuracy] Accuracy(layer_3 - train.classifier_average)=41.17%
[ 2020-05-27 07:12:14,816][cascade_classifier.calc_accuracy] Accuracy(layer_3 - test.classifier_average)=27.18%
[ 2020-05-27 07:12:14,817][cascade_classifier.fit_transform] [layer=4] look_indexs=[0], X_cur_train.shape=(1749, 14), X_cur_test.shape=(195, 14)
[ 2020-05-27 07:12:15,041][kfold_wrapper.log_eval_metrics] Accuracy(layer_4 - estimator_0 - 12_folds.train_0.predict)=34.93%
[ 2020-05-27 07:12:15,383][kfold_wrapper.log_eval_metrics] Accuracy(layer_4 - estimator_0 - 12_folds.train_1.predict)=28.08%
[ 2020-05-27 07:12:15,738][kfold_wrapper.log_eval_metrics] Accuracy(layer_4 - estimator_0 - 12_folds.train_2.predict)=35.62%
[ 2020-05-27 07:12:16,054][kfold_wrapper.log_eval_metrics] Accuracy(layer_4 - estimator_0 - 12_folds.train_3.predict)=45.89%
[ 2020-05-27 07:12:16,370][kfold_wrapper.log_eval_metrics] Accuracy(layer_4 - estimator_0 - 12_folds.train_4.predict)=36.99%
[ 2020-05-27 07:12:16,685][kfold_wrapper.log_eval_metrics] Accuracy(layer_4 - estimator_0 - 12_folds.train_5.predict)=43.15%
[ 2020-05-27 07:12:17,002][kfold_wrapper.log_eval_metrics] Accuracy(layer_4 - estimator_0 - 12_folds.train_6.predict)=39.04%
[ 2020-05-27 07:12:17,318][kfold_wrapper.log_eval_metrics] Accuracy(layer_4 - estimator_0 - 12_folds.train_7.predict)=34.25%
[ 2020-05-27 07:12:17,634][kfold_wrapper.log_eval_metrics] Accuracy(layer_4 - estimator_0 - 12_folds.train_8.predict)=41.10%
[ 2020-05-27 07:12:17,950][kfold_wrapper.log_eval_metrics] Accuracy(layer_4 - estimator_0 - 12_folds.train_9.predict)=39.31%
[ 2020-05-27 07:12:18,266][kfold_wrapper.log_eval_metrics] Accuracy(layer_4 - estimator_0 - 12_folds.train_10.predict)=38.62%
[ 2020-05-27 07:12:18,592][kfold_wrapper.log_eval_metrics] Accuracy(layer_4 - estimator_0 - 12_folds.train_11.predict)=28.97%
[ 2020-05-27 07:12:18,698][kfold_wrapper.log_eval_metrics] Accuracy(layer_4 - estimator_0 - 12_folds.train_cv.predict)=37.16%
[ 2020-05-27 07:12:18,700][kfold_wrapper.log_eval_metrics] Accuracy(layer_4 - estimator_0 - 12_folds.test.predict)=29.23%
[ 2020-05-27 07:12:18,940][kfold_wrapper.log_eval_metrics] Accuracy(layer_4 - estimator_1 - 12_folds.train_0.predict)=48.63%
[ 2020-05-27 07:12:19,256][kfold_wrapper.log_eval_metrics] Accuracy(layer_4 - estimator_1 - 12_folds.train_1.predict)=32.19%
[ 2020-05-27 07:12:19,572][kfold_wrapper.log_eval_metrics] Accuracy(layer_4 - estimator_1 - 12_folds.train_2.predict)=25.34%
[ 2020-05-27 07:12:19,888][kfold_wrapper.log_eval_metrics] Accuracy(layer_4 - estimator_1 - 12_folds.train_3.predict)=36.30%
[ 2020-05-27 07:12:20,203][kfold_wrapper.log_eval_metrics] Accuracy(layer_4 - estimator_1 - 12_folds.train_4.predict)=38.36%
[ 2020-05-27 07:12:20,519][kfold_wrapper.log_eval_metrics] Accuracy(layer_4 - estimator_1 - 12_folds.train_5.predict)=34.25%
[ 2020-05-27 07:12:20,834][kfold_wrapper.log_eval_metrics] Accuracy(layer_4 - estimator_1 - 12_folds.train_6.predict)=38.36%
[ 2020-05-27 07:12:21,149][kfold_wrapper.log_eval_metrics] Accuracy(layer_4 - estimator_1 - 12_folds.train_7.predict)=32.19%
[ 2020-05-27 07:12:21,467][kfold_wrapper.log_eval_metrics] Accuracy(layer_4 - estimator_1 - 12_folds.train_8.predict)=45.21%
[ 2020-05-27 07:12:21,820][kfold_wrapper.log_eval_metrics] Accuracy(layer_4 - estimator_1 - 12_folds.train_9.predict)=32.41%
[ 2020-05-27 07:12:22,175][kfold_wrapper.log_eval_metrics] Accuracy(layer_4 - estimator_1 - 12_folds.train_10.predict)=28.97%
[ 2020-05-27 07:12:22,525][kfold_wrapper.log_eval_metrics] Accuracy(layer_4 - estimator_1 - 12_folds.train_11.predict)=40.00%
[ 2020-05-27 07:12:22,636][kfold_wrapper.log_eval_metrics] Accuracy(layer_4 - estimator_1 - 12_folds.train_cv.predict)=36.02%
[ 2020-05-27 07:12:22,638][kfold_wrapper.log_eval_metrics] Accuracy(layer_4 - estimator_1 - 12_folds.test.predict)=30.26%
[ 2020-05-27 07:12:22,722][kfold_wrapper.log_eval_metrics] Accuracy(layer_4 - estimator_2 - 12_folds.train_0.predict)=38.36%
[ 2020-05-27 07:12:22,771][kfold_wrapper.log_eval_metrics] Accuracy(layer_4 - estimator_2 - 12_folds.train_1.predict)=39.04%
[ 2020-05-27 07:12:22,824][kfold_wrapper.log_eval_metrics] Accuracy(layer_4 - estimator_2 - 12_folds.train_2.predict)=39.04%
[ 2020-05-27 07:12:22,875][kfold_wrapper.log_eval_metrics] Accuracy(layer_4 - estimator_2 - 12_folds.train_3.predict)=46.58%
[ 2020-05-27 07:12:22,925][kfold_wrapper.log_eval_metrics] Accuracy(layer_4 - estimator_2 - 12_folds.train_4.predict)=39.73%
[ 2020-05-27 07:12:22,978][kfold_wrapper.log_eval_metrics] Accuracy(layer_4 - estimator_2 - 12_folds.train_5.predict)=37.67%
[ 2020-05-27 07:12:23,028][kfold_wrapper.log_eval_metrics] Accuracy(layer_4 - estimator_2 - 12_folds.train_6.predict)=43.84%
[ 2020-05-27 07:12:23,076][kfold_wrapper.log_eval_metrics] Accuracy(layer_4 - estimator_2 - 12_folds.train_7.predict)=37.67%
[ 2020-05-27 07:12:23,125][kfold_wrapper.log_eval_metrics] Accuracy(layer_4 - estimator_2 - 12_folds.train_8.predict)=41.10%
[ 2020-05-27 07:12:23,175][kfold_wrapper.log_eval_metrics] Accuracy(layer_4 - estimator_2 - 12_folds.train_9.predict)=46.21%
[ 2020-05-27 07:12:23,225][kfold_wrapper.log_eval_metrics] Accuracy(layer_4 - estimator_2 - 12_folds.train_10.predict)=37.93%
[ 2020-05-27 07:12:23,275][kfold_wrapper.log_eval_metrics] Accuracy(layer_4 - estimator_2 - 12_folds.train_11.predict)=46.90%
[ 2020-05-27 07:12:23,276][kfold_wrapper.log_eval_metrics] Accuracy(layer_4 - estimator_2 - 12_folds.train_cv.predict)=41.17%
[ 2020-05-27 07:12:23,277][kfold_wrapper.log_eval_metrics] Accuracy(layer_4 - estimator_2 - 12_folds.test.predict)=27.18%
[ 2020-05-27 07:12:23,277][cascade_classifier.calc_accuracy] Accuracy(layer_4 - train.classifier_average)=38.31%
[ 2020-05-27 07:12:23,278][cascade_classifier.calc_accuracy] Accuracy(layer_4 - test.classifier_average)=30.26%
[ 2020-05-27 07:12:23,278][cascade_classifier.fit_transform] [layer=5] look_indexs=[0], X_cur_train.shape=(1749, 14), X_cur_test.shape=(195, 14)
[ 2020-05-27 07:12:23,497][kfold_wrapper.log_eval_metrics] Accuracy(layer_5 - estimator_0 - 12_folds.train_0.predict)=31.51%
[ 2020-05-27 07:12:23,836][kfold_wrapper.log_eval_metrics] Accuracy(layer_5 - estimator_0 - 12_folds.train_1.predict)=34.25%
[ 2020-05-27 07:12:24,180][kfold_wrapper.log_eval_metrics] Accuracy(layer_5 - estimator_0 - 12_folds.train_2.predict)=33.56%
[ 2020-05-27 07:12:24,533][kfold_wrapper.log_eval_metrics] Accuracy(layer_5 - estimator_0 - 12_folds.train_3.predict)=36.99%
[ 2020-05-27 07:12:24,880][kfold_wrapper.log_eval_metrics] Accuracy(layer_5 - estimator_0 - 12_folds.train_4.predict)=33.56%
[ 2020-05-27 07:12:25,222][kfold_wrapper.log_eval_metrics] Accuracy(layer_5 - estimator_0 - 12_folds.train_5.predict)=30.14%
[ 2020-05-27 07:12:25,564][kfold_wrapper.log_eval_metrics] Accuracy(layer_5 - estimator_0 - 12_folds.train_6.predict)=33.56%
[ 2020-05-27 07:12:25,911][kfold_wrapper.log_eval_metrics] Accuracy(layer_5 - estimator_0 - 12_folds.train_7.predict)=36.30%
[ 2020-05-27 07:12:26,266][kfold_wrapper.log_eval_metrics] Accuracy(layer_5 - estimator_0 - 12_folds.train_8.predict)=33.56%
[ 2020-05-27 07:12:26,602][kfold_wrapper.log_eval_metrics] Accuracy(layer_5 - estimator_0 - 12_folds.train_9.predict)=30.34%
[ 2020-05-27 07:12:26,950][kfold_wrapper.log_eval_metrics] Accuracy(layer_5 - estimator_0 - 12_folds.train_10.predict)=33.10%
[ 2020-05-27 07:12:27,299][kfold_wrapper.log_eval_metrics] Accuracy(layer_5 - estimator_0 - 12_folds.train_11.predict)=34.48%
[ 2020-05-27 07:12:27,416][kfold_wrapper.log_eval_metrics] Accuracy(layer_5 - estimator_0 - 12_folds.train_cv.predict)=33.45%
[ 2020-05-27 07:12:27,419][kfold_wrapper.log_eval_metrics] Accuracy(layer_5 - estimator_0 - 12_folds.test.predict)=30.77%
[ 2020-05-27 07:12:27,665][kfold_wrapper.log_eval_metrics] Accuracy(layer_5 - estimator_1 - 12_folds.train_0.predict)=36.99%
[ 2020-05-27 07:12:28,018][kfold_wrapper.log_eval_metrics] Accuracy(layer_5 - estimator_1 - 12_folds.train_1.predict)=42.47%
[ 2020-05-27 07:12:28,377][kfold_wrapper.log_eval_metrics] Accuracy(layer_5 - estimator_1 - 12_folds.train_2.predict)=38.36%
[ 2020-05-27 07:12:28,728][kfold_wrapper.log_eval_metrics] Accuracy(layer_5 - estimator_1 - 12_folds.train_3.predict)=34.25%
[ 2020-05-27 07:12:29,081][kfold_wrapper.log_eval_metrics] Accuracy(layer_5 - estimator_1 - 12_folds.train_4.predict)=39.73%
[ 2020-05-27 07:12:29,424][kfold_wrapper.log_eval_metrics] Accuracy(layer_5 - estimator_1 - 12_folds.train_5.predict)=36.99%
[ 2020-05-27 07:12:29,773][kfold_wrapper.log_eval_metrics] Accuracy(layer_5 - estimator_1 - 12_folds.train_6.predict)=38.36%
[ 2020-05-27 07:12:30,125][kfold_wrapper.log_eval_metrics] Accuracy(layer_5 - estimator_1 - 12_folds.train_7.predict)=39.73%
[ 2020-05-27 07:12:30,466][kfold_wrapper.log_eval_metrics] Accuracy(layer_5 - estimator_1 - 12_folds.train_8.predict)=45.89%
[ 2020-05-27 07:12:30,823][kfold_wrapper.log_eval_metrics] Accuracy(layer_5 - estimator_1 - 12_folds.train_9.predict)=40.00%
[ 2020-05-27 07:12:31,174][kfold_wrapper.log_eval_metrics] Accuracy(layer_5 - estimator_1 - 12_folds.train_10.predict)=33.10%
[ 2020-05-27 07:12:31,531][kfold_wrapper.log_eval_metrics] Accuracy(layer_5 - estimator_1 - 12_folds.train_11.predict)=28.28%
[ 2020-05-27 07:12:31,648][kfold_wrapper.log_eval_metrics] Accuracy(layer_5 - estimator_1 - 12_folds.train_cv.predict)=37.85%
[ 2020-05-27 07:12:31,651][kfold_wrapper.log_eval_metrics] Accuracy(layer_5 - estimator_1 - 12_folds.test.predict)=28.21%
[ 2020-05-27 07:12:31,747][kfold_wrapper.log_eval_metrics] Accuracy(layer_5 - estimator_2 - 12_folds.train_0.predict)=41.10%
[ 2020-05-27 07:12:31,799][kfold_wrapper.log_eval_metrics] Accuracy(layer_5 - estimator_2 - 12_folds.train_1.predict)=37.67%
[ 2020-05-27 07:12:31,851][kfold_wrapper.log_eval_metrics] Accuracy(layer_5 - estimator_2 - 12_folds.train_2.predict)=38.36%
[ 2020-05-27 07:12:31,898][kfold_wrapper.log_eval_metrics] Accuracy(layer_5 - estimator_2 - 12_folds.train_3.predict)=36.30%
[ 2020-05-27 07:12:31,944][kfold_wrapper.log_eval_metrics] Accuracy(layer_5 - estimator_2 - 12_folds.train_4.predict)=37.67%
[ 2020-05-27 07:12:31,994][kfold_wrapper.log_eval_metrics] Accuracy(layer_5 - estimator_2 - 12_folds.train_5.predict)=41.78%
[ 2020-05-27 07:12:32,043][kfold_wrapper.log_eval_metrics] Accuracy(layer_5 - estimator_2 - 12_folds.train_6.predict)=43.15%
[ 2020-05-27 07:12:32,092][kfold_wrapper.log_eval_metrics] Accuracy(layer_5 - estimator_2 - 12_folds.train_7.predict)=39.73%
[ 2020-05-27 07:12:32,144][kfold_wrapper.log_eval_metrics] Accuracy(layer_5 - estimator_2 - 12_folds.train_8.predict)=43.84%
[ 2020-05-27 07:12:32,194][kfold_wrapper.log_eval_metrics] Accuracy(layer_5 - estimator_2 - 12_folds.train_9.predict)=35.17%
[ 2020-05-27 07:12:32,242][kfold_wrapper.log_eval_metrics] Accuracy(layer_5 - estimator_2 - 12_folds.train_10.predict)=38.62%
[ 2020-05-27 07:12:32,291][kfold_wrapper.log_eval_metrics] Accuracy(layer_5 - estimator_2 - 12_folds.train_11.predict)=40.00%
[ 2020-05-27 07:12:32,292][kfold_wrapper.log_eval_metrics] Accuracy(layer_5 - estimator_2 - 12_folds.train_cv.predict)=39.45%
[ 2020-05-27 07:12:32,293][kfold_wrapper.log_eval_metrics] Accuracy(layer_5 - estimator_2 - 12_folds.test.predict)=26.67%
[ 2020-05-27 07:12:32,294][cascade_classifier.calc_accuracy] Accuracy(layer_5 - train.classifier_average)=34.65%
[ 2020-05-27 07:12:32,294][cascade_classifier.calc_accuracy] Accuracy(layer_5 - test.classifier_average)=29.74%
[ 2020-05-27 07:12:32,295][cascade_classifier.fit_transform] [layer=6] look_indexs=[0], X_cur_train.shape=(1749, 14), X_cur_test.shape=(195, 14)
[ 2020-05-27 07:12:32,518][kfold_wrapper.log_eval_metrics] Accuracy(layer_6 - estimator_0 - 12_folds.train_0.predict)=33.56%
[ 2020-05-27 07:12:32,858][kfold_wrapper.log_eval_metrics] Accuracy(layer_6 - estimator_0 - 12_folds.train_1.predict)=33.56%
[ 2020-05-27 07:12:33,217][kfold_wrapper.log_eval_metrics] Accuracy(layer_6 - estimator_0 - 12_folds.train_2.predict)=42.47%
[ 2020-05-27 07:12:33,562][kfold_wrapper.log_eval_metrics] Accuracy(layer_6 - estimator_0 - 12_folds.train_3.predict)=41.10%
[ 2020-05-27 07:12:33,911][kfold_wrapper.log_eval_metrics] Accuracy(layer_6 - estimator_0 - 12_folds.train_4.predict)=36.30%
[ 2020-05-27 07:12:34,239][kfold_wrapper.log_eval_metrics] Accuracy(layer_6 - estimator_0 - 12_folds.train_5.predict)=43.84%
[ 2020-05-27 07:12:34,586][kfold_wrapper.log_eval_metrics] Accuracy(layer_6 - estimator_0 - 12_folds.train_6.predict)=34.93%
[ 2020-05-27 07:12:34,935][kfold_wrapper.log_eval_metrics] Accuracy(layer_6 - estimator_0 - 12_folds.train_7.predict)=36.99%
[ 2020-05-27 07:12:35,292][kfold_wrapper.log_eval_metrics] Accuracy(layer_6 - estimator_0 - 12_folds.train_8.predict)=39.73%
[ 2020-05-27 07:12:35,631][kfold_wrapper.log_eval_metrics] Accuracy(layer_6 - estimator_0 - 12_folds.train_9.predict)=40.00%
[ 2020-05-27 07:12:35,980][kfold_wrapper.log_eval_metrics] Accuracy(layer_6 - estimator_0 - 12_folds.train_10.predict)=38.62%
[ 2020-05-27 07:12:36,326][kfold_wrapper.log_eval_metrics] Accuracy(layer_6 - estimator_0 - 12_folds.train_11.predict)=28.97%
[ 2020-05-27 07:12:36,443][kfold_wrapper.log_eval_metrics] Accuracy(layer_6 - estimator_0 - 12_folds.train_cv.predict)=37.51%
[ 2020-05-27 07:12:36,446][kfold_wrapper.log_eval_metrics] Accuracy(layer_6 - estimator_0 - 12_folds.test.predict)=31.28%
[ 2020-05-27 07:12:36,700][kfold_wrapper.log_eval_metrics] Accuracy(layer_6 - estimator_1 - 12_folds.train_0.predict)=34.93%
[ 2020-05-27 07:12:37,056][kfold_wrapper.log_eval_metrics] Accuracy(layer_6 - estimator_1 - 12_folds.train_1.predict)=45.21%
[ 2020-05-27 07:12:37,414][kfold_wrapper.log_eval_metrics] Accuracy(layer_6 - estimator_1 - 12_folds.train_2.predict)=43.84%
[ 2020-05-27 07:12:37,770][kfold_wrapper.log_eval_metrics] Accuracy(layer_6 - estimator_1 - 12_folds.train_3.predict)=37.67%
[ 2020-05-27 07:12:38,122][kfold_wrapper.log_eval_metrics] Accuracy(layer_6 - estimator_1 - 12_folds.train_4.predict)=39.04%
[ 2020-05-27 07:12:38,472][kfold_wrapper.log_eval_metrics] Accuracy(layer_6 - estimator_1 - 12_folds.train_5.predict)=40.41%
[ 2020-05-27 07:12:38,820][kfold_wrapper.log_eval_metrics] Accuracy(layer_6 - estimator_1 - 12_folds.train_6.predict)=41.10%
[ 2020-05-27 07:12:39,174][kfold_wrapper.log_eval_metrics] Accuracy(layer_6 - estimator_1 - 12_folds.train_7.predict)=41.78%
[ 2020-05-27 07:12:39,527][kfold_wrapper.log_eval_metrics] Accuracy(layer_6 - estimator_1 - 12_folds.train_8.predict)=38.36%
[ 2020-05-27 07:12:39,880][kfold_wrapper.log_eval_metrics] Accuracy(layer_6 - estimator_1 - 12_folds.train_9.predict)=41.38%
[ 2020-05-27 07:12:40,223][kfold_wrapper.log_eval_metrics] Accuracy(layer_6 - estimator_1 - 12_folds.train_10.predict)=40.00%
[ 2020-05-27 07:12:40,565][kfold_wrapper.log_eval_metrics] Accuracy(layer_6 - estimator_1 - 12_folds.train_11.predict)=37.93%
[ 2020-05-27 07:12:40,682][kfold_wrapper.log_eval_metrics] Accuracy(layer_6 - estimator_1 - 12_folds.train_cv.predict)=40.14%
[ 2020-05-27 07:12:40,685][kfold_wrapper.log_eval_metrics] Accuracy(layer_6 - estimator_1 - 12_folds.test.predict)=33.33%
[ 2020-05-27 07:12:40,779][kfold_wrapper.log_eval_metrics] Accuracy(layer_6 - estimator_2 - 12_folds.train_0.predict)=41.78%
[ 2020-05-27 07:12:40,829][kfold_wrapper.log_eval_metrics] Accuracy(layer_6 - estimator_2 - 12_folds.train_1.predict)=39.04%
[ 2020-05-27 07:12:40,879][kfold_wrapper.log_eval_metrics] Accuracy(layer_6 - estimator_2 - 12_folds.train_2.predict)=36.99%
[ 2020-05-27 07:12:40,929][kfold_wrapper.log_eval_metrics] Accuracy(layer_6 - estimator_2 - 12_folds.train_3.predict)=42.47%
[ 2020-05-27 07:12:40,979][kfold_wrapper.log_eval_metrics] Accuracy(layer_6 - estimator_2 - 12_folds.train_4.predict)=41.10%
[ 2020-05-27 07:12:41,029][kfold_wrapper.log_eval_metrics] Accuracy(layer_6 - estimator_2 - 12_folds.train_5.predict)=39.73%
[ 2020-05-27 07:12:41,081][kfold_wrapper.log_eval_metrics] Accuracy(layer_6 - estimator_2 - 12_folds.train_6.predict)=39.73%
[ 2020-05-27 07:12:41,124][kfold_wrapper.log_eval_metrics] Accuracy(layer_6 - estimator_2 - 12_folds.train_7.predict)=33.56%
[ 2020-05-27 07:12:41,172][kfold_wrapper.log_eval_metrics] Accuracy(layer_6 - estimator_2 - 12_folds.train_8.predict)=35.62%
[ 2020-05-27 07:12:41,216][kfold_wrapper.log_eval_metrics] Accuracy(layer_6 - estimator_2 - 12_folds.train_9.predict)=33.79%
[ 2020-05-27 07:12:41,266][kfold_wrapper.log_eval_metrics] Accuracy(layer_6 - estimator_2 - 12_folds.train_10.predict)=43.45%
[ 2020-05-27 07:12:41,315][kfold_wrapper.log_eval_metrics] Accuracy(layer_6 - estimator_2 - 12_folds.train_11.predict)=40.69%
[ 2020-05-27 07:12:41,316][kfold_wrapper.log_eval_metrics] Accuracy(layer_6 - estimator_2 - 12_folds.train_cv.predict)=38.99%
[ 2020-05-27 07:12:41,317][kfold_wrapper.log_eval_metrics] Accuracy(layer_6 - estimator_2 - 12_folds.test.predict)=27.18%
[ 2020-05-27 07:12:41,317][cascade_classifier.calc_accuracy] Accuracy(layer_6 - train.classifier_average)=39.97%
[ 2020-05-27 07:12:41,318][cascade_classifier.calc_accuracy] Accuracy(layer_6 - test.classifier_average)=31.79%
[ 2020-05-27 07:12:41,318][cascade_classifier.fit_transform] [layer=7] look_indexs=[0], X_cur_train.shape=(1749, 14), X_cur_test.shape=(195, 14)
[ 2020-05-27 07:12:41,542][kfold_wrapper.log_eval_metrics] Accuracy(layer_7 - estimator_0 - 12_folds.train_0.predict)=38.36%
[ 2020-05-27 07:12:41,884][kfold_wrapper.log_eval_metrics] Accuracy(layer_7 - estimator_0 - 12_folds.train_1.predict)=33.56%
[ 2020-05-27 07:12:42,241][kfold_wrapper.log_eval_metrics] Accuracy(layer_7 - estimator_0 - 12_folds.train_2.predict)=34.93%
[ 2020-05-27 07:12:42,585][kfold_wrapper.log_eval_metrics] Accuracy(layer_7 - estimator_0 - 12_folds.train_3.predict)=39.04%
[ 2020-05-27 07:12:42,933][kfold_wrapper.log_eval_metrics] Accuracy(layer_7 - estimator_0 - 12_folds.train_4.predict)=34.25%
[ 2020-05-27 07:12:43,275][kfold_wrapper.log_eval_metrics] Accuracy(layer_7 - estimator_0 - 12_folds.train_5.predict)=36.30%
[ 2020-05-27 07:12:43,633][kfold_wrapper.log_eval_metrics] Accuracy(layer_7 - estimator_0 - 12_folds.train_6.predict)=33.56%
[ 2020-05-27 07:12:43,982][kfold_wrapper.log_eval_metrics] Accuracy(layer_7 - estimator_0 - 12_folds.train_7.predict)=32.19%
[ 2020-05-27 07:12:44,326][kfold_wrapper.log_eval_metrics] Accuracy(layer_7 - estimator_0 - 12_folds.train_8.predict)=34.93%
[ 2020-05-27 07:12:44,682][kfold_wrapper.log_eval_metrics] Accuracy(layer_7 - estimator_0 - 12_folds.train_9.predict)=29.66%
[ 2020-05-27 07:12:45,036][kfold_wrapper.log_eval_metrics] Accuracy(layer_7 - estimator_0 - 12_folds.train_10.predict)=36.55%
[ 2020-05-27 07:12:45,379][kfold_wrapper.log_eval_metrics] Accuracy(layer_7 - estimator_0 - 12_folds.train_11.predict)=38.62%
[ 2020-05-27 07:12:45,492][kfold_wrapper.log_eval_metrics] Accuracy(layer_7 - estimator_0 - 12_folds.train_cv.predict)=35.16%
[ 2020-05-27 07:12:45,495][kfold_wrapper.log_eval_metrics] Accuracy(layer_7 - estimator_0 - 12_folds.test.predict)=32.82%
[ 2020-05-27 07:12:45,732][kfold_wrapper.log_eval_metrics] Accuracy(layer_7 - estimator_1 - 12_folds.train_0.predict)=42.47%
[ 2020-05-27 07:12:46,062][kfold_wrapper.log_eval_metrics] Accuracy(layer_7 - estimator_1 - 12_folds.train_1.predict)=34.25%
[ 2020-05-27 07:12:46,409][kfold_wrapper.log_eval_metrics] Accuracy(layer_7 - estimator_1 - 12_folds.train_2.predict)=36.30%
[ 2020-05-27 07:12:46,730][kfold_wrapper.log_eval_metrics] Accuracy(layer_7 - estimator_1 - 12_folds.train_3.predict)=35.62%
[ 2020-05-27 07:12:47,045][kfold_wrapper.log_eval_metrics] Accuracy(layer_7 - estimator_1 - 12_folds.train_4.predict)=31.51%
[ 2020-05-27 07:12:47,362][kfold_wrapper.log_eval_metrics] Accuracy(layer_7 - estimator_1 - 12_folds.train_5.predict)=36.30%
[ 2020-05-27 07:12:47,716][kfold_wrapper.log_eval_metrics] Accuracy(layer_7 - estimator_1 - 12_folds.train_6.predict)=37.67%
[ 2020-05-27 07:12:48,057][kfold_wrapper.log_eval_metrics] Accuracy(layer_7 - estimator_1 - 12_folds.train_7.predict)=35.62%
[ 2020-05-27 07:12:48,409][kfold_wrapper.log_eval_metrics] Accuracy(layer_7 - estimator_1 - 12_folds.train_8.predict)=34.93%
[ 2020-05-27 07:12:48,764][kfold_wrapper.log_eval_metrics] Accuracy(layer_7 - estimator_1 - 12_folds.train_9.predict)=38.62%
[ 2020-05-27 07:12:49,104][kfold_wrapper.log_eval_metrics] Accuracy(layer_7 - estimator_1 - 12_folds.train_10.predict)=34.48%
[ 2020-05-27 07:12:49,447][kfold_wrapper.log_eval_metrics] Accuracy(layer_7 - estimator_1 - 12_folds.train_11.predict)=37.24%
[ 2020-05-27 07:12:49,563][kfold_wrapper.log_eval_metrics] Accuracy(layer_7 - estimator_1 - 12_folds.train_cv.predict)=36.25%
[ 2020-05-27 07:12:49,566][kfold_wrapper.log_eval_metrics] Accuracy(layer_7 - estimator_1 - 12_folds.test.predict)=33.33%
[ 2020-05-27 07:12:49,657][kfold_wrapper.log_eval_metrics] Accuracy(layer_7 - estimator_2 - 12_folds.train_0.predict)=41.10%
[ 2020-05-27 07:12:49,709][kfold_wrapper.log_eval_metrics] Accuracy(layer_7 - estimator_2 - 12_folds.train_1.predict)=41.78%
[ 2020-05-27 07:12:49,761][kfold_wrapper.log_eval_metrics] Accuracy(layer_7 - estimator_2 - 12_folds.train_2.predict)=39.04%
[ 2020-05-27 07:12:49,807][kfold_wrapper.log_eval_metrics] Accuracy(layer_7 - estimator_2 - 12_folds.train_3.predict)=40.41%
[ 2020-05-27 07:12:49,858][kfold_wrapper.log_eval_metrics] Accuracy(layer_7 - estimator_2 - 12_folds.train_4.predict)=46.58%
[ 2020-05-27 07:12:49,911][kfold_wrapper.log_eval_metrics] Accuracy(layer_7 - estimator_2 - 12_folds.train_5.predict)=41.78%
[ 2020-05-27 07:12:49,962][kfold_wrapper.log_eval_metrics] Accuracy(layer_7 - estimator_2 - 12_folds.train_6.predict)=33.56%
[ 2020-05-27 07:12:50,015][kfold_wrapper.log_eval_metrics] Accuracy(layer_7 - estimator_2 - 12_folds.train_7.predict)=35.62%
[ 2020-05-27 07:12:50,064][kfold_wrapper.log_eval_metrics] Accuracy(layer_7 - estimator_2 - 12_folds.train_8.predict)=42.47%
[ 2020-05-27 07:12:50,115][kfold_wrapper.log_eval_metrics] Accuracy(layer_7 - estimator_2 - 12_folds.train_9.predict)=40.00%
[ 2020-05-27 07:12:50,162][kfold_wrapper.log_eval_metrics] Accuracy(layer_7 - estimator_2 - 12_folds.train_10.predict)=36.55%
[ 2020-05-27 07:12:50,216][kfold_wrapper.log_eval_metrics] Accuracy(layer_7 - estimator_2 - 12_folds.train_11.predict)=41.38%
[ 2020-05-27 07:12:50,217][kfold_wrapper.log_eval_metrics] Accuracy(layer_7 - estimator_2 - 12_folds.train_cv.predict)=40.02%
[ 2020-05-27 07:12:50,218][kfold_wrapper.log_eval_metrics] Accuracy(layer_7 - estimator_2 - 12_folds.test.predict)=27.69%
[ 2020-05-27 07:12:50,218][cascade_classifier.calc_accuracy] Accuracy(layer_7 - train.classifier_average)=38.14%
[ 2020-05-27 07:12:50,219][cascade_classifier.calc_accuracy] Accuracy(layer_7 - test.classifier_average)=32.31%
[ 2020-05-27 07:12:50,219][cascade_classifier.fit_transform] [Result][Optimal Level Detected] opt_layer_num=4, accuracy_train=41.17%, accuracy_test=27.18%
[ 2020-05-27 07:12:50,248][cascade_classifier.transform] X_groups_test.shape=[(238, 5)]
[ 2020-05-27 07:12:50,248][cascade_classifier.transform] group_dims=[5]
[ 2020-05-27 07:12:50,249][cascade_classifier.transform] X_test.shape=(238, 5)
[ 2020-05-27 07:12:50,249][cascade_classifier.transform] [layer=0] look_indexs=[0], X_cur_test.shape=(238, 5)
[ 2020-05-27 07:12:52,918][cascade_classifier.transform] [layer=1] look_indexs=[0], X_cur_test.shape=(238, 14)
[ 2020-05-27 07:12:55,599][cascade_classifier.transform] [layer=2] look_indexs=[0], X_cur_test.shape=(238, 14)
[ 2020-05-27 07:12:58,262][cascade_classifier.transform] [layer=3] look_indexs=[0], X_cur_test.shape=(238, 14)
[ 2020-05-27 07:13:01,309][cascade_classifier.fit_transform] X_groups_train.shape=[(1963, 5)],y_train.shape=(1963,),X_groups_test.shape=[(219, 5)],y_test.shape=(219,)
[ 2020-05-27 07:13:01,310][cascade_classifier.fit_transform] group_dims=[5]
[ 2020-05-27 07:13:01,311][cascade_classifier.fit_transform] group_starts=[0]
[ 2020-05-27 07:13:01,311][cascade_classifier.fit_transform] group_ends=[5]
[ 2020-05-27 07:13:01,312][cascade_classifier.fit_transform] X_train.shape=(1963, 5),X_test.shape=(219, 5)
[ 2020-05-27 07:13:01,313][cascade_classifier.fit_transform] [layer=0] look_indexs=[0], X_cur_train.shape=(1963, 5), X_cur_test.shape=(219, 5)
[ 2020-05-27 07:13:01,535][kfold_wrapper.log_eval_metrics] Accuracy(layer_0 - estimator_0 - 12_folds.train_0.predict)=31.10%
[ 2020-05-27 07:13:01,886][kfold_wrapper.log_eval_metrics] Accuracy(layer_0 - estimator_0 - 12_folds.train_1.predict)=32.32%
[ 2020-05-27 07:13:02,223][kfold_wrapper.log_eval_metrics] Accuracy(layer_0 - estimator_0 - 12_folds.train_2.predict)=35.37%
[ 2020-05-27 07:13:02,553][kfold_wrapper.log_eval_metrics] Accuracy(layer_0 - estimator_0 - 12_folds.train_3.predict)=32.32%
[ 2020-05-27 07:13:02,867][kfold_wrapper.log_eval_metrics] Accuracy(layer_0 - estimator_0 - 12_folds.train_4.predict)=28.66%
[ 2020-05-27 07:13:03,195][kfold_wrapper.log_eval_metrics] Accuracy(layer_0 - estimator_0 - 12_folds.train_5.predict)=32.93%
[ 2020-05-27 07:13:03,512][kfold_wrapper.log_eval_metrics] Accuracy(layer_0 - estimator_0 - 12_folds.train_6.predict)=32.93%
[ 2020-05-27 07:13:03,831][kfold_wrapper.log_eval_metrics] Accuracy(layer_0 - estimator_0 - 12_folds.train_7.predict)=36.20%
[ 2020-05-27 07:13:04,150][kfold_wrapper.log_eval_metrics] Accuracy(layer_0 - estimator_0 - 12_folds.train_8.predict)=31.90%
[ 2020-05-27 07:13:04,481][kfold_wrapper.log_eval_metrics] Accuracy(layer_0 - estimator_0 - 12_folds.train_9.predict)=31.29%
[ 2020-05-27 07:13:04,821][kfold_wrapper.log_eval_metrics] Accuracy(layer_0 - estimator_0 - 12_folds.train_10.predict)=32.52%
[ 2020-05-27 07:13:05,161][kfold_wrapper.log_eval_metrics] Accuracy(layer_0 - estimator_0 - 12_folds.train_11.predict)=33.74%
[ 2020-05-27 07:13:05,268][kfold_wrapper.log_eval_metrics] Accuracy(layer_0 - estimator_0 - 12_folds.train_cv.predict)=32.60%
[ 2020-05-27 07:13:05,271][kfold_wrapper.log_eval_metrics] Accuracy(layer_0 - estimator_0 - 12_folds.test.predict)=31.96%
[ 2020-05-27 07:13:05,513][kfold_wrapper.log_eval_metrics] Accuracy(layer_0 - estimator_1 - 12_folds.train_0.predict)=31.10%
[ 2020-05-27 07:13:05,868][kfold_wrapper.log_eval_metrics] Accuracy(layer_0 - estimator_1 - 12_folds.train_1.predict)=31.10%
[ 2020-05-27 07:13:06,215][kfold_wrapper.log_eval_metrics] Accuracy(layer_0 - estimator_1 - 12_folds.train_2.predict)=38.41%
[ 2020-05-27 07:13:06,566][kfold_wrapper.log_eval_metrics] Accuracy(layer_0 - estimator_1 - 12_folds.train_3.predict)=34.15%
[ 2020-05-27 07:13:06,901][kfold_wrapper.log_eval_metrics] Accuracy(layer_0 - estimator_1 - 12_folds.train_4.predict)=37.80%
[ 2020-05-27 07:13:07,238][kfold_wrapper.log_eval_metrics] Accuracy(layer_0 - estimator_1 - 12_folds.train_5.predict)=31.71%
[ 2020-05-27 07:13:07,580][kfold_wrapper.log_eval_metrics] Accuracy(layer_0 - estimator_1 - 12_folds.train_6.predict)=33.54%
[ 2020-05-27 07:13:07,930][kfold_wrapper.log_eval_metrics] Accuracy(layer_0 - estimator_1 - 12_folds.train_7.predict)=31.29%
[ 2020-05-27 07:13:08,285][kfold_wrapper.log_eval_metrics] Accuracy(layer_0 - estimator_1 - 12_folds.train_8.predict)=35.58%
[ 2020-05-27 07:13:08,638][kfold_wrapper.log_eval_metrics] Accuracy(layer_0 - estimator_1 - 12_folds.train_9.predict)=30.67%
[ 2020-05-27 07:13:08,973][kfold_wrapper.log_eval_metrics] Accuracy(layer_0 - estimator_1 - 12_folds.train_10.predict)=37.42%
[ 2020-05-27 07:13:09,325][kfold_wrapper.log_eval_metrics] Accuracy(layer_0 - estimator_1 - 12_folds.train_11.predict)=30.67%
[ 2020-05-27 07:13:09,442][kfold_wrapper.log_eval_metrics] Accuracy(layer_0 - estimator_1 - 12_folds.train_cv.predict)=33.62%
[ 2020-05-27 07:13:09,445][kfold_wrapper.log_eval_metrics] Accuracy(layer_0 - estimator_1 - 12_folds.test.predict)=32.88%
[ 2020-05-27 07:13:09,507][kfold_wrapper.log_eval_metrics] Accuracy(layer_0 - estimator_2 - 12_folds.train_0.predict)=40.85%
[ 2020-05-27 07:13:09,532][kfold_wrapper.log_eval_metrics] Accuracy(layer_0 - estimator_2 - 12_folds.train_1.predict)=29.88%
[ 2020-05-27 07:13:09,552][kfold_wrapper.log_eval_metrics] Accuracy(layer_0 - estimator_2 - 12_folds.train_2.predict)=35.37%
[ 2020-05-27 07:13:09,574][kfold_wrapper.log_eval_metrics] Accuracy(layer_0 - estimator_2 - 12_folds.train_3.predict)=39.02%
[ 2020-05-27 07:13:09,593][kfold_wrapper.log_eval_metrics] Accuracy(layer_0 - estimator_2 - 12_folds.train_4.predict)=42.07%
[ 2020-05-27 07:13:09,618][kfold_wrapper.log_eval_metrics] Accuracy(layer_0 - estimator_2 - 12_folds.train_5.predict)=33.54%
[ 2020-05-27 07:13:09,637][kfold_wrapper.log_eval_metrics] Accuracy(layer_0 - estimator_2 - 12_folds.train_6.predict)=40.85%
[ 2020-05-27 07:13:09,657][kfold_wrapper.log_eval_metrics] Accuracy(layer_0 - estimator_2 - 12_folds.train_7.predict)=38.04%
[ 2020-05-27 07:13:09,675][kfold_wrapper.log_eval_metrics] Accuracy(layer_0 - estimator_2 - 12_folds.train_8.predict)=41.10%
[ 2020-05-27 07:13:09,694][kfold_wrapper.log_eval_metrics] Accuracy(layer_0 - estimator_2 - 12_folds.train_9.predict)=36.81%
[ 2020-05-27 07:13:09,714][kfold_wrapper.log_eval_metrics] Accuracy(layer_0 - estimator_2 - 12_folds.train_10.predict)=39.26%
[ 2020-05-27 07:13:09,733][kfold_wrapper.log_eval_metrics] Accuracy(layer_0 - estimator_2 - 12_folds.train_11.predict)=39.88%
[ 2020-05-27 07:13:09,734][kfold_wrapper.log_eval_metrics] Accuracy(layer_0 - estimator_2 - 12_folds.train_cv.predict)=38.05%
[ 2020-05-27 07:13:09,735][kfold_wrapper.log_eval_metrics] Accuracy(layer_0 - estimator_2 - 12_folds.test.predict)=39.27%
[ 2020-05-27 07:13:09,736][cascade_classifier.calc_accuracy] Accuracy(layer_0 - train.classifier_average)=34.84%
[ 2020-05-27 07:13:09,736][cascade_classifier.calc_accuracy] Accuracy(layer_0 - test.classifier_average)=30.59%
[ 2020-05-27 07:13:09,737][cascade_classifier.fit_transform] [layer=1] look_indexs=[0], X_cur_train.shape=(1963, 14), X_cur_test.shape=(219, 14)
[ 2020-05-27 07:13:09,952][kfold_wrapper.log_eval_metrics] Accuracy(layer_1 - estimator_0 - 12_folds.train_0.predict)=40.85%
[ 2020-05-27 07:13:10,306][kfold_wrapper.log_eval_metrics] Accuracy(layer_1 - estimator_0 - 12_folds.train_1.predict)=37.20%
[ 2020-05-27 07:13:10,661][kfold_wrapper.log_eval_metrics] Accuracy(layer_1 - estimator_0 - 12_folds.train_2.predict)=37.20%
[ 2020-05-27 07:13:11,004][kfold_wrapper.log_eval_metrics] Accuracy(layer_1 - estimator_0 - 12_folds.train_3.predict)=40.85%
[ 2020-05-27 07:13:11,342][kfold_wrapper.log_eval_metrics] Accuracy(layer_1 - estimator_0 - 12_folds.train_4.predict)=43.90%
[ 2020-05-27 07:13:11,696][kfold_wrapper.log_eval_metrics] Accuracy(layer_1 - estimator_0 - 12_folds.train_5.predict)=37.80%
[ 2020-05-27 07:13:12,047][kfold_wrapper.log_eval_metrics] Accuracy(layer_1 - estimator_0 - 12_folds.train_6.predict)=35.37%
[ 2020-05-27 07:13:12,397][kfold_wrapper.log_eval_metrics] Accuracy(layer_1 - estimator_0 - 12_folds.train_7.predict)=42.33%
[ 2020-05-27 07:13:12,745][kfold_wrapper.log_eval_metrics] Accuracy(layer_1 - estimator_0 - 12_folds.train_8.predict)=39.88%
[ 2020-05-27 07:13:13,100][kfold_wrapper.log_eval_metrics] Accuracy(layer_1 - estimator_0 - 12_folds.train_9.predict)=44.79%
[ 2020-05-27 07:13:13,447][kfold_wrapper.log_eval_metrics] Accuracy(layer_1 - estimator_0 - 12_folds.train_10.predict)=38.04%
[ 2020-05-27 07:13:13,782][kfold_wrapper.log_eval_metrics] Accuracy(layer_1 - estimator_0 - 12_folds.train_11.predict)=37.42%
[ 2020-05-27 07:13:13,892][kfold_wrapper.log_eval_metrics] Accuracy(layer_1 - estimator_0 - 12_folds.train_cv.predict)=39.63%
[ 2020-05-27 07:13:13,894][kfold_wrapper.log_eval_metrics] Accuracy(layer_1 - estimator_0 - 12_folds.test.predict)=36.53%
[ 2020-05-27 07:13:14,141][kfold_wrapper.log_eval_metrics] Accuracy(layer_1 - estimator_1 - 12_folds.train_0.predict)=37.80%
[ 2020-05-27 07:13:14,484][kfold_wrapper.log_eval_metrics] Accuracy(layer_1 - estimator_1 - 12_folds.train_1.predict)=37.20%
[ 2020-05-27 07:13:14,828][kfold_wrapper.log_eval_metrics] Accuracy(layer_1 - estimator_1 - 12_folds.train_2.predict)=50.61%
[ 2020-05-27 07:13:15,172][kfold_wrapper.log_eval_metrics] Accuracy(layer_1 - estimator_1 - 12_folds.train_3.predict)=32.93%
[ 2020-05-27 07:13:15,514][kfold_wrapper.log_eval_metrics] Accuracy(layer_1 - estimator_1 - 12_folds.train_4.predict)=39.02%
[ 2020-05-27 07:13:15,856][kfold_wrapper.log_eval_metrics] Accuracy(layer_1 - estimator_1 - 12_folds.train_5.predict)=37.80%
[ 2020-05-27 07:13:16,199][kfold_wrapper.log_eval_metrics] Accuracy(layer_1 - estimator_1 - 12_folds.train_6.predict)=36.59%
[ 2020-05-27 07:13:16,551][kfold_wrapper.log_eval_metrics] Accuracy(layer_1 - estimator_1 - 12_folds.train_7.predict)=35.58%
[ 2020-05-27 07:13:16,902][kfold_wrapper.log_eval_metrics] Accuracy(layer_1 - estimator_1 - 12_folds.train_8.predict)=41.72%
[ 2020-05-27 07:13:17,263][kfold_wrapper.log_eval_metrics] Accuracy(layer_1 - estimator_1 - 12_folds.train_9.predict)=41.72%
[ 2020-05-27 07:13:17,614][kfold_wrapper.log_eval_metrics] Accuracy(layer_1 - estimator_1 - 12_folds.train_10.predict)=36.20%
[ 2020-05-27 07:13:17,973][kfold_wrapper.log_eval_metrics] Accuracy(layer_1 - estimator_1 - 12_folds.train_11.predict)=38.65%
[ 2020-05-27 07:13:18,090][kfold_wrapper.log_eval_metrics] Accuracy(layer_1 - estimator_1 - 12_folds.train_cv.predict)=38.82%
[ 2020-05-27 07:13:18,093][kfold_wrapper.log_eval_metrics] Accuracy(layer_1 - estimator_1 - 12_folds.test.predict)=32.42%
[ 2020-05-27 07:13:18,193][kfold_wrapper.log_eval_metrics] Accuracy(layer_1 - estimator_2 - 12_folds.train_0.predict)=35.98%
[ 2020-05-27 07:13:18,248][kfold_wrapper.log_eval_metrics] Accuracy(layer_1 - estimator_2 - 12_folds.train_1.predict)=43.90%
[ 2020-05-27 07:13:18,306][kfold_wrapper.log_eval_metrics] Accuracy(layer_1 - estimator_2 - 12_folds.train_2.predict)=40.85%
[ 2020-05-27 07:13:18,364][kfold_wrapper.log_eval_metrics] Accuracy(layer_1 - estimator_2 - 12_folds.train_3.predict)=42.68%
[ 2020-05-27 07:13:18,418][kfold_wrapper.log_eval_metrics] Accuracy(layer_1 - estimator_2 - 12_folds.train_4.predict)=35.37%
[ 2020-05-27 07:13:18,474][kfold_wrapper.log_eval_metrics] Accuracy(layer_1 - estimator_2 - 12_folds.train_5.predict)=45.73%
[ 2020-05-27 07:13:18,529][kfold_wrapper.log_eval_metrics] Accuracy(layer_1 - estimator_2 - 12_folds.train_6.predict)=39.63%
[ 2020-05-27 07:13:18,580][kfold_wrapper.log_eval_metrics] Accuracy(layer_1 - estimator_2 - 12_folds.train_7.predict)=33.13%
[ 2020-05-27 07:13:18,634][kfold_wrapper.log_eval_metrics] Accuracy(layer_1 - estimator_2 - 12_folds.train_8.predict)=31.90%
[ 2020-05-27 07:13:18,694][kfold_wrapper.log_eval_metrics] Accuracy(layer_1 - estimator_2 - 12_folds.train_9.predict)=34.36%
[ 2020-05-27 07:13:18,750][kfold_wrapper.log_eval_metrics] Accuracy(layer_1 - estimator_2 - 12_folds.train_10.predict)=37.42%
[ 2020-05-27 07:13:18,805][kfold_wrapper.log_eval_metrics] Accuracy(layer_1 - estimator_2 - 12_folds.train_11.predict)=38.65%
[ 2020-05-27 07:13:18,806][kfold_wrapper.log_eval_metrics] Accuracy(layer_1 - estimator_2 - 12_folds.train_cv.predict)=38.31%
[ 2020-05-27 07:13:18,807][kfold_wrapper.log_eval_metrics] Accuracy(layer_1 - estimator_2 - 12_folds.test.predict)=41.55%
[ 2020-05-27 07:13:18,808][cascade_classifier.calc_accuracy] Accuracy(layer_1 - train.classifier_average)=40.50%
[ 2020-05-27 07:13:18,808][cascade_classifier.calc_accuracy] Accuracy(layer_1 - test.classifier_average)=36.07%
[ 2020-05-27 07:13:18,809][cascade_classifier.fit_transform] [layer=2] look_indexs=[0], X_cur_train.shape=(1963, 14), X_cur_test.shape=(219, 14)
[ 2020-05-27 07:13:19,032][kfold_wrapper.log_eval_metrics] Accuracy(layer_2 - estimator_0 - 12_folds.train_0.predict)=35.98%
[ 2020-05-27 07:13:19,391][kfold_wrapper.log_eval_metrics] Accuracy(layer_2 - estimator_0 - 12_folds.train_1.predict)=35.37%
[ 2020-05-27 07:13:19,737][kfold_wrapper.log_eval_metrics] Accuracy(layer_2 - estimator_0 - 12_folds.train_2.predict)=39.63%
[ 2020-05-27 07:13:20,089][kfold_wrapper.log_eval_metrics] Accuracy(layer_2 - estimator_0 - 12_folds.train_3.predict)=34.76%
[ 2020-05-27 07:13:20,439][kfold_wrapper.log_eval_metrics] Accuracy(layer_2 - estimator_0 - 12_folds.train_4.predict)=33.54%
[ 2020-05-27 07:13:20,779][kfold_wrapper.log_eval_metrics] Accuracy(layer_2 - estimator_0 - 12_folds.train_5.predict)=34.76%
[ 2020-05-27 07:13:21,118][kfold_wrapper.log_eval_metrics] Accuracy(layer_2 - estimator_0 - 12_folds.train_6.predict)=40.24%
[ 2020-05-27 07:13:21,470][kfold_wrapper.log_eval_metrics] Accuracy(layer_2 - estimator_0 - 12_folds.train_7.predict)=39.88%
[ 2020-05-27 07:13:21,824][kfold_wrapper.log_eval_metrics] Accuracy(layer_2 - estimator_0 - 12_folds.train_8.predict)=36.20%
[ 2020-05-27 07:13:22,176][kfold_wrapper.log_eval_metrics] Accuracy(layer_2 - estimator_0 - 12_folds.train_9.predict)=39.88%
[ 2020-05-27 07:13:22,529][kfold_wrapper.log_eval_metrics] Accuracy(layer_2 - estimator_0 - 12_folds.train_10.predict)=36.20%
[ 2020-05-27 07:13:22,878][kfold_wrapper.log_eval_metrics] Accuracy(layer_2 - estimator_0 - 12_folds.train_11.predict)=40.49%
[ 2020-05-27 07:13:22,995][kfold_wrapper.log_eval_metrics] Accuracy(layer_2 - estimator_0 - 12_folds.train_cv.predict)=37.24%
[ 2020-05-27 07:13:22,998][kfold_wrapper.log_eval_metrics] Accuracy(layer_2 - estimator_0 - 12_folds.test.predict)=31.96%
[ 2020-05-27 07:13:23,238][kfold_wrapper.log_eval_metrics] Accuracy(layer_2 - estimator_1 - 12_folds.train_0.predict)=26.22%
[ 2020-05-27 07:13:23,573][kfold_wrapper.log_eval_metrics] Accuracy(layer_2 - estimator_1 - 12_folds.train_1.predict)=35.37%
[ 2020-05-27 07:13:23,930][kfold_wrapper.log_eval_metrics] Accuracy(layer_2 - estimator_1 - 12_folds.train_2.predict)=42.68%
[ 2020-05-27 07:13:24,273][kfold_wrapper.log_eval_metrics] Accuracy(layer_2 - estimator_1 - 12_folds.train_3.predict)=31.71%
[ 2020-05-27 07:13:24,617][kfold_wrapper.log_eval_metrics] Accuracy(layer_2 - estimator_1 - 12_folds.train_4.predict)=37.80%
[ 2020-05-27 07:13:24,973][kfold_wrapper.log_eval_metrics] Accuracy(layer_2 - estimator_1 - 12_folds.train_5.predict)=30.49%
[ 2020-05-27 07:13:25,326][kfold_wrapper.log_eval_metrics] Accuracy(layer_2 - estimator_1 - 12_folds.train_6.predict)=29.27%
[ 2020-05-27 07:13:25,662][kfold_wrapper.log_eval_metrics] Accuracy(layer_2 - estimator_1 - 12_folds.train_7.predict)=38.65%
[ 2020-05-27 07:13:26,002][kfold_wrapper.log_eval_metrics] Accuracy(layer_2 - estimator_1 - 12_folds.train_8.predict)=34.36%
[ 2020-05-27 07:13:26,351][kfold_wrapper.log_eval_metrics] Accuracy(layer_2 - estimator_1 - 12_folds.train_9.predict)=40.49%
[ 2020-05-27 07:13:26,692][kfold_wrapper.log_eval_metrics] Accuracy(layer_2 - estimator_1 - 12_folds.train_10.predict)=36.20%
[ 2020-05-27 07:13:27,042][kfold_wrapper.log_eval_metrics] Accuracy(layer_2 - estimator_1 - 12_folds.train_11.predict)=39.26%
[ 2020-05-27 07:13:27,159][kfold_wrapper.log_eval_metrics] Accuracy(layer_2 - estimator_1 - 12_folds.train_cv.predict)=35.20%
[ 2020-05-27 07:13:27,162][kfold_wrapper.log_eval_metrics] Accuracy(layer_2 - estimator_1 - 12_folds.test.predict)=32.42%
[ 2020-05-27 07:13:27,259][kfold_wrapper.log_eval_metrics] Accuracy(layer_2 - estimator_2 - 12_folds.train_0.predict)=40.24%
[ 2020-05-27 07:13:27,316][kfold_wrapper.log_eval_metrics] Accuracy(layer_2 - estimator_2 - 12_folds.train_1.predict)=42.07%
[ 2020-05-27 07:13:27,377][kfold_wrapper.log_eval_metrics] Accuracy(layer_2 - estimator_2 - 12_folds.train_2.predict)=37.20%
[ 2020-05-27 07:13:27,435][kfold_wrapper.log_eval_metrics] Accuracy(layer_2 - estimator_2 - 12_folds.train_3.predict)=40.24%
[ 2020-05-27 07:13:27,494][kfold_wrapper.log_eval_metrics] Accuracy(layer_2 - estimator_2 - 12_folds.train_4.predict)=42.07%
[ 2020-05-27 07:13:27,555][kfold_wrapper.log_eval_metrics] Accuracy(layer_2 - estimator_2 - 12_folds.train_5.predict)=46.95%
[ 2020-05-27 07:13:27,616][kfold_wrapper.log_eval_metrics] Accuracy(layer_2 - estimator_2 - 12_folds.train_6.predict)=39.63%
[ 2020-05-27 07:13:27,670][kfold_wrapper.log_eval_metrics] Accuracy(layer_2 - estimator_2 - 12_folds.train_7.predict)=31.90%
[ 2020-05-27 07:13:27,730][kfold_wrapper.log_eval_metrics] Accuracy(layer_2 - estimator_2 - 12_folds.train_8.predict)=44.79%
[ 2020-05-27 07:13:27,785][kfold_wrapper.log_eval_metrics] Accuracy(layer_2 - estimator_2 - 12_folds.train_9.predict)=41.72%
[ 2020-05-27 07:13:27,830][kfold_wrapper.log_eval_metrics] Accuracy(layer_2 - estimator_2 - 12_folds.train_10.predict)=46.63%
[ 2020-05-27 07:13:27,879][kfold_wrapper.log_eval_metrics] Accuracy(layer_2 - estimator_2 - 12_folds.train_11.predict)=40.49%
[ 2020-05-27 07:13:27,880][kfold_wrapper.log_eval_metrics] Accuracy(layer_2 - estimator_2 - 12_folds.train_cv.predict)=41.16%
[ 2020-05-27 07:13:27,880][kfold_wrapper.log_eval_metrics] Accuracy(layer_2 - estimator_2 - 12_folds.test.predict)=36.53%
[ 2020-05-27 07:13:27,881][cascade_classifier.calc_accuracy] Accuracy(layer_2 - train.classifier_average)=37.95%
[ 2020-05-27 07:13:27,882][cascade_classifier.calc_accuracy] Accuracy(layer_2 - test.classifier_average)=33.33%
[ 2020-05-27 07:13:27,883][cascade_classifier.fit_transform] [layer=3] look_indexs=[0], X_cur_train.shape=(1963, 14), X_cur_test.shape=(219, 14)
[ 2020-05-27 07:13:28,102][kfold_wrapper.log_eval_metrics] Accuracy(layer_3 - estimator_0 - 12_folds.train_0.predict)=41.46%
[ 2020-05-27 07:13:28,443][kfold_wrapper.log_eval_metrics] Accuracy(layer_3 - estimator_0 - 12_folds.train_1.predict)=42.07%
[ 2020-05-27 07:13:28,788][kfold_wrapper.log_eval_metrics] Accuracy(layer_3 - estimator_0 - 12_folds.train_2.predict)=37.20%
[ 2020-05-27 07:13:29,138][kfold_wrapper.log_eval_metrics] Accuracy(layer_3 - estimator_0 - 12_folds.train_3.predict)=34.15%
[ 2020-05-27 07:13:29,485][kfold_wrapper.log_eval_metrics] Accuracy(layer_3 - estimator_0 - 12_folds.train_4.predict)=37.20%
[ 2020-05-27 07:13:29,834][kfold_wrapper.log_eval_metrics] Accuracy(layer_3 - estimator_0 - 12_folds.train_5.predict)=32.93%
[ 2020-05-27 07:13:30,192][kfold_wrapper.log_eval_metrics] Accuracy(layer_3 - estimator_0 - 12_folds.train_6.predict)=37.20%
[ 2020-05-27 07:13:30,544][kfold_wrapper.log_eval_metrics] Accuracy(layer_3 - estimator_0 - 12_folds.train_7.predict)=34.97%
[ 2020-05-27 07:13:30,903][kfold_wrapper.log_eval_metrics] Accuracy(layer_3 - estimator_0 - 12_folds.train_8.predict)=37.42%
[ 2020-05-27 07:13:31,245][kfold_wrapper.log_eval_metrics] Accuracy(layer_3 - estimator_0 - 12_folds.train_9.predict)=34.36%
[ 2020-05-27 07:13:31,587][kfold_wrapper.log_eval_metrics] Accuracy(layer_3 - estimator_0 - 12_folds.train_10.predict)=41.10%
[ 2020-05-27 07:13:31,939][kfold_wrapper.log_eval_metrics] Accuracy(layer_3 - estimator_0 - 12_folds.train_11.predict)=36.20%
[ 2020-05-27 07:13:32,048][kfold_wrapper.log_eval_metrics] Accuracy(layer_3 - estimator_0 - 12_folds.train_cv.predict)=37.19%
[ 2020-05-27 07:13:32,051][kfold_wrapper.log_eval_metrics] Accuracy(layer_3 - estimator_0 - 12_folds.test.predict)=32.88%
[ 2020-05-27 07:13:32,293][kfold_wrapper.log_eval_metrics] Accuracy(layer_3 - estimator_1 - 12_folds.train_0.predict)=34.76%
[ 2020-05-27 07:13:32,637][kfold_wrapper.log_eval_metrics] Accuracy(layer_3 - estimator_1 - 12_folds.train_1.predict)=34.15%
[ 2020-05-27 07:13:32,989][kfold_wrapper.log_eval_metrics] Accuracy(layer_3 - estimator_1 - 12_folds.train_2.predict)=34.15%
[ 2020-05-27 07:13:33,337][kfold_wrapper.log_eval_metrics] Accuracy(layer_3 - estimator_1 - 12_folds.train_3.predict)=39.02%
[ 2020-05-27 07:13:33,695][kfold_wrapper.log_eval_metrics] Accuracy(layer_3 - estimator_1 - 12_folds.train_4.predict)=40.24%
[ 2020-05-27 07:13:34,038][kfold_wrapper.log_eval_metrics] Accuracy(layer_3 - estimator_1 - 12_folds.train_5.predict)=35.37%
[ 2020-05-27 07:13:34,378][kfold_wrapper.log_eval_metrics] Accuracy(layer_3 - estimator_1 - 12_folds.train_6.predict)=37.20%
[ 2020-05-27 07:13:34,718][kfold_wrapper.log_eval_metrics] Accuracy(layer_3 - estimator_1 - 12_folds.train_7.predict)=39.88%
[ 2020-05-27 07:13:35,075][kfold_wrapper.log_eval_metrics] Accuracy(layer_3 - estimator_1 - 12_folds.train_8.predict)=38.04%
[ 2020-05-27 07:13:35,416][kfold_wrapper.log_eval_metrics] Accuracy(layer_3 - estimator_1 - 12_folds.train_9.predict)=36.20%
[ 2020-05-27 07:13:35,731][kfold_wrapper.log_eval_metrics] Accuracy(layer_3 - estimator_1 - 12_folds.train_10.predict)=38.65%
[ 2020-05-27 07:13:36,047][kfold_wrapper.log_eval_metrics] Accuracy(layer_3 - estimator_1 - 12_folds.train_11.predict)=36.20%
[ 2020-05-27 07:13:36,152][kfold_wrapper.log_eval_metrics] Accuracy(layer_3 - estimator_1 - 12_folds.train_cv.predict)=36.98%
[ 2020-05-27 07:13:36,153][kfold_wrapper.log_eval_metrics] Accuracy(layer_3 - estimator_1 - 12_folds.test.predict)=36.53%
[ 2020-05-27 07:13:36,216][kfold_wrapper.log_eval_metrics] Accuracy(layer_3 - estimator_2 - 12_folds.train_0.predict)=43.90%
[ 2020-05-27 07:13:36,278][kfold_wrapper.log_eval_metrics] Accuracy(layer_3 - estimator_2 - 12_folds.train_1.predict)=40.24%
[ 2020-05-27 07:13:36,335][kfold_wrapper.log_eval_metrics] Accuracy(layer_3 - estimator_2 - 12_folds.train_2.predict)=33.54%
[ 2020-05-27 07:13:36,396][kfold_wrapper.log_eval_metrics] Accuracy(layer_3 - estimator_2 - 12_folds.train_3.predict)=39.02%
[ 2020-05-27 07:13:36,459][kfold_wrapper.log_eval_metrics] Accuracy(layer_3 - estimator_2 - 12_folds.train_4.predict)=37.80%
[ 2020-05-27 07:13:36,521][kfold_wrapper.log_eval_metrics] Accuracy(layer_3 - estimator_2 - 12_folds.train_5.predict)=33.54%
[ 2020-05-27 07:13:36,584][kfold_wrapper.log_eval_metrics] Accuracy(layer_3 - estimator_2 - 12_folds.train_6.predict)=40.85%
[ 2020-05-27 07:13:36,647][kfold_wrapper.log_eval_metrics] Accuracy(layer_3 - estimator_2 - 12_folds.train_7.predict)=42.94%
[ 2020-05-27 07:13:36,708][kfold_wrapper.log_eval_metrics] Accuracy(layer_3 - estimator_2 - 12_folds.train_8.predict)=36.81%
[ 2020-05-27 07:13:36,769][kfold_wrapper.log_eval_metrics] Accuracy(layer_3 - estimator_2 - 12_folds.train_9.predict)=38.65%
[ 2020-05-27 07:13:36,832][kfold_wrapper.log_eval_metrics] Accuracy(layer_3 - estimator_2 - 12_folds.train_10.predict)=35.58%
[ 2020-05-27 07:13:36,893][kfold_wrapper.log_eval_metrics] Accuracy(layer_3 - estimator_2 - 12_folds.train_11.predict)=38.65%
[ 2020-05-27 07:13:36,894][kfold_wrapper.log_eval_metrics] Accuracy(layer_3 - estimator_2 - 12_folds.train_cv.predict)=38.46%
[ 2020-05-27 07:13:36,895][kfold_wrapper.log_eval_metrics] Accuracy(layer_3 - estimator_2 - 12_folds.test.predict)=35.16%
[ 2020-05-27 07:13:36,896][cascade_classifier.calc_accuracy] Accuracy(layer_3 - train.classifier_average)=37.39%
[ 2020-05-27 07:13:36,896][cascade_classifier.calc_accuracy] Accuracy(layer_3 - test.classifier_average)=35.16%
[ 2020-05-27 07:13:36,898][cascade_classifier.fit_transform] [layer=4] look_indexs=[0], X_cur_train.shape=(1963, 14), X_cur_test.shape=(219, 14)
[ 2020-05-27 07:13:37,112][kfold_wrapper.log_eval_metrics] Accuracy(layer_4 - estimator_0 - 12_folds.train_0.predict)=30.49%
[ 2020-05-27 07:13:37,429][kfold_wrapper.log_eval_metrics] Accuracy(layer_4 - estimator_0 - 12_folds.train_1.predict)=29.88%
[ 2020-05-27 07:13:37,746][kfold_wrapper.log_eval_metrics] Accuracy(layer_4 - estimator_0 - 12_folds.train_2.predict)=36.59%
[ 2020-05-27 07:13:38,061][kfold_wrapper.log_eval_metrics] Accuracy(layer_4 - estimator_0 - 12_folds.train_3.predict)=37.20%
[ 2020-05-27 07:13:38,402][kfold_wrapper.log_eval_metrics] Accuracy(layer_4 - estimator_0 - 12_folds.train_4.predict)=36.59%
[ 2020-05-27 07:13:38,753][kfold_wrapper.log_eval_metrics] Accuracy(layer_4 - estimator_0 - 12_folds.train_5.predict)=43.90%
[ 2020-05-27 07:13:39,085][kfold_wrapper.log_eval_metrics] Accuracy(layer_4 - estimator_0 - 12_folds.train_6.predict)=32.32%
[ 2020-05-27 07:13:39,425][kfold_wrapper.log_eval_metrics] Accuracy(layer_4 - estimator_0 - 12_folds.train_7.predict)=41.10%
[ 2020-05-27 07:13:39,779][kfold_wrapper.log_eval_metrics] Accuracy(layer_4 - estimator_0 - 12_folds.train_8.predict)=34.36%
[ 2020-05-27 07:13:40,128][kfold_wrapper.log_eval_metrics] Accuracy(layer_4 - estimator_0 - 12_folds.train_9.predict)=34.97%
[ 2020-05-27 07:13:40,476][kfold_wrapper.log_eval_metrics] Accuracy(layer_4 - estimator_0 - 12_folds.train_10.predict)=34.97%
[ 2020-05-27 07:13:40,834][kfold_wrapper.log_eval_metrics] Accuracy(layer_4 - estimator_0 - 12_folds.train_11.predict)=36.81%
[ 2020-05-27 07:13:40,949][kfold_wrapper.log_eval_metrics] Accuracy(layer_4 - estimator_0 - 12_folds.train_cv.predict)=35.76%
[ 2020-05-27 07:13:40,951][kfold_wrapper.log_eval_metrics] Accuracy(layer_4 - estimator_0 - 12_folds.test.predict)=32.88%
[ 2020-05-27 07:13:41,183][kfold_wrapper.log_eval_metrics] Accuracy(layer_4 - estimator_1 - 12_folds.train_0.predict)=35.37%
[ 2020-05-27 07:13:41,498][kfold_wrapper.log_eval_metrics] Accuracy(layer_4 - estimator_1 - 12_folds.train_1.predict)=29.88%
[ 2020-05-27 07:13:41,815][kfold_wrapper.log_eval_metrics] Accuracy(layer_4 - estimator_1 - 12_folds.train_2.predict)=43.29%
[ 2020-05-27 07:13:42,131][kfold_wrapper.log_eval_metrics] Accuracy(layer_4 - estimator_1 - 12_folds.train_3.predict)=34.15%
[ 2020-05-27 07:13:42,464][kfold_wrapper.log_eval_metrics] Accuracy(layer_4 - estimator_1 - 12_folds.train_4.predict)=34.15%
[ 2020-05-27 07:13:42,817][kfold_wrapper.log_eval_metrics] Accuracy(layer_4 - estimator_1 - 12_folds.train_5.predict)=39.63%
[ 2020-05-27 07:13:43,172][kfold_wrapper.log_eval_metrics] Accuracy(layer_4 - estimator_1 - 12_folds.train_6.predict)=35.98%
[ 2020-05-27 07:13:43,514][kfold_wrapper.log_eval_metrics] Accuracy(layer_4 - estimator_1 - 12_folds.train_7.predict)=35.58%
[ 2020-05-27 07:13:43,860][kfold_wrapper.log_eval_metrics] Accuracy(layer_4 - estimator_1 - 12_folds.train_8.predict)=34.97%
[ 2020-05-27 07:13:44,209][kfold_wrapper.log_eval_metrics] Accuracy(layer_4 - estimator_1 - 12_folds.train_9.predict)=40.49%
[ 2020-05-27 07:13:44,566][kfold_wrapper.log_eval_metrics] Accuracy(layer_4 - estimator_1 - 12_folds.train_10.predict)=41.72%
[ 2020-05-27 07:13:44,919][kfold_wrapper.log_eval_metrics] Accuracy(layer_4 - estimator_1 - 12_folds.train_11.predict)=39.88%
[ 2020-05-27 07:13:45,037][kfold_wrapper.log_eval_metrics] Accuracy(layer_4 - estimator_1 - 12_folds.train_cv.predict)=37.09%
[ 2020-05-27 07:13:45,040][kfold_wrapper.log_eval_metrics] Accuracy(layer_4 - estimator_1 - 12_folds.test.predict)=37.44%
[ 2020-05-27 07:13:45,149][kfold_wrapper.log_eval_metrics] Accuracy(layer_4 - estimator_2 - 12_folds.train_0.predict)=43.90%
[ 2020-05-27 07:13:45,214][kfold_wrapper.log_eval_metrics] Accuracy(layer_4 - estimator_2 - 12_folds.train_1.predict)=40.85%
[ 2020-05-27 07:13:45,282][kfold_wrapper.log_eval_metrics] Accuracy(layer_4 - estimator_2 - 12_folds.train_2.predict)=37.80%
[ 2020-05-27 07:13:45,344][kfold_wrapper.log_eval_metrics] Accuracy(layer_4 - estimator_2 - 12_folds.train_3.predict)=41.46%
[ 2020-05-27 07:13:45,407][kfold_wrapper.log_eval_metrics] Accuracy(layer_4 - estimator_2 - 12_folds.train_4.predict)=38.41%
[ 2020-05-27 07:13:45,473][kfold_wrapper.log_eval_metrics] Accuracy(layer_4 - estimator_2 - 12_folds.train_5.predict)=35.98%
[ 2020-05-27 07:13:45,540][kfold_wrapper.log_eval_metrics] Accuracy(layer_4 - estimator_2 - 12_folds.train_6.predict)=43.29%
[ 2020-05-27 07:13:45,608][kfold_wrapper.log_eval_metrics] Accuracy(layer_4 - estimator_2 - 12_folds.train_7.predict)=39.88%
[ 2020-05-27 07:13:45,675][kfold_wrapper.log_eval_metrics] Accuracy(layer_4 - estimator_2 - 12_folds.train_8.predict)=39.88%
[ 2020-05-27 07:13:45,741][kfold_wrapper.log_eval_metrics] Accuracy(layer_4 - estimator_2 - 12_folds.train_9.predict)=39.88%
[ 2020-05-27 07:13:45,809][kfold_wrapper.log_eval_metrics] Accuracy(layer_4 - estimator_2 - 12_folds.train_10.predict)=34.97%
[ 2020-05-27 07:13:45,869][kfold_wrapper.log_eval_metrics] Accuracy(layer_4 - estimator_2 - 12_folds.train_11.predict)=35.58%
[ 2020-05-27 07:13:45,871][kfold_wrapper.log_eval_metrics] Accuracy(layer_4 - estimator_2 - 12_folds.train_cv.predict)=39.33%
[ 2020-05-27 07:13:45,871][kfold_wrapper.log_eval_metrics] Accuracy(layer_4 - estimator_2 - 12_folds.test.predict)=36.07%
[ 2020-05-27 07:13:45,872][cascade_classifier.calc_accuracy] Accuracy(layer_4 - train.classifier_average)=37.39%
[ 2020-05-27 07:13:45,873][cascade_classifier.calc_accuracy] Accuracy(layer_4 - test.classifier_average)=37.90%
[ 2020-05-27 07:13:45,874][cascade_classifier.fit_transform] [layer=5] look_indexs=[0], X_cur_train.shape=(1963, 14), X_cur_test.shape=(219, 14)
[ 2020-05-27 07:13:46,096][kfold_wrapper.log_eval_metrics] Accuracy(layer_5 - estimator_0 - 12_folds.train_0.predict)=37.20%
[ 2020-05-27 07:13:46,452][kfold_wrapper.log_eval_metrics] Accuracy(layer_5 - estimator_0 - 12_folds.train_1.predict)=39.63%
[ 2020-05-27 07:13:46,811][kfold_wrapper.log_eval_metrics] Accuracy(layer_5 - estimator_0 - 12_folds.train_2.predict)=36.59%
[ 2020-05-27 07:13:47,156][kfold_wrapper.log_eval_metrics] Accuracy(layer_5 - estimator_0 - 12_folds.train_3.predict)=34.15%
[ 2020-05-27 07:13:47,505][kfold_wrapper.log_eval_metrics] Accuracy(layer_5 - estimator_0 - 12_folds.train_4.predict)=33.54%
[ 2020-05-27 07:13:47,851][kfold_wrapper.log_eval_metrics] Accuracy(layer_5 - estimator_0 - 12_folds.train_5.predict)=35.98%
[ 2020-05-27 07:13:48,191][kfold_wrapper.log_eval_metrics] Accuracy(layer_5 - estimator_0 - 12_folds.train_6.predict)=41.46%
[ 2020-05-27 07:13:48,533][kfold_wrapper.log_eval_metrics] Accuracy(layer_5 - estimator_0 - 12_folds.train_7.predict)=34.36%
[ 2020-05-27 07:13:48,889][kfold_wrapper.log_eval_metrics] Accuracy(layer_5 - estimator_0 - 12_folds.train_8.predict)=30.06%
[ 2020-05-27 07:13:49,241][kfold_wrapper.log_eval_metrics] Accuracy(layer_5 - estimator_0 - 12_folds.train_9.predict)=40.49%
[ 2020-05-27 07:13:49,601][kfold_wrapper.log_eval_metrics] Accuracy(layer_5 - estimator_0 - 12_folds.train_10.predict)=40.49%
[ 2020-05-27 07:13:49,948][kfold_wrapper.log_eval_metrics] Accuracy(layer_5 - estimator_0 - 12_folds.train_11.predict)=33.74%
[ 2020-05-27 07:13:50,065][kfold_wrapper.log_eval_metrics] Accuracy(layer_5 - estimator_0 - 12_folds.train_cv.predict)=36.47%
[ 2020-05-27 07:13:50,067][kfold_wrapper.log_eval_metrics] Accuracy(layer_5 - estimator_0 - 12_folds.test.predict)=33.79%
[ 2020-05-27 07:13:50,290][kfold_wrapper.log_eval_metrics] Accuracy(layer_5 - estimator_1 - 12_folds.train_0.predict)=38.41%
[ 2020-05-27 07:13:50,649][kfold_wrapper.log_eval_metrics] Accuracy(layer_5 - estimator_1 - 12_folds.train_1.predict)=28.66%
[ 2020-05-27 07:13:51,005][kfold_wrapper.log_eval_metrics] Accuracy(layer_5 - estimator_1 - 12_folds.train_2.predict)=39.02%
[ 2020-05-27 07:13:51,357][kfold_wrapper.log_eval_metrics] Accuracy(layer_5 - estimator_1 - 12_folds.train_3.predict)=36.59%
[ 2020-05-27 07:13:51,708][kfold_wrapper.log_eval_metrics] Accuracy(layer_5 - estimator_1 - 12_folds.train_4.predict)=37.20%
[ 2020-05-27 07:13:52,065][kfold_wrapper.log_eval_metrics] Accuracy(layer_5 - estimator_1 - 12_folds.train_5.predict)=38.41%
[ 2020-05-27 07:13:52,424][kfold_wrapper.log_eval_metrics] Accuracy(layer_5 - estimator_1 - 12_folds.train_6.predict)=31.10%
[ 2020-05-27 07:13:52,784][kfold_wrapper.log_eval_metrics] Accuracy(layer_5 - estimator_1 - 12_folds.train_7.predict)=41.72%
[ 2020-05-27 07:13:53,143][kfold_wrapper.log_eval_metrics] Accuracy(layer_5 - estimator_1 - 12_folds.train_8.predict)=39.88%
[ 2020-05-27 07:13:53,496][kfold_wrapper.log_eval_metrics] Accuracy(layer_5 - estimator_1 - 12_folds.train_9.predict)=42.33%
[ 2020-05-27 07:13:53,836][kfold_wrapper.log_eval_metrics] Accuracy(layer_5 - estimator_1 - 12_folds.train_10.predict)=32.52%
[ 2020-05-27 07:13:54,181][kfold_wrapper.log_eval_metrics] Accuracy(layer_5 - estimator_1 - 12_folds.train_11.predict)=29.45%
[ 2020-05-27 07:13:54,299][kfold_wrapper.log_eval_metrics] Accuracy(layer_5 - estimator_1 - 12_folds.train_cv.predict)=36.27%
[ 2020-05-27 07:13:54,302][kfold_wrapper.log_eval_metrics] Accuracy(layer_5 - estimator_1 - 12_folds.test.predict)=35.62%
[ 2020-05-27 07:13:54,422][kfold_wrapper.log_eval_metrics] Accuracy(layer_5 - estimator_2 - 12_folds.train_0.predict)=35.98%
[ 2020-05-27 07:13:54,493][kfold_wrapper.log_eval_metrics] Accuracy(layer_5 - estimator_2 - 12_folds.train_1.predict)=39.02%
[ 2020-05-27 07:13:54,565][kfold_wrapper.log_eval_metrics] Accuracy(layer_5 - estimator_2 - 12_folds.train_2.predict)=34.15%
[ 2020-05-27 07:13:54,639][kfold_wrapper.log_eval_metrics] Accuracy(layer_5 - estimator_2 - 12_folds.train_3.predict)=37.80%
[ 2020-05-27 07:13:54,705][kfold_wrapper.log_eval_metrics] Accuracy(layer_5 - estimator_2 - 12_folds.train_4.predict)=33.54%
[ 2020-05-27 07:13:54,776][kfold_wrapper.log_eval_metrics] Accuracy(layer_5 - estimator_2 - 12_folds.train_5.predict)=37.80%
[ 2020-05-27 07:13:54,848][kfold_wrapper.log_eval_metrics] Accuracy(layer_5 - estimator_2 - 12_folds.train_6.predict)=34.76%
[ 2020-05-27 07:13:54,916][kfold_wrapper.log_eval_metrics] Accuracy(layer_5 - estimator_2 - 12_folds.train_7.predict)=41.10%
[ 2020-05-27 07:13:54,986][kfold_wrapper.log_eval_metrics] Accuracy(layer_5 - estimator_2 - 12_folds.train_8.predict)=31.90%
[ 2020-05-27 07:13:55,057][kfold_wrapper.log_eval_metrics] Accuracy(layer_5 - estimator_2 - 12_folds.train_9.predict)=38.04%
[ 2020-05-27 07:13:55,121][kfold_wrapper.log_eval_metrics] Accuracy(layer_5 - estimator_2 - 12_folds.train_10.predict)=35.58%
[ 2020-05-27 07:13:55,194][kfold_wrapper.log_eval_metrics] Accuracy(layer_5 - estimator_2 - 12_folds.train_11.predict)=39.26%
[ 2020-05-27 07:13:55,195][kfold_wrapper.log_eval_metrics] Accuracy(layer_5 - estimator_2 - 12_folds.train_cv.predict)=36.58%
[ 2020-05-27 07:13:55,196][kfold_wrapper.log_eval_metrics] Accuracy(layer_5 - estimator_2 - 12_folds.test.predict)=35.16%
[ 2020-05-27 07:13:55,197][cascade_classifier.calc_accuracy] Accuracy(layer_5 - train.classifier_average)=38.26%
[ 2020-05-27 07:13:55,198][cascade_classifier.calc_accuracy] Accuracy(layer_5 - test.classifier_average)=36.53%
[ 2020-05-27 07:13:55,198][cascade_classifier.fit_transform] [Result][Optimal Level Detected] opt_layer_num=2, accuracy_train=40.50%, accuracy_test=36.07%
[ 2020-05-27 07:13:55,244][cascade_classifier.transform] X_groups_test.shape=[(245, 5)]
[ 2020-05-27 07:13:55,245][cascade_classifier.transform] group_dims=[5]
[ 2020-05-27 07:13:55,246][cascade_classifier.transform] X_test.shape=(245, 5)
[ 2020-05-27 07:13:55,246][cascade_classifier.transform] [layer=0] look_indexs=[0], X_cur_test.shape=(245, 5)
[ 2020-05-27 07:13:57,917][cascade_classifier.transform] [layer=1] look_indexs=[0], X_cur_test.shape=(245, 14)
[ 2020-05-27 07:14:00,938][cascade_classifier.fit_transform] X_groups_train.shape=[(2184, 5)],y_train.shape=(2184,),X_groups_test.shape=[(243, 5)],y_test.shape=(243,)
[ 2020-05-27 07:14:00,938][cascade_classifier.fit_transform] group_dims=[5]
[ 2020-05-27 07:14:00,939][cascade_classifier.fit_transform] group_starts=[0]
[ 2020-05-27 07:14:00,939][cascade_classifier.fit_transform] group_ends=[5]
[ 2020-05-27 07:14:00,940][cascade_classifier.fit_transform] X_train.shape=(2184, 5),X_test.shape=(243, 5)
[ 2020-05-27 07:14:00,941][cascade_classifier.fit_transform] [layer=0] look_indexs=[0], X_cur_train.shape=(2184, 5), X_cur_test.shape=(243, 5)
[ 2020-05-27 07:14:01,158][kfold_wrapper.log_eval_metrics] Accuracy(layer_0 - estimator_0 - 12_folds.train_0.predict)=36.81%
[ 2020-05-27 07:14:01,509][kfold_wrapper.log_eval_metrics] Accuracy(layer_0 - estimator_0 - 12_folds.train_1.predict)=35.16%
[ 2020-05-27 07:14:01,856][kfold_wrapper.log_eval_metrics] Accuracy(layer_0 - estimator_0 - 12_folds.train_2.predict)=29.12%
[ 2020-05-27 07:14:02,206][kfold_wrapper.log_eval_metrics] Accuracy(layer_0 - estimator_0 - 12_folds.train_3.predict)=31.87%
[ 2020-05-27 07:14:02,561][kfold_wrapper.log_eval_metrics] Accuracy(layer_0 - estimator_0 - 12_folds.train_4.predict)=37.91%
[ 2020-05-27 07:14:02,908][kfold_wrapper.log_eval_metrics] Accuracy(layer_0 - estimator_0 - 12_folds.train_5.predict)=35.71%
[ 2020-05-27 07:14:03,253][kfold_wrapper.log_eval_metrics] Accuracy(layer_0 - estimator_0 - 12_folds.train_6.predict)=34.62%
[ 2020-05-27 07:14:03,593][kfold_wrapper.log_eval_metrics] Accuracy(layer_0 - estimator_0 - 12_folds.train_7.predict)=35.71%
[ 2020-05-27 07:14:03,934][kfold_wrapper.log_eval_metrics] Accuracy(layer_0 - estimator_0 - 12_folds.train_8.predict)=34.62%
[ 2020-05-27 07:14:04,294][kfold_wrapper.log_eval_metrics] Accuracy(layer_0 - estimator_0 - 12_folds.train_9.predict)=28.02%
[ 2020-05-27 07:14:04,651][kfold_wrapper.log_eval_metrics] Accuracy(layer_0 - estimator_0 - 12_folds.train_10.predict)=35.16%
[ 2020-05-27 07:14:05,003][kfold_wrapper.log_eval_metrics] Accuracy(layer_0 - estimator_0 - 12_folds.train_11.predict)=34.07%
[ 2020-05-27 07:14:05,120][kfold_wrapper.log_eval_metrics] Accuracy(layer_0 - estimator_0 - 12_folds.train_cv.predict)=34.07%
[ 2020-05-27 07:14:05,122][kfold_wrapper.log_eval_metrics] Accuracy(layer_0 - estimator_0 - 12_folds.test.predict)=37.86%
[ 2020-05-27 07:14:05,344][kfold_wrapper.log_eval_metrics] Accuracy(layer_0 - estimator_1 - 12_folds.train_0.predict)=30.22%
[ 2020-05-27 07:14:05,691][kfold_wrapper.log_eval_metrics] Accuracy(layer_0 - estimator_1 - 12_folds.train_1.predict)=31.32%
[ 2020-05-27 07:14:06,044][kfold_wrapper.log_eval_metrics] Accuracy(layer_0 - estimator_1 - 12_folds.train_2.predict)=31.32%
[ 2020-05-27 07:14:06,397][kfold_wrapper.log_eval_metrics] Accuracy(layer_0 - estimator_1 - 12_folds.train_3.predict)=30.22%
[ 2020-05-27 07:14:06,740][kfold_wrapper.log_eval_metrics] Accuracy(layer_0 - estimator_1 - 12_folds.train_4.predict)=25.27%
[ 2020-05-27 07:14:07,091][kfold_wrapper.log_eval_metrics] Accuracy(layer_0 - estimator_1 - 12_folds.train_5.predict)=32.97%
[ 2020-05-27 07:14:07,438][kfold_wrapper.log_eval_metrics] Accuracy(layer_0 - estimator_1 - 12_folds.train_6.predict)=35.71%
[ 2020-05-27 07:14:07,781][kfold_wrapper.log_eval_metrics] Accuracy(layer_0 - estimator_1 - 12_folds.train_7.predict)=28.57%
[ 2020-05-27 07:14:08,122][kfold_wrapper.log_eval_metrics] Accuracy(layer_0 - estimator_1 - 12_folds.train_8.predict)=32.42%
[ 2020-05-27 07:14:08,464][kfold_wrapper.log_eval_metrics] Accuracy(layer_0 - estimator_1 - 12_folds.train_9.predict)=30.77%
[ 2020-05-27 07:14:08,804][kfold_wrapper.log_eval_metrics] Accuracy(layer_0 - estimator_1 - 12_folds.train_10.predict)=35.16%
[ 2020-05-27 07:14:09,157][kfold_wrapper.log_eval_metrics] Accuracy(layer_0 - estimator_1 - 12_folds.train_11.predict)=32.97%
[ 2020-05-27 07:14:09,268][kfold_wrapper.log_eval_metrics] Accuracy(layer_0 - estimator_1 - 12_folds.train_cv.predict)=31.41%
[ 2020-05-27 07:14:09,270][kfold_wrapper.log_eval_metrics] Accuracy(layer_0 - estimator_1 - 12_folds.test.predict)=38.68%
[ 2020-05-27 07:14:09,319][kfold_wrapper.log_eval_metrics] Accuracy(layer_0 - estimator_2 - 12_folds.train_0.predict)=43.41%
[ 2020-05-27 07:14:09,340][kfold_wrapper.log_eval_metrics] Accuracy(layer_0 - estimator_2 - 12_folds.train_1.predict)=41.21%
[ 2020-05-27 07:14:09,369][kfold_wrapper.log_eval_metrics] Accuracy(layer_0 - estimator_2 - 12_folds.train_2.predict)=44.51%
[ 2020-05-27 07:14:09,392][kfold_wrapper.log_eval_metrics] Accuracy(layer_0 - estimator_2 - 12_folds.train_3.predict)=32.97%
[ 2020-05-27 07:14:09,413][kfold_wrapper.log_eval_metrics] Accuracy(layer_0 - estimator_2 - 12_folds.train_4.predict)=32.42%
[ 2020-05-27 07:14:09,435][kfold_wrapper.log_eval_metrics] Accuracy(layer_0 - estimator_2 - 12_folds.train_5.predict)=43.96%
[ 2020-05-27 07:14:09,464][kfold_wrapper.log_eval_metrics] Accuracy(layer_0 - estimator_2 - 12_folds.train_6.predict)=39.01%
[ 2020-05-27 07:14:09,484][kfold_wrapper.log_eval_metrics] Accuracy(layer_0 - estimator_2 - 12_folds.train_7.predict)=31.87%
[ 2020-05-27 07:14:09,515][kfold_wrapper.log_eval_metrics] Accuracy(layer_0 - estimator_2 - 12_folds.train_8.predict)=34.62%
[ 2020-05-27 07:14:09,537][kfold_wrapper.log_eval_metrics] Accuracy(layer_0 - estimator_2 - 12_folds.train_9.predict)=39.01%
[ 2020-05-27 07:14:09,566][kfold_wrapper.log_eval_metrics] Accuracy(layer_0 - estimator_2 - 12_folds.train_10.predict)=41.21%
[ 2020-05-27 07:14:09,587][kfold_wrapper.log_eval_metrics] Accuracy(layer_0 - estimator_2 - 12_folds.train_11.predict)=39.56%
[ 2020-05-27 07:14:09,588][kfold_wrapper.log_eval_metrics] Accuracy(layer_0 - estimator_2 - 12_folds.train_cv.predict)=38.64%
[ 2020-05-27 07:14:09,589][kfold_wrapper.log_eval_metrics] Accuracy(layer_0 - estimator_2 - 12_folds.test.predict)=45.27%
[ 2020-05-27 07:14:09,590][cascade_classifier.calc_accuracy] Accuracy(layer_0 - train.classifier_average)=34.25%
[ 2020-05-27 07:14:09,590][cascade_classifier.calc_accuracy] Accuracy(layer_0 - test.classifier_average)=39.51%
[ 2020-05-27 07:14:09,591][cascade_classifier.fit_transform] [layer=1] look_indexs=[0], X_cur_train.shape=(2184, 14), X_cur_test.shape=(243, 14)
[ 2020-05-27 07:14:09,809][kfold_wrapper.log_eval_metrics] Accuracy(layer_1 - estimator_0 - 12_folds.train_0.predict)=32.97%
[ 2020-05-27 07:14:10,152][kfold_wrapper.log_eval_metrics] Accuracy(layer_1 - estimator_0 - 12_folds.train_1.predict)=35.71%
[ 2020-05-27 07:14:10,504][kfold_wrapper.log_eval_metrics] Accuracy(layer_1 - estimator_0 - 12_folds.train_2.predict)=41.21%
[ 2020-05-27 07:14:10,852][kfold_wrapper.log_eval_metrics] Accuracy(layer_1 - estimator_0 - 12_folds.train_3.predict)=42.86%
[ 2020-05-27 07:14:11,207][kfold_wrapper.log_eval_metrics] Accuracy(layer_1 - estimator_0 - 12_folds.train_4.predict)=38.46%
[ 2020-05-27 07:14:11,557][kfold_wrapper.log_eval_metrics] Accuracy(layer_1 - estimator_0 - 12_folds.train_5.predict)=29.12%
[ 2020-05-27 07:14:11,910][kfold_wrapper.log_eval_metrics] Accuracy(layer_1 - estimator_0 - 12_folds.train_6.predict)=36.26%
[ 2020-05-27 07:14:12,253][kfold_wrapper.log_eval_metrics] Accuracy(layer_1 - estimator_0 - 12_folds.train_7.predict)=39.56%
[ 2020-05-27 07:14:12,599][kfold_wrapper.log_eval_metrics] Accuracy(layer_1 - estimator_0 - 12_folds.train_8.predict)=39.56%
[ 2020-05-27 07:14:12,954][kfold_wrapper.log_eval_metrics] Accuracy(layer_1 - estimator_0 - 12_folds.train_9.predict)=41.76%
[ 2020-05-27 07:14:13,313][kfold_wrapper.log_eval_metrics] Accuracy(layer_1 - estimator_0 - 12_folds.train_10.predict)=36.81%
[ 2020-05-27 07:14:13,665][kfold_wrapper.log_eval_metrics] Accuracy(layer_1 - estimator_0 - 12_folds.train_11.predict)=36.81%
[ 2020-05-27 07:14:13,782][kfold_wrapper.log_eval_metrics] Accuracy(layer_1 - estimator_0 - 12_folds.train_cv.predict)=37.59%
[ 2020-05-27 07:14:13,783][kfold_wrapper.log_eval_metrics] Accuracy(layer_1 - estimator_0 - 12_folds.test.predict)=28.40%
[ 2020-05-27 07:14:14,005][kfold_wrapper.log_eval_metrics] Accuracy(layer_1 - estimator_1 - 12_folds.train_0.predict)=41.21%
[ 2020-05-27 07:14:14,360][kfold_wrapper.log_eval_metrics] Accuracy(layer_1 - estimator_1 - 12_folds.train_1.predict)=41.76%
[ 2020-05-27 07:14:14,716][kfold_wrapper.log_eval_metrics] Accuracy(layer_1 - estimator_1 - 12_folds.train_2.predict)=35.71%
[ 2020-05-27 07:14:15,057][kfold_wrapper.log_eval_metrics] Accuracy(layer_1 - estimator_1 - 12_folds.train_3.predict)=32.42%
[ 2020-05-27 07:14:15,401][kfold_wrapper.log_eval_metrics] Accuracy(layer_1 - estimator_1 - 12_folds.train_4.predict)=38.46%
[ 2020-05-27 07:14:15,760][kfold_wrapper.log_eval_metrics] Accuracy(layer_1 - estimator_1 - 12_folds.train_5.predict)=37.36%
[ 2020-05-27 07:14:16,102][kfold_wrapper.log_eval_metrics] Accuracy(layer_1 - estimator_1 - 12_folds.train_6.predict)=40.66%
[ 2020-05-27 07:14:16,447][kfold_wrapper.log_eval_metrics] Accuracy(layer_1 - estimator_1 - 12_folds.train_7.predict)=37.36%
[ 2020-05-27 07:14:16,806][kfold_wrapper.log_eval_metrics] Accuracy(layer_1 - estimator_1 - 12_folds.train_8.predict)=43.96%
[ 2020-05-27 07:14:17,160][kfold_wrapper.log_eval_metrics] Accuracy(layer_1 - estimator_1 - 12_folds.train_9.predict)=34.07%
[ 2020-05-27 07:14:17,500][kfold_wrapper.log_eval_metrics] Accuracy(layer_1 - estimator_1 - 12_folds.train_10.predict)=39.01%
[ 2020-05-27 07:14:17,859][kfold_wrapper.log_eval_metrics] Accuracy(layer_1 - estimator_1 - 12_folds.train_11.predict)=32.97%
[ 2020-05-27 07:14:17,976][kfold_wrapper.log_eval_metrics] Accuracy(layer_1 - estimator_1 - 12_folds.train_cv.predict)=37.91%
[ 2020-05-27 07:14:17,979][kfold_wrapper.log_eval_metrics] Accuracy(layer_1 - estimator_1 - 12_folds.test.predict)=33.74%
[ 2020-05-27 07:14:18,087][kfold_wrapper.log_eval_metrics] Accuracy(layer_1 - estimator_2 - 12_folds.train_0.predict)=35.71%
[ 2020-05-27 07:14:18,157][kfold_wrapper.log_eval_metrics] Accuracy(layer_1 - estimator_2 - 12_folds.train_1.predict)=40.11%
[ 2020-05-27 07:14:18,229][kfold_wrapper.log_eval_metrics] Accuracy(layer_1 - estimator_2 - 12_folds.train_2.predict)=37.36%
[ 2020-05-27 07:14:18,299][kfold_wrapper.log_eval_metrics] Accuracy(layer_1 - estimator_2 - 12_folds.train_3.predict)=35.16%
[ 2020-05-27 07:14:18,369][kfold_wrapper.log_eval_metrics] Accuracy(layer_1 - estimator_2 - 12_folds.train_4.predict)=37.36%
[ 2020-05-27 07:14:18,438][kfold_wrapper.log_eval_metrics] Accuracy(layer_1 - estimator_2 - 12_folds.train_5.predict)=41.21%
[ 2020-05-27 07:14:18,506][kfold_wrapper.log_eval_metrics] Accuracy(layer_1 - estimator_2 - 12_folds.train_6.predict)=40.66%
[ 2020-05-27 07:14:18,576][kfold_wrapper.log_eval_metrics] Accuracy(layer_1 - estimator_2 - 12_folds.train_7.predict)=42.31%
[ 2020-05-27 07:14:18,646][kfold_wrapper.log_eval_metrics] Accuracy(layer_1 - estimator_2 - 12_folds.train_8.predict)=35.71%
[ 2020-05-27 07:14:18,718][kfold_wrapper.log_eval_metrics] Accuracy(layer_1 - estimator_2 - 12_folds.train_9.predict)=37.36%
[ 2020-05-27 07:14:18,787][kfold_wrapper.log_eval_metrics] Accuracy(layer_1 - estimator_2 - 12_folds.train_10.predict)=40.66%
[ 2020-05-27 07:14:18,847][kfold_wrapper.log_eval_metrics] Accuracy(layer_1 - estimator_2 - 12_folds.train_11.predict)=39.56%
[ 2020-05-27 07:14:18,848][kfold_wrapper.log_eval_metrics] Accuracy(layer_1 - estimator_2 - 12_folds.train_cv.predict)=38.60%
[ 2020-05-27 07:14:18,849][kfold_wrapper.log_eval_metrics] Accuracy(layer_1 - estimator_2 - 12_folds.test.predict)=44.86%
[ 2020-05-27 07:14:18,850][cascade_classifier.calc_accuracy] Accuracy(layer_1 - train.classifier_average)=40.89%
[ 2020-05-27 07:14:18,850][cascade_classifier.calc_accuracy] Accuracy(layer_1 - test.classifier_average)=34.98%
[ 2020-05-27 07:14:18,852][cascade_classifier.fit_transform] [layer=2] look_indexs=[0], X_cur_train.shape=(2184, 14), X_cur_test.shape=(243, 14)
[ 2020-05-27 07:14:19,075][kfold_wrapper.log_eval_metrics] Accuracy(layer_2 - estimator_0 - 12_folds.train_0.predict)=41.21%
[ 2020-05-27 07:14:19,414][kfold_wrapper.log_eval_metrics] Accuracy(layer_2 - estimator_0 - 12_folds.train_1.predict)=45.60%
[ 2020-05-27 07:14:19,739][kfold_wrapper.log_eval_metrics] Accuracy(layer_2 - estimator_0 - 12_folds.train_2.predict)=39.56%
[ 2020-05-27 07:14:20,091][kfold_wrapper.log_eval_metrics] Accuracy(layer_2 - estimator_0 - 12_folds.train_3.predict)=32.97%
[ 2020-05-27 07:14:20,441][kfold_wrapper.log_eval_metrics] Accuracy(layer_2 - estimator_0 - 12_folds.train_4.predict)=36.81%
[ 2020-05-27 07:14:20,788][kfold_wrapper.log_eval_metrics] Accuracy(layer_2 - estimator_0 - 12_folds.train_5.predict)=43.41%
[ 2020-05-27 07:14:21,148][kfold_wrapper.log_eval_metrics] Accuracy(layer_2 - estimator_0 - 12_folds.train_6.predict)=44.51%
[ 2020-05-27 07:14:21,500][kfold_wrapper.log_eval_metrics] Accuracy(layer_2 - estimator_0 - 12_folds.train_7.predict)=34.62%
[ 2020-05-27 07:14:21,852][kfold_wrapper.log_eval_metrics] Accuracy(layer_2 - estimator_0 - 12_folds.train_8.predict)=35.71%
[ 2020-05-27 07:14:22,192][kfold_wrapper.log_eval_metrics] Accuracy(layer_2 - estimator_0 - 12_folds.train_9.predict)=42.86%
[ 2020-05-27 07:14:22,544][kfold_wrapper.log_eval_metrics] Accuracy(layer_2 - estimator_0 - 12_folds.train_10.predict)=36.26%
[ 2020-05-27 07:14:22,895][kfold_wrapper.log_eval_metrics] Accuracy(layer_2 - estimator_0 - 12_folds.train_11.predict)=45.05%
[ 2020-05-27 07:14:23,014][kfold_wrapper.log_eval_metrics] Accuracy(layer_2 - estimator_0 - 12_folds.train_cv.predict)=39.88%
[ 2020-05-27 07:14:23,017][kfold_wrapper.log_eval_metrics] Accuracy(layer_2 - estimator_0 - 12_folds.test.predict)=32.10%
[ 2020-05-27 07:14:23,262][kfold_wrapper.log_eval_metrics] Accuracy(layer_2 - estimator_1 - 12_folds.train_0.predict)=42.86%
[ 2020-05-27 07:14:23,617][kfold_wrapper.log_eval_metrics] Accuracy(layer_2 - estimator_1 - 12_folds.train_1.predict)=35.16%
[ 2020-05-27 07:14:23,981][kfold_wrapper.log_eval_metrics] Accuracy(layer_2 - estimator_1 - 12_folds.train_2.predict)=35.71%
[ 2020-05-27 07:14:24,328][kfold_wrapper.log_eval_metrics] Accuracy(layer_2 - estimator_1 - 12_folds.train_3.predict)=36.81%
[ 2020-05-27 07:14:24,684][kfold_wrapper.log_eval_metrics] Accuracy(layer_2 - estimator_1 - 12_folds.train_4.predict)=35.71%
[ 2020-05-27 07:14:25,031][kfold_wrapper.log_eval_metrics] Accuracy(layer_2 - estimator_1 - 12_folds.train_5.predict)=42.31%
[ 2020-05-27 07:14:25,391][kfold_wrapper.log_eval_metrics] Accuracy(layer_2 - estimator_1 - 12_folds.train_6.predict)=35.71%
[ 2020-05-27 07:14:25,750][kfold_wrapper.log_eval_metrics] Accuracy(layer_2 - estimator_1 - 12_folds.train_7.predict)=30.22%
[ 2020-05-27 07:14:26,095][kfold_wrapper.log_eval_metrics] Accuracy(layer_2 - estimator_1 - 12_folds.train_8.predict)=37.36%
[ 2020-05-27 07:14:26,439][kfold_wrapper.log_eval_metrics] Accuracy(layer_2 - estimator_1 - 12_folds.train_9.predict)=33.52%
[ 2020-05-27 07:14:26,781][kfold_wrapper.log_eval_metrics] Accuracy(layer_2 - estimator_1 - 12_folds.train_10.predict)=34.07%
[ 2020-05-27 07:14:27,136][kfold_wrapper.log_eval_metrics] Accuracy(layer_2 - estimator_1 - 12_folds.train_11.predict)=33.52%
[ 2020-05-27 07:14:27,244][kfold_wrapper.log_eval_metrics] Accuracy(layer_2 - estimator_1 - 12_folds.train_cv.predict)=36.08%
[ 2020-05-27 07:14:27,247][kfold_wrapper.log_eval_metrics] Accuracy(layer_2 - estimator_1 - 12_folds.test.predict)=33.33%
[ 2020-05-27 07:14:27,368][kfold_wrapper.log_eval_metrics] Accuracy(layer_2 - estimator_2 - 12_folds.train_0.predict)=40.66%
[ 2020-05-27 07:14:27,446][kfold_wrapper.log_eval_metrics] Accuracy(layer_2 - estimator_2 - 12_folds.train_1.predict)=41.76%
[ 2020-05-27 07:14:27,523][kfold_wrapper.log_eval_metrics] Accuracy(layer_2 - estimator_2 - 12_folds.train_2.predict)=42.86%
[ 2020-05-27 07:14:27,598][kfold_wrapper.log_eval_metrics] Accuracy(layer_2 - estimator_2 - 12_folds.train_3.predict)=39.56%
[ 2020-05-27 07:14:27,676][kfold_wrapper.log_eval_metrics] Accuracy(layer_2 - estimator_2 - 12_folds.train_4.predict)=43.96%
[ 2020-05-27 07:14:27,753][kfold_wrapper.log_eval_metrics] Accuracy(layer_2 - estimator_2 - 12_folds.train_5.predict)=41.21%
[ 2020-05-27 07:14:27,808][kfold_wrapper.log_eval_metrics] Accuracy(layer_2 - estimator_2 - 12_folds.train_6.predict)=40.66%
[ 2020-05-27 07:14:27,887][kfold_wrapper.log_eval_metrics] Accuracy(layer_2 - estimator_2 - 12_folds.train_7.predict)=35.71%
[ 2020-05-27 07:14:27,963][kfold_wrapper.log_eval_metrics] Accuracy(layer_2 - estimator_2 - 12_folds.train_8.predict)=37.91%
[ 2020-05-27 07:14:28,040][kfold_wrapper.log_eval_metrics] Accuracy(layer_2 - estimator_2 - 12_folds.train_9.predict)=42.31%
[ 2020-05-27 07:14:28,107][kfold_wrapper.log_eval_metrics] Accuracy(layer_2 - estimator_2 - 12_folds.train_10.predict)=50.55%
[ 2020-05-27 07:14:28,186][kfold_wrapper.log_eval_metrics] Accuracy(layer_2 - estimator_2 - 12_folds.train_11.predict)=37.91%
[ 2020-05-27 07:14:28,187][kfold_wrapper.log_eval_metrics] Accuracy(layer_2 - estimator_2 - 12_folds.train_cv.predict)=41.25%
[ 2020-05-27 07:14:28,188][kfold_wrapper.log_eval_metrics] Accuracy(layer_2 - estimator_2 - 12_folds.test.predict)=41.56%
[ 2020-05-27 07:14:28,189][cascade_classifier.calc_accuracy] Accuracy(layer_2 - train.classifier_average)=38.78%
[ 2020-05-27 07:14:28,189][cascade_classifier.calc_accuracy] Accuracy(layer_2 - test.classifier_average)=35.39%
[ 2020-05-27 07:14:28,191][cascade_classifier.fit_transform] [layer=3] look_indexs=[0], X_cur_train.shape=(2184, 14), X_cur_test.shape=(243, 14)
[ 2020-05-27 07:14:28,415][kfold_wrapper.log_eval_metrics] Accuracy(layer_3 - estimator_0 - 12_folds.train_0.predict)=38.46%
[ 2020-05-27 07:14:28,752][kfold_wrapper.log_eval_metrics] Accuracy(layer_3 - estimator_0 - 12_folds.train_1.predict)=37.36%
[ 2020-05-27 07:14:29,110][kfold_wrapper.log_eval_metrics] Accuracy(layer_3 - estimator_0 - 12_folds.train_2.predict)=34.62%
[ 2020-05-27 07:14:29,452][kfold_wrapper.log_eval_metrics] Accuracy(layer_3 - estimator_0 - 12_folds.train_3.predict)=36.26%
[ 2020-05-27 07:14:29,797][kfold_wrapper.log_eval_metrics] Accuracy(layer_3 - estimator_0 - 12_folds.train_4.predict)=41.76%
[ 2020-05-27 07:14:30,132][kfold_wrapper.log_eval_metrics] Accuracy(layer_3 - estimator_0 - 12_folds.train_5.predict)=40.11%
[ 2020-05-27 07:14:30,490][kfold_wrapper.log_eval_metrics] Accuracy(layer_3 - estimator_0 - 12_folds.train_6.predict)=32.97%
[ 2020-05-27 07:14:30,841][kfold_wrapper.log_eval_metrics] Accuracy(layer_3 - estimator_0 - 12_folds.train_7.predict)=44.51%
[ 2020-05-27 07:14:31,195][kfold_wrapper.log_eval_metrics] Accuracy(layer_3 - estimator_0 - 12_folds.train_8.predict)=37.91%
[ 2020-05-27 07:14:31,530][kfold_wrapper.log_eval_metrics] Accuracy(layer_3 - estimator_0 - 12_folds.train_9.predict)=35.71%
[ 2020-05-27 07:14:31,874][kfold_wrapper.log_eval_metrics] Accuracy(layer_3 - estimator_0 - 12_folds.train_10.predict)=40.66%
[ 2020-05-27 07:14:32,228][kfold_wrapper.log_eval_metrics] Accuracy(layer_3 - estimator_0 - 12_folds.train_11.predict)=30.77%
[ 2020-05-27 07:14:32,347][kfold_wrapper.log_eval_metrics] Accuracy(layer_3 - estimator_0 - 12_folds.train_cv.predict)=37.59%
[ 2020-05-27 07:14:32,350][kfold_wrapper.log_eval_metrics] Accuracy(layer_3 - estimator_0 - 12_folds.test.predict)=37.45%
[ 2020-05-27 07:14:32,592][kfold_wrapper.log_eval_metrics] Accuracy(layer_3 - estimator_1 - 12_folds.train_0.predict)=36.26%
[ 2020-05-27 07:14:32,936][kfold_wrapper.log_eval_metrics] Accuracy(layer_3 - estimator_1 - 12_folds.train_1.predict)=36.81%
[ 2020-05-27 07:14:33,284][kfold_wrapper.log_eval_metrics] Accuracy(layer_3 - estimator_1 - 12_folds.train_2.predict)=39.56%
[ 2020-05-27 07:14:33,636][kfold_wrapper.log_eval_metrics] Accuracy(layer_3 - estimator_1 - 12_folds.train_3.predict)=37.36%
[ 2020-05-27 07:14:33,988][kfold_wrapper.log_eval_metrics] Accuracy(layer_3 - estimator_1 - 12_folds.train_4.predict)=35.16%
[ 2020-05-27 07:14:34,332][kfold_wrapper.log_eval_metrics] Accuracy(layer_3 - estimator_1 - 12_folds.train_5.predict)=32.42%
[ 2020-05-27 07:14:34,665][kfold_wrapper.log_eval_metrics] Accuracy(layer_3 - estimator_1 - 12_folds.train_6.predict)=35.16%
[ 2020-05-27 07:14:35,014][kfold_wrapper.log_eval_metrics] Accuracy(layer_3 - estimator_1 - 12_folds.train_7.predict)=43.41%
[ 2020-05-27 07:14:35,376][kfold_wrapper.log_eval_metrics] Accuracy(layer_3 - estimator_1 - 12_folds.train_8.predict)=36.81%
[ 2020-05-27 07:14:35,729][kfold_wrapper.log_eval_metrics] Accuracy(layer_3 - estimator_1 - 12_folds.train_9.predict)=35.16%
[ 2020-05-27 07:14:36,080][kfold_wrapper.log_eval_metrics] Accuracy(layer_3 - estimator_1 - 12_folds.train_10.predict)=37.91%
[ 2020-05-27 07:14:36,437][kfold_wrapper.log_eval_metrics] Accuracy(layer_3 - estimator_1 - 12_folds.train_11.predict)=40.66%
[ 2020-05-27 07:14:36,556][kfold_wrapper.log_eval_metrics] Accuracy(layer_3 - estimator_1 - 12_folds.train_cv.predict)=37.23%
[ 2020-05-27 07:14:36,560][kfold_wrapper.log_eval_metrics] Accuracy(layer_3 - estimator_1 - 12_folds.test.predict)=38.68%
[ 2020-05-27 07:14:36,699][kfold_wrapper.log_eval_metrics] Accuracy(layer_3 - estimator_2 - 12_folds.train_0.predict)=46.15%
[ 2020-05-27 07:14:36,786][kfold_wrapper.log_eval_metrics] Accuracy(layer_3 - estimator_2 - 12_folds.train_1.predict)=39.01%
[ 2020-05-27 07:14:36,875][kfold_wrapper.log_eval_metrics] Accuracy(layer_3 - estimator_2 - 12_folds.train_2.predict)=35.71%
[ 2020-05-27 07:14:36,960][kfold_wrapper.log_eval_metrics] Accuracy(layer_3 - estimator_2 - 12_folds.train_3.predict)=43.96%
[ 2020-05-27 07:14:37,049][kfold_wrapper.log_eval_metrics] Accuracy(layer_3 - estimator_2 - 12_folds.train_4.predict)=43.96%
[ 2020-05-27 07:14:37,135][kfold_wrapper.log_eval_metrics] Accuracy(layer_3 - estimator_2 - 12_folds.train_5.predict)=39.01%
[ 2020-05-27 07:14:37,221][kfold_wrapper.log_eval_metrics] Accuracy(layer_3 - estimator_2 - 12_folds.train_6.predict)=43.96%
[ 2020-05-27 07:14:37,309][kfold_wrapper.log_eval_metrics] Accuracy(layer_3 - estimator_2 - 12_folds.train_7.predict)=36.26%
[ 2020-05-27 07:14:37,396][kfold_wrapper.log_eval_metrics] Accuracy(layer_3 - estimator_2 - 12_folds.train_8.predict)=40.66%
[ 2020-05-27 07:14:37,482][kfold_wrapper.log_eval_metrics] Accuracy(layer_3 - estimator_2 - 12_folds.train_9.predict)=47.80%
[ 2020-05-27 07:14:37,569][kfold_wrapper.log_eval_metrics] Accuracy(layer_3 - estimator_2 - 12_folds.train_10.predict)=40.11%
[ 2020-05-27 07:14:37,658][kfold_wrapper.log_eval_metrics] Accuracy(layer_3 - estimator_2 - 12_folds.train_11.predict)=39.01%
[ 2020-05-27 07:14:37,660][kfold_wrapper.log_eval_metrics] Accuracy(layer_3 - estimator_2 - 12_folds.train_cv.predict)=41.30%
[ 2020-05-27 07:14:37,661][kfold_wrapper.log_eval_metrics] Accuracy(layer_3 - estimator_2 - 12_folds.test.predict)=44.44%
[ 2020-05-27 07:14:37,661][cascade_classifier.calc_accuracy] Accuracy(layer_3 - train.classifier_average)=38.87%
[ 2020-05-27 07:14:37,662][cascade_classifier.calc_accuracy] Accuracy(layer_3 - test.classifier_average)=39.51%
[ 2020-05-27 07:14:37,663][cascade_classifier.fit_transform] [layer=4] look_indexs=[0], X_cur_train.shape=(2184, 14), X_cur_test.shape=(243, 14)
[ 2020-05-27 07:14:37,888][kfold_wrapper.log_eval_metrics] Accuracy(layer_4 - estimator_0 - 12_folds.train_0.predict)=33.52%
[ 2020-05-27 07:14:38,241][kfold_wrapper.log_eval_metrics] Accuracy(layer_4 - estimator_0 - 12_folds.train_1.predict)=33.52%
[ 2020-05-27 07:14:38,586][kfold_wrapper.log_eval_metrics] Accuracy(layer_4 - estimator_0 - 12_folds.train_2.predict)=43.41%
[ 2020-05-27 07:14:38,937][kfold_wrapper.log_eval_metrics] Accuracy(layer_4 - estimator_0 - 12_folds.train_3.predict)=30.77%
[ 2020-05-27 07:14:39,286][kfold_wrapper.log_eval_metrics] Accuracy(layer_4 - estimator_0 - 12_folds.train_4.predict)=34.62%
[ 2020-05-27 07:14:39,637][kfold_wrapper.log_eval_metrics] Accuracy(layer_4 - estimator_0 - 12_folds.train_5.predict)=36.81%
[ 2020-05-27 07:14:39,981][kfold_wrapper.log_eval_metrics] Accuracy(layer_4 - estimator_0 - 12_folds.train_6.predict)=38.46%
[ 2020-05-27 07:14:40,333][kfold_wrapper.log_eval_metrics] Accuracy(layer_4 - estimator_0 - 12_folds.train_7.predict)=34.07%
[ 2020-05-27 07:14:40,684][kfold_wrapper.log_eval_metrics] Accuracy(layer_4 - estimator_0 - 12_folds.train_8.predict)=31.32%
[ 2020-05-27 07:14:41,031][kfold_wrapper.log_eval_metrics] Accuracy(layer_4 - estimator_0 - 12_folds.train_9.predict)=43.41%
[ 2020-05-27 07:14:41,376][kfold_wrapper.log_eval_metrics] Accuracy(layer_4 - estimator_0 - 12_folds.train_10.predict)=38.46%
[ 2020-05-27 07:14:41,719][kfold_wrapper.log_eval_metrics] Accuracy(layer_4 - estimator_0 - 12_folds.train_11.predict)=34.62%
[ 2020-05-27 07:14:41,831][kfold_wrapper.log_eval_metrics] Accuracy(layer_4 - estimator_0 - 12_folds.train_cv.predict)=36.08%
[ 2020-05-27 07:14:41,833][kfold_wrapper.log_eval_metrics] Accuracy(layer_4 - estimator_0 - 12_folds.test.predict)=34.16%
[ 2020-05-27 07:14:42,060][kfold_wrapper.log_eval_metrics] Accuracy(layer_4 - estimator_1 - 12_folds.train_0.predict)=39.01%
[ 2020-05-27 07:14:42,409][kfold_wrapper.log_eval_metrics] Accuracy(layer_4 - estimator_1 - 12_folds.train_1.predict)=34.07%
[ 2020-05-27 07:14:42,757][kfold_wrapper.log_eval_metrics] Accuracy(layer_4 - estimator_1 - 12_folds.train_2.predict)=38.46%
[ 2020-05-27 07:14:43,117][kfold_wrapper.log_eval_metrics] Accuracy(layer_4 - estimator_1 - 12_folds.train_3.predict)=47.25%
[ 2020-05-27 07:14:43,455][kfold_wrapper.log_eval_metrics] Accuracy(layer_4 - estimator_1 - 12_folds.train_4.predict)=33.52%
[ 2020-05-27 07:14:43,804][kfold_wrapper.log_eval_metrics] Accuracy(layer_4 - estimator_1 - 12_folds.train_5.predict)=29.12%
[ 2020-05-27 07:14:44,143][kfold_wrapper.log_eval_metrics] Accuracy(layer_4 - estimator_1 - 12_folds.train_6.predict)=35.71%
[ 2020-05-27 07:14:44,477][kfold_wrapper.log_eval_metrics] Accuracy(layer_4 - estimator_1 - 12_folds.train_7.predict)=35.71%
[ 2020-05-27 07:14:44,831][kfold_wrapper.log_eval_metrics] Accuracy(layer_4 - estimator_1 - 12_folds.train_8.predict)=36.81%
[ 2020-05-27 07:14:45,190][kfold_wrapper.log_eval_metrics] Accuracy(layer_4 - estimator_1 - 12_folds.train_9.predict)=36.26%
[ 2020-05-27 07:14:45,528][kfold_wrapper.log_eval_metrics] Accuracy(layer_4 - estimator_1 - 12_folds.train_10.predict)=40.11%
[ 2020-05-27 07:14:45,867][kfold_wrapper.log_eval_metrics] Accuracy(layer_4 - estimator_1 - 12_folds.train_11.predict)=39.56%
[ 2020-05-27 07:14:45,986][kfold_wrapper.log_eval_metrics] Accuracy(layer_4 - estimator_1 - 12_folds.train_cv.predict)=37.13%
[ 2020-05-27 07:14:45,988][kfold_wrapper.log_eval_metrics] Accuracy(layer_4 - estimator_1 - 12_folds.test.predict)=38.27%
[ 2020-05-27 07:14:46,119][kfold_wrapper.log_eval_metrics] Accuracy(layer_4 - estimator_2 - 12_folds.train_0.predict)=41.76%
[ 2020-05-27 07:14:46,221][kfold_wrapper.log_eval_metrics] Accuracy(layer_4 - estimator_2 - 12_folds.train_1.predict)=42.86%
[ 2020-05-27 07:14:46,320][kfold_wrapper.log_eval_metrics] Accuracy(layer_4 - estimator_2 - 12_folds.train_2.predict)=41.76%
[ 2020-05-27 07:14:46,424][kfold_wrapper.log_eval_metrics] Accuracy(layer_4 - estimator_2 - 12_folds.train_3.predict)=38.46%
[ 2020-05-27 07:14:46,525][kfold_wrapper.log_eval_metrics] Accuracy(layer_4 - estimator_2 - 12_folds.train_4.predict)=35.16%
[ 2020-05-27 07:14:46,629][kfold_wrapper.log_eval_metrics] Accuracy(layer_4 - estimator_2 - 12_folds.train_5.predict)=40.11%
[ 2020-05-27 07:14:46,730][kfold_wrapper.log_eval_metrics] Accuracy(layer_4 - estimator_2 - 12_folds.train_6.predict)=39.01%
[ 2020-05-27 07:14:46,831][kfold_wrapper.log_eval_metrics] Accuracy(layer_4 - estimator_2 - 12_folds.train_7.predict)=37.91%
[ 2020-05-27 07:14:46,936][kfold_wrapper.log_eval_metrics] Accuracy(layer_4 - estimator_2 - 12_folds.train_8.predict)=39.01%
[ 2020-05-27 07:14:47,041][kfold_wrapper.log_eval_metrics] Accuracy(layer_4 - estimator_2 - 12_folds.train_9.predict)=40.66%
[ 2020-05-27 07:14:47,141][kfold_wrapper.log_eval_metrics] Accuracy(layer_4 - estimator_2 - 12_folds.train_10.predict)=39.56%
[ 2020-05-27 07:14:47,242][kfold_wrapper.log_eval_metrics] Accuracy(layer_4 - estimator_2 - 12_folds.train_11.predict)=40.66%
[ 2020-05-27 07:14:47,244][kfold_wrapper.log_eval_metrics] Accuracy(layer_4 - estimator_2 - 12_folds.train_cv.predict)=39.74%
[ 2020-05-27 07:14:47,245][kfold_wrapper.log_eval_metrics] Accuracy(layer_4 - estimator_2 - 12_folds.test.predict)=44.03%
[ 2020-05-27 07:14:47,246][cascade_classifier.calc_accuracy] Accuracy(layer_4 - train.classifier_average)=39.47%
[ 2020-05-27 07:14:47,246][cascade_classifier.calc_accuracy] Accuracy(layer_4 - test.classifier_average)=37.45%
[ 2020-05-27 07:14:47,248][cascade_classifier.fit_transform] [layer=5] look_indexs=[0], X_cur_train.shape=(2184, 14), X_cur_test.shape=(243, 14)
[ 2020-05-27 07:14:47,470][kfold_wrapper.log_eval_metrics] Accuracy(layer_5 - estimator_0 - 12_folds.train_0.predict)=33.52%
[ 2020-05-27 07:14:47,815][kfold_wrapper.log_eval_metrics] Accuracy(layer_5 - estimator_0 - 12_folds.train_1.predict)=31.32%
[ 2020-05-27 07:14:48,150][kfold_wrapper.log_eval_metrics] Accuracy(layer_5 - estimator_0 - 12_folds.train_2.predict)=37.36%
[ 2020-05-27 07:14:48,512][kfold_wrapper.log_eval_metrics] Accuracy(layer_5 - estimator_0 - 12_folds.train_3.predict)=33.52%
[ 2020-05-27 07:14:48,864][kfold_wrapper.log_eval_metrics] Accuracy(layer_5 - estimator_0 - 12_folds.train_4.predict)=39.56%
[ 2020-05-27 07:14:49,213][kfold_wrapper.log_eval_metrics] Accuracy(layer_5 - estimator_0 - 12_folds.train_5.predict)=38.46%
[ 2020-05-27 07:14:49,565][kfold_wrapper.log_eval_metrics] Accuracy(layer_5 - estimator_0 - 12_folds.train_6.predict)=34.07%
[ 2020-05-27 07:14:49,926][kfold_wrapper.log_eval_metrics] Accuracy(layer_5 - estimator_0 - 12_folds.train_7.predict)=34.62%
[ 2020-05-27 07:14:50,282][kfold_wrapper.log_eval_metrics] Accuracy(layer_5 - estimator_0 - 12_folds.train_8.predict)=37.91%
[ 2020-05-27 07:14:50,631][kfold_wrapper.log_eval_metrics] Accuracy(layer_5 - estimator_0 - 12_folds.train_9.predict)=36.81%
[ 2020-05-27 07:14:50,993][kfold_wrapper.log_eval_metrics] Accuracy(layer_5 - estimator_0 - 12_folds.train_10.predict)=37.36%
[ 2020-05-27 07:14:51,340][kfold_wrapper.log_eval_metrics] Accuracy(layer_5 - estimator_0 - 12_folds.train_11.predict)=35.16%
[ 2020-05-27 07:14:51,461][kfold_wrapper.log_eval_metrics] Accuracy(layer_5 - estimator_0 - 12_folds.train_cv.predict)=35.81%
[ 2020-05-27 07:14:51,463][kfold_wrapper.log_eval_metrics] Accuracy(layer_5 - estimator_0 - 12_folds.test.predict)=34.98%
[ 2020-05-27 07:14:51,704][kfold_wrapper.log_eval_metrics] Accuracy(layer_5 - estimator_1 - 12_folds.train_0.predict)=38.46%
[ 2020-05-27 07:14:52,059][kfold_wrapper.log_eval_metrics] Accuracy(layer_5 - estimator_1 - 12_folds.train_1.predict)=36.26%
[ 2020-05-27 07:14:52,420][kfold_wrapper.log_eval_metrics] Accuracy(layer_5 - estimator_1 - 12_folds.train_2.predict)=35.16%
[ 2020-05-27 07:14:52,777][kfold_wrapper.log_eval_metrics] Accuracy(layer_5 - estimator_1 - 12_folds.train_3.predict)=39.01%
[ 2020-05-27 07:14:53,134][kfold_wrapper.log_eval_metrics] Accuracy(layer_5 - estimator_1 - 12_folds.train_4.predict)=30.77%
[ 2020-05-27 07:14:53,497][kfold_wrapper.log_eval_metrics] Accuracy(layer_5 - estimator_1 - 12_folds.train_5.predict)=37.91%
[ 2020-05-27 07:14:53,860][kfold_wrapper.log_eval_metrics] Accuracy(layer_5 - estimator_1 - 12_folds.train_6.predict)=32.97%
[ 2020-05-27 07:14:54,206][kfold_wrapper.log_eval_metrics] Accuracy(layer_5 - estimator_1 - 12_folds.train_7.predict)=28.57%
[ 2020-05-27 07:14:54,570][kfold_wrapper.log_eval_metrics] Accuracy(layer_5 - estimator_1 - 12_folds.train_8.predict)=42.86%
[ 2020-05-27 07:14:54,935][kfold_wrapper.log_eval_metrics] Accuracy(layer_5 - estimator_1 - 12_folds.train_9.predict)=35.16%
[ 2020-05-27 07:14:55,283][kfold_wrapper.log_eval_metrics] Accuracy(layer_5 - estimator_1 - 12_folds.train_10.predict)=40.11%
[ 2020-05-27 07:14:55,630][kfold_wrapper.log_eval_metrics] Accuracy(layer_5 - estimator_1 - 12_folds.train_11.predict)=42.86%
[ 2020-05-27 07:14:55,750][kfold_wrapper.log_eval_metrics] Accuracy(layer_5 - estimator_1 - 12_folds.train_cv.predict)=36.68%
[ 2020-05-27 07:14:55,751][kfold_wrapper.log_eval_metrics] Accuracy(layer_5 - estimator_1 - 12_folds.test.predict)=39.51%
[ 2020-05-27 07:14:55,877][kfold_wrapper.log_eval_metrics] Accuracy(layer_5 - estimator_2 - 12_folds.train_0.predict)=48.90%
[ 2020-05-27 07:14:56,002][kfold_wrapper.log_eval_metrics] Accuracy(layer_5 - estimator_2 - 12_folds.train_1.predict)=37.91%
[ 2020-05-27 07:14:56,128][kfold_wrapper.log_eval_metrics] Accuracy(layer_5 - estimator_2 - 12_folds.train_2.predict)=42.31%
[ 2020-05-27 07:14:56,256][kfold_wrapper.log_eval_metrics] Accuracy(layer_5 - estimator_2 - 12_folds.train_3.predict)=40.66%
[ 2020-05-27 07:14:56,383][kfold_wrapper.log_eval_metrics] Accuracy(layer_5 - estimator_2 - 12_folds.train_4.predict)=34.62%
[ 2020-05-27 07:14:56,510][kfold_wrapper.log_eval_metrics] Accuracy(layer_5 - estimator_2 - 12_folds.train_5.predict)=42.86%
[ 2020-05-27 07:14:56,636][kfold_wrapper.log_eval_metrics] Accuracy(layer_5 - estimator_2 - 12_folds.train_6.predict)=40.66%
[ 2020-05-27 07:14:56,760][kfold_wrapper.log_eval_metrics] Accuracy(layer_5 - estimator_2 - 12_folds.train_7.predict)=42.31%
[ 2020-05-27 07:14:56,884][kfold_wrapper.log_eval_metrics] Accuracy(layer_5 - estimator_2 - 12_folds.train_8.predict)=37.91%
[ 2020-05-27 07:14:57,007][kfold_wrapper.log_eval_metrics] Accuracy(layer_5 - estimator_2 - 12_folds.train_9.predict)=37.91%
[ 2020-05-27 07:14:57,129][kfold_wrapper.log_eval_metrics] Accuracy(layer_5 - estimator_2 - 12_folds.train_10.predict)=39.56%
[ 2020-05-27 07:14:57,258][kfold_wrapper.log_eval_metrics] Accuracy(layer_5 - estimator_2 - 12_folds.train_11.predict)=42.86%
[ 2020-05-27 07:14:57,259][kfold_wrapper.log_eval_metrics] Accuracy(layer_5 - estimator_2 - 12_folds.train_cv.predict)=40.71%
[ 2020-05-27 07:14:57,260][kfold_wrapper.log_eval_metrics] Accuracy(layer_5 - estimator_2 - 12_folds.test.predict)=44.86%
[ 2020-05-27 07:14:57,262][cascade_classifier.calc_accuracy] Accuracy(layer_5 - train.classifier_average)=38.32%
[ 2020-05-27 07:14:57,263][cascade_classifier.calc_accuracy] Accuracy(layer_5 - test.classifier_average)=38.27%
[ 2020-05-27 07:14:57,263][cascade_classifier.fit_transform] [Result][Optimal Level Detected] opt_layer_num=2, accuracy_train=40.89%, accuracy_test=34.98%
[ 2020-05-27 07:14:57,335][cascade_classifier.transform] X_groups_test.shape=[(244, 5)]
[ 2020-05-27 07:14:57,335][cascade_classifier.transform] group_dims=[5]
[ 2020-05-27 07:14:57,336][cascade_classifier.transform] X_test.shape=(244, 5)
[ 2020-05-27 07:14:57,336][cascade_classifier.transform] [layer=0] look_indexs=[0], X_cur_test.shape=(244, 5)
[ 2020-05-27 07:14:59,980][cascade_classifier.transform] [layer=1] look_indexs=[0], X_cur_test.shape=(244, 14)
[ 2020-05-27 07:15:02,991][cascade_classifier.fit_transform] X_groups_train.shape=[(2403, 5)],y_train.shape=(2403,),X_groups_test.shape=[(268, 5)],y_test.shape=(268,)
[ 2020-05-27 07:15:02,992][cascade_classifier.fit_transform] group_dims=[5]
[ 2020-05-27 07:15:02,993][cascade_classifier.fit_transform] group_starts=[0]
[ 2020-05-27 07:15:02,993][cascade_classifier.fit_transform] group_ends=[5]
[ 2020-05-27 07:15:02,994][cascade_classifier.fit_transform] X_train.shape=(2403, 5),X_test.shape=(268, 5)
[ 2020-05-27 07:15:02,995][cascade_classifier.fit_transform] [layer=0] look_indexs=[0], X_cur_train.shape=(2403, 5), X_cur_test.shape=(268, 5)
[ 2020-05-27 07:15:03,212][kfold_wrapper.log_eval_metrics] Accuracy(layer_0 - estimator_0 - 12_folds.train_0.predict)=34.33%
[ 2020-05-27 07:15:03,562][kfold_wrapper.log_eval_metrics] Accuracy(layer_0 - estimator_0 - 12_folds.train_1.predict)=33.33%
[ 2020-05-27 07:15:03,914][kfold_wrapper.log_eval_metrics] Accuracy(layer_0 - estimator_0 - 12_folds.train_2.predict)=30.85%
[ 2020-05-27 07:15:04,257][kfold_wrapper.log_eval_metrics] Accuracy(layer_0 - estimator_0 - 12_folds.train_3.predict)=28.00%
[ 2020-05-27 07:15:04,606][kfold_wrapper.log_eval_metrics] Accuracy(layer_0 - estimator_0 - 12_folds.train_4.predict)=34.50%
[ 2020-05-27 07:15:04,962][kfold_wrapper.log_eval_metrics] Accuracy(layer_0 - estimator_0 - 12_folds.train_5.predict)=35.50%
[ 2020-05-27 07:15:05,303][kfold_wrapper.log_eval_metrics] Accuracy(layer_0 - estimator_0 - 12_folds.train_6.predict)=30.50%
[ 2020-05-27 07:15:05,654][kfold_wrapper.log_eval_metrics] Accuracy(layer_0 - estimator_0 - 12_folds.train_7.predict)=36.50%
[ 2020-05-27 07:15:06,000][kfold_wrapper.log_eval_metrics] Accuracy(layer_0 - estimator_0 - 12_folds.train_8.predict)=35.00%
[ 2020-05-27 07:15:06,341][kfold_wrapper.log_eval_metrics] Accuracy(layer_0 - estimator_0 - 12_folds.train_9.predict)=26.50%
[ 2020-05-27 07:15:06,679][kfold_wrapper.log_eval_metrics] Accuracy(layer_0 - estimator_0 - 12_folds.train_10.predict)=34.50%
[ 2020-05-27 07:15:07,030][kfold_wrapper.log_eval_metrics] Accuracy(layer_0 - estimator_0 - 12_folds.train_11.predict)=28.50%
[ 2020-05-27 07:15:07,146][kfold_wrapper.log_eval_metrics] Accuracy(layer_0 - estimator_0 - 12_folds.train_cv.predict)=32.33%
[ 2020-05-27 07:15:07,148][kfold_wrapper.log_eval_metrics] Accuracy(layer_0 - estimator_0 - 12_folds.test.predict)=41.42%
[ 2020-05-27 07:15:07,373][kfold_wrapper.log_eval_metrics] Accuracy(layer_0 - estimator_1 - 12_folds.train_0.predict)=29.85%
[ 2020-05-27 07:15:07,727][kfold_wrapper.log_eval_metrics] Accuracy(layer_0 - estimator_1 - 12_folds.train_1.predict)=37.31%
[ 2020-05-27 07:15:08,082][kfold_wrapper.log_eval_metrics] Accuracy(layer_0 - estimator_1 - 12_folds.train_2.predict)=29.35%
[ 2020-05-27 07:15:08,440][kfold_wrapper.log_eval_metrics] Accuracy(layer_0 - estimator_1 - 12_folds.train_3.predict)=33.00%
[ 2020-05-27 07:15:08,798][kfold_wrapper.log_eval_metrics] Accuracy(layer_0 - estimator_1 - 12_folds.train_4.predict)=33.50%
[ 2020-05-27 07:15:09,129][kfold_wrapper.log_eval_metrics] Accuracy(layer_0 - estimator_1 - 12_folds.train_5.predict)=30.00%
[ 2020-05-27 07:15:09,470][kfold_wrapper.log_eval_metrics] Accuracy(layer_0 - estimator_1 - 12_folds.train_6.predict)=32.50%
[ 2020-05-27 07:15:09,821][kfold_wrapper.log_eval_metrics] Accuracy(layer_0 - estimator_1 - 12_folds.train_7.predict)=33.00%
[ 2020-05-27 07:15:10,179][kfold_wrapper.log_eval_metrics] Accuracy(layer_0 - estimator_1 - 12_folds.train_8.predict)=36.50%
[ 2020-05-27 07:15:10,532][kfold_wrapper.log_eval_metrics] Accuracy(layer_0 - estimator_1 - 12_folds.train_9.predict)=33.00%
[ 2020-05-27 07:15:10,886][kfold_wrapper.log_eval_metrics] Accuracy(layer_0 - estimator_1 - 12_folds.train_10.predict)=35.50%
[ 2020-05-27 07:15:11,242][kfold_wrapper.log_eval_metrics] Accuracy(layer_0 - estimator_1 - 12_folds.train_11.predict)=27.50%
[ 2020-05-27 07:15:11,360][kfold_wrapper.log_eval_metrics] Accuracy(layer_0 - estimator_1 - 12_folds.train_cv.predict)=32.58%
[ 2020-05-27 07:15:11,362][kfold_wrapper.log_eval_metrics] Accuracy(layer_0 - estimator_1 - 12_folds.test.predict)=42.91%
[ 2020-05-27 07:15:11,449][kfold_wrapper.log_eval_metrics] Accuracy(layer_0 - estimator_2 - 12_folds.train_0.predict)=42.29%
[ 2020-05-27 07:15:11,481][kfold_wrapper.log_eval_metrics] Accuracy(layer_0 - estimator_2 - 12_folds.train_1.predict)=35.82%
[ 2020-05-27 07:15:11,506][kfold_wrapper.log_eval_metrics] Accuracy(layer_0 - estimator_2 - 12_folds.train_2.predict)=35.82%
[ 2020-05-27 07:15:11,539][kfold_wrapper.log_eval_metrics] Accuracy(layer_0 - estimator_2 - 12_folds.train_3.predict)=41.00%
[ 2020-05-27 07:15:11,563][kfold_wrapper.log_eval_metrics] Accuracy(layer_0 - estimator_2 - 12_folds.train_4.predict)=40.00%
[ 2020-05-27 07:15:11,594][kfold_wrapper.log_eval_metrics] Accuracy(layer_0 - estimator_2 - 12_folds.train_5.predict)=38.00%
[ 2020-05-27 07:15:11,628][kfold_wrapper.log_eval_metrics] Accuracy(layer_0 - estimator_2 - 12_folds.train_6.predict)=41.50%
[ 2020-05-27 07:15:11,661][kfold_wrapper.log_eval_metrics] Accuracy(layer_0 - estimator_2 - 12_folds.train_7.predict)=41.00%
[ 2020-05-27 07:15:11,683][kfold_wrapper.log_eval_metrics] Accuracy(layer_0 - estimator_2 - 12_folds.train_8.predict)=39.50%
[ 2020-05-27 07:15:11,708][kfold_wrapper.log_eval_metrics] Accuracy(layer_0 - estimator_2 - 12_folds.train_9.predict)=43.50%
[ 2020-05-27 07:15:11,732][kfold_wrapper.log_eval_metrics] Accuracy(layer_0 - estimator_2 - 12_folds.train_10.predict)=37.50%
[ 2020-05-27 07:15:11,756][kfold_wrapper.log_eval_metrics] Accuracy(layer_0 - estimator_2 - 12_folds.train_11.predict)=43.00%
[ 2020-05-27 07:15:11,757][kfold_wrapper.log_eval_metrics] Accuracy(layer_0 - estimator_2 - 12_folds.train_cv.predict)=39.91%
[ 2020-05-27 07:15:11,758][kfold_wrapper.log_eval_metrics] Accuracy(layer_0 - estimator_2 - 12_folds.test.predict)=35.07%
[ 2020-05-27 07:15:11,759][cascade_classifier.calc_accuracy] Accuracy(layer_0 - train.classifier_average)=33.50%
[ 2020-05-27 07:15:11,760][cascade_classifier.calc_accuracy] Accuracy(layer_0 - test.classifier_average)=42.91%
[ 2020-05-27 07:15:11,760][cascade_classifier.fit_transform] [layer=1] look_indexs=[0], X_cur_train.shape=(2403, 14), X_cur_test.shape=(268, 14)
[ 2020-05-27 07:15:11,980][kfold_wrapper.log_eval_metrics] Accuracy(layer_1 - estimator_0 - 12_folds.train_0.predict)=36.32%
[ 2020-05-27 07:15:12,333][kfold_wrapper.log_eval_metrics] Accuracy(layer_1 - estimator_0 - 12_folds.train_1.predict)=42.29%
[ 2020-05-27 07:15:12,673][kfold_wrapper.log_eval_metrics] Accuracy(layer_1 - estimator_0 - 12_folds.train_2.predict)=39.30%
[ 2020-05-27 07:15:13,021][kfold_wrapper.log_eval_metrics] Accuracy(layer_1 - estimator_0 - 12_folds.train_3.predict)=36.50%
[ 2020-05-27 07:15:13,369][kfold_wrapper.log_eval_metrics] Accuracy(layer_1 - estimator_0 - 12_folds.train_4.predict)=40.50%
[ 2020-05-27 07:15:13,719][kfold_wrapper.log_eval_metrics] Accuracy(layer_1 - estimator_0 - 12_folds.train_5.predict)=37.50%
[ 2020-05-27 07:15:14,040][kfold_wrapper.log_eval_metrics] Accuracy(layer_1 - estimator_0 - 12_folds.train_6.predict)=43.50%
[ 2020-05-27 07:15:14,387][kfold_wrapper.log_eval_metrics] Accuracy(layer_1 - estimator_0 - 12_folds.train_7.predict)=43.00%
[ 2020-05-27 07:15:14,744][kfold_wrapper.log_eval_metrics] Accuracy(layer_1 - estimator_0 - 12_folds.train_8.predict)=42.50%
[ 2020-05-27 07:15:15,101][kfold_wrapper.log_eval_metrics] Accuracy(layer_1 - estimator_0 - 12_folds.train_9.predict)=43.00%
[ 2020-05-27 07:15:15,444][kfold_wrapper.log_eval_metrics] Accuracy(layer_1 - estimator_0 - 12_folds.train_10.predict)=40.50%
[ 2020-05-27 07:15:15,797][kfold_wrapper.log_eval_metrics] Accuracy(layer_1 - estimator_0 - 12_folds.train_11.predict)=37.50%
[ 2020-05-27 07:15:15,915][kfold_wrapper.log_eval_metrics] Accuracy(layer_1 - estimator_0 - 12_folds.train_cv.predict)=40.20%
[ 2020-05-27 07:15:15,918][kfold_wrapper.log_eval_metrics] Accuracy(layer_1 - estimator_0 - 12_folds.test.predict)=41.79%
[ 2020-05-27 07:15:16,165][kfold_wrapper.log_eval_metrics] Accuracy(layer_1 - estimator_1 - 12_folds.train_0.predict)=34.83%
[ 2020-05-27 07:15:16,511][kfold_wrapper.log_eval_metrics] Accuracy(layer_1 - estimator_1 - 12_folds.train_1.predict)=38.81%
[ 2020-05-27 07:15:16,866][kfold_wrapper.log_eval_metrics] Accuracy(layer_1 - estimator_1 - 12_folds.train_2.predict)=36.82%
[ 2020-05-27 07:15:17,210][kfold_wrapper.log_eval_metrics] Accuracy(layer_1 - estimator_1 - 12_folds.train_3.predict)=38.00%
[ 2020-05-27 07:15:17,553][kfold_wrapper.log_eval_metrics] Accuracy(layer_1 - estimator_1 - 12_folds.train_4.predict)=42.00%
[ 2020-05-27 07:15:17,894][kfold_wrapper.log_eval_metrics] Accuracy(layer_1 - estimator_1 - 12_folds.train_5.predict)=40.50%
[ 2020-05-27 07:15:18,247][kfold_wrapper.log_eval_metrics] Accuracy(layer_1 - estimator_1 - 12_folds.train_6.predict)=33.50%
[ 2020-05-27 07:15:18,572][kfold_wrapper.log_eval_metrics] Accuracy(layer_1 - estimator_1 - 12_folds.train_7.predict)=41.00%
[ 2020-05-27 07:15:18,908][kfold_wrapper.log_eval_metrics] Accuracy(layer_1 - estimator_1 - 12_folds.train_8.predict)=39.50%
[ 2020-05-27 07:15:19,242][kfold_wrapper.log_eval_metrics] Accuracy(layer_1 - estimator_1 - 12_folds.train_9.predict)=33.00%
[ 2020-05-27 07:15:19,577][kfold_wrapper.log_eval_metrics] Accuracy(layer_1 - estimator_1 - 12_folds.train_10.predict)=37.50%
[ 2020-05-27 07:15:19,906][kfold_wrapper.log_eval_metrics] Accuracy(layer_1 - estimator_1 - 12_folds.train_11.predict)=38.50%
[ 2020-05-27 07:15:20,011][kfold_wrapper.log_eval_metrics] Accuracy(layer_1 - estimator_1 - 12_folds.train_cv.predict)=37.83%
[ 2020-05-27 07:15:20,012][kfold_wrapper.log_eval_metrics] Accuracy(layer_1 - estimator_1 - 12_folds.test.predict)=43.28%
[ 2020-05-27 07:15:20,097][kfold_wrapper.log_eval_metrics] Accuracy(layer_1 - estimator_2 - 12_folds.train_0.predict)=45.27%
[ 2020-05-27 07:15:20,178][kfold_wrapper.log_eval_metrics] Accuracy(layer_1 - estimator_2 - 12_folds.train_1.predict)=37.31%
[ 2020-05-27 07:15:20,261][kfold_wrapper.log_eval_metrics] Accuracy(layer_1 - estimator_2 - 12_folds.train_2.predict)=36.32%
[ 2020-05-27 07:15:20,344][kfold_wrapper.log_eval_metrics] Accuracy(layer_1 - estimator_2 - 12_folds.train_3.predict)=46.00%
[ 2020-05-27 07:15:20,429][kfold_wrapper.log_eval_metrics] Accuracy(layer_1 - estimator_2 - 12_folds.train_4.predict)=43.00%
[ 2020-05-27 07:15:20,510][kfold_wrapper.log_eval_metrics] Accuracy(layer_1 - estimator_2 - 12_folds.train_5.predict)=43.50%
[ 2020-05-27 07:15:20,587][kfold_wrapper.log_eval_metrics] Accuracy(layer_1 - estimator_2 - 12_folds.train_6.predict)=35.00%
[ 2020-05-27 07:15:20,667][kfold_wrapper.log_eval_metrics] Accuracy(layer_1 - estimator_2 - 12_folds.train_7.predict)=41.00%
[ 2020-05-27 07:15:20,750][kfold_wrapper.log_eval_metrics] Accuracy(layer_1 - estimator_2 - 12_folds.train_8.predict)=38.50%
[ 2020-05-27 07:15:20,833][kfold_wrapper.log_eval_metrics] Accuracy(layer_1 - estimator_2 - 12_folds.train_9.predict)=40.00%
[ 2020-05-27 07:15:20,913][kfold_wrapper.log_eval_metrics] Accuracy(layer_1 - estimator_2 - 12_folds.train_10.predict)=41.50%
[ 2020-05-27 07:15:20,994][kfold_wrapper.log_eval_metrics] Accuracy(layer_1 - estimator_2 - 12_folds.train_11.predict)=38.50%
[ 2020-05-27 07:15:20,995][kfold_wrapper.log_eval_metrics] Accuracy(layer_1 - estimator_2 - 12_folds.train_cv.predict)=40.49%
[ 2020-05-27 07:15:20,996][kfold_wrapper.log_eval_metrics] Accuracy(layer_1 - estimator_2 - 12_folds.test.predict)=33.58%
[ 2020-05-27 07:15:20,997][cascade_classifier.calc_accuracy] Accuracy(layer_1 - train.classifier_average)=40.57%
[ 2020-05-27 07:15:20,997][cascade_classifier.calc_accuracy] Accuracy(layer_1 - test.classifier_average)=44.03%
[ 2020-05-27 07:15:20,998][cascade_classifier.fit_transform] [layer=2] look_indexs=[0], X_cur_train.shape=(2403, 14), X_cur_test.shape=(268, 14)
[ 2020-05-27 07:15:21,225][kfold_wrapper.log_eval_metrics] Accuracy(layer_2 - estimator_0 - 12_folds.train_0.predict)=35.32%
[ 2020-05-27 07:15:21,582][kfold_wrapper.log_eval_metrics] Accuracy(layer_2 - estimator_0 - 12_folds.train_1.predict)=34.33%
[ 2020-05-27 07:15:21,941][kfold_wrapper.log_eval_metrics] Accuracy(layer_2 - estimator_0 - 12_folds.train_2.predict)=30.85%
[ 2020-05-27 07:15:22,285][kfold_wrapper.log_eval_metrics] Accuracy(layer_2 - estimator_0 - 12_folds.train_3.predict)=37.50%
[ 2020-05-27 07:15:22,622][kfold_wrapper.log_eval_metrics] Accuracy(layer_2 - estimator_0 - 12_folds.train_4.predict)=36.50%
[ 2020-05-27 07:15:22,982][kfold_wrapper.log_eval_metrics] Accuracy(layer_2 - estimator_0 - 12_folds.train_5.predict)=39.50%
[ 2020-05-27 07:15:23,327][kfold_wrapper.log_eval_metrics] Accuracy(layer_2 - estimator_0 - 12_folds.train_6.predict)=37.00%
[ 2020-05-27 07:15:23,679][kfold_wrapper.log_eval_metrics] Accuracy(layer_2 - estimator_0 - 12_folds.train_7.predict)=36.00%
[ 2020-05-27 07:15:24,039][kfold_wrapper.log_eval_metrics] Accuracy(layer_2 - estimator_0 - 12_folds.train_8.predict)=34.00%
[ 2020-05-27 07:15:24,389][kfold_wrapper.log_eval_metrics] Accuracy(layer_2 - estimator_0 - 12_folds.train_9.predict)=37.50%
[ 2020-05-27 07:15:24,746][kfold_wrapper.log_eval_metrics] Accuracy(layer_2 - estimator_0 - 12_folds.train_10.predict)=39.00%
[ 2020-05-27 07:15:25,087][kfold_wrapper.log_eval_metrics] Accuracy(layer_2 - estimator_0 - 12_folds.train_11.predict)=45.50%
[ 2020-05-27 07:15:25,199][kfold_wrapper.log_eval_metrics] Accuracy(layer_2 - estimator_0 - 12_folds.train_cv.predict)=36.91%
[ 2020-05-27 07:15:25,203][kfold_wrapper.log_eval_metrics] Accuracy(layer_2 - estimator_0 - 12_folds.test.predict)=44.40%
[ 2020-05-27 07:15:25,449][kfold_wrapper.log_eval_metrics] Accuracy(layer_2 - estimator_1 - 12_folds.train_0.predict)=38.81%
[ 2020-05-27 07:15:25,790][kfold_wrapper.log_eval_metrics] Accuracy(layer_2 - estimator_1 - 12_folds.train_1.predict)=29.35%
[ 2020-05-27 07:15:26,129][kfold_wrapper.log_eval_metrics] Accuracy(layer_2 - estimator_1 - 12_folds.train_2.predict)=36.82%
[ 2020-05-27 07:15:26,473][kfold_wrapper.log_eval_metrics] Accuracy(layer_2 - estimator_1 - 12_folds.train_3.predict)=33.00%
[ 2020-05-27 07:15:26,814][kfold_wrapper.log_eval_metrics] Accuracy(layer_2 - estimator_1 - 12_folds.train_4.predict)=38.50%
[ 2020-05-27 07:15:27,160][kfold_wrapper.log_eval_metrics] Accuracy(layer_2 - estimator_1 - 12_folds.train_5.predict)=39.00%
[ 2020-05-27 07:15:27,518][kfold_wrapper.log_eval_metrics] Accuracy(layer_2 - estimator_1 - 12_folds.train_6.predict)=29.50%
[ 2020-05-27 07:15:27,861][kfold_wrapper.log_eval_metrics] Accuracy(layer_2 - estimator_1 - 12_folds.train_7.predict)=37.00%
[ 2020-05-27 07:15:28,216][kfold_wrapper.log_eval_metrics] Accuracy(layer_2 - estimator_1 - 12_folds.train_8.predict)=32.00%
[ 2020-05-27 07:15:28,565][kfold_wrapper.log_eval_metrics] Accuracy(layer_2 - estimator_1 - 12_folds.train_9.predict)=37.50%
[ 2020-05-27 07:15:28,923][kfold_wrapper.log_eval_metrics] Accuracy(layer_2 - estimator_1 - 12_folds.train_10.predict)=38.50%
[ 2020-05-27 07:15:29,258][kfold_wrapper.log_eval_metrics] Accuracy(layer_2 - estimator_1 - 12_folds.train_11.predict)=35.00%
[ 2020-05-27 07:15:29,376][kfold_wrapper.log_eval_metrics] Accuracy(layer_2 - estimator_1 - 12_folds.train_cv.predict)=35.41%
[ 2020-05-27 07:15:29,379][kfold_wrapper.log_eval_metrics] Accuracy(layer_2 - estimator_1 - 12_folds.test.predict)=42.91%
[ 2020-05-27 07:15:29,508][kfold_wrapper.log_eval_metrics] Accuracy(layer_2 - estimator_2 - 12_folds.train_0.predict)=44.78%
[ 2020-05-27 07:15:29,605][kfold_wrapper.log_eval_metrics] Accuracy(layer_2 - estimator_2 - 12_folds.train_1.predict)=38.81%
[ 2020-05-27 07:15:29,702][kfold_wrapper.log_eval_metrics] Accuracy(layer_2 - estimator_2 - 12_folds.train_2.predict)=43.28%
[ 2020-05-27 07:15:29,798][kfold_wrapper.log_eval_metrics] Accuracy(layer_2 - estimator_2 - 12_folds.train_3.predict)=45.00%
[ 2020-05-27 07:15:29,895][kfold_wrapper.log_eval_metrics] Accuracy(layer_2 - estimator_2 - 12_folds.train_4.predict)=47.50%
[ 2020-05-27 07:15:29,996][kfold_wrapper.log_eval_metrics] Accuracy(layer_2 - estimator_2 - 12_folds.train_5.predict)=41.00%
[ 2020-05-27 07:15:30,091][kfold_wrapper.log_eval_metrics] Accuracy(layer_2 - estimator_2 - 12_folds.train_6.predict)=40.00%
[ 2020-05-27 07:15:30,190][kfold_wrapper.log_eval_metrics] Accuracy(layer_2 - estimator_2 - 12_folds.train_7.predict)=43.50%
[ 2020-05-27 07:15:30,286][kfold_wrapper.log_eval_metrics] Accuracy(layer_2 - estimator_2 - 12_folds.train_8.predict)=45.50%
[ 2020-05-27 07:15:30,387][kfold_wrapper.log_eval_metrics] Accuracy(layer_2 - estimator_2 - 12_folds.train_9.predict)=38.00%
[ 2020-05-27 07:15:30,483][kfold_wrapper.log_eval_metrics] Accuracy(layer_2 - estimator_2 - 12_folds.train_10.predict)=40.50%
[ 2020-05-27 07:15:30,582][kfold_wrapper.log_eval_metrics] Accuracy(layer_2 - estimator_2 - 12_folds.train_11.predict)=40.00%
[ 2020-05-27 07:15:30,583][kfold_wrapper.log_eval_metrics] Accuracy(layer_2 - estimator_2 - 12_folds.train_cv.predict)=42.32%
[ 2020-05-27 07:15:30,584][kfold_wrapper.log_eval_metrics] Accuracy(layer_2 - estimator_2 - 12_folds.test.predict)=39.55%
[ 2020-05-27 07:15:30,585][cascade_classifier.calc_accuracy] Accuracy(layer_2 - train.classifier_average)=38.74%
[ 2020-05-27 07:15:30,586][cascade_classifier.calc_accuracy] Accuracy(layer_2 - test.classifier_average)=43.28%
[ 2020-05-27 07:15:30,587][cascade_classifier.fit_transform] [layer=3] look_indexs=[0], X_cur_train.shape=(2403, 14), X_cur_test.shape=(268, 14)
[ 2020-05-27 07:15:30,812][kfold_wrapper.log_eval_metrics] Accuracy(layer_3 - estimator_0 - 12_folds.train_0.predict)=41.29%
[ 2020-05-27 07:15:31,173][kfold_wrapper.log_eval_metrics] Accuracy(layer_3 - estimator_0 - 12_folds.train_1.predict)=33.83%
[ 2020-05-27 07:15:31,522][kfold_wrapper.log_eval_metrics] Accuracy(layer_3 - estimator_0 - 12_folds.train_2.predict)=36.82%
[ 2020-05-27 07:15:31,877][kfold_wrapper.log_eval_metrics] Accuracy(layer_3 - estimator_0 - 12_folds.train_3.predict)=36.00%
[ 2020-05-27 07:15:32,229][kfold_wrapper.log_eval_metrics] Accuracy(layer_3 - estimator_0 - 12_folds.train_4.predict)=34.00%
[ 2020-05-27 07:15:32,590][kfold_wrapper.log_eval_metrics] Accuracy(layer_3 - estimator_0 - 12_folds.train_5.predict)=41.50%
[ 2020-05-27 07:15:32,950][kfold_wrapper.log_eval_metrics] Accuracy(layer_3 - estimator_0 - 12_folds.train_6.predict)=35.50%
[ 2020-05-27 07:15:33,300][kfold_wrapper.log_eval_metrics] Accuracy(layer_3 - estimator_0 - 12_folds.train_7.predict)=36.00%
[ 2020-05-27 07:15:33,651][kfold_wrapper.log_eval_metrics] Accuracy(layer_3 - estimator_0 - 12_folds.train_8.predict)=32.50%
[ 2020-05-27 07:15:34,008][kfold_wrapper.log_eval_metrics] Accuracy(layer_3 - estimator_0 - 12_folds.train_9.predict)=44.50%
[ 2020-05-27 07:15:34,360][kfold_wrapper.log_eval_metrics] Accuracy(layer_3 - estimator_0 - 12_folds.train_10.predict)=39.00%
[ 2020-05-27 07:15:34,719][kfold_wrapper.log_eval_metrics] Accuracy(layer_3 - estimator_0 - 12_folds.train_11.predict)=37.50%
[ 2020-05-27 07:15:34,826][kfold_wrapper.log_eval_metrics] Accuracy(layer_3 - estimator_0 - 12_folds.train_cv.predict)=37.37%
[ 2020-05-27 07:15:34,827][kfold_wrapper.log_eval_metrics] Accuracy(layer_3 - estimator_0 - 12_folds.test.predict)=42.91%
[ 2020-05-27 07:15:35,050][kfold_wrapper.log_eval_metrics] Accuracy(layer_3 - estimator_1 - 12_folds.train_0.predict)=41.29%
[ 2020-05-27 07:15:35,402][kfold_wrapper.log_eval_metrics] Accuracy(layer_3 - estimator_1 - 12_folds.train_1.predict)=37.81%
[ 2020-05-27 07:15:35,752][kfold_wrapper.log_eval_metrics] Accuracy(layer_3 - estimator_1 - 12_folds.train_2.predict)=35.82%
[ 2020-05-27 07:15:36,109][kfold_wrapper.log_eval_metrics] Accuracy(layer_3 - estimator_1 - 12_folds.train_3.predict)=44.00%
[ 2020-05-27 07:15:36,454][kfold_wrapper.log_eval_metrics] Accuracy(layer_3 - estimator_1 - 12_folds.train_4.predict)=39.00%
[ 2020-05-27 07:15:36,808][kfold_wrapper.log_eval_metrics] Accuracy(layer_3 - estimator_1 - 12_folds.train_5.predict)=38.50%
[ 2020-05-27 07:15:37,151][kfold_wrapper.log_eval_metrics] Accuracy(layer_3 - estimator_1 - 12_folds.train_6.predict)=32.00%
[ 2020-05-27 07:15:37,493][kfold_wrapper.log_eval_metrics] Accuracy(layer_3 - estimator_1 - 12_folds.train_7.predict)=38.00%
[ 2020-05-27 07:15:37,837][kfold_wrapper.log_eval_metrics] Accuracy(layer_3 - estimator_1 - 12_folds.train_8.predict)=41.50%
[ 2020-05-27 07:15:38,187][kfold_wrapper.log_eval_metrics] Accuracy(layer_3 - estimator_1 - 12_folds.train_9.predict)=40.50%
[ 2020-05-27 07:15:38,533][kfold_wrapper.log_eval_metrics] Accuracy(layer_3 - estimator_1 - 12_folds.train_10.predict)=38.00%
[ 2020-05-27 07:15:38,893][kfold_wrapper.log_eval_metrics] Accuracy(layer_3 - estimator_1 - 12_folds.train_11.predict)=31.50%
[ 2020-05-27 07:15:39,012][kfold_wrapper.log_eval_metrics] Accuracy(layer_3 - estimator_1 - 12_folds.train_cv.predict)=38.16%
[ 2020-05-27 07:15:39,014][kfold_wrapper.log_eval_metrics] Accuracy(layer_3 - estimator_1 - 12_folds.test.predict)=42.54%
[ 2020-05-27 07:15:39,177][kfold_wrapper.log_eval_metrics] Accuracy(layer_3 - estimator_2 - 12_folds.train_0.predict)=44.28%
[ 2020-05-27 07:15:39,301][kfold_wrapper.log_eval_metrics] Accuracy(layer_3 - estimator_2 - 12_folds.train_1.predict)=46.77%
[ 2020-05-27 07:15:39,424][kfold_wrapper.log_eval_metrics] Accuracy(layer_3 - estimator_2 - 12_folds.train_2.predict)=40.30%
[ 2020-05-27 07:15:39,553][kfold_wrapper.log_eval_metrics] Accuracy(layer_3 - estimator_2 - 12_folds.train_3.predict)=38.00%
[ 2020-05-27 07:15:39,682][kfold_wrapper.log_eval_metrics] Accuracy(layer_3 - estimator_2 - 12_folds.train_4.predict)=41.50%
[ 2020-05-27 07:15:39,815][kfold_wrapper.log_eval_metrics] Accuracy(layer_3 - estimator_2 - 12_folds.train_5.predict)=35.00%
[ 2020-05-27 07:15:39,947][kfold_wrapper.log_eval_metrics] Accuracy(layer_3 - estimator_2 - 12_folds.train_6.predict)=46.00%
[ 2020-05-27 07:15:40,080][kfold_wrapper.log_eval_metrics] Accuracy(layer_3 - estimator_2 - 12_folds.train_7.predict)=40.00%
[ 2020-05-27 07:15:40,220][kfold_wrapper.log_eval_metrics] Accuracy(layer_3 - estimator_2 - 12_folds.train_8.predict)=43.50%
[ 2020-05-27 07:15:40,348][kfold_wrapper.log_eval_metrics] Accuracy(layer_3 - estimator_2 - 12_folds.train_9.predict)=40.50%
[ 2020-05-27 07:15:40,472][kfold_wrapper.log_eval_metrics] Accuracy(layer_3 - estimator_2 - 12_folds.train_10.predict)=39.00%
[ 2020-05-27 07:15:40,602][kfold_wrapper.log_eval_metrics] Accuracy(layer_3 - estimator_2 - 12_folds.train_11.predict)=39.00%
[ 2020-05-27 07:15:40,604][kfold_wrapper.log_eval_metrics] Accuracy(layer_3 - estimator_2 - 12_folds.train_cv.predict)=41.16%
[ 2020-05-27 07:15:40,605][kfold_wrapper.log_eval_metrics] Accuracy(layer_3 - estimator_2 - 12_folds.test.predict)=42.16%
[ 2020-05-27 07:15:40,607][cascade_classifier.calc_accuracy] Accuracy(layer_3 - train.classifier_average)=38.58%
[ 2020-05-27 07:15:40,608][cascade_classifier.calc_accuracy] Accuracy(layer_3 - test.classifier_average)=42.54%
[ 2020-05-27 07:15:40,609][cascade_classifier.fit_transform] [layer=4] look_indexs=[0], X_cur_train.shape=(2403, 14), X_cur_test.shape=(268, 14)
[ 2020-05-27 07:15:40,830][kfold_wrapper.log_eval_metrics] Accuracy(layer_4 - estimator_0 - 12_folds.train_0.predict)=36.32%
[ 2020-05-27 07:15:41,184][kfold_wrapper.log_eval_metrics] Accuracy(layer_4 - estimator_0 - 12_folds.train_1.predict)=31.84%
[ 2020-05-27 07:15:41,549][kfold_wrapper.log_eval_metrics] Accuracy(layer_4 - estimator_0 - 12_folds.train_2.predict)=30.35%
[ 2020-05-27 07:15:41,900][kfold_wrapper.log_eval_metrics] Accuracy(layer_4 - estimator_0 - 12_folds.train_3.predict)=44.50%
[ 2020-05-27 07:15:42,243][kfold_wrapper.log_eval_metrics] Accuracy(layer_4 - estimator_0 - 12_folds.train_4.predict)=38.50%
[ 2020-05-27 07:15:42,594][kfold_wrapper.log_eval_metrics] Accuracy(layer_4 - estimator_0 - 12_folds.train_5.predict)=34.00%
[ 2020-05-27 07:15:42,950][kfold_wrapper.log_eval_metrics] Accuracy(layer_4 - estimator_0 - 12_folds.train_6.predict)=39.00%
[ 2020-05-27 07:15:43,292][kfold_wrapper.log_eval_metrics] Accuracy(layer_4 - estimator_0 - 12_folds.train_7.predict)=40.00%
[ 2020-05-27 07:15:43,642][kfold_wrapper.log_eval_metrics] Accuracy(layer_4 - estimator_0 - 12_folds.train_8.predict)=36.50%
[ 2020-05-27 07:15:43,979][kfold_wrapper.log_eval_metrics] Accuracy(layer_4 - estimator_0 - 12_folds.train_9.predict)=35.50%
[ 2020-05-27 07:15:44,320][kfold_wrapper.log_eval_metrics] Accuracy(layer_4 - estimator_0 - 12_folds.train_10.predict)=38.50%
[ 2020-05-27 07:15:44,661][kfold_wrapper.log_eval_metrics] Accuracy(layer_4 - estimator_0 - 12_folds.train_11.predict)=33.50%
[ 2020-05-27 07:15:44,783][kfold_wrapper.log_eval_metrics] Accuracy(layer_4 - estimator_0 - 12_folds.train_cv.predict)=36.54%
[ 2020-05-27 07:15:44,788][kfold_wrapper.log_eval_metrics] Accuracy(layer_4 - estimator_0 - 12_folds.test.predict)=39.55%
[ 2020-05-27 07:15:45,039][kfold_wrapper.log_eval_metrics] Accuracy(layer_4 - estimator_1 - 12_folds.train_0.predict)=35.82%
[ 2020-05-27 07:15:45,380][kfold_wrapper.log_eval_metrics] Accuracy(layer_4 - estimator_1 - 12_folds.train_1.predict)=36.82%
[ 2020-05-27 07:15:45,722][kfold_wrapper.log_eval_metrics] Accuracy(layer_4 - estimator_1 - 12_folds.train_2.predict)=34.33%
[ 2020-05-27 07:15:46,081][kfold_wrapper.log_eval_metrics] Accuracy(layer_4 - estimator_1 - 12_folds.train_3.predict)=39.50%
[ 2020-05-27 07:15:46,420][kfold_wrapper.log_eval_metrics] Accuracy(layer_4 - estimator_1 - 12_folds.train_4.predict)=42.50%
[ 2020-05-27 07:15:46,761][kfold_wrapper.log_eval_metrics] Accuracy(layer_4 - estimator_1 - 12_folds.train_5.predict)=40.50%
[ 2020-05-27 07:15:47,117][kfold_wrapper.log_eval_metrics] Accuracy(layer_4 - estimator_1 - 12_folds.train_6.predict)=44.00%
[ 2020-05-27 07:15:47,454][kfold_wrapper.log_eval_metrics] Accuracy(layer_4 - estimator_1 - 12_folds.train_7.predict)=35.50%
[ 2020-05-27 07:15:47,798][kfold_wrapper.log_eval_metrics] Accuracy(layer_4 - estimator_1 - 12_folds.train_8.predict)=34.00%
[ 2020-05-27 07:15:48,138][kfold_wrapper.log_eval_metrics] Accuracy(layer_4 - estimator_1 - 12_folds.train_9.predict)=31.00%
[ 2020-05-27 07:15:48,472][kfold_wrapper.log_eval_metrics] Accuracy(layer_4 - estimator_1 - 12_folds.train_10.predict)=38.00%
[ 2020-05-27 07:15:48,818][kfold_wrapper.log_eval_metrics] Accuracy(layer_4 - estimator_1 - 12_folds.train_11.predict)=32.50%
[ 2020-05-27 07:15:48,931][kfold_wrapper.log_eval_metrics] Accuracy(layer_4 - estimator_1 - 12_folds.train_cv.predict)=37.04%
[ 2020-05-27 07:15:48,934][kfold_wrapper.log_eval_metrics] Accuracy(layer_4 - estimator_1 - 12_folds.test.predict)=42.54%
[ 2020-05-27 07:15:49,145][kfold_wrapper.log_eval_metrics] Accuracy(layer_4 - estimator_2 - 12_folds.train_0.predict)=38.81%
[ 2020-05-27 07:15:49,324][kfold_wrapper.log_eval_metrics] Accuracy(layer_4 - estimator_2 - 12_folds.train_1.predict)=42.29%
[ 2020-05-27 07:15:49,502][kfold_wrapper.log_eval_metrics] Accuracy(layer_4 - estimator_2 - 12_folds.train_2.predict)=41.79%
[ 2020-05-27 07:15:49,681][kfold_wrapper.log_eval_metrics] Accuracy(layer_4 - estimator_2 - 12_folds.train_3.predict)=42.00%
[ 2020-05-27 07:15:49,853][kfold_wrapper.log_eval_metrics] Accuracy(layer_4 - estimator_2 - 12_folds.train_4.predict)=47.00%
[ 2020-05-27 07:15:50,027][kfold_wrapper.log_eval_metrics] Accuracy(layer_4 - estimator_2 - 12_folds.train_5.predict)=42.50%
[ 2020-05-27 07:15:50,197][kfold_wrapper.log_eval_metrics] Accuracy(layer_4 - estimator_2 - 12_folds.train_6.predict)=38.00%
[ 2020-05-27 07:15:50,370][kfold_wrapper.log_eval_metrics] Accuracy(layer_4 - estimator_2 - 12_folds.train_7.predict)=39.00%
[ 2020-05-27 07:15:50,548][kfold_wrapper.log_eval_metrics] Accuracy(layer_4 - estimator_2 - 12_folds.train_8.predict)=43.50%
[ 2020-05-27 07:15:50,728][kfold_wrapper.log_eval_metrics] Accuracy(layer_4 - estimator_2 - 12_folds.train_9.predict)=35.50%
[ 2020-05-27 07:15:50,906][kfold_wrapper.log_eval_metrics] Accuracy(layer_4 - estimator_2 - 12_folds.train_10.predict)=33.50%
[ 2020-05-27 07:15:51,079][kfold_wrapper.log_eval_metrics] Accuracy(layer_4 - estimator_2 - 12_folds.train_11.predict)=37.50%
[ 2020-05-27 07:15:51,081][kfold_wrapper.log_eval_metrics] Accuracy(layer_4 - estimator_2 - 12_folds.train_cv.predict)=40.12%
[ 2020-05-27 07:15:51,081][kfold_wrapper.log_eval_metrics] Accuracy(layer_4 - estimator_2 - 12_folds.test.predict)=43.66%
[ 2020-05-27 07:15:51,083][cascade_classifier.calc_accuracy] Accuracy(layer_4 - train.classifier_average)=38.70%
[ 2020-05-27 07:15:51,084][cascade_classifier.calc_accuracy] Accuracy(layer_4 - test.classifier_average)=43.28%
[ 2020-05-27 07:15:51,085][cascade_classifier.fit_transform] [layer=5] look_indexs=[0], X_cur_train.shape=(2403, 14), X_cur_test.shape=(268, 14)
[ 2020-05-27 07:15:51,308][kfold_wrapper.log_eval_metrics] Accuracy(layer_5 - estimator_0 - 12_folds.train_0.predict)=40.30%
[ 2020-05-27 07:15:51,650][kfold_wrapper.log_eval_metrics] Accuracy(layer_5 - estimator_0 - 12_folds.train_1.predict)=35.82%
[ 2020-05-27 07:15:52,005][kfold_wrapper.log_eval_metrics] Accuracy(layer_5 - estimator_0 - 12_folds.train_2.predict)=40.80%
[ 2020-05-27 07:15:52,353][kfold_wrapper.log_eval_metrics] Accuracy(layer_5 - estimator_0 - 12_folds.train_3.predict)=39.00%
[ 2020-05-27 07:15:52,702][kfold_wrapper.log_eval_metrics] Accuracy(layer_5 - estimator_0 - 12_folds.train_4.predict)=31.50%
[ 2020-05-27 07:15:53,061][kfold_wrapper.log_eval_metrics] Accuracy(layer_5 - estimator_0 - 12_folds.train_5.predict)=41.00%
[ 2020-05-27 07:15:53,411][kfold_wrapper.log_eval_metrics] Accuracy(layer_5 - estimator_0 - 12_folds.train_6.predict)=35.50%
[ 2020-05-27 07:15:53,751][kfold_wrapper.log_eval_metrics] Accuracy(layer_5 - estimator_0 - 12_folds.train_7.predict)=42.50%
[ 2020-05-27 07:15:54,091][kfold_wrapper.log_eval_metrics] Accuracy(layer_5 - estimator_0 - 12_folds.train_8.predict)=33.00%
[ 2020-05-27 07:15:54,437][kfold_wrapper.log_eval_metrics] Accuracy(layer_5 - estimator_0 - 12_folds.train_9.predict)=41.50%
[ 2020-05-27 07:15:54,799][kfold_wrapper.log_eval_metrics] Accuracy(layer_5 - estimator_0 - 12_folds.train_10.predict)=32.00%
[ 2020-05-27 07:15:55,156][kfold_wrapper.log_eval_metrics] Accuracy(layer_5 - estimator_0 - 12_folds.train_11.predict)=41.00%
[ 2020-05-27 07:15:55,268][kfold_wrapper.log_eval_metrics] Accuracy(layer_5 - estimator_0 - 12_folds.train_cv.predict)=37.83%
[ 2020-05-27 07:15:55,270][kfold_wrapper.log_eval_metrics] Accuracy(layer_5 - estimator_0 - 12_folds.test.predict)=39.18%
[ 2020-05-27 07:15:55,504][kfold_wrapper.log_eval_metrics] Accuracy(layer_5 - estimator_1 - 12_folds.train_0.predict)=39.30%
[ 2020-05-27 07:15:55,855][kfold_wrapper.log_eval_metrics] Accuracy(layer_5 - estimator_1 - 12_folds.train_1.predict)=38.81%
[ 2020-05-27 07:15:56,205][kfold_wrapper.log_eval_metrics] Accuracy(layer_5 - estimator_1 - 12_folds.train_2.predict)=38.81%
[ 2020-05-27 07:15:56,545][kfold_wrapper.log_eval_metrics] Accuracy(layer_5 - estimator_1 - 12_folds.train_3.predict)=36.50%
[ 2020-05-27 07:15:56,901][kfold_wrapper.log_eval_metrics] Accuracy(layer_5 - estimator_1 - 12_folds.train_4.predict)=39.00%
[ 2020-05-27 07:15:57,252][kfold_wrapper.log_eval_metrics] Accuracy(layer_5 - estimator_1 - 12_folds.train_5.predict)=35.50%
[ 2020-05-27 07:15:57,601][kfold_wrapper.log_eval_metrics] Accuracy(layer_5 - estimator_1 - 12_folds.train_6.predict)=36.00%
[ 2020-05-27 07:15:57,948][kfold_wrapper.log_eval_metrics] Accuracy(layer_5 - estimator_1 - 12_folds.train_7.predict)=37.50%
[ 2020-05-27 07:15:58,311][kfold_wrapper.log_eval_metrics] Accuracy(layer_5 - estimator_1 - 12_folds.train_8.predict)=32.50%
[ 2020-05-27 07:15:58,661][kfold_wrapper.log_eval_metrics] Accuracy(layer_5 - estimator_1 - 12_folds.train_9.predict)=39.00%
[ 2020-05-27 07:15:59,014][kfold_wrapper.log_eval_metrics] Accuracy(layer_5 - estimator_1 - 12_folds.train_10.predict)=38.50%
[ 2020-05-27 07:15:59,348][kfold_wrapper.log_eval_metrics] Accuracy(layer_5 - estimator_1 - 12_folds.train_11.predict)=40.00%
[ 2020-05-27 07:15:59,467][kfold_wrapper.log_eval_metrics] Accuracy(layer_5 - estimator_1 - 12_folds.train_cv.predict)=37.62%
[ 2020-05-27 07:15:59,469][kfold_wrapper.log_eval_metrics] Accuracy(layer_5 - estimator_1 - 12_folds.test.predict)=40.67%
[ 2020-05-27 07:15:59,729][kfold_wrapper.log_eval_metrics] Accuracy(layer_5 - estimator_2 - 12_folds.train_0.predict)=39.80%
[ 2020-05-27 07:15:59,961][kfold_wrapper.log_eval_metrics] Accuracy(layer_5 - estimator_2 - 12_folds.train_1.predict)=38.81%
[ 2020-05-27 07:16:00,195][kfold_wrapper.log_eval_metrics] Accuracy(layer_5 - estimator_2 - 12_folds.train_2.predict)=47.76%
[ 2020-05-27 07:16:00,432][kfold_wrapper.log_eval_metrics] Accuracy(layer_5 - estimator_2 - 12_folds.train_3.predict)=43.50%
[ 2020-05-27 07:16:00,659][kfold_wrapper.log_eval_metrics] Accuracy(layer_5 - estimator_2 - 12_folds.train_4.predict)=39.50%
[ 2020-05-27 07:16:00,883][kfold_wrapper.log_eval_metrics] Accuracy(layer_5 - estimator_2 - 12_folds.train_5.predict)=35.50%
[ 2020-05-27 07:16:01,117][kfold_wrapper.log_eval_metrics] Accuracy(layer_5 - estimator_2 - 12_folds.train_6.predict)=41.50%
[ 2020-05-27 07:16:01,346][kfold_wrapper.log_eval_metrics] Accuracy(layer_5 - estimator_2 - 12_folds.train_7.predict)=39.00%
[ 2020-05-27 07:16:01,573][kfold_wrapper.log_eval_metrics] Accuracy(layer_5 - estimator_2 - 12_folds.train_8.predict)=40.00%
[ 2020-05-27 07:16:01,805][kfold_wrapper.log_eval_metrics] Accuracy(layer_5 - estimator_2 - 12_folds.train_9.predict)=36.50%
[ 2020-05-27 07:16:02,037][kfold_wrapper.log_eval_metrics] Accuracy(layer_5 - estimator_2 - 12_folds.train_10.predict)=37.50%
[ 2020-05-27 07:16:02,274][kfold_wrapper.log_eval_metrics] Accuracy(layer_5 - estimator_2 - 12_folds.train_11.predict)=39.50%
[ 2020-05-27 07:16:02,275][kfold_wrapper.log_eval_metrics] Accuracy(layer_5 - estimator_2 - 12_folds.train_cv.predict)=39.91%
[ 2020-05-27 07:16:02,276][kfold_wrapper.log_eval_metrics] Accuracy(layer_5 - estimator_2 - 12_folds.test.predict)=43.66%
[ 2020-05-27 07:16:02,278][cascade_classifier.calc_accuracy] Accuracy(layer_5 - train.classifier_average)=39.08%
[ 2020-05-27 07:16:02,279][cascade_classifier.calc_accuracy] Accuracy(layer_5 - test.classifier_average)=40.30%
[ 2020-05-27 07:16:02,280][cascade_classifier.fit_transform] [Result][Optimal Level Detected] opt_layer_num=2, accuracy_train=40.57%, accuracy_test=44.03%
[ 2020-05-27 07:16:02,374][cascade_classifier.transform] X_groups_test.shape=[(244, 5)]
[ 2020-05-27 07:16:02,375][cascade_classifier.transform] group_dims=[5]
[ 2020-05-27 07:16:02,375][cascade_classifier.transform] X_test.shape=(244, 5)
[ 2020-05-27 07:16:02,376][cascade_classifier.transform] [layer=0] look_indexs=[0], X_cur_test.shape=(244, 5)
[ 2020-05-27 07:16:05,041][cascade_classifier.transform] [layer=1] look_indexs=[0], X_cur_test.shape=(244, 14)
[ 2020-05-27 07:16:08,152][cascade_classifier.fit_transform] X_groups_train.shape=[(2623, 5)],y_train.shape=(2623,),X_groups_test.shape=[(292, 5)],y_test.shape=(292,)
[ 2020-05-27 07:16:08,153][cascade_classifier.fit_transform] group_dims=[5]
[ 2020-05-27 07:16:08,153][cascade_classifier.fit_transform] group_starts=[0]
[ 2020-05-27 07:16:08,154][cascade_classifier.fit_transform] group_ends=[5]
[ 2020-05-27 07:16:08,154][cascade_classifier.fit_transform] X_train.shape=(2623, 5),X_test.shape=(292, 5)
[ 2020-05-27 07:16:08,155][cascade_classifier.fit_transform] [layer=0] look_indexs=[0], X_cur_train.shape=(2623, 5), X_cur_test.shape=(292, 5)
[ 2020-05-27 07:16:08,373][kfold_wrapper.log_eval_metrics] Accuracy(layer_0 - estimator_0 - 12_folds.train_0.predict)=36.53%
[ 2020-05-27 07:16:08,729][kfold_wrapper.log_eval_metrics] Accuracy(layer_0 - estimator_0 - 12_folds.train_1.predict)=36.53%
[ 2020-05-27 07:16:09,073][kfold_wrapper.log_eval_metrics] Accuracy(layer_0 - estimator_0 - 12_folds.train_2.predict)=32.88%
[ 2020-05-27 07:16:09,421][kfold_wrapper.log_eval_metrics] Accuracy(layer_0 - estimator_0 - 12_folds.train_3.predict)=31.96%
[ 2020-05-27 07:16:09,765][kfold_wrapper.log_eval_metrics] Accuracy(layer_0 - estimator_0 - 12_folds.train_4.predict)=29.22%
[ 2020-05-27 07:16:10,109][kfold_wrapper.log_eval_metrics] Accuracy(layer_0 - estimator_0 - 12_folds.train_5.predict)=30.14%
[ 2020-05-27 07:16:10,456][kfold_wrapper.log_eval_metrics] Accuracy(layer_0 - estimator_0 - 12_folds.train_6.predict)=36.99%
[ 2020-05-27 07:16:10,811][kfold_wrapper.log_eval_metrics] Accuracy(layer_0 - estimator_0 - 12_folds.train_7.predict)=32.57%
[ 2020-05-27 07:16:11,151][kfold_wrapper.log_eval_metrics] Accuracy(layer_0 - estimator_0 - 12_folds.train_8.predict)=34.86%
[ 2020-05-27 07:16:11,504][kfold_wrapper.log_eval_metrics] Accuracy(layer_0 - estimator_0 - 12_folds.train_9.predict)=32.57%
[ 2020-05-27 07:16:11,861][kfold_wrapper.log_eval_metrics] Accuracy(layer_0 - estimator_0 - 12_folds.train_10.predict)=36.70%
[ 2020-05-27 07:16:12,213][kfold_wrapper.log_eval_metrics] Accuracy(layer_0 - estimator_0 - 12_folds.train_11.predict)=32.57%
[ 2020-05-27 07:16:12,329][kfold_wrapper.log_eval_metrics] Accuracy(layer_0 - estimator_0 - 12_folds.train_cv.predict)=33.63%
[ 2020-05-27 07:16:12,331][kfold_wrapper.log_eval_metrics] Accuracy(layer_0 - estimator_0 - 12_folds.test.predict)=30.14%
[ 2020-05-27 07:16:12,562][kfold_wrapper.log_eval_metrics] Accuracy(layer_0 - estimator_1 - 12_folds.train_0.predict)=39.27%
[ 2020-05-27 07:16:12,909][kfold_wrapper.log_eval_metrics] Accuracy(layer_0 - estimator_1 - 12_folds.train_1.predict)=26.03%
[ 2020-05-27 07:16:13,259][kfold_wrapper.log_eval_metrics] Accuracy(layer_0 - estimator_1 - 12_folds.train_2.predict)=33.79%
[ 2020-05-27 07:16:13,596][kfold_wrapper.log_eval_metrics] Accuracy(layer_0 - estimator_1 - 12_folds.train_3.predict)=29.68%
[ 2020-05-27 07:16:13,948][kfold_wrapper.log_eval_metrics] Accuracy(layer_0 - estimator_1 - 12_folds.train_4.predict)=33.33%
[ 2020-05-27 07:16:14,295][kfold_wrapper.log_eval_metrics] Accuracy(layer_0 - estimator_1 - 12_folds.train_5.predict)=36.99%
[ 2020-05-27 07:16:14,644][kfold_wrapper.log_eval_metrics] Accuracy(layer_0 - estimator_1 - 12_folds.train_6.predict)=33.79%
[ 2020-05-27 07:16:14,987][kfold_wrapper.log_eval_metrics] Accuracy(layer_0 - estimator_1 - 12_folds.train_7.predict)=32.11%
[ 2020-05-27 07:16:15,336][kfold_wrapper.log_eval_metrics] Accuracy(layer_0 - estimator_1 - 12_folds.train_8.predict)=36.70%
[ 2020-05-27 07:16:15,680][kfold_wrapper.log_eval_metrics] Accuracy(layer_0 - estimator_1 - 12_folds.train_9.predict)=42.20%
[ 2020-05-27 07:16:16,031][kfold_wrapper.log_eval_metrics] Accuracy(layer_0 - estimator_1 - 12_folds.train_10.predict)=37.61%
[ 2020-05-27 07:16:16,374][kfold_wrapper.log_eval_metrics] Accuracy(layer_0 - estimator_1 - 12_folds.train_11.predict)=29.82%
[ 2020-05-27 07:16:16,491][kfold_wrapper.log_eval_metrics] Accuracy(layer_0 - estimator_1 - 12_folds.train_cv.predict)=34.27%
[ 2020-05-27 07:16:16,494][kfold_wrapper.log_eval_metrics] Accuracy(layer_0 - estimator_1 - 12_folds.test.predict)=31.85%
[ 2020-05-27 07:16:16,574][kfold_wrapper.log_eval_metrics] Accuracy(layer_0 - estimator_2 - 12_folds.train_0.predict)=35.16%
[ 2020-05-27 07:16:16,608][kfold_wrapper.log_eval_metrics] Accuracy(layer_0 - estimator_2 - 12_folds.train_1.predict)=35.16%
[ 2020-05-27 07:16:16,632][kfold_wrapper.log_eval_metrics] Accuracy(layer_0 - estimator_2 - 12_folds.train_2.predict)=45.66%
[ 2020-05-27 07:16:16,664][kfold_wrapper.log_eval_metrics] Accuracy(layer_0 - estimator_2 - 12_folds.train_3.predict)=44.75%
[ 2020-05-27 07:16:16,696][kfold_wrapper.log_eval_metrics] Accuracy(layer_0 - estimator_2 - 12_folds.train_4.predict)=42.92%
[ 2020-05-27 07:16:16,720][kfold_wrapper.log_eval_metrics] Accuracy(layer_0 - estimator_2 - 12_folds.train_5.predict)=38.36%
[ 2020-05-27 07:16:16,745][kfold_wrapper.log_eval_metrics] Accuracy(layer_0 - estimator_2 - 12_folds.train_6.predict)=40.18%
[ 2020-05-27 07:16:16,776][kfold_wrapper.log_eval_metrics] Accuracy(layer_0 - estimator_2 - 12_folds.train_7.predict)=47.71%
[ 2020-05-27 07:16:16,802][kfold_wrapper.log_eval_metrics] Accuracy(layer_0 - estimator_2 - 12_folds.train_8.predict)=38.99%
[ 2020-05-27 07:16:16,828][kfold_wrapper.log_eval_metrics] Accuracy(layer_0 - estimator_2 - 12_folds.train_9.predict)=38.99%
[ 2020-05-27 07:16:16,859][kfold_wrapper.log_eval_metrics] Accuracy(layer_0 - estimator_2 - 12_folds.train_10.predict)=33.03%
[ 2020-05-27 07:16:16,892][kfold_wrapper.log_eval_metrics] Accuracy(layer_0 - estimator_2 - 12_folds.train_11.predict)=41.74%
[ 2020-05-27 07:16:16,893][kfold_wrapper.log_eval_metrics] Accuracy(layer_0 - estimator_2 - 12_folds.train_cv.predict)=40.22%
[ 2020-05-27 07:16:16,894][kfold_wrapper.log_eval_metrics] Accuracy(layer_0 - estimator_2 - 12_folds.test.predict)=27.74%
[ 2020-05-27 07:16:16,894][cascade_classifier.calc_accuracy] Accuracy(layer_0 - train.classifier_average)=34.27%
[ 2020-05-27 07:16:16,895][cascade_classifier.calc_accuracy] Accuracy(layer_0 - test.classifier_average)=31.16%
[ 2020-05-27 07:16:16,896][cascade_classifier.fit_transform] [layer=1] look_indexs=[0], X_cur_train.shape=(2623, 14), X_cur_test.shape=(292, 14)
[ 2020-05-27 07:16:17,118][kfold_wrapper.log_eval_metrics] Accuracy(layer_1 - estimator_0 - 12_folds.train_0.predict)=38.81%
[ 2020-05-27 07:16:17,471][kfold_wrapper.log_eval_metrics] Accuracy(layer_1 - estimator_0 - 12_folds.train_1.predict)=42.47%
[ 2020-05-27 07:16:17,808][kfold_wrapper.log_eval_metrics] Accuracy(layer_1 - estimator_0 - 12_folds.train_2.predict)=35.62%
[ 2020-05-27 07:16:18,165][kfold_wrapper.log_eval_metrics] Accuracy(layer_1 - estimator_0 - 12_folds.train_3.predict)=44.29%
[ 2020-05-27 07:16:18,515][kfold_wrapper.log_eval_metrics] Accuracy(layer_1 - estimator_0 - 12_folds.train_4.predict)=40.18%
[ 2020-05-27 07:16:18,852][kfold_wrapper.log_eval_metrics] Accuracy(layer_1 - estimator_0 - 12_folds.train_5.predict)=39.27%
[ 2020-05-27 07:16:19,210][kfold_wrapper.log_eval_metrics] Accuracy(layer_1 - estimator_0 - 12_folds.train_6.predict)=39.27%
[ 2020-05-27 07:16:19,558][kfold_wrapper.log_eval_metrics] Accuracy(layer_1 - estimator_0 - 12_folds.train_7.predict)=39.91%
[ 2020-05-27 07:16:19,911][kfold_wrapper.log_eval_metrics] Accuracy(layer_1 - estimator_0 - 12_folds.train_8.predict)=42.20%
[ 2020-05-27 07:16:20,255][kfold_wrapper.log_eval_metrics] Accuracy(layer_1 - estimator_0 - 12_folds.train_9.predict)=41.28%
[ 2020-05-27 07:16:20,594][kfold_wrapper.log_eval_metrics] Accuracy(layer_1 - estimator_0 - 12_folds.train_10.predict)=42.20%
[ 2020-05-27 07:16:20,952][kfold_wrapper.log_eval_metrics] Accuracy(layer_1 - estimator_0 - 12_folds.train_11.predict)=35.78%
[ 2020-05-27 07:16:21,071][kfold_wrapper.log_eval_metrics] Accuracy(layer_1 - estimator_0 - 12_folds.train_cv.predict)=40.11%
[ 2020-05-27 07:16:21,073][kfold_wrapper.log_eval_metrics] Accuracy(layer_1 - estimator_0 - 12_folds.test.predict)=35.27%
[ 2020-05-27 07:16:21,302][kfold_wrapper.log_eval_metrics] Accuracy(layer_1 - estimator_1 - 12_folds.train_0.predict)=38.36%
[ 2020-05-27 07:16:21,652][kfold_wrapper.log_eval_metrics] Accuracy(layer_1 - estimator_1 - 12_folds.train_1.predict)=36.99%
[ 2020-05-27 07:16:22,006][kfold_wrapper.log_eval_metrics] Accuracy(layer_1 - estimator_1 - 12_folds.train_2.predict)=42.47%
[ 2020-05-27 07:16:22,350][kfold_wrapper.log_eval_metrics] Accuracy(layer_1 - estimator_1 - 12_folds.train_3.predict)=35.16%
[ 2020-05-27 07:16:22,704][kfold_wrapper.log_eval_metrics] Accuracy(layer_1 - estimator_1 - 12_folds.train_4.predict)=43.84%
[ 2020-05-27 07:16:23,060][kfold_wrapper.log_eval_metrics] Accuracy(layer_1 - estimator_1 - 12_folds.train_5.predict)=33.33%
[ 2020-05-27 07:16:23,406][kfold_wrapper.log_eval_metrics] Accuracy(layer_1 - estimator_1 - 12_folds.train_6.predict)=40.18%
[ 2020-05-27 07:16:23,763][kfold_wrapper.log_eval_metrics] Accuracy(layer_1 - estimator_1 - 12_folds.train_7.predict)=41.74%
[ 2020-05-27 07:16:24,107][kfold_wrapper.log_eval_metrics] Accuracy(layer_1 - estimator_1 - 12_folds.train_8.predict)=32.11%
[ 2020-05-27 07:16:24,464][kfold_wrapper.log_eval_metrics] Accuracy(layer_1 - estimator_1 - 12_folds.train_9.predict)=34.40%
[ 2020-05-27 07:16:24,822][kfold_wrapper.log_eval_metrics] Accuracy(layer_1 - estimator_1 - 12_folds.train_10.predict)=31.65%
[ 2020-05-27 07:16:25,170][kfold_wrapper.log_eval_metrics] Accuracy(layer_1 - estimator_1 - 12_folds.train_11.predict)=32.57%
[ 2020-05-27 07:16:25,288][kfold_wrapper.log_eval_metrics] Accuracy(layer_1 - estimator_1 - 12_folds.train_cv.predict)=36.90%
[ 2020-05-27 07:16:25,291][kfold_wrapper.log_eval_metrics] Accuracy(layer_1 - estimator_1 - 12_folds.test.predict)=30.82%
[ 2020-05-27 07:16:25,430][kfold_wrapper.log_eval_metrics] Accuracy(layer_1 - estimator_2 - 12_folds.train_0.predict)=36.07%
[ 2020-05-27 07:16:25,521][kfold_wrapper.log_eval_metrics] Accuracy(layer_1 - estimator_2 - 12_folds.train_1.predict)=44.75%
[ 2020-05-27 07:16:25,601][kfold_wrapper.log_eval_metrics] Accuracy(layer_1 - estimator_2 - 12_folds.train_2.predict)=41.55%
[ 2020-05-27 07:16:25,698][kfold_wrapper.log_eval_metrics] Accuracy(layer_1 - estimator_2 - 12_folds.train_3.predict)=38.81%
[ 2020-05-27 07:16:25,788][kfold_wrapper.log_eval_metrics] Accuracy(layer_1 - estimator_2 - 12_folds.train_4.predict)=42.47%
[ 2020-05-27 07:16:25,877][kfold_wrapper.log_eval_metrics] Accuracy(layer_1 - estimator_2 - 12_folds.train_5.predict)=42.01%
[ 2020-05-27 07:16:25,966][kfold_wrapper.log_eval_metrics] Accuracy(layer_1 - estimator_2 - 12_folds.train_6.predict)=37.90%
[ 2020-05-27 07:16:26,057][kfold_wrapper.log_eval_metrics] Accuracy(layer_1 - estimator_2 - 12_folds.train_7.predict)=40.83%
[ 2020-05-27 07:16:26,145][kfold_wrapper.log_eval_metrics] Accuracy(layer_1 - estimator_2 - 12_folds.train_8.predict)=37.61%
[ 2020-05-27 07:16:26,233][kfold_wrapper.log_eval_metrics] Accuracy(layer_1 - estimator_2 - 12_folds.train_9.predict)=36.24%
[ 2020-05-27 07:16:26,320][kfold_wrapper.log_eval_metrics] Accuracy(layer_1 - estimator_2 - 12_folds.train_10.predict)=33.49%
[ 2020-05-27 07:16:26,406][kfold_wrapper.log_eval_metrics] Accuracy(layer_1 - estimator_2 - 12_folds.train_11.predict)=43.58%
[ 2020-05-27 07:16:26,408][kfold_wrapper.log_eval_metrics] Accuracy(layer_1 - estimator_2 - 12_folds.train_cv.predict)=39.61%
[ 2020-05-27 07:16:26,408][kfold_wrapper.log_eval_metrics] Accuracy(layer_1 - estimator_2 - 12_folds.test.predict)=27.74%
[ 2020-05-27 07:16:26,409][cascade_classifier.calc_accuracy] Accuracy(layer_1 - train.classifier_average)=41.10%
[ 2020-05-27 07:16:26,411][cascade_classifier.calc_accuracy] Accuracy(layer_1 - test.classifier_average)=31.85%
[ 2020-05-27 07:16:26,412][cascade_classifier.fit_transform] [layer=2] look_indexs=[0], X_cur_train.shape=(2623, 14), X_cur_test.shape=(292, 14)
[ 2020-05-27 07:16:26,628][kfold_wrapper.log_eval_metrics] Accuracy(layer_2 - estimator_0 - 12_folds.train_0.predict)=42.01%
[ 2020-05-27 07:16:26,985][kfold_wrapper.log_eval_metrics] Accuracy(layer_2 - estimator_0 - 12_folds.train_1.predict)=34.25%
[ 2020-05-27 07:16:27,342][kfold_wrapper.log_eval_metrics] Accuracy(layer_2 - estimator_0 - 12_folds.train_2.predict)=36.53%
[ 2020-05-27 07:16:27,702][kfold_wrapper.log_eval_metrics] Accuracy(layer_2 - estimator_0 - 12_folds.train_3.predict)=38.36%
[ 2020-05-27 07:16:28,050][kfold_wrapper.log_eval_metrics] Accuracy(layer_2 - estimator_0 - 12_folds.train_4.predict)=48.40%
[ 2020-05-27 07:16:28,403][kfold_wrapper.log_eval_metrics] Accuracy(layer_2 - estimator_0 - 12_folds.train_5.predict)=43.38%
[ 2020-05-27 07:16:28,753][kfold_wrapper.log_eval_metrics] Accuracy(layer_2 - estimator_0 - 12_folds.train_6.predict)=36.99%
[ 2020-05-27 07:16:29,111][kfold_wrapper.log_eval_metrics] Accuracy(layer_2 - estimator_0 - 12_folds.train_7.predict)=36.70%
[ 2020-05-27 07:16:29,470][kfold_wrapper.log_eval_metrics] Accuracy(layer_2 - estimator_0 - 12_folds.train_8.predict)=33.03%
[ 2020-05-27 07:16:29,820][kfold_wrapper.log_eval_metrics] Accuracy(layer_2 - estimator_0 - 12_folds.train_9.predict)=40.83%
[ 2020-05-27 07:16:30,164][kfold_wrapper.log_eval_metrics] Accuracy(layer_2 - estimator_0 - 12_folds.train_10.predict)=40.37%
[ 2020-05-27 07:16:30,514][kfold_wrapper.log_eval_metrics] Accuracy(layer_2 - estimator_0 - 12_folds.train_11.predict)=38.07%
[ 2020-05-27 07:16:30,626][kfold_wrapper.log_eval_metrics] Accuracy(layer_2 - estimator_0 - 12_folds.train_cv.predict)=39.08%
[ 2020-05-27 07:16:30,629][kfold_wrapper.log_eval_metrics] Accuracy(layer_2 - estimator_0 - 12_folds.test.predict)=27.05%
[ 2020-05-27 07:16:30,868][kfold_wrapper.log_eval_metrics] Accuracy(layer_2 - estimator_1 - 12_folds.train_0.predict)=38.36%
[ 2020-05-27 07:16:31,218][kfold_wrapper.log_eval_metrics] Accuracy(layer_2 - estimator_1 - 12_folds.train_1.predict)=33.79%
[ 2020-05-27 07:16:31,563][kfold_wrapper.log_eval_metrics] Accuracy(layer_2 - estimator_1 - 12_folds.train_2.predict)=33.79%
[ 2020-05-27 07:16:31,903][kfold_wrapper.log_eval_metrics] Accuracy(layer_2 - estimator_1 - 12_folds.train_3.predict)=37.44%
[ 2020-05-27 07:16:32,257][kfold_wrapper.log_eval_metrics] Accuracy(layer_2 - estimator_1 - 12_folds.train_4.predict)=37.90%
[ 2020-05-27 07:16:32,605][kfold_wrapper.log_eval_metrics] Accuracy(layer_2 - estimator_1 - 12_folds.train_5.predict)=39.27%
[ 2020-05-27 07:16:32,960][kfold_wrapper.log_eval_metrics] Accuracy(layer_2 - estimator_1 - 12_folds.train_6.predict)=32.42%
[ 2020-05-27 07:16:33,318][kfold_wrapper.log_eval_metrics] Accuracy(layer_2 - estimator_1 - 12_folds.train_7.predict)=38.53%
[ 2020-05-27 07:16:33,668][kfold_wrapper.log_eval_metrics] Accuracy(layer_2 - estimator_1 - 12_folds.train_8.predict)=41.28%
[ 2020-05-27 07:16:34,016][kfold_wrapper.log_eval_metrics] Accuracy(layer_2 - estimator_1 - 12_folds.train_9.predict)=35.78%
[ 2020-05-27 07:16:34,372][kfold_wrapper.log_eval_metrics] Accuracy(layer_2 - estimator_1 - 12_folds.train_10.predict)=40.37%
[ 2020-05-27 07:16:34,717][kfold_wrapper.log_eval_metrics] Accuracy(layer_2 - estimator_1 - 12_folds.train_11.predict)=34.86%
[ 2020-05-27 07:16:34,829][kfold_wrapper.log_eval_metrics] Accuracy(layer_2 - estimator_1 - 12_folds.train_cv.predict)=36.98%
[ 2020-05-27 07:16:34,832][kfold_wrapper.log_eval_metrics] Accuracy(layer_2 - estimator_1 - 12_folds.test.predict)=30.48%
[ 2020-05-27 07:16:34,997][kfold_wrapper.log_eval_metrics] Accuracy(layer_2 - estimator_2 - 12_folds.train_0.predict)=44.75%
[ 2020-05-27 07:16:35,100][kfold_wrapper.log_eval_metrics] Accuracy(layer_2 - estimator_2 - 12_folds.train_1.predict)=42.47%
[ 2020-05-27 07:16:35,207][kfold_wrapper.log_eval_metrics] Accuracy(layer_2 - estimator_2 - 12_folds.train_2.predict)=38.36%
[ 2020-05-27 07:16:35,320][kfold_wrapper.log_eval_metrics] Accuracy(layer_2 - estimator_2 - 12_folds.train_3.predict)=42.47%
[ 2020-05-27 07:16:35,435][kfold_wrapper.log_eval_metrics] Accuracy(layer_2 - estimator_2 - 12_folds.train_4.predict)=33.33%
[ 2020-05-27 07:16:35,558][kfold_wrapper.log_eval_metrics] Accuracy(layer_2 - estimator_2 - 12_folds.train_5.predict)=39.27%
[ 2020-05-27 07:16:35,672][kfold_wrapper.log_eval_metrics] Accuracy(layer_2 - estimator_2 - 12_folds.train_6.predict)=43.84%
[ 2020-05-27 07:16:35,788][kfold_wrapper.log_eval_metrics] Accuracy(layer_2 - estimator_2 - 12_folds.train_7.predict)=43.12%
[ 2020-05-27 07:16:35,904][kfold_wrapper.log_eval_metrics] Accuracy(layer_2 - estimator_2 - 12_folds.train_8.predict)=37.61%
[ 2020-05-27 07:16:36,015][kfold_wrapper.log_eval_metrics] Accuracy(layer_2 - estimator_2 - 12_folds.train_9.predict)=43.58%
[ 2020-05-27 07:16:36,129][kfold_wrapper.log_eval_metrics] Accuracy(layer_2 - estimator_2 - 12_folds.train_10.predict)=43.58%
[ 2020-05-27 07:16:36,232][kfold_wrapper.log_eval_metrics] Accuracy(layer_2 - estimator_2 - 12_folds.train_11.predict)=41.74%
[ 2020-05-27 07:16:36,234][kfold_wrapper.log_eval_metrics] Accuracy(layer_2 - estimator_2 - 12_folds.train_cv.predict)=41.17%
[ 2020-05-27 07:16:36,234][kfold_wrapper.log_eval_metrics] Accuracy(layer_2 - estimator_2 - 12_folds.test.predict)=31.51%
[ 2020-05-27 07:16:36,235][cascade_classifier.calc_accuracy] Accuracy(layer_2 - train.classifier_average)=40.56%
[ 2020-05-27 07:16:36,236][cascade_classifier.calc_accuracy] Accuracy(layer_2 - test.classifier_average)=27.40%
[ 2020-05-27 07:16:36,238][cascade_classifier.fit_transform] [layer=3] look_indexs=[0], X_cur_train.shape=(2623, 14), X_cur_test.shape=(292, 14)
[ 2020-05-27 07:16:36,463][kfold_wrapper.log_eval_metrics] Accuracy(layer_3 - estimator_0 - 12_folds.train_0.predict)=32.88%
[ 2020-05-27 07:16:36,817][kfold_wrapper.log_eval_metrics] Accuracy(layer_3 - estimator_0 - 12_folds.train_1.predict)=39.27%
[ 2020-05-27 07:16:37,158][kfold_wrapper.log_eval_metrics] Accuracy(layer_3 - estimator_0 - 12_folds.train_2.predict)=40.64%
[ 2020-05-27 07:16:37,508][kfold_wrapper.log_eval_metrics] Accuracy(layer_3 - estimator_0 - 12_folds.train_3.predict)=41.55%
[ 2020-05-27 07:16:37,867][kfold_wrapper.log_eval_metrics] Accuracy(layer_3 - estimator_0 - 12_folds.train_4.predict)=35.62%
[ 2020-05-27 07:16:38,220][kfold_wrapper.log_eval_metrics] Accuracy(layer_3 - estimator_0 - 12_folds.train_5.predict)=37.90%
[ 2020-05-27 07:16:38,583][kfold_wrapper.log_eval_metrics] Accuracy(layer_3 - estimator_0 - 12_folds.train_6.predict)=36.53%
[ 2020-05-27 07:16:38,945][kfold_wrapper.log_eval_metrics] Accuracy(layer_3 - estimator_0 - 12_folds.train_7.predict)=38.99%
[ 2020-05-27 07:16:39,304][kfold_wrapper.log_eval_metrics] Accuracy(layer_3 - estimator_0 - 12_folds.train_8.predict)=33.03%
[ 2020-05-27 07:16:39,648][kfold_wrapper.log_eval_metrics] Accuracy(layer_3 - estimator_0 - 12_folds.train_9.predict)=39.45%
[ 2020-05-27 07:16:39,987][kfold_wrapper.log_eval_metrics] Accuracy(layer_3 - estimator_0 - 12_folds.train_10.predict)=42.66%
[ 2020-05-27 07:16:40,328][kfold_wrapper.log_eval_metrics] Accuracy(layer_3 - estimator_0 - 12_folds.train_11.predict)=34.40%
[ 2020-05-27 07:16:40,447][kfold_wrapper.log_eval_metrics] Accuracy(layer_3 - estimator_0 - 12_folds.train_cv.predict)=37.74%
[ 2020-05-27 07:16:40,449][kfold_wrapper.log_eval_metrics] Accuracy(layer_3 - estimator_0 - 12_folds.test.predict)=33.90%
[ 2020-05-27 07:16:40,690][kfold_wrapper.log_eval_metrics] Accuracy(layer_3 - estimator_1 - 12_folds.train_0.predict)=39.73%
[ 2020-05-27 07:16:41,033][kfold_wrapper.log_eval_metrics] Accuracy(layer_3 - estimator_1 - 12_folds.train_1.predict)=38.81%
[ 2020-05-27 07:16:41,384][kfold_wrapper.log_eval_metrics] Accuracy(layer_3 - estimator_1 - 12_folds.train_2.predict)=43.38%
[ 2020-05-27 07:16:41,740][kfold_wrapper.log_eval_metrics] Accuracy(layer_3 - estimator_1 - 12_folds.train_3.predict)=35.62%
[ 2020-05-27 07:16:42,084][kfold_wrapper.log_eval_metrics] Accuracy(layer_3 - estimator_1 - 12_folds.train_4.predict)=43.84%
[ 2020-05-27 07:16:42,418][kfold_wrapper.log_eval_metrics] Accuracy(layer_3 - estimator_1 - 12_folds.train_5.predict)=37.44%
[ 2020-05-27 07:16:42,767][kfold_wrapper.log_eval_metrics] Accuracy(layer_3 - estimator_1 - 12_folds.train_6.predict)=36.07%
[ 2020-05-27 07:16:43,121][kfold_wrapper.log_eval_metrics] Accuracy(layer_3 - estimator_1 - 12_folds.train_7.predict)=40.37%
[ 2020-05-27 07:16:43,479][kfold_wrapper.log_eval_metrics] Accuracy(layer_3 - estimator_1 - 12_folds.train_8.predict)=36.24%
[ 2020-05-27 07:16:43,830][kfold_wrapper.log_eval_metrics] Accuracy(layer_3 - estimator_1 - 12_folds.train_9.predict)=37.61%
[ 2020-05-27 07:16:44,170][kfold_wrapper.log_eval_metrics] Accuracy(layer_3 - estimator_1 - 12_folds.train_10.predict)=38.53%
[ 2020-05-27 07:16:44,522][kfold_wrapper.log_eval_metrics] Accuracy(layer_3 - estimator_1 - 12_folds.train_11.predict)=44.95%
[ 2020-05-27 07:16:44,634][kfold_wrapper.log_eval_metrics] Accuracy(layer_3 - estimator_1 - 12_folds.train_cv.predict)=39.38%
[ 2020-05-27 07:16:44,637][kfold_wrapper.log_eval_metrics] Accuracy(layer_3 - estimator_1 - 12_folds.test.predict)=32.53%
[ 2020-05-27 07:16:44,846][kfold_wrapper.log_eval_metrics] Accuracy(layer_3 - estimator_2 - 12_folds.train_0.predict)=42.01%
[ 2020-05-27 07:16:45,005][kfold_wrapper.log_eval_metrics] Accuracy(layer_3 - estimator_2 - 12_folds.train_1.predict)=35.16%
[ 2020-05-27 07:16:45,171][kfold_wrapper.log_eval_metrics] Accuracy(layer_3 - estimator_2 - 12_folds.train_2.predict)=42.92%
[ 2020-05-27 07:16:45,332][kfold_wrapper.log_eval_metrics] Accuracy(layer_3 - estimator_2 - 12_folds.train_3.predict)=42.92%
[ 2020-05-27 07:16:45,494][kfold_wrapper.log_eval_metrics] Accuracy(layer_3 - estimator_2 - 12_folds.train_4.predict)=37.90%
[ 2020-05-27 07:16:45,651][kfold_wrapper.log_eval_metrics] Accuracy(layer_3 - estimator_2 - 12_folds.train_5.predict)=38.36%
[ 2020-05-27 07:16:45,814][kfold_wrapper.log_eval_metrics] Accuracy(layer_3 - estimator_2 - 12_folds.train_6.predict)=43.38%
[ 2020-05-27 07:16:45,976][kfold_wrapper.log_eval_metrics] Accuracy(layer_3 - estimator_2 - 12_folds.train_7.predict)=40.37%
[ 2020-05-27 07:16:46,133][kfold_wrapper.log_eval_metrics] Accuracy(layer_3 - estimator_2 - 12_folds.train_8.predict)=41.74%
[ 2020-05-27 07:16:46,295][kfold_wrapper.log_eval_metrics] Accuracy(layer_3 - estimator_2 - 12_folds.train_9.predict)=44.50%
[ 2020-05-27 07:16:46,452][kfold_wrapper.log_eval_metrics] Accuracy(layer_3 - estimator_2 - 12_folds.train_10.predict)=40.37%
[ 2020-05-27 07:16:46,613][kfold_wrapper.log_eval_metrics] Accuracy(layer_3 - estimator_2 - 12_folds.train_11.predict)=45.41%
[ 2020-05-27 07:16:46,615][kfold_wrapper.log_eval_metrics] Accuracy(layer_3 - estimator_2 - 12_folds.train_cv.predict)=41.25%
[ 2020-05-27 07:16:46,615][kfold_wrapper.log_eval_metrics] Accuracy(layer_3 - estimator_2 - 12_folds.test.predict)=29.11%
[ 2020-05-27 07:16:46,616][cascade_classifier.calc_accuracy] Accuracy(layer_3 - train.classifier_average)=39.61%
[ 2020-05-27 07:16:46,617][cascade_classifier.calc_accuracy] Accuracy(layer_3 - test.classifier_average)=32.53%
[ 2020-05-27 07:16:46,618][cascade_classifier.fit_transform] [layer=4] look_indexs=[0], X_cur_train.shape=(2623, 14), X_cur_test.shape=(292, 14)
[ 2020-05-27 07:16:46,837][kfold_wrapper.log_eval_metrics] Accuracy(layer_4 - estimator_0 - 12_folds.train_0.predict)=35.62%
[ 2020-05-27 07:16:47,178][kfold_wrapper.log_eval_metrics] Accuracy(layer_4 - estimator_0 - 12_folds.train_1.predict)=32.88%
[ 2020-05-27 07:16:47,533][kfold_wrapper.log_eval_metrics] Accuracy(layer_4 - estimator_0 - 12_folds.train_2.predict)=36.99%
[ 2020-05-27 07:16:47,889][kfold_wrapper.log_eval_metrics] Accuracy(layer_4 - estimator_0 - 12_folds.train_3.predict)=36.99%
[ 2020-05-27 07:16:48,238][kfold_wrapper.log_eval_metrics] Accuracy(layer_4 - estimator_0 - 12_folds.train_4.predict)=36.07%
[ 2020-05-27 07:16:48,603][kfold_wrapper.log_eval_metrics] Accuracy(layer_4 - estimator_0 - 12_folds.train_5.predict)=36.53%
[ 2020-05-27 07:16:48,964][kfold_wrapper.log_eval_metrics] Accuracy(layer_4 - estimator_0 - 12_folds.train_6.predict)=36.53%
[ 2020-05-27 07:16:49,319][kfold_wrapper.log_eval_metrics] Accuracy(layer_4 - estimator_0 - 12_folds.train_7.predict)=36.24%
[ 2020-05-27 07:16:49,663][kfold_wrapper.log_eval_metrics] Accuracy(layer_4 - estimator_0 - 12_folds.train_8.predict)=35.32%
[ 2020-05-27 07:16:50,019][kfold_wrapper.log_eval_metrics] Accuracy(layer_4 - estimator_0 - 12_folds.train_9.predict)=34.86%
[ 2020-05-27 07:16:50,365][kfold_wrapper.log_eval_metrics] Accuracy(layer_4 - estimator_0 - 12_folds.train_10.predict)=36.70%
[ 2020-05-27 07:16:50,726][kfold_wrapper.log_eval_metrics] Accuracy(layer_4 - estimator_0 - 12_folds.train_11.predict)=35.32%
[ 2020-05-27 07:16:50,846][kfold_wrapper.log_eval_metrics] Accuracy(layer_4 - estimator_0 - 12_folds.train_cv.predict)=35.84%
[ 2020-05-27 07:16:50,849][kfold_wrapper.log_eval_metrics] Accuracy(layer_4 - estimator_0 - 12_folds.test.predict)=32.19%
[ 2020-05-27 07:16:51,104][kfold_wrapper.log_eval_metrics] Accuracy(layer_4 - estimator_1 - 12_folds.train_0.predict)=41.55%
[ 2020-05-27 07:16:51,459][kfold_wrapper.log_eval_metrics] Accuracy(layer_4 - estimator_1 - 12_folds.train_1.predict)=35.62%
[ 2020-05-27 07:16:51,818][kfold_wrapper.log_eval_metrics] Accuracy(layer_4 - estimator_1 - 12_folds.train_2.predict)=38.36%
[ 2020-05-27 07:16:52,168][kfold_wrapper.log_eval_metrics] Accuracy(layer_4 - estimator_1 - 12_folds.train_3.predict)=42.01%
[ 2020-05-27 07:16:52,529][kfold_wrapper.log_eval_metrics] Accuracy(layer_4 - estimator_1 - 12_folds.train_4.predict)=41.10%
[ 2020-05-27 07:16:52,881][kfold_wrapper.log_eval_metrics] Accuracy(layer_4 - estimator_1 - 12_folds.train_5.predict)=45.66%
[ 2020-05-27 07:16:53,245][kfold_wrapper.log_eval_metrics] Accuracy(layer_4 - estimator_1 - 12_folds.train_6.predict)=38.36%
[ 2020-05-27 07:16:53,612][kfold_wrapper.log_eval_metrics] Accuracy(layer_4 - estimator_1 - 12_folds.train_7.predict)=37.16%
[ 2020-05-27 07:16:53,977][kfold_wrapper.log_eval_metrics] Accuracy(layer_4 - estimator_1 - 12_folds.train_8.predict)=33.03%
[ 2020-05-27 07:16:54,323][kfold_wrapper.log_eval_metrics] Accuracy(layer_4 - estimator_1 - 12_folds.train_9.predict)=40.37%
[ 2020-05-27 07:16:54,668][kfold_wrapper.log_eval_metrics] Accuracy(layer_4 - estimator_1 - 12_folds.train_10.predict)=39.45%
[ 2020-05-27 07:16:55,025][kfold_wrapper.log_eval_metrics] Accuracy(layer_4 - estimator_1 - 12_folds.train_11.predict)=33.94%
[ 2020-05-27 07:16:55,149][kfold_wrapper.log_eval_metrics] Accuracy(layer_4 - estimator_1 - 12_folds.train_cv.predict)=38.89%
[ 2020-05-27 07:16:55,153][kfold_wrapper.log_eval_metrics] Accuracy(layer_4 - estimator_1 - 12_folds.test.predict)=29.11%
[ 2020-05-27 07:16:55,432][kfold_wrapper.log_eval_metrics] Accuracy(layer_4 - estimator_2 - 12_folds.train_0.predict)=41.10%
[ 2020-05-27 07:16:55,636][kfold_wrapper.log_eval_metrics] Accuracy(layer_4 - estimator_2 - 12_folds.train_1.predict)=41.10%
[ 2020-05-27 07:16:55,841][kfold_wrapper.log_eval_metrics] Accuracy(layer_4 - estimator_2 - 12_folds.train_2.predict)=39.73%
[ 2020-05-27 07:16:56,047][kfold_wrapper.log_eval_metrics] Accuracy(layer_4 - estimator_2 - 12_folds.train_3.predict)=36.53%
[ 2020-05-27 07:16:56,255][kfold_wrapper.log_eval_metrics] Accuracy(layer_4 - estimator_2 - 12_folds.train_4.predict)=45.66%
[ 2020-05-27 07:16:56,464][kfold_wrapper.log_eval_metrics] Accuracy(layer_4 - estimator_2 - 12_folds.train_5.predict)=45.66%
[ 2020-05-27 07:16:56,677][kfold_wrapper.log_eval_metrics] Accuracy(layer_4 - estimator_2 - 12_folds.train_6.predict)=44.75%
[ 2020-05-27 07:16:56,887][kfold_wrapper.log_eval_metrics] Accuracy(layer_4 - estimator_2 - 12_folds.train_7.predict)=43.58%
[ 2020-05-27 07:16:57,089][kfold_wrapper.log_eval_metrics] Accuracy(layer_4 - estimator_2 - 12_folds.train_8.predict)=40.83%
[ 2020-05-27 07:16:57,293][kfold_wrapper.log_eval_metrics] Accuracy(layer_4 - estimator_2 - 12_folds.train_9.predict)=38.99%
[ 2020-05-27 07:16:57,502][kfold_wrapper.log_eval_metrics] Accuracy(layer_4 - estimator_2 - 12_folds.train_10.predict)=43.12%
[ 2020-05-27 07:16:57,712][kfold_wrapper.log_eval_metrics] Accuracy(layer_4 - estimator_2 - 12_folds.train_11.predict)=43.58%
[ 2020-05-27 07:16:57,714][kfold_wrapper.log_eval_metrics] Accuracy(layer_4 - estimator_2 - 12_folds.train_cv.predict)=42.05%
[ 2020-05-27 07:16:57,714][kfold_wrapper.log_eval_metrics] Accuracy(layer_4 - estimator_2 - 12_folds.test.predict)=30.14%
[ 2020-05-27 07:16:57,716][cascade_classifier.calc_accuracy] Accuracy(layer_4 - train.classifier_average)=39.92%
[ 2020-05-27 07:16:57,716][cascade_classifier.calc_accuracy] Accuracy(layer_4 - test.classifier_average)=29.45%
[ 2020-05-27 07:16:57,718][cascade_classifier.fit_transform] [layer=5] look_indexs=[0], X_cur_train.shape=(2623, 14), X_cur_test.shape=(292, 14)
[ 2020-05-27 07:16:57,940][kfold_wrapper.log_eval_metrics] Accuracy(layer_5 - estimator_0 - 12_folds.train_0.predict)=34.70%
[ 2020-05-27 07:16:58,286][kfold_wrapper.log_eval_metrics] Accuracy(layer_5 - estimator_0 - 12_folds.train_1.predict)=41.55%
[ 2020-05-27 07:16:58,642][kfold_wrapper.log_eval_metrics] Accuracy(layer_5 - estimator_0 - 12_folds.train_2.predict)=40.64%
[ 2020-05-27 07:16:59,000][kfold_wrapper.log_eval_metrics] Accuracy(layer_5 - estimator_0 - 12_folds.train_3.predict)=37.90%
[ 2020-05-27 07:16:59,355][kfold_wrapper.log_eval_metrics] Accuracy(layer_5 - estimator_0 - 12_folds.train_4.predict)=37.44%
[ 2020-05-27 07:16:59,718][kfold_wrapper.log_eval_metrics] Accuracy(layer_5 - estimator_0 - 12_folds.train_5.predict)=36.99%
[ 2020-05-27 07:17:00,079][kfold_wrapper.log_eval_metrics] Accuracy(layer_5 - estimator_0 - 12_folds.train_6.predict)=36.99%
[ 2020-05-27 07:17:00,431][kfold_wrapper.log_eval_metrics] Accuracy(layer_5 - estimator_0 - 12_folds.train_7.predict)=33.94%
[ 2020-05-27 07:17:00,794][kfold_wrapper.log_eval_metrics] Accuracy(layer_5 - estimator_0 - 12_folds.train_8.predict)=36.70%
[ 2020-05-27 07:17:01,144][kfold_wrapper.log_eval_metrics] Accuracy(layer_5 - estimator_0 - 12_folds.train_9.predict)=39.45%
[ 2020-05-27 07:17:01,488][kfold_wrapper.log_eval_metrics] Accuracy(layer_5 - estimator_0 - 12_folds.train_10.predict)=39.91%
[ 2020-05-27 07:17:01,841][kfold_wrapper.log_eval_metrics] Accuracy(layer_5 - estimator_0 - 12_folds.train_11.predict)=30.28%
[ 2020-05-27 07:17:01,967][kfold_wrapper.log_eval_metrics] Accuracy(layer_5 - estimator_0 - 12_folds.train_cv.predict)=37.21%
[ 2020-05-27 07:17:01,973][kfold_wrapper.log_eval_metrics] Accuracy(layer_5 - estimator_0 - 12_folds.test.predict)=28.42%
[ 2020-05-27 07:17:02,230][kfold_wrapper.log_eval_metrics] Accuracy(layer_5 - estimator_1 - 12_folds.train_0.predict)=38.81%
[ 2020-05-27 07:17:02,584][kfold_wrapper.log_eval_metrics] Accuracy(layer_5 - estimator_1 - 12_folds.train_1.predict)=36.99%
[ 2020-05-27 07:17:02,943][kfold_wrapper.log_eval_metrics] Accuracy(layer_5 - estimator_1 - 12_folds.train_2.predict)=36.07%
[ 2020-05-27 07:17:03,297][kfold_wrapper.log_eval_metrics] Accuracy(layer_5 - estimator_1 - 12_folds.train_3.predict)=30.14%
[ 2020-05-27 07:17:03,652][kfold_wrapper.log_eval_metrics] Accuracy(layer_5 - estimator_1 - 12_folds.train_4.predict)=34.70%
[ 2020-05-27 07:17:04,013][kfold_wrapper.log_eval_metrics] Accuracy(layer_5 - estimator_1 - 12_folds.train_5.predict)=38.81%
[ 2020-05-27 07:17:04,365][kfold_wrapper.log_eval_metrics] Accuracy(layer_5 - estimator_1 - 12_folds.train_6.predict)=35.62%
[ 2020-05-27 07:17:04,731][kfold_wrapper.log_eval_metrics] Accuracy(layer_5 - estimator_1 - 12_folds.train_7.predict)=39.91%
[ 2020-05-27 07:17:05,078][kfold_wrapper.log_eval_metrics] Accuracy(layer_5 - estimator_1 - 12_folds.train_8.predict)=32.57%
[ 2020-05-27 07:17:05,426][kfold_wrapper.log_eval_metrics] Accuracy(layer_5 - estimator_1 - 12_folds.train_9.predict)=38.99%
[ 2020-05-27 07:17:05,778][kfold_wrapper.log_eval_metrics] Accuracy(layer_5 - estimator_1 - 12_folds.train_10.predict)=37.61%
[ 2020-05-27 07:17:06,132][kfold_wrapper.log_eval_metrics] Accuracy(layer_5 - estimator_1 - 12_folds.train_11.predict)=39.45%
[ 2020-05-27 07:17:06,246][kfold_wrapper.log_eval_metrics] Accuracy(layer_5 - estimator_1 - 12_folds.train_cv.predict)=36.64%
[ 2020-05-27 07:17:06,248][kfold_wrapper.log_eval_metrics] Accuracy(layer_5 - estimator_1 - 12_folds.test.predict)=30.14%
[ 2020-05-27 07:17:06,532][kfold_wrapper.log_eval_metrics] Accuracy(layer_5 - estimator_2 - 12_folds.train_0.predict)=38.81%
[ 2020-05-27 07:17:06,788][kfold_wrapper.log_eval_metrics] Accuracy(layer_5 - estimator_2 - 12_folds.train_1.predict)=41.55%
[ 2020-05-27 07:17:07,054][kfold_wrapper.log_eval_metrics] Accuracy(layer_5 - estimator_2 - 12_folds.train_2.predict)=42.47%
[ 2020-05-27 07:17:07,321][kfold_wrapper.log_eval_metrics] Accuracy(layer_5 - estimator_2 - 12_folds.train_3.predict)=49.32%
[ 2020-05-27 07:17:07,580][kfold_wrapper.log_eval_metrics] Accuracy(layer_5 - estimator_2 - 12_folds.train_4.predict)=41.55%
[ 2020-05-27 07:17:07,841][kfold_wrapper.log_eval_metrics] Accuracy(layer_5 - estimator_2 - 12_folds.train_5.predict)=40.64%
[ 2020-05-27 07:17:08,114][kfold_wrapper.log_eval_metrics] Accuracy(layer_5 - estimator_2 - 12_folds.train_6.predict)=37.44%
[ 2020-05-27 07:17:08,382][kfold_wrapper.log_eval_metrics] Accuracy(layer_5 - estimator_2 - 12_folds.train_7.predict)=40.83%
[ 2020-05-27 07:17:08,632][kfold_wrapper.log_eval_metrics] Accuracy(layer_5 - estimator_2 - 12_folds.train_8.predict)=40.83%
[ 2020-05-27 07:17:08,891][kfold_wrapper.log_eval_metrics] Accuracy(layer_5 - estimator_2 - 12_folds.train_9.predict)=38.53%
[ 2020-05-27 07:17:09,152][kfold_wrapper.log_eval_metrics] Accuracy(layer_5 - estimator_2 - 12_folds.train_10.predict)=36.24%
[ 2020-05-27 07:17:09,410][kfold_wrapper.log_eval_metrics] Accuracy(layer_5 - estimator_2 - 12_folds.train_11.predict)=44.95%
[ 2020-05-27 07:17:09,412][kfold_wrapper.log_eval_metrics] Accuracy(layer_5 - estimator_2 - 12_folds.train_cv.predict)=41.10%
[ 2020-05-27 07:17:09,413][kfold_wrapper.log_eval_metrics] Accuracy(layer_5 - estimator_2 - 12_folds.test.predict)=31.85%
[ 2020-05-27 07:17:09,414][cascade_classifier.calc_accuracy] Accuracy(layer_5 - train.classifier_average)=38.62%
[ 2020-05-27 07:17:09,415][cascade_classifier.calc_accuracy] Accuracy(layer_5 - test.classifier_average)=28.42%
[ 2020-05-27 07:17:09,416][cascade_classifier.fit_transform] [Result][Optimal Level Detected] opt_layer_num=2, accuracy_train=41.10%, accuracy_test=31.85%
[ 2020-05-27 07:17:09,510][cascade_classifier.transform] X_groups_test.shape=[(244, 5)]
[ 2020-05-27 07:17:09,511][cascade_classifier.transform] group_dims=[5]
[ 2020-05-27 07:17:09,512][cascade_classifier.transform] X_test.shape=(244, 5)
[ 2020-05-27 07:17:09,512][cascade_classifier.transform] [layer=0] look_indexs=[0], X_cur_test.shape=(244, 5)
[ 2020-05-27 07:17:12,175][cascade_classifier.transform] [layer=1] look_indexs=[0], X_cur_test.shape=(244, 14)
[ 2020-05-27 07:17:15,202][cascade_classifier.fit_transform] X_groups_train.shape=[(2843, 5)],y_train.shape=(2843,),X_groups_test.shape=[(316, 5)],y_test.shape=(316,)
[ 2020-05-27 07:17:15,203][cascade_classifier.fit_transform] group_dims=[5]
[ 2020-05-27 07:17:15,203][cascade_classifier.fit_transform] group_starts=[0]
[ 2020-05-27 07:17:15,204][cascade_classifier.fit_transform] group_ends=[5]
[ 2020-05-27 07:17:15,204][cascade_classifier.fit_transform] X_train.shape=(2843, 5),X_test.shape=(316, 5)
[ 2020-05-27 07:17:15,207][cascade_classifier.fit_transform] [layer=0] look_indexs=[0], X_cur_train.shape=(2843, 5), X_cur_test.shape=(316, 5)
[ 2020-05-27 07:17:15,424][kfold_wrapper.log_eval_metrics] Accuracy(layer_0 - estimator_0 - 12_folds.train_0.predict)=35.02%
[ 2020-05-27 07:17:15,782][kfold_wrapper.log_eval_metrics] Accuracy(layer_0 - estimator_0 - 12_folds.train_1.predict)=34.18%
[ 2020-05-27 07:17:16,131][kfold_wrapper.log_eval_metrics] Accuracy(layer_0 - estimator_0 - 12_folds.train_2.predict)=39.24%
[ 2020-05-27 07:17:16,468][kfold_wrapper.log_eval_metrics] Accuracy(layer_0 - estimator_0 - 12_folds.train_3.predict)=33.33%
[ 2020-05-27 07:17:16,818][kfold_wrapper.log_eval_metrics] Accuracy(layer_0 - estimator_0 - 12_folds.train_4.predict)=31.22%
[ 2020-05-27 07:17:17,163][kfold_wrapper.log_eval_metrics] Accuracy(layer_0 - estimator_0 - 12_folds.train_5.predict)=35.86%
[ 2020-05-27 07:17:17,503][kfold_wrapper.log_eval_metrics] Accuracy(layer_0 - estimator_0 - 12_folds.train_6.predict)=29.54%
[ 2020-05-27 07:17:17,854][kfold_wrapper.log_eval_metrics] Accuracy(layer_0 - estimator_0 - 12_folds.train_7.predict)=32.49%
[ 2020-05-27 07:17:18,188][kfold_wrapper.log_eval_metrics] Accuracy(layer_0 - estimator_0 - 12_folds.train_8.predict)=34.18%
[ 2020-05-27 07:17:18,517][kfold_wrapper.log_eval_metrics] Accuracy(layer_0 - estimator_0 - 12_folds.train_9.predict)=37.13%
[ 2020-05-27 07:17:18,864][kfold_wrapper.log_eval_metrics] Accuracy(layer_0 - estimator_0 - 12_folds.train_10.predict)=32.07%
[ 2020-05-27 07:17:19,209][kfold_wrapper.log_eval_metrics] Accuracy(layer_0 - estimator_0 - 12_folds.train_11.predict)=33.05%
[ 2020-05-27 07:17:19,321][kfold_wrapper.log_eval_metrics] Accuracy(layer_0 - estimator_0 - 12_folds.train_cv.predict)=33.94%
[ 2020-05-27 07:17:19,324][kfold_wrapper.log_eval_metrics] Accuracy(layer_0 - estimator_0 - 12_folds.test.predict)=31.01%
[ 2020-05-27 07:17:19,573][kfold_wrapper.log_eval_metrics] Accuracy(layer_0 - estimator_1 - 12_folds.train_0.predict)=34.18%
[ 2020-05-27 07:17:19,921][kfold_wrapper.log_eval_metrics] Accuracy(layer_0 - estimator_1 - 12_folds.train_1.predict)=36.29%
[ 2020-05-27 07:17:20,264][kfold_wrapper.log_eval_metrics] Accuracy(layer_0 - estimator_1 - 12_folds.train_2.predict)=32.49%
[ 2020-05-27 07:17:20,615][kfold_wrapper.log_eval_metrics] Accuracy(layer_0 - estimator_1 - 12_folds.train_3.predict)=35.86%
[ 2020-05-27 07:17:20,961][kfold_wrapper.log_eval_metrics] Accuracy(layer_0 - estimator_1 - 12_folds.train_4.predict)=34.60%
[ 2020-05-27 07:17:21,316][kfold_wrapper.log_eval_metrics] Accuracy(layer_0 - estimator_1 - 12_folds.train_5.predict)=37.13%
[ 2020-05-27 07:17:21,667][kfold_wrapper.log_eval_metrics] Accuracy(layer_0 - estimator_1 - 12_folds.train_6.predict)=32.07%
[ 2020-05-27 07:17:22,015][kfold_wrapper.log_eval_metrics] Accuracy(layer_0 - estimator_1 - 12_folds.train_7.predict)=34.60%
[ 2020-05-27 07:17:22,358][kfold_wrapper.log_eval_metrics] Accuracy(layer_0 - estimator_1 - 12_folds.train_8.predict)=35.02%
[ 2020-05-27 07:17:22,713][kfold_wrapper.log_eval_metrics] Accuracy(layer_0 - estimator_1 - 12_folds.train_9.predict)=37.97%
[ 2020-05-27 07:17:23,072][kfold_wrapper.log_eval_metrics] Accuracy(layer_0 - estimator_1 - 12_folds.train_10.predict)=33.33%
[ 2020-05-27 07:17:23,432][kfold_wrapper.log_eval_metrics] Accuracy(layer_0 - estimator_1 - 12_folds.train_11.predict)=30.08%
[ 2020-05-27 07:17:23,549][kfold_wrapper.log_eval_metrics] Accuracy(layer_0 - estimator_1 - 12_folds.train_cv.predict)=34.47%
[ 2020-05-27 07:17:23,552][kfold_wrapper.log_eval_metrics] Accuracy(layer_0 - estimator_1 - 12_folds.test.predict)=31.33%
[ 2020-05-27 07:17:23,630][kfold_wrapper.log_eval_metrics] Accuracy(layer_0 - estimator_2 - 12_folds.train_0.predict)=36.71%
[ 2020-05-27 07:17:23,662][kfold_wrapper.log_eval_metrics] Accuracy(layer_0 - estimator_2 - 12_folds.train_1.predict)=38.40%
[ 2020-05-27 07:17:23,695][kfold_wrapper.log_eval_metrics] Accuracy(layer_0 - estimator_2 - 12_folds.train_2.predict)=40.08%
[ 2020-05-27 07:17:23,726][kfold_wrapper.log_eval_metrics] Accuracy(layer_0 - estimator_2 - 12_folds.train_3.predict)=42.19%
[ 2020-05-27 07:17:23,760][kfold_wrapper.log_eval_metrics] Accuracy(layer_0 - estimator_2 - 12_folds.train_4.predict)=41.77%
[ 2020-05-27 07:17:23,795][kfold_wrapper.log_eval_metrics] Accuracy(layer_0 - estimator_2 - 12_folds.train_5.predict)=39.66%
[ 2020-05-27 07:17:23,827][kfold_wrapper.log_eval_metrics] Accuracy(layer_0 - estimator_2 - 12_folds.train_6.predict)=35.44%
[ 2020-05-27 07:17:23,850][kfold_wrapper.log_eval_metrics] Accuracy(layer_0 - estimator_2 - 12_folds.train_7.predict)=40.93%
[ 2020-05-27 07:17:23,887][kfold_wrapper.log_eval_metrics] Accuracy(layer_0 - estimator_2 - 12_folds.train_8.predict)=39.66%
[ 2020-05-27 07:17:23,916][kfold_wrapper.log_eval_metrics] Accuracy(layer_0 - estimator_2 - 12_folds.train_9.predict)=35.44%
[ 2020-05-27 07:17:23,942][kfold_wrapper.log_eval_metrics] Accuracy(layer_0 - estimator_2 - 12_folds.train_10.predict)=44.30%
[ 2020-05-27 07:17:23,972][kfold_wrapper.log_eval_metrics] Accuracy(layer_0 - estimator_2 - 12_folds.train_11.predict)=38.14%
[ 2020-05-27 07:17:23,973][kfold_wrapper.log_eval_metrics] Accuracy(layer_0 - estimator_2 - 12_folds.train_cv.predict)=39.40%
[ 2020-05-27 07:17:23,974][kfold_wrapper.log_eval_metrics] Accuracy(layer_0 - estimator_2 - 12_folds.test.predict)=20.57%
[ 2020-05-27 07:17:23,975][cascade_classifier.calc_accuracy] Accuracy(layer_0 - train.classifier_average)=35.17%
[ 2020-05-27 07:17:23,975][cascade_classifier.calc_accuracy] Accuracy(layer_0 - test.classifier_average)=31.96%
[ 2020-05-27 07:17:23,977][cascade_classifier.fit_transform] [layer=1] look_indexs=[0], X_cur_train.shape=(2843, 14), X_cur_test.shape=(316, 14)
[ 2020-05-27 07:17:24,200][kfold_wrapper.log_eval_metrics] Accuracy(layer_1 - estimator_0 - 12_folds.train_0.predict)=35.44%
[ 2020-05-27 07:17:24,547][kfold_wrapper.log_eval_metrics] Accuracy(layer_1 - estimator_0 - 12_folds.train_1.predict)=34.60%
[ 2020-05-27 07:17:24,901][kfold_wrapper.log_eval_metrics] Accuracy(layer_1 - estimator_0 - 12_folds.train_2.predict)=42.62%
[ 2020-05-27 07:17:25,248][kfold_wrapper.log_eval_metrics] Accuracy(layer_1 - estimator_0 - 12_folds.train_3.predict)=34.60%
[ 2020-05-27 07:17:25,600][kfold_wrapper.log_eval_metrics] Accuracy(layer_1 - estimator_0 - 12_folds.train_4.predict)=42.19%
[ 2020-05-27 07:17:25,948][kfold_wrapper.log_eval_metrics] Accuracy(layer_1 - estimator_0 - 12_folds.train_5.predict)=37.13%
[ 2020-05-27 07:17:26,295][kfold_wrapper.log_eval_metrics] Accuracy(layer_1 - estimator_0 - 12_folds.train_6.predict)=40.08%
[ 2020-05-27 07:17:26,628][kfold_wrapper.log_eval_metrics] Accuracy(layer_1 - estimator_0 - 12_folds.train_7.predict)=44.73%
[ 2020-05-27 07:17:26,974][kfold_wrapper.log_eval_metrics] Accuracy(layer_1 - estimator_0 - 12_folds.train_8.predict)=37.55%
[ 2020-05-27 07:17:27,317][kfold_wrapper.log_eval_metrics] Accuracy(layer_1 - estimator_0 - 12_folds.train_9.predict)=40.51%
[ 2020-05-27 07:17:27,671][kfold_wrapper.log_eval_metrics] Accuracy(layer_1 - estimator_0 - 12_folds.train_10.predict)=41.35%
[ 2020-05-27 07:17:28,027][kfold_wrapper.log_eval_metrics] Accuracy(layer_1 - estimator_0 - 12_folds.train_11.predict)=34.75%
[ 2020-05-27 07:17:28,142][kfold_wrapper.log_eval_metrics] Accuracy(layer_1 - estimator_0 - 12_folds.train_cv.predict)=38.80%
[ 2020-05-27 07:17:28,144][kfold_wrapper.log_eval_metrics] Accuracy(layer_1 - estimator_0 - 12_folds.test.predict)=33.23%
[ 2020-05-27 07:17:28,388][kfold_wrapper.log_eval_metrics] Accuracy(layer_1 - estimator_1 - 12_folds.train_0.predict)=39.66%
[ 2020-05-27 07:17:28,732][kfold_wrapper.log_eval_metrics] Accuracy(layer_1 - estimator_1 - 12_folds.train_1.predict)=42.19%
[ 2020-05-27 07:17:29,085][kfold_wrapper.log_eval_metrics] Accuracy(layer_1 - estimator_1 - 12_folds.train_2.predict)=36.71%
[ 2020-05-27 07:17:29,429][kfold_wrapper.log_eval_metrics] Accuracy(layer_1 - estimator_1 - 12_folds.train_3.predict)=38.82%
[ 2020-05-27 07:17:29,789][kfold_wrapper.log_eval_metrics] Accuracy(layer_1 - estimator_1 - 12_folds.train_4.predict)=37.55%
[ 2020-05-27 07:17:30,137][kfold_wrapper.log_eval_metrics] Accuracy(layer_1 - estimator_1 - 12_folds.train_5.predict)=41.77%
[ 2020-05-27 07:17:30,482][kfold_wrapper.log_eval_metrics] Accuracy(layer_1 - estimator_1 - 12_folds.train_6.predict)=40.51%
[ 2020-05-27 07:17:30,843][kfold_wrapper.log_eval_metrics] Accuracy(layer_1 - estimator_1 - 12_folds.train_7.predict)=42.19%
[ 2020-05-27 07:17:31,202][kfold_wrapper.log_eval_metrics] Accuracy(layer_1 - estimator_1 - 12_folds.train_8.predict)=37.55%
[ 2020-05-27 07:17:31,552][kfold_wrapper.log_eval_metrics] Accuracy(layer_1 - estimator_1 - 12_folds.train_9.predict)=37.55%
[ 2020-05-27 07:17:31,907][kfold_wrapper.log_eval_metrics] Accuracy(layer_1 - estimator_1 - 12_folds.train_10.predict)=39.66%
[ 2020-05-27 07:17:32,264][kfold_wrapper.log_eval_metrics] Accuracy(layer_1 - estimator_1 - 12_folds.train_11.predict)=37.29%
[ 2020-05-27 07:17:32,384][kfold_wrapper.log_eval_metrics] Accuracy(layer_1 - estimator_1 - 12_folds.train_cv.predict)=39.29%
[ 2020-05-27 07:17:32,387][kfold_wrapper.log_eval_metrics] Accuracy(layer_1 - estimator_1 - 12_folds.test.predict)=33.54%
[ 2020-05-27 07:17:32,528][kfold_wrapper.log_eval_metrics] Accuracy(layer_1 - estimator_2 - 12_folds.train_0.predict)=41.35%
[ 2020-05-27 07:17:32,615][kfold_wrapper.log_eval_metrics] Accuracy(layer_1 - estimator_2 - 12_folds.train_1.predict)=41.77%
[ 2020-05-27 07:17:32,701][kfold_wrapper.log_eval_metrics] Accuracy(layer_1 - estimator_2 - 12_folds.train_2.predict)=39.66%
[ 2020-05-27 07:17:32,788][kfold_wrapper.log_eval_metrics] Accuracy(layer_1 - estimator_2 - 12_folds.train_3.predict)=38.40%
[ 2020-05-27 07:17:32,875][kfold_wrapper.log_eval_metrics] Accuracy(layer_1 - estimator_2 - 12_folds.train_4.predict)=35.44%
[ 2020-05-27 07:17:32,963][kfold_wrapper.log_eval_metrics] Accuracy(layer_1 - estimator_2 - 12_folds.train_5.predict)=39.24%
[ 2020-05-27 07:17:33,049][kfold_wrapper.log_eval_metrics] Accuracy(layer_1 - estimator_2 - 12_folds.train_6.predict)=38.40%
[ 2020-05-27 07:17:33,137][kfold_wrapper.log_eval_metrics] Accuracy(layer_1 - estimator_2 - 12_folds.train_7.predict)=42.62%
[ 2020-05-27 07:17:33,223][kfold_wrapper.log_eval_metrics] Accuracy(layer_1 - estimator_2 - 12_folds.train_8.predict)=45.15%
[ 2020-05-27 07:17:33,310][kfold_wrapper.log_eval_metrics] Accuracy(layer_1 - estimator_2 - 12_folds.train_9.predict)=40.93%
[ 2020-05-27 07:17:33,399][kfold_wrapper.log_eval_metrics] Accuracy(layer_1 - estimator_2 - 12_folds.train_10.predict)=38.82%
[ 2020-05-27 07:17:33,486][kfold_wrapper.log_eval_metrics] Accuracy(layer_1 - estimator_2 - 12_folds.train_11.predict)=35.17%
[ 2020-05-27 07:17:33,487][kfold_wrapper.log_eval_metrics] Accuracy(layer_1 - estimator_2 - 12_folds.train_cv.predict)=39.75%
[ 2020-05-27 07:17:33,488][kfold_wrapper.log_eval_metrics] Accuracy(layer_1 - estimator_2 - 12_folds.test.predict)=49.68%
[ 2020-05-27 07:17:33,489][cascade_classifier.calc_accuracy] Accuracy(layer_1 - train.classifier_average)=40.38%
[ 2020-05-27 07:17:33,490][cascade_classifier.calc_accuracy] Accuracy(layer_1 - test.classifier_average)=34.49%
[ 2020-05-27 07:17:33,491][cascade_classifier.fit_transform] [layer=2] look_indexs=[0], X_cur_train.shape=(2843, 14), X_cur_test.shape=(316, 14)
[ 2020-05-27 07:17:33,715][kfold_wrapper.log_eval_metrics] Accuracy(layer_2 - estimator_0 - 12_folds.train_0.predict)=36.71%
[ 2020-05-27 07:17:34,069][kfold_wrapper.log_eval_metrics] Accuracy(layer_2 - estimator_0 - 12_folds.train_1.predict)=43.88%
[ 2020-05-27 07:17:34,420][kfold_wrapper.log_eval_metrics] Accuracy(layer_2 - estimator_0 - 12_folds.train_2.predict)=37.13%
[ 2020-05-27 07:17:34,768][kfold_wrapper.log_eval_metrics] Accuracy(layer_2 - estimator_0 - 12_folds.train_3.predict)=38.82%
[ 2020-05-27 07:17:35,115][kfold_wrapper.log_eval_metrics] Accuracy(layer_2 - estimator_0 - 12_folds.train_4.predict)=33.76%
[ 2020-05-27 07:17:35,444][kfold_wrapper.log_eval_metrics] Accuracy(layer_2 - estimator_0 - 12_folds.train_5.predict)=36.71%
[ 2020-05-27 07:17:35,794][kfold_wrapper.log_eval_metrics] Accuracy(layer_2 - estimator_0 - 12_folds.train_6.predict)=34.60%
[ 2020-05-27 07:17:36,148][kfold_wrapper.log_eval_metrics] Accuracy(layer_2 - estimator_0 - 12_folds.train_7.predict)=38.40%
[ 2020-05-27 07:17:36,502][kfold_wrapper.log_eval_metrics] Accuracy(layer_2 - estimator_0 - 12_folds.train_8.predict)=36.29%
[ 2020-05-27 07:17:36,846][kfold_wrapper.log_eval_metrics] Accuracy(layer_2 - estimator_0 - 12_folds.train_9.predict)=36.29%
[ 2020-05-27 07:17:37,193][kfold_wrapper.log_eval_metrics] Accuracy(layer_2 - estimator_0 - 12_folds.train_10.predict)=35.44%
[ 2020-05-27 07:17:37,540][kfold_wrapper.log_eval_metrics] Accuracy(layer_2 - estimator_0 - 12_folds.train_11.predict)=35.59%
[ 2020-05-27 07:17:37,655][kfold_wrapper.log_eval_metrics] Accuracy(layer_2 - estimator_0 - 12_folds.train_cv.predict)=36.97%
[ 2020-05-27 07:17:37,659][kfold_wrapper.log_eval_metrics] Accuracy(layer_2 - estimator_0 - 12_folds.test.predict)=41.77%
[ 2020-05-27 07:17:37,904][kfold_wrapper.log_eval_metrics] Accuracy(layer_2 - estimator_1 - 12_folds.train_0.predict)=36.29%
[ 2020-05-27 07:17:38,258][kfold_wrapper.log_eval_metrics] Accuracy(layer_2 - estimator_1 - 12_folds.train_1.predict)=35.02%
[ 2020-05-27 07:17:38,612][kfold_wrapper.log_eval_metrics] Accuracy(layer_2 - estimator_1 - 12_folds.train_2.predict)=36.71%
[ 2020-05-27 07:17:38,960][kfold_wrapper.log_eval_metrics] Accuracy(layer_2 - estimator_1 - 12_folds.train_3.predict)=37.13%
[ 2020-05-27 07:17:39,317][kfold_wrapper.log_eval_metrics] Accuracy(layer_2 - estimator_1 - 12_folds.train_4.predict)=35.02%
[ 2020-05-27 07:17:39,673][kfold_wrapper.log_eval_metrics] Accuracy(layer_2 - estimator_1 - 12_folds.train_5.predict)=34.60%
[ 2020-05-27 07:17:40,013][kfold_wrapper.log_eval_metrics] Accuracy(layer_2 - estimator_1 - 12_folds.train_6.predict)=35.02%
[ 2020-05-27 07:17:40,362][kfold_wrapper.log_eval_metrics] Accuracy(layer_2 - estimator_1 - 12_folds.train_7.predict)=42.19%
[ 2020-05-27 07:17:40,722][kfold_wrapper.log_eval_metrics] Accuracy(layer_2 - estimator_1 - 12_folds.train_8.predict)=34.18%
[ 2020-05-27 07:17:41,082][kfold_wrapper.log_eval_metrics] Accuracy(layer_2 - estimator_1 - 12_folds.train_9.predict)=33.76%
[ 2020-05-27 07:17:41,438][kfold_wrapper.log_eval_metrics] Accuracy(layer_2 - estimator_1 - 12_folds.train_10.predict)=38.82%
[ 2020-05-27 07:17:41,786][kfold_wrapper.log_eval_metrics] Accuracy(layer_2 - estimator_1 - 12_folds.train_11.predict)=35.17%
[ 2020-05-27 07:17:41,905][kfold_wrapper.log_eval_metrics] Accuracy(layer_2 - estimator_1 - 12_folds.train_cv.predict)=36.16%
[ 2020-05-27 07:17:41,908][kfold_wrapper.log_eval_metrics] Accuracy(layer_2 - estimator_1 - 12_folds.test.predict)=46.52%
[ 2020-05-27 07:17:42,065][kfold_wrapper.log_eval_metrics] Accuracy(layer_2 - estimator_2 - 12_folds.train_0.predict)=41.35%
[ 2020-05-27 07:17:42,170][kfold_wrapper.log_eval_metrics] Accuracy(layer_2 - estimator_2 - 12_folds.train_1.predict)=36.29%
[ 2020-05-27 07:17:42,279][kfold_wrapper.log_eval_metrics] Accuracy(layer_2 - estimator_2 - 12_folds.train_2.predict)=42.62%
[ 2020-05-27 07:17:42,384][kfold_wrapper.log_eval_metrics] Accuracy(layer_2 - estimator_2 - 12_folds.train_3.predict)=42.62%
[ 2020-05-27 07:17:42,494][kfold_wrapper.log_eval_metrics] Accuracy(layer_2 - estimator_2 - 12_folds.train_4.predict)=40.51%
[ 2020-05-27 07:17:42,598][kfold_wrapper.log_eval_metrics] Accuracy(layer_2 - estimator_2 - 12_folds.train_5.predict)=42.19%
[ 2020-05-27 07:17:42,707][kfold_wrapper.log_eval_metrics] Accuracy(layer_2 - estimator_2 - 12_folds.train_6.predict)=43.46%
[ 2020-05-27 07:17:42,807][kfold_wrapper.log_eval_metrics] Accuracy(layer_2 - estimator_2 - 12_folds.train_7.predict)=43.04%
[ 2020-05-27 07:17:42,915][kfold_wrapper.log_eval_metrics] Accuracy(layer_2 - estimator_2 - 12_folds.train_8.predict)=39.66%
[ 2020-05-27 07:17:43,017][kfold_wrapper.log_eval_metrics] Accuracy(layer_2 - estimator_2 - 12_folds.train_9.predict)=38.82%
[ 2020-05-27 07:17:43,122][kfold_wrapper.log_eval_metrics] Accuracy(layer_2 - estimator_2 - 12_folds.train_10.predict)=46.84%
[ 2020-05-27 07:17:43,231][kfold_wrapper.log_eval_metrics] Accuracy(layer_2 - estimator_2 - 12_folds.train_11.predict)=38.14%
[ 2020-05-27 07:17:43,232][kfold_wrapper.log_eval_metrics] Accuracy(layer_2 - estimator_2 - 12_folds.train_cv.predict)=41.29%
[ 2020-05-27 07:17:43,234][kfold_wrapper.log_eval_metrics] Accuracy(layer_2 - estimator_2 - 12_folds.test.predict)=42.72%
[ 2020-05-27 07:17:43,235][cascade_classifier.calc_accuracy] Accuracy(layer_2 - train.classifier_average)=38.09%
[ 2020-05-27 07:17:43,235][cascade_classifier.calc_accuracy] Accuracy(layer_2 - test.classifier_average)=47.47%
[ 2020-05-27 07:17:43,236][cascade_classifier.fit_transform] [layer=3] look_indexs=[0], X_cur_train.shape=(2843, 14), X_cur_test.shape=(316, 14)
[ 2020-05-27 07:17:43,459][kfold_wrapper.log_eval_metrics] Accuracy(layer_3 - estimator_0 - 12_folds.train_0.predict)=39.66%
[ 2020-05-27 07:17:43,815][kfold_wrapper.log_eval_metrics] Accuracy(layer_3 - estimator_0 - 12_folds.train_1.predict)=31.65%
[ 2020-05-27 07:17:44,147][kfold_wrapper.log_eval_metrics] Accuracy(layer_3 - estimator_0 - 12_folds.train_2.predict)=34.18%
[ 2020-05-27 07:17:44,497][kfold_wrapper.log_eval_metrics] Accuracy(layer_3 - estimator_0 - 12_folds.train_3.predict)=35.44%
[ 2020-05-27 07:17:44,840][kfold_wrapper.log_eval_metrics] Accuracy(layer_3 - estimator_0 - 12_folds.train_4.predict)=37.97%
[ 2020-05-27 07:17:45,179][kfold_wrapper.log_eval_metrics] Accuracy(layer_3 - estimator_0 - 12_folds.train_5.predict)=35.44%
[ 2020-05-27 07:17:45,513][kfold_wrapper.log_eval_metrics] Accuracy(layer_3 - estimator_0 - 12_folds.train_6.predict)=35.86%
[ 2020-05-27 07:17:45,854][kfold_wrapper.log_eval_metrics] Accuracy(layer_3 - estimator_0 - 12_folds.train_7.predict)=34.60%
[ 2020-05-27 07:17:46,186][kfold_wrapper.log_eval_metrics] Accuracy(layer_3 - estimator_0 - 12_folds.train_8.predict)=32.91%
[ 2020-05-27 07:17:46,536][kfold_wrapper.log_eval_metrics] Accuracy(layer_3 - estimator_0 - 12_folds.train_9.predict)=39.24%
[ 2020-05-27 07:17:46,866][kfold_wrapper.log_eval_metrics] Accuracy(layer_3 - estimator_0 - 12_folds.train_10.predict)=36.71%
[ 2020-05-27 07:17:47,208][kfold_wrapper.log_eval_metrics] Accuracy(layer_3 - estimator_0 - 12_folds.train_11.predict)=41.10%
[ 2020-05-27 07:17:47,328][kfold_wrapper.log_eval_metrics] Accuracy(layer_3 - estimator_0 - 12_folds.train_cv.predict)=36.23%
[ 2020-05-27 07:17:47,331][kfold_wrapper.log_eval_metrics] Accuracy(layer_3 - estimator_0 - 12_folds.test.predict)=37.34%
[ 2020-05-27 07:17:47,590][kfold_wrapper.log_eval_metrics] Accuracy(layer_3 - estimator_1 - 12_folds.train_0.predict)=40.08%
[ 2020-05-27 07:17:47,944][kfold_wrapper.log_eval_metrics] Accuracy(layer_3 - estimator_1 - 12_folds.train_1.predict)=37.55%
[ 2020-05-27 07:17:48,289][kfold_wrapper.log_eval_metrics] Accuracy(layer_3 - estimator_1 - 12_folds.train_2.predict)=35.02%
[ 2020-05-27 07:17:48,640][kfold_wrapper.log_eval_metrics] Accuracy(layer_3 - estimator_1 - 12_folds.train_3.predict)=40.08%
[ 2020-05-27 07:17:48,979][kfold_wrapper.log_eval_metrics] Accuracy(layer_3 - estimator_1 - 12_folds.train_4.predict)=37.13%
[ 2020-05-27 07:17:49,330][kfold_wrapper.log_eval_metrics] Accuracy(layer_3 - estimator_1 - 12_folds.train_5.predict)=36.29%
[ 2020-05-27 07:17:49,692][kfold_wrapper.log_eval_metrics] Accuracy(layer_3 - estimator_1 - 12_folds.train_6.predict)=32.07%
[ 2020-05-27 07:17:50,046][kfold_wrapper.log_eval_metrics] Accuracy(layer_3 - estimator_1 - 12_folds.train_7.predict)=33.33%
[ 2020-05-27 07:17:50,375][kfold_wrapper.log_eval_metrics] Accuracy(layer_3 - estimator_1 - 12_folds.train_8.predict)=38.40%
[ 2020-05-27 07:17:50,736][kfold_wrapper.log_eval_metrics] Accuracy(layer_3 - estimator_1 - 12_folds.train_9.predict)=36.29%
[ 2020-05-27 07:17:51,082][kfold_wrapper.log_eval_metrics] Accuracy(layer_3 - estimator_1 - 12_folds.train_10.predict)=44.73%
[ 2020-05-27 07:17:51,430][kfold_wrapper.log_eval_metrics] Accuracy(layer_3 - estimator_1 - 12_folds.train_11.predict)=42.37%
[ 2020-05-27 07:17:51,545][kfold_wrapper.log_eval_metrics] Accuracy(layer_3 - estimator_1 - 12_folds.train_cv.predict)=37.78%
[ 2020-05-27 07:17:51,547][kfold_wrapper.log_eval_metrics] Accuracy(layer_3 - estimator_1 - 12_folds.test.predict)=38.29%
[ 2020-05-27 07:17:51,722][kfold_wrapper.log_eval_metrics] Accuracy(layer_3 - estimator_2 - 12_folds.train_0.predict)=40.08%
[ 2020-05-27 07:17:51,853][kfold_wrapper.log_eval_metrics] Accuracy(layer_3 - estimator_2 - 12_folds.train_1.predict)=40.51%
[ 2020-05-27 07:17:51,992][kfold_wrapper.log_eval_metrics] Accuracy(layer_3 - estimator_2 - 12_folds.train_2.predict)=42.19%
[ 2020-05-27 07:17:52,128][kfold_wrapper.log_eval_metrics] Accuracy(layer_3 - estimator_2 - 12_folds.train_3.predict)=39.24%
[ 2020-05-27 07:17:52,262][kfold_wrapper.log_eval_metrics] Accuracy(layer_3 - estimator_2 - 12_folds.train_4.predict)=41.77%
[ 2020-05-27 07:17:52,397][kfold_wrapper.log_eval_metrics] Accuracy(layer_3 - estimator_2 - 12_folds.train_5.predict)=37.97%
[ 2020-05-27 07:17:52,535][kfold_wrapper.log_eval_metrics] Accuracy(layer_3 - estimator_2 - 12_folds.train_6.predict)=39.66%
[ 2020-05-27 07:17:52,671][kfold_wrapper.log_eval_metrics] Accuracy(layer_3 - estimator_2 - 12_folds.train_7.predict)=39.66%
[ 2020-05-27 07:17:52,807][kfold_wrapper.log_eval_metrics] Accuracy(layer_3 - estimator_2 - 12_folds.train_8.predict)=42.62%
[ 2020-05-27 07:17:52,943][kfold_wrapper.log_eval_metrics] Accuracy(layer_3 - estimator_2 - 12_folds.train_9.predict)=43.04%
[ 2020-05-27 07:17:53,082][kfold_wrapper.log_eval_metrics] Accuracy(layer_3 - estimator_2 - 12_folds.train_10.predict)=43.46%
[ 2020-05-27 07:17:53,220][kfold_wrapper.log_eval_metrics] Accuracy(layer_3 - estimator_2 - 12_folds.train_11.predict)=34.75%
[ 2020-05-27 07:17:53,221][kfold_wrapper.log_eval_metrics] Accuracy(layer_3 - estimator_2 - 12_folds.train_cv.predict)=40.42%
[ 2020-05-27 07:17:53,222][kfold_wrapper.log_eval_metrics] Accuracy(layer_3 - estimator_2 - 12_folds.test.predict)=46.20%
[ 2020-05-27 07:17:53,223][cascade_classifier.calc_accuracy] Accuracy(layer_3 - train.classifier_average)=39.01%
[ 2020-05-27 07:17:53,223][cascade_classifier.calc_accuracy] Accuracy(layer_3 - test.classifier_average)=37.34%
[ 2020-05-27 07:17:53,224][cascade_classifier.fit_transform] [layer=4] look_indexs=[0], X_cur_train.shape=(2843, 14), X_cur_test.shape=(316, 14)
[ 2020-05-27 07:17:53,447][kfold_wrapper.log_eval_metrics] Accuracy(layer_4 - estimator_0 - 12_folds.train_0.predict)=36.71%
[ 2020-05-27 07:17:53,791][kfold_wrapper.log_eval_metrics] Accuracy(layer_4 - estimator_0 - 12_folds.train_1.predict)=38.40%
[ 2020-05-27 07:17:54,145][kfold_wrapper.log_eval_metrics] Accuracy(layer_4 - estimator_0 - 12_folds.train_2.predict)=42.62%
[ 2020-05-27 07:17:54,489][kfold_wrapper.log_eval_metrics] Accuracy(layer_4 - estimator_0 - 12_folds.train_3.predict)=32.49%
[ 2020-05-27 07:17:54,850][kfold_wrapper.log_eval_metrics] Accuracy(layer_4 - estimator_0 - 12_folds.train_4.predict)=35.44%
[ 2020-05-27 07:17:55,203][kfold_wrapper.log_eval_metrics] Accuracy(layer_4 - estimator_0 - 12_folds.train_5.predict)=40.08%
[ 2020-05-27 07:17:55,537][kfold_wrapper.log_eval_metrics] Accuracy(layer_4 - estimator_0 - 12_folds.train_6.predict)=39.24%
[ 2020-05-27 07:17:55,870][kfold_wrapper.log_eval_metrics] Accuracy(layer_4 - estimator_0 - 12_folds.train_7.predict)=35.44%
[ 2020-05-27 07:17:56,225][kfold_wrapper.log_eval_metrics] Accuracy(layer_4 - estimator_0 - 12_folds.train_8.predict)=36.29%
[ 2020-05-27 07:17:56,552][kfold_wrapper.log_eval_metrics] Accuracy(layer_4 - estimator_0 - 12_folds.train_9.predict)=40.08%
[ 2020-05-27 07:17:56,896][kfold_wrapper.log_eval_metrics] Accuracy(layer_4 - estimator_0 - 12_folds.train_10.predict)=38.82%
[ 2020-05-27 07:17:57,250][kfold_wrapper.log_eval_metrics] Accuracy(layer_4 - estimator_0 - 12_folds.train_11.predict)=37.71%
[ 2020-05-27 07:17:57,372][kfold_wrapper.log_eval_metrics] Accuracy(layer_4 - estimator_0 - 12_folds.train_cv.predict)=37.78%
[ 2020-05-27 07:17:57,376][kfold_wrapper.log_eval_metrics] Accuracy(layer_4 - estimator_0 - 12_folds.test.predict)=41.77%
[ 2020-05-27 07:17:57,621][kfold_wrapper.log_eval_metrics] Accuracy(layer_4 - estimator_1 - 12_folds.train_0.predict)=37.13%
[ 2020-05-27 07:17:57,962][kfold_wrapper.log_eval_metrics] Accuracy(layer_4 - estimator_1 - 12_folds.train_1.predict)=36.29%
[ 2020-05-27 07:17:58,317][kfold_wrapper.log_eval_metrics] Accuracy(layer_4 - estimator_1 - 12_folds.train_2.predict)=32.07%
[ 2020-05-27 07:17:58,682][kfold_wrapper.log_eval_metrics] Accuracy(layer_4 - estimator_1 - 12_folds.train_3.predict)=38.82%
[ 2020-05-27 07:17:59,035][kfold_wrapper.log_eval_metrics] Accuracy(layer_4 - estimator_1 - 12_folds.train_4.predict)=36.71%
[ 2020-05-27 07:17:59,377][kfold_wrapper.log_eval_metrics] Accuracy(layer_4 - estimator_1 - 12_folds.train_5.predict)=37.55%
[ 2020-05-27 07:17:59,742][kfold_wrapper.log_eval_metrics] Accuracy(layer_4 - estimator_1 - 12_folds.train_6.predict)=39.24%
[ 2020-05-27 07:18:00,097][kfold_wrapper.log_eval_metrics] Accuracy(layer_4 - estimator_1 - 12_folds.train_7.predict)=35.44%
[ 2020-05-27 07:18:00,437][kfold_wrapper.log_eval_metrics] Accuracy(layer_4 - estimator_1 - 12_folds.train_8.predict)=39.66%
[ 2020-05-27 07:18:00,795][kfold_wrapper.log_eval_metrics] Accuracy(layer_4 - estimator_1 - 12_folds.train_9.predict)=36.29%
[ 2020-05-27 07:18:01,153][kfold_wrapper.log_eval_metrics] Accuracy(layer_4 - estimator_1 - 12_folds.train_10.predict)=35.86%
[ 2020-05-27 07:18:01,514][kfold_wrapper.log_eval_metrics] Accuracy(layer_4 - estimator_1 - 12_folds.train_11.predict)=36.86%
[ 2020-05-27 07:18:01,636][kfold_wrapper.log_eval_metrics] Accuracy(layer_4 - estimator_1 - 12_folds.train_cv.predict)=36.83%
[ 2020-05-27 07:18:01,639][kfold_wrapper.log_eval_metrics] Accuracy(layer_4 - estimator_1 - 12_folds.test.predict)=37.66%
[ 2020-05-27 07:18:01,893][kfold_wrapper.log_eval_metrics] Accuracy(layer_4 - estimator_2 - 12_folds.train_0.predict)=38.40%
[ 2020-05-27 07:18:02,088][kfold_wrapper.log_eval_metrics] Accuracy(layer_4 - estimator_2 - 12_folds.train_1.predict)=40.08%
[ 2020-05-27 07:18:02,281][kfold_wrapper.log_eval_metrics] Accuracy(layer_4 - estimator_2 - 12_folds.train_2.predict)=40.08%
[ 2020-05-27 07:18:02,467][kfold_wrapper.log_eval_metrics] Accuracy(layer_4 - estimator_2 - 12_folds.train_3.predict)=41.35%
[ 2020-05-27 07:18:02,657][kfold_wrapper.log_eval_metrics] Accuracy(layer_4 - estimator_2 - 12_folds.train_4.predict)=43.88%
[ 2020-05-27 07:18:02,846][kfold_wrapper.log_eval_metrics] Accuracy(layer_4 - estimator_2 - 12_folds.train_5.predict)=42.19%
[ 2020-05-27 07:18:03,027][kfold_wrapper.log_eval_metrics] Accuracy(layer_4 - estimator_2 - 12_folds.train_6.predict)=38.82%
[ 2020-05-27 07:18:03,226][kfold_wrapper.log_eval_metrics] Accuracy(layer_4 - estimator_2 - 12_folds.train_7.predict)=40.08%
[ 2020-05-27 07:18:03,415][kfold_wrapper.log_eval_metrics] Accuracy(layer_4 - estimator_2 - 12_folds.train_8.predict)=38.40%
[ 2020-05-27 07:18:03,604][kfold_wrapper.log_eval_metrics] Accuracy(layer_4 - estimator_2 - 12_folds.train_9.predict)=45.15%
[ 2020-05-27 07:18:03,788][kfold_wrapper.log_eval_metrics] Accuracy(layer_4 - estimator_2 - 12_folds.train_10.predict)=42.19%
[ 2020-05-27 07:18:03,975][kfold_wrapper.log_eval_metrics] Accuracy(layer_4 - estimator_2 - 12_folds.train_11.predict)=34.75%
[ 2020-05-27 07:18:03,977][kfold_wrapper.log_eval_metrics] Accuracy(layer_4 - estimator_2 - 12_folds.train_cv.predict)=40.45%
[ 2020-05-27 07:18:03,978][kfold_wrapper.log_eval_metrics] Accuracy(layer_4 - estimator_2 - 12_folds.test.predict)=40.51%
[ 2020-05-27 07:18:03,979][cascade_classifier.calc_accuracy] Accuracy(layer_4 - train.classifier_average)=38.34%
[ 2020-05-27 07:18:03,980][cascade_classifier.calc_accuracy] Accuracy(layer_4 - test.classifier_average)=39.56%
[ 2020-05-27 07:18:03,981][cascade_classifier.fit_transform] [layer=5] look_indexs=[0], X_cur_train.shape=(2843, 14), X_cur_test.shape=(316, 14)
[ 2020-05-27 07:18:04,209][kfold_wrapper.log_eval_metrics] Accuracy(layer_5 - estimator_0 - 12_folds.train_0.predict)=37.13%
[ 2020-05-27 07:18:04,562][kfold_wrapper.log_eval_metrics] Accuracy(layer_5 - estimator_0 - 12_folds.train_1.predict)=37.13%
[ 2020-05-27 07:18:04,926][kfold_wrapper.log_eval_metrics] Accuracy(layer_5 - estimator_0 - 12_folds.train_2.predict)=36.71%
[ 2020-05-27 07:18:05,272][kfold_wrapper.log_eval_metrics] Accuracy(layer_5 - estimator_0 - 12_folds.train_3.predict)=31.22%
[ 2020-05-27 07:18:05,628][kfold_wrapper.log_eval_metrics] Accuracy(layer_5 - estimator_0 - 12_folds.train_4.predict)=32.91%
[ 2020-05-27 07:18:05,982][kfold_wrapper.log_eval_metrics] Accuracy(layer_5 - estimator_0 - 12_folds.train_5.predict)=35.02%
[ 2020-05-27 07:18:06,329][kfold_wrapper.log_eval_metrics] Accuracy(layer_5 - estimator_0 - 12_folds.train_6.predict)=31.65%
[ 2020-05-27 07:18:06,670][kfold_wrapper.log_eval_metrics] Accuracy(layer_5 - estimator_0 - 12_folds.train_7.predict)=30.80%
[ 2020-05-27 07:18:07,029][kfold_wrapper.log_eval_metrics] Accuracy(layer_5 - estimator_0 - 12_folds.train_8.predict)=40.51%
[ 2020-05-27 07:18:07,381][kfold_wrapper.log_eval_metrics] Accuracy(layer_5 - estimator_0 - 12_folds.train_9.predict)=34.18%
[ 2020-05-27 07:18:07,747][kfold_wrapper.log_eval_metrics] Accuracy(layer_5 - estimator_0 - 12_folds.train_10.predict)=39.24%
[ 2020-05-27 07:18:08,093][kfold_wrapper.log_eval_metrics] Accuracy(layer_5 - estimator_0 - 12_folds.train_11.predict)=35.17%
[ 2020-05-27 07:18:08,218][kfold_wrapper.log_eval_metrics] Accuracy(layer_5 - estimator_0 - 12_folds.train_cv.predict)=35.14%
[ 2020-05-27 07:18:08,223][kfold_wrapper.log_eval_metrics] Accuracy(layer_5 - estimator_0 - 12_folds.test.predict)=38.61%
[ 2020-05-27 07:18:08,466][kfold_wrapper.log_eval_metrics] Accuracy(layer_5 - estimator_1 - 12_folds.train_0.predict)=38.40%
[ 2020-05-27 07:18:08,831][kfold_wrapper.log_eval_metrics] Accuracy(layer_5 - estimator_1 - 12_folds.train_1.predict)=42.19%
[ 2020-05-27 07:18:09,197][kfold_wrapper.log_eval_metrics] Accuracy(layer_5 - estimator_1 - 12_folds.train_2.predict)=33.33%
[ 2020-05-27 07:18:09,564][kfold_wrapper.log_eval_metrics] Accuracy(layer_5 - estimator_1 - 12_folds.train_3.predict)=34.18%
[ 2020-05-27 07:18:09,914][kfold_wrapper.log_eval_metrics] Accuracy(layer_5 - estimator_1 - 12_folds.train_4.predict)=33.76%
[ 2020-05-27 07:18:10,272][kfold_wrapper.log_eval_metrics] Accuracy(layer_5 - estimator_1 - 12_folds.train_5.predict)=31.22%
[ 2020-05-27 07:18:10,631][kfold_wrapper.log_eval_metrics] Accuracy(layer_5 - estimator_1 - 12_folds.train_6.predict)=32.07%
[ 2020-05-27 07:18:10,996][kfold_wrapper.log_eval_metrics] Accuracy(layer_5 - estimator_1 - 12_folds.train_7.predict)=34.60%
[ 2020-05-27 07:18:11,354][kfold_wrapper.log_eval_metrics] Accuracy(layer_5 - estimator_1 - 12_folds.train_8.predict)=37.13%
[ 2020-05-27 07:18:11,710][kfold_wrapper.log_eval_metrics] Accuracy(layer_5 - estimator_1 - 12_folds.train_9.predict)=36.29%
[ 2020-05-27 07:18:12,076][kfold_wrapper.log_eval_metrics] Accuracy(layer_5 - estimator_1 - 12_folds.train_10.predict)=30.38%
[ 2020-05-27 07:18:12,431][kfold_wrapper.log_eval_metrics] Accuracy(layer_5 - estimator_1 - 12_folds.train_11.predict)=37.29%
[ 2020-05-27 07:18:12,550][kfold_wrapper.log_eval_metrics] Accuracy(layer_5 - estimator_1 - 12_folds.train_cv.predict)=35.07%
[ 2020-05-27 07:18:12,554][kfold_wrapper.log_eval_metrics] Accuracy(layer_5 - estimator_1 - 12_folds.test.predict)=37.03%
[ 2020-05-27 07:18:12,849][kfold_wrapper.log_eval_metrics] Accuracy(layer_5 - estimator_2 - 12_folds.train_0.predict)=42.19%
[ 2020-05-27 07:18:13,093][kfold_wrapper.log_eval_metrics] Accuracy(layer_5 - estimator_2 - 12_folds.train_1.predict)=38.82%
[ 2020-05-27 07:18:13,335][kfold_wrapper.log_eval_metrics] Accuracy(layer_5 - estimator_2 - 12_folds.train_2.predict)=37.97%
[ 2020-05-27 07:18:13,572][kfold_wrapper.log_eval_metrics] Accuracy(layer_5 - estimator_2 - 12_folds.train_3.predict)=43.04%
[ 2020-05-27 07:18:13,809][kfold_wrapper.log_eval_metrics] Accuracy(layer_5 - estimator_2 - 12_folds.train_4.predict)=39.66%
[ 2020-05-27 07:18:14,057][kfold_wrapper.log_eval_metrics] Accuracy(layer_5 - estimator_2 - 12_folds.train_5.predict)=41.77%
[ 2020-05-27 07:18:14,298][kfold_wrapper.log_eval_metrics] Accuracy(layer_5 - estimator_2 - 12_folds.train_6.predict)=41.77%
[ 2020-05-27 07:18:14,539][kfold_wrapper.log_eval_metrics] Accuracy(layer_5 - estimator_2 - 12_folds.train_7.predict)=40.08%
[ 2020-05-27 07:18:14,775][kfold_wrapper.log_eval_metrics] Accuracy(layer_5 - estimator_2 - 12_folds.train_8.predict)=40.93%
[ 2020-05-27 07:18:15,026][kfold_wrapper.log_eval_metrics] Accuracy(layer_5 - estimator_2 - 12_folds.train_9.predict)=35.86%
[ 2020-05-27 07:18:15,265][kfold_wrapper.log_eval_metrics] Accuracy(layer_5 - estimator_2 - 12_folds.train_10.predict)=44.73%
[ 2020-05-27 07:18:15,506][kfold_wrapper.log_eval_metrics] Accuracy(layer_5 - estimator_2 - 12_folds.train_11.predict)=39.41%
[ 2020-05-27 07:18:15,509][kfold_wrapper.log_eval_metrics] Accuracy(layer_5 - estimator_2 - 12_folds.train_cv.predict)=40.52%
[ 2020-05-27 07:18:15,509][kfold_wrapper.log_eval_metrics] Accuracy(layer_5 - estimator_2 - 12_folds.test.predict)=41.14%
[ 2020-05-27 07:18:15,512][cascade_classifier.calc_accuracy] Accuracy(layer_5 - train.classifier_average)=37.25%
[ 2020-05-27 07:18:15,513][cascade_classifier.calc_accuracy] Accuracy(layer_5 - test.classifier_average)=38.92%
[ 2020-05-27 07:18:15,514][cascade_classifier.fit_transform] [Result][Optimal Level Detected] opt_layer_num=2, accuracy_train=40.38%, accuracy_test=34.49%
[ 2020-05-27 07:18:15,593][cascade_classifier.transform] X_groups_test.shape=[(243, 5)]
[ 2020-05-27 07:18:15,594][cascade_classifier.transform] group_dims=[5]
[ 2020-05-27 07:18:15,594][cascade_classifier.transform] X_test.shape=(243, 5)
[ 2020-05-27 07:18:15,595][cascade_classifier.transform] [layer=0] look_indexs=[0], X_cur_test.shape=(243, 5)
[ 2020-05-27 07:18:18,268][cascade_classifier.transform] [layer=1] look_indexs=[0], X_cur_test.shape=(243, 14)
[ 2020-05-27 07:18:21,313][cascade_classifier.fit_transform] X_groups_train.shape=[(3061, 5)],y_train.shape=(3061,),X_groups_test.shape=[(341, 5)],y_test.shape=(341,)
[ 2020-05-27 07:18:21,314][cascade_classifier.fit_transform] group_dims=[5]
[ 2020-05-27 07:18:21,315][cascade_classifier.fit_transform] group_starts=[0]
[ 2020-05-27 07:18:21,316][cascade_classifier.fit_transform] group_ends=[5]
[ 2020-05-27 07:18:21,316][cascade_classifier.fit_transform] X_train.shape=(3061, 5),X_test.shape=(341, 5)
[ 2020-05-27 07:18:21,317][cascade_classifier.fit_transform] [layer=0] look_indexs=[0], X_cur_train.shape=(3061, 5), X_cur_test.shape=(341, 5)
[ 2020-05-27 07:18:21,540][kfold_wrapper.log_eval_metrics] Accuracy(layer_0 - estimator_0 - 12_folds.train_0.predict)=40.23%
[ 2020-05-27 07:18:21,887][kfold_wrapper.log_eval_metrics] Accuracy(layer_0 - estimator_0 - 12_folds.train_1.predict)=34.90%
[ 2020-05-27 07:18:22,235][kfold_wrapper.log_eval_metrics] Accuracy(layer_0 - estimator_0 - 12_folds.train_2.predict)=37.65%
[ 2020-05-27 07:18:22,577][kfold_wrapper.log_eval_metrics] Accuracy(layer_0 - estimator_0 - 12_folds.train_3.predict)=37.25%
[ 2020-05-27 07:18:22,911][kfold_wrapper.log_eval_metrics] Accuracy(layer_0 - estimator_0 - 12_folds.train_4.predict)=38.43%
[ 2020-05-27 07:18:23,264][kfold_wrapper.log_eval_metrics] Accuracy(layer_0 - estimator_0 - 12_folds.train_5.predict)=34.90%
[ 2020-05-27 07:18:23,611][kfold_wrapper.log_eval_metrics] Accuracy(layer_0 - estimator_0 - 12_folds.train_6.predict)=29.80%
[ 2020-05-27 07:18:23,964][kfold_wrapper.log_eval_metrics] Accuracy(layer_0 - estimator_0 - 12_folds.train_7.predict)=32.55%
[ 2020-05-27 07:18:24,319][kfold_wrapper.log_eval_metrics] Accuracy(layer_0 - estimator_0 - 12_folds.train_8.predict)=41.18%
[ 2020-05-27 07:18:24,670][kfold_wrapper.log_eval_metrics] Accuracy(layer_0 - estimator_0 - 12_folds.train_9.predict)=40.78%
[ 2020-05-27 07:18:25,025][kfold_wrapper.log_eval_metrics] Accuracy(layer_0 - estimator_0 - 12_folds.train_10.predict)=30.20%
[ 2020-05-27 07:18:25,358][kfold_wrapper.log_eval_metrics] Accuracy(layer_0 - estimator_0 - 12_folds.train_11.predict)=33.73%
[ 2020-05-27 07:18:25,476][kfold_wrapper.log_eval_metrics] Accuracy(layer_0 - estimator_0 - 12_folds.train_cv.predict)=35.97%
[ 2020-05-27 07:18:25,479][kfold_wrapper.log_eval_metrics] Accuracy(layer_0 - estimator_0 - 12_folds.test.predict)=29.91%
[ 2020-05-27 07:18:25,724][kfold_wrapper.log_eval_metrics] Accuracy(layer_0 - estimator_1 - 12_folds.train_0.predict)=33.20%
[ 2020-05-27 07:18:26,070][kfold_wrapper.log_eval_metrics] Accuracy(layer_0 - estimator_1 - 12_folds.train_1.predict)=34.90%
[ 2020-05-27 07:18:26,430][kfold_wrapper.log_eval_metrics] Accuracy(layer_0 - estimator_1 - 12_folds.train_2.predict)=34.51%
[ 2020-05-27 07:18:26,783][kfold_wrapper.log_eval_metrics] Accuracy(layer_0 - estimator_1 - 12_folds.train_3.predict)=36.86%
[ 2020-05-27 07:18:27,135][kfold_wrapper.log_eval_metrics] Accuracy(layer_0 - estimator_1 - 12_folds.train_4.predict)=39.22%
[ 2020-05-27 07:18:27,473][kfold_wrapper.log_eval_metrics] Accuracy(layer_0 - estimator_1 - 12_folds.train_5.predict)=36.47%
[ 2020-05-27 07:18:27,805][kfold_wrapper.log_eval_metrics] Accuracy(layer_0 - estimator_1 - 12_folds.train_6.predict)=36.47%
[ 2020-05-27 07:18:28,151][kfold_wrapper.log_eval_metrics] Accuracy(layer_0 - estimator_1 - 12_folds.train_7.predict)=35.69%
[ 2020-05-27 07:18:28,485][kfold_wrapper.log_eval_metrics] Accuracy(layer_0 - estimator_1 - 12_folds.train_8.predict)=33.33%
[ 2020-05-27 07:18:28,834][kfold_wrapper.log_eval_metrics] Accuracy(layer_0 - estimator_1 - 12_folds.train_9.predict)=33.73%
[ 2020-05-27 07:18:29,187][kfold_wrapper.log_eval_metrics] Accuracy(layer_0 - estimator_1 - 12_folds.train_10.predict)=35.29%
[ 2020-05-27 07:18:29,522][kfold_wrapper.log_eval_metrics] Accuracy(layer_0 - estimator_1 - 12_folds.train_11.predict)=35.69%
[ 2020-05-27 07:18:29,637][kfold_wrapper.log_eval_metrics] Accuracy(layer_0 - estimator_1 - 12_folds.train_cv.predict)=35.45%
[ 2020-05-27 07:18:29,639][kfold_wrapper.log_eval_metrics] Accuracy(layer_0 - estimator_1 - 12_folds.test.predict)=31.67%
[ 2020-05-27 07:18:29,699][kfold_wrapper.log_eval_metrics] Accuracy(layer_0 - estimator_2 - 12_folds.train_0.predict)=41.41%
[ 2020-05-27 07:18:29,730][kfold_wrapper.log_eval_metrics] Accuracy(layer_0 - estimator_2 - 12_folds.train_1.predict)=39.61%
[ 2020-05-27 07:18:29,763][kfold_wrapper.log_eval_metrics] Accuracy(layer_0 - estimator_2 - 12_folds.train_2.predict)=38.82%
[ 2020-05-27 07:18:29,793][kfold_wrapper.log_eval_metrics] Accuracy(layer_0 - estimator_2 - 12_folds.train_3.predict)=41.57%
[ 2020-05-27 07:18:29,831][kfold_wrapper.log_eval_metrics] Accuracy(layer_0 - estimator_2 - 12_folds.train_4.predict)=43.14%
[ 2020-05-27 07:18:29,863][kfold_wrapper.log_eval_metrics] Accuracy(layer_0 - estimator_2 - 12_folds.train_5.predict)=43.92%
[ 2020-05-27 07:18:29,897][kfold_wrapper.log_eval_metrics] Accuracy(layer_0 - estimator_2 - 12_folds.train_6.predict)=41.18%
[ 2020-05-27 07:18:29,934][kfold_wrapper.log_eval_metrics] Accuracy(layer_0 - estimator_2 - 12_folds.train_7.predict)=45.10%
[ 2020-05-27 07:18:29,965][kfold_wrapper.log_eval_metrics] Accuracy(layer_0 - estimator_2 - 12_folds.train_8.predict)=38.82%
[ 2020-05-27 07:18:29,996][kfold_wrapper.log_eval_metrics] Accuracy(layer_0 - estimator_2 - 12_folds.train_9.predict)=43.92%
[ 2020-05-27 07:18:30,032][kfold_wrapper.log_eval_metrics] Accuracy(layer_0 - estimator_2 - 12_folds.train_10.predict)=42.75%
[ 2020-05-27 07:18:30,071][kfold_wrapper.log_eval_metrics] Accuracy(layer_0 - estimator_2 - 12_folds.train_11.predict)=41.96%
[ 2020-05-27 07:18:30,072][kfold_wrapper.log_eval_metrics] Accuracy(layer_0 - estimator_2 - 12_folds.train_cv.predict)=41.85%
[ 2020-05-27 07:18:30,073][kfold_wrapper.log_eval_metrics] Accuracy(layer_0 - estimator_2 - 12_folds.test.predict)=47.51%
[ 2020-05-27 07:18:30,074][cascade_classifier.calc_accuracy] Accuracy(layer_0 - train.classifier_average)=37.34%
[ 2020-05-27 07:18:30,075][cascade_classifier.calc_accuracy] Accuracy(layer_0 - test.classifier_average)=31.96%
[ 2020-05-27 07:18:30,075][cascade_classifier.fit_transform] [layer=1] look_indexs=[0], X_cur_train.shape=(3061, 14), X_cur_test.shape=(341, 14)
[ 2020-05-27 07:18:30,299][kfold_wrapper.log_eval_metrics] Accuracy(layer_1 - estimator_0 - 12_folds.train_0.predict)=38.67%
[ 2020-05-27 07:18:30,652][kfold_wrapper.log_eval_metrics] Accuracy(layer_1 - estimator_0 - 12_folds.train_1.predict)=38.43%
[ 2020-05-27 07:18:30,998][kfold_wrapper.log_eval_metrics] Accuracy(layer_1 - estimator_0 - 12_folds.train_2.predict)=43.14%
[ 2020-05-27 07:18:31,314][kfold_wrapper.log_eval_metrics] Accuracy(layer_1 - estimator_0 - 12_folds.train_3.predict)=37.25%
[ 2020-05-27 07:18:31,660][kfold_wrapper.log_eval_metrics] Accuracy(layer_1 - estimator_0 - 12_folds.train_4.predict)=39.22%
[ 2020-05-27 07:18:32,008][kfold_wrapper.log_eval_metrics] Accuracy(layer_1 - estimator_0 - 12_folds.train_5.predict)=41.18%
[ 2020-05-27 07:18:32,352][kfold_wrapper.log_eval_metrics] Accuracy(layer_1 - estimator_0 - 12_folds.train_6.predict)=41.57%
[ 2020-05-27 07:18:32,710][kfold_wrapper.log_eval_metrics] Accuracy(layer_1 - estimator_0 - 12_folds.train_7.predict)=43.92%
[ 2020-05-27 07:18:33,051][kfold_wrapper.log_eval_metrics] Accuracy(layer_1 - estimator_0 - 12_folds.train_8.predict)=40.39%
[ 2020-05-27 07:18:33,391][kfold_wrapper.log_eval_metrics] Accuracy(layer_1 - estimator_0 - 12_folds.train_9.predict)=39.22%
[ 2020-05-27 07:18:33,742][kfold_wrapper.log_eval_metrics] Accuracy(layer_1 - estimator_0 - 12_folds.train_10.predict)=41.57%
[ 2020-05-27 07:18:34,073][kfold_wrapper.log_eval_metrics] Accuracy(layer_1 - estimator_0 - 12_folds.train_11.predict)=41.18%
[ 2020-05-27 07:18:34,187][kfold_wrapper.log_eval_metrics] Accuracy(layer_1 - estimator_0 - 12_folds.train_cv.predict)=40.48%
[ 2020-05-27 07:18:34,189][kfold_wrapper.log_eval_metrics] Accuracy(layer_1 - estimator_0 - 12_folds.test.predict)=30.21%
[ 2020-05-27 07:18:34,414][kfold_wrapper.log_eval_metrics] Accuracy(layer_1 - estimator_1 - 12_folds.train_0.predict)=44.53%
[ 2020-05-27 07:18:34,752][kfold_wrapper.log_eval_metrics] Accuracy(layer_1 - estimator_1 - 12_folds.train_1.predict)=36.47%
[ 2020-05-27 07:18:35,103][kfold_wrapper.log_eval_metrics] Accuracy(layer_1 - estimator_1 - 12_folds.train_2.predict)=36.08%
[ 2020-05-27 07:18:35,452][kfold_wrapper.log_eval_metrics] Accuracy(layer_1 - estimator_1 - 12_folds.train_3.predict)=36.47%
[ 2020-05-27 07:18:35,777][kfold_wrapper.log_eval_metrics] Accuracy(layer_1 - estimator_1 - 12_folds.train_4.predict)=40.00%
[ 2020-05-27 07:18:36,124][kfold_wrapper.log_eval_metrics] Accuracy(layer_1 - estimator_1 - 12_folds.train_5.predict)=37.25%
[ 2020-05-27 07:18:36,466][kfold_wrapper.log_eval_metrics] Accuracy(layer_1 - estimator_1 - 12_folds.train_6.predict)=36.08%
[ 2020-05-27 07:18:36,822][kfold_wrapper.log_eval_metrics] Accuracy(layer_1 - estimator_1 - 12_folds.train_7.predict)=42.75%
[ 2020-05-27 07:18:37,164][kfold_wrapper.log_eval_metrics] Accuracy(layer_1 - estimator_1 - 12_folds.train_8.predict)=44.31%
[ 2020-05-27 07:18:37,515][kfold_wrapper.log_eval_metrics] Accuracy(layer_1 - estimator_1 - 12_folds.train_9.predict)=40.39%
[ 2020-05-27 07:18:37,872][kfold_wrapper.log_eval_metrics] Accuracy(layer_1 - estimator_1 - 12_folds.train_10.predict)=39.61%
[ 2020-05-27 07:18:38,210][kfold_wrapper.log_eval_metrics] Accuracy(layer_1 - estimator_1 - 12_folds.train_11.predict)=36.86%
[ 2020-05-27 07:18:38,318][kfold_wrapper.log_eval_metrics] Accuracy(layer_1 - estimator_1 - 12_folds.train_cv.predict)=39.24%
[ 2020-05-27 07:18:38,320][kfold_wrapper.log_eval_metrics] Accuracy(layer_1 - estimator_1 - 12_folds.test.predict)=41.64%
[ 2020-05-27 07:18:38,438][kfold_wrapper.log_eval_metrics] Accuracy(layer_1 - estimator_2 - 12_folds.train_0.predict)=40.62%
[ 2020-05-27 07:18:38,525][kfold_wrapper.log_eval_metrics] Accuracy(layer_1 - estimator_2 - 12_folds.train_1.predict)=43.14%
[ 2020-05-27 07:18:38,610][kfold_wrapper.log_eval_metrics] Accuracy(layer_1 - estimator_2 - 12_folds.train_2.predict)=40.39%
[ 2020-05-27 07:18:38,699][kfold_wrapper.log_eval_metrics] Accuracy(layer_1 - estimator_2 - 12_folds.train_3.predict)=41.18%
[ 2020-05-27 07:18:38,785][kfold_wrapper.log_eval_metrics] Accuracy(layer_1 - estimator_2 - 12_folds.train_4.predict)=40.78%
[ 2020-05-27 07:18:38,874][kfold_wrapper.log_eval_metrics] Accuracy(layer_1 - estimator_2 - 12_folds.train_5.predict)=38.04%
[ 2020-05-27 07:18:38,962][kfold_wrapper.log_eval_metrics] Accuracy(layer_1 - estimator_2 - 12_folds.train_6.predict)=45.10%
[ 2020-05-27 07:18:39,048][kfold_wrapper.log_eval_metrics] Accuracy(layer_1 - estimator_2 - 12_folds.train_7.predict)=40.00%
[ 2020-05-27 07:18:39,133][kfold_wrapper.log_eval_metrics] Accuracy(layer_1 - estimator_2 - 12_folds.train_8.predict)=39.61%
[ 2020-05-27 07:18:39,219][kfold_wrapper.log_eval_metrics] Accuracy(layer_1 - estimator_2 - 12_folds.train_9.predict)=44.31%
[ 2020-05-27 07:18:39,307][kfold_wrapper.log_eval_metrics] Accuracy(layer_1 - estimator_2 - 12_folds.train_10.predict)=42.75%
[ 2020-05-27 07:18:39,396][kfold_wrapper.log_eval_metrics] Accuracy(layer_1 - estimator_2 - 12_folds.train_11.predict)=42.35%
[ 2020-05-27 07:18:39,397][kfold_wrapper.log_eval_metrics] Accuracy(layer_1 - estimator_2 - 12_folds.train_cv.predict)=41.52%
[ 2020-05-27 07:18:39,398][kfold_wrapper.log_eval_metrics] Accuracy(layer_1 - estimator_2 - 12_folds.test.predict)=48.09%
[ 2020-05-27 07:18:39,399][cascade_classifier.calc_accuracy] Accuracy(layer_1 - train.classifier_average)=41.59%
[ 2020-05-27 07:18:39,399][cascade_classifier.calc_accuracy] Accuracy(layer_1 - test.classifier_average)=39.30%
[ 2020-05-27 07:18:39,400][cascade_classifier.fit_transform] [layer=2] look_indexs=[0], X_cur_train.shape=(3061, 14), X_cur_test.shape=(341, 14)
[ 2020-05-27 07:18:39,620][kfold_wrapper.log_eval_metrics] Accuracy(layer_2 - estimator_0 - 12_folds.train_0.predict)=35.55%
[ 2020-05-27 07:18:39,968][kfold_wrapper.log_eval_metrics] Accuracy(layer_2 - estimator_0 - 12_folds.train_1.predict)=40.00%
[ 2020-05-27 07:18:40,306][kfold_wrapper.log_eval_metrics] Accuracy(layer_2 - estimator_0 - 12_folds.train_2.predict)=37.25%
[ 2020-05-27 07:18:40,655][kfold_wrapper.log_eval_metrics] Accuracy(layer_2 - estimator_0 - 12_folds.train_3.predict)=38.82%
[ 2020-05-27 07:18:40,996][kfold_wrapper.log_eval_metrics] Accuracy(layer_2 - estimator_0 - 12_folds.train_4.predict)=43.14%
[ 2020-05-27 07:18:41,330][kfold_wrapper.log_eval_metrics] Accuracy(layer_2 - estimator_0 - 12_folds.train_5.predict)=31.76%
[ 2020-05-27 07:18:41,654][kfold_wrapper.log_eval_metrics] Accuracy(layer_2 - estimator_0 - 12_folds.train_6.predict)=40.78%
[ 2020-05-27 07:18:42,009][kfold_wrapper.log_eval_metrics] Accuracy(layer_2 - estimator_0 - 12_folds.train_7.predict)=32.55%
[ 2020-05-27 07:18:42,340][kfold_wrapper.log_eval_metrics] Accuracy(layer_2 - estimator_0 - 12_folds.train_8.predict)=38.43%
[ 2020-05-27 07:18:42,679][kfold_wrapper.log_eval_metrics] Accuracy(layer_2 - estimator_0 - 12_folds.train_9.predict)=39.61%
[ 2020-05-27 07:18:43,026][kfold_wrapper.log_eval_metrics] Accuracy(layer_2 - estimator_0 - 12_folds.train_10.predict)=37.65%
[ 2020-05-27 07:18:43,371][kfold_wrapper.log_eval_metrics] Accuracy(layer_2 - estimator_0 - 12_folds.train_11.predict)=36.47%
[ 2020-05-27 07:18:43,479][kfold_wrapper.log_eval_metrics] Accuracy(layer_2 - estimator_0 - 12_folds.train_cv.predict)=37.67%
[ 2020-05-27 07:18:43,481][kfold_wrapper.log_eval_metrics] Accuracy(layer_2 - estimator_0 - 12_folds.test.predict)=36.36%
[ 2020-05-27 07:18:43,715][kfold_wrapper.log_eval_metrics] Accuracy(layer_2 - estimator_1 - 12_folds.train_0.predict)=36.72%
[ 2020-05-27 07:18:44,046][kfold_wrapper.log_eval_metrics] Accuracy(layer_2 - estimator_1 - 12_folds.train_1.predict)=37.25%
[ 2020-05-27 07:18:44,395][kfold_wrapper.log_eval_metrics] Accuracy(layer_2 - estimator_1 - 12_folds.train_2.predict)=43.53%
[ 2020-05-27 07:18:44,742][kfold_wrapper.log_eval_metrics] Accuracy(layer_2 - estimator_1 - 12_folds.train_3.predict)=39.61%
[ 2020-05-27 07:18:45,097][kfold_wrapper.log_eval_metrics] Accuracy(layer_2 - estimator_1 - 12_folds.train_4.predict)=34.51%
[ 2020-05-27 07:18:45,424][kfold_wrapper.log_eval_metrics] Accuracy(layer_2 - estimator_1 - 12_folds.train_5.predict)=41.96%
[ 2020-05-27 07:18:45,772][kfold_wrapper.log_eval_metrics] Accuracy(layer_2 - estimator_1 - 12_folds.train_6.predict)=31.37%
[ 2020-05-27 07:18:46,119][kfold_wrapper.log_eval_metrics] Accuracy(layer_2 - estimator_1 - 12_folds.train_7.predict)=33.73%
[ 2020-05-27 07:18:46,457][kfold_wrapper.log_eval_metrics] Accuracy(layer_2 - estimator_1 - 12_folds.train_8.predict)=39.61%
[ 2020-05-27 07:18:46,796][kfold_wrapper.log_eval_metrics] Accuracy(layer_2 - estimator_1 - 12_folds.train_9.predict)=40.78%
[ 2020-05-27 07:18:47,119][kfold_wrapper.log_eval_metrics] Accuracy(layer_2 - estimator_1 - 12_folds.train_10.predict)=31.37%
[ 2020-05-27 07:18:47,439][kfold_wrapper.log_eval_metrics] Accuracy(layer_2 - estimator_1 - 12_folds.train_11.predict)=37.65%
[ 2020-05-27 07:18:47,544][kfold_wrapper.log_eval_metrics] Accuracy(layer_2 - estimator_1 - 12_folds.train_cv.predict)=37.34%
[ 2020-05-27 07:18:47,545][kfold_wrapper.log_eval_metrics] Accuracy(layer_2 - estimator_1 - 12_folds.test.predict)=41.06%
[ 2020-05-27 07:18:47,656][kfold_wrapper.log_eval_metrics] Accuracy(layer_2 - estimator_2 - 12_folds.train_0.predict)=39.84%
[ 2020-05-27 07:18:47,756][kfold_wrapper.log_eval_metrics] Accuracy(layer_2 - estimator_2 - 12_folds.train_1.predict)=40.39%
[ 2020-05-27 07:18:47,858][kfold_wrapper.log_eval_metrics] Accuracy(layer_2 - estimator_2 - 12_folds.train_2.predict)=39.22%
[ 2020-05-27 07:18:47,958][kfold_wrapper.log_eval_metrics] Accuracy(layer_2 - estimator_2 - 12_folds.train_3.predict)=43.53%
[ 2020-05-27 07:18:48,059][kfold_wrapper.log_eval_metrics] Accuracy(layer_2 - estimator_2 - 12_folds.train_4.predict)=39.61%
[ 2020-05-27 07:18:48,159][kfold_wrapper.log_eval_metrics] Accuracy(layer_2 - estimator_2 - 12_folds.train_5.predict)=41.57%
[ 2020-05-27 07:18:48,257][kfold_wrapper.log_eval_metrics] Accuracy(layer_2 - estimator_2 - 12_folds.train_6.predict)=46.27%
[ 2020-05-27 07:18:48,358][kfold_wrapper.log_eval_metrics] Accuracy(layer_2 - estimator_2 - 12_folds.train_7.predict)=44.31%
[ 2020-05-27 07:18:48,456][kfold_wrapper.log_eval_metrics] Accuracy(layer_2 - estimator_2 - 12_folds.train_8.predict)=40.78%
[ 2020-05-27 07:18:48,553][kfold_wrapper.log_eval_metrics] Accuracy(layer_2 - estimator_2 - 12_folds.train_9.predict)=42.75%
[ 2020-05-27 07:18:48,651][kfold_wrapper.log_eval_metrics] Accuracy(layer_2 - estimator_2 - 12_folds.train_10.predict)=40.78%
[ 2020-05-27 07:18:48,757][kfold_wrapper.log_eval_metrics] Accuracy(layer_2 - estimator_2 - 12_folds.train_11.predict)=50.59%
[ 2020-05-27 07:18:48,759][kfold_wrapper.log_eval_metrics] Accuracy(layer_2 - estimator_2 - 12_folds.train_cv.predict)=42.47%
[ 2020-05-27 07:18:48,759][kfold_wrapper.log_eval_metrics] Accuracy(layer_2 - estimator_2 - 12_folds.test.predict)=46.04%
[ 2020-05-27 07:18:48,761][cascade_classifier.calc_accuracy] Accuracy(layer_2 - train.classifier_average)=39.73%
[ 2020-05-27 07:18:48,761][cascade_classifier.calc_accuracy] Accuracy(layer_2 - test.classifier_average)=41.06%
[ 2020-05-27 07:18:48,762][cascade_classifier.fit_transform] [layer=3] look_indexs=[0], X_cur_train.shape=(3061, 14), X_cur_test.shape=(341, 14)
[ 2020-05-27 07:18:48,979][kfold_wrapper.log_eval_metrics] Accuracy(layer_3 - estimator_0 - 12_folds.train_0.predict)=41.41%
[ 2020-05-27 07:18:49,324][kfold_wrapper.log_eval_metrics] Accuracy(layer_3 - estimator_0 - 12_folds.train_1.predict)=41.57%
[ 2020-05-27 07:18:49,641][kfold_wrapper.log_eval_metrics] Accuracy(layer_3 - estimator_0 - 12_folds.train_2.predict)=32.16%
[ 2020-05-27 07:18:49,958][kfold_wrapper.log_eval_metrics] Accuracy(layer_3 - estimator_0 - 12_folds.train_3.predict)=33.33%
[ 2020-05-27 07:18:50,279][kfold_wrapper.log_eval_metrics] Accuracy(layer_3 - estimator_0 - 12_folds.train_4.predict)=44.71%
[ 2020-05-27 07:18:50,623][kfold_wrapper.log_eval_metrics] Accuracy(layer_3 - estimator_0 - 12_folds.train_5.predict)=44.71%
[ 2020-05-27 07:18:50,976][kfold_wrapper.log_eval_metrics] Accuracy(layer_3 - estimator_0 - 12_folds.train_6.predict)=41.18%
[ 2020-05-27 07:18:51,317][kfold_wrapper.log_eval_metrics] Accuracy(layer_3 - estimator_0 - 12_folds.train_7.predict)=35.29%
[ 2020-05-27 07:18:51,637][kfold_wrapper.log_eval_metrics] Accuracy(layer_3 - estimator_0 - 12_folds.train_8.predict)=34.51%
[ 2020-05-27 07:18:51,997][kfold_wrapper.log_eval_metrics] Accuracy(layer_3 - estimator_0 - 12_folds.train_9.predict)=38.82%
[ 2020-05-27 07:18:52,338][kfold_wrapper.log_eval_metrics] Accuracy(layer_3 - estimator_0 - 12_folds.train_10.predict)=42.35%
[ 2020-05-27 07:18:52,689][kfold_wrapper.log_eval_metrics] Accuracy(layer_3 - estimator_0 - 12_folds.train_11.predict)=41.57%
[ 2020-05-27 07:18:52,808][kfold_wrapper.log_eval_metrics] Accuracy(layer_3 - estimator_0 - 12_folds.train_cv.predict)=39.30%
[ 2020-05-27 07:18:52,811][kfold_wrapper.log_eval_metrics] Accuracy(layer_3 - estimator_0 - 12_folds.test.predict)=33.72%
[ 2020-05-27 07:18:53,056][kfold_wrapper.log_eval_metrics] Accuracy(layer_3 - estimator_1 - 12_folds.train_0.predict)=38.67%
[ 2020-05-27 07:18:53,403][kfold_wrapper.log_eval_metrics] Accuracy(layer_3 - estimator_1 - 12_folds.train_1.predict)=34.12%
[ 2020-05-27 07:18:53,764][kfold_wrapper.log_eval_metrics] Accuracy(layer_3 - estimator_1 - 12_folds.train_2.predict)=38.82%
[ 2020-05-27 07:18:54,106][kfold_wrapper.log_eval_metrics] Accuracy(layer_3 - estimator_1 - 12_folds.train_3.predict)=36.47%
[ 2020-05-27 07:18:54,458][kfold_wrapper.log_eval_metrics] Accuracy(layer_3 - estimator_1 - 12_folds.train_4.predict)=39.22%
[ 2020-05-27 07:18:54,809][kfold_wrapper.log_eval_metrics] Accuracy(layer_3 - estimator_1 - 12_folds.train_5.predict)=40.78%
[ 2020-05-27 07:18:55,160][kfold_wrapper.log_eval_metrics] Accuracy(layer_3 - estimator_1 - 12_folds.train_6.predict)=36.47%
[ 2020-05-27 07:18:55,513][kfold_wrapper.log_eval_metrics] Accuracy(layer_3 - estimator_1 - 12_folds.train_7.predict)=36.86%
[ 2020-05-27 07:18:55,858][kfold_wrapper.log_eval_metrics] Accuracy(layer_3 - estimator_1 - 12_folds.train_8.predict)=41.57%
[ 2020-05-27 07:18:56,216][kfold_wrapper.log_eval_metrics] Accuracy(layer_3 - estimator_1 - 12_folds.train_9.predict)=40.00%
[ 2020-05-27 07:18:56,574][kfold_wrapper.log_eval_metrics] Accuracy(layer_3 - estimator_1 - 12_folds.train_10.predict)=39.22%
[ 2020-05-27 07:18:56,920][kfold_wrapper.log_eval_metrics] Accuracy(layer_3 - estimator_1 - 12_folds.train_11.predict)=36.08%
[ 2020-05-27 07:18:57,040][kfold_wrapper.log_eval_metrics] Accuracy(layer_3 - estimator_1 - 12_folds.train_cv.predict)=38.19%
[ 2020-05-27 07:18:57,043][kfold_wrapper.log_eval_metrics] Accuracy(layer_3 - estimator_1 - 12_folds.test.predict)=34.90%
[ 2020-05-27 07:18:57,205][kfold_wrapper.log_eval_metrics] Accuracy(layer_3 - estimator_2 - 12_folds.train_0.predict)=44.14%
[ 2020-05-27 07:18:57,323][kfold_wrapper.log_eval_metrics] Accuracy(layer_3 - estimator_2 - 12_folds.train_1.predict)=44.71%
[ 2020-05-27 07:18:57,443][kfold_wrapper.log_eval_metrics] Accuracy(layer_3 - estimator_2 - 12_folds.train_2.predict)=40.78%
[ 2020-05-27 07:18:57,563][kfold_wrapper.log_eval_metrics] Accuracy(layer_3 - estimator_2 - 12_folds.train_3.predict)=42.35%
[ 2020-05-27 07:18:57,680][kfold_wrapper.log_eval_metrics] Accuracy(layer_3 - estimator_2 - 12_folds.train_4.predict)=43.92%
[ 2020-05-27 07:18:57,799][kfold_wrapper.log_eval_metrics] Accuracy(layer_3 - estimator_2 - 12_folds.train_5.predict)=41.96%
[ 2020-05-27 07:18:57,919][kfold_wrapper.log_eval_metrics] Accuracy(layer_3 - estimator_2 - 12_folds.train_6.predict)=41.18%
[ 2020-05-27 07:18:58,035][kfold_wrapper.log_eval_metrics] Accuracy(layer_3 - estimator_2 - 12_folds.train_7.predict)=47.84%
[ 2020-05-27 07:18:58,154][kfold_wrapper.log_eval_metrics] Accuracy(layer_3 - estimator_2 - 12_folds.train_8.predict)=45.10%
[ 2020-05-27 07:18:58,272][kfold_wrapper.log_eval_metrics] Accuracy(layer_3 - estimator_2 - 12_folds.train_9.predict)=41.57%
[ 2020-05-27 07:18:58,391][kfold_wrapper.log_eval_metrics] Accuracy(layer_3 - estimator_2 - 12_folds.train_10.predict)=39.22%
[ 2020-05-27 07:18:58,511][kfold_wrapper.log_eval_metrics] Accuracy(layer_3 - estimator_2 - 12_folds.train_11.predict)=40.39%
[ 2020-05-27 07:18:58,513][kfold_wrapper.log_eval_metrics] Accuracy(layer_3 - estimator_2 - 12_folds.train_cv.predict)=42.76%
[ 2020-05-27 07:18:58,513][kfold_wrapper.log_eval_metrics] Accuracy(layer_3 - estimator_2 - 12_folds.test.predict)=46.04%
[ 2020-05-27 07:18:58,514][cascade_classifier.calc_accuracy] Accuracy(layer_3 - train.classifier_average)=40.80%
[ 2020-05-27 07:18:58,515][cascade_classifier.calc_accuracy] Accuracy(layer_3 - test.classifier_average)=38.42%
[ 2020-05-27 07:18:58,516][cascade_classifier.fit_transform] [layer=4] look_indexs=[0], X_cur_train.shape=(3061, 14), X_cur_test.shape=(341, 14)
[ 2020-05-27 07:18:58,736][kfold_wrapper.log_eval_metrics] Accuracy(layer_4 - estimator_0 - 12_folds.train_0.predict)=35.16%
[ 2020-05-27 07:18:59,079][kfold_wrapper.log_eval_metrics] Accuracy(layer_4 - estimator_0 - 12_folds.train_1.predict)=34.90%
[ 2020-05-27 07:18:59,432][kfold_wrapper.log_eval_metrics] Accuracy(layer_4 - estimator_0 - 12_folds.train_2.predict)=34.90%
[ 2020-05-27 07:18:59,795][kfold_wrapper.log_eval_metrics] Accuracy(layer_4 - estimator_0 - 12_folds.train_3.predict)=36.47%
[ 2020-05-27 07:19:00,139][kfold_wrapper.log_eval_metrics] Accuracy(layer_4 - estimator_0 - 12_folds.train_4.predict)=42.35%
[ 2020-05-27 07:19:00,496][kfold_wrapper.log_eval_metrics] Accuracy(layer_4 - estimator_0 - 12_folds.train_5.predict)=36.47%
[ 2020-05-27 07:19:00,852][kfold_wrapper.log_eval_metrics] Accuracy(layer_4 - estimator_0 - 12_folds.train_6.predict)=41.96%
[ 2020-05-27 07:19:01,208][kfold_wrapper.log_eval_metrics] Accuracy(layer_4 - estimator_0 - 12_folds.train_7.predict)=36.08%
[ 2020-05-27 07:19:01,566][kfold_wrapper.log_eval_metrics] Accuracy(layer_4 - estimator_0 - 12_folds.train_8.predict)=41.57%
[ 2020-05-27 07:19:01,911][kfold_wrapper.log_eval_metrics] Accuracy(layer_4 - estimator_0 - 12_folds.train_9.predict)=39.22%
[ 2020-05-27 07:19:02,258][kfold_wrapper.log_eval_metrics] Accuracy(layer_4 - estimator_0 - 12_folds.train_10.predict)=40.78%
[ 2020-05-27 07:19:02,614][kfold_wrapper.log_eval_metrics] Accuracy(layer_4 - estimator_0 - 12_folds.train_11.predict)=36.86%
[ 2020-05-27 07:19:02,735][kfold_wrapper.log_eval_metrics] Accuracy(layer_4 - estimator_0 - 12_folds.train_cv.predict)=38.06%
[ 2020-05-27 07:19:02,737][kfold_wrapper.log_eval_metrics] Accuracy(layer_4 - estimator_0 - 12_folds.test.predict)=34.60%
[ 2020-05-27 07:19:02,980][kfold_wrapper.log_eval_metrics] Accuracy(layer_4 - estimator_1 - 12_folds.train_0.predict)=32.03%
[ 2020-05-27 07:19:03,329][kfold_wrapper.log_eval_metrics] Accuracy(layer_4 - estimator_1 - 12_folds.train_1.predict)=38.04%
[ 2020-05-27 07:19:03,681][kfold_wrapper.log_eval_metrics] Accuracy(layer_4 - estimator_1 - 12_folds.train_2.predict)=41.96%
[ 2020-05-27 07:19:04,038][kfold_wrapper.log_eval_metrics] Accuracy(layer_4 - estimator_1 - 12_folds.train_3.predict)=34.51%
[ 2020-05-27 07:19:04,379][kfold_wrapper.log_eval_metrics] Accuracy(layer_4 - estimator_1 - 12_folds.train_4.predict)=40.00%
[ 2020-05-27 07:19:04,730][kfold_wrapper.log_eval_metrics] Accuracy(layer_4 - estimator_1 - 12_folds.train_5.predict)=38.04%
[ 2020-05-27 07:19:05,088][kfold_wrapper.log_eval_metrics] Accuracy(layer_4 - estimator_1 - 12_folds.train_6.predict)=38.43%
[ 2020-05-27 07:19:05,436][kfold_wrapper.log_eval_metrics] Accuracy(layer_4 - estimator_1 - 12_folds.train_7.predict)=40.39%
[ 2020-05-27 07:19:05,767][kfold_wrapper.log_eval_metrics] Accuracy(layer_4 - estimator_1 - 12_folds.train_8.predict)=40.39%
[ 2020-05-27 07:19:06,110][kfold_wrapper.log_eval_metrics] Accuracy(layer_4 - estimator_1 - 12_folds.train_9.predict)=36.86%
[ 2020-05-27 07:19:06,452][kfold_wrapper.log_eval_metrics] Accuracy(layer_4 - estimator_1 - 12_folds.train_10.predict)=41.57%
[ 2020-05-27 07:19:06,796][kfold_wrapper.log_eval_metrics] Accuracy(layer_4 - estimator_1 - 12_folds.train_11.predict)=46.67%
[ 2020-05-27 07:19:06,917][kfold_wrapper.log_eval_metrics] Accuracy(layer_4 - estimator_1 - 12_folds.train_cv.predict)=39.07%
[ 2020-05-27 07:19:06,920][kfold_wrapper.log_eval_metrics] Accuracy(layer_4 - estimator_1 - 12_folds.test.predict)=39.88%
[ 2020-05-27 07:19:07,131][kfold_wrapper.log_eval_metrics] Accuracy(layer_4 - estimator_2 - 12_folds.train_0.predict)=45.70%
[ 2020-05-27 07:19:07,285][kfold_wrapper.log_eval_metrics] Accuracy(layer_4 - estimator_2 - 12_folds.train_1.predict)=39.61%
[ 2020-05-27 07:19:07,437][kfold_wrapper.log_eval_metrics] Accuracy(layer_4 - estimator_2 - 12_folds.train_2.predict)=44.31%
[ 2020-05-27 07:19:07,593][kfold_wrapper.log_eval_metrics] Accuracy(layer_4 - estimator_2 - 12_folds.train_3.predict)=43.92%
[ 2020-05-27 07:19:07,746][kfold_wrapper.log_eval_metrics] Accuracy(layer_4 - estimator_2 - 12_folds.train_4.predict)=46.27%
[ 2020-05-27 07:19:07,904][kfold_wrapper.log_eval_metrics] Accuracy(layer_4 - estimator_2 - 12_folds.train_5.predict)=43.53%
[ 2020-05-27 07:19:08,055][kfold_wrapper.log_eval_metrics] Accuracy(layer_4 - estimator_2 - 12_folds.train_6.predict)=43.53%
[ 2020-05-27 07:19:08,210][kfold_wrapper.log_eval_metrics] Accuracy(layer_4 - estimator_2 - 12_folds.train_7.predict)=39.22%
[ 2020-05-27 07:19:08,364][kfold_wrapper.log_eval_metrics] Accuracy(layer_4 - estimator_2 - 12_folds.train_8.predict)=46.27%
[ 2020-05-27 07:19:08,522][kfold_wrapper.log_eval_metrics] Accuracy(layer_4 - estimator_2 - 12_folds.train_9.predict)=44.71%
[ 2020-05-27 07:19:08,677][kfold_wrapper.log_eval_metrics] Accuracy(layer_4 - estimator_2 - 12_folds.train_10.predict)=47.84%
[ 2020-05-27 07:19:08,838][kfold_wrapper.log_eval_metrics] Accuracy(layer_4 - estimator_2 - 12_folds.train_11.predict)=36.08%
[ 2020-05-27 07:19:08,839][kfold_wrapper.log_eval_metrics] Accuracy(layer_4 - estimator_2 - 12_folds.train_cv.predict)=43.42%
[ 2020-05-27 07:19:08,840][kfold_wrapper.log_eval_metrics] Accuracy(layer_4 - estimator_2 - 12_folds.test.predict)=43.99%
[ 2020-05-27 07:19:08,841][cascade_classifier.calc_accuracy] Accuracy(layer_4 - train.classifier_average)=41.91%
[ 2020-05-27 07:19:08,841][cascade_classifier.calc_accuracy] Accuracy(layer_4 - test.classifier_average)=40.47%
[ 2020-05-27 07:19:08,843][cascade_classifier.fit_transform] [layer=5] look_indexs=[0], X_cur_train.shape=(3061, 14), X_cur_test.shape=(341, 14)
[ 2020-05-27 07:19:09,070][kfold_wrapper.log_eval_metrics] Accuracy(layer_5 - estimator_0 - 12_folds.train_0.predict)=36.33%
[ 2020-05-27 07:19:09,432][kfold_wrapper.log_eval_metrics] Accuracy(layer_5 - estimator_0 - 12_folds.train_1.predict)=36.86%
[ 2020-05-27 07:19:09,771][kfold_wrapper.log_eval_metrics] Accuracy(layer_5 - estimator_0 - 12_folds.train_2.predict)=33.33%
[ 2020-05-27 07:19:10,117][kfold_wrapper.log_eval_metrics] Accuracy(layer_5 - estimator_0 - 12_folds.train_3.predict)=36.47%
[ 2020-05-27 07:19:10,482][kfold_wrapper.log_eval_metrics] Accuracy(layer_5 - estimator_0 - 12_folds.train_4.predict)=36.08%
[ 2020-05-27 07:19:10,841][kfold_wrapper.log_eval_metrics] Accuracy(layer_5 - estimator_0 - 12_folds.train_5.predict)=37.25%
[ 2020-05-27 07:19:11,194][kfold_wrapper.log_eval_metrics] Accuracy(layer_5 - estimator_0 - 12_folds.train_6.predict)=33.33%
[ 2020-05-27 07:19:11,558][kfold_wrapper.log_eval_metrics] Accuracy(layer_5 - estimator_0 - 12_folds.train_7.predict)=36.08%
[ 2020-05-27 07:19:11,911][kfold_wrapper.log_eval_metrics] Accuracy(layer_5 - estimator_0 - 12_folds.train_8.predict)=38.04%
[ 2020-05-27 07:19:12,264][kfold_wrapper.log_eval_metrics] Accuracy(layer_5 - estimator_0 - 12_folds.train_9.predict)=42.35%
[ 2020-05-27 07:19:12,616][kfold_wrapper.log_eval_metrics] Accuracy(layer_5 - estimator_0 - 12_folds.train_10.predict)=36.86%
[ 2020-05-27 07:19:12,978][kfold_wrapper.log_eval_metrics] Accuracy(layer_5 - estimator_0 - 12_folds.train_11.predict)=34.51%
[ 2020-05-27 07:19:13,094][kfold_wrapper.log_eval_metrics] Accuracy(layer_5 - estimator_0 - 12_folds.train_cv.predict)=36.46%
[ 2020-05-27 07:19:13,096][kfold_wrapper.log_eval_metrics] Accuracy(layer_5 - estimator_0 - 12_folds.test.predict)=40.47%
[ 2020-05-27 07:19:13,333][kfold_wrapper.log_eval_metrics] Accuracy(layer_5 - estimator_1 - 12_folds.train_0.predict)=33.59%
[ 2020-05-27 07:19:13,690][kfold_wrapper.log_eval_metrics] Accuracy(layer_5 - estimator_1 - 12_folds.train_1.predict)=38.04%
[ 2020-05-27 07:19:14,032][kfold_wrapper.log_eval_metrics] Accuracy(layer_5 - estimator_1 - 12_folds.train_2.predict)=38.04%
[ 2020-05-27 07:19:14,370][kfold_wrapper.log_eval_metrics] Accuracy(layer_5 - estimator_1 - 12_folds.train_3.predict)=38.82%
[ 2020-05-27 07:19:14,737][kfold_wrapper.log_eval_metrics] Accuracy(layer_5 - estimator_1 - 12_folds.train_4.predict)=30.98%
[ 2020-05-27 07:19:15,096][kfold_wrapper.log_eval_metrics] Accuracy(layer_5 - estimator_1 - 12_folds.train_5.predict)=32.16%
[ 2020-05-27 07:19:15,451][kfold_wrapper.log_eval_metrics] Accuracy(layer_5 - estimator_1 - 12_folds.train_6.predict)=41.96%
[ 2020-05-27 07:19:15,804][kfold_wrapper.log_eval_metrics] Accuracy(layer_5 - estimator_1 - 12_folds.train_7.predict)=42.75%
[ 2020-05-27 07:19:16,156][kfold_wrapper.log_eval_metrics] Accuracy(layer_5 - estimator_1 - 12_folds.train_8.predict)=34.90%
[ 2020-05-27 07:19:16,515][kfold_wrapper.log_eval_metrics] Accuracy(layer_5 - estimator_1 - 12_folds.train_9.predict)=39.61%
[ 2020-05-27 07:19:16,866][kfold_wrapper.log_eval_metrics] Accuracy(layer_5 - estimator_1 - 12_folds.train_10.predict)=38.82%
[ 2020-05-27 07:19:17,221][kfold_wrapper.log_eval_metrics] Accuracy(layer_5 - estimator_1 - 12_folds.train_11.predict)=41.18%
[ 2020-05-27 07:19:17,345][kfold_wrapper.log_eval_metrics] Accuracy(layer_5 - estimator_1 - 12_folds.train_cv.predict)=37.57%
[ 2020-05-27 07:19:17,347][kfold_wrapper.log_eval_metrics] Accuracy(layer_5 - estimator_1 - 12_folds.test.predict)=40.76%
[ 2020-05-27 07:19:17,586][kfold_wrapper.log_eval_metrics] Accuracy(layer_5 - estimator_2 - 12_folds.train_0.predict)=41.80%
[ 2020-05-27 07:19:17,787][kfold_wrapper.log_eval_metrics] Accuracy(layer_5 - estimator_2 - 12_folds.train_1.predict)=43.53%
[ 2020-05-27 07:19:17,992][kfold_wrapper.log_eval_metrics] Accuracy(layer_5 - estimator_2 - 12_folds.train_2.predict)=41.57%
[ 2020-05-27 07:19:18,186][kfold_wrapper.log_eval_metrics] Accuracy(layer_5 - estimator_2 - 12_folds.train_3.predict)=45.49%
[ 2020-05-27 07:19:18,388][kfold_wrapper.log_eval_metrics] Accuracy(layer_5 - estimator_2 - 12_folds.train_4.predict)=41.96%
[ 2020-05-27 07:19:18,594][kfold_wrapper.log_eval_metrics] Accuracy(layer_5 - estimator_2 - 12_folds.train_5.predict)=44.31%
[ 2020-05-27 07:19:18,791][kfold_wrapper.log_eval_metrics] Accuracy(layer_5 - estimator_2 - 12_folds.train_6.predict)=41.96%
[ 2020-05-27 07:19:18,989][kfold_wrapper.log_eval_metrics] Accuracy(layer_5 - estimator_2 - 12_folds.train_7.predict)=39.22%
[ 2020-05-27 07:19:19,191][kfold_wrapper.log_eval_metrics] Accuracy(layer_5 - estimator_2 - 12_folds.train_8.predict)=40.00%
[ 2020-05-27 07:19:19,399][kfold_wrapper.log_eval_metrics] Accuracy(layer_5 - estimator_2 - 12_folds.train_9.predict)=43.53%
[ 2020-05-27 07:19:19,601][kfold_wrapper.log_eval_metrics] Accuracy(layer_5 - estimator_2 - 12_folds.train_10.predict)=49.80%
[ 2020-05-27 07:19:19,799][kfold_wrapper.log_eval_metrics] Accuracy(layer_5 - estimator_2 - 12_folds.train_11.predict)=37.25%
[ 2020-05-27 07:19:19,801][kfold_wrapper.log_eval_metrics] Accuracy(layer_5 - estimator_2 - 12_folds.train_cv.predict)=42.54%
[ 2020-05-27 07:19:19,802][kfold_wrapper.log_eval_metrics] Accuracy(layer_5 - estimator_2 - 12_folds.test.predict)=43.99%
[ 2020-05-27 07:19:19,803][cascade_classifier.calc_accuracy] Accuracy(layer_5 - train.classifier_average)=39.07%
[ 2020-05-27 07:19:19,804][cascade_classifier.calc_accuracy] Accuracy(layer_5 - test.classifier_average)=42.23%
[ 2020-05-27 07:19:19,807][cascade_classifier.fit_transform] [layer=6] look_indexs=[0], X_cur_train.shape=(3061, 14), X_cur_test.shape=(341, 14)
[ 2020-05-27 07:19:20,025][kfold_wrapper.log_eval_metrics] Accuracy(layer_6 - estimator_0 - 12_folds.train_0.predict)=40.23%
[ 2020-05-27 07:19:20,357][kfold_wrapper.log_eval_metrics] Accuracy(layer_6 - estimator_0 - 12_folds.train_1.predict)=34.90%
[ 2020-05-27 07:19:20,706][kfold_wrapper.log_eval_metrics] Accuracy(layer_6 - estimator_0 - 12_folds.train_2.predict)=38.82%
[ 2020-05-27 07:19:21,043][kfold_wrapper.log_eval_metrics] Accuracy(layer_6 - estimator_0 - 12_folds.train_3.predict)=36.86%
[ 2020-05-27 07:19:21,368][kfold_wrapper.log_eval_metrics] Accuracy(layer_6 - estimator_0 - 12_folds.train_4.predict)=39.61%
[ 2020-05-27 07:19:21,706][kfold_wrapper.log_eval_metrics] Accuracy(layer_6 - estimator_0 - 12_folds.train_5.predict)=35.29%
[ 2020-05-27 07:19:22,055][kfold_wrapper.log_eval_metrics] Accuracy(layer_6 - estimator_0 - 12_folds.train_6.predict)=40.39%
[ 2020-05-27 07:19:22,415][kfold_wrapper.log_eval_metrics] Accuracy(layer_6 - estimator_0 - 12_folds.train_7.predict)=37.65%
[ 2020-05-27 07:19:22,781][kfold_wrapper.log_eval_metrics] Accuracy(layer_6 - estimator_0 - 12_folds.train_8.predict)=36.47%
[ 2020-05-27 07:19:23,139][kfold_wrapper.log_eval_metrics] Accuracy(layer_6 - estimator_0 - 12_folds.train_9.predict)=39.61%
[ 2020-05-27 07:19:23,495][kfold_wrapper.log_eval_metrics] Accuracy(layer_6 - estimator_0 - 12_folds.train_10.predict)=38.82%
[ 2020-05-27 07:19:23,850][kfold_wrapper.log_eval_metrics] Accuracy(layer_6 - estimator_0 - 12_folds.train_11.predict)=45.10%
[ 2020-05-27 07:19:23,965][kfold_wrapper.log_eval_metrics] Accuracy(layer_6 - estimator_0 - 12_folds.train_cv.predict)=38.65%
[ 2020-05-27 07:19:23,969][kfold_wrapper.log_eval_metrics] Accuracy(layer_6 - estimator_0 - 12_folds.test.predict)=31.38%
[ 2020-05-27 07:19:24,235][kfold_wrapper.log_eval_metrics] Accuracy(layer_6 - estimator_1 - 12_folds.train_0.predict)=39.06%
[ 2020-05-27 07:19:24,579][kfold_wrapper.log_eval_metrics] Accuracy(layer_6 - estimator_1 - 12_folds.train_1.predict)=35.29%
[ 2020-05-27 07:19:24,937][kfold_wrapper.log_eval_metrics] Accuracy(layer_6 - estimator_1 - 12_folds.train_2.predict)=39.22%
[ 2020-05-27 07:19:25,291][kfold_wrapper.log_eval_metrics] Accuracy(layer_6 - estimator_1 - 12_folds.train_3.predict)=34.51%
[ 2020-05-27 07:19:25,639][kfold_wrapper.log_eval_metrics] Accuracy(layer_6 - estimator_1 - 12_folds.train_4.predict)=37.65%
[ 2020-05-27 07:19:25,992][kfold_wrapper.log_eval_metrics] Accuracy(layer_6 - estimator_1 - 12_folds.train_5.predict)=42.75%
[ 2020-05-27 07:19:26,352][kfold_wrapper.log_eval_metrics] Accuracy(layer_6 - estimator_1 - 12_folds.train_6.predict)=38.43%
[ 2020-05-27 07:19:26,711][kfold_wrapper.log_eval_metrics] Accuracy(layer_6 - estimator_1 - 12_folds.train_7.predict)=40.39%
[ 2020-05-27 07:19:27,077][kfold_wrapper.log_eval_metrics] Accuracy(layer_6 - estimator_1 - 12_folds.train_8.predict)=36.47%
[ 2020-05-27 07:19:27,428][kfold_wrapper.log_eval_metrics] Accuracy(layer_6 - estimator_1 - 12_folds.train_9.predict)=39.22%
[ 2020-05-27 07:19:27,790][kfold_wrapper.log_eval_metrics] Accuracy(layer_6 - estimator_1 - 12_folds.train_10.predict)=40.39%
[ 2020-05-27 07:19:28,147][kfold_wrapper.log_eval_metrics] Accuracy(layer_6 - estimator_1 - 12_folds.train_11.predict)=41.18%
[ 2020-05-27 07:19:28,272][kfold_wrapper.log_eval_metrics] Accuracy(layer_6 - estimator_1 - 12_folds.train_cv.predict)=38.71%
[ 2020-05-27 07:19:28,276][kfold_wrapper.log_eval_metrics] Accuracy(layer_6 - estimator_1 - 12_folds.test.predict)=37.83%
[ 2020-05-27 07:19:28,573][kfold_wrapper.log_eval_metrics] Accuracy(layer_6 - estimator_2 - 12_folds.train_0.predict)=42.58%
[ 2020-05-27 07:19:28,835][kfold_wrapper.log_eval_metrics] Accuracy(layer_6 - estimator_2 - 12_folds.train_1.predict)=43.14%
[ 2020-05-27 07:19:29,083][kfold_wrapper.log_eval_metrics] Accuracy(layer_6 - estimator_2 - 12_folds.train_2.predict)=40.78%
[ 2020-05-27 07:19:29,343][kfold_wrapper.log_eval_metrics] Accuracy(layer_6 - estimator_2 - 12_folds.train_3.predict)=40.39%
[ 2020-05-27 07:19:29,590][kfold_wrapper.log_eval_metrics] Accuracy(layer_6 - estimator_2 - 12_folds.train_4.predict)=42.75%
[ 2020-05-27 07:19:29,841][kfold_wrapper.log_eval_metrics] Accuracy(layer_6 - estimator_2 - 12_folds.train_5.predict)=44.31%
[ 2020-05-27 07:19:30,097][kfold_wrapper.log_eval_metrics] Accuracy(layer_6 - estimator_2 - 12_folds.train_6.predict)=43.14%
[ 2020-05-27 07:19:30,351][kfold_wrapper.log_eval_metrics] Accuracy(layer_6 - estimator_2 - 12_folds.train_7.predict)=41.18%
[ 2020-05-27 07:19:30,604][kfold_wrapper.log_eval_metrics] Accuracy(layer_6 - estimator_2 - 12_folds.train_8.predict)=45.49%
[ 2020-05-27 07:19:30,857][kfold_wrapper.log_eval_metrics] Accuracy(layer_6 - estimator_2 - 12_folds.train_9.predict)=41.57%
[ 2020-05-27 07:19:31,111][kfold_wrapper.log_eval_metrics] Accuracy(layer_6 - estimator_2 - 12_folds.train_10.predict)=45.10%
[ 2020-05-27 07:19:31,366][kfold_wrapper.log_eval_metrics] Accuracy(layer_6 - estimator_2 - 12_folds.train_11.predict)=42.75%
[ 2020-05-27 07:19:31,368][kfold_wrapper.log_eval_metrics] Accuracy(layer_6 - estimator_2 - 12_folds.train_cv.predict)=42.76%
[ 2020-05-27 07:19:31,368][kfold_wrapper.log_eval_metrics] Accuracy(layer_6 - estimator_2 - 12_folds.test.predict)=46.33%
[ 2020-05-27 07:19:31,370][cascade_classifier.calc_accuracy] Accuracy(layer_6 - train.classifier_average)=42.63%
[ 2020-05-27 07:19:31,371][cascade_classifier.calc_accuracy] Accuracy(layer_6 - test.classifier_average)=37.24%
[ 2020-05-27 07:19:31,372][cascade_classifier.fit_transform] [layer=7] look_indexs=[0], X_cur_train.shape=(3061, 14), X_cur_test.shape=(341, 14)
[ 2020-05-27 07:19:31,599][kfold_wrapper.log_eval_metrics] Accuracy(layer_7 - estimator_0 - 12_folds.train_0.predict)=43.75%
[ 2020-05-27 07:19:31,946][kfold_wrapper.log_eval_metrics] Accuracy(layer_7 - estimator_0 - 12_folds.train_1.predict)=36.08%
[ 2020-05-27 07:19:32,302][kfold_wrapper.log_eval_metrics] Accuracy(layer_7 - estimator_0 - 12_folds.train_2.predict)=30.59%
[ 2020-05-27 07:19:32,672][kfold_wrapper.log_eval_metrics] Accuracy(layer_7 - estimator_0 - 12_folds.train_3.predict)=34.51%
[ 2020-05-27 07:19:33,031][kfold_wrapper.log_eval_metrics] Accuracy(layer_7 - estimator_0 - 12_folds.train_4.predict)=38.04%
[ 2020-05-27 07:19:33,384][kfold_wrapper.log_eval_metrics] Accuracy(layer_7 - estimator_0 - 12_folds.train_5.predict)=43.14%
[ 2020-05-27 07:19:33,750][kfold_wrapper.log_eval_metrics] Accuracy(layer_7 - estimator_0 - 12_folds.train_6.predict)=35.69%
[ 2020-05-27 07:19:34,116][kfold_wrapper.log_eval_metrics] Accuracy(layer_7 - estimator_0 - 12_folds.train_7.predict)=40.39%
[ 2020-05-27 07:19:34,466][kfold_wrapper.log_eval_metrics] Accuracy(layer_7 - estimator_0 - 12_folds.train_8.predict)=37.65%
[ 2020-05-27 07:19:34,827][kfold_wrapper.log_eval_metrics] Accuracy(layer_7 - estimator_0 - 12_folds.train_9.predict)=41.18%
[ 2020-05-27 07:19:35,171][kfold_wrapper.log_eval_metrics] Accuracy(layer_7 - estimator_0 - 12_folds.train_10.predict)=37.65%
[ 2020-05-27 07:19:35,533][kfold_wrapper.log_eval_metrics] Accuracy(layer_7 - estimator_0 - 12_folds.train_11.predict)=39.22%
[ 2020-05-27 07:19:35,651][kfold_wrapper.log_eval_metrics] Accuracy(layer_7 - estimator_0 - 12_folds.train_cv.predict)=38.16%
[ 2020-05-27 07:19:35,653][kfold_wrapper.log_eval_metrics] Accuracy(layer_7 - estimator_0 - 12_folds.test.predict)=36.66%
[ 2020-05-27 07:19:35,873][kfold_wrapper.log_eval_metrics] Accuracy(layer_7 - estimator_1 - 12_folds.train_0.predict)=34.77%
[ 2020-05-27 07:19:36,229][kfold_wrapper.log_eval_metrics] Accuracy(layer_7 - estimator_1 - 12_folds.train_1.predict)=34.90%
[ 2020-05-27 07:19:36,584][kfold_wrapper.log_eval_metrics] Accuracy(layer_7 - estimator_1 - 12_folds.train_2.predict)=36.47%
[ 2020-05-27 07:19:36,953][kfold_wrapper.log_eval_metrics] Accuracy(layer_7 - estimator_1 - 12_folds.train_3.predict)=38.43%
[ 2020-05-27 07:19:37,314][kfold_wrapper.log_eval_metrics] Accuracy(layer_7 - estimator_1 - 12_folds.train_4.predict)=33.73%
[ 2020-05-27 07:19:37,661][kfold_wrapper.log_eval_metrics] Accuracy(layer_7 - estimator_1 - 12_folds.train_5.predict)=42.35%
[ 2020-05-27 07:19:38,028][kfold_wrapper.log_eval_metrics] Accuracy(layer_7 - estimator_1 - 12_folds.train_6.predict)=40.00%
[ 2020-05-27 07:19:38,383][kfold_wrapper.log_eval_metrics] Accuracy(layer_7 - estimator_1 - 12_folds.train_7.predict)=38.43%
[ 2020-05-27 07:19:38,738][kfold_wrapper.log_eval_metrics] Accuracy(layer_7 - estimator_1 - 12_folds.train_8.predict)=41.18%
[ 2020-05-27 07:19:39,092][kfold_wrapper.log_eval_metrics] Accuracy(layer_7 - estimator_1 - 12_folds.train_9.predict)=38.04%
[ 2020-05-27 07:19:39,452][kfold_wrapper.log_eval_metrics] Accuracy(layer_7 - estimator_1 - 12_folds.train_10.predict)=39.61%
[ 2020-05-27 07:19:39,823][kfold_wrapper.log_eval_metrics] Accuracy(layer_7 - estimator_1 - 12_folds.train_11.predict)=36.47%
[ 2020-05-27 07:19:39,952][kfold_wrapper.log_eval_metrics] Accuracy(layer_7 - estimator_1 - 12_folds.train_cv.predict)=37.86%
[ 2020-05-27 07:19:39,955][kfold_wrapper.log_eval_metrics] Accuracy(layer_7 - estimator_1 - 12_folds.test.predict)=40.76%
[ 2020-05-27 07:19:40,323][kfold_wrapper.log_eval_metrics] Accuracy(layer_7 - estimator_2 - 12_folds.train_0.predict)=46.88%
[ 2020-05-27 07:19:40,627][kfold_wrapper.log_eval_metrics] Accuracy(layer_7 - estimator_2 - 12_folds.train_1.predict)=41.57%
[ 2020-05-27 07:19:40,916][kfold_wrapper.log_eval_metrics] Accuracy(layer_7 - estimator_2 - 12_folds.train_2.predict)=45.49%
[ 2020-05-27 07:19:41,215][kfold_wrapper.log_eval_metrics] Accuracy(layer_7 - estimator_2 - 12_folds.train_3.predict)=41.96%
[ 2020-05-27 07:19:41,500][kfold_wrapper.log_eval_metrics] Accuracy(layer_7 - estimator_2 - 12_folds.train_4.predict)=45.10%
[ 2020-05-27 07:19:41,791][kfold_wrapper.log_eval_metrics] Accuracy(layer_7 - estimator_2 - 12_folds.train_5.predict)=45.88%
[ 2020-05-27 07:19:42,076][kfold_wrapper.log_eval_metrics] Accuracy(layer_7 - estimator_2 - 12_folds.train_6.predict)=42.35%
[ 2020-05-27 07:19:42,367][kfold_wrapper.log_eval_metrics] Accuracy(layer_7 - estimator_2 - 12_folds.train_7.predict)=43.53%
[ 2020-05-27 07:19:42,659][kfold_wrapper.log_eval_metrics] Accuracy(layer_7 - estimator_2 - 12_folds.train_8.predict)=40.78%
[ 2020-05-27 07:19:42,951][kfold_wrapper.log_eval_metrics] Accuracy(layer_7 - estimator_2 - 12_folds.train_9.predict)=40.00%
[ 2020-05-27 07:19:43,255][kfold_wrapper.log_eval_metrics] Accuracy(layer_7 - estimator_2 - 12_folds.train_10.predict)=44.71%
[ 2020-05-27 07:19:43,543][kfold_wrapper.log_eval_metrics] Accuracy(layer_7 - estimator_2 - 12_folds.train_11.predict)=45.10%
[ 2020-05-27 07:19:43,544][kfold_wrapper.log_eval_metrics] Accuracy(layer_7 - estimator_2 - 12_folds.train_cv.predict)=43.61%
[ 2020-05-27 07:19:43,545][kfold_wrapper.log_eval_metrics] Accuracy(layer_7 - estimator_2 - 12_folds.test.predict)=45.16%
[ 2020-05-27 07:19:43,548][cascade_classifier.calc_accuracy] Accuracy(layer_7 - train.classifier_average)=40.74%
[ 2020-05-27 07:19:43,548][cascade_classifier.calc_accuracy] Accuracy(layer_7 - test.classifier_average)=42.23%
[ 2020-05-27 07:19:43,550][cascade_classifier.fit_transform] [layer=8] look_indexs=[0], X_cur_train.shape=(3061, 14), X_cur_test.shape=(341, 14)
[ 2020-05-27 07:19:43,777][kfold_wrapper.log_eval_metrics] Accuracy(layer_8 - estimator_0 - 12_folds.train_0.predict)=43.75%
[ 2020-05-27 07:19:44,119][kfold_wrapper.log_eval_metrics] Accuracy(layer_8 - estimator_0 - 12_folds.train_1.predict)=40.78%
[ 2020-05-27 07:19:44,473][kfold_wrapper.log_eval_metrics] Accuracy(layer_8 - estimator_0 - 12_folds.train_2.predict)=45.10%
[ 2020-05-27 07:19:44,832][kfold_wrapper.log_eval_metrics] Accuracy(layer_8 - estimator_0 - 12_folds.train_3.predict)=36.47%
[ 2020-05-27 07:19:45,191][kfold_wrapper.log_eval_metrics] Accuracy(layer_8 - estimator_0 - 12_folds.train_4.predict)=33.73%
[ 2020-05-27 07:19:45,547][kfold_wrapper.log_eval_metrics] Accuracy(layer_8 - estimator_0 - 12_folds.train_5.predict)=42.35%
[ 2020-05-27 07:19:45,907][kfold_wrapper.log_eval_metrics] Accuracy(layer_8 - estimator_0 - 12_folds.train_6.predict)=43.53%
[ 2020-05-27 07:19:46,271][kfold_wrapper.log_eval_metrics] Accuracy(layer_8 - estimator_0 - 12_folds.train_7.predict)=35.29%
[ 2020-05-27 07:19:46,634][kfold_wrapper.log_eval_metrics] Accuracy(layer_8 - estimator_0 - 12_folds.train_8.predict)=37.25%
[ 2020-05-27 07:19:47,001][kfold_wrapper.log_eval_metrics] Accuracy(layer_8 - estimator_0 - 12_folds.train_9.predict)=43.14%
[ 2020-05-27 07:19:47,374][kfold_wrapper.log_eval_metrics] Accuracy(layer_8 - estimator_0 - 12_folds.train_10.predict)=40.78%
[ 2020-05-27 07:19:47,733][kfold_wrapper.log_eval_metrics] Accuracy(layer_8 - estimator_0 - 12_folds.train_11.predict)=36.86%
[ 2020-05-27 07:19:47,863][kfold_wrapper.log_eval_metrics] Accuracy(layer_8 - estimator_0 - 12_folds.train_cv.predict)=39.92%
[ 2020-05-27 07:19:47,866][kfold_wrapper.log_eval_metrics] Accuracy(layer_8 - estimator_0 - 12_folds.test.predict)=34.02%
[ 2020-05-27 07:19:48,117][kfold_wrapper.log_eval_metrics] Accuracy(layer_8 - estimator_1 - 12_folds.train_0.predict)=38.67%
[ 2020-05-27 07:19:48,466][kfold_wrapper.log_eval_metrics] Accuracy(layer_8 - estimator_1 - 12_folds.train_1.predict)=32.55%
[ 2020-05-27 07:19:48,941][kfold_wrapper.log_eval_metrics] Accuracy(layer_8 - estimator_1 - 12_folds.train_2.predict)=33.33%
[ 2020-05-27 07:19:49,312][kfold_wrapper.log_eval_metrics] Accuracy(layer_8 - estimator_1 - 12_folds.train_3.predict)=33.73%
[ 2020-05-27 07:19:49,670][kfold_wrapper.log_eval_metrics] Accuracy(layer_8 - estimator_1 - 12_folds.train_4.predict)=43.53%
[ 2020-05-27 07:19:50,043][kfold_wrapper.log_eval_metrics] Accuracy(layer_8 - estimator_1 - 12_folds.train_5.predict)=31.37%
[ 2020-05-27 07:19:50,410][kfold_wrapper.log_eval_metrics] Accuracy(layer_8 - estimator_1 - 12_folds.train_6.predict)=36.47%
[ 2020-05-27 07:19:50,770][kfold_wrapper.log_eval_metrics] Accuracy(layer_8 - estimator_1 - 12_folds.train_7.predict)=34.51%
[ 2020-05-27 07:19:51,242][kfold_wrapper.log_eval_metrics] Accuracy(layer_8 - estimator_1 - 12_folds.train_8.predict)=40.00%
[ 2020-05-27 07:19:51,600][kfold_wrapper.log_eval_metrics] Accuracy(layer_8 - estimator_1 - 12_folds.train_9.predict)=37.25%
[ 2020-05-27 07:19:51,964][kfold_wrapper.log_eval_metrics] Accuracy(layer_8 - estimator_1 - 12_folds.train_10.predict)=35.29%
[ 2020-05-27 07:19:52,308][kfold_wrapper.log_eval_metrics] Accuracy(layer_8 - estimator_1 - 12_folds.train_11.predict)=37.65%
[ 2020-05-27 07:19:52,439][kfold_wrapper.log_eval_metrics] Accuracy(layer_8 - estimator_1 - 12_folds.train_cv.predict)=36.20%
[ 2020-05-27 07:19:52,443][kfold_wrapper.log_eval_metrics] Accuracy(layer_8 - estimator_1 - 12_folds.test.predict)=32.84%
[ 2020-05-27 07:19:52,822][kfold_wrapper.log_eval_metrics] Accuracy(layer_8 - estimator_2 - 12_folds.train_0.predict)=44.14%
[ 2020-05-27 07:19:53,139][kfold_wrapper.log_eval_metrics] Accuracy(layer_8 - estimator_2 - 12_folds.train_1.predict)=46.67%
[ 2020-05-27 07:19:53,460][kfold_wrapper.log_eval_metrics] Accuracy(layer_8 - estimator_2 - 12_folds.train_2.predict)=39.61%
[ 2020-05-27 07:19:53,787][kfold_wrapper.log_eval_metrics] Accuracy(layer_8 - estimator_2 - 12_folds.train_3.predict)=42.75%
[ 2020-05-27 07:19:54,116][kfold_wrapper.log_eval_metrics] Accuracy(layer_8 - estimator_2 - 12_folds.train_4.predict)=41.18%
[ 2020-05-27 07:19:54,437][kfold_wrapper.log_eval_metrics] Accuracy(layer_8 - estimator_2 - 12_folds.train_5.predict)=43.92%
[ 2020-05-27 07:19:54,766][kfold_wrapper.log_eval_metrics] Accuracy(layer_8 - estimator_2 - 12_folds.train_6.predict)=38.82%
[ 2020-05-27 07:19:55,095][kfold_wrapper.log_eval_metrics] Accuracy(layer_8 - estimator_2 - 12_folds.train_7.predict)=46.27%
[ 2020-05-27 07:19:55,402][kfold_wrapper.log_eval_metrics] Accuracy(layer_8 - estimator_2 - 12_folds.train_8.predict)=42.75%
[ 2020-05-27 07:19:55,721][kfold_wrapper.log_eval_metrics] Accuracy(layer_8 - estimator_2 - 12_folds.train_9.predict)=41.18%
[ 2020-05-27 07:19:56,042][kfold_wrapper.log_eval_metrics] Accuracy(layer_8 - estimator_2 - 12_folds.train_10.predict)=46.27%
[ 2020-05-27 07:19:56,378][kfold_wrapper.log_eval_metrics] Accuracy(layer_8 - estimator_2 - 12_folds.train_11.predict)=42.75%
[ 2020-05-27 07:19:56,381][kfold_wrapper.log_eval_metrics] Accuracy(layer_8 - estimator_2 - 12_folds.train_cv.predict)=43.03%
[ 2020-05-27 07:19:56,382][kfold_wrapper.log_eval_metrics] Accuracy(layer_8 - estimator_2 - 12_folds.test.predict)=45.75%
[ 2020-05-27 07:19:56,383][cascade_classifier.calc_accuracy] Accuracy(layer_8 - train.classifier_average)=39.33%
[ 2020-05-27 07:19:56,385][cascade_classifier.calc_accuracy] Accuracy(layer_8 - test.classifier_average)=37.83%
[ 2020-05-27 07:19:56,389][cascade_classifier.fit_transform] [layer=9] look_indexs=[0], X_cur_train.shape=(3061, 14), X_cur_test.shape=(341, 14)
[ 2020-05-27 07:19:56,614][kfold_wrapper.log_eval_metrics] Accuracy(layer_9 - estimator_0 - 12_folds.train_0.predict)=38.28%
[ 2020-05-27 07:19:56,972][kfold_wrapper.log_eval_metrics] Accuracy(layer_9 - estimator_0 - 12_folds.train_1.predict)=41.18%
[ 2020-05-27 07:19:57,314][kfold_wrapper.log_eval_metrics] Accuracy(layer_9 - estimator_0 - 12_folds.train_2.predict)=40.39%
[ 2020-05-27 07:19:57,683][kfold_wrapper.log_eval_metrics] Accuracy(layer_9 - estimator_0 - 12_folds.train_3.predict)=37.25%
[ 2020-05-27 07:19:58,051][kfold_wrapper.log_eval_metrics] Accuracy(layer_9 - estimator_0 - 12_folds.train_4.predict)=35.69%
[ 2020-05-27 07:19:58,402][kfold_wrapper.log_eval_metrics] Accuracy(layer_9 - estimator_0 - 12_folds.train_5.predict)=40.39%
[ 2020-05-27 07:19:58,742][kfold_wrapper.log_eval_metrics] Accuracy(layer_9 - estimator_0 - 12_folds.train_6.predict)=40.00%
[ 2020-05-27 07:19:59,093][kfold_wrapper.log_eval_metrics] Accuracy(layer_9 - estimator_0 - 12_folds.train_7.predict)=38.82%
[ 2020-05-27 07:19:59,435][kfold_wrapper.log_eval_metrics] Accuracy(layer_9 - estimator_0 - 12_folds.train_8.predict)=41.57%
[ 2020-05-27 07:19:59,807][kfold_wrapper.log_eval_metrics] Accuracy(layer_9 - estimator_0 - 12_folds.train_9.predict)=41.18%
[ 2020-05-27 07:20:00,167][kfold_wrapper.log_eval_metrics] Accuracy(layer_9 - estimator_0 - 12_folds.train_10.predict)=41.57%
[ 2020-05-27 07:20:00,536][kfold_wrapper.log_eval_metrics] Accuracy(layer_9 - estimator_0 - 12_folds.train_11.predict)=44.71%
[ 2020-05-27 07:20:00,669][kfold_wrapper.log_eval_metrics] Accuracy(layer_9 - estimator_0 - 12_folds.train_cv.predict)=40.08%
[ 2020-05-27 07:20:00,673][kfold_wrapper.log_eval_metrics] Accuracy(layer_9 - estimator_0 - 12_folds.test.predict)=30.79%
[ 2020-05-27 07:20:00,932][kfold_wrapper.log_eval_metrics] Accuracy(layer_9 - estimator_1 - 12_folds.train_0.predict)=35.94%
[ 2020-05-27 07:20:01,298][kfold_wrapper.log_eval_metrics] Accuracy(layer_9 - estimator_1 - 12_folds.train_1.predict)=36.08%
[ 2020-05-27 07:20:01,662][kfold_wrapper.log_eval_metrics] Accuracy(layer_9 - estimator_1 - 12_folds.train_2.predict)=38.82%
[ 2020-05-27 07:20:01,994][kfold_wrapper.log_eval_metrics] Accuracy(layer_9 - estimator_1 - 12_folds.train_3.predict)=40.78%
[ 2020-05-27 07:20:02,349][kfold_wrapper.log_eval_metrics] Accuracy(layer_9 - estimator_1 - 12_folds.train_4.predict)=38.43%
[ 2020-05-27 07:20:02,693][kfold_wrapper.log_eval_metrics] Accuracy(layer_9 - estimator_1 - 12_folds.train_5.predict)=40.78%
[ 2020-05-27 07:20:03,016][kfold_wrapper.log_eval_metrics] Accuracy(layer_9 - estimator_1 - 12_folds.train_6.predict)=36.86%
[ 2020-05-27 07:20:03,345][kfold_wrapper.log_eval_metrics] Accuracy(layer_9 - estimator_1 - 12_folds.train_7.predict)=35.69%
[ 2020-05-27 07:20:03,689][kfold_wrapper.log_eval_metrics] Accuracy(layer_9 - estimator_1 - 12_folds.train_8.predict)=41.96%
[ 2020-05-27 07:20:04,010][kfold_wrapper.log_eval_metrics] Accuracy(layer_9 - estimator_1 - 12_folds.train_9.predict)=38.82%
[ 2020-05-27 07:20:04,347][kfold_wrapper.log_eval_metrics] Accuracy(layer_9 - estimator_1 - 12_folds.train_10.predict)=40.00%
[ 2020-05-27 07:20:04,680][kfold_wrapper.log_eval_metrics] Accuracy(layer_9 - estimator_1 - 12_folds.train_11.predict)=43.14%
[ 2020-05-27 07:20:04,789][kfold_wrapper.log_eval_metrics] Accuracy(layer_9 - estimator_1 - 12_folds.train_cv.predict)=38.94%
[ 2020-05-27 07:20:04,791][kfold_wrapper.log_eval_metrics] Accuracy(layer_9 - estimator_1 - 12_folds.test.predict)=33.14%
[ 2020-05-27 07:20:05,165][kfold_wrapper.log_eval_metrics] Accuracy(layer_9 - estimator_2 - 12_folds.train_0.predict)=43.75%
[ 2020-05-27 07:20:05,537][kfold_wrapper.log_eval_metrics] Accuracy(layer_9 - estimator_2 - 12_folds.train_1.predict)=42.75%
[ 2020-05-27 07:20:05,911][kfold_wrapper.log_eval_metrics] Accuracy(layer_9 - estimator_2 - 12_folds.train_2.predict)=46.67%
[ 2020-05-27 07:20:06,296][kfold_wrapper.log_eval_metrics] Accuracy(layer_9 - estimator_2 - 12_folds.train_3.predict)=41.57%
[ 2020-05-27 07:20:06,662][kfold_wrapper.log_eval_metrics] Accuracy(layer_9 - estimator_2 - 12_folds.train_4.predict)=40.39%
[ 2020-05-27 07:20:07,024][kfold_wrapper.log_eval_metrics] Accuracy(layer_9 - estimator_2 - 12_folds.train_5.predict)=43.53%
[ 2020-05-27 07:20:07,393][kfold_wrapper.log_eval_metrics] Accuracy(layer_9 - estimator_2 - 12_folds.train_6.predict)=45.49%
[ 2020-05-27 07:20:07,766][kfold_wrapper.log_eval_metrics] Accuracy(layer_9 - estimator_2 - 12_folds.train_7.predict)=47.45%
[ 2020-05-27 07:20:08,129][kfold_wrapper.log_eval_metrics] Accuracy(layer_9 - estimator_2 - 12_folds.train_8.predict)=43.92%
[ 2020-05-27 07:20:08,491][kfold_wrapper.log_eval_metrics] Accuracy(layer_9 - estimator_2 - 12_folds.train_9.predict)=43.92%
[ 2020-05-27 07:20:08,845][kfold_wrapper.log_eval_metrics] Accuracy(layer_9 - estimator_2 - 12_folds.train_10.predict)=43.53%
[ 2020-05-27 07:20:09,224][kfold_wrapper.log_eval_metrics] Accuracy(layer_9 - estimator_2 - 12_folds.train_11.predict)=38.43%
[ 2020-05-27 07:20:09,226][kfold_wrapper.log_eval_metrics] Accuracy(layer_9 - estimator_2 - 12_folds.train_cv.predict)=43.45%
[ 2020-05-27 07:20:09,227][kfold_wrapper.log_eval_metrics] Accuracy(layer_9 - estimator_2 - 12_folds.test.predict)=46.92%
[ 2020-05-27 07:20:09,229][cascade_classifier.calc_accuracy] Accuracy(layer_9 - train.classifier_average)=41.72%
[ 2020-05-27 07:20:09,230][cascade_classifier.calc_accuracy] Accuracy(layer_9 - test.classifier_average)=29.91%
[ 2020-05-27 07:20:09,231][cascade_classifier.fit_transform] [layer=10] look_indexs=[0], X_cur_train.shape=(3061, 14), X_cur_test.shape=(341, 14)
[ 2020-05-27 07:20:09,471][kfold_wrapper.log_eval_metrics] Accuracy(layer_10 - estimator_0 - 12_folds.train_0.predict)=39.45%
[ 2020-05-27 07:20:09,837][kfold_wrapper.log_eval_metrics] Accuracy(layer_10 - estimator_0 - 12_folds.train_1.predict)=35.29%
[ 2020-05-27 07:20:10,211][kfold_wrapper.log_eval_metrics] Accuracy(layer_10 - estimator_0 - 12_folds.train_2.predict)=41.18%
[ 2020-05-27 07:20:10,553][kfold_wrapper.log_eval_metrics] Accuracy(layer_10 - estimator_0 - 12_folds.train_3.predict)=38.82%
[ 2020-05-27 07:20:10,919][kfold_wrapper.log_eval_metrics] Accuracy(layer_10 - estimator_0 - 12_folds.train_4.predict)=40.00%
[ 2020-05-27 07:20:11,286][kfold_wrapper.log_eval_metrics] Accuracy(layer_10 - estimator_0 - 12_folds.train_5.predict)=41.96%
[ 2020-05-27 07:20:11,661][kfold_wrapper.log_eval_metrics] Accuracy(layer_10 - estimator_0 - 12_folds.train_6.predict)=38.82%
[ 2020-05-27 07:20:12,028][kfold_wrapper.log_eval_metrics] Accuracy(layer_10 - estimator_0 - 12_folds.train_7.predict)=38.82%
[ 2020-05-27 07:20:12,389][kfold_wrapper.log_eval_metrics] Accuracy(layer_10 - estimator_0 - 12_folds.train_8.predict)=35.29%
[ 2020-05-27 07:20:12,747][kfold_wrapper.log_eval_metrics] Accuracy(layer_10 - estimator_0 - 12_folds.train_9.predict)=40.00%
[ 2020-05-27 07:20:13,121][kfold_wrapper.log_eval_metrics] Accuracy(layer_10 - estimator_0 - 12_folds.train_10.predict)=38.04%
[ 2020-05-27 07:20:13,479][kfold_wrapper.log_eval_metrics] Accuracy(layer_10 - estimator_0 - 12_folds.train_11.predict)=43.53%
[ 2020-05-27 07:20:13,612][kfold_wrapper.log_eval_metrics] Accuracy(layer_10 - estimator_0 - 12_folds.train_cv.predict)=39.27%
[ 2020-05-27 07:20:13,616][kfold_wrapper.log_eval_metrics] Accuracy(layer_10 - estimator_0 - 12_folds.test.predict)=33.14%
[ 2020-05-27 07:20:13,883][kfold_wrapper.log_eval_metrics] Accuracy(layer_10 - estimator_1 - 12_folds.train_0.predict)=36.33%
[ 2020-05-27 07:20:14,246][kfold_wrapper.log_eval_metrics] Accuracy(layer_10 - estimator_1 - 12_folds.train_1.predict)=33.73%
[ 2020-05-27 07:20:14,614][kfold_wrapper.log_eval_metrics] Accuracy(layer_10 - estimator_1 - 12_folds.train_2.predict)=44.71%
[ 2020-05-27 07:20:14,990][kfold_wrapper.log_eval_metrics] Accuracy(layer_10 - estimator_1 - 12_folds.train_3.predict)=36.86%
[ 2020-05-27 07:20:15,349][kfold_wrapper.log_eval_metrics] Accuracy(layer_10 - estimator_1 - 12_folds.train_4.predict)=39.61%
[ 2020-05-27 07:20:15,722][kfold_wrapper.log_eval_metrics] Accuracy(layer_10 - estimator_1 - 12_folds.train_5.predict)=37.25%
[ 2020-05-27 07:20:16,086][kfold_wrapper.log_eval_metrics] Accuracy(layer_10 - estimator_1 - 12_folds.train_6.predict)=41.18%
[ 2020-05-27 07:20:16,432][kfold_wrapper.log_eval_metrics] Accuracy(layer_10 - estimator_1 - 12_folds.train_7.predict)=32.94%
[ 2020-05-27 07:20:16,806][kfold_wrapper.log_eval_metrics] Accuracy(layer_10 - estimator_1 - 12_folds.train_8.predict)=46.67%
[ 2020-05-27 07:20:17,158][kfold_wrapper.log_eval_metrics] Accuracy(layer_10 - estimator_1 - 12_folds.train_9.predict)=40.78%
[ 2020-05-27 07:20:17,517][kfold_wrapper.log_eval_metrics] Accuracy(layer_10 - estimator_1 - 12_folds.train_10.predict)=36.86%
[ 2020-05-27 07:20:17,882][kfold_wrapper.log_eval_metrics] Accuracy(layer_10 - estimator_1 - 12_folds.train_11.predict)=38.04%
[ 2020-05-27 07:20:18,003][kfold_wrapper.log_eval_metrics] Accuracy(layer_10 - estimator_1 - 12_folds.train_cv.predict)=38.75%
[ 2020-05-27 07:20:18,006][kfold_wrapper.log_eval_metrics] Accuracy(layer_10 - estimator_1 - 12_folds.test.predict)=34.02%
[ 2020-05-27 07:20:18,456][kfold_wrapper.log_eval_metrics] Accuracy(layer_10 - estimator_2 - 12_folds.train_0.predict)=46.09%
[ 2020-05-27 07:20:18,853][kfold_wrapper.log_eval_metrics] Accuracy(layer_10 - estimator_2 - 12_folds.train_1.predict)=43.14%
[ 2020-05-27 07:20:19,248][kfold_wrapper.log_eval_metrics] Accuracy(layer_10 - estimator_2 - 12_folds.train_2.predict)=42.35%
[ 2020-05-27 07:20:19,651][kfold_wrapper.log_eval_metrics] Accuracy(layer_10 - estimator_2 - 12_folds.train_3.predict)=42.75%
[ 2020-05-27 07:20:20,052][kfold_wrapper.log_eval_metrics] Accuracy(layer_10 - estimator_2 - 12_folds.train_4.predict)=44.31%
[ 2020-05-27 07:20:20,449][kfold_wrapper.log_eval_metrics] Accuracy(layer_10 - estimator_2 - 12_folds.train_5.predict)=42.35%
[ 2020-05-27 07:20:20,845][kfold_wrapper.log_eval_metrics] Accuracy(layer_10 - estimator_2 - 12_folds.train_6.predict)=42.35%
[ 2020-05-27 07:20:21,247][kfold_wrapper.log_eval_metrics] Accuracy(layer_10 - estimator_2 - 12_folds.train_7.predict)=42.35%
[ 2020-05-27 07:20:21,633][kfold_wrapper.log_eval_metrics] Accuracy(layer_10 - estimator_2 - 12_folds.train_8.predict)=46.67%
[ 2020-05-27 07:20:22,029][kfold_wrapper.log_eval_metrics] Accuracy(layer_10 - estimator_2 - 12_folds.train_9.predict)=44.31%
[ 2020-05-27 07:20:22,435][kfold_wrapper.log_eval_metrics] Accuracy(layer_10 - estimator_2 - 12_folds.train_10.predict)=41.18%
[ 2020-05-27 07:20:22,829][kfold_wrapper.log_eval_metrics] Accuracy(layer_10 - estimator_2 - 12_folds.train_11.predict)=42.35%
[ 2020-05-27 07:20:22,831][kfold_wrapper.log_eval_metrics] Accuracy(layer_10 - estimator_2 - 12_folds.train_cv.predict)=43.35%
[ 2020-05-27 07:20:22,832][kfold_wrapper.log_eval_metrics] Accuracy(layer_10 - estimator_2 - 12_folds.test.predict)=46.04%
[ 2020-05-27 07:20:22,834][cascade_classifier.calc_accuracy] Accuracy(layer_10 - train.classifier_average)=41.33%
[ 2020-05-27 07:20:22,836][cascade_classifier.calc_accuracy] Accuracy(layer_10 - test.classifier_average)=34.90%
[ 2020-05-27 07:20:22,837][cascade_classifier.fit_transform] [Result][Optimal Level Detected] opt_layer_num=7, accuracy_train=42.63%, accuracy_test=37.24%
[ 2020-05-27 07:20:23,019][cascade_classifier.transform] X_groups_test.shape=[(244, 5)]
[ 2020-05-27 07:20:23,020][cascade_classifier.transform] group_dims=[5]
[ 2020-05-27 07:20:23,021][cascade_classifier.transform] X_test.shape=(244, 5)
[ 2020-05-27 07:20:23,022][cascade_classifier.transform] [layer=0] look_indexs=[0], X_cur_test.shape=(244, 5)
[ 2020-05-27 07:20:25,676][cascade_classifier.transform] [layer=1] look_indexs=[0], X_cur_test.shape=(244, 14)
[ 2020-05-27 07:20:28,368][cascade_classifier.transform] [layer=2] look_indexs=[0], X_cur_test.shape=(244, 14)
[ 2020-05-27 07:20:31,074][cascade_classifier.transform] [layer=3] look_indexs=[0], X_cur_test.shape=(244, 14)
[ 2020-05-27 07:20:33,773][cascade_classifier.transform] [layer=4] look_indexs=[0], X_cur_test.shape=(244, 14)
[ 2020-05-27 07:20:36,453][cascade_classifier.transform] [layer=5] look_indexs=[0], X_cur_test.shape=(244, 14)
[ 2020-05-27 07:20:39,158][cascade_classifier.transform] [layer=6] look_indexs=[0], X_cur_test.shape=(244, 14)
[ 2020-05-27 07:20:42,356][cascade_classifier.fit_transform] X_groups_train.shape=[(3281, 5)],y_train.shape=(3281,),X_groups_test.shape=[(365, 5)],y_test.shape=(365,)
[ 2020-05-27 07:20:42,357][cascade_classifier.fit_transform] group_dims=[5]
[ 2020-05-27 07:20:42,358][cascade_classifier.fit_transform] group_starts=[0]
[ 2020-05-27 07:20:42,358][cascade_classifier.fit_transform] group_ends=[5]
[ 2020-05-27 07:20:42,359][cascade_classifier.fit_transform] X_train.shape=(3281, 5),X_test.shape=(365, 5)
[ 2020-05-27 07:20:42,360][cascade_classifier.fit_transform] [layer=0] look_indexs=[0], X_cur_train.shape=(3281, 5), X_cur_test.shape=(365, 5)
[ 2020-05-27 07:20:42,580][kfold_wrapper.log_eval_metrics] Accuracy(layer_0 - estimator_0 - 12_folds.train_0.predict)=39.78%
[ 2020-05-27 07:20:42,933][kfold_wrapper.log_eval_metrics] Accuracy(layer_0 - estimator_0 - 12_folds.train_1.predict)=32.48%
[ 2020-05-27 07:20:43,287][kfold_wrapper.log_eval_metrics] Accuracy(layer_0 - estimator_0 - 12_folds.train_2.predict)=37.23%
[ 2020-05-27 07:20:43,632][kfold_wrapper.log_eval_metrics] Accuracy(layer_0 - estimator_0 - 12_folds.train_3.predict)=37.59%
[ 2020-05-27 07:20:43,974][kfold_wrapper.log_eval_metrics] Accuracy(layer_0 - estimator_0 - 12_folds.train_4.predict)=37.23%
[ 2020-05-27 07:20:44,319][kfold_wrapper.log_eval_metrics] Accuracy(layer_0 - estimator_0 - 12_folds.train_5.predict)=42.86%
[ 2020-05-27 07:20:44,657][kfold_wrapper.log_eval_metrics] Accuracy(layer_0 - estimator_0 - 12_folds.train_6.predict)=39.93%
[ 2020-05-27 07:20:45,009][kfold_wrapper.log_eval_metrics] Accuracy(layer_0 - estimator_0 - 12_folds.train_7.predict)=40.29%
[ 2020-05-27 07:20:45,346][kfold_wrapper.log_eval_metrics] Accuracy(layer_0 - estimator_0 - 12_folds.train_8.predict)=31.87%
[ 2020-05-27 07:20:45,702][kfold_wrapper.log_eval_metrics] Accuracy(layer_0 - estimator_0 - 12_folds.train_9.predict)=34.80%
[ 2020-05-27 07:20:46,032][kfold_wrapper.log_eval_metrics] Accuracy(layer_0 - estimator_0 - 12_folds.train_10.predict)=32.23%
[ 2020-05-27 07:20:46,364][kfold_wrapper.log_eval_metrics] Accuracy(layer_0 - estimator_0 - 12_folds.train_11.predict)=36.63%
[ 2020-05-27 07:20:46,482][kfold_wrapper.log_eval_metrics] Accuracy(layer_0 - estimator_0 - 12_folds.train_cv.predict)=36.91%
[ 2020-05-27 07:20:46,485][kfold_wrapper.log_eval_metrics] Accuracy(layer_0 - estimator_0 - 12_folds.test.predict)=40.00%
[ 2020-05-27 07:20:46,730][kfold_wrapper.log_eval_metrics] Accuracy(layer_0 - estimator_1 - 12_folds.train_0.predict)=38.32%
[ 2020-05-27 07:20:47,077][kfold_wrapper.log_eval_metrics] Accuracy(layer_0 - estimator_1 - 12_folds.train_1.predict)=36.86%
[ 2020-05-27 07:20:47,429][kfold_wrapper.log_eval_metrics] Accuracy(layer_0 - estimator_1 - 12_folds.train_2.predict)=33.58%
[ 2020-05-27 07:20:47,777][kfold_wrapper.log_eval_metrics] Accuracy(layer_0 - estimator_1 - 12_folds.train_3.predict)=32.85%
[ 2020-05-27 07:20:48,127][kfold_wrapper.log_eval_metrics] Accuracy(layer_0 - estimator_1 - 12_folds.train_4.predict)=31.02%
[ 2020-05-27 07:20:48,459][kfold_wrapper.log_eval_metrics] Accuracy(layer_0 - estimator_1 - 12_folds.train_5.predict)=35.53%
[ 2020-05-27 07:20:48,800][kfold_wrapper.log_eval_metrics] Accuracy(layer_0 - estimator_1 - 12_folds.train_6.predict)=36.26%
[ 2020-05-27 07:20:49,151][kfold_wrapper.log_eval_metrics] Accuracy(layer_0 - estimator_1 - 12_folds.train_7.predict)=32.60%
[ 2020-05-27 07:20:49,500][kfold_wrapper.log_eval_metrics] Accuracy(layer_0 - estimator_1 - 12_folds.train_8.predict)=35.16%
[ 2020-05-27 07:20:49,850][kfold_wrapper.log_eval_metrics] Accuracy(layer_0 - estimator_1 - 12_folds.train_9.predict)=34.07%
[ 2020-05-27 07:20:50,204][kfold_wrapper.log_eval_metrics] Accuracy(layer_0 - estimator_1 - 12_folds.train_10.predict)=38.46%
[ 2020-05-27 07:20:50,560][kfold_wrapper.log_eval_metrics] Accuracy(layer_0 - estimator_1 - 12_folds.train_11.predict)=38.10%
[ 2020-05-27 07:20:50,677][kfold_wrapper.log_eval_metrics] Accuracy(layer_0 - estimator_1 - 12_folds.train_cv.predict)=35.23%
[ 2020-05-27 07:20:50,679][kfold_wrapper.log_eval_metrics] Accuracy(layer_0 - estimator_1 - 12_folds.test.predict)=37.81%
[ 2020-05-27 07:20:50,742][kfold_wrapper.log_eval_metrics] Accuracy(layer_0 - estimator_2 - 12_folds.train_0.predict)=45.26%
[ 2020-05-27 07:20:50,774][kfold_wrapper.log_eval_metrics] Accuracy(layer_0 - estimator_2 - 12_folds.train_1.predict)=41.61%
[ 2020-05-27 07:20:50,808][kfold_wrapper.log_eval_metrics] Accuracy(layer_0 - estimator_2 - 12_folds.train_2.predict)=37.96%
[ 2020-05-27 07:20:50,842][kfold_wrapper.log_eval_metrics] Accuracy(layer_0 - estimator_2 - 12_folds.train_3.predict)=41.24%
[ 2020-05-27 07:20:50,877][kfold_wrapper.log_eval_metrics] Accuracy(layer_0 - estimator_2 - 12_folds.train_4.predict)=41.24%
[ 2020-05-27 07:20:50,913][kfold_wrapper.log_eval_metrics] Accuracy(layer_0 - estimator_2 - 12_folds.train_5.predict)=42.86%
[ 2020-05-27 07:20:50,952][kfold_wrapper.log_eval_metrics] Accuracy(layer_0 - estimator_2 - 12_folds.train_6.predict)=41.76%
[ 2020-05-27 07:20:50,987][kfold_wrapper.log_eval_metrics] Accuracy(layer_0 - estimator_2 - 12_folds.train_7.predict)=37.73%
[ 2020-05-27 07:20:51,023][kfold_wrapper.log_eval_metrics] Accuracy(layer_0 - estimator_2 - 12_folds.train_8.predict)=40.66%
[ 2020-05-27 07:20:51,063][kfold_wrapper.log_eval_metrics] Accuracy(layer_0 - estimator_2 - 12_folds.train_9.predict)=43.96%
[ 2020-05-27 07:20:51,099][kfold_wrapper.log_eval_metrics] Accuracy(layer_0 - estimator_2 - 12_folds.train_10.predict)=43.22%
[ 2020-05-27 07:20:51,140][kfold_wrapper.log_eval_metrics] Accuracy(layer_0 - estimator_2 - 12_folds.train_11.predict)=41.76%
[ 2020-05-27 07:20:51,141][kfold_wrapper.log_eval_metrics] Accuracy(layer_0 - estimator_2 - 12_folds.train_cv.predict)=41.60%
[ 2020-05-27 07:20:51,141][kfold_wrapper.log_eval_metrics] Accuracy(layer_0 - estimator_2 - 12_folds.test.predict)=43.56%
[ 2020-05-27 07:20:51,142][cascade_classifier.calc_accuracy] Accuracy(layer_0 - train.classifier_average)=37.43%
[ 2020-05-27 07:20:51,143][cascade_classifier.calc_accuracy] Accuracy(layer_0 - test.classifier_average)=40.00%
[ 2020-05-27 07:20:51,143][cascade_classifier.fit_transform] [layer=1] look_indexs=[0], X_cur_train.shape=(3281, 14), X_cur_test.shape=(365, 14)
[ 2020-05-27 07:20:51,359][kfold_wrapper.log_eval_metrics] Accuracy(layer_1 - estimator_0 - 12_folds.train_0.predict)=44.89%
[ 2020-05-27 07:20:51,709][kfold_wrapper.log_eval_metrics] Accuracy(layer_1 - estimator_0 - 12_folds.train_1.predict)=39.78%
[ 2020-05-27 07:20:52,058][kfold_wrapper.log_eval_metrics] Accuracy(layer_1 - estimator_0 - 12_folds.train_2.predict)=37.96%
[ 2020-05-27 07:20:52,399][kfold_wrapper.log_eval_metrics] Accuracy(layer_1 - estimator_0 - 12_folds.train_3.predict)=41.97%
[ 2020-05-27 07:20:52,751][kfold_wrapper.log_eval_metrics] Accuracy(layer_1 - estimator_0 - 12_folds.train_4.predict)=37.59%
[ 2020-05-27 07:20:53,107][kfold_wrapper.log_eval_metrics] Accuracy(layer_1 - estimator_0 - 12_folds.train_5.predict)=43.59%
[ 2020-05-27 07:20:53,432][kfold_wrapper.log_eval_metrics] Accuracy(layer_1 - estimator_0 - 12_folds.train_6.predict)=40.29%
[ 2020-05-27 07:20:53,789][kfold_wrapper.log_eval_metrics] Accuracy(layer_1 - estimator_0 - 12_folds.train_7.predict)=37.73%
[ 2020-05-27 07:20:54,137][kfold_wrapper.log_eval_metrics] Accuracy(layer_1 - estimator_0 - 12_folds.train_8.predict)=41.03%
[ 2020-05-27 07:20:54,483][kfold_wrapper.log_eval_metrics] Accuracy(layer_1 - estimator_0 - 12_folds.train_9.predict)=37.73%
[ 2020-05-27 07:20:54,842][kfold_wrapper.log_eval_metrics] Accuracy(layer_1 - estimator_0 - 12_folds.train_10.predict)=42.12%
[ 2020-05-27 07:20:55,200][kfold_wrapper.log_eval_metrics] Accuracy(layer_1 - estimator_0 - 12_folds.train_11.predict)=37.73%
[ 2020-05-27 07:20:55,318][kfold_wrapper.log_eval_metrics] Accuracy(layer_1 - estimator_0 - 12_folds.train_cv.predict)=40.20%
[ 2020-05-27 07:20:55,320][kfold_wrapper.log_eval_metrics] Accuracy(layer_1 - estimator_0 - 12_folds.test.predict)=43.29%
[ 2020-05-27 07:20:55,558][kfold_wrapper.log_eval_metrics] Accuracy(layer_1 - estimator_1 - 12_folds.train_0.predict)=32.48%
[ 2020-05-27 07:20:55,908][kfold_wrapper.log_eval_metrics] Accuracy(layer_1 - estimator_1 - 12_folds.train_1.predict)=39.78%
[ 2020-05-27 07:20:56,263][kfold_wrapper.log_eval_metrics] Accuracy(layer_1 - estimator_1 - 12_folds.train_2.predict)=37.23%
[ 2020-05-27 07:20:56,620][kfold_wrapper.log_eval_metrics] Accuracy(layer_1 - estimator_1 - 12_folds.train_3.predict)=38.69%
[ 2020-05-27 07:20:56,974][kfold_wrapper.log_eval_metrics] Accuracy(layer_1 - estimator_1 - 12_folds.train_4.predict)=43.80%
[ 2020-05-27 07:20:57,327][kfold_wrapper.log_eval_metrics] Accuracy(layer_1 - estimator_1 - 12_folds.train_5.predict)=40.66%
[ 2020-05-27 07:20:57,674][kfold_wrapper.log_eval_metrics] Accuracy(layer_1 - estimator_1 - 12_folds.train_6.predict)=38.83%
[ 2020-05-27 07:20:58,031][kfold_wrapper.log_eval_metrics] Accuracy(layer_1 - estimator_1 - 12_folds.train_7.predict)=39.56%
[ 2020-05-27 07:20:58,362][kfold_wrapper.log_eval_metrics] Accuracy(layer_1 - estimator_1 - 12_folds.train_8.predict)=39.56%
[ 2020-05-27 07:20:58,713][kfold_wrapper.log_eval_metrics] Accuracy(layer_1 - estimator_1 - 12_folds.train_9.predict)=41.39%
[ 2020-05-27 07:20:59,054][kfold_wrapper.log_eval_metrics] Accuracy(layer_1 - estimator_1 - 12_folds.train_10.predict)=41.76%
[ 2020-05-27 07:20:59,398][kfold_wrapper.log_eval_metrics] Accuracy(layer_1 - estimator_1 - 12_folds.train_11.predict)=35.53%
[ 2020-05-27 07:20:59,513][kfold_wrapper.log_eval_metrics] Accuracy(layer_1 - estimator_1 - 12_folds.train_cv.predict)=39.10%
[ 2020-05-27 07:20:59,515][kfold_wrapper.log_eval_metrics] Accuracy(layer_1 - estimator_1 - 12_folds.test.predict)=41.37%
[ 2020-05-27 07:20:59,637][kfold_wrapper.log_eval_metrics] Accuracy(layer_1 - estimator_2 - 12_folds.train_0.predict)=43.43%
[ 2020-05-27 07:20:59,723][kfold_wrapper.log_eval_metrics] Accuracy(layer_1 - estimator_2 - 12_folds.train_1.predict)=40.88%
[ 2020-05-27 07:20:59,802][kfold_wrapper.log_eval_metrics] Accuracy(layer_1 - estimator_2 - 12_folds.train_2.predict)=44.53%
[ 2020-05-27 07:20:59,884][kfold_wrapper.log_eval_metrics] Accuracy(layer_1 - estimator_2 - 12_folds.train_3.predict)=39.42%
[ 2020-05-27 07:20:59,972][kfold_wrapper.log_eval_metrics] Accuracy(layer_1 - estimator_2 - 12_folds.train_4.predict)=40.51%
[ 2020-05-27 07:21:00,054][kfold_wrapper.log_eval_metrics] Accuracy(layer_1 - estimator_2 - 12_folds.train_5.predict)=42.49%
[ 2020-05-27 07:21:00,135][kfold_wrapper.log_eval_metrics] Accuracy(layer_1 - estimator_2 - 12_folds.train_6.predict)=43.96%
[ 2020-05-27 07:21:00,217][kfold_wrapper.log_eval_metrics] Accuracy(layer_1 - estimator_2 - 12_folds.train_7.predict)=39.93%
[ 2020-05-27 07:21:00,299][kfold_wrapper.log_eval_metrics] Accuracy(layer_1 - estimator_2 - 12_folds.train_8.predict)=43.59%
[ 2020-05-27 07:21:00,381][kfold_wrapper.log_eval_metrics] Accuracy(layer_1 - estimator_2 - 12_folds.train_9.predict)=41.39%
[ 2020-05-27 07:21:00,466][kfold_wrapper.log_eval_metrics] Accuracy(layer_1 - estimator_2 - 12_folds.train_10.predict)=44.32%
[ 2020-05-27 07:21:00,549][kfold_wrapper.log_eval_metrics] Accuracy(layer_1 - estimator_2 - 12_folds.train_11.predict)=44.32%
[ 2020-05-27 07:21:00,550][kfold_wrapper.log_eval_metrics] Accuracy(layer_1 - estimator_2 - 12_folds.train_cv.predict)=42.40%
[ 2020-05-27 07:21:00,551][kfold_wrapper.log_eval_metrics] Accuracy(layer_1 - estimator_2 - 12_folds.test.predict)=44.38%
[ 2020-05-27 07:21:00,551][cascade_classifier.calc_accuracy] Accuracy(layer_1 - train.classifier_average)=41.33%
[ 2020-05-27 07:21:00,552][cascade_classifier.calc_accuracy] Accuracy(layer_1 - test.classifier_average)=43.01%
[ 2020-05-27 07:21:00,553][cascade_classifier.fit_transform] [layer=2] look_indexs=[0], X_cur_train.shape=(3281, 14), X_cur_test.shape=(365, 14)
[ 2020-05-27 07:21:00,777][kfold_wrapper.log_eval_metrics] Accuracy(layer_2 - estimator_0 - 12_folds.train_0.predict)=40.88%
[ 2020-05-27 07:21:01,125][kfold_wrapper.log_eval_metrics] Accuracy(layer_2 - estimator_0 - 12_folds.train_1.predict)=35.77%
[ 2020-05-27 07:21:01,459][kfold_wrapper.log_eval_metrics] Accuracy(layer_2 - estimator_0 - 12_folds.train_2.predict)=40.51%
[ 2020-05-27 07:21:01,806][kfold_wrapper.log_eval_metrics] Accuracy(layer_2 - estimator_0 - 12_folds.train_3.predict)=37.23%
[ 2020-05-27 07:21:02,144][kfold_wrapper.log_eval_metrics] Accuracy(layer_2 - estimator_0 - 12_folds.train_4.predict)=39.78%
[ 2020-05-27 07:21:02,497][kfold_wrapper.log_eval_metrics] Accuracy(layer_2 - estimator_0 - 12_folds.train_5.predict)=38.10%
[ 2020-05-27 07:21:02,838][kfold_wrapper.log_eval_metrics] Accuracy(layer_2 - estimator_0 - 12_folds.train_6.predict)=39.93%
[ 2020-05-27 07:21:03,187][kfold_wrapper.log_eval_metrics] Accuracy(layer_2 - estimator_0 - 12_folds.train_7.predict)=44.32%
[ 2020-05-27 07:21:03,546][kfold_wrapper.log_eval_metrics] Accuracy(layer_2 - estimator_0 - 12_folds.train_8.predict)=38.10%
[ 2020-05-27 07:21:03,904][kfold_wrapper.log_eval_metrics] Accuracy(layer_2 - estimator_0 - 12_folds.train_9.predict)=39.93%
[ 2020-05-27 07:21:04,252][kfold_wrapper.log_eval_metrics] Accuracy(layer_2 - estimator_0 - 12_folds.train_10.predict)=40.66%
[ 2020-05-27 07:21:04,604][kfold_wrapper.log_eval_metrics] Accuracy(layer_2 - estimator_0 - 12_folds.train_11.predict)=41.03%
[ 2020-05-27 07:21:04,722][kfold_wrapper.log_eval_metrics] Accuracy(layer_2 - estimator_0 - 12_folds.train_cv.predict)=39.68%
[ 2020-05-27 07:21:04,725][kfold_wrapper.log_eval_metrics] Accuracy(layer_2 - estimator_0 - 12_folds.test.predict)=36.16%
[ 2020-05-27 07:21:04,966][kfold_wrapper.log_eval_metrics] Accuracy(layer_2 - estimator_1 - 12_folds.train_0.predict)=39.78%
[ 2020-05-27 07:21:05,324][kfold_wrapper.log_eval_metrics] Accuracy(layer_2 - estimator_1 - 12_folds.train_1.predict)=40.88%
[ 2020-05-27 07:21:05,682][kfold_wrapper.log_eval_metrics] Accuracy(layer_2 - estimator_1 - 12_folds.train_2.predict)=35.04%
[ 2020-05-27 07:21:06,032][kfold_wrapper.log_eval_metrics] Accuracy(layer_2 - estimator_1 - 12_folds.train_3.predict)=37.23%
[ 2020-05-27 07:21:06,379][kfold_wrapper.log_eval_metrics] Accuracy(layer_2 - estimator_1 - 12_folds.train_4.predict)=40.88%
[ 2020-05-27 07:21:06,716][kfold_wrapper.log_eval_metrics] Accuracy(layer_2 - estimator_1 - 12_folds.train_5.predict)=38.83%
[ 2020-05-27 07:21:07,070][kfold_wrapper.log_eval_metrics] Accuracy(layer_2 - estimator_1 - 12_folds.train_6.predict)=32.97%
[ 2020-05-27 07:21:07,408][kfold_wrapper.log_eval_metrics] Accuracy(layer_2 - estimator_1 - 12_folds.train_7.predict)=37.36%
[ 2020-05-27 07:21:07,754][kfold_wrapper.log_eval_metrics] Accuracy(layer_2 - estimator_1 - 12_folds.train_8.predict)=41.76%
[ 2020-05-27 07:21:08,108][kfold_wrapper.log_eval_metrics] Accuracy(layer_2 - estimator_1 - 12_folds.train_9.predict)=43.59%
[ 2020-05-27 07:21:08,467][kfold_wrapper.log_eval_metrics] Accuracy(layer_2 - estimator_1 - 12_folds.train_10.predict)=38.83%
[ 2020-05-27 07:21:08,816][kfold_wrapper.log_eval_metrics] Accuracy(layer_2 - estimator_1 - 12_folds.train_11.predict)=37.00%
[ 2020-05-27 07:21:08,934][kfold_wrapper.log_eval_metrics] Accuracy(layer_2 - estimator_1 - 12_folds.train_cv.predict)=38.68%
[ 2020-05-27 07:21:08,937][kfold_wrapper.log_eval_metrics] Accuracy(layer_2 - estimator_1 - 12_folds.test.predict)=37.26%
[ 2020-05-27 07:21:09,078][kfold_wrapper.log_eval_metrics] Accuracy(layer_2 - estimator_2 - 12_folds.train_0.predict)=48.54%
[ 2020-05-27 07:21:09,171][kfold_wrapper.log_eval_metrics] Accuracy(layer_2 - estimator_2 - 12_folds.train_1.predict)=39.05%
[ 2020-05-27 07:21:09,267][kfold_wrapper.log_eval_metrics] Accuracy(layer_2 - estimator_2 - 12_folds.train_2.predict)=41.97%
[ 2020-05-27 07:21:09,365][kfold_wrapper.log_eval_metrics] Accuracy(layer_2 - estimator_2 - 12_folds.train_3.predict)=47.08%
[ 2020-05-27 07:21:09,455][kfold_wrapper.log_eval_metrics] Accuracy(layer_2 - estimator_2 - 12_folds.train_4.predict)=42.70%
[ 2020-05-27 07:21:09,547][kfold_wrapper.log_eval_metrics] Accuracy(layer_2 - estimator_2 - 12_folds.train_5.predict)=41.03%
[ 2020-05-27 07:21:09,641][kfold_wrapper.log_eval_metrics] Accuracy(layer_2 - estimator_2 - 12_folds.train_6.predict)=42.49%
[ 2020-05-27 07:21:09,735][kfold_wrapper.log_eval_metrics] Accuracy(layer_2 - estimator_2 - 12_folds.train_7.predict)=44.32%
[ 2020-05-27 07:21:09,826][kfold_wrapper.log_eval_metrics] Accuracy(layer_2 - estimator_2 - 12_folds.train_8.predict)=38.46%
[ 2020-05-27 07:21:09,917][kfold_wrapper.log_eval_metrics] Accuracy(layer_2 - estimator_2 - 12_folds.train_9.predict)=42.49%
[ 2020-05-27 07:21:10,007][kfold_wrapper.log_eval_metrics] Accuracy(layer_2 - estimator_2 - 12_folds.train_10.predict)=43.59%
[ 2020-05-27 07:21:10,103][kfold_wrapper.log_eval_metrics] Accuracy(layer_2 - estimator_2 - 12_folds.train_11.predict)=41.39%
[ 2020-05-27 07:21:10,105][kfold_wrapper.log_eval_metrics] Accuracy(layer_2 - estimator_2 - 12_folds.train_cv.predict)=42.76%
[ 2020-05-27 07:21:10,105][kfold_wrapper.log_eval_metrics] Accuracy(layer_2 - estimator_2 - 12_folds.test.predict)=43.84%
[ 2020-05-27 07:21:10,106][cascade_classifier.calc_accuracy] Accuracy(layer_2 - train.classifier_average)=41.42%
[ 2020-05-27 07:21:10,107][cascade_classifier.calc_accuracy] Accuracy(layer_2 - test.classifier_average)=40.27%
[ 2020-05-27 07:21:10,107][cascade_classifier.fit_transform] [layer=3] look_indexs=[0], X_cur_train.shape=(3281, 14), X_cur_test.shape=(365, 14)
[ 2020-05-27 07:21:10,324][kfold_wrapper.log_eval_metrics] Accuracy(layer_3 - estimator_0 - 12_folds.train_0.predict)=37.23%
[ 2020-05-27 07:21:10,684][kfold_wrapper.log_eval_metrics] Accuracy(layer_3 - estimator_0 - 12_folds.train_1.predict)=36.13%
[ 2020-05-27 07:21:11,042][kfold_wrapper.log_eval_metrics] Accuracy(layer_3 - estimator_0 - 12_folds.train_2.predict)=44.16%
[ 2020-05-27 07:21:11,394][kfold_wrapper.log_eval_metrics] Accuracy(layer_3 - estimator_0 - 12_folds.train_3.predict)=37.23%
[ 2020-05-27 07:21:11,734][kfold_wrapper.log_eval_metrics] Accuracy(layer_3 - estimator_0 - 12_folds.train_4.predict)=35.77%
[ 2020-05-27 07:21:12,071][kfold_wrapper.log_eval_metrics] Accuracy(layer_3 - estimator_0 - 12_folds.train_5.predict)=41.03%
[ 2020-05-27 07:21:12,431][kfold_wrapper.log_eval_metrics] Accuracy(layer_3 - estimator_0 - 12_folds.train_6.predict)=35.53%
[ 2020-05-27 07:21:12,780][kfold_wrapper.log_eval_metrics] Accuracy(layer_3 - estimator_0 - 12_folds.train_7.predict)=35.16%
[ 2020-05-27 07:21:13,123][kfold_wrapper.log_eval_metrics] Accuracy(layer_3 - estimator_0 - 12_folds.train_8.predict)=40.29%
[ 2020-05-27 07:21:13,461][kfold_wrapper.log_eval_metrics] Accuracy(layer_3 - estimator_0 - 12_folds.train_9.predict)=43.59%
[ 2020-05-27 07:21:13,815][kfold_wrapper.log_eval_metrics] Accuracy(layer_3 - estimator_0 - 12_folds.train_10.predict)=36.26%
[ 2020-05-27 07:21:14,158][kfold_wrapper.log_eval_metrics] Accuracy(layer_3 - estimator_0 - 12_folds.train_11.predict)=40.29%
[ 2020-05-27 07:21:14,277][kfold_wrapper.log_eval_metrics] Accuracy(layer_3 - estimator_0 - 12_folds.train_cv.predict)=38.56%
[ 2020-05-27 07:21:14,279][kfold_wrapper.log_eval_metrics] Accuracy(layer_3 - estimator_0 - 12_folds.test.predict)=38.63%
[ 2020-05-27 07:21:14,520][kfold_wrapper.log_eval_metrics] Accuracy(layer_3 - estimator_1 - 12_folds.train_0.predict)=44.89%
[ 2020-05-27 07:21:14,858][kfold_wrapper.log_eval_metrics] Accuracy(layer_3 - estimator_1 - 12_folds.train_1.predict)=40.15%
[ 2020-05-27 07:21:15,212][kfold_wrapper.log_eval_metrics] Accuracy(layer_3 - estimator_1 - 12_folds.train_2.predict)=38.69%
[ 2020-05-27 07:21:15,570][kfold_wrapper.log_eval_metrics] Accuracy(layer_3 - estimator_1 - 12_folds.train_3.predict)=43.43%
[ 2020-05-27 07:21:15,925][kfold_wrapper.log_eval_metrics] Accuracy(layer_3 - estimator_1 - 12_folds.train_4.predict)=38.69%
[ 2020-05-27 07:21:16,274][kfold_wrapper.log_eval_metrics] Accuracy(layer_3 - estimator_1 - 12_folds.train_5.predict)=43.96%
[ 2020-05-27 07:21:16,619][kfold_wrapper.log_eval_metrics] Accuracy(layer_3 - estimator_1 - 12_folds.train_6.predict)=35.53%
[ 2020-05-27 07:21:16,980][kfold_wrapper.log_eval_metrics] Accuracy(layer_3 - estimator_1 - 12_folds.train_7.predict)=37.73%
[ 2020-05-27 07:21:17,330][kfold_wrapper.log_eval_metrics] Accuracy(layer_3 - estimator_1 - 12_folds.train_8.predict)=33.33%
[ 2020-05-27 07:21:17,679][kfold_wrapper.log_eval_metrics] Accuracy(layer_3 - estimator_1 - 12_folds.train_9.predict)=42.49%
[ 2020-05-27 07:21:18,034][kfold_wrapper.log_eval_metrics] Accuracy(layer_3 - estimator_1 - 12_folds.train_10.predict)=42.49%
[ 2020-05-27 07:21:18,376][kfold_wrapper.log_eval_metrics] Accuracy(layer_3 - estimator_1 - 12_folds.train_11.predict)=40.29%
[ 2020-05-27 07:21:18,495][kfold_wrapper.log_eval_metrics] Accuracy(layer_3 - estimator_1 - 12_folds.train_cv.predict)=40.14%
[ 2020-05-27 07:21:18,497][kfold_wrapper.log_eval_metrics] Accuracy(layer_3 - estimator_1 - 12_folds.test.predict)=35.89%
[ 2020-05-27 07:21:18,633][kfold_wrapper.log_eval_metrics] Accuracy(layer_3 - estimator_2 - 12_folds.train_0.predict)=40.88%
[ 2020-05-27 07:21:18,742][kfold_wrapper.log_eval_metrics] Accuracy(layer_3 - estimator_2 - 12_folds.train_1.predict)=38.32%
[ 2020-05-27 07:21:18,851][kfold_wrapper.log_eval_metrics] Accuracy(layer_3 - estimator_2 - 12_folds.train_2.predict)=35.77%
[ 2020-05-27 07:21:18,955][kfold_wrapper.log_eval_metrics] Accuracy(layer_3 - estimator_2 - 12_folds.train_3.predict)=48.91%
[ 2020-05-27 07:21:19,058][kfold_wrapper.log_eval_metrics] Accuracy(layer_3 - estimator_2 - 12_folds.train_4.predict)=42.70%
[ 2020-05-27 07:21:19,164][kfold_wrapper.log_eval_metrics] Accuracy(layer_3 - estimator_2 - 12_folds.train_5.predict)=44.69%
[ 2020-05-27 07:21:19,270][kfold_wrapper.log_eval_metrics] Accuracy(layer_3 - estimator_2 - 12_folds.train_6.predict)=43.96%
[ 2020-05-27 07:21:19,377][kfold_wrapper.log_eval_metrics] Accuracy(layer_3 - estimator_2 - 12_folds.train_7.predict)=44.32%
[ 2020-05-27 07:21:19,479][kfold_wrapper.log_eval_metrics] Accuracy(layer_3 - estimator_2 - 12_folds.train_8.predict)=43.22%
[ 2020-05-27 07:21:19,583][kfold_wrapper.log_eval_metrics] Accuracy(layer_3 - estimator_2 - 12_folds.train_9.predict)=40.66%
[ 2020-05-27 07:21:19,685][kfold_wrapper.log_eval_metrics] Accuracy(layer_3 - estimator_2 - 12_folds.train_10.predict)=43.59%
[ 2020-05-27 07:21:19,787][kfold_wrapper.log_eval_metrics] Accuracy(layer_3 - estimator_2 - 12_folds.train_11.predict)=44.32%
[ 2020-05-27 07:21:19,788][kfold_wrapper.log_eval_metrics] Accuracy(layer_3 - estimator_2 - 12_folds.train_cv.predict)=42.61%
[ 2020-05-27 07:21:19,789][kfold_wrapper.log_eval_metrics] Accuracy(layer_3 - estimator_2 - 12_folds.test.predict)=44.38%
[ 2020-05-27 07:21:19,789][cascade_classifier.calc_accuracy] Accuracy(layer_3 - train.classifier_average)=40.87%
[ 2020-05-27 07:21:19,790][cascade_classifier.calc_accuracy] Accuracy(layer_3 - test.classifier_average)=41.64%
[ 2020-05-27 07:21:19,791][cascade_classifier.fit_transform] [layer=4] look_indexs=[0], X_cur_train.shape=(3281, 14), X_cur_test.shape=(365, 14)
[ 2020-05-27 07:21:20,013][kfold_wrapper.log_eval_metrics] Accuracy(layer_4 - estimator_0 - 12_folds.train_0.predict)=37.23%
[ 2020-05-27 07:21:20,351][kfold_wrapper.log_eval_metrics] Accuracy(layer_4 - estimator_0 - 12_folds.train_1.predict)=40.51%
[ 2020-05-27 07:21:20,700][kfold_wrapper.log_eval_metrics] Accuracy(layer_4 - estimator_0 - 12_folds.train_2.predict)=43.80%
[ 2020-05-27 07:21:21,054][kfold_wrapper.log_eval_metrics] Accuracy(layer_4 - estimator_0 - 12_folds.train_3.predict)=38.69%
[ 2020-05-27 07:21:21,400][kfold_wrapper.log_eval_metrics] Accuracy(layer_4 - estimator_0 - 12_folds.train_4.predict)=39.78%
[ 2020-05-27 07:21:21,743][kfold_wrapper.log_eval_metrics] Accuracy(layer_4 - estimator_0 - 12_folds.train_5.predict)=41.76%
[ 2020-05-27 07:21:22,084][kfold_wrapper.log_eval_metrics] Accuracy(layer_4 - estimator_0 - 12_folds.train_6.predict)=44.32%
[ 2020-05-27 07:21:22,433][kfold_wrapper.log_eval_metrics] Accuracy(layer_4 - estimator_0 - 12_folds.train_7.predict)=42.12%
[ 2020-05-27 07:21:22,784][kfold_wrapper.log_eval_metrics] Accuracy(layer_4 - estimator_0 - 12_folds.train_8.predict)=37.00%
[ 2020-05-27 07:21:23,126][kfold_wrapper.log_eval_metrics] Accuracy(layer_4 - estimator_0 - 12_folds.train_9.predict)=40.29%
[ 2020-05-27 07:21:23,450][kfold_wrapper.log_eval_metrics] Accuracy(layer_4 - estimator_0 - 12_folds.train_10.predict)=38.46%
[ 2020-05-27 07:21:23,771][kfold_wrapper.log_eval_metrics] Accuracy(layer_4 - estimator_0 - 12_folds.train_11.predict)=36.63%
[ 2020-05-27 07:21:23,891][kfold_wrapper.log_eval_metrics] Accuracy(layer_4 - estimator_0 - 12_folds.train_cv.predict)=40.05%
[ 2020-05-27 07:21:23,894][kfold_wrapper.log_eval_metrics] Accuracy(layer_4 - estimator_0 - 12_folds.test.predict)=42.19%
[ 2020-05-27 07:21:24,138][kfold_wrapper.log_eval_metrics] Accuracy(layer_4 - estimator_1 - 12_folds.train_0.predict)=43.80%
[ 2020-05-27 07:21:24,490][kfold_wrapper.log_eval_metrics] Accuracy(layer_4 - estimator_1 - 12_folds.train_1.predict)=42.34%
[ 2020-05-27 07:21:24,832][kfold_wrapper.log_eval_metrics] Accuracy(layer_4 - estimator_1 - 12_folds.train_2.predict)=36.86%
[ 2020-05-27 07:21:25,167][kfold_wrapper.log_eval_metrics] Accuracy(layer_4 - estimator_1 - 12_folds.train_3.predict)=38.69%
[ 2020-05-27 07:21:25,492][kfold_wrapper.log_eval_metrics] Accuracy(layer_4 - estimator_1 - 12_folds.train_4.predict)=36.13%
[ 2020-05-27 07:21:25,835][kfold_wrapper.log_eval_metrics] Accuracy(layer_4 - estimator_1 - 12_folds.train_5.predict)=41.03%
[ 2020-05-27 07:21:26,160][kfold_wrapper.log_eval_metrics] Accuracy(layer_4 - estimator_1 - 12_folds.train_6.predict)=41.39%
[ 2020-05-27 07:21:26,505][kfold_wrapper.log_eval_metrics] Accuracy(layer_4 - estimator_1 - 12_folds.train_7.predict)=37.00%
[ 2020-05-27 07:21:26,855][kfold_wrapper.log_eval_metrics] Accuracy(layer_4 - estimator_1 - 12_folds.train_8.predict)=41.39%
[ 2020-05-27 07:21:27,190][kfold_wrapper.log_eval_metrics] Accuracy(layer_4 - estimator_1 - 12_folds.train_9.predict)=37.73%
[ 2020-05-27 07:21:27,522][kfold_wrapper.log_eval_metrics] Accuracy(layer_4 - estimator_1 - 12_folds.train_10.predict)=42.86%
[ 2020-05-27 07:21:27,875][kfold_wrapper.log_eval_metrics] Accuracy(layer_4 - estimator_1 - 12_folds.train_11.predict)=35.90%
[ 2020-05-27 07:21:27,985][kfold_wrapper.log_eval_metrics] Accuracy(layer_4 - estimator_1 - 12_folds.train_cv.predict)=39.59%
[ 2020-05-27 07:21:27,987][kfold_wrapper.log_eval_metrics] Accuracy(layer_4 - estimator_1 - 12_folds.test.predict)=40.55%
[ 2020-05-27 07:21:28,116][kfold_wrapper.log_eval_metrics] Accuracy(layer_4 - estimator_2 - 12_folds.train_0.predict)=38.32%
[ 2020-05-27 07:21:28,239][kfold_wrapper.log_eval_metrics] Accuracy(layer_4 - estimator_2 - 12_folds.train_1.predict)=43.07%
[ 2020-05-27 07:21:28,358][kfold_wrapper.log_eval_metrics] Accuracy(layer_4 - estimator_2 - 12_folds.train_2.predict)=46.35%
[ 2020-05-27 07:21:28,479][kfold_wrapper.log_eval_metrics] Accuracy(layer_4 - estimator_2 - 12_folds.train_3.predict)=41.97%
[ 2020-05-27 07:21:28,601][kfold_wrapper.log_eval_metrics] Accuracy(layer_4 - estimator_2 - 12_folds.train_4.predict)=39.05%
[ 2020-05-27 07:21:28,723][kfold_wrapper.log_eval_metrics] Accuracy(layer_4 - estimator_2 - 12_folds.train_5.predict)=44.69%
[ 2020-05-27 07:21:28,845][kfold_wrapper.log_eval_metrics] Accuracy(layer_4 - estimator_2 - 12_folds.train_6.predict)=45.42%
[ 2020-05-27 07:21:28,965][kfold_wrapper.log_eval_metrics] Accuracy(layer_4 - estimator_2 - 12_folds.train_7.predict)=43.22%
[ 2020-05-27 07:21:29,085][kfold_wrapper.log_eval_metrics] Accuracy(layer_4 - estimator_2 - 12_folds.train_8.predict)=43.59%
[ 2020-05-27 07:21:29,206][kfold_wrapper.log_eval_metrics] Accuracy(layer_4 - estimator_2 - 12_folds.train_9.predict)=41.76%
[ 2020-05-27 07:21:29,327][kfold_wrapper.log_eval_metrics] Accuracy(layer_4 - estimator_2 - 12_folds.train_10.predict)=45.05%
[ 2020-05-27 07:21:29,447][kfold_wrapper.log_eval_metrics] Accuracy(layer_4 - estimator_2 - 12_folds.train_11.predict)=45.79%
[ 2020-05-27 07:21:29,448][kfold_wrapper.log_eval_metrics] Accuracy(layer_4 - estimator_2 - 12_folds.train_cv.predict)=43.19%
[ 2020-05-27 07:21:29,448][kfold_wrapper.log_eval_metrics] Accuracy(layer_4 - estimator_2 - 12_folds.test.predict)=43.29%
[ 2020-05-27 07:21:29,449][cascade_classifier.calc_accuracy] Accuracy(layer_4 - train.classifier_average)=42.55%
[ 2020-05-27 07:21:29,450][cascade_classifier.calc_accuracy] Accuracy(layer_4 - test.classifier_average)=42.74%
[ 2020-05-27 07:21:29,451][cascade_classifier.fit_transform] [layer=5] look_indexs=[0], X_cur_train.shape=(3281, 14), X_cur_test.shape=(365, 14)
[ 2020-05-27 07:21:29,668][kfold_wrapper.log_eval_metrics] Accuracy(layer_5 - estimator_0 - 12_folds.train_0.predict)=37.23%
[ 2020-05-27 07:21:30,031][kfold_wrapper.log_eval_metrics] Accuracy(layer_5 - estimator_0 - 12_folds.train_1.predict)=34.31%
[ 2020-05-27 07:21:30,394][kfold_wrapper.log_eval_metrics] Accuracy(layer_5 - estimator_0 - 12_folds.train_2.predict)=40.15%
[ 2020-05-27 07:21:30,757][kfold_wrapper.log_eval_metrics] Accuracy(layer_5 - estimator_0 - 12_folds.train_3.predict)=40.88%
[ 2020-05-27 07:21:31,095][kfold_wrapper.log_eval_metrics] Accuracy(layer_5 - estimator_0 - 12_folds.train_4.predict)=44.16%
[ 2020-05-27 07:21:31,424][kfold_wrapper.log_eval_metrics] Accuracy(layer_5 - estimator_0 - 12_folds.train_5.predict)=38.46%
[ 2020-05-27 07:21:31,776][kfold_wrapper.log_eval_metrics] Accuracy(layer_5 - estimator_0 - 12_folds.train_6.predict)=42.49%
[ 2020-05-27 07:21:32,122][kfold_wrapper.log_eval_metrics] Accuracy(layer_5 - estimator_0 - 12_folds.train_7.predict)=40.66%
[ 2020-05-27 07:21:32,470][kfold_wrapper.log_eval_metrics] Accuracy(layer_5 - estimator_0 - 12_folds.train_8.predict)=45.42%
[ 2020-05-27 07:21:32,827][kfold_wrapper.log_eval_metrics] Accuracy(layer_5 - estimator_0 - 12_folds.train_9.predict)=45.42%
[ 2020-05-27 07:21:33,170][kfold_wrapper.log_eval_metrics] Accuracy(layer_5 - estimator_0 - 12_folds.train_10.predict)=32.97%
[ 2020-05-27 07:21:33,494][kfold_wrapper.log_eval_metrics] Accuracy(layer_5 - estimator_0 - 12_folds.train_11.predict)=41.03%
[ 2020-05-27 07:21:33,599][kfold_wrapper.log_eval_metrics] Accuracy(layer_5 - estimator_0 - 12_folds.train_cv.predict)=40.26%
[ 2020-05-27 07:21:33,600][kfold_wrapper.log_eval_metrics] Accuracy(layer_5 - estimator_0 - 12_folds.test.predict)=38.08%
[ 2020-05-27 07:21:33,824][kfold_wrapper.log_eval_metrics] Accuracy(layer_5 - estimator_1 - 12_folds.train_0.predict)=35.40%
[ 2020-05-27 07:21:34,156][kfold_wrapper.log_eval_metrics] Accuracy(layer_5 - estimator_1 - 12_folds.train_1.predict)=39.78%
[ 2020-05-27 07:21:34,515][kfold_wrapper.log_eval_metrics] Accuracy(layer_5 - estimator_1 - 12_folds.train_2.predict)=38.32%
[ 2020-05-27 07:21:34,846][kfold_wrapper.log_eval_metrics] Accuracy(layer_5 - estimator_1 - 12_folds.train_3.predict)=37.96%
[ 2020-05-27 07:21:35,163][kfold_wrapper.log_eval_metrics] Accuracy(layer_5 - estimator_1 - 12_folds.train_4.predict)=44.53%
[ 2020-05-27 07:21:35,481][kfold_wrapper.log_eval_metrics] Accuracy(layer_5 - estimator_1 - 12_folds.train_5.predict)=39.93%
[ 2020-05-27 07:21:35,819][kfold_wrapper.log_eval_metrics] Accuracy(layer_5 - estimator_1 - 12_folds.train_6.predict)=38.46%
[ 2020-05-27 07:21:36,158][kfold_wrapper.log_eval_metrics] Accuracy(layer_5 - estimator_1 - 12_folds.train_7.predict)=42.12%
[ 2020-05-27 07:21:36,475][kfold_wrapper.log_eval_metrics] Accuracy(layer_5 - estimator_1 - 12_folds.train_8.predict)=39.56%
[ 2020-05-27 07:21:36,815][kfold_wrapper.log_eval_metrics] Accuracy(layer_5 - estimator_1 - 12_folds.train_9.predict)=40.29%
[ 2020-05-27 07:21:37,174][kfold_wrapper.log_eval_metrics] Accuracy(layer_5 - estimator_1 - 12_folds.train_10.predict)=38.83%
[ 2020-05-27 07:21:37,512][kfold_wrapper.log_eval_metrics] Accuracy(layer_5 - estimator_1 - 12_folds.train_11.predict)=33.70%
[ 2020-05-27 07:21:37,633][kfold_wrapper.log_eval_metrics] Accuracy(layer_5 - estimator_1 - 12_folds.train_cv.predict)=39.07%
[ 2020-05-27 07:21:37,637][kfold_wrapper.log_eval_metrics] Accuracy(layer_5 - estimator_1 - 12_folds.test.predict)=42.19%
[ 2020-05-27 07:21:37,823][kfold_wrapper.log_eval_metrics] Accuracy(layer_5 - estimator_2 - 12_folds.train_0.predict)=41.24%
[ 2020-05-27 07:21:37,974][kfold_wrapper.log_eval_metrics] Accuracy(layer_5 - estimator_2 - 12_folds.train_1.predict)=42.70%
[ 2020-05-27 07:21:38,116][kfold_wrapper.log_eval_metrics] Accuracy(layer_5 - estimator_2 - 12_folds.train_2.predict)=46.72%
[ 2020-05-27 07:21:38,258][kfold_wrapper.log_eval_metrics] Accuracy(layer_5 - estimator_2 - 12_folds.train_3.predict)=40.51%
[ 2020-05-27 07:21:38,405][kfold_wrapper.log_eval_metrics] Accuracy(layer_5 - estimator_2 - 12_folds.train_4.predict)=43.43%
[ 2020-05-27 07:21:38,554][kfold_wrapper.log_eval_metrics] Accuracy(layer_5 - estimator_2 - 12_folds.train_5.predict)=46.52%
[ 2020-05-27 07:21:38,694][kfold_wrapper.log_eval_metrics] Accuracy(layer_5 - estimator_2 - 12_folds.train_6.predict)=37.73%
[ 2020-05-27 07:21:38,840][kfold_wrapper.log_eval_metrics] Accuracy(layer_5 - estimator_2 - 12_folds.train_7.predict)=41.76%
[ 2020-05-27 07:21:38,983][kfold_wrapper.log_eval_metrics] Accuracy(layer_5 - estimator_2 - 12_folds.train_8.predict)=42.49%
[ 2020-05-27 07:21:39,125][kfold_wrapper.log_eval_metrics] Accuracy(layer_5 - estimator_2 - 12_folds.train_9.predict)=40.29%
[ 2020-05-27 07:21:39,265][kfold_wrapper.log_eval_metrics] Accuracy(layer_5 - estimator_2 - 12_folds.train_10.predict)=44.69%
[ 2020-05-27 07:21:39,407][kfold_wrapper.log_eval_metrics] Accuracy(layer_5 - estimator_2 - 12_folds.train_11.predict)=45.42%
[ 2020-05-27 07:21:39,409][kfold_wrapper.log_eval_metrics] Accuracy(layer_5 - estimator_2 - 12_folds.train_cv.predict)=42.79%
[ 2020-05-27 07:21:39,409][kfold_wrapper.log_eval_metrics] Accuracy(layer_5 - estimator_2 - 12_folds.test.predict)=43.01%
[ 2020-05-27 07:21:39,410][cascade_classifier.calc_accuracy] Accuracy(layer_5 - train.classifier_average)=41.66%
[ 2020-05-27 07:21:39,411][cascade_classifier.calc_accuracy] Accuracy(layer_5 - test.classifier_average)=41.10%
[ 2020-05-27 07:21:39,412][cascade_classifier.fit_transform] [layer=6] look_indexs=[0], X_cur_train.shape=(3281, 14), X_cur_test.shape=(365, 14)
[ 2020-05-27 07:21:39,631][kfold_wrapper.log_eval_metrics] Accuracy(layer_6 - estimator_0 - 12_folds.train_0.predict)=36.86%
[ 2020-05-27 07:21:39,957][kfold_wrapper.log_eval_metrics] Accuracy(layer_6 - estimator_0 - 12_folds.train_1.predict)=38.69%
[ 2020-05-27 07:21:40,308][kfold_wrapper.log_eval_metrics] Accuracy(layer_6 - estimator_0 - 12_folds.train_2.predict)=41.61%
[ 2020-05-27 07:21:40,634][kfold_wrapper.log_eval_metrics] Accuracy(layer_6 - estimator_0 - 12_folds.train_3.predict)=41.24%
[ 2020-05-27 07:21:40,952][kfold_wrapper.log_eval_metrics] Accuracy(layer_6 - estimator_0 - 12_folds.train_4.predict)=37.59%
[ 2020-05-27 07:21:41,284][kfold_wrapper.log_eval_metrics] Accuracy(layer_6 - estimator_0 - 12_folds.train_5.predict)=36.63%
[ 2020-05-27 07:21:41,615][kfold_wrapper.log_eval_metrics] Accuracy(layer_6 - estimator_0 - 12_folds.train_6.predict)=40.66%
[ 2020-05-27 07:21:41,957][kfold_wrapper.log_eval_metrics] Accuracy(layer_6 - estimator_0 - 12_folds.train_7.predict)=38.46%
[ 2020-05-27 07:21:42,297][kfold_wrapper.log_eval_metrics] Accuracy(layer_6 - estimator_0 - 12_folds.train_8.predict)=39.19%
[ 2020-05-27 07:21:42,629][kfold_wrapper.log_eval_metrics] Accuracy(layer_6 - estimator_0 - 12_folds.train_9.predict)=39.93%
[ 2020-05-27 07:21:42,970][kfold_wrapper.log_eval_metrics] Accuracy(layer_6 - estimator_0 - 12_folds.train_10.predict)=38.83%
[ 2020-05-27 07:21:43,307][kfold_wrapper.log_eval_metrics] Accuracy(layer_6 - estimator_0 - 12_folds.train_11.predict)=38.46%
[ 2020-05-27 07:21:43,414][kfold_wrapper.log_eval_metrics] Accuracy(layer_6 - estimator_0 - 12_folds.train_cv.predict)=39.01%
[ 2020-05-27 07:21:43,415][kfold_wrapper.log_eval_metrics] Accuracy(layer_6 - estimator_0 - 12_folds.test.predict)=40.82%
[ 2020-05-27 07:21:43,632][kfold_wrapper.log_eval_metrics] Accuracy(layer_6 - estimator_1 - 12_folds.train_0.predict)=35.04%
[ 2020-05-27 07:21:43,962][kfold_wrapper.log_eval_metrics] Accuracy(layer_6 - estimator_1 - 12_folds.train_1.predict)=37.59%
[ 2020-05-27 07:21:44,297][kfold_wrapper.log_eval_metrics] Accuracy(layer_6 - estimator_1 - 12_folds.train_2.predict)=42.34%
[ 2020-05-27 07:21:44,645][kfold_wrapper.log_eval_metrics] Accuracy(layer_6 - estimator_1 - 12_folds.train_3.predict)=39.42%
[ 2020-05-27 07:21:44,989][kfold_wrapper.log_eval_metrics] Accuracy(layer_6 - estimator_1 - 12_folds.train_4.predict)=41.97%
[ 2020-05-27 07:21:45,308][kfold_wrapper.log_eval_metrics] Accuracy(layer_6 - estimator_1 - 12_folds.train_5.predict)=38.46%
[ 2020-05-27 07:21:45,633][kfold_wrapper.log_eval_metrics] Accuracy(layer_6 - estimator_1 - 12_folds.train_6.predict)=38.83%
[ 2020-05-27 07:21:45,952][kfold_wrapper.log_eval_metrics] Accuracy(layer_6 - estimator_1 - 12_folds.train_7.predict)=36.63%
[ 2020-05-27 07:21:46,269][kfold_wrapper.log_eval_metrics] Accuracy(layer_6 - estimator_1 - 12_folds.train_8.predict)=38.83%
[ 2020-05-27 07:21:46,588][kfold_wrapper.log_eval_metrics] Accuracy(layer_6 - estimator_1 - 12_folds.train_9.predict)=38.46%
[ 2020-05-27 07:21:46,932][kfold_wrapper.log_eval_metrics] Accuracy(layer_6 - estimator_1 - 12_folds.train_10.predict)=35.16%
[ 2020-05-27 07:21:47,273][kfold_wrapper.log_eval_metrics] Accuracy(layer_6 - estimator_1 - 12_folds.train_11.predict)=39.56%
[ 2020-05-27 07:21:47,385][kfold_wrapper.log_eval_metrics] Accuracy(layer_6 - estimator_1 - 12_folds.train_cv.predict)=38.52%
[ 2020-05-27 07:21:47,386][kfold_wrapper.log_eval_metrics] Accuracy(layer_6 - estimator_1 - 12_folds.test.predict)=41.64%
[ 2020-05-27 07:21:47,557][kfold_wrapper.log_eval_metrics] Accuracy(layer_6 - estimator_2 - 12_folds.train_0.predict)=38.32%
[ 2020-05-27 07:21:47,727][kfold_wrapper.log_eval_metrics] Accuracy(layer_6 - estimator_2 - 12_folds.train_1.predict)=46.72%
[ 2020-05-27 07:21:47,900][kfold_wrapper.log_eval_metrics] Accuracy(layer_6 - estimator_2 - 12_folds.train_2.predict)=41.24%
[ 2020-05-27 07:21:48,076][kfold_wrapper.log_eval_metrics] Accuracy(layer_6 - estimator_2 - 12_folds.train_3.predict)=38.69%
[ 2020-05-27 07:21:48,244][kfold_wrapper.log_eval_metrics] Accuracy(layer_6 - estimator_2 - 12_folds.train_4.predict)=41.24%
[ 2020-05-27 07:21:48,410][kfold_wrapper.log_eval_metrics] Accuracy(layer_6 - estimator_2 - 12_folds.train_5.predict)=44.32%
[ 2020-05-27 07:21:48,581][kfold_wrapper.log_eval_metrics] Accuracy(layer_6 - estimator_2 - 12_folds.train_6.predict)=40.66%
[ 2020-05-27 07:21:48,753][kfold_wrapper.log_eval_metrics] Accuracy(layer_6 - estimator_2 - 12_folds.train_7.predict)=45.05%
[ 2020-05-27 07:21:48,927][kfold_wrapper.log_eval_metrics] Accuracy(layer_6 - estimator_2 - 12_folds.train_8.predict)=43.22%
[ 2020-05-27 07:21:49,093][kfold_wrapper.log_eval_metrics] Accuracy(layer_6 - estimator_2 - 12_folds.train_9.predict)=44.32%
[ 2020-05-27 07:21:49,267][kfold_wrapper.log_eval_metrics] Accuracy(layer_6 - estimator_2 - 12_folds.train_10.predict)=36.63%
[ 2020-05-27 07:21:49,437][kfold_wrapper.log_eval_metrics] Accuracy(layer_6 - estimator_2 - 12_folds.train_11.predict)=40.66%
[ 2020-05-27 07:21:49,438][kfold_wrapper.log_eval_metrics] Accuracy(layer_6 - estimator_2 - 12_folds.train_cv.predict)=41.76%
[ 2020-05-27 07:21:49,439][kfold_wrapper.log_eval_metrics] Accuracy(layer_6 - estimator_2 - 12_folds.test.predict)=43.56%
[ 2020-05-27 07:21:49,440][cascade_classifier.calc_accuracy] Accuracy(layer_6 - train.classifier_average)=40.78%
[ 2020-05-27 07:21:49,441][cascade_classifier.calc_accuracy] Accuracy(layer_6 - test.classifier_average)=43.01%
[ 2020-05-27 07:21:49,442][cascade_classifier.fit_transform] [layer=7] look_indexs=[0], X_cur_train.shape=(3281, 14), X_cur_test.shape=(365, 14)
[ 2020-05-27 07:21:49,663][kfold_wrapper.log_eval_metrics] Accuracy(layer_7 - estimator_0 - 12_folds.train_0.predict)=40.15%
[ 2020-05-27 07:21:50,017][kfold_wrapper.log_eval_metrics] Accuracy(layer_7 - estimator_0 - 12_folds.train_1.predict)=34.31%
[ 2020-05-27 07:21:50,355][kfold_wrapper.log_eval_metrics] Accuracy(layer_7 - estimator_0 - 12_folds.train_2.predict)=40.15%
[ 2020-05-27 07:21:50,705][kfold_wrapper.log_eval_metrics] Accuracy(layer_7 - estimator_0 - 12_folds.train_3.predict)=40.88%
[ 2020-05-27 07:21:51,062][kfold_wrapper.log_eval_metrics] Accuracy(layer_7 - estimator_0 - 12_folds.train_4.predict)=37.23%
[ 2020-05-27 07:21:51,384][kfold_wrapper.log_eval_metrics] Accuracy(layer_7 - estimator_0 - 12_folds.train_5.predict)=35.16%
[ 2020-05-27 07:21:51,714][kfold_wrapper.log_eval_metrics] Accuracy(layer_7 - estimator_0 - 12_folds.train_6.predict)=45.42%
[ 2020-05-27 07:21:52,067][kfold_wrapper.log_eval_metrics] Accuracy(layer_7 - estimator_0 - 12_folds.train_7.predict)=39.56%
[ 2020-05-27 07:21:52,422][kfold_wrapper.log_eval_metrics] Accuracy(layer_7 - estimator_0 - 12_folds.train_8.predict)=38.46%
[ 2020-05-27 07:21:52,785][kfold_wrapper.log_eval_metrics] Accuracy(layer_7 - estimator_0 - 12_folds.train_9.predict)=41.39%
[ 2020-05-27 07:21:53,138][kfold_wrapper.log_eval_metrics] Accuracy(layer_7 - estimator_0 - 12_folds.train_10.predict)=37.36%
[ 2020-05-27 07:21:53,489][kfold_wrapper.log_eval_metrics] Accuracy(layer_7 - estimator_0 - 12_folds.train_11.predict)=40.29%
[ 2020-05-27 07:21:53,613][kfold_wrapper.log_eval_metrics] Accuracy(layer_7 - estimator_0 - 12_folds.train_cv.predict)=39.20%
[ 2020-05-27 07:21:53,616][kfold_wrapper.log_eval_metrics] Accuracy(layer_7 - estimator_0 - 12_folds.test.predict)=40.82%
[ 2020-05-27 07:21:53,862][kfold_wrapper.log_eval_metrics] Accuracy(layer_7 - estimator_1 - 12_folds.train_0.predict)=34.67%
[ 2020-05-27 07:21:54,220][kfold_wrapper.log_eval_metrics] Accuracy(layer_7 - estimator_1 - 12_folds.train_1.predict)=39.42%
[ 2020-05-27 07:21:54,582][kfold_wrapper.log_eval_metrics] Accuracy(layer_7 - estimator_1 - 12_folds.train_2.predict)=40.15%
[ 2020-05-27 07:21:54,939][kfold_wrapper.log_eval_metrics] Accuracy(layer_7 - estimator_1 - 12_folds.train_3.predict)=36.86%
[ 2020-05-27 07:21:55,295][kfold_wrapper.log_eval_metrics] Accuracy(layer_7 - estimator_1 - 12_folds.train_4.predict)=37.96%
[ 2020-05-27 07:21:55,662][kfold_wrapper.log_eval_metrics] Accuracy(layer_7 - estimator_1 - 12_folds.train_5.predict)=35.90%
[ 2020-05-27 07:21:56,020][kfold_wrapper.log_eval_metrics] Accuracy(layer_7 - estimator_1 - 12_folds.train_6.predict)=41.76%
[ 2020-05-27 07:21:56,380][kfold_wrapper.log_eval_metrics] Accuracy(layer_7 - estimator_1 - 12_folds.train_7.predict)=41.03%
[ 2020-05-27 07:21:56,735][kfold_wrapper.log_eval_metrics] Accuracy(layer_7 - estimator_1 - 12_folds.train_8.predict)=39.93%
[ 2020-05-27 07:21:57,092][kfold_wrapper.log_eval_metrics] Accuracy(layer_7 - estimator_1 - 12_folds.train_9.predict)=38.83%
[ 2020-05-27 07:21:57,435][kfold_wrapper.log_eval_metrics] Accuracy(layer_7 - estimator_1 - 12_folds.train_10.predict)=39.93%
[ 2020-05-27 07:21:57,777][kfold_wrapper.log_eval_metrics] Accuracy(layer_7 - estimator_1 - 12_folds.train_11.predict)=36.26%
[ 2020-05-27 07:21:57,901][kfold_wrapper.log_eval_metrics] Accuracy(layer_7 - estimator_1 - 12_folds.train_cv.predict)=38.56%
[ 2020-05-27 07:21:57,903][kfold_wrapper.log_eval_metrics] Accuracy(layer_7 - estimator_1 - 12_folds.test.predict)=41.10%
[ 2020-05-27 07:21:58,143][kfold_wrapper.log_eval_metrics] Accuracy(layer_7 - estimator_2 - 12_folds.train_0.predict)=40.88%
[ 2020-05-27 07:21:58,353][kfold_wrapper.log_eval_metrics] Accuracy(layer_7 - estimator_2 - 12_folds.train_1.predict)=43.07%
[ 2020-05-27 07:21:58,559][kfold_wrapper.log_eval_metrics] Accuracy(layer_7 - estimator_2 - 12_folds.train_2.predict)=43.80%
[ 2020-05-27 07:21:58,771][kfold_wrapper.log_eval_metrics] Accuracy(layer_7 - estimator_2 - 12_folds.train_3.predict)=42.34%
[ 2020-05-27 07:21:58,983][kfold_wrapper.log_eval_metrics] Accuracy(layer_7 - estimator_2 - 12_folds.train_4.predict)=42.34%
[ 2020-05-27 07:21:59,192][kfold_wrapper.log_eval_metrics] Accuracy(layer_7 - estimator_2 - 12_folds.train_5.predict)=41.03%
[ 2020-05-27 07:21:59,399][kfold_wrapper.log_eval_metrics] Accuracy(layer_7 - estimator_2 - 12_folds.train_6.predict)=41.76%
[ 2020-05-27 07:21:59,606][kfold_wrapper.log_eval_metrics] Accuracy(layer_7 - estimator_2 - 12_folds.train_7.predict)=38.46%
[ 2020-05-27 07:21:59,811][kfold_wrapper.log_eval_metrics] Accuracy(layer_7 - estimator_2 - 12_folds.train_8.predict)=45.05%
[ 2020-05-27 07:22:00,025][kfold_wrapper.log_eval_metrics] Accuracy(layer_7 - estimator_2 - 12_folds.train_9.predict)=37.36%
[ 2020-05-27 07:22:00,234][kfold_wrapper.log_eval_metrics] Accuracy(layer_7 - estimator_2 - 12_folds.train_10.predict)=43.59%
[ 2020-05-27 07:22:00,447][kfold_wrapper.log_eval_metrics] Accuracy(layer_7 - estimator_2 - 12_folds.train_11.predict)=39.93%
[ 2020-05-27 07:22:00,448][kfold_wrapper.log_eval_metrics] Accuracy(layer_7 - estimator_2 - 12_folds.train_cv.predict)=41.63%
[ 2020-05-27 07:22:00,449][kfold_wrapper.log_eval_metrics] Accuracy(layer_7 - estimator_2 - 12_folds.test.predict)=42.74%
[ 2020-05-27 07:22:00,450][cascade_classifier.calc_accuracy] Accuracy(layer_7 - train.classifier_average)=40.17%
[ 2020-05-27 07:22:00,451][cascade_classifier.calc_accuracy] Accuracy(layer_7 - test.classifier_average)=42.74%
[ 2020-05-27 07:22:00,453][cascade_classifier.fit_transform] [layer=8] look_indexs=[0], X_cur_train.shape=(3281, 14), X_cur_test.shape=(365, 14)
[ 2020-05-27 07:22:00,675][kfold_wrapper.log_eval_metrics] Accuracy(layer_8 - estimator_0 - 12_folds.train_0.predict)=36.50%
[ 2020-05-27 07:22:01,027][kfold_wrapper.log_eval_metrics] Accuracy(layer_8 - estimator_0 - 12_folds.train_1.predict)=43.07%
[ 2020-05-27 07:22:01,385][kfold_wrapper.log_eval_metrics] Accuracy(layer_8 - estimator_0 - 12_folds.train_2.predict)=38.32%
[ 2020-05-27 07:22:01,742][kfold_wrapper.log_eval_metrics] Accuracy(layer_8 - estimator_0 - 12_folds.train_3.predict)=37.23%
[ 2020-05-27 07:22:02,097][kfold_wrapper.log_eval_metrics] Accuracy(layer_8 - estimator_0 - 12_folds.train_4.predict)=35.40%
[ 2020-05-27 07:22:02,460][kfold_wrapper.log_eval_metrics] Accuracy(layer_8 - estimator_0 - 12_folds.train_5.predict)=42.49%
[ 2020-05-27 07:22:02,801][kfold_wrapper.log_eval_metrics] Accuracy(layer_8 - estimator_0 - 12_folds.train_6.predict)=39.56%
[ 2020-05-27 07:22:03,156][kfold_wrapper.log_eval_metrics] Accuracy(layer_8 - estimator_0 - 12_folds.train_7.predict)=37.36%
[ 2020-05-27 07:22:03,516][kfold_wrapper.log_eval_metrics] Accuracy(layer_8 - estimator_0 - 12_folds.train_8.predict)=38.10%
[ 2020-05-27 07:22:03,882][kfold_wrapper.log_eval_metrics] Accuracy(layer_8 - estimator_0 - 12_folds.train_9.predict)=37.73%
[ 2020-05-27 07:22:04,238][kfold_wrapper.log_eval_metrics] Accuracy(layer_8 - estimator_0 - 12_folds.train_10.predict)=35.90%
[ 2020-05-27 07:22:04,598][kfold_wrapper.log_eval_metrics] Accuracy(layer_8 - estimator_0 - 12_folds.train_11.predict)=37.00%
[ 2020-05-27 07:22:04,722][kfold_wrapper.log_eval_metrics] Accuracy(layer_8 - estimator_0 - 12_folds.train_cv.predict)=38.22%
[ 2020-05-27 07:22:04,725][kfold_wrapper.log_eval_metrics] Accuracy(layer_8 - estimator_0 - 12_folds.test.predict)=35.89%
[ 2020-05-27 07:22:04,963][kfold_wrapper.log_eval_metrics] Accuracy(layer_8 - estimator_1 - 12_folds.train_0.predict)=37.59%
[ 2020-05-27 07:22:05,327][kfold_wrapper.log_eval_metrics] Accuracy(layer_8 - estimator_1 - 12_folds.train_1.predict)=39.05%
[ 2020-05-27 07:22:05,659][kfold_wrapper.log_eval_metrics] Accuracy(layer_8 - estimator_1 - 12_folds.train_2.predict)=37.23%
[ 2020-05-27 07:22:06,019][kfold_wrapper.log_eval_metrics] Accuracy(layer_8 - estimator_1 - 12_folds.train_3.predict)=39.05%
[ 2020-05-27 07:22:06,361][kfold_wrapper.log_eval_metrics] Accuracy(layer_8 - estimator_1 - 12_folds.train_4.predict)=34.67%
[ 2020-05-27 07:22:06,706][kfold_wrapper.log_eval_metrics] Accuracy(layer_8 - estimator_1 - 12_folds.train_5.predict)=40.29%
[ 2020-05-27 07:22:07,060][kfold_wrapper.log_eval_metrics] Accuracy(layer_8 - estimator_1 - 12_folds.train_6.predict)=38.83%
[ 2020-05-27 07:22:07,419][kfold_wrapper.log_eval_metrics] Accuracy(layer_8 - estimator_1 - 12_folds.train_7.predict)=39.19%
[ 2020-05-27 07:22:07,771][kfold_wrapper.log_eval_metrics] Accuracy(layer_8 - estimator_1 - 12_folds.train_8.predict)=37.73%
[ 2020-05-27 07:22:08,131][kfold_wrapper.log_eval_metrics] Accuracy(layer_8 - estimator_1 - 12_folds.train_9.predict)=33.33%
[ 2020-05-27 07:22:08,479][kfold_wrapper.log_eval_metrics] Accuracy(layer_8 - estimator_1 - 12_folds.train_10.predict)=37.36%
[ 2020-05-27 07:22:08,832][kfold_wrapper.log_eval_metrics] Accuracy(layer_8 - estimator_1 - 12_folds.train_11.predict)=36.63%
[ 2020-05-27 07:22:08,951][kfold_wrapper.log_eval_metrics] Accuracy(layer_8 - estimator_1 - 12_folds.train_cv.predict)=37.58%
[ 2020-05-27 07:22:08,952][kfold_wrapper.log_eval_metrics] Accuracy(layer_8 - estimator_1 - 12_folds.test.predict)=36.71%
[ 2020-05-27 07:22:09,203][kfold_wrapper.log_eval_metrics] Accuracy(layer_8 - estimator_2 - 12_folds.train_0.predict)=46.35%
[ 2020-05-27 07:22:09,453][kfold_wrapper.log_eval_metrics] Accuracy(layer_8 - estimator_2 - 12_folds.train_1.predict)=35.77%
[ 2020-05-27 07:22:09,702][kfold_wrapper.log_eval_metrics] Accuracy(layer_8 - estimator_2 - 12_folds.train_2.predict)=36.50%
[ 2020-05-27 07:22:09,951][kfold_wrapper.log_eval_metrics] Accuracy(layer_8 - estimator_2 - 12_folds.train_3.predict)=40.88%
[ 2020-05-27 07:22:10,201][kfold_wrapper.log_eval_metrics] Accuracy(layer_8 - estimator_2 - 12_folds.train_4.predict)=39.78%
[ 2020-05-27 07:22:10,447][kfold_wrapper.log_eval_metrics] Accuracy(layer_8 - estimator_2 - 12_folds.train_5.predict)=45.42%
[ 2020-05-27 07:22:10,696][kfold_wrapper.log_eval_metrics] Accuracy(layer_8 - estimator_2 - 12_folds.train_6.predict)=43.22%
[ 2020-05-27 07:22:10,946][kfold_wrapper.log_eval_metrics] Accuracy(layer_8 - estimator_2 - 12_folds.train_7.predict)=42.12%
[ 2020-05-27 07:22:11,203][kfold_wrapper.log_eval_metrics] Accuracy(layer_8 - estimator_2 - 12_folds.train_8.predict)=44.32%
[ 2020-05-27 07:22:11,444][kfold_wrapper.log_eval_metrics] Accuracy(layer_8 - estimator_2 - 12_folds.train_9.predict)=48.35%
[ 2020-05-27 07:22:11,688][kfold_wrapper.log_eval_metrics] Accuracy(layer_8 - estimator_2 - 12_folds.train_10.predict)=46.89%
[ 2020-05-27 07:22:11,929][kfold_wrapper.log_eval_metrics] Accuracy(layer_8 - estimator_2 - 12_folds.train_11.predict)=38.83%
[ 2020-05-27 07:22:11,932][kfold_wrapper.log_eval_metrics] Accuracy(layer_8 - estimator_2 - 12_folds.train_cv.predict)=42.37%
[ 2020-05-27 07:22:11,933][kfold_wrapper.log_eval_metrics] Accuracy(layer_8 - estimator_2 - 12_folds.test.predict)=42.19%
[ 2020-05-27 07:22:11,934][cascade_classifier.calc_accuracy] Accuracy(layer_8 - train.classifier_average)=40.11%
[ 2020-05-27 07:22:11,936][cascade_classifier.calc_accuracy] Accuracy(layer_8 - test.classifier_average)=39.45%
[ 2020-05-27 07:22:11,936][cascade_classifier.fit_transform] [Result][Optimal Level Detected] opt_layer_num=5, accuracy_train=42.55%, accuracy_test=42.74%
[ 2020-05-27 07:22:12,020][cascade_classifier.transform] X_groups_test.shape=[(94, 5)]
[ 2020-05-27 07:22:12,020][cascade_classifier.transform] group_dims=[5]
[ 2020-05-27 07:22:12,021][cascade_classifier.transform] X_test.shape=(94, 5)
[ 2020-05-27 07:22:12,022][cascade_classifier.transform] [layer=0] look_indexs=[0], X_cur_test.shape=(94, 5)
[ 2020-05-27 07:22:14,665][cascade_classifier.transform] [layer=1] look_indexs=[0], X_cur_test.shape=(94, 14)
[ 2020-05-27 07:22:17,342][cascade_classifier.transform] [layer=2] look_indexs=[0], X_cur_test.shape=(94, 14)
[ 2020-05-27 07:22:19,996][cascade_classifier.transform] [layer=3] look_indexs=[0], X_cur_test.shape=(94, 14)
[ 2020-05-27 07:22:22,658][cascade_classifier.transform] [layer=4] look_indexs=[0], X_cur_test.shape=(94, 14)
[ 2020-05-27 07:23:02,243][cascade_classifier.fit_transform] X_groups_train.shape=[(1093, 5)],y_train.shape=(1093,),X_groups_test.shape=[(122, 5)],y_test.shape=(122,)
[ 2020-05-27 07:23:02,243][cascade_classifier.fit_transform] group_dims=[5]
[ 2020-05-27 07:23:02,244][cascade_classifier.fit_transform] group_starts=[0]
[ 2020-05-27 07:23:02,244][cascade_classifier.fit_transform] group_ends=[5]
[ 2020-05-27 07:23:02,245][cascade_classifier.fit_transform] X_train.shape=(1093, 5),X_test.shape=(122, 5)
[ 2020-05-27 07:23:02,246][cascade_classifier.fit_transform] [layer=0] look_indexs=[0], X_cur_train.shape=(1093, 5), X_cur_test.shape=(122, 5)
[ 2020-05-27 07:23:02,959][kfold_wrapper.log_eval_metrics] Accuracy(layer_0 - estimator_0 - 5_folds.train_0.predict)=41.55%
[ 2020-05-27 07:23:02,980][kfold_wrapper.log_eval_metrics] Accuracy(layer_0 - estimator_0 - 5_folds.train_1.predict)=33.33%
[ 2020-05-27 07:23:03,002][kfold_wrapper.log_eval_metrics] Accuracy(layer_0 - estimator_0 - 5_folds.train_2.predict)=41.10%
[ 2020-05-27 07:23:03,023][kfold_wrapper.log_eval_metrics] Accuracy(layer_0 - estimator_0 - 5_folds.train_3.predict)=36.24%
[ 2020-05-27 07:23:03,044][kfold_wrapper.log_eval_metrics] Accuracy(layer_0 - estimator_0 - 5_folds.train_4.predict)=38.07%
[ 2020-05-27 07:23:03,046][kfold_wrapper.log_eval_metrics] Accuracy(layer_0 - estimator_0 - 5_folds.train_cv.predict)=38.06%
[ 2020-05-27 07:23:03,047][kfold_wrapper.log_eval_metrics] Accuracy(layer_0 - estimator_0 - 5_folds.test.predict)=43.44%
[ 2020-05-27 07:23:03,267][kfold_wrapper.log_eval_metrics] Accuracy(layer_0 - estimator_1 - 12_folds.train_0.predict)=38.04%
[ 2020-05-27 07:23:03,622][kfold_wrapper.log_eval_metrics] Accuracy(layer_0 - estimator_1 - 12_folds.train_1.predict)=32.97%
[ 2020-05-27 07:23:03,952][kfold_wrapper.log_eval_metrics] Accuracy(layer_0 - estimator_1 - 12_folds.train_2.predict)=31.87%
[ 2020-05-27 07:23:04,306][kfold_wrapper.log_eval_metrics] Accuracy(layer_0 - estimator_1 - 12_folds.train_3.predict)=38.46%
[ 2020-05-27 07:23:04,666][kfold_wrapper.log_eval_metrics] Accuracy(layer_0 - estimator_1 - 12_folds.train_4.predict)=45.05%
[ 2020-05-27 07:23:05,021][kfold_wrapper.log_eval_metrics] Accuracy(layer_0 - estimator_1 - 12_folds.train_5.predict)=29.67%
[ 2020-05-27 07:23:05,369][kfold_wrapper.log_eval_metrics] Accuracy(layer_0 - estimator_1 - 12_folds.train_6.predict)=37.36%
[ 2020-05-27 07:23:05,705][kfold_wrapper.log_eval_metrics] Accuracy(layer_0 - estimator_1 - 12_folds.train_7.predict)=41.76%
[ 2020-05-27 07:23:06,052][kfold_wrapper.log_eval_metrics] Accuracy(layer_0 - estimator_1 - 12_folds.train_8.predict)=32.97%
[ 2020-05-27 07:23:06,402][kfold_wrapper.log_eval_metrics] Accuracy(layer_0 - estimator_1 - 12_folds.train_9.predict)=31.87%
[ 2020-05-27 07:23:06,751][kfold_wrapper.log_eval_metrics] Accuracy(layer_0 - estimator_1 - 12_folds.train_10.predict)=37.36%
[ 2020-05-27 07:23:07,083][kfold_wrapper.log_eval_metrics] Accuracy(layer_0 - estimator_1 - 12_folds.train_11.predict)=30.77%
[ 2020-05-27 07:23:07,200][kfold_wrapper.log_eval_metrics] Accuracy(layer_0 - estimator_1 - 12_folds.train_cv.predict)=35.68%
[ 2020-05-27 07:23:07,204][kfold_wrapper.log_eval_metrics] Accuracy(layer_0 - estimator_1 - 12_folds.test.predict)=38.52%
[ 2020-05-27 07:23:07,452][kfold_wrapper.log_eval_metrics] Accuracy(layer_0 - estimator_2 - 12_folds.train_0.predict)=36.96%
[ 2020-05-27 07:23:07,809][kfold_wrapper.log_eval_metrics] Accuracy(layer_0 - estimator_2 - 12_folds.train_1.predict)=38.46%
[ 2020-05-27 07:23:08,152][kfold_wrapper.log_eval_metrics] Accuracy(layer_0 - estimator_2 - 12_folds.train_2.predict)=37.36%
[ 2020-05-27 07:23:08,495][kfold_wrapper.log_eval_metrics] Accuracy(layer_0 - estimator_2 - 12_folds.train_3.predict)=29.67%
[ 2020-05-27 07:23:08,839][kfold_wrapper.log_eval_metrics] Accuracy(layer_0 - estimator_2 - 12_folds.train_4.predict)=30.77%
[ 2020-05-27 07:23:09,189][kfold_wrapper.log_eval_metrics] Accuracy(layer_0 - estimator_2 - 12_folds.train_5.predict)=41.76%
[ 2020-05-27 07:23:09,527][kfold_wrapper.log_eval_metrics] Accuracy(layer_0 - estimator_2 - 12_folds.train_6.predict)=34.07%
[ 2020-05-27 07:23:09,864][kfold_wrapper.log_eval_metrics] Accuracy(layer_0 - estimator_2 - 12_folds.train_7.predict)=30.77%
[ 2020-05-27 07:23:10,221][kfold_wrapper.log_eval_metrics] Accuracy(layer_0 - estimator_2 - 12_folds.train_8.predict)=40.66%
[ 2020-05-27 07:23:10,556][kfold_wrapper.log_eval_metrics] Accuracy(layer_0 - estimator_2 - 12_folds.train_9.predict)=34.07%
[ 2020-05-27 07:23:10,902][kfold_wrapper.log_eval_metrics] Accuracy(layer_0 - estimator_2 - 12_folds.train_10.predict)=32.97%
[ 2020-05-27 07:23:11,262][kfold_wrapper.log_eval_metrics] Accuracy(layer_0 - estimator_2 - 12_folds.train_11.predict)=34.07%
[ 2020-05-27 07:23:11,379][kfold_wrapper.log_eval_metrics] Accuracy(layer_0 - estimator_2 - 12_folds.train_cv.predict)=35.13%
[ 2020-05-27 07:23:11,382][kfold_wrapper.log_eval_metrics] Accuracy(layer_0 - estimator_2 - 12_folds.test.predict)=36.89%
[ 2020-05-27 07:23:11,428][kfold_wrapper.log_eval_metrics] Accuracy(layer_0 - estimator_3 - 12_folds.train_0.predict)=43.48%
[ 2020-05-27 07:23:11,447][kfold_wrapper.log_eval_metrics] Accuracy(layer_0 - estimator_3 - 12_folds.train_1.predict)=45.05%
[ 2020-05-27 07:23:11,461][kfold_wrapper.log_eval_metrics] Accuracy(layer_0 - estimator_3 - 12_folds.train_2.predict)=42.86%
[ 2020-05-27 07:23:11,475][kfold_wrapper.log_eval_metrics] Accuracy(layer_0 - estimator_3 - 12_folds.train_3.predict)=47.25%
[ 2020-05-27 07:23:11,489][kfold_wrapper.log_eval_metrics] Accuracy(layer_0 - estimator_3 - 12_folds.train_4.predict)=42.86%
[ 2020-05-27 07:23:11,503][kfold_wrapper.log_eval_metrics] Accuracy(layer_0 - estimator_3 - 12_folds.train_5.predict)=47.25%
[ 2020-05-27 07:23:11,515][kfold_wrapper.log_eval_metrics] Accuracy(layer_0 - estimator_3 - 12_folds.train_6.predict)=37.36%
[ 2020-05-27 07:23:11,529][kfold_wrapper.log_eval_metrics] Accuracy(layer_0 - estimator_3 - 12_folds.train_7.predict)=40.66%
[ 2020-05-27 07:23:11,543][kfold_wrapper.log_eval_metrics] Accuracy(layer_0 - estimator_3 - 12_folds.train_8.predict)=38.46%
[ 2020-05-27 07:23:11,557][kfold_wrapper.log_eval_metrics] Accuracy(layer_0 - estimator_3 - 12_folds.train_9.predict)=46.15%
[ 2020-05-27 07:23:11,572][kfold_wrapper.log_eval_metrics] Accuracy(layer_0 - estimator_3 - 12_folds.train_10.predict)=43.96%
[ 2020-05-27 07:23:11,586][kfold_wrapper.log_eval_metrics] Accuracy(layer_0 - estimator_3 - 12_folds.train_11.predict)=42.86%
[ 2020-05-27 07:23:11,587][kfold_wrapper.log_eval_metrics] Accuracy(layer_0 - estimator_3 - 12_folds.train_cv.predict)=43.18%
[ 2020-05-27 07:23:11,587][kfold_wrapper.log_eval_metrics] Accuracy(layer_0 - estimator_3 - 12_folds.test.predict)=43.44%
[ 2020-05-27 07:23:11,588][cascade_classifier.calc_accuracy] Accuracy(layer_0 - train.classifier_average)=37.79%
[ 2020-05-27 07:23:11,589][cascade_classifier.calc_accuracy] Accuracy(layer_0 - test.classifier_average)=40.98%
[ 2020-05-27 07:23:11,589][cascade_classifier.fit_transform] [layer=1] look_indexs=[0], X_cur_train.shape=(1093, 17), X_cur_test.shape=(122, 17)
[ 2020-05-27 07:23:11,615][kfold_wrapper.log_eval_metrics] Accuracy(layer_1 - estimator_0 - 5_folds.train_0.predict)=38.81%
[ 2020-05-27 07:23:11,641][kfold_wrapper.log_eval_metrics] Accuracy(layer_1 - estimator_0 - 5_folds.train_1.predict)=39.73%
[ 2020-05-27 07:23:11,667][kfold_wrapper.log_eval_metrics] Accuracy(layer_1 - estimator_0 - 5_folds.train_2.predict)=45.66%
[ 2020-05-27 07:23:11,692][kfold_wrapper.log_eval_metrics] Accuracy(layer_1 - estimator_0 - 5_folds.train_3.predict)=42.20%
[ 2020-05-27 07:23:11,718][kfold_wrapper.log_eval_metrics] Accuracy(layer_1 - estimator_0 - 5_folds.train_4.predict)=45.41%
[ 2020-05-27 07:23:11,721][kfold_wrapper.log_eval_metrics] Accuracy(layer_1 - estimator_0 - 5_folds.train_cv.predict)=42.36%
[ 2020-05-27 07:23:11,722][kfold_wrapper.log_eval_metrics] Accuracy(layer_1 - estimator_0 - 5_folds.test.predict)=41.80%
[ 2020-05-27 07:23:11,942][kfold_wrapper.log_eval_metrics] Accuracy(layer_1 - estimator_1 - 12_folds.train_0.predict)=43.48%
[ 2020-05-27 07:23:12,297][kfold_wrapper.log_eval_metrics] Accuracy(layer_1 - estimator_1 - 12_folds.train_1.predict)=34.07%
[ 2020-05-27 07:23:12,652][kfold_wrapper.log_eval_metrics] Accuracy(layer_1 - estimator_1 - 12_folds.train_2.predict)=43.96%
[ 2020-05-27 07:23:12,996][kfold_wrapper.log_eval_metrics] Accuracy(layer_1 - estimator_1 - 12_folds.train_3.predict)=51.65%
[ 2020-05-27 07:23:13,339][kfold_wrapper.log_eval_metrics] Accuracy(layer_1 - estimator_1 - 12_folds.train_4.predict)=37.36%
[ 2020-05-27 07:23:13,690][kfold_wrapper.log_eval_metrics] Accuracy(layer_1 - estimator_1 - 12_folds.train_5.predict)=46.15%
[ 2020-05-27 07:23:14,020][kfold_wrapper.log_eval_metrics] Accuracy(layer_1 - estimator_1 - 12_folds.train_6.predict)=37.36%
[ 2020-05-27 07:23:14,366][kfold_wrapper.log_eval_metrics] Accuracy(layer_1 - estimator_1 - 12_folds.train_7.predict)=46.15%
[ 2020-05-27 07:23:14,725][kfold_wrapper.log_eval_metrics] Accuracy(layer_1 - estimator_1 - 12_folds.train_8.predict)=41.76%
[ 2020-05-27 07:23:15,083][kfold_wrapper.log_eval_metrics] Accuracy(layer_1 - estimator_1 - 12_folds.train_9.predict)=38.46%
[ 2020-05-27 07:23:15,432][kfold_wrapper.log_eval_metrics] Accuracy(layer_1 - estimator_1 - 12_folds.train_10.predict)=42.86%
[ 2020-05-27 07:23:15,790][kfold_wrapper.log_eval_metrics] Accuracy(layer_1 - estimator_1 - 12_folds.train_11.predict)=41.76%
[ 2020-05-27 07:23:15,907][kfold_wrapper.log_eval_metrics] Accuracy(layer_1 - estimator_1 - 12_folds.train_cv.predict)=42.09%
[ 2020-05-27 07:23:15,910][kfold_wrapper.log_eval_metrics] Accuracy(layer_1 - estimator_1 - 12_folds.test.predict)=39.34%
[ 2020-05-27 07:23:16,150][kfold_wrapper.log_eval_metrics] Accuracy(layer_1 - estimator_2 - 12_folds.train_0.predict)=39.13%
[ 2020-05-27 07:23:16,499][kfold_wrapper.log_eval_metrics] Accuracy(layer_1 - estimator_2 - 12_folds.train_1.predict)=36.26%
[ 2020-05-27 07:23:16,842][kfold_wrapper.log_eval_metrics] Accuracy(layer_1 - estimator_2 - 12_folds.train_2.predict)=47.25%
[ 2020-05-27 07:23:17,195][kfold_wrapper.log_eval_metrics] Accuracy(layer_1 - estimator_2 - 12_folds.train_3.predict)=40.66%
[ 2020-05-27 07:23:17,548][kfold_wrapper.log_eval_metrics] Accuracy(layer_1 - estimator_2 - 12_folds.train_4.predict)=43.96%
[ 2020-05-27 07:23:17,900][kfold_wrapper.log_eval_metrics] Accuracy(layer_1 - estimator_2 - 12_folds.train_5.predict)=50.55%
[ 2020-05-27 07:23:18,247][kfold_wrapper.log_eval_metrics] Accuracy(layer_1 - estimator_2 - 12_folds.train_6.predict)=43.96%
[ 2020-05-27 07:23:18,607][kfold_wrapper.log_eval_metrics] Accuracy(layer_1 - estimator_2 - 12_folds.train_7.predict)=32.97%
[ 2020-05-27 07:23:18,939][kfold_wrapper.log_eval_metrics] Accuracy(layer_1 - estimator_2 - 12_folds.train_8.predict)=51.65%
[ 2020-05-27 07:23:19,270][kfold_wrapper.log_eval_metrics] Accuracy(layer_1 - estimator_2 - 12_folds.train_9.predict)=36.26%
[ 2020-05-27 07:23:19,625][kfold_wrapper.log_eval_metrics] Accuracy(layer_1 - estimator_2 - 12_folds.train_10.predict)=43.96%
[ 2020-05-27 07:23:19,981][kfold_wrapper.log_eval_metrics] Accuracy(layer_1 - estimator_2 - 12_folds.train_11.predict)=39.56%
[ 2020-05-27 07:23:20,099][kfold_wrapper.log_eval_metrics] Accuracy(layer_1 - estimator_2 - 12_folds.train_cv.predict)=42.18%
[ 2020-05-27 07:23:20,102][kfold_wrapper.log_eval_metrics] Accuracy(layer_1 - estimator_2 - 12_folds.test.predict)=43.44%
[ 2020-05-27 07:23:20,190][kfold_wrapper.log_eval_metrics] Accuracy(layer_1 - estimator_3 - 12_folds.train_0.predict)=39.13%
[ 2020-05-27 07:23:20,229][kfold_wrapper.log_eval_metrics] Accuracy(layer_1 - estimator_3 - 12_folds.train_1.predict)=46.15%
[ 2020-05-27 07:23:20,270][kfold_wrapper.log_eval_metrics] Accuracy(layer_1 - estimator_3 - 12_folds.train_2.predict)=49.45%
[ 2020-05-27 07:23:20,313][kfold_wrapper.log_eval_metrics] Accuracy(layer_1 - estimator_3 - 12_folds.train_3.predict)=56.04%
[ 2020-05-27 07:23:20,354][kfold_wrapper.log_eval_metrics] Accuracy(layer_1 - estimator_3 - 12_folds.train_4.predict)=50.55%
[ 2020-05-27 07:23:20,395][kfold_wrapper.log_eval_metrics] Accuracy(layer_1 - estimator_3 - 12_folds.train_5.predict)=32.97%
[ 2020-05-27 07:23:20,436][kfold_wrapper.log_eval_metrics] Accuracy(layer_1 - estimator_3 - 12_folds.train_6.predict)=39.56%
[ 2020-05-27 07:23:20,477][kfold_wrapper.log_eval_metrics] Accuracy(layer_1 - estimator_3 - 12_folds.train_7.predict)=46.15%
[ 2020-05-27 07:23:20,519][kfold_wrapper.log_eval_metrics] Accuracy(layer_1 - estimator_3 - 12_folds.train_8.predict)=40.66%
[ 2020-05-27 07:23:20,562][kfold_wrapper.log_eval_metrics] Accuracy(layer_1 - estimator_3 - 12_folds.train_9.predict)=46.15%
[ 2020-05-27 07:23:20,604][kfold_wrapper.log_eval_metrics] Accuracy(layer_1 - estimator_3 - 12_folds.train_10.predict)=37.36%
[ 2020-05-27 07:23:20,646][kfold_wrapper.log_eval_metrics] Accuracy(layer_1 - estimator_3 - 12_folds.train_11.predict)=34.07%
[ 2020-05-27 07:23:20,647][kfold_wrapper.log_eval_metrics] Accuracy(layer_1 - estimator_3 - 12_folds.train_cv.predict)=43.18%
[ 2020-05-27 07:23:20,648][kfold_wrapper.log_eval_metrics] Accuracy(layer_1 - estimator_3 - 12_folds.test.predict)=43.44%
[ 2020-05-27 07:23:20,649][cascade_classifier.calc_accuracy] Accuracy(layer_1 - train.classifier_average)=44.46%
[ 2020-05-27 07:23:20,649][cascade_classifier.calc_accuracy] Accuracy(layer_1 - test.classifier_average)=43.44%
[ 2020-05-27 07:23:20,650][cascade_classifier.fit_transform] [layer=2] look_indexs=[0], X_cur_train.shape=(1093, 17), X_cur_test.shape=(122, 17)
[ 2020-05-27 07:23:20,677][kfold_wrapper.log_eval_metrics] Accuracy(layer_2 - estimator_0 - 5_folds.train_0.predict)=45.21%
[ 2020-05-27 07:23:20,705][kfold_wrapper.log_eval_metrics] Accuracy(layer_2 - estimator_0 - 5_folds.train_1.predict)=39.73%
[ 2020-05-27 07:23:20,729][kfold_wrapper.log_eval_metrics] Accuracy(layer_2 - estimator_0 - 5_folds.train_2.predict)=43.84%
[ 2020-05-27 07:23:20,756][kfold_wrapper.log_eval_metrics] Accuracy(layer_2 - estimator_0 - 5_folds.train_3.predict)=36.24%
[ 2020-05-27 07:23:20,781][kfold_wrapper.log_eval_metrics] Accuracy(layer_2 - estimator_0 - 5_folds.train_4.predict)=38.99%
[ 2020-05-27 07:23:20,784][kfold_wrapper.log_eval_metrics] Accuracy(layer_2 - estimator_0 - 5_folds.train_cv.predict)=40.81%
[ 2020-05-27 07:23:20,786][kfold_wrapper.log_eval_metrics] Accuracy(layer_2 - estimator_0 - 5_folds.test.predict)=44.26%
[ 2020-05-27 07:23:21,006][kfold_wrapper.log_eval_metrics] Accuracy(layer_2 - estimator_1 - 12_folds.train_0.predict)=35.87%
[ 2020-05-27 07:23:21,349][kfold_wrapper.log_eval_metrics] Accuracy(layer_2 - estimator_1 - 12_folds.train_1.predict)=36.26%
[ 2020-05-27 07:23:21,704][kfold_wrapper.log_eval_metrics] Accuracy(layer_2 - estimator_1 - 12_folds.train_2.predict)=46.15%
[ 2020-05-27 07:23:22,063][kfold_wrapper.log_eval_metrics] Accuracy(layer_2 - estimator_1 - 12_folds.train_3.predict)=41.76%
[ 2020-05-27 07:23:22,422][kfold_wrapper.log_eval_metrics] Accuracy(layer_2 - estimator_1 - 12_folds.train_4.predict)=35.16%
[ 2020-05-27 07:23:22,781][kfold_wrapper.log_eval_metrics] Accuracy(layer_2 - estimator_1 - 12_folds.train_5.predict)=39.56%
[ 2020-05-27 07:23:23,139][kfold_wrapper.log_eval_metrics] Accuracy(layer_2 - estimator_1 - 12_folds.train_6.predict)=31.87%
[ 2020-05-27 07:23:23,487][kfold_wrapper.log_eval_metrics] Accuracy(layer_2 - estimator_1 - 12_folds.train_7.predict)=50.55%
[ 2020-05-27 07:23:23,844][kfold_wrapper.log_eval_metrics] Accuracy(layer_2 - estimator_1 - 12_folds.train_8.predict)=53.85%
[ 2020-05-27 07:23:24,193][kfold_wrapper.log_eval_metrics] Accuracy(layer_2 - estimator_1 - 12_folds.train_9.predict)=36.26%
[ 2020-05-27 07:23:24,551][kfold_wrapper.log_eval_metrics] Accuracy(layer_2 - estimator_1 - 12_folds.train_10.predict)=32.97%
[ 2020-05-27 07:23:24,911][kfold_wrapper.log_eval_metrics] Accuracy(layer_2 - estimator_1 - 12_folds.train_11.predict)=39.56%
[ 2020-05-27 07:23:25,027][kfold_wrapper.log_eval_metrics] Accuracy(layer_2 - estimator_1 - 12_folds.train_cv.predict)=39.98%
[ 2020-05-27 07:23:25,029][kfold_wrapper.log_eval_metrics] Accuracy(layer_2 - estimator_1 - 12_folds.test.predict)=42.62%
[ 2020-05-27 07:23:25,265][kfold_wrapper.log_eval_metrics] Accuracy(layer_2 - estimator_2 - 12_folds.train_0.predict)=34.78%
[ 2020-05-27 07:23:25,615][kfold_wrapper.log_eval_metrics] Accuracy(layer_2 - estimator_2 - 12_folds.train_1.predict)=40.66%
[ 2020-05-27 07:23:25,950][kfold_wrapper.log_eval_metrics] Accuracy(layer_2 - estimator_2 - 12_folds.train_2.predict)=35.16%
[ 2020-05-27 07:23:26,306][kfold_wrapper.log_eval_metrics] Accuracy(layer_2 - estimator_2 - 12_folds.train_3.predict)=50.55%
[ 2020-05-27 07:23:26,655][kfold_wrapper.log_eval_metrics] Accuracy(layer_2 - estimator_2 - 12_folds.train_4.predict)=41.76%
[ 2020-05-27 07:23:27,010][kfold_wrapper.log_eval_metrics] Accuracy(layer_2 - estimator_2 - 12_folds.train_5.predict)=30.77%
[ 2020-05-27 07:23:27,348][kfold_wrapper.log_eval_metrics] Accuracy(layer_2 - estimator_2 - 12_folds.train_6.predict)=47.25%
[ 2020-05-27 07:23:27,693][kfold_wrapper.log_eval_metrics] Accuracy(layer_2 - estimator_2 - 12_folds.train_7.predict)=39.56%
[ 2020-05-27 07:23:28,021][kfold_wrapper.log_eval_metrics] Accuracy(layer_2 - estimator_2 - 12_folds.train_8.predict)=35.16%
[ 2020-05-27 07:23:28,365][kfold_wrapper.log_eval_metrics] Accuracy(layer_2 - estimator_2 - 12_folds.train_9.predict)=38.46%
[ 2020-05-27 07:23:28,703][kfold_wrapper.log_eval_metrics] Accuracy(layer_2 - estimator_2 - 12_folds.train_10.predict)=38.46%
[ 2020-05-27 07:23:29,034][kfold_wrapper.log_eval_metrics] Accuracy(layer_2 - estimator_2 - 12_folds.train_11.predict)=43.96%
[ 2020-05-27 07:23:29,147][kfold_wrapper.log_eval_metrics] Accuracy(layer_2 - estimator_2 - 12_folds.train_cv.predict)=39.71%
[ 2020-05-27 07:23:29,149][kfold_wrapper.log_eval_metrics] Accuracy(layer_2 - estimator_2 - 12_folds.test.predict)=45.90%
[ 2020-05-27 07:23:29,224][kfold_wrapper.log_eval_metrics] Accuracy(layer_2 - estimator_3 - 12_folds.train_0.predict)=47.83%
[ 2020-05-27 07:23:29,269][kfold_wrapper.log_eval_metrics] Accuracy(layer_2 - estimator_3 - 12_folds.train_1.predict)=49.45%
[ 2020-05-27 07:23:29,311][kfold_wrapper.log_eval_metrics] Accuracy(layer_2 - estimator_3 - 12_folds.train_2.predict)=45.05%
[ 2020-05-27 07:23:29,354][kfold_wrapper.log_eval_metrics] Accuracy(layer_2 - estimator_3 - 12_folds.train_3.predict)=36.26%
[ 2020-05-27 07:23:29,397][kfold_wrapper.log_eval_metrics] Accuracy(layer_2 - estimator_3 - 12_folds.train_4.predict)=50.55%
[ 2020-05-27 07:23:29,438][kfold_wrapper.log_eval_metrics] Accuracy(layer_2 - estimator_3 - 12_folds.train_5.predict)=51.65%
[ 2020-05-27 07:23:29,480][kfold_wrapper.log_eval_metrics] Accuracy(layer_2 - estimator_3 - 12_folds.train_6.predict)=51.65%
[ 2020-05-27 07:23:29,523][kfold_wrapper.log_eval_metrics] Accuracy(layer_2 - estimator_3 - 12_folds.train_7.predict)=47.25%
[ 2020-05-27 07:23:29,568][kfold_wrapper.log_eval_metrics] Accuracy(layer_2 - estimator_3 - 12_folds.train_8.predict)=40.66%
[ 2020-05-27 07:23:29,609][kfold_wrapper.log_eval_metrics] Accuracy(layer_2 - estimator_3 - 12_folds.train_9.predict)=35.16%
[ 2020-05-27 07:23:29,650][kfold_wrapper.log_eval_metrics] Accuracy(layer_2 - estimator_3 - 12_folds.train_10.predict)=39.56%
[ 2020-05-27 07:23:29,693][kfold_wrapper.log_eval_metrics] Accuracy(layer_2 - estimator_3 - 12_folds.train_11.predict)=47.25%
[ 2020-05-27 07:23:29,694][kfold_wrapper.log_eval_metrics] Accuracy(layer_2 - estimator_3 - 12_folds.train_cv.predict)=45.20%
[ 2020-05-27 07:23:29,694][kfold_wrapper.log_eval_metrics] Accuracy(layer_2 - estimator_3 - 12_folds.test.predict)=43.44%
[ 2020-05-27 07:23:29,695][cascade_classifier.calc_accuracy] Accuracy(layer_2 - train.classifier_average)=43.46%
[ 2020-05-27 07:23:29,696][cascade_classifier.calc_accuracy] Accuracy(layer_2 - test.classifier_average)=43.44%
[ 2020-05-27 07:23:29,697][cascade_classifier.fit_transform] [layer=3] look_indexs=[0], X_cur_train.shape=(1093, 17), X_cur_test.shape=(122, 17)
[ 2020-05-27 07:23:29,723][kfold_wrapper.log_eval_metrics] Accuracy(layer_3 - estimator_0 - 5_folds.train_0.predict)=42.92%
[ 2020-05-27 07:23:29,749][kfold_wrapper.log_eval_metrics] Accuracy(layer_3 - estimator_0 - 5_folds.train_1.predict)=40.18%
[ 2020-05-27 07:23:29,777][kfold_wrapper.log_eval_metrics] Accuracy(layer_3 - estimator_0 - 5_folds.train_2.predict)=44.75%
[ 2020-05-27 07:23:29,804][kfold_wrapper.log_eval_metrics] Accuracy(layer_3 - estimator_0 - 5_folds.train_3.predict)=41.74%
[ 2020-05-27 07:23:29,830][kfold_wrapper.log_eval_metrics] Accuracy(layer_3 - estimator_0 - 5_folds.train_4.predict)=41.28%
[ 2020-05-27 07:23:29,833][kfold_wrapper.log_eval_metrics] Accuracy(layer_3 - estimator_0 - 5_folds.train_cv.predict)=42.18%
[ 2020-05-27 07:23:29,834][kfold_wrapper.log_eval_metrics] Accuracy(layer_3 - estimator_0 - 5_folds.test.predict)=43.44%
[ 2020-05-27 07:23:30,054][kfold_wrapper.log_eval_metrics] Accuracy(layer_3 - estimator_1 - 12_folds.train_0.predict)=41.30%
[ 2020-05-27 07:23:30,387][kfold_wrapper.log_eval_metrics] Accuracy(layer_3 - estimator_1 - 12_folds.train_1.predict)=42.86%
[ 2020-05-27 07:23:30,722][kfold_wrapper.log_eval_metrics] Accuracy(layer_3 - estimator_1 - 12_folds.train_2.predict)=35.16%
[ 2020-05-27 07:23:31,074][kfold_wrapper.log_eval_metrics] Accuracy(layer_3 - estimator_1 - 12_folds.train_3.predict)=40.66%
[ 2020-05-27 07:23:31,403][kfold_wrapper.log_eval_metrics] Accuracy(layer_3 - estimator_1 - 12_folds.train_4.predict)=37.36%
[ 2020-05-27 07:23:31,772][kfold_wrapper.log_eval_metrics] Accuracy(layer_3 - estimator_1 - 12_folds.train_5.predict)=34.07%
[ 2020-05-27 07:23:32,126][kfold_wrapper.log_eval_metrics] Accuracy(layer_3 - estimator_1 - 12_folds.train_6.predict)=34.07%
[ 2020-05-27 07:23:32,455][kfold_wrapper.log_eval_metrics] Accuracy(layer_3 - estimator_1 - 12_folds.train_7.predict)=48.35%
[ 2020-05-27 07:23:32,804][kfold_wrapper.log_eval_metrics] Accuracy(layer_3 - estimator_1 - 12_folds.train_8.predict)=30.77%
[ 2020-05-27 07:23:33,132][kfold_wrapper.log_eval_metrics] Accuracy(layer_3 - estimator_1 - 12_folds.train_9.predict)=35.16%
[ 2020-05-27 07:23:33,479][kfold_wrapper.log_eval_metrics] Accuracy(layer_3 - estimator_1 - 12_folds.train_10.predict)=35.16%
[ 2020-05-27 07:23:33,825][kfold_wrapper.log_eval_metrics] Accuracy(layer_3 - estimator_1 - 12_folds.train_11.predict)=39.56%
[ 2020-05-27 07:23:33,936][kfold_wrapper.log_eval_metrics] Accuracy(layer_3 - estimator_1 - 12_folds.train_cv.predict)=37.88%
[ 2020-05-27 07:23:33,938][kfold_wrapper.log_eval_metrics] Accuracy(layer_3 - estimator_1 - 12_folds.test.predict)=40.16%
[ 2020-05-27 07:23:34,174][kfold_wrapper.log_eval_metrics] Accuracy(layer_3 - estimator_2 - 12_folds.train_0.predict)=36.96%
[ 2020-05-27 07:23:34,510][kfold_wrapper.log_eval_metrics] Accuracy(layer_3 - estimator_2 - 12_folds.train_1.predict)=42.86%
[ 2020-05-27 07:23:34,866][kfold_wrapper.log_eval_metrics] Accuracy(layer_3 - estimator_2 - 12_folds.train_2.predict)=46.15%
[ 2020-05-27 07:23:35,211][kfold_wrapper.log_eval_metrics] Accuracy(layer_3 - estimator_2 - 12_folds.train_3.predict)=37.36%
[ 2020-05-27 07:23:35,561][kfold_wrapper.log_eval_metrics] Accuracy(layer_3 - estimator_2 - 12_folds.train_4.predict)=36.26%
[ 2020-05-27 07:23:35,915][kfold_wrapper.log_eval_metrics] Accuracy(layer_3 - estimator_2 - 12_folds.train_5.predict)=41.76%
[ 2020-05-27 07:23:36,275][kfold_wrapper.log_eval_metrics] Accuracy(layer_3 - estimator_2 - 12_folds.train_6.predict)=37.36%
[ 2020-05-27 07:23:36,637][kfold_wrapper.log_eval_metrics] Accuracy(layer_3 - estimator_2 - 12_folds.train_7.predict)=30.77%
[ 2020-05-27 07:23:36,957][kfold_wrapper.log_eval_metrics] Accuracy(layer_3 - estimator_2 - 12_folds.train_8.predict)=46.15%
[ 2020-05-27 07:23:37,319][kfold_wrapper.log_eval_metrics] Accuracy(layer_3 - estimator_2 - 12_folds.train_9.predict)=42.86%
[ 2020-05-27 07:23:37,676][kfold_wrapper.log_eval_metrics] Accuracy(layer_3 - estimator_2 - 12_folds.train_10.predict)=35.16%
[ 2020-05-27 07:23:38,032][kfold_wrapper.log_eval_metrics] Accuracy(layer_3 - estimator_2 - 12_folds.train_11.predict)=43.96%
[ 2020-05-27 07:23:38,144][kfold_wrapper.log_eval_metrics] Accuracy(layer_3 - estimator_2 - 12_folds.train_cv.predict)=39.80%
[ 2020-05-27 07:23:38,147][kfold_wrapper.log_eval_metrics] Accuracy(layer_3 - estimator_2 - 12_folds.test.predict)=41.80%
[ 2020-05-27 07:23:38,224][kfold_wrapper.log_eval_metrics] Accuracy(layer_3 - estimator_3 - 12_folds.train_0.predict)=47.83%
[ 2020-05-27 07:23:38,267][kfold_wrapper.log_eval_metrics] Accuracy(layer_3 - estimator_3 - 12_folds.train_1.predict)=47.25%
[ 2020-05-27 07:23:38,312][kfold_wrapper.log_eval_metrics] Accuracy(layer_3 - estimator_3 - 12_folds.train_2.predict)=43.96%
[ 2020-05-27 07:23:38,357][kfold_wrapper.log_eval_metrics] Accuracy(layer_3 - estimator_3 - 12_folds.train_3.predict)=45.05%
[ 2020-05-27 07:23:38,401][kfold_wrapper.log_eval_metrics] Accuracy(layer_3 - estimator_3 - 12_folds.train_4.predict)=47.25%
[ 2020-05-27 07:23:38,446][kfold_wrapper.log_eval_metrics] Accuracy(layer_3 - estimator_3 - 12_folds.train_5.predict)=38.46%
[ 2020-05-27 07:23:38,489][kfold_wrapper.log_eval_metrics] Accuracy(layer_3 - estimator_3 - 12_folds.train_6.predict)=47.25%
[ 2020-05-27 07:23:38,534][kfold_wrapper.log_eval_metrics] Accuracy(layer_3 - estimator_3 - 12_folds.train_7.predict)=56.04%
[ 2020-05-27 07:23:38,577][kfold_wrapper.log_eval_metrics] Accuracy(layer_3 - estimator_3 - 12_folds.train_8.predict)=47.25%
[ 2020-05-27 07:23:38,622][kfold_wrapper.log_eval_metrics] Accuracy(layer_3 - estimator_3 - 12_folds.train_9.predict)=45.05%
[ 2020-05-27 07:23:38,667][kfold_wrapper.log_eval_metrics] Accuracy(layer_3 - estimator_3 - 12_folds.train_10.predict)=43.96%
[ 2020-05-27 07:23:38,710][kfold_wrapper.log_eval_metrics] Accuracy(layer_3 - estimator_3 - 12_folds.train_11.predict)=46.15%
[ 2020-05-27 07:23:38,711][kfold_wrapper.log_eval_metrics] Accuracy(layer_3 - estimator_3 - 12_folds.train_cv.predict)=46.29%
[ 2020-05-27 07:23:38,711][kfold_wrapper.log_eval_metrics] Accuracy(layer_3 - estimator_3 - 12_folds.test.predict)=43.44%
[ 2020-05-27 07:23:38,712][cascade_classifier.calc_accuracy] Accuracy(layer_3 - train.classifier_average)=43.09%
[ 2020-05-27 07:23:38,713][cascade_classifier.calc_accuracy] Accuracy(layer_3 - test.classifier_average)=42.62%
[ 2020-05-27 07:23:38,714][cascade_classifier.fit_transform] [layer=4] look_indexs=[0], X_cur_train.shape=(1093, 17), X_cur_test.shape=(122, 17)
[ 2020-05-27 07:23:38,740][kfold_wrapper.log_eval_metrics] Accuracy(layer_4 - estimator_0 - 5_folds.train_0.predict)=42.47%
[ 2020-05-27 07:23:38,767][kfold_wrapper.log_eval_metrics] Accuracy(layer_4 - estimator_0 - 5_folds.train_1.predict)=39.27%
[ 2020-05-27 07:23:38,793][kfold_wrapper.log_eval_metrics] Accuracy(layer_4 - estimator_0 - 5_folds.train_2.predict)=45.66%
[ 2020-05-27 07:23:38,820][kfold_wrapper.log_eval_metrics] Accuracy(layer_4 - estimator_0 - 5_folds.train_3.predict)=45.41%
[ 2020-05-27 07:23:38,847][kfold_wrapper.log_eval_metrics] Accuracy(layer_4 - estimator_0 - 5_folds.train_4.predict)=38.07%
[ 2020-05-27 07:23:38,850][kfold_wrapper.log_eval_metrics] Accuracy(layer_4 - estimator_0 - 5_folds.train_cv.predict)=42.18%
[ 2020-05-27 07:23:38,851][kfold_wrapper.log_eval_metrics] Accuracy(layer_4 - estimator_0 - 5_folds.test.predict)=42.62%
[ 2020-05-27 07:23:39,069][kfold_wrapper.log_eval_metrics] Accuracy(layer_4 - estimator_1 - 12_folds.train_0.predict)=42.39%
[ 2020-05-27 07:23:39,413][kfold_wrapper.log_eval_metrics] Accuracy(layer_4 - estimator_1 - 12_folds.train_1.predict)=41.76%
[ 2020-05-27 07:23:39,773][kfold_wrapper.log_eval_metrics] Accuracy(layer_4 - estimator_1 - 12_folds.train_2.predict)=38.46%
[ 2020-05-27 07:23:40,123][kfold_wrapper.log_eval_metrics] Accuracy(layer_4 - estimator_1 - 12_folds.train_3.predict)=37.36%
[ 2020-05-27 07:23:40,470][kfold_wrapper.log_eval_metrics] Accuracy(layer_4 - estimator_1 - 12_folds.train_4.predict)=41.76%
[ 2020-05-27 07:23:40,819][kfold_wrapper.log_eval_metrics] Accuracy(layer_4 - estimator_1 - 12_folds.train_5.predict)=39.56%
[ 2020-05-27 07:23:41,168][kfold_wrapper.log_eval_metrics] Accuracy(layer_4 - estimator_1 - 12_folds.train_6.predict)=40.66%
[ 2020-05-27 07:23:41,515][kfold_wrapper.log_eval_metrics] Accuracy(layer_4 - estimator_1 - 12_folds.train_7.predict)=36.26%
[ 2020-05-27 07:23:41,869][kfold_wrapper.log_eval_metrics] Accuracy(layer_4 - estimator_1 - 12_folds.train_8.predict)=48.35%
[ 2020-05-27 07:23:42,221][kfold_wrapper.log_eval_metrics] Accuracy(layer_4 - estimator_1 - 12_folds.train_9.predict)=43.96%
[ 2020-05-27 07:23:42,581][kfold_wrapper.log_eval_metrics] Accuracy(layer_4 - estimator_1 - 12_folds.train_10.predict)=39.56%
[ 2020-05-27 07:23:42,931][kfold_wrapper.log_eval_metrics] Accuracy(layer_4 - estimator_1 - 12_folds.train_11.predict)=41.76%
[ 2020-05-27 07:23:43,048][kfold_wrapper.log_eval_metrics] Accuracy(layer_4 - estimator_1 - 12_folds.train_cv.predict)=40.99%
[ 2020-05-27 07:23:43,051][kfold_wrapper.log_eval_metrics] Accuracy(layer_4 - estimator_1 - 12_folds.test.predict)=40.98%
[ 2020-05-27 07:23:43,290][kfold_wrapper.log_eval_metrics] Accuracy(layer_4 - estimator_2 - 12_folds.train_0.predict)=40.22%
[ 2020-05-27 07:23:43,648][kfold_wrapper.log_eval_metrics] Accuracy(layer_4 - estimator_2 - 12_folds.train_1.predict)=46.15%
[ 2020-05-27 07:23:43,996][kfold_wrapper.log_eval_metrics] Accuracy(layer_4 - estimator_2 - 12_folds.train_2.predict)=37.36%
[ 2020-05-27 07:23:44,346][kfold_wrapper.log_eval_metrics] Accuracy(layer_4 - estimator_2 - 12_folds.train_3.predict)=32.97%
[ 2020-05-27 07:23:44,704][kfold_wrapper.log_eval_metrics] Accuracy(layer_4 - estimator_2 - 12_folds.train_4.predict)=41.76%
[ 2020-05-27 07:23:45,042][kfold_wrapper.log_eval_metrics] Accuracy(layer_4 - estimator_2 - 12_folds.train_5.predict)=45.05%
[ 2020-05-27 07:23:45,390][kfold_wrapper.log_eval_metrics] Accuracy(layer_4 - estimator_2 - 12_folds.train_6.predict)=31.87%
[ 2020-05-27 07:23:45,741][kfold_wrapper.log_eval_metrics] Accuracy(layer_4 - estimator_2 - 12_folds.train_7.predict)=49.45%
[ 2020-05-27 07:23:46,094][kfold_wrapper.log_eval_metrics] Accuracy(layer_4 - estimator_2 - 12_folds.train_8.predict)=34.07%
[ 2020-05-27 07:23:46,444][kfold_wrapper.log_eval_metrics] Accuracy(layer_4 - estimator_2 - 12_folds.train_9.predict)=39.56%
[ 2020-05-27 07:23:46,803][kfold_wrapper.log_eval_metrics] Accuracy(layer_4 - estimator_2 - 12_folds.train_10.predict)=36.26%
[ 2020-05-27 07:23:47,140][kfold_wrapper.log_eval_metrics] Accuracy(layer_4 - estimator_2 - 12_folds.train_11.predict)=29.67%
[ 2020-05-27 07:23:47,262][kfold_wrapper.log_eval_metrics] Accuracy(layer_4 - estimator_2 - 12_folds.train_cv.predict)=38.70%
[ 2020-05-27 07:23:47,264][kfold_wrapper.log_eval_metrics] Accuracy(layer_4 - estimator_2 - 12_folds.test.predict)=43.44%
[ 2020-05-27 07:23:47,339][kfold_wrapper.log_eval_metrics] Accuracy(layer_4 - estimator_3 - 12_folds.train_0.predict)=42.39%
[ 2020-05-27 07:23:47,386][kfold_wrapper.log_eval_metrics] Accuracy(layer_4 - estimator_3 - 12_folds.train_1.predict)=43.96%
[ 2020-05-27 07:23:47,429][kfold_wrapper.log_eval_metrics] Accuracy(layer_4 - estimator_3 - 12_folds.train_2.predict)=45.05%
[ 2020-05-27 07:23:47,471][kfold_wrapper.log_eval_metrics] Accuracy(layer_4 - estimator_3 - 12_folds.train_3.predict)=45.05%
[ 2020-05-27 07:23:47,514][kfold_wrapper.log_eval_metrics] Accuracy(layer_4 - estimator_3 - 12_folds.train_4.predict)=50.55%
[ 2020-05-27 07:23:47,559][kfold_wrapper.log_eval_metrics] Accuracy(layer_4 - estimator_3 - 12_folds.train_5.predict)=45.05%
[ 2020-05-27 07:23:47,605][kfold_wrapper.log_eval_metrics] Accuracy(layer_4 - estimator_3 - 12_folds.train_6.predict)=29.67%
[ 2020-05-27 07:23:47,648][kfold_wrapper.log_eval_metrics] Accuracy(layer_4 - estimator_3 - 12_folds.train_7.predict)=34.07%
[ 2020-05-27 07:23:47,692][kfold_wrapper.log_eval_metrics] Accuracy(layer_4 - estimator_3 - 12_folds.train_8.predict)=40.66%
[ 2020-05-27 07:23:47,735][kfold_wrapper.log_eval_metrics] Accuracy(layer_4 - estimator_3 - 12_folds.train_9.predict)=41.76%
[ 2020-05-27 07:23:47,779][kfold_wrapper.log_eval_metrics] Accuracy(layer_4 - estimator_3 - 12_folds.train_10.predict)=40.66%
[ 2020-05-27 07:23:47,826][kfold_wrapper.log_eval_metrics] Accuracy(layer_4 - estimator_3 - 12_folds.train_11.predict)=40.66%
[ 2020-05-27 07:23:47,827][kfold_wrapper.log_eval_metrics] Accuracy(layer_4 - estimator_3 - 12_folds.train_cv.predict)=41.63%
[ 2020-05-27 07:23:47,827][kfold_wrapper.log_eval_metrics] Accuracy(layer_4 - estimator_3 - 12_folds.test.predict)=43.44%
[ 2020-05-27 07:23:47,828][cascade_classifier.calc_accuracy] Accuracy(layer_4 - train.classifier_average)=42.45%
[ 2020-05-27 07:23:47,829][cascade_classifier.calc_accuracy] Accuracy(layer_4 - test.classifier_average)=42.62%
[ 2020-05-27 07:23:47,830][cascade_classifier.fit_transform] [layer=5] look_indexs=[0], X_cur_train.shape=(1093, 17), X_cur_test.shape=(122, 17)
[ 2020-05-27 07:23:47,858][kfold_wrapper.log_eval_metrics] Accuracy(layer_5 - estimator_0 - 5_folds.train_0.predict)=41.10%
[ 2020-05-27 07:23:47,885][kfold_wrapper.log_eval_metrics] Accuracy(layer_5 - estimator_0 - 5_folds.train_1.predict)=44.75%
[ 2020-05-27 07:23:47,914][kfold_wrapper.log_eval_metrics] Accuracy(layer_5 - estimator_0 - 5_folds.train_2.predict)=36.07%
[ 2020-05-27 07:23:47,942][kfold_wrapper.log_eval_metrics] Accuracy(layer_5 - estimator_0 - 5_folds.train_3.predict)=39.45%
[ 2020-05-27 07:23:47,970][kfold_wrapper.log_eval_metrics] Accuracy(layer_5 - estimator_0 - 5_folds.train_4.predict)=35.78%
[ 2020-05-27 07:23:47,972][kfold_wrapper.log_eval_metrics] Accuracy(layer_5 - estimator_0 - 5_folds.train_cv.predict)=39.43%
[ 2020-05-27 07:23:47,974][kfold_wrapper.log_eval_metrics] Accuracy(layer_5 - estimator_0 - 5_folds.test.predict)=44.26%
[ 2020-05-27 07:23:48,194][kfold_wrapper.log_eval_metrics] Accuracy(layer_5 - estimator_1 - 12_folds.train_0.predict)=36.96%
[ 2020-05-27 07:23:48,545][kfold_wrapper.log_eval_metrics] Accuracy(layer_5 - estimator_1 - 12_folds.train_1.predict)=48.35%
[ 2020-05-27 07:23:48,892][kfold_wrapper.log_eval_metrics] Accuracy(layer_5 - estimator_1 - 12_folds.train_2.predict)=50.55%
[ 2020-05-27 07:23:49,243][kfold_wrapper.log_eval_metrics] Accuracy(layer_5 - estimator_1 - 12_folds.train_3.predict)=45.05%
[ 2020-05-27 07:23:49,587][kfold_wrapper.log_eval_metrics] Accuracy(layer_5 - estimator_1 - 12_folds.train_4.predict)=41.76%
[ 2020-05-27 07:23:49,937][kfold_wrapper.log_eval_metrics] Accuracy(layer_5 - estimator_1 - 12_folds.train_5.predict)=38.46%
[ 2020-05-27 07:23:50,291][kfold_wrapper.log_eval_metrics] Accuracy(layer_5 - estimator_1 - 12_folds.train_6.predict)=26.37%
[ 2020-05-27 07:23:50,650][kfold_wrapper.log_eval_metrics] Accuracy(layer_5 - estimator_1 - 12_folds.train_7.predict)=40.66%
[ 2020-05-27 07:23:50,995][kfold_wrapper.log_eval_metrics] Accuracy(layer_5 - estimator_1 - 12_folds.train_8.predict)=37.36%
[ 2020-05-27 07:23:51,343][kfold_wrapper.log_eval_metrics] Accuracy(layer_5 - estimator_1 - 12_folds.train_9.predict)=41.76%
[ 2020-05-27 07:23:51,698][kfold_wrapper.log_eval_metrics] Accuracy(layer_5 - estimator_1 - 12_folds.train_10.predict)=34.07%
[ 2020-05-27 07:23:52,040][kfold_wrapper.log_eval_metrics] Accuracy(layer_5 - estimator_1 - 12_folds.train_11.predict)=41.76%
[ 2020-05-27 07:23:52,152][kfold_wrapper.log_eval_metrics] Accuracy(layer_5 - estimator_1 - 12_folds.train_cv.predict)=40.26%
[ 2020-05-27 07:23:52,155][kfold_wrapper.log_eval_metrics] Accuracy(layer_5 - estimator_1 - 12_folds.test.predict)=44.26%
[ 2020-05-27 07:23:52,397][kfold_wrapper.log_eval_metrics] Accuracy(layer_5 - estimator_2 - 12_folds.train_0.predict)=40.22%
[ 2020-05-27 07:23:52,736][kfold_wrapper.log_eval_metrics] Accuracy(layer_5 - estimator_2 - 12_folds.train_1.predict)=41.76%
[ 2020-05-27 07:23:53,097][kfold_wrapper.log_eval_metrics] Accuracy(layer_5 - estimator_2 - 12_folds.train_2.predict)=38.46%
[ 2020-05-27 07:23:53,454][kfold_wrapper.log_eval_metrics] Accuracy(layer_5 - estimator_2 - 12_folds.train_3.predict)=42.86%
[ 2020-05-27 07:23:53,814][kfold_wrapper.log_eval_metrics] Accuracy(layer_5 - estimator_2 - 12_folds.train_4.predict)=34.07%
[ 2020-05-27 07:23:54,167][kfold_wrapper.log_eval_metrics] Accuracy(layer_5 - estimator_2 - 12_folds.train_5.predict)=36.26%
[ 2020-05-27 07:23:54,524][kfold_wrapper.log_eval_metrics] Accuracy(layer_5 - estimator_2 - 12_folds.train_6.predict)=43.96%
[ 2020-05-27 07:23:54,869][kfold_wrapper.log_eval_metrics] Accuracy(layer_5 - estimator_2 - 12_folds.train_7.predict)=41.76%
[ 2020-05-27 07:23:55,226][kfold_wrapper.log_eval_metrics] Accuracy(layer_5 - estimator_2 - 12_folds.train_8.predict)=31.87%
[ 2020-05-27 07:23:55,588][kfold_wrapper.log_eval_metrics] Accuracy(layer_5 - estimator_2 - 12_folds.train_9.predict)=35.16%
[ 2020-05-27 07:23:55,943][kfold_wrapper.log_eval_metrics] Accuracy(layer_5 - estimator_2 - 12_folds.train_10.predict)=36.26%
[ 2020-05-27 07:23:56,300][kfold_wrapper.log_eval_metrics] Accuracy(layer_5 - estimator_2 - 12_folds.train_11.predict)=36.26%
[ 2020-05-27 07:23:56,419][kfold_wrapper.log_eval_metrics] Accuracy(layer_5 - estimator_2 - 12_folds.train_cv.predict)=38.24%
[ 2020-05-27 07:23:56,422][kfold_wrapper.log_eval_metrics] Accuracy(layer_5 - estimator_2 - 12_folds.test.predict)=37.70%
[ 2020-05-27 07:23:56,517][kfold_wrapper.log_eval_metrics] Accuracy(layer_5 - estimator_3 - 12_folds.train_0.predict)=42.39%
[ 2020-05-27 07:23:56,564][kfold_wrapper.log_eval_metrics] Accuracy(layer_5 - estimator_3 - 12_folds.train_1.predict)=37.36%
[ 2020-05-27 07:23:56,610][kfold_wrapper.log_eval_metrics] Accuracy(layer_5 - estimator_3 - 12_folds.train_2.predict)=45.05%
[ 2020-05-27 07:23:56,656][kfold_wrapper.log_eval_metrics] Accuracy(layer_5 - estimator_3 - 12_folds.train_3.predict)=42.86%
[ 2020-05-27 07:23:56,699][kfold_wrapper.log_eval_metrics] Accuracy(layer_5 - estimator_3 - 12_folds.train_4.predict)=47.25%
[ 2020-05-27 07:23:56,744][kfold_wrapper.log_eval_metrics] Accuracy(layer_5 - estimator_3 - 12_folds.train_5.predict)=36.26%
[ 2020-05-27 07:23:56,791][kfold_wrapper.log_eval_metrics] Accuracy(layer_5 - estimator_3 - 12_folds.train_6.predict)=38.46%
[ 2020-05-27 07:23:56,838][kfold_wrapper.log_eval_metrics] Accuracy(layer_5 - estimator_3 - 12_folds.train_7.predict)=42.86%
[ 2020-05-27 07:23:56,882][kfold_wrapper.log_eval_metrics] Accuracy(layer_5 - estimator_3 - 12_folds.train_8.predict)=40.66%
[ 2020-05-27 07:23:56,927][kfold_wrapper.log_eval_metrics] Accuracy(layer_5 - estimator_3 - 12_folds.train_9.predict)=51.65%
[ 2020-05-27 07:23:56,972][kfold_wrapper.log_eval_metrics] Accuracy(layer_5 - estimator_3 - 12_folds.train_10.predict)=39.56%
[ 2020-05-27 07:23:57,017][kfold_wrapper.log_eval_metrics] Accuracy(layer_5 - estimator_3 - 12_folds.train_11.predict)=48.35%
[ 2020-05-27 07:23:57,018][kfold_wrapper.log_eval_metrics] Accuracy(layer_5 - estimator_3 - 12_folds.train_cv.predict)=42.73%
[ 2020-05-27 07:23:57,019][kfold_wrapper.log_eval_metrics] Accuracy(layer_5 - estimator_3 - 12_folds.test.predict)=43.44%
[ 2020-05-27 07:23:57,020][cascade_classifier.calc_accuracy] Accuracy(layer_5 - train.classifier_average)=40.99%
[ 2020-05-27 07:23:57,020][cascade_classifier.calc_accuracy] Accuracy(layer_5 - test.classifier_average)=42.62%
[ 2020-05-27 07:23:57,021][cascade_classifier.fit_transform] [Result][Optimal Level Detected] opt_layer_num=2, accuracy_train=44.46%, accuracy_test=43.44%
[ 2020-05-27 07:23:57,055][cascade_classifier.transform] X_groups_test.shape=[(242, 5)]
[ 2020-05-27 07:23:57,055][cascade_classifier.transform] group_dims=[5]
[ 2020-05-27 07:23:57,056][cascade_classifier.transform] X_test.shape=(242, 5)
[ 2020-05-27 07:23:57,057][cascade_classifier.transform] [layer=0] look_indexs=[0], X_cur_test.shape=(242, 5)
[ 2020-05-27 07:23:59,734][cascade_classifier.transform] [layer=1] look_indexs=[0], X_cur_test.shape=(242, 17)
[ 2020-05-27 07:24:02,796][cascade_classifier.fit_transform] X_groups_train.shape=[(1311, 5)],y_train.shape=(1311,),X_groups_test.shape=[(146, 5)],y_test.shape=(146,)
[ 2020-05-27 07:24:02,796][cascade_classifier.fit_transform] group_dims=[5]
[ 2020-05-27 07:24:02,797][cascade_classifier.fit_transform] group_starts=[0]
[ 2020-05-27 07:24:02,798][cascade_classifier.fit_transform] group_ends=[5]
[ 2020-05-27 07:24:02,798][cascade_classifier.fit_transform] X_train.shape=(1311, 5),X_test.shape=(146, 5)
[ 2020-05-27 07:24:02,799][cascade_classifier.fit_transform] [layer=0] look_indexs=[0], X_cur_train.shape=(1311, 5), X_cur_test.shape=(146, 5)
[ 2020-05-27 07:24:02,821][kfold_wrapper.log_eval_metrics] Accuracy(layer_0 - estimator_0 - 5_folds.train_0.predict)=36.12%
[ 2020-05-27 07:24:02,842][kfold_wrapper.log_eval_metrics] Accuracy(layer_0 - estimator_0 - 5_folds.train_1.predict)=41.22%
[ 2020-05-27 07:24:02,864][kfold_wrapper.log_eval_metrics] Accuracy(layer_0 - estimator_0 - 5_folds.train_2.predict)=43.13%
[ 2020-05-27 07:24:02,886][kfold_wrapper.log_eval_metrics] Accuracy(layer_0 - estimator_0 - 5_folds.train_3.predict)=37.02%
[ 2020-05-27 07:24:02,908][kfold_wrapper.log_eval_metrics] Accuracy(layer_0 - estimator_0 - 5_folds.train_4.predict)=41.22%
[ 2020-05-27 07:24:02,911][kfold_wrapper.log_eval_metrics] Accuracy(layer_0 - estimator_0 - 5_folds.train_cv.predict)=39.74%
[ 2020-05-27 07:24:02,912][kfold_wrapper.log_eval_metrics] Accuracy(layer_0 - estimator_0 - 5_folds.test.predict)=36.30%
[ 2020-05-27 07:24:03,132][kfold_wrapper.log_eval_metrics] Accuracy(layer_0 - estimator_1 - 12_folds.train_0.predict)=30.00%
[ 2020-05-27 07:24:03,479][kfold_wrapper.log_eval_metrics] Accuracy(layer_0 - estimator_1 - 12_folds.train_1.predict)=30.91%
[ 2020-05-27 07:24:03,833][kfold_wrapper.log_eval_metrics] Accuracy(layer_0 - estimator_1 - 12_folds.train_2.predict)=35.45%
[ 2020-05-27 07:24:04,187][kfold_wrapper.log_eval_metrics] Accuracy(layer_0 - estimator_1 - 12_folds.train_3.predict)=27.52%
[ 2020-05-27 07:24:04,543][kfold_wrapper.log_eval_metrics] Accuracy(layer_0 - estimator_1 - 12_folds.train_4.predict)=40.37%
[ 2020-05-27 07:24:04,901][kfold_wrapper.log_eval_metrics] Accuracy(layer_0 - estimator_1 - 12_folds.train_5.predict)=27.52%
[ 2020-05-27 07:24:05,242][kfold_wrapper.log_eval_metrics] Accuracy(layer_0 - estimator_1 - 12_folds.train_6.predict)=35.78%
[ 2020-05-27 07:24:05,579][kfold_wrapper.log_eval_metrics] Accuracy(layer_0 - estimator_1 - 12_folds.train_7.predict)=38.53%
[ 2020-05-27 07:24:05,930][kfold_wrapper.log_eval_metrics] Accuracy(layer_0 - estimator_1 - 12_folds.train_8.predict)=36.70%
[ 2020-05-27 07:24:06,285][kfold_wrapper.log_eval_metrics] Accuracy(layer_0 - estimator_1 - 12_folds.train_9.predict)=30.28%
[ 2020-05-27 07:24:06,637][kfold_wrapper.log_eval_metrics] Accuracy(layer_0 - estimator_1 - 12_folds.train_10.predict)=33.94%
[ 2020-05-27 07:24:06,993][kfold_wrapper.log_eval_metrics] Accuracy(layer_0 - estimator_1 - 12_folds.train_11.predict)=33.94%
[ 2020-05-27 07:24:07,111][kfold_wrapper.log_eval_metrics] Accuracy(layer_0 - estimator_1 - 12_folds.train_cv.predict)=33.41%
[ 2020-05-27 07:24:07,114][kfold_wrapper.log_eval_metrics] Accuracy(layer_0 - estimator_1 - 12_folds.test.predict)=30.14%
[ 2020-05-27 07:24:07,351][kfold_wrapper.log_eval_metrics] Accuracy(layer_0 - estimator_2 - 12_folds.train_0.predict)=32.73%
[ 2020-05-27 07:24:07,705][kfold_wrapper.log_eval_metrics] Accuracy(layer_0 - estimator_2 - 12_folds.train_1.predict)=36.36%
[ 2020-05-27 07:24:08,055][kfold_wrapper.log_eval_metrics] Accuracy(layer_0 - estimator_2 - 12_folds.train_2.predict)=41.82%
[ 2020-05-27 07:24:08,394][kfold_wrapper.log_eval_metrics] Accuracy(layer_0 - estimator_2 - 12_folds.train_3.predict)=43.12%
[ 2020-05-27 07:24:08,745][kfold_wrapper.log_eval_metrics] Accuracy(layer_0 - estimator_2 - 12_folds.train_4.predict)=28.44%
[ 2020-05-27 07:24:09,099][kfold_wrapper.log_eval_metrics] Accuracy(layer_0 - estimator_2 - 12_folds.train_5.predict)=32.11%
[ 2020-05-27 07:24:09,456][kfold_wrapper.log_eval_metrics] Accuracy(layer_0 - estimator_2 - 12_folds.train_6.predict)=35.78%
[ 2020-05-27 07:24:09,814][kfold_wrapper.log_eval_metrics] Accuracy(layer_0 - estimator_2 - 12_folds.train_7.predict)=36.70%
[ 2020-05-27 07:24:10,166][kfold_wrapper.log_eval_metrics] Accuracy(layer_0 - estimator_2 - 12_folds.train_8.predict)=34.86%
[ 2020-05-27 07:24:10,503][kfold_wrapper.log_eval_metrics] Accuracy(layer_0 - estimator_2 - 12_folds.train_9.predict)=32.11%
[ 2020-05-27 07:24:10,854][kfold_wrapper.log_eval_metrics] Accuracy(layer_0 - estimator_2 - 12_folds.train_10.predict)=31.19%
[ 2020-05-27 07:24:11,207][kfold_wrapper.log_eval_metrics] Accuracy(layer_0 - estimator_2 - 12_folds.train_11.predict)=35.78%
[ 2020-05-27 07:24:11,324][kfold_wrapper.log_eval_metrics] Accuracy(layer_0 - estimator_2 - 12_folds.train_cv.predict)=35.09%
[ 2020-05-27 07:24:11,326][kfold_wrapper.log_eval_metrics] Accuracy(layer_0 - estimator_2 - 12_folds.test.predict)=36.30%
[ 2020-05-27 07:24:11,363][kfold_wrapper.log_eval_metrics] Accuracy(layer_0 - estimator_3 - 12_folds.train_0.predict)=36.36%
[ 2020-05-27 07:24:11,387][kfold_wrapper.log_eval_metrics] Accuracy(layer_0 - estimator_3 - 12_folds.train_1.predict)=41.82%
[ 2020-05-27 07:24:11,399][kfold_wrapper.log_eval_metrics] Accuracy(layer_0 - estimator_3 - 12_folds.train_2.predict)=49.09%
[ 2020-05-27 07:24:11,413][kfold_wrapper.log_eval_metrics] Accuracy(layer_0 - estimator_3 - 12_folds.train_3.predict)=43.12%
[ 2020-05-27 07:24:11,428][kfold_wrapper.log_eval_metrics] Accuracy(layer_0 - estimator_3 - 12_folds.train_4.predict)=39.45%
[ 2020-05-27 07:24:11,443][kfold_wrapper.log_eval_metrics] Accuracy(layer_0 - estimator_3 - 12_folds.train_5.predict)=45.87%
[ 2020-05-27 07:24:11,458][kfold_wrapper.log_eval_metrics] Accuracy(layer_0 - estimator_3 - 12_folds.train_6.predict)=41.28%
[ 2020-05-27 07:24:11,473][kfold_wrapper.log_eval_metrics] Accuracy(layer_0 - estimator_3 - 12_folds.train_7.predict)=43.12%
[ 2020-05-27 07:24:11,488][kfold_wrapper.log_eval_metrics] Accuracy(layer_0 - estimator_3 - 12_folds.train_8.predict)=45.87%
[ 2020-05-27 07:24:11,503][kfold_wrapper.log_eval_metrics] Accuracy(layer_0 - estimator_3 - 12_folds.train_9.predict)=43.12%
[ 2020-05-27 07:24:11,517][kfold_wrapper.log_eval_metrics] Accuracy(layer_0 - estimator_3 - 12_folds.train_10.predict)=39.45%
[ 2020-05-27 07:24:11,532][kfold_wrapper.log_eval_metrics] Accuracy(layer_0 - estimator_3 - 12_folds.train_11.predict)=39.45%
[ 2020-05-27 07:24:11,532][kfold_wrapper.log_eval_metrics] Accuracy(layer_0 - estimator_3 - 12_folds.train_cv.predict)=42.33%
[ 2020-05-27 07:24:11,533][kfold_wrapper.log_eval_metrics] Accuracy(layer_0 - estimator_3 - 12_folds.test.predict)=34.93%
[ 2020-05-27 07:24:11,534][cascade_classifier.calc_accuracy] Accuracy(layer_0 - train.classifier_average)=36.31%
[ 2020-05-27 07:24:11,534][cascade_classifier.calc_accuracy] Accuracy(layer_0 - test.classifier_average)=34.25%
[ 2020-05-27 07:24:11,535][cascade_classifier.fit_transform] [layer=1] look_indexs=[0], X_cur_train.shape=(1311, 17), X_cur_test.shape=(146, 17)
[ 2020-05-27 07:24:11,562][kfold_wrapper.log_eval_metrics] Accuracy(layer_1 - estimator_0 - 5_folds.train_0.predict)=47.53%
[ 2020-05-27 07:24:11,590][kfold_wrapper.log_eval_metrics] Accuracy(layer_1 - estimator_0 - 5_folds.train_1.predict)=42.75%
[ 2020-05-27 07:24:11,617][kfold_wrapper.log_eval_metrics] Accuracy(layer_1 - estimator_0 - 5_folds.train_2.predict)=39.69%
[ 2020-05-27 07:24:11,645][kfold_wrapper.log_eval_metrics] Accuracy(layer_1 - estimator_0 - 5_folds.train_3.predict)=43.89%
[ 2020-05-27 07:24:11,672][kfold_wrapper.log_eval_metrics] Accuracy(layer_1 - estimator_0 - 5_folds.train_4.predict)=37.40%
[ 2020-05-27 07:24:11,675][kfold_wrapper.log_eval_metrics] Accuracy(layer_1 - estimator_0 - 5_folds.train_cv.predict)=42.26%
[ 2020-05-27 07:24:11,676][kfold_wrapper.log_eval_metrics] Accuracy(layer_1 - estimator_0 - 5_folds.test.predict)=37.67%
[ 2020-05-27 07:24:11,895][kfold_wrapper.log_eval_metrics] Accuracy(layer_1 - estimator_1 - 12_folds.train_0.predict)=50.00%
[ 2020-05-27 07:24:12,252][kfold_wrapper.log_eval_metrics] Accuracy(layer_1 - estimator_1 - 12_folds.train_1.predict)=40.00%
[ 2020-05-27 07:24:12,611][kfold_wrapper.log_eval_metrics] Accuracy(layer_1 - estimator_1 - 12_folds.train_2.predict)=39.09%
[ 2020-05-27 07:24:12,967][kfold_wrapper.log_eval_metrics] Accuracy(layer_1 - estimator_1 - 12_folds.train_3.predict)=39.45%
[ 2020-05-27 07:24:13,326][kfold_wrapper.log_eval_metrics] Accuracy(layer_1 - estimator_1 - 12_folds.train_4.predict)=43.12%
[ 2020-05-27 07:24:13,686][kfold_wrapper.log_eval_metrics] Accuracy(layer_1 - estimator_1 - 12_folds.train_5.predict)=47.71%
[ 2020-05-27 07:24:14,024][kfold_wrapper.log_eval_metrics] Accuracy(layer_1 - estimator_1 - 12_folds.train_6.predict)=51.38%
[ 2020-05-27 07:24:14,357][kfold_wrapper.log_eval_metrics] Accuracy(layer_1 - estimator_1 - 12_folds.train_7.predict)=45.87%
[ 2020-05-27 07:24:14,714][kfold_wrapper.log_eval_metrics] Accuracy(layer_1 - estimator_1 - 12_folds.train_8.predict)=44.04%
[ 2020-05-27 07:24:15,070][kfold_wrapper.log_eval_metrics] Accuracy(layer_1 - estimator_1 - 12_folds.train_9.predict)=42.20%
[ 2020-05-27 07:24:15,430][kfold_wrapper.log_eval_metrics] Accuracy(layer_1 - estimator_1 - 12_folds.train_10.predict)=33.94%
[ 2020-05-27 07:24:15,768][kfold_wrapper.log_eval_metrics] Accuracy(layer_1 - estimator_1 - 12_folds.train_11.predict)=46.79%
[ 2020-05-27 07:24:15,886][kfold_wrapper.log_eval_metrics] Accuracy(layer_1 - estimator_1 - 12_folds.train_cv.predict)=43.63%
[ 2020-05-27 07:24:15,889][kfold_wrapper.log_eval_metrics] Accuracy(layer_1 - estimator_1 - 12_folds.test.predict)=36.99%
[ 2020-05-27 07:24:16,135][kfold_wrapper.log_eval_metrics] Accuracy(layer_1 - estimator_2 - 12_folds.train_0.predict)=41.82%
[ 2020-05-27 07:24:16,488][kfold_wrapper.log_eval_metrics] Accuracy(layer_1 - estimator_2 - 12_folds.train_1.predict)=44.55%
[ 2020-05-27 07:24:16,844][kfold_wrapper.log_eval_metrics] Accuracy(layer_1 - estimator_2 - 12_folds.train_2.predict)=41.82%
[ 2020-05-27 07:24:17,201][kfold_wrapper.log_eval_metrics] Accuracy(layer_1 - estimator_2 - 12_folds.train_3.predict)=42.20%
[ 2020-05-27 07:24:17,558][kfold_wrapper.log_eval_metrics] Accuracy(layer_1 - estimator_2 - 12_folds.train_4.predict)=43.12%
[ 2020-05-27 07:24:17,904][kfold_wrapper.log_eval_metrics] Accuracy(layer_1 - estimator_2 - 12_folds.train_5.predict)=41.28%
[ 2020-05-27 07:24:18,257][kfold_wrapper.log_eval_metrics] Accuracy(layer_1 - estimator_2 - 12_folds.train_6.predict)=46.79%
[ 2020-05-27 07:24:18,607][kfold_wrapper.log_eval_metrics] Accuracy(layer_1 - estimator_2 - 12_folds.train_7.predict)=39.45%
[ 2020-05-27 07:24:18,953][kfold_wrapper.log_eval_metrics] Accuracy(layer_1 - estimator_2 - 12_folds.train_8.predict)=46.79%
[ 2020-05-27 07:24:19,301][kfold_wrapper.log_eval_metrics] Accuracy(layer_1 - estimator_2 - 12_folds.train_9.predict)=38.53%
[ 2020-05-27 07:24:19,655][kfold_wrapper.log_eval_metrics] Accuracy(layer_1 - estimator_2 - 12_folds.train_10.predict)=40.37%
[ 2020-05-27 07:24:20,014][kfold_wrapper.log_eval_metrics] Accuracy(layer_1 - estimator_2 - 12_folds.train_11.predict)=31.19%
[ 2020-05-27 07:24:20,132][kfold_wrapper.log_eval_metrics] Accuracy(layer_1 - estimator_2 - 12_folds.train_cv.predict)=41.50%
[ 2020-05-27 07:24:20,135][kfold_wrapper.log_eval_metrics] Accuracy(layer_1 - estimator_2 - 12_folds.test.predict)=36.30%
[ 2020-05-27 07:24:20,226][kfold_wrapper.log_eval_metrics] Accuracy(layer_1 - estimator_3 - 12_folds.train_0.predict)=39.09%
[ 2020-05-27 07:24:20,272][kfold_wrapper.log_eval_metrics] Accuracy(layer_1 - estimator_3 - 12_folds.train_1.predict)=45.45%
[ 2020-05-27 07:24:20,319][kfold_wrapper.log_eval_metrics] Accuracy(layer_1 - estimator_3 - 12_folds.train_2.predict)=44.55%
[ 2020-05-27 07:24:20,369][kfold_wrapper.log_eval_metrics] Accuracy(layer_1 - estimator_3 - 12_folds.train_3.predict)=44.04%
[ 2020-05-27 07:24:20,416][kfold_wrapper.log_eval_metrics] Accuracy(layer_1 - estimator_3 - 12_folds.train_4.predict)=39.45%
[ 2020-05-27 07:24:20,463][kfold_wrapper.log_eval_metrics] Accuracy(layer_1 - estimator_3 - 12_folds.train_5.predict)=39.45%
[ 2020-05-27 07:24:20,509][kfold_wrapper.log_eval_metrics] Accuracy(layer_1 - estimator_3 - 12_folds.train_6.predict)=42.20%
[ 2020-05-27 07:24:20,556][kfold_wrapper.log_eval_metrics] Accuracy(layer_1 - estimator_3 - 12_folds.train_7.predict)=37.61%
[ 2020-05-27 07:24:20,604][kfold_wrapper.log_eval_metrics] Accuracy(layer_1 - estimator_3 - 12_folds.train_8.predict)=48.62%
[ 2020-05-27 07:24:20,651][kfold_wrapper.log_eval_metrics] Accuracy(layer_1 - estimator_3 - 12_folds.train_9.predict)=40.37%
[ 2020-05-27 07:24:20,698][kfold_wrapper.log_eval_metrics] Accuracy(layer_1 - estimator_3 - 12_folds.train_10.predict)=43.12%
[ 2020-05-27 07:24:20,745][kfold_wrapper.log_eval_metrics] Accuracy(layer_1 - estimator_3 - 12_folds.train_11.predict)=39.45%
[ 2020-05-27 07:24:20,746][kfold_wrapper.log_eval_metrics] Accuracy(layer_1 - estimator_3 - 12_folds.train_cv.predict)=41.95%
[ 2020-05-27 07:24:20,747][kfold_wrapper.log_eval_metrics] Accuracy(layer_1 - estimator_3 - 12_folds.test.predict)=35.62%
[ 2020-05-27 07:24:20,747][cascade_classifier.calc_accuracy] Accuracy(layer_1 - train.classifier_average)=44.01%
[ 2020-05-27 07:24:20,748][cascade_classifier.calc_accuracy] Accuracy(layer_1 - test.classifier_average)=32.19%
[ 2020-05-27 07:24:20,749][cascade_classifier.fit_transform] [layer=2] look_indexs=[0], X_cur_train.shape=(1311, 17), X_cur_test.shape=(146, 17)
[ 2020-05-27 07:24:20,777][kfold_wrapper.log_eval_metrics] Accuracy(layer_2 - estimator_0 - 5_folds.train_0.predict)=36.50%
[ 2020-05-27 07:24:20,805][kfold_wrapper.log_eval_metrics] Accuracy(layer_2 - estimator_0 - 5_folds.train_1.predict)=43.51%
[ 2020-05-27 07:24:20,834][kfold_wrapper.log_eval_metrics] Accuracy(layer_2 - estimator_0 - 5_folds.train_2.predict)=39.69%
[ 2020-05-27 07:24:20,861][kfold_wrapper.log_eval_metrics] Accuracy(layer_2 - estimator_0 - 5_folds.train_3.predict)=38.93%
[ 2020-05-27 07:24:20,888][kfold_wrapper.log_eval_metrics] Accuracy(layer_2 - estimator_0 - 5_folds.train_4.predict)=41.60%
[ 2020-05-27 07:24:20,891][kfold_wrapper.log_eval_metrics] Accuracy(layer_2 - estimator_0 - 5_folds.train_cv.predict)=40.05%
[ 2020-05-27 07:24:20,892][kfold_wrapper.log_eval_metrics] Accuracy(layer_2 - estimator_0 - 5_folds.test.predict)=41.10%
[ 2020-05-27 07:24:21,110][kfold_wrapper.log_eval_metrics] Accuracy(layer_2 - estimator_1 - 12_folds.train_0.predict)=34.55%
[ 2020-05-27 07:24:21,456][kfold_wrapper.log_eval_metrics] Accuracy(layer_2 - estimator_1 - 12_folds.train_1.predict)=30.91%
[ 2020-05-27 07:24:21,816][kfold_wrapper.log_eval_metrics] Accuracy(layer_2 - estimator_1 - 12_folds.train_2.predict)=46.36%
[ 2020-05-27 07:24:22,160][kfold_wrapper.log_eval_metrics] Accuracy(layer_2 - estimator_1 - 12_folds.train_3.predict)=37.61%
[ 2020-05-27 07:24:22,488][kfold_wrapper.log_eval_metrics] Accuracy(layer_2 - estimator_1 - 12_folds.train_4.predict)=38.53%
[ 2020-05-27 07:24:22,838][kfold_wrapper.log_eval_metrics] Accuracy(layer_2 - estimator_1 - 12_folds.train_5.predict)=42.20%
[ 2020-05-27 07:24:23,182][kfold_wrapper.log_eval_metrics] Accuracy(layer_2 - estimator_1 - 12_folds.train_6.predict)=34.86%
[ 2020-05-27 07:24:23,526][kfold_wrapper.log_eval_metrics] Accuracy(layer_2 - estimator_1 - 12_folds.train_7.predict)=41.28%
[ 2020-05-27 07:24:23,870][kfold_wrapper.log_eval_metrics] Accuracy(layer_2 - estimator_1 - 12_folds.train_8.predict)=41.28%
[ 2020-05-27 07:24:24,214][kfold_wrapper.log_eval_metrics] Accuracy(layer_2 - estimator_1 - 12_folds.train_9.predict)=34.86%
[ 2020-05-27 07:24:24,559][kfold_wrapper.log_eval_metrics] Accuracy(layer_2 - estimator_1 - 12_folds.train_10.predict)=31.19%
[ 2020-05-27 07:24:24,908][kfold_wrapper.log_eval_metrics] Accuracy(layer_2 - estimator_1 - 12_folds.train_11.predict)=44.95%
[ 2020-05-27 07:24:25,025][kfold_wrapper.log_eval_metrics] Accuracy(layer_2 - estimator_1 - 12_folds.train_cv.predict)=38.22%
[ 2020-05-27 07:24:25,027][kfold_wrapper.log_eval_metrics] Accuracy(layer_2 - estimator_1 - 12_folds.test.predict)=37.67%
[ 2020-05-27 07:24:25,258][kfold_wrapper.log_eval_metrics] Accuracy(layer_2 - estimator_2 - 12_folds.train_0.predict)=42.73%
[ 2020-05-27 07:24:25,615][kfold_wrapper.log_eval_metrics] Accuracy(layer_2 - estimator_2 - 12_folds.train_1.predict)=44.55%
[ 2020-05-27 07:24:25,969][kfold_wrapper.log_eval_metrics] Accuracy(layer_2 - estimator_2 - 12_folds.train_2.predict)=36.36%
[ 2020-05-27 07:24:26,306][kfold_wrapper.log_eval_metrics] Accuracy(layer_2 - estimator_2 - 12_folds.train_3.predict)=33.94%
[ 2020-05-27 07:24:26,651][kfold_wrapper.log_eval_metrics] Accuracy(layer_2 - estimator_2 - 12_folds.train_4.predict)=41.28%
[ 2020-05-27 07:24:27,010][kfold_wrapper.log_eval_metrics] Accuracy(layer_2 - estimator_2 - 12_folds.train_5.predict)=42.20%
[ 2020-05-27 07:24:27,352][kfold_wrapper.log_eval_metrics] Accuracy(layer_2 - estimator_2 - 12_folds.train_6.predict)=43.12%
[ 2020-05-27 07:24:27,702][kfold_wrapper.log_eval_metrics] Accuracy(layer_2 - estimator_2 - 12_folds.train_7.predict)=35.78%
[ 2020-05-27 07:24:28,060][kfold_wrapper.log_eval_metrics] Accuracy(layer_2 - estimator_2 - 12_folds.train_8.predict)=33.94%
[ 2020-05-27 07:24:28,409][kfold_wrapper.log_eval_metrics] Accuracy(layer_2 - estimator_2 - 12_folds.train_9.predict)=37.61%
[ 2020-05-27 07:24:28,764][kfold_wrapper.log_eval_metrics] Accuracy(layer_2 - estimator_2 - 12_folds.train_10.predict)=34.86%
[ 2020-05-27 07:24:29,121][kfold_wrapper.log_eval_metrics] Accuracy(layer_2 - estimator_2 - 12_folds.train_11.predict)=34.86%
[ 2020-05-27 07:24:29,239][kfold_wrapper.log_eval_metrics] Accuracy(layer_2 - estimator_2 - 12_folds.train_cv.predict)=38.44%
[ 2020-05-27 07:24:29,242][kfold_wrapper.log_eval_metrics] Accuracy(layer_2 - estimator_2 - 12_folds.test.predict)=34.25%
[ 2020-05-27 07:24:29,342][kfold_wrapper.log_eval_metrics] Accuracy(layer_2 - estimator_3 - 12_folds.train_0.predict)=44.55%
[ 2020-05-27 07:24:29,396][kfold_wrapper.log_eval_metrics] Accuracy(layer_2 - estimator_3 - 12_folds.train_1.predict)=43.64%
[ 2020-05-27 07:24:29,450][kfold_wrapper.log_eval_metrics] Accuracy(layer_2 - estimator_3 - 12_folds.train_2.predict)=44.55%
[ 2020-05-27 07:24:29,504][kfold_wrapper.log_eval_metrics] Accuracy(layer_2 - estimator_3 - 12_folds.train_3.predict)=45.87%
[ 2020-05-27 07:24:29,560][kfold_wrapper.log_eval_metrics] Accuracy(layer_2 - estimator_3 - 12_folds.train_4.predict)=50.46%
[ 2020-05-27 07:24:29,615][kfold_wrapper.log_eval_metrics] Accuracy(layer_2 - estimator_3 - 12_folds.train_5.predict)=38.53%
[ 2020-05-27 07:24:29,666][kfold_wrapper.log_eval_metrics] Accuracy(layer_2 - estimator_3 - 12_folds.train_6.predict)=44.95%
[ 2020-05-27 07:24:29,716][kfold_wrapper.log_eval_metrics] Accuracy(layer_2 - estimator_3 - 12_folds.train_7.predict)=45.87%
[ 2020-05-27 07:24:29,770][kfold_wrapper.log_eval_metrics] Accuracy(layer_2 - estimator_3 - 12_folds.train_8.predict)=40.37%
[ 2020-05-27 07:24:29,816][kfold_wrapper.log_eval_metrics] Accuracy(layer_2 - estimator_3 - 12_folds.train_9.predict)=42.20%
[ 2020-05-27 07:24:29,870][kfold_wrapper.log_eval_metrics] Accuracy(layer_2 - estimator_3 - 12_folds.train_10.predict)=36.70%
[ 2020-05-27 07:24:29,926][kfold_wrapper.log_eval_metrics] Accuracy(layer_2 - estimator_3 - 12_folds.train_11.predict)=37.61%
[ 2020-05-27 07:24:29,927][kfold_wrapper.log_eval_metrics] Accuracy(layer_2 - estimator_3 - 12_folds.train_cv.predict)=42.94%
[ 2020-05-27 07:24:29,928][kfold_wrapper.log_eval_metrics] Accuracy(layer_2 - estimator_3 - 12_folds.test.predict)=34.93%
[ 2020-05-27 07:24:29,929][cascade_classifier.calc_accuracy] Accuracy(layer_2 - train.classifier_average)=41.57%
[ 2020-05-27 07:24:29,930][cascade_classifier.calc_accuracy] Accuracy(layer_2 - test.classifier_average)=38.36%
[ 2020-05-27 07:24:29,931][cascade_classifier.fit_transform] [layer=3] look_indexs=[0], X_cur_train.shape=(1311, 17), X_cur_test.shape=(146, 17)
[ 2020-05-27 07:24:29,962][kfold_wrapper.log_eval_metrics] Accuracy(layer_3 - estimator_0 - 5_folds.train_0.predict)=42.97%
[ 2020-05-27 07:24:29,992][kfold_wrapper.log_eval_metrics] Accuracy(layer_3 - estimator_0 - 5_folds.train_1.predict)=40.46%
[ 2020-05-27 07:24:30,023][kfold_wrapper.log_eval_metrics] Accuracy(layer_3 - estimator_0 - 5_folds.train_2.predict)=43.89%
[ 2020-05-27 07:24:30,053][kfold_wrapper.log_eval_metrics] Accuracy(layer_3 - estimator_0 - 5_folds.train_3.predict)=46.18%
[ 2020-05-27 07:24:30,082][kfold_wrapper.log_eval_metrics] Accuracy(layer_3 - estimator_0 - 5_folds.train_4.predict)=42.75%
[ 2020-05-27 07:24:30,084][kfold_wrapper.log_eval_metrics] Accuracy(layer_3 - estimator_0 - 5_folds.train_cv.predict)=43.25%
[ 2020-05-27 07:24:30,086][kfold_wrapper.log_eval_metrics] Accuracy(layer_3 - estimator_0 - 5_folds.test.predict)=34.93%
[ 2020-05-27 07:24:30,305][kfold_wrapper.log_eval_metrics] Accuracy(layer_3 - estimator_1 - 12_folds.train_0.predict)=39.09%
[ 2020-05-27 07:24:30,665][kfold_wrapper.log_eval_metrics] Accuracy(layer_3 - estimator_1 - 12_folds.train_1.predict)=39.09%
[ 2020-05-27 07:24:31,014][kfold_wrapper.log_eval_metrics] Accuracy(layer_3 - estimator_1 - 12_folds.train_2.predict)=35.45%
[ 2020-05-27 07:24:31,363][kfold_wrapper.log_eval_metrics] Accuracy(layer_3 - estimator_1 - 12_folds.train_3.predict)=42.20%
[ 2020-05-27 07:24:31,713][kfold_wrapper.log_eval_metrics] Accuracy(layer_3 - estimator_1 - 12_folds.train_4.predict)=41.28%
[ 2020-05-27 07:24:32,075][kfold_wrapper.log_eval_metrics] Accuracy(layer_3 - estimator_1 - 12_folds.train_5.predict)=33.03%
[ 2020-05-27 07:24:32,436][kfold_wrapper.log_eval_metrics] Accuracy(layer_3 - estimator_1 - 12_folds.train_6.predict)=50.46%
[ 2020-05-27 07:24:32,783][kfold_wrapper.log_eval_metrics] Accuracy(layer_3 - estimator_1 - 12_folds.train_7.predict)=40.37%
[ 2020-05-27 07:24:33,138][kfold_wrapper.log_eval_metrics] Accuracy(layer_3 - estimator_1 - 12_folds.train_8.predict)=36.70%
[ 2020-05-27 07:24:33,471][kfold_wrapper.log_eval_metrics] Accuracy(layer_3 - estimator_1 - 12_folds.train_9.predict)=38.53%
[ 2020-05-27 07:24:33,822][kfold_wrapper.log_eval_metrics] Accuracy(layer_3 - estimator_1 - 12_folds.train_10.predict)=37.61%
[ 2020-05-27 07:24:34,177][kfold_wrapper.log_eval_metrics] Accuracy(layer_3 - estimator_1 - 12_folds.train_11.predict)=37.61%
[ 2020-05-27 07:24:34,296][kfold_wrapper.log_eval_metrics] Accuracy(layer_3 - estimator_1 - 12_folds.train_cv.predict)=39.28%
[ 2020-05-27 07:24:34,298][kfold_wrapper.log_eval_metrics] Accuracy(layer_3 - estimator_1 - 12_folds.test.predict)=34.93%
[ 2020-05-27 07:24:34,536][kfold_wrapper.log_eval_metrics] Accuracy(layer_3 - estimator_2 - 12_folds.train_0.predict)=35.45%
[ 2020-05-27 07:24:34,896][kfold_wrapper.log_eval_metrics] Accuracy(layer_3 - estimator_2 - 12_folds.train_1.predict)=43.64%
[ 2020-05-27 07:24:35,239][kfold_wrapper.log_eval_metrics] Accuracy(layer_3 - estimator_2 - 12_folds.train_2.predict)=40.91%
[ 2020-05-27 07:24:35,591][kfold_wrapper.log_eval_metrics] Accuracy(layer_3 - estimator_2 - 12_folds.train_3.predict)=41.28%
[ 2020-05-27 07:24:35,951][kfold_wrapper.log_eval_metrics] Accuracy(layer_3 - estimator_2 - 12_folds.train_4.predict)=39.45%
[ 2020-05-27 07:24:36,300][kfold_wrapper.log_eval_metrics] Accuracy(layer_3 - estimator_2 - 12_folds.train_5.predict)=41.28%
[ 2020-05-27 07:24:36,651][kfold_wrapper.log_eval_metrics] Accuracy(layer_3 - estimator_2 - 12_folds.train_6.predict)=36.70%
[ 2020-05-27 07:24:37,003][kfold_wrapper.log_eval_metrics] Accuracy(layer_3 - estimator_2 - 12_folds.train_7.predict)=32.11%
[ 2020-05-27 07:24:37,328][kfold_wrapper.log_eval_metrics] Accuracy(layer_3 - estimator_2 - 12_folds.train_8.predict)=43.12%
[ 2020-05-27 07:24:37,690][kfold_wrapper.log_eval_metrics] Accuracy(layer_3 - estimator_2 - 12_folds.train_9.predict)=42.20%
[ 2020-05-27 07:24:38,040][kfold_wrapper.log_eval_metrics] Accuracy(layer_3 - estimator_2 - 12_folds.train_10.predict)=39.45%
[ 2020-05-27 07:24:38,391][kfold_wrapper.log_eval_metrics] Accuracy(layer_3 - estimator_2 - 12_folds.train_11.predict)=38.53%
[ 2020-05-27 07:24:38,511][kfold_wrapper.log_eval_metrics] Accuracy(layer_3 - estimator_2 - 12_folds.train_cv.predict)=39.51%
[ 2020-05-27 07:24:38,514][kfold_wrapper.log_eval_metrics] Accuracy(layer_3 - estimator_2 - 12_folds.test.predict)=32.19%
[ 2020-05-27 07:24:38,630][kfold_wrapper.log_eval_metrics] Accuracy(layer_3 - estimator_3 - 12_folds.train_0.predict)=55.45%
[ 2020-05-27 07:24:38,694][kfold_wrapper.log_eval_metrics] Accuracy(layer_3 - estimator_3 - 12_folds.train_1.predict)=42.73%
[ 2020-05-27 07:24:38,755][kfold_wrapper.log_eval_metrics] Accuracy(layer_3 - estimator_3 - 12_folds.train_2.predict)=42.73%
[ 2020-05-27 07:24:38,818][kfold_wrapper.log_eval_metrics] Accuracy(layer_3 - estimator_3 - 12_folds.train_3.predict)=46.79%
[ 2020-05-27 07:24:38,881][kfold_wrapper.log_eval_metrics] Accuracy(layer_3 - estimator_3 - 12_folds.train_4.predict)=39.45%
[ 2020-05-27 07:24:38,947][kfold_wrapper.log_eval_metrics] Accuracy(layer_3 - estimator_3 - 12_folds.train_5.predict)=38.53%
[ 2020-05-27 07:24:39,011][kfold_wrapper.log_eval_metrics] Accuracy(layer_3 - estimator_3 - 12_folds.train_6.predict)=46.79%
[ 2020-05-27 07:24:39,077][kfold_wrapper.log_eval_metrics] Accuracy(layer_3 - estimator_3 - 12_folds.train_7.predict)=44.04%
[ 2020-05-27 07:24:39,139][kfold_wrapper.log_eval_metrics] Accuracy(layer_3 - estimator_3 - 12_folds.train_8.predict)=42.20%
[ 2020-05-27 07:24:39,203][kfold_wrapper.log_eval_metrics] Accuracy(layer_3 - estimator_3 - 12_folds.train_9.predict)=38.53%
[ 2020-05-27 07:24:39,265][kfold_wrapper.log_eval_metrics] Accuracy(layer_3 - estimator_3 - 12_folds.train_10.predict)=45.87%
[ 2020-05-27 07:24:39,330][kfold_wrapper.log_eval_metrics] Accuracy(layer_3 - estimator_3 - 12_folds.train_11.predict)=36.70%
[ 2020-05-27 07:24:39,331][kfold_wrapper.log_eval_metrics] Accuracy(layer_3 - estimator_3 - 12_folds.train_cv.predict)=43.33%
[ 2020-05-27 07:24:39,332][kfold_wrapper.log_eval_metrics] Accuracy(layer_3 - estimator_3 - 12_folds.test.predict)=34.25%
[ 2020-05-27 07:24:39,333][cascade_classifier.calc_accuracy] Accuracy(layer_3 - train.classifier_average)=41.65%
[ 2020-05-27 07:24:39,334][cascade_classifier.calc_accuracy] Accuracy(layer_3 - test.classifier_average)=33.56%
[ 2020-05-27 07:24:39,335][cascade_classifier.fit_transform] [layer=4] look_indexs=[0], X_cur_train.shape=(1311, 17), X_cur_test.shape=(146, 17)
[ 2020-05-27 07:24:39,366][kfold_wrapper.log_eval_metrics] Accuracy(layer_4 - estimator_0 - 5_folds.train_0.predict)=41.83%
[ 2020-05-27 07:24:39,398][kfold_wrapper.log_eval_metrics] Accuracy(layer_4 - estimator_0 - 5_folds.train_1.predict)=38.55%
[ 2020-05-27 07:24:39,428][kfold_wrapper.log_eval_metrics] Accuracy(layer_4 - estimator_0 - 5_folds.train_2.predict)=36.64%
[ 2020-05-27 07:24:39,459][kfold_wrapper.log_eval_metrics] Accuracy(layer_4 - estimator_0 - 5_folds.train_3.predict)=38.93%
[ 2020-05-27 07:24:39,488][kfold_wrapper.log_eval_metrics] Accuracy(layer_4 - estimator_0 - 5_folds.train_4.predict)=40.84%
[ 2020-05-27 07:24:39,491][kfold_wrapper.log_eval_metrics] Accuracy(layer_4 - estimator_0 - 5_folds.train_cv.predict)=39.36%
[ 2020-05-27 07:24:39,492][kfold_wrapper.log_eval_metrics] Accuracy(layer_4 - estimator_0 - 5_folds.test.predict)=32.88%
[ 2020-05-27 07:24:39,713][kfold_wrapper.log_eval_metrics] Accuracy(layer_4 - estimator_1 - 12_folds.train_0.predict)=37.27%
[ 2020-05-27 07:24:40,069][kfold_wrapper.log_eval_metrics] Accuracy(layer_4 - estimator_1 - 12_folds.train_1.predict)=30.00%
[ 2020-05-27 07:24:40,422][kfold_wrapper.log_eval_metrics] Accuracy(layer_4 - estimator_1 - 12_folds.train_2.predict)=42.73%
[ 2020-05-27 07:24:40,775][kfold_wrapper.log_eval_metrics] Accuracy(layer_4 - estimator_1 - 12_folds.train_3.predict)=38.53%
[ 2020-05-27 07:24:41,120][kfold_wrapper.log_eval_metrics] Accuracy(layer_4 - estimator_1 - 12_folds.train_4.predict)=38.53%
[ 2020-05-27 07:24:41,467][kfold_wrapper.log_eval_metrics] Accuracy(layer_4 - estimator_1 - 12_folds.train_5.predict)=40.37%
[ 2020-05-27 07:24:41,823][kfold_wrapper.log_eval_metrics] Accuracy(layer_4 - estimator_1 - 12_folds.train_6.predict)=41.28%
[ 2020-05-27 07:24:42,180][kfold_wrapper.log_eval_metrics] Accuracy(layer_4 - estimator_1 - 12_folds.train_7.predict)=44.04%
[ 2020-05-27 07:24:42,540][kfold_wrapper.log_eval_metrics] Accuracy(layer_4 - estimator_1 - 12_folds.train_8.predict)=33.94%
[ 2020-05-27 07:24:42,887][kfold_wrapper.log_eval_metrics] Accuracy(layer_4 - estimator_1 - 12_folds.train_9.predict)=38.53%
[ 2020-05-27 07:24:43,241][kfold_wrapper.log_eval_metrics] Accuracy(layer_4 - estimator_1 - 12_folds.train_10.predict)=30.28%
[ 2020-05-27 07:24:43,595][kfold_wrapper.log_eval_metrics] Accuracy(layer_4 - estimator_1 - 12_folds.train_11.predict)=35.78%
[ 2020-05-27 07:24:43,707][kfold_wrapper.log_eval_metrics] Accuracy(layer_4 - estimator_1 - 12_folds.train_cv.predict)=37.60%
[ 2020-05-27 07:24:43,710][kfold_wrapper.log_eval_metrics] Accuracy(layer_4 - estimator_1 - 12_folds.test.predict)=33.56%
[ 2020-05-27 07:24:43,957][kfold_wrapper.log_eval_metrics] Accuracy(layer_4 - estimator_2 - 12_folds.train_0.predict)=39.09%
[ 2020-05-27 07:24:44,307][kfold_wrapper.log_eval_metrics] Accuracy(layer_4 - estimator_2 - 12_folds.train_1.predict)=36.36%
[ 2020-05-27 07:24:44,666][kfold_wrapper.log_eval_metrics] Accuracy(layer_4 - estimator_2 - 12_folds.train_2.predict)=35.45%
[ 2020-05-27 07:24:45,027][kfold_wrapper.log_eval_metrics] Accuracy(layer_4 - estimator_2 - 12_folds.train_3.predict)=35.78%
[ 2020-05-27 07:24:45,373][kfold_wrapper.log_eval_metrics] Accuracy(layer_4 - estimator_2 - 12_folds.train_4.predict)=39.45%
[ 2020-05-27 07:24:45,734][kfold_wrapper.log_eval_metrics] Accuracy(layer_4 - estimator_2 - 12_folds.train_5.predict)=39.45%
[ 2020-05-27 07:24:46,093][kfold_wrapper.log_eval_metrics] Accuracy(layer_4 - estimator_2 - 12_folds.train_6.predict)=42.20%
[ 2020-05-27 07:24:46,445][kfold_wrapper.log_eval_metrics] Accuracy(layer_4 - estimator_2 - 12_folds.train_7.predict)=37.61%
[ 2020-05-27 07:24:46,785][kfold_wrapper.log_eval_metrics] Accuracy(layer_4 - estimator_2 - 12_folds.train_8.predict)=40.37%
[ 2020-05-27 07:24:47,141][kfold_wrapper.log_eval_metrics] Accuracy(layer_4 - estimator_2 - 12_folds.train_9.predict)=38.53%
[ 2020-05-27 07:24:47,493][kfold_wrapper.log_eval_metrics] Accuracy(layer_4 - estimator_2 - 12_folds.train_10.predict)=30.28%
[ 2020-05-27 07:24:47,855][kfold_wrapper.log_eval_metrics] Accuracy(layer_4 - estimator_2 - 12_folds.train_11.predict)=35.78%
[ 2020-05-27 07:24:47,976][kfold_wrapper.log_eval_metrics] Accuracy(layer_4 - estimator_2 - 12_folds.train_cv.predict)=37.53%
[ 2020-05-27 07:24:47,979][kfold_wrapper.log_eval_metrics] Accuracy(layer_4 - estimator_2 - 12_folds.test.predict)=30.82%
[ 2020-05-27 07:24:48,105][kfold_wrapper.log_eval_metrics] Accuracy(layer_4 - estimator_3 - 12_folds.train_0.predict)=48.18%
[ 2020-05-27 07:24:48,182][kfold_wrapper.log_eval_metrics] Accuracy(layer_4 - estimator_3 - 12_folds.train_1.predict)=40.00%
[ 2020-05-27 07:24:48,258][kfold_wrapper.log_eval_metrics] Accuracy(layer_4 - estimator_3 - 12_folds.train_2.predict)=42.73%
[ 2020-05-27 07:24:48,335][kfold_wrapper.log_eval_metrics] Accuracy(layer_4 - estimator_3 - 12_folds.train_3.predict)=44.95%
[ 2020-05-27 07:24:48,414][kfold_wrapper.log_eval_metrics] Accuracy(layer_4 - estimator_3 - 12_folds.train_4.predict)=45.87%
[ 2020-05-27 07:24:48,493][kfold_wrapper.log_eval_metrics] Accuracy(layer_4 - estimator_3 - 12_folds.train_5.predict)=42.20%
[ 2020-05-27 07:24:48,571][kfold_wrapper.log_eval_metrics] Accuracy(layer_4 - estimator_3 - 12_folds.train_6.predict)=34.86%
[ 2020-05-27 07:24:48,650][kfold_wrapper.log_eval_metrics] Accuracy(layer_4 - estimator_3 - 12_folds.train_7.predict)=39.45%
[ 2020-05-27 07:24:48,730][kfold_wrapper.log_eval_metrics] Accuracy(layer_4 - estimator_3 - 12_folds.train_8.predict)=38.53%
[ 2020-05-27 07:24:48,811][kfold_wrapper.log_eval_metrics] Accuracy(layer_4 - estimator_3 - 12_folds.train_9.predict)=40.37%
[ 2020-05-27 07:24:48,889][kfold_wrapper.log_eval_metrics] Accuracy(layer_4 - estimator_3 - 12_folds.train_10.predict)=36.70%
[ 2020-05-27 07:24:48,967][kfold_wrapper.log_eval_metrics] Accuracy(layer_4 - estimator_3 - 12_folds.train_11.predict)=41.28%
[ 2020-05-27 07:24:48,968][kfold_wrapper.log_eval_metrics] Accuracy(layer_4 - estimator_3 - 12_folds.train_cv.predict)=41.27%
[ 2020-05-27 07:24:48,969][kfold_wrapper.log_eval_metrics] Accuracy(layer_4 - estimator_3 - 12_folds.test.predict)=34.25%
[ 2020-05-27 07:24:48,971][cascade_classifier.calc_accuracy] Accuracy(layer_4 - train.classifier_average)=39.21%
[ 2020-05-27 07:24:48,971][cascade_classifier.calc_accuracy] Accuracy(layer_4 - test.classifier_average)=34.25%
[ 2020-05-27 07:24:48,972][cascade_classifier.fit_transform] [layer=5] look_indexs=[0], X_cur_train.shape=(1311, 17), X_cur_test.shape=(146, 17)
[ 2020-05-27 07:24:49,007][kfold_wrapper.log_eval_metrics] Accuracy(layer_5 - estimator_0 - 5_folds.train_0.predict)=38.02%
[ 2020-05-27 07:24:49,041][kfold_wrapper.log_eval_metrics] Accuracy(layer_5 - estimator_0 - 5_folds.train_1.predict)=40.08%
[ 2020-05-27 07:24:49,076][kfold_wrapper.log_eval_metrics] Accuracy(layer_5 - estimator_0 - 5_folds.train_2.predict)=40.46%
[ 2020-05-27 07:24:49,109][kfold_wrapper.log_eval_metrics] Accuracy(layer_5 - estimator_0 - 5_folds.train_3.predict)=40.46%
[ 2020-05-27 07:24:49,142][kfold_wrapper.log_eval_metrics] Accuracy(layer_5 - estimator_0 - 5_folds.train_4.predict)=37.79%
[ 2020-05-27 07:24:49,145][kfold_wrapper.log_eval_metrics] Accuracy(layer_5 - estimator_0 - 5_folds.train_cv.predict)=39.36%
[ 2020-05-27 07:24:49,147][kfold_wrapper.log_eval_metrics] Accuracy(layer_5 - estimator_0 - 5_folds.test.predict)=34.93%
[ 2020-05-27 07:24:49,368][kfold_wrapper.log_eval_metrics] Accuracy(layer_5 - estimator_1 - 12_folds.train_0.predict)=42.73%
[ 2020-05-27 07:24:49,726][kfold_wrapper.log_eval_metrics] Accuracy(layer_5 - estimator_1 - 12_folds.train_1.predict)=32.73%
[ 2020-05-27 07:24:50,085][kfold_wrapper.log_eval_metrics] Accuracy(layer_5 - estimator_1 - 12_folds.train_2.predict)=34.55%
[ 2020-05-27 07:24:50,445][kfold_wrapper.log_eval_metrics] Accuracy(layer_5 - estimator_1 - 12_folds.train_3.predict)=34.86%
[ 2020-05-27 07:24:50,804][kfold_wrapper.log_eval_metrics] Accuracy(layer_5 - estimator_1 - 12_folds.train_4.predict)=33.94%
[ 2020-05-27 07:24:51,164][kfold_wrapper.log_eval_metrics] Accuracy(layer_5 - estimator_1 - 12_folds.train_5.predict)=42.20%
[ 2020-05-27 07:24:51,525][kfold_wrapper.log_eval_metrics] Accuracy(layer_5 - estimator_1 - 12_folds.train_6.predict)=28.44%
[ 2020-05-27 07:24:51,880][kfold_wrapper.log_eval_metrics] Accuracy(layer_5 - estimator_1 - 12_folds.train_7.predict)=38.53%
[ 2020-05-27 07:24:52,238][kfold_wrapper.log_eval_metrics] Accuracy(layer_5 - estimator_1 - 12_folds.train_8.predict)=33.94%
[ 2020-05-27 07:24:52,601][kfold_wrapper.log_eval_metrics] Accuracy(layer_5 - estimator_1 - 12_folds.train_9.predict)=49.54%
[ 2020-05-27 07:24:52,962][kfold_wrapper.log_eval_metrics] Accuracy(layer_5 - estimator_1 - 12_folds.train_10.predict)=41.28%
[ 2020-05-27 07:24:53,323][kfold_wrapper.log_eval_metrics] Accuracy(layer_5 - estimator_1 - 12_folds.train_11.predict)=41.28%
[ 2020-05-27 07:24:53,443][kfold_wrapper.log_eval_metrics] Accuracy(layer_5 - estimator_1 - 12_folds.train_cv.predict)=37.83%
[ 2020-05-27 07:24:53,445][kfold_wrapper.log_eval_metrics] Accuracy(layer_5 - estimator_1 - 12_folds.test.predict)=34.93%
[ 2020-05-27 07:24:53,682][kfold_wrapper.log_eval_metrics] Accuracy(layer_5 - estimator_2 - 12_folds.train_0.predict)=43.64%
[ 2020-05-27 07:24:54,042][kfold_wrapper.log_eval_metrics] Accuracy(layer_5 - estimator_2 - 12_folds.train_1.predict)=42.73%
[ 2020-05-27 07:24:54,394][kfold_wrapper.log_eval_metrics] Accuracy(layer_5 - estimator_2 - 12_folds.train_2.predict)=34.55%
[ 2020-05-27 07:24:54,744][kfold_wrapper.log_eval_metrics] Accuracy(layer_5 - estimator_2 - 12_folds.train_3.predict)=38.53%
[ 2020-05-27 07:24:55,107][kfold_wrapper.log_eval_metrics] Accuracy(layer_5 - estimator_2 - 12_folds.train_4.predict)=43.12%
[ 2020-05-27 07:24:55,470][kfold_wrapper.log_eval_metrics] Accuracy(layer_5 - estimator_2 - 12_folds.train_5.predict)=38.53%
[ 2020-05-27 07:24:55,833][kfold_wrapper.log_eval_metrics] Accuracy(layer_5 - estimator_2 - 12_folds.train_6.predict)=39.45%
[ 2020-05-27 07:24:56,195][kfold_wrapper.log_eval_metrics] Accuracy(layer_5 - estimator_2 - 12_folds.train_7.predict)=39.45%
[ 2020-05-27 07:24:56,547][kfold_wrapper.log_eval_metrics] Accuracy(layer_5 - estimator_2 - 12_folds.train_8.predict)=36.70%
[ 2020-05-27 07:24:56,912][kfold_wrapper.log_eval_metrics] Accuracy(layer_5 - estimator_2 - 12_folds.train_9.predict)=40.37%
[ 2020-05-27 07:24:57,257][kfold_wrapper.log_eval_metrics] Accuracy(layer_5 - estimator_2 - 12_folds.train_10.predict)=42.20%
[ 2020-05-27 07:24:57,613][kfold_wrapper.log_eval_metrics] Accuracy(layer_5 - estimator_2 - 12_folds.train_11.predict)=50.46%
[ 2020-05-27 07:24:57,735][kfold_wrapper.log_eval_metrics] Accuracy(layer_5 - estimator_2 - 12_folds.train_cv.predict)=40.81%
[ 2020-05-27 07:24:57,739][kfold_wrapper.log_eval_metrics] Accuracy(layer_5 - estimator_2 - 12_folds.test.predict)=36.30%
[ 2020-05-27 07:24:57,890][kfold_wrapper.log_eval_metrics] Accuracy(layer_5 - estimator_3 - 12_folds.train_0.predict)=41.82%
[ 2020-05-27 07:24:57,990][kfold_wrapper.log_eval_metrics] Accuracy(layer_5 - estimator_3 - 12_folds.train_1.predict)=39.09%
[ 2020-05-27 07:24:58,090][kfold_wrapper.log_eval_metrics] Accuracy(layer_5 - estimator_3 - 12_folds.train_2.predict)=37.27%
[ 2020-05-27 07:24:58,185][kfold_wrapper.log_eval_metrics] Accuracy(layer_5 - estimator_3 - 12_folds.train_3.predict)=44.04%
[ 2020-05-27 07:24:58,283][kfold_wrapper.log_eval_metrics] Accuracy(layer_5 - estimator_3 - 12_folds.train_4.predict)=45.87%
[ 2020-05-27 07:24:58,380][kfold_wrapper.log_eval_metrics] Accuracy(layer_5 - estimator_3 - 12_folds.train_5.predict)=36.70%
[ 2020-05-27 07:24:58,479][kfold_wrapper.log_eval_metrics] Accuracy(layer_5 - estimator_3 - 12_folds.train_6.predict)=43.12%
[ 2020-05-27 07:24:58,575][kfold_wrapper.log_eval_metrics] Accuracy(layer_5 - estimator_3 - 12_folds.train_7.predict)=48.62%
[ 2020-05-27 07:24:58,672][kfold_wrapper.log_eval_metrics] Accuracy(layer_5 - estimator_3 - 12_folds.train_8.predict)=44.95%
[ 2020-05-27 07:24:58,768][kfold_wrapper.log_eval_metrics] Accuracy(layer_5 - estimator_3 - 12_folds.train_9.predict)=34.86%
[ 2020-05-27 07:24:58,864][kfold_wrapper.log_eval_metrics] Accuracy(layer_5 - estimator_3 - 12_folds.train_10.predict)=46.79%
[ 2020-05-27 07:24:58,961][kfold_wrapper.log_eval_metrics] Accuracy(layer_5 - estimator_3 - 12_folds.train_11.predict)=39.45%
[ 2020-05-27 07:24:58,963][kfold_wrapper.log_eval_metrics] Accuracy(layer_5 - estimator_3 - 12_folds.train_cv.predict)=41.88%
[ 2020-05-27 07:24:58,963][kfold_wrapper.log_eval_metrics] Accuracy(layer_5 - estimator_3 - 12_folds.test.predict)=35.62%
[ 2020-05-27 07:24:58,965][cascade_classifier.calc_accuracy] Accuracy(layer_5 - train.classifier_average)=41.57%
[ 2020-05-27 07:24:58,966][cascade_classifier.calc_accuracy] Accuracy(layer_5 - test.classifier_average)=34.93%
[ 2020-05-27 07:24:58,966][cascade_classifier.fit_transform] [Result][Optimal Level Detected] opt_layer_num=2, accuracy_train=44.01%, accuracy_test=32.19%
[ 2020-05-27 07:24:59,018][cascade_classifier.transform] X_groups_test.shape=[(244, 5)]
[ 2020-05-27 07:24:59,019][cascade_classifier.transform] group_dims=[5]
[ 2020-05-27 07:24:59,019][cascade_classifier.transform] X_test.shape=(244, 5)
[ 2020-05-27 07:24:59,020][cascade_classifier.transform] [layer=0] look_indexs=[0], X_cur_test.shape=(244, 5)
[ 2020-05-27 07:25:01,684][cascade_classifier.transform] [layer=1] look_indexs=[0], X_cur_test.shape=(244, 17)
[ 2020-05-27 07:25:04,725][cascade_classifier.fit_transform] X_groups_train.shape=[(1530, 5)],y_train.shape=(1530,),X_groups_test.shape=[(171, 5)],y_test.shape=(171,)
[ 2020-05-27 07:25:04,726][cascade_classifier.fit_transform] group_dims=[5]
[ 2020-05-27 07:25:04,726][cascade_classifier.fit_transform] group_starts=[0]
[ 2020-05-27 07:25:04,727][cascade_classifier.fit_transform] group_ends=[5]
[ 2020-05-27 07:25:04,727][cascade_classifier.fit_transform] X_train.shape=(1530, 5),X_test.shape=(171, 5)
[ 2020-05-27 07:25:04,728][cascade_classifier.fit_transform] [layer=0] look_indexs=[0], X_cur_train.shape=(1530, 5), X_cur_test.shape=(171, 5)
[ 2020-05-27 07:25:04,753][kfold_wrapper.log_eval_metrics] Accuracy(layer_0 - estimator_0 - 5_folds.train_0.predict)=37.91%
[ 2020-05-27 07:25:04,775][kfold_wrapper.log_eval_metrics] Accuracy(layer_0 - estimator_0 - 5_folds.train_1.predict)=37.58%
[ 2020-05-27 07:25:04,798][kfold_wrapper.log_eval_metrics] Accuracy(layer_0 - estimator_0 - 5_folds.train_2.predict)=36.93%
[ 2020-05-27 07:25:04,822][kfold_wrapper.log_eval_metrics] Accuracy(layer_0 - estimator_0 - 5_folds.train_3.predict)=37.91%
[ 2020-05-27 07:25:04,846][kfold_wrapper.log_eval_metrics] Accuracy(layer_0 - estimator_0 - 5_folds.train_4.predict)=40.85%
[ 2020-05-27 07:25:04,848][kfold_wrapper.log_eval_metrics] Accuracy(layer_0 - estimator_0 - 5_folds.train_cv.predict)=38.24%
[ 2020-05-27 07:25:04,849][kfold_wrapper.log_eval_metrics] Accuracy(layer_0 - estimator_0 - 5_folds.test.predict)=26.90%
[ 2020-05-27 07:25:05,067][kfold_wrapper.log_eval_metrics] Accuracy(layer_0 - estimator_1 - 12_folds.train_0.predict)=35.16%
[ 2020-05-27 07:25:05,390][kfold_wrapper.log_eval_metrics] Accuracy(layer_0 - estimator_1 - 12_folds.train_1.predict)=32.03%
[ 2020-05-27 07:25:05,736][kfold_wrapper.log_eval_metrics] Accuracy(layer_0 - estimator_1 - 12_folds.train_2.predict)=33.59%
[ 2020-05-27 07:25:06,077][kfold_wrapper.log_eval_metrics] Accuracy(layer_0 - estimator_1 - 12_folds.train_3.predict)=30.47%
[ 2020-05-27 07:25:06,427][kfold_wrapper.log_eval_metrics] Accuracy(layer_0 - estimator_1 - 12_folds.train_4.predict)=30.47%
[ 2020-05-27 07:25:06,772][kfold_wrapper.log_eval_metrics] Accuracy(layer_0 - estimator_1 - 12_folds.train_5.predict)=40.62%
[ 2020-05-27 07:25:07,105][kfold_wrapper.log_eval_metrics] Accuracy(layer_0 - estimator_1 - 12_folds.train_6.predict)=33.07%
[ 2020-05-27 07:25:07,457][kfold_wrapper.log_eval_metrics] Accuracy(layer_0 - estimator_1 - 12_folds.train_7.predict)=40.94%
[ 2020-05-27 07:25:07,809][kfold_wrapper.log_eval_metrics] Accuracy(layer_0 - estimator_1 - 12_folds.train_8.predict)=37.80%
[ 2020-05-27 07:25:08,162][kfold_wrapper.log_eval_metrics] Accuracy(layer_0 - estimator_1 - 12_folds.train_9.predict)=31.50%
[ 2020-05-27 07:25:08,501][kfold_wrapper.log_eval_metrics] Accuracy(layer_0 - estimator_1 - 12_folds.train_10.predict)=33.86%
[ 2020-05-27 07:25:08,859][kfold_wrapper.log_eval_metrics] Accuracy(layer_0 - estimator_1 - 12_folds.train_11.predict)=32.28%
[ 2020-05-27 07:25:08,975][kfold_wrapper.log_eval_metrics] Accuracy(layer_0 - estimator_1 - 12_folds.train_cv.predict)=34.31%
[ 2020-05-27 07:25:08,978][kfold_wrapper.log_eval_metrics] Accuracy(layer_0 - estimator_1 - 12_folds.test.predict)=28.65%
[ 2020-05-27 07:25:09,217][kfold_wrapper.log_eval_metrics] Accuracy(layer_0 - estimator_2 - 12_folds.train_0.predict)=29.69%
[ 2020-05-27 07:25:09,571][kfold_wrapper.log_eval_metrics] Accuracy(layer_0 - estimator_2 - 12_folds.train_1.predict)=35.16%
[ 2020-05-27 07:25:09,929][kfold_wrapper.log_eval_metrics] Accuracy(layer_0 - estimator_2 - 12_folds.train_2.predict)=34.38%
[ 2020-05-27 07:25:10,271][kfold_wrapper.log_eval_metrics] Accuracy(layer_0 - estimator_2 - 12_folds.train_3.predict)=32.81%
[ 2020-05-27 07:25:10,627][kfold_wrapper.log_eval_metrics] Accuracy(layer_0 - estimator_2 - 12_folds.train_4.predict)=38.28%
[ 2020-05-27 07:25:10,984][kfold_wrapper.log_eval_metrics] Accuracy(layer_0 - estimator_2 - 12_folds.train_5.predict)=32.81%
[ 2020-05-27 07:25:11,331][kfold_wrapper.log_eval_metrics] Accuracy(layer_0 - estimator_2 - 12_folds.train_6.predict)=36.22%
[ 2020-05-27 07:25:11,680][kfold_wrapper.log_eval_metrics] Accuracy(layer_0 - estimator_2 - 12_folds.train_7.predict)=36.22%
[ 2020-05-27 07:25:12,029][kfold_wrapper.log_eval_metrics] Accuracy(layer_0 - estimator_2 - 12_folds.train_8.predict)=26.77%
[ 2020-05-27 07:25:12,387][kfold_wrapper.log_eval_metrics] Accuracy(layer_0 - estimator_2 - 12_folds.train_9.predict)=35.43%
[ 2020-05-27 07:25:12,745][kfold_wrapper.log_eval_metrics] Accuracy(layer_0 - estimator_2 - 12_folds.train_10.predict)=29.92%
[ 2020-05-27 07:25:13,100][kfold_wrapper.log_eval_metrics] Accuracy(layer_0 - estimator_2 - 12_folds.train_11.predict)=32.28%
[ 2020-05-27 07:25:13,218][kfold_wrapper.log_eval_metrics] Accuracy(layer_0 - estimator_2 - 12_folds.train_cv.predict)=33.33%
[ 2020-05-27 07:25:13,221][kfold_wrapper.log_eval_metrics] Accuracy(layer_0 - estimator_2 - 12_folds.test.predict)=30.99%
[ 2020-05-27 07:25:13,279][kfold_wrapper.log_eval_metrics] Accuracy(layer_0 - estimator_3 - 12_folds.train_0.predict)=42.97%
[ 2020-05-27 07:25:13,304][kfold_wrapper.log_eval_metrics] Accuracy(layer_0 - estimator_3 - 12_folds.train_1.predict)=31.25%
[ 2020-05-27 07:25:13,317][kfold_wrapper.log_eval_metrics] Accuracy(layer_0 - estimator_3 - 12_folds.train_2.predict)=42.19%
[ 2020-05-27 07:25:13,332][kfold_wrapper.log_eval_metrics] Accuracy(layer_0 - estimator_3 - 12_folds.train_3.predict)=39.84%
[ 2020-05-27 07:25:13,346][kfold_wrapper.log_eval_metrics] Accuracy(layer_0 - estimator_3 - 12_folds.train_4.predict)=44.53%
[ 2020-05-27 07:25:13,361][kfold_wrapper.log_eval_metrics] Accuracy(layer_0 - estimator_3 - 12_folds.train_5.predict)=44.53%
[ 2020-05-27 07:25:13,377][kfold_wrapper.log_eval_metrics] Accuracy(layer_0 - estimator_3 - 12_folds.train_6.predict)=46.46%
[ 2020-05-27 07:25:13,391][kfold_wrapper.log_eval_metrics] Accuracy(layer_0 - estimator_3 - 12_folds.train_7.predict)=41.73%
[ 2020-05-27 07:25:13,405][kfold_wrapper.log_eval_metrics] Accuracy(layer_0 - estimator_3 - 12_folds.train_8.predict)=42.52%
[ 2020-05-27 07:25:13,420][kfold_wrapper.log_eval_metrics] Accuracy(layer_0 - estimator_3 - 12_folds.train_9.predict)=39.37%
[ 2020-05-27 07:25:13,435][kfold_wrapper.log_eval_metrics] Accuracy(layer_0 - estimator_3 - 12_folds.train_10.predict)=35.43%
[ 2020-05-27 07:25:13,450][kfold_wrapper.log_eval_metrics] Accuracy(layer_0 - estimator_3 - 12_folds.train_11.predict)=35.43%
[ 2020-05-27 07:25:13,451][kfold_wrapper.log_eval_metrics] Accuracy(layer_0 - estimator_3 - 12_folds.train_cv.predict)=40.52%
[ 2020-05-27 07:25:13,452][kfold_wrapper.log_eval_metrics] Accuracy(layer_0 - estimator_3 - 12_folds.test.predict)=24.56%
[ 2020-05-27 07:25:13,452][cascade_classifier.calc_accuracy] Accuracy(layer_0 - train.classifier_average)=34.77%
[ 2020-05-27 07:25:13,453][cascade_classifier.calc_accuracy] Accuracy(layer_0 - test.classifier_average)=29.24%
[ 2020-05-27 07:25:13,454][cascade_classifier.fit_transform] [layer=1] look_indexs=[0], X_cur_train.shape=(1530, 17), X_cur_test.shape=(171, 17)
[ 2020-05-27 07:25:13,482][kfold_wrapper.log_eval_metrics] Accuracy(layer_1 - estimator_0 - 5_folds.train_0.predict)=35.62%
[ 2020-05-27 07:25:13,510][kfold_wrapper.log_eval_metrics] Accuracy(layer_1 - estimator_0 - 5_folds.train_1.predict)=41.18%
[ 2020-05-27 07:25:13,539][kfold_wrapper.log_eval_metrics] Accuracy(layer_1 - estimator_0 - 5_folds.train_2.predict)=37.58%
[ 2020-05-27 07:25:13,568][kfold_wrapper.log_eval_metrics] Accuracy(layer_1 - estimator_0 - 5_folds.train_3.predict)=37.58%
[ 2020-05-27 07:25:13,597][kfold_wrapper.log_eval_metrics] Accuracy(layer_1 - estimator_0 - 5_folds.train_4.predict)=37.91%
[ 2020-05-27 07:25:13,599][kfold_wrapper.log_eval_metrics] Accuracy(layer_1 - estimator_0 - 5_folds.train_cv.predict)=37.97%
[ 2020-05-27 07:25:13,600][kfold_wrapper.log_eval_metrics] Accuracy(layer_1 - estimator_0 - 5_folds.test.predict)=24.56%
[ 2020-05-27 07:25:13,818][kfold_wrapper.log_eval_metrics] Accuracy(layer_1 - estimator_1 - 12_folds.train_0.predict)=37.50%
[ 2020-05-27 07:25:14,168][kfold_wrapper.log_eval_metrics] Accuracy(layer_1 - estimator_1 - 12_folds.train_1.predict)=39.84%
[ 2020-05-27 07:25:14,515][kfold_wrapper.log_eval_metrics] Accuracy(layer_1 - estimator_1 - 12_folds.train_2.predict)=31.25%
[ 2020-05-27 07:25:14,870][kfold_wrapper.log_eval_metrics] Accuracy(layer_1 - estimator_1 - 12_folds.train_3.predict)=34.38%
[ 2020-05-27 07:25:15,217][kfold_wrapper.log_eval_metrics] Accuracy(layer_1 - estimator_1 - 12_folds.train_4.predict)=39.06%
[ 2020-05-27 07:25:15,558][kfold_wrapper.log_eval_metrics] Accuracy(layer_1 - estimator_1 - 12_folds.train_5.predict)=32.03%
[ 2020-05-27 07:25:15,906][kfold_wrapper.log_eval_metrics] Accuracy(layer_1 - estimator_1 - 12_folds.train_6.predict)=32.28%
[ 2020-05-27 07:25:16,252][kfold_wrapper.log_eval_metrics] Accuracy(layer_1 - estimator_1 - 12_folds.train_7.predict)=28.35%
[ 2020-05-27 07:25:16,599][kfold_wrapper.log_eval_metrics] Accuracy(layer_1 - estimator_1 - 12_folds.train_8.predict)=42.52%
[ 2020-05-27 07:25:16,938][kfold_wrapper.log_eval_metrics] Accuracy(layer_1 - estimator_1 - 12_folds.train_9.predict)=44.09%
[ 2020-05-27 07:25:17,286][kfold_wrapper.log_eval_metrics] Accuracy(layer_1 - estimator_1 - 12_folds.train_10.predict)=36.22%
[ 2020-05-27 07:25:17,641][kfold_wrapper.log_eval_metrics] Accuracy(layer_1 - estimator_1 - 12_folds.train_11.predict)=40.94%
[ 2020-05-27 07:25:17,758][kfold_wrapper.log_eval_metrics] Accuracy(layer_1 - estimator_1 - 12_folds.train_cv.predict)=36.54%
[ 2020-05-27 07:25:17,761][kfold_wrapper.log_eval_metrics] Accuracy(layer_1 - estimator_1 - 12_folds.test.predict)=26.32%
[ 2020-05-27 07:25:18,012][kfold_wrapper.log_eval_metrics] Accuracy(layer_1 - estimator_2 - 12_folds.train_0.predict)=41.41%
[ 2020-05-27 07:25:18,350][kfold_wrapper.log_eval_metrics] Accuracy(layer_1 - estimator_2 - 12_folds.train_1.predict)=40.62%
[ 2020-05-27 07:25:18,689][kfold_wrapper.log_eval_metrics] Accuracy(layer_1 - estimator_2 - 12_folds.train_2.predict)=37.50%
[ 2020-05-27 07:25:19,043][kfold_wrapper.log_eval_metrics] Accuracy(layer_1 - estimator_2 - 12_folds.train_3.predict)=39.84%
[ 2020-05-27 07:25:19,387][kfold_wrapper.log_eval_metrics] Accuracy(layer_1 - estimator_2 - 12_folds.train_4.predict)=39.84%
[ 2020-05-27 07:25:19,736][kfold_wrapper.log_eval_metrics] Accuracy(layer_1 - estimator_2 - 12_folds.train_5.predict)=43.75%
[ 2020-05-27 07:25:20,051][kfold_wrapper.log_eval_metrics] Accuracy(layer_1 - estimator_2 - 12_folds.train_6.predict)=42.52%
[ 2020-05-27 07:25:20,367][kfold_wrapper.log_eval_metrics] Accuracy(layer_1 - estimator_2 - 12_folds.train_7.predict)=32.28%
[ 2020-05-27 07:25:20,692][kfold_wrapper.log_eval_metrics] Accuracy(layer_1 - estimator_2 - 12_folds.train_8.predict)=40.94%
[ 2020-05-27 07:25:21,047][kfold_wrapper.log_eval_metrics] Accuracy(layer_1 - estimator_2 - 12_folds.train_9.predict)=30.71%
[ 2020-05-27 07:25:21,386][kfold_wrapper.log_eval_metrics] Accuracy(layer_1 - estimator_2 - 12_folds.train_10.predict)=40.16%
[ 2020-05-27 07:25:21,725][kfold_wrapper.log_eval_metrics] Accuracy(layer_1 - estimator_2 - 12_folds.train_11.predict)=36.22%
[ 2020-05-27 07:25:21,838][kfold_wrapper.log_eval_metrics] Accuracy(layer_1 - estimator_2 - 12_folds.train_cv.predict)=38.82%
[ 2020-05-27 07:25:21,842][kfold_wrapper.log_eval_metrics] Accuracy(layer_1 - estimator_2 - 12_folds.test.predict)=34.50%
[ 2020-05-27 07:25:21,914][kfold_wrapper.log_eval_metrics] Accuracy(layer_1 - estimator_3 - 12_folds.train_0.predict)=42.97%
[ 2020-05-27 07:25:21,963][kfold_wrapper.log_eval_metrics] Accuracy(layer_1 - estimator_3 - 12_folds.train_1.predict)=35.16%
[ 2020-05-27 07:25:22,015][kfold_wrapper.log_eval_metrics] Accuracy(layer_1 - estimator_3 - 12_folds.train_2.predict)=43.75%
[ 2020-05-27 07:25:22,068][kfold_wrapper.log_eval_metrics] Accuracy(layer_1 - estimator_3 - 12_folds.train_3.predict)=37.50%
[ 2020-05-27 07:25:22,119][kfold_wrapper.log_eval_metrics] Accuracy(layer_1 - estimator_3 - 12_folds.train_4.predict)=43.75%
[ 2020-05-27 07:25:22,171][kfold_wrapper.log_eval_metrics] Accuracy(layer_1 - estimator_3 - 12_folds.train_5.predict)=39.84%
[ 2020-05-27 07:25:22,220][kfold_wrapper.log_eval_metrics] Accuracy(layer_1 - estimator_3 - 12_folds.train_6.predict)=34.65%
[ 2020-05-27 07:25:22,269][kfold_wrapper.log_eval_metrics] Accuracy(layer_1 - estimator_3 - 12_folds.train_7.predict)=41.73%
[ 2020-05-27 07:25:22,320][kfold_wrapper.log_eval_metrics] Accuracy(layer_1 - estimator_3 - 12_folds.train_8.predict)=44.09%
[ 2020-05-27 07:25:22,370][kfold_wrapper.log_eval_metrics] Accuracy(layer_1 - estimator_3 - 12_folds.train_9.predict)=41.73%
[ 2020-05-27 07:25:22,419][kfold_wrapper.log_eval_metrics] Accuracy(layer_1 - estimator_3 - 12_folds.train_10.predict)=32.28%
[ 2020-05-27 07:25:22,470][kfold_wrapper.log_eval_metrics] Accuracy(layer_1 - estimator_3 - 12_folds.train_11.predict)=45.67%
[ 2020-05-27 07:25:22,471][kfold_wrapper.log_eval_metrics] Accuracy(layer_1 - estimator_3 - 12_folds.train_cv.predict)=40.26%
[ 2020-05-27 07:25:22,472][kfold_wrapper.log_eval_metrics] Accuracy(layer_1 - estimator_3 - 12_folds.test.predict)=25.73%
[ 2020-05-27 07:25:22,472][cascade_classifier.calc_accuracy] Accuracy(layer_1 - train.classifier_average)=39.08%
[ 2020-05-27 07:25:22,473][cascade_classifier.calc_accuracy] Accuracy(layer_1 - test.classifier_average)=26.90%
[ 2020-05-27 07:25:22,474][cascade_classifier.fit_transform] [layer=2] look_indexs=[0], X_cur_train.shape=(1530, 17), X_cur_test.shape=(171, 17)
[ 2020-05-27 07:25:22,505][kfold_wrapper.log_eval_metrics] Accuracy(layer_2 - estimator_0 - 5_folds.train_0.predict)=37.58%
[ 2020-05-27 07:25:22,534][kfold_wrapper.log_eval_metrics] Accuracy(layer_2 - estimator_0 - 5_folds.train_1.predict)=36.60%
[ 2020-05-27 07:25:22,564][kfold_wrapper.log_eval_metrics] Accuracy(layer_2 - estimator_0 - 5_folds.train_2.predict)=35.95%
[ 2020-05-27 07:25:22,593][kfold_wrapper.log_eval_metrics] Accuracy(layer_2 - estimator_0 - 5_folds.train_3.predict)=40.52%
[ 2020-05-27 07:25:22,622][kfold_wrapper.log_eval_metrics] Accuracy(layer_2 - estimator_0 - 5_folds.train_4.predict)=35.95%
[ 2020-05-27 07:25:22,624][kfold_wrapper.log_eval_metrics] Accuracy(layer_2 - estimator_0 - 5_folds.train_cv.predict)=37.32%
[ 2020-05-27 07:25:22,626][kfold_wrapper.log_eval_metrics] Accuracy(layer_2 - estimator_0 - 5_folds.test.predict)=30.41%
[ 2020-05-27 07:25:22,845][kfold_wrapper.log_eval_metrics] Accuracy(layer_2 - estimator_1 - 12_folds.train_0.predict)=31.25%
[ 2020-05-27 07:25:23,198][kfold_wrapper.log_eval_metrics] Accuracy(layer_2 - estimator_1 - 12_folds.train_1.predict)=41.41%
[ 2020-05-27 07:25:23,553][kfold_wrapper.log_eval_metrics] Accuracy(layer_2 - estimator_1 - 12_folds.train_2.predict)=39.84%
[ 2020-05-27 07:25:23,912][kfold_wrapper.log_eval_metrics] Accuracy(layer_2 - estimator_1 - 12_folds.train_3.predict)=34.38%
[ 2020-05-27 07:25:24,258][kfold_wrapper.log_eval_metrics] Accuracy(layer_2 - estimator_1 - 12_folds.train_4.predict)=38.28%
[ 2020-05-27 07:25:24,607][kfold_wrapper.log_eval_metrics] Accuracy(layer_2 - estimator_1 - 12_folds.train_5.predict)=42.19%
[ 2020-05-27 07:25:24,965][kfold_wrapper.log_eval_metrics] Accuracy(layer_2 - estimator_1 - 12_folds.train_6.predict)=37.80%
[ 2020-05-27 07:25:25,321][kfold_wrapper.log_eval_metrics] Accuracy(layer_2 - estimator_1 - 12_folds.train_7.predict)=39.37%
[ 2020-05-27 07:25:25,662][kfold_wrapper.log_eval_metrics] Accuracy(layer_2 - estimator_1 - 12_folds.train_8.predict)=33.86%
[ 2020-05-27 07:25:26,021][kfold_wrapper.log_eval_metrics] Accuracy(layer_2 - estimator_1 - 12_folds.train_9.predict)=39.37%
[ 2020-05-27 07:25:26,358][kfold_wrapper.log_eval_metrics] Accuracy(layer_2 - estimator_1 - 12_folds.train_10.predict)=32.28%
[ 2020-05-27 07:25:26,715][kfold_wrapper.log_eval_metrics] Accuracy(layer_2 - estimator_1 - 12_folds.train_11.predict)=38.58%
[ 2020-05-27 07:25:26,832][kfold_wrapper.log_eval_metrics] Accuracy(layer_2 - estimator_1 - 12_folds.train_cv.predict)=37.39%
[ 2020-05-27 07:25:26,835][kfold_wrapper.log_eval_metrics] Accuracy(layer_2 - estimator_1 - 12_folds.test.predict)=30.41%
[ 2020-05-27 07:25:27,076][kfold_wrapper.log_eval_metrics] Accuracy(layer_2 - estimator_2 - 12_folds.train_0.predict)=36.72%
[ 2020-05-27 07:25:27,428][kfold_wrapper.log_eval_metrics] Accuracy(layer_2 - estimator_2 - 12_folds.train_1.predict)=37.50%
[ 2020-05-27 07:25:27,786][kfold_wrapper.log_eval_metrics] Accuracy(layer_2 - estimator_2 - 12_folds.train_2.predict)=43.75%
[ 2020-05-27 07:25:28,135][kfold_wrapper.log_eval_metrics] Accuracy(layer_2 - estimator_2 - 12_folds.train_3.predict)=36.72%
[ 2020-05-27 07:25:28,481][kfold_wrapper.log_eval_metrics] Accuracy(layer_2 - estimator_2 - 12_folds.train_4.predict)=32.81%
[ 2020-05-27 07:25:28,837][kfold_wrapper.log_eval_metrics] Accuracy(layer_2 - estimator_2 - 12_folds.train_5.predict)=34.38%
[ 2020-05-27 07:25:29,196][kfold_wrapper.log_eval_metrics] Accuracy(layer_2 - estimator_2 - 12_folds.train_6.predict)=32.28%
[ 2020-05-27 07:25:29,536][kfold_wrapper.log_eval_metrics] Accuracy(layer_2 - estimator_2 - 12_folds.train_7.predict)=38.58%
[ 2020-05-27 07:25:29,889][kfold_wrapper.log_eval_metrics] Accuracy(layer_2 - estimator_2 - 12_folds.train_8.predict)=33.07%
[ 2020-05-27 07:25:30,233][kfold_wrapper.log_eval_metrics] Accuracy(layer_2 - estimator_2 - 12_folds.train_9.predict)=35.43%
[ 2020-05-27 07:25:30,578][kfold_wrapper.log_eval_metrics] Accuracy(layer_2 - estimator_2 - 12_folds.train_10.predict)=32.28%
[ 2020-05-27 07:25:30,931][kfold_wrapper.log_eval_metrics] Accuracy(layer_2 - estimator_2 - 12_folds.train_11.predict)=37.80%
[ 2020-05-27 07:25:31,049][kfold_wrapper.log_eval_metrics] Accuracy(layer_2 - estimator_2 - 12_folds.train_cv.predict)=35.95%
[ 2020-05-27 07:25:31,052][kfold_wrapper.log_eval_metrics] Accuracy(layer_2 - estimator_2 - 12_folds.test.predict)=33.33%
[ 2020-05-27 07:25:31,153][kfold_wrapper.log_eval_metrics] Accuracy(layer_2 - estimator_3 - 12_folds.train_0.predict)=36.72%
[ 2020-05-27 07:25:31,208][kfold_wrapper.log_eval_metrics] Accuracy(layer_2 - estimator_3 - 12_folds.train_1.predict)=35.16%
[ 2020-05-27 07:25:31,266][kfold_wrapper.log_eval_metrics] Accuracy(layer_2 - estimator_3 - 12_folds.train_2.predict)=38.28%
[ 2020-05-27 07:25:31,320][kfold_wrapper.log_eval_metrics] Accuracy(layer_2 - estimator_3 - 12_folds.train_3.predict)=41.41%
[ 2020-05-27 07:25:31,375][kfold_wrapper.log_eval_metrics] Accuracy(layer_2 - estimator_3 - 12_folds.train_4.predict)=42.97%
[ 2020-05-27 07:25:31,430][kfold_wrapper.log_eval_metrics] Accuracy(layer_2 - estimator_3 - 12_folds.train_5.predict)=39.84%
[ 2020-05-27 07:25:31,482][kfold_wrapper.log_eval_metrics] Accuracy(layer_2 - estimator_3 - 12_folds.train_6.predict)=41.73%
[ 2020-05-27 07:25:31,537][kfold_wrapper.log_eval_metrics] Accuracy(layer_2 - estimator_3 - 12_folds.train_7.predict)=37.01%
[ 2020-05-27 07:25:31,596][kfold_wrapper.log_eval_metrics] Accuracy(layer_2 - estimator_3 - 12_folds.train_8.predict)=35.43%
[ 2020-05-27 07:25:31,652][kfold_wrapper.log_eval_metrics] Accuracy(layer_2 - estimator_3 - 12_folds.train_9.predict)=33.07%
[ 2020-05-27 07:25:31,707][kfold_wrapper.log_eval_metrics] Accuracy(layer_2 - estimator_3 - 12_folds.train_10.predict)=38.58%
[ 2020-05-27 07:25:31,761][kfold_wrapper.log_eval_metrics] Accuracy(layer_2 - estimator_3 - 12_folds.train_11.predict)=40.16%
[ 2020-05-27 07:25:31,762][kfold_wrapper.log_eval_metrics] Accuracy(layer_2 - estimator_3 - 12_folds.train_cv.predict)=38.37%
[ 2020-05-27 07:25:31,763][kfold_wrapper.log_eval_metrics] Accuracy(layer_2 - estimator_3 - 12_folds.test.predict)=24.56%
[ 2020-05-27 07:25:31,763][cascade_classifier.calc_accuracy] Accuracy(layer_2 - train.classifier_average)=37.78%
[ 2020-05-27 07:25:31,764][cascade_classifier.calc_accuracy] Accuracy(layer_2 - test.classifier_average)=32.16%
[ 2020-05-27 07:25:31,765][cascade_classifier.fit_transform] [layer=3] look_indexs=[0], X_cur_train.shape=(1530, 17), X_cur_test.shape=(171, 17)
[ 2020-05-27 07:25:31,795][kfold_wrapper.log_eval_metrics] Accuracy(layer_3 - estimator_0 - 5_folds.train_0.predict)=33.99%
[ 2020-05-27 07:25:31,825][kfold_wrapper.log_eval_metrics] Accuracy(layer_3 - estimator_0 - 5_folds.train_1.predict)=34.64%
[ 2020-05-27 07:25:31,856][kfold_wrapper.log_eval_metrics] Accuracy(layer_3 - estimator_0 - 5_folds.train_2.predict)=39.87%
[ 2020-05-27 07:25:31,887][kfold_wrapper.log_eval_metrics] Accuracy(layer_3 - estimator_0 - 5_folds.train_3.predict)=35.62%
[ 2020-05-27 07:25:31,918][kfold_wrapper.log_eval_metrics] Accuracy(layer_3 - estimator_0 - 5_folds.train_4.predict)=39.87%
[ 2020-05-27 07:25:31,920][kfold_wrapper.log_eval_metrics] Accuracy(layer_3 - estimator_0 - 5_folds.train_cv.predict)=36.80%
[ 2020-05-27 07:25:31,922][kfold_wrapper.log_eval_metrics] Accuracy(layer_3 - estimator_0 - 5_folds.test.predict)=28.07%
[ 2020-05-27 07:25:32,141][kfold_wrapper.log_eval_metrics] Accuracy(layer_3 - estimator_1 - 12_folds.train_0.predict)=36.72%
[ 2020-05-27 07:25:32,477][kfold_wrapper.log_eval_metrics] Accuracy(layer_3 - estimator_1 - 12_folds.train_1.predict)=39.84%
[ 2020-05-27 07:25:32,833][kfold_wrapper.log_eval_metrics] Accuracy(layer_3 - estimator_1 - 12_folds.train_2.predict)=34.38%
[ 2020-05-27 07:25:33,192][kfold_wrapper.log_eval_metrics] Accuracy(layer_3 - estimator_1 - 12_folds.train_3.predict)=43.75%
[ 2020-05-27 07:25:33,547][kfold_wrapper.log_eval_metrics] Accuracy(layer_3 - estimator_1 - 12_folds.train_4.predict)=35.16%
[ 2020-05-27 07:25:33,890][kfold_wrapper.log_eval_metrics] Accuracy(layer_3 - estimator_1 - 12_folds.train_5.predict)=35.94%
[ 2020-05-27 07:25:34,238][kfold_wrapper.log_eval_metrics] Accuracy(layer_3 - estimator_1 - 12_folds.train_6.predict)=33.07%
[ 2020-05-27 07:25:34,586][kfold_wrapper.log_eval_metrics] Accuracy(layer_3 - estimator_1 - 12_folds.train_7.predict)=33.07%
[ 2020-05-27 07:25:34,940][kfold_wrapper.log_eval_metrics] Accuracy(layer_3 - estimator_1 - 12_folds.train_8.predict)=36.22%
[ 2020-05-27 07:25:35,295][kfold_wrapper.log_eval_metrics] Accuracy(layer_3 - estimator_1 - 12_folds.train_9.predict)=37.01%
[ 2020-05-27 07:25:35,653][kfold_wrapper.log_eval_metrics] Accuracy(layer_3 - estimator_1 - 12_folds.train_10.predict)=44.09%
[ 2020-05-27 07:25:36,011][kfold_wrapper.log_eval_metrics] Accuracy(layer_3 - estimator_1 - 12_folds.train_11.predict)=29.92%
[ 2020-05-27 07:25:36,129][kfold_wrapper.log_eval_metrics] Accuracy(layer_3 - estimator_1 - 12_folds.train_cv.predict)=36.60%
[ 2020-05-27 07:25:36,131][kfold_wrapper.log_eval_metrics] Accuracy(layer_3 - estimator_1 - 12_folds.test.predict)=29.82%
[ 2020-05-27 07:25:36,367][kfold_wrapper.log_eval_metrics] Accuracy(layer_3 - estimator_2 - 12_folds.train_0.predict)=35.16%
[ 2020-05-27 07:25:36,722][kfold_wrapper.log_eval_metrics] Accuracy(layer_3 - estimator_2 - 12_folds.train_1.predict)=40.62%
[ 2020-05-27 07:25:37,081][kfold_wrapper.log_eval_metrics] Accuracy(layer_3 - estimator_2 - 12_folds.train_2.predict)=34.38%
[ 2020-05-27 07:25:37,411][kfold_wrapper.log_eval_metrics] Accuracy(layer_3 - estimator_2 - 12_folds.train_3.predict)=35.16%
[ 2020-05-27 07:25:37,755][kfold_wrapper.log_eval_metrics] Accuracy(layer_3 - estimator_2 - 12_folds.train_4.predict)=35.94%
[ 2020-05-27 07:25:38,112][kfold_wrapper.log_eval_metrics] Accuracy(layer_3 - estimator_2 - 12_folds.train_5.predict)=37.50%
[ 2020-05-27 07:25:38,467][kfold_wrapper.log_eval_metrics] Accuracy(layer_3 - estimator_2 - 12_folds.train_6.predict)=37.01%
[ 2020-05-27 07:25:38,819][kfold_wrapper.log_eval_metrics] Accuracy(layer_3 - estimator_2 - 12_folds.train_7.predict)=35.43%
[ 2020-05-27 07:25:39,165][kfold_wrapper.log_eval_metrics] Accuracy(layer_3 - estimator_2 - 12_folds.train_8.predict)=34.65%
[ 2020-05-27 07:25:39,523][kfold_wrapper.log_eval_metrics] Accuracy(layer_3 - estimator_2 - 12_folds.train_9.predict)=38.58%
[ 2020-05-27 07:25:39,880][kfold_wrapper.log_eval_metrics] Accuracy(layer_3 - estimator_2 - 12_folds.train_10.predict)=30.71%
[ 2020-05-27 07:25:40,225][kfold_wrapper.log_eval_metrics] Accuracy(layer_3 - estimator_2 - 12_folds.train_11.predict)=27.56%
[ 2020-05-27 07:25:40,344][kfold_wrapper.log_eval_metrics] Accuracy(layer_3 - estimator_2 - 12_folds.train_cv.predict)=35.23%
[ 2020-05-27 07:25:40,347][kfold_wrapper.log_eval_metrics] Accuracy(layer_3 - estimator_2 - 12_folds.test.predict)=32.16%
[ 2020-05-27 07:25:40,459][kfold_wrapper.log_eval_metrics] Accuracy(layer_3 - estimator_3 - 12_folds.train_0.predict)=28.91%
[ 2020-05-27 07:25:40,518][kfold_wrapper.log_eval_metrics] Accuracy(layer_3 - estimator_3 - 12_folds.train_1.predict)=39.84%
[ 2020-05-27 07:25:40,580][kfold_wrapper.log_eval_metrics] Accuracy(layer_3 - estimator_3 - 12_folds.train_2.predict)=39.06%
[ 2020-05-27 07:25:40,639][kfold_wrapper.log_eval_metrics] Accuracy(layer_3 - estimator_3 - 12_folds.train_3.predict)=42.97%
[ 2020-05-27 07:25:40,699][kfold_wrapper.log_eval_metrics] Accuracy(layer_3 - estimator_3 - 12_folds.train_4.predict)=44.53%
[ 2020-05-27 07:25:40,760][kfold_wrapper.log_eval_metrics] Accuracy(layer_3 - estimator_3 - 12_folds.train_5.predict)=42.97%
[ 2020-05-27 07:25:40,820][kfold_wrapper.log_eval_metrics] Accuracy(layer_3 - estimator_3 - 12_folds.train_6.predict)=40.94%
[ 2020-05-27 07:25:40,881][kfold_wrapper.log_eval_metrics] Accuracy(layer_3 - estimator_3 - 12_folds.train_7.predict)=42.52%
[ 2020-05-27 07:25:40,942][kfold_wrapper.log_eval_metrics] Accuracy(layer_3 - estimator_3 - 12_folds.train_8.predict)=30.71%
[ 2020-05-27 07:25:41,002][kfold_wrapper.log_eval_metrics] Accuracy(layer_3 - estimator_3 - 12_folds.train_9.predict)=39.37%
[ 2020-05-27 07:25:41,067][kfold_wrapper.log_eval_metrics] Accuracy(layer_3 - estimator_3 - 12_folds.train_10.predict)=40.16%
[ 2020-05-27 07:25:41,130][kfold_wrapper.log_eval_metrics] Accuracy(layer_3 - estimator_3 - 12_folds.train_11.predict)=41.73%
[ 2020-05-27 07:25:41,131][kfold_wrapper.log_eval_metrics] Accuracy(layer_3 - estimator_3 - 12_folds.train_cv.predict)=39.48%
[ 2020-05-27 07:25:41,132][kfold_wrapper.log_eval_metrics] Accuracy(layer_3 - estimator_3 - 12_folds.test.predict)=24.56%
[ 2020-05-27 07:25:41,133][cascade_classifier.calc_accuracy] Accuracy(layer_3 - train.classifier_average)=38.95%
[ 2020-05-27 07:25:41,134][cascade_classifier.calc_accuracy] Accuracy(layer_3 - test.classifier_average)=28.07%
[ 2020-05-27 07:25:41,134][cascade_classifier.fit_transform] [layer=4] look_indexs=[0], X_cur_train.shape=(1530, 17), X_cur_test.shape=(171, 17)
[ 2020-05-27 07:25:41,167][kfold_wrapper.log_eval_metrics] Accuracy(layer_4 - estimator_0 - 5_folds.train_0.predict)=39.54%
[ 2020-05-27 07:25:41,199][kfold_wrapper.log_eval_metrics] Accuracy(layer_4 - estimator_0 - 5_folds.train_1.predict)=34.97%
[ 2020-05-27 07:25:41,231][kfold_wrapper.log_eval_metrics] Accuracy(layer_4 - estimator_0 - 5_folds.train_2.predict)=37.58%
[ 2020-05-27 07:25:41,263][kfold_wrapper.log_eval_metrics] Accuracy(layer_4 - estimator_0 - 5_folds.train_3.predict)=39.22%
[ 2020-05-27 07:25:41,295][kfold_wrapper.log_eval_metrics] Accuracy(layer_4 - estimator_0 - 5_folds.train_4.predict)=39.22%
[ 2020-05-27 07:25:41,298][kfold_wrapper.log_eval_metrics] Accuracy(layer_4 - estimator_0 - 5_folds.train_cv.predict)=38.10%
[ 2020-05-27 07:25:41,299][kfold_wrapper.log_eval_metrics] Accuracy(layer_4 - estimator_0 - 5_folds.test.predict)=24.56%
[ 2020-05-27 07:25:41,519][kfold_wrapper.log_eval_metrics] Accuracy(layer_4 - estimator_1 - 12_folds.train_0.predict)=29.69%
[ 2020-05-27 07:25:41,872][kfold_wrapper.log_eval_metrics] Accuracy(layer_4 - estimator_1 - 12_folds.train_1.predict)=24.22%
[ 2020-05-27 07:25:42,222][kfold_wrapper.log_eval_metrics] Accuracy(layer_4 - estimator_1 - 12_folds.train_2.predict)=35.94%
[ 2020-05-27 07:25:42,561][kfold_wrapper.log_eval_metrics] Accuracy(layer_4 - estimator_1 - 12_folds.train_3.predict)=31.25%
[ 2020-05-27 07:25:42,906][kfold_wrapper.log_eval_metrics] Accuracy(layer_4 - estimator_1 - 12_folds.train_4.predict)=36.72%
[ 2020-05-27 07:25:43,259][kfold_wrapper.log_eval_metrics] Accuracy(layer_4 - estimator_1 - 12_folds.train_5.predict)=43.75%
[ 2020-05-27 07:25:43,601][kfold_wrapper.log_eval_metrics] Accuracy(layer_4 - estimator_1 - 12_folds.train_6.predict)=36.22%
[ 2020-05-27 07:25:43,947][kfold_wrapper.log_eval_metrics] Accuracy(layer_4 - estimator_1 - 12_folds.train_7.predict)=35.43%
[ 2020-05-27 07:25:44,299][kfold_wrapper.log_eval_metrics] Accuracy(layer_4 - estimator_1 - 12_folds.train_8.predict)=38.58%
[ 2020-05-27 07:25:44,652][kfold_wrapper.log_eval_metrics] Accuracy(layer_4 - estimator_1 - 12_folds.train_9.predict)=40.16%
[ 2020-05-27 07:25:45,011][kfold_wrapper.log_eval_metrics] Accuracy(layer_4 - estimator_1 - 12_folds.train_10.predict)=33.07%
[ 2020-05-27 07:25:45,363][kfold_wrapper.log_eval_metrics] Accuracy(layer_4 - estimator_1 - 12_folds.train_11.predict)=38.58%
[ 2020-05-27 07:25:45,473][kfold_wrapper.log_eval_metrics] Accuracy(layer_4 - estimator_1 - 12_folds.train_cv.predict)=35.29%
[ 2020-05-27 07:25:45,476][kfold_wrapper.log_eval_metrics] Accuracy(layer_4 - estimator_1 - 12_folds.test.predict)=28.07%
[ 2020-05-27 07:25:45,725][kfold_wrapper.log_eval_metrics] Accuracy(layer_4 - estimator_2 - 12_folds.train_0.predict)=39.84%
[ 2020-05-27 07:25:46,084][kfold_wrapper.log_eval_metrics] Accuracy(layer_4 - estimator_2 - 12_folds.train_1.predict)=35.16%
[ 2020-05-27 07:25:46,422][kfold_wrapper.log_eval_metrics] Accuracy(layer_4 - estimator_2 - 12_folds.train_2.predict)=42.97%
[ 2020-05-27 07:25:46,765][kfold_wrapper.log_eval_metrics] Accuracy(layer_4 - estimator_2 - 12_folds.train_3.predict)=41.41%
[ 2020-05-27 07:25:47,104][kfold_wrapper.log_eval_metrics] Accuracy(layer_4 - estimator_2 - 12_folds.train_4.predict)=37.50%
[ 2020-05-27 07:25:47,442][kfold_wrapper.log_eval_metrics] Accuracy(layer_4 - estimator_2 - 12_folds.train_5.predict)=39.84%
[ 2020-05-27 07:25:47,793][kfold_wrapper.log_eval_metrics] Accuracy(layer_4 - estimator_2 - 12_folds.train_6.predict)=33.86%
[ 2020-05-27 07:25:48,152][kfold_wrapper.log_eval_metrics] Accuracy(layer_4 - estimator_2 - 12_folds.train_7.predict)=32.28%
[ 2020-05-27 07:25:48,513][kfold_wrapper.log_eval_metrics] Accuracy(layer_4 - estimator_2 - 12_folds.train_8.predict)=37.80%
[ 2020-05-27 07:25:48,859][kfold_wrapper.log_eval_metrics] Accuracy(layer_4 - estimator_2 - 12_folds.train_9.predict)=40.94%
[ 2020-05-27 07:25:49,210][kfold_wrapper.log_eval_metrics] Accuracy(layer_4 - estimator_2 - 12_folds.train_10.predict)=33.86%
[ 2020-05-27 07:25:49,565][kfold_wrapper.log_eval_metrics] Accuracy(layer_4 - estimator_2 - 12_folds.train_11.predict)=31.50%
[ 2020-05-27 07:25:49,684][kfold_wrapper.log_eval_metrics] Accuracy(layer_4 - estimator_2 - 12_folds.train_cv.predict)=37.25%
[ 2020-05-27 07:25:49,689][kfold_wrapper.log_eval_metrics] Accuracy(layer_4 - estimator_2 - 12_folds.test.predict)=25.73%
[ 2020-05-27 07:25:49,797][kfold_wrapper.log_eval_metrics] Accuracy(layer_4 - estimator_3 - 12_folds.train_0.predict)=42.19%
[ 2020-05-27 07:25:49,866][kfold_wrapper.log_eval_metrics] Accuracy(layer_4 - estimator_3 - 12_folds.train_1.predict)=42.19%
[ 2020-05-27 07:25:49,937][kfold_wrapper.log_eval_metrics] Accuracy(layer_4 - estimator_3 - 12_folds.train_2.predict)=44.53%
[ 2020-05-27 07:25:50,010][kfold_wrapper.log_eval_metrics] Accuracy(layer_4 - estimator_3 - 12_folds.train_3.predict)=36.72%
[ 2020-05-27 07:25:50,081][kfold_wrapper.log_eval_metrics] Accuracy(layer_4 - estimator_3 - 12_folds.train_4.predict)=43.75%
[ 2020-05-27 07:25:50,150][kfold_wrapper.log_eval_metrics] Accuracy(layer_4 - estimator_3 - 12_folds.train_5.predict)=35.94%
[ 2020-05-27 07:25:50,220][kfold_wrapper.log_eval_metrics] Accuracy(layer_4 - estimator_3 - 12_folds.train_6.predict)=42.52%
[ 2020-05-27 07:25:50,290][kfold_wrapper.log_eval_metrics] Accuracy(layer_4 - estimator_3 - 12_folds.train_7.predict)=36.22%
[ 2020-05-27 07:25:50,361][kfold_wrapper.log_eval_metrics] Accuracy(layer_4 - estimator_3 - 12_folds.train_8.predict)=44.09%
[ 2020-05-27 07:25:50,432][kfold_wrapper.log_eval_metrics] Accuracy(layer_4 - estimator_3 - 12_folds.train_9.predict)=36.22%
[ 2020-05-27 07:25:50,503][kfold_wrapper.log_eval_metrics] Accuracy(layer_4 - estimator_3 - 12_folds.train_10.predict)=44.88%
[ 2020-05-27 07:25:50,572][kfold_wrapper.log_eval_metrics] Accuracy(layer_4 - estimator_3 - 12_folds.train_11.predict)=39.37%
[ 2020-05-27 07:25:50,573][kfold_wrapper.log_eval_metrics] Accuracy(layer_4 - estimator_3 - 12_folds.train_cv.predict)=40.72%
[ 2020-05-27 07:25:50,574][kfold_wrapper.log_eval_metrics] Accuracy(layer_4 - estimator_3 - 12_folds.test.predict)=23.98%
[ 2020-05-27 07:25:50,575][cascade_classifier.calc_accuracy] Accuracy(layer_4 - train.classifier_average)=36.86%
[ 2020-05-27 07:25:50,576][cascade_classifier.calc_accuracy] Accuracy(layer_4 - test.classifier_average)=26.32%
[ 2020-05-27 07:25:50,577][cascade_classifier.fit_transform] [layer=5] look_indexs=[0], X_cur_train.shape=(1530, 17), X_cur_test.shape=(171, 17)
[ 2020-05-27 07:25:50,611][kfold_wrapper.log_eval_metrics] Accuracy(layer_5 - estimator_0 - 5_folds.train_0.predict)=37.25%
[ 2020-05-27 07:25:50,644][kfold_wrapper.log_eval_metrics] Accuracy(layer_5 - estimator_0 - 5_folds.train_1.predict)=35.95%
[ 2020-05-27 07:25:50,678][kfold_wrapper.log_eval_metrics] Accuracy(layer_5 - estimator_0 - 5_folds.train_2.predict)=41.83%
[ 2020-05-27 07:25:50,710][kfold_wrapper.log_eval_metrics] Accuracy(layer_5 - estimator_0 - 5_folds.train_3.predict)=39.54%
[ 2020-05-27 07:25:50,743][kfold_wrapper.log_eval_metrics] Accuracy(layer_5 - estimator_0 - 5_folds.train_4.predict)=40.85%
[ 2020-05-27 07:25:50,745][kfold_wrapper.log_eval_metrics] Accuracy(layer_5 - estimator_0 - 5_folds.train_cv.predict)=39.08%
[ 2020-05-27 07:25:50,747][kfold_wrapper.log_eval_metrics] Accuracy(layer_5 - estimator_0 - 5_folds.test.predict)=25.73%
[ 2020-05-27 07:25:50,967][kfold_wrapper.log_eval_metrics] Accuracy(layer_5 - estimator_1 - 12_folds.train_0.predict)=28.12%
[ 2020-05-27 07:25:51,309][kfold_wrapper.log_eval_metrics] Accuracy(layer_5 - estimator_1 - 12_folds.train_1.predict)=34.38%
[ 2020-05-27 07:25:51,661][kfold_wrapper.log_eval_metrics] Accuracy(layer_5 - estimator_1 - 12_folds.train_2.predict)=32.81%
[ 2020-05-27 07:25:52,011][kfold_wrapper.log_eval_metrics] Accuracy(layer_5 - estimator_1 - 12_folds.train_3.predict)=32.81%
[ 2020-05-27 07:25:52,349][kfold_wrapper.log_eval_metrics] Accuracy(layer_5 - estimator_1 - 12_folds.train_4.predict)=42.19%
[ 2020-05-27 07:25:52,698][kfold_wrapper.log_eval_metrics] Accuracy(layer_5 - estimator_1 - 12_folds.train_5.predict)=34.38%
[ 2020-05-27 07:25:53,055][kfold_wrapper.log_eval_metrics] Accuracy(layer_5 - estimator_1 - 12_folds.train_6.predict)=37.80%
[ 2020-05-27 07:25:53,413][kfold_wrapper.log_eval_metrics] Accuracy(layer_5 - estimator_1 - 12_folds.train_7.predict)=39.37%
[ 2020-05-27 07:25:53,763][kfold_wrapper.log_eval_metrics] Accuracy(layer_5 - estimator_1 - 12_folds.train_8.predict)=31.50%
[ 2020-05-27 07:25:54,122][kfold_wrapper.log_eval_metrics] Accuracy(layer_5 - estimator_1 - 12_folds.train_9.predict)=41.73%
[ 2020-05-27 07:25:54,460][kfold_wrapper.log_eval_metrics] Accuracy(layer_5 - estimator_1 - 12_folds.train_10.predict)=40.16%
[ 2020-05-27 07:25:54,820][kfold_wrapper.log_eval_metrics] Accuracy(layer_5 - estimator_1 - 12_folds.train_11.predict)=37.01%
[ 2020-05-27 07:25:54,940][kfold_wrapper.log_eval_metrics] Accuracy(layer_5 - estimator_1 - 12_folds.train_cv.predict)=36.01%
[ 2020-05-27 07:25:54,943][kfold_wrapper.log_eval_metrics] Accuracy(layer_5 - estimator_1 - 12_folds.test.predict)=29.24%
[ 2020-05-27 07:25:55,189][kfold_wrapper.log_eval_metrics] Accuracy(layer_5 - estimator_2 - 12_folds.train_0.predict)=37.50%
[ 2020-05-27 07:25:55,538][kfold_wrapper.log_eval_metrics] Accuracy(layer_5 - estimator_2 - 12_folds.train_1.predict)=35.94%
[ 2020-05-27 07:25:55,883][kfold_wrapper.log_eval_metrics] Accuracy(layer_5 - estimator_2 - 12_folds.train_2.predict)=33.59%
[ 2020-05-27 07:25:56,228][kfold_wrapper.log_eval_metrics] Accuracy(layer_5 - estimator_2 - 12_folds.train_3.predict)=40.62%
[ 2020-05-27 07:25:56,585][kfold_wrapper.log_eval_metrics] Accuracy(layer_5 - estimator_2 - 12_folds.train_4.predict)=37.50%
[ 2020-05-27 07:25:56,946][kfold_wrapper.log_eval_metrics] Accuracy(layer_5 - estimator_2 - 12_folds.train_5.predict)=32.03%
[ 2020-05-27 07:25:57,296][kfold_wrapper.log_eval_metrics] Accuracy(layer_5 - estimator_2 - 12_folds.train_6.predict)=29.13%
[ 2020-05-27 07:25:57,652][kfold_wrapper.log_eval_metrics] Accuracy(layer_5 - estimator_2 - 12_folds.train_7.predict)=44.88%
[ 2020-05-27 07:25:58,013][kfold_wrapper.log_eval_metrics] Accuracy(layer_5 - estimator_2 - 12_folds.train_8.predict)=42.52%
[ 2020-05-27 07:25:58,356][kfold_wrapper.log_eval_metrics] Accuracy(layer_5 - estimator_2 - 12_folds.train_9.predict)=45.67%
[ 2020-05-27 07:25:58,699][kfold_wrapper.log_eval_metrics] Accuracy(layer_5 - estimator_2 - 12_folds.train_10.predict)=36.22%
[ 2020-05-27 07:25:59,053][kfold_wrapper.log_eval_metrics] Accuracy(layer_5 - estimator_2 - 12_folds.train_11.predict)=38.58%
[ 2020-05-27 07:25:59,172][kfold_wrapper.log_eval_metrics] Accuracy(layer_5 - estimator_2 - 12_folds.train_cv.predict)=37.84%
[ 2020-05-27 07:25:59,175][kfold_wrapper.log_eval_metrics] Accuracy(layer_5 - estimator_2 - 12_folds.test.predict)=26.90%
[ 2020-05-27 07:25:59,318][kfold_wrapper.log_eval_metrics] Accuracy(layer_5 - estimator_3 - 12_folds.train_0.predict)=38.28%
[ 2020-05-27 07:25:59,402][kfold_wrapper.log_eval_metrics] Accuracy(layer_5 - estimator_3 - 12_folds.train_1.predict)=41.41%
[ 2020-05-27 07:25:59,484][kfold_wrapper.log_eval_metrics] Accuracy(layer_5 - estimator_3 - 12_folds.train_2.predict)=40.62%
[ 2020-05-27 07:25:59,565][kfold_wrapper.log_eval_metrics] Accuracy(layer_5 - estimator_3 - 12_folds.train_3.predict)=39.84%
[ 2020-05-27 07:25:59,650][kfold_wrapper.log_eval_metrics] Accuracy(layer_5 - estimator_3 - 12_folds.train_4.predict)=45.31%
[ 2020-05-27 07:25:59,733][kfold_wrapper.log_eval_metrics] Accuracy(layer_5 - estimator_3 - 12_folds.train_5.predict)=40.62%
[ 2020-05-27 07:25:59,817][kfold_wrapper.log_eval_metrics] Accuracy(layer_5 - estimator_3 - 12_folds.train_6.predict)=38.58%
[ 2020-05-27 07:25:59,903][kfold_wrapper.log_eval_metrics] Accuracy(layer_5 - estimator_3 - 12_folds.train_7.predict)=38.58%
[ 2020-05-27 07:25:59,988][kfold_wrapper.log_eval_metrics] Accuracy(layer_5 - estimator_3 - 12_folds.train_8.predict)=44.09%
[ 2020-05-27 07:26:00,073][kfold_wrapper.log_eval_metrics] Accuracy(layer_5 - estimator_3 - 12_folds.train_9.predict)=29.92%
[ 2020-05-27 07:26:00,158][kfold_wrapper.log_eval_metrics] Accuracy(layer_5 - estimator_3 - 12_folds.train_10.predict)=44.09%
[ 2020-05-27 07:26:00,238][kfold_wrapper.log_eval_metrics] Accuracy(layer_5 - estimator_3 - 12_folds.train_11.predict)=40.16%
[ 2020-05-27 07:26:00,239][kfold_wrapper.log_eval_metrics] Accuracy(layer_5 - estimator_3 - 12_folds.train_cv.predict)=40.13%
[ 2020-05-27 07:26:00,240][kfold_wrapper.log_eval_metrics] Accuracy(layer_5 - estimator_3 - 12_folds.test.predict)=24.56%
[ 2020-05-27 07:26:00,241][cascade_classifier.calc_accuracy] Accuracy(layer_5 - train.classifier_average)=39.22%
[ 2020-05-27 07:26:00,241][cascade_classifier.calc_accuracy] Accuracy(layer_5 - test.classifier_average)=26.90%
[ 2020-05-27 07:26:00,242][cascade_classifier.fit_transform] [layer=6] look_indexs=[0], X_cur_train.shape=(1530, 17), X_cur_test.shape=(171, 17)
[ 2020-05-27 07:26:00,278][kfold_wrapper.log_eval_metrics] Accuracy(layer_6 - estimator_0 - 5_folds.train_0.predict)=37.91%
[ 2020-05-27 07:26:00,314][kfold_wrapper.log_eval_metrics] Accuracy(layer_6 - estimator_0 - 5_folds.train_1.predict)=35.95%
[ 2020-05-27 07:26:00,348][kfold_wrapper.log_eval_metrics] Accuracy(layer_6 - estimator_0 - 5_folds.train_2.predict)=41.50%
[ 2020-05-27 07:26:00,383][kfold_wrapper.log_eval_metrics] Accuracy(layer_6 - estimator_0 - 5_folds.train_3.predict)=34.64%
[ 2020-05-27 07:26:00,418][kfold_wrapper.log_eval_metrics] Accuracy(layer_6 - estimator_0 - 5_folds.train_4.predict)=37.58%
[ 2020-05-27 07:26:00,421][kfold_wrapper.log_eval_metrics] Accuracy(layer_6 - estimator_0 - 5_folds.train_cv.predict)=37.52%
[ 2020-05-27 07:26:00,423][kfold_wrapper.log_eval_metrics] Accuracy(layer_6 - estimator_0 - 5_folds.test.predict)=24.56%
[ 2020-05-27 07:26:00,643][kfold_wrapper.log_eval_metrics] Accuracy(layer_6 - estimator_1 - 12_folds.train_0.predict)=39.06%
[ 2020-05-27 07:26:00,995][kfold_wrapper.log_eval_metrics] Accuracy(layer_6 - estimator_1 - 12_folds.train_1.predict)=32.03%
[ 2020-05-27 07:26:01,337][kfold_wrapper.log_eval_metrics] Accuracy(layer_6 - estimator_1 - 12_folds.train_2.predict)=35.94%
[ 2020-05-27 07:26:01,685][kfold_wrapper.log_eval_metrics] Accuracy(layer_6 - estimator_1 - 12_folds.train_3.predict)=30.47%
[ 2020-05-27 07:26:02,045][kfold_wrapper.log_eval_metrics] Accuracy(layer_6 - estimator_1 - 12_folds.train_4.predict)=44.53%
[ 2020-05-27 07:26:02,402][kfold_wrapper.log_eval_metrics] Accuracy(layer_6 - estimator_1 - 12_folds.train_5.predict)=37.50%
[ 2020-05-27 07:26:02,762][kfold_wrapper.log_eval_metrics] Accuracy(layer_6 - estimator_1 - 12_folds.train_6.predict)=41.73%
[ 2020-05-27 07:26:03,094][kfold_wrapper.log_eval_metrics] Accuracy(layer_6 - estimator_1 - 12_folds.train_7.predict)=37.01%
[ 2020-05-27 07:26:03,449][kfold_wrapper.log_eval_metrics] Accuracy(layer_6 - estimator_1 - 12_folds.train_8.predict)=33.86%
[ 2020-05-27 07:26:03,789][kfold_wrapper.log_eval_metrics] Accuracy(layer_6 - estimator_1 - 12_folds.train_9.predict)=33.07%
[ 2020-05-27 07:26:04,138][kfold_wrapper.log_eval_metrics] Accuracy(layer_6 - estimator_1 - 12_folds.train_10.predict)=38.58%
[ 2020-05-27 07:26:04,475][kfold_wrapper.log_eval_metrics] Accuracy(layer_6 - estimator_1 - 12_folds.train_11.predict)=37.80%
[ 2020-05-27 07:26:04,594][kfold_wrapper.log_eval_metrics] Accuracy(layer_6 - estimator_1 - 12_folds.train_cv.predict)=36.80%
[ 2020-05-27 07:26:04,596][kfold_wrapper.log_eval_metrics] Accuracy(layer_6 - estimator_1 - 12_folds.test.predict)=25.73%
[ 2020-05-27 07:26:04,846][kfold_wrapper.log_eval_metrics] Accuracy(layer_6 - estimator_2 - 12_folds.train_0.predict)=40.62%
[ 2020-05-27 07:26:05,204][kfold_wrapper.log_eval_metrics] Accuracy(layer_6 - estimator_2 - 12_folds.train_1.predict)=35.94%
[ 2020-05-27 07:26:05,544][kfold_wrapper.log_eval_metrics] Accuracy(layer_6 - estimator_2 - 12_folds.train_2.predict)=45.31%
[ 2020-05-27 07:26:05,903][kfold_wrapper.log_eval_metrics] Accuracy(layer_6 - estimator_2 - 12_folds.train_3.predict)=35.16%
[ 2020-05-27 07:26:06,259][kfold_wrapper.log_eval_metrics] Accuracy(layer_6 - estimator_2 - 12_folds.train_4.predict)=32.81%
[ 2020-05-27 07:26:06,613][kfold_wrapper.log_eval_metrics] Accuracy(layer_6 - estimator_2 - 12_folds.train_5.predict)=36.72%
[ 2020-05-27 07:26:06,973][kfold_wrapper.log_eval_metrics] Accuracy(layer_6 - estimator_2 - 12_folds.train_6.predict)=35.43%
[ 2020-05-27 07:26:07,332][kfold_wrapper.log_eval_metrics] Accuracy(layer_6 - estimator_2 - 12_folds.train_7.predict)=36.22%
[ 2020-05-27 07:26:07,692][kfold_wrapper.log_eval_metrics] Accuracy(layer_6 - estimator_2 - 12_folds.train_8.predict)=37.80%
[ 2020-05-27 07:26:08,052][kfold_wrapper.log_eval_metrics] Accuracy(layer_6 - estimator_2 - 12_folds.train_9.predict)=39.37%
[ 2020-05-27 07:26:08,413][kfold_wrapper.log_eval_metrics] Accuracy(layer_6 - estimator_2 - 12_folds.train_10.predict)=31.50%
[ 2020-05-27 07:26:08,773][kfold_wrapper.log_eval_metrics] Accuracy(layer_6 - estimator_2 - 12_folds.train_11.predict)=41.73%
[ 2020-05-27 07:26:08,894][kfold_wrapper.log_eval_metrics] Accuracy(layer_6 - estimator_2 - 12_folds.train_cv.predict)=37.39%
[ 2020-05-27 07:26:08,897][kfold_wrapper.log_eval_metrics] Accuracy(layer_6 - estimator_2 - 12_folds.test.predict)=32.16%
[ 2020-05-27 07:26:09,049][kfold_wrapper.log_eval_metrics] Accuracy(layer_6 - estimator_3 - 12_folds.train_0.predict)=39.84%
[ 2020-05-27 07:26:09,146][kfold_wrapper.log_eval_metrics] Accuracy(layer_6 - estimator_3 - 12_folds.train_1.predict)=35.94%
[ 2020-05-27 07:26:09,246][kfold_wrapper.log_eval_metrics] Accuracy(layer_6 - estimator_3 - 12_folds.train_2.predict)=39.06%
[ 2020-05-27 07:26:09,348][kfold_wrapper.log_eval_metrics] Accuracy(layer_6 - estimator_3 - 12_folds.train_3.predict)=40.62%
[ 2020-05-27 07:26:09,449][kfold_wrapper.log_eval_metrics] Accuracy(layer_6 - estimator_3 - 12_folds.train_4.predict)=36.72%
[ 2020-05-27 07:26:09,547][kfold_wrapper.log_eval_metrics] Accuracy(layer_6 - estimator_3 - 12_folds.train_5.predict)=39.84%
[ 2020-05-27 07:26:09,644][kfold_wrapper.log_eval_metrics] Accuracy(layer_6 - estimator_3 - 12_folds.train_6.predict)=45.67%
[ 2020-05-27 07:26:09,741][kfold_wrapper.log_eval_metrics] Accuracy(layer_6 - estimator_3 - 12_folds.train_7.predict)=31.50%
[ 2020-05-27 07:26:09,842][kfold_wrapper.log_eval_metrics] Accuracy(layer_6 - estimator_3 - 12_folds.train_8.predict)=36.22%
[ 2020-05-27 07:26:09,937][kfold_wrapper.log_eval_metrics] Accuracy(layer_6 - estimator_3 - 12_folds.train_9.predict)=41.73%
[ 2020-05-27 07:26:10,034][kfold_wrapper.log_eval_metrics] Accuracy(layer_6 - estimator_3 - 12_folds.train_10.predict)=45.67%
[ 2020-05-27 07:26:10,135][kfold_wrapper.log_eval_metrics] Accuracy(layer_6 - estimator_3 - 12_folds.train_11.predict)=43.31%
[ 2020-05-27 07:26:10,136][kfold_wrapper.log_eval_metrics] Accuracy(layer_6 - estimator_3 - 12_folds.train_cv.predict)=39.67%
[ 2020-05-27 07:26:10,137][kfold_wrapper.log_eval_metrics] Accuracy(layer_6 - estimator_3 - 12_folds.test.predict)=25.15%
[ 2020-05-27 07:26:10,138][cascade_classifier.calc_accuracy] Accuracy(layer_6 - train.classifier_average)=39.61%
[ 2020-05-27 07:26:10,139][cascade_classifier.calc_accuracy] Accuracy(layer_6 - test.classifier_average)=26.90%
[ 2020-05-27 07:26:10,140][cascade_classifier.fit_transform] [layer=7] look_indexs=[0], X_cur_train.shape=(1530, 17), X_cur_test.shape=(171, 17)
[ 2020-05-27 07:26:10,179][kfold_wrapper.log_eval_metrics] Accuracy(layer_7 - estimator_0 - 5_folds.train_0.predict)=41.18%
[ 2020-05-27 07:26:10,217][kfold_wrapper.log_eval_metrics] Accuracy(layer_7 - estimator_0 - 5_folds.train_1.predict)=42.48%
[ 2020-05-27 07:26:10,254][kfold_wrapper.log_eval_metrics] Accuracy(layer_7 - estimator_0 - 5_folds.train_2.predict)=36.60%
[ 2020-05-27 07:26:10,291][kfold_wrapper.log_eval_metrics] Accuracy(layer_7 - estimator_0 - 5_folds.train_3.predict)=39.22%
[ 2020-05-27 07:26:10,328][kfold_wrapper.log_eval_metrics] Accuracy(layer_7 - estimator_0 - 5_folds.train_4.predict)=40.85%
[ 2020-05-27 07:26:10,331][kfold_wrapper.log_eval_metrics] Accuracy(layer_7 - estimator_0 - 5_folds.train_cv.predict)=40.07%
[ 2020-05-27 07:26:10,333][kfold_wrapper.log_eval_metrics] Accuracy(layer_7 - estimator_0 - 5_folds.test.predict)=25.73%
[ 2020-05-27 07:26:10,553][kfold_wrapper.log_eval_metrics] Accuracy(layer_7 - estimator_1 - 12_folds.train_0.predict)=31.25%
[ 2020-05-27 07:26:10,915][kfold_wrapper.log_eval_metrics] Accuracy(layer_7 - estimator_1 - 12_folds.train_1.predict)=43.75%
[ 2020-05-27 07:26:11,266][kfold_wrapper.log_eval_metrics] Accuracy(layer_7 - estimator_1 - 12_folds.train_2.predict)=36.72%
[ 2020-05-27 07:26:11,625][kfold_wrapper.log_eval_metrics] Accuracy(layer_7 - estimator_1 - 12_folds.train_3.predict)=37.50%
[ 2020-05-27 07:26:11,981][kfold_wrapper.log_eval_metrics] Accuracy(layer_7 - estimator_1 - 12_folds.train_4.predict)=32.81%
[ 2020-05-27 07:26:12,336][kfold_wrapper.log_eval_metrics] Accuracy(layer_7 - estimator_1 - 12_folds.train_5.predict)=35.94%
[ 2020-05-27 07:26:12,693][kfold_wrapper.log_eval_metrics] Accuracy(layer_7 - estimator_1 - 12_folds.train_6.predict)=35.43%
[ 2020-05-27 07:26:13,052][kfold_wrapper.log_eval_metrics] Accuracy(layer_7 - estimator_1 - 12_folds.train_7.predict)=29.92%
[ 2020-05-27 07:26:13,401][kfold_wrapper.log_eval_metrics] Accuracy(layer_7 - estimator_1 - 12_folds.train_8.predict)=33.07%
[ 2020-05-27 07:26:13,758][kfold_wrapper.log_eval_metrics] Accuracy(layer_7 - estimator_1 - 12_folds.train_9.predict)=37.80%
[ 2020-05-27 07:26:14,117][kfold_wrapper.log_eval_metrics] Accuracy(layer_7 - estimator_1 - 12_folds.train_10.predict)=33.86%
[ 2020-05-27 07:26:14,465][kfold_wrapper.log_eval_metrics] Accuracy(layer_7 - estimator_1 - 12_folds.train_11.predict)=37.80%
[ 2020-05-27 07:26:14,584][kfold_wrapper.log_eval_metrics] Accuracy(layer_7 - estimator_1 - 12_folds.train_cv.predict)=35.49%
[ 2020-05-27 07:26:14,587][kfold_wrapper.log_eval_metrics] Accuracy(layer_7 - estimator_1 - 12_folds.test.predict)=25.73%
[ 2020-05-27 07:26:14,825][kfold_wrapper.log_eval_metrics] Accuracy(layer_7 - estimator_2 - 12_folds.train_0.predict)=39.06%
[ 2020-05-27 07:26:15,177][kfold_wrapper.log_eval_metrics] Accuracy(layer_7 - estimator_2 - 12_folds.train_1.predict)=35.94%
[ 2020-05-27 07:26:15,527][kfold_wrapper.log_eval_metrics] Accuracy(layer_7 - estimator_2 - 12_folds.train_2.predict)=26.56%
[ 2020-05-27 07:26:15,873][kfold_wrapper.log_eval_metrics] Accuracy(layer_7 - estimator_2 - 12_folds.train_3.predict)=35.16%
[ 2020-05-27 07:26:16,232][kfold_wrapper.log_eval_metrics] Accuracy(layer_7 - estimator_2 - 12_folds.train_4.predict)=46.09%
[ 2020-05-27 07:26:16,580][kfold_wrapper.log_eval_metrics] Accuracy(layer_7 - estimator_2 - 12_folds.train_5.predict)=38.28%
[ 2020-05-27 07:26:16,943][kfold_wrapper.log_eval_metrics] Accuracy(layer_7 - estimator_2 - 12_folds.train_6.predict)=33.86%
[ 2020-05-27 07:26:17,306][kfold_wrapper.log_eval_metrics] Accuracy(layer_7 - estimator_2 - 12_folds.train_7.predict)=29.92%
[ 2020-05-27 07:26:17,668][kfold_wrapper.log_eval_metrics] Accuracy(layer_7 - estimator_2 - 12_folds.train_8.predict)=36.22%
[ 2020-05-27 07:26:18,026][kfold_wrapper.log_eval_metrics] Accuracy(layer_7 - estimator_2 - 12_folds.train_9.predict)=45.67%
[ 2020-05-27 07:26:18,379][kfold_wrapper.log_eval_metrics] Accuracy(layer_7 - estimator_2 - 12_folds.train_10.predict)=34.65%
[ 2020-05-27 07:26:18,736][kfold_wrapper.log_eval_metrics] Accuracy(layer_7 - estimator_2 - 12_folds.train_11.predict)=41.73%
[ 2020-05-27 07:26:18,858][kfold_wrapper.log_eval_metrics] Accuracy(layer_7 - estimator_2 - 12_folds.train_cv.predict)=36.93%
[ 2020-05-27 07:26:18,861][kfold_wrapper.log_eval_metrics] Accuracy(layer_7 - estimator_2 - 12_folds.test.predict)=25.73%
[ 2020-05-27 07:26:19,035][kfold_wrapper.log_eval_metrics] Accuracy(layer_7 - estimator_3 - 12_folds.train_0.predict)=35.94%
[ 2020-05-27 07:26:19,150][kfold_wrapper.log_eval_metrics] Accuracy(layer_7 - estimator_3 - 12_folds.train_1.predict)=39.06%
[ 2020-05-27 07:26:19,272][kfold_wrapper.log_eval_metrics] Accuracy(layer_7 - estimator_3 - 12_folds.train_2.predict)=38.28%
[ 2020-05-27 07:26:19,388][kfold_wrapper.log_eval_metrics] Accuracy(layer_7 - estimator_3 - 12_folds.train_3.predict)=39.84%
[ 2020-05-27 07:26:19,504][kfold_wrapper.log_eval_metrics] Accuracy(layer_7 - estimator_3 - 12_folds.train_4.predict)=38.28%
[ 2020-05-27 07:26:19,621][kfold_wrapper.log_eval_metrics] Accuracy(layer_7 - estimator_3 - 12_folds.train_5.predict)=38.28%
[ 2020-05-27 07:26:19,738][kfold_wrapper.log_eval_metrics] Accuracy(layer_7 - estimator_3 - 12_folds.train_6.predict)=42.52%
[ 2020-05-27 07:26:19,858][kfold_wrapper.log_eval_metrics] Accuracy(layer_7 - estimator_3 - 12_folds.train_7.predict)=40.94%
[ 2020-05-27 07:26:19,976][kfold_wrapper.log_eval_metrics] Accuracy(layer_7 - estimator_3 - 12_folds.train_8.predict)=43.31%
[ 2020-05-27 07:26:20,093][kfold_wrapper.log_eval_metrics] Accuracy(layer_7 - estimator_3 - 12_folds.train_9.predict)=38.58%
[ 2020-05-27 07:26:20,214][kfold_wrapper.log_eval_metrics] Accuracy(layer_7 - estimator_3 - 12_folds.train_10.predict)=37.80%
[ 2020-05-27 07:26:20,330][kfold_wrapper.log_eval_metrics] Accuracy(layer_7 - estimator_3 - 12_folds.train_11.predict)=43.31%
[ 2020-05-27 07:26:20,331][kfold_wrapper.log_eval_metrics] Accuracy(layer_7 - estimator_3 - 12_folds.train_cv.predict)=39.67%
[ 2020-05-27 07:26:20,332][kfold_wrapper.log_eval_metrics] Accuracy(layer_7 - estimator_3 - 12_folds.test.predict)=26.32%
[ 2020-05-27 07:26:20,333][cascade_classifier.calc_accuracy] Accuracy(layer_7 - train.classifier_average)=39.74%
[ 2020-05-27 07:26:20,334][cascade_classifier.calc_accuracy] Accuracy(layer_7 - test.classifier_average)=25.15%
[ 2020-05-27 07:26:20,335][cascade_classifier.fit_transform] [layer=8] look_indexs=[0], X_cur_train.shape=(1530, 17), X_cur_test.shape=(171, 17)
[ 2020-05-27 07:26:20,379][kfold_wrapper.log_eval_metrics] Accuracy(layer_8 - estimator_0 - 5_folds.train_0.predict)=36.60%
[ 2020-05-27 07:26:20,421][kfold_wrapper.log_eval_metrics] Accuracy(layer_8 - estimator_0 - 5_folds.train_1.predict)=40.20%
[ 2020-05-27 07:26:20,463][kfold_wrapper.log_eval_metrics] Accuracy(layer_8 - estimator_0 - 5_folds.train_2.predict)=36.93%
[ 2020-05-27 07:26:20,503][kfold_wrapper.log_eval_metrics] Accuracy(layer_8 - estimator_0 - 5_folds.train_3.predict)=39.87%
[ 2020-05-27 07:26:20,543][kfold_wrapper.log_eval_metrics] Accuracy(layer_8 - estimator_0 - 5_folds.train_4.predict)=38.24%
[ 2020-05-27 07:26:20,545][kfold_wrapper.log_eval_metrics] Accuracy(layer_8 - estimator_0 - 5_folds.train_cv.predict)=38.37%
[ 2020-05-27 07:26:20,548][kfold_wrapper.log_eval_metrics] Accuracy(layer_8 - estimator_0 - 5_folds.test.predict)=24.56%
[ 2020-05-27 07:26:20,768][kfold_wrapper.log_eval_metrics] Accuracy(layer_8 - estimator_1 - 12_folds.train_0.predict)=40.62%
[ 2020-05-27 07:26:21,117][kfold_wrapper.log_eval_metrics] Accuracy(layer_8 - estimator_1 - 12_folds.train_1.predict)=39.84%
[ 2020-05-27 07:26:21,470][kfold_wrapper.log_eval_metrics] Accuracy(layer_8 - estimator_1 - 12_folds.train_2.predict)=26.56%
[ 2020-05-27 07:26:21,829][kfold_wrapper.log_eval_metrics] Accuracy(layer_8 - estimator_1 - 12_folds.train_3.predict)=33.59%
[ 2020-05-27 07:26:22,188][kfold_wrapper.log_eval_metrics] Accuracy(layer_8 - estimator_1 - 12_folds.train_4.predict)=35.94%
[ 2020-05-27 07:26:22,541][kfold_wrapper.log_eval_metrics] Accuracy(layer_8 - estimator_1 - 12_folds.train_5.predict)=32.03%
[ 2020-05-27 07:26:22,896][kfold_wrapper.log_eval_metrics] Accuracy(layer_8 - estimator_1 - 12_folds.train_6.predict)=42.52%
[ 2020-05-27 07:26:23,238][kfold_wrapper.log_eval_metrics] Accuracy(layer_8 - estimator_1 - 12_folds.train_7.predict)=41.73%
[ 2020-05-27 07:26:23,601][kfold_wrapper.log_eval_metrics] Accuracy(layer_8 - estimator_1 - 12_folds.train_8.predict)=33.07%
[ 2020-05-27 07:26:23,954][kfold_wrapper.log_eval_metrics] Accuracy(layer_8 - estimator_1 - 12_folds.train_9.predict)=40.94%
[ 2020-05-27 07:26:24,316][kfold_wrapper.log_eval_metrics] Accuracy(layer_8 - estimator_1 - 12_folds.train_10.predict)=41.73%
[ 2020-05-27 07:26:24,672][kfold_wrapper.log_eval_metrics] Accuracy(layer_8 - estimator_1 - 12_folds.train_11.predict)=33.86%
[ 2020-05-27 07:26:24,784][kfold_wrapper.log_eval_metrics] Accuracy(layer_8 - estimator_1 - 12_folds.train_cv.predict)=36.86%
[ 2020-05-27 07:26:24,787][kfold_wrapper.log_eval_metrics] Accuracy(layer_8 - estimator_1 - 12_folds.test.predict)=28.07%
[ 2020-05-27 07:26:25,029][kfold_wrapper.log_eval_metrics] Accuracy(layer_8 - estimator_2 - 12_folds.train_0.predict)=41.41%
[ 2020-05-27 07:26:25,382][kfold_wrapper.log_eval_metrics] Accuracy(layer_8 - estimator_2 - 12_folds.train_1.predict)=39.06%
[ 2020-05-27 07:26:25,724][kfold_wrapper.log_eval_metrics] Accuracy(layer_8 - estimator_2 - 12_folds.train_2.predict)=38.28%
[ 2020-05-27 07:26:26,085][kfold_wrapper.log_eval_metrics] Accuracy(layer_8 - estimator_2 - 12_folds.train_3.predict)=32.81%
[ 2020-05-27 07:26:26,447][kfold_wrapper.log_eval_metrics] Accuracy(layer_8 - estimator_2 - 12_folds.train_4.predict)=39.06%
[ 2020-05-27 07:26:26,807][kfold_wrapper.log_eval_metrics] Accuracy(layer_8 - estimator_2 - 12_folds.train_5.predict)=37.50%
[ 2020-05-27 07:26:27,168][kfold_wrapper.log_eval_metrics] Accuracy(layer_8 - estimator_2 - 12_folds.train_6.predict)=31.50%
[ 2020-05-27 07:26:27,524][kfold_wrapper.log_eval_metrics] Accuracy(layer_8 - estimator_2 - 12_folds.train_7.predict)=38.58%
[ 2020-05-27 07:26:27,885][kfold_wrapper.log_eval_metrics] Accuracy(layer_8 - estimator_2 - 12_folds.train_8.predict)=39.37%
[ 2020-05-27 07:26:28,232][kfold_wrapper.log_eval_metrics] Accuracy(layer_8 - estimator_2 - 12_folds.train_9.predict)=36.22%
[ 2020-05-27 07:26:28,587][kfold_wrapper.log_eval_metrics] Accuracy(layer_8 - estimator_2 - 12_folds.train_10.predict)=33.86%
[ 2020-05-27 07:26:28,947][kfold_wrapper.log_eval_metrics] Accuracy(layer_8 - estimator_2 - 12_folds.train_11.predict)=42.52%
[ 2020-05-27 07:26:29,069][kfold_wrapper.log_eval_metrics] Accuracy(layer_8 - estimator_2 - 12_folds.train_cv.predict)=37.52%
[ 2020-05-27 07:26:29,072][kfold_wrapper.log_eval_metrics] Accuracy(layer_8 - estimator_2 - 12_folds.test.predict)=35.09%
[ 2020-05-27 07:26:29,242][kfold_wrapper.log_eval_metrics] Accuracy(layer_8 - estimator_3 - 12_folds.train_0.predict)=40.62%
[ 2020-05-27 07:26:29,386][kfold_wrapper.log_eval_metrics] Accuracy(layer_8 - estimator_3 - 12_folds.train_1.predict)=44.53%
[ 2020-05-27 07:26:29,530][kfold_wrapper.log_eval_metrics] Accuracy(layer_8 - estimator_3 - 12_folds.train_2.predict)=35.94%
[ 2020-05-27 07:26:29,677][kfold_wrapper.log_eval_metrics] Accuracy(layer_8 - estimator_3 - 12_folds.train_3.predict)=39.84%
[ 2020-05-27 07:26:29,824][kfold_wrapper.log_eval_metrics] Accuracy(layer_8 - estimator_3 - 12_folds.train_4.predict)=40.62%
[ 2020-05-27 07:26:29,972][kfold_wrapper.log_eval_metrics] Accuracy(layer_8 - estimator_3 - 12_folds.train_5.predict)=42.19%
[ 2020-05-27 07:26:30,117][kfold_wrapper.log_eval_metrics] Accuracy(layer_8 - estimator_3 - 12_folds.train_6.predict)=40.94%
[ 2020-05-27 07:26:30,264][kfold_wrapper.log_eval_metrics] Accuracy(layer_8 - estimator_3 - 12_folds.train_7.predict)=44.88%
[ 2020-05-27 07:26:30,409][kfold_wrapper.log_eval_metrics] Accuracy(layer_8 - estimator_3 - 12_folds.train_8.predict)=37.80%
[ 2020-05-27 07:26:30,553][kfold_wrapper.log_eval_metrics] Accuracy(layer_8 - estimator_3 - 12_folds.train_9.predict)=46.46%
[ 2020-05-27 07:26:30,697][kfold_wrapper.log_eval_metrics] Accuracy(layer_8 - estimator_3 - 12_folds.train_10.predict)=40.16%
[ 2020-05-27 07:26:30,841][kfold_wrapper.log_eval_metrics] Accuracy(layer_8 - estimator_3 - 12_folds.train_11.predict)=36.22%
[ 2020-05-27 07:26:30,842][kfold_wrapper.log_eval_metrics] Accuracy(layer_8 - estimator_3 - 12_folds.train_cv.predict)=40.85%
[ 2020-05-27 07:26:30,843][kfold_wrapper.log_eval_metrics] Accuracy(layer_8 - estimator_3 - 12_folds.test.predict)=27.49%
[ 2020-05-27 07:26:30,844][cascade_classifier.calc_accuracy] Accuracy(layer_8 - train.classifier_average)=39.28%
[ 2020-05-27 07:26:30,845][cascade_classifier.calc_accuracy] Accuracy(layer_8 - test.classifier_average)=26.32%
[ 2020-05-27 07:26:30,846][cascade_classifier.fit_transform] [layer=9] look_indexs=[0], X_cur_train.shape=(1530, 17), X_cur_test.shape=(171, 17)
[ 2020-05-27 07:26:30,892][kfold_wrapper.log_eval_metrics] Accuracy(layer_9 - estimator_0 - 5_folds.train_0.predict)=39.87%
[ 2020-05-27 07:26:30,937][kfold_wrapper.log_eval_metrics] Accuracy(layer_9 - estimator_0 - 5_folds.train_1.predict)=36.93%
[ 2020-05-27 07:26:30,982][kfold_wrapper.log_eval_metrics] Accuracy(layer_9 - estimator_0 - 5_folds.train_2.predict)=38.24%
[ 2020-05-27 07:26:31,027][kfold_wrapper.log_eval_metrics] Accuracy(layer_9 - estimator_0 - 5_folds.train_3.predict)=35.95%
[ 2020-05-27 07:26:31,072][kfold_wrapper.log_eval_metrics] Accuracy(layer_9 - estimator_0 - 5_folds.train_4.predict)=42.48%
[ 2020-05-27 07:26:31,076][kfold_wrapper.log_eval_metrics] Accuracy(layer_9 - estimator_0 - 5_folds.train_cv.predict)=38.69%
[ 2020-05-27 07:26:31,078][kfold_wrapper.log_eval_metrics] Accuracy(layer_9 - estimator_0 - 5_folds.test.predict)=28.07%
[ 2020-05-27 07:26:31,299][kfold_wrapper.log_eval_metrics] Accuracy(layer_9 - estimator_1 - 12_folds.train_0.predict)=36.72%
[ 2020-05-27 07:26:31,656][kfold_wrapper.log_eval_metrics] Accuracy(layer_9 - estimator_1 - 12_folds.train_1.predict)=38.28%
[ 2020-05-27 07:26:32,015][kfold_wrapper.log_eval_metrics] Accuracy(layer_9 - estimator_1 - 12_folds.train_2.predict)=23.44%
[ 2020-05-27 07:26:32,379][kfold_wrapper.log_eval_metrics] Accuracy(layer_9 - estimator_1 - 12_folds.train_3.predict)=39.06%
[ 2020-05-27 07:26:32,732][kfold_wrapper.log_eval_metrics] Accuracy(layer_9 - estimator_1 - 12_folds.train_4.predict)=32.81%
[ 2020-05-27 07:26:33,078][kfold_wrapper.log_eval_metrics] Accuracy(layer_9 - estimator_1 - 12_folds.train_5.predict)=34.38%
[ 2020-05-27 07:26:33,439][kfold_wrapper.log_eval_metrics] Accuracy(layer_9 - estimator_1 - 12_folds.train_6.predict)=40.16%
[ 2020-05-27 07:26:33,797][kfold_wrapper.log_eval_metrics] Accuracy(layer_9 - estimator_1 - 12_folds.train_7.predict)=34.65%
[ 2020-05-27 07:26:34,146][kfold_wrapper.log_eval_metrics] Accuracy(layer_9 - estimator_1 - 12_folds.train_8.predict)=35.43%
[ 2020-05-27 07:26:34,489][kfold_wrapper.log_eval_metrics] Accuracy(layer_9 - estimator_1 - 12_folds.train_9.predict)=42.52%
[ 2020-05-27 07:26:34,847][kfold_wrapper.log_eval_metrics] Accuracy(layer_9 - estimator_1 - 12_folds.train_10.predict)=37.80%
[ 2020-05-27 07:26:35,204][kfold_wrapper.log_eval_metrics] Accuracy(layer_9 - estimator_1 - 12_folds.train_11.predict)=38.58%
[ 2020-05-27 07:26:35,326][kfold_wrapper.log_eval_metrics] Accuracy(layer_9 - estimator_1 - 12_folds.train_cv.predict)=36.14%
[ 2020-05-27 07:26:35,329][kfold_wrapper.log_eval_metrics] Accuracy(layer_9 - estimator_1 - 12_folds.test.predict)=32.16%
[ 2020-05-27 07:26:35,566][kfold_wrapper.log_eval_metrics] Accuracy(layer_9 - estimator_2 - 12_folds.train_0.predict)=28.12%
[ 2020-05-27 07:26:35,921][kfold_wrapper.log_eval_metrics] Accuracy(layer_9 - estimator_2 - 12_folds.train_1.predict)=33.59%
[ 2020-05-27 07:26:36,279][kfold_wrapper.log_eval_metrics] Accuracy(layer_9 - estimator_2 - 12_folds.train_2.predict)=42.97%
[ 2020-05-27 07:26:36,642][kfold_wrapper.log_eval_metrics] Accuracy(layer_9 - estimator_2 - 12_folds.train_3.predict)=36.72%
[ 2020-05-27 07:26:36,999][kfold_wrapper.log_eval_metrics] Accuracy(layer_9 - estimator_2 - 12_folds.train_4.predict)=33.59%
[ 2020-05-27 07:26:37,357][kfold_wrapper.log_eval_metrics] Accuracy(layer_9 - estimator_2 - 12_folds.train_5.predict)=38.28%
[ 2020-05-27 07:26:37,678][kfold_wrapper.log_eval_metrics] Accuracy(layer_9 - estimator_2 - 12_folds.train_6.predict)=34.65%
[ 2020-05-27 07:26:38,036][kfold_wrapper.log_eval_metrics] Accuracy(layer_9 - estimator_2 - 12_folds.train_7.predict)=29.92%
[ 2020-05-27 07:26:38,401][kfold_wrapper.log_eval_metrics] Accuracy(layer_9 - estimator_2 - 12_folds.train_8.predict)=36.22%
[ 2020-05-27 07:26:38,751][kfold_wrapper.log_eval_metrics] Accuracy(layer_9 - estimator_2 - 12_folds.train_9.predict)=31.50%
[ 2020-05-27 07:26:39,116][kfold_wrapper.log_eval_metrics] Accuracy(layer_9 - estimator_2 - 12_folds.train_10.predict)=33.86%
[ 2020-05-27 07:26:39,472][kfold_wrapper.log_eval_metrics] Accuracy(layer_9 - estimator_2 - 12_folds.train_11.predict)=29.13%
[ 2020-05-27 07:26:39,595][kfold_wrapper.log_eval_metrics] Accuracy(layer_9 - estimator_2 - 12_folds.train_cv.predict)=34.05%
[ 2020-05-27 07:26:39,599][kfold_wrapper.log_eval_metrics] Accuracy(layer_9 - estimator_2 - 12_folds.test.predict)=32.16%
[ 2020-05-27 07:26:39,811][kfold_wrapper.log_eval_metrics] Accuracy(layer_9 - estimator_3 - 12_folds.train_0.predict)=39.84%
[ 2020-05-27 07:26:39,969][kfold_wrapper.log_eval_metrics] Accuracy(layer_9 - estimator_3 - 12_folds.train_1.predict)=39.06%
[ 2020-05-27 07:26:40,134][kfold_wrapper.log_eval_metrics] Accuracy(layer_9 - estimator_3 - 12_folds.train_2.predict)=42.19%
[ 2020-05-27 07:26:40,298][kfold_wrapper.log_eval_metrics] Accuracy(layer_9 - estimator_3 - 12_folds.train_3.predict)=37.50%
[ 2020-05-27 07:26:40,471][kfold_wrapper.log_eval_metrics] Accuracy(layer_9 - estimator_3 - 12_folds.train_4.predict)=39.06%
[ 2020-05-27 07:26:40,633][kfold_wrapper.log_eval_metrics] Accuracy(layer_9 - estimator_3 - 12_folds.train_5.predict)=42.19%
[ 2020-05-27 07:26:40,801][kfold_wrapper.log_eval_metrics] Accuracy(layer_9 - estimator_3 - 12_folds.train_6.predict)=41.73%
[ 2020-05-27 07:26:40,966][kfold_wrapper.log_eval_metrics] Accuracy(layer_9 - estimator_3 - 12_folds.train_7.predict)=37.80%
[ 2020-05-27 07:26:41,137][kfold_wrapper.log_eval_metrics] Accuracy(layer_9 - estimator_3 - 12_folds.train_8.predict)=37.01%
[ 2020-05-27 07:26:41,301][kfold_wrapper.log_eval_metrics] Accuracy(layer_9 - estimator_3 - 12_folds.train_9.predict)=40.16%
[ 2020-05-27 07:26:41,471][kfold_wrapper.log_eval_metrics] Accuracy(layer_9 - estimator_3 - 12_folds.train_10.predict)=42.52%
[ 2020-05-27 07:26:41,629][kfold_wrapper.log_eval_metrics] Accuracy(layer_9 - estimator_3 - 12_folds.train_11.predict)=37.80%
[ 2020-05-27 07:26:41,630][kfold_wrapper.log_eval_metrics] Accuracy(layer_9 - estimator_3 - 12_folds.train_cv.predict)=39.74%
[ 2020-05-27 07:26:41,631][kfold_wrapper.log_eval_metrics] Accuracy(layer_9 - estimator_3 - 12_folds.test.predict)=24.56%
[ 2020-05-27 07:26:41,632][cascade_classifier.calc_accuracy] Accuracy(layer_9 - train.classifier_average)=36.99%
[ 2020-05-27 07:26:41,633][cascade_classifier.calc_accuracy] Accuracy(layer_9 - test.classifier_average)=30.99%
[ 2020-05-27 07:26:41,634][cascade_classifier.fit_transform] [layer=10] look_indexs=[0], X_cur_train.shape=(1530, 17), X_cur_test.shape=(171, 17)
[ 2020-05-27 07:26:41,685][kfold_wrapper.log_eval_metrics] Accuracy(layer_10 - estimator_0 - 5_folds.train_0.predict)=37.58%
[ 2020-05-27 07:26:41,733][kfold_wrapper.log_eval_metrics] Accuracy(layer_10 - estimator_0 - 5_folds.train_1.predict)=37.25%
[ 2020-05-27 07:26:41,782][kfold_wrapper.log_eval_metrics] Accuracy(layer_10 - estimator_0 - 5_folds.train_2.predict)=43.14%
[ 2020-05-27 07:26:41,829][kfold_wrapper.log_eval_metrics] Accuracy(layer_10 - estimator_0 - 5_folds.train_3.predict)=38.56%
[ 2020-05-27 07:26:41,877][kfold_wrapper.log_eval_metrics] Accuracy(layer_10 - estimator_0 - 5_folds.train_4.predict)=37.25%
[ 2020-05-27 07:26:41,881][kfold_wrapper.log_eval_metrics] Accuracy(layer_10 - estimator_0 - 5_folds.train_cv.predict)=38.76%
[ 2020-05-27 07:26:41,882][kfold_wrapper.log_eval_metrics] Accuracy(layer_10 - estimator_0 - 5_folds.test.predict)=25.73%
[ 2020-05-27 07:26:42,105][kfold_wrapper.log_eval_metrics] Accuracy(layer_10 - estimator_1 - 12_folds.train_0.predict)=36.72%
[ 2020-05-27 07:26:42,465][kfold_wrapper.log_eval_metrics] Accuracy(layer_10 - estimator_1 - 12_folds.train_1.predict)=29.69%
[ 2020-05-27 07:26:42,818][kfold_wrapper.log_eval_metrics] Accuracy(layer_10 - estimator_1 - 12_folds.train_2.predict)=38.28%
[ 2020-05-27 07:26:43,182][kfold_wrapper.log_eval_metrics] Accuracy(layer_10 - estimator_1 - 12_folds.train_3.predict)=29.69%
[ 2020-05-27 07:26:43,545][kfold_wrapper.log_eval_metrics] Accuracy(layer_10 - estimator_1 - 12_folds.train_4.predict)=30.47%
[ 2020-05-27 07:26:43,894][kfold_wrapper.log_eval_metrics] Accuracy(layer_10 - estimator_1 - 12_folds.train_5.predict)=44.53%
[ 2020-05-27 07:26:44,239][kfold_wrapper.log_eval_metrics] Accuracy(layer_10 - estimator_1 - 12_folds.train_6.predict)=34.65%
[ 2020-05-27 07:26:44,594][kfold_wrapper.log_eval_metrics] Accuracy(layer_10 - estimator_1 - 12_folds.train_7.predict)=37.01%
[ 2020-05-27 07:26:44,956][kfold_wrapper.log_eval_metrics] Accuracy(layer_10 - estimator_1 - 12_folds.train_8.predict)=35.43%
[ 2020-05-27 07:26:45,315][kfold_wrapper.log_eval_metrics] Accuracy(layer_10 - estimator_1 - 12_folds.train_9.predict)=36.22%
[ 2020-05-27 07:26:45,671][kfold_wrapper.log_eval_metrics] Accuracy(layer_10 - estimator_1 - 12_folds.train_10.predict)=36.22%
[ 2020-05-27 07:26:46,022][kfold_wrapper.log_eval_metrics] Accuracy(layer_10 - estimator_1 - 12_folds.train_11.predict)=29.13%
[ 2020-05-27 07:26:46,139][kfold_wrapper.log_eval_metrics] Accuracy(layer_10 - estimator_1 - 12_folds.train_cv.predict)=34.84%
[ 2020-05-27 07:26:46,142][kfold_wrapper.log_eval_metrics] Accuracy(layer_10 - estimator_1 - 12_folds.test.predict)=25.73%
[ 2020-05-27 07:26:46,380][kfold_wrapper.log_eval_metrics] Accuracy(layer_10 - estimator_2 - 12_folds.train_0.predict)=35.94%
[ 2020-05-27 07:26:46,727][kfold_wrapper.log_eval_metrics] Accuracy(layer_10 - estimator_2 - 12_folds.train_1.predict)=34.38%
[ 2020-05-27 07:26:47,090][kfold_wrapper.log_eval_metrics] Accuracy(layer_10 - estimator_2 - 12_folds.train_2.predict)=39.06%
[ 2020-05-27 07:26:47,456][kfold_wrapper.log_eval_metrics] Accuracy(layer_10 - estimator_2 - 12_folds.train_3.predict)=34.38%
[ 2020-05-27 07:26:47,816][kfold_wrapper.log_eval_metrics] Accuracy(layer_10 - estimator_2 - 12_folds.train_4.predict)=31.25%
[ 2020-05-27 07:26:48,168][kfold_wrapper.log_eval_metrics] Accuracy(layer_10 - estimator_2 - 12_folds.train_5.predict)=35.94%
[ 2020-05-27 07:26:48,519][kfold_wrapper.log_eval_metrics] Accuracy(layer_10 - estimator_2 - 12_folds.train_6.predict)=31.50%
[ 2020-05-27 07:26:48,884][kfold_wrapper.log_eval_metrics] Accuracy(layer_10 - estimator_2 - 12_folds.train_7.predict)=34.65%
[ 2020-05-27 07:26:49,248][kfold_wrapper.log_eval_metrics] Accuracy(layer_10 - estimator_2 - 12_folds.train_8.predict)=29.13%
[ 2020-05-27 07:26:49,611][kfold_wrapper.log_eval_metrics] Accuracy(layer_10 - estimator_2 - 12_folds.train_9.predict)=37.01%
[ 2020-05-27 07:26:49,972][kfold_wrapper.log_eval_metrics] Accuracy(layer_10 - estimator_2 - 12_folds.train_10.predict)=37.80%
[ 2020-05-27 07:26:50,314][kfold_wrapper.log_eval_metrics] Accuracy(layer_10 - estimator_2 - 12_folds.train_11.predict)=31.50%
[ 2020-05-27 07:26:50,438][kfold_wrapper.log_eval_metrics] Accuracy(layer_10 - estimator_2 - 12_folds.train_cv.predict)=34.38%
[ 2020-05-27 07:26:50,441][kfold_wrapper.log_eval_metrics] Accuracy(layer_10 - estimator_2 - 12_folds.test.predict)=25.73%
[ 2020-05-27 07:26:50,661][kfold_wrapper.log_eval_metrics] Accuracy(layer_10 - estimator_3 - 12_folds.train_0.predict)=42.97%
[ 2020-05-27 07:26:50,843][kfold_wrapper.log_eval_metrics] Accuracy(layer_10 - estimator_3 - 12_folds.train_1.predict)=35.94%
[ 2020-05-27 07:26:51,020][kfold_wrapper.log_eval_metrics] Accuracy(layer_10 - estimator_3 - 12_folds.train_2.predict)=34.38%
[ 2020-05-27 07:26:51,198][kfold_wrapper.log_eval_metrics] Accuracy(layer_10 - estimator_3 - 12_folds.train_3.predict)=41.41%
[ 2020-05-27 07:26:51,380][kfold_wrapper.log_eval_metrics] Accuracy(layer_10 - estimator_3 - 12_folds.train_4.predict)=35.94%
[ 2020-05-27 07:26:51,566][kfold_wrapper.log_eval_metrics] Accuracy(layer_10 - estimator_3 - 12_folds.train_5.predict)=39.84%
[ 2020-05-27 07:26:51,753][kfold_wrapper.log_eval_metrics] Accuracy(layer_10 - estimator_3 - 12_folds.train_6.predict)=37.80%
[ 2020-05-27 07:26:51,949][kfold_wrapper.log_eval_metrics] Accuracy(layer_10 - estimator_3 - 12_folds.train_7.predict)=38.58%
[ 2020-05-27 07:26:52,130][kfold_wrapper.log_eval_metrics] Accuracy(layer_10 - estimator_3 - 12_folds.train_8.predict)=43.31%
[ 2020-05-27 07:26:52,299][kfold_wrapper.log_eval_metrics] Accuracy(layer_10 - estimator_3 - 12_folds.train_9.predict)=40.94%
[ 2020-05-27 07:26:52,477][kfold_wrapper.log_eval_metrics] Accuracy(layer_10 - estimator_3 - 12_folds.train_10.predict)=45.67%
[ 2020-05-27 07:26:52,656][kfold_wrapper.log_eval_metrics] Accuracy(layer_10 - estimator_3 - 12_folds.train_11.predict)=44.09%
[ 2020-05-27 07:26:52,658][kfold_wrapper.log_eval_metrics] Accuracy(layer_10 - estimator_3 - 12_folds.train_cv.predict)=40.07%
[ 2020-05-27 07:26:52,659][kfold_wrapper.log_eval_metrics] Accuracy(layer_10 - estimator_3 - 12_folds.test.predict)=23.98%
[ 2020-05-27 07:26:52,660][cascade_classifier.calc_accuracy] Accuracy(layer_10 - train.classifier_average)=36.60%
[ 2020-05-27 07:26:52,662][cascade_classifier.calc_accuracy] Accuracy(layer_10 - test.classifier_average)=25.15%
[ 2020-05-27 07:26:52,663][cascade_classifier.fit_transform] [layer=11] look_indexs=[0], X_cur_train.shape=(1530, 17), X_cur_test.shape=(171, 17)
[ 2020-05-27 07:26:52,720][kfold_wrapper.log_eval_metrics] Accuracy(layer_11 - estimator_0 - 5_folds.train_0.predict)=42.81%
[ 2020-05-27 07:26:52,773][kfold_wrapper.log_eval_metrics] Accuracy(layer_11 - estimator_0 - 5_folds.train_1.predict)=41.18%
[ 2020-05-27 07:26:52,827][kfold_wrapper.log_eval_metrics] Accuracy(layer_11 - estimator_0 - 5_folds.train_2.predict)=38.56%
[ 2020-05-27 07:26:52,883][kfold_wrapper.log_eval_metrics] Accuracy(layer_11 - estimator_0 - 5_folds.train_3.predict)=34.97%
[ 2020-05-27 07:26:52,936][kfold_wrapper.log_eval_metrics] Accuracy(layer_11 - estimator_0 - 5_folds.train_4.predict)=37.91%
[ 2020-05-27 07:26:52,940][kfold_wrapper.log_eval_metrics] Accuracy(layer_11 - estimator_0 - 5_folds.train_cv.predict)=39.08%
[ 2020-05-27 07:26:52,943][kfold_wrapper.log_eval_metrics] Accuracy(layer_11 - estimator_0 - 5_folds.test.predict)=29.82%
[ 2020-05-27 07:26:53,164][kfold_wrapper.log_eval_metrics] Accuracy(layer_11 - estimator_1 - 12_folds.train_0.predict)=40.62%
[ 2020-05-27 07:26:53,514][kfold_wrapper.log_eval_metrics] Accuracy(layer_11 - estimator_1 - 12_folds.train_1.predict)=42.97%
[ 2020-05-27 07:26:53,863][kfold_wrapper.log_eval_metrics] Accuracy(layer_11 - estimator_1 - 12_folds.train_2.predict)=34.38%
[ 2020-05-27 07:26:54,221][kfold_wrapper.log_eval_metrics] Accuracy(layer_11 - estimator_1 - 12_folds.train_3.predict)=37.50%
[ 2020-05-27 07:26:54,585][kfold_wrapper.log_eval_metrics] Accuracy(layer_11 - estimator_1 - 12_folds.train_4.predict)=28.91%
[ 2020-05-27 07:26:54,948][kfold_wrapper.log_eval_metrics] Accuracy(layer_11 - estimator_1 - 12_folds.train_5.predict)=31.25%
[ 2020-05-27 07:26:55,309][kfold_wrapper.log_eval_metrics] Accuracy(layer_11 - estimator_1 - 12_folds.train_6.predict)=40.94%
[ 2020-05-27 07:26:55,663][kfold_wrapper.log_eval_metrics] Accuracy(layer_11 - estimator_1 - 12_folds.train_7.predict)=34.65%
[ 2020-05-27 07:26:56,017][kfold_wrapper.log_eval_metrics] Accuracy(layer_11 - estimator_1 - 12_folds.train_8.predict)=44.09%
[ 2020-05-27 07:26:56,383][kfold_wrapper.log_eval_metrics] Accuracy(layer_11 - estimator_1 - 12_folds.train_9.predict)=40.94%
[ 2020-05-27 07:26:56,748][kfold_wrapper.log_eval_metrics] Accuracy(layer_11 - estimator_1 - 12_folds.train_10.predict)=34.65%
[ 2020-05-27 07:26:57,104][kfold_wrapper.log_eval_metrics] Accuracy(layer_11 - estimator_1 - 12_folds.train_11.predict)=39.37%
[ 2020-05-27 07:26:57,228][kfold_wrapper.log_eval_metrics] Accuracy(layer_11 - estimator_1 - 12_folds.train_cv.predict)=37.52%
[ 2020-05-27 07:26:57,230][kfold_wrapper.log_eval_metrics] Accuracy(layer_11 - estimator_1 - 12_folds.test.predict)=29.24%
[ 2020-05-27 07:26:57,464][kfold_wrapper.log_eval_metrics] Accuracy(layer_11 - estimator_2 - 12_folds.train_0.predict)=30.47%
[ 2020-05-27 07:26:57,821][kfold_wrapper.log_eval_metrics] Accuracy(layer_11 - estimator_2 - 12_folds.train_1.predict)=26.56%
[ 2020-05-27 07:26:58,185][kfold_wrapper.log_eval_metrics] Accuracy(layer_11 - estimator_2 - 12_folds.train_2.predict)=30.47%
[ 2020-05-27 07:26:58,547][kfold_wrapper.log_eval_metrics] Accuracy(layer_11 - estimator_2 - 12_folds.train_3.predict)=35.94%
[ 2020-05-27 07:26:58,891][kfold_wrapper.log_eval_metrics] Accuracy(layer_11 - estimator_2 - 12_folds.train_4.predict)=39.06%
[ 2020-05-27 07:26:59,240][kfold_wrapper.log_eval_metrics] Accuracy(layer_11 - estimator_2 - 12_folds.train_5.predict)=35.16%
[ 2020-05-27 07:26:59,588][kfold_wrapper.log_eval_metrics] Accuracy(layer_11 - estimator_2 - 12_folds.train_6.predict)=29.92%
[ 2020-05-27 07:26:59,946][kfold_wrapper.log_eval_metrics] Accuracy(layer_11 - estimator_2 - 12_folds.train_7.predict)=36.22%
[ 2020-05-27 07:27:00,293][kfold_wrapper.log_eval_metrics] Accuracy(layer_11 - estimator_2 - 12_folds.train_8.predict)=33.07%
[ 2020-05-27 07:27:00,661][kfold_wrapper.log_eval_metrics] Accuracy(layer_11 - estimator_2 - 12_folds.train_9.predict)=35.43%
[ 2020-05-27 07:27:01,022][kfold_wrapper.log_eval_metrics] Accuracy(layer_11 - estimator_2 - 12_folds.train_10.predict)=30.71%
[ 2020-05-27 07:27:01,362][kfold_wrapper.log_eval_metrics] Accuracy(layer_11 - estimator_2 - 12_folds.train_11.predict)=33.07%
[ 2020-05-27 07:27:01,478][kfold_wrapper.log_eval_metrics] Accuracy(layer_11 - estimator_2 - 12_folds.train_cv.predict)=33.01%
[ 2020-05-27 07:27:01,481][kfold_wrapper.log_eval_metrics] Accuracy(layer_11 - estimator_2 - 12_folds.test.predict)=33.33%
[ 2020-05-27 07:27:01,718][kfold_wrapper.log_eval_metrics] Accuracy(layer_11 - estimator_3 - 12_folds.train_0.predict)=39.84%
[ 2020-05-27 07:27:01,925][kfold_wrapper.log_eval_metrics] Accuracy(layer_11 - estimator_3 - 12_folds.train_1.predict)=39.06%
[ 2020-05-27 07:27:02,140][kfold_wrapper.log_eval_metrics] Accuracy(layer_11 - estimator_3 - 12_folds.train_2.predict)=40.62%
[ 2020-05-27 07:27:02,348][kfold_wrapper.log_eval_metrics] Accuracy(layer_11 - estimator_3 - 12_folds.train_3.predict)=42.97%
[ 2020-05-27 07:27:02,549][kfold_wrapper.log_eval_metrics] Accuracy(layer_11 - estimator_3 - 12_folds.train_4.predict)=35.16%
[ 2020-05-27 07:27:02,751][kfold_wrapper.log_eval_metrics] Accuracy(layer_11 - estimator_3 - 12_folds.train_5.predict)=40.62%
[ 2020-05-27 07:27:02,961][kfold_wrapper.log_eval_metrics] Accuracy(layer_11 - estimator_3 - 12_folds.train_6.predict)=42.52%
[ 2020-05-27 07:27:03,165][kfold_wrapper.log_eval_metrics] Accuracy(layer_11 - estimator_3 - 12_folds.train_7.predict)=37.01%
[ 2020-05-27 07:27:03,381][kfold_wrapper.log_eval_metrics] Accuracy(layer_11 - estimator_3 - 12_folds.train_8.predict)=40.16%
[ 2020-05-27 07:27:03,569][kfold_wrapper.log_eval_metrics] Accuracy(layer_11 - estimator_3 - 12_folds.train_9.predict)=40.94%
[ 2020-05-27 07:27:03,770][kfold_wrapper.log_eval_metrics] Accuracy(layer_11 - estimator_3 - 12_folds.train_10.predict)=42.52%
[ 2020-05-27 07:27:03,980][kfold_wrapper.log_eval_metrics] Accuracy(layer_11 - estimator_3 - 12_folds.train_11.predict)=44.88%
[ 2020-05-27 07:27:03,982][kfold_wrapper.log_eval_metrics] Accuracy(layer_11 - estimator_3 - 12_folds.train_cv.predict)=40.52%
[ 2020-05-27 07:27:03,984][kfold_wrapper.log_eval_metrics] Accuracy(layer_11 - estimator_3 - 12_folds.test.predict)=25.73%
[ 2020-05-27 07:27:03,986][cascade_classifier.calc_accuracy] Accuracy(layer_11 - train.classifier_average)=37.19%
[ 2020-05-27 07:27:03,987][cascade_classifier.calc_accuracy] Accuracy(layer_11 - test.classifier_average)=30.99%
[ 2020-05-27 07:27:03,988][cascade_classifier.fit_transform] [Result][Optimal Level Detected] opt_layer_num=8, accuracy_train=39.74%, accuracy_test=25.15%
[ 2020-05-27 07:27:04,097][cascade_classifier.transform] X_groups_test.shape=[(243, 5)]
[ 2020-05-27 07:27:04,098][cascade_classifier.transform] group_dims=[5]
[ 2020-05-27 07:27:04,098][cascade_classifier.transform] X_test.shape=(243, 5)
[ 2020-05-27 07:27:04,099][cascade_classifier.transform] [layer=0] look_indexs=[0], X_cur_test.shape=(243, 5)
[ 2020-05-27 07:27:06,776][cascade_classifier.transform] [layer=1] look_indexs=[0], X_cur_test.shape=(243, 17)
[ 2020-05-27 07:27:09,470][cascade_classifier.transform] [layer=2] look_indexs=[0], X_cur_test.shape=(243, 17)
[ 2020-05-27 07:27:12,167][cascade_classifier.transform] [layer=3] look_indexs=[0], X_cur_test.shape=(243, 17)
[ 2020-05-27 07:27:14,882][cascade_classifier.transform] [layer=4] look_indexs=[0], X_cur_test.shape=(243, 17)
[ 2020-05-27 07:27:17,569][cascade_classifier.transform] [layer=5] look_indexs=[0], X_cur_test.shape=(243, 17)
[ 2020-05-27 07:27:20,283][cascade_classifier.transform] [layer=6] look_indexs=[0], X_cur_test.shape=(243, 17)
[ 2020-05-27 07:27:23,001][cascade_classifier.transform] [layer=7] look_indexs=[0], X_cur_test.shape=(243, 17)
[ 2020-05-27 07:27:26,134][cascade_classifier.fit_transform] X_groups_train.shape=[(1749, 5)],y_train.shape=(1749,),X_groups_test.shape=[(195, 5)],y_test.shape=(195,)
[ 2020-05-27 07:27:26,135][cascade_classifier.fit_transform] group_dims=[5]
[ 2020-05-27 07:27:26,135][cascade_classifier.fit_transform] group_starts=[0]
[ 2020-05-27 07:27:26,136][cascade_classifier.fit_transform] group_ends=[5]
[ 2020-05-27 07:27:26,137][cascade_classifier.fit_transform] X_train.shape=(1749, 5),X_test.shape=(195, 5)
[ 2020-05-27 07:27:26,138][cascade_classifier.fit_transform] [layer=0] look_indexs=[0], X_cur_train.shape=(1749, 5), X_cur_test.shape=(195, 5)
[ 2020-05-27 07:27:26,165][kfold_wrapper.log_eval_metrics] Accuracy(layer_0 - estimator_0 - 5_folds.train_0.predict)=36.86%
[ 2020-05-27 07:27:26,191][kfold_wrapper.log_eval_metrics] Accuracy(layer_0 - estimator_0 - 5_folds.train_1.predict)=37.71%
[ 2020-05-27 07:27:26,217][kfold_wrapper.log_eval_metrics] Accuracy(layer_0 - estimator_0 - 5_folds.train_2.predict)=33.71%
[ 2020-05-27 07:27:26,242][kfold_wrapper.log_eval_metrics] Accuracy(layer_0 - estimator_0 - 5_folds.train_3.predict)=37.71%
[ 2020-05-27 07:27:26,268][kfold_wrapper.log_eval_metrics] Accuracy(layer_0 - estimator_0 - 5_folds.train_4.predict)=39.83%
[ 2020-05-27 07:27:26,270][kfold_wrapper.log_eval_metrics] Accuracy(layer_0 - estimator_0 - 5_folds.train_cv.predict)=37.16%
[ 2020-05-27 07:27:26,271][kfold_wrapper.log_eval_metrics] Accuracy(layer_0 - estimator_0 - 5_folds.test.predict)=26.67%
[ 2020-05-27 07:27:26,490][kfold_wrapper.log_eval_metrics] Accuracy(layer_0 - estimator_1 - 12_folds.train_0.predict)=31.51%
[ 2020-05-27 07:27:26,846][kfold_wrapper.log_eval_metrics] Accuracy(layer_0 - estimator_1 - 12_folds.train_1.predict)=32.19%
[ 2020-05-27 07:27:27,204][kfold_wrapper.log_eval_metrics] Accuracy(layer_0 - estimator_1 - 12_folds.train_2.predict)=29.45%
[ 2020-05-27 07:27:27,558][kfold_wrapper.log_eval_metrics] Accuracy(layer_0 - estimator_1 - 12_folds.train_3.predict)=32.88%
[ 2020-05-27 07:27:27,913][kfold_wrapper.log_eval_metrics] Accuracy(layer_0 - estimator_1 - 12_folds.train_4.predict)=30.82%
[ 2020-05-27 07:27:28,246][kfold_wrapper.log_eval_metrics] Accuracy(layer_0 - estimator_1 - 12_folds.train_5.predict)=33.56%
[ 2020-05-27 07:27:28,602][kfold_wrapper.log_eval_metrics] Accuracy(layer_0 - estimator_1 - 12_folds.train_6.predict)=34.25%
[ 2020-05-27 07:27:28,944][kfold_wrapper.log_eval_metrics] Accuracy(layer_0 - estimator_1 - 12_folds.train_7.predict)=34.25%
[ 2020-05-27 07:27:29,296][kfold_wrapper.log_eval_metrics] Accuracy(layer_0 - estimator_1 - 12_folds.train_8.predict)=32.88%
[ 2020-05-27 07:27:29,648][kfold_wrapper.log_eval_metrics] Accuracy(layer_0 - estimator_1 - 12_folds.train_9.predict)=32.41%
[ 2020-05-27 07:27:29,996][kfold_wrapper.log_eval_metrics] Accuracy(layer_0 - estimator_1 - 12_folds.train_10.predict)=37.93%
[ 2020-05-27 07:27:30,342][kfold_wrapper.log_eval_metrics] Accuracy(layer_0 - estimator_1 - 12_folds.train_11.predict)=31.03%
[ 2020-05-27 07:27:30,458][kfold_wrapper.log_eval_metrics] Accuracy(layer_0 - estimator_1 - 12_folds.train_cv.predict)=32.76%
[ 2020-05-27 07:27:30,459][kfold_wrapper.log_eval_metrics] Accuracy(layer_0 - estimator_1 - 12_folds.test.predict)=33.33%
[ 2020-05-27 07:27:30,688][kfold_wrapper.log_eval_metrics] Accuracy(layer_0 - estimator_2 - 12_folds.train_0.predict)=28.08%
[ 2020-05-27 07:27:31,044][kfold_wrapper.log_eval_metrics] Accuracy(layer_0 - estimator_2 - 12_folds.train_1.predict)=30.14%
[ 2020-05-27 07:27:31,395][kfold_wrapper.log_eval_metrics] Accuracy(layer_0 - estimator_2 - 12_folds.train_2.predict)=32.88%
[ 2020-05-27 07:27:31,751][kfold_wrapper.log_eval_metrics] Accuracy(layer_0 - estimator_2 - 12_folds.train_3.predict)=34.93%
[ 2020-05-27 07:27:32,093][kfold_wrapper.log_eval_metrics] Accuracy(layer_0 - estimator_2 - 12_folds.train_4.predict)=38.36%
[ 2020-05-27 07:27:32,439][kfold_wrapper.log_eval_metrics] Accuracy(layer_0 - estimator_2 - 12_folds.train_5.predict)=32.19%
[ 2020-05-27 07:27:32,792][kfold_wrapper.log_eval_metrics] Accuracy(layer_0 - estimator_2 - 12_folds.train_6.predict)=35.62%
[ 2020-05-27 07:27:33,140][kfold_wrapper.log_eval_metrics] Accuracy(layer_0 - estimator_2 - 12_folds.train_7.predict)=31.51%
[ 2020-05-27 07:27:33,495][kfold_wrapper.log_eval_metrics] Accuracy(layer_0 - estimator_2 - 12_folds.train_8.predict)=34.93%
[ 2020-05-27 07:27:33,853][kfold_wrapper.log_eval_metrics] Accuracy(layer_0 - estimator_2 - 12_folds.train_9.predict)=28.28%
[ 2020-05-27 07:27:34,211][kfold_wrapper.log_eval_metrics] Accuracy(layer_0 - estimator_2 - 12_folds.train_10.predict)=30.34%
[ 2020-05-27 07:27:34,559][kfold_wrapper.log_eval_metrics] Accuracy(layer_0 - estimator_2 - 12_folds.train_11.predict)=33.79%
[ 2020-05-27 07:27:34,675][kfold_wrapper.log_eval_metrics] Accuracy(layer_0 - estimator_2 - 12_folds.train_cv.predict)=32.59%
[ 2020-05-27 07:27:34,677][kfold_wrapper.log_eval_metrics] Accuracy(layer_0 - estimator_2 - 12_folds.test.predict)=27.18%
[ 2020-05-27 07:27:34,719][kfold_wrapper.log_eval_metrics] Accuracy(layer_0 - estimator_3 - 12_folds.train_0.predict)=39.04%
[ 2020-05-27 07:27:34,737][kfold_wrapper.log_eval_metrics] Accuracy(layer_0 - estimator_3 - 12_folds.train_1.predict)=36.99%
[ 2020-05-27 07:27:34,754][kfold_wrapper.log_eval_metrics] Accuracy(layer_0 - estimator_3 - 12_folds.train_2.predict)=43.84%
[ 2020-05-27 07:27:34,771][kfold_wrapper.log_eval_metrics] Accuracy(layer_0 - estimator_3 - 12_folds.train_3.predict)=41.10%
[ 2020-05-27 07:27:34,789][kfold_wrapper.log_eval_metrics] Accuracy(layer_0 - estimator_3 - 12_folds.train_4.predict)=40.41%
[ 2020-05-27 07:27:34,806][kfold_wrapper.log_eval_metrics] Accuracy(layer_0 - estimator_3 - 12_folds.train_5.predict)=42.47%
[ 2020-05-27 07:27:34,822][kfold_wrapper.log_eval_metrics] Accuracy(layer_0 - estimator_3 - 12_folds.train_6.predict)=37.67%
[ 2020-05-27 07:27:34,837][kfold_wrapper.log_eval_metrics] Accuracy(layer_0 - estimator_3 - 12_folds.train_7.predict)=39.73%
[ 2020-05-27 07:27:34,855][kfold_wrapper.log_eval_metrics] Accuracy(layer_0 - estimator_3 - 12_folds.train_8.predict)=46.58%
[ 2020-05-27 07:27:34,870][kfold_wrapper.log_eval_metrics] Accuracy(layer_0 - estimator_3 - 12_folds.train_9.predict)=33.79%
[ 2020-05-27 07:27:34,887][kfold_wrapper.log_eval_metrics] Accuracy(layer_0 - estimator_3 - 12_folds.train_10.predict)=38.62%
[ 2020-05-27 07:27:34,903][kfold_wrapper.log_eval_metrics] Accuracy(layer_0 - estimator_3 - 12_folds.train_11.predict)=38.62%
[ 2020-05-27 07:27:34,904][kfold_wrapper.log_eval_metrics] Accuracy(layer_0 - estimator_3 - 12_folds.train_cv.predict)=39.91%
[ 2020-05-27 07:27:34,905][kfold_wrapper.log_eval_metrics] Accuracy(layer_0 - estimator_3 - 12_folds.test.predict)=23.08%
[ 2020-05-27 07:27:34,906][cascade_classifier.calc_accuracy] Accuracy(layer_0 - train.classifier_average)=34.48%
[ 2020-05-27 07:27:34,906][cascade_classifier.calc_accuracy] Accuracy(layer_0 - test.classifier_average)=28.21%
[ 2020-05-27 07:27:34,907][cascade_classifier.fit_transform] [layer=1] look_indexs=[0], X_cur_train.shape=(1749, 17), X_cur_test.shape=(195, 17)
[ 2020-05-27 07:27:34,937][kfold_wrapper.log_eval_metrics] Accuracy(layer_1 - estimator_0 - 5_folds.train_0.predict)=40.29%
[ 2020-05-27 07:27:34,967][kfold_wrapper.log_eval_metrics] Accuracy(layer_1 - estimator_0 - 5_folds.train_1.predict)=35.14%
[ 2020-05-27 07:27:34,998][kfold_wrapper.log_eval_metrics] Accuracy(layer_1 - estimator_0 - 5_folds.train_2.predict)=36.29%
[ 2020-05-27 07:27:35,031][kfold_wrapper.log_eval_metrics] Accuracy(layer_1 - estimator_0 - 5_folds.train_3.predict)=36.29%
[ 2020-05-27 07:27:35,063][kfold_wrapper.log_eval_metrics] Accuracy(layer_1 - estimator_0 - 5_folds.train_4.predict)=37.54%
[ 2020-05-27 07:27:35,065][kfold_wrapper.log_eval_metrics] Accuracy(layer_1 - estimator_0 - 5_folds.train_cv.predict)=37.11%
[ 2020-05-27 07:27:35,066][kfold_wrapper.log_eval_metrics] Accuracy(layer_1 - estimator_0 - 5_folds.test.predict)=25.13%
[ 2020-05-27 07:27:35,287][kfold_wrapper.log_eval_metrics] Accuracy(layer_1 - estimator_1 - 12_folds.train_0.predict)=40.41%
[ 2020-05-27 07:27:35,613][kfold_wrapper.log_eval_metrics] Accuracy(layer_1 - estimator_1 - 12_folds.train_1.predict)=44.52%
[ 2020-05-27 07:27:35,969][kfold_wrapper.log_eval_metrics] Accuracy(layer_1 - estimator_1 - 12_folds.train_2.predict)=32.19%
[ 2020-05-27 07:27:36,328][kfold_wrapper.log_eval_metrics] Accuracy(layer_1 - estimator_1 - 12_folds.train_3.predict)=36.99%
[ 2020-05-27 07:27:36,681][kfold_wrapper.log_eval_metrics] Accuracy(layer_1 - estimator_1 - 12_folds.train_4.predict)=39.73%
[ 2020-05-27 07:27:37,030][kfold_wrapper.log_eval_metrics] Accuracy(layer_1 - estimator_1 - 12_folds.train_5.predict)=35.62%
[ 2020-05-27 07:27:37,369][kfold_wrapper.log_eval_metrics] Accuracy(layer_1 - estimator_1 - 12_folds.train_6.predict)=35.62%
[ 2020-05-27 07:27:37,714][kfold_wrapper.log_eval_metrics] Accuracy(layer_1 - estimator_1 - 12_folds.train_7.predict)=33.56%
[ 2020-05-27 07:27:38,040][kfold_wrapper.log_eval_metrics] Accuracy(layer_1 - estimator_1 - 12_folds.train_8.predict)=39.04%
[ 2020-05-27 07:27:38,399][kfold_wrapper.log_eval_metrics] Accuracy(layer_1 - estimator_1 - 12_folds.train_9.predict)=37.93%
[ 2020-05-27 07:27:38,759][kfold_wrapper.log_eval_metrics] Accuracy(layer_1 - estimator_1 - 12_folds.train_10.predict)=42.76%
[ 2020-05-27 07:27:39,103][kfold_wrapper.log_eval_metrics] Accuracy(layer_1 - estimator_1 - 12_folds.train_11.predict)=33.10%
[ 2020-05-27 07:27:39,219][kfold_wrapper.log_eval_metrics] Accuracy(layer_1 - estimator_1 - 12_folds.train_cv.predict)=37.62%
[ 2020-05-27 07:27:39,221][kfold_wrapper.log_eval_metrics] Accuracy(layer_1 - estimator_1 - 12_folds.test.predict)=28.21%
[ 2020-05-27 07:27:39,455][kfold_wrapper.log_eval_metrics] Accuracy(layer_1 - estimator_2 - 12_folds.train_0.predict)=34.93%
[ 2020-05-27 07:27:39,813][kfold_wrapper.log_eval_metrics] Accuracy(layer_1 - estimator_2 - 12_folds.train_1.predict)=39.73%
[ 2020-05-27 07:27:40,171][kfold_wrapper.log_eval_metrics] Accuracy(layer_1 - estimator_2 - 12_folds.train_2.predict)=40.41%
[ 2020-05-27 07:27:40,510][kfold_wrapper.log_eval_metrics] Accuracy(layer_1 - estimator_2 - 12_folds.train_3.predict)=41.10%
[ 2020-05-27 07:27:40,863][kfold_wrapper.log_eval_metrics] Accuracy(layer_1 - estimator_2 - 12_folds.train_4.predict)=42.47%
[ 2020-05-27 07:27:41,216][kfold_wrapper.log_eval_metrics] Accuracy(layer_1 - estimator_2 - 12_folds.train_5.predict)=37.67%
[ 2020-05-27 07:27:41,574][kfold_wrapper.log_eval_metrics] Accuracy(layer_1 - estimator_2 - 12_folds.train_6.predict)=35.62%
[ 2020-05-27 07:27:41,928][kfold_wrapper.log_eval_metrics] Accuracy(layer_1 - estimator_2 - 12_folds.train_7.predict)=36.30%
[ 2020-05-27 07:27:42,277][kfold_wrapper.log_eval_metrics] Accuracy(layer_1 - estimator_2 - 12_folds.train_8.predict)=32.88%
[ 2020-05-27 07:27:42,620][kfold_wrapper.log_eval_metrics] Accuracy(layer_1 - estimator_2 - 12_folds.train_9.predict)=41.38%
[ 2020-05-27 07:27:42,962][kfold_wrapper.log_eval_metrics] Accuracy(layer_1 - estimator_2 - 12_folds.train_10.predict)=37.24%
[ 2020-05-27 07:27:43,317][kfold_wrapper.log_eval_metrics] Accuracy(layer_1 - estimator_2 - 12_folds.train_11.predict)=37.93%
[ 2020-05-27 07:27:43,435][kfold_wrapper.log_eval_metrics] Accuracy(layer_1 - estimator_2 - 12_folds.train_cv.predict)=38.14%
[ 2020-05-27 07:27:43,438][kfold_wrapper.log_eval_metrics] Accuracy(layer_1 - estimator_2 - 12_folds.test.predict)=27.69%
[ 2020-05-27 07:27:43,538][kfold_wrapper.log_eval_metrics] Accuracy(layer_1 - estimator_3 - 12_folds.train_0.predict)=40.41%
[ 2020-05-27 07:27:43,589][kfold_wrapper.log_eval_metrics] Accuracy(layer_1 - estimator_3 - 12_folds.train_1.predict)=43.84%
[ 2020-05-27 07:27:43,643][kfold_wrapper.log_eval_metrics] Accuracy(layer_1 - estimator_3 - 12_folds.train_2.predict)=39.73%
[ 2020-05-27 07:27:43,693][kfold_wrapper.log_eval_metrics] Accuracy(layer_1 - estimator_3 - 12_folds.train_3.predict)=37.67%
[ 2020-05-27 07:27:43,744][kfold_wrapper.log_eval_metrics] Accuracy(layer_1 - estimator_3 - 12_folds.train_4.predict)=35.62%
[ 2020-05-27 07:27:43,794][kfold_wrapper.log_eval_metrics] Accuracy(layer_1 - estimator_3 - 12_folds.train_5.predict)=42.47%
[ 2020-05-27 07:27:43,843][kfold_wrapper.log_eval_metrics] Accuracy(layer_1 - estimator_3 - 12_folds.train_6.predict)=40.41%
[ 2020-05-27 07:27:43,895][kfold_wrapper.log_eval_metrics] Accuracy(layer_1 - estimator_3 - 12_folds.train_7.predict)=44.52%
[ 2020-05-27 07:27:43,945][kfold_wrapper.log_eval_metrics] Accuracy(layer_1 - estimator_3 - 12_folds.train_8.predict)=34.25%
[ 2020-05-27 07:27:43,997][kfold_wrapper.log_eval_metrics] Accuracy(layer_1 - estimator_3 - 12_folds.train_9.predict)=31.72%
[ 2020-05-27 07:27:44,048][kfold_wrapper.log_eval_metrics] Accuracy(layer_1 - estimator_3 - 12_folds.train_10.predict)=39.31%
[ 2020-05-27 07:27:44,098][kfold_wrapper.log_eval_metrics] Accuracy(layer_1 - estimator_3 - 12_folds.train_11.predict)=42.07%
[ 2020-05-27 07:27:44,099][kfold_wrapper.log_eval_metrics] Accuracy(layer_1 - estimator_3 - 12_folds.train_cv.predict)=39.34%
[ 2020-05-27 07:27:44,100][kfold_wrapper.log_eval_metrics] Accuracy(layer_1 - estimator_3 - 12_folds.test.predict)=28.72%
[ 2020-05-27 07:27:44,100][cascade_classifier.calc_accuracy] Accuracy(layer_1 - train.classifier_average)=39.11%
[ 2020-05-27 07:27:44,101][cascade_classifier.calc_accuracy] Accuracy(layer_1 - test.classifier_average)=26.15%
[ 2020-05-27 07:27:44,102][cascade_classifier.fit_transform] [layer=2] look_indexs=[0], X_cur_train.shape=(1749, 17), X_cur_test.shape=(195, 17)
[ 2020-05-27 07:27:44,132][kfold_wrapper.log_eval_metrics] Accuracy(layer_2 - estimator_0 - 5_folds.train_0.predict)=34.00%
[ 2020-05-27 07:27:44,162][kfold_wrapper.log_eval_metrics] Accuracy(layer_2 - estimator_0 - 5_folds.train_1.predict)=38.00%
[ 2020-05-27 07:27:44,192][kfold_wrapper.log_eval_metrics] Accuracy(layer_2 - estimator_0 - 5_folds.train_2.predict)=38.29%
[ 2020-05-27 07:27:44,224][kfold_wrapper.log_eval_metrics] Accuracy(layer_2 - estimator_0 - 5_folds.train_3.predict)=38.86%
[ 2020-05-27 07:27:44,255][kfold_wrapper.log_eval_metrics] Accuracy(layer_2 - estimator_0 - 5_folds.train_4.predict)=35.82%
[ 2020-05-27 07:27:44,257][kfold_wrapper.log_eval_metrics] Accuracy(layer_2 - estimator_0 - 5_folds.train_cv.predict)=36.99%
[ 2020-05-27 07:27:44,258][kfold_wrapper.log_eval_metrics] Accuracy(layer_2 - estimator_0 - 5_folds.test.predict)=30.77%
[ 2020-05-27 07:27:44,476][kfold_wrapper.log_eval_metrics] Accuracy(layer_2 - estimator_1 - 12_folds.train_0.predict)=39.04%
[ 2020-05-27 07:27:44,832][kfold_wrapper.log_eval_metrics] Accuracy(layer_2 - estimator_1 - 12_folds.train_1.predict)=42.47%
[ 2020-05-27 07:27:45,189][kfold_wrapper.log_eval_metrics] Accuracy(layer_2 - estimator_1 - 12_folds.train_2.predict)=39.73%
[ 2020-05-27 07:27:45,543][kfold_wrapper.log_eval_metrics] Accuracy(layer_2 - estimator_1 - 12_folds.train_3.predict)=32.19%
[ 2020-05-27 07:27:45,897][kfold_wrapper.log_eval_metrics] Accuracy(layer_2 - estimator_1 - 12_folds.train_4.predict)=34.25%
[ 2020-05-27 07:27:46,240][kfold_wrapper.log_eval_metrics] Accuracy(layer_2 - estimator_1 - 12_folds.train_5.predict)=38.36%
[ 2020-05-27 07:27:46,599][kfold_wrapper.log_eval_metrics] Accuracy(layer_2 - estimator_1 - 12_folds.train_6.predict)=31.51%
[ 2020-05-27 07:27:46,949][kfold_wrapper.log_eval_metrics] Accuracy(layer_2 - estimator_1 - 12_folds.train_7.predict)=42.47%
[ 2020-05-27 07:27:47,299][kfold_wrapper.log_eval_metrics] Accuracy(layer_2 - estimator_1 - 12_folds.train_8.predict)=36.99%
[ 2020-05-27 07:27:47,648][kfold_wrapper.log_eval_metrics] Accuracy(layer_2 - estimator_1 - 12_folds.train_9.predict)=36.55%
[ 2020-05-27 07:27:47,991][kfold_wrapper.log_eval_metrics] Accuracy(layer_2 - estimator_1 - 12_folds.train_10.predict)=45.52%
[ 2020-05-27 07:27:48,341][kfold_wrapper.log_eval_metrics] Accuracy(layer_2 - estimator_1 - 12_folds.train_11.predict)=26.90%
[ 2020-05-27 07:27:48,459][kfold_wrapper.log_eval_metrics] Accuracy(layer_2 - estimator_1 - 12_folds.train_cv.predict)=37.16%
[ 2020-05-27 07:27:48,462][kfold_wrapper.log_eval_metrics] Accuracy(layer_2 - estimator_1 - 12_folds.test.predict)=35.38%
[ 2020-05-27 07:27:48,703][kfold_wrapper.log_eval_metrics] Accuracy(layer_2 - estimator_2 - 12_folds.train_0.predict)=35.62%
[ 2020-05-27 07:27:49,048][kfold_wrapper.log_eval_metrics] Accuracy(layer_2 - estimator_2 - 12_folds.train_1.predict)=38.36%
[ 2020-05-27 07:27:49,391][kfold_wrapper.log_eval_metrics] Accuracy(layer_2 - estimator_2 - 12_folds.train_2.predict)=36.99%
[ 2020-05-27 07:27:49,749][kfold_wrapper.log_eval_metrics] Accuracy(layer_2 - estimator_2 - 12_folds.train_3.predict)=35.62%
[ 2020-05-27 07:27:50,103][kfold_wrapper.log_eval_metrics] Accuracy(layer_2 - estimator_2 - 12_folds.train_4.predict)=36.30%
[ 2020-05-27 07:27:50,448][kfold_wrapper.log_eval_metrics] Accuracy(layer_2 - estimator_2 - 12_folds.train_5.predict)=35.62%
[ 2020-05-27 07:27:50,805][kfold_wrapper.log_eval_metrics] Accuracy(layer_2 - estimator_2 - 12_folds.train_6.predict)=37.67%
[ 2020-05-27 07:27:51,156][kfold_wrapper.log_eval_metrics] Accuracy(layer_2 - estimator_2 - 12_folds.train_7.predict)=34.93%
[ 2020-05-27 07:27:51,509][kfold_wrapper.log_eval_metrics] Accuracy(layer_2 - estimator_2 - 12_folds.train_8.predict)=34.25%
[ 2020-05-27 07:27:51,866][kfold_wrapper.log_eval_metrics] Accuracy(layer_2 - estimator_2 - 12_folds.train_9.predict)=37.93%
[ 2020-05-27 07:27:52,218][kfold_wrapper.log_eval_metrics] Accuracy(layer_2 - estimator_2 - 12_folds.train_10.predict)=36.55%
[ 2020-05-27 07:27:52,573][kfold_wrapper.log_eval_metrics] Accuracy(layer_2 - estimator_2 - 12_folds.train_11.predict)=33.79%
[ 2020-05-27 07:27:52,682][kfold_wrapper.log_eval_metrics] Accuracy(layer_2 - estimator_2 - 12_folds.train_cv.predict)=36.13%
[ 2020-05-27 07:27:52,685][kfold_wrapper.log_eval_metrics] Accuracy(layer_2 - estimator_2 - 12_folds.test.predict)=31.79%
[ 2020-05-27 07:27:52,782][kfold_wrapper.log_eval_metrics] Accuracy(layer_2 - estimator_3 - 12_folds.train_0.predict)=39.73%
[ 2020-05-27 07:27:52,833][kfold_wrapper.log_eval_metrics] Accuracy(layer_2 - estimator_3 - 12_folds.train_1.predict)=37.67%
[ 2020-05-27 07:27:52,884][kfold_wrapper.log_eval_metrics] Accuracy(layer_2 - estimator_3 - 12_folds.train_2.predict)=36.30%
[ 2020-05-27 07:27:52,936][kfold_wrapper.log_eval_metrics] Accuracy(layer_2 - estimator_3 - 12_folds.train_3.predict)=36.99%
[ 2020-05-27 07:27:52,987][kfold_wrapper.log_eval_metrics] Accuracy(layer_2 - estimator_3 - 12_folds.train_4.predict)=46.58%
[ 2020-05-27 07:27:53,038][kfold_wrapper.log_eval_metrics] Accuracy(layer_2 - estimator_3 - 12_folds.train_5.predict)=42.47%
[ 2020-05-27 07:27:53,088][kfold_wrapper.log_eval_metrics] Accuracy(layer_2 - estimator_3 - 12_folds.train_6.predict)=41.78%
[ 2020-05-27 07:27:53,140][kfold_wrapper.log_eval_metrics] Accuracy(layer_2 - estimator_3 - 12_folds.train_7.predict)=46.58%
[ 2020-05-27 07:27:53,191][kfold_wrapper.log_eval_metrics] Accuracy(layer_2 - estimator_3 - 12_folds.train_8.predict)=36.99%
[ 2020-05-27 07:27:53,240][kfold_wrapper.log_eval_metrics] Accuracy(layer_2 - estimator_3 - 12_folds.train_9.predict)=51.03%
[ 2020-05-27 07:27:53,293][kfold_wrapper.log_eval_metrics] Accuracy(layer_2 - estimator_3 - 12_folds.train_10.predict)=38.62%
[ 2020-05-27 07:27:53,346][kfold_wrapper.log_eval_metrics] Accuracy(layer_2 - estimator_3 - 12_folds.train_11.predict)=45.52%
[ 2020-05-27 07:27:53,347][kfold_wrapper.log_eval_metrics] Accuracy(layer_2 - estimator_3 - 12_folds.train_cv.predict)=41.68%
[ 2020-05-27 07:27:53,348][kfold_wrapper.log_eval_metrics] Accuracy(layer_2 - estimator_3 - 12_folds.test.predict)=26.67%
[ 2020-05-27 07:27:53,348][cascade_classifier.calc_accuracy] Accuracy(layer_2 - train.classifier_average)=39.97%
[ 2020-05-27 07:27:53,349][cascade_classifier.calc_accuracy] Accuracy(layer_2 - test.classifier_average)=30.26%
[ 2020-05-27 07:27:53,349][cascade_classifier.fit_transform] [layer=3] look_indexs=[0], X_cur_train.shape=(1749, 17), X_cur_test.shape=(195, 17)
[ 2020-05-27 07:27:53,381][kfold_wrapper.log_eval_metrics] Accuracy(layer_3 - estimator_0 - 5_folds.train_0.predict)=41.14%
[ 2020-05-27 07:27:53,412][kfold_wrapper.log_eval_metrics] Accuracy(layer_3 - estimator_0 - 5_folds.train_1.predict)=42.29%
[ 2020-05-27 07:27:53,442][kfold_wrapper.log_eval_metrics] Accuracy(layer_3 - estimator_0 - 5_folds.train_2.predict)=36.29%
[ 2020-05-27 07:27:53,473][kfold_wrapper.log_eval_metrics] Accuracy(layer_3 - estimator_0 - 5_folds.train_3.predict)=38.00%
[ 2020-05-27 07:27:53,506][kfold_wrapper.log_eval_metrics] Accuracy(layer_3 - estimator_0 - 5_folds.train_4.predict)=38.68%
[ 2020-05-27 07:27:53,508][kfold_wrapper.log_eval_metrics] Accuracy(layer_3 - estimator_0 - 5_folds.train_cv.predict)=39.28%
[ 2020-05-27 07:27:53,509][kfold_wrapper.log_eval_metrics] Accuracy(layer_3 - estimator_0 - 5_folds.test.predict)=25.13%
[ 2020-05-27 07:27:53,729][kfold_wrapper.log_eval_metrics] Accuracy(layer_3 - estimator_1 - 12_folds.train_0.predict)=33.56%
[ 2020-05-27 07:27:54,071][kfold_wrapper.log_eval_metrics] Accuracy(layer_3 - estimator_1 - 12_folds.train_1.predict)=39.04%
[ 2020-05-27 07:27:54,413][kfold_wrapper.log_eval_metrics] Accuracy(layer_3 - estimator_1 - 12_folds.train_2.predict)=39.04%
[ 2020-05-27 07:27:54,767][kfold_wrapper.log_eval_metrics] Accuracy(layer_3 - estimator_1 - 12_folds.train_3.predict)=37.67%
[ 2020-05-27 07:27:55,108][kfold_wrapper.log_eval_metrics] Accuracy(layer_3 - estimator_1 - 12_folds.train_4.predict)=34.25%
[ 2020-05-27 07:27:55,460][kfold_wrapper.log_eval_metrics] Accuracy(layer_3 - estimator_1 - 12_folds.train_5.predict)=28.77%
[ 2020-05-27 07:27:55,802][kfold_wrapper.log_eval_metrics] Accuracy(layer_3 - estimator_1 - 12_folds.train_6.predict)=47.26%
[ 2020-05-27 07:27:56,160][kfold_wrapper.log_eval_metrics] Accuracy(layer_3 - estimator_1 - 12_folds.train_7.predict)=36.99%
[ 2020-05-27 07:27:56,507][kfold_wrapper.log_eval_metrics] Accuracy(layer_3 - estimator_1 - 12_folds.train_8.predict)=35.62%
[ 2020-05-27 07:27:56,864][kfold_wrapper.log_eval_metrics] Accuracy(layer_3 - estimator_1 - 12_folds.train_9.predict)=39.31%
[ 2020-05-27 07:27:57,216][kfold_wrapper.log_eval_metrics] Accuracy(layer_3 - estimator_1 - 12_folds.train_10.predict)=42.07%
[ 2020-05-27 07:27:57,567][kfold_wrapper.log_eval_metrics] Accuracy(layer_3 - estimator_1 - 12_folds.train_11.predict)=30.34%
[ 2020-05-27 07:27:57,684][kfold_wrapper.log_eval_metrics] Accuracy(layer_3 - estimator_1 - 12_folds.train_cv.predict)=36.99%
[ 2020-05-27 07:27:57,687][kfold_wrapper.log_eval_metrics] Accuracy(layer_3 - estimator_1 - 12_folds.test.predict)=28.72%
[ 2020-05-27 07:27:57,938][kfold_wrapper.log_eval_metrics] Accuracy(layer_3 - estimator_2 - 12_folds.train_0.predict)=39.04%
[ 2020-05-27 07:27:58,294][kfold_wrapper.log_eval_metrics] Accuracy(layer_3 - estimator_2 - 12_folds.train_1.predict)=38.36%
[ 2020-05-27 07:27:58,649][kfold_wrapper.log_eval_metrics] Accuracy(layer_3 - estimator_2 - 12_folds.train_2.predict)=37.67%
[ 2020-05-27 07:27:59,006][kfold_wrapper.log_eval_metrics] Accuracy(layer_3 - estimator_2 - 12_folds.train_3.predict)=41.78%
[ 2020-05-27 07:27:59,346][kfold_wrapper.log_eval_metrics] Accuracy(layer_3 - estimator_2 - 12_folds.train_4.predict)=39.04%
[ 2020-05-27 07:27:59,704][kfold_wrapper.log_eval_metrics] Accuracy(layer_3 - estimator_2 - 12_folds.train_5.predict)=35.62%
[ 2020-05-27 07:28:00,061][kfold_wrapper.log_eval_metrics] Accuracy(layer_3 - estimator_2 - 12_folds.train_6.predict)=37.67%
[ 2020-05-27 07:28:00,401][kfold_wrapper.log_eval_metrics] Accuracy(layer_3 - estimator_2 - 12_folds.train_7.predict)=38.36%
[ 2020-05-27 07:28:00,745][kfold_wrapper.log_eval_metrics] Accuracy(layer_3 - estimator_2 - 12_folds.train_8.predict)=36.30%
[ 2020-05-27 07:28:01,103][kfold_wrapper.log_eval_metrics] Accuracy(layer_3 - estimator_2 - 12_folds.train_9.predict)=38.62%
[ 2020-05-27 07:28:01,450][kfold_wrapper.log_eval_metrics] Accuracy(layer_3 - estimator_2 - 12_folds.train_10.predict)=35.17%
[ 2020-05-27 07:28:01,808][kfold_wrapper.log_eval_metrics] Accuracy(layer_3 - estimator_2 - 12_folds.train_11.predict)=37.93%
[ 2020-05-27 07:28:01,925][kfold_wrapper.log_eval_metrics] Accuracy(layer_3 - estimator_2 - 12_folds.train_cv.predict)=37.96%
[ 2020-05-27 07:28:01,928][kfold_wrapper.log_eval_metrics] Accuracy(layer_3 - estimator_2 - 12_folds.test.predict)=26.15%
[ 2020-05-27 07:28:02,022][kfold_wrapper.log_eval_metrics] Accuracy(layer_3 - estimator_3 - 12_folds.train_0.predict)=40.41%
[ 2020-05-27 07:28:02,079][kfold_wrapper.log_eval_metrics] Accuracy(layer_3 - estimator_3 - 12_folds.train_1.predict)=35.62%
[ 2020-05-27 07:28:02,131][kfold_wrapper.log_eval_metrics] Accuracy(layer_3 - estimator_3 - 12_folds.train_2.predict)=43.15%
[ 2020-05-27 07:28:02,185][kfold_wrapper.log_eval_metrics] Accuracy(layer_3 - estimator_3 - 12_folds.train_3.predict)=39.73%
[ 2020-05-27 07:28:02,238][kfold_wrapper.log_eval_metrics] Accuracy(layer_3 - estimator_3 - 12_folds.train_4.predict)=42.47%
[ 2020-05-27 07:28:02,292][kfold_wrapper.log_eval_metrics] Accuracy(layer_3 - estimator_3 - 12_folds.train_5.predict)=36.99%
[ 2020-05-27 07:28:02,344][kfold_wrapper.log_eval_metrics] Accuracy(layer_3 - estimator_3 - 12_folds.train_6.predict)=41.10%
[ 2020-05-27 07:28:02,396][kfold_wrapper.log_eval_metrics] Accuracy(layer_3 - estimator_3 - 12_folds.train_7.predict)=44.52%
[ 2020-05-27 07:28:02,451][kfold_wrapper.log_eval_metrics] Accuracy(layer_3 - estimator_3 - 12_folds.train_8.predict)=43.15%
[ 2020-05-27 07:28:02,504][kfold_wrapper.log_eval_metrics] Accuracy(layer_3 - estimator_3 - 12_folds.train_9.predict)=33.79%
[ 2020-05-27 07:28:02,557][kfold_wrapper.log_eval_metrics] Accuracy(layer_3 - estimator_3 - 12_folds.train_10.predict)=41.38%
[ 2020-05-27 07:28:02,603][kfold_wrapper.log_eval_metrics] Accuracy(layer_3 - estimator_3 - 12_folds.train_11.predict)=40.00%
[ 2020-05-27 07:28:02,604][kfold_wrapper.log_eval_metrics] Accuracy(layer_3 - estimator_3 - 12_folds.train_cv.predict)=40.19%
[ 2020-05-27 07:28:02,605][kfold_wrapper.log_eval_metrics] Accuracy(layer_3 - estimator_3 - 12_folds.test.predict)=25.13%
[ 2020-05-27 07:28:02,606][cascade_classifier.calc_accuracy] Accuracy(layer_3 - train.classifier_average)=40.02%
[ 2020-05-27 07:28:02,606][cascade_classifier.calc_accuracy] Accuracy(layer_3 - test.classifier_average)=27.18%
[ 2020-05-27 07:28:02,607][cascade_classifier.fit_transform] [layer=4] look_indexs=[0], X_cur_train.shape=(1749, 17), X_cur_test.shape=(195, 17)
[ 2020-05-27 07:28:02,639][kfold_wrapper.log_eval_metrics] Accuracy(layer_4 - estimator_0 - 5_folds.train_0.predict)=38.86%
[ 2020-05-27 07:28:02,669][kfold_wrapper.log_eval_metrics] Accuracy(layer_4 - estimator_0 - 5_folds.train_1.predict)=39.43%
[ 2020-05-27 07:28:02,701][kfold_wrapper.log_eval_metrics] Accuracy(layer_4 - estimator_0 - 5_folds.train_2.predict)=35.14%
[ 2020-05-27 07:28:02,733][kfold_wrapper.log_eval_metrics] Accuracy(layer_4 - estimator_0 - 5_folds.train_3.predict)=36.00%
[ 2020-05-27 07:28:02,762][kfold_wrapper.log_eval_metrics] Accuracy(layer_4 - estimator_0 - 5_folds.train_4.predict)=39.26%
[ 2020-05-27 07:28:02,765][kfold_wrapper.log_eval_metrics] Accuracy(layer_4 - estimator_0 - 5_folds.train_cv.predict)=37.74%
[ 2020-05-27 07:28:02,766][kfold_wrapper.log_eval_metrics] Accuracy(layer_4 - estimator_0 - 5_folds.test.predict)=26.67%
[ 2020-05-27 07:28:02,987][kfold_wrapper.log_eval_metrics] Accuracy(layer_4 - estimator_1 - 12_folds.train_0.predict)=38.36%
[ 2020-05-27 07:28:03,338][kfold_wrapper.log_eval_metrics] Accuracy(layer_4 - estimator_1 - 12_folds.train_1.predict)=32.88%
[ 2020-05-27 07:28:03,677][kfold_wrapper.log_eval_metrics] Accuracy(layer_4 - estimator_1 - 12_folds.train_2.predict)=37.67%
[ 2020-05-27 07:28:04,030][kfold_wrapper.log_eval_metrics] Accuracy(layer_4 - estimator_1 - 12_folds.train_3.predict)=28.08%
[ 2020-05-27 07:28:04,367][kfold_wrapper.log_eval_metrics] Accuracy(layer_4 - estimator_1 - 12_folds.train_4.predict)=33.56%
[ 2020-05-27 07:28:04,717][kfold_wrapper.log_eval_metrics] Accuracy(layer_4 - estimator_1 - 12_folds.train_5.predict)=35.62%
[ 2020-05-27 07:28:05,071][kfold_wrapper.log_eval_metrics] Accuracy(layer_4 - estimator_1 - 12_folds.train_6.predict)=29.45%
[ 2020-05-27 07:28:05,426][kfold_wrapper.log_eval_metrics] Accuracy(layer_4 - estimator_1 - 12_folds.train_7.predict)=36.99%
[ 2020-05-27 07:28:05,767][kfold_wrapper.log_eval_metrics] Accuracy(layer_4 - estimator_1 - 12_folds.train_8.predict)=30.14%
[ 2020-05-27 07:28:06,105][kfold_wrapper.log_eval_metrics] Accuracy(layer_4 - estimator_1 - 12_folds.train_9.predict)=33.79%
[ 2020-05-27 07:28:06,452][kfold_wrapper.log_eval_metrics] Accuracy(layer_4 - estimator_1 - 12_folds.train_10.predict)=35.86%
[ 2020-05-27 07:28:06,809][kfold_wrapper.log_eval_metrics] Accuracy(layer_4 - estimator_1 - 12_folds.train_11.predict)=35.17%
[ 2020-05-27 07:28:06,925][kfold_wrapper.log_eval_metrics] Accuracy(layer_4 - estimator_1 - 12_folds.train_cv.predict)=33.96%
[ 2020-05-27 07:28:06,928][kfold_wrapper.log_eval_metrics] Accuracy(layer_4 - estimator_1 - 12_folds.test.predict)=27.18%
[ 2020-05-27 07:28:07,171][kfold_wrapper.log_eval_metrics] Accuracy(layer_4 - estimator_2 - 12_folds.train_0.predict)=29.45%
[ 2020-05-27 07:28:07,512][kfold_wrapper.log_eval_metrics] Accuracy(layer_4 - estimator_2 - 12_folds.train_1.predict)=39.04%
[ 2020-05-27 07:28:07,864][kfold_wrapper.log_eval_metrics] Accuracy(layer_4 - estimator_2 - 12_folds.train_2.predict)=34.25%
[ 2020-05-27 07:28:08,218][kfold_wrapper.log_eval_metrics] Accuracy(layer_4 - estimator_2 - 12_folds.train_3.predict)=35.62%
[ 2020-05-27 07:28:08,571][kfold_wrapper.log_eval_metrics] Accuracy(layer_4 - estimator_2 - 12_folds.train_4.predict)=36.99%
[ 2020-05-27 07:28:08,921][kfold_wrapper.log_eval_metrics] Accuracy(layer_4 - estimator_2 - 12_folds.train_5.predict)=39.73%
[ 2020-05-27 07:28:09,268][kfold_wrapper.log_eval_metrics] Accuracy(layer_4 - estimator_2 - 12_folds.train_6.predict)=37.67%
[ 2020-05-27 07:28:09,618][kfold_wrapper.log_eval_metrics] Accuracy(layer_4 - estimator_2 - 12_folds.train_7.predict)=40.41%
[ 2020-05-27 07:28:09,960][kfold_wrapper.log_eval_metrics] Accuracy(layer_4 - estimator_2 - 12_folds.train_8.predict)=35.62%
[ 2020-05-27 07:28:10,318][kfold_wrapper.log_eval_metrics] Accuracy(layer_4 - estimator_2 - 12_folds.train_9.predict)=29.66%
[ 2020-05-27 07:28:10,677][kfold_wrapper.log_eval_metrics] Accuracy(layer_4 - estimator_2 - 12_folds.train_10.predict)=37.93%
[ 2020-05-27 07:28:11,029][kfold_wrapper.log_eval_metrics] Accuracy(layer_4 - estimator_2 - 12_folds.train_11.predict)=30.34%
[ 2020-05-27 07:28:11,147][kfold_wrapper.log_eval_metrics] Accuracy(layer_4 - estimator_2 - 12_folds.train_cv.predict)=35.56%
[ 2020-05-27 07:28:11,150][kfold_wrapper.log_eval_metrics] Accuracy(layer_4 - estimator_2 - 12_folds.test.predict)=25.13%
[ 2020-05-27 07:28:11,240][kfold_wrapper.log_eval_metrics] Accuracy(layer_4 - estimator_3 - 12_folds.train_0.predict)=34.93%
[ 2020-05-27 07:28:11,293][kfold_wrapper.log_eval_metrics] Accuracy(layer_4 - estimator_3 - 12_folds.train_1.predict)=35.62%
[ 2020-05-27 07:28:11,346][kfold_wrapper.log_eval_metrics] Accuracy(layer_4 - estimator_3 - 12_folds.train_2.predict)=45.21%
[ 2020-05-27 07:28:11,400][kfold_wrapper.log_eval_metrics] Accuracy(layer_4 - estimator_3 - 12_folds.train_3.predict)=43.84%
[ 2020-05-27 07:28:11,455][kfold_wrapper.log_eval_metrics] Accuracy(layer_4 - estimator_3 - 12_folds.train_4.predict)=40.41%
[ 2020-05-27 07:28:11,510][kfold_wrapper.log_eval_metrics] Accuracy(layer_4 - estimator_3 - 12_folds.train_5.predict)=48.63%
[ 2020-05-27 07:28:11,564][kfold_wrapper.log_eval_metrics] Accuracy(layer_4 - estimator_3 - 12_folds.train_6.predict)=48.63%
[ 2020-05-27 07:28:11,620][kfold_wrapper.log_eval_metrics] Accuracy(layer_4 - estimator_3 - 12_folds.train_7.predict)=40.41%
[ 2020-05-27 07:28:11,674][kfold_wrapper.log_eval_metrics] Accuracy(layer_4 - estimator_3 - 12_folds.train_8.predict)=37.67%
[ 2020-05-27 07:28:11,731][kfold_wrapper.log_eval_metrics] Accuracy(layer_4 - estimator_3 - 12_folds.train_9.predict)=35.86%
[ 2020-05-27 07:28:11,786][kfold_wrapper.log_eval_metrics] Accuracy(layer_4 - estimator_3 - 12_folds.train_10.predict)=39.31%
[ 2020-05-27 07:28:11,838][kfold_wrapper.log_eval_metrics] Accuracy(layer_4 - estimator_3 - 12_folds.train_11.predict)=46.21%
[ 2020-05-27 07:28:11,839][kfold_wrapper.log_eval_metrics] Accuracy(layer_4 - estimator_3 - 12_folds.train_cv.predict)=41.40%
[ 2020-05-27 07:28:11,839][kfold_wrapper.log_eval_metrics] Accuracy(layer_4 - estimator_3 - 12_folds.test.predict)=25.64%
[ 2020-05-27 07:28:11,841][cascade_classifier.calc_accuracy] Accuracy(layer_4 - train.classifier_average)=37.39%
[ 2020-05-27 07:28:11,842][cascade_classifier.calc_accuracy] Accuracy(layer_4 - test.classifier_average)=26.67%
[ 2020-05-27 07:28:11,842][cascade_classifier.fit_transform] [layer=5] look_indexs=[0], X_cur_train.shape=(1749, 17), X_cur_test.shape=(195, 17)
[ 2020-05-27 07:28:11,873][kfold_wrapper.log_eval_metrics] Accuracy(layer_5 - estimator_0 - 5_folds.train_0.predict)=38.00%
[ 2020-05-27 07:28:11,905][kfold_wrapper.log_eval_metrics] Accuracy(layer_5 - estimator_0 - 5_folds.train_1.predict)=41.14%
[ 2020-05-27 07:28:11,936][kfold_wrapper.log_eval_metrics] Accuracy(layer_5 - estimator_0 - 5_folds.train_2.predict)=37.71%
[ 2020-05-27 07:28:11,968][kfold_wrapper.log_eval_metrics] Accuracy(layer_5 - estimator_0 - 5_folds.train_3.predict)=39.71%
[ 2020-05-27 07:28:11,999][kfold_wrapper.log_eval_metrics] Accuracy(layer_5 - estimator_0 - 5_folds.train_4.predict)=38.68%
[ 2020-05-27 07:28:12,002][kfold_wrapper.log_eval_metrics] Accuracy(layer_5 - estimator_0 - 5_folds.train_cv.predict)=39.05%
[ 2020-05-27 07:28:12,003][kfold_wrapper.log_eval_metrics] Accuracy(layer_5 - estimator_0 - 5_folds.test.predict)=27.18%
[ 2020-05-27 07:28:12,221][kfold_wrapper.log_eval_metrics] Accuracy(layer_5 - estimator_1 - 12_folds.train_0.predict)=43.84%
[ 2020-05-27 07:28:12,573][kfold_wrapper.log_eval_metrics] Accuracy(layer_5 - estimator_1 - 12_folds.train_1.predict)=35.62%
[ 2020-05-27 07:28:12,925][kfold_wrapper.log_eval_metrics] Accuracy(layer_5 - estimator_1 - 12_folds.train_2.predict)=40.41%
[ 2020-05-27 07:28:13,273][kfold_wrapper.log_eval_metrics] Accuracy(layer_5 - estimator_1 - 12_folds.train_3.predict)=39.73%
[ 2020-05-27 07:28:13,611][kfold_wrapper.log_eval_metrics] Accuracy(layer_5 - estimator_1 - 12_folds.train_4.predict)=36.99%
[ 2020-05-27 07:28:13,962][kfold_wrapper.log_eval_metrics] Accuracy(layer_5 - estimator_1 - 12_folds.train_5.predict)=38.36%
[ 2020-05-27 07:28:14,299][kfold_wrapper.log_eval_metrics] Accuracy(layer_5 - estimator_1 - 12_folds.train_6.predict)=36.99%
[ 2020-05-27 07:28:14,649][kfold_wrapper.log_eval_metrics] Accuracy(layer_5 - estimator_1 - 12_folds.train_7.predict)=40.41%
[ 2020-05-27 07:28:14,994][kfold_wrapper.log_eval_metrics] Accuracy(layer_5 - estimator_1 - 12_folds.train_8.predict)=41.10%
[ 2020-05-27 07:28:15,343][kfold_wrapper.log_eval_metrics] Accuracy(layer_5 - estimator_1 - 12_folds.train_9.predict)=37.24%
[ 2020-05-27 07:28:15,696][kfold_wrapper.log_eval_metrics] Accuracy(layer_5 - estimator_1 - 12_folds.train_10.predict)=35.17%
[ 2020-05-27 07:28:16,036][kfold_wrapper.log_eval_metrics] Accuracy(layer_5 - estimator_1 - 12_folds.train_11.predict)=33.79%
[ 2020-05-27 07:28:16,149][kfold_wrapper.log_eval_metrics] Accuracy(layer_5 - estimator_1 - 12_folds.train_cv.predict)=38.31%
[ 2020-05-27 07:28:16,151][kfold_wrapper.log_eval_metrics] Accuracy(layer_5 - estimator_1 - 12_folds.test.predict)=24.62%
[ 2020-05-27 07:28:16,380][kfold_wrapper.log_eval_metrics] Accuracy(layer_5 - estimator_2 - 12_folds.train_0.predict)=33.56%
[ 2020-05-27 07:28:16,734][kfold_wrapper.log_eval_metrics] Accuracy(layer_5 - estimator_2 - 12_folds.train_1.predict)=39.04%
[ 2020-05-27 07:28:17,088][kfold_wrapper.log_eval_metrics] Accuracy(layer_5 - estimator_2 - 12_folds.train_2.predict)=35.62%
[ 2020-05-27 07:28:17,444][kfold_wrapper.log_eval_metrics] Accuracy(layer_5 - estimator_2 - 12_folds.train_3.predict)=39.73%
[ 2020-05-27 07:28:17,802][kfold_wrapper.log_eval_metrics] Accuracy(layer_5 - estimator_2 - 12_folds.train_4.predict)=30.14%
[ 2020-05-27 07:28:18,160][kfold_wrapper.log_eval_metrics] Accuracy(layer_5 - estimator_2 - 12_folds.train_5.predict)=34.93%
[ 2020-05-27 07:28:18,503][kfold_wrapper.log_eval_metrics] Accuracy(layer_5 - estimator_2 - 12_folds.train_6.predict)=34.25%
[ 2020-05-27 07:28:18,841][kfold_wrapper.log_eval_metrics] Accuracy(layer_5 - estimator_2 - 12_folds.train_7.predict)=38.36%
[ 2020-05-27 07:28:19,187][kfold_wrapper.log_eval_metrics] Accuracy(layer_5 - estimator_2 - 12_folds.train_8.predict)=32.19%
[ 2020-05-27 07:28:19,528][kfold_wrapper.log_eval_metrics] Accuracy(layer_5 - estimator_2 - 12_folds.train_9.predict)=39.31%
[ 2020-05-27 07:28:19,871][kfold_wrapper.log_eval_metrics] Accuracy(layer_5 - estimator_2 - 12_folds.train_10.predict)=38.62%
[ 2020-05-27 07:28:20,230][kfold_wrapper.log_eval_metrics] Accuracy(layer_5 - estimator_2 - 12_folds.train_11.predict)=41.38%
[ 2020-05-27 07:28:20,341][kfold_wrapper.log_eval_metrics] Accuracy(layer_5 - estimator_2 - 12_folds.train_cv.predict)=36.42%
[ 2020-05-27 07:28:20,343][kfold_wrapper.log_eval_metrics] Accuracy(layer_5 - estimator_2 - 12_folds.test.predict)=29.74%
[ 2020-05-27 07:28:20,423][kfold_wrapper.log_eval_metrics] Accuracy(layer_5 - estimator_3 - 12_folds.train_0.predict)=40.41%
[ 2020-05-27 07:28:20,478][kfold_wrapper.log_eval_metrics] Accuracy(layer_5 - estimator_3 - 12_folds.train_1.predict)=40.41%
[ 2020-05-27 07:28:20,527][kfold_wrapper.log_eval_metrics] Accuracy(layer_5 - estimator_3 - 12_folds.train_2.predict)=37.67%
[ 2020-05-27 07:28:20,581][kfold_wrapper.log_eval_metrics] Accuracy(layer_5 - estimator_3 - 12_folds.train_3.predict)=41.10%
[ 2020-05-27 07:28:20,632][kfold_wrapper.log_eval_metrics] Accuracy(layer_5 - estimator_3 - 12_folds.train_4.predict)=45.21%
[ 2020-05-27 07:28:20,689][kfold_wrapper.log_eval_metrics] Accuracy(layer_5 - estimator_3 - 12_folds.train_5.predict)=37.67%
[ 2020-05-27 07:28:20,744][kfold_wrapper.log_eval_metrics] Accuracy(layer_5 - estimator_3 - 12_folds.train_6.predict)=38.36%
[ 2020-05-27 07:28:20,800][kfold_wrapper.log_eval_metrics] Accuracy(layer_5 - estimator_3 - 12_folds.train_7.predict)=43.15%
[ 2020-05-27 07:28:20,857][kfold_wrapper.log_eval_metrics] Accuracy(layer_5 - estimator_3 - 12_folds.train_8.predict)=39.73%
[ 2020-05-27 07:28:20,913][kfold_wrapper.log_eval_metrics] Accuracy(layer_5 - estimator_3 - 12_folds.train_9.predict)=42.07%
[ 2020-05-27 07:28:20,968][kfold_wrapper.log_eval_metrics] Accuracy(layer_5 - estimator_3 - 12_folds.train_10.predict)=35.17%
[ 2020-05-27 07:28:21,021][kfold_wrapper.log_eval_metrics] Accuracy(layer_5 - estimator_3 - 12_folds.train_11.predict)=38.62%
[ 2020-05-27 07:28:21,022][kfold_wrapper.log_eval_metrics] Accuracy(layer_5 - estimator_3 - 12_folds.train_cv.predict)=39.97%
[ 2020-05-27 07:28:21,023][kfold_wrapper.log_eval_metrics] Accuracy(layer_5 - estimator_3 - 12_folds.test.predict)=24.62%
[ 2020-05-27 07:28:21,024][cascade_classifier.calc_accuracy] Accuracy(layer_5 - train.classifier_average)=39.97%
[ 2020-05-27 07:28:21,025][cascade_classifier.calc_accuracy] Accuracy(layer_5 - test.classifier_average)=25.64%
[ 2020-05-27 07:28:21,026][cascade_classifier.fit_transform] [layer=6] look_indexs=[0], X_cur_train.shape=(1749, 17), X_cur_test.shape=(195, 17)
[ 2020-05-27 07:28:21,057][kfold_wrapper.log_eval_metrics] Accuracy(layer_6 - estimator_0 - 5_folds.train_0.predict)=32.29%
[ 2020-05-27 07:28:21,089][kfold_wrapper.log_eval_metrics] Accuracy(layer_6 - estimator_0 - 5_folds.train_1.predict)=35.43%
[ 2020-05-27 07:28:21,120][kfold_wrapper.log_eval_metrics] Accuracy(layer_6 - estimator_0 - 5_folds.train_2.predict)=32.86%
[ 2020-05-27 07:28:21,150][kfold_wrapper.log_eval_metrics] Accuracy(layer_6 - estimator_0 - 5_folds.train_3.predict)=38.86%
[ 2020-05-27 07:28:21,182][kfold_wrapper.log_eval_metrics] Accuracy(layer_6 - estimator_0 - 5_folds.train_4.predict)=36.68%
[ 2020-05-27 07:28:21,184][kfold_wrapper.log_eval_metrics] Accuracy(layer_6 - estimator_0 - 5_folds.train_cv.predict)=35.22%
[ 2020-05-27 07:28:21,186][kfold_wrapper.log_eval_metrics] Accuracy(layer_6 - estimator_0 - 5_folds.test.predict)=23.08%
[ 2020-05-27 07:28:21,404][kfold_wrapper.log_eval_metrics] Accuracy(layer_6 - estimator_1 - 12_folds.train_0.predict)=32.19%
[ 2020-05-27 07:28:21,755][kfold_wrapper.log_eval_metrics] Accuracy(layer_6 - estimator_1 - 12_folds.train_1.predict)=33.56%
[ 2020-05-27 07:28:22,096][kfold_wrapper.log_eval_metrics] Accuracy(layer_6 - estimator_1 - 12_folds.train_2.predict)=31.51%
[ 2020-05-27 07:28:22,446][kfold_wrapper.log_eval_metrics] Accuracy(layer_6 - estimator_1 - 12_folds.train_3.predict)=35.62%
[ 2020-05-27 07:28:22,805][kfold_wrapper.log_eval_metrics] Accuracy(layer_6 - estimator_1 - 12_folds.train_4.predict)=33.56%
[ 2020-05-27 07:28:23,163][kfold_wrapper.log_eval_metrics] Accuracy(layer_6 - estimator_1 - 12_folds.train_5.predict)=32.19%
[ 2020-05-27 07:28:23,501][kfold_wrapper.log_eval_metrics] Accuracy(layer_6 - estimator_1 - 12_folds.train_6.predict)=36.99%
[ 2020-05-27 07:28:23,858][kfold_wrapper.log_eval_metrics] Accuracy(layer_6 - estimator_1 - 12_folds.train_7.predict)=38.36%
[ 2020-05-27 07:28:24,198][kfold_wrapper.log_eval_metrics] Accuracy(layer_6 - estimator_1 - 12_folds.train_8.predict)=34.93%
[ 2020-05-27 07:28:24,550][kfold_wrapper.log_eval_metrics] Accuracy(layer_6 - estimator_1 - 12_folds.train_9.predict)=36.55%
[ 2020-05-27 07:28:24,903][kfold_wrapper.log_eval_metrics] Accuracy(layer_6 - estimator_1 - 12_folds.train_10.predict)=32.41%
[ 2020-05-27 07:28:25,249][kfold_wrapper.log_eval_metrics] Accuracy(layer_6 - estimator_1 - 12_folds.train_11.predict)=35.86%
[ 2020-05-27 07:28:25,367][kfold_wrapper.log_eval_metrics] Accuracy(layer_6 - estimator_1 - 12_folds.train_cv.predict)=34.48%
[ 2020-05-27 07:28:25,370][kfold_wrapper.log_eval_metrics] Accuracy(layer_6 - estimator_1 - 12_folds.test.predict)=27.18%
[ 2020-05-27 07:28:25,614][kfold_wrapper.log_eval_metrics] Accuracy(layer_6 - estimator_2 - 12_folds.train_0.predict)=39.73%
[ 2020-05-27 07:28:25,955][kfold_wrapper.log_eval_metrics] Accuracy(layer_6 - estimator_2 - 12_folds.train_1.predict)=36.30%
[ 2020-05-27 07:28:26,297][kfold_wrapper.log_eval_metrics] Accuracy(layer_6 - estimator_2 - 12_folds.train_2.predict)=36.30%
[ 2020-05-27 07:28:26,653][kfold_wrapper.log_eval_metrics] Accuracy(layer_6 - estimator_2 - 12_folds.train_3.predict)=41.78%
[ 2020-05-27 07:28:27,012][kfold_wrapper.log_eval_metrics] Accuracy(layer_6 - estimator_2 - 12_folds.train_4.predict)=36.99%
[ 2020-05-27 07:28:27,348][kfold_wrapper.log_eval_metrics] Accuracy(layer_6 - estimator_2 - 12_folds.train_5.predict)=29.45%
[ 2020-05-27 07:28:27,695][kfold_wrapper.log_eval_metrics] Accuracy(layer_6 - estimator_2 - 12_folds.train_6.predict)=34.25%
[ 2020-05-27 07:28:28,054][kfold_wrapper.log_eval_metrics] Accuracy(layer_6 - estimator_2 - 12_folds.train_7.predict)=40.41%
[ 2020-05-27 07:28:28,397][kfold_wrapper.log_eval_metrics] Accuracy(layer_6 - estimator_2 - 12_folds.train_8.predict)=36.99%
[ 2020-05-27 07:28:28,753][kfold_wrapper.log_eval_metrics] Accuracy(layer_6 - estimator_2 - 12_folds.train_9.predict)=34.48%
[ 2020-05-27 07:28:29,107][kfold_wrapper.log_eval_metrics] Accuracy(layer_6 - estimator_2 - 12_folds.train_10.predict)=37.93%
[ 2020-05-27 07:28:29,466][kfold_wrapper.log_eval_metrics] Accuracy(layer_6 - estimator_2 - 12_folds.train_11.predict)=39.31%
[ 2020-05-27 07:28:29,578][kfold_wrapper.log_eval_metrics] Accuracy(layer_6 - estimator_2 - 12_folds.train_cv.predict)=36.99%
[ 2020-05-27 07:28:29,580][kfold_wrapper.log_eval_metrics] Accuracy(layer_6 - estimator_2 - 12_folds.test.predict)=32.31%
[ 2020-05-27 07:28:29,668][kfold_wrapper.log_eval_metrics] Accuracy(layer_6 - estimator_3 - 12_folds.train_0.predict)=43.15%
[ 2020-05-27 07:28:29,723][kfold_wrapper.log_eval_metrics] Accuracy(layer_6 - estimator_3 - 12_folds.train_1.predict)=33.56%
[ 2020-05-27 07:28:29,782][kfold_wrapper.log_eval_metrics] Accuracy(layer_6 - estimator_3 - 12_folds.train_2.predict)=42.47%
[ 2020-05-27 07:28:29,835][kfold_wrapper.log_eval_metrics] Accuracy(layer_6 - estimator_3 - 12_folds.train_3.predict)=40.41%
[ 2020-05-27 07:28:29,890][kfold_wrapper.log_eval_metrics] Accuracy(layer_6 - estimator_3 - 12_folds.train_4.predict)=39.04%
[ 2020-05-27 07:28:29,949][kfold_wrapper.log_eval_metrics] Accuracy(layer_6 - estimator_3 - 12_folds.train_5.predict)=41.78%
[ 2020-05-27 07:28:30,006][kfold_wrapper.log_eval_metrics] Accuracy(layer_6 - estimator_3 - 12_folds.train_6.predict)=45.21%
[ 2020-05-27 07:28:30,062][kfold_wrapper.log_eval_metrics] Accuracy(layer_6 - estimator_3 - 12_folds.train_7.predict)=41.10%
[ 2020-05-27 07:28:30,118][kfold_wrapper.log_eval_metrics] Accuracy(layer_6 - estimator_3 - 12_folds.train_8.predict)=37.67%
[ 2020-05-27 07:28:30,175][kfold_wrapper.log_eval_metrics] Accuracy(layer_6 - estimator_3 - 12_folds.train_9.predict)=40.69%
[ 2020-05-27 07:28:30,230][kfold_wrapper.log_eval_metrics] Accuracy(layer_6 - estimator_3 - 12_folds.train_10.predict)=35.86%
[ 2020-05-27 07:28:30,285][kfold_wrapper.log_eval_metrics] Accuracy(layer_6 - estimator_3 - 12_folds.train_11.predict)=39.31%
[ 2020-05-27 07:28:30,286][kfold_wrapper.log_eval_metrics] Accuracy(layer_6 - estimator_3 - 12_folds.train_cv.predict)=40.02%
[ 2020-05-27 07:28:30,286][kfold_wrapper.log_eval_metrics] Accuracy(layer_6 - estimator_3 - 12_folds.test.predict)=25.13%
[ 2020-05-27 07:28:30,287][cascade_classifier.calc_accuracy] Accuracy(layer_6 - train.classifier_average)=37.39%
[ 2020-05-27 07:28:30,288][cascade_classifier.calc_accuracy] Accuracy(layer_6 - test.classifier_average)=28.72%
[ 2020-05-27 07:28:30,289][cascade_classifier.fit_transform] [layer=7] look_indexs=[0], X_cur_train.shape=(1749, 17), X_cur_test.shape=(195, 17)
[ 2020-05-27 07:28:30,320][kfold_wrapper.log_eval_metrics] Accuracy(layer_7 - estimator_0 - 5_folds.train_0.predict)=35.43%
[ 2020-05-27 07:28:30,352][kfold_wrapper.log_eval_metrics] Accuracy(layer_7 - estimator_0 - 5_folds.train_1.predict)=34.86%
[ 2020-05-27 07:28:30,384][kfold_wrapper.log_eval_metrics] Accuracy(layer_7 - estimator_0 - 5_folds.train_2.predict)=35.14%
[ 2020-05-27 07:28:30,416][kfold_wrapper.log_eval_metrics] Accuracy(layer_7 - estimator_0 - 5_folds.train_3.predict)=36.86%
[ 2020-05-27 07:28:30,448][kfold_wrapper.log_eval_metrics] Accuracy(layer_7 - estimator_0 - 5_folds.train_4.predict)=38.97%
[ 2020-05-27 07:28:30,451][kfold_wrapper.log_eval_metrics] Accuracy(layer_7 - estimator_0 - 5_folds.train_cv.predict)=36.25%
[ 2020-05-27 07:28:30,452][kfold_wrapper.log_eval_metrics] Accuracy(layer_7 - estimator_0 - 5_folds.test.predict)=24.10%
[ 2020-05-27 07:28:30,671][kfold_wrapper.log_eval_metrics] Accuracy(layer_7 - estimator_1 - 12_folds.train_0.predict)=36.99%
[ 2020-05-27 07:28:31,021][kfold_wrapper.log_eval_metrics] Accuracy(layer_7 - estimator_1 - 12_folds.train_1.predict)=40.41%
[ 2020-05-27 07:28:31,381][kfold_wrapper.log_eval_metrics] Accuracy(layer_7 - estimator_1 - 12_folds.train_2.predict)=34.25%
[ 2020-05-27 07:28:31,740][kfold_wrapper.log_eval_metrics] Accuracy(layer_7 - estimator_1 - 12_folds.train_3.predict)=39.04%
[ 2020-05-27 07:28:32,094][kfold_wrapper.log_eval_metrics] Accuracy(layer_7 - estimator_1 - 12_folds.train_4.predict)=30.82%
[ 2020-05-27 07:28:32,445][kfold_wrapper.log_eval_metrics] Accuracy(layer_7 - estimator_1 - 12_folds.train_5.predict)=38.36%
[ 2020-05-27 07:28:32,794][kfold_wrapper.log_eval_metrics] Accuracy(layer_7 - estimator_1 - 12_folds.train_6.predict)=33.56%
[ 2020-05-27 07:28:33,153][kfold_wrapper.log_eval_metrics] Accuracy(layer_7 - estimator_1 - 12_folds.train_7.predict)=35.62%
[ 2020-05-27 07:28:33,512][kfold_wrapper.log_eval_metrics] Accuracy(layer_7 - estimator_1 - 12_folds.train_8.predict)=34.93%
[ 2020-05-27 07:28:33,869][kfold_wrapper.log_eval_metrics] Accuracy(layer_7 - estimator_1 - 12_folds.train_9.predict)=30.34%
[ 2020-05-27 07:28:34,220][kfold_wrapper.log_eval_metrics] Accuracy(layer_7 - estimator_1 - 12_folds.train_10.predict)=35.17%
[ 2020-05-27 07:28:34,570][kfold_wrapper.log_eval_metrics] Accuracy(layer_7 - estimator_1 - 12_folds.train_11.predict)=40.69%
[ 2020-05-27 07:28:34,687][kfold_wrapper.log_eval_metrics] Accuracy(layer_7 - estimator_1 - 12_folds.train_cv.predict)=35.85%
[ 2020-05-27 07:28:34,690][kfold_wrapper.log_eval_metrics] Accuracy(layer_7 - estimator_1 - 12_folds.test.predict)=31.28%
[ 2020-05-27 07:28:34,931][kfold_wrapper.log_eval_metrics] Accuracy(layer_7 - estimator_2 - 12_folds.train_0.predict)=37.67%
[ 2020-05-27 07:28:35,289][kfold_wrapper.log_eval_metrics] Accuracy(layer_7 - estimator_2 - 12_folds.train_1.predict)=31.51%
[ 2020-05-27 07:28:35,640][kfold_wrapper.log_eval_metrics] Accuracy(layer_7 - estimator_2 - 12_folds.train_2.predict)=38.36%
[ 2020-05-27 07:28:35,994][kfold_wrapper.log_eval_metrics] Accuracy(layer_7 - estimator_2 - 12_folds.train_3.predict)=28.77%
[ 2020-05-27 07:28:36,348][kfold_wrapper.log_eval_metrics] Accuracy(layer_7 - estimator_2 - 12_folds.train_4.predict)=34.25%
[ 2020-05-27 07:28:36,702][kfold_wrapper.log_eval_metrics] Accuracy(layer_7 - estimator_2 - 12_folds.train_5.predict)=35.62%
[ 2020-05-27 07:28:37,055][kfold_wrapper.log_eval_metrics] Accuracy(layer_7 - estimator_2 - 12_folds.train_6.predict)=30.82%
[ 2020-05-27 07:28:37,401][kfold_wrapper.log_eval_metrics] Accuracy(layer_7 - estimator_2 - 12_folds.train_7.predict)=36.99%
[ 2020-05-27 07:28:37,755][kfold_wrapper.log_eval_metrics] Accuracy(layer_7 - estimator_2 - 12_folds.train_8.predict)=30.82%
[ 2020-05-27 07:28:38,084][kfold_wrapper.log_eval_metrics] Accuracy(layer_7 - estimator_2 - 12_folds.train_9.predict)=35.86%
[ 2020-05-27 07:28:38,430][kfold_wrapper.log_eval_metrics] Accuracy(layer_7 - estimator_2 - 12_folds.train_10.predict)=33.10%
[ 2020-05-27 07:28:38,791][kfold_wrapper.log_eval_metrics] Accuracy(layer_7 - estimator_2 - 12_folds.train_11.predict)=42.76%
[ 2020-05-27 07:28:38,908][kfold_wrapper.log_eval_metrics] Accuracy(layer_7 - estimator_2 - 12_folds.train_cv.predict)=34.71%
[ 2020-05-27 07:28:38,911][kfold_wrapper.log_eval_metrics] Accuracy(layer_7 - estimator_2 - 12_folds.test.predict)=26.15%
[ 2020-05-27 07:28:39,014][kfold_wrapper.log_eval_metrics] Accuracy(layer_7 - estimator_3 - 12_folds.train_0.predict)=41.10%
[ 2020-05-27 07:28:39,070][kfold_wrapper.log_eval_metrics] Accuracy(layer_7 - estimator_3 - 12_folds.train_1.predict)=33.56%
[ 2020-05-27 07:28:39,127][kfold_wrapper.log_eval_metrics] Accuracy(layer_7 - estimator_3 - 12_folds.train_2.predict)=29.45%
[ 2020-05-27 07:28:39,184][kfold_wrapper.log_eval_metrics] Accuracy(layer_7 - estimator_3 - 12_folds.train_3.predict)=33.56%
[ 2020-05-27 07:28:39,242][kfold_wrapper.log_eval_metrics] Accuracy(layer_7 - estimator_3 - 12_folds.train_4.predict)=35.62%
[ 2020-05-27 07:28:39,298][kfold_wrapper.log_eval_metrics] Accuracy(layer_7 - estimator_3 - 12_folds.train_5.predict)=42.47%
[ 2020-05-27 07:28:39,355][kfold_wrapper.log_eval_metrics] Accuracy(layer_7 - estimator_3 - 12_folds.train_6.predict)=36.30%
[ 2020-05-27 07:28:39,412][kfold_wrapper.log_eval_metrics] Accuracy(layer_7 - estimator_3 - 12_folds.train_7.predict)=38.36%
[ 2020-05-27 07:28:39,467][kfold_wrapper.log_eval_metrics] Accuracy(layer_7 - estimator_3 - 12_folds.train_8.predict)=42.47%
[ 2020-05-27 07:28:39,523][kfold_wrapper.log_eval_metrics] Accuracy(layer_7 - estimator_3 - 12_folds.train_9.predict)=37.93%
[ 2020-05-27 07:28:39,580][kfold_wrapper.log_eval_metrics] Accuracy(layer_7 - estimator_3 - 12_folds.train_10.predict)=40.69%
[ 2020-05-27 07:28:39,638][kfold_wrapper.log_eval_metrics] Accuracy(layer_7 - estimator_3 - 12_folds.train_11.predict)=39.31%
[ 2020-05-27 07:28:39,639][kfold_wrapper.log_eval_metrics] Accuracy(layer_7 - estimator_3 - 12_folds.train_cv.predict)=37.56%
[ 2020-05-27 07:28:39,640][kfold_wrapper.log_eval_metrics] Accuracy(layer_7 - estimator_3 - 12_folds.test.predict)=25.13%
[ 2020-05-27 07:28:39,640][cascade_classifier.calc_accuracy] Accuracy(layer_7 - train.classifier_average)=36.76%
[ 2020-05-27 07:28:39,641][cascade_classifier.calc_accuracy] Accuracy(layer_7 - test.classifier_average)=27.18%
[ 2020-05-27 07:28:39,642][cascade_classifier.fit_transform] [Result][Optimal Level Detected] opt_layer_num=4, accuracy_train=40.02%, accuracy_test=27.18%
[ 2020-05-27 07:28:39,671][cascade_classifier.transform] X_groups_test.shape=[(238, 5)]
[ 2020-05-27 07:28:39,671][cascade_classifier.transform] group_dims=[5]
[ 2020-05-27 07:28:39,672][cascade_classifier.transform] X_test.shape=(238, 5)
[ 2020-05-27 07:28:39,672][cascade_classifier.transform] [layer=0] look_indexs=[0], X_cur_test.shape=(238, 5)
[ 2020-05-27 07:28:42,344][cascade_classifier.transform] [layer=1] look_indexs=[0], X_cur_test.shape=(238, 17)
[ 2020-05-27 07:28:45,023][cascade_classifier.transform] [layer=2] look_indexs=[0], X_cur_test.shape=(238, 17)
[ 2020-05-27 07:28:47,699][cascade_classifier.transform] [layer=3] look_indexs=[0], X_cur_test.shape=(238, 17)
[ 2020-05-27 07:28:50,731][cascade_classifier.fit_transform] X_groups_train.shape=[(1963, 5)],y_train.shape=(1963,),X_groups_test.shape=[(219, 5)],y_test.shape=(219,)
[ 2020-05-27 07:28:50,732][cascade_classifier.fit_transform] group_dims=[5]
[ 2020-05-27 07:28:50,733][cascade_classifier.fit_transform] group_starts=[0]
[ 2020-05-27 07:28:50,733][cascade_classifier.fit_transform] group_ends=[5]
[ 2020-05-27 07:28:50,734][cascade_classifier.fit_transform] X_train.shape=(1963, 5),X_test.shape=(219, 5)
[ 2020-05-27 07:28:50,735][cascade_classifier.fit_transform] [layer=0] look_indexs=[0], X_cur_train.shape=(1963, 5), X_cur_test.shape=(219, 5)
[ 2020-05-27 07:28:50,763][kfold_wrapper.log_eval_metrics] Accuracy(layer_0 - estimator_0 - 5_folds.train_0.predict)=35.88%
[ 2020-05-27 07:28:50,790][kfold_wrapper.log_eval_metrics] Accuracy(layer_0 - estimator_0 - 5_folds.train_1.predict)=32.82%
[ 2020-05-27 07:28:50,815][kfold_wrapper.log_eval_metrics] Accuracy(layer_0 - estimator_0 - 5_folds.train_2.predict)=34.10%
[ 2020-05-27 07:28:50,842][kfold_wrapper.log_eval_metrics] Accuracy(layer_0 - estimator_0 - 5_folds.train_3.predict)=34.18%
[ 2020-05-27 07:28:50,870][kfold_wrapper.log_eval_metrics] Accuracy(layer_0 - estimator_0 - 5_folds.train_4.predict)=36.99%
[ 2020-05-27 07:28:50,872][kfold_wrapper.log_eval_metrics] Accuracy(layer_0 - estimator_0 - 5_folds.train_cv.predict)=34.79%
[ 2020-05-27 07:28:50,873][kfold_wrapper.log_eval_metrics] Accuracy(layer_0 - estimator_0 - 5_folds.test.predict)=36.53%
[ 2020-05-27 07:28:51,093][kfold_wrapper.log_eval_metrics] Accuracy(layer_0 - estimator_1 - 12_folds.train_0.predict)=35.37%
[ 2020-05-27 07:28:51,435][kfold_wrapper.log_eval_metrics] Accuracy(layer_0 - estimator_1 - 12_folds.train_1.predict)=28.05%
[ 2020-05-27 07:28:51,782][kfold_wrapper.log_eval_metrics] Accuracy(layer_0 - estimator_1 - 12_folds.train_2.predict)=37.20%
[ 2020-05-27 07:28:52,135][kfold_wrapper.log_eval_metrics] Accuracy(layer_0 - estimator_1 - 12_folds.train_3.predict)=32.32%
[ 2020-05-27 07:28:52,478][kfold_wrapper.log_eval_metrics] Accuracy(layer_0 - estimator_1 - 12_folds.train_4.predict)=36.59%
[ 2020-05-27 07:28:52,829][kfold_wrapper.log_eval_metrics] Accuracy(layer_0 - estimator_1 - 12_folds.train_5.predict)=38.41%
[ 2020-05-27 07:28:53,180][kfold_wrapper.log_eval_metrics] Accuracy(layer_0 - estimator_1 - 12_folds.train_6.predict)=34.76%
[ 2020-05-27 07:28:53,535][kfold_wrapper.log_eval_metrics] Accuracy(layer_0 - estimator_1 - 12_folds.train_7.predict)=30.06%
[ 2020-05-27 07:28:53,893][kfold_wrapper.log_eval_metrics] Accuracy(layer_0 - estimator_1 - 12_folds.train_8.predict)=31.29%
[ 2020-05-27 07:28:54,239][kfold_wrapper.log_eval_metrics] Accuracy(layer_0 - estimator_1 - 12_folds.train_9.predict)=32.52%
[ 2020-05-27 07:28:54,584][kfold_wrapper.log_eval_metrics] Accuracy(layer_0 - estimator_1 - 12_folds.train_10.predict)=33.74%
[ 2020-05-27 07:28:54,922][kfold_wrapper.log_eval_metrics] Accuracy(layer_0 - estimator_1 - 12_folds.train_11.predict)=28.83%
[ 2020-05-27 07:28:55,038][kfold_wrapper.log_eval_metrics] Accuracy(layer_0 - estimator_1 - 12_folds.train_cv.predict)=33.27%
[ 2020-05-27 07:28:55,040][kfold_wrapper.log_eval_metrics] Accuracy(layer_0 - estimator_1 - 12_folds.test.predict)=31.51%
[ 2020-05-27 07:28:55,275][kfold_wrapper.log_eval_metrics] Accuracy(layer_0 - estimator_2 - 12_folds.train_0.predict)=27.44%
[ 2020-05-27 07:28:55,632][kfold_wrapper.log_eval_metrics] Accuracy(layer_0 - estimator_2 - 12_folds.train_1.predict)=29.27%
[ 2020-05-27 07:28:55,990][kfold_wrapper.log_eval_metrics] Accuracy(layer_0 - estimator_2 - 12_folds.train_2.predict)=34.76%
[ 2020-05-27 07:28:56,334][kfold_wrapper.log_eval_metrics] Accuracy(layer_0 - estimator_2 - 12_folds.train_3.predict)=35.98%
[ 2020-05-27 07:28:56,677][kfold_wrapper.log_eval_metrics] Accuracy(layer_0 - estimator_2 - 12_folds.train_4.predict)=34.76%
[ 2020-05-27 07:28:57,025][kfold_wrapper.log_eval_metrics] Accuracy(layer_0 - estimator_2 - 12_folds.train_5.predict)=35.37%
[ 2020-05-27 07:28:57,380][kfold_wrapper.log_eval_metrics] Accuracy(layer_0 - estimator_2 - 12_folds.train_6.predict)=34.15%
[ 2020-05-27 07:28:57,724][kfold_wrapper.log_eval_metrics] Accuracy(layer_0 - estimator_2 - 12_folds.train_7.predict)=34.36%
[ 2020-05-27 07:28:58,080][kfold_wrapper.log_eval_metrics] Accuracy(layer_0 - estimator_2 - 12_folds.train_8.predict)=34.97%
[ 2020-05-27 07:28:58,422][kfold_wrapper.log_eval_metrics] Accuracy(layer_0 - estimator_2 - 12_folds.train_9.predict)=37.42%
[ 2020-05-27 07:28:58,781][kfold_wrapper.log_eval_metrics] Accuracy(layer_0 - estimator_2 - 12_folds.train_10.predict)=33.13%
[ 2020-05-27 07:28:59,139][kfold_wrapper.log_eval_metrics] Accuracy(layer_0 - estimator_2 - 12_folds.train_11.predict)=31.29%
[ 2020-05-27 07:28:59,255][kfold_wrapper.log_eval_metrics] Accuracy(layer_0 - estimator_2 - 12_folds.train_cv.predict)=33.57%
[ 2020-05-27 07:28:59,258][kfold_wrapper.log_eval_metrics] Accuracy(layer_0 - estimator_2 - 12_folds.test.predict)=32.42%
[ 2020-05-27 07:28:59,299][kfold_wrapper.log_eval_metrics] Accuracy(layer_0 - estimator_3 - 12_folds.train_0.predict)=39.63%
[ 2020-05-27 07:28:59,322][kfold_wrapper.log_eval_metrics] Accuracy(layer_0 - estimator_3 - 12_folds.train_1.predict)=39.02%
[ 2020-05-27 07:28:59,341][kfold_wrapper.log_eval_metrics] Accuracy(layer_0 - estimator_3 - 12_folds.train_2.predict)=39.02%
[ 2020-05-27 07:28:59,361][kfold_wrapper.log_eval_metrics] Accuracy(layer_0 - estimator_3 - 12_folds.train_3.predict)=39.63%
[ 2020-05-27 07:28:59,380][kfold_wrapper.log_eval_metrics] Accuracy(layer_0 - estimator_3 - 12_folds.train_4.predict)=37.80%
[ 2020-05-27 07:28:59,404][kfold_wrapper.log_eval_metrics] Accuracy(layer_0 - estimator_3 - 12_folds.train_5.predict)=32.32%
[ 2020-05-27 07:28:59,429][kfold_wrapper.log_eval_metrics] Accuracy(layer_0 - estimator_3 - 12_folds.train_6.predict)=34.76%
[ 2020-05-27 07:28:59,449][kfold_wrapper.log_eval_metrics] Accuracy(layer_0 - estimator_3 - 12_folds.train_7.predict)=38.65%
[ 2020-05-27 07:28:59,469][kfold_wrapper.log_eval_metrics] Accuracy(layer_0 - estimator_3 - 12_folds.train_8.predict)=38.65%
[ 2020-05-27 07:28:59,487][kfold_wrapper.log_eval_metrics] Accuracy(layer_0 - estimator_3 - 12_folds.train_9.predict)=38.65%
[ 2020-05-27 07:28:59,508][kfold_wrapper.log_eval_metrics] Accuracy(layer_0 - estimator_3 - 12_folds.train_10.predict)=42.94%
[ 2020-05-27 07:28:59,528][kfold_wrapper.log_eval_metrics] Accuracy(layer_0 - estimator_3 - 12_folds.train_11.predict)=35.58%
[ 2020-05-27 07:28:59,529][kfold_wrapper.log_eval_metrics] Accuracy(layer_0 - estimator_3 - 12_folds.train_cv.predict)=38.05%
[ 2020-05-27 07:28:59,530][kfold_wrapper.log_eval_metrics] Accuracy(layer_0 - estimator_3 - 12_folds.test.predict)=39.27%
[ 2020-05-27 07:28:59,530][cascade_classifier.calc_accuracy] Accuracy(layer_0 - train.classifier_average)=34.74%
[ 2020-05-27 07:28:59,531][cascade_classifier.calc_accuracy] Accuracy(layer_0 - test.classifier_average)=30.14%
[ 2020-05-27 07:28:59,532][cascade_classifier.fit_transform] [layer=1] look_indexs=[0], X_cur_train.shape=(1963, 17), X_cur_test.shape=(219, 17)
[ 2020-05-27 07:28:59,564][kfold_wrapper.log_eval_metrics] Accuracy(layer_1 - estimator_0 - 5_folds.train_0.predict)=44.27%
[ 2020-05-27 07:28:59,598][kfold_wrapper.log_eval_metrics] Accuracy(layer_1 - estimator_0 - 5_folds.train_1.predict)=36.90%
[ 2020-05-27 07:28:59,630][kfold_wrapper.log_eval_metrics] Accuracy(layer_1 - estimator_0 - 5_folds.train_2.predict)=39.19%
[ 2020-05-27 07:28:59,663][kfold_wrapper.log_eval_metrics] Accuracy(layer_1 - estimator_0 - 5_folds.train_3.predict)=38.78%
[ 2020-05-27 07:28:59,697][kfold_wrapper.log_eval_metrics] Accuracy(layer_1 - estimator_0 - 5_folds.train_4.predict)=33.42%
[ 2020-05-27 07:28:59,699][kfold_wrapper.log_eval_metrics] Accuracy(layer_1 - estimator_0 - 5_folds.train_cv.predict)=38.51%
[ 2020-05-27 07:28:59,701][kfold_wrapper.log_eval_metrics] Accuracy(layer_1 - estimator_0 - 5_folds.test.predict)=36.07%
[ 2020-05-27 07:28:59,919][kfold_wrapper.log_eval_metrics] Accuracy(layer_1 - estimator_1 - 12_folds.train_0.predict)=32.93%
[ 2020-05-27 07:29:00,258][kfold_wrapper.log_eval_metrics] Accuracy(layer_1 - estimator_1 - 12_folds.train_1.predict)=37.20%
[ 2020-05-27 07:29:00,614][kfold_wrapper.log_eval_metrics] Accuracy(layer_1 - estimator_1 - 12_folds.train_2.predict)=42.68%
[ 2020-05-27 07:29:00,971][kfold_wrapper.log_eval_metrics] Accuracy(layer_1 - estimator_1 - 12_folds.train_3.predict)=42.68%
[ 2020-05-27 07:29:01,311][kfold_wrapper.log_eval_metrics] Accuracy(layer_1 - estimator_1 - 12_folds.train_4.predict)=39.02%
[ 2020-05-27 07:29:01,662][kfold_wrapper.log_eval_metrics] Accuracy(layer_1 - estimator_1 - 12_folds.train_5.predict)=37.80%
[ 2020-05-27 07:29:02,015][kfold_wrapper.log_eval_metrics] Accuracy(layer_1 - estimator_1 - 12_folds.train_6.predict)=39.63%
[ 2020-05-27 07:29:02,369][kfold_wrapper.log_eval_metrics] Accuracy(layer_1 - estimator_1 - 12_folds.train_7.predict)=38.65%
[ 2020-05-27 07:29:02,717][kfold_wrapper.log_eval_metrics] Accuracy(layer_1 - estimator_1 - 12_folds.train_8.predict)=38.04%
[ 2020-05-27 07:29:03,070][kfold_wrapper.log_eval_metrics] Accuracy(layer_1 - estimator_1 - 12_folds.train_9.predict)=42.94%
[ 2020-05-27 07:29:03,431][kfold_wrapper.log_eval_metrics] Accuracy(layer_1 - estimator_1 - 12_folds.train_10.predict)=37.42%
[ 2020-05-27 07:29:03,791][kfold_wrapper.log_eval_metrics] Accuracy(layer_1 - estimator_1 - 12_folds.train_11.predict)=37.42%
[ 2020-05-27 07:29:03,908][kfold_wrapper.log_eval_metrics] Accuracy(layer_1 - estimator_1 - 12_folds.train_cv.predict)=38.87%
[ 2020-05-27 07:29:03,911][kfold_wrapper.log_eval_metrics] Accuracy(layer_1 - estimator_1 - 12_folds.test.predict)=39.27%
[ 2020-05-27 07:29:04,151][kfold_wrapper.log_eval_metrics] Accuracy(layer_1 - estimator_2 - 12_folds.train_0.predict)=40.24%
[ 2020-05-27 07:29:04,509][kfold_wrapper.log_eval_metrics] Accuracy(layer_1 - estimator_2 - 12_folds.train_1.predict)=40.24%
[ 2020-05-27 07:29:04,867][kfold_wrapper.log_eval_metrics] Accuracy(layer_1 - estimator_2 - 12_folds.train_2.predict)=36.59%
[ 2020-05-27 07:29:05,221][kfold_wrapper.log_eval_metrics] Accuracy(layer_1 - estimator_2 - 12_folds.train_3.predict)=46.34%
[ 2020-05-27 07:29:05,565][kfold_wrapper.log_eval_metrics] Accuracy(layer_1 - estimator_2 - 12_folds.train_4.predict)=43.90%
[ 2020-05-27 07:29:05,902][kfold_wrapper.log_eval_metrics] Accuracy(layer_1 - estimator_2 - 12_folds.train_5.predict)=44.51%
[ 2020-05-27 07:29:06,257][kfold_wrapper.log_eval_metrics] Accuracy(layer_1 - estimator_2 - 12_folds.train_6.predict)=39.02%
[ 2020-05-27 07:29:06,607][kfold_wrapper.log_eval_metrics] Accuracy(layer_1 - estimator_2 - 12_folds.train_7.predict)=35.58%
[ 2020-05-27 07:29:06,954][kfold_wrapper.log_eval_metrics] Accuracy(layer_1 - estimator_2 - 12_folds.train_8.predict)=36.20%
[ 2020-05-27 07:29:07,309][kfold_wrapper.log_eval_metrics] Accuracy(layer_1 - estimator_2 - 12_folds.train_9.predict)=39.88%
[ 2020-05-27 07:29:07,652][kfold_wrapper.log_eval_metrics] Accuracy(layer_1 - estimator_2 - 12_folds.train_10.predict)=41.10%
[ 2020-05-27 07:29:08,011][kfold_wrapper.log_eval_metrics] Accuracy(layer_1 - estimator_2 - 12_folds.train_11.predict)=38.04%
[ 2020-05-27 07:29:08,130][kfold_wrapper.log_eval_metrics] Accuracy(layer_1 - estimator_2 - 12_folds.train_cv.predict)=40.14%
[ 2020-05-27 07:29:08,133][kfold_wrapper.log_eval_metrics] Accuracy(layer_1 - estimator_2 - 12_folds.test.predict)=34.25%
[ 2020-05-27 07:29:08,234][kfold_wrapper.log_eval_metrics] Accuracy(layer_1 - estimator_3 - 12_folds.train_0.predict)=40.85%
[ 2020-05-27 07:29:08,289][kfold_wrapper.log_eval_metrics] Accuracy(layer_1 - estimator_3 - 12_folds.train_1.predict)=41.46%
[ 2020-05-27 07:29:08,345][kfold_wrapper.log_eval_metrics] Accuracy(layer_1 - estimator_3 - 12_folds.train_2.predict)=41.46%
[ 2020-05-27 07:29:08,400][kfold_wrapper.log_eval_metrics] Accuracy(layer_1 - estimator_3 - 12_folds.train_3.predict)=35.98%
[ 2020-05-27 07:29:08,456][kfold_wrapper.log_eval_metrics] Accuracy(layer_1 - estimator_3 - 12_folds.train_4.predict)=35.98%
[ 2020-05-27 07:29:08,514][kfold_wrapper.log_eval_metrics] Accuracy(layer_1 - estimator_3 - 12_folds.train_5.predict)=38.41%
[ 2020-05-27 07:29:08,571][kfold_wrapper.log_eval_metrics] Accuracy(layer_1 - estimator_3 - 12_folds.train_6.predict)=41.46%
[ 2020-05-27 07:29:08,627][kfold_wrapper.log_eval_metrics] Accuracy(layer_1 - estimator_3 - 12_folds.train_7.predict)=36.20%
[ 2020-05-27 07:29:08,683][kfold_wrapper.log_eval_metrics] Accuracy(layer_1 - estimator_3 - 12_folds.train_8.predict)=31.29%
[ 2020-05-27 07:29:08,738][kfold_wrapper.log_eval_metrics] Accuracy(layer_1 - estimator_3 - 12_folds.train_9.predict)=32.52%
[ 2020-05-27 07:29:08,791][kfold_wrapper.log_eval_metrics] Accuracy(layer_1 - estimator_3 - 12_folds.train_10.predict)=43.56%
[ 2020-05-27 07:29:08,848][kfold_wrapper.log_eval_metrics] Accuracy(layer_1 - estimator_3 - 12_folds.train_11.predict)=33.13%
[ 2020-05-27 07:29:08,849][kfold_wrapper.log_eval_metrics] Accuracy(layer_1 - estimator_3 - 12_folds.train_cv.predict)=37.70%
[ 2020-05-27 07:29:08,849][kfold_wrapper.log_eval_metrics] Accuracy(layer_1 - estimator_3 - 12_folds.test.predict)=40.64%
[ 2020-05-27 07:29:08,850][cascade_classifier.calc_accuracy] Accuracy(layer_1 - train.classifier_average)=41.93%
[ 2020-05-27 07:29:08,851][cascade_classifier.calc_accuracy] Accuracy(layer_1 - test.classifier_average)=37.90%
[ 2020-05-27 07:29:08,852][cascade_classifier.fit_transform] [layer=2] look_indexs=[0], X_cur_train.shape=(1963, 17), X_cur_test.shape=(219, 17)
[ 2020-05-27 07:29:08,884][kfold_wrapper.log_eval_metrics] Accuracy(layer_2 - estimator_0 - 5_folds.train_0.predict)=37.40%
[ 2020-05-27 07:29:08,917][kfold_wrapper.log_eval_metrics] Accuracy(layer_2 - estimator_0 - 5_folds.train_1.predict)=38.42%
[ 2020-05-27 07:29:08,952][kfold_wrapper.log_eval_metrics] Accuracy(layer_2 - estimator_0 - 5_folds.train_2.predict)=37.40%
[ 2020-05-27 07:29:08,984][kfold_wrapper.log_eval_metrics] Accuracy(layer_2 - estimator_0 - 5_folds.train_3.predict)=35.20%
[ 2020-05-27 07:29:09,020][kfold_wrapper.log_eval_metrics] Accuracy(layer_2 - estimator_0 - 5_folds.train_4.predict)=38.52%
[ 2020-05-27 07:29:09,022][kfold_wrapper.log_eval_metrics] Accuracy(layer_2 - estimator_0 - 5_folds.train_cv.predict)=37.39%
[ 2020-05-27 07:29:09,023][kfold_wrapper.log_eval_metrics] Accuracy(layer_2 - estimator_0 - 5_folds.test.predict)=39.73%
[ 2020-05-27 07:29:09,241][kfold_wrapper.log_eval_metrics] Accuracy(layer_2 - estimator_1 - 12_folds.train_0.predict)=33.54%
[ 2020-05-27 07:29:09,583][kfold_wrapper.log_eval_metrics] Accuracy(layer_2 - estimator_1 - 12_folds.train_1.predict)=31.71%
[ 2020-05-27 07:29:09,937][kfold_wrapper.log_eval_metrics] Accuracy(layer_2 - estimator_1 - 12_folds.train_2.predict)=37.20%
[ 2020-05-27 07:29:10,284][kfold_wrapper.log_eval_metrics] Accuracy(layer_2 - estimator_1 - 12_folds.train_3.predict)=40.24%
[ 2020-05-27 07:29:10,638][kfold_wrapper.log_eval_metrics] Accuracy(layer_2 - estimator_1 - 12_folds.train_4.predict)=37.20%
[ 2020-05-27 07:29:10,990][kfold_wrapper.log_eval_metrics] Accuracy(layer_2 - estimator_1 - 12_folds.train_5.predict)=43.29%
[ 2020-05-27 07:29:11,332][kfold_wrapper.log_eval_metrics] Accuracy(layer_2 - estimator_1 - 12_folds.train_6.predict)=42.68%
[ 2020-05-27 07:29:11,682][kfold_wrapper.log_eval_metrics] Accuracy(layer_2 - estimator_1 - 12_folds.train_7.predict)=35.58%
[ 2020-05-27 07:29:12,041][kfold_wrapper.log_eval_metrics] Accuracy(layer_2 - estimator_1 - 12_folds.train_8.predict)=34.97%
[ 2020-05-27 07:29:12,400][kfold_wrapper.log_eval_metrics] Accuracy(layer_2 - estimator_1 - 12_folds.train_9.predict)=34.97%
[ 2020-05-27 07:29:12,746][kfold_wrapper.log_eval_metrics] Accuracy(layer_2 - estimator_1 - 12_folds.train_10.predict)=27.61%
[ 2020-05-27 07:29:13,097][kfold_wrapper.log_eval_metrics] Accuracy(layer_2 - estimator_1 - 12_folds.train_11.predict)=39.88%
[ 2020-05-27 07:29:13,214][kfold_wrapper.log_eval_metrics] Accuracy(layer_2 - estimator_1 - 12_folds.train_cv.predict)=36.58%
[ 2020-05-27 07:29:13,217][kfold_wrapper.log_eval_metrics] Accuracy(layer_2 - estimator_1 - 12_folds.test.predict)=36.53%
[ 2020-05-27 07:29:13,463][kfold_wrapper.log_eval_metrics] Accuracy(layer_2 - estimator_2 - 12_folds.train_0.predict)=42.07%
[ 2020-05-27 07:29:13,804][kfold_wrapper.log_eval_metrics] Accuracy(layer_2 - estimator_2 - 12_folds.train_1.predict)=40.24%
[ 2020-05-27 07:29:14,149][kfold_wrapper.log_eval_metrics] Accuracy(layer_2 - estimator_2 - 12_folds.train_2.predict)=34.15%
[ 2020-05-27 07:29:14,504][kfold_wrapper.log_eval_metrics] Accuracy(layer_2 - estimator_2 - 12_folds.train_3.predict)=34.76%
[ 2020-05-27 07:29:14,863][kfold_wrapper.log_eval_metrics] Accuracy(layer_2 - estimator_2 - 12_folds.train_4.predict)=35.37%
[ 2020-05-27 07:29:15,211][kfold_wrapper.log_eval_metrics] Accuracy(layer_2 - estimator_2 - 12_folds.train_5.predict)=35.98%
[ 2020-05-27 07:29:15,552][kfold_wrapper.log_eval_metrics] Accuracy(layer_2 - estimator_2 - 12_folds.train_6.predict)=32.93%
[ 2020-05-27 07:29:15,895][kfold_wrapper.log_eval_metrics] Accuracy(layer_2 - estimator_2 - 12_folds.train_7.predict)=37.42%
[ 2020-05-27 07:29:16,241][kfold_wrapper.log_eval_metrics] Accuracy(layer_2 - estimator_2 - 12_folds.train_8.predict)=38.65%
[ 2020-05-27 07:29:16,579][kfold_wrapper.log_eval_metrics] Accuracy(layer_2 - estimator_2 - 12_folds.train_9.predict)=40.49%
[ 2020-05-27 07:29:16,930][kfold_wrapper.log_eval_metrics] Accuracy(layer_2 - estimator_2 - 12_folds.train_10.predict)=41.10%
[ 2020-05-27 07:29:17,276][kfold_wrapper.log_eval_metrics] Accuracy(layer_2 - estimator_2 - 12_folds.train_11.predict)=40.49%
[ 2020-05-27 07:29:17,384][kfold_wrapper.log_eval_metrics] Accuracy(layer_2 - estimator_2 - 12_folds.train_cv.predict)=37.80%
[ 2020-05-27 07:29:17,387][kfold_wrapper.log_eval_metrics] Accuracy(layer_2 - estimator_2 - 12_folds.test.predict)=39.73%
[ 2020-05-27 07:29:17,499][kfold_wrapper.log_eval_metrics] Accuracy(layer_2 - estimator_3 - 12_folds.train_0.predict)=35.98%
[ 2020-05-27 07:29:17,556][kfold_wrapper.log_eval_metrics] Accuracy(layer_2 - estimator_3 - 12_folds.train_1.predict)=46.34%
[ 2020-05-27 07:29:17,612][kfold_wrapper.log_eval_metrics] Accuracy(layer_2 - estimator_3 - 12_folds.train_2.predict)=44.51%
[ 2020-05-27 07:29:17,669][kfold_wrapper.log_eval_metrics] Accuracy(layer_2 - estimator_3 - 12_folds.train_3.predict)=36.59%
[ 2020-05-27 07:29:17,727][kfold_wrapper.log_eval_metrics] Accuracy(layer_2 - estimator_3 - 12_folds.train_4.predict)=43.29%
[ 2020-05-27 07:29:17,783][kfold_wrapper.log_eval_metrics] Accuracy(layer_2 - estimator_3 - 12_folds.train_5.predict)=38.41%
[ 2020-05-27 07:29:17,840][kfold_wrapper.log_eval_metrics] Accuracy(layer_2 - estimator_3 - 12_folds.train_6.predict)=45.12%
[ 2020-05-27 07:29:17,896][kfold_wrapper.log_eval_metrics] Accuracy(layer_2 - estimator_3 - 12_folds.train_7.predict)=42.33%
[ 2020-05-27 07:29:17,957][kfold_wrapper.log_eval_metrics] Accuracy(layer_2 - estimator_3 - 12_folds.train_8.predict)=39.88%
[ 2020-05-27 07:29:18,013][kfold_wrapper.log_eval_metrics] Accuracy(layer_2 - estimator_3 - 12_folds.train_9.predict)=42.94%
[ 2020-05-27 07:29:18,070][kfold_wrapper.log_eval_metrics] Accuracy(layer_2 - estimator_3 - 12_folds.train_10.predict)=44.17%
[ 2020-05-27 07:29:18,127][kfold_wrapper.log_eval_metrics] Accuracy(layer_2 - estimator_3 - 12_folds.train_11.predict)=37.42%
[ 2020-05-27 07:29:18,128][kfold_wrapper.log_eval_metrics] Accuracy(layer_2 - estimator_3 - 12_folds.train_cv.predict)=41.42%
[ 2020-05-27 07:29:18,129][kfold_wrapper.log_eval_metrics] Accuracy(layer_2 - estimator_3 - 12_folds.test.predict)=37.44%
[ 2020-05-27 07:29:18,130][cascade_classifier.calc_accuracy] Accuracy(layer_2 - train.classifier_average)=38.26%
[ 2020-05-27 07:29:18,131][cascade_classifier.calc_accuracy] Accuracy(layer_2 - test.classifier_average)=38.81%
[ 2020-05-27 07:29:18,132][cascade_classifier.fit_transform] [layer=3] look_indexs=[0], X_cur_train.shape=(1963, 17), X_cur_test.shape=(219, 17)
[ 2020-05-27 07:29:18,164][kfold_wrapper.log_eval_metrics] Accuracy(layer_3 - estimator_0 - 5_folds.train_0.predict)=38.93%
[ 2020-05-27 07:29:18,197][kfold_wrapper.log_eval_metrics] Accuracy(layer_3 - estimator_0 - 5_folds.train_1.predict)=36.64%
[ 2020-05-27 07:29:18,230][kfold_wrapper.log_eval_metrics] Accuracy(layer_3 - estimator_0 - 5_folds.train_2.predict)=40.46%
[ 2020-05-27 07:29:18,264][kfold_wrapper.log_eval_metrics] Accuracy(layer_3 - estimator_0 - 5_folds.train_3.predict)=41.07%
[ 2020-05-27 07:29:18,297][kfold_wrapper.log_eval_metrics] Accuracy(layer_3 - estimator_0 - 5_folds.train_4.predict)=42.09%
[ 2020-05-27 07:29:18,299][kfold_wrapper.log_eval_metrics] Accuracy(layer_3 - estimator_0 - 5_folds.train_cv.predict)=39.84%
[ 2020-05-27 07:29:18,301][kfold_wrapper.log_eval_metrics] Accuracy(layer_3 - estimator_0 - 5_folds.test.predict)=39.27%
[ 2020-05-27 07:29:18,520][kfold_wrapper.log_eval_metrics] Accuracy(layer_3 - estimator_1 - 12_folds.train_0.predict)=32.93%
[ 2020-05-27 07:29:18,857][kfold_wrapper.log_eval_metrics] Accuracy(layer_3 - estimator_1 - 12_folds.train_1.predict)=40.24%
[ 2020-05-27 07:29:19,214][kfold_wrapper.log_eval_metrics] Accuracy(layer_3 - estimator_1 - 12_folds.train_2.predict)=37.80%
[ 2020-05-27 07:29:19,563][kfold_wrapper.log_eval_metrics] Accuracy(layer_3 - estimator_1 - 12_folds.train_3.predict)=43.90%
[ 2020-05-27 07:29:19,922][kfold_wrapper.log_eval_metrics] Accuracy(layer_3 - estimator_1 - 12_folds.train_4.predict)=35.37%
[ 2020-05-27 07:29:20,269][kfold_wrapper.log_eval_metrics] Accuracy(layer_3 - estimator_1 - 12_folds.train_5.predict)=37.20%
[ 2020-05-27 07:29:20,621][kfold_wrapper.log_eval_metrics] Accuracy(layer_3 - estimator_1 - 12_folds.train_6.predict)=32.32%
[ 2020-05-27 07:29:20,968][kfold_wrapper.log_eval_metrics] Accuracy(layer_3 - estimator_1 - 12_folds.train_7.predict)=35.58%
[ 2020-05-27 07:29:21,308][kfold_wrapper.log_eval_metrics] Accuracy(layer_3 - estimator_1 - 12_folds.train_8.predict)=38.65%
[ 2020-05-27 07:29:21,656][kfold_wrapper.log_eval_metrics] Accuracy(layer_3 - estimator_1 - 12_folds.train_9.predict)=45.40%
[ 2020-05-27 07:29:22,011][kfold_wrapper.log_eval_metrics] Accuracy(layer_3 - estimator_1 - 12_folds.train_10.predict)=34.97%
[ 2020-05-27 07:29:22,354][kfold_wrapper.log_eval_metrics] Accuracy(layer_3 - estimator_1 - 12_folds.train_11.predict)=36.20%
[ 2020-05-27 07:29:22,471][kfold_wrapper.log_eval_metrics] Accuracy(layer_3 - estimator_1 - 12_folds.train_cv.predict)=37.54%
[ 2020-05-27 07:29:22,474][kfold_wrapper.log_eval_metrics] Accuracy(layer_3 - estimator_1 - 12_folds.test.predict)=40.64%
[ 2020-05-27 07:29:22,714][kfold_wrapper.log_eval_metrics] Accuracy(layer_3 - estimator_2 - 12_folds.train_0.predict)=36.59%
[ 2020-05-27 07:29:23,074][kfold_wrapper.log_eval_metrics] Accuracy(layer_3 - estimator_2 - 12_folds.train_1.predict)=40.24%
[ 2020-05-27 07:29:23,431][kfold_wrapper.log_eval_metrics] Accuracy(layer_3 - estimator_2 - 12_folds.train_2.predict)=34.76%
[ 2020-05-27 07:29:23,777][kfold_wrapper.log_eval_metrics] Accuracy(layer_3 - estimator_2 - 12_folds.train_3.predict)=34.76%
[ 2020-05-27 07:29:24,129][kfold_wrapper.log_eval_metrics] Accuracy(layer_3 - estimator_2 - 12_folds.train_4.predict)=37.20%
[ 2020-05-27 07:29:24,467][kfold_wrapper.log_eval_metrics] Accuracy(layer_3 - estimator_2 - 12_folds.train_5.predict)=35.37%
[ 2020-05-27 07:29:24,820][kfold_wrapper.log_eval_metrics] Accuracy(layer_3 - estimator_2 - 12_folds.train_6.predict)=34.76%
[ 2020-05-27 07:29:25,178][kfold_wrapper.log_eval_metrics] Accuracy(layer_3 - estimator_2 - 12_folds.train_7.predict)=31.90%
[ 2020-05-27 07:29:25,528][kfold_wrapper.log_eval_metrics] Accuracy(layer_3 - estimator_2 - 12_folds.train_8.predict)=38.04%
[ 2020-05-27 07:29:25,874][kfold_wrapper.log_eval_metrics] Accuracy(layer_3 - estimator_2 - 12_folds.train_9.predict)=31.90%
[ 2020-05-27 07:29:26,225][kfold_wrapper.log_eval_metrics] Accuracy(layer_3 - estimator_2 - 12_folds.train_10.predict)=36.20%
[ 2020-05-27 07:29:26,578][kfold_wrapper.log_eval_metrics] Accuracy(layer_3 - estimator_2 - 12_folds.train_11.predict)=36.20%
[ 2020-05-27 07:29:26,695][kfold_wrapper.log_eval_metrics] Accuracy(layer_3 - estimator_2 - 12_folds.train_cv.predict)=35.66%
[ 2020-05-27 07:29:26,698][kfold_wrapper.log_eval_metrics] Accuracy(layer_3 - estimator_2 - 12_folds.test.predict)=38.36%
[ 2020-05-27 07:29:26,782][kfold_wrapper.log_eval_metrics] Accuracy(layer_3 - estimator_3 - 12_folds.train_0.predict)=39.63%
[ 2020-05-27 07:29:26,843][kfold_wrapper.log_eval_metrics] Accuracy(layer_3 - estimator_3 - 12_folds.train_1.predict)=41.46%
[ 2020-05-27 07:29:26,903][kfold_wrapper.log_eval_metrics] Accuracy(layer_3 - estimator_3 - 12_folds.train_2.predict)=35.37%
[ 2020-05-27 07:29:26,963][kfold_wrapper.log_eval_metrics] Accuracy(layer_3 - estimator_3 - 12_folds.train_3.predict)=41.46%
[ 2020-05-27 07:29:27,022][kfold_wrapper.log_eval_metrics] Accuracy(layer_3 - estimator_3 - 12_folds.train_4.predict)=42.07%
[ 2020-05-27 07:29:27,080][kfold_wrapper.log_eval_metrics] Accuracy(layer_3 - estimator_3 - 12_folds.train_5.predict)=42.07%
[ 2020-05-27 07:29:27,138][kfold_wrapper.log_eval_metrics] Accuracy(layer_3 - estimator_3 - 12_folds.train_6.predict)=35.37%
[ 2020-05-27 07:29:27,196][kfold_wrapper.log_eval_metrics] Accuracy(layer_3 - estimator_3 - 12_folds.train_7.predict)=42.94%
[ 2020-05-27 07:29:27,252][kfold_wrapper.log_eval_metrics] Accuracy(layer_3 - estimator_3 - 12_folds.train_8.predict)=35.58%
[ 2020-05-27 07:29:27,309][kfold_wrapper.log_eval_metrics] Accuracy(layer_3 - estimator_3 - 12_folds.train_9.predict)=35.58%
[ 2020-05-27 07:29:27,366][kfold_wrapper.log_eval_metrics] Accuracy(layer_3 - estimator_3 - 12_folds.train_10.predict)=38.65%
[ 2020-05-27 07:29:27,423][kfold_wrapper.log_eval_metrics] Accuracy(layer_3 - estimator_3 - 12_folds.train_11.predict)=43.56%
[ 2020-05-27 07:29:27,424][kfold_wrapper.log_eval_metrics] Accuracy(layer_3 - estimator_3 - 12_folds.train_cv.predict)=39.48%
[ 2020-05-27 07:29:27,425][kfold_wrapper.log_eval_metrics] Accuracy(layer_3 - estimator_3 - 12_folds.test.predict)=41.10%
[ 2020-05-27 07:29:27,426][cascade_classifier.calc_accuracy] Accuracy(layer_3 - train.classifier_average)=38.21%
[ 2020-05-27 07:29:27,426][cascade_classifier.calc_accuracy] Accuracy(layer_3 - test.classifier_average)=42.47%
[ 2020-05-27 07:29:27,427][cascade_classifier.fit_transform] [layer=4] look_indexs=[0], X_cur_train.shape=(1963, 17), X_cur_test.shape=(219, 17)
[ 2020-05-27 07:29:27,464][kfold_wrapper.log_eval_metrics] Accuracy(layer_4 - estimator_0 - 5_folds.train_0.predict)=33.33%
[ 2020-05-27 07:29:27,503][kfold_wrapper.log_eval_metrics] Accuracy(layer_4 - estimator_0 - 5_folds.train_1.predict)=36.13%
[ 2020-05-27 07:29:27,540][kfold_wrapper.log_eval_metrics] Accuracy(layer_4 - estimator_0 - 5_folds.train_2.predict)=38.42%
[ 2020-05-27 07:29:27,575][kfold_wrapper.log_eval_metrics] Accuracy(layer_4 - estimator_0 - 5_folds.train_3.predict)=35.46%
[ 2020-05-27 07:29:27,609][kfold_wrapper.log_eval_metrics] Accuracy(layer_4 - estimator_0 - 5_folds.train_4.predict)=37.76%
[ 2020-05-27 07:29:27,611][kfold_wrapper.log_eval_metrics] Accuracy(layer_4 - estimator_0 - 5_folds.train_cv.predict)=36.22%
[ 2020-05-27 07:29:27,613][kfold_wrapper.log_eval_metrics] Accuracy(layer_4 - estimator_0 - 5_folds.test.predict)=46.58%
[ 2020-05-27 07:29:27,833][kfold_wrapper.log_eval_metrics] Accuracy(layer_4 - estimator_1 - 12_folds.train_0.predict)=42.07%
[ 2020-05-27 07:29:28,187][kfold_wrapper.log_eval_metrics] Accuracy(layer_4 - estimator_1 - 12_folds.train_1.predict)=32.32%
[ 2020-05-27 07:29:28,532][kfold_wrapper.log_eval_metrics] Accuracy(layer_4 - estimator_1 - 12_folds.train_2.predict)=39.63%
[ 2020-05-27 07:29:28,877][kfold_wrapper.log_eval_metrics] Accuracy(layer_4 - estimator_1 - 12_folds.train_3.predict)=34.15%
[ 2020-05-27 07:29:29,229][kfold_wrapper.log_eval_metrics] Accuracy(layer_4 - estimator_1 - 12_folds.train_4.predict)=35.98%
[ 2020-05-27 07:29:29,572][kfold_wrapper.log_eval_metrics] Accuracy(layer_4 - estimator_1 - 12_folds.train_5.predict)=38.41%
[ 2020-05-27 07:29:29,923][kfold_wrapper.log_eval_metrics] Accuracy(layer_4 - estimator_1 - 12_folds.train_6.predict)=32.93%
[ 2020-05-27 07:29:30,269][kfold_wrapper.log_eval_metrics] Accuracy(layer_4 - estimator_1 - 12_folds.train_7.predict)=34.36%
[ 2020-05-27 07:29:30,617][kfold_wrapper.log_eval_metrics] Accuracy(layer_4 - estimator_1 - 12_folds.train_8.predict)=36.81%
[ 2020-05-27 07:29:30,974][kfold_wrapper.log_eval_metrics] Accuracy(layer_4 - estimator_1 - 12_folds.train_9.predict)=34.36%
[ 2020-05-27 07:29:31,327][kfold_wrapper.log_eval_metrics] Accuracy(layer_4 - estimator_1 - 12_folds.train_10.predict)=39.88%
[ 2020-05-27 07:29:31,687][kfold_wrapper.log_eval_metrics] Accuracy(layer_4 - estimator_1 - 12_folds.train_11.predict)=32.52%
[ 2020-05-27 07:29:31,805][kfold_wrapper.log_eval_metrics] Accuracy(layer_4 - estimator_1 - 12_folds.train_cv.predict)=36.12%
[ 2020-05-27 07:29:31,808][kfold_wrapper.log_eval_metrics] Accuracy(layer_4 - estimator_1 - 12_folds.test.predict)=32.42%
[ 2020-05-27 07:29:32,056][kfold_wrapper.log_eval_metrics] Accuracy(layer_4 - estimator_2 - 12_folds.train_0.predict)=33.54%
[ 2020-05-27 07:29:32,405][kfold_wrapper.log_eval_metrics] Accuracy(layer_4 - estimator_2 - 12_folds.train_1.predict)=35.37%
[ 2020-05-27 07:29:32,762][kfold_wrapper.log_eval_metrics] Accuracy(layer_4 - estimator_2 - 12_folds.train_2.predict)=35.37%
[ 2020-05-27 07:29:33,112][kfold_wrapper.log_eval_metrics] Accuracy(layer_4 - estimator_2 - 12_folds.train_3.predict)=45.12%
[ 2020-05-27 07:29:33,464][kfold_wrapper.log_eval_metrics] Accuracy(layer_4 - estimator_2 - 12_folds.train_4.predict)=35.37%
[ 2020-05-27 07:29:33,814][kfold_wrapper.log_eval_metrics] Accuracy(layer_4 - estimator_2 - 12_folds.train_5.predict)=43.29%
[ 2020-05-27 07:29:34,170][kfold_wrapper.log_eval_metrics] Accuracy(layer_4 - estimator_2 - 12_folds.train_6.predict)=26.83%
[ 2020-05-27 07:29:34,525][kfold_wrapper.log_eval_metrics] Accuracy(layer_4 - estimator_2 - 12_folds.train_7.predict)=38.65%
[ 2020-05-27 07:29:34,881][kfold_wrapper.log_eval_metrics] Accuracy(layer_4 - estimator_2 - 12_folds.train_8.predict)=38.04%
[ 2020-05-27 07:29:35,231][kfold_wrapper.log_eval_metrics] Accuracy(layer_4 - estimator_2 - 12_folds.train_9.predict)=34.97%
[ 2020-05-27 07:29:35,573][kfold_wrapper.log_eval_metrics] Accuracy(layer_4 - estimator_2 - 12_folds.train_10.predict)=39.26%
[ 2020-05-27 07:29:35,925][kfold_wrapper.log_eval_metrics] Accuracy(layer_4 - estimator_2 - 12_folds.train_11.predict)=30.67%
[ 2020-05-27 07:29:36,043][kfold_wrapper.log_eval_metrics] Accuracy(layer_4 - estimator_2 - 12_folds.train_cv.predict)=36.37%
[ 2020-05-27 07:29:36,046][kfold_wrapper.log_eval_metrics] Accuracy(layer_4 - estimator_2 - 12_folds.test.predict)=34.25%
[ 2020-05-27 07:29:36,142][kfold_wrapper.log_eval_metrics] Accuracy(layer_4 - estimator_3 - 12_folds.train_0.predict)=44.51%
[ 2020-05-27 07:29:36,220][kfold_wrapper.log_eval_metrics] Accuracy(layer_4 - estimator_3 - 12_folds.train_1.predict)=42.07%
[ 2020-05-27 07:29:36,276][kfold_wrapper.log_eval_metrics] Accuracy(layer_4 - estimator_3 - 12_folds.train_2.predict)=33.54%
[ 2020-05-27 07:29:36,335][kfold_wrapper.log_eval_metrics] Accuracy(layer_4 - estimator_3 - 12_folds.train_3.predict)=35.98%
[ 2020-05-27 07:29:36,392][kfold_wrapper.log_eval_metrics] Accuracy(layer_4 - estimator_3 - 12_folds.train_4.predict)=35.98%
[ 2020-05-27 07:29:36,451][kfold_wrapper.log_eval_metrics] Accuracy(layer_4 - estimator_3 - 12_folds.train_5.predict)=41.46%
[ 2020-05-27 07:29:36,510][kfold_wrapper.log_eval_metrics] Accuracy(layer_4 - estimator_3 - 12_folds.train_6.predict)=34.76%
[ 2020-05-27 07:29:36,568][kfold_wrapper.log_eval_metrics] Accuracy(layer_4 - estimator_3 - 12_folds.train_7.predict)=46.01%
[ 2020-05-27 07:29:36,624][kfold_wrapper.log_eval_metrics] Accuracy(layer_4 - estimator_3 - 12_folds.train_8.predict)=41.10%
[ 2020-05-27 07:29:36,683][kfold_wrapper.log_eval_metrics] Accuracy(layer_4 - estimator_3 - 12_folds.train_9.predict)=39.88%
[ 2020-05-27 07:29:36,739][kfold_wrapper.log_eval_metrics] Accuracy(layer_4 - estimator_3 - 12_folds.train_10.predict)=46.63%
[ 2020-05-27 07:29:36,798][kfold_wrapper.log_eval_metrics] Accuracy(layer_4 - estimator_3 - 12_folds.train_11.predict)=38.65%
[ 2020-05-27 07:29:36,799][kfold_wrapper.log_eval_metrics] Accuracy(layer_4 - estimator_3 - 12_folds.train_cv.predict)=40.04%
[ 2020-05-27 07:29:36,800][kfold_wrapper.log_eval_metrics] Accuracy(layer_4 - estimator_3 - 12_folds.test.predict)=42.92%
[ 2020-05-27 07:29:36,800][cascade_classifier.calc_accuracy] Accuracy(layer_4 - train.classifier_average)=37.70%
[ 2020-05-27 07:29:36,801][cascade_classifier.calc_accuracy] Accuracy(layer_4 - test.classifier_average)=35.16%
[ 2020-05-27 07:29:36,802][cascade_classifier.fit_transform] [layer=5] look_indexs=[0], X_cur_train.shape=(1963, 17), X_cur_test.shape=(219, 17)
[ 2020-05-27 07:29:36,835][kfold_wrapper.log_eval_metrics] Accuracy(layer_5 - estimator_0 - 5_folds.train_0.predict)=34.35%
[ 2020-05-27 07:29:36,868][kfold_wrapper.log_eval_metrics] Accuracy(layer_5 - estimator_0 - 5_folds.train_1.predict)=38.68%
[ 2020-05-27 07:29:36,901][kfold_wrapper.log_eval_metrics] Accuracy(layer_5 - estimator_0 - 5_folds.train_2.predict)=36.39%
[ 2020-05-27 07:29:36,936][kfold_wrapper.log_eval_metrics] Accuracy(layer_5 - estimator_0 - 5_folds.train_3.predict)=40.31%
[ 2020-05-27 07:29:36,968][kfold_wrapper.log_eval_metrics] Accuracy(layer_5 - estimator_0 - 5_folds.train_4.predict)=38.27%
[ 2020-05-27 07:29:36,970][kfold_wrapper.log_eval_metrics] Accuracy(layer_5 - estimator_0 - 5_folds.train_cv.predict)=37.60%
[ 2020-05-27 07:29:36,972][kfold_wrapper.log_eval_metrics] Accuracy(layer_5 - estimator_0 - 5_folds.test.predict)=38.81%
[ 2020-05-27 07:29:37,192][kfold_wrapper.log_eval_metrics] Accuracy(layer_5 - estimator_1 - 12_folds.train_0.predict)=35.37%
[ 2020-05-27 07:29:37,541][kfold_wrapper.log_eval_metrics] Accuracy(layer_5 - estimator_1 - 12_folds.train_1.predict)=35.37%
[ 2020-05-27 07:29:37,877][kfold_wrapper.log_eval_metrics] Accuracy(layer_5 - estimator_1 - 12_folds.train_2.predict)=44.51%
[ 2020-05-27 07:29:38,225][kfold_wrapper.log_eval_metrics] Accuracy(layer_5 - estimator_1 - 12_folds.train_3.predict)=35.98%
[ 2020-05-27 07:29:38,563][kfold_wrapper.log_eval_metrics] Accuracy(layer_5 - estimator_1 - 12_folds.train_4.predict)=33.54%
[ 2020-05-27 07:29:38,898][kfold_wrapper.log_eval_metrics] Accuracy(layer_5 - estimator_1 - 12_folds.train_5.predict)=37.80%
[ 2020-05-27 07:29:39,248][kfold_wrapper.log_eval_metrics] Accuracy(layer_5 - estimator_1 - 12_folds.train_6.predict)=35.37%
[ 2020-05-27 07:29:39,594][kfold_wrapper.log_eval_metrics] Accuracy(layer_5 - estimator_1 - 12_folds.train_7.predict)=38.04%
[ 2020-05-27 07:29:39,947][kfold_wrapper.log_eval_metrics] Accuracy(layer_5 - estimator_1 - 12_folds.train_8.predict)=30.06%
[ 2020-05-27 07:29:40,305][kfold_wrapper.log_eval_metrics] Accuracy(layer_5 - estimator_1 - 12_folds.train_9.predict)=38.65%
[ 2020-05-27 07:29:40,661][kfold_wrapper.log_eval_metrics] Accuracy(layer_5 - estimator_1 - 12_folds.train_10.predict)=46.01%
[ 2020-05-27 07:29:41,017][kfold_wrapper.log_eval_metrics] Accuracy(layer_5 - estimator_1 - 12_folds.train_11.predict)=34.36%
[ 2020-05-27 07:29:41,135][kfold_wrapper.log_eval_metrics] Accuracy(layer_5 - estimator_1 - 12_folds.train_cv.predict)=37.09%
[ 2020-05-27 07:29:41,138][kfold_wrapper.log_eval_metrics] Accuracy(layer_5 - estimator_1 - 12_folds.test.predict)=38.36%
[ 2020-05-27 07:29:41,386][kfold_wrapper.log_eval_metrics] Accuracy(layer_5 - estimator_2 - 12_folds.train_0.predict)=33.54%
[ 2020-05-27 07:29:41,742][kfold_wrapper.log_eval_metrics] Accuracy(layer_5 - estimator_2 - 12_folds.train_1.predict)=39.02%
[ 2020-05-27 07:29:42,099][kfold_wrapper.log_eval_metrics] Accuracy(layer_5 - estimator_2 - 12_folds.train_2.predict)=35.98%
[ 2020-05-27 07:29:42,459][kfold_wrapper.log_eval_metrics] Accuracy(layer_5 - estimator_2 - 12_folds.train_3.predict)=34.15%
[ 2020-05-27 07:29:42,819][kfold_wrapper.log_eval_metrics] Accuracy(layer_5 - estimator_2 - 12_folds.train_4.predict)=33.54%
[ 2020-05-27 07:29:43,170][kfold_wrapper.log_eval_metrics] Accuracy(layer_5 - estimator_2 - 12_folds.train_5.predict)=41.46%
[ 2020-05-27 07:29:43,530][kfold_wrapper.log_eval_metrics] Accuracy(layer_5 - estimator_2 - 12_folds.train_6.predict)=34.15%
[ 2020-05-27 07:29:43,881][kfold_wrapper.log_eval_metrics] Accuracy(layer_5 - estimator_2 - 12_folds.train_7.predict)=42.33%
[ 2020-05-27 07:29:44,227][kfold_wrapper.log_eval_metrics] Accuracy(layer_5 - estimator_2 - 12_folds.train_8.predict)=39.26%
[ 2020-05-27 07:29:44,574][kfold_wrapper.log_eval_metrics] Accuracy(layer_5 - estimator_2 - 12_folds.train_9.predict)=38.65%
[ 2020-05-27 07:29:44,928][kfold_wrapper.log_eval_metrics] Accuracy(layer_5 - estimator_2 - 12_folds.train_10.predict)=37.42%
[ 2020-05-27 07:29:45,279][kfold_wrapper.log_eval_metrics] Accuracy(layer_5 - estimator_2 - 12_folds.train_11.predict)=30.67%
[ 2020-05-27 07:29:45,396][kfold_wrapper.log_eval_metrics] Accuracy(layer_5 - estimator_2 - 12_folds.train_cv.predict)=36.68%
[ 2020-05-27 07:29:45,399][kfold_wrapper.log_eval_metrics] Accuracy(layer_5 - estimator_2 - 12_folds.test.predict)=36.07%
[ 2020-05-27 07:29:45,493][kfold_wrapper.log_eval_metrics] Accuracy(layer_5 - estimator_3 - 12_folds.train_0.predict)=37.80%
[ 2020-05-27 07:29:45,553][kfold_wrapper.log_eval_metrics] Accuracy(layer_5 - estimator_3 - 12_folds.train_1.predict)=42.07%
[ 2020-05-27 07:29:45,611][kfold_wrapper.log_eval_metrics] Accuracy(layer_5 - estimator_3 - 12_folds.train_2.predict)=41.46%
[ 2020-05-27 07:29:45,668][kfold_wrapper.log_eval_metrics] Accuracy(layer_5 - estimator_3 - 12_folds.train_3.predict)=37.20%
[ 2020-05-27 07:29:45,726][kfold_wrapper.log_eval_metrics] Accuracy(layer_5 - estimator_3 - 12_folds.train_4.predict)=37.80%
[ 2020-05-27 07:29:45,784][kfold_wrapper.log_eval_metrics] Accuracy(layer_5 - estimator_3 - 12_folds.train_5.predict)=36.59%
[ 2020-05-27 07:29:45,840][kfold_wrapper.log_eval_metrics] Accuracy(layer_5 - estimator_3 - 12_folds.train_6.predict)=35.37%
[ 2020-05-27 07:29:45,898][kfold_wrapper.log_eval_metrics] Accuracy(layer_5 - estimator_3 - 12_folds.train_7.predict)=38.65%
[ 2020-05-27 07:29:45,953][kfold_wrapper.log_eval_metrics] Accuracy(layer_5 - estimator_3 - 12_folds.train_8.predict)=44.79%
[ 2020-05-27 07:29:46,011][kfold_wrapper.log_eval_metrics] Accuracy(layer_5 - estimator_3 - 12_folds.train_9.predict)=40.49%
[ 2020-05-27 07:29:46,070][kfold_wrapper.log_eval_metrics] Accuracy(layer_5 - estimator_3 - 12_folds.train_10.predict)=33.74%
[ 2020-05-27 07:29:46,130][kfold_wrapper.log_eval_metrics] Accuracy(layer_5 - estimator_3 - 12_folds.train_11.predict)=39.88%
[ 2020-05-27 07:29:46,131][kfold_wrapper.log_eval_metrics] Accuracy(layer_5 - estimator_3 - 12_folds.train_cv.predict)=38.82%
[ 2020-05-27 07:29:46,131][kfold_wrapper.log_eval_metrics] Accuracy(layer_5 - estimator_3 - 12_folds.test.predict)=43.84%
[ 2020-05-27 07:29:46,132][cascade_classifier.calc_accuracy] Accuracy(layer_5 - train.classifier_average)=39.23%
[ 2020-05-27 07:29:46,133][cascade_classifier.calc_accuracy] Accuracy(layer_5 - test.classifier_average)=38.36%
[ 2020-05-27 07:29:46,133][cascade_classifier.fit_transform] [Result][Optimal Level Detected] opt_layer_num=2, accuracy_train=41.93%, accuracy_test=37.90%
[ 2020-05-27 07:29:46,170][cascade_classifier.transform] X_groups_test.shape=[(245, 5)]
[ 2020-05-27 07:29:46,171][cascade_classifier.transform] group_dims=[5]
[ 2020-05-27 07:29:46,171][cascade_classifier.transform] X_test.shape=(245, 5)
[ 2020-05-27 07:29:46,172][cascade_classifier.transform] [layer=0] look_indexs=[0], X_cur_test.shape=(245, 5)
[ 2020-05-27 07:29:48,845][cascade_classifier.transform] [layer=1] look_indexs=[0], X_cur_test.shape=(245, 17)
[ 2020-05-27 07:29:51,910][cascade_classifier.fit_transform] X_groups_train.shape=[(2184, 5)],y_train.shape=(2184,),X_groups_test.shape=[(243, 5)],y_test.shape=(243,)
[ 2020-05-27 07:29:51,911][cascade_classifier.fit_transform] group_dims=[5]
[ 2020-05-27 07:29:51,912][cascade_classifier.fit_transform] group_starts=[0]
[ 2020-05-27 07:29:51,912][cascade_classifier.fit_transform] group_ends=[5]
[ 2020-05-27 07:29:51,913][cascade_classifier.fit_transform] X_train.shape=(2184, 5),X_test.shape=(243, 5)
[ 2020-05-27 07:29:51,914][cascade_classifier.fit_transform] [layer=0] look_indexs=[0], X_cur_train.shape=(2184, 5), X_cur_test.shape=(243, 5)
[ 2020-05-27 07:29:51,943][kfold_wrapper.log_eval_metrics] Accuracy(layer_0 - estimator_0 - 5_folds.train_0.predict)=32.95%
[ 2020-05-27 07:29:51,971][kfold_wrapper.log_eval_metrics] Accuracy(layer_0 - estimator_0 - 5_folds.train_1.predict)=34.10%
[ 2020-05-27 07:29:52,000][kfold_wrapper.log_eval_metrics] Accuracy(layer_0 - estimator_0 - 5_folds.train_2.predict)=36.84%
[ 2020-05-27 07:29:52,028][kfold_wrapper.log_eval_metrics] Accuracy(layer_0 - estimator_0 - 5_folds.train_3.predict)=39.82%
[ 2020-05-27 07:29:52,057][kfold_wrapper.log_eval_metrics] Accuracy(layer_0 - estimator_0 - 5_folds.train_4.predict)=36.47%
[ 2020-05-27 07:29:52,060][kfold_wrapper.log_eval_metrics] Accuracy(layer_0 - estimator_0 - 5_folds.train_cv.predict)=36.03%
[ 2020-05-27 07:29:52,061][kfold_wrapper.log_eval_metrics] Accuracy(layer_0 - estimator_0 - 5_folds.test.predict)=40.74%
[ 2020-05-27 07:29:52,281][kfold_wrapper.log_eval_metrics] Accuracy(layer_0 - estimator_1 - 12_folds.train_0.predict)=34.62%
[ 2020-05-27 07:29:52,633][kfold_wrapper.log_eval_metrics] Accuracy(layer_0 - estimator_1 - 12_folds.train_1.predict)=30.77%
[ 2020-05-27 07:29:52,991][kfold_wrapper.log_eval_metrics] Accuracy(layer_0 - estimator_1 - 12_folds.train_2.predict)=34.07%
[ 2020-05-27 07:29:53,347][kfold_wrapper.log_eval_metrics] Accuracy(layer_0 - estimator_1 - 12_folds.train_3.predict)=31.32%
[ 2020-05-27 07:29:53,705][kfold_wrapper.log_eval_metrics] Accuracy(layer_0 - estimator_1 - 12_folds.train_4.predict)=37.91%
[ 2020-05-27 07:29:54,059][kfold_wrapper.log_eval_metrics] Accuracy(layer_0 - estimator_1 - 12_folds.train_5.predict)=29.67%
[ 2020-05-27 07:29:54,407][kfold_wrapper.log_eval_metrics] Accuracy(layer_0 - estimator_1 - 12_folds.train_6.predict)=35.16%
[ 2020-05-27 07:29:54,759][kfold_wrapper.log_eval_metrics] Accuracy(layer_0 - estimator_1 - 12_folds.train_7.predict)=31.87%
[ 2020-05-27 07:29:55,118][kfold_wrapper.log_eval_metrics] Accuracy(layer_0 - estimator_1 - 12_folds.train_8.predict)=28.57%
[ 2020-05-27 07:29:55,453][kfold_wrapper.log_eval_metrics] Accuracy(layer_0 - estimator_1 - 12_folds.train_9.predict)=32.42%
[ 2020-05-27 07:29:55,805][kfold_wrapper.log_eval_metrics] Accuracy(layer_0 - estimator_1 - 12_folds.train_10.predict)=31.87%
[ 2020-05-27 07:29:56,149][kfold_wrapper.log_eval_metrics] Accuracy(layer_0 - estimator_1 - 12_folds.train_11.predict)=35.16%
[ 2020-05-27 07:29:56,267][kfold_wrapper.log_eval_metrics] Accuracy(layer_0 - estimator_1 - 12_folds.train_cv.predict)=32.78%
[ 2020-05-27 07:29:56,270][kfold_wrapper.log_eval_metrics] Accuracy(layer_0 - estimator_1 - 12_folds.test.predict)=39.51%
[ 2020-05-27 07:29:56,522][kfold_wrapper.log_eval_metrics] Accuracy(layer_0 - estimator_2 - 12_folds.train_0.predict)=36.26%
[ 2020-05-27 07:29:56,868][kfold_wrapper.log_eval_metrics] Accuracy(layer_0 - estimator_2 - 12_folds.train_1.predict)=30.22%
[ 2020-05-27 07:29:57,224][kfold_wrapper.log_eval_metrics] Accuracy(layer_0 - estimator_2 - 12_folds.train_2.predict)=34.62%
[ 2020-05-27 07:29:57,580][kfold_wrapper.log_eval_metrics] Accuracy(layer_0 - estimator_2 - 12_folds.train_3.predict)=35.71%
[ 2020-05-27 07:29:57,938][kfold_wrapper.log_eval_metrics] Accuracy(layer_0 - estimator_2 - 12_folds.train_4.predict)=32.42%
[ 2020-05-27 07:29:58,282][kfold_wrapper.log_eval_metrics] Accuracy(layer_0 - estimator_2 - 12_folds.train_5.predict)=30.22%
[ 2020-05-27 07:29:58,632][kfold_wrapper.log_eval_metrics] Accuracy(layer_0 - estimator_2 - 12_folds.train_6.predict)=30.22%
[ 2020-05-27 07:29:58,980][kfold_wrapper.log_eval_metrics] Accuracy(layer_0 - estimator_2 - 12_folds.train_7.predict)=26.92%
[ 2020-05-27 07:29:59,328][kfold_wrapper.log_eval_metrics] Accuracy(layer_0 - estimator_2 - 12_folds.train_8.predict)=32.97%
[ 2020-05-27 07:29:59,683][kfold_wrapper.log_eval_metrics] Accuracy(layer_0 - estimator_2 - 12_folds.train_9.predict)=35.16%
[ 2020-05-27 07:30:00,041][kfold_wrapper.log_eval_metrics] Accuracy(layer_0 - estimator_2 - 12_folds.train_10.predict)=30.77%
[ 2020-05-27 07:30:00,384][kfold_wrapper.log_eval_metrics] Accuracy(layer_0 - estimator_2 - 12_folds.train_11.predict)=34.62%
[ 2020-05-27 07:30:00,501][kfold_wrapper.log_eval_metrics] Accuracy(layer_0 - estimator_2 - 12_folds.train_cv.predict)=32.51%
[ 2020-05-27 07:30:00,505][kfold_wrapper.log_eval_metrics] Accuracy(layer_0 - estimator_2 - 12_folds.test.predict)=35.39%
[ 2020-05-27 07:30:00,582][kfold_wrapper.log_eval_metrics] Accuracy(layer_0 - estimator_3 - 12_folds.train_0.predict)=39.01%
[ 2020-05-27 07:30:00,609][kfold_wrapper.log_eval_metrics] Accuracy(layer_0 - estimator_3 - 12_folds.train_1.predict)=41.21%
[ 2020-05-27 07:30:00,636][kfold_wrapper.log_eval_metrics] Accuracy(layer_0 - estimator_3 - 12_folds.train_2.predict)=37.36%
[ 2020-05-27 07:30:00,665][kfold_wrapper.log_eval_metrics] Accuracy(layer_0 - estimator_3 - 12_folds.train_3.predict)=38.46%
[ 2020-05-27 07:30:00,693][kfold_wrapper.log_eval_metrics] Accuracy(layer_0 - estimator_3 - 12_folds.train_4.predict)=35.71%
[ 2020-05-27 07:30:00,715][kfold_wrapper.log_eval_metrics] Accuracy(layer_0 - estimator_3 - 12_folds.train_5.predict)=41.21%
[ 2020-05-27 07:30:00,737][kfold_wrapper.log_eval_metrics] Accuracy(layer_0 - estimator_3 - 12_folds.train_6.predict)=40.11%
[ 2020-05-27 07:30:00,759][kfold_wrapper.log_eval_metrics] Accuracy(layer_0 - estimator_3 - 12_folds.train_7.predict)=40.11%
[ 2020-05-27 07:30:00,782][kfold_wrapper.log_eval_metrics] Accuracy(layer_0 - estimator_3 - 12_folds.train_8.predict)=41.21%
[ 2020-05-27 07:30:00,805][kfold_wrapper.log_eval_metrics] Accuracy(layer_0 - estimator_3 - 12_folds.train_9.predict)=40.66%
[ 2020-05-27 07:30:00,834][kfold_wrapper.log_eval_metrics] Accuracy(layer_0 - estimator_3 - 12_folds.train_10.predict)=40.11%
[ 2020-05-27 07:30:00,862][kfold_wrapper.log_eval_metrics] Accuracy(layer_0 - estimator_3 - 12_folds.train_11.predict)=39.01%
[ 2020-05-27 07:30:00,863][kfold_wrapper.log_eval_metrics] Accuracy(layer_0 - estimator_3 - 12_folds.train_cv.predict)=39.51%
[ 2020-05-27 07:30:00,864][kfold_wrapper.log_eval_metrics] Accuracy(layer_0 - estimator_3 - 12_folds.test.predict)=45.27%
[ 2020-05-27 07:30:00,866][cascade_classifier.calc_accuracy] Accuracy(layer_0 - train.classifier_average)=33.56%
[ 2020-05-27 07:30:00,866][cascade_classifier.calc_accuracy] Accuracy(layer_0 - test.classifier_average)=40.74%
[ 2020-05-27 07:30:00,867][cascade_classifier.fit_transform] [layer=1] look_indexs=[0], X_cur_train.shape=(2184, 17), X_cur_test.shape=(243, 17)
[ 2020-05-27 07:30:00,902][kfold_wrapper.log_eval_metrics] Accuracy(layer_1 - estimator_0 - 5_folds.train_0.predict)=34.55%
[ 2020-05-27 07:30:00,936][kfold_wrapper.log_eval_metrics] Accuracy(layer_1 - estimator_0 - 5_folds.train_1.predict)=40.73%
[ 2020-05-27 07:30:00,977][kfold_wrapper.log_eval_metrics] Accuracy(layer_1 - estimator_0 - 5_folds.train_2.predict)=35.47%
[ 2020-05-27 07:30:01,012][kfold_wrapper.log_eval_metrics] Accuracy(layer_1 - estimator_0 - 5_folds.train_3.predict)=37.99%
[ 2020-05-27 07:30:01,047][kfold_wrapper.log_eval_metrics] Accuracy(layer_1 - estimator_0 - 5_folds.train_4.predict)=36.01%
[ 2020-05-27 07:30:01,049][kfold_wrapper.log_eval_metrics] Accuracy(layer_1 - estimator_0 - 5_folds.train_cv.predict)=36.95%
[ 2020-05-27 07:30:01,050][kfold_wrapper.log_eval_metrics] Accuracy(layer_1 - estimator_0 - 5_folds.test.predict)=37.04%
[ 2020-05-27 07:30:01,271][kfold_wrapper.log_eval_metrics] Accuracy(layer_1 - estimator_1 - 12_folds.train_0.predict)=42.86%
[ 2020-05-27 07:30:01,613][kfold_wrapper.log_eval_metrics] Accuracy(layer_1 - estimator_1 - 12_folds.train_1.predict)=31.32%
[ 2020-05-27 07:30:01,959][kfold_wrapper.log_eval_metrics] Accuracy(layer_1 - estimator_1 - 12_folds.train_2.predict)=32.42%
[ 2020-05-27 07:30:02,309][kfold_wrapper.log_eval_metrics] Accuracy(layer_1 - estimator_1 - 12_folds.train_3.predict)=40.11%
[ 2020-05-27 07:30:02,668][kfold_wrapper.log_eval_metrics] Accuracy(layer_1 - estimator_1 - 12_folds.train_4.predict)=37.36%
[ 2020-05-27 07:30:03,022][kfold_wrapper.log_eval_metrics] Accuracy(layer_1 - estimator_1 - 12_folds.train_5.predict)=38.46%
[ 2020-05-27 07:30:03,370][kfold_wrapper.log_eval_metrics] Accuracy(layer_1 - estimator_1 - 12_folds.train_6.predict)=35.71%
[ 2020-05-27 07:30:03,718][kfold_wrapper.log_eval_metrics] Accuracy(layer_1 - estimator_1 - 12_folds.train_7.predict)=34.07%
[ 2020-05-27 07:30:04,067][kfold_wrapper.log_eval_metrics] Accuracy(layer_1 - estimator_1 - 12_folds.train_8.predict)=34.62%
[ 2020-05-27 07:30:04,425][kfold_wrapper.log_eval_metrics] Accuracy(layer_1 - estimator_1 - 12_folds.train_9.predict)=42.86%
[ 2020-05-27 07:30:04,783][kfold_wrapper.log_eval_metrics] Accuracy(layer_1 - estimator_1 - 12_folds.train_10.predict)=41.76%
[ 2020-05-27 07:30:05,142][kfold_wrapper.log_eval_metrics] Accuracy(layer_1 - estimator_1 - 12_folds.train_11.predict)=38.46%
[ 2020-05-27 07:30:05,251][kfold_wrapper.log_eval_metrics] Accuracy(layer_1 - estimator_1 - 12_folds.train_cv.predict)=37.50%
[ 2020-05-27 07:30:05,254][kfold_wrapper.log_eval_metrics] Accuracy(layer_1 - estimator_1 - 12_folds.test.predict)=30.04%
[ 2020-05-27 07:30:05,503][kfold_wrapper.log_eval_metrics] Accuracy(layer_1 - estimator_2 - 12_folds.train_0.predict)=35.16%
[ 2020-05-27 07:30:05,843][kfold_wrapper.log_eval_metrics] Accuracy(layer_1 - estimator_2 - 12_folds.train_1.predict)=39.56%
[ 2020-05-27 07:30:06,180][kfold_wrapper.log_eval_metrics] Accuracy(layer_1 - estimator_2 - 12_folds.train_2.predict)=40.66%
[ 2020-05-27 07:30:06,539][kfold_wrapper.log_eval_metrics] Accuracy(layer_1 - estimator_2 - 12_folds.train_3.predict)=39.01%
[ 2020-05-27 07:30:06,882][kfold_wrapper.log_eval_metrics] Accuracy(layer_1 - estimator_2 - 12_folds.train_4.predict)=31.87%
[ 2020-05-27 07:30:07,236][kfold_wrapper.log_eval_metrics] Accuracy(layer_1 - estimator_2 - 12_folds.train_5.predict)=39.01%
[ 2020-05-27 07:30:07,592][kfold_wrapper.log_eval_metrics] Accuracy(layer_1 - estimator_2 - 12_folds.train_6.predict)=37.36%
[ 2020-05-27 07:30:07,941][kfold_wrapper.log_eval_metrics] Accuracy(layer_1 - estimator_2 - 12_folds.train_7.predict)=40.11%
[ 2020-05-27 07:30:08,294][kfold_wrapper.log_eval_metrics] Accuracy(layer_1 - estimator_2 - 12_folds.train_8.predict)=37.91%
[ 2020-05-27 07:30:08,652][kfold_wrapper.log_eval_metrics] Accuracy(layer_1 - estimator_2 - 12_folds.train_9.predict)=42.31%
[ 2020-05-27 07:30:08,995][kfold_wrapper.log_eval_metrics] Accuracy(layer_1 - estimator_2 - 12_folds.train_10.predict)=40.66%
[ 2020-05-27 07:30:09,342][kfold_wrapper.log_eval_metrics] Accuracy(layer_1 - estimator_2 - 12_folds.train_11.predict)=34.07%
[ 2020-05-27 07:30:09,453][kfold_wrapper.log_eval_metrics] Accuracy(layer_1 - estimator_2 - 12_folds.train_cv.predict)=38.14%
[ 2020-05-27 07:30:09,456][kfold_wrapper.log_eval_metrics] Accuracy(layer_1 - estimator_2 - 12_folds.test.predict)=35.80%
[ 2020-05-27 07:30:09,570][kfold_wrapper.log_eval_metrics] Accuracy(layer_1 - estimator_3 - 12_folds.train_0.predict)=40.66%
[ 2020-05-27 07:30:09,640][kfold_wrapper.log_eval_metrics] Accuracy(layer_1 - estimator_3 - 12_folds.train_1.predict)=40.66%
[ 2020-05-27 07:30:09,709][kfold_wrapper.log_eval_metrics] Accuracy(layer_1 - estimator_3 - 12_folds.train_2.predict)=30.77%
[ 2020-05-27 07:30:09,778][kfold_wrapper.log_eval_metrics] Accuracy(layer_1 - estimator_3 - 12_folds.train_3.predict)=34.07%
[ 2020-05-27 07:30:09,846][kfold_wrapper.log_eval_metrics] Accuracy(layer_1 - estimator_3 - 12_folds.train_4.predict)=41.76%
[ 2020-05-27 07:30:09,911][kfold_wrapper.log_eval_metrics] Accuracy(layer_1 - estimator_3 - 12_folds.train_5.predict)=41.76%
[ 2020-05-27 07:30:09,978][kfold_wrapper.log_eval_metrics] Accuracy(layer_1 - estimator_3 - 12_folds.train_6.predict)=39.01%
[ 2020-05-27 07:30:10,046][kfold_wrapper.log_eval_metrics] Accuracy(layer_1 - estimator_3 - 12_folds.train_7.predict)=39.56%
[ 2020-05-27 07:30:10,114][kfold_wrapper.log_eval_metrics] Accuracy(layer_1 - estimator_3 - 12_folds.train_8.predict)=32.97%
[ 2020-05-27 07:30:10,181][kfold_wrapper.log_eval_metrics] Accuracy(layer_1 - estimator_3 - 12_folds.train_9.predict)=32.42%
[ 2020-05-27 07:30:10,249][kfold_wrapper.log_eval_metrics] Accuracy(layer_1 - estimator_3 - 12_folds.train_10.predict)=44.51%
[ 2020-05-27 07:30:10,318][kfold_wrapper.log_eval_metrics] Accuracy(layer_1 - estimator_3 - 12_folds.train_11.predict)=37.36%
[ 2020-05-27 07:30:10,319][kfold_wrapper.log_eval_metrics] Accuracy(layer_1 - estimator_3 - 12_folds.train_cv.predict)=37.96%
[ 2020-05-27 07:30:10,319][kfold_wrapper.log_eval_metrics] Accuracy(layer_1 - estimator_3 - 12_folds.test.predict)=44.86%
[ 2020-05-27 07:30:10,320][cascade_classifier.calc_accuracy] Accuracy(layer_1 - train.classifier_average)=38.83%
[ 2020-05-27 07:30:10,321][cascade_classifier.calc_accuracy] Accuracy(layer_1 - test.classifier_average)=38.27%
[ 2020-05-27 07:30:10,322][cascade_classifier.fit_transform] [layer=2] look_indexs=[0], X_cur_train.shape=(2184, 17), X_cur_test.shape=(243, 17)
[ 2020-05-27 07:30:10,358][kfold_wrapper.log_eval_metrics] Accuracy(layer_2 - estimator_0 - 5_folds.train_0.predict)=39.36%
[ 2020-05-27 07:30:10,393][kfold_wrapper.log_eval_metrics] Accuracy(layer_2 - estimator_0 - 5_folds.train_1.predict)=37.99%
[ 2020-05-27 07:30:10,429][kfold_wrapper.log_eval_metrics] Accuracy(layer_2 - estimator_0 - 5_folds.train_2.predict)=36.84%
[ 2020-05-27 07:30:10,464][kfold_wrapper.log_eval_metrics] Accuracy(layer_2 - estimator_0 - 5_folds.train_3.predict)=37.76%
[ 2020-05-27 07:30:10,498][kfold_wrapper.log_eval_metrics] Accuracy(layer_2 - estimator_0 - 5_folds.train_4.predict)=39.91%
[ 2020-05-27 07:30:10,501][kfold_wrapper.log_eval_metrics] Accuracy(layer_2 - estimator_0 - 5_folds.train_cv.predict)=38.37%
[ 2020-05-27 07:30:10,502][kfold_wrapper.log_eval_metrics] Accuracy(layer_2 - estimator_0 - 5_folds.test.predict)=40.33%
[ 2020-05-27 07:30:10,721][kfold_wrapper.log_eval_metrics] Accuracy(layer_2 - estimator_1 - 12_folds.train_0.predict)=41.76%
[ 2020-05-27 07:30:11,072][kfold_wrapper.log_eval_metrics] Accuracy(layer_2 - estimator_1 - 12_folds.train_1.predict)=36.81%
[ 2020-05-27 07:30:11,415][kfold_wrapper.log_eval_metrics] Accuracy(layer_2 - estimator_1 - 12_folds.train_2.predict)=36.81%
[ 2020-05-27 07:30:11,766][kfold_wrapper.log_eval_metrics] Accuracy(layer_2 - estimator_1 - 12_folds.train_3.predict)=36.81%
[ 2020-05-27 07:30:12,119][kfold_wrapper.log_eval_metrics] Accuracy(layer_2 - estimator_1 - 12_folds.train_4.predict)=36.81%
[ 2020-05-27 07:30:12,459][kfold_wrapper.log_eval_metrics] Accuracy(layer_2 - estimator_1 - 12_folds.train_5.predict)=35.71%
[ 2020-05-27 07:30:12,821][kfold_wrapper.log_eval_metrics] Accuracy(layer_2 - estimator_1 - 12_folds.train_6.predict)=38.46%
[ 2020-05-27 07:30:13,180][kfold_wrapper.log_eval_metrics] Accuracy(layer_2 - estimator_1 - 12_folds.train_7.predict)=41.76%
[ 2020-05-27 07:30:13,530][kfold_wrapper.log_eval_metrics] Accuracy(layer_2 - estimator_1 - 12_folds.train_8.predict)=35.71%
[ 2020-05-27 07:30:13,871][kfold_wrapper.log_eval_metrics] Accuracy(layer_2 - estimator_1 - 12_folds.train_9.predict)=40.66%
[ 2020-05-27 07:30:14,225][kfold_wrapper.log_eval_metrics] Accuracy(layer_2 - estimator_1 - 12_folds.train_10.predict)=36.81%
[ 2020-05-27 07:30:14,580][kfold_wrapper.log_eval_metrics] Accuracy(layer_2 - estimator_1 - 12_folds.train_11.predict)=32.42%
[ 2020-05-27 07:30:14,699][kfold_wrapper.log_eval_metrics] Accuracy(layer_2 - estimator_1 - 12_folds.train_cv.predict)=37.55%
[ 2020-05-27 07:30:14,702][kfold_wrapper.log_eval_metrics] Accuracy(layer_2 - estimator_1 - 12_folds.test.predict)=31.28%
[ 2020-05-27 07:30:14,949][kfold_wrapper.log_eval_metrics] Accuracy(layer_2 - estimator_2 - 12_folds.train_0.predict)=36.26%
[ 2020-05-27 07:30:15,288][kfold_wrapper.log_eval_metrics] Accuracy(layer_2 - estimator_2 - 12_folds.train_1.predict)=37.36%
[ 2020-05-27 07:30:15,645][kfold_wrapper.log_eval_metrics] Accuracy(layer_2 - estimator_2 - 12_folds.train_2.predict)=43.96%
[ 2020-05-27 07:30:16,004][kfold_wrapper.log_eval_metrics] Accuracy(layer_2 - estimator_2 - 12_folds.train_3.predict)=31.87%
[ 2020-05-27 07:30:16,340][kfold_wrapper.log_eval_metrics] Accuracy(layer_2 - estimator_2 - 12_folds.train_4.predict)=45.05%
[ 2020-05-27 07:30:16,696][kfold_wrapper.log_eval_metrics] Accuracy(layer_2 - estimator_2 - 12_folds.train_5.predict)=38.46%
[ 2020-05-27 07:30:17,049][kfold_wrapper.log_eval_metrics] Accuracy(layer_2 - estimator_2 - 12_folds.train_6.predict)=35.16%
[ 2020-05-27 07:30:17,389][kfold_wrapper.log_eval_metrics] Accuracy(layer_2 - estimator_2 - 12_folds.train_7.predict)=33.52%
[ 2020-05-27 07:30:17,734][kfold_wrapper.log_eval_metrics] Accuracy(layer_2 - estimator_2 - 12_folds.train_8.predict)=36.26%
[ 2020-05-27 07:30:18,095][kfold_wrapper.log_eval_metrics] Accuracy(layer_2 - estimator_2 - 12_folds.train_9.predict)=40.11%
[ 2020-05-27 07:30:18,425][kfold_wrapper.log_eval_metrics] Accuracy(layer_2 - estimator_2 - 12_folds.train_10.predict)=35.71%
[ 2020-05-27 07:30:18,783][kfold_wrapper.log_eval_metrics] Accuracy(layer_2 - estimator_2 - 12_folds.train_11.predict)=41.21%
[ 2020-05-27 07:30:18,901][kfold_wrapper.log_eval_metrics] Accuracy(layer_2 - estimator_2 - 12_folds.train_cv.predict)=37.91%
[ 2020-05-27 07:30:18,903][kfold_wrapper.log_eval_metrics] Accuracy(layer_2 - estimator_2 - 12_folds.test.predict)=37.04%
[ 2020-05-27 07:30:19,002][kfold_wrapper.log_eval_metrics] Accuracy(layer_2 - estimator_3 - 12_folds.train_0.predict)=37.36%
[ 2020-05-27 07:30:19,076][kfold_wrapper.log_eval_metrics] Accuracy(layer_2 - estimator_3 - 12_folds.train_1.predict)=39.56%
[ 2020-05-27 07:30:19,152][kfold_wrapper.log_eval_metrics] Accuracy(layer_2 - estimator_3 - 12_folds.train_2.predict)=38.46%
[ 2020-05-27 07:30:19,226][kfold_wrapper.log_eval_metrics] Accuracy(layer_2 - estimator_3 - 12_folds.train_3.predict)=37.91%
[ 2020-05-27 07:30:19,304][kfold_wrapper.log_eval_metrics] Accuracy(layer_2 - estimator_3 - 12_folds.train_4.predict)=41.76%
[ 2020-05-27 07:30:19,381][kfold_wrapper.log_eval_metrics] Accuracy(layer_2 - estimator_3 - 12_folds.train_5.predict)=40.11%
[ 2020-05-27 07:30:19,456][kfold_wrapper.log_eval_metrics] Accuracy(layer_2 - estimator_3 - 12_folds.train_6.predict)=39.01%
[ 2020-05-27 07:30:19,530][kfold_wrapper.log_eval_metrics] Accuracy(layer_2 - estimator_3 - 12_folds.train_7.predict)=43.41%
[ 2020-05-27 07:30:19,605][kfold_wrapper.log_eval_metrics] Accuracy(layer_2 - estimator_3 - 12_folds.train_8.predict)=39.56%
[ 2020-05-27 07:30:19,681][kfold_wrapper.log_eval_metrics] Accuracy(layer_2 - estimator_3 - 12_folds.train_9.predict)=42.86%
[ 2020-05-27 07:30:19,755][kfold_wrapper.log_eval_metrics] Accuracy(layer_2 - estimator_3 - 12_folds.train_10.predict)=41.21%
[ 2020-05-27 07:30:19,831][kfold_wrapper.log_eval_metrics] Accuracy(layer_2 - estimator_3 - 12_folds.train_11.predict)=39.01%
[ 2020-05-27 07:30:19,832][kfold_wrapper.log_eval_metrics] Accuracy(layer_2 - estimator_3 - 12_folds.train_cv.predict)=40.02%
[ 2020-05-27 07:30:19,832][kfold_wrapper.log_eval_metrics] Accuracy(layer_2 - estimator_3 - 12_folds.test.predict)=42.80%
[ 2020-05-27 07:30:19,834][cascade_classifier.calc_accuracy] Accuracy(layer_2 - train.classifier_average)=38.92%
[ 2020-05-27 07:30:19,834][cascade_classifier.calc_accuracy] Accuracy(layer_2 - test.classifier_average)=35.80%
[ 2020-05-27 07:30:19,835][cascade_classifier.fit_transform] [layer=3] look_indexs=[0], X_cur_train.shape=(2184, 17), X_cur_test.shape=(243, 17)
[ 2020-05-27 07:30:19,872][kfold_wrapper.log_eval_metrics] Accuracy(layer_3 - estimator_0 - 5_folds.train_0.predict)=34.32%
[ 2020-05-27 07:30:19,911][kfold_wrapper.log_eval_metrics] Accuracy(layer_3 - estimator_0 - 5_folds.train_1.predict)=37.53%
[ 2020-05-27 07:30:19,950][kfold_wrapper.log_eval_metrics] Accuracy(layer_3 - estimator_0 - 5_folds.train_2.predict)=38.44%
[ 2020-05-27 07:30:19,989][kfold_wrapper.log_eval_metrics] Accuracy(layer_3 - estimator_0 - 5_folds.train_3.predict)=42.79%
[ 2020-05-27 07:30:20,029][kfold_wrapper.log_eval_metrics] Accuracy(layer_3 - estimator_0 - 5_folds.train_4.predict)=36.93%
[ 2020-05-27 07:30:20,031][kfold_wrapper.log_eval_metrics] Accuracy(layer_3 - estimator_0 - 5_folds.train_cv.predict)=38.00%
[ 2020-05-27 07:30:20,033][kfold_wrapper.log_eval_metrics] Accuracy(layer_3 - estimator_0 - 5_folds.test.predict)=35.39%
[ 2020-05-27 07:30:20,253][kfold_wrapper.log_eval_metrics] Accuracy(layer_3 - estimator_1 - 12_folds.train_0.predict)=31.32%
[ 2020-05-27 07:30:20,614][kfold_wrapper.log_eval_metrics] Accuracy(layer_3 - estimator_1 - 12_folds.train_1.predict)=35.71%
[ 2020-05-27 07:30:20,976][kfold_wrapper.log_eval_metrics] Accuracy(layer_3 - estimator_1 - 12_folds.train_2.predict)=33.52%
[ 2020-05-27 07:30:21,328][kfold_wrapper.log_eval_metrics] Accuracy(layer_3 - estimator_1 - 12_folds.train_3.predict)=40.11%
[ 2020-05-27 07:30:21,682][kfold_wrapper.log_eval_metrics] Accuracy(layer_3 - estimator_1 - 12_folds.train_4.predict)=36.81%
[ 2020-05-27 07:30:22,025][kfold_wrapper.log_eval_metrics] Accuracy(layer_3 - estimator_1 - 12_folds.train_5.predict)=34.07%
[ 2020-05-27 07:30:22,369][kfold_wrapper.log_eval_metrics] Accuracy(layer_3 - estimator_1 - 12_folds.train_6.predict)=39.56%
[ 2020-05-27 07:30:22,726][kfold_wrapper.log_eval_metrics] Accuracy(layer_3 - estimator_1 - 12_folds.train_7.predict)=36.26%
[ 2020-05-27 07:30:23,083][kfold_wrapper.log_eval_metrics] Accuracy(layer_3 - estimator_1 - 12_folds.train_8.predict)=39.01%
[ 2020-05-27 07:30:23,434][kfold_wrapper.log_eval_metrics] Accuracy(layer_3 - estimator_1 - 12_folds.train_9.predict)=34.07%
[ 2020-05-27 07:30:23,791][kfold_wrapper.log_eval_metrics] Accuracy(layer_3 - estimator_1 - 12_folds.train_10.predict)=30.77%
[ 2020-05-27 07:30:24,135][kfold_wrapper.log_eval_metrics] Accuracy(layer_3 - estimator_1 - 12_folds.train_11.predict)=42.31%
[ 2020-05-27 07:30:24,248][kfold_wrapper.log_eval_metrics] Accuracy(layer_3 - estimator_1 - 12_folds.train_cv.predict)=36.13%
[ 2020-05-27 07:30:24,250][kfold_wrapper.log_eval_metrics] Accuracy(layer_3 - estimator_1 - 12_folds.test.predict)=38.27%
[ 2020-05-27 07:30:24,490][kfold_wrapper.log_eval_metrics] Accuracy(layer_3 - estimator_2 - 12_folds.train_0.predict)=37.91%
[ 2020-05-27 07:30:24,845][kfold_wrapper.log_eval_metrics] Accuracy(layer_3 - estimator_2 - 12_folds.train_1.predict)=35.71%
[ 2020-05-27 07:30:25,200][kfold_wrapper.log_eval_metrics] Accuracy(layer_3 - estimator_2 - 12_folds.train_2.predict)=40.66%
[ 2020-05-27 07:30:25,550][kfold_wrapper.log_eval_metrics] Accuracy(layer_3 - estimator_2 - 12_folds.train_3.predict)=30.22%
[ 2020-05-27 07:30:25,889][kfold_wrapper.log_eval_metrics] Accuracy(layer_3 - estimator_2 - 12_folds.train_4.predict)=36.81%
[ 2020-05-27 07:30:26,240][kfold_wrapper.log_eval_metrics] Accuracy(layer_3 - estimator_2 - 12_folds.train_5.predict)=43.41%
[ 2020-05-27 07:30:26,588][kfold_wrapper.log_eval_metrics] Accuracy(layer_3 - estimator_2 - 12_folds.train_6.predict)=30.22%
[ 2020-05-27 07:30:26,940][kfold_wrapper.log_eval_metrics] Accuracy(layer_3 - estimator_2 - 12_folds.train_7.predict)=39.01%
[ 2020-05-27 07:30:27,288][kfold_wrapper.log_eval_metrics] Accuracy(layer_3 - estimator_2 - 12_folds.train_8.predict)=36.81%
[ 2020-05-27 07:30:27,645][kfold_wrapper.log_eval_metrics] Accuracy(layer_3 - estimator_2 - 12_folds.train_9.predict)=38.46%
[ 2020-05-27 07:30:27,999][kfold_wrapper.log_eval_metrics] Accuracy(layer_3 - estimator_2 - 12_folds.train_10.predict)=35.71%
[ 2020-05-27 07:30:28,355][kfold_wrapper.log_eval_metrics] Accuracy(layer_3 - estimator_2 - 12_folds.train_11.predict)=34.07%
[ 2020-05-27 07:30:28,474][kfold_wrapper.log_eval_metrics] Accuracy(layer_3 - estimator_2 - 12_folds.train_cv.predict)=36.58%
[ 2020-05-27 07:30:28,477][kfold_wrapper.log_eval_metrics] Accuracy(layer_3 - estimator_2 - 12_folds.test.predict)=40.33%
[ 2020-05-27 07:30:28,601][kfold_wrapper.log_eval_metrics] Accuracy(layer_3 - estimator_3 - 12_folds.train_0.predict)=42.31%
[ 2020-05-27 07:30:28,683][kfold_wrapper.log_eval_metrics] Accuracy(layer_3 - estimator_3 - 12_folds.train_1.predict)=45.05%
[ 2020-05-27 07:30:28,767][kfold_wrapper.log_eval_metrics] Accuracy(layer_3 - estimator_3 - 12_folds.train_2.predict)=38.46%
[ 2020-05-27 07:30:28,852][kfold_wrapper.log_eval_metrics] Accuracy(layer_3 - estimator_3 - 12_folds.train_3.predict)=43.41%
[ 2020-05-27 07:30:28,933][kfold_wrapper.log_eval_metrics] Accuracy(layer_3 - estimator_3 - 12_folds.train_4.predict)=39.56%
[ 2020-05-27 07:30:29,013][kfold_wrapper.log_eval_metrics] Accuracy(layer_3 - estimator_3 - 12_folds.train_5.predict)=39.01%
[ 2020-05-27 07:30:29,092][kfold_wrapper.log_eval_metrics] Accuracy(layer_3 - estimator_3 - 12_folds.train_6.predict)=34.62%
[ 2020-05-27 07:30:29,172][kfold_wrapper.log_eval_metrics] Accuracy(layer_3 - estimator_3 - 12_folds.train_7.predict)=37.91%
[ 2020-05-27 07:30:29,253][kfold_wrapper.log_eval_metrics] Accuracy(layer_3 - estimator_3 - 12_folds.train_8.predict)=43.96%
[ 2020-05-27 07:30:29,330][kfold_wrapper.log_eval_metrics] Accuracy(layer_3 - estimator_3 - 12_folds.train_9.predict)=41.21%
[ 2020-05-27 07:30:29,411][kfold_wrapper.log_eval_metrics] Accuracy(layer_3 - estimator_3 - 12_folds.train_10.predict)=36.81%
[ 2020-05-27 07:30:29,492][kfold_wrapper.log_eval_metrics] Accuracy(layer_3 - estimator_3 - 12_folds.train_11.predict)=40.66%
[ 2020-05-27 07:30:29,493][kfold_wrapper.log_eval_metrics] Accuracy(layer_3 - estimator_3 - 12_folds.train_cv.predict)=40.25%
[ 2020-05-27 07:30:29,494][kfold_wrapper.log_eval_metrics] Accuracy(layer_3 - estimator_3 - 12_folds.test.predict)=42.80%
[ 2020-05-27 07:30:29,495][cascade_classifier.calc_accuracy] Accuracy(layer_3 - train.classifier_average)=38.10%
[ 2020-05-27 07:30:29,496][cascade_classifier.calc_accuracy] Accuracy(layer_3 - test.classifier_average)=41.56%
[ 2020-05-27 07:30:29,497][cascade_classifier.fit_transform] [layer=4] look_indexs=[0], X_cur_train.shape=(2184, 17), X_cur_test.shape=(243, 17)
[ 2020-05-27 07:30:29,532][kfold_wrapper.log_eval_metrics] Accuracy(layer_4 - estimator_0 - 5_folds.train_0.predict)=37.76%
[ 2020-05-27 07:30:29,567][kfold_wrapper.log_eval_metrics] Accuracy(layer_4 - estimator_0 - 5_folds.train_1.predict)=37.07%
[ 2020-05-27 07:30:29,602][kfold_wrapper.log_eval_metrics] Accuracy(layer_4 - estimator_0 - 5_folds.train_2.predict)=37.53%
[ 2020-05-27 07:30:29,638][kfold_wrapper.log_eval_metrics] Accuracy(layer_4 - estimator_0 - 5_folds.train_3.predict)=35.70%
[ 2020-05-27 07:30:29,673][kfold_wrapper.log_eval_metrics] Accuracy(layer_4 - estimator_0 - 5_folds.train_4.predict)=36.93%
[ 2020-05-27 07:30:29,676][kfold_wrapper.log_eval_metrics] Accuracy(layer_4 - estimator_0 - 5_folds.train_cv.predict)=37.00%
[ 2020-05-27 07:30:29,678][kfold_wrapper.log_eval_metrics] Accuracy(layer_4 - estimator_0 - 5_folds.test.predict)=39.51%
[ 2020-05-27 07:30:29,899][kfold_wrapper.log_eval_metrics] Accuracy(layer_4 - estimator_1 - 12_folds.train_0.predict)=35.16%
[ 2020-05-27 07:30:30,250][kfold_wrapper.log_eval_metrics] Accuracy(layer_4 - estimator_1 - 12_folds.train_1.predict)=36.26%
[ 2020-05-27 07:30:30,592][kfold_wrapper.log_eval_metrics] Accuracy(layer_4 - estimator_1 - 12_folds.train_2.predict)=30.77%
[ 2020-05-27 07:30:30,948][kfold_wrapper.log_eval_metrics] Accuracy(layer_4 - estimator_1 - 12_folds.train_3.predict)=34.62%
[ 2020-05-27 07:30:31,306][kfold_wrapper.log_eval_metrics] Accuracy(layer_4 - estimator_1 - 12_folds.train_4.predict)=35.71%
[ 2020-05-27 07:30:31,665][kfold_wrapper.log_eval_metrics] Accuracy(layer_4 - estimator_1 - 12_folds.train_5.predict)=31.32%
[ 2020-05-27 07:30:32,024][kfold_wrapper.log_eval_metrics] Accuracy(layer_4 - estimator_1 - 12_folds.train_6.predict)=37.91%
[ 2020-05-27 07:30:32,381][kfold_wrapper.log_eval_metrics] Accuracy(layer_4 - estimator_1 - 12_folds.train_7.predict)=39.01%
[ 2020-05-27 07:30:32,728][kfold_wrapper.log_eval_metrics] Accuracy(layer_4 - estimator_1 - 12_folds.train_8.predict)=36.81%
[ 2020-05-27 07:30:33,082][kfold_wrapper.log_eval_metrics] Accuracy(layer_4 - estimator_1 - 12_folds.train_9.predict)=37.36%
[ 2020-05-27 07:30:33,436][kfold_wrapper.log_eval_metrics] Accuracy(layer_4 - estimator_1 - 12_folds.train_10.predict)=34.07%
[ 2020-05-27 07:30:33,795][kfold_wrapper.log_eval_metrics] Accuracy(layer_4 - estimator_1 - 12_folds.train_11.predict)=36.81%
[ 2020-05-27 07:30:33,914][kfold_wrapper.log_eval_metrics] Accuracy(layer_4 - estimator_1 - 12_folds.train_cv.predict)=35.49%
[ 2020-05-27 07:30:33,917][kfold_wrapper.log_eval_metrics] Accuracy(layer_4 - estimator_1 - 12_folds.test.predict)=37.86%
[ 2020-05-27 07:30:34,160][kfold_wrapper.log_eval_metrics] Accuracy(layer_4 - estimator_2 - 12_folds.train_0.predict)=40.11%
[ 2020-05-27 07:30:34,511][kfold_wrapper.log_eval_metrics] Accuracy(layer_4 - estimator_2 - 12_folds.train_1.predict)=39.56%
[ 2020-05-27 07:30:34,848][kfold_wrapper.log_eval_metrics] Accuracy(layer_4 - estimator_2 - 12_folds.train_2.predict)=35.71%
[ 2020-05-27 07:30:35,199][kfold_wrapper.log_eval_metrics] Accuracy(layer_4 - estimator_2 - 12_folds.train_3.predict)=33.52%
[ 2020-05-27 07:30:35,545][kfold_wrapper.log_eval_metrics] Accuracy(layer_4 - estimator_2 - 12_folds.train_4.predict)=31.32%
[ 2020-05-27 07:30:35,900][kfold_wrapper.log_eval_metrics] Accuracy(layer_4 - estimator_2 - 12_folds.train_5.predict)=41.76%
[ 2020-05-27 07:30:36,258][kfold_wrapper.log_eval_metrics] Accuracy(layer_4 - estimator_2 - 12_folds.train_6.predict)=32.42%
[ 2020-05-27 07:30:36,606][kfold_wrapper.log_eval_metrics] Accuracy(layer_4 - estimator_2 - 12_folds.train_7.predict)=35.71%
[ 2020-05-27 07:30:36,956][kfold_wrapper.log_eval_metrics] Accuracy(layer_4 - estimator_2 - 12_folds.train_8.predict)=33.52%
[ 2020-05-27 07:30:37,320][kfold_wrapper.log_eval_metrics] Accuracy(layer_4 - estimator_2 - 12_folds.train_9.predict)=39.56%
[ 2020-05-27 07:30:37,682][kfold_wrapper.log_eval_metrics] Accuracy(layer_4 - estimator_2 - 12_folds.train_10.predict)=39.56%
[ 2020-05-27 07:30:38,038][kfold_wrapper.log_eval_metrics] Accuracy(layer_4 - estimator_2 - 12_folds.train_11.predict)=29.12%
[ 2020-05-27 07:30:38,149][kfold_wrapper.log_eval_metrics] Accuracy(layer_4 - estimator_2 - 12_folds.train_cv.predict)=35.99%
[ 2020-05-27 07:30:38,151][kfold_wrapper.log_eval_metrics] Accuracy(layer_4 - estimator_2 - 12_folds.test.predict)=35.39%
[ 2020-05-27 07:30:38,267][kfold_wrapper.log_eval_metrics] Accuracy(layer_4 - estimator_3 - 12_folds.train_0.predict)=42.31%
[ 2020-05-27 07:30:38,354][kfold_wrapper.log_eval_metrics] Accuracy(layer_4 - estimator_3 - 12_folds.train_1.predict)=38.46%
[ 2020-05-27 07:30:38,442][kfold_wrapper.log_eval_metrics] Accuracy(layer_4 - estimator_3 - 12_folds.train_2.predict)=37.36%
[ 2020-05-27 07:30:38,530][kfold_wrapper.log_eval_metrics] Accuracy(layer_4 - estimator_3 - 12_folds.train_3.predict)=35.16%
[ 2020-05-27 07:30:38,617][kfold_wrapper.log_eval_metrics] Accuracy(layer_4 - estimator_3 - 12_folds.train_4.predict)=37.91%
[ 2020-05-27 07:30:38,704][kfold_wrapper.log_eval_metrics] Accuracy(layer_4 - estimator_3 - 12_folds.train_5.predict)=39.56%
[ 2020-05-27 07:30:38,793][kfold_wrapper.log_eval_metrics] Accuracy(layer_4 - estimator_3 - 12_folds.train_6.predict)=40.11%
[ 2020-05-27 07:30:38,880][kfold_wrapper.log_eval_metrics] Accuracy(layer_4 - estimator_3 - 12_folds.train_7.predict)=37.36%
[ 2020-05-27 07:30:38,970][kfold_wrapper.log_eval_metrics] Accuracy(layer_4 - estimator_3 - 12_folds.train_8.predict)=35.71%
[ 2020-05-27 07:30:39,057][kfold_wrapper.log_eval_metrics] Accuracy(layer_4 - estimator_3 - 12_folds.train_9.predict)=37.91%
[ 2020-05-27 07:30:39,145][kfold_wrapper.log_eval_metrics] Accuracy(layer_4 - estimator_3 - 12_folds.train_10.predict)=35.71%
[ 2020-05-27 07:30:39,229][kfold_wrapper.log_eval_metrics] Accuracy(layer_4 - estimator_3 - 12_folds.train_11.predict)=46.70%
[ 2020-05-27 07:30:39,230][kfold_wrapper.log_eval_metrics] Accuracy(layer_4 - estimator_3 - 12_folds.train_cv.predict)=38.69%
[ 2020-05-27 07:30:39,231][kfold_wrapper.log_eval_metrics] Accuracy(layer_4 - estimator_3 - 12_folds.test.predict)=44.86%
[ 2020-05-27 07:30:39,232][cascade_classifier.calc_accuracy] Accuracy(layer_4 - train.classifier_average)=37.55%
[ 2020-05-27 07:30:39,233][cascade_classifier.calc_accuracy] Accuracy(layer_4 - test.classifier_average)=39.92%
[ 2020-05-27 07:30:39,234][cascade_classifier.fit_transform] [layer=5] look_indexs=[0], X_cur_train.shape=(2184, 17), X_cur_test.shape=(243, 17)
[ 2020-05-27 07:30:39,270][kfold_wrapper.log_eval_metrics] Accuracy(layer_5 - estimator_0 - 5_folds.train_0.predict)=38.67%
[ 2020-05-27 07:30:39,306][kfold_wrapper.log_eval_metrics] Accuracy(layer_5 - estimator_0 - 5_folds.train_1.predict)=36.38%
[ 2020-05-27 07:30:39,341][kfold_wrapper.log_eval_metrics] Accuracy(layer_5 - estimator_0 - 5_folds.train_2.predict)=37.53%
[ 2020-05-27 07:30:39,375][kfold_wrapper.log_eval_metrics] Accuracy(layer_5 - estimator_0 - 5_folds.train_3.predict)=40.27%
[ 2020-05-27 07:30:39,411][kfold_wrapper.log_eval_metrics] Accuracy(layer_5 - estimator_0 - 5_folds.train_4.predict)=30.96%
[ 2020-05-27 07:30:39,414][kfold_wrapper.log_eval_metrics] Accuracy(layer_5 - estimator_0 - 5_folds.train_cv.predict)=36.77%
[ 2020-05-27 07:30:39,415][kfold_wrapper.log_eval_metrics] Accuracy(layer_5 - estimator_0 - 5_folds.test.predict)=44.86%
[ 2020-05-27 07:30:39,636][kfold_wrapper.log_eval_metrics] Accuracy(layer_5 - estimator_1 - 12_folds.train_0.predict)=37.36%
[ 2020-05-27 07:30:39,982][kfold_wrapper.log_eval_metrics] Accuracy(layer_5 - estimator_1 - 12_folds.train_1.predict)=28.57%
[ 2020-05-27 07:30:40,327][kfold_wrapper.log_eval_metrics] Accuracy(layer_5 - estimator_1 - 12_folds.train_2.predict)=36.81%
[ 2020-05-27 07:30:40,670][kfold_wrapper.log_eval_metrics] Accuracy(layer_5 - estimator_1 - 12_folds.train_3.predict)=30.77%
[ 2020-05-27 07:30:41,020][kfold_wrapper.log_eval_metrics] Accuracy(layer_5 - estimator_1 - 12_folds.train_4.predict)=37.36%
[ 2020-05-27 07:30:41,357][kfold_wrapper.log_eval_metrics] Accuracy(layer_5 - estimator_1 - 12_folds.train_5.predict)=40.11%
[ 2020-05-27 07:30:41,716][kfold_wrapper.log_eval_metrics] Accuracy(layer_5 - estimator_1 - 12_folds.train_6.predict)=39.56%
[ 2020-05-27 07:30:42,073][kfold_wrapper.log_eval_metrics] Accuracy(layer_5 - estimator_1 - 12_folds.train_7.predict)=37.91%
[ 2020-05-27 07:30:42,435][kfold_wrapper.log_eval_metrics] Accuracy(layer_5 - estimator_1 - 12_folds.train_8.predict)=33.52%
[ 2020-05-27 07:30:42,794][kfold_wrapper.log_eval_metrics] Accuracy(layer_5 - estimator_1 - 12_folds.train_9.predict)=35.71%
[ 2020-05-27 07:30:43,154][kfold_wrapper.log_eval_metrics] Accuracy(layer_5 - estimator_1 - 12_folds.train_10.predict)=39.56%
[ 2020-05-27 07:30:43,502][kfold_wrapper.log_eval_metrics] Accuracy(layer_5 - estimator_1 - 12_folds.train_11.predict)=36.26%
[ 2020-05-27 07:30:43,622][kfold_wrapper.log_eval_metrics] Accuracy(layer_5 - estimator_1 - 12_folds.train_cv.predict)=36.13%
[ 2020-05-27 07:30:43,625][kfold_wrapper.log_eval_metrics] Accuracy(layer_5 - estimator_1 - 12_folds.test.predict)=33.33%
[ 2020-05-27 07:30:43,877][kfold_wrapper.log_eval_metrics] Accuracy(layer_5 - estimator_2 - 12_folds.train_0.predict)=32.42%
[ 2020-05-27 07:30:44,231][kfold_wrapper.log_eval_metrics] Accuracy(layer_5 - estimator_2 - 12_folds.train_1.predict)=32.97%
[ 2020-05-27 07:30:44,581][kfold_wrapper.log_eval_metrics] Accuracy(layer_5 - estimator_2 - 12_folds.train_2.predict)=30.77%
[ 2020-05-27 07:30:44,942][kfold_wrapper.log_eval_metrics] Accuracy(layer_5 - estimator_2 - 12_folds.train_3.predict)=38.46%
[ 2020-05-27 07:30:45,294][kfold_wrapper.log_eval_metrics] Accuracy(layer_5 - estimator_2 - 12_folds.train_4.predict)=30.22%
[ 2020-05-27 07:30:45,649][kfold_wrapper.log_eval_metrics] Accuracy(layer_5 - estimator_2 - 12_folds.train_5.predict)=30.22%
[ 2020-05-27 07:30:46,010][kfold_wrapper.log_eval_metrics] Accuracy(layer_5 - estimator_2 - 12_folds.train_6.predict)=28.57%
[ 2020-05-27 07:30:46,357][kfold_wrapper.log_eval_metrics] Accuracy(layer_5 - estimator_2 - 12_folds.train_7.predict)=36.26%
[ 2020-05-27 07:30:46,719][kfold_wrapper.log_eval_metrics] Accuracy(layer_5 - estimator_2 - 12_folds.train_8.predict)=30.77%
[ 2020-05-27 07:30:47,081][kfold_wrapper.log_eval_metrics] Accuracy(layer_5 - estimator_2 - 12_folds.train_9.predict)=40.11%
[ 2020-05-27 07:30:47,434][kfold_wrapper.log_eval_metrics] Accuracy(layer_5 - estimator_2 - 12_folds.train_10.predict)=31.87%
[ 2020-05-27 07:30:47,797][kfold_wrapper.log_eval_metrics] Accuracy(layer_5 - estimator_2 - 12_folds.train_11.predict)=39.56%
[ 2020-05-27 07:30:47,917][kfold_wrapper.log_eval_metrics] Accuracy(layer_5 - estimator_2 - 12_folds.train_cv.predict)=33.52%
[ 2020-05-27 07:30:47,920][kfold_wrapper.log_eval_metrics] Accuracy(layer_5 - estimator_2 - 12_folds.test.predict)=44.86%
[ 2020-05-27 07:30:48,058][kfold_wrapper.log_eval_metrics] Accuracy(layer_5 - estimator_3 - 12_folds.train_0.predict)=44.51%
[ 2020-05-27 07:30:48,157][kfold_wrapper.log_eval_metrics] Accuracy(layer_5 - estimator_3 - 12_folds.train_1.predict)=43.41%
[ 2020-05-27 07:30:48,256][kfold_wrapper.log_eval_metrics] Accuracy(layer_5 - estimator_3 - 12_folds.train_2.predict)=36.81%
[ 2020-05-27 07:30:48,353][kfold_wrapper.log_eval_metrics] Accuracy(layer_5 - estimator_3 - 12_folds.train_3.predict)=38.46%
[ 2020-05-27 07:30:48,453][kfold_wrapper.log_eval_metrics] Accuracy(layer_5 - estimator_3 - 12_folds.train_4.predict)=39.01%
[ 2020-05-27 07:30:48,552][kfold_wrapper.log_eval_metrics] Accuracy(layer_5 - estimator_3 - 12_folds.train_5.predict)=31.32%
[ 2020-05-27 07:30:48,649][kfold_wrapper.log_eval_metrics] Accuracy(layer_5 - estimator_3 - 12_folds.train_6.predict)=40.11%
[ 2020-05-27 07:30:48,748][kfold_wrapper.log_eval_metrics] Accuracy(layer_5 - estimator_3 - 12_folds.train_7.predict)=43.96%
[ 2020-05-27 07:30:48,847][kfold_wrapper.log_eval_metrics] Accuracy(layer_5 - estimator_3 - 12_folds.train_8.predict)=38.46%
[ 2020-05-27 07:30:48,940][kfold_wrapper.log_eval_metrics] Accuracy(layer_5 - estimator_3 - 12_folds.train_9.predict)=35.71%
[ 2020-05-27 07:30:49,033][kfold_wrapper.log_eval_metrics] Accuracy(layer_5 - estimator_3 - 12_folds.train_10.predict)=36.81%
[ 2020-05-27 07:30:49,129][kfold_wrapper.log_eval_metrics] Accuracy(layer_5 - estimator_3 - 12_folds.train_11.predict)=38.46%
[ 2020-05-27 07:30:49,131][kfold_wrapper.log_eval_metrics] Accuracy(layer_5 - estimator_3 - 12_folds.train_cv.predict)=38.92%
[ 2020-05-27 07:30:49,131][kfold_wrapper.log_eval_metrics] Accuracy(layer_5 - estimator_3 - 12_folds.test.predict)=46.50%
[ 2020-05-27 07:30:49,133][cascade_classifier.calc_accuracy] Accuracy(layer_5 - train.classifier_average)=35.62%
[ 2020-05-27 07:30:49,133][cascade_classifier.calc_accuracy] Accuracy(layer_5 - test.classifier_average)=40.33%
[ 2020-05-27 07:30:49,135][cascade_classifier.fit_transform] [layer=6] look_indexs=[0], X_cur_train.shape=(2184, 17), X_cur_test.shape=(243, 17)
[ 2020-05-27 07:30:49,171][kfold_wrapper.log_eval_metrics] Accuracy(layer_6 - estimator_0 - 5_folds.train_0.predict)=36.84%
[ 2020-05-27 07:30:49,208][kfold_wrapper.log_eval_metrics] Accuracy(layer_6 - estimator_0 - 5_folds.train_1.predict)=39.82%
[ 2020-05-27 07:30:49,243][kfold_wrapper.log_eval_metrics] Accuracy(layer_6 - estimator_0 - 5_folds.train_2.predict)=40.05%
[ 2020-05-27 07:30:49,278][kfold_wrapper.log_eval_metrics] Accuracy(layer_6 - estimator_0 - 5_folds.train_3.predict)=38.67%
[ 2020-05-27 07:30:49,313][kfold_wrapper.log_eval_metrics] Accuracy(layer_6 - estimator_0 - 5_folds.train_4.predict)=36.01%
[ 2020-05-27 07:30:49,315][kfold_wrapper.log_eval_metrics] Accuracy(layer_6 - estimator_0 - 5_folds.train_cv.predict)=38.28%
[ 2020-05-27 07:30:49,317][kfold_wrapper.log_eval_metrics] Accuracy(layer_6 - estimator_0 - 5_folds.test.predict)=37.04%
[ 2020-05-27 07:30:49,540][kfold_wrapper.log_eval_metrics] Accuracy(layer_6 - estimator_1 - 12_folds.train_0.predict)=34.62%
[ 2020-05-27 07:30:49,894][kfold_wrapper.log_eval_metrics] Accuracy(layer_6 - estimator_1 - 12_folds.train_1.predict)=34.07%
[ 2020-05-27 07:30:50,238][kfold_wrapper.log_eval_metrics] Accuracy(layer_6 - estimator_1 - 12_folds.train_2.predict)=35.71%
[ 2020-05-27 07:30:50,595][kfold_wrapper.log_eval_metrics] Accuracy(layer_6 - estimator_1 - 12_folds.train_3.predict)=29.67%
[ 2020-05-27 07:30:50,955][kfold_wrapper.log_eval_metrics] Accuracy(layer_6 - estimator_1 - 12_folds.train_4.predict)=34.07%
[ 2020-05-27 07:30:51,315][kfold_wrapper.log_eval_metrics] Accuracy(layer_6 - estimator_1 - 12_folds.train_5.predict)=36.81%
[ 2020-05-27 07:30:51,674][kfold_wrapper.log_eval_metrics] Accuracy(layer_6 - estimator_1 - 12_folds.train_6.predict)=32.97%
[ 2020-05-27 07:30:52,021][kfold_wrapper.log_eval_metrics] Accuracy(layer_6 - estimator_1 - 12_folds.train_7.predict)=30.22%
[ 2020-05-27 07:30:52,372][kfold_wrapper.log_eval_metrics] Accuracy(layer_6 - estimator_1 - 12_folds.train_8.predict)=40.11%
[ 2020-05-27 07:30:52,724][kfold_wrapper.log_eval_metrics] Accuracy(layer_6 - estimator_1 - 12_folds.train_9.predict)=39.56%
[ 2020-05-27 07:30:53,078][kfold_wrapper.log_eval_metrics] Accuracy(layer_6 - estimator_1 - 12_folds.train_10.predict)=35.71%
[ 2020-05-27 07:30:53,405][kfold_wrapper.log_eval_metrics] Accuracy(layer_6 - estimator_1 - 12_folds.train_11.predict)=40.66%
[ 2020-05-27 07:30:53,525][kfold_wrapper.log_eval_metrics] Accuracy(layer_6 - estimator_1 - 12_folds.train_cv.predict)=35.35%
[ 2020-05-27 07:30:53,528][kfold_wrapper.log_eval_metrics] Accuracy(layer_6 - estimator_1 - 12_folds.test.predict)=35.80%
[ 2020-05-27 07:30:53,775][kfold_wrapper.log_eval_metrics] Accuracy(layer_6 - estimator_2 - 12_folds.train_0.predict)=31.87%
[ 2020-05-27 07:30:54,126][kfold_wrapper.log_eval_metrics] Accuracy(layer_6 - estimator_2 - 12_folds.train_1.predict)=35.71%
[ 2020-05-27 07:30:54,461][kfold_wrapper.log_eval_metrics] Accuracy(layer_6 - estimator_2 - 12_folds.train_2.predict)=34.07%
[ 2020-05-27 07:30:54,817][kfold_wrapper.log_eval_metrics] Accuracy(layer_6 - estimator_2 - 12_folds.train_3.predict)=37.36%
[ 2020-05-27 07:30:55,180][kfold_wrapper.log_eval_metrics] Accuracy(layer_6 - estimator_2 - 12_folds.train_4.predict)=37.91%
[ 2020-05-27 07:30:55,535][kfold_wrapper.log_eval_metrics] Accuracy(layer_6 - estimator_2 - 12_folds.train_5.predict)=37.91%
[ 2020-05-27 07:30:55,885][kfold_wrapper.log_eval_metrics] Accuracy(layer_6 - estimator_2 - 12_folds.train_6.predict)=34.62%
[ 2020-05-27 07:30:56,244][kfold_wrapper.log_eval_metrics] Accuracy(layer_6 - estimator_2 - 12_folds.train_7.predict)=31.87%
[ 2020-05-27 07:30:56,595][kfold_wrapper.log_eval_metrics] Accuracy(layer_6 - estimator_2 - 12_folds.train_8.predict)=32.42%
[ 2020-05-27 07:30:56,948][kfold_wrapper.log_eval_metrics] Accuracy(layer_6 - estimator_2 - 12_folds.train_9.predict)=40.11%
[ 2020-05-27 07:30:57,301][kfold_wrapper.log_eval_metrics] Accuracy(layer_6 - estimator_2 - 12_folds.train_10.predict)=38.46%
[ 2020-05-27 07:30:57,664][kfold_wrapper.log_eval_metrics] Accuracy(layer_6 - estimator_2 - 12_folds.train_11.predict)=34.07%
[ 2020-05-27 07:30:57,783][kfold_wrapper.log_eval_metrics] Accuracy(layer_6 - estimator_2 - 12_folds.train_cv.predict)=35.53%
[ 2020-05-27 07:30:57,786][kfold_wrapper.log_eval_metrics] Accuracy(layer_6 - estimator_2 - 12_folds.test.predict)=33.74%
[ 2020-05-27 07:30:57,931][kfold_wrapper.log_eval_metrics] Accuracy(layer_6 - estimator_3 - 12_folds.train_0.predict)=41.21%
[ 2020-05-27 07:30:58,047][kfold_wrapper.log_eval_metrics] Accuracy(layer_6 - estimator_3 - 12_folds.train_1.predict)=36.81%
[ 2020-05-27 07:30:58,156][kfold_wrapper.log_eval_metrics] Accuracy(layer_6 - estimator_3 - 12_folds.train_2.predict)=38.46%
[ 2020-05-27 07:30:58,267][kfold_wrapper.log_eval_metrics] Accuracy(layer_6 - estimator_3 - 12_folds.train_3.predict)=37.36%
[ 2020-05-27 07:30:58,378][kfold_wrapper.log_eval_metrics] Accuracy(layer_6 - estimator_3 - 12_folds.train_4.predict)=36.81%
[ 2020-05-27 07:30:58,492][kfold_wrapper.log_eval_metrics] Accuracy(layer_6 - estimator_3 - 12_folds.train_5.predict)=38.46%
[ 2020-05-27 07:30:58,604][kfold_wrapper.log_eval_metrics] Accuracy(layer_6 - estimator_3 - 12_folds.train_6.predict)=40.11%
[ 2020-05-27 07:30:58,714][kfold_wrapper.log_eval_metrics] Accuracy(layer_6 - estimator_3 - 12_folds.train_7.predict)=37.91%
[ 2020-05-27 07:30:58,826][kfold_wrapper.log_eval_metrics] Accuracy(layer_6 - estimator_3 - 12_folds.train_8.predict)=42.31%
[ 2020-05-27 07:30:58,935][kfold_wrapper.log_eval_metrics] Accuracy(layer_6 - estimator_3 - 12_folds.train_9.predict)=44.51%
[ 2020-05-27 07:30:59,046][kfold_wrapper.log_eval_metrics] Accuracy(layer_6 - estimator_3 - 12_folds.train_10.predict)=40.66%
[ 2020-05-27 07:30:59,152][kfold_wrapper.log_eval_metrics] Accuracy(layer_6 - estimator_3 - 12_folds.train_11.predict)=42.31%
[ 2020-05-27 07:30:59,154][kfold_wrapper.log_eval_metrics] Accuracy(layer_6 - estimator_3 - 12_folds.train_cv.predict)=39.74%
[ 2020-05-27 07:30:59,155][kfold_wrapper.log_eval_metrics] Accuracy(layer_6 - estimator_3 - 12_folds.test.predict)=47.74%
[ 2020-05-27 07:30:59,156][cascade_classifier.calc_accuracy] Accuracy(layer_6 - train.classifier_average)=37.27%
[ 2020-05-27 07:30:59,157][cascade_classifier.calc_accuracy] Accuracy(layer_6 - test.classifier_average)=39.09%
[ 2020-05-27 07:30:59,158][cascade_classifier.fit_transform] [Result][Optimal Level Detected] opt_layer_num=3, accuracy_train=38.92%, accuracy_test=35.80%
[ 2020-05-27 07:30:59,244][cascade_classifier.transform] X_groups_test.shape=[(244, 5)]
[ 2020-05-27 07:30:59,245][cascade_classifier.transform] group_dims=[5]
[ 2020-05-27 07:30:59,246][cascade_classifier.transform] X_test.shape=(244, 5)
[ 2020-05-27 07:30:59,246][cascade_classifier.transform] [layer=0] look_indexs=[0], X_cur_test.shape=(244, 5)
[ 2020-05-27 07:31:01,917][cascade_classifier.transform] [layer=1] look_indexs=[0], X_cur_test.shape=(244, 17)
[ 2020-05-27 07:31:04,616][cascade_classifier.transform] [layer=2] look_indexs=[0], X_cur_test.shape=(244, 17)
[ 2020-05-27 07:31:07,689][cascade_classifier.fit_transform] X_groups_train.shape=[(2403, 5)],y_train.shape=(2403,),X_groups_test.shape=[(268, 5)],y_test.shape=(268,)
[ 2020-05-27 07:31:07,690][cascade_classifier.fit_transform] group_dims=[5]
[ 2020-05-27 07:31:07,690][cascade_classifier.fit_transform] group_starts=[0]
[ 2020-05-27 07:31:07,691][cascade_classifier.fit_transform] group_ends=[5]
[ 2020-05-27 07:31:07,692][cascade_classifier.fit_transform] X_train.shape=(2403, 5),X_test.shape=(268, 5)
[ 2020-05-27 07:31:07,693][cascade_classifier.fit_transform] [layer=0] look_indexs=[0], X_cur_train.shape=(2403, 5), X_cur_test.shape=(268, 5)
[ 2020-05-27 07:31:07,723][kfold_wrapper.log_eval_metrics] Accuracy(layer_0 - estimator_0 - 5_folds.train_0.predict)=35.76%
[ 2020-05-27 07:31:07,753][kfold_wrapper.log_eval_metrics] Accuracy(layer_0 - estimator_0 - 5_folds.train_1.predict)=35.97%
[ 2020-05-27 07:31:07,782][kfold_wrapper.log_eval_metrics] Accuracy(layer_0 - estimator_0 - 5_folds.train_2.predict)=35.34%
[ 2020-05-27 07:31:07,813][kfold_wrapper.log_eval_metrics] Accuracy(layer_0 - estimator_0 - 5_folds.train_3.predict)=40.62%
[ 2020-05-27 07:31:07,842][kfold_wrapper.log_eval_metrics] Accuracy(layer_0 - estimator_0 - 5_folds.train_4.predict)=39.17%
[ 2020-05-27 07:31:07,845][kfold_wrapper.log_eval_metrics] Accuracy(layer_0 - estimator_0 - 5_folds.train_cv.predict)=37.37%
[ 2020-05-27 07:31:07,846][kfold_wrapper.log_eval_metrics] Accuracy(layer_0 - estimator_0 - 5_folds.test.predict)=43.66%
[ 2020-05-27 07:31:08,065][kfold_wrapper.log_eval_metrics] Accuracy(layer_0 - estimator_1 - 12_folds.train_0.predict)=33.83%
[ 2020-05-27 07:31:08,414][kfold_wrapper.log_eval_metrics] Accuracy(layer_0 - estimator_1 - 12_folds.train_1.predict)=36.82%
[ 2020-05-27 07:31:08,746][kfold_wrapper.log_eval_metrics] Accuracy(layer_0 - estimator_1 - 12_folds.train_2.predict)=31.34%
[ 2020-05-27 07:31:09,083][kfold_wrapper.log_eval_metrics] Accuracy(layer_0 - estimator_1 - 12_folds.train_3.predict)=33.50%
[ 2020-05-27 07:31:09,437][kfold_wrapper.log_eval_metrics] Accuracy(layer_0 - estimator_1 - 12_folds.train_4.predict)=33.50%
[ 2020-05-27 07:31:09,794][kfold_wrapper.log_eval_metrics] Accuracy(layer_0 - estimator_1 - 12_folds.train_5.predict)=32.50%
[ 2020-05-27 07:31:10,148][kfold_wrapper.log_eval_metrics] Accuracy(layer_0 - estimator_1 - 12_folds.train_6.predict)=25.50%
[ 2020-05-27 07:31:10,495][kfold_wrapper.log_eval_metrics] Accuracy(layer_0 - estimator_1 - 12_folds.train_7.predict)=32.50%
[ 2020-05-27 07:31:10,847][kfold_wrapper.log_eval_metrics] Accuracy(layer_0 - estimator_1 - 12_folds.train_8.predict)=30.50%
[ 2020-05-27 07:31:11,205][kfold_wrapper.log_eval_metrics] Accuracy(layer_0 - estimator_1 - 12_folds.train_9.predict)=27.50%
[ 2020-05-27 07:31:11,547][kfold_wrapper.log_eval_metrics] Accuracy(layer_0 - estimator_1 - 12_folds.train_10.predict)=37.50%
[ 2020-05-27 07:31:11,897][kfold_wrapper.log_eval_metrics] Accuracy(layer_0 - estimator_1 - 12_folds.train_11.predict)=30.00%
[ 2020-05-27 07:31:12,015][kfold_wrapper.log_eval_metrics] Accuracy(layer_0 - estimator_1 - 12_folds.train_cv.predict)=32.08%
[ 2020-05-27 07:31:12,018][kfold_wrapper.log_eval_metrics] Accuracy(layer_0 - estimator_1 - 12_folds.test.predict)=39.93%
[ 2020-05-27 07:31:12,258][kfold_wrapper.log_eval_metrics] Accuracy(layer_0 - estimator_2 - 12_folds.train_0.predict)=38.31%
[ 2020-05-27 07:31:12,611][kfold_wrapper.log_eval_metrics] Accuracy(layer_0 - estimator_2 - 12_folds.train_1.predict)=33.33%
[ 2020-05-27 07:31:12,959][kfold_wrapper.log_eval_metrics] Accuracy(layer_0 - estimator_2 - 12_folds.train_2.predict)=36.82%
[ 2020-05-27 07:31:13,316][kfold_wrapper.log_eval_metrics] Accuracy(layer_0 - estimator_2 - 12_folds.train_3.predict)=31.00%
[ 2020-05-27 07:31:13,670][kfold_wrapper.log_eval_metrics] Accuracy(layer_0 - estimator_2 - 12_folds.train_4.predict)=35.00%
[ 2020-05-27 07:31:14,007][kfold_wrapper.log_eval_metrics] Accuracy(layer_0 - estimator_2 - 12_folds.train_5.predict)=34.00%
[ 2020-05-27 07:31:14,352][kfold_wrapper.log_eval_metrics] Accuracy(layer_0 - estimator_2 - 12_folds.train_6.predict)=33.00%
[ 2020-05-27 07:31:14,710][kfold_wrapper.log_eval_metrics] Accuracy(layer_0 - estimator_2 - 12_folds.train_7.predict)=31.00%
[ 2020-05-27 07:31:15,052][kfold_wrapper.log_eval_metrics] Accuracy(layer_0 - estimator_2 - 12_folds.train_8.predict)=28.50%
[ 2020-05-27 07:31:15,408][kfold_wrapper.log_eval_metrics] Accuracy(layer_0 - estimator_2 - 12_folds.train_9.predict)=37.00%
[ 2020-05-27 07:31:15,746][kfold_wrapper.log_eval_metrics] Accuracy(layer_0 - estimator_2 - 12_folds.train_10.predict)=35.50%
[ 2020-05-27 07:31:16,083][kfold_wrapper.log_eval_metrics] Accuracy(layer_0 - estimator_2 - 12_folds.train_11.predict)=30.00%
[ 2020-05-27 07:31:16,200][kfold_wrapper.log_eval_metrics] Accuracy(layer_0 - estimator_2 - 12_folds.train_cv.predict)=33.62%
[ 2020-05-27 07:31:16,202][kfold_wrapper.log_eval_metrics] Accuracy(layer_0 - estimator_2 - 12_folds.test.predict)=43.66%
[ 2020-05-27 07:31:16,241][kfold_wrapper.log_eval_metrics] Accuracy(layer_0 - estimator_3 - 12_folds.train_0.predict)=38.31%
[ 2020-05-27 07:31:16,273][kfold_wrapper.log_eval_metrics] Accuracy(layer_0 - estimator_3 - 12_folds.train_1.predict)=37.81%
[ 2020-05-27 07:31:16,296][kfold_wrapper.log_eval_metrics] Accuracy(layer_0 - estimator_3 - 12_folds.train_2.predict)=35.32%
[ 2020-05-27 07:31:16,319][kfold_wrapper.log_eval_metrics] Accuracy(layer_0 - estimator_3 - 12_folds.train_3.predict)=48.00%
[ 2020-05-27 07:31:16,342][kfold_wrapper.log_eval_metrics] Accuracy(layer_0 - estimator_3 - 12_folds.train_4.predict)=37.50%
[ 2020-05-27 07:31:16,367][kfold_wrapper.log_eval_metrics] Accuracy(layer_0 - estimator_3 - 12_folds.train_5.predict)=40.00%
[ 2020-05-27 07:31:16,392][kfold_wrapper.log_eval_metrics] Accuracy(layer_0 - estimator_3 - 12_folds.train_6.predict)=38.50%
[ 2020-05-27 07:31:16,431][kfold_wrapper.log_eval_metrics] Accuracy(layer_0 - estimator_3 - 12_folds.train_7.predict)=36.50%
[ 2020-05-27 07:31:16,463][kfold_wrapper.log_eval_metrics] Accuracy(layer_0 - estimator_3 - 12_folds.train_8.predict)=42.50%
[ 2020-05-27 07:31:16,485][kfold_wrapper.log_eval_metrics] Accuracy(layer_0 - estimator_3 - 12_folds.train_9.predict)=44.00%
[ 2020-05-27 07:31:16,512][kfold_wrapper.log_eval_metrics] Accuracy(layer_0 - estimator_3 - 12_folds.train_10.predict)=43.00%
[ 2020-05-27 07:31:16,543][kfold_wrapper.log_eval_metrics] Accuracy(layer_0 - estimator_3 - 12_folds.train_11.predict)=41.00%
[ 2020-05-27 07:31:16,544][kfold_wrapper.log_eval_metrics] Accuracy(layer_0 - estimator_3 - 12_folds.train_cv.predict)=40.20%
[ 2020-05-27 07:31:16,545][kfold_wrapper.log_eval_metrics] Accuracy(layer_0 - estimator_3 - 12_folds.test.predict)=35.07%
[ 2020-05-27 07:31:16,545][cascade_classifier.calc_accuracy] Accuracy(layer_0 - train.classifier_average)=34.29%
[ 2020-05-27 07:31:16,546][cascade_classifier.calc_accuracy] Accuracy(layer_0 - test.classifier_average)=43.28%
[ 2020-05-27 07:31:16,547][cascade_classifier.fit_transform] [layer=1] look_indexs=[0], X_cur_train.shape=(2403, 17), X_cur_test.shape=(268, 17)
[ 2020-05-27 07:31:16,584][kfold_wrapper.log_eval_metrics] Accuracy(layer_1 - estimator_0 - 5_folds.train_0.predict)=41.37%
[ 2020-05-27 07:31:16,621][kfold_wrapper.log_eval_metrics] Accuracy(layer_1 - estimator_0 - 5_folds.train_1.predict)=42.62%
[ 2020-05-27 07:31:16,659][kfold_wrapper.log_eval_metrics] Accuracy(layer_1 - estimator_0 - 5_folds.train_2.predict)=41.79%
[ 2020-05-27 07:31:16,697][kfold_wrapper.log_eval_metrics] Accuracy(layer_1 - estimator_0 - 5_folds.train_3.predict)=38.75%
[ 2020-05-27 07:31:16,734][kfold_wrapper.log_eval_metrics] Accuracy(layer_1 - estimator_0 - 5_folds.train_4.predict)=36.25%
[ 2020-05-27 07:31:16,737][kfold_wrapper.log_eval_metrics] Accuracy(layer_1 - estimator_0 - 5_folds.train_cv.predict)=40.16%
[ 2020-05-27 07:31:16,738][kfold_wrapper.log_eval_metrics] Accuracy(layer_1 - estimator_0 - 5_folds.test.predict)=41.79%
[ 2020-05-27 07:31:16,959][kfold_wrapper.log_eval_metrics] Accuracy(layer_1 - estimator_1 - 12_folds.train_0.predict)=39.80%
[ 2020-05-27 07:31:17,306][kfold_wrapper.log_eval_metrics] Accuracy(layer_1 - estimator_1 - 12_folds.train_1.predict)=45.27%
[ 2020-05-27 07:31:17,659][kfold_wrapper.log_eval_metrics] Accuracy(layer_1 - estimator_1 - 12_folds.train_2.predict)=37.81%
[ 2020-05-27 07:31:18,016][kfold_wrapper.log_eval_metrics] Accuracy(layer_1 - estimator_1 - 12_folds.train_3.predict)=37.00%
[ 2020-05-27 07:31:18,361][kfold_wrapper.log_eval_metrics] Accuracy(layer_1 - estimator_1 - 12_folds.train_4.predict)=43.50%
[ 2020-05-27 07:31:18,704][kfold_wrapper.log_eval_metrics] Accuracy(layer_1 - estimator_1 - 12_folds.train_5.predict)=38.50%
[ 2020-05-27 07:31:19,062][kfold_wrapper.log_eval_metrics] Accuracy(layer_1 - estimator_1 - 12_folds.train_6.predict)=39.00%
[ 2020-05-27 07:31:19,422][kfold_wrapper.log_eval_metrics] Accuracy(layer_1 - estimator_1 - 12_folds.train_7.predict)=42.50%
[ 2020-05-27 07:31:19,781][kfold_wrapper.log_eval_metrics] Accuracy(layer_1 - estimator_1 - 12_folds.train_8.predict)=46.50%
[ 2020-05-27 07:31:20,123][kfold_wrapper.log_eval_metrics] Accuracy(layer_1 - estimator_1 - 12_folds.train_9.predict)=34.50%
[ 2020-05-27 07:31:20,478][kfold_wrapper.log_eval_metrics] Accuracy(layer_1 - estimator_1 - 12_folds.train_10.predict)=37.00%
[ 2020-05-27 07:31:20,821][kfold_wrapper.log_eval_metrics] Accuracy(layer_1 - estimator_1 - 12_folds.train_11.predict)=40.00%
[ 2020-05-27 07:31:20,939][kfold_wrapper.log_eval_metrics] Accuracy(layer_1 - estimator_1 - 12_folds.train_cv.predict)=40.12%
[ 2020-05-27 07:31:20,942][kfold_wrapper.log_eval_metrics] Accuracy(layer_1 - estimator_1 - 12_folds.test.predict)=44.40%
[ 2020-05-27 07:31:21,193][kfold_wrapper.log_eval_metrics] Accuracy(layer_1 - estimator_2 - 12_folds.train_0.predict)=46.27%
[ 2020-05-27 07:31:21,548][kfold_wrapper.log_eval_metrics] Accuracy(layer_1 - estimator_2 - 12_folds.train_1.predict)=45.27%
[ 2020-05-27 07:31:21,902][kfold_wrapper.log_eval_metrics] Accuracy(layer_1 - estimator_2 - 12_folds.train_2.predict)=42.29%
[ 2020-05-27 07:31:22,243][kfold_wrapper.log_eval_metrics] Accuracy(layer_1 - estimator_2 - 12_folds.train_3.predict)=37.00%
[ 2020-05-27 07:31:22,583][kfold_wrapper.log_eval_metrics] Accuracy(layer_1 - estimator_2 - 12_folds.train_4.predict)=32.50%
[ 2020-05-27 07:31:22,939][kfold_wrapper.log_eval_metrics] Accuracy(layer_1 - estimator_2 - 12_folds.train_5.predict)=45.50%
[ 2020-05-27 07:31:23,288][kfold_wrapper.log_eval_metrics] Accuracy(layer_1 - estimator_2 - 12_folds.train_6.predict)=39.50%
[ 2020-05-27 07:31:23,647][kfold_wrapper.log_eval_metrics] Accuracy(layer_1 - estimator_2 - 12_folds.train_7.predict)=38.00%
[ 2020-05-27 07:31:24,005][kfold_wrapper.log_eval_metrics] Accuracy(layer_1 - estimator_2 - 12_folds.train_8.predict)=37.00%
[ 2020-05-27 07:31:24,367][kfold_wrapper.log_eval_metrics] Accuracy(layer_1 - estimator_2 - 12_folds.train_9.predict)=43.50%
[ 2020-05-27 07:31:24,729][kfold_wrapper.log_eval_metrics] Accuracy(layer_1 - estimator_2 - 12_folds.train_10.predict)=37.50%
[ 2020-05-27 07:31:25,077][kfold_wrapper.log_eval_metrics] Accuracy(layer_1 - estimator_2 - 12_folds.train_11.predict)=39.00%
[ 2020-05-27 07:31:25,196][kfold_wrapper.log_eval_metrics] Accuracy(layer_1 - estimator_2 - 12_folds.train_cv.predict)=40.28%
[ 2020-05-27 07:31:25,200][kfold_wrapper.log_eval_metrics] Accuracy(layer_1 - estimator_2 - 12_folds.test.predict)=44.40%
[ 2020-05-27 07:31:25,330][kfold_wrapper.log_eval_metrics] Accuracy(layer_1 - estimator_3 - 12_folds.train_0.predict)=43.28%
[ 2020-05-27 07:31:25,412][kfold_wrapper.log_eval_metrics] Accuracy(layer_1 - estimator_3 - 12_folds.train_1.predict)=32.84%
[ 2020-05-27 07:31:25,491][kfold_wrapper.log_eval_metrics] Accuracy(layer_1 - estimator_3 - 12_folds.train_2.predict)=35.82%
[ 2020-05-27 07:31:25,571][kfold_wrapper.log_eval_metrics] Accuracy(layer_1 - estimator_3 - 12_folds.train_3.predict)=34.50%
[ 2020-05-27 07:31:25,653][kfold_wrapper.log_eval_metrics] Accuracy(layer_1 - estimator_3 - 12_folds.train_4.predict)=43.00%
[ 2020-05-27 07:31:25,732][kfold_wrapper.log_eval_metrics] Accuracy(layer_1 - estimator_3 - 12_folds.train_5.predict)=41.50%
[ 2020-05-27 07:31:25,813][kfold_wrapper.log_eval_metrics] Accuracy(layer_1 - estimator_3 - 12_folds.train_6.predict)=43.50%
[ 2020-05-27 07:31:25,890][kfold_wrapper.log_eval_metrics] Accuracy(layer_1 - estimator_3 - 12_folds.train_7.predict)=43.00%
[ 2020-05-27 07:31:25,969][kfold_wrapper.log_eval_metrics] Accuracy(layer_1 - estimator_3 - 12_folds.train_8.predict)=34.00%
[ 2020-05-27 07:31:26,051][kfold_wrapper.log_eval_metrics] Accuracy(layer_1 - estimator_3 - 12_folds.train_9.predict)=43.50%
[ 2020-05-27 07:31:26,128][kfold_wrapper.log_eval_metrics] Accuracy(layer_1 - estimator_3 - 12_folds.train_10.predict)=43.00%
[ 2020-05-27 07:31:26,208][kfold_wrapper.log_eval_metrics] Accuracy(layer_1 - estimator_3 - 12_folds.train_11.predict)=37.00%
[ 2020-05-27 07:31:26,209][kfold_wrapper.log_eval_metrics] Accuracy(layer_1 - estimator_3 - 12_folds.train_cv.predict)=39.58%
[ 2020-05-27 07:31:26,209][kfold_wrapper.log_eval_metrics] Accuracy(layer_1 - estimator_3 - 12_folds.test.predict)=36.57%
[ 2020-05-27 07:31:26,210][cascade_classifier.calc_accuracy] Accuracy(layer_1 - train.classifier_average)=42.86%
[ 2020-05-27 07:31:26,211][cascade_classifier.calc_accuracy] Accuracy(layer_1 - test.classifier_average)=45.52%
[ 2020-05-27 07:31:26,212][cascade_classifier.fit_transform] [layer=2] look_indexs=[0], X_cur_train.shape=(2403, 17), X_cur_test.shape=(268, 17)
[ 2020-05-27 07:31:26,251][kfold_wrapper.log_eval_metrics] Accuracy(layer_2 - estimator_0 - 5_folds.train_0.predict)=38.88%
[ 2020-05-27 07:31:26,290][kfold_wrapper.log_eval_metrics] Accuracy(layer_2 - estimator_0 - 5_folds.train_1.predict)=43.87%
[ 2020-05-27 07:31:26,326][kfold_wrapper.log_eval_metrics] Accuracy(layer_2 - estimator_0 - 5_folds.train_2.predict)=40.75%
[ 2020-05-27 07:31:26,364][kfold_wrapper.log_eval_metrics] Accuracy(layer_2 - estimator_0 - 5_folds.train_3.predict)=39.79%
[ 2020-05-27 07:31:26,401][kfold_wrapper.log_eval_metrics] Accuracy(layer_2 - estimator_0 - 5_folds.train_4.predict)=36.67%
[ 2020-05-27 07:31:26,403][kfold_wrapper.log_eval_metrics] Accuracy(layer_2 - estimator_0 - 5_folds.train_cv.predict)=39.99%
[ 2020-05-27 07:31:26,405][kfold_wrapper.log_eval_metrics] Accuracy(layer_2 - estimator_0 - 5_folds.test.predict)=44.03%
[ 2020-05-27 07:31:26,625][kfold_wrapper.log_eval_metrics] Accuracy(layer_2 - estimator_1 - 12_folds.train_0.predict)=40.80%
[ 2020-05-27 07:31:26,984][kfold_wrapper.log_eval_metrics] Accuracy(layer_2 - estimator_1 - 12_folds.train_1.predict)=31.34%
[ 2020-05-27 07:31:27,326][kfold_wrapper.log_eval_metrics] Accuracy(layer_2 - estimator_1 - 12_folds.train_2.predict)=38.31%
[ 2020-05-27 07:31:27,682][kfold_wrapper.log_eval_metrics] Accuracy(layer_2 - estimator_1 - 12_folds.train_3.predict)=35.00%
[ 2020-05-27 07:31:28,035][kfold_wrapper.log_eval_metrics] Accuracy(layer_2 - estimator_1 - 12_folds.train_4.predict)=34.50%
[ 2020-05-27 07:31:28,393][kfold_wrapper.log_eval_metrics] Accuracy(layer_2 - estimator_1 - 12_folds.train_5.predict)=38.50%
[ 2020-05-27 07:31:28,753][kfold_wrapper.log_eval_metrics] Accuracy(layer_2 - estimator_1 - 12_folds.train_6.predict)=35.50%
[ 2020-05-27 07:31:29,108][kfold_wrapper.log_eval_metrics] Accuracy(layer_2 - estimator_1 - 12_folds.train_7.predict)=38.00%
[ 2020-05-27 07:31:29,458][kfold_wrapper.log_eval_metrics] Accuracy(layer_2 - estimator_1 - 12_folds.train_8.predict)=35.00%
[ 2020-05-27 07:31:29,811][kfold_wrapper.log_eval_metrics] Accuracy(layer_2 - estimator_1 - 12_folds.train_9.predict)=33.50%
[ 2020-05-27 07:31:30,166][kfold_wrapper.log_eval_metrics] Accuracy(layer_2 - estimator_1 - 12_folds.train_10.predict)=39.00%
[ 2020-05-27 07:31:30,524][kfold_wrapper.log_eval_metrics] Accuracy(layer_2 - estimator_1 - 12_folds.train_11.predict)=33.50%
[ 2020-05-27 07:31:30,642][kfold_wrapper.log_eval_metrics] Accuracy(layer_2 - estimator_1 - 12_folds.train_cv.predict)=36.08%
[ 2020-05-27 07:31:30,645][kfold_wrapper.log_eval_metrics] Accuracy(layer_2 - estimator_1 - 12_folds.test.predict)=40.67%
[ 2020-05-27 07:31:30,897][kfold_wrapper.log_eval_metrics] Accuracy(layer_2 - estimator_2 - 12_folds.train_0.predict)=40.80%
[ 2020-05-27 07:31:31,243][kfold_wrapper.log_eval_metrics] Accuracy(layer_2 - estimator_2 - 12_folds.train_1.predict)=36.82%
[ 2020-05-27 07:31:31,585][kfold_wrapper.log_eval_metrics] Accuracy(layer_2 - estimator_2 - 12_folds.train_2.predict)=37.81%
[ 2020-05-27 07:31:31,941][kfold_wrapper.log_eval_metrics] Accuracy(layer_2 - estimator_2 - 12_folds.train_3.predict)=45.50%
[ 2020-05-27 07:31:32,297][kfold_wrapper.log_eval_metrics] Accuracy(layer_2 - estimator_2 - 12_folds.train_4.predict)=36.00%
[ 2020-05-27 07:31:32,656][kfold_wrapper.log_eval_metrics] Accuracy(layer_2 - estimator_2 - 12_folds.train_5.predict)=32.00%
[ 2020-05-27 07:31:33,007][kfold_wrapper.log_eval_metrics] Accuracy(layer_2 - estimator_2 - 12_folds.train_6.predict)=40.50%
[ 2020-05-27 07:31:33,348][kfold_wrapper.log_eval_metrics] Accuracy(layer_2 - estimator_2 - 12_folds.train_7.predict)=40.00%
[ 2020-05-27 07:31:33,708][kfold_wrapper.log_eval_metrics] Accuracy(layer_2 - estimator_2 - 12_folds.train_8.predict)=34.00%
[ 2020-05-27 07:31:34,066][kfold_wrapper.log_eval_metrics] Accuracy(layer_2 - estimator_2 - 12_folds.train_9.predict)=39.50%
[ 2020-05-27 07:31:34,414][kfold_wrapper.log_eval_metrics] Accuracy(layer_2 - estimator_2 - 12_folds.train_10.predict)=36.50%
[ 2020-05-27 07:31:34,762][kfold_wrapper.log_eval_metrics] Accuracy(layer_2 - estimator_2 - 12_folds.train_11.predict)=37.00%
[ 2020-05-27 07:31:34,878][kfold_wrapper.log_eval_metrics] Accuracy(layer_2 - estimator_2 - 12_folds.train_cv.predict)=38.04%
[ 2020-05-27 07:31:34,881][kfold_wrapper.log_eval_metrics] Accuracy(layer_2 - estimator_2 - 12_folds.test.predict)=42.16%
[ 2020-05-27 07:31:35,019][kfold_wrapper.log_eval_metrics] Accuracy(layer_2 - estimator_3 - 12_folds.train_0.predict)=39.80%
[ 2020-05-27 07:31:35,109][kfold_wrapper.log_eval_metrics] Accuracy(layer_2 - estimator_3 - 12_folds.train_1.predict)=43.28%
[ 2020-05-27 07:31:35,198][kfold_wrapper.log_eval_metrics] Accuracy(layer_2 - estimator_3 - 12_folds.train_2.predict)=49.25%
[ 2020-05-27 07:31:35,285][kfold_wrapper.log_eval_metrics] Accuracy(layer_2 - estimator_3 - 12_folds.train_3.predict)=40.50%
[ 2020-05-27 07:31:35,377][kfold_wrapper.log_eval_metrics] Accuracy(layer_2 - estimator_3 - 12_folds.train_4.predict)=41.50%
[ 2020-05-27 07:31:35,466][kfold_wrapper.log_eval_metrics] Accuracy(layer_2 - estimator_3 - 12_folds.train_5.predict)=46.00%
[ 2020-05-27 07:31:35,553][kfold_wrapper.log_eval_metrics] Accuracy(layer_2 - estimator_3 - 12_folds.train_6.predict)=38.50%
[ 2020-05-27 07:31:35,643][kfold_wrapper.log_eval_metrics] Accuracy(layer_2 - estimator_3 - 12_folds.train_7.predict)=39.00%
[ 2020-05-27 07:31:35,733][kfold_wrapper.log_eval_metrics] Accuracy(layer_2 - estimator_3 - 12_folds.train_8.predict)=47.00%
[ 2020-05-27 07:31:35,823][kfold_wrapper.log_eval_metrics] Accuracy(layer_2 - estimator_3 - 12_folds.train_9.predict)=43.00%
[ 2020-05-27 07:31:35,911][kfold_wrapper.log_eval_metrics] Accuracy(layer_2 - estimator_3 - 12_folds.train_10.predict)=42.00%
[ 2020-05-27 07:31:36,002][kfold_wrapper.log_eval_metrics] Accuracy(layer_2 - estimator_3 - 12_folds.train_11.predict)=40.50%
[ 2020-05-27 07:31:36,004][kfold_wrapper.log_eval_metrics] Accuracy(layer_2 - estimator_3 - 12_folds.train_cv.predict)=42.53%
[ 2020-05-27 07:31:36,005][kfold_wrapper.log_eval_metrics] Accuracy(layer_2 - estimator_3 - 12_folds.test.predict)=44.78%
[ 2020-05-27 07:31:36,005][cascade_classifier.calc_accuracy] Accuracy(layer_2 - train.classifier_average)=39.74%
[ 2020-05-27 07:31:36,006][cascade_classifier.calc_accuracy] Accuracy(layer_2 - test.classifier_average)=42.91%
[ 2020-05-27 07:31:36,007][cascade_classifier.fit_transform] [layer=3] look_indexs=[0], X_cur_train.shape=(2403, 17), X_cur_test.shape=(268, 17)
[ 2020-05-27 07:31:36,047][kfold_wrapper.log_eval_metrics] Accuracy(layer_3 - estimator_0 - 5_folds.train_0.predict)=41.37%
[ 2020-05-27 07:31:36,084][kfold_wrapper.log_eval_metrics] Accuracy(layer_3 - estimator_0 - 5_folds.train_1.predict)=40.54%
[ 2020-05-27 07:31:36,122][kfold_wrapper.log_eval_metrics] Accuracy(layer_3 - estimator_0 - 5_folds.train_2.predict)=37.84%
[ 2020-05-27 07:31:36,161][kfold_wrapper.log_eval_metrics] Accuracy(layer_3 - estimator_0 - 5_folds.train_3.predict)=39.58%
[ 2020-05-27 07:31:36,198][kfold_wrapper.log_eval_metrics] Accuracy(layer_3 - estimator_0 - 5_folds.train_4.predict)=41.04%
[ 2020-05-27 07:31:36,200][kfold_wrapper.log_eval_metrics] Accuracy(layer_3 - estimator_0 - 5_folds.train_cv.predict)=40.07%
[ 2020-05-27 07:31:36,202][kfold_wrapper.log_eval_metrics] Accuracy(layer_3 - estimator_0 - 5_folds.test.predict)=44.03%
[ 2020-05-27 07:31:36,423][kfold_wrapper.log_eval_metrics] Accuracy(layer_3 - estimator_1 - 12_folds.train_0.predict)=37.81%
[ 2020-05-27 07:31:36,785][kfold_wrapper.log_eval_metrics] Accuracy(layer_3 - estimator_1 - 12_folds.train_1.predict)=35.82%
[ 2020-05-27 07:31:37,139][kfold_wrapper.log_eval_metrics] Accuracy(layer_3 - estimator_1 - 12_folds.train_2.predict)=39.30%
[ 2020-05-27 07:31:37,476][kfold_wrapper.log_eval_metrics] Accuracy(layer_3 - estimator_1 - 12_folds.train_3.predict)=39.00%
[ 2020-05-27 07:31:37,836][kfold_wrapper.log_eval_metrics] Accuracy(layer_3 - estimator_1 - 12_folds.train_4.predict)=33.00%
[ 2020-05-27 07:31:38,175][kfold_wrapper.log_eval_metrics] Accuracy(layer_3 - estimator_1 - 12_folds.train_5.predict)=36.50%
[ 2020-05-27 07:31:38,534][kfold_wrapper.log_eval_metrics] Accuracy(layer_3 - estimator_1 - 12_folds.train_6.predict)=36.00%
[ 2020-05-27 07:31:38,861][kfold_wrapper.log_eval_metrics] Accuracy(layer_3 - estimator_1 - 12_folds.train_7.predict)=40.00%
[ 2020-05-27 07:31:39,214][kfold_wrapper.log_eval_metrics] Accuracy(layer_3 - estimator_1 - 12_folds.train_8.predict)=31.00%
[ 2020-05-27 07:31:39,556][kfold_wrapper.log_eval_metrics] Accuracy(layer_3 - estimator_1 - 12_folds.train_9.predict)=32.50%
[ 2020-05-27 07:31:39,915][kfold_wrapper.log_eval_metrics] Accuracy(layer_3 - estimator_1 - 12_folds.train_10.predict)=35.00%
[ 2020-05-27 07:31:40,271][kfold_wrapper.log_eval_metrics] Accuracy(layer_3 - estimator_1 - 12_folds.train_11.predict)=41.50%
[ 2020-05-27 07:31:40,388][kfold_wrapper.log_eval_metrics] Accuracy(layer_3 - estimator_1 - 12_folds.train_cv.predict)=36.45%
[ 2020-05-27 07:31:40,392][kfold_wrapper.log_eval_metrics] Accuracy(layer_3 - estimator_1 - 12_folds.test.predict)=41.04%
[ 2020-05-27 07:31:40,637][kfold_wrapper.log_eval_metrics] Accuracy(layer_3 - estimator_2 - 12_folds.train_0.predict)=43.28%
[ 2020-05-27 07:31:40,983][kfold_wrapper.log_eval_metrics] Accuracy(layer_3 - estimator_2 - 12_folds.train_1.predict)=39.30%
[ 2020-05-27 07:31:41,336][kfold_wrapper.log_eval_metrics] Accuracy(layer_3 - estimator_2 - 12_folds.train_2.predict)=37.81%
[ 2020-05-27 07:31:41,692][kfold_wrapper.log_eval_metrics] Accuracy(layer_3 - estimator_2 - 12_folds.train_3.predict)=40.00%
[ 2020-05-27 07:31:42,038][kfold_wrapper.log_eval_metrics] Accuracy(layer_3 - estimator_2 - 12_folds.train_4.predict)=36.00%
[ 2020-05-27 07:31:42,387][kfold_wrapper.log_eval_metrics] Accuracy(layer_3 - estimator_2 - 12_folds.train_5.predict)=38.00%
[ 2020-05-27 07:31:42,737][kfold_wrapper.log_eval_metrics] Accuracy(layer_3 - estimator_2 - 12_folds.train_6.predict)=37.00%
[ 2020-05-27 07:31:43,096][kfold_wrapper.log_eval_metrics] Accuracy(layer_3 - estimator_2 - 12_folds.train_7.predict)=34.00%
[ 2020-05-27 07:31:43,450][kfold_wrapper.log_eval_metrics] Accuracy(layer_3 - estimator_2 - 12_folds.train_8.predict)=34.00%
[ 2020-05-27 07:31:43,811][kfold_wrapper.log_eval_metrics] Accuracy(layer_3 - estimator_2 - 12_folds.train_9.predict)=33.00%
[ 2020-05-27 07:31:44,149][kfold_wrapper.log_eval_metrics] Accuracy(layer_3 - estimator_2 - 12_folds.train_10.predict)=35.00%
[ 2020-05-27 07:31:44,504][kfold_wrapper.log_eval_metrics] Accuracy(layer_3 - estimator_2 - 12_folds.train_11.predict)=36.00%
[ 2020-05-27 07:31:44,624][kfold_wrapper.log_eval_metrics] Accuracy(layer_3 - estimator_2 - 12_folds.train_cv.predict)=36.95%
[ 2020-05-27 07:31:44,627][kfold_wrapper.log_eval_metrics] Accuracy(layer_3 - estimator_2 - 12_folds.test.predict)=40.67%
[ 2020-05-27 07:31:44,773][kfold_wrapper.log_eval_metrics] Accuracy(layer_3 - estimator_3 - 12_folds.train_0.predict)=42.29%
[ 2020-05-27 07:31:44,880][kfold_wrapper.log_eval_metrics] Accuracy(layer_3 - estimator_3 - 12_folds.train_1.predict)=42.79%
[ 2020-05-27 07:31:44,986][kfold_wrapper.log_eval_metrics] Accuracy(layer_3 - estimator_3 - 12_folds.train_2.predict)=39.80%
[ 2020-05-27 07:31:45,091][kfold_wrapper.log_eval_metrics] Accuracy(layer_3 - estimator_3 - 12_folds.train_3.predict)=47.00%
[ 2020-05-27 07:31:45,197][kfold_wrapper.log_eval_metrics] Accuracy(layer_3 - estimator_3 - 12_folds.train_4.predict)=43.50%
[ 2020-05-27 07:31:45,302][kfold_wrapper.log_eval_metrics] Accuracy(layer_3 - estimator_3 - 12_folds.train_5.predict)=41.50%
[ 2020-05-27 07:31:45,410][kfold_wrapper.log_eval_metrics] Accuracy(layer_3 - estimator_3 - 12_folds.train_6.predict)=36.00%
[ 2020-05-27 07:31:45,518][kfold_wrapper.log_eval_metrics] Accuracy(layer_3 - estimator_3 - 12_folds.train_7.predict)=43.50%
[ 2020-05-27 07:31:45,623][kfold_wrapper.log_eval_metrics] Accuracy(layer_3 - estimator_3 - 12_folds.train_8.predict)=46.50%
[ 2020-05-27 07:31:45,731][kfold_wrapper.log_eval_metrics] Accuracy(layer_3 - estimator_3 - 12_folds.train_9.predict)=35.50%
[ 2020-05-27 07:31:45,838][kfold_wrapper.log_eval_metrics] Accuracy(layer_3 - estimator_3 - 12_folds.train_10.predict)=38.00%
[ 2020-05-27 07:31:45,946][kfold_wrapper.log_eval_metrics] Accuracy(layer_3 - estimator_3 - 12_folds.train_11.predict)=42.50%
[ 2020-05-27 07:31:45,947][kfold_wrapper.log_eval_metrics] Accuracy(layer_3 - estimator_3 - 12_folds.train_cv.predict)=41.57%
[ 2020-05-27 07:31:45,947][kfold_wrapper.log_eval_metrics] Accuracy(layer_3 - estimator_3 - 12_folds.test.predict)=43.66%
[ 2020-05-27 07:31:45,948][cascade_classifier.calc_accuracy] Accuracy(layer_3 - train.classifier_average)=39.58%
[ 2020-05-27 07:31:45,949][cascade_classifier.calc_accuracy] Accuracy(layer_3 - test.classifier_average)=42.91%
[ 2020-05-27 07:31:45,950][cascade_classifier.fit_transform] [layer=4] look_indexs=[0], X_cur_train.shape=(2403, 17), X_cur_test.shape=(268, 17)
[ 2020-05-27 07:31:45,994][kfold_wrapper.log_eval_metrics] Accuracy(layer_4 - estimator_0 - 5_folds.train_0.predict)=39.50%
[ 2020-05-27 07:31:46,039][kfold_wrapper.log_eval_metrics] Accuracy(layer_4 - estimator_0 - 5_folds.train_1.predict)=39.09%
[ 2020-05-27 07:31:46,081][kfold_wrapper.log_eval_metrics] Accuracy(layer_4 - estimator_0 - 5_folds.train_2.predict)=37.84%
[ 2020-05-27 07:31:46,120][kfold_wrapper.log_eval_metrics] Accuracy(layer_4 - estimator_0 - 5_folds.train_3.predict)=38.75%
[ 2020-05-27 07:31:46,158][kfold_wrapper.log_eval_metrics] Accuracy(layer_4 - estimator_0 - 5_folds.train_4.predict)=39.58%
[ 2020-05-27 07:31:46,160][kfold_wrapper.log_eval_metrics] Accuracy(layer_4 - estimator_0 - 5_folds.train_cv.predict)=38.95%
[ 2020-05-27 07:31:46,162][kfold_wrapper.log_eval_metrics] Accuracy(layer_4 - estimator_0 - 5_folds.test.predict)=40.67%
[ 2020-05-27 07:31:46,383][kfold_wrapper.log_eval_metrics] Accuracy(layer_4 - estimator_1 - 12_folds.train_0.predict)=38.31%
[ 2020-05-27 07:31:46,738][kfold_wrapper.log_eval_metrics] Accuracy(layer_4 - estimator_1 - 12_folds.train_1.predict)=38.31%
[ 2020-05-27 07:31:47,083][kfold_wrapper.log_eval_metrics] Accuracy(layer_4 - estimator_1 - 12_folds.train_2.predict)=33.33%
[ 2020-05-27 07:31:47,444][kfold_wrapper.log_eval_metrics] Accuracy(layer_4 - estimator_1 - 12_folds.train_3.predict)=34.50%
[ 2020-05-27 07:31:47,788][kfold_wrapper.log_eval_metrics] Accuracy(layer_4 - estimator_1 - 12_folds.train_4.predict)=30.00%
[ 2020-05-27 07:31:48,132][kfold_wrapper.log_eval_metrics] Accuracy(layer_4 - estimator_1 - 12_folds.train_5.predict)=45.00%
[ 2020-05-27 07:31:48,483][kfold_wrapper.log_eval_metrics] Accuracy(layer_4 - estimator_1 - 12_folds.train_6.predict)=38.00%
[ 2020-05-27 07:31:48,830][kfold_wrapper.log_eval_metrics] Accuracy(layer_4 - estimator_1 - 12_folds.train_7.predict)=41.50%
[ 2020-05-27 07:31:49,187][kfold_wrapper.log_eval_metrics] Accuracy(layer_4 - estimator_1 - 12_folds.train_8.predict)=38.50%
[ 2020-05-27 07:31:49,532][kfold_wrapper.log_eval_metrics] Accuracy(layer_4 - estimator_1 - 12_folds.train_9.predict)=39.00%
[ 2020-05-27 07:31:49,897][kfold_wrapper.log_eval_metrics] Accuracy(layer_4 - estimator_1 - 12_folds.train_10.predict)=37.50%
[ 2020-05-27 07:31:50,261][kfold_wrapper.log_eval_metrics] Accuracy(layer_4 - estimator_1 - 12_folds.train_11.predict)=35.00%
[ 2020-05-27 07:31:50,381][kfold_wrapper.log_eval_metrics] Accuracy(layer_4 - estimator_1 - 12_folds.train_cv.predict)=37.41%
[ 2020-05-27 07:31:50,384][kfold_wrapper.log_eval_metrics] Accuracy(layer_4 - estimator_1 - 12_folds.test.predict)=33.21%
[ 2020-05-27 07:31:50,624][kfold_wrapper.log_eval_metrics] Accuracy(layer_4 - estimator_2 - 12_folds.train_0.predict)=36.82%
[ 2020-05-27 07:31:50,983][kfold_wrapper.log_eval_metrics] Accuracy(layer_4 - estimator_2 - 12_folds.train_1.predict)=37.31%
[ 2020-05-27 07:31:51,339][kfold_wrapper.log_eval_metrics] Accuracy(layer_4 - estimator_2 - 12_folds.train_2.predict)=35.82%
[ 2020-05-27 07:31:51,687][kfold_wrapper.log_eval_metrics] Accuracy(layer_4 - estimator_2 - 12_folds.train_3.predict)=39.50%
[ 2020-05-27 07:31:52,052][kfold_wrapper.log_eval_metrics] Accuracy(layer_4 - estimator_2 - 12_folds.train_4.predict)=34.50%
[ 2020-05-27 07:31:52,417][kfold_wrapper.log_eval_metrics] Accuracy(layer_4 - estimator_2 - 12_folds.train_5.predict)=31.50%
[ 2020-05-27 07:31:52,765][kfold_wrapper.log_eval_metrics] Accuracy(layer_4 - estimator_2 - 12_folds.train_6.predict)=34.50%
[ 2020-05-27 07:31:53,125][kfold_wrapper.log_eval_metrics] Accuracy(layer_4 - estimator_2 - 12_folds.train_7.predict)=34.50%
[ 2020-05-27 07:31:53,462][kfold_wrapper.log_eval_metrics] Accuracy(layer_4 - estimator_2 - 12_folds.train_8.predict)=35.50%
[ 2020-05-27 07:31:53,825][kfold_wrapper.log_eval_metrics] Accuracy(layer_4 - estimator_2 - 12_folds.train_9.predict)=35.50%
[ 2020-05-27 07:31:54,187][kfold_wrapper.log_eval_metrics] Accuracy(layer_4 - estimator_2 - 12_folds.train_10.predict)=42.00%
[ 2020-05-27 07:31:54,540][kfold_wrapper.log_eval_metrics] Accuracy(layer_4 - estimator_2 - 12_folds.train_11.predict)=33.00%
[ 2020-05-27 07:31:54,661][kfold_wrapper.log_eval_metrics] Accuracy(layer_4 - estimator_2 - 12_folds.train_cv.predict)=35.87%
[ 2020-05-27 07:31:54,666][kfold_wrapper.log_eval_metrics] Accuracy(layer_4 - estimator_2 - 12_folds.test.predict)=38.81%
[ 2020-05-27 07:31:54,843][kfold_wrapper.log_eval_metrics] Accuracy(layer_4 - estimator_3 - 12_folds.train_0.predict)=35.32%
[ 2020-05-27 07:31:54,978][kfold_wrapper.log_eval_metrics] Accuracy(layer_4 - estimator_3 - 12_folds.train_1.predict)=37.31%
[ 2020-05-27 07:31:55,107][kfold_wrapper.log_eval_metrics] Accuracy(layer_4 - estimator_3 - 12_folds.train_2.predict)=39.30%
[ 2020-05-27 07:31:55,236][kfold_wrapper.log_eval_metrics] Accuracy(layer_4 - estimator_3 - 12_folds.train_3.predict)=42.50%
[ 2020-05-27 07:31:55,369][kfold_wrapper.log_eval_metrics] Accuracy(layer_4 - estimator_3 - 12_folds.train_4.predict)=42.50%
[ 2020-05-27 07:31:55,502][kfold_wrapper.log_eval_metrics] Accuracy(layer_4 - estimator_3 - 12_folds.train_5.predict)=37.50%
[ 2020-05-27 07:31:55,632][kfold_wrapper.log_eval_metrics] Accuracy(layer_4 - estimator_3 - 12_folds.train_6.predict)=38.00%
[ 2020-05-27 07:31:55,764][kfold_wrapper.log_eval_metrics] Accuracy(layer_4 - estimator_3 - 12_folds.train_7.predict)=48.00%
[ 2020-05-27 07:31:55,898][kfold_wrapper.log_eval_metrics] Accuracy(layer_4 - estimator_3 - 12_folds.train_8.predict)=39.50%
[ 2020-05-27 07:31:56,033][kfold_wrapper.log_eval_metrics] Accuracy(layer_4 - estimator_3 - 12_folds.train_9.predict)=42.00%
[ 2020-05-27 07:31:56,166][kfold_wrapper.log_eval_metrics] Accuracy(layer_4 - estimator_3 - 12_folds.train_10.predict)=48.50%
[ 2020-05-27 07:31:56,296][kfold_wrapper.log_eval_metrics] Accuracy(layer_4 - estimator_3 - 12_folds.train_11.predict)=45.50%
[ 2020-05-27 07:31:56,297][kfold_wrapper.log_eval_metrics] Accuracy(layer_4 - estimator_3 - 12_folds.train_cv.predict)=41.32%
[ 2020-05-27 07:31:56,298][kfold_wrapper.log_eval_metrics] Accuracy(layer_4 - estimator_3 - 12_folds.test.predict)=44.03%
[ 2020-05-27 07:31:56,298][cascade_classifier.calc_accuracy] Accuracy(layer_4 - train.classifier_average)=39.49%
[ 2020-05-27 07:31:56,299][cascade_classifier.calc_accuracy] Accuracy(layer_4 - test.classifier_average)=40.67%
[ 2020-05-27 07:31:56,300][cascade_classifier.fit_transform] [layer=5] look_indexs=[0], X_cur_train.shape=(2403, 17), X_cur_test.shape=(268, 17)
[ 2020-05-27 07:31:56,339][kfold_wrapper.log_eval_metrics] Accuracy(layer_5 - estimator_0 - 5_folds.train_0.predict)=41.16%
[ 2020-05-27 07:31:56,378][kfold_wrapper.log_eval_metrics] Accuracy(layer_5 - estimator_0 - 5_folds.train_1.predict)=39.09%
[ 2020-05-27 07:31:56,416][kfold_wrapper.log_eval_metrics] Accuracy(layer_5 - estimator_0 - 5_folds.train_2.predict)=42.00%
[ 2020-05-27 07:31:56,454][kfold_wrapper.log_eval_metrics] Accuracy(layer_5 - estimator_0 - 5_folds.train_3.predict)=40.83%
[ 2020-05-27 07:31:56,493][kfold_wrapper.log_eval_metrics] Accuracy(layer_5 - estimator_0 - 5_folds.train_4.predict)=38.96%
[ 2020-05-27 07:31:56,496][kfold_wrapper.log_eval_metrics] Accuracy(layer_5 - estimator_0 - 5_folds.train_cv.predict)=40.41%
[ 2020-05-27 07:31:56,498][kfold_wrapper.log_eval_metrics] Accuracy(layer_5 - estimator_0 - 5_folds.test.predict)=42.54%
[ 2020-05-27 07:31:56,719][kfold_wrapper.log_eval_metrics] Accuracy(layer_5 - estimator_1 - 12_folds.train_0.predict)=36.32%
[ 2020-05-27 07:31:57,075][kfold_wrapper.log_eval_metrics] Accuracy(layer_5 - estimator_1 - 12_folds.train_1.predict)=34.33%
[ 2020-05-27 07:31:57,435][kfold_wrapper.log_eval_metrics] Accuracy(layer_5 - estimator_1 - 12_folds.train_2.predict)=31.84%
[ 2020-05-27 07:31:57,796][kfold_wrapper.log_eval_metrics] Accuracy(layer_5 - estimator_1 - 12_folds.train_3.predict)=42.50%
[ 2020-05-27 07:31:58,147][kfold_wrapper.log_eval_metrics] Accuracy(layer_5 - estimator_1 - 12_folds.train_4.predict)=34.00%
[ 2020-05-27 07:31:58,500][kfold_wrapper.log_eval_metrics] Accuracy(layer_5 - estimator_1 - 12_folds.train_5.predict)=38.00%
[ 2020-05-27 07:31:58,847][kfold_wrapper.log_eval_metrics] Accuracy(layer_5 - estimator_1 - 12_folds.train_6.predict)=33.00%
[ 2020-05-27 07:31:59,202][kfold_wrapper.log_eval_metrics] Accuracy(layer_5 - estimator_1 - 12_folds.train_7.predict)=37.50%
[ 2020-05-27 07:31:59,555][kfold_wrapper.log_eval_metrics] Accuracy(layer_5 - estimator_1 - 12_folds.train_8.predict)=39.00%
[ 2020-05-27 07:31:59,907][kfold_wrapper.log_eval_metrics] Accuracy(layer_5 - estimator_1 - 12_folds.train_9.predict)=40.00%
[ 2020-05-27 07:32:00,255][kfold_wrapper.log_eval_metrics] Accuracy(layer_5 - estimator_1 - 12_folds.train_10.predict)=37.50%
[ 2020-05-27 07:32:00,616][kfold_wrapper.log_eval_metrics] Accuracy(layer_5 - estimator_1 - 12_folds.train_11.predict)=35.50%
[ 2020-05-27 07:32:00,738][kfold_wrapper.log_eval_metrics] Accuracy(layer_5 - estimator_1 - 12_folds.train_cv.predict)=36.62%
[ 2020-05-27 07:32:00,741][kfold_wrapper.log_eval_metrics] Accuracy(layer_5 - estimator_1 - 12_folds.test.predict)=36.94%
[ 2020-05-27 07:32:01,002][kfold_wrapper.log_eval_metrics] Accuracy(layer_5 - estimator_2 - 12_folds.train_0.predict)=35.82%
[ 2020-05-27 07:32:01,365][kfold_wrapper.log_eval_metrics] Accuracy(layer_5 - estimator_2 - 12_folds.train_1.predict)=41.29%
[ 2020-05-27 07:32:01,720][kfold_wrapper.log_eval_metrics] Accuracy(layer_5 - estimator_2 - 12_folds.train_2.predict)=35.32%
[ 2020-05-27 07:32:02,085][kfold_wrapper.log_eval_metrics] Accuracy(layer_5 - estimator_2 - 12_folds.train_3.predict)=33.50%
[ 2020-05-27 07:32:02,444][kfold_wrapper.log_eval_metrics] Accuracy(layer_5 - estimator_2 - 12_folds.train_4.predict)=36.00%
[ 2020-05-27 07:32:02,800][kfold_wrapper.log_eval_metrics] Accuracy(layer_5 - estimator_2 - 12_folds.train_5.predict)=33.00%
[ 2020-05-27 07:32:03,163][kfold_wrapper.log_eval_metrics] Accuracy(layer_5 - estimator_2 - 12_folds.train_6.predict)=42.00%
[ 2020-05-27 07:32:03,521][kfold_wrapper.log_eval_metrics] Accuracy(layer_5 - estimator_2 - 12_folds.train_7.predict)=39.50%
[ 2020-05-27 07:32:03,883][kfold_wrapper.log_eval_metrics] Accuracy(layer_5 - estimator_2 - 12_folds.train_8.predict)=35.00%
[ 2020-05-27 07:32:04,233][kfold_wrapper.log_eval_metrics] Accuracy(layer_5 - estimator_2 - 12_folds.train_9.predict)=40.00%
[ 2020-05-27 07:32:04,583][kfold_wrapper.log_eval_metrics] Accuracy(layer_5 - estimator_2 - 12_folds.train_10.predict)=36.50%
[ 2020-05-27 07:32:04,944][kfold_wrapper.log_eval_metrics] Accuracy(layer_5 - estimator_2 - 12_folds.train_11.predict)=37.00%
[ 2020-05-27 07:32:05,060][kfold_wrapper.log_eval_metrics] Accuracy(layer_5 - estimator_2 - 12_folds.train_cv.predict)=37.08%
[ 2020-05-27 07:32:05,062][kfold_wrapper.log_eval_metrics] Accuracy(layer_5 - estimator_2 - 12_folds.test.predict)=41.04%
[ 2020-05-27 07:32:05,266][kfold_wrapper.log_eval_metrics] Accuracy(layer_5 - estimator_3 - 12_folds.train_0.predict)=40.80%
[ 2020-05-27 07:32:05,434][kfold_wrapper.log_eval_metrics] Accuracy(layer_5 - estimator_3 - 12_folds.train_1.predict)=42.79%
[ 2020-05-27 07:32:05,597][kfold_wrapper.log_eval_metrics] Accuracy(layer_5 - estimator_3 - 12_folds.train_2.predict)=44.28%
[ 2020-05-27 07:32:05,767][kfold_wrapper.log_eval_metrics] Accuracy(layer_5 - estimator_3 - 12_folds.train_3.predict)=34.50%
[ 2020-05-27 07:32:05,931][kfold_wrapper.log_eval_metrics] Accuracy(layer_5 - estimator_3 - 12_folds.train_4.predict)=35.50%
[ 2020-05-27 07:32:06,098][kfold_wrapper.log_eval_metrics] Accuracy(layer_5 - estimator_3 - 12_folds.train_5.predict)=45.50%
[ 2020-05-27 07:32:06,265][kfold_wrapper.log_eval_metrics] Accuracy(layer_5 - estimator_3 - 12_folds.train_6.predict)=42.00%
[ 2020-05-27 07:32:06,434][kfold_wrapper.log_eval_metrics] Accuracy(layer_5 - estimator_3 - 12_folds.train_7.predict)=40.50%
[ 2020-05-27 07:32:06,602][kfold_wrapper.log_eval_metrics] Accuracy(layer_5 - estimator_3 - 12_folds.train_8.predict)=44.50%
[ 2020-05-27 07:32:06,775][kfold_wrapper.log_eval_metrics] Accuracy(layer_5 - estimator_3 - 12_folds.train_9.predict)=35.50%
[ 2020-05-27 07:32:06,944][kfold_wrapper.log_eval_metrics] Accuracy(layer_5 - estimator_3 - 12_folds.train_10.predict)=41.50%
[ 2020-05-27 07:32:07,114][kfold_wrapper.log_eval_metrics] Accuracy(layer_5 - estimator_3 - 12_folds.train_11.predict)=37.50%
[ 2020-05-27 07:32:07,116][kfold_wrapper.log_eval_metrics] Accuracy(layer_5 - estimator_3 - 12_folds.train_cv.predict)=40.41%
[ 2020-05-27 07:32:07,116][kfold_wrapper.log_eval_metrics] Accuracy(layer_5 - estimator_3 - 12_folds.test.predict)=43.66%
[ 2020-05-27 07:32:07,118][cascade_classifier.calc_accuracy] Accuracy(layer_5 - train.classifier_average)=39.16%
[ 2020-05-27 07:32:07,118][cascade_classifier.calc_accuracy] Accuracy(layer_5 - test.classifier_average)=41.42%
[ 2020-05-27 07:32:07,119][cascade_classifier.fit_transform] [Result][Optimal Level Detected] opt_layer_num=2, accuracy_train=42.86%, accuracy_test=45.52%
[ 2020-05-27 07:32:07,215][cascade_classifier.transform] X_groups_test.shape=[(244, 5)]
[ 2020-05-27 07:32:07,216][cascade_classifier.transform] group_dims=[5]
[ 2020-05-27 07:32:07,216][cascade_classifier.transform] X_test.shape=(244, 5)
[ 2020-05-27 07:32:07,217][cascade_classifier.transform] [layer=0] look_indexs=[0], X_cur_test.shape=(244, 5)
[ 2020-05-27 07:32:09,890][cascade_classifier.transform] [layer=1] look_indexs=[0], X_cur_test.shape=(244, 17)
[ 2020-05-27 07:32:12,925][cascade_classifier.fit_transform] X_groups_train.shape=[(2623, 5)],y_train.shape=(2623,),X_groups_test.shape=[(292, 5)],y_test.shape=(292,)
[ 2020-05-27 07:32:12,925][cascade_classifier.fit_transform] group_dims=[5]
[ 2020-05-27 07:32:12,926][cascade_classifier.fit_transform] group_starts=[0]
[ 2020-05-27 07:32:12,927][cascade_classifier.fit_transform] group_ends=[5]
[ 2020-05-27 07:32:12,927][cascade_classifier.fit_transform] X_train.shape=(2623, 5),X_test.shape=(292, 5)
[ 2020-05-27 07:32:12,928][cascade_classifier.fit_transform] [layer=0] look_indexs=[0], X_cur_train.shape=(2623, 5), X_cur_test.shape=(292, 5)
[ 2020-05-27 07:32:12,960][kfold_wrapper.log_eval_metrics] Accuracy(layer_0 - estimator_0 - 5_folds.train_0.predict)=36.76%
[ 2020-05-27 07:32:12,991][kfold_wrapper.log_eval_metrics] Accuracy(layer_0 - estimator_0 - 5_folds.train_1.predict)=39.24%
[ 2020-05-27 07:32:13,023][kfold_wrapper.log_eval_metrics] Accuracy(layer_0 - estimator_0 - 5_folds.train_2.predict)=41.71%
[ 2020-05-27 07:32:13,054][kfold_wrapper.log_eval_metrics] Accuracy(layer_0 - estimator_0 - 5_folds.train_3.predict)=33.59%
[ 2020-05-27 07:32:13,086][kfold_wrapper.log_eval_metrics] Accuracy(layer_0 - estimator_0 - 5_folds.train_4.predict)=41.03%
[ 2020-05-27 07:32:13,088][kfold_wrapper.log_eval_metrics] Accuracy(layer_0 - estimator_0 - 5_folds.train_cv.predict)=38.47%
[ 2020-05-27 07:32:13,089][kfold_wrapper.log_eval_metrics] Accuracy(layer_0 - estimator_0 - 5_folds.test.predict)=28.77%
[ 2020-05-27 07:32:13,309][kfold_wrapper.log_eval_metrics] Accuracy(layer_0 - estimator_1 - 12_folds.train_0.predict)=33.79%
[ 2020-05-27 07:32:13,655][kfold_wrapper.log_eval_metrics] Accuracy(layer_0 - estimator_1 - 12_folds.train_1.predict)=28.77%
[ 2020-05-27 07:32:13,994][kfold_wrapper.log_eval_metrics] Accuracy(layer_0 - estimator_1 - 12_folds.train_2.predict)=33.33%
[ 2020-05-27 07:32:14,344][kfold_wrapper.log_eval_metrics] Accuracy(layer_0 - estimator_1 - 12_folds.train_3.predict)=29.68%
[ 2020-05-27 07:32:14,702][kfold_wrapper.log_eval_metrics] Accuracy(layer_0 - estimator_1 - 12_folds.train_4.predict)=34.25%
[ 2020-05-27 07:32:15,050][kfold_wrapper.log_eval_metrics] Accuracy(layer_0 - estimator_1 - 12_folds.train_5.predict)=35.16%
[ 2020-05-27 07:32:15,385][kfold_wrapper.log_eval_metrics] Accuracy(layer_0 - estimator_1 - 12_folds.train_6.predict)=32.42%
[ 2020-05-27 07:32:15,739][kfold_wrapper.log_eval_metrics] Accuracy(layer_0 - estimator_1 - 12_folds.train_7.predict)=33.49%
[ 2020-05-27 07:32:16,084][kfold_wrapper.log_eval_metrics] Accuracy(layer_0 - estimator_1 - 12_folds.train_8.predict)=33.03%
[ 2020-05-27 07:32:16,425][kfold_wrapper.log_eval_metrics] Accuracy(layer_0 - estimator_1 - 12_folds.train_9.predict)=38.07%
[ 2020-05-27 07:32:16,781][kfold_wrapper.log_eval_metrics] Accuracy(layer_0 - estimator_1 - 12_folds.train_10.predict)=40.37%
[ 2020-05-27 07:32:17,129][kfold_wrapper.log_eval_metrics] Accuracy(layer_0 - estimator_1 - 12_folds.train_11.predict)=34.40%
[ 2020-05-27 07:32:17,243][kfold_wrapper.log_eval_metrics] Accuracy(layer_0 - estimator_1 - 12_folds.train_cv.predict)=33.89%
[ 2020-05-27 07:32:17,246][kfold_wrapper.log_eval_metrics] Accuracy(layer_0 - estimator_1 - 12_folds.test.predict)=32.53%
[ 2020-05-27 07:32:17,480][kfold_wrapper.log_eval_metrics] Accuracy(layer_0 - estimator_2 - 12_folds.train_0.predict)=30.14%
[ 2020-05-27 07:32:17,826][kfold_wrapper.log_eval_metrics] Accuracy(layer_0 - estimator_2 - 12_folds.train_1.predict)=33.33%
[ 2020-05-27 07:32:18,185][kfold_wrapper.log_eval_metrics] Accuracy(layer_0 - estimator_2 - 12_folds.train_2.predict)=34.70%
[ 2020-05-27 07:32:18,534][kfold_wrapper.log_eval_metrics] Accuracy(layer_0 - estimator_2 - 12_folds.train_3.predict)=28.77%
[ 2020-05-27 07:32:18,880][kfold_wrapper.log_eval_metrics] Accuracy(layer_0 - estimator_2 - 12_folds.train_4.predict)=31.96%
[ 2020-05-27 07:32:19,234][kfold_wrapper.log_eval_metrics] Accuracy(layer_0 - estimator_2 - 12_folds.train_5.predict)=33.33%
[ 2020-05-27 07:32:19,593][kfold_wrapper.log_eval_metrics] Accuracy(layer_0 - estimator_2 - 12_folds.train_6.predict)=28.77%
[ 2020-05-27 07:32:19,950][kfold_wrapper.log_eval_metrics] Accuracy(layer_0 - estimator_2 - 12_folds.train_7.predict)=40.83%
[ 2020-05-27 07:32:20,298][kfold_wrapper.log_eval_metrics] Accuracy(layer_0 - estimator_2 - 12_folds.train_8.predict)=36.24%
[ 2020-05-27 07:32:20,651][kfold_wrapper.log_eval_metrics] Accuracy(layer_0 - estimator_2 - 12_folds.train_9.predict)=30.28%
[ 2020-05-27 07:32:21,011][kfold_wrapper.log_eval_metrics] Accuracy(layer_0 - estimator_2 - 12_folds.train_10.predict)=30.73%
[ 2020-05-27 07:32:21,351][kfold_wrapper.log_eval_metrics] Accuracy(layer_0 - estimator_2 - 12_folds.train_11.predict)=33.49%
[ 2020-05-27 07:32:21,464][kfold_wrapper.log_eval_metrics] Accuracy(layer_0 - estimator_2 - 12_folds.train_cv.predict)=32.71%
[ 2020-05-27 07:32:21,467][kfold_wrapper.log_eval_metrics] Accuracy(layer_0 - estimator_2 - 12_folds.test.predict)=28.77%
[ 2020-05-27 07:32:21,556][kfold_wrapper.log_eval_metrics] Accuracy(layer_0 - estimator_3 - 12_folds.train_0.predict)=40.18%
[ 2020-05-27 07:32:21,580][kfold_wrapper.log_eval_metrics] Accuracy(layer_0 - estimator_3 - 12_folds.train_1.predict)=41.10%
[ 2020-05-27 07:32:21,614][kfold_wrapper.log_eval_metrics] Accuracy(layer_0 - estimator_3 - 12_folds.train_2.predict)=38.36%
[ 2020-05-27 07:32:21,640][kfold_wrapper.log_eval_metrics] Accuracy(layer_0 - estimator_3 - 12_folds.train_3.predict)=37.44%
[ 2020-05-27 07:32:21,671][kfold_wrapper.log_eval_metrics] Accuracy(layer_0 - estimator_3 - 12_folds.train_4.predict)=38.81%
[ 2020-05-27 07:32:21,705][kfold_wrapper.log_eval_metrics] Accuracy(layer_0 - estimator_3 - 12_folds.train_5.predict)=40.18%
[ 2020-05-27 07:32:21,737][kfold_wrapper.log_eval_metrics] Accuracy(layer_0 - estimator_3 - 12_folds.train_6.predict)=40.64%
[ 2020-05-27 07:32:21,771][kfold_wrapper.log_eval_metrics] Accuracy(layer_0 - estimator_3 - 12_folds.train_7.predict)=38.53%
[ 2020-05-27 07:32:21,797][kfold_wrapper.log_eval_metrics] Accuracy(layer_0 - estimator_3 - 12_folds.train_8.predict)=41.74%
[ 2020-05-27 07:32:21,829][kfold_wrapper.log_eval_metrics] Accuracy(layer_0 - estimator_3 - 12_folds.train_9.predict)=39.91%
[ 2020-05-27 07:32:21,859][kfold_wrapper.log_eval_metrics] Accuracy(layer_0 - estimator_3 - 12_folds.train_10.predict)=41.74%
[ 2020-05-27 07:32:21,897][kfold_wrapper.log_eval_metrics] Accuracy(layer_0 - estimator_3 - 12_folds.train_11.predict)=42.20%
[ 2020-05-27 07:32:21,899][kfold_wrapper.log_eval_metrics] Accuracy(layer_0 - estimator_3 - 12_folds.train_cv.predict)=40.07%
[ 2020-05-27 07:32:21,899][kfold_wrapper.log_eval_metrics] Accuracy(layer_0 - estimator_3 - 12_folds.test.predict)=27.74%
[ 2020-05-27 07:32:21,900][cascade_classifier.calc_accuracy] Accuracy(layer_0 - train.classifier_average)=34.81%
[ 2020-05-27 07:32:21,901][cascade_classifier.calc_accuracy] Accuracy(layer_0 - test.classifier_average)=32.19%
[ 2020-05-27 07:32:21,903][cascade_classifier.fit_transform] [layer=1] look_indexs=[0], X_cur_train.shape=(2623, 17), X_cur_test.shape=(292, 17)
[ 2020-05-27 07:32:21,942][kfold_wrapper.log_eval_metrics] Accuracy(layer_1 - estimator_0 - 5_folds.train_0.predict)=39.81%
[ 2020-05-27 07:32:21,981][kfold_wrapper.log_eval_metrics] Accuracy(layer_1 - estimator_0 - 5_folds.train_1.predict)=41.52%
[ 2020-05-27 07:32:22,020][kfold_wrapper.log_eval_metrics] Accuracy(layer_1 - estimator_0 - 5_folds.train_2.predict)=39.43%
[ 2020-05-27 07:32:22,060][kfold_wrapper.log_eval_metrics] Accuracy(layer_1 - estimator_0 - 5_folds.train_3.predict)=42.18%
[ 2020-05-27 07:32:22,099][kfold_wrapper.log_eval_metrics] Accuracy(layer_1 - estimator_0 - 5_folds.train_4.predict)=43.51%
[ 2020-05-27 07:32:22,101][kfold_wrapper.log_eval_metrics] Accuracy(layer_1 - estimator_0 - 5_folds.train_cv.predict)=41.29%
[ 2020-05-27 07:32:22,103][kfold_wrapper.log_eval_metrics] Accuracy(layer_1 - estimator_0 - 5_folds.test.predict)=33.90%
[ 2020-05-27 07:32:22,323][kfold_wrapper.log_eval_metrics] Accuracy(layer_1 - estimator_1 - 12_folds.train_0.predict)=38.81%
[ 2020-05-27 07:32:22,682][kfold_wrapper.log_eval_metrics] Accuracy(layer_1 - estimator_1 - 12_folds.train_1.predict)=41.10%
[ 2020-05-27 07:32:23,044][kfold_wrapper.log_eval_metrics] Accuracy(layer_1 - estimator_1 - 12_folds.train_2.predict)=36.99%
[ 2020-05-27 07:32:23,404][kfold_wrapper.log_eval_metrics] Accuracy(layer_1 - estimator_1 - 12_folds.train_3.predict)=39.27%
[ 2020-05-27 07:32:23,745][kfold_wrapper.log_eval_metrics] Accuracy(layer_1 - estimator_1 - 12_folds.train_4.predict)=41.10%
[ 2020-05-27 07:32:24,102][kfold_wrapper.log_eval_metrics] Accuracy(layer_1 - estimator_1 - 12_folds.train_5.predict)=37.90%
[ 2020-05-27 07:32:24,460][kfold_wrapper.log_eval_metrics] Accuracy(layer_1 - estimator_1 - 12_folds.train_6.predict)=36.53%
[ 2020-05-27 07:32:24,820][kfold_wrapper.log_eval_metrics] Accuracy(layer_1 - estimator_1 - 12_folds.train_7.predict)=37.16%
[ 2020-05-27 07:32:25,169][kfold_wrapper.log_eval_metrics] Accuracy(layer_1 - estimator_1 - 12_folds.train_8.predict)=38.07%
[ 2020-05-27 07:32:25,515][kfold_wrapper.log_eval_metrics] Accuracy(layer_1 - estimator_1 - 12_folds.train_9.predict)=38.07%
[ 2020-05-27 07:32:25,872][kfold_wrapper.log_eval_metrics] Accuracy(layer_1 - estimator_1 - 12_folds.train_10.predict)=43.58%
[ 2020-05-27 07:32:26,221][kfold_wrapper.log_eval_metrics] Accuracy(layer_1 - estimator_1 - 12_folds.train_11.predict)=44.04%
[ 2020-05-27 07:32:26,334][kfold_wrapper.log_eval_metrics] Accuracy(layer_1 - estimator_1 - 12_folds.train_cv.predict)=39.38%
[ 2020-05-27 07:32:26,336][kfold_wrapper.log_eval_metrics] Accuracy(layer_1 - estimator_1 - 12_folds.test.predict)=28.08%
[ 2020-05-27 07:32:26,574][kfold_wrapper.log_eval_metrics] Accuracy(layer_1 - estimator_2 - 12_folds.train_0.predict)=40.64%
[ 2020-05-27 07:32:26,929][kfold_wrapper.log_eval_metrics] Accuracy(layer_1 - estimator_2 - 12_folds.train_1.predict)=39.27%
[ 2020-05-27 07:32:27,268][kfold_wrapper.log_eval_metrics] Accuracy(layer_1 - estimator_2 - 12_folds.train_2.predict)=43.38%
[ 2020-05-27 07:32:27,609][kfold_wrapper.log_eval_metrics] Accuracy(layer_1 - estimator_2 - 12_folds.train_3.predict)=36.07%
[ 2020-05-27 07:32:27,960][kfold_wrapper.log_eval_metrics] Accuracy(layer_1 - estimator_2 - 12_folds.train_4.predict)=42.92%
[ 2020-05-27 07:32:28,320][kfold_wrapper.log_eval_metrics] Accuracy(layer_1 - estimator_2 - 12_folds.train_5.predict)=39.73%
[ 2020-05-27 07:32:28,668][kfold_wrapper.log_eval_metrics] Accuracy(layer_1 - estimator_2 - 12_folds.train_6.predict)=41.10%
[ 2020-05-27 07:32:29,022][kfold_wrapper.log_eval_metrics] Accuracy(layer_1 - estimator_2 - 12_folds.train_7.predict)=36.24%
[ 2020-05-27 07:32:29,382][kfold_wrapper.log_eval_metrics] Accuracy(layer_1 - estimator_2 - 12_folds.train_8.predict)=41.74%
[ 2020-05-27 07:32:29,741][kfold_wrapper.log_eval_metrics] Accuracy(layer_1 - estimator_2 - 12_folds.train_9.predict)=40.37%
[ 2020-05-27 07:32:30,091][kfold_wrapper.log_eval_metrics] Accuracy(layer_1 - estimator_2 - 12_folds.train_10.predict)=39.45%
[ 2020-05-27 07:32:30,440][kfold_wrapper.log_eval_metrics] Accuracy(layer_1 - estimator_2 - 12_folds.train_11.predict)=38.99%
[ 2020-05-27 07:32:30,558][kfold_wrapper.log_eval_metrics] Accuracy(layer_1 - estimator_2 - 12_folds.train_cv.predict)=39.99%
[ 2020-05-27 07:32:30,561][kfold_wrapper.log_eval_metrics] Accuracy(layer_1 - estimator_2 - 12_folds.test.predict)=29.79%
[ 2020-05-27 07:32:30,696][kfold_wrapper.log_eval_metrics] Accuracy(layer_1 - estimator_3 - 12_folds.train_0.predict)=35.16%
[ 2020-05-27 07:32:30,780][kfold_wrapper.log_eval_metrics] Accuracy(layer_1 - estimator_3 - 12_folds.train_1.predict)=41.10%
[ 2020-05-27 07:32:30,865][kfold_wrapper.log_eval_metrics] Accuracy(layer_1 - estimator_3 - 12_folds.train_2.predict)=43.84%
[ 2020-05-27 07:32:30,951][kfold_wrapper.log_eval_metrics] Accuracy(layer_1 - estimator_3 - 12_folds.train_3.predict)=40.18%
[ 2020-05-27 07:32:31,035][kfold_wrapper.log_eval_metrics] Accuracy(layer_1 - estimator_3 - 12_folds.train_4.predict)=36.07%
[ 2020-05-27 07:32:31,119][kfold_wrapper.log_eval_metrics] Accuracy(layer_1 - estimator_3 - 12_folds.train_5.predict)=46.58%
[ 2020-05-27 07:32:31,209][kfold_wrapper.log_eval_metrics] Accuracy(layer_1 - estimator_3 - 12_folds.train_6.predict)=34.25%
[ 2020-05-27 07:32:31,291][kfold_wrapper.log_eval_metrics] Accuracy(layer_1 - estimator_3 - 12_folds.train_7.predict)=37.61%
[ 2020-05-27 07:32:31,374][kfold_wrapper.log_eval_metrics] Accuracy(layer_1 - estimator_3 - 12_folds.train_8.predict)=33.94%
[ 2020-05-27 07:32:31,458][kfold_wrapper.log_eval_metrics] Accuracy(layer_1 - estimator_3 - 12_folds.train_9.predict)=39.91%
[ 2020-05-27 07:32:31,543][kfold_wrapper.log_eval_metrics] Accuracy(layer_1 - estimator_3 - 12_folds.train_10.predict)=43.58%
[ 2020-05-27 07:32:31,625][kfold_wrapper.log_eval_metrics] Accuracy(layer_1 - estimator_3 - 12_folds.train_11.predict)=42.20%
[ 2020-05-27 07:32:31,627][kfold_wrapper.log_eval_metrics] Accuracy(layer_1 - estimator_3 - 12_folds.train_cv.predict)=39.53%
[ 2020-05-27 07:32:31,627][kfold_wrapper.log_eval_metrics] Accuracy(layer_1 - estimator_3 - 12_folds.test.predict)=29.45%
[ 2020-05-27 07:32:31,628][cascade_classifier.calc_accuracy] Accuracy(layer_1 - train.classifier_average)=42.24%
[ 2020-05-27 07:32:31,629][cascade_classifier.calc_accuracy] Accuracy(layer_1 - test.classifier_average)=31.85%
[ 2020-05-27 07:32:31,630][cascade_classifier.fit_transform] [layer=2] look_indexs=[0], X_cur_train.shape=(2623, 17), X_cur_test.shape=(292, 17)
[ 2020-05-27 07:32:31,669][kfold_wrapper.log_eval_metrics] Accuracy(layer_2 - estimator_0 - 5_folds.train_0.predict)=38.48%
[ 2020-05-27 07:32:31,708][kfold_wrapper.log_eval_metrics] Accuracy(layer_2 - estimator_0 - 5_folds.train_1.predict)=37.33%
[ 2020-05-27 07:32:31,747][kfold_wrapper.log_eval_metrics] Accuracy(layer_2 - estimator_0 - 5_folds.train_2.predict)=39.43%
[ 2020-05-27 07:32:31,787][kfold_wrapper.log_eval_metrics] Accuracy(layer_2 - estimator_0 - 5_folds.train_3.predict)=41.22%
[ 2020-05-27 07:32:31,827][kfold_wrapper.log_eval_metrics] Accuracy(layer_2 - estimator_0 - 5_folds.train_4.predict)=40.65%
[ 2020-05-27 07:32:31,830][kfold_wrapper.log_eval_metrics] Accuracy(layer_2 - estimator_0 - 5_folds.train_cv.predict)=39.42%
[ 2020-05-27 07:32:31,831][kfold_wrapper.log_eval_metrics] Accuracy(layer_2 - estimator_0 - 5_folds.test.predict)=32.53%
[ 2020-05-27 07:32:32,051][kfold_wrapper.log_eval_metrics] Accuracy(layer_2 - estimator_1 - 12_folds.train_0.predict)=42.47%
[ 2020-05-27 07:32:32,393][kfold_wrapper.log_eval_metrics] Accuracy(layer_2 - estimator_1 - 12_folds.train_1.predict)=31.51%
[ 2020-05-27 07:32:32,745][kfold_wrapper.log_eval_metrics] Accuracy(layer_2 - estimator_1 - 12_folds.train_2.predict)=39.73%
[ 2020-05-27 07:32:33,094][kfold_wrapper.log_eval_metrics] Accuracy(layer_2 - estimator_1 - 12_folds.train_3.predict)=39.73%
[ 2020-05-27 07:32:33,449][kfold_wrapper.log_eval_metrics] Accuracy(layer_2 - estimator_1 - 12_folds.train_4.predict)=36.53%
[ 2020-05-27 07:32:33,806][kfold_wrapper.log_eval_metrics] Accuracy(layer_2 - estimator_1 - 12_folds.train_5.predict)=31.51%
[ 2020-05-27 07:32:34,154][kfold_wrapper.log_eval_metrics] Accuracy(layer_2 - estimator_1 - 12_folds.train_6.predict)=32.88%
[ 2020-05-27 07:32:34,514][kfold_wrapper.log_eval_metrics] Accuracy(layer_2 - estimator_1 - 12_folds.train_7.predict)=35.32%
[ 2020-05-27 07:32:34,857][kfold_wrapper.log_eval_metrics] Accuracy(layer_2 - estimator_1 - 12_folds.train_8.predict)=37.61%
[ 2020-05-27 07:32:35,212][kfold_wrapper.log_eval_metrics] Accuracy(layer_2 - estimator_1 - 12_folds.train_9.predict)=41.28%
[ 2020-05-27 07:32:35,559][kfold_wrapper.log_eval_metrics] Accuracy(layer_2 - estimator_1 - 12_folds.train_10.predict)=38.07%
[ 2020-05-27 07:32:35,912][kfold_wrapper.log_eval_metrics] Accuracy(layer_2 - estimator_1 - 12_folds.train_11.predict)=38.99%
[ 2020-05-27 07:32:36,030][kfold_wrapper.log_eval_metrics] Accuracy(layer_2 - estimator_1 - 12_folds.train_cv.predict)=37.13%
[ 2020-05-27 07:32:36,032][kfold_wrapper.log_eval_metrics] Accuracy(layer_2 - estimator_1 - 12_folds.test.predict)=30.82%
[ 2020-05-27 07:32:36,263][kfold_wrapper.log_eval_metrics] Accuracy(layer_2 - estimator_2 - 12_folds.train_0.predict)=35.62%
[ 2020-05-27 07:32:36,611][kfold_wrapper.log_eval_metrics] Accuracy(layer_2 - estimator_2 - 12_folds.train_1.predict)=35.62%
[ 2020-05-27 07:32:36,962][kfold_wrapper.log_eval_metrics] Accuracy(layer_2 - estimator_2 - 12_folds.train_2.predict)=38.36%
[ 2020-05-27 07:32:37,320][kfold_wrapper.log_eval_metrics] Accuracy(layer_2 - estimator_2 - 12_folds.train_3.predict)=35.62%
[ 2020-05-27 07:32:37,673][kfold_wrapper.log_eval_metrics] Accuracy(layer_2 - estimator_2 - 12_folds.train_4.predict)=37.90%
[ 2020-05-27 07:32:38,029][kfold_wrapper.log_eval_metrics] Accuracy(layer_2 - estimator_2 - 12_folds.train_5.predict)=31.51%
[ 2020-05-27 07:32:38,370][kfold_wrapper.log_eval_metrics] Accuracy(layer_2 - estimator_2 - 12_folds.train_6.predict)=40.18%
[ 2020-05-27 07:32:38,726][kfold_wrapper.log_eval_metrics] Accuracy(layer_2 - estimator_2 - 12_folds.train_7.predict)=39.45%
[ 2020-05-27 07:32:39,050][kfold_wrapper.log_eval_metrics] Accuracy(layer_2 - estimator_2 - 12_folds.train_8.predict)=38.07%
[ 2020-05-27 07:32:39,389][kfold_wrapper.log_eval_metrics] Accuracy(layer_2 - estimator_2 - 12_folds.train_9.predict)=36.70%
[ 2020-05-27 07:32:39,752][kfold_wrapper.log_eval_metrics] Accuracy(layer_2 - estimator_2 - 12_folds.train_10.predict)=33.49%
[ 2020-05-27 07:32:40,116][kfold_wrapper.log_eval_metrics] Accuracy(layer_2 - estimator_2 - 12_folds.train_11.predict)=37.61%
[ 2020-05-27 07:32:40,230][kfold_wrapper.log_eval_metrics] Accuracy(layer_2 - estimator_2 - 12_folds.train_cv.predict)=36.68%
[ 2020-05-27 07:32:40,233][kfold_wrapper.log_eval_metrics] Accuracy(layer_2 - estimator_2 - 12_folds.test.predict)=32.53%
[ 2020-05-27 07:32:40,389][kfold_wrapper.log_eval_metrics] Accuracy(layer_2 - estimator_3 - 12_folds.train_0.predict)=45.66%
[ 2020-05-27 07:32:40,496][kfold_wrapper.log_eval_metrics] Accuracy(layer_2 - estimator_3 - 12_folds.train_1.predict)=39.27%
[ 2020-05-27 07:32:40,600][kfold_wrapper.log_eval_metrics] Accuracy(layer_2 - estimator_3 - 12_folds.train_2.predict)=39.27%
[ 2020-05-27 07:32:40,709][kfold_wrapper.log_eval_metrics] Accuracy(layer_2 - estimator_3 - 12_folds.train_3.predict)=41.55%
[ 2020-05-27 07:32:40,815][kfold_wrapper.log_eval_metrics] Accuracy(layer_2 - estimator_3 - 12_folds.train_4.predict)=43.38%
[ 2020-05-27 07:32:40,920][kfold_wrapper.log_eval_metrics] Accuracy(layer_2 - estimator_3 - 12_folds.train_5.predict)=42.47%
[ 2020-05-27 07:32:41,030][kfold_wrapper.log_eval_metrics] Accuracy(layer_2 - estimator_3 - 12_folds.train_6.predict)=42.01%
[ 2020-05-27 07:32:41,137][kfold_wrapper.log_eval_metrics] Accuracy(layer_2 - estimator_3 - 12_folds.train_7.predict)=46.79%
[ 2020-05-27 07:32:41,243][kfold_wrapper.log_eval_metrics] Accuracy(layer_2 - estimator_3 - 12_folds.train_8.predict)=39.91%
[ 2020-05-27 07:32:41,348][kfold_wrapper.log_eval_metrics] Accuracy(layer_2 - estimator_3 - 12_folds.train_9.predict)=44.50%
[ 2020-05-27 07:32:41,455][kfold_wrapper.log_eval_metrics] Accuracy(layer_2 - estimator_3 - 12_folds.train_10.predict)=36.70%
[ 2020-05-27 07:32:41,565][kfold_wrapper.log_eval_metrics] Accuracy(layer_2 - estimator_3 - 12_folds.train_11.predict)=45.87%
[ 2020-05-27 07:32:41,565][kfold_wrapper.log_eval_metrics] Accuracy(layer_2 - estimator_3 - 12_folds.train_cv.predict)=42.28%
[ 2020-05-27 07:32:41,567][kfold_wrapper.log_eval_metrics] Accuracy(layer_2 - estimator_3 - 12_folds.test.predict)=30.48%
[ 2020-05-27 07:32:41,568][cascade_classifier.calc_accuracy] Accuracy(layer_2 - train.classifier_average)=39.34%
[ 2020-05-27 07:32:41,569][cascade_classifier.calc_accuracy] Accuracy(layer_2 - test.classifier_average)=33.90%
[ 2020-05-27 07:32:41,569][cascade_classifier.fit_transform] [layer=3] look_indexs=[0], X_cur_train.shape=(2623, 17), X_cur_test.shape=(292, 17)
[ 2020-05-27 07:32:41,610][kfold_wrapper.log_eval_metrics] Accuracy(layer_3 - estimator_0 - 5_folds.train_0.predict)=40.95%
[ 2020-05-27 07:32:41,650][kfold_wrapper.log_eval_metrics] Accuracy(layer_3 - estimator_0 - 5_folds.train_1.predict)=41.14%
[ 2020-05-27 07:32:41,690][kfold_wrapper.log_eval_metrics] Accuracy(layer_3 - estimator_0 - 5_folds.train_2.predict)=42.67%
[ 2020-05-27 07:32:41,729][kfold_wrapper.log_eval_metrics] Accuracy(layer_3 - estimator_0 - 5_folds.train_3.predict)=38.93%
[ 2020-05-27 07:32:41,769][kfold_wrapper.log_eval_metrics] Accuracy(layer_3 - estimator_0 - 5_folds.train_4.predict)=40.65%
[ 2020-05-27 07:32:41,772][kfold_wrapper.log_eval_metrics] Accuracy(layer_3 - estimator_0 - 5_folds.train_cv.predict)=40.87%
[ 2020-05-27 07:32:41,774][kfold_wrapper.log_eval_metrics] Accuracy(layer_3 - estimator_0 - 5_folds.test.predict)=31.85%
[ 2020-05-27 07:32:41,996][kfold_wrapper.log_eval_metrics] Accuracy(layer_3 - estimator_1 - 12_folds.train_0.predict)=35.16%
[ 2020-05-27 07:32:42,342][kfold_wrapper.log_eval_metrics] Accuracy(layer_3 - estimator_1 - 12_folds.train_1.predict)=39.73%
[ 2020-05-27 07:32:42,701][kfold_wrapper.log_eval_metrics] Accuracy(layer_3 - estimator_1 - 12_folds.train_2.predict)=39.73%
[ 2020-05-27 07:32:43,060][kfold_wrapper.log_eval_metrics] Accuracy(layer_3 - estimator_1 - 12_folds.train_3.predict)=35.62%
[ 2020-05-27 07:32:43,422][kfold_wrapper.log_eval_metrics] Accuracy(layer_3 - estimator_1 - 12_folds.train_4.predict)=41.10%
[ 2020-05-27 07:32:43,782][kfold_wrapper.log_eval_metrics] Accuracy(layer_3 - estimator_1 - 12_folds.train_5.predict)=37.44%
[ 2020-05-27 07:32:44,128][kfold_wrapper.log_eval_metrics] Accuracy(layer_3 - estimator_1 - 12_folds.train_6.predict)=39.27%
[ 2020-05-27 07:32:44,483][kfold_wrapper.log_eval_metrics] Accuracy(layer_3 - estimator_1 - 12_folds.train_7.predict)=38.99%
[ 2020-05-27 07:32:44,841][kfold_wrapper.log_eval_metrics] Accuracy(layer_3 - estimator_1 - 12_folds.train_8.predict)=32.57%
[ 2020-05-27 07:32:45,197][kfold_wrapper.log_eval_metrics] Accuracy(layer_3 - estimator_1 - 12_folds.train_9.predict)=36.70%
[ 2020-05-27 07:32:45,536][kfold_wrapper.log_eval_metrics] Accuracy(layer_3 - estimator_1 - 12_folds.train_10.predict)=39.91%
[ 2020-05-27 07:32:45,888][kfold_wrapper.log_eval_metrics] Accuracy(layer_3 - estimator_1 - 12_folds.train_11.predict)=35.32%
[ 2020-05-27 07:32:45,997][kfold_wrapper.log_eval_metrics] Accuracy(layer_3 - estimator_1 - 12_folds.train_cv.predict)=37.63%
[ 2020-05-27 07:32:46,005][kfold_wrapper.log_eval_metrics] Accuracy(layer_3 - estimator_1 - 12_folds.test.predict)=29.45%
[ 2020-05-27 07:32:46,245][kfold_wrapper.log_eval_metrics] Accuracy(layer_3 - estimator_2 - 12_folds.train_0.predict)=37.44%
[ 2020-05-27 07:32:46,596][kfold_wrapper.log_eval_metrics] Accuracy(layer_3 - estimator_2 - 12_folds.train_1.predict)=32.88%
[ 2020-05-27 07:32:46,913][kfold_wrapper.log_eval_metrics] Accuracy(layer_3 - estimator_2 - 12_folds.train_2.predict)=38.36%
[ 2020-05-27 07:32:47,230][kfold_wrapper.log_eval_metrics] Accuracy(layer_3 - estimator_2 - 12_folds.train_3.predict)=42.92%
[ 2020-05-27 07:32:47,572][kfold_wrapper.log_eval_metrics] Accuracy(layer_3 - estimator_2 - 12_folds.train_4.predict)=33.79%
[ 2020-05-27 07:32:47,916][kfold_wrapper.log_eval_metrics] Accuracy(layer_3 - estimator_2 - 12_folds.train_5.predict)=36.53%
[ 2020-05-27 07:32:48,258][kfold_wrapper.log_eval_metrics] Accuracy(layer_3 - estimator_2 - 12_folds.train_6.predict)=37.90%
[ 2020-05-27 07:32:48,619][kfold_wrapper.log_eval_metrics] Accuracy(layer_3 - estimator_2 - 12_folds.train_7.predict)=35.32%
[ 2020-05-27 07:32:48,955][kfold_wrapper.log_eval_metrics] Accuracy(layer_3 - estimator_2 - 12_folds.train_8.predict)=32.57%
[ 2020-05-27 07:32:49,316][kfold_wrapper.log_eval_metrics] Accuracy(layer_3 - estimator_2 - 12_folds.train_9.predict)=38.99%
[ 2020-05-27 07:32:49,671][kfold_wrapper.log_eval_metrics] Accuracy(layer_3 - estimator_2 - 12_folds.train_10.predict)=34.86%
[ 2020-05-27 07:32:50,029][kfold_wrapper.log_eval_metrics] Accuracy(layer_3 - estimator_2 - 12_folds.train_11.predict)=36.70%
[ 2020-05-27 07:32:50,144][kfold_wrapper.log_eval_metrics] Accuracy(layer_3 - estimator_2 - 12_folds.train_cv.predict)=36.52%
[ 2020-05-27 07:32:50,147][kfold_wrapper.log_eval_metrics] Accuracy(layer_3 - estimator_2 - 12_folds.test.predict)=33.22%
[ 2020-05-27 07:32:50,328][kfold_wrapper.log_eval_metrics] Accuracy(layer_3 - estimator_3 - 12_folds.train_0.predict)=37.90%
[ 2020-05-27 07:32:50,465][kfold_wrapper.log_eval_metrics] Accuracy(layer_3 - estimator_3 - 12_folds.train_1.predict)=41.55%
[ 2020-05-27 07:32:50,603][kfold_wrapper.log_eval_metrics] Accuracy(layer_3 - estimator_3 - 12_folds.train_2.predict)=43.84%
[ 2020-05-27 07:32:50,736][kfold_wrapper.log_eval_metrics] Accuracy(layer_3 - estimator_3 - 12_folds.train_3.predict)=42.92%
[ 2020-05-27 07:32:50,876][kfold_wrapper.log_eval_metrics] Accuracy(layer_3 - estimator_3 - 12_folds.train_4.predict)=39.27%
[ 2020-05-27 07:32:51,013][kfold_wrapper.log_eval_metrics] Accuracy(layer_3 - estimator_3 - 12_folds.train_5.predict)=44.29%
[ 2020-05-27 07:32:51,151][kfold_wrapper.log_eval_metrics] Accuracy(layer_3 - estimator_3 - 12_folds.train_6.predict)=43.84%
[ 2020-05-27 07:32:51,291][kfold_wrapper.log_eval_metrics] Accuracy(layer_3 - estimator_3 - 12_folds.train_7.predict)=44.04%
[ 2020-05-27 07:32:51,433][kfold_wrapper.log_eval_metrics] Accuracy(layer_3 - estimator_3 - 12_folds.train_8.predict)=41.74%
[ 2020-05-27 07:32:51,568][kfold_wrapper.log_eval_metrics] Accuracy(layer_3 - estimator_3 - 12_folds.train_9.predict)=39.45%
[ 2020-05-27 07:32:51,706][kfold_wrapper.log_eval_metrics] Accuracy(layer_3 - estimator_3 - 12_folds.train_10.predict)=44.50%
[ 2020-05-27 07:32:51,846][kfold_wrapper.log_eval_metrics] Accuracy(layer_3 - estimator_3 - 12_folds.train_11.predict)=38.07%
[ 2020-05-27 07:32:51,847][kfold_wrapper.log_eval_metrics] Accuracy(layer_3 - estimator_3 - 12_folds.train_cv.predict)=41.78%
[ 2020-05-27 07:32:51,848][kfold_wrapper.log_eval_metrics] Accuracy(layer_3 - estimator_3 - 12_folds.test.predict)=31.51%
[ 2020-05-27 07:32:51,849][cascade_classifier.calc_accuracy] Accuracy(layer_3 - train.classifier_average)=39.99%
[ 2020-05-27 07:32:51,850][cascade_classifier.calc_accuracy] Accuracy(layer_3 - test.classifier_average)=29.45%
[ 2020-05-27 07:32:51,850][cascade_classifier.fit_transform] [layer=4] look_indexs=[0], X_cur_train.shape=(2623, 17), X_cur_test.shape=(292, 17)
[ 2020-05-27 07:32:51,891][kfold_wrapper.log_eval_metrics] Accuracy(layer_4 - estimator_0 - 5_folds.train_0.predict)=39.81%
[ 2020-05-27 07:32:51,932][kfold_wrapper.log_eval_metrics] Accuracy(layer_4 - estimator_0 - 5_folds.train_1.predict)=40.57%
[ 2020-05-27 07:32:51,972][kfold_wrapper.log_eval_metrics] Accuracy(layer_4 - estimator_0 - 5_folds.train_2.predict)=38.48%
[ 2020-05-27 07:32:52,011][kfold_wrapper.log_eval_metrics] Accuracy(layer_4 - estimator_0 - 5_folds.train_3.predict)=40.84%
[ 2020-05-27 07:32:52,053][kfold_wrapper.log_eval_metrics] Accuracy(layer_4 - estimator_0 - 5_folds.train_4.predict)=41.03%
[ 2020-05-27 07:32:52,056][kfold_wrapper.log_eval_metrics] Accuracy(layer_4 - estimator_0 - 5_folds.train_cv.predict)=40.14%
[ 2020-05-27 07:32:52,058][kfold_wrapper.log_eval_metrics] Accuracy(layer_4 - estimator_0 - 5_folds.test.predict)=31.51%
[ 2020-05-27 07:32:52,280][kfold_wrapper.log_eval_metrics] Accuracy(layer_4 - estimator_1 - 12_folds.train_0.predict)=36.99%
[ 2020-05-27 07:32:52,632][kfold_wrapper.log_eval_metrics] Accuracy(layer_4 - estimator_1 - 12_folds.train_1.predict)=39.73%
[ 2020-05-27 07:32:52,995][kfold_wrapper.log_eval_metrics] Accuracy(layer_4 - estimator_1 - 12_folds.train_2.predict)=37.90%
[ 2020-05-27 07:32:53,350][kfold_wrapper.log_eval_metrics] Accuracy(layer_4 - estimator_1 - 12_folds.train_3.predict)=34.25%
[ 2020-05-27 07:32:53,703][kfold_wrapper.log_eval_metrics] Accuracy(layer_4 - estimator_1 - 12_folds.train_4.predict)=43.84%
[ 2020-05-27 07:32:54,051][kfold_wrapper.log_eval_metrics] Accuracy(layer_4 - estimator_1 - 12_folds.train_5.predict)=41.55%
[ 2020-05-27 07:32:54,404][kfold_wrapper.log_eval_metrics] Accuracy(layer_4 - estimator_1 - 12_folds.train_6.predict)=33.33%
[ 2020-05-27 07:32:54,761][kfold_wrapper.log_eval_metrics] Accuracy(layer_4 - estimator_1 - 12_folds.train_7.predict)=36.24%
[ 2020-05-27 07:32:55,124][kfold_wrapper.log_eval_metrics] Accuracy(layer_4 - estimator_1 - 12_folds.train_8.predict)=35.78%
[ 2020-05-27 07:32:55,465][kfold_wrapper.log_eval_metrics] Accuracy(layer_4 - estimator_1 - 12_folds.train_9.predict)=48.62%
[ 2020-05-27 07:32:55,829][kfold_wrapper.log_eval_metrics] Accuracy(layer_4 - estimator_1 - 12_folds.train_10.predict)=33.49%
[ 2020-05-27 07:32:56,179][kfold_wrapper.log_eval_metrics] Accuracy(layer_4 - estimator_1 - 12_folds.train_11.predict)=34.40%
[ 2020-05-27 07:32:56,300][kfold_wrapper.log_eval_metrics] Accuracy(layer_4 - estimator_1 - 12_folds.train_cv.predict)=38.01%
[ 2020-05-27 07:32:56,303][kfold_wrapper.log_eval_metrics] Accuracy(layer_4 - estimator_1 - 12_folds.test.predict)=34.25%
[ 2020-05-27 07:32:56,565][kfold_wrapper.log_eval_metrics] Accuracy(layer_4 - estimator_2 - 12_folds.train_0.predict)=34.70%
[ 2020-05-27 07:32:56,922][kfold_wrapper.log_eval_metrics] Accuracy(layer_4 - estimator_2 - 12_folds.train_1.predict)=40.18%
[ 2020-05-27 07:32:57,277][kfold_wrapper.log_eval_metrics] Accuracy(layer_4 - estimator_2 - 12_folds.train_2.predict)=31.51%
[ 2020-05-27 07:32:57,636][kfold_wrapper.log_eval_metrics] Accuracy(layer_4 - estimator_2 - 12_folds.train_3.predict)=37.90%
[ 2020-05-27 07:32:57,997][kfold_wrapper.log_eval_metrics] Accuracy(layer_4 - estimator_2 - 12_folds.train_4.predict)=42.47%
[ 2020-05-27 07:32:58,348][kfold_wrapper.log_eval_metrics] Accuracy(layer_4 - estimator_2 - 12_folds.train_5.predict)=39.27%
[ 2020-05-27 07:32:58,713][kfold_wrapper.log_eval_metrics] Accuracy(layer_4 - estimator_2 - 12_folds.train_6.predict)=36.07%
[ 2020-05-27 07:32:59,067][kfold_wrapper.log_eval_metrics] Accuracy(layer_4 - estimator_2 - 12_folds.train_7.predict)=39.45%
[ 2020-05-27 07:32:59,412][kfold_wrapper.log_eval_metrics] Accuracy(layer_4 - estimator_2 - 12_folds.train_8.predict)=41.74%
[ 2020-05-27 07:32:59,776][kfold_wrapper.log_eval_metrics] Accuracy(layer_4 - estimator_2 - 12_folds.train_9.predict)=28.44%
[ 2020-05-27 07:33:00,138][kfold_wrapper.log_eval_metrics] Accuracy(layer_4 - estimator_2 - 12_folds.train_10.predict)=38.53%
[ 2020-05-27 07:33:00,498][kfold_wrapper.log_eval_metrics] Accuracy(layer_4 - estimator_2 - 12_folds.train_11.predict)=37.16%
[ 2020-05-27 07:33:00,622][kfold_wrapper.log_eval_metrics] Accuracy(layer_4 - estimator_2 - 12_folds.train_cv.predict)=37.29%
[ 2020-05-27 07:33:00,626][kfold_wrapper.log_eval_metrics] Accuracy(layer_4 - estimator_2 - 12_folds.test.predict)=33.22%
[ 2020-05-27 07:33:00,863][kfold_wrapper.log_eval_metrics] Accuracy(layer_4 - estimator_3 - 12_folds.train_0.predict)=42.01%
[ 2020-05-27 07:33:01,046][kfold_wrapper.log_eval_metrics] Accuracy(layer_4 - estimator_3 - 12_folds.train_1.predict)=38.81%
[ 2020-05-27 07:33:01,230][kfold_wrapper.log_eval_metrics] Accuracy(layer_4 - estimator_3 - 12_folds.train_2.predict)=41.10%
[ 2020-05-27 07:33:01,409][kfold_wrapper.log_eval_metrics] Accuracy(layer_4 - estimator_3 - 12_folds.train_3.predict)=35.62%
[ 2020-05-27 07:33:01,597][kfold_wrapper.log_eval_metrics] Accuracy(layer_4 - estimator_3 - 12_folds.train_4.predict)=39.73%
[ 2020-05-27 07:33:01,782][kfold_wrapper.log_eval_metrics] Accuracy(layer_4 - estimator_3 - 12_folds.train_5.predict)=46.58%
[ 2020-05-27 07:33:01,961][kfold_wrapper.log_eval_metrics] Accuracy(layer_4 - estimator_3 - 12_folds.train_6.predict)=39.73%
[ 2020-05-27 07:33:02,150][kfold_wrapper.log_eval_metrics] Accuracy(layer_4 - estimator_3 - 12_folds.train_7.predict)=36.70%
[ 2020-05-27 07:33:02,334][kfold_wrapper.log_eval_metrics] Accuracy(layer_4 - estimator_3 - 12_folds.train_8.predict)=41.28%
[ 2020-05-27 07:33:02,514][kfold_wrapper.log_eval_metrics] Accuracy(layer_4 - estimator_3 - 12_folds.train_9.predict)=46.79%
[ 2020-05-27 07:33:02,695][kfold_wrapper.log_eval_metrics] Accuracy(layer_4 - estimator_3 - 12_folds.train_10.predict)=41.74%
[ 2020-05-27 07:33:02,876][kfold_wrapper.log_eval_metrics] Accuracy(layer_4 - estimator_3 - 12_folds.train_11.predict)=43.58%
[ 2020-05-27 07:33:02,878][kfold_wrapper.log_eval_metrics] Accuracy(layer_4 - estimator_3 - 12_folds.train_cv.predict)=41.14%
[ 2020-05-27 07:33:02,879][kfold_wrapper.log_eval_metrics] Accuracy(layer_4 - estimator_3 - 12_folds.test.predict)=31.51%
[ 2020-05-27 07:33:02,880][cascade_classifier.calc_accuracy] Accuracy(layer_4 - train.classifier_average)=39.80%
[ 2020-05-27 07:33:02,881][cascade_classifier.calc_accuracy] Accuracy(layer_4 - test.classifier_average)=33.56%
[ 2020-05-27 07:33:02,883][cascade_classifier.fit_transform] [layer=5] look_indexs=[0], X_cur_train.shape=(2623, 17), X_cur_test.shape=(292, 17)
[ 2020-05-27 07:33:02,925][kfold_wrapper.log_eval_metrics] Accuracy(layer_5 - estimator_0 - 5_folds.train_0.predict)=37.90%
[ 2020-05-27 07:33:02,964][kfold_wrapper.log_eval_metrics] Accuracy(layer_5 - estimator_0 - 5_folds.train_1.predict)=40.19%
[ 2020-05-27 07:33:03,006][kfold_wrapper.log_eval_metrics] Accuracy(layer_5 - estimator_0 - 5_folds.train_2.predict)=40.19%
[ 2020-05-27 07:33:03,046][kfold_wrapper.log_eval_metrics] Accuracy(layer_5 - estimator_0 - 5_folds.train_3.predict)=38.55%
[ 2020-05-27 07:33:03,087][kfold_wrapper.log_eval_metrics] Accuracy(layer_5 - estimator_0 - 5_folds.train_4.predict)=39.69%
[ 2020-05-27 07:33:03,091][kfold_wrapper.log_eval_metrics] Accuracy(layer_5 - estimator_0 - 5_folds.train_cv.predict)=39.31%
[ 2020-05-27 07:33:03,094][kfold_wrapper.log_eval_metrics] Accuracy(layer_5 - estimator_0 - 5_folds.test.predict)=30.14%
[ 2020-05-27 07:33:03,315][kfold_wrapper.log_eval_metrics] Accuracy(layer_5 - estimator_1 - 12_folds.train_0.predict)=37.44%
[ 2020-05-27 07:33:03,674][kfold_wrapper.log_eval_metrics] Accuracy(layer_5 - estimator_1 - 12_folds.train_1.predict)=36.99%
[ 2020-05-27 07:33:04,035][kfold_wrapper.log_eval_metrics] Accuracy(layer_5 - estimator_1 - 12_folds.train_2.predict)=44.29%
[ 2020-05-27 07:33:04,391][kfold_wrapper.log_eval_metrics] Accuracy(layer_5 - estimator_1 - 12_folds.train_3.predict)=35.16%
[ 2020-05-27 07:33:04,750][kfold_wrapper.log_eval_metrics] Accuracy(layer_5 - estimator_1 - 12_folds.train_4.predict)=39.73%
[ 2020-05-27 07:33:05,101][kfold_wrapper.log_eval_metrics] Accuracy(layer_5 - estimator_1 - 12_folds.train_5.predict)=42.92%
[ 2020-05-27 07:33:05,439][kfold_wrapper.log_eval_metrics] Accuracy(layer_5 - estimator_1 - 12_folds.train_6.predict)=38.81%
[ 2020-05-27 07:33:05,795][kfold_wrapper.log_eval_metrics] Accuracy(layer_5 - estimator_1 - 12_folds.train_7.predict)=37.16%
[ 2020-05-27 07:33:06,155][kfold_wrapper.log_eval_metrics] Accuracy(layer_5 - estimator_1 - 12_folds.train_8.predict)=38.07%
[ 2020-05-27 07:33:06,506][kfold_wrapper.log_eval_metrics] Accuracy(layer_5 - estimator_1 - 12_folds.train_9.predict)=37.16%
[ 2020-05-27 07:33:06,850][kfold_wrapper.log_eval_metrics] Accuracy(layer_5 - estimator_1 - 12_folds.train_10.predict)=38.07%
[ 2020-05-27 07:33:07,215][kfold_wrapper.log_eval_metrics] Accuracy(layer_5 - estimator_1 - 12_folds.train_11.predict)=41.28%
[ 2020-05-27 07:33:07,341][kfold_wrapper.log_eval_metrics] Accuracy(layer_5 - estimator_1 - 12_folds.train_cv.predict)=38.92%
[ 2020-05-27 07:33:07,345][kfold_wrapper.log_eval_metrics] Accuracy(layer_5 - estimator_1 - 12_folds.test.predict)=31.85%
[ 2020-05-27 07:33:07,605][kfold_wrapper.log_eval_metrics] Accuracy(layer_5 - estimator_2 - 12_folds.train_0.predict)=40.64%
[ 2020-05-27 07:33:07,960][kfold_wrapper.log_eval_metrics] Accuracy(layer_5 - estimator_2 - 12_folds.train_1.predict)=35.62%
[ 2020-05-27 07:33:08,325][kfold_wrapper.log_eval_metrics] Accuracy(layer_5 - estimator_2 - 12_folds.train_2.predict)=39.27%
[ 2020-05-27 07:33:08,693][kfold_wrapper.log_eval_metrics] Accuracy(layer_5 - estimator_2 - 12_folds.train_3.predict)=36.07%
[ 2020-05-27 07:33:09,050][kfold_wrapper.log_eval_metrics] Accuracy(layer_5 - estimator_2 - 12_folds.train_4.predict)=47.49%
[ 2020-05-27 07:33:09,415][kfold_wrapper.log_eval_metrics] Accuracy(layer_5 - estimator_2 - 12_folds.train_5.predict)=31.05%
[ 2020-05-27 07:33:09,761][kfold_wrapper.log_eval_metrics] Accuracy(layer_5 - estimator_2 - 12_folds.train_6.predict)=37.90%
[ 2020-05-27 07:33:10,119][kfold_wrapper.log_eval_metrics] Accuracy(layer_5 - estimator_2 - 12_folds.train_7.predict)=40.83%
[ 2020-05-27 07:33:10,481][kfold_wrapper.log_eval_metrics] Accuracy(layer_5 - estimator_2 - 12_folds.train_8.predict)=40.83%
[ 2020-05-27 07:33:10,830][kfold_wrapper.log_eval_metrics] Accuracy(layer_5 - estimator_2 - 12_folds.train_9.predict)=36.70%
[ 2020-05-27 07:33:11,185][kfold_wrapper.log_eval_metrics] Accuracy(layer_5 - estimator_2 - 12_folds.train_10.predict)=31.65%
[ 2020-05-27 07:33:11,533][kfold_wrapper.log_eval_metrics] Accuracy(layer_5 - estimator_2 - 12_folds.train_11.predict)=38.99%
[ 2020-05-27 07:33:11,659][kfold_wrapper.log_eval_metrics] Accuracy(layer_5 - estimator_2 - 12_folds.train_cv.predict)=38.09%
[ 2020-05-27 07:33:11,662][kfold_wrapper.log_eval_metrics] Accuracy(layer_5 - estimator_2 - 12_folds.test.predict)=33.56%
[ 2020-05-27 07:33:11,942][kfold_wrapper.log_eval_metrics] Accuracy(layer_5 - estimator_3 - 12_folds.train_0.predict)=42.01%
[ 2020-05-27 07:33:12,170][kfold_wrapper.log_eval_metrics] Accuracy(layer_5 - estimator_3 - 12_folds.train_1.predict)=46.58%
[ 2020-05-27 07:33:12,387][kfold_wrapper.log_eval_metrics] Accuracy(layer_5 - estimator_3 - 12_folds.train_2.predict)=37.90%
[ 2020-05-27 07:33:12,620][kfold_wrapper.log_eval_metrics] Accuracy(layer_5 - estimator_3 - 12_folds.train_3.predict)=39.73%
[ 2020-05-27 07:33:12,841][kfold_wrapper.log_eval_metrics] Accuracy(layer_5 - estimator_3 - 12_folds.train_4.predict)=42.92%
[ 2020-05-27 07:33:13,065][kfold_wrapper.log_eval_metrics] Accuracy(layer_5 - estimator_3 - 12_folds.train_5.predict)=37.90%
[ 2020-05-27 07:33:13,298][kfold_wrapper.log_eval_metrics] Accuracy(layer_5 - estimator_3 - 12_folds.train_6.predict)=43.84%
[ 2020-05-27 07:33:13,521][kfold_wrapper.log_eval_metrics] Accuracy(layer_5 - estimator_3 - 12_folds.train_7.predict)=39.91%
[ 2020-05-27 07:33:13,740][kfold_wrapper.log_eval_metrics] Accuracy(layer_5 - estimator_3 - 12_folds.train_8.predict)=44.04%
[ 2020-05-27 07:33:13,959][kfold_wrapper.log_eval_metrics] Accuracy(layer_5 - estimator_3 - 12_folds.train_9.predict)=42.66%
[ 2020-05-27 07:33:14,179][kfold_wrapper.log_eval_metrics] Accuracy(layer_5 - estimator_3 - 12_folds.train_10.predict)=38.07%
[ 2020-05-27 07:33:14,400][kfold_wrapper.log_eval_metrics] Accuracy(layer_5 - estimator_3 - 12_folds.train_11.predict)=39.45%
[ 2020-05-27 07:33:14,402][kfold_wrapper.log_eval_metrics] Accuracy(layer_5 - estimator_3 - 12_folds.train_cv.predict)=41.25%
[ 2020-05-27 07:33:14,403][kfold_wrapper.log_eval_metrics] Accuracy(layer_5 - estimator_3 - 12_folds.test.predict)=32.19%
[ 2020-05-27 07:33:14,405][cascade_classifier.calc_accuracy] Accuracy(layer_5 - train.classifier_average)=40.14%
[ 2020-05-27 07:33:14,406][cascade_classifier.calc_accuracy] Accuracy(layer_5 - test.classifier_average)=31.85%
[ 2020-05-27 07:33:14,408][cascade_classifier.fit_transform] [Result][Optimal Level Detected] opt_layer_num=2, accuracy_train=42.24%, accuracy_test=31.85%
[ 2020-05-27 07:33:14,516][cascade_classifier.transform] X_groups_test.shape=[(244, 5)]
[ 2020-05-27 07:33:14,517][cascade_classifier.transform] group_dims=[5]
[ 2020-05-27 07:33:14,517][cascade_classifier.transform] X_test.shape=(244, 5)
[ 2020-05-27 07:33:14,518][cascade_classifier.transform] [layer=0] look_indexs=[0], X_cur_test.shape=(244, 5)
[ 2020-05-27 07:33:17,181][cascade_classifier.transform] [layer=1] look_indexs=[0], X_cur_test.shape=(244, 17)
[ 2020-05-27 07:33:20,238][cascade_classifier.fit_transform] X_groups_train.shape=[(2843, 5)],y_train.shape=(2843,),X_groups_test.shape=[(316, 5)],y_test.shape=(316,)
[ 2020-05-27 07:33:20,239][cascade_classifier.fit_transform] group_dims=[5]
[ 2020-05-27 07:33:20,240][cascade_classifier.fit_transform] group_starts=[0]
[ 2020-05-27 07:33:20,240][cascade_classifier.fit_transform] group_ends=[5]
[ 2020-05-27 07:33:20,241][cascade_classifier.fit_transform] X_train.shape=(2843, 5),X_test.shape=(316, 5)
[ 2020-05-27 07:33:20,242][cascade_classifier.fit_transform] [layer=0] look_indexs=[0], X_cur_train.shape=(2843, 5), X_cur_test.shape=(316, 5)
[ 2020-05-27 07:33:20,275][kfold_wrapper.log_eval_metrics] Accuracy(layer_0 - estimator_0 - 5_folds.train_0.predict)=38.31%
[ 2020-05-27 07:33:20,308][kfold_wrapper.log_eval_metrics] Accuracy(layer_0 - estimator_0 - 5_folds.train_1.predict)=39.37%
[ 2020-05-27 07:33:20,340][kfold_wrapper.log_eval_metrics] Accuracy(layer_0 - estimator_0 - 5_folds.train_2.predict)=37.79%
[ 2020-05-27 07:33:20,372][kfold_wrapper.log_eval_metrics] Accuracy(layer_0 - estimator_0 - 5_folds.train_3.predict)=36.09%
[ 2020-05-27 07:33:20,403][kfold_wrapper.log_eval_metrics] Accuracy(layer_0 - estimator_0 - 5_folds.train_4.predict)=36.62%
[ 2020-05-27 07:33:20,406][kfold_wrapper.log_eval_metrics] Accuracy(layer_0 - estimator_0 - 5_folds.train_cv.predict)=37.64%
[ 2020-05-27 07:33:20,407][kfold_wrapper.log_eval_metrics] Accuracy(layer_0 - estimator_0 - 5_folds.test.predict)=37.34%
[ 2020-05-27 07:33:20,626][kfold_wrapper.log_eval_metrics] Accuracy(layer_0 - estimator_1 - 12_folds.train_0.predict)=39.66%
[ 2020-05-27 07:33:20,976][kfold_wrapper.log_eval_metrics] Accuracy(layer_0 - estimator_1 - 12_folds.train_1.predict)=37.97%
[ 2020-05-27 07:33:21,324][kfold_wrapper.log_eval_metrics] Accuracy(layer_0 - estimator_1 - 12_folds.train_2.predict)=33.76%
[ 2020-05-27 07:33:21,666][kfold_wrapper.log_eval_metrics] Accuracy(layer_0 - estimator_1 - 12_folds.train_3.predict)=34.18%
[ 2020-05-27 07:33:22,014][kfold_wrapper.log_eval_metrics] Accuracy(layer_0 - estimator_1 - 12_folds.train_4.predict)=32.49%
[ 2020-05-27 07:33:22,359][kfold_wrapper.log_eval_metrics] Accuracy(layer_0 - estimator_1 - 12_folds.train_5.predict)=35.44%
[ 2020-05-27 07:33:22,706][kfold_wrapper.log_eval_metrics] Accuracy(layer_0 - estimator_1 - 12_folds.train_6.predict)=31.22%
[ 2020-05-27 07:33:23,057][kfold_wrapper.log_eval_metrics] Accuracy(layer_0 - estimator_1 - 12_folds.train_7.predict)=34.18%
[ 2020-05-27 07:33:23,403][kfold_wrapper.log_eval_metrics] Accuracy(layer_0 - estimator_1 - 12_folds.train_8.predict)=32.49%
[ 2020-05-27 07:33:23,763][kfold_wrapper.log_eval_metrics] Accuracy(layer_0 - estimator_1 - 12_folds.train_9.predict)=37.97%
[ 2020-05-27 07:33:24,117][kfold_wrapper.log_eval_metrics] Accuracy(layer_0 - estimator_1 - 12_folds.train_10.predict)=29.54%
[ 2020-05-27 07:33:24,461][kfold_wrapper.log_eval_metrics] Accuracy(layer_0 - estimator_1 - 12_folds.train_11.predict)=36.02%
[ 2020-05-27 07:33:24,578][kfold_wrapper.log_eval_metrics] Accuracy(layer_0 - estimator_1 - 12_folds.train_cv.predict)=34.58%
[ 2020-05-27 07:33:24,580][kfold_wrapper.log_eval_metrics] Accuracy(layer_0 - estimator_1 - 12_folds.test.predict)=31.01%
[ 2020-05-27 07:33:24,819][kfold_wrapper.log_eval_metrics] Accuracy(layer_0 - estimator_2 - 12_folds.train_0.predict)=37.97%
[ 2020-05-27 07:33:25,178][kfold_wrapper.log_eval_metrics] Accuracy(layer_0 - estimator_2 - 12_folds.train_1.predict)=30.80%
[ 2020-05-27 07:33:25,516][kfold_wrapper.log_eval_metrics] Accuracy(layer_0 - estimator_2 - 12_folds.train_2.predict)=27.00%
[ 2020-05-27 07:33:25,864][kfold_wrapper.log_eval_metrics] Accuracy(layer_0 - estimator_2 - 12_folds.train_3.predict)=32.07%
[ 2020-05-27 07:33:26,218][kfold_wrapper.log_eval_metrics] Accuracy(layer_0 - estimator_2 - 12_folds.train_4.predict)=35.86%
[ 2020-05-27 07:33:26,571][kfold_wrapper.log_eval_metrics] Accuracy(layer_0 - estimator_2 - 12_folds.train_5.predict)=32.91%
[ 2020-05-27 07:33:26,921][kfold_wrapper.log_eval_metrics] Accuracy(layer_0 - estimator_2 - 12_folds.train_6.predict)=32.49%
[ 2020-05-27 07:33:27,270][kfold_wrapper.log_eval_metrics] Accuracy(layer_0 - estimator_2 - 12_folds.train_7.predict)=31.65%
[ 2020-05-27 07:33:27,616][kfold_wrapper.log_eval_metrics] Accuracy(layer_0 - estimator_2 - 12_folds.train_8.predict)=33.76%
[ 2020-05-27 07:33:27,973][kfold_wrapper.log_eval_metrics] Accuracy(layer_0 - estimator_2 - 12_folds.train_9.predict)=25.74%
[ 2020-05-27 07:33:28,317][kfold_wrapper.log_eval_metrics] Accuracy(layer_0 - estimator_2 - 12_folds.train_10.predict)=38.40%
[ 2020-05-27 07:33:28,675][kfold_wrapper.log_eval_metrics] Accuracy(layer_0 - estimator_2 - 12_folds.train_11.predict)=27.97%
[ 2020-05-27 07:33:28,791][kfold_wrapper.log_eval_metrics] Accuracy(layer_0 - estimator_2 - 12_folds.train_cv.predict)=32.22%
[ 2020-05-27 07:33:28,794][kfold_wrapper.log_eval_metrics] Accuracy(layer_0 - estimator_2 - 12_folds.test.predict)=31.01%
[ 2020-05-27 07:33:28,878][kfold_wrapper.log_eval_metrics] Accuracy(layer_0 - estimator_3 - 12_folds.train_0.predict)=37.13%
[ 2020-05-27 07:33:28,911][kfold_wrapper.log_eval_metrics] Accuracy(layer_0 - estimator_3 - 12_folds.train_1.predict)=37.55%
[ 2020-05-27 07:33:28,946][kfold_wrapper.log_eval_metrics] Accuracy(layer_0 - estimator_3 - 12_folds.train_2.predict)=42.62%
[ 2020-05-27 07:33:28,971][kfold_wrapper.log_eval_metrics] Accuracy(layer_0 - estimator_3 - 12_folds.train_3.predict)=40.51%
[ 2020-05-27 07:33:29,006][kfold_wrapper.log_eval_metrics] Accuracy(layer_0 - estimator_3 - 12_folds.train_4.predict)=38.82%
[ 2020-05-27 07:33:29,039][kfold_wrapper.log_eval_metrics] Accuracy(layer_0 - estimator_3 - 12_folds.train_5.predict)=39.24%
[ 2020-05-27 07:33:29,072][kfold_wrapper.log_eval_metrics] Accuracy(layer_0 - estimator_3 - 12_folds.train_6.predict)=36.29%
[ 2020-05-27 07:33:29,104][kfold_wrapper.log_eval_metrics] Accuracy(layer_0 - estimator_3 - 12_folds.train_7.predict)=42.19%
[ 2020-05-27 07:33:29,130][kfold_wrapper.log_eval_metrics] Accuracy(layer_0 - estimator_3 - 12_folds.train_8.predict)=44.73%
[ 2020-05-27 07:33:29,158][kfold_wrapper.log_eval_metrics] Accuracy(layer_0 - estimator_3 - 12_folds.train_9.predict)=41.35%
[ 2020-05-27 07:33:29,182][kfold_wrapper.log_eval_metrics] Accuracy(layer_0 - estimator_3 - 12_folds.train_10.predict)=38.40%
[ 2020-05-27 07:33:29,217][kfold_wrapper.log_eval_metrics] Accuracy(layer_0 - estimator_3 - 12_folds.train_11.predict)=35.17%
[ 2020-05-27 07:33:29,218][kfold_wrapper.log_eval_metrics] Accuracy(layer_0 - estimator_3 - 12_folds.train_cv.predict)=39.50%
[ 2020-05-27 07:33:29,219][kfold_wrapper.log_eval_metrics] Accuracy(layer_0 - estimator_3 - 12_folds.test.predict)=20.57%
[ 2020-05-27 07:33:29,220][cascade_classifier.calc_accuracy] Accuracy(layer_0 - train.classifier_average)=34.61%
[ 2020-05-27 07:33:29,220][cascade_classifier.calc_accuracy] Accuracy(layer_0 - test.classifier_average)=29.43%
[ 2020-05-27 07:33:29,222][cascade_classifier.fit_transform] [layer=1] look_indexs=[0], X_cur_train.shape=(2843, 17), X_cur_test.shape=(316, 17)
[ 2020-05-27 07:33:29,262][kfold_wrapper.log_eval_metrics] Accuracy(layer_1 - estimator_0 - 5_folds.train_0.predict)=40.60%
[ 2020-05-27 07:33:29,303][kfold_wrapper.log_eval_metrics] Accuracy(layer_1 - estimator_0 - 5_folds.train_1.predict)=39.19%
[ 2020-05-27 07:33:29,343][kfold_wrapper.log_eval_metrics] Accuracy(layer_1 - estimator_0 - 5_folds.train_2.predict)=40.95%
[ 2020-05-27 07:33:29,383][kfold_wrapper.log_eval_metrics] Accuracy(layer_1 - estimator_0 - 5_folds.train_3.predict)=39.61%
[ 2020-05-27 07:33:29,425][kfold_wrapper.log_eval_metrics] Accuracy(layer_1 - estimator_0 - 5_folds.train_4.predict)=43.31%
[ 2020-05-27 07:33:29,428][kfold_wrapper.log_eval_metrics] Accuracy(layer_1 - estimator_0 - 5_folds.train_cv.predict)=40.73%
[ 2020-05-27 07:33:29,429][kfold_wrapper.log_eval_metrics] Accuracy(layer_1 - estimator_0 - 5_folds.test.predict)=56.65%
[ 2020-05-27 07:33:29,649][kfold_wrapper.log_eval_metrics] Accuracy(layer_1 - estimator_1 - 12_folds.train_0.predict)=37.97%
[ 2020-05-27 07:33:30,004][kfold_wrapper.log_eval_metrics] Accuracy(layer_1 - estimator_1 - 12_folds.train_1.predict)=44.73%
[ 2020-05-27 07:33:30,348][kfold_wrapper.log_eval_metrics] Accuracy(layer_1 - estimator_1 - 12_folds.train_2.predict)=38.40%
[ 2020-05-27 07:33:30,705][kfold_wrapper.log_eval_metrics] Accuracy(layer_1 - estimator_1 - 12_folds.train_3.predict)=35.86%
[ 2020-05-27 07:33:31,063][kfold_wrapper.log_eval_metrics] Accuracy(layer_1 - estimator_1 - 12_folds.train_4.predict)=42.62%
[ 2020-05-27 07:33:31,422][kfold_wrapper.log_eval_metrics] Accuracy(layer_1 - estimator_1 - 12_folds.train_5.predict)=36.71%
[ 2020-05-27 07:33:31,768][kfold_wrapper.log_eval_metrics] Accuracy(layer_1 - estimator_1 - 12_folds.train_6.predict)=42.19%
[ 2020-05-27 07:33:32,115][kfold_wrapper.log_eval_metrics] Accuracy(layer_1 - estimator_1 - 12_folds.train_7.predict)=41.35%
[ 2020-05-27 07:33:32,472][kfold_wrapper.log_eval_metrics] Accuracy(layer_1 - estimator_1 - 12_folds.train_8.predict)=37.97%
[ 2020-05-27 07:33:32,831][kfold_wrapper.log_eval_metrics] Accuracy(layer_1 - estimator_1 - 12_folds.train_9.predict)=44.73%
[ 2020-05-27 07:33:33,189][kfold_wrapper.log_eval_metrics] Accuracy(layer_1 - estimator_1 - 12_folds.train_10.predict)=45.99%
[ 2020-05-27 07:33:33,549][kfold_wrapper.log_eval_metrics] Accuracy(layer_1 - estimator_1 - 12_folds.train_11.predict)=34.75%
[ 2020-05-27 07:33:33,666][kfold_wrapper.log_eval_metrics] Accuracy(layer_1 - estimator_1 - 12_folds.train_cv.predict)=40.27%
[ 2020-05-27 07:33:33,669][kfold_wrapper.log_eval_metrics] Accuracy(layer_1 - estimator_1 - 12_folds.test.predict)=32.28%
[ 2020-05-27 07:33:33,908][kfold_wrapper.log_eval_metrics] Accuracy(layer_1 - estimator_2 - 12_folds.train_0.predict)=37.55%
[ 2020-05-27 07:33:34,263][kfold_wrapper.log_eval_metrics] Accuracy(layer_1 - estimator_2 - 12_folds.train_1.predict)=43.46%
[ 2020-05-27 07:33:34,612][kfold_wrapper.log_eval_metrics] Accuracy(layer_1 - estimator_2 - 12_folds.train_2.predict)=37.97%
[ 2020-05-27 07:33:34,953][kfold_wrapper.log_eval_metrics] Accuracy(layer_1 - estimator_2 - 12_folds.train_3.predict)=44.30%
[ 2020-05-27 07:33:35,317][kfold_wrapper.log_eval_metrics] Accuracy(layer_1 - estimator_2 - 12_folds.train_4.predict)=37.13%
[ 2020-05-27 07:33:35,671][kfold_wrapper.log_eval_metrics] Accuracy(layer_1 - estimator_2 - 12_folds.train_5.predict)=41.35%
[ 2020-05-27 07:33:36,034][kfold_wrapper.log_eval_metrics] Accuracy(layer_1 - estimator_2 - 12_folds.train_6.predict)=36.71%
[ 2020-05-27 07:33:36,380][kfold_wrapper.log_eval_metrics] Accuracy(layer_1 - estimator_2 - 12_folds.train_7.predict)=37.13%
[ 2020-05-27 07:33:36,728][kfold_wrapper.log_eval_metrics] Accuracy(layer_1 - estimator_2 - 12_folds.train_8.predict)=38.40%
[ 2020-05-27 07:33:37,084][kfold_wrapper.log_eval_metrics] Accuracy(layer_1 - estimator_2 - 12_folds.train_9.predict)=43.88%
[ 2020-05-27 07:33:37,430][kfold_wrapper.log_eval_metrics] Accuracy(layer_1 - estimator_2 - 12_folds.train_10.predict)=38.40%
[ 2020-05-27 07:33:37,782][kfold_wrapper.log_eval_metrics] Accuracy(layer_1 - estimator_2 - 12_folds.train_11.predict)=33.90%
[ 2020-05-27 07:33:37,901][kfold_wrapper.log_eval_metrics] Accuracy(layer_1 - estimator_2 - 12_folds.train_cv.predict)=39.18%
[ 2020-05-27 07:33:37,904][kfold_wrapper.log_eval_metrics] Accuracy(layer_1 - estimator_2 - 12_folds.test.predict)=38.61%
[ 2020-05-27 07:33:38,054][kfold_wrapper.log_eval_metrics] Accuracy(layer_1 - estimator_3 - 12_folds.train_0.predict)=39.66%
[ 2020-05-27 07:33:38,146][kfold_wrapper.log_eval_metrics] Accuracy(layer_1 - estimator_3 - 12_folds.train_1.predict)=40.51%
[ 2020-05-27 07:33:38,234][kfold_wrapper.log_eval_metrics] Accuracy(layer_1 - estimator_3 - 12_folds.train_2.predict)=45.15%
[ 2020-05-27 07:33:38,325][kfold_wrapper.log_eval_metrics] Accuracy(layer_1 - estimator_3 - 12_folds.train_3.predict)=41.35%
[ 2020-05-27 07:33:38,417][kfold_wrapper.log_eval_metrics] Accuracy(layer_1 - estimator_3 - 12_folds.train_4.predict)=36.71%
[ 2020-05-27 07:33:38,507][kfold_wrapper.log_eval_metrics] Accuracy(layer_1 - estimator_3 - 12_folds.train_5.predict)=38.40%
[ 2020-05-27 07:33:38,599][kfold_wrapper.log_eval_metrics] Accuracy(layer_1 - estimator_3 - 12_folds.train_6.predict)=41.77%
[ 2020-05-27 07:33:38,689][kfold_wrapper.log_eval_metrics] Accuracy(layer_1 - estimator_3 - 12_folds.train_7.predict)=38.40%
[ 2020-05-27 07:33:38,780][kfold_wrapper.log_eval_metrics] Accuracy(layer_1 - estimator_3 - 12_folds.train_8.predict)=38.40%
[ 2020-05-27 07:33:38,870][kfold_wrapper.log_eval_metrics] Accuracy(layer_1 - estimator_3 - 12_folds.train_9.predict)=41.77%
[ 2020-05-27 07:33:38,962][kfold_wrapper.log_eval_metrics] Accuracy(layer_1 - estimator_3 - 12_folds.train_10.predict)=43.04%
[ 2020-05-27 07:33:39,052][kfold_wrapper.log_eval_metrics] Accuracy(layer_1 - estimator_3 - 12_folds.train_11.predict)=41.95%
[ 2020-05-27 07:33:39,053][kfold_wrapper.log_eval_metrics] Accuracy(layer_1 - estimator_3 - 12_folds.train_cv.predict)=40.59%
[ 2020-05-27 07:33:39,054][kfold_wrapper.log_eval_metrics] Accuracy(layer_1 - estimator_3 - 12_folds.test.predict)=48.10%
[ 2020-05-27 07:33:39,055][cascade_classifier.calc_accuracy] Accuracy(layer_1 - train.classifier_average)=41.58%
[ 2020-05-27 07:33:39,056][cascade_classifier.calc_accuracy] Accuracy(layer_1 - test.classifier_average)=41.46%
[ 2020-05-27 07:33:39,057][cascade_classifier.fit_transform] [layer=2] look_indexs=[0], X_cur_train.shape=(2843, 17), X_cur_test.shape=(316, 17)
[ 2020-05-27 07:33:39,104][kfold_wrapper.log_eval_metrics] Accuracy(layer_2 - estimator_0 - 5_folds.train_0.predict)=40.25%
[ 2020-05-27 07:33:39,147][kfold_wrapper.log_eval_metrics] Accuracy(layer_2 - estimator_0 - 5_folds.train_1.predict)=41.48%
[ 2020-05-27 07:33:39,189][kfold_wrapper.log_eval_metrics] Accuracy(layer_2 - estimator_0 - 5_folds.train_2.predict)=36.56%
[ 2020-05-27 07:33:39,231][kfold_wrapper.log_eval_metrics] Accuracy(layer_2 - estimator_0 - 5_folds.train_3.predict)=42.43%
[ 2020-05-27 07:33:39,272][kfold_wrapper.log_eval_metrics] Accuracy(layer_2 - estimator_0 - 5_folds.train_4.predict)=41.20%
[ 2020-05-27 07:33:39,274][kfold_wrapper.log_eval_metrics] Accuracy(layer_2 - estimator_0 - 5_folds.train_cv.predict)=40.38%
[ 2020-05-27 07:33:39,276][kfold_wrapper.log_eval_metrics] Accuracy(layer_2 - estimator_0 - 5_folds.test.predict)=54.11%
[ 2020-05-27 07:33:39,495][kfold_wrapper.log_eval_metrics] Accuracy(layer_2 - estimator_1 - 12_folds.train_0.predict)=35.86%
[ 2020-05-27 07:33:39,848][kfold_wrapper.log_eval_metrics] Accuracy(layer_2 - estimator_1 - 12_folds.train_1.predict)=33.76%
[ 2020-05-27 07:33:40,196][kfold_wrapper.log_eval_metrics] Accuracy(layer_2 - estimator_1 - 12_folds.train_2.predict)=33.76%
[ 2020-05-27 07:33:40,548][kfold_wrapper.log_eval_metrics] Accuracy(layer_2 - estimator_1 - 12_folds.train_3.predict)=43.88%
[ 2020-05-27 07:33:40,907][kfold_wrapper.log_eval_metrics] Accuracy(layer_2 - estimator_1 - 12_folds.train_4.predict)=39.24%
[ 2020-05-27 07:33:41,265][kfold_wrapper.log_eval_metrics] Accuracy(layer_2 - estimator_1 - 12_folds.train_5.predict)=38.82%
[ 2020-05-27 07:33:41,614][kfold_wrapper.log_eval_metrics] Accuracy(layer_2 - estimator_1 - 12_folds.train_6.predict)=34.60%
[ 2020-05-27 07:33:41,976][kfold_wrapper.log_eval_metrics] Accuracy(layer_2 - estimator_1 - 12_folds.train_7.predict)=37.55%
[ 2020-05-27 07:33:42,313][kfold_wrapper.log_eval_metrics] Accuracy(layer_2 - estimator_1 - 12_folds.train_8.predict)=39.66%
[ 2020-05-27 07:33:42,674][kfold_wrapper.log_eval_metrics] Accuracy(layer_2 - estimator_1 - 12_folds.train_9.predict)=40.93%
[ 2020-05-27 07:33:43,033][kfold_wrapper.log_eval_metrics] Accuracy(layer_2 - estimator_1 - 12_folds.train_10.predict)=39.24%
[ 2020-05-27 07:33:43,379][kfold_wrapper.log_eval_metrics] Accuracy(layer_2 - estimator_1 - 12_folds.train_11.predict)=40.68%
[ 2020-05-27 07:33:43,497][kfold_wrapper.log_eval_metrics] Accuracy(layer_2 - estimator_1 - 12_folds.train_cv.predict)=38.16%
[ 2020-05-27 07:33:43,500][kfold_wrapper.log_eval_metrics] Accuracy(layer_2 - estimator_1 - 12_folds.test.predict)=43.35%
[ 2020-05-27 07:33:43,741][kfold_wrapper.log_eval_metrics] Accuracy(layer_2 - estimator_2 - 12_folds.train_0.predict)=37.55%
[ 2020-05-27 07:33:44,094][kfold_wrapper.log_eval_metrics] Accuracy(layer_2 - estimator_2 - 12_folds.train_1.predict)=36.29%
[ 2020-05-27 07:33:44,450][kfold_wrapper.log_eval_metrics] Accuracy(layer_2 - estimator_2 - 12_folds.train_2.predict)=37.13%
[ 2020-05-27 07:33:44,797][kfold_wrapper.log_eval_metrics] Accuracy(layer_2 - estimator_2 - 12_folds.train_3.predict)=35.86%
[ 2020-05-27 07:33:45,143][kfold_wrapper.log_eval_metrics] Accuracy(layer_2 - estimator_2 - 12_folds.train_4.predict)=39.66%
[ 2020-05-27 07:33:45,495][kfold_wrapper.log_eval_metrics] Accuracy(layer_2 - estimator_2 - 12_folds.train_5.predict)=41.35%
[ 2020-05-27 07:33:45,853][kfold_wrapper.log_eval_metrics] Accuracy(layer_2 - estimator_2 - 12_folds.train_6.predict)=38.40%
[ 2020-05-27 07:33:46,192][kfold_wrapper.log_eval_metrics] Accuracy(layer_2 - estimator_2 - 12_folds.train_7.predict)=35.86%
[ 2020-05-27 07:33:46,538][kfold_wrapper.log_eval_metrics] Accuracy(layer_2 - estimator_2 - 12_folds.train_8.predict)=32.49%
[ 2020-05-27 07:33:46,896][kfold_wrapper.log_eval_metrics] Accuracy(layer_2 - estimator_2 - 12_folds.train_9.predict)=39.24%
[ 2020-05-27 07:33:47,246][kfold_wrapper.log_eval_metrics] Accuracy(layer_2 - estimator_2 - 12_folds.train_10.predict)=34.18%
[ 2020-05-27 07:33:47,610][kfold_wrapper.log_eval_metrics] Accuracy(layer_2 - estimator_2 - 12_folds.train_11.predict)=41.53%
[ 2020-05-27 07:33:47,730][kfold_wrapper.log_eval_metrics] Accuracy(layer_2 - estimator_2 - 12_folds.train_cv.predict)=37.46%
[ 2020-05-27 07:33:47,733][kfold_wrapper.log_eval_metrics] Accuracy(layer_2 - estimator_2 - 12_folds.test.predict)=44.62%
[ 2020-05-27 07:33:47,895][kfold_wrapper.log_eval_metrics] Accuracy(layer_2 - estimator_3 - 12_folds.train_0.predict)=44.73%
[ 2020-05-27 07:33:48,013][kfold_wrapper.log_eval_metrics] Accuracy(layer_2 - estimator_3 - 12_folds.train_1.predict)=36.71%
[ 2020-05-27 07:33:48,129][kfold_wrapper.log_eval_metrics] Accuracy(layer_2 - estimator_3 - 12_folds.train_2.predict)=41.35%
[ 2020-05-27 07:33:48,249][kfold_wrapper.log_eval_metrics] Accuracy(layer_2 - estimator_3 - 12_folds.train_3.predict)=44.30%
[ 2020-05-27 07:33:48,368][kfold_wrapper.log_eval_metrics] Accuracy(layer_2 - estimator_3 - 12_folds.train_4.predict)=38.40%
[ 2020-05-27 07:33:48,487][kfold_wrapper.log_eval_metrics] Accuracy(layer_2 - estimator_3 - 12_folds.train_5.predict)=48.52%
[ 2020-05-27 07:33:48,604][kfold_wrapper.log_eval_metrics] Accuracy(layer_2 - estimator_3 - 12_folds.train_6.predict)=43.46%
[ 2020-05-27 07:33:48,717][kfold_wrapper.log_eval_metrics] Accuracy(layer_2 - estimator_3 - 12_folds.train_7.predict)=45.99%
[ 2020-05-27 07:33:48,836][kfold_wrapper.log_eval_metrics] Accuracy(layer_2 - estimator_3 - 12_folds.train_8.predict)=35.86%
[ 2020-05-27 07:33:48,954][kfold_wrapper.log_eval_metrics] Accuracy(layer_2 - estimator_3 - 12_folds.train_9.predict)=43.88%
[ 2020-05-27 07:33:49,071][kfold_wrapper.log_eval_metrics] Accuracy(layer_2 - estimator_3 - 12_folds.train_10.predict)=39.66%
[ 2020-05-27 07:33:49,189][kfold_wrapper.log_eval_metrics] Accuracy(layer_2 - estimator_3 - 12_folds.train_11.predict)=41.95%
[ 2020-05-27 07:33:49,191][kfold_wrapper.log_eval_metrics] Accuracy(layer_2 - estimator_3 - 12_folds.train_cv.predict)=42.07%
[ 2020-05-27 07:33:49,191][kfold_wrapper.log_eval_metrics] Accuracy(layer_2 - estimator_3 - 12_folds.test.predict)=45.57%
[ 2020-05-27 07:33:49,194][cascade_classifier.calc_accuracy] Accuracy(layer_2 - train.classifier_average)=40.59%
[ 2020-05-27 07:33:49,194][cascade_classifier.calc_accuracy] Accuracy(layer_2 - test.classifier_average)=51.27%
[ 2020-05-27 07:33:49,196][cascade_classifier.fit_transform] [layer=3] look_indexs=[0], X_cur_train.shape=(2843, 17), X_cur_test.shape=(316, 17)
[ 2020-05-27 07:33:49,239][kfold_wrapper.log_eval_metrics] Accuracy(layer_3 - estimator_0 - 5_folds.train_0.predict)=38.14%
[ 2020-05-27 07:33:49,280][kfold_wrapper.log_eval_metrics] Accuracy(layer_3 - estimator_0 - 5_folds.train_1.predict)=44.11%
[ 2020-05-27 07:33:49,324][kfold_wrapper.log_eval_metrics] Accuracy(layer_3 - estimator_0 - 5_folds.train_2.predict)=40.95%
[ 2020-05-27 07:33:49,366][kfold_wrapper.log_eval_metrics] Accuracy(layer_3 - estimator_0 - 5_folds.train_3.predict)=41.90%
[ 2020-05-27 07:33:49,407][kfold_wrapper.log_eval_metrics] Accuracy(layer_3 - estimator_0 - 5_folds.train_4.predict)=39.79%
[ 2020-05-27 07:33:49,410][kfold_wrapper.log_eval_metrics] Accuracy(layer_3 - estimator_0 - 5_folds.train_cv.predict)=40.98%
[ 2020-05-27 07:33:49,411][kfold_wrapper.log_eval_metrics] Accuracy(layer_3 - estimator_0 - 5_folds.test.predict)=52.53%
[ 2020-05-27 07:33:49,633][kfold_wrapper.log_eval_metrics] Accuracy(layer_3 - estimator_1 - 12_folds.train_0.predict)=35.44%
[ 2020-05-27 07:33:49,991][kfold_wrapper.log_eval_metrics] Accuracy(layer_3 - estimator_1 - 12_folds.train_1.predict)=35.86%
[ 2020-05-27 07:33:50,345][kfold_wrapper.log_eval_metrics] Accuracy(layer_3 - estimator_1 - 12_folds.train_2.predict)=33.33%
[ 2020-05-27 07:33:50,687][kfold_wrapper.log_eval_metrics] Accuracy(layer_3 - estimator_1 - 12_folds.train_3.predict)=38.40%
[ 2020-05-27 07:33:51,045][kfold_wrapper.log_eval_metrics] Accuracy(layer_3 - estimator_1 - 12_folds.train_4.predict)=36.71%
[ 2020-05-27 07:33:51,402][kfold_wrapper.log_eval_metrics] Accuracy(layer_3 - estimator_1 - 12_folds.train_5.predict)=40.51%
[ 2020-05-27 07:33:51,756][kfold_wrapper.log_eval_metrics] Accuracy(layer_3 - estimator_1 - 12_folds.train_6.predict)=36.71%
[ 2020-05-27 07:33:52,109][kfold_wrapper.log_eval_metrics] Accuracy(layer_3 - estimator_1 - 12_folds.train_7.predict)=33.33%
[ 2020-05-27 07:33:52,466][kfold_wrapper.log_eval_metrics] Accuracy(layer_3 - estimator_1 - 12_folds.train_8.predict)=29.54%
[ 2020-05-27 07:33:52,817][kfold_wrapper.log_eval_metrics] Accuracy(layer_3 - estimator_1 - 12_folds.train_9.predict)=38.40%
[ 2020-05-27 07:33:53,171][kfold_wrapper.log_eval_metrics] Accuracy(layer_3 - estimator_1 - 12_folds.train_10.predict)=33.33%
[ 2020-05-27 07:33:53,527][kfold_wrapper.log_eval_metrics] Accuracy(layer_3 - estimator_1 - 12_folds.train_11.predict)=39.41%
[ 2020-05-27 07:33:53,648][kfold_wrapper.log_eval_metrics] Accuracy(layer_3 - estimator_1 - 12_folds.train_cv.predict)=35.91%
[ 2020-05-27 07:33:53,650][kfold_wrapper.log_eval_metrics] Accuracy(layer_3 - estimator_1 - 12_folds.test.predict)=43.35%
[ 2020-05-27 07:33:53,893][kfold_wrapper.log_eval_metrics] Accuracy(layer_3 - estimator_2 - 12_folds.train_0.predict)=35.86%
[ 2020-05-27 07:33:54,247][kfold_wrapper.log_eval_metrics] Accuracy(layer_3 - estimator_2 - 12_folds.train_1.predict)=38.82%
[ 2020-05-27 07:33:54,596][kfold_wrapper.log_eval_metrics] Accuracy(layer_3 - estimator_2 - 12_folds.train_2.predict)=42.19%
[ 2020-05-27 07:33:54,953][kfold_wrapper.log_eval_metrics] Accuracy(layer_3 - estimator_2 - 12_folds.train_3.predict)=37.55%
[ 2020-05-27 07:33:55,316][kfold_wrapper.log_eval_metrics] Accuracy(layer_3 - estimator_2 - 12_folds.train_4.predict)=36.71%
[ 2020-05-27 07:33:55,659][kfold_wrapper.log_eval_metrics] Accuracy(layer_3 - estimator_2 - 12_folds.train_5.predict)=35.86%
[ 2020-05-27 07:33:56,016][kfold_wrapper.log_eval_metrics] Accuracy(layer_3 - estimator_2 - 12_folds.train_6.predict)=30.80%
[ 2020-05-27 07:33:56,370][kfold_wrapper.log_eval_metrics] Accuracy(layer_3 - estimator_2 - 12_folds.train_7.predict)=38.40%
[ 2020-05-27 07:33:56,735][kfold_wrapper.log_eval_metrics] Accuracy(layer_3 - estimator_2 - 12_folds.train_8.predict)=40.51%
[ 2020-05-27 07:33:57,086][kfold_wrapper.log_eval_metrics] Accuracy(layer_3 - estimator_2 - 12_folds.train_9.predict)=32.49%
[ 2020-05-27 07:33:57,447][kfold_wrapper.log_eval_metrics] Accuracy(layer_3 - estimator_2 - 12_folds.train_10.predict)=40.51%
[ 2020-05-27 07:33:57,813][kfold_wrapper.log_eval_metrics] Accuracy(layer_3 - estimator_2 - 12_folds.train_11.predict)=37.71%
[ 2020-05-27 07:33:57,933][kfold_wrapper.log_eval_metrics] Accuracy(layer_3 - estimator_2 - 12_folds.train_cv.predict)=37.28%
[ 2020-05-27 07:33:57,935][kfold_wrapper.log_eval_metrics] Accuracy(layer_3 - estimator_2 - 12_folds.test.predict)=42.72%
[ 2020-05-27 07:33:58,138][kfold_wrapper.log_eval_metrics] Accuracy(layer_3 - estimator_3 - 12_folds.train_0.predict)=48.95%
[ 2020-05-27 07:33:58,296][kfold_wrapper.log_eval_metrics] Accuracy(layer_3 - estimator_3 - 12_folds.train_1.predict)=38.82%
[ 2020-05-27 07:33:58,451][kfold_wrapper.log_eval_metrics] Accuracy(layer_3 - estimator_3 - 12_folds.train_2.predict)=50.21%
[ 2020-05-27 07:33:58,613][kfold_wrapper.log_eval_metrics] Accuracy(layer_3 - estimator_3 - 12_folds.train_3.predict)=43.04%
[ 2020-05-27 07:33:58,767][kfold_wrapper.log_eval_metrics] Accuracy(layer_3 - estimator_3 - 12_folds.train_4.predict)=39.66%
[ 2020-05-27 07:33:58,924][kfold_wrapper.log_eval_metrics] Accuracy(layer_3 - estimator_3 - 12_folds.train_5.predict)=42.62%
[ 2020-05-27 07:33:59,079][kfold_wrapper.log_eval_metrics] Accuracy(layer_3 - estimator_3 - 12_folds.train_6.predict)=40.51%
[ 2020-05-27 07:33:59,239][kfold_wrapper.log_eval_metrics] Accuracy(layer_3 - estimator_3 - 12_folds.train_7.predict)=41.35%
[ 2020-05-27 07:33:59,400][kfold_wrapper.log_eval_metrics] Accuracy(layer_3 - estimator_3 - 12_folds.train_8.predict)=45.15%
[ 2020-05-27 07:33:59,558][kfold_wrapper.log_eval_metrics] Accuracy(layer_3 - estimator_3 - 12_folds.train_9.predict)=41.77%
[ 2020-05-27 07:33:59,714][kfold_wrapper.log_eval_metrics] Accuracy(layer_3 - estimator_3 - 12_folds.train_10.predict)=46.41%
[ 2020-05-27 07:33:59,872][kfold_wrapper.log_eval_metrics] Accuracy(layer_3 - estimator_3 - 12_folds.train_11.predict)=35.17%
[ 2020-05-27 07:33:59,874][kfold_wrapper.log_eval_metrics] Accuracy(layer_3 - estimator_3 - 12_folds.train_cv.predict)=42.81%
[ 2020-05-27 07:33:59,874][kfold_wrapper.log_eval_metrics] Accuracy(layer_3 - estimator_3 - 12_folds.test.predict)=52.22%
[ 2020-05-27 07:33:59,876][cascade_classifier.calc_accuracy] Accuracy(layer_3 - train.classifier_average)=38.87%
[ 2020-05-27 07:33:59,876][cascade_classifier.calc_accuracy] Accuracy(layer_3 - test.classifier_average)=43.67%
[ 2020-05-27 07:33:59,877][cascade_classifier.fit_transform] [layer=4] look_indexs=[0], X_cur_train.shape=(2843, 17), X_cur_test.shape=(316, 17)
[ 2020-05-27 07:33:59,923][kfold_wrapper.log_eval_metrics] Accuracy(layer_4 - estimator_0 - 5_folds.train_0.predict)=39.54%
[ 2020-05-27 07:33:59,966][kfold_wrapper.log_eval_metrics] Accuracy(layer_4 - estimator_0 - 5_folds.train_1.predict)=41.12%
[ 2020-05-27 07:34:00,013][kfold_wrapper.log_eval_metrics] Accuracy(layer_4 - estimator_0 - 5_folds.train_2.predict)=39.02%
[ 2020-05-27 07:34:00,058][kfold_wrapper.log_eval_metrics] Accuracy(layer_4 - estimator_0 - 5_folds.train_3.predict)=39.26%
[ 2020-05-27 07:34:00,106][kfold_wrapper.log_eval_metrics] Accuracy(layer_4 - estimator_0 - 5_folds.train_4.predict)=40.49%
[ 2020-05-27 07:34:00,110][kfold_wrapper.log_eval_metrics] Accuracy(layer_4 - estimator_0 - 5_folds.train_cv.predict)=39.89%
[ 2020-05-27 07:34:00,112][kfold_wrapper.log_eval_metrics] Accuracy(layer_4 - estimator_0 - 5_folds.test.predict)=46.20%
[ 2020-05-27 07:34:00,333][kfold_wrapper.log_eval_metrics] Accuracy(layer_4 - estimator_1 - 12_folds.train_0.predict)=34.60%
[ 2020-05-27 07:34:00,679][kfold_wrapper.log_eval_metrics] Accuracy(layer_4 - estimator_1 - 12_folds.train_1.predict)=39.24%
[ 2020-05-27 07:34:01,024][kfold_wrapper.log_eval_metrics] Accuracy(layer_4 - estimator_1 - 12_folds.train_2.predict)=32.07%
[ 2020-05-27 07:34:01,374][kfold_wrapper.log_eval_metrics] Accuracy(layer_4 - estimator_1 - 12_folds.train_3.predict)=35.02%
[ 2020-05-27 07:34:01,733][kfold_wrapper.log_eval_metrics] Accuracy(layer_4 - estimator_1 - 12_folds.train_4.predict)=39.24%
[ 2020-05-27 07:34:02,084][kfold_wrapper.log_eval_metrics] Accuracy(layer_4 - estimator_1 - 12_folds.train_5.predict)=36.71%
[ 2020-05-27 07:34:02,443][kfold_wrapper.log_eval_metrics] Accuracy(layer_4 - estimator_1 - 12_folds.train_6.predict)=35.86%
[ 2020-05-27 07:34:02,799][kfold_wrapper.log_eval_metrics] Accuracy(layer_4 - estimator_1 - 12_folds.train_7.predict)=32.07%
[ 2020-05-27 07:34:03,158][kfold_wrapper.log_eval_metrics] Accuracy(layer_4 - estimator_1 - 12_folds.train_8.predict)=34.18%
[ 2020-05-27 07:34:03,511][kfold_wrapper.log_eval_metrics] Accuracy(layer_4 - estimator_1 - 12_folds.train_9.predict)=35.44%
[ 2020-05-27 07:34:03,873][kfold_wrapper.log_eval_metrics] Accuracy(layer_4 - estimator_1 - 12_folds.train_10.predict)=36.29%
[ 2020-05-27 07:34:04,231][kfold_wrapper.log_eval_metrics] Accuracy(layer_4 - estimator_1 - 12_folds.train_11.predict)=36.86%
[ 2020-05-27 07:34:04,354][kfold_wrapper.log_eval_metrics] Accuracy(layer_4 - estimator_1 - 12_folds.train_cv.predict)=35.63%
[ 2020-05-27 07:34:04,356][kfold_wrapper.log_eval_metrics] Accuracy(layer_4 - estimator_1 - 12_folds.test.predict)=41.77%
[ 2020-05-27 07:34:04,601][kfold_wrapper.log_eval_metrics] Accuracy(layer_4 - estimator_2 - 12_folds.train_0.predict)=38.40%
[ 2020-05-27 07:34:04,964][kfold_wrapper.log_eval_metrics] Accuracy(layer_4 - estimator_2 - 12_folds.train_1.predict)=37.97%
[ 2020-05-27 07:34:05,321][kfold_wrapper.log_eval_metrics] Accuracy(layer_4 - estimator_2 - 12_folds.train_2.predict)=37.55%
[ 2020-05-27 07:34:05,676][kfold_wrapper.log_eval_metrics] Accuracy(layer_4 - estimator_2 - 12_folds.train_3.predict)=36.71%
[ 2020-05-27 07:34:06,042][kfold_wrapper.log_eval_metrics] Accuracy(layer_4 - estimator_2 - 12_folds.train_4.predict)=37.55%
[ 2020-05-27 07:34:06,394][kfold_wrapper.log_eval_metrics] Accuracy(layer_4 - estimator_2 - 12_folds.train_5.predict)=36.71%
[ 2020-05-27 07:34:06,743][kfold_wrapper.log_eval_metrics] Accuracy(layer_4 - estimator_2 - 12_folds.train_6.predict)=37.97%
[ 2020-05-27 07:34:07,093][kfold_wrapper.log_eval_metrics] Accuracy(layer_4 - estimator_2 - 12_folds.train_7.predict)=37.97%
[ 2020-05-27 07:34:07,447][kfold_wrapper.log_eval_metrics] Accuracy(layer_4 - estimator_2 - 12_folds.train_8.predict)=36.29%
[ 2020-05-27 07:34:07,814][kfold_wrapper.log_eval_metrics] Accuracy(layer_4 - estimator_2 - 12_folds.train_9.predict)=37.97%
[ 2020-05-27 07:34:08,173][kfold_wrapper.log_eval_metrics] Accuracy(layer_4 - estimator_2 - 12_folds.train_10.predict)=34.18%
[ 2020-05-27 07:34:08,521][kfold_wrapper.log_eval_metrics] Accuracy(layer_4 - estimator_2 - 12_folds.train_11.predict)=35.17%
[ 2020-05-27 07:34:08,645][kfold_wrapper.log_eval_metrics] Accuracy(layer_4 - estimator_2 - 12_folds.train_cv.predict)=37.04%
[ 2020-05-27 07:34:08,647][kfold_wrapper.log_eval_metrics] Accuracy(layer_4 - estimator_2 - 12_folds.test.predict)=46.20%
[ 2020-05-27 07:34:08,880][kfold_wrapper.log_eval_metrics] Accuracy(layer_4 - estimator_3 - 12_folds.train_0.predict)=45.57%
[ 2020-05-27 07:34:09,083][kfold_wrapper.log_eval_metrics] Accuracy(layer_4 - estimator_3 - 12_folds.train_1.predict)=37.13%
[ 2020-05-27 07:34:09,290][kfold_wrapper.log_eval_metrics] Accuracy(layer_4 - estimator_3 - 12_folds.train_2.predict)=42.19%
[ 2020-05-27 07:34:09,492][kfold_wrapper.log_eval_metrics] Accuracy(layer_4 - estimator_3 - 12_folds.train_3.predict)=43.04%
[ 2020-05-27 07:34:09,698][kfold_wrapper.log_eval_metrics] Accuracy(layer_4 - estimator_3 - 12_folds.train_4.predict)=41.77%
[ 2020-05-27 07:34:09,903][kfold_wrapper.log_eval_metrics] Accuracy(layer_4 - estimator_3 - 12_folds.train_5.predict)=40.93%
[ 2020-05-27 07:34:10,094][kfold_wrapper.log_eval_metrics] Accuracy(layer_4 - estimator_3 - 12_folds.train_6.predict)=44.73%
[ 2020-05-27 07:34:10,300][kfold_wrapper.log_eval_metrics] Accuracy(layer_4 - estimator_3 - 12_folds.train_7.predict)=38.40%
[ 2020-05-27 07:34:10,498][kfold_wrapper.log_eval_metrics] Accuracy(layer_4 - estimator_3 - 12_folds.train_8.predict)=46.41%
[ 2020-05-27 07:34:10,705][kfold_wrapper.log_eval_metrics] Accuracy(layer_4 - estimator_3 - 12_folds.train_9.predict)=36.29%
[ 2020-05-27 07:34:10,909][kfold_wrapper.log_eval_metrics] Accuracy(layer_4 - estimator_3 - 12_folds.train_10.predict)=35.86%
[ 2020-05-27 07:34:11,110][kfold_wrapper.log_eval_metrics] Accuracy(layer_4 - estimator_3 - 12_folds.train_11.predict)=42.37%
[ 2020-05-27 07:34:11,112][kfold_wrapper.log_eval_metrics] Accuracy(layer_4 - estimator_3 - 12_folds.train_cv.predict)=41.22%
[ 2020-05-27 07:34:11,113][kfold_wrapper.log_eval_metrics] Accuracy(layer_4 - estimator_3 - 12_folds.test.predict)=55.06%
[ 2020-05-27 07:34:11,115][cascade_classifier.calc_accuracy] Accuracy(layer_4 - train.classifier_average)=38.59%
[ 2020-05-27 07:34:11,116][cascade_classifier.calc_accuracy] Accuracy(layer_4 - test.classifier_average)=47.47%
[ 2020-05-27 07:34:11,117][cascade_classifier.fit_transform] [layer=5] look_indexs=[0], X_cur_train.shape=(2843, 17), X_cur_test.shape=(316, 17)
[ 2020-05-27 07:34:11,165][kfold_wrapper.log_eval_metrics] Accuracy(layer_5 - estimator_0 - 5_folds.train_0.predict)=40.95%
[ 2020-05-27 07:34:11,208][kfold_wrapper.log_eval_metrics] Accuracy(layer_5 - estimator_0 - 5_folds.train_1.predict)=42.71%
[ 2020-05-27 07:34:11,253][kfold_wrapper.log_eval_metrics] Accuracy(layer_5 - estimator_0 - 5_folds.train_2.predict)=38.31%
[ 2020-05-27 07:34:11,297][kfold_wrapper.log_eval_metrics] Accuracy(layer_5 - estimator_0 - 5_folds.train_3.predict)=39.08%
[ 2020-05-27 07:34:11,342][kfold_wrapper.log_eval_metrics] Accuracy(layer_5 - estimator_0 - 5_folds.train_4.predict)=38.56%
[ 2020-05-27 07:34:11,346][kfold_wrapper.log_eval_metrics] Accuracy(layer_5 - estimator_0 - 5_folds.train_cv.predict)=39.92%
[ 2020-05-27 07:34:11,348][kfold_wrapper.log_eval_metrics] Accuracy(layer_5 - estimator_0 - 5_folds.test.predict)=51.58%
[ 2020-05-27 07:34:11,572][kfold_wrapper.log_eval_metrics] Accuracy(layer_5 - estimator_1 - 12_folds.train_0.predict)=40.51%
[ 2020-05-27 07:34:11,929][kfold_wrapper.log_eval_metrics] Accuracy(layer_5 - estimator_1 - 12_folds.train_1.predict)=33.76%
[ 2020-05-27 07:34:12,274][kfold_wrapper.log_eval_metrics] Accuracy(layer_5 - estimator_1 - 12_folds.train_2.predict)=39.24%
[ 2020-05-27 07:34:12,627][kfold_wrapper.log_eval_metrics] Accuracy(layer_5 - estimator_1 - 12_folds.train_3.predict)=32.07%
[ 2020-05-27 07:34:12,974][kfold_wrapper.log_eval_metrics] Accuracy(layer_5 - estimator_1 - 12_folds.train_4.predict)=37.97%
[ 2020-05-27 07:34:13,329][kfold_wrapper.log_eval_metrics] Accuracy(layer_5 - estimator_1 - 12_folds.train_5.predict)=34.18%
[ 2020-05-27 07:34:13,694][kfold_wrapper.log_eval_metrics] Accuracy(layer_5 - estimator_1 - 12_folds.train_6.predict)=38.82%
[ 2020-05-27 07:34:14,041][kfold_wrapper.log_eval_metrics] Accuracy(layer_5 - estimator_1 - 12_folds.train_7.predict)=35.44%
[ 2020-05-27 07:34:14,388][kfold_wrapper.log_eval_metrics] Accuracy(layer_5 - estimator_1 - 12_folds.train_8.predict)=29.54%
[ 2020-05-27 07:34:14,747][kfold_wrapper.log_eval_metrics] Accuracy(layer_5 - estimator_1 - 12_folds.train_9.predict)=41.77%
[ 2020-05-27 07:34:15,107][kfold_wrapper.log_eval_metrics] Accuracy(layer_5 - estimator_1 - 12_folds.train_10.predict)=36.71%
[ 2020-05-27 07:34:15,457][kfold_wrapper.log_eval_metrics] Accuracy(layer_5 - estimator_1 - 12_folds.train_11.predict)=42.80%
[ 2020-05-27 07:34:15,581][kfold_wrapper.log_eval_metrics] Accuracy(layer_5 - estimator_1 - 12_folds.train_cv.predict)=36.90%
[ 2020-05-27 07:34:15,585][kfold_wrapper.log_eval_metrics] Accuracy(layer_5 - estimator_1 - 12_folds.test.predict)=39.56%
[ 2020-05-27 07:34:15,842][kfold_wrapper.log_eval_metrics] Accuracy(layer_5 - estimator_2 - 12_folds.train_0.predict)=35.02%
[ 2020-05-27 07:34:16,193][kfold_wrapper.log_eval_metrics] Accuracy(layer_5 - estimator_2 - 12_folds.train_1.predict)=39.24%
[ 2020-05-27 07:34:16,544][kfold_wrapper.log_eval_metrics] Accuracy(layer_5 - estimator_2 - 12_folds.train_2.predict)=35.86%
[ 2020-05-27 07:34:16,911][kfold_wrapper.log_eval_metrics] Accuracy(layer_5 - estimator_2 - 12_folds.train_3.predict)=36.29%
[ 2020-05-27 07:34:17,278][kfold_wrapper.log_eval_metrics] Accuracy(layer_5 - estimator_2 - 12_folds.train_4.predict)=33.33%
[ 2020-05-27 07:34:17,644][kfold_wrapper.log_eval_metrics] Accuracy(layer_5 - estimator_2 - 12_folds.train_5.predict)=35.44%
[ 2020-05-27 07:34:18,013][kfold_wrapper.log_eval_metrics] Accuracy(layer_5 - estimator_2 - 12_folds.train_6.predict)=39.24%
[ 2020-05-27 07:34:18,372][kfold_wrapper.log_eval_metrics] Accuracy(layer_5 - estimator_2 - 12_folds.train_7.predict)=31.65%
[ 2020-05-27 07:34:18,729][kfold_wrapper.log_eval_metrics] Accuracy(layer_5 - estimator_2 - 12_folds.train_8.predict)=36.71%
[ 2020-05-27 07:34:19,079][kfold_wrapper.log_eval_metrics] Accuracy(layer_5 - estimator_2 - 12_folds.train_9.predict)=35.86%
[ 2020-05-27 07:34:19,433][kfold_wrapper.log_eval_metrics] Accuracy(layer_5 - estimator_2 - 12_folds.train_10.predict)=32.07%
[ 2020-05-27 07:34:19,802][kfold_wrapper.log_eval_metrics] Accuracy(layer_5 - estimator_2 - 12_folds.train_11.predict)=28.81%
[ 2020-05-27 07:34:19,928][kfold_wrapper.log_eval_metrics] Accuracy(layer_5 - estimator_2 - 12_folds.train_cv.predict)=34.96%
[ 2020-05-27 07:34:19,929][kfold_wrapper.log_eval_metrics] Accuracy(layer_5 - estimator_2 - 12_folds.test.predict)=38.29%
[ 2020-05-27 07:34:20,194][kfold_wrapper.log_eval_metrics] Accuracy(layer_5 - estimator_3 - 12_folds.train_0.predict)=37.97%
[ 2020-05-27 07:34:20,450][kfold_wrapper.log_eval_metrics] Accuracy(layer_5 - estimator_3 - 12_folds.train_1.predict)=45.15%
[ 2020-05-27 07:34:20,707][kfold_wrapper.log_eval_metrics] Accuracy(layer_5 - estimator_3 - 12_folds.train_2.predict)=40.08%
[ 2020-05-27 07:34:20,945][kfold_wrapper.log_eval_metrics] Accuracy(layer_5 - estimator_3 - 12_folds.train_3.predict)=43.88%
[ 2020-05-27 07:34:21,193][kfold_wrapper.log_eval_metrics] Accuracy(layer_5 - estimator_3 - 12_folds.train_4.predict)=40.93%
[ 2020-05-27 07:34:21,441][kfold_wrapper.log_eval_metrics] Accuracy(layer_5 - estimator_3 - 12_folds.train_5.predict)=40.93%
[ 2020-05-27 07:34:21,690][kfold_wrapper.log_eval_metrics] Accuracy(layer_5 - estimator_3 - 12_folds.train_6.predict)=41.77%
[ 2020-05-27 07:34:21,941][kfold_wrapper.log_eval_metrics] Accuracy(layer_5 - estimator_3 - 12_folds.train_7.predict)=42.19%
[ 2020-05-27 07:34:22,192][kfold_wrapper.log_eval_metrics] Accuracy(layer_5 - estimator_3 - 12_folds.train_8.predict)=36.29%
[ 2020-05-27 07:34:22,443][kfold_wrapper.log_eval_metrics] Accuracy(layer_5 - estimator_3 - 12_folds.train_9.predict)=34.18%
[ 2020-05-27 07:34:22,696][kfold_wrapper.log_eval_metrics] Accuracy(layer_5 - estimator_3 - 12_folds.train_10.predict)=40.08%
[ 2020-05-27 07:34:22,951][kfold_wrapper.log_eval_metrics] Accuracy(layer_5 - estimator_3 - 12_folds.train_11.predict)=40.68%
[ 2020-05-27 07:34:22,953][kfold_wrapper.log_eval_metrics] Accuracy(layer_5 - estimator_3 - 12_folds.train_cv.predict)=40.34%
[ 2020-05-27 07:34:22,954][kfold_wrapper.log_eval_metrics] Accuracy(layer_5 - estimator_3 - 12_folds.test.predict)=52.53%
[ 2020-05-27 07:34:22,956][cascade_classifier.calc_accuracy] Accuracy(layer_5 - train.classifier_average)=37.88%
[ 2020-05-27 07:34:22,957][cascade_classifier.calc_accuracy] Accuracy(layer_5 - test.classifier_average)=41.77%
[ 2020-05-27 07:34:22,959][cascade_classifier.fit_transform] [Result][Optimal Level Detected] opt_layer_num=2, accuracy_train=41.58%, accuracy_test=41.46%
[ 2020-05-27 07:34:23,061][cascade_classifier.transform] X_groups_test.shape=[(243, 5)]
[ 2020-05-27 07:34:23,062][cascade_classifier.transform] group_dims=[5]
[ 2020-05-27 07:34:23,062][cascade_classifier.transform] X_test.shape=(243, 5)
[ 2020-05-27 07:34:23,063][cascade_classifier.transform] [layer=0] look_indexs=[0], X_cur_test.shape=(243, 5)
[ 2020-05-27 07:34:25,727][cascade_classifier.transform] [layer=1] look_indexs=[0], X_cur_test.shape=(243, 17)
[ 2020-05-27 07:34:28,789][cascade_classifier.fit_transform] X_groups_train.shape=[(3061, 5)],y_train.shape=(3061,),X_groups_test.shape=[(341, 5)],y_test.shape=(341,)
[ 2020-05-27 07:34:28,790][cascade_classifier.fit_transform] group_dims=[5]
[ 2020-05-27 07:34:28,790][cascade_classifier.fit_transform] group_starts=[0]
[ 2020-05-27 07:34:28,791][cascade_classifier.fit_transform] group_ends=[5]
[ 2020-05-27 07:34:28,792][cascade_classifier.fit_transform] X_train.shape=(3061, 5),X_test.shape=(341, 5)
[ 2020-05-27 07:34:28,793][cascade_classifier.fit_transform] [layer=0] look_indexs=[0], X_cur_train.shape=(3061, 5), X_cur_test.shape=(341, 5)
[ 2020-05-27 07:34:28,826][kfold_wrapper.log_eval_metrics] Accuracy(layer_0 - estimator_0 - 5_folds.train_0.predict)=41.44%
[ 2020-05-27 07:34:28,860][kfold_wrapper.log_eval_metrics] Accuracy(layer_0 - estimator_0 - 5_folds.train_1.predict)=37.09%
[ 2020-05-27 07:34:28,893][kfold_wrapper.log_eval_metrics] Accuracy(layer_0 - estimator_0 - 5_folds.train_2.predict)=35.95%
[ 2020-05-27 07:34:28,928][kfold_wrapper.log_eval_metrics] Accuracy(layer_0 - estimator_0 - 5_folds.train_3.predict)=42.65%
[ 2020-05-27 07:34:28,963][kfold_wrapper.log_eval_metrics] Accuracy(layer_0 - estimator_0 - 5_folds.train_4.predict)=41.34%
[ 2020-05-27 07:34:28,965][kfold_wrapper.log_eval_metrics] Accuracy(layer_0 - estimator_0 - 5_folds.train_cv.predict)=39.69%
[ 2020-05-27 07:34:28,966][kfold_wrapper.log_eval_metrics] Accuracy(layer_0 - estimator_0 - 5_folds.test.predict)=32.84%
[ 2020-05-27 07:34:29,186][kfold_wrapper.log_eval_metrics] Accuracy(layer_0 - estimator_1 - 12_folds.train_0.predict)=33.98%
[ 2020-05-27 07:34:29,531][kfold_wrapper.log_eval_metrics] Accuracy(layer_0 - estimator_1 - 12_folds.train_1.predict)=33.33%
[ 2020-05-27 07:34:29,882][kfold_wrapper.log_eval_metrics] Accuracy(layer_0 - estimator_1 - 12_folds.train_2.predict)=31.76%
[ 2020-05-27 07:34:30,225][kfold_wrapper.log_eval_metrics] Accuracy(layer_0 - estimator_1 - 12_folds.train_3.predict)=34.12%
[ 2020-05-27 07:34:30,575][kfold_wrapper.log_eval_metrics] Accuracy(layer_0 - estimator_1 - 12_folds.train_4.predict)=36.08%
[ 2020-05-27 07:34:30,933][kfold_wrapper.log_eval_metrics] Accuracy(layer_0 - estimator_1 - 12_folds.train_5.predict)=33.33%
[ 2020-05-27 07:34:31,269][kfold_wrapper.log_eval_metrics] Accuracy(layer_0 - estimator_1 - 12_folds.train_6.predict)=38.04%
[ 2020-05-27 07:34:31,627][kfold_wrapper.log_eval_metrics] Accuracy(layer_0 - estimator_1 - 12_folds.train_7.predict)=37.65%
[ 2020-05-27 07:34:31,981][kfold_wrapper.log_eval_metrics] Accuracy(layer_0 - estimator_1 - 12_folds.train_8.predict)=34.90%
[ 2020-05-27 07:34:32,329][kfold_wrapper.log_eval_metrics] Accuracy(layer_0 - estimator_1 - 12_folds.train_9.predict)=32.94%
[ 2020-05-27 07:34:32,685][kfold_wrapper.log_eval_metrics] Accuracy(layer_0 - estimator_1 - 12_folds.train_10.predict)=36.86%
[ 2020-05-27 07:34:33,043][kfold_wrapper.log_eval_metrics] Accuracy(layer_0 - estimator_1 - 12_folds.train_11.predict)=36.47%
[ 2020-05-27 07:34:33,160][kfold_wrapper.log_eval_metrics] Accuracy(layer_0 - estimator_1 - 12_folds.train_cv.predict)=34.96%
[ 2020-05-27 07:34:33,163][kfold_wrapper.log_eval_metrics] Accuracy(layer_0 - estimator_1 - 12_folds.test.predict)=30.21%
[ 2020-05-27 07:34:33,401][kfold_wrapper.log_eval_metrics] Accuracy(layer_0 - estimator_2 - 12_folds.train_0.predict)=35.94%
[ 2020-05-27 07:34:33,738][kfold_wrapper.log_eval_metrics] Accuracy(layer_0 - estimator_2 - 12_folds.train_1.predict)=32.16%
[ 2020-05-27 07:34:34,095][kfold_wrapper.log_eval_metrics] Accuracy(layer_0 - estimator_2 - 12_folds.train_2.predict)=29.41%
[ 2020-05-27 07:34:34,444][kfold_wrapper.log_eval_metrics] Accuracy(layer_0 - estimator_2 - 12_folds.train_3.predict)=35.69%
[ 2020-05-27 07:34:34,803][kfold_wrapper.log_eval_metrics] Accuracy(layer_0 - estimator_2 - 12_folds.train_4.predict)=34.51%
[ 2020-05-27 07:34:35,156][kfold_wrapper.log_eval_metrics] Accuracy(layer_0 - estimator_2 - 12_folds.train_5.predict)=36.47%
[ 2020-05-27 07:34:35,494][kfold_wrapper.log_eval_metrics] Accuracy(layer_0 - estimator_2 - 12_folds.train_6.predict)=37.25%
[ 2020-05-27 07:34:35,853][kfold_wrapper.log_eval_metrics] Accuracy(layer_0 - estimator_2 - 12_folds.train_7.predict)=32.94%
[ 2020-05-27 07:34:36,200][kfold_wrapper.log_eval_metrics] Accuracy(layer_0 - estimator_2 - 12_folds.train_8.predict)=31.76%
[ 2020-05-27 07:34:36,550][kfold_wrapper.log_eval_metrics] Accuracy(layer_0 - estimator_2 - 12_folds.train_9.predict)=32.94%
[ 2020-05-27 07:34:36,900][kfold_wrapper.log_eval_metrics] Accuracy(layer_0 - estimator_2 - 12_folds.train_10.predict)=36.08%
[ 2020-05-27 07:34:37,244][kfold_wrapper.log_eval_metrics] Accuracy(layer_0 - estimator_2 - 12_folds.train_11.predict)=34.90%
[ 2020-05-27 07:34:37,357][kfold_wrapper.log_eval_metrics] Accuracy(layer_0 - estimator_2 - 12_folds.train_cv.predict)=34.17%
[ 2020-05-27 07:34:37,359][kfold_wrapper.log_eval_metrics] Accuracy(layer_0 - estimator_2 - 12_folds.test.predict)=31.96%
[ 2020-05-27 07:34:37,424][kfold_wrapper.log_eval_metrics] Accuracy(layer_0 - estimator_3 - 12_folds.train_0.predict)=37.89%
[ 2020-05-27 07:34:37,462][kfold_wrapper.log_eval_metrics] Accuracy(layer_0 - estimator_3 - 12_folds.train_1.predict)=39.61%
[ 2020-05-27 07:34:37,495][kfold_wrapper.log_eval_metrics] Accuracy(layer_0 - estimator_3 - 12_folds.train_2.predict)=42.35%
[ 2020-05-27 07:34:37,527][kfold_wrapper.log_eval_metrics] Accuracy(layer_0 - estimator_3 - 12_folds.train_3.predict)=43.53%
[ 2020-05-27 07:34:37,565][kfold_wrapper.log_eval_metrics] Accuracy(layer_0 - estimator_3 - 12_folds.train_4.predict)=43.53%
[ 2020-05-27 07:34:37,603][kfold_wrapper.log_eval_metrics] Accuracy(layer_0 - estimator_3 - 12_folds.train_5.predict)=45.49%
[ 2020-05-27 07:34:37,639][kfold_wrapper.log_eval_metrics] Accuracy(layer_0 - estimator_3 - 12_folds.train_6.predict)=43.53%
[ 2020-05-27 07:34:37,673][kfold_wrapper.log_eval_metrics] Accuracy(layer_0 - estimator_3 - 12_folds.train_7.predict)=41.18%
[ 2020-05-27 07:34:37,708][kfold_wrapper.log_eval_metrics] Accuracy(layer_0 - estimator_3 - 12_folds.train_8.predict)=42.35%
[ 2020-05-27 07:34:37,740][kfold_wrapper.log_eval_metrics] Accuracy(layer_0 - estimator_3 - 12_folds.train_9.predict)=43.14%
[ 2020-05-27 07:34:37,770][kfold_wrapper.log_eval_metrics] Accuracy(layer_0 - estimator_3 - 12_folds.train_10.predict)=37.25%
[ 2020-05-27 07:34:37,801][kfold_wrapper.log_eval_metrics] Accuracy(layer_0 - estimator_3 - 12_folds.train_11.predict)=40.78%
[ 2020-05-27 07:34:37,803][kfold_wrapper.log_eval_metrics] Accuracy(layer_0 - estimator_3 - 12_folds.train_cv.predict)=41.72%
[ 2020-05-27 07:34:37,803][kfold_wrapper.log_eval_metrics] Accuracy(layer_0 - estimator_3 - 12_folds.test.predict)=47.51%
[ 2020-05-27 07:34:37,804][cascade_classifier.calc_accuracy] Accuracy(layer_0 - train.classifier_average)=36.49%
[ 2020-05-27 07:34:37,804][cascade_classifier.calc_accuracy] Accuracy(layer_0 - test.classifier_average)=29.91%
[ 2020-05-27 07:34:37,805][cascade_classifier.fit_transform] [layer=1] look_indexs=[0], X_cur_train.shape=(3061, 17), X_cur_test.shape=(341, 17)
[ 2020-05-27 07:34:37,847][kfold_wrapper.log_eval_metrics] Accuracy(layer_1 - estimator_0 - 5_folds.train_0.predict)=38.17%
[ 2020-05-27 07:34:37,890][kfold_wrapper.log_eval_metrics] Accuracy(layer_1 - estimator_0 - 5_folds.train_1.predict)=41.34%
[ 2020-05-27 07:34:37,932][kfold_wrapper.log_eval_metrics] Accuracy(layer_1 - estimator_0 - 5_folds.train_2.predict)=41.67%
[ 2020-05-27 07:34:37,975][kfold_wrapper.log_eval_metrics] Accuracy(layer_1 - estimator_0 - 5_folds.train_3.predict)=41.67%
[ 2020-05-27 07:34:38,018][kfold_wrapper.log_eval_metrics] Accuracy(layer_1 - estimator_0 - 5_folds.train_4.predict)=43.63%
[ 2020-05-27 07:34:38,020][kfold_wrapper.log_eval_metrics] Accuracy(layer_1 - estimator_0 - 5_folds.train_cv.predict)=41.29%
[ 2020-05-27 07:34:38,022][kfold_wrapper.log_eval_metrics] Accuracy(layer_1 - estimator_0 - 5_folds.test.predict)=46.04%
[ 2020-05-27 07:34:38,242][kfold_wrapper.log_eval_metrics] Accuracy(layer_1 - estimator_1 - 12_folds.train_0.predict)=39.06%
[ 2020-05-27 07:34:38,590][kfold_wrapper.log_eval_metrics] Accuracy(layer_1 - estimator_1 - 12_folds.train_1.predict)=40.78%
[ 2020-05-27 07:34:38,948][kfold_wrapper.log_eval_metrics] Accuracy(layer_1 - estimator_1 - 12_folds.train_2.predict)=38.04%
[ 2020-05-27 07:34:39,299][kfold_wrapper.log_eval_metrics] Accuracy(layer_1 - estimator_1 - 12_folds.train_3.predict)=40.00%
[ 2020-05-27 07:34:39,624][kfold_wrapper.log_eval_metrics] Accuracy(layer_1 - estimator_1 - 12_folds.train_4.predict)=36.08%
[ 2020-05-27 07:34:39,975][kfold_wrapper.log_eval_metrics] Accuracy(layer_1 - estimator_1 - 12_folds.train_5.predict)=38.82%
[ 2020-05-27 07:34:40,311][kfold_wrapper.log_eval_metrics] Accuracy(layer_1 - estimator_1 - 12_folds.train_6.predict)=41.18%
[ 2020-05-27 07:34:40,663][kfold_wrapper.log_eval_metrics] Accuracy(layer_1 - estimator_1 - 12_folds.train_7.predict)=42.75%
[ 2020-05-27 07:34:41,011][kfold_wrapper.log_eval_metrics] Accuracy(layer_1 - estimator_1 - 12_folds.train_8.predict)=36.08%
[ 2020-05-27 07:34:41,353][kfold_wrapper.log_eval_metrics] Accuracy(layer_1 - estimator_1 - 12_folds.train_9.predict)=40.00%
[ 2020-05-27 07:34:41,711][kfold_wrapper.log_eval_metrics] Accuracy(layer_1 - estimator_1 - 12_folds.train_10.predict)=40.00%
[ 2020-05-27 07:34:42,058][kfold_wrapper.log_eval_metrics] Accuracy(layer_1 - estimator_1 - 12_folds.train_11.predict)=39.61%
[ 2020-05-27 07:34:42,175][kfold_wrapper.log_eval_metrics] Accuracy(layer_1 - estimator_1 - 12_folds.train_cv.predict)=39.37%
[ 2020-05-27 07:34:42,177][kfold_wrapper.log_eval_metrics] Accuracy(layer_1 - estimator_1 - 12_folds.test.predict)=43.99%
[ 2020-05-27 07:34:42,406][kfold_wrapper.log_eval_metrics] Accuracy(layer_1 - estimator_2 - 12_folds.train_0.predict)=41.80%
[ 2020-05-27 07:34:42,757][kfold_wrapper.log_eval_metrics] Accuracy(layer_1 - estimator_2 - 12_folds.train_1.predict)=38.43%
[ 2020-05-27 07:34:43,099][kfold_wrapper.log_eval_metrics] Accuracy(layer_1 - estimator_2 - 12_folds.train_2.predict)=42.35%
[ 2020-05-27 07:34:43,455][kfold_wrapper.log_eval_metrics] Accuracy(layer_1 - estimator_2 - 12_folds.train_3.predict)=35.69%
[ 2020-05-27 07:34:43,811][kfold_wrapper.log_eval_metrics] Accuracy(layer_1 - estimator_2 - 12_folds.train_4.predict)=41.57%
[ 2020-05-27 07:34:44,161][kfold_wrapper.log_eval_metrics] Accuracy(layer_1 - estimator_2 - 12_folds.train_5.predict)=41.57%
[ 2020-05-27 07:34:44,514][kfold_wrapper.log_eval_metrics] Accuracy(layer_1 - estimator_2 - 12_folds.train_6.predict)=44.31%
[ 2020-05-27 07:34:44,867][kfold_wrapper.log_eval_metrics] Accuracy(layer_1 - estimator_2 - 12_folds.train_7.predict)=32.94%
[ 2020-05-27 07:34:45,223][kfold_wrapper.log_eval_metrics] Accuracy(layer_1 - estimator_2 - 12_folds.train_8.predict)=42.35%
[ 2020-05-27 07:34:45,557][kfold_wrapper.log_eval_metrics] Accuracy(layer_1 - estimator_2 - 12_folds.train_9.predict)=41.18%
[ 2020-05-27 07:34:45,894][kfold_wrapper.log_eval_metrics] Accuracy(layer_1 - estimator_2 - 12_folds.train_10.predict)=42.75%
[ 2020-05-27 07:34:46,237][kfold_wrapper.log_eval_metrics] Accuracy(layer_1 - estimator_2 - 12_folds.train_11.predict)=38.82%
[ 2020-05-27 07:34:46,351][kfold_wrapper.log_eval_metrics] Accuracy(layer_1 - estimator_2 - 12_folds.train_cv.predict)=40.31%
[ 2020-05-27 07:34:46,353][kfold_wrapper.log_eval_metrics] Accuracy(layer_1 - estimator_2 - 12_folds.test.predict)=42.52%
[ 2020-05-27 07:34:46,467][kfold_wrapper.log_eval_metrics] Accuracy(layer_1 - estimator_3 - 12_folds.train_0.predict)=42.97%
[ 2020-05-27 07:34:46,554][kfold_wrapper.log_eval_metrics] Accuracy(layer_1 - estimator_3 - 12_folds.train_1.predict)=41.57%
[ 2020-05-27 07:34:46,645][kfold_wrapper.log_eval_metrics] Accuracy(layer_1 - estimator_3 - 12_folds.train_2.predict)=40.78%
[ 2020-05-27 07:34:46,737][kfold_wrapper.log_eval_metrics] Accuracy(layer_1 - estimator_3 - 12_folds.train_3.predict)=41.57%
[ 2020-05-27 07:34:46,827][kfold_wrapper.log_eval_metrics] Accuracy(layer_1 - estimator_3 - 12_folds.train_4.predict)=41.18%
[ 2020-05-27 07:34:46,913][kfold_wrapper.log_eval_metrics] Accuracy(layer_1 - estimator_3 - 12_folds.train_5.predict)=38.82%
[ 2020-05-27 07:34:47,001][kfold_wrapper.log_eval_metrics] Accuracy(layer_1 - estimator_3 - 12_folds.train_6.predict)=44.31%
[ 2020-05-27 07:34:47,094][kfold_wrapper.log_eval_metrics] Accuracy(layer_1 - estimator_3 - 12_folds.train_7.predict)=44.71%
[ 2020-05-27 07:34:47,184][kfold_wrapper.log_eval_metrics] Accuracy(layer_1 - estimator_3 - 12_folds.train_8.predict)=40.39%
[ 2020-05-27 07:34:47,272][kfold_wrapper.log_eval_metrics] Accuracy(layer_1 - estimator_3 - 12_folds.train_9.predict)=42.75%
[ 2020-05-27 07:34:47,358][kfold_wrapper.log_eval_metrics] Accuracy(layer_1 - estimator_3 - 12_folds.train_10.predict)=41.57%
[ 2020-05-27 07:34:47,447][kfold_wrapper.log_eval_metrics] Accuracy(layer_1 - estimator_3 - 12_folds.train_11.predict)=42.75%
[ 2020-05-27 07:34:47,448][kfold_wrapper.log_eval_metrics] Accuracy(layer_1 - estimator_3 - 12_folds.train_cv.predict)=41.95%
[ 2020-05-27 07:34:47,449][kfold_wrapper.log_eval_metrics] Accuracy(layer_1 - estimator_3 - 12_folds.test.predict)=47.51%
[ 2020-05-27 07:34:47,450][cascade_classifier.calc_accuracy] Accuracy(layer_1 - train.classifier_average)=43.22%
[ 2020-05-27 07:34:47,450][cascade_classifier.calc_accuracy] Accuracy(layer_1 - test.classifier_average)=46.63%
[ 2020-05-27 07:34:47,451][cascade_classifier.fit_transform] [layer=2] look_indexs=[0], X_cur_train.shape=(3061, 17), X_cur_test.shape=(341, 17)
[ 2020-05-27 07:34:47,495][kfold_wrapper.log_eval_metrics] Accuracy(layer_2 - estimator_0 - 5_folds.train_0.predict)=39.97%
[ 2020-05-27 07:34:47,538][kfold_wrapper.log_eval_metrics] Accuracy(layer_2 - estimator_0 - 5_folds.train_1.predict)=42.32%
[ 2020-05-27 07:34:47,580][kfold_wrapper.log_eval_metrics] Accuracy(layer_2 - estimator_0 - 5_folds.train_2.predict)=41.01%
[ 2020-05-27 07:34:47,623][kfold_wrapper.log_eval_metrics] Accuracy(layer_2 - estimator_0 - 5_folds.train_3.predict)=43.95%
[ 2020-05-27 07:34:47,667][kfold_wrapper.log_eval_metrics] Accuracy(layer_2 - estimator_0 - 5_folds.train_4.predict)=43.46%
[ 2020-05-27 07:34:47,669][kfold_wrapper.log_eval_metrics] Accuracy(layer_2 - estimator_0 - 5_folds.train_cv.predict)=42.14%
[ 2020-05-27 07:34:47,671][kfold_wrapper.log_eval_metrics] Accuracy(layer_2 - estimator_0 - 5_folds.test.predict)=46.04%
[ 2020-05-27 07:34:47,891][kfold_wrapper.log_eval_metrics] Accuracy(layer_2 - estimator_1 - 12_folds.train_0.predict)=40.23%
[ 2020-05-27 07:34:48,251][kfold_wrapper.log_eval_metrics] Accuracy(layer_2 - estimator_1 - 12_folds.train_1.predict)=35.69%
[ 2020-05-27 07:34:48,611][kfold_wrapper.log_eval_metrics] Accuracy(layer_2 - estimator_1 - 12_folds.train_2.predict)=40.00%
[ 2020-05-27 07:34:48,970][kfold_wrapper.log_eval_metrics] Accuracy(layer_2 - estimator_1 - 12_folds.train_3.predict)=41.57%
[ 2020-05-27 07:34:49,323][kfold_wrapper.log_eval_metrics] Accuracy(layer_2 - estimator_1 - 12_folds.train_4.predict)=36.08%
[ 2020-05-27 07:34:49,669][kfold_wrapper.log_eval_metrics] Accuracy(layer_2 - estimator_1 - 12_folds.train_5.predict)=34.90%
[ 2020-05-27 07:34:50,025][kfold_wrapper.log_eval_metrics] Accuracy(layer_2 - estimator_1 - 12_folds.train_6.predict)=41.18%
[ 2020-05-27 07:34:50,383][kfold_wrapper.log_eval_metrics] Accuracy(layer_2 - estimator_1 - 12_folds.train_7.predict)=39.22%
[ 2020-05-27 07:34:50,743][kfold_wrapper.log_eval_metrics] Accuracy(layer_2 - estimator_1 - 12_folds.train_8.predict)=41.96%
[ 2020-05-27 07:34:51,103][kfold_wrapper.log_eval_metrics] Accuracy(layer_2 - estimator_1 - 12_folds.train_9.predict)=39.61%
[ 2020-05-27 07:34:51,463][kfold_wrapper.log_eval_metrics] Accuracy(layer_2 - estimator_1 - 12_folds.train_10.predict)=37.65%
[ 2020-05-27 07:34:51,797][kfold_wrapper.log_eval_metrics] Accuracy(layer_2 - estimator_1 - 12_folds.train_11.predict)=41.57%
[ 2020-05-27 07:34:51,916][kfold_wrapper.log_eval_metrics] Accuracy(layer_2 - estimator_1 - 12_folds.train_cv.predict)=39.14%
[ 2020-05-27 07:34:51,919][kfold_wrapper.log_eval_metrics] Accuracy(layer_2 - estimator_1 - 12_folds.test.predict)=45.16%
[ 2020-05-27 07:34:52,175][kfold_wrapper.log_eval_metrics] Accuracy(layer_2 - estimator_2 - 12_folds.train_0.predict)=43.36%
[ 2020-05-27 07:34:52,535][kfold_wrapper.log_eval_metrics] Accuracy(layer_2 - estimator_2 - 12_folds.train_1.predict)=38.04%
[ 2020-05-27 07:34:52,885][kfold_wrapper.log_eval_metrics] Accuracy(layer_2 - estimator_2 - 12_folds.train_2.predict)=34.90%
[ 2020-05-27 07:34:53,229][kfold_wrapper.log_eval_metrics] Accuracy(layer_2 - estimator_2 - 12_folds.train_3.predict)=35.69%
[ 2020-05-27 07:34:53,590][kfold_wrapper.log_eval_metrics] Accuracy(layer_2 - estimator_2 - 12_folds.train_4.predict)=39.61%
[ 2020-05-27 07:34:53,950][kfold_wrapper.log_eval_metrics] Accuracy(layer_2 - estimator_2 - 12_folds.train_5.predict)=38.43%
[ 2020-05-27 07:34:54,301][kfold_wrapper.log_eval_metrics] Accuracy(layer_2 - estimator_2 - 12_folds.train_6.predict)=47.06%
[ 2020-05-27 07:34:54,664][kfold_wrapper.log_eval_metrics] Accuracy(layer_2 - estimator_2 - 12_folds.train_7.predict)=39.22%
[ 2020-05-27 07:34:55,022][kfold_wrapper.log_eval_metrics] Accuracy(layer_2 - estimator_2 - 12_folds.train_8.predict)=38.43%
[ 2020-05-27 07:34:55,358][kfold_wrapper.log_eval_metrics] Accuracy(layer_2 - estimator_2 - 12_folds.train_9.predict)=34.90%
[ 2020-05-27 07:34:55,700][kfold_wrapper.log_eval_metrics] Accuracy(layer_2 - estimator_2 - 12_folds.train_10.predict)=40.78%
[ 2020-05-27 07:34:56,053][kfold_wrapper.log_eval_metrics] Accuracy(layer_2 - estimator_2 - 12_folds.train_11.predict)=34.12%
[ 2020-05-27 07:34:56,164][kfold_wrapper.log_eval_metrics] Accuracy(layer_2 - estimator_2 - 12_folds.train_cv.predict)=38.71%
[ 2020-05-27 07:34:56,166][kfold_wrapper.log_eval_metrics] Accuracy(layer_2 - estimator_2 - 12_folds.test.predict)=45.75%
[ 2020-05-27 07:34:56,294][kfold_wrapper.log_eval_metrics] Accuracy(layer_2 - estimator_3 - 12_folds.train_0.predict)=46.09%
[ 2020-05-27 07:34:56,402][kfold_wrapper.log_eval_metrics] Accuracy(layer_2 - estimator_3 - 12_folds.train_1.predict)=43.53%
[ 2020-05-27 07:34:56,511][kfold_wrapper.log_eval_metrics] Accuracy(layer_2 - estimator_3 - 12_folds.train_2.predict)=41.57%
[ 2020-05-27 07:34:56,622][kfold_wrapper.log_eval_metrics] Accuracy(layer_2 - estimator_3 - 12_folds.train_3.predict)=45.88%
[ 2020-05-27 07:34:56,730][kfold_wrapper.log_eval_metrics] Accuracy(layer_2 - estimator_3 - 12_folds.train_4.predict)=46.27%
[ 2020-05-27 07:34:56,840][kfold_wrapper.log_eval_metrics] Accuracy(layer_2 - estimator_3 - 12_folds.train_5.predict)=41.18%
[ 2020-05-27 07:34:56,945][kfold_wrapper.log_eval_metrics] Accuracy(layer_2 - estimator_3 - 12_folds.train_6.predict)=43.92%
[ 2020-05-27 07:34:57,052][kfold_wrapper.log_eval_metrics] Accuracy(layer_2 - estimator_3 - 12_folds.train_7.predict)=46.27%
[ 2020-05-27 07:34:57,161][kfold_wrapper.log_eval_metrics] Accuracy(layer_2 - estimator_3 - 12_folds.train_8.predict)=40.39%
[ 2020-05-27 07:34:57,270][kfold_wrapper.log_eval_metrics] Accuracy(layer_2 - estimator_3 - 12_folds.train_9.predict)=40.39%
[ 2020-05-27 07:34:57,374][kfold_wrapper.log_eval_metrics] Accuracy(layer_2 - estimator_3 - 12_folds.train_10.predict)=41.18%
[ 2020-05-27 07:34:57,486][kfold_wrapper.log_eval_metrics] Accuracy(layer_2 - estimator_3 - 12_folds.train_11.predict)=45.10%
[ 2020-05-27 07:34:57,487][kfold_wrapper.log_eval_metrics] Accuracy(layer_2 - estimator_3 - 12_folds.train_cv.predict)=43.48%
[ 2020-05-27 07:34:57,488][kfold_wrapper.log_eval_metrics] Accuracy(layer_2 - estimator_3 - 12_folds.test.predict)=47.80%
[ 2020-05-27 07:34:57,489][cascade_classifier.calc_accuracy] Accuracy(layer_2 - train.classifier_average)=41.59%
[ 2020-05-27 07:34:57,490][cascade_classifier.calc_accuracy] Accuracy(layer_2 - test.classifier_average)=46.04%
[ 2020-05-27 07:34:57,491][cascade_classifier.fit_transform] [layer=3] look_indexs=[0], X_cur_train.shape=(3061, 17), X_cur_test.shape=(341, 17)
[ 2020-05-27 07:34:57,535][kfold_wrapper.log_eval_metrics] Accuracy(layer_3 - estimator_0 - 5_folds.train_0.predict)=39.80%
[ 2020-05-27 07:34:57,580][kfold_wrapper.log_eval_metrics] Accuracy(layer_3 - estimator_0 - 5_folds.train_1.predict)=40.03%
[ 2020-05-27 07:34:57,623][kfold_wrapper.log_eval_metrics] Accuracy(layer_3 - estimator_0 - 5_folds.train_2.predict)=39.71%
[ 2020-05-27 07:34:57,667][kfold_wrapper.log_eval_metrics] Accuracy(layer_3 - estimator_0 - 5_folds.train_3.predict)=43.95%
[ 2020-05-27 07:34:57,709][kfold_wrapper.log_eval_metrics] Accuracy(layer_3 - estimator_0 - 5_folds.train_4.predict)=44.44%
[ 2020-05-27 07:34:57,712][kfold_wrapper.log_eval_metrics] Accuracy(layer_3 - estimator_0 - 5_folds.train_cv.predict)=41.59%
[ 2020-05-27 07:34:57,714][kfold_wrapper.log_eval_metrics] Accuracy(layer_3 - estimator_0 - 5_folds.test.predict)=46.92%
[ 2020-05-27 07:34:57,934][kfold_wrapper.log_eval_metrics] Accuracy(layer_3 - estimator_1 - 12_folds.train_0.predict)=40.62%
[ 2020-05-27 07:34:58,275][kfold_wrapper.log_eval_metrics] Accuracy(layer_3 - estimator_1 - 12_folds.train_1.predict)=33.33%
[ 2020-05-27 07:34:58,635][kfold_wrapper.log_eval_metrics] Accuracy(layer_3 - estimator_1 - 12_folds.train_2.predict)=38.04%
[ 2020-05-27 07:34:58,992][kfold_wrapper.log_eval_metrics] Accuracy(layer_3 - estimator_1 - 12_folds.train_3.predict)=36.47%
[ 2020-05-27 07:34:59,336][kfold_wrapper.log_eval_metrics] Accuracy(layer_3 - estimator_1 - 12_folds.train_4.predict)=36.08%
[ 2020-05-27 07:34:59,690][kfold_wrapper.log_eval_metrics] Accuracy(layer_3 - estimator_1 - 12_folds.train_5.predict)=37.65%
[ 2020-05-27 07:35:00,043][kfold_wrapper.log_eval_metrics] Accuracy(layer_3 - estimator_1 - 12_folds.train_6.predict)=38.04%
[ 2020-05-27 07:35:00,394][kfold_wrapper.log_eval_metrics] Accuracy(layer_3 - estimator_1 - 12_folds.train_7.predict)=33.33%
[ 2020-05-27 07:35:00,756][kfold_wrapper.log_eval_metrics] Accuracy(layer_3 - estimator_1 - 12_folds.train_8.predict)=39.22%
[ 2020-05-27 07:35:01,107][kfold_wrapper.log_eval_metrics] Accuracy(layer_3 - estimator_1 - 12_folds.train_9.predict)=38.04%
[ 2020-05-27 07:35:01,453][kfold_wrapper.log_eval_metrics] Accuracy(layer_3 - estimator_1 - 12_folds.train_10.predict)=38.43%
[ 2020-05-27 07:35:01,791][kfold_wrapper.log_eval_metrics] Accuracy(layer_3 - estimator_1 - 12_folds.train_11.predict)=35.69%
[ 2020-05-27 07:35:01,910][kfold_wrapper.log_eval_metrics] Accuracy(layer_3 - estimator_1 - 12_folds.train_cv.predict)=37.08%
[ 2020-05-27 07:35:01,913][kfold_wrapper.log_eval_metrics] Accuracy(layer_3 - estimator_1 - 12_folds.test.predict)=45.16%
[ 2020-05-27 07:35:02,171][kfold_wrapper.log_eval_metrics] Accuracy(layer_3 - estimator_2 - 12_folds.train_0.predict)=37.89%
[ 2020-05-27 07:35:02,521][kfold_wrapper.log_eval_metrics] Accuracy(layer_3 - estimator_2 - 12_folds.train_1.predict)=34.51%
[ 2020-05-27 07:35:02,876][kfold_wrapper.log_eval_metrics] Accuracy(layer_3 - estimator_2 - 12_folds.train_2.predict)=40.00%
[ 2020-05-27 07:35:03,234][kfold_wrapper.log_eval_metrics] Accuracy(layer_3 - estimator_2 - 12_folds.train_3.predict)=34.90%
[ 2020-05-27 07:35:03,589][kfold_wrapper.log_eval_metrics] Accuracy(layer_3 - estimator_2 - 12_folds.train_4.predict)=36.08%
[ 2020-05-27 07:35:03,949][kfold_wrapper.log_eval_metrics] Accuracy(layer_3 - estimator_2 - 12_folds.train_5.predict)=37.25%
[ 2020-05-27 07:35:04,307][kfold_wrapper.log_eval_metrics] Accuracy(layer_3 - estimator_2 - 12_folds.train_6.predict)=34.51%
[ 2020-05-27 07:35:04,662][kfold_wrapper.log_eval_metrics] Accuracy(layer_3 - estimator_2 - 12_folds.train_7.predict)=38.04%
[ 2020-05-27 07:35:05,025][kfold_wrapper.log_eval_metrics] Accuracy(layer_3 - estimator_2 - 12_folds.train_8.predict)=36.47%
[ 2020-05-27 07:35:05,385][kfold_wrapper.log_eval_metrics] Accuracy(layer_3 - estimator_2 - 12_folds.train_9.predict)=35.69%
[ 2020-05-27 07:35:05,726][kfold_wrapper.log_eval_metrics] Accuracy(layer_3 - estimator_2 - 12_folds.train_10.predict)=33.33%
[ 2020-05-27 07:35:06,071][kfold_wrapper.log_eval_metrics] Accuracy(layer_3 - estimator_2 - 12_folds.train_11.predict)=34.90%
[ 2020-05-27 07:35:06,186][kfold_wrapper.log_eval_metrics] Accuracy(layer_3 - estimator_2 - 12_folds.train_cv.predict)=36.13%
[ 2020-05-27 07:35:06,188][kfold_wrapper.log_eval_metrics] Accuracy(layer_3 - estimator_2 - 12_folds.test.predict)=44.57%
[ 2020-05-27 07:35:06,367][kfold_wrapper.log_eval_metrics] Accuracy(layer_3 - estimator_3 - 12_folds.train_0.predict)=48.44%
[ 2020-05-27 07:35:06,507][kfold_wrapper.log_eval_metrics] Accuracy(layer_3 - estimator_3 - 12_folds.train_1.predict)=44.71%
[ 2020-05-27 07:35:06,643][kfold_wrapper.log_eval_metrics] Accuracy(layer_3 - estimator_3 - 12_folds.train_2.predict)=45.10%
[ 2020-05-27 07:35:06,779][kfold_wrapper.log_eval_metrics] Accuracy(layer_3 - estimator_3 - 12_folds.train_3.predict)=40.39%
[ 2020-05-27 07:35:06,917][kfold_wrapper.log_eval_metrics] Accuracy(layer_3 - estimator_3 - 12_folds.train_4.predict)=43.92%
[ 2020-05-27 07:35:07,055][kfold_wrapper.log_eval_metrics] Accuracy(layer_3 - estimator_3 - 12_folds.train_5.predict)=38.43%
[ 2020-05-27 07:35:07,189][kfold_wrapper.log_eval_metrics] Accuracy(layer_3 - estimator_3 - 12_folds.train_6.predict)=38.82%
[ 2020-05-27 07:35:07,327][kfold_wrapper.log_eval_metrics] Accuracy(layer_3 - estimator_3 - 12_folds.train_7.predict)=49.02%
[ 2020-05-27 07:35:07,465][kfold_wrapper.log_eval_metrics] Accuracy(layer_3 - estimator_3 - 12_folds.train_8.predict)=42.75%
[ 2020-05-27 07:35:07,602][kfold_wrapper.log_eval_metrics] Accuracy(layer_3 - estimator_3 - 12_folds.train_9.predict)=42.35%
[ 2020-05-27 07:35:07,739][kfold_wrapper.log_eval_metrics] Accuracy(layer_3 - estimator_3 - 12_folds.train_10.predict)=40.78%
[ 2020-05-27 07:35:07,877][kfold_wrapper.log_eval_metrics] Accuracy(layer_3 - estimator_3 - 12_folds.train_11.predict)=41.57%
[ 2020-05-27 07:35:07,879][kfold_wrapper.log_eval_metrics] Accuracy(layer_3 - estimator_3 - 12_folds.train_cv.predict)=43.03%
[ 2020-05-27 07:35:07,879][kfold_wrapper.log_eval_metrics] Accuracy(layer_3 - estimator_3 - 12_folds.test.predict)=46.63%
[ 2020-05-27 07:35:07,881][cascade_classifier.calc_accuracy] Accuracy(layer_3 - train.classifier_average)=39.63%
[ 2020-05-27 07:35:07,881][cascade_classifier.calc_accuracy] Accuracy(layer_3 - test.classifier_average)=45.75%
[ 2020-05-27 07:35:07,882][cascade_classifier.fit_transform] [layer=4] look_indexs=[0], X_cur_train.shape=(3061, 17), X_cur_test.shape=(341, 17)
[ 2020-05-27 07:35:07,933][kfold_wrapper.log_eval_metrics] Accuracy(layer_4 - estimator_0 - 5_folds.train_0.predict)=42.58%
[ 2020-05-27 07:35:07,978][kfold_wrapper.log_eval_metrics] Accuracy(layer_4 - estimator_0 - 5_folds.train_1.predict)=41.67%
[ 2020-05-27 07:35:08,023][kfold_wrapper.log_eval_metrics] Accuracy(layer_4 - estimator_0 - 5_folds.train_2.predict)=41.99%
[ 2020-05-27 07:35:08,066][kfold_wrapper.log_eval_metrics] Accuracy(layer_4 - estimator_0 - 5_folds.train_3.predict)=40.03%
[ 2020-05-27 07:35:08,111][kfold_wrapper.log_eval_metrics] Accuracy(layer_4 - estimator_0 - 5_folds.train_4.predict)=41.18%
[ 2020-05-27 07:35:08,114][kfold_wrapper.log_eval_metrics] Accuracy(layer_4 - estimator_0 - 5_folds.train_cv.predict)=41.49%
[ 2020-05-27 07:35:08,116][kfold_wrapper.log_eval_metrics] Accuracy(layer_4 - estimator_0 - 5_folds.test.predict)=46.04%
[ 2020-05-27 07:35:08,338][kfold_wrapper.log_eval_metrics] Accuracy(layer_4 - estimator_1 - 12_folds.train_0.predict)=38.28%
[ 2020-05-27 07:35:08,697][kfold_wrapper.log_eval_metrics] Accuracy(layer_4 - estimator_1 - 12_folds.train_1.predict)=32.55%
[ 2020-05-27 07:35:09,045][kfold_wrapper.log_eval_metrics] Accuracy(layer_4 - estimator_1 - 12_folds.train_2.predict)=34.90%
[ 2020-05-27 07:35:09,400][kfold_wrapper.log_eval_metrics] Accuracy(layer_4 - estimator_1 - 12_folds.train_3.predict)=38.04%
[ 2020-05-27 07:35:09,756][kfold_wrapper.log_eval_metrics] Accuracy(layer_4 - estimator_1 - 12_folds.train_4.predict)=42.35%
[ 2020-05-27 07:35:10,119][kfold_wrapper.log_eval_metrics] Accuracy(layer_4 - estimator_1 - 12_folds.train_5.predict)=35.29%
[ 2020-05-27 07:35:10,468][kfold_wrapper.log_eval_metrics] Accuracy(layer_4 - estimator_1 - 12_folds.train_6.predict)=39.22%
[ 2020-05-27 07:35:10,838][kfold_wrapper.log_eval_metrics] Accuracy(layer_4 - estimator_1 - 12_folds.train_7.predict)=35.29%
[ 2020-05-27 07:35:11,202][kfold_wrapper.log_eval_metrics] Accuracy(layer_4 - estimator_1 - 12_folds.train_8.predict)=42.35%
[ 2020-05-27 07:35:11,552][kfold_wrapper.log_eval_metrics] Accuracy(layer_4 - estimator_1 - 12_folds.train_9.predict)=40.39%
[ 2020-05-27 07:35:11,915][kfold_wrapper.log_eval_metrics] Accuracy(layer_4 - estimator_1 - 12_folds.train_10.predict)=40.78%
[ 2020-05-27 07:35:12,262][kfold_wrapper.log_eval_metrics] Accuracy(layer_4 - estimator_1 - 12_folds.train_11.predict)=36.86%
[ 2020-05-27 07:35:12,384][kfold_wrapper.log_eval_metrics] Accuracy(layer_4 - estimator_1 - 12_folds.train_cv.predict)=38.03%
[ 2020-05-27 07:35:12,388][kfold_wrapper.log_eval_metrics] Accuracy(layer_4 - estimator_1 - 12_folds.test.predict)=47.21%
[ 2020-05-27 07:35:12,645][kfold_wrapper.log_eval_metrics] Accuracy(layer_4 - estimator_2 - 12_folds.train_0.predict)=40.62%
[ 2020-05-27 07:35:13,002][kfold_wrapper.log_eval_metrics] Accuracy(layer_4 - estimator_2 - 12_folds.train_1.predict)=34.12%
[ 2020-05-27 07:35:13,352][kfold_wrapper.log_eval_metrics] Accuracy(layer_4 - estimator_2 - 12_folds.train_2.predict)=37.65%
[ 2020-05-27 07:35:13,719][kfold_wrapper.log_eval_metrics] Accuracy(layer_4 - estimator_2 - 12_folds.train_3.predict)=39.22%
[ 2020-05-27 07:35:14,078][kfold_wrapper.log_eval_metrics] Accuracy(layer_4 - estimator_2 - 12_folds.train_4.predict)=39.61%
[ 2020-05-27 07:35:14,433][kfold_wrapper.log_eval_metrics] Accuracy(layer_4 - estimator_2 - 12_folds.train_5.predict)=38.43%
[ 2020-05-27 07:35:14,786][kfold_wrapper.log_eval_metrics] Accuracy(layer_4 - estimator_2 - 12_folds.train_6.predict)=40.78%
[ 2020-05-27 07:35:15,145][kfold_wrapper.log_eval_metrics] Accuracy(layer_4 - estimator_2 - 12_folds.train_7.predict)=35.69%
[ 2020-05-27 07:35:15,511][kfold_wrapper.log_eval_metrics] Accuracy(layer_4 - estimator_2 - 12_folds.train_8.predict)=37.25%
[ 2020-05-27 07:35:15,877][kfold_wrapper.log_eval_metrics] Accuracy(layer_4 - estimator_2 - 12_folds.train_9.predict)=35.69%
[ 2020-05-27 07:35:16,234][kfold_wrapper.log_eval_metrics] Accuracy(layer_4 - estimator_2 - 12_folds.train_10.predict)=40.78%
[ 2020-05-27 07:35:16,577][kfold_wrapper.log_eval_metrics] Accuracy(layer_4 - estimator_2 - 12_folds.train_11.predict)=36.08%
[ 2020-05-27 07:35:16,699][kfold_wrapper.log_eval_metrics] Accuracy(layer_4 - estimator_2 - 12_folds.train_cv.predict)=37.99%
[ 2020-05-27 07:35:16,703][kfold_wrapper.log_eval_metrics] Accuracy(layer_4 - estimator_2 - 12_folds.test.predict)=46.63%
[ 2020-05-27 07:35:16,943][kfold_wrapper.log_eval_metrics] Accuracy(layer_4 - estimator_3 - 12_folds.train_0.predict)=42.97%
[ 2020-05-27 07:35:17,120][kfold_wrapper.log_eval_metrics] Accuracy(layer_4 - estimator_3 - 12_folds.train_1.predict)=41.96%
[ 2020-05-27 07:35:17,304][kfold_wrapper.log_eval_metrics] Accuracy(layer_4 - estimator_3 - 12_folds.train_2.predict)=43.53%
[ 2020-05-27 07:35:17,484][kfold_wrapper.log_eval_metrics] Accuracy(layer_4 - estimator_3 - 12_folds.train_3.predict)=45.88%
[ 2020-05-27 07:35:17,668][kfold_wrapper.log_eval_metrics] Accuracy(layer_4 - estimator_3 - 12_folds.train_4.predict)=41.96%
[ 2020-05-27 07:35:17,846][kfold_wrapper.log_eval_metrics] Accuracy(layer_4 - estimator_3 - 12_folds.train_5.predict)=44.31%
[ 2020-05-27 07:35:18,025][kfold_wrapper.log_eval_metrics] Accuracy(layer_4 - estimator_3 - 12_folds.train_6.predict)=42.75%
[ 2020-05-27 07:35:18,206][kfold_wrapper.log_eval_metrics] Accuracy(layer_4 - estimator_3 - 12_folds.train_7.predict)=41.18%
[ 2020-05-27 07:35:18,388][kfold_wrapper.log_eval_metrics] Accuracy(layer_4 - estimator_3 - 12_folds.train_8.predict)=40.39%
[ 2020-05-27 07:35:18,568][kfold_wrapper.log_eval_metrics] Accuracy(layer_4 - estimator_3 - 12_folds.train_9.predict)=44.31%
[ 2020-05-27 07:35:18,750][kfold_wrapper.log_eval_metrics] Accuracy(layer_4 - estimator_3 - 12_folds.train_10.predict)=43.53%
[ 2020-05-27 07:35:18,930][kfold_wrapper.log_eval_metrics] Accuracy(layer_4 - estimator_3 - 12_folds.train_11.predict)=41.96%
[ 2020-05-27 07:35:18,932][kfold_wrapper.log_eval_metrics] Accuracy(layer_4 - estimator_3 - 12_folds.train_cv.predict)=42.89%
[ 2020-05-27 07:35:18,933][kfold_wrapper.log_eval_metrics] Accuracy(layer_4 - estimator_3 - 12_folds.test.predict)=45.75%
[ 2020-05-27 07:35:18,935][cascade_classifier.calc_accuracy] Accuracy(layer_4 - train.classifier_average)=41.36%
[ 2020-05-27 07:35:18,936][cascade_classifier.calc_accuracy] Accuracy(layer_4 - test.classifier_average)=48.09%
[ 2020-05-27 07:35:18,937][cascade_classifier.fit_transform] [layer=5] look_indexs=[0], X_cur_train.shape=(3061, 17), X_cur_test.shape=(341, 17)
[ 2020-05-27 07:35:18,983][kfold_wrapper.log_eval_metrics] Accuracy(layer_5 - estimator_0 - 5_folds.train_0.predict)=40.29%
[ 2020-05-27 07:35:19,029][kfold_wrapper.log_eval_metrics] Accuracy(layer_5 - estimator_0 - 5_folds.train_1.predict)=40.36%
[ 2020-05-27 07:35:19,073][kfold_wrapper.log_eval_metrics] Accuracy(layer_5 - estimator_0 - 5_folds.train_2.predict)=39.38%
[ 2020-05-27 07:35:19,120][kfold_wrapper.log_eval_metrics] Accuracy(layer_5 - estimator_0 - 5_folds.train_3.predict)=43.14%
[ 2020-05-27 07:35:19,164][kfold_wrapper.log_eval_metrics] Accuracy(layer_5 - estimator_0 - 5_folds.train_4.predict)=43.79%
[ 2020-05-27 07:35:19,167][kfold_wrapper.log_eval_metrics] Accuracy(layer_5 - estimator_0 - 5_folds.train_cv.predict)=41.39%
[ 2020-05-27 07:35:19,169][kfold_wrapper.log_eval_metrics] Accuracy(layer_5 - estimator_0 - 5_folds.test.predict)=45.75%
[ 2020-05-27 07:35:19,392][kfold_wrapper.log_eval_metrics] Accuracy(layer_5 - estimator_1 - 12_folds.train_0.predict)=43.36%
[ 2020-05-27 07:35:19,751][kfold_wrapper.log_eval_metrics] Accuracy(layer_5 - estimator_1 - 12_folds.train_1.predict)=41.57%
[ 2020-05-27 07:35:20,113][kfold_wrapper.log_eval_metrics] Accuracy(layer_5 - estimator_1 - 12_folds.train_2.predict)=40.39%
[ 2020-05-27 07:35:20,465][kfold_wrapper.log_eval_metrics] Accuracy(layer_5 - estimator_1 - 12_folds.train_3.predict)=41.18%
[ 2020-05-27 07:35:20,808][kfold_wrapper.log_eval_metrics] Accuracy(layer_5 - estimator_1 - 12_folds.train_4.predict)=35.69%
[ 2020-05-27 07:35:21,168][kfold_wrapper.log_eval_metrics] Accuracy(layer_5 - estimator_1 - 12_folds.train_5.predict)=36.86%
[ 2020-05-27 07:35:21,529][kfold_wrapper.log_eval_metrics] Accuracy(layer_5 - estimator_1 - 12_folds.train_6.predict)=41.18%
[ 2020-05-27 07:35:21,887][kfold_wrapper.log_eval_metrics] Accuracy(layer_5 - estimator_1 - 12_folds.train_7.predict)=38.43%
[ 2020-05-27 07:35:22,245][kfold_wrapper.log_eval_metrics] Accuracy(layer_5 - estimator_1 - 12_folds.train_8.predict)=35.69%
[ 2020-05-27 07:35:22,582][kfold_wrapper.log_eval_metrics] Accuracy(layer_5 - estimator_1 - 12_folds.train_9.predict)=39.22%
[ 2020-05-27 07:35:22,942][kfold_wrapper.log_eval_metrics] Accuracy(layer_5 - estimator_1 - 12_folds.train_10.predict)=42.35%
[ 2020-05-27 07:35:23,307][kfold_wrapper.log_eval_metrics] Accuracy(layer_5 - estimator_1 - 12_folds.train_11.predict)=34.12%
[ 2020-05-27 07:35:23,428][kfold_wrapper.log_eval_metrics] Accuracy(layer_5 - estimator_1 - 12_folds.train_cv.predict)=39.17%
[ 2020-05-27 07:35:23,431][kfold_wrapper.log_eval_metrics] Accuracy(layer_5 - estimator_1 - 12_folds.test.predict)=32.55%
[ 2020-05-27 07:35:23,677][kfold_wrapper.log_eval_metrics] Accuracy(layer_5 - estimator_2 - 12_folds.train_0.predict)=34.38%
[ 2020-05-27 07:35:24,043][kfold_wrapper.log_eval_metrics] Accuracy(layer_5 - estimator_2 - 12_folds.train_1.predict)=38.82%
[ 2020-05-27 07:35:24,397][kfold_wrapper.log_eval_metrics] Accuracy(layer_5 - estimator_2 - 12_folds.train_2.predict)=37.25%
[ 2020-05-27 07:35:24,757][kfold_wrapper.log_eval_metrics] Accuracy(layer_5 - estimator_2 - 12_folds.train_3.predict)=34.51%
[ 2020-05-27 07:35:25,118][kfold_wrapper.log_eval_metrics] Accuracy(layer_5 - estimator_2 - 12_folds.train_4.predict)=38.04%
[ 2020-05-27 07:35:25,474][kfold_wrapper.log_eval_metrics] Accuracy(layer_5 - estimator_2 - 12_folds.train_5.predict)=37.65%
[ 2020-05-27 07:35:25,832][kfold_wrapper.log_eval_metrics] Accuracy(layer_5 - estimator_2 - 12_folds.train_6.predict)=37.65%
[ 2020-05-27 07:35:26,195][kfold_wrapper.log_eval_metrics] Accuracy(layer_5 - estimator_2 - 12_folds.train_7.predict)=34.51%
[ 2020-05-27 07:35:26,552][kfold_wrapper.log_eval_metrics] Accuracy(layer_5 - estimator_2 - 12_folds.train_8.predict)=34.12%
[ 2020-05-27 07:35:26,898][kfold_wrapper.log_eval_metrics] Accuracy(layer_5 - estimator_2 - 12_folds.train_9.predict)=39.61%
[ 2020-05-27 07:35:27,262][kfold_wrapper.log_eval_metrics] Accuracy(layer_5 - estimator_2 - 12_folds.train_10.predict)=44.31%
[ 2020-05-27 07:35:27,607][kfold_wrapper.log_eval_metrics] Accuracy(layer_5 - estimator_2 - 12_folds.train_11.predict)=31.37%
[ 2020-05-27 07:35:27,731][kfold_wrapper.log_eval_metrics] Accuracy(layer_5 - estimator_2 - 12_folds.train_cv.predict)=36.85%
[ 2020-05-27 07:35:27,731][kfold_wrapper.log_eval_metrics] Accuracy(layer_5 - estimator_2 - 12_folds.test.predict)=36.95%
[ 2020-05-27 07:35:27,962][kfold_wrapper.log_eval_metrics] Accuracy(layer_5 - estimator_3 - 12_folds.train_0.predict)=41.41%
[ 2020-05-27 07:35:28,183][kfold_wrapper.log_eval_metrics] Accuracy(layer_5 - estimator_3 - 12_folds.train_1.predict)=41.96%
[ 2020-05-27 07:35:28,403][kfold_wrapper.log_eval_metrics] Accuracy(layer_5 - estimator_3 - 12_folds.train_2.predict)=40.00%
[ 2020-05-27 07:35:28,626][kfold_wrapper.log_eval_metrics] Accuracy(layer_5 - estimator_3 - 12_folds.train_3.predict)=46.67%
[ 2020-05-27 07:35:28,851][kfold_wrapper.log_eval_metrics] Accuracy(layer_5 - estimator_3 - 12_folds.train_4.predict)=39.61%
[ 2020-05-27 07:35:29,079][kfold_wrapper.log_eval_metrics] Accuracy(layer_5 - estimator_3 - 12_folds.train_5.predict)=41.18%
[ 2020-05-27 07:35:29,310][kfold_wrapper.log_eval_metrics] Accuracy(layer_5 - estimator_3 - 12_folds.train_6.predict)=44.31%
[ 2020-05-27 07:35:29,538][kfold_wrapper.log_eval_metrics] Accuracy(layer_5 - estimator_3 - 12_folds.train_7.predict)=43.14%
[ 2020-05-27 07:35:29,761][kfold_wrapper.log_eval_metrics] Accuracy(layer_5 - estimator_3 - 12_folds.train_8.predict)=43.53%
[ 2020-05-27 07:35:29,993][kfold_wrapper.log_eval_metrics] Accuracy(layer_5 - estimator_3 - 12_folds.train_9.predict)=47.84%
[ 2020-05-27 07:35:30,228][kfold_wrapper.log_eval_metrics] Accuracy(layer_5 - estimator_3 - 12_folds.train_10.predict)=43.92%
[ 2020-05-27 07:35:30,450][kfold_wrapper.log_eval_metrics] Accuracy(layer_5 - estimator_3 - 12_folds.train_11.predict)=40.78%
[ 2020-05-27 07:35:30,452][kfold_wrapper.log_eval_metrics] Accuracy(layer_5 - estimator_3 - 12_folds.train_cv.predict)=42.86%
[ 2020-05-27 07:35:30,453][kfold_wrapper.log_eval_metrics] Accuracy(layer_5 - estimator_3 - 12_folds.test.predict)=45.75%
[ 2020-05-27 07:35:30,455][cascade_classifier.calc_accuracy] Accuracy(layer_5 - train.classifier_average)=41.39%
[ 2020-05-27 07:35:30,456][cascade_classifier.calc_accuracy] Accuracy(layer_5 - test.classifier_average)=44.87%
[ 2020-05-27 07:35:30,457][cascade_classifier.fit_transform] [Result][Optimal Level Detected] opt_layer_num=2, accuracy_train=43.22%, accuracy_test=46.63%
[ 2020-05-27 07:35:30,542][cascade_classifier.transform] X_groups_test.shape=[(244, 5)]
[ 2020-05-27 07:35:30,543][cascade_classifier.transform] group_dims=[5]
[ 2020-05-27 07:35:30,544][cascade_classifier.transform] X_test.shape=(244, 5)
[ 2020-05-27 07:35:30,545][cascade_classifier.transform] [layer=0] look_indexs=[0], X_cur_test.shape=(244, 5)
[ 2020-05-27 07:35:33,220][cascade_classifier.transform] [layer=1] look_indexs=[0], X_cur_test.shape=(244, 17)
[ 2020-05-27 07:35:36,298][cascade_classifier.fit_transform] X_groups_train.shape=[(3281, 5)],y_train.shape=(3281,),X_groups_test.shape=[(365, 5)],y_test.shape=(365,)
[ 2020-05-27 07:35:36,299][cascade_classifier.fit_transform] group_dims=[5]
[ 2020-05-27 07:35:36,300][cascade_classifier.fit_transform] group_starts=[0]
[ 2020-05-27 07:35:36,300][cascade_classifier.fit_transform] group_ends=[5]
[ 2020-05-27 07:35:36,301][cascade_classifier.fit_transform] X_train.shape=(3281, 5),X_test.shape=(365, 5)
[ 2020-05-27 07:35:36,302][cascade_classifier.fit_transform] [layer=0] look_indexs=[0], X_cur_train.shape=(3281, 5), X_cur_test.shape=(365, 5)
[ 2020-05-27 07:35:36,337][kfold_wrapper.log_eval_metrics] Accuracy(layer_0 - estimator_0 - 5_folds.train_0.predict)=40.33%
[ 2020-05-27 07:35:36,373][kfold_wrapper.log_eval_metrics] Accuracy(layer_0 - estimator_0 - 5_folds.train_1.predict)=42.38%
[ 2020-05-27 07:35:36,407][kfold_wrapper.log_eval_metrics] Accuracy(layer_0 - estimator_0 - 5_folds.train_2.predict)=37.35%
[ 2020-05-27 07:35:36,442][kfold_wrapper.log_eval_metrics] Accuracy(layer_0 - estimator_0 - 5_folds.train_3.predict)=40.24%
[ 2020-05-27 07:35:36,477][kfold_wrapper.log_eval_metrics] Accuracy(layer_0 - estimator_0 - 5_folds.train_4.predict)=39.79%
[ 2020-05-27 07:35:36,479][kfold_wrapper.log_eval_metrics] Accuracy(layer_0 - estimator_0 - 5_folds.train_cv.predict)=40.02%
[ 2020-05-27 07:35:36,481][kfold_wrapper.log_eval_metrics] Accuracy(layer_0 - estimator_0 - 5_folds.test.predict)=44.38%
[ 2020-05-27 07:35:36,700][kfold_wrapper.log_eval_metrics] Accuracy(layer_0 - estimator_1 - 12_folds.train_0.predict)=35.04%
[ 2020-05-27 07:35:37,051][kfold_wrapper.log_eval_metrics] Accuracy(layer_0 - estimator_1 - 12_folds.train_1.predict)=37.23%
[ 2020-05-27 07:35:37,410][kfold_wrapper.log_eval_metrics] Accuracy(layer_0 - estimator_1 - 12_folds.train_2.predict)=38.69%
[ 2020-05-27 07:35:37,758][kfold_wrapper.log_eval_metrics] Accuracy(layer_0 - estimator_1 - 12_folds.train_3.predict)=31.02%
[ 2020-05-27 07:35:38,115][kfold_wrapper.log_eval_metrics] Accuracy(layer_0 - estimator_1 - 12_folds.train_4.predict)=35.04%
[ 2020-05-27 07:35:38,461][kfold_wrapper.log_eval_metrics] Accuracy(layer_0 - estimator_1 - 12_folds.train_5.predict)=40.29%
[ 2020-05-27 07:35:38,820][kfold_wrapper.log_eval_metrics] Accuracy(layer_0 - estimator_1 - 12_folds.train_6.predict)=39.56%
[ 2020-05-27 07:35:39,170][kfold_wrapper.log_eval_metrics] Accuracy(layer_0 - estimator_1 - 12_folds.train_7.predict)=32.23%
[ 2020-05-27 07:35:39,510][kfold_wrapper.log_eval_metrics] Accuracy(layer_0 - estimator_1 - 12_folds.train_8.predict)=38.46%
[ 2020-05-27 07:35:39,853][kfold_wrapper.log_eval_metrics] Accuracy(layer_0 - estimator_1 - 12_folds.train_9.predict)=35.90%
[ 2020-05-27 07:35:40,210][kfold_wrapper.log_eval_metrics] Accuracy(layer_0 - estimator_1 - 12_folds.train_10.predict)=32.97%
[ 2020-05-27 07:35:40,557][kfold_wrapper.log_eval_metrics] Accuracy(layer_0 - estimator_1 - 12_folds.train_11.predict)=36.63%
[ 2020-05-27 07:35:40,675][kfold_wrapper.log_eval_metrics] Accuracy(layer_0 - estimator_1 - 12_folds.train_cv.predict)=36.09%
[ 2020-05-27 07:35:40,679][kfold_wrapper.log_eval_metrics] Accuracy(layer_0 - estimator_1 - 12_folds.test.predict)=37.81%
[ 2020-05-27 07:35:40,915][kfold_wrapper.log_eval_metrics] Accuracy(layer_0 - estimator_2 - 12_folds.train_0.predict)=40.88%
[ 2020-05-27 07:35:41,267][kfold_wrapper.log_eval_metrics] Accuracy(layer_0 - estimator_2 - 12_folds.train_1.predict)=35.40%
[ 2020-05-27 07:35:41,624][kfold_wrapper.log_eval_metrics] Accuracy(layer_0 - estimator_2 - 12_folds.train_2.predict)=36.86%
[ 2020-05-27 07:35:41,977][kfold_wrapper.log_eval_metrics] Accuracy(layer_0 - estimator_2 - 12_folds.train_3.predict)=31.75%
[ 2020-05-27 07:35:42,329][kfold_wrapper.log_eval_metrics] Accuracy(layer_0 - estimator_2 - 12_folds.train_4.predict)=34.67%
[ 2020-05-27 07:35:42,647][kfold_wrapper.log_eval_metrics] Accuracy(layer_0 - estimator_2 - 12_folds.train_5.predict)=35.90%
[ 2020-05-27 07:35:42,969][kfold_wrapper.log_eval_metrics] Accuracy(layer_0 - estimator_2 - 12_folds.train_6.predict)=35.90%
[ 2020-05-27 07:35:43,290][kfold_wrapper.log_eval_metrics] Accuracy(layer_0 - estimator_2 - 12_folds.train_7.predict)=34.07%
[ 2020-05-27 07:35:43,612][kfold_wrapper.log_eval_metrics] Accuracy(layer_0 - estimator_2 - 12_folds.train_8.predict)=30.40%
[ 2020-05-27 07:35:43,938][kfold_wrapper.log_eval_metrics] Accuracy(layer_0 - estimator_2 - 12_folds.train_9.predict)=33.70%
[ 2020-05-27 07:35:44,288][kfold_wrapper.log_eval_metrics] Accuracy(layer_0 - estimator_2 - 12_folds.train_10.predict)=32.23%
[ 2020-05-27 07:35:44,644][kfold_wrapper.log_eval_metrics] Accuracy(layer_0 - estimator_2 - 12_folds.train_11.predict)=33.70%
[ 2020-05-27 07:35:44,762][kfold_wrapper.log_eval_metrics] Accuracy(layer_0 - estimator_2 - 12_folds.train_cv.predict)=34.62%
[ 2020-05-27 07:35:44,765][kfold_wrapper.log_eval_metrics] Accuracy(layer_0 - estimator_2 - 12_folds.test.predict)=37.26%
[ 2020-05-27 07:35:44,848][kfold_wrapper.log_eval_metrics] Accuracy(layer_0 - estimator_3 - 12_folds.train_0.predict)=41.24%
[ 2020-05-27 07:35:44,885][kfold_wrapper.log_eval_metrics] Accuracy(layer_0 - estimator_3 - 12_folds.train_1.predict)=44.16%
[ 2020-05-27 07:35:44,918][kfold_wrapper.log_eval_metrics] Accuracy(layer_0 - estimator_3 - 12_folds.train_2.predict)=39.42%
[ 2020-05-27 07:35:44,954][kfold_wrapper.log_eval_metrics] Accuracy(layer_0 - estimator_3 - 12_folds.train_3.predict)=39.42%
[ 2020-05-27 07:35:44,986][kfold_wrapper.log_eval_metrics] Accuracy(layer_0 - estimator_3 - 12_folds.train_4.predict)=39.42%
[ 2020-05-27 07:35:45,018][kfold_wrapper.log_eval_metrics] Accuracy(layer_0 - estimator_3 - 12_folds.train_5.predict)=39.19%
[ 2020-05-27 07:35:45,053][kfold_wrapper.log_eval_metrics] Accuracy(layer_0 - estimator_3 - 12_folds.train_6.predict)=42.86%
[ 2020-05-27 07:35:45,094][kfold_wrapper.log_eval_metrics] Accuracy(layer_0 - estimator_3 - 12_folds.train_7.predict)=38.83%
[ 2020-05-27 07:35:45,137][kfold_wrapper.log_eval_metrics] Accuracy(layer_0 - estimator_3 - 12_folds.train_8.predict)=45.05%
[ 2020-05-27 07:35:45,175][kfold_wrapper.log_eval_metrics] Accuracy(layer_0 - estimator_3 - 12_folds.train_9.predict)=44.69%
[ 2020-05-27 07:35:45,215][kfold_wrapper.log_eval_metrics] Accuracy(layer_0 - estimator_3 - 12_folds.train_10.predict)=46.15%
[ 2020-05-27 07:35:45,251][kfold_wrapper.log_eval_metrics] Accuracy(layer_0 - estimator_3 - 12_folds.train_11.predict)=45.79%
[ 2020-05-27 07:35:45,252][kfold_wrapper.log_eval_metrics] Accuracy(layer_0 - estimator_3 - 12_folds.train_cv.predict)=42.18%
[ 2020-05-27 07:35:45,253][kfold_wrapper.log_eval_metrics] Accuracy(layer_0 - estimator_3 - 12_folds.test.predict)=43.56%
[ 2020-05-27 07:35:45,254][cascade_classifier.calc_accuracy] Accuracy(layer_0 - train.classifier_average)=36.57%
[ 2020-05-27 07:35:45,254][cascade_classifier.calc_accuracy] Accuracy(layer_0 - test.classifier_average)=39.18%
[ 2020-05-27 07:35:45,255][cascade_classifier.fit_transform] [layer=1] look_indexs=[0], X_cur_train.shape=(3281, 17), X_cur_test.shape=(365, 17)
[ 2020-05-27 07:35:45,303][kfold_wrapper.log_eval_metrics] Accuracy(layer_1 - estimator_0 - 5_folds.train_0.predict)=41.70%
[ 2020-05-27 07:35:45,353][kfold_wrapper.log_eval_metrics] Accuracy(layer_1 - estimator_0 - 5_folds.train_1.predict)=40.85%
[ 2020-05-27 07:35:45,396][kfold_wrapper.log_eval_metrics] Accuracy(layer_1 - estimator_0 - 5_folds.train_2.predict)=40.24%
[ 2020-05-27 07:35:45,440][kfold_wrapper.log_eval_metrics] Accuracy(layer_1 - estimator_0 - 5_folds.train_3.predict)=42.53%
[ 2020-05-27 07:35:45,484][kfold_wrapper.log_eval_metrics] Accuracy(layer_1 - estimator_0 - 5_folds.train_4.predict)=42.84%
[ 2020-05-27 07:35:45,486][kfold_wrapper.log_eval_metrics] Accuracy(layer_1 - estimator_0 - 5_folds.train_cv.predict)=41.63%
[ 2020-05-27 07:35:45,487][kfold_wrapper.log_eval_metrics] Accuracy(layer_1 - estimator_0 - 5_folds.test.predict)=41.92%
[ 2020-05-27 07:35:45,708][kfold_wrapper.log_eval_metrics] Accuracy(layer_1 - estimator_1 - 12_folds.train_0.predict)=43.07%
[ 2020-05-27 07:35:46,063][kfold_wrapper.log_eval_metrics] Accuracy(layer_1 - estimator_1 - 12_folds.train_1.predict)=40.88%
[ 2020-05-27 07:35:46,399][kfold_wrapper.log_eval_metrics] Accuracy(layer_1 - estimator_1 - 12_folds.train_2.predict)=41.24%
[ 2020-05-27 07:35:46,754][kfold_wrapper.log_eval_metrics] Accuracy(layer_1 - estimator_1 - 12_folds.train_3.predict)=40.88%
[ 2020-05-27 07:35:47,112][kfold_wrapper.log_eval_metrics] Accuracy(layer_1 - estimator_1 - 12_folds.train_4.predict)=43.43%
[ 2020-05-27 07:35:47,454][kfold_wrapper.log_eval_metrics] Accuracy(layer_1 - estimator_1 - 12_folds.train_5.predict)=42.49%
[ 2020-05-27 07:35:47,805][kfold_wrapper.log_eval_metrics] Accuracy(layer_1 - estimator_1 - 12_folds.train_6.predict)=43.59%
[ 2020-05-27 07:35:48,162][kfold_wrapper.log_eval_metrics] Accuracy(layer_1 - estimator_1 - 12_folds.train_7.predict)=37.73%
[ 2020-05-27 07:35:48,513][kfold_wrapper.log_eval_metrics] Accuracy(layer_1 - estimator_1 - 12_folds.train_8.predict)=42.12%
[ 2020-05-27 07:35:48,859][kfold_wrapper.log_eval_metrics] Accuracy(layer_1 - estimator_1 - 12_folds.train_9.predict)=40.66%
[ 2020-05-27 07:35:49,211][kfold_wrapper.log_eval_metrics] Accuracy(layer_1 - estimator_1 - 12_folds.train_10.predict)=33.70%
[ 2020-05-27 07:35:49,540][kfold_wrapper.log_eval_metrics] Accuracy(layer_1 - estimator_1 - 12_folds.train_11.predict)=38.10%
[ 2020-05-27 07:35:49,659][kfold_wrapper.log_eval_metrics] Accuracy(layer_1 - estimator_1 - 12_folds.train_cv.predict)=40.66%
[ 2020-05-27 07:35:49,662][kfold_wrapper.log_eval_metrics] Accuracy(layer_1 - estimator_1 - 12_folds.test.predict)=39.45%
[ 2020-05-27 07:35:49,904][kfold_wrapper.log_eval_metrics] Accuracy(layer_1 - estimator_2 - 12_folds.train_0.predict)=43.43%
[ 2020-05-27 07:35:50,254][kfold_wrapper.log_eval_metrics] Accuracy(layer_1 - estimator_2 - 12_folds.train_1.predict)=41.61%
[ 2020-05-27 07:35:50,615][kfold_wrapper.log_eval_metrics] Accuracy(layer_1 - estimator_2 - 12_folds.train_2.predict)=39.05%
[ 2020-05-27 07:35:50,975][kfold_wrapper.log_eval_metrics] Accuracy(layer_1 - estimator_2 - 12_folds.train_3.predict)=42.34%
[ 2020-05-27 07:35:51,326][kfold_wrapper.log_eval_metrics] Accuracy(layer_1 - estimator_2 - 12_folds.train_4.predict)=34.67%
[ 2020-05-27 07:35:51,679][kfold_wrapper.log_eval_metrics] Accuracy(layer_1 - estimator_2 - 12_folds.train_5.predict)=41.03%
[ 2020-05-27 07:35:52,030][kfold_wrapper.log_eval_metrics] Accuracy(layer_1 - estimator_2 - 12_folds.train_6.predict)=39.56%
[ 2020-05-27 07:35:52,382][kfold_wrapper.log_eval_metrics] Accuracy(layer_1 - estimator_2 - 12_folds.train_7.predict)=36.63%
[ 2020-05-27 07:35:52,744][kfold_wrapper.log_eval_metrics] Accuracy(layer_1 - estimator_2 - 12_folds.train_8.predict)=41.03%
[ 2020-05-27 07:35:53,104][kfold_wrapper.log_eval_metrics] Accuracy(layer_1 - estimator_2 - 12_folds.train_9.predict)=42.86%
[ 2020-05-27 07:35:53,464][kfold_wrapper.log_eval_metrics] Accuracy(layer_1 - estimator_2 - 12_folds.train_10.predict)=41.03%
[ 2020-05-27 07:35:53,811][kfold_wrapper.log_eval_metrics] Accuracy(layer_1 - estimator_2 - 12_folds.train_11.predict)=41.76%
[ 2020-05-27 07:35:53,924][kfold_wrapper.log_eval_metrics] Accuracy(layer_1 - estimator_2 - 12_folds.train_cv.predict)=40.41%
[ 2020-05-27 07:35:53,926][kfold_wrapper.log_eval_metrics] Accuracy(layer_1 - estimator_2 - 12_folds.test.predict)=40.00%
[ 2020-05-27 07:35:54,054][kfold_wrapper.log_eval_metrics] Accuracy(layer_1 - estimator_3 - 12_folds.train_0.predict)=42.34%
[ 2020-05-27 07:35:54,143][kfold_wrapper.log_eval_metrics] Accuracy(layer_1 - estimator_3 - 12_folds.train_1.predict)=42.70%
[ 2020-05-27 07:35:54,233][kfold_wrapper.log_eval_metrics] Accuracy(layer_1 - estimator_3 - 12_folds.train_2.predict)=43.43%
[ 2020-05-27 07:35:54,323][kfold_wrapper.log_eval_metrics] Accuracy(layer_1 - estimator_3 - 12_folds.train_3.predict)=41.97%
[ 2020-05-27 07:35:54,410][kfold_wrapper.log_eval_metrics] Accuracy(layer_1 - estimator_3 - 12_folds.train_4.predict)=42.34%
[ 2020-05-27 07:35:54,498][kfold_wrapper.log_eval_metrics] Accuracy(layer_1 - estimator_3 - 12_folds.train_5.predict)=42.49%
[ 2020-05-27 07:35:54,624][kfold_wrapper.log_eval_metrics] Accuracy(layer_1 - estimator_3 - 12_folds.train_6.predict)=43.59%
[ 2020-05-27 07:35:54,715][kfold_wrapper.log_eval_metrics] Accuracy(layer_1 - estimator_3 - 12_folds.train_7.predict)=44.32%
[ 2020-05-27 07:35:54,809][kfold_wrapper.log_eval_metrics] Accuracy(layer_1 - estimator_3 - 12_folds.train_8.predict)=40.29%
[ 2020-05-27 07:35:54,898][kfold_wrapper.log_eval_metrics] Accuracy(layer_1 - estimator_3 - 12_folds.train_9.predict)=45.79%
[ 2020-05-27 07:35:54,987][kfold_wrapper.log_eval_metrics] Accuracy(layer_1 - estimator_3 - 12_folds.train_10.predict)=46.52%
[ 2020-05-27 07:35:55,077][kfold_wrapper.log_eval_metrics] Accuracy(layer_1 - estimator_3 - 12_folds.train_11.predict)=39.93%
[ 2020-05-27 07:35:55,079][kfold_wrapper.log_eval_metrics] Accuracy(layer_1 - estimator_3 - 12_folds.train_cv.predict)=42.97%
[ 2020-05-27 07:35:55,079][kfold_wrapper.log_eval_metrics] Accuracy(layer_1 - estimator_3 - 12_folds.test.predict)=46.58%
[ 2020-05-27 07:35:55,080][cascade_classifier.calc_accuracy] Accuracy(layer_1 - train.classifier_average)=42.67%
[ 2020-05-27 07:35:55,081][cascade_classifier.calc_accuracy] Accuracy(layer_1 - test.classifier_average)=42.19%
[ 2020-05-27 07:35:55,082][cascade_classifier.fit_transform] [layer=2] look_indexs=[0], X_cur_train.shape=(3281, 17), X_cur_test.shape=(365, 17)
[ 2020-05-27 07:35:55,128][kfold_wrapper.log_eval_metrics] Accuracy(layer_2 - estimator_0 - 5_folds.train_0.predict)=39.42%
[ 2020-05-27 07:35:55,170][kfold_wrapper.log_eval_metrics] Accuracy(layer_2 - estimator_0 - 5_folds.train_1.predict)=41.31%
[ 2020-05-27 07:35:55,215][kfold_wrapper.log_eval_metrics] Accuracy(layer_2 - estimator_0 - 5_folds.train_2.predict)=43.29%
[ 2020-05-27 07:35:55,260][kfold_wrapper.log_eval_metrics] Accuracy(layer_2 - estimator_0 - 5_folds.train_3.predict)=40.70%
[ 2020-05-27 07:35:55,304][kfold_wrapper.log_eval_metrics] Accuracy(layer_2 - estimator_0 - 5_folds.train_4.predict)=38.41%
[ 2020-05-27 07:35:55,307][kfold_wrapper.log_eval_metrics] Accuracy(layer_2 - estimator_0 - 5_folds.train_cv.predict)=40.63%
[ 2020-05-27 07:35:55,308][kfold_wrapper.log_eval_metrics] Accuracy(layer_2 - estimator_0 - 5_folds.test.predict)=42.74%
[ 2020-05-27 07:35:55,529][kfold_wrapper.log_eval_metrics] Accuracy(layer_2 - estimator_1 - 12_folds.train_0.predict)=36.86%
[ 2020-05-27 07:35:55,882][kfold_wrapper.log_eval_metrics] Accuracy(layer_2 - estimator_1 - 12_folds.train_1.predict)=35.40%
[ 2020-05-27 07:35:56,234][kfold_wrapper.log_eval_metrics] Accuracy(layer_2 - estimator_1 - 12_folds.train_2.predict)=38.32%
[ 2020-05-27 07:35:56,583][kfold_wrapper.log_eval_metrics] Accuracy(layer_2 - estimator_1 - 12_folds.train_3.predict)=36.50%
[ 2020-05-27 07:35:56,928][kfold_wrapper.log_eval_metrics] Accuracy(layer_2 - estimator_1 - 12_folds.train_4.predict)=33.58%
[ 2020-05-27 07:35:57,286][kfold_wrapper.log_eval_metrics] Accuracy(layer_2 - estimator_1 - 12_folds.train_5.predict)=39.19%
[ 2020-05-27 07:35:57,645][kfold_wrapper.log_eval_metrics] Accuracy(layer_2 - estimator_1 - 12_folds.train_6.predict)=39.19%
[ 2020-05-27 07:35:58,004][kfold_wrapper.log_eval_metrics] Accuracy(layer_2 - estimator_1 - 12_folds.train_7.predict)=37.36%
[ 2020-05-27 07:35:58,364][kfold_wrapper.log_eval_metrics] Accuracy(layer_2 - estimator_1 - 12_folds.train_8.predict)=34.07%
[ 2020-05-27 07:35:58,723][kfold_wrapper.log_eval_metrics] Accuracy(layer_2 - estimator_1 - 12_folds.train_9.predict)=41.03%
[ 2020-05-27 07:35:59,082][kfold_wrapper.log_eval_metrics] Accuracy(layer_2 - estimator_1 - 12_folds.train_10.predict)=39.56%
[ 2020-05-27 07:35:59,444][kfold_wrapper.log_eval_metrics] Accuracy(layer_2 - estimator_1 - 12_folds.train_11.predict)=36.26%
[ 2020-05-27 07:35:59,563][kfold_wrapper.log_eval_metrics] Accuracy(layer_2 - estimator_1 - 12_folds.train_cv.predict)=37.28%
[ 2020-05-27 07:35:59,566][kfold_wrapper.log_eval_metrics] Accuracy(layer_2 - estimator_1 - 12_folds.test.predict)=38.63%
[ 2020-05-27 07:35:59,817][kfold_wrapper.log_eval_metrics] Accuracy(layer_2 - estimator_2 - 12_folds.train_0.predict)=41.97%
[ 2020-05-27 07:36:00,165][kfold_wrapper.log_eval_metrics] Accuracy(layer_2 - estimator_2 - 12_folds.train_1.predict)=39.05%
[ 2020-05-27 07:36:00,511][kfold_wrapper.log_eval_metrics] Accuracy(layer_2 - estimator_2 - 12_folds.train_2.predict)=38.69%
[ 2020-05-27 07:36:00,873][kfold_wrapper.log_eval_metrics] Accuracy(layer_2 - estimator_2 - 12_folds.train_3.predict)=41.24%
[ 2020-05-27 07:36:01,228][kfold_wrapper.log_eval_metrics] Accuracy(layer_2 - estimator_2 - 12_folds.train_4.predict)=37.23%
[ 2020-05-27 07:36:01,575][kfold_wrapper.log_eval_metrics] Accuracy(layer_2 - estimator_2 - 12_folds.train_5.predict)=35.53%
[ 2020-05-27 07:36:01,933][kfold_wrapper.log_eval_metrics] Accuracy(layer_2 - estimator_2 - 12_folds.train_6.predict)=39.19%
[ 2020-05-27 07:36:02,284][kfold_wrapper.log_eval_metrics] Accuracy(layer_2 - estimator_2 - 12_folds.train_7.predict)=40.66%
[ 2020-05-27 07:36:02,647][kfold_wrapper.log_eval_metrics] Accuracy(layer_2 - estimator_2 - 12_folds.train_8.predict)=37.73%
[ 2020-05-27 07:36:03,008][kfold_wrapper.log_eval_metrics] Accuracy(layer_2 - estimator_2 - 12_folds.train_9.predict)=37.73%
[ 2020-05-27 07:36:03,351][kfold_wrapper.log_eval_metrics] Accuracy(layer_2 - estimator_2 - 12_folds.train_10.predict)=38.83%
[ 2020-05-27 07:36:03,708][kfold_wrapper.log_eval_metrics] Accuracy(layer_2 - estimator_2 - 12_folds.train_11.predict)=43.59%
[ 2020-05-27 07:36:03,821][kfold_wrapper.log_eval_metrics] Accuracy(layer_2 - estimator_2 - 12_folds.train_cv.predict)=39.29%
[ 2020-05-27 07:36:03,824][kfold_wrapper.log_eval_metrics] Accuracy(layer_2 - estimator_2 - 12_folds.test.predict)=38.63%
[ 2020-05-27 07:36:03,970][kfold_wrapper.log_eval_metrics] Accuracy(layer_2 - estimator_3 - 12_folds.train_0.predict)=43.07%
[ 2020-05-27 07:36:04,081][kfold_wrapper.log_eval_metrics] Accuracy(layer_2 - estimator_3 - 12_folds.train_1.predict)=40.88%
[ 2020-05-27 07:36:04,189][kfold_wrapper.log_eval_metrics] Accuracy(layer_2 - estimator_3 - 12_folds.train_2.predict)=45.62%
[ 2020-05-27 07:36:04,295][kfold_wrapper.log_eval_metrics] Accuracy(layer_2 - estimator_3 - 12_folds.train_3.predict)=43.07%
[ 2020-05-27 07:36:04,403][kfold_wrapper.log_eval_metrics] Accuracy(layer_2 - estimator_3 - 12_folds.train_4.predict)=42.34%
[ 2020-05-27 07:36:04,512][kfold_wrapper.log_eval_metrics] Accuracy(layer_2 - estimator_3 - 12_folds.train_5.predict)=40.66%
[ 2020-05-27 07:36:04,619][kfold_wrapper.log_eval_metrics] Accuracy(layer_2 - estimator_3 - 12_folds.train_6.predict)=43.59%
[ 2020-05-27 07:36:04,726][kfold_wrapper.log_eval_metrics] Accuracy(layer_2 - estimator_3 - 12_folds.train_7.predict)=42.86%
[ 2020-05-27 07:36:04,834][kfold_wrapper.log_eval_metrics] Accuracy(layer_2 - estimator_3 - 12_folds.train_8.predict)=41.39%
[ 2020-05-27 07:36:04,939][kfold_wrapper.log_eval_metrics] Accuracy(layer_2 - estimator_3 - 12_folds.train_9.predict)=45.42%
[ 2020-05-27 07:36:05,042][kfold_wrapper.log_eval_metrics] Accuracy(layer_2 - estimator_3 - 12_folds.train_10.predict)=40.66%
[ 2020-05-27 07:36:05,150][kfold_wrapper.log_eval_metrics] Accuracy(layer_2 - estimator_3 - 12_folds.train_11.predict)=37.73%
[ 2020-05-27 07:36:05,152][kfold_wrapper.log_eval_metrics] Accuracy(layer_2 - estimator_3 - 12_folds.train_cv.predict)=42.27%
[ 2020-05-27 07:36:05,153][kfold_wrapper.log_eval_metrics] Accuracy(layer_2 - estimator_3 - 12_folds.test.predict)=44.11%
[ 2020-05-27 07:36:05,154][cascade_classifier.calc_accuracy] Accuracy(layer_2 - train.classifier_average)=40.02%
[ 2020-05-27 07:36:05,154][cascade_classifier.calc_accuracy] Accuracy(layer_2 - test.classifier_average)=40.00%
[ 2020-05-27 07:36:05,155][cascade_classifier.fit_transform] [layer=3] look_indexs=[0], X_cur_train.shape=(3281, 17), X_cur_test.shape=(365, 17)
[ 2020-05-27 07:36:05,202][kfold_wrapper.log_eval_metrics] Accuracy(layer_3 - estimator_0 - 5_folds.train_0.predict)=39.88%
[ 2020-05-27 07:36:05,248][kfold_wrapper.log_eval_metrics] Accuracy(layer_3 - estimator_0 - 5_folds.train_1.predict)=41.77%
[ 2020-05-27 07:36:05,294][kfold_wrapper.log_eval_metrics] Accuracy(layer_3 - estimator_0 - 5_folds.train_2.predict)=41.01%
[ 2020-05-27 07:36:05,341][kfold_wrapper.log_eval_metrics] Accuracy(layer_3 - estimator_0 - 5_folds.train_3.predict)=39.48%
[ 2020-05-27 07:36:05,385][kfold_wrapper.log_eval_metrics] Accuracy(layer_3 - estimator_0 - 5_folds.train_4.predict)=41.62%
[ 2020-05-27 07:36:05,388][kfold_wrapper.log_eval_metrics] Accuracy(layer_3 - estimator_0 - 5_folds.train_cv.predict)=40.75%
[ 2020-05-27 07:36:05,389][kfold_wrapper.log_eval_metrics] Accuracy(layer_3 - estimator_0 - 5_folds.test.predict)=44.11%
[ 2020-05-27 07:36:05,610][kfold_wrapper.log_eval_metrics] Accuracy(layer_3 - estimator_1 - 12_folds.train_0.predict)=39.05%
[ 2020-05-27 07:36:05,966][kfold_wrapper.log_eval_metrics] Accuracy(layer_3 - estimator_1 - 12_folds.train_1.predict)=35.77%
[ 2020-05-27 07:36:06,308][kfold_wrapper.log_eval_metrics] Accuracy(layer_3 - estimator_1 - 12_folds.train_2.predict)=40.15%
[ 2020-05-27 07:36:06,646][kfold_wrapper.log_eval_metrics] Accuracy(layer_3 - estimator_1 - 12_folds.train_3.predict)=37.96%
[ 2020-05-27 07:36:06,996][kfold_wrapper.log_eval_metrics] Accuracy(layer_3 - estimator_1 - 12_folds.train_4.predict)=38.32%
[ 2020-05-27 07:36:07,337][kfold_wrapper.log_eval_metrics] Accuracy(layer_3 - estimator_1 - 12_folds.train_5.predict)=40.66%
[ 2020-05-27 07:36:07,687][kfold_wrapper.log_eval_metrics] Accuracy(layer_3 - estimator_1 - 12_folds.train_6.predict)=30.77%
[ 2020-05-27 07:36:08,042][kfold_wrapper.log_eval_metrics] Accuracy(layer_3 - estimator_1 - 12_folds.train_7.predict)=33.70%
[ 2020-05-27 07:36:08,382][kfold_wrapper.log_eval_metrics] Accuracy(layer_3 - estimator_1 - 12_folds.train_8.predict)=42.49%
[ 2020-05-27 07:36:08,743][kfold_wrapper.log_eval_metrics] Accuracy(layer_3 - estimator_1 - 12_folds.train_9.predict)=39.93%
[ 2020-05-27 07:36:09,092][kfold_wrapper.log_eval_metrics] Accuracy(layer_3 - estimator_1 - 12_folds.train_10.predict)=41.76%
[ 2020-05-27 07:36:09,434][kfold_wrapper.log_eval_metrics] Accuracy(layer_3 - estimator_1 - 12_folds.train_11.predict)=41.03%
[ 2020-05-27 07:36:09,554][kfold_wrapper.log_eval_metrics] Accuracy(layer_3 - estimator_1 - 12_folds.train_cv.predict)=38.46%
[ 2020-05-27 07:36:09,557][kfold_wrapper.log_eval_metrics] Accuracy(layer_3 - estimator_1 - 12_folds.test.predict)=41.37%
[ 2020-05-27 07:36:09,809][kfold_wrapper.log_eval_metrics] Accuracy(layer_3 - estimator_2 - 12_folds.train_0.predict)=36.50%
[ 2020-05-27 07:36:10,157][kfold_wrapper.log_eval_metrics] Accuracy(layer_3 - estimator_2 - 12_folds.train_1.predict)=40.88%
[ 2020-05-27 07:36:10,516][kfold_wrapper.log_eval_metrics] Accuracy(layer_3 - estimator_2 - 12_folds.train_2.predict)=32.12%
[ 2020-05-27 07:36:10,875][kfold_wrapper.log_eval_metrics] Accuracy(layer_3 - estimator_2 - 12_folds.train_3.predict)=39.78%
[ 2020-05-27 07:36:11,227][kfold_wrapper.log_eval_metrics] Accuracy(layer_3 - estimator_2 - 12_folds.train_4.predict)=41.24%
[ 2020-05-27 07:36:11,592][kfold_wrapper.log_eval_metrics] Accuracy(layer_3 - estimator_2 - 12_folds.train_5.predict)=35.90%
[ 2020-05-27 07:36:11,953][kfold_wrapper.log_eval_metrics] Accuracy(layer_3 - estimator_2 - 12_folds.train_6.predict)=39.56%
[ 2020-05-27 07:36:12,307][kfold_wrapper.log_eval_metrics] Accuracy(layer_3 - estimator_2 - 12_folds.train_7.predict)=38.46%
[ 2020-05-27 07:36:12,650][kfold_wrapper.log_eval_metrics] Accuracy(layer_3 - estimator_2 - 12_folds.train_8.predict)=40.29%
[ 2020-05-27 07:36:13,009][kfold_wrapper.log_eval_metrics] Accuracy(layer_3 - estimator_2 - 12_folds.train_9.predict)=39.56%
[ 2020-05-27 07:36:13,370][kfold_wrapper.log_eval_metrics] Accuracy(layer_3 - estimator_2 - 12_folds.train_10.predict)=39.93%
[ 2020-05-27 07:36:13,723][kfold_wrapper.log_eval_metrics] Accuracy(layer_3 - estimator_2 - 12_folds.train_11.predict)=38.83%
[ 2020-05-27 07:36:13,834][kfold_wrapper.log_eval_metrics] Accuracy(layer_3 - estimator_2 - 12_folds.train_cv.predict)=38.59%
[ 2020-05-27 07:36:13,838][kfold_wrapper.log_eval_metrics] Accuracy(layer_3 - estimator_2 - 12_folds.test.predict)=43.84%
[ 2020-05-27 07:36:14,011][kfold_wrapper.log_eval_metrics] Accuracy(layer_3 - estimator_3 - 12_folds.train_0.predict)=41.97%
[ 2020-05-27 07:36:14,146][kfold_wrapper.log_eval_metrics] Accuracy(layer_3 - estimator_3 - 12_folds.train_1.predict)=44.53%
[ 2020-05-27 07:36:14,278][kfold_wrapper.log_eval_metrics] Accuracy(layer_3 - estimator_3 - 12_folds.train_2.predict)=46.35%
[ 2020-05-27 07:36:14,413][kfold_wrapper.log_eval_metrics] Accuracy(layer_3 - estimator_3 - 12_folds.train_3.predict)=41.24%
[ 2020-05-27 07:36:14,545][kfold_wrapper.log_eval_metrics] Accuracy(layer_3 - estimator_3 - 12_folds.train_4.predict)=36.86%
[ 2020-05-27 07:36:14,680][kfold_wrapper.log_eval_metrics] Accuracy(layer_3 - estimator_3 - 12_folds.train_5.predict)=36.63%
[ 2020-05-27 07:36:14,810][kfold_wrapper.log_eval_metrics] Accuracy(layer_3 - estimator_3 - 12_folds.train_6.predict)=43.59%
[ 2020-05-27 07:36:14,942][kfold_wrapper.log_eval_metrics] Accuracy(layer_3 - estimator_3 - 12_folds.train_7.predict)=43.22%
[ 2020-05-27 07:36:15,076][kfold_wrapper.log_eval_metrics] Accuracy(layer_3 - estimator_3 - 12_folds.train_8.predict)=45.42%
[ 2020-05-27 07:36:15,211][kfold_wrapper.log_eval_metrics] Accuracy(layer_3 - estimator_3 - 12_folds.train_9.predict)=44.32%
[ 2020-05-27 07:36:15,338][kfold_wrapper.log_eval_metrics] Accuracy(layer_3 - estimator_3 - 12_folds.train_10.predict)=41.39%
[ 2020-05-27 07:36:15,469][kfold_wrapper.log_eval_metrics] Accuracy(layer_3 - estimator_3 - 12_folds.train_11.predict)=49.08%
[ 2020-05-27 07:36:15,470][kfold_wrapper.log_eval_metrics] Accuracy(layer_3 - estimator_3 - 12_folds.train_cv.predict)=42.88%
[ 2020-05-27 07:36:15,471][kfold_wrapper.log_eval_metrics] Accuracy(layer_3 - estimator_3 - 12_folds.test.predict)=43.84%
[ 2020-05-27 07:36:15,472][cascade_classifier.calc_accuracy] Accuracy(layer_3 - train.classifier_average)=41.24%
[ 2020-05-27 07:36:15,473][cascade_classifier.calc_accuracy] Accuracy(layer_3 - test.classifier_average)=43.01%
[ 2020-05-27 07:36:15,474][cascade_classifier.fit_transform] [layer=4] look_indexs=[0], X_cur_train.shape=(3281, 17), X_cur_test.shape=(365, 17)
[ 2020-05-27 07:36:15,522][kfold_wrapper.log_eval_metrics] Accuracy(layer_4 - estimator_0 - 5_folds.train_0.predict)=43.99%
[ 2020-05-27 07:36:15,569][kfold_wrapper.log_eval_metrics] Accuracy(layer_4 - estimator_0 - 5_folds.train_1.predict)=40.55%
[ 2020-05-27 07:36:15,615][kfold_wrapper.log_eval_metrics] Accuracy(layer_4 - estimator_0 - 5_folds.train_2.predict)=40.70%
[ 2020-05-27 07:36:15,661][kfold_wrapper.log_eval_metrics] Accuracy(layer_4 - estimator_0 - 5_folds.train_3.predict)=42.23%
[ 2020-05-27 07:36:15,707][kfold_wrapper.log_eval_metrics] Accuracy(layer_4 - estimator_0 - 5_folds.train_4.predict)=41.16%
[ 2020-05-27 07:36:15,711][kfold_wrapper.log_eval_metrics] Accuracy(layer_4 - estimator_0 - 5_folds.train_cv.predict)=41.73%
[ 2020-05-27 07:36:15,712][kfold_wrapper.log_eval_metrics] Accuracy(layer_4 - estimator_0 - 5_folds.test.predict)=43.29%
[ 2020-05-27 07:36:15,933][kfold_wrapper.log_eval_metrics] Accuracy(layer_4 - estimator_1 - 12_folds.train_0.predict)=40.51%
[ 2020-05-27 07:36:16,277][kfold_wrapper.log_eval_metrics] Accuracy(layer_4 - estimator_1 - 12_folds.train_1.predict)=42.70%
[ 2020-05-27 07:36:16,630][kfold_wrapper.log_eval_metrics] Accuracy(layer_4 - estimator_1 - 12_folds.train_2.predict)=39.78%
[ 2020-05-27 07:36:16,982][kfold_wrapper.log_eval_metrics] Accuracy(layer_4 - estimator_1 - 12_folds.train_3.predict)=37.23%
[ 2020-05-27 07:36:17,328][kfold_wrapper.log_eval_metrics] Accuracy(layer_4 - estimator_1 - 12_folds.train_4.predict)=38.69%
[ 2020-05-27 07:36:17,680][kfold_wrapper.log_eval_metrics] Accuracy(layer_4 - estimator_1 - 12_folds.train_5.predict)=41.03%
[ 2020-05-27 07:36:18,042][kfold_wrapper.log_eval_metrics] Accuracy(layer_4 - estimator_1 - 12_folds.train_6.predict)=37.73%
[ 2020-05-27 07:36:18,382][kfold_wrapper.log_eval_metrics] Accuracy(layer_4 - estimator_1 - 12_folds.train_7.predict)=38.10%
[ 2020-05-27 07:36:18,733][kfold_wrapper.log_eval_metrics] Accuracy(layer_4 - estimator_1 - 12_folds.train_8.predict)=35.90%
[ 2020-05-27 07:36:19,085][kfold_wrapper.log_eval_metrics] Accuracy(layer_4 - estimator_1 - 12_folds.train_9.predict)=40.29%
[ 2020-05-27 07:36:19,432][kfold_wrapper.log_eval_metrics] Accuracy(layer_4 - estimator_1 - 12_folds.train_10.predict)=36.63%
[ 2020-05-27 07:36:19,779][kfold_wrapper.log_eval_metrics] Accuracy(layer_4 - estimator_1 - 12_folds.train_11.predict)=41.03%
[ 2020-05-27 07:36:19,900][kfold_wrapper.log_eval_metrics] Accuracy(layer_4 - estimator_1 - 12_folds.train_cv.predict)=39.13%
[ 2020-05-27 07:36:19,904][kfold_wrapper.log_eval_metrics] Accuracy(layer_4 - estimator_1 - 12_folds.test.predict)=40.00%
[ 2020-05-27 07:36:20,158][kfold_wrapper.log_eval_metrics] Accuracy(layer_4 - estimator_2 - 12_folds.train_0.predict)=35.77%
[ 2020-05-27 07:36:20,519][kfold_wrapper.log_eval_metrics] Accuracy(layer_4 - estimator_2 - 12_folds.train_1.predict)=40.51%
[ 2020-05-27 07:36:20,886][kfold_wrapper.log_eval_metrics] Accuracy(layer_4 - estimator_2 - 12_folds.train_2.predict)=42.70%
[ 2020-05-27 07:36:21,250][kfold_wrapper.log_eval_metrics] Accuracy(layer_4 - estimator_2 - 12_folds.train_3.predict)=37.96%
[ 2020-05-27 07:36:21,608][kfold_wrapper.log_eval_metrics] Accuracy(layer_4 - estimator_2 - 12_folds.train_4.predict)=36.86%
[ 2020-05-27 07:36:21,974][kfold_wrapper.log_eval_metrics] Accuracy(layer_4 - estimator_2 - 12_folds.train_5.predict)=35.53%
[ 2020-05-27 07:36:22,322][kfold_wrapper.log_eval_metrics] Accuracy(layer_4 - estimator_2 - 12_folds.train_6.predict)=39.93%
[ 2020-05-27 07:36:22,690][kfold_wrapper.log_eval_metrics] Accuracy(layer_4 - estimator_2 - 12_folds.train_7.predict)=35.53%
[ 2020-05-27 07:36:23,054][kfold_wrapper.log_eval_metrics] Accuracy(layer_4 - estimator_2 - 12_folds.train_8.predict)=38.10%
[ 2020-05-27 07:36:23,411][kfold_wrapper.log_eval_metrics] Accuracy(layer_4 - estimator_2 - 12_folds.train_9.predict)=41.76%
[ 2020-05-27 07:36:23,758][kfold_wrapper.log_eval_metrics] Accuracy(layer_4 - estimator_2 - 12_folds.train_10.predict)=43.22%
[ 2020-05-27 07:36:24,121][kfold_wrapper.log_eval_metrics] Accuracy(layer_4 - estimator_2 - 12_folds.train_11.predict)=39.93%
[ 2020-05-27 07:36:24,238][kfold_wrapper.log_eval_metrics] Accuracy(layer_4 - estimator_2 - 12_folds.train_cv.predict)=38.98%
[ 2020-05-27 07:36:24,240][kfold_wrapper.log_eval_metrics] Accuracy(layer_4 - estimator_2 - 12_folds.test.predict)=36.99%
[ 2020-05-27 07:36:24,444][kfold_wrapper.log_eval_metrics] Accuracy(layer_4 - estimator_3 - 12_folds.train_0.predict)=44.16%
[ 2020-05-27 07:36:24,614][kfold_wrapper.log_eval_metrics] Accuracy(layer_4 - estimator_3 - 12_folds.train_1.predict)=35.40%
[ 2020-05-27 07:36:24,792][kfold_wrapper.log_eval_metrics] Accuracy(layer_4 - estimator_3 - 12_folds.train_2.predict)=41.61%
[ 2020-05-27 07:36:24,972][kfold_wrapper.log_eval_metrics] Accuracy(layer_4 - estimator_3 - 12_folds.train_3.predict)=45.62%
[ 2020-05-27 07:36:25,150][kfold_wrapper.log_eval_metrics] Accuracy(layer_4 - estimator_3 - 12_folds.train_4.predict)=45.62%
[ 2020-05-27 07:36:25,321][kfold_wrapper.log_eval_metrics] Accuracy(layer_4 - estimator_3 - 12_folds.train_5.predict)=42.12%
[ 2020-05-27 07:36:25,493][kfold_wrapper.log_eval_metrics] Accuracy(layer_4 - estimator_3 - 12_folds.train_6.predict)=39.93%
[ 2020-05-27 07:36:25,669][kfold_wrapper.log_eval_metrics] Accuracy(layer_4 - estimator_3 - 12_folds.train_7.predict)=42.86%
[ 2020-05-27 07:36:25,878][kfold_wrapper.log_eval_metrics] Accuracy(layer_4 - estimator_3 - 12_folds.train_8.predict)=40.29%
[ 2020-05-27 07:36:26,049][kfold_wrapper.log_eval_metrics] Accuracy(layer_4 - estimator_3 - 12_folds.train_9.predict)=44.32%
[ 2020-05-27 07:36:26,219][kfold_wrapper.log_eval_metrics] Accuracy(layer_4 - estimator_3 - 12_folds.train_10.predict)=42.12%
[ 2020-05-27 07:36:26,394][kfold_wrapper.log_eval_metrics] Accuracy(layer_4 - estimator_3 - 12_folds.train_11.predict)=43.96%
[ 2020-05-27 07:36:26,396][kfold_wrapper.log_eval_metrics] Accuracy(layer_4 - estimator_3 - 12_folds.train_cv.predict)=42.33%
[ 2020-05-27 07:36:26,396][kfold_wrapper.log_eval_metrics] Accuracy(layer_4 - estimator_3 - 12_folds.test.predict)=43.84%
[ 2020-05-27 07:36:26,397][cascade_classifier.calc_accuracy] Accuracy(layer_4 - train.classifier_average)=41.63%
[ 2020-05-27 07:36:26,398][cascade_classifier.calc_accuracy] Accuracy(layer_4 - test.classifier_average)=43.01%
[ 2020-05-27 07:36:26,399][cascade_classifier.fit_transform] [layer=5] look_indexs=[0], X_cur_train.shape=(3281, 17), X_cur_test.shape=(365, 17)
[ 2020-05-27 07:36:26,449][kfold_wrapper.log_eval_metrics] Accuracy(layer_5 - estimator_0 - 5_folds.train_0.predict)=39.88%
[ 2020-05-27 07:36:26,497][kfold_wrapper.log_eval_metrics] Accuracy(layer_5 - estimator_0 - 5_folds.train_1.predict)=41.16%
[ 2020-05-27 07:36:26,544][kfold_wrapper.log_eval_metrics] Accuracy(layer_5 - estimator_0 - 5_folds.train_2.predict)=42.84%
[ 2020-05-27 07:36:26,592][kfold_wrapper.log_eval_metrics] Accuracy(layer_5 - estimator_0 - 5_folds.train_3.predict)=37.80%
[ 2020-05-27 07:36:26,639][kfold_wrapper.log_eval_metrics] Accuracy(layer_5 - estimator_0 - 5_folds.train_4.predict)=41.31%
[ 2020-05-27 07:36:26,643][kfold_wrapper.log_eval_metrics] Accuracy(layer_5 - estimator_0 - 5_folds.train_cv.predict)=40.60%
[ 2020-05-27 07:36:26,645][kfold_wrapper.log_eval_metrics] Accuracy(layer_5 - estimator_0 - 5_folds.test.predict)=39.73%
[ 2020-05-27 07:36:26,868][kfold_wrapper.log_eval_metrics] Accuracy(layer_5 - estimator_1 - 12_folds.train_0.predict)=36.50%
[ 2020-05-27 07:36:27,219][kfold_wrapper.log_eval_metrics] Accuracy(layer_5 - estimator_1 - 12_folds.train_1.predict)=34.31%
[ 2020-05-27 07:36:27,573][kfold_wrapper.log_eval_metrics] Accuracy(layer_5 - estimator_1 - 12_folds.train_2.predict)=35.77%
[ 2020-05-27 07:36:27,933][kfold_wrapper.log_eval_metrics] Accuracy(layer_5 - estimator_1 - 12_folds.train_3.predict)=37.96%
[ 2020-05-27 07:36:28,300][kfold_wrapper.log_eval_metrics] Accuracy(layer_5 - estimator_1 - 12_folds.train_4.predict)=41.24%
[ 2020-05-27 07:36:28,662][kfold_wrapper.log_eval_metrics] Accuracy(layer_5 - estimator_1 - 12_folds.train_5.predict)=40.66%
[ 2020-05-27 07:36:29,017][kfold_wrapper.log_eval_metrics] Accuracy(layer_5 - estimator_1 - 12_folds.train_6.predict)=40.29%
[ 2020-05-27 07:36:29,372][kfold_wrapper.log_eval_metrics] Accuracy(layer_5 - estimator_1 - 12_folds.train_7.predict)=43.22%
[ 2020-05-27 07:36:29,716][kfold_wrapper.log_eval_metrics] Accuracy(layer_5 - estimator_1 - 12_folds.train_8.predict)=37.36%
[ 2020-05-27 07:36:30,072][kfold_wrapper.log_eval_metrics] Accuracy(layer_5 - estimator_1 - 12_folds.train_9.predict)=40.29%
[ 2020-05-27 07:36:30,428][kfold_wrapper.log_eval_metrics] Accuracy(layer_5 - estimator_1 - 12_folds.train_10.predict)=38.46%
[ 2020-05-27 07:36:30,783][kfold_wrapper.log_eval_metrics] Accuracy(layer_5 - estimator_1 - 12_folds.train_11.predict)=39.19%
[ 2020-05-27 07:36:30,907][kfold_wrapper.log_eval_metrics] Accuracy(layer_5 - estimator_1 - 12_folds.train_cv.predict)=38.77%
[ 2020-05-27 07:36:30,909][kfold_wrapper.log_eval_metrics] Accuracy(layer_5 - estimator_1 - 12_folds.test.predict)=41.10%
[ 2020-05-27 07:36:31,146][kfold_wrapper.log_eval_metrics] Accuracy(layer_5 - estimator_2 - 12_folds.train_0.predict)=41.61%
[ 2020-05-27 07:36:31,493][kfold_wrapper.log_eval_metrics] Accuracy(layer_5 - estimator_2 - 12_folds.train_1.predict)=40.51%
[ 2020-05-27 07:36:31,850][kfold_wrapper.log_eval_metrics] Accuracy(layer_5 - estimator_2 - 12_folds.train_2.predict)=38.32%
[ 2020-05-27 07:36:32,204][kfold_wrapper.log_eval_metrics] Accuracy(layer_5 - estimator_2 - 12_folds.train_3.predict)=39.42%
[ 2020-05-27 07:36:32,560][kfold_wrapper.log_eval_metrics] Accuracy(layer_5 - estimator_2 - 12_folds.train_4.predict)=36.86%
[ 2020-05-27 07:36:32,920][kfold_wrapper.log_eval_metrics] Accuracy(layer_5 - estimator_2 - 12_folds.train_5.predict)=41.39%
[ 2020-05-27 07:36:33,276][kfold_wrapper.log_eval_metrics] Accuracy(layer_5 - estimator_2 - 12_folds.train_6.predict)=43.59%
[ 2020-05-27 07:36:33,628][kfold_wrapper.log_eval_metrics] Accuracy(layer_5 - estimator_2 - 12_folds.train_7.predict)=38.46%
[ 2020-05-27 07:36:33,994][kfold_wrapper.log_eval_metrics] Accuracy(layer_5 - estimator_2 - 12_folds.train_8.predict)=35.53%
[ 2020-05-27 07:36:34,337][kfold_wrapper.log_eval_metrics] Accuracy(layer_5 - estimator_2 - 12_folds.train_9.predict)=41.03%
[ 2020-05-27 07:36:34,700][kfold_wrapper.log_eval_metrics] Accuracy(layer_5 - estimator_2 - 12_folds.train_10.predict)=38.83%
[ 2020-05-27 07:36:35,063][kfold_wrapper.log_eval_metrics] Accuracy(layer_5 - estimator_2 - 12_folds.train_11.predict)=39.56%
[ 2020-05-27 07:36:35,188][kfold_wrapper.log_eval_metrics] Accuracy(layer_5 - estimator_2 - 12_folds.train_cv.predict)=39.59%
[ 2020-05-27 07:36:35,190][kfold_wrapper.log_eval_metrics] Accuracy(layer_5 - estimator_2 - 12_folds.test.predict)=41.10%
[ 2020-05-27 07:36:35,460][kfold_wrapper.log_eval_metrics] Accuracy(layer_5 - estimator_3 - 12_folds.train_0.predict)=43.07%
[ 2020-05-27 07:36:35,679][kfold_wrapper.log_eval_metrics] Accuracy(layer_5 - estimator_3 - 12_folds.train_1.predict)=42.34%
[ 2020-05-27 07:36:35,908][kfold_wrapper.log_eval_metrics] Accuracy(layer_5 - estimator_3 - 12_folds.train_2.predict)=43.80%
[ 2020-05-27 07:36:36,143][kfold_wrapper.log_eval_metrics] Accuracy(layer_5 - estimator_3 - 12_folds.train_3.predict)=43.80%
[ 2020-05-27 07:36:36,366][kfold_wrapper.log_eval_metrics] Accuracy(layer_5 - estimator_3 - 12_folds.train_4.predict)=39.05%
[ 2020-05-27 07:36:36,604][kfold_wrapper.log_eval_metrics] Accuracy(layer_5 - estimator_3 - 12_folds.train_5.predict)=42.49%
[ 2020-05-27 07:36:36,824][kfold_wrapper.log_eval_metrics] Accuracy(layer_5 - estimator_3 - 12_folds.train_6.predict)=43.22%
[ 2020-05-27 07:36:37,050][kfold_wrapper.log_eval_metrics] Accuracy(layer_5 - estimator_3 - 12_folds.train_7.predict)=40.66%
[ 2020-05-27 07:36:37,278][kfold_wrapper.log_eval_metrics] Accuracy(layer_5 - estimator_3 - 12_folds.train_8.predict)=41.76%
[ 2020-05-27 07:36:37,499][kfold_wrapper.log_eval_metrics] Accuracy(layer_5 - estimator_3 - 12_folds.train_9.predict)=44.69%
[ 2020-05-27 07:36:37,725][kfold_wrapper.log_eval_metrics] Accuracy(layer_5 - estimator_3 - 12_folds.train_10.predict)=40.66%
[ 2020-05-27 07:36:37,952][kfold_wrapper.log_eval_metrics] Accuracy(layer_5 - estimator_3 - 12_folds.train_11.predict)=42.49%
[ 2020-05-27 07:36:37,954][kfold_wrapper.log_eval_metrics] Accuracy(layer_5 - estimator_3 - 12_folds.train_cv.predict)=42.33%
[ 2020-05-27 07:36:37,955][kfold_wrapper.log_eval_metrics] Accuracy(layer_5 - estimator_3 - 12_folds.test.predict)=43.84%
[ 2020-05-27 07:36:37,956][cascade_classifier.calc_accuracy] Accuracy(layer_5 - train.classifier_average)=40.81%
[ 2020-05-27 07:36:37,958][cascade_classifier.calc_accuracy] Accuracy(layer_5 - test.classifier_average)=42.47%
[ 2020-05-27 07:36:37,959][cascade_classifier.fit_transform] [Result][Optimal Level Detected] opt_layer_num=2, accuracy_train=42.67%, accuracy_test=42.19%
[ 2020-05-27 07:36:38,042][cascade_classifier.transform] X_groups_test.shape=[(94, 5)]
[ 2020-05-27 07:36:38,042][cascade_classifier.transform] group_dims=[5]
[ 2020-05-27 07:36:38,043][cascade_classifier.transform] X_test.shape=(94, 5)
[ 2020-05-27 07:36:38,044][cascade_classifier.transform] [layer=0] look_indexs=[0], X_cur_test.shape=(94, 5)
[ 2020-05-27 07:36:40,697][cascade_classifier.transform] [layer=1] look_indexs=[0], X_cur_test.shape=(94, 17)
