Stock_A,Stock_B,Sharpe_Ratio,Total_Return,Max_Drawdown,Switches_Used,Mu,Kappa,Sigma,Z0,Z1
Pair 1 - Fast,Pair 1 - Parent,0.5466881919794814,0.23806520867020783,0.10682437536979496,4,0.0,30.0,0.3,1.9242640687119286,0.782842712474619
Pair 2 - Medium,Pair 2 - Parent,0.6046877181106527,0.7592328675474921,0.2342215078967842,6,0.0,15.0,0.4,1.9242640687119286,0.782842712474619
Pair 3 - Slow,Pair 3 - Parent,0.30448725094245604,0.587111525801987,0.46427630343455695,2,0.0,5.0,0.5,1.9242640687119286,0.782842712474619
