代码,简称,日期,开盘价(元),最高价(元),最低价(元),收盘价(元),成交量(股),换手率(%),A股流通市值(元),总市值(元),市盈率,
000898.SZ,鞍钢股份,1997-12-25,1.7054,1.7816,1.6657,1.6889,132598800,46.4435,1456077540,12795900000,28.9859,
000898.SZ,鞍钢股份,1997-12-26,1.6822,1.7021,1.6226,1.6624,43879900,15.3692,1433237108,12595180000,28.5313,
000898.SZ,鞍钢股份,1997-12-29,1.6591,1.6723,1.6293,1.6425,15569000,5.4531,1416106784,12444640000,28.1902,
000898.SZ,鞍钢股份,1997-12-30,1.6359,1.6359,1.5829,1.5895,16485000,5.774,1370425920,12043200000,27.2809,
000898.SZ,鞍钢股份,1997-12-31,1.5829,1.6061,1.5564,1.5696,12373700,4.334,1353295596,11892660000,26.9399,
000898.SZ,鞍钢股份,1998-01-05,1.5696,1.6061,1.5299,1.5862,12319300,4.3149,1367570866,12018110000,27.224,
000898.SZ,鞍钢股份,1998-01-06,1.5829,1.5829,1.5365,1.5531,9445400,3.3083,1339020326,11767210000,26.6557,
000898.SZ,鞍钢股份,1998-01-07,1.5465,1.5895,1.5233,1.5597,9789700,3.4289,1344730434,11817390000,26.7694,
000898.SZ,鞍钢股份,1998-01-08,1.5531,1.5829,1.5332,1.5398,10043800,3.5179,1327600110,11666850000,26.4284,
000898.SZ,鞍钢股份,1998-01-09,1.5498,1.5564,1.5299,1.5498,6777900,2.374,1336165272,11742120000,26.5989,
000898.SZ,鞍钢股份,1998-01-12,1.5531,1.5531,1.4968,1.5034,10717900,3.754,1296194516,11390860000,25.8032,
000898.SZ,鞍钢股份,1998-01-13,1.4902,1.4935,1.3544,1.4107,13952200,4.8868,1216253004,10688340000,24.2118,
000898.SZ,鞍钢股份,1998-01-14,1.4008,1.52,1.3941,1.5167,12439000,4.3568,1307614732,11491220000,26.0305,
000898.SZ,鞍钢股份,1998-01-15,1.5067,1.52,1.4239,1.4769,9900800,3.4678,1273354084,11190140000,25.3485,
000898.SZ,鞍钢股份,1998-01-16,1.4835,1.4835,1.4372,1.4438,4890300,1.7129,1244803544,10939240000,24.7801,
000898.SZ,鞍钢股份,1998-01-19,1.4405,1.4405,1.3941,1.4008,4816900,1.6871,1207687842,10613070000,24.0413,
000898.SZ,鞍钢股份,1998-01-20,1.3975,1.4504,1.3842,1.414,3447900,1.2076,1219108058,10713430000,24.2686,
000898.SZ,鞍钢股份,1998-01-21,1.4273,1.4438,1.4008,1.414,2856800,1.0006,1219108058,10713430000,24.2686,
000898.SZ,鞍钢股份,1998-01-22,1.414,1.4173,1.3842,1.3842,5795000,2.0297,1193412572,10487620000,23.7571,
000898.SZ,鞍钢股份,1998-01-23,1.3842,1.4206,1.3809,1.4008,3945000,1.3818,1207687842,10613070000,24.0413,
000898.SZ,鞍钢股份,1998-02-09,1.4273,1.4504,1.4074,1.4372,5269200,1.8456,1239093436,10889060000,24.6665,
000898.SZ,鞍钢股份,1998-02-10,1.4306,1.4471,1.414,1.4273,3558900,1.2465,1230528274,10813790000,24.496,
000898.SZ,鞍钢股份,1998-02-11,1.4239,1.4869,1.4173,1.4604,5354200,1.8753,1259078814,11064690000,25.0643,
000898.SZ,鞍钢股份,1998-02-12,1.4703,1.4703,1.4206,1.4306,4357400,1.5262,1233383328,10838880000,24.5528,
000898.SZ,鞍钢股份,1998-02-13,1.4306,1.4306,1.4074,1.4107,3315400,1.1612,1216253004,10688340000,24.2118,
000898.SZ,鞍钢股份,1998-02-16,1.4074,1.4239,1.3908,1.4173,3071000,1.0756,1221963112,10738520000,24.3255,
000898.SZ,鞍钢股份,1998-02-17,1.4239,1.4239,1.3975,1.4107,2128600,0.7456,1216253004,10688340000,24.2118,
000898.SZ,鞍钢股份,1998-02-18,1.4173,1.4173,1.3875,1.4008,3593000,1.2585,1207687842,10613070000,24.0413,
000898.SZ,鞍钢股份,1998-02-19,1.4008,1.4107,1.3908,1.4008,3085500,1.0807,1207687842,10613070000,24.0413,
000898.SZ,鞍钢股份,1998-02-20,1.4074,1.4239,1.3908,1.4074,3355900,1.1754,1213397950,10663250000,24.1549,
000898.SZ,鞍钢股份,1998-02-23,1.4074,1.4074,1.3842,1.4008,3489200,1.2221,1207687842,10613070000,24.0413,
000898.SZ,鞍钢股份,1998-02-24,1.3975,1.414,1.3908,1.3941,1917100,0.6715,1201977734,10562890000,23.9276,
000898.SZ,鞍钢股份,1998-02-25,1.3941,1.4239,1.3908,1.4107,3425200,1.1997,1216253004,10688340000,24.2118,
000898.SZ,鞍钢股份,1998-02-26,1.4173,1.4703,1.4107,1.4339,7089800,2.4832,1236238382,10863970000,24.6096,
000898.SZ,鞍钢股份,1998-02-27,1.4339,1.4405,1.4008,1.4107,2228300,0.7805,1216253004,10688340000,24.2118,
000898.SZ,鞍钢股份,1998-03-02,1.3875,1.4306,1.3842,1.3908,3652500,1.2793,1199122680,10537800000,23.8708,
000898.SZ,鞍钢股份,1998-03-03,1.3908,1.4173,1.3908,1.4074,2395100,0.8389,1213397950,10663250000,24.1549,
000898.SZ,鞍钢股份,1998-03-04,1.4074,1.4537,1.4041,1.4372,5957600,2.0867,1239093436,10889060000,24.6665,
000898.SZ,鞍钢股份,1998-03-05,1.4405,1.4504,1.4107,1.4173,2733900,0.9576,1221963112,10738520000,24.3255,
000898.SZ,鞍钢股份,1998-03-06,1.4107,1.4372,1.4074,1.4206,2099900,0.7355,1224818166,10763610000,24.3823,
000898.SZ,鞍钢股份,1998-03-09,1.4306,1.4339,1.4074,1.414,2109300,0.7388,1219108058,10713430000,24.2686,
000898.SZ,鞍钢股份,1998-03-10,1.4074,1.4173,1.3908,1.4074,2765000,0.9685,1213397950,10663250000,24.1549,
000898.SZ,鞍钢股份,1998-03-11,1.3975,1.4074,1.3842,1.3842,3418400,1.1973,1193412572,10487620000,23.7571,
000898.SZ,鞍钢股份,1998-03-12,1.3809,1.3875,1.3544,1.371,3367500,1.1795,1181992356,10387260000,23.5298,
000898.SZ,鞍钢股份,1998-03-13,1.3676,1.3743,1.3577,1.3643,2046000,0.7166,1176282248,10337080000,23.4161,
000898.SZ,鞍钢股份,1998-03-16,1.3743,1.3776,1.3445,1.361,2393000,0.8382,1173427194,10311990000,23.3593,
000898.SZ,鞍钢股份,1998-03-17,1.3643,1.3941,1.3643,1.3743,2067200,0.724,1184847410,10412350000,23.5866,
000898.SZ,鞍钢股份,1998-03-18,1.3809,1.3842,1.3577,1.361,2036300,0.7132,1173427194,10311990000,23.3593,
000898.SZ,鞍钢股份,1998-03-19,1.361,1.3776,1.3544,1.3577,1612200,0.5647,1170572140,10286900000,23.3024,
000898.SZ,鞍钢股份,1998-03-20,1.3577,1.3676,1.3511,1.3643,2620600,0.9179,1176282248,10337080000,23.4161,
000898.SZ,鞍钢股份,1998-03-23,1.3577,1.3643,1.3378,1.3445,2917600,1.0219,1159151924,10186540000,23.0751,
000898.SZ,鞍钢股份,1998-03-24,1.3412,1.3478,1.3378,1.3445,2137400,0.7486,1159151924,10186540000,23.0751,
000898.SZ,鞍钢股份,1998-03-25,1.3643,1.3643,1.3345,1.3412,3015100,1.0561,1156296870,10161450000,23.0182,
000898.SZ,鞍钢股份,1998-03-26,1.3412,1.3511,1.3246,1.3312,3154700,1.105,1147731708,10086180000,22.8477,
000898.SZ,鞍钢股份,1998-03-27,1.3246,1.3577,1.3213,1.3345,4341100,1.5205,1150586762,10111270000,22.9046,
000898.SZ,鞍钢股份,1998-03-30,1.3412,1.3544,1.3279,1.3511,4692100,1.6434,1164862032,10236720000,23.1887,
000898.SZ,鞍钢股份,1998-03-31,1.3511,1.3544,1.3312,1.3345,3002200,1.0515,1150586762,10111270000,22.9046,
000898.SZ,鞍钢股份,1998-04-01,1.3345,1.3378,1.3213,1.3279,4181600,1.4646,1144876654,10061090000,22.7909,
000898.SZ,鞍钢股份,1998-04-02,1.3345,1.3908,1.3246,1.3809,8216600,2.8779,1190557518,10462530000,23.7003,
000898.SZ,鞍钢股份,1998-04-03,1.3842,1.3875,1.3577,1.3643,3386200,1.186,1176282248,10337080000,23.4161,
000898.SZ,鞍钢股份,1998-04-06,1.361,1.4206,1.3544,1.4041,7120400,2.494,1210542896,10638160000,24.0981,
000898.SZ,鞍钢股份,1998-04-07,1.4008,1.414,1.3809,1.3842,4070400,1.4257,1193412572,10487620000,23.7571,
000898.SZ,鞍钢股份,1998-04-08,1.3908,1.4736,1.3743,1.4571,14828700,5.1938,1256223760,11039600000,25.0075,
000898.SZ,鞍钢股份,1998-04-09,1.4571,1.4869,1.4107,1.4372,14917600,5.225,1239093436,10889060000,24.6665,
000898.SZ,鞍钢股份,1998-04-10,1.4405,1.4637,1.4239,1.4306,6086500,2.1318,1233383328,10838880000,24.5528,
000898.SZ,鞍钢股份,1998-04-13,1.4339,1.4405,1.3975,1.4041,5739400,2.0103,1210542896,10638160000,24.0981,
000898.SZ,鞍钢股份,1998-04-14,1.3908,1.414,1.3908,1.3975,2989600,1.0471,1204832788,10587980000,23.9844,
000898.SZ,鞍钢股份,1998-04-15,1.3908,1.4173,1.3908,1.4008,3210700,1.1246,1207687842,10613070000,24.0413,
000898.SZ,鞍钢股份,1998-04-16,1.4008,1.4074,1.3743,1.3776,4173400,1.4618,1187702464,10437440000,23.6434,
000898.SZ,鞍钢股份,1998-04-17,1.3743,1.3941,1.3577,1.371,3777400,1.3231,1181992356,10387260000,23.5298,
000898.SZ,鞍钢股份,1998-04-20,1.3643,1.3809,1.3511,1.3676,3536200,1.2386,1179137302,10362170000,23.4729,
000898.SZ,鞍钢股份,1998-04-21,1.3577,1.3809,1.3577,1.3676,2640900,0.925,1179137302,10362170000,23.4729,
000898.SZ,鞍钢股份,1998-04-22,1.3676,1.4008,1.3676,1.3875,3505300,1.2278,1196267626,10512710000,23.8139,
000898.SZ,鞍钢股份,1998-04-23,1.3908,1.4074,1.371,1.3776,3146900,1.1022,1187702464,10437440000,23.6434,
000898.SZ,鞍钢股份,1998-04-24,1.3776,1.3875,1.3577,1.3676,2761700,0.9673,1179137302,10362170000,23.4729,
000898.SZ,鞍钢股份,1998-04-27,1.3908,1.4173,1.3511,1.3643,4150800,1.4538,1176282248,10337080000,20.241,
000898.SZ,鞍钢股份,1998-04-28,1.3842,1.3941,1.371,1.3908,3937000,1.379,1199122680,10537800000,20.634,
000898.SZ,鞍钢股份,1998-04-29,1.3908,1.3908,1.3643,1.3743,2573100,0.9012,1184847410,10412350000,20.3884,
000898.SZ,鞍钢股份,1998-04-30,1.3743,1.3743,1.361,1.3643,2957200,1.0358,1176282248,10337080000,20.241,
000898.SZ,鞍钢股份,1998-05-04,1.3676,1.3842,1.3544,1.361,4601100,1.6116,1173427194,10311990000,20.1919,
000898.SZ,鞍钢股份,1998-05-05,1.3676,1.3842,1.3544,1.3643,3090100,1.0823,1176282248,10337080000,20.241,
000898.SZ,鞍钢股份,1998-05-06,1.3776,1.3776,1.3478,1.3577,3377900,1.1831,1170572140,10286900000,20.1427,
000898.SZ,鞍钢股份,1998-05-07,1.3577,1.3577,1.3412,1.3412,4099000,1.4357,1156296870,10161450000,19.8971,
000898.SZ,鞍钢股份,1998-05-08,1.3412,1.3544,1.3412,1.3511,3970000,1.3905,1164862032,10236720000,20.0445,
000898.SZ,鞍钢股份,1998-05-11,1.3511,1.3908,1.3345,1.371,6932000,2.428,1181992356,10387260000,20.3393,
000898.SZ,鞍钢股份,1998-05-12,1.3776,1.4306,1.3412,1.3842,7987600,2.7977,1193412572,10487620000,20.5358,
000898.SZ,鞍钢股份,1998-05-13,1.3975,1.4008,1.3577,1.3776,3669800,1.2854,1187702464,10437440000,20.4375,
000898.SZ,鞍钢股份,1998-05-14,1.3776,1.4008,1.3676,1.3809,4149900,1.4535,1190557518,10462530000,20.4866,
000898.SZ,鞍钢股份,1998-05-15,1.3842,1.4008,1.3743,1.3842,4849100,1.6984,1193412572,10487620000,20.5358,
000898.SZ,鞍钢股份,1998-05-18,1.3908,1.4008,1.361,1.3643,4093000,1.4336,1176282248,10337080000,20.241,
000898.SZ,鞍钢股份,1998-05-19,1.3643,1.371,1.3412,1.3544,2690600,0.9424,1167717086,10261810000,20.0936,
000898.SZ,鞍钢股份,1998-05-20,1.3511,1.361,1.3412,1.3478,2283500,0.7998,1162006978,10211630000,19.9954,
000898.SZ,鞍钢股份,1998-05-21,1.3412,1.3511,1.3412,1.3478,2184900,0.7653,1162006978,10211630000,19.9954,
000898.SZ,鞍钢股份,1998-05-22,1.3511,1.3577,1.3445,1.3511,2934200,1.0277,1164862032,10236720000,20.0445,
000898.SZ,鞍钢股份,1998-05-25,1.3478,1.3511,1.3378,1.3445,4357400,1.5262,1159151924,10186540000,19.9462,
000898.SZ,鞍钢股份,1998-05-26,1.3445,1.3577,1.3412,1.3511,3382100,1.1846,1164862032,10236720000,20.0445,
000898.SZ,鞍钢股份,1998-05-27,1.3478,1.3511,1.3412,1.3511,3695700,1.2944,1164862032,10236720000,20.0445,
000898.SZ,鞍钢股份,1998-05-28,1.3577,1.3809,1.3478,1.3577,3535900,1.2385,1170572140,10286900000,20.1427,
000898.SZ,鞍钢股份,1998-05-29,1.3577,1.3776,1.3544,1.361,3769900,1.3204,1173427194,10311990000,20.1919,
000898.SZ,鞍钢股份,1998-06-01,1.3643,1.3842,1.3445,1.3511,3490900,1.2227,1164862032,10236720000,20.0445,
000898.SZ,鞍钢股份,1998-06-02,1.3511,1.3643,1.3378,1.3412,2950100,1.0333,1156296870,10161450000,19.8971,
000898.SZ,鞍钢股份,1998-06-03,1.3412,1.3577,1.3378,1.3511,2775900,0.9723,1164862032,10236720000,20.0445,
000898.SZ,鞍钢股份,1998-06-04,1.3577,1.3577,1.3345,1.3378,2928000,1.0255,1153441816,10136360000,19.848,
000898.SZ,鞍钢股份,1998-06-05,1.3378,1.3478,1.3345,1.3412,3138800,1.0994,1156296870,10161450000,19.8971,
000898.SZ,鞍钢股份,1998-06-08,1.3412,1.3412,1.3279,1.3312,2907100,1.0182,1147731708,10086180000,19.7497,
000898.SZ,鞍钢股份,1998-06-09,1.3312,1.3312,1.2981,1.3047,4768400,1.6702,1124891276,9885460000,19.3567,
000898.SZ,鞍钢股份,1998-06-10,1.3047,1.3147,1.2948,1.308,2887400,1.0113,1127746330,9910550000,19.4058,
000898.SZ,鞍钢股份,1998-06-11,1.3014,1.3147,1.2915,1.2948,2093200,0.7332,1116326114,9810190000,19.2093,
000898.SZ,鞍钢股份,1998-06-12,1.308,1.3246,1.3014,1.308,2364100,0.828,1127746330,9910550000,19.4058,
000898.SZ,鞍钢股份,1998-06-15,1.3014,1.308,1.2915,1.2948,2227000,0.78,1116326114,9810190000,19.2093,
000898.SZ,鞍钢股份,1998-06-16,1.2948,1.2981,1.2584,1.2683,3100300,1.0859,1093485682,9609470000,18.8163,
000898.SZ,鞍钢股份,1998-06-17,1.2815,1.2915,1.2683,1.2749,1559800,0.5463,1099195790,9659650000,18.9145,
000898.SZ,鞍钢股份,1998-06-18,1.2915,1.3776,1.2915,1.3312,5022800,1.7593,1147731708,10086180000,19.7497,
000898.SZ,鞍钢股份,1998-06-19,1.3345,1.3378,1.308,1.3147,2022500,0.7084,1133456438,9960730000,19.5041,
000898.SZ,鞍钢股份,1998-06-22,1.3114,1.3147,1.2915,1.3014,2514300,0.8806,1122036222,9860370000,19.3076,
000898.SZ,鞍钢股份,1998-06-23,1.3014,1.3114,1.2849,1.3014,2062300,0.7223,1122036222,9860370000,19.3076,
000898.SZ,鞍钢股份,1998-06-24,1.318,1.3445,1.3114,1.3213,2640500,0.9249,1139166546,10010910000,19.6023,
000898.SZ,鞍钢股份,1998-06-25,1.3246,1.3246,1.2948,1.3014,1567400,0.549,1122036222,9860370000,19.3076,
000898.SZ,鞍钢股份,1998-06-26,1.308,1.3213,1.2882,1.2948,875300,0.2918,1173000000,9810190000,19.2093,
000898.SZ,鞍钢股份,1998-06-29,1.2948,1.2948,1.2948,1.2948,--,--,1173000000,9810190000,19.2093,
000898.SZ,鞍钢股份,1998-06-30,1.2915,1.2981,1.2683,1.2749,1264600,0.4215,1155000000,9659650000,18.9145,
000898.SZ,鞍钢股份,1998-07-01,1.2948,1.3047,1.2617,1.265,1559800,0.5199,1146000000,9584380000,18.7671,
000898.SZ,鞍钢股份,1998-07-02,1.2749,1.2882,1.2617,1.2782,1914100,0.638,1158000000,9684740000,18.9637,
000898.SZ,鞍钢股份,1998-07-03,1.2915,1.308,1.2716,1.2815,1541700,0.5139,1161000000,9709830000,19.0128,
000898.SZ,鞍钢股份,1998-07-06,1.2915,1.3114,1.2815,1.2948,2064200,0.6881,1173000000,9810190000,19.2093,
000898.SZ,鞍钢股份,1998-07-07,1.2882,1.3014,1.2782,1.2849,1075000,0.3583,1164000000,9734920000,19.0619,
000898.SZ,鞍钢股份,1998-07-08,1.2915,1.3114,1.2849,1.2948,545500,0.1818,1173000000,9810190000,19.2093,
000898.SZ,鞍钢股份,1998-07-09,1.2948,1.2981,1.2749,1.2882,1392700,0.4642,1167000000,9760010000,19.111,
000898.SZ,鞍钢股份,1998-07-10,1.2915,1.3114,1.2815,1.2948,1733800,0.5779,1173000000,9810190000,19.2093,
000898.SZ,鞍钢股份,1998-07-13,1.2948,1.318,1.2849,1.3114,2361900,0.7873,1188000000,9935640000,19.4549,
000898.SZ,鞍钢股份,1998-07-14,1.308,1.3114,1.2782,1.2882,1424600,0.4749,1167000000,9760010000,19.111,
000898.SZ,鞍钢股份,1998-07-15,1.2915,1.3445,1.2782,1.318,3845000,1.2817,1194000000,9985820000,19.5532,
000898.SZ,鞍钢股份,1998-07-16,1.318,1.318,1.2915,1.2948,1403800,0.4679,1173000000,9810190000,19.2093,
000898.SZ,鞍钢股份,1998-07-17,1.3047,1.3047,1.2849,1.2849,1144200,0.3814,1164000000,9734920000,19.0619,
000898.SZ,鞍钢股份,1998-07-20,1.2782,1.2948,1.2584,1.265,2038000,0.6793,1146000000,9584380000,18.7671,
000898.SZ,鞍钢股份,1998-07-21,1.265,1.2749,1.2584,1.2749,1366100,0.4554,1155000000,9659650000,18.9145,
000898.SZ,鞍钢股份,1998-07-22,1.2749,1.308,1.2617,1.2683,1142400,0.3808,1149000000,9609470000,18.8163,
000898.SZ,鞍钢股份,1998-07-23,1.2749,1.2915,1.2716,1.2849,726800,0.2423,1164000000,9734920000,19.0619,
000898.SZ,鞍钢股份,1998-07-24,1.2915,1.2915,1.2716,1.2782,1176500,0.3922,1158000000,9684740000,18.9637,
000898.SZ,鞍钢股份,1998-07-27,1.2749,1.2815,1.265,1.2683,1187800,0.3959,1149000000,9609470000,18.8163,
000898.SZ,鞍钢股份,1998-07-28,1.2749,1.2849,1.2683,1.2749,761100,0.2537,1155000000,9659650000,18.9145,
000898.SZ,鞍钢股份,1998-07-29,1.2749,1.3047,1.2749,1.2849,1660900,0.5536,1164000000,9734920000,19.0619,
000898.SZ,鞍钢股份,1998-07-30,1.2849,1.3014,1.2716,1.2749,1116000,0.372,1155000000,9659650000,18.9145,
000898.SZ,鞍钢股份,1998-07-31,1.2915,1.2915,1.2716,1.2749,833600,0.2779,1155000000,9659650000,18.9145,
000898.SZ,鞍钢股份,1998-08-03,1.2716,1.2915,1.2617,1.265,941900,0.314,1146000000,9584380000,18.7671,
000898.SZ,鞍钢股份,1998-08-04,1.265,1.265,1.2451,1.2517,2037900,0.6793,1134000000,9484020000,18.5706,
000898.SZ,鞍钢股份,1998-08-05,1.2617,1.265,1.2451,1.2551,1069000,0.3563,1137000000,9509110000,18.6198,
000898.SZ,鞍钢股份,1998-08-06,1.2517,1.2617,1.2352,1.2385,1469400,0.4898,1122000000,9383660000,18.3741,
000898.SZ,鞍钢股份,1998-08-07,1.2385,1.2385,1.2021,1.2087,2177300,0.7258,1095000000,9157850000,17.932,
000898.SZ,鞍钢股份,1998-08-10,1.2021,1.2054,1.169,1.1756,1849900,0.6166,1065000000,8906950000,17.4407,
000898.SZ,鞍钢股份,1998-08-11,1.1756,1.1888,1.1392,1.1425,1730300,0.5768,1035000000,8656050000,16.9494,
000898.SZ,鞍钢股份,1998-08-12,1.1458,1.1458,1.0961,1.1259,2411300,0.8038,1020000000,8530600000,16.7037,
000898.SZ,鞍钢股份,1998-08-13,1.1259,1.1259,1.1259,1.1259,--,--,1020000000,8530600000,16.7037,
000898.SZ,鞍钢股份,1998-08-14,1.1359,1.1359,1.0858,1.0892,1804600,0.6015,978000000,8179340000,16.0159,
000898.SZ,鞍钢股份,1998-08-17,1.0691,1.0691,0.9923,0.999,3587900,1.196,897000000,7501910000,14.6895,
000898.SZ,鞍钢股份,1998-08-18,0.9956,1.0591,0.9756,1.0157,2751700,0.9172,912000000,7627360000,14.9351,
000898.SZ,鞍钢股份,1998-08-19,1.019,1.0624,1.0157,1.0624,2141600,0.7139,954000000,7978620000,15.6229,
000898.SZ,鞍钢股份,1998-08-20,1.0624,1.0691,1.039,1.0691,2220100,0.74,960000000,8028800000,15.7212,
000898.SZ,鞍钢股份,1998-08-21,1.0691,1.0992,1.0524,1.0858,2721300,0.9071,975000000,8154250000,15.9668,
000898.SZ,鞍钢股份,1998-08-24,1.0825,1.1125,1.0624,1.0791,1991900,0.664,969000000,8104070000,15.8686,
000898.SZ,鞍钢股份,1998-08-25,1.0758,1.0791,1.0491,1.0658,1478400,0.4928,957000000,8003710000,15.672,
000898.SZ,鞍钢股份,1998-08-26,1.0624,1.0892,1.0524,1.0725,1179800,0.3933,963000000,8053890000,15.7703,
000898.SZ,鞍钢股份,1998-08-27,1.0591,1.0624,1.0324,1.0324,1132100,0.3774,927000000,7752810000,15.1808,
000898.SZ,鞍钢股份,1998-08-28,1.0324,1.0324,1.0324,1.0324,--,--,927000000,7752810000,15.1808,
000898.SZ,鞍钢股份,1998-08-31,0.9288,1.0023,0.9288,0.999,2573200,0.8577,897000000,7501910000,20.439,
000898.SZ,鞍钢股份,1998-09-01,1.0023,1.0992,0.9689,1.0958,12546900,4.1823,984000000,8229520000,22.4214,
000898.SZ,鞍钢股份,1998-09-02,1.0691,1.0925,1.0524,1.0557,5303700,1.7679,948000000,7928440000,21.6011,
000898.SZ,鞍钢股份,1998-09-03,1.0524,1.0658,1.0424,1.0491,1604100,0.5347,942000000,7878260000,21.4644,
000898.SZ,鞍钢股份,1998-09-04,1.0524,1.0591,1.0324,1.0424,2103800,0.7013,936000000,7828080000,21.3277,
000898.SZ,鞍钢股份,1998-09-07,1.0424,1.0825,1.0424,1.0691,1671700,0.5572,960000000,8028800000,21.8745,
000898.SZ,鞍钢股份,1998-09-08,1.0758,1.0758,1.0457,1.0457,1332500,0.4442,939000000,7853170000,21.396,
000898.SZ,鞍钢股份,1998-09-09,1.0424,1.0624,1.0357,1.0591,1273900,0.4246,951000000,7953530000,21.6694,
000898.SZ,鞍钢股份,1998-09-10,1.0624,1.0658,1.0457,1.0557,2644300,0.8814,948000000,7928440000,21.6011,
000898.SZ,鞍钢股份,1998-09-11,1.0624,1.0624,1.0457,1.0491,2222400,0.7408,942000000,7878260000,21.4644,
000898.SZ,鞍钢股份,1998-09-14,1.0457,1.0557,1.0257,1.0557,3230000,1.0767,948000000,7928440000,21.6011,
000898.SZ,鞍钢股份,1998-09-15,1.0524,1.0758,1.0457,1.0524,2336000,0.7787,945000000,7903350000,21.5327,
000898.SZ,鞍钢股份,1998-09-16,1.0457,1.0725,1.039,1.0591,1689500,0.5632,951000000,7953530000,21.6694,
000898.SZ,鞍钢股份,1998-09-17,1.0557,1.0658,1.0357,1.039,2138700,0.7129,933000000,7802990000,21.2593,
000898.SZ,鞍钢股份,1998-09-18,1.029,1.0357,1.0123,1.0157,2168800,0.7229,912000000,7627360000,20.7808,
000898.SZ,鞍钢股份,1998-09-21,1.009,1.0223,0.9956,1.019,2008500,0.6695,915000000,7652450000,20.8491,
000898.SZ,鞍钢股份,1998-09-22,1.019,1.0591,1.019,1.0257,1573400,0.5245,921000000,7702630000,20.9859,
000898.SZ,鞍钢股份,1998-09-23,1.0257,1.0624,1.0257,1.0424,2580600,0.8602,936000000,7828080000,21.3277,
000898.SZ,鞍钢股份,1998-09-24,1.0524,1.0524,1.009,1.009,1619200,0.5397,906000000,7577180000,20.6441,
000898.SZ,鞍钢股份,1998-09-25,1.009,1.039,1.0056,1.0357,1217900,0.406,930000000,7777900000,21.1909,
000898.SZ,鞍钢股份,1998-09-28,1.0457,1.1426,1.0357,1.1059,14506800,4.8356,993000000,8304790000,22.6265,
000898.SZ,鞍钢股份,1998-09-29,1.1059,1.1259,1.0791,1.0925,6408800,2.1363,981000000,8204430000,22.353,
000898.SZ,鞍钢股份,1998-09-30,1.0892,1.1059,1.0858,1.0892,2477400,0.8258,978000000,8179340000,22.2847,
000898.SZ,鞍钢股份,1998-10-05,1.0892,1.0992,1.0658,1.0691,1944500,0.6482,960000000,8028800000,21.8745,
000898.SZ,鞍钢股份,1998-10-06,1.0725,1.0725,1.029,1.0324,2892300,0.9641,927000000,7752810000,21.1226,
000898.SZ,鞍钢股份,1998-10-07,1.0324,1.0491,1.0223,1.0357,1206100,0.402,930000000,7777900000,21.1909,
000898.SZ,鞍钢股份,1998-10-08,1.0424,1.0524,1.0357,1.0457,896800,0.2989,939000000,7853170000,21.396,
000898.SZ,鞍钢股份,1998-10-09,1.0424,1.0457,1.0257,1.0324,1601200,0.5337,927000000,7752810000,21.1226,
000898.SZ,鞍钢股份,1998-10-12,1.029,1.0457,1.019,1.029,1952400,0.6508,924000000,7727720000,21.0542,
000898.SZ,鞍钢股份,1998-10-13,1.0357,1.0491,1.029,1.029,991300,0.3304,924000000,7727720000,21.0542,
000898.SZ,鞍钢股份,1998-10-14,1.0324,1.0324,1.0223,1.029,949400,0.3165,924000000,7727720000,21.0542,
000898.SZ,鞍钢股份,1998-10-15,1.029,1.0357,1.0157,1.0223,1343500,0.4478,918000000,7677540000,20.9175,
000898.SZ,鞍钢股份,1998-10-16,1.029,1.0357,1.0223,1.029,1226400,0.4088,924000000,7727720000,21.0542,
000898.SZ,鞍钢股份,1998-10-19,1.029,1.0357,1.019,1.0324,1396300,0.4654,927000000,7752810000,21.1226,
000898.SZ,鞍钢股份,1998-10-20,1.0257,1.0324,1.0223,1.0257,1002700,0.3342,921000000,7702630000,20.9859,
000898.SZ,鞍钢股份,1998-10-21,1.019,1.0223,0.9956,1.0023,2259700,0.7532,900000000,7527000000,20.5074,
000898.SZ,鞍钢股份,1998-10-22,1.0023,1.019,0.9889,1.0023,2191700,0.7306,900000000,7527000000,20.5074,
000898.SZ,鞍钢股份,1998-10-23,1.0023,1.0357,0.999,1.0023,2054700,0.6849,900000000,7527000000,20.5074,
000898.SZ,鞍钢股份,1998-10-26,1.0023,1.0123,0.9789,0.9889,1683000,0.561,888000000,7426640000,20.2339,
000898.SZ,鞍钢股份,1998-10-27,0.9956,0.999,0.9689,0.9789,2141700,0.7139,879000000,7351370000,20.0289,
000898.SZ,鞍钢股份,1998-10-28,0.9789,0.9956,0.9689,0.9889,1522900,0.5076,888000000,7426640000,20.2339,
000898.SZ,鞍钢股份,1998-10-29,0.9856,1.0023,0.9722,0.9722,1343000,0.4477,873000000,7301190000,19.8921,
000898.SZ,鞍钢股份,1998-10-30,0.9789,0.9822,0.9689,0.9756,1047700,0.3492,876000000,7326280000,19.9605,
000898.SZ,鞍钢股份,1998-11-02,0.9756,0.9756,0.9622,0.9655,1698600,0.5662,867000000,7251010000,19.7554,
000898.SZ,鞍钢股份,1998-11-03,0.9622,0.9956,0.9622,0.9789,1119100,0.373,879000000,7351370000,20.0289,
000898.SZ,鞍钢股份,1998-11-04,0.9789,0.9856,0.9689,0.9722,1099700,0.3666,873000000,7301190000,19.8921,
000898.SZ,鞍钢股份,1998-11-05,0.9822,0.9856,0.9722,0.9789,1070900,0.357,879000000,7351370000,20.0289,
000898.SZ,鞍钢股份,1998-11-06,0.9956,0.9956,0.9789,0.9856,1419400,0.4731,885000000,7401550000,20.1656,
000898.SZ,鞍钢股份,1998-11-09,0.9856,1.0324,0.9856,1.0157,2776000,0.9253,912000000,7627360000,20.7808,
000898.SZ,鞍钢股份,1998-11-10,1.009,1.0223,1.0056,1.009,2136200,0.7121,906000000,7577180000,20.6441,
000898.SZ,鞍钢股份,1998-11-11,1.0123,1.0157,0.9889,0.9923,1649800,0.5499,891000000,7451730000,20.3023,
000898.SZ,鞍钢股份,1998-11-12,0.9956,1.0023,0.9889,0.9923,1229000,0.4097,891000000,7451730000,20.3023,
000898.SZ,鞍钢股份,1998-11-13,0.9889,0.999,0.9689,0.9856,2307500,0.7692,885000000,7401550000,20.1656,
000898.SZ,鞍钢股份,1998-11-16,0.9856,0.999,0.9822,0.999,1594400,0.5315,897000000,7501910000,20.439,
000898.SZ,鞍钢股份,1998-11-17,0.999,1.0123,0.9923,0.9923,1615400,0.5385,891000000,7451730000,20.3023,
000898.SZ,鞍钢股份,1998-11-18,0.9889,1.0123,0.9889,1.0056,1889000,0.6297,903000000,7552090000,20.5757,
000898.SZ,鞍钢股份,1998-11-19,1.0023,1.0123,0.9889,0.9923,948800,0.3163,891000000,7451730000,20.3023,
000898.SZ,鞍钢股份,1998-11-20,0.999,0.999,0.9756,0.9822,1081500,0.3605,882000000,7376460000,20.0972,
000898.SZ,鞍钢股份,1998-11-23,0.9822,0.9889,0.9722,0.9822,833600,0.2779,882000000,7376460000,20.0972,
000898.SZ,鞍钢股份,1998-11-24,0.9822,0.9889,0.9756,0.9822,791900,0.264,882000000,7376460000,20.0972,
000898.SZ,鞍钢股份,1998-11-25,0.9789,0.9856,0.9689,0.9689,991700,0.3306,870000000,7276100000,19.8238,
000898.SZ,鞍钢股份,1998-11-26,0.9689,0.9756,0.9655,0.9689,1139700,0.3799,870000000,7276100000,19.8238,
000898.SZ,鞍钢股份,1998-11-27,0.9689,0.9789,0.9589,0.9622,988900,0.3296,864000000,7225920000,19.6871,
000898.SZ,鞍钢股份,1998-11-30,0.9655,0.9689,0.9488,0.9522,1653500,0.5512,855000000,7150650000,19.482,
000898.SZ,鞍钢股份,1998-12-01,0.9522,0.9589,0.9488,0.9555,911000,0.3037,858000000,7175740000,19.5503,
000898.SZ,鞍钢股份,1998-12-02,0.9555,0.9555,0.9422,0.9522,1271200,0.4237,855000000,7150650000,19.482,
000898.SZ,鞍钢股份,1998-12-03,0.9522,0.9722,0.9522,0.9555,647100,0.2157,858000000,7175740000,19.5503,
000898.SZ,鞍钢股份,1998-12-04,0.9589,0.9622,0.9455,0.9488,608500,0.2028,852000000,7125560000,19.4136,
000898.SZ,鞍钢股份,1998-12-07,0.9622,0.9722,0.9388,0.9455,731900,0.244,849000000,7100470000,19.3453,
000898.SZ,鞍钢股份,1998-12-08,0.9455,0.9756,0.9388,0.9689,1232200,0.4107,870000000,7276100000,19.8238,
000898.SZ,鞍钢股份,1998-12-09,0.9689,0.9956,0.9522,0.9822,2769500,0.9232,882000000,7376460000,20.0972,
000898.SZ,鞍钢股份,1998-12-10,0.9822,0.9856,0.9455,0.9555,1527400,0.5091,858000000,7175740000,19.5503,
000898.SZ,鞍钢股份,1998-12-11,0.9488,0.9822,0.9388,0.9756,1672400,0.5575,876000000,7326280000,19.9605,
000898.SZ,鞍钢股份,1998-12-14,0.9822,1.0023,0.9689,0.9756,2596100,0.8654,876000000,7326280000,19.9605,
000898.SZ,鞍钢股份,1998-12-15,0.9722,0.9756,0.9522,0.9756,1186600,0.3955,876000000,7326280000,19.9605,
000898.SZ,鞍钢股份,1998-12-16,0.9756,0.9822,0.9622,0.9622,927500,0.3092,864000000,7225920000,19.6871,
000898.SZ,鞍钢股份,1998-12-17,0.9622,0.9622,0.9455,0.9522,1302200,0.4341,855000000,7150650000,19.482,
000898.SZ,鞍钢股份,1998-12-18,0.9455,0.9722,0.9422,0.9555,1164800,0.3883,858000000,7175740000,19.5503,
000898.SZ,鞍钢股份,1998-12-21,0.9555,0.9923,0.9488,0.9856,2591800,0.8639,885000000,7401550000,20.1656,
000898.SZ,鞍钢股份,1998-12-22,0.9856,0.9956,0.9722,0.9956,2339300,0.7798,894000000,7476820000,20.3706,
000898.SZ,鞍钢股份,1998-12-23,0.9923,0.9923,0.9722,0.9756,1267400,0.4225,876000000,7326280000,19.9605,
000898.SZ,鞍钢股份,1998-12-24,0.9756,0.9856,0.9522,0.9756,818100,0.2727,876000000,7326280000,19.9605,
000898.SZ,鞍钢股份,1998-12-25,0.9756,0.9856,0.9689,0.9822,955000,0.3183,882000000,7376460000,20.0972,
000898.SZ,鞍钢股份,1998-12-28,0.9822,1.009,0.9822,0.9889,2854000,0.9513,888000000,7426640000,20.2339,
000898.SZ,鞍钢股份,1998-12-29,0.9822,0.9956,0.9689,0.9722,1195500,0.3985,873000000,7301190000,19.8921,
000898.SZ,鞍钢股份,1998-12-30,0.9689,0.9822,0.9555,0.9722,1387900,0.4626,873000000,7301190000,19.8921,
000898.SZ,鞍钢股份,1998-12-31,0.9689,0.9789,0.9622,0.9655,859000,0.2863,867000000,7251010000,19.7554,
000898.SZ,鞍钢股份,1999-01-04,0.9622,0.9689,0.9455,0.9488,949100,0.3164,852000000,7125560000,19.4136,
000898.SZ,鞍钢股份,1999-01-05,0.9555,0.9555,0.9288,0.9422,1230100,0.41,846000000,7075380000,19.2769,
000898.SZ,鞍钢股份,1999-01-06,0.9455,0.9655,0.9422,0.9589,1126600,0.3755,861000000,7200830000,19.6187,
000898.SZ,鞍钢股份,1999-01-07,0.9589,0.9622,0.9422,0.9488,664500,0.2215,852000000,7125560000,19.4136,
000898.SZ,鞍钢股份,1999-01-08,0.9488,0.9689,0.9488,0.9689,1144600,0.3815,870000000,7276100000,19.8238,
000898.SZ,鞍钢股份,1999-01-11,0.9689,1.0324,0.9655,1.009,8347000,2.7823,906000000,7577180000,20.6441,
000898.SZ,鞍钢股份,1999-01-12,1.009,1.009,0.9889,0.9956,2719200,0.9064,894000000,7476820000,20.3706,
000898.SZ,鞍钢股份,1999-01-13,0.9923,1.0324,0.9756,1.0157,6684900,2.2283,912000000,7627360000,20.7808,
000898.SZ,鞍钢股份,1999-01-14,1.0157,1.0357,0.999,1.0056,2961500,0.9872,903000000,7552090000,20.5757,
000898.SZ,鞍钢股份,1999-01-15,1.0023,1.029,0.9923,1.0157,3456700,1.1522,912000000,7627360000,20.7808,
000898.SZ,鞍钢股份,1999-01-18,1.019,1.029,1.0023,1.0056,2613000,0.871,903000000,7552090000,20.5757,
000898.SZ,鞍钢股份,1999-01-19,1.0056,1.019,0.9856,0.999,2640300,0.8801,897000000,7501910000,20.439,
000898.SZ,鞍钢股份,1999-01-20,0.999,1.0056,0.9856,0.9889,1429100,0.4764,888000000,7426640000,20.2339,
000898.SZ,鞍钢股份,1999-01-21,0.9889,1.0023,0.9756,0.9956,1919000,0.6397,894000000,7476820000,20.3706,
000898.SZ,鞍钢股份,1999-01-22,0.9956,1.0624,0.9856,1.0357,9259900,3.0866,930000000,7777900000,21.1909,
000898.SZ,鞍钢股份,1999-01-25,1.0324,1.0557,1.019,1.019,5125300,1.7084,915000000,7652450000,20.8491,
000898.SZ,鞍钢股份,1999-01-26,1.0157,1.029,0.999,1.009,2608100,0.8694,906000000,7577180000,20.6441,
000898.SZ,鞍钢股份,1999-01-27,1.009,1.0223,0.9956,1.0157,2011300,0.6704,912000000,7627360000,20.7808,
000898.SZ,鞍钢股份,1999-01-28,1.019,1.019,0.9923,0.9956,1464400,0.4881,894000000,7476820000,20.3706,
000898.SZ,鞍钢股份,1999-01-29,0.9923,0.9923,0.9789,0.9889,1714600,0.5715,888000000,7426640000,20.2339,
000898.SZ,鞍钢股份,1999-02-01,0.9789,0.9889,0.9689,0.9722,1583700,0.5279,873000000,7301190000,19.8921,
000898.SZ,鞍钢股份,1999-02-02,0.9689,0.9756,0.9655,0.9756,1164200,0.3881,876000000,7326280000,19.9605,
000898.SZ,鞍钢股份,1999-02-03,0.9789,0.9789,0.9622,0.9655,1281900,0.4273,867000000,7251010000,19.7554,
000898.SZ,鞍钢股份,1999-02-04,0.9622,0.9622,0.9488,0.9522,1566000,0.522,855000000,7150650000,19.482,
000898.SZ,鞍钢股份,1999-02-05,0.9488,0.9555,0.9388,0.9488,1821000,0.607,852000000,7125560000,19.4136,
000898.SZ,鞍钢股份,1999-02-08,0.9455,0.9488,0.9355,0.9388,1551900,0.5173,843000000,7050290000,19.2086,
000898.SZ,鞍钢股份,1999-02-09,0.9388,0.9555,0.9355,0.9522,1050000,0.35,855000000,7150650000,19.482,
000898.SZ,鞍钢股份,1999-03-01,0.9522,0.9822,0.9522,0.9689,709400,0.2365,870000000,7276100000,19.8238,
000898.SZ,鞍钢股份,1999-03-02,0.9722,0.9756,0.9555,0.9655,619200,0.2064,867000000,7251010000,19.7554,
000898.SZ,鞍钢股份,1999-03-03,0.9655,0.9923,0.9655,0.9756,1141100,0.3804,876000000,7326280000,19.9605,
000898.SZ,鞍钢股份,1999-03-04,0.9756,0.9756,0.9589,0.9689,1137300,0.3791,870000000,7276100000,19.8238,
000898.SZ,鞍钢股份,1999-03-05,0.9622,1.0257,0.9622,0.999,4830500,1.6102,897000000,7501910000,20.439,
000898.SZ,鞍钢股份,1999-03-08,1.0023,1.0157,0.9856,1.009,1677400,0.5591,906000000,7577180000,20.6441,
000898.SZ,鞍钢股份,1999-03-09,1.0123,1.0123,0.9889,0.9956,1317200,0.4391,894000000,7476820000,20.3706,
000898.SZ,鞍钢股份,1999-03-10,0.9923,1.0023,0.9822,0.9889,793300,0.2644,888000000,7426640000,20.2339,
000898.SZ,鞍钢股份,1999-03-11,0.999,1.0223,0.9856,0.9923,1626500,0.5422,891000000,7451730000,20.3023,
000898.SZ,鞍钢股份,1999-03-12,0.999,1.0257,0.999,1.0123,3009100,1.003,909000000,7602270000,20.7124,
000898.SZ,鞍钢股份,1999-03-15,1.0324,1.0658,1.0257,1.0491,12585500,4.1952,942000000,7878260000,21.4644,
000898.SZ,鞍钢股份,1999-03-16,1.0524,1.0691,1.0324,1.0658,5380400,1.7935,957000000,8003710000,21.8062,
000898.SZ,鞍钢股份,1999-03-17,1.0725,1.1693,1.0691,1.1192,26715200,8.9051,1005000000,8405150000,22.8999,
000898.SZ,鞍钢股份,1999-03-18,1.1025,1.1226,1.0557,1.0691,12698900,4.233,960000000,8028800000,21.8745,
000898.SZ,鞍钢股份,1999-03-19,1.0691,1.1059,1.0557,1.0825,10328200,3.4427,972000000,8129160000,22.1479,
000898.SZ,鞍钢股份,1999-03-22,1.0858,1.1092,1.0658,1.0892,5548900,1.8496,978000000,8179340000,22.2847,
000898.SZ,鞍钢股份,1999-03-23,1.1025,1.1326,1.0858,1.1125,5286200,1.7621,999000000,8354970000,22.7632,
000898.SZ,鞍钢股份,1999-03-24,1.1192,1.1226,1.0691,1.0825,3714800,1.2383,972000000,8129160000,22.1479,
000898.SZ,鞍钢股份,1999-03-25,1.0791,1.0825,1.0524,1.0524,2855200,0.9517,945000000,7903350000,21.5327,
000898.SZ,鞍钢股份,1999-03-26,1.0424,1.0691,1.039,1.0624,2354100,0.7847,954000000,7978620000,21.7378,
000898.SZ,鞍钢股份,1999-03-29,1.0624,1.0925,1.0557,1.0791,4347500,1.4492,969000000,8104070000,22.0796,
000898.SZ,鞍钢股份,1999-03-30,1.0858,1.0925,1.0457,1.0524,2897300,0.9658,945000000,7903350000,21.5327,
000898.SZ,鞍钢股份,1999-03-31,1.0491,1.0624,1.039,1.0557,1994600,0.6649,948000000,7928440000,21.6011,
000898.SZ,鞍钢股份,1999-04-01,1.0524,1.0557,1.0424,1.0524,2110400,0.7035,945000000,7903350000,21.5327,
000898.SZ,鞍钢股份,1999-04-02,1.0524,1.0658,1.0457,1.0591,3534200,1.1781,951000000,7953530000,21.6694,
000898.SZ,鞍钢股份,1999-04-05,1.0624,1.0658,1.0424,1.0557,4269100,1.423,948000000,7928440000,21.6011,
000898.SZ,鞍钢股份,1999-04-06,1.0557,1.0825,1.0491,1.0725,3183500,1.0612,963000000,8053890000,21.9429,
000898.SZ,鞍钢股份,1999-04-07,1.0758,1.1326,1.0758,1.0958,8911900,2.9706,984000000,8229520000,22.4214,
000898.SZ,鞍钢股份,1999-04-08,1.0958,1.1059,1.0691,1.0825,3389400,1.1298,972000000,8129160000,22.1479,
000898.SZ,鞍钢股份,1999-04-09,1.0825,1.1092,1.0591,1.0892,4603400,1.5345,978000000,8179340000,22.2847,
000898.SZ,鞍钢股份,1999-04-12,1.0858,1.1526,1.0825,1.1292,16140700,5.3802,1014000000,8480420000,23.105,
000898.SZ,鞍钢股份,1999-04-13,1.1259,1.1426,1.0892,1.0925,5793400,1.9311,981000000,8204430000,22.353,
000898.SZ,鞍钢股份,1999-04-14,1.0825,1.0992,1.0758,1.0791,2944300,0.9814,969000000,8104070000,22.0796,
000898.SZ,鞍钢股份,1999-04-15,1.0725,1.0858,1.0557,1.0591,4231000,1.4103,951000000,7953530000,21.6694,
000898.SZ,鞍钢股份,1999-04-16,1.0557,1.0691,1.0491,1.0524,2797700,0.9326,945000000,7903350000,21.5327,
000898.SZ,鞍钢股份,1999-04-19,1.0491,1.0524,1.0357,1.039,2708500,0.9028,933000000,7802990000,21.2593,
000898.SZ,鞍钢股份,1999-04-20,1.0357,1.0758,1.0357,1.0658,1999200,0.6664,957000000,8003710000,21.8062,
000898.SZ,鞍钢股份,1999-04-21,1.0658,1.0725,1.0324,1.0357,2577600,0.8592,930000000,7777900000,21.1909,
000898.SZ,鞍钢股份,1999-04-22,1.029,1.0357,0.9856,1.019,3841600,1.2805,915000000,7652450000,20.8491,
000898.SZ,鞍钢股份,1999-04-23,1.019,1.0491,1.0157,1.0357,2588100,0.8627,930000000,7777900000,21.1909,
000898.SZ,鞍钢股份,1999-04-26,1.0357,1.0624,1.0357,1.0424,3382500,1.1275,936000000,7828080000,21.3277,
000898.SZ,鞍钢股份,1999-04-27,1.0424,1.0524,0.9956,0.999,2621600,0.8739,897000000,7501910000,60.6092,
000898.SZ,鞍钢股份,1999-04-28,0.9956,1.0123,0.9622,0.9689,4143400,1.3811,870000000,7276100000,58.7849,
000898.SZ,鞍钢股份,1999-04-29,0.9655,0.9856,0.9555,0.9822,1726100,0.5754,882000000,7376460000,59.5957,
000898.SZ,鞍钢股份,1999-04-30,0.9889,0.9923,0.9756,0.9789,1496800,0.4989,879000000,7351370000,59.393,
000898.SZ,鞍钢股份,1999-05-04,0.9789,0.9856,0.9655,0.9689,1693400,0.5645,870000000,7276100000,58.7849,
000898.SZ,鞍钢股份,1999-05-05,0.9689,1.019,0.9622,0.9822,1815000,0.605,882000000,7376460000,59.5957,
000898.SZ,鞍钢股份,1999-05-06,0.9856,0.9956,0.9722,0.9889,897000,0.299,888000000,7426640000,60.0011,
000898.SZ,鞍钢股份,1999-05-07,0.9889,1.0123,0.9789,0.9923,1526300,0.5088,891000000,7451730000,60.2038,
000898.SZ,鞍钢股份,1999-05-10,0.9789,1.0023,0.9455,0.9589,2740200,0.9134,861000000,7200830000,58.1768,
000898.SZ,鞍钢股份,1999-05-11,0.9655,0.9889,0.9589,0.9889,1084800,0.3616,888000000,7426640000,60.0011,
000898.SZ,鞍钢股份,1999-05-12,0.9889,0.9889,0.9689,0.9756,966700,0.3222,876000000,7326280000,59.1903,
000898.SZ,鞍钢股份,1999-05-13,0.9756,0.9789,0.9622,0.9689,884700,0.2949,870000000,7276100000,58.7849,
000898.SZ,鞍钢股份,1999-05-14,0.9689,0.9689,0.9455,0.9488,1394300,0.4648,852000000,7125560000,57.5687,
000898.SZ,鞍钢股份,1999-05-17,0.9422,0.9589,0.9355,0.9455,885600,0.2952,849000000,7100470000,57.3659,
000898.SZ,鞍钢股份,1999-05-18,0.9455,0.9622,0.9388,0.9422,592300,0.1974,846000000,7075380000,57.1632,
000898.SZ,鞍钢股份,1999-05-19,0.9422,0.9722,0.9355,0.9722,1354300,0.4514,873000000,7301190000,58.9876,
000898.SZ,鞍钢股份,1999-05-20,0.9722,0.9856,0.9589,0.9822,2177400,0.7258,882000000,7376460000,59.5957,
000898.SZ,鞍钢股份,1999-05-21,0.9856,0.9889,0.9655,0.9756,2733900,0.9113,876000000,7326280000,59.1903,
000898.SZ,鞍钢股份,1999-05-24,0.9756,1.0491,0.9455,1.0157,7324900,2.4416,912000000,7627360000,61.6228,
000898.SZ,鞍钢股份,1999-05-25,1.0157,1.0424,0.9889,0.9923,6543000,2.181,891000000,7451730000,60.2038,
000898.SZ,鞍钢股份,1999-05-26,0.9856,1.0223,0.9789,0.999,3271800,1.0906,897000000,7501910000,60.6092,
000898.SZ,鞍钢股份,1999-05-27,1.0023,1.0524,0.999,1.0424,7903800,2.6346,936000000,7828080000,63.2444,
000898.SZ,鞍钢股份,1999-05-28,1.0557,1.0624,1.0157,1.0223,4961000,1.6537,918000000,7677540000,62.0282,
000898.SZ,鞍钢股份,1999-05-31,1.0223,1.0524,0.999,1.009,5801700,1.9339,906000000,7577180000,61.2174,
000898.SZ,鞍钢股份,1999-06-01,1.009,1.0257,1.0023,1.0257,3861400,1.2871,921000000,7702630000,62.2309,
000898.SZ,鞍钢股份,1999-06-02,1.029,1.0424,1.009,1.009,3988700,1.3296,906000000,7577180000,61.2174,
000898.SZ,鞍钢股份,1999-06-03,1.0023,1.019,0.9822,0.9956,3385700,1.1286,894000000,7476820000,60.4065,
000898.SZ,鞍钢股份,1999-06-04,0.9923,1.0023,0.9789,0.9822,2544100,0.848,882000000,7376460000,59.5957,
000898.SZ,鞍钢股份,1999-06-07,0.9856,1.0157,0.9722,1.0023,3514900,1.1716,900000000,7527000000,60.812,
000898.SZ,鞍钢股份,1999-06-08,1.0357,1.1025,1.0324,1.1025,12424900,4.1416,990000000,8279700000,66.8932,
000898.SZ,鞍钢股份,1999-06-09,1.1526,1.1526,1.0791,1.0958,24907300,8.3024,984000000,8229520000,66.4877,
000898.SZ,鞍钢股份,1999-06-10,1.1192,1.1927,1.0958,1.1226,17473900,5.8246,1008000000,8430240000,68.1094,
000898.SZ,鞍钢股份,1999-06-11,1.1226,1.1226,1.0858,1.1059,8800000,2.9333,993000000,8304790000,67.0959,
000898.SZ,鞍钢股份,1999-06-14,1.1192,1.186,1.1159,1.1794,16227600,5.4092,1059000000,8856770000,71.5554,
000898.SZ,鞍钢股份,1999-06-15,1.2027,1.2896,1.1226,1.146,31408100,10.4694,1029000000,8605870000,69.5283,
000898.SZ,鞍钢股份,1999-06-16,1.146,1.2362,1.146,1.2362,15209700,5.0699,1110000000,9283300000,75.0014,
000898.SZ,鞍钢股份,1999-06-17,1.2562,1.2796,1.2061,1.2428,16483800,5.4946,1116000000,9333480000,75.4068,
000898.SZ,鞍钢股份,1999-06-18,1.2529,1.2529,1.2027,1.2161,10115200,3.3717,1092000000,9132760000,73.7852,
000898.SZ,鞍钢股份,1999-06-21,1.2161,1.2362,1.1894,1.2328,8833600,2.9445,1107000000,9258210000,74.7987,
000898.SZ,鞍钢股份,1999-06-22,1.2362,1.2362,1.2027,1.2228,8721300,2.9071,1098000000,9182940000,74.1906,
000898.SZ,鞍钢股份,1999-06-23,1.2261,1.2696,1.2195,1.2629,13949000,4.6497,1134000000,9484020000,76.6231,
000898.SZ,鞍钢股份,1999-06-24,1.2696,1.2796,1.2295,1.2562,12154100,4.0514,1128000000,9433840000,76.2177,
000898.SZ,鞍钢股份,1999-06-25,1.2562,1.3297,1.2027,1.2128,22996700,7.6656,1089000000,9107670000,73.5825,
000898.SZ,鞍钢股份,1999-06-28,1.2128,1.2128,1.2128,1.2128,--,--,1089000000,9107670000,73.5825,
000898.SZ,鞍钢股份,1999-06-29,1.3297,1.333,1.3297,1.333,7158500,2.3862,1197000000,10010910000,80.8799,
000898.SZ,鞍钢股份,1999-06-30,1.4533,1.4533,1.3464,1.4032,41111200,13.7037,1260000000,10537800000,85.1367,
000898.SZ,鞍钢股份,1999-07-01,1.4032,1.4032,1.2629,1.2629,19996000,6.6653,1134000000,9484020000,76.6231,
000898.SZ,鞍钢股份,1999-07-02,1.2629,1.3364,1.2094,1.3197,13215100,4.405,1185000000,9910550000,80.0691,
000898.SZ,鞍钢股份,1999-07-05,1.3297,1.3999,1.313,1.333,12407000,4.1357,1197000000,10010910000,80.8799,
000898.SZ,鞍钢股份,1999-07-06,1.3364,1.3397,1.2428,1.2562,7006000,2.3353,1128000000,9433840000,76.2177,
000898.SZ,鞍钢股份,1999-07-07,1.2562,1.293,1.2328,1.2696,4302600,1.4342,1140000000,9534200000,77.0285,
000898.SZ,鞍钢股份,1999-07-08,1.2696,1.2829,1.2529,1.2662,3457800,1.1526,1137000000,9509110000,76.8258,
000898.SZ,鞍钢股份,1999-07-09,1.2696,1.2696,1.2462,1.2529,3260200,1.0867,1125000000,9408750000,76.0149,
000898.SZ,鞍钢股份,1999-07-12,1.2696,1.3698,1.2696,1.3063,12562700,4.1876,1173000000,9810190000,79.2582,
000898.SZ,鞍钢股份,1999-07-13,1.2963,1.2996,1.2395,1.2529,3058300,1.0194,1125000000,9408750000,76.0149,
000898.SZ,鞍钢股份,1999-07-14,1.2562,1.3197,1.2562,1.2863,3630300,1.2101,1155000000,9659650000,78.042,
000898.SZ,鞍钢股份,1999-07-15,1.2963,1.303,1.2629,1.2696,3060900,1.0203,1140000000,9534200000,77.0285,
000898.SZ,鞍钢股份,1999-07-16,1.2696,1.3097,1.2595,1.2729,5946800,1.9823,1143000000,9559290000,77.2312,
000898.SZ,鞍钢股份,1999-07-19,1.2796,1.2864,1.2291,1.2325,4559356,1.5198,1098000000,9182940000,74.1906,
000898.SZ,鞍钢股份,1999-07-20,1.2123,1.2796,1.1719,1.2695,7437200,2.4791,1131000000,9458930000,76.4204,
000898.SZ,鞍钢股份,1999-07-21,1.2796,1.2897,1.2359,1.2729,7300100,2.4334,1134000000,9484020000,76.6231,
000898.SZ,鞍钢股份,1999-07-22,1.2695,1.2763,1.1988,1.2089,5261200,1.7537,1077000000,9007310000,72.7716,
000898.SZ,鞍钢股份,1999-07-23,1.2123,1.2392,1.2056,1.2325,4242600,1.4142,1098000000,9182940000,74.1906,
000898.SZ,鞍钢股份,1999-07-26,1.2325,1.2325,1.1955,1.2123,3456100,1.152,1080000000,9032400000,72.9743,
000898.SZ,鞍钢股份,1999-07-27,1.2123,1.2258,1.1786,1.1921,4594300,1.5314,1062000000,8881860000,71.7581,
000898.SZ,鞍钢股份,1999-07-28,1.1955,1.2089,1.1786,1.1955,2749800,0.9166,1065000000,8906950000,71.9608,
000898.SZ,鞍钢股份,1999-07-29,1.2089,1.2291,1.1988,1.2089,3239200,1.0797,1077000000,9007310000,72.7716,
000898.SZ,鞍钢股份,1999-07-30,1.2123,1.219,1.1887,1.2056,2100500,0.7002,1074000000,8982220000,72.5689,
000898.SZ,鞍钢股份,1999-08-02,1.2123,1.2325,1.1955,1.2258,3535600,1.1785,1092000000,9132760000,73.7852,
000898.SZ,鞍钢股份,1999-08-03,1.2258,1.2325,1.2123,1.219,2247800,0.7493,1086000000,9082580000,73.3798,
000898.SZ,鞍钢股份,1999-08-04,1.2224,1.2527,1.2224,1.2493,4514100,1.5047,1113000000,9308390000,75.2041,
000898.SZ,鞍钢股份,1999-08-05,1.2561,1.2864,1.2493,1.2763,6154100,2.0514,1137000000,9509110000,76.8258,
000898.SZ,鞍钢股份,1999-08-06,1.2796,1.3268,1.2561,1.3167,13554800,4.5183,1173000000,9810190000,79.2582,
000898.SZ,鞍钢股份,1999-08-09,1.3302,1.3571,1.3133,1.3133,12591200,4.1971,1170000000,9785100000,79.0555,
000898.SZ,鞍钢股份,1999-08-10,1.3133,1.3133,1.2662,1.2729,5135700,1.7119,1134000000,9484020000,76.6231,
000898.SZ,鞍钢股份,1999-08-11,1.2662,1.2931,1.2493,1.2594,2670900,0.8903,1122000000,9383660000,75.8122,
000898.SZ,鞍钢股份,1999-08-12,1.2594,1.2796,1.2561,1.2729,2071200,0.6904,1134000000,9484020000,76.6231,
000898.SZ,鞍钢股份,1999-08-13,1.283,1.3066,1.2729,1.283,2487300,0.8291,1143000000,9559290000,77.2312,
000898.SZ,鞍钢股份,1999-08-16,1.2864,1.3302,1.283,1.3167,5896700,1.9656,1173000000,9810190000,79.2582,
000898.SZ,鞍钢股份,1999-08-17,1.3605,1.3638,1.3133,1.3201,7310100,2.4367,1176000000,9835280000,111.5048,
000898.SZ,鞍钢股份,1999-08-18,1.3201,1.3234,1.283,1.2965,2722600,0.9075,1155000000,9659650000,109.5136,
000898.SZ,鞍钢股份,1999-08-19,1.2864,1.3234,1.2864,1.3234,5331100,1.777,1179000000,9860370000,111.7892,
000898.SZ,鞍钢股份,1999-08-20,1.3302,1.3638,1.3066,1.3167,5269200,1.7564,1173000000,9810190000,111.2203,
000898.SZ,鞍钢股份,1999-08-23,1.3133,1.347,1.2931,1.3032,2294100,0.7647,1161000000,9709830000,110.0825,
000898.SZ,鞍钢股份,1999-08-24,1.3167,1.3975,1.3167,1.3807,22175500,7.3918,1230000000,10286900000,116.6249,
000898.SZ,鞍钢股份,1999-08-25,1.3807,1.3874,1.3537,1.3672,11002800,3.6676,1218000000,10186540000,115.4871,
000898.SZ,鞍钢股份,1999-08-26,1.3638,1.3807,1.3504,1.3706,4266500,1.4222,1221000000,10211630000,115.7716,
000898.SZ,鞍钢股份,1999-08-27,1.3773,1.3807,1.3369,1.347,6861600,2.2872,1200000000,10036000000,113.7804,
000898.SZ,鞍钢股份,1999-08-30,1.3504,1.3571,1.2931,1.2998,5505400,1.8351,1158000000,9684740000,109.7981,
000898.SZ,鞍钢股份,1999-08-31,1.2998,1.3369,1.2998,1.3201,3329400,1.1098,1176000000,9835280000,111.5048,
000898.SZ,鞍钢股份,1999-09-01,1.3201,1.3234,1.2931,1.2998,2495700,0.8319,1158000000,9684740000,109.7981,
000898.SZ,鞍钢股份,1999-09-02,1.2965,1.3167,1.2796,1.3133,2613700,0.8712,1170000000,9785100000,110.9359,
000898.SZ,鞍钢股份,1999-09-03,1.3133,1.3133,1.283,1.2897,1776300,0.5921,1149000000,9609470000,108.9447,
000898.SZ,鞍钢股份,1999-09-06,1.2864,1.2864,1.2695,1.2729,1608600,0.5362,1134000000,9484020000,107.5225,
000898.SZ,鞍钢股份,1999-09-07,1.2796,1.2931,1.2729,1.2763,1113600,0.3712,1137000000,9509110000,107.8069,
000898.SZ,鞍钢股份,1999-09-08,1.2864,1.3167,1.2796,1.2998,1763400,0.5878,1158000000,9684740000,109.7981,
000898.SZ,鞍钢股份,1999-09-09,1.3268,1.3773,1.31,1.3672,9088600,3.0295,1218000000,10186540000,115.4871,
000898.SZ,鞍钢股份,1999-09-10,1.3807,1.4143,1.3605,1.3638,11142500,3.7142,1215000000,10161450000,115.2027,
000898.SZ,鞍钢股份,1999-09-13,1.3638,1.3941,1.3638,1.3706,4358200,1.4527,1221000000,10211630000,115.7716,
000898.SZ,鞍钢股份,1999-09-14,1.3807,1.384,1.3504,1.3571,3278800,1.0929,1209000000,10111270000,114.6338,
000898.SZ,鞍钢股份,1999-09-15,1.3571,1.3638,1.3335,1.3403,3409500,1.1365,1194000000,9985820000,113.2115,
000898.SZ,鞍钢股份,1999-09-16,1.3504,1.3504,1.3335,1.3436,1803200,0.6011,1197000000,10010910000,113.4959,
000898.SZ,鞍钢股份,1999-09-17,1.347,1.3638,1.3369,1.347,2280500,0.7602,1200000000,10036000000,113.7804,
000898.SZ,鞍钢股份,1999-09-20,1.347,1.3605,1.3403,1.347,1496000,0.4987,1200000000,10036000000,113.7804,
000898.SZ,鞍钢股份,1999-09-21,1.3403,1.347,1.3302,1.3335,1441700,0.4806,1188000000,9935640000,112.6426,
000898.SZ,鞍钢股份,1999-09-22,1.3302,1.3436,1.3167,1.3201,1346000,0.4487,1176000000,9835280000,111.5048,
000898.SZ,鞍钢股份,1999-09-23,1.31,1.3201,1.2931,1.2965,2137600,0.7125,1155000000,9659650000,109.5136,
000898.SZ,鞍钢股份,1999-09-24,1.2965,1.3234,1.2965,1.3133,912300,0.3041,1170000000,9785100000,110.9359,
000898.SZ,鞍钢股份,1999-09-27,1.3133,1.3234,1.2864,1.2931,1709400,0.5698,1152000000,9634560000,109.2292,
000898.SZ,鞍钢股份,1999-09-28,1.2864,1.2998,1.2864,1.2897,1072800,0.3576,1149000000,9609470000,108.9447,
000898.SZ,鞍钢股份,1999-09-29,1.2897,1.3066,1.2864,1.2931,1142600,0.3809,1152000000,9634560000,109.2292,
000898.SZ,鞍钢股份,1999-09-30,1.2965,1.2965,1.2662,1.2695,2235200,0.7451,1131000000,9458930000,107.238,
000898.SZ,鞍钢股份,1999-10-08,1.2662,1.2662,1.2291,1.2392,1301000,0.4337,1104000000,9233120000,104.678,
000898.SZ,鞍钢股份,1999-10-11,1.2325,1.2493,1.2157,1.2291,788600,0.2629,1095000000,9157850000,103.8246,
000898.SZ,鞍钢股份,1999-10-12,1.246,1.246,1.2291,1.2392,487500,0.1625,1104000000,9233120000,104.678,
000898.SZ,鞍钢股份,1999-10-13,1.246,1.2527,1.2123,1.2157,754100,0.2514,1083000000,9057490000,102.6868,
000898.SZ,鞍钢股份,1999-10-14,1.2157,1.2359,1.1955,1.2056,763100,0.2544,1074000000,8982220000,101.8335,
000898.SZ,鞍钢股份,1999-10-15,1.2123,1.2392,1.2123,1.2291,1091500,0.3638,1095000000,9157850000,103.8246,
000898.SZ,鞍钢股份,1999-10-18,1.2359,1.2392,1.1955,1.1955,1204700,0.4016,1065000000,8906950000,100.9801,
000898.SZ,鞍钢股份,1999-10-19,1.1955,1.1955,1.1618,1.1618,1222600,0.4075,1035000000,8656050000,98.1356,
000898.SZ,鞍钢股份,1999-10-20,1.1652,1.1786,1.1449,1.1685,963300,0.3211,1041000000,8706230000,98.7045,
000898.SZ,鞍钢股份,1999-10-21,1.1685,1.1719,1.1315,1.1382,1252000,0.4173,1014000000,8480420000,96.1444,
000898.SZ,鞍钢股份,1999-10-22,1.1382,1.1786,1.1348,1.1652,1439000,0.4797,1038000000,8681140000,98.42,
000898.SZ,鞍钢股份,1999-10-25,1.1652,1.1652,1.1382,1.1449,710300,0.2368,1020000000,8530600000,96.7133,
000898.SZ,鞍钢股份,1999-10-26,1.1483,1.1652,1.1449,1.155,771700,0.2572,1029000000,8605870000,97.5667,
000898.SZ,鞍钢股份,1999-10-27,1.1652,1.246,1.1652,1.2224,2874600,0.9582,1089000000,9107670000,103.2557,
000898.SZ,鞍钢股份,1999-10-28,1.2258,1.2291,1.1921,1.2089,1600300,0.5334,1077000000,9007310000,102.1179,
000898.SZ,鞍钢股份,1999-10-29,1.2089,1.2224,1.182,1.1921,815800,0.2719,1062000000,8881860000,100.6957,
000898.SZ,鞍钢股份,1999-11-01,1.1921,1.1921,1.1921,1.1921,--,--,1062000000,8881860000,100.6957,
000898.SZ,鞍钢股份,1999-11-02,1.1854,1.1854,1.155,1.1652,430900,0.1436,1038000000,8681140000,98.42,
000898.SZ,鞍钢股份,1999-11-03,1.1618,1.1685,1.1449,1.155,851500,0.2838,1029000000,8605870000,97.5667,
000898.SZ,鞍钢股份,1999-11-04,1.1517,1.1618,1.1416,1.155,589300,0.1964,1029000000,8605870000,97.5667,
000898.SZ,鞍钢股份,1999-11-05,1.1618,1.1685,1.1483,1.1517,579100,0.193,1026000000,8580780000,97.2822,
000898.SZ,鞍钢股份,1999-11-08,1.1449,1.1584,1.1416,1.155,665800,0.2219,1029000000,8605870000,97.5667,
000898.SZ,鞍钢股份,1999-11-09,1.1618,1.1719,1.1449,1.1483,568000,0.1893,1023000000,8555690000,96.9978,
000898.SZ,鞍钢股份,1999-11-10,1.1483,1.1517,1.1281,1.1382,1538100,0.5127,1014000000,8480420000,96.1444,
000898.SZ,鞍钢股份,1999-11-11,1.1416,1.1887,1.1315,1.1449,1214400,0.4048,1020000000,8530600000,96.7133,
000898.SZ,鞍钢股份,1999-11-12,1.1449,1.1449,1.1281,1.1348,1078500,0.3595,1011000000,8455330000,95.86,
000898.SZ,鞍钢股份,1999-11-15,1.1348,1.1449,1.1113,1.118,1011200,0.3371,996000000,8329880000,94.4377,
000898.SZ,鞍钢股份,1999-11-16,1.1348,1.1382,1.1012,1.1079,1222400,0.4075,987000000,8254610000,93.5844,
000898.SZ,鞍钢股份,1999-11-17,1.1382,1.1854,1.1247,1.1517,2430800,0.8103,1026000000,8580780000,97.2822,
000898.SZ,鞍钢股份,1999-11-18,1.1618,1.1719,1.1348,1.155,2038500,0.6795,1029000000,8605870000,97.5667,
000898.SZ,鞍钢股份,1999-11-19,1.1584,1.182,1.1449,1.1517,1710900,0.5703,1026000000,8580780000,97.2822,
000898.SZ,鞍钢股份,1999-11-22,1.1483,1.155,1.1247,1.1247,1084600,0.3615,1002000000,8380060000,95.0066,
000898.SZ,鞍钢股份,1999-11-23,1.1247,1.1348,1.1113,1.1214,1008100,0.336,999000000,8354970000,94.7222,
000898.SZ,鞍钢股份,1999-11-24,1.1214,1.1315,1.1113,1.1214,547500,0.1825,999000000,8354970000,94.7222,
000898.SZ,鞍钢股份,1999-11-25,1.1113,1.1214,1.1079,1.1146,728400,0.2428,993000000,8304790000,94.1533,
000898.SZ,鞍钢股份,1999-11-26,1.1079,1.1214,1.1079,1.118,329000,0.1097,996000000,8329880000,94.4377,
000898.SZ,鞍钢股份,1999-11-29,1.1113,1.118,1.0944,1.1012,1102100,0.3674,981000000,8204430000,93.0155,
000898.SZ,鞍钢股份,1999-11-30,1.1012,1.1012,1.0944,1.0978,572600,0.1909,978000000,8179340000,92.731,
000898.SZ,鞍钢股份,1999-12-01,1.0978,1.1079,1.0608,1.0978,590500,0.1968,978000000,8179340000,92.731,
000898.SZ,鞍钢股份,1999-12-02,1.0978,1.1012,1.0776,1.081,989600,0.3299,963000000,8053890000,91.3088,
000898.SZ,鞍钢股份,1999-12-03,1.0843,1.0843,1.0608,1.0709,1521900,0.5073,954000000,7978620000,90.4554,
000898.SZ,鞍钢股份,1999-12-06,1.0675,1.0675,1.054,1.0574,914900,0.305,942000000,7878260000,89.3176,
000898.SZ,鞍钢股份,1999-12-07,1.054,1.0675,1.0507,1.0574,661300,0.2204,942000000,7878260000,89.3176,
000898.SZ,鞍钢股份,1999-12-08,1.0574,1.0776,1.0574,1.0675,435200,0.1451,951000000,7953530000,90.171,
000898.SZ,鞍钢股份,1999-12-09,1.0675,1.0709,1.0507,1.0574,417700,0.1392,942000000,7878260000,89.3176,
000898.SZ,鞍钢股份,1999-12-10,1.0574,1.0608,1.0507,1.0608,518645,0.1729,945000000,7903350000,89.6021,
000898.SZ,鞍钢股份,1999-12-13,1.0608,1.0675,1.0507,1.054,667100,0.2224,939000000,7853170000,89.0332,
000898.SZ,鞍钢股份,1999-12-14,1.054,1.081,1.0507,1.0709,959600,0.3199,954000000,7978620000,90.4554,
000898.SZ,鞍钢股份,1999-12-15,1.0641,1.0978,1.0608,1.0843,1346000,0.4487,966000000,8078980000,91.5932,
000898.SZ,鞍钢股份,1999-12-16,1.0776,1.0843,1.0608,1.0641,719000,0.2397,948000000,7928440000,89.8865,
000898.SZ,鞍钢股份,1999-12-17,1.0641,1.0641,1.0507,1.054,720700,0.2402,939000000,7853170000,89.0332,
000898.SZ,鞍钢股份,1999-12-21,1.0574,1.0574,1.0102,1.0338,928200,0.3094,921000000,7702630000,87.3265,
000898.SZ,鞍钢股份,1999-12-22,1.0305,1.0372,1.0203,1.0203,565500,0.1885,909000000,7602270000,86.1887,
000898.SZ,鞍钢股份,1999-12-23,1.0203,1.0203,1.0035,1.0069,754700,0.2516,897000000,7501910000,85.0508,
000898.SZ,鞍钢股份,1999-12-24,1.0069,1.0136,0.9968,0.9968,767500,0.2558,888000000,7426640000,84.1975,
000898.SZ,鞍钢股份,1999-12-27,0.9968,1.0069,0.9867,0.99,740700,0.2469,882000000,7376460000,83.6286,
000898.SZ,鞍钢股份,1999-12-28,0.9934,1.017,0.99,0.9968,702400,0.2341,888000000,7426640000,84.1975,
000898.SZ,鞍钢股份,1999-12-29,1.0001,1.0102,0.9766,1.0001,679500,0.2265,891000000,7451730000,84.4819,
000898.SZ,鞍钢股份,1999-12-30,1.0102,1.017,1.0035,1.0102,593300,0.1978,900000000,7527000000,85.3353,
000898.SZ,鞍钢股份,2000-01-04,1.0136,1.0338,1.0035,1.0305,2284700,0.7616,918000000,7677540000,87.042,
000898.SZ,鞍钢股份,2000-01-05,1.0237,1.0507,1.017,1.0237,1599000,0.533,912000000,7627360000,86.4731,
000898.SZ,鞍钢股份,2000-01-06,1.0203,1.0473,1.0136,1.0439,1893400,0.6311,930000000,7777900000,88.1798,
000898.SZ,鞍钢股份,2000-01-07,1.0473,1.0776,1.0473,1.0776,3386400,1.1288,960000000,8028800000,91.0243,
000898.SZ,鞍钢股份,2000-01-10,1.0877,1.0978,1.0608,1.0776,2920700,0.9736,960000000,8028800000,91.0243,
000898.SZ,鞍钢股份,2000-01-11,1.0776,1.081,1.0271,1.0406,2168900,0.723,927000000,7752810000,87.8954,
000898.SZ,鞍钢股份,2000-01-12,1.0271,1.0439,1.0069,1.0136,2018700,0.6729,903000000,7552090000,85.6198,
000898.SZ,鞍钢股份,2000-01-13,1.0203,1.0372,1.0001,1.017,2331300,0.7771,906000000,7577180000,85.9042,
000898.SZ,鞍钢股份,2000-01-14,1.0136,1.017,0.9934,0.9968,1454600,0.4849,888000000,7426640000,84.1975,
000898.SZ,鞍钢股份,2000-01-17,0.9968,1.0102,0.9867,1.0069,859600,0.2865,897000000,7501910000,85.0508,
000898.SZ,鞍钢股份,2000-01-18,1.0069,1.0271,1.0001,1.0035,785700,0.2619,894000000,7476820000,84.7664,
000898.SZ,鞍钢股份,2000-01-19,1.0035,1.0203,0.9968,1.0102,860000,0.2867,900000000,7527000000,85.3353,
000898.SZ,鞍钢股份,2000-01-20,1.0069,1.0102,1.0001,1.0102,1177400,0.3925,900000000,7527000000,85.3353,
000898.SZ,鞍钢股份,2000-01-21,1.0102,1.0102,0.99,0.9968,2276700,0.7589,888000000,7426640000,84.1975,
000898.SZ,鞍钢股份,2000-01-24,0.9968,1.0271,0.9698,1.0001,2116700,0.7056,891000000,7451730000,84.4819,
000898.SZ,鞍钢股份,2000-01-25,1.0035,1.0372,0.9799,1.0136,2847500,0.9492,903000000,7552090000,85.6198,
000898.SZ,鞍钢股份,2000-01-26,1.0102,1.0237,1.0001,1.0136,1831600,0.6105,903000000,7552090000,85.6198,
000898.SZ,鞍钢股份,2000-01-27,1.0271,1.0271,1.0035,1.0035,2221800,0.7406,894000000,7476820000,84.7664,
000898.SZ,鞍钢股份,2000-01-28,1.0035,1.0102,0.9799,1.0102,3331200,1.1104,900000000,7527000000,85.3353,
000898.SZ,鞍钢股份,2000-02-14,1.0641,1.1113,1.0439,1.1113,5409400,1.8031,990000000,8279700000,93.8688,
000898.SZ,鞍钢股份,2000-02-15,1.1281,1.1449,1.0608,1.0709,7200700,2.4002,954000000,7978620000,90.4554,
000898.SZ,鞍钢股份,2000-02-16,1.0641,1.0641,1.0102,1.0574,5813700,1.9379,942000000,7878260000,89.3176,
000898.SZ,鞍钢股份,2000-02-17,1.0574,1.1113,1.0271,1.0675,9337900,3.1126,951000000,7953530000,90.171,
000898.SZ,鞍钢股份,2000-02-18,1.0439,1.0608,1.0271,1.0305,3828600,1.2762,918000000,7677540000,87.042,
000898.SZ,鞍钢股份,2000-02-21,1.0305,1.0372,1.0136,1.0305,4725700,1.5752,918000000,7677540000,87.042,
000898.SZ,鞍钢股份,2000-02-22,1.0305,1.0507,1.0271,1.0271,2685000,0.895,915000000,7652450000,86.7576,
000898.SZ,鞍钢股份,2000-02-23,1.0203,1.0237,1.0069,1.0102,3232300,1.0774,900000000,7527000000,85.3353,
000898.SZ,鞍钢股份,2000-02-24,1.0102,1.0271,1.0069,1.0203,2260400,0.7535,909000000,7602270000,86.1887,
000898.SZ,鞍钢股份,2000-02-25,1.0203,1.0406,1.0035,1.017,2780900,0.927,906000000,7577180000,85.9042,
000898.SZ,鞍钢股份,2000-02-28,1.0102,1.0338,1.0102,1.0305,3917500,1.3058,918000000,7677540000,87.042,
000898.SZ,鞍钢股份,2000-02-29,1.0305,1.0406,1.0102,1.0338,4333200,1.4444,921000000,7702630000,87.3265,
000898.SZ,鞍钢股份,2000-03-01,1.0406,1.0574,1.0338,1.054,5377100,1.7924,939000000,7853170000,89.0332,
000898.SZ,鞍钢股份,2000-03-02,1.054,1.0641,1.0271,1.0439,3069900,1.0233,930000000,7777900000,88.1798,
000898.SZ,鞍钢股份,2000-03-03,1.0439,1.0507,1.0305,1.0439,3440900,1.147,930000000,7777900000,88.1798,
000898.SZ,鞍钢股份,2000-03-06,1.0439,1.0776,1.0439,1.0507,6771800,2.2573,936000000,7828080000,88.7487,
000898.SZ,鞍钢股份,2000-03-07,1.0439,1.1045,1.0406,1.0944,9757200,3.2524,975000000,8154250000,92.4466,
000898.SZ,鞍钢股份,2000-03-08,1.0944,1.0944,1.0473,1.0608,5579000,1.8597,945000000,7903350000,89.6021,
000898.SZ,鞍钢股份,2000-03-09,1.0641,1.0843,1.054,1.0843,5918600,1.9729,966000000,8078980000,91.5932,
000898.SZ,鞍钢股份,2000-03-10,1.0843,1.0978,1.0641,1.0709,7832500,2.6108,954000000,7978620000,90.4554,
000898.SZ,鞍钢股份,2000-03-13,1.0709,1.1012,1.0507,1.1012,8477100,2.8257,981000000,8204430000,93.0155,
000898.SZ,鞍钢股份,2000-03-14,1.0911,1.1012,1.054,1.0978,7085100,2.3617,978000000,8179340000,92.731,
000898.SZ,鞍钢股份,2000-03-15,1.0978,1.182,1.0877,1.1382,25655900,8.552,1014000000,8480420000,96.1444,
000898.SZ,鞍钢股份,2000-03-16,1.1382,1.1382,1.0877,1.1045,11522200,3.8407,984000000,8229520000,93.2999,
000898.SZ,鞍钢股份,2000-03-17,1.1012,1.1348,1.0944,1.1146,10693200,3.5644,993000000,8304790000,94.1533,
000898.SZ,鞍钢股份,2000-03-20,1.1146,1.1921,1.1079,1.1719,22810800,7.6036,1044000000,8731320000,98.9889,
000898.SZ,鞍钢股份,2000-03-21,1.1719,1.1719,1.1382,1.1584,7363100,2.4544,1032000000,8630960000,97.8511,
000898.SZ,鞍钢股份,2000-03-22,1.1584,1.1584,1.1146,1.1315,6721600,2.2405,1008000000,8430240000,95.5755,
000898.SZ,鞍钢股份,2000-03-23,1.1315,1.1584,1.1281,1.1382,4609100,1.5364,1014000000,8480420000,96.1444,
000898.SZ,鞍钢股份,2000-03-24,1.1449,1.1517,1.1012,1.1045,6676300,2.2254,984000000,8229520000,93.2999,
000898.SZ,鞍钢股份,2000-03-27,1.1045,1.1214,1.0877,1.1214,6623700,2.2079,999000000,8354970000,94.7222,
000898.SZ,鞍钢股份,2000-03-28,1.1281,1.1584,1.1281,1.1416,6650600,2.2169,1017000000,8505510000,96.4289,
000898.SZ,鞍钢股份,2000-03-29,1.1517,1.1584,1.1146,1.1382,4476600,1.4922,1014000000,8480420000,96.1444,
000898.SZ,鞍钢股份,2000-03-30,1.1382,1.1382,1.1382,1.1382,--,--,1014000000,8480420000,96.1444,
000898.SZ,鞍钢股份,2000-03-31,1.1382,1.1921,1.1315,1.1719,9380600,3.1269,1044000000,8731320000,98.9889,
000898.SZ,鞍钢股份,2000-04-03,1.1786,1.2123,1.1786,1.1786,8666700,2.8889,1050000000,8781500000,99.5578,
000898.SZ,鞍钢股份,2000-04-04,1.1753,1.1786,1.1348,1.1416,4507100,1.5024,1017000000,8505510000,96.4289,
000898.SZ,鞍钢股份,2000-04-05,1.1416,1.2056,1.1315,1.1753,8101100,2.7004,1047000000,8756410000,99.2734,
000898.SZ,鞍钢股份,2000-04-06,1.1786,1.1921,1.1685,1.1854,6206400,2.0688,1056000000,8831680000,100.1267,
000898.SZ,鞍钢股份,2000-04-07,1.1854,1.2561,1.1786,1.2325,18545800,6.1819,1098000000,9182940000,104.1091,
000898.SZ,鞍钢股份,2000-04-10,1.246,1.2796,1.2325,1.2729,13191800,4.3973,1134000000,9484020000,107.5225,
000898.SZ,鞍钢股份,2000-04-11,1.3807,1.3807,1.2628,1.2763,17044800,5.6816,1137000000,9509110000,32.6481,
000898.SZ,鞍钢股份,2000-04-12,1.2796,1.3167,1.2695,1.3133,13320400,4.4401,1170000000,9785100000,33.5956,
000898.SZ,鞍钢股份,2000-04-13,1.3201,1.4447,1.3201,1.4447,43350300,14.4501,1287000000,10763610000,36.9552,
000898.SZ,鞍钢股份,2000-04-14,1.4615,1.5827,1.4615,1.5457,74076500,24.6922,1377000000,11516310000,39.5395,
000898.SZ,鞍钢股份,2000-04-17,1.5389,1.5389,1.3908,1.4177,31055500,10.3518,1263000000,10562890000,36.2661,
000898.SZ,鞍钢股份,2000-04-18,1.4042,1.411,1.3403,1.3908,18114800,6.0383,1239000000,10362170000,35.5769,
000898.SZ,鞍钢股份,2000-04-19,1.3807,1.3807,1.3504,1.3706,10113600,3.3712,1221000000,10211630000,35.0601,
000898.SZ,鞍钢股份,2000-04-20,1.3706,1.448,1.3672,1.4009,12418800,4.1396,1248000000,10437440000,35.8354,
000898.SZ,鞍钢股份,2000-04-21,1.3975,1.3975,1.3504,1.3605,10720700,3.5736,1212000000,10136360000,34.8016,
000898.SZ,鞍钢股份,2000-04-24,1.3537,1.3975,1.3133,1.3504,9368400,3.1228,1203000000,10061090000,34.5432,
000898.SZ,鞍钢股份,2000-04-25,1.347,1.3941,1.3234,1.3773,8931900,2.9773,1227000000,10261810000,35.2324,
000898.SZ,鞍钢股份,2000-04-26,1.3739,1.3807,1.3504,1.3537,4967900,1.656,1206000000,10086180000,34.6294,
000898.SZ,鞍钢股份,2000-04-27,1.3672,1.3874,1.3403,1.3436,7376200,2.4587,1197000000,10010910000,34.3709,
000898.SZ,鞍钢股份,2000-04-28,1.3403,1.3403,1.3167,1.3335,6327000,2.109,1188000000,9935640000,34.1125,
000898.SZ,鞍钢股份,2000-05-08,1.3403,1.3706,1.3302,1.3672,5155100,1.7184,1218000000,10186540000,34.9739,
000898.SZ,鞍钢股份,2000-05-09,1.3706,1.3739,1.3302,1.3335,3237900,1.0793,1188000000,9935640000,34.1125,
000898.SZ,鞍钢股份,2000-05-10,1.3335,1.3369,1.2628,1.2662,4714800,1.5716,1128000000,9433840000,32.3896,
000898.SZ,鞍钢股份,2000-05-11,1.2594,1.2628,1.1955,1.2022,4722800,1.5743,1071000000,8957130000,30.7529,
000898.SZ,鞍钢股份,2000-05-12,1.1988,1.2325,1.1988,1.219,3818800,1.2729,1086000000,9082580000,31.1836,
000898.SZ,鞍钢股份,2000-05-15,1.2224,1.2258,1.1786,1.1854,2347200,0.7824,1056000000,8831680000,30.3222,
000898.SZ,鞍钢股份,2000-05-16,1.1854,1.2258,1.1786,1.219,2519800,0.8399,1086000000,9082580000,31.1836,
000898.SZ,鞍钢股份,2000-05-17,1.2291,1.2392,1.2123,1.2157,1806400,0.6021,1083000000,9057490000,31.0975,
000898.SZ,鞍钢股份,2000-05-18,1.219,1.3369,1.2056,1.3369,12477300,4.1591,1191000000,9960730000,34.1986,
000898.SZ,鞍钢股份,2000-05-19,1.3672,1.4076,1.347,1.3706,21047600,7.0159,1221000000,10211630000,35.0601,
000898.SZ,鞍钢股份,2000-05-22,1.3807,1.4143,1.3436,1.4143,15801000,5.267,1260000000,10537800000,36.1799,
000898.SZ,鞍钢股份,2000-05-23,1.4143,1.4312,1.384,1.4143,15398600,5.1329,1260000000,10537800000,36.1799,
000898.SZ,鞍钢股份,2000-05-24,1.4211,1.4817,1.4076,1.4447,27338100,9.1127,1287000000,10763610000,36.9552,
000898.SZ,鞍钢股份,2000-05-25,1.448,1.4581,1.4076,1.4244,12691800,4.2306,1269000000,10613070000,36.4384,
000898.SZ,鞍钢股份,2000-05-26,1.4312,1.5221,1.4009,1.4548,22947800,7.6493,1296000000,10838880000,37.2136,
000898.SZ,鞍钢股份,2000-05-29,1.475,1.5086,1.4682,1.4817,17849100,5.9497,1320000000,11039600000,37.9028,
000898.SZ,鞍钢股份,2000-05-30,1.4817,1.4918,1.4244,1.4312,11676000,3.892,1275000000,10663250000,36.6106,
000898.SZ,鞍钢股份,2000-05-31,1.4312,1.5154,1.4009,1.4884,18949600,6.3165,1326000000,11089780000,38.0751,
000898.SZ,鞍钢股份,2000-06-01,1.4884,1.4884,1.4884,1.4884,--,--,1326000000,11089780000,38.0751,
000898.SZ,鞍钢股份,2000-06-02,1.5322,1.6366,1.5322,1.6366,22216700,7.4056,1458000000,12193740000,41.8653,
000898.SZ,鞍钢股份,2000-06-05,1.7477,1.8016,1.5996,1.6669,100115600,33.3719,1485000000,12419550000,42.6406,
000898.SZ,鞍钢股份,2000-06-06,1.6332,1.6332,1.5019,1.5827,43375200,14.4584,1410000000,11792300000,40.4871,
000898.SZ,鞍钢股份,2000-06-07,1.5625,1.5827,1.5154,1.5356,20233200,6.7444,1368000000,11441040000,39.2811,
000898.SZ,鞍钢股份,2000-06-08,1.5255,1.5962,1.5086,1.5591,17784900,5.9283,1389000000,11616670000,39.8841,
000898.SZ,鞍钢股份,2000-06-09,1.5591,1.5692,1.5154,1.5255,10140100,3.38,1359000000,11365770000,39.0226,
000898.SZ,鞍钢股份,2000-06-12,1.512,1.512,1.4143,1.4884,11613400,3.8711,1326000000,11089780000,38.0751,
000898.SZ,鞍钢股份,2000-06-13,1.4918,1.5457,1.4918,1.5288,7487700,2.4959,1362000000,11390860000,39.1088,
000898.SZ,鞍钢股份,2000-06-14,1.5288,1.5457,1.4985,1.5154,7173600,2.3912,1350000000,11290500000,38.7642,
000898.SZ,鞍钢股份,2000-06-15,1.5154,1.5389,1.4985,1.5187,5808800,1.9363,1353000000,11315590000,38.8503,
000898.SZ,鞍钢股份,2000-06-16,1.5187,1.5322,1.4817,1.4918,7186800,2.3956,1329000000,11114870000,38.1612,
000898.SZ,鞍钢股份,2000-06-19,1.4884,1.5356,1.448,1.4952,5343100,1.781,1332000000,11139960000,38.2473,
000898.SZ,鞍钢股份,2000-06-20,1.4884,1.4884,1.4649,1.4716,3706600,1.2355,1311000000,10964330000,37.6443,
000898.SZ,鞍钢股份,2000-06-21,1.4682,1.4884,1.4682,1.4783,3176300,1.0588,1317000000,11014510000,37.8166,
000898.SZ,鞍钢股份,2000-06-22,1.4783,1.4985,1.4649,1.4952,4139800,1.3799,1332000000,11139960000,38.2473,
000898.SZ,鞍钢股份,2000-06-23,1.4985,1.5962,1.4985,1.5591,17050500,5.6835,1389000000,11616670000,39.8841,
000898.SZ,鞍钢股份,2000-06-26,1.5692,1.5962,1.5524,1.5692,9171000,3.057,1398000000,11691940000,40.1425,
000898.SZ,鞍钢股份,2000-06-27,1.576,1.6433,1.5692,1.6332,17091000,5.697,1455000000,12168650000,41.7792,
000898.SZ,鞍钢股份,2000-06-28,1.6433,1.7174,1.6164,1.6534,18738700,6.2462,1473000000,12319190000,42.2961,
000898.SZ,鞍钢股份,2000-06-29,1.6534,1.6602,1.5861,1.5895,8777900,2.926,1416000000,11842480000,40.6593,
000898.SZ,鞍钢股份,2000-06-30,1.5827,1.5895,1.5524,1.5625,5794800,1.9316,1392000000,11641760000,39.9702,
000898.SZ,鞍钢股份,2000-07-03,1.549,1.5996,1.5154,1.5591,6099400,2.0331,1389000000,11616670000,39.8841,
000898.SZ,鞍钢股份,2000-07-04,1.5558,1.5794,1.5322,1.5659,3802500,1.2675,1395000000,11666850000,40.0563,
000898.SZ,鞍钢股份,2000-07-05,1.5692,1.6299,1.5692,1.5827,5269600,1.7565,1410000000,11792300000,40.4871,
000898.SZ,鞍钢股份,2000-07-06,1.5996,1.6669,1.5996,1.6501,15396200,5.1321,1470000000,12294100000,42.2099,
000898.SZ,鞍钢股份,2000-07-07,1.6568,1.6703,1.6332,1.6501,12519000,4.173,1470000000,12294100000,42.2099,
000898.SZ,鞍钢股份,2000-07-10,1.6669,1.7477,1.6534,1.7444,22775100,7.5917,1554000000,12996620000,44.6219,
000898.SZ,鞍钢股份,2000-07-11,1.7511,1.7679,1.7006,1.7107,16498100,5.4994,1524000000,12745720000,43.7605,
000898.SZ,鞍钢股份,2000-07-12,1.7174,1.8521,1.7107,1.8454,29983300,9.9944,1644000000,13749320000,47.2062,
000898.SZ,鞍钢股份,2000-07-13,1.8521,1.9498,1.7612,1.7814,47305800,15.7686,1587000000,13272610000,45.5695,
000898.SZ,鞍钢股份,2000-07-14,1.7646,1.8117,1.6871,1.7848,17352300,5.7841,1590000000,13297700000,45.6556,
000898.SZ,鞍钢股份,2000-07-17,1.7848,1.8521,1.7477,1.8184,18296500,6.0988,1620000000,13548600000,46.517,
000898.SZ,鞍钢股份,2000-07-18,1.8252,1.9026,1.8252,1.9026,22764900,7.5883,1695000000,14175850000,48.6706,
000898.SZ,鞍钢股份,2000-07-19,1.9195,1.9329,1.8622,1.8892,15660200,5.2201,1683000000,14075490000,48.326,
000898.SZ,鞍钢股份,2000-07-20,1.8892,1.8993,1.8555,1.8757,10905800,3.6353,1671000000,13975130000,47.9815,
000898.SZ,鞍钢股份,2000-07-21,1.8757,1.8858,1.8555,1.8791,9181800,3.0606,1674000000,14000220000,48.0676,
000898.SZ,鞍钢股份,2000-07-24,1.8858,1.9296,1.8858,1.9161,15772100,5.2574,1707000000,14276210000,49.0152,
000898.SZ,鞍钢股份,2000-07-25,1.9161,1.9161,1.8521,1.8757,9516200,3.1721,1671000000,13975130000,47.9815,
000898.SZ,鞍钢股份,2000-07-26,1.8757,1.8925,1.8184,1.8858,14059600,4.6865,1680000000,14050400000,48.2399,
000898.SZ,鞍钢股份,2000-07-27,1.8858,1.8993,1.8386,1.8454,10221600,3.4072,1644000000,13749320000,47.2062,
000898.SZ,鞍钢股份,2000-07-28,1.8386,1.8589,1.8184,1.842,9002900,3.001,1641000000,13724230000,47.12,
000898.SZ,鞍钢股份,2000-07-31,1.8353,1.8386,1.7949,1.8083,8189100,2.7297,1611000000,13473330000,46.2586,
000898.SZ,鞍钢股份,2000-08-01,1.8016,1.8521,1.7949,1.8353,5240200,1.7467,1635000000,13674050000,46.9478,
000898.SZ,鞍钢股份,2000-08-02,1.8589,1.8858,1.842,1.8858,10956800,3.6523,1680000000,14050400000,48.2399,
000898.SZ,鞍钢股份,2000-08-03,1.8892,2.0104,1.8892,1.9464,33904800,11.3016,1734000000,14502020000,49.7905,
000898.SZ,鞍钢股份,2000-08-04,1.9464,1.9498,1.8723,1.8993,11507200,3.8357,1692000000,14150760000,48.5845,
000898.SZ,鞍钢股份,2000-08-07,1.8858,1.8993,1.8521,1.8959,6037000,2.0123,1689000000,14125670000,48.4983,
000898.SZ,鞍钢股份,2000-08-08,1.8892,1.9195,1.8858,1.9127,7024700,2.3416,1704000000,14251120000,48.929,
000898.SZ,鞍钢股份,2000-08-09,1.9161,1.9262,1.869,1.869,7499500,2.4998,1665000000,13924950000,47.8092,
000898.SZ,鞍钢股份,2000-08-10,1.8656,1.8656,1.8218,1.8285,8260800,2.7536,1629000000,13623870000,46.7755,
000898.SZ,鞍钢股份,2000-08-11,1.8218,1.8656,1.805,1.8521,5122900,1.7076,1650000000,13799500000,47.3785,
000898.SZ,鞍钢股份,2000-08-14,1.8521,1.8858,1.8285,1.8858,4840500,1.6135,1680000000,14050400000,48.2399,
000898.SZ,鞍钢股份,2000-08-15,1.9026,1.9026,1.8454,1.8454,3724200,1.2414,1644000000,13749320000,47.2062,
000898.SZ,鞍钢股份,2000-08-16,1.8454,1.8622,1.8353,1.8454,3720100,1.24,1644000000,13749320000,47.2062,
000898.SZ,鞍钢股份,2000-08-17,1.8521,1.8993,1.8521,1.8723,4859000,1.6197,1668000000,13950040000,30.7375,
000898.SZ,鞍钢股份,2000-08-18,1.8723,1.8791,1.8386,1.8521,4081700,1.3606,1650000000,13799500000,30.4058,
000898.SZ,鞍钢股份,2000-08-21,1.8521,1.8824,1.8184,1.869,6736100,2.2454,1665000000,13924950000,30.6822,
000898.SZ,鞍钢股份,2000-08-22,1.869,1.8959,1.8353,1.8386,6492900,2.1643,1638000000,13699140000,30.1846,
000898.SZ,鞍钢股份,2000-08-23,1.8184,1.8521,1.6837,1.8117,11930500,3.9768,1614000000,13498420000,29.7424,
000898.SZ,鞍钢股份,2000-08-24,1.8184,1.8757,1.7915,1.842,5117400,1.7058,1641000000,13724230000,30.2399,
000898.SZ,鞍钢股份,2000-08-25,1.8521,1.8521,1.8184,1.8353,3874600,1.2915,1635000000,13674050000,30.1293,
000898.SZ,鞍钢股份,2000-08-28,1.8353,1.8353,1.8016,1.8151,5119400,1.7065,1617000000,13523510000,29.7976,
000898.SZ,鞍钢股份,2000-08-29,1.8151,1.8454,1.7982,1.8285,5383900,1.7946,1629000000,13623870000,30.0188,
000898.SZ,鞍钢股份,2000-08-30,1.8353,1.8589,1.8117,1.8151,3594100,1.198,1617000000,13523510000,29.7976,
000898.SZ,鞍钢股份,2000-08-31,1.8016,1.8151,1.7275,1.7343,5903200,1.9677,1545000000,12921350000,28.4708,
000898.SZ,鞍钢股份,2000-09-01,1.7039,1.7511,1.6837,1.7006,4684800,1.5616,1515000000,12670450000,27.918,
000898.SZ,鞍钢股份,2000-09-04,1.6938,1.7107,1.6265,1.6837,5434300,1.8114,1500000000,12545000000,27.6416,
000898.SZ,鞍钢股份,2000-09-05,1.6837,1.7174,1.6501,1.6534,4130600,1.3769,1473000000,12319190000,27.144,
000898.SZ,鞍钢股份,2000-09-06,1.6433,1.6433,1.5389,1.5423,5039337,1.6798,1374000000,11491220000,25.3197,
000898.SZ,鞍钢股份,2000-09-07,1.5322,1.6164,1.5255,1.613,4694800,1.5649,1437000000,12018110000,26.4806,
000898.SZ,鞍钢股份,2000-09-08,1.6164,1.6332,1.5726,1.5996,3018400,1.0061,1425000000,11917750000,26.2595,
000898.SZ,鞍钢股份,2000-09-11,1.5996,1.6029,1.5187,1.5659,1622000,0.5407,1395000000,11666850000,25.7067,
000898.SZ,鞍钢股份,2000-09-12,1.5625,1.5827,1.5288,1.5827,3375200,1.1251,1410000000,11792300000,25.9831,
000898.SZ,鞍钢股份,2000-09-13,1.5827,1.6602,1.5692,1.64,5364600,1.7882,1461000000,12218830000,26.9229,
000898.SZ,鞍钢股份,2000-09-14,1.64,1.6635,1.6332,1.64,3231000,1.077,1461000000,12218830000,26.9229,
000898.SZ,鞍钢股份,2000-09-15,1.64,1.6433,1.5895,1.6063,2645300,0.8818,1431000000,11967930000,26.3701,
000898.SZ,鞍钢股份,2000-09-18,1.5827,1.5996,1.549,1.5659,2269300,0.7564,1395000000,11666850000,25.7067,
000898.SZ,鞍钢股份,2000-09-19,1.4312,1.4548,1.411,1.411,48116900,16.039,1257000000,10512710000,23.1637,
000898.SZ,鞍钢股份,2000-09-20,1.347,1.3941,1.3369,1.3807,32985200,10.9951,1230000000,10286900000,22.6661,
000898.SZ,鞍钢股份,2000-09-21,1.3807,1.4042,1.3638,1.3874,21509600,7.1699,1236000000,10337080000,22.7767,
000898.SZ,鞍钢股份,2000-09-22,1.3874,1.3874,1.3436,1.347,14359500,4.7865,1200000000,10036000000,22.1133,
000898.SZ,鞍钢股份,2000-09-25,1.3403,1.3436,1.2796,1.2965,15897900,5.2993,1155000000,9659650000,21.284,
000898.SZ,鞍钢股份,2000-09-26,1.2864,1.3234,1.2796,1.2897,13212200,4.4041,1149000000,9609470000,21.1735,
000898.SZ,鞍钢股份,2000-09-27,1.2998,1.3807,1.2965,1.3773,20904200,6.9681,1227000000,10261810000,22.6108,
000898.SZ,鞍钢股份,2000-09-28,1.3773,1.3807,1.347,1.3571,16341800,5.4473,1209000000,10111270000,22.2791,
000898.SZ,鞍钢股份,2000-09-29,1.3504,1.384,1.347,1.3773,12273000,4.091,1227000000,10261810000,22.6108,
000898.SZ,鞍钢股份,2000-10-09,1.3773,1.384,1.3537,1.3807,7115900,2.372,1230000000,10286900000,22.6661,
000898.SZ,鞍钢股份,2000-10-10,1.3807,1.4009,1.3739,1.4009,11702700,3.9009,1248000000,10437440000,22.9978,
000898.SZ,鞍钢股份,2000-10-11,1.4009,1.4042,1.3706,1.3773,9174100,3.058,1227000000,10261810000,22.6108,
000898.SZ,鞍钢股份,2000-10-12,1.3739,1.3773,1.3537,1.3605,8057400,2.6858,1212000000,10136360000,22.3344,
000898.SZ,鞍钢股份,2000-10-13,1.3605,1.3638,1.3436,1.347,11046200,3.6821,1200000000,10036000000,22.1133,
000898.SZ,鞍钢股份,2000-10-16,1.3403,1.3941,1.3234,1.3807,9763900,1.5714,2547552179,11604452179,25.5692,
000898.SZ,鞍钢股份,2000-10-17,1.3908,1.4345,1.3874,1.4278,37838400,6.0897,2634541765.6,12000701765.6,26.4423,
000898.SZ,鞍钢股份,2000-10-18,1.4278,1.4278,1.4278,1.4278,--,--,2634541765.6,12000701765.6,26.4423,
000898.SZ,鞍钢股份,2000-10-19,1.448,1.448,1.3874,1.3941,10910300,1.7559,2572406346.6,11717666346.6,25.8187,
000898.SZ,鞍钢股份,2000-10-20,1.3941,1.4278,1.3874,1.4076,9551100,1.5371,2597260514.2,11830880514.2,26.0681,
000898.SZ,鞍钢股份,2000-10-23,1.4143,1.4413,1.4009,1.4211,11710800,1.8847,2622114681.8,11944094681.8,26.3176,
000898.SZ,鞍钢股份,2000-10-24,1.4244,1.4312,1.4009,1.4278,7359400,1.1844,2634541765.6,12000701765.6,26.4423,
000898.SZ,鞍钢股份,2000-10-25,1.4312,1.4379,1.4143,1.4312,13971500,2.2486,2640755307.5,12029005307.5,26.5047,
000898.SZ,鞍钢股份,2000-10-26,1.4312,1.4345,1.4143,1.4177,6393700,1.029,2615901139.9,11915791139.9,26.2552,
000898.SZ,鞍钢股份,2000-10-27,1.4177,1.4244,1.4143,1.4177,5407300,0.8702,2615901139.9,11915791139.9,26.2552,
000898.SZ,鞍钢股份,2000-10-30,1.4177,1.4211,1.3908,1.4009,6923900,1.1143,2584833430.4,11774273430.4,25.9434,
000898.SZ,鞍钢股份,2000-10-31,1.4009,1.4447,1.3975,1.411,14012900,2.2552,2603474056.1,11859184056.1,26.1305,
000898.SZ,鞍钢股份,2000-11-01,1.411,1.411,1.3975,1.411,4443700,0.7152,2603474056.1,11859184056.1,26.1305,
000898.SZ,鞍钢股份,2000-11-02,1.4076,1.4312,1.4076,1.4177,8831400,1.4213,2615901139.9,11915791139.9,26.2552,
000898.SZ,鞍钢股份,2000-11-03,1.4177,1.4211,1.4042,1.4042,4522200,0.7278,2591046972.3,11802576972.3,26.0057,
000898.SZ,鞍钢股份,2000-11-06,1.4076,1.4143,1.4009,1.4076,4892700,0.7874,2597260514.2,11830880514.2,26.0681,
000898.SZ,鞍钢股份,2000-11-07,1.4076,1.4076,1.3941,1.4076,5908400,0.9509,2597260514.2,11830880514.2,26.0681,
000898.SZ,鞍钢股份,2000-11-08,1.4076,1.4177,1.3975,1.4042,5970600,0.9609,2591046972.3,11802576972.3,26.0057,
000898.SZ,鞍钢股份,2000-11-09,1.4076,1.4177,1.3941,1.4143,13123400,2.1121,2609687598,11887487598,26.1928,
000898.SZ,鞍钢股份,2000-11-10,1.4278,1.4278,1.411,1.4211,9150600,1.4727,2622114681.8,11944094681.8,26.3176,
000898.SZ,鞍钢股份,2000-11-13,1.4211,1.4413,1.4211,1.4379,21394400,3.4432,2653182391.3,12085612391.3,26.6294,
000898.SZ,鞍钢股份,2000-11-14,1.4413,1.4447,1.4211,1.4345,11637500,1.8729,2646968849.4,12057308849.4,26.567,
000898.SZ,鞍钢股份,2000-11-15,1.4345,1.5053,1.4345,1.4918,36564400,5.8846,2752599061.7,12538469061.7,27.6272,
000898.SZ,鞍钢股份,2000-11-16,1.4884,1.5053,1.4682,1.4985,21733000,3.4977,2765026145.5,12595076145.5,27.7519,
000898.SZ,鞍钢股份,2000-11-17,1.5019,1.5692,1.5019,1.5423,44092200,7.0961,2845802190.2,12963022190.2,28.5627,
000898.SZ,鞍钢股份,2000-11-20,1.549,1.5827,1.5389,1.5692,34049649,5.4799,2895510525.4,13189450525.4,29.0616,
000898.SZ,鞍钢股份,2000-11-21,1.576,1.5827,1.5322,1.5356,26046828,4.1919,2833375106.4,12906415106.4,28.4379,
000898.SZ,鞍钢股份,2000-11-22,1.5356,1.5389,1.5019,1.5288,15604549,2.5114,2820948022.6,12849808022.6,28.3132,
000898.SZ,鞍钢股份,2000-11-23,1.5322,1.549,1.5221,1.5288,14165372,2.2798,2820948022.6,12849808022.6,28.3132,
000898.SZ,鞍钢股份,2000-11-24,1.5322,1.5356,1.4615,1.475,18233535,2.9345,2721531352.2,12396951352.2,27.3154,
000898.SZ,鞍钢股份,2000-11-27,1.4649,1.4851,1.4345,1.4682,10122063,1.629,2709104268.4,12340344268.4,27.1907,
000898.SZ,鞍钢股份,2000-11-28,1.4682,1.4851,1.4649,1.4851,6974071,1.1224,2740171977.9,12481861977.9,27.5025,
000898.SZ,鞍钢股份,2000-11-29,1.4884,1.4884,1.4615,1.475,6278037,1.0104,2721531352.2,12396951352.2,27.3154,
000898.SZ,鞍钢股份,2000-11-30,1.475,1.4985,1.4615,1.4952,6721738,1.0818,2758812603.6,12566772603.6,27.6896,
000898.SZ,鞍钢股份,2000-12-01,1.4985,1.5288,1.4952,1.5221,11313470,1.8208,2808520938.8,12793200938.8,28.1885,
000898.SZ,鞍钢股份,2000-12-04,1.5322,1.5524,1.5255,1.5389,14146996,2.2768,2839588648.3,12934718648.3,28.5003,
000898.SZ,鞍钢股份,2000-12-05,1.5389,1.549,1.5154,1.5255,7077561,1.1391,2814734480.7,12821504480.7,28.2508,
000898.SZ,鞍钢股份,2000-12-06,1.5221,1.5255,1.4817,1.4884,7221100,1.1622,2746385519.8,12510165519.8,27.5648,
000898.SZ,鞍钢股份,2000-12-07,1.4817,1.5053,1.475,1.5053,5152706,0.8293,2777453229.3,12651683229.3,27.8767,
000898.SZ,鞍钢股份,2000-12-08,1.5086,1.5389,1.5053,1.5255,8242971,1.3266,2814734480.7,12821504480.7,28.2508,
000898.SZ,鞍钢股份,2000-12-11,1.5255,1.5389,1.4851,1.5086,6254307,1.0066,2783666771.2,12679986771.2,27.939,
000898.SZ,鞍钢股份,2000-12-12,1.5086,1.5457,1.4952,1.5053,15796317,2.5422,2777453229.3,12651683229.3,27.8767,
000898.SZ,鞍钢股份,2000-12-13,1.5019,1.5019,1.4716,1.4783,9272621,1.4923,2727744894.1,12425254894.1,27.3778,
000898.SZ,鞍钢股份,2000-12-14,1.4783,1.4817,1.4514,1.4581,6667865,1.0731,2690463642.7,12255433642.7,27.0036,
000898.SZ,鞍钢股份,2000-12-15,1.4514,1.4615,1.4312,1.4447,6476096,1.0423,2665609475.1,12142219475.1,26.7541,
000898.SZ,鞍钢股份,2000-12-18,1.4379,1.4514,1.4143,1.448,5222802,0.8406,2671823017,12170523017,26.8165,
000898.SZ,鞍钢股份,2000-12-19,1.448,1.4514,1.4345,1.4379,3368305,0.5421,2653182391.3,12085612391.3,26.6294,
000898.SZ,鞍钢股份,2000-12-20,1.4312,1.4379,1.4211,1.4379,4636564,0.7462,2653182391.3,12085612391.3,26.6294,
000898.SZ,鞍钢股份,2000-12-21,1.4379,1.4447,1.4345,1.4345,3945461,0.635,2646968849.4,12057308849.4,26.567,
000898.SZ,鞍钢股份,2000-12-22,1.4345,1.4379,1.4177,1.4244,4656332,0.7494,2628328223.7,11972398223.7,26.3799,
000898.SZ,鞍钢股份,2000-12-25,1.4244,1.4244,1.4076,1.4143,5168981,0.8319,2609687598,11887487598,26.1928,
000898.SZ,鞍钢股份,2000-12-26,1.4143,1.4312,1.4076,1.4312,3592910,0.5782,2640755307.5,12029005307.5,26.5047,
000898.SZ,鞍钢股份,2000-12-27,1.4312,1.4379,1.411,1.4143,5030000,0.8095,2609687598,11887487598,26.1928,
000898.SZ,鞍钢股份,2000-12-28,1.4143,1.4244,1.411,1.4211,2348769,0.378,2622114681.8,11944094681.8,26.3176,
000898.SZ,鞍钢股份,2000-12-29,1.4211,1.4312,1.4177,1.4278,3214557,0.4534,3005919723.44,12372079723.44,26.4423,
000898.SZ,鞍钢股份,2001-01-02,1.4312,1.4548,1.4312,1.448,3992241,0.5631,3048456323.3,12547156323.3,26.8165,
000898.SZ,鞍钢股份,2001-01-03,1.4581,1.4649,1.4278,1.4447,5575452,0.7864,3041366889.99,12517976889.99,26.7541,
000898.SZ,鞍钢股份,2001-01-04,1.4447,1.448,1.4312,1.4379,4811988,0.6788,3027188023.37,12459618023.37,27.4535,
000898.SZ,鞍钢股份,2001-01-05,1.4345,1.4345,1.4143,1.4244,9897344,1.3961,2998830290.13,12342900290.13,27.1963,
000898.SZ,鞍钢股份,2001-01-08,1.4312,1.475,1.4278,1.4716,12779080,1.8026,3098082356.47,12751412356.47,28.0964,
000898.SZ,鞍钢股份,2001-01-09,1.475,1.4884,1.4615,1.4716,7709190,1.0874,3098082356.47,12751412356.47,28.0964,
000898.SZ,鞍钢股份,2001-01-10,1.475,1.4851,1.4649,1.4783,7182775,1.0132,3112261223.09,12809771223.09,28.225,
000898.SZ,鞍钢股份,2001-01-11,1.4817,1.4851,1.4682,1.4682,6089895,0.859,3090992923.16,12722232923.16,28.0321,
000898.SZ,鞍钢股份,2001-01-12,1.4682,1.4952,1.4649,1.4817,8419537,1.1876,3119350656.4,12838950656.4,28.2893,
000898.SZ,鞍钢股份,2001-01-15,1.4851,1.4952,1.4345,1.4413,7024820,0.9909,3034277456.68,12488797456.68,27.5178,
000898.SZ,鞍钢股份,2001-01-16,1.4211,1.4851,1.4211,1.4716,6793649,0.9583,3098082356.47,12751412356.47,28.0964,
000898.SZ,鞍钢股份,2001-01-17,1.4817,1.4952,1.4716,1.4851,11344923,1.6003,3126440089.71,12868130089.71,28.3536,
000898.SZ,鞍钢股份,2001-01-18,1.4884,1.512,1.4851,1.5086,13515137,1.9064,3176066122.88,13072386122.88,28.8036,
000898.SZ,鞍钢股份,2001-01-19,1.5086,1.5187,1.5086,1.512,11930742,1.6829,3183155556.19,13101565556.19,28.8679,
000898.SZ,鞍钢股份,2001-02-05,1.5154,1.5255,1.4817,1.4884,8131696,1.147,3133529523.02,12897309523.02,28.4179,
000898.SZ,鞍钢股份,2001-02-06,1.4884,1.5154,1.4649,1.512,7608914,1.0733,3183155556.19,13101565556.19,28.8679,
000898.SZ,鞍钢股份,2001-02-07,1.5187,1.5591,1.5053,1.5457,25080252,3.5377,3254049889.29,13393359889.29,29.5109,
000898.SZ,鞍钢股份,2001-02-08,1.5457,1.5558,1.5019,1.512,15765034,2.2237,3183155556.19,13101565556.19,28.8679,
000898.SZ,鞍钢股份,2001-02-09,1.512,1.549,1.512,1.5457,17845418,2.5172,3254049889.29,13393359889.29,29.5109,
000898.SZ,鞍钢股份,2001-02-12,1.549,1.6265,1.5389,1.6063,54470074,7.6833,3381659688.87,13918589688.87,30.6682,
000898.SZ,鞍钢股份,2001-02-13,1.6097,1.6265,1.5895,1.613,31617480,4.4598,3395838555.49,13976948555.49,30.7967,
000898.SZ,鞍钢股份,2001-02-14,1.613,1.613,1.5827,1.5928,15648742,2.2073,3353301955.63,13801871955.63,30.411,
000898.SZ,鞍钢股份,2001-02-15,1.5928,1.5996,1.5558,1.5928,18878269,2.6629,3353301955.63,13801871955.63,30.411,
000898.SZ,鞍钢股份,2001-02-16,1.5895,1.5895,1.5558,1.576,11435659,1.6131,3317854789.08,13655974789.08,30.0895,
000898.SZ,鞍钢股份,2001-02-19,1.576,1.576,1.5558,1.5692,10742672,1.5153,3303675922.46,13597615922.46,29.9609,
000898.SZ,鞍钢股份,2001-02-20,1.5692,1.613,1.5625,1.5794,16181508,2.2825,3324944222.39,13685154222.39,30.1538,
000898.SZ,鞍钢股份,2001-02-21,1.5794,1.5827,1.5322,1.549,12836730,1.8107,3261139322.6,13422539322.6,29.5752,
000898.SZ,鞍钢股份,2001-02-22,1.5423,1.549,1.5187,1.5322,6791317,0.9579,3225692156.05,13276642156.05,29.2537,
000898.SZ,鞍钢股份,2001-02-23,1.5322,1.5726,1.5288,1.5659,7437518,1.0491,3296586489.15,13568436489.15,29.8966,
000898.SZ,鞍钢股份,2001-02-26,1.5692,1.5962,1.5625,1.5827,9235971,1.3028,3332033655.7,13714333655.7,30.2181,
000898.SZ,鞍钢股份,2001-02-27,1.5827,1.5895,1.5524,1.5692,6770948,0.9551,3303675922.46,13597615922.46,29.9609,
000898.SZ,鞍钢股份,2001-02-28,1.5692,1.5726,1.549,1.5558,4154228,0.586,3275318189.22,13480898189.22,29.7037,
000898.SZ,鞍钢股份,2001-03-01,1.5524,1.5861,1.549,1.5794,8253154,1.1641,3324944222.39,13685154222.39,30.1538,
000898.SZ,鞍钢股份,2001-03-02,1.5827,1.5928,1.576,1.5794,6971694,0.9834,3324944222.39,13685154222.39,30.1538,
000898.SZ,鞍钢股份,2001-03-05,1.5827,1.5861,1.5692,1.576,4873570,0.6874,3317854789.08,13655974789.08,30.0895,
000898.SZ,鞍钢股份,2001-03-06,1.576,1.5996,1.576,1.5962,9514755,1.3421,3360391388.94,13831051388.94,30.4753,
000898.SZ,鞍钢股份,2001-03-07,1.5962,1.5996,1.5827,1.5895,6328636,0.8927,3346212522.32,13772692522.32,30.3467,
000898.SZ,鞍钢股份,2001-03-08,1.5895,1.5928,1.5659,1.5794,6747769,0.9518,3324944222.39,13685154222.39,30.1538,
000898.SZ,鞍钢股份,2001-03-09,1.576,1.5794,1.5524,1.5591,8431480,1.1893,3282407622.53,13510077622.53,29.768,
000898.SZ,鞍钢股份,2001-03-12,1.5558,1.5591,1.5356,1.5524,8448661,1.1917,3268228755.91,13451718755.91,29.6395,
000898.SZ,鞍钢股份,2001-03-13,1.549,1.5591,1.5423,1.5457,4350064,0.6136,3254049889.29,13393359889.29,29.5109,
000898.SZ,鞍钢股份,2001-03-14,1.5457,1.5692,1.5356,1.5558,4938315,0.6966,3275318189.22,13480898189.22,29.7037,
000898.SZ,鞍钢股份,2001-03-15,1.5558,1.576,1.5423,1.5659,5792884,0.8171,3296586489.15,13568436489.15,29.8966,
000898.SZ,鞍钢股份,2001-03-16,1.5659,1.5659,1.5457,1.549,4573374,0.6451,3261139322.6,13422539322.6,29.5752,
000898.SZ,鞍钢股份,2001-03-19,1.549,1.5827,1.5356,1.5625,6587119,0.9291,3289497055.84,13539257055.84,29.8323,
000898.SZ,鞍钢股份,2001-03-20,1.5692,1.5726,1.5524,1.5591,4934275,0.696,3282407622.53,13510077622.53,29.768,
000898.SZ,鞍钢股份,2001-03-21,1.576,1.5895,1.5692,1.5827,9106969,1.2846,3332033655.7,13714333655.7,28.0028,
000898.SZ,鞍钢股份,2001-03-22,1.5895,1.6265,1.576,1.6164,25957332,3.6614,3402927988.8,14006127988.8,28.5986,
000898.SZ,鞍钢股份,2001-03-23,1.6299,1.6366,1.5928,1.5962,18648869,2.6305,3360391388.94,13831051388.94,28.2411,
000898.SZ,鞍钢股份,2001-03-26,1.5962,1.6231,1.5895,1.6198,14528354,2.0493,3410017422.11,14035307422.11,28.6582,
000898.SZ,鞍钢股份,2001-03-27,1.6231,1.6299,1.6063,1.6164,7644257,1.0783,3402927988.8,14006127988.8,28.5986,
000898.SZ,鞍钢股份,2001-03-28,1.6198,1.6198,1.5962,1.5962,8947211,1.262,3360391388.94,13831051388.94,28.2411,
000898.SZ,鞍钢股份,2001-03-29,1.5996,1.6097,1.5861,1.6029,8233651,1.1614,3374570255.56,13889410255.56,28.3603,
000898.SZ,鞍钢股份,2001-03-30,1.6029,1.6029,1.5861,1.5928,5164459,0.7026,3476888289.6,13925458289.6,28.1815,
000898.SZ,鞍钢股份,2001-04-02,1.5928,1.6231,1.5861,1.6164,11729976,1.5958,3528343296,14131543296,28.5986,
000898.SZ,鞍钢股份,2001-04-03,1.6164,1.6198,1.5962,1.613,8291000,1.1279,3520992580.8,14102102580.8,28.539,
000898.SZ,鞍钢股份,2001-04-04,1.613,1.6534,1.6029,1.6332,30604407,4.1635,3565096872,14278746872,29.1552,
000898.SZ,鞍钢股份,2001-04-05,1.6299,1.6433,1.6164,1.6366,7473683,1.0167,3572447587.2,14308187587.2,29.2153,
000898.SZ,鞍钢股份,2001-04-06,1.64,1.6534,1.6332,1.64,10922606,1.4859,3579798302.4,14337628302.4,29.2755,
000898.SZ,鞍钢股份,2001-04-09,1.6501,1.6635,1.64,1.6568,9612200,1.3077,3616551878.4,14484831878.4,29.576,
000898.SZ,鞍钢股份,2001-04-10,1.6602,1.6635,1.6433,1.6467,5734976,0.7802,3594499732.8,14396509732.8,29.3957,
000898.SZ,鞍钢股份,2001-04-11,1.6501,1.6602,1.6433,1.6433,6715503,0.9136,3587149017.6,14367069017.6,29.3356,
000898.SZ,鞍钢股份,2001-04-12,1.6433,1.6501,1.6164,1.6265,7008714,0.9535,3550395441.6,14219865441.6,29.035,
000898.SZ,鞍钢股份,2001-04-13,1.6265,1.6265,1.6097,1.6164,5762735,0.784,3528343296,14131543296,28.8547,
000898.SZ,鞍钢股份,2001-04-16,1.6164,1.6231,1.6063,1.6198,7804180,1.0617,3535694011.2,14160984011.2,28.9148,
000898.SZ,鞍钢股份,2001-04-17,1.6164,1.6231,1.6097,1.613,7257287,0.9873,3520992580.8,14102102580.8,28.7946,
000898.SZ,鞍钢股份,2001-04-18,1.613,1.6164,1.6029,1.6063,6319606,0.8597,3506291150.4,14043221150.4,28.6743,
000898.SZ,鞍钢股份,2001-04-19,1.6063,1.6063,1.5861,1.5895,7184558,0.9774,3469537574.4,13896017574.4,28.3738,
000898.SZ,鞍钢股份,2001-04-20,1.5895,1.6029,1.5861,1.5861,5431608,0.7389,3462186859.2,13866576859.2,28.3136,
000898.SZ,鞍钢股份,2001-04-23,1.5827,1.5827,1.549,1.5591,7418560,1.0092,3403381137.6,13631051137.6,27.8327,
000898.SZ,鞍钢股份,2001-04-24,1.5591,1.5928,1.5591,1.5895,4491200,0.611,3469537574.4,13896017574.4,28.3738,
000898.SZ,鞍钢股份,2001-04-25,1.5895,1.5895,1.5524,1.5558,4808494,0.6542,3396030422.4,13601610422.4,27.7726,
000898.SZ,鞍钢股份,2001-04-26,1.5558,1.5659,1.5423,1.5423,4748114,0.6459,3366627561.6,13483847561.6,27.5322,
000898.SZ,鞍钢股份,2001-04-27,1.5423,1.5827,1.5423,1.5692,4841835,0.6587,3425433283.2,13719373283.2,28.0131,
000898.SZ,鞍钢股份,2001-04-30,1.5692,1.6029,1.5591,1.5928,6326100,0.8606,3476888289.6,13925458289.6,28.4339,
000898.SZ,鞍钢股份,2001-05-08,1.5827,1.5928,1.5692,1.576,1697614,0.2309,3440134713.6,13778254713.6,28.1333,
000898.SZ,鞍钢股份,2001-05-09,1.5726,1.576,1.5524,1.5591,2474319,0.3366,3403381137.6,13631051137.6,27.8327,
000898.SZ,鞍钢股份,2001-05-10,1.5591,1.5659,1.5524,1.5591,1961900,0.2669,3403381137.6,13631051137.6,27.8327,
000898.SZ,鞍钢股份,2001-05-11,1.5591,1.5659,1.5423,1.5524,3857455,0.5248,3388679707.2,13572169707.2,27.7125,
000898.SZ,鞍钢股份,2001-05-14,1.5524,1.5558,1.5423,1.5524,4155638,0.5653,3388679707.2,13572169707.2,27.7125,
000898.SZ,鞍钢股份,2001-05-15,1.5558,1.5827,1.5524,1.5659,3093130,0.4208,3418082568,13689932568,27.953,
000898.SZ,鞍钢股份,2001-05-16,1.5659,1.5659,1.5659,1.5659,--,--,3418082568,13689932568,27.953,
000898.SZ,鞍钢股份,2001-05-17,1.5692,1.5827,1.5659,1.576,3976030,0.5409,3440134713.6,13778254713.6,28.1333,
000898.SZ,鞍钢股份,2001-05-18,1.576,1.5895,1.5659,1.5861,8958362,1.2187,3462186859.2,13866576859.2,28.3136,
000898.SZ,鞍钢股份,2001-05-21,1.5861,1.5861,1.5659,1.576,5153073,0.701,3440134713.6,13778254713.6,28.1333,
000898.SZ,鞍钢股份,2001-05-22,1.576,1.5794,1.5625,1.5692,5516056,0.7504,3425433283.2,13719373283.2,28.0131,
000898.SZ,鞍钢股份,2001-05-23,1.5692,1.5692,1.5457,1.5524,3759169,0.5114,3388679707.2,13572169707.2,27.7125,
000898.SZ,鞍钢股份,2001-05-24,1.5524,1.5558,1.5423,1.5457,3578269,0.4868,3373978276.8,13513288276.8,27.5923,
000898.SZ,鞍钢股份,2001-05-25,1.5423,1.5457,1.5187,1.5322,4807556,0.654,3344575416,13395525416,27.3518,
000898.SZ,鞍钢股份,2001-05-28,1.5288,1.5288,1.5019,1.5053,4488674,0.6106,3285769694.4,13159999694.4,26.8709,
000898.SZ,鞍钢股份,2001-05-29,1.5019,1.5356,1.4985,1.5187,2910132,0.3959,3315172555.2,13277762555.2,27.1114,
000898.SZ,鞍钢股份,2001-05-30,1.5187,1.5457,1.5154,1.5423,2637060,0.3587,3366627561.6,13483847561.6,27.5322,
000898.SZ,鞍钢股份,2001-05-31,1.549,1.576,1.5389,1.576,6153912,0.8372,3440134713.6,13778254713.6,28.1333,
000898.SZ,鞍钢股份,2001-06-01,1.576,1.5827,1.549,1.549,3618265,0.4922,3381328992,13542728992,27.6524,
000898.SZ,鞍钢股份,2001-06-04,1.5558,1.576,1.5288,1.5591,3778466,0.514,3403381137.6,13631051137.6,27.8327,
000898.SZ,鞍钢股份,2001-06-05,1.5659,1.5692,1.5356,1.5356,2579461,0.3509,3351926131.2,13424966131.2,27.4119,
000898.SZ,鞍钢股份,2001-06-06,1.549,1.5659,1.5423,1.5457,3186516,0.4335,3373978276.8,13513288276.8,27.5923,
000898.SZ,鞍钢股份,2001-06-07,1.5457,1.5558,1.5356,1.549,4029900,0.5482,3381328992,13542728992,27.6524,
000898.SZ,鞍钢股份,2001-06-08,1.549,1.5558,1.5389,1.5524,2882059,0.3921,3388679707.2,13572169707.2,27.7125,
000898.SZ,鞍钢股份,2001-06-11,1.5389,1.5524,1.5356,1.549,3600771,0.4899,3381328992,13542728992,27.6524,
000898.SZ,鞍钢股份,2001-06-12,1.5457,1.5524,1.5356,1.549,3122850,0.4248,3381328992,13542728992,27.6524,
000898.SZ,鞍钢股份,2001-06-13,1.549,1.5524,1.5389,1.5524,4051136,0.5511,3388679707.2,13572169707.2,27.7125,
000898.SZ,鞍钢股份,2001-06-14,1.549,1.576,1.5423,1.5457,4514735,0.6142,3373978276.8,13513288276.8,27.5923,
000898.SZ,鞍钢股份,2001-06-15,1.5457,1.5524,1.5389,1.549,2754890,0.3748,3381328992,13542728992,27.6524,
000898.SZ,鞍钢股份,2001-06-18,1.5457,1.549,1.5154,1.5221,3180989,0.4327,3322523270.4,13307203270.4,27.1715,
000898.SZ,鞍钢股份,2001-06-19,1.5221,1.549,1.5154,1.549,2493579,0.3392,3381328992,13542728992,27.6524,
000898.SZ,鞍钢股份,2001-06-20,1.5457,1.5457,1.5221,1.5255,1594238,0.2169,3329873985.6,13336643985.6,27.2316,
000898.SZ,鞍钢股份,2001-06-21,1.5288,1.5558,1.5288,1.5457,2166566,0.2947,3373978276.8,13513288276.8,27.5923,
000898.SZ,鞍钢股份,2001-06-22,1.5491,1.5938,1.5457,1.5835,6859535,0.9332,3388679707.2,13572169707.2,27.7125,
000898.SZ,鞍钢股份,2001-06-25,1.5869,1.6247,1.5732,1.6144,14543368,1.9785,3454836144,13837136144,28.2535,
000898.SZ,鞍钢股份,2001-06-26,1.6178,1.6178,1.5972,1.6006,5897976,0.8024,3425433283.2,13719373283.2,28.0131,
000898.SZ,鞍钢股份,2001-06-27,1.5972,1.7621,1.5972,1.7346,17582945,2.392,3712111176,14867561176,30.3575,
000898.SZ,鞍钢股份,2001-06-28,1.6831,1.7174,1.6453,1.6556,41517298,5.6481,3543044726.4,14190424726.4,28.9749,
000898.SZ,鞍钢股份,2001-06-29,1.6487,1.6556,1.6144,1.6212,11525664,1.5519,3505491891.2,13931971891.2,28.3738,
000898.SZ,鞍钢股份,2001-07-02,1.6178,1.6419,1.6144,1.6247,8437287,1.136,3512918780.8,13961488780.8,28.4339,
000898.SZ,鞍钢股份,2001-07-03,1.6212,1.6315,1.6075,1.6212,4444979,0.5985,3505491891.2,13931971891.2,28.3738,
000898.SZ,鞍钢股份,2001-07-04,1.6247,1.6281,1.5972,1.5972,4579235,0.6166,3453503664,13725353664,28.0253,
000898.SZ,鞍钢股份,2001-07-05,1.5972,1.6006,1.5663,1.5766,5805331,0.7817,3408942326.4,13548252326.4,27.6637,
000898.SZ,鞍钢股份,2001-07-06,1.5766,1.58,1.5594,1.5697,3153174,0.4246,3394088547.2,13489218547.2,27.5431,
000898.SZ,鞍钢股份,2001-07-09,1.5629,1.58,1.5594,1.5697,2484644,0.3345,3394088547.2,13489218547.2,27.5431,
000898.SZ,鞍钢股份,2001-07-10,1.5732,1.6006,1.5697,1.5972,2389101,0.3217,3453503664,13725353664,28.0253,
000898.SZ,鞍钢股份,2001-07-11,1.5972,1.6006,1.5732,1.5972,2923376,0.3936,3453503664,13725353664,28.0253,
000898.SZ,鞍钢股份,2001-07-12,1.5938,1.6315,1.5938,1.5938,8890591,1.1971,3446076774.4,13695836774.4,27.965,
000898.SZ,鞍钢股份,2001-07-13,1.5972,1.6041,1.5766,1.5766,2190257,0.2949,3408942326.4,13548252326.4,27.6637,
000898.SZ,鞍钢股份,2001-07-16,1.5835,1.5972,1.5594,1.5629,3248144,0.4373,3379234768,13430184768,27.4226,
000898.SZ,鞍钢股份,2001-07-17,1.5663,1.58,1.5629,1.5732,1906865,0.2568,3401515436.8,13518735436.8,27.6034,
000898.SZ,鞍钢股份,2001-07-18,1.5766,1.58,1.5629,1.5766,1564119,0.2106,3408942326.4,13548252326.4,27.6637,
000898.SZ,鞍钢股份,2001-07-19,1.58,1.5972,1.5629,1.5869,2487756,0.335,3431222995.2,13636802995.2,27.8445,
000898.SZ,鞍钢股份,2001-07-20,1.5869,1.6144,1.5732,1.6006,3135922,0.4222,3460930553.6,13754870553.6,28.0856,
000898.SZ,鞍钢股份,2001-07-23,1.6041,1.635,1.5869,1.6109,11901752,1.6025,3483211222.4,13843421222.4,28.2664,
000898.SZ,鞍钢股份,2001-07-24,1.6109,1.6144,1.5869,1.5972,2376879,0.32,3453503664,13725353664,28.0253,
000898.SZ,鞍钢股份,2001-07-25,1.5869,1.6144,1.58,1.5835,1544568,0.208,3423796105.6,13607286105.6,27.7842,
000898.SZ,鞍钢股份,2001-07-26,1.5869,1.5938,1.5629,1.5835,2964394,0.3991,3423796105.6,13607286105.6,27.7842,
000898.SZ,鞍钢股份,2001-07-27,1.5835,1.6006,1.5663,1.5766,2283672,0.3075,3408942326.4,13548252326.4,27.6637,
000898.SZ,鞍钢股份,2001-07-30,1.5766,1.5766,1.5285,1.5285,7942878,1.0695,3304965872,13135015872,26.8199,
000898.SZ,鞍钢股份,2001-07-31,1.5148,1.5457,1.4942,1.5285,5321151,0.7165,3304965872,13135015872,26.8199,
000898.SZ,鞍钢股份,2001-08-01,1.5251,1.5629,1.5182,1.5525,5006370,0.6741,3356954099.2,13341634099.2,27.2418,
000898.SZ,鞍钢股份,2001-08-02,1.556,1.5594,1.5079,1.5422,3037414,0.409,3334673430.4,13253083430.4,27.061,
000898.SZ,鞍钢股份,2001-08-03,1.5422,1.556,1.5285,1.5388,1311199,0.1765,3327246540.8,13223566540.8,27.0007,
000898.SZ,鞍钢股份,2001-08-06,1.5457,1.5594,1.5045,1.5457,6116643,0.8236,3342100320,13282600320,27.1212,
000898.SZ,鞍钢股份,2001-08-07,1.5422,1.5457,1.5251,1.5422,1802107,0.2426,3334673430.4,13253083430.4,27.061,
000898.SZ,鞍钢股份,2001-08-08,1.5422,1.5491,1.5113,1.5251,3053092,0.4111,3297538982.4,13105498982.4,26.7596,
000898.SZ,鞍钢股份,2001-08-09,1.5251,1.5354,1.5045,1.5182,2214524,0.2982,3282685203.2,13046465203.2,26.6391,
000898.SZ,鞍钢股份,2001-08-10,1.5182,1.5388,1.5182,1.5285,2466685,0.3321,3304965872,13135015872,26.8199,
000898.SZ,鞍钢股份,2001-08-13,1.5251,1.5594,1.5251,1.5388,1649480,0.2221,3327246540.8,13223566540.8,27.0007,
000898.SZ,鞍钢股份,2001-08-14,1.5113,1.5422,1.5113,1.5251,2037638,0.2744,3297538982.4,13105498982.4,28.8216,
000898.SZ,鞍钢股份,2001-08-15,1.5216,1.5388,1.5113,1.5285,1209214,0.1628,3304965872,13135015872,28.8865,
000898.SZ,鞍钢股份,2001-08-16,1.5216,1.5388,1.5079,1.5182,2503262,0.3371,3282685203.2,13046465203.2,28.6918,
000898.SZ,鞍钢股份,2001-08-17,1.5045,1.5251,1.5045,1.5079,1307879,0.1761,3260404534.4,12957914534.4,28.497,
000898.SZ,鞍钢股份,2001-08-20,1.4976,1.5216,1.4976,1.4976,1343241,0.1809,3238123865.6,12869363865.6,28.3023,
000898.SZ,鞍钢股份,2001-08-21,1.4976,1.5148,1.4976,1.5113,1996100,0.2688,3267831424,12987431424,28.5619,
000898.SZ,鞍钢股份,2001-08-22,1.5079,1.5113,1.4495,1.4942,4279855,0.5763,3230696976,12839846976,28.2374,
000898.SZ,鞍钢股份,2001-08-23,1.477,1.4804,1.4461,1.477,4016396,0.5408,3193562528,12692262528,27.9128,
000898.SZ,鞍钢股份,2001-08-24,1.5113,1.5113,1.4529,1.4838,2469043,0.3324,3208416307.2,12751296307.2,28.0426,
000898.SZ,鞍钢股份,2001-08-27,1.4873,1.4942,1.4564,1.4838,7810028,1.0516,3208416307.2,12751296307.2,28.0426,
000898.SZ,鞍钢股份,2001-08-28,1.477,1.4907,1.4564,1.4907,8444887,1.1371,3223270086.4,12810330086.4,28.1725,
000898.SZ,鞍钢股份,2001-08-29,1.4907,1.5113,1.4667,1.5113,13619042,1.8337,3267831424,12987431424,28.5619,
000898.SZ,鞍钢股份,2001-08-30,1.5045,1.5285,1.4942,1.5251,10400524,1.4004,3297538982.4,13105498982.4,28.8216,
000898.SZ,鞍钢股份,2001-08-31,1.5182,1.5285,1.5045,1.5251,2989572,0.4025,3297538982.4,13105498982.4,28.8216,
000898.SZ,鞍钢股份,2001-09-03,1.5251,1.5354,1.5113,1.5251,4528233,0.6097,3297538982.4,13105498982.4,28.8216,
000898.SZ,鞍钢股份,2001-09-04,1.5148,1.5422,1.5113,1.5319,8902769,1.1987,3312392761.6,13164532761.6,28.9514,
000898.SZ,鞍钢股份,2001-09-05,1.5319,1.5388,1.5079,1.5216,5118683,0.6892,3290112092.8,13075982092.8,28.7567,
000898.SZ,鞍钢股份,2001-09-06,1.5113,1.5251,1.477,1.501,6595351,0.888,3245550755.2,12898880755.2,28.3672,
000898.SZ,鞍钢股份,2001-09-07,1.4942,1.4942,1.4392,1.4392,8778952,1.182,3111866742.4,12367576742.4,27.1988,
000898.SZ,鞍钢股份,2001-09-10,1.4048,1.4667,1.3808,1.4529,3782015,0.5092,3141574300.8,12485644300.8,27.4584,
000898.SZ,鞍钢股份,2001-09-11,1.4529,1.4667,1.4426,1.4529,3486541,0.4694,3141574300.8,12485644300.8,27.4584,
000898.SZ,鞍钢股份,2001-09-12,1.3842,1.4426,1.3808,1.422,3936262,0.53,3074732294.4,12219992294.4,26.8742,
000898.SZ,鞍钢股份,2001-09-13,1.422,1.4495,1.4083,1.4392,2246135,0.3024,3111866742.4,12367576742.4,27.1988,
000898.SZ,鞍钢股份,2001-09-14,1.4426,1.4598,1.422,1.4495,2356980,0.3174,3134147411.2,12456127411.2,27.3935,
000898.SZ,鞍钢股份,2001-09-17,1.4426,1.4426,1.4048,1.4255,2459448,0.3312,3082159184,12249509184,26.9391,
000898.SZ,鞍钢股份,2001-09-18,1.4083,1.4358,1.4083,1.4255,1256260,0.1692,3082159184,12249509184,26.9391,
000898.SZ,鞍钢股份,2001-09-19,1.422,1.4529,1.4186,1.4358,6182495,0.8324,3104439852.8,12338059852.8,27.1339,
000898.SZ,鞍钢股份,2001-09-20,1.4426,1.4529,1.4289,1.4392,1188101,0.16,3111866742.4,12367576742.4,27.1988,
000898.SZ,鞍钢股份,2001-09-21,1.4289,1.4667,1.4186,1.4358,2339660,0.315,3104439852.8,12338059852.8,27.1339,
000898.SZ,鞍钢股份,2001-09-24,1.4358,1.4358,1.4083,1.4117,1085114,0.1461,3052451625.6,12131441625.6,26.6795,
000898.SZ,鞍钢股份,2001-09-25,1.4152,1.4564,1.4117,1.4255,1364130,0.1837,3082159184,12249509184,26.9391,
000898.SZ,鞍钢股份,2001-09-26,1.4152,1.4529,1.3945,1.4083,7822650,1.0533,3045024736,12101924736,26.6145,
000898.SZ,鞍钢股份,2001-09-27,1.4083,1.4186,1.4014,1.4117,7870582,1.0597,3052451625.6,12131441625.6,26.6795,
000898.SZ,鞍钢股份,2001-09-28,1.4117,1.4152,1.398,1.4117,1173194,0.158,3052451625.6,12131441625.6,26.6795,
000898.SZ,鞍钢股份,2001-10-08,1.398,1.4117,1.3842,1.4048,2027510,0.272,3049166812.22,12083976812.22,26.5496,
000898.SZ,鞍钢股份,2001-10-09,1.4014,1.4083,1.398,1.4014,861534,0.1156,3041711636.64,12054431636.64,26.5101,
000898.SZ,鞍钢股份,2001-10-10,1.4048,1.4048,1.3774,1.3877,3131783,0.4201,3011890934.32,11936250934.32,26.2502,
000898.SZ,鞍钢股份,2001-10-11,1.3808,1.3911,1.3739,1.3911,5746522,0.7708,3019346109.9,11965796109.9,26.3152,
000898.SZ,鞍钢股份,2001-10-12,1.3877,1.4083,1.3705,1.398,4007250,0.5375,3034256461.06,12024886461.06,26.4451,
000898.SZ,鞍钢股份,2001-10-15,1.3911,1.4014,1.3739,1.4014,1351667,0.1813,3041711636.64,12054431636.64,26.5101,
000898.SZ,鞍钢股份,2001-10-16,1.4014,1.4014,1.3774,1.3911,828806,0.1112,3019346109.9,11965796109.9,26.3152,
000898.SZ,鞍钢股份,2001-10-17,1.3877,1.3911,1.3705,1.3877,1654247,0.2219,3011890934.32,11936250934.32,26.2502,
000898.SZ,鞍钢股份,2001-10-18,1.3774,1.3808,1.3671,1.3774,1507565,0.2022,2989525407.58,11847615407.58,26.0553,
000898.SZ,鞍钢股份,2001-10-19,1.3739,1.3739,1.319,1.3396,3554879,0.4768,2907518476.2,11522618476.2,25.3405,
000898.SZ,鞍钢股份,2001-10-22,1.3224,1.3224,1.2537,1.2537,3969008,0.5324,2721139086.7,10783989086.7,23.7161,
000898.SZ,鞍钢股份,2001-10-23,1.3739,1.3808,1.3362,1.3808,8045342,1.0792,2996980583.16,11877160583.16,26.1202,
000898.SZ,鞍钢股份,2001-10-24,1.4323,1.4323,1.3877,1.3945,5787739,0.7763,3026801285.48,11995341285.48,26.3801,
000898.SZ,鞍钢股份,2001-10-25,1.3911,1.3911,1.3499,1.3671,3648298,0.4894,2967159880.84,11758979880.84,25.8603,
000898.SZ,鞍钢股份,2001-10-26,1.3636,1.3705,1.3568,1.3602,1935433,0.2596,2952249529.68,11699889529.68,25.7304,
000898.SZ,鞍钢股份,2001-10-29,1.3602,1.3705,1.3602,1.3636,1522811,0.2043,2959704705.26,11729434705.26,25.7954,
000898.SZ,鞍钢股份,2001-10-30,1.3705,1.3705,1.3568,1.3568,1087259,0.1458,2944794354.1,11670344354.1,25.6654,
000898.SZ,鞍钢股份,2001-10-31,1.3568,1.3842,1.3568,1.3774,12731297,1.7077,2989525407.58,11847615407.58,26.0553,
000898.SZ,鞍钢股份,2001-11-01,1.3774,1.3911,1.3602,1.3739,3177000,0.4261,2982070232,11818070232,25.9903,
000898.SZ,鞍钢股份,2001-11-02,1.3774,1.3945,1.3774,1.3774,8843286,1.1862,2989525407.58,11847615407.58,26.0553,
000898.SZ,鞍钢股份,2001-11-05,1.3739,1.3739,1.3362,1.3705,1492042,0.2001,2974615056.42,11788525056.42,25.9253,
000898.SZ,鞍钢股份,2001-11-06,1.3705,1.3877,1.3671,1.3877,1981967,0.2659,3011890934.32,11936250934.32,26.2502,
000898.SZ,鞍钢股份,2001-11-07,1.3808,1.3808,1.3465,1.3533,4050533,0.5433,2937339178.52,11640799178.52,25.6004,
000898.SZ,鞍钢股份,2001-11-08,1.2365,1.3636,1.2365,1.3533,3072674,0.4122,2937339178.52,11640799178.52,25.6004,
000898.SZ,鞍钢股份,2001-11-09,1.3533,1.3739,1.3362,1.3568,883594,0.1185,2944794354.1,11670344354.1,25.6654,
000898.SZ,鞍钢股份,2001-11-12,1.3602,1.3671,1.3396,1.3568,705368,0.0946,2944794354.1,11670344354.1,25.6654,
000898.SZ,鞍钢股份,2001-11-13,1.343,1.3636,1.3396,1.3568,846473,0.1135,2944794354.1,11670344354.1,25.6654,
000898.SZ,鞍钢股份,2001-11-14,1.3705,1.3705,1.343,1.3465,522572,0.0701,2922428827.36,11581708827.36,25.4705,
000898.SZ,鞍钢股份,2001-11-15,1.3602,1.3602,1.3396,1.3465,443941,0.0595,2922428827.36,11581708827.36,25.4705,
000898.SZ,鞍钢股份,2001-11-16,1.3911,1.422,1.3499,1.3568,2398706,0.3218,2944794354.1,11670344354.1,25.6654,
000898.SZ,鞍钢股份,2001-11-19,1.3568,1.3636,1.3499,1.3602,724079,0.0971,2952249529.68,11699889529.68,25.7304,
000898.SZ,鞍钢股份,2001-11-20,1.3602,1.3739,1.3533,1.3705,1527352,0.2049,2974615056.42,11788525056.42,25.9253,
000898.SZ,鞍钢股份,2001-11-21,1.3739,1.3774,1.3602,1.3774,1671599,0.2242,2989525407.58,11847615407.58,26.0553,
000898.SZ,鞍钢股份,2001-11-22,1.3739,1.3774,1.3671,1.3739,1325331,0.1778,2982070232,11818070232,25.9903,
000898.SZ,鞍钢股份,2001-11-23,1.3739,1.3739,1.3499,1.3533,2668010,0.3579,2937339178.52,11640799178.52,25.6004,
000898.SZ,鞍钢股份,2001-11-26,1.3671,1.3705,1.3499,1.3533,1195460,0.1604,2937339178.52,11640799178.52,25.6004,
000898.SZ,鞍钢股份,2001-11-27,1.3499,1.3568,1.3499,1.3533,1281089,0.1718,2937339178.52,11640799178.52,25.6004,
000898.SZ,鞍钢股份,2001-11-28,1.3533,1.3739,1.3533,1.3739,1908371,0.256,2982070232,11818070232,25.9903,
000898.SZ,鞍钢股份,2001-11-29,1.3739,1.3739,1.3602,1.3636,1403315,0.1882,2959704705.26,11729434705.26,25.7954,
000898.SZ,鞍钢股份,2001-11-30,1.3636,1.3774,1.3602,1.3671,1734239,0.2326,2967159880.84,11758979880.84,25.8603,
000898.SZ,鞍钢股份,2001-12-03,1.3671,1.3739,1.3636,1.3705,2737636,0.3672,2974615056.42,11788525056.42,25.9253,
000898.SZ,鞍钢股份,2001-12-04,1.3739,1.3911,1.3671,1.3842,19758523,2.6503,3004435758.74,11906705758.74,26.1852,
000898.SZ,鞍钢股份,2001-12-05,1.3911,1.4014,1.3842,1.3877,9045856,1.2134,3011890934.32,11936250934.32,26.2502,
000898.SZ,鞍钢股份,2001-12-06,1.3877,1.3877,1.3671,1.3739,2996268,0.4019,2982070232,11818070232,25.9903,
000898.SZ,鞍钢股份,2001-12-07,1.3739,1.3739,1.3602,1.3636,2044320,0.2742,2959704705.26,11729434705.26,25.7954,
000898.SZ,鞍钢股份,2001-12-10,1.3636,1.3636,1.3465,1.3499,2010079,0.2696,2929884002.94,11611254002.94,25.5355,
000898.SZ,鞍钢股份,2001-12-11,1.3499,1.3671,1.3465,1.3533,1444427,0.1937,2937339178.52,11640799178.52,25.6004,
000898.SZ,鞍钢股份,2001-12-12,1.3533,1.3705,1.3533,1.3671,10022139,1.3443,2967159880.84,11758979880.84,25.8603,
000898.SZ,鞍钢股份,2001-12-13,1.3636,1.3911,1.3568,1.3602,13895613,1.8639,2952249529.68,11699889529.68,25.7304,
000898.SZ,鞍钢股份,2001-12-14,1.3568,1.3568,1.3362,1.3362,2990329,0.4011,2900063300.62,11493073300.62,25.2756,
000898.SZ,鞍钢股份,2001-12-17,1.3362,1.3362,1.2984,1.3155,2189795,0.2937,2855332247.14,11315802247.14,24.8857,
000898.SZ,鞍钢股份,2001-12-18,1.3121,1.3293,1.3052,1.3293,1151726,0.1545,2885152949.46,11433982949.46,25.1456,
000898.SZ,鞍钢股份,2001-12-19,1.3293,1.3293,1.3052,1.3052,1323765,0.1776,2832966720.4,11227166720.4,24.6908,
000898.SZ,鞍钢股份,2001-12-20,1.3052,1.3052,1.2709,1.2778,2275517,0.3052,2773325315.76,10990805315.76,24.171,
000898.SZ,鞍钢股份,2001-12-21,1.2709,1.2812,1.2675,1.2778,887928,0.1191,2773325315.76,10990805315.76,24.171,
000898.SZ,鞍钢股份,2001-12-24,1.2709,1.2743,1.2434,1.2468,1495466,0.2006,2706228735.54,10724898735.54,23.5862,
000898.SZ,鞍钢股份,2001-12-25,1.24,1.2606,1.2262,1.2468,1454848,0.1951,2706228735.54,10724898735.54,23.5862,
000898.SZ,鞍钢股份,2001-12-26,1.2503,1.2675,1.2468,1.2675,1055556,0.1416,2750959789.02,10902169789.02,23.976,
000898.SZ,鞍钢股份,2001-12-27,1.2675,1.2915,1.2434,1.2503,1401963,0.1881,2713683911.12,10754443911.12,23.6512,
000898.SZ,鞍钢股份,2001-12-28,1.2468,1.3087,1.2434,1.3052,3475460,0.4662,2832966720.4,11227166720.4,24.6908,
000898.SZ,鞍钢股份,2001-12-31,1.3052,1.3052,1.3052,1.3052,--,--,2845953566.2,11240153566.2,24.6908,
000898.SZ,鞍钢股份,2002-01-04,1.2915,1.2915,1.2572,1.2675,566369,0.0756,2763570699.81,10914780699.81,23.976,
000898.SZ,鞍钢股份,2002-01-07,1.2572,1.264,1.2468,1.2606,513880,0.0686,2748591996.83,10855621996.83,23.8737,
000898.SZ,鞍钢股份,2002-01-08,1.2709,1.2709,1.2503,1.2537,589350,0.0787,2733613293.85,10796463293.85,23.7436,
000898.SZ,鞍钢股份,2002-01-09,1.2503,1.2572,1.2365,1.2434,874730,0.1168,2711145239.38,10707725239.38,23.5484,
000898.SZ,鞍钢股份,2002-01-10,1.2434,1.2434,1.1747,1.2331,2010624,0.2685,2688677184.91,10618987184.91,23.3533,
000898.SZ,鞍钢股份,2002-01-11,1.2297,1.2331,1.185,1.1885,991207,0.1323,2591315615.54,10234455615.54,22.5076,
000898.SZ,鞍钢股份,2002-01-14,1.1678,1.1747,1.1232,1.1266,2368940,0.3163,2456507288.72,9702027288.72,21.3367,
000898.SZ,鞍钢股份,2002-01-15,1.1129,1.1404,1.1026,1.1129,1636202,0.2185,2426549882.76,9583709882.76,21.0765,
000898.SZ,鞍钢股份,2002-01-16,1.1335,1.1472,1.0923,1.1404,2586938,0.3454,2486464694.68,9820344694.68,21.5969,
000898.SZ,鞍钢股份,2002-01-17,1.1438,1.1472,1.1026,1.106,1558789,0.2081,2411571179.78,9524551179.78,20.9464,
000898.SZ,鞍钢股份,2002-01-18,1.0991,1.1541,1.082,1.1472,7514208,1.0033,2501443397.66,9879503397.66,21.727,
000898.SZ,鞍钢股份,2002-01-21,1.1507,1.1575,1.1335,1.1404,2759011,0.3684,2486464694.68,9820344694.68,21.5969,
000898.SZ,鞍钢股份,2002-01-22,1.1369,1.1541,1.1301,1.1438,2538411,0.3389,2493954046.17,9849924046.17,21.6619,
000898.SZ,鞍钢股份,2002-01-23,1.1335,1.1919,1.1301,1.1885,3435975,0.4588,2591315615.54,10234455615.54,22.5076,
000898.SZ,鞍钢股份,2002-01-24,1.1816,1.1953,1.1472,1.1747,4546746,0.6071,2561358209.58,10116138209.58,22.2474,
000898.SZ,鞍钢股份,2002-01-25,1.1678,1.1816,1.1575,1.161,2144309,0.2863,2531400803.62,9997820803.62,21.9872,
000898.SZ,鞍钢股份,2002-01-28,1.1644,1.1644,1.0717,1.0854,4024629,0.5374,2366635070.84,9347075070.84,20.5561,
000898.SZ,鞍钢股份,2002-01-29,1.0648,1.1026,1.0442,1.1026,1781494,0.2379,2404081828.29,9494971828.29,20.8813,
000898.SZ,鞍钢股份,2002-01-30,1.1026,1.1129,1.0854,1.0923,1430196,0.191,2381613773.82,9406233773.82,20.6862,
000898.SZ,鞍钢股份,2002-01-31,1.0923,1.1713,1.0923,1.161,5747972,0.7675,2531400803.62,9997820803.62,21.9872,
000898.SZ,鞍钢股份,2002-02-01,1.1678,1.1781,1.1404,1.1404,2954053,0.3944,2486464694.68,9820344694.68,21.5969,
000898.SZ,鞍钢股份,2002-02-04,1.1404,1.161,1.1369,1.1575,3075423,0.4106,2523911452.13,9968241452.13,21.9221,
000898.SZ,鞍钢股份,2002-02-05,1.161,1.2194,1.1541,1.2125,26729110,3.5689,2643741075.97,10441511075.97,22.963,
000898.SZ,鞍钢股份,2002-02-06,1.1988,1.2056,1.161,1.161,8194456,1.0941,2531400803.62,9997820803.62,21.9872,
000898.SZ,鞍钢股份,2002-02-07,1.1541,1.1885,1.1507,1.1747,4461529,0.5957,2561358209.58,10116138209.58,22.2474,
000898.SZ,鞍钢股份,2002-02-08,1.1678,1.1885,1.1644,1.1678,3080021,0.4113,2546379506.6,10056979506.6,22.1173,
000898.SZ,鞍钢股份,2002-02-25,1.1885,1.1953,1.1644,1.1781,8942624,1.194,2568847561.07,10145717561.07,22.3125,
000898.SZ,鞍钢股份,2002-02-26,1.1781,1.1781,1.1438,1.1678,4498678,0.6007,2546379506.6,10056979506.6,22.1173,
000898.SZ,鞍钢股份,2002-02-27,1.1678,1.1747,1.161,1.1678,4868040,0.65,2546379506.6,10056979506.6,22.1173,
000898.SZ,鞍钢股份,2002-02-28,1.1644,1.1747,1.1541,1.1575,2780312,0.3712,2523911452.13,9968241452.13,21.9221,
000898.SZ,鞍钢股份,2002-03-01,1.1575,1.1575,1.1335,1.1369,2840341,0.3793,2478975343.19,9790765343.19,21.5318,
000898.SZ,鞍钢股份,2002-03-04,1.1369,1.1472,1.1301,1.1438,2527351,0.3375,2493954046.17,9849924046.17,21.6619,
000898.SZ,鞍钢股份,2002-03-05,1.1438,1.1678,1.1438,1.1541,9437939,1.2602,2516422100.64,9938662100.64,21.8571,
000898.SZ,鞍钢股份,2002-03-06,1.1644,1.1988,1.161,1.1816,35421450,4.7296,2576336912.56,10175296912.56,22.3775,
000898.SZ,鞍钢股份,2002-03-07,1.1781,1.2468,1.1713,1.2297,46507506,6.2098,2681187833.42,10589407833.42,23.2882,
000898.SZ,鞍钢股份,2002-03-08,1.2297,1.2743,1.2297,1.264,39787259,5.3125,2756081348.32,10885201348.32,23.9387,
000898.SZ,鞍钢股份,2002-03-11,1.2709,1.2778,1.2365,1.264,20071131,2.68,2756081348.32,10885201348.32,23.9387,
000898.SZ,鞍钢股份,2002-03-12,1.2675,1.2709,1.2297,1.2331,16551105,2.21,2688677184.91,10618987184.91,23.3533,
000898.SZ,鞍钢股份,2002-03-13,1.2297,1.2537,1.2125,1.2159,11236335,1.5003,2651230427.46,10471090427.46,23.028,
000898.SZ,鞍钢股份,2002-03-14,1.2091,1.2468,1.2056,1.2434,8757410,1.1693,2711145239.38,10707725239.38,23.5484,
000898.SZ,鞍钢股份,2002-03-15,1.2537,1.2537,1.2022,1.2022,8816349,1.1772,2621273021.5,10352773021.5,22.7678,
000898.SZ,鞍钢股份,2002-03-18,1.2022,1.2365,1.2022,1.2125,5233337,0.6988,2643741075.97,10441511075.97,22.963,
000898.SZ,鞍钢股份,2002-03-19,1.2125,1.2297,1.2056,1.2262,5408986,0.7222,2673698481.93,10559828481.93,23.2232,
000898.SZ,鞍钢股份,2002-03-20,1.2262,1.24,1.2125,1.2365,10470006,1.398,2696166536.4,10648566536.4,23.4183,
000898.SZ,鞍钢股份,2002-03-21,1.2365,1.2537,1.2262,1.2331,7723140,1.0312,2688677184.91,10618987184.91,23.3533,
000898.SZ,鞍钢股份,2002-03-22,1.24,1.2468,1.2262,1.24,9765801,1.304,2703655887.89,10678145887.89,23.4834,
000898.SZ,鞍钢股份,2002-03-25,1.24,1.2778,1.24,1.264,14322256,1.9123,2756081348.32,10885201348.32,23.9387,
000898.SZ,鞍钢股份,2002-03-26,1.264,1.264,1.2297,1.24,6658269,0.889,2703655887.89,10678145887.89,26.4479,
000898.SZ,鞍钢股份,2002-03-27,1.2434,1.3018,1.24,1.2984,19113994,2.5522,2830974863.22,11180994863.22,27.6933,
000898.SZ,鞍钢股份,2002-03-28,1.3018,1.3052,1.2778,1.2812,12651394,1.6893,2793528105.77,11033098105.77,27.327,
000898.SZ,鞍钢股份,2002-03-29,1.2812,1.319,1.2572,1.2709,17480994,2.3325,2772934027.3,10946234027.3,27.1072,
000898.SZ,鞍钢股份,2002-04-01,1.2709,1.3396,1.264,1.3327,23611224,3.1505,2907833520.52,11478753520.52,28.426,
000898.SZ,鞍钢股份,2002-04-02,1.3362,1.3499,1.3121,1.3362,15436288,2.0597,2915327936.81,11508337936.81,28.4992,
000898.SZ,鞍钢股份,2002-04-03,1.3362,1.343,1.3018,1.3224,12198222,1.6276,2885350271.65,11390000271.65,28.2062,
000898.SZ,鞍钢股份,2002-04-04,1.3155,1.343,1.2984,1.3327,11861436,1.5827,2907833520.52,11478753520.52,28.4308,
000898.SZ,鞍钢股份,2002-04-05,1.3396,1.343,1.3155,1.3224,7511111,1.0022,2885350271.65,11390000271.65,28.211,
000898.SZ,鞍钢股份,2002-04-08,1.3224,1.3327,1.3052,1.319,4542073,0.6061,2877855855.36,11360415855.36,28.1377,
000898.SZ,鞍钢股份,2002-04-09,1.3121,1.3327,1.2949,1.3224,8462161,1.1291,2885350271.65,11390000271.65,28.211,
000898.SZ,鞍钢股份,2002-04-10,1.3224,1.3258,1.3018,1.3087,7853418,1.0479,2855372606.49,11271662606.49,27.9179,
000898.SZ,鞍钢股份,2002-04-11,1.3087,1.3258,1.2915,1.3052,7266242,0.9696,2847878190.2,11242078190.2,27.8446,
000898.SZ,鞍钢股份,2002-04-12,1.3018,1.3155,1.2984,1.3121,3006495,0.4012,2862867022.78,11301247022.78,27.9912,
000898.SZ,鞍钢股份,2002-04-15,1.3155,1.3499,1.3052,1.343,9058996,1.2088,2930316769.39,11567506769.39,28.6507,
000898.SZ,鞍钢股份,2002-04-16,1.3396,1.3671,1.3327,1.3499,13660462,1.8228,2945305601.97,11626675601.97,28.7972,
000898.SZ,鞍钢股份,2002-04-17,1.3465,1.3602,1.3224,1.3465,7567558,1.0098,2937811185.68,11597091185.68,28.7239,
000898.SZ,鞍钢股份,2002-04-18,1.3499,1.3499,1.3293,1.3293,3915433,0.5224,2900339104.23,11449169104.23,28.3576,
000898.SZ,鞍钢股份,2002-04-19,1.3224,1.3293,1.3052,1.3224,5457650,0.7282,2885350271.65,11390000271.65,28.211,
000898.SZ,鞍钢股份,2002-04-22,1.319,1.3224,1.3018,1.3052,4204914,0.5611,2847878190.2,11242078190.2,27.8446,
000898.SZ,鞍钢股份,2002-04-23,1.3018,1.3155,1.2984,1.3018,2660840,0.355,2840383773.91,11212493773.91,27.7714,
000898.SZ,鞍钢股份,2002-04-24,1.3018,1.3121,1.2949,1.2949,2390126,0.3189,2825394941.33,11153324941.33,27.6248,
000898.SZ,鞍钢股份,2002-04-25,1.2949,1.2949,1.2778,1.2846,2986971,0.3986,2802911692.46,11064571692.46,27.405,
000898.SZ,鞍钢股份,2002-04-26,1.2846,1.3052,1.2812,1.2949,4638914,0.619,2825394941.33,11153324941.33,27.6248,
000898.SZ,鞍钢股份,2002-04-29,1.2984,1.3155,1.2949,1.3155,4233433,0.5649,2870361439.07,11330831439.07,28.0645,
000898.SZ,鞍钢股份,2002-04-30,1.3258,1.3258,1.3052,1.3121,4602552,0.6141,2862867022.78,11301247022.78,27.9912,
000898.SZ,鞍钢股份,2002-05-08,1.3121,1.319,1.2984,1.3018,2220053,0.2962,2840383773.91,11212493773.91,27.7714,
000898.SZ,鞍钢股份,2002-05-09,1.2984,1.3052,1.2846,1.2984,2242623,0.2992,2832889357.62,11182909357.62,27.6981,
000898.SZ,鞍钢股份,2002-05-10,1.2949,1.2984,1.2812,1.2881,3696983,0.4933,2810406108.75,11094156108.75,27.4783,
000898.SZ,鞍钢股份,2002-05-13,1.2846,1.2881,1.2675,1.2709,3181768,0.4246,2772934027.3,10946234027.3,27.1119,
000898.SZ,鞍钢股份,2002-05-14,1.2675,1.2778,1.2537,1.2606,3547015,0.4733,2750450778.43,10857480778.43,26.8921,
000898.SZ,鞍钢股份,2002-05-15,1.2606,1.2606,1.2606,1.2606,--,--,2750450778.43,10857480778.43,26.8921,
000898.SZ,鞍钢股份,2002-05-16,1.2537,1.2537,1.2159,1.2228,5556470,0.7414,2668012199.24,10532052199.24,26.086,
000898.SZ,鞍钢股份,2002-05-17,1.2228,1.24,1.2125,1.2262,2796301,0.3731,2675506615.53,10561636615.53,26.1593,
000898.SZ,鞍钢股份,2002-05-20,1.2297,1.2297,1.185,1.2091,2872531,0.3833,2638034534.08,10413714534.08,25.7929,
000898.SZ,鞍钢股份,2002-05-21,1.2365,1.2675,1.2194,1.2503,4621031,0.6166,2727967529.56,10768727529.56,26.6722,
000898.SZ,鞍钢股份,2002-05-22,1.2537,1.2537,1.2228,1.2365,1970494,0.2629,2697989864.4,10650389864.4,26.3791,
000898.SZ,鞍钢股份,2002-05-23,1.2365,1.2468,1.2262,1.2365,1641310,0.219,2697989864.4,10650389864.4,26.3791,
000898.SZ,鞍钢股份,2002-05-24,1.2434,1.2434,1.2125,1.2159,1571144,0.2096,2653023366.66,10472883366.66,25.9395,
000898.SZ,鞍钢股份,2002-05-27,1.2159,1.2297,1.2091,1.2194,1125594,0.1502,2660517782.95,10502467782.95,26.0128,
000898.SZ,鞍钢股份,2002-05-28,1.2194,1.24,1.2194,1.2262,1111645,0.1483,2675506615.53,10561636615.53,26.1593,
000898.SZ,鞍钢股份,2002-05-29,1.2228,1.2297,1.1919,1.1953,1939350,0.2588,2608056868.92,10295376868.92,25.4998,
000898.SZ,鞍钢股份,2002-05-30,1.1953,1.2125,1.1781,1.2091,2201069,0.2937,2638034534.08,10413714534.08,25.7929,
000898.SZ,鞍钢股份,2002-05-31,1.2091,1.2194,1.1919,1.2056,1447509,0.1931,2630540117.79,10384130117.79,25.7197,
000898.SZ,鞍钢股份,2002-06-03,1.2056,1.2056,1.1644,1.1747,1884579,0.2515,2563090371.18,10117870371.18,25.0602,
000898.SZ,鞍钢股份,2002-06-04,1.1747,1.185,1.1678,1.1816,1311160,0.175,2578079203.76,10177039203.76,25.2067,
000898.SZ,鞍钢股份,2002-06-05,1.185,1.185,1.161,1.1713,2158570,0.288,2555595954.89,10088285954.89,24.9869,
000898.SZ,鞍钢股份,2002-06-06,1.1678,1.2297,1.1507,1.2125,7268920,0.9699,2645528950.37,10443298950.37,25.8662,
000898.SZ,鞍钢股份,2002-06-07,1.2022,1.2297,1.1919,1.2228,5095726,0.6799,2668012199.24,10532052199.24,26.086,
000898.SZ,鞍钢股份,2002-06-10,1.2194,1.2228,1.2056,1.2228,4555621,0.6079,2668012199.24,10532052199.24,26.086,
000898.SZ,鞍钢股份,2002-06-11,1.2159,1.24,1.2159,1.2365,3636069,0.4852,2697989864.4,10650389864.4,26.3791,
000898.SZ,鞍钢股份,2002-06-12,1.2297,1.2572,1.2228,1.2537,5003705,0.6677,2735461945.85,10798311945.85,26.7455,
000898.SZ,鞍钢股份,2002-06-13,1.2537,1.264,1.2331,1.2365,3137386,0.4186,2697989864.4,10650389864.4,26.3791,
000898.SZ,鞍钢股份,2002-06-14,1.2331,1.24,1.2228,1.2297,2255874,0.301,2683001031.82,10591221031.82,26.2326,
000898.SZ,鞍钢股份,2002-06-17,1.2228,1.2434,1.2194,1.24,2171389,0.2897,2705484280.69,10679974280.69,26.4524,
000898.SZ,鞍钢股份,2002-06-18,1.2434,1.2915,1.2365,1.2709,10913966,1.4563,2772934027.3,10946234027.3,27.1119,
000898.SZ,鞍钢股份,2002-06-19,1.2709,1.3087,1.264,1.3018,10996236,1.4673,2840383773.91,11212493773.91,27.7714,
000898.SZ,鞍钢股份,2002-06-20,1.2984,1.2984,1.2743,1.2812,9739339,1.2995,2795417276.17,11034987276.17,27.3317,
000898.SZ,鞍钢股份,2002-06-21,1.2846,1.3568,1.2846,1.3052,35232152,4.7011,2847878190.2,11242078190.2,27.8446,
000898.SZ,鞍钢股份,2002-06-24,1.4255,1.4358,1.3362,1.4358,139764181,18.6491,3132666009.22,12366286009.22,30.6291,
000898.SZ,鞍钢股份,2002-06-25,1.4255,1.5457,1.3808,1.4289,94014152,12.5446,3117677176.64,12307117176.64,30.4826,
000898.SZ,鞍钢股份,2002-06-26,1.422,1.4392,1.3945,1.4186,29585088,3.9476,3095193927.77,12218363927.77,30.2627,
000898.SZ,鞍钢股份,2002-06-27,1.422,1.4907,1.422,1.4598,42445010,5.6636,3185126923.25,12573376923.25,31.142,
000898.SZ,鞍钢股份,2002-06-28,1.4735,1.4838,1.4255,1.4392,33241626,4.4278,3145614896.28,12401324896.28,30.7024,
000898.SZ,鞍钢股份,2002-07-01,1.4495,1.4598,1.4152,1.4152,14440896,1.9235,3093062857.44,12194142857.44,30.1895,
000898.SZ,鞍钢股份,2002-07-02,1.4152,1.4289,1.398,1.4289,9478060,1.2625,3123092593.92,12312532593.92,30.4826,
000898.SZ,鞍钢股份,2002-07-03,1.4289,1.4495,1.4289,1.4392,8419204,1.1214,3145614896.28,12401324896.28,30.7024,
000898.SZ,鞍钢股份,2002-07-04,1.4427,1.4532,1.4287,1.4322,9230466,1.2295,3070540555.08,12105350555.08,29.9696,
000898.SZ,鞍钢股份,2002-07-05,1.4287,1.4287,1.4042,1.4287,4806590,0.6402,3063033120.96,12075753120.96,29.9095,
000898.SZ,鞍钢股份,2002-07-08,1.4322,1.4357,1.4112,1.4217,6563685,0.8743,3048018252.72,12016558252.72,29.7629,
000898.SZ,鞍钢股份,2002-07-09,1.4217,1.4532,1.4112,1.4357,10520404,1.4013,3078047989.2,12134947989.2,30.0561,
000898.SZ,鞍钢股份,2002-07-10,1.4357,1.4427,1.4077,1.4112,9814032,1.3072,3025495950.36,11927765950.36,29.543,
000898.SZ,鞍钢股份,2002-07-11,1.4147,1.4182,1.4042,1.4112,5856059,0.78,3025495950.36,11927765950.36,29.543,
000898.SZ,鞍钢股份,2002-07-12,1.4077,1.4112,1.3972,1.4007,6950516,0.9258,3002973648,11838973648,29.323,
000898.SZ,鞍钢股份,2002-07-15,1.3937,1.3972,1.3657,1.3692,7204693,0.9597,2935406740.92,11572596740.92,28.6633,
000898.SZ,鞍钢股份,2002-07-16,1.3692,1.3972,1.3692,1.3762,4451217,0.5929,2950421609.16,11631791609.16,28.8099,
000898.SZ,鞍钢股份,2002-07-17,1.3762,1.3937,1.3692,1.3937,3322562,0.4426,2987958779.76,11779778779.76,29.1764,
000898.SZ,鞍钢股份,2002-07-18,1.3937,1.4042,1.3797,1.3972,4949531,0.6593,2995466213.88,11809376213.88,29.2497,
000898.SZ,鞍钢股份,2002-07-19,1.4007,1.4042,1.3867,1.3972,2501010,0.3331,2995466213.88,11809376213.88,29.2497,
000898.SZ,鞍钢股份,2002-07-22,1.3937,1.3972,1.3692,1.3762,3959867,0.5275,2950421609.16,11631791609.16,28.8099,
000898.SZ,鞍钢股份,2002-07-23,1.3727,1.3762,1.3517,1.3587,5471845,0.7289,2912884438.56,11483804438.56,28.4434,
000898.SZ,鞍钢股份,2002-07-24,1.3587,1.3657,1.3306,1.3447,4401538,0.5863,2882854702.08,11365414702.08,28.1501,
000898.SZ,鞍钢股份,2002-07-25,1.3482,1.3587,1.3306,1.3482,3126008,0.4164,2890362136.2,11395012136.2,28.2234,
000898.SZ,鞍钢股份,2002-07-26,1.3482,1.3587,1.3341,1.3482,2446682,0.3259,2890362136.2,11395012136.2,28.2234,
000898.SZ,鞍钢股份,2002-07-29,1.3447,1.3552,1.3341,1.3552,2200511,0.2931,2905377004.44,11454207004.44,28.37,
000898.SZ,鞍钢股份,2002-07-30,1.3587,1.3622,1.3376,1.3587,3210038,0.4276,2912884438.56,11483804438.56,28.4434,
000898.SZ,鞍钢股份,2002-07-31,1.3587,1.3727,1.3482,1.3552,3088651,0.4114,2905377004.44,11454207004.44,28.37,
000898.SZ,鞍钢股份,2002-08-01,1.3517,1.3622,1.3376,1.3552,1908245,0.2542,2905377004.44,11454207004.44,28.37,
000898.SZ,鞍钢股份,2002-08-02,1.3517,1.3657,1.3447,1.3622,2478029,0.3301,2920391872.68,11513401872.68,28.5167,
000898.SZ,鞍钢股份,2002-08-05,1.3622,1.3622,1.3447,1.3482,1481600,0.1974,2890362136.2,11395012136.2,28.2234,
000898.SZ,鞍钢股份,2002-08-06,1.3482,1.3762,1.3447,1.3657,4424486,0.5893,2927899306.8,11542999306.8,28.59,
000898.SZ,鞍钢股份,2002-08-07,1.3657,1.3657,1.3552,1.3622,1649752,0.2197,2920391872.68,11513401872.68,28.5167,
000898.SZ,鞍钢股份,2002-08-08,1.3657,1.3692,1.3482,1.3482,1888700,0.2516,2890362136.2,11395012136.2,28.2234,
000898.SZ,鞍钢股份,2002-08-09,1.3482,1.3552,1.3376,1.3411,2836617,0.3778,2875347267.96,11335817267.96,28.0768,
000898.SZ,鞍钢股份,2002-08-12,1.3306,1.3411,1.3306,1.3306,2748248,0.3661,2852824965.6,11247024965.6,27.8569,
000898.SZ,鞍钢股份,2002-08-13,1.3306,1.3447,1.3306,1.3341,1349093,0.1797,2860332399.72,11276622399.72,27.9302,
000898.SZ,鞍钢股份,2002-08-14,1.3341,1.3447,1.3306,1.3411,2178021,0.2901,2875347267.96,11335817267.96,28.0768,
000898.SZ,鞍钢股份,2002-08-15,1.3376,1.3447,1.3271,1.3271,2272150,0.3027,2845317531.48,11217427531.48,27.7836,
000898.SZ,鞍钢股份,2002-08-16,1.3306,1.3482,1.3166,1.3411,3258300,0.434,2875347267.96,11335817267.96,28.0768,
000898.SZ,鞍钢股份,2002-08-19,1.3411,1.3411,1.3271,1.3341,1692226,0.2254,2860332399.72,11276622399.72,27.9302,
000898.SZ,鞍钢股份,2002-08-20,1.3376,1.3622,1.3341,1.3552,5671514,0.7555,2905377004.44,11454207004.44,28.7734,
000898.SZ,鞍钢股份,2002-08-21,1.3587,1.3657,1.3482,1.3517,3952571,0.5265,2897869570.32,11424609570.32,28.6991,
000898.SZ,鞍钢股份,2002-08-22,1.3517,1.3622,1.3411,1.3552,5578587,0.7431,2905377004.44,11454207004.44,28.7734,
000898.SZ,鞍钢股份,2002-08-23,1.3587,1.3587,1.3447,1.3517,2591968,0.3453,2897869570.32,11424609570.32,28.6991,
000898.SZ,鞍钢股份,2002-08-26,1.3517,1.3517,1.3306,1.3341,3296466,0.4391,2860332399.72,11276622399.72,28.3273,
000898.SZ,鞍钢股份,2002-08-27,1.3341,1.3411,1.3271,1.3341,3634885,0.4842,2860332399.72,11276622399.72,28.3273,
000898.SZ,鞍钢股份,2002-08-28,1.3341,1.3376,1.3271,1.3306,2753631,0.3668,2852824965.6,11247024965.6,28.253,
000898.SZ,鞍钢股份,2002-08-29,1.3306,1.3341,1.3236,1.3236,2985752,0.3977,2837810097.36,11187830097.36,28.1043,
000898.SZ,鞍钢股份,2002-08-30,1.3236,1.3306,1.3201,1.3236,1510579,0.2012,2837810097.36,11187830097.36,28.1043,
000898.SZ,鞍钢股份,2002-09-02,1.3236,1.3306,1.3201,1.3236,1876761,0.25,2837810097.36,11187830097.36,28.1043,
000898.SZ,鞍钢股份,2002-09-03,1.3236,1.3306,1.3236,1.3271,1311234,0.1747,2845317531.48,11217427531.48,28.1786,
000898.SZ,鞍钢股份,2002-09-04,1.3271,1.3306,1.3166,1.3166,1930845,0.2572,2822795229.12,11128635229.12,27.9556,
000898.SZ,鞍钢股份,2002-09-05,1.3166,1.3201,1.2921,1.2956,4493100,0.5985,2777750624.4,10951050624.4,27.5095,
000898.SZ,鞍钢股份,2002-09-06,1.2886,1.2991,1.2816,1.2816,3022317,0.4026,2747720887.92,10832660887.92,27.2121,
000898.SZ,鞍钢股份,2002-09-09,1.2781,1.2816,1.2711,1.2711,2262644,0.3014,2725198585.56,10743868585.56,26.989,
000898.SZ,鞍钢股份,2002-09-10,1.2746,1.2781,1.2676,1.2746,1805151,0.2404,2732706019.68,10773466019.68,27.0634,
000898.SZ,鞍钢股份,2002-09-11,1.2746,1.2781,1.2606,1.2711,1999192,0.2663,2725198585.56,10743868585.56,26.989,
000898.SZ,鞍钢股份,2002-09-12,1.2711,1.2816,1.2641,1.2746,1274715,0.1698,2732706019.68,10773466019.68,27.0634,
000898.SZ,鞍钢股份,2002-09-13,1.2746,1.2746,1.2641,1.2676,1142122,0.1521,2717691151.44,10714271151.44,26.9147,
000898.SZ,鞍钢股份,2002-09-16,1.2641,1.2641,1.2431,1.2501,2225851,0.2965,2680153980.84,10566283980.84,26.5429,
000898.SZ,鞍钢股份,2002-09-17,1.2501,1.2606,1.2431,1.2571,1530775,0.2039,2695168849.08,10625478849.08,26.6916,
000898.SZ,鞍钢股份,2002-09-18,1.2536,1.2571,1.2466,1.2501,865489,0.1153,2680153980.84,10566283980.84,26.5429,
000898.SZ,鞍钢股份,2002-09-19,1.2501,1.2781,1.2326,1.2676,2913103,0.388,2717691151.44,10714271151.44,26.9147,
000898.SZ,鞍钢股份,2002-09-20,1.2676,1.2711,1.2431,1.2466,1448600,0.193,2672646546.72,10536686546.72,26.4686,
000898.SZ,鞍钢股份,2002-09-23,1.2501,1.2746,1.2466,1.2676,2770424,0.369,2717691151.44,10714271151.44,26.9147,
000898.SZ,鞍钢股份,2002-09-24,1.2676,1.2711,1.2396,1.2431,3392573,0.4519,2665139112.6,10507089112.6,26.3942,
000898.SZ,鞍钢股份,2002-09-25,1.2431,1.2641,1.2431,1.2501,1584306,0.211,2680153980.84,10566283980.84,26.5429,
000898.SZ,鞍钢股份,2002-09-26,1.2536,1.2606,1.2431,1.2466,1757324,0.2341,2672646546.72,10536686546.72,26.4686,
000898.SZ,鞍钢股份,2002-09-27,1.2466,1.2536,1.2431,1.2501,1671472,0.2224,2683316543.88,10569446543.88,26.5429,
000898.SZ,鞍钢股份,2002-10-08,1.2501,1.2501,1.2326,1.2431,1267944,0.1687,2668283958.2,10510233958.2,26.3942,
000898.SZ,鞍钢股份,2002-10-09,1.2431,1.2431,1.1906,1.1941,2628400,0.3497,2563055858.44,10095745858.44,25.3609,
000898.SZ,鞍钢股份,2002-10-10,1.1941,1.2081,1.1871,1.1906,1891757,0.2517,2555539565.6,10066139565.6,25.2865,
000898.SZ,鞍钢股份,2002-10-11,1.1906,1.2011,1.1836,1.1976,1044549,0.139,2570572151.28,10125352151.28,25.4353,
000898.SZ,鞍钢股份,2002-10-14,1.1976,1.2011,1.1766,1.1976,1534423,0.2041,2570572151.28,10125352151.28,25.4353,
000898.SZ,鞍钢股份,2002-10-15,1.1976,1.2046,1.1871,1.1941,1033372,0.1375,2563055858.44,10095745858.44,25.3609,
000898.SZ,鞍钢股份,2002-10-16,1.1941,1.2151,1.1941,1.2081,1833545,0.2439,2593121029.8,10214171029.8,25.6584,
000898.SZ,鞍钢股份,2002-10-17,1.2081,1.2081,1.1871,1.1906,1612364,0.2145,2555539565.6,10066139565.6,25.2865,
000898.SZ,鞍钢股份,2002-10-18,1.1906,1.2046,1.1801,1.1976,1565575,0.2083,2570572151.28,10125352151.28,25.4353,
000898.SZ,鞍钢股份,2002-10-21,1.1871,1.2011,1.1801,1.1976,879817,0.1171,2570572151.28,10125352151.28,25.4353,
000898.SZ,鞍钢股份,2002-10-22,1.1976,1.2256,1.1906,1.2151,3183100,0.4235,2608153615.48,10273383615.48,25.8071,
000898.SZ,鞍钢股份,2002-10-23,1.2151,1.2186,1.2046,1.2116,1266893,0.1686,2600637322.64,10243777322.64,25.7328,
000898.SZ,鞍钢股份,2002-10-24,1.2116,1.2151,1.1941,1.1976,1017754,0.1354,2570572151.28,10125352151.28,25.4353,
000898.SZ,鞍钢股份,2002-10-25,1.2081,1.2151,1.1941,1.1976,1546400,0.2057,2570572151.28,10125352151.28,25.4353,
000898.SZ,鞍钢股份,2002-10-28,1.1976,1.1976,1.1801,1.1871,1432667,0.1906,2548023272.76,10036533272.76,25.2122,
000898.SZ,鞍钢股份,2002-10-29,1.1836,1.1941,1.1766,1.1906,1409114,0.1875,2555539565.6,10066139565.6,25.2865,
000898.SZ,鞍钢股份,2002-10-30,1.1941,1.1941,1.1801,1.1906,793650,0.1056,2555539565.6,10066139565.6,25.2865,
000898.SZ,鞍钢股份,2002-10-31,1.1871,1.2046,1.1836,1.1871,985949,0.1312,2548023272.76,10036533272.76,25.2122,
000898.SZ,鞍钢股份,2002-11-01,1.1906,1.2011,1.1836,1.2011,1071203,0.1425,2578088444.12,10154958444.12,25.5097,
000898.SZ,鞍钢股份,2002-11-04,1.2046,1.2151,1.2011,1.2151,1323236,0.176,2608153615.48,10273383615.48,25.8071,
000898.SZ,鞍钢股份,2002-11-05,1.2151,1.2431,1.2116,1.2396,4991900,0.6641,2660767665.36,10480627665.36,26.3277,
000898.SZ,鞍钢股份,2002-11-06,1.2431,1.2431,1.2221,1.2256,2045815,0.2722,2630702494,10362202494,26.0303,
000898.SZ,鞍钢股份,2002-11-07,1.2326,1.2466,1.2256,1.2361,2307168,0.307,2653251372.52,10451021372.52,26.2534,
000898.SZ,鞍钢股份,2002-11-08,1.2431,1.2536,1.1976,1.2151,3243194,0.4315,2608153615.48,10273383615.48,25.8071,
000898.SZ,鞍钢股份,2002-11-11,1.2116,1.2116,1.1871,1.1906,1966620,0.2616,2555539565.6,10066139565.6,25.2865,
000898.SZ,鞍钢股份,2002-11-12,1.1906,1.2011,1.1556,1.1661,3250702,0.4325,2502925515.72,9858895515.72,24.7659,
000898.SZ,鞍钢股份,2002-11-13,1.1661,1.1836,1.1556,1.1766,2666392,0.3547,2525474394.24,9947714394.24,24.989,
000898.SZ,鞍钢股份,2002-11-14,1.1766,1.1801,1.1486,1.1486,1821900,0.2424,2465344051.52,9710864051.52,24.3941,
000898.SZ,鞍钢股份,2002-11-15,1.1521,1.1731,1.1486,1.1591,1891860,0.2517,2487892930.04,9799682930.04,24.6172,
000898.SZ,鞍钢股份,2002-11-18,1.1591,1.1661,1.1416,1.1521,1716800,0.2284,2472860344.36,9740470344.36,24.4684,
000898.SZ,鞍钢股份,2002-11-19,1.1416,1.1591,1.1381,1.1556,1415533,0.1883,2480376637.2,9770076637.2,24.5428,
000898.SZ,鞍钢股份,2002-11-20,1.1556,1.1556,1.1556,1.1556,--,--,2480376637.2,9770076637.2,24.5428,
000898.SZ,鞍钢股份,2002-11-21,1.124,1.124,1.0855,1.0925,3815659,0.5077,2345083366.08,9237163366.08,23.2041,
000898.SZ,鞍钢股份,2002-11-22,1.096,1.11,1.0785,1.0995,2999947,0.3991,2360115951.76,9296375951.76,23.3529,
000898.SZ,鞍钢股份,2002-11-25,1.096,1.11,1.082,1.1065,1416350,0.1884,2375148537.44,9355588537.44,23.5016,
000898.SZ,鞍钢股份,2002-11-26,1.1065,1.1135,1.0855,1.0855,2063988,0.2746,2330050780.4,9177950780.4,23.0554,
000898.SZ,鞍钢股份,2002-11-27,1.075,1.1381,1.075,1.124,5798752,0.7715,2412730001.64,9503620001.64,23.8735,
000898.SZ,鞍钢股份,2002-11-28,1.124,1.1521,1.11,1.1486,5165465,0.6872,2465344051.52,9710864051.52,24.3941,
000898.SZ,鞍钢股份,2002-11-29,1.1486,1.1731,1.1275,1.1521,7184867,0.9559,2472860344.36,9740470344.36,24.4684,
000898.SZ,鞍钢股份,2002-12-02,1.1556,1.1591,1.1135,1.117,3030275,0.4032,2397697415.96,9444407415.96,23.7247,
000898.SZ,鞍钢股份,2002-12-03,1.1135,1.1381,1.1065,1.131,2122933,0.2824,2427762587.32,9562832587.32,24.0222,
000898.SZ,鞍钢股份,2002-12-04,1.1345,1.1451,1.1205,1.131,1935236,0.2575,2427762587.32,9562832587.32,24.0222,
000898.SZ,鞍钢股份,2002-12-05,1.131,1.1345,1.1135,1.1275,1812792,0.2412,2420246294.48,9533226294.48,23.9478,
000898.SZ,鞍钢股份,2002-12-06,1.124,1.1345,1.1135,1.1275,1102619,0.1467,2420246294.48,9533226294.48,23.9478,
000898.SZ,鞍钢股份,2002-12-09,1.124,1.131,1.11,1.117,1702859,0.2266,2397697415.96,9444407415.96,23.7247,
000898.SZ,鞍钢股份,2002-12-10,1.1205,1.124,1.103,1.103,1599300,0.2128,2367632244.6,9325982244.6,23.4272,
000898.SZ,鞍钢股份,2002-12-11,1.103,1.1135,1.096,1.1065,1328585,0.1768,2375148537.44,9355588537.44,23.5016,
000898.SZ,鞍钢股份,2002-12-12,1.1065,1.117,1.1065,1.1135,856000,0.1139,2390181123.12,9414801123.12,23.6503,
000898.SZ,鞍钢股份,2002-12-13,1.117,1.124,1.0995,1.117,1158876,0.1542,2397697415.96,9444407415.96,23.7247,
000898.SZ,鞍钢股份,2002-12-16,1.117,1.1486,1.117,1.1416,3346488,0.4452,2450311465.84,9651651465.84,24.2453,
000898.SZ,鞍钢股份,2002-12-17,1.1416,1.1486,1.131,1.1416,1331065,0.1771,2450311465.84,9651651465.84,24.2453,
000898.SZ,鞍钢股份,2002-12-18,1.1416,1.1486,1.1275,1.1345,1743829,0.232,2435278880.16,9592438880.16,24.0966,
000898.SZ,鞍钢股份,2002-12-19,1.1345,1.1345,1.124,1.131,1059672,0.141,2427762587.32,9562832587.32,24.0222,
000898.SZ,鞍钢股份,2002-12-20,1.131,1.1416,1.124,1.1416,1871599,0.249,2450311465.84,9651651465.84,24.2453,
000898.SZ,鞍钢股份,2002-12-23,1.1381,1.1521,1.1381,1.1416,2447200,0.3256,2450311465.84,9651651465.84,24.2453,
000898.SZ,鞍钢股份,2002-12-24,1.1381,1.1416,1.1275,1.1345,967304,0.1287,2435278880.16,9592438880.16,24.0966,
000898.SZ,鞍钢股份,2002-12-25,1.131,1.1381,1.1275,1.1345,1139273,0.1516,2435278880.16,9592438880.16,24.0966,
000898.SZ,鞍钢股份,2002-12-26,1.1275,1.131,1.096,1.096,2538800,0.3378,2352599658.92,9266769658.92,23.2785,
000898.SZ,鞍钢股份,2002-12-27,1.0855,1.11,1.0855,1.103,2140213,0.2847,2367632244.6,9325982244.6,23.4272,
000898.SZ,鞍钢股份,2002-12-30,1.0995,1.103,1.0925,1.0995,2940647,0.3912,2360115951.76,9296375951.76,23.3529,
000898.SZ,鞍钢股份,2002-12-31,1.096,1.1065,1.096,1.096,1768237,0.2352,2353364615.27,9267534615.27,23.2785,
000898.SZ,鞍钢股份,2003-01-02,1.096,1.0995,1.0855,1.0855,2780238,0.3698,2330808404.9,9178708404.9,23.0554,
000898.SZ,鞍钢股份,2003-01-03,1.082,1.0995,1.0785,1.096,2505475,0.3332,2353364615.27,9267534615.27,23.2804,
000898.SZ,鞍钢股份,2003-01-06,1.096,1.103,1.089,1.103,1039150,0.1382,2368402088.85,9326752088.85,23.4292,
000898.SZ,鞍钢股份,2003-01-07,1.1065,1.11,1.096,1.103,1164589,0.1549,2368402088.85,9326752088.85,23.4292,
000898.SZ,鞍钢股份,2003-01-08,1.0995,1.1416,1.096,1.1345,2615590,0.3479,2436070719.96,9593230719.96,24.0986,
000898.SZ,鞍钢股份,2003-01-09,1.1345,1.1591,1.117,1.1486,8603505,1.1443,2466145667.12,9711665667.12,24.3961,
000898.SZ,鞍钢股份,2003-01-10,1.1556,1.1661,1.1345,1.1381,8287102,1.1022,2443589456.75,9622839456.75,24.1729,
000898.SZ,鞍钢股份,2003-01-13,1.1381,1.1521,1.1381,1.1416,2186126,0.2908,2451108193.54,9652448193.54,24.2473,
000898.SZ,鞍钢股份,2003-01-14,1.1416,1.2571,1.1416,1.2396,34750890,4.6219,2661632823.66,10481492823.66,26.3299,
000898.SZ,鞍钢股份,2003-01-15,1.2361,1.2396,1.1906,1.2046,10312212,1.3715,2586445455.76,10185405455.76,25.5861,
000898.SZ,鞍钢股份,2003-01-16,1.2046,1.2396,1.1941,1.2256,8707202,1.1581,2631557876.5,10363057876.5,26.0324,
000898.SZ,鞍钢股份,2003-01-17,1.2256,1.2326,1.2081,1.2186,6726800,0.8947,2616520402.92,10303840402.92,25.8836,
000898.SZ,鞍钢股份,2003-01-20,1.2186,1.2326,1.1906,1.2221,4040202,0.5374,2624039139.71,10333449139.71,25.958,
000898.SZ,鞍钢股份,2003-01-21,1.2256,1.2291,1.1906,1.1906,4142700,0.551,2556370508.6,10066970508.6,25.2886,
000898.SZ,鞍钢股份,2003-01-22,1.1906,1.2011,1.1836,1.1906,2651884,0.3527,2556370508.6,10066970508.6,25.2886,
000898.SZ,鞍钢股份,2003-01-23,1.1906,1.2116,1.1836,1.1906,2867250,0.3813,2556370508.6,10066970508.6,25.2886,
000898.SZ,鞍钢股份,2003-01-24,1.1906,1.2361,1.1871,1.2326,10371853,1.3795,2646595350.08,10422275350.08,26.1812,
000898.SZ,鞍钢股份,2003-01-27,1.2326,1.2606,1.2221,1.2396,6429232,0.8551,2661632823.66,10481492823.66,26.3299,
000898.SZ,鞍钢股份,2003-01-28,1.2256,1.2851,1.2256,1.2536,9316429,1.2391,2691707770.82,10599927770.82,26.6274,
000898.SZ,鞍钢股份,2003-01-29,1.2606,1.2676,1.2466,1.2466,5258400,0.6994,2676670297.24,10540710297.24,26.4787,
000898.SZ,鞍钢股份,2003-02-10,1.2536,1.2606,1.2431,1.2466,5064000,0.6735,2676670297.24,10540710297.24,26.4787,
000898.SZ,鞍钢股份,2003-02-11,1.2466,1.2571,1.2431,1.2571,2355765,0.3133,2699226507.61,10629536507.61,26.7018,
000898.SZ,鞍钢股份,2003-02-12,1.2536,1.2781,1.2501,1.2711,6009203,0.7992,2729301454.77,10747971454.77,26.9993,
000898.SZ,鞍钢股份,2003-02-13,1.2711,1.2781,1.2501,1.2536,3627960,0.4825,2691707770.82,10599927770.82,26.6274,
000898.SZ,鞍钢股份,2003-02-14,1.2536,1.2676,1.2501,1.2606,2713007,0.3608,2706745244.4,10659145244.4,26.7762,
000898.SZ,鞍钢股份,2003-02-17,1.2641,1.2641,1.2396,1.2431,3342187,0.4445,2669151560.45,10511101560.45,26.4043,
000898.SZ,鞍钢股份,2003-02-18,1.2396,1.2641,1.2361,1.2466,3482393,0.4632,2676670297.24,10540710297.24,26.4787,
000898.SZ,鞍钢股份,2003-02-19,1.2466,1.2641,1.2396,1.2641,4837447,0.6434,2714263981.19,10688753981.19,26.8506,
000898.SZ,鞍钢股份,2003-02-20,1.2641,1.2781,1.2571,1.2641,5435158,0.7229,2714263981.19,10688753981.19,26.8506,
000898.SZ,鞍钢股份,2003-02-21,1.2606,1.2641,1.2396,1.2431,4924988,0.655,2669151560.45,10511101560.45,26.4043,
000898.SZ,鞍钢股份,2003-02-24,1.2396,1.2606,1.2326,1.2536,2553041,0.3396,2691707770.82,10599927770.82,26.6274,
000898.SZ,鞍钢股份,2003-02-25,1.2501,1.2851,1.2501,1.2746,6444510,0.8571,2736820191.56,10777580191.56,27.0737,
000898.SZ,鞍钢股份,2003-02-26,1.2746,1.2816,1.2606,1.2711,2318413,0.3084,2729301454.77,10747971454.77,26.9993,
000898.SZ,鞍钢股份,2003-02-27,1.2711,1.2816,1.2641,1.2746,3499240,0.4654,2736820191.56,10777580191.56,27.0737,
000898.SZ,鞍钢股份,2003-02-28,1.2746,1.2781,1.2571,1.2711,2505007,0.3332,2729301454.77,10747971454.77,26.9993,
000898.SZ,鞍钢股份,2003-03-03,1.2711,1.2781,1.2606,1.2746,2035984,0.2708,2736820191.56,10777580191.56,27.0737,
000898.SZ,鞍钢股份,2003-03-04,1.2781,1.2781,1.2641,1.2711,1757100,0.2337,2729301454.77,10747971454.77,26.9993,
000898.SZ,鞍钢股份,2003-03-05,1.2711,1.2746,1.2606,1.2676,2497169,0.3321,2721782717.98,10718362717.98,26.9249,
000898.SZ,鞍钢股份,2003-03-06,1.2676,1.2676,1.2501,1.2536,4140995,0.5508,2691707770.82,10599927770.82,26.6274,
000898.SZ,鞍钢股份,2003-03-07,1.2536,1.2571,1.2466,1.2501,3028149,0.4027,2684189034.03,10570319034.03,26.5531,
000898.SZ,鞍钢股份,2003-03-10,1.2501,1.2571,1.2291,1.2326,3810379,0.5068,2646595350.08,10422275350.08,26.1812,
000898.SZ,鞍钢股份,2003-03-11,1.2326,1.2431,1.2186,1.2221,4104100,0.5458,2624039139.71,10333449139.71,25.958,
000898.SZ,鞍钢股份,2003-03-12,1.2221,1.2256,1.2081,1.2256,3499539,0.4654,2631557876.5,10363057876.5,26.0324,
000898.SZ,鞍钢股份,2003-03-13,1.2256,1.2291,1.2186,1.2221,2307002,0.3068,2624039139.71,10333449139.71,25.958,
000898.SZ,鞍钢股份,2003-03-14,1.2221,1.2396,1.2221,1.2326,3055461,0.4064,2646595350.08,10422275350.08,26.1812,
000898.SZ,鞍钢股份,2003-03-17,1.2256,1.2326,1.2116,1.2291,1594612,0.2121,2639076613.29,10392666613.29,26.1068,
000898.SZ,鞍钢股份,2003-03-18,1.2256,1.2361,1.2151,1.2186,1155800,0.1537,2616520402.92,10303840402.92,25.8836,
000898.SZ,鞍钢股份,2003-03-19,1.2151,1.2326,1.2116,1.2221,1892703,0.2517,2624039139.71,10333449139.71,25.958,
000898.SZ,鞍钢股份,2003-03-20,1.2221,1.2326,1.2151,1.2256,1702151,0.2264,2631557876.5,10363057876.5,26.0324,
000898.SZ,鞍钢股份,2003-03-21,1.2221,1.2466,1.2221,1.2396,1965494,0.2614,2661632823.66,10481492823.66,26.3299,
000898.SZ,鞍钢股份,2003-03-24,1.2326,1.2361,1.2256,1.2326,620059,0.0825,2646595350.08,10422275350.08,26.1812,
000898.SZ,鞍钢股份,2003-03-25,1.2326,1.2326,1.2116,1.2186,1987826,0.2644,2616520402.92,10303840402.92,25.8836,
000898.SZ,鞍钢股份,2003-03-26,1.2081,1.2256,1.2081,1.2186,1045159,0.139,2616520402.92,10303840402.92,25.8836,
000898.SZ,鞍钢股份,2003-03-27,1.2116,1.2676,1.2116,1.2606,3764985,0.5007,2706745244.4,10659145244.4,26.7762,
000898.SZ,鞍钢股份,2003-03-28,1.2571,1.2851,1.2466,1.2746,9522822,1.2665,2736820191.56,10777580191.56,27.0737,
000898.SZ,鞍钢股份,2003-03-31,1.2746,1.2991,1.2641,1.2851,5634747,0.7493,2759793746.99,10866823746.99,27.2968,
000898.SZ,鞍钢股份,2003-04-01,1.2956,1.2991,1.2851,1.2921,5846814,0.7775,2774833494.93,10926043494.93,18.3751,
000898.SZ,鞍钢股份,2003-04-02,1.2956,1.3131,1.2851,1.2956,5684930,0.756,2782353368.9,10955653368.9,18.4256,
000898.SZ,鞍钢股份,2003-04-03,1.2956,1.3026,1.2816,1.2851,3455180,0.4595,2759793746.99,10866823746.99,18.2762,
000898.SZ,鞍钢股份,2003-04-04,1.2816,1.3131,1.2781,1.3061,5670593,0.7541,2804912990.81,11044482990.81,18.575,
000898.SZ,鞍钢股份,2003-04-07,1.3061,1.3271,1.3026,1.3061,4944900,0.6576,2804912990.81,11044482990.81,18.575,
000898.SZ,鞍钢股份,2003-04-08,1.3026,1.3902,1.2956,1.3657,28243819,3.7559,2932750848.3,11547850848.3,19.4216,
000898.SZ,鞍钢股份,2003-04-09,1.3692,1.4217,1.3587,1.4147,27512411,3.6586,3038029083.88,11962389083.88,20.1188,
000898.SZ,鞍钢股份,2003-04-10,1.4182,1.4637,1.4007,1.4112,36658183,4.8748,3030509209.91,11932779209.91,20.069,
000898.SZ,鞍钢股份,2003-04-11,1.4112,1.4952,1.3867,1.4742,42663465,5.6734,3165866941.37,12465756941.37,20.9654,
000898.SZ,鞍钢股份,2003-04-14,1.4742,1.5127,1.4357,1.4742,34593996,4.6003,3165866941.37,12465756941.37,20.9654,
000898.SZ,鞍钢股份,2003-04-15,1.4777,1.4812,1.4532,1.4567,17030517,2.2647,3128267571.52,12317707571.52,20.7164,
000898.SZ,鞍钢股份,2003-04-16,1.4567,1.4672,1.3937,1.3972,22125352,2.9423,3000429714.03,11814339714.03,19.8698,
000898.SZ,鞍钢股份,2003-04-17,1.3937,1.4287,1.3657,1.3867,14873237,1.9779,2977870092.12,11725510092.12,19.7204,
000898.SZ,鞍钢股份,2003-04-18,1.3867,1.4007,1.3306,1.3482,12175305,1.6191,2895151478.45,11399801478.45,19.1726,
000898.SZ,鞍钢股份,2003-04-21,1.3411,1.3657,1.3306,1.3517,7518408,0.9998,2902671352.42,11429411352.42,19.2224,
000898.SZ,鞍钢股份,2003-04-22,1.3517,1.3727,1.3482,1.3727,4369489,0.5811,2947790596.24,11607070596.24,19.5212,
000898.SZ,鞍钢股份,2003-04-23,1.3727,1.3797,1.3271,1.3306,7253629,0.9646,2857552108.6,11251752108.6,18.9236,
000898.SZ,鞍钢股份,2003-04-24,1.3271,1.3341,1.2781,1.3061,8845033,1.1762,2804912990.81,11044482990.81,18.575,
000898.SZ,鞍钢股份,2003-04-25,1.2991,1.3376,1.2921,1.3061,6098118,0.8109,2804912990.81,11044482990.81,13.7934,
000898.SZ,鞍钢股份,2003-04-28,1.2991,1.3587,1.2746,1.3552,10051684,1.3367,2910191226.39,11459021226.39,14.3111,
000898.SZ,鞍钢股份,2003-04-29,1.3517,1.3517,1.3096,1.3131,5705083,0.7587,2819952738.75,11103702738.75,13.8673,
000898.SZ,鞍钢股份,2003-04-30,1.3166,1.3657,1.3166,1.3482,11566818,1.5382,2895151478.45,11399801478.45,14.2371,
000898.SZ,鞍钢股份,2003-05-12,1.3587,1.4182,1.3552,1.4112,15364156,2.0431,3030509209.91,11932779209.91,14.9028,
000898.SZ,鞍钢股份,2003-05-13,1.4182,1.4567,1.3902,1.3972,18026909,2.3972,3000429714.03,11814339714.03,14.7548,
000898.SZ,鞍钢股份,2003-05-14,1.3937,1.4392,1.3762,1.4287,11637321,1.5475,3068108579.76,12080828579.76,15.0877,
000898.SZ,鞍钢股份,2003-05-15,1.4287,1.4987,1.4287,1.4497,28429775,3.7806,3113227823.58,12258487823.58,15.3095,
000898.SZ,鞍钢股份,2003-05-16,1.4567,1.4847,1.4392,1.4637,15942847,2.1201,3143307319.46,12376927319.46,15.4575,
000898.SZ,鞍钢股份,2003-05-19,1.4637,1.4917,1.4427,1.4917,21515481,2.8611,3203466311.22,12613806311.22,15.7533,
000898.SZ,鞍钢股份,2003-05-20,1.4707,1.4952,1.4637,1.4707,11751298,1.5627,3158347067.4,12436147067.4,15.5314,
000898.SZ,鞍钢股份,2003-05-21,1.4777,1.4812,1.4357,1.4357,10516702,1.3985,3083148327.7,12140048327.7,15.1616,
000898.SZ,鞍钢股份,2003-05-22,1.4357,1.4462,1.4007,1.4427,7127467,0.9478,3098188075.64,12199268075.64,15.2356,
000898.SZ,鞍钢股份,2003-05-23,1.4427,1.4427,1.4427,1.4427,--,--,3098188075.64,12199268075.64,15.2356,
000898.SZ,鞍钢股份,2003-05-26,1.4567,1.4847,1.4462,1.4812,12155320,1.6164,3180906689.31,12524976689.31,15.6424,
000898.SZ,鞍钢股份,2003-05-27,1.4812,1.4812,1.4462,1.4567,6145634,0.8173,3128267571.52,12317707571.52,15.3835,
000898.SZ,鞍钢股份,2003-05-28,1.4532,1.4567,1.4147,1.4182,7701070,1.0241,3045548957.85,11991998957.85,14.9767,
000898.SZ,鞍钢股份,2003-05-29,1.4147,1.4357,1.4042,1.4357,4577768,0.6088,3083148327.7,12140048327.7,15.1616,
000898.SZ,鞍钢股份,2003-05-30,1.4357,1.4497,1.4147,1.4217,5229566,0.6954,3053068831.82,12021608831.82,15.0137,
000898.SZ,鞍钢股份,2003-06-02,1.4252,1.4252,1.3972,1.4042,5370299,0.7141,3015469461.97,11873559461.97,14.8288,
000898.SZ,鞍钢股份,2003-06-03,1.4007,1.4287,1.3972,1.4112,3855100,0.5127,3030509209.91,11932779209.91,14.9028,
000898.SZ,鞍钢股份,2003-06-04,1.4042,1.5513,1.4042,1.5092,53045448,7.054,3241065681.07,12761855681.07,15.9382,
000898.SZ,鞍钢股份,2003-06-05,1.5057,1.5057,1.4392,1.4497,22496186,2.9916,3113227823.58,12258487823.58,15.3095,
000898.SZ,鞍钢股份,2003-06-06,1.4357,1.4707,1.4287,1.4357,9851587,1.3101,3083148327.7,12140048327.7,15.1616,
000898.SZ,鞍钢股份,2003-06-09,1.4287,1.4812,1.4287,1.4637,10213972,1.3583,3143307319.46,12376927319.46,15.4575,
000898.SZ,鞍钢股份,2003-06-10,1.4637,1.4812,1.4532,1.4777,8080701,1.0746,3173386815.34,12495366815.34,15.6054,
000898.SZ,鞍钢股份,2003-06-11,1.4992,1.5351,1.4813,1.5243,28454158,3.7839,3195946437.25,12584196437.25,15.7163,
000898.SZ,鞍钢股份,2003-06-12,1.5279,1.553,1.5172,1.5315,15766736,2.0967,3210986185.19,12643416185.19,15.7903,
000898.SZ,鞍钢股份,2003-06-13,1.5315,1.5781,1.5279,1.5423,25391476,3.3766,3233545807.1,12732245807.1,15.9012,
000898.SZ,鞍钢股份,2003-06-16,1.5494,1.5602,1.5351,1.5387,10409159,1.3842,3226025933.13,12702635933.13,15.8642,
000898.SZ,鞍钢股份,2003-06-17,1.5423,1.5423,1.5136,1.5172,7002380,0.9312,3180906689.31,12524976689.31,15.6424,
000898.SZ,鞍钢股份,2003-06-18,1.5243,1.5423,1.5064,1.51,5570837,0.7408,3165866941.37,12465756941.37,15.5684,
000898.SZ,鞍钢股份,2003-06-19,1.5136,1.5208,1.4777,1.4921,6918756,0.9201,3128267571.52,12317707571.52,15.3835,
000898.SZ,鞍钢股份,2003-06-20,1.4921,1.5136,1.4741,1.4921,6263874,0.833,3128267571.52,12317707571.52,15.3835,
000898.SZ,鞍钢股份,2003-06-23,1.4921,1.5172,1.4741,1.4992,5246507,0.6977,3143307319.46,12376927319.46,15.4575,
000898.SZ,鞍钢股份,2003-06-24,1.4992,1.5208,1.4885,1.5064,4585080,0.6097,3158347067.4,12436147067.4,15.5314,
000898.SZ,鞍钢股份,2003-06-25,1.51,1.5136,1.4741,1.4777,5501699,0.7316,3098188075.64,12199268075.64,15.2356,
000898.SZ,鞍钢股份,2003-06-26,1.4741,1.4956,1.449,1.4921,7439462,0.9893,3128267571.52,12317707571.52,15.3835,
000898.SZ,鞍钢股份,2003-06-27,1.4849,1.4921,1.4526,1.4562,3848157,0.5117,3053068831.82,12021608831.82,15.0137,
000898.SZ,鞍钢股份,2003-06-30,1.4383,1.4705,1.4383,1.449,3975388,0.5282,3040409762.96,11964769762.96,14.9397,
000898.SZ,鞍钢股份,2003-07-01,1.449,1.4921,1.449,1.467,4913776,0.6529,3078038596.66,12112848596.66,15.1246,
000898.SZ,鞍钢股份,2003-07-02,1.4705,1.4921,1.449,1.4921,4222799,0.5611,3130718963.84,12320158963.84,15.3866,
000898.SZ,鞍钢股份,2003-07-03,1.4921,1.4992,1.4777,1.4956,3896628,0.5178,3138244730.58,12349774730.58,15.4235,
000898.SZ,鞍钢股份,2003-07-04,1.4992,1.5064,1.4849,1.4885,2334967,0.3103,3123193197.1,12290543197.1,15.3496,
000898.SZ,鞍钢股份,2003-07-07,1.4885,1.5208,1.4705,1.51,5446277,0.7237,3168347797.54,12468237797.54,15.5715,
000898.SZ,鞍钢股份,2003-07-08,1.5028,1.5172,1.4992,1.5064,2382200,0.3165,3160822030.8,12438622030.8,15.5345,
000898.SZ,鞍钢股份,2003-07-09,1.5064,1.5172,1.4921,1.4992,3126780,0.4155,3145770497.32,12379390497.32,15.4605,
000898.SZ,鞍钢股份,2003-07-10,1.4992,1.5423,1.4956,1.5351,14530955,1.9308,3221028164.72,12675548164.72,15.8304,
000898.SZ,鞍钢股份,2003-07-11,1.5351,1.5459,1.5172,1.5208,6135410,0.8153,3190925097.76,12557085097.76,15.6825,
000898.SZ,鞍钢股份,2003-07-14,1.5243,1.5494,1.5208,1.5387,8180078,1.0869,3228553931.46,12705163931.46,15.8674,
000898.SZ,鞍钢股份,2003-07-15,1.5423,1.5746,1.5423,1.571,18092352,2.4041,3296285832.12,12971705832.12,16.2003,
000898.SZ,鞍钢股份,2003-07-16,1.571,1.5853,1.553,1.5781,13831907,1.8379,3311337365.6,13030937365.6,16.2742,
000898.SZ,鞍钢股份,2003-07-17,1.5781,1.6176,1.5746,1.5817,17667689,2.3476,3318863132.34,13060553132.34,16.3112,
000898.SZ,鞍钢股份,2003-07-18,1.571,1.5889,1.5208,1.5279,22972940,3.0526,3205976631.24,12616316631.24,15.7564,
000898.SZ,鞍钢股份,2003-07-21,1.5172,1.553,1.5136,1.5387,11844491,1.5739,3228553931.46,12705163931.46,15.8674,
000898.SZ,鞍钢股份,2003-07-22,1.5459,1.571,1.5351,1.5494,8121953,1.0792,3251131231.68,12794011231.68,15.9784,
000898.SZ,鞍钢股份,2003-07-23,1.5494,1.5781,1.5351,1.5638,5276163,0.7011,3281234298.64,12912474298.64,16.1263,
000898.SZ,鞍钢股份,2003-07-24,1.5674,1.5817,1.553,1.5602,8147208,1.0826,3273708531.9,12882858531.9,16.0893,
000898.SZ,鞍钢股份,2003-07-25,1.553,1.5674,1.5136,1.5243,8346132,1.109,3198450864.5,12586700864.5,15.7194,
000898.SZ,鞍钢股份,2003-07-28,1.5208,1.5387,1.5028,1.5028,10107732,1.3431,3153296264.06,12409006264.06,15.4975,
000898.SZ,鞍钢股份,2003-07-29,1.5028,1.5315,1.5028,1.5243,3228387,0.429,3198450864.5,12586700864.5,15.7194,
000898.SZ,鞍钢股份,2003-07-30,1.5279,1.5423,1.5172,1.5279,3489637,0.4637,3205976631.24,12616316631.24,15.7564,
000898.SZ,鞍钢股份,2003-07-31,1.5279,1.5351,1.5136,1.5208,2614051,0.3473,3190925097.76,12557085097.76,15.6825,
000898.SZ,鞍钢股份,2003-08-01,1.5208,1.5208,1.4956,1.5064,7329358,0.9739,3160822030.8,12438622030.8,15.5345,
000898.SZ,鞍钢股份,2003-08-04,1.5028,1.5315,1.4956,1.5315,3030282,0.4027,3213502397.98,12645932397.98,15.7934,
000898.SZ,鞍钢股份,2003-08-05,1.5351,1.5387,1.5208,1.5279,2384374,0.3168,3205976631.24,12616316631.24,15.7564,
000898.SZ,鞍钢股份,2003-08-06,1.5279,1.5315,1.51,1.51,1872856,0.2489,3168347797.54,12468237797.54,15.5715,
000898.SZ,鞍钢股份,2003-08-07,1.5064,1.5387,1.5064,1.5315,3626548,0.4819,3213502397.98,12645932397.98,15.7934,
000898.SZ,鞍钢股份,2003-08-08,1.5243,1.5279,1.4956,1.5064,5377663,0.7146,3160822030.8,12438622030.8,15.5345,
000898.SZ,鞍钢股份,2003-08-11,1.5028,1.5172,1.4956,1.5172,2101769,0.2793,3183399331.02,12527469331.02,15.6455,
000898.SZ,鞍钢股份,2003-08-12,1.5064,1.5208,1.5064,1.51,1182204,0.1571,3168347797.54,12468237797.54,15.5715,
000898.SZ,鞍钢股份,2003-08-13,1.51,1.5172,1.4741,1.4741,5169400,0.6869,3093090130.14,12172080130.14,15.2016,
000898.SZ,鞍钢股份,2003-08-14,1.4705,1.4849,1.4418,1.449,5385730,0.7156,3040409762.96,11964769762.96,14.9427,
000898.SZ,鞍钢股份,2003-08-15,1.449,1.4598,1.4418,1.4562,2630098,0.3495,3055461296.44,12024001296.44,15.0167,
000898.SZ,鞍钢股份,2003-08-18,1.4526,1.4634,1.449,1.4598,2011979,0.2673,3062987063.18,12053617063.18,15.0537,
000898.SZ,鞍钢股份,2003-08-19,1.4705,1.4885,1.4634,1.4741,2089947,0.2777,3093090130.14,12172080130.14,11.8861,
000898.SZ,鞍钢股份,2003-08-20,1.4777,1.4777,1.4526,1.467,1565350,0.208,3078038596.66,12112848596.66,11.8283,
000898.SZ,鞍钢股份,2003-08-21,1.4705,1.4741,1.4418,1.4598,1318619,0.1752,3062987063.18,12053617063.18,11.7704,
000898.SZ,鞍钢股份,2003-08-22,1.4454,1.4777,1.4454,1.467,1730665,0.23,3078038596.66,12112848596.66,11.8283,
000898.SZ,鞍钢股份,2003-08-25,1.4526,1.4885,1.449,1.4813,2532069,0.3365,3108141663.62,12231311663.62,11.944,
000898.SZ,鞍钢股份,2003-08-26,1.4813,1.4885,1.467,1.4705,1197153,0.1591,3085564363.4,12142464363.4,11.8572,
000898.SZ,鞍钢股份,2003-08-27,1.4705,1.4777,1.4634,1.467,1008540,0.134,3078038596.66,12112848596.66,11.8283,
000898.SZ,鞍钢股份,2003-08-28,1.467,1.4705,1.449,1.449,1812462,0.2408,3040409762.96,11964769762.96,11.6837,
000898.SZ,鞍钢股份,2003-08-29,1.449,1.4598,1.4347,1.4598,2768401,0.3679,3062987063.18,12053617063.18,11.7704,
000898.SZ,鞍钢股份,2003-09-01,1.4598,1.4849,1.4454,1.4813,2228585,0.2961,3108141663.62,12231311663.62,11.944,
000898.SZ,鞍钢股份,2003-09-02,1.4813,1.4849,1.4598,1.467,1509914,0.2006,3078038596.66,12112848596.66,11.8283,
000898.SZ,鞍钢股份,2003-09-03,1.4705,1.4777,1.4634,1.467,1328188,0.1765,3078038596.66,12112848596.66,11.8283,
000898.SZ,鞍钢股份,2003-09-04,1.4705,1.4956,1.4598,1.4705,2416433,0.3211,3085564363.4,12142464363.4,11.8572,
000898.SZ,鞍钢股份,2003-09-05,1.4705,1.4777,1.4454,1.4634,2667267,0.3544,3070512829.92,12083232829.92,11.7994,
000898.SZ,鞍钢股份,2003-09-08,1.4526,1.4634,1.4418,1.4526,2030206,0.2698,3047935529.7,11994385529.7,11.7126,
000898.SZ,鞍钢股份,2003-09-09,1.449,1.4634,1.4311,1.4347,7702322,1.0235,3010306696,11846306696,11.568,
000898.SZ,鞍钢股份,2003-09-10,1.4311,1.4526,1.4275,1.4454,1245196,0.1655,3032883996.22,11935153996.22,11.6548,
000898.SZ,鞍钢股份,2003-09-11,1.4454,1.4598,1.4383,1.4562,1496161,0.1988,3055461296.44,12024001296.44,11.7415,
000898.SZ,鞍钢股份,2003-09-12,1.4562,1.467,1.4418,1.4562,1568145,0.2084,3055461296.44,12024001296.44,11.7415,
000898.SZ,鞍钢股份,2003-09-15,1.449,1.4777,1.4383,1.4526,1432151,0.1903,3047935529.7,11994385529.7,11.7126,
000898.SZ,鞍钢股份,2003-09-16,1.4526,1.4634,1.4418,1.4562,975710,0.1296,3055461296.44,12024001296.44,11.7415,
000898.SZ,鞍钢股份,2003-09-17,1.4526,1.4526,1.4347,1.4383,1400800,0.1861,3017832462.74,11875922462.74,11.5969,
000898.SZ,鞍钢股份,2003-09-18,1.4383,1.4383,1.4203,1.4239,2732100,0.363,2987729395.78,11757459395.78,11.4812,
000898.SZ,鞍钢股份,2003-09-19,1.4239,1.4311,1.406,1.4167,2400577,0.319,2972677862.3,11698227862.3,11.4234,
000898.SZ,鞍钢股份,2003-09-22,1.4167,1.4239,1.3845,1.388,1860946,0.2473,2912471728.38,11461301728.38,11.192,
000898.SZ,鞍钢股份,2003-09-23,1.388,1.3952,1.3522,1.3916,2254422,0.2996,2919997495.12,11490917495.12,11.221,
000898.SZ,鞍钢股份,2003-09-24,1.3916,1.4203,1.3916,1.4203,2306945,0.3065,2980203629.04,11727843629.04,11.4523,
000898.SZ,鞍钢股份,2003-09-25,1.4167,1.4167,1.3916,1.3952,1057860,0.1406,2927523261.86,11520533261.86,11.2499,
000898.SZ,鞍钢股份,2003-09-26,1.3916,1.3988,1.388,1.3916,652851,0.0867,2919997495.12,11490917495.12,11.221,
000898.SZ,鞍钢股份,2003-09-29,1.3916,1.3988,1.3809,1.3845,1186963,0.1577,2904945961.64,11431685961.64,11.1631,
000898.SZ,鞍钢股份,2003-09-30,1.3988,1.4454,1.388,1.4275,3059593,0.4064,2996371616.2,11788191616.2,11.5102,
000898.SZ,鞍钢股份,2003-10-08,1.4347,1.4634,1.4239,1.4562,2090772,0.2777,3056600191.4,12025140191.4,11.7415,
000898.SZ,鞍钢股份,2003-10-09,1.4562,1.4705,1.4454,1.449,1660000,0.2205,3041543047.6,11965903047.6,11.6837,
000898.SZ,鞍钢股份,2003-10-10,1.4418,1.5064,1.4418,1.4956,10550523,1.4014,3139414482.3,12350944482.3,12.0608,
000898.SZ,鞍钢股份,2003-10-13,1.4956,1.5208,1.4921,1.5064,7815080,1.0381,3162000198,12439800198,12.1476,
000898.SZ,鞍钢股份,2003-10-14,1.5064,1.5208,1.4885,1.4992,4724682,0.6276,3146943054.2,12380563054.2,12.0897,
000898.SZ,鞍钢股份,2003-10-15,1.5028,1.5136,1.4777,1.4813,3799833,0.5047,3109300194.7,12232470194.7,11.9451,
000898.SZ,鞍钢股份,2003-10-16,1.4741,1.4992,1.4705,1.4813,2905139,0.3859,3109300194.7,12232470194.7,11.9451,
000898.SZ,鞍钢股份,2003-10-17,1.4813,1.51,1.4741,1.4992,7460779,0.991,3146943054.2,12380563054.2,12.0897,
000898.SZ,鞍钢股份,2003-10-20,1.5028,1.51,1.4921,1.5028,3282583,0.436,3154471626.1,12410181626.1,12.1186,
000898.SZ,鞍钢股份,2003-10-21,1.5028,1.5208,1.4885,1.5208,6328354,0.8406,3192114485.6,12558274485.6,12.2632,
000898.SZ,鞍钢股份,2003-10-22,1.5243,1.5961,1.5243,1.5674,23019688,3.0576,3289985920.3,12943315920.3,12.6392,
000898.SZ,鞍钢股份,2003-10-23,1.5781,1.5853,1.5387,1.5459,11539115,1.5327,3244814488.9,12765604488.9,12.4657,
000898.SZ,鞍钢股份,2003-10-24,1.5387,1.5746,1.5351,1.5674,8759125,1.1635,3289985920.3,12943315920.3,12.6392,
000898.SZ,鞍钢股份,2003-10-27,1.571,1.5817,1.5279,1.5494,6441529,0.8556,3252343060.8,12795223060.8,12.4946,
000898.SZ,鞍钢股份,2003-10-28,1.5351,1.6068,1.5315,1.5997,21449727,2.8491,3357743067.4,13209883067.4,12.8995,
000898.SZ,鞍钢股份,2003-10-29,1.614,1.6284,1.5817,1.6032,32963298,4.3784,3365271639.3,13239501639.3,12.9285,
000898.SZ,鞍钢股份,2003-10-30,1.5961,1.6104,1.5674,1.5889,12550497,1.667,3335157351.7,13121027351.7,11.7803,
000898.SZ,鞍钢股份,2003-10-31,1.5889,1.614,1.5566,1.5781,10001682,1.3285,3312571636,13032171636,11.7005,
000898.SZ,鞍钢股份,2003-11-03,1.5746,1.6391,1.571,1.6248,18568245,2.4664,3410443070.7,13417213070.7,12.0462,
000898.SZ,鞍钢股份,2003-11-04,1.6319,1.7718,1.6248,1.6857,54516698,7.2413,3538428793,13920728793,12.4982,
000898.SZ,鞍钢股份,2003-11-05,1.6822,1.718,1.6642,1.7073,22092742,2.9345,3583600224.4,14098440224.4,12.6578,
000898.SZ,鞍钢股份,2003-11-06,1.7073,1.7539,1.6893,1.7395,30092063,3.997,3651357371.5,14365007371.5,12.8971,
000898.SZ,鞍钢股份,2003-11-07,1.7395,1.7467,1.6499,1.6606,30483773,4.0491,3485728789.7,13713398789.7,12.3121,
000898.SZ,鞍钢股份,2003-11-10,1.614,1.7037,1.614,1.7037,12408837,1.6482,3576071652.5,14068821652.5,12.6312,
000898.SZ,鞍钢股份,2003-11-11,1.7073,1.7539,1.6822,1.7037,20455802,2.7171,3576071652.5,14068821652.5,12.6312,
000898.SZ,鞍钢股份,2003-11-12,1.6929,1.7073,1.6535,1.657,13027209,1.7304,3478200217.8,13683780217.8,12.2855,
000898.SZ,鞍钢股份,2003-11-13,1.6463,1.6929,1.6391,1.6606,7365721,0.9784,3485728789.7,13713398789.7,12.3121,
000898.SZ,鞍钢股份,2003-11-14,1.6642,1.7037,1.6606,1.6822,7923394,1.0524,3530900221.1,13891110221.1,12.4716,
000898.SZ,鞍钢股份,2003-11-17,1.6857,1.7073,1.6714,1.6822,6083304,0.808,3530900221.1,13891110221.1,12.4716,
000898.SZ,鞍钢股份,2003-11-18,1.6714,1.6786,1.6355,1.6391,9761176,1.2966,3440557358.3,13535687358.3,12.1525,
000898.SZ,鞍钢股份,2003-11-19,1.6212,1.6642,1.6212,1.6499,7318065,0.972,3463143074,13624543074,12.2323,
000898.SZ,鞍钢股份,2003-11-20,1.6427,1.6893,1.6284,1.675,12056578,1.6014,3515843077.3,13831873077.3,12.4185,
000898.SZ,鞍钢股份,2003-11-21,1.6822,1.7718,1.657,1.6857,22384813,2.9733,3538428793,13920728793,12.4982,
000898.SZ,鞍钢股份,2003-11-24,1.6857,1.7611,1.675,1.7288,26170772,3.4762,3628771655.8,14276151655.8,12.8173,
000898.SZ,鞍钢股份,2003-11-25,1.7395,1.7539,1.7037,1.7288,15679938,2.0827,3628771655.8,14276151655.8,12.8173,
000898.SZ,鞍钢股份,2003-11-26,1.7288,1.8113,1.7073,1.8077,45683877,6.0681,3794400237.6,14927760237.6,13.4024,
000898.SZ,鞍钢股份,2003-11-27,1.8077,1.8436,1.779,1.7933,35086731,4.6605,3764285950,14809285950,13.296,
000898.SZ,鞍钢股份,2003-11-28,1.7933,1.8364,1.7933,1.8149,13327057,1.7702,3809457381.4,14986997381.4,13.4556,
000898.SZ,鞍钢股份,2003-12-01,1.8149,1.9583,1.8149,1.9296,32428860,4.3074,4050371682.2,15934791682.2,14.3065,
000898.SZ,鞍钢股份,2003-12-02,1.9332,1.9512,1.9117,1.9189,26703322,3.5469,4027785966.5,15845935966.5,14.2267,
000898.SZ,鞍钢股份,2003-12-03,1.9153,1.9942,1.8974,1.9512,29666598,3.9405,4095543113.6,16112503113.6,14.466,
000898.SZ,鞍钢股份,2003-12-04,1.9476,1.9763,1.9332,1.944,19968279,2.6523,4080485969.8,16053265969.8,14.4129,
000898.SZ,鞍钢股份,2003-12-05,1.944,1.944,1.8651,1.8723,28332425,3.7633,3929914531.8,15460894531.8,13.881,
000898.SZ,鞍钢股份,2003-12-08,1.8651,1.8938,1.8364,1.8507,18832365,2.5015,3884743100.4,15283183100.4,13.7215,
000898.SZ,鞍钢股份,2003-12-09,1.8436,1.9009,1.84,1.9009,11146627,1.4806,3990143107,15697843107,14.0938,
000898.SZ,鞍钢股份,2003-12-10,1.9009,1.9332,1.8866,1.9296,18512874,2.459,4050371682.2,15934791682.2,14.3065,
000898.SZ,鞍钢股份,2003-12-11,1.9368,1.9404,1.8651,1.8794,16277090,2.162,3944971675.6,15520131675.6,13.9342,
000898.SZ,鞍钢股份,2003-12-12,1.8723,1.8866,1.8507,1.8687,9493428,1.261,3922385959.9,15431275959.9,13.8544,
000898.SZ,鞍钢股份,2003-12-15,1.883,1.9045,1.8579,1.8902,7409582,0.9842,3967557391.3,15608987391.3,14.014,
000898.SZ,鞍钢股份,2003-12-16,1.8902,1.8938,1.8436,1.8866,12174383,1.6171,3960028819.4,15579368819.4,13.9874,
000898.SZ,鞍钢股份,2003-12-17,1.8794,1.9296,1.8687,1.8723,22093520,2.9346,3929914531.8,15460894531.8,13.881,
000898.SZ,鞍钢股份,2003-12-18,1.8651,1.9225,1.8543,1.9153,18551165,2.4641,4020257394.6,15816317394.6,14.2001,
000898.SZ,鞍钢股份,2003-12-19,1.9153,1.9153,1.9153,1.9153,--,--,4020257394.6,15816317394.6,14.2001,
000898.SZ,鞍钢股份,2003-12-22,1.9655,2.0803,1.9547,2.048,53060317,7.0479,4298814554.9,16912204554.9,15.184,
000898.SZ,鞍钢股份,2003-12-23,2.048,2.1018,2.0157,2.048,26352067,3.5003,4298814554.9,16912204554.9,15.184,
000898.SZ,鞍钢股份,2003-12-24,2.0444,2.0803,2.0265,2.0623,16881136,2.2423,4328928842.5,17030678842.5,15.2904,
000898.SZ,鞍钢股份,2003-12-25,2.0444,2.1054,2.0085,2.0337,22909614,3.043,4268700267.3,16793730267.3,15.0777,
000898.SZ,鞍钢股份,2003-12-26,2.0301,2.048,1.9834,2.0014,15367748,2.0413,4200943120.2,16527163120.2,14.8383,
000898.SZ,鞍钢股份,2003-12-29,1.9691,2.0121,1.9583,1.9799,14081370,1.8704,4155771688.8,16349451688.8,14.6788,
000898.SZ,鞍钢股份,2003-12-30,1.9834,2.0552,1.9834,2.0444,20071873,2.6661,4291285983,16882585983,15.1574,
000898.SZ,鞍钢股份,2003-12-31,2.0444,2.0516,1.9727,1.9834,18044622,2.3954,4165796845.56,16381566845.56,14.7054,
000898.SZ,鞍钢股份,2004-01-02,1.9834,2.0444,1.9799,2.0337,12983922,1.7236,4271260056.84,16796290056.84,15.0777,
000898.SZ,鞍钢股份,2004-01-05,2.0372,2.1484,2.0372,2.1413,35953257,4.7727,4497252652.44,17684982652.44,15.8778,
000898.SZ,鞍钢股份,2004-01-06,2.1448,2.1628,2.0982,2.1413,26726009,3.5478,4497252652.44,17684982652.44,15.8778,
000898.SZ,鞍钢股份,2004-01-07,2.1413,2.3062,2.1126,2.2273,47419291,6.2948,4678046728.92,18395936728.92,16.5162,
000898.SZ,鞍钢股份,2004-01-08,2.2237,2.2955,2.1951,2.2632,26519549,3.5204,4753377594.12,18692167594.12,16.7821,
000898.SZ,鞍钢股份,2004-01-09,2.2596,2.4031,2.2453,2.2668,42741017,5.6738,4760910680.64,18721790680.64,16.8087,
000898.SZ,鞍钢股份,2004-01-12,2.2632,2.4641,2.2632,2.4533,42239231,5.6072,5152631179.68,20262191179.68,18.1917,
000898.SZ,鞍钢股份,2004-01-13,2.4641,2.5465,2.3851,2.4748,36642662,4.8642,5197829698.8,20439929698.8,18.3513,
000898.SZ,鞍钢股份,2004-01-14,2.4784,2.5035,2.4031,2.4103,20919347,2.777,5062234141.44,19906714141.44,17.8725,
000898.SZ,鞍钢股份,2004-01-15,2.421,2.4748,2.3313,2.3493,20806096,2.762,4934171670.6,19403121670.6,17.4204,
000898.SZ,鞍钢股份,2004-01-16,2.3349,2.3816,2.2237,2.2668,32230690,4.2786,4760910680.64,18721790680.64,16.8087,
000898.SZ,鞍钢股份,2004-01-29,2.2668,2.3098,2.1951,2.3027,19360581,2.5701,4836241545.84,19018021545.84,17.0747,
000898.SZ,鞍钢股份,2004-01-30,2.2991,2.3098,2.1879,2.1915,21839313,2.8991,4602715863.72,18099705863.72,16.2502,
000898.SZ,鞍钢股份,2004-02-02,2.2417,2.2919,2.109,2.1699,29452203,3.9097,4557517344.6,17921967344.6,16.0906,
000898.SZ,鞍钢股份,2004-02-03,2.1699,2.2704,2.1699,2.2596,21556771,2.8616,4745844507.6,18662544507.6,16.7555,
000898.SZ,鞍钢股份,2004-02-04,2.2596,2.2775,2.1915,2.2453,32700530,4.3409,4715712161.52,18544052161.52,16.6491,
000898.SZ,鞍钢股份,2004-02-05,2.2453,2.2632,2.1986,2.2309,25608221,3.3994,4685579815.44,18425559815.44,16.5427,
000898.SZ,鞍钢股份,2004-02-06,2.2237,2.3493,2.1843,2.3027,36375719,4.8288,4836241545.84,19018021545.84,17.0747,
000898.SZ,鞍钢股份,2004-02-09,2.3027,2.3923,2.3027,2.3672,31670256,4.2042,4971837103.2,19551237103.2,17.5534,
000898.SZ,鞍钢股份,2004-02-10,2.3672,2.378,2.256,2.274,25069349,3.3279,4775976853.68,18781036853.68,16.8619,
000898.SZ,鞍钢股份,2004-02-11,2.2775,2.2847,2.152,2.1951,31748652,4.2146,4610248950.24,18129328950.24,16.2768,
000898.SZ,鞍钢股份,2004-02-12,2.1879,2.2058,2.0875,2.109,37316127,4.9536,4429454873.76,17418374873.76,15.6385,
000898.SZ,鞍钢股份,2004-02-13,2.109,2.1484,2.0982,2.1161,13903617,1.8457,4444521046.8,17477621046.8,15.6917,
000898.SZ,鞍钢股份,2004-02-16,2.1341,2.2237,2.1341,2.1986,17062063,2.2649,4617782036.76,18158952036.76,16.3034,
000898.SZ,鞍钢股份,2004-02-17,2.2058,2.2668,2.1664,2.2094,24652121,3.2725,4640381296.32,18247821296.32,16.3832,
000898.SZ,鞍钢股份,2004-02-18,2.1915,2.2883,2.1807,2.2632,28107743,3.7312,4753377594.12,18692167594.12,16.7821,
000898.SZ,鞍钢股份,2004-02-19,2.2632,2.2883,2.2309,2.2417,15702397,2.0845,4708179075,18514429075,16.6225,
000898.SZ,鞍钢股份,2004-02-20,2.2417,2.3098,2.2417,2.2955,21928393,2.9109,4821175372.8,18958775372.8,17.0215,
000898.SZ,鞍钢股份,2004-02-23,2.3027,2.421,2.3027,2.3636,54704070,7.2618,4964304016.68,19521614016.68,17.5268,
000898.SZ,鞍钢股份,2004-02-24,2.3672,2.4282,2.2955,2.4031,37593180,4.9904,5047167968.4,19847467968.4,17.8194,
000898.SZ,鞍钢股份,2004-02-25,2.4354,2.5465,2.3744,2.3887,45543518,6.0458,5017035622.32,19728975622.32,17.713,
000898.SZ,鞍钢股份,2004-02-26,2.378,2.5322,2.3708,2.525,42523017,5.6448,5303292910.08,20854652910.08,18.7236,
000898.SZ,鞍钢股份,2004-02-27,2.5286,2.5932,2.4856,2.4963,46284817,6.1442,5243028217.92,20617668217.92,18.5109,
000898.SZ,鞍钢股份,2004-03-01,2.543,2.543,2.4748,2.4927,22210181,2.9484,5235495131.4,20588045131.4,18.4843,
000898.SZ,鞍钢股份,2004-03-02,2.5035,2.5214,2.4031,2.4605,24501837,3.2526,5167697352.72,20321437352.72,18.2449,
000898.SZ,鞍钢股份,2004-03-03,2.4712,2.5071,2.378,2.4031,16715591,2.219,5047167968.4,19847467968.4,17.8194,
000898.SZ,鞍钢股份,2004-03-04,2.4031,2.4031,2.4031,2.4031,--,--,5047167968.4,19847467968.4,17.8194,
000898.SZ,鞍钢股份,2004-03-05,2.4031,2.4533,2.36,2.36,16646567,2.2098,4956770930.16,19491990930.16,17.5002,
000898.SZ,鞍钢股份,2004-03-08,2.36,2.4138,2.3493,2.3959,10088058,1.3392,5032101795.36,19788221795.36,17.7662,
000898.SZ,鞍钢股份,2004-03-09,2.4031,2.4892,2.3959,2.4174,14720536,1.9541,5077300314.48,19965960314.48,17.9257,
000898.SZ,鞍钢股份,2004-03-10,2.4174,2.4999,2.3887,2.4999,17911829,2.3778,5250561304.44,20647291304.44,18.5375,
000898.SZ,鞍钢股份,2004-03-11,2.5035,2.5358,2.482,2.4856,17798936,2.3628,5220428958.36,20528798958.36,18.4311,
000898.SZ,鞍钢股份,2004-03-12,2.4892,2.5107,2.4641,2.5071,12032234,1.5973,5265627477.48,20706537477.48,18.5906,
000898.SZ,鞍钢股份,2004-03-15,2.5107,2.6362,2.5107,2.6111,34081326,4.5242,5484086986.56,21565606986.56,19.3619,
000898.SZ,鞍钢股份,2004-03-16,2.6183,2.629,2.5681,2.5896,13965138,1.8538,5438888467.44,21387868467.44,19.2024,
000898.SZ,鞍钢股份,2004-03-17,2.5896,2.6039,2.5035,2.5501,18549037,2.4623,5356024515.72,21062014515.72,18.9098,
000898.SZ,鞍钢股份,2004-03-18,2.5501,2.5824,2.5071,2.5107,22193190,2.9461,5273160564,20736160564,18.6172,
000898.SZ,鞍钢股份,2004-03-19,2.543,2.5752,2.4927,2.5609,20782985,2.7589,5378623775.28,21150883775.28,18.9896,
000898.SZ,鞍钢股份,2004-03-22,2.5645,2.5824,2.4927,2.5179,52942247,7.028,5288226737.04,20795406737.04,18.6704,
000898.SZ,鞍钢股份,2004-03-23,2.5107,2.5107,2.4174,2.4605,28178371,3.7406,5167697352.72,20321437352.72,18.2449,
000898.SZ,鞍钢股份,2004-03-24,2.4605,2.4927,2.4318,2.4389,11294633,1.4993,5122498833.6,20143698833.6,18.0853,
000898.SZ,鞍钢股份,2004-03-25,2.4354,2.4605,2.3995,2.4569,10361221,1.3754,5160164266.2,20291814266.2,18.2183,
000898.SZ,鞍钢股份,2004-03-26,2.4569,2.4676,2.3923,2.4318,12725142,1.6892,5107432660.56,20084452660.56,18.0321,
000898.SZ,鞍钢股份,2004-03-29,2.421,2.421,2.3421,2.3493,18523778,2.459,4934171670.6,19403121670.6,17.4204,
000898.SZ,鞍钢股份,2004-03-30,2.3493,2.3923,2.3421,2.3816,11384452,1.5113,5001969449.28,19669729449.28,17.6598,
000898.SZ,鞍钢股份,2004-03-31,2.3851,2.4605,2.3636,2.4533,24585437,3.2615,5156050988.16,20265610988.16,18.1917,
000898.SZ,鞍钢股份,2004-04-01,2.4569,2.4784,2.4354,2.4676,26883842,3.5664,5186203333.12,20384123333.12,18.2981,
000898.SZ,鞍钢股份,2004-04-02,2.4748,2.5143,2.4461,2.4676,30088952,3.9916,5186203333.12,20384123333.12,18.3012,
000898.SZ,鞍钢股份,2004-04-05,2.4892,2.4999,2.3672,2.3887,20585241,2.7308,5020365435.84,19732305435.84,17.716,
000898.SZ,鞍钢股份,2004-04-06,2.3816,2.4031,2.3098,2.3816,16070587,2.1319,5005289263.36,19673049263.36,17.6628,
000898.SZ,鞍钢股份,2004-04-07,2.3816,2.4031,2.3421,2.3636,12138529,1.6103,4967598832.16,19524908832.16,17.5298,
000898.SZ,鞍钢股份,2004-04-08,2.36,2.378,2.3242,2.3672,10683250,1.4172,4975136918.4,19554536918.4,17.5564,
000898.SZ,鞍钢股份,2004-04-09,2.3672,2.3744,2.2596,2.2668,16378047,2.1727,4764070503.68,18724950503.68,16.8115,
000898.SZ,鞍钢股份,2004-04-12,2.2524,2.2524,2.1807,2.2058,14279653,1.8943,4635923037.6,18221273037.6,16.3593,
000898.SZ,鞍钢股份,2004-04-13,2.1986,2.2309,2.1807,2.1807,11924517,1.5819,4583156433.92,18013876433.92,16.1731,
000898.SZ,鞍钢股份,2004-04-14,2.1807,2.2058,2.1269,2.1484,16302608,2.1627,4515313657.76,17747223657.76,15.9337,
000898.SZ,鞍钢股份,2004-04-15,2.152,2.1771,2.1269,2.1341,9574704,1.2702,4485161312.8,17628711312.8,15.8273,
000898.SZ,鞍钢股份,2004-04-16,2.1341,2.2058,2.1305,2.1951,13700865,1.8176,4613308778.88,18132388778.88,16.2795,
000898.SZ,鞍钢股份,2004-04-19,2.2058,2.2166,2.0803,2.0946,14272197,1.8933,4402242364.16,17302802364.16,12.0781,
000898.SZ,鞍钢股份,2004-04-20,2.0803,2.091,1.987,2.0085,16161756,2.144,4221328294.4,16591728294.4,11.5817,
000898.SZ,鞍钢股份,2004-04-21,2.0085,2.0229,1.9261,1.9655,15626933,2.0731,4130871259.52,16236191259.52,11.3335,
000898.SZ,鞍钢股份,2004-04-22,1.9655,2.0265,1.9512,2.0265,10964114,1.4545,4259018725.6,16739868725.6,11.6851,
000898.SZ,鞍钢股份,2004-04-23,2.0157,2.0229,1.9727,1.9834,7532821,0.9993,4168561690.72,16384331690.72,11.4369,
000898.SZ,鞍钢股份,2004-04-26,1.9727,2.0085,1.9225,1.9404,9858812,1.3079,4078104655.84,16028794655.84,11.1888,
000898.SZ,鞍钢股份,2004-04-27,1.9368,1.9547,1.8579,1.8866,11266894,1.4947,3965033362.24,15584373362.24,10.8785,
000898.SZ,鞍钢股份,2004-04-28,1.8651,1.9009,1.8471,1.8758,11108128,1.4736,3942419103.52,15495489103.52,10.8165,
000898.SZ,鞍钢股份,2004-04-29,1.8794,1.9009,1.8328,1.8471,8866702,1.1763,3882114413.6,15258464413.6,10.651,
000898.SZ,鞍钢股份,2004-04-30,1.8292,1.8292,1.6642,1.7144,50597991,6.7123,3603205222.72,14162225222.72,9.7699,
000898.SZ,鞍钢股份,2004-05-10,1.7144,1.718,1.6319,1.6355,18037291,2.3928,3437367325.44,13510407325.44,9.3203,
000898.SZ,鞍钢股份,2004-05-11,1.6427,1.7073,1.6284,1.6929,22427150,2.9752,3557976705.28,13984456705.28,9.6473,
000898.SZ,鞍钢股份,2004-05-12,1.6929,1.7647,1.6857,1.7611,21054423,2.7931,3701200343.84,14547390343.84,10.0356,
000898.SZ,鞍钢股份,2004-05-13,1.7575,1.7611,1.7216,1.7324,13383782,1.7755,3640895653.92,14310365653.92,9.8721,
000898.SZ,鞍钢股份,2004-05-14,1.7288,1.736,1.6463,1.6642,12996204,1.7241,3497672015.36,13747432015.36,9.4838,
000898.SZ,鞍钢股份,2004-05-17,1.6535,1.7001,1.6427,1.675,6785690,0.9002,3520286274.08,13836316274.08,9.5451,
000898.SZ,鞍钢股份,2004-05-18,1.675,1.7754,1.6499,1.7718,19791157,2.6255,3723814602.56,14636274602.56,10.0969,
000898.SZ,鞍钢股份,2004-05-19,1.7718,1.7862,1.736,1.7431,20235067,2.6844,3663509912.64,14399249912.64,9.9334,
000898.SZ,鞍钢股份,2004-05-20,1.7431,1.7431,1.675,1.7216,14229460,1.8877,3618281395.2,14221481395.2,9.8108,
000898.SZ,鞍钢股份,2004-05-21,1.718,1.779,1.7073,1.7431,14491628,1.9225,3663509912.64,14399249912.64,9.9334,
000898.SZ,鞍钢股份,2004-05-24,1.7431,1.7718,1.7288,1.7539,9546515,1.2664,3686124171.36,14488134171.36,9.9947,
000898.SZ,鞍钢股份,2004-05-25,1.7503,1.7503,1.6678,1.6822,10270280,1.3625,3535362446.56,13895572446.56,9.586,
000898.SZ,鞍钢股份,2004-05-26,1.675,1.7288,1.6678,1.7109,6158113,0.8169,3595667136.48,14132597136.48,9.7495,
000898.SZ,鞍钢股份,2004-05-27,1.6965,1.7575,1.6857,1.7395,14819268,1.9659,3655971826.4,14369621826.4,9.913,
000898.SZ,鞍钢股份,2004-05-28,1.7395,1.7431,1.7073,1.7144,6869550,0.9113,3603205222.72,14162225222.72,9.7699,
000898.SZ,鞍钢股份,2004-05-31,1.7144,1.7288,1.7001,1.718,3131800,0.4155,3610743308.96,14191853308.96,9.7904,
000898.SZ,鞍钢股份,2004-06-01,1.718,1.7431,1.6893,1.736,9017238,1.1962,3648433740.16,14339993740.16,9.8926,
000898.SZ,鞍钢股份,2004-06-02,1.736,1.736,1.6678,1.6786,15795300,2.0954,3527824360.32,13865944360.32,9.5655,
000898.SZ,鞍钢股份,2004-06-03,1.6786,1.6929,1.6499,1.6606,11515659,1.5277,3490133929.12,13717803929.12,9.4633,
000898.SZ,鞍钢股份,2004-06-04,1.6606,1.6786,1.6391,1.6463,8313005,1.1028,3459981584.16,13599291584.16,9.3816,
000898.SZ,鞍钢股份,2004-06-07,1.6391,1.6391,1.5674,1.5853,11689925,1.5508,3331834118.08,13095614118.08,9.0341,
000898.SZ,鞍钢股份,2004-06-08,1.5853,1.5997,1.5638,1.571,5738299,0.7612,3301681773.12,12977101773.12,8.9523,
000898.SZ,鞍钢股份,2004-06-09,1.571,1.6355,1.553,1.5638,17522286,2.3245,3286605600.64,12917845600.64,8.9115,
000898.SZ,鞍钢股份,2004-06-10,1.5602,1.6248,1.5602,1.6032,13159226,1.7457,3369524549.28,13243754549.28,9.1363,
000898.SZ,鞍钢股份,2004-06-11,1.6068,1.6355,1.5746,1.5781,11499963,1.5256,3316757945.6,13036357945.6,8.9932,
000898.SZ,鞍钢股份,2004-06-14,1.5817,1.5853,1.5064,1.51,8234861,1.0924,3173534307.04,12473424307.04,8.6049,
000898.SZ,鞍钢股份,2004-06-15,1.51,1.51,1.51,1.51,--,--,3173534307.04,12473424307.04,8.6049,
000898.SZ,鞍钢股份,2004-06-16,1.5459,1.6319,1.5243,1.5889,31972421,4.2415,3339372204.32,13125242204.32,9.0545,
000898.SZ,鞍钢股份,2004-06-17,1.5817,1.5853,1.5459,1.553,10288844,1.3649,3263991341.92,12828961341.92,8.8502,
000898.SZ,鞍钢股份,2004-06-18,1.5494,1.553,1.4598,1.4885,20372078,2.7026,3128305789.6,12295655789.6,8.4822,
000898.SZ,鞍钢股份,2004-06-21,1.4813,1.5172,1.4598,1.5028,6024075,0.7992,3158458134.56,12414168134.56,8.564,
000898.SZ,鞍钢股份,2004-06-22,1.5064,1.5243,1.4921,1.5064,6103956,0.8097,3165996220.8,12443796220.8,8.5844,
000898.SZ,鞍钢股份,2004-06-23,1.5064,1.5064,1.4813,1.4885,4253896,0.5643,3128305789.6,12295655789.6,8.4822,
000898.SZ,鞍钢股份,2004-06-24,1.4921,1.5351,1.4885,1.4921,7631812,1.0124,3135843875.84,12325283875.84,8.5027,
000898.SZ,鞍钢股份,2004-06-25,1.4956,1.5172,1.4813,1.4885,7232870,0.9595,3128305789.6,12295655789.6,8.4822,
000898.SZ,鞍钢股份,2004-06-28,1.4885,1.5315,1.4849,1.5315,10915605,1.4481,3218762824.48,12651192824.48,8.7275,
000898.SZ,鞍钢股份,2004-06-29,1.5459,1.5889,1.5243,1.5889,24368735,3.2327,3339372204.32,13125242204.32,9.0545,
000898.SZ,鞍钢股份,2004-06-30,1.6002,1.6302,1.5776,1.5889,18096734,2.4006,3188775199.95,12532845199.95,8.6458,
000898.SZ,鞍钢股份,2004-07-01,1.5851,1.6715,1.5851,1.6528,24331358,3.2276,3316929286,13036529286,8.9932,
000898.SZ,鞍钢股份,2004-07-02,1.6528,1.6828,1.634,1.664,13976785,1.8541,3339544712.95,13125414712.95,9.0547,
000898.SZ,鞍钢股份,2004-07-05,1.664,1.6753,1.6452,1.6603,6920869,0.9181,3332006237.3,13095786237.3,9.0342,
000898.SZ,鞍钢股份,2004-07-06,1.6603,1.6866,1.6565,1.6678,10954709,1.4532,3347083188.6,13155043188.6,9.0751,
000898.SZ,鞍钢股份,2004-07-07,1.6678,1.6715,1.634,1.6377,4341090,0.5759,3286775383.4,12918015383.4,8.9116,
000898.SZ,鞍钢股份,2004-07-08,1.6377,1.6565,1.6152,1.6227,7186630,0.9533,3256621480.8,12799501480.8,8.8298,
000898.SZ,鞍钢股份,2004-07-09,1.6265,1.649,1.6077,1.6302,6079381,0.8064,3271698432.1,12858758432.1,8.8707,
000898.SZ,鞍钢股份,2004-07-12,1.6152,1.6152,1.5739,1.5776,7570150,1.0042,3166159773,12443959773,8.5846,
000898.SZ,鞍钢股份,2004-07-13,1.5701,1.5927,1.5664,1.5851,4145920,0.55,3181236724.3,12503216724.3,8.6254,
000898.SZ,鞍钢股份,2004-07-14,1.5851,1.6002,1.5589,1.5964,3801592,0.5043,3203852151.25,12592102151.25,8.6868,
000898.SZ,鞍钢股份,2004-07-15,1.5964,1.6152,1.5776,1.6077,5482445,0.7273,3226467578.2,12680987578.2,8.7481,
000898.SZ,鞍钢股份,2004-07-16,1.6152,1.6715,1.6002,1.6678,18691547,2.4795,3347083188.6,13155043188.6,9.0751,
000898.SZ,鞍钢股份,2004-07-19,1.6678,1.6753,1.6415,1.664,10029685,1.3305,3339544712.95,13125414712.95,9.0547,
000898.SZ,鞍钢股份,2004-07-20,1.6603,1.664,1.619,1.6265,6758048,0.8965,3264159956.45,12829129956.45,8.8503,
000898.SZ,鞍钢股份,2004-07-21,1.6227,1.6227,1.5889,1.5964,8641432,1.1463,3203852151.25,12592102151.25,8.6868,
000898.SZ,鞍钢股份,2004-07-22,1.5964,1.6039,1.5551,1.5626,10156434,1.3473,3136005870.4,12325445870.4,8.5028,
000898.SZ,鞍钢股份,2004-07-23,1.5589,1.5626,1.5363,1.5589,8324595,1.1043,3128467394.75,12295817394.75,8.4824,
000898.SZ,鞍钢股份,2004-07-26,1.5589,1.5739,1.5438,1.5626,6163913,0.8177,3136005870.4,12325445870.4,8.5028,
000898.SZ,鞍钢股份,2004-07-27,1.5664,1.5776,1.5476,1.5739,4186423,0.5553,3158621297.35,12414331297.35,8.5641,
000898.SZ,鞍钢股份,2004-07-28,1.5814,1.5851,1.5476,1.5589,4962490,0.6583,3128467394.75,12295817394.75,8.4824,
000898.SZ,鞍钢股份,2004-07-29,1.5589,1.5814,1.5476,1.5776,4717314,0.6258,3166159773,12443959773,8.5846,
000898.SZ,鞍钢股份,2004-07-30,1.5776,1.5851,1.5513,1.5513,3015138,0.4,3113390443.45,12236560443.45,8.4415,
000898.SZ,鞍钢股份,2004-08-02,1.5438,1.5476,1.51,1.5138,5442078,0.7219,3038005686.95,11940275686.95,8.2371,
000898.SZ,鞍钢股份,2004-08-03,1.5138,1.525,1.4912,1.4988,6953990,0.9225,3007851784.35,11821761784.35,8.1553,
000898.SZ,鞍钢股份,2004-08-04,1.4988,1.6152,1.4912,1.5626,11328591,1.5028,3136005870.4,12325445870.4,8.5028,
000898.SZ,鞍钢股份,2004-08-05,1.5589,1.5851,1.5326,1.5326,7217832,0.9575,3075698065.2,12088418065.2,8.3393,
000898.SZ,鞍钢股份,2004-08-06,1.5326,1.5701,1.5288,1.5476,5464535,0.7249,3105851967.8,12206931967.8,8.421,
000898.SZ,鞍钢股份,2004-08-09,1.5513,1.5776,1.5401,1.5664,6618731,0.878,3143544346.05,12355074346.05,8.5232,
000898.SZ,鞍钢股份,2004-08-10,1.5626,1.5889,1.5626,1.5851,6059733,0.8038,3181236724.3,12503216724.3,8.6254,
000898.SZ,鞍钢股份,2004-08-11,1.5814,1.5814,1.5438,1.5476,6178713,0.8196,3105851967.8,12206931967.8,8.0938,
000898.SZ,鞍钢股份,2004-08-12,1.5401,1.5401,1.51,1.5288,4081788,0.5415,3068159589.55,12058789589.55,7.9956,
000898.SZ,鞍钢股份,2004-08-13,1.5288,1.5363,1.5025,1.51,6107006,0.8101,3030467211.3,11910647211.3,7.8974,
000898.SZ,鞍钢股份,2004-08-16,1.5213,1.5288,1.5025,1.5175,3466931,0.4599,3045544162.6,11969904162.6,7.9367,
000898.SZ,鞍钢股份,2004-08-17,1.5175,1.5326,1.5063,1.525,2540193,0.337,3060621113.9,12029161113.9,7.976,
000898.SZ,鞍钢股份,2004-08-18,1.525,1.5438,1.5213,1.5213,2331556,0.3093,3053082638.25,11999532638.25,7.9563,
000898.SZ,鞍钢股份,2004-08-19,1.5213,1.5363,1.51,1.525,3063499,0.4064,3060621113.9,12029161113.9,7.976,
000898.SZ,鞍钢股份,2004-08-20,1.5213,1.5326,1.5063,1.5326,2783897,0.3693,3075698065.2,12088418065.2,8.0153,
000898.SZ,鞍钢股份,2004-08-23,1.5288,1.5288,1.5175,1.5213,1910647,0.2535,3053082638.25,11999532638.25,7.9563,
000898.SZ,鞍钢股份,2004-08-24,1.5138,1.5664,1.5138,1.5476,5079397,0.6738,3105851967.8,12206931967.8,8.0938,
000898.SZ,鞍钢股份,2004-08-25,1.5401,1.5589,1.5326,1.5551,2730566,0.3622,3120928919.1,12266188919.1,8.1331,
000898.SZ,鞍钢股份,2004-08-26,1.5626,1.5889,1.5589,1.5814,9955959,1.3207,3173698248.65,12473588248.65,8.2707,
000898.SZ,鞍钢股份,2004-08-27,1.5776,1.6039,1.5551,1.5664,6746779,0.895,3143544346.05,12355074346.05,8.1921,
000898.SZ,鞍钢股份,2004-08-30,1.5626,1.5814,1.5438,1.5776,2398353,0.3181,3166159773,12443959773,8.251,
000898.SZ,鞍钢股份,2004-08-31,1.5964,1.634,1.5889,1.5964,9260564,1.2284,3203852151.25,12592102151.25,8.3492,
000898.SZ,鞍钢股份,2004-09-01,1.5964,1.6002,1.5626,1.5664,4055860,0.538,3143544346.05,12355074346.05,8.1921,
000898.SZ,鞍钢股份,2004-09-02,1.5626,1.5927,1.5513,1.5851,3421961,0.4539,3181236724.3,12503216724.3,8.2903,
000898.SZ,鞍钢股份,2004-09-03,1.5776,1.5964,1.5701,1.5889,2334342,0.3097,3188775199.95,12532845199.95,8.3099,
000898.SZ,鞍钢股份,2004-09-06,1.5889,1.5964,1.5739,1.5927,2155951,0.286,3196313675.6,12562473675.6,8.3296,
000898.SZ,鞍钢股份,2004-09-07,1.5889,1.6152,1.5851,1.6114,6238373,0.8275,3234006053.85,12710616053.85,8.4278,
000898.SZ,鞍钢股份,2004-09-08,1.6077,1.6227,1.5964,1.6114,5716368,0.7583,3234006053.85,12710616053.85,8.4278,
000898.SZ,鞍钢股份,2004-09-09,1.6114,1.6114,1.5626,1.5814,5084277,0.6744,3173698248.65,12473588248.65,8.2707,
000898.SZ,鞍钢股份,2004-09-10,1.5776,1.5964,1.5438,1.5889,7393586,0.9808,3188775199.95,12532845199.95,8.3099,
000898.SZ,鞍钢股份,2004-09-13,1.5851,1.5851,1.5476,1.5513,2740638,0.3636,3113390443.45,12236560443.45,8.1135,
000898.SZ,鞍钢股份,2004-09-14,1.5589,1.6039,1.5589,1.5927,5177566,0.6868,3196313675.6,12562473675.6,8.3296,
000898.SZ,鞍钢股份,2004-09-15,1.5927,1.6978,1.5889,1.6528,24823033,3.2928,3316929286,13036529286,8.6439,
000898.SZ,鞍钢股份,2004-09-16,1.6715,1.7392,1.649,1.7129,30159932,4.0008,3437544896.4,13510584896.4,8.9582,
000898.SZ,鞍钢股份,2004-09-17,1.7166,1.7579,1.6941,1.7579,30944878,4.1049,3528006604.2,13866126604.2,9.194,
000898.SZ,鞍钢股份,2004-09-20,1.7654,1.8368,1.7542,1.8293,28396692,3.7669,3671237641.55,14429067641.55,9.5672,
000898.SZ,鞍钢股份,2004-09-21,1.8255,2.0134,1.7993,1.9758,54611428,7.2444,3965238191.9,15584578191.9,10.3334,
000898.SZ,鞍钢股份,2004-09-22,1.9758,2.0096,1.9119,1.927,45431270,6.0266,3867238008.45,15199408008.45,10.078,
000898.SZ,鞍钢股份,2004-09-23,1.9157,1.9908,1.8969,1.9908,26028975,3.4528,3995392094.5,15703092094.5,10.412,
000898.SZ,鞍钢股份,2004-09-24,2.0096,2.1035,1.9533,1.957,67345159,8.9335,3927545813.65,15436435813.65,10.2352,
000898.SZ,鞍钢股份,2004-09-27,2.0134,2.1373,1.9946,2.0547,48168625,6.3897,4123546180.55,16206776180.55,10.746,
000898.SZ,鞍钢股份,2004-09-28,2.0622,2.111,2.0584,2.0772,36375295,4.8253,4168777034.45,16384547034.45,10.8638,
000898.SZ,鞍钢股份,2004-09-29,2.0772,2.1035,2.0209,2.0359,27684743,3.6725,4085853802.3,16058633802.3,10.6477,
000898.SZ,鞍钢股份,2004-09-30,2.0284,2.0847,2.0284,2.0772,25663521,3.4042,4168982147.68,16384752147.68,10.8638,
000898.SZ,鞍钢股份,2004-10-08,2.0772,2.1148,2.0284,2.111,15582153,2.0669,4236831766.72,16651411766.72,11.0406,
000898.SZ,鞍钢股份,2004-10-11,2.1185,2.1636,2.0772,2.1223,22147588,2.9378,4259448306.4,16740298306.4,11.0997,
000898.SZ,鞍钢股份,2004-10-12,2.111,2.1223,2.0434,2.0735,14930688,1.9805,4161443301.12,16355123301.12,10.8443,
000898.SZ,鞍钢股份,2004-10-13,2.0735,2.0847,1.9157,1.9946,31157104,4.1329,4003127523.36,15732917523.36,10.4318,
000898.SZ,鞍钢股份,2004-10-14,1.9758,2.0058,1.9345,1.9533,17663183,2.343,3920200211.2,15407000211.2,10.2157,
000898.SZ,鞍钢股份,2004-10-15,1.9457,1.972,1.9082,1.9683,8431341,1.1184,3950355597.44,15525515597.44,10.2942,
000898.SZ,鞍钢股份,2004-10-18,1.9608,2.0096,1.9608,1.9908,20253480,2.6865,3995588676.8,15703288676.8,10.4121,
000898.SZ,鞍钢股份,2004-10-19,1.9983,2.0434,1.9908,2.0359,13752414,1.8242,4086054835.52,16058834835.52,10.6479,
000898.SZ,鞍钢股份,2004-10-20,2.0397,2.0847,2.0171,2.0359,10931920,1.4501,4086054835.52,16058834835.52,10.6479,
000898.SZ,鞍钢股份,2004-10-21,2.0321,2.0622,1.9195,1.9495,15038988,1.9949,3912661364.64,15377371364.64,10.196,
000898.SZ,鞍钢股份,2004-10-22,1.9345,1.9758,1.9082,1.9645,8095772,1.0739,3942816750.88,15495886750.88,10.2746,
000898.SZ,鞍钢股份,2004-10-25,1.9645,1.9833,1.7692,1.773,23360808,3.0987,3558335576.32,13984815576.32,9.2727,
000898.SZ,鞍钢股份,2004-10-26,1.7467,1.8218,1.7316,1.7654,15499314,2.0559,3543257883.2,13925557883.2,8.0863,
000898.SZ,鞍钢股份,2004-10-27,1.7467,1.818,1.7467,1.8105,5894126,0.7818,3633724041.92,14281104041.92,8.2928,
000898.SZ,鞍钢股份,2004-10-28,1.818,1.8594,1.7917,1.8143,8349386,1.1075,3641262888.48,14310732888.48,8.31,
000898.SZ,鞍钢股份,2004-10-29,1.7767,1.8368,1.7392,1.7805,10152092,1.3466,3573413269.44,14044073269.44,8.1551,
000898.SZ,鞍钢股份,2004-11-01,1.7805,1.8143,1.7467,1.7993,4916354,0.6521,3611107502.24,14192217502.24,8.2412,
000898.SZ,鞍钢股份,2004-11-02,1.773,1.8068,1.773,1.803,5382265,0.7139,3618646348.8,14221846348.8,8.2584,
000898.SZ,鞍钢股份,2004-11-03,1.803,1.8556,1.803,1.8406,6308696,0.8368,3694034814.4,14518134814.4,8.4304,
000898.SZ,鞍钢股份,2004-11-04,1.8406,1.8894,1.7955,1.8255,4439003,0.5888,3663879428.16,14399619428.16,8.3616,
000898.SZ,鞍钢股份,2004-11-05,1.8406,1.8443,1.7805,1.803,4098993,0.5437,3618646348.8,14221846348.8,8.2584,
000898.SZ,鞍钢股份,2004-11-08,1.7955,1.7955,1.7467,1.773,3148082,0.4176,3558335576.32,13984815576.32,8.1207,
000898.SZ,鞍钢股份,2004-11-09,1.7767,1.7842,1.6903,1.7467,11382573,1.5099,3505563650.4,13777413650.4,8.0003,
000898.SZ,鞍钢股份,2004-11-10,1.7429,1.7955,1.6941,1.7955,20418450,2.7084,3603568655.68,14162588655.68,8.2239,
000898.SZ,鞍钢股份,2004-11-11,1.7955,1.8368,1.773,1.803,13802923,1.8309,3618646348.8,14221846348.8,8.2584,
000898.SZ,鞍钢股份,2004-11-12,1.7955,1.8218,1.788,1.803,7104512,0.9424,3618646348.8,14221846348.8,8.2584,
000898.SZ,鞍钢股份,2004-11-15,1.803,1.8331,1.803,1.8293,6334529,0.8403,3671418274.72,14429248274.72,8.3788,
000898.SZ,鞍钢股份,2004-11-16,1.8406,2.0096,1.8331,1.9683,45450115,6.0288,3950355597.44,15525515597.44,9.0154,
000898.SZ,鞍钢股份,2004-11-17,1.9533,1.9796,1.9232,1.9533,15138844,2.0081,3920200211.2,15407000211.2,8.9466,
000898.SZ,鞍钢股份,2004-11-18,1.9457,1.972,1.9232,1.9608,7342585,0.974,3935277904.32,15466257904.32,8.981,
000898.SZ,鞍钢股份,2004-11-19,1.9495,1.9946,1.9382,1.9833,10136615,1.3446,3980510983.68,15644030983.68,9.0842,
000898.SZ,鞍钢股份,2004-11-22,1.9833,2.0584,1.972,2.0096,15729565,2.0865,4033282909.6,15851432909.6,9.2046,
000898.SZ,鞍钢股份,2004-11-23,2.0284,2.0284,1.9533,1.9871,6805397,0.9027,3988049830.24,15673659830.24,9.1014,
000898.SZ,鞍钢股份,2004-11-24,1.9683,1.9833,1.942,1.9645,5057550,0.6709,3942816750.88,15495886750.88,8.9982,
000898.SZ,鞍钢股份,2004-11-25,1.9533,1.9758,1.9382,1.9645,2964620,0.3932,3942816750.88,15495886750.88,8.9982,
000898.SZ,鞍钢股份,2004-11-26,1.9645,2.0359,1.957,2.0209,11179963,1.483,4055899449.28,15940319449.28,9.2562,
000898.SZ,鞍钢股份,2004-11-29,2.0209,2.0397,1.9758,2.0171,6473098,0.8586,4048360602.72,15910690602.72,9.239,
000898.SZ,鞍钢股份,2004-11-30,2.0096,2.0096,1.9796,1.9983,4038560,0.5357,4010666369.92,15762546369.92,9.153,
000898.SZ,鞍钢股份,2004-12-01,1.9833,2.0096,1.9307,1.9457,6267455,0.8314,3905122518.08,15347742518.08,8.9121,
000898.SZ,鞍钢股份,2004-12-02,1.9457,1.972,1.9082,1.9608,5198163,0.6895,3935277904.32,15466257904.32,8.981,
000898.SZ,鞍钢股份,2004-12-03,1.9608,2.0096,1.9457,1.972,7020339,0.9312,3957894444,15555144444,9.0326,
000898.SZ,鞍钢股份,2004-12-06,1.9683,2.0246,1.9457,2.0096,8234724,1.0923,4033282909.6,15851432909.6,9.2046,
000898.SZ,鞍钢股份,2004-12-07,2.0096,2.0284,1.9908,2.0021,6644961,0.8814,4018205216.48,15792175216.48,9.1702,
000898.SZ,鞍钢股份,2004-12-08,2.0021,2.0735,2.0021,2.0584,20487163,2.7175,4131287914.88,16236607914.88,9.4283,
000898.SZ,鞍钢股份,2004-12-09,2.0584,2.1862,2.0434,2.1185,40772549,5.4083,4251909459.84,16710669459.84,9.7036,
000898.SZ,鞍钢股份,2004-12-10,2.1035,2.1223,2.0209,2.0622,12510324,1.6594,4138826761.44,16266236761.44,9.4455,
000898.SZ,鞍钢股份,2004-12-13,2.0246,2.081,2.0096,2.081,6590047,0.8741,4176520994.24,16414380994.24,9.5315,
000898.SZ,鞍钢股份,2004-12-14,2.081,2.1035,2.0284,2.0697,5225221,0.6931,4153904454.56,16325494454.56,9.4799,
000898.SZ,鞍钢股份,2004-12-15,2.0847,2.1523,2.0847,2.1448,20830764,2.7631,4304681385.76,16918071385.76,9.824,
000898.SZ,鞍钢股份,2004-12-16,2.1486,2.1824,2.1261,2.1561,25258407,3.3504,4327297925.44,17006957925.44,9.8756,
000898.SZ,鞍钢股份,2004-12-17,2.1599,2.1711,2.0922,2.1223,7920482,1.0506,4259448306.4,16740298306.4,9.7208,
000898.SZ,鞍钢股份,2004-12-20,2.096,2.1035,2.0284,2.0397,9148821,1.2136,4093593682.08,16088463682.08,9.3423,
000898.SZ,鞍钢股份,2004-12-21,2.0284,2.066,2.0246,2.0509,6774653,0.8986,4116210221.76,16177350221.76,9.3939,
000898.SZ,鞍钢股份,2004-12-22,2.0509,2.1223,2.0397,2.1185,11416651,1.5144,4251909459.84,16710669459.84,9.7036,
000898.SZ,鞍钢股份,2004-12-23,2.111,2.111,2.0547,2.0697,6098943,0.809,4153904454.56,16325494454.56,9.4799,
000898.SZ,鞍钢股份,2004-12-24,2.0547,2.1148,2.0509,2.0847,5352342,0.71,4184059840.8,16444009840.8,9.5487,
000898.SZ,鞍钢股份,2004-12-27,2.0735,2.1336,2.0735,2.1336,7533252,0.9993,4282064846.08,16829184846.08,9.7724,
000898.SZ,鞍钢股份,2004-12-28,2.1373,2.1674,2.1185,2.1486,10426712,1.3831,4312220232.32,16947700232.32,9.8412,
000898.SZ,鞍钢股份,2004-12-29,2.1448,2.1674,2.1185,2.1411,11649738,1.5453,4297142539.2,16888442539.2,9.8068,
000898.SZ,鞍钢股份,2004-12-30,2.1411,2.1411,2.1411,2.1411,--,--,4297142539.2,16888442539.2,9.8068,
000898.SZ,鞍钢股份,2004-12-31,2.1411,2.1636,2.0697,2.1336,30107382,3.9933,4282391957.28,16829511957.28,9.7724,
000898.SZ,鞍钢股份,2005-01-04,2.096,2.111,2.0434,2.0622,12909436,1.7123,4139142930.54,16266552930.54,9.4455,
000898.SZ,鞍钢股份,2005-01-05,2.0584,2.0622,1.9833,2.0096,11386901,1.5103,4033591016.1,15851741016.1,9.2046,
000898.SZ,鞍钢股份,2005-01-06,1.9983,2.0096,1.9457,1.9608,12461853,1.6529,3935578524.12,15466558524.12,8.981,
000898.SZ,鞍钢股份,2005-01-07,1.9533,1.9833,1.942,1.972,4893738,0.6491,3958196791.5,15555446791.5,9.0326,
000898.SZ,鞍钢股份,2005-01-10,1.9645,2.0058,1.9382,1.9946,3749097,0.4973,4003433326.26,15733223326.26,9.1358,
000898.SZ,鞍钢股份,2005-01-11,1.9946,2.0171,1.9833,2.0096,4651226,0.6169,4033591016.1,15851741016.1,9.2046,
000898.SZ,鞍钢股份,2005-01-12,2.0096,2.0321,1.9946,2.0284,3168514,0.4203,4071288128.4,15999888128.4,9.2908,
000898.SZ,鞍钢股份,2005-01-13,2.0209,2.0547,2.0058,2.0509,4304186,0.5709,4116524663.16,16177664663.16,9.3941,
000898.SZ,鞍钢股份,2005-01-14,2.0472,2.0697,2.0284,2.0472,5251206,0.6965,4108985240.7,16148035240.7,9.3769,
000898.SZ,鞍钢股份,2005-01-17,2.0209,2.0284,1.9871,2.0134,4551507,0.6037,4041130438.56,15881370438.56,9.222,
000898.SZ,鞍钢股份,2005-01-18,2.0021,2.0584,1.9908,2.0472,5175142,0.6864,4108985240.7,16148035240.7,9.3769,
000898.SZ,鞍钢股份,2005-01-19,2.0209,2.0509,2.0171,2.0284,2841298,0.3769,4071288128.4,15999888128.4,9.2908,
000898.SZ,鞍钢股份,2005-01-20,2.0134,2.0284,1.9946,2.0058,3649161,0.484,4026051593.64,15822111593.64,9.1876,
000898.SZ,鞍钢股份,2005-01-21,2.0058,2.111,1.9908,2.096,8725673,1.1573,4206997732.68,16533217732.68,9.6005,
000898.SZ,鞍钢股份,2005-01-24,2.111,2.1261,2.0735,2.1185,13879366,1.8409,4252234267.44,16710994267.44,9.7038,
000898.SZ,鞍钢股份,2005-01-25,2.1185,2.1448,2.081,2.1373,7146771,0.9479,4289931379.74,16859141379.74,9.7898,
000898.SZ,鞍钢股份,2005-01-26,2.1373,2.1486,2.1035,2.111,5420838,0.719,4237155422.52,16651735422.52,9.6693,
000898.SZ,鞍钢股份,2005-01-27,2.1035,2.1298,2.0922,2.0998,9404413,1.2474,4214537155.14,16562847155.14,9.6177,
000898.SZ,鞍钢股份,2005-01-28,2.096,2.1336,2.081,2.111,5885722,0.7807,4237155422.52,16651735422.52,9.6693,
000898.SZ,鞍钢股份,2005-01-31,2.111,2.111,2.0772,2.0922,7016284,0.9306,4199458310.22,16503588310.22,9.5833,
000898.SZ,鞍钢股份,2005-02-01,2.0885,2.1073,2.0697,2.0998,6646887,0.8816,4214537155.14,16562847155.14,9.6177,
000898.SZ,鞍钢股份,2005-02-02,2.0922,2.2463,2.0847,2.235,28984268,3.8444,4485956363.7,17629506363.7,10.2371,
000898.SZ,鞍钢股份,2005-02-03,2.2275,2.2613,2.1824,2.2275,15343303,2.0351,4470877518.78,17570247518.78,10.2027,
000898.SZ,鞍钢股份,2005-02-04,2.235,2.2951,2.2012,2.2763,18746098,2.4864,4568890010.76,17955430010.76,10.4264,
000898.SZ,鞍钢股份,2005-02-16,2.2763,2.3439,2.2725,2.2801,10809256,1.4337,4576429433.22,17985059433.22,10.4436,
000898.SZ,鞍钢股份,2005-02-17,2.2913,2.2913,2.2012,2.2237,7870891,1.044,4463338096.32,17540618096.32,10.1855,
000898.SZ,鞍钢股份,2005-02-18,2.2237,2.2538,2.2012,2.2312,4601649,0.6103,4478416941.24,17599876941.24,10.2199,
000898.SZ,鞍钢股份,2005-02-21,2.2312,2.2725,2.1974,2.2613,12947385,1.7173,4538732320.92,17836912320.92,10.3576,
000898.SZ,鞍钢股份,2005-02-22,2.2688,2.3439,2.2575,2.3326,14193081,1.8825,4681981347.66,18399871347.66,10.6845,
000898.SZ,鞍钢股份,2005-02-23,2.2538,2.3439,2.2463,2.2951,23852315,3.1637,4606587123.06,18103577123.06,10.5124,
000898.SZ,鞍钢股份,2005-02-24,2.2951,2.3026,2.25,2.2913,6794092,0.9011,4599047700.6,18073947700.6,10.4952,
000898.SZ,鞍钢股份,2005-02-25,2.2838,2.3439,2.2725,2.2988,16468704,2.1843,4614126545.52,18133206545.52,10.5296,
000898.SZ,鞍钢股份,2005-02-28,2.2988,2.2988,2.2988,2.2988,--,--,4614126545.52,18133206545.52,10.5296,
000898.SZ,鞍钢股份,2005-03-01,2.2725,2.2876,2.25,2.2575,8766623,1.1628,4531192898.46,17807282898.46,10.3404,
000898.SZ,鞍钢股份,2005-03-02,2.2538,2.2613,2.1561,2.1561,15607455,2.0701,4327628492.04,17007288492.04,9.8758,
000898.SZ,鞍钢股份,2005-03-03,2.1561,2.1824,2.1223,2.1786,11079997,1.4696,4372865026.8,17185065026.8,9.979,
000898.SZ,鞍钢股份,2005-03-04,2.1824,2.1937,2.1636,2.1749,6838607,0.907,4365325604.34,17155435604.34,9.9618,
000898.SZ,鞍钢股份,2005-03-07,2.1749,2.2538,2.1674,2.2162,13436581,1.7822,4448259251.4,17481359251.4,10.1511,
000898.SZ,鞍钢股份,2005-03-08,2.2237,2.2538,2.2162,2.2275,15985995,2.1203,4470877518.78,17570247518.78,10.2027,
000898.SZ,鞍钢股份,2005-03-09,2.235,2.235,2.1786,2.2124,9061920,1.2019,4440719828.94,17451729828.94,10.1339,
000898.SZ,鞍钢股份,2005-03-10,2.2087,2.2124,2.1185,2.1298,8160540,1.0824,4274852534.82,16799882534.82,9.7554,
000898.SZ,鞍钢股份,2005-03-11,2.1298,2.1523,2.0735,2.081,6151898,0.8159,4177080761.38,16414940761.38,9.5317,
000898.SZ,鞍钢股份,2005-03-14,2.0885,2.1636,2.0472,2.0847,12651015,1.6779,4184620618.35,16444570618.35,9.5489,
000898.SZ,鞍钢股份,2005-03-15,2.081,2.081,2.0434,2.0547,10147016,1.3458,4124301762.59,16207531762.59,9.4113,
000898.SZ,鞍钢股份,2005-03-16,2.096,2.096,2.0246,2.0321,6648718,0.8818,4079062620.77,16029752620.77,9.308,
000898.SZ,鞍钢股份,2005-03-17,2.0359,2.0509,2.0096,2.0134,14525243,1.9265,4041363335.92,15881603335.92,8.9405,
000898.SZ,鞍钢股份,2005-03-18,2.0096,2.0735,1.9983,2.066,10742718,1.4248,4146921333.5,16296421333.5,9.1742,
000898.SZ,鞍钢股份,2005-03-21,2.066,2.096,2.0509,2.0847,6420226,0.8515,4184620618.35,16444570618.35,9.2576,
000898.SZ,鞍钢股份,2005-03-22,2.0847,2.0847,1.9758,2.0096,9814537,1.3017,4033823478.95,15851973478.95,8.924,
000898.SZ,鞍钢股份,2005-03-23,2.0021,2.0472,1.972,1.9908,6872434,0.9115,3996124194.1,15703824194.1,8.8406,
000898.SZ,鞍钢股份,2005-03-24,1.9908,2.0321,1.9758,2.0321,8367162,1.1097,4079062620.77,16029752620.77,9.024,
000898.SZ,鞍钢股份,2005-03-25,2.0397,2.066,2.0171,2.066,8650444,1.1473,4146921333.5,16296421333.5,9.1742,
000898.SZ,鞍钢股份,2005-03-28,2.0735,2.0735,2.0209,2.0397,5067836,0.6721,4094142334.71,16089012334.71,9.0574,
000898.SZ,鞍钢股份,2005-03-29,2.0284,2.0584,2.0209,2.0397,3136938,0.416,4094142334.71,16089012334.71,9.0574,
000898.SZ,鞍钢股份,2005-03-30,2.0284,2.066,2.0058,2.0284,5057725,0.6708,4071522763.8,16000122763.8,9.0074,
000898.SZ,鞍钢股份,2005-03-31,1.9908,2.0209,1.9645,2.0058,5445661,0.7222,4026283621.98,15822343621.98,8.9073,
000898.SZ,鞍钢股份,2005-04-01,1.9983,2.1223,1.9946,2.111,19753837,2.6199,4237399617.14,16651979617.14,9.3743,
000898.SZ,鞍钢股份,2005-04-04,2.0847,2.1148,2.0584,2.0885,15779906,2.0929,4192160475.32,16474200475.32,9.2743,
000898.SZ,鞍钢股份,2005-04-05,2.0622,2.1035,2.0021,2.0284,11082115,1.4698,4071522763.8,16000122763.8,9.0074,
000898.SZ,鞍钢股份,2005-04-06,1.9908,2.0171,1.9082,1.9533,18569048,2.4628,3920725624.4,15407525624.4,8.6738,
000898.SZ,鞍钢股份,2005-04-07,1.9533,1.9983,1.9082,1.9608,16624717,2.2049,3935805338.34,15466785338.34,8.7071,
000898.SZ,鞍钢股份,2005-04-08,1.9608,1.9946,1.9345,1.972,7644464,1.0139,3958424909.25,15555674909.25,8.7572,
000898.SZ,鞍钢股份,2005-04-11,1.9608,1.9645,1.9082,1.9195,14455885,1.9173,3852866911.67,15140856911.67,8.5236,
000898.SZ,鞍钢股份,2005-04-12,1.9119,1.9157,1.8518,1.8556,15938790,2.1139,3724689343.18,14637149343.18,8.2401,
000898.SZ,鞍钢股份,2005-04-13,1.8631,1.9307,1.8631,1.927,17219567,2.2838,3867946625.61,15200116625.61,8.557,
000898.SZ,鞍钢股份,2005-04-14,1.9345,1.9533,1.8894,1.9007,7801661,1.0347,3815167626.82,14992707626.82,8.4402,
000898.SZ,鞍钢股份,2005-04-15,1.8781,1.9119,1.8631,1.9044,4099528,0.5437,3822707483.79,15022337483.79,8.4569,
000898.SZ,鞍钢股份,2005-04-18,1.9007,1.9007,1.8443,1.8781,4368003,0.5793,3769928485,14814928485,8.3402,
000898.SZ,鞍钢股份,2005-04-19,1.8894,1.9119,1.8706,1.9082,4609367,0.6113,3830247340.76,15051967340.76,7.1699,
000898.SZ,鞍钢股份,2005-04-20,1.9119,1.942,1.8819,1.9232,11319823,1.5013,3860406768.64,15170486768.64,7.2263,
000898.SZ,鞍钢股份,2005-04-21,1.9232,1.927,1.8518,1.8819,6372375,0.8452,3777468341.97,14844558341.97,7.0711,
000898.SZ,鞍钢股份,2005-04-22,1.8819,1.9044,1.8331,1.8368,6592648,0.8744,3686990058.33,14489000058.33,6.9017,
000898.SZ,鞍钢股份,2005-04-25,1.8218,1.8218,1.7467,1.7542,8216190,1.0897,3521113204.99,13837143204.99,6.5912,
000898.SZ,鞍钢股份,2005-04-26,1.7467,1.7767,1.7053,1.7617,8087589,1.0726,3536192918.93,13896402918.93,6.6194,
000898.SZ,鞍钢股份,2005-04-27,1.7504,1.7767,1.7241,1.7316,6897869,0.9149,3475874063.17,13659364063.17,6.5065,
000898.SZ,鞍钢股份,2005-04-28,1.7316,1.7316,1.6941,1.7204,12866631,1.7065,3453254492.26,13570474492.26,6.4642,
000898.SZ,鞍钢股份,2005-04-29,1.7129,1.7392,1.6791,1.6866,9819695,1.3024,3385395779.53,13303805779.53,6.3371,
000898.SZ,鞍钢股份,2005-05-09,1.6866,1.6866,1.6866,1.6866,--,--,3385395779.53,13303805779.53,6.3371,
000898.SZ,鞍钢股份,2005-05-10,1.6528,1.6753,1.6152,1.6678,6783668,0.8997,3347696494.68,13155656494.68,6.2666,
000898.SZ,鞍钢股份,2005-05-11,1.6753,1.6753,1.6302,1.6528,2540780,0.337,3317537066.8,13037137066.8,6.2101,
000898.SZ,鞍钢股份,2005-05-12,1.6452,1.664,1.5776,1.5927,6818232,0.9043,3196899355.28,12563059355.28,5.9843,
000898.SZ,鞍钢股份,2005-05-13,1.5814,1.6152,1.5814,1.6077,4090265,0.5425,3227058783.16,12681578783.16,6.0408,
000898.SZ,鞍钢股份,2005-05-16,1.6152,1.6152,1.4988,1.5363,10585842,1.404,3083801500.73,12118611500.73,5.7726,
000898.SZ,鞍钢股份,2005-05-17,1.5326,1.5664,1.5175,1.5551,9727341,1.2901,3121500785.58,12266760785.58,5.8432,
000898.SZ,鞍钢股份,2005-05-18,1.5632,1.5753,1.5429,1.551,6703500,0.8891,2887765219.51,11348235219.51,5.4056,
000898.SZ,鞍钢股份,2005-05-19,1.5591,1.6361,1.4903,1.6158,19185472,2.5445,3008402931.03,11822312931.03,5.6314,
000898.SZ,鞍钢股份,2005-05-20,1.6037,1.6482,1.5875,1.6158,8918364,1.1828,3008402931.03,11822312931.03,5.6314,
000898.SZ,鞍钢股份,2005-05-23,1.6158,1.6158,1.5794,1.5956,6726497,0.8921,2970703646.18,11674163646.18,5.5609,
000898.SZ,鞍钢股份,2005-05-24,1.5956,1.5956,1.5308,1.5794,15384690,2.0404,2940544218.3,11555644218.3,5.5044,
000898.SZ,鞍钢股份,2005-05-25,1.5672,1.6077,1.551,1.5956,14547145,1.9294,2970703646.18,11674163646.18,5.5609,
000898.SZ,鞍钢股份,2005-05-26,1.5875,1.6158,1.5753,1.5834,9341843,1.239,2948084075.27,11585274075.27,5.5185,
000898.SZ,鞍钢股份,2005-05-27,1.5834,1.6037,1.5672,1.5753,3650595,0.4842,2933004361.33,11526014361.33,5.4903,
000898.SZ,鞍钢股份,2005-05-30,1.5713,1.6077,1.5632,1.6037,6238165,0.8274,2985783360.12,11733423360.12,5.5891,
000898.SZ,鞍钢股份,2005-05-31,1.6158,1.6239,1.5875,1.5956,5127611,0.6801,2970703646.18,11674163646.18,5.5609,
000898.SZ,鞍钢股份,2005-06-01,1.6037,1.6442,1.5915,1.5996,12805298,1.6983,2978243503.15,11703793503.15,5.575,
000898.SZ,鞍钢股份,2005-06-02,1.5996,1.6037,1.5632,1.5834,5915653,0.7846,2948084075.27,11585274075.27,5.5185,
000898.SZ,鞍钢股份,2005-06-03,1.5794,1.5794,1.5389,1.5713,5033470,0.6676,2925464504.36,11496384504.36,5.4762,
000898.SZ,鞍钢股份,2005-06-06,1.5713,1.5956,1.547,1.5956,7359905,0.9761,2970703646.18,11674163646.18,5.5609,
000898.SZ,鞍钢股份,2005-06-07,1.5956,1.6199,1.5551,1.5672,13342389,1.7696,2917924647.39,11466754647.39,5.4621,
000898.SZ,鞍钢股份,2005-06-08,1.551,1.7211,1.551,1.7049,42738439,5.6683,3174279784.37,12474169784.37,5.942,
000898.SZ,鞍钢股份,2005-06-09,1.7009,1.7373,1.6563,1.7009,41693426,5.5297,3166739927.4,12444539927.4,5.9278,
000898.SZ,鞍钢股份,2005-06-10,1.6968,1.7049,1.628,1.6563,19803237,2.6265,3083801500.73,12118611500.73,5.7726,
000898.SZ,鞍钢股份,2005-06-13,1.6523,1.6604,1.5996,1.6442,16202578,2.1489,3061181929.82,12029721929.82,5.7302,
000898.SZ,鞍钢股份,2005-06-14,1.6523,1.6968,1.632,1.6482,16657971,2.2093,3068721786.79,12059351786.79,5.7444,
000898.SZ,鞍钢股份,2005-06-15,1.6482,1.6523,1.6077,1.6158,9599689,1.2732,3008402931.03,11822312931.03,5.6314,
000898.SZ,鞍钢股份,2005-06-16,1.6158,1.6401,1.5915,1.6199,11178734,1.4826,3015942788,11851942788,5.6456,
000898.SZ,鞍钢股份,2005-06-17,1.6563,1.6847,1.6401,1.6442,30634760,4.063,3061181929.82,12029721929.82,5.7302,
000898.SZ,鞍钢股份,2005-06-20,1.6523,1.7171,1.628,1.709,23865741,3.1653,3181819641.34,12503799641.34,5.9561,
000898.SZ,鞍钢股份,2005-06-21,1.709,1.709,1.6442,1.6523,15688431,2.0807,3076261643.76,12088981643.76,5.7585,
000898.SZ,鞍钢股份,2005-06-22,1.6482,1.6563,1.6199,1.6401,12328156,1.6351,3053642072.85,12000092072.85,5.7161,
000898.SZ,鞍钢股份,2005-06-23,1.6401,1.6644,1.628,1.6361,11503811,1.5257,3046102215.88,11970462215.88,5.702,
000898.SZ,鞍钢股份,2005-06-24,1.632,1.6442,1.6118,1.632,9603202,1.2737,3038562358.91,11940832358.91,5.6879,
000898.SZ,鞍钢股份,2005-06-27,1.6523,1.6685,1.632,1.6604,25927418,3.4387,3091341357.7,12148241357.7,5.7867,
000898.SZ,鞍钢股份,2005-06-28,1.6563,1.6563,1.5996,1.6118,25354871,3.3628,3000863074.06,11792683074.06,5.6173,
000898.SZ,鞍钢股份,2005-06-29,1.6077,1.6523,1.5672,1.5713,18734710,2.4848,2925464504.36,11496384504.36,5.4762,
000898.SZ,鞍钢股份,2005-06-30,1.5591,1.5915,1.4944,1.4984,16491500,2.1872,2789747078.9,10963047078.9,5.2221,
000898.SZ,鞍钢股份,2005-07-01,1.4984,1.5065,1.462,1.4741,9012737,1.1953,2744507937.08,10785267937.08,5.1375,
000898.SZ,鞍钢股份,2005-07-04,1.466,1.4741,1.4134,1.4579,13840774,1.8357,2714348509.2,10666748509.2,5.081,
000898.SZ,鞍钢股份,2005-07-05,1.4498,1.462,1.4174,1.4417,10281665,1.3636,2684189081.32,10548229081.32,5.0245,
000898.SZ,鞍钢股份,2005-07-06,1.4377,1.462,1.4296,1.4336,4278350,0.5674,2669109367.38,10488969367.38,4.9963,
000898.SZ,鞍钢股份,2005-07-07,1.4417,1.4539,1.4336,1.4498,4007692,0.5315,2699268795.26,10607488795.26,5.0528,
000898.SZ,鞍钢股份,2005-07-08,1.4377,1.4458,1.4012,1.4093,6082600,0.8067,2623870225.56,10311190225.56,4.9116,
000898.SZ,鞍钢股份,2005-07-11,1.4336,1.4579,1.4012,1.4053,7683400,1.019,2616330368.59,10281560368.59,4.8975,
000898.SZ,鞍钢股份,2005-07-12,1.4053,1.462,1.385,1.4498,15348126,2.0356,2699268795.26,10607488795.26,5.0528,
000898.SZ,鞍钢股份,2005-07-13,1.4458,1.4701,1.4296,1.4498,7526900,0.9983,2699268795.26,10607488795.26,5.0528,
000898.SZ,鞍钢股份,2005-07-14,1.4498,1.4782,1.4417,1.4539,8152554,1.0813,2706808652.23,10637118652.23,5.0669,
000898.SZ,鞍钢股份,2005-07-15,1.4539,1.466,1.4093,1.4174,7378798,0.9786,2638949939.5,10370449939.5,4.9399,
000898.SZ,鞍钢股份,2005-07-18,1.4174,1.4377,1.4012,1.4255,4589176,0.6087,2654029653.44,10429709653.44,4.9681,
000898.SZ,鞍钢股份,2005-07-19,1.4174,1.4539,1.4174,1.4458,6911600,0.9167,2691728938.29,10577858938.29,5.0387,
000898.SZ,鞍钢股份,2005-07-20,1.4417,1.5025,1.4377,1.5025,18338495,2.4322,2797286935.87,10992676935.87,5.2363,
000898.SZ,鞍钢股份,2005-07-21,1.4984,1.547,1.4863,1.5389,18555892,2.461,2865145648.6,11259345648.6,5.3633,
000898.SZ,鞍钢股份,2005-07-22,1.5267,1.5632,1.5146,1.5348,22110335,2.9325,2857605791.63,11229715791.63,5.3492,
000898.SZ,鞍钢股份,2005-07-25,1.5348,1.5429,1.5267,1.5389,8472852,1.1237,2865145648.6,11259345648.6,5.3633,
000898.SZ,鞍钢股份,2005-07-26,1.5389,1.6118,1.5389,1.5915,24765258,3.2846,2963163789.21,11644533789.21,5.5468,
000898.SZ,鞍钢股份,2005-07-27,1.5875,1.628,1.5794,1.6239,20570295,2.7282,3023482644.97,11881572644.97,5.6597,
000898.SZ,鞍钢股份,2005-07-28,1.6239,1.632,1.5956,1.6158,10355628,1.3735,3008402931.03,11822312931.03,5.6314,
000898.SZ,鞍钢股份,2005-07-29,1.6077,1.6239,1.5794,1.6239,12014755,1.5935,3023482644.97,11881572644.97,5.6597,
000898.SZ,鞍钢股份,2005-08-01,1.6199,1.6482,1.6077,1.628,8671186,1.15,3031022501.94,11911202501.94,5.6738,
000898.SZ,鞍钢股份,2005-08-02,1.628,1.709,1.6118,1.7009,22317764,2.96,3166739927.4,12444539927.4,5.9278,
000898.SZ,鞍钢股份,2005-08-03,1.7009,1.7616,1.6928,1.7414,23366010,3.099,3242138497.1,12740838497.1,6.069,
000898.SZ,鞍钢股份,2005-08-04,1.7414,1.7535,1.713,1.7292,12626776,1.6747,3219518926.19,12651948926.19,6.0266,
000898.SZ,鞍钢股份,2005-08-05,1.7414,1.79,1.7414,1.7819,16038930,2.1272,3317537066.8,13037137066.8,6.2101,
000898.SZ,鞍钢股份,2005-08-08,1.7859,1.8467,1.7819,1.8224,16260841,2.1567,3392935636.5,13333435636.5,6.3513,
000898.SZ,鞍钢股份,2005-08-09,1.8224,1.8264,1.7535,1.79,16624041,2.2048,3332616780.74,13096396780.74,6.2383,
000898.SZ,鞍钢股份,2005-08-10,1.79,1.8305,1.7414,1.8021,16697937,2.2146,3355236351.65,13185286351.65,6.2807,
000898.SZ,鞍钢股份,2005-08-11,1.8021,1.8912,1.7819,1.875,27207774,3.6085,3490953777.11,13718623777.11,6.5347,
000898.SZ,鞍钢股份,2005-08-12,1.8831,1.9236,1.8467,1.8629,23958179,3.1775,3468334206.2,13629734206.2,6.4924,
000898.SZ,鞍钢股份,2005-08-15,1.8831,1.9277,1.8629,1.9236,15829583,2.0995,3581432060.75,14074182060.75,6.1124,
000898.SZ,鞍钢股份,2005-08-16,1.9236,1.9601,1.8831,1.9236,22796547,3.0235,3581432060.75,14074182060.75,6.1124,
000898.SZ,鞍钢股份,2005-08-17,1.9196,1.9196,1.8507,1.8669,16161982,2.1435,3475874063.17,13659364063.17,5.9323,
000898.SZ,鞍钢股份,2005-08-18,1.8791,1.8953,1.7819,1.79,34355087,4.5565,3332616780.74,13096396780.74,5.6878,
000898.SZ,鞍钢股份,2005-08-19,1.7859,1.8305,1.7738,1.8021,11507433,1.5262,3355236351.65,13185286351.65,5.7264,
000898.SZ,鞍钢股份,2005-08-22,1.794,1.8264,1.7819,1.8183,9319114,1.236,3385395779.53,13303805779.53,5.7779,
000898.SZ,鞍钢股份,2005-08-23,1.8062,1.8791,1.7981,1.8305,21070768,2.7946,3408015350.44,13392695350.44,5.8165,
000898.SZ,鞍钢股份,2005-08-24,1.8386,1.9034,1.8305,1.8831,19649691,2.6061,3506033491.05,13777883491.05,5.9837,
000898.SZ,鞍钢股份,2005-08-25,1.8831,1.8872,1.8467,1.8588,6773554,0.8984,3460794349.23,13600104349.23,5.9065,
000898.SZ,鞍钢股份,2005-08-26,1.8507,1.875,1.8183,1.8669,9773797,1.2963,3475874063.17,13659364063.17,5.9323,
000898.SZ,鞍钢股份,2005-08-29,1.8629,1.8629,1.7859,1.79,9360871,1.2415,3332616780.74,13096396780.74,5.6878,
000898.SZ,鞍钢股份,2005-08-30,1.7859,1.8264,1.7616,1.794,9003024,1.1941,3340156637.71,13126026637.71,5.7006,
000898.SZ,鞍钢股份,2005-08-31,1.794,1.8264,1.79,1.8224,3409498,0.4522,3392935636.5,13333435636.5,5.7907,
000898.SZ,鞍钢股份,2005-09-01,1.8183,1.8588,1.794,1.8386,6641990,0.8809,3423095064.38,13451955064.38,5.8422,
000898.SZ,鞍钢股份,2005-09-02,1.8467,1.8507,1.8183,1.8264,5091239,0.6752,3400475493.47,13363065493.47,5.8036,
000898.SZ,鞍钢股份,2005-09-05,1.8264,1.8345,1.7981,1.8264,4231025,0.5612,3400475493.47,13363065493.47,5.8036,
000898.SZ,鞍钢股份,2005-09-06,1.8264,1.8993,1.8143,1.8507,13639184,1.8089,3445714635.29,13540844635.29,5.8808,
000898.SZ,鞍钢股份,2005-09-07,1.8507,1.8791,1.8386,1.871,6995333,0.9278,3483413920.14,13688993920.14,5.9451,
000898.SZ,鞍钢股份,2005-09-08,1.8791,1.9034,1.8548,1.8548,6941940,0.9207,3453254492.26,13570474492.26,5.8937,
000898.SZ,鞍钢股份,2005-09-09,1.8507,1.875,1.8183,1.8305,5528303,0.7332,3408015350.44,13392695350.44,5.8165,
000898.SZ,鞍钢股份,2005-09-12,1.8305,1.8305,1.794,1.8021,8108705,1.0754,3355236351.65,13185286351.65,5.7264,
000898.SZ,鞍钢股份,2005-09-13,1.8021,1.875,1.8021,1.871,7039262,0.9336,3483413920.14,13688993920.14,5.9451,
000898.SZ,鞍钢股份,2005-09-14,1.871,1.8912,1.8629,1.8872,9871875,1.3093,3513573348.02,13807513348.02,5.9966,
000898.SZ,鞍钢股份,2005-09-15,1.8872,1.8953,1.8629,1.8629,3760101,0.4987,3468334206.2,13629734206.2,5.9194,
000898.SZ,鞍钢股份,2005-09-16,1.8791,1.8791,1.8386,1.8467,2380101,0.3157,3438174778.32,13511214778.32,5.8679,
000898.SZ,鞍钢股份,2005-09-19,1.8548,1.8588,1.8143,1.8345,6360662,0.8436,3415555207.41,13422325207.41,5.8293,
000898.SZ,鞍钢股份,2005-09-20,1.8426,1.8426,1.7819,1.8102,12393950,1.6438,3370316065.59,13244546065.59,5.7521,
000898.SZ,鞍钢股份,2005-09-21,1.8102,1.8102,1.7252,1.7373,11860208,1.573,3234598640.13,12711208640.13,5.5205,
000898.SZ,鞍钢股份,2005-09-22,1.7373,1.7414,1.6482,1.6685,10424785,1.3826,3106421071.64,12207501071.64,5.3017,
000898.SZ,鞍钢股份,2005-09-23,1.6725,1.6968,1.6685,1.6725,5647151,0.749,3113960928.61,12237130928.61,5.3146,
000898.SZ,鞍钢股份,2005-09-26,1.6725,1.6928,1.5713,1.5875,17782914,2.3585,2955623932.24,11614903932.24,5.0444,
000898.SZ,鞍钢股份,2005-09-27,1.5956,1.6199,1.5753,1.6118,14266109,1.8921,3000863074.06,11792683074.06,5.1216,
000898.SZ,鞍钢股份,2005-09-28,1.6037,1.6077,1.5834,1.5996,7833791,1.039,2978243503.15,11703793503.15,5.083,
000898.SZ,鞍钢股份,2005-09-29,1.6077,1.6968,1.6077,1.6968,15160732,2.0107,3159200070.43,12414910070.43,5.3918,
000898.SZ,鞍钢股份,2005-09-30,1.7171,1.7616,1.709,1.7576,15594737,2.0683,3272297924.98,12859357924.98,5.5848,
000898.SZ,鞍钢股份,2005-10-10,1.7009,1.7292,1.6685,1.6725,13663090,1.8121,3113960928.61,12237130928.61,5.3146,
000898.SZ,鞍钢股份,2005-10-11,1.6725,1.6928,1.6563,1.6766,5936622,0.7874,3121500785.58,12266760785.58,5.3275,
000898.SZ,鞍钢股份,2005-10-12,1.6928,1.7171,1.6806,1.6928,13454490,1.7844,3151660213.46,12385280213.46,5.3789,
000898.SZ,鞍钢股份,2005-10-13,1.6887,1.709,1.6523,1.6766,11355092,1.506,3121500785.58,12266760785.58,5.3275,
000898.SZ,鞍钢股份,2005-10-14,1.7009,1.7697,1.6928,1.7576,34646201,4.5951,3272297924.98,12859357924.98,5.5848,
000898.SZ,鞍钢股份,2005-10-17,1.7576,1.7576,1.7576,1.7576,--,--,3272297924.98,12859357924.98,5.5848,
000898.SZ,鞍钢股份,2005-10-18,1.7576,1.7576,1.7576,1.7576,--,--,3272297924.98,12859357924.98,5.5848,
000898.SZ,鞍钢股份,2005-10-19,1.7576,1.7576,1.7576,1.7576,--,--,3272297924.98,12859357924.98,5.5848,
000898.SZ,鞍钢股份,2005-10-20,1.7576,1.7576,1.7576,1.7576,--,--,3272297924.98,12859357924.98,5.5848,
000898.SZ,鞍钢股份,2005-10-21,1.7576,1.7576,1.7576,1.7576,--,--,3272297924.98,12859357924.98,5.5848,
000898.SZ,鞍钢股份,2005-10-24,1.7576,1.7576,1.7576,1.7576,--,--,3272297924.98,12859357924.98,5.5848,
000898.SZ,鞍钢股份,2005-10-25,1.7576,1.7576,1.7576,1.7576,--,--,3272297924.98,12859357924.98,5.5848,
000898.SZ,鞍钢股份,2005-10-26,1.7576,1.7576,1.7576,1.7576,--,--,3272297924.98,12859357924.98,5.5848,
000898.SZ,鞍钢股份,2005-10-27,1.7576,1.7576,1.7576,1.7576,--,--,3272297924.98,12859357924.98,5.6035,
000898.SZ,鞍钢股份,2005-10-28,1.7576,1.7576,1.7576,1.7576,--,--,3272297924.98,12859357924.98,5.6035,
000898.SZ,鞍钢股份,2005-10-31,1.6604,1.8588,1.5996,1.8264,60375156,8.0075,3400475493.47,13363065493.47,5.823,
000898.SZ,鞍钢股份,2005-11-01,1.8264,1.871,1.8102,1.8669,25754129,3.4157,3475874063.17,13659364063.17,5.9521,
000898.SZ,鞍钢股份,2005-11-02,1.8669,1.8831,1.8386,1.8588,15167863,2.0117,3460794349.23,13600104349.23,5.9263,
000898.SZ,鞍钢股份,2005-11-03,1.8548,1.8669,1.8264,1.8548,15605154,2.0697,3453254492.26,13570474492.26,5.9134,
000898.SZ,鞍钢股份,2005-11-04,1.8548,1.8548,1.7819,1.8183,17389505,2.3063,3385395779.53,13303805779.53,5.7972,
000898.SZ,鞍钢股份,2005-11-07,1.8183,1.8467,1.7819,1.8386,7584600,1.0059,3423095064.38,13451955064.38,5.8617,
000898.SZ,鞍钢股份,2005-11-08,1.8305,1.8548,1.8305,1.8426,11682861,1.5495,3430634921.35,13481584921.35,5.8747,
000898.SZ,鞍钢股份,2005-11-09,1.8386,1.8467,1.8143,1.8183,13739830,1.8223,3385395779.53,13303805779.53,5.7972,
000898.SZ,鞍钢股份,2005-11-10,1.8183,1.8507,1.8102,1.8386,14211829,1.8849,3423095064.38,13451955064.38,5.8617,
000898.SZ,鞍钢股份,2005-11-11,1.8426,1.8872,1.8264,1.8669,21695309,2.8774,3475874063.17,13659364063.17,5.9521,
000898.SZ,鞍钢股份,2005-11-14,1.8669,1.8669,1.8669,1.8669,--,--,3475874063.17,13659364063.17,5.9521,
000898.SZ,鞍钢股份,2005-11-15,1.8669,1.8669,1.8669,1.8669,--,--,3475874063.17,13659364063.17,5.9521,
000898.SZ,鞍钢股份,2005-11-16,1.8669,1.8669,1.8669,1.8669,--,--,3475874063.17,13659364063.17,5.9521,
000898.SZ,鞍钢股份,2005-11-17,1.8669,1.8669,1.8669,1.8669,--,--,3475874063.17,13659364063.17,5.9521,
000898.SZ,鞍钢股份,2005-11-18,1.8669,1.8669,1.8669,1.8669,--,--,3475874063.17,13659364063.17,5.9521,
000898.SZ,鞍钢股份,2005-11-21,1.8669,1.8669,1.8669,1.8669,--,--,3475874063.17,13659364063.17,5.9521,
000898.SZ,鞍钢股份,2005-11-22,1.8669,1.8669,1.8669,1.8669,--,--,3475874063.17,13659364063.17,5.9521,
000898.SZ,鞍钢股份,2005-11-23,1.8669,1.8669,1.8669,1.8669,--,--,3475874063.17,13659364063.17,5.9521,
000898.SZ,鞍钢股份,2005-11-24,1.8669,1.8669,1.8669,1.8669,--,--,3475874063.17,13659364063.17,5.9521,
000898.SZ,鞍钢股份,2005-11-25,1.8669,1.8669,1.8669,1.8669,--,--,3475874063.17,13659364063.17,5.9521,
000898.SZ,鞍钢股份,2005-11-28,1.8669,1.8669,1.8669,1.8669,--,--,3475874063.17,13659364063.17,5.9521,
000898.SZ,鞍钢股份,2005-11-29,1.8669,1.8669,1.8669,1.8669,--,--,3475874063.17,13659364063.17,5.9521,
000898.SZ,鞍钢股份,2005-11-30,1.8669,1.8669,1.8669,1.8669,--,--,3475874063.17,13659364063.17,5.9521,
000898.SZ,鞍钢股份,2005-12-01,1.8669,1.8669,1.8669,1.8669,--,--,3475874063.17,13659364063.17,5.9521,
000898.SZ,鞍钢股份,2005-12-02,1.9591,2.1666,1.9489,2.0856,166381302,17.6542,3882876988.52,12207501071.64,5.3195,
000898.SZ,鞍钢股份,2005-12-05,2.1008,2.1362,2.0654,2.1312,86290059,9.156,3967697116.91,12474169784.37,5.4357,
000898.SZ,鞍钢股份,2005-12-06,2.121,2.1362,2.0654,2.0907,30734760,3.2612,3892301447.23,12237130928.61,5.3324,
000898.SZ,鞍钢股份,2005-12-07,2.0704,2.0704,1.9742,1.9894,31414141,3.3333,3703812273.03,11644533789.21,5.0742,
000898.SZ,鞍钢股份,2005-12-08,1.9793,2.0046,1.9236,1.9489,27816054,2.9515,3628416603.35,11407494933.45,4.9709,
000898.SZ,鞍钢股份,2005-12-09,1.9489,1.9945,1.9337,1.9844,15246893,1.6178,3694387814.32,11614903932.24,5.0612,
000898.SZ,鞍钢股份,2005-12-12,1.9793,2.0198,1.954,2.0147,14324856,1.52,3750934566.58,11792683074.06,5.1387,
000898.SZ,鞍钢股份,2005-12-13,2.0046,2.0097,1.9692,1.9894,6492329,0.6889,3703812273.03,11644533789.21,5.0742,
000898.SZ,鞍钢股份,2005-12-14,1.9793,1.9894,1.954,1.9742,7872897,0.8354,3675538896.9,11555644218.3,5.0354,
000898.SZ,鞍钢股份,2005-12-15,1.9844,2.0046,1.9742,1.9894,8842213,0.9382,3703812273.03,11644533789.21,5.0742,
000898.SZ,鞍钢股份,2005-12-16,1.9945,1.9996,1.9641,1.9742,8527545,0.9048,3675538896.9,11555644218.3,5.0354,
000898.SZ,鞍钢股份,2005-12-19,1.9742,1.9844,1.9236,1.9793,16570142,1.7582,3684963355.61,11585274075.27,5.0483,
000898.SZ,鞍钢股份,2005-12-20,1.9793,1.9844,1.9337,1.954,9600241,1.0187,3637841062.06,11437124790.42,4.9838,
000898.SZ,鞍钢股份,2005-12-21,1.954,1.9692,1.9337,1.9489,10335640,1.0967,3628416603.35,11407494933.45,4.9709,
000898.SZ,鞍钢股份,2005-12-22,1.9439,1.9742,1.9388,1.9641,11105470,1.1784,3656689979.48,11496384504.36,5.0096,
000898.SZ,鞍钢股份,2005-12-23,1.9641,1.9996,1.9489,1.9793,14726521,1.5626,3684963355.61,11585274075.27,5.0483,
000898.SZ,鞍钢股份,2005-12-26,1.9793,1.9996,1.9692,1.9844,7846876,0.8326,3694387814.32,11614903932.24,5.0612,
000898.SZ,鞍钢股份,2005-12-27,1.9844,2.0147,1.9793,2.0046,9133940,0.9692,3732085649.16,11733423360.12,5.1129,
000898.SZ,鞍钢股份,2005-12-28,2.0046,2.0046,2.0046,2.0046,--,--,3732085649.16,11733423360.12,5.1129,
000898.SZ,鞍钢股份,2005-12-29,2.0147,2.0603,1.9894,2.0046,12827727,1.3611,3732085649.16,11733423360.12,5.1129,
000898.SZ,鞍钢股份,2005-12-30,2.0147,2.0198,1.9489,1.9945,12643531,1.3416,3713236731.74,11674163646.18,5.0871,
000898.SZ,鞍钢股份,2006-01-04,1.9742,1.9894,1.9489,1.9742,16035416,1.7015,3675538896.9,11555644218.3,5.0354,
000898.SZ,鞍钢股份,2006-01-05,1.9742,2.0198,1.9641,2.0147,21510278,2.2824,3750934566.58,11792683074.06,5.1387,
000898.SZ,鞍钢股份,2006-01-06,2.0249,2.0704,2.0147,2.0299,23520247,2.4957,3779207942.71,11881572644.97,5.1774,
000898.SZ,鞍钢股份,2006-01-09,2.035,2.0654,1.9996,2.0502,20119695,2.1348,3816905777.55,12000092072.85,5.2291,
000898.SZ,鞍钢股份,2006-01-10,2.0552,2.0654,2.0198,2.0552,13631691,1.4464,3826330236.26,12029721929.82,5.242,
000898.SZ,鞍钢股份,2006-01-11,2.0502,2.0907,2.035,2.0704,20525685,2.1779,3854603612.39,12118611500.73,5.2807,
000898.SZ,鞍钢股份,2006-01-12,2.0704,2.0704,2.035,2.0603,11697235,1.2412,3835754694.97,12059351786.79,5.2549,
000898.SZ,鞍钢股份,2006-01-13,2.0603,2.0603,2.0147,2.0198,10494852,1.1136,3760359025.29,11822312931.03,5.1516,
000898.SZ,鞍钢股份,2006-01-16,2.0198,2.0249,1.9742,1.9742,8578073,0.9102,3675538896.9,11555644218.3,5.0354,
000898.SZ,鞍钢股份,2006-01-17,1.9742,2.0046,1.9591,1.9894,13876070,1.4723,3703812273.03,11644533789.21,5.0742,
000898.SZ,鞍钢股份,2006-01-18,1.9844,2.0198,1.9793,2.0097,11211680,1.1896,3741510107.87,11763053217.09,5.1258,
000898.SZ,鞍钢股份,2006-01-19,2.0097,2.2122,2.0046,2.1818,57733563,6.1259,4061941704.01,12770468354.07,5.5648,
000898.SZ,鞍钢股份,2006-01-20,2.1717,2.2122,2.121,2.1362,27649187,2.9338,3977121575.62,12503799641.34,5.4486,
000898.SZ,鞍钢股份,2006-01-23,2.1312,2.2425,2.1312,2.1717,27523488,2.9204,4043092786.59,12711208640.13,5.539,
000898.SZ,鞍钢股份,2006-01-24,2.1767,2.2375,2.1565,2.2071,18176607,1.9287,4109063997.56,12918617638.92,5.6293,
000898.SZ,鞍钢股份,2006-01-25,2.2071,2.3033,2.197,2.2628,24125751,2.5599,4212733043.37,13244546065.59,5.7714,
000898.SZ,鞍钢股份,2006-02-06,2.4906,2.4906,2.44,2.4906,31017152,3.2911,4636833685.32,14577889629.24,6.3524,
000898.SZ,鞍钢股份,2006-02-07,2.5311,2.5564,2.4501,2.5463,36206667,3.8418,4740502731.13,14903818055.91,6.4944,
000898.SZ,鞍钢股份,2006-02-08,2.5513,2.5564,2.4703,2.4855,20493575,2.1745,4627409226.61,14548259772.27,6.3395,
000898.SZ,鞍钢股份,2006-02-09,2.4754,2.4805,2.359,2.3944,21211688,2.2507,4457768969.83,14014922346.81,6.1071,
000898.SZ,鞍钢股份,2006-02-10,2.3944,2.4501,2.3792,2.4349,22786597,2.4178,4533164639.51,14251961202.57,6.2104,
000898.SZ,鞍钢股份,2006-02-13,2.4349,2.5564,2.4197,2.4956,27028405,2.8679,4646258144.03,14607519486.21,6.3653,
000898.SZ,鞍钢股份,2006-02-14,2.5007,2.521,2.445,2.4551,9931028,1.0538,4570862474.35,14370480630.45,6.262,
000898.SZ,鞍钢股份,2006-02-15,2.4602,2.4956,2.3539,2.359,25400434,2.6952,4391797758.86,13807513348.02,6.0167,
000898.SZ,鞍钢股份,2006-02-16,2.359,2.3893,2.3235,2.3539,23948545,2.5411,4382373300.15,13777883491.05,6.0038,
000898.SZ,鞍钢股份,2006-02-17,2.3691,2.4855,2.3387,2.4754,16500983,1.7509,4608560309.19,14489000058.33,6.3136,
000898.SZ,鞍钢股份,2006-02-20,2.4602,2.5513,2.44,2.4703,24164936,2.5641,4599135850.48,14459370201.36,6.3007,
000898.SZ,鞍钢股份,2006-02-21,2.4703,2.607,2.445,2.607,46723371,4.9577,4853596235.65,15259376339.55,6.6493,
000898.SZ,鞍钢股份,2006-02-22,2.6121,2.7589,2.602,2.7285,50652603,5.3746,5079783244.69,15970492906.83,6.9592,
000898.SZ,鞍钢股份,2006-02-23,2.7589,2.7893,2.6323,2.7133,26848224,2.8488,5051509868.56,15881603335.92,6.9205,
000898.SZ,鞍钢股份,2006-02-24,2.7234,2.7589,2.6728,2.7285,23452464,2.4885,5079783244.69,15970492906.83,6.9592,
000898.SZ,鞍钢股份,2006-02-27,2.7234,2.7234,2.6424,2.6475,13995957,1.4851,4928991905.33,15496415195.31,6.7526,
000898.SZ,鞍钢股份,2006-02-28,2.6424,2.6981,2.607,2.6728,19203712,2.0376,4976114198.88,15644564480.16,6.8172,
000898.SZ,鞍钢股份,2006-03-01,2.6829,2.6829,2.6222,2.6526,11710959,1.2426,4938416364.04,15526045052.28,6.7655,
000898.SZ,鞍钢股份,2006-03-02,2.6374,2.6475,2.5412,2.5564,21458245,2.2769,4759351648.55,14963077769.85,6.5202,
000898.SZ,鞍钢股份,2006-03-03,2.5564,2.5868,2.5361,2.5564,13582942,1.4412,4759351648.55,14963077769.85,6.5202,
000898.SZ,鞍钢股份,2006-03-06,2.5564,2.688,2.5564,2.6222,15118400,1.6042,4881869611.78,15348265910.46,6.6881,
000898.SZ,鞍钢股份,2006-03-07,2.6576,2.6576,2.5868,2.607,11451934,1.2151,4853596235.65,15259376339.55,6.6493,
000898.SZ,鞍钢股份,2006-03-08,2.5817,2.5918,2.3792,2.4703,25439339,2.6993,4599135850.48,14459370201.36,6.3007,
000898.SZ,鞍钢股份,2006-03-09,2.4703,2.4805,2.4298,2.4703,8626142,0.9153,4599135850.48,14459370201.36,6.3007,
000898.SZ,鞍钢股份,2006-03-10,2.526,2.607,2.521,2.5412,14861991,1.577,4731078272.42,14874188198.94,6.4815,
000898.SZ,鞍钢股份,2006-03-13,2.5412,2.6121,2.5412,2.5918,13095318,1.3895,4825322859.52,30376886768.64,13.2369,
000898.SZ,鞍钢股份,2006-03-14,2.5918,2.6222,2.5716,2.5918,7758763,0.8233,4825322859.52,30376886768.64,13.2369,
000898.SZ,鞍钢股份,2006-03-15,2.5918,2.7285,2.5918,2.688,14705044,1.5603,5004387575.01,31504154051.07,13.7281,
000898.SZ,鞍钢股份,2006-03-16,2.6779,2.688,2.5918,2.6171,17908278,1.9002,4872445153.07,30673536053.49,13.3661,
000898.SZ,鞍钢股份,2006-03-17,2.6171,2.6475,2.5918,2.6121,9020008,0.9571,4863020694.36,30614206196.52,13.3403,
000898.SZ,鞍钢股份,2006-03-20,2.607,2.6526,2.5766,2.6526,7257483,0.7701,4938416364.04,31088845052.28,13.5471,
000898.SZ,鞍钢股份,2006-03-21,2.6171,2.6576,2.602,2.6273,10019448,1.0631,4891294070.49,30792195767.43,13.4178,
000898.SZ,鞍钢股份,2006-03-22,2.6222,2.6222,2.521,2.5766,18474783,1.9603,4797049483.39,30198897197.73,13.1593,
000898.SZ,鞍钢股份,2006-03-23,2.5564,2.5716,2.5007,2.5311,27407012,2.9081,4712229355,29664928485,12.9266,
000898.SZ,鞍钢股份,2006-03-24,2.5564,2.6171,2.5058,2.5969,33880229,3.5949,4834747318.23,30436216625.61,13.2627,
000898.SZ,鞍钢股份,2006-03-27,2.5918,2.6323,2.5615,2.6171,10994786,1.1666,4872445153.07,30673536053.49,13.3661,
000898.SZ,鞍钢股份,2006-03-28,2.6323,2.769,2.6171,2.7639,39668405,4.2091,5145754455.66,32394101905.62,14.1159,
000898.SZ,鞍钢股份,2006-03-29,2.7639,2.8399,2.7083,2.7639,26914520,2.8558,5145754455.66,32394101905.62,14.1159,
000898.SZ,鞍钢股份,2006-03-30,2.7589,2.8095,2.7234,2.7538,13533719,1.436,5126905538.24,32275442191.68,14.0642,
000898.SZ,鞍钢股份,2006-03-31,2.7437,2.8348,2.7336,2.7741,15261954,1.6194,5164603373.08,32512761619.56,14.1676,
000898.SZ,鞍钢股份,2006-04-03,2.8399,2.9209,2.8297,2.8601,24456982,2.5951,5324819171.15,33521369188.05,14.6071,
000898.SZ,鞍钢股份,2006-04-04,2.85,2.8854,2.7943,2.8449,16480583,1.7487,5296545795.02,33343379617.14,14.5295,
000898.SZ,鞍钢股份,2006-04-05,2.8399,2.8601,2.8044,2.8297,8849654,0.939,5268272418.89,33165390046.23,14.452,
000898.SZ,鞍钢股份,2006-04-06,2.8247,2.8652,2.8095,2.8348,10504140,1.1146,5277696877.6,33224719903.2,14.4778,
000898.SZ,鞍钢股份,2006-04-07,2.8196,2.8247,2.7133,2.7285,16096064,1.7079,5079783244.69,31978792906.83,13.9349,
000898.SZ,鞍钢股份,2006-04-10,2.7285,2.7994,2.7083,2.7893,13143886,1.3947,5192876749.21,32690751190.47,14.2451,
000898.SZ,鞍钢股份,2006-04-11,2.7943,2.9006,2.7336,2.8551,19806122,2.1016,5315394712.44,33462039331.08,16.0915,
000898.SZ,鞍钢股份,2006-04-12,2.85,2.8702,2.7336,2.7639,12506338,1.327,5145754455.66,32394101905.62,15.5779,
000898.SZ,鞍钢股份,2006-04-13,2.7538,2.9158,2.7386,2.8551,27025271,2.8676,5315394712.44,33462039331.08,16.0915,
000898.SZ,鞍钢股份,2006-04-14,2.9361,3.1335,2.931,3.0424,37719565,4.0023,5664099684.71,35657244038.97,17.1472,
000898.SZ,鞍钢股份,2006-04-17,3.0525,3.1031,2.9867,3.098,18816188,1.9965,5767768730.52,36309872465.64,17.461,
000898.SZ,鞍钢股份,2006-04-18,3.1031,3.3613,3.0373,3.255,33423087,3.5464,6059926950.53,38149098031.71,18.3455,
000898.SZ,鞍钢股份,2006-04-19,3.2398,3.2651,3.1132,3.2043,22928919,2.4329,5965682363.43,37555799462.01,18.0601,
000898.SZ,鞍钢股份,2006-04-20,3.1892,3.2904,3.179,3.2195,19031324,2.0194,5993955739.56,37733789032.92,18.1457,
000898.SZ,鞍钢股份,2006-04-21,3.1892,3.2398,3.1031,3.179,21604548,2.2924,5918560069.88,37259150177.16,17.9175,
000898.SZ,鞍钢股份,2006-04-24,3.1892,3.2398,2.9766,3.012,29768803,3.1587,5607552932.45,35301264897.15,13.7081,
000898.SZ,鞍钢股份,2006-04-25,2.9968,3.0019,2.8095,2.9259,49467616,5.2489,5447337134.38,34292657328.66,13.3164,
000898.SZ,鞍钢股份,2006-04-26,2.9107,3.017,2.85,3.0069,31772189,3.3712,5598128473.74,35241935040.18,13.685,
000898.SZ,鞍钢股份,2006-04-27,3.0069,3.0373,2.85,2.9057,27636093,2.9324,5409639299.54,34055337900.78,13.2243,
000898.SZ,鞍钢股份,2006-04-28,2.8348,2.8399,2.7336,2.8297,41115815,4.3627,5268272418.89,33165390046.23,12.8787,
000898.SZ,鞍钢股份,2006-05-08,2.8348,3.0474,2.8196,3.0424,41059194,4.3567,5664099684.71,35657244038.97,13.8463,
000898.SZ,鞍钢股份,2006-05-09,3.0373,3.1132,2.9816,3.093,36909966,3.9164,5758344271.81,36250542608.67,14.0767,
000898.SZ,鞍钢股份,2006-05-10,3.098,3.1132,2.9614,3.0474,46299638,4.9127,5673524143.42,35716573895.94,13.8694,
000898.SZ,鞍钢股份,2006-05-11,3.0373,3.0829,2.9361,2.9512,38548604,4.0903,5494459427.93,34589306613.51,13.4316,
000898.SZ,鞍钢股份,2006-05-12,2.9462,3.0474,2.9361,3.0221,23024357,2.443,5626401849.87,35419924611.09,13.7542,
000898.SZ,鞍钢股份,2006-05-15,3.0373,3.2651,3.0272,3.255,70588665,7.4899,6059926950.53,38149098031.71,14.8139,
000898.SZ,鞍钢股份,2006-05-16,3.2651,3.3613,3.0879,3.098,60166916,6.3841,5767768730.52,36309872465.64,14.0997,
000898.SZ,鞍钢股份,2006-05-17,3.0879,3.1689,3.0474,3.098,30691245,3.2566,5767768730.52,36309872465.64,14.0997,
000898.SZ,鞍钢股份,2006-05-18,3.0879,3.1385,3.0069,3.0727,25437602,2.6991,5720646436.97,36013223180.79,13.9846,
000898.SZ,鞍钢股份,2006-05-19,3.0727,3.2904,3.0677,3.1841,45173518,4.7932,5927984528.59,37318480034.13,14.4914,
000898.SZ,鞍钢股份,2006-05-22,3.1892,3.336,3.1335,3.2145,50472871,5.3555,5984531280.85,37674459175.95,14.6296,
000898.SZ,鞍钢股份,2006-05-23,3.1841,3.1841,2.9411,3.0069,50756980,5.3857,5598128473.74,35241935040.18,13.685,
000898.SZ,鞍钢股份,2006-05-24,3.0221,3.1132,2.8601,3.0373,33928544,3.6001,5654675226,35597914182,13.8233,
000898.SZ,鞍钢股份,2006-05-25,3.0373,3.0474,2.9361,3.0272,14833610,1.5739,5635826308.58,35479254468.06,13.7772,
000898.SZ,鞍钢股份,2006-05-26,3.0424,3.093,3.0272,3.0575,22321621,2.3685,5692373060.84,35835233609.88,13.9154,
000898.SZ,鞍钢股份,2006-05-29,3.0829,3.2398,3.0525,3.174,41193213,4.3709,5909135611.17,37199820320.19,14.4453,
000898.SZ,鞍钢股份,2006-05-30,3.179,3.1993,3.0272,3.0829,36455165,3.8681,5739495354.39,36131882894.73,14.0306,
000898.SZ,鞍钢股份,2006-05-31,3.0829,3.1132,3.0272,3.0474,24124001,2.5597,5673524143.42,35716573895.94,13.8694,
000898.SZ,鞍钢股份,2006-06-01,3.0626,3.0879,3.0322,3.0727,27101296,2.8756,5720646436.97,36013223180.79,13.9846,
000898.SZ,鞍钢股份,2006-06-02,3.0626,3.0829,2.9664,2.9766,32220111,3.4188,5541581721.48,34885955898.36,13.5468,
000898.SZ,鞍钢股份,2006-06-05,2.9614,3.0272,2.9462,2.9968,19890564,2.1105,5579279556.32,35123275326.24,13.639,
000898.SZ,鞍钢股份,2006-06-06,2.9867,3.0778,2.9614,3.0424,25405307,2.6957,5664099684.71,35657244038.97,13.8463,
000898.SZ,鞍钢股份,2006-06-07,3.0626,3.0778,2.8905,2.8956,29176925,3.0959,5390790382.12,33936678186.84,13.1782,
000898.SZ,鞍钢股份,2006-06-08,2.9006,2.9209,2.7791,2.8095,26901936,2.8545,5230574584.05,32928070618.35,12.7865,
000898.SZ,鞍钢股份,2006-06-09,2.8095,2.8449,2.7639,2.7791,17365967,1.8426,5174027831.79,32572091476.53,12.6483,
000898.SZ,鞍钢股份,2006-06-12,2.7589,2.8044,2.7336,2.7589,13211183,1.4018,5136329996.95,32334772048.65,12.5561,
000898.SZ,鞍钢股份,2006-06-13,2.7589,2.8247,2.7488,2.7842,15670088,1.6627,5183452290.5,32631421333.5,12.6713,
000898.SZ,鞍钢股份,2006-06-14,2.7842,2.7842,2.6931,2.6981,11921866,1.265,5023236492.43,31622813765.01,12.2797,
000898.SZ,鞍钢股份,2006-06-15,2.7083,2.7538,2.6728,2.688,15131508,1.6056,5004387575.01,31504154051.07,12.2336,
000898.SZ,鞍钢股份,2006-06-16,2.7386,2.8297,2.7386,2.8247,29062422,3.0837,5258847960.18,33106060189.26,12.8556,
000898.SZ,鞍钢股份,2006-06-19,2.7994,2.8905,2.7741,2.8652,18195824,1.9307,5334243629.86,33580699045.02,13.04,
000898.SZ,鞍钢股份,2006-06-20,2.8652,2.8652,2.8652,2.8652,--,--,5334243629.86,33580699045.02,13.04,
000898.SZ,鞍钢股份,2006-06-21,2.8449,2.8956,2.7994,2.8449,15460054,1.6404,5296545795.02,33343379617.14,12.9478,
000898.SZ,鞍钢股份,2006-06-22,2.8702,2.9209,2.8702,2.8753,17741902,1.8825,5353092547.28,33699358758.96,13.086,
000898.SZ,鞍钢股份,2006-06-23,2.8753,2.9107,2.8652,2.9057,10205327,1.0829,5409639299.54,34055337900.78,13.2243,
000898.SZ,鞍钢股份,2006-06-26,2.931,3.098,2.931,3.0424,35222194,3.7373,5664099684.71,35657244038.97,13.8463,
000898.SZ,鞍钢股份,2006-06-27,3.0525,3.0727,3.0069,3.0677,22417083,2.3786,5711221978.26,35953893323.82,13.9615,
000898.SZ,鞍钢股份,2006-06-28,3.0677,3.1053,3.0461,3.0838,15156720,1.6082,5400214840.83,33996008043.81,13.2012,
000898.SZ,鞍钢股份,2006-06-29,3.0946,3.2829,3.0946,3.2291,38847876,4.122,5654675226,35597914182,13.8233,
000898.SZ,鞍钢股份,2006-06-30,3.2453,3.3045,3.1807,3.2937,38117195,4.0445,5767768730.52,36309872465.64,14.0997,
000898.SZ,鞍钢股份,2006-07-03,3.2991,3.326,3.2668,3.2991,16562828,1.7574,5777193189.23,36369202322.61,14.1228,
000898.SZ,鞍钢股份,2006-07-04,3.3099,3.3152,3.1807,3.213,27917016,2.9622,5626401849.87,35419924611.09,13.7542,
000898.SZ,鞍钢股份,2006-07-05,3.2022,3.2022,3.1484,3.1753,14839197,1.5745,5560430638.9,35004615612.3,13.5929,
000898.SZ,鞍钢股份,2006-07-06,3.1592,3.213,3.1538,3.1861,16443360,1.7448,5579279556.32,35123275326.24,13.639,
000898.SZ,鞍钢股份,2006-07-07,3.2022,3.2345,3.1592,3.1753,10229292,1.0854,5560430638.9,35004615612.3,13.5929,
000898.SZ,鞍钢股份,2006-07-10,3.1645,3.1861,3.0569,3.1484,22801830,2.4194,5513308345.35,34707966327.45,13.4777,
000898.SZ,鞍钢股份,2006-07-11,3.1376,3.1484,3.0623,3.1161,14875654,1.5784,5456761593.09,34351987185.63,13.3395,
000898.SZ,鞍钢股份,2006-07-12,3.1,3.1161,3.0623,3.0946,19464885,2.0654,5419063758.25,34114667757.75,13.2473,
000898.SZ,鞍钢股份,2006-07-13,3.0784,3.1323,2.9708,2.9762,21368770,2.2674,5211725666.63,32809410904.41,12.7405,
000898.SZ,鞍钢股份,2006-07-14,2.9547,2.9923,2.9331,2.9654,15765133,1.6728,5192876749.21,32690751190.47,12.6944,
000898.SZ,鞍钢股份,2006-07-17,2.9654,3.0354,2.9385,3.0354,12515878,1.328,5315394712.44,33462039331.08,12.9939,
000898.SZ,鞍钢股份,2006-07-18,3.0461,3.0838,3.0139,3.0784,15937970,1.6911,5390790382.12,33936678186.84,13.1782,
000898.SZ,鞍钢股份,2006-07-19,3.0677,3.0892,3.0031,3.0139,12106211,1.2846,5277696877.6,33224719903.2,12.9017,
000898.SZ,鞍钢股份,2006-07-20,3.0192,3.0677,3.0192,3.0461,8078600,0.8572,5334243629.86,33580699045.02,13.04,
000898.SZ,鞍钢股份,2006-07-21,3.0515,3.0515,2.9977,3.0139,7125138,0.756,5277696877.6,33224719903.2,12.9017,
000898.SZ,鞍钢股份,2006-07-24,2.9654,3.0461,2.9547,2.9977,6609377,0.7013,5249423501.47,33046730332.29,12.8326,
000898.SZ,鞍钢股份,2006-07-25,3.0031,3.0192,2.9869,3.0031,7627178,0.8093,5258847960.18,33106060189.26,12.8556,
000898.SZ,鞍钢股份,2006-07-26,3.0139,3.03,2.9654,3.0139,7353456,0.7803,5277696877.6,33224719903.2,12.9017,
000898.SZ,鞍钢股份,2006-07-27,3.0246,3.0354,2.9547,2.9816,9783479,1.0381,5221150125.34,32868740761.38,12.7635,
000898.SZ,鞍钢股份,2006-07-28,2.9816,2.9977,2.9439,2.9439,8387120,0.8899,5155178914.37,32453431762.59,12.6022,
000898.SZ,鞍钢股份,2006-07-31,2.9547,2.9547,2.804,2.8147,14698693,1.5596,4928991905.33,31029515195.31,12.0493,
000898.SZ,鞍钢股份,2006-08-01,2.8147,2.8416,2.7878,2.8201,7416540,0.7869,4938416364.04,31088845052.28,12.0723,
000898.SZ,鞍钢股份,2006-08-02,2.8201,2.8362,2.7717,2.7986,8592399,0.9117,4900718529.2,30851525624.4,11.9802,
000898.SZ,鞍钢股份,2006-08-03,2.7986,2.8093,2.7717,2.7986,5242383,0.5563,4900718529.2,30851525624.4,11.9802,
000898.SZ,鞍钢股份,2006-08-04,2.7986,2.8847,2.7986,2.8416,10992244,1.1664,4976114198.88,31326164480.16,12.1645,
000898.SZ,鞍钢股份,2006-08-07,2.8201,2.8739,2.7986,2.8093,5570271,0.591,4919567446.62,30970185338.34,12.0263,
000898.SZ,鞍钢股份,2006-08-08,2.8309,2.9277,2.8255,2.917,7030627,0.746,5108056620.82,32156782477.74,12.487,
000898.SZ,鞍钢股份,2006-08-09,2.9008,2.9708,2.9008,2.9654,8668868,0.9198,5192876749.21,32690751190.47,12.6944,
000898.SZ,鞍钢股份,2006-08-10,2.96,2.9708,2.9331,2.9654,4917771,0.5218,5192876749.21,32690751190.47,12.6944,
000898.SZ,鞍钢股份,2006-08-11,2.96,2.96,2.8632,2.8955,12294196,1.3045,5070358785.98,31919463049.86,12.3949,
000898.SZ,鞍钢股份,2006-08-14,2.8847,2.9493,2.8847,2.9385,7373855,0.7824,5145754455.66,32394101905.62,12.5792,
000898.SZ,鞍钢股份,2006-08-15,2.9923,3.03,2.96,3.0085,22926025,2.4326,5268272418.89,33165390046.23,8.5032,
000898.SZ,鞍钢股份,2006-08-16,3.0085,3.0408,2.9923,3.0085,16083229,1.7065,5268272418.89,33165390046.23,8.5032,
000898.SZ,鞍钢股份,2006-08-17,3.0085,3.0085,2.9277,2.9439,10171778,1.0793,5155178914.37,32453431762.59,8.3207,
000898.SZ,鞍钢股份,2006-08-18,2.9331,2.9654,2.8793,2.9062,11925361,1.2654,5089207703.4,32038122763.8,8.2142,
000898.SZ,鞍钢股份,2006-08-21,2.8255,2.8901,2.8093,2.8901,6001800,0.6368,5060934327.27,31860133192.89,8.1686,
000898.SZ,鞍钢股份,2006-08-22,2.8901,2.9224,2.8793,2.9062,8099886,0.8595,5089207703.4,32038122763.8,8.2142,
000898.SZ,鞍钢股份,2006-08-23,2.9116,2.9493,2.9116,2.9385,7530598,0.799,5145754455.66,32394101905.62,8.3055,
000898.SZ,鞍钢股份,2006-08-24,2.9385,2.9385,2.8955,2.9277,4550847,0.4829,5126905538.24,32275442191.68,8.275,
000898.SZ,鞍钢股份,2006-08-25,2.9277,2.9331,2.8901,2.8955,8678075,0.9208,5070358785.98,31919463049.86,8.1838,
000898.SZ,鞍钢股份,2006-08-28,2.9116,2.96,2.8955,2.9493,8107067,0.8602,5164603373.08,32512761619.56,8.3359,
000898.SZ,鞍钢股份,2006-08-29,2.9547,2.9869,2.9439,2.9439,11075031,1.1751,5155178914.37,32453431762.59,8.3207,
000898.SZ,鞍钢股份,2006-08-30,2.9385,2.96,2.9224,2.9385,5394748,0.5724,5145754455.66,32394101905.62,8.3055,
000898.SZ,鞍钢股份,2006-08-31,2.9385,3.03,2.9331,3.0139,22735471,2.4124,5277696877.6,33224719903.2,8.5184,
000898.SZ,鞍钢股份,2006-09-01,3.0354,3.0354,2.9493,2.9977,14595346,1.5487,5249423501.47,33046730332.29,8.4728,
000898.SZ,鞍钢股份,2006-09-04,2.9923,3.0246,2.9708,3.0139,10297427,1.0926,5277696877.6,33224719903.2,8.5184,
000898.SZ,鞍钢股份,2006-09-05,3.0139,3.0246,2.9708,2.9869,9605263,1.0192,5230574584.05,32928070618.35,8.4424,
000898.SZ,鞍钢股份,2006-09-06,2.9869,3.0139,2.9708,3.0031,7401749,0.7854,5258847960.18,33106060189.26,8.488,
000898.SZ,鞍钢股份,2006-09-07,3.0085,3.0139,2.9547,2.9547,7002319,0.743,5174027831.79,32572091476.53,8.3511,
000898.SZ,鞍钢股份,2006-09-08,2.9547,2.9762,2.9385,2.96,4247221,0.4507,5183452290.5,32631421333.5,8.3663,
000898.SZ,鞍钢股份,2006-09-11,2.9869,3.0085,2.9654,2.9923,8829694,0.9369,5239999042.76,32987400475.32,8.4576,
000898.SZ,鞍钢股份,2006-09-12,2.9923,3.0784,2.9923,3.0515,34499538,3.6606,5343668088.57,33640028901.99,8.6249,
000898.SZ,鞍钢股份,2006-09-13,3.0623,3.0946,3.03,3.03,18573617,1.9708,5305970253.73,33402709474.11,8.5641,
000898.SZ,鞍钢股份,2006-09-14,3.03,3.0408,2.9762,3.0031,10586587,1.1233,5258847960.18,33106060189.26,8.488,
000898.SZ,鞍钢股份,2006-09-15,3.0031,3.1376,2.9762,3.1053,32201196,3.4168,5437912675.67,34233327471.69,8.777,
000898.SZ,鞍钢股份,2006-09-18,3.1484,3.2076,3.1269,3.1645,29214751,3.0999,5541581721.48,34885955898.36,8.9443,
000898.SZ,鞍钢股份,2006-09-19,3.1753,3.1807,3.1269,3.1323,11968661,1.27,5485034969.22,34529976756.54,8.8531,
000898.SZ,鞍钢股份,2006-09-20,3.1215,3.143,3.1,3.1053,10236913,1.0862,5437912675.67,34233327471.69,8.777,
000898.SZ,鞍钢股份,2006-09-21,3.1,3.1376,3.0946,3.1323,10881654,1.1546,5485034969.22,34529976756.54,8.8531,
000898.SZ,鞍钢股份,2006-09-22,3.1484,3.1538,3.0515,3.0623,13467905,1.429,5362517005.99,33758688615.93,8.6553,
000898.SZ,鞍钢股份,2006-09-25,3.0461,3.0515,2.9923,3.0085,10251935,1.0878,5268272418.89,33165390046.23,8.5032,
000898.SZ,鞍钢股份,2006-09-26,3.0031,3.0246,2.9439,2.9762,13882806,1.4731,5211725666.63,32809410904.41,8.4119,
000898.SZ,鞍钢股份,2006-09-27,2.9816,3.0031,2.9439,2.9977,8514090,0.9034,5249423501.47,33046730332.29,8.4728,
000898.SZ,鞍钢股份,2006-09-28,3.0031,3.03,2.9869,3.0139,11158247,1.184,5277696877.6,33224719903.2,8.5184,
000898.SZ,鞍钢股份,2006-09-29,3.0139,3.0139,3.0139,3.0139,--,--,5277696877.6,33224719903.2,8.5184,
000898.SZ,鞍钢股份,2006-10-09,3.0892,3.1484,3.0731,3.1,21908691,2.3247,5428488216.96,34173997614.72,8.7618,
000898.SZ,鞍钢股份,2006-10-10,3.1,3.2453,3.1,3.1753,35584942,3.7758,5560430638.9,35004615612.3,8.9748,
000898.SZ,鞍钢股份,2006-10-11,3.1753,3.2399,3.1538,3.1753,30891781,3.2778,5560430638.9,35004615612.3,8.9748,
000898.SZ,鞍钢股份,2006-10-12,3.2184,3.4928,3.2076,3.4013,98072210,10.4061,5956257904.72,37496469605.04,9.6136,
000898.SZ,鞍钢股份,2006-10-13,3.4013,3.4713,3.3798,3.4067,31493449,3.3417,5965682363.43,37555799462.01,9.6289,
000898.SZ,鞍钢股份,2006-10-16,3.4175,3.5144,3.3691,3.4067,28074748,2.9789,5965682363.43,37555799462.01,9.6289,
000898.SZ,鞍钢股份,2006-10-17,3.4067,3.4444,3.3206,3.3314,18955386,2.0113,5833739941.49,36725181464.43,9.4159,
000898.SZ,鞍钢股份,2006-10-18,3.3475,3.4121,3.3475,3.396,14230223,1.5099,5946833446.01,37437139748.07,9.5984,
000898.SZ,鞍钢股份,2006-10-19,3.396,3.4552,3.3906,3.4121,14159141,1.5024,5975106822.14,37615129318.98,9.6441,
000898.SZ,鞍钢股份,2006-10-20,3.4444,3.4498,3.3744,3.3852,10709851,1.1364,5927984528.59,37318480034.13,9.568,
000898.SZ,鞍钢股份,2006-10-23,3.4067,3.4498,3.2291,3.2668,20747343,2.2014,5720646436.97,36013223180.79,9.2334,
000898.SZ,鞍钢股份,2006-10-24,3.2722,3.3798,3.2722,3.3637,8272006,0.8777,5890286693.75,37081160606.25,9.5072,
000898.SZ,鞍钢股份,2006-10-25,3.3691,3.4067,3.2991,3.4013,9674279,1.0265,5956257904.72,37496469605.04,9.6136,
000898.SZ,鞍钢股份,2006-10-26,3.4283,3.5359,3.3744,3.5197,34978955,3.7115,6163595996.34,38801726458.38,9.9483,
000898.SZ,鞍钢股份,2006-10-27,3.5251,3.5951,3.4821,3.5682,30874205,3.276,6248416124.73,39335695171.11,10.0852,
000898.SZ,鞍钢股份,2006-10-30,3.6597,3.7619,3.6166,3.7135,39751557,4.2179,6502876509.9,40937601309.3,7.4185,
000898.SZ,鞍钢股份,2006-10-31,3.7458,3.805,3.7135,3.7296,31451888,3.3373,6531149886.03,41115590880.21,7.4507,
000898.SZ,鞍钢股份,2006-11-01,3.7673,3.805,3.7296,3.7888,21494657,2.2807,6634818931.84,41768219306.88,7.569,
000898.SZ,鞍钢股份,2006-11-02,3.8211,4.0203,3.8211,3.9664,32649305,3.4643,6945826069.27,43726104586.89,7.9238,
000898.SZ,鞍钢股份,2006-11-03,3.9718,4.1494,3.9664,4.0149,38094506,4.0421,7030646197.66,44260073299.62,8.0206,
000898.SZ,鞍钢股份,2006-11-06,4.0041,4.3701,3.9557,4.2947,48255476,5.1202,7520718050.58,47345225862.06,8.5796,
000898.SZ,鞍钢股份,2006-11-07,4.3432,4.3486,4.171,4.2786,32391308,3.4369,7492444674.45,47167236291.15,8.5474,
000898.SZ,鞍钢股份,2006-11-08,4.2786,4.3001,4.1548,4.1871,22108794,2.3459,7332228876.38,46158628722.66,8.3646,
000898.SZ,鞍钢股份,2006-11-09,4.1387,4.2463,4.1064,4.1925,17224951,1.8277,7341653335.09,46217958579.63,8.3754,
000898.SZ,鞍钢股份,2006-11-10,4.1763,4.3055,4.0364,4.0633,28387972,3.0122,7115466326.05,44794042012.35,8.1173,
000898.SZ,鞍钢股份,2006-11-13,4.0364,4.1494,3.7781,3.8427,27231109,2.8894,6729063518.94,42361517876.58,7.6765,
000898.SZ,鞍钢股份,2006-11-14,3.8696,3.8965,3.6812,3.8534,22765353,2.4156,6747912436.36,42480177590.52,7.698,
000898.SZ,鞍钢股份,2006-11-15,3.848,4.214,3.8158,4.1333,31495592,3.3419,7237984289.28,45565330152.96,8.2571,
000898.SZ,鞍钢股份,2006-11-16,4.1979,4.3647,4.144,4.1548,46714805,4.9568,7275682124.12,45802649580.84,8.3001,
000898.SZ,鞍钢股份,2006-11-17,4.144,4.3486,4.1064,4.3109,37282368,3.9559,7548991426.71,47523215432.97,8.6119,
000898.SZ,鞍钢股份,2006-11-20,4.4078,4.4831,4.2947,4.3593,34894848,3.7026,7633811555.1,48057184145.7,8.7086,
000898.SZ,鞍钢股份,2006-11-21,4.3486,4.3486,4.1602,4.2947,28803924,3.0563,7520718050.58,47345225862.06,8.5796,
000898.SZ,鞍钢股份,2006-11-22,4.2947,4.3324,4.1871,4.2463,23316355,2.474,7435897922.19,46811257149.33,8.4829,
000898.SZ,鞍钢股份,2006-11-23,4.1979,4.4185,4.1925,4.3486,22492480,2.3866,7614962637.68,47938524431.76,8.6871,
000898.SZ,鞍钢股份,2006-11-24,4.3324,4.4131,4.2624,4.3324,14433463,1.5315,7586689261.55,47760534860.85,8.6549,
000898.SZ,鞍钢股份,2006-11-27,4.3216,4.4293,4.2571,4.2947,30912913,3.2801,7520718050.58,47345225862.06,8.5796,
000898.SZ,鞍钢股份,2006-11-28,4.284,4.2894,4.1387,4.2355,33455064,3.5498,7417049004.77,46692597435.39,8.4614,
000898.SZ,鞍钢股份,2006-11-29,4.1817,4.5477,4.1171,4.5208,45626392,4.8413,7916545316.4,49837079854.8,9.0312,
000898.SZ,鞍钢股份,2006-11-30,4.5262,4.9137,4.4885,4.8706,50655115,5.3749,8529135132.55,53693520557.85,9.73,
000898.SZ,鞍钢股份,2006-12-01,4.8975,4.9621,4.7468,4.7576,29671856,3.1484,8331221499.64,52447593561.48,9.5043,
000898.SZ,鞍钢股份,2006-12-04,4.7361,4.8437,4.7199,4.8168,39326795,4.1728,8434890545.45,53100221988.15,9.6225,
000898.SZ,鞍钢股份,2006-12-05,4.8006,4.9406,4.7522,4.7737,44559519,4.2315,9340493068.69,52625583132.39,9.5365,
000898.SZ,鞍钢股份,2006-12-06,4.7361,4.8706,4.6015,4.7737,38125892,3.6205,9340493068.69,52625583132.39,9.5365,
000898.SZ,鞍钢股份,2006-12-07,4.7845,4.9836,4.7468,4.7899,48604816,4.6157,9372084364.3,52803572703.3,9.5688,
000898.SZ,鞍钢股份,2006-12-08,4.7361,4.7791,4.4939,4.5154,29835139,2.8332,8835032338.93,49777749997.83,9.0204,
000898.SZ,鞍钢股份,2006-12-11,4.4885,4.6715,4.4723,4.6499,21387832,2.031,9098293135.68,51260996422.08,9.2892,
000898.SZ,鞍钢股份,2006-12-12,4.6715,4.7468,4.5154,4.6284,28173923,2.6755,9056171408.2,51023676994.2,9.2462,
000898.SZ,鞍钢股份,2006-12-13,4.6284,4.693,4.5315,4.6015,44063069,4.1844,9003519248.85,50727027709.35,9.1925,
000898.SZ,鞍钢股份,2006-12-14,4.6284,4.7145,4.6015,4.693,35532159,3.3742,9182536590.64,51735635277.84,9.3752,
000898.SZ,鞍钢股份,2006-12-15,4.6984,4.7414,4.5907,4.6553,48645310,4.6195,9108823567.55,51320326279.05,9.3,
000898.SZ,鞍钢股份,2006-12-18,4.6769,4.7145,4.6015,4.6769,35165760,3.3394,9150945295.03,51557645706.93,9.343,
000898.SZ,鞍钢股份,2006-12-19,4.7091,4.919,4.7091,4.8867,50313789,4.7779,9561632137.96,53871510128.76,9.7623,
000898.SZ,鞍钢股份,2006-12-20,4.8598,4.8652,4.763,4.806,23963399,2.2756,9403675659.91,52981562274.21,9.601,
000898.SZ,鞍钢股份,2006-12-21,4.8006,4.8114,4.6284,4.6553,51000933,4.8432,9108823567.55,51320326279.05,9.3,
000898.SZ,鞍钢股份,2006-12-22,4.6177,4.6661,4.5369,4.5477,34523300,3.2784,8898214930.15,50133729139.65,9.0849,
000898.SZ,鞍钢股份,2006-12-25,4.5477,4.7038,4.5477,4.6984,36709529,3.486,9193067022.51,51794965134.81,9.386,
000898.SZ,鞍钢股份,2006-12-26,4.7145,4.8598,4.7038,4.7845,68186134,6.4752,9361553932.43,52744242846.33,9.558,
000898.SZ,鞍钢股份,2006-12-27,4.8222,5.0859,4.8222,4.989,59201426,5.6219,9761710343.49,54998777411.19,9.9666,
000898.SZ,鞍钢股份,2006-12-28,5.0159,5.1343,4.9352,4.989,35148099,3.3378,9761710343.49,54998777411.19,9.9666,
000898.SZ,鞍钢股份,2006-12-29,5.1666,5.4895,5.1666,5.4895,76796976,7.2929,10741040507.4,60516454109.4,10.9664,
000898.SZ,鞍钢股份,2007-01-04,5.6025,6.0385,5.6025,5.9201,89812057,8.5287,11583629057,65262842667,11.8266,
000898.SZ,鞍钢股份,2007-01-05,5.9039,6.286,5.8178,5.8662,62344135,5.9203,11478323338.3,64669544097.3,11.719,
000898.SZ,鞍钢股份,2007-01-08,5.8232,6.0492,5.7586,5.9147,35377856,3.3595,11573098485.13,65203512810.03,11.8158,
000898.SZ,鞍钢股份,2007-01-09,5.9793,6.3991,5.8716,6.356,51397546,4.8808,12436605378.47,70068561081.57,12.6974,
000898.SZ,鞍钢股份,2007-01-10,6.3506,6.8404,6.2268,6.469,62471674,5.9324,12657747387.74,71314488077.94,12.9232,
000898.SZ,鞍钢股份,2007-01-11,6.469,6.6466,6.3345,6.3991,29407104,2.7925,12520849953.43,70543199937.33,12.7834,
000898.SZ,鞍钢股份,2007-01-12,6.3506,6.4583,6.0277,6.1623,32548379,3.0908,12057504791.15,67932686230.65,12.3104,
000898.SZ,鞍钢股份,2007-01-15,6.1892,6.5121,6.06,6.4367,34622794,3.2878,12594563956.52,70958508936.12,12.8587,
000898.SZ,鞍钢股份,2007-01-16,6.4313,6.5551,6.2484,6.3076,38816175,3.686,12341830231.64,69534592368.84,12.6007,
000898.SZ,鞍钢股份,2007-01-17,6.3614,6.8188,6.2753,6.5767,44504720,4.2262,12868358825.14,72501085217.34,13.1382,
000898.SZ,鞍钢股份,2007-01-18,6.4367,6.5551,6.0654,6.3452,40121031,3.81,12415544234.73,69949901367.63,12.6759,
000898.SZ,鞍钢股份,2007-01-19,6.4852,6.539,6.3291,6.4475,37914803,3.6005,12615625100.26,71077168650.06,12.8802,
000898.SZ,鞍钢股份,2007-01-22,6.5067,7.0395,6.5067,7.0287,56132838,5.3305,13752926862.22,77484793202.82,14.0414,
000898.SZ,鞍钢股份,2007-01-23,7.1202,7.427,6.9319,7.4162,51856764,4.9244,14511128036.86,81756542904.66,14.8155,
000898.SZ,鞍钢股份,2007-01-24,7.4055,7.723,7.3301,7.427,28662021,2.7218,14532189180.6,81875202618.6,14.837,
000898.SZ,鞍钢股份,2007-01-25,7.2924,7.4647,7.0234,7.0879,28035226,2.6623,13868763152.79,78137421629.49,14.1596,
000898.SZ,鞍钢股份,2007-01-26,6.9534,7.3409,6.9534,7.2763,33351690,3.1671,14237333168.24,80213966623.44,14.5359,
000898.SZ,鞍钢股份,2007-01-29,7.3301,7.6961,7.3301,7.6154,23160693,2.1994,14900759196.05,83951747612.55,15.2133,
000898.SZ,鞍钢股份,2007-01-30,7.6315,7.9706,7.6315,7.6853,29794985,2.8294,15037656630.36,84723035753.16,15.353,
000898.SZ,鞍钢股份,2007-01-31,7.6315,7.6746,6.9157,6.9695,30795022,2.9243,13637090571.65,76832164776.15,13.9231,
000898.SZ,鞍钢股份,2007-02-01,6.8242,6.9749,6.6197,6.8888,19874362,1.8873,13479131993.6,75942216921.6,13.7618,
000898.SZ,鞍钢股份,2007-02-02,6.8834,6.8834,6.2537,6.3668,44271174,4.2041,12457666522.21,70187220795.51,12.7189,
000898.SZ,鞍钢股份,2007-02-05,6.2376,6.3452,6.0008,6.0062,33212097,3.1539,11752118206.92,66212120378.52,11.9986,
000898.SZ,鞍钢股份,2007-02-06,6.173,6.1999,5.4034,6.1676,74246689,7.0506,12068035363.02,67992016087.62,12.3211,
000898.SZ,鞍钢股份,2007-02-07,6.3883,6.4583,6.1892,6.2591,37898177,3.5989,12247055084.81,69000623656.11,12.5039,
000898.SZ,鞍钢股份,2007-02-08,6.3345,6.4044,5.9739,6.3883,43884011,4.1673,12499788809.69,70424540223.39,12.7619,
000898.SZ,鞍钢股份,2007-02-09,6.4098,6.4098,6.0815,6.1784,30884000,2.9328,12089096506.76,68110675801.56,12.3426,
000898.SZ,鞍钢股份,2007-02-12,6.1784,6.5497,6.0815,6.5444,41441220,3.9353,12805175393.92,72145106075.52,13.0737,
000898.SZ,鞍钢股份,2007-02-13,6.539,6.7004,6.4152,6.5444,31782616,3.0181,12805175393.92,72145106075.52,13.0737,
000898.SZ,鞍钢股份,2007-02-14,6.5551,6.6735,6.4583,6.6574,28268694,2.6844,13026317403.19,73391033071.89,13.2995,
000898.SZ,鞍钢股份,2007-02-15,6.6843,7.0126,6.6681,6.9049,44105145,4.1883,13510723709.21,76120206492.51,13.7941,
000898.SZ,鞍钢股份,2007-02-16,6.9964,7.131,6.8081,6.8942,42747218,4.0593,13489662565.47,76001546778.57,13.7726,
000898.SZ,鞍钢股份,2007-02-26,7.0772,7.47,7.0772,7.4431,37464322,3.5577,14563780896.21,82053192189.51,14.8692,
000898.SZ,鞍钢股份,2007-02-27,7.4862,7.5884,6.7004,6.7004,47823961,4.5414,13110561978.15,73865671927.65,13.3855,
000898.SZ,鞍钢股份,2007-02-28,6.4475,7.0503,6.4475,6.9265,47529485,4.5135,13552845996.69,76357525920.39,13.8371,
000898.SZ,鞍钢股份,2007-03-01,6.9803,6.9803,6.4744,6.6197,41061307,3.8992,12952603400.1,72975724073.1,13.2242,
000898.SZ,鞍钢股份,2007-03-02,6.582,6.7381,6.4905,6.6251,19960549,1.8955,12963133971.97,73035053930.07,13.235,
000898.SZ,鞍钢股份,2007-03-05,6.5444,6.5928,6.0546,6.2968,40016964,3.8001,12320769087.9,69415932654.9,12.5792,
000898.SZ,鞍钢股份,2007-03-06,6.1892,6.4852,6.1246,6.4098,23179236,2.2011,12541911097.17,70661859651.27,12.8049,
000898.SZ,鞍钢股份,2007-03-07,6.4529,6.7273,6.4044,6.6574,42440892,4.0303,13026317403.19,73391033071.89,13.2995,
000898.SZ,鞍钢股份,2007-03-08,6.652,6.6897,6.5175,6.6789,23567275,2.238,13068439690.67,73628352499.77,13.3425,
000898.SZ,鞍钢股份,2007-03-09,6.7112,6.8081,6.6197,6.6789,28511050,2.7075,13068439690.67,73628352499.77,13.3425,
000898.SZ,鞍钢股份,2007-03-12,6.6951,6.8673,6.5928,6.8242,37732627,3.5832,13352765131.16,75230258637.96,13.6328,
000898.SZ,鞍钢股份,2007-03-13,6.878,6.9803,6.7812,6.8888,34651813,3.2906,13479131993.6,75942216921.6,13.7618,
000898.SZ,鞍钢股份,2007-03-14,6.7812,6.7812,6.5551,6.6036,37424297,3.5539,12921011684.49,72797734502.19,13.192,
000898.SZ,鞍钢股份,2007-03-15,6.582,6.7004,6.539,6.6466,30754410,2.9205,13005256259.45,73272373357.95,13.278,
000898.SZ,鞍钢股份,2007-03-16,6.6735,6.7004,6.4044,6.5175,33952540,3.2242,12752522534.57,71848456790.67,13.02,
000898.SZ,鞍钢股份,2007-03-19,6.3345,6.6466,6.286,6.6197,34517760,3.2779,12952603400.1,72975724073.1,13.2242,
000898.SZ,鞍钢股份,2007-03-20,6.6251,6.6466,6.4098,6.5659,34641121,3.2896,12847297681.4,72382425503.4,13.1167,
000898.SZ,鞍钢股份,2007-03-21,6.5874,6.652,6.4583,6.5282,30708650,2.9161,12773583678.31,71967116504.61,13.0415,
000898.SZ,鞍钢股份,2007-03-22,6.5497,6.8296,6.5497,6.6897,59635989,5.6631,13089500834.41,73747012213.71,13.364,
000898.SZ,鞍钢股份,2007-03-23,6.7273,7.131,6.6951,7.1148,87769500,8.3347,13921416012.14,78434070914.34,14.2134,
000898.SZ,鞍钢股份,2007-03-26,7.1148,7.1148,7.1148,7.1148,--,--,13921416012.14,78434070914.34,14.2134,
000898.SZ,鞍钢股份,2007-03-27,7.3463,7.3839,7.1202,7.1418,54195389,5.1465,13974068871.49,78730720199.19,14.2671,
000898.SZ,鞍钢股份,2007-03-28,7.1418,7.3409,6.835,7.2655,50401277,4.7862,14216272024.5,80095306909.5,14.5144,
000898.SZ,鞍钢股份,2007-03-29,7.3194,7.6315,7.314,7.3516,65539856,6.2238,14384761174.42,81044584621.02,14.6864,
000898.SZ,鞍钢股份,2007-03-30,7.3086,8.0621,7.3086,7.8414,82506436,7.8349,15343043214.59,86443601605.29,15.6648,
000898.SZ,鞍钢股份,2007-04-02,7.9652,8.4603,7.8845,8.3903,60989774,5.7917,16417161545.33,92495247016.23,16.7615,
000898.SZ,鞍钢股份,2007-04-03,8.5034,8.7294,8.2935,8.3419,52137402,4.9511,16322386398.5,91961278303.5,16.6647,
000898.SZ,鞍钢股份,2007-04-04,8.3419,8.8532,8.2719,8.7186,48409617,4.5971,17059526429.4,96114368291.4,17.4173,
000898.SZ,鞍钢股份,2007-04-05,8.7079,8.7832,8.5303,8.7509,30374122,2.8844,17122709860.62,96470347433.22,17.4818,
000898.SZ,鞍钢股份,2007-04-06,8.5841,8.7617,8.541,8.5679,29658808,2.8164,16764670417.04,94453132296.24,17.1163,
000898.SZ,鞍钢股份,2007-04-09,8.6164,9.203,8.5841,9.203,34412368,3.2679,18007277897.7,101454055418.7,18.3849,
000898.SZ,鞍钢股份,2007-04-10,9.2138,9.6981,8.9931,9.4452,41196168,3.9121,18481153631.85,104123898982.35,18.8687,
000898.SZ,鞍钢股份,2007-04-11,9.5797,9.8058,9.0846,9.3376,50300177,4.7766,18270542194.45,102937301842.95,15.0383,
000898.SZ,鞍钢股份,2007-04-12,9.2891,9.3806,9.1008,9.3429,41248582,3.917,18281072766.32,102996631699.92,15.047,
000898.SZ,鞍钢股份,2007-04-13,9.4183,9.4452,8.9662,8.9824,49133008,4.6657,17575524451.03,99021531282.93,14.4663,
000898.SZ,鞍钢股份,2007-04-16,8.9877,9.0738,8.7994,9.0523,39096914,3.7127,17712421885.34,99792819423.54,14.5789,
000898.SZ,鞍钢股份,2007-04-17,9.3106,9.4613,9.0577,9.203,43672228,4.1472,18007277897.7,101454055418.7,14.8216,
000898.SZ,鞍钢股份,2007-04-18,9.203,9.3483,8.977,9.273,48000954,4.5582,18144175332.01,102225343559.31,14.9343,
000898.SZ,鞍钢股份,2007-04-19,9.203,9.203,8.4926,8.7025,43524827,4.1332,17027934713.79,95936378720.49,14.0155,
000898.SZ,鞍钢股份,2007-04-20,8.8263,9.3806,8.8263,9.2568,40694182,3.8644,18112583616.4,102047353988.4,14.9083,
000898.SZ,鞍钢股份,2007-04-23,9.3698,9.7681,9.3698,9.682,45364513,4.3079,18944498794.13,106734412689.03,15.593,
000898.SZ,鞍钢股份,2007-04-24,9.7573,9.8865,9.5259,9.8219,44078964,4.1858,19218293662.75,108276988970.25,15.8184,
000898.SZ,鞍钢股份,2007-04-25,9.8058,9.8757,9.4883,9.6013,26411626,2.5081,18786540216.08,105844464834.48,15.463,
000898.SZ,鞍钢股份,2007-04-26,9.5797,9.8219,9.5582,9.6874,27003684,2.5643,18955029366,106793742546,15.6017,
000898.SZ,鞍钢股份,2007-04-27,9.6874,9.6874,9.2568,9.3053,28538828,2.7101,18207358763.23,102581322701.13,14.9863,
000898.SZ,鞍钢股份,2007-04-30,9.4183,9.7843,9.3752,9.4936,29858754,2.8354,18575928778.68,104657867695.08,12.8582,
000898.SZ,鞍钢股份,2007-05-08,9.6874,10.3601,9.5259,10.2579,52210670,4.958,20071269984.22,113082707384.82,13.8933,
000898.SZ,鞍钢股份,2007-05-09,10.4139,10.4139,9.8381,10.1341,45680748,4.3379,19829066831.21,111718120674.51,13.7257,
000898.SZ,鞍钢股份,2007-05-10,10.1448,11.0006,10.1448,10.7046,67440145,6.4042,20945307449.43,118007085513.33,14.4983,
000898.SZ,鞍钢股份,2007-05-11,10.5754,10.6561,10.3171,10.4462,31966122,3.0356,20439839999.67,115159252378.77,14.1484,
000898.SZ,鞍钢股份,2007-05-14,10.2579,11.0329,10.1179,10.7046,42858866,4.0699,20945307449.43,118007085513.33,14.4983,
000898.SZ,鞍钢股份,2007-05-15,10.7638,10.8391,10.387,10.4032,31044900,2.9481,20355595424.71,114684613523.01,14.0901,
000898.SZ,鞍钢股份,2007-05-16,10.3978,10.5485,10.2256,10.4947,25839988,2.4538,20534615146.5,115693221091.5,14.214,
000898.SZ,鞍钢股份,2007-05-17,10.4947,10.8499,10.4139,10.7638,31436977,2.9853,21061143740,118659713940,14.5785,
000898.SZ,鞍钢股份,2007-05-18,10.7584,11.049,10.6023,10.796,30849365,2.9295,21124327171.22,119015693081.82,14.6222,
000898.SZ,鞍钢股份,2007-05-21,10.4408,11.275,10.3224,10.9037,31607884,3.0015,21334938608.62,120202290221.22,14.768,
000898.SZ,鞍钢股份,2007-05-22,10.7638,10.7638,10.5323,10.5754,54950137,5.2182,20692573724.55,116583168946.05,14.3234,
000898.SZ,鞍钢股份,2007-05-23,10.5754,10.5754,10.2256,10.4139,46495084,4.4152,20376656568.45,114803273236.95,14.1047,
000898.SZ,鞍钢股份,2007-05-24,10.4193,10.4678,10.0103,10.2256,39629397,3.7633,20008086553,112726728243,13.8496,
000898.SZ,鞍钢股份,2007-05-25,10.2202,10.3332,10.0641,10.2848,33612594,3.1919,20123922843.57,113379356669.67,13.9298,
000898.SZ,鞍钢股份,2007-05-28,10.3709,10.57,10.3278,10.5323,44878283,4.2617,20608329149.59,116108530090.29,14.2651,
000898.SZ,鞍钢股份,2007-05-29,10.5323,10.5323,10.5323,10.5323,--,--,20608329149.59,116108530090.29,14.2651,
000898.SZ,鞍钢股份,2007-05-30,10.1233,10.4947,9.4775,9.5959,69704988,6.6193,18776009644.21,105785134977.51,12.9967,
000898.SZ,鞍钢股份,2007-05-31,9.5259,10.0372,8.8155,9.8704,56506582,5.366,19313068809.58,108810957682.98,13.3685,
000898.SZ,鞍钢股份,2007-06-01,9.9565,10.2148,9.5851,9.7573,43544868,4.1351,19091926800.31,107565030686.61,13.2154,
000898.SZ,鞍钢股份,2007-06-04,9.7681,9.9134,8.8801,8.8909,39027438,3.7061,17396504729.24,98012923714.44,12.0418,
000898.SZ,鞍钢股份,2007-06-05,8.8801,9.4021,8.5303,9.3968,43500165,4.1308,18386378485.02,103589930269.62,12.727,
000898.SZ,鞍钢股份,2007-06-06,9.4183,9.5797,9.1277,9.5421,32069631,3.0454,18670703925.51,105191836407.81,12.9238,
000898.SZ,鞍钢股份,2007-06-07,9.6282,9.7627,9.4183,9.6497,32572620,3.0931,18881315362.91,106378433547.21,13.0696,
000898.SZ,鞍钢股份,2007-06-08,9.6497,9.6497,9.6497,9.6497,--,--,18881315362.91,106378433547.21,13.0696,
000898.SZ,鞍钢股份,2007-06-11,9.7143,9.8757,9.6228,9.7466,29780140,2.828,19070865656.57,107446370972.67,13.2008,
000898.SZ,鞍钢股份,2007-06-12,9.7681,10.1556,9.5797,10.1448,47962681,4.5546,19850127974.95,111836780388.45,13.7402,
000898.SZ,鞍钢股份,2007-06-13,10.3063,10.5485,10.1825,10.344,49375833,4.6888,20239759134.14,114031985096.34,14.0099,
000898.SZ,鞍钢股份,2007-06-14,10.4947,10.5323,10.2256,10.2579,33204018,3.1531,20071269984.22,113082707384.82,13.8933,
000898.SZ,鞍钢股份,2007-06-15,10.2202,10.3763,10.1018,10.2848,24293963,2.307,20123922843.57,113379356669.67,13.9298,
000898.SZ,鞍钢股份,2007-06-18,10.5915,10.6992,10.2955,10.64,37822704,3.5917,20818940586.99,117295127229.69,14.4108,
000898.SZ,鞍钢股份,2007-06-19,10.683,11.2212,10.683,11.2212,44255743,4.2026,21956242348.95,123702751782.45,15.1981,
000898.SZ,鞍钢股份,2007-06-20,11.3396,11.5387,10.8176,10.9091,44707757,4.2455,21345469180.49,120261620078.19,14.7753,
000898.SZ,鞍钢股份,2007-06-21,10.8445,11.0867,10.6561,11.0275,32211798,3.0589,21577141761.63,121566876931.53,14.9357,
000898.SZ,鞍钢股份,2007-06-22,11.1272,11.1272,10.1413,10.3074,35400404,3.3617,19597394250.07,110412863821.17,13.5653,
000898.SZ,鞍钢股份,2007-06-25,10.3684,10.5511,9.5874,9.7203,27193121,2.5823,18481153631.85,104123898982.35,12.7926,
000898.SZ,鞍钢股份,2007-06-26,9.5763,10.0748,9.4711,10.0748,22071858,2.096,19155110231.53,107921009828.43,13.2591,
000898.SZ,鞍钢股份,2007-06-27,10.0804,10.313,9.9142,10.2853,23360799,2.2184,19555271962.59,110175544393.29,13.5361,
000898.SZ,鞍钢股份,2007-06-28,10.313,10.4293,9.9031,9.9087,35039221,3.3274,18839193075.43,106141114119.33,13.0405,
000898.SZ,鞍钢股份,2007-06-29,9.6982,10.025,9.6262,9.7979,20815399,1.9767,18628581638.03,104954516979.93,12.8947,
000898.SZ,鞍钢股份,2007-07-02,9.7979,10.2022,9.7979,10.1025,22421682,2.1292,19207852466.88,108217659113.28,13.2956,
000898.SZ,鞍钢股份,2007-07-03,10.1801,10.6121,10.1801,10.3905,24613883,2.3374,19755444752.12,111302811675.72,13.6746,
000898.SZ,鞍钢股份,2007-07-04,10.4625,10.7893,10.2521,10.3019,18158246,1.7243,19586954818.2,110353533964.2,13.558,
000898.SZ,鞍钢股份,2007-07-05,10.025,10.1911,9.748,9.748,13837279,1.314,18533892731.2,104420548267.2,12.8291,
000898.SZ,鞍钢股份,2007-07-06,9.7757,10.3074,9.7591,10.2299,14295867,1.3576,19450056746.89,109582245823.59,13.4632,
000898.SZ,鞍钢股份,2007-07-09,10.3573,11.0607,10.2465,10.7173,36697983,3.4849,20376751383.45,114803273236.95,14.1047,
000898.SZ,鞍钢股份,2007-07-10,10.7339,10.7505,10.3462,10.385,18930459,1.7977,19744914131.25,111243481818.75,13.6673,
000898.SZ,鞍钢股份,2007-07-11,10.385,10.5511,10.0693,10.4127,14713487,1.3972,19797567235.6,111540131103.6,13.7038,
000898.SZ,鞍钢股份,2007-07-12,10.4293,10.5622,10.2465,10.4958,11120009,1.056,19955526548.65,112430078958.15,13.8131,
000898.SZ,鞍钢股份,2007-07-13,10.5013,10.5511,10.3462,10.4681,10474142,0.9946,19902873444.3,112133429673.3,13.7767,
000898.SZ,鞍钢股份,2007-07-16,10.3684,10.4736,10.1136,10.1247,12615563,1.198,19249974950.36,108454978541.16,13.3247,
000898.SZ,鞍钢股份,2007-07-17,10.1247,10.2354,9.9142,10.108,10573133,1.004,19218383087.75,108276988970.25,13.3029,
000898.SZ,鞍钢股份,2007-07-18,10.0305,10.0804,9.6373,9.8754,44873842,4.2613,18776097011.21,105785134977.51,12.9967,
000898.SZ,鞍钢股份,2007-07-19,9.8311,9.8311,9.4711,9.604,27888591,2.6483,18260096588.58,102877971985.98,12.6396,
000898.SZ,鞍钢股份,2007-07-20,9.6096,9.9142,9.5985,9.8367,24829995,2.3579,18702382665.12,105369825978.72,12.9457,
000898.SZ,鞍钢股份,2007-07-23,9.8311,10.8225,9.8311,10.8225,81179792,7.7089,20576833179.98,115930540519.38,14.2432,
000898.SZ,鞍钢股份,2007-07-24,10.9665,11.9026,10.9665,11.6312,111936404,10.6296,22114303827,124592699637,15.3074,
000898.SZ,鞍钢股份,2007-07-25,11.7696,12.2404,11.7309,11.9635,59565555,5.6564,22746141079.2,128152491055.2,15.7448,
000898.SZ,鞍钢股份,2007-07-26,12.0743,12.3512,11.7364,11.814,32321840,3.0693,22461814315.71,126550584917.01,15.548,
000898.SZ,鞍钢股份,2007-07-27,11.6478,12.6724,11.5259,12.2958,49032415,4.6562,23377978331.4,131712282473.4,16.1821,
000898.SZ,鞍钢股份,2007-07-30,12.2404,13.5254,12.1961,13.5088,53210760,5.053,25684184301.93,144705521149.83,17.7785,
000898.SZ,鞍钢股份,2007-07-31,13.5143,13.9906,13.2097,13.2762,39324351,3.7343,25241898225.39,142213667157.09,17.4723,
000898.SZ,鞍钢股份,2007-08-01,13.2374,13.6417,12.7112,12.7389,30838179,2.9284,24220428001,136458671031,16.7653,
000898.SZ,鞍钢股份,2007-08-02,12.9605,13.8356,12.9605,13.7303,31165258,2.9595,26105409136.73,147078715428.63,18.07,
000898.SZ,鞍钢股份,2007-08-03,13.8245,14.19,13.819,13.974,34260860,3.2535,26568756455.01,149689229135.31,18.3908,
000898.SZ,鞍钢股份,2007-08-06,14.1347,14.9931,14.1236,14.7162,21871901,2.077,27979859651.59,157639429969.29,19.3675,
000898.SZ,鞍钢股份,2007-08-07,14.7162,15.5082,14.4005,15.2479,37638202,3.5742,28990799255.11,163335096238.41,20.0673,
000898.SZ,鞍钢股份,2007-08-08,15.2812,15.3698,14.4836,15.0153,26551696,2.5214,28548513178.57,160843242245.67,19.7612,
000898.SZ,鞍钢股份,2007-08-09,15.0375,16.5052,15.0375,16.4775,25415369,2.4135,31328597088.25,176506324485.75,21.6855,
000898.SZ,鞍钢股份,2007-08-10,16.0621,16.4221,15.6744,15.9403,18381743,1.7456,30307126863.86,170751328359.66,20.9785,
000898.SZ,鞍钢股份,2007-08-13,15.8959,15.8959,15.2756,15.4307,27332442,2.5955,29338309743.82,165292981518.42,20.3078,
000898.SZ,鞍钢股份,2007-08-14,15.2313,15.7132,15.1759,15.475,15820096,1.5023,29422554710.78,165767620374.18,20.3662,
000898.SZ,鞍钢股份,2007-08-15,15.4529,16.0566,15.1205,15.6467,16616697,1.5779,29749003957.75,167606845940.25,20.5921,
000898.SZ,鞍钢股份,2007-08-16,15.5082,15.5359,14.6221,15.2313,33550779,3.186,28959207392.5,163157106667.5,20.0454,
000898.SZ,鞍钢股份,2007-08-17,14.6774,15.4307,14.3451,14.4559,29562877,2.8073,27484920470.7,154850926691.7,19.0249,
000898.SZ,鞍钢股份,2007-08-20,15.2202,15.9015,15.1205,15.9015,22245066,2.1124,30233412517.77,170336019360.87,20.9274,
000898.SZ,鞍钢股份,2007-08-21,16.4775,17.1809,16.0566,16.6991,30719294,2.9171,31749821923.05,178879518764.55,21.9771,
000898.SZ,鞍钢股份,2007-08-22,16.1618,16.6714,16.0621,16.256,26660667,2.5317,30907372253.45,174133130206.95,20.234,
000898.SZ,鞍钢股份,2007-08-23,16.256,16.8929,16.1563,16.8375,21306239,2.0233,32013087444.8,180362765188.8,20.9579,
000898.SZ,鞍钢股份,2007-08-24,16.8874,18.1945,16.8874,18.0837,27469378,2.6085,34382477140.55,193711983007.05,22.5091,
000898.SZ,鞍钢股份,2007-08-27,18.1668,19.6733,18.1668,19.0807,33077500,3.1411,36277988897.15,204391357261.65,23.75,
000898.SZ,鞍钢股份,2007-08-28,19.0807,19.0807,19.0807,19.0807,--,--,36277988897.15,204391357261.65,23.75,
000898.SZ,鞍钢股份,2007-08-29,19.2191,19.6622,18.1225,18.272,16041051,1.5233,34740518250.13,195729198144.03,22.7435,
000898.SZ,鞍钢股份,2007-08-30,18.3385,18.9921,17.6572,18.4327,17707711,1.6815,35045906255.36,197449763996.16,22.9434,
000898.SZ,鞍钢股份,2007-08-31,18.5822,19.3299,18.0006,19.053,14539180,1.3807,36225335792.8,204094707976.8,23.7155,
000898.SZ,鞍钢股份,2007-09-03,19.3299,20.8807,19.3299,20.421,16390482,1.5565,38826399147.69,218749182648.39,25.4184,
000898.SZ,鞍钢股份,2007-09-04,20.4266,20.6703,19.6124,19.8339,11144972,1.0583,37710153335.47,212460217809.57,24.6876,
000898.SZ,鞍钢股份,2007-09-05,19.8561,20.5318,19.7065,20.1607,11983921,1.138,38331459966.8,215960679370.8,25.0944,
000898.SZ,鞍钢股份,2007-09-06,20.1884,20.9804,19.9669,20.1607,11413528,1.0838,38331459966.8,215960679370.8,25.0944,
000898.SZ,鞍钢股份,2007-09-07,20.3823,20.3823,19.3853,19.5238,18539374,1.7605,37120438566.75,209137745819.25,24.3015,
000898.SZ,鞍钢股份,2007-09-10,19.1084,19.8672,18.7207,19.8395,12535269,1.1904,37720683956.34,212519547666.54,24.6945,
000898.SZ,鞍钢股份,2007-09-11,19.7287,20.2327,18.6099,18.6542,13951091,1.3248,35467131090.16,199822958274.96,23.2192,
000898.SZ,鞍钢股份,2007-09-12,18.5545,19.3742,18.4437,18.7096,12591045,1.1957,35572437298.86,200416256844.66,23.2881,
000898.SZ,鞍钢股份,2007-09-13,18.8314,19.8284,18.5822,19.6013,16800216,1.5954,37267867258.93,209968363816.83,24.3981,
000898.SZ,鞍钢股份,2007-09-14,19.6899,20.7423,19.2468,20.1053,30859760,2.9305,38226153758.1,215367380801.1,25.0254,
000898.SZ,鞍钢股份,2007-09-17,19.989,21.3238,19.7232,21.1577,30021227,2.8509,40226971723.4,226640053625.4,26.3353,
000898.SZ,鞍钢股份,2007-09-18,21.1411,21.1411,19.6068,20.0776,28821539,2.7369,38173500653.75,215070731516.25,24.9909,
000898.SZ,鞍钢股份,2007-09-19,19.8561,20.1053,18.776,19.2468,25214022,2.3944,36593907523.25,206171252970.75,23.9568,
000898.SZ,鞍钢股份,2007-09-20,19.3299,19.7619,19.0364,19.0973,15072282,1.4313,36309580759.76,204569346832.56,23.7707,
000898.SZ,鞍钢股份,2007-09-21,19.1084,19.341,17.7237,18.4437,27457204,2.6074,35066967497.1,197568423710.1,22.9572,
000898.SZ,鞍钢股份,2007-09-24,18.4991,19.1194,17.8899,18.9422,15954324,1.515,36014723375.4,202908110837.4,23.5777,
000898.SZ,鞍钢股份,2007-09-25,19.269,19.2745,18.2776,18.3606,7739339,0.7349,34909008184.05,196678475855.55,22.8538,
000898.SZ,鞍钢股份,2007-09-26,18.1114,18.8314,18.0006,18.333,9778541,0.9286,34856355079.7,196381826570.7,22.8193,
000898.SZ,鞍钢股份,2007-09-27,18.333,19.1084,18.2776,18.9422,10606628,1.0072,36014723375.4,202908110837.4,23.5777,
000898.SZ,鞍钢股份,2007-09-28,19.1194,20.1884,19.1194,19.9392,20323465,1.9299,37910235132,213587485092,24.8186,
000898.SZ,鞍钢股份,2007-10-08,21.1854,21.3792,20.5263,20.77,37624287,3.5728,39489828262.5,222486963637.5,25.8527,
000898.SZ,鞍钢股份,2007-10-09,20.77,20.8364,19.773,19.9946,27442751,2.606,38015541340.7,214180783661.7,24.8875,
000898.SZ,鞍钢股份,2007-10-10,19.9946,19.9946,19.9946,19.9946,--,--,38015541340.7,214180783661.7,24.8875,
000898.SZ,鞍钢股份,2007-10-11,19.9946,19.9946,19.9946,19.9946,--,--,38015541340.7,214180783661.7,24.8875,
000898.SZ,鞍钢股份,2007-10-12,19.9946,19.9946,19.9946,19.9946,--,--,38015541340.7,214180783661.7,24.8875,
000898.SZ,鞍钢股份,2007-10-15,19.9946,19.9946,19.9946,19.9946,--,--,38015541340.7,214180783661.7,24.8875,
000898.SZ,鞍钢股份,2007-10-16,19.9946,19.9946,19.9946,19.9946,--,--,38015541340.7,214180783661.7,24.8875,
000898.SZ,鞍钢股份,2007-10-17,19.9946,19.9946,19.9946,19.9946,--,--,38015541340.7,214180783661.7,24.8875,
000898.SZ,鞍钢股份,2007-10-18,21.7359,21.8038,20.4577,21.3592,40265283,3.1425,44320498475.97,243479281427.73,23.8465,
000898.SZ,鞍钢股份,2007-10-19,21.7359,21.7359,20.4268,20.5009,21435659,1.6729,42539478155.6,233695060520.4,22.8883,
000898.SZ,鞍钢股份,2007-10-22,20.0748,20.5318,19.5623,20.3157,12162556,0.9492,42155085280.7,231583358166.3,22.6814,
000898.SZ,鞍钢股份,2007-10-23,20.2416,20.6676,19.6364,20.6244,16673063,1.3013,42795740072.2,235102862089.8,23.0261,
000898.SZ,鞍钢股份,2007-10-24,20.8591,20.8714,19.7661,19.9143,16671129,1.3011,41322234051.75,227008003065.75,22.2333,
000898.SZ,鞍钢股份,2007-10-25,19.34,19.4512,18.457,18.599,21415004,1.6713,38593044639.96,212014916351.64,24.6359,
000898.SZ,鞍钢股份,2007-10-26,18.2779,19.7723,18.1606,18.6484,14275111,1.1141,38695549406.6,212578036979.4,24.7013,
000898.SZ,鞍钢股份,2007-10-29,18.6978,19.939,18.6978,19.8217,16808384,1.3118,41130037614.3,225952151888.7,26.2554,
000898.SZ,鞍钢股份,2007-10-30,19.7599,20.1304,19.1918,20.1304,18297821,1.4281,41770692405.8,229471655812.2,26.6643,
000898.SZ,鞍钢股份,2007-10-31,19.939,20.3651,19.1424,19.2721,34168834,2.6667,39989672085.43,219687434904.87,26.5972,
000898.SZ,鞍钢股份,2007-11-01,19.2783,19.3956,17.8827,17.9815,41614081,3.2478,37311735056.96,204975908504.64,24.8161,
000898.SZ,鞍钢股份,2007-11-02,17.5987,17.5987,16.6168,16.7897,32033128,2.5,34838807561.77,191390623359.93,23.1713,
000898.SZ,鞍钢股份,2007-11-05,16.8021,17.5369,16.6724,16.9873,15692918,1.2248,35248826628.33,193643105870.97,23.444,
000898.SZ,鞍钢股份,2007-11-06,17.0738,17.5369,17.0429,17.1047,10802633,0.8431,35492275449.1,194980517361.9,23.606,
000898.SZ,鞍钢股份,2007-11-07,17.4134,17.4134,16.1661,16.4254,11060039,0.8632,34082834907.8,187237608730.2,22.6685,
000898.SZ,鞍钢股份,2007-11-08,16.376,16.376,15.1904,15.209,13910067,1.0856,31558655029.29,173370763271.61,20.9897,
000898.SZ,鞍钢股份,2007-11-09,14.9743,15.5918,14.8199,14.894,28692733,2.2393,30905187141.96,169780869269.64,20.5551,
000898.SZ,鞍钢股份,2007-11-12,14.5729,14.8385,13.412,14.3259,30113525,2.3502,29726382325.6,163304982050.4,19.7711,
000898.SZ,鞍钢股份,2007-11-13,14.6347,15.1287,14.1036,14.2024,42011767,3.2788,29470120409,161897180481,19.6006,
000898.SZ,鞍钢股份,2007-11-14,14.7582,15.5486,14.5112,15.5486,34356315,2.6813,32263375299.94,182172461587.46,22.0553,
000898.SZ,鞍钢股份,2007-11-15,15.3139,15.7338,15.0299,15.0731,21677823,1.6918,31276766921.03,176601659545.27,21.3809,
000898.SZ,鞍钢股份,2007-11-16,14.8199,14.9434,14.4803,14.6038,11412809,0.8907,30302971637.95,171103205581.55,20.7152,
000898.SZ,鞍钢股份,2007-11-19,14.752,15.3325,14.752,15.0669,14059488,1.0973,31263953825.2,176529311466.8,21.3721,
000898.SZ,鞍钢股份,2007-11-20,14.9434,16.5736,14.8199,16.518,38838930,3.0312,34275031345.25,193531109907.25,23.4305,
000898.SZ,鞍钢股份,2007-11-21,16.5242,17.222,16.2093,16.2155,28165595,2.1982,33647189649.58,189986054062.22,23.0013,
000898.SZ,鞍钢股份,2007-11-22,15.8697,16.9873,15.493,16.4254,22025985,1.719,34082834907.8,192445888730.2,23.2991,
000898.SZ,鞍钢股份,2007-11-23,16.271,16.8885,15.9685,16.6971,17394030,1.3575,34646611124.32,195629204182.88,23.6845,
000898.SZ,鞍钢股份,2007-11-26,16.87,17.2096,16.1784,16.2155,12482822,0.9742,33647189649.58,189986054062.22,23.0013,
000898.SZ,鞍钢股份,2007-11-27,15.8573,16.4872,15.8573,16.0364,10152890,0.7924,33275609870.51,187887959786.59,22.7473,
000898.SZ,鞍钢股份,2007-11-28,16.1228,16.3266,15.1781,15.4436,13672805,1.0671,32045552670.83,180942544253.47,21.9064,
000898.SZ,鞍钢股份,2007-11-29,15.7277,15.9746,14.9187,15.6536,21974782,1.715,32481197929.05,183402378921.45,22.2042,
000898.SZ,鞍钢股份,2007-11-30,15.6536,15.6844,15.0546,15.0916,14881354,1.1614,31315206208.52,176818703780.68,21.4071,
000898.SZ,鞍钢股份,2007-12-03,15.0237,15.7462,14.8817,15.3139,7897223,0.6163,31776477658.4,179423234605.6,21.7225,
000898.SZ,鞍钢股份,2007-12-04,15.3757,16.3019,15.3757,16.2896,23385553,1.8251,33800946799.54,190854231003.86,23.1064,
000898.SZ,鞍钢股份,2007-12-05,16.2896,17.9198,16.0549,17.7839,48740756,3.804,36901715990.4,208362465993.6,25.2261,
000898.SZ,鞍钢股份,2007-12-06,17.8333,18.0309,17.3455,17.5678,17162457,1.3394,36453257636.35,205830283247.15,24.9195,
000898.SZ,鞍钢股份,2007-12-07,17.6295,18.7596,17.6295,18.105,19652198,1.5338,37567996973.56,212124566074.04,25.6816,
000898.SZ,鞍钢股份,2007-12-10,17.6851,18.8645,17.6851,18.3644,16831653,1.3136,38106146998.42,215163185369.78,26.0494,
000898.SZ,鞍钢股份,2007-12-11,18.3952,18.4632,17.6048,18.1235,16639835,1.2987,37606436261.05,212341610309.45,25.7078,
000898.SZ,鞍钢股份,2007-12-12,18.0186,18.5187,17.5987,17.8518,23299977,1.8185,37042660044.53,209158294856.77,25.3224,
000898.SZ,鞍钢股份,2007-12-13,17.9012,18.0927,16.6786,16.6786,30759858,2.4007,34608171836.83,195412159947.47,23.6582,
000898.SZ,鞍钢股份,2007-12-14,16.4872,17.3146,16.2278,17.259,14600595,1.1395,35812602844.85,202212879323.65,24.4816,
000898.SZ,鞍钢股份,2007-12-17,17.2776,17.3208,16.6477,16.7342,16976234,1.3249,34723489699.3,196063292653.7,23.7371,
000898.SZ,鞍钢股份,2007-12-18,16.6415,16.975,16.3143,16.8268,13860524,1.0817,34915686136.75,197148513830.75,23.8684,
000898.SZ,鞍钢股份,2007-12-19,17.0491,18.0062,17.0491,17.9815,22013579,1.7181,37311735056.96,210677604504.64,25.5064,
000898.SZ,鞍钢股份,2007-12-20,18.0062,18.1915,17.8148,17.9383,18545685,1.4474,37222043386.15,210171167955.35,25.4451,
000898.SZ,鞍钢股份,2007-12-21,17.8457,18.3273,17.6913,18.1544,17901186,1.3971,37670501740.2,212703350701.8,25.7516,
000898.SZ,鞍钢股份,2007-12-24,17.9074,18.1544,17.4381,17.8457,35270352,2.7527,37029846948.7,209085946778.3,25.3137,
000898.SZ,鞍钢股份,2007-12-25,17.8642,18.8398,17.8457,18.4014,31215444,2.4362,38183025573.4,215597273840.6,26.102,
000898.SZ,鞍钢股份,2007-12-26,18.5002,18.7966,17.9692,18.3582,17418926,1.3595,38093333902.59,215090837291.31,26.0407,
000898.SZ,鞍钢股份,2007-12-27,18.3397,18.8337,18.1544,18.6361,20743589,1.6189,38669923214.94,218346500822.46,26.4348,
000898.SZ,鞍钢股份,2007-12-28,18.6361,18.6361,18.6361,18.6361,--,--,38669923214.94,218346500822.46,26.4348,
000898.SZ,鞍钢股份,2008-01-02,18.5311,18.5558,17.6913,18.1421,25328872,1.9768,37644875548.54,212558654544.86,25.7341,
000898.SZ,鞍钢股份,2008-01-03,17.9074,18.8584,17.3084,18.8337,30695419,2.3956,39079942281.5,220661639333.5,26.7151,
000898.SZ,鞍钢股份,2008-01-04,18.8707,19.1918,18.7163,18.7843,33128954,2.5856,38977437514.86,220082854705.74,26.6451,
000898.SZ,鞍钢股份,2008-01-07,18.741,19.3153,18.4014,19.0313,24885137,1.9422,39489961348.06,222976777844.54,26.9954,
000898.SZ,鞍钢股份,2008-01-08,19.0498,19.797,18.7102,18.9757,25137978,1.9619,39374643485.59,222325645138.31,26.9166,
000898.SZ,鞍钢股份,2008-01-09,18.8337,19.3277,18.5743,18.9448,26184440,2.0436,39310578006.44,221963904745.96,26.8728,
000898.SZ,鞍钢股份,2008-01-10,19.0807,19.8834,19.0807,19.4512,29791485,2.3251,40361251864.5,227896447180.5,27.591,
000898.SZ,鞍钢股份,2008-01-11,19.3771,19.6796,18.9325,19.0498,15379182,1.2003,39528400635.55,223193822079.95,27.0217,
000898.SZ,鞍钢股份,2008-01-14,19.0683,19.235,18.7596,18.8954,21216439,1.6558,39208073239.8,221385120118.2,26.8027,
000898.SZ,鞍钢股份,2008-01-15,19.0066,19.482,18.8213,19.1424,19411410,1.515,39720597073,224279043257,27.1531,
000898.SZ,鞍钢股份,2008-01-16,18.7719,18.8954,17.9074,17.963,22995414,1.7947,37273295769.47,210460560269.23,25.4801,
000898.SZ,鞍钢股份,2008-01-17,17.753,17.9445,16.6045,16.7033,41721546,3.2562,34659424220.15,195701552261.35,23.6933,
000898.SZ,鞍钢股份,2008-01-18,16.8577,16.8947,16.1167,16.4563,53091736,4.1436,34146900386.95,192807629122.55,23.3429,
000898.SZ,鞍钢股份,2008-01-21,16.5921,16.6662,15.3633,15.3757,32896994,2.5675,31904608616.7,180146715390.3,21.8101,
000898.SZ,鞍钢股份,2008-01-22,14.8138,15.246,14.0172,14.3321,59002890,4.6049,29739195421.43,167919890128.87,20.3298,
000898.SZ,鞍钢股份,2008-01-23,14.6656,15.2028,14.3136,15.0916,30685549,2.3949,31315206208.52,176818703780.68,21.4071,
000898.SZ,鞍钢股份,2008-01-24,15.2831,15.3757,14.4988,14.8199,24487878,1.9112,30751429992,173635388328,21.0217,
000898.SZ,鞍钢股份,2008-01-25,14.8693,15.388,14.3877,14.9126,33698516,2.63,30943626429.45,174720609505.05,21.1531,
000898.SZ,鞍钢股份,2008-01-28,14.8199,14.8199,13.4244,13.4429,28654732,2.2364,27894109621.91,157501766829.19,19.0685,
000898.SZ,鞍钢股份,2008-01-29,13.3132,13.8196,12.9674,13.1527,21834710,1.7041,27291894117.9,154101407141.1,18.6568,
000898.SZ,鞍钢股份,2008-01-30,13.4923,13.8072,13.1218,13.4738,28937852,2.2585,27958175101.06,157863507221.54,19.1123,
000898.SZ,鞍钢股份,2008-01-31,13.4738,14.2024,13.3071,13.8072,29729987,2.3203,28650082275.88,161770303458.92,19.5853,
000898.SZ,鞍钢股份,2008-02-01,13.8443,14.0789,13.0477,13.7578,16030861,1.2511,28547577509.24,161191518831.16,19.5152,
000898.SZ,鞍钢股份,2008-02-04,14.2765,15.1349,14.2642,15.1349,22085817,1.7237,31404897879.33,177325140329.97,21.4685,
000898.SZ,鞍钢股份,2008-02-05,15.4374,15.8758,15.104,15.4498,25948637,2.0252,32058365766.66,181014892331.94,21.9152,
000898.SZ,鞍钢股份,2008-02-13,15.1904,15.4436,14.9496,15.1102,11678614,0.9115,31353645496.01,177035748016.09,21.4334,
000898.SZ,鞍钢股份,2008-02-14,15.1904,15.8264,15.1904,15.6227,12025965,0.9386,32417132449.9,183040638529.1,22.1604,
000898.SZ,鞍钢股份,2008-02-15,15.4251,16.1043,15.0978,15.9314,18313899,1.4293,33057787241.4,186658042452.6,22.5984,
000898.SZ,鞍钢股份,2008-02-18,15.9191,16.2155,15.3016,15.8573,21005807,1.6394,32904030091.44,185789865510.96,22.4933,
000898.SZ,鞍钢股份,2008-02-19,15.8573,16.518,15.4436,16.3945,17760609,1.3861,34018769428.65,192084148337.85,23.2553,
000898.SZ,鞍钢股份,2008-02-20,16.518,16.7342,15.8079,15.8697,15591772,1.2169,32929656283.1,185934561667.9,22.5108,
000898.SZ,鞍钢股份,2008-02-21,15.5671,16.234,15.5115,15.9932,15664144,1.2225,33185918199.7,187381523237.3,22.686,
000898.SZ,鞍钢股份,2008-02-22,15.8079,15.9808,14.7582,15.0855,24317148,1.8978,31302393112.69,176746355702.21,21.3984,
000898.SZ,鞍钢股份,2008-02-25,15.0978,15.3695,14.6223,14.9558,14011662,1.0935,31033318100.26,175227046054.34,21.2144,
000898.SZ,鞍钢股份,2008-02-26,15.6227,15.8573,14.0851,14.6964,24469570,1.9097,30495168075.4,172188426758.6,20.8466,
000898.SZ,鞍钢股份,2008-02-27,14.857,15.2522,14.7952,15.0916,11659539,0.91,31315206208.52,176818703780.68,21.4071,
000898.SZ,鞍钢股份,2008-02-28,15.1287,16.5489,14.9434,16.1414,42451392,3.3131,33493432499.62,189117877120.58,22.8962,
000898.SZ,鞍钢股份,2008-02-29,15.9314,16.5304,15.8388,16.0426,17699792,1.3814,33288422966.34,187960307865.06,22.756,
000898.SZ,鞍钢股份,2008-03-03,15.8079,16.2525,15.4498,16.1784,25696627,2.0055,33570311074.6,189551965591.4,22.9487,
000898.SZ,鞍钢股份,2008-03-04,16.0549,16.129,15.2954,15.4374,22748009,1.7754,32032739575,180870196175,21.8977,
000898.SZ,鞍钢股份,2008-03-05,15.3139,15.3201,14.0048,14.5791,33900569,2.6458,30251719254.63,170813813267.67,20.6801,
000898.SZ,鞍钢股份,2008-03-06,14.7273,14.8817,14.2024,14.6285,15145855,1.1821,30354224021.27,171392597895.43,20.7502,
000898.SZ,鞍钢股份,2008-03-07,14.3877,14.7026,14.2024,14.3815,10074432,0.7863,29841700188.07,168498674756.63,20.3999,
000898.SZ,鞍钢股份,2008-03-10,14.2704,14.2704,13.3256,13.4614,24150772,1.8849,27932548909.4,157718811064.6,19.0948,
000898.SZ,鞍钢股份,2008-03-11,13.0909,13.6467,13.0909,13.3997,13063094,1.0195,27804417951.1,156995330279.9,19.0072,
000898.SZ,鞍钢股份,2008-03-12,13.9554,14.0728,12.9736,13.1836,23572543,1.8397,27355959597.05,154463147533.45,18.7006,
000898.SZ,鞍钢股份,2008-03-13,13.0292,13.1465,12.4117,12.6278,19515313,1.5231,26202780972.35,147951820471.15,17.9123,
000898.SZ,鞍钢股份,2008-03-14,12.4796,12.5661,12.1215,12.4055,14764129,1.1523,25741509522.47,145347289646.23,17.597,
000898.SZ,鞍钢股份,2008-03-17,12.2573,12.2882,11.5966,11.5966,16352308,1.2762,24062993968.74,135869691366.66,16.4495,
000898.SZ,鞍钢股份,2008-03-18,11.4175,11.9053,10.8124,11.0532,15467011,1.2071,22935441535.7,129503060461.3,15.6787,
000898.SZ,鞍钢股份,2008-03-19,11.4854,11.8436,11.1458,11.6583,22112289,1.7258,24191124927.04,136593172151.36,16.5371,
000898.SZ,鞍钢股份,2008-03-20,11.4237,12.4734,11.0779,12.3067,20651255,1.6117,25536499989.19,144189720390.71,17.4568,
000898.SZ,鞍钢股份,2008-03-21,12.3499,13.1774,12.2264,12.8933,22225312,1.7346,26753744093.04,151062787845.36,18.2889,
000898.SZ,鞍钢股份,2008-03-24,13.0909,13.2453,11.9424,11.9547,19589225,1.5288,24806153526.88,140065879917.92,16.9575,
000898.SZ,鞍钢股份,2008-03-25,11.6707,12.6031,11.4854,12.5167,15995686,1.2484,25972145247.41,146649555058.69,17.7546,
000898.SZ,鞍钢股份,2008-03-26,12.4734,13.0292,12.4734,12.5352,15563171,1.2146,26010584534.9,146866599294.1,17.7809,
000898.SZ,鞍钢股份,2008-03-27,12.1647,12.4055,11.7386,12.0721,13611880,1.0623,25049602347.65,141440493408.85,17.124,
000898.SZ,鞍钢股份,2008-03-28,11.9239,12.671,11.4607,12.5352,18938118,1.478,26010584534.9,146866599294.1,17.7809,
000898.SZ,鞍钢股份,2008-03-31,11.9794,12.2882,11.8436,11.9794,10385752,0.8106,24857405910.2,140355272231.8,16.9926,
000898.SZ,鞍钢股份,2008-04-01,11.9733,12.1647,11.1149,11.2323,13439924,1.0489,23307021314.77,131601154736.93,15.9327,
000898.SZ,鞍钢股份,2008-04-02,11.4299,12.0412,10.9729,11.4854,21508662,1.6786,23832358243.8,134567425954.2,16.2919,
000898.SZ,鞍钢股份,2008-04-03,11.4299,12.634,11.3002,12.5352,32300272,2.5209,26010584534.9,146866599294.1,17.7809,
000898.SZ,鞍钢股份,2008-04-07,12.4117,13.3009,12.2264,13.0168,27748265,2.1656,27010006009.64,152509749414.76,18.4641,
000898.SZ,鞍钢股份,2008-04-08,12.9057,13.2144,12.6463,12.918,17140590,1.3377,26804996476.36,151352180159.24,18.324,
000898.SZ,鞍钢股份,2008-04-09,12.9304,13.6652,12.776,13.0909,43199425,3.3715,27163763159.6,153377926356.4,18.5692,
000898.SZ,鞍钢股份,2008-04-10,12.8316,13.4059,12.5475,13.3441,18412467,1.437,27689100088.63,156344197573.67,18.9283,
000898.SZ,鞍钢股份,2008-04-11,13.3997,13.6158,12.881,13.0848,19963117,1.558,27150950063.77,153305578277.93,18.5605,
000898.SZ,鞍钢股份,2008-04-14,12.7081,12.7698,11.8374,11.9362,16635196,1.2983,24767714239.39,139848835682.51,16.9313,
000898.SZ,鞍钢股份,2008-04-15,11.6089,11.7324,10.7444,11.7139,26728183,2.086,24306442789.51,137244304857.59,18.1205,
000898.SZ,鞍钢股份,2008-04-16,11.5287,11.5781,11.0408,11.1149,19325365,1.5083,23063572494,130226541246,17.1939,
000898.SZ,鞍钢股份,2008-04-17,11.1643,11.4916,10.6148,10.905,18238108,1.4234,22627927235.78,127766706578.02,16.8691,
000898.SZ,鞍钢股份,2008-04-18,10.8679,10.905,10.4419,10.4728,13660815,1.0662,21731010527.68,122702341085.12,16.2005,
000898.SZ,鞍钢股份,2008-04-21,11.3002,11.3619,10.374,10.4975,28872779,2.2534,21782262911,122991733399,16.2387,
000898.SZ,鞍钢股份,2008-04-22,10.2999,10.8679,9.8923,10.7753,16763470,1.3083,22358852223.35,126247396930.15,16.6685,
000898.SZ,鞍钢股份,2008-04-23,10.5283,11.7201,10.4851,11.5595,27537581,2.1492,23986115393.76,135435602895.84,17.8816,
000898.SZ,鞍钢股份,2008-04-24,12.7143,12.7143,12.5352,12.7143,33680997,2.6286,26382164313.97,148964693569.73,19.6679,
000898.SZ,鞍钢股份,2008-04-25,12.9057,13.8196,12.5969,13.0292,39209899,3.0601,27035632201.3,152654445571.7,20.1551,
000898.SZ,鞍钢股份,2008-04-28,12.8254,13.3379,12.6649,12.6896,15714952,1.2265,26330911930.65,148675301255.85,19.6297,
000898.SZ,鞍钢股份,2008-04-29,12.6896,13.2453,12.6587,12.7266,16722383,1.3051,26407790505.63,149109389726.67,19.687,
000898.SZ,鞍钢股份,2008-04-30,12.7575,13.3997,12.7575,13.2762,31517702,2.4598,27548156034.5,155548368710.5,20.5371,
000898.SZ,鞍钢股份,2008-05-05,13.5849,13.9801,13.4923,13.8258,24268595,1.894,28688521563.37,161987347694.33,21.3873,
000898.SZ,鞍钢股份,2008-05-06,13.8319,14.0172,13.3997,13.7578,26134620,2.0397,28547577509.24,161191518831.16,21.2822,
000898.SZ,鞍钢股份,2008-05-07,13.7455,14.0172,12.9983,12.9983,22162261,1.7297,26971566722.15,152292705179.35,20.1073,
000898.SZ,鞍钢股份,2008-05-08,12.8131,13.3503,12.5908,13.1836,15935500,1.2437,27355959597.05,154463147533.45,20.3939,
000898.SZ,鞍钢股份,2008-05-09,13.2885,13.8813,13.1712,13.5417,24377600,1.9026,28099119155.19,158659336084.71,20.9479,
000898.SZ,鞍钢股份,2008-05-12,13.3194,13.906,13.1342,13.6467,17012421,1.3277,28316941784.3,159889253418.7,21.1103,
000898.SZ,鞍钢股份,2008-05-13,13.27,14.4186,13.1527,13.9678,28460326,2.2212,28983222767.46,163651353499.14,21.607,
000898.SZ,鞍钢股份,2008-05-14,14.1283,14.3259,13.7764,14.0789,16296587,1.2719,29213858492.4,164953618911.6,21.7789,
000898.SZ,鞍钢股份,2008-05-15,14.1716,14.7335,14.1716,14.5668,26505127,2.0686,30226093062.97,170669117110.73,22.5336,
000898.SZ,鞍钢股份,2008-05-16,14.5421,14.9434,14.4494,14.5729,23631926,1.8444,30238906158.8,170741465189.2,22.5431,
000898.SZ,鞍钢股份,2008-05-19,14.4803,14.6964,14.0789,14.1654,12038180,0.9395,29393241834.02,165966492010.18,21.9127,
000898.SZ,鞍钢股份,2008-05-20,14.258,14.4247,13.2638,13.3441,13768793,1.0746,27689100088.63,156344197573.67,20.6422,
000898.SZ,鞍钢股份,2008-05-21,13.2144,13.9431,12.7822,13.9431,12685145,0.99,28931970384.14,163361961185.26,21.5688,
000898.SZ,鞍钢股份,2008-05-22,13.6467,13.8937,13.2762,13.4491,15932926,1.2435,27906922717.74,157574114907.66,20.8046,
000898.SZ,鞍钢股份,2008-05-23,13.2824,13.4985,12.9674,13.0107,8231752,0.6424,26997192913.81,152437401336.29,20.1264,
000898.SZ,鞍钢股份,2008-05-26,12.8748,12.8872,12.2079,12.2264,12533044,0.9781,25369929743.4,143249195370.6,18.9133,
000898.SZ,鞍钢股份,2008-05-27,12.2573,12.4673,12.0906,12.2882,6771474,0.5285,25498060701.7,143972676155.3,19.0088,
000898.SZ,鞍钢股份,2008-05-28,12.3499,12.8007,12.0782,12.7143,5882690,0.4591,26382164313.97,148964693569.73,19.6679,
000898.SZ,鞍钢股份,2008-05-29,12.5846,12.7081,12.282,12.4673,6178885,0.4822,25869640480.77,146070770430.93,19.2858,
000898.SZ,鞍钢股份,2008-05-30,12.4179,12.8131,12.3191,12.671,5706239,0.4453,26292472643.16,148458257020.44,19.601,
000898.SZ,鞍钢股份,2008-06-02,12.6587,12.8131,12.2882,12.6772,3653743,0.2852,26305285738.99,148530605098.91,19.6106,
000898.SZ,鞍钢股份,2008-06-03,12.6587,13.0292,12.5661,12.881,8694859,0.6786,26728117901.38,150918091688.42,19.9258,
000898.SZ,鞍钢股份,2008-06-04,12.8378,12.9242,12.3067,12.3499,13509890,1.0544,25626191660,144696156940,19.1043,
000898.SZ,鞍钢股份,2008-06-05,12.3499,12.4117,11.7324,12.1338,6405612,0.4999,25177733305.95,142163974193.55,18.77,
000898.SZ,鞍钢股份,2008-06-06,12.1647,12.5352,12.1029,12.1338,6802362,0.5309,25177733305.95,142163974193.55,18.77,
000898.SZ,鞍钢股份,2008-06-10,11.7201,11.7201,10.9235,11.0532,7803737,0.609,22935441535.7,129503060461.3,17.0984,
000898.SZ,鞍钢股份,2008-06-11,11.0223,11.0717,10.5592,10.6703,8690252,0.6782,22141029594.24,125017479596.16,16.5061,
000898.SZ,鞍钢股份,2008-06-12,10.6703,10.6703,10.6703,10.6703,--,--,22141029594.24,125017479596.16,16.5061,
000898.SZ,鞍钢股份,2008-06-13,10.6703,10.8679,10.374,10.3801,9022915,0.7042,21538814090.23,121617119908.07,16.0572,
000898.SZ,鞍钢股份,2008-06-16,10.4234,10.6703,10.1887,10.3122,6907478,0.5391,21397870036.1,120821291044.9,15.9521,
000898.SZ,鞍钢股份,2008-06-17,10.3246,10.5901,9.8553,9.9726,7238036,0.5649,20693149765.45,116842146729.05,15.4267,
000898.SZ,鞍钢股份,2008-06-18,9.88,10.553,9.5774,10.516,11833199,0.9235,21820702198.49,123208777634.41,16.2673,
000898.SZ,鞍钢股份,2008-06-19,10.4357,10.4357,9.4662,9.4662,14489198,1.1308,19642475907.39,110909604294.51,14.6435,
000898.SZ,鞍钢股份,2008-06-20,9.5033,9.88,8.6326,8.9352,33101503,2.5834,18540549666.01,104687669546.09,13.822,
000898.SZ,鞍钢股份,2008-06-23,8.7932,8.7932,8.2621,8.2806,21059023,1.6436,17182361508.03,97018773228.27,12.8095,
000898.SZ,鞍钢股份,2008-06-24,8.3053,8.5523,8.1016,8.4535,19914764,1.5543,17541128191.27,99044519425.43,13.0769,
000898.SZ,鞍钢股份,2008-06-25,8.4597,9.1081,8.4597,9.0772,25261623,1.9715,18835250870.1,106351675350.9,14.0417,
000898.SZ,鞍钢股份,2008-06-26,9.1081,9.281,8.8364,9.2131,22129408,1.7271,19117138978.36,107943333077.24,14.2518,
000898.SZ,鞍钢股份,2008-06-27,8.7835,8.8156,8.5014,8.6553,20442062,1.5954,17297679370.5,97669905934.5,12.8954,
000898.SZ,鞍钢股份,2008-06-30,8.527,8.713,8.277,8.3539,13024537,1.0165,16695428685.49,94269546246.41,12.4465,
000898.SZ,鞍钢股份,2008-07-01,8.4501,8.495,7.8218,7.8859,17418404,1.3594,15760074660.9,88988136518.1,11.7492,
000898.SZ,鞍钢股份,2008-07-02,7.9116,7.95,7.6295,7.8218,20879663,1.6296,15631943972.6,88264655733.4,11.6536,
000898.SZ,鞍钢股份,2008-07-03,7.5974,8.3155,7.5012,8.1103,22308896,1.7411,16208532069.95,91520319264.55,12.0835,
000898.SZ,鞍钢股份,2008-07-04,7.9821,8.2578,7.7,7.8539,16422418,1.2817,15696009316.75,88626396125.75,11.7014,
000898.SZ,鞍钢股份,2008-07-07,7.918,8.6424,7.8987,8.6424,43186646,3.3705,17272016782.84,97525209777.56,12.8763,
000898.SZ,鞍钢股份,2008-07-08,8.7771,8.8925,8.4309,8.713,40416503,3.1543,17412960539.97,98321038640.73,12.9814,
000898.SZ,鞍钢股份,2008-07-09,8.8412,9.4823,8.7835,9.2964,47488786,3.7063,18578949803.5,104904713781.5,13.8506,
000898.SZ,鞍钢股份,2008-07-10,9.1041,9.3926,8.9374,9.0079,27845475,2.1732,18002361706.15,101649050250.35,13.4208,
000898.SZ,鞍钢股份,2008-07-11,8.9438,9.0079,8.5976,8.8091,22693384,1.7711,17605156572.42,99406259817.78,13.1247,
000898.SZ,鞍钢股份,2008-07-14,8.6937,9.0079,8.6937,8.9951,14152962,1.1046,17976735568.49,101504354093.41,13.4017,
000898.SZ,鞍钢股份,2008-07-15,9.0143,9.0977,8.4565,8.5399,24027146,1.8752,17067007681.56,96367640522.04,12.7235,
000898.SZ,鞍钢股份,2008-07-16,8.3988,8.4245,7.9116,8.1231,22941528,1.7905,16234158207.61,91665015421.49,12.1026,
000898.SZ,鞍钢股份,2008-07-17,8.277,8.3283,7.9372,7.9628,15912668,1.2419,15913831486.86,89856313459.74,11.8638,
000898.SZ,鞍钢股份,2008-07-18,8.1937,8.3219,7.9116,8.1937,15670515,1.223,16375101964.74,92460844284.66,12.2077,
000898.SZ,鞍钢股份,2008-07-21,8.1616,8.6873,8.0718,8.5591,18312411,1.4292,17105446888.05,96584684757.45,12.7521,
000898.SZ,鞍钢股份,2008-07-22,8.5206,8.6232,8.4309,8.5206,10682620,0.8337,17028568475.07,96150596286.63,12.6948,
000898.SZ,鞍钢股份,2008-07-23,8.6296,8.7386,8.4629,8.4886,18576522,1.4498,16964503130.92,95788855894.28,12.6471,
000898.SZ,鞍钢股份,2008-07-24,8.5912,8.8733,8.5335,8.7835,22428371,1.7504,17553904297.1,99116867503.9,13.0865,
000898.SZ,鞍钢股份,2008-07-25,8.6553,8.713,8.4565,8.5206,17970752,1.4025,17028568475.07,96150596286.63,12.6948,
000898.SZ,鞍钢股份,2008-07-28,8.6168,8.7579,8.527,8.5847,10830000,0.8452,17156699163.37,96874077071.33,12.7903,
000898.SZ,鞍钢股份,2008-07-29,8.4373,8.4373,8.0783,8.2449,22046673,1.7206,16477606515.38,93039628912.42,12.2841,
000898.SZ,鞍钢股份,2008-07-30,8.4437,8.4758,8.1424,8.3155,21259114,1.6592,16618550272.51,93835457775.59,12.3892,
000898.SZ,鞍钢股份,2008-07-31,8.3924,8.3924,8.0013,8.0141,11268192,0.8794,16016336037.5,90435098087.5,11.9402,
000898.SZ,鞍钢股份,2008-08-01,7.8859,8.0654,7.7064,7.9885,14913417,1.1639,15965083762.18,90145705773.62,11.902,
000898.SZ,鞍钢股份,2008-08-04,7.9051,7.9051,7.5012,7.5718,17327890,1.3524,15132234288.23,85443080673.07,11.2811,
000898.SZ,鞍钢股份,2008-08-05,7.4564,7.6166,6.8601,6.9563,38075560,2.9716,13902179680.55,78497665139.95,10.3641,
000898.SZ,鞍钢股份,2008-08-06,7.0268,7.123,6.7768,6.8986,16651366,1.2996,13786862061.08,77846532433.72,10.2781,
000898.SZ,鞍钢股份,2008-08-07,6.8986,7.0524,6.7447,6.8601,15394550,1.2015,13709983648.1,77412443962.9,10.2208,
000898.SZ,鞍钢股份,2008-08-08,6.8601,6.8857,6.4177,6.4498,18099088,1.4125,12889947242.98,72782166940.82,9.6095,
000898.SZ,鞍钢股份,2008-08-11,6.437,6.5395,6.1677,6.2831,17140389,1.3377,12556807453.4,70901116900.6,9.3611,
000898.SZ,鞍钢股份,2008-08-12,6.3472,6.6485,6.2895,6.5972,23080617,1.8013,13184647826.07,74446172745.63,8.556,
000898.SZ,鞍钢股份,2008-08-13,6.4947,6.6806,6.3344,6.6037,14645483,1.143,13197460894.9,74518520824.1,8.5644,
000898.SZ,鞍钢股份,2008-08-14,6.5267,6.6229,6.4113,6.4947,8345540,0.6513,12979638724.79,73288603490.11,8.423,
000898.SZ,鞍钢股份,2008-08-15,6.5652,6.7126,6.4626,6.5459,18472235,1.4417,13082143275.43,73867388117.87,8.4895,
000898.SZ,鞍钢股份,2008-08-18,6.5652,6.5716,6.1164,6.1228,13162800,1.0273,12236480732.65,69092414938.85,7.9407,
000898.SZ,鞍钢股份,2008-08-19,6.001,6.3023,5.9497,6.2446,9869243,0.7702,12479929040.42,70467028429.78,8.0987,
000898.SZ,鞍钢股份,2008-08-20,6.1741,6.8088,6.1036,6.7575,23522765,1.8358,13504974546.82,76254874707.38,8.7639,
000898.SZ,鞍钢股份,2008-08-21,6.6037,6.7255,6.4113,6.4626,17176407,1.3405,12915573380.64,72926863097.76,8.3814,
000898.SZ,鞍钢股份,2008-08-22,6.4177,6.469,6.251,6.3857,11732295,0.9157,12761816554.68,72058686156.12,8.2817,
000898.SZ,鞍钢股份,2008-08-25,6.3728,6.437,6.1933,6.3087,4282411,0.3342,12608059728.72,71190509214.48,8.1819,
000898.SZ,鞍钢股份,2008-08-26,6.1869,6.1869,5.9497,6.0074,12453366,0.9719,12005845493.71,67790149526.39,7.7911,
000898.SZ,鞍钢股份,2008-08-27,6.0074,6.0907,5.6291,5.8022,21014045,1.64,11595827291.15,65475011015.35,7.525,
000898.SZ,鞍钢股份,2008-08-28,5.8471,5.8984,5.7189,5.8151,24507769,1.9127,11621453428.81,65619707172.29,7.5416,
000898.SZ,鞍钢股份,2008-08-29,5.8151,6.1228,5.7381,6.0202,27396646,2.1382,12031471631.37,67934845683.33,7.8077,
000898.SZ,鞍钢股份,2008-09-01,5.892,5.9176,5.7509,5.783,14882563,1.1615,11557388084.66,65257966779.94,7.5001,
000898.SZ,鞍钢股份,2008-09-02,5.7509,5.8471,5.6804,5.7702,6940040,0.5416,11531761947,65113270623,7.4834,
000898.SZ,鞍钢股份,2008-09-03,5.7638,5.8022,5.5458,5.6355,16177852,1.2626,11262687501.57,63593960975.13,7.3088,
000898.SZ,鞍钢股份,2008-09-04,5.6099,5.7253,5.5907,5.6484,10805992,0.8434,11288313639.23,63738657132.07,7.3254,
000898.SZ,鞍钢股份,2008-09-05,5.4688,5.5586,5.4432,5.5201,11818664,0.9224,11032052262.63,62291695562.67,7.1591,
000898.SZ,鞍钢股份,2008-09-08,5.5137,5.5522,5.4176,5.456,7427852,0.5797,10903921574.33,61568214777.97,7.076,
000898.SZ,鞍钢股份,2008-09-09,5.4817,5.642,5.4496,5.6035,8824711,0.6887,11198622157.42,63232220582.78,7.2672,
000898.SZ,鞍钢股份,2008-09-10,5.5522,5.7381,5.4496,5.5907,8807252,0.6874,11172996019.76,63087524425.84,7.2506,
000898.SZ,鞍钢股份,2008-09-11,5.565,5.5778,5.2188,5.2573,15436624,1.2048,10506716440.6,59325424345.4,6.8182,
000898.SZ,鞍钢股份,2008-09-12,5.2637,5.347,5.2252,5.2509,6780826,0.5292,10493903371.77,59253076266.93,6.8099,
000898.SZ,鞍钢股份,2008-09-16,5.2573,5.2573,5.0906,5.1355,13422893,1.0476,10263268132.83,57950810854.47,6.6602,
000898.SZ,鞍钢股份,2008-09-17,5.1355,5.1996,4.8726,4.9367,16665545,1.3007,9866062999.1,55708020421.9,6.4025,
000898.SZ,鞍钢股份,2008-09-18,4.8598,4.8918,4.4879,4.8149,19098199,1.4905,9622614691.33,54333406930.97,6.2445,
000898.SZ,鞍钢股份,2008-09-19,5.2957,5.2957,5.1547,5.2957,14282116,1.1147,10583594853.58,59759512816.22,6.8681,
000898.SZ,鞍钢股份,2008-09-22,5.6163,5.8022,5.1098,5.347,101573024,7.9273,10686099404.22,60338297443.98,6.9346,
000898.SZ,鞍钢股份,2008-09-23,5.129,5.315,4.9431,5.0585,31860598,2.4866,10109511306.87,57082633912.83,6.5605,
000898.SZ,鞍钢股份,2008-09-24,5.0136,5.2188,4.8918,5.1162,24192652,1.8881,10224828926.34,57733766619.06,6.6353,
000898.SZ,鞍钢股份,2008-09-25,5.129,5.6163,5.0649,5.5843,64034355,4.9976,11160182950.93,63015176347.37,7.2423,
000898.SZ,鞍钢股份,2008-09-26,5.5586,5.7574,5.456,5.642,41295030,3.2229,11275500570.4,63666309053.6,7.3171,
000898.SZ,鞍钢股份,2008-10-06,5.4432,5.4432,5.0778,5.0778,40341588,3.1485,10147950513.36,57299678148.24,6.5854,
000898.SZ,鞍钢股份,2008-10-07,4.8726,5.0906,4.7572,4.9624,24385814,1.9032,9917315274.42,55997412735.78,6.4357,
000898.SZ,鞍钢股份,2008-10-08,4.7764,4.847,4.6674,4.7315,24555773,1.9165,9456044796.54,53392881910.86,6.1364,
000898.SZ,鞍钢股份,2008-10-09,4.8085,4.8405,4.4943,4.552,24558593,1.9167,9097278869.3,51367135713.7,5.9036,
000898.SZ,鞍钢股份,2008-10-10,4.3276,4.3276,4.0968,4.1674,37720925,2.9439,8328494739.5,47026251005.5,5.4047,
000898.SZ,鞍钢股份,2008-10-13,4.1161,4.2635,3.9558,4.2571,26184816,2.0436,8507877703.12,48039124104.08,5.5211,
000898.SZ,鞍钢股份,2008-10-14,4.4302,4.4815,4.1994,4.1994,39838170,3.1092,8392560083.65,47387991397.85,5.4463,
000898.SZ,鞍钢股份,2008-10-15,4.1097,4.3148,4.084,4.2507,20352920,1.5885,8495064634.29,47966776025.61,5.5128,
000898.SZ,鞍钢股份,2008-10-16,4.0584,4.1609,3.975,3.975,21128669,1.649,7944102674.6,44855808651.4,5.1552,
000898.SZ,鞍钢股份,2008-10-17,4.0199,4.0648,3.943,4.0519,15400908,1.202,8097859500.56,45723985593.04,5.255,
000898.SZ,鞍钢股份,2008-10-20,4.0519,4.2315,3.9494,4.1866,19690755,1.5368,8366933945.99,47243295240.91,5.4296,
000898.SZ,鞍钢股份,2008-10-21,4.2186,4.3084,4.1161,4.1802,25512505,1.9911,8354120877.16,47170947162.44,5.4213,
000898.SZ,鞍钢股份,2008-10-22,4.0712,4.1481,4.0263,4.0263,17147889,1.3383,8046607225.24,45434593279.16,5.2218,
000898.SZ,鞍钢股份,2008-10-23,3.9365,4.0584,3.9109,4.0199,19251069,1.5025,8033794156.41,45362245200.69,5.2135,
000898.SZ,鞍钢股份,2008-10-24,4.0519,4.0968,3.8404,3.8981,24935541,1.9461,7790345848.64,43987631709.76,4.7756,
000898.SZ,鞍钢股份,2008-10-27,3.7827,3.8019,3.507,3.507,37422550,2.9207,7008748650.01,39574398923.09,4.2964,
000898.SZ,鞍钢股份,2008-10-28,3.4044,3.5903,3.3724,3.5326,33577640,2.6206,7060000925.33,39863791236.97,4.3278,
000898.SZ,鞍钢股份,2008-10-29,3.6352,3.7506,3.5775,3.5903,35857785,2.7985,7175318544.8,40514923943.2,4.3985,
000898.SZ,鞍钢股份,2008-10-30,3.616,3.8532,3.5455,3.7442,39632126,3.0931,7482832196.72,42251277826.48,4.587,
000898.SZ,鞍钢股份,2008-10-31,3.6993,3.7186,3.5839,3.6096,20338326,1.5873,7213757751.29,40731968178.61,4.4221,
000898.SZ,鞍钢股份,2008-11-03,3.5839,3.7057,3.5583,3.5967,15230502,1.1887,7188131613.63,40587272021.67,4.4064,
000898.SZ,鞍钢股份,2008-11-04,3.5775,3.5903,3.4044,3.4557,19490776,1.5212,6906244099.37,38995614295.33,4.2336,
000898.SZ,鞍钢股份,2008-11-05,3.4813,3.7314,3.4813,3.6609,32528833,2.5387,7316262301.93,41310752806.37,4.4849,
000898.SZ,鞍钢股份,2008-11-06,3.5326,3.8083,3.4942,3.7378,41262085,3.2203,7470019127.89,42178929748.01,4.5792,
000898.SZ,鞍钢股份,2008-11-07,3.6224,3.8019,3.5903,3.725,23370981,1.824,7444392990.23,42034233591.07,4.5635,
000898.SZ,鞍钢股份,2008-11-10,3.866,4.0968,3.8468,4.0968,56995812,4.4483,8187550982.37,46230422142.33,5.019,
000898.SZ,鞍钢股份,2008-11-11,4.1353,4.4238,4.0968,4.2443,79982242,6.2422,8482251565.46,47894427947.14,5.1997,
000898.SZ,鞍钢股份,2008-11-12,4.1353,4.3405,4.1161,4.3276,39550152,3.0867,8648821460.25,48834952967.25,5.3018,
000898.SZ,鞍钢股份,2008-11-13,4.2379,4.7059,4.2315,4.6482,75262220,5.8739,9289474901.75,52452356890.75,5.6945,
000898.SZ,鞍钢股份,2008-11-14,4.7444,4.7444,4.5328,4.7123,74968441,5.8509,9417605590.05,53175837675.45,5.7731,
000898.SZ,鞍钢股份,2008-11-17,4.6738,4.7315,4.552,4.7251,54284469,4.2366,9443231727.71,53320533832.39,5.7888,
000898.SZ,鞍钢股份,2008-11-18,4.7123,4.7123,4.2507,4.2507,60691001,4.7366,8495064634.29,47966776025.61,5.2076,
000898.SZ,鞍钢股份,2008-11-19,4.2251,4.552,4.1545,4.5136,49490811,3.8625,9020400456.32,50933047242.88,5.5296,
000898.SZ,鞍钢股份,2008-11-20,4.3597,4.5584,4.2828,4.3917,49064374,3.8292,8776952148.55,49558433751.95,5.3804,
000898.SZ,鞍钢股份,2008-11-21,4.2635,4.6033,4.1097,4.52,67660986,5.2806,9033213525.15,51005395321.35,5.5374,
000898.SZ,鞍钢股份,2008-11-24,4.5392,4.552,4.2956,4.3084,32780341,2.5584,8610382253.76,48617908731.84,5.2782,
000898.SZ,鞍钢股份,2008-11-25,4.3982,4.4366,4.2186,4.2956,19737281,1.5404,8584756116.1,48473212574.9,5.2625,
000898.SZ,鞍钢股份,2008-11-26,4.302,4.6546,4.2571,4.552,51667068,4.0324,9097278869.3,51367135713.7,5.5767,
000898.SZ,鞍钢股份,2008-11-27,4.9367,4.988,4.6803,4.6867,55040435,4.2956,9366353314.73,52886445361.57,5.7417,
000898.SZ,鞍钢股份,2008-11-28,4.6226,4.8405,4.5841,4.6931,36722946,2.8661,9379166383.56,52958793440.04,5.7495,
000898.SZ,鞍钢股份,2008-12-01,4.6418,4.6418,4.3533,4.5713,38469099,3.0023,9135718075.79,51584179949.11,5.6003,
000898.SZ,鞍钢股份,2008-12-02,4.411,4.5328,4.3661,4.4687,26501559,2.0683,8930708974.51,50426610693.59,5.4746,
000898.SZ,鞍钢股份,2008-12-03,4.5072,4.7893,4.4815,4.7315,39301111,2.1736,13343796479.52,53392881910.86,5.7966,
000898.SZ,鞍钢股份,2008-12-04,4.7828,5.206,4.7764,5.0521,99383011,5.4965,14247847731.52,57010285834.36,6.1894,
000898.SZ,鞍钢股份,2008-12-05,5.0713,5.1739,4.9239,5.1034,48315137,2.6721,14392495931.84,57589070462.12,6.2522,
000898.SZ,鞍钢股份,2008-12-08,5.1675,5.2573,5.0521,5.2573,72042306,3.9844,14826440532.8,59325424345.4,6.4407,
000898.SZ,鞍钢股份,2008-12-09,5.3278,5.3983,5.1611,5.206,53275416,2.9465,14681792332.48,58746639717.64,6.3779,
000898.SZ,鞍钢股份,2008-12-10,5.1739,5.2509,4.9367,5.2188,52252991,2.8899,14717954382.56,58891335874.58,6.3936,
000898.SZ,鞍钢股份,2008-12-11,5.1932,5.1996,4.988,5.0329,27921252,1.5442,14193604656.4,56793241598.95,6.1658,
000898.SZ,鞍钢股份,2008-12-12,4.9559,4.9559,4.6097,4.7059,35518986,1.9644,13271472379.36,53103489596.98,5.7652,
000898.SZ,鞍钢股份,2008-12-15,4.847,4.879,4.6867,4.7444,19758673,1.0928,13379958529.6,53537578067.8,5.8124,
000898.SZ,鞍钢股份,2008-12-16,4.7187,4.8726,4.6226,4.847,14426834,0.7979,13669254930.24,54695147323.32,5.938,
000898.SZ,鞍钢股份,2008-12-17,4.8726,5.0136,4.8277,4.9047,25914368,1.4332,13831984155.6,55346280029.55,6.0087,
000898.SZ,鞍钢股份,2008-12-18,4.9111,5.0713,4.8405,5.0585,27661100,1.5298,14265928756.56,57082633912.83,6.1972,
000898.SZ,鞍钢股份,2008-12-19,5.0585,5.206,5.0201,5.0778,29602720,1.6372,14320171831.68,57299678148.24,6.2208,
000898.SZ,鞍钢股份,2008-12-22,5.0649,5.0842,4.847,4.9367,24253973,1.3414,13922389280.8,55708020421.9,6.048,
000898.SZ,鞍钢股份,2008-12-23,4.988,4.988,4.5841,4.5969,41247946,2.2813,12964094953.68,51873572262.99,5.6317,
000898.SZ,鞍钢股份,2008-12-24,4.5456,4.6097,4.4559,4.5072,22611205,1.2505,12710960603.12,50860699164.41,5.5217,
000898.SZ,鞍钢股份,2008-12-25,4.552,4.5713,4.4302,4.5136,10601861,0.5864,12729041628.16,50933047242.88,5.5296,
000898.SZ,鞍钢股份,2008-12-26,4.5328,4.552,4.4559,4.4943,11409674,0.631,12674798553.04,50716003007.47,5.506,
000898.SZ,鞍钢股份,2008-12-29,4.443,4.5328,4.302,4.52,11920957,0.6593,12747122653.2,51005395321.35,5.5374,
000898.SZ,鞍钢股份,2008-12-30,4.5072,4.5392,4.2956,4.4238,19042075,1.0532,12475907277.6,49920174144.3,5.4196,
000898.SZ,鞍钢股份,2008-12-31,4.4174,4.5072,4.3917,4.4559,15394317,0.8514,12566312402.8,50281914536.65,5.4589,
000898.SZ,鞍钢股份,2009-01-05,4.629,4.8341,4.5905,4.8213,35393694,1.9575,13596930830.08,54405755009.44,5.9066,
000898.SZ,鞍钢股份,2009-01-06,4.7828,5.097,4.7508,5.0649,50202127,2.7765,14284009781.6,57154981991.3,6.2051,
000898.SZ,鞍钢股份,2009-01-07,5.0521,5.2252,4.9752,4.9944,33249176,1.8389,14085118506.16,56359153128.13,6.1187,
000898.SZ,鞍钢股份,2009-01-08,4.8918,4.9047,4.738,4.7893,21202827,1.1727,13506525704.88,54044014617.09,5.8673,
000898.SZ,鞍钢股份,2009-01-09,4.7764,4.8854,4.77,4.8598,15620283,0.8639,13705416980.32,54839843480.26,5.9537,
000898.SZ,鞍钢股份,2009-01-12,4.8085,4.8982,4.738,4.8021,20604301,1.1396,13542687754.96,54188710774.03,5.883,
000898.SZ,鞍钢股份,2009-01-13,4.7572,4.9367,4.7059,4.7444,28015042,1.5494,13379958529.6,53537578067.8,5.8124,
000898.SZ,鞍钢股份,2009-01-14,4.7444,4.9624,4.7444,4.9303,30284602,1.6749,13904308255.76,55635672343.43,6.0401,
000898.SZ,鞍钢股份,2009-01-15,4.8341,4.988,4.8085,4.8918,34048667,1.8831,13795822105.52,55201583872.61,5.993,
000898.SZ,鞍钢股份,2009-01-16,4.9495,5.1098,4.9431,5.0008,37049346,2.0491,14103199531.2,56431501206.6,6.1265,
000898.SZ,鞍钢股份,2009-01-19,5.0521,5.1675,5.0008,5.1098,39183041,2.1671,14410576956.88,57661418540.59,6.2601,
000898.SZ,鞍钢股份,2009-01-20,5.1098,5.2829,5.0649,5.2252,42011082,2.3235,14736035407.6,58963683953.05,6.4014,
000898.SZ,鞍钢股份,2009-01-21,4.9944,5.1996,4.9303,5.0713,42308380,2.3399,14302090806.64,57227330069.77,6.2129,
000898.SZ,鞍钢股份,2009-01-22,5.0778,5.097,4.8598,4.988,48245999,2.6683,14067037481.12,56286805049.66,6.1108,
000898.SZ,鞍钢股份,2009-01-23,4.9431,5.1483,4.9175,5.0842,42638706,2.3582,14338252856.72,57372026226.71,6.2286,
000898.SZ,鞍钢股份,2009-02-02,5.1611,5.1868,5.0649,5.097,15782659,0.8729,14374414906.8,57516722383.65,6.2444,
000898.SZ,鞍钢股份,2009-02-03,5.097,5.1932,5.0136,5.1868,28550437,1.579,14627549257.36,58529595482.23,6.3543,
000898.SZ,鞍钢股份,2009-02-04,5.206,5.4176,5.206,5.4047,38351692,2.1211,15242304108.72,60989430150.21,6.6214,
000898.SZ,鞍钢股份,2009-02-05,5.4047,5.7638,5.3342,5.424,56655372,3.1334,15296547183.84,61206474385.62,6.6449,
000898.SZ,鞍钢股份,2009-02-06,5.424,5.424,5.424,5.424,--,--,15296547183.84,61206474385.62,6.6449,
000898.SZ,鞍钢股份,2009-02-09,5.7381,5.8086,5.5458,5.6997,61571279,3.4053,16074031260.56,64317441759.83,6.9827,
000898.SZ,鞍钢股份,2009-02-10,5.6997,5.8086,5.4945,5.7574,53030457,2.9329,16236760485.92,64968574466.06,7.0534,
000898.SZ,鞍钢股份,2009-02-11,5.6291,5.8279,5.5586,5.5907,64805325,3.5842,15766653834.88,63087524425.84,6.8492,
000898.SZ,鞍钢股份,2009-02-12,5.6163,5.6932,5.2701,5.3919,74534425,4.1222,15206142058.64,60844733993.27,6.6057,
000898.SZ,鞍钢股份,2009-02-13,5.3983,5.6548,5.2893,5.642,68533435,3.7904,15911302035.2,63666309053.6,6.912,
000898.SZ,鞍钢股份,2009-02-16,5.6548,6.2061,5.6484,6.1549,115195796,6.3711,17357784038.4,69454155331.2,7.5403,
000898.SZ,鞍钢股份,2009-02-17,6.1356,6.1356,5.7574,5.7766,84285652,4.6616,16291003561.04,65185618701.47,7.0769,
000898.SZ,鞍钢股份,2009-02-18,5.6291,5.6676,5.3727,5.3855,52135014,2.8834,15188061033.6,60772385914.8,6.5978,
000898.SZ,鞍钢股份,2009-02-19,5.4688,5.6804,5.4496,5.5458,51628102,2.8554,15640086659.6,62581087876.55,6.7942,
000898.SZ,鞍钢股份,2009-02-20,5.565,5.642,5.4688,5.6291,30807574,1.7039,15875139985.12,63521612896.66,6.8963,
000898.SZ,鞍钢股份,2009-02-23,5.6099,5.7445,5.4624,5.7061,41951808,2.3202,16092112285.6,64389789838.3,6.9905,
000898.SZ,鞍钢股份,2009-02-24,5.5971,5.7189,5.3278,5.3727,55445294,3.0665,15151898983.52,60627689757.86,6.5821,
000898.SZ,鞍钢股份,2009-02-25,5.4176,5.4624,5.1098,5.2765,42900749,2.3727,14880683607.92,59542468580.81,6.4643,
000898.SZ,鞍钢股份,2009-02-26,5.2765,5.347,5.0072,5.0585,27553936,1.5239,14265928756.56,57082633912.83,6.1972,
000898.SZ,鞍钢股份,2009-02-27,5.0393,5.0457,4.738,4.7764,31937510,1.7664,13470363654.8,53899318460.15,5.8516,
000898.SZ,鞍钢股份,2009-03-02,4.7508,4.8662,4.7059,4.8277,18728570,1.0358,13615011855.12,54478103087.91,5.9145,
000898.SZ,鞍钢股份,2009-03-03,4.7444,4.9431,4.6033,4.8341,30006524,1.6596,13633092880.16,54550451166.38,5.9223,
000898.SZ,鞍钢股份,2009-03-04,4.8085,5.1483,4.77,5.097,43850443,2.4252,14374414906.8,57516722383.65,6.2444,
000898.SZ,鞍钢股份,2009-03-05,5.1675,5.1932,4.988,5.0842,44525325,2.4625,14338252856.72,57372026226.71,6.2286,
000898.SZ,鞍钢股份,2009-03-06,4.988,5.1034,4.9431,4.9944,28182085,1.5587,14085118506.16,56359153128.13,6.1187,
000898.SZ,鞍钢股份,2009-03-09,5.0136,5.0778,4.7636,4.7893,26073271,1.442,13506525704.88,54044014617.09,5.8673,
000898.SZ,鞍钢股份,2009-03-10,4.7444,4.8405,4.6674,4.8341,37380241,2.0674,13633092880.16,54550451166.38,5.9223,
000898.SZ,鞍钢股份,2009-03-11,4.9175,5.0906,4.8021,4.8534,38471330,2.1277,13687335955.28,54767495401.79,5.9459,
000898.SZ,鞍钢股份,2009-03-12,4.8085,4.8213,4.6867,4.7957,24641286,1.3628,13524606729.92,54116362695.56,5.8752,
000898.SZ,鞍钢股份,2009-03-13,4.8277,4.8598,4.7251,4.7251,18252460,1.0095,13325715454.48,53320533832.39,5.7888,
000898.SZ,鞍钢股份,2009-03-16,4.7444,4.8726,4.7251,4.847,19908399,1.1011,13669254930.24,54695147323.32,5.938,
000898.SZ,鞍钢股份,2009-03-17,4.8726,5.0265,4.8726,5.0072,36154593,1.9996,14121280556.24,56503849285.07,6.1344,
000898.SZ,鞍钢股份,2009-03-18,5.0136,5.2252,5.0136,5.097,54673380,3.0238,14374414906.8,57516722383.65,6.2444,
000898.SZ,鞍钢股份,2009-03-19,5.1162,5.1675,5.0136,5.129,37237598,2.0595,14464820032,57878462776,6.2836,
000898.SZ,鞍钢股份,2009-03-20,5.129,5.3663,5.129,5.3022,58800057,3.252,14953007708.08,59831860894.69,6.4957,
000898.SZ,鞍钢股份,2009-03-23,5.3791,5.5522,5.3791,5.4432,63012072,3.485,15350790258.96,61423518621.03,6.6685,
000898.SZ,鞍钢股份,2009-03-24,5.5522,5.6227,5.4176,5.5009,47957349,2.6524,15513519484.32,62074651327.26,6.7392,
000898.SZ,鞍钢股份,2009-03-25,5.4496,5.4624,5.2509,5.2509,38256115,2.1158,14808359507.76,59253076266.93,6.4329,
000898.SZ,鞍钢股份,2009-03-26,5.238,5.3663,5.1547,5.3534,34523586,1.9094,15097655908.4,60410645522.45,6.5585,
000898.SZ,鞍钢股份,2009-03-27,5.4304,5.7702,5.3855,5.5714,89029413,4.9239,15712410759.76,62870480190.43,6.8256,
000898.SZ,鞍钢股份,2009-03-30,5.5586,5.5586,5.3214,5.3855,40392275,2.234,15188061033.6,60772385914.8,6.5978,
000898.SZ,鞍钢股份,2009-03-31,5.2509,5.3278,5.1932,5.2829,34078863,1.8848,14898764632.96,59614816659.28,6.4721,
000898.SZ,鞍钢股份,2009-04-01,5.3278,5.4368,5.2893,5.3855,37206095,2.0577,15188061033.6,60772385914.8,6.5978,
000898.SZ,鞍钢股份,2009-04-02,5.4432,5.5394,5.4176,5.4753,44854978,2.4808,15441195384.16,61785259013.38,6.7078,
000898.SZ,鞍钢股份,2009-04-03,5.533,5.5714,5.3727,5.5009,49867005,2.758,15513519484.32,62074651327.26,6.7392,
000898.SZ,鞍钢股份,2009-04-07,5.533,5.6612,5.456,5.5137,41444006,2.2921,15549681534.4,62219347484.2,6.7549,
000898.SZ,鞍钢股份,2009-04-08,5.4881,5.4945,5.2765,5.2765,40289364,2.2283,14880683607.92,59542468580.81,6.4643,
000898.SZ,鞍钢股份,2009-04-09,5.2637,5.4047,5.2316,5.3919,25750862,1.4242,15206142058.64,60844733993.27,6.6057,
000898.SZ,鞍钢股份,2009-04-10,5.4368,5.4624,5.3214,5.4496,34914696,1.931,15368871284,61495866699.5,6.6764,
000898.SZ,鞍钢股份,2009-04-13,5.4688,5.8151,5.4496,5.7509,108390249,5.9947,16218679460.88,64896226387.59,7.0455,
000898.SZ,鞍钢股份,2009-04-14,5.7638,5.9946,5.7574,5.8792,74118901,4.0993,16580299961.68,66343187956.99,7.2026,
000898.SZ,鞍钢股份,2009-04-15,5.8407,5.9946,5.7702,5.8856,57673974,3.1898,16598380986.72,66415536035.46,22.22,
000898.SZ,鞍钢股份,2009-04-16,5.892,6.2831,5.8215,6.0266,83592158,4.6232,16996163537.6,68007193761.8,22.7525,
000898.SZ,鞍钢股份,2009-04-17,6.0266,6.0266,5.7125,5.7445,51947836,2.8731,16200598435.84,64823878309.12,21.6875,
000898.SZ,鞍钢股份,2009-04-20,5.7125,5.8984,5.6548,5.8728,28132050,1.5559,16562218936.64,66270839878.52,22.1716,
000898.SZ,鞍钢股份,2009-04-21,5.7574,5.8856,5.6612,5.7766,32153685,1.7783,16291003561.04,65185618701.47,21.8085,
000898.SZ,鞍钢股份,2009-04-22,5.8151,5.8664,5.5266,5.565,40069835,2.2161,15694329734.72,62798132111.96,21.0097,
000898.SZ,鞍钢股份,2009-04-23,5.5137,5.6099,5.4432,5.533,27258291,1.5076,15603924609.52,62436391719.61,20.8887,
000898.SZ,鞍钢股份,2009-04-24,5.5394,5.5907,5.4817,5.5266,26079204,1.4424,15585843584.48,62364043641.14,20.8645,
000898.SZ,鞍钢股份,2009-04-27,5.5073,5.533,5.3214,5.4496,32416746,1.7929,15368871284,61495866699.5,20.5741,
000898.SZ,鞍钢股份,2009-04-28,5.3086,5.3983,5.1868,5.2573,32728436,1.8101,14826440532.8,59325424345.4,107.0856,
000898.SZ,鞍钢股份,2009-04-29,5.2445,5.4432,5.206,5.424,23568114,1.3035,15296547183.84,61206474385.62,110.481,
000898.SZ,鞍钢股份,2009-04-30,5.4881,5.6612,5.4176,5.5714,24953890,1.3801,15712410759.76,62870480190.43,113.4846,
000898.SZ,鞍钢股份,2009-05-04,5.6099,6.0907,5.6099,6.0202,61941482,3.4258,16978082512.56,67934845683.33,122.6261,
000898.SZ,鞍钢股份,2009-05-05,6.0779,6.2061,5.9112,5.9561,50913620,2.8159,16797272262.16,67211364898.63,121.3202,
000898.SZ,鞍钢股份,2009-05-06,5.9946,6.3985,5.9882,6.2959,75465205,4.1737,17755566589.28,71045813057.54,128.2415,
000898.SZ,鞍钢股份,2009-05-07,6.3664,6.6421,6.1997,6.3408,79066346,4.3729,17882133764.56,71552249606.83,129.1557,
000898.SZ,鞍钢股份,2009-05-08,6.2703,6.5075,6.1741,6.4754,34115101,1.8868,18261835290.4,73071559254.7,131.8981,
000898.SZ,鞍钢股份,2009-05-11,6.4818,6.796,6.4562,6.6229,58841915,3.2543,18677698866.32,74735565059.51,134.9017,
000898.SZ,鞍钢股份,2009-05-12,6.4434,6.6998,6.2895,6.5844,32591031,1.8025,18569212716.08,74301476588.69,134.1182,
000898.SZ,鞍钢股份,2009-05-13,6.5844,6.7447,6.4498,6.6549,44532306,2.4629,18768103991.52,75097305451.86,135.5547,
000898.SZ,鞍钢股份,2009-05-14,6.4754,6.5652,6.3472,6.4113,25551257,1.4132,18081025040,72348078470,130.5922,
000898.SZ,鞍钢股份,2009-05-15,6.4113,6.4754,6.2382,6.2959,17345931,0.9593,17755566589.28,71045813057.54,128.2415,
000898.SZ,鞍钢股份,2009-05-18,6.2382,6.4818,6.1164,6.4434,26289158,1.454,18171430165.2,72709818862.35,131.2452,
000898.SZ,鞍钢股份,2009-05-19,6.5075,6.7319,6.4818,6.5331,36106188,1.9969,18424564515.76,73722691960.93,133.0735,
000898.SZ,鞍钢股份,2009-05-20,6.5844,6.7768,6.4562,6.6614,55884872,3.0908,18786185016.56,75169653530.33,135.6853,
000898.SZ,鞍钢股份,2009-05-21,6.5395,6.6614,6.3087,6.3151,27586704,1.5257,17809809664.4,71262857292.95,128.6333,
000898.SZ,鞍钢股份,2009-05-22,6.3087,6.5331,6.142,6.3216,21903921,1.2114,17827890689.44,71335205371.42,128.7639,
000898.SZ,鞍钢股份,2009-05-25,6.1933,6.36,6.0651,6.3151,14462816,0.7999,17809809664.4,71262857292.95,128.6333,
000898.SZ,鞍钢股份,2009-05-26,6.2831,6.3472,6.142,6.1484,22479848,1.2433,17339703013.36,69381807252.73,125.2379,
000898.SZ,鞍钢股份,2009-05-27,6.1677,6.328,6.1036,6.2959,24882255,1.3762,17755566589.28,71045813057.54,128.2415,
000898.SZ,鞍钢股份,2009-06-01,6.328,6.9242,6.2895,6.8537,46262096,2.5586,19328615767.76,77340095884.43,139.6031,
000898.SZ,鞍钢股份,2009-06-02,6.9242,7.2448,6.796,7.0653,53212090,2.943,19925289594.08,79727582473.94,143.9126,
000898.SZ,鞍钢股份,2009-06-03,7.2448,7.4756,7.0204,7.4051,42040776,2.3251,20883583921.2,83562030632.85,150.834,
000898.SZ,鞍钢股份,2009-06-04,7.3089,8.0654,7.2768,7.732,50554690,2.796,21805716198.24,87251782634.82,157.4942,
000898.SZ,鞍钢股份,2009-06-05,7.7449,8.2385,7.6615,7.7513,43221542,2.3904,21859959273.36,87468826870.23,157.886,
000898.SZ,鞍钢股份,2009-06-08,7.7513,8.027,7.5974,7.7192,29129208,1.611,21769554148.16,87107086477.88,157.233,
000898.SZ,鞍钢股份,2009-06-09,7.7256,7.8539,7.4499,7.6487,24340214,1.3462,21570662872.72,86311257614.71,155.7965,
000898.SZ,鞍钢股份,2009-06-10,7.6487,8.136,7.5525,8.0141,38561940,2.1327,22601281300,90435098087.5,163.2402,
000898.SZ,鞍钢股份,2009-06-11,7.841,7.9821,7.6102,7.6936,27934897,1.545,21697230048,86817694164,156.7106,
000898.SZ,鞍钢股份,2009-06-12,7.6936,7.6936,7.6936,7.6936,--,--,21697230048,86817694164,156.7106,
000898.SZ,鞍钢股份,2009-06-15,7.4371,7.5653,7.1743,7.4371,42226548,2.3354,20973989046.4,83923771025.2,151.487,
000898.SZ,鞍钢股份,2009-06-16,7.3538,7.6872,7.3217,7.4884,37442471,2.0708,21118637246.72,84502555652.96,152.5317,
000898.SZ,鞍钢股份,2009-06-17,7.482,7.6615,7.2448,7.6295,35088512,1.9406,21516419797.6,86094213379.3,155.4047,
000898.SZ,鞍钢股份,2009-06-18,7.5653,7.7449,7.5012,7.6743,28388210,1.5701,21642986972.88,86600649928.59,156.3189,
000898.SZ,鞍钢股份,2009-06-19,7.6936,7.7897,7.4884,7.6359,18498439,1.0231,21534500822.64,86166561457.77,155.5353,
000898.SZ,鞍钢股份,2009-06-22,7.6359,8.1103,7.6359,7.9436,38526374,2.1308,22402390024.56,89639269224.33,161.8037,
000898.SZ,鞍钢股份,2009-06-23,7.8218,8.6745,7.7577,8.4629,64701488,3.5784,23866953052.8,95499463580.4,172.3817,
000898.SZ,鞍钢股份,2009-06-24,8.5847,9.1041,8.5078,9.0912,69043023,3.8185,25638893506.72,102589575270.46,185.1797,
000898.SZ,鞍钢股份,2009-06-25,9.0912,9.0912,9.0912,9.0912,--,--,25638893506.72,102589575270.46,185.1797,
000898.SZ,鞍钢股份,2009-06-26,9.0912,9.306,8.8374,8.909,35945702,1.988,24752923279.76,99044519425.43,178.7807,
000898.SZ,鞍钢股份,2009-06-29,8.8765,9.0327,8.6422,8.8505,22009273,1.2173,24590194054.4,98393386719.2,177.6054,
000898.SZ,鞍钢股份,2009-06-30,8.8635,8.9481,8.499,8.5836,22544084,1.2468,23848872027.76,95427115501.93,172.2511,
000898.SZ,鞍钢股份,2009-07-01,8.5836,9.2735,8.5576,9.2735,35899947,1.9855,25765460682,103096011819.75,186.0939,
000898.SZ,鞍钢股份,2009-07-02,9.28,9.4687,9.0001,9.2084,48768221,2.6972,25584650431.6,102372531035.05,184.788,
000898.SZ,鞍钢股份,2009-07-03,9.1108,9.319,8.9351,9.1889,25516796,1.4112,25530407356.48,102155486799.64,184.3962,
000898.SZ,鞍钢股份,2009-07-06,9.1238,9.9437,9.1238,9.5793,43163853,2.3872,26615268858.88,106496371507.84,192.2317,
000898.SZ,鞍钢股份,2009-07-07,9.5793,9.8591,9.5012,9.5793,31394639,1.7363,26615268858.88,106496371507.84,192.2317,
000898.SZ,鞍钢股份,2009-07-08,9.4882,9.6574,9.0978,9.3646,28020532,1.5497,26018595032.56,104108884918.33,187.9222,
000898.SZ,鞍钢股份,2009-07-09,9.3646,9.7615,9.2149,9.3711,36104419,1.9968,26036676057.6,104181232996.8,188.0528,
000898.SZ,鞍钢股份,2009-07-10,9.3385,9.3385,9.0132,9.1433,41500411,2.2952,25403840181.2,101649050250.35,183.482,
000898.SZ,鞍钢股份,2009-07-13,9.1433,9.2735,9.0457,9.0782,26914147,1.4885,25223029930.8,100925569465.65,182.1761,
000898.SZ,鞍钢股份,2009-07-14,9.1563,9.4101,9.1238,9.2865,26178670,1.4479,25801622732.08,103240707976.69,186.3551,
000898.SZ,鞍钢股份,2009-07-15,9.4036,9.742,9.28,9.4101,42711453,2.3622,26145162207.84,104615321467.62,188.8363,
000898.SZ,鞍钢股份,2009-07-16,9.4361,9.6965,9.28,9.5663,30369688,1.6796,26579106808.8,106351675350.9,191.9705,
000898.SZ,鞍钢股份,2009-07-17,9.5533,9.7615,9.4361,9.7485,36386323,2.0124,27085375509.92,108377421548.06,195.6271,
000898.SZ,鞍钢股份,2009-07-20,9.8266,10.2171,9.7745,9.9633,34795837,1.9244,27682049336.24,110764908137.57,199.9367,
000898.SZ,鞍钢股份,2009-07-21,9.9633,9.9893,9.5012,9.5663,27831856,1.5393,26579106808.8,106351675350.9,191.9705,
000898.SZ,鞍钢股份,2009-07-22,9.5338,9.9633,9.4817,9.742,25185432,1.3929,27067294484.88,108305073469.59,195.4965,
000898.SZ,鞍钢股份,2009-07-23,9.6639,9.6834,9.2735,9.5923,29719714,1.6437,26651430908.96,106641067664.78,192.4929,
000898.SZ,鞍钢股份,2009-07-24,9.5988,9.6314,9.28,9.5598,35632893,1.9707,26561025783.76,106279327272.43,191.8399,
000898.SZ,鞍钢股份,2009-07-27,9.5663,10.1715,9.5663,10.1195,42610911,2.3567,28115993937.2,112501262020.85,203.0709,
000898.SZ,鞍钢股份,2009-07-28,10.165,11.1347,9.9242,11.1347,59109596,3.2692,30936633843.44,123787562262.17,223.4433,
000898.SZ,鞍钢股份,2009-07-29,11.1932,11.7073,10.3993,10.7247,57312728,3.1698,29797529265.92,119229633318.56,215.2159,
000898.SZ,鞍钢股份,2009-07-30,10.8613,11.6488,10.8613,11.0501,62362712,3.4491,30701580517.92,122847037242.06,221.7456,
000898.SZ,鞍钢股份,2009-07-31,11.3169,11.447,10.8353,11.2908,30973269,1.713,31370578444.4,125523916145.45,226.5775,
000898.SZ,鞍钢股份,2009-08-03,11.5251,12.3516,11.4731,12.2995,50126907,2.7723,34173137325.6,136737868308.3,246.8193,
000898.SZ,鞍钢股份,2009-08-04,12.2345,12.5598,11.9091,12.0392,36957036,2.044,33449896324,133843945169.5,241.5956,
000898.SZ,鞍钢股份,2009-08-05,12.0067,12.0067,11.1802,11.447,39803320,2.2014,31804523045.36,127260270028.73,229.7117,
000898.SZ,鞍钢股份,2009-08-06,11.3819,11.3819,10.6856,10.998,35378752,1.9567,30556932317.6,122268252614.3,220.7008,
000898.SZ,鞍钢股份,2009-08-07,10.9655,11.1281,10.4579,10.4774,32684120,1.8076,29110450314.4,116480406336.7,210.2534,
000898.SZ,鞍钢股份,2009-08-10,10.601,10.7377,10.2821,10.6075,27561902,1.5244,29472070815.2,117927367906.1,212.8653,
000898.SZ,鞍钢股份,2009-08-11,10.7051,10.8678,10.3667,10.562,26842855,1.4846,29345503639.92,117420931356.81,211.9511,
000898.SZ,鞍钢股份,2009-08-12,10.5425,10.5555,10.0088,10.1455,38514964,2.1301,28188318037.36,112790654334.73,203.5932,
000898.SZ,鞍钢股份,2009-08-13,10.0869,10.3798,9.8266,10.3798,27514027,1.5217,28839234938.8,115395185159.65,208.2946,
000898.SZ,鞍钢股份,2009-08-14,10.3472,10.4774,10.0218,10.0479,16501908,0.9127,27917102661.76,111705433157.68,201.6344,
000898.SZ,鞍钢股份,2009-08-17,9.768,9.8787,9.0457,9.0457,24817346,1.3726,25132624805.6,100563829073.3,181.5232,
000898.SZ,鞍钢股份,2009-08-18,8.8505,9.3711,8.8505,9.1954,43485852,2.4051,25548488381.52,102227834878.11,-22.4479,
000898.SZ,鞍钢股份,2009-08-19,9.1173,9.1238,8.3038,8.6227,40396116,2.2342,23957358178,95861203972.75,-21.0499,
000898.SZ,鞍钢股份,2009-08-20,8.6552,8.9741,8.5576,8.922,32579903,1.8019,24789085329.84,99189215582.37,-21.7807,
000898.SZ,鞍钢股份,2009-08-21,8.922,9.5533,8.7659,9.2019,33926672,1.8764,25566569406.56,102300182956.58,-22.4638,
000898.SZ,鞍钢股份,2009-08-24,9.2084,9.4036,8.9416,9.2344,29703627,1.6428,25656974531.76,102661923348.93,-22.5432,
000898.SZ,鞍钢股份,2009-08-25,9.1108,9.1108,8.3103,9.1108,40634471,2.2474,25313435056,101287309858,-22.2414,
000898.SZ,鞍钢股份,2009-08-26,8.6682,9.1628,8.5641,8.9871,29187331,1.6143,24969895580.24,99912696367.07,-21.9395,
000898.SZ,鞍钢股份,2009-08-27,8.8179,9.1433,8.5902,8.7203,31021816,1.7157,24228573553.6,96946425149.8,-21.2882,
000898.SZ,鞍钢股份,2009-08-28,8.6357,8.7789,7.9459,8.011,49374975,2.7308,22257741824.24,89060484596.57,-19.5565,
000898.SZ,鞍钢股份,2009-08-31,7.8092,7.8743,7.2105,7.2105,55301792,3.0586,20033775744.32,80161670944.76,-17.6025,
000898.SZ,鞍钢股份,2009-09-01,7.2105,7.4773,7.1259,7.3927,61024953,3.3751,20540044445.44,82187417141.92,-18.0473,
000898.SZ,鞍钢股份,2009-09-02,7.1975,7.5164,7.152,7.3537,28795006,1.5926,20431558295.2,81753328671.1,-17.952,
000898.SZ,鞍钢股份,2009-09-03,7.3862,8.0891,7.2756,8.0891,41747505,2.3089,22474714124.72,89928661538.21,-19.7472,
000898.SZ,鞍钢股份,2009-09-04,8.0045,8.2387,7.8613,7.9784,40227843,2.2249,22167336699.04,88698744204.22,-19.4771,
000898.SZ,鞍钢股份,2009-09-07,8.0435,8.3168,7.8938,7.9589,36609208,2.0247,22113093623.92,88481699968.81,-19.4294,
000898.SZ,鞍钢股份,2009-09-08,7.9394,8.5316,7.7116,8.473,48527567,2.6839,23541494602.08,94197198167.94,-20.6845,
000898.SZ,鞍钢股份,2009-09-09,8.4795,8.9155,8.4275,8.8309,51555832,2.8514,24535950979.28,98176342483.79,-21.5583,
000898.SZ,鞍钢股份,2009-09-10,8.6552,9.1693,8.5902,8.7854,35500036,1.9634,24409383804,97669905934.5,-21.4471,
000898.SZ,鞍钢股份,2009-09-11,8.7203,9.0782,8.6487,8.9546,27743766,1.5344,24879490455.04,99550955974.72,-21.8601,
000898.SZ,鞍钢股份,2009-09-14,9.0457,9.0717,8.7854,8.9155,30001333,1.6593,24771004304.8,99116867503.9,-21.7648,
000898.SZ,鞍钢股份,2009-09-15,8.9806,9.306,8.5576,9.0978,51440733,2.845,25277273005.92,101142613701.06,-22.2096,
000898.SZ,鞍钢股份,2009-09-16,8.9155,8.9481,8.5771,8.7984,36624539,2.0256,24445545854.08,97814602091.44,-21.4788,
000898.SZ,鞍钢股份,2009-09-17,8.8114,9.0066,8.7854,8.8505,31907177,1.7647,24590194054.4,98393386719.2,-21.6059,
000898.SZ,鞍钢股份,2009-09-18,8.8505,8.8505,8.8505,8.8505,--,--,24590194054.4,98393386719.2,-21.6059,
000898.SZ,鞍钢股份,2009-09-21,8.3103,8.4275,7.9719,8.4014,40830226,2.2582,23342603326.64,93401369304.77,-20.5097,
000898.SZ,鞍钢股份,2009-09-22,8.3298,8.4079,7.9394,7.998,28899248,1.5983,22221579774.16,88915788439.63,-19.5248,
000898.SZ,鞍钢股份,2009-09-23,8.0435,8.1346,7.614,7.8678,26478506,1.4644,21859959273.36,87468826870.23,-19.207,
000898.SZ,鞍钢股份,2009-09-24,7.6921,7.8743,7.4838,7.7051,20401855,1.1284,21407933647.36,85660124908.48,-18.8099,
000898.SZ,鞍钢股份,2009-09-25,7.601,7.6791,7.4838,7.5489,15991042,0.8844,20973989046.4,83923771025.2,-18.4286,
000898.SZ,鞍钢股份,2009-09-28,7.5945,7.7767,7.2366,7.2561,20395887,1.128,20160342919.6,80668107494.05,-17.7137,
000898.SZ,鞍钢股份,2009-09-29,7.3212,7.3407,7.0153,7.191,25986314,1.4372,19979532669.2,79944626709.35,-17.5548,
000898.SZ,鞍钢股份,2009-09-30,7.2496,7.4513,7.204,7.3797,17844878,0.9869,20503882395.36,82042720984.98,-18.0155,
000898.SZ,鞍钢股份,2009-10-09,7.6465,7.9068,7.5684,7.8808,23687467,1.3101,21896121323.44,87613523027.17,-19.2388,
000898.SZ,鞍钢股份,2009-10-12,7.8092,7.9459,7.575,7.8092,28260940,1.563,21697230048,86817694164,-19.0641,
000898.SZ,鞍钢股份,2009-10-13,7.8027,8.0956,7.7311,8.076,34347971,1.8997,22438552074.64,89783965381.27,-19.7154,
000898.SZ,鞍钢股份,2009-10-14,8.076,8.3559,7.9849,8.1997,33322531,1.843,22782091550.4,91158578872.2,-20.0173,
000898.SZ,鞍钢股份,2009-10-15,8.2518,8.5641,8.2518,8.4014,26627459,1.4727,23342603326.64,93401369304.77,-20.5097,
000898.SZ,鞍钢股份,2009-10-16,8.4405,8.5251,8.1346,8.4144,19244210,1.0643,23378765376.72,93546065461.71,-20.5415,
000898.SZ,鞍钢股份,2009-10-19,8.3298,9.0066,8.2908,8.8244,34384213,1.9017,24517869954.24,98103994405.32,-21.5424,
000898.SZ,鞍钢股份,2009-10-20,8.8374,8.8505,8.6748,8.7594,21900040,1.2112,24337059703.84,97380513620.62,-21.3835,
000898.SZ,鞍钢股份,2009-10-21,8.7724,8.9676,8.6097,8.8374,23813565,1.317,24554032004.32,98248690562.26,-21.5742,
000898.SZ,鞍钢股份,2009-10-22,8.7398,8.844,8.5771,8.6878,19176833,1.0606,24138168428.4,96584684757.45,-21.2088,
000898.SZ,鞍钢股份,2009-10-23,8.6943,8.9546,8.6878,8.7919,18974755,1.0494,24427464829.04,97742254012.97,-21.4629,
000898.SZ,鞍钢股份,2009-10-26,8.7854,8.9806,8.7398,8.8505,21545269,1.1916,24590194054.4,98393386719.2,-21.6059,
000898.SZ,鞍钢股份,2009-10-27,8.7463,8.8049,8.4275,8.486,24530013,1.3567,23577656652.16,94341894324.88,-20.7163,
000898.SZ,鞍钢股份,2009-10-28,8.3233,8.5576,8.0956,8.46,27710940,1.5326,23505332552,94052502011,-19.0621,
000898.SZ,鞍钢股份,2009-10-29,8.1541,8.1867,8.05,8.0695,24269209,1.3422,22420471049.6,89711617302.8,-18.1823,
000898.SZ,鞍钢股份,2009-10-30,8.1997,8.2713,8.0826,8.1086,15675982,0.867,22528957199.84,90145705773.62,-18.2703,
000898.SZ,鞍钢股份,2009-11-02,7.8092,8.2648,7.6791,8.2192,19256672,1.065,22836334625.52,91375623107.61,-18.5196,
000898.SZ,鞍钢股份,2009-11-03,8.2387,8.46,8.1411,8.3168,24557790,1.3582,23107550001.12,92460844284.66,-18.7395,
000898.SZ,鞍钢股份,2009-11-04,8.3103,8.6617,8.2192,8.4795,46005646,2.5444,23559575627.12,94269546246.41,-19.1061,
000898.SZ,鞍钢股份,2009-11-05,8.5056,8.6032,8.3168,8.5836,36497869,2.0186,23848872027.76,95427115501.93,-19.3407,
000898.SZ,鞍钢股份,2009-11-06,8.6552,8.9481,8.6032,8.6878,42118821,2.3294,24138168428.4,96584684757.45,-19.5753,
000898.SZ,鞍钢股份,2009-11-09,8.7203,9.0782,8.6682,8.883,32904407,1.8198,24680599179.6,98755127111.55,-20.0152,
000898.SZ,鞍钢股份,2009-11-10,8.9806,9.306,8.9806,9.0132,43413392,2.401,25042219680.4,100202088680.95,-20.3085,
000898.SZ,鞍钢股份,2009-11-11,9.0457,9.2214,8.883,9.0587,24683425,1.3652,25168786855.68,100708525230.24,-20.4111,
000898.SZ,鞍钢股份,2009-11-12,9.1043,9.4101,9.1043,9.2279,38520472,2.1304,25638893506.72,102589575270.46,-20.7924,
000898.SZ,鞍钢股份,2009-11-13,9.2279,9.2995,8.7919,9.0978,31051415,1.7173,25277273005.92,101142613701.06,-20.4991,
000898.SZ,鞍钢股份,2009-11-16,9.1693,9.5663,9.0522,9.5403,37973363,2.1002,26506782708.64,106062283037.02,-21.4962,
000898.SZ,鞍钢股份,2009-11-17,9.6314,9.8266,9.4361,9.4687,32574473,1.8016,26307891433.2,105266454173.85,-21.3349,
000898.SZ,鞍钢股份,2009-11-18,9.4947,9.5598,9.2409,9.4036,20539502,1.136,26127081182.8,104542973389.15,-21.1883,
000898.SZ,鞍钢股份,2009-11-19,9.4361,9.5273,9.2735,9.4752,20116721,1.1126,26325972458.24,105338802252.32,-21.3496,
000898.SZ,鞍钢股份,2009-11-20,9.3711,9.5273,9.2539,9.3581,31023459,1.7158,26000514007.52,104036536839.86,-21.0856,
000898.SZ,鞍钢股份,2009-11-23,9.345,9.6053,9.306,9.5988,41437893,2.2918,26669511934,106713415743.25,-21.6282,
000898.SZ,鞍钢股份,2009-11-24,9.6379,10.1975,9.3711,9.4361,63352902,3.5038,26217486308,104904713781.5,-21.2616,
000898.SZ,鞍钢股份,2009-11-25,9.4557,9.9958,9.306,9.9958,30780527,1.7024,27772454461.44,111126648529.92,-22.5226,
000898.SZ,鞍钢股份,2009-11-26,10.0153,10.1455,9.5663,9.6965,44529243,2.4628,26940727309.6,107798636920.3,-21.8481,
000898.SZ,鞍钢股份,2009-11-27,9.4361,9.5273,8.9155,8.9936,25455877,1.4079,24987976605.28,99985044445.54,-20.2645,
000898.SZ,鞍钢股份,2009-11-30,9.0912,9.3711,8.9806,9.3581,27256352,1.5075,26000514007.52,104036536839.86,-21.0856,
000898.SZ,鞍钢股份,2009-12-01,9.267,9.7095,9.1498,9.7095,22424122,1.2402,26976889359.68,107943333077.24,-21.8774,
000898.SZ,鞍钢股份,2009-12-02,9.703,9.742,9.5533,9.5988,16823508,0.9305,26669511934,106713415743.25,-21.6282,
000898.SZ,鞍钢股份,2009-12-03,9.6249,9.9307,9.4492,9.7615,25280614,1.3982,27121537560,108522117705,-21.9948,
000898.SZ,鞍钢股份,2009-12-04,9.7615,10.0999,9.5012,9.9372,28791541,1.5924,27609725236.08,110475515823.69,-22.3907,
000898.SZ,鞍钢股份,2009-12-07,9.9437,10.4123,9.8657,10.2952,35051207,1.9386,28604181613.28,114454660139.54,-23.1971,
000898.SZ,鞍钢股份,2009-12-08,10.3472,10.4448,10.0609,10.191,25989426,1.4374,28314885212.64,113297090884.02,-22.9625,
000898.SZ,鞍钢股份,2009-12-09,10.0479,10.3147,9.9307,10.191,22332704,1.2351,28314885212.64,113297090884.02,-22.9625,
000898.SZ,鞍钢股份,2009-12-10,10.3537,10.5555,10.1129,10.3472,31247906,1.7282,28748829813.6,115033444767.3,-23.3144,
000898.SZ,鞍钢股份,2009-12-11,10.4774,10.5425,10.2887,10.3082,16376987,0.9058,28640343663.36,114599356296.48,-23.2265,
000898.SZ,鞍钢股份,2009-12-14,10.3147,10.4904,10.0283,10.4904,21087469,1.1663,29146612364.48,116625102493.64,-23.637,
000898.SZ,鞍钢股份,2009-12-15,10.4579,10.5425,10.3277,10.4058,15011929,0.8303,28911559038.96,115684577473.53,-23.4464,
000898.SZ,鞍钢股份,2009-12-16,10.3147,10.3863,9.9437,9.9958,17211093,0.9519,27772454461.44,111126648529.92,-22.5226,
000898.SZ,鞍钢股份,2009-12-17,10.0023,10.0023,9.4687,9.4882,22398454,1.2388,26362134508.32,105483498409.26,-21.3789,
000898.SZ,鞍钢股份,2009-12-18,9.3711,9.8266,9.2604,9.5338,20711070,1.1455,26488701683.6,105989934958.55,-21.4815,
000898.SZ,鞍钢股份,2009-12-21,9.6249,9.729,9.4492,9.5598,11756160,0.6502,26561025783.76,106279327272.43,-21.5402,
000898.SZ,鞍钢股份,2009-12-22,9.6314,9.6639,9.0327,9.0457,12748253,0.7051,25132624805.6,100563829073.3,-20.3818,
000898.SZ,鞍钢股份,2009-12-23,9.0327,9.2279,8.9155,9.1433,11527672,0.6376,25403840181.2,101649050250.35,-20.6018,
000898.SZ,鞍钢股份,2009-12-24,9.1758,9.7941,9.0847,9.729,17716066,0.9798,27031132434.8,108160377312.65,-21.9214,
000898.SZ,鞍钢股份,2009-12-25,9.729,10.0544,9.6574,9.8266,12112133,0.6699,27302347810.4,109245598489.7,-22.1414,
000898.SZ,鞍钢股份,2009-12-28,9.8266,9.8266,9.8266,9.8266,--,--,27302347810.4,109245598489.7,-22.1414,
000898.SZ,鞍钢股份,2009-12-29,10.0544,10.3212,9.9242,10.0804,22151709,1.2251,28007507786.96,112067173550.03,-22.7132,
000898.SZ,鞍钢股份,2009-12-30,10.0804,10.5359,10.0804,10.4644,31654265,1.7507,29074288264.32,116335710179.76,-23.5784,
000898.SZ,鞍钢股份,2009-12-31,10.3928,10.5099,10.2301,10.4123,16569357,0.9164,28929683264,115756925552,-23.4611,
000898.SZ,鞍钢股份,2010-01-04,10.4513,10.5425,10.2821,10.3082,8729012,0.4828,28640386431.36,114599356296.48,-23.2265,
000898.SZ,鞍钢股份,2010-01-05,10.2821,10.3667,9.8657,10.1195,23480950,1.2986,28116035922.2,112501262020.85,-22.8012,
000898.SZ,鞍钢股份,2010-01-06,10.126,10.575,9.9437,10.4123,31847790,1.7614,28929683264,115756925552,-23.4611,
000898.SZ,鞍钢股份,2010-01-07,10.3342,10.5815,10.0414,10.1715,17534606,0.9698,28260684338.52,113080046648.61,-22.9185,
000898.SZ,鞍钢股份,2010-01-08,10.0739,10.139,9.7355,9.9437,25698973,1.4213,27627847517.12,110547863902.16,-22.4053,
000898.SZ,鞍钢股份,2010-01-11,10.191,10.2756,9.6314,9.755,18504045,1.0234,27103497007.96,108449769626.53,-21.9801,
000898.SZ,鞍钢股份,2010-01-12,9.7485,9.8852,9.4101,9.8396,28582832,1.5808,27338550684.48,109390294646.64,-22.1707,
000898.SZ,鞍钢股份,2010-01-13,9.4622,9.5338,9.0457,9.1108,55956079,3.0947,25313472856,101287309858,-20.5284,
000898.SZ,鞍钢股份,2010-01-14,9.1498,9.2149,8.7854,9.0912,66489170,3.6773,25259229699.88,101070265622.59,-20.4844,
000898.SZ,鞍钢股份,2010-01-15,9.0132,9.1498,8.7789,9.0457,46346993,2.5633,25132662335.6,100563829073.3,-20.3818,
000898.SZ,鞍钢股份,2010-01-18,8.9676,9.0392,8.8765,9.0197,30973918,1.7131,25060338127.44,100274436759.42,-20.3232,
000898.SZ,鞍钢股份,2010-01-19,9.0197,9.2149,8.9741,9.0262,39808480,2.2017,25078419179.48,100346784837.89,-20.3378,
000898.SZ,鞍钢股份,2010-01-20,9.0717,9.1108,8.5251,8.5576,44651224,2.4695,23776583432.6,95137723188.05,-19.2821,
000898.SZ,鞍钢股份,2010-01-21,8.5576,8.6357,8.1411,8.2648,51344985,2.8397,22962936090.8,91882059656.9,-18.6222,
000898.SZ,鞍钢股份,2010-01-22,8.1606,8.1672,7.7376,7.9068,68928121,3.8122,21968478228.6,87902915341.05,-17.8158,
000898.SZ,鞍钢股份,2010-01-25,7.8092,8.024,7.7767,7.8483,28289316,1.5646,21805748760.24,87251782634.82,-17.6838,
000898.SZ,鞍钢股份,2010-01-26,7.8548,7.9068,7.5489,7.6661,24524756,1.3564,21299479303.12,85226036437.66,-17.2732,
000898.SZ,鞍钢股份,2010-01-27,7.6921,7.7767,7.5815,7.64,23113102,1.2783,21227155094.96,84936644123.78,-17.2146,
000898.SZ,鞍钢股份,2010-01-28,7.6661,7.8418,7.5554,7.7376,30525106,1.6882,21498370875.56,86021865300.83,-17.4345,
000898.SZ,鞍钢股份,2010-01-29,7.6791,7.8548,7.5815,7.6921,27650085,1.5292,21371803511.28,85515428751.54,-17.3319,
000898.SZ,鞍钢股份,2010-02-01,7.6791,7.6791,7.2886,7.3537,27397918,1.5153,20431588805.2,81753328671.1,-16.5694,
000898.SZ,鞍钢股份,2010-02-02,7.4253,7.5945,7.3212,7.3472,21867247,1.2094,20413507753.16,81680980592.63,-16.5547,
000898.SZ,鞍钢股份,2010-02-03,7.4188,7.7832,7.2756,7.7442,32338523,1.7885,21516451927.6,86094213379.3,-17.4492,
000898.SZ,鞍钢股份,2010-02-04,7.614,7.6661,7.5229,7.575,31139828,1.7222,21046344574.56,84213163339.08,-17.0679,
000898.SZ,鞍钢股份,2010-02-05,7.3537,7.4188,7.191,7.2821,33256552,1.8393,20232697232.76,80957499807.93,-16.4081,
000898.SZ,鞍钢股份,2010-02-08,7.2886,7.4383,7.2886,7.3472,12638659,0.699,20413507753.16,81680980592.63,-16.5547,
000898.SZ,鞍钢股份,2010-02-09,7.3472,7.4513,7.3277,7.4513,13195062,0.7298,20702804585.8,82838549848.15,-16.7893,
000898.SZ,鞍钢股份,2010-02-10,7.5229,7.6596,7.5164,7.64,13692479,0.7573,21227155094.96,84936644123.78,-17.2146,
000898.SZ,鞍钢股份,2010-02-11,7.6465,7.9589,7.614,7.8808,37242780,2.0598,21896154020.44,87613523027.17,-17.7571,
000898.SZ,鞍钢股份,2010-02-12,7.9003,7.9394,7.8418,7.9394,12920479,0.7146,22058883488.8,88264655733.4,-17.8891,
000898.SZ,鞍钢股份,2010-02-22,7.9394,8.037,7.8483,7.9134,16105376,0.8907,21986559280.64,87975263419.52,-17.8304,
000898.SZ,鞍钢股份,2010-02-23,7.8743,7.8743,7.5294,7.7442,22372247,1.2373,21516451927.6,86094213379.3,-17.4492,
000898.SZ,鞍钢股份,2010-02-24,7.614,7.9068,7.5424,7.8938,21126704,1.1684,21932316124.52,87758219184.11,-17.7864,
000898.SZ,鞍钢股份,2010-02-25,7.8808,7.9459,7.8418,7.8808,21723766,1.2015,21896154020.44,87613523027.17,-17.7571,
000898.SZ,鞍钢股份,2010-02-26,7.9068,7.9068,7.6856,7.7507,21131277,1.1687,21534532979.64,86166561457.77,-17.4638,
000898.SZ,鞍钢股份,2010-03-01,7.7507,7.9134,7.7507,7.8743,20267396,1.1209,21878072968.4,87541174948.7,-17.7424,
000898.SZ,鞍钢股份,2010-03-02,7.9003,7.9394,7.7246,7.8222,20113858,1.1124,21733424552.08,86962390320.94,-17.6251,
000898.SZ,鞍钢股份,2010-03-03,7.8157,7.9394,7.7376,7.9329,23602094,1.3053,22040802436.76,88192307654.93,-17.8744,
000898.SZ,鞍钢股份,2010-03-04,7.9394,7.9849,7.6726,7.7311,21057928,1.1646,21480289823.52,85949517222.36,-17.4198,
000898.SZ,鞍钢股份,2010-03-05,7.7246,7.8548,7.6856,7.7311,20445361,1.1308,21480289823.52,85949517222.36,-17.4198,
000898.SZ,鞍钢股份,2010-03-08,7.7507,7.9524,7.7442,7.9394,25466502,1.4085,22058883488.8,88264655733.4,-17.8891,
000898.SZ,鞍钢股份,2010-03-09,7.9329,8.1411,7.7962,8.076,40610631,2.246,22438585581.64,89783965381.27,-18.197,
000898.SZ,鞍钢股份,2010-03-10,8.0891,8.2778,8.0175,8.1021,32734445,1.8104,22510909789.8,90073357695.15,-18.2556,
000898.SZ,鞍钢股份,2010-03-11,8.1281,8.2192,8.0045,8.076,15810039,0.8744,22438585581.64,89783965381.27,-18.197,
000898.SZ,鞍钢股份,2010-03-12,8.1151,8.3298,8.0045,8.0695,32865954,1.8177,22420504529.6,89711617302.8,-18.1823,
000898.SZ,鞍钢股份,2010-03-15,8.076,8.1151,7.6791,7.7311,23298117,1.2885,21480289823.52,85949517222.36,-17.4198,
000898.SZ,鞍钢股份,2010-03-16,7.7311,7.8288,7.6921,7.7507,12170144,0.6731,21534532979.64,86166561457.77,-17.4638,
000898.SZ,鞍钢股份,2010-03-17,7.8027,7.9589,7.7767,7.9459,18316044,1.013,22076964540.84,88337003811.87,-17.9037,
000898.SZ,鞍钢股份,2010-03-18,7.9654,8.0826,7.8613,7.8873,14402555,0.7966,21914235072.48,87685871105.64,-17.7718,
000898.SZ,鞍钢股份,2010-03-19,7.8873,7.9849,7.7311,7.9394,21689098,1.1995,22058883488.8,88264655733.4,-17.8891,
000898.SZ,鞍钢股份,2010-03-22,7.9459,7.9459,7.7897,7.8353,15389499,0.8511,21769586656.16,87107086477.88,-17.6545,
000898.SZ,鞍钢股份,2010-03-23,7.8157,7.8938,7.7181,7.7246,29816334,1.649,21462208771.48,85877169143.89,-17.4052,
000898.SZ,鞍钢股份,2010-03-24,7.7181,7.8157,7.6465,7.7116,21612529,1.1953,21426046667.4,85732472986.95,-17.3759,
000898.SZ,鞍钢股份,2010-03-25,7.614,7.6986,7.5099,7.5489,22337029,1.2354,20974020366.4,83923771025.2,-17.0093,
000898.SZ,鞍钢股份,2010-03-26,7.5229,7.6075,7.4123,7.5424,22922519,1.2678,20955939314.36,83851422946.73,-16.9946,
000898.SZ,鞍钢股份,2010-03-29,7.5619,7.7572,7.5424,7.6791,31320705,1.7322,21335641407.2,85370732594.6,-17.3025,
000898.SZ,鞍钢股份,2010-03-30,7.7116,7.7311,7.6075,7.653,21717118,1.2011,21263317199.04,85081340280.72,-17.2439,
000898.SZ,鞍钢股份,2010-03-31,7.7442,7.7897,7.5489,7.6075,21703440,1.2003,21136749834.76,84574903731.43,-17.1412,
000898.SZ,鞍钢股份,2010-04-01,7.6661,7.7767,7.5945,7.7311,34196362,1.8913,21480289823.52,85949517222.36,-17.4198,
000898.SZ,鞍钢股份,2010-04-02,7.7376,7.8743,7.6921,7.8678,38011452,2.1023,21859991916.36,87468826870.23,-17.7278,
000898.SZ,鞍钢股份,2010-04-06,7.9003,8.0045,7.8092,7.8548,24931678,1.3789,21823829812.28,87324130713.29,-17.6984,
000898.SZ,鞍钢股份,2010-04-07,7.9003,7.9003,7.7246,7.7962,25245136,1.3962,21661100343.92,86672998007.06,-17.5665,
000898.SZ,鞍钢股份,2010-04-08,7.7507,7.7637,7.4838,7.5294,39620544,2.1913,20919777210.28,83706726789.79,-16.9653,
000898.SZ,鞍钢股份,2010-04-09,7.5619,7.6205,7.4969,7.6075,25961151,1.4358,21136749834.76,84574903731.43,-17.1412,
000898.SZ,鞍钢股份,2010-04-12,7.6335,7.6335,7.4188,7.4643,24222064,1.3396,20738966689.88,82983246005.09,-16.8187,
000898.SZ,鞍钢股份,2010-04-13,7.4643,7.575,7.3407,7.4773,27345974,1.5124,20775128793.96,83127942162.03,-16.848,
000898.SZ,鞍钢股份,2010-04-14,7.4838,7.5684,7.3992,7.4708,28809710,1.5934,20757047741.92,83055594083.56,-16.8333,
000898.SZ,鞍钢股份,2010-04-15,7.4643,7.5099,7.3537,7.3992,23414796,1.295,20558156169.48,82259765220.39,-16.672,
000898.SZ,鞍钢股份,2010-04-16,7.4253,7.4318,7.2496,7.2821,24052783,1.3303,20232697232.76,80957499807.93,-16.4081,
000898.SZ,鞍钢股份,2010-04-19,7.2235,7.2235,6.6444,6.6899,41229539,2.2803,18587321497.12,74373824667.16,-15.0737,
000898.SZ,鞍钢股份,2010-04-20,6.6444,6.7224,6.4426,6.5272,40933741,2.2639,18135295196.12,72565122705.41,99.8145,
000898.SZ,鞍钢股份,2010-04-21,6.5142,6.6248,6.4426,6.5858,24180000,1.3373,18298024664.48,73216255411.64,100.7101,
000898.SZ,鞍钢股份,2010-04-22,6.5532,6.5532,6.332,6.3775,36752441,2.0326,17719430999.2,70901116900.6,97.5256,
000898.SZ,鞍钢股份,2010-04-23,6.3645,6.4686,6.2994,6.306,26170121,1.4474,17520539426.76,70105288037.43,96.4309,
000898.SZ,鞍钢股份,2010-04-26,6.332,6.384,6.1953,6.2148,18673034,1.0327,17267404698.2,69092414938.85,95.0377,
000898.SZ,鞍钢股份,2010-04-27,6.1953,6.1953,5.9871,6.0131,25538245,1.4124,16706892084.96,66849624506.28,91.9527,
000898.SZ,鞍钢股份,2010-04-28,5.922,6.0522,5.896,6.0066,27800340,1.5375,16688811032.92,66777276427.81,91.8532,
000898.SZ,鞍钢股份,2010-04-29,6.0326,6.0456,5.909,5.9415,24952494,1.38,16508000512.52,66053795643.11,90.858,
000898.SZ,鞍钢股份,2010-04-30,6.0066,6.1953,5.9676,6.1888,40656966,2.2486,17195080490.04,68803022624.97,36.8522,
000898.SZ,鞍钢股份,2010-05-04,6.0652,6.1172,5.909,5.9676,27990029,1.548,16580324720.68,66343187956.99,35.5346,
000898.SZ,鞍钢股份,2010-05-05,5.8699,5.9871,5.8114,5.9871,29702121,1.6427,16634567876.8,66560232192.4,35.6509,
000898.SZ,鞍钢股份,2010-05-06,5.9415,5.9415,5.6487,5.6552,29888645,1.653,15712434222.76,62870480190.43,33.6746,
000898.SZ,鞍钢股份,2010-05-07,5.5315,5.5836,5.3949,5.486,32493640,1.7971,15242326869.72,60989430150.21,32.6671,
000898.SZ,鞍钢股份,2010-05-10,5.5055,5.6292,5.4014,5.5641,23339961,1.2909,15459299494.2,61857607091.85,33.1321,
000898.SZ,鞍钢股份,2010-05-11,5.6552,5.7203,5.4404,5.46,46341535,2.563,15170002661.56,60700037836.33,32.5121,
000898.SZ,鞍钢股份,2010-05-12,5.3949,5.5966,5.3038,5.5511,31406809,1.737,15423137390.12,61712910934.91,33.0546,
000898.SZ,鞍钢股份,2010-05-13,5.5966,5.6617,5.473,5.6617,26863405,1.4857,15730515274.8,62942828268.9,33.7134,
000898.SZ,鞍钢股份,2010-05-14,5.5966,5.5966,5.5055,5.538,27760456,1.5353,15386975286.04,61568214777.97,32.9771,
000898.SZ,鞍钢股份,2010-05-17,5.4534,5.4534,5.1541,5.1541,40260785,2.2267,14320193215.68,57299678148.24,30.6908,
000898.SZ,鞍钢股份,2010-05-18,5.1671,5.4469,5.0955,5.4014,51335391,2.8392,15007273193.2,60048905130.1,32.1633,
000898.SZ,鞍钢股份,2010-05-19,5.3103,5.4209,5.1996,5.2777,42325802,2.3409,14663733204.44,58674291639.17,31.427,
000898.SZ,鞍钢股份,2010-05-20,5.2322,5.5185,5.2257,5.3168,47775879,2.6423,14772219516.68,59108380109.99,31.6595,
000898.SZ,鞍钢股份,2010-05-21,5.1736,5.5771,5.1476,5.5511,46032949,2.5459,15423137390.12,61712910934.91,33.0546,
000898.SZ,鞍钢股份,2010-05-24,5.5511,5.5511,5.5511,5.5511,--,--,15423137390.12,61712910934.91,33.0546,
000898.SZ,鞍钢股份,2010-05-25,5.5511,5.5511,5.5511,5.5511,--,--,15423137390.12,61712910934.91,33.0546,
000898.SZ,鞍钢股份,2010-05-26,5.5966,5.7268,5.4534,5.499,50869553,2.8134,15278488973.8,61134126307.15,32.7446,
000898.SZ,鞍钢股份,2010-05-27,5.5185,5.6487,5.3558,5.5901,36413660,2.0139,15531623702.36,62146999405.73,33.2871,
000898.SZ,鞍钢股份,2010-05-28,5.6942,5.7007,5.4665,5.5315,43750602,2.4197,15368894234,61495866699.5,32.9383,
000898.SZ,鞍钢股份,2010-05-31,5.499,5.525,5.3233,5.3233,22183343,1.2269,14790300568.72,59180728188.46,31.6983,
000898.SZ,鞍钢股份,2010-06-01,5.2973,5.3168,5.1996,5.2582,17454420,0.9653,14609490048.32,58457247403.76,31.3108,
000898.SZ,鞍钢股份,2010-06-02,5.2322,5.3103,5.1996,5.3103,12306957,0.6807,14754138464.64,59036032031.52,31.6208,
000898.SZ,鞍钢股份,2010-06-03,5.3103,5.3623,5.2387,5.2387,16808197,0.9296,14555246892.2,58240203168.35,31.1945,
000898.SZ,鞍钢股份,2010-06-04,5.1736,5.2322,5.1216,5.1866,26152203,1.4464,14410598475.88,57661418540.59,30.8845,
000898.SZ,鞍钢股份,2010-06-07,5.076,5.0825,4.9654,5.037,30847763,1.7061,13994734278.96,55997412735.78,29.9933,
000898.SZ,鞍钢股份,2010-06-08,5.0109,5.0565,4.9458,4.9979,15919205,0.8804,13886247966.72,55563324264.96,29.7608,
000898.SZ,鞍钢股份,2010-06-09,5.0174,5.1671,4.9524,5.1476,27944696,1.5455,14302112163.64,57227330069.77,30.652,
000898.SZ,鞍钢股份,2010-06-10,5.0825,5.0955,4.9784,5.0044,32827267,1.8156,13904329018.76,55635672343.43,29.7995,
000898.SZ,鞍钢股份,2010-06-11,5.037,5.1541,4.9849,5.05,38206150,2.113,14030896383.04,56142108892.72,30.0708,
000898.SZ,鞍钢股份,2010-06-17,5.0825,5.102,5.0109,5.0174,24684213,1.3652,13940491122.84,55780368500.37,29.877,
000898.SZ,鞍钢股份,2010-06-18,5.0174,5.0174,5.0174,5.0174,--,--,13940491122.84,55780368500.37,29.877,
000898.SZ,鞍钢股份,2010-06-21,4.9589,5.2257,4.9068,5.2127,49183644,2.7202,14482922684.04,57950810854.47,31.0395,
000898.SZ,鞍钢股份,2010-06-22,5.1541,5.2387,5.1346,5.1671,31591245,1.7472,14356355319.76,57444374305.18,30.7683,
000898.SZ,鞍钢股份,2010-06-23,5.0955,5.0955,4.9719,5.0435,29745583,1.6451,14012815331,56069760814.25,30.032,
000898.SZ,鞍钢股份,2010-06-24,5.0239,5.0955,4.9784,5.037,16053720,0.8879,13994734278.96,55997412735.78,29.9933,
000898.SZ,鞍钢股份,2010-06-25,4.9979,5.0109,4.9328,4.9524,18853450,1.0427,13759680602.44,55056887715.67,29.4895,
000898.SZ,鞍钢股份,2010-06-28,4.9393,4.9914,4.9328,4.9719,11196167,0.6192,13813923758.56,55273931951.08,29.6057,
000898.SZ,鞍钢股份,2010-06-29,4.9719,4.9784,4.7311,4.7376,22855721,1.2641,13163005885.12,52669401126.16,28.2107,
000898.SZ,鞍钢股份,2010-06-30,4.7179,4.7704,4.6589,4.7114,16431806,0.9088,12982195364.72,51945920341.46,27.8232,
000898.SZ,鞍钢股份,2010-07-01,4.6982,4.7507,4.6917,4.6917,13562117,0.7501,12927952208.6,51728876106.05,27.707,
000898.SZ,鞍钢股份,2010-07-02,4.6917,4.7704,4.6457,4.7573,18621047,1.0299,13108762729,52452356890.75,28.0945,
000898.SZ,鞍钢股份,2010-07-05,4.7179,4.7638,4.5867,4.672,23632705,1.307,12873709052.48,51511831870.64,27.5907,
000898.SZ,鞍钢股份,2010-07-06,4.626,4.7704,4.6195,4.7507,20581863,1.1383,13090681676.96,52380008812.28,28.0557,
000898.SZ,鞍钢股份,2010-07-07,4.7376,4.7638,4.7114,4.7573,15945674,0.8819,13108762729,52452356890.75,28.0945,
000898.SZ,鞍钢股份,2010-07-08,4.7835,4.8098,4.731,4.7507,14800464,0.8186,13090681676.96,52380008812.28,28.0557,
000898.SZ,鞍钢股份,2010-07-09,4.7573,5.1576,4.7245,5.0526,48483570,2.6815,13922410070.8,55708020421.9,29.8383,
000898.SZ,鞍钢股份,2010-07-12,5.0263,5.1379,4.9607,5.0788,29486058,1.6308,13994734278.96,55997412735.78,29.9933,
000898.SZ,鞍钢股份,2010-07-13,5.0066,5.0066,4.8951,4.8951,16804729,0.9294,13488464821.84,53971666538.62,28.9082,
000898.SZ,鞍钢股份,2010-07-14,4.9016,5.0066,4.8688,4.9082,21159048,1.1702,13524626925.92,54116362695.56,28.9857,
000898.SZ,鞍钢股份,2010-07-15,4.9082,4.9738,4.8426,4.8557,12261114,0.6781,13379978509.6,53537578067.8,28.6757,
000898.SZ,鞍钢股份,2010-07-16,4.8229,5.0263,4.8163,4.9673,19108062,1.0568,13687356394.28,54767495401.79,29.3345,
000898.SZ,鞍钢股份,2010-07-19,4.9148,5.2166,4.8754,5.1707,39839165,2.2034,14247869007.52,57010285834.36,30.5358,
000898.SZ,鞍钢股份,2010-07-20,5.1707,5.3085,5.1313,5.2494,43133820,2.3856,14464841632,57878462776,31.0008,
000898.SZ,鞍钢股份,2010-07-21,5.256,5.4266,5.2232,5.3544,40268620,2.2271,14754138464.64,59036032031.52,31.6208,
000898.SZ,鞍钢股份,2010-07-22,5.3347,5.525,5.3347,5.5053,37997923,2.1015,15170002661.56,60700037836.33,32.5121,
000898.SZ,鞍钢股份,2010-07-23,5.5184,5.5513,5.3938,5.4856,31713923,1.754,15115759505.44,60482993600.92,32.3958,
000898.SZ,鞍钢股份,2010-07-26,5.4856,5.5053,5.3413,5.4528,27130931,1.5005,15025354245.24,60121253208.57,32.2021,
000898.SZ,鞍钢股份,2010-07-27,5.42,5.4528,5.3347,5.4003,20375169,1.1269,14880705828.92,59542468580.81,31.8921,
000898.SZ,鞍钢股份,2010-07-28,5.4266,5.6366,5.3807,5.5972,34836396,1.9267,15423137390.12,61712910934.91,33.0546,
000898.SZ,鞍钢股份,2010-07-29,5.5906,5.9318,5.5709,5.7744,52995149,2.931,15911325795.2,63666309053.6,34.1009,
000898.SZ,鞍钢股份,2010-07-30,5.7875,5.8006,5.6628,5.7744,20007547,1.1065,15911325795.2,63666309053.6,34.1009,
000898.SZ,鞍钢股份,2010-08-02,5.7809,5.8793,5.7415,5.8728,21359318,1.1813,16182541575.8,64751530230.65,34.6821,
000898.SZ,鞍钢股份,2010-08-03,5.9056,5.9056,5.6759,5.6825,23542202,1.302,15658191066.64,62653435955.02,33.5583,
000898.SZ,鞍钢股份,2010-08-04,5.6431,5.6694,5.4856,5.6366,27018242,1.4943,15531623702.36,62146999405.73,33.2871,
000898.SZ,鞍钢股份,2010-08-05,5.6103,5.6234,5.4463,5.4988,33107058,1.831,15151921609.52,60627689757.86,32.4733,
000898.SZ,鞍钢股份,2010-08-06,5.4988,5.6103,5.4266,5.6038,21429124,1.1852,15441218442.16,61785259013.38,33.0933,
000898.SZ,鞍钢股份,2010-08-09,5.6169,5.6431,5.5184,5.6234,20114354,1.1125,15495461598.28,62002303248.79,33.2096,
000898.SZ,鞍钢股份,2010-08-10,5.6628,5.8072,5.525,5.525,32059436,1.7731,15224245817.68,60917082071.74,32.6283,
000898.SZ,鞍钢股份,2010-08-11,5.4791,5.5906,5.4594,5.5119,18322104,1.0133,15188083713.6,60772385914.8,32.5508,
000898.SZ,鞍钢股份,2010-08-12,5.4594,5.5316,5.3544,5.3807,23222846,1.2844,14826462672.8,59325424345.4,31.7758,
000898.SZ,鞍钢股份,2010-08-13,5.3938,5.4922,5.3675,5.4856,18539716,1.0254,15115759505.44,60482993600.92,32.3958,
000898.SZ,鞍钢股份,2010-08-16,5.4791,5.6562,5.4135,5.6431,32278948,1.7852,15549704754.4,62219347484.2,33.3258,
000898.SZ,鞍钢股份,2010-08-17,5.6825,5.7415,5.5906,5.6825,33478056,1.8516,15658191066.64,62653435955.02,33.5583,
000898.SZ,鞍钢股份,2010-08-18,5.735,5.7612,5.5775,5.6891,31854448,1.7618,15676272118.68,62725784033.49,12.4456,
000898.SZ,鞍钢股份,2010-08-19,5.6759,5.7744,5.5906,5.7022,37060433,2.0497,15712434222.76,62870480190.43,12.4743,
000898.SZ,鞍钢股份,2010-08-20,5.6366,5.6694,5.4988,5.5184,25439279,1.407,15206164765.64,60844733993.27,12.0724,
000898.SZ,鞍钢股份,2010-08-23,5.5119,5.5381,5.4135,5.4397,17768122,0.9827,14989192141.16,59976557051.63,11.9001,
000898.SZ,鞍钢股份,2010-08-24,5.42,5.7219,5.3478,5.5381,49158493,2.7188,15260407921.76,61061778228.68,12.1154,
000898.SZ,鞍钢股份,2010-08-25,5.466,5.5119,5.3216,5.3347,32948071,1.8222,14699895308.52,58818987796.11,11.6704,
000898.SZ,鞍钢股份,2010-08-26,5.3413,5.3807,5.2888,5.3085,24607388,1.3609,14627571100.36,58529595482.23,11.613,
000898.SZ,鞍钢股份,2010-08-27,5.3085,5.3544,5.2757,5.3216,18379303,1.0165,14663733204.44,58674291639.17,11.6417,
000898.SZ,鞍钢股份,2010-08-30,5.3544,5.466,5.3282,5.42,18493075,1.0228,14934948985.04,59759512816.22,11.857,
000898.SZ,鞍钢股份,2010-08-31,5.3807,5.3872,5.3019,5.3216,27365940,1.5135,14663733204.44,58674291639.17,11.6417,
000898.SZ,鞍钢股份,2010-09-01,5.3282,5.4791,5.3085,5.3413,32741297,1.8108,14717976360.56,58891335874.58,11.6848,
000898.SZ,鞍钢股份,2010-09-02,5.4331,5.4463,5.3741,5.4003,22250873,1.2306,14880705828.92,59542468580.81,11.814,
000898.SZ,鞍钢股份,2010-09-03,5.4266,5.4463,5.315,5.3413,22682953,1.2545,14717976360.56,58891335874.58,11.6848,
000898.SZ,鞍钢股份,2010-09-06,5.4135,5.7284,5.4069,5.6759,78474663,4.3402,15640110014.6,62581087876.55,12.4169,
000898.SZ,鞍钢股份,2010-09-07,5.6825,5.8925,5.6825,5.8334,80233863,4.4375,16074055263.56,64317441759.83,12.7614,
000898.SZ,鞍钢股份,2010-09-08,5.7809,5.7875,5.6891,5.7481,33860678,1.8727,15839001587.04,63376916739.72,12.5748,
000898.SZ,鞍钢股份,2010-09-09,5.7547,5.7612,5.4725,5.5119,42145993,2.3309,15188083713.6,60772385914.8,12.058,
000898.SZ,鞍钢股份,2010-09-10,5.4988,5.5316,5.3347,5.4594,32392369,1.7915,15043435297.28,60193601287.04,11.9432,
000898.SZ,鞍钢股份,2010-09-13,5.466,5.6038,5.4135,5.5381,22426900,1.2404,15260407921.76,61061778228.68,12.1154,
000898.SZ,鞍钢股份,2010-09-14,5.5578,5.6694,5.5447,5.6169,28951868,1.6012,15477380546.24,61929955170.32,12.2877,
000898.SZ,鞍钢股份,2010-09-15,5.6234,5.7415,5.4791,5.6103,33004366,1.8254,15459299494.2,61857607091.85,12.2733,
000898.SZ,鞍钢股份,2010-09-16,5.6694,5.6694,5.3807,5.4397,23690716,1.3103,14989192141.16,59976557051.63,11.9001,
000898.SZ,鞍钢股份,2010-09-17,5.4528,5.525,5.3741,5.42,22435110,1.2408,14934948985.04,59759512816.22,11.857,
000898.SZ,鞍钢股份,2010-09-20,5.4463,5.4988,5.361,5.4266,19809607,1.0956,14953030037.08,59831860894.69,11.8714,
000898.SZ,鞍钢股份,2010-09-21,5.4528,5.4725,5.3741,5.4069,18658710,1.0319,14898786880.96,59614816659.28,11.8283,
000898.SZ,鞍钢股份,2010-09-27,5.42,5.4988,5.361,5.4463,16573487,0.9166,15007273193.2,60048905130.1,11.9145,
000898.SZ,鞍钢股份,2010-09-28,5.4003,5.466,5.361,5.361,23603570,1.3054,14772219516.68,59108380109.99,11.7279,
000898.SZ,鞍钢股份,2010-09-29,5.3675,5.4266,5.3478,5.3544,15922211,0.8806,14754138464.64,59036032031.52,11.7135,
000898.SZ,鞍钢股份,2010-09-30,5.3216,5.4594,5.2953,5.4331,23965184,1.3254,14971111089.12,59904208973.16,11.8858,
000898.SZ,鞍钢股份,2010-10-08,5.4922,5.7415,5.4528,5.63,45489397,2.5159,15513542650.32,62074651327.26,12.3164,
000898.SZ,鞍钢股份,2010-10-11,5.6759,6.1943,5.6759,6.1943,120319828,6.6545,17068513125.76,68296586075.68,13.5509,
000898.SZ,鞍钢股份,2010-10-12,6.1681,6.3124,5.9909,6.1877,85003319,4.7012,17050432073.72,68224237997.21,13.5366,
000898.SZ,鞍钢股份,2010-10-13,6.1877,6.4896,6.1877,6.2402,69704970,3.8551,17195080490.04,68803022624.97,13.6514,
000898.SZ,鞍钢股份,2010-10-14,6.2862,6.4633,6.2074,6.2862,71447854,3.9515,17321647854.32,69309459174.26,13.7519,
000898.SZ,鞍钢股份,2010-10-15,6.2927,6.6208,6.2534,6.5683,104150514,5.7602,18099133092.04,72420426548.47,14.3691,
000898.SZ,鞍钢股份,2010-10-18,6.6077,7.0145,6.4502,6.4568,127598411,7.057,17791755207.36,71190509214.48,14.1251,
000898.SZ,鞍钢股份,2010-10-19,6.4699,6.5093,6.1812,6.4305,68503870,3.7887,17719430999.2,70901116900.6,14.0677,
000898.SZ,鞍钢股份,2010-10-20,6.2402,6.3387,6.1024,6.214,79320950,4.387,17122756281.88,68513630311.09,13.594,
000898.SZ,鞍钢股份,2010-10-21,6.2337,6.3124,6.05,6.2927,55433177,3.0658,17339728906.36,69381807252.73,13.7662,
000898.SZ,鞍钢股份,2010-10-22,6.2534,6.2534,6.1156,6.1418,39699709,2.1957,16923864709.44,67717801447.92,13.4361,
000898.SZ,鞍钢股份,2010-10-25,6.109,6.3059,6.0434,6.2993,54474153,3.0128,17357809958.4,69454155331.2,13.7806,
000898.SZ,鞍钢股份,2010-10-26,6.3255,6.4568,6.2337,6.2534,53036946,2.9333,17231242594.12,68947718781.91,13.6801,
000898.SZ,鞍钢股份,2010-10-27,6.1943,6.5486,6.1681,6.2796,79563930,4.4004,17303566802.28,69237111095.79,13.7375,
000898.SZ,鞍钢股份,2010-10-28,6.2337,6.4108,6.1615,6.1746,45432058,2.5127,17014269969.64,68079541840.27,13.5078,
000898.SZ,鞍钢股份,2010-10-29,6.1484,6.214,6.0631,6.0959,37043749,2.0488,16797297345.16,67211364898.63,13.3356,
000898.SZ,鞍钢股份,2010-11-01,6.0696,6.3124,6.0696,6.2468,47228256,2.612,17213161542.08,68875370703.44,23.1982,
000898.SZ,鞍钢股份,2010-11-02,6.2665,6.4896,6.2534,6.3059,64860493,3.5872,17375891010.44,69526503409.67,23.4175,
000898.SZ,鞍钢股份,2010-11-03,6.3321,6.3387,6.109,6.109,40332251,2.2306,16833459449.24,67356061055.57,22.6864,
000898.SZ,鞍钢股份,2010-11-04,6.1024,6.2074,6.0959,6.1746,28981061,1.6028,17014269969.64,68079541840.27,22.9301,
000898.SZ,鞍钢股份,2010-11-05,6.2731,6.3321,6.1746,6.2271,39465547,2.1827,17158918385.96,68658326468.03,23.1251,
000898.SZ,鞍钢股份,2010-11-08,6.2468,6.4962,6.1943,6.4962,59501401,3.2908,17900241519.6,71624597685.3,24.1241,
000898.SZ,鞍钢股份,2010-11-09,6.4371,6.4568,6.2796,6.3584,55658060,3.0783,17520539426.76,70105288037.43,23.6124,
000898.SZ,鞍钢股份,2010-11-10,6.319,6.319,6.1812,6.2074,34731148,1.9209,17104675229.84,68441282232.62,23.052,
000898.SZ,鞍钢股份,2010-11-11,6.1812,6.3584,6.1615,6.2402,39389740,2.1785,17195080490.04,68803022624.97,23.1738,
000898.SZ,鞍钢股份,2010-11-12,6.1812,6.2993,5.735,5.7481,58428093,3.2315,15839001587.04,63376916739.72,21.3462,
000898.SZ,鞍钢股份,2010-11-15,5.7481,5.8072,5.6169,5.7219,30548323,1.6895,15766677378.88,63087524425.84,21.2487,
000898.SZ,鞍钢股份,2010-11-16,5.7284,5.794,5.4594,5.5053,32705949,1.8089,15170002661.56,60700037836.33,20.4446,
000898.SZ,鞍钢股份,2010-11-17,5.4397,5.5184,5.3675,5.4003,23666449,1.3089,14880705828.92,59542468580.81,20.0547,
000898.SZ,鞍钢股份,2010-11-18,5.4463,5.4791,5.3872,5.4528,17011809,0.9409,15025354245.24,60121253208.57,20.2497,
000898.SZ,鞍钢股份,2010-11-19,5.4791,5.4856,5.2429,5.4266,36001487,1.9911,14953030037.08,59831860894.69,20.1522,
000898.SZ,鞍钢股份,2010-11-22,5.3347,5.3872,5.2822,5.3282,25789988,1.4264,14681814256.48,58746639717.64,19.7867,
000898.SZ,鞍钢股份,2010-11-23,5.2888,5.2953,5.0591,5.0919,36840735,2.0375,14030896383.04,56142108892.72,18.9094,
000898.SZ,鞍钢股份,2010-11-24,5.0788,5.2363,5.0591,5.2035,21697917,1.2,14338274267.72,57372026226.71,19.3237,
000898.SZ,鞍钢股份,2010-11-25,5.2232,5.3413,5.1707,5.3282,28174946,1.5583,14681814256.48,58746639717.64,19.7867,
000898.SZ,鞍钢股份,2010-11-26,5.2953,5.3019,5.2232,5.2494,19088348,1.0557,14464841632,57878462776,19.4943,
000898.SZ,鞍钢股份,2010-11-29,5.2429,5.2494,5.1576,5.1838,15321209,0.8474,14284031111.6,57154981991.3,19.2506,
000898.SZ,鞍钢股份,2010-11-30,5.1707,5.2363,5.0001,5.0854,23888703,1.3212,14012815331,56069760814.25,18.8851,
000898.SZ,鞍钢股份,2010-12-01,5.0722,5.151,5.0591,5.1182,13552274,0.7495,14103220591.2,56431501206.6,19.0069,
000898.SZ,鞍钢股份,2010-12-02,5.1838,5.2232,5.1247,5.1313,15180486,0.8396,14139382695.28,56576197363.54,19.0556,
000898.SZ,鞍钢股份,2010-12-03,5.1313,5.1641,5.0788,5.1379,15753834,0.8713,14157463747.32,56648545442.01,19.08,
000898.SZ,鞍钢股份,2010-12-06,5.1247,5.2035,5.0919,5.1576,18262481,1.01,14211706903.44,56865589677.42,19.1531,
000898.SZ,鞍钢股份,2010-12-07,5.1182,5.2494,5.0394,5.2232,21103484,1.1672,14392517423.84,57589070462.12,19.3968,
000898.SZ,鞍钢股份,2010-12-08,5.1969,5.2297,5.1247,5.1772,18370029,1.016,14265950059.56,57082633912.83,19.2262,
000898.SZ,鞍钢股份,2010-12-09,5.1313,5.361,5.0985,5.1641,22805713,1.2613,14229787955.48,56937937755.89,19.1775,
000898.SZ,鞍钢股份,2010-12-10,5.1379,5.2625,5.1182,5.2035,16359434,0.9048,14338274267.72,57372026226.71,19.3237,
000898.SZ,鞍钢股份,2010-12-13,5.2166,5.3675,5.1838,5.3544,27781321,1.5365,14754138464.64,59036032031.52,19.8841,
000898.SZ,鞍钢股份,2010-12-14,5.4003,5.466,5.2953,5.3216,29696995,1.6424,14663733204.44,58674291639.17,19.7623,
000898.SZ,鞍钢股份,2010-12-15,5.3413,5.4003,5.2822,5.3216,22305334,1.2336,14663733204.44,58674291639.17,19.7623,
000898.SZ,鞍钢股份,2010-12-16,5.315,5.3478,5.2691,5.2822,21441109,1.1858,14555246892.2,58240203168.35,19.6161,
000898.SZ,鞍钢股份,2010-12-17,5.2822,5.3478,5.256,5.2953,16270896,0.8999,14591408996.28,58384899325.29,19.6648,
000898.SZ,鞍钢股份,2010-12-20,5.3019,5.3282,5.0722,5.1444,24011703,1.328,14175544799.36,56720893520.48,19.1044,
000898.SZ,鞍钢股份,2010-12-21,5.151,5.315,5.1313,5.3085,26056217,1.4411,14627571100.36,58529595482.23,19.7136,
000898.SZ,鞍钢股份,2010-12-22,5.315,5.4791,5.2888,5.3347,38668743,2.1386,14699895308.52,58818987796.11,19.811,
000898.SZ,鞍钢股份,2010-12-23,5.3216,5.3675,5.2232,5.2429,24840100,1.3738,14446760579.96,57806114697.53,19.4699,
000898.SZ,鞍钢股份,2010-12-24,5.2035,5.256,5.1379,5.21,20460996,1.1316,14356355319.76,57444374305.18,19.3481,
000898.SZ,鞍钢股份,2010-12-27,5.21,5.2822,5.0854,5.0985,21416109,1.1845,14048977435.08,56214456971.19,18.9338,
000898.SZ,鞍钢股份,2010-12-28,5.0788,5.1182,5.0066,5.0198,17365582,0.9604,13832004810.6,55346280029.55,18.6414,
000898.SZ,鞍钢股份,2010-12-29,5.0198,5.0854,5.0198,5.0329,11767669,0.6508,13868166914.68,55490976186.49,18.6901,
000898.SZ,鞍钢股份,2010-12-30,5.0263,5.0985,4.9213,5.0394,20201483,1.1173,13886247966.72,55563324264.96,18.7145,
000898.SZ,鞍钢股份,2010-12-31,5.0198,5.0788,4.9804,5.0722,20586088,1.1385,13976653226.92,55925064657.31,18.8363,
000898.SZ,鞍钢股份,2011-01-04,5.0854,5.3216,5.0526,5.2953,40601539,2.2455,14591408996.28,58384899325.29,19.6648,
000898.SZ,鞍钢股份,2011-01-05,5.2363,5.3019,5.1838,5.2363,21593522,1.1943,14428679527.92,57733766619.06,19.4455,
000898.SZ,鞍钢股份,2011-01-06,5.2232,5.2691,5.1838,5.21,15046697,0.8322,14356355319.76,57444374305.18,19.3481,
000898.SZ,鞍钢股份,2011-01-07,5.2166,5.42,5.1707,5.2888,37295970,0.6065,49560858698.78,58312551246.82,19.6405,
000898.SZ,鞍钢股份,2011-01-10,5.2822,5.3019,5.1904,5.2035,18333627,0.2982,48761490010.09,57372026226.71,19.3237,
000898.SZ,鞍钢股份,2011-01-11,5.1707,5.3019,5.1313,5.2691,15104707,0.2456,49376389001.39,58095507011.41,19.5674,
000898.SZ,鞍钢股份,2011-01-12,5.2691,5.42,5.2691,5.3282,34963104,0.5686,49929798093.56,58746639717.64,19.7867,
000898.SZ,鞍钢股份,2011-01-13,5.3478,5.361,5.2691,5.2888,16139785,0.2625,49560858698.78,58312551246.82,19.6405,
000898.SZ,鞍钢股份,2011-01-14,5.256,5.2757,5.1707,5.2166,17485613,0.2844,48884469808.35,57516722383.65,19.3724,
000898.SZ,鞍钢股份,2011-01-17,5.1641,5.2363,5.0198,5.0394,17178204,0.2794,47224242531.84,55563324264.96,18.7145,
000898.SZ,鞍钢股份,2011-01-18,4.9935,5.0132,4.9476,4.9935,16493312,0.2682,46793813237.93,55056887715.67,18.5439,
000898.SZ,鞍钢股份,2011-01-19,5.0001,5.0788,4.9541,5.0591,17783617,0.2892,47408712229.23,55780368500.37,18.7876,
000898.SZ,鞍钢股份,2011-01-20,5.0263,5.0394,4.8688,4.8754,17568800,0.2857,45686995053.59,53754622303.21,18.1053,
000898.SZ,鞍钢股份,2011-01-21,4.8754,5.0394,4.8557,4.9607,16830744,0.2737,46486363742.28,54695147323.32,18.4221,
000898.SZ,鞍钢股份,2011-01-24,4.9541,5.0263,4.9082,4.9148,15071404,0.2451,46055934448.37,54188710774.03,18.2515,
000898.SZ,鞍钢股份,2011-01-25,4.9476,5.0854,4.9279,5.0001,19874979,0.3232,46855303137.06,55129235794.14,18.5683,
000898.SZ,鞍钢股份,2011-01-26,5.0198,5.0526,4.9673,5.0394,10405360,0.1692,47224242531.84,55563324264.96,18.7145,
000898.SZ,鞍钢股份,2011-01-27,4.9935,5.1051,4.9345,5.0854,16743356,0.2723,47654671825.75,56069760814.25,18.8851,
000898.SZ,鞍钢股份,2011-01-28,5.0722,5.0722,4.9935,5.0263,12174875,0.198,47101262733.58,55418628108.02,18.6658,
000898.SZ,鞍钢股份,2011-01-31,5.0526,5.0919,5.0198,5.0657,16311476,0.2653,47470202128.36,55852716578.84,18.812,
000898.SZ,鞍钢股份,2011-02-01,5.0919,5.0985,5.0329,5.0722,9485920,0.1543,47531692027.49,55925064657.31,18.8363,
000898.SZ,鞍钢股份,2011-02-09,5.0394,5.0788,5.0132,5.0263,9965039,0.1621,47101262733.58,55418628108.02,18.6658,
000898.SZ,鞍钢股份,2011-02-10,5.0263,5.1313,5.0132,5.1182,14824975,0.2411,47962121321.4,56431501206.6,19.0069,
000898.SZ,鞍钢股份,2011-02-11,5.1051,5.1772,5.0919,5.1313,19347589,0.3146,48085101119.66,56576197363.54,19.0556,
000898.SZ,鞍钢股份,2011-02-14,5.1313,5.42,5.1247,5.3478,49644722,0.8074,50114267790.95,58963683953.05,19.8598,
000898.SZ,鞍钢股份,2011-02-15,5.361,5.4069,5.2888,5.2953,22169535,0.3605,49622348597.91,58384899325.29,19.6648,
000898.SZ,鞍钢股份,2011-02-16,5.2953,5.4528,5.2888,5.3807,20293486,0.33,50421717286.6,59325424345.4,19.9816,
000898.SZ,鞍钢股份,2011-02-17,5.4003,5.4725,5.315,5.3675,21584197,0.351,50298737488.34,59180728188.46,19.9329,
000898.SZ,鞍钢股份,2011-02-18,5.3478,5.361,5.2691,5.2953,17447926,0.2838,49622348597.91,58384899325.29,19.6648,
000898.SZ,鞍钢股份,2011-02-21,5.2625,5.3347,5.2429,5.315,20121284,0.3272,49806818295.3,58601943560.7,19.7379,
000898.SZ,鞍钢股份,2011-02-22,5.3216,5.3544,5.0854,5.0854,28111567,0.4572,47654671825.75,56069760814.25,18.8851,
000898.SZ,鞍钢股份,2011-02-23,5.0722,5.151,5.0722,5.1051,14978647,0.2436,47839141523.14,56286805049.66,18.9582,
000898.SZ,鞍钢股份,2011-02-24,5.0854,5.1444,5.0591,5.1116,16549799,0.2691,47900631422.27,56359153128.13,18.9825,
000898.SZ,鞍钢股份,2011-02-25,5.1247,5.1313,5.0526,5.0985,16546599,0.2691,47777651624.01,56214456971.19,18.9338,
000898.SZ,鞍钢股份,2011-02-28,5.1116,5.1444,5.0788,5.1379,18004568,0.2928,48146591018.79,56648545442.01,19.08,
000898.SZ,鞍钢股份,2011-03-01,5.1379,5.1904,5.1379,5.1641,21669623,0.3524,48392550615.31,56937937755.89,19.1775,
000898.SZ,鞍钢股份,2011-03-02,5.1379,5.1641,5.0657,5.1051,20897174,0.3398,47839141523.14,56286805049.66,18.9582,
000898.SZ,鞍钢股份,2011-03-03,5.1051,5.2035,5.0919,5.1444,28392757,0.4617,48208080917.92,56720893520.48,19.1044,
000898.SZ,鞍钢股份,2011-03-04,5.1576,5.3085,5.151,5.256,38837695,0.6316,49253409203.13,57950810854.47,19.5186,
000898.SZ,鞍钢股份,2011-03-07,5.2625,5.3807,5.2429,5.3544,49536621,0.8056,50175757690.08,59036032031.52,19.8841,
000898.SZ,鞍钢股份,2011-03-08,5.3478,5.3675,5.2757,5.3544,39317284,0.6394,50175757690.08,59036032031.52,19.8841,
000898.SZ,鞍钢股份,2011-03-09,5.3544,5.3741,5.2691,5.2888,24456240,0.3977,49560858698.78,58312551246.82,19.6405,
000898.SZ,鞍钢股份,2011-03-10,5.2822,5.2822,5.1904,5.1969,21417872,0.3483,48700000110.96,57299678148.24,19.2993,
000898.SZ,鞍钢股份,2011-03-11,5.151,5.21,5.1313,5.1444,18787168,0.3055,48208080917.92,56720893520.48,19.1044,
000898.SZ,鞍钢股份,2011-03-14,5.2429,5.315,5.2232,5.2757,35918175,0.5841,49437878900.52,58167855089.88,19.5917,
000898.SZ,鞍钢股份,2011-03-15,5.3019,5.3544,5.1051,5.3544,42513045,0.6914,50175757690.08,59036032031.52,19.8841,
000898.SZ,鞍钢股份,2011-03-16,5.3544,5.4528,5.2888,5.4069,75920871,1.2347,50667676883.12,59614816659.28,20.0791,
000898.SZ,鞍钢股份,2011-03-17,5.3478,5.3807,5.1838,5.1969,46841567,0.7618,48700000110.96,57299678148.24,19.2993,
000898.SZ,鞍钢股份,2011-03-18,5.2429,5.2757,5.1772,5.2035,28015520,0.4556,48761490010.09,57372026226.71,19.3237,
000898.SZ,鞍钢股份,2011-03-21,5.21,5.2297,5.1576,5.1772,19580726,0.3184,48515530413.57,57082633912.83,19.2262,
000898.SZ,鞍钢股份,2011-03-22,5.1772,5.1969,5.1051,5.1641,23498619,0.3822,48392550615.31,56937937755.89,19.1775,
000898.SZ,鞍钢股份,2011-03-23,5.151,5.21,5.1313,5.2035,17863222,0.2905,48761490010.09,57372026226.71,19.3237,
000898.SZ,鞍钢股份,2011-03-24,5.21,5.2166,5.1576,5.1641,15947265,0.2593,48392550615.31,56937937755.89,19.1775,
000898.SZ,鞍钢股份,2011-03-25,5.1772,5.2429,5.1444,5.2297,25817862,0.4199,49007449606.61,57661418540.59,19.4212,
000898.SZ,鞍钢股份,2011-03-28,5.2429,5.3282,5.2429,5.2888,36906475,0.6002,49560858698.78,58312551246.82,19.6405,
000898.SZ,鞍钢股份,2011-03-29,5.2953,5.4331,5.2691,5.3085,51335404,0.8349,49745328396.17,58529595482.23,19.7136,
000898.SZ,鞍钢股份,2011-03-30,5.315,5.3675,5.2494,5.3413,34540839,0.5617,50052777891.82,58891335874.58,28.8825,
000898.SZ,鞍钢股份,2011-03-31,5.3478,5.3478,5.1707,5.1969,27825858,0.4525,48700000110.96,57299678148.24,28.1019,
000898.SZ,鞍钢股份,2011-04-01,5.1969,5.256,5.1772,5.2494,16938314,0.2755,49191919304,57878462776,28.3857,
000898.SZ,鞍钢股份,2011-04-06,5.2297,5.3544,5.21,5.3282,36086608,0.5869,49929798093.56,58746639717.64,28.8115,
000898.SZ,鞍钢股份,2011-04-07,5.3282,5.4397,5.3085,5.3544,58721223,0.955,50175757690.08,59036032031.52,28.9534,
000898.SZ,鞍钢股份,2011-04-08,5.3544,5.466,5.3282,5.4397,55209384,0.8979,50975126378.77,59976557051.63,29.4147,
000898.SZ,鞍钢股份,2011-04-11,5.4791,5.6759,5.4331,5.5644,105278551,1.7121,52143434462.24,61351170542.56,30.0889,
000898.SZ,鞍钢股份,2011-04-12,5.525,5.9384,5.5053,5.735,119098667,1.9369,53742171839.62,63232220582.78,31.0114,
000898.SZ,鞍钢股份,2011-04-13,5.6759,5.735,5.5513,5.6628,45192721,0.735,53065782949.19,62436391719.61,30.6211,
000898.SZ,鞍钢股份,2011-04-14,5.6562,5.7678,5.5578,5.5841,45581324,0.7413,52327904159.63,61568214777.97,30.1953,
000898.SZ,鞍钢股份,2011-04-15,5.525,5.5578,5.3675,5.4397,67610873,1.0995,50975126378.77,59976557051.63,29.4147,
000898.SZ,鞍钢股份,2011-04-18,5.4069,5.5053,5.3741,5.5053,48899521,0.7952,51590025370.07,60700037836.33,29.7695,
000898.SZ,鞍钢股份,2011-04-19,5.4463,5.63,5.4135,5.466,49200359,0.8001,51221085975.29,60265949365.51,29.5566,
000898.SZ,鞍钢股份,2011-04-20,5.4791,5.5053,5.3807,5.4003,31417201,0.5109,50606186983.99,59542468580.81,29.2018,
000898.SZ,鞍钢股份,2011-04-21,5.4331,5.63,5.4003,5.5906,58511542,0.9516,52389394058.76,61640562856.44,30.2308,
000898.SZ,鞍钢股份,2011-04-22,5.6038,5.7744,5.5775,5.5972,63948835,1.04,52450883957.89,61712910934.91,30.2663,
000898.SZ,鞍钢股份,2011-04-25,5.5644,5.5644,5.3872,5.3938,30620032,0.498,50544697084.86,59470120502.34,29.1663,
000898.SZ,鞍钢股份,2011-04-26,5.3807,5.3807,5.2691,5.2888,29732562,0.4835,49560858698.78,58312551246.82,28.5986,
000898.SZ,鞍钢股份,2011-04-27,5.315,5.3413,5.1838,5.2232,22635865,0.3681,48945959707.48,57589070462.12,28.2438,
000898.SZ,鞍钢股份,2011-04-28,5.2232,5.256,5.0919,5.0985,32081712,0.5217,47777651624.01,56214456971.19,58.435,
000898.SZ,鞍钢股份,2011-04-29,5.1182,5.1772,5.0526,5.1707,24856467,0.4042,48454040514.44,57010285834.36,59.2623,
000898.SZ,鞍钢股份,2011-05-03,5.151,5.2166,5.1247,5.1969,24524489,0.3988,48700000110.96,57299678148.24,59.5631,
000898.SZ,鞍钢股份,2011-05-04,5.1707,5.1707,5.0001,5.0132,23265794,0.3784,46978282935.32,55273931951.08,57.4573,
000898.SZ,鞍钢股份,2011-05-05,5.0132,5.1444,4.9869,5.0854,19167636,0.3117,47654671825.75,56069760814.25,58.2846,
000898.SZ,鞍钢股份,2011-05-06,5.046,5.0657,4.9869,5.0263,14520408,0.2361,47101262733.58,55418628108.02,57.6077,
000898.SZ,鞍钢股份,2011-05-09,5.0198,5.1182,5.0132,5.0526,12459954,0.2026,47347222330.1,55708020421.9,57.9085,
000898.SZ,鞍钢股份,2011-05-10,5.0591,5.0788,4.9869,5.0722,17456078,0.2839,47531692027.49,55925064657.31,58.1342,
000898.SZ,鞍钢股份,2011-05-11,5.0788,5.0788,5.0066,5.0329,10987308,0.1787,47162752632.71,55490976186.49,57.6829,
000898.SZ,鞍钢股份,2011-05-12,5.0132,5.0132,4.9213,4.9279,18034129,0.2933,46178914246.63,54333406930.97,56.4796,
000898.SZ,鞍钢股份,2011-05-13,4.9279,4.9673,4.8754,4.9476,15688880,0.2551,46363383944.02,54550451166.38,56.7052,
000898.SZ,鞍钢股份,2011-05-16,4.9345,4.9476,4.8885,4.8951,13131834,0.2136,45871464750.98,53971666538.62,56.1036,
000898.SZ,鞍钢股份,2011-05-17,4.8951,4.9476,4.8557,4.9082,11633198,0.1892,45994444549.24,54116362695.56,56.254,
000898.SZ,鞍钢股份,2011-05-18,4.9213,4.9738,4.9082,4.941,12699994,0.2065,46301894044.89,54478103087.91,56.63,
000898.SZ,鞍钢股份,2011-05-19,4.9476,4.9607,4.8885,4.8951,10089146,0.1641,45871464750.98,53971666538.62,56.1036,
000898.SZ,鞍钢股份,2011-05-20,4.882,4.9082,4.8491,4.8688,12084531,0.1965,45625505154.46,53682274224.74,55.8028,
000898.SZ,鞍钢股份,2011-05-23,4.8688,4.8754,4.6589,4.6851,18357656,0.2985,43903787978.82,51656528027.58,53.697,
000898.SZ,鞍钢股份,2011-05-24,4.672,4.6851,4.6195,4.672,10758140,0.175,43780808180.56,51511831870.64,53.5466,
000898.SZ,鞍钢股份,2011-05-25,4.6654,4.6785,4.5932,4.6064,10415231,0.1694,43165909189.26,50788351085.94,52.7945,
000898.SZ,鞍钢股份,2011-05-26,4.6523,4.6523,4.5604,4.5604,11108754,0.1807,42735479895.35,50281914536.65,52.2681,
000898.SZ,鞍钢股份,2011-05-27,4.5801,4.6195,4.5604,4.5867,11264094,0.1832,42981439491.87,50571306850.53,52.5689,
000898.SZ,鞍钢股份,2011-05-30,4.5867,4.5867,4.5867,4.5867,--,--,42981439491.87,50571306850.53,52.5689,
000898.SZ,鞍钢股份,2011-05-31,4.5604,4.6326,4.5276,4.626,16396734,0.2667,43350378886.65,51005395321.35,53.0202,
000898.SZ,鞍钢股份,2011-06-01,4.6129,4.6129,4.5736,4.5998,10721063,0.1744,43104419290.13,50716003007.47,52.7193,
000898.SZ,鞍钢股份,2011-06-02,4.5604,4.6457,4.5079,4.567,19959415,0.3246,42796969794.48,50354262615.12,52.3433,
000898.SZ,鞍钢股份,2011-06-03,4.567,4.6129,4.5473,4.6064,10900118,0.1773,43165909189.26,50788351085.94,52.7945,
000898.SZ,鞍钢股份,2011-06-07,4.5867,4.6523,4.5801,4.6457,11215445,0.1824,43534848584.04,51222439556.76,53.2458,
000898.SZ,鞍钢股份,2011-06-08,4.6457,4.6457,4.5801,4.626,9959516,0.162,43350378886.65,51005395321.35,53.0202,
000898.SZ,鞍钢股份,2011-06-09,4.5998,4.626,4.5276,4.5342,8289328,0.1348,42489520298.83,49992522222.77,51.9673,
000898.SZ,鞍钢股份,2011-06-10,4.5342,4.5539,4.4751,4.5276,9188349,0.1494,42428030399.7,49920174144.3,51.8921,
000898.SZ,鞍钢股份,2011-06-13,4.4883,4.5014,4.4489,4.4686,8441222,0.1373,41874621307.53,49269041438.07,51.2152,
000898.SZ,鞍钢股份,2011-06-14,4.4686,4.5407,4.462,4.5276,8663847,0.1409,42428030399.7,49920174144.3,51.8921,
000898.SZ,鞍钢股份,2011-06-15,4.5276,4.626,4.5079,4.5407,12869960,0.2093,42551010197.96,50064870301.24,52.0425,
000898.SZ,鞍钢股份,2011-06-16,4.5014,4.5014,4.4029,4.4358,10053518,0.1635,41567171811.88,48907301045.72,50.8392,
000898.SZ,鞍钢股份,2011-06-17,4.4423,4.462,4.4029,4.4029,7030073,0.1143,41259722316.23,48545560653.37,50.4632,
000898.SZ,鞍钢股份,2011-06-20,4.4292,4.4883,4.3964,4.4226,9384583,0.1526,41444192013.62,48762604888.78,50.6888,
000898.SZ,鞍钢股份,2011-06-21,4.4629,4.4897,4.4361,4.4696,8252805,0.1342,40952272820.58,48183820261.02,50.0871,
000898.SZ,鞍钢股份,2011-06-22,4.4763,4.4897,4.4092,4.4361,10473973,0.1703,40644823324.93,47822079868.67,49.7111,
000898.SZ,鞍钢股份,2011-06-23,4.4293,4.5032,4.3622,4.4763,13140710,0.2137,41013762719.71,48256168339.49,50.1623,
000898.SZ,鞍钢股份,2011-06-24,4.4562,4.624,4.4293,4.577,21505342,0.3497,41936111206.66,49341389516.54,51.2904,
000898.SZ,鞍钢股份,2011-06-27,4.5636,4.6038,4.5501,4.577,14381231,0.2339,41936111206.66,49341389516.54,51.2904,
000898.SZ,鞍钢股份,2011-06-28,4.5636,4.577,4.5233,4.5569,11500086,0.187,41751641509.27,49124345281.13,51.0648,
000898.SZ,鞍钢股份,2011-06-29,4.5501,4.5904,4.5166,4.5233,11050562,0.1797,41444192013.62,48762604888.78,50.6888,
000898.SZ,鞍钢股份,2011-06-30,4.5367,4.6105,4.5099,4.5636,14178339,0.2306,41813131408.4,49196693359.6,51.14,
000898.SZ,鞍钢股份,2011-07-01,4.577,4.624,4.5501,4.5703,11020847,0.1792,41874621307.53,49269041438.07,51.2152,
000898.SZ,鞍钢股份,2011-07-04,4.5971,4.7179,4.5904,4.6911,18695788,0.304,42981439491.87,50571306850.53,52.5689,
000898.SZ,鞍钢股份,2011-07-05,4.6978,4.7112,4.6575,4.6911,13085575,0.2128,42981439491.87,50571306850.53,52.5689,
000898.SZ,鞍钢股份,2011-07-06,4.6777,4.6844,4.6374,4.6575,9286258,0.151,42673989996.22,50209566458.18,52.1929,
000898.SZ,鞍钢股份,2011-07-07,4.6575,4.6709,4.6105,4.6307,11622644,0.189,42428030399.7,49920174144.3,51.8921,
000898.SZ,鞍钢股份,2011-07-08,4.624,4.6441,4.5904,4.6173,10256757,0.1668,42305050601.44,49775477987.36,51.7417,
000898.SZ,鞍钢股份,2011-07-11,4.5971,4.5971,4.5367,4.5636,14401946,0.2342,41813131408.4,49196693359.6,51.14,
000898.SZ,鞍钢股份,2011-07-12,4.5367,4.5434,4.483,4.5166,14469636,0.2353,41382702114.49,48690256810.31,50.6136,
000898.SZ,鞍钢股份,2011-07-13,4.5099,4.5434,4.4965,4.5367,23722829,0.3858,41567171811.88,48907301045.72,50.8392,
000898.SZ,鞍钢股份,2011-07-14,4.53,4.5367,4.4897,4.5166,18558387,0.3018,41382702114.49,48690256810.31,50.6136,
000898.SZ,鞍钢股份,2011-07-15,4.5166,4.5636,4.4763,4.5367,25896119,0.4211,41567171811.88,48907301045.72,50.8392,
000898.SZ,鞍钢股份,2011-07-18,4.5367,4.5703,4.5166,4.5434,19458957,0.3165,41628661711.01,48979649124.19,50.9144,
000898.SZ,鞍钢股份,2011-07-19,4.5233,4.5233,4.4763,4.4763,13067558,0.2125,41013762719.71,48256168339.49,50.1623,
000898.SZ,鞍钢股份,2011-07-20,4.4965,4.5032,4.4495,4.4696,8691738,0.1414,40952272820.58,48183820261.02,50.0871,
000898.SZ,鞍钢股份,2011-07-21,4.4696,4.483,4.4293,4.4293,10561750,0.1718,40583333425.8,47749731790.2,49.6359,
000898.SZ,鞍钢股份,2011-07-22,4.4428,4.4629,4.4092,4.4293,10748613,0.1748,40583333425.8,47749731790.2,49.6359,
000898.SZ,鞍钢股份,2011-07-25,4.4025,4.4159,4.2347,4.2549,20111021,0.3271,38984596048.42,45868681749.98,47.6805,
000898.SZ,鞍钢股份,2011-07-26,4.2549,4.2616,4.228,4.2481,8962789,0.1458,38923106149.29,45796333671.51,47.6053,
000898.SZ,鞍钢股份,2011-07-27,4.2414,4.2616,4.2012,4.2481,12388377,0.2015,38923106149.29,45796333671.51,47.6053,
000898.SZ,鞍钢股份,2011-07-28,4.2146,4.2414,4.1877,4.2079,11019888,0.1792,38554166754.51,45362245200.69,47.1541,
000898.SZ,鞍钢股份,2011-07-29,4.2012,4.2414,4.1609,4.2146,11535314,0.1876,38615656653.64,45434593279.16,47.2293,
000898.SZ,鞍钢股份,2011-08-01,4.2146,4.228,4.1743,4.2146,8546184,0.139,38615656653.64,45434593279.16,47.2293,
000898.SZ,鞍钢股份,2011-08-02,4.1945,4.1945,4.1072,4.1408,11486588,0.1868,37939267763.21,44638764415.99,46.402,
000898.SZ,鞍钢股份,2011-08-03,4.0938,4.2683,4.0871,4.181,11706299,0.1904,38308207157.99,45072852886.81,46.8533,
000898.SZ,鞍钢股份,2011-08-04,4.1743,4.2146,4.1609,4.1609,5704106,0.0928,38123737460.6,44855808651.4,46.6277,
000898.SZ,鞍钢股份,2011-08-05,4.0468,4.0737,4.0065,4.0133,17428634,0.2834,36770959679.74,43264150925.06,44.9731,
000898.SZ,鞍钢股份,2011-08-08,3.9663,3.9797,3.6509,3.7515,26165077,0.4255,34372853613.67,40442575864.73,42.0401,
000898.SZ,鞍钢股份,2011-08-09,3.6374,3.7381,3.6106,3.7247,20527747,0.3338,34126894017.15,40153183550.85,41.7393,
000898.SZ,鞍钢股份,2011-08-10,3.7717,3.8656,3.7448,3.7582,22152876,0.3603,34434343512.8,40514923943.2,42.1153,
000898.SZ,鞍钢股份,2011-08-11,3.6911,3.7985,3.671,3.7851,14427339,0.2346,34680303109.32,40804316257.08,42.4161,
000898.SZ,鞍钢股份,2011-08-12,3.8186,3.8589,3.7918,3.8253,14215852,0.2312,35049242504.1,41238404727.9,42.8674,
000898.SZ,鞍钢股份,2011-08-15,3.8388,3.8723,3.8186,3.8656,11566392,0.1881,35418181898.88,41672493198.72,43.3186,
000898.SZ,鞍钢股份,2011-08-16,3.8656,3.926,3.8388,3.8656,17533172,0.2851,35418181898.88,41672493198.72,43.3186,
000898.SZ,鞍钢股份,2011-08-17,3.8455,3.8589,3.8186,3.8186,8785970,0.1429,34987752604.97,41166056649.43,42.7922,
000898.SZ,鞍钢股份,2011-08-18,3.8321,3.8589,3.7448,3.7515,9079741,0.1477,34372853613.67,40442575864.73,42.0401,
000898.SZ,鞍钢股份,2011-08-19,3.671,3.718,3.671,3.7045,9135737,0.1486,33942424319.76,39936139315.44,41.5137,
000898.SZ,鞍钢股份,2011-08-22,3.6911,3.7515,3.6911,3.7045,6786156,0.1104,33942424319.76,39936139315.44,41.5137,
000898.SZ,鞍钢股份,2011-08-23,3.7247,3.7717,3.6978,3.7717,7351510,0.1196,34557323311.06,40659620100.14,-82.8098,
000898.SZ,鞍钢股份,2011-08-24,3.7784,3.7985,3.7247,3.7381,6686766,0.1087,34249873815.41,40297879707.79,-82.0731,
000898.SZ,鞍钢股份,2011-08-25,3.7448,3.8656,3.7381,3.8522,16983030,0.2762,35295202100.62,41527797041.78,-84.578,
000898.SZ,鞍钢股份,2011-08-26,3.8321,3.8522,3.8119,3.8455,10025784,0.163,35233712201.49,41455448963.31,-84.4306,
000898.SZ,鞍钢股份,2011-08-29,3.8186,3.8186,3.7582,3.7851,10354255,0.1684,34680303109.32,40804316257.08,-83.1045,
000898.SZ,鞍钢股份,2011-08-30,3.7985,3.8522,3.7649,3.7649,9096204,0.1479,34495833411.93,40587272021.67,-82.6625,
000898.SZ,鞍钢股份,2011-08-31,3.7649,3.7851,3.6978,3.7515,6640590,0.108,34372853613.67,40442575864.73,-82.3678,
000898.SZ,鞍钢股份,2011-09-01,3.7582,3.8186,3.7113,3.7314,7218673,0.1174,34188383916.28,40225531629.32,-81.9257,
000898.SZ,鞍钢股份,2011-09-02,3.718,3.7582,3.6844,3.6978,6954107,0.1131,33880934420.63,39863791236.97,-81.189,
000898.SZ,鞍钢股份,2011-09-05,3.6777,3.6844,3.6106,3.624,8038706,0.1307,33204545530.2,39067962373.8,-79.5682,
000898.SZ,鞍钢股份,2011-09-06,3.5905,3.6374,3.5837,3.6173,5527021,0.0899,33143055631.07,38995614295.33,-79.4208,
000898.SZ,鞍钢股份,2011-09-07,3.6441,3.7045,3.6374,3.6911,7766684,0.1263,33819444521.5,39791443158.5,-81.0416,
000898.SZ,鞍钢股份,2011-09-08,3.6911,3.7045,3.6576,3.6643,5341514,0.0869,33573484924.98,39502050844.62,-80.4522,
000898.SZ,鞍钢股份,2011-09-09,3.6777,3.718,3.6441,3.671,5435877,0.0884,33634974824.11,39574398923.09,-80.5996,
000898.SZ,鞍钢股份,2011-09-13,3.6173,3.671,3.5905,3.671,7292963,0.1186,33634974824.11,39574398923.09,-80.5996,
000898.SZ,鞍钢股份,2011-09-14,3.671,3.7045,3.6106,3.6978,6872496,0.1118,33880934420.63,39863791236.97,-81.189,
000898.SZ,鞍钢股份,2011-09-15,3.6978,3.7113,3.671,3.6777,6153024,0.1001,33696464723.24,39646747001.56,-80.7469,
000898.SZ,鞍钢股份,2011-09-16,3.6911,3.7113,3.6576,3.6576,5530323,0.0899,33511995025.85,39429702766.15,-80.3049,
000898.SZ,鞍钢股份,2011-09-19,3.6441,3.6509,3.5972,3.5972,4400642,0.0716,32958585933.68,38778570059.92,-78.9788,
000898.SZ,鞍钢股份,2011-09-20,3.5972,3.6509,3.5905,3.6173,5269835,0.0857,33143055631.07,38995614295.33,-79.4208,
000898.SZ,鞍钢股份,2011-09-21,3.624,3.7448,3.5905,3.7113,13197616,0.2146,34003914218.89,40008487393.91,-81.4837,
000898.SZ,鞍钢股份,2011-09-22,3.6777,3.6911,3.5972,3.5972,10128390,0.1647,32958585933.68,38778570059.92,-78.9788,
000898.SZ,鞍钢股份,2011-09-23,3.5233,3.5905,3.5166,3.5636,10051312,0.1635,32651136438.03,38416829667.57,-78.242,
000898.SZ,鞍钢股份,2011-09-26,3.5435,3.5837,3.4831,3.4898,7277799,0.1184,31974747547.6,37621000804.4,-76.6212,
000898.SZ,鞍钢股份,2011-09-27,3.5301,3.5636,3.5099,3.5301,8642595,0.1406,32343686942.38,38055089275.22,-77.5053,
000898.SZ,鞍钢股份,2011-09-28,3.5569,3.5636,3.4764,3.4965,6129069,0.0997,32036237446.73,37693348882.87,-76.7685,
000898.SZ,鞍钢股份,2011-09-29,3.4831,3.5099,3.4629,3.4764,9525964,0.1549,31851767749.34,37476304647.46,-76.3265,
000898.SZ,鞍钢股份,2011-09-30,3.4831,3.5032,3.4562,3.4764,6887579,0.112,31851767749.34,37476304647.46,-76.3265,
000898.SZ,鞍钢股份,2011-10-10,3.4898,3.4965,3.4562,3.4562,7087982,0.1153,31667298051.95,37259260412.05,-75.8844,
000898.SZ,鞍钢股份,2011-10-11,3.5166,3.5502,3.4495,3.4831,11165692,0.1816,31913257648.47,37548652725.93,-76.4738,
000898.SZ,鞍钢股份,2011-10-12,3.4629,3.5972,3.4428,3.5972,27762869,0.4515,32958585933.68,38778570059.92,-78.9788,
000898.SZ,鞍钢股份,2011-10-13,3.5837,3.8119,3.5636,3.6911,27053204,0.44,33819444521.5,39791443158.5,-81.0416,
000898.SZ,鞍钢股份,2011-10-14,3.6576,3.6911,3.6106,3.6374,13468869,0.219,33327525328.46,39212658530.74,-79.8628,
000898.SZ,鞍钢股份,2011-10-17,3.6441,3.6777,3.5905,3.6173,11236288,0.1827,33143055631.07,38995614295.33,-79.4208,
000898.SZ,鞍钢股份,2011-10-18,3.5837,3.5905,3.4227,3.4361,19053255,0.3099,31482828354.56,37042216176.64,-75.4424,
000898.SZ,鞍钢股份,2011-10-19,3.4495,3.5032,3.4294,3.4495,12402768,0.2017,31605808152.82,37186912333.58,-75.7371,
000898.SZ,鞍钢股份,2011-10-20,3.4361,3.4495,3.3757,3.4025,9485126,0.1543,31175378858.91,36680475784.29,-74.7057,
000898.SZ,鞍钢股份,2011-10-21,3.4025,3.4294,3.3623,3.3958,8498601,0.1382,31113888959.78,36608127705.82,-74.5583,
000898.SZ,鞍钢股份,2011-10-24,3.4025,3.4898,3.3824,3.4831,11269472,0.1833,31913257648.47,37548652725.93,-76.4738,
000898.SZ,鞍钢股份,2011-10-25,3.4697,3.5368,3.4428,3.5233,15676957,0.255,32282197043.25,37982741196.75,-77.3579,
000898.SZ,鞍钢股份,2011-10-26,3.5032,3.5703,3.4898,3.5435,18045179,0.2935,32466666740.64,38199785432.16,-77.8,
000898.SZ,鞍钢股份,2011-10-27,3.5435,3.624,3.5368,3.5435,15585275,0.2535,32466666740.64,38199785432.16,-77.8,
000898.SZ,鞍钢股份,2011-10-28,3.5905,3.6441,3.577,3.6106,17295131,0.2813,33081565731.94,38923266216.86,-79.2735,
000898.SZ,鞍钢股份,2011-10-31,3.6039,3.624,3.5502,3.5703,10529524,0.1712,32712626337.16,38489177746.04,-130.9156,
000898.SZ,鞍钢股份,2011-11-01,3.5368,3.5972,3.5301,3.5636,12310856,0.2002,32651136438.03,38416829667.57,-130.6695,
000898.SZ,鞍钢股份,2011-11-02,3.5233,3.6039,3.4898,3.6039,12941722,0.2105,33020075832.81,38850918138.39,-132.146,
000898.SZ,鞍钢股份,2011-11-03,3.6106,3.6643,3.5905,3.624,19210660,0.3124,33204545530.2,39067962373.8,-132.8842,
000898.SZ,鞍钢股份,2011-11-04,3.6643,3.671,3.6173,3.6374,14321385,0.2329,33327525328.46,39212658530.74,-133.3764,
000898.SZ,鞍钢股份,2011-11-07,3.6441,3.7247,3.6441,3.6576,19716922,0.3207,33511995025.85,39429702766.15,-134.1146,
000898.SZ,鞍钢股份,2011-11-08,3.6844,3.6978,3.6039,3.6173,12985879,0.2112,33143055631.07,38995614295.33,-132.6381,
000898.SZ,鞍钢股份,2011-11-09,3.624,3.6441,3.577,3.6307,11103478,0.1806,33266035429.33,39140310452.27,-133.1303,
000898.SZ,鞍钢股份,2011-11-10,3.5837,3.6844,3.577,3.5972,17272154,0.2809,32958585933.68,38778570059.92,-131.8999,
000898.SZ,鞍钢股份,2011-11-11,3.6173,3.624,3.5502,3.5569,10173560,0.1655,32589646538.9,38344481589.1,-130.4234,
000898.SZ,鞍钢股份,2011-11-14,3.5837,3.6173,3.5636,3.6039,11268604,0.1833,33020075832.81,38850918138.39,-132.146,
000898.SZ,鞍钢股份,2011-11-15,3.6039,3.6173,3.5703,3.6039,11007745,0.179,33020075832.81,38850918138.39,-132.146,
000898.SZ,鞍钢股份,2011-11-16,3.5972,3.5972,3.4965,3.5099,14275427,0.2322,32159217244.99,37838045039.81,-128.7008,
000898.SZ,鞍钢股份,2011-11-17,3.5166,3.5301,3.4898,3.4898,7721176,0.1256,31974747547.6,37621000804.4,-127.9626,
000898.SZ,鞍钢股份,2011-11-18,3.4697,3.4831,3.4093,3.416,9662501,0.1571,31298358657.17,36825171941.23,-125.2557,
000898.SZ,鞍钢股份,2011-11-21,3.4227,3.4294,3.3891,3.416,5946755,0.0967,31298358657.17,36825171941.23,-125.2557,
000898.SZ,鞍钢股份,2011-11-22,3.4025,3.4227,3.3824,3.4227,10634143,0.1729,31359848556.3,36897520019.7,-125.5018,
000898.SZ,鞍钢股份,2011-11-23,3.416,3.4227,3.369,3.3757,5979781,0.0972,30929419262.39,36391083470.41,-123.7792,
000898.SZ,鞍钢股份,2011-11-24,3.3623,3.3958,3.3489,3.3757,6859455,0.1116,30929419262.39,36391083470.41,-123.7792,
000898.SZ,鞍钢股份,2011-11-25,3.369,3.3824,3.3489,3.3556,5167510,0.084,30744949565,36174039235,-123.0409,
000898.SZ,鞍钢股份,2011-11-28,3.369,3.3757,3.3489,3.3556,5495209,0.0894,30744949565,36174039235,-123.0409,
000898.SZ,鞍钢股份,2011-11-29,3.3824,3.3824,3.3556,3.369,10511165,0.1709,30867929363.26,36318735391.94,-123.5331,
000898.SZ,鞍钢股份,2011-11-30,3.3623,3.369,3.1811,3.2079,16809674,0.2734,29392171784.14,34582381508.66,-117.6272,
000898.SZ,鞍钢股份,2011-12-01,3.2817,3.3421,3.2549,3.275,15540565,0.2527,30007070775.44,35305862293.36,-120.088,
000898.SZ,鞍钢股份,2011-12-02,3.2616,3.2616,3.2213,3.2415,8041453,0.1308,29699621279.79,34944121901.01,-118.8576,
000898.SZ,鞍钢股份,2011-12-05,3.2415,3.2482,3.1878,3.2012,6884196,0.112,29330681885.01,34510033430.19,-117.3811,
000898.SZ,鞍钢股份,2011-12-06,3.1878,3.2213,3.1811,3.2079,4976484,0.0809,29392171784.14,34582381508.66,-117.6272,
000898.SZ,鞍钢股份,2011-12-07,3.2079,3.2348,3.2012,3.2213,5027370,0.0818,29515151582.4,34727077665.6,-118.1193,
000898.SZ,鞍钢股份,2011-12-08,3.2146,3.2616,3.1878,3.2348,6204442,0.1009,29638131380.66,34871773822.54,-118.6115,
000898.SZ,鞍钢股份,2011-12-09,3.2146,3.2281,3.2012,3.2079,4886179,0.0795,29392171784.14,34582381508.66,-117.6272,
000898.SZ,鞍钢股份,2011-12-12,3.2146,3.2213,3.1878,3.2012,3275839,0.0533,29330681885.01,34510033430.19,-117.3811,
000898.SZ,鞍钢股份,2011-12-13,3.1878,3.2079,3.1408,3.1408,7403543,0.1204,28777272792.84,33858900723.96,-115.1663,
000898.SZ,鞍钢股份,2011-12-14,3.1408,3.1475,3.0938,3.0938,5138082,0.0836,28346843498.93,33352464174.67,-113.4438,
000898.SZ,鞍钢股份,2011-12-15,3.0938,3.0938,2.9865,2.9932,10124096,0.1646,27424495011.98,32267242997.62,-109.7525,
000898.SZ,鞍钢股份,2011-12-16,2.9865,3.0536,2.9797,3.0536,8200829,0.1334,27977904104.15,32918375703.85,-111.9673,
000898.SZ,鞍钢股份,2011-12-19,3.0536,3.0536,3.0536,3.0536,--,--,27977904104.15,32918375703.85,-111.9673,
000898.SZ,鞍钢股份,2011-12-20,3.02,3.067,2.9999,3.0334,9289191,0.1511,27793434406.76,32701331468.44,-111.229,
000898.SZ,鞍钢股份,2011-12-21,3.0603,3.0737,3.0066,3.0066,7380623,0.12,27547474810.24,32411939154.56,-110.2447,
000898.SZ,鞍钢股份,2011-12-22,2.9999,3.0133,2.9462,2.9797,8579044,0.1395,27301515213.72,32122546840.68,-109.2604,
000898.SZ,鞍钢股份,2011-12-23,2.973,3.0401,2.9663,3.02,10868037,0.1767,27670454608.5,32556635311.5,-110.7369,
000898.SZ,鞍钢股份,2011-12-26,3.0066,3.0871,2.9999,3.067,10642157,0.1731,28100883902.41,33063071860.79,-112.4594,
000898.SZ,鞍钢股份,2011-12-27,3.0603,3.0871,3.0066,3.0603,6455845,0.105,28039394003.28,32990723782.32,-112.2133,
000898.SZ,鞍钢股份,2011-12-28,3.02,3.0603,3.0066,3.0603,6505126,0.1058,28039394003.28,32990723782.32,-112.2133,
000898.SZ,鞍钢股份,2011-12-29,3.0469,3.0603,3.0133,3.0469,5066385,0.0824,27916414205.02,32846027625.38,-111.7212,
000898.SZ,鞍钢股份,2011-12-30,3.0401,3.0871,3.0401,3.0536,8965382,0.1458,27977904104.15,32918375703.85,-111.9673,
000898.SZ,鞍钢股份,2012-01-04,3.0804,3.0871,2.973,2.9865,7177061,0.1167,27362988011.5,32194894919.15,-109.5064,
000898.SZ,鞍钢股份,2012-01-05,2.973,2.9932,2.9126,2.9261,9937749,0.1616,26809579265.2,31543762212.92,-107.2917,
000898.SZ,鞍钢股份,2012-01-06,2.9193,2.9596,2.9126,2.9462,6745028,0.1097,26994048847.3,31760806448.33,-108.03,
000898.SZ,鞍钢股份,2012-01-09,2.9462,3.0267,2.9193,3.02,12522727,0.2037,27670437315,32556635311.5,-110.7369,
000898.SZ,鞍钢股份,2012-01-10,3.0066,3.1542,3.0066,3.1408,21736991,0.3535,28777254807.6,33858900723.96,-115.1663,
000898.SZ,鞍钢股份,2012-01-11,3.1542,3.2281,3.1207,3.1677,21936532,0.3568,29023214250.4,34148293037.84,-116.1507,
000898.SZ,鞍钢股份,2012-01-12,3.1542,3.2012,3.1341,3.1811,14882310,0.242,29146193971.8,34292989194.78,-116.6428,
000898.SZ,鞍钢股份,2012-01-13,3.1744,3.1878,3.0804,3.1005,11976952,0.1948,28408315643.4,33424812253.14,-113.6898,
000898.SZ,鞍钢股份,2012-01-16,3.067,3.114,3.0334,3.0401,9863580,0.1604,27854906897.1,32773679546.91,-111.4751,
000898.SZ,鞍钢股份,2012-01-17,3.0401,3.2415,3.0401,3.2348,20607184,0.3351,29638112857.4,34871773822.54,-118.6115,
000898.SZ,鞍钢股份,2012-01-18,3.2348,3.3153,3.1811,3.1945,20158973,0.3278,29269173693.2,34437685351.72,-117.135,
000898.SZ,鞍钢股份,2012-01-19,3.1945,3.3086,3.1878,3.2616,18217894,0.2963,29884072300.2,35161166136.42,-119.5958,
000898.SZ,鞍钢股份,2012-01-20,3.2817,3.2885,3.2348,3.275,11722986,0.1906,30007052021.6,35305862293.36,-120.088,
000898.SZ,鞍钢股份,2012-01-30,3.2885,3.2885,3.2079,3.2146,8589084,0.1397,29453643275.3,34654729587.13,-117.8732,
000898.SZ,鞍钢股份,2012-01-31,3.1207,3.1408,3.02,3.0737,22258214,0.362,28162356200.6,33135419939.26,-112.7055,
000898.SZ,鞍钢股份,2012-02-01,3.0469,3.0938,3.0334,3.0469,7885819,0.1282,27916396757.8,32846027625.38,-111.7212,
000898.SZ,鞍钢股份,2012-02-02,3.067,3.0938,3.0334,3.0938,12993801,0.2113,28346825782.7,33352464174.67,-113.4438,
000898.SZ,鞍钢股份,2012-02-03,3.0871,3.1341,3.067,3.114,11581714,0.1884,28531295364.8,33569508410.08,-114.182,
000898.SZ,鞍钢股份,2012-02-06,3.1207,3.1677,3.1073,3.1475,13744966,0.2235,28838744668.3,33931248802.43,-115.4124,
000898.SZ,鞍钢股份,2012-02-07,3.1274,3.1677,3.1005,3.1274,12892914,0.2097,28654275086.2,33714204567.02,-114.6742,
000898.SZ,鞍钢股份,2012-02-08,3.1274,3.2213,3.1005,3.1945,12891429,0.2097,29269173693.2,34437685351.72,-117.135,
000898.SZ,鞍钢股份,2012-02-09,3.1811,3.2281,3.1811,3.1945,11528047,0.1875,29269173693.2,34437685351.72,-117.135,
000898.SZ,鞍钢股份,2012-02-10,3.1878,3.2817,3.1878,3.2213,16682006,0.2713,29515133136,34727077665.6,-118.1193,
000898.SZ,鞍钢股份,2012-02-13,3.2012,3.2549,3.1744,3.2213,11276820,0.1834,29515133136,34727077665.6,-118.1193,
000898.SZ,鞍钢股份,2012-02-14,3.2213,3.2213,3.1744,3.1945,7269912,0.1182,29269173693.2,34437685351.72,-117.135,
000898.SZ,鞍钢股份,2012-02-15,3.1811,3.2817,3.1811,3.2415,12793431,0.2081,29699602718.1,34944121901.01,-118.8576,
000898.SZ,鞍钢股份,2012-02-16,3.2348,3.2817,3.1945,3.2146,12674245,0.2061,29453643275.3,34654729587.13,-117.8732,
000898.SZ,鞍钢股份,2012-02-17,3.2415,3.2616,3.2079,3.2146,9121379,0.1483,29453643275.3,34654729587.13,-117.8732,
000898.SZ,鞍钢股份,2012-02-20,3.2549,3.2683,3.2146,3.2213,9355610,0.1521,29515133136,34727077665.6,-118.1193,
000898.SZ,鞍钢股份,2012-02-21,3.2213,3.2213,3.1609,3.2079,15401688,0.2505,29392153414.6,34582381508.66,-117.6272,
000898.SZ,鞍钢股份,2012-02-22,3.1945,3.2482,3.1609,3.2415,18492021,0.3007,29699602718.1,34944121901.01,-118.8576,
000898.SZ,鞍钢股份,2012-02-23,3.2348,3.3153,3.2281,3.2817,32578947,0.5298,30068541882.3,35378210371.83,-120.334,
000898.SZ,鞍钢股份,2012-02-24,3.2817,3.3287,3.2549,3.3153,19546539,0.3179,30375991185.8,35739950764.18,-121.5645,
000898.SZ,鞍钢股份,2012-02-27,3.322,3.3824,3.3153,3.3421,26067474,0.4239,30621950628.6,36029343078.06,-122.5488,
000898.SZ,鞍钢股份,2012-02-28,3.3287,3.4025,3.3086,3.3757,25631363,0.4168,30929399932.1,36391083470.41,-123.7792,
000898.SZ,鞍钢股份,2012-02-29,3.3556,3.3757,3.3086,3.3153,13661917,0.2222,30375991185.8,35739950764.18,-121.5645,
000898.SZ,鞍钢股份,2012-03-01,3.3086,3.3287,3.2952,3.3019,9251266,0.1505,30253011464.4,35595254607.24,-121.0723,
000898.SZ,鞍钢股份,2012-03-02,3.3086,3.3354,3.3086,3.3287,12076631,0.1964,30498970907.2,35884646921.12,-122.0566,
000898.SZ,鞍钢股份,2012-03-05,3.3287,3.3421,3.2817,3.2885,16101222,0.2619,30130031743,35450558450.3,-120.5801,
000898.SZ,鞍钢股份,2012-03-06,3.275,3.2817,3.2213,3.2281,16451164,0.2675,29576622996.7,34799425744.07,-118.3654,
000898.SZ,鞍钢股份,2012-03-07,3.2012,3.2683,3.1878,3.2281,10782059,0.1753,29576622996.7,34799425744.07,-118.3654,
000898.SZ,鞍钢股份,2012-03-08,3.2415,3.275,3.2281,3.2415,6465923,0.1052,29699602718.1,34944121901.01,-118.8576,
000898.SZ,鞍钢股份,2012-03-09,3.2549,3.2616,3.2213,3.2482,10396058,0.1691,29761092578.8,35016469979.48,-119.1036,
000898.SZ,鞍钢股份,2012-03-12,3.2482,3.2616,3.1945,3.2213,9870663,0.1605,29515133136,34727077665.6,-118.1193,
000898.SZ,鞍钢股份,2012-03-13,3.2281,3.275,3.2213,3.275,10942393,0.178,30007052021.6,35305862293.36,-120.088,
000898.SZ,鞍钢股份,2012-03-14,3.3086,3.322,3.1811,3.1878,22549482,0.3667,29207683832.5,34365337273.25,-116.8889,
000898.SZ,鞍钢股份,2012-03-15,3.1878,3.2012,3.114,3.114,14339606,0.2332,28531295364.8,33569508410.08,-114.182,
000898.SZ,鞍钢股份,2012-03-16,3.1207,3.1475,3.0871,3.1274,11985524,0.1949,28654275086.2,33714204567.02,-114.6742,
000898.SZ,鞍钢股份,2012-03-19,3.1274,3.1408,3.1005,3.1341,8207412,0.1335,28715764946.9,33786552645.49,-114.9202,
000898.SZ,鞍钢股份,2012-03-20,3.1207,3.1744,3.1073,3.1207,12326608,0.2005,28592785225.5,33641856488.55,-114.4281,
000898.SZ,鞍钢股份,2012-03-21,3.1274,3.1609,3.1073,3.1408,7267002,0.1182,28777254807.6,33858900723.96,-115.1663,
000898.SZ,鞍钢股份,2012-03-22,3.1475,3.1542,3.0804,3.1073,7642952,0.1243,28469805504.1,33497160331.61,-113.9359,
000898.SZ,鞍钢股份,2012-03-23,3.1073,3.1207,3.0334,3.0469,12156171,0.1977,27916396757.8,32846027625.38,-111.7212,
000898.SZ,鞍钢股份,2012-03-26,3.0536,3.0737,3.0133,3.0267,10443671,0.1698,27731927175.7,32628983389.97,-110.9829,
000898.SZ,鞍钢股份,2012-03-27,3.0401,3.0603,3.0334,3.0401,5866006,0.0954,27854906897.1,32773679546.91,-111.4751,
000898.SZ,鞍钢股份,2012-03-28,3.0334,3.0334,2.9395,2.9462,13916542,0.2263,26994048847.3,31760806448.33,-14.8,
000898.SZ,鞍钢股份,2012-03-29,2.9395,2.9395,2.8522,2.8657,13766659,0.2239,26256170518.9,30892629506.69,-14.3954,
000898.SZ,鞍钢股份,2012-03-30,2.8724,2.8858,2.8522,2.8724,6686214,0.1087,26317660379.6,30964977585.16,-14.4292,
000898.SZ,鞍钢股份,2012-04-05,2.8724,2.9193,2.8522,2.9059,11225883,0.1826,26625109683.1,31326717977.51,-14.5977,
000898.SZ,鞍钢股份,2012-04-06,2.9059,2.9126,2.8791,2.8992,7317298,0.119,26563619822.4,31254369899.04,-14.564,
000898.SZ,鞍钢股份,2012-04-09,2.8858,2.9261,2.8724,2.8791,8604277,0.1399,26379150240.3,31037325663.63,-14.4629,
000898.SZ,鞍钢股份,2012-04-10,2.8724,2.9059,2.8455,2.9059,8646295,0.1406,26625109683.1,31326717977.51,-14.5977,
000898.SZ,鞍钢股份,2012-04-11,2.8724,2.9126,2.8657,2.8925,6396342,0.104,26502129961.7,31182021820.57,-14.5303,
000898.SZ,鞍钢股份,2012-04-12,2.8992,2.9395,2.8791,2.9395,9897744,0.161,26932558986.6,31688458369.86,-14.7663,
000898.SZ,鞍钢股份,2012-04-13,2.9395,2.9663,2.9328,2.9596,9979511,0.1623,27117028568.7,31905502605.27,-14.8674,
000898.SZ,鞍钢股份,2012-04-16,2.9126,2.9529,2.8858,2.9395,10341231,0.1682,26932558986.6,31688458369.86,-14.7663,
000898.SZ,鞍钢股份,2012-04-17,2.9261,2.9797,2.9059,2.9395,10839176,0.1763,26932558986.6,31688458369.86,-14.7663,
000898.SZ,鞍钢股份,2012-04-18,2.9462,2.9865,2.9261,2.9797,10929374,0.1777,27301498150.8,32122546840.68,-14.9686,
000898.SZ,鞍钢股份,2012-04-19,2.9663,2.9932,2.9596,2.9596,8014768,0.1303,27117028568.7,31905502605.27,-14.8674,
000898.SZ,鞍钢股份,2012-04-20,2.9529,2.9999,2.9462,2.9932,10761448,0.175,27424477872.2,32267242997.62,-15.036,
000898.SZ,鞍钢股份,2012-04-23,2.9865,2.9865,2.9596,2.9663,9142326,0.1487,27178518429.4,31977850683.74,-14.9011,
000898.SZ,鞍钢股份,2012-04-24,2.9596,2.9865,2.8992,2.9328,12946789,0.2106,26871069125.9,31616110291.39,-14.7326,
000898.SZ,鞍钢股份,2012-04-25,2.9193,2.973,2.9193,2.9462,9565940,0.1556,26994048847.3,31760806448.33,-14.8,
000898.SZ,鞍钢股份,2012-04-26,2.9596,2.9663,2.9328,2.9462,10551610,0.1716,26994048847.3,31760806448.33,-7.7371,
000898.SZ,鞍钢股份,2012-04-27,2.9462,2.973,2.9261,2.9529,9736765,0.1583,27055538708,31833154526.8,-7.7547,
000898.SZ,鞍钢股份,2012-05-02,2.973,3.0066,2.9529,2.9999,17387059,0.2828,27485967732.9,32339591076.09,-7.8781,
000898.SZ,鞍钢股份,2012-05-03,2.9932,2.9999,2.9663,2.9865,9217428,0.1499,27362988011.5,32194894919.15,-7.8428,
000898.SZ,鞍钢股份,2012-05-04,2.9865,3.0066,2.9663,2.9999,12355989,0.2009,27485967732.9,32339591076.09,-7.8781,
000898.SZ,鞍钢股份,2012-05-07,2.9797,3.0267,2.973,3.0066,13335753,0.2169,27547457593.6,32411939154.56,-7.8957,
000898.SZ,鞍钢股份,2012-05-08,2.9999,3.0066,2.973,2.9797,13304915,0.2164,27301498150.8,32122546840.68,-7.8252,
000898.SZ,鞍钢股份,2012-05-09,2.9797,2.9865,2.9126,2.9261,12139655,0.1974,26809579265.2,31543762212.92,-7.6842,
000898.SZ,鞍钢股份,2012-05-10,2.9261,2.9529,2.9126,2.9261,8686895,0.1413,26809579265.2,31543762212.92,-7.6842,
000898.SZ,鞍钢股份,2012-05-11,2.9193,2.9261,2.8925,2.8925,6235963,0.1014,26502129961.7,31182021820.57,-7.5961,
000898.SZ,鞍钢股份,2012-05-14,2.8992,2.9126,2.8724,2.8791,7268724,0.1182,26379150240.3,31037325663.63,-7.5609,
000898.SZ,鞍钢股份,2012-05-15,2.8724,2.8791,2.8455,2.8657,5622228,0.0914,26256170518.9,30892629506.69,-7.5256,
000898.SZ,鞍钢股份,2012-05-16,2.8522,2.8724,2.8187,2.8321,7671485,0.1248,25948721215.4,30530889114.34,-7.4375,
000898.SZ,鞍钢股份,2012-05-17,2.8254,2.8522,2.8187,2.8522,13896558,0.226,26133190797.5,30747933349.75,-7.4904,
000898.SZ,鞍钢股份,2012-05-18,2.8388,2.8724,2.8053,2.8187,13091216,0.2129,25825741494,30386192957.4,-7.4022,
000898.SZ,鞍钢股份,2012-05-21,2.8187,2.8388,2.8053,2.8187,8906454,0.1448,25825741494,30386192957.4,-7.4022,
000898.SZ,鞍钢股份,2012-05-22,2.8187,2.8388,2.8187,2.8321,9071730,0.1475,25948721215.4,30530889114.34,-7.4375,
000898.SZ,鞍钢股份,2012-05-23,2.8254,2.8254,2.7918,2.8053,10266330,0.167,25702761772.6,30241496800.46,-7.367,
000898.SZ,鞍钢股份,2012-05-24,2.7918,2.8321,2.7918,2.8053,8010549,0.1303,25702761772.6,30241496800.46,-7.367,
000898.SZ,鞍钢股份,2012-05-25,2.8053,2.8724,2.7985,2.8388,10046018,0.1634,26010211076.1,30603237192.81,-7.4551,
000898.SZ,鞍钢股份,2012-05-28,2.8187,2.8858,2.812,2.8791,19354719,0.3148,26379150240.3,31037325663.63,-7.5609,
000898.SZ,鞍钢股份,2012-05-29,2.8791,2.8791,2.8791,2.8791,--,--,26379150240.3,31037325663.63,-7.5609,
000898.SZ,鞍钢股份,2012-05-30,2.8925,2.8992,2.8388,2.8589,18472393,0.3004,26194680658.2,30820281428.22,-7.508,
000898.SZ,鞍钢股份,2012-05-31,2.8455,2.8522,2.8254,2.8321,7815510,0.1271,25948721215.4,30530889114.34,-7.4375,
000898.SZ,鞍钢股份,2012-06-01,2.8254,2.8522,2.8187,2.8321,4773529,0.0776,25948721215.4,30530889114.34,-7.4375,
000898.SZ,鞍钢股份,2012-06-04,2.7985,2.7985,2.7113,2.718,14684101,0.2388,24903393583.5,29300971780.35,-7.1379,
000898.SZ,鞍钢股份,2012-06-05,2.718,2.7314,2.7046,2.7247,7081600,0.1152,24964883444.2,29373319858.82,-7.1555,
000898.SZ,鞍钢股份,2012-06-06,2.7314,2.7314,2.7113,2.718,5155550,0.0838,24903393583.5,29300971780.35,-7.1379,
000898.SZ,鞍钢股份,2012-06-07,2.7314,2.7449,2.6912,2.6979,6487143,0.1055,24718924001.4,29083927544.94,-7.085,
000898.SZ,鞍钢股份,2012-06-08,2.7046,2.7113,2.6777,2.6912,7222465,0.1175,24657434140.7,29011579466.47,-7.0674,
000898.SZ,鞍钢股份,2012-06-11,2.6979,2.7247,2.6912,2.7113,5526205,0.0899,24841903722.8,29228623701.88,-7.1202,
000898.SZ,鞍钢股份,2012-06-12,2.6979,2.7046,2.6777,2.6845,5241923,0.0852,24595944280,28939231388,-7.0498,
000898.SZ,鞍钢股份,2012-06-13,2.6912,2.718,2.6845,2.7113,4404748,0.0716,24841903722.8,29228623701.88,-7.1202,
000898.SZ,鞍钢股份,2012-06-14,2.7113,2.7314,2.6912,2.6979,5967805,0.0971,24718924001.4,29083927544.94,-7.085,
000898.SZ,鞍钢股份,2012-06-15,2.7046,2.7247,2.6979,2.718,5663238,0.0921,24903393583.5,29300971780.35,-7.1379,
000898.SZ,鞍钢股份,2012-06-18,2.7247,2.7314,2.7113,2.718,5136762,0.0835,24903393583.5,29300971780.35,-7.1379,
000898.SZ,鞍钢股份,2012-06-19,2.718,2.7247,2.7046,2.7113,3338338,0.0543,24841903722.8,29228623701.88,-7.1202,
000898.SZ,鞍钢股份,2012-06-20,2.7247,2.7247,2.7046,2.7113,3448726,0.0561,24841903722.8,29228623701.88,-7.1202,
000898.SZ,鞍钢股份,2012-06-21,2.718,2.718,2.6643,2.6777,6606696,0.1074,24534454419.3,28866883309.53,-7.0321,
000898.SZ,鞍钢股份,2012-06-25,2.671,2.6777,2.6509,2.6509,5980238,0.0973,24288494976.5,28577490995.65,-6.9616,
000898.SZ,鞍钢股份,2012-06-26,2.6509,2.6576,2.6241,2.6442,6260302,0.1018,24227005115.8,28505142917.18,-6.944,
000898.SZ,鞍钢股份,2012-06-27,2.6375,2.6576,2.6241,2.6375,6393306,0.104,24165515255.1,28432794838.71,-6.9264,
000898.SZ,鞍钢股份,2012-06-28,2.6375,2.6375,2.6375,2.6375,--,--,24165515255.1,28432794838.71,-6.9264,
000898.SZ,鞍钢股份,2012-06-29,2.6039,2.6308,2.5838,2.6173,5948240,0.0967,23981045673,28215750603.3,-6.8735,
000898.SZ,鞍钢股份,2012-07-02,2.6308,2.6576,2.5972,2.6308,7313518,0.1189,24104085652.64,28360446760.24,-6.9088,
000898.SZ,鞍钢股份,2012-07-03,2.6241,2.6375,2.6106,2.6173,4687929,0.0762,23981105623.8,28215750603.3,-6.8735,
000898.SZ,鞍钢股份,2012-07-04,2.6173,2.6241,2.6039,2.6106,4821117,0.0784,23919615609.38,28143402524.83,-6.8559,
000898.SZ,鞍钢股份,2012-07-05,2.6039,2.6039,2.5502,2.5637,6319018,0.1028,23489185508.44,27636965975.54,-6.7325,
000898.SZ,鞍钢股份,2012-07-06,2.5637,2.5972,2.5502,2.5838,5271179,0.0857,23673655551.7,27854010210.95,-6.7854,
000898.SZ,鞍钢股份,2012-07-09,2.5771,2.5838,2.4965,2.51,5826645,0.0948,22997265393.08,27058181347.78,-6.5915,
000898.SZ,鞍钢股份,2012-07-10,2.51,2.5167,2.4831,2.4965,8070954,0.1313,22874285364.24,26913485190.84,-6.5563,
000898.SZ,鞍钢股份,2012-07-11,2.4965,2.5301,2.4764,2.51,8058549,0.1311,22997265393.08,27058181347.78,-6.5915,
000898.SZ,鞍钢股份,2012-07-12,2.4965,2.5234,2.4563,2.5033,11568936,0.1881,22935775378.66,26985833269.31,-6.5739,
000898.SZ,鞍钢股份,2012-07-13,2.4965,2.5234,2.4831,2.51,6844984,0.1113,22997265393.08,27058181347.78,-6.5915,
000898.SZ,鞍钢股份,2012-07-16,2.51,2.51,2.4563,2.4697,7150439,0.1163,22628325306.56,26624092876.96,-6.4858,
000898.SZ,鞍钢股份,2012-07-17,2.4563,2.4898,2.4563,2.4831,5857415,0.0953,22751305335.4,26768789033.9,-6.521,
000898.SZ,鞍钢股份,2012-07-18,2.4697,2.51,2.4697,2.5033,10331753,0.168,22935775378.66,26985833269.31,-6.5739,
000898.SZ,鞍钢股份,2012-07-19,2.5033,2.5234,2.4831,2.5033,11028991,0.1794,22935775378.66,26985833269.31,-6.5739,
000898.SZ,鞍钢股份,2012-07-20,2.5033,2.5167,2.4831,2.4898,6123402,0.0996,22812795349.82,26841137112.37,-6.5386,
000898.SZ,鞍钢股份,2012-07-23,2.4764,2.4831,2.4496,2.463,6051593,0.0984,22566835292.14,26551744798.49,-6.4681,
000898.SZ,鞍钢股份,2012-07-24,2.4496,2.5167,2.4496,2.4898,9443997,0.1536,22812795349.82,26841137112.37,-6.5386,
000898.SZ,鞍钢股份,2012-07-25,2.4764,2.4898,2.4563,2.463,7188071,0.1169,22566835292.14,26551744798.49,-6.4681,
000898.SZ,鞍钢股份,2012-07-26,2.4563,2.4965,2.4563,2.4831,7605353,0.1237,22751305335.4,26768789033.9,-6.521,
000898.SZ,鞍钢股份,2012-07-27,2.4965,2.5033,2.4764,2.4898,5702582,0.0927,22812795349.82,26841137112.37,-6.5386,
000898.SZ,鞍钢股份,2012-07-30,2.4965,2.4965,2.4496,2.4697,6387986,0.1039,22628325306.56,26624092876.96,-6.4858,
000898.SZ,鞍钢股份,2012-07-31,2.4697,2.4764,2.4429,2.4563,6987575,0.1136,22505345277.72,26479396720.02,-6.4505,
000898.SZ,鞍钢股份,2012-08-01,2.4563,2.4831,2.4429,2.4764,6482271,0.1054,22689815320.98,26696440955.43,-6.5034,
000898.SZ,鞍钢股份,2012-08-02,2.4764,2.5972,2.4764,2.5167,15201078,0.2472,23058755407.5,27130529426.25,-6.6091,
000898.SZ,鞍钢股份,2012-08-03,2.4965,2.5637,2.4965,2.5368,8757899,0.1424,23243225450.76,27347573661.66,-6.662,
000898.SZ,鞍钢股份,2012-08-06,2.5301,2.5905,2.5167,2.5637,9684987,0.1575,23489185508.44,27636965975.54,-6.7325,
000898.SZ,鞍钢股份,2012-08-07,2.5637,2.5838,2.5368,2.5704,8157229,0.1327,23550675522.86,27709314054.01,-6.7501,
000898.SZ,鞍钢股份,2012-08-08,2.5637,2.5771,2.5435,2.5502,5381269,0.0875,23366205479.6,27492269818.6,-6.6973,
000898.SZ,鞍钢股份,2012-08-09,2.5435,2.5637,2.5301,2.5569,6508592,0.1058,23427695494.02,27564617897.07,-6.7149,
000898.SZ,鞍钢股份,2012-08-10,2.5502,2.5704,2.5368,2.5569,5035648,0.0819,23427695494.02,27564617897.07,-6.7149,
000898.SZ,鞍钢股份,2012-08-13,2.5502,2.5502,2.51,2.51,6556367,0.1066,22997265393.08,27058181347.78,-6.5915,
000898.SZ,鞍钢股份,2012-08-14,2.5167,2.5234,2.5033,2.51,8666564,0.1409,22997265393.08,27058181347.78,-6.5915,
000898.SZ,鞍钢股份,2012-08-15,2.51,2.5234,2.4697,2.4831,7358159,0.1197,22751305335.4,26768789033.9,-6.521,
000898.SZ,鞍钢股份,2012-08-16,2.4764,2.5033,2.4764,2.4831,5287511,0.086,22751305335.4,26768789033.9,-6.521,
000898.SZ,鞍钢股份,2012-08-17,2.4831,2.4965,2.463,2.4831,4046368,0.0658,22751305335.4,26768789033.9,-6.521,
000898.SZ,鞍钢股份,2012-08-20,2.4697,2.4898,2.463,2.4764,4122219,0.067,22689815320.98,26696440955.43,-6.5034,
000898.SZ,鞍钢股份,2012-08-21,2.4764,2.5033,2.4697,2.4898,5035554,0.0819,22812795349.82,26841137112.37,-6.5386,
000898.SZ,鞍钢股份,2012-08-22,2.4898,2.4965,2.4764,2.4831,4182659,0.068,22751305335.4,26768789033.9,-6.521,
000898.SZ,鞍钢股份,2012-08-23,2.4831,2.4965,2.4697,2.4831,3526828,0.0574,22751305335.4,26768789033.9,-6.521,
000898.SZ,鞍钢股份,2012-08-24,2.4764,2.4831,2.4496,2.4496,2813300,0.0458,22443855263.3,26407048641.55,-6.4329,
000898.SZ,鞍钢股份,2012-08-27,2.4496,2.4496,2.3757,2.3825,5641690,0.0917,21828955119.1,25683567856.85,-6.2567,
000898.SZ,鞍钢股份,2012-08-28,2.4227,2.4764,2.416,2.4294,12627056,0.2054,22259385220.04,26190004406.14,-6.0318,
000898.SZ,鞍钢股份,2012-08-29,2.416,2.4227,2.3892,2.4026,5782414,0.094,22013425162.36,25900612092.26,-5.9651,
000898.SZ,鞍钢股份,2012-08-30,2.4026,2.4093,2.369,2.3825,6226414,0.1013,21828955119.1,25683567856.85,-5.9151,
000898.SZ,鞍钢股份,2012-08-31,2.3757,2.3959,2.3623,2.3757,5800521,0.0943,21767465104.68,25611219778.38,-5.8985,
000898.SZ,鞍钢股份,2012-09-03,2.369,2.3825,2.3489,2.3556,11463579,0.1864,21582995061.42,25394175542.97,-5.8485,
000898.SZ,鞍钢股份,2012-09-04,2.3556,2.3623,2.3019,2.3086,8944040,0.1455,21152564960.48,24887738993.68,-5.7319,
000898.SZ,鞍钢股份,2012-09-05,2.3086,2.3086,2.2147,2.2617,10865269,0.1767,20722134859.54,24381302444.39,-5.6152,
000898.SZ,鞍钢股份,2012-09-06,2.2549,2.2751,2.2415,2.2617,9193675,0.1495,20722134859.54,24381302444.39,-5.6152,
000898.SZ,鞍钢股份,2012-09-07,2.2751,2.4093,2.2684,2.369,20836498,0.3389,21705975090.26,25538871699.91,-5.8818,
000898.SZ,鞍钢股份,2012-09-10,2.369,2.3892,2.3489,2.3825,12485954,0.2031,21828955119.1,25683567856.85,-5.9151,
000898.SZ,鞍钢股份,2012-09-11,2.369,2.3757,2.3355,2.3556,8564714,0.1393,21582995061.42,25394175542.97,-5.8485,
000898.SZ,鞍钢股份,2012-09-12,2.3623,2.3825,2.3422,2.3623,8979737,0.146,21644485075.84,25466523621.44,-5.8652,
000898.SZ,鞍钢股份,2012-09-13,2.3623,2.4093,2.3556,2.369,13595749,0.2211,21705975090.26,25538871699.91,-5.8818,
000898.SZ,鞍钢股份,2012-09-14,2.3825,2.4026,2.369,2.3892,11975209,0.1948,21890445133.52,25755915935.32,-5.9318,
000898.SZ,鞍钢股份,2012-09-17,2.3892,2.3892,2.3153,2.3221,9615164,0.1564,21275544989.32,25032435150.62,-5.7652,
000898.SZ,鞍钢股份,2012-09-18,2.3086,2.3153,2.2818,2.2885,5214955,0.0848,20968094917.22,24670694758.27,-5.6819,
000898.SZ,鞍钢股份,2012-09-19,2.2952,2.3086,2.2818,2.2952,4506949,0.0733,21029584931.64,24743042836.74,-5.6985,
000898.SZ,鞍钢股份,2012-09-20,2.2952,2.3019,2.2348,2.2415,7962781,0.1295,20537664816.28,24164258208.98,-5.5652,
000898.SZ,鞍钢股份,2012-09-21,2.2415,2.2684,2.2348,2.2415,5562723,0.0905,20537664816.28,24164258208.98,-5.5652,
000898.SZ,鞍钢股份,2012-09-24,2.2281,2.2549,2.2012,2.2281,6426872,0.1045,20414684787.44,24019562052.04,-5.5319,
000898.SZ,鞍钢股份,2012-09-25,2.2348,2.2415,2.2147,2.2281,3927988,0.0639,20414684787.44,24019562052.04,-5.5319,
000898.SZ,鞍钢股份,2012-09-26,2.2281,2.2348,2.208,2.2147,5269830,0.0857,20291704758.6,23874865895.1,-5.4986,
000898.SZ,鞍钢股份,2012-09-27,2.2214,2.3086,2.2147,2.2885,9976426,0.1622,20968094917.22,24670694758.27,-5.6819,
000898.SZ,鞍钢股份,2012-09-28,2.2751,2.3086,2.2617,2.3019,8616507,0.1401,21091074946.06,24815390915.21,-5.7152,
000898.SZ,鞍钢股份,2012-10-08,2.3086,2.3153,2.2617,2.2751,5622107,0.0914,20845114888.38,24525998601.33,-5.6485,
000898.SZ,鞍钢股份,2012-10-09,2.2751,2.3422,2.2684,2.3288,10675940,0.1736,21337035003.74,25104783229.09,-5.7818,
000898.SZ,鞍钢股份,2012-10-10,2.3221,2.4093,2.3153,2.3959,14626967,0.2379,21951935147.94,25828264013.79,-5.9485,
000898.SZ,鞍钢股份,2012-10-11,2.3825,2.3892,2.3489,2.3489,8659675,0.1408,21521505047,25321827464.5,-5.8318,
000898.SZ,鞍钢股份,2012-10-12,2.3623,2.3757,2.3288,2.3489,5528135,0.0899,21521505047,25321827464.5,-5.8318,
000898.SZ,鞍钢股份,2012-10-15,2.3355,2.3489,2.3086,2.3221,4271228,0.0695,21275544989.32,25032435150.62,-5.7652,
000898.SZ,鞍钢股份,2012-10-16,2.3288,2.3422,2.3153,2.3288,4011703,0.0652,21337035003.74,25104783229.09,-5.7818,
000898.SZ,鞍钢股份,2012-10-17,2.3288,2.3489,2.3153,2.3355,4388554,0.0714,21398525018.16,25177131307.56,-5.7985,
000898.SZ,鞍钢股份,2012-10-18,2.3422,2.3892,2.3288,2.3757,7298409,0.1187,21767465104.68,25611219778.38,-5.8985,
000898.SZ,鞍钢股份,2012-10-19,2.3757,2.4093,2.369,2.3825,7724110,0.1256,21828955119.1,25683567856.85,-5.9151,
000898.SZ,鞍钢股份,2012-10-22,2.3757,2.3892,2.3556,2.3892,4585819,0.0746,21890445133.52,25755915935.32,-5.9318,
000898.SZ,鞍钢股份,2012-10-23,2.3892,2.3892,2.3489,2.3556,5589667,0.0909,21582995061.42,25394175542.97,-5.8485,
000898.SZ,鞍钢股份,2012-10-24,2.3422,2.3959,2.3355,2.369,7643980,0.1243,21705975090.26,25538871699.91,-5.8818,
000898.SZ,鞍钢股份,2012-10-25,2.3757,2.4898,2.3623,2.4227,20368484,0.3312,22197895205.62,26117656327.67,-4.7016,
000898.SZ,鞍钢股份,2012-10-26,2.4026,2.4227,2.3019,2.3086,12249415,0.1992,21152564960.48,24887738993.68,-4.4802,
000898.SZ,鞍钢股份,2012-10-29,2.3086,2.3355,2.2952,2.3086,4873003,0.0792,21152564960.48,24887738993.68,-4.4802,
000898.SZ,鞍钢股份,2012-10-30,2.3086,2.3288,2.2818,2.3019,4845561,0.0788,21091074946.06,24815390915.21,-4.4672,
000898.SZ,鞍钢股份,2012-10-31,2.3019,2.3086,2.2885,2.3086,4174874,0.0679,21152564960.48,24887738993.68,-4.4802,
000898.SZ,鞍钢股份,2012-11-01,2.3086,2.3623,2.3086,2.3489,7421416,0.1207,21521505047,25321827464.5,-4.5584,
000898.SZ,鞍钢股份,2012-11-02,2.3489,2.3825,2.3489,2.3757,8597711,0.1398,21767465104.68,25611219778.38,-4.6105,
000898.SZ,鞍钢股份,2012-11-05,2.369,2.3959,2.3623,2.3757,5084057,0.0827,21767465104.68,25611219778.38,-4.6105,
000898.SZ,鞍钢股份,2012-11-06,2.369,2.3825,2.3153,2.3623,7367580,0.1198,21644485075.84,25466523621.44,-4.5844,
000898.SZ,鞍钢股份,2012-11-07,2.3556,2.3623,2.3422,2.3623,3770240,0.0613,21644485075.84,25466523621.44,-4.5844,
000898.SZ,鞍钢股份,2012-11-08,2.3422,2.3489,2.3086,2.3422,7481508,0.1217,21460015032.58,25249479386.03,-4.5454,
000898.SZ,鞍钢股份,2012-11-09,2.3288,2.3422,2.2952,2.3086,5781824,0.094,21152564960.48,24887738993.68,-4.4802,
000898.SZ,鞍钢股份,2012-11-12,2.3086,2.3221,2.2952,2.3153,5556043,0.0904,21214054974.9,24960087072.15,-4.4933,
000898.SZ,鞍钢股份,2012-11-13,2.3153,2.3153,2.2684,2.2751,4586261,0.0746,20845114888.38,24525998601.33,-4.4151,
000898.SZ,鞍钢股份,2012-11-14,2.2751,2.2885,2.2684,2.2885,3746430,0.0609,20968094917.22,24670694758.27,-4.4412,
000898.SZ,鞍钢股份,2012-11-15,2.2751,2.2885,2.2281,2.2348,6611247,0.1075,20476174801.86,24091910130.51,-4.337,
000898.SZ,鞍钢股份,2012-11-16,2.2214,2.2348,2.2147,2.2348,5811829,0.0945,20476174801.86,24091910130.51,-4.337,
000898.SZ,鞍钢股份,2012-11-19,2.2281,2.2482,2.2214,2.2348,3508332,0.0571,20476174801.86,24091910130.51,-4.337,
000898.SZ,鞍钢股份,2012-11-20,2.2415,2.2482,2.2214,2.2214,3862583,0.0628,20353194773.02,23947213973.57,-4.3109,
000898.SZ,鞍钢股份,2012-11-21,2.2348,2.3153,2.2214,2.2952,12167933,0.1979,21029584931.64,24743042836.74,-4.4542,
000898.SZ,鞍钢股份,2012-11-22,2.2818,2.3086,2.2751,2.2818,6330227,0.1029,20906604902.8,24598346679.8,-4.4281,
000898.SZ,鞍钢股份,2012-11-23,2.2818,2.3019,2.2751,2.2818,4237063,0.0689,20906604902.8,24598346679.8,-4.4281,
000898.SZ,鞍钢股份,2012-11-26,2.2952,2.3019,2.2751,2.2818,3860013,0.0628,20906604902.8,24598346679.8,-4.4281,
000898.SZ,鞍钢股份,2012-11-27,2.2818,2.3355,2.2684,2.2751,10611190,0.1726,20845114888.38,24525998601.33,-4.4151,
000898.SZ,鞍钢股份,2012-11-28,2.2684,2.2751,2.2147,2.2214,6500031,0.1057,20353194773.02,23947213973.57,-4.3109,
000898.SZ,鞍钢股份,2012-11-29,2.2214,2.2684,2.2214,2.2482,5443589,0.0885,20599154830.7,24236606287.45,-4.363,
000898.SZ,鞍钢股份,2012-11-30,2.2348,2.3019,2.2348,2.2751,9797923,0.1593,20845114888.38,24525998601.33,-4.4151,
000898.SZ,鞍钢股份,2012-12-03,2.2751,2.3019,2.2482,2.2751,7090300,0.1153,20845114888.38,24525998601.33,-4.4151,
000898.SZ,鞍钢股份,2012-12-04,2.2751,2.3153,2.2684,2.2952,9430045,0.1534,21029584931.64,24743042836.74,-4.4542,
000898.SZ,鞍钢股份,2012-12-05,2.2952,2.3757,2.2751,2.3556,19122036,0.311,21582995061.42,25394175542.97,-4.5714,
000898.SZ,鞍钢股份,2012-12-06,2.3623,2.3959,2.3355,2.3355,13784597,0.2242,21398525018.16,25177131307.56,-4.5323,
000898.SZ,鞍钢股份,2012-12-07,2.3288,2.4026,2.3288,2.3959,17386609,0.2828,21951935147.94,25828264013.79,-4.6496,
000898.SZ,鞍钢股份,2012-12-10,2.4093,2.463,2.3757,2.4361,27876754,0.4534,22320875234.46,26262352484.61,-4.7277,
000898.SZ,鞍钢股份,2012-12-11,2.416,2.4496,2.4026,2.416,11619254,0.189,22136405191.2,26045308249.2,-4.6886,
000898.SZ,鞍钢股份,2012-12-12,2.4227,2.4563,2.3825,2.416,12205435,0.1985,22136405191.2,26045308249.2,-4.6886,
000898.SZ,鞍钢股份,2012-12-13,2.3959,2.463,2.3892,2.4093,20347512,0.3309,22074915176.78,25972960170.73,-4.6756,
000898.SZ,鞍钢股份,2012-12-14,2.4026,2.5234,2.3757,2.5234,30131806,0.49,23120245421.92,27202877504.72,-4.897,
000898.SZ,鞍钢股份,2012-12-17,2.5167,2.6241,2.51,2.5301,45193048,0.735,23181735436.34,27275225583.19,-4.91,
000898.SZ,鞍钢股份,2012-12-18,2.5234,2.5637,2.4764,2.5637,29191227,0.4747,23489185508.44,27636965975.54,-4.9752,
000898.SZ,鞍钢股份,2012-12-19,2.5435,2.5704,2.5167,2.5435,20107197,0.327,23304715465.18,27419921740.13,-4.9361,
000898.SZ,鞍钢股份,2012-12-20,2.5368,2.5502,2.4764,2.5435,25272063,0.411,23304715465.18,27419921740.13,-4.9361,
000898.SZ,鞍钢股份,2012-12-21,2.5234,2.5569,2.4764,2.51,18978236,0.3086,22997265393.08,27058181347.78,-4.871,
000898.SZ,鞍钢股份,2012-12-24,2.4965,2.5167,2.4563,2.4965,15321572,0.2492,22874285364.24,26913485190.84,-4.8449,
000898.SZ,鞍钢股份,2012-12-25,2.4764,2.5502,2.463,2.5301,27123590,0.4411,23181735436.34,27275225583.19,-4.91,
000898.SZ,鞍钢股份,2012-12-26,2.5301,2.5368,2.4898,2.5167,22147767,0.3602,23058755407.5,27130529426.25,-4.884,
000898.SZ,鞍钢股份,2012-12-27,2.5167,2.5771,2.4965,2.5368,37986220,0.6178,23243225450.76,27347573661.66,-4.9231,
000898.SZ,鞍钢股份,2012-12-28,2.5234,2.5569,2.5033,2.5435,23378007,0.3802,23304715465.18,27419921740.13,-4.9361,
000898.SZ,鞍钢股份,2012-12-31,2.5502,2.6442,2.5368,2.6039,36969956,0.6012,23857717612.96,28071054446.36,-5.0533,
000898.SZ,鞍钢股份,2013-01-04,2.8187,2.8657,2.7918,2.8522,91711097,1.4915,26132809241,30747933349.75,-5.5352,
000898.SZ,鞍钢股份,2013-01-07,2.812,2.8388,2.7314,2.8254,55470931,0.9021,25886853389.32,30458541035.87,-5.4831,
000898.SZ,鞍钢股份,2013-01-08,2.812,2.8522,2.7516,2.7851,30473948,0.4956,25517919611.8,30024452565.05,-5.4049,
000898.SZ,鞍钢股份,2013-01-09,2.7784,2.8053,2.7046,2.7449,31238957,0.508,25148985834.28,29590364094.23,-5.3268,
000898.SZ,鞍钢股份,2013-01-10,2.7449,2.7851,2.718,2.7717,24300213,0.3952,25394941685.96,29879756408.11,-5.3789,
000898.SZ,鞍钢股份,2013-01-11,2.7717,2.7717,2.6845,2.7046,18490300,0.3007,24780052056.76,29156275623.41,-5.2487,
000898.SZ,鞍钢股份,2013-01-14,2.6777,2.7985,2.671,2.7851,28895541,0.4699,25517919611.8,30024452565.05,-5.4049,
000898.SZ,鞍钢股份,2013-01-15,2.7717,2.8455,2.7381,2.7784,24341563,0.3959,25456430648.88,29952104486.58,-5.3919,
000898.SZ,鞍钢股份,2013-01-16,2.7784,2.7784,2.7113,2.7314,17240904,0.2804,25026007908.44,29445667937.29,-5.3008,
000898.SZ,鞍钢股份,2013-01-17,2.7381,2.765,2.6979,2.718,10055497,0.1635,24903029982.6,29300971780.35,-5.2747,
000898.SZ,鞍钢股份,2013-01-18,2.7247,2.7516,2.7113,2.7247,17477261,0.2842,24964518945.52,29373319858.82,-5.2877,
000898.SZ,鞍钢股份,2013-01-21,2.7449,2.7516,2.718,2.7314,15014414,0.2442,25026007908.44,29445667937.29,-5.3008,
000898.SZ,鞍钢股份,2013-01-22,2.7381,2.7381,2.6979,2.7381,17942478,0.2918,25087496871.36,29518016015.76,-5.3138,
000898.SZ,鞍钢股份,2013-01-23,2.7314,2.8455,2.7247,2.7717,32353751,0.5262,25394941685.96,29879756408.11,-5.3789,
000898.SZ,鞍钢股份,2013-01-24,2.7784,2.7985,2.7113,2.7247,21252669,0.3456,24964518945.52,29373319858.82,-5.2877,
000898.SZ,鞍钢股份,2013-01-25,2.7314,2.7449,2.6845,2.6979,14315386,0.2328,24718563093.84,29083927544.94,-5.2356,
000898.SZ,鞍钢股份,2013-01-28,2.6979,2.7247,2.6912,2.7247,16356681,0.266,24964518945.52,29373319858.82,-5.2877,
000898.SZ,鞍钢股份,2013-01-29,2.7046,2.7247,2.6979,2.7113,19667463,0.3199,24841541019.68,29228623701.88,-5.2617,
000898.SZ,鞍钢股份,2013-01-30,2.7113,2.7449,2.6777,2.7381,19846052,0.3228,25087496871.36,29518016015.76,-5.3138,
000898.SZ,鞍钢股份,2013-01-31,2.7113,2.7113,2.6375,2.6643,32851720,0.5343,24411118279.24,28722187152.59,-5.1705,
000898.SZ,鞍钢股份,2013-02-01,2.6509,2.6643,2.6241,2.6576,16784619,0.273,24349629316.32,28649839074.12,-5.1575,
000898.SZ,鞍钢股份,2013-02-04,2.6576,2.6912,2.5838,2.6845,31932547,0.5193,24595585168,28939231388,-5.2096,
000898.SZ,鞍钢股份,2013-02-05,2.6576,2.718,2.6442,2.7046,25064822,0.4076,24780052056.76,29156275623.41,-5.2487,
000898.SZ,鞍钢股份,2013-02-06,2.7113,2.7247,2.6777,2.6979,13383563,0.2177,24718563093.84,29083927544.94,-5.2356,
000898.SZ,鞍钢股份,2013-02-07,2.6979,2.6979,2.6509,2.6845,20659617,0.336,24595585168,28939231388,-5.2096,
000898.SZ,鞍钢股份,2013-02-08,2.671,2.718,2.671,2.7046,20484696,0.3331,24780052056.76,29156275623.41,-5.2487,
000898.SZ,鞍钢股份,2013-02-18,2.7113,2.718,2.6912,2.6979,12540293,0.2039,24718563093.84,29083927544.94,-5.2356,
000898.SZ,鞍钢股份,2013-02-19,2.7046,2.7046,2.6375,2.6442,10780463,0.1753,24226651390.48,28505142917.18,-5.1314,
000898.SZ,鞍钢股份,2013-02-20,2.6576,2.6643,2.6241,2.6442,10503702,0.1708,24226651390.48,28505142917.18,-5.1314,
000898.SZ,鞍钢股份,2013-02-21,2.6375,2.6375,2.5435,2.5569,21671922,0.3525,23427294872.52,27564617897.07,-4.9621,
000898.SZ,鞍钢股份,2013-02-22,2.5637,2.5704,2.4898,2.5167,21145013,0.3439,23058361095,27130529426.25,-4.884,
000898.SZ,鞍钢股份,2013-02-25,2.5234,2.5301,2.4831,2.4898,17016252,0.2767,22812405243.32,26841137112.37,-4.8319,
000898.SZ,鞍钢股份,2013-02-26,2.4764,2.4764,2.4294,2.4361,17562438,0.2856,22320493539.96,26262352484.61,-4.7277,
000898.SZ,鞍钢股份,2013-02-27,2.4429,2.4697,2.4361,2.4429,8661179,0.1409,22381982502.88,26334700563.08,-4.7407,
000898.SZ,鞍钢股份,2013-02-28,2.4496,2.5033,2.4429,2.5033,18874468,0.307,22935383169.16,26985833269.31,-4.8579,
000898.SZ,鞍钢股份,2013-03-01,2.5033,2.5033,2.4697,2.4898,9609934,0.1563,22812405243.32,26841137112.37,-4.8319,
000898.SZ,鞍钢股份,2013-03-04,2.4764,2.4764,2.3825,2.3959,19727130,0.3208,21951559762.44,25828264013.79,-4.6496,
000898.SZ,鞍钢股份,2013-03-05,2.3959,2.4227,2.3959,2.4093,15569440,0.2532,22074537688.28,25972960170.73,-4.6756,
000898.SZ,鞍钢股份,2013-03-06,2.4227,2.4294,2.3959,2.4093,15198200,0.2472,22074537688.28,25972960170.73,-4.6756,
000898.SZ,鞍钢股份,2013-03-07,2.4093,2.4294,2.3959,2.4227,20871783,0.3394,22197515614.12,26117656327.67,-4.7016,
000898.SZ,鞍钢股份,2013-03-08,2.4227,2.4429,2.4026,2.4093,13852157,0.2253,22074537688.28,25972960170.73,-4.6756,
000898.SZ,鞍钢股份,2013-03-11,2.4093,2.416,2.3825,2.3959,8571162,0.1394,21951559762.44,25828264013.79,-4.6496,
000898.SZ,鞍钢股份,2013-03-12,2.3959,2.4093,2.3489,2.3623,8988054,0.1462,21644114947.84,25466523621.44,-4.5844,
000898.SZ,鞍钢股份,2013-03-13,2.3623,2.369,2.3355,2.3355,8837082,0.1437,21398159096.16,25177131307.56,-4.5323,
000898.SZ,鞍钢股份,2013-03-14,2.3355,2.3556,2.3221,2.3221,8656106,0.1408,21275181170.32,25032435150.62,-4.5063,
000898.SZ,鞍钢股份,2013-03-15,2.3288,2.3556,2.3086,2.3355,10559391,0.1717,21398159096.16,25177131307.56,-4.5323,
000898.SZ,鞍钢股份,2013-03-18,2.3221,2.3288,2.2952,2.2952,9166845,0.1491,21029225318.64,24743042836.74,-4.4542,
000898.SZ,鞍钢股份,2013-03-19,2.2952,2.3153,2.2885,2.3086,10568659,0.1719,21152203244.48,24887738993.68,-4.4802,
000898.SZ,鞍钢股份,2013-03-20,2.3019,2.3489,2.3019,2.3422,11395900,0.1853,21459648059.08,25249479386.03,-4.5454,
000898.SZ,鞍钢股份,2013-03-21,2.3422,2.3556,2.3221,2.3355,10522099,0.1711,21398159096.16,25177131307.56,-4.5323,
000898.SZ,鞍钢股份,2013-03-22,2.3288,2.3422,2.3153,2.3288,11235194,0.1827,21336670133.24,25104783229.09,-4.5193,
000898.SZ,鞍钢股份,2013-03-25,2.3355,2.369,2.3086,2.3556,21956466,0.3571,21582625984.92,25394175542.97,-4.5714,
000898.SZ,鞍钢股份,2013-03-26,2.3355,2.3422,2.2952,2.3086,11060918,0.1799,21152203244.48,24887738993.68,-4.4802,
000898.SZ,鞍钢股份,2013-03-27,2.3086,2.3221,2.2818,2.3019,8346217,0.1357,21090714281.56,24815390915.21,-4.4672,
000898.SZ,鞍钢股份,2013-03-28,2.3019,2.3019,2.3019,2.3019,--,--,21090714281.56,24815390915.21,-5.9695,
000898.SZ,鞍钢股份,2013-03-29,2.2549,2.2818,2.2147,2.2214,32925974,0.5355,20352846726.52,23947213973.57,-5.7607,
000898.SZ,鞍钢股份,2013-04-01,2.208,2.2348,2.208,2.208,16090766,0.2617,20229868800.68,23802517816.63,-5.7259,
000898.SZ,鞍钢股份,2013-04-02,2.2147,2.3153,2.208,2.3153,35950415,0.5847,21213692207.4,24960087072.15,-6.0044,
000898.SZ,鞍钢股份,2013-04-03,2.3221,2.3221,2.2684,2.2885,22150984,0.3602,20967736355.72,24670694758.27,-5.9347,
000898.SZ,鞍钢股份,2013-04-08,2.2549,2.2751,2.2348,2.2617,11186344,0.1819,20721780504.04,24381302444.39,-5.8651,
000898.SZ,鞍钢股份,2013-04-09,2.2684,2.2952,2.2617,2.2818,11672683,0.1898,20906247392.8,24598346679.8,-5.9173,
000898.SZ,鞍钢股份,2013-04-10,2.2751,2.3019,2.2617,2.2952,11397478,0.1854,21029225318.64,24743042836.74,-5.9521,
000898.SZ,鞍钢股份,2013-04-11,2.3019,2.3355,2.2885,2.3086,11890034,0.1934,21152203244.48,24887738993.68,-5.9869,
000898.SZ,鞍钢股份,2013-04-12,2.3019,2.3221,2.2617,2.2751,9492183,0.1544,20844758429.88,24525998601.33,-5.8999,
000898.SZ,鞍钢股份,2013-04-15,2.2684,2.2751,2.2348,2.2617,9075563,0.1476,20721780504.04,24381302444.39,-5.8651,
000898.SZ,鞍钢股份,2013-04-16,2.2482,2.2684,2.2348,2.2549,7301223,0.1187,20660291541.12,24308954365.92,-5.8477,
000898.SZ,鞍钢股份,2013-04-17,2.2617,2.2617,2.2281,2.2415,8355298,0.1359,20537313615.28,24164258208.98,-5.8129,
000898.SZ,鞍钢股份,2013-04-18,2.2348,2.2549,2.2214,2.2415,7894579,0.1284,20537313615.28,24164258208.98,-5.8129,
000898.SZ,鞍钢股份,2013-04-19,2.2415,2.2818,2.2348,2.2818,12499166,0.2033,20906247392.8,24598346679.8,-5.9173,
000898.SZ,鞍钢股份,2013-04-22,2.2818,2.3153,2.2751,2.3019,14997846,0.2439,21090714281.56,24815390915.21,-5.9695,
000898.SZ,鞍钢股份,2013-04-23,2.2952,2.2952,2.2348,2.2348,9674045,0.1573,20475824652.36,24091910130.51,-5.7955,
000898.SZ,鞍钢股份,2013-04-24,2.2415,2.2684,2.2348,2.2617,7149070,0.1163,20721780504.04,24381302444.39,-5.8651,
000898.SZ,鞍钢股份,2013-04-25,2.2549,2.2684,2.2348,2.2348,7250841,0.1179,20475824652.36,24091910130.51,-5.7955,
000898.SZ,鞍钢股份,2013-04-26,2.2482,2.2549,2.2348,2.2482,6385270,0.1038,20598802578.2,24236606287.45,-5.8303,
000898.SZ,鞍钢股份,2013-05-02,2.2482,2.2482,2.1878,2.1945,17074453,0.2777,20106890874.84,23657821659.69,-13.683,
000898.SZ,鞍钢股份,2013-05-03,2.1945,2.2214,2.1945,2.2012,20775150,0.3379,20168379837.76,23730169738.16,-13.7248,
000898.SZ,鞍钢股份,2013-05-06,2.2012,2.2281,2.1945,2.2147,13544816,0.2203,20291357763.6,23874865895.1,-13.8085,
000898.SZ,鞍钢股份,2013-05-07,2.208,2.2348,2.1945,2.2281,14454605,0.2351,20414335689.44,24019562052.04,-13.8922,
000898.SZ,鞍钢股份,2013-05-08,2.2348,2.2482,2.2214,2.2415,12074471,0.1964,20537313615.28,24164258208.98,-13.9759,
000898.SZ,鞍钢股份,2013-05-09,2.2415,2.2549,2.2214,2.2348,12221778,0.1988,20475824652.36,24091910130.51,-13.934,
000898.SZ,鞍钢股份,2013-05-10,2.2281,2.2415,2.2147,2.2348,8816636,0.1434,20475824652.36,24091910130.51,-13.934,
000898.SZ,鞍钢股份,2013-05-13,2.2348,2.2482,2.2214,2.2281,8280964,0.1347,20414335689.44,24019562052.04,-13.8922,
000898.SZ,鞍钢股份,2013-05-14,2.2281,2.2281,2.1945,2.2147,10201711,0.1659,20291357763.6,23874865895.1,-13.8085,
000898.SZ,鞍钢股份,2013-05-15,2.208,2.2147,2.1945,2.208,6309151,0.1026,20229868800.68,23802517816.63,-13.7666,
000898.SZ,鞍钢股份,2013-05-16,2.2147,2.2214,2.1945,2.2214,12221979,0.1988,20352846726.52,23947213973.57,-13.8503,
000898.SZ,鞍钢股份,2013-05-17,2.2147,2.2482,2.208,2.2415,16342071,0.2658,20537313615.28,24164258208.98,-13.9759,
000898.SZ,鞍钢股份,2013-05-20,2.2415,2.2617,2.2348,2.2482,15779017,0.2566,20598802578.2,24236606287.45,-14.0177,
000898.SZ,鞍钢股份,2013-05-21,2.2482,2.2482,2.2348,2.2482,13848301,0.2252,20598802578.2,24236606287.45,-14.0177,
000898.SZ,鞍钢股份,2013-05-22,2.2482,2.2818,2.2348,2.2751,30392480,0.4943,20844758429.88,24525998601.33,-14.1851,
000898.SZ,鞍钢股份,2013-05-23,2.2617,2.2684,2.2348,2.2348,19161879,0.3116,20475824652.36,24091910130.51,-13.934,
000898.SZ,鞍钢股份,2013-05-24,2.2415,2.2482,2.2281,2.2415,11493397,0.1869,20537313615.28,24164258208.98,-13.9759,
000898.SZ,鞍钢股份,2013-05-27,2.2348,2.2549,2.2281,2.2348,11961713,0.1945,20475824652.36,24091910130.51,-13.934,
000898.SZ,鞍钢股份,2013-05-28,2.2348,2.2549,2.2214,2.2482,13899546,0.226,20598802578.2,24236606287.45,-14.0177,
000898.SZ,鞍钢股份,2013-05-29,2.2482,2.2617,2.2348,2.2482,16607161,0.2701,20598802578.2,24236606287.45,-14.0177,
000898.SZ,鞍钢股份,2013-05-30,2.2415,2.2482,2.2214,2.2281,14814904,0.2409,20414335689.44,24019562052.04,-13.8922,
000898.SZ,鞍钢股份,2013-05-31,2.2281,2.2348,2.2012,2.208,16790489,0.2731,20229868800.68,23802517816.63,-13.7666,
000898.SZ,鞍钢股份,2013-06-03,2.2012,2.2214,2.1945,2.2012,12356611,0.201,20168379837.76,23730169738.16,-13.7248,
000898.SZ,鞍钢股份,2013-06-04,2.2012,2.208,2.1476,2.1543,23130558,0.3762,19737957097.32,23223733188.87,-13.4319,
000898.SZ,鞍钢股份,2013-06-05,2.1476,2.161,2.1341,2.1408,12976700,0.211,19614979171.48,23079037031.93,-13.3482,
000898.SZ,鞍钢股份,2013-06-06,2.1408,2.1408,2.1073,2.114,13876176,0.2257,19369023319.8,22789644718.05,-13.1808,
000898.SZ,鞍钢股份,2013-06-07,2.114,2.1207,2.0872,2.0939,12952466,0.2106,19184556431.04,22572600482.64,-13.0553,
000898.SZ,鞍钢股份,2013-06-13,2.0804,2.0804,1.9865,1.9999,17961892,0.2921,18323710950.16,21559727384.06,-12.4695,
000898.SZ,鞍钢股份,2013-06-14,2.0066,2.0133,1.9932,1.9932,14196328,0.2309,18262221987.24,21487379305.59,-12.4276,
000898.SZ,鞍钢股份,2013-06-17,1.9999,2.0268,1.9731,1.9932,17417977,0.2833,18262221987.24,21487379305.59,-12.4276,
000898.SZ,鞍钢股份,2013-06-18,1.9932,1.9999,1.9529,1.9596,19291998,0.3137,17954777172.64,21125638913.24,-12.2184,
000898.SZ,鞍钢股份,2013-06-19,1.9529,1.9865,1.9127,1.9664,26127020,0.4249,18016266135.56,21197986991.71,-12.2603,
000898.SZ,鞍钢股份,2013-06-20,1.9395,1.9462,1.906,1.906,18516462,0.3011,17462865469.28,20546854285.48,-11.8837,
000898.SZ,鞍钢股份,2013-06-21,1.8791,1.9194,1.8657,1.9127,16893714,0.2747,17524354432.2,20619202363.95,-11.9255,
000898.SZ,鞍钢股份,2013-06-24,1.906,1.906,1.8187,1.8187,23715561,0.3857,16663508951.32,19606329265.37,-11.3397,
000898.SZ,鞍钢股份,2013-06-25,1.7986,1.8254,1.7248,1.7852,31160117,0.5068,16356064136.72,19244588873.02,-11.1305,
000898.SZ,鞍钢股份,2013-06-26,1.7784,1.812,1.7516,1.7986,21265727,0.3458,16479042062.56,19389285029.96,-11.2142,
000898.SZ,鞍钢股份,2013-06-27,1.7919,1.8321,1.7717,1.7919,22254611,0.3619,16417553099.64,19316936951.49,-11.1723,
000898.SZ,鞍钢股份,2013-06-28,1.7784,1.7852,1.7113,1.7583,29776735,0.4843,16110108285.04,18955196559.14,-10.9631,
000898.SZ,鞍钢股份,2013-07-01,1.7449,1.7449,1.7113,1.7382,16673942,0.2712,15925629391.63,18738152323.73,-10.8376,
000898.SZ,鞍钢股份,2013-07-02,1.7315,1.8254,1.718,1.7852,25480881,0.4144,16356051807.62,19244588873.02,-11.1305,
000898.SZ,鞍钢股份,2013-07-03,1.7717,1.7784,1.7449,1.7516,16751859,0.2724,16048607224.77,18882848480.67,-10.9213,
000898.SZ,鞍钢股份,2013-07-04,1.7449,1.7717,1.7315,1.7516,14315508,0.2328,16048607224.77,18882848480.67,-10.9213,
000898.SZ,鞍钢股份,2013-07-05,1.7516,1.7784,1.7516,1.7583,13218394,0.215,16110096141.34,18955196559.14,-10.9631,
000898.SZ,鞍钢股份,2013-07-08,1.7382,1.7382,1.6845,1.6912,13841609,0.2251,15495206975.64,18231715774.44,-10.5447,
000898.SZ,鞍钢股份,2013-07-09,1.6912,1.7046,1.6778,1.6979,8319589,0.1353,15556695892.21,18304063852.91,-10.5865,
000898.SZ,鞍钢股份,2013-07-10,1.6912,1.7315,1.6845,1.7315,11978893,0.1948,15864140475.06,18665804245.26,-10.7957,
000898.SZ,鞍钢股份,2013-07-11,1.7315,1.8187,1.7315,1.8053,38760622,0.6304,16540518557.33,19461633108.43,-11.256,
000898.SZ,鞍钢股份,2013-07-12,1.7919,1.812,1.765,1.7717,15711538,0.2555,16233073974.48,19099892716.08,-11.0468,
000898.SZ,鞍钢股份,2013-07-15,1.7986,1.859,1.7919,1.8456,28652216,0.466,16909452056.75,19895721579.25,-11.5071,
000898.SZ,鞍钢股份,2013-07-16,1.8321,1.8456,1.8053,1.8321,13867804,0.2255,16786474223.61,19751025422.31,-11.4234,
000898.SZ,鞍钢股份,2013-07-17,1.8321,1.859,1.812,1.8388,16303237,0.2651,16847963140.18,19823373500.78,-11.4652,
000898.SZ,鞍钢股份,2013-07-18,1.8254,1.8388,1.7986,1.8187,12141984,0.1975,16663496390.47,19606329265.37,-11.3397,
000898.SZ,鞍钢股份,2013-07-19,1.8187,1.8321,1.7852,1.7852,9839964,0.16,16356051807.62,19244588873.02,-11.1305,
000898.SZ,鞍钢股份,2013-07-22,1.7852,1.7986,1.7717,1.7919,7094059,0.1154,16417540724.19,19316936951.49,-11.1723,
000898.SZ,鞍钢股份,2013-07-23,1.7986,1.8456,1.7919,1.8456,12032637,0.1957,16909452056.75,19895721579.25,-11.5071,
000898.SZ,鞍钢股份,2013-07-24,1.8456,1.8724,1.8321,1.859,14684615,0.2388,17032429889.89,20040417736.19,-11.5908,
000898.SZ,鞍钢股份,2013-07-25,1.8657,1.9529,1.8456,1.9194,26508225,0.4311,17585830139.02,20691550442.42,-11.9674,
000898.SZ,鞍钢股份,2013-07-26,1.9127,1.9999,1.8992,1.9731,29290693,0.4764,18077741471.58,21270335070.18,-12.3021,
000898.SZ,鞍钢股份,2013-07-29,1.9462,1.9596,1.8992,1.8992,11240133,0.1828,17401363389.31,20474506207.01,-11.8418,
000898.SZ,鞍钢股份,2013-07-30,1.8992,1.9261,1.8858,1.906,8398399,0.1366,17462852305.88,20546854285.48,-11.8837,
000898.SZ,鞍钢股份,2013-07-31,1.9127,1.9261,1.8858,1.8925,4730842,0.0769,17339874472.74,20402158128.54,-11.8,
000898.SZ,鞍钢股份,2013-08-01,1.8925,1.9731,1.8858,1.9529,10209496,0.166,17893274721.87,21053290834.77,-12.1766,
000898.SZ,鞍钢股份,2013-08-02,1.9596,2.0133,1.9462,1.9999,18961743,0.3084,18323697137.86,21559727384.06,-12.4695,
000898.SZ,鞍钢股份,2013-08-05,1.9999,2.0402,1.9865,2.02,15189979,0.247,18508163887.57,21776771619.47,-12.595,
000898.SZ,鞍钢股份,2013-08-06,2.0133,2.0737,2.0133,2.0268,10255759,0.1668,18569652804.14,21849119697.94,-12.6369,
000898.SZ,鞍钢股份,2013-08-07,2.0133,2.0268,1.9932,1.9932,10552982,0.1716,18262208221.29,21487379305.59,-12.4276,
000898.SZ,鞍钢股份,2013-08-08,1.9932,1.9999,1.9664,1.9798,7017647,0.1141,18139230388.15,21342683148.65,-12.3439,
000898.SZ,鞍钢股份,2013-08-09,1.9731,2.02,1.9731,2.02,11581394,0.1883,18508163887.57,21776771619.47,-12.595,
000898.SZ,鞍钢股份,2013-08-12,2.02,2.0737,2.0133,2.067,13361126,0.2173,18938586303.56,22283208168.76,-12.8879,
000898.SZ,鞍钢股份,2013-08-13,2.0737,2.1408,2.067,2.1408,24636337,0.4007,19614964385.83,23079037031.93,-13.3482,
000898.SZ,鞍钢股份,2013-08-14,2.1408,2.1543,2.0872,2.1073,15806248,0.2571,19307519802.98,22717296639.58,-13.139,
000898.SZ,鞍钢股份,2013-08-15,2.1006,2.1408,2.1006,2.1073,7946698,0.1292,19307519802.98,22717296639.58,-13.139,
000898.SZ,鞍钢股份,2013-08-16,2.0872,2.1408,2.0603,2.0804,12817866,0.2085,19061564136.7,22427904325.7,-12.9716,
000898.SZ,鞍钢股份,2013-08-19,2.0737,2.1341,2.067,2.1341,11418757,0.1857,19553475469.26,23006688953.46,-13.3064,
000898.SZ,鞍钢股份,2013-08-20,2.1341,2.1341,2.0804,2.0872,6769615,0.1101,19123053053.27,22500252404.17,-13.0134,
000898.SZ,鞍钢股份,2013-08-21,2.0872,2.0939,2.0603,2.067,5148747,0.0837,18938586303.56,22283208168.76,-12.8879,
000898.SZ,鞍钢股份,2013-08-22,2.0603,2.114,2.0402,2.1073,11466110,0.1865,19307519802.98,22717296639.58,-13.139,
000898.SZ,鞍钢股份,2013-08-23,2.1073,2.114,2.0402,2.067,7214780,0.1173,18938586303.56,22283208168.76,-12.8879,
000898.SZ,鞍钢股份,2013-08-26,2.0737,2.0872,2.0536,2.0872,5652440,0.0919,19123053053.27,22500252404.17,-13.0134,
000898.SZ,鞍钢股份,2013-08-27,2.0804,2.0804,2.0536,2.0737,6350292,0.1033,19000075220.13,22355556247.23,-12.9298,
000898.SZ,鞍钢股份,2013-08-28,2.0603,2.0603,2.0268,2.0268,10585666,0.1722,18569652804.14,21849119697.94,-12.6369,
000898.SZ,鞍钢股份,2013-08-29,2.0335,2.0469,2.0066,2.0268,7998469,0.1301,18569652804.14,21849119697.94,-12.6369,
000898.SZ,鞍钢股份,2013-08-30,2.02,2.0603,2.0133,2.0335,8494581,0.1381,18631141720.71,21921467776.41,-14.8218,
000898.SZ,鞍钢股份,2013-09-02,2.0335,2.067,2.0335,2.067,8250022,0.1342,18938586303.56,22283208168.76,-15.0664,
000898.SZ,鞍钢股份,2013-09-03,2.0804,2.1073,2.0737,2.1006,8323172,0.1354,19246030886.41,22644948561.11,-15.311,
000898.SZ,鞍钢股份,2013-09-04,2.1006,2.1945,2.0872,2.1543,17913099,0.2913,19737942218.97,23223733188.87,-15.7023,
000898.SZ,鞍钢股份,2013-09-05,2.1476,2.1476,2.1006,2.1207,8342603,0.1357,19430497636.12,22861992796.52,-15.4577,
000898.SZ,鞍钢股份,2013-09-06,2.1073,2.114,2.0872,2.114,5809860,0.0945,19369008719.55,22789644718.05,-15.4088,
000898.SZ,鞍钢股份,2013-09-09,2.114,2.1476,2.1073,2.1408,9035090,0.1469,19614964385.83,23079037031.93,-15.6045,
000898.SZ,鞍钢股份,2013-09-10,2.1408,2.1811,2.1274,2.1811,14362203,0.2336,19983897885.25,23513125502.75,-15.898,
000898.SZ,鞍钢股份,2013-09-11,2.2885,2.2885,2.2751,2.2885,23386871,0.3803,20967720550.37,24670694758.27,-16.6807,
000898.SZ,鞍钢股份,2013-09-12,2.3288,2.3422,2.2684,2.2751,32005606,0.5205,20844742717.23,24525998601.33,-16.5828,
000898.SZ,鞍钢股份,2013-09-13,2.2415,2.2617,2.1945,2.208,16027318,0.2607,20229853551.53,23802517816.63,-16.0937,
000898.SZ,鞍钢股份,2013-09-16,2.208,2.2147,2.1811,2.1945,9673310,0.1573,20106875718.39,23657821659.69,-15.9958,
000898.SZ,鞍钢股份,2013-09-17,2.1945,2.208,2.161,2.161,8532161,0.1388,19799431135.54,23296081267.34,-15.7512,
000898.SZ,鞍钢股份,2013-09-18,2.1543,2.1677,2.1341,2.1543,6882720,0.1119,19737942218.97,23223733188.87,-15.7023,
000898.SZ,鞍钢股份,2013-09-23,2.1677,2.1744,2.1476,2.161,6904077,0.1123,19799431135.54,23296081267.34,-15.7512,
000898.SZ,鞍钢股份,2013-09-24,2.1543,2.1677,2.1073,2.1073,8403934,0.1367,19307519802.98,22717296639.58,-15.3599,
000898.SZ,鞍钢股份,2013-09-25,2.1073,2.1274,2.0804,2.0804,6643780,0.108,19061564136.7,22427904325.7,-15.1642,
000898.SZ,鞍钢股份,2013-09-26,2.0804,2.0872,2.0335,2.0335,8421199,0.137,18631141720.71,21921467776.41,-14.8218,
000898.SZ,鞍钢股份,2013-09-27,2.0335,2.0469,2.0133,2.0335,7286690,0.1185,18631141720.71,21921467776.41,-14.8218,
000898.SZ,鞍钢股份,2013-09-30,2.0268,2.0335,2.0066,2.02,12348888,0.2008,18508163887.57,21776771619.47,-14.724,
000898.SZ,鞍钢股份,2013-10-08,2.0066,2.0335,1.9999,2.0335,8449540,0.1374,18631141720.71,21921467776.41,-14.8218,
000898.SZ,鞍钢股份,2013-10-09,2.0268,2.0536,2.02,2.0536,7281832,0.1184,18815608470.42,22138512011.82,-14.9686,
000898.SZ,鞍钢股份,2013-10-10,2.0469,2.0536,2.02,2.0268,8577147,0.1395,18569652804.14,21849119697.94,-14.7729,
000898.SZ,鞍钢股份,2013-10-11,2.0402,2.0603,2.0268,2.0603,9666433,0.1572,18877097386.99,22210860090.29,-15.0175,
000898.SZ,鞍钢股份,2013-10-14,2.0603,2.0804,2.0469,2.067,10320858,0.1678,18938586303.56,22283208168.76,-15.0664,
000898.SZ,鞍钢股份,2013-10-15,2.0737,2.0737,2.0335,2.0469,9421620,0.1532,18754119553.85,22066163933.35,-14.9197,
000898.SZ,鞍钢股份,2013-10-16,2.0536,2.0603,2.0268,2.0268,8636231,0.1405,18569652804.14,21849119697.94,-14.7729,
000898.SZ,鞍钢股份,2013-10-17,2.0335,2.0469,2.0268,2.0335,4846022,0.0788,18631141720.71,21921467776.41,-14.8218,
000898.SZ,鞍钢股份,2013-10-18,2.0335,2.0402,2.0268,2.0335,4074595,0.0663,18631141720.71,21921467776.41,-14.8218,
000898.SZ,鞍钢股份,2013-10-21,2.0402,2.0737,2.0335,2.0737,10099400,0.1642,19000075220.13,22355556247.23,-15.1153,
000898.SZ,鞍钢股份,2013-10-22,2.0737,2.0737,2.0469,2.0536,6153919,0.1001,18815608470.42,22138512011.82,-14.9686,
000898.SZ,鞍钢股份,2013-10-23,2.0536,2.067,2.0066,2.0133,9929258,0.1615,18446674971,21704423541,-14.6751,
000898.SZ,鞍钢股份,2013-10-24,2.0133,2.02,1.9999,1.9999,6128836,0.0997,18323697137.86,21559727384.06,-14.5772,
000898.SZ,鞍钢股份,2013-10-25,1.9999,2.02,1.9596,1.9731,10738081,0.1746,18077741471.58,21270335070.18,-14.3816,
000898.SZ,鞍钢股份,2013-10-28,1.9731,1.9731,1.9462,1.9664,6984647,0.1136,18016252555.01,21197986991.71,-14.3326,
000898.SZ,鞍钢股份,2013-10-29,1.9664,1.9932,1.9328,1.9462,10597955,0.1724,17831785805.3,20980942756.3,-14.1859,
000898.SZ,鞍钢股份,2013-10-30,1.9596,2.02,1.9529,2.0133,14278507,0.2322,18446674971,21704423541,-97.7677,
000898.SZ,鞍钢股份,2013-10-31,2.0133,2.0268,2.0066,2.0268,7554777,0.1229,18569652804.14,21849119697.94,-98.4195,
000898.SZ,鞍钢股份,2013-11-01,2.0268,2.0603,2.02,2.0469,9684250,0.1575,18754119553.85,22066163933.35,-99.3971,
000898.SZ,鞍钢股份,2013-11-04,2.0335,2.0603,2.0335,2.0536,8251261,0.1342,18815608470.42,22138512011.82,-99.723,
000898.SZ,鞍钢股份,2013-11-05,2.0536,2.0536,2.02,2.0402,5527357,0.0899,18692630637.28,21993815854.88,-99.0712,
000898.SZ,鞍钢股份,2013-11-06,2.0402,2.0603,2.02,2.0335,5888415,0.0958,18631141720.71,21921467776.41,-98.7454,
000898.SZ,鞍钢股份,2013-11-07,2.0335,2.0335,2.0066,2.0133,3997672,0.065,18446674971,21704423541,-97.7677,
000898.SZ,鞍钢股份,2013-11-08,2.0066,2.02,1.9798,1.9865,7259247,0.1181,18200719304.72,21415031227.12,-96.4641,
000898.SZ,鞍钢股份,2013-11-11,1.9865,2.02,1.9798,2.0133,4545579,0.0739,18446674971,21704423541,-97.7677,
000898.SZ,鞍钢股份,2013-11-12,2.02,2.0268,2.0066,2.0133,3488126,0.0567,18446674971,21704423541,-97.7677,
000898.SZ,鞍钢股份,2013-11-13,2.0133,2.0133,1.9932,1.9999,5496222,0.0894,18323697137.86,21559727384.06,-97.1159,
000898.SZ,鞍钢股份,2013-11-14,1.9999,2.0133,1.9865,2.0133,5121756,0.0833,18446674971,21704423541,-97.7677,
000898.SZ,鞍钢股份,2013-11-15,2.0133,2.0737,2.0066,2.0335,7610128,0.1238,18631141720.71,21921467776.41,-98.7454,
000898.SZ,鞍钢股份,2013-11-18,2.0402,2.114,2.0335,2.1073,14488855,0.2356,19307519802.98,22717296639.58,-102.3302,
000898.SZ,鞍钢股份,2013-11-19,2.1073,2.114,2.067,2.0804,10550293,0.1716,19061564136.7,22427904325.7,-101.0266,
000898.SZ,鞍钢股份,2013-11-20,2.0804,2.1006,2.0737,2.0939,7220949,0.1174,19184541969.84,22572600482.64,-101.6784,
000898.SZ,鞍钢股份,2013-11-21,2.0939,2.0939,2.0603,2.067,5394921,0.0877,18938586303.56,22283208168.76,-100.3748,
000898.SZ,鞍钢股份,2013-11-22,2.0737,2.0804,2.0603,2.0737,5256572,0.0855,19000075220.13,22355556247.23,-100.7007,
000898.SZ,鞍钢股份,2013-11-25,2.0737,2.0872,2.0603,2.0804,8261604,0.1344,19061564136.7,22427904325.7,-101.0266,
000898.SZ,鞍钢股份,2013-11-26,2.0804,2.1006,2.0737,2.0872,6407455,0.1042,19123053053.27,22500252404.17,-101.3525,
000898.SZ,鞍钢股份,2013-11-27,2.0872,2.1006,2.067,2.0939,7476327,0.1216,19184541969.84,22572600482.64,-101.6784,
000898.SZ,鞍钢股份,2013-11-28,2.0939,2.1744,2.0872,2.161,18673712,0.3037,19799431135.54,23296081267.34,-104.9373,
000898.SZ,鞍钢股份,2013-11-29,2.1543,2.1878,2.1341,2.1677,9980079,0.1623,19860920052.11,23368429345.81,-105.2632,
000898.SZ,鞍钢股份,2013-12-02,2.1476,2.1878,2.114,2.1744,17451370,0.2838,19922408968.68,23440777424.28,-105.5891,
000898.SZ,鞍钢股份,2013-12-03,2.1744,2.2818,2.1677,2.2348,21395967,0.348,20475809217.81,24091910130.51,-108.5221,
000898.SZ,鞍钢股份,2013-12-04,2.2281,2.3355,2.2147,2.2952,23993220,0.3902,21029209466.94,24743042836.74,-111.4551,
000898.SZ,鞍钢股份,2013-12-05,2.2952,2.3086,2.2482,2.2617,11764404,0.1913,20721764884.09,24381302444.39,-109.8257,
000898.SZ,鞍钢股份,2013-12-06,2.2549,2.2751,2.2281,2.2549,12853140,0.209,20660275967.52,24308954365.92,-109.4998,
000898.SZ,鞍钢股份,2013-12-09,2.2482,2.2617,2.208,2.2147,20409474,0.3319,20291342468.1,23874865895.1,-107.5444,
000898.SZ,鞍钢股份,2013-12-10,2.2147,2.2415,2.208,2.2281,11252087,0.183,20414320301.24,24019562052.04,-108.1962,
000898.SZ,鞍钢股份,2013-12-11,2.2147,2.2214,2.114,2.1476,16285612,0.2649,19676453302.4,23151385110.4,-104.2855,
000898.SZ,鞍钢股份,2013-12-12,2.1341,2.1677,2.1274,2.1677,6553846,0.1066,19860920052.11,23368429345.81,-105.2632,
000898.SZ,鞍钢股份,2013-12-13,2.1543,2.2214,2.1476,2.1945,11455304,0.1863,20106875718.39,23657821659.69,-106.5668,
000898.SZ,鞍钢股份,2013-12-16,2.1878,2.2012,2.1274,2.1476,8957482,0.1457,19676453302.4,23151385110.4,-104.2855,
000898.SZ,鞍钢股份,2013-12-17,2.161,2.1677,2.1207,2.1408,5912417,0.0962,19614964385.83,23079037031.93,-103.9596,
000898.SZ,鞍钢股份,2013-12-18,2.1408,2.1543,2.1274,2.1408,3786229,0.0616,19614964385.83,23079037031.93,-103.9596,
000898.SZ,鞍钢股份,2013-12-19,2.1543,2.1677,2.1207,2.1207,5804286,0.0944,19430497636.12,22861992796.52,-102.9819,
000898.SZ,鞍钢股份,2013-12-20,2.1274,2.1274,2.067,2.0939,8707760,0.1416,19184541969.84,22572600482.64,-101.6784,
000898.SZ,鞍钢股份,2013-12-23,2.0939,2.1073,2.067,2.0939,6205868,0.1009,19184541969.84,22572600482.64,-101.6784,
000898.SZ,鞍钢股份,2013-12-24,2.0939,2.1207,2.067,2.0939,7427328,0.1208,19184541969.84,22572600482.64,-101.6784,
000898.SZ,鞍钢股份,2013-12-25,2.0939,2.1207,2.0804,2.114,3978849,0.0647,19369008719.55,22789644718.05,-102.6561,
000898.SZ,鞍钢股份,2013-12-26,2.114,2.114,2.0804,2.0804,5714894,0.0929,19061564136.7,22427904325.7,-101.0266,
000898.SZ,鞍钢股份,2013-12-27,2.0872,2.161,2.0804,2.1543,10504412,0.1708,19737942218.97,23223733188.87,-104.6114,
000898.SZ,鞍钢股份,2013-12-30,2.1543,2.1677,2.1207,2.1274,3939365,0.0641,19491986552.69,22934340874.99,-103.3078,
000898.SZ,鞍钢股份,2013-12-31,2.1341,2.161,2.1274,2.1543,4963733,0.0807,19737981669.87,23223733188.87,-104.6114,
000898.SZ,鞍钢股份,2014-01-02,2.1476,2.1543,2.1274,2.1408,3661462,0.0595,19615003590.93,23079037031.93,-103.9596,
000898.SZ,鞍钢股份,2014-01-03,2.1341,2.1408,2.1006,2.1274,4227828,0.0688,19492025511.99,22934340874.99,-103.3078,
000898.SZ,鞍钢股份,2014-01-06,2.1274,2.1274,2.067,2.067,6502705,0.1058,18938624156.76,22283208168.76,-100.3748,
000898.SZ,鞍钢股份,2014-01-07,2.067,2.0804,2.0603,2.0804,3658281,0.0595,19061602235.7,22427904325.7,-101.0266,
000898.SZ,鞍钢股份,2014-01-08,2.0804,2.0939,2.0402,2.0469,5492658,0.0893,18754157038.35,22066163933.35,-99.3971,
000898.SZ,鞍钢股份,2014-01-09,2.0402,2.0469,1.9999,1.9999,6430463,0.1046,18323733762.06,21559727384.06,-97.1159,
000898.SZ,鞍钢股份,2014-01-10,1.9932,1.9999,1.9529,1.9664,5205520,0.0847,18016288564.71,21197986991.71,-95.4864,
000898.SZ,鞍钢股份,2014-01-13,1.9664,1.9932,1.9596,1.9596,3628166,0.059,17954799525.24,21125638913.24,-95.1605,
000898.SZ,鞍钢股份,2014-01-14,1.9596,1.9865,1.9596,1.9865,2918079,0.0475,18200755683.12,21415031227.12,-96.4641,
000898.SZ,鞍钢股份,2014-01-15,1.9798,1.9932,1.9731,1.9865,2964170,0.0482,18200755683.12,21415031227.12,-96.4641,
000898.SZ,鞍钢股份,2014-01-16,1.9932,2.02,1.9798,2.0066,3910648,0.0636,18385222801.53,21632075462.53,-97.4418,
000898.SZ,鞍钢股份,2014-01-17,1.9999,2.0133,1.9596,1.9731,4041126,0.0657,18077777604.18,21270335070.18,-95.8123,
000898.SZ,鞍钢股份,2014-01-20,1.9731,1.9798,1.9529,1.9798,2765220,0.045,18139266643.65,21342683148.65,-96.1382,
000898.SZ,鞍钢股份,2014-01-21,1.9731,1.9999,1.9731,1.9798,3012281,0.049,18139266643.65,21342683148.65,-96.1382,
000898.SZ,鞍钢股份,2014-01-22,1.9932,2.0536,1.9932,2.0469,8850577,0.1439,18754157038.35,22066163933.35,-99.3971,
000898.SZ,鞍钢股份,2014-01-23,2.0469,2.0469,2.0133,2.0268,5697281,0.0927,18569689919.94,21849119697.94,-98.4195,
000898.SZ,鞍钢股份,2014-01-24,2.02,2.0469,2.0133,2.0268,5604062,0.0911,18569689919.94,21849119697.94,-98.4195,
000898.SZ,鞍钢股份,2014-01-27,2.0133,2.0133,1.9731,1.9798,8183083,0.1331,18139266643.65,21342683148.65,-96.1382,
000898.SZ,鞍钢股份,2014-01-28,1.9798,1.9932,1.9664,1.9798,3728275,0.0606,18139266643.65,21342683148.65,-96.1382,
000898.SZ,鞍钢股份,2014-01-29,1.9865,1.9932,1.9664,1.9798,7327042,0.1192,18139266643.65,21342683148.65,-96.1382,
000898.SZ,鞍钢股份,2014-01-30,1.9731,1.9731,1.9596,1.9664,4107831,0.0668,18016288564.71,21197986991.71,-95.4864,
000898.SZ,鞍钢股份,2014-02-07,1.9529,1.9798,1.9462,1.9798,4169764,0.0678,18139266643.65,21342683148.65,-96.1382,
000898.SZ,鞍钢股份,2014-02-10,1.9731,2.0133,1.9664,2.0066,10408155,0.1693,18385222801.53,21632075462.53,-97.4418,
000898.SZ,鞍钢股份,2014-02-11,2.0066,2.02,1.9865,2.0133,7556114,0.1229,18446711841,21704423541,-97.7677,
000898.SZ,鞍钢股份,2014-02-12,2.0133,2.02,1.9932,2.0133,8213039,0.1336,18446711841,21704423541,-97.7677,
000898.SZ,鞍钢股份,2014-02-13,2.0066,2.0066,1.9798,1.9865,12191803,0.1983,18200755683.12,21415031227.12,-96.4641,
000898.SZ,鞍钢股份,2014-02-14,1.9865,1.9999,1.9798,1.9999,8473344,0.1378,18323733762.06,21559727384.06,-97.1159,
000898.SZ,鞍钢股份,2014-02-17,1.9999,2.02,1.9999,2.0133,7660761,0.1246,18446711841,21704423541,-97.7677,
000898.SZ,鞍钢股份,2014-02-18,2.0133,2.02,1.9865,1.9999,7533735,0.1225,18323733762.06,21559727384.06,-97.1159,
000898.SZ,鞍钢股份,2014-02-19,1.9999,2.0133,1.9865,2.0066,9334519,0.1518,18385222801.53,21632075462.53,-97.4418,
000898.SZ,鞍钢股份,2014-02-20,2.0066,2.02,1.9999,1.9999,13614280,0.2214,18323733762.06,21559727384.06,-97.1159,
000898.SZ,鞍钢股份,2014-02-21,2.0066,2.0066,1.9664,1.9664,9697839,0.1577,18016288564.71,21197986991.71,-95.4864,
000898.SZ,鞍钢股份,2014-02-24,1.9596,1.9664,1.906,1.9127,13196203,0.2146,17524376248.95,20619202363.95,-92.8793,
000898.SZ,鞍钢股份,2014-02-25,1.9127,1.9194,1.8657,1.8791,7954560,0.1294,17216931051.6,20257461971.6,-91.2498,
000898.SZ,鞍钢股份,2014-02-26,1.8791,1.8791,1.8456,1.859,7979713,0.1298,17032463933.19,20040417736.19,-90.2722,
000898.SZ,鞍钢股份,2014-02-27,1.859,1.8791,1.859,1.8657,6607235,0.1075,17093952972.66,20112765814.66,-90.598,
000898.SZ,鞍钢股份,2014-02-28,1.8657,1.8858,1.8523,1.8791,6288912,0.1023,17216931051.6,20257461971.6,-91.2498,
000898.SZ,鞍钢股份,2014-03-03,1.8791,1.9127,1.8724,1.8992,4801199,0.0781,17401398170.01,20474506207.01,-92.2275,
000898.SZ,鞍钢股份,2014-03-04,1.8858,1.8925,1.8724,1.8925,5032780,0.0818,17339909130.54,20402158128.54,-91.9016,
000898.SZ,鞍钢股份,2014-03-05,1.8925,1.906,1.8791,1.8992,5836259,0.0949,17401398170.01,20474506207.01,-92.2275,
000898.SZ,鞍钢股份,2014-03-06,1.8925,1.8992,1.8657,1.8925,4409381,0.0717,17339909130.54,20402158128.54,-91.9016,
000898.SZ,鞍钢股份,2014-03-07,1.8858,1.906,1.8791,1.8992,4224140,0.0687,17401398170.01,20474506207.01,-92.2275,
000898.SZ,鞍钢股份,2014-03-10,1.8925,1.9529,1.8724,1.8791,13865249,0.2255,17216931051.6,20257461971.6,-91.2498,
000898.SZ,鞍钢股份,2014-03-11,1.8791,1.906,1.8657,1.8992,5937371,0.0966,17401398170.01,20474506207.01,-92.2275,
000898.SZ,鞍钢股份,2014-03-12,1.8992,1.906,1.8724,1.8858,9275669,0.1509,17278420091.07,20329810050.07,-91.5757,
000898.SZ,鞍钢股份,2014-03-13,1.8925,1.9395,1.8925,1.9127,12857023,0.2091,17524376248.95,20619202363.95,-92.8793,
000898.SZ,鞍钢股份,2014-03-14,1.906,1.906,1.8791,1.8925,9965657,0.1621,17339909130.54,20402158128.54,-91.9016,
000898.SZ,鞍钢股份,2014-03-17,1.8925,1.9127,1.8858,1.906,11777795,0.1915,17462887209.48,20546854285.48,-92.5534,
000898.SZ,鞍钢股份,2014-03-18,1.9127,1.9127,1.8992,1.906,6969497,0.1133,17462887209.48,20546854285.48,-92.5534,
000898.SZ,鞍钢股份,2014-03-19,1.906,1.9127,1.8858,1.9127,7989934,0.1299,17524376248.95,20619202363.95,-92.8793,
000898.SZ,鞍钢股份,2014-03-20,1.9127,1.9194,1.8992,1.906,6022332,0.0979,17462887209.48,20546854285.48,-92.5534,
000898.SZ,鞍钢股份,2014-03-21,1.8992,1.9462,1.8992,1.9462,11345903,0.1845,17831821446.3,20980942756.3,-94.5088,
000898.SZ,鞍钢股份,2014-03-24,1.9395,1.9865,1.9328,1.9798,18635199,0.3031,18139266643.65,21342683148.65,-96.1382,
000898.SZ,鞍钢股份,2014-03-25,1.9731,1.9798,1.9529,1.9596,10974703,0.1785,17954799525.24,21125638913.24,-95.1605,
000898.SZ,鞍钢股份,2014-03-26,1.9664,1.9798,1.9596,1.9664,6259607,0.1018,18016288564.71,21197986991.71,-95.4864,
000898.SZ,鞍钢股份,2014-03-27,1.9664,1.9731,1.9395,1.9462,9753133,0.1586,17831821446.3,20980942756.3,-94.5088,
000898.SZ,鞍钢股份,2014-03-28,1.9462,1.9865,1.9462,1.9865,14488573,0.2356,18200755683.12,21415031227.12,-96.4641,
000898.SZ,鞍钢股份,2014-03-31,1.9999,1.9999,1.9261,1.9395,16290014,0.2649,17770332406.83,20908594677.83,27.154,
000898.SZ,鞍钢股份,2014-04-01,1.9194,1.9529,1.9127,1.9462,9033462,0.1469,17831821446.3,20980942756.3,27.248,
000898.SZ,鞍钢股份,2014-04-02,1.9395,1.9999,1.9395,1.9999,17997160,0.2927,18323733762.06,21559727384.06,27.9996,
000898.SZ,鞍钢股份,2014-04-03,1.9932,1.9932,1.9529,1.9664,11577279,0.1883,18016288564.71,21197986991.71,27.5299,
000898.SZ,鞍钢股份,2014-04-04,1.9731,1.9798,1.9529,1.9731,5477733,0.0891,18077777604.18,21270335070.18,27.6238,
000898.SZ,鞍钢股份,2014-04-08,1.9664,2.0066,1.9596,1.9999,13180081,0.2143,18323733762.06,21559727384.06,27.9996,
000898.SZ,鞍钢股份,2014-04-09,1.9999,1.9999,1.9999,1.9999,--,--,18323733762.06,21559727384.06,27.9996,
000898.SZ,鞍钢股份,2014-04-10,1.9932,2.2012,1.9664,2.2012,75614657,1.2297,20168404946.16,23730169738.16,30.8184,
000898.SZ,鞍钢股份,2014-04-11,2.2281,2.3623,2.208,2.2415,149541160,2.432,20537339182.98,24164258208.98,31.3822,
000898.SZ,鞍钢股份,2014-04-14,2.2012,2.2012,2.1408,2.1677,57556302,0.936,19860959748.81,23368429345.81,30.3486,
000898.SZ,鞍钢股份,2014-04-15,2.1476,2.1744,2.1006,2.1207,52302507,0.8506,19430536472.52,22861992796.52,29.6909,
000898.SZ,鞍钢股份,2014-04-16,2.1073,2.1341,2.0939,2.114,24834413,0.4039,19369047433.05,22789644718.05,29.5969,
000898.SZ,鞍钢股份,2014-04-17,2.1207,2.1274,2.067,2.0737,29317857,0.4768,19000113196.23,22355556247.23,29.0332,
000898.SZ,鞍钢股份,2014-04-18,2.0603,2.0939,2.0469,2.0804,15866949,0.258,19061602235.7,22427904325.7,29.1271,
000898.SZ,鞍钢股份,2014-04-21,2.0603,2.1006,2.0402,2.0469,19248416,0.313,18754157038.35,22066163933.35,28.6574,
000898.SZ,鞍钢股份,2014-04-22,2.0469,2.0536,2.0133,2.0335,21538164,0.3503,18631178959.41,21921467776.41,28.4694,
000898.SZ,鞍钢股份,2014-04-23,2.0268,2.0402,2.0133,2.02,12253313,0.1993,18508200880.47,21776771619.47,28.2815,
000898.SZ,鞍钢股份,2014-04-24,2.02,2.0402,1.9999,2.02,11493782,0.1869,18508200880.47,21776771619.47,28.2815,
000898.SZ,鞍钢股份,2014-04-25,2.0133,2.0268,1.9798,1.9798,15285883,0.2486,18139266643.65,21342683148.65,27.7178,
000898.SZ,鞍钢股份,2014-04-28,1.9596,1.9731,1.8858,1.906,20980937,0.3412,17462887209.48,20546854285.48,39.8195,
000898.SZ,鞍钢股份,2014-04-29,1.8992,1.9261,1.8992,1.9194,12605621,0.205,17585865288.42,20691550442.42,40.0999,
000898.SZ,鞍钢股份,2014-04-30,1.9395,1.9664,1.906,1.9194,19435127,0.3161,17585865288.42,20691550442.42,40.0999,
000898.SZ,鞍钢股份,2014-05-05,1.906,1.9328,1.8925,1.9261,11335761,0.1844,17647354327.89,20763898520.89,40.2401,
000898.SZ,鞍钢股份,2014-05-06,1.9194,1.9529,1.9127,1.9261,9867861,0.1605,17647354327.89,20763898520.89,40.2401,
000898.SZ,鞍钢股份,2014-05-07,1.9328,1.9328,1.8925,1.8925,11817391,0.1922,17339909130.54,20402158128.54,39.5391,
000898.SZ,鞍钢股份,2014-05-08,1.8858,1.9194,1.8858,1.8992,11445724,0.1861,17401398170.01,20474506207.01,39.6793,
000898.SZ,鞍钢股份,2014-05-09,1.8992,1.9127,1.8925,1.906,7859167,0.1278,17462887209.48,20546854285.48,39.8195,
000898.SZ,鞍钢股份,2014-05-12,1.9194,1.9798,1.906,1.9664,25722504,0.4183,18016288564.71,21197986991.71,41.0814,
000898.SZ,鞍钢股份,2014-05-13,1.9596,1.9731,1.9395,1.9462,13841410,0.2251,17831821446.3,20980942756.3,40.6607,
000898.SZ,鞍钢股份,2014-05-14,1.9462,1.9731,1.9395,1.9596,10656492,0.1733,17954799525.24,21125638913.24,40.9412,
000898.SZ,鞍钢股份,2014-05-15,1.9596,1.9596,1.9127,1.9127,16939126,0.2755,17524376248.95,20619202363.95,39.9597,
000898.SZ,鞍钢股份,2014-05-16,1.906,1.9261,1.906,1.9194,5863620,0.0954,17585865288.42,20691550442.42,40.0999,
000898.SZ,鞍钢股份,2014-05-19,1.9194,1.9194,1.8992,1.906,6867695,0.1117,17462887209.48,20546854285.48,39.8195,
000898.SZ,鞍钢股份,2014-05-20,1.9127,1.9261,1.8791,1.8925,16152702,0.2627,17339909130.54,20402158128.54,39.5391,
000898.SZ,鞍钢股份,2014-05-21,1.8791,1.8992,1.8657,1.8992,12369370,0.2012,17401398170.01,20474506207.01,39.6793,
000898.SZ,鞍钢股份,2014-05-22,1.8992,1.9127,1.8925,1.8925,9454448,0.1538,17339909130.54,20402158128.54,39.5391,
000898.SZ,鞍钢股份,2014-05-23,1.8992,1.9127,1.8858,1.906,7863484,0.1279,17462887209.48,20546854285.48,39.8195,
000898.SZ,鞍钢股份,2014-05-26,1.906,1.9127,1.8992,1.9127,8321508,0.1353,17524376248.95,20619202363.95,39.9597,
000898.SZ,鞍钢股份,2014-05-27,1.906,1.9127,1.8992,1.8992,5274285,0.0858,17401398170.01,20474506207.01,39.6793,
000898.SZ,鞍钢股份,2014-05-28,1.8992,1.9127,1.8925,1.9127,10046041,0.1634,17524376248.95,20619202363.95,39.9597,
000898.SZ,鞍钢股份,2014-05-29,1.906,1.9127,1.8791,1.8858,11204631,0.1822,17278420091.07,20329810050.07,39.3989,
000898.SZ,鞍钢股份,2014-05-30,1.8791,1.8925,1.8791,1.8791,14722857,0.2394,17216931051.6,20257461971.6,39.2586,
000898.SZ,鞍钢股份,2014-06-03,1.8791,1.8992,1.8724,1.8858,13195470,0.2146,17278420091.07,20329810050.07,39.3989,
000898.SZ,鞍钢股份,2014-06-04,1.8858,1.8925,1.8724,1.8791,11750800,0.1911,17216931051.6,20257461971.6,39.2586,
000898.SZ,鞍钢股份,2014-06-05,1.8791,1.8925,1.8724,1.8858,12381911,0.2014,17278420091.07,20329810050.07,39.3989,
000898.SZ,鞍钢股份,2014-06-06,1.8858,1.8925,1.8724,1.8925,10999194,0.1789,17339909130.54,20402158128.54,39.5391,
000898.SZ,鞍钢股份,2014-06-09,1.8858,1.8992,1.8791,1.8925,8248774,0.1342,17339909130.54,20402158128.54,39.5391,
000898.SZ,鞍钢股份,2014-06-10,1.8925,1.9127,1.8858,1.906,11409295,0.1856,17462887209.48,20546854285.48,39.8195,
000898.SZ,鞍钢股份,2014-06-11,1.8992,1.9127,1.8925,1.906,7879425,0.1281,17462887209.48,20546854285.48,39.8195,
000898.SZ,鞍钢股份,2014-06-12,1.9127,1.9261,1.8992,1.9261,14132824,0.2298,17647354327.89,20763898520.89,40.2401,
000898.SZ,鞍钢股份,2014-06-13,1.9194,1.9328,1.9127,1.9261,10019226,0.1629,17647354327.89,20763898520.89,40.2401,
000898.SZ,鞍钢股份,2014-06-16,1.9261,1.9529,1.9261,1.9529,15730996,0.2558,17893310485.77,21053290834.77,40.801,
000898.SZ,鞍钢股份,2014-06-17,1.9462,1.9462,1.9261,1.9261,14608280,0.2376,17647354327.89,20763898520.89,40.2401,
000898.SZ,鞍钢股份,2014-06-18,1.9261,1.9395,1.9194,1.9328,11160420,0.1815,17708843367.36,20836246599.36,40.3803,
000898.SZ,鞍钢股份,2014-06-19,1.9261,1.9529,1.9194,1.9194,20185828,0.3283,17585865288.42,20691550442.42,40.0999,
000898.SZ,鞍钢股份,2014-06-20,1.9127,1.9529,1.9127,1.9462,11944554,0.1943,17831821446.3,20980942756.3,40.6607,
000898.SZ,鞍钢股份,2014-06-23,1.9462,1.9529,1.9328,1.9395,5517864,0.0897,17770332406.83,20908594677.83,40.5205,
000898.SZ,鞍钢股份,2014-06-24,1.9395,1.9731,1.9395,1.9529,13102961,0.2131,17893310485.77,21053290834.77,40.801,
000898.SZ,鞍钢股份,2014-06-25,1.9529,1.9664,1.9395,1.9596,10779680,0.1753,17954799525.24,21125638913.24,40.9412,
000898.SZ,鞍钢股份,2014-06-26,1.9596,1.9865,1.9529,1.9865,12079841,0.1965,18200755683.12,21415031227.12,41.502,
000898.SZ,鞍钢股份,2014-06-27,1.9865,2.1073,1.9798,2.0737,49802369,0.8099,19000113196.23,22355556247.23,43.3247,
000898.SZ,鞍钢股份,2014-06-30,2.0737,2.1551,2.0602,2.067,30646826,0.4984,18754256163.35,22066163933.35,42.7639,
000898.SZ,鞍钢股份,2014-07-01,2.067,2.0805,2.0466,2.0737,11179239,0.1818,18815745527.82,22138512011.82,42.9041,
000898.SZ,鞍钢股份,2014-07-02,2.067,2.0873,2.0466,2.0805,12313923,0.2003,18877234892.29,22210860090.29,43.0443,
000898.SZ,鞍钢股份,2014-07-03,2.0805,2.1415,2.0737,2.128,20867928,0.3394,19307660443.58,22717296639.58,44.0258,
000898.SZ,鞍钢股份,2014-07-04,2.1212,2.128,2.0873,2.1008,10855043,0.1765,19061702985.7,22427904325.7,43.4649,
000898.SZ,鞍钢股份,2014-07-07,2.0941,2.1144,2.0805,2.1076,7353021,0.1196,19123192350.17,22500252404.17,43.6051,
000898.SZ,鞍钢股份,2014-07-08,2.1076,2.1144,2.0805,2.1008,6722737,0.1093,19061702985.7,22427904325.7,43.4649,
000898.SZ,鞍钢股份,2014-07-09,2.1008,2.1008,2.0534,2.0602,11512142,0.1872,18692766798.88,21993815854.88,42.6237,
000898.SZ,鞍钢股份,2014-07-10,2.0534,2.067,2.0399,2.0534,9257996,0.1506,18631277434.41,21921467776.41,42.4835,
000898.SZ,鞍钢股份,2014-07-11,2.0466,2.1212,2.0466,2.1212,15455375,0.2514,19246171079.11,22644948561.11,43.8856,
000898.SZ,鞍钢股份,2014-07-14,2.1212,2.1686,2.1076,2.1618,12626947,0.2054,19615107265.93,23079037031.93,44.7268,
000898.SZ,鞍钢股份,2014-07-15,2.1551,2.277,2.1483,2.1889,43518585,0.7077,19861064723.81,23368429345.81,45.2877,
000898.SZ,鞍钢股份,2014-07-16,2.1889,2.2499,2.1618,2.2025,26077866,0.4241,19984043452.75,23513125502.75,45.5681,
000898.SZ,鞍钢股份,2014-07-17,2.1889,2.2025,2.128,2.1483,19518293,0.3174,19492128536.99,22934340874.99,44.4464,
000898.SZ,鞍钢股份,2014-07-18,2.1415,2.1754,2.128,2.1686,13856638,0.2254,19676596630.4,23151385110.4,44.867,
000898.SZ,鞍钢股份,2014-07-21,2.1551,2.1754,2.128,2.1618,19223544,0.3126,19615107265.93,23079037031.93,44.7268,
000898.SZ,鞍钢股份,2014-07-22,2.1551,2.1822,2.1415,2.1754,8029916,0.1306,19738085994.87,23223733188.87,45.0072,
000898.SZ,鞍钢股份,2014-07-23,2.1686,2.2567,2.1618,2.1957,17875316,0.2907,19922554088.28,23440777424.28,45.4279,
000898.SZ,鞍钢股份,2014-07-24,2.1889,2.2296,2.1822,2.2228,14342020,0.2332,20168511546.16,23730169738.16,45.9887,
000898.SZ,鞍钢股份,2014-07-25,2.2161,2.2567,2.2161,2.2567,20866905,0.3394,20475958368.51,24091910130.51,46.6897,
000898.SZ,鞍钢股份,2014-07-28,2.2567,2.3245,2.2567,2.2838,25692567,0.4178,20721915826.39,24381302444.39,47.2506,
000898.SZ,鞍钢股份,2014-07-29,2.2838,2.2838,2.2296,2.2635,22069304,0.3589,20537447732.98,24164258208.98,46.83,
000898.SZ,鞍钢股份,2014-07-30,2.2499,2.2838,2.2432,2.2703,20175058,0.3281,20598937097.45,24236606287.45,46.9702,
000898.SZ,鞍钢股份,2014-07-31,2.2567,2.3651,2.2499,2.338,31780042,0.5168,21213830742.15,24960087072.15,48.3723,
000898.SZ,鞍钢股份,2014-08-01,2.3245,2.3651,2.3177,2.3245,28058197,0.4563,21090852013.21,24815390915.21,48.0918,
000898.SZ,鞍钢股份,2014-08-04,2.3245,2.4058,2.3109,2.4058,29250998,0.4757,21828724386.85,25683567856.85,49.7744,
000898.SZ,鞍钢股份,2014-08-05,2.4058,2.5007,2.3923,2.4329,38980015,0.6339,22074681844.73,25972960170.73,50.3352,
000898.SZ,鞍钢股份,2014-08-06,2.4261,2.4668,2.3787,2.4329,30588101,0.4975,22074681844.73,25972960170.73,50.3352,
000898.SZ,鞍钢股份,2014-08-07,2.4261,2.46,2.399,2.4058,25584311,0.4161,21828724386.85,25683567856.85,49.7744,
000898.SZ,鞍钢股份,2014-08-08,2.3923,2.4058,2.3448,2.4058,22151349,0.3602,21828724386.85,25683567856.85,49.7744,
000898.SZ,鞍钢股份,2014-08-11,2.3855,2.4532,2.3787,2.4329,21326830,0.3468,22074681844.73,25972960170.73,50.3352,
000898.SZ,鞍钢股份,2014-08-12,2.4329,2.4532,2.4194,2.4329,13381345,0.2176,22074681844.73,25972960170.73,50.3352,
000898.SZ,鞍钢股份,2014-08-13,2.4329,2.4329,2.3651,2.4058,28024033,0.4558,21828724386.85,25683567856.85,49.7744,
000898.SZ,鞍钢股份,2014-08-14,2.3923,2.3923,2.3448,2.3516,30403130,0.4944,21336809471.09,25104783229.09,38.9221,
000898.SZ,鞍钢股份,2014-08-15,2.3448,2.3651,2.3177,2.3584,19016521,0.3093,21398298835.56,25177131307.56,39.0343,
000898.SZ,鞍钢股份,2014-08-18,2.3584,2.3787,2.3448,2.3651,10276493,0.1671,21459788200.03,25249479386.03,39.1465,
000898.SZ,鞍钢股份,2014-08-19,2.3651,2.4397,2.3651,2.4329,21975208,0.3574,22074681844.73,25972960170.73,40.2682,
000898.SZ,鞍钢股份,2014-08-20,2.4261,2.4329,2.3719,2.4058,21082976,0.3429,21828724386.85,25683567856.85,39.8195,
000898.SZ,鞍钢股份,2014-08-21,2.3923,2.399,2.3448,2.3719,13528919,0.22,21521277564.5,25321827464.5,39.2586,
000898.SZ,鞍钢股份,2014-08-22,2.3651,2.3787,2.3448,2.3719,8700123,0.1415,21521277564.5,25321827464.5,39.2586,
000898.SZ,鞍钢股份,2014-08-25,2.3787,2.3787,2.3313,2.338,12850646,0.209,21213830742.15,24960087072.15,38.6978,
000898.SZ,鞍钢股份,2014-08-26,2.3313,2.338,2.277,2.2838,16805651,0.2733,20721915826.39,24381302444.39,37.8005,
000898.SZ,鞍钢股份,2014-08-27,2.2838,2.3245,2.277,2.3177,11770412,0.1914,21029362648.74,24743042836.74,38.3613,
000898.SZ,鞍钢股份,2014-08-28,2.2974,2.3109,2.2635,2.2703,10374919,0.1687,20598937097.45,24236606287.45,37.5761,
000898.SZ,鞍钢股份,2014-08-29,2.2703,2.2838,2.2499,2.2838,7316708,0.119,20721915826.39,24381302444.39,37.8005,
000898.SZ,鞍钢股份,2014-09-01,2.2838,2.3109,2.277,2.3042,8937281,0.1453,20906383919.8,24598346679.8,38.137,
000898.SZ,鞍钢股份,2014-09-02,2.3109,2.3516,2.2906,2.338,15117602,0.2459,21213830742.15,24960087072.15,38.6978,
000898.SZ,鞍钢股份,2014-09-03,2.338,2.4058,2.338,2.3584,37630131,0.612,21398298835.56,25177131307.56,39.0343,
000898.SZ,鞍钢股份,2014-09-04,2.3584,2.4126,2.3448,2.399,33882149,0.551,21767235022.38,25611219778.38,39.7073,
000898.SZ,鞍钢股份,2014-09-05,2.3923,2.3923,2.3448,2.3787,30679336,0.4989,21582766928.97,25394175542.97,39.3708,
000898.SZ,鞍钢股份,2014-09-09,2.3719,2.399,2.3584,2.3855,21813480,0.3548,21644256293.44,25466523621.44,39.483,
000898.SZ,鞍钢股份,2014-09-10,2.3787,2.4194,2.3448,2.3923,32730448,0.5323,21705745657.91,25538871699.91,39.5951,
000898.SZ,鞍钢股份,2014-09-11,2.3855,2.399,2.3448,2.3516,26988234,0.4389,21336809471.09,25104783229.09,38.9221,
000898.SZ,鞍钢股份,2014-09-12,2.3516,2.3651,2.338,2.3584,15777458,0.2566,21398298835.56,25177131307.56,39.0343,
000898.SZ,鞍钢股份,2014-09-15,2.3584,2.3855,2.3516,2.3787,25802889,0.4196,21582766928.97,25394175542.97,39.3708,
000898.SZ,鞍钢股份,2014-09-16,2.3787,2.4871,2.3787,2.3855,70470577,1.1461,21644256293.44,25466523621.44,39.483,
000898.SZ,鞍钢股份,2014-09-17,2.3719,2.3787,2.3245,2.3651,27514584,0.4475,21459788200.03,25249479386.03,39.1465,
000898.SZ,鞍钢股份,2014-09-18,2.3584,2.4126,2.3448,2.399,26408377,0.4295,21767235022.38,25611219778.38,39.7073,
000898.SZ,鞍钢股份,2014-09-19,2.3923,2.4194,2.3719,2.399,15973661,0.2598,21767235022.38,25611219778.38,39.7073,
000898.SZ,鞍钢股份,2014-09-22,2.399,2.4058,2.3245,2.3313,20682783,0.3364,21152341377.68,24887738993.68,38.5856,
000898.SZ,鞍钢股份,2014-09-23,2.3245,2.3516,2.3177,2.338,14345902,0.2333,21213830742.15,24960087072.15,38.6978,
000898.SZ,鞍钢股份,2014-09-24,2.3313,2.3787,2.3245,2.3719,20559378,0.3344,21521277564.5,25321827464.5,39.2586,
000898.SZ,鞍钢股份,2014-09-25,2.3855,2.4126,2.3719,2.3855,27302388,0.444,21644256293.44,25466523621.44,39.483,
000898.SZ,鞍钢股份,2014-09-26,2.3719,2.399,2.3516,2.3787,27135145,0.4413,21582766928.97,25394175542.97,39.3708,
000898.SZ,鞍钢股份,2014-09-29,2.3855,2.4058,2.3787,2.3855,33663137,0.5475,21644256293.44,25466523621.44,39.483,
000898.SZ,鞍钢股份,2014-09-30,2.3923,2.4058,2.3787,2.3923,23851835,0.3879,21705745657.91,25538871699.91,39.5951,
000898.SZ,鞍钢股份,2014-10-08,2.3923,2.4532,2.3855,2.4397,50363018,0.8191,22136171209.2,26045308249.2,40.3803,
000898.SZ,鞍钢股份,2014-10-09,2.4329,2.4736,2.399,2.4668,57048141,0.9278,22382128667.08,26334700563.08,40.829,
000898.SZ,鞍钢股份,2014-10-10,2.4532,2.4871,2.4261,2.4668,44695998,0.7269,22382128667.08,26334700563.08,40.829,
000898.SZ,鞍钢股份,2014-10-13,2.46,2.4736,2.4329,2.46,43014731,0.6995,22320639302.61,26262352484.61,40.7168,
000898.SZ,鞍钢股份,2014-10-14,2.4532,2.5549,2.4465,2.5142,75909074,1.2345,22812554218.37,26841137112.37,41.6142,
000898.SZ,鞍钢股份,2014-10-15,2.5075,2.765,2.4736,2.765,136547789,2.2207,25087660703.76,29518016015.76,45.7644,
000898.SZ,鞍钢股份,2014-10-16,2.7853,2.948,2.6972,2.704,236353791,3.8438,24534256423.53,28866883309.53,44.7549,
000898.SZ,鞍钢股份,2014-10-17,2.643,2.7108,2.5481,2.6091,91618812,1.49,23673405320.95,27854010210.95,43.1845,
000898.SZ,鞍钢股份,2014-10-20,2.6227,2.6972,2.5752,2.6769,78997809,1.2847,24288298965.65,28577490995.65,44.3062,
000898.SZ,鞍钢股份,2014-10-21,2.6498,2.6972,2.5752,2.582,63240223,1.0285,23427447863.07,27564617897.07,42.7358,
000898.SZ,鞍钢股份,2014-10-22,2.5752,2.6023,2.5278,2.5617,48698861,0.792,23242979769.66,27347573661.66,42.3993,
000898.SZ,鞍钢股份,2014-10-23,2.5549,2.5549,2.4736,2.4804,44072452,0.7167,22505107396.02,26479396720.02,41.0533,
000898.SZ,鞍钢股份,2014-10-24,2.4804,2.5075,2.46,2.4736,23235444,0.3779,22443618031.55,26407048641.55,40.9412,
000898.SZ,鞍钢股份,2014-10-27,2.4736,2.5278,2.46,2.5142,29877804,0.4859,22812554218.37,26841137112.37,28.9236,
000898.SZ,鞍钢股份,2014-10-28,2.5142,2.6362,2.4939,2.6159,62128808,1.0104,23734894685.42,27926358289.42,30.0931,
000898.SZ,鞍钢股份,2014-10-29,2.6362,2.765,2.582,2.7108,114681296,1.8651,24595745788,28939231388,31.1845,
000898.SZ,鞍钢股份,2014-10-30,2.7108,2.8124,2.6837,2.7311,108607559,1.7663,24780213881.41,29156275623.41,31.4184,
000898.SZ,鞍钢股份,2014-10-31,2.7921,2.9073,2.7243,2.7718,134626535,2.1894,25149150068.23,29590364094.23,31.8862,
000898.SZ,鞍钢股份,2014-11-03,2.7582,2.8802,2.7311,2.8599,111217064,1.8087,25948511806.34,30530889114.34,32.8997,
000898.SZ,鞍钢股份,2014-11-04,2.8463,2.8599,2.7785,2.826,83502023,1.358,25641064983.99,30169148721.99,32.5099,
000898.SZ,鞍钢股份,2014-11-05,2.8192,2.8937,2.7514,2.7785,79920359,1.2997,25210639432.7,29662712172.7,31.9641,
000898.SZ,鞍钢股份,2014-11-06,2.7514,2.7989,2.7108,2.765,52178898,0.8486,25087660703.76,29518016015.76,31.8082,
000898.SZ,鞍钢股份,2014-11-07,2.765,2.8192,2.7108,2.7311,59780361,0.9722,24780213881.41,29156275623.41,31.4184,
000898.SZ,鞍钢股份,2014-11-10,2.7718,2.9141,2.7447,2.8802,121547251,1.9767,26132979899.75,30747933349.75,33.1335,
000898.SZ,鞍钢股份,2014-11-11,2.9005,3.0157,2.8192,2.8395,128257357,2.0858,25764043712.93,30313844878.93,32.6658,
000898.SZ,鞍钢股份,2014-11-12,2.8192,2.9141,2.7921,2.9073,65763528,1.0695,26378937357.63,31037325663.63,33.4454,
000898.SZ,鞍钢股份,2014-11-13,2.887,2.9615,2.826,2.9412,105637846,1.718,26686384179.98,31399066055.98,33.8352,
000898.SZ,鞍钢股份,2014-11-14,2.9073,2.9209,2.8328,2.8599,58253363,0.9474,25948511806.34,30530889114.34,32.8997,
000898.SZ,鞍钢股份,2014-11-17,2.8937,2.9005,2.7921,2.7989,50638326,0.8235,25395107526.11,29879756408.11,32.198,
000898.SZ,鞍钢股份,2014-11-18,2.7785,2.7921,2.7311,2.7379,47920896,0.7793,24841703245.88,29228623701.88,31.4964,
000898.SZ,鞍钢股份,2014-11-19,2.7175,2.7582,2.7175,2.7379,25128466,0.4087,24841703245.88,29228623701.88,31.4964,
000898.SZ,鞍钢股份,2014-11-20,2.7175,2.7582,2.7175,2.7311,21256442,0.3457,24780213881.41,29156275623.41,31.4184,
000898.SZ,鞍钢股份,2014-11-21,2.7311,2.8056,2.7243,2.7921,30441868,0.4951,25333618161.64,29807408329.64,32.1201,
000898.SZ,鞍钢股份,2014-11-24,2.8328,2.9005,2.7989,2.8666,63655422,1.0352,26010001170.81,30603237192.81,32.9776,
000898.SZ,鞍钢股份,2014-11-25,2.8666,2.9073,2.8328,2.887,54775910,0.8908,26194469264.22,30820281428.22,33.2115,
000898.SZ,鞍钢股份,2014-11-26,2.8937,2.9073,2.826,2.8531,62017365,1.0086,25887022441.87,30458541035.87,32.8217,
000898.SZ,鞍钢股份,2014-11-27,2.8666,2.8937,2.826,2.8666,55449756,0.9018,26010001170.81,30603237192.81,32.9776,
000898.SZ,鞍钢股份,2014-11-28,2.8666,2.9886,2.8463,2.9547,116180647,1.8894,26809362908.92,31543762212.92,33.9911,
000898.SZ,鞍钢股份,2014-12-01,2.9547,3.2529,2.9547,3.1648,183357741,2.9819,28715533207.49,33786552645.49,36.4079,
000898.SZ,鞍钢股份,2014-12-02,3.1716,3.3749,3.0699,3.2868,158483508,2.5774,29822341767.95,35088818057.95,37.8112,
000898.SZ,鞍钢股份,2014-12-03,3.2936,3.5443,3.2529,3.3546,170586697,2.7742,30437235412.65,35812298842.65,38.5908,
000898.SZ,鞍钢股份,2014-12-04,3.3478,3.5308,3.3004,3.5308,128533397,2.0903,32035958888.87,37693348882.87,40.6178,
000898.SZ,鞍钢股份,2014-12-05,3.5443,3.6866,3.2597,3.4088,130583913,2.1237,30929150328.41,36391083470.41,39.2145,
000898.SZ,鞍钢股份,2014-12-08,3.3952,3.6866,3.2936,3.6257,136426933,2.2187,32896809991.45,38706221981.45,41.7093,
000898.SZ,鞍钢股份,2014-12-09,3.5918,3.9848,3.5376,3.5579,189768000,3.0862,32281916346.75,37982741196.75,40.9297,
000898.SZ,鞍钢股份,2014-12-10,3.5511,3.829,3.4427,3.768,109517383,1.7811,34188086645.32,40225531629.32,43.3465,
000898.SZ,鞍钢股份,2014-12-11,3.7273,4.1339,3.6866,4.1204,147270639,2.3951,37385533597.76,43987631709.76,47.4005,
000898.SZ,鞍钢股份,2014-12-12,4.1204,4.1678,3.9442,4.0052,97879847,1.5918,36340214401.77,42757714375.77,46.0751,
000898.SZ,鞍钢股份,2014-12-15,3.9713,4.0052,3.7815,3.9035,76981186,1.2519,35417873934.72,41672493198.72,44.9057,
000898.SZ,鞍钢股份,2014-12-16,3.8628,4.0526,3.8493,3.9984,81033658,1.3178,36278725037.3,42685366297.3,45.9972,
000898.SZ,鞍钢股份,2014-12-17,3.9645,4.1271,3.8561,3.9645,93351599,1.5182,35971278214.95,42323625904.95,45.6074,
000898.SZ,鞍钢股份,2014-12-18,3.9916,4.0526,3.9035,3.9374,70732292,1.1503,35725320757.07,42034233591.07,45.2955,
000898.SZ,鞍钢股份,2014-12-19,3.9035,4.3033,3.8628,4.2695,155491882,2.5288,38738299616.1,45579289436.1,49.1156,
000898.SZ,鞍钢股份,2014-12-22,4.3305,4.6015,4.1746,4.2695,157713466,2.5649,38738299616.1,45579289436.1,49.1156,
000898.SZ,鞍钢股份,2014-12-23,4.222,4.222,3.9171,3.9238,88632617,1.4414,35602342028.13,41889537434.13,45.1396,
000898.SZ,鞍钢股份,2014-12-24,3.9238,3.9645,3.6866,3.768,79505430,1.293,34188086645.32,40225531629.32,43.3465,
000898.SZ,鞍钢股份,2014-12-25,3.768,3.9781,3.7544,3.9781,70094478,1.1399,36094256943.89,42468322061.89,45.7633,
000898.SZ,鞍钢股份,2014-12-26,3.9848,4.1068,3.9035,4.0865,76375811,1.2421,37078086775.41,43625891317.41,47.0107,
000898.SZ,鞍钢股份,2014-12-29,4.0865,4.1881,4.0187,4.0865,85707024,1.3939,37078086775.41,43625891317.41,47.0107,
000898.SZ,鞍钢股份,2014-12-30,4.1,4.1543,3.9916,4.039,67623966,1.0998,36647661224.12,43119454768.12,46.4649,
000898.SZ,鞍钢股份,2014-12-31,4.0594,4.1949,4.0458,4.1678,67923759,1.1046,37815943774.05,44494068259.05,47.9462,
000898.SZ,鞍钢股份,2015-01-05,4.1543,4.4389,4.1543,4.3914,114842166,1.8677,39845091976.56,46881554848.56,50.5189,
000898.SZ,鞍钢股份,2015-01-06,4.3305,4.3914,4.222,4.3033,79174143,1.2876,39045730563.45,45941029828.45,49.5054,
000898.SZ,鞍钢股份,2015-01-07,4.2695,4.4321,4.2288,4.3033,77403161,1.2588,39045730563.45,45941029828.45,49.5054,
000898.SZ,鞍钢股份,2015-01-08,4.3169,4.3237,4.0865,4.1,76859450,1.25,37201050379.35,43770587474.35,47.1666,
000898.SZ,鞍钢股份,2015-01-09,4.0729,4.1814,3.9713,3.9984,72859241,1.1849,36278710287.3,42685366297.3,45.9972,
000898.SZ,鞍钢股份,2015-01-12,3.9713,3.9713,3.8086,3.829,66141982,1.0757,34741476800.55,40876664335.55,44.0481,
000898.SZ,鞍钢股份,2015-01-13,3.8154,3.8628,3.7747,3.7951,37090230,0.6032,34434030103.2,40514923943.2,43.6583,
000898.SZ,鞍钢股份,2015-01-14,3.8154,3.8222,3.7341,3.7747,27676314,0.4501,34249562084.79,40297879707.79,43.4244,
000898.SZ,鞍钢股份,2015-01-15,3.7747,3.9645,3.7341,3.9442,53623743,0.8721,35786795571.54,42106581669.54,45.3735,
000898.SZ,鞍钢股份,2015-01-16,3.9374,3.9645,3.8967,3.9374,38652149,0.6286,35725306232.07,42034233591.07,45.2955,
000898.SZ,鞍钢股份,2015-01-19,3.7205,3.8086,3.5443,3.5443,61141097,0.9943,32158924542.81,37838045039.81,40.7738,
000898.SZ,鞍钢股份,2015-01-20,3.5376,3.6392,3.5172,3.5918,42225187,0.6867,32589349919.1,38344481589.1,41.3195,
000898.SZ,鞍钢股份,2015-01-21,3.6053,3.7612,3.5647,3.7273,52983099,0.8617,33819136708.5,39791443158.5,42.8787,
000898.SZ,鞍钢股份,2015-01-22,3.7273,3.8086,3.6866,3.7544,45061453,0.7328,34065094066.38,40080835472.38,43.1906,
000898.SZ,鞍钢股份,2015-01-23,3.7612,3.8357,3.6799,3.7138,42527887,0.6916,33696158029.56,39646747001.56,42.7228,
000898.SZ,鞍钢股份,2015-01-26,3.7273,3.8086,3.6934,3.8019,35355491,0.575,34495519442.67,40587272021.67,43.7363,
000898.SZ,鞍钢股份,2015-01-27,3.8019,3.8222,3.6866,3.7476,38424644,0.6249,34003604726.91,40008487393.91,43.1126,
000898.SZ,鞍钢股份,2015-01-28,3.7205,3.7341,3.6392,3.6595,31665486,0.515,33204243313.8,39067962373.8,42.0991,
000898.SZ,鞍钢股份,2015-01-29,3.6189,3.7273,3.5782,3.6799,46805693,0.7612,33388711332.21,39285006609.21,42.333,
000898.SZ,鞍钢股份,2015-01-30,3.6731,3.7409,3.5918,3.6121,29910598,0.4864,32773817937.51,38561525824.51,41.5534,
000898.SZ,鞍钢股份,2015-02-02,3.5308,3.5443,3.4427,3.4495,35873436,0.5834,31298073790.23,36825171941.23,39.6823,
000898.SZ,鞍钢股份,2015-02-03,3.4562,3.5172,3.4359,3.5104,27859033,0.4531,31851477845.46,37476304647.46,40.3839,
000898.SZ,鞍钢股份,2015-02-04,3.5376,3.6934,3.5376,3.5918,58421041,0.9501,32589349919.1,38344481589.1,41.3195,
000898.SZ,鞍钢股份,2015-02-05,3.6731,3.6731,3.463,3.4766,36983719,0.6015,31544031148.11,37114564255.11,39.9941,
000898.SZ,鞍钢股份,2015-02-06,3.4562,3.5511,3.3342,3.3478,45523034,0.7403,30375733698.18,35739950764.18,38.5129,
000898.SZ,鞍钢股份,2015-02-09,3.341,3.3952,3.28,3.3478,26294856,0.4276,30375733698.18,35739950764.18,38.5129,
000898.SZ,鞍钢股份,2015-02-10,3.3614,3.4562,3.3614,3.4291,28194650,0.4585,31113605771.82,36608127705.82,39.4484,
000898.SZ,鞍钢股份,2015-02-11,3.4088,3.4698,3.3952,3.4562,28089083,0.4568,31359563129.7,36897520019.7,39.7603,
000898.SZ,鞍钢股份,2015-02-12,3.4766,3.5037,3.4291,3.463,19158659,0.3116,31421052469.17,36969868098.17,39.8382,
000898.SZ,鞍钢股份,2015-02-13,3.5037,3.6663,3.4766,3.6121,56838270,0.9244,32773817937.51,38561525824.51,41.5534,
000898.SZ,鞍钢股份,2015-02-16,3.646,3.646,3.5714,3.6189,29893289,0.4862,32835307276.98,38633873902.98,41.6313,
000898.SZ,鞍钢股份,2015-02-17,3.6324,3.6866,3.6121,3.6528,27920955,0.4541,33142753974.33,38995614295.33,42.0211,
000898.SZ,鞍钢股份,2015-02-25,3.6528,3.7138,3.6392,3.6392,30543328,0.4967,33019775295.39,38850918138.39,41.8652,
000898.SZ,鞍钢股份,2015-02-26,3.6324,3.7205,3.5511,3.7138,46822707,0.7615,33696158029.56,39646747001.56,42.7228,
000898.SZ,鞍钢股份,2015-02-27,3.7002,3.768,3.6934,3.7409,41102533,0.6684,33942115387.44,39936139315.44,43.0346,
000898.SZ,鞍钢股份,2015-03-02,3.768,3.9509,3.7138,3.8561,61501204,1.0002,34987434158.43,41166056649.43,44.36,
000898.SZ,鞍钢股份,2015-03-03,3.829,3.8425,3.7002,3.707,46213939,0.7516,33634668690.09,39574398923.09,42.6448,
000898.SZ,鞍钢股份,2015-03-04,3.6866,3.7476,3.6731,3.7138,28429397,0.4623,33696158029.56,39646747001.56,42.7228,
000898.SZ,鞍钢股份,2015-03-05,3.7002,3.707,3.5782,3.6257,35195360,0.5724,32896796616.45,38706221981.45,41.7093,
000898.SZ,鞍钢股份,2015-03-06,3.6324,3.7138,3.6053,3.6528,28637367,0.4657,33142753974.33,38995614295.33,42.0211,
000898.SZ,鞍钢股份,2015-03-09,3.6324,3.6934,3.585,3.6866,34000207,0.5529,33450200671.68,39357354687.68,42.4109,
000898.SZ,鞍钢股份,2015-03-10,3.6799,3.7138,3.6528,3.6731,29803147,0.4847,33327221992.74,39212658530.74,42.255,
000898.SZ,鞍钢股份,2015-03-11,3.6663,3.707,3.6392,3.6528,26214009,0.4263,33142753974.33,38995614295.33,42.0211,
000898.SZ,鞍钢股份,2015-03-12,3.6528,3.7476,3.6528,3.7341,40039243,0.6512,33880626047.97,39863791236.97,42.9567,
000898.SZ,鞍钢股份,2015-03-13,3.7476,3.7951,3.7341,3.768,46079891,0.7494,34188072745.32,40225531629.32,43.3465,
000898.SZ,鞍钢股份,2015-03-16,3.7883,3.8425,3.7612,3.8222,46575824,0.7575,34679987461.08,40804316257.08,43.9702,
000898.SZ,鞍钢股份,2015-03-17,3.829,3.9374,3.829,3.9103,84951524,1.3816,35479348874.19,41744841277.19,44.9837,
000898.SZ,鞍钢股份,2015-03-18,3.9238,4.1678,3.9238,4.161,121816767,1.9811,37754454434.58,44421720180.58,47.8682,
000898.SZ,鞍钢股份,2015-03-19,4.1678,4.1746,4.0119,4.0526,96411810,1.5679,36770625003.06,43264150925.06,46.6209,
000898.SZ,鞍钢股份,2015-03-20,4.0255,4.1475,4.0187,4.0865,76107675,1.2377,37078071700.41,43625891317.41,47.0107,
000898.SZ,鞍钢股份,2015-03-23,4.1339,4.2288,4.1068,4.1881,99965177,1.6257,38000411792.46,44711112494.46,48.1801,
000898.SZ,鞍钢股份,2015-03-24,4.1949,4.4728,4.1475,4.3305,150364627,2.4454,39291687921.33,46230422142.33,49.8173,
000898.SZ,鞍钢股份,2015-03-25,4.2898,4.2898,4.1339,4.1407,94145988,1.5311,37569986416.17,44204675945.17,47.6343,
000898.SZ,鞍钢股份,2015-03-26,4.1136,4.2288,4.0729,4.1204,67917371,1.1045,37385518397.76,43987631709.76,47.4005,
000898.SZ,鞍钢股份,2015-03-27,4.1271,4.1678,4.1068,4.1407,45991196,0.748,37569986416.17,44204675945.17,47.6343,
000898.SZ,鞍钢股份,2015-03-30,4.161,4.3033,4.161,4.283,93562434,1.5216,38861262545.04,45723985593.04,49.2715,
000898.SZ,鞍钢股份,2015-03-31,4.2966,4.4389,4.2559,4.283,146008030,2.3745,38861262545.04,45723985593.04,49.2715,
000898.SZ,鞍钢股份,2015-04-01,4.2762,4.3305,4.2424,4.2898,74924262,1.2185,38922751884.51,45796333671.51,49.3495,
000898.SZ,鞍钢股份,2015-04-02,4.3101,4.3169,4.222,4.283,74742566,1.2155,38861262545.04,45723985593.04,49.2715,
000898.SZ,鞍钢股份,2015-04-03,4.2559,4.4321,4.2288,4.3914,115821810,1.8836,39845091976.56,46881554848.56,50.5189,
000898.SZ,鞍钢股份,2015-04-07,4.4118,4.4592,4.3982,4.4524,101175134,1.6454,40398496031.79,47532687554.79,51.2206,
000898.SZ,鞍钢股份,2015-04-08,4.4728,4.4863,4.283,4.4118,107215698,1.7436,40029559994.97,47098599083.97,50.7528,
000898.SZ,鞍钢股份,2015-04-09,4.466,4.4999,4.2898,4.4457,111800951,1.8182,40337006692.32,47460339476.32,51.1426,
000898.SZ,鞍钢股份,2015-04-10,4.4253,4.6422,4.3576,4.6015,151927988,2.4708,41751261500.13,49124345281.13,52.9357,
000898.SZ,鞍钢股份,2015-04-13,4.7438,5.0081,4.6761,4.8319,195366506,3.1772,43841899042.11,51584179949.11,55.5864,
000898.SZ,鞍钢股份,2015-04-14,4.8116,4.92,4.7032,4.8252,132068662,2.1478,43780409702.64,51511831870.64,55.5084,
000898.SZ,鞍钢股份,2015-04-15,4.7777,4.8048,4.6422,4.649,92890370,1.5107,42181686876.42,49630781830.42,53.4814,
000898.SZ,鞍钢股份,2015-04-16,4.6015,4.71,4.5405,4.7032,77579405,1.2617,42673601592.18,50209566458.18,54.1051,
000898.SZ,鞍钢股份,2015-04-17,4.7371,4.9743,4.7303,4.8252,139381951,2.2668,43780409702.64,51511831870.64,55.5084,
000898.SZ,鞍钢股份,2015-04-20,4.8184,5.1234,4.6964,4.8523,170276386,2.7692,44026367060.52,51801224184.52,55.8203,
000898.SZ,鞍钢股份,2015-04-21,4.8658,5.0285,4.7981,4.9878,122652725,1.9947,45256153849.92,53248185753.92,57.3795,
000898.SZ,鞍钢股份,2015-04-22,5.0081,5.2657,4.981,5.164,150022306,2.4398,46854876676.14,55129235794.14,59.4065,
000898.SZ,鞍钢股份,2015-04-23,5.286,5.5977,5.286,5.408,205105192,3.3356,49068492897.06,57733766619.06,62.2131,
000898.SZ,鞍钢股份,2015-04-24,5.2589,5.3944,5.1505,5.2182,120072888,1.9527,47346791391.9,55708020421.9,60.0302,
000898.SZ,鞍钢股份,2015-04-27,5.2386,5.5503,5.1843,5.4893,170920968,2.7797,49806364970.7,58601943560.7,63.1486,
000898.SZ,鞍钢股份,2015-04-28,5.4283,5.591,5.1911,5.2115,130359253,2.12,47285302052.43,55635672343.43,84.1689,
000898.SZ,鞍钢股份,2015-04-29,5.1708,5.2724,5.0691,5.1369,82150687,1.336,46608919318.26,54839843480.26,82.965,
000898.SZ,鞍钢股份,2015-04-30,5.103,5.164,4.9336,4.9539,94133446,1.5309,44948707152.57,52886445361.57,80.0098,
000898.SZ,鞍钢股份,2015-05-04,4.981,5.286,4.981,5.2453,118652643,1.9296,47592748749.78,55997412735.78,84.7162,
000898.SZ,鞍钢股份,2015-05-05,5.2521,5.2521,4.7642,4.8252,95187107,1.548,43780409702.64,51511831870.64,77.9302,
000898.SZ,鞍钢股份,2015-05-06,4.8116,4.8726,4.5134,4.5744,82063707,1.3346,41505304142.25,48834952967.25,73.8804,
000898.SZ,鞍钢股份,2015-05-07,4.5134,4.6083,4.2898,4.3305,80587755,1.3106,39291687921.33,46230422142.33,69.9401,
000898.SZ,鞍钢股份,2015-05-08,4.4253,4.4999,4.3305,4.4999,58403680,0.9498,40828921408.08,48039124104.08,72.6764,
000898.SZ,鞍钢股份,2015-05-11,4.527,4.6286,4.4931,4.6219,65743367,1.0692,41935729518.54,49341389516.54,74.6466,
000898.SZ,鞍钢股份,2015-05-12,4.6219,4.7032,4.5609,4.6422,63062272,1.0256,42120197536.95,49558433751.95,74.9749,
000898.SZ,鞍钢股份,2015-05-13,4.9472,5.1098,4.7777,5.1098,109560011,1.7818,46362961960.38,54550451166.38,82.5272,
000898.SZ,鞍钢股份,2015-05-14,5.1505,5.2182,4.8387,4.9539,158108248,2.5713,44948707152.57,52886445361.57,80.0098,
000898.SZ,鞍钢股份,2015-05-15,4.8794,4.8794,4.6829,4.6964,80948762,1.3165,42612112252.71,50137218379.71,75.8506,
000898.SZ,鞍钢股份,2015-05-18,4.6557,4.6761,4.5541,4.5812,49872411,0.8111,41566793481.72,48907301045.72,73.9899,
000898.SZ,鞍钢股份,2015-05-19,4.5744,4.7777,4.5744,4.7574,64371093,1.0469,43165516307.94,50788351085.94,76.8356,
000898.SZ,鞍钢股份,2015-05-20,4.7506,4.8455,4.7032,4.7438,80265745,1.3054,43042537629,50643654929,76.6167,
000898.SZ,鞍钢股份,2015-05-21,4.7371,4.771,4.6761,4.7642,55366649,0.9004,43227005647.41,50860699164.41,76.9451,
000898.SZ,鞍钢股份,2015-05-22,4.7981,4.981,4.7981,4.9472,100263199,1.6306,44887217813.1,52814097283.1,79.9003,
000898.SZ,鞍钢股份,2015-05-25,4.9472,5.0827,4.9133,5.0827,112567864,1.8307,46117004602.5,54261058852.5,82.0893,
000898.SZ,鞍钢股份,2015-05-26,5.1437,5.1843,4.981,5.1572,125624959,2.043,46793387336.67,55056887715.67,83.2933,
000898.SZ,鞍钢股份,2015-05-27,5.1572,5.3741,5.0149,5.2928,154729084,2.5164,48023174126.07,56503849285.07,85.4824,
000898.SZ,鞍钢股份,2015-05-28,5.225,5.408,4.7642,4.7777,138693236,2.2556,43349984326.35,51005395321.35,77.164,
000898.SZ,鞍钢股份,2015-05-29,4.7574,4.8658,4.5812,4.7506,86366381,1.4046,43104026968.47,50716003007.47,76.7262,
000898.SZ,鞍钢股份,2015-06-01,4.7574,5.0149,4.7235,4.9878,78633961,1.2788,45256153849.92,53248185753.92,80.557,
000898.SZ,鞍钢股份,2015-06-02,4.9878,5.2996,4.9878,5.1708,108976062,1.7723,46916366015.61,55201583872.61,83.5122,
000898.SZ,鞍钢股份,2015-06-03,5.2386,5.2386,5.0556,5.1505,96511250,1.5696,46731897997.2,54984539637.2,83.1839,
000898.SZ,鞍钢股份,2015-06-04,5.1572,5.286,4.7438,5.286,116772557,1.8991,47961684786.6,56431501206.6,85.3729,
000898.SZ,鞍钢股份,2015-06-05,5.3538,5.591,5.2521,5.5435,196897156,3.2021,50298279686.46,59180728188.46,89.5321,
000898.SZ,鞍钢股份,2015-06-08,5.5639,5.7333,5.4215,5.5774,164110268,2.6689,50605726383.81,59542468580.81,90.0794,
000898.SZ,鞍钢股份,2015-06-09,5.5571,5.6587,5.4148,5.4893,132147908,2.1491,49806364970.7,58601943560.7,88.6565,
000898.SZ,鞍钢股份,2015-06-10,5.4283,5.5164,5.2928,5.4215,111836982,1.8188,49191471576,57878462776,87.562,
000898.SZ,鞍钢股份,2015-06-11,5.4012,5.5029,5.3538,5.4622,79007930,1.2849,49560407612.82,58312551246.82,88.2187,
000898.SZ,鞍钢股份,2015-06-12,5.4961,5.5503,5.4012,5.5367,121497816,1.9759,50236790346.99,59108380109.99,89.4227,
000898.SZ,鞍钢股份,2015-06-15,5.5571,6.0247,5.4893,5.7672,225565388,3.6684,52327427888.97,61568214777.97,93.144,
000898.SZ,鞍钢股份,2015-06-16,5.7468,5.7468,5.3267,5.3402,126165377,2.0518,48453599502.36,57010285834.36,86.2485,
000898.SZ,鞍钢股份,2015-06-17,5.3267,5.6587,5.1843,5.5029,104606292,1.7012,49929343649.64,58746639717.64,88.8754,
000898.SZ,鞍钢股份,2015-06-18,5.5029,5.7062,5.3605,5.3673,134810825,2.1924,48699556860.24,57299678148.24,86.6863,
000898.SZ,鞍钢股份,2015-06-19,5.2182,5.3199,4.8319,4.8319,90949937,1.4791,43841899042.11,51584179949.11,78.0396,
000898.SZ,鞍钢股份,2015-06-23,4.8591,5.0353,4.6015,5.0217,85226386,1.386,45563600547.27,53609926146.27,81.1043,
000898.SZ,鞍钢股份,2015-06-24,5.0556,5.3199,4.981,5.2928,113427018,1.8447,48023174126.07,56503849285.07,85.4824,
000898.SZ,鞍钢股份,2015-06-25,5.286,5.4012,5.0827,5.1776,113355780,1.8435,46977855355.08,55273931951.08,83.6217,
000898.SZ,鞍钢股份,2015-06-26,4.981,5.1369,4.6625,4.7032,111246740,1.8092,42673601592.18,50209566458.18,75.96,
000898.SZ,鞍钢股份,2015-06-29,4.8523,4.9472,4.3033,4.6422,108944093,1.7718,42120197536.95,49558433751.95,74.9749,
000898.SZ,鞍钢股份,2015-06-30,4.6695,4.9967,4.3627,4.9762,101947145,1.658,44887201483,52814097283.1,79.9003,
000898.SZ,鞍钢股份,2015-07-01,4.908,5.1057,4.7172,4.7581,103293212,1.6799,42919543335.8,50498958772.06,76.3978,
000898.SZ,鞍钢股份,2015-07-02,4.6763,4.8262,4.3082,4.3832,87092074,1.4164,39537630895.3,46519814456.21,70.3779,
000898.SZ,鞍钢股份,2015-07-03,4.3218,4.3559,3.9469,3.9469,91573914,1.4893,35602314600.9,41889537434.13,63.373,
000898.SZ,鞍钢股份,2015-07-06,4.3286,4.3286,3.6197,3.9605,102361495,1.6647,35725293235.1,42034233591.07,63.5919,
000898.SZ,鞍钢股份,2015-07-07,3.8719,4.0696,3.5651,4.0696,169710692,2.76,36709122308.7,43191802846.59,65.3431,
000898.SZ,鞍钢股份,2015-07-08,3.7424,3.981,3.6606,3.6674,175340768,2.8516,33081252599.8,38923266216.86,58.8854,
000898.SZ,鞍钢股份,2015-07-09,3.6674,4.0355,3.6674,4.0355,93439928,1.5196,36401675723.2,42830062454.24,64.7959,
000898.SZ,鞍钢股份,2015-07-10,4.1582,4.4377,4.0355,4.4377,106341960,1.7294,40029545432.1,47098599083.97,71.2536,
000898.SZ,鞍钢股份,2015-07-13,4.4445,4.799,4.4036,4.7444,135678181,2.2065,42796564701.6,50354262615.12,76.1789,
000898.SZ,鞍钢股份,2015-07-14,4.5877,4.6695,4.3354,4.3832,97582565,1.587,39537630895.3,46519814456.21,70.3779,
000898.SZ,鞍钢股份,2015-07-15,4.2945,4.3014,3.9469,3.9537,74734914,1.2154,35663803918,41961885512.6,63.4824,
000898.SZ,鞍钢股份,2015-07-16,3.9537,4.1718,3.8242,4.056,51750795,0.8416,36586143674.5,43047106689.65,65.1242,
000898.SZ,鞍钢股份,2015-07-17,4.0696,4.315,4.0696,4.2468,49451159,0.8042,38307844553.3,45072852886.81,68.1889,
000898.SZ,鞍钢股份,2015-07-20,4.2536,4.3423,4.165,4.2059,51502830,0.8376,37938908650.7,44638764415.99,67.5322,
000898.SZ,鞍钢股份,2015-07-21,4.1787,4.2741,4.1173,4.2196,44502743,0.7237,38061887284.9,44783460572.93,67.7511,
000898.SZ,鞍钢股份,2015-07-22,4.2264,4.2673,4.1037,4.2264,44880389,0.7299,38123376602,44855808651.4,67.8605,
000898.SZ,鞍钢股份,2015-07-23,4.2264,4.39,4.1991,4.3559,65047894,1.0579,39291673626.9,46230422142.33,69.9401,
000898.SZ,鞍钢股份,2015-07-24,4.315,4.4172,4.165,4.2264,66678849,1.0844,38123376602,44855808651.4,67.8605,
000898.SZ,鞍钢股份,2015-07-27,4.1582,4.1855,3.8037,3.8037,64951811,1.0563,34311038941.8,40370227786.26,61.0745,
000898.SZ,鞍钢股份,2015-07-28,3.681,3.8651,3.572,3.8106,62137769,1.0105,34372528258.9,40442575864.73,61.1839,
000898.SZ,鞍钢股份,2015-07-29,3.8719,4.0014,3.7697,3.9946,34293671,0.5577,36032739820.6,42395973983.42,64.1391,
000898.SZ,鞍钢股份,2015-07-30,3.9605,4.0423,3.7969,3.8037,34801183,0.566,34311038941.8,40370227786.26,61.0745,
000898.SZ,鞍钢股份,2015-07-31,3.7628,3.9401,3.7219,3.9128,31824539,0.5176,35294868015.4,41527797041.78,62.8257,
000898.SZ,鞍钢股份,2015-08-03,3.8855,4.3014,3.831,4.3014,76861234,1.25,38799759090.1,45651637514.57,69.0645,
000898.SZ,鞍钢股份,2015-08-04,4.2741,4.3491,4.1037,4.315,59520376,0.968,38922737724.3,45796333671.51,69.2834,
000898.SZ,鞍钢股份,2015-08-05,4.315,4.3559,4.165,4.315,46458806,0.7556,38922737724.3,45796333671.51,69.2834,
000898.SZ,鞍钢股份,2015-08-06,4.2877,4.3082,4.1582,4.1718,31149279,0.5066,37631462065.2,44277024023.64,66.9849,
000898.SZ,鞍钢股份,2015-08-07,4.1991,4.2673,4.1718,4.2196,26378380,0.429,38061887284.9,44783460572.93,67.7511,
000898.SZ,鞍钢股份,2015-08-10,4.2877,4.4854,4.2741,4.4309,79433518,1.2918,39968056115,47026251005.5,71.1441,
000898.SZ,鞍钢股份,2015-08-11,4.3968,4.5672,4.3491,4.4309,66871981,1.0875,39968056115,47026251005.5,71.1441,
000898.SZ,鞍钢股份,2015-08-12,4.3832,4.5263,4.3491,4.3763,41717139,0.6784,39476141578.2,46447466377.74,70.2685,
000898.SZ,鞍钢股份,2015-08-13,4.3627,4.4241,4.2468,4.4172,35693102,0.5805,39845077480.8,46881554848.56,70.9252,
000898.SZ,鞍钢股份,2015-08-14,4.4309,4.4786,4.3559,4.3695,36836121,0.5991,39414652261.1,46375118299.27,70.159,
000898.SZ,鞍钢股份,2015-08-17,4.3218,4.6967,4.2945,4.6217,85397986,1.3888,41689756993.8,49051997202.66,74.2088,
000898.SZ,鞍钢股份,2015-08-18,4.6217,4.8603,4.2945,4.3968,129814877,2.1112,39660609529.5,46664510613.15,70.5968,
000898.SZ,鞍钢股份,2015-08-19,4.2945,4.8399,4.2332,4.8399,165467478,2.691,43657415141,51367135713.7,77.7113,
000898.SZ,鞍钢股份,2015-08-20,4.874,4.9898,4.6013,4.7649,162027290,2.635,42981032652.9,50571306850.53,76.5073,
000898.SZ,鞍钢股份,2015-08-21,4.6354,4.649,4.2877,4.2877,79836086,1.2984,38676780455.9,45506941357.63,68.8456,
000898.SZ,鞍钢股份,2015-08-24,3.8651,3.9946,3.8583,3.8583,38956471,0.6335,34802953478.6,40949012414.02,61.9501,
000898.SZ,鞍钢股份,2015-08-25,3.4697,3.5379,3.4697,3.4697,60510500,0.9841,31298062403.9,36825171941.23,55.7113,
000898.SZ,鞍钢股份,2015-08-26,3.4084,3.5242,3.1221,3.1221,88307974,1.4362,28162107231.8,33135419939.26,50.1292,
000898.SZ,鞍钢股份,2015-08-27,3.1902,3.2379,2.9039,3.2039,86674283,1.4096,28899979037,34003596880.9,51.4427,
000898.SZ,鞍钢股份,2015-08-28,3.2379,3.4561,3.2039,3.4424,94728753,1.5406,31052105135.5,36535779627.35,55.2735,
000898.SZ,鞍钢股份,2015-08-31,3.4424,3.497,3.1902,3.497,91401999,1.4865,31544019672.3,37114564255.11,73.3489,
000898.SZ,鞍钢股份,2015-09-01,3.4561,3.7015,3.3334,3.5856,103918929,1.69,32343380794.6,38055089275.22,75.2077,
000898.SZ,鞍钢股份,2015-09-02,3.3402,3.9469,3.2788,3.9196,126779456,2.0618,35356357332.5,41600145120.25,82.2137,
000898.SZ,鞍钢股份,2015-09-07,3.7901,4.0082,3.6878,3.7288,41060308,0.6678,33634656453.7,39574398923.09,78.2103,
000898.SZ,鞍钢股份,2015-09-08,3.7356,3.7969,3.4493,3.7492,33449901,0.544,33819124405,39791443158.5,78.6392,
000898.SZ,鞍钢股份,2015-09-09,3.7083,3.9537,3.6947,3.831,36774501,0.5981,34556996210.2,40659620100.14,80.355,
000898.SZ,鞍钢股份,2015-09-10,3.7697,3.8174,3.6469,3.6538,24956124,0.4059,32958273965.6,38778570059.92,76.6375,
000898.SZ,鞍钢股份,2015-09-11,3.6401,3.7492,3.5651,3.6129,15187922,0.247,32589338063,38344481589.1,75.7796,
000898.SZ,鞍钢股份,2015-09-14,3.6606,3.7628,3.3334,3.422,32981121,0.5364,30867637184.2,36318735391.94,71.7762,
000898.SZ,鞍钢股份,2015-09-15,3.4084,3.4629,3.088,3.1357,37578139,0.6111,28285085866,33280116096.2,65.771,
000898.SZ,鞍钢股份,2015-09-16,3.1902,3.4424,3.1493,3.3947,29145142,0.474,30621679915.8,36029343078.06,71.2042,
000898.SZ,鞍钢股份,2015-09-17,3.3402,3.5038,3.2993,3.3334,34358347,0.5588,30068276061.9,35378210371.83,69.9174,
000898.SZ,鞍钢股份,2015-09-18,3.3675,3.4561,3.2857,3.3606,22500623,0.3659,30314233330.3,35667602685.71,70.4893,
000898.SZ,鞍钢股份,2015-09-21,3.3129,3.4356,3.2788,3.4152,23850468,0.3879,30806147867.1,36246387313.47,71.6332,
000898.SZ,鞍钢股份,2015-09-22,3.4015,3.5106,3.3947,3.4356,26585491,0.4324,30990615818.4,36463431548.88,72.0621,
000898.SZ,鞍钢股份,2015-09-23,3.4015,3.4015,3.2652,3.2993,24404917,0.3969,29760829476.4,35016469979.48,69.2025,
000898.SZ,鞍钢股份,2015-09-24,3.3061,3.3538,3.2857,3.3402,13583848,0.2209,30129765379,35450558450.3,70.0604,
000898.SZ,鞍钢股份,2015-09-25,3.3129,3.3334,3.1766,3.1902,16239788,0.2641,28777000402.8,33858900723.96,66.9148,
000898.SZ,鞍钢股份,2015-09-28,3.2039,3.2448,3.163,3.2448,7887157,0.1283,29268914939.6,34437685351.72,68.0587,
000898.SZ,鞍钢股份,2015-09-29,3.197,3.2584,3.163,3.2039,14892368,0.2422,28899979037,34003596880.9,67.2008,
000898.SZ,鞍钢股份,2015-09-30,3.2243,3.2516,3.2039,3.2107,9713544,0.158,28961468354.1,34075944959.37,67.3438,
000898.SZ,鞍钢股份,2015-10-08,3.3129,3.3606,3.272,3.3129,16096974,0.2618,29883808110.6,35161166136.42,69.4885,
000898.SZ,鞍钢股份,2015-10-09,3.3061,3.3675,3.2925,3.3606,15065978,0.245,30314233330.3,35667602685.71,70.4893,
000898.SZ,鞍钢股份,2015-10-12,3.3743,3.5038,3.347,3.4765,32061598,0.5214,31359551721,36897520019.7,72.92,
000898.SZ,鞍钢股份,2015-10-13,3.4561,3.4697,3.4152,3.4424,22467026,0.3654,31052105135.5,36535779627.35,72.2051,
000898.SZ,鞍钢股份,2015-10-14,3.422,3.5242,3.422,3.4288,23182535,0.377,30929126501.3,36391083470.41,71.9191,
000898.SZ,鞍钢股份,2015-10-15,3.3947,3.4765,3.3743,3.4697,46549285,0.757,31298062403.9,36825171941.23,72.777,
000898.SZ,鞍钢股份,2015-10-16,3.4493,3.4902,3.4356,3.4833,43988049,0.7154,31421041038.1,36969868098.17,73.063,
000898.SZ,鞍钢股份,2015-10-19,3.4833,3.5106,3.4084,3.4356,32591659,0.53,30990615818.4,36463431548.88,72.0621,
000898.SZ,鞍钢股份,2015-10-20,3.4288,3.4561,3.4152,3.4561,22188969,0.3609,31175083769.7,36680475784.29,72.4911,
000898.SZ,鞍钢股份,2015-10-21,3.4561,3.497,3.2175,3.2448,44462353,0.7231,29268914939.6,34437685351.72,68.0587,
000898.SZ,鞍钢股份,2015-10-22,3.2516,3.3266,3.2107,3.3061,24296769,0.3951,29822318793.5,35088818057.95,69.3455,
000898.SZ,鞍钢股份,2015-10-23,3.3129,3.347,3.2788,3.3402,21228862,0.3452,30129765379,35450558450.3,70.0604,
000898.SZ,鞍钢股份,2015-10-26,3.3675,3.3879,3.2925,3.3129,26994426,0.439,29883808110.6,35161166136.42,69.4885,
000898.SZ,鞍钢股份,2015-10-27,3.2993,3.2993,3.2039,3.2857,18843692,0.3065,29637850842.2,34871773822.54,68.9165,
000898.SZ,鞍钢股份,2015-10-28,3.2788,3.3266,3.2379,3.2652,22158470,0.3604,29453382890.9,34654729587.13,68.4876,
000898.SZ,鞍钢股份,2015-10-29,3.2516,3.2993,3.2311,3.2857,24031680,0.3908,29637850842.2,34871773822.54,68.9165,
000898.SZ,鞍钢股份,2015-10-30,3.272,3.272,3.2243,3.2311,14730674,0.2396,29145936305.4,34292989194.78,67.7727,
000898.SZ,鞍钢股份,2015-11-02,3.1834,3.2175,3.1357,3.1493,15377810,0.2501,28408064500.2,33424812253.14,-37.8537,
000898.SZ,鞍钢股份,2015-11-03,3.1357,3.1834,3.1152,3.1221,10673675,0.1736,28162107231.8,33135419939.26,-37.526,
000898.SZ,鞍钢股份,2015-11-04,3.1289,3.2516,3.1289,3.2516,21248585,0.3456,29330404256.7,34510033430.19,-39.0827,
000898.SZ,鞍钢股份,2015-11-05,3.2379,3.5788,3.2243,3.4288,79459173,1.2922,30929126501.3,36391083470.41,-41.213,
000898.SZ,鞍钢股份,2015-11-06,3.4152,3.4902,3.347,3.4424,46448206,0.7554,31052105135.5,36535779627.35,-41.3769,
000898.SZ,鞍钢股份,2015-11-09,3.4084,3.497,3.3743,3.4493,49872205,0.8111,31113594452.6,36608127705.82,-41.4588,
000898.SZ,鞍钢股份,2015-11-10,3.4288,3.4902,3.4084,3.4629,42652694,0.6937,31236573086.8,36752823862.76,-41.6227,
000898.SZ,鞍钢股份,2015-11-11,3.4765,3.572,3.4561,3.4833,45232329,0.7356,31421041038.1,36969868098.17,-41.8685,
000898.SZ,鞍钢股份,2015-11-12,3.4629,3.4697,3.3879,3.4288,30642947,0.4983,30929126501.3,36391083470.41,-41.213,
000898.SZ,鞍钢股份,2015-11-13,3.3947,3.4288,3.3538,3.3606,20981687,0.3412,30314233330.3,35667602685.71,-40.3937,
000898.SZ,鞍钢股份,2015-11-16,3.3061,3.3606,3.2993,3.3606,16778739,0.2729,30314233330.3,35667602685.71,-40.3937,
000898.SZ,鞍钢股份,2015-11-17,3.3743,3.4084,3.347,3.3606,20654674,0.3359,30314233330.3,35667602685.71,-40.3937,
000898.SZ,鞍钢股份,2015-11-18,3.3606,3.3811,3.3266,3.3334,13704554,0.2229,30068276061.9,35378210371.83,-40.0659,
000898.SZ,鞍钢股份,2015-11-19,3.3402,3.3675,3.3334,3.3675,13342715,0.217,30375722647.4,35739950764.18,-40.4756,
000898.SZ,鞍钢股份,2015-11-20,3.3606,3.3743,3.347,3.3675,15644973,0.2544,30375722647.4,35739950764.18,-40.4756,
000898.SZ,鞍钢股份,2015-11-23,3.3538,3.3675,3.3061,3.3197,15996714,0.2602,29945297427.7,35233514214.89,-39.9021,
000898.SZ,鞍钢股份,2015-11-24,3.3129,3.3266,3.2379,3.2857,16970712,0.276,29637850842.2,34871773822.54,-39.4924,
000898.SZ,鞍钢股份,2015-11-25,3.2652,3.3061,3.2652,3.3061,12420721,0.202,29822318793.5,35088818057.95,-39.7382,
000898.SZ,鞍钢股份,2015-11-26,3.2993,3.3334,3.2857,3.3061,13666617,0.2223,29822318793.5,35088818057.95,-39.7382,
000898.SZ,鞍钢股份,2015-11-27,3.2925,3.2993,3.1016,3.1221,21815979,0.3548,28162107231.8,33135419939.26,-37.526,
000898.SZ,鞍钢股份,2015-11-30,3.1357,3.1561,3.0403,3.1084,16127076,0.2623,28039128597.6,32990723782.32,-37.3621,
000898.SZ,鞍钢股份,2015-12-01,3.1084,3.1561,3.0607,3.1493,13663679,0.2222,28408064500.2,33424812253.14,-37.8537,
000898.SZ,鞍钢股份,2015-12-02,3.1289,3.2516,3.1084,3.2379,18887894,0.3072,29207425622.5,34365337273.25,-38.9188,
000898.SZ,鞍钢股份,2015-12-03,3.2039,3.2857,3.197,3.2516,17658037,0.2872,29330404256.7,34510033430.19,-39.0827,
000898.SZ,鞍钢股份,2015-12-04,3.2243,3.2379,3.1561,3.1698,13007005,0.2115,28592532451.5,33641856488.55,-38.0995,
000898.SZ,鞍钢股份,2015-12-07,3.1766,3.197,3.1289,3.1698,10903653,0.1773,28592532451.5,33641856488.55,-38.0995,
000898.SZ,鞍钢股份,2015-12-08,3.1493,3.1493,3.0743,3.0812,11330507,0.1843,27793171329.2,32701331468.44,-37.0344,
000898.SZ,鞍钢股份,2015-12-09,3.0675,3.1766,3.0607,3.1084,11694673,0.1902,28039128597.6,32990723782.32,-37.3621,
000898.SZ,鞍钢股份,2015-12-10,3.0948,3.1289,3.0743,3.0743,7655400,0.1245,27731682012.1,32628983389.97,-36.9524,
000898.SZ,鞍钢股份,2015-12-11,3.0743,3.0812,3.0403,3.0743,7532468,0.1225,27731682012.1,32628983389.97,-36.9524,
000898.SZ,鞍钢股份,2015-12-14,3.0539,3.163,3.0403,3.1561,14730459,0.2396,28469553817.3,33497160331.61,-37.9356,
000898.SZ,鞍钢股份,2015-12-15,3.1425,3.163,3.1084,3.1289,9432520,0.1534,28223596548.9,33207768017.73,-37.6079,
000898.SZ,鞍钢股份,2015-12-16,3.1357,3.1493,3.1152,3.1425,11565782,0.1881,28346575183.1,33352464174.67,-37.7718,
000898.SZ,鞍钢股份,2015-12-17,3.1561,3.3061,3.1561,3.2925,43798840,0.7123,29699340159.3,34944121901.01,-39.5743,
000898.SZ,鞍钢股份,2015-12-18,3.2448,3.2857,3.2243,3.2516,22073739,0.359,29330404256.7,34510033430.19,-39.0827,
000898.SZ,鞍钢股份,2015-12-21,3.2584,3.3266,3.2448,3.3266,22580939,0.3672,30006786744.8,35305862293.36,-39.984,
000898.SZ,鞍钢股份,2015-12-22,3.3197,3.3811,3.2925,3.3334,19874476,0.3232,30068276061.9,35378210371.83,-40.0659,
000898.SZ,鞍钢股份,2015-12-23,3.3129,3.3402,3.2379,3.2584,15848738,0.2577,29391893573.8,34582381508.66,-39.1646,
000898.SZ,鞍钢股份,2015-12-24,3.2379,3.3061,3.2107,3.3061,13429252,0.2184,29822318793.5,35088818057.95,-39.7382,
000898.SZ,鞍钢股份,2015-12-25,3.3402,3.3402,3.272,3.3129,13234597,0.2152,29883808110.6,35161166136.42,-39.8201,
000898.SZ,鞍钢股份,2015-12-28,3.3947,3.3947,3.2039,3.2175,18098023,0.2943,29022957671.2,34148293037.84,-38.673,
000898.SZ,鞍钢股份,2015-12-29,3.2039,3.272,3.1834,3.2584,10503052,0.1708,29391893573.8,34582381508.66,-39.1646,
000898.SZ,鞍钢股份,2015-12-30,3.2516,3.272,3.2243,3.2448,9072469,0.1475,29268914939.6,34437685351.72,-39.0008,
000898.SZ,鞍钢股份,2015-12-31,3.2448,3.3334,3.2448,3.2516,21109984,0.3433,29330503472.7,34510033430.19,-39.0827,
000898.SZ,鞍钢股份,2016-01-04,3.2857,3.3811,3.0334,3.1289,29993684,0.4878,28223692020.9,33207768017.73,-37.6079,
000898.SZ,鞍钢股份,2016-01-05,3.0539,3.3334,2.9925,3.2925,37829397,0.6152,29699440623.3,34944121901.01,-39.5743,
000898.SZ,鞍钢股份,2016-01-06,3.2857,3.5992,3.2652,3.5379,91265987,1.4843,31913063526.9,37548652725.93,-42.524,
000898.SZ,鞍钢股份,2016-01-07,3.4356,3.4833,3.1834,3.1902,21116905,0.3434,28777097746.8,33858900723.96,-38.3453,
000898.SZ,鞍钢股份,2016-01-08,3.3402,3.5106,3.2243,3.5106,76004626,1.2361,31667105426.5,37259260412.05,-42.1962,
000898.SZ,鞍钢股份,2016-01-11,3.5242,3.6333,3.4084,3.4152,84375346,1.3722,30806252075.1,36246387313.47,-41.0491,
000898.SZ,鞍钢股份,2016-01-12,3.422,3.4765,3.272,3.3743,33619900,0.5468,30437314924.5,35812298842.65,-40.5575,
000898.SZ,鞍钢股份,2016-01-13,3.3811,3.7151,3.3538,3.5038,102898503,1.6734,31605615901.4,37186912333.58,-42.1143,
000898.SZ,鞍钢股份,2016-01-14,3.3538,3.7015,3.272,3.6197,93353415,1.5182,32650937828.1,38416829667.57,-43.5072,
000898.SZ,鞍钢股份,2016-01-15,3.5174,3.5788,3.2652,3.3266,82283540,1.3382,30006888248.8,35305862293.36,-39.984,
000898.SZ,鞍钢股份,2016-01-18,3.2379,3.3538,3.0675,3.197,50717121,0.8248,28838587271.9,33931248802.43,-38.4272,
000898.SZ,鞍钢股份,2016-01-19,3.1561,3.2857,3.1016,3.272,36238044,0.5893,29514972048,34727077665.6,-39.3285,
000898.SZ,鞍钢股份,2016-01-20,3.2379,3.2448,3.1084,3.1425,31829792,0.5176,28346671071.1,33352464174.67,-37.7718,
000898.SZ,鞍钢股份,2016-01-21,3.1016,3.1834,2.9994,3.0198,23757106,0.3864,27239859619.3,32050198762.21,-36.2969,
000898.SZ,鞍钢股份,2016-01-22,3.0607,3.1493,3.0266,3.0743,21243151,0.3455,27731775820.1,32628983389.97,-36.9524,
000898.SZ,鞍钢股份,2016-01-25,3.1493,3.3538,3.1425,3.2857,47579865,0.7738,29637951098.2,34871773822.54,-39.4924,
000898.SZ,鞍钢股份,2016-01-26,3.2243,3.2584,3.0198,3.0334,25156607,0.4091,27362838669.5,32194894919.15,-36.4608,
000898.SZ,鞍钢股份,2016-01-27,3.0743,3.1493,2.9994,3.1084,24112469,0.3921,28039223445.6,32990723782.32,-37.3621,
000898.SZ,鞍钢股份,2016-01-28,3.0675,3.0675,2.8017,2.8017,22037903,0.3584,25272194816.1,29735060251.17,-33.675,
000898.SZ,鞍钢股份,2016-01-29,2.7335,2.863,2.7131,2.788,31669737,0.515,25149215765.9,29590364094.23,-33.5112,
000898.SZ,鞍钢股份,2016-02-01,2.7608,2.8017,2.5154,2.5972,40813733,0.6638,23427509063.1,27564617897.07,-31.217,
000898.SZ,鞍钢股份,2016-02-02,2.5904,2.6449,2.5563,2.6244,23475172,0.3818,23673467163.5,27854010210.95,-31.5447,
000898.SZ,鞍钢股份,2016-02-03,2.5835,2.5904,2.529,2.5835,17925151,0.2915,23304530012.9,27419921740.13,-31.0531,
000898.SZ,鞍钢股份,2016-02-04,2.5972,2.6381,2.5904,2.6244,18959461,0.3083,23673467163.5,27854010210.95,-31.5447,
000898.SZ,鞍钢股份,2016-02-05,2.6517,2.6722,2.6108,2.6381,27230660,0.4429,23796446213.7,27998706367.89,-31.7086,
000898.SZ,鞍钢股份,2016-02-15,2.5495,2.6108,2.529,2.5904,16981751,0.2762,23366019538,27492269818.6,-31.1351,
000898.SZ,鞍钢股份,2016-02-16,2.5904,2.7062,2.5904,2.6722,27106572,0.4408,24103893839.2,28360446760.24,-32.1183,
000898.SZ,鞍钢股份,2016-02-17,2.6653,2.7335,2.6585,2.7062,23939322,0.3893,24411341464.7,28722187152.59,-32.528,
000898.SZ,鞍钢股份,2016-02-18,2.7131,2.7949,2.6926,2.7062,27554642,0.4481,24411341464.7,28722187152.59,-32.528,
000898.SZ,鞍钢股份,2016-02-19,2.6926,2.7335,2.679,2.6994,14672603,0.2386,24349851939.6,28649839074.12,-32.446,
000898.SZ,鞍钢股份,2016-02-22,2.7267,2.9448,2.7199,2.8426,47449990,0.7717,25641131966.7,30169148721.99,-34.1666,
000898.SZ,鞍钢股份,2016-02-23,2.8358,2.8562,2.788,2.8494,31338531,0.5097,25702621491.8,30241496800.46,-34.2486,
000898.SZ,鞍钢股份,2016-02-24,2.8289,2.8903,2.8017,2.8767,27268579,0.4435,25948579592.2,30530889114.34,-34.5763,
000898.SZ,鞍钢股份,2016-02-25,2.8767,2.8767,2.5972,2.6244,36383965,0.5917,23673467163.5,27854010210.95,-31.5447,
000898.SZ,鞍钢股份,2016-02-26,2.6449,2.7676,2.6313,2.7267,27067241,0.4402,24595810040,28939231388,-32.7738,
000898.SZ,鞍钢股份,2016-02-29,2.6926,2.7403,2.5222,2.6313,20081740,0.3266,23734956688.6,27926358289.42,-31.6267,
000898.SZ,鞍钢股份,2016-03-01,2.6585,2.7131,2.6244,2.7131,15734632,0.2559,24472830989.8,28794535231.06,-32.6099,
000898.SZ,鞍钢股份,2016-03-02,2.7471,2.9857,2.7267,2.9312,57088220,0.9284,26440495793,31109673742.1,-35.2318,
000898.SZ,鞍钢股份,2016-03-03,2.9244,2.9516,2.8289,2.8698,41791513,0.6797,25887090067.1,30458541035.87,-34.4944,
000898.SZ,鞍钢股份,2016-03-04,2.8698,2.9585,2.788,2.8494,32223330,0.524,25702621491.8,30241496800.46,-34.2486,
000898.SZ,鞍钢股份,2016-03-07,2.9653,3.0675,2.9107,2.9585,31978404,0.5201,26686453893.4,31399066055.98,-35.5595,
000898.SZ,鞍钢股份,2016-03-08,3.1221,3.1425,2.9176,2.9857,46677674,0.7591,26932411993.8,31688458369.86,-35.8873,
000898.SZ,鞍钢股份,2016-03-09,2.863,2.863,2.7471,2.8017,33394958,0.5431,25272194816.1,29735060251.17,-33.675,
000898.SZ,鞍钢股份,2016-03-10,2.8085,2.8289,2.7403,2.754,16724799,0.272,24841768140.4,29228623701.88,-33.1015,
000898.SZ,鞍钢股份,2016-03-11,2.7335,2.7949,2.7131,2.754,14415751,0.2344,24841768140.4,29228623701.88,-33.1015,
000898.SZ,鞍钢股份,2016-03-14,2.7676,2.8494,2.754,2.8017,26380610,0.429,25272194816.1,29735060251.17,-33.675,
000898.SZ,鞍钢股份,2016-03-15,2.7812,2.8017,2.7335,2.7608,16456603,0.2676,24903257665.5,29300971780.35,-33.1834,
000898.SZ,鞍钢股份,2016-03-16,2.7608,2.788,2.7267,2.7403,16853800,0.2741,24718789090.2,29083927544.94,-32.9376,
000898.SZ,鞍钢股份,2016-03-17,2.7471,2.8221,2.7267,2.788,26822980,0.4362,25149215765.9,29590364094.23,-33.5112,
000898.SZ,鞍钢股份,2016-03-18,2.8017,2.8698,2.7812,2.863,35069953,0.5703,25825600542,30386192957.4,-34.4124,
000898.SZ,鞍钢股份,2016-03-21,2.863,2.9176,2.8426,2.9176,31265498,0.5085,26317516742.8,30964977585.16,-35.0679,
000898.SZ,鞍钢股份,2016-03-22,2.8903,2.8903,2.8494,2.8562,20490705,0.3332,25764111016.9,30313844878.93,-34.3305,
000898.SZ,鞍钢股份,2016-03-23,2.863,2.8835,2.8358,2.863,15686129,0.2551,25825600542,30386192957.4,-34.4124,
000898.SZ,鞍钢股份,2016-03-24,2.8426,2.8426,2.788,2.7949,20697982,0.3366,25210705291,29662712172.7,-33.5931,
000898.SZ,鞍钢股份,2016-03-25,2.7812,2.8153,2.7744,2.7949,9798660,0.1594,25210705291,29662712172.7,-33.5931,
000898.SZ,鞍钢股份,2016-03-28,2.8017,2.8426,2.754,2.7676,15057583,0.2449,24964747190.6,29373319858.82,-33.2654,
000898.SZ,鞍钢股份,2016-03-29,2.7608,2.7744,2.6926,2.7131,15042942,0.2446,24472830989.8,28794535231.06,-32.6099,
000898.SZ,鞍钢股份,2016-03-30,2.7267,2.7744,2.7267,2.7744,13534913,0.2201,25026236715.7,29445667937.29,-33.3473,
000898.SZ,鞍钢股份,2016-03-31,2.7744,2.7812,2.7471,2.7676,12714653,0.2068,24964747190.6,29373319858.82,-6.3952,
000898.SZ,鞍钢股份,2016-04-01,2.7608,2.8085,2.7471,2.7949,21773940,0.3541,25210705291,29662712172.7,-6.4582,
000898.SZ,鞍钢股份,2016-04-05,2.7812,2.8426,2.7744,2.8289,21414447,0.3483,25518152916.5,30024452565.05,-6.537,
000898.SZ,鞍钢股份,2016-04-06,2.8358,2.8494,2.7949,2.8289,14801979,0.2407,25518152916.5,30024452565.05,-6.537,
000898.SZ,鞍钢股份,2016-04-07,2.8358,2.9176,2.788,2.8562,34620894,0.563,25764111016.9,30313844878.93,-6.6,
000898.SZ,鞍钢股份,2016-04-08,2.8221,2.8971,2.8017,2.863,28381683,0.4616,25825600542,30386192957.4,-6.6158,
000898.SZ,鞍钢股份,2016-04-11,2.8903,3.0266,2.8903,2.9585,42646698,0.6936,26686453893.4,31399066055.98,-6.8363,
000898.SZ,鞍钢股份,2016-04-12,2.9585,3.088,2.9312,3.0607,41946834,0.6822,27608796769.9,32484287233.03,-7.0726,
000898.SZ,鞍钢股份,2016-04-13,3.0743,3.2243,3.0743,3.1698,62501031,1.0165,28592629171.5,33641856488.55,-7.3246,
000898.SZ,鞍钢股份,2016-04-14,3.1766,3.2039,3.0539,3.1084,25605553,0.4164,28039223445.6,32990723782.32,-7.1828,
000898.SZ,鞍钢股份,2016-04-15,3.0812,3.1016,2.9994,3.0266,24921931,0.4053,27301349144.4,32122546840.68,-6.9938,
000898.SZ,鞍钢股份,2016-04-18,3.0403,3.0471,2.9585,3.013,21946766,0.3569,27178370094.2,31977850683.74,-6.9623,
000898.SZ,鞍钢股份,2016-04-19,3.013,3.0403,2.9721,3.0198,11310744,0.1839,27239859619.3,32050198762.21,-6.9781,
000898.SZ,鞍钢股份,2016-04-20,3.0812,3.1152,2.8971,2.9721,32366777,0.5264,26809432943.6,31543762212.92,-6.8678,
000898.SZ,鞍钢股份,2016-04-21,2.9925,3.0948,2.9653,3.0403,27056416,0.44,27424328194.6,32267242997.62,-7.0253,
000898.SZ,鞍钢股份,2016-04-22,3.0062,3.0198,2.8698,2.9448,17577149,0.2859,26563474843.2,31254369899.04,-6.8048,
000898.SZ,鞍钢股份,2016-04-25,2.9312,3.013,2.9176,2.9857,16662515,0.271,26932411993.8,31688458369.86,-6.8993,
000898.SZ,鞍钢股份,2016-04-26,2.9721,2.9857,2.9312,2.9857,8891545,0.1446,26932411993.8,31688458369.86,-6.8993,
000898.SZ,鞍钢股份,2016-04-27,2.9994,2.9994,2.938,2.938,7688326,0.125,26501985318.1,31182021820.57,-6.789,
000898.SZ,鞍钢股份,2016-04-28,2.9312,2.9312,2.8153,2.863,15163896,0.2466,25825600542,30386192957.4,-6.6158,
000898.SZ,鞍钢股份,2016-04-29,2.8494,2.8767,2.8221,2.8289,9917675,0.1613,25518152916.5,30024452565.05,-6.537,
000898.SZ,鞍钢股份,2016-05-03,2.8358,2.9176,2.8153,2.8971,16581574,0.2697,26133048167.5,30747933349.75,-5.8825,
000898.SZ,鞍钢股份,2016-05-04,2.8835,2.8903,2.8426,2.8562,12323088,0.2004,25764111016.9,30313844878.93,-5.7995,
000898.SZ,鞍钢股份,2016-05-05,2.8494,2.8698,2.8358,2.8698,6888167,0.112,25887090067.1,30458541035.87,-5.8272,
000898.SZ,鞍钢股份,2016-05-06,2.8562,2.8767,2.7608,2.7676,18487003,0.3007,24964747190.6,29373319858.82,-5.6195,
000898.SZ,鞍钢股份,2016-05-09,2.7267,2.7471,2.604,2.6313,15149125,0.2464,23734956688.6,27926358289.42,-5.3427,
000898.SZ,鞍钢股份,2016-05-10,2.6313,2.6653,2.6244,2.6449,7627348,0.124,23857935738.8,28071054446.36,-5.3704,
000898.SZ,鞍钢股份,2016-05-11,2.6653,2.679,2.6108,2.6313,10706125,0.1741,23734956688.6,27926358289.42,-5.3427,
000898.SZ,鞍钢股份,2016-05-12,2.5563,2.6517,2.5563,2.6176,10534161,0.1713,23611977638.4,27781662132.48,-5.315,
000898.SZ,鞍钢股份,2016-05-13,2.604,2.6517,2.5699,2.604,9279420,0.1509,23488998588.2,27636965975.54,-5.2873,
000898.SZ,鞍钢股份,2016-05-16,2.6108,2.6176,2.5631,2.6108,10231845,0.1664,23550488113.3,27709314054.01,-5.3012,
000898.SZ,鞍钢股份,2016-05-17,2.6108,2.6449,2.6108,2.6176,10762566,0.175,23611977638.4,27781662132.48,-5.315,
000898.SZ,鞍钢股份,2016-05-18,2.5904,2.5972,2.5358,2.5563,9472649,0.1541,23058571912.5,27130529426.25,-5.1905,
000898.SZ,鞍钢股份,2016-05-19,2.5699,2.6108,2.5563,2.5699,8008348,0.1302,23181550962.7,27275225583.19,-5.2181,
000898.SZ,鞍钢股份,2016-05-20,2.5426,2.5767,2.5358,2.5767,4064400,0.0661,23243040487.8,27347573661.66,-5.232,
000898.SZ,鞍钢股份,2016-05-23,2.5767,2.604,2.5699,2.5904,8267614,0.1345,23366019538,27492269818.6,-5.2597,
000898.SZ,鞍钢股份,2016-05-24,2.5835,2.5835,2.529,2.5358,12220077,0.1987,22874103337.2,26913485190.84,-5.1489,
000898.SZ,鞍钢股份,2016-05-25,2.5563,2.5699,2.5358,2.5495,7109595,0.1156,22997082387.4,27058181347.78,-5.1766,
000898.SZ,鞍钢股份,2016-05-26,2.5495,2.5631,2.5222,2.5563,10280490,0.1672,23058571912.5,27130529426.25,-5.1905,
000898.SZ,鞍钢股份,2016-05-27,2.5563,2.5972,2.5426,2.5835,8818345,0.1434,23304530012.9,27419921740.13,-5.2458,
000898.SZ,鞍钢股份,2016-05-30,2.5631,2.5835,2.5426,2.5699,9559314,0.1555,23181550962.7,27275225583.19,-5.2181,
000898.SZ,鞍钢股份,2016-05-31,2.5631,2.6449,2.5495,2.6381,26336268,0.4283,23796446213.7,27998706367.89,-5.3566,
000898.SZ,鞍钢股份,2016-06-01,2.6176,2.6449,2.6176,2.6313,15264118,0.2482,23734956688.6,27926358289.42,-5.3427,
000898.SZ,鞍钢股份,2016-06-02,2.6244,2.6381,2.6176,2.6381,11307257,0.1839,23796446213.7,27998706367.89,-5.3566,
000898.SZ,鞍钢股份,2016-06-03,2.6381,2.6381,2.6176,2.6313,9289816,0.1511,23734956688.6,27926358289.42,-5.3427,
000898.SZ,鞍钢股份,2016-06-06,2.6244,2.6585,2.6244,2.6517,14858869,0.2416,23919425263.9,28143402524.83,-5.3842,
000898.SZ,鞍钢股份,2016-06-07,2.6517,2.6517,2.6176,2.6313,7853141,0.1277,23734956688.6,27926358289.42,-5.3427,
000898.SZ,鞍钢股份,2016-06-08,2.6313,2.6313,2.604,2.6176,8334964,0.1356,23611977638.4,27781662132.48,-5.315,
000898.SZ,鞍钢股份,2016-06-13,2.5972,2.5972,2.5222,2.5222,8760651,0.1425,22751124287,26768789033.9,-5.1213,
000898.SZ,鞍钢股份,2016-06-14,2.5222,2.5358,2.5017,2.5154,8932121,0.1453,22689634761.9,26696440955.43,-5.1074,
000898.SZ,鞍钢股份,2016-06-15,2.5017,2.5563,2.4881,2.5426,9468241,0.154,22935592862.3,26985833269.31,-5.1628,
000898.SZ,鞍钢股份,2016-06-16,2.5358,2.5426,2.5086,2.5154,7480601,0.1217,22689634761.9,26696440955.43,-5.1074,
000898.SZ,鞍钢股份,2016-06-17,2.5222,2.5699,2.5154,2.5495,12399255,0.2016,22997082387.4,27058181347.78,-5.1766,
000898.SZ,鞍钢股份,2016-06-20,2.5358,2.5426,2.5154,2.5358,6737380,0.1096,22874103337.2,26913485190.84,-5.1489,
000898.SZ,鞍钢股份,2016-06-21,2.5426,2.5495,2.5086,2.5154,10883234,0.177,22689634761.9,26696440955.43,-5.1074,
000898.SZ,鞍钢股份,2016-06-22,2.5154,2.5563,2.5017,2.5563,13952771,0.2269,23058571912.5,27130529426.25,-5.1905,
000898.SZ,鞍钢股份,2016-06-23,2.5426,2.5563,2.529,2.5426,7157780,0.1164,22935592862.3,26985833269.31,-5.1628,
000898.SZ,鞍钢股份,2016-06-24,2.5358,2.5495,2.4677,2.5086,10876699,0.1769,22628145236.8,26624092876.96,-5.0936,
000898.SZ,鞍钢股份,2016-06-27,2.5767,2.7199,2.5767,2.6244,29812002,0.4848,23673467163.5,27854010210.95,-5.3289,
000898.SZ,鞍钢股份,2016-06-28,2.5767,2.604,2.5699,2.604,16880234,0.2745,23488998588.2,27636965975.54,-5.2873,
000898.SZ,鞍钢股份,2016-06-29,2.6108,2.6313,2.5904,2.6108,12452605,0.2025,23550488113.3,27709314054.01,-5.3012,
000898.SZ,鞍钢股份,2016-06-30,2.6108,2.6176,2.5904,2.6108,9267157,0.1507,23550579458.8,27709314054.01,-5.3012,
000898.SZ,鞍钢股份,2016-07-01,2.6108,2.6176,2.5972,2.604,7561017,0.123,23489089695.2,27636965975.54,-5.2873,
000898.SZ,鞍钢股份,2016-07-04,2.6108,2.7131,2.604,2.6926,34483900,0.5608,24288456622,28577490995.65,-5.4673,
000898.SZ,鞍钢股份,2016-07-05,2.6994,2.754,2.679,2.6994,21540456,0.3503,24349946385.6,28649839074.12,-5.4811,
000898.SZ,鞍钢股份,2016-07-06,2.679,2.6994,2.6585,2.6926,12957370,0.2107,24288456622,28577490995.65,-5.4673,
000898.SZ,鞍钢股份,2016-07-07,2.6858,2.7267,2.6858,2.7131,18285321,0.2974,24472925912.8,28794535231.06,-5.5088,
000898.SZ,鞍钢股份,2016-07-08,2.7403,2.7471,2.6994,2.7131,19501977,0.3172,24472925912.8,28794535231.06,-5.5088,
000898.SZ,鞍钢股份,2016-07-11,2.7335,2.7744,2.7062,2.7335,16163075,0.2629,24657395203.6,29011579466.47,-5.5503,
000898.SZ,鞍钢股份,2016-07-12,2.7471,2.9312,2.7403,2.8835,46207464,0.7515,26010170002.8,30603237192.81,-5.8548,
000898.SZ,鞍钢股份,2016-07-13,2.9176,2.9653,2.8494,2.8835,33614124,0.5467,26010170002.8,30603237192.81,-5.8548,
000898.SZ,鞍钢股份,2016-07-14,2.8767,2.9107,2.8358,2.8698,15143324,0.2463,25887190475.6,30458541035.87,-5.8272,
000898.SZ,鞍钢股份,2016-07-15,2.8767,3.013,2.8494,2.8494,31336522,0.5096,25702721184.8,30241496800.46,-5.7856,
000898.SZ,鞍钢股份,2016-07-18,2.8767,2.8835,2.8289,2.8426,18189368,0.2958,25641231421.2,30169148721.99,-5.7718,
000898.SZ,鞍钢股份,2016-07-19,2.8289,2.8426,2.7608,2.8085,21353762,0.3473,25333782603.2,29807408329.64,-5.7026,
000898.SZ,鞍钢股份,2016-07-20,2.7949,2.8085,2.7812,2.8017,9849191,0.1602,25272292839.6,29735060251.17,-5.6887,
000898.SZ,鞍钢股份,2016-07-21,2.8017,2.8426,2.7949,2.8358,17769470,0.289,25579741657.6,30096800643.52,-5.7579,
000898.SZ,鞍钢股份,2016-07-22,2.8221,2.9176,2.8017,2.8426,30215773,0.4914,25641231421.2,30169148721.99,-5.7718,
000898.SZ,鞍钢股份,2016-07-25,2.8085,2.8903,2.8085,2.8767,13208100,0.2148,25948680239.2,30530889114.34,-5.841,
000898.SZ,鞍钢股份,2016-07-26,2.8767,2.9585,2.863,2.9312,40326822,0.6558,26440598348,31109673742.1,-5.9517,
000898.SZ,鞍钢股份,2016-07-27,2.938,2.9516,2.7949,2.8494,41889583,0.6812,25702721184.8,30241496800.46,-5.7856,
000898.SZ,鞍钢股份,2016-07-28,2.8289,2.8562,2.7949,2.8085,17770401,0.289,25333782603.2,29807408329.64,-5.7026,
000898.SZ,鞍钢股份,2016-07-29,2.8085,2.8221,2.788,2.7949,7580371,0.1233,25210803076,29662712172.7,-5.6749,
000898.SZ,鞍钢股份,2016-08-01,2.7949,2.8221,2.7676,2.8153,15998015,0.2602,25395272366.8,29879756408.11,-5.7164,
000898.SZ,鞍钢股份,2016-08-02,2.8153,2.8358,2.7949,2.8358,7266778,0.1182,25579741657.6,30096800643.52,-5.7579,
000898.SZ,鞍钢股份,2016-08-03,2.8289,2.8289,2.8017,2.8153,6992539,0.1137,25395272366.8,29879756408.11,-5.7164,
000898.SZ,鞍钢股份,2016-08-04,2.8153,2.8221,2.788,2.8221,5663686,0.0921,25456762130.4,29952104486.58,-5.7303,
000898.SZ,鞍钢股份,2016-08-05,2.8221,2.863,2.8153,2.8358,10214619,0.1661,25579741657.6,30096800643.52,-5.7579,
000898.SZ,鞍钢股份,2016-08-08,2.8426,2.9585,2.8426,2.9312,28089538,0.4568,26440598348,31109673742.1,-5.9517,
000898.SZ,鞍钢股份,2016-08-09,2.9244,2.938,2.8971,2.9176,10730832,0.1745,26317618820.8,30964977585.16,-5.924,
000898.SZ,鞍钢股份,2016-08-10,2.9176,3.0403,2.9176,2.938,20177387,0.3281,26502088111.6,31182021820.57,-5.9656,
000898.SZ,鞍钢股份,2016-08-11,2.9312,3.0403,2.9244,2.9244,18555861,0.3018,26379108584.4,31037325663.63,-5.9379,
000898.SZ,鞍钢股份,2016-08-12,2.9244,2.9925,2.9107,2.9925,15041743,0.2446,26994006220.4,31760806448.33,-6.0763,
000898.SZ,鞍钢股份,2016-08-15,2.9857,3.0607,2.9585,3.0471,22458718,0.3652,27485924329.2,32339591076.09,-6.187,
000898.SZ,鞍钢股份,2016-08-16,3.0403,3.197,3.0266,3.1357,35580650,0.5786,28285291256,33280116096.2,-6.367,
000898.SZ,鞍钢股份,2016-08-17,3.1425,3.3129,3.0948,3.1561,46115350,0.75,28469760546.8,33497160331.61,-6.4085,
000898.SZ,鞍钢股份,2016-08-18,3.1357,3.1493,3.0812,3.1357,18753755,0.305,28285291256,33280116096.2,-6.367,
000898.SZ,鞍钢股份,2016-08-19,3.1357,3.1561,3.0539,3.088,13772616,0.224,27854862910.8,32773679546.91,-6.2701,
000898.SZ,鞍钢股份,2016-08-22,3.088,3.1084,3.0539,3.0812,10759309,0.175,27793373147.2,32701331468.44,-6.2562,
000898.SZ,鞍钢股份,2016-08-23,3.0675,3.1152,3.0607,3.0948,9266932,0.1507,27916352674.4,32846027625.38,-6.2839,
000898.SZ,鞍钢股份,2016-08-24,3.1016,3.1084,3.0743,3.088,6290626,0.1023,27854862910.8,32773679546.91,-6.2701,
000898.SZ,鞍钢股份,2016-08-25,3.0743,3.1766,3.0266,3.1221,26812197,0.436,28162311728.8,33135419939.26,-6.3393,
000898.SZ,鞍钢股份,2016-08-26,3.1084,3.1425,3.0675,3.1084,12029376,0.1956,28039332201.6,32990723782.32,-6.3116,
000898.SZ,鞍钢股份,2016-08-29,3.1016,3.1493,3.0675,3.1152,10868009,0.1767,28100821965.2,33063071860.79,-6.3254,
000898.SZ,鞍钢股份,2016-08-30,3.1289,3.1493,3.088,3.1084,7404491,0.1204,28039332201.6,32990723782.32,-7.417,
000898.SZ,鞍钢股份,2016-08-31,3.1084,3.1152,3.0539,3.0812,10728492,0.1745,27793373147.2,32701331468.44,-7.3519,
000898.SZ,鞍钢股份,2016-09-01,3.0812,3.088,3.0334,3.0334,10679894,0.1737,27362944802,32194894919.15,-7.2381,
000898.SZ,鞍钢股份,2016-09-02,3.0334,3.0607,3.0334,3.0471,7880277,0.1282,27485924329.2,32339591076.09,-7.2706,
000898.SZ,鞍钢股份,2016-09-05,3.0539,3.1289,3.0471,3.1084,15540233,0.2527,28039332201.6,32990723782.32,-7.417,
000898.SZ,鞍钢股份,2016-09-06,3.1221,3.1357,3.0471,3.1152,15196441,0.2471,28100821965.2,33063071860.79,-7.4332,
000898.SZ,鞍钢股份,2016-09-07,3.1084,3.163,3.0948,3.1016,13524354,0.2199,27977842438,32918375703.85,-7.4007,
000898.SZ,鞍钢股份,2016-09-08,3.1016,3.1221,3.088,3.1016,9053271,0.1472,27977842438,32918375703.85,-7.4007,
000898.SZ,鞍钢股份,2016-09-09,3.1016,3.1016,3.0539,3.0675,16044314,0.2609,27670393620,32556635311.5,-7.3194,
000898.SZ,鞍钢股份,2016-09-12,3.0471,3.0471,2.9721,2.9721,15260228,0.2482,26809536929.6,31543762212.92,-7.0917,
000898.SZ,鞍钢股份,2016-09-13,2.9857,3.0266,2.9585,2.9653,6923485,0.1126,26748047166,31471414134.45,-7.0754,
000898.SZ,鞍钢股份,2016-09-14,2.9653,2.9857,2.9448,2.9653,4548585,0.074,26748047166,31471414134.45,-7.0754,
000898.SZ,鞍钢股份,2016-09-19,2.9653,3.0675,2.9653,3.0607,12573045,0.2045,27608903856.4,32484287233.03,-7.3031,
000898.SZ,鞍钢股份,2016-09-20,3.0607,3.0607,3.0607,3.0607,--,--,27608903856.4,32484287233.03,-7.3031,
000898.SZ,鞍钢股份,2016-09-21,3.088,3.3675,3.0675,3.272,98890328,1.6082,29515086528,34727077665.6,-7.8073,
000898.SZ,鞍钢股份,2016-09-22,3.2039,3.2584,3.1493,3.2107,49757558,0.8092,28961678655.6,34075944959.37,-7.661,
000898.SZ,鞍钢股份,2016-09-23,3.272,3.347,3.2039,3.2039,46402515,0.7546,28900188892,34003596880.9,-7.6447,
000898.SZ,鞍钢股份,2016-09-26,3.2243,3.2857,3.1425,3.1425,32234419,0.5242,28346781019.6,33352464174.67,-7.4983,
000898.SZ,鞍钢股份,2016-09-27,3.1357,3.1902,3.0471,3.1425,30278037,0.4924,28346781019.6,33352464174.67,-7.4983,
000898.SZ,鞍钢股份,2016-09-28,3.1425,3.1425,3.088,3.1221,14769226,0.2402,28162311728.8,33135419939.26,-7.4495,
000898.SZ,鞍钢股份,2016-09-29,3.088,3.1561,3.0812,3.1289,17734970,0.2884,28223801492.4,33207768017.73,-7.4658,
000898.SZ,鞍钢股份,2016-09-30,3.1152,3.1493,3.0334,3.0812,28586505,0.4649,27793373147.2,32701331468.44,-7.3519,
000898.SZ,鞍钢股份,2016-10-10,3.1425,3.2379,3.1221,3.1425,31927276,0.5192,28346781019.6,33352464174.67,-7.4983,
000898.SZ,鞍钢股份,2016-10-11,3.1425,3.1425,3.0334,3.088,48932053,0.7958,27854862910.8,32773679546.91,-7.3682,
000898.SZ,鞍钢股份,2016-10-12,3.0675,3.0812,3.0334,3.0334,24927225,0.4054,27362944802,32194894919.15,-7.2381,
000898.SZ,鞍钢股份,2016-10-13,3.0198,3.0607,3.0198,3.0471,16680518,0.2713,27485924329.2,32339591076.09,-7.2706,
000898.SZ,鞍钢股份,2016-10-14,3.0675,3.088,3.0334,3.0471,16803944,0.2733,27485924329.2,32339591076.09,-7.2706,
000898.SZ,鞍钢股份,2016-10-17,3.0607,3.1425,3.0403,3.0743,28623480,0.4655,27731883383.6,32628983389.97,-7.3357,
000898.SZ,鞍钢股份,2016-10-18,3.0675,3.1084,3.0471,3.1084,22145240,0.3601,28039332201.6,32990723782.32,-7.417,
000898.SZ,鞍钢股份,2016-10-19,3.1152,3.1221,3.0471,3.0607,31136144,0.5064,27608903856.4,32484287233.03,-7.3031,
000898.SZ,鞍钢股份,2016-10-20,3.0675,3.088,3.0539,3.0607,15406580,0.2506,27608903856.4,32484287233.03,-7.3031,
000898.SZ,鞍钢股份,2016-10-21,3.0607,3.0948,3.0403,3.0539,24282937,0.3949,27547414092.8,32411939154.56,-7.2869,
000898.SZ,鞍钢股份,2016-10-24,3.0539,3.1221,3.0539,3.1084,35523545,0.5777,28039332201.6,32990723782.32,-7.417,
000898.SZ,鞍钢股份,2016-10-25,3.1289,3.1698,3.1152,3.1561,35812420,0.5824,28469760546.8,33497160331.61,-7.5308,
000898.SZ,鞍钢股份,2016-10-26,3.1289,3.163,3.1084,3.163,31621376,0.5143,28531250310.4,33569508410.08,-7.5471,
000898.SZ,鞍钢股份,2016-10-27,3.1698,3.2175,3.1221,3.1425,36576685,0.5948,28346781019.6,33352464174.67,-12.226,
000898.SZ,鞍钢股份,2016-10-28,3.1221,3.1425,3.1016,3.1084,18713546,0.3043,28039332201.6,32990723782.32,-12.0934,
000898.SZ,鞍钢股份,2016-10-31,3.1084,3.1152,3.0471,3.088,16995421,0.2764,27854862910.8,32773679546.91,-12.0138,
000898.SZ,鞍钢股份,2016-11-01,3.088,3.1084,3.0743,3.0948,12584909,0.2047,27916352674.4,32846027625.38,-12.0403,
000898.SZ,鞍钢股份,2016-11-02,3.0812,3.088,3.0471,3.0471,18547597,0.3016,27485924329.2,32339591076.09,-11.8547,
000898.SZ,鞍钢股份,2016-11-03,3.0471,3.0812,3.0403,3.0675,18062819,0.2938,27670393620,32556635311.5,-11.9343,
000898.SZ,鞍钢股份,2016-11-04,3.0675,3.0743,3.0471,3.0607,11813445,0.1921,27608903856.4,32484287233.03,-11.9077,
000898.SZ,鞍钢股份,2016-11-07,3.0743,3.1425,3.0471,3.1289,30283788,0.4925,28223801492.4,33207768017.73,-12.1729,
000898.SZ,鞍钢股份,2016-11-08,3.1289,3.1493,3.088,3.1221,23928662,0.3891,28162311728.8,33135419939.26,-12.1464,
000898.SZ,鞍钢股份,2016-11-09,3.1221,3.1357,3.0607,3.1016,22999893,0.374,27977842438,32918375703.85,-12.0669,
000898.SZ,鞍钢股份,2016-11-10,3.1357,3.197,3.1289,3.1902,51996465,0.8456,28777209364.8,33858900723.96,-12.4116,
000898.SZ,鞍钢股份,2016-11-11,3.1902,3.347,3.1698,3.3129,64795364,1.0538,29884025109.6,35161166136.42,-12.889,
000898.SZ,鞍钢股份,2016-11-14,3.272,3.422,3.2516,3.3402,60350773,0.9815,30129984164,35450558450.3,-12.9951,
000898.SZ,鞍钢股份,2016-11-15,3.347,3.4288,3.2925,3.3129,48838295,0.7943,29884025109.6,35161166136.42,-12.889,
000898.SZ,鞍钢股份,2016-11-16,3.3061,3.347,3.2448,3.2993,31766229,0.5166,29761045582.4,35016469979.48,-12.8359,
000898.SZ,鞍钢股份,2016-11-17,3.3061,3.3402,3.2857,3.3129,20801271,0.3383,29884025109.6,35161166136.42,-12.889,
000898.SZ,鞍钢股份,2016-11-18,3.3129,3.3402,3.2584,3.272,16876197,0.2745,29515086528,34727077665.6,-12.7299,
000898.SZ,鞍钢股份,2016-11-21,3.272,3.3197,3.2448,3.2925,15973628,0.2598,29699555818.8,34944121901.01,-12.8094,
000898.SZ,鞍钢股份,2016-11-22,3.2857,3.3879,3.2857,3.3675,23433028,0.3811,30375943218.4,35739950764.18,-13.1012,
000898.SZ,鞍钢股份,2016-11-23,3.3947,3.4084,3.3402,3.3606,22477999,0.3656,30314453454.8,35667602685.71,-13.0746,
000898.SZ,鞍钢股份,2016-11-24,3.3675,3.4084,3.347,3.3743,22263026,0.3621,30437432982,35812298842.65,-13.1277,
000898.SZ,鞍钢股份,2016-11-25,3.3743,3.5242,3.347,3.5106,41793376,0.6797,31667228254,37259260412.05,-13.6581,
000898.SZ,鞍钢股份,2016-11-28,3.5447,3.6878,3.5174,3.5924,46484203,0.756,32405105417.2,38127437353.69,-13.9763,
000898.SZ,鞍钢股份,2016-11-29,3.5856,3.9196,3.5651,3.6742,76695378,1.2473,33142982580.4,38995614295.33,-14.2946,
000898.SZ,鞍钢股份,2016-11-30,3.6129,3.6878,3.5174,3.5515,43275125,0.7038,32036166835.6,37693348882.87,-13.8172,
000898.SZ,鞍钢股份,2016-12-01,3.572,3.8515,3.5242,3.8106,58008954,0.9434,34372777852.4,40442575864.73,-14.825,
000898.SZ,鞍钢股份,2016-12-02,3.7969,4.09,3.756,3.8515,71153797,1.1572,34741716434,40876664335.55,-14.9841,
000898.SZ,鞍钢股份,2016-12-05,3.8106,4.0151,3.7288,3.7833,40285748,0.6552,34126818798,40153183550.85,-14.7189,
000898.SZ,鞍钢股份,2016-12-06,3.7901,3.8787,3.681,3.7219,33933861,0.5519,33573410925.6,39502050844.62,-14.4802,
000898.SZ,鞍钢股份,2016-12-07,3.756,4.0969,3.7356,4.0969,126070257,2.0503,36955347923.6,43481195160.47,-15.9389,
000898.SZ,鞍钢股份,2016-12-08,4.056,4.09,3.9401,4.0014,79736989,1.2968,36094491233.2,42468322061.89,-15.5676,
000898.SZ,鞍钢股份,2016-12-09,3.9742,4.056,3.9264,3.9673,55428754,0.9014,35787042415.2,42106581669.54,-15.435,
000898.SZ,鞍钢股份,2016-12-12,4.0219,4.1582,3.8446,3.9264,60595141,0.9855,35418103833.6,41672493198.72,-15.2758,
000898.SZ,鞍钢股份,2016-12-13,3.9128,4.09,3.8037,4.0764,67584426,1.0991,36770878632.8,43264150925.06,-15.8593,
000898.SZ,鞍钢股份,2016-12-14,4.0219,4.0355,3.7219,3.756,54228086,0.8819,33880859743.6,39863791236.97,-14.6128,
000898.SZ,鞍钢股份,2016-12-15,3.7219,3.8106,3.6265,3.7015,48500986,0.7888,33388941634.8,39285006609.21,-14.4007,
000898.SZ,鞍钢股份,2016-12-16,3.6878,3.7083,3.6333,3.6469,21727591,0.3534,32897023526,38706221981.45,-14.1885,
000898.SZ,鞍钢股份,2016-12-19,3.6129,3.6947,3.5788,3.6265,24371846,0.3964,32712554235.2,38489177746.04,-14.1089,
000898.SZ,鞍钢股份,2016-12-20,3.6469,3.6606,3.4288,3.4629,40098312,0.6521,31236799908.8,36752823862.76,-13.4724,
000898.SZ,鞍钢股份,2016-12-21,3.4765,3.5788,3.4493,3.5515,35521130,0.5777,32036166835.6,37693348882.87,-13.8172,
000898.SZ,鞍钢股份,2016-12-22,3.5379,3.5651,3.4493,3.4765,37177476,0.6046,31359779436,36897520019.7,-13.5255,
000898.SZ,鞍钢股份,2016-12-23,3.4629,3.4902,3.4288,3.4561,20414731,0.332,31175310145.2,36680475784.29,-13.4459,
000898.SZ,鞍钢股份,2016-12-26,3.4356,3.4356,3.2925,3.4084,33474589,0.5444,30744881800,36174039235,-13.2603,
000898.SZ,鞍钢股份,2016-12-27,3.4015,3.4424,3.3606,3.4356,22122186,0.3598,30990840854.4,36463431548.88,-13.3664,
000898.SZ,鞍钢股份,2016-12-28,3.4424,3.4902,3.4084,3.422,23419861,0.3809,30867861327.2,36318735391.94,-13.3133,
000898.SZ,鞍钢股份,2016-12-29,3.3879,3.4697,3.3606,3.4084,25365983,0.4125,30744881800,36174039235,-13.2603,
000898.SZ,鞍钢股份,2016-12-30,3.3947,3.4561,3.3811,3.4356,19209253,0.3124,30990840854.4,36463431548.88,-13.3664,
000898.SZ,鞍钢股份,2017-01-03,3.4424,3.4629,3.3947,3.4561,28366963,0.4613,31175402672.7,36680475784.29,-13.4459,
000898.SZ,鞍钢股份,2017-01-04,3.4561,3.5174,3.4288,3.5174,30834296,0.5015,31728812187.6,37331608490.52,-13.6846,
000898.SZ,鞍钢股份,2017-01-05,3.5174,3.5379,3.4902,3.5379,23640343,0.3845,31913282025.9,37548652725.93,-13.7642,
000898.SZ,鞍钢股份,2017-01-06,3.5311,3.5788,3.5106,3.5242,24413564,0.397,31790302133.7,37403956568.99,-13.7111,
000898.SZ,鞍钢股份,2017-01-09,3.5174,3.5788,3.4833,3.572,24133330,0.3925,32220731756.4,37910393118.28,-13.8968,
000898.SZ,鞍钢股份,2017-01-10,3.5583,3.7901,3.5583,3.7424,52557941,0.8547,33757980408.9,39719095080.03,-14.5598,
000898.SZ,鞍钢股份,2017-01-11,3.7151,3.9878,3.7015,3.7765,61351690,0.9978,34065430139.4,40080835472.38,-14.6924,
000898.SZ,鞍钢股份,2017-01-12,3.7833,3.8855,3.681,3.7151,27507287,0.4473,33512020624.5,39429702766.15,-14.4537,
000898.SZ,鞍钢股份,2017-01-13,3.7015,3.7697,3.6333,3.7219,20329465,0.3306,33573510570.6,39502050844.62,-14.4802,
000898.SZ,鞍钢股份,2017-01-16,3.8037,3.8242,3.5583,3.7151,29941835,0.4869,33512020624.5,39429702766.15,-14.4537,
000898.SZ,鞍钢股份,2017-01-17,3.7015,3.8106,3.6538,3.7628,26085816,0.4242,33942450247.2,39936139315.44,-14.6393,
000898.SZ,鞍钢股份,2017-01-18,3.7492,3.9605,3.7288,3.9333,42114201,0.6849,35479698899.7,41744841277.19,-15.3024,
000898.SZ,鞍钢股份,2017-01-19,3.9196,4.0014,3.8446,3.8992,28040193,0.456,35172249169.2,41383100884.84,-15.1698,
000898.SZ,鞍钢股份,2017-01-20,3.8787,3.9878,3.8787,3.906,19785353,0.3218,35233739115.3,41455448963.31,-15.1963,
000898.SZ,鞍钢股份,2017-01-23,3.8924,3.9878,3.8719,3.9742,22324466,0.3631,35848638576.3,42178929748.01,-15.4615,
000898.SZ,鞍钢股份,2017-01-24,3.9537,4.1991,3.9333,4.0696,32959402,0.536,36709497821.7,43191802846.59,-15.8328,
000898.SZ,鞍钢股份,2017-01-25,4.0491,4.1718,4.0355,4.0628,20142194,0.3276,36648007875.6,43119454768.12,-15.8063,
000898.SZ,鞍钢股份,2017-01-26,4.1037,4.1378,4.0628,4.1241,15723698,0.2557,37201417390.5,43770587474.35,-16.0449,
000898.SZ,鞍钢股份,2017-02-03,4.0764,4.1105,3.8651,4.0423,30262697,0.4922,36463538037.3,42902410532.71,-15.7267,
000898.SZ,鞍钢股份,2017-02-06,3.981,3.9946,3.8719,3.9333,26576795,0.4322,35479698899.7,41744841277.19,-15.3024,
000898.SZ,鞍钢股份,2017-02-07,3.9196,4.0423,3.8924,3.981,24529257,0.3989,35910128522.4,42251277826.48,-15.488,
000898.SZ,鞍钢股份,2017-02-08,3.9742,4.0219,3.9264,4.0219,13316898,0.2166,36279068199,42685366297.3,-15.6471,
000898.SZ,鞍钢股份,2017-02-09,4.0151,4.1309,3.9742,4.0014,27863827,0.4531,36094598360.7,42468322061.89,-15.5676,
000898.SZ,鞍钢股份,2017-02-10,4.0219,4.2809,4.0151,4.1378,47764523,0.7768,37324397282.7,43915283631.29,-16.098,
000898.SZ,鞍钢股份,2017-02-13,4.1923,4.2536,4.1105,4.1787,32437084,0.5275,37693336959.3,44349372102.11,-16.2571,
000898.SZ,鞍钢股份,2017-02-14,4.1923,4.315,4.1378,4.3082,41556371,0.6758,38861645935.2,45723985593.04,-16.761,
000898.SZ,鞍钢股份,2017-02-15,4.2468,4.2741,4.1923,4.2127,25713595,0.4182,38000786689.8,44711112494.46,-16.3897,
000898.SZ,鞍钢股份,2017-02-16,4.1787,4.2332,4.1514,4.1787,25554444,0.4156,37693336959.3,44349372102.11,-16.2571,
000898.SZ,鞍钢股份,2017-02-17,4.1582,4.1923,4.0764,4.0832,22288668,0.3625,36832477713.9,43336499003.53,-15.8858,
000898.SZ,鞍钢股份,2017-02-20,4.0832,4.2059,4.0764,4.1923,30614485,0.4979,37816316851.5,44494068259.05,-16.3101,
000898.SZ,鞍钢股份,2017-02-21,4.2536,4.3286,4.2059,4.2809,43321682,0.7045,38615686150.8,45434593279.16,-16.6549,
000898.SZ,鞍钢股份,2017-02-22,4.2741,4.4309,4.2196,4.3763,41052321,0.6676,39476545396.2,46447466377.74,-17.0262,
000898.SZ,鞍钢股份,2017-02-23,4.3286,4.3832,4.2605,4.2741,27596680,0.4488,38554196204.7,45362245200.69,-16.6284,
000898.SZ,鞍钢股份,2017-02-24,4.24,4.2741,4.1241,4.2127,31535824,0.5129,38000786689.8,44711112494.46,-16.3897,
000898.SZ,鞍钢股份,2017-02-27,4.2196,4.2673,4.1446,4.1514,24614877,0.4003,37447377174.9,44059979788.23,-16.151,
000898.SZ,鞍钢股份,2017-02-28,4.1514,4.1787,4.0491,4.1105,19144016,0.3113,37078437498.3,43625891317.41,-15.9919,
000898.SZ,鞍钢股份,2017-03-01,4.1037,4.1378,4.0696,4.1173,23448790,0.3813,37139927444.4,43698239395.88,-16.0184,
000898.SZ,鞍钢股份,2017-03-02,4.1378,4.2127,4.0832,4.09,21047036,0.3423,36893967660,43408847082,-15.9123,
000898.SZ,鞍钢股份,2017-03-03,4.0423,4.1514,3.9605,4.0423,34971703,0.5687,36463538037.3,42902410532.71,-15.7267,
000898.SZ,鞍钢股份,2017-03-06,4.056,4.1105,4.0287,4.0969,24656204,0.401,36955457606.1,43481195160.47,-15.9389,
000898.SZ,鞍钢股份,2017-03-07,4.0832,4.09,4.0014,4.0355,17053508,0.2773,36402048091.2,42830062454.24,-15.7002,
000898.SZ,鞍钢股份,2017-03-08,4.0355,4.056,3.9537,3.9878,22978287,0.3737,35971618468.5,42323625904.95,-15.5145,
000898.SZ,鞍钢股份,2017-03-09,3.9673,3.9742,3.8924,3.9673,18491743,0.3007,35787148630.2,42106581669.54,-15.435,
000898.SZ,鞍钢股份,2017-03-10,3.9401,4.0082,3.8855,3.8992,26048217,0.4236,35172249169.2,41383100884.84,-15.1698,
000898.SZ,鞍钢股份,2017-03-13,3.906,3.9946,3.8446,3.9946,25599787,0.4163,36033108414.6,42395973983.42,-15.541,
000898.SZ,鞍钢股份,2017-03-14,3.9946,4.1241,3.9742,4.056,37227638,0.6054,36586517929.5,43047106689.65,-15.7797,
000898.SZ,鞍钢股份,2017-03-15,4.0832,4.1787,4.0628,4.1105,29937619,0.4869,37078437498.3,43625891317.41,-15.9919,
000898.SZ,鞍钢股份,2017-03-16,4.1105,4.1787,4.0696,4.1446,19765499,0.3214,37385887228.8,43987631709.76,-16.1245,
000898.SZ,鞍钢股份,2017-03-17,4.1446,4.1446,3.9742,3.9878,36018931,0.5858,35971618468.5,42323625904.95,-15.5145,
000898.SZ,鞍钢股份,2017-03-20,3.9878,4.0151,3.9196,3.9605,21866963,0.3556,35725658684.1,42034233591.07,-15.4084,
000898.SZ,鞍钢股份,2017-03-21,3.9537,3.9537,3.831,3.8719,41497136,0.6749,34926289384.8,41093708570.96,-15.0637,
000898.SZ,鞍钢股份,2017-03-22,3.831,3.831,3.6947,3.7288,54536211,0.8869,33635000516.7,39574398923.09,-14.5067,
000898.SZ,鞍钢股份,2017-03-23,3.7424,3.7765,3.7219,3.756,23433377,0.3811,33880960301.1,39863791236.97,-14.6128,
000898.SZ,鞍钢股份,2017-03-24,3.7697,3.7901,3.7083,3.7833,20646956,0.3358,34126920085.5,40153183550.85,-14.7189,
000898.SZ,鞍钢股份,2017-03-27,3.7628,3.7697,3.7151,3.7288,30444273,0.4951,33635000516.7,39574398923.09,-14.5067,
000898.SZ,鞍钢股份,2017-03-28,3.7219,3.756,3.7219,3.7424,13038626,0.212,33757980408.9,39719095080.03,-14.5598,
000898.SZ,鞍钢股份,2017-03-29,3.7628,3.8446,3.7424,3.8106,26006203,0.4229,34372879869.9,40442575864.73,25.0263,
000898.SZ,鞍钢股份,2017-03-30,3.8106,3.831,3.7492,3.7492,20651253,0.3358,33819470355,39791443158.5,24.6234,
000898.SZ,鞍钢股份,2017-03-31,3.756,3.7901,3.7288,3.7628,16395607,0.2666,33942450247.2,39936139315.44,24.713,
000898.SZ,鞍钢股份,2017-04-05,3.8446,3.9401,3.8242,3.9264,35480832,0.577,35418208953.6,41672493198.72,25.7874,
000898.SZ,鞍钢股份,2017-04-06,3.9333,3.9537,3.8719,3.906,28838333,0.469,35233739115.3,41455448963.31,25.6531,
000898.SZ,鞍钢股份,2017-04-07,3.8924,3.8924,3.8106,3.8378,33760327,0.549,34618839654.3,40731968178.61,25.2054,
000898.SZ,鞍钢股份,2017-04-10,3.8446,3.9196,3.831,3.8855,30761100,0.5003,35049269277,41238404727.9,25.5188,
000898.SZ,鞍钢股份,2017-04-11,3.8992,3.9128,3.8242,3.8924,25320853,0.4118,35110759223.1,41310752806.37,25.5636,
000898.SZ,鞍钢股份,2017-04-12,3.8924,3.8992,3.831,3.8651,26165532,0.4255,34864799438.7,41021360492.49,25.3845,
000898.SZ,鞍钢股份,2017-04-13,3.8583,3.8855,3.8242,3.8787,15597878,0.2537,34987779330.9,41166056649.43,25.474,
000898.SZ,鞍钢股份,2017-04-14,3.8992,3.9401,3.8651,3.8855,24216775,0.3938,35049269277,41238404727.9,25.5188,
000898.SZ,鞍钢股份,2017-04-17,3.8787,3.8855,3.7969,3.8446,18393025,0.2991,34680329600.4,40804316257.08,25.2502,
000898.SZ,鞍钢股份,2017-04-18,3.8378,3.8446,3.7015,3.7356,22493014,0.3658,33696490462.8,39646747001.56,24.5339,
000898.SZ,鞍钢股份,2017-04-19,3.7083,3.7151,3.5174,3.5583,37971651,0.6175,32097751864.2,37765696961.34,23.3699,
000898.SZ,鞍钢股份,2017-04-20,3.5583,3.606,3.5242,3.5583,18846538,0.3065,32097751864.2,37765696961.34,23.3699,
000898.SZ,鞍钢股份,2017-04-21,3.5924,3.6129,3.5651,3.572,13456483,0.2188,32220731756.4,37910393118.28,23.4594,
000898.SZ,鞍钢股份,2017-04-24,3.5583,3.5651,3.4765,3.4833,15468167,0.2516,31421362457.1,36969868098.17,22.8774,
000898.SZ,鞍钢股份,2017-04-25,3.497,3.5379,3.4833,3.5174,9526614,0.1549,31728812187.6,37331608490.52,23.1012,
000898.SZ,鞍钢股份,2017-04-26,3.5242,3.5515,3.5174,3.5379,11826358,0.1923,31913282025.9,37548652725.93,23.2356,
000898.SZ,鞍钢股份,2017-04-27,3.5379,3.5447,3.4697,3.5311,14081000,0.229,31851792079.8,37476304647.46,23.1908,
000898.SZ,鞍钢股份,2017-04-28,3.5447,3.6606,3.5379,3.6333,20390977,0.3316,32774141271.3,38561525824.51,23.8623,
000898.SZ,鞍钢股份,2017-05-02,3.6674,3.7083,3.6469,3.6742,22340240,0.3633,33143080947.9,38995614295.33,11.8169,
000898.SZ,鞍钢股份,2017-05-03,3.6674,3.6742,3.5856,3.6401,14595086,0.2374,32835631217.4,38633873902.98,11.7072,
000898.SZ,鞍钢股份,2017-05-04,3.5992,3.6197,3.5583,3.5788,15573417,0.2533,32282221702.5,37982741196.75,11.5099,
000898.SZ,鞍钢股份,2017-05-05,3.5515,3.572,3.4833,3.5038,18344543,0.2983,31605832295.4,37186912333.58,11.2688,
000898.SZ,鞍钢股份,2017-05-08,3.5038,3.5515,3.4833,3.5038,15590739,0.2535,31605832295.4,37186912333.58,11.2688,
000898.SZ,鞍钢股份,2017-05-09,3.5106,3.5242,3.4697,3.5242,17865473,0.2905,31790302133.7,37403956568.99,11.3345,
000898.SZ,鞍钢股份,2017-05-10,3.5242,3.5379,3.4288,3.4288,20530328,0.3339,30929442888.3,36391083470.41,11.0276,
000898.SZ,鞍钢股份,2017-05-11,3.4084,3.4084,3.2857,3.347,28163285,0.458,30191563535.1,35522906528.77,10.7645,
000898.SZ,鞍钢股份,2017-05-12,3.3402,3.3538,3.3129,3.3334,16854273,0.2741,30068583642.9,35378210371.83,10.7207,
000898.SZ,鞍钢股份,2017-05-15,3.347,3.3811,3.3402,3.3606,16628068,0.2704,30314543427.3,35667602685.71,10.8084,
000898.SZ,鞍钢股份,2017-05-16,3.3606,3.4152,3.3197,3.4152,19475826,0.3167,30806462996.1,36246387313.47,10.9838,
000898.SZ,鞍钢股份,2017-05-17,3.4084,3.4561,3.3947,3.4424,20324386,0.3305,31052422780.5,36535779627.35,11.0714,
000898.SZ,鞍钢股份,2017-05-18,3.4288,3.4561,3.4084,3.422,15736077,0.2559,30867952942.2,36318735391.94,11.0057,
000898.SZ,鞍钢股份,2017-05-19,3.4424,3.4833,3.4356,3.4765,19337888,0.3145,31359872511,36897520019.7,11.1811,
000898.SZ,鞍钢股份,2017-05-22,3.5106,3.572,3.4833,3.5106,19990353,0.3251,31667322241.5,37259260412.05,11.2907,
000898.SZ,鞍钢股份,2017-05-23,3.5174,3.5311,3.4765,3.4765,18463590,0.3003,31359872511,36897520019.7,11.1811,
000898.SZ,鞍钢股份,2017-05-24,3.4561,3.4697,3.3811,3.4629,13965523,0.2271,31236892618.8,36752823862.76,11.1372,
000898.SZ,鞍钢股份,2017-05-25,3.4833,3.5515,3.4561,3.5379,22302314,0.3627,31913282025.9,37548652725.93,11.3784,
000898.SZ,鞍钢股份,2017-05-26,3.5379,3.6333,3.5242,3.5515,20883254,0.3396,32036261918.1,37693348882.87,11.4222,
000898.SZ,鞍钢股份,2017-05-31,3.5856,3.5924,3.5447,3.5515,15805425,0.257,32036261918.1,37693348882.87,11.4222,
000898.SZ,鞍钢股份,2017-06-01,3.5379,3.5515,3.5038,3.5106,15437363,0.2511,31667322241.5,37259260412.05,11.2907,
000898.SZ,鞍钢股份,2017-06-02,3.497,3.5651,3.4765,3.5447,13404276,0.218,31974771972,37621000804.4,11.4003,
000898.SZ,鞍钢股份,2017-06-05,3.5515,3.572,3.5311,3.5311,10437027,0.1697,31851792079.8,37476304647.46,11.3565,
000898.SZ,鞍钢股份,2017-06-06,3.5242,3.5788,3.5106,3.5788,9192721,0.1495,32282221702.5,37982741196.75,11.5099,
000898.SZ,鞍钢股份,2017-06-07,3.5924,3.6197,3.572,3.606,18282388,0.2973,32528181486.9,38272133510.63,11.5976,
000898.SZ,鞍钢股份,2017-06-08,3.5992,3.6197,3.5788,3.5924,12819689,0.2085,32405201594.7,38127437353.69,11.5538,
000898.SZ,鞍钢股份,2017-06-09,3.5992,3.5992,3.5242,3.572,20808838,0.3384,32220731756.4,37910393118.28,11.488,
000898.SZ,鞍钢股份,2017-06-12,3.5515,3.572,3.5038,3.5038,14450341,0.235,31605832295.4,37186912333.58,11.2688,
000898.SZ,鞍钢股份,2017-06-13,3.5038,3.5856,3.497,3.572,18044000,0.2934,32220731756.4,37910393118.28,11.488,
000898.SZ,鞍钢股份,2017-06-14,3.5583,3.5992,3.5515,3.572,15970364,0.2597,32220731756.4,37910393118.28,11.488,
000898.SZ,鞍钢股份,2017-06-15,3.5788,3.6469,3.5788,3.6401,23211522,0.3775,32835631217.4,38633873902.98,11.7072,
000898.SZ,鞍钢股份,2017-06-16,3.6469,3.6947,3.5992,3.6197,26729715,0.4347,32651161379.1,38416829667.57,11.6415,
000898.SZ,鞍钢股份,2017-06-19,3.6197,3.6742,3.606,3.6742,18776470,0.3054,33143080947.9,38995614295.33,11.8169,
000898.SZ,鞍钢股份,2017-06-20,3.6674,3.7083,3.6538,3.6674,24722716,0.4021,33081591001.8,38923266216.86,11.7949,
000898.SZ,鞍钢股份,2017-06-21,3.7083,3.7356,3.6742,3.7083,23692945,0.3853,33450530678.4,39357354687.68,11.9265,
000898.SZ,鞍钢股份,2017-06-22,3.7151,3.7151,3.6469,3.6538,20635859,0.3356,32958611109.6,38778570059.92,11.7511,
000898.SZ,鞍钢股份,2017-06-23,3.6538,3.6742,3.6129,3.6674,18864925,0.3068,33081591001.8,38923266216.86,11.7949,
000898.SZ,鞍钢股份,2017-06-26,3.6674,3.7833,3.6606,3.7765,33425472,0.5436,34065430139.4,40080835472.38,12.1457,
000898.SZ,鞍钢股份,2017-06-27,3.7628,3.8242,3.7492,3.7901,26864352,0.4369,34188410031.6,40225531629.32,12.1896,
000898.SZ,鞍钢股份,2017-06-28,3.7833,3.8855,3.7697,3.8651,41567096,0.676,34864799438.7,41021360492.49,12.4307,
000898.SZ,鞍钢股份,2017-06-29,3.8583,3.8924,3.831,3.8583,24864981,0.4044,34803309492.6,40949012414.02,12.4088,
000898.SZ,鞍钢股份,2017-06-30,3.8652,3.9135,3.8445,3.9066,32132395,0.5226,34803309492.6,40949012414.02,12.4088,
000898.SZ,鞍钢股份,2017-07-03,3.9204,4.0584,3.8997,4.0515,52475014,0.8534,36094598360.7,42468322061.89,12.8692,
000898.SZ,鞍钢股份,2017-07-04,4.0239,4.0515,3.948,3.9549,34358362,0.5588,35233739115.3,41455448963.31,12.5623,
000898.SZ,鞍钢股份,2017-07-05,3.9756,3.9963,3.948,3.9756,28504742,0.4636,35418208953.6,41672493198.72,12.628,
000898.SZ,鞍钢股份,2017-07-06,3.9825,4.0446,3.9411,4.0308,42394565,0.6895,35910128522.4,42251277826.48,12.8034,
000898.SZ,鞍钢股份,2017-07-07,4.0032,4.0653,3.9687,4.0515,31035481,0.5047,36094598360.7,42468322061.89,12.8692,
000898.SZ,鞍钢股份,2017-07-10,4.0929,4.2655,4.086,4.1827,69917737,1.1371,37262907336.6,43842935552.82,13.2857,
000898.SZ,鞍钢股份,2017-07-11,4.1827,4.2241,4.1067,4.1344,35669411,0.5801,36832477713.9,43336499003.53,13.1323,
000898.SZ,鞍钢股份,2017-07-12,4.1344,4.2103,4.0101,4.1275,36150033,0.5879,36770987767.8,43264150925.06,13.1103,
000898.SZ,鞍钢股份,2017-07-13,4.1275,4.2241,4.0929,4.162,43613910,0.7093,37078437498.3,43625891317.41,13.22,
000898.SZ,鞍钢股份,2017-07-14,4.1482,4.231,4.1413,4.1758,40113159,0.6524,37201417390.5,43770587474.35,13.2638,
000898.SZ,鞍钢股份,2017-07-17,4.1758,4.2103,4.017,4.0998,42749835,0.6952,36525027983.4,42974758611.18,13.0227,
000898.SZ,鞍钢股份,2017-07-18,4.0584,4.2103,4.0584,4.2103,44672314,0.7265,37508867121,44132327866.7,13.3734,
000898.SZ,鞍钢股份,2017-07-19,4.2034,4.369,4.1896,4.3414,90361020,1.4695,38677176096.9,45506941357.63,13.79,
000898.SZ,鞍钢股份,2017-07-20,4.3345,4.3552,4.231,4.2586,66897372,1.0879,37939296743.7,44638764415.99,13.5269,
000898.SZ,鞍钢股份,2017-07-21,4.2379,4.2448,4.1965,4.231,36337045,0.5909,37693336959.3,44349372102.11,13.4392,
000898.SZ,鞍钢股份,2017-07-24,4.231,4.3,4.2034,4.2241,46719568,0.7598,37631847013.2,44277024023.64,13.4173,
000898.SZ,鞍钢股份,2017-07-25,4.2379,4.2655,4.1551,4.2241,27561826,0.4482,37631847013.2,44277024023.64,13.4173,
000898.SZ,鞍钢股份,2017-07-26,4.2172,4.2793,4.1896,4.2172,25214942,0.4101,37570357067.1,44204675945.17,13.3954,
000898.SZ,鞍钢股份,2017-07-27,4.2034,4.2517,4.1344,4.1551,31317248,0.5093,37016947552.2,43553543238.94,13.198,
000898.SZ,鞍钢股份,2017-07-28,4.1551,4.2448,4.1344,4.2241,23885200,0.3884,37631847013.2,44277024023.64,13.4173,
000898.SZ,鞍钢股份,2017-07-31,4.2517,4.3966,4.2448,4.3345,134201435,2.1825,38615686150.8,45434593279.16,13.7681,
000898.SZ,鞍钢股份,2017-08-01,4.3276,4.4173,4.2931,4.3483,66394746,1.0798,38738666043,45579289436.1,13.8119,
000898.SZ,鞍钢股份,2017-08-02,4.3345,4.5692,4.3207,4.4657,98130272,1.5959,39783995126.7,46809206770.09,14.1846,
000898.SZ,鞍钢股份,2017-08-03,4.4588,4.7279,4.4588,4.6934,86531554,1.4072,41813163348,49196693359.6,14.9081,
000898.SZ,鞍钢股份,2017-08-04,4.7003,5.1559,4.7003,4.8522,116099817,1.8881,43227432108.3,50860699164.41,15.4123,
000898.SZ,鞍钢股份,2017-08-07,5.1006,5.3353,4.9074,5.3146,150980525,2.4554,47347258497,55708020421.9,16.8812,
000898.SZ,鞍钢股份,2017-08-08,5.3008,5.6045,5.1973,5.4181,135089732,2.1969,48269607688.5,56793241598.95,17.2101,
000898.SZ,鞍钢股份,2017-08-09,5.3422,5.6321,5.1766,5.57,96536695,1.57,49622386502.7,58384899325.29,17.6924,
000898.SZ,鞍钢股份,2017-08-10,5.3905,5.4596,5.2042,5.2249,77948092,1.2677,46547889197.7,54767495401.79,16.5962,
000898.SZ,鞍钢股份,2017-08-11,5.0937,5.1421,4.7003,4.7555,103225468,1.6787,42366572862.9,49847826065.83,15.1054,
000898.SZ,鞍钢股份,2017-08-14,4.7693,5.0523,4.6451,4.6934,138588271,2.2538,41813163348,49196693359.6,14.9081,
000898.SZ,鞍钢股份,2017-08-15,4.6796,4.7762,4.5968,4.7417,84771779,1.3786,42243592970.7,49703129908.89,15.0616,
000898.SZ,鞍钢股份,2017-08-16,4.721,4.7901,4.5692,4.6313,88931458,1.4463,41259753833.1,48545560653.37,14.7108,
000898.SZ,鞍钢股份,2017-08-17,4.7279,4.7555,4.6106,4.6865,80142332,1.3033,41751673401.9,49124345281.13,14.8862,
000898.SZ,鞍钢股份,2017-08-18,4.6037,4.6451,4.5347,4.6382,54959605,0.8938,41321243779.2,48617908731.84,14.7327,
000898.SZ,鞍钢股份,2017-08-21,4.6589,4.797,4.6037,4.7693,84306303,1.3711,42489552755.1,49992522222.77,15.1492,
000898.SZ,鞍钢股份,2017-08-22,4.7693,4.7693,4.652,4.6934,56922783,0.9257,41813163348,49196693359.6,14.9081,
000898.SZ,鞍钢股份,2017-08-23,4.5899,4.6037,4.4518,4.4795,70512415,1.1467,39906975018.9,46953902927.03,14.2285,
000898.SZ,鞍钢股份,2017-08-24,4.5002,4.5278,4.4449,4.4657,32641513,0.5308,39783995126.7,46809206770.09,14.1846,
000898.SZ,鞍钢股份,2017-08-25,4.5209,4.7072,4.514,4.5623,82772483,1.3461,40644854372.1,47822079868.67,14.4915,
000898.SZ,鞍钢股份,2017-08-28,4.5209,4.7693,4.5002,4.6934,92397430,1.5026,41813163348,49196693359.6,14.9081,
000898.SZ,鞍钢股份,2017-08-29,4.6934,4.9143,4.6658,4.8315,83061917,1.3508,43042962270,50643654929,16.1337,
000898.SZ,鞍钢股份,2017-08-30,4.8177,5.1283,4.7831,5.0454,97739761,1.5895,44949150599.1,52886445361.57,16.8482,
000898.SZ,鞍钢股份,2017-08-31,5.0109,5.1559,4.9005,5.0592,91646038,1.4904,45072130491.3,53031141518.51,16.8943,
000898.SZ,鞍钢股份,2017-09-01,5.0661,5.5631,5.0592,5.4043,145616882,2.3681,48146627796.3,56648545442.01,18.0467,
000898.SZ,鞍钢股份,2017-09-04,5.425,5.5424,5.1697,5.2456,109675490,1.7836,46732359036,54984539637.2,17.5166,
000898.SZ,鞍钢股份,2017-09-05,5.1904,5.218,4.9833,5.1352,74124049,1.2055,45748519898.4,53826970381.68,17.1478,
000898.SZ,鞍钢股份,2017-09-06,5.0385,5.2456,5.0247,5.1421,59753637,0.9718,45810009844.5,53899318460.15,17.1709,
000898.SZ,鞍钢股份,2017-09-07,5.1144,5.1352,4.9695,5.0799,47953399,0.7799,45256600329.6,53248185753.92,16.9634,
000898.SZ,鞍钢股份,2017-09-08,5.073,5.1283,4.9626,5.0247,35731269,0.5811,44764680760.8,52669401126.16,16.779,
000898.SZ,鞍钢股份,2017-09-11,4.9626,5.0868,4.9143,5.0868,43643621,0.7098,45318090275.7,53320533832.39,16.9865,
000898.SZ,鞍钢股份,2017-09-12,5.1075,5.1973,5.004,5.0592,62725983,1.0201,45072130491.3,53031141518.51,16.8943,
000898.SZ,鞍钢股份,2017-09-13,5.0799,5.1835,5.0592,5.1283,55072949,0.8956,45687029952.3,53754622303.21,17.1248,
000898.SZ,鞍钢股份,2017-09-14,5.1352,5.2111,4.9005,4.9143,71721609,1.1664,43780841623.2,51511831870.64,16.4103,
000898.SZ,鞍钢股份,2017-09-15,4.9212,4.9212,4.6382,4.6865,81169242,1.32,41751673401.9,49124345281.13,15.6497,
000898.SZ,鞍钢股份,2017-09-18,4.6589,4.7003,4.583,4.652,52166286,0.8484,41444223671.4,48762604888.78,15.5344,
000898.SZ,鞍钢股份,2017-09-19,4.6727,4.6796,4.583,4.6106,36929886,0.6006,41075283994.8,48328516417.96,15.3962,
000898.SZ,鞍钢股份,2017-09-20,4.6175,4.7555,4.5554,4.7417,49674430,0.8078,42243592970.7,49703129908.89,15.8341,
000898.SZ,鞍钢股份,2017-09-21,4.721,4.7555,4.6106,4.6244,43356867,0.7051,41198263887,48473212574.9,15.4422,
000898.SZ,鞍钢股份,2017-09-22,4.5554,4.5554,4.3966,4.4864,62688170,1.0195,39968464965,47026251005.5,14.9813,
000898.SZ,鞍钢股份,2017-09-25,4.4726,4.5002,4.4035,4.438,34386020,0.5592,39538035342.3,46519814456.21,14.8199,
000898.SZ,鞍钢股份,2017-09-26,4.4449,4.5278,4.4449,4.4795,40265556,0.6548,39906975018.9,46953902927.03,14.9582,
000898.SZ,鞍钢股份,2017-09-27,4.5554,4.6451,4.514,4.5761,64550450,1.0498,40767834264.3,47966776025.61,15.2809,
000898.SZ,鞍钢股份,2017-09-28,4.5692,4.5761,4.4933,4.514,27418865,0.4459,40214424749.4,47315643319.38,15.0735,
000898.SZ,鞍钢股份,2017-09-29,4.514,4.5899,4.4726,4.5209,46445036,0.7553,40275914695.5,47387991397.85,15.0965,
000898.SZ,鞍钢股份,2017-10-09,4.6175,4.6382,4.5209,4.5278,54895789,0.8928,40337404641.6,47460339476.32,15.1196,
000898.SZ,鞍钢股份,2017-10-10,4.5209,4.5209,4.4035,4.4242,49835786,0.8105,39415055450.1,46375118299.27,14.7739,
000898.SZ,鞍钢股份,2017-10-11,4.4173,4.4588,4.3621,4.4242,31927196,0.5192,39415055450.1,46375118299.27,14.7739,
000898.SZ,鞍钢股份,2017-10-12,4.438,4.5071,4.3828,4.5002,38345764,0.6236,40091444857.2,47170947162.44,15.0274,
000898.SZ,鞍钢股份,2017-10-13,4.5002,4.5968,4.4864,4.5968,50163625,0.8158,40952304102.6,48183820261.02,15.3501,
000898.SZ,鞍钢股份,2017-10-16,4.6244,4.8039,4.6175,4.6244,79302024,1.2897,41198263887,48473212574.9,15.4422,
000898.SZ,鞍钢股份,2017-10-17,4.583,4.6244,4.5278,4.5416,37378567,0.6079,40460384533.8,47605035633.26,15.1657,
000898.SZ,鞍钢股份,2017-10-18,4.5347,4.5623,4.438,4.4449,25112214,0.4084,39599525288.4,46592162534.68,14.843,
000898.SZ,鞍钢股份,2017-10-19,4.4173,4.4311,4.369,4.3966,23909349,0.3888,39169095665.7,46085725985.39,14.6817,
000898.SZ,鞍钢股份,2017-10-20,4.4104,4.5209,4.3966,4.514,25877842,0.4208,40214424749.4,47315643319.38,15.0735,
000898.SZ,鞍钢股份,2017-10-23,4.4933,4.5002,4.4104,4.4242,30551217,0.4968,39415055450.1,46375118299.27,14.7739,
000898.SZ,鞍钢股份,2017-10-24,4.438,4.5002,4.438,4.4657,27630640,0.4494,39783995126.7,46809206770.09,14.9121,
000898.SZ,鞍钢股份,2017-10-25,4.4657,4.5347,4.4588,4.4864,22763937,0.3702,39968464965,47026251005.5,14.9813,
000898.SZ,鞍钢股份,2017-10-26,4.4726,4.5623,4.4311,4.5347,44532586,0.7242,40398894587.7,47532687554.79,15.1426,
000898.SZ,鞍钢股份,2017-10-27,4.5416,4.5485,4.438,4.4449,28831330,0.4689,39599525288.4,46592162534.68,14.843,
000898.SZ,鞍钢股份,2017-10-30,4.4657,4.4726,4.2586,4.2862,49203137,0.8002,38185256528.1,44928156729.87,14.3129,
000898.SZ,鞍钢股份,2017-10-31,4.2862,4.3414,4.2655,4.3069,30054932,0.4888,38369726366.4,45145200965.28,11.5049,
000898.SZ,鞍钢股份,2017-11-01,4.3138,4.3621,4.3138,4.3207,26556724,0.4319,38492706258.6,45289897122.22,11.5418,
000898.SZ,鞍钢股份,2017-11-02,4.3276,4.4173,4.3276,4.369,36550634,0.5944,38923135881.3,45796333671.51,11.6708,
000898.SZ,鞍钢股份,2017-11-03,4.3759,4.3759,4.2448,4.3,28240243,0.4593,38308236420.3,45072852886.81,11.4865,
000898.SZ,鞍钢股份,2017-11-06,4.3,4.4795,4.2586,4.4518,59329102,0.9649,39661015234.5,46664510613.15,11.8921,
000898.SZ,鞍钢股份,2017-11-07,4.4311,4.6037,4.4173,4.5071,59077411,0.9608,40152934803.3,47243295240.91,12.0396,
000898.SZ,鞍钢股份,2017-11-08,4.5002,4.5554,4.4588,4.514,25652395,0.4172,40214424749.4,47315643319.38,12.058,
000898.SZ,鞍钢股份,2017-11-09,4.5554,4.6313,4.5278,4.5761,40942463,0.6658,40767834264.3,47966776025.61,12.2239,
000898.SZ,鞍钢股份,2017-11-10,4.5692,4.5761,4.4933,4.5416,31024852,0.5046,40460384533.8,47605035633.26,12.1318,
000898.SZ,鞍钢股份,2017-11-13,4.5347,4.7003,4.5278,4.6796,58213953,0.9467,41690183455.8,49051997202.66,12.5005,
000898.SZ,鞍钢股份,2017-11-14,4.6727,4.7693,4.6382,4.7072,61600190,1.0018,41936143240.2,49341389516.54,12.5743,
000898.SZ,鞍钢股份,2017-11-15,4.6313,4.6313,4.5416,4.5554,47990675,0.7805,40583364426,47749731790.2,12.1686,
000898.SZ,鞍钢股份,2017-11-16,4.5278,4.5968,4.4864,4.5209,38283769,0.6226,40275914695.5,47387991397.85,12.0765,
000898.SZ,鞍钢股份,2017-11-17,4.4933,4.5002,4.3276,4.3552,57795589,0.9399,38800155989.1,45651637514.57,11.634,
000898.SZ,鞍钢股份,2017-11-20,4.3276,4.3414,4.2103,4.3276,58036123,0.9438,38554196204.7,45362245200.69,11.5602,
000898.SZ,鞍钢股份,2017-11-21,4.3345,4.4104,4.3138,4.3621,41440245,0.6739,38861645935.2,45723985593.04,11.6524,
000898.SZ,鞍钢股份,2017-11-22,4.4035,4.4864,4.3897,4.4795,47431927,0.7714,39906975018.9,46953902927.03,11.9658,
000898.SZ,鞍钢股份,2017-11-23,4.5278,4.652,4.5002,4.514,79319599,1.29,40214424749.4,47315643319.38,12.058,
000898.SZ,鞍钢股份,2017-11-24,4.4933,4.583,4.4449,4.5554,46177714,0.751,40583364426,47749731790.2,12.1686,
000898.SZ,鞍钢股份,2017-11-27,4.6175,4.6658,4.5485,4.5692,51624640,0.8396,40706344318.2,47894427947.14,12.2055,
000898.SZ,鞍钢股份,2017-11-28,4.5899,4.7486,4.5209,4.7072,77360946,1.2581,41936143240.2,49341389516.54,12.5743,
000898.SZ,鞍钢股份,2017-11-29,4.7348,4.8867,4.7348,4.8384,108865144,1.7705,43104452216.1,50716003007.47,12.9246,
000898.SZ,鞍钢股份,2017-11-30,4.866,4.9143,4.7486,4.7555,59669805,0.9704,42366572862.9,49847826065.83,12.7033,
000898.SZ,鞍钢股份,2017-12-01,4.7486,4.8039,4.6106,4.6934,64289700,1.0455,41813163348,49196693359.6,12.5374,
000898.SZ,鞍钢股份,2017-12-04,4.7279,4.7762,4.6382,4.6658,52368030,0.8517,41567203563.6,48907301045.72,12.4636,
000898.SZ,鞍钢股份,2017-12-05,4.6865,4.7072,4.5071,4.583,55767930,0.9069,40829324210.4,48039124104.08,12.2424,
000898.SZ,鞍钢股份,2017-12-06,4.5278,4.5278,4.3414,4.4588,70975409,1.1543,39722505180.6,46736858691.62,11.9105,
000898.SZ,鞍钢股份,2017-12-07,4.438,4.4864,4.3552,4.3828,35235898,0.573,39046115773.5,45941029828.45,11.7077,
000898.SZ,鞍钢股份,2017-12-08,4.3483,4.4726,4.3345,4.4588,41027586,0.6672,39722505180.6,46736858691.62,11.9105,
000898.SZ,鞍钢股份,2017-12-11,4.4795,4.4864,4.3552,4.4795,32818321,0.5337,39906975018.9,46953902927.03,11.9658,
000898.SZ,鞍钢股份,2017-12-12,4.4657,4.5209,4.3759,4.3828,33385456,0.5429,39046115773.5,45941029828.45,11.7077,
000898.SZ,鞍钢股份,2017-12-13,4.3483,4.4311,4.3207,4.4242,27238094,0.443,39415055450.1,46375118299.27,11.8183,
000898.SZ,鞍钢股份,2017-12-14,4.4104,4.4518,4.3828,4.3897,22505195,0.366,39107605719.6,46013377906.92,11.7261,
000898.SZ,鞍钢股份,2017-12-15,4.3759,4.3828,4.2724,4.3,32968530,0.5362,38308236420.3,45072852886.81,11.4865,
000898.SZ,鞍钢股份,2017-12-18,4.3414,4.3897,4.3,4.3828,24216570,0.3938,39046115773.5,45941029828.45,11.7077,
000898.SZ,鞍钢股份,2017-12-19,4.3828,4.3828,4.3276,4.369,22195331,0.361,38923135881.3,45796333671.51,11.6708,
000898.SZ,鞍钢股份,2017-12-20,4.3483,4.3621,4.2793,4.3069,20276869,0.3298,38369726366.4,45145200965.28,11.5049,
000898.SZ,鞍钢股份,2017-12-21,4.2931,4.3828,4.2862,4.3552,23995527,0.3902,38800155989.1,45651637514.57,11.634,
000898.SZ,鞍钢股份,2017-12-22,4.369,4.3828,4.3345,4.3621,21181607,0.3445,38861645935.2,45723985593.04,11.6524,
000898.SZ,鞍钢股份,2017-12-25,4.3483,4.3552,4.2793,4.2931,16847407,0.274,38246746474.2,45000504808.34,11.468,
000898.SZ,鞍钢股份,2017-12-26,4.2862,4.3207,4.2586,4.3138,17729967,0.2883,38431216312.5,45217549043.75,11.5233,
000898.SZ,鞍钢股份,2017-12-27,4.3,4.3897,4.2862,4.3276,29658684,0.4823,38554196204.7,45362245200.69,11.5602,
000898.SZ,鞍钢股份,2017-12-28,4.3,4.4173,4.3,4.4035,39322288,0.6395,39230585611.8,46158074063.86,11.763,
000898.SZ,鞍钢股份,2017-12-29,4.3966,4.4242,4.369,4.3828,20572784,0.3346,39046115773.5,45941029828.45,11.7077,
000898.SZ,鞍钢股份,2018-01-02,4.3828,4.5692,4.3759,4.5554,57405735,0.9336,40583347926,47749731790.2,12.1686,
000898.SZ,鞍钢股份,2018-01-03,4.5485,4.6106,4.5002,4.514,39555560,0.6433,40214408399.4,47315643319.38,12.058,
000898.SZ,鞍钢股份,2018-01-04,4.5002,4.583,4.4795,4.5416,38260261,0.6222,40460368083.8,47605035633.26,12.1318,
000898.SZ,鞍钢股份,2018-01-05,4.5485,4.5485,4.4864,4.5071,26946699,0.4382,40152918478.3,47243295240.91,12.0396,
000898.SZ,鞍钢股份,2018-01-08,4.5071,4.6934,4.4795,4.652,71233056,1.1585,41444206821.4,48762604888.78,12.4268,
000898.SZ,鞍钢股份,2018-01-09,4.6589,4.7072,4.5485,4.583,47237225,0.7682,40829307610.4,48039124104.08,12.2424,
000898.SZ,鞍钢股份,2018-01-10,4.5554,4.6313,4.5209,4.583,38197372,0.6212,40829307610.4,48039124104.08,12.2424,
000898.SZ,鞍钢股份,2018-01-11,4.583,4.583,4.4864,4.514,32467995,0.528,40214408399.4,47315643319.38,12.058,
000898.SZ,鞍钢股份,2018-01-12,4.514,4.6106,4.5071,4.5623,36710672,0.597,40644837847.1,47822079868.67,12.1871,
000898.SZ,鞍钢股份,2018-01-15,4.5485,4.5692,4.369,4.3897,59871254,0.9737,39107589819.6,46013377906.92,11.7261,
000898.SZ,鞍钢股份,2018-01-16,4.3897,4.4242,4.3759,4.4173,27895230,0.4537,39353549504,46302770220.8,11.7999,
000898.SZ,鞍钢股份,2018-01-17,4.4311,4.5278,4.3897,4.5002,38327108,0.6233,40091428557.2,47170947162.44,12.0211,
000898.SZ,鞍钢股份,2018-01-18,4.6175,4.866,4.5899,4.7486,99093337,1.6115,42305065716.8,49775477987.36,12.6849,
000898.SZ,鞍钢股份,2018-01-19,4.7901,4.9212,4.7555,4.866,107164669,1.7428,43350394375.5,51005395321.35,12.9983,
000898.SZ,鞍钢股份,2018-01-22,4.9143,5.0178,4.8522,4.9074,76490968,1.244,43719333902.1,51439483792.17,13.1089,
000898.SZ,鞍钢股份,2018-01-23,4.9143,4.9281,4.8177,4.9212,56804651,0.9238,43842313744.3,51584179949.11,13.1458,
000898.SZ,鞍钢股份,2018-01-24,4.9212,4.9695,4.8522,4.9557,60723966,0.9875,44149763349.8,51945920341.46,13.238,
000898.SZ,鞍钢股份,2018-01-25,5.0109,5.0385,4.9005,4.9833,59658910,0.9702,44395723034.2,52235312655.34,13.3118,
000898.SZ,鞍钢股份,2018-01-26,4.9557,4.9626,4.866,4.9074,52317116,0.8508,43719333902.1,51439483792.17,13.1089,
000898.SZ,鞍钢股份,2018-01-29,4.9695,5.1352,4.9695,5.0385,85359761,1.3882,44887642403,52814097283.1,13.4593,
000898.SZ,鞍钢股份,2018-01-30,5.0454,5.0454,4.8591,4.866,63836550,1.0382,43350394375.5,51005395321.35,12.9983,
000898.SZ,鞍钢股份,2018-01-31,4.8108,4.9557,4.7762,4.9074,52906321,0.8604,43719333902.1,51439483792.17,13.1089,
000898.SZ,鞍钢股份,2018-02-01,5.004,5.1283,4.8936,4.9557,74232301,1.2072,44149763349.8,51945920341.46,13.238,
000898.SZ,鞍钢股份,2018-02-02,4.9557,5.4527,4.8108,5.4458,153080555,2.4895,48515547747.9,57082633912.83,14.5471,
000898.SZ,鞍钢股份,2018-02-05,5.3215,5.6045,5.2801,5.4941,138700826,2.2557,48945977195.6,57589070462.12,14.6761,
000898.SZ,鞍钢股份,2018-02-06,5.2939,5.4181,5.1559,5.1835,105112012,1.7094,46178930746.1,54333406930.97,13.8464,
000898.SZ,鞍钢股份,2018-02-07,5.3422,5.4181,5.0316,5.1075,110178202,1.7918,45502541614,53537578067.8,13.6436,
000898.SZ,鞍钢股份,2018-02-08,5.0316,5.1352,4.8384,4.9695,66180498,1.0763,44272743192,52090616498.4,13.2749,
000898.SZ,鞍钢股份,2018-02-09,4.8177,4.8177,4.4864,4.5968,77667630,1.2631,40952287452.6,48183820261.02,12.2793,
000898.SZ,鞍钢股份,2018-02-12,4.6313,4.7003,4.5692,4.6796,51282628,0.834,41690166505.8,49051997202.66,12.5005,
000898.SZ,鞍钢股份,2018-02-13,4.7279,4.8039,4.6796,4.7279,56962356,0.9264,42120595953.5,49558433751.95,12.6296,
000898.SZ,鞍钢股份,2018-02-14,4.7486,5.0661,4.721,4.9764,68532060,1.1145,44334233113.1,52162964576.87,13.2933,
000898.SZ,鞍钢股份,2018-02-22,4.9764,5.0937,4.9005,5.0868,61668193,1.0029,45318071850.7,53320533832.39,13.5883,
000898.SZ,鞍钢股份,2018-02-23,5.0454,5.1973,4.9902,5.1628,53085864,0.8633,45994460982.8,54116362695.56,13.7911,
000898.SZ,鞍钢股份,2018-02-26,5.2801,5.3353,5.1006,5.1766,67177242,1.0925,46117440825,54261058852.5,13.828,
000898.SZ,鞍钢股份,2018-02-27,5.1697,5.1973,4.935,4.9764,67478697,1.0974,44334233113.1,52162964576.87,13.2933,
000898.SZ,鞍钢股份,2018-02-28,4.9419,5.0454,4.866,5.004,46527397,0.7567,44580192797.5,52452356890.75,13.3671,
000898.SZ,鞍钢股份,2018-03-01,4.935,5.0454,4.8315,4.8798,58513043,0.9516,43473374217.7,51150091478.29,13.0352,
000898.SZ,鞍钢股份,2018-03-02,4.7624,4.797,4.7072,4.7762,50261882,0.8174,42551025401.2,50064870301.24,12.7586,
000898.SZ,鞍钢股份,2018-03-05,4.7762,4.8039,4.6382,4.6865,46037229,0.7487,41751656426.9,49124345281.13,12.5189,
000898.SZ,鞍钢股份,2018-03-06,4.721,4.8729,4.6313,4.866,50854377,0.827,43350394375.5,51005395321.35,12.9983,
000898.SZ,鞍钢股份,2018-03-07,4.8246,4.8384,4.6589,4.7003,46645041,0.7586,41874636269.1,49269041438.07,12.5558,
000898.SZ,鞍钢股份,2018-03-08,4.6796,4.7486,4.6244,4.6658,34334842,0.5584,41567186663.6,48907301045.72,12.4636,
000898.SZ,鞍钢股份,2018-03-09,4.6589,4.6658,4.514,4.5692,62320459,1.0135,40706327768.2,47894427947.14,12.2055,
000898.SZ,鞍钢股份,2018-03-12,4.5761,4.6313,4.5278,4.5968,59308645,0.9645,40952287452.6,48183820261.02,12.2793,
000898.SZ,鞍钢股份,2018-03-13,4.5968,4.6658,4.5761,4.6175,54196634,0.8814,41136757215.9,48400864496.43,12.3346,
000898.SZ,鞍钢股份,2018-03-14,4.6175,4.7417,4.6037,4.7003,59676880,0.9705,41874636269.1,49269041438.07,12.5558,
000898.SZ,鞍钢股份,2018-03-15,4.6658,4.6934,4.6037,4.6451,36146835,0.5878,41382716900.3,48690256810.31,12.4083,
000898.SZ,鞍钢股份,2018-03-16,4.6451,4.652,4.5485,4.5485,33722179,0.5484,40521858004.9,47677383711.73,12.1502,
000898.SZ,鞍钢股份,2018-03-19,4.5278,4.5278,4.3897,4.4242,40805457,0.6636,39415039425.1,46375118299.27,11.8183,
000898.SZ,鞍钢股份,2018-03-20,4.3897,4.4795,4.369,4.4588,23820526,0.3874,39722489030.6,46736858691.62,11.9105,
000898.SZ,鞍钢股份,2018-03-21,4.4795,4.5071,4.4035,4.438,23481715,0.3819,39538019267.3,46519814456.21,11.8552,
000898.SZ,鞍钢股份,2018-03-22,4.4449,4.4726,4.3621,4.3966,18770932,0.3053,39169079740.7,46085725985.39,11.7446,
000898.SZ,鞍钢股份,2018-03-23,4.231,4.231,3.9549,4.0308,65447037,1.0644,35910113922.4,42251277826.48,10.7674,
000898.SZ,鞍钢股份,2018-03-26,3.9618,4.0239,3.8997,4.0239,34882564,0.5673,35848624001.3,42178929748.01,10.749,
000898.SZ,鞍钢股份,2018-03-27,4.0998,4.1896,4.086,4.1413,42176184,0.6859,36893952660,43408847082,7.7447,
000898.SZ,鞍钢股份,2018-03-28,4.0791,4.1551,4.0377,4.0584,27696032,0.4504,36156073606.8,42540670140.36,7.5898,
000898.SZ,鞍钢股份,2018-03-29,4.0722,4.2103,4.0377,4.1827,34081326,0.5543,37262892186.6,43842935552.82,7.8221,
000898.SZ,鞍钢股份,2018-03-30,4.1896,4.1965,4.1067,4.1275,32257564,0.5246,36770972817.8,43264150925.06,7.7188,
000898.SZ,鞍钢股份,2018-04-02,4.1551,4.1965,4.086,4.086,34490973,0.5609,36402033291.2,42830062454.24,7.6414,
000898.SZ,鞍钢股份,2018-04-03,4.0239,4.0791,4.0032,4.0653,29886153,0.486,36217563527.9,42613018218.83,7.6027,
000898.SZ,鞍钢股份,2018-04-04,4.0791,4.1689,4.0722,4.0791,26656050,0.4335,36340543370.1,42757714375.77,7.6285,
000898.SZ,鞍钢股份,2018-04-09,4.1205,4.1551,4.0722,4.1482,22288808,0.3625,36955442581.1,43481195160.47,7.7576,
000898.SZ,鞍钢股份,2018-04-10,4.162,4.3,4.1551,4.2931,42505911,0.6913,38246730924.2,45000504808.34,8.0286,
000898.SZ,鞍钢股份,2018-04-11,4.3207,4.369,4.2724,4.3,26289632,0.4275,38308220845.3,45072852886.81,8.0415,
000898.SZ,鞍钢股份,2018-04-12,4.2793,4.2862,4.2103,4.2379,18164490,0.2954,37754811555.4,44421720180.58,7.9254,
000898.SZ,鞍钢股份,2018-04-13,4.2724,4.3207,4.2379,4.2793,21810840,0.3547,38123751082,44855808651.4,8.0028,
000898.SZ,鞍钢股份,2018-04-16,4.2517,4.2793,4.1482,4.1689,21492043,0.3495,37139912344.4,43698239395.88,7.7963,
000898.SZ,鞍钢股份,2018-04-17,4.1758,4.231,4.1344,4.1344,22661480,0.3685,36832462738.9,43336499003.53,7.7318,
000898.SZ,鞍钢股份,2018-04-18,4.1827,4.2793,4.1482,4.2724,32240129,0.5243,38062261160.9,44783460572.93,7.9899,
000898.SZ,鞍钢股份,2018-04-19,4.2724,4.3828,4.2655,4.3759,34943426,0.5683,38984609977.4,45868681749.98,7.4875,
000898.SZ,鞍钢股份,2018-04-20,4.3483,4.3483,4.2379,4.2517,23498856,0.3822,37877791397.6,44566416337.52,7.275,
000898.SZ,鞍钢股份,2018-04-23,4.2724,4.3483,4.2517,4.3138,21048982,0.3423,38431200687.5,45217549043.75,7.3813,
000898.SZ,鞍钢股份,2018-04-24,4.3345,4.4864,4.3207,4.4173,47236322,0.7682,39353549504,46302770220.8,7.5584,
000898.SZ,鞍钢股份,2018-04-25,4.3828,4.4035,4.3345,4.3897,18071279,0.2939,39107589819.6,46013377906.92,7.5112,
000898.SZ,鞍钢股份,2018-04-26,4.3759,4.3897,4.2931,4.3069,14330033,0.233,38369710766.4,45145200965.28,7.3694,
000898.SZ,鞍钢股份,2018-04-27,4.3414,4.3621,4.2862,4.3345,12441538,0.2023,38615670450.8,45434593279.16,7.4167,
000898.SZ,鞍钢股份,2018-05-02,4.4035,4.438,4.3414,4.4104,27896258,0.4537,39292059582.9,46230422142.33,7.5466,
000898.SZ,鞍钢股份,2018-05-03,4.4035,4.4242,4.3552,4.3966,19549624,0.3179,39169079740.7,46085725985.39,7.523,
000898.SZ,鞍钢股份,2018-05-04,4.3828,4.3966,4.3,4.3414,18889394,0.3072,38677160371.9,45506941357.63,7.4285,
000898.SZ,鞍钢股份,2018-05-07,4.3276,4.3828,4.2931,4.369,20060763,0.3262,38923120056.3,45796333671.51,7.4757,
000898.SZ,鞍钢股份,2018-05-08,4.3414,4.4035,4.3414,4.3759,18104618,0.2944,38984609977.4,45868681749.98,7.4875,
000898.SZ,鞍钢股份,2018-05-09,4.3552,4.3828,4.3138,4.3345,14820764,0.241,38615670450.8,45434593279.16,7.4167,
000898.SZ,鞍钢股份,2018-05-10,4.3483,4.3828,4.3276,4.3828,15504475,0.2521,39046099898.5,45941029828.45,7.4994,
000898.SZ,鞍钢股份,2018-05-11,4.3828,4.4035,4.3207,4.3414,24922978,0.4053,38677160371.9,45506941357.63,7.4285,
000898.SZ,鞍钢股份,2018-05-14,4.3483,4.3621,4.3276,4.3414,15934722,0.2591,38677160371.9,45506941357.63,7.4285,
000898.SZ,鞍钢股份,2018-05-15,4.3552,4.369,4.3069,4.3552,14379377,0.2338,38800140214.1,45651637514.57,7.4521,
000898.SZ,鞍钢股份,2018-05-16,4.3414,4.3414,4.3,4.3069,12712121,0.2067,38369710766.4,45145200965.28,7.3694,
000898.SZ,鞍钢股份,2018-05-17,4.3138,4.3207,4.2448,4.2586,18392211,0.2991,37939281318.7,44638764415.99,7.2868,
000898.SZ,鞍钢股份,2018-05-18,4.2517,4.3069,4.2379,4.3,13333869,0.2168,38308220845.3,45072852886.81,7.3576,
000898.SZ,鞍钢股份,2018-05-21,4.3345,4.369,4.3207,4.3276,16488243,0.2681,38554180529.7,45362245200.69,7.4049,
000898.SZ,鞍钢股份,2018-05-22,4.3276,4.3414,4.2793,4.3276,14224720,0.2313,38554180529.7,45362245200.69,7.4049,
000898.SZ,鞍钢股份,2018-05-23,4.3276,4.3276,4.231,4.231,13558316,0.2205,37693321634.3,44349372102.11,7.2395,
000898.SZ,鞍钢股份,2018-05-24,4.2517,4.2517,4.1344,4.1827,18650941,0.3033,37262892186.6,43842935552.82,7.1569,
000898.SZ,鞍钢股份,2018-05-25,4.1827,4.2172,4.162,4.162,11776855,0.1915,37078422423.3,43625891317.41,7.1214,
000898.SZ,鞍钢股份,2018-05-28,4.162,4.1965,4.1551,4.1689,8648876,0.1407,37139912344.4,43698239395.88,7.1332,
000898.SZ,鞍钢股份,2018-05-29,4.1758,4.231,4.1136,4.2103,18309689,0.2978,37508851871,44132327866.7,7.2041,
000898.SZ,鞍钢股份,2018-05-30,4.1413,4.1551,4.0584,4.0791,15581755,0.2534,36340543370.1,42757714375.77,6.9797,
000898.SZ,鞍钢股份,2018-05-31,4.1344,4.1827,4.1136,4.1827,16919490,0.2752,37262892186.6,43842935552.82,7.1569,
000898.SZ,鞍钢股份,2018-06-01,4.162,4.2793,4.162,4.2655,25781647,0.4193,38000771239.8,44711112494.46,7.2986,
000898.SZ,鞍钢股份,2018-06-04,4.2793,4.3828,4.2655,4.3483,26064334,0.4239,38738650293,45579289436.1,7.4403,
000898.SZ,鞍钢股份,2018-06-05,4.3621,4.3759,4.3138,4.369,15351935,0.2497,38923120056.3,45796333671.51,7.4757,
000898.SZ,鞍钢股份,2018-06-06,4.3552,4.3966,4.3345,4.369,17134663,0.2787,38923120056.3,45796333671.51,7.4757,
000898.SZ,鞍钢股份,2018-06-07,4.4242,4.4726,4.4104,4.4173,28997244,0.4716,39353549504,46302770220.8,7.5584,
000898.SZ,鞍钢股份,2018-06-08,4.4035,4.4657,4.3897,4.4311,28751634,0.4676,39476529346.2,46447466377.74,7.582,
000898.SZ,鞍钢股份,2018-06-11,4.4311,4.5209,4.4035,4.4795,22842506,0.3715,39906958793.9,46953902927.03,7.6647,
000898.SZ,鞍钢股份,2018-06-12,4.5071,4.5554,4.4588,4.5554,23675455,0.385,40583347926,47749731790.2,7.7946,
000898.SZ,鞍钢股份,2018-06-13,4.5347,4.6451,4.4657,4.4933,26882557,0.4372,40029938636.1,47098599083.97,7.6883,
000898.SZ,鞍钢股份,2018-06-14,4.4588,4.5968,4.4104,4.5623,29348025,0.4773,40644837847.1,47822079868.67,7.8064,
000898.SZ,鞍钢股份,2018-06-15,4.5278,4.5761,4.4657,4.5002,25001788,0.4066,40091428557.2,47170947162.44,7.7001,
000898.SZ,鞍钢股份,2018-06-19,4.4311,4.4657,4.1413,4.2172,34680188,0.564,37570341792.1,44204675945.17,7.2159,
000898.SZ,鞍钢股份,2018-06-20,4.2448,4.369,4.1827,4.3414,27604446,0.4489,38677160371.9,45506941357.63,7.4285,
000898.SZ,鞍钢股份,2018-06-21,4.3414,4.4795,4.3138,4.3483,28516650,0.4638,38738650293,45579289436.1,7.4403,
000898.SZ,鞍钢股份,2018-06-22,4.3138,4.4795,4.2034,4.438,27242972,0.443,39538019267.3,46519814456.21,7.5938,
000898.SZ,鞍钢股份,2018-06-25,4.4726,4.4726,4.3,4.3069,20449588,0.3326,38369710766.4,45145200965.28,7.3694,
000898.SZ,鞍钢股份,2018-06-26,4.2172,4.2655,4.0377,4.1275,31107125,0.5059,36770972817.8,43264150925.06,7.0624,
000898.SZ,鞍钢股份,2018-06-27,4.1344,4.1689,4.0101,4.017,24761758,0.4027,35787134080.2,42106581669.54,6.8734,
000898.SZ,鞍钢股份,2018-06-28,3.9756,4.0446,3.9204,3.9273,29190094,0.4747,34987765105.9,41166056649.43,6.7199,
000898.SZ,鞍钢股份,2018-06-29,3.9489,4.0136,3.8985,4.0064,23079103,0.3753,34249886052.7,40297879707.79,6.5782,
000898.SZ,鞍钢股份,2018-07-02,3.9992,3.9992,3.8266,3.8482,20689641,0.3365,32897121163.5,38706221981.45,6.3184,
000898.SZ,鞍钢股份,2018-07-03,3.8626,3.8841,3.7331,3.8769,20218989,0.3288,33143080947.9,38995614295.33,6.3656,
000898.SZ,鞍钢股份,2018-07-04,3.9201,3.9776,3.8626,3.8841,21880605,0.3558,33204570894,39067962373.8,6.3774,
000898.SZ,鞍钢股份,2018-07-05,3.8626,3.8626,3.7475,3.7475,16816498,0.2735,32036261918.1,37693348882.87,6.153,
000898.SZ,鞍钢股份,2018-07-06,3.7475,3.8266,3.6971,3.7834,17139544,0.2787,32343711648.6,38055089275.22,6.2121,
000898.SZ,鞍钢股份,2018-07-09,3.805,3.9345,3.7834,3.9345,20345348,0.3309,33635000516.7,39574398923.09,6.4601,
000898.SZ,鞍钢股份,2018-07-10,3.9129,4.0352,3.9129,3.992,21642255,0.352,34126920085.5,40153183550.85,6.5546,
000898.SZ,鞍钢股份,2018-07-11,3.8985,3.9345,3.841,3.9273,16311582,0.2653,33573510570.6,39502050844.62,6.4483,
000898.SZ,鞍钢股份,2018-07-12,3.9561,4.0424,3.9561,4.028,18364056,0.2987,34434369816,40514923943.2,6.6136,
000898.SZ,鞍钢股份,2018-07-13,4.1143,4.1934,4.0352,4.0927,31508045,0.5124,34987779330.9,41166056649.43,6.7199,
000898.SZ,鞍钢股份,2018-07-16,4.0783,4.1862,4.0568,4.1503,27330704,0.4445,35479698899.7,41744841277.19,6.8144,
000898.SZ,鞍钢股份,2018-07-17,4.1359,4.1934,4.0568,4.0999,15267567,0.2483,35049269277,41238404727.9,6.7317,
000898.SZ,鞍钢股份,2018-07-18,4.1718,4.2438,4.1431,4.1575,24253370,0.3944,35541188845.8,41817189355.66,6.8262,
000898.SZ,鞍钢股份,2018-07-19,4.1718,4.3229,4.1575,4.3157,40365564,0.6565,36893967660,43408847082,7.086,
000898.SZ,鞍钢股份,2018-07-20,4.3157,4.3948,4.2438,4.3661,22479327,0.3656,37324397282.7,43915283631.29,7.1687,
000898.SZ,鞍钢股份,2018-07-23,4.3301,4.5171,4.3301,4.4668,21391206,0.3479,38185256528.1,44928156729.87,7.334,
000898.SZ,鞍钢股份,2018-07-24,4.5387,4.7329,4.5387,4.5962,44701706,0.727,39292075557.9,46230422142.33,7.5466,
000898.SZ,鞍钢股份,2018-07-25,4.589,4.7041,4.5387,4.6825,38253016,0.6221,40029954911.1,47098599083.97,7.6883,
000898.SZ,鞍钢股份,2018-07-26,4.6106,4.6825,4.5746,4.6034,18613589,0.3027,39353565504,46302770220.8,7.5584,
000898.SZ,鞍钢股份,2018-07-27,4.6682,4.8983,4.6394,4.8264,43913631,0.7142,41259753833.1,48545560653.37,7.9245,
000898.SZ,鞍钢股份,2018-07-30,4.8336,4.9199,4.7545,4.8048,36908926,0.6002,41075283994.8,48328516417.96,7.8891,
000898.SZ,鞍钢股份,2018-07-31,4.7545,4.8192,4.6897,4.7976,17253648,0.2806,41013794048.7,48256168339.49,7.8773,
000898.SZ,鞍钢股份,2018-08-01,4.8336,4.8911,4.4955,4.5675,50885104,0.8275,39046115773.5,45941029828.45,7.4994,
000898.SZ,鞍钢股份,2018-08-02,4.5243,4.6106,4.4092,4.5387,41462542,0.6743,38800155989.1,45651637514.57,7.4521,
000898.SZ,鞍钢股份,2018-08-03,4.5675,4.625,4.4668,4.5315,34416676,0.5597,38738666043,45579289436.1,7.4403,
000898.SZ,鞍钢股份,2018-08-06,4.5531,4.6178,4.4811,4.5531,21970300,0.3573,38923135881.3,45796333671.51,7.4757,
000898.SZ,鞍钢股份,2018-08-07,4.589,4.6825,4.4739,4.6682,27173668,0.4419,39906975018.9,46953902927.03,7.6647,
000898.SZ,鞍钢股份,2018-08-08,4.6322,4.7545,4.6106,4.6753,35681292,0.5803,39968464965,47026251005.5,7.6765,
000898.SZ,鞍钢股份,2018-08-09,4.6322,4.776,4.5459,4.6897,28955793,0.4709,40091444857.2,47170947162.44,7.7001,
000898.SZ,鞍钢股份,2018-08-10,4.661,4.7041,4.5818,4.5962,21650200,0.3521,39292075557.9,46230422142.33,7.5466,
000898.SZ,鞍钢股份,2018-08-13,4.5387,4.6825,4.4524,4.6753,27030079,0.4396,39968464965,47026251005.5,7.6765,
000898.SZ,鞍钢股份,2018-08-14,4.661,4.6682,4.5746,4.5962,20905397,0.34,39292075557.9,46230422142.33,7.5466,
000898.SZ,鞍钢股份,2018-08-15,4.6106,4.625,4.4164,4.4164,21765476,0.354,37754826905.4,44421720180.58,7.2513,
000898.SZ,鞍钢股份,2018-08-16,4.3445,4.4811,4.3301,4.4236,16465664,0.2678,37816316851.5,44494068259.05,7.2632,
000898.SZ,鞍钢股份,2018-08-17,4.4811,4.4955,4.3876,4.4164,17319532,0.2817,37754826905.4,44421720180.58,7.2513,
000898.SZ,鞍钢股份,2018-08-20,4.438,4.5459,4.402,4.5459,20576737,0.3346,38861645935.2,45723985593.04,7.4639,
000898.SZ,鞍钢股份,2018-08-21,4.5387,4.5746,4.5027,4.5171,23829915,0.3875,38615686150.8,45434593279.16,7.4167,
000898.SZ,鞍钢股份,2018-08-22,4.5099,4.5531,4.4668,4.4739,16425060,0.2671,38246746474.2,45000504808.34,7.3458,
000898.SZ,鞍钢股份,2018-08-23,4.4596,4.4883,4.3229,4.402,22504048,0.366,37631847013.2,44277024023.64,7.2277,
000898.SZ,鞍钢股份,2018-08-24,4.3732,4.3948,4.3229,4.3373,16004754,0.2603,37078437498.3,43625891317.41,7.1214,
000898.SZ,鞍钢股份,2018-08-27,4.3301,4.4092,4.3229,4.402,24963502,0.406,37631847013.2,44277024023.64,7.2277,
000898.SZ,鞍钢股份,2018-08-28,4.4092,4.5387,4.402,4.5099,37217761,0.6053,38554196204.7,45362245200.69,6.2302,
000898.SZ,鞍钢股份,2018-08-29,4.4883,4.5746,4.4524,4.5027,22289272,0.3625,38492706258.6,45289897122.22,6.2203,
000898.SZ,鞍钢股份,2018-08-30,4.4883,4.5531,4.4668,4.5171,20024145,0.3256,38615686150.8,45434593279.16,6.2402,
000898.SZ,鞍钢股份,2018-08-31,4.5027,4.5171,4.3732,4.4092,21723021,0.3533,37693336959.3,44349372102.11,6.0911,
000898.SZ,鞍钢股份,2018-09-03,4.4164,4.4596,4.3301,4.3589,20156039,0.3278,37262907336.6,43842935552.82,6.0216,
000898.SZ,鞍钢股份,2018-09-04,4.3661,4.4524,4.3301,4.4308,16554014,0.2692,37877806797.6,44566416337.52,6.1209,
000898.SZ,鞍钢股份,2018-09-05,4.4164,4.4236,4.3301,4.3445,15186096,0.247,37139927444.4,43698239395.88,6.0017,
000898.SZ,鞍钢股份,2018-09-06,4.3373,4.3876,4.2941,4.3013,12442153,0.2023,36770987767.8,43264150925.06,5.9421,
000898.SZ,鞍钢股份,2018-09-07,4.3373,4.402,4.3085,4.3517,16996412,0.2764,37201417390.5,43770587474.35,6.0116,
000898.SZ,鞍钢股份,2018-09-10,4.3661,4.3732,4.3157,4.3301,11991266,0.195,37016947552.2,43553543238.94,5.9818,
000898.SZ,鞍钢股份,2018-09-11,4.3085,4.3157,3.9633,3.9633,55826600,0.9079,33880960301.1,39863791236.97,5.475,
000898.SZ,鞍钢股份,2018-09-12,3.9848,4.0783,3.9633,4.0352,29520298,0.4801,34495859762.1,40587272021.67,5.5744,
000898.SZ,鞍钢股份,2018-09-13,4.0783,4.1359,4.0568,4.1071,17297974,0.2813,35110759223.1,41310752806.37,5.6738,
000898.SZ,鞍钢股份,2018-09-14,4.1287,4.2438,4.1143,4.2078,22595486,0.3675,35971618468.5,42323625904.95,5.8129,
000898.SZ,鞍钢股份,2018-09-17,4.2078,4.2078,4.0352,4.0783,21629604,0.3518,34864799438.7,41021360492.49,5.634,
000898.SZ,鞍钢股份,2018-09-18,4.064,4.3157,4.064,4.2797,27064194,0.4401,36586517929.5,43047106689.65,5.9123,
000898.SZ,鞍钢股份,2018-09-19,4.2725,4.3373,4.2725,4.2869,17539765,0.2852,36648007875.6,43119454768.12,5.9222,
000898.SZ,鞍钢股份,2018-09-20,4.3013,4.3445,4.2725,4.3301,17371485,0.2825,37016947552.2,43553543238.94,5.9818,
000898.SZ,鞍钢股份,2018-09-21,4.3301,4.4452,4.2869,4.4308,16329854,0.2656,37877806797.6,44566416337.52,6.1209,
000898.SZ,鞍钢股份,2018-09-25,4.3876,4.438,4.3517,4.4236,14381713,0.2339,37816316851.5,44494068259.05,6.111,
000898.SZ,鞍钢股份,2018-09-26,4.4236,4.4955,4.402,4.4883,29866698,0.4857,38369726366.4,45145200965.28,6.2004,
000898.SZ,鞍钢股份,2018-09-27,4.4668,4.4883,4.4092,4.4452,17845145,0.2902,38000786689.8,44711112494.46,6.1408,
000898.SZ,鞍钢股份,2018-09-28,4.4092,4.438,4.3517,4.4164,28920190,0.4703,37754826905.4,44421720180.58,6.101,
000898.SZ,鞍钢股份,2018-10-08,4.3301,4.3732,4.1431,4.1575,36384508,0.5917,35541188845.8,41817189355.66,5.7433,
000898.SZ,鞍钢股份,2018-10-09,4.1718,4.2438,4.1575,4.2366,21671340,0.3524,36217578252.9,42613018218.83,5.8526,
000898.SZ,鞍钢股份,2018-10-10,4.2438,4.3157,4.2222,4.3013,15213411,0.2474,36770987767.8,43264150925.06,5.9421,
000898.SZ,鞍钢股份,2018-10-11,4.215,4.3229,4.1647,4.2006,34229756,0.5567,35910128522.4,42251277826.48,5.8029,
000898.SZ,鞍钢股份,2018-10-12,4.2078,4.4092,4.1934,4.3661,32135463,0.5226,37324397282.7,43915283631.29,6.0315,
000898.SZ,鞍钢股份,2018-10-15,4.3876,4.3948,4.2222,4.2222,24295763,0.3951,36094598360.7,42468322061.89,5.8328,
000898.SZ,鞍钢股份,2018-10-16,4.2222,4.3229,4.2222,4.2582,20811574,0.3385,36402048091.2,42830062454.24,5.8824,
000898.SZ,鞍钢股份,2018-10-17,4.3085,4.4524,4.2582,4.438,27279657,0.4436,37939296743.7,44638764415.99,6.1309,
000898.SZ,鞍钢股份,2018-10-18,4.402,4.402,4.1718,4.1934,34565138,0.5621,35848638576.3,42178929748.01,5.793,
000898.SZ,鞍钢股份,2018-10-19,4.0927,4.2941,4.0424,4.2725,29742739,0.4837,36525027983.4,42974758611.18,5.9023,
000898.SZ,鞍钢股份,2018-10-22,4.2869,4.4524,4.2797,4.4164,42802030,0.6961,37754826905.4,44421720180.58,6.101,
000898.SZ,鞍钢股份,2018-10-23,4.3876,4.4092,4.1862,4.2222,35225843,0.5729,36094598360.7,42468322061.89,5.8328,
000898.SZ,鞍钢股份,2018-10-24,4.215,4.2797,4.1431,4.215,28451448,0.4627,36033108414.6,42395973983.42,5.8228,
000898.SZ,鞍钢股份,2018-10-25,4.0927,4.251,4.064,4.2078,27326406,0.4444,35971618468.5,42323625904.95,5.8129,
000898.SZ,鞍钢股份,2018-10-26,4.2366,4.3085,4.1934,4.2078,34808420,0.5661,35971618468.5,42323625904.95,5.8129,
000898.SZ,鞍钢股份,2018-10-29,4.1862,4.2222,4.0855,4.1359,26510961,0.4311,35356719007.5,41600145120.25,5.7135,
000898.SZ,鞍钢股份,2018-10-30,4.1503,4.1862,4.0496,4.1431,34247883,0.557,35418208953.6,41672493198.72,4.542,
000898.SZ,鞍钢股份,2018-10-31,4.1503,4.2294,4.1215,4.2006,33288362,0.5414,35910128522.4,42251277826.48,4.605,
000898.SZ,鞍钢股份,2018-11-01,4.2222,4.2869,4.1934,4.2078,39491637,0.6422,35971618468.5,42323625904.95,4.6129,
000898.SZ,鞍钢股份,2018-11-02,4.251,4.2869,4.2006,4.2725,47522052,0.7728,36525027983.4,42974758611.18,4.6839,
000898.SZ,鞍钢股份,2018-11-05,4.251,4.251,4.1862,4.2294,26964266,0.4385,36156088306.8,42540670140.36,4.6366,
000898.SZ,鞍钢股份,2018-11-06,4.2294,4.251,4.2006,4.251,18068784,0.2938,36340558145.1,42757714375.77,4.6602,
000898.SZ,鞍钢股份,2018-11-07,4.2366,4.2654,4.1862,4.2006,18296118,0.2975,35910128522.4,42251277826.48,4.605,
000898.SZ,鞍钢股份,2018-11-08,4.2366,4.2582,4.2006,4.215,19383666,0.3152,36033108414.6,42395973983.42,4.6208,
000898.SZ,鞍钢股份,2018-11-09,4.1934,4.2222,4.1575,4.1647,16573626,0.2695,35602678791.9,41889537434.13,4.5656,
000898.SZ,鞍钢股份,2018-11-12,4.1575,4.2006,4.1287,4.1862,21973472,0.3574,35787148630.2,42106581669.54,4.5893,
000898.SZ,鞍钢股份,2018-11-13,4.1431,4.2366,4.1287,4.2078,22702586,0.3692,35971618468.5,42323625904.95,4.6129,
000898.SZ,鞍钢股份,2018-11-14,4.1934,4.2941,4.179,4.2366,23726789,0.3859,36217578252.9,42613018218.83,4.6445,
000898.SZ,鞍钢股份,2018-11-15,4.2366,4.2654,4.2222,4.2582,14569107,0.2369,36402048091.2,42830062454.24,4.6681,
000898.SZ,鞍钢股份,2018-11-16,4.2582,4.2725,4.2222,4.2366,16142892,0.2625,36217578252.9,42613018218.83,4.6445,
000898.SZ,鞍钢股份,2018-11-19,4.2222,4.2654,4.1862,4.2654,26462946,0.4304,36463538037.3,42902410532.71,4.676,
000898.SZ,鞍钢股份,2018-11-20,4.2366,4.2797,4.215,4.2222,17317513,0.2816,36094598360.7,42468322061.89,4.6287,
000898.SZ,鞍钢股份,2018-11-21,4.1934,4.5746,4.1071,4.3661,75975562,1.2356,37324397282.7,43915283631.29,4.7864,
000898.SZ,鞍钢股份,2018-11-22,4.2654,4.2725,4.1862,4.215,44934783,0.7308,36033108414.6,42395973983.42,4.6208,
000898.SZ,鞍钢股份,2018-11-23,4.2006,4.2006,4.0568,4.0568,33141736,0.539,34680329600.4,40804316257.08,4.4473,
000898.SZ,鞍钢股份,2018-11-26,4.0136,4.0568,3.9633,3.9848,22201420,0.3611,34065430139.4,40080835472.38,4.3685,
000898.SZ,鞍钢股份,2018-11-27,4.0064,4.0136,3.9489,3.9633,17002135,0.2765,33880960301.1,39863791236.97,4.3448,
000898.SZ,鞍钢股份,2018-11-28,3.9561,3.992,3.9129,3.9776,12485147,0.203,34003940193.3,40008487393.91,4.3606,
000898.SZ,鞍钢股份,2018-11-29,4.0208,4.0352,3.9201,3.9345,16006448,0.2603,33635000516.7,39574398923.09,4.3133,
000898.SZ,鞍钢股份,2018-11-30,3.9201,3.9776,3.9129,3.9704,13130039,0.2135,33942450247.2,39936139315.44,4.3527,
000898.SZ,鞍钢股份,2018-12-03,4.0496,4.0927,4.0208,4.064,27115141,0.441,34741819546.5,40876664335.55,4.4552,
000898.SZ,鞍钢股份,2018-12-04,4.0783,4.1215,4.0496,4.0711,18773318,0.3053,34803309492.6,40949012414.02,4.4631,
000898.SZ,鞍钢股份,2018-12-05,4.0208,4.0424,3.9992,4.0352,15654856,0.2546,34495859762.1,40587272021.67,4.4237,
000898.SZ,鞍钢股份,2018-12-06,4.0136,4.0136,3.9417,3.9633,19856373,0.3229,33880960301.1,39863791236.97,4.3448,
000898.SZ,鞍钢股份,2018-12-07,3.9561,3.9776,3.9417,3.9561,11341181,0.1844,33819470355,39791443158.5,4.3369,
000898.SZ,鞍钢股份,2018-12-10,3.9345,3.9489,3.9129,3.9273,8663589,0.1409,33573510570.6,39502050844.62,4.3054,
000898.SZ,鞍钢股份,2018-12-11,3.9345,3.9417,3.8697,3.8985,13579664,0.2208,33327550786.2,39212658530.74,4.2739,
000898.SZ,鞍钢股份,2018-12-12,3.9057,3.9201,3.8769,3.8841,11545807,0.1878,33204570894,39067962373.8,4.2581,
000898.SZ,鞍钢股份,2018-12-13,3.8985,3.9417,3.8554,3.9201,24138290,0.3926,33512020624.5,39429702766.15,4.2975,
000898.SZ,鞍钢股份,2018-12-14,3.9201,3.9201,3.8482,3.8554,18106967,0.2945,32958611109.6,38778570059.92,4.2265,
000898.SZ,鞍钢股份,2018-12-17,3.841,3.8769,3.8194,3.8697,10406384,0.1692,33081591001.8,38923266216.86,4.2423,
000898.SZ,鞍钢股份,2018-12-18,3.8482,3.8769,3.8122,3.8266,15950909,0.2594,32712651325.2,38489177746.04,4.195,
000898.SZ,鞍钢股份,2018-12-19,3.8338,3.8338,3.7403,3.7547,19060661,0.31,32097751864.2,37765696961.34,4.1162,
000898.SZ,鞍钢股份,2018-12-20,3.7547,3.769,3.7043,3.7187,17569346,0.2857,31790302133.7,37403956568.99,4.0767,
000898.SZ,鞍钢股份,2018-12-21,3.7187,3.7259,3.6396,3.6827,21809574,0.3547,31482852403.2,37042216176.64,4.0373,
000898.SZ,鞍钢股份,2018-12-24,3.654,3.6971,3.6468,3.6827,12379329,0.2013,31482852403.2,37042216176.64,4.0373,
000898.SZ,鞍钢股份,2018-12-25,3.654,3.654,3.5605,3.5964,21518847,0.35,30744973050,36174039235,3.9427,
000898.SZ,鞍钢股份,2018-12-26,3.6036,3.6468,3.5964,3.618,11519723,0.1873,30929442888.3,36391083470.41,3.9663,
000898.SZ,鞍钢股份,2018-12-27,3.6683,3.6827,3.6324,3.6324,15638017,0.2543,31052422780.5,36535779627.35,3.9821,
000898.SZ,鞍钢股份,2018-12-28,3.6468,3.7043,3.6324,3.6899,21313876,0.3466,31544342349.3,37114564255.11,4.0452,
000898.SZ,鞍钢股份,2019-01-02,3.6755,3.6899,3.5964,3.6036,16113372,0.262,30806450471.1,36246387313.47,3.9506,
000898.SZ,鞍钢股份,2019-01-03,3.6036,3.6324,3.5605,3.5748,20423826,0.3321,30560490786.7,35956994999.59,3.919,
000898.SZ,鞍钢股份,2019-01-04,3.5461,3.6324,3.5245,3.6252,24007176,0.3904,30990920234.4,36463431548.88,3.9742,
000898.SZ,鞍钢股份,2019-01-07,3.6396,3.6755,3.618,3.6755,23312451,0.3791,31421349682.1,36969868098.17,4.0294,
000898.SZ,鞍钢股份,2019-01-08,3.6612,3.6899,3.6396,3.6683,16036159,0.2608,31359859761,36897520019.7,4.0215,
000898.SZ,鞍钢股份,2019-01-09,3.6755,3.7475,3.6683,3.6971,24138887,0.3926,31605819445.4,37186912333.58,4.0531,
000898.SZ,鞍钢股份,2019-01-10,3.6827,3.6971,3.6396,3.6468,17512851,0.2848,31175389997.7,36680475784.29,3.9979,
000898.SZ,鞍钢股份,2019-01-11,3.654,3.6827,3.6468,3.6827,13202861,0.2147,31482839603.2,37042216176.64,4.0373,
000898.SZ,鞍钢股份,2019-01-14,3.6827,3.7331,3.6683,3.6899,22803794,0.3709,31544329524.3,37114564255.11,4.0452,
000898.SZ,鞍钢股份,2019-01-15,3.6755,3.7187,3.6755,3.7043,16827071,0.2737,31667309366.5,37259260412.05,4.061,
000898.SZ,鞍钢股份,2019-01-16,3.7187,3.7331,3.6971,3.7115,15600825,0.2537,31728799287.6,37331608490.52,4.0688,
000898.SZ,鞍钢股份,2019-01-17,3.7259,3.7475,3.6971,3.7187,17904727,0.2912,31790289208.7,37403956568.99,4.0767,
000898.SZ,鞍钢股份,2019-01-18,3.7259,3.841,3.7115,3.8122,38228430,0.6217,32589658183,38344481589.1,4.1792,
000898.SZ,鞍钢股份,2019-01-21,3.8194,3.841,3.7978,3.8266,22317125,0.3629,32712638025.2,38489177746.04,4.195,
000898.SZ,鞍钢股份,2019-01-22,3.8266,3.8266,3.7259,3.7403,20556518,0.3343,31974758972,37621000804.4,4.1004,
000898.SZ,鞍钢股份,2019-01-23,3.7259,3.7619,3.7043,3.7331,18784064,0.3055,31913269050.9,37548652725.93,4.0925,
000898.SZ,鞍钢股份,2019-01-24,3.7331,3.7331,3.6899,3.7115,16802140,0.2733,31728799287.6,37331608490.52,4.0688,
000898.SZ,鞍钢股份,2019-01-25,3.7331,3.7475,3.7187,3.7259,19184123,0.312,31851779129.8,37476304647.46,4.0846,
000898.SZ,鞍钢股份,2019-01-28,3.7403,3.7619,3.6683,3.6899,21184843,0.3445,31544329524.3,37114564255.11,4.0452,
000898.SZ,鞍钢股份,2019-01-29,3.6683,3.7403,3.6468,3.7403,25025959,0.407,31974758972,37621000804.4,4.1004,
000898.SZ,鞍钢股份,2019-01-30,3.7403,3.7547,3.7043,3.7259,17901936,0.2911,31851779129.8,37476304647.46,4.0846,
000898.SZ,鞍钢股份,2019-01-31,3.7259,3.7619,3.7043,3.7403,25501285,0.4147,31974758972,37621000804.4,4.1004,
000898.SZ,鞍钢股份,2019-02-01,3.7619,3.7834,3.7331,3.7762,23311589,0.3791,32282208577.5,37982741196.75,4.1398,
000898.SZ,鞍钢股份,2019-02-11,3.7906,3.8266,3.7906,3.8194,25691087,0.4178,32651148104.1,38416829667.57,4.1871,
000898.SZ,鞍钢股份,2019-02-12,3.805,3.841,3.7834,3.8266,26674850,0.4338,32712638025.2,38489177746.04,4.195,
000898.SZ,鞍钢股份,2019-02-13,3.8266,3.8985,3.8122,3.8913,29884331,0.486,33266047315.1,39140310452.27,4.266,
000898.SZ,鞍钢股份,2019-02-14,3.8841,3.9273,3.8769,3.8841,22247116,0.3618,33204557394,39067962373.8,4.2581,
000898.SZ,鞍钢股份,2019-02-15,3.8841,3.8841,3.7978,3.7978,27864941,0.4532,32466678340.8,38199785432.16,4.1635,
000898.SZ,鞍钢股份,2019-02-18,3.8266,3.8841,3.8194,3.8841,28692486,0.4666,33204557394,39067962373.8,4.2581,
000898.SZ,鞍钢股份,2019-02-19,3.8769,3.9057,3.8482,3.8913,27848592,0.4529,33266047315.1,39140310452.27,4.266,
000898.SZ,鞍钢股份,2019-02-20,3.8913,3.9345,3.8697,3.8985,28779657,0.468,33327537236.2,39212658530.74,4.2739,
000898.SZ,鞍钢股份,2019-02-21,3.8841,3.9201,3.8554,3.8697,26168027,0.4256,33081577551.8,38923266216.86,4.2423,
000898.SZ,鞍钢股份,2019-02-22,3.8841,3.8985,3.8482,3.8985,22381461,0.364,33327537236.2,39212658530.74,4.2739,
000898.SZ,鞍钢股份,2019-02-25,3.9129,4.0855,3.9057,4.0711,71474872,1.1624,34803295342.6,40949012414.02,4.4631,
000898.SZ,鞍钢股份,2019-02-26,4.0783,4.2725,4.0352,4.1143,84084712,1.3675,35172234869.2,41383100884.84,4.5104,
000898.SZ,鞍钢股份,2019-02-27,4.0783,4.1647,4.0711,4.0999,48499719,0.7887,35049255027,41238404727.9,4.4946,
000898.SZ,鞍钢股份,2019-02-28,4.0927,4.1431,4.0568,4.0783,30238243,0.4918,34864785263.7,41021360492.49,4.471,
000898.SZ,鞍钢股份,2019-03-01,4.0855,4.1287,4.0783,4.1287,41156059,0.6693,35295214711.4,41527797041.78,4.5262,
000898.SZ,鞍钢股份,2019-03-04,4.1647,4.2366,4.1359,4.2006,68905590,1.1206,35910113922.4,42251277826.48,4.605,
000898.SZ,鞍钢股份,2019-03-05,4.1718,4.251,4.1575,4.2222,46499829,0.7562,36094583685.7,42468322061.89,4.6287,
000898.SZ,鞍钢股份,2019-03-06,4.2438,4.3589,4.215,4.3157,68815808,1.1191,36893952660,43408847082,4.7312,
000898.SZ,鞍钢股份,2019-03-07,4.2869,4.3445,4.251,4.2941,56847902,0.9245,36709482896.7,43191802846.59,4.7076,
000898.SZ,鞍钢股份,2019-03-08,4.215,4.2222,4.0496,4.064,57653302,0.9376,34741805421.5,40876664335.55,4.4552,
000898.SZ,鞍钢股份,2019-03-11,4.0496,4.1503,4.0496,4.1359,35328916,0.5745,35356704632.5,41600145120.25,4.5341,
000898.SZ,鞍钢股份,2019-03-12,4.1647,4.2366,4.1431,4.1862,43737721,0.7113,35787134080.2,42106581669.54,4.5893,
000898.SZ,鞍钢股份,2019-03-13,4.1862,4.2006,4.1287,4.1503,31014901,0.5044,35479684474.7,41744841277.19,4.5498,
000898.SZ,鞍钢股份,2019-03-14,4.1503,4.2222,4.1431,4.179,41724756,0.6786,35725644159.1,42034233591.07,4.5814,
000898.SZ,鞍钢股份,2019-03-15,4.179,4.2438,4.179,4.2294,42614512,0.693,36156073606.8,42540670140.36,4.6366,
000898.SZ,鞍钢股份,2019-03-18,4.2438,4.3589,4.2366,4.3517,66185650,1.0764,37201402265.5,43770587474.35,4.7706,
000898.SZ,鞍钢股份,2019-03-19,4.402,4.402,4.2654,4.2869,74600473,1.2132,36647992975.6,43119454768.12,5.4225,
000898.SZ,鞍钢股份,2019-03-20,4.2797,4.3157,4.215,4.2582,50182212,0.8161,36402033291.2,42830062454.24,5.3861,
000898.SZ,鞍钢股份,2019-03-21,4.2582,4.2725,4.2294,4.2438,37561575,0.6109,36279053449,42685366297.3,5.3679,
000898.SZ,鞍钢股份,2019-03-22,4.2438,4.2582,4.1862,4.2366,36340308,0.591,36217563527.9,42613018218.83,5.3588,
000898.SZ,鞍钢股份,2019-03-25,4.1647,4.1718,4.0999,4.1143,51001634,0.8294,35172234869.2,41383100884.84,5.2041,
000898.SZ,鞍钢股份,2019-03-26,4.1215,4.1431,4.0352,4.0424,32546088,0.5293,34557335658.2,40659620100.14,5.1131,
000898.SZ,鞍钢股份,2019-03-27,4.064,4.0783,4.0208,4.064,24362466,0.3962,34741805421.5,40876664335.55,5.1404,
000898.SZ,鞍钢股份,2019-03-28,4.0424,4.0424,3.9704,3.9776,32941430,0.5357,34003926368.3,40008487393.91,5.0312,
000898.SZ,鞍钢股份,2019-03-29,3.9992,4.0999,3.9776,4.0999,39433115,0.6413,35049255027,41238404727.9,5.1859,
000898.SZ,鞍钢股份,2019-04-01,4.1215,4.2222,4.1215,4.215,69608676,1.132,36033093764.6,42395973983.42,5.3315,
000898.SZ,鞍钢股份,2019-04-02,4.2222,4.2294,4.1647,4.2006,42014177,0.6833,35910113922.4,42251277826.48,5.3133,
000898.SZ,鞍钢股份,2019-04-03,4.1934,4.2654,4.179,4.2654,60151574,0.9782,36463523212.3,42902410532.71,5.3952,
000898.SZ,鞍钢股份,2019-04-04,4.2725,4.3301,4.2438,4.3013,68020269,1.1062,36770972817.8,43264150925.06,5.4407,
000898.SZ,鞍钢股份,2019-04-08,4.3229,4.4955,4.3013,4.4883,112073252,1.8226,38369710766.4,45145200965.28,5.6772,
000898.SZ,鞍钢股份,2019-04-09,4.4668,4.4668,4.3373,4.3804,66388794,1.0797,37447361949.9,44059979788.23,5.5407,
000898.SZ,鞍钢股份,2019-04-10,4.3517,4.3589,4.2725,4.3085,52811084,0.8589,36832462738.9,43336499003.53,5.4498,
000898.SZ,鞍钢股份,2019-04-11,4.3229,4.3445,4.251,4.2582,35171141,0.572,36402033291.2,42830062454.24,5.3861,
000898.SZ,鞍钢股份,2019-04-12,4.0999,4.1215,4.064,4.0855,76326755,1.2413,34926275184.8,41093708570.96,5.1677,
000898.SZ,鞍钢股份,2019-04-15,4.1143,4.1431,4.064,4.0783,46508304,0.7564,34864785263.7,41021360492.49,5.1586,
000898.SZ,鞍钢股份,2019-04-16,4.064,4.1359,4.0208,4.1359,38741776,0.6301,35356704632.5,41600145120.25,5.2314,
000898.SZ,鞍钢股份,2019-04-17,4.1287,4.1503,4.1071,4.1359,32448405,0.5277,35356704632.5,41600145120.25,5.2314,
000898.SZ,鞍钢股份,2019-04-18,4.1287,4.1503,4.0927,4.1071,29719889,0.4833,35110744948.1,41310752806.37,5.195,
000898.SZ,鞍钢股份,2019-04-19,4.0999,4.1287,4.0711,4.1287,25128364,0.4087,35295214711.4,41527797041.78,5.2223,
000898.SZ,鞍钢股份,2019-04-22,4.1359,4.1359,4.0568,4.0783,28339268,0.4609,34864785263.7,41021360492.49,5.1586,
000898.SZ,鞍钢股份,2019-04-23,4.0783,4.0855,4.028,4.0424,24854263,0.4042,34557335658.2,40659620100.14,5.1131,
000898.SZ,鞍钢股份,2019-04-24,4.0496,4.0711,4.028,4.064,20550046,0.3342,34741805421.5,40876664335.55,5.1404,
000898.SZ,鞍钢股份,2019-04-25,4.0424,4.0496,3.9201,3.9489,27654442,0.4497,33757966683.9,39719095080.03,4.9949,
000898.SZ,鞍钢股份,2019-04-26,3.9201,3.9417,3.8554,3.8626,23706370,0.3855,33020087630.7,38850918138.39,4.8857,
000898.SZ,鞍钢股份,2019-04-29,3.8482,3.8697,3.7978,3.8266,24326274,0.3956,32712638025.2,38489177746.04,4.8402,
000898.SZ,鞍钢股份,2019-04-30,3.8122,3.8769,3.805,3.8554,18194872,0.2959,32958597709.6,38778570059.92,5.7204,
000898.SZ,鞍钢股份,2019-05-06,3.7906,3.7906,3.618,3.654,27798430,0.4521,31236879918.8,36752823862.76,5.4216,
000898.SZ,鞍钢股份,2019-05-07,3.6683,3.6827,3.618,3.6683,15838029,0.2576,31359859761,36897520019.7,5.4429,
000898.SZ,鞍钢股份,2019-05-08,3.6036,3.6827,3.5964,3.6612,14865811,0.2418,31298369839.9,36825171941.23,5.4322,
000898.SZ,鞍钢股份,2019-05-09,3.6324,3.654,3.6036,3.618,11300700,0.1838,30929430313.3,36391083470.41,5.3682,
000898.SZ,鞍钢股份,2019-05-10,3.6324,3.6899,3.618,3.6899,16821577,0.2736,31544329524.3,37114564255.11,5.4749,
000898.SZ,鞍钢股份,2019-05-13,3.6612,3.6683,3.6252,3.6324,11273443,0.1833,31052410155.5,36535779627.35,5.3896,
000898.SZ,鞍钢股份,2019-05-14,3.5964,3.6324,3.5892,3.6108,13628685,0.2216,30867940392.2,36318735391.94,5.3575,
000898.SZ,鞍钢股份,2019-05-15,3.618,3.654,3.618,3.6468,15317059,0.2491,31175389997.7,36680475784.29,5.4109,
000898.SZ,鞍钢股份,2019-05-16,3.6468,3.7043,3.6324,3.6899,18196089,0.2959,31544329524.3,37114564255.11,5.4749,
000898.SZ,鞍钢股份,2019-05-17,3.6899,3.6971,3.6108,3.6252,14437317,0.2348,30990920234.4,36463431548.88,5.3789,
000898.SZ,鞍钢股份,2019-05-20,3.6252,3.6252,3.5676,3.5964,11589304,0.1885,30744960550,36174039235,5.3362,
000898.SZ,鞍钢股份,2019-05-21,3.5892,3.6612,3.5748,3.6396,11066108,0.18,31113900076.6,36608127705.82,5.4002,
000898.SZ,鞍钢股份,2019-05-22,3.6468,3.6612,3.618,3.6252,11153701,0.1814,30990920234.4,36463431548.88,5.3789,
000898.SZ,鞍钢股份,2019-05-23,3.6252,3.6324,3.5676,3.5892,15114059,0.2458,30683470628.9,36101691156.53,5.3255,
000898.SZ,鞍钢股份,2019-05-24,3.582,3.6108,3.5748,3.6036,7004943,0.1139,30806450471.1,36246387313.47,5.3469,
000898.SZ,鞍钢股份,2019-05-27,3.6036,3.6612,3.582,3.6612,8917312,0.145,31298369839.9,36825171941.23,5.4322,
000898.SZ,鞍钢股份,2019-05-28,3.6396,3.6971,3.6396,3.6755,18005223,0.2928,31421349682.1,36969868098.17,5.4536,
000898.SZ,鞍钢股份,2019-05-29,3.6755,3.6899,3.6612,3.6683,8595807,0.1398,31359859761,36897520019.7,5.4429,
000898.SZ,鞍钢股份,2019-05-30,3.6755,3.6755,3.6324,3.654,10370071,0.1686,31236879918.8,38407583062.76,5.6657,
000898.SZ,鞍钢股份,2019-05-31,3.6683,3.6899,3.6468,3.6612,10729659,0.1745,31298369839.9,38483188541.23,5.6768,
000898.SZ,鞍钢股份,2019-06-03,3.6612,3.6899,3.654,3.6683,8444962,0.1373,31359859761,38558794019.7,5.688,
000898.SZ,鞍钢股份,2019-06-04,3.6755,3.6755,3.6252,3.6468,8010796,0.1303,31175389997.7,38331977584.29,5.6545,
000898.SZ,鞍钢股份,2019-06-05,3.6612,3.6683,3.6396,3.6468,5994813,0.0975,31175389997.7,38331977584.29,5.6545,
000898.SZ,鞍钢股份,2019-06-06,3.6612,3.6612,3.5964,3.5964,8156169,0.1326,30744960550,37802739235,5.5764,
000898.SZ,鞍钢股份,2019-06-10,3.618,3.6324,3.5964,3.6108,6169228,0.1003,30867940392.2,37953950191.94,5.5988,
000898.SZ,鞍钢股份,2019-06-11,3.6324,3.7043,3.618,3.6971,15399042,0.2504,31605819445.4,38861215933.58,5.7326,
000898.SZ,鞍钢股份,2019-06-12,3.7043,3.7043,3.6612,3.6755,10186935,0.1657,31421349682.1,38634399498.17,5.6991,
000898.SZ,鞍钢股份,2019-06-13,3.6612,3.6755,3.6396,3.6612,8060209,0.1311,31298369839.9,38483188541.23,5.6768,
000898.SZ,鞍钢股份,2019-06-14,3.6612,3.6755,3.6396,3.6468,9285633,0.151,31175389997.7,38331977584.29,5.6545,
000898.SZ,鞍钢股份,2019-06-17,3.6468,3.654,3.6252,3.6396,6923092,0.1126,31113900076.6,38256372105.82,5.6434,
000898.SZ,鞍钢股份,2019-06-18,3.6252,3.6396,3.618,3.6252,5690034,0.0925,30990920234.4,38105161148.88,5.6211,
000898.SZ,鞍钢股份,2019-06-19,3.6683,3.6755,3.6396,3.6468,11694149,0.1902,31175389997.7,38331977584.29,5.6545,
000898.SZ,鞍钢股份,2019-06-20,3.654,3.6971,3.6252,3.6971,15914836,0.2588,31605819445.4,38861215933.58,5.7326,
000898.SZ,鞍钢股份,2019-06-21,3.7043,3.7259,3.6899,3.7187,17846073,0.2902,31790289208.7,39088032368.99,5.766,
000898.SZ,鞍钢股份,2019-06-24,3.7259,3.7978,3.7259,3.7762,21447440,0.3488,32282208577.5,39692876196.75,5.8553,
000898.SZ,鞍钢股份,2019-06-25,3.7834,3.7834,3.7115,3.7547,14413678,0.2344,32097738814.2,39466059761.34,5.8218,
000898.SZ,鞍钢股份,2019-06-26,3.7547,3.7619,3.7331,3.7475,9390959,0.1527,32036248893.1,39390454282.87,5.8107,
000898.SZ,鞍钢股份,2019-06-27,3.7619,3.7762,3.7259,3.7475,19970985,0.3248,32036248893.1,39390454282.87,5.8107,
000898.SZ,鞍钢股份,2019-06-28,3.7475,3.7572,3.6792,3.6987,16573603,0.2073,30296084125.97,35645898261.79,5.2583,
000898.SZ,鞍钢股份,2019-07-01,3.7572,3.7767,3.7182,3.7377,17117647,0.2141,30615844163.19,36022108269.83,5.3138,
000898.SZ,鞍钢股份,2019-07-02,3.7475,3.7475,3.6987,3.7377,13765245,0.1722,30615844163.19,36022108269.83,5.3138,
000898.SZ,鞍钢股份,2019-07-03,3.728,3.7377,3.6889,3.6987,11499194,0.1439,30296096443.47,35645898261.79,5.2583,
000898.SZ,鞍钢股份,2019-07-04,3.6987,3.7182,3.6694,3.6889,12089581,0.1512,30216159513.54,35551845759.78,5.2444,
000898.SZ,鞍钢股份,2019-07-05,3.6889,3.6987,3.6596,3.6792,10918279,0.1366,30136222583.61,35457793257.77,5.2305,
000898.SZ,鞍钢股份,2019-07-08,3.6694,3.6694,3.5816,3.6011,17283100,0.2162,29496727144.17,34705373241.69,5.1195,
000898.SZ,鞍钢股份,2019-07-09,3.6108,3.6108,3.562,3.5816,9234271,0.1155,29336853284.31,34517268237.67,5.0918,
000898.SZ,鞍钢股份,2019-07-10,3.5913,3.6011,3.562,3.562,6415758,0.0803,29176979424.45,34329163233.65,5.064,
000898.SZ,鞍钢股份,2019-07-11,3.5816,3.5913,3.5328,3.5523,6700960,0.0838,29097042494.52,34235110731.64,5.0502,
000898.SZ,鞍钢股份,2019-07-12,3.562,3.562,3.5328,3.5523,6952739,0.087,29097042494.52,34235110731.64,5.0502,
000898.SZ,鞍钢股份,2019-07-15,3.5328,3.5523,3.4645,3.5425,10713096,0.134,29017105564.59,34141058229.63,5.0363,
000898.SZ,鞍钢股份,2019-07-16,3.523,3.562,3.5035,3.5328,11747664,0.147,28937168634.66,34047005727.62,5.0224,
000898.SZ,鞍钢股份,2019-07-17,3.523,3.5328,3.5035,3.5133,8230122,0.103,28777294774.8,33858900723.6,4.9947,
000898.SZ,鞍钢股份,2019-07-18,3.5035,3.5035,3.4645,3.4742,8641468,0.1081,28457547055.08,33482690715.56,4.9392,
000898.SZ,鞍钢股份,2019-07-19,3.4742,3.5133,3.4645,3.484,7951331,0.0995,28537483985.01,33576743217.57,4.9531,
000898.SZ,鞍钢股份,2019-07-22,3.4937,3.4937,3.4157,3.4254,15206237,0.1902,28057862405.43,33012428205.51,4.8698,
000898.SZ,鞍钢股份,2019-07-23,3.4254,3.4352,3.4059,3.4254,8179856,0.1023,28057862405.43,33012428205.51,4.8698,
000898.SZ,鞍钢股份,2019-07-24,3.4254,3.4547,3.4157,3.4352,9607166,0.1202,28137799335.36,33106480707.52,4.8837,
000898.SZ,鞍钢股份,2019-07-25,3.4352,3.4352,3.4157,3.4254,7438338,0.0931,28057862405.43,33012428205.51,4.8698,
000898.SZ,鞍钢股份,2019-07-26,3.4157,3.4254,3.4059,3.4157,5349199,0.0669,27977925475.5,32918375703.5,4.8559,
000898.SZ,鞍钢股份,2019-07-29,3.4254,3.4352,3.4157,3.4254,6880676,0.0861,28057862405.43,33012428205.51,4.8698,
000898.SZ,鞍钢股份,2019-07-30,3.4254,3.4449,3.4157,3.4352,8445843,0.1057,28137799335.36,33106480707.52,4.8837,
000898.SZ,鞍钢股份,2019-07-31,3.4352,3.4352,3.4059,3.4157,7323327,0.0916,27977925475.5,32918375703.5,4.8559,
000898.SZ,鞍钢股份,2019-08-01,3.4157,3.4254,3.3766,3.3864,8732372,0.1092,27738114685.71,32636218197.47,4.8143,
000898.SZ,鞍钢股份,2019-08-02,3.3473,3.3473,3.279,3.3181,15971237,0.1998,27178556176.2,31977850683.4,4.7172,
000898.SZ,鞍钢股份,2019-08-05,3.2888,3.2888,3.1912,3.201,18271938,0.2286,26219313017.04,30849220659.28,4.5507,
000898.SZ,鞍钢股份,2019-08-06,3.1424,3.1522,3.0448,3.0839,18433119,0.2306,25260069857.88,29720590635.16,4.3842,
000898.SZ,鞍钢股份,2019-08-07,3.1034,3.1131,3.0839,3.0839,8508839,0.1064,25260069857.88,29720590635.16,4.3842,
000898.SZ,鞍钢股份,2019-08-08,3.1034,3.1131,3.0839,3.1034,7668474,0.0959,25419943717.74,29908695639.18,4.412,
000898.SZ,鞍钢股份,2019-08-09,3.1131,3.1131,3.0546,3.0643,7647706,0.0957,25100195998.02,29532485631.14,4.3565,
000898.SZ,鞍钢股份,2019-08-12,3.0839,3.0839,3.0546,3.0839,8033284,0.1005,25260069857.88,29720590635.16,4.3842,
000898.SZ,鞍钢股份,2019-08-13,3.0643,3.0741,3.0253,3.0351,8414379,0.1053,24860385208.23,29250328125.11,4.3148,
000898.SZ,鞍钢股份,2019-08-14,3.0546,3.0839,3.0546,3.0546,8088588,0.1012,25020259068.09,29438433129.13,4.3426,
000898.SZ,鞍钢股份,2019-08-15,3.0155,3.0643,2.9765,3.0546,8865030,0.1109,25020259068.09,29438433129.13,4.3426,
000898.SZ,鞍钢股份,2019-08-16,3.0546,3.0936,3.0351,3.0643,5936063,0.0743,25100195998.02,29532485631.14,4.3565,
000898.SZ,鞍钢股份,2019-08-19,3.0741,3.1522,3.0741,3.1522,9747064,0.1219,25819628367.39,30378958149.23,4.4813,
000898.SZ,鞍钢股份,2019-08-20,3.1522,3.1717,3.1131,3.1229,11211652,0.1403,25579817577.6,30096800643.2,4.4397,
000898.SZ,鞍钢股份,2019-08-21,3.1229,3.1522,3.1131,3.1229,9704483,0.1214,25579817577.6,30096800643.2,4.4397,
000898.SZ,鞍钢股份,2019-08-22,3.1229,3.1424,3.0839,3.1131,6289081,0.0787,25499880647.67,30002748141.19,4.4258,
000898.SZ,鞍钢股份,2019-08-23,3.1131,3.1131,3.0643,3.0839,9340458,0.1168,25260069857.88,29720590635.16,4.3842,
000898.SZ,鞍钢股份,2019-08-26,3.0351,3.0351,2.996,3.0155,11301961,0.1414,24700511348.37,29062223121.09,4.2871,
000898.SZ,鞍钢股份,2019-08-27,3.0253,3.0839,3.0155,3.0351,14301769,0.1789,24860385208.23,29250328125.11,4.3148,
000898.SZ,鞍钢股份,2019-08-28,3.0643,3.0839,3.0448,3.0741,10100976,0.1264,25180132927.95,29626538133.15,4.3703,
000898.SZ,鞍钢股份,2019-08-29,3.0839,3.0936,3.0448,3.0643,6012095,0.0752,25100195998.02,29532485631.14,4.3565,
000898.SZ,鞍钢股份,2019-08-30,3.0839,3.0839,3.0351,3.0448,7519024,0.0941,24940322138.16,29344380627.12,4.3287,
000898.SZ,鞍钢股份,2019-09-02,3.0546,3.0936,3.0351,3.0936,12689827,0.1587,25340006787.81,29814643137.17,5.0722,
000898.SZ,鞍钢股份,2019-09-03,3.0839,3.1131,3.0839,3.1131,11969007,0.1497,25499880647.67,30002748141.19,5.1042,
000898.SZ,鞍钢股份,2019-09-04,3.1131,3.1522,3.0936,3.1424,17931132,0.2243,25739691437.46,30284905647.22,5.1522,
000898.SZ,鞍钢股份,2019-09-05,3.1619,3.2302,3.1522,3.1912,25676360,0.3212,26139376087.11,30755168157.27,5.2323,
000898.SZ,鞍钢股份,2019-09-06,3.201,3.2205,3.1717,3.1814,13218584,0.1654,26059439157.18,30661115655.26,5.2162,
000898.SZ,鞍钢股份,2019-09-09,3.201,3.2302,3.1814,3.201,14404607,0.1802,26219313017.04,30849220659.28,5.2483,
000898.SZ,鞍钢股份,2019-09-10,3.201,3.2107,3.1814,3.201,12487352,0.1562,26219313017.04,30849220659.28,5.2483,
000898.SZ,鞍钢股份,2019-09-11,3.201,3.2498,3.1912,3.2498,20031731,0.2506,26618997666.69,31319483169.33,5.3283,
000898.SZ,鞍钢股份,2019-09-12,3.2986,3.2986,3.2498,3.2693,20694757,0.2589,26778871526.55,31507588173.35,5.3603,
000898.SZ,鞍钢股份,2019-09-16,3.2693,3.2888,3.2302,3.2498,17182989,0.215,26618997666.69,31319483169.33,5.3283,
000898.SZ,鞍钢股份,2019-09-17,3.2498,3.2595,3.1619,3.1717,14596938,0.1826,25979502227.25,30567063153.25,5.2002,
000898.SZ,鞍钢股份,2019-09-18,3.1717,3.1912,3.1424,3.1522,9572285,0.1197,25819628367.39,30378958149.23,5.1682,
000898.SZ,鞍钢股份,2019-09-19,3.1522,3.1717,3.1229,3.1522,10798441,0.1351,25819628367.39,30378958149.23,5.1682,
000898.SZ,鞍钢股份,2019-09-20,3.1619,3.1717,3.1229,3.1229,11334290,0.1418,25579817577.6,30096800643.2,5.1202,
000898.SZ,鞍钢股份,2019-09-23,3.1327,3.1424,3.0741,3.0936,12268321,0.1535,25340006787.81,29814643137.17,5.0722,
000898.SZ,鞍钢股份,2019-09-24,3.0936,3.1131,3.0741,3.0839,10957762,0.1371,25260069857.88,29720590635.16,5.0562,
000898.SZ,鞍钢股份,2019-09-25,3.0741,3.0741,3.0253,3.0253,14200998,0.1777,24780448278.3,29156275623.1,4.9602,
000898.SZ,鞍钢股份,2019-09-26,3.0351,3.0351,3.0058,3.0058,13158092,0.1646,24620574418.44,28968170619.08,4.9282,
000898.SZ,鞍钢股份,2019-09-27,2.996,3.0448,2.996,3.0351,9774524,0.1223,24860385208.23,29250328125.11,4.9762,
000898.SZ,鞍钢股份,2019-09-30,3.0351,3.0448,3.0155,3.0155,7813138,0.0977,24700511348.37,29062223121.09,4.9442,
000898.SZ,鞍钢股份,2019-10-08,3.0155,3.0448,3.0058,3.0351,9416253,0.1178,24860385208.23,29250328125.11,4.9762,
000898.SZ,鞍钢股份,2019-10-09,3.0351,3.0448,3.0155,3.0351,8974877,0.1123,24860385208.23,29250328125.11,4.9762,
000898.SZ,鞍钢股份,2019-10-10,3.0351,3.0448,3.0155,3.0351,8847789,0.1107,24860385208.23,29250328125.11,4.9762,
000898.SZ,鞍钢股份,2019-10-11,3.0351,3.0741,3.0253,3.0741,13121074,0.1641,25180132927.95,29626538133.15,5.0402,
000898.SZ,鞍钢股份,2019-10-14,3.0936,3.1131,3.0741,3.1034,15437919,0.1931,25419943717.74,29908695639.18,5.0882,
000898.SZ,鞍钢股份,2019-10-15,3.0839,3.0839,3.0351,3.0448,14198113,0.1776,24940322138.16,29344380627.12,4.9922,
000898.SZ,鞍钢股份,2019-10-16,3.0448,3.0643,3.0155,3.0155,10547602,0.1319,24700511348.37,29062223121.09,4.9442,
000898.SZ,鞍钢股份,2019-10-17,3.0155,3.0253,2.996,3.0058,8145068,0.1019,24620574418.44,28968170619.08,4.9282,
000898.SZ,鞍钢股份,2019-10-18,3.0155,3.0155,2.9667,2.9863,13243190,0.1657,24460700558.58,28780065615.06,4.8962,
000898.SZ,鞍钢股份,2019-10-21,2.996,2.996,2.9667,2.9863,7479746,0.0936,24460700558.58,28780065615.06,4.8962,
000898.SZ,鞍钢股份,2019-10-22,2.9765,2.996,2.9667,2.9863,8445194,0.1056,24460700558.58,28780065615.06,4.8962,
000898.SZ,鞍钢股份,2019-10-23,2.9765,2.996,2.9765,2.9765,7166247,0.0896,24380763628.65,28686013113.05,4.8802,
000898.SZ,鞍钢股份,2019-10-24,2.9765,2.9863,2.9667,2.9863,7901913,0.0989,24460700558.58,28780065615.06,4.8962,
000898.SZ,鞍钢股份,2019-10-25,2.9863,2.9863,2.9667,2.9863,9165994,0.1147,24460700558.58,28780065615.06,4.8962,
000898.SZ,鞍钢股份,2019-10-28,2.9863,3.0058,2.9765,2.996,10516012,0.1316,24540637488.51,28874118117.07,4.9122,
000898.SZ,鞍钢股份,2019-10-29,2.996,2.996,2.9765,2.9765,7556980,0.0945,24380763628.65,28686013113.05,4.8802,
000898.SZ,鞍钢股份,2019-10-30,2.9765,2.9863,2.9375,2.9472,11346087,0.1419,24140952838.86,28403855607.02,10.0759,
000898.SZ,鞍钢股份,2019-10-31,2.9375,2.957,2.918,2.918,10714903,0.134,23901142049.07,28121698100.99,9.9758,
000898.SZ,鞍钢股份,2019-11-01,2.918,2.9375,2.8789,2.9277,9328626,0.1167,23981078979,28215750603,10.0091,
000898.SZ,鞍钢股份,2019-11-04,2.9277,2.9375,2.9082,2.9082,9893444,0.1238,23821205119.14,28027645598.98,9.9424,
000898.SZ,鞍钢股份,2019-11-05,2.918,2.9375,2.8887,2.9277,10153720,0.127,23981078979,28215750603,10.0091,
000898.SZ,鞍钢股份,2019-11-06,2.9277,2.9472,2.918,2.9277,7859137,0.0983,23981078979,28215750603,10.0091,
000898.SZ,鞍钢股份,2019-11-07,2.9277,2.9472,2.918,2.918,6997243,0.0875,23901142049.07,28121698100.99,9.9758,
000898.SZ,鞍钢股份,2019-11-08,2.9375,2.9375,2.9082,2.9082,7917057,0.099,23821205119.14,28027645598.98,9.9424,
000898.SZ,鞍钢股份,2019-11-11,2.8984,2.9082,2.8399,2.8594,12582919,0.1574,23421520469.49,27557383088.93,9.7756,
000898.SZ,鞍钢股份,2019-11-12,2.8399,2.8594,2.8204,2.8399,7968579,0.0997,23261646609.63,27369278084.91,9.7089,
000898.SZ,鞍钢股份,2019-11-13,2.8301,2.8399,2.8008,2.8106,9185310,0.1149,23021835819.84,27087120578.88,9.6088,
000898.SZ,鞍钢股份,2019-11-14,2.8008,2.8204,2.7911,2.8106,8571536,0.1072,23021835819.84,27087120578.88,9.6088,
000898.SZ,鞍钢股份,2019-11-15,2.8008,2.8496,2.7911,2.8301,10826340,0.1354,23181709679.7,27275225582.9,9.6755,
000898.SZ,鞍钢股份,2019-11-18,2.8204,2.8594,2.8106,2.8496,9308611,0.1164,23341583539.56,27463330586.92,9.7422,
000898.SZ,鞍钢股份,2019-11-19,2.8594,2.8887,2.8496,2.8887,11245447,0.1407,23661331259.28,27839540594.96,9.8757,
000898.SZ,鞍钢股份,2019-11-20,2.8887,2.918,2.8692,2.8984,12338548,0.1544,23741268189.21,27933593096.97,9.909,
000898.SZ,鞍钢股份,2019-11-21,2.8984,3.0351,2.8789,3.0058,39012760,0.488,24620574418.44,28968170619.08,10.276,
000898.SZ,鞍钢股份,2019-11-22,3.0058,3.0448,2.9667,3.0351,33862071,0.4236,24860385208.23,29250328125.11,10.3761,
000898.SZ,鞍钢股份,2019-11-25,3.0448,3.2107,3.0351,3.1522,57898024,0.7243,25819628367.39,30378958149.23,10.7765,
000898.SZ,鞍钢股份,2019-11-26,3.1424,3.1424,3.0351,3.0351,37137904,0.4646,24860385208.23,29250328125.11,10.3761,
000898.SZ,鞍钢股份,2019-11-27,3.0351,3.0936,3.0351,3.0839,21728555,0.2718,25260069857.88,29720590635.16,10.543,
000898.SZ,鞍钢股份,2019-11-28,3.0839,3.0936,3.0546,3.0643,18448797,0.2308,25100195998.02,29532485631.14,10.4762,
000898.SZ,鞍钢股份,2019-11-29,3.0643,3.1229,3.0546,3.0741,15471424,0.1935,25180132927.95,29626538133.15,10.5096,
000898.SZ,鞍钢股份,2019-12-02,3.0741,3.0936,3.0351,3.0448,11835617,0.1481,24940322138.16,29344380627.12,10.4095,
000898.SZ,鞍钢股份,2019-12-03,3.0253,3.0351,2.996,3.0058,12785567,0.1599,24620574418.44,28968170619.08,10.276,
000898.SZ,鞍钢股份,2019-12-04,2.9863,2.996,2.9667,2.9667,11647872,0.1457,24300826698.72,28591960611.04,10.1426,
000898.SZ,鞍钢股份,2019-12-05,2.9765,2.996,2.9667,2.9765,10950610,0.137,24380763628.65,28686013113.05,10.176,
000898.SZ,鞍钢股份,2019-12-06,2.9765,2.996,2.9667,2.9863,11003209,0.1376,24460700558.58,28780065615.06,10.2093,
000898.SZ,鞍钢股份,2019-12-09,2.996,3.0741,2.9863,3.0643,23456597,0.2934,25100195998.02,29532485631.14,10.4762,
000898.SZ,鞍钢股份,2019-12-10,3.0546,3.0741,3.0351,3.0643,14611345,0.1828,25100195998.02,29532485631.14,10.4762,
000898.SZ,鞍钢股份,2019-12-11,3.0741,3.1229,3.0643,3.0839,16968279,0.2123,25260069857.88,29720590635.16,10.543,
000898.SZ,鞍钢股份,2019-12-12,3.0839,3.0936,3.0546,3.0546,13604000,0.1702,25020259068.09,29438433129.13,10.4429,
000898.SZ,鞍钢股份,2019-12-13,3.0741,3.0839,3.0546,3.0839,20309600,0.2541,25260069857.88,29720590635.16,10.543,
000898.SZ,鞍钢股份,2019-12-16,3.0936,3.1327,3.0839,3.1131,21980350,0.275,25499880647.67,30002748141.19,10.643,
000898.SZ,鞍钢股份,2019-12-17,3.1424,3.1619,3.0936,3.1327,24875644,0.3112,25659754507.53,30190853145.21,10.7098,
000898.SZ,鞍钢股份,2019-12-18,3.1424,3.1619,3.1131,3.1424,16059406,0.2009,25739691437.46,30284905647.22,10.7431,
000898.SZ,鞍钢股份,2019-12-19,3.1229,3.1327,3.0839,3.1229,18161880,0.2272,25579817577.6,30096800643.2,10.6764,
000898.SZ,鞍钢股份,2019-12-20,3.1131,3.1229,3.0936,3.1034,11549614,0.1445,25419943717.74,29908695639.18,10.6097,
000898.SZ,鞍钢股份,2019-12-23,3.1131,3.1131,3.0351,3.0448,14483733,0.1812,24940322138.16,29344380627.12,10.4095,
000898.SZ,鞍钢股份,2019-12-24,3.0546,3.0936,3.0448,3.0839,9440190,0.1181,25260069857.88,29720590635.16,10.543,
000898.SZ,鞍钢股份,2019-12-25,3.0741,3.1131,3.0741,3.0936,9916618,0.1241,25340006787.81,29814643137.17,10.5763,
000898.SZ,鞍钢股份,2019-12-26,3.0936,3.1522,3.0839,3.1229,20263084,0.2535,25579817577.6,30096800643.2,10.6764,
000898.SZ,鞍钢股份,2019-12-27,3.1327,3.1814,3.1229,3.1424,20881105,0.2612,25739691437.46,30284905647.22,10.7431,
000898.SZ,鞍钢股份,2019-12-30,3.1327,3.201,3.1229,3.201,19958172,0.2497,26219313017.04,30849220659.28,10.9433,
000898.SZ,鞍钢股份,2019-12-31,3.201,3.2693,3.1717,3.2693,27775351,0.3475,26778904189.05,31507588173.35,11.1769,
000898.SZ,鞍钢股份,2020-01-02,3.2693,3.2986,3.24,3.279,28499410,0.3565,26858841216.48,31601640675.36,11.2102,
000898.SZ,鞍钢股份,2020-01-03,3.2595,3.2693,3.2205,3.24,16296771,0.2039,26539093106.76,31225430667.32,11.0768,
000898.SZ,鞍钢股份,2020-01-06,3.2107,3.2595,3.201,3.2205,19604746,0.2453,26379219051.9,31037325663.3,11.01,
000898.SZ,鞍钢股份,2020-01-07,3.2205,3.279,3.2205,3.2595,21038606,0.2632,26698967161.62,31413535671.34,11.1435,
000898.SZ,鞍钢股份,2020-01-08,3.2498,3.2595,3.1717,3.1912,18690714,0.2338,26139407969.61,30755168157.27,10.91,
000898.SZ,鞍钢股份,2020-01-09,3.2205,3.2302,3.201,3.2205,12288207,0.1537,26379219051.9,31037325663.3,11.01,
000898.SZ,鞍钢股份,2020-01-10,3.2205,3.2302,3.1912,3.201,9722592,0.1216,26219344997.04,30849220659.28,10.9433,
000898.SZ,鞍钢股份,2020-01-13,3.201,3.2107,3.1619,3.2107,11701477,0.1464,26299282024.47,30943273161.29,10.9767,
000898.SZ,鞍钢股份,2020-01-14,3.201,3.24,3.201,3.2302,13276753,0.1661,26459156079.33,31131378165.31,11.0434,
000898.SZ,鞍钢股份,2020-01-15,3.2302,3.24,3.1619,3.1814,13133939,0.1643,26059470942.18,30661115655.26,10.8766,
000898.SZ,鞍钢股份,2020-01-16,3.1717,3.1814,3.1327,3.1424,9865362,0.1234,25739722832.46,30284905647.22,10.7431,
000898.SZ,鞍钢股份,2020-01-17,3.1424,3.1717,3.1424,3.1619,11110787,0.139,25899596887.32,30473010651.24,10.8099,
000898.SZ,鞍钢股份,2020-01-20,3.1424,3.1424,3.1131,3.1229,10357177,0.1296,25579848777.6,30096800643.2,10.6764,
000898.SZ,鞍钢股份,2020-01-21,3.1229,3.1229,3.0253,3.0351,15480245,0.1937,24860415530.73,29250328125.11,10.3761,
000898.SZ,鞍钢股份,2020-01-22,3.0253,3.0448,2.9667,3.0253,11632427,0.1455,24780478503.3,29156275623.1,10.3428,
000898.SZ,鞍钢股份,2020-01-23,3.0253,3.0253,2.9472,2.957,13608771,0.1702,24220919311.29,28497908109.03,10.1092,
000898.SZ,鞍钢股份,2020-02-03,2.6642,2.6935,2.6642,2.6642,36039072,0.4508,21822808488.39,25676333048.73,9.1083,
000898.SZ,鞍钢股份,2020-02-04,2.6545,2.713,2.6349,2.6935,30143927,0.3771,22062619570.68,25958490554.76,9.2084,
000898.SZ,鞍钢股份,2020-02-05,2.6935,2.7618,2.6642,2.713,23914757,0.2992,22222493625.54,26146595558.78,9.2751,
000898.SZ,鞍钢股份,2020-02-06,2.7228,2.752,2.674,2.7325,23864972,0.2985,22382367680.4,26334700562.8,9.3419,
000898.SZ,鞍钢股份,2020-02-07,2.7228,2.7325,2.6837,2.713,19969398,0.2498,22222493625.54,26146595558.78,9.2751,
000898.SZ,鞍钢股份,2020-02-10,2.7033,2.7618,2.6837,2.752,26296820,0.329,22542241735.26,26522805566.82,9.4086,
000898.SZ,鞍钢股份,2020-02-11,2.7423,2.8789,2.7423,2.8106,40094987,0.5016,23021863899.84,27087120578.88,9.6088,
000898.SZ,鞍钢股份,2020-02-12,2.8106,2.8106,2.7618,2.8106,23236919,0.2907,23021863899.84,27087120578.88,9.6088,
000898.SZ,鞍钢股份,2020-02-13,2.8008,2.8204,2.7716,2.7716,21902676,0.274,22702115790.12,26710910570.84,9.4753,
000898.SZ,鞍钢股份,2020-02-14,2.7716,2.8106,2.7618,2.8008,16410917,0.2053,22941926872.41,26993068076.87,9.5754,
000898.SZ,鞍钢股份,2020-02-17,2.7911,2.8594,2.7911,2.8496,22521555,0.2817,23341612009.56,27463330586.92,9.7422,
000898.SZ,鞍钢股份,2020-02-18,2.8496,2.8594,2.8106,2.8301,17434049,0.2181,23181737954.7,27275225582.9,9.6755,
000898.SZ,鞍钢股份,2020-02-19,2.8301,2.8496,2.8106,2.8204,17523662,0.2192,23101800927.27,27181173080.89,9.6421,
000898.SZ,鞍钢股份,2020-02-20,2.8301,2.8692,2.8106,2.8496,22121836,0.2767,23341612009.56,27463330586.92,9.7422,
000898.SZ,鞍钢股份,2020-02-21,2.8496,2.8594,2.8204,2.8399,26852140,0.3359,23261674982.13,27369278084.91,9.7089,
000898.SZ,鞍钢股份,2020-02-24,2.8204,2.8399,2.8008,2.8106,23565480,0.2948,23021863899.84,27087120578.88,9.6088,
000898.SZ,鞍钢股份,2020-02-25,2.7716,2.7813,2.7325,2.7716,26184204,0.3276,22702115790.12,26710910570.84,9.4753,
000898.SZ,鞍钢股份,2020-02-26,2.7618,2.8692,2.7325,2.8496,47541882,0.5947,23341612009.56,27463330586.92,9.7422,
000898.SZ,鞍钢股份,2020-02-27,2.8399,2.8984,2.8204,2.8887,43256484,0.5411,23661360119.28,27839540594.96,9.8757,
000898.SZ,鞍钢股份,2020-02-28,2.8496,2.8496,2.7813,2.7911,32078417,0.4013,22861989844.98,26899015574.86,9.542,
000898.SZ,鞍钢股份,2020-03-02,2.7911,2.957,2.7813,2.9375,38912809,0.4868,24061045256.43,28309803105.01,10.0425,
000898.SZ,鞍钢股份,2020-03-03,2.9667,2.9765,2.8984,2.918,31019309,0.388,23901171201.57,28121698100.99,9.9758,
000898.SZ,鞍钢股份,2020-03-04,2.8984,2.957,2.8887,2.9277,26836758,0.3357,23981108229,28215750603,10.0091,
000898.SZ,鞍钢股份,2020-03-05,2.9472,3.0058,2.9277,2.9667,28196817,0.3527,24300856338.72,28591960611.04,10.1426,
000898.SZ,鞍钢股份,2020-03-06,2.9472,2.9472,2.8984,2.9082,23650796,0.2959,23821234174.14,28027645598.98,9.9424,
000898.SZ,鞍钢股份,2020-03-09,2.8692,2.8789,2.7813,2.7911,33119153,0.4143,22861989844.98,26899015574.86,9.542,
000898.SZ,鞍钢股份,2020-03-10,2.7716,2.8496,2.7618,2.8204,20211011,0.2528,23101800927.27,27181173080.89,9.6421,
000898.SZ,鞍钢股份,2020-03-11,2.8301,2.8594,2.8204,2.8301,18527103,0.2318,23181737954.7,27275225582.9,9.6755,
000898.SZ,鞍钢股份,2020-03-12,2.8008,2.8204,2.752,2.7716,23866071,0.2986,22702115790.12,26710910570.84,9.4753,
000898.SZ,鞍钢股份,2020-03-13,2.6837,2.7618,2.674,2.7325,27122539,0.3393,22382367680.4,26334700562.8,9.3419,
000898.SZ,鞍钢股份,2020-03-16,2.752,2.7618,2.6545,2.674,24315563,0.3042,21902745515.82,25770385550.74,9.1417,
000898.SZ,鞍钢股份,2020-03-17,2.6642,2.713,2.6349,2.713,32371154,0.405,22222493625.54,26146595558.78,9.2751,
000898.SZ,鞍钢股份,2020-03-18,2.713,2.7228,2.674,2.674,17980268,0.2249,21902745515.82,25770385550.74,9.1417,
000898.SZ,鞍钢股份,2020-03-19,2.6545,2.6935,2.6057,2.6447,21336264,0.2669,21662934433.53,25488228044.71,9.0416,
000898.SZ,鞍钢股份,2020-03-20,2.6545,2.6837,2.6349,2.6642,14366235,0.1797,21822808488.39,25676333048.73,9.1083,
000898.SZ,鞍钢股份,2020-03-23,2.6349,2.6447,2.5959,2.6154,14458273,0.1809,21423123351.24,25206070538.68,8.9415,
000898.SZ,鞍钢股份,2020-03-24,2.6349,2.6642,2.6154,2.6545,13735957,0.1718,21742871460.96,25582280546.72,9.0749,
000898.SZ,鞍钢股份,2020-03-25,2.6837,2.713,2.6642,2.6837,13057279,0.1633,21982682543.25,25864438052.75,9.175,
000898.SZ,鞍钢股份,2020-03-26,2.6642,2.674,2.6349,2.6447,9708659,0.1215,21662934433.53,25488228044.71,9.0416,
000898.SZ,鞍钢股份,2020-03-27,2.674,2.6935,2.6447,2.6642,10768153,0.1347,21822808488.39,25676333048.73,9.1083,
000898.SZ,鞍钢股份,2020-03-30,2.6447,2.6837,2.6252,2.6642,11591966,0.145,21822808488.39,25676333048.73,14.3684,
000898.SZ,鞍钢股份,2020-03-31,2.6837,2.6837,2.6057,2.6252,17556742,0.2196,21503060378.67,25300123040.69,14.1579,
000898.SZ,鞍钢股份,2020-04-01,2.6154,2.6349,2.6057,2.6154,8707211,0.1089,21423123351.24,25206070538.68,14.1052,
000898.SZ,鞍钢股份,2020-04-02,2.5959,2.6447,2.5959,2.6447,8365830,0.1047,21662934433.53,25488228044.71,14.2631,
000898.SZ,鞍钢股份,2020-04-03,2.6447,2.6447,2.5959,2.6057,11776055,0.1473,21343186323.81,25112018036.67,14.0526,
000898.SZ,鞍钢股份,2020-04-07,2.6252,2.6447,2.6154,2.6447,12357265,0.1546,21662934433.53,25488228044.71,14.2631,
000898.SZ,鞍钢股份,2020-04-08,2.6252,2.6545,2.6154,2.6349,11529077,0.1442,21582997406.1,25394175542.7,14.2105,
000898.SZ,鞍钢股份,2020-04-09,2.6447,2.6642,2.6349,2.6545,12219332,0.1529,21742871460.96,25582280546.72,14.3158,
000898.SZ,鞍钢股份,2020-04-10,2.6642,2.6642,2.6154,2.6252,7535410,0.0943,21503060378.67,25300123040.69,14.1579,
000898.SZ,鞍钢股份,2020-04-13,2.6252,2.6349,2.6154,2.6252,5627897,0.0704,21503060378.67,25300123040.69,14.1579,
000898.SZ,鞍钢股份,2020-04-14,2.6252,2.6545,2.6252,2.6447,10770238,0.1347,21662934433.53,25488228044.71,14.2631,
000898.SZ,鞍钢股份,2020-04-15,2.6545,2.6545,2.6252,2.6349,7561894,0.0946,21582997406.1,25394175542.7,14.2105,
000898.SZ,鞍钢股份,2020-04-16,2.6154,2.6349,2.6154,2.6252,8148371,0.1019,21503060378.67,25300123040.69,14.1579,
000898.SZ,鞍钢股份,2020-04-17,2.6349,2.6447,2.6252,2.6349,8258380,0.1033,21582997406.1,25394175542.7,14.2105,
000898.SZ,鞍钢股份,2020-04-20,2.6349,2.6349,2.6154,2.6252,6802896,0.0851,21503060378.67,25300123040.69,14.1579,
000898.SZ,鞍钢股份,2020-04-21,2.6252,2.6252,2.5959,2.6057,7818638,0.0978,21343186323.81,25112018036.67,14.0526,
000898.SZ,鞍钢股份,2020-04-22,2.5959,2.6154,2.5861,2.6057,7090710,0.0887,21343186323.81,25112018036.67,14.0526,
000898.SZ,鞍钢股份,2020-04-23,2.6057,2.6154,2.5959,2.5959,8840911,0.1106,21263249296.38,25017965534.66,14,
000898.SZ,鞍钢股份,2020-04-24,2.5959,2.6057,2.5666,2.5666,10034787,0.1255,21023438214.09,24735808028.63,13.8421,
000898.SZ,鞍钢股份,2020-04-27,2.5666,2.5861,2.5569,2.5569,8564163,0.1071,20943501186.66,24641755526.62,13.7895,
000898.SZ,鞍钢股份,2020-04-28,2.5666,2.5666,2.4886,2.5178,11210355,0.1402,20623753076.94,24265545518.58,13.5789,
000898.SZ,鞍钢股份,2020-04-29,2.5081,2.5373,2.4983,2.5276,7759706,0.0971,20703690104.37,24359598020.59,14.6568,
000898.SZ,鞍钢股份,2020-04-30,2.5373,2.5764,2.5373,2.5666,11092421,0.1388,21023438214.09,24735808028.63,14.8832,
000898.SZ,鞍钢股份,2020-05-06,2.5081,2.5666,2.5081,2.5569,17480860,0.2187,20943501186.66,24641755526.62,14.8266,
000898.SZ,鞍钢股份,2020-05-07,2.5471,2.5569,2.5276,2.5471,9999990,0.1251,20863564159.23,24547703024.61,14.77,
000898.SZ,鞍钢股份,2020-05-08,2.5471,2.5764,2.5373,2.5666,14891174,0.1863,21023438214.09,24735808028.63,14.8832,
000898.SZ,鞍钢股份,2020-05-11,2.5666,2.6057,2.5569,2.5764,16756025,0.2096,21103375241.52,24829860530.64,14.9397,
000898.SZ,鞍钢股份,2020-05-12,2.5861,2.5861,2.5471,2.5569,13994653,0.1751,20943501186.66,24641755526.62,14.8266,
000898.SZ,鞍钢股份,2020-05-13,2.5471,2.5666,2.5373,2.5569,6374309,0.0797,20943501186.66,24641755526.62,14.8266,
000898.SZ,鞍钢股份,2020-05-14,2.5373,2.5569,2.5178,2.5276,10025365,0.1254,20703690104.37,24359598020.59,14.6568,
000898.SZ,鞍钢股份,2020-05-15,2.5373,2.5471,2.5178,2.5178,8237046,0.103,20623753076.94,24265545518.58,14.6002,
000898.SZ,鞍钢股份,2020-05-18,2.5276,2.5373,2.4886,2.4983,17345600,0.217,20463879022.08,24077440514.56,14.487,
000898.SZ,鞍钢股份,2020-05-19,2.5178,2.5276,2.4983,2.5178,12378267,0.1549,20623753076.94,24265545518.58,14.6002,
000898.SZ,鞍钢股份,2020-05-20,2.5178,2.5178,2.4886,2.4983,9263900,0.1159,20463879022.08,24077440514.56,14.487,
000898.SZ,鞍钢股份,2020-05-21,2.5081,2.5178,2.4788,2.4788,16765844,0.2097,20304004967.22,23889335510.54,14.3738,
000898.SZ,鞍钢股份,2020-05-22,2.4788,2.4788,2.4105,2.4202,23532355,0.2944,19824382802.64,23325020498.48,14.0343,
000898.SZ,鞍钢股份,2020-05-25,2.4105,2.4202,2.3617,2.3812,17150064,0.2145,19504634692.92,22948810490.44,13.8079,
000898.SZ,鞍钢股份,2020-05-26,2.3812,2.4007,2.3714,2.391,18023745,0.2255,19584571720.35,23042862992.45,13.8645,
000898.SZ,鞍钢股份,2020-05-27,2.391,2.4593,2.3714,2.43,25169475,0.3149,19904319830.07,23419073000.49,14.0909,
000898.SZ,鞍钢股份,2020-05-28,2.4202,2.4495,2.391,2.4202,13986357,0.175,19824382802.64,23325020498.48,14.0343,
000898.SZ,鞍钢股份,2020-05-29,2.4202,2.43,2.3812,2.4007,23210848,0.2904,19664508747.78,23136915494.46,13.9211,
000898.SZ,鞍钢股份,2020-06-01,2.4105,2.4593,2.4007,2.4398,26558237,0.3322,19984256857.5,23513125502.5,14.1475,
000898.SZ,鞍钢股份,2020-06-02,2.4495,2.469,2.43,2.4495,23789993,0.2976,20064193884.93,23607178004.51,14.2041,
000898.SZ,鞍钢股份,2020-06-03,2.469,2.4886,2.4495,2.4495,19453214,0.2434,20064193884.93,23607178004.51,14.2041,
000898.SZ,鞍钢股份,2020-06-04,2.469,2.4788,2.4398,2.4495,15111852,0.189,20064193884.93,23607178004.51,14.2041,
000898.SZ,鞍钢股份,2020-06-05,2.4495,2.4593,2.43,2.4495,12325583,0.1542,20064193884.93,23607178004.51,14.2041,
000898.SZ,鞍钢股份,2020-06-08,2.4593,2.4983,2.4495,2.4788,20367379,0.2548,20304004967.22,23889335510.54,14.3738,
000898.SZ,鞍钢股份,2020-06-09,2.4788,2.5081,2.4593,2.4983,17548326,0.2195,20463879022.08,24077440514.56,14.487,
000898.SZ,鞍钢股份,2020-06-10,2.4983,2.5081,2.469,2.4788,24130672,0.3019,20304004967.22,23889335510.54,14.3738,
000898.SZ,鞍钢股份,2020-06-11,2.4983,2.4983,2.4398,2.4495,26402450,0.3303,20064193884.93,23607178004.51,14.2041,
000898.SZ,鞍钢股份,2020-06-12,2.4202,2.4495,2.391,2.4495,67512719,0.8446,20064193884.93,23607178004.51,14.2041,
000898.SZ,鞍钢股份,2020-06-15,2.4202,2.43,2.3714,2.3714,44551576,0.5573,19424697665.49,22854757988.43,13.7514,
000898.SZ,鞍钢股份,2020-06-16,2.3812,2.4495,2.3812,2.4398,33530181,0.4195,19984256857.5,23513125502.5,14.1475,
000898.SZ,鞍钢股份,2020-06-17,2.4398,2.5276,2.43,2.5081,44063875,0.5512,20543816049.51,24171493016.57,14.5436,
000898.SZ,鞍钢股份,2020-06-18,2.5081,2.674,2.4983,2.5959,69800482,0.8732,21263249296.38,25017965534.66,15.0529,
000898.SZ,鞍钢股份,2020-06-19,2.5666,2.5959,2.5081,2.5373,39353582,0.4923,20783627131.8,24453650522.6,14.7134,
000898.SZ,鞍钢股份,2020-06-22,2.5373,2.5569,2.5081,2.5178,23010332,0.2879,20623753076.94,24265545518.58,14.6002,
000898.SZ,鞍钢股份,2020-06-23,2.5276,2.5276,2.4886,2.5081,18653692,0.2334,20543816049.51,24171493016.57,14.5436,
000898.SZ,鞍钢股份,2020-06-24,2.4983,2.5081,2.469,2.4886,16571609,0.2073,20383941994.65,23983388012.55,14.4304,
000898.SZ,鞍钢股份,2020-06-29,2.469,2.4788,2.4202,2.43,19590879,0.2451,19904319830.07,23419073000.49,14.0909,
000898.SZ,鞍钢股份,2020-06-30,2.45,2.47,2.44,2.45,13066417,0.1635,19584571717.9,23042862992.45,13.8645,
000898.SZ,鞍钢股份,2020-07-01,2.45,2.49,2.44,2.49,19745251,0.247,19904319827.58,23419073000.49,14.0909,
000898.SZ,鞍钢股份,2020-07-02,2.49,2.59,2.48,2.58,40579999,0.5076,20623753074.36,24265545518.58,14.6002,
000898.SZ,鞍钢股份,2020-07-03,2.58,2.66,2.57,2.63,50050202,0.6261,21023438211.46,24735808028.63,14.8832,
000898.SZ,鞍钢股份,2020-07-06,2.66,2.86,2.66,2.85,84759722,1.0603,22782052814.7,26804963072.85,16.1281,
000898.SZ,鞍钢股份,2020-07-07,2.94,2.95,2.78,2.8,91153384,1.1403,22382367677.6,26334700562.8,15.8452,
000898.SZ,鞍钢股份,2020-07-08,2.78,2.92,2.76,2.91,78545490,0.9826,23261674979.22,27369278084.91,16.4677,
000898.SZ,鞍钢股份,2020-07-09,2.92,2.96,2.85,2.93,82423098,1.0311,23421549034.06,27557383088.93,16.5809,
000898.SZ,鞍钢股份,2020-07-10,2.89,2.9,2.81,2.82,51592850,0.6454,22542241732.44,26522805566.82,15.9584,
000898.SZ,鞍钢股份,2020-07-13,2.82,2.91,2.8,2.89,59914437,0.7495,23101800924.38,27181173080.89,16.3545,
000898.SZ,鞍钢股份,2020-07-14,2.89,2.94,2.83,2.88,62917661,0.7871,23021863896.96,27087120578.88,16.2979,
000898.SZ,鞍钢股份,2020-07-15,2.86,2.89,2.75,2.76,46906086,0.5868,22062619567.92,25958490554.76,15.6188,
000898.SZ,鞍钢股份,2020-07-16,2.77,2.82,2.66,2.69,40361610,0.5049,21503060375.98,25300123040.69,15.2227,
000898.SZ,鞍钢股份,2020-07-17,2.68,2.71,2.65,2.66,34400500,0.4303,21263249293.72,25017965534.66,15.0529,
000898.SZ,鞍钢股份,2020-07-20,2.68,2.82,2.66,2.78,45068441,0.5638,22222493622.76,26146595558.78,15.732,
000898.SZ,鞍钢股份,2020-07-21,2.81,2.83,2.77,2.79,37206008,0.4654,22302430650.18,26240648060.79,15.7886,
000898.SZ,鞍钢股份,2020-07-22,2.79,2.83,2.75,2.77,35506052,0.4442,22142556595.34,26052543056.77,15.6754,
000898.SZ,鞍钢股份,2020-07-23,2.75,2.77,2.68,2.73,30093443,0.3765,21822808485.66,25676333048.73,15.4491,
000898.SZ,鞍钢股份,2020-07-24,2.71,2.72,2.62,2.64,34881928,0.4364,21103375238.88,24829860530.64,14.9397,
000898.SZ,鞍钢股份,2020-07-27,2.66,2.68,2.61,2.65,27516601,0.3442,21183312266.3,24923913032.65,14.9963,
000898.SZ,鞍钢股份,2020-07-28,2.67,2.73,2.66,2.71,29359111,0.3673,21662934430.82,25488228044.71,15.3359,
000898.SZ,鞍钢股份,2020-07-29,2.68,2.72,2.65,2.72,36160522,0.4524,21742871458.24,25582280546.72,15.3925,
000898.SZ,鞍钢股份,2020-07-30,2.71,2.74,2.68,2.69,25204891,0.3153,21503060375.98,25300123040.69,15.2227,
000898.SZ,鞍钢股份,2020-07-31,2.69,2.73,2.66,2.69,28731730,0.3594,21503060375.98,25300123040.69,15.2227,
000898.SZ,鞍钢股份,2020-08-03,2.7,2.75,2.69,2.74,36378230,0.4551,21902745513.08,25770385550.74,15.5056,
000898.SZ,鞍钢股份,2020-08-04,2.76,2.79,2.73,2.77,42913230,0.5368,22142556595.34,26052543056.77,15.6754,
000898.SZ,鞍钢股份,2020-08-05,2.77,2.77,2.72,2.73,30060791,0.3761,21822808485.66,25676333048.73,15.4491,
000898.SZ,鞍钢股份,2020-08-06,2.75,2.76,2.7,2.75,30049340,0.3759,21982682540.5,25864438052.75,15.5622,
000898.SZ,鞍钢股份,2020-08-07,2.75,2.75,2.68,2.7,30232251,0.3782,21582997403.4,25394175542.7,15.2793,
000898.SZ,鞍钢股份,2020-08-10,2.68,2.73,2.68,2.71,24222880,0.303,21662934430.82,25488228044.71,15.3359,
000898.SZ,鞍钢股份,2020-08-11,2.72,2.73,2.67,2.68,23001564,0.2877,21423123348.56,25206070538.68,15.1661,
000898.SZ,鞍钢股份,2020-08-12,2.67,2.7,2.65,2.7,25141534,0.3145,21582997403.4,25394175542.7,15.2793,
000898.SZ,鞍钢股份,2020-08-13,2.7,2.77,2.69,2.75,38596095,0.4828,21982682540.5,25864438052.75,15.5622,
000898.SZ,鞍钢股份,2020-08-14,2.75,2.76,2.72,2.75,20961629,0.2622,21982682540.5,25864438052.75,15.5622,
000898.SZ,鞍钢股份,2020-08-17,2.76,2.81,2.74,2.79,40803322,0.5104,22302430650.18,26240648060.79,15.7886,
000898.SZ,鞍钢股份,2020-08-18,2.8,2.83,2.78,2.79,38683295,0.4839,22302430650.18,26240648060.79,15.7886,
000898.SZ,鞍钢股份,2020-08-19,2.79,2.82,2.77,2.79,30497835,0.3815,22302430650.18,26240648060.79,15.7886,
000898.SZ,鞍钢股份,2020-08-20,2.8,2.84,2.75,2.77,44349305,0.5548,22142556595.34,26052543056.77,15.6754,
000898.SZ,鞍钢股份,2020-08-21,2.78,2.79,2.75,2.77,25869186,0.3236,22142556595.34,26052543056.77,15.6754,
000898.SZ,鞍钢股份,2020-08-24,2.78,2.78,2.75,2.75,18735270,0.2344,21982682540.5,25864438052.75,15.5622,
000898.SZ,鞍钢股份,2020-08-25,2.76,2.77,2.71,2.72,20330379,0.2543,21742871458.24,25582280546.72,15.3925,
000898.SZ,鞍钢股份,2020-08-26,2.71,2.73,2.67,2.68,22336123,0.2794,21423123348.56,25206070538.68,15.1661,
000898.SZ,鞍钢股份,2020-08-27,2.68,2.7,2.66,2.68,15646691,0.1957,21423123348.56,25206070538.68,15.1661,
000898.SZ,鞍钢股份,2020-08-28,2.69,2.72,2.66,2.72,22348154,0.2796,21742871458.24,25582280546.72,15.3925,
000898.SZ,鞍钢股份,2020-08-31,2.72,2.74,2.69,2.69,23581304,0.295,21503060375.98,25300123040.69,29.3505,
000898.SZ,鞍钢股份,2020-09-01,2.68,2.7,2.68,2.7,14938435,0.1869,21582997403.4,25394175542.7,29.4596,
000898.SZ,鞍钢股份,2020-09-02,2.7,2.7,2.66,2.68,23049009,0.2883,21423123348.56,25206070538.68,29.2414,
000898.SZ,鞍钢股份,2020-09-03,2.69,2.71,2.67,2.68,16635507,0.2081,21423123348.56,25206070538.68,29.2414,
000898.SZ,鞍钢股份,2020-09-04,2.65,2.68,2.64,2.67,16320753,0.2042,21343186321.14,25112018036.67,29.1323,
000898.SZ,鞍钢股份,2020-09-07,2.67,2.7,2.65,2.67,17267950,0.216,21343186321.14,25112018036.67,29.1323,
000898.SZ,鞍钢股份,2020-09-08,2.66,2.72,2.65,2.71,26541876,0.332,21662934430.82,25488228044.71,29.5687,
000898.SZ,鞍钢股份,2020-09-09,2.69,2.82,2.69,2.8,80231871,1.0037,22382367677.6,26334700562.8,30.5507,
000898.SZ,鞍钢股份,2020-09-10,2.79,2.8,2.68,2.7,48355186,0.6049,21582997403.4,25394175542.7,29.4596,
000898.SZ,鞍钢股份,2020-09-11,2.7,2.71,2.66,2.68,26637065,0.3332,21423123348.56,25206070538.68,29.2414,
000898.SZ,鞍钢股份,2020-09-14,2.68,2.7,2.66,2.68,16753763,0.2096,21423123348.56,25206070538.68,29.2414,
000898.SZ,鞍钢股份,2020-09-15,2.68,2.68,2.66,2.67,12093118,0.1513,21343186321.14,25112018036.67,29.1323,
000898.SZ,鞍钢股份,2020-09-16,2.67,2.69,2.66,2.67,14305150,0.179,21343186321.14,25112018036.67,29.1323,
000898.SZ,鞍钢股份,2020-09-17,2.67,2.69,2.65,2.67,15958310,0.1996,21343186321.14,25112018036.67,29.1323,
000898.SZ,鞍钢股份,2020-09-18,2.67,2.72,2.66,2.72,24272376,0.3036,21742871458.24,25582280546.72,29.6778,
000898.SZ,鞍钢股份,2020-09-21,2.73,2.74,2.7,2.71,18354258,0.2296,21662934430.82,25488228044.71,29.5687,
000898.SZ,鞍钢股份,2020-09-22,2.69,2.71,2.66,2.67,18234396,0.2281,21343186321.14,25112018036.67,29.1323,
000898.SZ,鞍钢股份,2020-09-23,2.67,2.68,2.65,2.66,11753852,0.147,21263249293.72,25017965534.66,29.0232,
000898.SZ,鞍钢股份,2020-09-24,2.65,2.66,2.61,2.61,18331427,0.2293,20863564156.62,24547703024.61,28.4776,
000898.SZ,鞍钢股份,2020-09-25,2.61,2.62,2.59,2.6,11534501,0.1443,20783627129.2,24453650522.6,28.3685,
000898.SZ,鞍钢股份,2020-09-28,2.61,2.61,2.58,2.59,10911622,0.1365,20703690101.78,24359598020.59,28.2594,
000898.SZ,鞍钢股份,2020-09-29,2.6,2.63,2.59,2.61,10202736,0.1276,20863564156.62,24547703024.61,28.4776,
000898.SZ,鞍钢股份,2020-09-30,2.6,2.61,2.57,2.59,10434479,0.1305,20703690101.78,24359598020.59,28.2594,
000898.SZ,鞍钢股份,2020-10-09,2.61,2.64,2.61,2.63,12347114,0.1545,21023438211.46,24735808028.63,28.6958,
000898.SZ,鞍钢股份,2020-10-12,2.64,2.67,2.63,2.66,22667901,0.2836,21263249293.72,25017965534.66,29.0232,
000898.SZ,鞍钢股份,2020-10-13,2.66,2.67,2.63,2.64,10576770,0.1323,21103375238.88,24829860530.64,28.8049,
000898.SZ,鞍钢股份,2020-10-14,2.64,2.64,2.61,2.62,8562605,0.1071,20943501184.04,24641755526.62,28.5867,
000898.SZ,鞍钢股份,2020-10-15,2.64,2.69,2.63,2.69,33242974,0.4159,21503060375.98,25300123040.69,29.3505,
000898.SZ,鞍钢股份,2020-10-16,2.68,2.71,2.66,2.69,20323953,0.2542,21503060375.98,25300123040.69,29.3505,
000898.SZ,鞍钢股份,2020-10-19,2.69,2.74,2.66,2.67,20673855,0.2586,21343186321.14,25112018036.67,29.1323,
000898.SZ,鞍钢股份,2020-10-20,2.67,2.67,2.64,2.66,10916656,0.1366,21263249293.72,25017965534.66,29.0232,
000898.SZ,鞍钢股份,2020-10-21,2.66,2.67,2.64,2.65,14990106,0.1875,21183312266.3,24923913032.65,28.9141,
000898.SZ,鞍钢股份,2020-10-22,2.65,2.67,2.64,2.64,12187552,0.1525,21103375238.88,24829860530.64,28.8049,
000898.SZ,鞍钢股份,2020-10-23,2.65,2.67,2.64,2.66,13005806,0.1627,21263249293.72,25017965534.66,29.0232,
000898.SZ,鞍钢股份,2020-10-26,2.67,2.7,2.66,2.7,16497047,0.2064,21582997403.4,25394175542.7,18.2692,
000898.SZ,鞍钢股份,2020-10-27,2.68,2.77,2.68,2.75,51763290,0.6476,21982682540.5,25864438052.75,18.6075,
000898.SZ,鞍钢股份,2020-10-28,2.75,2.75,2.69,2.73,26771937,0.3349,21822808485.66,25676333048.73,18.4722,
000898.SZ,鞍钢股份,2020-10-29,2.72,2.72,2.68,2.69,23428920,0.2931,21503060375.98,25300123040.69,18.2015,
000898.SZ,鞍钢股份,2020-10-30,2.7,2.71,2.63,2.64,26110485,0.3266,21103375238.88,24829860530.64,17.8632,
000898.SZ,鞍钢股份,2020-11-02,2.63,2.7,2.63,2.69,23461585,0.2935,21503060375.98,25300123040.69,18.2015,
000898.SZ,鞍钢股份,2020-11-03,2.69,2.73,2.68,2.7,22261889,0.2785,21582997403.4,25394175542.7,18.2692,
000898.SZ,鞍钢股份,2020-11-04,2.7,2.71,2.67,2.69,17487346,0.2188,21503060375.98,25300123040.69,18.2015,
000898.SZ,鞍钢股份,2020-11-05,2.7,2.81,2.69,2.78,57562167,0.7201,22222493622.76,26146595558.78,18.8105,
000898.SZ,鞍钢股份,2020-11-06,2.78,2.88,2.76,2.84,68388031,0.8555,22702115787.28,26710910570.84,19.2165,
000898.SZ,鞍钢股份,2020-11-09,2.85,2.93,2.85,2.9,78320709,0.9798,23181737951.8,27275225582.9,19.6225,
000898.SZ,鞍钢股份,2020-11-10,2.92,2.95,2.84,2.86,53818489,0.6733,22861989842.12,26899015574.86,19.3518,
000898.SZ,鞍钢股份,2020-11-11,2.87,2.95,2.86,2.89,60585280,0.7579,23101800924.38,27181173080.89,19.5548,
000898.SZ,鞍钢股份,2020-11-12,2.89,2.94,2.85,2.88,41519863,0.5194,23021863896.96,27087120578.88,19.4871,
000898.SZ,鞍钢股份,2020-11-13,2.87,2.9,2.82,2.87,32445350,0.4059,22941926869.54,26993068076.87,19.4195,
000898.SZ,鞍钢股份,2020-11-16,2.85,3,2.85,2.98,74064875,0.9265,23821234171.16,28027645598.98,20.1638,
000898.SZ,鞍钢股份,2020-11-17,2.99,3.02,2.94,2.97,65049579,0.8138,23741297143.74,27933593096.97,20.0961,
000898.SZ,鞍钢股份,2020-11-18,2.97,3.01,2.93,3,48249330,0.6036,23981108226,28215750603,20.2991,
000898.SZ,鞍钢股份,2020-11-19,3.01,3.02,2.92,2.94,34836292,0.4358,23501486061.48,27651435590.94,19.8931,
000898.SZ,鞍钢股份,2020-11-20,2.94,2.99,2.9,2.98,30971864,0.3875,23821234171.16,28027645598.98,20.1638,
000898.SZ,鞍钢股份,2020-11-23,2.99,3.08,2.96,3.02,72872318,0.9116,24140982280.84,28403855607.02,20.4344,
000898.SZ,鞍钢股份,2020-11-24,3.02,3.04,2.98,3.02,39656135,0.4961,24140982280.84,28403855607.02,20.4344,
000898.SZ,鞍钢股份,2020-11-25,3.06,3.17,3.03,3.04,83174520,1.0405,24300856335.68,28591960611.04,20.5698,
000898.SZ,鞍钢股份,2020-11-26,3.07,3.12,3.03,3.1,54795410,0.6855,24780478500.2,29156275623.1,20.9757,
000898.SZ,鞍钢股份,2020-11-27,3.15,3.35,3.13,3.25,110141941,1.3779,25979533911.5,30567063153.25,21.9907,
000898.SZ,鞍钢股份,2020-11-30,3.17,3.29,3.12,3.14,126657034,1.5845,25100226609.88,29532485631.14,21.2464,
000898.SZ,鞍钢股份,2020-12-01,3.15,3.21,3.12,3.19,51343355,0.6423,25499911746.98,30002748141.19,21.5847,
000898.SZ,鞍钢股份,2020-12-02,3.21,3.25,3.17,3.2,37220335,0.4656,25579848774.4,30096800643.2,21.6524,
000898.SZ,鞍钢股份,2020-12-03,3.2,3.21,3.13,3.13,36359977,0.4549,25020289582.46,29438433129.13,21.1787,
000898.SZ,鞍钢股份,2020-12-04,3.14,3.16,3.08,3.16,44016171,0.5506,25260100664.72,29720590635.16,21.3817,
000898.SZ,鞍钢股份,2020-12-07,3.14,3.16,3.06,3.07,27813405,0.3479,24540667417.94,28874118117.07,20.7727,
000898.SZ,鞍钢股份,2020-12-08,3.07,3.09,3.03,3.04,22285548,0.2788,24300856335.68,28591960611.04,20.5698,
000898.SZ,鞍钢股份,2020-12-09,3.05,3.08,3.02,3.03,19459434,0.2434,24220919308.26,28497908109.03,20.5021,
000898.SZ,鞍钢股份,2020-12-10,3.06,3.23,3.03,3.19,76056671,0.9515,25499911746.98,30002748141.19,21.5847,
000898.SZ,鞍钢股份,2020-12-11,3.22,3.27,3.13,3.17,59602783,0.7456,25340037692.14,29814643137.17,21.4494,
000898.SZ,鞍钢股份,2020-12-14,3.17,3.17,3.05,3.11,45780587,0.5727,24860415527.62,29250328125.11,21.0434,
000898.SZ,鞍钢股份,2020-12-15,3.08,3.12,3.04,3.1,24044657,0.3008,24780478500.2,29156275623.1,20.9757,
000898.SZ,鞍钢股份,2020-12-16,3.1,3.13,3.06,3.08,17143420,0.2145,24620604445.36,28968170619.08,20.8404,
000898.SZ,鞍钢股份,2020-12-17,3.09,3.21,3.06,3.19,39116596,0.4893,25499911746.98,30002748141.19,21.5847,
000898.SZ,鞍钢股份,2020-12-18,3.19,3.24,3.18,3.2,42817606,0.5356,25579848774.4,30096800643.2,21.6524,
000898.SZ,鞍钢股份,2020-12-21,3.23,3.28,3.19,3.26,39243427,0.4909,26059470938.92,30661115655.26,22.0584,
000898.SZ,鞍钢股份,2020-12-22,3.26,3.26,3.12,3.13,47682357,0.5965,25020289582.46,29438433129.13,21.1787,
000898.SZ,鞍钢股份,2020-12-23,3.12,3.24,3.11,3.2,42743731,0.5347,25579848774.4,30096800643.2,21.6524,
000898.SZ,鞍钢股份,2020-12-24,3.18,3.2,3.13,3.15,18969770,0.2373,25180163637.3,29626538133.15,21.3141,
000898.SZ,鞍钢股份,2020-12-25,3.14,3.22,3.13,3.18,23472569,0.2936,25419974719.56,29908695639.18,21.517,
000898.SZ,鞍钢股份,2020-12-28,3.18,3.18,3.06,3.09,33060571,0.4136,24700541472.78,29062223121.09,20.9081,
000898.SZ,鞍钢股份,2020-12-29,3.11,3.14,3.06,3.07,29571631,0.3699,24540667417.94,28874118117.07,20.7727,
000898.SZ,鞍钢股份,2020-12-30,3.06,3.1,3.05,3.06,18686677,0.2338,24460730390.52,28780065615.06,20.7051,
000898.SZ,鞍钢股份,2020-12-31,3.07,3.08,3.02,3.04,22932306,0.2869,24300856335.68,28591960611.04,20.5698,
000898.SZ,鞍钢股份,2021-01-04,3.04,3.09,3.02,3.07,36899230,0.4616,24540667417.94,28874118117.07,20.7727,
000898.SZ,鞍钢股份,2021-01-05,3.05,3.06,2.91,3,48765773,0.6101,23981108226,28215750603,20.2991,
000898.SZ,鞍钢股份,2021-01-06,2.98,2.99,2.92,2.94,30088479,0.3764,23501486061.48,27651435590.94,19.8931,
000898.SZ,鞍钢股份,2021-01-07,2.95,3.1,2.94,3.09,66433955,0.8311,24700541472.78,29062223121.09,20.9081,
000898.SZ,鞍钢股份,2021-01-08,3.12,3.25,3.09,3.24,80553854,1.0077,25899596884.08,30473010651.24,21.923,
000898.SZ,鞍钢股份,2021-01-11,3.27,3.29,3.03,3.05,61834117,0.7735,24380793363.1,28686013113.05,20.6374,
000898.SZ,鞍钢股份,2021-01-12,3.06,3.1,3.02,3.06,32827456,0.4107,24460730390.52,28780065615.06,20.7051,
000898.SZ,鞍钢股份,2021-01-13,3.03,3.15,2.99,3.06,33318073,0.4168,24460730390.52,28780065615.06,20.7051,
000898.SZ,鞍钢股份,2021-01-14,3.05,3.1,3.02,3.05,41306070,0.5167,24380793363.1,28686013113.05,20.6374,
000898.SZ,鞍钢股份,2021-01-15,3.06,3.08,3,3.04,32258829,0.4036,24300856335.68,28591960611.04,20.5698,
000898.SZ,鞍钢股份,2021-01-18,3.03,3.03,2.98,2.98,36247737,0.4535,23821234171.16,28027645598.98,20.1638,
000898.SZ,鞍钢股份,2021-01-19,2.97,2.98,2.93,2.95,32431539,0.4057,23581423088.9,27745488092.95,19.9608,
000898.SZ,鞍钢股份,2021-01-20,2.97,3.04,2.96,3,36615890,0.4581,23981108226,28215750603,20.2991,
000898.SZ,鞍钢股份,2021-01-21,2.99,3.04,2.97,3.02,27202296,0.3403,24140982280.84,28403855607.02,20.4344,
000898.SZ,鞍钢股份,2021-01-22,3.01,3.03,2.95,2.97,27213385,0.3404,23741297143.74,27933593096.97,20.0961,
000898.SZ,鞍钢股份,2021-01-25,2.99,3,2.93,2.97,25328333,0.3169,23741297143.74,27933593096.97,20.0961,
000898.SZ,鞍钢股份,2021-01-26,2.98,3.04,2.95,3,28632978,0.3582,23981108226,28215750603,20.2991,
000898.SZ,鞍钢股份,2021-01-27,3,3.04,2.98,3,25092519,0.316,23823758157,28215750603,20.2991,
000898.SZ,鞍钢股份,2021-01-28,2.99,2.99,2.92,2.94,22764436,0.2867,23347282993.86,27651435590.94,19.8931,
000898.SZ,鞍钢股份,2021-01-29,2.94,2.96,2.86,2.87,24254519,0.3054,22791395303.53,26993068076.87,19.4195,
000898.SZ,鞍钢股份,2021-02-01,2.88,2.89,2.84,2.85,19565027,0.2464,22632570249.15,26804963072.85,19.2841,
000898.SZ,鞍钢股份,2021-02-02,2.87,2.87,2.79,2.8,20747340,0.2613,22235507613.2,26334700562.8,18.9458,
000898.SZ,鞍钢股份,2021-02-03,2.8,2.8,2.73,2.78,22622719,0.2849,22076682558.82,26146595558.78,18.8105,
000898.SZ,鞍钢股份,2021-02-04,2.78,2.8,2.75,2.78,19766450,0.2489,22076682558.82,26146595558.78,18.8105,
000898.SZ,鞍钢股份,2021-02-05,2.8,2.82,2.76,2.78,12758266,0.1607,22076682558.82,26146595558.78,18.8105,
000898.SZ,鞍钢股份,2021-02-08,2.8,2.82,2.72,2.79,23190767,0.292,22156095086.01,26240648060.79,18.8782,
000898.SZ,鞍钢股份,2021-02-09,2.79,2.87,2.79,2.86,19725588,0.2484,22711982776.34,26899015574.86,19.3518,
000898.SZ,鞍钢股份,2021-02-10,2.87,2.88,2.83,2.85,14577847,0.1836,22632570249.15,26804963072.85,19.2841,
000898.SZ,鞍钢股份,2021-02-18,2.97,3.04,2.93,3.01,41063178,0.5171,23903170684.19,28309803105.01,20.3668,
000898.SZ,鞍钢股份,2021-02-19,3,3.11,3,3.08,39961572,0.5032,24459058374.52,28968170619.08,20.8404,
000898.SZ,鞍钢股份,2021-02-22,3.11,3.39,3.1,3.39,130154984,1.639,26920846717.41,31883798181.39,22.938,
000898.SZ,鞍钢股份,2021-02-23,3.4,3.44,3.32,3.37,112163917,1.4124,26762021663.03,31695693177.37,22.8027,
000898.SZ,鞍钢股份,2021-02-24,3.38,3.41,3.24,3.27,65081406,0.8195,25967896391.13,30755168157.27,22.126,
000898.SZ,鞍钢股份,2021-02-25,3.33,3.37,3.27,3.31,48217910,0.6072,26285546499.89,31131378165.31,22.3967,
000898.SZ,鞍钢股份,2021-02-26,3.24,3.28,3.2,3.24,42982137,0.5413,25729658809.56,30473010651.24,21.923,
000898.SZ,鞍钢股份,2021-03-01,3.25,3.37,3.21,3.36,45080466,0.5677,26682609135.84,31601640675.36,22.735,
000898.SZ,鞍钢股份,2021-03-02,3.37,3.41,3.26,3.29,40970073,0.5159,26126721445.51,30943273161.29,22.2613,
000898.SZ,鞍钢股份,2021-03-03,3.39,3.62,3.37,3.62,153399123,1.9317,28747334842.78,34047005727.62,24.4942,
000898.SZ,鞍钢股份,2021-03-04,3.62,3.98,3.59,3.98,247326536,3.1145,31606185821.62,37432895799.98,26.9301,
000898.SZ,鞍钢股份,2021-03-05,3.77,3.81,3.65,3.71,162248545,2.0431,29462047587.49,34893478245.71,25.1032,
000898.SZ,鞍钢股份,2021-03-08,3.76,3.85,3.64,3.65,95674827,1.2048,28985572424.35,34329163233.65,24.6972,
000898.SZ,鞍钢股份,2021-03-09,3.67,3.91,3.61,3.76,117862346,1.4842,29859110223.44,35363740755.76,25.4415,
000898.SZ,鞍钢股份,2021-03-10,3.67,3.77,3.61,3.63,69101131,0.8702,28826747369.97,34141058229.63,24.5619,
000898.SZ,鞍钢股份,2021-03-11,3.62,3.8,3.6,3.79,88840089,1.1187,30097347805.01,35645898261.79,25.6445,
000898.SZ,鞍钢股份,2021-03-12,3.8,3.84,3.66,3.78,79909971,1.0063,30017935277.82,35551845759.78,25.5769,
