代码,简称,日期,开盘价(元),最高价(元),最低价(元),收盘价(元),成交量(股),换手率(%),A股流通市值(元),总市值(元),市盈率,
002191.SZ,劲嘉股份,2007-12-05,4.6235,5.0826,4.6235,4.9264,34448538,63.7936,1668600000,8265750000,45.3809,
002191.SZ,劲嘉股份,2007-12-06,4.987,5.2405,4.9232,5.0189,20837746,38.5884,1699920000,8420900000,46.2327,
002191.SZ,劲嘉股份,2007-12-07,4.8626,4.9407,4.7351,4.7749,10873525,20.1362,1617300000,8011625000,43.9857,
002191.SZ,劲嘉股份,2007-12-10,4.6713,5.0029,4.6362,4.9423,8635454,15.9916,1674000000,8292500000,45.5278,
002191.SZ,劲嘉股份,2007-12-11,4.9104,4.9806,4.8419,4.8786,4858763,8.9977,1652400000,8185500000,44.9403,
002191.SZ,劲嘉股份,2007-12-12,4.8626,4.9136,4.7319,4.8786,4420466,8.186,1652400000,8185500000,44.9403,
002191.SZ,劲嘉股份,2007-12-13,4.8307,5.148,4.8291,4.9104,8199205,15.1837,1663200000,8239000000,45.234,
002191.SZ,劲嘉股份,2007-12-14,4.8467,4.9981,4.767,4.9742,4632395,8.5785,1684800000,8346000000,45.8215,
002191.SZ,劲嘉股份,2007-12-17,5.0045,5.1496,4.9423,5.046,6816105,12.6224,1709100000,8466375000,46.4824,
002191.SZ,劲嘉股份,2007-12-18,5.0061,5.097,4.7845,4.8068,3809678,7.055,1628100000,8065125000,44.2794,
002191.SZ,劲嘉股份,2007-12-19,4.8323,4.9439,4.7829,4.8132,3109770,5.7588,1630260000,8075825000,44.3382,
002191.SZ,劲嘉股份,2007-12-20,4.8626,4.971,4.7988,4.9471,2852834,5.283,1675620000,8300525000,45.5718,
002191.SZ,劲嘉股份,2007-12-21,4.8977,5.0747,4.8913,5.0141,3905049,7.2316,1698300000,8412875000,46.1887,
002191.SZ,劲嘉股份,2007-12-24,5.0428,5.2197,5.0093,5.038,7046209,13.0485,1706400000,8453000000,46.4089,
002191.SZ,劲嘉股份,2007-12-25,5.038,5.5083,4.9981,5.3537,7404750,13.7125,1813320000,8982650000,49.3168,
002191.SZ,劲嘉股份,2007-12-26,5.3218,5.4445,5.2739,5.3887,3799201,7.0356,1825200000,9041500000,49.6399,
002191.SZ,劲嘉股份,2007-12-27,5.3903,5.58,5.3537,5.4063,4608374,8.534,1831140000,9070925000,49.8015,
002191.SZ,劲嘉股份,2007-12-28,5.3967,5.4126,5.2468,5.2931,4110926,7.6128,1792800000,8881000000,48.7588,
002191.SZ,劲嘉股份,2008-01-02,5.3218,5.419,5.1815,5.3664,3465609,6.4178,1817640000,9004050000,49.4343,
002191.SZ,劲嘉股份,2008-01-03,5.309,5.4605,5.2309,5.3584,4013028,7.4315,1814940000,8990675000,49.3609,
002191.SZ,劲嘉股份,2008-01-04,5.3584,5.3584,5.3584,5.3584,--,--,1814940000,8990675000,49.3609,
002191.SZ,劲嘉股份,2008-01-07,5.3537,5.3537,5.1018,5.2134,5224389,9.6748,1765800000,8747250000,48.0244,
002191.SZ,劲嘉股份,2008-01-08,5.1974,5.2931,5.1352,5.1703,3540712,6.5569,1751220000,8675025000,47.6279,
002191.SZ,劲嘉股份,2008-01-09,5.148,5.2739,5.1145,5.2708,2195811,4.0663,1785240000,8843550000,48.5532,
002191.SZ,劲嘉股份,2008-01-10,5.2771,5.3074,5.1639,5.1735,2866456,5.3083,1752300000,8680375000,47.6573,
002191.SZ,劲嘉股份,2008-01-11,5.1767,5.2532,5.1177,5.1815,2071456,3.836,1755000000,8693750000,47.7307,
002191.SZ,劲嘉股份,2008-01-14,5.1847,5.3855,5.1847,5.3154,2786568,5.1603,1800360000,8918450000,48.9644,
002191.SZ,劲嘉股份,2008-01-15,5.3537,5.4429,5.2835,5.3664,2703129,5.0058,1817640000,9004050000,49.4343,
002191.SZ,劲嘉股份,2008-01-16,5.3409,5.3648,5.1815,5.1974,2756836,5.1053,1760400000,8720500000,47.8776,
002191.SZ,劲嘉股份,2008-01-17,5.1544,5.3329,4.9902,5.2293,3127787,5.7922,1771200000,8774000000,48.1713,
002191.SZ,劲嘉股份,2008-01-18,5.2341,5.5673,5.2325,5.494,5329724,9.8699,1860840000,9218050000,50.6092,
002191.SZ,劲嘉股份,2008-01-21,5.5242,5.6422,5.3457,5.3728,4667597,8.6437,1819800000,9014750000,49.4931,
002191.SZ,劲嘉股份,2008-01-22,5.2612,5.3186,4.8355,4.8355,4335061,8.0279,1637820000,8113275000,44.5438,
002191.SZ,劲嘉股份,2008-01-23,4.9104,5.038,4.7048,4.9902,3039102,5.628,1690200000,8372750000,45.9684,
002191.SZ,劲嘉股份,2008-01-24,4.9933,5.0922,4.8626,4.9949,2703434,5.0064,1691820000,8380775000,46.0124,
002191.SZ,劲嘉股份,2008-01-25,5.0141,5.0444,4.8626,4.912,2468443,4.5712,1663740000,8241675000,45.2487,
002191.SZ,劲嘉股份,2008-01-28,4.8929,4.8945,4.421,4.421,2991349,5.5395,1497420000,7417775000,40.7253,
002191.SZ,劲嘉股份,2008-01-29,4.3923,4.5677,4.3684,4.5677,1622374,3.0044,1547100000,7663875000,42.0765,
002191.SZ,劲嘉股份,2008-01-30,4.6219,4.7271,4.472,4.5438,1525719,2.8254,1539000000,7623750000,41.8562,
002191.SZ,劲嘉股份,2008-01-31,4.5151,4.6203,4.3859,4.3859,937137,1.7354,1485540000,7358925000,40.4022,
002191.SZ,劲嘉股份,2008-02-01,4.3859,4.4624,3.9857,4.1245,1343158,2.4873,1396980000,6920225000,37.9937,
002191.SZ,劲嘉股份,2008-02-04,4.2504,4.4991,4.1547,4.4911,1214106,2.2483,1521180000,7535475000,41.3715,
002191.SZ,劲嘉股份,2008-02-05,4.4322,4.5438,4.3524,4.4609,809160,1.4984,1510920000,7484650000,41.0925,
002191.SZ,劲嘉股份,2008-02-13,4.3221,4.4274,4.3062,4.3349,604304,1.1191,1468260000,7273325000,39.9323,
002191.SZ,劲嘉股份,2008-02-14,4.4449,4.4577,4.3732,4.4162,663042,1.2279,1495800000,7409750000,40.6813,
002191.SZ,劲嘉股份,2008-02-15,4.4178,4.4194,4.2249,4.3046,822311,1.5228,1458000000,7222500000,39.6532,
002191.SZ,劲嘉股份,2008-02-18,4.3206,4.5119,4.3206,4.5119,1159988,2.1481,1528200000,7570250000,41.5624,
002191.SZ,劲嘉股份,2008-02-19,4.5119,4.6187,4.4672,4.5725,1265376,2.3433,1548720000,7671900000,42.1205,
002191.SZ,劲嘉股份,2008-02-20,4.5438,4.6171,4.4449,4.4449,1265736,2.344,1505520000,7457900000,40.9456,
002191.SZ,劲嘉股份,2008-02-21,4.4178,4.5278,4.3365,4.4417,899074,1.665,1504440000,7452550000,40.9162,
002191.SZ,劲嘉股份,2008-02-22,4.4624,4.4624,4.2281,4.2568,1122149,2.0781,1441800000,7142250000,39.2126,
002191.SZ,劲嘉股份,2008-02-25,4.2249,4.3987,4.1787,4.193,956804,1.7719,1420200000,7035250000,38.6252,
002191.SZ,劲嘉股份,2008-02-26,4.2982,4.3779,4.0958,4.2727,862968,1.5981,1447200000,7169000000,39.3595,
002191.SZ,劲嘉股份,2008-02-27,4.464,4.531,4.4162,4.4417,1715520,3.1769,1504440000,7452550000,44.7158,
002191.SZ,劲嘉股份,2008-02-28,4.4417,4.48,4.3923,4.4258,769106,1.4243,1499040000,7425800000,44.5553,
002191.SZ,劲嘉股份,2008-02-29,4.4417,4.5198,4.4337,4.4736,859870,1.5924,1515240000,7506050000,45.0368,
002191.SZ,劲嘉股份,2008-03-03,4.4433,4.6394,4.3987,4.6235,2098877,3.8868,1566000000,7757500000,46.5455,
002191.SZ,劲嘉股份,2008-03-04,4.5852,4.7239,4.5725,4.5725,2232304,4.1339,1548720000,7671900000,46.0319,
002191.SZ,劲嘉股份,2008-03-05,4.4481,4.4624,4.1659,4.2424,5586974,8.277,1796175000,7118175000,42.7095,
002191.SZ,劲嘉股份,2008-03-06,4.319,4.3827,4.2552,4.2855,2176815,3.2249,1814400000,7190400000,43.1429,
002191.SZ,劲嘉股份,2008-03-07,4.2424,4.3477,4.2376,4.2456,1889140,2.7987,1797525000,7123525000,42.7416,
002191.SZ,劲嘉股份,2008-03-10,4.2632,4.2632,4.091,4.1292,1725614,2.5565,1748250000,6928250000,41.57,
002191.SZ,劲嘉股份,2008-03-11,4.0033,4.3126,4.0033,4.3046,1857452,2.7518,1822500000,7222500000,43.3355,
002191.SZ,劲嘉股份,2008-03-12,4.3365,4.3668,4.1388,4.1388,1268461,1.8792,1752300000,6944300000,41.6663,
002191.SZ,劲嘉股份,2008-03-13,4.1308,4.193,4.0352,4.1452,1008346,1.4938,1755000000,6955000000,41.7305,
002191.SZ,劲嘉股份,2008-03-14,4.083,4.1834,4.0671,4.1053,550795,0.816,1738125000,6888125000,41.3292,
002191.SZ,劲嘉股份,2008-03-17,4.1053,4.1133,3.7466,3.7466,1824014,2.7022,1586250000,6286250000,37.7179,
002191.SZ,劲嘉股份,2008-03-18,3.6988,3.8215,3.5553,3.6509,2081045,3.083,1545750000,6125750000,36.7549,
002191.SZ,劲嘉股份,2008-03-19,3.7466,3.8215,3.6031,3.7307,1172117,1.7365,1579500000,6259500000,37.5574,
002191.SZ,劲嘉股份,2008-03-20,3.6828,3.8853,3.5011,3.7673,1488831,2.2057,1595025000,6321025000,37.9266,
002191.SZ,劲嘉股份,2008-03-21,3.7785,3.8263,3.6988,3.7976,1466705,2.1729,1607850000,6371850000,38.2315,
002191.SZ,劲嘉股份,2008-03-24,3.8311,4.0304,3.7944,3.8773,2137674,3.1669,1641600000,6505600000,39.034,
002191.SZ,劲嘉股份,2008-03-25,3.871,3.9252,3.7785,3.8614,1318993,1.9541,1634850000,6478850000,38.8735,
002191.SZ,劲嘉股份,2008-03-26,3.9284,4.016,3.8439,3.8805,1125575,1.6675,1642950000,6510950000,39.0661,
002191.SZ,劲嘉股份,2008-03-27,3.8104,3.9331,3.8088,3.812,1344247,1.9915,1613925000,6395925000,38.376,
002191.SZ,劲嘉股份,2008-03-28,3.855,3.8869,3.525,3.8502,2144229,3.1766,1630125000,6460125000,38.7612,
002191.SZ,劲嘉股份,2008-03-31,3.8502,3.9539,3.6828,3.7418,1727785,2.5597,1584225000,6278225000,37.9248,
002191.SZ,劲嘉股份,2008-04-01,3.6685,3.7578,3.3799,3.3943,1336058,1.9793,1437075000,5695075000,34.4021,
002191.SZ,劲嘉股份,2008-04-02,3.4277,3.4915,3.1567,3.1886,1760738,2.6085,1350000000,5350000000,32.3177,
002191.SZ,劲嘉股份,2008-04-03,3.1886,3.3289,3.1408,3.289,1007642,1.4928,1392525000,5518525000,33.3357,
002191.SZ,劲嘉股份,2008-04-07,3.2508,3.4899,3.1902,3.4676,1594184,2.3618,1468125000,5818125000,35.1454,
002191.SZ,劲嘉股份,2008-04-08,3.4708,3.525,3.4134,3.4692,1384992,2.0518,1468800000,5820800000,35.1616,
002191.SZ,劲嘉股份,2008-04-09,3.4277,3.5314,3.2699,3.2747,1228478,1.82,1386450000,5494450000,33.1902,
002191.SZ,劲嘉股份,2008-04-10,3.2524,3.3401,3.2061,3.3098,968589,1.4349,1401300000,5553300000,33.5457,
002191.SZ,劲嘉股份,2008-04-11,3.348,3.4692,3.3161,3.4564,1315477,1.9489,1463400000,5799400000,35.0323,
002191.SZ,劲嘉股份,2008-04-14,3.3959,3.3959,3.1886,3.2157,987049,1.4623,1361475000,5395475000,32.5924,
002191.SZ,劲嘉股份,2008-04-15,3.2316,3.3464,3.1758,3.3401,728247,1.0789,1414125000,5604125000,33.8527,
002191.SZ,劲嘉股份,2008-04-16,3.3321,3.3608,3.2492,3.2715,497046,0.7364,1385100000,5489100000,33.1579,
002191.SZ,劲嘉股份,2008-04-17,3.313,3.3305,3.1121,3.1424,894524,1.3252,1330425000,5272425000,31.849,
002191.SZ,劲嘉股份,2008-04-18,3.1137,3.1408,2.9479,2.9558,1059089,1.569,1251450000,4959450000,29.9585,
002191.SZ,劲嘉股份,2008-04-21,2.9558,2.9558,2.9558,2.9558,--,--,1251450000,4959450000,28.3344,
002191.SZ,劲嘉股份,2008-04-22,2.8777,2.9957,2.7741,2.9335,1383271,2.0493,1242000000,4922000000,28.1204,
002191.SZ,劲嘉股份,2008-04-23,2.8857,3.069,2.8857,3.0531,1087717,1.6114,1292625000,5122625000,29.2666,
002191.SZ,劲嘉股份,2008-04-24,3.348,3.3592,3.238,3.3592,3337435,4.9443,1422225000,5636225000,32.2009,
002191.SZ,劲嘉股份,2008-04-25,3.3417,3.4995,3.2874,3.3799,2341275,3.4686,1431000000,5671000000,32.3996,
002191.SZ,劲嘉股份,2008-04-28,3.356,3.3608,3.2859,3.3082,1149713,1.7033,1400625000,5550625000,31.7119,
002191.SZ,劲嘉股份,2008-04-29,3.2843,3.364,3.2795,3.3512,1093586,1.6201,1418850000,5622850000,32.1245,
002191.SZ,劲嘉股份,2008-04-30,3.3863,3.4708,3.3496,3.4676,1875113,2.7779,1468125000,5818125000,33.2402,
002191.SZ,劲嘉股份,2008-05-05,3.4835,3.5983,3.4788,3.5967,2418612,3.5831,1522800000,6034800000,34.4781,
002191.SZ,劲嘉股份,2008-05-06,3.5393,3.5792,3.4835,3.5027,1929599,2.8587,1482975000,5876975000,33.5764,
002191.SZ,劲嘉股份,2008-05-07,3.4788,3.568,3.3496,3.3496,2045399,3.0302,1418175000,5620175000,32.1092,
002191.SZ,劲嘉股份,2008-05-08,3.348,3.4548,3.3114,3.4548,1335792,1.979,1462725000,5796725000,33.1179,
002191.SZ,劲嘉股份,2008-05-09,3.5011,3.5951,3.4437,3.5712,2437833,3.6116,1512000000,5992000000,34.2335,
002191.SZ,劲嘉股份,2008-05-12,3.5075,3.7131,3.458,3.6605,2340510,3.4674,1549800000,6141800000,35.0894,
002191.SZ,劲嘉股份,2008-05-13,3.5266,3.6924,3.4915,3.6095,2434035,3.606,1528200000,6056200000,34.6003,
002191.SZ,劲嘉股份,2008-05-14,3.5967,3.7434,3.5872,3.7131,1906031,2.8237,1572075000,6230075000,35.5937,
002191.SZ,劲嘉股份,2008-05-15,3.7466,3.761,3.6446,3.6478,1625893,2.4087,1544400000,6120400000,34.9671,
002191.SZ,劲嘉股份,2008-05-16,3.635,3.6605,3.5234,3.5872,1527687,2.2632,1518750000,6018750000,34.3864,
002191.SZ,劲嘉股份,2008-05-19,3.5712,3.6031,3.5234,3.5728,651099,0.9646,1512675000,5994675000,34.2488,
002191.SZ,劲嘉股份,2008-05-20,3.5696,3.5967,3.2157,3.246,2064717,3.0588,1374300000,5446300000,31.1158,
002191.SZ,劲嘉股份,2008-05-21,3.1902,3.3305,3.1711,3.3161,1918169,2.8417,1404000000,5564000000,31.7883,
002191.SZ,劲嘉股份,2008-05-22,3.2683,3.2938,3.1918,3.2029,1482068,2.1957,1356075000,5374075000,30.7032,
002191.SZ,劲嘉股份,2008-05-23,3.1886,3.2954,3.1854,3.2603,1271366,1.8835,1380375000,5470375000,31.2534,
002191.SZ,劲嘉股份,2008-05-26,3.2683,3.2683,3.1743,3.2045,1176266,1.7426,1356750000,5376750000,30.7185,
002191.SZ,劲嘉股份,2008-05-27,3.297,3.3464,3.2556,3.3257,1563412,2.3162,1408050000,5580050000,31.88,
002191.SZ,劲嘉股份,2008-05-28,3.3257,3.3799,3.2603,3.356,1196295,1.7723,1420875000,5630875000,32.1704,
002191.SZ,劲嘉股份,2008-05-29,3.3576,3.3879,3.3193,3.364,1355379,2.008,1424250000,5644250000,32.2468,
002191.SZ,劲嘉股份,2008-05-30,3.3799,3.3799,3.2221,3.2396,1643244,2.4344,1371600000,5435600000,31.0547,
002191.SZ,劲嘉股份,2008-06-02,3.173,3.1986,3.0756,3.1499,1613498,1.494,1327320000,5260120000,30.0522,
002191.SZ,劲嘉股份,2008-06-03,3.1397,3.1525,3.073,3.1397,963240,0.8919,1323000000,5243000000,29.9544,
002191.SZ,劲嘉股份,2008-06-04,3.0884,3.1371,3.0243,3.1038,1280173,1.1853,1307880000,5183080000,29.612,
002191.SZ,劲嘉股份,2008-06-05,3.1192,3.4139,2.9987,3.3626,5048226,4.6743,1416960000,5615360000,32.0817,
002191.SZ,劲嘉股份,2008-06-06,3.2063,3.3575,3.1935,3.2063,2584425,2.393,1351080000,5354280000,30.5901,
002191.SZ,劲嘉股份,2008-06-10,3.0371,3.1294,2.8859,2.8859,3093874,2.8647,1216080000,4819280000,27.5336,
002191.SZ,劲嘉股份,2008-06-11,2.8295,2.9192,2.7757,2.7937,1316661,1.2191,1177200000,4665200000,26.6533,
002191.SZ,劲嘉股份,2008-06-12,2.7962,2.8526,2.7219,2.8013,1304479,1.2079,1180440000,4678040000,26.7266,
002191.SZ,劲嘉股份,2008-06-13,2.7962,2.8372,2.6834,2.686,890970,0.825,1131840000,4485440000,25.6263,
002191.SZ,劲嘉股份,2008-06-16,2.6783,2.7655,2.5553,2.5886,972228,0.9002,1090800000,4322800000,24.6971,
002191.SZ,劲嘉股份,2008-06-17,2.5912,2.7142,2.5707,2.5912,1578822,1.4619,1091880000,4327080000,24.7215,
002191.SZ,劲嘉股份,2008-06-18,2.5963,2.8039,2.5963,2.7937,2472313,2.2892,1177200000,4665200000,26.6533,
002191.SZ,劲嘉股份,2008-06-19,2.7296,2.7988,2.5143,2.5143,2257736,2.0905,1059480000,4198680000,23.9879,
002191.SZ,劲嘉股份,2008-06-20,2.545,2.7091,2.3861,2.5681,1816064,1.6815,1082160000,4288560000,24.5014,
002191.SZ,劲嘉股份,2008-06-23,2.5297,2.563,2.44,2.4758,826865,0.7656,1043280000,4134480000,23.6211,
002191.SZ,劲嘉股份,2008-06-24,2.5143,2.5732,2.4758,2.522,742839,0.6878,1062720000,4211520000,24.0613,
002191.SZ,劲嘉股份,2008-06-25,2.5399,2.6629,2.5169,2.6578,1580394,1.4633,1119960000,4438360000,25.3573,
002191.SZ,劲嘉股份,2008-06-26,2.6578,2.6911,2.6014,2.6681,1507696,1.396,1124280000,4455480000,25.4551,
002191.SZ,劲嘉股份,2008-06-27,2.5886,2.5886,2.4861,2.5117,1905294,1.7642,1058400000,4194400000,23.9635,
002191.SZ,劲嘉股份,2008-06-30,2.4861,2.5604,2.4271,2.5604,669725,0.6201,1078920000,4275720000,24.4281,
002191.SZ,劲嘉股份,2008-07-01,2.5476,2.563,2.4528,2.5169,494496,0.4579,1060560000,4202960000,24.0124,
002191.SZ,劲嘉股份,2008-07-02,2.5297,2.5604,2.4964,2.504,472626,0.4376,1055160000,4181560000,23.8901,
002191.SZ,劲嘉股份,2008-07-03,2.4733,2.6219,2.4348,2.5886,1419842,1.3147,1090800000,4322800000,24.6971,
002191.SZ,劲嘉股份,2008-07-04,2.5656,2.6142,2.4733,2.4912,1716760,1.5896,1049760000,4160160000,23.7679,
002191.SZ,劲嘉股份,2008-07-07,2.5117,2.7398,2.4784,2.7398,10126861,9.3767,1154520000,4575320000,26.1398,
002191.SZ,劲嘉股份,2008-07-08,2.8193,3.0141,2.8193,3.0141,14519934,13.4444,1270080000,5033280000,28.7562,
002191.SZ,劲嘉股份,2008-07-09,2.9731,3.1755,2.9474,3.05,12875920,11.9221,1285200000,5093200000,29.0985,
002191.SZ,劲嘉股份,2008-07-10,3.0448,3.2191,2.9884,3.0013,9129301,8.4531,1264680000,5011880000,28.6339,
002191.SZ,劲嘉股份,2008-07-11,2.9782,3.0781,2.9116,3.0653,6059080,5.6103,1291680000,5118880000,29.2452,
002191.SZ,劲嘉股份,2008-07-14,3.0243,3.255,2.9987,3.2191,6200414,5.7411,1356480000,5375680000,30.7124,
002191.SZ,劲嘉股份,2008-07-15,3.2063,3.2294,2.9346,2.9474,6320276,5.8521,1242000000,4922000000,28.1204,
002191.SZ,劲嘉股份,2008-07-16,2.9218,2.9987,2.7552,2.8398,4440364,4.1114,1196640000,4742240000,27.0934,
002191.SZ,劲嘉股份,2008-07-17,2.9039,2.9628,2.7526,2.7757,3724175,3.4483,1169640000,4635240000,26.4821,
002191.SZ,劲嘉股份,2008-07-18,2.7988,2.909,2.6681,2.8705,3088566,2.8598,1209600000,4793600000,27.3868,
002191.SZ,劲嘉股份,2008-07-21,2.8705,3.0576,2.8449,3.0064,3465304,3.2086,1266840000,5020440000,28.6828,
002191.SZ,劲嘉股份,2008-07-22,2.9756,3.0346,2.9372,2.9808,2662060,2.4649,1256040000,4977640000,28.4383,
002191.SZ,劲嘉股份,2008-07-23,2.9987,3.0653,2.9218,2.9654,3133947,2.9018,1249560000,4951960000,28.2916,
002191.SZ,劲嘉股份,2008-07-24,2.9808,3.0756,2.9218,3.0576,4161951,3.8537,1288440000,5106040000,29.1719,
002191.SZ,劲嘉股份,2008-07-25,3.0371,3.0371,2.9628,2.9654,2370870,2.1953,1249560000,4951960000,28.2916,
002191.SZ,劲嘉股份,2008-07-28,2.9654,2.9654,2.9654,2.9654,--,--,1249560000,4951960000,28.2916,
002191.SZ,劲嘉股份,2008-07-29,2.9679,2.991,2.8936,2.9064,2114736,1.9581,1224720000,4853520000,27.7292,
002191.SZ,劲嘉股份,2008-07-30,2.9474,2.9808,2.8834,2.9039,1428885,1.323,1223640000,4849240000,27.7047,
002191.SZ,劲嘉股份,2008-07-31,2.9423,2.9449,2.8449,2.8449,1292027,1.1963,1198800000,4750800000,26.9292,
002191.SZ,劲嘉股份,2008-08-01,2.827,2.9013,2.7398,2.8552,1962062,1.8167,1203120000,4767920000,27.0263,
002191.SZ,劲嘉股份,2008-08-04,2.8218,2.8321,2.6809,2.6834,1661260,1.5382,1130760000,4481160000,25.4008,
002191.SZ,劲嘉股份,2008-08-05,2.6732,2.7424,2.6604,2.6604,1536531,1.4227,1121040000,4442640000,25.1825,
002191.SZ,劲嘉股份,2008-08-06,2.686,2.704,2.5656,2.6706,1326798,1.2285,1125360000,4459760000,25.2795,
002191.SZ,劲嘉股份,2008-08-07,2.6194,2.6911,2.6168,2.6578,622482,0.5764,1119960000,4438360000,25.1582,
002191.SZ,劲嘉股份,2008-08-08,2.6578,2.7475,2.4861,2.5245,1943923,1.7999,1063800000,4215800000,23.8967,
002191.SZ,劲嘉股份,2008-08-11,2.4861,2.5553,2.3221,2.3323,2094272,1.9391,982800000,3894800000,22.0771,
002191.SZ,劲嘉股份,2008-08-12,2.3323,2.3503,2.217,2.2734,1308279,1.2114,957960000,3796360000,21.5191,
002191.SZ,劲嘉股份,2008-08-13,2.2375,2.2734,2.1042,2.2682,1679563,1.5552,955800000,3787800000,21.4706,
002191.SZ,劲嘉股份,2008-08-14,2.2247,2.4092,2.1939,2.3887,2814120,2.6057,1006560000,3988960000,22.6108,
002191.SZ,劲嘉股份,2008-08-15,2.3554,2.4297,2.3503,2.3708,1700417,1.5745,999000000,3959000000,22.441,
002191.SZ,劲嘉股份,2008-08-18,2.3349,2.4092,2.3323,2.3451,2601977,2.4092,988200000,3916200000,22.1984,
002191.SZ,劲嘉股份,2008-08-19,2.3093,2.4477,2.258,2.4477,1854587,1.7172,1031400000,4087400000,23.1688,
002191.SZ,劲嘉股份,2008-08-20,2.399,2.6655,2.3964,2.6655,2283036,2.1139,1123200000,4451200000,25.231,
002191.SZ,劲嘉股份,2008-08-21,2.5886,2.6399,2.5117,2.5425,1749813,1.6202,1071360000,4245760000,24.0665,
002191.SZ,劲嘉股份,2008-08-22,2.4861,2.5681,2.4502,2.4758,1083374,1.0031,1043280000,4134480000,23.4357,
002191.SZ,劲嘉股份,2008-08-25,2.4938,2.5245,2.4451,2.4707,528820,0.4896,1041120000,4125920000,23.3872,
002191.SZ,劲嘉股份,2008-08-26,2.4502,2.4605,2.2759,2.3579,1087883,1.0073,993600000,3937600000,22.3197,
002191.SZ,劲嘉股份,2008-08-27,2.3708,2.4092,2.3169,2.3605,827400,0.7661,994680000,3941880000,22.344,
002191.SZ,劲嘉股份,2008-08-28,2.3605,2.4041,2.3477,2.3836,540069,0.5001,1004400000,3980400000,22.5623,
002191.SZ,劲嘉股份,2008-08-29,2.3836,2.6091,2.3836,2.5143,1572522,1.456,1059480000,4198680000,23.7996,
002191.SZ,劲嘉股份,2008-09-01,2.5117,2.5579,2.4579,2.4758,897780,0.8313,1043280000,4134480000,23.4357,
002191.SZ,劲嘉股份,2008-09-02,2.4246,2.4964,2.4246,2.4579,262282,0.2429,1035720000,4104520000,23.2659,
002191.SZ,劲嘉股份,2008-09-03,2.4835,2.4835,2.3554,2.3733,732171,0.6779,1000080000,3963280000,22.4653,
002191.SZ,劲嘉股份,2008-09-04,2.3221,2.4195,2.3221,2.3579,311540,0.2885,993600000,3937600000,22.3197,
002191.SZ,劲嘉股份,2008-09-05,2.3246,2.3503,2.2836,2.3323,772786,0.7155,982800000,3894800000,22.0771,
002191.SZ,劲嘉股份,2008-09-08,2.2759,2.3349,2.2195,2.3041,655020,0.6065,970920000,3847720000,21.8102,
002191.SZ,劲嘉股份,2008-09-09,2.3016,2.3477,2.2631,2.3477,310220,0.2872,989280000,3920480000,22.2227,
002191.SZ,劲嘉股份,2008-09-10,2.3067,2.4041,2.2811,2.3579,252010,0.2333,993600000,3937600000,22.3197,
002191.SZ,劲嘉股份,2008-09-11,2.3631,2.3631,2.1401,2.3016,1701678,1.5756,969840000,3843440000,21.786,
002191.SZ,劲嘉股份,2008-09-12,2.2708,2.3246,2.2554,2.3195,411998,0.3815,977400000,3873400000,21.9558,
002191.SZ,劲嘉股份,2008-09-16,2.3067,2.3426,2.2554,2.3374,1544887,1.4305,984960000,3903360000,22.1256,
002191.SZ,劲嘉股份,2008-09-17,2.3451,2.3579,2.2836,2.3195,423878,0.3925,977400000,3873400000,21.9558,
002191.SZ,劲嘉股份,2008-09-18,2.2785,2.299,2.0914,2.2811,1892614,1.7524,961200000,3809200000,21.5919,
002191.SZ,劲嘉股份,2008-09-19,2.5092,2.5092,2.4169,2.5092,4208961,3.8972,1057320000,4190120000,23.7511,
002191.SZ,劲嘉股份,2008-09-22,2.5886,2.704,2.4758,2.5399,4489580,4.157,1070280000,4241480000,24.0422,
002191.SZ,劲嘉股份,2008-09-23,2.481,2.481,2.3144,2.3323,1924989,1.7824,982800000,3894800000,22.0771,
002191.SZ,劲嘉股份,2008-09-24,2.2836,2.3426,2.2195,2.3298,750975,0.6953,981720000,3890520000,22.0528,
002191.SZ,劲嘉股份,2008-09-25,2.3067,2.4733,2.3067,2.4143,1774575,1.6431,1017360000,4031760000,22.8534,
002191.SZ,劲嘉股份,2008-09-26,2.4143,2.4553,2.3323,2.4553,1170688,1.084,1034640000,4100240000,23.2416,
002191.SZ,劲嘉股份,2008-10-06,2.4528,2.4528,2.3349,2.3451,443950,0.4111,988200000,3916200000,22.1984,
002191.SZ,劲嘉股份,2008-10-07,2.2554,2.381,2.2529,2.3221,742677,0.6877,978480000,3877680000,21.9801,
002191.SZ,劲嘉股份,2008-10-08,2.258,2.2913,2.2452,2.2606,646188,0.5983,952560000,3774960000,21.3978,
002191.SZ,劲嘉股份,2008-10-09,2.3272,2.3272,2.2401,2.2503,402990,0.3731,948240000,3757840000,21.3008,
002191.SZ,劲嘉股份,2008-10-10,2.1734,2.1734,2.0248,2.0248,1680137,1.5557,853200000,3381200000,19.1658,
002191.SZ,劲嘉股份,2008-10-13,1.9991,2.0991,1.8864,2.076,1046433,0.9689,874800000,3466800000,19.6511,
002191.SZ,劲嘉股份,2008-10-14,2.1273,2.1478,1.9684,1.9735,854244,0.791,831600000,3295600000,18.6806,
002191.SZ,劲嘉股份,2008-10-15,1.9607,1.9735,1.9222,1.9376,468242,0.4336,816480000,3235680000,18.341,
002191.SZ,劲嘉股份,2008-10-16,1.8787,1.9222,1.7582,1.8607,1550300,1.4355,784080000,3107280000,17.6132,
002191.SZ,劲嘉股份,2008-10-17,1.8505,1.9069,1.8505,1.8761,814619,0.7543,790560000,3132960000,17.7587,
002191.SZ,劲嘉股份,2008-10-20,1.8274,1.9632,1.8248,1.953,419566,0.3885,822960000,3261360000,18.4865,
002191.SZ,劲嘉股份,2008-10-21,1.9094,1.994,1.9094,1.9479,578241,0.5354,820800000,3252800000,18.438,
002191.SZ,劲嘉股份,2008-10-22,1.9479,2.0248,1.9248,1.994,1420817,1.3156,840240000,3329840000,18.8747,
002191.SZ,劲嘉股份,2008-10-23,1.9607,2.076,1.9197,2.0735,1474045,1.3649,873720000,3462520000,19.6268,
002191.SZ,劲嘉股份,2008-10-24,2.0709,2.0888,2.0171,2.053,749319,0.6938,865080000,3428280000,19.4327,
002191.SZ,劲嘉股份,2008-10-27,2.0171,2.0478,1.8556,1.9479,1773918,1.6425,820800000,3252800000,15.3935,
002191.SZ,劲嘉股份,2008-10-28,1.9427,2.0504,1.8992,2.0273,939968,0.8703,854280000,3385480000,16.0214,
002191.SZ,劲嘉股份,2008-10-29,2.076,2.1273,1.994,1.9991,1128371,1.0448,842400000,3338400000,15.7986,
002191.SZ,劲嘉股份,2008-10-30,2.0427,2.0683,1.9786,2.035,602749,0.5581,857520000,3398320000,16.0822,
002191.SZ,劲嘉股份,2008-10-31,2.0504,2.0811,2.0094,2.0632,757443,0.7013,869400000,3445400000,16.305,
002191.SZ,劲嘉股份,2008-11-03,2.076,2.076,2.0299,2.0581,344840,0.3193,867240000,3436840000,16.2645,
002191.SZ,劲嘉股份,2008-11-04,1.9991,2.053,1.9735,1.9786,410331,0.3799,833760000,3304160000,15.6366,
002191.SZ,劲嘉股份,2008-11-05,1.994,2.0581,1.9863,2.0299,497724,0.4609,855360000,3389760000,16.0417,
002191.SZ,劲嘉股份,2008-11-06,1.9991,2.0043,1.9453,1.9556,435600,0.4033,824040000,3265640000,15.4543,
002191.SZ,劲嘉股份,2008-11-07,1.9351,2.0068,1.9274,1.9812,494219,0.4576,834840000,3308440000,15.6568,
002191.SZ,劲嘉股份,2008-11-10,2.0453,2.1298,2.0196,2.1222,2256403,2.0893,894240000,3543840000,16.7708,
002191.SZ,劲嘉股份,2008-11-11,2.1017,2.1247,2.0555,2.0632,1028509,0.9523,869400000,3445400000,16.305,
002191.SZ,劲嘉股份,2008-11-12,2.0581,2.1785,2.0504,2.176,1395183,1.2918,916920000,3633720000,17.1962,
002191.SZ,劲嘉股份,2008-11-13,2.1452,2.3451,2.1068,2.3118,3924125,3.6334,974160000,3860560000,18.2697,
002191.SZ,劲嘉股份,2008-11-14,2.3118,2.3118,2.3118,2.3118,--,--,974160000,3860560000,18.2697,
002191.SZ,劲嘉股份,2008-11-17,2.4041,2.5374,2.3785,2.4605,4313653,3.9941,1036800000,4108800000,19.4445,
002191.SZ,劲嘉股份,2008-11-18,2.4425,2.5579,2.2862,2.3118,5298530,4.906,974160000,3860560000,18.2697,
002191.SZ,劲嘉股份,2008-11-19,2.3067,2.5399,2.3067,2.5374,3012608,2.7895,1069200000,4237200000,20.0521,
002191.SZ,劲嘉股份,2008-11-20,2.4861,2.6373,2.4605,2.6168,4642674,4.2988,1102680000,4369880000,20.68,
002191.SZ,劲嘉股份,2008-11-21,2.5374,2.7116,2.4989,2.6322,4186889,3.8767,1109160000,4395560000,20.8015,
002191.SZ,劲嘉股份,2008-11-24,2.5937,2.6758,2.4374,2.4374,4206608,3.895,1027080000,4070280000,19.2622,
002191.SZ,劲嘉股份,2008-11-25,2.4912,2.5322,2.4374,2.4758,1945008,1.8009,1043280000,4134480000,19.566,
002191.SZ,劲嘉股份,2008-11-26,2.4758,2.5476,2.4605,2.5476,1104800,1.023,1073520000,4254320000,20.1331,
002191.SZ,劲嘉股份,2008-11-27,2.6911,2.7219,2.4297,2.4348,5738800,5.3137,1026000000,4066000000,19.2419,
002191.SZ,劲嘉股份,2008-11-28,2.3964,2.481,2.3964,2.4297,3064360,2.8374,1023840000,4057440000,19.2014,
002191.SZ,劲嘉股份,2008-12-01,2.4323,2.5963,2.4092,2.563,2762106,2.5575,1080000000,4280000000,20.2546,
002191.SZ,劲嘉股份,2008-12-02,2.4912,2.704,2.4912,2.6194,4407153,4.0807,1103760000,4374160000,20.7002,
002191.SZ,劲嘉股份,2008-12-03,2.6706,2.8347,2.6194,2.7885,6031825,5.585,1175040000,4656640000,22.037,
002191.SZ,劲嘉股份,2008-12-04,2.7962,2.8936,2.704,2.7296,6876248,6.3669,1150200000,4558200000,21.5712,
002191.SZ,劲嘉股份,2008-12-05,2.7296,3.0038,2.7296,2.9679,6902554,5.6619,1411752076.8,4956240000,23.4549,
002191.SZ,劲嘉股份,2008-12-08,3.0013,3.0448,2.9167,3.0013,6474908,5.3111,1427600761.6,5011880000,23.7182,
002191.SZ,劲嘉股份,2008-12-09,3.0243,3.0243,2.8731,2.8962,2528104,2.0737,1377616448,4836400000,22.8877,
002191.SZ,劲嘉股份,2008-12-10,2.8962,2.9808,2.8705,2.9551,1573147,1.2904,1405656428.8,4934840000,23.3536,
002191.SZ,劲嘉股份,2008-12-11,2.9526,3.0064,2.8654,2.8654,2527385,2.0731,1362986892.8,4785040000,22.6447,
002191.SZ,劲嘉股份,2008-12-12,2.8654,2.8962,2.7603,2.8193,5185373,4.2533,1341042560,4708000000,22.2801,
002191.SZ,劲嘉股份,2008-12-15,2.8218,2.9731,2.8218,2.9551,1948269,1.5981,1405656428.8,4934840000,23.3536,
002191.SZ,劲嘉股份,2008-12-16,2.9244,3.114,2.8962,3.0807,2899354,2.3782,1465393779.2,5144560000,24.3461,
002191.SZ,劲嘉股份,2008-12-17,3.0807,3.1909,3.0756,3.1268,2790525,2.2889,1487338112,5221600000,24.7107,
002191.SZ,劲嘉股份,2008-12-18,3.1397,3.1627,3.0397,3.1012,2800928,2.2975,1475146816,5178800000,24.5081,
002191.SZ,劲嘉股份,2008-12-19,3.0987,3.2627,3.0756,3.2422,3780289,3.1008,1542198944,5414200000,25.6221,
002191.SZ,劲嘉股份,2008-12-22,3.2191,3.2986,3.173,3.2217,2953655,2.4228,1532445907.2,5379960000,25.4601,
002191.SZ,劲嘉股份,2008-12-23,3.2652,3.2652,3.1012,3.1755,4918080,4.0341,1510501574.4,5302920000,25.0955,
002191.SZ,劲嘉股份,2008-12-24,3.1525,3.2012,3.0833,3.1268,2939484,2.4111,1487338112,5221600000,24.7107,
002191.SZ,劲嘉股份,2008-12-25,3.1473,3.3011,3.1166,3.255,4228704,3.4686,1548294592,5435600000,25.7234,
002191.SZ,劲嘉股份,2008-12-26,3.2447,3.3268,3.2012,3.3114,3917139,3.2131,1575115443.2,5529760000,26.169,
002191.SZ,劲嘉股份,2008-12-29,3.3063,3.3575,3.214,3.3447,2062715,1.692,1590964128,5585400000,26.4323,
002191.SZ,劲嘉股份,2008-12-30,3.3191,3.5087,3.3139,3.4805,5527961,4.5344,1655577996.8,5812240000,27.5058,
002191.SZ,劲嘉股份,2008-12-31,3.4857,3.4882,3.3319,3.3319,4566114,3.7454,1584868480,5564000000,26.331,
002191.SZ,劲嘉股份,2009-01-05,3.3831,3.4088,3.2781,3.3831,3427788,2.8117,1609251072,5649600000,26.7361,
002191.SZ,劲嘉股份,2009-01-06,3.3831,3.4036,3.2601,3.3703,3280900,2.6912,1603155424,5628200000,26.6348,
002191.SZ,劲嘉股份,2009-01-07,3.3703,3.501,3.3114,3.4344,2875384,2.3586,1633633664,5735200000,27.1412,
002191.SZ,劲嘉股份,2009-01-08,3.355,3.4293,3.255,3.3447,1982220,1.6259,1590964128,5585400000,26.4323,
002191.SZ,劲嘉股份,2009-01-09,3.3319,3.4344,3.3216,3.3985,1998810,1.6395,1616565849.6,5675280000,26.8576,
002191.SZ,劲嘉股份,2009-01-12,3.3985,3.5497,3.3524,3.4472,3736067,3.0645,1639729312,5756600000,27.2425,
002191.SZ,劲嘉股份,2009-01-13,3.3908,3.4447,3.2806,3.3063,1700735,1.395,1572677184,5521200000,26.1285,
002191.SZ,劲嘉股份,2009-01-14,3.2832,3.4472,3.2832,3.4344,1796126,1.4733,1633633664,5735200000,27.1412,
002191.SZ,劲嘉股份,2009-01-15,3.3524,3.4857,3.3268,3.3831,2166983,1.7775,1609251072,5649600000,26.7361,
002191.SZ,劲嘉股份,2009-01-16,3.3831,3.4472,3.1602,3.2037,7541693,6.1861,1523912000,5350000000,25.3183,
002191.SZ,劲嘉股份,2009-01-19,3.2012,3.2396,3.0551,3.155,3614895,2.9651,1500748537.6,5268680000,24.9335,
002191.SZ,劲嘉股份,2009-01-20,3.1268,3.1653,3.073,3.1243,3408627,2.796,1486118982.4,5217320000,24.6904,
002191.SZ,劲嘉股份,2009-01-21,3.1012,3.1935,3.0781,3.1781,3098704,2.5417,1511720704,5307200000,25.1157,
002191.SZ,劲嘉股份,2009-01-22,3.1653,3.3473,3.1653,3.3216,4319005,3.5427,1579991961.6,5546880000,26.25,
002191.SZ,劲嘉股份,2009-01-23,3.3063,3.4293,3.255,3.3268,1728386,1.4177,1582430220.8,5555440000,26.2905,
002191.SZ,劲嘉股份,2009-02-02,3.3396,3.3806,3.2627,3.3319,2097069,1.7201,1584868480,5564000000,26.331,
002191.SZ,劲嘉股份,2009-02-03,3.355,3.4036,3.2832,3.3678,3557158,2.9178,1601936294.4,5623920000,26.6146,
002191.SZ,劲嘉股份,2009-02-04,3.3934,3.4216,3.3498,3.3985,2814572,2.3087,1616565849.6,5675280000,26.8576,
002191.SZ,劲嘉股份,2009-02-05,3.4088,3.4088,3.214,3.2832,4070338,3.3387,1561705017.6,5482680000,25.9462,
002191.SZ,劲嘉股份,2009-02-06,3.2832,3.3652,3.2806,3.3344,3039065,2.4928,1586087609.6,5568280000,26.3513,
002191.SZ,劲嘉股份,2009-02-09,3.3703,3.6599,3.3293,3.5882,7053062,5.7853,1706781440,5992000000,28.3565,
002191.SZ,劲嘉股份,2009-02-10,3.5702,3.7112,3.519,3.6728,4170051,3.4205,1747012716.8,6133240000,29.0249,
002191.SZ,劲嘉股份,2009-02-11,3.5984,3.6523,3.5318,3.5497,4077127,3.3443,1688494496,5927800000,28.0527,
002191.SZ,劲嘉股份,2009-02-12,3.5523,3.5882,3.3575,3.4728,3619657,2.9691,1651920608,5799400000,27.445,
002191.SZ,劲嘉股份,2009-02-13,3.4754,3.5959,3.4728,3.5882,3103452,2.5456,1706781440,5992000000,28.3565,
002191.SZ,劲嘉股份,2009-02-16,3.6087,3.6881,3.5369,3.6113,4613075,3.7839,1717753606.4,6030520000,28.5388,
002191.SZ,劲嘉股份,2009-02-17,3.6113,3.6292,3.4062,3.5369,3219119,2.6405,1682398848,5906400000,27.9514,
002191.SZ,劲嘉股份,2009-02-18,3.437,3.4754,3.3344,3.3831,2285513,1.8747,1609251072,5649600000,26.7361,
002191.SZ,劲嘉股份,2009-02-19,3.3447,3.4036,3.3114,3.3421,1942962,1.5937,1589744998.4,5581120000,26.412,
002191.SZ,劲嘉股份,2009-02-20,3.3806,3.46,3.3473,3.46,2306890,1.8922,1645824960,5778000000,27.3438,
002191.SZ,劲嘉股份,2009-02-23,3.4421,3.5369,3.3857,3.5369,3450215,2.8301,1682398848,5906400000,27.9514,
002191.SZ,劲嘉股份,2009-02-24,3.4959,3.4985,3.3344,3.4344,3027920,2.4837,1633633664,5735200000,27.1412,
002191.SZ,劲嘉股份,2009-02-25,3.4036,3.7676,3.4036,3.7189,8302598,6.8103,1768957049.6,6210280000,29.3895,
002191.SZ,劲嘉股份,2009-02-26,3.6907,3.742,3.3831,3.4857,5686180,4.6641,1658016256,5820800000,27.5463,
002191.SZ,劲嘉股份,2009-02-27,3.4036,3.4549,3.2037,3.3524,3495996,2.8676,1594621516.8,5598240000,25.8484,
002191.SZ,劲嘉股份,2009-03-02,3.2678,3.4857,3.2678,3.4318,2205680,1.8092,1632414534.4,5730920000,26.461,
002191.SZ,劲嘉股份,2009-03-03,3.3806,3.5113,3.2832,3.4088,1725909,1.4157,1621442368,5692400000,26.2831,
002191.SZ,劲嘉股份,2009-03-04,3.4088,3.6087,3.4011,3.6061,3229532,2.649,1715315347.2,6021960000,27.8048,
002191.SZ,劲嘉股份,2009-03-05,3.6625,3.8214,3.5677,3.7907,6432912,5.2766,1803092678.4,6330120000,29.2276,
002191.SZ,劲嘉股份,2009-03-06,3.7291,3.9291,3.6728,3.8445,4868110,3.9931,1828694400,6420000000,29.6426,
002191.SZ,劲嘉股份,2009-03-09,3.8445,3.8701,3.46,3.5805,4027556,3.3036,1703124051.2,5979160000,27.6072,
002191.SZ,劲嘉股份,2009-03-10,3.4882,3.5882,3.3524,3.5805,3436950,2.8192,1703124051.2,5979160000,27.6072,
002191.SZ,劲嘉股份,2009-03-11,3.6394,3.7548,3.5754,3.6343,2641906,2.167,1728725772.8,6069040000,28.0222,
002191.SZ,劲嘉股份,2009-03-12,3.5882,3.6574,3.4549,3.5933,1387882,1.1384,1709219699.2,6000560000,27.706,
002191.SZ,劲嘉股份,2009-03-13,3.5677,3.6651,3.4882,3.5139,1965110,1.6119,1671426681.6,5867880000,27.0933,
002191.SZ,劲嘉股份,2009-03-16,3.4652,3.5087,3.3575,3.4728,3315256,2.7194,1651920608,5799400000,26.7772,
002191.SZ,劲嘉股份,2009-03-17,3.4703,3.5369,3.4447,3.5241,6072320,4.9809,1676303200,5885000000,27.1724,
002191.SZ,劲嘉股份,2009-03-18,3.542,3.5882,3.46,3.5497,7801195,6.399,1688494496,5927800000,27.37,
002191.SZ,劲嘉股份,2009-03-19,3.5292,3.6881,3.4985,3.6343,4369379,3.584,1728725772.8,6069040000,28.0222,
002191.SZ,劲嘉股份,2009-03-20,3.6394,3.7625,3.5497,3.7189,5278269,4.3295,1768957049.6,6210280000,28.6743,
002191.SZ,劲嘉股份,2009-03-23,3.7215,3.8189,3.6728,3.7445,5684885,4.6631,1781148345.6,6253080000,28.8719,
002191.SZ,劲嘉股份,2009-03-24,3.7907,3.9521,3.7035,3.8727,8925097,7.3209,1842104825.6,6467080000,29.86,
002191.SZ,劲嘉股份,2009-03-25,3.8727,4.152,3.8445,4.0239,10027069,8.2248,1914033472,6719600000,31.0259,
002191.SZ,劲嘉股份,2009-03-26,4.0367,4.111,3.8829,4.0854,5959335,4.8882,1943292582.4,6822320000,31.5002,
002191.SZ,劲嘉股份,2009-03-27,4.0598,4.1469,3.9214,3.9624,4431548,3.635,1884774361.6,6616880000,30.5517,
002191.SZ,劲嘉股份,2009-03-30,3.947,4.0957,3.9214,3.9983,3986253,3.2698,1901842176,6676800000,30.8283,
002191.SZ,劲嘉股份,2009-03-31,3.9137,4.0752,3.865,4.0188,3498013,2.8693,1911595212.8,6711040000,30.9864,
002191.SZ,劲嘉股份,2009-04-01,4.0521,4.152,4.0188,4.07,3609777,2.9609,1935977804.8,6796640000,31.3816,
002191.SZ,劲嘉股份,2009-04-02,4.0623,4.1008,3.9931,4.1008,4031511,3.3069,1950607360,6848000000,31.6188,
002191.SZ,劲嘉股份,2009-04-03,4.1059,4.2546,4.1059,4.1469,4200729,3.4457,1972551692.8,6925040000,31.9745,
002191.SZ,劲嘉股份,2009-04-07,4.1059,4.2238,4.0239,4.07,3085396,2.5308,1935977804.8,6796640000,31.3816,
002191.SZ,劲嘉股份,2009-04-08,4.0572,4.0572,3.8599,3.8906,5066523,4.1559,1850638732.8,6497040000,29.9983,
002191.SZ,劲嘉股份,2009-04-09,3.8957,3.9957,3.8906,3.9957,2992807,2.4549,1900623046.4,6672520000,30.8086,
002191.SZ,劲嘉股份,2009-04-10,4.0188,4.1392,3.947,4.1187,6747619,5.5348,1959141267.2,6877960000,31.7571,
002191.SZ,劲嘉股份,2009-04-13,4.2674,4.352,4.1982,4.2699,9830253,8.0633,2031069913.6,7130480000,31.8088,
002191.SZ,劲嘉股份,2009-04-14,4.2546,4.5954,4.2289,4.5493,10570195,8.6703,2163955040,7597000000,33.8899,
002191.SZ,劲嘉股份,2009-04-15,4.5365,4.6134,4.4391,4.5596,7795154,6.394,2168831558.4,7614120000,33.9663,
002191.SZ,劲嘉股份,2009-04-16,4.5621,4.6646,4.4493,4.5314,7500299,6.1522,2155421132.8,7567040000,33.7563,
002191.SZ,劲嘉股份,2009-04-17,4.5288,4.6108,4.3058,4.4596,5577935,4.5753,2121285504,7447200000,33.2217,
002191.SZ,劲嘉股份,2009-04-20,4.4545,4.6646,4.4545,4.6211,6381067,5.2341,2198090668.8,7716840000,34.4245,
002191.SZ,劲嘉股份,2009-04-21,4.6006,4.6006,4.4878,4.5852,3846789,3.1554,2181022854.4,7656920000,34.1572,
002191.SZ,劲嘉股份,2009-04-22,4.6159,4.6339,4.2007,4.3033,6616165,5.427,2046918598.4,7186120000,32.057,
002191.SZ,劲嘉股份,2009-04-23,4.2264,4.3186,4.1469,4.2648,6568272,5.3877,2028631654.4,7121920000,31.7706,
002191.SZ,劲嘉股份,2009-04-24,4.2751,4.4288,4.2751,4.375,5055026,4.1464,2081054227.2,7305960000,32.5916,
002191.SZ,劲嘉股份,2009-04-27,4.3827,4.3878,4.1008,4.1956,3932310,3.2255,1995715155.2,7006360000,31.2551,
002191.SZ,劲嘉股份,2009-04-28,4.1725,4.2571,4.1213,4.2212,2920679,2.3957,2007906451.2,7049160000,27.692,
002191.SZ,劲嘉股份,2009-04-29,4.2033,4.3443,4.1905,4.3135,3783203,3.1032,2051795116.8,7203240000,28.2973,
002191.SZ,劲嘉股份,2009-04-30,4.352,4.4263,4.3084,4.3878,4135295,3.392,2087149875.2,7327360000,28.7849,
002191.SZ,劲嘉股份,2009-05-04,4.4212,4.5596,4.4212,4.4878,4636793,3.8034,2134695929.6,7494280000,29.4406,
002191.SZ,劲嘉股份,2009-05-05,4.4878,4.4878,4.4878,4.4878,--,--,2134695929.6,7494280000,29.4406,
002191.SZ,劲嘉股份,2009-05-06,4.5493,4.6775,4.5109,4.5954,6173752,5.0641,2185899372.8,7674040000,30.1468,
002191.SZ,劲嘉股份,2009-05-07,4.6108,4.6134,4.3776,4.434,5688294,4.6659,2109094208,7404400000,29.0876,
002191.SZ,劲嘉股份,2009-05-08,4.4288,4.5032,4.3801,4.4622,2879874,2.3622,2122504633.6,7451480000,29.2725,
002191.SZ,劲嘉股份,2009-05-11,4.5006,4.5057,4.2494,4.2494,4332101,3.5534,2021316876.8,7096240000,27.877,
002191.SZ,劲嘉股份,2009-05-12,4.2161,4.434,4.1802,4.4237,2237348,1.8352,2104217689.6,7387280000,29.0203,
002191.SZ,劲嘉股份,2009-05-13,4.4237,4.4468,4.3238,4.4468,3657028,2.9997,2115189856,7425800000,29.1716,
002191.SZ,劲嘉股份,2009-05-14,4.5237,4.7851,4.4852,4.721,11813841,9.6904,2245636723.2,7883760000,30.9707,
002191.SZ,劲嘉股份,2009-05-15,4.6775,4.7825,4.6159,4.7108,6672518,5.4732,2240760204.8,7866640000,30.9034,
002191.SZ,劲嘉股份,2009-05-18,4.7287,4.7287,4.6134,4.6954,3718080,3.0498,2233445427.2,7840960000,30.8025,
002191.SZ,劲嘉股份,2009-05-19,4.7364,4.7543,4.6262,4.6928,5785557,4.7456,2232226297.6,7836680000,30.7857,
002191.SZ,劲嘉股份,2009-05-20,4.6538,4.6772,4.5326,4.6108,5729151,3.1329,2157859392,7575600000,29.7601,
002191.SZ,劲嘉股份,2009-05-21,4.5326,4.6459,4.4154,4.4623,5240393,2.8656,2088369004.8,7331640000,28.8017,
002191.SZ,劲嘉股份,2009-05-22,4.4584,4.4975,4.3451,4.3607,3777548,2.0657,2040822950.4,7164720000,28.146,
002191.SZ,劲嘉股份,2009-05-25,4.2904,4.3412,4.1497,4.3333,4510574,2.4666,2028022089.6,7119780000,27.9694,
002191.SZ,劲嘉股份,2009-05-26,4.3373,4.3568,4.2591,4.263,5693224,3.1133,1995105590.4,7004220000,27.5155,
002191.SZ,劲嘉股份,2009-05-27,4.2904,4.3099,4.1966,4.22,4503462,2.4627,1974989952,6933600000,27.2381,
002191.SZ,劲嘉股份,2009-06-01,4.2747,4.4936,4.2669,4.474,9276146,5.0726,2093855088,7350900000,28.8774,
002191.SZ,劲嘉股份,2009-06-02,4.474,4.6108,4.3763,4.5795,11773066,6.438,2143229836.8,7524240000,29.5583,
002191.SZ,劲嘉股份,2009-06-03,4.5795,4.7593,4.5795,4.5991,18079875,9.8868,2152373308.8,7556340000,29.6844,
002191.SZ,劲嘉股份,2009-06-04,4.5991,4.5991,4.4545,4.5639,6248326,3.4168,2135915059.2,7498560000,29.4575,
002191.SZ,劲嘉股份,2009-06-05,4.5522,4.6108,4.4193,4.4623,4760592,2.6033,2088369004.8,7331640000,28.8017,
002191.SZ,劲嘉股份,2009-06-08,4.474,4.5326,4.3763,4.4623,5224191,2.8568,2088369004.8,7331640000,28.8017,
002191.SZ,劲嘉股份,2009-06-09,4.4545,4.5014,4.392,4.4975,3324655,1.818,2104827254.4,7389420000,29.0287,
002191.SZ,劲嘉股份,2009-06-10,4.5248,4.5287,4.4779,4.4818,3703973,2.0255,2097512476.8,7363740000,28.9278,
002191.SZ,劲嘉股份,2009-06-11,4.4975,4.5834,4.4545,4.4779,3692016,2.0189,2095683782.4,7357320000,28.9026,
002191.SZ,劲嘉股份,2009-06-12,4.4975,4.5248,4.306,4.3412,4018382,2.1974,2031679478.4,7132620000,28.0199,
002191.SZ,劲嘉股份,2009-06-15,4.3451,4.392,4.3099,4.3881,2300211,1.2578,2053623811.2,7209660000,28.3225,
002191.SZ,劲嘉股份,2009-06-16,4.3568,4.3959,4.3177,4.3373,2695195,1.4738,2029850784,7126200000,27.9947,
002191.SZ,劲嘉股份,2009-06-17,4.3724,4.4037,4.3412,4.3881,2616775,1.431,2053623811.2,7209660000,28.3225,
002191.SZ,劲嘉股份,2009-06-18,4.3881,4.3881,4.3881,4.3881,--,--,2053623811.2,7209660000,28.3225,
002191.SZ,劲嘉股份,2009-06-19,4.4154,4.4857,4.392,4.4623,4298865,2.3508,2088369004.8,7331640000,28.8017,
002191.SZ,劲嘉股份,2009-06-22,4.4388,4.4428,4.3216,4.3216,6183741,3.3815,2022536006.4,7100520000,27.8938,
002191.SZ,劲嘉股份,2009-06-23,4.3138,4.349,4.2357,4.3373,3963519,2.1674,2029850784,7126200000,27.9947,
002191.SZ,劲嘉股份,2009-06-24,4.3412,4.3529,4.181,4.3099,10003822,5.4705,2017049923.2,7081260000,27.8181,
002191.SZ,劲嘉股份,2009-06-25,4.2943,4.306,4.2044,4.2435,4643279,2.5391,1985962118.4,6972120000,27.3894,
002191.SZ,劲嘉股份,2009-06-26,4.2591,4.4193,4.2552,4.392,8504774,4.6507,2055452505.6,7216080000,28.3478,
002191.SZ,劲嘉股份,2009-06-29,4.3646,4.3998,4.3294,4.3451,3552189,1.9425,2033508172.8,7139040000,28.0451,
002191.SZ,劲嘉股份,2009-06-30,4.3724,4.3763,4.2904,4.3255,2932274,1.6035,2024364700.8,7106940000,27.919,
002191.SZ,劲嘉股份,2009-07-01,4.306,4.3841,4.2435,4.3529,4024424,2.2007,2037165561.6,7151880000,28.0955,
002191.SZ,劲嘉股份,2009-07-02,4.3763,4.3881,4.2786,4.3333,3933275,2.1509,2028022089.6,7119780000,27.9694,
002191.SZ,劲嘉股份,2009-07-03,4.3177,4.3177,4.2044,4.2513,6533780,3.5729,1989619507.2,6984960000,27.4398,
002191.SZ,劲嘉股份,2009-07-06,4.2708,4.3294,4.2396,4.2904,5466276,2.9892,2007906451.2,7049160000,27.692,
002191.SZ,劲嘉股份,2009-07-07,4.3021,4.4936,4.2357,4.3998,9421108,5.1518,2059109894.4,7228920000,28.3982,
002191.SZ,劲嘉股份,2009-07-08,4.3685,4.517,4.3412,4.4975,9030226,4.9381,2104827254.4,7389420000,29.0287,
002191.SZ,劲嘉股份,2009-07-09,4.4975,4.5873,4.474,4.5639,7896728,4.3182,2135915059.2,7498560000,29.4575,
002191.SZ,劲嘉股份,2009-07-10,4.6889,4.9195,4.6733,4.7085,17904901,9.7911,2203576752,7736100000,30.3906,
002191.SZ,劲嘉股份,2009-07-13,4.685,4.8335,4.6186,4.7593,10474688,5.728,2227349779.2,7819560000,30.7185,
002191.SZ,劲嘉股份,2009-07-14,4.771,4.9234,4.771,4.8179,10729276,5.8672,2254780195.2,7915860000,31.0968,
002191.SZ,劲嘉股份,2009-07-15,4.8335,4.8765,4.7554,4.7905,7727901,4.2259,2241979334.4,7870920000,30.9202,
002191.SZ,劲嘉股份,2009-07-16,4.8452,4.8569,4.7475,4.771,6565039,3.59,2232835862.4,7838820000,30.7941,
002191.SZ,劲嘉股份,2009-07-17,4.7514,4.8061,4.6538,4.685,7586321,4.1485,2192604585.6,7697580000,30.2393,
002191.SZ,劲嘉股份,2009-07-20,4.7006,4.9156,4.7006,4.8374,9294106,5.0824,2263923667.2,7947960000,31.2229,
002191.SZ,劲嘉股份,2009-07-21,4.8296,4.8648,4.6772,4.6889,6598168,3.6081,2194433280,7704000000,30.2645,
002191.SZ,劲嘉股份,2009-07-22,4.6967,4.7593,4.6303,4.7006,8374705,4.5796,2199919363.2,7723260000,30.3402,
002191.SZ,劲嘉股份,2009-07-23,4.728,4.7358,4.6459,4.7163,6637388,3.6296,2207234140.8,7748940000,30.441,
002191.SZ,劲嘉股份,2009-07-24,4.728,4.8413,4.685,4.7632,8877409,4.8545,2229178473.6,7825980000,30.7437,
002191.SZ,劲嘉股份,2009-07-27,4.8061,4.8061,4.7006,4.7749,6962297,3.8073,2234664556.8,7845240000,30.8194,
002191.SZ,劲嘉股份,2009-07-28,4.7749,4.7866,4.685,4.7866,8456027,4.6241,2240150640,7864500000,30.895,
002191.SZ,劲嘉股份,2009-07-29,4.7866,4.9937,4.5483,4.7749,19941234,10.9046,2234664556.8,7845240000,30.8194,
002191.SZ,劲嘉股份,2009-07-30,4.8218,4.9468,4.6498,4.8061,10669762,5.8346,2249294112,7896600000,28.2704,
002191.SZ,劲嘉股份,2009-07-31,4.8648,5.1187,4.8452,5.0523,22654469,12.3883,2364501859.2,8301060000,29.7183,
002191.SZ,劲嘉股份,2009-08-03,5.0601,5.2594,4.9937,5.1617,17226830,9.4203,2415705302.4,8480820000,30.3619,
002191.SZ,劲嘉股份,2009-08-04,5.1578,5.193,5.0093,5.1891,10878040,5.9485,2428506163.2,8525760000,30.5228,
002191.SZ,劲嘉股份,2009-08-05,5.0875,5.2164,4.9781,5.1578,10004054,5.4706,2413876608,8474400000,30.3389,
002191.SZ,劲嘉股份,2009-08-06,5.1226,5.1226,4.9234,5.0328,8645056,4.7274,2355358387.2,8268960000,29.6034,
002191.SZ,劲嘉股份,2009-08-07,5.0289,5.1031,4.8452,4.9195,7100142,3.8826,2302326249.6,8082780000,28.9369,
002191.SZ,劲嘉股份,2009-08-10,4.939,4.9898,4.7671,4.9234,5466566,2.9893,2304154944,8089200000,28.9599,
002191.SZ,劲嘉股份,2009-08-11,4.9156,4.9937,4.8491,4.9468,4380408,2.3954,2315127110.4,8127720000,29.0978,
002191.SZ,劲嘉股份,2009-08-12,4.9429,4.9937,4.6694,4.685,6072676,3.3208,2192604585.6,7697580000,27.5578,
002191.SZ,劲嘉股份,2009-08-13,4.6928,4.7514,4.4936,4.6459,6766830,3.7004,2174317641.6,7633380000,27.328,
002191.SZ,劲嘉股份,2009-08-14,4.6303,4.642,4.3959,4.3959,4363398,2.3861,2057281200,7222500000,25.857,
002191.SZ,劲嘉股份,2009-08-17,4.3841,4.3841,4.1419,4.1419,4059676,2.22,1938416064,6805200000,24.3631,
002191.SZ,劲嘉股份,2009-08-18,4.1106,4.2513,4.1067,4.22,2483272,1.3579,1974989952,6933600000,24.8227,
002191.SZ,劲嘉股份,2009-08-19,4.2513,4.2904,4.0481,4.0872,3710838,2.0292,1912814342.4,6715320000,24.0413,
002191.SZ,劲嘉股份,2009-08-20,4.1263,4.2747,4.1067,4.2513,2988926,1.6345,1989619507.2,6984960000,25.0066,
002191.SZ,劲嘉股份,2009-08-21,4.2552,4.3177,4.1927,4.3099,3870737,2.1167,2017049923.2,7081260000,25.3514,
002191.SZ,劲嘉股份,2009-08-24,4.3451,4.5131,4.3099,4.5131,5670460,3.1008,2112142032,7415100000,26.5466,
002191.SZ,劲嘉股份,2009-08-25,4.4545,4.474,4.2513,4.3724,4515582,2.4693,2046309033.6,7183980000,25.7191,
002191.SZ,劲嘉股份,2009-08-26,4.3763,4.6694,4.3216,4.5873,7192106,3.9329,2146887225.6,7537080000,26.7048,
002191.SZ,劲嘉股份,2009-08-27,4.5639,4.8609,4.5053,4.7593,9753694,5.3337,2227349779.2,7819560000,27.7057,
002191.SZ,劲嘉股份,2009-08-28,4.7241,4.7475,4.5912,4.685,4943106,2.7031,2192604585.6,7697580000,27.2735,
002191.SZ,劲嘉股份,2009-08-31,4.6811,4.6811,4.2982,4.3373,5041338,2.7568,2029850784,7126200000,25.249,
002191.SZ,劲嘉股份,2009-09-01,4.3373,4.5483,4.3294,4.4506,4646975,2.5411,2082882921.6,7312380000,25.9087,
002191.SZ,劲嘉股份,2009-09-02,4.4545,4.6381,4.4349,4.6264,5084330,2.7803,2165174169.6,7601280000,26.9323,
002191.SZ,劲嘉股份,2009-09-03,4.642,4.8296,4.642,4.7671,9617402,5.2592,2231007168,7832400000,27.7512,
002191.SZ,劲嘉股份,2009-09-04,4.7475,4.814,4.6733,4.7632,4956211,2.7102,2229178473.6,7825980000,27.7284,
002191.SZ,劲嘉股份,2009-09-07,4.7905,4.9468,4.7358,4.8452,8193477,4.4805,2267581056,7960800000,28.2061,
002191.SZ,劲嘉股份,2009-09-08,4.8101,4.9038,4.7866,4.8374,7422912,4.0591,2263923667.2,7947960000,28.1606,
002191.SZ,劲嘉股份,2009-09-09,4.8452,4.8765,4.7124,4.7944,4602001,2.5166,2243808028.8,7877340000,27.9104,
002191.SZ,劲嘉股份,2009-09-10,4.8179,4.8257,4.6928,4.7671,4364836,2.3869,2231007168,7832400000,27.7512,
002191.SZ,劲嘉股份,2009-09-11,4.7475,4.8374,4.728,4.8022,4273642,2.337,2247465417.6,7890180000,27.9559,
002191.SZ,劲嘉股份,2009-09-14,4.814,5.2829,4.814,5.2829,37404041,20.454,2472394828.8,8679840000,30.7538,
002191.SZ,劲嘉股份,2009-09-15,5.3532,5.7557,5.2829,5.5876,33195680,18.1527,2615032992,9180600000,32.528,
002191.SZ,劲嘉股份,2009-09-16,5.529,5.8065,5.4392,5.6853,19229573,10.5155,2660750352,9341100000,33.0967,
002191.SZ,劲嘉股份,2009-09-17,5.6619,5.8416,5.5876,5.74,13392622,7.3236,2686352073.6,9430980000,33.4152,
002191.SZ,劲嘉股份,2009-09-18,5.783,6.0565,5.7127,5.8572,20588353,11.2585,2741212905.6,9623580000,34.0976,
002191.SZ,劲嘉股份,2009-09-21,5.8025,5.9627,5.5407,5.8612,12984356,7.1003,2743041600,9630000000,34.1203,
002191.SZ,劲嘉股份,2009-09-22,5.8299,6.08,5.7127,5.7361,9399482,5.14,2684523379.2,9424560000,33.3924,
002191.SZ,劲嘉股份,2009-09-23,5.7244,5.8182,5.5876,5.6462,9827102,5.3738,2642463408,9276900000,32.8692,
002191.SZ,劲嘉股份,2009-09-24,5.615,5.7205,5.2868,5.5173,12147370,6.6426,2582116492.8,9065040000,32.1186,
002191.SZ,劲嘉股份,2009-09-25,5.4509,5.7517,5.3532,5.7127,7146527,3.908,2673551212.8,9386040000,33.2559,
002191.SZ,劲嘉股份,2009-09-28,5.7869,6.2597,5.7869,5.9588,17118343,9.361,2788758960,9790500000,34.689,
002191.SZ,劲嘉股份,2009-09-29,5.9393,6.037,5.3649,5.3688,9570739,5.2336,2512626105.6,8821080000,31.2542,
002191.SZ,劲嘉股份,2009-09-30,5.4274,5.5603,5.361,5.5329,5486574,3.0003,2589431270.4,9090720000,32.2096,
002191.SZ,劲嘉股份,2009-10-09,5.5915,6.0878,5.5329,6.0878,10207104,5.5816,2849105875.2,10002360000,35.4396,
002191.SZ,劲嘉股份,2009-10-12,6.1308,6.1738,5.9198,5.9862,7821553,4.2771,2801559820.8,9835440000,34.8482,
002191.SZ,劲嘉股份,2009-10-13,5.9706,6.0643,5.8651,6.0175,6287823,3.4384,2816189376,9886800000,35.0302,
002191.SZ,劲嘉股份,2009-10-14,6.0722,6.3222,6.0565,6.08,7509808,4.1067,2845448486.4,9989520000,35.3941,
002191.SZ,劲嘉股份,2009-10-15,6.0956,6.162,5.8533,5.9745,6605459,3.6121,2796073737.6,9816180000,34.78,
002191.SZ,劲嘉股份,2009-10-16,5.9627,6.1269,5.8612,6.1269,5281089,2.8879,2867392819.2,10066560000,35.6671,
002191.SZ,劲嘉股份,2009-10-19,6.1308,6.2441,6.0761,6.1698,7295668,3.9896,2887508457.6,10137180000,35.9173,
002191.SZ,劲嘉股份,2009-10-20,6.2519,6.2519,5.9784,6.0175,9537688,5.2156,2816189376,9886800000,35.0302,
002191.SZ,劲嘉股份,2009-10-21,6.0214,6.0995,5.8963,5.9393,8887317,4.8599,2779615488,9758400000,34.5752,
002191.SZ,劲嘉股份,2009-10-22,5.9276,6.0096,5.8612,5.9784,6208229,3.3949,2797902432,9822600000,34.8027,
002191.SZ,劲嘉股份,2009-10-23,5.9667,6.0292,5.8612,5.9784,11597763,6.3421,2797902432,9822600000,34.8027,
002191.SZ,劲嘉股份,2009-10-26,5.9354,6.0096,5.7674,5.8612,8247799,4.5102,2743041600,9630000000,34.1203,
002191.SZ,劲嘉股份,2009-10-27,5.8299,5.9002,5.7752,5.7752,4522452,2.473,2702810323.2,9488760000,33.6199,
002191.SZ,劲嘉股份,2009-10-28,5.8377,6.1738,5.8221,6.123,16544112,9.047,2865564124.8,10060140000,35.6443,
002191.SZ,劲嘉股份,2009-10-29,6.0878,6.2793,5.9706,6.2714,16839174,9.2083,2935054512,10304100000,36.5662,
002191.SZ,劲嘉股份,2009-10-30,6.3535,6.7521,6.2714,6.3183,19443239,10.6323,2956998844.8,10381140000,36.8396,
002191.SZ,劲嘉股份,2009-11-02,6.123,6.6192,5.9588,6.5059,17828558,9.7493,3044776176,10689300000,37.9332,
002191.SZ,劲嘉股份,2009-11-03,6.4082,6.6973,6.291,6.5684,19633300,10.7362,3074035286.4,10792020000,38.2977,
002191.SZ,劲嘉股份,2009-11-04,6.5684,6.5684,6.5684,6.5684,--,--,3074035286.4,10792020000,38.2977,
002191.SZ,劲嘉股份,2009-11-05,6.5684,6.5684,6.5684,6.5684,--,--,3074035286.4,10792020000,38.2977,
002191.SZ,劲嘉股份,2009-11-06,6.1738,6.4316,6.0956,6.3105,35836024,19.5965,2953341456,10368300000,36.7941,
002191.SZ,劲嘉股份,2009-11-09,6.205,6.2519,6.0917,6.1698,14544904,7.9537,2887508457.6,10137180000,35.9739,
002191.SZ,劲嘉股份,2009-11-10,6.1894,6.2363,6.0878,6.1347,10048902,5.4951,2871050208,10079400000,35.7688,
002191.SZ,劲嘉股份,2009-11-11,6.1151,6.1581,5.9784,6.037,10934155,5.9792,2825332848,9918900000,35.1993,
002191.SZ,劲嘉股份,2009-11-12,6.0682,6.1503,6.0175,6.0917,10129299,5.5391,2850934569.6,10008780000,35.5182,
002191.SZ,劲嘉股份,2009-11-13,6.0878,6.2519,6.0565,6.2441,11153503,6.0992,2922253651.2,10259160000,36.4068,
002191.SZ,劲嘉股份,2009-11-16,6.2871,6.3183,6.1933,6.2949,15056478,8.2335,2946026678.4,10342620000,36.7029,
002191.SZ,劲嘉股份,2009-11-17,6.3222,6.3222,6.1034,6.1425,15994567,8.7464,2874707596.8,10092240000,35.8144,
002191.SZ,劲嘉股份,2009-11-18,6.1503,6.1738,6.0878,6.1698,8208117,4.4885,2887508457.6,10137180000,35.9739,
002191.SZ,劲嘉股份,2009-11-19,6.1738,6.33,6.1738,6.3066,14684139,8.0298,2951512761.6,10361880000,36.7713,
002191.SZ,劲嘉股份,2009-11-20,6.2636,6.3105,6.1933,6.2167,10986751,6.008,2909452790.4,10214220000,36.2473,
002191.SZ,劲嘉股份,2009-11-23,6.2167,6.3027,6.1542,6.2988,12269587,6.7095,2947855372.8,10349040000,36.7257,
002191.SZ,劲嘉股份,2009-11-24,6.3105,6.3222,5.8612,5.9354,16099461,8.8038,2777786793.6,9751980000,34.6069,
002191.SZ,劲嘉股份,2009-11-25,5.8846,6.0526,5.8572,6.0292,9336260,5.1054,2821675459.2,9906060000,35.1537,
002191.SZ,劲嘉股份,2009-11-26,6.0057,6.0487,5.5876,5.6384,11592267,6.3391,2638806019.2,9264060000,32.8754,
002191.SZ,劲嘉股份,2009-11-27,5.5486,5.6853,5.4704,5.5134,6591133,3.6043,2580287798.4,9058620000,32.1464,
002191.SZ,劲嘉股份,2009-11-30,5.5407,5.7166,5.5329,5.6931,6061442,3.3146,2664407740.8,9353940000,33.1944,
002191.SZ,劲嘉股份,2009-12-01,5.7244,5.8612,5.6658,5.826,6177692,3.3782,2726583350.4,9572220000,33.969,
002191.SZ,劲嘉股份,2009-12-02,5.8572,5.9393,5.8025,5.826,6693440,3.6602,2726583350.4,9572220000,33.969,
002191.SZ,劲嘉股份,2009-12-03,5.8338,5.9276,5.7752,5.8612,6739308,3.6853,2743041600,9630000000,34.1741,
002191.SZ,劲嘉股份,2009-12-04,5.8651,5.8807,5.5876,5.6423,7976902,4.3621,2640634713.6,9270480000,32.8982,
002191.SZ,劲嘉股份,2009-12-07,5.6423,5.7361,5.6267,5.7205,4097979,2.2409,2677208601.6,9398880000,33.3539,
002191.SZ,劲嘉股份,2009-12-08,5.7244,5.8494,5.7127,5.8025,5336603,2.9183,2715611184,9533700000,33.8323,
002191.SZ,劲嘉股份,2009-12-09,5.783,5.8065,5.5915,5.7439,4413215,2.4133,2688180768,9437400000,33.4906,
002191.SZ,劲嘉股份,2009-12-10,5.7361,5.7791,5.6853,5.7478,3176090,1.7368,2690009462.4,9443820000,33.5134,
002191.SZ,劲嘉股份,2009-12-11,5.7752,5.7947,5.7088,5.7244,3788190,2.0715,2679037296,9405300000,33.3767,
002191.SZ,劲嘉股份,2009-12-14,5.697,5.7049,5.4821,5.5681,4183585,2.2877,2605889520,9148500000,32.4654,
002191.SZ,劲嘉股份,2009-12-15,5.6423,5.6423,5.5251,5.5486,3782194,2.0682,2596746048,9116400000,32.3514,
002191.SZ,劲嘉股份,2009-12-16,5.5486,5.5837,5.5095,5.5407,2785062,1.523,2593088659.2,9103560000,32.3059,
002191.SZ,劲嘉股份,2009-12-17,5.5407,5.5798,5.2946,5.3141,5046753,2.7598,2487024384,8731200000,30.9845,
002191.SZ,劲嘉股份,2009-12-18,5.3297,5.3532,5.1852,5.2125,3199518,1.7496,2439478329.6,8564280000,30.3921,
002191.SZ,劲嘉股份,2009-12-21,5.2047,5.3415,5.2047,5.3415,2080411,1.1376,2499825244.8,8776140000,31.144,
002191.SZ,劲嘉股份,2009-12-22,5.3727,5.5095,5.3141,5.3454,4327195,2.3663,2501653939.2,8782560000,31.1667,
002191.SZ,劲嘉股份,2009-12-23,5.4001,5.4431,5.3258,5.4392,2637203,1.4421,2545542604.8,8936640000,31.7135,
002191.SZ,劲嘉股份,2009-12-24,5.4548,5.572,5.447,5.5329,4636824,2.5356,2589431270.4,9090720000,32.2603,
002191.SZ,劲嘉股份,2009-12-25,5.5368,5.5642,5.5095,5.5173,3183077,1.7406,2582116492.8,9065040000,32.1692,
002191.SZ,劲嘉股份,2009-12-28,5.5251,5.5798,5.486,5.529,4298292,2.3505,2587602576,9084300000,32.2375,
002191.SZ,劲嘉股份,2009-12-29,5.5486,5.5525,5.3962,5.486,4118981,2.2524,2567486937.6,9013680000,31.9869,
002191.SZ,劲嘉股份,2009-12-30,5.4704,5.5056,5.4118,5.4431,3403663,1.8613,2547371299.2,8943060000,31.7363,
002191.SZ,劲嘉股份,2009-12-31,5.4704,5.6775,5.4352,5.6423,7313729,3.9994,2640634713.6,9270480000,32.8982,
002191.SZ,劲嘉股份,2010-01-04,5.701,5.7517,5.6306,5.6345,5002400,2.7355,2636977324.8,9257640000,32.8527,
002191.SZ,劲嘉股份,2010-01-05,5.6306,5.697,5.5564,5.6658,3821908,2.09,2651606880,9309000000,33.0349,
002191.SZ,劲嘉股份,2010-01-06,5.6853,5.8065,5.6658,5.6658,6636654,3.6292,2651606880,9309000000,33.0349,
002191.SZ,劲嘉股份,2010-01-07,5.6541,5.7869,5.6462,5.7049,7015910,3.8366,2669893824,9373200000,33.2627,
002191.SZ,劲嘉股份,2010-01-08,5.7049,5.7283,5.5329,5.6267,3226805,1.7645,2633319936,9244800000,32.8071,
002191.SZ,劲嘉股份,2010-01-11,5.6228,5.6658,5.3844,5.5212,5823896,3.1847,2583945187.2,9071460000,32.192,
002191.SZ,劲嘉股份,2010-01-12,5.5329,5.6853,5.361,5.6736,5088859,2.7828,2655264268.8,9321840000,33.0805,
002191.SZ,劲嘉股份,2010-01-13,5.5407,5.7361,5.5134,5.6306,4554286,2.4905,2635148630.4,9251220000,32.8299,
002191.SZ,劲嘉股份,2010-01-14,5.6267,5.8416,5.6267,5.8416,8883565,4.8579,2733898128,9597900000,34.0601,
002191.SZ,劲嘉股份,2010-01-15,5.8572,5.8807,5.7596,5.783,4997831,2.733,2706467712,9501600000,33.7184,
002191.SZ,劲嘉股份,2010-01-18,5.7869,5.9979,5.7596,5.9745,8336327,4.5586,2796073737.6,9816180000,34.8348,
002191.SZ,劲嘉股份,2010-01-19,5.9784,6.0292,5.8612,5.9432,5551914,3.036,2781444182.4,9764820000,34.6525,
002191.SZ,劲嘉股份,2010-01-20,5.9315,6.0135,5.6072,5.6658,6569543,3.5925,2651606880,9309000000,33.0349,
002191.SZ,劲嘉股份,2010-01-21,5.6345,5.9002,5.6345,5.7791,5766221,3.1532,2704639017.6,9495180000,33.6956,
002191.SZ,劲嘉股份,2010-01-22,5.6853,5.7713,5.4157,5.5876,4592417,2.5113,2615032992,9180600000,32.5793,
002191.SZ,劲嘉股份,2010-01-25,5.5876,5.5876,5.4704,5.4782,2640763,1.4441,2563829548.8,9000840000,31.9414,
002191.SZ,劲嘉股份,2010-01-26,5.4704,5.5095,5.1578,5.1969,3945108,2.1573,2432163552,8538600000,30.301,
002191.SZ,劲嘉股份,2010-01-27,5.2282,5.2282,5.0601,5.0797,2210776,1.2089,2377302720,8346000000,29.6175,
002191.SZ,劲嘉股份,2010-01-28,5.0875,5.1891,5.0797,5.15,1534248,0.839,2410219219.2,8461560000,30.0276,
002191.SZ,劲嘉股份,2010-01-29,5.1226,5.2672,5.1031,5.1734,1667747,0.912,2421191385.6,8500080000,30.1643,
002191.SZ,劲嘉股份,2010-02-01,5.1578,5.2164,5.0601,5.2047,2449404,1.3394,2435820940.8,8551440000,30.3466,
002191.SZ,劲嘉股份,2010-02-02,5.2086,5.3571,5.2086,5.236,2800916,1.5316,2450450496,8602800000,30.5288,
002191.SZ,劲嘉股份,2010-02-03,5.1813,5.275,4.982,5.2438,3906670,2.1363,2454107884.8,8615640000,30.5744,
002191.SZ,劲嘉股份,2010-02-04,5.1969,5.4392,5.0797,5.361,4191881,2.2923,2508968716.8,8808240000,31.2579,
002191.SZ,劲嘉股份,2010-02-05,5.2516,5.4118,5.2047,5.2789,2572213,1.4066,2470566134.4,8673420000,30.7794,
002191.SZ,劲嘉股份,2010-02-08,5.2438,5.404,5.2399,5.3454,1982395,1.084,2501653939.2,8782560000,31.1667,
002191.SZ,劲嘉股份,2010-02-09,5.3493,5.3962,5.2829,5.3141,1374167,0.7514,2487024384,8731200000,30.9845,
002191.SZ,劲嘉股份,2010-02-10,5.3219,5.4001,5.275,5.3805,1463774,0.8004,2518112188.8,8840340000,31.3718,
002191.SZ,劲嘉股份,2010-02-11,5.3454,5.3884,5.3219,5.3258,958201,0.524,2492510467.2,8750460000,31.0528,
002191.SZ,劲嘉股份,2010-02-12,5.3102,5.3454,5.1734,5.3454,5479345,2.9963,2501653939.2,8782560000,31.1667,
002191.SZ,劲嘉股份,2010-02-22,5.3337,5.3766,5.275,5.2907,2655013,1.4519,2476052217.6,8692680000,30.8478,
002191.SZ,劲嘉股份,2010-02-23,5.2907,5.3727,5.1813,5.3727,2659445,1.4543,2514454800,8827500000,31.3262,
002191.SZ,劲嘉股份,2010-02-24,5.3844,5.5251,5.3376,5.5212,3498763,1.9133,2583945187.2,9071460000,32.192,
002191.SZ,劲嘉股份,2010-02-25,5.5095,5.5642,5.447,5.5095,5106338,2.7923,2578459104,9052200000,32.1236,
002191.SZ,劲嘉股份,2010-02-26,5.5212,6.0526,5.5173,6.037,15001594,8.2034,2825332848,9918900000,30.4318,
002191.SZ,劲嘉股份,2010-03-01,6.0253,6.0253,5.8807,5.9198,10107573,5.5272,2770472016,9726300000,29.8409,
002191.SZ,劲嘉股份,2010-03-02,5.9198,5.9784,5.8533,5.9159,8928243,4.8823,2768643321.6,9719880000,29.8212,
002191.SZ,劲嘉股份,2010-03-03,5.9002,5.951,5.8299,5.9198,7631973,4.1735,2770472016,9726300000,29.8409,
002191.SZ,劲嘉股份,2010-03-04,5.9002,5.9237,5.5994,5.6541,7950253,4.3475,2646120796.8,9289740000,28.5015,
002191.SZ,劲嘉股份,2010-03-05,5.6541,5.7322,5.5798,5.6619,3198850,1.7493,2649778185.6,9302580000,28.5409,
002191.SZ,劲嘉股份,2010-03-08,5.7049,5.7674,5.6072,5.701,3300107,1.8046,2668065129.6,9366780000,28.7379,
002191.SZ,劲嘉股份,2010-03-09,5.6853,5.7361,5.6111,5.6658,3191605,1.7453,2651606880,9309000000,28.5606,
002191.SZ,劲嘉股份,2010-03-10,5.6619,5.8299,5.6345,5.6736,3252960,1.7788,2655264268.8,9321840000,28.6,
002191.SZ,劲嘉股份,2010-03-11,5.6697,5.7049,5.5095,5.5642,3005396,1.6435,2604060825.6,9142080000,28.0485,
002191.SZ,劲嘉股份,2010-03-12,5.5642,5.5837,5.4431,5.4665,2953040,1.6148,2558343465.6,8981580000,27.5561,
002191.SZ,劲嘉股份,2010-03-15,5.4587,5.4782,5.3532,5.4509,2266374,1.2393,2551028688,8955900000,27.4773,
002191.SZ,劲嘉股份,2010-03-16,5.3923,5.5173,5.3923,5.4978,1476893,0.8076,2572973020.8,9032940000,27.7136,
002191.SZ,劲嘉股份,2010-03-17,5.529,5.5994,5.486,5.5876,3329215,1.8205,2615032992,9180600000,28.1667,
002191.SZ,劲嘉股份,2010-03-18,5.5876,5.658,5.5876,5.6306,2530976,1.384,2635148630.4,9251220000,28.3833,
002191.SZ,劲嘉股份,2010-03-19,5.6384,5.6541,5.5564,5.6189,2419969,1.3233,2629662547.2,9231960000,28.3242,
002191.SZ,劲嘉股份,2010-03-22,5.6189,5.658,5.529,5.5915,2593077,1.418,2616861686.4,9187020000,28.1864,
002191.SZ,劲嘉股份,2010-03-23,5.6072,5.6931,5.5759,5.6853,4191245,2.2919,2660750352,9341100000,28.6591,
002191.SZ,劲嘉股份,2010-03-24,5.6892,5.7127,5.6502,5.6892,3551865,1.9423,2662579046.4,9347520000,28.6788,
002191.SZ,劲嘉股份,2010-03-25,5.6931,5.7635,5.5915,5.7088,4988639,2.728,2671722518.4,9379620000,28.7773,
002191.SZ,劲嘉股份,2010-03-26,5.7361,5.8025,5.6736,5.7791,4359391,2.3839,2704639017.6,9495180000,29.1318,
002191.SZ,劲嘉股份,2010-03-29,5.7791,5.8221,5.6853,5.7322,3736796,2.0434,2682694684.8,9418140000,28.8955,
002191.SZ,劲嘉股份,2010-03-30,5.7127,5.7283,5.6384,5.6541,4018809,2.1976,2646120796.8,9289740000,28.5015,
002191.SZ,劲嘉股份,2010-03-31,5.6541,5.7596,5.6306,5.7478,3191917,1.7455,2690009462.4,9443820000,28.9742,
002191.SZ,劲嘉股份,2010-04-01,5.7244,5.7986,5.697,5.7596,4004121,2.1896,2695495545.6,9463080000,29.0333,
002191.SZ,劲嘉股份,2010-04-02,5.7478,5.7752,5.7088,5.7205,3175819,1.7367,2677208601.6,9398880000,28.8364,
002191.SZ,劲嘉股份,2010-04-06,5.7283,5.8143,5.7283,5.7596,3536542,1.9339,2695495545.6,9463080000,29.0333,
002191.SZ,劲嘉股份,2010-04-07,5.7596,5.8807,5.7557,5.8729,6764325,3.699,2748527683.2,9649260000,29.6045,
002191.SZ,劲嘉股份,2010-04-08,5.8612,5.8612,5.7166,5.7478,4516097,2.4696,2690009462.4,9443820000,28.9742,
002191.SZ,劲嘉股份,2010-04-09,5.7439,5.8885,5.7244,5.8768,5418536,2.9631,2750356377.6,9655680000,29.6242,
002191.SZ,劲嘉股份,2010-04-12,5.8768,5.9667,5.8104,5.9627,7727926,4.2259,2790587654.4,9796920000,29.9532,
002191.SZ,劲嘉股份,2010-04-13,5.9627,5.9823,5.5954,5.7361,8265731,4.52,2684523379.2,9424560000,28.8147,
002191.SZ,劲嘉股份,2010-04-14,5.7752,5.8025,5.658,5.7049,5185162,2.8354,2669893824,9373200000,28.6577,
002191.SZ,劲嘉股份,2010-04-15,5.7049,5.7557,5.6189,5.6189,3837011,2.0982,2629662547.2,9231960000,28.2258,
002191.SZ,劲嘉股份,2010-04-16,5.6384,5.7986,5.6384,5.7674,4737215,2.5905,2699152934.4,9475920000,28.9717,
002191.SZ,劲嘉股份,2010-04-19,5.7439,5.7439,5.4313,5.4392,4600291,2.5156,2545542604.8,8936640000,27.3229,
002191.SZ,劲嘉股份,2010-04-20,5.4352,5.529,5.3727,5.5212,2567151,1.4038,2583945187.2,9071460000,27.7351,
002191.SZ,劲嘉股份,2010-04-21,5.529,5.6189,5.4821,5.5954,3142937,1.7187,2618690380.8,9193440000,28.1081,
002191.SZ,劲嘉股份,2010-04-22,5.5876,5.6267,5.5095,5.6033,3128051,1.7105,2622347769.6,9206280000,28.1473,
002191.SZ,劲嘉股份,2010-04-23,5.6072,5.6736,5.5173,5.5212,2610955,1.4278,2583945187.2,9071460000,27.7351,
002191.SZ,劲嘉股份,2010-04-26,5.5564,5.6619,5.5173,5.5642,1958373,1.0709,2604060825.6,9142080000,26.2027,
002191.SZ,劲嘉股份,2010-04-27,5.6072,5.8025,5.5681,5.7244,12860552,7.0326,2679037296,9405300000,26.9571,
002191.SZ,劲嘉股份,2010-04-28,5.6267,5.9588,5.5954,5.9393,16894896,9.2388,2779615488,9758400000,27.9691,
002191.SZ,劲嘉股份,2010-04-29,5.9354,6.0565,5.8104,5.9823,21402194,11.7035,2799731126.4,9829020000,28.1715,
002191.SZ,劲嘉股份,2010-04-30,5.9198,5.9627,5.658,5.7947,9162120,5.0102,2711953795.2,9520860000,27.2883,
002191.SZ,劲嘉股份,2010-05-04,5.7049,6.0995,5.6306,5.9784,16509827,9.0282,2797902432,9822600000,28.1531,
002191.SZ,劲嘉股份,2010-05-05,5.9041,6.1777,5.9002,6.1425,19941109,10.9046,2874707596.8,10092240000,28.926,
002191.SZ,劲嘉股份,2010-05-06,6.0878,6.1425,5.8221,5.9237,13027058,7.1237,2772300710.4,9732720000,27.8955,
002191.SZ,劲嘉股份,2010-05-07,5.7439,6.0175,5.6697,5.7674,8340845,4.5611,2699152934.4,9475920000,27.1595,
002191.SZ,劲嘉股份,2010-05-10,5.8572,5.8572,5.1891,5.1891,12492991,6.8316,2428506163.2,8525760000,24.4362,
002191.SZ,劲嘉股份,2010-05-11,5.1969,5.2516,4.7046,4.7671,11077028,6.0573,2231007168,7832400000,22.4489,
002191.SZ,劲嘉股份,2010-05-12,4.6889,4.8648,4.6108,4.685,4547380,2.4867,2192604585.6,7697580000,22.0625,
002191.SZ,劲嘉股份,2010-05-13,4.7475,4.8179,4.5326,4.8101,4868827,2.6625,2251122806.4,7903020000,22.6513,
002191.SZ,劲嘉股份,2010-05-14,4.7593,4.8491,4.7085,4.7671,4347284,2.3773,2231007168,7832400000,22.4489,
002191.SZ,劲嘉股份,2010-05-17,4.6889,4.6928,4.3802,4.3802,4958635,2.7116,2049966422.4,7196820000,20.6272,
002191.SZ,劲嘉股份,2010-05-18,4.3724,4.4467,4.2708,4.4232,4138617,2.2632,2070082060.8,7267440000,20.8296,
002191.SZ,劲嘉股份,2010-05-19,4.3881,4.4896,4.3568,4.4271,3239812,1.7717,2071910755.2,7273860000,20.848,
002191.SZ,劲嘉股份,2010-05-20,4.3841,4.4779,4.2982,4.3021,3005304,1.6434,2013392534.4,7068420000,20.2592,
002191.SZ,劲嘉股份,2010-05-21,4.1458,4.3763,4.1106,4.3763,3293114,1.8008,2048137728,7190400000,20.6088,
002191.SZ,劲嘉股份,2010-05-24,4.4232,4.5991,4.4154,4.5717,5757503,3.1484,2139572448,7511400000,21.5289,
002191.SZ,劲嘉股份,2010-05-25,4.5287,4.6342,4.5014,4.5522,4283884,2.3426,2130428976,7479300000,21.4369,
002191.SZ,劲嘉股份,2010-05-26,4.5404,4.5873,4.4545,4.5326,2681522,1.4664,2121285504,7447200000,21.3449,
002191.SZ,劲嘉股份,2010-05-27,4.4936,4.6069,4.3881,4.5873,3524826,1.9275,2146887225.6,7537080000,21.6025,
002191.SZ,劲嘉股份,2010-05-28,4.6303,4.728,4.6069,4.6616,4897213,2.678,2181632419.2,7659060000,21.9521,
002191.SZ,劲嘉股份,2010-05-31,4.642,4.6577,4.4545,4.4545,3051206,1.6685,2084711616,7318800000,20.9768,
002191.SZ,劲嘉股份,2010-06-01,4.4154,4.4857,4.2904,4.3451,2385411,1.3044,2033508172.8,7139040000,20.4616,
002191.SZ,劲嘉股份,2010-06-02,4.3451,4.4232,4.2982,4.4154,1747208,0.9554,2066424672,7254600000,20.7928,
002191.SZ,劲嘉股份,2010-06-03,4.4584,4.4779,4.349,4.349,2741526,1.4992,2035336867.2,7145460000,20.48,
002191.SZ,劲嘉股份,2010-06-04,4.349,4.4076,4.3216,4.3959,1447456,0.7915,2057281200,7222500000,20.7008,
002191.SZ,劲嘉股份,2010-06-07,4.2982,4.3568,4.22,4.3099,3522999,1.9265,2017049923.2,7081260000,20.296,
002191.SZ,劲嘉股份,2010-06-08,4.3177,4.3763,4.2982,4.3646,2860820,1.5644,2042651644.8,7171140000,20.5536,
002191.SZ,劲嘉股份,2010-06-09,4.3802,4.56,4.3802,4.5443,4812562,2.6317,2126771587.2,7466460000,21.4001,
002191.SZ,劲嘉股份,2010-06-10,4.5248,4.603,4.4623,4.5678,5155732,2.8194,2137743753.6,7504980000,21.5105,
002191.SZ,劲嘉股份,2010-06-11,4.5639,4.642,4.5522,4.6069,4236708,2.3168,2156030697.6,7569180000,21.6945,
002191.SZ,劲嘉股份,2010-06-17,4.6498,4.6538,4.4896,4.4936,3687916,2.0167,2102998560,7383000000,21.1609,
002191.SZ,劲嘉股份,2010-06-18,4.4857,4.5248,4.22,4.2786,4216342,2.3057,2002420368,7029900000,20.1488,
002191.SZ,劲嘉股份,2010-06-21,4.2708,4.4115,4.2396,4.3881,3606909,1.9724,2053623811.2,7209660000,20.664,
002191.SZ,劲嘉股份,2010-06-22,4.3881,4.3881,4.3881,4.3881,--,--,2053623811.2,7209660000,20.664,
002191.SZ,劲嘉股份,2010-06-23,4.3763,4.4232,4.2122,4.2747,6284981,3.4369,2000591673.6,7023480000,20.1304,
002191.SZ,劲嘉股份,2010-06-24,4.2747,4.3099,4.2161,4.2513,4132161,2.2596,1989619507.2,6984960000,20.02,
002191.SZ,劲嘉股份,2010-06-25,4.2591,4.2591,3.9074,3.9739,9724789,5.3179,1859782204.8,6529140000,18.7136,
002191.SZ,劲嘉股份,2010-06-28,3.9465,3.9778,3.7238,3.8605,8541040,4.6706,1806750067.2,6342960000,18.1799,
002191.SZ,劲嘉股份,2010-06-29,3.8488,3.8879,3.7433,3.7824,5414195,2.9607,1770176179.2,6214560000,17.8119,
002191.SZ,劲嘉股份,2010-06-30,3.7511,3.8293,3.7121,3.8137,4116812,2.2512,1784805734.4,6265920000,17.9591,
002191.SZ,劲嘉股份,2010-07-01,3.8098,3.8566,3.7707,3.8371,3408889,1.8641,1795777900.8,6304440000,18.0695,
002191.SZ,劲嘉股份,2010-07-02,3.841,3.8996,3.7043,3.8566,5870923,3.2104,1804921372.8,6336540000,18.1615,
002191.SZ,劲嘉股份,2010-07-05,3.7833,3.7833,3.6164,3.706,3890508,2.1275,1664111904,5842200000,16.7447,
002191.SZ,劲嘉股份,2010-07-06,3.71,3.7833,3.6693,3.7833,3687999,2.0167,1698857097.6,5964180000,17.0943,
002191.SZ,劲嘉股份,2010-07-07,3.7915,3.7996,3.706,3.7793,2577686,1.4096,1697028403.2,5957760000,17.0759,
002191.SZ,劲嘉股份,2010-07-08,3.8037,3.8281,3.7467,3.8281,3783113,2.0688,1718972736,6034800000,17.2967,
002191.SZ,劲嘉股份,2010-07-09,3.8485,3.9422,3.7711,3.9014,7268037,3.9744,1751889235.2,6150360000,17.6279,
002191.SZ,劲嘉股份,2010-07-12,3.8607,3.991,3.8444,3.9625,6716251,3.6727,1779319651.2,6246660000,17.9039,
002191.SZ,劲嘉股份,2010-07-13,3.9137,3.9259,3.7996,3.8159,4343561,2.3752,1713486652.8,6015540000,17.2415,
002191.SZ,劲嘉股份,2010-07-14,3.82,3.9055,3.82,3.8485,3222455,1.7622,1728116208,6066900000,17.3887,
002191.SZ,劲嘉股份,2010-07-15,3.8444,3.877,3.7141,3.7182,3304498,1.807,1669597987.2,5861460000,16.7999,
002191.SZ,劲嘉股份,2010-07-16,3.7141,3.7589,3.6652,3.7426,2095355,1.1458,1680570153.6,5899980000,16.9103,
002191.SZ,劲嘉股份,2010-07-19,3.6978,3.8485,3.6897,3.8241,3771789,2.0626,1717144041.6,6028380000,17.2783,
002191.SZ,劲嘉股份,2010-07-20,3.8322,4.0236,3.8037,4.0073,9058951,4.9538,1799435289.6,6317280000,18.1063,
002191.SZ,劲嘉股份,2010-07-21,3.9992,4.0236,3.9299,3.9666,8899679,4.8667,1781148345.6,6253080000,17.9223,
002191.SZ,劲嘉股份,2010-07-22,3.9666,4.0928,3.9299,4.0928,8819697,4.8229,1837837872,6452100000,18.4927,
002191.SZ,劲嘉股份,2010-07-23,4.0766,4.0969,4.0073,4.0928,7395018,4.0439,1837837872,6452100000,18.4927,
002191.SZ,劲嘉股份,2010-07-26,4.0969,4.1214,4.0399,4.0847,5710664,3.1228,1834180483.2,6439260000,18.4559,
002191.SZ,劲嘉股份,2010-07-27,3.9951,4.215,3.8689,4.1743,24328176,13.3036,1874411760,6580500000,18.8608,
002191.SZ,劲嘉股份,2010-07-28,4.0643,4.2395,4.0318,4.1947,19384824,10.6004,1883555232,6612600000,18.9528,
002191.SZ,劲嘉股份,2010-07-29,4.2028,4.2272,4.1336,4.1906,12018989,6.5724,1881726537.6,6606180000,18.9344,
002191.SZ,劲嘉股份,2010-07-30,4.2272,4.3576,4.1987,4.2557,13702173,7.4929,1910985648,6708900000,18.3716,
002191.SZ,劲嘉股份,2010-08-02,4.2354,4.3372,4.2109,4.3168,9517308,5.2044,1938416064,6805200000,18.6353,
002191.SZ,劲嘉股份,2010-08-03,4.329,4.3453,4.1906,4.1906,9489358,5.1891,1881726537.6,6606180000,18.0903,
002191.SZ,劲嘉股份,2010-08-04,4.1661,4.2069,4.0766,4.1865,7501781,4.1023,1879897843.2,6599760000,18.0728,
002191.SZ,劲嘉股份,2010-08-05,4.1743,4.215,4.1458,4.1824,6327636,3.4602,1878069148.8,6593340000,18.0552,
002191.SZ,劲嘉股份,2010-08-06,4.1824,4.2761,4.1132,4.268,8373481,4.5789,1916471731.2,6728160000,18.4244,
002191.SZ,劲嘉股份,2010-08-09,4.2843,4.606,4.2802,4.553,20805294,11.3771,2044480339.2,7177560000,19.655,
002191.SZ,劲嘉股份,2010-08-10,4.5205,4.5408,4.3372,4.3372,12267248,6.7082,1947559536,6837300000,18.7232,
002191.SZ,劲嘉股份,2010-08-11,4.325,4.4105,4.3209,4.4064,6161162,3.3692,1978647340.8,6946440000,19.0221,
002191.SZ,劲嘉股份,2010-08-12,4.3413,4.4227,4.2883,4.3087,5671996,3.1017,1934758675.2,6792360000,18.6002,
002191.SZ,劲嘉股份,2010-08-13,4.2761,4.4268,4.2435,4.4064,6648064,3.6354,1978647340.8,6946440000,19.0221,
002191.SZ,劲嘉股份,2010-08-16,4.4105,4.5001,4.3779,4.4634,7707584,4.2148,2004249062.4,7036320000,19.2682,
002191.SZ,劲嘉股份,2010-08-17,4.4634,4.5205,4.3983,4.4757,8288144,4.5323,2009735145.6,7055580000,19.321,
002191.SZ,劲嘉股份,2010-08-18,4.4757,4.5042,4.3738,4.4146,8569666,4.6862,1982304729.6,6959280000,19.0573,
002191.SZ,劲嘉股份,2010-08-19,4.4105,4.4553,4.3494,4.382,7751470,4.2388,1967675174.4,6907920000,18.9166,
002191.SZ,劲嘉股份,2010-08-20,4.3576,4.3779,4.2517,4.2557,6628023,3.6245,1910985648,6708900000,18.3716,
002191.SZ,劲嘉股份,2010-08-23,4.2476,4.3494,4.2435,4.3087,3846403,2.1034,1934758675.2,6792360000,18.6002,
002191.SZ,劲嘉股份,2010-08-24,4.3168,4.4309,4.2802,4.382,5418301,2.9629,1967675174.4,6907920000,18.9166,
002191.SZ,劲嘉股份,2010-08-25,4.3413,4.382,4.2354,4.2435,4546563,2.4862,1905499564.8,6689640000,18.3189,
002191.SZ,劲嘉股份,2010-08-26,4.2598,4.3005,4.2191,4.2761,3258142,1.7817,1920129120,6741000000,18.4529,
002191.SZ,劲嘉股份,2010-08-27,4.2761,4.4797,4.2761,4.4186,12676712,6.9321,1984133424,6965700000,19.068,
002191.SZ,劲嘉股份,2010-08-30,4.4675,4.553,4.4227,4.5367,14546245,7.9544,2037165561.6,7151880000,19.5777,
002191.SZ,劲嘉股份,2010-08-31,4.5123,4.5367,4.439,4.5082,9305092,5.0884,2024364700.8,7106940000,19.4546,
002191.SZ,劲嘉股份,2010-09-01,4.5327,4.6182,4.3657,4.5082,13154723,7.1935,2024364700.8,7106940000,19.4546,
002191.SZ,劲嘉股份,2010-09-02,4.5245,4.606,4.4797,4.5978,12451264,6.8088,2064595977.6,7248180000,19.8413,
002191.SZ,劲嘉股份,2010-09-03,4.6263,4.7648,4.5775,4.6996,16043835,8.7734,2110313337.6,7408680000,20.2806,
002191.SZ,劲嘉股份,2010-09-06,4.7159,4.7567,4.606,4.6548,10060007,5.5012,2090197699.2,7338060000,20.0873,
002191.SZ,劲嘉股份,2010-09-07,4.6467,4.72,4.606,4.6426,6627421,3.6241,2084711616,7318800000,20.0346,
002191.SZ,劲嘉股份,2010-09-08,4.6345,4.6345,4.5571,4.6223,6875058,3.7595,2075568144,7286700000,19.9467,
002191.SZ,劲嘉股份,2010-09-09,4.6141,4.6426,4.4716,4.5001,8590741,4.6977,2020707312,7094100000,19.4195,
002191.SZ,劲嘉股份,2010-09-10,4.5164,4.5571,4.4309,4.553,6071701,3.3202,2044480339.2,7177560000,19.648,
002191.SZ,劲嘉股份,2010-09-13,4.5612,4.6508,4.5123,4.6141,6844364,3.7428,2071910755.2,7273860000,19.9116,
002191.SZ,劲嘉股份,2010-09-14,4.6345,4.6915,4.5612,4.5856,7319773,4.0027,2059109894.4,7228920000,19.7886,
002191.SZ,劲嘉股份,2010-09-15,4.5856,4.7078,4.5815,4.6223,11847270,6.4785,2075568144,7286700000,19.9467,
002191.SZ,劲嘉股份,2010-09-16,4.6426,4.7485,4.5001,4.5408,13198782,7.2176,2038994256,7158300000,19.5952,
002191.SZ,劲嘉股份,2010-09-17,4.553,4.5775,4.3779,4.3861,7208379,3.9418,1969503868.8,6914340000,18.9274,
002191.SZ,劲嘉股份,2010-09-20,4.4105,4.4105,4.2639,4.2883,4006240,2.1908,1925615203.2,6760260000,18.5056,
002191.SZ,劲嘉股份,2010-09-21,4.3168,4.3413,4.272,4.3168,2128123,1.1637,1938416064,6805200000,18.6287,
002191.SZ,劲嘉股份,2010-09-27,4.3698,4.4105,4.3372,4.3983,2731529,1.4937,1974989952,6933600000,18.9801,
002191.SZ,劲嘉股份,2010-09-28,4.4064,4.4186,4.2843,4.325,3073048,1.6805,1942073452.8,6818040000,18.6638,
002191.SZ,劲嘉股份,2010-09-29,4.3209,4.3372,4.215,4.215,3549836,1.9412,1892698704,6644700000,18.1893,
002191.SZ,劲嘉股份,2010-09-30,4.1947,4.2965,4.1743,4.2802,2636993,1.442,1921957814.4,6747420000,18.4705,
002191.SZ,劲嘉股份,2010-10-08,4.3209,4.4349,4.3046,4.4146,3961348,2.1662,1982304729.6,6959280000,19.0504,
002191.SZ,劲嘉股份,2010-10-11,4.3983,4.5001,4.3901,4.4594,6786937,3.7114,2002420368,7029900000,19.2438,
002191.SZ,劲嘉股份,2010-10-12,4.439,4.5571,4.4024,4.5205,6483468,3.5454,2029850784,7126200000,19.5074,
002191.SZ,劲嘉股份,2010-10-13,4.5205,4.5205,4.5205,4.5205,--,--,2029850784,7126200000,19.5074,
002191.SZ,劲嘉股份,2010-10-14,4.549,4.5815,4.2761,4.2802,7909361,4.3251,1921957814.4,6747420000,18.4705,
002191.SZ,劲嘉股份,2010-10-15,4.2476,4.3901,4.2395,4.3738,5034836,2.7532,1964017785.6,6895080000,18.8747,
002191.SZ,劲嘉股份,2010-10-18,4.3657,4.3738,4.1621,4.2965,5645486,3.0872,1929272592,6773100000,18.5408,
002191.SZ,劲嘉股份,2010-10-19,4.3005,4.4675,4.2761,4.4553,5530853,3.0245,2000591673.6,7023480000,19.2262,
002191.SZ,劲嘉股份,2010-10-20,4.382,4.5653,4.3453,4.5408,8916924,4.8761,2038994256,7158300000,19.5952,
002191.SZ,劲嘉股份,2010-10-21,4.553,4.61,4.4716,4.5734,8946078,4.8921,2053623811.2,7209660000,19.7358,
002191.SZ,劲嘉股份,2010-10-22,4.5612,4.606,4.5327,4.5571,6528024,3.5698,2046309033.6,7183980000,19.6655,
002191.SZ,劲嘉股份,2010-10-25,4.5408,4.663,4.5367,4.6426,11472311,6.2735,2084711616,7318800000,19.917,
002191.SZ,劲嘉股份,2010-10-26,4.6793,4.6793,4.4838,4.5734,9962164,5.4477,2053623811.2,7209660000,19.62,
002191.SZ,劲嘉股份,2010-10-27,4.5571,4.61,4.496,4.5042,6524883,3.5681,2022536006.4,7100520000,19.323,
002191.SZ,劲嘉股份,2010-10-28,4.5082,4.6752,4.4879,4.6304,10154121,5.5527,2079225532.8,7299540000,19.8646,
002191.SZ,劲嘉股份,2010-10-29,4.6304,4.6548,4.5449,4.606,6408693,3.5045,2068253366.4,7261020000,19.7598,
002191.SZ,劲嘉股份,2010-11-01,4.6386,4.8137,4.5938,4.8015,16383501,8.9591,2156030697.6,7569180000,20.5984,
002191.SZ,劲嘉股份,2010-11-02,4.8177,4.8544,4.6834,4.6874,15188716,8.3058,2104827254.4,7389420000,20.1092,
002191.SZ,劲嘉股份,2010-11-03,4.6752,4.7485,4.6345,4.6386,7987918,4.3681,2082882921.6,7312380000,19.8995,
002191.SZ,劲嘉股份,2010-11-04,4.6386,4.7567,4.6141,4.7404,9632121,5.2672,2128600281.6,7472880000,20.3363,
002191.SZ,劲嘉股份,2010-11-05,4.7567,4.7892,4.6915,4.777,9395573,5.1379,2145058531.2,7530660000,20.4936,
002191.SZ,劲嘉股份,2010-11-08,4.7892,4.8829,4.7689,4.8503,11090902,6.0649,2177975030.4,7646220000,20.808,
002191.SZ,劲嘉股份,2010-11-09,4.8544,4.9277,4.8055,4.8544,9036672,4.9416,2179803724.8,7652640000,20.8255,
002191.SZ,劲嘉股份,2010-11-10,4.8463,4.9888,4.8137,4.9644,10616310,5.8054,2229178473.6,7825980000,21.2972,
002191.SZ,劲嘉股份,2010-11-11,4.9196,5.0377,4.8177,4.8259,11418053,6.2438,2167002864,7607700000,20.7032,
002191.SZ,劲嘉股份,2010-11-12,4.8137,4.8666,4.4879,4.5408,11202100,6.1257,2038994256,7158300000,19.4802,
002191.SZ,劲嘉股份,2010-11-15,4.5408,4.6304,4.4757,4.6182,5286334,2.8908,2073739449.6,7280280000,19.8122,
002191.SZ,劲嘉股份,2010-11-16,4.6141,4.6548,4.3983,4.4309,5703047,3.1186,1989619507.2,6984960000,19.0085,
002191.SZ,劲嘉股份,2010-11-17,4.4268,4.4757,4.3209,4.3372,3306438,1.8081,1947559536,6837300000,18.6067,
002191.SZ,劲嘉股份,2010-11-18,4.3698,4.4268,4.2843,4.3576,3637641,1.9892,1956703008,6869400000,18.694,
002191.SZ,劲嘉股份,2010-11-19,4.3698,4.4634,4.3372,4.4634,4202474,2.2981,2004249062.4,7036320000,19.1483,
002191.SZ,劲嘉股份,2010-11-22,4.4227,4.5164,4.3983,4.4594,4751484,2.5983,2002420368,7029900000,19.1308,
002191.SZ,劲嘉股份,2010-11-23,4.4553,4.4594,4.3087,4.3616,3894428,2.1296,1958531702.4,6875820000,18.7115,
002191.SZ,劲嘉股份,2010-11-24,4.325,4.4716,4.325,4.4716,2979134,1.6291,2007906451.2,7049160000,19.1832,
002191.SZ,劲嘉股份,2010-11-25,4.4919,4.5693,4.4634,4.549,4702187,2.5713,2042651644.8,7171140000,19.5152,
002191.SZ,劲嘉股份,2010-11-26,4.5205,4.5571,4.4431,4.4797,3744721,2.0478,2011563840,7062000000,19.2182,
002191.SZ,劲嘉股份,2010-11-29,4.4838,4.4919,4.4064,4.4797,3054043,1.6701,2011563840,7062000000,19.2182,
002191.SZ,劲嘉股份,2010-11-30,4.4512,4.549,4.329,4.4105,4921370,2.6912,1980476035.2,6952860000,18.9212,
002191.SZ,劲嘉股份,2010-12-01,4.4064,4.6793,4.3738,4.6345,8522410,4.6604,2081054227.2,7305960000,19.8821,
002191.SZ,劲嘉股份,2010-12-02,4.7037,4.7974,4.6019,4.6548,9666867,5.2862,2090197699.2,7338060000,19.9694,
002191.SZ,劲嘉股份,2010-12-03,4.6304,4.6304,4.4431,4.4757,5986250,3.2735,2009735145.6,7055580000,19.2007,
002191.SZ,劲嘉股份,2010-12-06,4.4757,4.5205,4.3453,4.3494,4598540,0.7163,6856560000,6856560000,18.6591,
002191.SZ,劲嘉股份,2010-12-07,4.3576,4.4349,4.3372,4.4146,2158133,0.3362,6959280000,6959280000,18.9386,
002191.SZ,劲嘉股份,2010-12-08,4.4349,4.4349,4.3494,4.3576,2390189,0.3723,6869400000,6869400000,18.694,
002191.SZ,劲嘉股份,2010-12-09,4.3616,4.3738,4.3046,4.3372,2446935,0.3811,6837300000,6837300000,18.6067,
002191.SZ,劲嘉股份,2010-12-10,4.3372,4.3576,4.2843,4.3413,1989731,0.3099,6843720000,6843720000,18.6242,
002191.SZ,劲嘉股份,2010-12-13,4.3413,4.4512,4.3331,4.4268,2695554,0.4199,6978540000,6978540000,18.991,
002191.SZ,劲嘉股份,2010-12-14,4.439,4.4716,4.3738,4.4472,4628948,0.721,7010640000,7010640000,19.0784,
002191.SZ,劲嘉股份,2010-12-15,4.4472,4.4919,4.4186,4.4634,3679947,0.5732,7036320000,7036320000,19.1483,
002191.SZ,劲嘉股份,2010-12-16,4.4431,4.549,4.4146,4.5245,4175111,0.6503,7132620000,7132620000,19.4103,
002191.SZ,劲嘉股份,2010-12-17,4.4838,4.6589,4.4838,4.6467,7206012,1.1224,7325220000,7325220000,19.9345,
002191.SZ,劲嘉股份,2010-12-20,4.6752,4.6752,4.3779,4.5164,4652412,0.7247,7119780000,7119780000,19.3754,
002191.SZ,劲嘉股份,2010-12-21,4.5164,4.6386,4.4879,4.6345,3582368,0.558,7305960000,7305960000,19.8821,
002191.SZ,劲嘉股份,2010-12-22,4.6345,4.6752,4.5815,4.663,4890836,0.7618,7350900000,7350900000,20.0044,
002191.SZ,劲嘉股份,2010-12-23,4.6426,4.7037,4.553,4.5856,3627746,0.5651,7228920000,7228920000,19.6724,
002191.SZ,劲嘉股份,2010-12-24,4.5205,4.6223,4.5205,4.5408,2356499,0.3671,7158300000,7158300000,19.4802,
002191.SZ,劲嘉股份,2010-12-27,4.5612,4.6019,4.3576,4.3616,3290774,0.5126,6875820000,6875820000,18.7115,
002191.SZ,劲嘉股份,2010-12-28,4.3453,4.4797,4.1987,4.4349,4505575,0.7018,6991380000,6991380000,19.026,
002191.SZ,劲嘉股份,2010-12-29,4.4186,4.5164,4.4024,4.5164,1824636,0.2842,7119780000,7119780000,19.3754,
002191.SZ,劲嘉股份,2010-12-30,4.5082,4.5978,4.3983,4.5815,3193011,0.4974,7222500000,7222500000,19.6549,
002191.SZ,劲嘉股份,2010-12-31,4.5897,4.6386,4.5205,4.6345,3624252,0.5645,7305960000,7305960000,19.8821,
002191.SZ,劲嘉股份,2011-01-04,4.6345,4.6589,4.5775,4.6263,3736379,0.582,7293120000,7293120000,19.8471,
002191.SZ,劲嘉股份,2011-01-05,4.6019,4.6345,4.549,4.5612,2947044,0.459,7190400000,7190400000,19.5676,
002191.SZ,劲嘉股份,2011-01-06,4.5612,4.7322,4.5612,4.6671,7504670,1.169,7357320000,7357320000,20.0218,
002191.SZ,劲嘉股份,2011-01-07,4.6548,4.72,4.549,4.7159,6453755,1.0053,7434360000,7434360000,20.2315,
002191.SZ,劲嘉股份,2011-01-10,4.6874,4.6956,4.5856,4.5978,3752802,0.5845,7248180000,7248180000,19.7248,
002191.SZ,劲嘉股份,2011-01-11,4.5938,4.6304,4.4919,4.6141,2579622,0.4018,7273860000,7273860000,19.7947,
002191.SZ,劲嘉股份,2011-01-12,4.6223,4.7729,4.5815,4.7689,10329099,1.6089,7517820000,7517820000,20.4586,
002191.SZ,劲嘉股份,2011-01-13,4.7567,4.7648,4.663,4.7404,5557179,0.8656,7472880000,7472880000,20.3363,
002191.SZ,劲嘉股份,2011-01-14,4.7078,4.9318,4.5734,4.8463,7125154,1.1098,7639800000,7639800000,20.7906,
002191.SZ,劲嘉股份,2011-01-17,4.7852,4.7933,4.4227,4.4675,9984888,1.5553,7042740000,7042740000,19.1658,
002191.SZ,劲嘉股份,2011-01-18,4.4634,4.4634,4.2028,4.3046,5890838,0.9176,6785940000,6785940000,18.4669,
002191.SZ,劲嘉股份,2011-01-19,4.3087,4.3413,4.215,4.325,6535175,1.0179,6818040000,6818040000,18.5543,
002191.SZ,劲嘉股份,2011-01-20,4.3209,4.3535,4.0236,4.1743,5827252,0.9077,6580500000,6580500000,17.9078,
002191.SZ,劲嘉股份,2011-01-21,4.1661,4.3413,4.1051,4.2924,5315084,0.8279,6766680000,6766680000,18.4145,
002191.SZ,劲嘉股份,2011-01-24,4.2639,4.3128,4.1539,4.268,2865735,0.4464,6728160000,6728160000,18.3097,
002191.SZ,劲嘉股份,2011-01-25,4.2557,4.2883,4.1621,4.2517,2401069,0.374,6702480000,6702480000,18.2398,
002191.SZ,劲嘉股份,2011-01-26,4.2557,4.325,4.2191,4.2883,5602129,0.8726,6760260000,6760260000,18.397,
002191.SZ,劲嘉股份,2011-01-27,4.2639,4.325,4.2313,4.2924,5284477,0.8231,6766680000,6766680000,18.4145,
002191.SZ,劲嘉股份,2011-01-28,4.2924,4.329,4.2517,4.3128,4670423,0.7275,6798780000,6798780000,18.5019,
002191.SZ,劲嘉股份,2011-01-31,4.3087,4.3453,4.268,4.3168,4016170,0.6256,6805200000,6805200000,18.5193,
002191.SZ,劲嘉股份,2011-02-01,4.3168,4.4024,4.2924,4.3576,6241761,0.9722,6869400000,6869400000,18.694,
002191.SZ,劲嘉股份,2011-02-09,4.3413,4.3983,4.3005,4.3209,3207876,0.4997,6811620000,6811620000,18.5368,
002191.SZ,劲嘉股份,2011-02-10,4.3168,4.382,4.2476,4.382,4621487,0.7199,6907920000,6907920000,18.7989,
002191.SZ,劲嘉股份,2011-02-11,4.3738,4.3901,4.3087,4.3535,5361826,0.8352,6862980000,6862980000,18.6766,
002191.SZ,劲嘉股份,2011-02-14,4.3576,4.5123,4.3168,4.496,13410277,2.0888,7087680000,7087680000,19.2881,
002191.SZ,劲嘉股份,2011-02-15,4.4716,4.549,4.4186,4.496,12501562,1.9473,7087680000,7087680000,19.2881,
002191.SZ,劲嘉股份,2011-02-16,4.4838,4.5205,4.4309,4.5205,6648076,1.0355,7126200000,7126200000,19.3929,
002191.SZ,劲嘉股份,2011-02-17,4.5164,4.549,4.4309,4.4797,6109555,0.9516,7062000000,7062000000,19.2182,
002191.SZ,劲嘉股份,2011-02-18,4.4594,4.4797,4.3942,4.4675,5582641,0.8696,7042740000,7042740000,19.1658,
002191.SZ,劲嘉股份,2011-02-21,4.4309,4.496,4.4186,4.4757,4787826,0.7458,7055580000,7055580000,19.2007,
002191.SZ,劲嘉股份,2011-02-22,4.4757,4.5245,4.3168,4.3168,6235096,0.9712,6805200000,6805200000,18.5193,
002191.SZ,劲嘉股份,2011-02-23,4.3128,4.4186,4.2883,4.3698,5072783,0.7902,6888660000,6888660000,18.7464,
002191.SZ,劲嘉股份,2011-02-24,4.3494,4.4512,4.325,4.4431,3814702,0.5942,7004220000,7004220000,19.0609,
002191.SZ,劲嘉股份,2011-02-25,4.4349,4.4512,4.3576,4.4472,4460190,0.6947,7010640000,7010640000,23.118,
002191.SZ,劲嘉股份,2011-02-28,4.4349,4.4675,4.4186,4.4634,4002642,0.6235,7036320000,7036320000,23.2027,
002191.SZ,劲嘉股份,2011-03-01,4.4716,4.5082,4.4309,4.4919,6664367,1.0381,7081260000,7081260000,23.3509,
002191.SZ,劲嘉股份,2011-03-02,4.4757,4.4757,4.3779,4.4227,4431768,0.6903,6972120000,6972120000,22.991,
002191.SZ,劲嘉股份,2011-03-03,4.4268,4.4553,4.3453,4.3901,4660737,0.726,6920760000,6920760000,22.8216,
002191.SZ,劲嘉股份,2011-03-04,4.3616,4.3861,4.2435,4.3453,7778435,1.2116,6850140000,6850140000,22.5888,
002191.SZ,劲嘉股份,2011-03-07,4.3372,4.3616,4.3168,4.3331,9252797,1.4412,6830880000,6830880000,22.5252,
002191.SZ,劲嘉股份,2011-03-08,4.3331,4.382,4.3209,4.3779,5853808,0.9118,6901500000,6901500000,22.7581,
002191.SZ,劲嘉股份,2011-03-09,4.3779,4.382,4.3168,4.3413,3934063,0.6128,6843720000,6843720000,22.5676,
002191.SZ,劲嘉股份,2011-03-10,4.3413,4.3698,4.325,4.3494,4512888,0.7029,6856560000,6856560000,22.6099,
002191.SZ,劲嘉股份,2011-03-11,4.3413,4.3413,4.2598,4.2598,7656873,1.1927,6715320000,6715320000,22.1442,
002191.SZ,劲嘉股份,2011-03-14,4.2476,4.268,4.1947,4.2598,5371790,0.8367,6715320000,6715320000,22.1442,
002191.SZ,劲嘉股份,2011-03-15,4.2598,4.2598,4.1621,4.2069,5070696,0.7898,6631860000,6631860000,21.869,
002191.SZ,劲嘉股份,2011-03-16,4.2069,4.2639,4.1865,4.2557,5201687,0.8102,6708900000,6708900000,22.123,
002191.SZ,劲嘉股份,2011-03-17,4.2313,4.2598,4.2109,4.2354,5040004,0.785,6676800000,6676800000,22.0172,
002191.SZ,劲嘉股份,2011-03-18,4.2557,4.272,4.2191,4.2557,5848511,0.911,6708900000,6708900000,22.123,
002191.SZ,劲嘉股份,2011-03-21,4.268,4.268,4.2109,4.2191,3128794,0.4874,6651120000,6651120000,21.9325,
002191.SZ,劲嘉股份,2011-03-22,4.2354,4.2924,4.1906,4.268,6378621,0.9936,6728160000,6728160000,22.1865,
002191.SZ,劲嘉股份,2011-03-23,4.2557,4.3005,4.2395,4.2924,3745842,0.5835,6766680000,6766680000,22.3135,
002191.SZ,劲嘉股份,2011-03-24,4.3005,4.3005,4.2557,4.2639,3270810,0.5095,6721740000,6721740000,22.1653,
002191.SZ,劲嘉股份,2011-03-25,4.268,4.3087,4.268,4.2924,4586290,0.7144,6766680000,6766680000,22.3135,
002191.SZ,劲嘉股份,2011-03-28,4.3005,4.3046,4.272,4.272,3755705,0.585,6734580000,6734580000,22.2077,
002191.SZ,劲嘉股份,2011-03-29,4.2639,4.268,4.1743,4.1947,5383972,0.8386,6612600000,6612600000,21.8055,
002191.SZ,劲嘉股份,2011-03-30,4.1987,4.2069,4.1376,4.1376,5333845,0.8308,6522720000,6522720000,21.5091,
002191.SZ,劲嘉股份,2011-03-31,4.1336,4.1661,4.0969,4.1132,4308400,0.6711,6484200000,6484200000,21.382,
002191.SZ,劲嘉股份,2011-04-01,4.1376,4.1458,4.0928,4.1295,4084288,0.6362,6509880000,6509880000,21.4667,
002191.SZ,劲嘉股份,2011-04-06,4.1132,4.1621,4.1051,4.1621,2650515,0.4129,6561240000,6561240000,21.6361,
002191.SZ,劲嘉股份,2011-04-07,4.1661,4.1661,4.1295,4.1661,3167055,0.4933,6567660000,6567660000,21.6573,
002191.SZ,劲嘉股份,2011-04-08,4.1702,4.2069,4.1458,4.1906,4531156,0.7058,6606180000,6606180000,21.7843,
002191.SZ,劲嘉股份,2011-04-11,4.1824,4.2069,4.1743,4.1824,2984927,0.4649,6593340000,6593340000,21.7419,
002191.SZ,劲嘉股份,2011-04-12,4.1906,4.1947,4.1499,4.158,3558134,0.5542,6554820000,6554820000,21.6149,
002191.SZ,劲嘉股份,2011-04-13,4.1824,4.5693,4.1539,4.4512,43010292,6.6994,7017060000,7017060000,23.1392,
002191.SZ,劲嘉股份,2011-04-14,4.4472,4.4879,4.3779,4.4553,21563636,3.3588,7023480000,7023480000,23.1604,
002191.SZ,劲嘉股份,2011-04-15,4.4268,4.4594,4.3901,4.3983,8975893,1.3981,6933600000,6933600000,22.864,
002191.SZ,劲嘉股份,2011-04-18,4.3901,4.5001,4.382,4.4431,17623177,2.745,7004220000,7004220000,23.0968,
002191.SZ,劲嘉股份,2011-04-19,4.3983,4.4797,4.3901,4.4186,13934617,2.1705,6965700000,6965700000,22.9698,
002191.SZ,劲嘉股份,2011-04-20,4.4227,4.4594,4.4024,4.4309,14094914,2.1955,6984960000,6984960000,23.0333,
002191.SZ,劲嘉股份,2011-04-21,4.4349,4.5001,4.4186,4.4553,16811851,2.6187,7023480000,7023480000,23.1604,
002191.SZ,劲嘉股份,2011-04-22,4.4919,4.5449,4.439,4.439,15575836,2.4261,6997800000,6997800000,23.0757,
002191.SZ,劲嘉股份,2011-04-25,4.4309,4.4757,4.3779,4.439,14076915,2.1927,6997800000,6997800000,23.0757,
002191.SZ,劲嘉股份,2011-04-26,4.4309,4.4472,4.268,4.3046,10594063,1.6502,6785940000,6785940000,22.371,
002191.SZ,劲嘉股份,2011-04-27,4.3046,4.3738,4.158,4.2354,7398252,1.1524,6676800000,6676800000,22.0112,
002191.SZ,劲嘉股份,2011-04-28,4.2354,4.2965,4.1091,4.1214,4919375,0.7663,6497040000,6497040000,21.4186,
002191.SZ,劲嘉股份,2011-04-29,4.1661,4.2965,4.1214,4.2639,8347379,1.3002,6721740000,6721740000,21.4534,
002191.SZ,劲嘉股份,2011-05-03,4.2639,4.3331,4.2476,4.2802,10256166,1.5975,6747420000,6747420000,21.5354,
002191.SZ,劲嘉股份,2011-05-04,4.2802,4.3494,4.2639,4.2843,14008759,2.182,6753840000,6753840000,21.5559,
002191.SZ,劲嘉股份,2011-05-05,4.268,4.329,4.2354,4.2843,17931583,2.7931,6753840000,6753840000,21.5559,
002191.SZ,劲嘉股份,2011-05-06,4.2639,4.325,4.2191,4.2883,13391640,2.0859,6760260000,6760260000,21.5764,
002191.SZ,劲嘉股份,2011-05-09,4.2924,4.325,4.2802,4.2843,13517523,2.1055,6753840000,6753840000,21.5559,
002191.SZ,劲嘉股份,2011-05-10,4.4919,4.7119,4.4797,4.7119,37483718,5.8386,7427940000,7427940000,23.7074,
002191.SZ,劲嘉股份,2011-05-11,4.6386,4.6589,4.5001,4.5408,34167341,5.322,7158300000,7158300000,22.8468,
002191.SZ,劲嘉股份,2011-05-12,4.4797,4.4797,4.3494,4.3616,21254761,3.3107,6875820000,6875820000,21.9452,
002191.SZ,劲嘉股份,2011-05-13,4.3494,4.4105,4.2598,4.3901,13801762,2.1498,6920760000,6920760000,22.0886,
002191.SZ,劲嘉股份,2011-05-16,4.3576,4.4268,4.268,4.2802,10443816,1.6268,6747420000,6747420000,21.5354,
002191.SZ,劲嘉股份,2011-05-17,4.2354,4.3901,4.158,4.3128,12099671,1.8847,6798780000,6798780000,21.6993,
002191.SZ,劲嘉股份,2011-05-18,4.268,4.325,4.2354,4.2761,6401923,0.9972,6741000000,6741000000,21.5149,
002191.SZ,劲嘉股份,2011-05-19,4.2924,4.3046,4.1947,4.215,7865195,1.2251,6644700000,6644700000,21.2075,
002191.SZ,劲嘉股份,2011-05-20,4.215,4.215,4.215,4.215,--,--,6644700000,6644700000,21.2075,
002191.SZ,劲嘉股份,2011-05-23,4.1458,4.1458,3.82,3.8607,13363623,2.0816,6086160000,6086160000,19.4249,
002191.SZ,劲嘉股份,2011-05-24,3.82,3.8566,3.6937,3.7833,6481827,1.0096,5964180000,5964180000,19.0356,
002191.SZ,劲嘉股份,2011-05-25,3.767,3.7956,3.6937,3.706,5382388,0.8384,5842200000,5842200000,18.6462,
002191.SZ,劲嘉股份,2011-05-26,3.71,3.7589,3.6571,3.6571,6324899,0.9852,5765160000,5765160000,18.4004,
002191.SZ,劲嘉股份,2011-05-27,3.6571,3.6856,3.4616,3.482,6772139,1.0549,5489100000,5489100000,17.5193,
002191.SZ,劲嘉股份,2011-05-30,3.4616,3.4942,3.3964,3.4168,4311795,0.6716,5386380000,5386380000,17.1914,
002191.SZ,劲嘉股份,2011-05-31,3.4168,3.5186,3.4168,3.5064,4207416,0.6554,5527620000,5527620000,17.6422,
002191.SZ,劲嘉股份,2011-06-01,3.5146,3.5349,3.4738,3.5227,3714269,0.5785,5553300000,5553300000,17.7242,
002191.SZ,劲嘉股份,2011-06-02,3.482,3.4901,3.3964,3.4535,4039438,0.6292,5444160000,5444160000,17.3758,
002191.SZ,劲嘉股份,2011-06-03,3.4616,3.5105,3.4372,3.4942,3940627,0.6138,5508360000,5508360000,17.5807,
002191.SZ,劲嘉股份,2011-06-07,3.5105,3.5268,3.486,3.5105,3105922,0.4838,5534040000,5534040000,17.6627,
002191.SZ,劲嘉股份,2011-06-08,3.5186,3.5186,3.4453,3.5105,3418474,0.5325,5534040000,5534040000,17.6627,
002191.SZ,劲嘉股份,2011-06-09,3.5023,3.5023,3.4209,3.4209,4036187,0.6287,5392800000,5392800000,17.2119,
002191.SZ,劲嘉股份,2011-06-10,3.4209,3.4453,3.3313,3.4046,3741405,0.5828,5367120000,5367120000,17.13,
002191.SZ,劲嘉股份,2011-06-13,3.3883,3.4168,3.3517,3.4046,2232921,0.3478,5367120000,5367120000,17.13,
002191.SZ,劲嘉股份,2011-06-14,3.4127,3.5023,3.3924,3.4942,4643153,0.7232,5508360000,5508360000,17.5807,
002191.SZ,劲嘉股份,2011-06-15,3.4738,3.5105,3.4535,3.486,3382648,0.5269,5495520000,5495520000,17.5398,
002191.SZ,劲嘉股份,2011-06-16,3.5108,3.5108,3.4078,3.4078,3054115,0.4757,5309340000,5309340000,16.9455,
002191.SZ,劲嘉股份,2011-06-17,3.3871,3.4448,3.3871,3.4036,1918646,0.2989,5302920000,5302920000,16.9251,
002191.SZ,劲嘉股份,2011-06-20,3.3995,3.4325,3.3418,3.3501,2440267,0.3801,5219460000,5219460000,16.6587,
002191.SZ,劲嘉股份,2011-06-21,3.3583,3.3913,3.3501,3.3871,1908954,0.2973,5277240000,5277240000,16.8431,
002191.SZ,劲嘉股份,2011-06-22,3.3995,3.4284,3.3748,3.4078,2430959,0.3787,5309340000,5309340000,16.9455,
002191.SZ,劲嘉股份,2011-06-23,3.4078,3.5355,3.3913,3.519,6302734,0.9817,5482680000,5482680000,17.4988,
002191.SZ,劲嘉股份,2011-06-24,3.5108,3.6138,3.4902,3.5849,7326043,1.1411,5585400000,5585400000,17.8266,
002191.SZ,劲嘉股份,2011-06-27,3.5891,3.6426,3.552,3.5973,5676788,0.8842,5604660000,5604660000,17.8881,
002191.SZ,劲嘉股份,2011-06-28,3.5561,3.5973,3.5396,3.5808,4213748,0.6563,5578980000,5578980000,17.8061,
002191.SZ,劲嘉股份,2011-06-29,3.5726,3.6179,3.5396,3.5479,4032340,0.6281,5527620000,5527620000,17.6422,
002191.SZ,劲嘉股份,2011-06-30,3.5273,3.6055,3.5273,3.5973,4048429,0.6306,5604660000,5604660000,17.8881,
002191.SZ,劲嘉股份,2011-07-01,3.6097,3.7621,3.5808,3.7498,8825573,1.3747,5842200000,5842200000,18.6462,
002191.SZ,劲嘉股份,2011-07-04,3.7662,3.8569,3.7415,3.8281,8755323,1.3638,5964180000,5964180000,19.0356,
002191.SZ,劲嘉股份,2011-07-05,3.8322,3.8569,3.7621,3.7992,5547844,0.8642,5919240000,5919240000,18.8921,
002191.SZ,劲嘉股份,2011-07-06,3.7704,3.9393,3.7662,3.9105,8597218,1.3391,6092580000,6092580000,19.4454,
002191.SZ,劲嘉股份,2011-07-07,3.9105,4.0052,3.8281,3.9187,8541773,1.3305,6105420000,6105420000,19.4864,
002191.SZ,劲嘉股份,2011-07-08,3.9146,4.0011,3.8775,3.9476,6286707,0.9792,6150360000,6150360000,19.6298,
002191.SZ,劲嘉股份,2011-07-11,3.9517,3.997,3.8693,3.9105,4900779,0.7634,6092580000,6092580000,19.4454,
002191.SZ,劲嘉股份,2011-07-12,3.8734,3.9393,3.8487,3.8857,4555634,0.7096,6054060000,6054060000,19.3224,
002191.SZ,劲嘉股份,2011-07-13,3.8651,3.9888,3.8528,3.9805,5925902,0.923,6201720000,6201720000,19.7937,
002191.SZ,劲嘉股份,2011-07-14,3.9723,3.997,3.9146,3.9517,4387420,0.6834,6156780000,6156780000,19.6503,
002191.SZ,劲嘉股份,2011-07-15,3.9476,4.1618,3.927,4.1124,8349782,1.3006,6407160000,6407160000,20.4494,
002191.SZ,劲嘉股份,2011-07-18,4.0629,4.1206,4.0217,4.0588,4667188,0.727,6323700000,6323700000,20.183,
002191.SZ,劲嘉股份,2011-07-19,4.0506,4.0506,3.9599,3.9764,4489604,0.6993,6195300000,6195300000,19.7732,
002191.SZ,劲嘉股份,2011-07-20,3.9764,4.0712,3.9228,4.0671,3735110,0.5818,6336540000,6336540000,20.224,
002191.SZ,劲嘉股份,2011-07-21,4.0588,4.269,4.0588,4.1866,12242102,1.9069,6522720000,6522720000,20.8182,
002191.SZ,劲嘉股份,2011-07-22,4.1907,4.3637,4.1536,4.2772,12212314,1.9022,6663960000,6663960000,21.269,
002191.SZ,劲嘉股份,2011-07-25,4.3184,4.3225,4.0712,4.1165,10578865,1.6478,6413580000,6413580000,20.4699,
002191.SZ,劲嘉股份,2011-07-26,4.1206,4.1742,4.0382,4.1206,3987176,0.6211,6420000000,6420000000,20.4904,
002191.SZ,劲嘉股份,2011-07-27,4.1206,4.1948,4.0382,4.1948,4355745,0.6785,6535560000,6535560000,20.8592,
002191.SZ,劲嘉股份,2011-07-28,4.1659,4.1659,4.0217,4.1165,3422986,0.5332,6413580000,6413580000,20.4699,
002191.SZ,劲嘉股份,2011-07-29,4.1247,4.1247,3.9105,4.0877,8945236,1.3933,6368640000,6368640000,20.9093,
002191.SZ,劲嘉股份,2011-08-01,4.03,4.1577,4.0094,4.1453,3257246,0.5074,6458520000,6458520000,21.2044,
002191.SZ,劲嘉股份,2011-08-02,4.1041,4.1866,4.0588,4.1824,3033420,0.4725,6516300000,6516300000,21.3941,
002191.SZ,劲嘉股份,2011-08-03,4.1,4.3679,4.1,4.2978,6967047,1.0852,6696060000,6696060000,21.9843,
002191.SZ,劲嘉股份,2011-08-04,4.236,4.3514,4.2154,4.2442,3958797,0.6166,6612600000,6612600000,21.7103,
002191.SZ,劲嘉股份,2011-08-05,4.0835,4.2236,4.0629,4.1824,4979576,0.7756,6516300000,6516300000,21.3941,
002191.SZ,劲嘉股份,2011-08-08,4.1165,4.1495,3.8734,3.9228,6587950,1.0262,6111840000,6111840000,20.0662,
002191.SZ,劲嘉股份,2011-08-09,3.7168,3.9393,3.5437,3.8734,5693159,0.8868,6034800000,6034800000,19.8133,
002191.SZ,劲嘉股份,2011-08-10,3.964,4.0176,3.8775,3.9063,3924208,0.6112,6086160000,6086160000,19.9819,
002191.SZ,劲嘉股份,2011-08-11,3.8239,4.203,3.8116,4.1206,7558717,1.1774,6420000000,6420000000,21.078,
002191.SZ,劲嘉股份,2011-08-12,4.2072,4.2072,4.0588,4.1206,4115653,0.6411,6420000000,6420000000,21.078,
002191.SZ,劲嘉股份,2011-08-15,4.133,4.2154,4.0629,4.1701,3057059,0.4762,6497040000,6497040000,21.3309,
002191.SZ,劲嘉股份,2011-08-16,4.1701,4.203,4.0671,4.0918,3323470,0.5177,6375060000,6375060000,20.9304,
002191.SZ,劲嘉股份,2011-08-17,4.133,4.1371,4.0506,4.0671,2418208,0.3767,6336540000,6336540000,20.8243,
002191.SZ,劲嘉股份,2011-08-18,4.0423,4.1083,3.9558,3.9888,3027787,0.4716,6214560000,6214560000,20.4235,
002191.SZ,劲嘉股份,2011-08-19,3.9146,4.0382,3.8734,4.0135,2209971,0.3442,6253080000,6253080000,20.5501,
002191.SZ,劲嘉股份,2011-08-22,3.997,4.0506,3.9558,3.9929,1008975,0.1572,6220980000,6220980000,20.4446,
002191.SZ,劲嘉股份,2011-08-23,4.03,4.0794,3.9805,4.0382,1922097,0.2994,6291600000,6291600000,20.6766,
002191.SZ,劲嘉股份,2011-08-24,4.0671,4.1866,4.0382,4.1495,6547513,1.0199,6464940000,6464940000,21.2463,
002191.SZ,劲嘉股份,2011-08-25,4.1824,4.2113,4.1041,4.1783,4413314,0.6874,6509880000,6509880000,21.394,
002191.SZ,劲嘉股份,2011-08-26,4.1495,4.2319,4.1289,4.1783,2923736,0.4554,6509880000,6509880000,21.394,
002191.SZ,劲嘉股份,2011-08-29,4.1618,4.1618,3.9764,4.0423,9280005,1.4455,6298020000,6298020000,20.6977,
002191.SZ,劲嘉股份,2011-08-30,4.0423,4.0794,3.9599,3.9805,3798980,0.5917,6201720000,6201720000,20.3813,
002191.SZ,劲嘉股份,2011-08-31,3.9682,3.997,3.894,3.9805,3013647,0.4694,6201720000,6201720000,20.3813,
002191.SZ,劲嘉股份,2011-09-01,3.9805,4.0547,3.9517,3.964,1681157,0.2619,6176040000,6176040000,20.2969,
002191.SZ,劲嘉股份,2011-09-02,3.964,3.964,3.964,3.964,--,--,6176040000,6176040000,20.2969,
002191.SZ,劲嘉股份,2011-09-05,3.894,3.9228,3.8281,3.861,2945562,0.4588,6015540000,6015540000,19.7694,
002191.SZ,劲嘉股份,2011-09-06,3.8239,3.8857,3.7951,3.8487,963431,0.1501,5996280000,5996280000,19.7061,
002191.SZ,劲嘉股份,2011-09-07,3.791,3.9434,3.791,3.9187,1270647,0.1979,6105420000,6105420000,20.0648,
002191.SZ,劲嘉股份,2011-09-08,3.9228,3.927,3.8445,3.8693,1489676,0.232,6028380000,6028380000,19.8116,
002191.SZ,劲嘉股份,2011-09-09,3.894,3.894,3.7621,3.8693,2992044,0.4661,6028380000,6028380000,19.8116,
002191.SZ,劲嘉股份,2011-09-13,3.8281,3.8281,3.7415,3.7704,1664424,0.2593,5874300000,5874300000,19.3052,
002191.SZ,劲嘉股份,2011-09-14,3.791,3.8281,3.7539,3.8239,737503,0.1149,5957760000,5957760000,19.5795,
002191.SZ,劲嘉股份,2011-09-15,3.7951,3.894,3.7951,3.8445,877110,0.1366,5989860000,5989860000,19.685,
002191.SZ,劲嘉股份,2011-09-16,3.8816,3.8899,3.8363,3.8569,1327351,0.2068,6009120000,6009120000,19.7483,
002191.SZ,劲嘉股份,2011-09-19,3.8404,3.894,3.8239,3.8487,2907069,0.4528,5996280000,5996280000,19.7061,
002191.SZ,劲嘉股份,2011-09-20,3.8615,3.9,3.7759,3.8786,2482434,0.3867,5816520000,5816520000,19.1153,
002191.SZ,劲嘉股份,2011-09-21,3.8615,4.0756,3.8358,4.067,5040932,0.7852,6099000000,6099000000,20.0437,
002191.SZ,劲嘉股份,2011-09-22,4.0071,4.0798,3.9814,3.9814,2425298,0.3778,5970600000,5970600000,19.6217,
002191.SZ,劲嘉股份,2011-09-23,3.9386,3.9814,3.8743,3.9514,1073799,0.1673,5925660000,5925660000,19.474,
002191.SZ,劲嘉股份,2011-09-26,3.9343,3.9814,3.8701,3.8872,1199552,0.1868,5829360000,5829360000,19.1575,
002191.SZ,劲嘉股份,2011-09-27,3.9043,3.9257,3.8273,3.8743,1687398,0.2628,5810100000,5810100000,19.0942,
002191.SZ,劲嘉股份,2011-09-28,3.8743,3.9214,3.8529,3.8872,1113972,0.1735,5829360000,5829360000,19.1575,
002191.SZ,劲嘉股份,2011-09-29,3.8658,3.8958,3.7887,3.8743,1137178,0.1771,5810100000,5810100000,19.0942,
002191.SZ,劲嘉股份,2011-09-30,3.8529,3.9172,3.8016,3.9172,709181,0.1105,5874300000,5874300000,19.3052,
002191.SZ,劲嘉股份,2011-10-10,3.8958,3.9043,3.8273,3.8444,595984,0.0928,5765160000,5765160000,18.9466,
002191.SZ,劲嘉股份,2011-10-11,3.8915,3.9428,3.7802,3.8315,964222,0.1502,5745900000,5745900000,18.8833,
002191.SZ,劲嘉股份,2011-10-12,3.8315,3.9386,3.7887,3.9343,1315299,0.2049,5899980000,5899980000,19.3896,
002191.SZ,劲嘉股份,2011-10-13,3.9043,3.9814,3.9,3.9514,1445784,0.2252,5925660000,5925660000,19.474,
002191.SZ,劲嘉股份,2011-10-14,3.9386,3.9557,3.8786,3.9129,1398024,0.2178,5867880000,5867880000,19.2841,
002191.SZ,劲嘉股份,2011-10-17,3.93,3.9642,3.8958,3.9172,759309,0.1183,5874300000,5874300000,19.3052,
002191.SZ,劲嘉股份,2011-10-18,3.9172,3.9172,3.9172,3.9172,--,--,5874300000,5874300000,19.3052,
002191.SZ,劲嘉股份,2011-10-19,3.8487,3.8872,3.8144,3.8529,1038560,0.1618,5778000000,5778000000,18.9888,
002191.SZ,劲嘉股份,2011-10-20,3.8101,3.8701,3.519,3.7245,2873751,0.4476,5585400000,5585400000,18.3558,
002191.SZ,劲嘉股份,2011-10-21,3.6475,3.7031,3.5533,3.6603,667958,0.104,5489100000,5489100000,18.0393,
002191.SZ,劲嘉股份,2011-10-24,3.6517,3.7673,3.549,3.6945,1283751,0.2,5540460000,5540460000,18.2081,
002191.SZ,劲嘉股份,2011-10-25,3.7031,3.7802,3.6432,3.7588,1756421,0.2736,5636760000,5636760000,18.5246,
002191.SZ,劲嘉股份,2011-10-26,3.7374,3.8915,3.7331,3.8187,2141179,0.3335,5726640000,5726640000,18.82,
002191.SZ,劲嘉股份,2011-10-27,3.8101,3.9942,3.8016,3.9214,4427002,0.6896,5880720000,5880720000,17.8899,
002191.SZ,劲嘉股份,2011-10-28,3.9557,3.9728,3.9043,3.9386,1993052,0.3104,5906400000,5906400000,17.9681,
002191.SZ,劲嘉股份,2011-10-31,3.9514,3.96,3.8958,3.9172,1392056,0.2168,5874300000,5874300000,17.8704,
002191.SZ,劲嘉股份,2011-11-01,3.8958,4.0156,3.8958,3.9428,2104150,0.3277,5912820000,5912820000,17.9876,
002191.SZ,劲嘉股份,2011-11-02,3.8786,3.9942,3.8743,3.9814,1864530,0.2904,5970600000,5970600000,18.1634,
002191.SZ,劲嘉股份,2011-11-03,4.0071,4.0756,3.9728,4.0456,4951955,0.7713,6066900000,6066900000,18.4563,
002191.SZ,劲嘉股份,2011-11-04,4.067,4.067,3.9771,4.037,1976766,0.3079,6054060000,6054060000,18.4173,
002191.SZ,劲嘉股份,2011-11-07,4.0327,4.0327,3.9471,3.9771,1284412,0.2001,5964180000,5964180000,18.1438,
002191.SZ,劲嘉股份,2011-11-08,3.9728,3.9728,3.8187,3.9172,3714506,0.5786,5874300000,5874300000,17.8704,
002191.SZ,劲嘉股份,2011-11-09,3.9172,3.9428,3.8358,3.9386,1964397,0.306,5906400000,5906400000,17.9681,
002191.SZ,劲嘉股份,2011-11-10,3.8915,4.1226,3.8872,4.067,8814705,1.373,6099000000,6099000000,18.554,
002191.SZ,劲嘉股份,2011-11-11,4.067,4.1911,3.9942,4.1441,7910453,1.2322,6214560000,6214560000,18.9055,
002191.SZ,劲嘉股份,2011-11-14,4.1911,4.2768,4.1441,4.2083,6044695,0.9415,6310860000,6310860000,19.1985,
002191.SZ,劲嘉股份,2011-11-15,4.2083,4.3453,4.1569,4.2768,5693030,0.8868,6413580000,6413580000,19.511,
002191.SZ,劲嘉股份,2011-11-16,4.2725,4.3025,4.1997,4.2125,4197936,0.6539,6317280000,6317280000,19.218,
002191.SZ,劲嘉股份,2011-11-17,4.1997,4.2896,4.1655,4.2125,4623953,0.7202,6317280000,6317280000,19.218,
002191.SZ,劲嘉股份,2011-11-18,4.1954,4.1954,4.067,4.1398,4481815,0.6981,6208140000,6208140000,18.886,
002191.SZ,劲嘉股份,2011-11-21,4.1398,4.2211,4.0927,4.1697,1598304,0.249,6253080000,6253080000,19.0227,
002191.SZ,劲嘉股份,2011-11-22,4.1226,4.1869,4.1141,4.1826,1867801,0.2909,6272340000,6272340000,19.0813,
002191.SZ,劲嘉股份,2011-11-23,4.174,4.3453,4.1355,4.2382,5815277,0.9058,6355800000,6355800000,19.3352,
002191.SZ,劲嘉股份,2011-11-24,4.2125,4.3881,4.1997,4.3453,4594507,0.7157,6516300000,6516300000,19.8235,
002191.SZ,劲嘉股份,2011-11-25,4.341,4.4566,4.2939,4.3453,5050017,0.7866,6516300000,6516300000,19.8235,
002191.SZ,劲嘉股份,2011-11-28,4.3495,4.3924,4.2425,4.2982,3468051,0.5402,6445680000,6445680000,19.6086,
002191.SZ,劲嘉股份,2011-11-29,4.2982,4.4309,4.2982,4.3838,4290837,0.6684,6574080000,6574080000,19.9992,
002191.SZ,劲嘉股份,2011-11-30,4.3067,4.4095,4.1869,4.2639,5814416,0.9057,6394320000,6394320000,19.4524,
002191.SZ,劲嘉股份,2011-12-01,4.4052,4.5037,4.3239,4.3581,9362980,1.4584,6535560000,6535560000,19.882,
002191.SZ,劲嘉股份,2011-12-02,4.2768,4.4223,4.2768,4.3581,3547533,0.5526,6535560000,6535560000,19.882,
002191.SZ,劲嘉股份,2011-12-05,4.3453,4.4009,4.2725,4.311,3650465,0.5686,6464940000,6464940000,19.6672,
002191.SZ,劲嘉股份,2011-12-06,4.3025,4.3453,4.2168,4.281,6511228,1.0142,6420000000,6420000000,19.5305,
002191.SZ,劲嘉股份,2011-12-07,4.281,4.3624,4.2639,4.2939,4524850,0.7048,6439260000,6439260000,19.5891,
002191.SZ,劲嘉股份,2011-12-08,4.2939,4.3239,4.1569,4.2382,5889310,0.9173,6355800000,6355800000,19.3352,
002191.SZ,劲嘉股份,2011-12-09,4.2168,4.2554,4.1612,4.2211,2045310,0.3186,6330120000,6330120000,19.2571,
002191.SZ,劲嘉股份,2011-12-12,4.1954,4.3752,4.1526,4.3239,4563634,0.7108,6484200000,6484200000,19.7258,
002191.SZ,劲嘉股份,2011-12-13,4.3025,4.3025,4.0242,4.1055,7432610,1.1577,6156780000,6156780000,18.7297,
002191.SZ,劲嘉股份,2011-12-14,4.0841,4.1312,4.0456,4.0884,1111887,0.1732,6131100000,6131100000,18.6516,
002191.SZ,劲嘉股份,2011-12-15,4.067,4.1012,3.9172,4.0071,1454083,0.2265,6009120000,6009120000,18.2805,
002191.SZ,劲嘉股份,2011-12-16,3.9814,4.1441,3.6175,4.1312,5435049,0.8466,6195300000,6195300000,18.8469,
002191.SZ,劲嘉股份,2011-12-19,4.0327,4.174,3.9386,4.1569,3678149,0.5729,6233820000,6233820000,18.9641,
002191.SZ,劲嘉股份,2011-12-20,4.1526,4.341,4.1312,4.2425,4177236,0.6507,6362220000,6362220000,19.3547,
002191.SZ,劲嘉股份,2011-12-21,4.2896,4.3367,4.1911,4.1997,2957215,0.4606,6298020000,6298020000,19.1594,
002191.SZ,劲嘉股份,2011-12-22,4.1954,4.1997,3.96,4.1954,4572227,0.7122,6291600000,6291600000,19.1399,
002191.SZ,劲嘉股份,2011-12-23,4.2083,4.2554,4.1526,4.2382,2163975,0.3371,6355800000,6355800000,19.3352,
002191.SZ,劲嘉股份,2011-12-26,4.2297,4.2596,4.1526,4.2297,1370000,0.2134,6342960000,6342960000,19.2961,
002191.SZ,劲嘉股份,2011-12-27,4.2168,4.2382,3.9771,4.1012,3246210,0.5056,6150360000,6150360000,18.7102,
002191.SZ,劲嘉股份,2011-12-28,4.067,4.067,3.8315,3.9814,5070201,0.7898,5970600000,5970600000,18.1634,
002191.SZ,劲嘉股份,2011-12-29,3.9257,4.0413,3.9043,4.0113,2282107,0.3555,6015540000,6015540000,18.3001,
002191.SZ,劲嘉股份,2011-12-30,3.9857,4.1141,3.9857,4.0584,2310197,0.3598,6086160000,6086160000,18.5149,
002191.SZ,劲嘉股份,2012-01-04,4.0884,4.0884,3.9214,3.96,1227681,0.1912,5938500000,5938500000,18.0657,
002191.SZ,劲嘉股份,2012-01-05,3.93,3.9557,3.8487,3.8743,1614318,0.2515,5810100000,5810100000,17.6751,
002191.SZ,劲嘉股份,2012-01-06,3.8529,4.0242,3.7245,3.9814,4068480,0.6337,5970600000,5970600000,18.1634,
002191.SZ,劲嘉股份,2012-01-09,3.9771,4.0927,3.9214,4.0756,2169314,0.3379,6111840000,6111840000,18.593,
002191.SZ,劲嘉股份,2012-01-10,4.0756,4.2168,4.067,4.1911,3426578,0.5337,6285180000,6285180000,19.1204,
002191.SZ,劲嘉股份,2012-01-11,4.2083,4.2083,4.067,4.1483,2193211,0.3416,6220980000,6220980000,18.9251,
002191.SZ,劲嘉股份,2012-01-12,4.1312,4.2468,4.1141,4.1355,3270529,0.5094,6201720000,6201720000,18.8665,
002191.SZ,劲嘉股份,2012-01-13,4.1526,4.1954,3.9985,4.0242,2196799,0.3422,6034800000,6034800000,18.3587,
002191.SZ,劲嘉股份,2012-01-16,4.0199,4.0199,3.9214,3.96,935761,0.1458,5938500000,5938500000,18.0657,
002191.SZ,劲嘉股份,2012-01-17,3.9386,4.1355,3.9214,4.1098,2078077,0.3237,6163200000,6163200000,18.7493,
002191.SZ,劲嘉股份,2012-01-18,4.1312,4.1398,4.0071,4.0242,1780777,0.2774,6034800000,6034800000,18.3587,
002191.SZ,劲嘉股份,2012-01-19,3.9814,4.1184,3.96,4.1055,1811132,0.2821,6156780000,6156780000,18.7297,
002191.SZ,劲嘉股份,2012-01-20,4.0884,4.174,4.0884,4.1526,1255307,0.1955,6227400000,6227400000,18.9446,
002191.SZ,劲嘉股份,2012-01-30,4.1612,4.2254,4.1012,4.1441,1416844,0.2207,6214560000,6214560000,18.9055,
002191.SZ,劲嘉股份,2012-01-31,4.1483,4.174,4.0841,4.174,574596,0.0895,6259500000,6259500000,19.0422,
002191.SZ,劲嘉股份,2012-02-01,4.1526,4.1997,4.1055,4.1441,1386109,0.2159,6214560000,6214560000,18.9055,
002191.SZ,劲嘉股份,2012-02-02,4.1098,4.1997,4.1098,4.1954,2424173,0.3776,6291600000,6291600000,19.1399,
002191.SZ,劲嘉股份,2012-02-03,4.1954,4.1954,4.0242,4.174,3515986,0.5477,6259500000,6259500000,19.0422,
002191.SZ,劲嘉股份,2012-02-06,4.1655,4.204,4.0841,4.1312,3910776,0.6092,6195300000,6195300000,18.8469,
002191.SZ,劲嘉股份,2012-02-07,4.1269,4.1526,3.9899,4.067,3433649,0.5348,6099000000,6099000000,18.554,
002191.SZ,劲嘉股份,2012-02-08,4.067,4.2125,4.0199,4.2125,5336438,0.8312,6317280000,6317280000,19.218,
002191.SZ,劲嘉股份,2012-02-09,4.2554,4.3924,4.2211,4.3324,7981214,1.2432,6497040000,6497040000,19.7649,
002191.SZ,劲嘉股份,2012-02-10,4.3453,4.4352,4.281,4.3495,5793915,0.9025,6522720000,6522720000,16.7055,
002191.SZ,劲嘉股份,2012-02-13,4.3025,4.4223,4.2682,4.3239,7990399,1.2446,6484200000,6484200000,16.6068,
002191.SZ,劲嘉股份,2012-02-14,4.3239,4.6877,4.2768,4.5722,13257329,2.065,6856560000,6856560000,17.5605,
002191.SZ,劲嘉股份,2012-02-15,4.5593,4.615,4.5079,4.5978,6777956,1.0558,6895080000,6895080000,17.6592,
002191.SZ,劲嘉股份,2012-02-16,4.5978,4.6749,4.4951,4.6107,6444615,1.0038,6914340000,6914340000,17.7085,
002191.SZ,劲嘉股份,2012-02-17,4.6021,4.6364,4.5293,4.6107,3089720,0.4813,6914340000,6914340000,17.7085,
002191.SZ,劲嘉股份,2012-02-20,4.6578,4.7306,4.6021,4.6107,6054259,0.943,6914340000,6914340000,17.7085,
002191.SZ,劲嘉股份,2012-02-21,4.6107,4.692,4.4694,4.6749,7518056,1.171,7010640000,7010640000,17.9551,
002191.SZ,劲嘉股份,2012-02-22,4.6706,4.7391,4.6278,4.7091,7218048,1.1243,7062000000,7062000000,18.0867,
002191.SZ,劲嘉股份,2012-02-23,4.7091,4.7434,4.6535,4.6706,4734272,0.7374,7004220000,7004220000,17.9387,
002191.SZ,劲嘉股份,2012-02-24,4.6749,4.7177,4.615,4.6877,4716064,0.7346,7029900000,7029900000,18.0044,
002191.SZ,劲嘉股份,2012-02-27,4.6706,4.8162,4.6706,4.6963,8051147,1.2541,7042740000,7042740000,18.0373,
002191.SZ,劲嘉股份,2012-02-28,4.6621,4.6835,4.5208,4.5593,7059531,1.0996,6837300000,6837300000,17.5112,
002191.SZ,劲嘉股份,2012-02-29,4.5422,4.6021,4.4951,4.5764,4322715,0.6733,6862980000,6862980000,17.5769,
002191.SZ,劲嘉股份,2012-03-01,4.5807,4.7477,4.5722,4.7091,8614590,1.3418,7062000000,7062000000,18.0867,
002191.SZ,劲嘉股份,2012-03-02,4.6877,4.7348,4.6235,4.7006,8276924,1.2892,7049160000,7049160000,18.0538,
002191.SZ,劲嘉股份,2012-03-05,4.7091,4.8461,4.7049,4.7348,10034390,1.563,7100520000,7100520000,18.1853,
002191.SZ,劲嘉股份,2012-03-06,4.7091,4.7905,4.6321,4.7434,6509881,1.014,7113360000,7113360000,18.2182,
002191.SZ,劲嘉股份,2012-03-07,4.6663,4.752,4.6278,4.6492,5239542,0.8161,6972120000,6972120000,17.8565,
002191.SZ,劲嘉股份,2012-03-08,4.6621,4.7776,4.6407,4.7091,5102476,0.7948,7062000000,7062000000,18.0867,
002191.SZ,劲嘉股份,2012-03-09,4.6749,4.7049,4.4951,4.585,16876036,2.6287,6875820000,6875820000,17.6098,
002191.SZ,劲嘉股份,2012-03-12,4.5722,4.585,4.4394,4.4908,12720435,1.9814,6734580000,6734580000,17.2481,
002191.SZ,劲嘉股份,2012-03-13,4.4566,4.555,4.4566,4.5379,8991935,1.4006,6805200000,6805200000,17.429,
002191.SZ,劲嘉股份,2012-03-14,4.5636,4.6407,4.2896,4.3239,11820479,1.8412,6484200000,6484200000,16.6068,
002191.SZ,劲嘉股份,2012-03-15,4.3239,4.3966,4.281,4.3624,5330584,0.8303,6541980000,6541980000,16.7548,
002191.SZ,劲嘉股份,2012-03-16,4.3795,4.4394,4.3324,4.4266,4828093,0.752,6638280000,6638280000,17.0015,
002191.SZ,劲嘉股份,2012-03-19,4.418,4.4694,4.3538,4.4651,4517982,0.7037,6696060000,6696060000,17.2138,
002191.SZ,劲嘉股份,2012-03-20,4.4309,4.4309,4.3239,4.341,3111611,0.4847,6509880000,6509880000,16.7352,
002191.SZ,劲嘉股份,2012-03-21,4.3538,4.4394,4.3324,4.4052,3945491,0.6146,6606180000,6606180000,16.9828,
002191.SZ,劲嘉股份,2012-03-22,4.4095,4.4095,4.341,4.3838,2464039,0.3838,6574080000,6574080000,16.9002,
002191.SZ,劲嘉股份,2012-03-23,4.3667,4.3667,4.2639,4.3453,5582700,0.8696,6516300000,6516300000,16.7517,
002191.SZ,劲嘉股份,2012-03-26,4.3367,4.3667,4.3025,4.3667,2172453,0.3384,6548400000,6548400000,16.8342,
002191.SZ,劲嘉股份,2012-03-27,4.3881,4.4223,4.3453,4.3538,3113596,0.485,6529140000,6529140000,16.7847,
002191.SZ,劲嘉股份,2012-03-28,4.3538,4.3538,4.1997,4.2125,3410073,0.5312,6317280000,6317280000,16.2401,
002191.SZ,劲嘉股份,2012-03-29,4.1997,4.2297,4.0798,4.1526,4124835,0.6425,6227400000,6227400000,16.009,
002191.SZ,劲嘉股份,2012-03-30,4.1184,4.1783,4.0713,4.1312,2535989,0.395,6195300000,6195300000,15.9265,
002191.SZ,劲嘉股份,2012-04-05,4.1269,4.281,4.1098,4.2468,2832940,0.4413,6368640000,6368640000,16.3721,
002191.SZ,劲嘉股份,2012-04-06,4.234,4.341,4.2168,4.2554,2834668,0.4415,6381480000,6381480000,16.4051,
002191.SZ,劲嘉股份,2012-04-09,4.2725,4.2725,4.1783,4.1783,1971823,0.3071,6265920000,6265920000,16.108,
002191.SZ,劲嘉股份,2012-04-10,4.174,4.2468,4.1312,4.2468,2280968,0.3553,6368640000,6368640000,16.3721,
002191.SZ,劲嘉股份,2012-04-11,4.2125,4.2511,4.1483,4.1483,2618910,0.4079,6220980000,6220980000,15.9925,
002191.SZ,劲嘉股份,2012-04-12,4.1569,4.234,4.1569,4.2211,4363885,0.6797,6330120000,6330120000,16.2731,
002191.SZ,劲嘉股份,2012-04-13,4.2211,4.2211,4.2211,4.2211,--,--,6330120000,6330120000,16.2731,
002191.SZ,劲嘉股份,2012-04-16,4.2168,4.3367,4.1954,4.2982,4940428,0.7695,6445680000,6445680000,16.5702,
002191.SZ,劲嘉股份,2012-04-17,4.3025,4.3453,4.2425,4.281,4414874,0.6877,6420000000,6420000000,16.5041,
002191.SZ,劲嘉股份,2012-04-18,4.281,4.3881,4.2639,4.3581,4619792,0.7196,6535560000,6535560000,16.8012,
002191.SZ,劲嘉股份,2012-04-19,4.3624,4.3881,4.2982,4.3153,2949648,0.4594,6471360000,6471360000,16.6362,
002191.SZ,劲嘉股份,2012-04-20,4.3025,4.3453,4.2896,4.3239,2299688,0.3582,6484200000,6484200000,16.6692,
002191.SZ,劲嘉股份,2012-04-23,4.3324,4.3367,4.2425,4.2468,2421840,0.3772,6368640000,6368640000,16.3721,
002191.SZ,劲嘉股份,2012-04-24,4.2382,4.3281,4.1783,4.2768,3913634,0.6096,6413580000,6413580000,16.4876,
002191.SZ,劲嘉股份,2012-04-25,4.2596,4.3453,4.2596,4.3239,3258070,0.5075,6484200000,6484200000,16.6692,
002191.SZ,劲嘉股份,2012-04-26,4.3581,4.4309,4.311,4.3367,4008459,0.6244,6503460000,6503460000,15.3842,
002191.SZ,劲嘉股份,2012-04-27,4.3281,4.3581,4.2853,4.2853,2014036,0.3137,6426420000,6426420000,15.202,
002191.SZ,劲嘉股份,2012-05-02,4.3624,4.4309,4.3281,4.4095,6637378,1.0339,6612600000,6612600000,15.6424,
002191.SZ,劲嘉股份,2012-05-03,4.4009,4.4737,4.3881,4.4566,5329456,0.8301,6683220000,6683220000,15.8095,
002191.SZ,劲嘉股份,2012-05-04,4.4566,4.5079,4.418,4.4823,4996591,0.7783,6721740000,6721740000,15.9006,
002191.SZ,劲嘉股份,2012-05-07,4.4737,4.5764,4.4352,4.5636,7093867,1.105,6843720000,6843720000,16.1891,
002191.SZ,劲嘉股份,2012-05-08,4.5508,4.6877,4.5037,4.6492,8554783,1.3325,6972120000,6972120000,16.4929,
002191.SZ,劲嘉股份,2012-05-09,4.6364,4.6877,4.5679,4.6492,7863446,1.2248,6972120000,6972120000,16.4929,
002191.SZ,劲嘉股份,2012-05-10,4.6235,4.6663,4.5465,4.585,5408305,0.8424,6875820000,6875820000,16.2651,
002191.SZ,劲嘉股份,2012-05-11,4.5636,4.6621,4.5465,4.6064,5125739,0.7984,6907920000,6907920000,16.341,
002191.SZ,劲嘉股份,2012-05-14,4.6835,4.7049,4.4908,4.4951,5496458,0.8561,6741000000,6741000000,15.9462,
002191.SZ,劲嘉股份,2012-05-15,4.4908,4.5208,4.4309,4.5122,3805690,0.5928,6766680000,6766680000,16.0069,
002191.SZ,劲嘉股份,2012-05-16,4.4994,4.6192,4.4951,4.5379,4975092,0.7749,6805200000,6805200000,16.098,
002191.SZ,劲嘉股份,2012-05-17,4.5379,4.6449,4.5037,4.615,4758769,0.7412,6920760000,6920760000,16.3714,
002191.SZ,劲嘉股份,2012-05-18,4.5807,4.6107,4.4865,4.5165,2938944,0.4578,6773100000,6773100000,16.0221,
002191.SZ,劲嘉股份,2012-05-21,4.4908,4.5336,4.4309,4.4994,2198879,0.3425,6747420000,6747420000,15.9613,
002191.SZ,劲嘉股份,2012-05-22,4.5165,4.5936,4.4994,4.5893,3276578,0.5104,6882240000,6882240000,16.2803,
002191.SZ,劲嘉股份,2012-05-23,4.6235,4.7734,4.5936,4.7049,17041572,2.6545,7055580000,7055580000,16.6903,
002191.SZ,劲嘉股份,2012-05-24,4.6492,4.6706,4.5379,4.5807,8527424,1.3283,6869400000,6869400000,16.2499,
002191.SZ,劲嘉股份,2012-05-25,4.585,4.615,4.5208,4.5379,7606873,1.1849,6805200000,6805200000,16.098,
002191.SZ,劲嘉股份,2012-05-28,4.5422,4.6107,4.4608,4.6021,3595237,0.56,6901500000,6901500000,16.3258,
002191.SZ,劲嘉股份,2012-05-29,4.5978,4.6621,4.4737,4.6449,12024919,1.873,6965700000,6965700000,16.4777,
002191.SZ,劲嘉股份,2012-05-30,4.615,4.615,4.5251,4.5508,6994461,1.0895,6824460000,6824460000,16.1436,
002191.SZ,劲嘉股份,2012-05-31,4.5165,4.5807,4.5165,4.5465,4152407,0.6468,6818040000,6818040000,16.1284,
002191.SZ,劲嘉股份,2012-06-01,4.5293,4.5722,4.4994,4.5165,3995906,0.6224,6773100000,6773100000,16.0221,
002191.SZ,劲嘉股份,2012-06-04,4.4394,4.5122,4.4223,4.478,5869295,0.9142,6715320000,6715320000,15.8854,
002191.SZ,劲嘉股份,2012-06-05,4.4908,4.5251,4.4566,4.4951,3378051,0.5262,6741000000,6741000000,15.9462,
002191.SZ,劲嘉股份,2012-06-06,4.4523,4.5722,4.4523,4.478,4624233,0.7203,6715320000,6715320000,15.8854,
002191.SZ,劲嘉股份,2012-06-07,4.5336,4.5593,4.4437,4.4737,3910288,0.6091,6708900000,6708900000,15.8702,
002191.SZ,劲嘉股份,2012-06-08,4.5079,4.5165,4.4523,4.4908,1914724,0.2982,6734580000,6734580000,15.931,
002191.SZ,劲嘉股份,2012-06-11,4.4951,4.5636,4.4651,4.5465,3461478,0.5392,6818040000,6818040000,16.1284,
002191.SZ,劲嘉股份,2012-06-12,4.5336,4.5422,4.4737,4.4951,3517623,0.5479,6741000000,6741000000,15.9462,
002191.SZ,劲嘉股份,2012-06-13,4.5208,4.5208,4.3795,4.4523,6697470,1.0432,6676800000,6676800000,15.7943,
002191.SZ,劲嘉股份,2012-06-14,4.4138,4.4437,4.3581,4.3752,5042570,0.7854,6561240000,6561240000,15.5209,
002191.SZ,劲嘉股份,2012-06-15,4.3838,4.4394,4.3709,4.4352,2621472,0.4083,6651120000,6651120000,15.7335,
002191.SZ,劲嘉股份,2012-06-18,4.478,4.478,4.3667,4.4009,3940288,0.6138,6599760000,6599760000,15.6121,
002191.SZ,劲嘉股份,2012-06-19,4.3709,4.3838,4.2982,4.311,4548480,0.7085,6464940000,6464940000,15.2931,
002191.SZ,劲嘉股份,2012-06-20,4.311,4.3795,4.3025,4.3667,2987356,0.4653,6548400000,6548400000,15.4906,
002191.SZ,劲嘉股份,2012-06-21,4.3752,4.3881,4.2853,4.2939,2570872,0.4004,6439260000,6439260000,15.2324,
002191.SZ,劲嘉股份,2012-06-25,4.281,4.2939,4.1869,4.1954,3744000,0.5832,6291600000,6291600000,14.8831,
002191.SZ,劲嘉股份,2012-06-26,4.1954,4.2596,4.174,4.2297,1828432,0.2848,6342960000,6342960000,15.0046,
002191.SZ,劲嘉股份,2012-06-27,4.2297,4.2725,4.204,4.2254,1744308,0.2717,6336540000,6336540000,14.9894,
002191.SZ,劲嘉股份,2012-06-28,4.2168,4.2382,4.1226,4.1869,4051503,0.6311,6278760000,6278760000,14.8527,
002191.SZ,劲嘉股份,2012-06-29,4.1526,4.2468,4.1312,4.2468,3056436,0.4761,6368640000,6368640000,15.0653,
002191.SZ,劲嘉股份,2012-07-02,4.2511,4.2982,4.2125,4.2596,3391100,0.5282,6387900000,6387900000,15.1109,
002191.SZ,劲嘉股份,2012-07-03,4.2425,4.2768,4.2083,4.2639,2216694,0.3453,6394320000,6394320000,15.1261,
002191.SZ,劲嘉股份,2012-07-04,4.2639,4.3281,4.2382,4.2725,3018838,0.4702,6407160000,6407160000,15.1564,
002191.SZ,劲嘉股份,2012-07-05,4.2511,4.2725,4.174,4.2596,2358701,0.3674,6387900000,6387900000,15.1109,
002191.SZ,劲嘉股份,2012-07-06,4.2596,4.2853,4.1869,4.2639,2511891,0.3913,6394320000,6394320000,15.1261,
002191.SZ,劲嘉股份,2012-07-09,4.2768,4.281,4.1997,4.2125,3319065,0.517,6317280000,6317280000,14.9438,
002191.SZ,劲嘉股份,2012-07-10,4.234,4.234,4.1398,4.2168,2024004,0.3153,6323700000,6323700000,14.959,
002191.SZ,劲嘉股份,2012-07-11,4.1954,4.2254,4.1526,4.1954,2273377,0.3541,6291600000,6291600000,14.8831,
002191.SZ,劲嘉股份,2012-07-12,4.1826,4.2468,4.1526,4.2297,3066667,0.4777,6342960000,6342960000,15.0046,
002191.SZ,劲嘉股份,2012-07-13,4.2297,4.2554,4.1398,4.1954,2661882,0.4146,6291600000,6291600000,14.8831,
002191.SZ,劲嘉股份,2012-07-16,4.174,4.174,4.0071,4.0456,5684299,0.8854,6066900000,6066900000,14.3515,
002191.SZ,劲嘉股份,2012-07-17,4.0456,4.067,3.9857,4.0541,2155712,0.3358,6079740000,6079740000,14.3819,
002191.SZ,劲嘉股份,2012-07-18,4.0541,4.0713,3.96,4.0713,2974609,0.4633,6105420000,6105420000,14.4427,
002191.SZ,劲嘉股份,2012-07-19,4.0584,4.2982,4.0327,4.234,6711459,1.0454,6349380000,6349380000,15.0198,
002191.SZ,劲嘉股份,2012-07-20,4.2382,4.3025,4.2168,4.2511,3490947,0.5438,6375060000,6375060000,15.0805,
002191.SZ,劲嘉股份,2012-07-23,4.234,4.281,4.1569,4.204,1897807,0.2956,6304440000,6304440000,14.9135,
002191.SZ,劲嘉股份,2012-07-24,4.2297,4.2297,4.1783,4.2083,1044057,0.1626,6310860000,6310860000,14.9286,
002191.SZ,劲嘉股份,2012-07-25,4.1954,4.2382,4.1783,4.2168,1033576,0.161,6323700000,6323700000,14.959,
002191.SZ,劲嘉股份,2012-07-26,4.1954,4.311,4.1869,4.2083,2644210,0.4119,6310860000,6310860000,14.9286,
002191.SZ,劲嘉股份,2012-07-27,4.2382,4.2554,4.1441,4.2125,2457395,0.3828,6317280000,6317280000,14.9438,
002191.SZ,劲嘉股份,2012-07-30,4.2083,4.2382,4.1141,4.1441,1890653,0.2945,6214560000,6214560000,14.7008,
002191.SZ,劲嘉股份,2012-07-31,4.1441,4.1655,4.0584,4.1184,3591539,0.5594,6176040000,6176040000,14.2611,
002191.SZ,劲嘉股份,2012-08-01,4.0927,4.1612,4.0756,4.1398,1332862,0.2076,6208140000,6208140000,14.3353,
002191.SZ,劲嘉股份,2012-08-02,4.1012,4.1655,4.0584,4.1655,1156856,0.1802,6246660000,6246660000,14.4242,
002191.SZ,劲嘉股份,2012-08-03,4.1526,4.2168,4.097,4.2168,1749505,0.2725,6323700000,6323700000,14.6021,
002191.SZ,劲嘉股份,2012-08-06,4.1954,4.2768,4.1869,4.2554,2962147,0.4614,6381480000,6381480000,14.7355,
002191.SZ,劲嘉股份,2012-08-07,4.2382,4.2639,4.2083,4.2382,1363703,0.2124,6355800000,6355800000,14.6762,
002191.SZ,劲嘉股份,2012-08-08,4.2382,4.2596,4.174,4.234,1406062,0.219,6349380000,6349380000,14.6614,
002191.SZ,劲嘉股份,2012-08-09,4.2168,4.2982,4.1826,4.2982,3163099,0.4927,6445680000,6445680000,14.8838,
002191.SZ,劲嘉股份,2012-08-10,4.2768,4.3239,4.2596,4.2982,2298275,0.358,6445680000,6445680000,14.8838,
002191.SZ,劲嘉股份,2012-08-13,4.281,4.2853,4.2125,4.2254,1233506,0.1921,6336540000,6336540000,14.6318,
002191.SZ,劲嘉股份,2012-08-14,4.2382,4.2511,4.1869,4.2382,902945,0.1406,6355800000,6355800000,14.6762,
002191.SZ,劲嘉股份,2012-08-15,4.2382,4.2554,4.2083,4.2125,957994,0.1492,6317280000,6317280000,14.5873,
002191.SZ,劲嘉股份,2012-08-16,4.2125,4.2254,4.1483,4.1869,933872,0.1455,6278760000,6278760000,14.4983,
002191.SZ,劲嘉股份,2012-08-17,4.1612,4.1869,4.1526,4.1826,523771,0.0816,6272340000,6272340000,14.4835,
002191.SZ,劲嘉股份,2012-08-20,4.174,4.1783,4.1269,4.1783,652930,0.1017,6265920000,6265920000,14.4687,
002191.SZ,劲嘉股份,2012-08-21,4.1869,4.234,4.1612,4.2125,1215565,0.1893,6317280000,6317280000,14.5873,
002191.SZ,劲嘉股份,2012-08-22,4.2168,4.2297,4.1697,4.1954,653592,0.1018,6291600000,6291600000,14.528,
002191.SZ,劲嘉股份,2012-08-23,4.1783,4.204,4.1483,4.1826,1195590,0.1862,6272340000,6272340000,14.4835,
002191.SZ,劲嘉股份,2012-08-24,4.1655,4.1697,4.067,4.1055,1863575,0.2903,6156780000,6156780000,14.2167,
002191.SZ,劲嘉股份,2012-08-27,4.067,4.0927,4.0113,4.0841,2060748,0.321,6124680000,6124680000,14.1425,
002191.SZ,劲嘉股份,2012-08-28,4.067,4.1098,4.0456,4.1012,956797,0.149,6150360000,6150360000,14.2018,
002191.SZ,劲嘉股份,2012-08-29,4.0713,4.1355,4.0627,4.0884,1884969,0.2936,6131100000,6131100000,14.1574,
002191.SZ,劲嘉股份,2012-08-30,4.0884,4.1098,4.037,4.0841,1875875,0.2922,6124680000,6124680000,14.1425,
002191.SZ,劲嘉股份,2012-08-31,4.0499,4.1141,4.0456,4.1012,1174161,0.1829,6150360000,6150360000,14.2018,
002191.SZ,劲嘉股份,2012-09-03,4.0884,4.1612,4.0713,4.1483,1265678,0.1971,6220980000,6220980000,14.3649,
002191.SZ,劲嘉股份,2012-09-04,4.1398,4.1655,4.0884,4.1269,1081909,0.1685,6188880000,6188880000,14.2908,
002191.SZ,劲嘉股份,2012-09-05,4.1098,4.1612,4.0841,4.1441,962175,0.1499,6214560000,6214560000,14.3501,
002191.SZ,劲嘉股份,2012-09-06,4.1441,4.2083,4.1012,4.1997,2043178,0.3183,6298020000,6298020000,14.5428,
002191.SZ,劲嘉股份,2012-09-07,4.2211,4.3239,4.1783,4.2939,5038767,0.7849,6439260000,6439260000,14.8689,
002191.SZ,劲嘉股份,2012-09-10,4.2725,4.3153,4.2511,4.2725,1871053,0.2914,6407160000,6407160000,14.7948,
002191.SZ,劲嘉股份,2012-09-11,4.2468,4.2853,4.234,4.281,1244141,0.1938,6420000000,6420000000,14.8245,
002191.SZ,劲嘉股份,2012-09-12,4.281,4.3067,4.2254,4.2554,1248812,0.1945,6381480000,6381480000,14.7355,
002191.SZ,劲嘉股份,2012-09-13,4.281,4.281,4.204,4.2168,1262168,0.1966,6323700000,6323700000,14.6021,
002191.SZ,劲嘉股份,2012-09-14,4.2382,4.2596,4.2083,4.2468,959569,0.1495,6368640000,6368640000,14.7059,
002191.SZ,劲嘉股份,2012-09-17,4.2554,4.2725,4.1526,4.1954,2123835,0.3308,6291600000,6291600000,14.528,
002191.SZ,劲嘉股份,2012-09-18,4.2083,4.2083,4.1483,4.174,1041871,0.1623,6259500000,6259500000,14.4539,
002191.SZ,劲嘉股份,2012-09-19,4.174,4.1954,4.1569,4.1954,813105,0.1267,6291600000,6291600000,14.528,
002191.SZ,劲嘉股份,2012-09-20,4.2083,4.281,4.1526,4.174,2286543,0.3562,6259500000,6259500000,14.4539,
002191.SZ,劲嘉股份,2012-09-21,4.1355,4.1869,4.067,4.1826,1747896,0.2723,6272340000,6272340000,14.4835,
002191.SZ,劲嘉股份,2012-09-24,4.174,4.174,4.0884,4.1483,1124234,0.1751,6220980000,6220980000,14.3649,
002191.SZ,劲嘉股份,2012-09-25,4.1226,4.2468,4.1184,4.234,2693666,0.4196,6349380000,6349380000,14.6614,
002191.SZ,劲嘉股份,2012-09-26,4.2254,4.2768,4.1569,4.1954,1977083,0.308,6291600000,6291600000,14.528,
002191.SZ,劲嘉股份,2012-09-27,4.1655,4.2682,4.1355,4.2297,2000784,0.3116,6342960000,6342960000,14.6466,
002191.SZ,劲嘉股份,2012-09-28,4.2083,4.2768,4.1483,4.2554,2933252,0.4569,6381480000,6381480000,14.7355,
002191.SZ,劲嘉股份,2012-10-08,4.2254,4.2596,4.2125,4.2211,903419,0.1407,6330120000,6330120000,14.6169,
002191.SZ,劲嘉股份,2012-10-09,4.2425,4.2939,4.2211,4.2896,3188834,0.4967,6432840000,6432840000,14.8541,
002191.SZ,劲嘉股份,2012-10-10,4.2725,4.3025,4.2596,4.2853,1856243,0.2891,6426420000,6426420000,14.8393,
002191.SZ,劲嘉股份,2012-10-11,4.281,4.3067,4.2468,4.2682,2190114,0.3411,6400740000,6400740000,14.78,
002191.SZ,劲嘉股份,2012-10-12,4.2725,4.3324,4.2468,4.2896,2294483,0.3574,6432840000,6432840000,14.8541,
002191.SZ,劲嘉股份,2012-10-15,4.3025,4.4052,4.281,4.4052,5967496,0.9295,6606180000,6606180000,15.2544,
002191.SZ,劲嘉股份,2012-10-16,4.3881,4.4009,4.3538,4.3881,3137272,0.4887,6580500000,6580500000,15.1951,
002191.SZ,劲嘉股份,2012-10-17,4.3838,4.4266,4.3538,4.3838,1887634,0.294,6574080000,6574080000,15.1803,
002191.SZ,劲嘉股份,2012-10-18,4.3838,4.4009,4.341,4.3881,1826776,0.2845,6580500000,6580500000,15.1951,
002191.SZ,劲嘉股份,2012-10-19,4.4009,4.418,4.3709,4.3881,1508949,0.235,6580500000,6580500000,15.1951,
002191.SZ,劲嘉股份,2012-10-22,4.3709,4.3709,4.3025,4.3367,1812946,0.2824,6503460000,6503460000,15.0172,
002191.SZ,劲嘉股份,2012-10-23,4.3324,4.3453,4.2639,4.2725,3005553,0.4682,6407160000,6407160000,14.7948,
002191.SZ,劲嘉股份,2012-10-24,4.2725,4.2982,4.2297,4.2682,2039274,0.3176,6400740000,6400740000,14.78,
002191.SZ,劲嘉股份,2012-10-25,4.2468,4.2853,4.234,4.2468,1373952,0.214,6368640000,6368640000,14.7059,
002191.SZ,劲嘉股份,2012-10-26,4.2596,4.2682,4.1055,4.174,3115497,0.4853,6259500000,6259500000,14.4539,
002191.SZ,劲嘉股份,2012-10-29,4.1697,4.1783,4.0884,4.1269,2751583,0.4286,6188880000,6188880000,14.8649,
002191.SZ,劲嘉股份,2012-10-30,4.1141,4.1441,4.0884,4.1269,1180579,0.1839,6188880000,6188880000,14.8649,
002191.SZ,劲嘉股份,2012-10-31,4.1226,4.1569,4.097,4.1483,1720542,0.268,6220980000,6220980000,14.942,
002191.SZ,劲嘉股份,2012-11-01,4.1441,4.204,4.1312,4.1869,2394064,0.3729,6278760000,6278760000,15.0808,
002191.SZ,劲嘉股份,2012-11-02,4.1954,4.204,4.1226,4.1355,2221318,0.346,6201720000,6201720000,14.8957,
002191.SZ,劲嘉股份,2012-11-05,4.1312,4.1398,4.0627,4.097,3239536,0.5046,6143940000,6143940000,14.757,
002191.SZ,劲嘉股份,2012-11-06,4.097,4.1012,4.0413,4.0713,1838534,0.2864,6105420000,6105420000,14.6644,
002191.SZ,劲嘉股份,2012-11-07,4.0713,4.1398,4.0242,4.1312,1937029,0.3017,6195300000,6195300000,14.8803,
002191.SZ,劲嘉股份,2012-11-08,4.1055,4.1184,4.0713,4.0756,1103494,0.1719,6111840000,6111840000,14.6799,
002191.SZ,劲嘉股份,2012-11-09,4.0584,4.0884,4.0584,4.0798,697999,0.1087,6118260000,6118260000,14.6953,
002191.SZ,劲嘉股份,2012-11-12,4.067,4.1055,4.067,4.0927,660252,0.1028,6137520000,6137520000,14.7415,
002191.SZ,劲嘉股份,2012-11-13,4.0927,4.1055,4.0499,4.067,938057,0.1461,6099000000,6099000000,14.649,
002191.SZ,劲嘉股份,2012-11-14,4.0713,4.0798,4.0327,4.0713,831770,0.1296,6105420000,6105420000,14.6644,
002191.SZ,劲嘉股份,2012-11-15,4.1019,4.1063,3.9401,4.0669,2049887,0.3193,5970600000,5970600000,14.3406,
002191.SZ,劲嘉股份,2012-11-16,4.0144,4.0582,3.9445,4.0582,1459329,0.2273,5957760000,5957760000,14.3098,
002191.SZ,劲嘉股份,2012-11-19,4.0013,4.045,3.9882,4.045,666239,0.1038,5938500000,5938500000,14.2635,
002191.SZ,劲嘉股份,2012-11-20,4.0363,4.045,4.0013,4.0319,651660,0.1015,5919240000,5919240000,14.2173,
002191.SZ,劲嘉股份,2012-11-21,4.0144,4.045,3.9401,4.0057,1050051,0.1636,5880720000,5880720000,14.1247,
002191.SZ,劲嘉股份,2012-11-22,4.0188,4.0319,3.9794,4.0013,538864,0.0839,5874300000,5874300000,14.1093,
002191.SZ,劲嘉股份,2012-11-23,3.9882,4.0188,3.9707,3.9969,826654,0.1288,5867880000,5867880000,14.0939,
002191.SZ,劲嘉股份,2012-11-26,3.9926,4.0101,3.9401,3.9751,621465,0.0968,5835780000,5835780000,14.0168,
002191.SZ,劲嘉股份,2012-11-27,3.9707,3.9707,3.7958,3.8483,2284809,0.3559,5649600000,5649600000,13.5696,
002191.SZ,劲嘉股份,2012-11-28,3.8308,3.8395,3.7171,3.7389,1746657,0.2721,5489100000,5489100000,13.1841,
002191.SZ,劲嘉股份,2012-11-29,3.7389,3.7827,3.7171,3.7258,1044937,0.1628,5469840000,5469840000,13.1379,
002191.SZ,劲嘉股份,2012-11-30,3.7477,3.7477,3.6515,3.7302,624062,0.0972,5476260000,5476260000,13.1533,
002191.SZ,劲嘉股份,2012-12-03,3.7302,3.7346,3.6077,3.6427,1706588,0.2658,5347860000,5347860000,12.8449,
002191.SZ,劲嘉股份,2012-12-04,3.6515,3.7302,3.5902,3.6952,920119,0.1433,5424900000,5424900000,13.0299,
002191.SZ,劲嘉股份,2012-12-05,3.6733,3.822,3.6515,3.7564,3189417,0.4968,5514780000,5514780000,13.2458,
002191.SZ,劲嘉股份,2012-12-06,3.7477,3.752,3.6733,3.7039,1259191,0.1961,5437740000,5437740000,13.0608,
002191.SZ,劲嘉股份,2012-12-07,3.7171,3.8001,3.6908,3.787,2029354,0.3161,5559720000,5559720000,13.3537,
002191.SZ,劲嘉股份,2012-12-10,3.787,3.8308,3.7171,3.8176,2838696,0.4422,5604660000,5604660000,13.4617,
002191.SZ,劲嘉股份,2012-12-11,3.8045,3.8045,3.7477,3.7695,1276234,0.1988,5534040000,5534040000,13.2921,
002191.SZ,劲嘉股份,2012-12-12,3.7695,3.787,3.7083,3.7346,1072317,0.167,5482680000,5482680000,13.1687,
002191.SZ,劲嘉股份,2012-12-13,3.7389,3.7389,3.6427,3.6558,1494081,0.2327,5367120000,5367120000,12.8911,
002191.SZ,劲嘉股份,2012-12-14,3.6515,3.8308,3.6515,3.8001,3883618,0.6049,5578980000,5578980000,13.4,
002191.SZ,劲嘉股份,2012-12-17,3.8264,3.8395,3.7695,3.8045,3248414,0.506,5585400000,5585400000,13.4154,
002191.SZ,劲嘉股份,2012-12-18,3.8045,3.8657,3.7783,3.8657,4643906,0.7233,5675280000,5675280000,13.6313,
002191.SZ,劲嘉股份,2012-12-19,3.8526,3.8745,3.8264,3.8395,1527521,0.2379,5636760000,5636760000,13.5388,
002191.SZ,劲嘉股份,2012-12-20,3.8308,3.8308,3.7608,3.8045,2095886,0.3265,5585400000,5585400000,13.4154,
002191.SZ,劲嘉股份,2012-12-21,3.8045,3.8483,3.787,3.8133,2124898,0.331,5598240000,5598240000,13.4463,
002191.SZ,劲嘉股份,2012-12-24,3.7958,3.892,3.7914,3.8876,2367409,0.3688,5707380000,5707380000,13.7084,
002191.SZ,劲嘉股份,2012-12-25,3.8876,3.9926,3.8526,3.9663,3793757,0.5909,5822940000,5822940000,13.986,
002191.SZ,劲嘉股份,2012-12-26,3.9488,4.0057,3.9357,3.9707,2872519,0.4474,5829360000,5829360000,14.0014,
002191.SZ,劲嘉股份,2012-12-27,4.0057,4.0188,3.927,3.9445,1989757,0.3099,5790840000,5790840000,13.9089,
002191.SZ,劲嘉股份,2012-12-28,3.9357,3.9619,3.9095,3.9576,2297464,0.3579,5810100000,5810100000,13.9551,
002191.SZ,劲嘉股份,2012-12-31,3.9576,3.9882,3.8964,3.9794,3804868,0.5927,5842200000,5842200000,14.0322,
002191.SZ,劲嘉股份,2013-01-04,3.9882,4.0057,3.9138,3.9401,2271079,0.3538,5784420000,5784420000,13.8934,
002191.SZ,劲嘉股份,2013-01-07,3.9313,3.9488,3.8789,3.9401,2337405,0.3641,5784420000,5784420000,13.8934,
002191.SZ,劲嘉股份,2013-01-08,3.927,3.9707,3.8964,3.9576,3160969,0.4924,5810100000,5810100000,13.9551,
002191.SZ,劲嘉股份,2013-01-09,3.9488,4.0144,3.927,3.9969,5190747,0.8085,5867880000,5867880000,14.0939,
002191.SZ,劲嘉股份,2013-01-10,3.9882,4.0188,3.9619,3.9969,3755763,0.585,5867880000,5867880000,14.0939,
002191.SZ,劲嘉股份,2013-01-11,3.9882,4.0057,3.892,3.9051,3759322,0.5856,5733060000,5733060000,13.7701,
002191.SZ,劲嘉股份,2013-01-14,3.892,3.9926,3.857,3.9882,6051129,0.9425,5855040000,5855040000,14.0631,
002191.SZ,劲嘉股份,2013-01-15,3.9838,4.0582,3.9751,4.0319,6878660,1.0714,5919240000,5919240000,14.2173,
002191.SZ,劲嘉股份,2013-01-16,4.0363,4.0888,3.9751,4.0188,4702600,0.7325,5899980000,5899980000,14.171,
002191.SZ,劲嘉股份,2013-01-17,4.0013,4.0363,3.9619,4.0013,3315246,0.5164,5874300000,5874300000,14.1093,
002191.SZ,劲嘉股份,2013-01-18,4.0101,4.0275,3.9751,4.0232,4529139,0.7055,5906400000,5906400000,14.1864,
002191.SZ,劲嘉股份,2013-01-21,4.0232,4.0713,3.9926,4.0669,5760626,0.8973,5970600000,5970600000,14.3406,
002191.SZ,劲嘉股份,2013-01-22,4.0363,4.0844,3.9619,3.9926,3716854,0.5789,5861460000,5861460000,14.0785,
002191.SZ,劲嘉股份,2013-01-23,3.9838,4.0101,3.8745,3.9226,4834869,0.7531,5758740000,5758740000,13.8318,
002191.SZ,劲嘉股份,2013-01-24,3.9226,3.9532,3.8045,3.8176,5297571,0.8252,5604660000,5604660000,13.4617,
002191.SZ,劲嘉股份,2013-01-25,3.8133,3.8395,3.7958,3.8045,3283483,0.5114,5585400000,5585400000,13.4154,
002191.SZ,劲嘉股份,2013-01-28,3.8395,3.9095,3.8395,3.892,5003088,0.7793,5713800000,5713800000,13.0414,
002191.SZ,劲嘉股份,2013-01-29,3.8964,3.9182,3.8614,3.9095,6602289,1.0284,5739480000,5739480000,13.1,
002191.SZ,劲嘉股份,2013-01-30,3.9095,3.9095,3.8483,3.892,6188355,0.9639,5713800000,5713800000,13.0414,
002191.SZ,劲嘉股份,2013-01-31,3.892,3.9182,3.8395,3.8701,4366617,0.6802,5681700000,5681700000,12.9681,
002191.SZ,劲嘉股份,2013-02-01,3.8526,3.9051,3.8483,3.8964,4865817,0.7579,5720220000,5720220000,13.056,
002191.SZ,劲嘉股份,2013-02-04,3.8876,3.9445,3.8745,3.9401,6826010,1.0632,5784420000,5784420000,13.2026,
002191.SZ,劲嘉股份,2013-02-05,3.9051,4.0057,3.8876,3.9794,6889167,1.0731,5842200000,5842200000,13.3344,
002191.SZ,劲嘉股份,2013-02-06,3.9663,4.0494,3.9663,3.9926,6616548,1.0306,5861460000,5861460000,13.3784,
002191.SZ,劲嘉股份,2013-02-07,3.9969,4.0319,3.9751,4.0101,3947994,0.615,5887140000,5887140000,13.437,
002191.SZ,劲嘉股份,2013-02-08,4.0188,4.0538,3.9926,4.0407,5549877,0.8645,5932080000,5932080000,13.5396,
002191.SZ,劲嘉股份,2013-02-18,4.0625,4.0669,4.0013,4.0101,4543306,0.7077,5887140000,5887140000,13.437,
002191.SZ,劲嘉股份,2013-02-19,4.0057,4.045,3.9226,3.9226,6296215,0.9807,5758740000,5758740000,13.144,
002191.SZ,劲嘉股份,2013-02-20,3.9357,4.0275,3.9095,4.0232,5943827,0.9258,5906400000,5906400000,13.481,
002191.SZ,劲嘉股份,2013-02-21,4.0013,4.0013,3.9095,3.9357,6020029,0.9377,5778000000,5778000000,13.1879,
002191.SZ,劲嘉股份,2013-02-22,3.9313,4.0713,3.9313,4.0275,10620189,1.6542,5912820000,5912820000,13.4956,
002191.SZ,劲嘉股份,2013-02-25,4.0319,4.1719,4.0013,4.1456,14784429,2.3029,6086160000,6086160000,13.8913,
002191.SZ,劲嘉股份,2013-02-26,4.1106,4.1893,4.0582,4.0669,7876821,1.2269,5970600000,5970600000,13.6275,
002191.SZ,劲嘉股份,2013-02-27,4.0713,4.1675,4.0363,4.0756,4208438,0.6555,5983440000,5983440000,13.6568,
002191.SZ,劲嘉股份,2013-02-28,4.1019,4.1194,4.045,4.0844,6172993,0.9615,5996280000,5996280000,13.6861,
002191.SZ,劲嘉股份,2013-03-01,4.0844,4.1369,4.0538,4.1106,5619501,0.8753,6034800000,6034800000,13.774,
002191.SZ,劲嘉股份,2013-03-04,4.0975,4.0975,3.9357,3.9751,6016369,0.9371,5835780000,5835780000,13.3198,
002191.SZ,劲嘉股份,2013-03-05,3.9619,4.0232,3.9488,4.0057,3631280,0.5656,5880720000,5880720000,13.4224,
002191.SZ,劲嘉股份,2013-03-06,4.0188,4.0888,4.0013,4.0669,5114535,0.7967,5970600000,5970600000,13.6275,
002191.SZ,劲嘉股份,2013-03-07,4.0625,4.1019,3.9969,4.0319,4338675,0.6758,5919240000,5919240000,13.5103,
002191.SZ,劲嘉股份,2013-03-08,4.0625,4.0625,3.9751,3.9794,3162462,0.4926,5842200000,5842200000,13.3344,
002191.SZ,劲嘉股份,2013-03-11,3.9882,3.9882,3.8701,3.9095,7504008,1.1688,5739480000,5739480000,13.1,
002191.SZ,劲嘉股份,2013-03-12,3.9051,3.9401,3.7608,3.7958,5454778,0.8497,5572560000,5572560000,12.719,
002191.SZ,劲嘉股份,2013-03-13,3.8176,3.8176,3.7652,3.8133,2300976,0.3584,5598240000,5598240000,12.7776,
002191.SZ,劲嘉股份,2013-03-14,3.8089,3.822,3.7739,3.7958,2648689,0.4126,5572560000,5572560000,12.719,
002191.SZ,劲嘉股份,2013-03-15,3.8176,3.8308,3.7433,3.7608,3897734,0.6071,5521200000,5521200000,12.6018,
002191.SZ,劲嘉股份,2013-03-18,3.7652,3.7827,3.6952,3.7389,2812477,0.4381,5489100000,5489100000,12.5285,
002191.SZ,劲嘉股份,2013-03-19,3.7258,3.7608,3.7127,3.7564,2290962,0.3568,5514780000,5514780000,12.5871,
002191.SZ,劲嘉股份,2013-03-20,3.7652,3.8308,3.7477,3.822,4682152,0.7293,5611080000,5611080000,12.8069,
002191.SZ,劲嘉股份,2013-03-21,3.8264,3.8395,3.8089,3.822,3236078,0.5041,5611080000,5611080000,12.8069,
002191.SZ,劲嘉股份,2013-03-22,3.8176,3.8657,3.8001,3.8395,3411587,0.5314,5636760000,5636760000,12.8655,
002191.SZ,劲嘉股份,2013-03-25,3.8395,3.8526,3.8089,3.8133,2180349,0.3396,5598240000,5598240000,12.7776,
002191.SZ,劲嘉股份,2013-03-26,3.8133,3.8133,3.7083,3.7389,3468916,0.5403,5489100000,5489100000,12.5285,
002191.SZ,劲嘉股份,2013-03-27,3.7389,3.7695,3.7127,3.7258,3576271,0.5571,5469840000,5469840000,12.4846,
002191.SZ,劲嘉股份,2013-03-28,3.7039,3.7039,3.6209,3.6252,4072813,0.6344,5322180000,5322180000,12.1475,
002191.SZ,劲嘉股份,2013-03-29,3.6252,3.6733,3.6252,3.6558,1714791,0.2671,5367120000,5367120000,12.2501,
002191.SZ,劲嘉股份,2013-04-01,3.6602,3.7171,3.6471,3.6952,3109613,0.4844,5424900000,5424900000,12.382,
002191.SZ,劲嘉股份,2013-04-02,3.6952,3.7083,3.5815,3.6077,3718098,0.5791,5296500000,5296500000,12.0889,
002191.SZ,劲嘉股份,2013-04-03,3.6121,3.6252,3.5465,3.5771,2016148,0.314,5251560000,5251560000,11.9863,
002191.SZ,劲嘉股份,2013-04-08,3.5421,3.5509,3.4897,3.5509,2832517,0.4412,5213040000,5213040000,11.8984,
002191.SZ,劲嘉股份,2013-04-09,3.5509,3.6209,3.5509,3.6034,2491033,0.388,5290080000,5290080000,12.0743,
002191.SZ,劲嘉股份,2013-04-10,3.6077,3.6077,3.5728,3.5859,1557674,0.2426,5264400000,5264400000,12.0157,
002191.SZ,劲嘉股份,2013-04-11,3.6077,3.6165,3.5771,3.5815,1709094,0.2662,5257980000,5257980000,12.001,
002191.SZ,劲嘉股份,2013-04-12,3.5771,3.5859,3.494,3.4984,2493833,0.3884,5136000000,5136000000,11.8678,
002191.SZ,劲嘉股份,2013-04-15,3.5115,3.5115,3.4503,3.4634,2020866,0.3148,5084640000,5084640000,11.7491,
002191.SZ,劲嘉股份,2013-04-16,3.4503,3.5203,3.4109,3.5115,2498475,0.3892,5155260000,5155260000,11.9123,
002191.SZ,劲嘉股份,2013-04-17,3.5028,3.5159,3.4765,3.5115,1560077,0.243,5155260000,5155260000,11.9123,
002191.SZ,劲嘉股份,2013-04-18,3.4897,3.5728,3.4853,3.5465,1863758,0.2903,5206620000,5206620000,12.0309,
002191.SZ,劲嘉股份,2013-04-19,3.5465,3.599,3.5421,3.5946,3335165,0.5195,5277240000,5277240000,12.1941,
002191.SZ,劲嘉股份,2013-04-22,3.564,3.5946,3.564,3.5771,1792195,0.2792,5251560000,5251560000,12.1348,
002191.SZ,劲嘉股份,2013-04-23,3.5902,3.5902,3.4459,3.4547,2660945,0.4145,5071800000,5071800000,11.7194,
002191.SZ,劲嘉股份,2013-04-24,3.4853,3.6209,3.4372,3.6121,5692773,0.8867,5302920000,5302920000,12.2535,
002191.SZ,劲嘉股份,2013-04-25,3.5902,3.6165,3.5465,3.564,3556046,0.5539,5232300000,5232300000,12.0903,
002191.SZ,劲嘉股份,2013-04-26,3.5728,3.6252,3.5421,3.5596,3025046,0.4712,5225880000,5225880000,11.827,
002191.SZ,劲嘉股份,2013-05-02,3.5553,3.6209,3.5203,3.6077,3152266,0.491,5296500000,5296500000,11.9868,
002191.SZ,劲嘉股份,2013-05-03,3.6209,3.7214,3.6209,3.7083,6565896,1.0227,5444160000,5444160000,12.321,
002191.SZ,劲嘉股份,2013-05-06,3.7127,3.7739,3.6864,3.7346,5628448,0.8767,5482680000,5482680000,12.4082,
002191.SZ,劲嘉股份,2013-05-07,3.7389,3.7389,3.6864,3.7214,2622354,0.4085,5463420000,5463420000,12.3646,
002191.SZ,劲嘉股份,2013-05-08,3.7214,3.7652,3.6996,3.752,2907416,0.4529,5508360000,5508360000,12.4663,
002191.SZ,劲嘉股份,2013-05-09,3.7389,3.8089,3.6996,3.7389,5667178,0.8827,5489100000,5489100000,12.4227,
002191.SZ,劲嘉股份,2013-05-10,3.7171,3.7477,3.6558,3.6777,6585741,1.0258,5399220000,5399220000,12.2193,
002191.SZ,劲嘉股份,2013-05-13,3.6777,3.7346,3.6296,3.7258,6371090,0.9924,5469840000,5469840000,12.3791,
002191.SZ,劲嘉股份,2013-05-14,3.7171,3.7827,3.669,3.6733,5012839,0.7808,5392800000,5392800000,12.2048,
002191.SZ,劲嘉股份,2013-05-15,3.6821,3.7039,3.6646,3.6821,5024701,0.7827,5405640000,5405640000,12.2338,
002191.SZ,劲嘉股份,2013-05-16,3.6733,3.7564,3.6515,3.752,8376156,1.3047,5508360000,5508360000,12.4663,
002191.SZ,劲嘉股份,2013-05-17,3.7302,3.787,3.7258,3.7783,7586964,1.1818,5546880000,5546880000,12.5535,
002191.SZ,劲嘉股份,2013-05-20,3.7739,3.822,3.7477,3.7783,8010160,1.2477,5546880000,5546880000,12.5535,
002191.SZ,劲嘉股份,2013-05-21,3.7783,3.8964,3.7739,3.8832,12980517,2.0219,5700960000,5700960000,12.9022,
002191.SZ,劲嘉股份,2013-05-22,3.892,3.9488,3.8045,3.8308,11606698,1.8079,5623920000,5623920000,12.7278,
002191.SZ,劲嘉股份,2013-05-23,3.8308,3.8395,3.7477,3.7914,10091669,1.5719,5566140000,5566140000,12.5971,
002191.SZ,劲嘉股份,2013-05-24,3.7739,3.8089,3.7433,3.8045,8278870,1.2895,5585400000,5585400000,12.6406,
002191.SZ,劲嘉股份,2013-05-27,3.822,4.0057,3.7827,3.9794,20115235,3.1332,5842200000,5842200000,13.2218,
002191.SZ,劲嘉股份,2013-05-28,3.9663,4.0888,3.9488,4.0844,23723284,3.6952,5996280000,5996280000,13.5705,
002191.SZ,劲嘉股份,2013-05-29,4.1019,4.1106,4.0101,4.0756,13824743,2.1534,5983440000,5983440000,13.5415,
002191.SZ,劲嘉股份,2013-05-30,4.0407,4.2637,4.0101,4.2068,24235578,3.775,6176040000,6176040000,13.9774,
002191.SZ,劲嘉股份,2013-05-31,4.2331,4.2856,4.1675,4.2856,18149211,2.827,6291600000,6291600000,14.2389,
002191.SZ,劲嘉股份,2013-06-03,4.2462,4.3949,4.1937,4.2068,19147669,2.9825,6176040000,6176040000,13.9774,
002191.SZ,劲嘉股份,2013-06-04,4.1937,4.1981,4.08,4.1281,13177471,2.0526,6060480000,6060480000,13.7158,
002191.SZ,劲嘉股份,2013-06-05,4.1412,4.303,4.1238,4.2768,14572619,2.2699,6278760000,6278760000,14.2098,
002191.SZ,劲嘉股份,2013-06-06,4.2724,4.3774,4.2287,4.2768,12100686,1.8848,6278760000,6278760000,14.2098,
002191.SZ,劲嘉股份,2013-06-07,4.2681,4.3205,4.1456,4.1456,8884741,1.3839,6086160000,6086160000,13.7739,
002191.SZ,劲嘉股份,2013-06-13,4.0669,4.0669,3.9401,4.0275,7899774,1.2305,5912820000,5912820000,13.3816,
002191.SZ,劲嘉股份,2013-06-14,4.0669,4.1194,4.0319,4.0669,6450786,1.0048,5970600000,5970600000,13.5124,
002191.SZ,劲嘉股份,2013-06-17,4.1106,4.1412,3.9445,4.0407,6337088,0.9871,5932080000,5932080000,13.4252,
002191.SZ,劲嘉股份,2013-06-18,4.0669,4.22,4.0669,4.1281,8316243,1.2954,6060480000,6060480000,13.7158,
002191.SZ,劲嘉股份,2013-06-19,4.1106,4.1544,3.9969,4.1412,7003788,1.0909,6079740000,6079740000,13.7594,
002191.SZ,劲嘉股份,2013-06-20,4.1019,4.1456,4.0013,4.0057,4917740,0.766,5880720000,5880720000,13.309,
002191.SZ,劲嘉股份,2013-06-21,3.9357,4.1762,3.8745,4.1675,11204296,1.7452,6118260000,6118260000,13.8466,
002191.SZ,劲嘉股份,2013-06-24,4.1456,4.1806,3.9138,4.0582,9643260,1.5021,5957760000,5957760000,13.4834,
002191.SZ,劲嘉股份,2013-06-25,4.0013,4.1238,3.6558,4.0669,12979782,2.0218,5970600000,5970600000,13.5124,
002191.SZ,劲嘉股份,2013-06-26,4.0669,4.1194,4.0232,4.0888,9015262,1.4042,6002700000,6002700000,13.5851,
002191.SZ,劲嘉股份,2013-06-27,4.1019,4.1238,3.8614,3.8789,11545250,1.7983,5694540000,5694540000,12.8876,
002191.SZ,劲嘉股份,2013-06-28,3.8832,3.9663,3.7433,3.7827,7229597,1.1261,5553300000,5553300000,12.568,
002191.SZ,劲嘉股份,2013-07-01,3.7827,3.8832,3.752,3.8614,4930672,0.768,5668860000,5668860000,12.8295,
002191.SZ,劲嘉股份,2013-07-02,3.8701,3.9619,3.8045,3.927,5312111,0.8274,5765160000,5765160000,13.0475,
002191.SZ,劲嘉股份,2013-07-03,3.9007,3.9619,3.8614,3.9226,5184674,0.8076,5758740000,5758740000,13.0329,
002191.SZ,劲嘉股份,2013-07-04,3.9138,4.15,3.857,4.1063,11683526,1.8199,6028380000,6028380000,13.6432,
002191.SZ,劲嘉股份,2013-07-05,4.0494,4.1369,3.9969,4.0057,8037234,1.2519,5880720000,5880720000,13.309,
002191.SZ,劲嘉股份,2013-07-08,3.9794,3.9838,3.8745,3.8745,4312807,0.6718,5688120000,5688120000,12.8731,
002191.SZ,劲嘉股份,2013-07-09,3.857,3.9095,3.8483,3.8701,2747302,0.4279,5681700000,5681700000,12.8586,
002191.SZ,劲嘉股份,2013-07-10,3.8745,4.0319,3.8745,4.0144,6341181,0.9877,5893560000,5893560000,13.3381,
002191.SZ,劲嘉股份,2013-07-11,4.0232,4.1281,4.0013,4.0888,8350098,1.3006,6002700000,6002700000,13.5851,
002191.SZ,劲嘉股份,2013-07-12,4.0888,4.1106,4.0057,4.0407,6700165,1.0436,5932080000,5932080000,13.4252,
002191.SZ,劲嘉股份,2013-07-15,4.0275,4.1544,4.0232,4.1063,6246003,0.9729,6028380000,6028380000,13.6432,
002191.SZ,劲嘉股份,2013-07-16,4.115,4.2331,4.0975,4.1893,11255428,1.7532,6150360000,6150360000,13.9192,
002191.SZ,劲嘉股份,2013-07-17,4.1893,4.2025,4.0363,4.0844,8103244,1.2622,5996280000,5996280000,13.5705,
002191.SZ,劲嘉股份,2013-07-18,4.0844,4.1369,4.0713,4.0975,3688946,0.5746,6015540000,6015540000,13.6141,
002191.SZ,劲嘉股份,2013-07-19,4.1106,4.1325,3.9969,4.0319,5211020,0.8117,5919240000,5919240000,13.3962,
002191.SZ,劲嘉股份,2013-07-22,4.0319,4.0494,3.9707,4.045,3957902,0.6165,5938500000,5938500000,13.4398,
002191.SZ,劲嘉股份,2013-07-23,4.0407,4.1544,4.0319,4.15,6196744,0.9652,6092580000,6092580000,13.7885,
002191.SZ,劲嘉股份,2013-07-24,4.1238,4.408,4.1238,4.408,21335315,3.3233,6471360000,6471360000,14.6457,
002191.SZ,劲嘉股份,2013-07-25,4.3861,4.4474,4.2943,4.3643,10437561,1.6258,6407160000,6407160000,14.5004,
002191.SZ,劲嘉股份,2013-07-26,4.3468,4.5436,4.3074,4.4911,13027610,2.0292,6593340000,6593340000,14.9218,
002191.SZ,劲嘉股份,2013-07-29,4.4823,4.5348,4.373,4.3905,8752830,1.3634,6445680000,6445680000,14.1248,
002191.SZ,劲嘉股份,2013-07-30,4.373,4.4342,4.2418,4.3818,7131677,1.1109,6432840000,6432840000,14.0967,
002191.SZ,劲嘉股份,2013-07-31,4.3818,4.5261,4.3643,4.3818,7384265,1.1502,6432840000,6432840000,14.0967,
002191.SZ,劲嘉股份,2013-08-01,4.3774,4.4998,4.3686,4.4605,7535521,1.1738,6548400000,6548400000,14.3499,
002191.SZ,劲嘉股份,2013-08-02,4.4648,4.5261,4.4386,4.4386,6620175,1.0312,6516300000,6516300000,14.2796,
002191.SZ,劲嘉股份,2013-08-05,4.4386,4.5698,4.408,4.5654,10317232,1.607,6702480000,6702480000,14.6876,
002191.SZ,劲嘉股份,2013-08-06,4.5654,4.6573,4.5304,4.5654,7931824,1.2355,6702480000,6702480000,14.6876,
002191.SZ,劲嘉股份,2013-08-07,4.5567,4.6879,4.4648,4.4955,7917591,1.2333,6599760000,6599760000,14.4625,
002191.SZ,劲嘉股份,2013-08-08,4.5042,4.6048,4.4648,4.5829,5763011,0.8977,6728160000,6728160000,14.7438,
002191.SZ,劲嘉股份,2013-08-09,4.6441,4.7272,4.596,4.6616,8589890,1.338,6843720000,6843720000,14.9971,
002191.SZ,劲嘉股份,2013-08-12,4.6922,4.701,4.6048,4.6529,5917758,0.9218,6830880000,6830880000,14.9689,
002191.SZ,劲嘉股份,2013-08-13,4.6529,4.8016,4.6048,4.7535,7865883,1.2252,6978540000,6978540000,15.2925,
002191.SZ,劲嘉股份,2013-08-14,4.7447,4.8234,4.6879,4.7578,6643620,1.0348,6984960000,6984960000,15.3066,
002191.SZ,劲嘉股份,2013-08-15,4.7622,4.8016,4.6704,4.6704,3688469,0.5745,6856560000,6856560000,15.0252,
002191.SZ,劲嘉股份,2013-08-16,4.6529,4.7185,4.4998,4.4998,8899166,1.3862,6606180000,6606180000,14.4765,
002191.SZ,劲嘉股份,2013-08-19,4.4955,4.6092,4.4692,4.5611,4816747,0.7503,6696060000,6696060000,14.6735,
002191.SZ,劲嘉股份,2013-08-20,4.5567,4.6092,4.4474,4.4736,5211729,0.8118,6567660000,6567660000,14.3921,
002191.SZ,劲嘉股份,2013-08-21,4.4823,4.5348,4.443,4.5086,3854569,0.6004,6619020000,6619020000,14.5047,
002191.SZ,劲嘉股份,2013-08-22,4.5086,4.6704,4.4823,4.6266,6055544,0.9432,6792360000,6792360000,14.8845,
002191.SZ,劲嘉股份,2013-08-23,4.6266,4.7054,4.4867,4.5304,8306659,1.2939,6651120000,6651120000,14.575,
002191.SZ,劲嘉股份,2013-08-26,4.5304,4.9765,4.5304,4.854,16241524,2.5298,7126200000,7126200000,15.6161,
002191.SZ,劲嘉股份,2013-08-27,4.854,4.9852,4.771,4.9415,14066921,2.1911,7254600000,7254600000,15.8974,
002191.SZ,劲嘉股份,2013-08-28,4.9109,5.1602,4.8672,5.0946,18910072,2.9455,7479300000,7479300000,16.3898,
002191.SZ,劲嘉股份,2013-08-29,5.0989,5.1208,4.9852,5.029,8025519,1.2501,7383000000,7383000000,16.1788,
002191.SZ,劲嘉股份,2013-08-30,4.9984,5.1077,4.9065,4.9721,9735461,1.5164,7299540000,7299540000,15.9959,
002191.SZ,劲嘉股份,2013-09-02,4.924,5.0902,4.924,4.9721,11489843,1.7897,7299540000,7299540000,15.9959,
002191.SZ,劲嘉股份,2013-09-03,4.9634,5.3263,4.9634,5.1689,26294653,4.0957,7588440000,7588440000,16.629,
002191.SZ,劲嘉股份,2013-09-04,5.182,5.3569,5.1689,5.2913,25380653,3.9534,7768200000,7768200000,17.0229,
002191.SZ,劲嘉股份,2013-09-05,5.322,5.5887,5.2564,5.4182,29808544,4.6431,7954380000,7954380000,17.4309,
002191.SZ,劲嘉股份,2013-09-06,5.3701,5.475,5.3394,5.4313,10900050,1.6978,7973640000,7973640000,17.4731,
002191.SZ,劲嘉股份,2013-09-09,5.4313,5.475,5.3526,5.3744,10511549,1.6373,7890180000,7890180000,17.2902,
002191.SZ,劲嘉股份,2013-09-10,5.3788,5.58,5.3569,5.4138,12441344,1.9379,7947960000,7947960000,17.4168,
002191.SZ,劲嘉股份,2013-09-11,5.4225,5.51,5.2476,5.3045,14221144,2.2151,7787460000,7787460000,17.0651,
002191.SZ,劲嘉股份,2013-09-12,5.4138,5.4925,5.3088,5.3919,12428821,1.936,7915860000,7915860000,17.3465,
002191.SZ,劲嘉股份,2013-09-13,5.3832,5.4182,5.2913,5.3263,6580220,1.025,7819560000,7819560000,17.1355,
002191.SZ,劲嘉股份,2013-09-16,5.3176,5.3657,5.1995,5.2432,8927967,1.3906,7697580000,7697580000,16.8682,
002191.SZ,劲嘉股份,2013-09-17,5.2389,5.3045,5.182,5.217,7617321,1.1865,7659060000,7659060000,16.7838,
002191.SZ,劲嘉股份,2013-09-18,5.2432,5.3438,5.2083,5.287,9045832,1.409,7761780000,7761780000,17.0089,
002191.SZ,劲嘉股份,2013-09-23,5.2913,5.3526,5.1077,5.1864,15011739,2.3383,7614120000,7614120000,16.6853,
002191.SZ,劲嘉股份,2013-09-24,5.1602,5.3263,5.1164,5.2476,9887791,1.5402,7704000000,7704000000,16.8822,
002191.SZ,劲嘉股份,2013-09-25,5.2957,5.475,5.2913,5.4225,13020693,2.0281,7960800000,7960800000,17.445,
002191.SZ,劲嘉股份,2013-09-26,5.3569,5.4488,5.3132,5.3307,8475952,1.3202,7825980000,7825980000,17.1495,
002191.SZ,劲嘉股份,2013-09-27,5.3744,5.4138,5.2564,5.3307,7297321,1.1367,7825980000,7825980000,17.1495,
002191.SZ,劲嘉股份,2013-09-30,5.3263,5.3526,5.2913,5.322,4741062,0.7385,7813140000,7813140000,17.1214,
002191.SZ,劲嘉股份,2013-10-08,5.3744,5.3744,5.0596,5.1121,15528878,2.4188,7504980000,7504980000,16.4461,
002191.SZ,劲嘉股份,2013-10-09,5.1164,5.3176,5.029,5.2957,8649423,1.3473,7774620000,7774620000,17.037,
002191.SZ,劲嘉股份,2013-10-10,5.2695,5.3394,5.0902,5.1164,11277745,1.7567,7511400000,7511400000,16.4602,
002191.SZ,劲嘉股份,2013-10-11,5.1164,5.2695,5.0202,5.1995,17137914,2.6695,7633380000,7633380000,16.7275,
002191.SZ,劲嘉股份,2013-10-14,5.1995,5.3088,5.1951,5.2301,7544381,1.1751,7678320000,7678320000,16.826,
002191.SZ,劲嘉股份,2013-10-15,5.2301,5.7505,5.2083,5.6412,28208766,4.3939,8281800000,8281800000,18.1484,
002191.SZ,劲嘉股份,2013-10-16,5.5975,5.6499,5.3569,5.5406,12340123,1.9221,8134140000,8134140000,17.8248,
002191.SZ,劲嘉股份,2013-10-17,5.5494,5.8861,5.5494,5.733,20796349,3.2393,8416620000,8416620000,18.4439,
002191.SZ,劲嘉股份,2013-10-18,5.803,5.8161,5.6499,5.768,8709330,1.3566,8467980000,8467980000,18.5564,
002191.SZ,劲嘉股份,2013-10-21,5.7811,5.8948,5.698,5.8598,13177163,2.0525,8602800000,8602800000,18.8518,
002191.SZ,劲嘉股份,2013-10-22,5.8598,6.1091,5.7942,5.9648,17499007,2.7257,8756880000,8756880000,18.5723,
002191.SZ,劲嘉股份,2013-10-23,5.9167,6.1834,5.7811,5.8817,15265185,2.3778,8634900000,8634900000,18.3136,
002191.SZ,劲嘉股份,2013-10-24,5.8948,5.9954,5.698,5.698,6958585,1.0839,8365260000,8365260000,17.7418,
002191.SZ,劲嘉股份,2013-10-25,5.7024,5.8511,5.5975,5.6718,11315727,1.7626,8326740000,8326740000,17.6601,
002191.SZ,劲嘉股份,2013-10-28,5.6368,5.8423,5.6324,5.6849,8001061,1.2463,8346000000,8346000000,17.7009,
002191.SZ,劲嘉股份,2013-10-29,5.7942,5.7942,5.2651,5.3963,11274318,1.7561,7922280000,7922280000,16.8022,
002191.SZ,劲嘉股份,2013-10-30,5.3963,5.6193,5.3963,5.6018,5612987,0.8743,8224020000,8224020000,17.4422,
002191.SZ,劲嘉股份,2013-10-31,5.545,5.6237,5.4488,5.4619,7228051,1.1259,8018580000,8018580000,17.0065,
002191.SZ,劲嘉股份,2013-11-01,5.4706,5.6324,5.44,5.5975,5275746,0.8218,8217600000,8217600000,17.4286,
002191.SZ,劲嘉股份,2013-11-04,5.5975,5.6237,5.475,5.51,5957862,0.928,8089200000,8089200000,17.1563,
002191.SZ,劲嘉股份,2013-11-05,5.51,5.5843,5.4357,5.5668,4306939,0.6709,8172660000,8172660000,17.3333,
002191.SZ,劲嘉股份,2013-11-06,5.5625,5.8555,5.5012,5.7505,13727177,2.1382,8442300000,8442300000,17.9051,
002191.SZ,劲嘉股份,2013-11-07,5.7068,6.0697,5.7068,5.8161,13319793,2.0747,8538600000,8538600000,18.1094,
002191.SZ,劲嘉股份,2013-11-08,5.8161,5.8817,5.7068,5.7155,8166756,1.2721,8390940000,8390940000,17.7962,
002191.SZ,劲嘉股份,2013-11-11,5.7024,6.2403,5.6631,6.0566,15777403,2.4575,8891700000,8891700000,18.8583,
002191.SZ,劲嘉股份,2013-11-12,6.026,6.2534,6.026,6.1178,14364097,2.2374,8981580000,8981580000,19.0489,
002191.SZ,劲嘉股份,2013-11-13,6.1178,6.2097,5.9079,5.9254,12500772,1.9472,8699100000,8699100000,18.4498,
002191.SZ,劲嘉股份,2013-11-14,5.9473,6.2534,5.9079,6.2447,14392708,2.2419,9167760000,9167760000,19.4438,
002191.SZ,劲嘉股份,2013-11-15,6.2097,6.4152,6.1441,6.2971,13225702,2.0601,9244800000,9244800000,19.6072,
002191.SZ,劲嘉股份,2013-11-18,6.2971,6.3409,6.2009,6.2753,10914467,1.7001,9212700000,9212700000,19.5391,
002191.SZ,劲嘉股份,2013-11-19,6.2534,6.2578,6.061,6.1004,13629885,2.123,8955900000,8955900000,18.9944,
002191.SZ,劲嘉股份,2013-11-20,6.1178,6.3627,6.1178,6.3365,10652621,1.6593,9302580000,9302580000,19.7297,
002191.SZ,劲嘉股份,2013-11-21,6.3365,6.4283,6.1266,6.249,12219583,1.9034,9174180000,9174180000,19.4574,
002191.SZ,劲嘉股份,2013-11-22,6.1791,6.3802,6.0348,6.0785,11168053,1.7396,8923800000,8923800000,18.9264,
002191.SZ,劲嘉股份,2013-11-25,6.0479,6.1135,6.0129,6.0435,7062161,1.1,8872440000,8872440000,18.8174,
002191.SZ,劲嘉股份,2013-11-26,6.0566,6.1528,6.0348,6.096,6219626,0.9688,8949480000,8949480000,18.9808,
002191.SZ,劲嘉股份,2013-11-27,6.0872,6.1397,5.9998,6.0216,12536354,1.9527,8840340000,8840340000,18.7493,
002191.SZ,劲嘉股份,2013-11-28,6.0216,6.2796,6.0129,6.2228,13753917,2.1424,9135660000,9135660000,19.3757,
002191.SZ,劲嘉股份,2013-11-29,6.2009,6.2665,6.1441,6.1966,11338297,1.7661,9097140000,9097140000,19.294,
002191.SZ,劲嘉股份,2013-12-02,6.0785,6.2315,5.9254,6.1004,12484318,1.9446,8955900000,8955900000,18.9944,
002191.SZ,劲嘉股份,2013-12-03,6.1266,6.1266,5.8161,6.1091,7796352,1.2144,8968740000,8968740000,19.0217,
002191.SZ,劲嘉股份,2013-12-04,6.0697,6.4852,6.0566,6.3321,15840515,2.4674,9296160000,9296160000,19.7161,
002191.SZ,劲嘉股份,2013-12-05,6.3584,6.4764,6.2709,6.4721,14585158,2.2718,9501600000,9501600000,20.1518,
002191.SZ,劲嘉股份,2013-12-06,6.4677,6.5945,6.3933,6.4808,10484895,1.6332,9514440000,9514440000,20.179,
002191.SZ,劲嘉股份,2013-12-09,6.4939,6.6339,6.4589,6.4808,8224710,1.2811,9514440000,9514440000,20.179,
002191.SZ,劲嘉股份,2013-12-10,6.4764,6.4764,5.9036,5.9867,30401714,4.7355,8788980000,8788980000,18.6404,
002191.SZ,劲嘉股份,2013-12-11,5.9867,6.0566,5.6193,5.6631,28526501,4.4434,8313900000,8313900000,17.6328,
002191.SZ,劲嘉股份,2013-12-12,5.6631,5.8467,5.4663,5.5406,24835787,3.8685,8134140000,8134140000,17.2516,
002191.SZ,劲嘉股份,2013-12-13,5.5668,5.7724,5.5012,5.6718,20119879,3.1339,8326740000,8326740000,17.6601,
002191.SZ,劲嘉股份,2013-12-16,5.6937,5.9867,5.6937,5.7724,19264119,3.0006,8474400000,8474400000,17.9732,
002191.SZ,劲嘉股份,2013-12-17,5.7724,5.9604,5.7724,5.8161,16393220,2.5535,8538600000,8538600000,18.1094,
002191.SZ,劲嘉股份,2013-12-18,5.7986,5.9211,5.7112,5.8117,9391768,1.4629,8532180000,8532180000,18.0958,
002191.SZ,劲嘉股份,2013-12-19,5.8161,5.956,5.7593,5.8205,10063991,1.5676,8545020000,8545020000,18.123,
002191.SZ,劲嘉股份,2013-12-20,5.8205,5.8992,5.6849,5.6849,9644958,1.5023,8346000000,8346000000,17.7009,
002191.SZ,劲嘉股份,2013-12-23,5.6937,5.768,5.5975,5.7112,6781900,1.0564,8384520000,8384520000,17.7826,
002191.SZ,劲嘉股份,2013-12-24,5.6718,5.8423,5.6412,5.8161,7600465,1.1839,8538600000,8538600000,18.1094,
002191.SZ,劲嘉股份,2013-12-25,5.8205,5.8642,5.7724,5.8467,5105435,0.7952,8583540000,8583540000,18.2047,
002191.SZ,劲嘉股份,2013-12-26,5.873,5.8773,5.6937,5.6937,5894293,0.9181,8358840000,8358840000,17.7281,
002191.SZ,劲嘉股份,2013-12-27,5.6762,6.1047,5.6587,6.0348,16575590,2.5819,8859600000,8859600000,18.7902,
002191.SZ,劲嘉股份,2013-12-30,5.9473,6.0916,5.8336,6.0435,13849454,2.1572,8872440000,8872440000,18.8174,
002191.SZ,劲嘉股份,2013-12-31,6.0435,6.1834,5.9735,6.0435,9735398,1.5164,8872440000,8872440000,18.8174,
002191.SZ,劲嘉股份,2014-01-02,5.9998,6.2403,5.9998,6.1791,11240536,1.7509,9071460000,9071460000,19.2395,
002191.SZ,劲嘉股份,2014-01-03,6.2097,6.2097,6.0654,6.096,6840887,1.0656,8949480000,8949480000,18.9808,
002191.SZ,劲嘉股份,2014-01-06,6.0785,6.1659,5.9298,6.0566,9762945,1.5207,8891700000,8891700000,18.8583,
002191.SZ,劲嘉股份,2014-01-07,6.0566,6.2622,5.9998,6.2403,7883320,1.2279,9161340000,9161340000,19.4301,
002191.SZ,劲嘉股份,2014-01-08,6.2403,6.4196,6.1178,6.1791,8649763,1.3473,9071460000,9071460000,19.2395,
002191.SZ,劲嘉股份,2014-01-09,6.1791,6.354,6.1047,6.2359,9743393,1.5177,9154920000,9154920000,19.4165,
002191.SZ,劲嘉股份,2014-01-10,6.2622,6.2753,5.7155,5.9473,9825910,1.5305,8731200000,8731200000,18.5179,
002191.SZ,劲嘉股份,2014-01-13,5.9473,6.0785,5.7899,5.8511,6862604,1.0689,8589960000,8589960000,18.2183,
002191.SZ,劲嘉股份,2014-01-14,5.8467,6.0304,5.8336,6.0129,8171570,1.2728,8827500000,8827500000,18.7221,
002191.SZ,劲嘉股份,2014-01-15,6.0435,6.1135,5.9429,6.0129,5548930,0.8643,8827500000,8827500000,18.7221,
002191.SZ,劲嘉股份,2014-01-16,5.9692,6.2709,5.9692,6.2053,10174259,1.5848,9109980000,9109980000,19.3212,
002191.SZ,劲嘉股份,2014-01-17,6.2053,6.2578,6.0435,6.061,6449300,1.0046,8898120000,8898120000,18.8719,
002191.SZ,劲嘉股份,2014-01-20,6.0391,6.2709,6.0348,6.2403,11315584,1.7626,9161340000,9161340000,19.4301,
002191.SZ,劲嘉股份,2014-01-21,6.2578,6.3365,6.2009,6.3321,7996154,1.2455,9296160000,9296160000,19.7161,
002191.SZ,劲嘉股份,2014-01-22,6.3146,6.5639,6.2447,6.5027,11063639,1.7233,9546540000,9546540000,20.2471,
002191.SZ,劲嘉股份,2014-01-23,6.4808,6.6295,6.4808,6.5639,9598013,1.495,9636420000,9636420000,20.4377,
002191.SZ,劲嘉股份,2014-01-24,6.5508,7.0887,6.507,6.9443,14422245,2.2465,10194960000,10194960000,21.6223,
002191.SZ,劲嘉股份,2014-01-27,6.8656,7.3642,6.8525,7.2942,17124119,2.6673,10708560000,10708560000,22.3017,
002191.SZ,劲嘉股份,2014-01-28,7.2592,7.4691,6.9968,7.2636,16906639,2.6334,10663620000,10663620000,22.2081,
002191.SZ,劲嘉股份,2014-01-29,7.2679,7.679,7.233,7.5522,10304093,1.605,11087340000,11087340000,23.0905,
002191.SZ,劲嘉股份,2014-01-30,7.5434,7.6397,7.3467,7.4779,4715470,0.7345,10978200000,10978200000,22.8632,
002191.SZ,劲嘉股份,2014-02-07,7.5216,7.6134,7.3904,7.5128,5948830,0.9266,11029560000,11029560000,22.9702,
002191.SZ,劲嘉股份,2014-02-10,7.609,8.265,7.5872,8.2256,16876092,2.6287,12076020000,12076020000,25.1496,
002191.SZ,劲嘉股份,2014-02-11,8.1775,8.746,7.8714,8.23,23223982,3.6174,12082440000,12082440000,25.1629,
002191.SZ,劲嘉股份,2014-02-12,8.1819,8.3044,7.8845,8.0988,8574727,1.3356,11889840000,11889840000,24.7618,
002191.SZ,劲嘉股份,2014-02-13,8.1557,8.5055,8.0463,8.0682,9763946,1.5209,11844900000,11844900000,24.6682,
002191.SZ,劲嘉股份,2014-02-14,7.9764,8.3525,7.9764,8.335,7292593,1.1359,12236520000,12236520000,25.4838,
002191.SZ,劲嘉股份,2014-02-17,8.335,8.4705,8.1907,8.2388,5680727,0.8848,12095280000,12095280000,25.1897,
002191.SZ,劲嘉股份,2014-02-18,8.2388,8.746,8.1819,8.6848,9227058,1.4372,12750120000,12750120000,26.5535,
002191.SZ,劲嘉股份,2014-02-19,8.6848,9.0696,8.5274,8.746,12246869,1.9076,12840000000,12840000000,26.7406,
002191.SZ,劲嘉股份,2014-02-20,8.7417,8.9384,8.2912,8.5055,12397759,1.9311,12486900000,12486900000,26.0053,
002191.SZ,劲嘉股份,2014-02-21,8.4049,8.5055,7.9676,8.0901,9994054,1.5567,11877000000,11877000000,24.7351,
002191.SZ,劲嘉股份,2014-02-24,8.0901,8.0901,8.0901,8.0901,--,--,11877000000,11877000000,24.7351,
002191.SZ,劲嘉股份,2014-02-25,8.8247,8.8991,7.8714,8.0857,29148911,4.5403,11870580000,11870580000,24.7217,
002191.SZ,劲嘉股份,2014-02-26,7.7752,8.418,7.2811,8.1251,11440303,1.782,11928360000,11928360000,24.8421,
002191.SZ,劲嘉股份,2014-02-27,8.3087,8.8947,8.16,8.4749,11279517,1.7569,12441960000,12441960000,25.9117,
002191.SZ,劲嘉股份,2014-02-28,8.4749,8.4749,8.0463,8.2213,6358912,0.9905,12069600000,12069600000,25.1362,
002191.SZ,劲嘉股份,2014-03-03,7.9501,8.4355,7.9501,8.265,4884537,0.7608,12133800000,12133800000,25.2699,
002191.SZ,劲嘉股份,2014-03-04,8.3087,8.7373,8.3044,8.6236,7495690,1.1676,12660240000,12660240000,26.3663,
002191.SZ,劲嘉股份,2014-03-05,8.6323,8.6979,8.2431,8.2606,5910640,0.9207,12127380000,12127380000,25.2565,
002191.SZ,劲嘉股份,2014-03-06,8.2475,8.2475,7.8758,7.937,6669969,1.0389,11652300000,11652300000,24.2671,
002191.SZ,劲嘉股份,2014-03-07,8.0114,8.0114,7.2898,7.5566,10810598,1.6839,11093760000,11093760000,23.1039,
002191.SZ,劲嘉股份,2014-03-10,7.4822,7.6484,7.3204,7.5216,4330736,0.6746,11042400000,11042400000,22.9969,
002191.SZ,劲嘉股份,2014-03-11,7.5216,7.8102,7.1936,7.2942,5411872,0.843,10708560000,10708560000,22.3017,
002191.SZ,劲嘉股份,2014-03-12,7.3991,7.4035,6.7825,6.94,11039314,1.7195,10188540000,10188540000,21.2187,
002191.SZ,劲嘉股份,2014-03-13,6.94,6.94,6.94,6.94,--,--,10188540000,10188540000,21.2187,
002191.SZ,劲嘉股份,2014-03-14,6.94,6.94,6.94,6.94,--,--,10188540000,10188540000,21.2187,
002191.SZ,劲嘉股份,2014-03-17,7.3642,7.6222,7.1499,7.5303,11033898,1.7187,11055240000,11055240000,23.188,
002191.SZ,劲嘉股份,2014-03-18,7.4779,7.9851,7.4779,7.9807,10076430,1.5695,11716500000,11716500000,24.575,
002191.SZ,劲嘉股份,2014-03-19,7.8277,8.1032,7.8233,7.902,7260792,1.131,11600940000,11600940000,24.3326,
002191.SZ,劲嘉股份,2014-03-20,7.9064,7.9326,7.3467,7.3904,5250233,0.8178,10849800000,10849800000,22.7571,
002191.SZ,劲嘉股份,2014-03-21,7.3904,7.5434,6.9575,7.386,10923848,1.7015,10843380000,10843380000,22.7436,
002191.SZ,劲嘉股份,2014-03-24,7.351,7.5041,7.0887,7.3904,4250371,0.6621,10849800000,10849800000,22.7571,
002191.SZ,劲嘉股份,2014-03-25,7.3467,7.5566,7.2679,7.3904,4047229,0.6304,10849800000,10849800000,22.7571,
002191.SZ,劲嘉股份,2014-03-26,7.3904,7.5741,7.128,7.1936,5387157,0.8391,10560900000,10560900000,22.1512,
002191.SZ,劲嘉股份,2014-03-27,7.2155,7.2505,6.8962,6.9356,5872746,0.9148,10182120000,10182120000,21.3567,
002191.SZ,劲嘉股份,2014-03-28,6.9356,7.1149,6.682,6.7519,5919538,0.922,9912480000,9912480000,20.7911,
002191.SZ,劲嘉股份,2014-03-31,6.7563,6.9181,6.5158,6.7694,3953970,0.6159,9938160000,9938160000,20.845,
002191.SZ,劲嘉股份,2014-04-01,6.7563,6.8787,6.6514,6.8744,3564713,0.5553,10092240000,10092240000,21.1682,
002191.SZ,劲嘉股份,2014-04-02,6.8656,6.9006,6.5901,6.647,3472203,0.5408,9758400000,9758400000,20.4679,
002191.SZ,劲嘉股份,2014-04-03,6.647,6.9269,6.5945,6.9137,5215104,0.8123,10150020000,10150020000,21.2893,
002191.SZ,劲嘉股份,2014-04-04,6.8656,7.1061,6.8481,7.0405,3425013,0.5335,10336200000,10336200000,21.6799,
002191.SZ,劲嘉股份,2014-04-08,7.0405,7.1105,6.8656,6.9968,3181160,0.4955,10272000000,10272000000,21.5452,
002191.SZ,劲嘉股份,2014-04-09,6.9968,7.1674,6.9837,7.0537,3121091,0.4862,10355460000,10355460000,21.7203,
002191.SZ,劲嘉股份,2014-04-10,7.0668,7.4123,7.0187,7.3248,5827270,0.9077,10753500000,10753500000,22.5551,
002191.SZ,劲嘉股份,2014-04-11,7.2373,7.2942,7.0799,7.1499,3721479,0.5797,10496700000,10496700000,22.0165,
002191.SZ,劲嘉股份,2014-04-14,7.128,7.2417,6.9137,6.9312,7542031,1.1748,10175700000,10175700000,21.3432,
002191.SZ,劲嘉股份,2014-04-15,6.9181,6.9181,6.2534,6.5245,20465132,3.1877,9578640000,9578640000,20.0909,
002191.SZ,劲嘉股份,2014-04-16,6.5027,6.7301,6.424,6.6995,9834666,1.5319,9835440000,9835440000,20.6295,
002191.SZ,劲嘉股份,2014-04-17,6.7957,6.8,6.4589,6.5377,9709536,1.5124,9597900000,9597900000,18.6551,
002191.SZ,劲嘉股份,2014-04-18,6.5377,6.6251,6.4065,6.5989,6054934,0.9431,9687780000,9687780000,18.8298,
002191.SZ,劲嘉股份,2014-04-21,6.5245,6.5814,6.319,6.3584,7936219,1.2362,9334680000,9334680000,18.1435,
002191.SZ,劲嘉股份,2014-04-22,6.3627,6.3933,6.0348,6.2753,9577397,1.4918,9212700000,9212700000,17.9064,
002191.SZ,劲嘉股份,2014-04-23,6.2315,6.3496,6.1922,6.3409,3033162,0.4725,9309000000,9309000000,18.0936,
002191.SZ,劲嘉股份,2014-04-24,6.3059,6.354,6.0566,6.1659,4150054,0.6464,9052200000,9052200000,17.5945,
002191.SZ,劲嘉股份,2014-04-25,6.1922,6.2315,5.9998,6.0435,3134254,0.4882,8872440000,8872440000,17.2451,
002191.SZ,劲嘉股份,2014-04-28,6.0129,6.1178,5.8292,5.9123,5162294,0.8041,8679840000,8679840000,16.8707,
002191.SZ,劲嘉股份,2014-04-29,5.8992,6.0566,5.8992,6.0304,2724594,0.4244,8853180000,8853180000,17.2076,
002191.SZ,劲嘉股份,2014-04-30,6.0348,6.3103,5.9604,6.2709,5708670,0.8892,9206280000,9206280000,17.8939,
002191.SZ,劲嘉股份,2014-05-05,6.2534,6.3977,6.2228,6.3715,4360833,0.6793,9353940000,9353940000,18.1809,
002191.SZ,劲嘉股份,2014-05-06,6.3321,6.4939,6.3059,6.424,5042171,0.7854,9430980000,9430980000,18.3307,
002191.SZ,劲嘉股份,2014-05-07,6.3846,6.4371,6.2665,6.284,4116158,0.6411,9225540000,9225540000,17.9314,
002191.SZ,劲嘉股份,2014-05-08,6.2884,6.3584,6.2053,6.2184,3638633,0.5668,9129240000,9129240000,17.7442,
002191.SZ,劲嘉股份,2014-05-09,6.2184,6.2534,5.9036,6.0479,6044210,0.9415,8878860000,8878860000,17.2575,
002191.SZ,劲嘉股份,2014-05-12,6.061,6.1966,5.9517,6.1922,6237712,0.9716,9090720000,9090720000,17.6693,
002191.SZ,劲嘉股份,2014-05-13,6.1353,6.2534,6.1353,6.1528,3653129,0.569,9032940000,9032940000,17.557,
002191.SZ,劲嘉股份,2014-05-14,6.1528,6.2097,6.0522,6.0741,2587551,0.403,8917380000,8917380000,17.3324,
002191.SZ,劲嘉股份,2014-05-15,6.0872,6.1135,5.9254,5.9648,2432523,0.3789,8756880000,8756880000,17.0204,
002191.SZ,劲嘉股份,2014-05-16,5.9517,5.9735,5.8074,5.8511,4969569,0.7741,8589960000,8589960000,16.696,
002191.SZ,劲嘉股份,2014-05-19,5.8292,5.8511,5.7374,5.7986,3340226,0.5203,8512920000,8512920000,16.5463,
002191.SZ,劲嘉股份,2014-05-20,5.8779,5.9749,5.7986,5.8295,6889766,1.0732,8493660000,8493660000,16.5088,
002191.SZ,劲嘉股份,2014-05-21,5.8779,5.9749,5.8206,5.9749,4758206,0.7412,8705520000,8705520000,16.9206,
002191.SZ,劲嘉股份,2014-05-22,5.9616,6.0938,5.9088,5.9264,4446627,0.6926,8634900000,8634900000,16.7834,
002191.SZ,劲嘉股份,2014-05-23,5.9264,6.1467,5.9132,6.0674,4258508,0.6633,8840340000,8840340000,17.1827,
002191.SZ,劲嘉股份,2014-05-26,6.1026,6.4728,6.1026,6.4419,14600018,2.2741,9386040000,9386040000,18.2433,
002191.SZ,劲嘉股份,2014-05-27,6.4551,6.4728,6.3494,6.4463,6154267,0.9586,9392460000,9392460000,18.2558,
002191.SZ,劲嘉股份,2014-05-28,6.4331,6.4992,6.3626,6.4772,5938753,0.925,9437400000,9437400000,18.3432,
002191.SZ,劲嘉股份,2014-05-29,6.4772,6.5345,6.4023,6.4287,5639222,0.8784,9366780000,9366780000,18.2059,
002191.SZ,劲嘉股份,2014-05-30,6.4155,6.4155,6.1731,6.2348,7733981,1.2047,9084300000,9084300000,17.6568,
002191.SZ,劲嘉股份,2014-06-03,6.2392,6.2657,6.1026,6.1467,5354297,0.834,8955900000,8955900000,17.4073,
002191.SZ,劲嘉股份,2014-06-04,6.1115,6.1115,5.9308,5.9881,6184396,0.9633,8724780000,8724780000,16.9581,
002191.SZ,劲嘉股份,2014-06-05,5.9969,6.1291,5.9705,6.1115,4782676,0.745,8904540000,8904540000,17.3075,
002191.SZ,劲嘉股份,2014-06-06,6.1115,6.1731,6.041,6.1247,4252634,0.6624,8923800000,8923800000,17.3449,
002191.SZ,劲嘉股份,2014-06-09,6.1071,6.1908,6.0013,6.1203,4441896,0.6919,8917380000,8917380000,17.3324,
002191.SZ,劲嘉股份,2014-06-10,6.1555,6.2172,6.0674,6.1908,4113492,0.6407,9020100000,9020100000,17.5321,
002191.SZ,劲嘉股份,2014-06-11,6.182,6.2789,6.1467,6.2481,4438140,0.6913,9103560000,9103560000,17.6943,
002191.SZ,劲嘉股份,2014-06-12,6.2481,6.2569,6.0894,6.1379,4465591,0.6956,8943060000,8943060000,17.3823,
002191.SZ,劲嘉股份,2014-06-13,6.1247,6.345,6.063,6.3009,6886261,1.0726,9180600000,9180600000,17.844,
002191.SZ,劲嘉股份,2014-06-16,6.2745,6.4596,6.2701,6.4023,6433868,1.0022,9328260000,9328260000,18.131,
002191.SZ,劲嘉股份,2014-06-17,6.4111,6.4243,6.182,6.1864,6012184,0.9365,9013680000,9013680000,17.5196,
002191.SZ,劲嘉股份,2014-06-18,6.1864,6.2392,6.1599,6.1687,3140590,0.4892,8988000000,8988000000,17.4697,
002191.SZ,劲嘉股份,2014-06-19,6.1599,6.2216,5.8471,5.9484,4627075,0.7207,8667000000,8667000000,16.8458,
002191.SZ,劲嘉股份,2014-06-20,5.9396,5.9793,5.7942,5.9661,5054246,0.7873,8692680000,8692680000,16.8957,
002191.SZ,劲嘉股份,2014-06-23,5.9308,6.0277,5.8735,5.9264,5237450,0.8158,8634900000,8634900000,16.7834,
002191.SZ,劲嘉股份,2014-06-24,5.9396,5.9793,5.7546,5.8162,10002223,1.558,8474400000,8474400000,16.4714,
002191.SZ,劲嘉股份,2014-06-25,5.8162,5.8603,5.4637,5.5695,19246409,2.9979,8114880000,8114880000,15.7726,
002191.SZ,劲嘉股份,2014-06-26,5.5739,5.6532,5.5431,5.6224,7986329,1.244,8191920000,8191920000,15.9224,
002191.SZ,劲嘉股份,2014-06-27,5.6312,5.7105,5.6003,5.662,5612463,0.8742,8249700000,8249700000,16.0347,
002191.SZ,劲嘉股份,2014-06-30,5.6488,5.8779,5.6488,5.8603,8816898,1.3733,8538600000,8538600000,16.5962,
002191.SZ,劲嘉股份,2014-07-01,5.8603,5.9132,5.8162,5.8603,5582165,0.8695,8538600000,8538600000,16.5962,
002191.SZ,劲嘉股份,2014-07-02,5.8427,5.9264,5.781,5.8074,8353488,1.3012,8461560000,8461560000,16.4464,
002191.SZ,劲嘉股份,2014-07-03,5.8074,5.8251,5.6885,5.7369,11736886,1.8282,8358840000,8358840000,16.2468,
002191.SZ,劲嘉股份,2014-07-04,5.7457,5.8118,5.6488,5.7678,11241079,1.7509,8403780000,8403780000,16.3341,
002191.SZ,劲嘉股份,2014-07-07,5.781,5.7986,5.521,5.6047,13407217,2.0884,8166240000,8166240000,15.8724,
002191.SZ,劲嘉股份,2014-07-08,5.6003,5.7281,5.5695,5.7149,10969012,1.7086,8326740000,8326740000,16.1844,
002191.SZ,劲嘉股份,2014-07-09,5.6929,5.7986,5.6444,5.7369,11194025,1.7436,8358840000,8358840000,16.2468,
002191.SZ,劲嘉股份,2014-07-10,5.7061,5.7281,5.5519,5.6091,8567436,1.3345,8172660000,8172660000,15.8849,
002191.SZ,劲嘉股份,2014-07-11,5.5915,5.64,5.5519,5.5871,8363345,1.3027,8140560000,8140560000,15.8225,
002191.SZ,劲嘉股份,2014-07-14,5.5827,5.7061,5.5386,5.7017,9354344,1.4571,8307480000,8307480000,16.147,
002191.SZ,劲嘉股份,2014-07-15,5.6929,5.7501,5.6532,5.7457,9574737,1.4914,8371680000,8371680000,16.2717,
002191.SZ,劲嘉股份,2014-07-16,5.7501,5.7766,5.6136,5.6664,8954366,1.3948,8256120000,8256120000,16.0471,
002191.SZ,劲嘉股份,2014-07-17,5.6752,5.7413,5.6312,5.6841,6412933,0.9989,8281800000,8281800000,15.3564,
002191.SZ,劲嘉股份,2014-07-18,5.6841,5.7193,5.6224,5.6488,6075648,0.9464,8230440000,8230440000,15.2612,
002191.SZ,劲嘉股份,2014-07-21,5.6488,5.6488,5.4021,5.4461,12461278,1.941,7935120000,7935120000,14.7136,
002191.SZ,劲嘉股份,2014-07-22,5.4373,5.5695,5.4065,5.5254,7342464,1.1437,8050680000,8050680000,14.9279,
002191.SZ,劲嘉股份,2014-07-23,5.5298,5.5915,5.3932,5.4197,8247351,1.2846,7896600000,7896600000,14.6422,
002191.SZ,劲嘉股份,2014-07-24,5.4197,5.4549,5.3316,5.3888,8258736,1.2864,7851660000,7851660000,14.5588,
002191.SZ,劲嘉股份,2014-07-25,5.3888,5.4329,5.3051,5.3448,12945326,2.0164,7787460000,7787460000,14.4398,
002191.SZ,劲嘉股份,2014-07-28,5.3668,5.6003,5.3668,5.5959,20085544,3.1286,8153400000,8153400000,15.1183,
002191.SZ,劲嘉股份,2014-07-29,5.618,5.7501,5.5695,5.7105,21520395,3.3521,8320320000,8320320000,15.4279,
002191.SZ,劲嘉股份,2014-07-30,5.7281,5.7457,5.6312,5.6929,10938236,1.7038,8294640000,8294640000,15.3802,
002191.SZ,劲嘉股份,2014-07-31,5.7193,5.8735,5.6929,5.8471,19531397,3.0423,8519340000,8519340000,15.7969,
002191.SZ,劲嘉股份,2014-08-01,5.8162,5.9044,5.781,5.781,18333691,2.8557,8423040000,8423040000,15.6183,
002191.SZ,劲嘉股份,2014-08-04,5.7854,5.8471,5.7325,5.8251,12013652,1.8713,8487240000,8487240000,15.7374,
002191.SZ,劲嘉股份,2014-08-05,5.8339,5.9264,5.8118,5.9044,14123973,2.2,8602800000,8602800000,15.9516,
002191.SZ,劲嘉股份,2014-08-06,5.9044,5.922,5.8206,5.8691,10264335,1.5988,8551440000,8551440000,15.8564,
002191.SZ,劲嘉股份,2014-08-07,5.8691,5.8691,5.6929,5.7061,17787988,2.7707,8313900000,8313900000,15.416,
002191.SZ,劲嘉股份,2014-08-08,5.7061,5.7986,5.7017,5.7678,8236501,1.2829,8403780000,8403780000,15.5826,
002191.SZ,劲嘉股份,2014-08-11,5.7854,6.1996,5.7722,6.1908,28395226,4.4229,9020100000,9020100000,16.7254,
002191.SZ,劲嘉股份,2014-08-12,6.1599,6.3318,6.1115,6.3053,26535161,4.1332,9187020000,9187020000,17.0349,
002191.SZ,劲嘉股份,2014-08-13,6.3097,6.3097,6.1335,6.2921,16803444,2.6174,9167760000,9167760000,16.9992,
002191.SZ,劲嘉股份,2014-08-14,6.2569,6.5124,6.2481,6.3141,21451076,3.3413,9199860000,9199860000,17.0587,
002191.SZ,劲嘉股份,2014-08-15,6.3141,6.4155,6.2789,6.345,12992342,2.0237,9244800000,9244800000,17.1421,
002191.SZ,劲嘉股份,2014-08-18,6.3582,6.4243,6.3009,6.3846,13520034,2.1059,9302580000,9302580000,17.2492,
002191.SZ,劲嘉股份,2014-08-19,6.3891,6.4243,6.2613,6.2965,13122914,2.0441,9174180000,9383528500,17.3993,
002191.SZ,劲嘉股份,2014-08-20,6.3009,6.3758,6.2481,6.2833,8391442,1.3071,9154920000,9363829000,17.3628,
002191.SZ,劲嘉股份,2014-08-21,6.3009,6.3009,6.1643,6.2084,11813866,1.8402,9045780000,9252198500,17.1558,
002191.SZ,劲嘉股份,2014-08-22,6.2348,6.5609,6.226,6.4199,21473986,3.3449,9353940000,9567390500,17.7402,
002191.SZ,劲嘉股份,2014-08-25,6.4287,6.6975,6.3582,6.6006,25268547,3.9359,9617160000,9836617000,18.2429,
002191.SZ,劲嘉股份,2014-08-26,6.6182,6.6711,6.4111,6.4728,17542105,2.7324,9430980000,9646188500,17.8898,
002191.SZ,劲嘉股份,2014-08-27,6.4331,6.6006,6.4155,6.486,11231171,1.7494,9450240000,9665888000,17.9263,
002191.SZ,劲嘉股份,2014-08-28,6.464,6.4904,6.1952,6.2525,18345850,2.8576,9109980000,9317863500,17.2809,
002191.SZ,劲嘉股份,2014-08-29,6.2789,6.4067,6.2128,6.3758,7836902,1.2207,9289740000,9501725500,17.6219,
002191.SZ,劲嘉股份,2014-09-01,6.4023,6.6094,6.3891,6.5389,13259332,2.0653,9527280000,9744686000,18.0724,
002191.SZ,劲嘉股份,2014-09-02,6.5345,6.6226,6.4948,6.5829,13608762,2.1197,9591480000,9810351000,18.1942,
002191.SZ,劲嘉股份,2014-09-03,6.5741,6.6755,6.5301,6.6006,14459334,2.2522,9617160000,9836617000,18.2429,
002191.SZ,劲嘉股份,2014-09-04,6.6226,6.8781,6.5609,6.8473,26475079,4.1238,9976680000,10204341000,18.9249,
002191.SZ,劲嘉股份,2014-09-05,6.8473,6.8737,6.7416,6.8253,13036101,2.0305,9944580000,10171508500,18.864,
002191.SZ,劲嘉股份,2014-09-09,6.8253,6.8958,6.768,6.8385,10405424,1.6208,9963840000,10191208000,18.9006,
002191.SZ,劲嘉股份,2014-09-10,6.8297,6.8429,6.7416,6.8165,10344880,1.6114,9931740000,10158375500,18.8397,
002191.SZ,劲嘉股份,2014-09-11,6.7988,6.9486,6.7371,6.7724,14428555,2.2474,9867540000,10092710500,18.7179,
002191.SZ,劲嘉股份,2014-09-12,6.7504,6.7988,6.7239,6.7856,8359967,1.3022,9886800000,10112410000,18.7544,
002191.SZ,劲嘉股份,2014-09-15,6.79,6.8605,6.7504,6.7856,13832204,2.1545,9886800000,10112410000,18.7544,
002191.SZ,劲嘉股份,2014-09-16,6.7988,6.8209,6.3538,6.367,28255981,4.4012,9276900000,9488592500,17.5975,
002191.SZ,劲嘉股份,2014-09-17,6.3582,6.4111,6.2304,6.3891,13805796,2.1504,9309000000,9521425000,17.6584,
002191.SZ,劲嘉股份,2014-09-18,6.3846,6.4551,6.2525,6.2789,16644219,2.5926,9148500000,9357262500,17.3539,
002191.SZ,劲嘉股份,2014-09-19,6.2613,6.4243,6.204,6.4023,13465688,2.0975,9328260000,9541124500,17.6949,
002191.SZ,劲嘉股份,2014-09-22,6.3891,6.4728,6.3053,6.3626,10456727,1.6288,9270480000,9482026000,17.5853,
002191.SZ,劲嘉股份,2014-09-23,6.3626,6.4419,6.3141,6.4287,9474782,1.4758,9366780000,9580523500,17.768,
002191.SZ,劲嘉股份,2014-09-24,6.4023,6.5389,6.3758,6.5036,11843671,1.8448,9475920000,9692154000,17.975,
002191.SZ,劲嘉股份,2014-09-25,6.5212,6.5961,6.3846,6.4507,14281716,2.2246,9398880000,9613356000,17.8289,
002191.SZ,劲嘉股份,2014-09-26,6.4331,6.4596,6.3053,6.3891,14506041,2.2595,9309000000,9521425000,17.6584,
002191.SZ,劲嘉股份,2014-09-29,6.3935,6.4596,6.3626,6.3979,12759723,1.9875,9321840000,9534558000,17.6827,
002191.SZ,劲嘉股份,2014-09-30,6.4111,6.4287,6.3318,6.4067,11704403,1.8231,9334680000,9547691000,17.7071,
002191.SZ,劲嘉股份,2014-10-08,6.4243,6.5345,6.4067,6.5301,17029780,2.6526,9514440000,9731553000,18.0481,
002191.SZ,劲嘉股份,2014-10-09,6.5345,6.5829,6.4419,6.5256,17463285,2.7201,9508020000,9724986500,18.0359,
002191.SZ,劲嘉股份,2014-10-10,6.5256,6.5256,6.4111,6.4199,13196782,2.0556,9353940000,9567390500,17.7436,
002191.SZ,劲嘉股份,2014-10-13,6.3891,6.3891,6.2436,6.3186,12600027,1.9626,9206280000,9416361000,17.4635,
002191.SZ,劲嘉股份,2014-10-14,6.3009,6.3582,6.2348,6.2789,9505153,1.4806,9148500000,9357262500,17.3539,
002191.SZ,劲嘉股份,2014-10-15,6.2833,6.3494,6.2436,6.3406,10293432,1.6033,9238380000,9449193500,17.5244,
002191.SZ,劲嘉股份,2014-10-16,6.3009,6.3494,6.2392,6.2436,9821220,1.5298,9097140000,9304730500,17.2565,
002191.SZ,劲嘉股份,2014-10-17,6.2657,6.3186,6.1599,6.2833,8988837,1.4001,9154920000,9363829000,16.7586,
002191.SZ,劲嘉股份,2014-10-20,6.2877,6.3494,6.2481,6.3362,8717245,1.3578,9231960000,9442627000,16.8997,
002191.SZ,劲嘉股份,2014-10-21,6.3494,6.4507,6.3274,6.3846,13102830,2.0409,9302580000,9514858500,17.0289,
002191.SZ,劲嘉股份,2014-10-22,6.3714,6.5036,6.3626,6.4199,16875738,2.6286,9353940000,9567390500,17.123,
002191.SZ,劲嘉股份,2014-10-23,6.4243,6.464,6.2304,6.2569,10290169,1.6028,9116400000,9324430000,16.6881,
002191.SZ,劲嘉股份,2014-10-24,6.2348,6.3097,6.204,6.2128,7000025,1.0903,9052200000,9258765000,16.5706,
002191.SZ,劲嘉股份,2014-10-27,6.204,6.204,5.9881,6.0894,9461396,1.4737,8872440000,9074903000,16.2415,
002191.SZ,劲嘉股份,2014-10-28,6.1159,6.2304,6.1159,6.2084,10338259,1.6103,9045780000,9252198500,16.5589,
002191.SZ,劲嘉股份,2014-10-29,6.2613,6.2877,6.2128,6.2701,11100317,1.729,9135660000,9344129500,16.7234,
002191.SZ,劲嘉股份,2014-10-30,6.2745,6.3274,6.2128,6.2833,12363680,1.9258,9154920000,9363829000,16.7586,
002191.SZ,劲嘉股份,2014-10-31,6.2745,6.3186,6.1731,6.2569,9949631,1.5498,9116400000,9324430000,16.6881,
002191.SZ,劲嘉股份,2014-11-03,6.2613,6.2965,6.2216,6.2657,9685982,1.5087,9129240000,9337563000,16.7116,
002191.SZ,劲嘉股份,2014-11-04,6.2701,6.2701,6.1026,6.1291,14134337,2.2016,8930220000,9134001500,16.3473,
002191.SZ,劲嘉股份,2014-11-05,6.1379,6.1555,6.0806,6.1467,7611151,1.1855,8955900000,9160267500,16.3943,
002191.SZ,劲嘉股份,2014-11-06,6.1203,6.2172,6.0321,6.0894,10664337,1.6611,8872440000,9074903000,16.2415,
002191.SZ,劲嘉股份,2014-11-07,6.0982,6.1379,5.9881,6.0057,10386550,1.6178,8750460000,8950139500,16.0183,
002191.SZ,劲嘉股份,2014-11-10,6.0277,6.1379,5.9661,6.1335,11990085,1.8676,8936640000,9140568000,16.3591,
002191.SZ,劲嘉股份,2014-11-11,6.1379,6.1467,5.9088,5.9616,11113017,1.731,8686260000,8884474500,15.9007,
002191.SZ,劲嘉股份,2014-11-12,5.9528,5.9969,5.8823,5.9837,10178977,1.5855,8718360000,8917307000,15.9595,
002191.SZ,劲嘉股份,2014-11-13,5.9616,5.9837,5.759,5.8427,10396877,1.6195,8512920000,8707179000,15.5834,
002191.SZ,劲嘉股份,2014-11-14,5.8339,5.922,5.7722,5.8956,6717909,1.0464,8589960000,8785977000,15.7245,
002191.SZ,劲嘉股份,2014-11-17,5.9088,5.9616,5.8647,5.922,7224878,1.1254,8628480000,8825376000,15.795,
002191.SZ,劲嘉股份,2014-11-18,5.9132,5.9705,5.9044,5.9352,6244434,0.9727,8647740000,8845075500,15.8302,
002191.SZ,劲嘉股份,2014-11-19,5.944,5.9616,5.9176,5.9484,4394784,0.6845,8667000000,8864775000,15.8655,
002191.SZ,劲嘉股份,2014-11-20,5.9484,5.9616,5.8867,5.9,5803931,0.904,8596380000,8792543500,15.7362,
002191.SZ,劲嘉股份,2014-11-21,5.8647,5.9352,5.8647,5.9308,7299361,1.137,8641320000,8838509000,15.8185,
002191.SZ,劲嘉股份,2014-11-24,5.9749,6.0233,5.9396,6.0013,11938313,1.8596,8744040000,8943573000,16.0065,
002191.SZ,劲嘉股份,2014-11-25,6.0145,6.3009,6.0101,6.226,27468142,4.2785,9071460000,9278464500,16.6059,
002191.SZ,劲嘉股份,2014-11-26,6.2216,6.2481,6.0762,6.1247,19071460,2.9706,8923800000,9127435000,16.3356,
002191.SZ,劲嘉股份,2014-11-27,6.1423,6.2304,6.1159,6.1423,12957671,2.0183,8949480000,9153701000,16.3826,
002191.SZ,劲嘉股份,2014-11-28,6.1643,6.2745,6.1115,6.2392,16647470,2.5931,9090720000,9298164000,16.6411,
002191.SZ,劲嘉股份,2014-12-01,6.2569,6.2569,6.0498,6.0586,16791869,2.6156,8827500000,9028937500,16.1593,
002191.SZ,劲嘉股份,2014-12-02,6.0806,6.1599,6.0806,6.1159,9940038,1.5483,8910960000,9114302000,16.3121,
002191.SZ,劲嘉股份,2014-12-03,6.1203,6.2304,6.0938,6.204,18899632,2.9439,9039360000,9245632000,16.5471,
002191.SZ,劲嘉股份,2014-12-04,6.226,6.3362,6.226,6.3318,21948371,3.4187,9225540000,9436060500,16.8879,
002191.SZ,劲嘉股份,2014-12-05,6.3318,6.3494,6.0542,6.1291,21221425,3.3055,8930220000,9134001500,16.3473,
002191.SZ,劲嘉股份,2014-12-08,6.0894,6.1423,6.0057,6.0233,22516714,3.5073,8776140000,8976405500,16.0653,
002191.SZ,劲嘉股份,2014-12-09,6.0145,6.0233,5.7678,5.7678,20316667,3.1646,8403780000,8595548500,15.3836,
002191.SZ,劲嘉股份,2014-12-10,5.7722,5.9881,5.7722,5.9484,12212089,1.9022,8667000000,8864775000,15.8655,
002191.SZ,劲嘉股份,2014-12-11,6.0806,6.204,6.0189,6.1555,22426322,3.4932,8968740000,9173400500,16.4178,
002191.SZ,劲嘉股份,2014-12-12,6.1687,6.2481,6.1159,6.2304,16946066,2.6396,9077880000,9285031000,16.6176,
002191.SZ,劲嘉股份,2014-12-15,6.2392,6.3626,6.2128,6.3406,20801135,3.2401,9238380000,9449193500,16.9114,
002191.SZ,劲嘉股份,2014-12-16,6.345,6.367,6.226,6.2569,13629037,2.1229,9116400000,9324430000,16.6881,
002191.SZ,劲嘉股份,2014-12-17,6.3406,6.4684,6.2525,6.2965,23022361,3.586,9174180000,9383528500,16.7939,
002191.SZ,劲嘉股份,2014-12-18,6.2833,6.2833,6.1731,6.2128,12584236,1.9602,9052200000,9258765000,16.5706,
002191.SZ,劲嘉股份,2014-12-19,6.1908,6.2392,6.0366,6.1071,14705571,2.2906,8898120000,9101169000,16.2886,
002191.SZ,劲嘉股份,2014-12-22,6.0586,6.063,5.7722,5.8515,17392792,2.7092,8525760000,8720312000,15.6069,
002191.SZ,劲嘉股份,2014-12-23,5.9044,6.0145,5.8779,5.9,7420286,1.1558,8596380000,8792543500,15.7362,
002191.SZ,劲嘉股份,2014-12-24,5.9528,6.1511,5.9528,6.0586,9722553,1.5144,8827500000,9028937500,16.1593,
002191.SZ,劲嘉股份,2014-12-25,6.0718,6.1467,6.063,6.1247,8810899,1.3724,8923800000,9127435000,16.3356,
002191.SZ,劲嘉股份,2014-12-26,6.1291,6.1599,6.0762,6.1335,10419640,1.623,8936640000,9140568000,16.3591,
002191.SZ,劲嘉股份,2014-12-29,6.1379,6.2348,6.0762,6.1335,11601075,1.807,8936640000,9140568000,16.3591,
002191.SZ,劲嘉股份,2014-12-30,6.1071,6.1159,5.9308,6.0013,9382162,1.4614,8744040000,8943573000,16.0065,
002191.SZ,劲嘉股份,2014-12-31,6.0013,6.0586,5.9396,6.041,7096014,1.1053,8801820000,9002671500,16.1123,
002191.SZ,劲嘉股份,2015-01-05,6.0542,6.2525,6.0189,6.2348,16142700,2.5144,9084300000,9291597500,16.6294,
002191.SZ,劲嘉股份,2015-01-06,6.2348,6.323,6.1687,6.2965,17395019,2.7095,9174180000,9383528500,16.7939,
002191.SZ,劲嘉股份,2015-01-07,6.3406,6.3802,6.2084,6.2392,14635339,2.2796,9090720000,9298164000,16.6411,
002191.SZ,劲嘉股份,2015-01-08,6.2481,6.5873,6.2392,6.4816,34959688,5.4454,9443820000,9659321500,17.2875,
002191.SZ,劲嘉股份,2015-01-09,6.4684,6.649,6.4111,6.4155,25089083,3.908,9347520000,9560824000,17.1112,
002191.SZ,劲嘉股份,2015-01-12,6.3935,6.4992,6.2877,6.4419,14729896,2.2944,9386040000,9600223000,17.1817,
002191.SZ,劲嘉股份,2015-01-13,6.4375,6.7327,6.4155,6.6975,29470221,4.5904,9758400000,9981080000,17.8634,
002191.SZ,劲嘉股份,2015-01-14,6.7195,6.8517,6.5697,6.649,22458688,3.4982,9687780000,9908848500,17.7341,
002191.SZ,劲嘉股份,2015-01-15,6.6226,6.7195,6.5741,6.6226,10730929,1.6715,9649260000,9869449500,17.6636,
002191.SZ,劲嘉股份,2015-01-16,6.6578,6.6843,6.5345,6.6094,13806814,2.1506,9630000000,9849750000,17.6283,
002191.SZ,劲嘉股份,2015-01-19,6.4331,6.6711,6.3053,6.345,21719332,3.3831,9244800000,9455760000,16.9232,
002191.SZ,劲嘉股份,2015-01-20,6.4155,6.5653,6.4111,6.5653,17609527,2.7429,9565800000,9784085000,17.5108,
002191.SZ,劲嘉股份,2015-01-21,6.6094,6.79,6.5785,6.7063,21161641,3.2962,9771240000,9994213000,17.8869,
002191.SZ,劲嘉股份,2015-01-22,6.6755,6.8165,6.6622,6.79,15570027,2.4252,9893220000,10118976500,18.1101,
002191.SZ,劲嘉股份,2015-01-23,6.8121,6.8561,6.627,6.6666,15304762,2.3839,9713460000,9935114500,17.7811,
002191.SZ,劲嘉股份,2015-01-26,6.6755,6.7812,6.649,6.7724,14115935,2.1987,9867540000,10092710500,18.0631,
002191.SZ,劲嘉股份,2015-01-27,6.7944,6.8076,6.5477,6.6402,18164679,2.8294,9674940000,9895715500,17.7106,
002191.SZ,劲嘉股份,2015-01-28,6.6402,6.6799,6.5521,6.5653,12376431,1.9278,9565800000,9784085000,17.5108,
002191.SZ,劲嘉股份,2015-01-29,6.5609,6.6358,6.4992,6.6006,9468318,1.4748,9617160000,9836617000,17.6048,
002191.SZ,劲嘉股份,2015-01-30,6.605,6.6843,6.5741,6.5785,11496583,1.7907,9585060000,9803784500,17.546,
002191.SZ,劲嘉股份,2015-02-02,6.5433,6.6358,6.4375,6.5961,12162394,1.8945,9610740000,9830050500,17.5931,
002191.SZ,劲嘉股份,2015-02-03,6.6975,6.8473,6.6402,6.79,19435911,3.0274,9893220000,10118976500,17.1762,
002191.SZ,劲嘉股份,2015-02-04,6.8032,7.1161,6.7548,6.9266,27270973,4.2478,10092240000,10322538000,17.5217,
002191.SZ,劲嘉股份,2015-02-05,6.9883,7.0236,6.8297,6.9266,19783651,3.0816,10092240000,10322538000,17.5217,
002191.SZ,劲嘉股份,2015-02-06,6.9002,7.0896,6.8561,6.9002,16953467,2.6407,10053720000,10283139000,17.4548,
002191.SZ,劲嘉股份,2015-02-09,6.8914,6.9398,6.6446,6.649,14163054,2.2061,9687780000,9908848500,16.8195,
002191.SZ,劲嘉股份,2015-02-10,6.6226,6.7151,6.5785,6.6887,10657847,1.6601,9745560000,9967947000,16.9198,
002191.SZ,劲嘉股份,2015-02-11,6.7107,6.746,6.6534,6.7019,7819897,1.2181,9764820000,9987646500,16.9532,
002191.SZ,劲嘉股份,2015-02-12,6.6975,6.9486,6.6931,6.9486,12803711,1.9943,10124340000,10355370500,17.5774,
002191.SZ,劲嘉股份,2015-02-13,6.9971,7.1117,6.9266,6.931,19658251,3.062,10098660000,10329104500,17.5328,
002191.SZ,劲嘉股份,2015-02-16,6.9663,7.1117,6.8958,7.1117,17104906,2.6643,10361880000,10598331000,17.9898,
002191.SZ,劲嘉股份,2015-02-17,7.1425,7.1645,7.028,7.0324,9565434,1.4899,10246320000,10480134000,17.7892,
002191.SZ,劲嘉股份,2015-02-25,7.0632,7.1381,6.9531,7.1381,14332978,2.2326,10400400000,10637730000,18.0567,
002191.SZ,劲嘉股份,2015-02-26,7.1557,7.2174,7.0896,7.1513,12165275,1.8949,10419660000,10657429500,18.0901,
002191.SZ,劲嘉股份,2015-02-27,7.1513,7.169,7.0191,7.0368,15812172,2.463,10252740000,10486700500,17.8003,
002191.SZ,劲嘉股份,2015-03-02,7.0896,7.1293,7.0103,7.1117,15006690,2.3375,10361880000,10598331000,17.9898,
002191.SZ,劲嘉股份,2015-03-03,7.0896,7.0896,6.8914,6.909,16667475,2.5962,10066560000,10296272000,17.4771,
002191.SZ,劲嘉股份,2015-03-04,6.931,7.0852,6.8737,7.0676,20767823,3.2349,10297680000,10532666000,17.8784,
002191.SZ,劲嘉股份,2015-03-05,7.0676,7.1778,6.931,7.1645,17703090,2.7575,10438920000,10677129000,18.1236,
002191.SZ,劲嘉股份,2015-03-06,7.213,7.213,6.9707,6.9971,14103062,2.1967,10194960000,10427602000,17.7,
002191.SZ,劲嘉股份,2015-03-09,6.9398,7.1205,6.909,7.0764,12550104,1.9548,10310520000,10545799000,17.9007,
002191.SZ,劲嘉股份,2015-03-10,7.0808,7.3364,7.0544,7.2703,19672702,3.0643,10593000000,10834725000,18.3911,
002191.SZ,劲嘉股份,2015-03-11,7.2879,7.4289,7.2439,7.2879,20017800,3.118,10618680000,10860991000,18.4357,
002191.SZ,劲嘉股份,2015-03-12,7.3276,7.3364,7.1205,7.1734,13017627,2.0277,10451760000,10690262000,18.1459,
002191.SZ,劲嘉股份,2015-03-13,7.3716,7.8916,7.3716,7.8916,42617713,6.6383,11498220000,11760601500,19.9627,
002191.SZ,劲嘉股份,2015-03-16,8.1515,8.5922,8.1515,8.319,48316317,7.5259,12120960000,12397552000,21.0439,
002191.SZ,劲嘉股份,2015-03-17,8.3719,8.6671,8.1604,8.341,35981280,5.6046,12153060000,12430384500,21.0996,
002191.SZ,劲嘉股份,2015-03-18,8.46,8.8081,8.3719,8.6759,30649695,4.7741,12640980000,12929438500,21.9467,
002191.SZ,劲嘉股份,2015-03-19,8.645,8.6583,8.46,8.5481,17438536,2.7163,12454800000,12739010000,21.6234,
002191.SZ,劲嘉股份,2015-03-20,8.7596,9.0196,8.5745,8.6891,21059298,3.2803,12660240000,12949138000,21.9801,
002191.SZ,劲嘉股份,2015-03-23,8.7905,9.5571,8.7905,9.5571,27352485,4.2605,13924980000,14242738500,24.1759,
002191.SZ,劲嘉股份,2015-03-24,9.707,10.1079,9.165,9.9361,37382013,5.8227,14477100000,14807457500,25.1345,
002191.SZ,劲嘉股份,2015-03-25,9.8964,10.2754,9.6056,9.7819,22036764,3.4325,14252400000,14577630000,24.7444,
002191.SZ,劲嘉股份,2015-03-26,9.6937,9.7378,9.1297,9.2487,24862770,3.8727,13475580000,13783083500,23.3957,
002191.SZ,劲嘉股份,2015-03-27,9.2487,9.425,9.0769,9.2884,16044015,2.4991,13533360000,13842182000,23.496,
002191.SZ,劲嘉股份,2015-03-30,9.3412,9.3985,9.1385,9.3633,17512448,2.7278,13642500000,13953812500,23.6855,
002191.SZ,劲嘉股份,2015-03-31,9.3677,9.6805,9.1165,9.5087,25446071,3.9636,13854360000,14170507000,24.0533,
002191.SZ,劲嘉股份,2015-04-01,9.4294,10.3018,9.4294,10.1784,26138032,4.0713,14830200000,15168615000,25.7475,
002191.SZ,劲嘉股份,2015-04-02,10.1784,10.9627,10.0462,10.7909,27544548,4.2904,15722580000,16081358500,27.2968,
002191.SZ,劲嘉股份,2015-04-03,10.5794,11.0068,10.5706,10.8394,23473054,3.6562,15793200000,16153590000,27.4194,
002191.SZ,劲嘉股份,2015-04-07,10.8834,11.1125,10.7644,10.9848,24077248,3.7504,16005060000,16370284500,27.7872,
002191.SZ,劲嘉股份,2015-04-08,11.042,11.161,10.3106,10.478,27020280,4.2088,15266760000,15615137000,26.5054,
002191.SZ,劲嘉股份,2015-04-09,10.4869,10.6102,9.4734,10.5838,30703776,4.7825,15420840000,15772733000,26.773,
002191.SZ,劲嘉股份,2015-04-10,11.0112,11.0553,10.5838,10.9054,44716937,6.9653,15889500000,16252087500,27.5866,
002191.SZ,劲嘉股份,2015-04-13,11.1919,11.9982,11.0156,11.9982,38431219,5.9862,17481660000,17880579500,30.9192,
002191.SZ,劲嘉股份,2015-04-14,12.593,12.6371,11.5884,11.5928,53025646,8.2594,16891020000,17276461500,29.8746,
002191.SZ,劲嘉股份,2015-04-15,11.5444,11.5444,10.9275,10.9451,31303330,4.8759,15947280000,16311186000,28.2054,
002191.SZ,劲嘉股份,2015-04-16,10.7292,11.3593,10.6279,11.0509,23557550,3.6694,16101360000,16468782000,28.478,
002191.SZ,劲嘉股份,2015-04-17,11.1919,11.2756,10.7424,10.7777,31338606,4.8814,15703320000,16061659000,27.774,
002191.SZ,劲嘉股份,2015-04-20,10.6411,10.8746,10.1388,10.2754,31425694,4.895,14971440000,15313078000,26.4795,
002191.SZ,劲嘉股份,2015-04-21,10.1564,10.901,10.1564,10.8305,22299334,3.4734,15780360000,16140457000,27.9102,
002191.SZ,劲嘉股份,2015-04-22,10.9495,11.3461,10.8394,11.2227,27408255,4.2692,16351740000,16724875500,28.9208,
002191.SZ,劲嘉股份,2015-04-23,11.2579,11.324,10.9715,11.1037,19782525,3.0814,16178400000,16547580000,28.6142,
002191.SZ,劲嘉股份,2015-04-24,10.8834,11.0553,10.6895,10.9231,22046179,3.434,15915180000,16278353500,28.1487,
002191.SZ,劲嘉股份,2015-04-27,11.2579,11.8969,11.2535,11.3461,32951449,5.1326,16531500000,16908737500,26.0205,
002191.SZ,劲嘉股份,2015-04-28,11.3505,11.8792,11.2844,11.6325,36735708,5.7221,16948800000,17335560000,26.6773,
002191.SZ,劲嘉股份,2015-04-29,11.6765,12.3331,11.4166,12.2758,34133479,5.3167,17886120000,18294269000,28.1526,
002191.SZ,劲嘉股份,2015-04-30,12.3639,12.6239,11.8528,11.888,31674613,4.9337,17321160000,17716417000,27.2634,
002191.SZ,劲嘉股份,2015-05-04,12.029,12.0687,11.6765,11.9409,16460230,2.5639,17398200000,17795215000,27.3847,
002191.SZ,劲嘉股份,2015-05-05,11.866,12.0158,11.2359,11.4078,23341720,3.6358,16621380000,17000668500,26.162,
002191.SZ,劲嘉股份,2015-05-06,11.5884,11.8572,11.3461,11.562,22440823,3.4955,16846080000,17230496000,26.5156,
002191.SZ,劲嘉股份,2015-05-07,11.5708,11.6545,11.3108,11.4474,15429550,2.4034,16679160000,17059767000,26.2529,
002191.SZ,劲嘉股份,2015-05-08,11.6281,12.43,11.3769,12.3199,32222749,5.0191,17950320000,18359934000,28.2537,
002191.SZ,劲嘉股份,2015-05-11,12.5137,12.7649,12.126,12.5005,43094741,6.7126,18213540000,18629160500,28.668,
002191.SZ,劲嘉股份,2015-05-12,12.5005,12.8106,12.1196,12.4651,63602287,4.9534,18065880000,18478131000,28.4356,
002191.SZ,劲嘉股份,2015-05-13,12.4562,13.5991,12.2259,13.2181,89290683,6.9541,19157280000,19594436000,30.1534,
002191.SZ,劲嘉股份,2015-05-14,13.1561,13.4485,12.8106,13.0675,60349843,4.7001,18939000000,19371175000,29.8099,
002191.SZ,劲嘉股份,2015-05-15,13.1384,13.1384,12.4739,12.6068,51790789,4.0336,18271320000,18688259000,28.7589,
002191.SZ,劲嘉股份,2015-05-18,12.5182,12.9258,12.2967,12.66,48564512,3.7823,18348360000,18767057000,28.8802,
002191.SZ,劲嘉股份,2015-05-19,12.6245,13.0941,12.4119,12.9878,57790445,4.5008,18823440000,19252978000,29.628,
002191.SZ,劲嘉股份,2015-05-20,12.9878,13.7231,12.9346,13.2713,71118746,5.5388,19234320000,19673234000,30.2747,
002191.SZ,劲嘉股份,2015-05-21,13.2713,14.1572,13.2093,14.1306,77839774,6.0623,20479800000,20947135000,32.2351,
002191.SZ,劲嘉股份,2015-05-22,14.5559,14.5559,13.6345,13.8383,90759507,7.0685,20056080000,20513746000,31.5681,
002191.SZ,劲嘉股份,2015-05-25,13.5991,14.1218,13.4219,14.0509,74524100,5.8041,20364240000,20828938000,32.0532,
002191.SZ,劲嘉股份,2015-05-26,14.2635,15.1494,14.0598,15.0254,99462124,7.7463,21776640000,22273568000,34.2763,
002191.SZ,劲嘉股份,2015-05-27,14.9723,16.3898,14.7596,16.248,104247767,8.119,23548560000,24085922000,37.0653,
002191.SZ,劲嘉股份,2015-05-28,16.2569,16.7796,14.9811,15.0609,97538565,7.5965,21828000000,22326100000,34.3571,
002191.SZ,劲嘉股份,2015-05-29,15.0077,16.4163,14.1749,16.186,90092081,7.0165,23458680000,23993991000,36.9238,
002191.SZ,劲嘉股份,2015-06-01,16.1948,17.1428,16.1948,16.9745,71739708,5.5872,24601440000,25162828000,38.7225,
002191.SZ,劲嘉股份,2015-06-02,17.2402,17.5149,16.6555,17.4263,83635111,6.5136,25256280000,25832611000,39.7532,
002191.SZ,劲嘉股份,2015-06-03,17.5415,17.568,16.6201,16.9745,70200461,5.4673,24601440000,25162828000,38.7225,
002191.SZ,劲嘉股份,2015-06-04,16.9213,17.2757,15.5658,16.7441,65736190,5.1196,24267600000,24821370000,38.1971,
002191.SZ,劲嘉股份,2015-06-05,16.9213,17.1694,16.2391,17.0719,66734876,5.1974,24742680000,25307291000,38.9448,
002191.SZ,劲嘉股份,2015-06-08,17.0099,17.0099,16.4695,16.4961,51479522,4.0093,23908080000,24453646000,37.6312,
002191.SZ,劲嘉股份,2015-06-09,16.4606,16.4606,15.681,15.8139,57784993,4.5004,22919400000,23442405000,36.075,
002191.SZ,劲嘉股份,2015-06-10,15.8405,16.5492,15.7342,16.3012,51952021,4.0461,23625600000,24205200000,37.2488,
002191.SZ,劲嘉股份,2015-06-11,16.2126,16.6555,16.1328,16.5049,42550705,3.3139,23920920000,24507765000,37.7145,
002191.SZ,劲嘉股份,2015-06-12,16.5226,16.6821,16.1948,16.3632,41785699,3.2543,23715480000,24297285000,37.3906,
002191.SZ,劲嘉股份,2015-06-15,16.372,16.939,15.7696,16.6378,58167785,4.5302,24113520000,24705090000,38.0181,
002191.SZ,劲嘉股份,2015-06-16,16.629,17.1162,16.2657,16.8504,87122399,6.7852,24421680000,25020810000,38.504,
002191.SZ,劲嘉股份,2015-06-17,16.8859,17.1517,15.9645,17.0276,74695830,5.8174,24678480000,25283910000,38.9088,
002191.SZ,劲嘉股份,2015-06-18,17.0276,17.0276,17.0276,17.0276,--,--,24678480000,25283910000,38.9088,
002191.SZ,劲嘉股份,2015-06-19,17.0276,17.0276,17.0276,17.0276,--,--,24678480000,25283910000,38.9088,
002191.SZ,劲嘉股份,2015-06-23,17.0276,17.0276,17.0276,17.0276,--,--,24678480000,25283910000,38.9088,
002191.SZ,劲嘉股份,2015-06-24,17.0276,17.0276,17.0276,17.0276,--,--,24678480000,25283910000,38.9088,
002191.SZ,劲嘉股份,2015-06-25,17.0276,17.0276,17.0276,17.0276,--,--,24678480000,25283910000,38.9088,
002191.SZ,劲嘉股份,2015-06-26,17.0276,17.0276,17.0276,17.0276,--,--,24678480000,25283910000,38.9088,
002191.SZ,劲嘉股份,2015-06-29,17.0276,17.0276,17.0276,17.0276,--,--,24678480000,25283910000,38.9088,
002191.SZ,劲嘉股份,2015-06-30,17.0276,17.0276,17.0276,17.0276,--,--,24678480000,25283910000,38.9088,
002191.SZ,劲嘉股份,2015-07-01,17.0276,17.0276,17.0276,17.0276,--,--,24678480000,25283910000,38.9088,
002191.SZ,劲嘉股份,2015-07-02,17.0276,17.0276,17.0276,17.0276,--,--,24678480000,25283910000,38.9088,
002191.SZ,劲嘉股份,2015-07-03,17.0276,17.0276,17.0276,17.0276,--,--,24678480000,25283910000,38.9088,
002191.SZ,劲嘉股份,2015-07-06,17.0276,17.0276,17.0276,17.0276,--,--,24678480000,25283910000,38.9088,
002191.SZ,劲嘉股份,2015-07-07,17.0276,17.0276,17.0276,17.0276,--,--,24678480000,25283910000,38.9088,
002191.SZ,劲嘉股份,2015-07-08,17.0276,17.0276,17.0276,17.0276,--,--,24678480000,25283910000,38.9088,
002191.SZ,劲嘉股份,2015-07-09,17.0276,17.0276,17.0276,17.0276,--,--,24678480000,25283910000,38.9088,
002191.SZ,劲嘉股份,2015-07-10,17.0276,17.0276,17.0276,17.0276,--,--,24678480000,25283910000,38.9088,
002191.SZ,劲嘉股份,2015-07-13,17.0276,17.0276,17.0276,17.0276,--,--,24678480000,25283910000,38.9088,
002191.SZ,劲嘉股份,2015-07-14,17.0276,17.0276,17.0276,17.0276,--,--,24678480000,25283910000,38.9088,
002191.SZ,劲嘉股份,2015-07-15,17.0276,17.0276,17.0276,17.0276,--,--,24678480000,25283910000,38.9834,
002191.SZ,劲嘉股份,2015-07-16,17.0276,17.0276,17.0276,17.0276,--,--,24678480000,25283910000,38.9834,
002191.SZ,劲嘉股份,2015-07-17,17.0276,17.0276,17.0276,17.0276,--,--,24678480000,25283910000,38.9834,
002191.SZ,劲嘉股份,2015-07-20,17.0276,17.0276,17.0276,17.0276,--,--,24678480000,25283910000,38.9834,
002191.SZ,劲嘉股份,2015-07-21,17.0276,17.0276,17.0276,17.0276,--,--,24678480000,25283910000,38.9834,
002191.SZ,劲嘉股份,2015-07-22,17.0276,17.0276,17.0276,17.0276,--,--,24678480000,25283910000,38.9834,
002191.SZ,劲嘉股份,2015-07-23,17.0276,17.0276,17.0276,17.0276,--,--,24678480000,25283910000,38.9834,
002191.SZ,劲嘉股份,2015-07-24,17.0276,17.0276,17.0276,17.0276,--,--,24678480000,25283910000,38.9834,
002191.SZ,劲嘉股份,2015-07-27,17.0276,17.0276,17.0276,17.0276,--,--,24678480000,25283910000,38.9834,
002191.SZ,劲嘉股份,2015-07-28,17.0276,17.0276,17.0276,17.0276,--,--,24678480000,25283910000,38.9834,
002191.SZ,劲嘉股份,2015-07-29,17.0276,17.0276,17.0276,17.0276,--,--,24678480000,25283910000,38.9834,
002191.SZ,劲嘉股份,2015-07-30,17.0276,17.0276,17.0276,17.0276,--,--,24678480000,25283910000,38.9834,
002191.SZ,劲嘉股份,2015-07-31,17.0276,17.0276,17.0276,17.0276,--,--,24678480000,25283910000,38.9834,
002191.SZ,劲嘉股份,2015-08-03,17.0276,17.0276,17.0276,17.0276,--,--,24678480000,25283910000,38.9834,
002191.SZ,劲嘉股份,2015-08-04,17.0276,17.0276,17.0276,17.0276,--,--,24678480000,25283910000,38.9834,
002191.SZ,劲嘉股份,2015-08-05,17.0276,17.0276,17.0276,17.0276,--,--,24678480000,25283910000,38.9834,
002191.SZ,劲嘉股份,2015-08-06,17.0276,17.0276,17.0276,17.0276,--,--,24678480000,25283910000,38.9834,
002191.SZ,劲嘉股份,2015-08-07,17.0276,17.0276,17.0276,17.0276,--,--,24678480000,25283910000,38.9834,
002191.SZ,劲嘉股份,2015-08-10,17.0276,17.0276,17.0276,17.0276,--,--,24678480000,25283910000,38.9834,
002191.SZ,劲嘉股份,2015-08-11,17.0276,17.0276,17.0276,17.0276,--,--,24678480000,25283910000,38.9834,
002191.SZ,劲嘉股份,2015-08-12,17.0276,17.0276,17.0276,17.0276,--,--,24678480000,25283910000,38.9834,
002191.SZ,劲嘉股份,2015-08-13,17.0276,17.0276,17.0276,17.0276,--,--,24678480000,25283910000,38.9834,
002191.SZ,劲嘉股份,2015-08-14,17.0276,17.0276,17.0276,17.0276,--,--,24678480000,25283910000,38.9834,
002191.SZ,劲嘉股份,2015-08-17,17.0276,17.0276,17.0276,17.0276,--,--,24678480000,25283910000,38.9069,
002191.SZ,劲嘉股份,2015-08-18,17.0276,17.0276,17.0276,17.0276,--,--,24678480000,25283910000,38.9069,
002191.SZ,劲嘉股份,2015-08-19,17.0276,17.0276,17.0276,17.0276,--,--,24678480000,25283910000,38.9069,
002191.SZ,劲嘉股份,2015-08-20,17.0276,17.0276,17.0276,17.0276,--,--,24678480000,25283910000,38.9069,
002191.SZ,劲嘉股份,2015-08-21,17.0276,17.0276,17.0276,17.0276,--,--,24678480000,25283910000,38.9069,
002191.SZ,劲嘉股份,2015-08-24,17.0276,17.0276,17.0276,17.0276,--,--,24678480000,25283910000,38.9069,
002191.SZ,劲嘉股份,2015-08-25,17.0276,17.0276,17.0276,17.0276,--,--,24678480000,25283910000,38.9069,
002191.SZ,劲嘉股份,2015-08-26,17.0276,17.0276,17.0276,17.0276,--,--,24678480000,25283910000,38.9069,
002191.SZ,劲嘉股份,2015-08-27,17.0276,17.0276,17.0276,17.0276,--,--,24678480000,25283910000,38.9069,
002191.SZ,劲嘉股份,2015-08-28,17.0276,17.0276,17.0276,17.0276,--,--,24678480000,25283910000,38.9069,
002191.SZ,劲嘉股份,2015-08-31,17.0276,17.0276,17.0276,17.0276,--,--,24678480000,25283910000,38.9069,
002191.SZ,劲嘉股份,2015-09-01,17.0276,17.0276,17.0276,17.0276,--,--,24678480000,25283910000,38.9069,
002191.SZ,劲嘉股份,2015-09-02,17.0276,17.0276,17.0276,17.0276,--,--,24678480000,25283910000,38.9069,
002191.SZ,劲嘉股份,2015-09-07,17.0276,17.0276,17.0276,17.0276,--,--,24678480000,25283910000,38.9069,
002191.SZ,劲嘉股份,2015-09-08,17.0276,17.0276,17.0276,17.0276,--,--,24678480000,25283910000,38.9069,
002191.SZ,劲嘉股份,2015-09-09,17.0276,17.0276,17.0276,17.0276,--,--,24678480000,25283910000,38.9069,
002191.SZ,劲嘉股份,2015-09-10,17.0276,17.0276,17.0276,17.0276,--,--,24678480000,25283910000,38.9069,
002191.SZ,劲嘉股份,2015-09-11,17.0276,17.0276,17.0276,17.0276,--,--,24678480000,25283910000,38.9069,
002191.SZ,劲嘉股份,2015-09-14,17.0276,17.0276,17.0276,17.0276,--,--,24678480000,25283910000,38.9069,
002191.SZ,劲嘉股份,2015-09-15,17.0276,17.0276,17.0276,17.0276,--,--,24678480000,25283910000,38.9069,
002191.SZ,劲嘉股份,2015-09-16,17.0276,17.0276,17.0276,17.0276,--,--,24678480000,25283910000,38.9069,
002191.SZ,劲嘉股份,2015-09-17,17.0276,17.0276,17.0276,17.0276,--,--,24678480000,25283910000,38.9069,
002191.SZ,劲嘉股份,2015-09-18,17.0276,17.0276,17.0276,17.0276,--,--,24678480000,25283910000,38.9069,
002191.SZ,劲嘉股份,2015-09-21,17.0276,17.0276,17.0276,17.0276,--,--,24678480000,25283910000,38.9069,
002191.SZ,劲嘉股份,2015-09-22,17.0276,17.0276,17.0276,17.0276,--,--,24678480000,25283910000,38.9069,
002191.SZ,劲嘉股份,2015-09-23,17.0276,17.0276,17.0276,17.0276,--,--,24678480000,25283910000,38.9069,
002191.SZ,劲嘉股份,2015-09-24,17.0276,17.0276,17.0276,17.0276,--,--,24678480000,25283910000,38.9069,
002191.SZ,劲嘉股份,2015-09-25,17.0276,17.0276,17.0276,17.0276,--,--,24678480000,25283910000,38.9069,
002191.SZ,劲嘉股份,2015-09-28,17.0276,17.0276,17.0276,17.0276,--,--,24678480000,25283910000,38.9069,
002191.SZ,劲嘉股份,2015-09-29,17.0276,17.0276,17.0276,17.0276,--,--,24678480000,25283910000,38.9069,
002191.SZ,劲嘉股份,2015-09-30,17.0276,17.0276,17.0276,17.0276,--,--,24678480000,25283910000,38.9069,
002191.SZ,劲嘉股份,2015-10-08,17.0276,17.0276,17.0276,17.0276,--,--,24678480000,25283910000,38.9069,
002191.SZ,劲嘉股份,2015-10-09,17.0276,17.0276,17.0276,17.0276,--,--,24678480000,25283910000,38.9069,
002191.SZ,劲嘉股份,2015-10-12,17.0276,17.0276,17.0276,17.0276,--,--,24678480000,25283910000,38.9069,
002191.SZ,劲嘉股份,2015-10-13,17.0276,17.0276,17.0276,17.0276,--,--,24678480000,25283910000,38.9069,
002191.SZ,劲嘉股份,2015-10-14,17.0276,17.0276,17.0276,17.0276,--,--,24678480000,25283910000,38.9069,
002191.SZ,劲嘉股份,2015-10-15,17.0276,17.0276,17.0276,17.0276,--,--,24678480000,25283910000,38.9069,
002191.SZ,劲嘉股份,2015-10-16,17.0276,17.0276,17.0276,17.0276,--,--,24678480000,25283910000,38.9069,
002191.SZ,劲嘉股份,2015-10-19,17.0276,17.0276,17.0276,17.0276,--,--,24678480000,25283910000,38.9069,
002191.SZ,劲嘉股份,2015-10-20,17.0276,17.0276,17.0276,17.0276,--,--,24678480000,25283910000,38.9069,
002191.SZ,劲嘉股份,2015-10-21,17.0276,17.0276,17.0276,17.0276,--,--,24678480000,25283910000,38.9069,
002191.SZ,劲嘉股份,2015-10-22,17.0276,17.0276,17.0276,17.0276,--,--,24678480000,25283910000,38.9069,
002191.SZ,劲嘉股份,2015-10-23,17.0276,17.0276,17.0276,17.0276,--,--,24678480000,25283910000,38.9069,
002191.SZ,劲嘉股份,2015-10-26,17.0276,17.0276,17.0276,17.0276,--,--,24678480000,25283910000,38.9069,
002191.SZ,劲嘉股份,2015-10-27,17.0276,17.0276,17.0276,17.0276,--,--,24678480000,25283910000,38.9069,
002191.SZ,劲嘉股份,2015-10-28,17.0276,17.0276,17.0276,17.0276,--,--,24678480000,25283910000,38.9069,
002191.SZ,劲嘉股份,2015-10-29,17.0276,17.0276,17.0276,17.0276,--,--,24678480000,25283910000,38.9069,
002191.SZ,劲嘉股份,2015-10-30,17.0276,17.0276,17.0276,17.0276,--,--,24678480000,25283910000,38.4623,
002191.SZ,劲嘉股份,2015-11-02,17.0276,17.0276,17.0276,17.0276,--,--,24678480000,25283910000,38.4623,
002191.SZ,劲嘉股份,2015-11-03,17.0276,17.0276,17.0276,17.0276,--,--,24678480000,25283910000,38.4623,
002191.SZ,劲嘉股份,2015-11-04,17.0276,17.0276,17.0276,17.0276,--,--,24678480000,25283910000,38.4623,
002191.SZ,劲嘉股份,2015-11-05,17.0276,17.0276,17.0276,17.0276,--,--,24678480000,25283910000,38.4623,
002191.SZ,劲嘉股份,2015-11-06,17.0276,17.0276,17.0276,17.0276,--,--,24678480000,25283910000,38.4623,
002191.SZ,劲嘉股份,2015-11-09,17.0276,17.0276,17.0276,17.0276,--,--,24678480000,25283910000,38.4623,
002191.SZ,劲嘉股份,2015-11-10,17.0276,17.0276,17.0276,17.0276,--,--,24678480000,25283910000,38.4623,
002191.SZ,劲嘉股份,2015-11-11,17.0276,17.0276,17.0276,17.0276,--,--,24678480000,25283910000,38.4623,
002191.SZ,劲嘉股份,2015-11-12,17.0276,17.0276,17.0276,17.0276,--,--,24678480000,25283910000,38.4623,
002191.SZ,劲嘉股份,2015-11-13,17.0276,17.0276,17.0276,17.0276,--,--,24678480000,25283910000,38.4623,
002191.SZ,劲嘉股份,2015-11-16,17.0276,17.0276,17.0276,17.0276,--,--,24678480000,25283910000,38.4623,
002191.SZ,劲嘉股份,2015-11-17,17.0276,17.0276,17.0276,17.0276,--,--,24678480000,25283910000,38.4623,
002191.SZ,劲嘉股份,2015-11-18,17.0276,17.0276,17.0276,17.0276,--,--,24678480000,25283910000,38.4623,
002191.SZ,劲嘉股份,2015-11-19,17.0276,17.0276,17.0276,17.0276,--,--,24678480000,25283910000,38.4623,
002191.SZ,劲嘉股份,2015-11-20,17.0276,17.0276,17.0276,17.0276,--,--,24678480000,25283910000,38.4623,
002191.SZ,劲嘉股份,2015-11-23,17.0276,17.0276,17.0276,17.0276,--,--,24678480000,25283910000,38.4623,
002191.SZ,劲嘉股份,2015-11-24,17.0276,17.0276,17.0276,17.0276,--,--,24678480000,25283910000,38.4623,
002191.SZ,劲嘉股份,2015-11-25,17.0276,17.0276,17.0276,17.0276,--,--,24678480000,25283910000,38.4623,
002191.SZ,劲嘉股份,2015-11-26,17.0276,17.0276,17.0276,17.0276,--,--,24678480000,25283910000,38.4623,
002191.SZ,劲嘉股份,2015-11-27,17.0276,17.0276,17.0276,17.0276,--,--,24678480000,25283910000,38.4623,
002191.SZ,劲嘉股份,2015-11-30,17.0276,17.0276,17.0276,17.0276,--,--,24678480000,25283910000,38.4623,
002191.SZ,劲嘉股份,2015-12-01,17.0276,17.0276,17.0276,17.0276,--,--,24678480000,25283910000,38.4623,
002191.SZ,劲嘉股份,2015-12-02,17.0276,17.0276,17.0276,17.0276,--,--,24678480000,25283910000,38.4623,
002191.SZ,劲嘉股份,2015-12-03,17.0276,17.0276,17.0276,17.0276,--,--,24678480000,25283910000,38.4623,
002191.SZ,劲嘉股份,2015-12-04,17.0276,17.0276,17.0276,17.0276,--,--,24678480000,25283910000,38.4623,
002191.SZ,劲嘉股份,2015-12-07,17.0276,17.0276,17.0276,17.0276,--,--,24678480000,25283910000,38.4623,
002191.SZ,劲嘉股份,2015-12-08,17.0276,17.0276,17.0276,17.0276,--,--,24678480000,25283910000,38.4623,
002191.SZ,劲嘉股份,2015-12-09,17.0276,17.0276,17.0276,17.0276,--,--,24678480000,25283910000,38.4623,
002191.SZ,劲嘉股份,2015-12-10,17.0276,17.0276,17.0276,17.0276,--,--,24678480000,25283910000,38.4623,
002191.SZ,劲嘉股份,2015-12-11,15.3266,15.3266,15.3266,15.3266,771600,0.0601,22213200000,22758150000,34.6201,
002191.SZ,劲嘉股份,2015-12-14,13.794,13.794,13.794,13.794,1077800,0.0839,19991880000,20482335000,31.1581,
002191.SZ,劲嘉股份,2015-12-15,12.4119,12.846,12.4119,12.4474,194818497,15.1728,18040200000,18482775000,28.1163,
002191.SZ,劲嘉股份,2015-12-16,12.5448,13.0055,12.4739,12.7309,110864322,8.6343,18451080000,18903735000,28.7567,
002191.SZ,劲嘉股份,2015-12-17,12.846,13.4662,12.6688,13.3067,98825553,7.6967,19285680000,19758810000,30.0574,
002191.SZ,劲嘉股份,2015-12-18,13.3244,13.4307,12.8992,12.9878,72705586,5.6624,18823440000,19285230000,29.337,
002191.SZ,劲嘉股份,2015-12-21,12.9346,12.9966,12.7397,12.9169,45650572,3.5553,18720720000,19179990000,29.1769,
002191.SZ,劲嘉股份,2015-12-22,12.9346,13.1384,12.8637,13.1384,48195537,3.7535,19041720000,19508865000,29.6772,
002191.SZ,劲嘉股份,2015-12-23,13.227,13.6345,13.0941,13.413,74338642,5.7896,19439760000,19916670000,30.2976,
002191.SZ,劲嘉股份,2015-12-24,13.289,13.289,12.8549,13.0409,39059273,3.042,18900480000,19364160000,29.4571,
002191.SZ,劲嘉股份,2015-12-25,12.9878,13.2447,12.9346,12.9789,28295144,2.2037,18810600000,19272075000,29.317,
002191.SZ,劲嘉股份,2015-12-28,13.0055,13.0764,12.5891,12.7486,36103945,2.7864,18645410800,18930045000,28.7967,
002191.SZ,劲嘉股份,2015-12-29,12.7309,12.7929,12.4651,12.6423,21060039,1.6254,18489924400,18772185000,28.5566,
002191.SZ,劲嘉股份,2015-12-30,12.6688,13.3776,12.5448,13.0321,43832936,3.3829,19060041200,19351005000,29.4371,
002191.SZ,劲嘉股份,2015-12-31,13.2004,14.1838,13.0675,13.6079,93932840,7.2553,19886223360,20206080000,30.7378,
002191.SZ,劲嘉股份,2016-01-04,13.6256,14.7951,13.1118,13.5991,97837087,7.5569,19873276600,20192925000,30.7178,
002191.SZ,劲嘉股份,2016-01-05,13.6256,14.8837,12.908,14.8394,142595989,11.014,21685823000,22034625000,33.5194,
002191.SZ,劲嘉股份,2016-01-06,14.4407,15.4861,14.3698,14.8039,128264963,9.9071,21634035960,21982005000,33.4394,
002191.SZ,劲嘉股份,2016-01-07,14.4407,14.6002,13.3244,13.3244,17103416,1.3211,19471927040,19785120000,30.0974,
002191.SZ,劲嘉股份,2016-01-08,13.8737,14.0863,12.1373,12.8726,79681772,6.1546,18811642280,19114215000,29.0769,
002191.SZ,劲嘉股份,2016-01-11,12.3942,12.7131,11.588,11.588,64052825,4.9474,16934362080,17206740000,26.1752,
002191.SZ,劲嘉股份,2016-01-12,11.3931,11.8715,10.454,11.2779,55060122,4.2528,16481225480,16746315000,25.4748,
002191.SZ,劲嘉股份,2016-01-13,11.2956,11.8715,10.6578,10.9324,47402301,3.6613,15976301840,16233270000,24.6943,
002191.SZ,劲嘉股份,2016-01-14,10.4717,11.9335,10.3743,11.7386,54626294,4.2193,17154457000,17430375000,26.5154,
002191.SZ,劲嘉股份,2016-01-15,11.7209,11.8006,10.5692,10.7375,54316913,4.1954,15691473120,15943860000,24.2541,
002191.SZ,劲嘉股份,2016-01-18,10.4451,11.0121,10.2768,10.7286,46282254,3.5748,15678526360,15930705000,24.234,
002191.SZ,劲嘉股份,2016-01-19,10.6755,11.4108,10.6755,11.3311,51698197,3.9931,16558906040,16825245000,25.5948,
002191.SZ,劲嘉股份,2016-01-20,11.1628,11.4905,10.9058,11.0033,39198941,3.0277,16079875920,16338510000,24.8544,
002191.SZ,劲嘉股份,2016-01-21,10.8172,11.207,10.454,10.4629,35817729,2.7665,15290123560,15536055000,23.6337,
002191.SZ,劲嘉股份,2016-01-22,10.6755,10.7729,9.6567,10.1174,49407965,3.8162,14785199920,15023010000,22.8532,
002191.SZ,劲嘉股份,2016-01-25,10.2325,10.516,10.0553,10.1971,29381800,2.2694,14901720760,15141405000,23.0334,
002191.SZ,劲嘉股份,2016-01-26,10.1439,10.1439,9.1783,9.1783,35865495,2.7702,13412843360,13628580000,18.9346,
002191.SZ,劲嘉股份,2016-01-27,9.1871,9.2757,8.3012,8.815,43168289,3.3343,12882026200,13089225000,18.1852,
002191.SZ,劲嘉股份,2016-01-28,8.5935,8.9922,8.2303,8.2569,28465075,2.1986,12066380320,12260422720,17.0338,
002191.SZ,劲嘉股份,2016-01-29,8.2658,8.9479,8.1594,8.7619,42681204,3.2967,12804345640,13010255440,18.0755,
002191.SZ,劲嘉股份,2016-02-01,8.8327,9.2846,8.7176,8.9745,35253912,2.723,13115067880,13325974480,18.5142,
002191.SZ,劲嘉股份,2016-02-02,8.9479,9.7098,8.8859,9.6389,41788594,3.2277,14086074880,14312596480,19.8849,
002191.SZ,劲嘉股份,2016-02-03,9.5769,9.8427,9.3997,9.7364,35873266,2.7708,14228489240,14457301040,20.0859,
002191.SZ,劲嘉股份,2016-02-04,9.7453,10.3566,9.7453,9.9402,36067431,2.7858,14526264720,14759865120,20.5063,
002191.SZ,劲嘉股份,2016-02-05,9.949,10.2768,9.9313,9.949,28988871,2.2391,14539211480,14773020080,20.5246,
002191.SZ,劲嘉股份,2016-02-15,9.5504,9.8339,9.4175,9.6655,23200579,1.792,14124915160,14352061360,19.9397,
002191.SZ,劲嘉股份,2016-02-16,9.7453,10.2857,9.7275,10.2414,33714348,2.6041,14966454560,15207133760,21.1277,
002191.SZ,劲嘉股份,2016-02-17,10.2502,10.3123,9.9579,10.1882,28662845,2.2139,14888774000,15128204000,21.018,
002191.SZ,劲嘉股份,2016-02-18,10.268,10.3477,9.887,9.9047,34042599,2.6294,14474477680,14707245280,20.4332,
002191.SZ,劲嘉股份,2016-02-19,9.8339,9.9845,9.6389,9.763,28176925,2.1764,14267329520,14496765920,20.1408,
002191.SZ,劲嘉股份,2016-02-22,9.9402,10.2414,9.8161,10.0553,34280262,2.6478,14694572600,14930879600,20.7439,
002191.SZ,劲嘉股份,2016-02-23,10.1174,10.4629,10.0288,10.454,44200492,3.414,15277176800,15522852800,21.5663,
002191.SZ,劲嘉股份,2016-02-24,10.2768,10.4097,10.0288,10.2148,29473228,2.2765,14927614280,15167668880,21.0729,
002191.SZ,劲嘉股份,2016-02-25,10.2325,10.2325,9.196,9.196,35828298,2.7674,13438736880,13654848480,18.9711,
002191.SZ,劲嘉股份,2016-02-26,9.1251,9.2934,8.567,8.9656,35763179,2.7623,13102121120,13312819520,18.4959,
002191.SZ,劲嘉股份,2016-02-29,8.8593,8.8593,8.0708,8.0708,42053640,3.2482,11794498360,11984168560,16.6499,
002191.SZ,劲嘉股份,2016-03-01,8.1683,8.31,7.6013,8.0886,37634900,2.9069,11820391880,12010478480,16.6865,
002191.SZ,劲嘉股份,2016-03-02,8.0974,8.6556,8.062,8.6113,37380280,2.8872,12584250720,12786621120,17.7648,
002191.SZ,劲嘉股份,2016-03-03,8.6024,8.9656,8.5404,8.5493,33447249,2.5834,12493623400,12694536400,17.6369,
002191.SZ,劲嘉股份,2016-03-04,8.5404,8.6378,7.9114,8.124,29614204,2.2874,11872178920,12063098320,16.7596,
002191.SZ,劲嘉股份,2016-03-07,8.3012,8.6113,8.2392,8.3366,24435334,1.8874,12182901160,12378817360,17.1982,
002191.SZ,劲嘉股份,2016-03-08,8.3366,8.4518,7.9114,8.4164,24234140,1.8718,12299422000,12497212000,17.3627,
002191.SZ,劲嘉股份,2016-03-09,8.1772,8.629,8.1063,8.3632,27674617,2.1376,12221741440,12418282240,17.2531,
002191.SZ,劲嘉股份,2016-03-10,8.5227,8.567,8.186,8.2392,19336656,1.4936,12040486800,12234112800,16.9972,
002191.SZ,劲嘉股份,2016-03-11,8.1772,8.2569,8.0443,8.1594,12985881,1.003,11923965960,12115718160,16.8327,
002191.SZ,劲嘉股份,2016-03-14,8.2835,8.815,8.2835,8.6024,36018922,2.7821,12571303960,12773466160,17.7465,
002191.SZ,劲嘉股份,2016-03-15,8.5493,8.6733,8.3898,8.4341,17141075,1.324,12325315520,12523521920,17.3993,
002191.SZ,劲嘉股份,2016-03-16,8.505,8.6556,8.2835,8.3278,16623122,1.284,12169954400,12365662400,17.18,
002191.SZ,劲嘉股份,2016-03-17,8.3278,8.7087,8.3278,8.6556,32017131,2.473,12648984520,12852395920,17.8562,
002191.SZ,劲嘉股份,2016-03-18,8.691,9.3554,8.691,9.1871,48200196,3.723,13425790120,13641693520,18.9528,
002191.SZ,劲嘉股份,2016-03-21,9.3466,9.6212,9.2846,9.4795,44049800,3.4024,13853033200,14075807200,19.5559,
002191.SZ,劲嘉股份,2016-03-22,9.3023,9.7807,9.2403,9.5061,35220541,2.7204,13891873480,14115272080,19.6107,
002191.SZ,劲嘉股份,2016-03-23,9.4795,9.5592,9.32,9.5149,23402833,1.8076,13904820240,14128427040,19.629,
002191.SZ,劲嘉股份,2016-03-24,9.3466,9.701,9.258,9.5769,43747644,3.379,13995447560,14220511760,19.757,
002191.SZ,劲嘉股份,2016-03-25,10.4983,10.5337,10.3211,10.5337,37612875,2.9052,15393697640,15641247440,21.7308,
002191.SZ,劲嘉股份,2016-03-28,10.6312,10.8084,9.9579,10.1528,107807708,8.327,14836986960,15075584160,20.9449,
002191.SZ,劲嘉股份,2016-03-29,9.9579,10.0553,9.5238,9.5947,49189897,3.7994,14021341080,14246821680,19.7935,
002191.SZ,劲嘉股份,2016-03-30,9.7453,10.0553,9.6744,9.9933,41875982,3.2345,14603945280,14838794880,20.616,
002191.SZ,劲嘉股份,2016-03-31,10.0731,10.4274,9.825,10.3123,54863199,4.2376,15070028640,15312373440,21.2739,
002191.SZ,劲嘉股份,2016-04-01,10.1794,10.2414,9.8693,9.9933,28645793,2.2126,14603945280,14838794880,20.616,
002191.SZ,劲嘉股份,2016-04-05,10.0819,10.4363,9.9224,10.3123,41569310,3.2108,15070028640,15312373440,21.2739,
002191.SZ,劲嘉股份,2016-04-06,10.1971,10.6135,10.1971,10.3566,43975971,3.3967,15134762440,15378148240,21.3653,
002191.SZ,劲嘉股份,2016-04-07,10.3654,10.4363,9.8516,9.8604,45887636,3.5443,14409743880,14641470480,20.3418,
002191.SZ,劲嘉股份,2016-04-08,9.763,9.8781,9.5415,9.7364,31586406,2.4397,14228489240,14457301040,20.0859,
002191.SZ,劲嘉股份,2016-04-11,9.9224,10.2857,9.8427,10.1262,46776401,3.613,14798146680,15036119280,20.8901,
002191.SZ,劲嘉股份,2016-04-12,10.2325,10.4097,9.8604,10.0376,40947448,3.1628,14668679080,14904569680,20.7073,
002191.SZ,劲嘉股份,2016-04-13,10.0996,11.0387,10.0553,10.4983,84783088,6.5486,15341910600,15588627600,21.629,
002191.SZ,劲嘉股份,2016-04-14,10.6843,10.7286,10.392,10.6401,47961118,3.7045,15549058760,15799106960,21.921,
002191.SZ,劲嘉股份,2016-04-15,10.6578,10.7729,10.5426,10.6578,34701429,2.6803,15574952280,15825416880,21.9575,
002191.SZ,劲嘉股份,2016-04-18,10.5426,10.5426,10.2059,10.2502,34795376,2.6876,14979401320,15220288720,21.1179,
002191.SZ,劲嘉股份,2016-04-19,10.3654,10.4274,10.1262,10.2502,25208625,1.9471,14979401320,15220288720,21.1179,
002191.SZ,劲嘉股份,2016-04-20,10.3034,10.3566,9.3466,9.5415,43843171,3.3864,13943660520,14167891920,19.6577,
002191.SZ,劲嘉股份,2016-04-21,9.4618,9.6478,9.2137,9.2757,25020405,1.9326,13555257720,13773243120,19.1101,
002191.SZ,劲嘉股份,2016-04-22,9.2491,9.7098,9.1871,9.6478,35522822,2.7438,14099021640,14325751440,19.8767,
002191.SZ,劲嘉股份,2016-04-25,9.4883,9.5149,9.1871,9.3554,25454848,1.9661,13671778560,13891637760,19.2744,
002191.SZ,劲嘉股份,2016-04-26,9.3554,9.5238,9.258,9.5061,20056042,1.5491,13891873480,14115272080,19.5847,
002191.SZ,劲嘉股份,2016-04-27,9.5326,9.5681,9.3909,9.4086,17781853,1.3735,13749459120,13970567520,19.3839,
002191.SZ,劲嘉股份,2016-04-28,9.3909,9.4529,9.1162,9.2757,22189741,1.7139,13555257720,13773243120,19.852,
002191.SZ,劲嘉股份,2016-04-29,9.2137,9.3554,9.1783,9.258,10501410,0.8111,13529364200,13746933200,19.8141,
002191.SZ,劲嘉股份,2016-05-03,9.2846,9.701,9.2226,9.6212,26577450,2.0528,14060181360,14286286560,20.5915,
002191.SZ,劲嘉股份,2016-05-04,9.5858,9.7187,9.5238,9.5947,22495700,1.7376,14021341080,14246821680,20.5346,
002191.SZ,劲嘉股份,2016-05-05,9.5681,9.6655,9.5504,9.6301,14745025,1.1389,14073128120,14299441520,20.6105,
002191.SZ,劲嘉股份,2016-05-06,9.6389,9.7275,9.072,9.0897,31835145,2.4589,13283375760,13496988960,19.4539,
002191.SZ,劲嘉股份,2016-05-09,8.9922,9.0099,8.5758,8.6113,24832223,1.918,12584250720,12786621120,18.43,
002191.SZ,劲嘉股份,2016-05-10,8.5581,8.7353,8.505,8.5935,15073431,1.1643,12558357200,12760311200,18.3921,
002191.SZ,劲嘉股份,2016-05-11,8.691,8.7707,8.5493,8.6556,14124226,1.0909,12648984520,12852395920,18.5248,
002191.SZ,劲嘉股份,2016-05-12,8.5493,8.8416,8.3898,8.815,14373496,1.1102,12882026200,13089185200,18.8661,
002191.SZ,劲嘉股份,2016-05-13,8.7264,8.9568,8.6467,8.691,12837724,0.9916,12700771560,12905015760,18.6006,
002191.SZ,劲嘉股份,2016-05-16,8.6733,8.8859,8.5493,8.8593,15366838,1.1869,12946760000,13154960000,18.9609,
002191.SZ,劲嘉股份,2016-05-17,8.9391,9.0188,8.8327,8.8416,12719768,0.9825,12920866480,13128650080,18.923,
002191.SZ,劲嘉股份,2016-05-18,8.7796,8.7885,8.5227,8.6024,11916333,0.9204,12571303960,12773466160,18.411,
002191.SZ,劲嘉股份,2016-05-19,8.6024,8.8593,8.5935,8.6378,10095559,0.7798,12623091000,12826086000,18.4869,
002191.SZ,劲嘉股份,2016-05-20,8.6024,8.7353,8.5315,8.6821,8668324,0.6695,12687824800,12891860800,18.5817,
002191.SZ,劲嘉股份,2016-05-23,8.7176,8.8239,8.7176,8.7796,11019253,0.8511,12830239160,13036565360,18.7902,
002191.SZ,劲嘉股份,2016-05-24,8.7707,8.815,8.6024,8.6467,7013502,0.5417,12636037760,12839240960,18.5058,
002191.SZ,劲嘉股份,2016-05-25,8.7087,8.753,8.5493,8.5847,9587149,0.7405,12545410440,12747156240,18.3731,
002191.SZ,劲嘉股份,2016-05-26,8.5847,8.7264,8.4164,8.6821,11997545,0.9267,12687824800,12891860800,18.5817,
002191.SZ,劲嘉股份,2016-05-27,8.6821,8.691,8.5758,8.6113,7435480,0.5743,12584250720,12786621120,18.43,
002191.SZ,劲嘉股份,2016-05-30,8.6113,8.6113,8.6113,8.6113,--,--,12584250720,12786621120,18.43,
002191.SZ,劲嘉股份,2016-05-31,8.6113,8.6113,8.6113,8.6113,--,--,12584250720,12786621120,18.43,
002191.SZ,劲嘉股份,2016-06-01,8.6113,8.6113,8.6113,8.6113,--,--,12584250720,12786621120,18.43,
002191.SZ,劲嘉股份,2016-06-02,8.6113,8.6113,8.6113,8.6113,--,--,12584250720,12786621120,18.43,
002191.SZ,劲嘉股份,2016-06-03,8.6113,8.6113,8.6113,8.6113,--,--,12584250720,12786621120,18.43,
002191.SZ,劲嘉股份,2016-06-06,8.6113,8.6113,8.6113,8.6113,--,--,12584250720,12786621120,18.43,
002191.SZ,劲嘉股份,2016-06-07,8.6113,8.6113,8.6113,8.6113,--,--,12584250720,12786621120,18.43,
002191.SZ,劲嘉股份,2016-06-08,8.6113,8.6113,8.6113,8.6113,--,--,12584250720,12786621120,18.43,
002191.SZ,劲嘉股份,2016-06-13,8.6113,8.6113,8.6113,8.6113,--,--,12584250720,12786621120,18.43,
002191.SZ,劲嘉股份,2016-06-14,8.8593,9.4706,8.8593,9.3643,67076872,5.181,13684725320,13904792720,20.0417,
002191.SZ,劲嘉股份,2016-06-15,9.1251,9.9047,9.0808,9.763,66152198,5.1096,14267329520,14496765920,20.8949,
002191.SZ,劲嘉股份,2016-06-16,9.7187,9.8693,9.4352,9.5238,37467001,2.8939,13917767000,14141582000,20.383,
002191.SZ,劲嘉股份,2016-06-17,9.6478,10.1528,9.5858,9.9667,53577457,4.1383,14565105000,14799330000,21.331,
002191.SZ,劲嘉股份,2016-06-20,10.1882,10.5072,9.9667,10.0731,75441692,5.8271,14720466120,14957189520,21.5585,
002191.SZ,劲嘉股份,2016-06-21,10.1882,10.2325,9.701,9.7807,48788190,3.7684,14293223040,14523075840,20.9328,
002191.SZ,劲嘉股份,2016-06-22,9.7718,9.9756,9.6567,9.9224,29624086,2.2881,14500371200,14733555200,21.2362,
002191.SZ,劲嘉股份,2016-06-23,9.8781,10.2237,9.8781,10.011,35085995,2.7082,14639764720,14865104800,21.4258,
002191.SZ,劲嘉股份,2016-06-24,9.949,10.0908,9.4883,9.8161,38432611,2.9665,14354742752,14575695680,21.0087,
002191.SZ,劲嘉股份,2016-06-27,9.7364,10.0996,9.6744,10.0199,28996092,2.2381,14652720264,14878259760,21.4448,
002191.SZ,劲嘉股份,2016-06-28,10.0553,10.4983,10.0199,10.4008,64229592,4.9577,15209808656,15443923040,22.2601,
002191.SZ,劲嘉股份,2016-06-29,10.4363,10.4983,10.2325,10.4097,44797822,3.4578,15222764200,15457078000,22.279,
002191.SZ,劲嘉股份,2016-06-30,10.3477,10.4097,10.1882,10.268,27955645,2.1578,15015475496,15246598640,21.9757,
002191.SZ,劲嘉股份,2016-07-01,10.2591,10.3831,10.0908,10.1439,24240053,1.871,14834097880,15062429200,21.7102,
002191.SZ,劲嘉股份,2016-07-04,10.0553,10.2591,10.011,10.2237,35045107,2.705,14950697776,15180823840,21.8809,
002191.SZ,劲嘉股份,2016-07-05,10.2325,10.2768,10.1085,10.1794,24693162,1.906,14885920056,15115049040,21.7861,
002191.SZ,劲嘉股份,2016-07-06,10.1794,10.3123,10.0819,10.1971,24319690,1.8772,14911831144,15141358960,21.824,
002191.SZ,劲嘉股份,2016-07-07,10.1528,10.4806,10.1528,10.3211,40842432,3.1525,15093208760,15325528400,22.0894,
002191.SZ,劲嘉股份,2016-07-08,10.3211,10.357,10.1147,10.2134,26191047,2.0216,14743409072,14970344480,21.5775,
002191.SZ,劲嘉股份,2016-07-11,10.1955,10.2673,10.0519,10.0608,24862002,1.919,14523164824,14746710160,21.2552,
002191.SZ,劲嘉股份,2016-07-12,10.0788,10.1775,9.8365,10.1596,28165580,2.174,14665675808,14891414720,21.4637,
002191.SZ,劲嘉股份,2016-07-13,10.1596,10.2224,10.0878,10.1685,25462320,1.9654,14678631352,14904569680,21.4827,
002191.SZ,劲嘉股份,2016-07-14,10.1685,10.2673,10.0967,10.1416,18451848,1.4242,14639764720,14865104800,21.4258,
002191.SZ,劲嘉股份,2016-07-15,10.0519,10.0519,9.7647,9.8185,41449085,3.1993,14173365136,14391526240,21.2551,
002191.SZ,劲嘉股份,2016-07-18,9.7826,9.9083,9.7198,9.8185,17810989,1.3748,14173365136,14391526240,21.2551,
002191.SZ,劲嘉股份,2016-07-19,9.7916,9.8813,9.7288,9.8454,11990701,0.9255,14212231768,14430991120,21.3134,
002191.SZ,劲嘉股份,2016-07-20,9.8544,9.9801,9.8544,9.8544,15815411,1.2207,14225187312,14444146080,21.3328,
002191.SZ,劲嘉股份,2016-07-21,9.8544,10.1685,9.7916,10.0608,32651403,2.5203,14523164824,14746710160,21.7797,
002191.SZ,劲嘉股份,2016-07-22,10.016,10.4557,9.8365,10.3032,56440452,4.3565,14872964512,15101894080,22.3042,
002191.SZ,劲嘉股份,2016-07-25,10.2134,10.4557,10.0967,10.4468,53099825,4.0986,15080253216,15312373440,22.6151,
002191.SZ,劲嘉股份,2016-07-26,10.4288,10.5634,10.3032,10.4019,32083836,2.4765,15015475496,15246598640,22.518,
002191.SZ,劲嘉股份,2016-07-27,10.4109,10.4827,9.7288,9.8454,43186177,3.3334,14212231768,14430991120,21.3134,
002191.SZ,劲嘉股份,2016-07-28,9.8275,9.9531,9.648,9.8365,22584322,1.7432,14199276224,14417836160,21.2939,
002191.SZ,劲嘉股份,2016-07-29,9.8006,9.8903,9.6659,9.7018,14978077,1.1561,14004943064,14220511760,21.0025,
002191.SZ,劲嘉股份,2016-08-01,9.6659,9.6659,9.2262,9.3159,17146327,1.3235,13447854672,13654848480,20.1671,
002191.SZ,劲嘉股份,2016-08-02,9.3339,9.4685,9.3159,9.4416,11481703,0.8862,13629232288,13839017920,20.4391,
002191.SZ,劲嘉股份,2016-08-03,9.4326,9.4416,9.3518,9.3877,8448280,0.6521,13551499024,13760088160,20.3225,
002191.SZ,劲嘉股份,2016-08-04,9.4236,9.4954,9.289,9.4147,16697815,1.2889,13590365656,13799553040,20.3808,
002191.SZ,劲嘉股份,2016-08-05,9.4057,9.4506,9.2441,9.298,14294558,1.1034,13421943584,13628538560,20.1282,
002191.SZ,劲嘉股份,2016-08-08,9.2621,9.4057,9.1813,9.3967,10495223,0.8101,13564454568,13773243120,20.3419,
002191.SZ,劲嘉股份,2016-08-09,9.3788,9.5852,9.3788,9.5313,18137146,1.4,13758787728,13970567520,20.6334,
002191.SZ,劲嘉股份,2016-08-10,9.5583,9.6031,9.4147,9.4236,12030019,0.9286,13603321200,13812708000,20.4002,
002191.SZ,劲嘉股份,2016-08-11,9.4147,9.4865,9.2621,9.2711,13262753,1.0237,13383076952,13589073680,20.0699,
002191.SZ,劲嘉股份,2016-08-12,9.2711,9.3788,9.2441,9.3698,8683176,0.6702,13525587936,13733778240,20.2837,
002191.SZ,劲嘉股份,2016-08-15,9.3698,9.7108,9.3249,9.639,26250600,2.0262,13914254256,14128427040,20.8665,
002191.SZ,劲嘉股份,2016-08-16,9.6659,9.7557,9.5762,9.6839,16540736,1.2767,13979031976,14194201840,20.9637,
002191.SZ,劲嘉股份,2016-08-17,9.6929,9.7377,9.6211,9.7018,12302462,0.9496,14004943064,14220511760,21.0025,
002191.SZ,劲嘉股份,2016-08-18,9.6929,9.7916,9.657,9.7198,14984105,1.1566,14030854152,14246821680,21.0414,
002191.SZ,劲嘉股份,2016-08-19,9.7018,9.8813,9.657,9.7826,16039688,1.2297,14217353960,14338906400,21.1774,
002191.SZ,劲嘉股份,2016-08-22,9.8006,9.8275,9.5852,9.5852,12456561,0.955,13930398192,14049497280,20.7499,
002191.SZ,劲嘉股份,2016-08-23,9.6211,9.7108,9.5583,9.63,9195244,0.705,13995615412,14115272080,20.8471,
002191.SZ,劲嘉股份,2016-08-24,9.6121,9.7198,9.5762,9.6031,10062332,0.7714,13956485080,14075807200,20.7888,
002191.SZ,劲嘉股份,2016-08-25,9.5941,9.639,9.4057,9.5403,12646608,0.9696,13865180972,13983722480,20.6528,
002191.SZ,劲嘉股份,2016-08-26,9.5403,9.9083,9.4506,9.7288,27128232,2.0798,14139093296,14259976640,20.9819,
002191.SZ,劲嘉股份,2016-08-29,9.5583,9.639,9.5044,9.5941,14065724,1.0784,13943441636,14062652240,20.6915,
002191.SZ,劲嘉股份,2016-08-30,9.6031,9.6929,9.5762,9.5852,10782265,0.8266,13930398192,14049497280,20.6722,
002191.SZ,劲嘉股份,2016-08-31,9.5762,9.63,9.4685,9.5313,9148338,0.7014,13852137528,13970567520,20.556,
002191.SZ,劲嘉股份,2016-09-01,9.5044,9.5941,9.4595,9.4685,9575584,0.7341,13760833420,13878482800,20.4206,
002191.SZ,劲嘉股份,2016-09-02,9.4595,9.6749,9.4236,9.6749,17375436,1.3321,14060832632,14181046880,20.8657,
002191.SZ,劲嘉股份,2016-09-05,9.5762,9.6659,9.5313,9.5493,13240424,1.0151,13878224416,13996877440,20.5948,
002191.SZ,劲嘉股份,2016-09-06,9.5852,9.7736,9.4954,9.6839,15113253,1.1587,14073876076,14194201840,20.8851,
002191.SZ,劲嘉股份,2016-09-07,9.63,9.8993,9.63,9.7826,28288210,2.1688,14217353960,14338906400,21.098,
002191.SZ,劲嘉股份,2016-09-08,9.8095,9.8275,9.6929,9.8275,17985220,1.3789,14282571180,14404681200,21.1948,
002191.SZ,劲嘉股份,2016-09-09,9.8724,9.9621,9.6749,9.6749,21102921,1.6179,14060832632,14181046880,20.8657,
002191.SZ,劲嘉股份,2016-09-12,9.4685,9.5583,9.3788,9.4236,17983380,1.3787,13695616200,13812708000,20.3238,
002191.SZ,劲嘉股份,2016-09-13,9.4775,9.5224,9.4057,9.4865,7137415,0.5472,13786920308,13904792720,20.4593,
002191.SZ,劲嘉股份,2016-09-14,9.4685,9.4954,9.3429,9.3608,8201597,0.6288,13604312092,13720623280,20.1883,
002191.SZ,劲嘉股份,2016-09-19,9.4236,9.5134,9.3698,9.4775,8388612,0.6431,13773876864,13891637760,20.4399,
002191.SZ,劲嘉股份,2016-09-20,9.4685,9.4865,9.3877,9.3967,5639490,0.4324,13656485868,13773243120,20.2657,
002191.SZ,劲嘉股份,2016-09-21,9.4236,9.4775,9.3788,9.4057,7861938,0.6028,13669529312,13786398080,20.2851,
002191.SZ,劲嘉股份,2016-09-22,9.4416,9.5044,9.4147,9.4236,7961075,0.6104,13695616200,13812708000,20.3238,
002191.SZ,劲嘉股份,2016-09-23,9.4685,9.4865,9.3608,9.3698,6669840,0.5114,13617355536,13733778240,20.2076,
002191.SZ,劲嘉股份,2016-09-26,9.3877,9.4416,9.1903,9.1993,10724577,0.8222,13369530100,13483834000,19.8399,
002191.SZ,劲嘉股份,2016-09-27,9.2082,9.2441,9.1095,9.2352,8930879,0.6847,13421703876,13536453840,19.9173,
002191.SZ,劲嘉股份,2016-09-28,9.28,9.298,9.1634,9.2441,5263639,0.4035,13434747320,13549608800,19.9367,
002191.SZ,劲嘉股份,2016-09-29,9.2441,9.298,9.2172,9.2441,4866178,0.3731,13434747320,13549608800,19.9367,
002191.SZ,劲嘉股份,2016-09-30,9.2352,9.3159,9.2082,9.307,7200368,0.552,13526051428,13641693520,20.0721,
002191.SZ,劲嘉股份,2016-10-10,9.298,9.4775,9.298,9.4685,10402585,0.7975,13760833420,13878482800,20.4206,
002191.SZ,劲嘉股份,2016-10-11,9.4595,9.4954,9.4236,9.4685,7241139,0.5552,13760833420,13878482800,20.4206,
002191.SZ,劲嘉股份,2016-10-12,9.4595,9.4595,9.3429,9.4057,7389638,0.5665,13669529312,13786398080,20.2851,
002191.SZ,劲嘉股份,2016-10-13,9.4057,9.5224,9.3788,9.4506,8430245,0.6463,13734746532,13852172880,20.3818,
002191.SZ,劲嘉股份,2016-10-14,9.4236,9.4685,9.3608,9.4057,5991917,0.4594,13669529312,13786398080,20.2851,
002191.SZ,劲嘉股份,2016-10-17,9.4506,9.4506,9.2441,9.2711,8290471,0.6356,13473877652,13589073680,19.9947,
002191.SZ,劲嘉股份,2016-10-18,9.2621,9.4775,9.2621,9.4775,11062485,0.8481,13773876864,13891637760,20.4399,
002191.SZ,劲嘉股份,2016-10-19,9.4685,9.5403,9.4057,9.4236,8298510,0.6362,13695616200,13812708000,20.3238,
002191.SZ,劲嘉股份,2016-10-20,9.4685,9.4685,9.3788,9.4326,5684680,0.4358,13708659644,13825862960,20.3431,
002191.SZ,劲嘉股份,2016-10-21,9.4057,9.4506,9.298,9.4326,10156745,0.7787,13708659644,13825862960,21.2956,
002191.SZ,劲嘉股份,2016-10-24,9.4326,9.5313,9.3788,9.4954,11096992,0.8508,13799963752,13917947680,21.4374,
002191.SZ,劲嘉股份,2016-10-25,9.4954,9.5583,9.4595,9.5313,9243056,0.7086,13852137528,13970567520,21.5185,
002191.SZ,劲嘉股份,2016-10-26,9.5493,9.5493,9.4326,9.4506,8466579,0.6491,13734746532,13852172880,21.3361,
002191.SZ,劲嘉股份,2016-10-27,9.4506,9.6839,9.4326,9.6031,21390385,1.6399,13956485080,14075807200,21.6806,
002191.SZ,劲嘉股份,2016-10-28,9.6211,9.7377,9.5583,9.6121,19275426,1.4778,13969528524,14088962160,21.7008,
002191.SZ,劲嘉股份,2016-10-31,9.5762,9.5762,9.4506,9.5044,7639048,0.5857,13813007196,13931102640,21.4577,
002191.SZ,劲嘉股份,2016-11-01,9.5134,9.648,9.4865,9.5583,11124650,0.8529,13891267860,14010032400,21.5793,
002191.SZ,劲嘉股份,2016-11-02,9.5672,9.657,9.4775,9.4865,9498462,0.7282,13786920308,13904792720,21.4172,
002191.SZ,劲嘉股份,2016-11-03,9.4865,9.6121,9.4416,9.5134,10209728,0.7827,13826050640,13944257600,21.4779,
002191.SZ,劲嘉股份,2016-11-04,9.5134,9.5941,9.4954,9.5672,10821667,0.8297,13904311304,14023187360,21.5995,
002191.SZ,劲嘉股份,2016-11-07,9.5583,9.5762,9.4506,9.5044,7465577,0.5724,13813007196,13931102640,21.4577,
002191.SZ,劲嘉股份,2016-11-08,9.5313,9.5583,9.4506,9.5224,9078793,0.696,13839094084,13957412560,21.4982,
002191.SZ,劲嘉股份,2016-11-09,9.5403,9.5583,9.28,9.4236,16017441,1.228,13695616200,13812708000,21.2753,
002191.SZ,劲嘉股份,2016-11-10,9.4954,9.648,9.4057,9.6211,15166403,1.1628,13982571968,14102117120,21.7211,
002191.SZ,劲嘉股份,2016-11-11,9.6121,9.8185,9.6121,9.7108,18219067,1.3968,14113006408,14233666720,21.9237,
002191.SZ,劲嘉股份,2016-11-14,9.7108,9.8365,9.63,9.6659,10838162,0.8309,14047789188,14167891920,21.8224,
002191.SZ,劲嘉股份,2016-11-15,9.6749,9.7826,9.6659,9.7467,11139251,0.854,14165180184,14286286560,22.0048,
002191.SZ,劲嘉股份,2016-11-16,9.7467,9.9531,9.7018,9.8634,24615992,1.8872,14334744956,14457301040,22.2682,
002191.SZ,劲嘉股份,2016-11-17,9.8006,9.8365,9.657,9.7467,12714461,0.9748,14165180184,14286286560,22.0048,
002191.SZ,劲嘉股份,2016-11-18,9.7557,9.7826,9.63,9.6659,12629509,0.9683,14047789188,14167891920,21.8224,
002191.SZ,劲嘉股份,2016-11-21,9.648,9.7467,9.6121,9.6839,7646838,0.5863,14073876076,14194201840,21.8629,
002191.SZ,劲嘉股份,2016-11-22,9.6749,9.7377,9.6659,9.7377,8740259,0.6701,14152136740,14273131600,21.9845,
002191.SZ,劲嘉股份,2016-11-23,9.7377,9.7736,9.648,9.648,9323157,0.7148,14021702300,14141582000,21.7819,
002191.SZ,劲嘉股份,2016-11-24,9.648,9.6929,9.5852,9.63,9487169,0.7274,13995615412,14115272080,21.7414,
002191.SZ,劲嘉股份,2016-11-25,9.5672,9.7018,9.5044,9.6749,11211941,0.8596,14060832632,14181046880,21.8427,
002191.SZ,劲嘉股份,2016-11-28,9.6929,9.7108,9.6211,9.639,8542083,0.6549,14008658856,14128427040,21.7616,
002191.SZ,劲嘉股份,2016-11-29,9.6659,9.7108,9.5583,9.648,10125840,0.7763,14021702300,14141582000,21.7819,
002191.SZ,劲嘉股份,2016-11-30,9.639,9.7018,9.5224,9.6121,9894321,0.7586,13969528524,14088962160,21.7008,
002191.SZ,劲嘉股份,2016-12-01,9.6121,9.7108,9.5941,9.648,9439193,0.7237,14021702300,14141582000,21.7819,
002191.SZ,劲嘉股份,2016-12-02,9.63,9.7018,9.5403,9.5941,10076159,0.7725,13943441636,14062652240,21.6603,
002191.SZ,劲嘉股份,2016-12-05,9.5493,9.5852,9.4685,9.5134,9956557,0.7633,13826050640,13944257600,21.4779,
002191.SZ,劲嘉股份,2016-12-06,9.5134,9.5852,9.4954,9.5313,4185452,0.3209,13852137528,13970567520,21.5185,
002191.SZ,劲嘉股份,2016-12-07,9.5762,9.6211,9.5313,9.6031,6270761,0.4808,13956485080,14075807200,21.6806,
002191.SZ,劲嘉股份,2016-12-08,9.63,9.7377,9.5941,9.6121,11070926,0.8488,13969528524,14088962160,21.7008,
002191.SZ,劲嘉股份,2016-12-09,9.6121,9.648,9.4775,9.5224,10051297,0.7706,13839094084,13957412560,21.4982,
002191.SZ,劲嘉股份,2016-12-12,9.5134,9.5852,9.0646,9.1005,17009376,1.3041,13226052216,13339129440,20.5459,
002191.SZ,劲嘉股份,2016-12-13,9.1095,9.1544,9.0557,9.1005,9379115,0.7191,13226052216,13339129440,20.5459,
002191.SZ,劲嘉股份,2016-12-14,9.1005,9.1454,8.7954,8.7954,11293764,0.8659,12782575120,12891860800,19.857,
002191.SZ,劲嘉股份,2016-12-15,8.7505,9.1544,8.7505,9.0198,9206474,0.7058,13108661220,13220734800,20.3635,
002191.SZ,劲嘉股份,2016-12-16,8.9839,9.0557,8.93,8.9749,6060700,0.4647,13043444000,13154960000,20.2622,
002191.SZ,劲嘉股份,2016-12-19,8.9839,9.28,8.9839,9.1454,9352117,0.717,13291269436,13404904240,20.6472,
002191.SZ,劲嘉股份,2016-12-20,9.2082,9.2172,9.0557,9.1364,4638749,0.3556,13278225992,13391749280,20.6269,
002191.SZ,劲嘉股份,2016-12-21,9.1185,9.2621,9.1185,9.2082,8260783,0.6333,13382573544,13496988960,20.789,
002191.SZ,劲嘉股份,2016-12-22,9.1544,9.2172,9.0826,9.1275,6536079,0.5011,13265182548,13378594320,20.6067,
002191.SZ,劲嘉股份,2016-12-23,9.1095,9.1723,9.0916,9.1275,7914217,0.6068,13265182548,13378594320,20.6067,
002191.SZ,劲嘉股份,2016-12-26,9.1275,9.1813,8.9121,9.1544,9421379,0.7223,13304312880,13418059200,20.6675,
002191.SZ,劲嘉股份,2016-12-27,9.1993,9.1993,9.0826,9.1544,6229180,0.4776,13304312880,13418059200,20.6675,
002191.SZ,劲嘉股份,2016-12-28,9.1634,9.2441,9.1364,9.2172,6247897,0.479,13395616988,13510143920,20.8093,
002191.SZ,劲嘉股份,2016-12-29,9.1993,9.3788,9.1544,9.3339,8367296,0.6415,13565181760,13681158400,21.0727,
002191.SZ,劲嘉股份,2016-12-30,9.3339,9.4416,9.307,9.3429,9651992,0.74,13578225204,13694313360,21.093,
002191.SZ,劲嘉股份,2017-01-03,9.3788,9.5134,9.289,9.4236,10653140,0.8181,13673692200,13812708000,21.2753,
002191.SZ,劲嘉股份,2017-01-04,9.4057,9.5044,9.3429,9.4954,6018737,0.4622,13777872712,13917947680,21.4374,
002191.SZ,劲嘉股份,2017-01-05,9.4685,9.5493,9.4236,9.4775,5520316,0.4239,13751827584,13891637760,21.3969,
002191.SZ,劲嘉股份,2017-01-06,9.4506,9.4775,9.3429,9.4236,5703837,0.438,13673692200,13812708000,21.2753,
002191.SZ,劲嘉股份,2017-01-09,9.289,9.4416,9.289,9.3877,5159452,0.3962,13621601944,13760088160,21.1943,
002191.SZ,劲嘉股份,2017-01-10,9.3518,9.4057,9.2441,9.2531,6845258,0.5256,13426263484,13562763760,20.8903,
002191.SZ,劲嘉股份,2017-01-11,9.2531,9.3429,9.2082,9.2621,4792754,0.368,13439286048,13575918720,20.9106,
002191.SZ,劲嘉股份,2017-01-12,9.28,9.307,9.1903,9.2352,3692050,0.2835,13400218356,13536453840,20.8498,
002191.SZ,劲嘉股份,2017-01-13,9.2172,9.28,8.9928,9.0198,4782600,0.3673,13087676820,13220734800,20.3635,
002191.SZ,劲嘉股份,2017-01-16,8.9839,9.0646,8.5441,8.7505,9613361,0.7382,12696999900,12826086000,19.7557,
002191.SZ,劲嘉股份,2017-01-17,8.7415,8.9749,8.6877,8.921,3840162,0.2949,12944428616,13076030240,20.1406,
002191.SZ,劲嘉股份,2017-01-18,8.921,9.0108,8.9031,8.9659,5211849,0.4002,13009541436,13141805040,20.2419,
002191.SZ,劲嘉股份,2017-01-19,8.9569,9.1095,8.9121,8.9749,7010103,0.5383,13022564000,13154960000,22.6255,
002191.SZ,劲嘉股份,2017-01-20,8.9749,9.0557,8.948,8.9569,6039948,0.4638,12996518872,13128650080,22.5802,
002191.SZ,劲嘉股份,2017-01-23,8.9659,9.0826,8.9569,9.0287,6115932,0.4696,13100699384,13233889760,22.7612,
002191.SZ,劲嘉股份,2017-01-24,9.0198,9.0557,8.921,8.93,4234927,0.3252,12957451180,13089185200,22.5123,
002191.SZ,劲嘉股份,2017-01-25,8.939,9.0287,8.8941,8.9031,4297172,0.33,12918383488,13049720320,22.4445,
002191.SZ,劲嘉股份,2017-01-26,8.9659,9.0287,8.921,8.9839,3142350,0.2413,13035586564,13168114960,22.6481,
002191.SZ,劲嘉股份,2017-02-03,9.0018,9.0198,8.9121,8.93,3287462,0.2524,12957451180,13089185200,22.5123,
002191.SZ,劲嘉股份,2017-02-06,8.921,8.9928,8.9031,8.9928,5065659,0.389,13048609128,13181269920,22.6707,
002191.SZ,劲嘉股份,2017-02-07,9.0018,9.0826,8.921,9.0018,5581784,0.4286,13061631692,13194424880,22.6933,
002191.SZ,劲嘉股份,2017-02-08,9.0108,9.0108,8.9031,8.9839,4836958,0.3714,13035586564,13168114960,22.6481,
002191.SZ,劲嘉股份,2017-02-09,8.9749,9.0287,8.93,9.0108,4998781,0.3839,13074654256,13207579840,22.716,
002191.SZ,劲嘉股份,2017-02-10,9.0018,9.0108,8.93,8.93,8049585,0.6181,12957451180,13089185200,22.5123,
002191.SZ,劲嘉股份,2017-02-13,8.921,8.9569,8.9031,8.93,7581232,0.5822,12957451180,13089185200,22.5123,
002191.SZ,劲嘉股份,2017-02-14,8.948,9.0467,8.93,9.0467,9292793,0.7136,13126744512,13260199680,22.8065,
002191.SZ,劲嘉股份,2017-02-15,9.0916,9.0916,8.948,8.9659,7188100,0.552,13009541436,13141805040,22.6028,
002191.SZ,劲嘉股份,2017-02-16,8.9749,9.3159,8.93,9.307,17670673,1.3569,13504398868,13641693520,23.4626,
002191.SZ,劲嘉股份,2017-02-17,9.2441,9.307,9.1005,9.1275,13316680,1.0226,13243947588,13378594320,23.0101,
002191.SZ,劲嘉股份,2017-02-20,9.1275,9.1903,9.0646,9.1723,6186327,0.475,13309060408,13444369120,23.1232,
002191.SZ,劲嘉股份,2017-02-21,9.1813,9.1903,9.1275,9.1634,6207741,0.4767,13296037844,13431214160,23.1006,
002191.SZ,劲嘉股份,2017-02-22,9.1723,9.1813,9.1005,9.1634,6280897,0.4823,13296037844,13431214160,23.1006,
002191.SZ,劲嘉股份,2017-02-23,9.1364,9.1903,9.0916,9.1634,5557170,0.4267,13296037844,13431214160,23.1006,
002191.SZ,劲嘉股份,2017-02-24,9.1544,9.1634,9.0916,9.1095,5360664,0.4116,13217902460,13352284400,22.9649,
002191.SZ,劲嘉股份,2017-02-27,9.1185,9.1275,8.9928,9.0018,5788274,0.4445,13061631692,13194424880,22.6933,
002191.SZ,劲嘉股份,2017-02-28,9.0018,9.0377,8.948,8.9749,7774794,0.597,13022564000,13154960000,22.6255,
002191.SZ,劲嘉股份,2017-03-01,8.9749,9.1634,8.9659,9.1005,10832332,0.8318,13204879896,13339129440,22.9422,
002191.SZ,劲嘉股份,2017-03-02,9.1005,9.1634,9.0018,9.0287,5955741,0.4573,13100699384,13233889760,22.7612,
002191.SZ,劲嘉股份,2017-03-03,9.0287,9.1005,8.9569,9.0287,6234548,0.4787,13100699384,13233889760,22.7612,
002191.SZ,劲嘉股份,2017-03-06,8.9569,9.0826,8.9569,9.0557,4897523,0.3761,13139767076,13273354640,22.8291,
002191.SZ,劲嘉股份,2017-03-07,9.0557,9.1185,8.9659,9.1185,10427323,0.8007,13230925024,13365439360,22.9875,
002191.SZ,劲嘉股份,2017-03-08,9.1185,9.1454,8.9928,9.0287,7008250,0.5382,13100699384,13233889760,22.7612,
002191.SZ,劲嘉股份,2017-03-09,9.0287,9.0467,8.9749,8.9749,5597647,0.4298,13022564000,13154960000,22.6255,
002191.SZ,劲嘉股份,2017-03-10,8.9839,9.2262,8.9839,9.2172,18453976,1.4171,13374173228,13510143920,23.2364,
002191.SZ,劲嘉股份,2017-03-13,9.1634,9.3788,9.1634,9.28,15430554,1.1849,13465331176,13602228640,23.3947,
002191.SZ,劲嘉股份,2017-03-14,9.2531,9.307,9.1634,9.2172,7847014,0.6026,13374173228,13510143920,23.2364,
002191.SZ,劲嘉股份,2017-03-15,9.2172,9.4147,9.1993,9.3608,12928033,0.9927,13582534252,13720623280,23.5984,
002191.SZ,劲嘉股份,2017-03-16,9.3608,9.4416,9.298,9.4326,12072624,0.9271,13686714764,13825862960,23.7794,
002191.SZ,劲嘉股份,2017-03-17,9.4147,9.4685,9.3518,9.3788,10881445,0.8356,13608579380,13746933200,23.6436,
002191.SZ,劲嘉股份,2017-03-20,9.3698,9.3877,9.2262,9.2352,12519305,0.9614,13400218356,13536453840,23.2816,
002191.SZ,劲嘉股份,2017-03-21,9.307,9.307,9.1544,9.2352,11871718,0.9116,13400218356,13536453840,23.2816,
002191.SZ,劲嘉股份,2017-03-22,9.1993,9.289,9.1634,9.2082,9096759,0.6985,13361150664,13496988960,23.2137,
002191.SZ,劲嘉股份,2017-03-23,9.2262,9.2441,9.0736,9.1993,10487794,0.8054,13348128100,13483834000,23.1911,
002191.SZ,劲嘉股份,2017-03-24,9.1903,9.3159,9.1634,9.2352,7530936,0.5783,13400218356,13536453840,23.2816,
002191.SZ,劲嘉股份,2017-03-27,9.2352,9.3429,9.2172,9.3339,8940430,0.6865,13543466560,13681158400,23.5305,
002191.SZ,劲嘉股份,2017-03-28,9.307,9.3788,9.2352,9.3159,6352756,0.4878,13517421432,13654848480,23.4852,
002191.SZ,劲嘉股份,2017-03-29,9.3159,9.3249,9.1903,9.1903,7592138,0.583,13335105536,13470679040,23.1685,
002191.SZ,劲嘉股份,2017-03-30,9.1813,9.1903,8.9749,9.0198,6817970,0.5236,13087676820,13220734800,22.7386,
002191.SZ,劲嘉股份,2017-03-31,9.0198,9.1185,8.9749,9.0287,6370495,0.4892,13100699384,13233889760,22.7612,
002191.SZ,劲嘉股份,2017-04-05,8.9928,9.1544,8.9839,9.1454,5791632,0.4447,13269992716,13404904240,23.0554,
002191.SZ,劲嘉股份,2017-04-06,9.1544,9.2082,9.0826,9.1275,5001654,0.3841,13243947588,13378594320,23.0101,
002191.SZ,劲嘉股份,2017-04-07,9.1095,9.1813,9.0916,9.1364,5688423,0.4368,13256970152,13391749280,23.0327,
002191.SZ,劲嘉股份,2017-04-10,9.1005,9.1275,8.9749,8.9839,8914789,0.6846,13035586564,13168114960,22.6481,
002191.SZ,劲嘉股份,2017-04-11,8.9839,9.0736,8.8851,9.0108,10658621,0.8185,13074654256,13207579840,22.716,
002191.SZ,劲嘉股份,2017-04-12,9.0287,9.0377,8.948,8.9839,5408060,0.4153,13035586564,13168114960,22.6481,
002191.SZ,劲嘉股份,2017-04-13,8.9839,9.0557,8.939,8.9928,7635332,0.5863,13048609128,13181269920,22.6707,
002191.SZ,劲嘉股份,2017-04-14,8.9839,9.0108,8.7954,8.8133,8715775,0.6693,12788157848,12918170720,22.2182,
002191.SZ,劲嘉股份,2017-04-17,8.8492,8.9121,8.8044,8.8403,5193576,0.3988,12827225540,12957635600,22.704,
002191.SZ,劲嘉股份,2017-04-18,8.8672,8.93,8.8313,8.8492,5966748,0.4582,12840248104,12877625392,22.727,
002191.SZ,劲嘉股份,2017-04-19,8.8492,8.8492,8.6877,8.7954,6824415,0.524,12762112720,12799262560,22.4265,
002191.SZ,劲嘉股份,2017-04-20,8.7774,8.8762,8.7595,8.7954,4212769,0.3235,12762112720,12799262560,22.4265,
002191.SZ,劲嘉股份,2017-04-21,8.8313,8.8403,8.6967,8.7236,4285636,0.3291,12657932208,12694778784,22.2434,
002191.SZ,劲嘉股份,2017-04-24,8.7236,8.7685,8.589,8.6608,4843928,0.372,12566774260,12603355480,22.0832,
002191.SZ,劲嘉股份,2017-04-25,8.6697,8.7326,8.4364,8.4633,4801768,0.3687,12280277852,12316025096,21.5798,
002191.SZ,劲嘉股份,2017-04-26,8.4992,8.5441,8.2569,8.2928,8771521,0.6736,12032849136,12067876128,21.145,
002191.SZ,劲嘉股份,2017-04-27,8.3107,8.3825,8.0864,8.3197,9166270,0.7039,12071916828,12107057544,21.2136,
002191.SZ,劲嘉股份,2017-04-28,8.3287,8.4364,8.2659,8.4184,5470980,0.4201,12215165032,12250722736,21.4653,
002191.SZ,劲嘉股份,2017-05-02,8.3646,8.4274,8.2389,8.2748,5579314,0.4284,12006804008,12041755184,23.6757,
002191.SZ,劲嘉股份,2017-05-03,8.2748,8.4633,8.2389,8.3466,6282390,0.4824,12110984520,12146238960,23.8811,
002191.SZ,劲嘉股份,2017-05-04,8.3377,8.3915,8.2479,8.3018,3358044,0.2579,12045871700,12080936600,23.7527,
002191.SZ,劲嘉股份,2017-05-05,8.3018,8.571,8.2838,8.5261,7591575,0.583,12371435800,12407448400,24.3947,
002191.SZ,劲嘉股份,2017-05-08,8.4095,8.4274,8.3377,8.3556,5635164,0.4327,12124007084,12159299432,23.9068,
002191.SZ,劲嘉股份,2017-05-09,8.3466,8.4184,8.2748,8.3466,2957137,0.2271,12110984520,12146238960,23.8811,
002191.SZ,劲嘉股份,2017-05-10,8.3377,8.4454,8.1941,8.203,5620576,0.4316,11902623496,11937271408,23.4702,
002191.SZ,劲嘉股份,2017-05-11,8.1941,8.2389,7.8979,8.0235,8354287,0.6415,11642172216,11676061968,22.9567,
002191.SZ,劲嘉股份,2017-05-12,7.9966,8.0864,7.9697,7.9876,3248155,0.2494,11590081960,11623820080,22.8539,
002191.SZ,劲嘉股份,2017-05-15,8.0774,8.1043,7.9607,7.9607,4013126,0.3082,11551014268,11584638664,22.7769,
002191.SZ,劲嘉股份,2017-05-16,7.9697,8.3646,7.8799,8.3556,11888487,0.9129,12124007084,12159299432,23.9068,
002191.SZ,劲嘉股份,2017-05-17,8.3197,8.4364,8.2838,8.3915,5771733,0.4432,12176097340,12211541320,24.0095,
002191.SZ,劲嘉股份,2017-05-18,8.3466,8.5261,8.2928,8.3107,4577610,0.3515,12058894264,12093997072,23.7784,
002191.SZ,劲嘉股份,2017-05-19,8.3466,8.3825,8.2569,8.3018,2385134,0.1832,12045871700,12080936600,23.7527,
002191.SZ,劲嘉股份,2017-05-22,8.3466,8.4813,8.2838,8.3466,4521498,0.3472,12110984520,12146238960,23.8811,
002191.SZ,劲嘉股份,2017-05-23,8.3018,8.3915,8.23,8.3287,4083976,0.3136,12084939392,12120118016,23.8297,
002191.SZ,劲嘉股份,2017-05-24,8.2659,8.3466,8.0325,8.2838,5884072,0.4518,12019826572,12054815656,23.7013,
002191.SZ,劲嘉股份,2017-05-25,8.2838,8.4274,8.2569,8.4184,4682496,0.3596,12215165032,12250722736,24.0865,
002191.SZ,劲嘉股份,2017-05-26,8.3816,8.4553,8.2432,8.2432,4428004,0.34,11642172216,11676061968,22.9567,
002191.SZ,劲嘉股份,2017-05-31,8.3078,8.6121,8.2986,8.5568,9380682,0.7203,12084939392,12120118016,23.8297,
002191.SZ,劲嘉股份,2017-06-01,8.5568,8.5568,8.3908,8.4,4865416,0.3736,11863555804,11898089992,23.3932,
002191.SZ,劲嘉股份,2017-06-02,8.4,8.5383,8.3539,8.4738,3706736,0.2846,11967736316,12002573768,23.5986,
002191.SZ,劲嘉股份,2017-06-05,8.5014,8.5752,8.4553,8.5199,4302235,0.3304,12032849136,12067876128,23.727,
002191.SZ,劲嘉股份,2017-06-06,8.5106,8.566,8.4645,8.5383,3752326,0.2881,12058894264,12093997072,23.7784,
002191.SZ,劲嘉股份,2017-06-07,8.5383,8.8703,8.5199,8.7227,10667930,0.8192,12319345544,12355206512,24.2919,
002191.SZ,劲嘉股份,2017-06-08,8.6766,8.8334,8.6213,8.7227,7522365,0.5776,12319345544,12355206512,24.2919,
002191.SZ,劲嘉股份,2017-06-09,8.7227,8.778,8.6674,8.7319,4676091,0.3591,12332368108,12368266984,24.3176,
002191.SZ,劲嘉股份,2017-06-12,8.7319,8.7688,8.5106,8.5199,4596328,0.3528,12038936448,12067876128,23.727,
002191.SZ,劲嘉股份,2017-06-13,8.5199,8.6121,8.5014,8.5568,4954037,0.3802,12091053056,12120118016,23.8297,
002191.SZ,劲嘉股份,2017-06-14,8.5475,8.6397,8.5106,8.5752,4030113,0.3093,12117111360,12146238960,23.8811,
002191.SZ,劲嘉股份,2017-06-15,8.5936,8.7504,8.5014,8.6674,5958936,0.4574,12247402880,12276843680,24.1379,
002191.SZ,劲嘉股份,2017-06-16,8.6397,8.6674,8.5383,8.5475,4275580,0.3282,12078023904,12107057544,23.8041,
002191.SZ,劲嘉股份,2017-06-19,8.5568,8.5936,8.4553,8.5475,5335772,0.4095,12078023904,12107057544,23.8041,
002191.SZ,劲嘉股份,2017-06-20,8.5475,8.566,8.4553,8.483,6241808,0.4791,11986819840,12015634240,23.6243,
002191.SZ,劲嘉股份,2017-06-21,8.483,8.5475,8.4461,8.4645,4508343,0.346,11960761536,11989513296,23.5729,
002191.SZ,劲嘉股份,2017-06-22,8.4645,8.5475,8.3816,8.3816,6898750,0.5295,11843499168,11871969048,23.3418,
002191.SZ,劲嘉股份,2017-06-23,8.3723,8.483,8.3447,8.4369,4737513,0.3636,11921674080,11950331880,23.4959,
002191.SZ,劲嘉股份,2017-06-26,8.4553,8.5568,8.4,8.5383,6355587,0.4878,12064994752,12093997072,23.7784,
002191.SZ,劲嘉股份,2017-06-27,8.5383,8.5752,8.4922,8.5014,5722589,0.4392,12012878144,12041755184,23.6757,
002191.SZ,劲嘉股份,2017-06-28,8.483,8.5844,8.4553,8.5568,8770210,0.6731,12091053056,12120118016,23.8297,
002191.SZ,劲嘉股份,2017-06-29,8.5752,8.6305,8.5383,8.6121,5437592,0.4173,12169227968,12198480848,23.9838,
002191.SZ,劲嘉股份,2017-06-30,8.6121,8.6582,8.5752,8.6305,6700457,0.5144,12192002550,12224601792,24.0352,
002191.SZ,劲嘉股份,2017-07-03,8.6397,8.7412,8.566,8.7319,8370117,0.6426,12335284631.25,12368266984,24.3176,
002191.SZ,劲嘉股份,2017-07-04,8.7227,8.7688,8.6305,8.6582,6489823,0.4982,12231079481.25,12263783208,24.1122,
002191.SZ,劲嘉股份,2017-07-05,8.6674,8.7596,8.6674,8.7412,5428327,0.4167,12348310275,12381327456,24.3433,
002191.SZ,劲嘉股份,2017-07-06,8.7319,8.7319,8.5568,8.6397,11177185,0.8581,12205028193.75,12237662264,24.0608,
002191.SZ,劲嘉股份,2017-07-07,8.6121,8.6766,8.5568,8.6397,5834401,0.4479,12205028193.75,12237662264,24.0608,
002191.SZ,劲嘉股份,2017-07-10,8.6397,8.6674,8.5936,8.6213,4880062,0.3747,12178976906.25,12211541320,24.0095,
002191.SZ,劲嘉股份,2017-07-11,8.649,8.649,8.4461,8.4461,8561494,0.6573,11931489675,11963392352,23.5216,
002191.SZ,劲嘉股份,2017-07-12,8.4922,8.8703,8.4922,8.8334,23877441,1.8331,12478566712.5,12511932176,24.6001,
002191.SZ,劲嘉股份,2017-07-13,8.8426,8.8887,8.6766,8.7412,13115259,1.0069,12348310275,12381327456,24.3433,
002191.SZ,劲嘉股份,2017-07-14,8.8149,8.9993,8.7504,8.778,14474854,1.1113,12400412850,12433569344,24.446,
002191.SZ,劲嘉股份,2017-07-17,8.9164,8.9164,8.483,8.5014,10996629,0.8442,12009643537.5,12041755184,23.6757,
002191.SZ,劲嘉股份,2017-07-18,8.5014,8.5936,8.4738,8.5568,5941143,0.4561,12087797400,12120118016,23.8297,
002191.SZ,劲嘉股份,2017-07-19,8.6213,8.6213,8.4461,8.5568,8171419,0.6273,12087797400,12120118016,23.8297,
002191.SZ,劲嘉股份,2017-07-20,8.5291,8.6121,8.5199,8.5291,6954231,0.5339,12048720468.75,12080936600,23.7527,
002191.SZ,劲嘉股份,2017-07-21,8.5106,8.7043,8.4645,8.5568,6644335,0.5101,12087797400,12120118016,23.8297,
002191.SZ,劲嘉股份,2017-07-24,8.5475,8.6397,8.483,8.5568,7247583,0.5564,12087797400,12120118016,23.8297,
002191.SZ,劲嘉股份,2017-07-25,8.5568,8.5752,8.4461,8.4922,6175918,0.4741,11996617893.75,12028694712,23.65,
002191.SZ,劲嘉股份,2017-07-26,8.4645,8.5106,8.2432,8.2986,13735604,1.0545,11723079375,11754424800,23.1107,
002191.SZ,劲嘉股份,2017-07-27,8.3078,8.4553,8.1879,8.4461,8711528,0.6688,11931489675,11963392352,22.9303,
002191.SZ,劲嘉股份,2017-07-28,8.4645,8.7227,8.4277,8.6582,17915437,1.3754,12231079481.25,12263783208,23.506,
002191.SZ,劲嘉股份,2017-07-31,8.6213,8.7504,8.5568,8.7412,9040704,0.6941,12348310275,12381327456,23.7313,
002191.SZ,劲嘉股份,2017-08-01,8.7135,8.8149,8.6766,8.7412,9725911,0.7467,12348310275,12381327456,23.7313,
002191.SZ,劲嘉股份,2017-08-02,8.7135,8.7965,8.6121,8.6305,8801132,0.6757,12192002550,12224601792,23.4309,
002191.SZ,劲嘉股份,2017-08-03,8.6397,8.9625,8.6397,8.8334,11777776,0.9042,12478566712.5,12511932176,23.9816,
002191.SZ,劲嘉股份,2017-08-04,8.8979,8.8979,8.7043,8.7135,6802162,0.5222,12309233343.75,12342146040,23.6562,
002191.SZ,劲嘉股份,2017-08-07,8.7504,8.944,8.7504,8.8703,7476785,0.574,12530669287.5,12564174064,24.0818,
002191.SZ,劲嘉股份,2017-08-08,8.8426,8.9164,8.7965,8.8334,6054700,0.4648,12478566712.5,12511932176,23.9816,
002191.SZ,劲嘉股份,2017-08-09,8.8334,8.8518,8.7412,8.8334,4943965,0.3796,12478566712.5,12511932176,23.9816,
002191.SZ,劲嘉股份,2017-08-10,8.8057,8.8057,8.6029,8.649,7747826,0.5948,12218053837.5,12250722736,23.481,
002191.SZ,劲嘉股份,2017-08-11,8.6305,8.7412,8.566,8.5752,6684594,0.5132,12113848687.5,12146238960,23.2807,
002191.SZ,劲嘉股份,2017-08-14,8.5844,8.6674,8.4738,8.6213,6420120,0.4929,12178976906.25,12211541320,23.4059,
002191.SZ,劲嘉股份,2017-08-15,8.6305,8.6305,8.4922,8.5568,6589120,0.5059,12087797400,12120118016,23.2306,
002191.SZ,劲嘉股份,2017-08-16,8.5752,8.8057,8.5199,8.7412,11482213,0.8815,12348310275,12381327456,23.7313,
002191.SZ,劲嘉股份,2017-08-17,8.7043,8.8057,8.6674,8.7412,8922834,0.685,12348310275,12381327456,23.7313,
002191.SZ,劲嘉股份,2017-08-18,8.6858,8.7873,8.6858,8.7412,8007416,0.6147,12348310275,12381327456,23.7313,
002191.SZ,劲嘉股份,2017-08-21,8.7596,8.8057,8.6674,8.7043,7776796,0.597,12296207700,12329085568,23.6312,
002191.SZ,劲嘉股份,2017-08-22,8.7135,8.7135,8.5014,8.5383,10728184,0.8236,12061746112.5,12093997072,23.1806,
002191.SZ,劲嘉股份,2017-08-23,8.5383,8.5936,8.4922,8.5383,4508252,0.3461,12061746112.5,12093997072,23.1806,
002191.SZ,劲嘉股份,2017-08-24,8.5106,8.5475,8.4369,8.5014,4836504,0.3713,12009643537.5,12041755184,23.0805,
002191.SZ,劲嘉股份,2017-08-25,8.5014,8.5844,8.4738,8.5475,5489894,0.4215,12074771756.25,12107057544,23.2056,
002191.SZ,劲嘉股份,2017-08-28,8.5844,8.6397,8.5383,8.6029,9476111,0.7275,12152925618.75,12185420376,23.3558,
002191.SZ,劲嘉股份,2017-08-29,8.5752,8.5936,8.5106,8.5291,5750283,0.4415,12048720468.75,12080936600,23.1556,
002191.SZ,劲嘉股份,2017-08-30,8.5291,8.6029,8.4738,8.5844,7694000,0.5907,12126874331.25,12159299432,23.3057,
002191.SZ,劲嘉股份,2017-08-31,8.566,8.5936,8.5014,8.566,4315750,0.3313,12100823043.75,12133178488,23.2557,
002191.SZ,劲嘉股份,2017-09-01,8.5752,8.5936,8.5014,8.5475,11201420,0.86,12074771756.25,12107057544,23.2056,
002191.SZ,劲嘉股份,2017-09-04,8.5383,8.566,8.483,8.5383,10584112,0.8126,12061746112.5,12093997072,23.1806,
002191.SZ,劲嘉股份,2017-09-05,8.5291,8.6121,8.5199,8.5752,10648702,0.8175,12113848687.5,12146238960,23.2807,
002191.SZ,劲嘉股份,2017-09-06,8.566,8.5844,8.5106,8.5752,8676297,0.6661,12113848687.5,12146238960,23.2807,
002191.SZ,劲嘉股份,2017-09-07,8.5568,8.8426,8.5568,8.7227,24811570,1.9048,12322258987.5,12355206512,23.6812,
002191.SZ,劲嘉股份,2017-09-08,8.7412,8.8703,8.7227,8.7688,16236974,1.2465,12387387206.25,12420508872,23.8064,
002191.SZ,劲嘉股份,2017-09-11,8.7688,8.9625,8.7227,8.944,19685645,1.5113,12634874437.5,12668657840,24.282,
002191.SZ,劲嘉股份,2017-09-12,8.944,9.3682,8.9256,9.1745,33003822,2.5338,12960515531.25,12995169640,24.9079,
002191.SZ,劲嘉股份,2017-09-13,9.193,9.405,9.0823,9.1745,18007844,1.3825,12960515531.25,12995169640,24.9079,
002191.SZ,劲嘉股份,2017-09-14,9.1745,9.2022,9.0454,9.193,13016580,0.9993,12986566818.75,13021290584,24.9579,
002191.SZ,劲嘉股份,2017-09-15,9.2483,9.2575,9.0178,9.0915,12224766,0.9385,12843284737.5,12877625392,24.6826,
002191.SZ,劲嘉股份,2017-09-18,9.1561,9.3497,9.1561,9.3128,14011274,1.0757,13155900187.5,13191076720,25.2834,
002191.SZ,劲嘉股份,2017-09-19,9.3128,9.3589,9.11,9.1377,9515457,0.7305,12908412956.25,12942927752,24.8077,
002191.SZ,劲嘉股份,2017-09-20,9.1561,9.3589,9.1377,9.2667,14216370,1.0914,13090771968.75,13125774360,25.1582,
002191.SZ,劲嘉股份,2017-09-21,9.2667,9.3866,9.2022,9.2575,10602363,0.814,13077746325,13112713888,25.1332,
002191.SZ,劲嘉股份,2017-09-22,9.2944,9.2944,9.0178,9.0547,13794346,1.059,12791182162.5,12825383504,24.5824,
002191.SZ,劲嘉股份,2017-09-25,9.0547,9.2852,9.0362,9.0915,9720555,0.7463,12843284737.5,12877625392,24.6826,
002191.SZ,劲嘉股份,2017-09-26,9.0547,9.2022,9.0547,9.1838,8102887,0.6221,12973541175,13008230112,24.9329,
002191.SZ,劲嘉股份,2017-09-27,9.2022,9.2944,9.1653,9.2391,9513277,0.7303,13051695037.5,13086592944,25.0831,
002191.SZ,劲嘉股份,2017-09-28,9.2575,9.3221,9.0823,9.1008,7927206,0.6086,12856310381.25,12890685864,24.7076,
002191.SZ,劲嘉股份,2017-09-29,9.0823,9.6079,9.0547,9.5618,28791563,2.2104,13507592568.75,13543709464,25.9592,
002191.SZ,劲嘉股份,2017-10-09,9.6632,9.7462,9.5157,9.5618,19666167,1.5098,13507592568.75,13543709464,25.9592,
002191.SZ,劲嘉股份,2017-10-10,9.6356,9.9952,9.5618,9.903,30692357,2.3563,13989541387.5,14026946928,26.8855,
002191.SZ,劲嘉股份,2017-10-11,9.9122,9.9859,9.8015,9.903,15188155,1.166,13989541387.5,14026946928,26.8855,
002191.SZ,劲嘉股份,2017-10-12,9.8661,10.1611,9.82,9.9583,20120815,1.5447,14067695250,14105309760,27.0357,
002191.SZ,劲嘉股份,2017-10-13,9.9767,9.9952,9.8384,9.9398,8477709,0.6508,14041643962.5,14079188816,26.9856,
002191.SZ,劲嘉股份,2017-10-16,9.9398,9.9583,9.6724,9.7739,15875474,1.2188,13807182375,13844100320,26.535,
002191.SZ,劲嘉股份,2017-10-17,9.7831,10.0228,9.7554,9.8108,12893995,0.9899,13859284950,13896342208,26.6351,
002191.SZ,劲嘉股份,2017-10-18,9.7923,10.1335,9.7923,10.0044,17488062,1.3426,14132823468.75,14170612120,27.1608,
002191.SZ,劲嘉股份,2017-10-19,10.1335,10.1335,9.7739,9.7739,11051900,0.8485,13807182375,13844100320,26.535,
002191.SZ,劲嘉股份,2017-10-20,9.7278,9.9952,9.6263,9.9675,13821980,1.0611,14080720893.75,14118370232,27.0607,
002191.SZ,劲嘉股份,2017-10-23,10.0044,10.281,9.9214,10.2165,20349257,1.5622,14432413275,14471002976,27.7366,
002191.SZ,劲嘉股份,2017-10-24,10.2349,10.2626,10.0782,10.2349,12828053,0.9848,14458464562.5,14497123920,27.7867,
002191.SZ,劲嘉股份,2017-10-25,10.2349,10.281,10.115,10.1611,9438942,0.7246,14354259412.5,14392640144,27.5864,
002191.SZ,劲嘉股份,2017-10-26,10.1611,10.3456,10.0597,10.1519,18642560,1.4312,14341233768.75,14379579672,25.44,
002191.SZ,劲嘉股份,2017-10-27,10.1611,10.281,10.0505,10.2257,10965860,0.8419,14445438918.75,14484063448,25.6249,
002191.SZ,劲嘉股份,2017-10-30,10.2349,10.2626,9.8476,9.8569,15558085,1.1944,13924413168.75,13961644568,24.7006,
002191.SZ,劲嘉股份,2017-10-31,9.8753,9.9767,9.7647,9.9122,10204210,0.7834,14002567031.25,14040007400,24.8392,
002191.SZ,劲嘉股份,2017-11-01,9.8937,10.2165,9.8661,10.1704,16607045,1.275,14367285056.25,14405700616,25.4862,
002191.SZ,劲嘉股份,2017-11-02,10.2257,10.2349,9.5895,9.654,25403760,1.9503,13637849006.25,15650915979.54,24.1923,
002191.SZ,劲嘉股份,2017-11-03,9.571,9.8569,9.5341,9.7462,14204925,1.0905,13768105443.75,15800399417.74,27.9537,
002191.SZ,劲嘉股份,2017-11-06,9.8476,9.8476,9.3497,9.4143,18921482,1.4526,13299182268.75,15262259040.22,27.0016,
002191.SZ,劲嘉股份,2017-11-07,9.4235,9.5802,9.2667,9.4604,14838066,1.1391,13364310487.5,15337000759.32,27.1338,
002191.SZ,劲嘉股份,2017-11-08,9.4788,9.4973,9.3128,9.3958,11162131,0.8569,13273130981.25,15232362352.58,26.9487,
002191.SZ,劲嘉股份,2017-11-09,9.405,9.6171,9.3128,9.6171,12177702,0.9349,13585746431.25,15591122604.26,27.5834,
002191.SZ,劲嘉股份,2017-11-10,9.5618,9.7278,9.488,9.654,11534024,0.8855,13637849006.25,15650915979.54,27.6892,
002191.SZ,劲嘉股份,2017-11-13,9.654,9.7093,9.4696,9.571,9472819,0.7272,13520618212.5,15516380885.16,27.4512,
002191.SZ,劲嘉股份,2017-11-14,9.5618,9.5802,9.0915,9.1284,24812671,1.9049,12895387312.5,14798860381.8,26.1818,
002191.SZ,劲嘉股份,2017-11-15,9.1192,9.2852,9.0547,9.2206,14085852,1.0814,13025643750,14948343820,26.4462,
002191.SZ,劲嘉股份,2017-11-16,9.1745,9.2575,9.0639,9.0823,10137514,0.7783,12830259093.75,14724118662.7,26.0496,
002191.SZ,劲嘉股份,2017-11-17,9.11,9.1653,8.7412,8.7412,11557420,0.8873,12348310275,14171029941.36,25.071,
002191.SZ,劲嘉股份,2017-11-20,8.7412,9.1838,8.5936,9.1653,11770412,0.9036,12947489887.5,14858653757.08,26.2876,
002191.SZ,劲嘉股份,2017-11-21,9.1653,9.2944,9.11,9.2852,13384304,1.0275,13116823256.25,15052982226.74,26.6314,
002191.SZ,劲嘉股份,2017-11-22,9.2852,9.2852,9.027,9.0547,10240082,0.7861,12791182162.5,14679273631.24,25.9702,
002191.SZ,劲嘉股份,2017-11-23,9.0547,9.1469,8.8057,8.8241,7106367,0.5456,12465541068.75,14305565035.74,25.3091,
002191.SZ,劲嘉股份,2017-11-24,8.8241,8.9901,8.8057,8.9901,5835411,0.448,12700002656.25,14574635224.5,25.7851,
002191.SZ,劲嘉股份,2017-11-27,8.9717,8.9717,8.6213,8.6305,8705373,0.6683,12192002550,13991649815.52,24.7537,
002191.SZ,劲嘉股份,2017-11-28,8.6305,8.8334,8.6305,8.7504,5878188,0.4513,12361335918.75,14185978285.18,25.0975,
002191.SZ,劲嘉股份,2017-11-29,8.778,8.7873,8.4922,8.5383,7284228,0.5592,12061746112.5,13842166377.32,24.4892,
002191.SZ,劲嘉股份,2017-11-30,8.5752,8.7135,8.2986,8.3816,11104612,0.8525,11840310168.75,13588044532.38,24.0396,
002191.SZ,劲嘉股份,2017-12-01,8.3816,8.483,8.2617,8.3078,13859851,1.064,11736105018.75,13468457781.82,23.8281,
002191.SZ,劲嘉股份,2017-12-04,8.2986,8.3447,8.0312,8.0773,15229956,1.1692,11410463925,13094749186.32,23.1669,
002191.SZ,劲嘉股份,2017-12-05,8.0773,8.1418,7.8191,8.1418,18278202,1.4032,11501643431.25,13199387593.06,23.352,
002191.SZ,劲嘉股份,2017-12-06,8.0865,8.2064,7.8929,8.151,16100590,1.2361,11514669075,13214335936.88,23.3785,
002191.SZ,劲嘉股份,2017-12-07,8.1418,8.2709,8.0496,8.2064,9474132,0.7273,11592822937.5,13304025999.8,23.5372,
002191.SZ,劲嘉股份,2017-12-08,8.1787,8.3539,8.1326,8.3078,10017661,0.7691,11736105018.75,13468457781.82,23.8281,
002191.SZ,劲嘉股份,2017-12-11,8.2709,8.3078,8.2156,8.2709,7356719,0.5648,11684002443.75,13408664406.54,23.7223,
002191.SZ,劲嘉股份,2017-12-12,8.234,8.2894,8.0865,8.1142,6158939,0.4728,11462566500,13154542561.6,23.2727,
002191.SZ,劲嘉股份,2017-12-13,8.0865,8.3262,8.0773,8.3262,6282584,0.4823,11762156306.25,13498354469.46,23.881,
002191.SZ,劲嘉股份,2017-12-14,8.3539,8.4738,8.3078,8.3908,7797124,0.5986,11853335812.5,13602992876.2,24.0661,
002191.SZ,劲嘉股份,2017-12-15,8.3908,8.3908,8.2064,8.2525,6410946,0.4922,11657951156.25,13378767718.9,23.6694,
002191.SZ,劲嘉股份,2017-12-18,8.2248,8.2894,8.1049,8.1603,6579095,0.5051,11527694718.75,13229284280.7,23.4049,
002191.SZ,劲嘉股份,2017-12-19,8.1418,8.3723,8.1418,8.317,6769354,0.5197,11749130662.5,13483406125.64,23.8545,
002191.SZ,劲嘉股份,2017-12-20,8.2986,8.3723,8.2432,8.2801,4227220,0.3245,11697028087.5,13423612750.36,23.7487,
002191.SZ,劲嘉股份,2017-12-21,8.2801,8.5106,8.2432,8.483,10146741,0.779,11983592250,13752476314.4,24.3305,
002191.SZ,劲嘉股份,2017-12-22,8.3631,8.5475,8.3631,8.4738,8082935,0.6205,11970566606.25,13737527970.58,24.3041,
002191.SZ,劲嘉股份,2017-12-25,8.7596,8.9993,8.5752,8.5752,18673553,1.4336,12113848687.5,13901959752.6,24.595,
002191.SZ,劲嘉股份,2017-12-26,8.5475,8.7227,8.4553,8.5936,9766599,0.7498,12139899975,13931856440.24,24.6479,
002191.SZ,劲嘉股份,2017-12-27,8.566,8.6951,8.5383,8.5752,6651876,0.5107,12113848687.5,13901959752.6,24.595,
002191.SZ,劲嘉股份,2017-12-28,8.5752,8.6213,8.5291,8.5383,6892515,0.5291,12061746112.5,13842166377.32,24.4892,
002191.SZ,劲嘉股份,2017-12-29,8.6397,8.6858,8.5106,8.5291,7956612,0.6108,12048720468.75,13827218033.5,24.4628,
002191.SZ,劲嘉股份,2018-01-02,8.5199,8.566,8.3908,8.5568,10863928,0.8338,12091037976,13872063064.96,24.5421,
002191.SZ,劲嘉股份,2018-01-03,8.5199,8.6582,8.483,8.6121,8782451,0.6741,12169212790.5,13961753127.88,24.7008,
002191.SZ,劲嘉股份,2018-01-04,8.5752,8.6397,8.5383,8.5568,8691429,0.6671,12091037976,13872063064.96,24.5421,
002191.SZ,劲嘉股份,2018-01-05,8.5291,8.649,8.4738,8.6397,8907766,0.6837,12208300197.75,14006598159.34,24.7801,
002191.SZ,劲嘉股份,2018-01-08,8.6397,8.7412,8.5936,8.6582,7869903,0.604,12234358469.25,14036494846.98,24.833,
002191.SZ,劲嘉股份,2018-01-09,8.6674,8.6858,8.5568,8.6121,4858186,0.3729,12169212790.5,13961753127.88,24.7008,
002191.SZ,劲嘉股份,2018-01-10,8.5752,8.6029,8.4738,8.4922,8147726,0.6253,11999834025.75,13767424658.22,24.357,
002191.SZ,劲嘉股份,2018-01-11,8.4738,8.5199,8.2801,8.3908,12948174,0.9938,11856513532.5,13602992876.2,24.0661,
002191.SZ,劲嘉股份,2018-01-12,8.3355,8.4092,8.3078,8.317,4164224,0.3196,11752280446.5,13483406125.64,23.8545,
002191.SZ,劲嘉股份,2018-01-15,8.317,8.3447,8.022,8.0865,7777458,0.5969,11426552052.75,13109697530.14,23.1934,
002191.SZ,劲嘉股份,2018-01-16,8.1418,8.2064,8.0957,8.1418,3664138,0.2812,11504726867.25,13199387593.06,23.352,
002191.SZ,劲嘉股份,2018-01-17,8.1326,8.234,8.0312,8.1603,4614867,0.3542,11530785138.75,13229284280.7,23.4049,
002191.SZ,劲嘉股份,2018-01-18,8.1879,8.2801,8.1326,8.1971,4334536,0.3327,11582901681.75,13289077655.98,23.5107,
002191.SZ,劲嘉股份,2018-01-19,8.2248,8.4553,8.1971,8.3631,7489619,0.5748,11817426125.25,13558147844.74,23.9867,
002191.SZ,劲嘉股份,2018-01-22,8.3631,8.3816,8.151,8.317,7048895,0.541,11752280446.5,13483406125.64,23.8545,
002191.SZ,劲嘉股份,2018-01-23,8.3723,8.3723,8.1879,8.2248,6887874,0.5287,11621989089,13333922687.44,23.59,
002191.SZ,劲嘉股份,2018-01-24,8.1971,8.2894,8.1787,8.2617,10008941,0.7682,11674105632,13393716062.72,23.6958,
002191.SZ,劲嘉股份,2018-01-25,8.2617,8.3631,8.2064,8.2894,7361870,0.565,11713193039.25,13438561094.18,23.7752,
002191.SZ,劲嘉股份,2018-01-26,8.2894,8.3355,8.151,8.1603,8313779,0.6381,11530785138.75,13229284280.7,23.4049,
002191.SZ,劲嘉股份,2018-01-29,8.1603,8.1971,8.0681,8.0773,9103836,0.6987,11413522917,13094749186.32,23.1669,
002191.SZ,劲嘉股份,2018-01-30,8.0957,8.1418,8.022,8.0957,8196371,0.6291,11439581188.5,13124645873.96,23.2198,
002191.SZ,劲嘉股份,2018-01-31,8.0588,8.1049,7.9205,7.9205,9644800,0.7402,11192027609.25,12840627341.38,22.2712,
002191.SZ,劲嘉股份,2018-02-01,7.9297,7.9574,7.4226,7.4872,16609605,1.2748,10579658229,12138055181.84,21.0527,
002191.SZ,劲嘉股份,2018-02-02,7.6531,7.7269,7.4872,7.4964,10184057,0.7816,10592687364.75,12153003525.66,21.0786,
002191.SZ,劲嘉股份,2018-02-05,7.4411,7.5701,7.2105,7.4411,8122536,0.6234,10514512550.25,12063313462.74,20.923,
002191.SZ,劲嘉股份,2018-02-06,7.3765,7.4872,7.1921,7.2659,10306688,0.791,10266958971,11779294930.16,20.4304,
002191.SZ,劲嘉股份,2018-02-07,7.3304,7.4042,7.146,7.2013,8175575,0.6275,10175755020.75,11674656523.42,20.2489,
002191.SZ,劲嘉股份,2018-02-08,7.2198,7.3304,7.1644,7.2198,6891180,0.5289,10201813292.25,11704553211.06,20.3008,
002191.SZ,劲嘉股份,2018-02-09,7.1091,7.1368,6.6573,6.9616,14642044,1.1238,9836997491.25,11285999584.1,19.5748,
002191.SZ,劲嘉股份,2018-02-12,7.2198,7.395,7.1921,7.3673,10361107,0.7952,10410279464.25,11943726712.18,20.7156,
002191.SZ,劲嘉股份,2018-02-13,7.3673,7.4042,7.2751,7.312,6125144,0.4701,10332104649.75,11854036649.26,20.5601,
002191.SZ,劲嘉股份,2018-02-14,7.2935,7.3488,7.2013,7.2566,4696441,0.3605,10253929835.25,11764346586.34,20.4045,
002191.SZ,劲嘉股份,2018-02-22,7.2751,7.395,7.2659,7.3857,4315329,0.3312,10436337735.75,11973623399.82,20.7675,
002191.SZ,劲嘉股份,2018-02-23,7.395,7.4134,7.2843,7.3212,3834207,0.2943,10345133785.5,11868984993.08,20.586,
002191.SZ,劲嘉股份,2018-02-26,7.3304,7.4779,7.2935,7.4687,10474188,0.8039,10553599957.5,12108158494.2,21.0008,
002191.SZ,劲嘉股份,2018-02-27,7.4779,7.4872,7.3765,7.4318,6104659,0.4685,10501483414.5,12048365118.92,20.8971,
002191.SZ,劲嘉股份,2018-02-28,7.395,7.5978,7.2935,7.5886,8803659,0.6757,10722978722.25,12302486963.86,21.3379,
002191.SZ,劲嘉股份,2018-03-01,7.524,7.9205,7.5056,7.856,14302370,1.0977,11100823659,12735988934.64,22.0898,
002191.SZ,劲嘉股份,2018-03-02,7.7453,8.2525,7.7361,8.2432,15822076,1.2144,11648047360.5,13363819375.08,23.1787,
002191.SZ,劲嘉股份,2018-03-05,8.2248,8.234,7.9851,8.1234,12558683,0.9639,11478668595.75,13169490905.42,22.8416,
002191.SZ,劲嘉股份,2018-03-06,8.0957,8.1787,8.0404,8.1142,7875087,0.6044,11465639460,13154542561.6,22.8157,
002191.SZ,劲嘉股份,2018-03-07,8.1142,8.151,7.9666,8.0127,5498519,0.422,11322318966.75,12990110779.58,22.5305,
002191.SZ,劲嘉股份,2018-03-08,8.0496,8.0773,7.9759,8.0035,6284659,0.4824,11309289831,12975162435.76,22.5046,
002191.SZ,劲嘉股份,2018-03-09,8.022,8.1326,7.9943,8.0957,8479088,0.6508,11439581188.5,13124645873.96,22.7639,
002191.SZ,劲嘉股份,2018-03-12,8.1971,8.2525,8.1142,8.1418,8597719,0.6599,11504726867.25,13199387593.06,22.8935,
002191.SZ,劲嘉股份,2018-03-13,8.1142,8.317,8.0681,8.1879,11981818,0.9196,11569872546,13274129312.16,23.0231,
002191.SZ,劲嘉股份,2018-03-14,8.2064,8.3631,8.1326,8.1603,8781763,0.674,11530785138.75,13229284280.7,22.9453,
002191.SZ,劲嘉股份,2018-03-15,8.1326,8.2064,7.9021,7.9851,7961592,0.6111,11283231559.5,12945265748.12,22.4527,
002191.SZ,劲嘉股份,2018-03-16,8.0035,8.0773,7.9574,8.022,6583202,0.5053,11335348102.5,13005059123.4,22.5564,
002191.SZ,劲嘉股份,2018-03-19,8.0496,8.151,8.0404,8.1142,5415002,0.4156,11465639460,13154542561.6,22.8157,
002191.SZ,劲嘉股份,2018-03-20,8.0681,8.1142,7.9574,8.022,5166201,0.3965,11335348102.5,13005059123.4,22.5564,
002191.SZ,劲嘉股份,2018-03-21,8.022,8.1326,7.939,7.9851,10400757,0.7983,11283231559.5,12945265748.12,22.4527,
002191.SZ,劲嘉股份,2018-03-22,7.9851,8.0127,7.7177,7.7269,11578926,0.8887,10918415758.5,12526712121.16,21.7268,
002191.SZ,劲嘉股份,2018-03-23,7.5609,7.8283,7.3765,7.4595,15539193,1.1926,10540570821.75,12093210150.38,20.9749,
002191.SZ,劲嘉股份,2018-03-26,7.4226,7.6531,7.3857,7.6347,8396585,0.6444,10788124401,12377228682.96,21.4675,
002191.SZ,劲嘉股份,2018-03-27,7.6992,7.8468,7.6531,7.7269,7118128,0.5463,10918415758.5,12526712121.16,21.7268,
002191.SZ,劲嘉股份,2018-03-28,7.6623,8.1418,7.5425,7.9113,14091669,1.0816,11178998473.5,12825678997.56,22.2453,
002191.SZ,劲嘉股份,2018-03-29,7.7914,8.0035,7.6992,7.8652,12913200,0.9911,11113852794.75,12750937278.46,22.1157,
002191.SZ,劲嘉股份,2018-03-30,7.9205,7.9297,7.8375,7.8652,8345568,0.6405,11113852794.75,12750937278.46,22.1157,
002191.SZ,劲嘉股份,2018-04-02,7.9021,8.1418,7.7822,8.0957,23912249,1.8353,11439581188.5,13124645873.96,22.7639,
002191.SZ,劲嘉股份,2018-04-03,8.0312,8.3447,7.9666,8.0312,16671458,1.2796,11348377238.25,13020007467.22,22.5824,
002191.SZ,劲嘉股份,2018-04-04,8.022,8.0681,7.9297,7.9482,7155200,0.5492,11231115016.5,12885472372.84,22.349,
002191.SZ,劲嘉股份,2018-04-09,7.9205,7.9482,7.773,7.8375,6296126,0.4832,11074765387.5,12706092247,22.0379,
002191.SZ,劲嘉股份,2018-04-10,7.8744,7.8744,7.6623,7.7638,8085408,0.6206,10970532301.5,12586505496.44,21.8305,
002191.SZ,劲嘉股份,2018-04-11,7.773,7.8099,7.7177,7.7361,6668300,0.5118,10931444894.25,12541660464.98,21.7527,
002191.SZ,劲嘉股份,2018-04-12,7.6992,7.8191,7.6992,7.7453,4621811,0.3547,10944474030,12556608808.8,21.7786,
002191.SZ,劲嘉股份,2018-04-13,7.8007,7.8099,7.7177,7.7453,3873602,0.2973,10944474030,12556608808.8,21.86,
002191.SZ,劲嘉股份,2018-04-16,7.7638,7.7822,7.5333,7.5701,7704800,0.5914,10696920450.75,12272590276.22,21.3655,
002191.SZ,劲嘉股份,2018-04-17,7.607,7.6439,7.395,7.4318,5562462,0.4269,10501483414.5,12048365118.92,20.9752,
002191.SZ,劲嘉股份,2018-04-18,7.4687,7.6808,7.4042,7.6716,5944574,0.4563,10840240944,12437022058.24,21.6518,
002191.SZ,劲嘉股份,2018-04-19,7.6623,7.7085,7.5425,7.5701,6297337,0.4833,10696920450.75,12272590276.22,21.3655,
002191.SZ,劲嘉股份,2018-04-20,7.5701,7.5701,7.3765,7.395,7941281,0.6095,10449366871.5,11988571743.64,20.8711,
002191.SZ,劲嘉股份,2018-04-23,7.395,7.4411,7.2751,7.3673,4997068,0.3835,10410279464.25,11943726712.18,20.793,
002191.SZ,劲嘉股份,2018-04-24,7.3765,7.5517,7.3581,7.4779,6337072,0.4864,10566629093.25,12123106838.02,21.1053,
002191.SZ,劲嘉股份,2018-04-25,7.4503,7.4964,7.395,7.4226,5240890,0.4022,10488454278.75,12033416775.1,20.9491,
002191.SZ,劲嘉股份,2018-04-26,7.4318,7.4503,7.1921,7.2013,6362400,0.4883,10175755020.75,11674656523.42,20.3246,
002191.SZ,劲嘉股份,2018-04-27,7.2474,7.4503,7.2105,7.4042,6513859,0.4999,10462396007.25,12003520087.46,20.8971,
002191.SZ,劲嘉股份,2018-05-02,7.3765,7.6255,7.3765,7.5148,7151242,0.5489,10618745636.25,12182900213.3,19.9244,
002191.SZ,劲嘉股份,2018-05-03,7.4872,7.607,7.395,7.5425,5593445,0.4293,10657833043.5,12227745244.76,19.9977,
002191.SZ,劲嘉股份,2018-05-04,7.5425,7.6716,7.5425,7.5701,4398974,0.3376,10696920450.75,12272590276.22,20.0711,
002191.SZ,劲嘉股份,2018-05-07,7.5794,7.6808,7.5794,7.6162,7177996,0.5509,10762066129.5,12347331995.32,20.1933,
002191.SZ,劲嘉股份,2018-05-08,7.607,7.8099,7.5886,7.8099,11925517,0.9153,11035677980.25,12661247215.54,20.7067,
002191.SZ,劲嘉股份,2018-05-09,7.7914,7.8652,7.7453,7.7638,5824505,0.447,10970532301.5,12586505496.44,20.5845,
002191.SZ,劲嘉股份,2018-05-10,7.7546,7.8099,7.7177,7.7638,6343698,0.4869,10970532301.5,12586505496.44,20.5845,
002191.SZ,劲嘉股份,2018-05-11,7.7638,7.8007,7.6162,7.6347,8404700,0.6451,10788124401,12377228682.96,20.2422,
002191.SZ,劲嘉股份,2018-05-14,7.6439,7.7822,7.6255,7.7453,6774081,0.5199,10944474030,12556608808.8,20.5356,
002191.SZ,劲嘉股份,2018-05-15,7.7453,7.7822,7.6992,7.7453,3584170,0.2751,10944474030,12556608808.8,20.5356,
002191.SZ,劲嘉股份,2018-05-16,7.7453,7.7453,7.607,7.6623,5641100,0.433,10827211808.25,12422073714.42,20.3155,
002191.SZ,劲嘉股份,2018-05-17,7.6439,7.6992,7.5794,7.5886,5136294,0.3942,10722978722.25,12302486963.86,20.12,
002191.SZ,劲嘉股份,2018-05-18,7.6162,7.6992,7.5886,7.6531,4173105,0.3203,10814182672.5,12407125370.6,20.2911,
002191.SZ,劲嘉股份,2018-05-21,7.6623,7.8375,7.6623,7.8007,8811227,0.6763,11022648844.5,12646298871.72,20.6822,
002191.SZ,劲嘉股份,2018-05-22,7.8007,7.8099,7.7177,7.7914,4750468,0.3646,11009619708.75,12631350527.9,20.6578,
002191.SZ,劲嘉股份,2018-05-23,7.7822,7.9297,7.7453,7.8836,14563502,1.1178,11139911066.25,12780833966.1,20.9023,
002191.SZ,劲嘉股份,2018-05-24,7.9297,7.9482,7.69,7.69,11844306,0.9091,10866299215.5,12466918745.88,20.3889,
002191.SZ,劲嘉股份,2018-05-25,7.69,7.7822,7.607,7.6992,6560607,0.5035,10879328351.25,12481867089.7,20.4133,
002191.SZ,劲嘉股份,2018-05-28,7.6531,7.7822,7.5609,7.607,6879685,0.528,10749036993.75,12332383651.5,20.1689,
002191.SZ,劲嘉股份,2018-05-29,7.5886,7.7822,7.5886,7.7085,6426457,0.4932,10892357487,12496815433.52,20.4378,
002191.SZ,劲嘉股份,2018-05-30,7.6531,7.7638,7.5056,7.5148,7650800,0.5872,10618745636.25,12182900213.3,19.9244,
002191.SZ,劲嘉股份,2018-05-31,7.5425,7.8283,7.5425,7.7177,9692590,0.7439,10905386622.75,12511763777.34,20.4622,
002191.SZ,劲嘉股份,2018-06-01,7.69,7.8375,7.6716,7.7546,6431265,0.4936,10957503165.75,12571557152.62,20.56,
002191.SZ,劲嘉股份,2018-06-04,7.7822,7.8375,7.6623,7.7638,9142525,0.7017,10970532301.5,12586505496.44,20.5845,
002191.SZ,劲嘉股份,2018-06-05,7.7638,7.856,7.7177,7.8099,9025755,0.6927,11035677980.25,12661247215.54,20.7067,
002191.SZ,劲嘉股份,2018-06-06,7.7638,8.1142,7.7361,8.022,19446630,1.4925,11335348102.5,13005059123.4,21.269,
002191.SZ,劲嘉股份,2018-06-07,8.0127,8.0404,7.8744,7.8929,8755954,0.672,11152940202,12795782309.92,20.9267,
002191.SZ,劲嘉股份,2018-06-08,7.8744,7.9482,7.5978,7.6623,8895394,0.6827,10827211808.25,12422073714.42,20.3155,
002191.SZ,劲嘉股份,2018-06-11,7.6347,7.6992,7.4687,7.4964,10432387,0.8007,10592687364.75,12153003525.66,19.8755,
002191.SZ,劲嘉股份,2018-06-12,7.5056,7.6162,7.4779,7.5886,4899328,0.376,10722978722.25,12302486963.86,20.12,
002191.SZ,劲嘉股份,2018-06-13,7.5609,7.6439,7.4872,7.5056,5931062,0.4552,10605716500.5,12167951869.48,19.8999,
002191.SZ,劲嘉股份,2018-06-14,7.4872,7.5886,7.4503,7.5333,4441000,0.3409,10644803907.75,12212796900.94,19.9733,
002191.SZ,劲嘉股份,2018-06-15,7.4964,7.524,7.2751,7.3673,7725384,0.5929,10410279464.25,11943726712.18,19.5332,
002191.SZ,劲嘉股份,2018-06-19,7.3488,7.3673,6.7311,6.8694,14418932,1.1067,9706706133.75,11136516145.9,18.2131,
002191.SZ,劲嘉股份,2018-06-20,6.9339,7.1276,6.8602,7.0538,8035348,0.6167,9967288848.75,11435483022.3,18.702,
002191.SZ,劲嘉股份,2018-06-21,7.0353,7.0907,6.8694,6.9524,8119866,0.6232,9823968355.5,11271051240.28,18.4331,
002191.SZ,劲嘉股份,2018-06-22,6.8878,7.0353,6.8602,6.9892,5311876,0.4077,9876084898.5,11330844615.56,18.5309,
002191.SZ,劲嘉股份,2018-06-25,7.0446,7.0722,6.9431,6.9985,3607551,0.2769,9889114034.25,11345792959.38,18.5553,
002191.SZ,劲嘉股份,2018-06-26,6.9524,6.9616,6.7956,6.897,8252803,0.6334,9745793541,11181361177.36,18.2864,
002191.SZ,劲嘉股份,2018-06-27,6.9155,6.9247,6.6942,6.8048,7087731,0.544,9615502183.5,11031877739.16,18.042,
002191.SZ,劲嘉股份,2018-06-28,6.7772,6.8325,6.6757,6.7679,6317600,0.4849,9563385640.5,10972084363.88,17.9442,
002191.SZ,劲嘉股份,2018-06-29,6.8786,6.897,6.7495,6.8878,11689090,0.8972,9732764405.25,11166412833.54,18.262,
002191.SZ,劲嘉股份,2018-07-02,6.8786,6.9155,6.7034,6.8048,7584215,0.5825,9608789615.94,11031877739.16,18.042,
002191.SZ,劲嘉股份,2018-07-03,6.7956,6.9616,6.7495,6.9524,8129527,0.6244,9817110258.02,11271051240.28,18.4331,
002191.SZ,劲嘉股份,2018-07-04,6.9155,6.9524,6.8048,6.8878,6328602,0.4861,9725969977.11,11166412833.54,18.262,
002191.SZ,劲嘉股份,2018-07-05,6.8494,7.1088,6.7725,6.9935,11754320,0.9028,9478589214.64,10882394300.96,17.7975,
002191.SZ,劲嘉股份,2018-07-06,6.9647,7.0703,6.8494,7.0223,8201780,0.6299,9517649335.03,10927239332.42,17.8708,
002191.SZ,劲嘉股份,2018-07-09,7.0127,7.1856,7.0127,7.176,7965926,0.6118,9725969977.11,11166412833.54,18.262,
002191.SZ,劲嘉股份,2018-07-10,7.3009,7.3201,7.1376,7.1856,5834860,0.4481,9738990017.24,11181361177.36,18.2864,
002191.SZ,劲嘉股份,2018-07-11,7.0896,7.1184,6.9455,7.0607,7084406,0.5441,9569729495.55,10987032707.7,17.9686,
002191.SZ,劲嘉股份,2018-07-12,7.0607,7.2913,7.0511,7.2529,8675869,0.6663,9830130298.15,11285999584.1,18.4576,
002191.SZ,劲嘉股份,2018-07-13,7.2048,7.2721,7.176,7.1856,5776207,0.4436,9738990017.24,11181361177.36,18.2864,
002191.SZ,劲嘉股份,2018-07-16,7.176,7.2529,7.1664,7.224,2686241,0.2063,9791070177.76,11241154552.64,18.3842,
002191.SZ,劲嘉股份,2018-07-17,7.2048,7.2529,7.1184,7.2144,4325922,0.3323,9778050137.63,11226206208.82,18.3598,
002191.SZ,劲嘉股份,2018-07-18,7.2433,7.2817,7.1376,7.1472,3460435,0.2658,9686909856.72,11121567802.08,18.1886,
002191.SZ,劲嘉股份,2018-07-19,7.1472,7.1664,6.9935,7.0415,5414899,0.4159,9543689415.29,10957136020.06,17.9197,
002191.SZ,劲嘉股份,2018-07-20,7.0415,7.1376,6.9839,7.1184,6100842,0.4686,9647849736.33,11076722770.62,18.1153,
002191.SZ,劲嘉股份,2018-07-23,7.1184,7.2144,7.0799,7.1952,5694579,0.4374,9752010057.37,11196309521.18,18.3109,
002191.SZ,劲嘉股份,2018-07-24,7.2144,7.5122,7.2144,7.4642,13400446,1.0292,10116571181.01,11614863148.14,18.9954,
002191.SZ,劲嘉股份,2018-07-25,7.4354,7.5411,7.4258,7.4834,6033563,0.4634,10142611261.27,11644759835.78,19.0443,
002191.SZ,劲嘉股份,2018-07-26,7.4738,7.5218,7.3874,7.4066,6673619,0.5126,10038450940.23,11525173085.22,18.8487,
002191.SZ,劲嘉股份,2018-07-27,7.4066,7.5603,7.3874,7.5411,8096054,0.6218,10220731502.05,11734449898.7,19.191,
002191.SZ,劲嘉股份,2018-07-30,7.5218,7.5218,7.3009,7.3585,6966881,0.5351,9973350739.58,11450431366.12,18.7265,
002191.SZ,劲嘉股份,2018-07-31,7.4258,7.4834,7.2529,7.3105,7601310,0.5838,9908250538.93,11375689647.02,17.4917,
002191.SZ,劲嘉股份,2018-08-01,7.2913,7.4354,7.2721,7.2913,5141778,0.3949,9882210458.67,11345792959.38,17.4457,
002191.SZ,劲嘉股份,2018-08-02,7.2913,7.2913,6.907,7.0896,8996930,0.691,9608789615.94,11031877739.16,16.963,
002191.SZ,劲嘉股份,2018-08-03,7.0992,7.1472,6.9455,6.9647,4687052,0.36,9439529094.25,10837549269.5,16.6642,
002191.SZ,劲嘉股份,2018-08-06,6.9647,7.0415,6.9166,7.0223,5557691,0.4269,9517649335.03,10927239332.42,16.8021,
002191.SZ,劲嘉股份,2018-08-07,7.0031,7.0896,6.8398,7.0799,7793105,0.5985,9595769575.81,11016929395.34,16.94,
002191.SZ,劲嘉股份,2018-08-08,7.0896,7.128,7.0031,7.0031,5202800,0.3996,9491609254.77,10897342644.78,16.7562,
002191.SZ,劲嘉股份,2018-08-09,7.0031,7.1952,6.9935,7.1376,6275068,0.482,9673889816.59,11106619458.26,17.078,
002191.SZ,劲嘉股份,2018-08-10,7.1376,7.2721,7.1088,7.2433,4535079,0.3483,9817110258.02,11271051240.28,17.3308,
002191.SZ,劲嘉股份,2018-08-13,7.1952,7.2721,7.0992,7.2336,4409891,0.3387,9804090217.89,11256102896.46,17.3078,
002191.SZ,劲嘉股份,2018-08-14,7.2048,7.2913,7.1856,7.2529,3165445,0.2431,9830130298.15,11285999584.1,17.3538,
002191.SZ,劲嘉股份,2018-08-15,7.2433,7.2817,6.9839,7.0127,6194339,0.4758,9504629294.9,10912290988.6,16.7792,
002191.SZ,劲嘉股份,2018-08-16,6.9358,7.1856,6.907,7.128,5635806,0.4329,9660869776.46,11091671114.44,17.055,
002191.SZ,劲嘉股份,2018-08-17,7.1856,7.2144,6.9647,6.9839,4064914,0.3122,9465569174.51,10867445957.14,16.7102,
002191.SZ,劲嘉股份,2018-08-20,7.0031,7.2144,7.0031,7.1376,5650764,0.434,9673889816.59,11106619458.26,17.078,
002191.SZ,劲嘉股份,2018-08-21,7.1568,7.445,7.1472,7.3201,9747170,0.7486,9921270579.06,11390637990.84,17.5147,
002191.SZ,劲嘉股份,2018-08-22,7.3201,7.4258,7.2625,7.3009,6947158,0.5336,9895230498.8,11360741303.2,17.4687,
002191.SZ,劲嘉股份,2018-08-23,7.2817,7.3777,7.2336,7.3489,5279882,0.4055,9960330699.45,11435483022.3,17.5836,
002191.SZ,劲嘉股份,2018-08-24,7.4546,7.6659,7.4066,7.6371,17716993,1.3607,10350931903.35,11883933336.9,18.2732,
002191.SZ,劲嘉股份,2018-08-27,7.7044,8.0502,7.6371,7.8869,27892481,2.1423,10689452946.73,12272590276.22,18.8708,
002191.SZ,劲嘉股份,2018-08-28,7.9541,8.2423,7.8677,8.0694,28016826,2.1518,10936833709.2,12556608808.8,19.3075,
002191.SZ,劲嘉股份,2018-08-29,8.0118,8.1078,7.8869,8.0214,10026165,0.7701,10871733508.55,12481867089.7,19.1926,
002191.SZ,劲嘉股份,2018-08-30,8.0694,8.1367,7.9349,7.9637,6045619,0.4643,10793613267.77,12392177026.78,19.0547,
002191.SZ,劲嘉股份,2018-08-31,7.9253,8.031,7.7908,7.8773,10643943,0.8175,10676432906.6,12257641932.4,18.8478,
002191.SZ,劲嘉股份,2018-09-03,7.9926,8.0982,7.8389,7.9637,14062722,1.0801,10793613267.77,12392177026.78,19.0547,
002191.SZ,劲嘉股份,2018-09-04,8.0022,8.3,7.9926,8.1847,15161918,1.1645,11093074190.76,12735988934.64,19.5833,
002191.SZ,劲嘉股份,2018-09-05,8.1463,8.3384,8.0886,8.0886,12160359,0.934,10962873789.46,12586505496.44,19.3535,
002191.SZ,劲嘉股份,2018-09-06,8.0502,8.2231,7.9733,8.0886,8209439,0.6305,10962873789.46,12586505496.44,19.3535,
002191.SZ,劲嘉股份,2018-09-07,8.0886,8.2135,7.9733,8.1078,10793769,0.829,10988913869.72,12616402184.08,19.3995,
002191.SZ,劲嘉股份,2018-09-10,8.031,8.1751,7.8773,8.0886,12225877,0.939,10962873789.46,12586505496.44,19.3535,
002191.SZ,劲嘉股份,2018-09-11,8.0598,8.0886,7.8292,7.9733,10443147,0.8021,10806633307.9,12407125370.6,19.0777,
002191.SZ,劲嘉股份,2018-09-12,7.9926,8.3096,7.9541,8.1943,15364723,1.1801,11106094230.89,12750937278.46,19.6063,
002191.SZ,劲嘉股份,2018-09-13,8.3864,8.396,8.1174,8.2327,13381973,1.0278,11158174391.41,12810730653.74,19.6983,
002191.SZ,劲嘉股份,2018-09-14,8.2327,8.3288,7.8965,7.9445,13519635,1.0384,10767573187.51,12362280339.14,19.0087,
002191.SZ,劲嘉股份,2018-09-17,8.0022,8.1174,7.9541,7.9926,12411489,0.9533,10832673388.16,12437022058.24,19.1236,
002191.SZ,劲嘉股份,2018-09-18,7.9926,8.031,7.8004,7.9829,9690763,0.7443,10819653348.03,12422073714.42,19.1007,
002191.SZ,劲嘉股份,2018-09-19,7.9637,8.1655,7.8196,8.0214,10907441,0.8377,10871733508.55,12481867089.7,19.1926,
002191.SZ,劲嘉股份,2018-09-20,7.9926,8.0118,7.8292,7.8581,9396325,0.7217,10650392826.34,12227745244.76,18.8018,
002191.SZ,劲嘉股份,2018-09-21,7.8773,8.0118,7.7908,7.9733,11629284,0.8932,10806633307.9,12407125370.6,19.0777,
002191.SZ,劲嘉股份,2018-09-25,7.8965,7.9829,7.8004,7.8581,6561129,0.5039,10650392826.34,12227745244.76,18.8018,
002191.SZ,劲嘉股份,2018-09-26,7.8965,7.9061,7.6659,7.8292,12044032,0.925,10611332705.95,12182900213.3,18.7329,
002191.SZ,劲嘉股份,2018-09-27,7.8581,7.8581,7.6563,7.6852,8643799,0.6639,10416032104,11958675056,18.3881,
002191.SZ,劲嘉股份,2018-09-28,7.6852,7.7908,7.6563,7.7332,6692993,0.5141,10481132304.65,12033416775.1,18.503,
002191.SZ,劲嘉股份,2018-10-08,7.6371,7.6563,7.4834,7.5122,8230249,0.6321,10181671381.66,11689604867.24,17.9744,
002191.SZ,劲嘉股份,2018-10-09,7.4738,7.5987,7.4642,7.493,4933206,0.3789,10155631301.4,11659708179.6,17.9284,
002191.SZ,劲嘉股份,2018-10-10,7.493,7.5699,7.3009,7.3393,5944584,0.4566,9947310659.32,11420534678.48,17.5606,
002191.SZ,劲嘉股份,2018-10-11,7.1184,7.1568,6.7437,6.8302,15185516,1.1663,9257248532.43,10628272456.02,16.3424,
002191.SZ,劲嘉股份,2018-10-12,6.859,6.907,6.1673,6.5228,24001965,1.8435,8840607248.27,10149925453.78,15.6069,
002191.SZ,劲嘉股份,2018-10-15,6.5036,6.8302,6.4171,6.4555,12332315,0.9472,8749466967.36,10045287047.04,15.446,
002191.SZ,劲嘉股份,2018-10-16,6.4747,6.5804,6.3402,6.3691,7024911,0.5395,8632286606.19,9910751952.66,15.2391,
002191.SZ,劲嘉股份,2018-10-17,6.494,6.5228,6.2442,6.4555,7572445,0.5816,8749466967.36,10045287047.04,15.446,
002191.SZ,劲嘉股份,2018-10-18,6.3979,6.4267,6.2154,6.3306,7222218,0.5547,8580206445.67,9850958577.38,15.1472,
002191.SZ,劲嘉股份,2018-10-19,6.2442,6.542,6.1769,6.5228,11537991,0.8862,8840607248.27,10149925453.78,15.6069,
002191.SZ,劲嘉股份,2018-10-22,6.5324,6.8302,6.5324,6.7149,14095860,1.0826,9101008050.87,10448892330.18,16.0666,
002191.SZ,劲嘉股份,2018-10-23,6.7437,6.7918,6.5324,6.59,7784746,0.5979,8931747529.18,10254563860.52,15.7678,
002191.SZ,劲嘉股份,2018-10-24,6.5804,6.6573,6.4747,6.5324,3624473,0.2784,8853627288.4,10164873797.6,15.6299,
002191.SZ,劲嘉股份,2018-10-25,6.2922,6.6957,6.2538,6.6669,6798085,0.5221,9035907850.22,10374150611.08,15.9517,
002191.SZ,劲嘉股份,2018-10-26,6.6573,6.7053,6.4651,6.5516,6030897,0.4632,8879667368.66,10194770485.24,15.6759,
002191.SZ,劲嘉股份,2018-10-29,6.5516,6.6573,6.542,6.59,5549864,0.4263,8931747529.18,10254563860.52,15.7678,
002191.SZ,劲嘉股份,2018-10-30,6.5804,6.7341,6.4267,6.7053,7266007,0.5581,9087988010.74,10433943986.36,15.2433,
002191.SZ,劲嘉股份,2018-10-31,6.7053,7.0511,6.6092,7.0415,11878435,0.9123,9543689415.29,10957136020.06,16.0077,
002191.SZ,劲嘉股份,2018-11-01,6.9935,7.1952,6.9358,7.1088,10130765,0.7781,9634829696.2,11061774426.8,16.1605,
002191.SZ,劲嘉股份,2018-11-02,7.128,7.4258,7.1184,7.2529,12929198,0.993,9830130298.15,11285999584.1,16.4881,
002191.SZ,劲嘉股份,2018-11-05,7.2721,7.3009,7.1184,7.1568,6183588,0.4749,9699929896.85,11136516145.9,16.2697,
002191.SZ,劲嘉股份,2018-11-06,7.1184,7.2817,7.0896,7.2625,5324988,0.409,9843150338.28,11300947927.92,16.51,
002191.SZ,劲嘉股份,2018-11-07,7.2144,7.4066,7.176,7.1856,7881916,0.6054,9738990017.24,11181361177.36,16.3353,
002191.SZ,劲嘉股份,2018-11-08,7.2336,7.3105,7.176,7.1856,4351761,0.3342,9738990017.24,11181361177.36,16.3353,
002191.SZ,劲嘉股份,2018-11-09,7.1568,7.224,7.0703,7.1952,5374346,0.4128,9752010057.37,11196309521.18,16.3571,
002191.SZ,劲嘉股份,2018-11-12,7.1376,7.3201,7.1088,7.2817,7246853,0.5566,9869190418.54,11330844615.56,16.5536,
002191.SZ,劲嘉股份,2018-11-13,7.2144,7.4546,7.1376,7.4066,9512759,0.7306,10038450940.23,11525173085.22,16.8375,
002191.SZ,劲嘉股份,2018-11-14,7.4354,7.4546,7.2625,7.3105,5590162,0.4294,9908250538.93,11375689647.02,16.6192,
002191.SZ,劲嘉股份,2018-11-15,7.3585,7.4834,7.3105,7.4546,4607653,0.3539,10103551140.88,11599914804.32,16.9467,
002191.SZ,劲嘉股份,2018-11-16,7.4546,7.5699,7.4066,7.5026,4264964,0.3276,10168651341.53,11674656523.42,17.0559,
002191.SZ,劲嘉股份,2018-11-19,7.4834,7.5699,7.3874,7.4162,4304008,0.3306,10051470980.36,11540121429.04,16.8594,
002191.SZ,劲嘉股份,2018-11-20,7.397,7.4546,7.1664,7.1664,6632797,0.5094,9712949936.98,11151464489.72,16.2916,
002191.SZ,劲嘉股份,2018-11-21,7.176,7.2433,7.0992,7.1472,5033922,0.3866,9686909856.72,11121567802.08,16.2479,
002191.SZ,劲嘉股份,2018-11-22,7.1472,7.2625,7.1472,7.176,4363873,0.3352,9725969977.11,11166412833.54,16.3134,
002191.SZ,劲嘉股份,2018-11-23,7.2433,7.2433,6.859,6.8686,6136657,0.4713,9309328692.95,10688065831.3,15.6146,
002191.SZ,劲嘉股份,2018-11-26,6.8878,7.1952,6.8398,7.1088,9842186,0.7559,9634829696.2,11061774426.8,16.1605,
002191.SZ,劲嘉股份,2018-11-27,6.9647,7.0223,6.8782,6.9358,7017532,0.539,9400468973.86,10792704238.04,15.7675,
002191.SZ,劲嘉股份,2018-11-28,6.9455,7.3297,6.9455,7.2529,8139951,0.6252,9830130298.15,11285999584.1,16.4881,
002191.SZ,劲嘉股份,2018-11-29,7.2817,7.3297,7.1376,7.1856,4956659,0.3807,9738990017.24,11181361177.36,16.3353,
002191.SZ,劲嘉股份,2018-11-30,7.1568,7.224,7.0031,7.1664,4262890,0.3274,9712949936.98,11151464489.72,16.2916,
002191.SZ,劲嘉股份,2018-12-03,7.2721,7.4546,7.2721,7.3297,8820448,0.6775,9934290619.19,11405586334.66,16.6628,
002191.SZ,劲嘉股份,2018-12-04,7.3297,7.4354,7.3009,7.3105,6797362,0.5221,9908250538.93,11375689647.02,16.6192,
002191.SZ,劲嘉股份,2018-12-05,7.2529,7.3201,7.1472,7.224,7695673,0.5911,9791070177.76,11241154552.64,16.4226,
002191.SZ,劲嘉股份,2018-12-06,7.1664,7.2529,7.0607,7.0992,5091458,0.391,9621809656.07,11046826082.98,16.1387,
002191.SZ,劲嘉股份,2018-12-07,7.1664,7.2144,7.0896,7.1568,4643250,0.3566,9699929896.85,11136516145.9,16.2697,
002191.SZ,劲嘉股份,2018-12-10,7.224,7.5987,7.224,7.3297,16640907,1.2781,9934290619.19,11405586334.66,16.6628,
002191.SZ,劲嘉股份,2018-12-11,7.3489,7.8677,7.3489,7.7716,24755936,1.9014,10533212465.17,12093210150.38,17.6674,
002191.SZ,劲嘉股份,2018-12-12,7.8004,7.9637,7.6563,7.8004,13128737,1.0083,10572272585.56,12138055181.84,17.7329,
002191.SZ,劲嘉股份,2018-12-13,7.7716,7.8677,7.6852,7.7716,9797656,0.7525,10533212465.17,12093210150.38,17.6674,
002191.SZ,劲嘉股份,2018-12-14,7.8004,7.8773,7.6467,7.6467,9211940,0.7075,10363951943.48,11898881680.72,17.3835,
002191.SZ,劲嘉股份,2018-12-17,7.6275,7.8292,7.6083,7.6948,9018928,0.6927,10429052144.13,11973623399.82,17.4927,
002191.SZ,劲嘉股份,2018-12-18,7.6948,7.8292,7.6083,7.7044,7670335,0.5891,10442072184.26,11988571743.64,17.5145,
002191.SZ,劲嘉股份,2018-12-19,7.7236,7.9733,7.6467,7.7716,12144480,0.9328,10533212465.17,12093210150.38,17.6674,
002191.SZ,劲嘉股份,2018-12-20,7.714,7.7908,7.5699,7.5891,8077738,0.6204,10285831702.7,11809191617.8,17.2525,
002191.SZ,劲嘉股份,2018-12-21,7.6659,7.762,7.5314,7.6179,6664412,0.5119,10324891823.09,11854036649.26,17.318,
002191.SZ,劲嘉股份,2018-12-24,7.5891,7.6755,7.4642,7.6179,6940629,0.5331,10324891823.09,11854036649.26,17.318,
002191.SZ,劲嘉股份,2018-12-25,7.5603,7.7332,7.3585,7.6179,8808535,0.6765,10324891823.09,11854036649.26,17.318,
002191.SZ,劲嘉股份,2018-12-26,7.6371,7.7428,7.5122,7.5314,4522596,0.3474,10207711461.92,11719501554.88,17.1214,
002191.SZ,劲嘉股份,2018-12-27,7.6852,7.8292,7.6083,7.6563,9461911,0.7267,10376971983.61,11913830024.54,17.4053,
002191.SZ,劲嘉股份,2018-12-28,7.6659,7.6948,7.4546,7.5026,8274706,0.6355,10168651341.53,11674656523.42,17.0559,
002191.SZ,劲嘉股份,2019-01-02,7.5122,7.714,7.4162,7.6948,6956359,0.5342,10431021002.13,11973623399.82,17.4927,
002191.SZ,劲嘉股份,2019-01-03,7.6371,7.8004,7.6275,7.6755,6759301,0.519,10404976005.87,11943726712.18,17.449,
002191.SZ,劲嘉股份,2019-01-04,7.6467,8.0118,7.5987,7.9829,14166335,1.0878,10821695946.03,12422073714.42,18.1479,
002191.SZ,劲嘉股份,2019-01-07,7.9733,8.1367,7.8869,7.9829,11400571,0.8755,10821695946.03,12422073714.42,18.1479,
002191.SZ,劲嘉股份,2019-01-08,7.9829,8.1559,7.9253,8.079,9709354,0.7456,10951920927.33,12571557152.62,18.3662,
002191.SZ,劲嘉股份,2019-01-09,8.079,8.1174,7.8773,7.8869,8527930,0.6549,10691470964.73,12272590276.22,17.9295,
002191.SZ,劲嘉股份,2019-01-10,7.8773,7.9349,7.7812,7.8389,6937384,0.5327,10626358474.08,12197848557.12,17.8203,
002191.SZ,劲嘉股份,2019-01-11,7.81,7.9157,7.7332,7.8677,6400226,0.4915,10665425968.47,12242693588.58,17.8858,
002191.SZ,劲嘉股份,2019-01-14,7.8485,7.8677,7.6371,7.7236,6783672,0.5209,10470088496.52,12018468431.28,17.5582,
002191.SZ,劲嘉股份,2019-01-15,7.7236,7.9541,7.6371,7.9253,8474635,0.6508,10743560957.25,12332383651.5,18.0168,
002191.SZ,劲嘉股份,2019-01-16,7.8869,8.0502,7.8677,7.9829,7297050,0.5603,10821695946.03,12422073714.42,18.1479,
002191.SZ,劲嘉股份,2019-01-17,7.9829,8.0022,7.8196,7.8389,4792861,0.368,10626358474.08,12197848557.12,17.8203,
002191.SZ,劲嘉股份,2019-01-18,7.8292,7.9253,7.7332,7.8292,5310381,0.4078,10613335975.95,12182900213.3,17.7984,
002191.SZ,劲嘉股份,2019-01-21,7.8485,8.0022,7.81,7.8773,6388000,0.4905,10678448466.6,12257641932.4,17.9076,
002191.SZ,劲嘉股份,2019-01-22,7.9061,7.9733,7.762,7.7908,4375682,0.336,10561245983.43,12123106838.02,17.7111,
002191.SZ,劲嘉股份,2019-01-23,7.7908,7.8773,7.6852,7.714,4606906,0.3538,10457065998.39,12003520087.46,17.5364,
002191.SZ,劲嘉股份,2019-01-24,7.7524,7.8004,7.5507,7.7428,8519224,0.6542,10496133492.78,12048365118.92,17.6019,
002191.SZ,劲嘉股份,2019-01-25,7.714,7.9445,7.714,7.8581,9725524,0.7468,10652403470.34,12227745244.76,17.864,
002191.SZ,劲嘉股份,2019-01-28,7.8773,8.0982,7.8677,8.031,10248127,0.787,10886808436.68,12496815433.52,18.2571,
002191.SZ,劲嘉股份,2019-01-29,8.031,8.2904,8.0022,8.2231,19990985,1.5351,11147258399.28,12795782309.92,17.6106,
002191.SZ,劲嘉股份,2019-01-30,8.2135,8.4441,8.1655,8.348,21485940,1.6499,11316550874.97,12990110779.58,17.8781,
002191.SZ,劲嘉股份,2019-01-31,8.3288,8.5017,8.1559,8.2807,17150636,1.317,11225393388.06,12885472372.84,17.7341,
002191.SZ,劲嘉股份,2019-02-01,8.3096,8.348,8.0886,8.2327,10625224,0.8159,11160280897.41,12810730653.74,17.6312,
002191.SZ,劲嘉股份,2019-02-11,8.3576,8.8187,8.2904,8.7611,19020967,1.4606,11876518294.56,13632889563.84,18.7627,
002191.SZ,劲嘉股份,2019-02-12,8.6938,8.7995,8.5978,8.7226,13470475,1.0344,11824428302.04,13573096188.56,18.6804,
002191.SZ,劲嘉股份,2019-02-13,8.6458,8.7611,8.6074,8.7226,12466830,0.9573,11824428302.04,13573096188.56,18.6804,
002191.SZ,劲嘉股份,2019-02-14,8.7323,8.9244,8.6458,8.7995,14952018,1.1482,11928608287.08,13692682939.12,18.845,
002191.SZ,劲嘉股份,2019-02-15,8.7226,8.7226,8.5401,8.5689,12486029,0.9588,11616068331.96,13333922687.44,18.3513,
002191.SZ,劲嘉股份,2019-02-18,8.617,8.886,8.5978,8.8763,16303938,1.252,12032788272.12,13812269689.68,19.0096,
002191.SZ,劲嘉股份,2019-02-19,8.8667,8.9532,8.6746,8.7899,12014843,0.9226,11915585788.95,13677734595.3,18.8244,
002191.SZ,劲嘉股份,2019-02-20,8.7419,9.0204,8.7419,8.9436,13394632,1.0286,12123945759.03,13916908096.42,19.1536,
002191.SZ,劲嘉股份,2019-02-21,9.0781,9.7313,8.934,9.4527,36826170,2.8279,12814138159.92,14709170318.88,20.244,
002191.SZ,劲嘉股份,2019-02-22,9.4816,9.6449,9.3471,9.616,17102597,1.3133,13035520628.13,14963292163.82,20.5937,
002191.SZ,劲嘉股份,2019-02-25,9.6064,9.789,9.4143,9.6064,59824435,4.5939,13022498130,14948343820,20.5732,
002191.SZ,劲嘉股份,2019-02-26,9.6064,9.6641,9.3663,9.4912,36259619,2.7844,12866228152.44,14768963694.16,20.3263,
002191.SZ,劲嘉股份,2019-02-27,9.4143,9.52,9.0685,9.1741,33181636,2.548,12436485714.15,14275668348.1,19.6474,
002191.SZ,劲嘉股份,2019-02-28,9.1934,9.3567,9.1453,9.2414,14242070,1.0937,12527643201.06,14380306754.84,19.7914,
002191.SZ,劲嘉股份,2019-03-01,9.251,9.3855,9.1453,9.2318,16094978,1.2359,12514620702.93,14365358411.02,19.7708,
002191.SZ,劲嘉股份,2019-03-04,9.2414,9.4527,9.2222,9.2606,36955991,2.8379,12553688197.32,14410203442.48,19.8325,
002191.SZ,劲嘉股份,2019-03-05,9.2222,9.3951,9.0301,9.3471,33912232,2.6041,12670890680.49,14544738536.86,20.0177,
002191.SZ,劲嘉股份,2019-03-06,9.3471,9.4047,9.1261,9.299,35361646,2.7154,12605778189.84,14469996817.76,19.9148,
002191.SZ,劲嘉股份,2019-03-07,9.2318,10.1924,9.1357,9.9811,80366150,6.1713,13530375557.07,15531329228.98,21.3755,
002191.SZ,劲嘉股份,2019-03-08,9.6545,9.885,9.4623,9.5008,41030602,3.1507,12879250650.57,14783912037.98,20.3469,
002191.SZ,劲嘉股份,2019-03-11,9.5104,10.1732,9.4623,10.0772,44326596,3.4038,13660600538.37,15680812667.18,21.5812,
002191.SZ,劲嘉股份,2019-03-12,10.2597,10.4326,9.9138,10.0964,43982836,3.3774,13686645534.63,15710709354.82,21.6224,
002191.SZ,劲嘉股份,2019-03-13,10.0195,10.2309,9.7025,9.7986,28356831,2.2288,12977315986.2,14941678590,20.9846,
002191.SZ,劲嘉股份,2019-03-14,9.7025,10.1252,9.568,9.9138,27007486,2.1228,13129990291.92,15117463044,21.2315,
002191.SZ,劲嘉股份,2019-03-15,9.9427,10.0868,9.7409,9.8562,21319996,1.6757,13053653139.06,15029570817,20.685,
002191.SZ,劲嘉股份,2019-03-18,9.8178,10.0868,9.5488,10.0291,38957737,3.062,13282664597.64,15293247498,21.0478,
002191.SZ,劲嘉股份,2019-03-19,10.0772,10.2309,9.9619,10.0868,26841990,2.1097,13359001750.5,15381139725,21.1688,
002191.SZ,劲嘉股份,2019-03-20,10.0675,10.2597,9.7794,10.0675,22316866,1.7541,13333556032.88,15351842316,21.1285,
002191.SZ,劲嘉股份,2019-03-21,10.0675,11.0762,10.0675,11.0762,86412407,6.7919,14669456207.93,16889956288.5,23.2454,
002191.SZ,劲嘉股份,2019-03-22,10.9609,12.181,10.8168,11.6526,108149970,8.5004,15432827736.53,17768878558.5,24.455,
002191.SZ,劲嘉股份,2019-03-25,12.1906,12.5748,11.5277,12.277,96827813,7.6105,16259813559.18,18721044351,25.7655,
002191.SZ,劲嘉股份,2019-03-26,12.1137,13.3241,11.8928,12.5364,95592989,7.5135,16603330747.05,19116559372.5,26.3098,
002191.SZ,劲嘉股份,2019-03-27,12.5652,13.7948,12.3058,13.7948,89863085,7.0631,18270025251.16,21035539662,28.9509,
002191.SZ,劲嘉股份,2019-03-28,14.2656,14.5634,13.2761,13.9966,149179827,11.7253,18537205286.17,21343162456.5,29.3742,
002191.SZ,劲嘉股份,2019-03-29,13.5451,13.9582,12.594,13.6315,93813418,7.3736,18053736651.39,20786511685.5,28.6081,
002191.SZ,劲嘉股份,2019-04-01,13.8333,14.9956,13.6507,14.9956,94627185,7.4376,19860382602.41,22866627724.5,31.471,
002191.SZ,劲嘉股份,2019-04-02,15.3703,16.1965,14.8516,14.89,103789727,8.1577,19720431155.5,22705491975,31.2492,
002191.SZ,劲嘉股份,2019-04-03,14.6402,15.3127,13.9293,14.6498,102979145,8.094,19402359685.25,22339274362.5,30.7452,
002191.SZ,劲嘉股份,2019-04-04,14.5538,16.0908,14.2656,15.793,102284615,8.0394,20916379883.64,24082470198,33.1443,
002191.SZ,劲嘉股份,2019-04-08,15.3703,15.7642,15.0053,15.0725,78714330,6.1868,19962165472.89,22983817360.5,31.6323,
002191.SZ,劲嘉股份,2019-04-09,14.9764,15.0341,13.5643,14.2656,95710229,7.5227,18893445332.85,21753326182.5,29.9387,
002191.SZ,劲嘉股份,2019-04-10,14.1407,15.1205,13.987,14.573,71456369,5.6164,19300576814.77,22222084726.5,30.5839,
002191.SZ,劲嘉股份,2019-04-11,14.5345,14.6498,13.6219,13.6988,58999442,4.6373,18142796663.06,20889052617,28.7493,
002191.SZ,劲嘉股份,2019-04-12,13.8045,14.2463,13.401,13.8141,42171533,3.3146,18295470968.78,21064837071,28.9912,
002191.SZ,劲嘉股份,2019-04-15,14.3904,14.4481,13.5451,13.5547,35438843,2.7854,17951953780.91,20669322049.5,28.4468,
002191.SZ,劲嘉股份,2019-04-16,13.497,13.9582,13.2569,13.9101,47957649,3.7694,18422699556.88,21211324116,29.1928,
002191.SZ,劲嘉股份,2019-04-17,13.9005,14.2367,13.6411,13.7948,48779082,3.834,18270025251.16,21035539662,28.9509,
002191.SZ,劲嘉股份,2019-04-18,14.0254,15.1782,13.9774,14.6594,74579242,5.8618,19415082544.06,22353923067,30.8199,
002191.SZ,劲嘉股份,2019-04-19,14.2944,15.6777,14.2944,15.1686,68931434,5.4179,20089394060.99,23130304405.5,31.8903,
002191.SZ,劲嘉股份,2019-04-22,15.1782,15.207,14.1311,14.2944,53495950,4.2047,18931613909.28,21797272296,30.0524,
002191.SZ,劲嘉股份,2019-04-23,14.1695,14.2944,13.6411,13.7564,34072721,2.6781,18219133815.92,20976944844,28.9214,
002191.SZ,劲嘉股份,2019-04-24,13.6892,14.1695,13.5451,13.987,30233905,2.3763,18524482427.36,21328513752,29.4061,
002191.SZ,劲嘉股份,2019-04-25,13.9774,14.0734,13.2377,13.2377,34680486,2.7258,17532099440.18,20185914801,26.158,
002191.SZ,劲嘉股份,2019-04-26,13.2473,13.4394,12.9975,13.0455,29867377,2.3475,17277642263.98,19892940711,25.7784,
002191.SZ,劲嘉股份,2019-04-29,13.0744,13.2377,12.4019,12.6325,38747918,3.0455,16730559335.15,19263046417.5,24.9621,
002191.SZ,劲嘉股份,2019-04-30,12.767,13.3914,12.6517,12.8822,36250573,2.8492,17061353664.21,19643912734.5,25.4557,
002191.SZ,劲嘉股份,2019-05-06,12.4692,13.2569,11.7391,12.0849,59108353,4.6458,16005356382.98,18428070261,23.8801,
002191.SZ,劲嘉股份,2019-05-07,12.3058,12.4595,11.6046,11.912,39032495,3.0679,15776344924.4,18164393580,23.5384,
002191.SZ,劲嘉股份,2019-05-08,11.5758,12.4403,11.5469,12.1521,34348800,2.6998,16094416394.65,18530611192.5,24.013,
002191.SZ,劲嘉股份,2019-05-09,12.008,12.2962,11.5758,11.6718,33626259,2.643,15458273454.15,17798175967.5,23.0638,
002191.SZ,劲嘉股份,2019-05-10,11.96,12.7285,11.8159,12.6613,49715278,3.9076,16768727911.58,19306992531,25.0191,
002191.SZ,劲嘉股份,2019-05-13,12.4307,12.6517,11.9696,12.1137,30955479,2.4331,16043524959.41,18472016374.5,23.937,
002191.SZ,劲嘉股份,2019-05-14,12.008,12.277,11.9312,12.0465,23741605,1.8661,15954464947.74,18369475443,23.8042,
002191.SZ,劲嘉股份,2019-05-15,12.229,13.0455,12.1906,12.8822,52996292,4.1654,17061353664.21,19643912734.5,25.4557,
002191.SZ,劲嘉股份,2019-05-16,12.8918,13.3337,12.7381,12.8726,43420871,3.4128,17048630805.4,19629264030,25.4367,
002191.SZ,劲嘉股份,2019-05-17,13.0263,13.0455,12.3443,12.4115,42380464,3.331,16437933582.52,18926126214,24.5255,
002191.SZ,劲嘉股份,2019-05-20,12.2098,12.4403,11.3836,11.6622,36930689,2.9027,15445550595.34,17783527263,23.0449,
002191.SZ,劲嘉股份,2019-05-21,11.7679,12.498,11.6718,12.3923,34804741,2.7356,16412487864.9,18896828805,24.4875,
002191.SZ,劲嘉股份,2019-05-22,12.3827,12.6613,12.1425,12.2866,22188443,1.744,16272536417.99,18735693055.5,24.2787,
002191.SZ,劲嘉股份,2019-05-23,12.0753,12.3443,11.7199,11.8543,24455484,1.9222,15700007771.54,18076501353,23.4245,
002191.SZ,劲嘉股份,2019-05-24,11.9216,12.1233,11.6334,11.7295,17741945,1.3945,15534610607.01,17886068194.5,23.1777,
002191.SZ,劲嘉股份,2019-05-27,11.7391,12.4403,11.6718,12.3923,29021383,2.281,16412487864.9,18896828805,24.4875,
002191.SZ,劲嘉股份,2019-05-28,12.4211,12.4499,11.8543,11.9312,36225648,2.8473,15801790642.02,18193690989,23.5764,
002191.SZ,劲嘉股份,2019-05-29,11.864,12.0369,11.6046,11.8063,28405866,2.2327,15636393477.49,18003257830.5,23.3296,
002191.SZ,劲嘉股份,2019-05-30,11.7199,11.8063,11.2107,11.3068,38050321,2.9907,14974804819.37,17241525196.5,22.3425,
002191.SZ,劲嘉股份,2019-05-31,11.3356,11.6046,11.1243,11.2011,27319323,2.1473,14834853372.46,17080389447,22.1337,
002191.SZ,劲嘉股份,2019-06-03,11.3164,11.8255,10.9321,11.643,49399254,3.8827,15420104877.72,17754229854,23.0069,
002191.SZ,劲嘉股份,2019-06-04,11.4317,11.6334,11.057,11.1723,26835999,2.1093,14796684796.03,17036443333.5,22.0768,
002191.SZ,劲嘉股份,2019-06-05,11.2972,11.4124,10.5479,10.6824,40859015,3.2115,14147818996.72,16289359404,21.1086,
002191.SZ,劲嘉股份,2019-06-06,10.7784,10.8841,10.5767,10.6247,19267447,1.5144,14071481843.86,16201467177,20.9947,
002191.SZ,劲嘉股份,2019-06-10,10.6824,10.8265,10.471,10.6151,20017957,1.5734,14058758985.05,16186818472.5,20.9758,
002191.SZ,劲嘉股份,2019-06-11,10.74,11.3644,10.7016,11.3164,36928459,2.9025,14987527678.18,17256173901,22.3615,
002191.SZ,劲嘉股份,2019-06-12,11.2587,11.4028,10.8937,10.9802,23747710,1.8665,14542227619.83,16743469243.5,21.6971,
002191.SZ,劲嘉股份,2019-06-13,10.9417,11.4797,10.7688,11.2876,36383664,2.8597,14949359101.75,17212227787.5,22.3045,
002191.SZ,劲嘉股份,2019-06-14,11.3644,11.5758,10.9609,10.9898,31560461,2.4806,14554950478.64,16758117948,21.7161,
002191.SZ,劲嘉股份,2019-06-17,10.8072,10.9321,10.1636,10.4038,40569805,3.1887,13778856091.23,15864546973.5,20.5581,
002191.SZ,劲嘉股份,2019-06-18,10.4902,10.6439,10.4038,10.4902,19002481,1.4936,13893361820.52,15996385314,20.729,
002191.SZ,劲嘉股份,2019-06-19,10.8937,11.2011,10.7688,10.9225,43092741,3.387,14465890466.97,16655577016.5,21.5832,
002191.SZ,劲嘉股份,2019-06-20,11.0762,11.5662,10.9513,11.4317,38431992,3.0207,15140201983.9,17431958355,22.5893,
002191.SZ,劲嘉股份,2019-06-21,11.5565,11.96,11.4989,11.5662,42185645,3.3157,15318322007.24,17637040218,22.855,
002191.SZ,劲嘉股份,2019-06-24,11.7391,11.7583,11.4124,11.6046,26297844,2.067,15369213442.48,17695635036,22.931,
002191.SZ,劲嘉股份,2019-06-25,11.5662,11.691,11.2395,11.4124,22385648,1.7595,15114756266.28,17402660946,22.5513,
002191.SZ,劲嘉股份,2019-06-26,11.4124,11.691,11.3068,11.5469,19702968,1.5486,15292876289.62,17607742809,22.8171,
002191.SZ,劲嘉股份,2019-06-27,11.6334,12.4595,11.6334,12.3731,56869743,4.4699,16387042147.28,18867531396,24.4496,
002191.SZ,劲嘉股份,2019-06-28,12.56,12.5993,11.901,12.2059,32268901,2.5363,15789067783.21,18179042284.5,23.5574,
002191.SZ,劲嘉股份,2019-07-01,12.5993,13.1304,12.4714,12.9632,52376557,4.1167,16768724946.08,19306992531,25.0191,
002191.SZ,劲嘉股份,2019-07-02,12.9534,13.455,12.796,13.1698,52709241,4.1429,17035904933.84,19614615325.5,25.4177,
002191.SZ,劲嘉股份,2019-07-03,13.0812,13.337,12.6091,12.8452,39288528,3.088,16616050667.36,19131208077,24.7913,
002191.SZ,劲嘉股份,2019-07-04,12.7468,12.855,12.4911,12.6288,22461187,1.7654,16336147823.04,18808936578,24.3736,
002191.SZ,劲嘉股份,2019-07-05,12.6682,12.737,12.4518,12.5895,23640356,1.8581,16285256396.8,18750341760,24.2977,
002191.SZ,劲嘉股份,2019-07-08,12.5305,12.5698,11.9207,12.0879,33082489,2.6002,15636390712.24,18003257830.5,23.3296,
002191.SZ,劲嘉股份,2019-07-09,12.1862,12.2157,11.9305,12.1272,18057084,1.4193,15687282138.48,18061852648.5,23.4055,
002191.SZ,劲嘉股份,2019-07-10,12.2354,12.2551,11.6256,11.6846,28662817,2.2529,15114753593.28,17402660946,22.5513,
002191.SZ,劲嘉股份,2019-07-11,11.7928,11.96,11.5076,11.6846,21273097,1.672,15114753593.28,17402660946,22.5513,
002191.SZ,劲嘉股份,2019-07-12,11.7239,11.8125,11.5666,11.6354,16271153,1.2789,15051139310.48,17329417423.5,22.4564,
002191.SZ,劲嘉股份,2019-07-15,11.7043,12.1075,11.3404,11.901,22882935,1.7986,15394656437.6,17724932445,22.9689,
002191.SZ,劲嘉股份,2019-07-16,11.9403,11.9403,11.6846,11.7338,14486994,1.1387,15178367876.08,17475904468.5,22.6462,
002191.SZ,劲嘉股份,2019-07-17,11.6944,11.8026,11.4092,11.5764,20979234,1.6489,14974802171.12,17241525196.5,22.3425,
002191.SZ,劲嘉股份,2019-07-18,11.4781,11.5371,11.2223,11.2617,15782022,1.2404,14567670761.2,16772766652.5,21.7351,
002191.SZ,劲嘉股份,2019-07-19,11.2813,11.5469,11.2027,11.2518,14991926,1.1783,14554947904.64,16758117948,21.7161,
002191.SZ,劲嘉股份,2019-07-22,11.242,11.36,11.0256,11.0551,12328306,0.969,14300490773.44,16465143858,21.3364,
002191.SZ,劲嘉股份,2019-07-23,11.0453,11.5272,11.0355,11.3207,19150707,1.5052,14644007900.56,16860658879.5,21.849,
002191.SZ,劲嘉股份,2019-07-24,11.4682,11.6649,11.3305,11.3797,23598734,1.8548,14720345039.92,16948551106.5,20.8742,
002191.SZ,劲嘉股份,2019-07-25,11.4584,11.9502,11.3699,11.9207,32578920,2.5607,15420102150.72,17754229854,21.8665,
002191.SZ,劲嘉股份,2019-07-26,11.8223,12.0288,11.7338,11.9502,22910083,1.8007,15458270720.4,17798175967.5,21.9207,
002191.SZ,劲嘉股份,2019-07-29,11.9305,12.2157,11.8715,12.0485,24921718,1.9588,15585499286,17944663012.5,22.1011,
002191.SZ,劲嘉股份,2019-07-30,12.0485,12.2551,11.901,12.0092,29192504,2.2945,15534607859.76,17886068194.5,22.0289,
002191.SZ,劲嘉股份,2019-07-31,11.8813,12.0977,11.6551,11.8912,23782609,1.8693,15381933581.04,17710283740.5,21.8124,
002191.SZ,劲嘉股份,2019-08-01,11.9305,12.2452,11.8518,12.0288,22338864,1.7558,15560053572.88,17915365603.5,22.065,
002191.SZ,劲嘉股份,2019-08-02,11.6453,11.8813,11.5371,11.7239,21963224,1.7263,15165645019.52,17461255764,21.5057,
002191.SZ,劲嘉股份,2019-08-05,11.7731,12.0288,11.5272,11.5272,22149515,1.7409,14911187888.32,17168281674,21.1449,
002191.SZ,劲嘉股份,2019-08-06,11.1928,11.2912,10.7207,11.0256,35238799,2.7697,14262322203.76,16421197744.5,20.2247,
002191.SZ,劲嘉股份,2019-08-07,11.0158,11.1338,10.7699,10.7797,17200406,1.3519,13944250789.76,16054980132,19.7737,
002191.SZ,劲嘉股份,2019-08-08,10.8879,11.065,10.5929,10.9371,21065321,1.6557,14147816494.72,16289359404,20.0624,
002191.SZ,劲嘉股份,2019-08-09,11.0355,11.0551,10.5634,10.6125,23082489,1.8143,13727962228.24,15805952155.5,19.467,
002191.SZ,劲嘉股份,2019-08-12,10.6715,10.8191,10.4847,10.8191,18112836,1.4236,13995142216,16113574950,19.8459,
002191.SZ,劲嘉股份,2019-08-13,10.6814,10.8092,10.5043,10.6617,14074145,1.1062,13791576511.04,15879195678,19.5572,
002191.SZ,劲嘉股份,2019-08-14,10.8584,10.9174,10.642,10.6814,16559370,1.3015,13817022224.16,15908493087,19.5933,
002191.SZ,劲嘉股份,2019-08-15,10.3863,10.8584,10.2781,10.7994,13454239,1.0575,13969696502.88,16084277541,19.8098,
002191.SZ,劲嘉股份,2019-08-16,10.7699,11.065,10.7601,10.9273,15876224,1.2479,14135093638.16,16274710699.5,20.0443,
002191.SZ,劲嘉股份,2019-08-19,11.1437,11.4387,10.9174,11.3109,26918543,2.1158,14631285044,16846010175,20.7479,
002191.SZ,劲嘉股份,2019-08-20,11.3502,11.3895,11.065,11.1338,19563205,1.5376,14402273625.92,16582333494,20.4232,
002191.SZ,劲嘉股份,2019-08-21,11.0748,11.1732,10.8879,10.9273,16068833,1.263,14135093638.16,16274710699.5,20.0443,
002191.SZ,劲嘉股份,2019-08-22,10.9174,11.242,10.8289,11.1732,19688630,1.5475,14453165052.16,16640928312,20.4954,
002191.SZ,劲嘉股份,2019-08-23,11.1141,11.183,11.006,11.0748,13222589,1.0393,14325936486.56,16494441267,20.3149,
002191.SZ,劲嘉股份,2019-08-26,10.8092,11.2518,10.7207,11.0846,18994536,1.4929,14338659343.12,16509089971.5,20.3535,
002191.SZ,劲嘉股份,2019-08-27,11.242,11.4387,11.0945,11.1141,27872027,2.1907,14376827912.8,16553036085,20.4076,
002191.SZ,劲嘉股份,2019-08-28,11.1043,11.1141,10.8584,10.8879,18090595,1.4219,14084202211.92,16216115881.5,19.9923,
002191.SZ,劲嘉股份,2019-08-29,10.9076,10.9568,10.7502,10.7797,16612882,1.3058,13944250789.76,16054980132,19.7936,
002191.SZ,劲嘉股份,2019-08-30,10.8289,11.065,10.7601,10.7797,17792219,1.3984,13944250789.76,16054980132,19.7936,
002191.SZ,劲嘉股份,2019-09-02,10.7502,11.1535,10.6814,11.1141,23861302,1.8755,14376827912.8,16553036085,20.4076,
002191.SZ,劲嘉股份,2019-09-03,11.124,11.1437,10.8978,10.9666,16860420,1.3252,14185985064.4,16333305517.5,20.1367,
002191.SZ,劲嘉股份,2019-09-04,10.9666,10.9666,10.7404,10.9371,20361498,1.6004,14147816494.72,16289359404,20.0826,
002191.SZ,劲嘉股份,2019-09-05,10.9764,11.2912,10.9174,10.9666,36457866,2.8655,14185985064.4,16333305517.5,20.1367,
002191.SZ,劲嘉股份,2019-09-06,11.0158,11.065,10.7207,11.0158,32426327,2.5487,14249599347.2,16406549040,20.227,
002191.SZ,劲嘉股份,2019-09-09,11.0945,11.4977,10.9371,11.4289,42298411,3.3246,14783959322.72,17021794629,20.9856,
002191.SZ,劲嘉股份,2019-09-10,11.5469,11.8912,11.4092,11.5371,42198317,3.3167,14923910744.88,17182930378.5,21.1842,
002191.SZ,劲嘉股份,2019-09-11,11.6551,11.6551,11.2912,11.3305,24695063,1.941,14656730757.12,16875307584,20.805,
002191.SZ,劲嘉股份,2019-09-12,11.3207,11.3895,10.9273,10.9961,37635151,2.9581,14224153634.08,16377251631,20.1909,
002191.SZ,劲嘉股份,2019-09-16,11.065,11.065,10.7404,10.8289,34894340,2.7426,14007865072.56,16128223654.5,19.8839,
002191.SZ,劲嘉股份,2019-09-17,10.8092,10.8289,10.6519,10.6715,21042140,1.6539,13804299367.6,15893844382.5,19.5949,
002191.SZ,劲嘉股份,2019-09-18,10.6912,10.8584,10.5929,10.8092,17205380,1.3523,13982419359.44,16098926245.5,19.8478,
002191.SZ,劲嘉股份,2019-09-19,10.7601,10.8387,10.6322,10.7404,16406664,1.2895,13893359363.52,15996385314,19.7214,
002191.SZ,劲嘉股份,2019-09-20,10.7404,10.7699,10.4453,10.4945,26103258,2.0517,13575287949.52,15630167701.5,19.2699,
002191.SZ,劲嘉股份,2019-09-23,10.4257,10.4355,10.1109,10.3273,21618289,1.6992,13358999388,15381139725,18.9629,
002191.SZ,劲嘉股份,2019-09-24,10.3765,10.406,9.9732,10.0519,29459519,2.3155,13002759404.32,14970975999,18.4572,
002191.SZ,劲嘉股份,2019-09-25,10.0126,10.0126,9.5995,9.747,26983251,2.1208,12608350850.96,14516866159.5,17.8973,
002191.SZ,劲嘉股份,2019-09-26,9.6782,9.924,9.6782,9.688,21937950,1.7243,12532013711.6,14428973932.5,17.789,
002191.SZ,劲嘉股份,2019-09-27,9.688,9.747,9.3437,9.3831,31493702,2.4754,12137605158.24,13974864093,17.2291,
002191.SZ,劲嘉股份,2019-09-30,9.4126,9.7667,9.4126,9.4519,19723393,1.5502,12226665154.16,14077405024.5,17.3555,
002191.SZ,劲嘉股份,2019-10-08,9.4421,9.4913,9.2552,9.3634,16205630,1.2737,12112159445.12,13945566684,17.193,
002191.SZ,劲嘉股份,2019-10-09,9.3241,9.57,9.2159,9.57,12386045,0.9735,12379339432.88,14253189478.5,17.5722,
002191.SZ,劲嘉股份,2019-10-10,9.4913,9.6388,9.4716,9.57,11253756,0.8845,12379339432.88,14253189478.5,17.5722,
002191.SZ,劲嘉股份,2019-10-11,9.6191,9.6191,9.3536,9.4716,14104671,1.1086,12252110867.28,14106702433.5,17.3916,
002191.SZ,劲嘉股份,2019-10-14,9.5601,10.1208,9.5601,9.9437,30242652,2.377,12862807982.16,14809840249.5,18.2585,
002191.SZ,劲嘉股份,2019-10-15,9.9339,10.0126,9.8355,9.9437,13188563,1.0366,12862807982.16,14809840249.5,18.2585,
002191.SZ,劲嘉股份,2019-10-16,9.9536,10.0322,9.7863,9.8159,12805685,1.0065,12697410846.88,14619407091,18.0237,
002191.SZ,劲嘉股份,2019-10-17,9.7765,9.8552,9.6585,9.7077,11830175,0.9298,12557459424.72,14458271341.5,17.8251,
002191.SZ,劲嘉股份,2019-10-18,9.7273,9.9929,9.7273,9.7568,18161057,1.4274,12621073707.52,14531514864,17.9154,
002191.SZ,劲嘉股份,2019-10-21,9.7273,9.924,9.4421,9.8749,13849078,1.0885,12773747986.24,14707299318,18.1321,
002191.SZ,劲嘉股份,2019-10-22,9.8847,10.0027,9.747,9.9142,8431877,0.6627,12824639412.48,14765894136,18.2043,
002191.SZ,劲嘉股份,2019-10-23,9.9142,9.9732,9.8454,9.8945,7031327,0.5527,12799193699.36,14736596727,18.1682,
002191.SZ,劲嘉股份,2019-10-24,9.8945,9.8945,9.688,9.8159,10101883,0.794,12697410846.88,14619407091,18.0237,
002191.SZ,劲嘉股份,2019-10-25,10.0617,10.3076,9.9929,10.288,36775707,2.8905,13308107961.76,15322544907,17.9598,
002191.SZ,劲嘉股份,2019-10-28,10.7502,10.7994,10.3962,10.642,47684047,3.7479,13766130797.92,15849898269,18.5779,
002191.SZ,劲嘉股份,2019-10-29,10.4748,10.7011,10.4257,10.4257,28147690,2.2124,13486227953.6,15527626770,18.2002,
002191.SZ,劲嘉股份,2019-10-30,10.3371,10.5929,10.3273,10.4748,19904264,1.5644,13549842236.4,15600870292.5,18.286,
002191.SZ,劲嘉股份,2019-10-31,10.4257,10.8584,10.4257,10.6125,20202236,1.5879,13727962228.24,15805952155.5,18.5264,
002191.SZ,劲嘉股份,2019-11-01,10.5535,10.6617,10.406,10.5338,13695103,1.0764,13626179375.76,15688762519.5,18.3891,
002191.SZ,劲嘉股份,2019-11-04,10.1601,10.3666,9.6388,10.1404,51519986,4.0494,13117265113.36,15102814339.5,17.7023,
002191.SZ,劲嘉股份,2019-11-05,10.2191,10.9273,10.1798,10.7502,51342856,4.0355,13906082220.08,16011034018.5,18.7668,
002191.SZ,劲嘉股份,2019-11-06,10.8092,10.8289,10.406,10.4355,27710174,2.178,13498950810.16,15542275474.5,18.2174,
002191.SZ,劲嘉股份,2019-11-07,10.4257,10.5535,10.3076,10.3568,16561037,1.3017,13397167957.68,15425085838.5,18.08,
002191.SZ,劲嘉股份,2019-11-08,10.4158,10.583,10.2191,10.2486,18351475,1.4424,13257216535.52,15263950089,17.8911,
002191.SZ,劲嘉股份,2019-11-11,10.0617,10.1699,9.8257,9.9437,19756555,1.5528,12862807982.16,14809840249.5,17.3589,
002191.SZ,劲嘉股份,2019-11-12,9.9437,10.0617,9.7175,9.8159,16486365,1.2958,12697410846.88,14619407091,17.1357,
002191.SZ,劲嘉股份,2019-11-13,9.7962,9.924,9.629,9.6978,13613271,1.07,12544736568.16,14443622637,16.9296,
002191.SZ,劲嘉股份,2019-11-14,9.6978,9.7568,9.5306,9.6978,12081371,0.9496,12544736568.16,14443622637,16.9296,
002191.SZ,劲嘉股份,2019-11-15,9.6585,9.747,9.5503,9.6191,8812916,0.6927,12442953715.68,14326433001,16.7923,
002191.SZ,劲嘉股份,2019-11-18,9.6683,9.8847,9.5503,9.8257,10697300,0.8408,12710133703.44,14634055795.5,17.1528,
002191.SZ,劲嘉股份,2019-11-19,9.8454,10.8092,9.8454,10.8092,46336029,3.642,13982419359.44,16098926245.5,18.8698,
002191.SZ,劲嘉股份,2019-11-20,10.8879,11.2027,10.6814,11.0846,56604763,4.4491,14338659343.12,16509089971.5,19.3506,
002191.SZ,劲嘉股份,2019-11-21,11.0453,11.4584,10.9371,11.2027,39846762,3.1319,14491333621.84,16684874425.5,19.5566,
002191.SZ,劲嘉股份,2019-11-22,11.3502,11.4387,10.9174,11.0945,34355648,2.7003,14351382199.68,16523738676,19.3678,
002191.SZ,劲嘉股份,2019-11-25,10.9961,11.2617,10.7797,10.9076,27554780,2.1658,14109647925.04,16245413290.5,19.0415,
002191.SZ,劲嘉股份,2019-11-26,11.0945,11.2617,10.8879,10.9863,24340097,1.9131,14211430777.52,16362602926.5,19.1789,
002191.SZ,劲嘉股份,2019-11-27,10.9863,11.2912,10.8683,11.0551,26346207,2.0708,14300490773.44,16465143858,19.2991,
002191.SZ,劲嘉股份,2019-11-28,11.1141,11.1633,10.8683,10.8978,16959483,1.333,14096925068.48,16230764586,19.0244,
002191.SZ,劲嘉股份,2019-11-29,10.9174,11.0846,10.7797,10.9568,24237553,1.905,14173262207.84,16318656813,19.1274,
002191.SZ,劲嘉股份,2019-12-02,10.9273,11.006,10.5634,10.7404,29726178,2.3364,13893359363.52,15996385314,18.7496,
002191.SZ,劲嘉股份,2019-12-03,10.7011,10.8978,10.6519,10.8978,16405856,1.2895,14096925068.48,16230764586,19.0244,
002191.SZ,劲嘉股份,2019-12-04,10.8191,10.8191,10.583,10.6814,18414204,1.4473,13817022224.16,15908493087,18.6466,
002191.SZ,劲嘉股份,2019-12-05,10.7109,10.7994,10.5142,10.7109,25381912,1.995,13855190793.84,15952439200.5,18.6981,
002191.SZ,劲嘉股份,2019-12-06,10.7306,11.6453,10.6814,11.5961,58200985,4.5745,15000247884.24,17270822605.5,20.2434,
002191.SZ,劲嘉股份,2019-12-09,11.5961,11.7731,11.3797,11.6256,37874216,2.9769,15038416453.92,17314768719,20.2949,
002191.SZ,劲嘉股份,2019-12-10,11.7043,11.7633,11.4781,11.6354,20138075,1.5828,15051139310.48,17329417423.5,20.3121,
002191.SZ,劲嘉股份,2019-12-11,11.6453,11.9502,11.1928,11.1928,43581142,3.4254,14478610765.28,16670225721,19.5395,
002191.SZ,劲嘉股份,2019-12-12,11.3109,11.5764,11.1043,11.1633,36803200,2.8927,14440442195.6,16626279607.5,19.4879,
002191.SZ,劲嘉股份,2019-12-13,11.2322,11.3404,11.124,11.2518,29450576,2.3148,14554947904.64,16758117948,19.6425,
002191.SZ,劲嘉股份,2019-12-16,11.2813,11.5666,11.1535,11.4977,31250998,2.4563,14873019318.64,17124335560.5,20.0717,
002191.SZ,劲嘉股份,2019-12-17,11.3994,11.6649,11.2912,11.6354,35717325,2.8073,15051139310.48,17329417423.5,20.3121,
002191.SZ,劲嘉股份,2019-12-18,11.5371,11.6846,11.4092,11.5272,25718764,2.0215,14911187888.32,17168281674,20.1232,
002191.SZ,劲嘉股份,2019-12-19,11.5469,11.8518,11.4879,11.5961,33746888,2.6525,15000247884.24,17270822605.5,20.2434,
002191.SZ,劲嘉股份,2019-12-20,11.5862,11.6551,11.242,11.242,29810055,2.343,14542225048.08,16743469243.5,19.6253,
002191.SZ,劲嘉股份,2019-12-23,11.1928,11.6158,11.1437,11.2322,21594171,1.6973,14529502191.52,16728820539,19.6081,
002191.SZ,劲嘉股份,2019-12-24,11.2813,11.4977,11.065,11.4781,18155343,1.427,14847573605.52,17095038151.5,20.0374,
002191.SZ,劲嘉股份,2019-12-25,11.419,11.4584,11.301,11.3699,17790876,1.3983,14707622183.36,16933902402,19.8485,
002191.SZ,劲嘉股份,2019-12-26,11.419,11.419,11.242,11.3994,15005518,1.1794,14745790753.04,16977848515.5,19.9,
002191.SZ,劲嘉股份,2019-12-27,11.3994,11.6846,11.301,11.4092,26356895,2.0716,14758513609.6,16992497220,19.9172,
002191.SZ,劲嘉股份,2019-12-30,11.3305,11.3404,11.0846,11.2125,25168810,1.9782,14504056478.4,16699523130,19.5738,
002191.SZ,劲嘉股份,2019-12-31,11.2125,11.2813,11.0256,11.2223,22894850,1.7995,14516738258.96,16714171834.5,19.591,
002191.SZ,劲嘉股份,2020-01-02,11.2813,11.5272,11.183,11.4781,28153424,2.2128,14847531593.52,17095038151.5,20.0374,
002191.SZ,劲嘉股份,2020-01-03,11.5076,11.7141,11.419,11.5174,24044761,1.8899,14898422875.76,17153632969.5,20.1061,
002191.SZ,劲嘉股份,2020-01-06,11.5272,11.96,11.4682,11.5764,51962896,4.0842,14974759799.12,17241525196.5,20.2091,
002191.SZ,劲嘉股份,2020-01-07,11.6354,11.8715,11.4486,11.8223,38349124,3.0142,15292830313.12,17607742809,20.6383,
002191.SZ,劲嘉股份,2020-01-08,11.7043,12.2354,11.6551,11.9403,53131658,4.1761,15445504159.84,17783527263,20.8444,
002191.SZ,劲嘉股份,2020-01-09,12.0977,12.1764,11.842,11.96,31133073,2.447,15470949800.96,17812824672,20.8787,
002191.SZ,劲嘉股份,2020-01-10,12.019,12.0584,11.6944,11.9698,28807989,2.2643,15483672621.52,17827473376.5,20.8959,
002191.SZ,劲嘉股份,2020-01-13,11.9502,11.9993,11.7239,11.9895,21043962,1.654,15509118262.64,17856770785.5,20.9302,
002191.SZ,劲嘉股份,2020-01-14,12.0092,12.2747,11.8518,11.901,29412237,2.3118,15394612877.6,17724932445,20.7757,
002191.SZ,劲嘉股份,2020-01-15,11.8125,11.9108,11.6846,11.7535,18774270,1.4756,15203770569.2,17505201877.5,20.5181,
002191.SZ,劲嘉股份,2020-01-16,11.7436,11.842,11.6551,11.7043,16490034,1.2961,15140156466.4,17431958355,20.4323,
002191.SZ,劲嘉股份,2020-01-17,11.7239,11.842,11.6059,11.7633,16023166,1.2594,15216493389.76,17519850582,20.5353,
002191.SZ,劲嘉股份,2020-01-20,11.9207,12.1567,11.7141,12.0288,32195220,2.5305,15560009544.88,17915365603.5,20.9989,
002191.SZ,劲嘉股份,2020-01-21,11.9502,11.9797,11.6059,11.7043,31071532,2.4422,15140156466.4,17431958355,20.4323,
002191.SZ,劲嘉股份,2020-01-22,11.5666,11.7436,11.2322,11.6158,31869947,2.5049,15025651081.36,17300120014.5,20.2778,
002191.SZ,劲嘉股份,2020-01-23,11.5076,11.6256,10.7207,10.9076,38696849,3.0415,14109608001.04,16245413290.5,19.0415,
002191.SZ,劲嘉股份,2020-02-03,9.8159,9.8159,9.8159,9.8159,5605400,0.4406,12697374918.88,14619407091,17.1357,
002191.SZ,劲嘉股份,2020-02-04,8.9995,9.688,8.9995,9.5405,37184607,2.9227,12341135943.2,14209243365,16.6549,
002191.SZ,劲嘉股份,2020-02-05,9.6191,9.9536,9.5896,9.6978,24099456,1.8942,12544701072.16,14443622637,16.9296,
002191.SZ,劲嘉股份,2020-02-06,9.6978,9.8257,9.5896,9.806,24824012,1.9511,12684652098.32,14604758386.5,17.1185,
002191.SZ,劲嘉股份,2020-02-07,9.7667,9.8749,9.5995,9.8159,21366663,1.6794,12697374918.88,14619407091,17.1357,
002191.SZ,劲嘉股份,2020-02-10,9.7667,10.1994,9.7175,10.1306,25384545,1.9952,13104505176.8,15088165635,17.6851,
002191.SZ,劲嘉股份,2020-02-11,10.0716,10.1798,9.9437,10.0027,18082625,1.4213,12939108509.52,14897732476.5,17.4619,
002191.SZ,劲嘉股份,2020-02-12,10.0322,10.1798,9.9142,10.1306,19343571,1.5204,13104505176.8,15088165635,17.6851,
002191.SZ,劲嘉股份,2020-02-13,10.1011,10.288,10.0027,10.0224,15581855,1.2247,12964554150.64,14927029885.5,17.4962,
002191.SZ,劲嘉股份,2020-02-14,10.0224,10.1404,9.9634,10.0519,16610704,1.3056,13002722612.32,14970975999,17.5477,
002191.SZ,劲嘉股份,2020-02-17,10.0322,10.2683,10.0224,10.2585,21841091,1.7167,13269901844.08,15278598793.5,17.9083,
002191.SZ,劲嘉股份,2020-02-18,10.2781,10.3765,10.1896,10.3175,21598494,1.6976,13346238767.44,15366491020.5,18.0113,
002191.SZ,劲嘉股份,2020-02-19,10.2388,10.5043,10.2289,10.3076,24385030,1.9166,13333515946.88,15351842316,17.9942,
002191.SZ,劲嘉股份,2020-02-20,10.3175,10.8584,10.2781,10.7011,37848312,2.9748,13842428769.28,15937790496,18.681,
002191.SZ,劲嘉股份,2020-02-21,10.6715,10.7896,10.5437,10.7011,26687062,2.0976,13842428769.28,15937790496,18.681,
002191.SZ,劲嘉股份,2020-02-24,10.406,10.6715,10.347,10.5142,33600620,2.641,13600695178.64,15659465110.5,18.3547,
002191.SZ,劲嘉股份,2020-02-25,10.3076,10.9076,9.8847,10.6617,62692394,4.9276,13791537487.04,15879195678,18.6123,
002191.SZ,劲嘉股份,2020-02-26,10.3765,10.524,10.1896,10.2289,33811583,2.6576,13231733382.4,15234652680,17.8568,
002191.SZ,劲嘉股份,2020-02-27,10.2486,10.5929,10.2486,10.465,26507595,2.0835,13537081075.84,15586221588,18.2689,
002191.SZ,劲嘉股份,2020-02-28,10.1798,10.3863,9.9339,10.0027,23692749,1.8622,12939108509.52,14897732476.5,17.03,
002191.SZ,劲嘉股份,2020-03-02,10.0716,10.3765,10.0617,10.3175,23768911,1.8682,13346238767.44,15366491020.5,17.5659,
002191.SZ,劲嘉股份,2020-03-03,10.3666,10.4847,10.1601,10.3273,25914035,2.0368,13358961588,15381139725,17.5826,
002191.SZ,劲嘉股份,2020-03-04,10.1896,10.3273,10.1306,10.3175,20487842,1.6103,13346238767.44,15366491020.5,17.5659,
002191.SZ,劲嘉股份,2020-03-05,10.3765,10.5634,10.2585,10.5437,30255258,2.378,13638863640.32,15703411224,17.951,
002191.SZ,劲嘉股份,2020-03-06,10.4257,10.5142,10.347,10.3962,17515251,1.3767,13448021331.92,15483680656.5,17.6998,
002191.SZ,劲嘉股份,2020-03-09,10.2289,10.2289,9.806,9.8257,28384715,2.231,12710097739.44,14634055795.5,16.7286,
002191.SZ,劲嘉股份,2020-03-10,9.7863,10.0126,9.57,10.0027,21524811,1.6918,12939108509.52,14897732476.5,17.03,
002191.SZ,劲嘉股份,2020-03-11,10.0421,10.1011,9.8159,9.8159,17477909,1.3737,12697374918.88,14619407091,16.7119,
002191.SZ,劲嘉股份,2020-03-12,9.6978,9.8749,9.6093,9.6683,19546993,1.5364,12506532610.48,14399676523.5,16.4607,
002191.SZ,劲嘉股份,2020-03-13,9.147,9.57,9.0585,9.4028,28385228,2.231,12163016455.36,14004161502,16.0086,
002191.SZ,劲嘉股份,2020-03-16,9.3929,9.4224,8.852,8.9012,22547543,1.7722,11514152606.8,13257077572.5,15.1545,
002191.SZ,劲嘉股份,2020-03-17,8.97,9.0782,8.3602,8.7241,19099202,1.5012,11285141836.72,12993400891.5,14.8531,
002191.SZ,劲嘉股份,2020-03-18,8.7733,8.8618,8.429,8.4487,16267953,1.2786,10928902861.04,12583237165.5,14.3843,
002191.SZ,劲嘉股份,2020-03-19,8.37,8.5766,8.0848,8.3209,20963815,1.6477,10763506193.76,12392804007,14.1666,
002191.SZ,劲嘉股份,2020-03-20,8.4586,8.5077,8.3209,8.4684,12446941,0.9783,10954348502.16,12612534574.5,14.4178,
002191.SZ,劲嘉股份,2020-03-23,8.2225,8.311,8.1045,8.1241,12632832,0.9929,10509049782.56,12099829917,13.8317,
002191.SZ,劲嘉股份,2020-03-24,8.4094,8.5766,8.311,8.5569,16649139,1.3086,11068853887.2,12744372915,14.5685,
002191.SZ,劲嘉股份,2020-03-25,8.7635,8.852,8.6159,8.7339,14231513,1.1186,11297864657.28,13008049596,14.8699,
002191.SZ,劲嘉股份,2020-03-26,8.6454,8.9012,8.5962,8.8225,13478173,1.0594,11412370042.32,13139887936.5,15.0206,
002191.SZ,劲嘉股份,2020-03-27,8.9897,9.3044,8.9208,9.0782,20446498,1.6071,11743163376.88,13520754253.5,15.456,
002191.SZ,劲嘉股份,2020-03-30,8.9503,9.3339,8.9208,9.147,16719412,1.3141,11832223120.8,13623295185,15.5732,
002191.SZ,劲嘉股份,2020-03-31,9.2061,9.2847,8.9798,9.0585,11233255,0.8829,11717717735.76,13491456844.5,15.4225,
002191.SZ,劲嘉股份,2020-04-01,9.0585,9.1372,8.9012,8.9405,8828339,0.6939,11565043889.04,13315672390.5,15.2215,
002191.SZ,劲嘉股份,2020-04-02,8.8618,9.088,8.852,9.0782,9427332,0.741,11743163376.88,13520754253.5,15.456,
002191.SZ,劲嘉股份,2020-04-03,9.0388,9.1372,8.9012,8.9897,12424155,0.9765,11628657991.84,13388915913,15.3053,
002191.SZ,劲嘉股份,2020-04-07,9.0979,9.2159,9.0487,9.1569,13735456,1.0796,11844945941.36,13637943889.5,15.5899,
002191.SZ,劲嘉股份,2020-04-08,9.1569,9.1569,9.0487,9.0782,8306900,0.6529,11743163376.88,13520754253.5,15.456,
002191.SZ,劲嘉股份,2020-04-09,9.147,9.1569,9.029,9.0487,8756963,0.6883,11704994915.2,13476808140,15.4057,
002191.SZ,劲嘉股份,2020-04-10,9.0979,9.0979,8.8323,8.852,10791457,0.8482,11450538504,13183834050,15.0708,
002191.SZ,劲嘉股份,2020-04-13,8.8126,8.9602,8.7044,8.8618,7875561,0.619,11463261324.56,13198482754.5,15.0876,
002191.SZ,劲嘉股份,2020-04-14,8.9012,8.9602,8.7339,8.8716,11227920,0.8825,11475984145.12,13213131459,15.1043,
002191.SZ,劲嘉股份,2020-04-15,8.9012,9.1175,8.8716,8.9208,13482224,1.0597,11539598247.92,13286374981.5,15.1535,
002191.SZ,劲嘉股份,2020-04-16,8.9208,8.9798,8.8618,8.97,8669276,0.6814,11603212350.72,13359618504,15.237,
002191.SZ,劲嘉股份,2020-04-17,8.9798,9.3536,8.9798,9.2257,24084924,1.893,11934005685.28,13740484821,15.6714,
002191.SZ,劲嘉股份,2020-04-20,9.2356,9.4716,9.2061,9.3339,22468967,1.766,12073956711.44,13901620570.5,15.8552,
002191.SZ,劲嘉股份,2020-04-21,9.3142,9.3437,9.0093,9.0782,18142331,1.426,11743163376.88,13520754253.5,15.4208,
002191.SZ,劲嘉股份,2020-04-22,9.0093,9.0585,8.911,9.0192,12859138,1.0107,11666826453.52,13432862026.5,15.3206,
002191.SZ,劲嘉股份,2020-04-23,9.029,9.088,8.9602,8.9995,10892627,0.8561,11641380812.4,13403564617.5,15.2872,
002191.SZ,劲嘉股份,2020-04-24,8.9897,9.0979,8.9307,8.97,9526304,0.7488,11603212350.72,13359618504,15.237,
002191.SZ,劲嘉股份,2020-04-27,8.97,9.0192,8.8225,8.8618,12027745,0.9454,11463261324.56,13198482754.5,15.0533,
002191.SZ,劲嘉股份,2020-04-28,8.8618,8.8618,8.5274,8.7044,11918218,0.9368,11259696195.6,12964103482.5,14.7859,
002191.SZ,劲嘉股份,2020-04-29,8.6848,8.793,8.6356,8.6946,6620435,0.5204,11246973375.04,12949454778,15.5546,
002191.SZ,劲嘉股份,2020-04-30,8.7339,8.8716,8.7143,8.8421,10443534,0.8209,11437815683.44,13169185345.5,15.8186,
002191.SZ,劲嘉股份,2020-05-06,8.7733,8.9602,8.7635,8.9405,12330581,0.9692,11565043889.04,13315672390.5,15.9945,
002191.SZ,劲嘉股份,2020-05-07,8.9503,8.97,8.7339,8.7438,15167399,1.1921,11310587477.84,13022698300.5,15.6426,
002191.SZ,劲嘉股份,2020-05-08,8.8323,8.911,8.7536,8.8716,12027776,0.9454,11475984145.12,13213131459,15.8713,
002191.SZ,劲嘉股份,2020-05-11,8.8815,9.029,8.793,8.8225,12072066,0.9489,11412370042.32,13139887936.5,15.7834,
002191.SZ,劲嘉股份,2020-05-12,8.8126,8.8716,8.6159,8.6848,12134942,0.9538,11234250554.48,12934806073.5,15.537,
002191.SZ,劲嘉股份,2020-05-13,8.5864,8.6553,8.5667,8.5962,10428733,0.8197,11119745169.44,12802967733,15.3787,
002191.SZ,劲嘉股份,2020-05-14,8.5569,8.5962,8.4881,8.4881,9738783,0.7655,10979794143.28,12641831983.5,15.1851,
002191.SZ,劲嘉股份,2020-05-15,8.5176,8.5471,8.4684,8.5077,6754143,0.5309,11005239784.4,12671129392.5,15.2203,
002191.SZ,劲嘉股份,2020-05-18,8.5962,8.7438,8.5766,8.6749,11180389,0.8788,11221527733.92,12920157369,15.5194,
002191.SZ,劲嘉股份,2020-05-19,8.6553,8.7143,8.6061,8.6749,7465671,0.5868,11221527733.92,12920157369,15.5194,
002191.SZ,劲嘉股份,2020-05-20,8.6749,8.6749,8.5077,8.5176,6463447,0.508,11017962604.96,12685778097,15.2379,
002191.SZ,劲嘉股份,2020-05-21,8.5667,8.5962,8.4389,8.4487,6122120,0.4812,10928902861.04,12583237165.5,15.1147,
002191.SZ,劲嘉股份,2020-05-22,8.4487,8.5766,8.3602,8.4881,7623638,0.5992,10979794143.28,12641831983.5,15.1851,
002191.SZ,劲嘉股份,2020-05-25,8.4586,8.5274,8.2323,8.2913,8624004,0.6778,10725337732.08,12348857893.5,14.8332,
002191.SZ,劲嘉股份,2020-05-26,8.3504,8.429,8.3307,8.4094,6310944,0.496,10878011578.8,12524642347.5,15.0443,
002191.SZ,劲嘉股份,2020-05-27,8.4094,8.7438,8.3602,8.6159,13092628,1.0291,11145190810.56,12832265142,15.4139,
002191.SZ,劲嘉股份,2020-05-28,8.5766,8.6749,8.3897,8.5274,8517445,0.6695,11030685425.52,12700426801.5,15.2555,
002191.SZ,劲嘉股份,2020-05-29,8.4881,8.6061,8.4586,8.5569,6369008,0.5006,11068853887.2,12744372915,15.3083,
002191.SZ,劲嘉股份,2020-06-01,8.6061,8.7536,8.5766,8.7241,13559129,1.0657,11285141836.72,12993400891.5,15.6074,
002191.SZ,劲嘉股份,2020-06-02,8.8323,8.8323,8.7044,8.7339,10556693,0.8297,11297864657.28,13008049596,15.625,
002191.SZ,劲嘉股份,2020-06-03,8.7339,8.8126,8.6749,8.7143,10801140,0.849,11272419016.16,12978752187,15.5898,
002191.SZ,劲嘉股份,2020-06-04,8.7044,8.8028,8.6946,8.7635,8440462,0.6634,11336033118.96,13051995709.5,15.6778,
002191.SZ,劲嘉股份,2020-06-05,8.8028,8.9897,8.793,8.9012,15954472,1.254,11514152606.8,13257077572.5,15.9241,
002191.SZ,劲嘉股份,2020-06-08,8.9503,8.9995,8.8028,8.8323,8471625,0.6659,11425092862.88,13154536641,15.801,
002191.SZ,劲嘉股份,2020-06-09,8.8028,8.8913,8.7536,8.8323,8317052,0.6537,11425092862.88,13154536641,15.801,
002191.SZ,劲嘉股份,2020-06-10,8.8028,8.852,8.7635,8.7635,6089894,0.4787,11336033118.96,13051995709.5,15.6778,
002191.SZ,劲嘉股份,2020-06-11,8.7438,8.7536,8.5962,8.6356,9958422,0.7827,11170636451.68,12861562551,15.449,
002191.SZ,劲嘉股份,2020-06-12,8.4586,8.6356,8.4389,8.5569,8880892,0.698,11068853887.2,12744372915,15.3083,
002191.SZ,劲嘉股份,2020-06-15,8.6553,8.8421,8.6159,8.6159,10209637,0.8025,11145190810.56,12832265142,15.4139,
002191.SZ,劲嘉股份,2020-06-16,8.6356,8.7143,8.5962,8.6946,7027912,0.5524,11246973375.04,12949454778,15.5546,
002191.SZ,劲嘉股份,2020-06-17,8.6946,8.8323,8.6159,8.8028,13681449,1.0753,11386924401.2,13110590527.5,15.7482,
002191.SZ,劲嘉股份,2020-06-18,8.8028,8.9012,8.7536,8.852,11561579,0.9087,11450538504,13183834050,15.8362,
002191.SZ,劲嘉股份,2020-06-19,8.8913,9.0979,8.8225,9.0684,21936768,1.7242,11730440556.32,13506105549,16.2233,
002191.SZ,劲嘉股份,2020-06-22,9.0782,9.1962,8.9503,9.0192,16828058,1.3227,11666826453.52,13432862026.5,16.1353,
002191.SZ,劲嘉股份,2020-06-23,9.0192,9.0487,8.8618,8.97,11281120,0.8867,11603212350.72,13359618504,16.0473,
002191.SZ,劲嘉股份,2020-06-24,9.03,9.06,8.89,8.93,11614913,0.9129,11361478760.08,13081293118.5,15.713,
002191.SZ,劲嘉股份,2020-06-29,8.88,8.96,8.82,8.89,12397898,0.9745,11310587477.84,13022698300.5,15.6426,
002191.SZ,劲嘉股份,2020-06-30,8.93,8.95,8.86,8.91,13925964,1.0939,11342573780.67,13051995709.5,15.6778,
002191.SZ,劲嘉股份,2020-07-01,8.95,9.38,8.86,9.32,37047922,2.9102,11864510396.84,13652592594,16.3992,
002191.SZ,劲嘉股份,2020-07-02,9.3,9.58,9.21,9.49,40902192,3.213,12080923140.13,13901620570.5,16.6983,
002191.SZ,劲嘉股份,2020-07-03,9.55,10.44,9.31,10.21,82331568,6.4674,12997494758.77,14956327294.5,17.9652,
002191.SZ,劲嘉股份,2020-07-06,10.46,11.15,10.24,11.04,77913845,6.1204,14054098152.48,16172169768,19.4257,
002191.SZ,劲嘉股份,2020-07-07,11.52,12.14,11.52,12.14,94811324,7.4478,15454415903.18,17783527263,21.3612,
002191.SZ,劲嘉股份,2020-07-08,13.35,13.35,12.4,12.82,174988975,13.746,16320066876.34,18779639169,22.5577,
002191.SZ,劲嘉股份,2020-07-09,12.8,13.81,12.07,13.2,148987554,11.7035,16803813008.4,19336289940,23.2264,
002191.SZ,劲嘉股份,2020-07-10,13.5,13.53,11.88,12.08,147086399,11.5542,15378034934.96,17695635036,21.2556,
002191.SZ,劲嘉股份,2020-07-13,11.85,12.39,11.78,12.24,96762158,7.601,15581717516.88,17930014308,21.5372,
002191.SZ,劲嘉股份,2020-07-14,12.31,12.85,12,12.6,103194933,8.1063,16040003326.2,18457367670,22.1706,
002191.SZ,劲嘉股份,2020-07-15,12.96,12.97,11.38,11.67,90977559,7.1466,14856098318.79,17095038151.5,20.5342,
002191.SZ,劲嘉股份,2020-07-16,11.6,12.09,11.31,11.4,57427371,4.5111,14512383961.8,16699523130,20.0591,
002191.SZ,劲嘉股份,2020-07-17,11.61,11.91,11.47,11.49,40491910,3.1808,14626955414.13,16831361470.5,20.2175,
002191.SZ,劲嘉股份,2020-07-20,11.75,12.58,11.75,12.37,79933913,6.2791,15747209614.69,18120447466.5,21.7659,
002191.SZ,劲嘉股份,2020-07-21,12.21,12.46,11.95,12.26,51192432,4.0213,15607177839.62,17959311717,21.5724,
002191.SZ,劲嘉股份,2020-07-22,12.11,12.33,11.8,11.99,53075208,4.1692,15263463482.63,17563796695.5,21.0973,
002191.SZ,劲嘉股份,2020-07-23,11.84,12.2,11.58,12,49116334,3.8583,15276193644,17578445400,21.1149,
002191.SZ,劲嘉股份,2020-07-24,11.9,12.62,11.47,11.54,90723035,7.1266,14690606220.98,16904604993,20.3055,
002191.SZ,劲嘉股份,2020-07-27,11.8,12.18,11.16,11.37,51616364,4.0547,14474193477.69,16655577016.5,20.0063,
002191.SZ,劲嘉股份,2020-07-28,11.43,11.46,11.12,11.24,41296776,3.244,14308701379.88,16465143858,19.7776,
002191.SZ,劲嘉股份,2020-07-29,11.2,11.5,11.04,11.48,40046095,3.1458,14614225252.76,16816712766,20.1999,
002191.SZ,劲嘉股份,2020-07-30,11.4,11.8,11.18,11.59,63518360,4.9896,14754257027.83,16977848515.5,20.5332,
002191.SZ,劲嘉股份,2020-07-31,11.41,11.54,11.2,11.48,45897228,3.6054,14614225252.76,16816712766,20.3383,
002191.SZ,劲嘉股份,2020-08-03,11.54,12.02,11.51,11.92,52992779,4.1628,15174352353.04,17461255764,21.1179,
002191.SZ,劲嘉股份,2020-08-04,12.08,12.18,11.57,11.69,43057265,3.3823,14881558641.53,17124335560.5,20.7104,
002191.SZ,劲嘉股份,2020-08-05,11.56,11.97,11.43,11.93,37183257,2.9209,15187082514.41,17475904468.5,21.1356,
002191.SZ,劲嘉股份,2020-08-06,11.92,11.93,11.45,11.57,42824834,3.364,14728796705.09,16948551106.5,20.4978,
002191.SZ,劲嘉股份,2020-08-07,11.53,11.72,11.38,11.59,32393426,2.5446,14754257027.83,16977848515.5,20.5332,
002191.SZ,劲嘉股份,2020-08-10,11.57,11.59,11.32,11.5,27715220,2.1771,14639685575.5,16846010175,20.3738,
002191.SZ,劲嘉股份,2020-08-11,11.5,11.5,10.9,11,32505427,2.5534,14003177507,16113574950,19.488,
002191.SZ,劲嘉股份,2020-08-12,11,11.04,10.49,10.74,31558103,2.479,13672193311.38,15732708633,19.0273,
002191.SZ,劲嘉股份,2020-08-13,10.76,10.98,10.67,10.89,16826243,1.3218,13863145731.93,15952439200.5,19.2931,
002191.SZ,劲嘉股份,2020-08-14,10.87,10.97,10.71,10.91,15198822,1.1939,13888606054.67,15981736609.5,19.3285,
002191.SZ,劲嘉股份,2020-08-17,10.91,11.27,10.83,11.22,25071939,1.9695,14283241057.14,16435846449,19.8777,
002191.SZ,劲嘉股份,2020-08-18,11.16,11.18,10.93,11,25155808,1.9761,14003177507,16113574950,19.488,
002191.SZ,劲嘉股份,2020-08-19,11.03,11.14,10.7,10.79,24092020,1.8925,13735844118.23,15805952155.5,19.1159,
002191.SZ,劲嘉股份,2020-08-20,10.7,10.85,10.56,10.71,19340619,1.5193,13634002827.27,15688762519.5,18.9742,
002191.SZ,劲嘉股份,2020-08-21,10.73,10.89,10.69,10.78,19173239,1.5061,13723113956.86,15791303451,19.0982,
002191.SZ,劲嘉股份,2020-08-24,10.81,10.86,10.61,10.72,20506800,1.6109,13646732988.64,15703411224,18.9812,
002191.SZ,劲嘉股份,2020-08-25,10.77,10.93,10.61,10.67,20919992,1.6433,13583082181.79,15630167701.5,18.8926,
002191.SZ,劲嘉股份,2020-08-26,10.61,10.68,10.31,10.42,21602626,1.697,13264828147.54,15263950089,18.45,
002191.SZ,劲嘉股份,2020-08-27,10.42,10.59,10.28,10.53,14876704,1.1686,13404859922.61,15425085838.5,18.6448,
002191.SZ,劲嘉股份,2020-08-28,10.5,10.63,10.39,10.59,15352665,1.206,13481240890.83,15512978065.5,18.751,
002191.SZ,劲嘉股份,2020-08-31,10.65,10.75,10.53,10.53,16325958,1.2825,13404859922.61,15425085838.5,18.6448,
002191.SZ,劲嘉股份,2020-09-01,10.56,10.62,10.3,10.39,16472187,1.2939,13226637663.43,15220003975.5,18.3969,
002191.SZ,劲嘉股份,2020-09-02,10.39,10.49,10.18,10.31,17102955,1.3435,13124796372.47,15102814339.5,18.2552,
002191.SZ,劲嘉股份,2020-09-03,10.23,10.44,10.23,10.26,13041875,1.0245,13061145565.62,15029570817,18.1667,
002191.SZ,劲嘉股份,2020-09-04,10.15,10.15,9.94,10.09,19509696,1.5326,12844732822.33,14780542840.5,17.8657,
002191.SZ,劲嘉股份,2020-09-07,10,10.23,9.8,9.8,23189476,1.8216,12475558142.6,14355730410,17.3522,
002191.SZ,劲嘉股份,2020-09-08,9.81,9.95,9.74,9.92,14385221,1.13,12628320079.04,14531514864,17.5647,
002191.SZ,劲嘉股份,2020-09-09,9.81,9.9,9.54,9.6,24885798,1.9549,12220954915.2,14062756320,16.9981,
002191.SZ,劲嘉股份,2020-09-10,9.68,9.72,9.3,9.35,19463183,1.5289,11902700880.95,13696538707.5,16.5554,
002191.SZ,劲嘉股份,2020-09-11,9.36,9.83,9.36,9.65,23951901,1.8815,12284605722.05,14135999842.5,17.0866,
002191.SZ,劲嘉股份,2020-09-14,9.65,9.7,9.46,9.58,15025191,1.1803,12195494592.46,14033458911,16.9627,
002191.SZ,劲嘉股份,2020-09-15,9.61,10.12,9.51,10.02,34147383,2.6824,12755621692.74,14678001909,17.7417,
002191.SZ,劲嘉股份,2020-09-16,9.95,10.08,9.73,9.85,22957612,1.8034,12539208949.45,14428973932.5,17.4407,
002191.SZ,劲嘉股份,2020-09-17,9.8,9.86,9.55,9.64,23290496,1.8296,12271875560.68,14121351138,17.0689,
002191.SZ,劲嘉股份,2020-09-18,9.63,9.97,9.58,9.94,28015543,2.2007,12653780401.78,14560812273,17.6001,
002191.SZ,劲嘉股份,2020-09-21,9.92,10.01,9.64,9.68,21913689,1.7214,12322796206.16,14179945956,17.1397,
002191.SZ,劲嘉股份,2020-09-22,9.57,9.73,9.45,9.52,19944909,1.5667,12119113624.24,13945566684,16.8564,
002191.SZ,劲嘉股份,2020-09-23,9.56,9.64,9.3,9.38,16738686,1.3149,11940891365.06,13740484821,16.6085,
002191.SZ,劲嘉股份,2020-09-24,9.35,9.42,9,9.08,25199071,1.9795,11558986523.96,13301023686,16.0773,
002191.SZ,劲嘉股份,2020-09-25,9.14,9.23,8.96,9.16,21462842,1.686,11660827814.92,13418213322,16.219,
002191.SZ,劲嘉股份,2020-09-28,9.2,9.26,9.03,9.08,9501879,0.7464,11558986523.96,13301023686,16.0773,
002191.SZ,劲嘉股份,2020-09-29,9.14,9.21,9.08,9.15,8985387,0.7058,11648097653.55,13403564617.5,16.2013,
002191.SZ,劲嘉股份,2020-09-30,9.15,9.18,8.98,9.03,12486720,0.9809,11495335717.11,13227780163.5,15.9888,
002191.SZ,劲嘉股份,2020-10-09,9.2,9.29,9.12,9.22,14454874,1.1355,11737208783.14,13506105549,16.3252,
002191.SZ,劲嘉股份,2020-10-12,9.26,9.49,9.25,9.44,23805557,1.87,12017272333.28,13828377048,16.7148,
002191.SZ,劲嘉股份,2020-10-13,9.44,9.44,9.28,9.35,16050331,1.2608,11902700880.95,13696538707.5,16.5554,
002191.SZ,劲嘉股份,2020-10-14,9.34,9.35,9.13,9.16,15276934,1.2001,11660827814.92,13418213322,16.219,
002191.SZ,劲嘉股份,2020-10-15,9.25,9.25,9.09,9.1,11279100,0.886,11584446846.7,13330321095,16.1127,
002191.SZ,劲嘉股份,2020-10-16,9.15,9.15,9.01,9.05,11313100,0.8887,11520796039.85,13257077572.5,16.0242,
002191.SZ,劲嘉股份,2020-10-19,9.07,9.24,9.04,9.08,17784025,1.397,11558986523.96,13301023686,16.0773,
002191.SZ,劲嘉股份,2020-10-20,9.05,9.12,8.97,9.11,11839076,0.93,11597177008.07,13344969799.5,16.1305,
002191.SZ,劲嘉股份,2020-10-21,9.11,9.13,8.98,9.01,11094092,0.8715,11469875394.37,13198482754.5,15.9534,
002191.SZ,劲嘉股份,2020-10-22,9.02,9.03,8.92,8.99,10926030,0.8583,11444415071.63,13169185345.5,15.918,
002191.SZ,劲嘉股份,2020-10-23,8.96,9.1,8.96,9.03,9854703,0.7741,11495335717.11,13227780163.5,15.9888,
002191.SZ,劲嘉股份,2020-10-26,9.05,9.32,9.04,9.28,21604781,1.6971,11813589751.36,13593997776,15.708,
002191.SZ,劲嘉股份,2020-10-27,9.24,9.24,9.03,9.11,18541040,1.4565,11597177008.07,13344969799.5,15.4202,
002191.SZ,劲嘉股份,2020-10-28,9.17,9.22,9.05,9.18,14204564,1.1158,11686288137.66,13447510731,15.5387,
002191.SZ,劲嘉股份,2020-10-29,9.15,9.16,9.07,9.14,14470064,1.1367,11635367492.18,13388915913,15.471,
002191.SZ,劲嘉股份,2020-10-30,9.11,9.11,8.95,8.97,19074879,1.4984,11418997302.57,13139887936.5,15.1833,
002191.SZ,劲嘉股份,2020-11-02,8.95,9.11,8.91,9.04,14661060,1.1517,11508108764.24,13242428868,15.3017,
002191.SZ,劲嘉股份,2020-11-03,9.03,9.4,9.03,9.34,23624170,1.6161,13653287308.42,13681890003,15.8095,
002191.SZ,劲嘉股份,2020-11-04,9.34,9.55,9.2,9.52,25530348,1.7465,13916412759.76,13945566684,16.1142,
002191.SZ,劲嘉股份,2020-11-05,9.6,9.62,9.43,9.55,19895332,1.361,13960267001.65,13989512797.5,16.165,
002191.SZ,劲嘉股份,2020-11-06,9.54,9.56,9.4,9.53,14549284,0.9953,13931030840.39,13960215388.5,16.1312,
002191.SZ,劲嘉股份,2020-11-09,9.53,9.73,9.53,9.64,20592686,1.4087,14091829727.32,14121351138,16.3173,
002191.SZ,劲嘉股份,2020-11-10,9.65,9.67,9.42,9.48,15500449,1.0604,13857940437.24,13886971866,16.0465,
002191.SZ,劲嘉股份,2020-11-11,9.47,9.62,9.44,9.5,11157906,0.7633,13887176598.5,13916269275,16.0804,
002191.SZ,劲嘉股份,2020-11-12,9.48,9.67,9.46,9.57,14500368,0.9919,13989503162.91,14018810206.5,16.1989,
002191.SZ,劲嘉股份,2020-11-13,9.6,9.62,9.44,9.61,12072686,0.8259,14047975485.43,14077405024.5,16.2666,
002191.SZ,劲嘉股份,2020-11-16,9.63,9.8,9.56,9.79,20945128,1.4328,14311100936.77,14341081705.5,16.5712,
002191.SZ,劲嘉股份,2020-11-17,9.8,10.05,9.7,10.03,29440065,2.0139,14661934871.89,14692650613.5,16.9775,
002191.SZ,劲嘉股份,2020-11-18,10.03,10.51,9.9,10.32,42128264,2.8819,15085859210.16,15117463044,17.4684,
002191.SZ,劲嘉股份,2020-11-19,10.22,10.44,10.18,10.2,20491984,1.4018,14910442242.6,14941678590,17.2652,
002191.SZ,劲嘉股份,2020-11-20,10.22,10.37,10.17,10.24,15309229,1.0473,14968914565.12,15000273408,17.3329,
002191.SZ,劲嘉股份,2020-11-23,10.22,10.35,9.99,10.3,29072732,1.9888,15056623048.9,15088165635,17.4345,
002191.SZ,劲嘉股份,2020-11-24,10.29,10.51,10.28,10.34,21814387,1.4923,15115095371.42,15146760453,17.5022,
002191.SZ,劲嘉股份,2020-11-25,10.45,10.45,10.1,10.15,21006033,1.437,14837351839.45,14868435067.5,17.1806,
002191.SZ,劲嘉股份,2020-11-26,10.13,10.34,10.1,10.22,16132372,1.1036,14939678403.86,14970975999,17.2991,
002191.SZ,劲嘉股份,2020-11-27,10.18,10.32,9.92,10.05,18823701,1.2877,14691171033.15,14721948022.5,17.0113,
002191.SZ,劲嘉股份,2020-11-30,10.01,10.35,9.93,10.09,19530877,1.3361,14749643355.67,14780542840.5,17.079,
002191.SZ,劲嘉股份,2020-12-01,10.09,10.4,10.05,10.37,26344916,1.8022,15158949613.31,15190706566.5,17.553,
002191.SZ,劲嘉股份,2020-12-02,10.34,10.4,10.22,10.35,16873505,1.1543,15129713452.05,15161409157.5,17.5191,
002191.SZ,劲嘉股份,2020-12-03,10.31,10.31,10.1,10.21,17123725,1.1714,14925060323.23,14956327294.5,17.2822,
002191.SZ,劲嘉股份,2020-12-04,10.22,10.78,10.14,10.61,34898167,2.3873,15509783548.43,15542275474.5,17.9592,
002191.SZ,劲嘉股份,2020-12-07,10.54,10.65,10.41,10.56,24525500,1.6778,15436693145.28,15469031952,17.8746,
002191.SZ,劲嘉股份,2020-12-08,10.58,10.87,10.51,10.65,30645096,2.0964,15568255870.95,15600870292.5,18.0269,
002191.SZ,劲嘉股份,2020-12-09,10.66,10.72,10.13,10.14,27451406,1.8779,14822733758.82,14853786363,17.1637,
002191.SZ,劲嘉股份,2020-12-10,10.18,10.33,9.96,9.98,22088745,1.5111,14588844468.74,14619407091,16.8929,
002191.SZ,劲嘉股份,2020-12-11,10,10.21,9.86,9.98,20509688,1.403,14588844468.74,14619407091,16.8929,
002191.SZ,劲嘉股份,2020-12-14,9.85,9.91,8.98,9.74,33951447,2.3226,14238010533.62,14267838183,16.4866,
002191.SZ,劲嘉股份,2020-12-15,9.79,10.22,9.75,9.96,24515519,1.6771,14559608307.48,14590109682,16.859,
002191.SZ,劲嘉股份,2020-12-16,9.94,10.1,9.73,9.88,15981785,1.0933,14442663662.44,14472920046,16.7236,
002191.SZ,劲嘉股份,2020-12-17,9.83,10.08,9.77,10,14777035,1.0109,14618080630,14648704500,16.9267,
002191.SZ,劲嘉股份,2020-12-18,10.02,10.15,9.82,9.89,11729966,0.8024,14457281743.07,14487568750.5,16.7405,
002191.SZ,劲嘉股份,2020-12-21,9.95,9.95,9.54,9.69,26155631,1.7893,14164920130.47,14194594660.5,16.402,
002191.SZ,劲嘉股份,2020-12-22,9.61,9.75,9.39,9.4,17746142,1.214,13740995792.2,13769782230,15.9111,
002191.SZ,劲嘉股份,2020-12-23,9.42,9.52,9.33,9.39,11261525,0.7704,13726377711.57,13755133525.5,15.8942,
002191.SZ,劲嘉股份,2020-12-24,9.35,9.39,9.07,9.26,14142452,0.9675,13536342663.38,13564700367,15.6741,
002191.SZ,劲嘉股份,2020-12-25,9.26,9.65,9.23,9.5,18163136,1.2425,13887176598.5,13916269275,16.0804,
002191.SZ,劲嘉股份,2020-12-28,9.53,9.57,9.26,9.34,13997764,0.9576,13653287308.42,13681890003,15.8095,
002191.SZ,劲嘉股份,2020-12-29,9.36,9.47,9.2,9.29,10758579,0.736,13580196905.27,13608646480.5,15.7249,
002191.SZ,劲嘉股份,2020-12-30,9.21,9.4,9.11,9.14,19509644,1.3346,13360925695.82,13388915913,15.471,
002191.SZ,劲嘉股份,2020-12-31,9.15,9.35,9.12,9.23,11924153,0.8157,13492488421.49,13520754253.5,15.6233,
002191.SZ,劲嘉股份,2021-01-04,9.18,9.7,9.14,9.61,27090874,1.8532,14047975485.43,14077405024.5,16.2666,
002191.SZ,劲嘉股份,2021-01-05,9.5,9.66,9.41,9.51,14254214,0.9751,13901794679.13,13930917979.5,16.0973,
002191.SZ,劲嘉股份,2021-01-06,9.6,9.65,9.38,9.43,15005893,1.0265,13784850034.09,13813728343.5,15.9619,
002191.SZ,劲嘉股份,2021-01-07,9.49,9.55,9.11,9.23,18628071,1.2743,13492488421.49,13520754253.5,15.6233,
002191.SZ,劲嘉股份,2021-01-08,9.3,9.4,9.11,9.24,16112218,1.1022,13507106502.12,13535402958,15.6403,
002191.SZ,劲嘉股份,2021-01-11,9.19,9.33,9.07,9.25,21094743,1.4431,13521724582.75,13550051662.5,15.6572,
002191.SZ,劲嘉股份,2021-01-12,9.2,9.4,9.01,9.09,29696582,2.0315,13287835292.67,13315672390.5,15.3864,
002191.SZ,劲嘉股份,2021-01-13,9.09,9.27,8.93,9.12,21014889,1.4376,13331689534.56,13359618504,15.4372,
002191.SZ,劲嘉股份,2021-01-14,9.15,9.85,9.05,9.58,37657779,2.5761,14004121243.54,14033458911,16.2158,
002191.SZ,劲嘉股份,2021-01-15,9.57,10.03,9.5,9.8,33382659,2.2837,14325719017.4,14355730410,16.5882,
002191.SZ,劲嘉股份,2021-01-18,9.92,10.1,9.7,9.81,33379504,2.2834,14340337098.03,14370379114.5,16.6051,
002191.SZ,劲嘉股份,2021-01-19,10.05,10.79,9.97,10.79,40244612,2.7531,15772908999.77,15805952155.5,18.2639,
002191.SZ,劲嘉股份,2021-01-20,10.6,10.6,9.71,9.96,74246496,5.0791,14559608307.48,14590109682,16.859,
002191.SZ,劲嘉股份,2021-01-21,10,10.95,9.96,10.6,71796053,4.9115,15495165467.8,15527626770,17.9423,
002191.SZ,劲嘉股份,2021-01-22,10.37,11.28,10.31,10.67,66805211,4.57,15597492032.21,15630167701.5,18.0608,
002191.SZ,劲嘉股份,2021-01-25,10.87,10.97,10.51,10.71,55270081,3.7809,15655964354.73,15688762519.5,18.1285,
002191.SZ,劲嘉股份,2021-01-26,10.38,10.49,10.11,10.14,34353410,2.3501,14822733758.82,14853786363,17.1637,
002191.SZ,劲嘉股份,2021-01-27,10.05,10.33,10,10.11,24355849,1.6661,14778879516.93,14809840249.5,17.1129,
002191.SZ,劲嘉股份,2021-01-28,9.92,10.32,9.92,10.15,27945336,1.9117,14837351839.45,14868435067.5,17.1806,
002191.SZ,劲嘉股份,2021-01-29,10.12,10.16,9.55,9.72,28874170,1.9752,14208774372.36,14238540774,16.4528,
002191.SZ,劲嘉股份,2021-02-01,9.72,10.06,9.62,9.85,19996090,1.3679,14398809420.55,14428973932.5,16.6728,
002191.SZ,劲嘉股份,2021-02-02,9.9,10.84,9.77,10.84,72214456,4.9401,15845999402.92,15879195678,18.3485,
002191.SZ,劲嘉股份,2021-02-03,11.04,11.55,10.84,11.21,92804661,6.3486,16386868386.23,16421197744.5,18.9748,
002191.SZ,劲嘉股份,2021-02-04,11.3,11.72,11.1,11.21,75907374,5.1927,16386868386.23,16421197744.5,18.9748,
002191.SZ,劲嘉股份,2021-02-05,11.31,11.4,10.49,10.6,61466664,4.2048,15495165467.8,15527626770,17.9423,
002191.SZ,劲嘉股份,2021-02-08,10.74,10.85,10.3,10.38,43380172,2.9676,15173567693.94,15205355271,17.5699,
002191.SZ,劲嘉股份,2021-02-09,10.43,11.25,10.39,10.79,53094638,3.6321,15772908999.77,15805952155.5,18.2639,
002191.SZ,劲嘉股份,2021-02-10,10.76,10.94,10.43,10.46,43558303,2.9798,15290512338.98,15322544907,17.7053,
002191.SZ,劲嘉股份,2021-02-18,10.66,11.15,10.66,10.93,48582017,3.3234,15977562128.59,16011034018.5,18.5009,
002191.SZ,劲嘉股份,2021-02-19,10.99,11.36,10.85,11.16,48227666,3.2992,16313777983.08,16347954222,18.8902,
002191.SZ,劲嘉股份,2021-02-22,11.15,11.46,10.89,10.97,55419983,3.7912,16036034451.11,16069628836.5,18.5686,
002191.SZ,劲嘉股份,2021-02-23,10.85,11.05,10.69,10.74,37991724,2.599,15699818596.62,15732708633,18.1793,
002191.SZ,劲嘉股份,2021-02-24,10.78,11,10.64,10.75,38788202,2.6534,15714436677.25,15747357337.5,18.1962,
002191.SZ,劲嘉股份,2021-02-25,10.73,10.78,10.2,10.36,37833276,2.5881,15144331532.68,15176057862,17.5361,
002191.SZ,劲嘉股份,2021-02-26,10.1,10.35,10.08,10.22,21870098,1.4961,14939678403.86,14970975999,17.2991,
002191.SZ,劲嘉股份,2021-03-01,10.31,10.52,10.1,10.47,32687330,2.2361,15305130419.61,15337193611.5,18.513,
002191.SZ,劲嘉股份,2021-03-02,10.5,10.75,10.37,10.6,29054234,1.9876,15495165467.8,15527626770,18.7428,
002191.SZ,劲嘉股份,2021-03-03,10.51,10.59,10.36,10.58,24307719,1.6629,15465929306.54,15498329361,18.7075,
002191.SZ,劲嘉股份,2021-03-04,10.5,10.55,10.19,10.25,24978815,1.7088,14983532645.75,15014922112.5,18.124,
002191.SZ,劲嘉股份,2021-03-05,10.22,10.45,10.19,10.36,27974237,1.9137,15144331532.68,15176057862,18.3185,
002191.SZ,劲嘉股份,2021-03-08,10.41,10.49,10.12,10.12,23621993,1.6159,14793497597.56,14824488954,17.8941,
002191.SZ,劲嘉股份,2021-03-09,10.12,10.16,9.61,9.8,30200044,2.0659,14325719017.4,14355730410,17.3283,
002191.SZ,劲嘉股份,2021-03-10,9.98,9.98,9.59,9.67,16787389,1.1484,14135683969.21,14165297251.5,17.0984,
002191.SZ,劲嘉股份,2021-03-11,9.72,9.92,9.67,9.87,16753719,1.1461,14428045581.81,14458271341.5,17.4521,
002191.SZ,劲嘉股份,2021-03-12,9.89,10.04,9.75,9.95,16369171,1.1198,14544990226.85,14575460977.5,17.5935,
