代码,简称,日期,开盘价(元),最高价(元),最低价(元),收盘价(元),成交量(股),换手率(%),A股流通市值(元),总市值(元),市盈率,
002114.SZ,罗平锌电,2007-02-15,14.8385,17.0918,14.7286,17.0038,14987928,73.1832,633651200,3160211600,86.001,
002114.SZ,罗平锌电,2007-02-16,16.4872,18.702,16.2674,18.702,7720930,37.6999,696934400,3475824200,94.59,
002114.SZ,罗平锌电,2007-02-26,19.0702,20.5706,18.9603,20.5706,4884488,23.85,766566400,3823100200,104.0406,
002114.SZ,罗平锌电,2007-02-27,21.3675,22.626,18.6855,19.7297,7333767,35.8094,735232000,3666826000,99.7878,
002114.SZ,罗平锌电,2007-02-28,20.4442,21.7027,20.3617,21.7027,4170742,20.365,808755200,4033508600,109.7666,
002114.SZ,罗平锌电,2007-03-01,23.1371,23.6207,21.1641,21.9775,5112543,24.9636,818995200,4084578600,111.1564,
002114.SZ,罗平锌电,2007-03-02,21.5433,21.928,20.4442,21.1586,2724021,13.3009,788480000,3932390000,107.0148,
002114.SZ,罗平锌电,2007-03-05,20.3343,21.0212,19.5978,20.3343,2317238,11.3146,757760000,3779180000,102.8454,
002114.SZ,罗平锌电,2007-03-06,19.7847,20.9937,19.7847,20.4167,1341503,6.5503,760832000,3794501000,103.2623,
002114.SZ,罗平锌电,2007-03-07,20.4332,21.1311,20.3343,20.9937,1165069,5.6888,782336000,3901748000,106.1809,
002114.SZ,罗平锌电,2007-03-08,20.9168,22.0929,20.708,21.8071,1775926,8.6715,812646400,4052915200,110.2947,
002114.SZ,罗平锌电,2007-03-09,22.3072,22.5325,21.1641,21.2136,2131497,10.4077,790528000,3942604000,107.2928,
002114.SZ,罗平锌电,2007-03-12,21.2136,21.4169,20.3068,20.719,1449575,7.078,772096000,3850678000,104.7911,
002114.SZ,罗平锌电,2007-03-13,20.7135,20.9278,20.3233,20.8179,1016072,4.9613,775782400,3869063200,105.2915,
002114.SZ,罗平锌电,2007-03-14,20.5816,20.5816,20.0045,20.2793,1172682,5.726,755712000,3768966000,102.5674,
002114.SZ,罗平锌电,2007-03-15,20.1364,20.4826,20.1364,20.3288,1035259,5.055,757555200,3778158600,102.8176,
002114.SZ,罗平锌电,2007-03-16,20.4991,21.0487,20.0595,20.719,1257820,6.1417,772096000,3850678000,104.7911,
002114.SZ,罗平锌电,2007-03-19,20.0595,20.7684,19.9935,20.6145,894604,4.3682,768204800,3831271400,104.263,
002114.SZ,罗平锌电,2007-03-20,20.4112,20.598,20.2353,20.4826,761029,3.716,763289600,3806757800,103.5959,
002114.SZ,罗平锌电,2007-03-21,20.4936,20.5376,20.0595,20.3343,980471,4.7875,757760000,3779180000,102.8454,
002114.SZ,罗平锌电,2007-03-22,20.3343,20.7135,20.1694,20.4387,1136688,5.5502,761651200,3798586600,103.3735,
002114.SZ,罗平锌电,2007-03-23,20.4497,22.2578,20.2848,21.8126,2881398,14.0693,812851200,4053936600,110.3225,
002114.SZ,罗平锌电,2007-03-26,21.7082,21.7082,20.9278,21.2301,1675024,8.1788,791142400,3945668200,107.3762,
002114.SZ,罗平锌电,2007-03-27,21.2685,21.6532,21.0542,21.3784,1385066,6.763,796672000,3973246000,108.1266,
002114.SZ,罗平锌电,2007-03-28,21.263,21.5268,20.2793,20.8014,1662547,8.1179,775168000,3865999000,105.2081,
002114.SZ,罗平锌电,2007-03-29,20.7409,21.5433,20.3782,20.8454,1266244,6.1828,776806400,3874170200,105.4304,
002114.SZ,罗平锌电,2007-03-30,20.6255,21.3455,20.5541,20.9992,1066471,5.2074,782540800,3902769400,106.2087,
002114.SZ,罗平锌电,2007-04-02,20.8893,21.4224,20.8289,21.1586,975293,4.7622,788480000,3932390000,107.0148,
002114.SZ,罗平锌电,2007-04-03,21.1586,21.3015,20.7739,21.2136,1380427,6.7404,790528000,3942604000,107.2928,
002114.SZ,罗平锌电,2007-04-04,21.2905,21.928,21.0927,21.928,2110063,10.303,817152000,4075386000,110.9063,
002114.SZ,罗平锌电,2007-04-05,21.9225,23.0162,21.7686,22.1863,2331252,11.3831,826777600,4123391800,112.2127,
002114.SZ,罗平锌电,2007-04-06,21.8181,23.192,21.8071,22.9887,2351579,11.4823,856678400,4272516200,116.2709,
002114.SZ,罗平锌电,2007-04-09,23.1591,23.8955,22.6315,22.9722,2034960,9.9363,856064000,4269452000,116.1875,
002114.SZ,罗平锌电,2007-04-10,23.0052,25.2694,22.5325,25.2694,3289689,16.0629,941670400,4696397200,127.8063,
002114.SZ,罗平锌电,2007-04-11,25.8959,27.3688,25.2804,26.2971,3869509,18.8941,979968000,4887399000,133.0041,
002114.SZ,罗平锌电,2007-04-12,26.2971,27.5062,26.0828,26.9182,2424345,11.8376,1003110400,5002817200,136.1451,
002114.SZ,罗平锌电,2007-04-13,26.9182,27.072,25.2749,25.2804,2555249,12.4768,942080000,4698440000,127.8618,
002114.SZ,罗平锌电,2007-04-16,25.0606,25.8795,24.7363,25.6871,1293626,6.3165,957235200,4774023600,129.9187,
002114.SZ,罗平锌电,2007-04-17,25.7805,27.1765,25.5607,26.0333,1790941,8.7448,970137600,4838371800,56.2363,
002114.SZ,罗平锌电,2007-04-18,26.0168,26.3246,25.4673,25.819,1599810,7.8116,962150400,4798537200,55.7733,
002114.SZ,罗平锌电,2007-04-19,25.7201,25.8025,23.236,23.6317,2102126,10.2643,880640000,4392020000,51.0483,
002114.SZ,罗平锌电,2007-04-20,23.7471,24.4561,23.7471,24.3077,1237523,6.0426,905830400,4517652200,52.5085,
002114.SZ,罗平锌电,2007-04-23,24.3077,24.9946,23.9065,24.8133,1348608,6.585,924672000,4611621000,53.6007,
002114.SZ,罗平锌电,2007-04-24,24.8408,25.9399,24.3626,25.0331,1327688,6.4829,932864000,4652477000,54.0756,
002114.SZ,罗平锌电,2007-04-25,24.7308,24.7308,23.8515,24.1593,1012295,4.9428,900300800,4490074400,52.188,
002114.SZ,罗平锌电,2007-04-26,24.2362,24.5989,24.0604,24.5935,857243,4.1858,916480000,4570765000,53.1259,
002114.SZ,罗平锌电,2007-04-27,24.6649,24.9452,24.1813,24.2747,948955,4.6336,904601600,4511523800,52.4373,
002114.SZ,罗平锌电,2007-04-30,21.8456,22.8073,21.8456,21.8456,1811746,8.8464,814080000,4060065000,50.3593,
002114.SZ,罗平锌电,2007-05-08,21.4389,21.8401,19.8946,21.329,3129843,15.2824,794828800,3964053400,49.1684,
002114.SZ,罗平锌电,2007-05-09,21.1037,21.1037,20.065,20.5816,2325274,11.3539,766976000,3825143000,47.4454,
002114.SZ,罗平锌电,2007-05-10,20.609,21.7467,20.609,21.4609,2086976,10.1903,799744000,3988567000,49.4725,
002114.SZ,罗平锌电,2007-05-11,21.318,21.318,20.664,20.8289,1137898,5.5561,776192000,3871106000,48.0155,
002114.SZ,罗平锌电,2007-05-14,20.3288,20.8289,20.2518,20.4277,1525824,7.4503,761241600,3796543800,47.0907,
002114.SZ,罗平锌电,2007-05-15,19.7847,20.6585,19.7847,20.1144,3191549,12.467,936960000,3738324000,46.3686,
002114.SZ,罗平锌电,2007-05-16,19.9495,20.5816,19.8726,20.5486,1881242,7.3486,957184000,3819014600,47.3694,
002114.SZ,罗平锌电,2007-05-17,20.5486,21.0762,20.3343,20.7354,1958212,7.6493,965888000,3853742200,47.8002,
002114.SZ,罗平锌电,2007-05-18,20.7354,20.7354,20.7354,20.7354,--,--,965888000,3853742200,47.8002,
002114.SZ,罗平锌电,2007-05-21,20.1144,21.0047,20.0485,20.7519,1787595,6.9828,966656000,3856806400,47.8382,
002114.SZ,罗平锌电,2007-05-22,20.7464,21.2026,20.653,21.1311,2817187,11.0046,984320000,3927283000,48.7123,
002114.SZ,罗平锌电,2007-05-23,21.1861,21.2685,20.8618,21.2136,1784315,6.97,988160000,3942604000,48.9024,
002114.SZ,罗平锌电,2007-05-24,21.2575,21.3015,20.2243,20.5431,2141323,8.3645,956928000,3817993200,47.3568,
002114.SZ,罗平锌电,2007-05-25,20.4661,20.9937,20.3343,20.7574,1737421,6.7868,966912000,3857827800,47.8508,
002114.SZ,罗平锌电,2007-05-28,20.9113,21.7522,20.675,21.5103,2772966,10.8319,1001984000,3997759600,49.5865,
002114.SZ,罗平锌电,2007-05-29,21.3784,21.9555,21.3125,21.6752,2771832,10.8275,1009664000,4028401600,49.9666,
002114.SZ,罗平锌电,2007-05-30,20.598,21.1311,19.5099,19.7352,3212208,12.5477,919296000,3667847400,45.4944,
002114.SZ,罗平锌电,2007-05-31,19.6803,20.0595,18.1524,19.5374,1981584,7.7406,910080000,3631077000,45.0383,
002114.SZ,罗平锌电,2007-06-01,19.5099,20.8838,19.4055,20.01,2315906,9.0465,932096000,3718917400,46.1279,
002114.SZ,罗平锌电,2007-06-04,19.7902,20.3233,18.0096,18.0096,1706955,6.6678,838912000,3347127800,41.5163,
002114.SZ,罗平锌电,2007-06-05,17.6413,18.5756,16.2069,17.9161,1967045,7.6838,834560000,3329764000,41.301,
002114.SZ,罗平锌电,2007-06-06,18.4052,18.6306,17.3116,18.4657,1450334,5.6654,860160000,3431904000,42.5679,
002114.SZ,罗平锌电,2007-06-07,18.3008,18.9493,18.1854,18.8614,1493841,5.8353,878592000,3505444800,43.48,
002114.SZ,罗平锌电,2007-06-08,18.8669,19.7737,18.6855,19.5648,2018880,7.8863,911360000,3636184000,45.1017,
002114.SZ,罗平锌电,2007-06-11,19.5648,20.3892,19.334,19.8396,1747933,6.8279,924160000,3687254000,45.7351,
002114.SZ,罗平锌电,2007-06-12,19.8341,20.2793,18.9988,20.1694,2045222,7.9891,939520000,3748538000,46.4953,
002114.SZ,罗平锌电,2007-06-13,20.3892,20.8893,20.0595,20.4222,2292601,8.9555,951296000,3795522400,47.078,
002114.SZ,罗平锌电,2007-06-14,20.4222,21.1476,19.9001,20.5596,2249265,8.7862,957696000,3821057400,47.3948,
002114.SZ,罗平锌电,2007-06-15,20.3343,22.604,20.1199,22.1424,3751171,14.653,1031424000,4115220600,51.0434,
002114.SZ,罗平锌电,2007-06-18,22.2303,23.912,22.2303,22.4831,3128473,12.2206,1047296000,4178547400,51.8289,
002114.SZ,罗平锌电,2007-06-19,22.4226,23.0162,22.0379,22.1533,1883977,7.3593,1031936000,4117263400,51.0688,
002114.SZ,罗平锌电,2007-06-20,21.9885,22.3622,20.7244,20.9992,2235674,8.7331,978176000,3902769400,48.4083,
002114.SZ,罗平锌电,2007-06-21,20.8563,21.5103,20.664,21.2136,1277806,4.9914,988160000,3942604000,48.9024,
002114.SZ,罗平锌电,2007-06-22,21.4224,21.4279,19.7297,19.9825,1343863,5.2495,930816000,3713810400,46.0645,
002114.SZ,罗平锌电,2007-06-25,19.9825,19.9825,19.9825,19.9825,--,--,930816000,3713810400,46.0645,
002114.SZ,罗平锌电,2007-06-26,18.7954,19.7737,18.026,19.1527,1273347,4.974,892160000,3559579000,44.1515,
002114.SZ,罗平锌电,2007-06-27,19.1472,19.5099,18.9054,19.3175,1072106,4.1879,899840000,3590221000,44.5316,
002114.SZ,罗平锌电,2007-06-28,19.4604,19.4989,17.8612,17.8777,1019810,3.9836,832768000,3322614200,41.2123,
002114.SZ,罗平锌电,2007-06-29,17.3665,18.136,16.5037,17.3061,1386083,5.4144,806144000,3216388600,39.8947,
002114.SZ,罗平锌电,2007-07-02,17.1357,17.7787,17.0368,17.6688,671075,2.6214,823040000,3283801000,40.7309,
002114.SZ,罗平锌电,2007-07-03,17.8062,18.9273,17.6523,18.8834,1170378,4.5718,879616000,3509530400,43.5307,
002114.SZ,罗平锌电,2007-07-04,18.8834,18.9163,17.5864,17.8447,763402,2.982,831232000,3316485800,41.1363,
002114.SZ,罗平锌电,2007-07-05,17.5864,17.5864,16.7675,16.9654,649804,2.5383,790272000,3153061800,39.1092,
002114.SZ,罗平锌电,2007-07-06,16.751,17.8062,16.5312,17.7513,835260,3.2627,826880000,3299122000,40.9209,
002114.SZ,罗平锌电,2007-07-09,17.7732,18.3283,17.5809,18.092,902681,3.5261,842752000,3362448800,41.7064,
002114.SZ,罗平锌电,2007-07-10,17.9931,17.9931,17.1522,17.2566,659685,2.5769,803840000,3207196000,39.7807,
002114.SZ,罗平锌电,2007-07-11,17.0368,17.8337,16.9544,17.5699,501867,1.9604,818432000,3265415800,40.5028,
002114.SZ,罗平锌电,2007-07-12,17.5864,17.7238,17.3665,17.4435,390780,1.5265,812544000,3241923600,40.2114,
002114.SZ,罗平锌电,2007-07-13,17.4875,17.6468,17.3665,17.5864,310500,1.2129,819200000,3268480000,40.5408,
002114.SZ,罗平锌电,2007-07-16,17.8062,17.8062,17.1522,17.2017,344865,1.3471,801280000,3196982000,39.654,
002114.SZ,罗平锌电,2007-07-17,17.3116,17.8337,17.0533,17.6413,473177,1.8483,821760000,3278694000,40.6675,
002114.SZ,罗平锌电,2007-07-18,17.4105,17.4765,17.0368,17.2676,548219,2.1415,804352000,3209238800,39.806,
002114.SZ,罗平锌电,2007-07-19,17.2292,17.5094,17.1082,17.2621,288431,1.1267,804096000,3208217400,39.7934,
002114.SZ,罗平锌电,2007-07-20,17.3665,17.7897,17.3116,17.7293,723435,2.8259,825856000,3295036400,40.8702,
002114.SZ,罗平锌电,2007-07-23,17.7622,18.5921,17.7622,18.5042,1305856,5.101,861952000,3439053800,42.6566,
002114.SZ,罗平锌电,2007-07-24,18.5756,18.768,18.2349,18.2404,1007029,3.9337,849664000,3390026600,42.0484,
002114.SZ,罗平锌电,2007-07-25,18.136,19.4,18.0315,19.2296,1357883,5.3042,895744000,3573878600,44.3289,
002114.SZ,罗平锌电,2007-07-26,19.3175,19.4549,18.8779,19.2351,1021001,3.9883,896000000,3574900000,44.3415,
002114.SZ,罗平锌电,2007-07-27,19.2296,19.8286,18.9658,19.7792,1255643,4.9049,921344000,3676018600,45.5958,
002114.SZ,罗平锌电,2007-07-30,20.2243,20.8618,20.1639,20.4167,1723220,6.7313,951040000,3794501000,39.752,
002114.SZ,罗平锌电,2007-07-31,20.3178,21.9775,20.1749,21.5378,1903473,7.4354,1003264000,4002866600,41.9348,
002114.SZ,罗平锌电,2007-08-01,21.5818,21.8181,19.9495,19.9495,1959441,7.6541,929280000,3707682000,38.8424,
002114.SZ,罗平锌电,2007-08-02,19.988,21.0927,19.988,20.708,1598858,6.2455,964608000,3848635200,40.3191,
002114.SZ,罗平锌电,2007-08-03,20.8563,21.4334,20.8399,21.1146,1914584,7.4788,983552000,3924218800,41.1109,
002114.SZ,罗平锌电,2007-08-06,21.274,22.6425,21.2685,22.0379,2406696,9.4012,1026560000,4095814000,42.9086,
002114.SZ,罗平锌电,2007-08-07,22.2742,23.9999,21.928,23.1371,3942265,15.3995,1077760000,4300094000,45.0487,
002114.SZ,罗平锌电,2007-08-08,22.5325,22.6974,21.3675,21.983,2005346,7.8334,1024000000,4085600000,42.8016,
002114.SZ,罗平锌电,2007-08-09,21.6093,22.8513,21.6093,21.972,1401274,5.4737,1023488000,4083557200,42.7802,
002114.SZ,罗平锌电,2007-08-10,21.8676,21.8676,20.3452,21.1806,1839055,7.1838,986624000,3936475600,41.2393,
002114.SZ,罗平锌电,2007-08-13,21.1531,21.1806,20.4991,20.5431,1033229,4.0361,956928000,3817993200,39.9981,
002114.SZ,罗平锌电,2007-08-14,20.5651,21.3125,20.5651,21.0432,710768,2.7764,980224000,3910940600,40.9718,
002114.SZ,罗平锌电,2007-08-15,21.4114,21.4114,20.598,20.9113,750649,2.9322,974080000,3886427000,40.715,
002114.SZ,罗平锌电,2007-08-16,20.8838,21.961,20.664,21.4334,1371605,5.3578,998400000,3983460000,41.7315,
002114.SZ,罗平锌电,2007-08-17,21.1751,21.6972,20.9388,21.0102,857779,3.3507,978688000,3904812200,40.9076,
002114.SZ,罗平锌电,2007-08-20,21.4444,21.8731,21.1696,21.7906,984296,3.8449,1015040000,4049851000,42.4271,
002114.SZ,罗平锌电,2007-08-21,21.7631,22.615,21.7631,22.1918,1114262,4.3526,1033728000,4124413200,43.2082,
002114.SZ,罗平锌电,2007-08-22,21.7961,22.615,21.7961,22.2303,1361209,5.3172,1035520000,4131563000,43.2831,
002114.SZ,罗平锌电,2007-08-23,22.0654,22.3127,21.4609,21.7467,1344309,5.2512,1012992000,4041679800,42.3415,
002114.SZ,罗平锌电,2007-08-24,21.6532,21.9005,21.5158,21.8456,1021088,3.9886,1017600000,4060065000,42.5341,
002114.SZ,罗平锌电,2007-08-27,21.8676,24.0329,21.6038,24.0329,4420885,17.2691,1119488000,4466582200,46.7928,
002114.SZ,罗平锌电,2007-08-28,24.0164,26.3686,23.4174,24.8408,4570526,17.8536,1157120000,4616728000,48.3658,
002114.SZ,罗平锌电,2007-08-29,24.6209,24.6209,23.0876,23.3514,2403651,9.3893,1087744000,4339928600,45.466,
002114.SZ,罗平锌电,2007-08-30,23.5218,25.6651,23.1096,25.5277,2147033,8.3868,1189120000,4744403000,49.7033,
002114.SZ,罗平锌电,2007-08-31,24.9946,26.3796,24.7858,25.7366,2075615,8.1079,1198848000,4783216200,50.1099,
002114.SZ,罗平锌电,2007-09-03,26.1048,26.1158,24.8957,25.209,1648163,6.4381,1174272000,4685161800,49.0827,
002114.SZ,罗平锌电,2007-09-04,25.2804,25.6981,24.1868,24.2802,1675680,6.5456,1131008000,4512545200,47.2743,
002114.SZ,罗平锌电,2007-09-05,24.4506,24.9507,24.1923,24.3571,1013059,3.9573,1134592000,4526844800,47.4241,
002114.SZ,罗平锌电,2007-09-06,24.4011,24.7858,24.0164,24.1813,1125093,4.3949,1126400000,4494160000,47.0817,
002114.SZ,罗平锌电,2007-09-07,24.0164,24.1813,23.247,23.4009,1256284,4.9074,1090048000,4349121200,45.5623,
002114.SZ,罗平锌电,2007-09-10,23.3734,24.4231,23.1096,24.2802,1210582,4.7288,1131008000,4512545200,47.2743,
002114.SZ,罗平锌电,2007-09-11,24.2197,24.4396,21.983,22.2578,1226288,4.7902,1036800000,4136670000,43.3366,
002114.SZ,罗平锌电,2007-09-12,22.3017,23.0711,22.0984,22.6974,1373955,5.367,1057280000,4218382000,44.1926,
002114.SZ,罗平锌电,2007-09-13,22.593,23.6317,22.593,23.1865,1041135,4.0669,1080064000,4309286600,45.145,
002114.SZ,罗平锌电,2007-09-14,23.0766,23.9065,22.8513,23.7691,1255447,4.9041,1107200000,4417555000,46.2792,
002114.SZ,罗平锌电,2007-09-17,23.6317,23.9065,23.1426,23.5218,1016417,3.9704,1095680000,4371592000,45.7977,
002114.SZ,罗平锌电,2007-09-18,23.5108,24.7144,23.3734,23.9505,1091474,4.2636,1115648000,4451261200,46.6323,
002114.SZ,罗平锌电,2007-09-19,24.1813,24.2912,23.1536,23.2195,803126,3.1372,1081600000,4315415000,45.2092,
002114.SZ,罗平锌电,2007-09-20,23.5218,23.846,23.192,23.2745,662605,2.5883,1084160000,4325629000,45.3162,
002114.SZ,罗平锌电,2007-09-21,23.291,24.2967,22.9612,24.2967,1721578,6.7249,1131776000,4515609400,47.3064,
002114.SZ,罗平锌电,2007-09-24,24.7308,26.6434,24.7308,25.5552,3258408,12.7282,1190400000,4749510000,49.7568,
002114.SZ,罗平锌电,2007-09-25,25.2749,26.2092,24.7308,25.2804,1636083,6.3909,1177600000,4698440000,49.2218,
002114.SZ,罗平锌电,2007-09-26,25.1155,25.7201,23.9065,24.1758,1145381,4.4741,1126144000,4493138600,47.071,
002114.SZ,罗平锌电,2007-09-27,24.1263,25.0606,23.846,25.0606,767646,2.9986,1167360000,4657584000,48.7938,
002114.SZ,罗平锌电,2007-09-28,25.3848,25.9949,25.0606,25.0661,1326752,5.1826,1167616000,4658605400,48.8045,
002114.SZ,罗平锌电,2007-10-08,25.7201,25.819,24.6209,24.7308,1143188,4.4656,1152000000,4596300000,48.1518,
002114.SZ,罗平锌电,2007-10-09,24.4561,24.8408,23.6922,24.511,1098705,4.2918,1141760000,4555444000,47.7238,
002114.SZ,罗平锌电,2007-10-10,24.7199,25.2694,24.1868,24.6209,1101549,4.3029,1146880000,4575872000,47.9378,
002114.SZ,罗平锌电,2007-10-11,24.511,24.8298,23.9505,24.1593,953587,3.7249,1125376000,4490074400,47.0389,
002114.SZ,罗平锌电,2007-10-12,24.1813,26.5774,23.9669,26.5225,3599213,14.0594,1235456000,4929276400,51.6401,
002114.SZ,罗平锌电,2007-10-15,26.5939,28.1657,26.2092,26.7972,3840500,15.002,1248256000,4980346400,52.1751,
002114.SZ,罗平锌电,2007-10-16,26.9841,27.4128,26.0059,27.2314,1774407,6.9313,1268480000,5061037000,53.0205,
002114.SZ,罗平锌电,2007-10-17,26.9291,29.1274,26.5499,28.7372,2439333,9.5286,1338624000,5340900600,55.9524,
002114.SZ,罗平锌电,2007-10-18,28.6823,28.6823,26.8797,26.9566,1808720,7.0653,1255680000,5009967000,52.4854,
002114.SZ,罗平锌电,2007-10-19,27.4732,28.0393,26.2751,26.5994,1221818,4.7727,1239040000,4943576000,51.7899,
002114.SZ,罗平锌电,2007-10-22,26.2697,26.9182,25.5003,25.6816,1066716,4.1669,1196288000,4773002200,50.0029,
002114.SZ,罗平锌电,2007-10-23,26.2697,26.8742,25.7256,26.8192,1213051,4.7385,1249280000,4984432000,40.4943,
002114.SZ,罗平锌电,2007-10-24,26.8632,27.0995,25.841,26.1597,923928,3.6091,1218560000,4861864000,39.4985,
002114.SZ,罗平锌电,2007-10-25,25.9399,26.3246,23.7416,23.7526,1472644,5.7525,1106432000,4414490800,35.864,
002114.SZ,罗平锌电,2007-10-26,23.5767,24.4506,23.3349,23.8845,854963,3.3397,1112576000,4439004400,36.0631,
002114.SZ,罗平锌电,2007-10-29,23.9065,24.511,23.6317,24.5,605040,2.3634,1141248000,4553401200,36.9925,
002114.SZ,罗平锌电,2007-10-30,24.5,25.1705,24.3187,24.6649,632343,2.4701,1148928000,4584043200,37.2415,
002114.SZ,罗平锌电,2007-10-31,24.7583,25.0496,24.1868,24.8133,837892,3.273,1155840000,4611621000,37.4655,
002114.SZ,罗平锌电,2007-11-01,24.6099,25.0936,23.9065,23.934,699703,2.7332,1114880000,4448197000,36.1378,
002114.SZ,罗平锌电,2007-11-02,23.7141,23.7141,22.0929,22.1973,1313592,5.1312,1033984000,4125434600,33.5157,
002114.SZ,罗平锌电,2007-11-05,21.928,22.4721,21.1037,22.0929,632315,2.47,1029120000,4106028000,33.358,
002114.SZ,罗平锌电,2007-11-06,21.994,22.3952,21.6807,21.8291,472309,1.845,1016832000,4057000800,32.9597,
002114.SZ,罗平锌电,2007-11-07,22.0819,22.3402,21.7137,22.3182,344721,1.3466,1039616000,4147905400,33.6982,
002114.SZ,罗平锌电,2007-11-08,22.2797,22.7139,21.4334,21.4389,802415,3.1344,998656000,3984481400,32.3705,
002114.SZ,罗平锌电,2007-11-09,21.2685,21.2685,20.0595,20.3452,779719,3.0458,947712000,3781222800,30.7192,
002114.SZ,罗平锌电,2007-11-12,19.999,20.3288,18.4217,19.1801,927140,3.6216,893440000,3564686000,28.96,
002114.SZ,罗平锌电,2007-11-13,19.0263,19.6748,19.0208,19.1582,617257,2.4112,892416000,3560600400,28.9269,
002114.SZ,罗平锌电,2007-11-14,19.3011,20.7574,19.2351,20.697,738101,2.8832,964096000,3846592400,31.2503,
002114.SZ,罗平锌电,2007-11-15,20.3892,21.1037,20.0595,20.1144,810030,3.1642,936960000,3738324000,30.3707,
002114.SZ,罗平锌电,2007-11-16,19.7902,20.0595,19.5923,19.9495,376174,1.4694,929280000,3707682000,30.1218,
002114.SZ,罗平锌电,2007-11-19,19.955,21.1696,19.7297,20.9003,756866,2.9565,973568000,3884384200,31.5573,
002114.SZ,罗平锌电,2007-11-20,20.719,21.1476,20.2353,20.7409,520734,2.0341,966144000,3854763600,31.3167,
002114.SZ,罗平锌电,2007-11-21,20.8783,21.0927,20.2793,20.3178,482071,1.8831,946432000,3776115800,30.6777,
002114.SZ,罗平锌电,2007-11-22,19.977,20.1089,18.6965,18.7954,581128,2.27,875520000,3493188000,28.3792,
002114.SZ,罗平锌电,2007-11-23,18.702,19.1692,18.702,19.1527,399546,1.5607,892160000,3559579000,28.9186,
002114.SZ,罗平锌电,2007-11-26,19.4989,20.1089,19.2351,19.2901,531453,2.076,898560000,3585114000,29.126,
002114.SZ,罗平锌电,2007-11-27,19.2406,20.2793,19.1527,19.7132,534945,2.0896,918272000,3663761800,29.765,
002114.SZ,罗平锌电,2007-11-28,19.7847,20.2518,19.378,19.6748,335483,1.3105,916480000,3656612000,29.7069,
002114.SZ,罗平锌电,2007-11-29,19.8012,20.2518,19.6748,20.0869,379097,1.4808,935680000,3733217000,30.3292,
002114.SZ,罗平锌电,2007-11-30,20.0595,20.2408,19.4879,19.5813,280270,1.0948,912128000,3639248200,29.5658,
002114.SZ,罗平锌电,2007-12-03,19.5813,19.7242,19.2516,19.6143,168026,0.6564,913664000,3645376600,29.6156,
002114.SZ,罗平锌电,2007-12-04,19.7847,19.9495,19.6088,19.7682,191100,0.7465,920832000,3673975800,29.8479,
002114.SZ,罗平锌电,2007-12-05,19.6748,20.5321,19.4,20.2408,538374,2.103,942848000,3761816200,30.5616,
002114.SZ,罗平锌电,2007-12-06,20.2243,20.7794,19.9605,20.3288,366750,1.4326,946944000,3778158600,30.6943,
002114.SZ,罗平锌电,2007-12-07,20.3233,20.7574,20.0595,20.609,352440,1.3767,960000000,3830250000,31.1175,
002114.SZ,罗平锌电,2007-12-10,20.2353,21.2685,20.2298,21.0707,632322,2.47,981504000,3916047600,31.8146,
002114.SZ,罗平锌电,2007-12-11,21.274,21.3235,20.7739,20.9827,438543,1.7131,977408000,3899705200,31.6818,
002114.SZ,罗平锌电,2007-12-12,20.8838,21.0762,20.5816,20.7135,421332,1.6458,964864000,3849656600,31.2752,
002114.SZ,罗平锌电,2007-12-13,20.664,21.2136,20.4771,20.609,558937,2.1833,960000000,3830250000,31.1175,
002114.SZ,罗平锌电,2007-12-14,20.5761,20.8728,20.3507,20.8728,357865,1.3979,972288000,3879277200,31.5158,
002114.SZ,罗平锌电,2007-12-17,20.9333,21.1256,20.62,20.9003,413865,1.6167,973568000,3884384200,31.5573,
002114.SZ,罗平锌电,2007-12-18,20.9388,21.0872,20.3397,20.3397,282201,1.1023,947456000,3780201400,30.7109,
002114.SZ,罗平锌电,2007-12-19,20.653,20.9718,20.4442,20.9278,317052,1.2385,974848000,3889491200,31.5988,
002114.SZ,罗平锌电,2007-12-20,20.9937,21.3235,20.7739,21.2136,531055,2.0744,988160000,3942604000,32.0303,
002114.SZ,罗平锌电,2007-12-21,20.9937,22.2852,20.9388,21.7302,1116317,4.3606,1012224000,4038615600,32.8103,
002114.SZ,罗平锌电,2007-12-24,21.983,22.2468,21.7357,21.983,845530,3.3029,1024000000,4085600000,33.192,
002114.SZ,罗平锌电,2007-12-25,22.0929,22.8018,21.983,22.6974,847135,3.3091,1057280000,4218382000,34.2708,
002114.SZ,罗平锌电,2007-12-26,22.8018,23.2635,22.6974,23.1371,596261,2.3291,1077760000,4300094000,34.9346,
002114.SZ,罗平锌电,2007-12-27,23.3514,23.7856,23.203,23.4339,639257,2.4971,1091584000,4355249600,35.3827,
002114.SZ,罗平锌电,2007-12-28,23.4119,23.4119,22.5325,22.9722,578207,2.2586,1070080000,4269452000,34.6857,
002114.SZ,罗平锌电,2008-01-02,22.8018,23.5932,22.538,23.5822,830642,3.2447,1098496000,4382827400,35.6068,
002114.SZ,罗平锌电,2008-01-03,23.4888,24.511,23.192,24.1813,667263,2.6065,1126400000,4494160000,36.5112,
002114.SZ,罗平锌电,2008-01-04,24.2417,24.7199,23.6317,24.1593,777629,3.0376,1125376000,4490074400,36.478,
002114.SZ,罗平锌电,2008-01-07,23.8021,24.3901,23.7691,24.0823,566597,2.2133,1121792000,4475774800,36.3619,
002114.SZ,罗平锌电,2008-01-08,24.0769,24.4561,23.1426,23.3624,643370,2.5132,1088256000,4341971400,35.2748,
002114.SZ,罗平锌电,2008-01-09,23.3569,23.9614,23.3569,23.7911,412284,1.6105,1108224000,4421640600,35.9221,
002114.SZ,罗平锌电,2008-01-10,24.0714,24.6154,23.6427,24.1813,556082,2.1722,1126400000,4494160000,36.5112,
002114.SZ,罗平锌电,2008-01-11,24.1813,24.1813,24.1813,24.1813,--,--,1126400000,4494160000,36.5112,
002114.SZ,罗平锌电,2008-01-14,24.0164,24.7308,23.9669,24.522,575041,2.2463,1142272000,4557486800,37.0257,
002114.SZ,罗平锌电,2008-01-15,24.522,25.2145,24.5055,25.1155,652471,2.5487,1169920000,4667798000,37.9219,
002114.SZ,罗平锌电,2008-01-16,25.0056,25.0056,24.2362,24.2362,749838,2.9291,1128960000,4504374000,36.5942,
002114.SZ,罗平锌电,2008-01-17,24.0164,24.544,22.5985,24.1703,838376,3.2749,1125888000,4492117200,36.4946,
002114.SZ,罗平锌电,2008-01-18,24.1758,24.3406,23.5218,24.1813,550396,2.15,1126400000,4494160000,36.5112,
002114.SZ,罗平锌电,2008-01-21,24.1703,24.1703,22.0434,22.4226,725901,2.8356,1044480000,4167312000,33.8559,
002114.SZ,罗平锌电,2008-01-22,21.9775,21.9775,20.1804,20.2793,883183,3.4499,944640000,3768966000,30.6196,
002114.SZ,罗平锌电,2008-01-23,20.2793,21.318,20.2133,21.0927,549612,2.1469,982528000,3920133200,31.8478,
002114.SZ,罗平锌电,2008-01-24,21.0487,21.8731,21.0487,21.8676,640273,2.5011,1018624000,4064150600,33.0178,
002114.SZ,罗平锌电,2008-01-25,21.4774,22.4171,21.4334,22.2248,392105,1.5317,1035264000,4130541600,33.5571,
002114.SZ,罗平锌电,2008-01-28,22.0379,22.0379,20.1144,20.1859,474491,1.8535,940288000,3751602200,30.4786,
002114.SZ,罗平锌电,2008-01-29,20.7739,21.1092,20.4277,20.9882,333706,1.3035,977664000,3900726600,35.64,
002114.SZ,罗平锌电,2008-01-30,20.9992,21.8181,20.4991,21.5983,718703,2.8074,1006080000,4014102000,36.6758,
002114.SZ,罗平锌电,2008-01-31,21.3784,21.6532,20.9663,21.1586,191616,0.7485,985600000,3932390000,35.9293,
002114.SZ,罗平锌电,2008-02-01,21.1037,21.4279,19.6198,21.1586,410608,1.6039,985600000,3932390000,35.9293,
002114.SZ,罗平锌电,2008-02-04,21.351,22.7414,21.2246,22.5875,767267,2.9971,1052160000,4197954000,38.3557,
002114.SZ,罗平锌电,2008-02-05,22.4226,22.582,21.8731,22.005,431946,1.6873,1025024000,4089685600,37.3664,
002114.SZ,罗平锌电,2008-02-13,21.6038,21.9225,21.2685,21.3784,210595,0.8226,995840000,3973246000,36.3026,
002114.SZ,罗平锌电,2008-02-14,21.7082,21.7906,21.4444,21.5983,144656,0.5651,1006080000,4014102000,36.6758,
002114.SZ,罗平锌电,2008-02-15,21.5048,21.5048,20.7739,21.0212,285069,1.1136,979200000,3906855000,35.696,
002114.SZ,罗平锌电,2008-02-18,21.2191,21.5928,21.0542,21.4279,342615,0.862,1549774520,3982438600,36.3865,
002114.SZ,罗平锌电,2008-02-19,21.5433,22.5051,21.2685,22.1753,511520,1.2869,1603831800,4121349000,37.6557,
002114.SZ,罗平锌电,2008-02-20,22.3237,23.0821,22.1478,22.2028,699131,1.7589,1605819200,4126456000,37.7024,
002114.SZ,罗平锌电,2008-02-21,21.8181,22.2578,21.4939,21.983,419033,1.0542,1589920000,4085600000,37.3291,
002114.SZ,罗平锌电,2008-02-22,21.9335,22.6919,21.5378,21.9775,587720,1.4786,1589522520,4084578600,37.3198,
002114.SZ,罗平锌电,2008-02-25,21.994,22.3567,21.0652,21.3235,362843,0.9129,1542222400,3963032000,36.2092,
002114.SZ,罗平锌电,2008-02-26,21.7357,21.9775,20.5706,21.1037,297445,0.7483,1526323200,3922176000,35.8359,
002114.SZ,罗平锌电,2008-02-27,21.1092,21.4169,21.0487,21.318,261729,0.6585,1541824920,3962010600,36.1999,
002114.SZ,罗平锌电,2008-02-28,21.4279,21.6422,21.1586,21.4609,179935,0.4527,1552159400,3988567000,36.4425,
002114.SZ,罗平锌电,2008-02-29,21.9005,21.9005,21.4334,21.4664,221100,0.5563,1552556880,3989588400,36.4519,
002114.SZ,罗平锌电,2008-03-03,21.3235,21.8511,20.9278,21.8181,537178,1.3515,1577995600,4054958000,37.0491,
002114.SZ,罗平锌电,2008-03-04,21.7357,22.2907,21.7357,21.8071,565881,1.4237,1577200640,4052915200,37.0305,
002114.SZ,罗平锌电,2008-03-05,21.6258,22.5765,21.4334,22.5271,757726,1.9063,1629270520,4186718600,38.253,
002114.SZ,罗平锌电,2008-03-06,22.5216,22.9447,22.3182,22.8458,662280,1.6662,1652324360,4245959800,38.7943,
002114.SZ,罗平锌电,2008-03-07,22.5325,23.5218,22.4281,22.8073,878699,2.2107,1649542000,4238810000,38.729,
002114.SZ,罗平锌电,2008-03-10,22.7799,22.7799,21.8401,21.9335,567744,1.4284,1586342680,4076407400,37.2451,
002114.SZ,罗平锌电,2008-03-11,21.4664,22.1808,21.4499,22.0379,272762,0.6862,1593894800,4095814000,37.4224,
002114.SZ,罗平锌电,2008-03-12,22.0709,22.4776,21.6093,21.6258,252212,0.6345,1564083800,4019209000,36.7225,
002114.SZ,罗平锌电,2008-03-13,21.6258,21.9225,20.609,20.8289,338314,0.8511,1506449200,3871106000,35.3693,
002114.SZ,罗平锌电,2008-03-14,20.4661,21.3125,20.4661,21.2356,169315,0.426,1535862720,3946689600,36.0599,
002114.SZ,罗平锌电,2008-03-17,21.2301,21.4059,19.1307,19.1801,300838,0.7569,1387205200,3564686000,32.5696,
002114.SZ,罗平锌电,2008-03-18,19.0702,19.7187,17.3116,17.4325,376720,0.9478,1260806560,3239880800,29.602,
002114.SZ,罗平锌电,2008-03-19,17.8172,18.4657,17.493,18.2404,285995,0.7195,1319236120,3390026600,30.9738,
002114.SZ,罗平锌电,2008-03-20,18.0205,19.1692,16.4598,18.8504,369995,0.9309,1363356400,3503402000,32.0097,
002114.SZ,罗平锌电,2008-03-21,18.8504,19.6748,18.4657,19.4,290877,0.7318,1403104400,3605542000,32.9429,
002114.SZ,罗平锌电,2008-03-24,19.5813,20.9608,19.5813,20.4222,752629,1.8935,1477035680,3795522400,34.6787,
002114.SZ,罗平锌电,2008-03-25,20.4222,20.8783,20.0595,20.4661,351542,0.8844,1480215520,3803693600,37.8936,
002114.SZ,罗平锌电,2008-03-26,20.4661,21.4224,20.4661,21.1311,456650,1.1489,1528310600,3927283000,39.1248,
002114.SZ,罗平锌电,2008-03-27,20.9937,21.1311,20.1584,20.3343,301733,0.7591,1470676000,3779180000,37.6494,
002114.SZ,罗平锌电,2008-03-28,20.3288,20.7794,19.7902,20.7464,212169,0.5338,1500487000,3855785000,38.4125,
002114.SZ,罗平锌电,2008-03-31,20.664,20.9388,20.0595,20.708,243454,0.6125,1497704640,3848635200,38.3413,
002114.SZ,罗平锌电,2008-04-01,20.697,20.7519,19.0702,19.2461,433912,1.0917,1391974960,3576942800,35.6346,
002114.SZ,罗平锌电,2008-04-02,18.4657,19.5099,17.8612,17.9271,277317,0.6977,1296579760,3331806800,33.1925,
002114.SZ,罗平锌电,2008-04-03,17.5864,18.5646,17.0478,18.3118,194037,0.4882,1324403360,3403304800,33.9048,
002114.SZ,罗平锌电,2008-04-07,17.9271,20.1419,17.7513,20.1419,452469,1.1383,1456764200,3743431000,37.2932,
002114.SZ,罗平锌电,2008-04-08,20.2738,21.1531,19.8946,21.1037,670635,1.6872,1526323200,3922176000,39.0739,
002114.SZ,罗平锌电,2008-04-09,20.8838,20.9937,19.6748,20.3837,428832,1.0789,1474253320,3788372600,37.7409,
002114.SZ,罗平锌电,2008-04-10,19.8836,20.5156,19.7847,20.4936,141178,0.3552,1482202920,3808800600,37.9445,
002114.SZ,罗平锌电,2008-04-11,20.4497,20.8289,20.0155,20.0705,234936,0.5911,1451596960,3730152800,37.1609,
002114.SZ,罗平锌电,2008-04-14,19.8122,20.0045,18.1799,18.2514,274221,0.6899,1320031080,3392069400,33.7928,
002114.SZ,罗平锌电,2008-04-15,18.136,20.076,18.136,20.076,781378,1.9658,1451994440,3731174200,37.1711,
002114.SZ,罗平锌电,2008-04-16,20.076,20.076,20.076,20.076,--,--,1451994440,3731174200,37.1711,
002114.SZ,罗平锌电,2008-04-17,20.076,20.076,20.076,20.076,--,--,1451994440,3731174200,37.1711,
002114.SZ,罗平锌电,2008-04-18,20.076,20.076,20.076,20.076,--,--,1451994440,3731174200,37.1711,
002114.SZ,罗平锌电,2008-04-21,20.076,20.076,20.076,20.076,--,--,1451994440,3731174200,37.1711,
002114.SZ,罗平锌电,2008-04-22,20.076,20.076,20.076,20.076,--,--,1451994440,3731174200,37.1711,
002114.SZ,罗平锌电,2008-04-23,20.076,20.076,20.076,20.076,--,--,1451994440,3731174200,37.1711,
002114.SZ,罗平锌电,2008-04-24,20.076,20.076,20.076,20.076,--,--,1451994440,3731174200,37.1711,
002114.SZ,罗平锌电,2008-04-25,20.076,20.076,20.076,20.076,--,--,1451994440,3731174200,37.1711,
002114.SZ,罗平锌电,2008-04-28,20.076,20.076,20.076,20.076,--,--,1451994440,3731174200,56.2247,
002114.SZ,罗平锌电,2008-04-29,18.07,18.07,18.07,18.07,221700,0.5578,1306914240,3358363200,50.6068,
002114.SZ,罗平锌电,2008-04-30,16.26,17.55,16.26,16.5,6647246,9.2908,1180515600,3033558000,45.7124,
002114.SZ,罗平锌电,2008-05-05,16.5,17.37,16.26,17.35,4023260,5.6233,1241330040,3189832200,48.0672,
002114.SZ,罗平锌电,2008-05-06,17.4,17.41,16.8,16.95,2709645,3.7873,1212711480,3116291400,46.9591,
002114.SZ,罗平锌电,2008-05-07,16.97,17.49,16.85,17.05,2305769,3.2228,1219866120,3134676600,47.2361,
002114.SZ,罗平锌电,2008-05-08,16.6,16.96,16.28,16.81,1564659,2.1869,1202694984,3090552120,46.5712,
002114.SZ,罗平锌电,2008-05-09,16.82,17.2,15.98,16.4,1966606,2.7487,1173360960,3015172800,45.4353,
002114.SZ,罗平锌电,2008-05-12,15.95,16.18,14.95,15.8,1771275,2.4757,1130433120,2904861600,43.773,
002114.SZ,罗平锌电,2008-05-13,15.49,15.7,15,15.3,1619618,2.2637,1094659920,2812935600,42.3878,
002114.SZ,罗平锌电,2008-05-14,15.3,16.83,15.3,16.83,4567339,6.3837,1204125912,3094229160,46.6266,
002114.SZ,罗平锌电,2008-05-15,17.4,17.54,16.15,16.15,4215897,5.8925,1155474360,2969209800,44.7427,
002114.SZ,罗平锌电,2008-05-16,15.9,16.35,15.52,15.81,1471170,2.0562,1131148584,2906700120,43.8008,
002114.SZ,罗平锌电,2008-05-19,15.81,15.81,15.32,15.64,849234,1.187,1118985696,2875445280,43.3298,
002114.SZ,罗平锌电,2008-05-20,15.84,15.84,14.9,14.93,976072,1.3643,1068187752,2744910360,41.3628,
002114.SZ,罗平锌电,2008-05-21,14.9,15.1,13.98,14.96,1065649,1.4895,1070334144,2750425920,41.4459,
002114.SZ,罗平锌电,2008-05-22,14.98,14.98,14.27,14.34,1123189,1.5699,1025975376,2636437680,39.7282,
002114.SZ,罗平锌电,2008-05-23,14.34,14.34,13.59,13.73,1068446,1.4934,982332072,2524287960,38.0382,
002114.SZ,罗平锌电,2008-05-26,13.72,13.72,13.21,13.29,661735,0.9249,950851656,2443393080,36.8192,
002114.SZ,罗平锌电,2008-05-27,13.29,13.8,13.29,13.7,606055,0.8471,980185680,2518772400,37.9551,
002114.SZ,罗平锌电,2008-05-28,13.73,14.14,13.7,14.05,809724,1.1317,1005226920,2583120600,38.9248,
002114.SZ,罗平锌电,2008-05-29,14.08,14.1,13.45,13.45,837733,1.1709,962299080,2472809400,37.2625,
002114.SZ,罗平锌电,2008-05-30,13.45,13.6,12.82,13.05,723128,1.0107,933680520,2399268600,36.1543,
002114.SZ,罗平锌电,2008-06-02,13.05,13.49,12.98,13.32,693651,0.9695,952998048,2448908640,36.9023,
002114.SZ,罗平锌电,2008-06-03,13.3,13.3,12.64,12.66,1042736,1.4574,905777424,2327566320,35.0738,
002114.SZ,罗平锌电,2008-06-04,12.66,12.8,12.1,12.26,819987,1.1461,877158864,2254025520,33.9657,
002114.SZ,罗平锌电,2008-06-05,12.26,12.5,12,12.4,884652,1.2365,887175360,2279764800,34.3535,
002114.SZ,罗平锌电,2008-06-06,12.29,12.56,12.2,12.2,663786,0.9278,872866080,2242994400,33.7994,
002114.SZ,罗平锌电,2008-06-10,11.88,11.88,10.98,10.98,825310,1.1535,785579472,2018694960,30.4195,
002114.SZ,罗平锌电,2008-06-11,10.98,10.98,10.15,10.32,716369,1.0013,738358848,1897352640,28.591,
002114.SZ,罗平锌电,2008-06-12,10.38,11.35,10.33,11.35,2206624,3.0842,812051640,2086720200,31.4446,
002114.SZ,罗平锌电,2008-06-13,11.38,11.47,10.22,10.3,1228051,1.7164,736927920,1893675600,28.5356,
002114.SZ,罗平锌电,2008-06-16,10.33,10.55,9.31,9.57,895037,1.251,684699048,1759463640,26.5132,
002114.SZ,罗平锌电,2008-06-17,9.62,10.1,9.31,9.4,902098,1.2609,672536160,1728208800,26.0422,
002114.SZ,罗平锌电,2008-06-18,9.45,10.34,9.43,10.34,2058544,2.8772,739789776,1901029680,28.6464,
002114.SZ,罗平锌电,2008-06-19,10.33,10.36,9.31,9.31,1389862,1.9426,666096984,1711662120,25.7929,
002114.SZ,罗平锌电,2008-06-20,8.58,9.78,8.38,9.2,2129072,2.9758,658226880,1691438400,25.4881,
002114.SZ,罗平锌电,2008-06-23,8.98,9.08,8.6,8.71,770114,1.0764,623169144,1601350920,24.1306,
002114.SZ,罗平锌电,2008-06-24,8.71,8.95,8.55,8.84,658117,0.9198,632470176,1625251680,24.4907,
002114.SZ,罗平锌电,2008-06-25,8.84,8.84,8.84,8.84,--,--,632470176,1625251680,24.4907,
002114.SZ,罗平锌电,2008-06-26,9.37,9.72,9.35,9.72,2715979,3.7961,695431008,1787041440,26.9287,
002114.SZ,罗平锌电,2008-06-27,9.5,9.58,8.85,8.97,2533395,3.5409,641771208,1649152440,24.8509,
002114.SZ,罗平锌电,2008-06-30,8.65,8.9,8.21,8.66,1255815,1.7552,619591824,1592158320,23.9921,
002114.SZ,罗平锌电,2008-07-01,8.57,8.77,8.38,8.54,643176,0.899,611006256,1570096080,23.6596,
002114.SZ,罗平锌电,2008-07-02,8.49,8.78,8.32,8.54,698411,0.9762,611006256,1570096080,23.6596,
002114.SZ,罗平锌电,2008-07-03,8.45,9.22,8.22,9.05,1476927,2.0643,647494920,1663860600,25.0725,
002114.SZ,罗平锌电,2008-07-04,8.9,9.15,8.72,8.85,749987,1.0483,633185640,1627090200,24.5184,
002114.SZ,罗平锌电,2008-07-07,8.76,9.73,8.76,9.42,1529544,2.1378,673967088,1731885840,26.0976,
002114.SZ,罗平锌电,2008-07-08,9.5,9.97,9.4,9.68,1586348,2.2172,692569152,1779687360,26.8179,
002114.SZ,罗平锌电,2008-07-09,9.68,10.53,9.52,10.28,2179883,3.0468,735496992,1889998560,28.4802,
002114.SZ,罗平锌电,2008-07-10,10,10.85,9.85,10.4,2442616,3.414,744082560,1912060800,28.8126,
002114.SZ,罗平锌电,2008-07-11,10.68,11.36,10.21,10.52,2651818,3.7064,752668128,1934123040,29.1451,
002114.SZ,罗平锌电,2008-07-14,10.3,10.8,10,10.38,1560946,2.1817,742651632,1908383760,28.7572,
002114.SZ,罗平锌电,2008-07-15,10.46,10.64,9.75,9.75,1314472,1.8372,697577400,1792557000,27.0118,
002114.SZ,罗平锌电,2008-07-16,9.55,9.58,8.9,8.99,1132034,1.5822,643202136,1652829480,24.9063,
002114.SZ,罗平锌电,2008-07-17,9.3,9.3,8.75,8.79,762038,1.0651,628892856,1616059080,24.3522,
002114.SZ,罗平锌电,2008-07-18,8.81,9.2,8.73,9.08,706921,0.9881,649641312,1669376160,25.1556,
002114.SZ,罗平锌电,2008-07-21,9.18,9.44,9.01,9.38,798802,1.1165,671105232,1724531760,34.6376,
002114.SZ,罗平锌电,2008-07-22,9.38,9.7,9.33,9.53,1000041,1.3978,681837192,1752109560,35.1915,
002114.SZ,罗平锌电,2008-07-23,9.58,9.62,9.34,9.38,700379,0.9789,671105232,1724531760,34.6376,
002114.SZ,罗平锌电,2008-07-24,9.38,9.6,9.35,9.6,689430,0.9636,686845440,1764979200,35.45,
002114.SZ,罗平锌电,2008-07-25,9.48,9.7,9.4,9.69,735052,1.0274,693284616,1781525880,35.7824,
002114.SZ,罗平锌电,2008-07-28,9.89,9.89,9.69,9.72,866435,1.211,695431008,1787041440,35.8931,
002114.SZ,罗平锌电,2008-07-29,9.65,9.65,9.15,9.33,650440,0.9091,667527912,1715339160,34.453,
002114.SZ,罗平锌电,2008-07-30,9.38,9.53,9.2,9.3,527772,0.7377,665381520,1709823600,34.3422,
002114.SZ,罗平锌电,2008-07-31,9.35,9.35,8.8,9.03,597057,0.8345,646063992,1660183560,33.3452,
002114.SZ,罗平锌电,2008-08-01,8.8,9.1,8.74,9.03,437980,0.6122,646063992,1660183560,33.3452,
002114.SZ,罗平锌电,2008-08-04,9.07,9.07,8.6,8.63,343070,0.4795,617445432,1586642760,31.8681,
002114.SZ,罗平锌电,2008-08-05,8.65,8.79,8.27,8.28,423798,0.5923,592404192,1522294560,30.5756,
002114.SZ,罗平锌电,2008-08-06,8.36,8.49,8.25,8.41,352519,0.4927,601705224,1546195320,31.0557,
002114.SZ,罗平锌电,2008-08-07,8.41,8.49,8.24,8.3,326706,0.4566,593835120,1525971600,30.6495,
002114.SZ,罗平锌电,2008-08-08,8.31,8.34,7.6,7.62,667650,0.9332,545183568,1400952240,28.1385,
002114.SZ,罗平锌电,2008-08-11,7.65,7.65,6.86,6.86,455009,0.636,490808304,1261224720,25.332,
002114.SZ,罗平锌电,2008-08-12,6.83,6.83,6.4,6.53,486161,0.6795,467197992,1200553560,24.1134,
002114.SZ,罗平锌电,2008-08-13,6.5,6.77,6.03,6.63,659324,0.9215,474352632,1218938760,24.4827,
002114.SZ,罗平锌电,2008-08-14,6.63,6.63,6.41,6.52,353817,0.4945,466482528,1198715040,24.0765,
002114.SZ,罗平锌电,2008-08-15,6.41,6.7,6.35,6.5,347388,0.4855,465051600,1195038000,24.0026,
002114.SZ,罗平锌电,2008-08-18,6.48,6.54,5.85,5.86,350749,0.4902,419261904,1077372720,21.6393,
002114.SZ,罗平锌电,2008-08-19,5.83,6.02,5.7,5.96,386349,0.54,426416544,1095757920,22.0086,
002114.SZ,罗平锌电,2008-08-20,5.89,6.55,5.75,6.5,933992,1.3054,465051600,1195038000,24.0026,
002114.SZ,罗平锌电,2008-08-21,6.35,6.55,6.23,6.24,466599,0.6522,446449536,1147236480,23.0425,
002114.SZ,罗平锌电,2008-08-22,6.27,6.27,6.01,6.18,264259,0.3694,442156752,1136205360,22.821,
002114.SZ,罗平锌电,2008-08-25,6.18,6.24,6.07,6.17,219517,0.3068,441441288,1134366840,22.784,
002114.SZ,罗平锌电,2008-08-26,6.17,6.17,6.17,6.17,--,--,441441288,1134366840,22.784,
002114.SZ,罗平锌电,2008-08-27,5.98,6,5.67,5.86,491100,0.6864,419261904,1077372720,21.6393,
002114.SZ,罗平锌电,2008-08-28,5.87,5.9,5.7,5.79,299320,0.4184,414253656,1064503080,21.3808,
002114.SZ,罗平锌电,2008-08-29,5.85,6.09,5.75,5.95,442815,0.6189,425701080,1093919400,21.9716,
002114.SZ,罗平锌电,2008-09-01,5.95,5.95,5.76,5.76,206520,0.2887,412107264,1058987520,21.27,
002114.SZ,罗平锌电,2008-09-02,5.8,5.9,5.67,5.76,248423,0.3472,412107264,1058987520,21.27,
002114.SZ,罗平锌电,2008-09-03,5.76,5.88,5.68,5.82,351681,0.4915,416400048,1070018640,21.4916,
002114.SZ,罗平锌电,2008-09-04,5.86,6.29,5.79,6,587450,0.8211,429278400,1103112000,22.1563,
002114.SZ,罗平锌电,2008-09-05,5.85,5.85,5.68,5.7,355070,0.4963,407814480,1047956400,21.0485,
002114.SZ,罗平锌电,2008-09-08,5.76,5.76,5.13,5.14,565546,0.7905,367748496,944999280,18.9805,
002114.SZ,罗平锌电,2008-09-09,5.14,5.28,5.08,5.18,269792,0.3771,370610352,952353360,19.1282,
002114.SZ,罗平锌电,2008-09-10,5.17,5.35,5.06,5.18,220529,0.3082,370610352,952353360,19.1282,
002114.SZ,罗平锌电,2008-09-11,5.1,5.2,5.08,5.11,207495,0.29,365602104,939483720,18.8698,
002114.SZ,罗平锌电,2008-09-12,5.17,5.3,5.11,5.18,302024,0.4221,370610352,952353360,19.1282,
002114.SZ,罗平锌电,2008-09-16,5.18,5.18,5,5,251140,0.351,357732000,919260000,18.4636,
002114.SZ,罗平锌电,2008-09-17,5,5.19,5,5.03,338487,0.4731,359878392,924775560,18.5743,
002114.SZ,罗平锌电,2008-09-18,4.99,4.99,4.61,4.85,498389,0.6966,347000040,891682200,17.9096,
002114.SZ,罗平锌电,2008-09-19,5.33,5.34,5.15,5.34,897808,1.2549,382057776,981769680,19.7191,
002114.SZ,罗平锌电,2008-09-22,5.6,5.87,5.31,5.56,1274004,1.7807,397797984,1022217120,20.5315,
002114.SZ,罗平锌电,2008-09-23,5.44,5.44,5.11,5.12,563245,0.7872,366317568,941322240,18.9067,
002114.SZ,罗平锌电,2008-09-24,5.01,5.15,4.85,5.08,292950,0.4095,363455712,933968160,18.759,
002114.SZ,罗平锌电,2008-09-25,5.2,5.34,5.18,5.25,504738,0.7055,375618600,965223000,19.3867,
002114.SZ,罗平锌电,2008-09-26,5.35,5.35,5.15,5.27,572198,0.7998,377049528,968900040,19.4606,
002114.SZ,罗平锌电,2008-10-06,5.2,5.2,4.91,4.92,422180,0.5901,352008288,904551840,18.1681,
002114.SZ,罗平锌电,2008-10-07,4.91,4.98,4.75,4.88,255607,0.3573,349146432,897197760,18.0204,
002114.SZ,罗平锌电,2008-10-08,4.88,4.93,4.76,4.8,223556,0.3125,343422720,882489600,17.725,
002114.SZ,罗平锌电,2008-10-09,4.98,4.98,4.77,4.82,166541,0.2328,344853648,886166640,17.7989,
002114.SZ,罗平锌电,2008-10-10,4.73,4.74,4.34,4.35,367381,0.5135,311226840,799756200,16.0633,
002114.SZ,罗平锌电,2008-10-13,4.35,4.35,4.01,4.31,514524,0.7191,308364984,792402120,15.9156,
002114.SZ,罗平锌电,2008-10-14,4.38,4.48,4.18,4.19,596317,0.8335,299779416,770339880,15.4725,
002114.SZ,罗平锌电,2008-10-15,4.09,4.09,3.85,3.96,633490,0.8854,283323744,728053920,14.6231,
002114.SZ,罗平锌电,2008-10-16,3.84,3.84,3.58,3.58,499260,0.6978,256136112,658190160,13.2199,
002114.SZ,罗平锌电,2008-10-17,3.65,3.82,3.61,3.77,427012,0.5968,269729928,693122040,13.9215,
002114.SZ,罗平锌电,2008-10-20,3.77,3.96,3.62,3.88,307889,0.4303,277600032,713345760,14.3277,
002114.SZ,罗平锌电,2008-10-21,3.93,4.11,3.84,3.95,584551,0.817,282608280,726215400,14.5862,
002114.SZ,罗平锌电,2008-10-22,3.87,3.95,3.71,3.78,357750,0.5,270445392,694960560,13.9584,
002114.SZ,罗平锌电,2008-10-23,3.74,3.77,3.6,3.77,237878,0.3325,269729928,693122040,13.9215,
002114.SZ,罗平锌电,2008-10-24,3.8,3.83,3.66,3.73,271920,0.3801,266868072,685767960,255.3033,
002114.SZ,罗平锌电,2008-10-27,3.64,3.64,3.36,3.4,254251,0.3554,243257760,625096800,232.7162,
002114.SZ,罗平锌电,2008-10-28,3.41,3.5,3.2,3.44,435686,0.609,246119616,632450880,235.454,
002114.SZ,罗平锌电,2008-10-29,3.45,3.5,3.26,3.27,245618,0.3433,233956728,601196040,223.8182,
002114.SZ,罗平锌电,2008-10-30,3.29,3.48,3.27,3.46,523173,0.7312,247550544,636127920,236.823,
002114.SZ,罗平锌电,2008-10-31,3.38,3.44,3.32,3.37,264220,0.3693,241111368,619581240,230.6628,
002114.SZ,罗平锌电,2008-11-03,3.34,3.38,3.25,3.3,263896,0.3688,236103120,606711600,225.8716,
002114.SZ,罗平锌电,2008-11-04,3.21,3.22,3.02,3.1,372406,0.5205,221793840,569941200,212.1824,
002114.SZ,罗平锌电,2008-11-05,3.12,3.29,3.12,3.22,401313,0.5609,230379408,592003440,220.3959,
002114.SZ,罗平锌电,2008-11-06,3.17,3.3,3.09,3.18,257419,0.3598,227517552,584649360,217.6581,
002114.SZ,罗平锌电,2008-11-07,3.18,3.39,3.14,3.33,418473,0.5849,238249512,612227160,227.925,
002114.SZ,罗平锌电,2008-11-10,3.33,3.58,3.33,3.56,624638,0.8731,254705184,654513120,243.6675,
002114.SZ,罗平锌电,2008-11-11,3.56,3.82,3.46,3.69,918960,1.2844,264006216,678413880,252.5655,
002114.SZ,罗平锌电,2008-11-12,3.65,3.81,3.54,3.72,573697,0.8019,266152608,683929440,254.6189,
002114.SZ,罗平锌电,2008-11-13,3.76,4.06,3.68,3.94,1266422,1.7701,281892816,724376880,269.677,
002114.SZ,罗平锌电,2008-11-14,3.96,4.3,3.92,4.3,1851705,2.5881,307649520,790563600,294.3175,
002114.SZ,罗平锌电,2008-11-17,4.45,4.56,4.24,4.53,1946369,2.7204,324105192,832849560,310.0601,
002114.SZ,罗平锌电,2008-11-18,4.53,4.56,4.08,4.08,1492831,2.0865,291909312,750116160,279.2594,
002114.SZ,罗平锌电,2008-11-19,4.06,4.34,4,4.32,918680,1.284,309080448,794240640,295.6865,
002114.SZ,罗平锌电,2008-11-20,4.27,4.49,4.08,4.28,1471526,2.0567,306218592,786886560,292.9486,
002114.SZ,罗平锌电,2008-11-21,4.17,4.3,4.01,4.18,1005323,1.4051,299063952,768501360,286.104,
002114.SZ,罗平锌电,2008-11-24,4.11,4.27,4.02,4.05,515294,0.7202,289762920,744600600,277.2061,
002114.SZ,罗平锌电,2008-11-25,4.15,4.18,3.87,4.05,575140,0.8039,289762920,744600600,277.2061,
002114.SZ,罗平锌电,2008-11-26,3.96,4.09,3.96,4.04,344014,0.4808,289047456,742762080,276.5216,
002114.SZ,罗平锌电,2008-11-27,4.34,4.34,4.06,4.08,825999,1.1545,291909312,750116160,279.2594,
002114.SZ,罗平锌电,2008-11-28,4.07,4.1,3.97,4.01,413668,0.5782,286901064,737246520,274.4682,
002114.SZ,罗平锌电,2008-12-01,4.01,4.28,3.91,4.27,826490,1.1552,305503128,785048040,292.2642,
002114.SZ,罗平锌电,2008-12-02,4.21,4.7,4.13,4.7,3336031,4.6628,336268080,864104400,321.6959,
002114.SZ,罗平锌电,2008-12-03,4.82,5.17,4.7,5.17,5366121,7.5002,369894888,950514840,353.8655,
002114.SZ,罗平锌电,2008-12-04,5.3,5.69,5.2,5.69,6700573,9.3654,407099016,1046117880,389.4574,
002114.SZ,罗平锌电,2008-12-05,5.78,6.26,5.74,6.26,9195332,12.8523,447880464,1150913520,428.4716,
002114.SZ,罗平锌电,2008-12-08,6.5,6.69,6.04,6.45,11703682,16.3582,461474280,1185845400,441.4763,
002114.SZ,罗平锌电,2008-12-09,6.37,6.65,6.17,6.3,7369958,10.3009,450742320,1158267600,431.2094,
002114.SZ,罗平锌电,2008-12-10,6.3,6.33,6.1,6.3,5117277,7.1524,450742320,1158267600,431.2094,
002114.SZ,罗平锌电,2008-12-11,6.3,6.5,6.01,6.12,4139142,5.7853,437863968,1125174240,418.8891,
002114.SZ,罗平锌电,2008-12-12,6.04,6.69,5.93,6.58,9045801,12.6433,470775312,1209746160,450.3743,
002114.SZ,罗平锌电,2008-12-15,6.5,7.24,6.21,7.24,9898802,13.8355,517995936,1331088480,495.5486,
002114.SZ,罗平锌电,2008-12-16,7.24,7.96,6.91,7.4,11411901,15.9503,529443360,1360504800,506.4999,
002114.SZ,罗平锌电,2008-12-17,7.2,7.9,7.09,7.6,8070420,11.28,543752640,1397275200,520.1891,
002114.SZ,罗平锌电,2008-12-18,7.41,7.85,7.36,7.47,5376415,7.5146,534451608,1373374440,511.2912,
002114.SZ,罗平锌电,2008-12-19,7.49,7.55,7.14,7.31,4956253,6.9273,523004184,1343958120,500.3398,
002114.SZ,罗平锌电,2008-12-22,7.22,7.98,7.15,7.91,9231005,12.9021,565932024,1454269320,541.4073,
002114.SZ,罗平锌电,2008-12-23,7.89,7.91,7.12,7.12,5391675,7.5359,509410368,1309026240,487.3351,
002114.SZ,罗平锌电,2008-12-24,7.09,7.09,6.46,6.54,4599855,6.4292,467913456,1202392080,447.6364,
002114.SZ,罗平锌电,2008-12-25,6.55,6.9,6.43,6.76,4465398,6.2413,483653664,1242839520,462.6945,
002114.SZ,罗平锌电,2008-12-26,6.8,6.9,6.42,6.49,2622202,3.665,464336136,1193199480,444.2141,
002114.SZ,罗平锌电,2008-12-29,6.46,6.48,6.01,6.22,2919513,4.0806,445018608,1143559440,425.7337,
002114.SZ,罗平锌电,2008-12-30,6.27,6.3,6.11,6.15,2098000,2.9324,440010360,1130689800,420.9425,
002114.SZ,罗平锌电,2008-12-31,6.12,6.77,6.12,6.77,2046871,2.8609,484369128,1244678040,463.379,
002114.SZ,罗平锌电,2009-01-05,7.35,7.35,7,7.14,5536878,7.7389,510841296,1312703280,488.704,
002114.SZ,罗平锌电,2009-01-06,7.15,7.45,6.85,7.27,5207492,7.2785,520142328,1336604040,497.602,
002114.SZ,罗平锌电,2009-01-07,7.2,7.62,7.1,7.27,4184598,5.8488,520142328,1336604040,497.602,
002114.SZ,罗平锌电,2009-01-08,7.13,7.13,6.6,6.8,3617991,5.0568,486515520,1250193600,465.4324,
002114.SZ,罗平锌电,2009-01-09,6.62,6.99,6.62,6.88,2353710,3.2898,492239232,1264901760,470.9081,
002114.SZ,罗平锌电,2009-01-12,6.89,7.4,6.89,7.21,4129722,5.7721,515849544,1325572920,493.4952,
002114.SZ,罗平锌电,2009-01-13,7.18,7.18,6.8,6.86,2805595,3.9214,490808304,1261224720,469.5391,
002114.SZ,罗平锌电,2009-01-14,6.8,7.1,6.8,7.05,2406029,3.3629,504402120,1296156600,482.5439,
002114.SZ,罗平锌电,2009-01-15,6.99,7.68,6.86,7.45,5715297,7.9882,533020680,1369697400,509.9222,
002114.SZ,罗平锌电,2009-01-16,7.45,7.72,7.2,7.25,4960944,6.9339,518711400,1332927000,496.2331,
002114.SZ,罗平锌电,2009-01-19,7.25,7.37,7.08,7.15,2464460,3.4446,511556760,1314541800,489.3885,
002114.SZ,罗平锌电,2009-01-20,7.06,7.2,6.98,7.17,1355151,1.8941,512987688,1318218840,490.7574,
002114.SZ,罗平锌电,2009-01-21,7.14,7.14,6.8,6.89,2319289,3.2417,492954696,1266740280,471.5925,
002114.SZ,罗平锌电,2009-01-22,6.93,6.99,6.81,6.94,2024973,2.8303,496532016,1275932880,475.0148,
002114.SZ,罗平锌电,2009-01-23,6.89,6.9,6.71,6.73,2063149,2.8837,481507272,1237323960,460.6412,
002114.SZ,罗平锌电,2009-02-02,6.75,7.04,6.75,7.01,2241745,3.1333,501540264,1288802520,479.806,
002114.SZ,罗平锌电,2009-02-03,7.1,7.57,6.95,7.33,4087048,5.7124,524435112,1347635160,501.7087,
002114.SZ,罗平锌电,2009-02-04,7.5,7.5,7.3,7.45,4548475,6.3574,533020680,1369697400,509.9222,
002114.SZ,罗平锌电,2009-02-05,7.42,8.2,7.34,8.2,10554205,14.7516,586680480,1507586400,561.2567,
002114.SZ,罗平锌电,2009-02-06,8.29,9.02,8.25,9.02,8833230,12.3462,645348528,1658345040,617.3824,
002114.SZ,罗平锌电,2009-02-09,9.7,9.92,9.3,9.88,10256992,14.3361,706878432,1816457760,676.2458,
002114.SZ,罗平锌电,2009-02-10,10,10.76,9.88,10.16,8475916,11.8467,726911424,1867936320,695.4107,
002114.SZ,罗平锌电,2009-02-11,10.01,10.68,9.55,9.73,8488655,11.8645,696146472,1788879960,665.979,
002114.SZ,罗平锌电,2009-02-12,9.73,9.87,9.13,9.45,7390669,10.3299,676113480,1737401400,646.8141,
002114.SZ,罗平锌电,2009-02-13,9.3,9.79,9.3,9.64,6343223,8.8659,689707296,1772333280,659.8188,
002114.SZ,罗平锌电,2009-02-16,9.69,10.19,9.36,10,8096994,11.3171,715464000,1838520000,684.4594,
002114.SZ,罗平锌电,2009-02-17,9.98,10.45,9.51,9.76,8687176,12.142,698292864,1794395520,668.0323,
002114.SZ,罗平锌电,2009-02-18,9.5,9.67,8.9,8.95,5229178,7.3088,640340280,1645475400,612.5911,
002114.SZ,罗平锌电,2009-02-19,8.91,9.28,8.5,9.09,3348609,4.6803,650356776,1671214680,622.1736,
002114.SZ,罗平锌电,2009-02-20,9.1,9.99,8.8,9.83,5015883,7.0107,703301112,1807265160,672.8235,
002114.SZ,罗平锌电,2009-02-23,9.69,10.2,9.5,9.97,6973672,9.7471,713317608,1833004440,682.406,
002114.SZ,罗平锌电,2009-02-24,9.8,10.09,9.34,9.34,4647632,6.496,668243376,1717177680,639.285,
002114.SZ,罗平锌电,2009-02-25,9.51,9.77,9,9.59,3949648,5.5204,686129976,1763140680,656.3965,
002114.SZ,罗平锌电,2009-02-26,9.75,10.08,9.1,9.6,8414286,11.7606,686845440,1764979200,657.081,
002114.SZ,罗平锌电,2009-02-27,9.19,9.41,8.64,8.64,4240691,5.9272,618160896,1588481280,591.3729,
002114.SZ,罗平锌电,2009-03-02,8.5,8.75,7.78,8.49,3785655,5.2912,607428936,1560903480,-29.6769,
002114.SZ,罗平锌电,2009-03-03,8.1,8.45,8.02,8.19,3012790,4.211,585965016,1505747880,-28.6282,
002114.SZ,罗平锌电,2009-03-04,8.22,9,8.2,9,4925695,6.8846,643917600,1654668000,-31.4596,
002114.SZ,罗平锌电,2009-03-05,9.12,9.63,8.88,9.09,6687996,9.3478,650356776,1671214680,-31.7742,
002114.SZ,罗平锌电,2009-03-06,8.8,9,8.61,8.83,3169496,4.43,631754712,1623413160,-30.8653,
002114.SZ,罗平锌电,2009-03-09,8.9,8.95,8,8.11,3575434,4.9974,580241304,1491039720,-28.3486,
002114.SZ,罗平锌电,2009-03-10,7.95,8.54,7.8,8.42,3263791,4.5618,602420688,1548033840,-29.4322,
002114.SZ,罗平锌电,2009-03-11,8.58,8.8,8.2,8.28,2432787,3.4003,592404192,1522294560,-28.9428,
002114.SZ,罗平锌电,2009-03-12,8.2,8.47,8.05,8.4,2033956,2.8428,600989760,1544356800,-29.3623,
002114.SZ,罗平锌电,2009-03-13,8.4,8.52,8.2,8.28,1668071,2.3315,592404192,1522294560,-28.9428,
002114.SZ,罗平锌电,2009-03-16,8.29,8.79,8.11,8.71,3272955,4.5746,623169144,1601350920,-30.4459,
002114.SZ,罗平锌电,2009-03-17,8.76,9.5,8.62,9.3,5937095,8.2982,665381520,1709823600,-32.5082,
002114.SZ,罗平锌电,2009-03-18,9.31,9.89,9.16,9.43,8667684,12.1148,674682552,1733724360,-32.9626,
002114.SZ,罗平锌电,2009-03-19,9.42,9.78,9.32,9.54,5953238,8.3208,682552656,1753948080,-33.3471,
002114.SZ,罗平锌电,2009-03-20,9.56,10.44,9.54,10.21,12594836,17.6037,730488744,1877128920,-35.6891,
002114.SZ,罗平锌电,2009-03-23,10.21,10.21,10.21,10.21,--,--,730488744,1877128920,-35.6891,
002114.SZ,罗平锌电,2009-03-24,10.23,10.4,9.68,9.8,9105457,12.7266,701154720,1801749600,-34.256,
002114.SZ,罗平锌电,2009-03-25,9.65,10.2,9.37,9.48,7333785,10.2504,678259872,1742916960,-33.1374,
002114.SZ,罗平锌电,2009-03-26,9.44,9.9,9.09,9.85,5776549,8.0738,704732040,1810942200,-34.4307,
002114.SZ,罗平锌电,2009-03-27,9.87,9.88,9.49,9.6,5529896,7.7291,686845440,1764979200,-33.5569,
002114.SZ,罗平锌电,2009-03-30,9.55,9.55,9.25,9.37,3585237,5.0111,670389768,1722693240,-32.7529,
002114.SZ,罗平锌电,2009-03-31,9.18,9.65,9.08,9.54,4038275,5.6443,682552656,1753948080,-33.3471,
002114.SZ,罗平锌电,2009-04-01,9.68,10.06,9.56,9.83,6367418,8.8997,703301112,1807265160,-34.3608,
002114.SZ,罗平锌电,2009-04-02,9.75,9.85,9.6,9.68,4000290,5.5912,692569152,1779687360,-33.8365,
002114.SZ,罗平锌电,2009-04-03,9.74,9.76,9.23,9.36,4100133,5.7307,669674304,1720854720,-32.7179,
002114.SZ,罗平锌电,2009-04-07,9.37,9.58,9.3,9.55,2457233,3.4345,683268120,1755786600,-33.3821,
002114.SZ,罗平锌电,2009-04-08,9.46,9.5,8.93,9,2920753,4.0823,643917600,1654668000,-31.4596,
002114.SZ,罗平锌电,2009-04-09,9,9.14,8.92,9.13,1857632,2.5964,653218632,1678568760,-31.914,
002114.SZ,罗平锌电,2009-04-10,9.19,9.68,9.18,9.54,4301134,6.0117,682552656,1753948080,-33.3471,
002114.SZ,罗平锌电,2009-04-13,9.65,9.85,9.56,9.65,5127023,7.166,690422760,1774171800,-33.7316,
002114.SZ,罗平锌电,2009-04-14,9.6,9.84,9.46,9.69,3949749,5.5205,693284616,1781525880,-33.8715,
002114.SZ,罗平锌电,2009-04-15,9.7,10.66,9.51,10.66,7698696,10.7604,762684624,1959862320,-37.2621,
002114.SZ,罗平锌电,2009-04-16,11.5,11.73,11.31,11.73,4071493,5.6907,839239272,2156583960,-41.0023,
002114.SZ,罗平锌电,2009-04-17,12.44,12.8,11.72,12.01,22435943,31.3586,859272264,2208062520,-41.981,
002114.SZ,罗平锌电,2009-04-20,12,12.64,11.56,11.84,10536521,14.7268,847109376,2176807680,-41.3868,
002114.SZ,罗平锌电,2009-04-21,11.29,11.64,11.02,11.28,8560247,11.9646,807043392,2073850560,-39.4293,
002114.SZ,罗平锌电,2009-04-22,11.31,11.44,10.35,10.54,7594393,10.6146,754099056,1937800080,-36.8426,
002114.SZ,罗平锌电,2009-04-23,10.35,11.25,10.2,11.02,7508959,10.4952,788441328,2026049040,-38.5205,
002114.SZ,罗平锌电,2009-04-24,10.79,10.88,10.5,10.52,4603194,6.4339,752668128,1934123040,-36.7727,
002114.SZ,罗平锌电,2009-04-27,10.5,10.75,10,10.13,3364734,4.7029,724765032,1862420760,-35.4095,
002114.SZ,罗平锌电,2009-04-28,9.95,10.35,9.92,10.23,2601022,3.6354,731919672,1880805960,-72.0469,
002114.SZ,罗平锌电,2009-04-29,10.25,10.8,10.11,10.8,5130741,7.1712,772701120,1985601600,-76.0612,
002114.SZ,罗平锌电,2009-04-30,10.85,11.35,10.85,11.2,6973495,9.7468,801319680,2059142400,-78.8783,
002114.SZ,罗平锌电,2009-05-04,11.5,12.17,11.5,11.75,7917727,11.0666,840670200,2160261000,-82.7518,
002114.SZ,罗平锌电,2009-05-05,11.57,12.65,11.34,12.5,13347144,18.6552,894330000,2298150000,-88.0338,
002114.SZ,罗平锌电,2009-05-06,12.3,13.5,12.08,12.99,14290534,19.9738,929387736,2388237480,-91.4848,
002114.SZ,罗平锌电,2009-05-07,13.09,13.56,12.66,12.77,11476172,16.0402,913647528,2347790040,-89.9354,
002114.SZ,罗平锌电,2009-05-08,12.49,12.69,12,12.17,8193109,11.4515,870719688,2237478840,-85.7097,
002114.SZ,罗平锌电,2009-05-11,12.19,13.16,11.94,12.7,11481875,16.0482,908639280,2334920400,-89.4424,
002114.SZ,罗平锌电,2009-05-12,12.44,13.06,12.28,12.86,7570316,10.581,920086704,2364336720,-90.5692,
002114.SZ,罗平锌电,2009-05-13,12.86,13.49,12.73,12.93,9275221,12.9639,925094952,2377206360,-91.0622,
002114.SZ,罗平锌电,2009-05-14,12.49,12.78,12.3,12.59,4686119,6.5498,900769176,2314696680,-88.6677,
002114.SZ,罗平锌电,2009-05-15,12.54,12.68,12.11,12.34,5105260,7.1356,882882576,2268733680,-86.907,
002114.SZ,罗平锌电,2009-05-18,12.25,12.5,11.85,12.42,3749829,5.2411,888606288,2283441840,-87.4704,
002114.SZ,罗平锌电,2009-05-19,12.51,13.26,12.35,13.22,10124882,14.1515,945843408,2430523440,-93.1046,
002114.SZ,罗平锌电,2009-05-20,13,13.15,12.62,12.66,7522792,10.5146,905777424,2327566320,-89.1607,
002114.SZ,罗平锌电,2009-05-21,12.46,12.86,12.38,12.52,4815770,6.731,895760928,2301827040,-88.1747,
002114.SZ,罗平锌电,2009-05-22,12.48,12.77,12.3,12.57,2979890,4.165,899338248,2311019640,-88.5268,
002114.SZ,罗平锌电,2009-05-25,12.19,13,12.19,12.91,4996165,6.9831,923664024,2373529320,-90.9213,
002114.SZ,罗平锌电,2009-05-26,13,13.25,12.58,12.6,5463184,7.6359,901484640,2316535200,-88.7381,
002114.SZ,罗平锌电,2009-05-27,12.63,12.85,12.41,12.71,3267862,4.5675,909354744,2336758920,-89.5128,
002114.SZ,罗平锌电,2009-06-01,13.1,13.47,12.95,13.11,8722780,12.1918,937973304,2410299720,-92.3299,
002114.SZ,罗平锌电,2009-06-02,13.21,13.86,13.05,13.18,8691623,12.1482,942981552,2423169360,-92.8229,
002114.SZ,罗平锌电,2009-06-03,13.07,13.53,12.96,13.46,7850495,10.9726,963014544,2474647920,-94.7948,
002114.SZ,罗平锌电,2009-06-04,13.2,14.6,12.98,14.5,12377892,17.3005,1037422800,2665854000,-102.1193,
002114.SZ,罗平锌电,2009-06-05,14.11,14.8,14,14,10843022,15.1552,1001649600,2573928000,-98.5979,
002114.SZ,罗平锌电,2009-06-08,13.96,14.4,13.5,14.28,7430382,10.3854,1021682592,2625406560,-100.5699,
002114.SZ,罗平锌电,2009-06-09,14.07,14.19,13.51,13.74,4222427,5.9017,983047536,2526126480,-96.7668,
002114.SZ,罗平锌电,2009-06-10,13.95,14.3,13.78,13.78,4045008,5.6537,985909392,2533480560,-97.0485,
002114.SZ,罗平锌电,2009-06-11,13.74,13.74,13.29,13.32,4666940,6.523,952998048,2448908640,-93.8089,
002114.SZ,罗平锌电,2009-06-12,13.5,13.59,13,13.1,2922209,4.0844,937257840,2408461200,-92.2595,
002114.SZ,罗平锌电,2009-06-15,13.3,13.4,13.06,13.39,2084458,2.9134,958006296,2461778280,-94.3018,
002114.SZ,罗平锌电,2009-06-16,13.25,13.5,13.11,13.35,2200875,3.0762,955144440,2454424200,-94.0201,
002114.SZ,罗平锌电,2009-06-17,13.4,13.57,13.17,13.5,2505814,3.5024,965876400,2482002000,-95.0765,
002114.SZ,罗平锌电,2009-06-18,13.54,13.95,13.47,13.74,3874267,5.415,983047536,2526126480,-96.7668,
002114.SZ,罗平锌电,2009-06-19,13.87,13.93,13.34,13.38,3483999,4.8696,957290832,2459939760,-94.2314,
002114.SZ,罗平锌电,2009-06-22,13.49,13.56,13.1,13.25,2973765,4.1564,947989800,2436039000,-93.3159,
002114.SZ,罗平锌电,2009-06-23,13.09,13.29,13.01,13.1,2498808,3.4926,937257840,2408461200,-92.2595,
002114.SZ,罗平锌电,2009-06-24,13.18,13.75,13.01,13.6,4423897,6.1833,973031040,2500387200,-95.7808,
002114.SZ,罗平锌电,2009-06-25,13.7,13.74,13.26,13.28,3147802,4.3997,950136192,2441554560,-93.5272,
002114.SZ,罗平锌电,2009-06-26,13.28,13.38,13.17,13.2,1691135,2.3637,944412480,2426846400,-92.9637,
002114.SZ,罗平锌电,2009-06-29,13.45,13.45,13.16,13.31,2261792,3.1613,952282584,2447070120,-93.7384,
002114.SZ,罗平锌电,2009-06-30,13.22,13.69,13.15,13.48,4298008,6.0073,964445472,2478324960,-94.9357,
002114.SZ,罗平锌电,2009-07-01,13.34,13.86,13.3,13.8,5933692,8.2935,987340320,2537157600,-97.1894,
002114.SZ,罗平锌电,2009-07-02,13.9,14.47,13.88,14.16,10103849,14.1221,1013097024,2603344320,-99.7247,
002114.SZ,罗平锌电,2009-07-03,13.96,13.96,13.6,13.72,5465256,7.6388,981616608,2522449440,-96.6259,
002114.SZ,罗平锌电,2009-07-06,13.75,13.88,13.21,13.56,4690646,6.5561,970169184,2493033120,-95.4991,
002114.SZ,罗平锌电,2009-07-07,13.33,13.69,13.33,13.42,2867947,4.0085,960152688,2467293840,-94.5131,
002114.SZ,罗平锌电,2009-07-08,13.39,13.49,13.25,13.44,2812907,3.9316,961583616,2470970880,-94.654,
002114.SZ,罗平锌电,2009-07-09,13.43,13.68,13.3,13.61,3648731,5.0998,973746504,2502225720,-95.8512,
002114.SZ,罗平锌电,2009-07-10,13.8,14.12,13.68,13.7,5325098,7.4429,980185680,2518772400,-96.4851,
002114.SZ,罗平锌电,2009-07-13,13.51,13.9,13.4,13.8,4221153,5.8999,987340320,2537157600,-97.1894,
002114.SZ,罗平锌电,2009-07-14,13.8,14.4,13.8,14.18,6441088,9.0027,1014527952,2607021360,-99.8656,
002114.SZ,罗平锌电,2009-07-15,14.25,14.87,14.05,14.76,10682712,14.9312,1056024864,2713655520,-103.9504,
002114.SZ,罗平锌电,2009-07-16,14.78,15.3,14.08,14.19,11191781,15.6427,1015243416,2608859880,-99.936,
002114.SZ,罗平锌电,2009-07-17,14.1,14.78,14.06,14.59,7746332,10.827,1043861976,2682400680,-102.7531,
002114.SZ,罗平锌电,2009-07-20,15,16.05,15,16.05,13311934,18.606,1148319720,2950824600,-113.0354,
002114.SZ,罗平锌电,2009-07-21,16.85,16.98,15.5,15.68,19086914,26.6777,1121847552,2882799360,-110.4296,
002114.SZ,罗平锌电,2009-07-22,15.35,16.98,15.18,16.24,13615950,19.0309,1161913536,2985756480,-114.3736,
002114.SZ,罗平锌电,2009-07-23,16.23,16.79,15.98,16.12,8035333,11.2309,1153327968,2963694240,-113.5284,
002114.SZ,罗平锌电,2009-07-24,16.3,17.19,15.4,16.75,10643203,14.8759,1198402200,3079521000,-117.9653,
002114.SZ,罗平锌电,2009-07-27,16.61,17.88,16.31,17.45,12010554,16.7871,1248484680,3208217400,-122.8952,
002114.SZ,罗平锌电,2009-07-28,17.2,17.98,16.83,17.15,9644382,13.4799,1227020760,3153061800,-120.7824,
002114.SZ,罗平锌电,2009-07-29,16.8,17,15.44,15.6,6263052,8.7538,1116123840,2868091200,-109.8662,
002114.SZ,罗平锌电,2009-07-30,15.5,15.99,14.54,15.78,4901004,6.8501,1129002192,2901184560,-111.1339,
002114.SZ,罗平锌电,2009-07-31,15.85,17.13,15.85,16.95,7151195,9.9952,1212711480,3116291400,-70.3724,
002114.SZ,罗平锌电,2009-08-03,16.98,17.77,16.96,17.09,8399223,11.7395,1222727976,3142030680,-70.9537,
002114.SZ,罗平锌电,2009-08-04,17.38,17.67,16.7,16.98,7988997,11.1662,1214857872,3121806960,-70.497,
002114.SZ,罗平锌电,2009-08-05,16.81,17.08,16.1,16.69,5544438,7.7494,1194109416,3068489880,-69.293,
002114.SZ,罗平锌电,2009-08-06,16.46,16.46,15.8,15.98,4094302,5.7226,1143311472,2937954960,-66.3452,
002114.SZ,罗平锌电,2009-08-07,15.86,16.16,15.15,15.2,3143506,4.3937,1087505280,2794550400,-63.1068,
002114.SZ,罗平锌电,2009-08-10,15.44,15.74,15.15,15.67,2841955,3.9722,1121132088,2880960840,-65.0582,
002114.SZ,罗平锌电,2009-08-11,15.67,15.69,15.25,15.41,1579192,2.2072,1102530024,2833159320,-63.9787,
002114.SZ,罗平锌电,2009-08-12,15.35,15.35,14.2,14.22,2805689,3.9215,1017389808,2614375440,-59.0381,
002114.SZ,罗平锌电,2009-08-13,14.51,14.98,14.22,14.8,2894402,4.0455,1058886720,2721009600,-61.4461,
002114.SZ,罗平锌电,2009-08-14,14.81,14.98,14.4,14.5,2803340,3.9182,1037422800,2665854000,-60.2006,
002114.SZ,罗平锌电,2009-08-17,13.89,14.16,13.05,13.05,2757438,3.8541,933680520,2399268600,-54.1805,
002114.SZ,罗平锌电,2009-08-18,13.03,13.39,12.65,13.34,2083813,2.9125,954428976,2452585680,-55.3846,
002114.SZ,罗平锌电,2009-08-19,13.34,13.34,12.01,12.02,2665549,3.7256,859987728,2209901040,-49.9042,
002114.SZ,罗平锌电,2009-08-20,12.06,12.57,11.83,12.55,2790284,3.9,897907320,2307342600,-52.1047,
002114.SZ,罗平锌电,2009-08-21,12.34,12.89,12.2,12.86,2774865,3.8784,920086704,2364336720,-53.3917,
002114.SZ,罗平锌电,2009-08-24,13.35,13.5,13,13.33,3844844,5.3739,953713512,2450747160,-55.343,
002114.SZ,罗平锌电,2009-08-25,13.1,13.1,12.2,12.75,3384896,4.7311,912216600,2344113000,-52.935,
002114.SZ,罗平锌电,2009-08-26,12.5,13.3,12.36,13.12,2774289,3.8776,938688768,2412138240,-54.4712,
002114.SZ,罗平锌电,2009-08-27,12.79,13.44,12.77,13.23,2769816,3.8714,946558872,2432361960,-54.9279,
002114.SZ,罗平锌电,2009-08-28,13.16,13.66,13.11,13.43,3793414,5.302,960868152,2469132360,-55.7582,
002114.SZ,罗平锌电,2009-08-31,13.25,13.25,12.23,12.32,2370588,3.3134,881451648,2265056640,-51.1498,
002114.SZ,罗平锌电,2009-09-01,12.33,12.55,11.82,11.98,2229383,3.116,857125872,2202546960,-49.7382,
002114.SZ,罗平锌电,2009-09-02,11.7,12.12,11.56,11.86,1608436,2.2481,848540304,2180484720,-49.2399,
002114.SZ,罗平锌电,2009-09-03,11.9,12.87,11.9,12.86,3539420,4.947,920086704,2364336720,-53.3917,
002114.SZ,罗平锌电,2009-09-04,13,13.89,12.9,13.7,6957076,9.7239,980185680,2518772400,-56.8792,
002114.SZ,罗平锌电,2009-09-07,13.74,13.99,13.23,13.74,6840938,9.5615,983047536,2526126480,-57.0453,
002114.SZ,罗平锌电,2009-09-08,13.51,14,13.22,13.9,5039833,7.0441,994494960,2555542800,-57.7095,
002114.SZ,罗平锌电,2009-09-09,14.32,15.29,14.32,15.29,14371995,20.0877,1093944456,2811097080,-63.4805,
002114.SZ,罗平锌电,2009-09-10,15.29,15.29,15.29,15.29,--,--,1093944456,2811097080,-63.4805,
002114.SZ,罗平锌电,2009-09-11,15.29,15.29,15.29,15.29,--,--,1093944456,2811097080,-63.4805,
002114.SZ,罗平锌电,2009-09-14,14.9,15.78,14.6,15.28,11936937,16.6842,1093228992,2809258560,-63.439,
002114.SZ,罗平锌电,2009-09-15,15.25,16.25,14.83,15.49,10190706,14.2435,1108253736,2847867480,-64.3109,
002114.SZ,罗平锌电,2009-09-16,15.5,15.82,15.07,15.45,6677214,9.3327,1105391880,2840513400,-64.1448,
002114.SZ,罗平锌电,2009-09-17,15.5,15.95,15.39,15.49,6536829,9.1365,1108253736,2847867480,-64.3109,
002114.SZ,罗平锌电,2009-09-18,15.32,15.4,14.08,14.55,5315204,7.429,1041000120,2675046600,-60.4082,
002114.SZ,罗平锌电,2009-09-21,14.4,14.99,13.83,14.97,3647104,5.0975,1071049608,2752264440,-62.1519,
002114.SZ,罗平锌电,2009-09-22,14.83,15.15,14.4,14.4,2484014,3.4719,1030268160,2647468800,-59.7854,
002114.SZ,罗平锌电,2009-09-23,14.25,14.7,13.96,14,2302725,3.2185,1001649600,2573928000,-58.1247,
002114.SZ,罗平锌电,2009-09-24,13.99,14.22,13.52,13.95,2269580,3.1722,998072280,2564735400,-57.9171,
002114.SZ,罗平锌电,2009-09-25,13.97,13.97,13.33,13.43,1929007,2.6962,960868152,2469132360,-55.7582,
002114.SZ,罗平锌电,2009-09-28,13.45,13.66,12.36,12.58,1941015,2.7129,900053712,2312858160,-52.2292,
002114.SZ,罗平锌电,2009-09-29,12.6,12.76,11.75,12.25,2365715,3.3065,876443400,2252187000,-50.8591,
002114.SZ,罗平锌电,2009-09-30,12.4,13.45,12.4,13.1,3297962,4.6095,937257840,2408461200,-54.3881,
002114.SZ,罗平锌电,2009-10-09,14.38,14.41,13.82,14.41,5055290,7.0658,1030983624,2649307320,-59.8269,
002114.SZ,罗平锌电,2009-10-12,14.58,14.59,14.01,14.18,3872102,5.412,1014527952,2607021360,-58.872,
002114.SZ,罗平锌电,2009-10-13,14.01,14.34,13.75,14.2,3420980,4.7815,1015958880,2610698400,-58.9551,
002114.SZ,罗平锌电,2009-10-14,14.1,14.68,14.01,14.32,4811815,6.7254,1024544448,2632760640,-59.4533,
002114.SZ,罗平锌电,2009-10-15,14.5,14.65,14.01,14.18,2790741,3.9006,1014527952,2607021360,-58.872,
002114.SZ,罗平锌电,2009-10-16,14.2,14.27,13.61,13.89,3290237,4.5987,993779496,2553704280,-57.668,
002114.SZ,罗平锌电,2009-10-19,13.93,14.5,13.68,14.46,4493543,6.2806,1034560944,2658499920,-60.0345,
002114.SZ,罗平锌电,2009-10-20,14.62,14.9,14.49,14.66,5052799,7.0623,1048870224,2695270320,-60.8649,
002114.SZ,罗平锌电,2009-10-21,14.59,15.8,14.41,15.23,7589837,10.6083,1089651672,2800065960,-63.2314,
002114.SZ,罗平锌电,2009-10-22,15.75,15.94,15.14,15.4,8757836,12.2408,1101814560,2831320800,-63.9372,
002114.SZ,罗平锌电,2009-10-23,15.3,16.49,15.22,16.4,13678929,19.119,1173360960,3015172800,-68.089,
002114.SZ,罗平锌电,2009-10-26,16.4,17.69,16.2,16.91,15510123,21.6784,1209849624,3108937320,-70.2064,
002114.SZ,罗平锌电,2009-10-27,16.54,17.58,16.18,17,13755340,19.2258,1216288800,3125484000,-70.58,
002114.SZ,罗平锌电,2009-10-28,16.66,17.2,15.9,16.6,8697353,12.1562,1187670240,3051943200,-68.9193,
002114.SZ,罗平锌电,2009-10-29,15.99,16.28,15.7,16.04,6031504,8.4302,1147604256,2948986080,-74.5228,
002114.SZ,罗平锌电,2009-10-30,16.6,16.75,15.83,15.88,5075004,7.0933,1136156832,2919569760,-73.7794,
002114.SZ,罗平锌电,2009-11-02,15.06,16.3,15,16.23,6591758,9.2133,1161198072,2983917960,-75.4056,
002114.SZ,罗平锌电,2009-11-03,16.2,16.75,16.12,16.25,5094904,7.1211,1162629000,2987595000,-75.4985,
002114.SZ,罗平锌电,2009-11-04,16.38,16.7,16.1,16.6,6672779,9.3265,1187670240,3051943200,-77.1246,
002114.SZ,罗平锌电,2009-11-05,16.61,17.1,16.47,17,6039376,8.4412,1216288800,3125484000,-78.983,
002114.SZ,罗平锌电,2009-11-06,17.01,17.25,16.68,16.8,5619458,7.8543,1201979520,3088713600,-78.0538,
002114.SZ,罗平锌电,2009-11-09,16.75,16.98,16.58,16.81,3469442,4.8492,1202694984,3090552120,-78.1003,
002114.SZ,罗平锌电,2009-11-10,17.07,17.07,16.55,16.65,3019424,4.2202,1191247560,3061135800,-77.3569,
002114.SZ,罗平锌电,2009-11-11,16.55,16.65,16.17,16.31,2733688,3.8209,1166921784,2998626120,-75.7772,
002114.SZ,罗平锌电,2009-11-12,16.3,16.76,16.3,16.55,2919146,4.0801,1184092920,3042750600,-76.8923,
002114.SZ,罗平锌电,2009-11-13,16.49,17.21,16.27,17.17,6434710,8.9938,1228451688,3156738840,-79.7729,
002114.SZ,罗平锌电,2009-11-16,17.4,17.9,17.07,17.72,7181861,10.038,1267802208,3257857440,-82.3282,
002114.SZ,罗平锌电,2009-11-17,17.75,19.38,17.75,18.38,8779971,12.2717,1315022832,3379199760,-85.3946,
002114.SZ,罗平锌电,2009-11-18,18.1,18.68,17.75,18.02,5145538,7.1919,1289266128,3313013040,-83.722,
002114.SZ,罗平锌电,2009-11-19,17.95,18.28,17.9,18.13,3195769,4.4667,1297136232,3333236760,-84.2331,
002114.SZ,罗平锌电,2009-11-20,18.13,18.9,18.13,18.55,5216288,7.2908,1327185720,3410454600,-86.1844,
002114.SZ,罗平锌电,2009-11-23,18.55,19.43,18.55,19.33,5210451,7.2826,1382991912,3553859160,-89.8083,
002114.SZ,罗平锌电,2009-11-24,19.4,19.45,17.63,17.92,6087200,8.508,1282111488,3294627840,-83.2574,
002114.SZ,罗平锌电,2009-11-25,17.8,18.5,17.28,18.31,4896598,6.8439,1310014584,3366330120,-85.0694,
002114.SZ,罗平锌电,2009-11-26,18.5,19.2,17.35,17.45,5212274,7.2852,1248484680,3208217400,-81.0737,
002114.SZ,罗平锌电,2009-11-27,17,17.3,16.18,16.53,4693359,6.5599,1182661992,3039073560,-76.7994,
002114.SZ,罗平锌电,2009-11-30,16.51,17.19,16.51,17.19,2761734,3.8601,1229882616,3160415880,-79.8658,
002114.SZ,罗平锌电,2009-12-01,17.28,17.59,17.1,17.55,2340758,3.2717,1255639320,3226602600,-81.5384,
002114.SZ,罗平锌电,2009-12-02,17.65,18.4,17.65,18.2,4007086,5.6007,1302144480,3346106400,-84.5583,
002114.SZ,罗平锌电,2009-12-03,18.2,18.47,17.75,17.96,3136699,4.3841,1284973344,3301981920,-83.4432,
002114.SZ,罗平锌电,2009-12-04,17.68,18.09,17.1,17.52,3819107,5.3379,1253492928,3221087040,-81.399,
002114.SZ,罗平锌电,2009-12-07,17.55,17.77,17.25,17.73,1581537,2.2105,1268517672,3259695960,-82.3746,
002114.SZ,罗平锌电,2009-12-08,17.64,18.26,17.3,18.1,3229313,4.5136,1294989840,3327721200,-84.0937,
002114.SZ,罗平锌电,2009-12-09,17.6,17.94,17.32,17.46,2178783,3.0453,1249200144,3210055920,-81.1202,
002114.SZ,罗平锌电,2009-12-10,17.69,17.85,17.36,17.51,1304731,1.8236,1252777464,3219248520,-81.3525,
002114.SZ,罗平锌电,2009-12-11,17.6,18.02,17.54,17.72,2235664,3.1248,1267802208,3257857440,-82.3282,
002114.SZ,罗平锌电,2009-12-14,17.68,17.89,16.8,17.84,2086591,2.9164,1276387776,3279919680,-82.8857,
002114.SZ,罗平锌电,2009-12-15,17.83,18.24,17.75,18,3253150,4.5469,1287835200,3309336000,-83.6291,
002114.SZ,罗平锌电,2009-12-16,18,18.08,17.41,17.46,2285280,3.1941,1249200144,3210055920,-81.1202,
002114.SZ,罗平锌电,2009-12-17,17.7,17.99,17.03,17.08,2460508,3.439,1222012512,3140192160,-79.3547,
002114.SZ,罗平锌电,2009-12-18,16.8,16.8,16.2,16.24,1944828,2.7183,1161913536,2985756480,-75.452,
002114.SZ,罗平锌电,2009-12-21,16.3,16.57,16.06,16.49,1590082,2.2224,1179800136,3031719480,-76.6135,
002114.SZ,罗平锌电,2009-12-22,16.55,16.58,15.65,15.65,1520256,2.1249,1119701160,2877283800,-72.7108,
002114.SZ,罗平锌电,2009-12-23,15.51,16.38,15.51,16.32,2346307,3.2794,1167637248,3000464640,-75.8237,
002114.SZ,罗平锌电,2009-12-24,16.48,17.19,16.48,16.93,2592272,3.6232,1211280552,3112614360,-78.6578,
002114.SZ,罗平锌电,2009-12-25,16.93,17.23,16.72,17.03,1750794,2.4471,1218435192,3130999560,-79.1224,
002114.SZ,罗平锌电,2009-12-28,16.99,18.1,16.85,17.72,3456546,4.8312,1267802208,3257857440,-82.3282,
002114.SZ,罗平锌电,2009-12-29,17.78,17.95,17.5,17.9,2621841,3.6645,1280680560,3290950800,-83.1645,
002114.SZ,罗平锌电,2009-12-30,17.61,18,17.55,17.95,1802795,2.5198,1284257880,3300143400,-83.3968,
002114.SZ,罗平锌电,2009-12-31,17.95,17.95,17.95,17.95,--,--,1284257880,3300143400,-83.3968,
002114.SZ,罗平锌电,2010-01-04,18,18.2,17.76,17.9,1748910,2.4444,1280680560,3290950800,-83.1645,
002114.SZ,罗平锌电,2010-01-05,18,18.6,17.9,18.41,4507352,6.2999,1317169224,3384715320,-85.534,
002114.SZ,罗平锌电,2010-01-06,18.4,18.52,17.72,17.75,3773001,5.2735,1269948600,3263373000,-82.4676,
002114.SZ,罗平锌电,2010-01-07,17.99,18.36,17.48,17.58,3711896,5.1881,1257785712,3232118160,-81.6777,
002114.SZ,罗平锌电,2010-01-08,17.18,17.25,16.8,17.25,2357164,3.2946,1234175400,3171447000,-80.1445,
002114.SZ,罗平锌电,2010-01-11,17.58,17.68,17,17.23,1516654,2.1198,1232744472,3167769960,-80.0516,
002114.SZ,罗平锌电,2010-01-12,17.23,17.49,16.8,17.45,1984055,2.7731,1248484680,3208217400,-81.0737,
002114.SZ,罗平锌电,2010-01-13,16.97,17.2,16.8,16.88,2387599,3.3371,1207703232,3103421760,-78.4255,
002114.SZ,罗平锌电,2010-01-14,16.88,18.05,16.88,17.94,4223407,5.903,1283542416,3298304880,-83.3503,
002114.SZ,罗平锌电,2010-01-15,18.1,18.1,17.71,17.86,2189164,3.0598,1277818704,3283596720,-82.9786,
002114.SZ,罗平锌电,2010-01-18,17.8,18.26,17.8,18.1,2403290,3.3591,1294989840,3327721200,-84.0937,
002114.SZ,罗平锌电,2010-01-19,18.08,18.69,17.98,18.67,4239998,5.9262,1335771288,3432516840,-86.7419,
002114.SZ,罗平锌电,2010-01-20,18.81,19.62,18.51,18.85,9159130,12.8017,1348649640,3465610200,-87.5782,
002114.SZ,罗平锌电,2010-01-21,18.7,19.12,18.46,18.89,3420010,4.7801,1351511496,3472964280,-87.7641,
002114.SZ,罗平锌电,2010-01-22,18.78,18.85,17.56,17.74,3789703,5.2968,1269233136,3261534480,-82.4211,
002114.SZ,罗平锌电,2010-01-25,17.6,18.09,17.01,17.03,2037781,2.8482,1218435192,3130999560,-79.1224,
002114.SZ,罗平锌电,2010-01-26,17.08,17.48,16.5,16.75,2017861,2.8204,1198402200,3079521000,-77.8215,
002114.SZ,罗平锌电,2010-01-27,16.8,17.15,16.51,16.67,1034701,1.4462,1192678488,3064812840,-77.4498,
002114.SZ,罗平锌电,2010-01-28,16.91,17.17,16.72,16.96,916288,1.2807,1213426944,3118129920,-78.7972,
002114.SZ,罗平锌电,2010-01-29,16.5,17.69,16.5,17.1,1499250,2.0955,1223443440,3143869200,-79.4476,
002114.SZ,罗平锌电,2010-02-01,16.85,17.28,16.71,16.95,838103,1.1714,1212711480,3116291400,-78.7507,
002114.SZ,罗平锌电,2010-02-02,17.2,17.79,17.16,17.38,2038001,2.8485,1243476432,3195347760,-80.7485,
002114.SZ,罗平锌电,2010-02-03,17.65,18,16.9,17.95,1946124,2.7201,1284257880,3300143400,-83.3968,
002114.SZ,罗平锌电,2010-02-04,17.98,18.45,17.78,18.19,2567345,3.5884,1301429016,3344267880,-84.5118,
002114.SZ,罗平锌电,2010-02-05,17.4,17.8,17.16,17.35,2181150,3.0486,1241330040,3189832200,-80.6091,
002114.SZ,罗平锌电,2010-02-08,17.3,17.49,16.85,17.06,904935,1.2648,1220581584,3136515120,-79.2618,
002114.SZ,罗平锌电,2010-02-09,17,17.4,16.88,17.07,907214,1.268,1221297048,3138353640,-79.3082,
002114.SZ,罗平锌电,2010-02-10,17.07,17.07,17.07,17.07,--,--,1221297048,3138353640,-79.3082,
002114.SZ,罗平锌电,2010-02-11,17.36,17.41,17.02,17.02,817862,1.1431,1217719728,3129161040,-79.0759,
002114.SZ,罗平锌电,2010-02-12,17.15,17.65,17.15,17.35,1400499,1.9575,1241330040,3189832200,401.909,
002114.SZ,罗平锌电,2010-02-22,17.61,17.8,17.06,17.45,1314993,1.838,1248484680,3208217400,404.2255,
002114.SZ,罗平锌电,2010-02-23,17.21,17.51,17.1,17.37,1671449,2.3362,1242760968,3193509240,402.3723,
002114.SZ,罗平锌电,2010-02-24,17.3,18.15,17.22,18.12,2665220,1.4497,3331398240,3331398240,419.7459,
002114.SZ,罗平锌电,2010-02-25,18.15,19.5,17.5,19.3,13988511,7.6086,3548343600,3548343600,447.0803,
002114.SZ,罗平锌电,2010-02-26,18.45,18.98,18.15,18.43,8503170,4.625,3388392360,3388392360,426.927,
002114.SZ,罗平锌电,2010-03-01,18.48,19.25,18.48,18.65,6877540,3.7408,3428839800,3428839800,432.0232,
002114.SZ,罗平锌电,2010-03-02,18.6,18.72,18.16,18.39,3635949,1.9776,3381038280,3381038280,426.0004,
002114.SZ,罗平锌电,2010-03-03,18.25,18.87,18.25,18.65,4084791,2.2218,3428839800,3428839800,432.0232,
002114.SZ,罗平锌电,2010-03-04,18.65,18.89,17.6,17.75,3385743,1.8416,3263373000,3263373000,411.1749,
002114.SZ,罗平锌电,2010-03-05,17.8,18.22,17.63,18.03,2383450,1.2964,3314851560,3314851560,417.661,
002114.SZ,罗平锌电,2010-03-08,18.08,18.28,18.08,18.19,1845229,1.0036,3344267880,3344267880,421.3674,
002114.SZ,罗平锌电,2010-03-09,18.24,19.35,17.7,18.7,5191831,2.8239,3438032400,3438032400,433.1815,
002114.SZ,罗平锌电,2010-03-10,18.58,19.18,18.47,18.73,3146511,1.7114,3443547960,3443547960,433.8764,
002114.SZ,罗平锌电,2010-03-11,18.55,18.7,18.05,18.2,2159185,1.1744,3346106400,3346106400,421.5991,
002114.SZ,罗平锌电,2010-03-12,18.2,18.2,18.2,18.2,--,--,3346106400,3346106400,421.5991,
002114.SZ,罗平锌电,2010-03-15,17.98,17.98,17.1,17.32,2764119,1.5034,3184316640,3184316640,401.2141,
002114.SZ,罗平锌电,2010-03-16,17.31,17.45,16.99,17.33,1397284,0.76,3186155160,3186155160,401.4457,
002114.SZ,罗平锌电,2010-03-17,17.32,18.01,17.3,17.89,2234407,1.2153,3289112280,3289112280,414.418,
002114.SZ,罗平锌电,2010-03-18,17.9,18.35,17.86,18.1,1952143,1.0618,3327721200,3327721200,419.2826,
002114.SZ,罗平锌电,2010-03-19,18.12,18.64,17.92,18.34,2345288,1.2756,3371845680,3371845680,424.8421,
002114.SZ,罗平锌电,2010-03-22,18.16,18.46,18,18.19,1918755,1.0436,3344267880,3344267880,421.3674,
002114.SZ,罗平锌电,2010-03-23,18.4,18.78,18.19,18.65,4133284,2.2482,3428839800,3428839800,432.0232,
002114.SZ,罗平锌电,2010-03-24,18.84,19.27,18.63,19,6329600,3.4428,3493188000,3493188000,440.1309,
002114.SZ,罗平锌电,2010-03-25,18.93,19.34,18.65,19.04,4585971,2.4944,3500542080,3500542080,441.0575,
002114.SZ,罗平锌电,2010-03-26,19.18,19.46,18.78,19.46,4760166,2.5891,3577759920,3577759920,450.7867,
002114.SZ,罗平锌电,2010-03-29,19.46,20.14,19.15,19.2,6108241,3.3224,3529958400,3529958400,444.7639,
002114.SZ,罗平锌电,2010-03-30,19.05,19.34,19.05,19.05,2659809,1.4467,3502380600,3502380600,441.2891,
002114.SZ,罗平锌电,2010-03-31,19,19.26,18.7,19.2,3406941,1.8531,3529958400,3529958400,444.7639,
002114.SZ,罗平锌电,2010-04-01,19.2,20.12,19.2,19.78,4039047,2.1969,3636592560,3636592560,458.1994,
002114.SZ,罗平锌电,2010-04-02,20.09,20.8,20.02,20.08,5022564,2.7319,3691748160,3691748160,465.1489,
002114.SZ,罗平锌电,2010-04-06,20.15,21.19,19.9,21.05,5347578,2.9086,3870084600,3870084600,487.6187,
002114.SZ,罗平锌电,2010-04-07,20.89,21.49,20.71,21,3628247,1.9735,3860892000,3860892000,486.4604,
002114.SZ,罗平锌电,2010-04-08,21.07,21.8,20.77,21.36,3775652,2.0536,3927078720,3927078720,494.7998,
002114.SZ,罗平锌电,2010-04-09,21.5,21.77,20.79,20.98,6824145,3.7118,3857214960,3857214960,485.9972,
002114.SZ,罗平锌电,2010-04-12,21.01,21.54,20.69,21.4,6011856,3.2699,3934432800,3934432800,495.7264,
002114.SZ,罗平锌电,2010-04-13,21.42,21.92,20.7,21.84,6014171,3.2712,4015327680,4015327680,505.9189,
002114.SZ,罗平锌电,2010-04-14,21.84,23.1,21.84,22.91,6134626,3.3367,4212049320,4212049320,530.7052,
002114.SZ,罗平锌电,2010-04-15,23.04,23.04,21.6,21.83,5210787,2.8342,4013489160,4013489160,505.6872,
002114.SZ,罗平锌电,2010-04-16,21.7,22.75,21.61,22.16,3372724,1.8345,4074160320,4074160320,513.3316,
002114.SZ,罗平锌电,2010-04-19,21.62,22,21.13,21.35,3934906,2.1403,3925240200,3925240200,494.5681,
002114.SZ,罗平锌电,2010-04-20,21.26,21.71,20.41,21.71,4345734,2.3637,3991426920,3991426920,502.9074,
002114.SZ,罗平锌电,2010-04-21,21.31,22.22,21.31,21.9,3910365,2.1269,4026358800,4026358800,507.3087,
002114.SZ,罗平锌电,2010-04-22,21.88,24.08,21.83,23.6,5980711,3.253,4338907200,4338907200,546.6889,
002114.SZ,罗平锌电,2010-04-23,23.05,24.85,23.05,23.55,6120710,3.3292,4329714600,4329714600,545.5306,
002114.SZ,罗平锌电,2010-04-26,23.21,24.6,23.21,23.98,4134264,2.2487,4408770960,4408770960,-513.6498,
002114.SZ,罗平锌电,2010-04-27,23.9,24.29,23.46,24.03,2740158,1.4904,4417963560,4417963560,-514.7208,
002114.SZ,罗平锌电,2010-04-28,23.9,23.9,22.7,22.9,2097804,1.141,4210210800,4210210800,-490.5163,
002114.SZ,罗平锌电,2010-04-29,23.15,23.15,21.02,21.25,3628932,1.9738,3906855000,3906855000,-455.1735,
002114.SZ,罗平锌电,2010-04-30,21.3,21.78,20.6,21,2379392,1.2942,3860892000,3860892000,-449.8185,
002114.SZ,罗平锌电,2010-05-04,20.68,21.88,20.45,21.59,1922925,1.0459,3969364680,3969364680,-462.4562,
002114.SZ,罗平锌电,2010-05-05,21.68,22.46,20.66,22.46,2023838,1.1008,4129315920,4129315920,-481.0916,
002114.SZ,罗平锌电,2010-05-06,22.7,22.7,21.01,21.8,4045893,2.2006,4007973600,4007973600,-466.9544,
002114.SZ,罗平锌电,2010-05-07,20.68,21.86,20.68,21.35,1395246,0.7589,3925240200,3925240200,-457.3155,
002114.SZ,罗平锌电,2010-05-10,21.23,21.79,20.5,20.96,1065701,0.5797,3853537920,3853537920,-448.9617,
002114.SZ,罗平锌电,2010-05-11,21.35,21.58,19.4,19.48,2332009,1.2684,3581436960,3581436960,-417.2602,
002114.SZ,罗平锌电,2010-05-12,19.38,19.4,17.53,18.38,2406112,1.3087,3379199760,3379199760,-393.6983,
002114.SZ,罗平锌电,2010-05-13,18.4,18.95,18.05,18.95,1233335,0.6708,3483995400,3483995400,-405.9076,
002114.SZ,罗平锌电,2010-05-14,18.9,19.7,18.5,19.38,1721233,0.9362,3563051760,3563051760,-415.1182,
002114.SZ,罗平锌电,2010-05-17,19,19.03,17.8,17.99,1231762,0.67,3307497480,3307497480,-385.3445,
002114.SZ,罗平锌电,2010-05-18,17.88,18.38,17.31,17.9,1515125,0.8241,3290950800,3290950800,-383.4167,
002114.SZ,罗平锌电,2010-05-19,17.91,18.39,17.62,18.12,1007446,0.548,3331398240,3331398240,-388.1291,
002114.SZ,罗平锌电,2010-05-20,17.81,18.42,17.81,17.91,938834,0.5106,3292789320,3292789320,-383.6309,
002114.SZ,罗平锌电,2010-05-21,17.68,18.4,17.1,18.3,1196874,0.651,3364491600,3364491600,-391.9847,
002114.SZ,罗平锌电,2010-05-24,18.1,19.15,18.1,19.1,2631910,1.4315,3511573200,3511573200,-409.1206,
002114.SZ,罗平锌电,2010-05-25,18.85,19.53,18.61,18.92,1756728,0.9555,3478479840,3478479840,-405.265,
002114.SZ,罗平锌电,2010-05-26,18.92,19.85,18.81,19.45,2601740,1.4151,3575921400,3575921400,-416.6176,
002114.SZ,罗平锌电,2010-05-27,19.56,20.65,19.1,20.49,2498291,1.3589,3767127480,3767127480,-438.8943,
002114.SZ,罗平锌电,2010-05-28,20.6,21,20.36,20.56,2430086,1.3218,3779997120,3779997120,-440.3937,
002114.SZ,罗平锌电,2010-05-31,20.56,20.56,19.6,19.62,1536420,0.8357,3607176240,3607176240,-420.259,
002114.SZ,罗平锌电,2010-06-01,19.45,20.16,19.08,19.3,2010574,1.0936,3548343600,3548343600,-413.4046,
002114.SZ,罗平锌电,2010-06-02,19.07,19.66,19,19.66,806355,0.4386,3614530320,3614530320,-421.1158,
002114.SZ,罗平锌电,2010-06-03,19.66,20.08,19.08,19.44,1112169,0.6049,3574082880,3574082880,-416.4034,
002114.SZ,罗平锌电,2010-06-04,19.58,19.86,19.1,19.76,884809,0.4813,3632915520,3632915520,-423.2578,
002114.SZ,罗平锌电,2010-06-07,19.5,20.32,19.3,20.32,1662411,0.9042,3735872640,3735872640,-435.2529,
002114.SZ,罗平锌电,2010-06-08,20.43,20.72,20.05,20.32,1258662,0.6846,3735872640,3735872640,-435.2529,
002114.SZ,罗平锌电,2010-06-09,20.48,20.95,20.4,20.9,1183547,0.6437,3842506800,3842506800,-447.6765,
002114.SZ,罗平锌电,2010-06-10,20.92,21.15,20.63,20.79,892967,0.4857,3822283080,3822283080,-445.3203,
002114.SZ,罗平锌电,2010-06-11,20.82,22.4,20.82,21.42,3116717,1.6952,3938109840,3938109840,-458.8148,
002114.SZ,罗平锌电,2010-06-17,21.46,21.85,20.94,20.98,1263701,0.6873,3857214960,3857214960,-449.3901,
002114.SZ,罗平锌电,2010-06-18,21.19,21.4,19.18,19.2,1381062,0.7512,3529958400,3529958400,-411.2626,
002114.SZ,罗平锌电,2010-06-21,19.3,19.9,19,19.9,1323346,0.7198,3658654800,3658654800,-426.2566,
002114.SZ,罗平锌电,2010-06-22,19.68,20.8,19.55,20.04,1287452,0.7003,3684394080,3684394080,-429.2553,
002114.SZ,罗平锌电,2010-06-23,20.04,20.46,19.62,20.04,1061605,0.5774,3684394080,3684394080,-429.2553,
002114.SZ,罗平锌电,2010-06-24,19.81,20.01,19.3,19.59,961829,0.5232,3601660680,3601660680,-419.6164,
002114.SZ,罗平锌电,2010-06-25,19.65,19.65,18.71,18.83,989629,0.5383,3461933160,3461933160,-403.3372,
002114.SZ,罗平锌电,2010-06-28,19.02,19.02,18.2,18.31,1090336,0.5931,3366330120,3366330120,-392.1989,
002114.SZ,罗平锌电,2010-06-29,18.2,18.6,17,17.2,1422868,0.7739,3162254400,3162254400,-368.4228,
002114.SZ,罗平锌电,2010-06-30,16.93,17.5,16.71,17.4,976513,0.5311,3199024800,3199024800,-372.7067,
002114.SZ,罗平锌电,2010-07-01,17.39,17.58,17.09,17.23,664397,0.3614,3167769960,3167769960,-369.0653,
002114.SZ,罗平锌电,2010-07-02,17.01,17.2,15.51,15.65,2249605,1.2236,2877283800,2877283800,-335.2219,
002114.SZ,罗平锌电,2010-07-05,15.18,15.45,14.8,14.95,1127717,0.6134,2748587400,2748587400,-320.2279,
002114.SZ,罗平锌电,2010-07-06,14.95,15.69,14.82,15.46,1348687,0.7336,2842351920,2842351920,-331.1521,
002114.SZ,罗平锌电,2010-07-07,15.7,15.78,15.22,15.78,1252292,0.6811,2901184560,2901184560,-338.0064,
002114.SZ,罗平锌电,2010-07-08,15.96,16.27,15.7,15.81,1787782,0.9724,2906700120,2906700120,-338.649,
002114.SZ,罗平锌电,2010-07-09,15.9,16.21,15.62,16.14,1320590,0.7183,2967371280,2967371280,-345.7176,
002114.SZ,罗平锌电,2010-07-12,15.93,16.49,15.93,16.25,1398844,0.7609,2987595000,2987595000,-348.0738,
002114.SZ,罗平锌电,2010-07-13,16.25,16.25,15.4,15.61,1146090,0.6234,2869929720,2869929720,-334.3651,
002114.SZ,罗平锌电,2010-07-14,15.61,16.45,15.61,15.84,1224292,0.6659,2912215680,2912215680,-339.2917,
002114.SZ,罗平锌电,2010-07-15,15.29,15.77,15.21,15.25,1205442,0.6557,2803743000,2803743000,-326.6539,
002114.SZ,罗平锌电,2010-07-16,15.17,15.25,14.9,15.06,794058,0.4319,2768811120,2768811120,-322.5841,
002114.SZ,罗平锌电,2010-07-19,14.91,15.85,14.9,15.8,1230197,0.6691,2904861600,2904861600,-338.4348,
002114.SZ,罗平锌电,2010-07-20,15.98,17.38,15.91,17.28,3271364,1.7793,3176962560,3176962560,-370.1364,
002114.SZ,罗平锌电,2010-07-21,17.28,17.28,16.82,16.9,1771487,0.9635,3107098800,3107098800,-361.9968,
002114.SZ,罗平锌电,2010-07-22,16.7,17.59,16.63,17.34,2015160,1.0961,3187993680,3187993680,-371.4215,
002114.SZ,罗平锌电,2010-07-23,17.5,17.65,16.86,17.14,1701098,0.9253,3151223280,3151223280,-367.1375,
002114.SZ,罗平锌电,2010-07-26,17.15,17.49,17.11,17.28,1403971,0.7636,3176962560,3176962560,-370.1364,
002114.SZ,罗平锌电,2010-07-27,17.25,17.68,17.2,17.36,1518476,0.8259,3191670720,3191670720,-371.8499,
002114.SZ,罗平锌电,2010-07-28,17.5,18.09,17.12,17.8,2102498,1.1436,3272565600,3272565600,-381.2747,
002114.SZ,罗平锌电,2010-07-29,18,18.01,17.66,17.74,1865639,1.0148,3261534480,3261534480,-379.9895,
002114.SZ,罗平锌电,2010-07-30,17.97,18.18,17.7,17.82,1391925,0.7571,3276242640,3276242640,-381.7031,
002114.SZ,罗平锌电,2010-08-02,17.94,18.22,17.7,18,1790840,0.9741,3309336000,3309336000,-385.5587,
002114.SZ,罗平锌电,2010-08-03,18.2,18.25,17.55,17.71,2823473,1.5357,3256018920,3256018920,-379.3469,
002114.SZ,罗平锌电,2010-08-04,17.61,17.7,17,17.58,2217904,1.2064,3232118160,3232118160,-376.5623,
002114.SZ,罗平锌电,2010-08-05,17.58,17.68,16.95,17.24,1948832,1.06,3169608480,3169608480,-369.2795,
002114.SZ,罗平锌电,2010-08-06,17.25,17.5,16.82,17.46,3097418,1.6847,3210055920,3210055920,-373.9919,
002114.SZ,罗平锌电,2010-08-09,17.46,18.3,17.3,18.23,4525171,2.4613,3351621960,3351621960,-390.4853,
002114.SZ,罗平锌电,2010-08-10,18.08,18.27,17.21,17.32,3733878,2.0309,3184316640,3184316640,-370.9931,
002114.SZ,罗平锌电,2010-08-11,17.26,17.26,16.48,16.73,7305646,3.9737,3075843960,3075843960,-358.3554,
002114.SZ,罗平锌电,2010-08-12,16.59,16.67,16.1,16.46,2306234,1.2544,3026203920,3026203920,-352.572,
002114.SZ,罗平锌电,2010-08-13,16.5,16.75,16.45,16.67,3955401,2.1514,3064812840,3064812840,-357.0702,
002114.SZ,罗平锌电,2010-08-16,16.68,17.05,16.51,16.95,4832224,2.6283,3116291400,3116291400,-363.0678,
002114.SZ,罗平锌电,2010-08-17,17,17.11,16.8,17.03,3996132,2.1736,3130999560,3130999560,-364.7814,
002114.SZ,罗平锌电,2010-08-18,17.07,18.1,16.91,17.87,10673656,5.8056,3285435240,3285435240,-382.7741,
002114.SZ,罗平锌电,2010-08-19,17.68,19,17.62,18.37,11518710,6.2652,3377361240,3377361240,-393.4841,
002114.SZ,罗平锌电,2010-08-20,18.1,18.45,17.58,17.7,5652719,3.0746,3254180400,3254180400,-379.1327,
002114.SZ,罗平锌电,2010-08-23,17.79,18.13,17.41,17.91,4053436,2.2047,3292789320,3292789320,-383.6309,
002114.SZ,罗平锌电,2010-08-24,18,18.15,17.56,17.84,3007165,1.6356,3279919680,3279919680,-382.1315,
002114.SZ,罗平锌电,2010-08-25,17.98,17.98,17.16,17.4,4287674,2.3321,3199024800,3199024800,-372.7067,
002114.SZ,罗平锌电,2010-08-26,17.7,17.7,17.11,17.59,2589382,1.4084,3233956680,3233956680,-24.3356,
002114.SZ,罗平锌电,2010-08-27,17.6,18.2,17.48,18.06,3834043,2.0854,3320367120,3320367120,-24.9859,
002114.SZ,罗平锌电,2010-08-30,18.25,18.53,18.07,18.44,4810107,2.6163,3390230880,3390230880,-25.5116,
002114.SZ,罗平锌电,2010-08-31,18.6,18.89,18.34,18.5,6921919,3.7649,3401262000,3401262000,-25.5946,
002114.SZ,罗平锌电,2010-09-01,18.71,18.71,18.29,18.49,4838286,2.6316,3399423480,3399423480,-25.5808,
002114.SZ,罗平锌电,2010-09-02,18.68,19.87,18.47,19.49,7829489,4.2586,3583275480,3583275480,-26.9643,
002114.SZ,罗平锌电,2010-09-03,19.36,19.5,18.68,19.24,4791006,2.6059,3537312480,3537312480,-26.6184,
002114.SZ,罗平锌电,2010-09-06,19.1,19.75,18.68,18.85,5343861,2.9066,3465610200,3465610200,-26.0788,
002114.SZ,罗平锌电,2010-09-07,19.1,19.1,18.6,19.01,3113041,1.6932,3495026520,3495026520,-26.3002,
002114.SZ,罗平锌电,2010-09-08,18.72,19.8,18.71,19.6,8658786,4.7097,3603499200,3603499200,-27.1165,
002114.SZ,罗平锌电,2010-09-09,19.55,19.56,18.8,18.98,4723648,2.5693,3489510960,3489510960,-26.2587,
002114.SZ,罗平锌电,2010-09-10,18.9,18.96,18,18.31,5286670,2.8755,3366330120,3366330120,-25.3318,
002114.SZ,罗平锌电,2010-09-13,18.54,18.65,18.1,18.62,5023972,2.7326,3423324240,3423324240,-25.7606,
002114.SZ,罗平锌电,2010-09-14,18.8,18.8,18.21,18.38,3742411,2.0356,3379199760,3379199760,-25.4286,
002114.SZ,罗平锌电,2010-09-15,18.38,18.45,17.8,17.89,3121171,1.6977,3289112280,3289112280,-24.7507,
002114.SZ,罗平锌电,2010-09-16,17.89,18,16.79,17.41,3040948,1.654,3200863320,3200863320,-24.0866,
002114.SZ,罗平锌电,2010-09-17,17.45,17.95,16.9,17.43,3323378,1.8076,3204540360,3204540360,-24.1143,
002114.SZ,罗平锌电,2010-09-20,17.45,17.6,16.63,16.69,3845984,2.0919,3068489880,3068489880,-23.0905,
002114.SZ,罗平锌电,2010-09-21,16.83,16.89,16.59,16.8,1248904,0.6793,3088713600,3088713600,-23.2427,
002114.SZ,罗平锌电,2010-09-27,16.98,17.4,16.8,17.37,3360881,1.828,3193509240,3193509240,-24.0313,
002114.SZ,罗平锌电,2010-09-28,17.4,17.81,17.17,17.52,3804317,2.0692,3221087040,3221087040,-24.2388,
002114.SZ,罗平锌电,2010-09-29,17.52,17.94,17,17,3514885,1.9118,3125484000,3125484000,-23.5194,
002114.SZ,罗平锌电,2010-09-30,16.9,17.18,16.68,17.06,3518395,1.9137,3136515120,3136515120,-23.6024,
002114.SZ,罗平锌电,2010-10-08,17.42,18.1,17.41,17.8,5999772,3.2634,3272565600,3272565600,-24.6262,
002114.SZ,罗平锌电,2010-10-11,18.01,19.1,18.01,18.14,7242646,3.9394,3335075280,3335075280,-25.0966,
002114.SZ,罗平锌电,2010-10-12,18.08,19.95,17.81,19.9,13369880,7.2721,3658654800,3658654800,-27.5315,
002114.SZ,罗平锌电,2010-10-13,19.5,20.85,19.36,19.51,10546916,5.7366,3586952520,3586952520,-26.992,
002114.SZ,罗平锌电,2010-10-14,19.6,20.58,18.88,19.98,12076432,6.5686,3673362960,3673362960,-27.6422,
002114.SZ,罗平锌电,2010-10-15,19.51,20.63,18.85,19.83,13864617,7.5412,3645785160,3645785160,-27.4347,
002114.SZ,罗平锌电,2010-10-18,19.49,19.49,18,18.15,8703980,4.7342,3336913800,3336913800,-25.1104,
002114.SZ,罗平锌电,2010-10-19,17.99,18.8,17.92,18.65,3917482,2.1308,3428839800,3428839800,-25.8022,
002114.SZ,罗平锌电,2010-10-20,18,18.57,17.68,18.24,4891272,2.6604,3353460480,3353460480,-25.2349,
002114.SZ,罗平锌电,2010-10-21,18.35,19.04,17.95,18.9,8422458,4.5811,3474802800,3474802800,-26.148,
002114.SZ,罗平锌电,2010-10-22,18.9,20.79,18.52,20.72,20282127,11.0318,3809413440,3809413440,-28.666,
002114.SZ,罗平锌电,2010-10-25,20.55,22.14,20.13,21.58,21748142,11.8292,3967526160,3967526160,-29.8558,
002114.SZ,罗平锌电,2010-10-26,21.44,22.69,20.81,21.31,16245464,8.8362,3917886120,3917886120,-29.4822,
002114.SZ,罗平锌电,2010-10-27,21,21.28,20.45,20.45,8750590,4.7596,3759773400,3759773400,-48.1837,
002114.SZ,罗平锌电,2010-10-28,20.1,20.92,19.82,20.37,6531550,3.5526,3745065240,3745065240,-47.9952,
002114.SZ,罗平锌电,2010-10-29,20.24,21.2,20.18,20.82,7510354,4.085,3827798640,3827798640,-49.0555,
002114.SZ,罗平锌电,2010-11-01,21,22.52,20.7,22.26,13213897,7.1872,4092545520,4092545520,-52.4484,
002114.SZ,罗平锌电,2010-11-02,22.27,24.4,21.63,22.4,14007662,7.619,4118284800,4118284800,-52.7783,
002114.SZ,罗平锌电,2010-11-03,22.91,23.68,21.16,21.36,9885130,5.3767,3927078720,3927078720,-50.3278,
002114.SZ,罗平锌电,2010-11-04,21.23,22.3,21.15,21.9,7087455,3.855,4026358800,4026358800,-51.6002,
002114.SZ,罗平锌电,2010-11-05,22.9,23.19,21.76,21.81,8688592,4.7259,4009812120,4009812120,-51.3881,
002114.SZ,罗平锌电,2010-11-08,21.7,21.7,20.9,21.46,7393186,4.0213,3945463920,3945463920,-50.5635,
002114.SZ,罗平锌电,2010-11-09,21.29,21.85,21.02,21.65,5296634,2.8809,3980395800,3980395800,-51.0111,
002114.SZ,罗平锌电,2010-11-10,21.68,22.5,21.48,22.27,7195227,3.9136,4094384040,4094384040,-52.472,
002114.SZ,罗平锌电,2010-11-11,22.02,22.98,21.75,21.75,9674689,5.2622,3998781000,3998781000,-51.2467,
002114.SZ,罗平锌电,2010-11-12,21.2,21.48,19.58,19.58,7478970,4.0679,3599822160,3599822160,-46.1339,
002114.SZ,罗平锌电,2010-11-15,19.41,19.75,19.01,19.66,3731981,2.0299,3614530320,3614530320,-46.3223,
002114.SZ,罗平锌电,2010-11-16,19.64,19.64,17.69,17.74,5407446,2.9412,3261534480,3261534480,-41.7985,
002114.SZ,罗平锌电,2010-11-17,17.48,17.98,17.2,17.39,3606087,1.9614,3197186280,3197186280,-40.9738,
002114.SZ,罗平锌电,2010-11-18,17.92,18.09,17.45,17.88,2914024,1.585,3287273760,3287273760,-42.1284,
002114.SZ,罗平锌电,2010-11-19,18.02,18.2,17.4,18.2,3198338,1.7396,3346106400,3346106400,-42.8823,
002114.SZ,罗平锌电,2010-11-22,18.04,18.5,17.78,18.5,5595622,3.0435,3401262000,3401262000,-43.5892,
002114.SZ,罗平锌电,2010-11-23,18.4,18.4,17.12,17.44,4178080,2.2725,3206378880,3206378880,-41.0916,
002114.SZ,罗平锌电,2010-11-24,17.4,17.9,17.24,17.8,3765081,2.0479,3272565600,3272565600,-41.9399,
002114.SZ,罗平锌电,2010-11-25,17.8,18.2,17.7,18.19,4266670,2.3207,3344267880,3344267880,-42.8588,
002114.SZ,罗平锌电,2010-11-26,18.1,18.1,17.6,17.78,3324215,1.8081,3268888560,3268888560,-41.8927,
002114.SZ,罗平锌电,2010-11-29,17.55,17.64,17,17.27,4131512,2.2472,3175124040,3175124040,-40.6911,
002114.SZ,罗平锌电,2010-11-30,17.2,17.53,16.3,16.9,3837543,2.0873,3107098800,3107098800,-39.8193,
002114.SZ,罗平锌电,2010-12-01,16.71,17.4,16.71,17.17,2526517,1.3742,3156738840,3156738840,-40.4555,
002114.SZ,罗平锌电,2010-12-02,17.6,17.7,17.17,17.21,3215970,1.7492,3164092920,3164092920,-40.5497,
002114.SZ,罗平锌电,2010-12-03,17.2,17.37,17,17.23,1703223,0.9264,3167769960,3167769960,-40.5968,
002114.SZ,罗平锌电,2010-12-06,17.5,17.54,16.72,16.84,3701777,2.0135,3096067680,3096067680,-39.6779,
002114.SZ,罗平锌电,2010-12-07,16.84,17.19,16.2,16.96,2676368,1.4557,3118129920,3118129920,-39.9607,
002114.SZ,罗平锌电,2010-12-08,17,17.25,16.82,16.86,2313054,1.2581,3099744720,3099744720,-39.7251,
002114.SZ,罗平锌电,2010-12-09,16.89,16.95,16.41,16.43,1598869,0.8697,3020688360,3020688360,-38.7119,
002114.SZ,罗平锌电,2010-12-10,16.5,16.86,16.3,16.72,1742872,0.948,3074005440,3074005440,-39.3952,
002114.SZ,罗平锌电,2010-12-13,16.85,17.44,16.76,17.36,4067399,2.2123,3191670720,3191670720,-40.9031,
002114.SZ,罗平锌电,2010-12-14,17.46,17.65,17.28,17.44,2880288,1.5666,3206378880,3206378880,-41.0916,
002114.SZ,罗平锌电,2010-12-15,17.6,17.6,17.2,17.25,2675245,1.4551,3171447000,3171447000,-40.644,
002114.SZ,罗平锌电,2010-12-16,17.24,17.25,17.03,17.1,1876774,1.0208,3143869200,3143869200,-40.2905,
002114.SZ,罗平锌电,2010-12-17,17.06,17.44,17.05,17.35,1768653,0.962,3189832200,3189832200,-40.8796,
002114.SZ,罗平锌电,2010-12-20,17.4,17.55,16.42,16.86,2480024,1.3489,3099744720,3099744720,-39.7251,
002114.SZ,罗平锌电,2010-12-21,16.89,17.19,16.7,16.95,2028700,1.1034,3116291400,3116291400,-39.9371,
002114.SZ,罗平锌电,2010-12-22,17.08,17.29,16.9,17,1843443,1.0027,3125484000,3125484000,-40.0549,
002114.SZ,罗平锌电,2010-12-23,16.98,17.29,16.71,16.86,1912310,1.0401,3099744720,3099744720,-39.7251,
002114.SZ,罗平锌电,2010-12-24,16.78,16.78,16.3,16.46,1731877,0.942,3026203920,3026203920,-38.7826,
002114.SZ,罗平锌电,2010-12-27,16.5,16.79,16.13,16.17,1609007,0.8752,2972886840,2972886840,-38.0993,
002114.SZ,罗平锌电,2010-12-28,15.98,15.98,15.51,15.56,1845529,1.0038,2860737120,2860737120,-36.662,
002114.SZ,罗平锌电,2010-12-29,15.56,15.78,15.55,15.74,881110,0.4792,2893830480,2893830480,-37.0862,
002114.SZ,罗平锌电,2010-12-30,16,16.27,15.73,16.1,1478308,0.8041,2960017200,2960017200,-37.9344,
002114.SZ,罗平锌电,2010-12-31,15.99,16.74,15.9,16.68,2478617,1.3482,3066651360,3066651360,-39.301,
002114.SZ,罗平锌电,2011-01-04,16.78,17.25,16.57,17.11,3520436,1.9148,3145707720,3145707720,-40.3141,
002114.SZ,罗平锌电,2011-01-05,16.85,16.86,16.5,16.6,2372721,1.2906,3051943200,3051943200,-39.1125,
002114.SZ,罗平锌电,2011-01-06,16.62,16.95,16.4,16.69,1843341,1.0026,3068489880,3068489880,-39.3245,
002114.SZ,罗平锌电,2011-01-07,16.56,16.7,16.31,16.39,1624572,0.8836,3013334280,3013334280,-38.6177,
002114.SZ,罗平锌电,2011-01-10,16.39,16.5,15.88,15.89,1446166,0.7866,2921408280,2921408280,-37.4396,
002114.SZ,罗平锌电,2011-01-11,15.89,15.99,15.68,15.92,984983,0.5357,2926923840,2926923840,-37.5103,
002114.SZ,罗平锌电,2011-01-12,15.95,16.19,15.8,16,780203,0.4244,2941632000,2941632000,-37.6988,
002114.SZ,罗平锌电,2011-01-13,16.1,16.18,15.93,15.93,624004,0.3394,2928762360,2928762360,-37.5338,
002114.SZ,罗平锌电,2011-01-14,15.88,15.93,15.39,15.45,1123711,0.6112,2840513400,2840513400,-36.4029,
002114.SZ,罗平锌电,2011-01-17,15.4,16.19,15.37,15.8,2523497,1.3726,2904861600,2904861600,-37.2275,
002114.SZ,罗平锌电,2011-01-18,15.6,15.6,14.96,15.5,1468390,0.7987,2849706000,2849706000,-36.5207,
002114.SZ,罗平锌电,2011-01-19,15.4,15.98,15.17,15.8,1771740,0.9637,2904861600,2904861600,-37.2275,
002114.SZ,罗平锌电,2011-01-20,15.6,15.98,15,15,1900780,1.0339,2757780000,2757780000,-35.3426,
002114.SZ,罗平锌电,2011-01-21,15.02,15.39,14.86,15.02,1340955,0.7294,2761457040,2761457040,-35.3897,
002114.SZ,罗平锌电,2011-01-24,15.05,15.2,14.51,14.6,1149638,0.6253,2684239200,2684239200,-34.4001,
002114.SZ,罗平锌电,2011-01-25,14.6,14.74,14,14.11,1203312,0.6545,2594151720,2594151720,-33.2456,
002114.SZ,罗平锌电,2011-01-26,14.15,14.3,14.08,14.22,737208,0.401,2614375440,2614375440,-33.5048,
002114.SZ,罗平锌电,2011-01-27,14.19,14.62,14.01,14.53,1194928,0.6499,2671369560,2671369560,-34.2352,
002114.SZ,罗平锌电,2011-01-28,14.51,14.69,14.46,14.61,910719,0.4954,2686077720,2686077720,-34.4237,
002114.SZ,罗平锌电,2011-01-31,14.61,14.88,14.53,14.76,1148852,0.6249,2713655520,2713655520,-34.7771,
002114.SZ,罗平锌电,2011-02-01,14.82,15.13,14.82,15.07,1396772,0.7597,2770649640,2770649640,-35.5075,
002114.SZ,罗平锌电,2011-02-09,15.01,15.17,14.73,14.77,1086690,0.5911,2715494040,2715494040,-34.8007,
002114.SZ,罗平锌电,2011-02-10,14.83,15.1,14.63,15.1,928668,0.5051,2776165200,2776165200,-35.5782,
002114.SZ,罗平锌电,2011-02-11,15.14,15.61,15,15.27,1499276,0.8155,2807420040,2807420040,-35.9787,
002114.SZ,罗平锌电,2011-02-14,15.32,15.68,15.22,15.58,2297301,1.2495,2864414160,2864414160,-36.7092,
002114.SZ,罗平锌电,2011-02-15,15.63,16.13,15.51,15.79,3490000,1.8983,2903023080,2903023080,-37.204,
002114.SZ,罗平锌电,2011-02-16,15.77,15.91,15.61,15.91,2161502,1.1757,2925085320,2925085320,-37.4867,
002114.SZ,罗平锌电,2011-02-17,15.93,16.29,15.8,16,2402376,1.3067,2941632000,2941632000,-37.6988,
002114.SZ,罗平锌电,2011-02-18,16.06,16.14,15.6,15.68,1822295,0.9912,2882799360,2882799360,-36.9448,
002114.SZ,罗平锌电,2011-02-21,15.61,15.92,15.56,15.89,1910306,1.039,2921408280,2921408280,-37.4396,
002114.SZ,罗平锌电,2011-02-22,15.98,16.16,15.6,15.61,3037724,1.6523,2869929720,2869929720,-36.7799,
002114.SZ,罗平锌电,2011-02-23,15.5,15.75,15.46,15.66,2034654,1.1067,2879122320,2879122320,-36.8977,
002114.SZ,罗平锌电,2011-02-24,15.66,15.82,15.44,15.82,1987927,1.0813,2908538640,2908538640,-37.2746,
002114.SZ,罗平锌电,2011-02-25,15.75,15.96,15.5,15.95,2036271,1.1076,2932439400,2932439400,-37.5809,
002114.SZ,罗平锌电,2011-02-28,15.81,16.05,15.72,16.05,2042024,1.1107,2950824600,2950824600,-186.9254,
002114.SZ,罗平锌电,2011-03-01,16.08,16.47,16,16.46,4202327,2.2857,3026203920,3026203920,-191.7004,
002114.SZ,罗平锌电,2011-03-02,16.43,16.43,16,16.18,2610781,1.42,2974725360,2974725360,-188.4394,
002114.SZ,罗平锌电,2011-03-03,16.19,16.4,15.82,15.83,2226449,1.211,2910377160,2910377160,-184.3632,
002114.SZ,罗平锌电,2011-03-04,15.87,16.06,15.8,16.03,1242593,0.6759,2947147560,2947147560,-186.6925,
002114.SZ,罗平锌电,2011-03-07,16.04,16.66,16.04,16.47,3819255,2.0774,3028042440,3028042440,-191.8169,
002114.SZ,罗平锌电,2011-03-08,16.45,16.47,16.25,16.4,2644789,1.4385,3015172800,3015172800,-191.0016,
002114.SZ,罗平锌电,2011-03-09,16.39,16.59,16.35,16.38,2453247,1.3344,3011495760,3011495760,-190.7687,
002114.SZ,罗平锌电,2011-03-10,16.3,16.31,16,16.02,2510826,1.3657,2945309040,2945309040,-186.576,
002114.SZ,罗平锌电,2011-03-11,16.01,16.7,15.95,16.31,3974742,2.1619,2998626120,2998626120,-189.9535,
002114.SZ,罗平锌电,2011-03-14,16.23,17,16.23,16.85,5361261,2.9161,3097906200,3097906200,-196.2425,
002114.SZ,罗平锌电,2011-03-15,16.8,16.8,16,16.31,3662593,1.9921,2998626120,2998626120,-189.9535,
002114.SZ,罗平锌电,2011-03-16,16.35,16.95,16.26,16.81,3981692,2.1657,3090552120,3090552120,-195.7767,
002114.SZ,罗平锌电,2011-03-17,16.7,18.2,16.35,17.97,12816661,6.9712,3303820440,3303820440,-209.2865,
002114.SZ,罗平锌电,2011-03-18,17.6,17.87,17.25,17.32,7463297,4.0594,3184316640,3184316640,-193.5532,
002114.SZ,罗平锌电,2011-03-21,17.08,17.32,16.66,16.74,3870905,2.1054,3077682480,3077682480,-187.0717,
002114.SZ,罗平锌电,2011-03-22,16.93,17,16.4,16.84,2772606,1.5081,3096067680,3096067680,-188.1892,
002114.SZ,罗平锌电,2011-03-23,16.71,17.24,16.61,17.15,3327559,1.8099,3153061800,3153061800,-191.6535,
002114.SZ,罗平锌电,2011-03-24,17.24,17.43,16.7,16.98,3653822,1.9874,3121806960,3121806960,-189.7537,
002114.SZ,罗平锌电,2011-03-25,16.8,17.38,16.79,17.16,4240097,2.3063,3154900320,3154900320,-191.7652,
002114.SZ,罗平锌电,2011-03-28,17.16,18.1,17.05,17.67,7639267,4.1551,3248664840,3248664840,-197.4645,
002114.SZ,罗平锌电,2011-03-29,17.54,18.2,17.3,17.31,6467915,3.518,3182478120,3182478120,-193.4415,
002114.SZ,罗平锌电,2011-03-30,17.25,19.04,17.2,19.04,16777960,9.1258,3500542080,3500542080,-212.7745,
002114.SZ,罗平锌电,2011-03-31,19.22,19.88,18.51,19.03,22577490,12.2803,3498703560,3498703560,-212.6627,
002114.SZ,罗平锌电,2011-04-01,19.1,19.12,18.03,18.4,11700701,6.3642,3382876800,3382876800,-205.6224,
002114.SZ,罗平锌电,2011-04-06,18.21,18.7,17.81,18.62,7914560,4.3049,3423324240,3423324240,-208.0809,
002114.SZ,罗平锌电,2011-04-07,18.55,18.95,18.02,18.65,7486452,4.072,3428839800,3428839800,-208.4162,
002114.SZ,罗平锌电,2011-04-08,18.65,18.65,18.65,18.65,--,--,3428839800,3428839800,-208.4162,
002114.SZ,罗平锌电,2011-04-11,18.87,19,18.13,18.2,7277366,3.9583,3346106400,3346106400,-203.3874,
002114.SZ,罗平锌电,2011-04-12,18.02,18.57,17.8,17.92,5841207,3.1771,3294627840,3294627840,-200.2583,
002114.SZ,罗平锌电,2011-04-13,17.75,17.75,17,17.47,4738572,2.5774,3211894440,3211894440,-195.2295,
002114.SZ,罗平锌电,2011-04-14,17.39,17.68,17.3,17.56,2862255,1.5568,3228441120,3228441120,-196.2353,
002114.SZ,罗平锌电,2011-04-15,17.57,17.72,17.12,17.36,2770455,1.5069,3191670720,3191670720,-194.0002,
002114.SZ,罗平锌电,2011-04-18,17.18,17.3,16.52,16.82,4965384,2.7008,3092390640,3092390640,-187.9657,
002114.SZ,罗平锌电,2011-04-19,16.69,16.88,16.35,16.75,4233670,2.3028,3079521000,3079521000,-187.1834,
002114.SZ,罗平锌电,2011-04-20,16.8,17.12,16.58,16.98,3986922,2.1685,3121806960,3121806960,-189.7537,
002114.SZ,罗平锌电,2011-04-21,17.01,17.07,16.8,16.92,2869444,1.5607,3110775840,3110775840,-189.0832,
002114.SZ,罗平锌电,2011-04-22,16.88,16.97,16.51,16.57,2698303,1.4676,3046427640,3046427640,-185.1719,
002114.SZ,罗平锌电,2011-04-25,16.49,16.61,15.8,15.8,2924842,1.5909,2904861600,2904861600,-176.567,
002114.SZ,罗平锌电,2011-04-26,15.61,15.79,15.42,15.5,2363196,1.2854,2849706000,2849706000,-815.0909,
002114.SZ,罗平锌电,2011-04-27,15.5,16,15.35,15.93,1997812,1.0866,2928762360,2928762360,-837.7031,
002114.SZ,罗平锌电,2011-04-28,16.09,16.09,15.55,15.6,2223337,1.2093,2868091200,2868091200,-820.3495,
002114.SZ,罗平锌电,2011-04-29,15.56,15.9,15.15,15.8,1289452,0.7014,2904861600,2904861600,-830.8668,
002114.SZ,罗平锌电,2011-05-03,15.78,15.78,15.28,15.55,1672910,0.9099,2858898600,2858898600,-817.7202,
002114.SZ,罗平锌电,2011-05-04,15.58,15.78,15.25,15.65,2012229,1.0945,2877283800,2877283800,-822.9788,
002114.SZ,罗平锌电,2011-05-05,15.65,16.1,15.41,15.9,2749162,1.4953,2923246800,2923246800,-836.1254,
002114.SZ,罗平锌电,2011-05-06,15.74,15.83,15.38,15.58,1834229,0.9977,2864414160,2864414160,-819.2978,
002114.SZ,罗平锌电,2011-05-09,15.7,15.75,15.52,15.65,892810,0.4856,2877283800,2877283800,-822.9788,
002114.SZ,罗平锌电,2011-05-10,15.69,15.96,15.61,15.9,1604320,0.8726,2923246800,2923246800,-836.1254,
002114.SZ,罗平锌电,2011-05-11,15.9,16.06,15.58,16.03,2176264,1.1837,2947147560,2947147560,-842.9617,
002114.SZ,罗平锌电,2011-05-12,16,16,15.57,15.8,2389494,1.2997,2904861600,2904861600,-830.8668,
002114.SZ,罗平锌电,2011-05-13,15.86,16.06,15.71,16.05,2200377,1.1968,2950824600,2950824600,-844.0134,
002114.SZ,罗平锌电,2011-05-16,16,16,15.47,15.51,1669428,0.908,2851544520,2851544520,-815.6167,
002114.SZ,罗平锌电,2011-05-17,15.52,16.3,15.31,15.8,3100656,1.6865,2904861600,2904861600,-830.8668,
002114.SZ,罗平锌电,2011-05-18,15.7,15.98,15.64,15.89,2090466,1.137,2921408280,2921408280,-835.5996,
002114.SZ,罗平锌电,2011-05-19,15.98,16.13,15.68,15.71,1629935,0.8865,2888314920,2888314920,-826.134,
002114.SZ,罗平锌电,2011-05-20,15.63,15.87,15.41,15.48,1423912,0.7745,2846028960,2846028960,-814.0391,
002114.SZ,罗平锌电,2011-05-23,15.55,15.55,14.35,14.4,2498595,1.359,2647468800,2647468800,-757.2457,
002114.SZ,罗平锌电,2011-05-24,14.4,14.51,14.05,14.39,1666184,0.9063,2645630280,2645630280,-756.7198,
002114.SZ,罗平锌电,2011-05-25,14.2,14.48,14,14.12,1395554,0.7591,2595990240,2595990240,-742.5215,
002114.SZ,罗平锌电,2011-05-26,14.27,14.43,14.1,14.19,897503,0.4882,2608859880,2608859880,-746.2025,
002114.SZ,罗平锌电,2011-05-27,14.19,14.29,13.51,13.51,1570858,0.8544,2483840520,2483840520,-710.4437,
002114.SZ,罗平锌电,2011-05-30,13.36,13.56,13.11,13.13,963274,0.5239,2413976760,2413976760,-690.4608,
002114.SZ,罗平锌电,2011-05-31,13.15,13.77,13.15,13.56,1171312,0.6371,2493033120,2493033120,-713.0731,
002114.SZ,罗平锌电,2011-06-01,13.56,13.77,13.45,13.67,725568,0.3946,2513256840,2513256840,-718.8575,
002114.SZ,罗平锌电,2011-06-02,13.48,13.5,13.28,13.42,721282,0.3923,2467293840,2467293840,-705.7109,
002114.SZ,罗平锌电,2011-06-03,13.57,13.8,13.44,13.68,1050449,0.5714,2515095360,2515095360,-719.3834,
002114.SZ,罗平锌电,2011-06-07,13.68,13.99,13.55,13.95,1063621,0.5785,2564735400,2564735400,-733.5818,
002114.SZ,罗平锌电,2011-06-08,13.9,14.08,13.74,13.97,1111215,0.6044,2568412440,2568412440,-734.6335,
002114.SZ,罗平锌电,2011-06-09,13.95,14.58,13.66,14.09,2671973,1.4533,2590474680,2590474680,-740.9439,
002114.SZ,罗平锌电,2011-06-10,14,14.55,13.8,14.4,2466299,1.3415,2647468800,2647468800,-757.2457,
002114.SZ,罗平锌电,2011-06-13,14.07,14.39,14.02,14.21,1246465,0.678,2612536920,2612536920,-747.2543,
002114.SZ,罗平锌电,2011-06-14,14.21,14.44,14.06,14.32,1281205,0.6969,2632760640,2632760640,-753.0388,
002114.SZ,罗平锌电,2011-06-15,14.32,14.5,14.07,14.07,1036395,0.5637,2586797640,2586797640,-739.8922,
002114.SZ,罗平锌电,2011-06-16,14.03,14.03,13.35,13.37,1239289,0.6741,2458101240,2458101240,-703.0816,
002114.SZ,罗平锌电,2011-06-17,13.34,13.52,13.15,13.15,654514,0.356,2417653800,2417653800,-691.5126,
002114.SZ,罗平锌电,2011-06-20,13.15,13.34,12.95,13.05,663745,0.361,2399268600,2399268600,-686.2539,
002114.SZ,罗平锌电,2011-06-21,13.18,13.23,13.05,13.23,469052,0.2551,2432361960,2432361960,-695.7195,
002114.SZ,罗平锌电,2011-06-22,13.3,13.38,13.12,13.31,581824,0.3165,2447070120,2447070120,-699.9264,
002114.SZ,罗平锌电,2011-06-23,13.32,13.69,13.19,13.62,912863,0.4965,2504064240,2504064240,-716.2282,
002114.SZ,罗平锌电,2011-06-24,13.62,13.99,13.5,13.79,1183547,0.6437,2535319080,2535319080,-725.1679,
002114.SZ,罗平锌电,2011-06-27,13.5,14.07,13.5,13.84,1186319,0.6453,2544511680,2544511680,-727.7972,
002114.SZ,罗平锌电,2011-06-28,13.95,14.26,13.77,13.99,1180275,0.642,2572089480,2572089480,-735.6852,
002114.SZ,罗平锌电,2011-06-29,14.03,14.03,13.65,13.66,944101,0.5135,2511418320,2511418320,-718.3317,
002114.SZ,罗平锌电,2011-06-30,13.66,13.94,13.61,13.85,1002548,0.5453,2546350200,2546350200,-728.3231,
002114.SZ,罗平锌电,2011-07-01,13.94,14.1,13.75,13.81,1801218,0.9797,2538996120,2538996120,-726.2197,
002114.SZ,罗平锌电,2011-07-04,13.8,14.55,13.8,14.49,4031827,2.193,2664015480,2664015480,-761.9785,
002114.SZ,罗平锌电,2011-07-05,14.46,14.67,14.25,14.41,1896797,1.0317,2649307320,2649307320,-757.7715,
002114.SZ,罗平锌电,2011-07-06,14.48,14.73,14.3,14.45,2409766,1.3107,2656661400,2656661400,-759.875,
002114.SZ,罗平锌电,2011-07-07,14.36,14.59,14.27,14.3,2118198,1.1521,2629083600,2629083600,-751.9871,
002114.SZ,罗平锌电,2011-07-08,14.29,14.4,14.17,14.27,1271081,0.6914,2623568040,2623568040,-750.4094,
002114.SZ,罗平锌电,2011-07-11,14.18,14.35,14.12,14.29,1458009,0.793,2627245080,2627245080,-751.4612,
002114.SZ,罗平锌电,2011-07-12,14.15,14.15,13.78,13.78,1500690,0.8162,2533480560,2533480560,-724.6421,
002114.SZ,罗平锌电,2011-07-13,13.8,14.08,13.8,14.07,1265636,0.6884,2586797640,2586797640,-739.8922,
002114.SZ,罗平锌电,2011-07-14,14.13,14.69,14.13,14.38,2534649,1.3786,2643791760,2643791760,-756.194,
002114.SZ,罗平锌电,2011-07-15,14.23,14.35,14.1,14.23,1864948,1.0144,2616213960,2616213960,-748.306,
002114.SZ,罗平锌电,2011-07-18,14.28,14.42,14.21,14.36,1447911,0.7875,2640114720,2640114720,-755.1422,
002114.SZ,罗平锌电,2011-07-19,14.44,14.45,14.25,14.31,1637843,0.8908,2630922120,2630922120,-752.5129,
002114.SZ,罗平锌电,2011-07-20,14.38,14.53,14.15,14.27,1248861,0.6793,2623568040,2623568040,-750.4094,
002114.SZ,罗平锌电,2011-07-21,14.3,14.3,13.75,13.76,1362276,0.741,2529803520,2529803520,-723.5903,
002114.SZ,罗平锌电,2011-07-22,13.76,13.92,13.62,13.71,1090309,0.593,2520610920,2520610920,-720.961,
002114.SZ,罗平锌电,2011-07-25,13.71,13.81,13.2,13.67,2481796,1.3499,2513256840,2513256840,-718.8575,
002114.SZ,罗平锌电,2011-07-26,13.66,13.97,13.4,13.64,2192990,1.1928,2507741280,2507741280,-717.28,
002114.SZ,罗平锌电,2011-07-27,13.78,13.91,13.5,13.87,1964778,1.0687,2550027240,2550027240,-729.3749,
002114.SZ,罗平锌电,2011-07-28,13.73,14.22,13.71,14.21,3495201,1.9011,2612536920,2612536920,-747.2543,
002114.SZ,罗平锌电,2011-07-29,14.19,14.25,13.65,13.74,2134762,1.1611,2526126480,2526126480,-722.5386,
002114.SZ,罗平锌电,2011-08-01,13.61,13.86,13.5,13.67,856746,0.466,2513256840,2513256840,62.4021,
002114.SZ,罗平锌电,2011-08-02,13.59,13.77,13.26,13.39,1181125,0.6424,2461778280,2461778280,61.1239,
002114.SZ,罗平锌电,2011-08-03,13.26,13.56,13.19,13.35,938729,0.5106,2454424200,2454424200,60.9413,
002114.SZ,罗平锌电,2011-08-04,13.45,13.66,13.4,13.5,1313941,0.7147,2482002000,2482002000,61.626,
002114.SZ,罗平锌电,2011-08-05,13.06,13.33,13,13.14,1187359,0.6458,2415815280,2415815280,59.9827,
002114.SZ,罗平锌电,2011-08-08,13,13.01,11.83,12,2200055,1.1966,2206224000,2206224000,54.7787,
002114.SZ,罗平锌电,2011-08-09,11.67,12,11.02,11.75,1884616,1.0251,2160261000,2160261000,53.6375,
002114.SZ,罗平锌电,2011-08-10,12.2,12.24,11.86,11.9,1352744,0.7358,2187838800,2187838800,54.3222,
002114.SZ,罗平锌电,2011-08-11,11.49,12.5,11.4,12.29,2262436,1.2306,2259541080,2259541080,56.1025,
002114.SZ,罗平锌电,2011-08-12,12.31,12.49,12.25,12.4,1743682,0.9484,2279764800,2279764800,56.6046,
002114.SZ,罗平锌电,2011-08-15,12.53,12.59,12.32,12.56,1352415,0.7356,2309181120,2309181120,57.335,
002114.SZ,罗平锌电,2011-08-16,12.56,12.61,12.39,12.41,1194160,0.6495,2281603320,2281603320,56.6503,
002114.SZ,罗平锌电,2011-08-17,12.33,12.46,12.16,12.2,815076,0.4433,2242994400,2242994400,55.6917,
002114.SZ,罗平锌电,2011-08-18,12.21,12.31,11.95,11.95,809966,0.4406,2197031400,2197031400,54.5504,
002114.SZ,罗平锌电,2011-08-19,11.62,11.8,11.38,11.79,1113638,0.6057,2167615080,2167615080,53.8201,
002114.SZ,罗平锌电,2011-08-22,11.7,12.5,11.7,12.14,1603802,0.8723,2231963280,2231963280,55.4178,
002114.SZ,罗平锌电,2011-08-23,12.14,12.23,11.96,12.18,946135,0.5146,2239317360,2239317360,55.6004,
002114.SZ,罗平锌电,2011-08-24,12.34,12.45,12.12,12.15,823991,0.4482,2233801800,2233801800,55.4634,
002114.SZ,罗平锌电,2011-08-25,12.3,12.74,12.12,12.62,2036945,1.1079,2320212240,2320212240,57.6089,
002114.SZ,罗平锌电,2011-08-26,12.47,12.57,12.4,12.52,1270898,0.6913,2301827040,2301827040,57.1524,
002114.SZ,罗平锌电,2011-08-29,12.49,12.49,12.12,12.2,962326,0.5234,2242994400,2242994400,55.6917,
002114.SZ,罗平锌电,2011-08-30,12.39,12.45,12.04,12.08,998533,0.5431,2220932160,2220932160,55.1439,
002114.SZ,罗平锌电,2011-08-31,12.08,12.21,11.9,12,752300,0.4092,2206224000,2206224000,54.7787,
002114.SZ,罗平锌电,2011-09-01,12.05,12.29,11.98,12.2,1380635,0.7509,2242994400,2242994400,55.6917,
002114.SZ,罗平锌电,2011-09-02,12.25,12.32,11.65,11.75,1212998,0.6598,2160261000,2160261000,53.6375,
002114.SZ,罗平锌电,2011-09-05,11.7,11.96,11.7,11.7,1064720,0.5791,2151068400,2151068400,53.4092,
002114.SZ,罗平锌电,2011-09-06,11.61,11.9,11.49,11.83,805946,0.4384,2174969160,2174969160,54.0027,
002114.SZ,罗平锌电,2011-09-07,12.33,12.33,11.88,12.19,1724286,0.9379,2241155880,2241155880,55.646,
002114.SZ,罗平锌电,2011-09-08,12.1,12.2,11.9,11.91,1097472,0.5969,2189677320,2189677320,54.3678,
002114.SZ,罗平锌电,2011-09-09,11.8,12.18,11.78,11.95,934883,0.5085,2197031400,2197031400,54.5504,
002114.SZ,罗平锌电,2011-09-13,11.85,11.85,11.51,11.63,659093,0.3585,2138198760,2138198760,53.0897,
002114.SZ,罗平锌电,2011-09-14,11.63,11.74,11.5,11.72,527750,0.2871,2154745440,2154745440,53.5005,
002114.SZ,罗平锌电,2011-09-15,11.77,11.95,11.68,11.76,657704,0.3577,2162099520,2162099520,53.6831,
002114.SZ,罗平锌电,2011-09-16,11.87,11.97,11.77,11.8,509886,0.2773,2169453600,2169453600,53.8657,
002114.SZ,罗平锌电,2011-09-19,11.8,11.93,11.65,11.75,976532,0.5312,2160261000,2160261000,53.6375,
002114.SZ,罗平锌电,2011-09-20,11.7,11.84,11.63,11.74,558885,0.304,2158422480,2158422480,53.5918,
002114.SZ,罗平锌电,2011-09-21,11.8,12.18,11.4,12.07,1707610,0.9288,2219093640,2219093640,55.0982,
002114.SZ,罗平锌电,2011-09-22,11.95,12.32,11.91,12.11,2686855,1.4614,2226447720,2226447720,55.2808,
002114.SZ,罗平锌电,2011-09-23,11.98,12.1,11.71,12,1285106,0.699,2206224000,2206224000,54.7787,
002114.SZ,罗平锌电,2011-09-26,11.98,12.03,11.55,11.58,1017460,0.5534,2129006160,2129006160,52.8614,
002114.SZ,罗平锌电,2011-09-27,11.69,11.72,11.41,11.53,883130,0.4803,2119813560,2119813560,52.6332,
002114.SZ,罗平锌电,2011-09-28,11.63,11.66,11.3,11.42,688514,0.3745,2099589840,2099589840,52.1311,
002114.SZ,罗平锌电,2011-09-29,11.31,11.46,11.03,11.03,697680,0.3795,2027887560,2027887560,50.3507,
002114.SZ,罗平锌电,2011-09-30,11.11,11.2,11.03,11.09,448924,0.2442,2038918680,2038918680,50.6246,
002114.SZ,罗平锌电,2011-10-10,11.1,11.17,11.04,11.06,310037,0.1686,2033403120,2033403120,50.4877,
002114.SZ,罗平锌电,2011-10-11,11.24,11.45,10.81,10.98,574836,0.3127,2018694960,2018694960,50.1225,
002114.SZ,罗平锌电,2011-10-12,10.88,11.27,10.7,11.2,756418,0.4114,2059142400,2059142400,51.1268,
002114.SZ,罗平锌电,2011-10-13,11.2,11.69,11.15,11.48,1339350,0.7285,2110620960,2110620960,52.4049,
002114.SZ,罗平锌电,2011-10-14,11.43,11.68,11.32,11.45,630944,0.3432,2105105400,2105105400,52.268,
002114.SZ,罗平锌电,2011-10-17,11.45,11.48,11,11.17,875149,0.476,2053626840,2053626840,50.9898,
002114.SZ,罗平锌电,2011-10-18,11.14,11.14,10.54,10.64,1235938,0.6722,1956185280,1956185280,48.5704,
002114.SZ,罗平锌电,2011-10-19,10.78,10.78,10.51,10.51,582655,0.3169,1932284520,1932284520,47.977,
002114.SZ,罗平锌电,2011-10-20,10.51,10.51,9.88,10.1,934827,0.5085,1856905200,1856905200,-19.7797,
002114.SZ,罗平锌电,2011-10-21,10.09,10.15,9.58,9.59,728299,0.3961,1763140680,1763140680,-18.7809,
002114.SZ,罗平锌电,2011-10-24,9.6,9.86,9.45,9.84,730255,0.3972,1809103680,1809103680,-19.2705,
002114.SZ,罗平锌电,2011-10-25,9.84,10.19,9.66,10.11,808010,0.4395,1858743720,1858743720,-19.7992,
002114.SZ,罗平锌电,2011-10-26,9.96,10.34,9.96,10.11,1170758,0.6368,1858743720,1858743720,-19.7992,
002114.SZ,罗平锌电,2011-10-27,10.16,10.76,10.03,10.4,2145056,1.1667,1912060800,1912060800,-20.3672,
002114.SZ,罗平锌电,2011-10-28,10.5,10.69,10.36,10.58,1837480,0.9994,1945154160,1945154160,-20.7197,
002114.SZ,罗平锌电,2011-10-31,10.58,10.58,10.3,10.46,1250176,0.68,1923091920,1923091920,-20.4847,
002114.SZ,罗平锌电,2011-11-01,10.4,10.55,10.25,10.32,997635,0.5426,1897352640,1897352640,-20.2105,
002114.SZ,罗平锌电,2011-11-02,10.15,10.55,9.93,10.48,1718507,0.9347,1926768960,1926768960,-20.5238,
002114.SZ,罗平锌电,2011-11-03,10.55,10.88,10.44,10.61,2387973,1.2989,1950669720,1950669720,-20.7784,
002114.SZ,罗平锌电,2011-11-04,10.9,11.14,10.7,10.76,2918140,1.5872,1978247520,1978247520,-21.0722,
002114.SZ,罗平锌电,2011-11-07,10.61,10.97,10.61,10.67,1270651,0.6911,1961700840,1961700840,-20.8959,
002114.SZ,罗平锌电,2011-11-08,10.79,10.84,10.52,10.53,806405,0.4386,1935961560,1935961560,-20.6218,
002114.SZ,罗平锌电,2011-11-09,10.57,10.7,10.41,10.62,970604,0.5279,1952508240,1952508240,-20.798,
002114.SZ,罗平锌电,2011-11-10,10.4,10.5,10.3,10.31,1252641,0.6813,1895514120,1895514120,-20.1909,
002114.SZ,罗平锌电,2011-11-11,10.26,10.39,10.16,10.25,857749,0.4665,1884483000,1884483000,-20.0734,
002114.SZ,罗平锌电,2011-11-14,10.3,10.55,10.22,10.54,1275116,0.6936,1937800080,1937800080,-20.6413,
002114.SZ,罗平锌电,2011-11-15,10.55,10.76,10.42,10.67,1333717,0.7254,1961700840,1961700840,-20.8959,
002114.SZ,罗平锌电,2011-11-16,10.8,10.8,10.29,10.34,1127842,0.6135,1901029680,1901029680,-20.2497,
002114.SZ,罗平锌电,2011-11-17,10.37,10.48,10.22,10.35,876217,0.4766,1902868200,1902868200,-20.2692,
002114.SZ,罗平锌电,2011-11-18,10.28,10.41,10,10.26,1127780,0.6134,1886321520,1886321520,-20.093,
002114.SZ,罗平锌电,2011-11-21,10.38,10.72,10.19,10.66,2449209,1.3322,1959862320,1959862320,-20.8763,
002114.SZ,罗平锌电,2011-11-22,10.49,10.53,10.29,10.45,1066612,0.5801,1921253400,1921253400,-20.4651,
002114.SZ,罗平锌电,2011-11-23,10.43,10.51,10.15,10.18,844969,0.4596,1871613360,1871613360,-19.9363,
002114.SZ,罗平锌电,2011-11-24,10.04,10.15,9.88,10,762888,0.4149,1838520000,1838520000,-19.5838,
002114.SZ,罗平锌电,2011-11-25,10,10.25,9.91,10.02,593810,0.323,1842197040,1842197040,-19.623,
002114.SZ,罗平锌电,2011-11-28,9.99,10.16,9.8,9.96,704870,0.3834,1831165920,1831165920,-19.5055,
002114.SZ,罗平锌电,2011-11-29,10.05,10.1,9.92,10.08,564746,0.3072,1853228160,1853228160,-19.7405,
002114.SZ,罗平锌电,2011-11-30,10.06,10.06,9.32,9.43,904571,0.492,1733724360,1733724360,-18.4675,
002114.SZ,罗平锌电,2011-12-01,9.71,10,9.71,9.74,948782,0.5161,1790718480,1790718480,-19.0746,
002114.SZ,罗平锌电,2011-12-02,9.7,9.7,9.28,9.35,647426,0.3521,1719016200,1719016200,-18.3109,
002114.SZ,罗平锌电,2011-12-05,9.4,9.42,8.91,9,636106,0.346,1654668000,1654668000,-17.6254,
002114.SZ,罗平锌电,2011-12-06,8.8,8.98,8.61,8.8,881271,0.4793,1617897600,1617897600,-17.2338,
002114.SZ,罗平锌电,2011-12-07,8.78,8.88,8.69,8.77,492705,0.268,1612382040,1612382040,-17.175,
002114.SZ,罗平锌电,2011-12-08,8.79,8.79,8.47,8.66,548586,0.2984,1592158320,1592158320,-16.9596,
002114.SZ,罗平锌电,2011-12-09,8.6,8.6,8.41,8.43,649253,0.3531,1549872360,1549872360,-16.5092,
002114.SZ,罗平锌电,2011-12-12,8.5,8.52,8.29,8.3,318200,0.1731,1525971600,1525971600,-16.2546,
002114.SZ,罗平锌电,2011-12-13,8.25,8.27,7.65,7.7,846700,0.4605,1415660400,1415660400,-15.0795,
002114.SZ,罗平锌电,2011-12-14,7.75,7.75,7.5,7.51,1105640,0.6014,1380728520,1380728520,-14.7074,
002114.SZ,罗平锌电,2011-12-15,7.43,7.43,7.12,7.15,954647,0.5192,1314541800,1314541800,-14.0024,
002114.SZ,罗平锌电,2011-12-16,7.14,7.38,7.14,7.38,750929,0.4084,1356827760,1356827760,-14.4529,
002114.SZ,罗平锌电,2011-12-19,7.36,7.36,7.09,7.25,677182,0.3683,1332927000,1332927000,-14.1983,
002114.SZ,罗平锌电,2011-12-20,7.18,7.43,7.18,7.33,752160,0.4091,1347635160,1347635160,-14.3549,
002114.SZ,罗平锌电,2011-12-21,7.34,7.47,7.1,7.11,662055,0.3601,1307187720,1307187720,-13.9241,
002114.SZ,罗平锌电,2011-12-22,7.13,7.24,6.63,6.99,1023210,0.5565,1285125480,1285125480,-13.6891,
002114.SZ,罗平锌电,2011-12-23,6.99,7.13,6.88,6.97,594007,0.3231,1281448440,1281448440,-13.6499,
002114.SZ,罗平锌电,2011-12-26,6.97,7.12,6.81,6.91,443637,0.2413,1270417320,1270417320,-13.5324,
002114.SZ,罗平锌电,2011-12-27,6.88,6.97,6.75,6.76,467472,0.2543,1242839520,1242839520,-13.2387,
002114.SZ,罗平锌电,2011-12-28,6.72,6.79,6.5,6.75,614533,0.3343,1241001000,1241001000,-13.2191,
002114.SZ,罗平锌电,2011-12-29,6.78,6.78,6.6,6.68,427491,0.2325,1228131360,1228131360,-13.082,
002114.SZ,罗平锌电,2011-12-30,6.68,6.68,6.68,6.68,--,--,1228131360,1228131360,-13.082,
002114.SZ,罗平锌电,2012-01-04,6.89,6.97,6.67,6.67,574735,0.3206,1195557480,1226292840,-13.0624,
002114.SZ,罗平锌电,2012-01-05,6.65,6.65,6.36,6.36,495601,0.2765,1139991840,1169298720,-12.4553,
002114.SZ,罗平锌电,2012-01-06,6.36,6.39,6.01,6.39,569491,0.3177,1145369160,1174814280,-12.5141,
002114.SZ,罗平锌电,2012-01-09,6.38,6.81,6.29,6.76,1009539,0.5632,1211689440,1242839520,-13.2387,
002114.SZ,罗平锌电,2012-01-10,6.82,7.44,6.7,7.44,2491454,1.39,1333575360,1367858880,-14.5704,
002114.SZ,罗平锌电,2012-01-11,7.51,8,7.5,7.72,3590803,2.0033,1383763680,1419337440,-15.1187,
002114.SZ,罗平锌电,2012-01-12,7.63,8.49,7.51,8.49,4149118,2.3148,1521781560,1560903480,-16.6267,
002114.SZ,罗平锌电,2012-01-13,8.52,9.34,8.15,9.34,8329952,4.6473,1674138960,1717177680,-18.2913,
002114.SZ,罗平锌电,2012-01-16,9.07,9.58,8.61,8.8,6745064,3.7631,1577347200,1617897600,-17.2338,
002114.SZ,罗平锌电,2012-01-17,8.71,9.68,8.71,9.68,7863822,4.3872,1735081920,1779687360,-18.9571,
002114.SZ,罗平锌电,2012-01-18,10.16,10.65,9.88,10.65,14350789,8.0063,1908948600,1958023800,-20.8568,
002114.SZ,罗平锌电,2012-01-19,10.43,10.83,10.01,10.35,8466291,4.7233,1855175400,1902868200,-20.2692,
002114.SZ,罗平锌电,2012-01-20,10.05,10.22,9.72,9.89,8511909,4.7488,1772723160,1818296280,-19.3684,
002114.SZ,罗平锌电,2012-01-30,9.98,10.18,9.8,9.99,7049088,3.9327,1790647560,1836681480,-19.5642,
002114.SZ,罗平锌电,2012-01-31,9.95,10.4,9.85,10.06,8732051,4.8716,1803194640,1849551120,-19.7013,
002114.SZ,罗平锌电,2012-02-01,9.81,9.9,9.51,9.86,6706832,3.7417,1767345840,1812780720,-19.3096,
002114.SZ,罗平锌电,2012-02-02,9.8,10.78,9.75,10.45,11480392,6.4049,1873099800,1921253400,-20.4651,
002114.SZ,罗平锌电,2012-02-03,10.2,10.58,10.13,10.42,7052757,3.9347,1867722480,1915737840,-20.4063,
002114.SZ,罗平锌电,2012-02-06,10.47,10.5,10,10.16,6660863,3.7161,1821119040,1867936320,-19.8972,
002114.SZ,罗平锌电,2012-02-07,10.05,11.18,9.75,11.18,12164784,6.7867,2003947920,2055465360,-21.8947,
002114.SZ,罗平锌电,2012-02-08,11.03,12.3,10.9,12.3,17617570,9.8288,2204701200,2261379600,-24.0881,
002114.SZ,罗平锌电,2012-02-09,12.9,13.53,12.5,13.53,23707574,13.2264,2425171320,2487517560,-26.4969,
002114.SZ,罗平锌电,2012-02-10,13.53,14.3,13.44,13.75,20931510,11.6777,2464605000,2527965000,-26.9277,
002114.SZ,罗平锌电,2012-02-13,13.57,14.08,13.36,13.9,14318454,7.9882,2491491600,2555542800,-27.2215,
002114.SZ,罗平锌电,2012-02-14,13.71,13.98,13.39,13.71,10374568,5.788,2457435240,2520610920,-26.8494,
002114.SZ,罗平锌电,2012-02-15,13.51,13.86,13.37,13.69,11787480,6.5762,2453850360,2516933880,-26.8102,
002114.SZ,罗平锌电,2012-02-16,13.63,13.83,13.11,13.58,12123842,6.7639,2434133520,2496710160,-26.5948,
002114.SZ,罗平锌电,2012-02-17,13.53,13.83,13.15,13.7,11168482,6.2309,2455642800,2518772400,-26.8298,
002114.SZ,罗平锌电,2012-02-20,13.7,15.06,13.6,13.73,23045870,12.8573,2461020120,2524287960,-26.8886,
002114.SZ,罗平锌电,2012-02-21,13.6,13.6,13.01,13.6,13807541,7.7032,2437718400,2500387200,-26.634,
002114.SZ,罗平锌电,2012-02-22,13.49,14.2,13.28,13.79,14582783,8.1357,2471774760,2535319080,-27.0061,
002114.SZ,罗平锌电,2012-02-23,13.58,14.16,13.49,13.84,11306509,6.3079,2480736960,2544511680,-27.104,
002114.SZ,罗平锌电,2012-02-24,13.8,13.88,13.56,13.8,8106096,4.5224,2473567200,2537157600,-27.0257,
002114.SZ,罗平锌电,2012-02-27,13.85,15,13.84,13.91,17009929,9.4898,2493284040,2557381320,-27.2411,
002114.SZ,罗平锌电,2012-02-28,13.5,13.85,13.3,13.67,9642997,5.3798,2450265480,2513256840,-26.7711,
002114.SZ,罗平锌电,2012-02-29,13.51,14.2,13.11,13.63,12747449,7.1118,2443095720,2505902760,-8.8295,
002114.SZ,罗平锌电,2012-03-01,13.3,13.88,13.16,13.5,7221448,4.0288,2419794000,2482002000,-8.7452,
002114.SZ,罗平锌电,2012-03-02,13.4,14.15,13.4,13.88,10588951,5.9076,2487906720,2551865760,-8.9914,
002114.SZ,罗平锌电,2012-03-05,13.91,14.14,13.64,14.12,10952176,6.1102,2530925280,2595990240,-9.1469,
002114.SZ,罗平锌电,2012-03-06,14.16,15.53,14.12,15.53,24594844,13.7214,2783659320,2855221560,-10.0603,
002114.SZ,罗平锌电,2012-03-07,15.5,16.8,15.07,16.14,23252080,12.9723,2892998160,2967371280,-10.4554,
002114.SZ,罗平锌电,2012-03-08,16,16.49,15.68,15.89,15039811,8.3907,2848187160,2921408280,-10.2935,
002114.SZ,罗平锌电,2012-03-09,15.88,16.11,15.52,15.57,11238948,6.2702,2790829080,2862575640,-10.0862,
002114.SZ,罗平锌电,2012-03-12,15.59,15.59,14.9,15.28,12280841,6.8515,2738848320,2809258560,-9.8983,
002114.SZ,罗平锌电,2012-03-13,15.18,15.49,14.98,15.35,10279439,5.7349,2751395400,2822128200,-9.9437,
002114.SZ,罗平锌电,2012-03-14,15.26,15.3,13.82,13.91,14510844,8.0956,2493284040,2557381320,-9.0108,
002114.SZ,罗平锌电,2012-03-15,13.85,14,12.99,13.14,10767556,6.0072,2355266160,2415815280,-8.512,
002114.SZ,罗平锌电,2012-03-16,13.14,13.46,12.83,13.31,9818372,5.4777,2385737640,2447070120,-8.6222,
002114.SZ,罗平锌电,2012-03-19,13.42,14.64,13.12,14.64,12670694,7.069,2624132160,2691593280,-9.4837,
002114.SZ,罗平锌电,2012-03-20,14.43,15.35,14.25,14.8,18890498,10.539,2652811200,2721009600,-9.5874,
002114.SZ,罗平锌电,2012-03-21,14.68,15.5,14.68,14.97,15180457,8.4692,2683282680,2752264440,-9.6975,
002114.SZ,罗平锌电,2012-03-22,14.97,14.97,14.97,14.97,--,--,2683282680,2752264440,-9.7358,
002114.SZ,罗平锌电,2012-03-23,14.22,14.22,14.22,14.22,114800,0.064,2548849680,2614375440,-9.2481,
002114.SZ,罗平锌电,2012-03-26,13.51,13.51,13.51,13.51,65600,0.0366,2421586440,2483840520,-8.7863,
002114.SZ,罗平锌电,2012-03-27,12.83,12.83,12.83,12.83,406800,0.227,2299700520,2358821160,-8.3441,
002114.SZ,罗平锌电,2012-03-28,12.19,12.19,12.19,12.19,105100,0.0586,2184984360,2241155880,-7.9278,
002114.SZ,罗平锌电,2012-03-29,11.58,11.58,11.58,11.58,40100,0.0224,2075645520,2129006160,-7.5311,
002114.SZ,罗平锌电,2012-03-30,11,11,11,11,98900,0.0552,1971684000,2022372000,-7.1539,
002114.SZ,罗平锌电,2012-04-05,10.45,11.55,10.45,11.04,22005509,12.2768,1978853760,2029726080,-7.1799,
002114.SZ,罗平锌电,2012-04-06,10.8,10.86,10.49,10.49,19852972,11.0759,1880269560,1928607480,-6.8222,
002114.SZ,罗平锌电,2012-04-09,10.45,10.73,10.11,10.51,13728978,7.6594,1883854440,1932284520,-6.8352,
002114.SZ,罗平锌电,2012-04-10,10.45,10.72,10.15,10.6,10522178,5.8703,1899986400,1948831200,-6.8938,
002114.SZ,罗平锌电,2012-04-11,10.38,10.5,10.1,10.23,10834108,6.0443,1833666120,1880805960,-6.6531,
002114.SZ,罗平锌电,2012-04-12,10.22,10.37,10.01,10.28,10948469,6.1081,1842628320,1889998560,-6.6857,
002114.SZ,罗平锌电,2012-04-13,10.28,10.28,10.28,10.28,--,--,1842628320,1889998560,-6.6857,
002114.SZ,罗平锌电,2012-04-16,10.17,10.79,10.17,10.79,15266332,8.5171,1934042760,1983763080,-7.0173,
002114.SZ,罗平锌电,2012-04-17,10.99,11.17,10.44,10.48,12069706,6.7337,1878477120,1926768960,-6.8157,
002114.SZ,罗平锌电,2012-04-18,10.4,10.59,10.22,10.5,9030533,5.0381,1882062000,1930446000,-6.8287,
002114.SZ,罗平锌电,2012-04-19,10.54,10.68,10.29,10.3,8029186,4.4795,1846213200,1893675600,-6.8347,
002114.SZ,罗平锌电,2012-04-20,10.23,10.4,10.15,10.22,7609079,4.2451,1831873680,1878967440,-6.7816,
002114.SZ,罗平锌电,2012-04-23,10.12,10.17,9.71,9.71,7956756,4.4391,1740459240,1785202920,-6.4432,
002114.SZ,罗平锌电,2012-04-24,9.22,9.22,9.22,9.22,771900,0.4306,1652629680,1695115440,-6.118,
002114.SZ,罗平锌电,2012-04-25,8.76,9.1,8.76,8.8,13045854,7.2783,1577347200,1617897600,-5.8393,
002114.SZ,罗平锌电,2012-04-26,8.81,9.24,8.81,9.08,9258632,5.1654,1627535520,1669376160,-6.0251,
002114.SZ,罗平锌电,2012-04-27,9.01,9.01,8.63,8.63,9470168,5.2834,1546875720,1586642760,-5.7265,
002114.SZ,罗平锌电,2012-05-02,8.32,8.58,8.2,8.45,10958067,6.1135,1514611800,1553549400,-5.6071,
002114.SZ,罗平锌电,2012-05-03,8.33,8.86,8.24,8.68,9780616,5.4566,1555837920,1595835360,-5.7597,
002114.SZ,罗平锌电,2012-05-04,8.6,8.98,8.44,8.93,9111844,5.0835,1600648920,1641798360,-5.9256,
002114.SZ,罗平锌电,2012-05-07,8.93,8.95,8.76,8.94,4912777,2.7408,1602441360,1643636880,-5.9322,
002114.SZ,罗平锌电,2012-05-08,8.95,9.25,8.86,9.02,6438806,3.5922,1616780880,1658345040,-5.9853,
002114.SZ,罗平锌电,2012-05-09,8.88,9,8.57,8.57,6733806,3.7568,1536121080,1575611640,-5.6867,
002114.SZ,罗平锌电,2012-05-10,8.5,8.72,8.42,8.63,4342762,2.4228,1546875720,1586642760,-5.7265,
002114.SZ,罗平锌电,2012-05-11,8.64,9.06,8.57,9.06,8258453,4.6074,1623950640,1665699120,-6.0118,
002114.SZ,罗平锌电,2012-05-14,9.18,9.25,8.8,8.8,6860404,3.8274,1577347200,1617897600,-5.8393,
002114.SZ,罗平锌电,2012-05-15,8.6,9.18,8.56,9.03,6301381,3.5155,1618573320,1660183560,-5.9919,
002114.SZ,罗平锌电,2012-05-16,8.92,9.16,8.91,8.96,3845210,2.1452,1606026240,1647313920,-5.9455,
002114.SZ,罗平锌电,2012-05-17,8.95,9.17,8.79,9,11827852,6.5987,1613196000,1654668000,-5.972,
002114.SZ,罗平锌电,2012-05-18,8.85,8.85,8.55,8.55,7935095,4.427,1532536200,1571934600,-5.6734,
002114.SZ,罗平锌电,2012-05-21,8.4,8.43,8.12,8.12,7715262,4.3043,1455461280,1492878240,-5.3881,
002114.SZ,罗平锌电,2012-05-22,8.01,8.17,7.97,8.09,5923045,3.3045,1450083960,1487362680,-5.3682,
002114.SZ,罗平锌电,2012-05-23,8.07,8.11,7.7,7.8,5924394,3.3052,1398103200,1434045600,-5.1758,
002114.SZ,罗平锌电,2012-05-24,7.72,7.8,7.49,7.55,5855996,3.2671,1353292200,1388082600,-5.0099,
002114.SZ,罗平锌电,2012-05-25,7.54,7.77,7.48,7.54,4715093,2.6305,1351499760,1386244080,-5.0032,
002114.SZ,罗平锌电,2012-05-28,7.56,7.79,7.41,7.77,5359060,2.9898,1392725880,1428530040,-5.1559,
002114.SZ,罗平锌电,2012-05-29,7.77,8.07,7.66,7.97,7761765,4.3303,1428574680,1465300440,-5.2886,
002114.SZ,罗平锌电,2012-05-30,7.88,7.97,7.81,7.9,4388034,2.4481,1416027600,1452430800,-5.2421,
002114.SZ,罗平锌电,2012-05-31,7.84,7.94,7.75,7.83,4129454,2.3038,1403480520,1439561160,-5.1957,
002114.SZ,罗平锌电,2012-06-01,7.84,8.05,7.81,7.84,3501845,1.9537,1405272960,1441399680,-5.2023,
002114.SZ,罗平锌电,2012-06-04,7.69,7.69,7.45,7.45,4146556,2.3134,1335367800,1369697400,-4.9435,
002114.SZ,罗平锌电,2012-06-05,7.4,7.77,7.36,7.55,3649934,2.0363,1353292200,1388082600,-5.0099,
002114.SZ,罗平锌电,2012-06-06,7.58,7.63,7.52,7.55,2762384,1.5411,1353292200,1388082600,-5.0099,
002114.SZ,罗平锌电,2012-06-07,7.65,7.93,7.61,7.93,11224742,6.2623,1421404920,1457946360,-5.262,
002114.SZ,罗平锌电,2012-06-08,7.87,7.97,7.75,7.79,6549209,3.6538,1396310760,1432207080,-5.1691,
002114.SZ,罗平锌电,2012-06-11,7.8,7.85,7.4,7.58,7594112,4.2367,1358669520,1393598160,-5.0298,
002114.SZ,罗平锌电,2012-06-12,7.48,7.67,7.41,7.59,4087745,2.2805,1360461960,1395436680,-5.0364,
002114.SZ,罗平锌电,2012-06-13,7.68,7.97,7.57,7.97,7082340,3.9512,1428574680,1465300440,-5.2886,
002114.SZ,罗平锌电,2012-06-14,8.04,8.1,7.83,7.84,6087790,3.3964,1405272960,1441399680,-5.2023,
002114.SZ,罗平锌电,2012-06-15,7.89,8.23,7.74,8.23,10686131,5.9618,1475178120,1513101960,-5.4611,
002114.SZ,罗平锌电,2012-06-18,8.23,8.64,8.16,8.64,7088306,3.9546,1548668160,1588481280,-5.7332,
002114.SZ,罗平锌电,2012-06-19,8.89,9.07,8.76,9.07,3497587,1.9513,1625743080,1667537640,-6.0185,
002114.SZ,罗平锌电,2012-06-20,9.51,9.52,8.76,8.88,17763641,9.9103,1591686720,1632605760,-5.8924,
002114.SZ,罗平锌电,2012-06-21,8.89,8.89,8.44,8.67,10256823,5.7223,1554045480,1593996840,-5.7531,
002114.SZ,罗平锌电,2012-06-25,8.6,8.6,8.24,8.24,5274019,2.9424,1476970560,1514940480,-5.4677,
002114.SZ,罗平锌电,2012-06-26,8.09,8.63,8.01,8.3,6166241,3.4401,1487725200,1525971600,-5.5075,
002114.SZ,罗平锌电,2012-06-27,8.21,8.38,7.89,7.89,6329546,3.5312,1414235160,1450592280,-5.2355,
002114.SZ,罗平锌电,2012-06-28,7.87,7.96,7.6,7.6,5325801,2.9713,1362254400,1397275200,-5.0431,
002114.SZ,罗平锌电,2012-06-29,7.5,7.72,7.37,7.64,4347348,2.4254,1369424160,1404629280,-5.0696,
002114.SZ,罗平锌电,2012-07-02,7.76,7.92,7.7,7.77,4219973,2.3543,1392725880,1428530040,-5.1559,
002114.SZ,罗平锌电,2012-07-03,7.8,8.16,7.78,8.16,5095123,2.8426,1462631040,1500232320,-5.4146,
002114.SZ,罗平锌电,2012-07-04,8.3,8.55,8.1,8.14,6869527,3.8325,1459046160,1496555280,-5.4014,
002114.SZ,罗平锌电,2012-07-05,8.09,8.13,7.77,7.83,3502720,1.9542,1403480520,1439561160,-5.1957,
002114.SZ,罗平锌电,2012-07-06,7.85,8.22,7.84,8.22,4153381,2.3172,1473385680,1511263440,-5.4545,
002114.SZ,罗平锌电,2012-07-09,8.24,8.48,8.14,8.19,5173645,2.8864,1468008360,1505747880,-5.4346,
002114.SZ,罗平锌电,2012-07-10,8.08,8.17,7.78,8.01,3547443,1.9791,1435744440,1472654520,-5.3151,
002114.SZ,罗平锌电,2012-07-11,7.99,8.09,7.76,8.01,2791364,1.5573,1435744440,1472654520,-5.3151,
002114.SZ,罗平锌电,2012-07-12,7.9,8.22,7.7,8.15,4444167,2.4794,1460838600,1498393800,-5.408,
002114.SZ,罗平锌电,2012-07-13,7.8,7.8,7.74,7.74,2275700,1.2696,1387348560,1423014480,-5.136,
002114.SZ,罗平锌电,2012-07-16,7.35,7.35,7.35,7.35,936800,0.5226,1317443400,1351312200,-4.8772,
002114.SZ,罗平锌电,2012-07-17,6.98,7.3,6.98,7.21,5676213,3.1668,1292349240,1325572920,-4.7843,
002114.SZ,罗平锌电,2012-07-18,7.12,7.21,6.93,7.09,3385383,1.8887,1270839960,1303510680,-4.7046,
002114.SZ,罗平锌电,2012-07-19,7.08,7.35,7.03,7.22,3381290,1.8864,1294141680,1327411440,-4.7909,
002114.SZ,罗平锌电,2012-07-20,7.22,7.29,7.04,7.06,3136039,1.7496,1265462640,1297995120,-4.6847,
002114.SZ,罗平锌电,2012-07-23,6.96,6.96,6.76,6.8,2492710,1.3907,1218859200,1250193600,-4.5122,
002114.SZ,罗平锌电,2012-07-24,6.62,6.9,6.6,6.86,1769742,0.9873,1229613840,1261224720,-4.552,
002114.SZ,罗平锌电,2012-07-25,6.76,7.2,6.76,7.12,4244773,2.3682,1276217280,1309026240,-4.7245,
002114.SZ,罗平锌电,2012-07-26,7.1,7.1,6.76,6.8,3345914,1.8667,1218859200,1250193600,-4.5122,
002114.SZ,罗平锌电,2012-07-27,6.86,6.88,6.76,6.79,1449474,0.8087,1217066760,1248355080,-4.5056,
002114.SZ,罗平锌电,2012-07-30,6.45,6.45,6.45,6.45,349100,0.1948,1156123800,1185845400,-4.28,
002114.SZ,罗平锌电,2012-07-31,6.13,6.13,6.13,6.13,147000,0.082,1098765720,1127012760,-4.1882,
002114.SZ,罗平锌电,2012-08-01,5.82,5.94,5.82,5.82,6932936,3.8679,1043200080,1070018640,-3.9764,
002114.SZ,罗平锌电,2012-08-02,5.62,5.91,5.6,5.63,4827719,2.6934,1009143720,1035086760,-3.8466,
002114.SZ,罗平锌电,2012-08-03,5.65,5.75,5.56,5.7,3128145,1.7452,1021690800,1047956400,-3.8944,
002114.SZ,罗平锌电,2012-08-06,5.67,5.86,5.62,5.86,3585996,2.0006,1050369840,1077372720,-4.0038,
002114.SZ,罗平锌电,2012-08-07,5.87,6.05,5.85,5.95,4481390,2.5002,1066501800,1093919400,-4.0652,
002114.SZ,罗平锌电,2012-08-08,5.93,6.07,5.8,5.95,4032998,2.25,1066501800,1093919400,-4.0652,
002114.SZ,罗平锌电,2012-08-09,5.93,5.98,5.88,5.94,3325118,1.8551,1064709360,1092080880,-4.0584,
002114.SZ,罗平锌电,2012-08-10,5.95,6.08,5.92,6.02,3232744,1.8035,1079048880,1106789040,-4.1131,
002114.SZ,罗平锌电,2012-08-13,6.01,6.01,5.72,5.72,3539305,1.9746,1025275680,1051633440,-3.9081,
002114.SZ,罗平锌电,2012-08-14,5.68,5.7,5.43,5.56,3625213,2.0225,996596640,1022217120,-3.7988,
002114.SZ,罗平锌电,2012-08-15,5.53,5.59,5.44,5.53,1633607,0.9114,991219320,1016701560,-3.7783,
002114.SZ,罗平锌电,2012-08-16,5.51,5.81,5.48,5.81,2768085,1.5443,1041407640,1068180120,-3.9696,
002114.SZ,罗平锌电,2012-08-17,5.85,6.07,5.72,5.76,4269163,2.3818,1032445440,1058987520,-3.9354,
002114.SZ,罗平锌电,2012-08-20,5.61,5.73,5.47,5.68,2561659,1.4291,1018105920,1044279360,-3.8808,
002114.SZ,罗平锌电,2012-08-21,5.66,5.9,5.63,5.82,2243389,1.2516,1043200080,1070018640,-3.9764,
002114.SZ,罗平锌电,2012-08-22,5.87,6.11,5.8,6.03,5182401,2.8913,1080841320,1108627560,-4.1199,
002114.SZ,罗平锌电,2012-08-23,6,6.31,5.98,6.31,5306947,2.9607,1131029640,1160106120,-4.3112,
002114.SZ,罗平锌电,2012-08-24,6.27,6.27,5.99,5.99,4161981,2.322,1073671560,1101273480,-4.0926,
002114.SZ,罗平锌电,2012-08-27,5.76,5.94,5.69,5.73,2539583,1.4168,1027068120,1053471960,-3.9149,
002114.SZ,罗平锌电,2012-08-28,5.73,5.9,5.73,5.88,1676570,0.9354,1053954720,1081049760,-4.0174,
002114.SZ,罗平锌电,2012-08-29,5.88,6.05,5.83,5.87,2107942,1.176,1052162280,1079211240,-4.0106,
002114.SZ,罗平锌电,2012-08-30,5.89,5.92,5.58,5.6,2407831,1.3433,1003766400,1029571200,-3.8261,
002114.SZ,罗平锌电,2012-08-31,5.6,5.88,5.58,5.85,2153883,1.2016,1048577400,1075534200,-3.9969,
002114.SZ,罗平锌电,2012-09-03,5.83,5.94,5.71,5.89,1436162,0.8012,1055747160,1082888280,-4.0242,
002114.SZ,罗平锌电,2012-09-04,5.87,6,5.8,5.89,2077348,1.1589,1055747160,1082888280,-4.0242,
002114.SZ,罗平锌电,2012-09-05,5.99,6.13,5.91,5.94,2247221,1.2537,1064709360,1092080880,-4.0584,
002114.SZ,罗平锌电,2012-09-06,5.9,6.03,5.88,5.99,1342289,0.7489,1073671560,1101273480,-4.0926,
002114.SZ,罗平锌电,2012-09-07,6,6.29,6,6.21,3739029,2.086,1113105240,1141720920,-4.2429,
002114.SZ,罗平锌电,2012-09-10,6.2,6.38,6.16,6.28,3319604,1.852,1125652320,1154590560,-4.2907,
002114.SZ,罗平锌电,2012-09-11,6.2,6.22,6.08,6.2,2222570,1.24,1111312800,1139882400,-4.236,
002114.SZ,罗平锌电,2012-09-12,6.24,6.51,6.23,6.42,4571004,2.5502,1150746480,1180329840,-4.3864,
002114.SZ,罗平锌电,2012-09-13,6.35,6.6,6.25,6.25,3095692,1.7271,1120275000,1149075000,-4.2702,
002114.SZ,罗平锌电,2012-09-14,6.33,6.47,6.25,6.29,2722966,1.5191,1127444760,1156429080,-4.2975,
002114.SZ,罗平锌电,2012-09-17,6.3,6.31,6.02,6.03,2826938,1.5771,1080841320,1108627560,-4.1199,
002114.SZ,罗平锌电,2012-09-18,5.96,6.15,5.95,6.03,1501141,0.8375,1080841320,1108627560,-4.1199,
002114.SZ,罗平锌电,2012-09-19,6.04,6.15,5.97,6.13,2243211,1.2515,1098765720,1127012760,-4.1882,
002114.SZ,罗平锌电,2012-09-20,6.09,6.14,5.88,5.91,2188774,1.2211,1059332040,1086565320,-4.0379,
002114.SZ,罗平锌电,2012-09-21,5.91,6.07,5.72,5.92,1814288,1.0122,1061124480,1088403840,-4.0447,
002114.SZ,罗平锌电,2012-09-24,5.83,6.07,5.72,6.01,2079214,1.16,1077256440,1104950520,-4.1062,
002114.SZ,罗平锌电,2012-09-25,5.98,6,5.86,5.92,1374466,0.7668,1061124480,1088403840,-4.0447,
002114.SZ,罗平锌电,2012-09-26,5.84,5.98,5.68,5.69,1389568,0.7752,1019898360,1046117880,-3.8876,
002114.SZ,罗平锌电,2012-09-27,5.55,5.88,5.55,5.85,1789637,0.9984,1048577400,1075534200,-3.9969,
002114.SZ,罗平锌电,2012-09-28,5.8,6.07,5.8,6.01,1715861,0.9573,1077256440,1104950520,-4.1062,
002114.SZ,罗平锌电,2012-10-08,5.95,6.22,5.94,6.16,2295083,1.2804,1104143040,1132528320,-4.2087,
002114.SZ,罗平锌电,2012-10-09,6.1,6.32,6.1,6.26,3042164,1.6972,1122067440,1150913520,-4.277,
002114.SZ,罗平锌电,2012-10-10,6.25,6.49,6.19,6.44,3396751,1.895,1154331360,1184006880,-4.4,
002114.SZ,罗平锌电,2012-10-11,6.39,6.43,6.22,6.23,2874057,1.6034,1116690120,1145397960,-4.2565,
002114.SZ,罗平锌电,2012-10-12,6.54,6.54,6.54,6.54,965103,0.5384,1172255760,1202392080,-4.4683,
002114.SZ,罗平锌电,2012-10-15,6.87,6.87,6.87,6.87,265667,0.1482,1231406280,1263063240,-4.6938,
002114.SZ,罗平锌电,2012-10-16,7.21,7.21,6.85,7.2,12540790,6.9965,1290556800,1323734400,-4.9193,
002114.SZ,罗平锌电,2012-10-17,7.14,7.23,6.96,6.99,4502325,2.5118,1252915560,1285125480,-4.7758,
002114.SZ,罗平锌电,2012-10-18,6.92,7.15,6.91,7.05,3760751,2.0981,1263670200,1296156600,-4.8168,
002114.SZ,罗平锌电,2012-10-19,7.05,7.09,6.97,7.06,2948999,1.6452,1265462640,1297995120,-4.8236,
002114.SZ,罗平锌电,2012-10-22,7.01,7.38,6.95,7.28,4588565,2.56,1304896320,1338442560,-4.9739,
002114.SZ,罗平锌电,2012-10-23,7.29,7.3,7.1,7.15,3212059,1.792,1281594600,1314541800,-4.8851,
002114.SZ,罗平锌电,2012-10-24,7.15,7.51,7.13,7.51,3592481,2.0042,1346122440,1380728520,-14.8118,
002114.SZ,罗平锌电,2012-10-25,7.78,7.78,7.26,7.31,7282999,4.0632,1310273640,1343958120,-14.4173,
002114.SZ,罗平锌电,2012-10-26,7.26,7.31,6.94,6.94,3956484,2.2073,1243953360,1275932880,-13.6876,
002114.SZ,罗平锌电,2012-10-29,6.85,7.13,6.85,7.03,2107984,1.176,1260085320,1292479560,-13.8651,
002114.SZ,罗平锌电,2012-10-30,6.98,7.38,6.96,7.38,2956916,1.6497,1322820720,1356827760,-14.5554,
002114.SZ,罗平锌电,2012-10-31,7.43,7.75,7.31,7.47,5004420,2.792,1338952680,1373374440,-14.7329,
002114.SZ,罗平锌电,2012-11-01,7.45,7.69,7.33,7.35,4433916,2.4737,1317443400,1351312200,-14.4962,
002114.SZ,罗平锌电,2012-11-02,7.39,7.65,7.32,7.55,3988310,2.2251,1353292200,1388082600,-14.8907,
002114.SZ,罗平锌电,2012-11-05,7.58,7.93,7.58,7.93,2720165,1.5176,1421404920,1457946360,-15.6401,
002114.SZ,罗平锌电,2012-11-06,7.93,7.93,7.93,7.93,--,--,1421404920,1457946360,-15.6401,
002114.SZ,罗平锌电,2012-11-07,7.93,7.93,7.93,7.93,--,--,1421404920,1457946360,-15.6401,
002114.SZ,罗平锌电,2012-11-08,7.93,7.93,7.93,7.93,--,--,1421404920,1457946360,-15.6401,
002114.SZ,罗平锌电,2012-11-09,7.93,7.93,7.93,7.93,--,--,1421404920,1457946360,-15.6401,
002114.SZ,罗平锌电,2012-11-12,7.93,7.93,7.93,7.93,--,--,1421404920,1457946360,-15.6401,
002114.SZ,罗平锌电,2012-11-13,7.93,7.93,7.93,7.93,--,--,1421404920,1457946360,-15.6401,
002114.SZ,罗平锌电,2012-11-14,7.93,7.93,7.93,7.93,--,--,1421404920,1457946360,-15.6401,
002114.SZ,罗平锌电,2012-11-15,7.93,7.93,7.93,7.93,--,--,1421404920,1457946360,-15.6401,
002114.SZ,罗平锌电,2012-11-16,7.93,7.93,7.93,7.93,--,--,1421404920,1457946360,-15.6401,
002114.SZ,罗平锌电,2012-11-19,7.93,7.93,7.93,7.93,--,--,1421404920,1457946360,-15.6401,
002114.SZ,罗平锌电,2012-11-20,7.93,7.93,7.93,7.93,--,--,1421404920,1457946360,-15.6401,
002114.SZ,罗平锌电,2012-11-21,7.93,7.93,7.93,7.93,--,--,1421404920,1457946360,-15.6401,
002114.SZ,罗平锌电,2012-11-22,7.93,7.93,7.93,7.93,--,--,1421404920,1457946360,-15.6401,
002114.SZ,罗平锌电,2012-11-23,7.93,7.93,7.93,7.93,--,--,1421404920,1457946360,-15.6401,
002114.SZ,罗平锌电,2012-11-26,7.93,7.93,7.93,7.93,--,--,1421404920,1457946360,-15.6401,
002114.SZ,罗平锌电,2012-11-27,7.93,7.93,7.93,7.93,--,--,1421404920,1457946360,-15.6401,
002114.SZ,罗平锌电,2012-11-28,7.93,7.93,7.93,7.93,--,--,1421404920,1457946360,-15.6401,
002114.SZ,罗平锌电,2012-11-29,7.93,7.93,7.93,7.93,--,--,1421404920,1457946360,-15.6401,
002114.SZ,罗平锌电,2012-11-30,7.93,7.93,7.93,7.93,--,--,1421404920,1457946360,-15.6401,
002114.SZ,罗平锌电,2012-12-03,7.93,7.93,7.93,7.93,--,--,1421404920,1457946360,-15.6401,
002114.SZ,罗平锌电,2012-12-04,7.93,7.93,7.93,7.93,--,--,1421404920,1457946360,-15.6401,
002114.SZ,罗平锌电,2012-12-05,7.93,7.93,7.93,7.93,--,--,1421404920,1457946360,-15.6401,
002114.SZ,罗平锌电,2012-12-06,7.93,7.93,7.93,7.93,--,--,1421404920,1457946360,-15.6401,
002114.SZ,罗平锌电,2012-12-07,7.93,7.93,7.93,7.93,--,--,1421404920,1457946360,-15.6401,
002114.SZ,罗平锌电,2012-12-10,7.93,7.93,7.93,7.93,--,--,1421404920,1457946360,-15.6401,
002114.SZ,罗平锌电,2012-12-11,7.93,7.93,7.93,7.93,--,--,1421404920,1457946360,-15.6401,
002114.SZ,罗平锌电,2012-12-12,7.93,7.93,7.93,7.93,--,--,1421404920,1457946360,-15.6401,
002114.SZ,罗平锌电,2012-12-13,7.93,7.93,7.93,7.93,--,--,1421404920,1457946360,-15.6401,
002114.SZ,罗平锌电,2012-12-14,7.93,7.93,7.93,7.93,--,--,1421404920,1457946360,-15.6401,
002114.SZ,罗平锌电,2012-12-17,7.93,7.93,7.93,7.93,--,--,1421404920,1457946360,-15.6401,
002114.SZ,罗平锌电,2012-12-18,7.93,7.93,7.93,7.93,--,--,1421404920,1457946360,-15.6401,
002114.SZ,罗平锌电,2012-12-19,7.93,7.93,7.93,7.93,--,--,1421404920,1457946360,-15.6401,
002114.SZ,罗平锌电,2012-12-20,7.93,7.93,7.93,7.93,--,--,1421404920,1457946360,-15.6401,
002114.SZ,罗平锌电,2012-12-21,7.93,7.93,7.93,7.93,--,--,1421404920,1457946360,-15.6401,
002114.SZ,罗平锌电,2012-12-24,7.93,7.93,7.93,7.93,--,--,1421404920,1457946360,-15.6401,
002114.SZ,罗平锌电,2012-12-25,7.93,7.93,7.93,7.93,--,--,1421404920,1457946360,-15.6401,
002114.SZ,罗平锌电,2012-12-26,7.93,7.93,7.93,7.93,--,--,1421404920,1457946360,-15.6401,
002114.SZ,罗平锌电,2012-12-27,7.93,7.93,7.93,7.93,--,--,1421404920,1457946360,-15.6401,
002114.SZ,罗平锌电,2012-12-28,7.93,7.93,7.93,7.93,--,--,1421404920,1457946360,-15.6401,
002114.SZ,罗平锌电,2012-12-31,7.93,7.93,7.93,7.93,--,--,1421404920,1457946360,-15.6401,
002114.SZ,罗平锌电,2013-01-04,7.93,7.93,7.93,7.93,--,--,1421404920,1457946360,-15.6401,
002114.SZ,罗平锌电,2013-01-07,7.93,7.93,7.93,7.93,--,--,1421404920,1457946360,-15.6401,
002114.SZ,罗平锌电,2013-01-08,7.93,7.93,7.93,7.93,--,--,1421404920,1457946360,-15.6401,
002114.SZ,罗平锌电,2013-01-09,7.93,7.93,7.93,7.93,--,--,1421404920,1457946360,-15.6401,
002114.SZ,罗平锌电,2013-01-10,7.93,7.93,7.93,7.93,--,--,1421404920,1457946360,-15.6401,
002114.SZ,罗平锌电,2013-01-11,7.93,7.93,7.93,7.93,--,--,1421404920,1457946360,-15.6401,
002114.SZ,罗平锌电,2013-01-14,7.93,7.93,7.93,7.93,--,--,1421404920,1457946360,-15.6401,
002114.SZ,罗平锌电,2013-01-15,7.93,7.93,7.93,7.93,--,--,1421404920,1457946360,-15.6401,
002114.SZ,罗平锌电,2013-01-16,7.93,7.93,7.93,7.93,--,--,1421404920,1457946360,-15.6401,
002114.SZ,罗平锌电,2013-01-17,8.33,8.33,8.33,8.33,33013,0.0184,1493102520,1531487160,-16.4291,
002114.SZ,罗平锌电,2013-01-18,8.75,8.75,8.75,8.75,48125,0.0268,1568385000,1608705000,-17.2574,
002114.SZ,罗平锌电,2013-01-21,9.19,9.19,9.19,9.19,188924,0.1054,1647252360,1689599880,-18.1252,
002114.SZ,罗平锌电,2013-01-22,9.65,9.65,9.65,9.65,139247,0.0777,1729704600,1774171800,-19.0325,
002114.SZ,罗平锌电,2013-01-23,10.13,10.13,10.13,10.13,174045,0.0971,1815741720,1862420760,-19.9791,
002114.SZ,罗平锌电,2013-01-24,10.64,10.64,10.64,10.64,264537,0.1476,1907156160,1956185280,-20.985,
002114.SZ,罗平锌电,2013-01-25,11.17,11.17,10.96,11.17,9836995,5.488,2002155480,2053626840,-22.0303,
002114.SZ,罗平锌电,2013-01-28,11.38,11.73,10.74,11.73,17447178,9.7338,2102532120,2156583960,-23.1348,
002114.SZ,罗平锌电,2013-01-29,11.69,11.69,11.14,11.14,7933015,4.4258,1996778160,2048111280,-21.9711,
002114.SZ,罗平锌电,2013-01-30,10.75,11.17,10.58,10.66,9973241,5.5641,1910741040,1959862320,-21.0245,
002114.SZ,罗平锌电,2013-01-31,10.56,11.11,10.15,10.23,8875463,4.9516,1833666120,1880805960,-20.1764,
002114.SZ,罗平锌电,2013-02-01,10.23,10.58,10.18,10.35,6319432,3.5256,1855175400,1902868200,-20.413,
002114.SZ,罗平锌电,2013-02-04,10.23,10.34,9.83,9.86,7790934,4.3466,1767345840,1812780720,-19.4466,
002114.SZ,罗平锌电,2013-02-05,9.78,10.24,9.72,10.04,5231641,2.9187,1799609760,1845874080,-19.8016,
002114.SZ,罗平锌电,2013-02-06,10.06,10.54,10.01,10.33,4772369,2.6625,1851590520,1899191160,-20.3736,
002114.SZ,罗平锌电,2013-02-07,10.32,10.44,10.12,10.13,3683735,2.0552,1815741720,1862420760,-19.9791,
002114.SZ,罗平锌电,2013-02-08,10.16,10.36,10.03,10.15,3431524,1.9144,1819326600,1866097800,-20.0186,
002114.SZ,罗平锌电,2013-02-18,10.26,10.46,10.12,10.3,2649491,1.4411,1893675600,1893675600,-20.3144,
002114.SZ,罗平锌电,2013-02-19,10.27,10.59,10.21,10.39,3731911,2.0298,1910222280,1910222280,-20.4919,
002114.SZ,罗平锌电,2013-02-20,10.4,10.59,10.33,10.54,3125216,1.6999,1937800080,1937800080,-20.7878,
002114.SZ,罗平锌电,2013-02-21,10.52,10.52,10.01,10.01,4202674,2.2859,1840358520,1840358520,-19.7425,
002114.SZ,罗平锌电,2013-02-22,9.89,10.05,9.7,9.95,3402539,1.8507,1829327400,1829327400,-19.6241,
002114.SZ,罗平锌电,2013-02-25,9.91,10.13,9.9,9.95,2182395,1.187,1829327400,1829327400,-19.6241,
002114.SZ,罗平锌电,2013-02-26,10,10.19,9.92,9.97,3013684,1.6392,1833004440,1833004440,-19.6636,
002114.SZ,罗平锌电,2013-02-27,9.88,10.28,9.88,10.21,2852139,1.5513,1877128920,1877128920,-20.1369,
002114.SZ,罗平锌电,2013-02-28,9.97,10.07,9.7,9.91,6521141,3.547,1821973320,1821973320,87.3287,
002114.SZ,罗平锌电,2013-03-01,9.81,9.94,9.74,9.91,3227944,1.7557,1821973320,1821973320,87.3287,
002114.SZ,罗平锌电,2013-03-04,9.83,9.97,9.41,9.41,4188593,2.2782,1730047320,1730047320,82.9227,
002114.SZ,罗平锌电,2013-03-05,9.24,9.39,9,9.34,3464201,1.8842,1717177680,1717177680,82.3058,
002114.SZ,罗平锌电,2013-03-06,9.3,9.59,9.28,9.59,3168478,1.7234,1763140680,1763140680,84.5088,
002114.SZ,罗平锌电,2013-03-07,9.62,10,9.59,9.76,4015382,2.184,1794395520,1794395520,86.0069,
002114.SZ,罗平锌电,2013-03-08,9.64,9.7,9.3,9.4,3219315,1.751,1728208800,1728208800,82.8345,
002114.SZ,罗平锌电,2013-03-11,9.4,9.6,9.26,9.51,2063048,1.1221,1748432520,1748432520,83.8039,
002114.SZ,罗平锌电,2013-03-12,9.5,9.54,9.07,9.19,2584992,1.406,1689599880,1689599880,80.984,
002114.SZ,罗平锌电,2013-03-13,9.22,9.42,9.16,9.28,2096461,1.1403,1706146560,1706146560,81.7771,
002114.SZ,罗平锌电,2013-03-14,9.3,9.33,9.03,9.09,2418294,1.3153,1671214680,1671214680,80.1028,
002114.SZ,罗平锌电,2013-03-15,9.12,9.21,8.87,9.13,2414822,1.3135,1678568760,1678568760,80.4552,
002114.SZ,罗平锌电,2013-03-18,9.06,9.43,9.04,9.11,2368857,1.2885,1674891720,1674891720,80.279,
002114.SZ,罗平锌电,2013-03-19,9.2,9.57,9.03,9.57,4094654,2.2271,1759463640,1759463640,84.3326,
002114.SZ,罗平锌电,2013-03-20,9.6,9.98,9.59,9.92,5784098,3.1461,1823811840,1823811840,87.4169,
002114.SZ,罗平锌电,2013-03-21,9.88,10.11,9.75,9.95,3890601,2.1162,1829327400,1829327400,87.6812,
002114.SZ,罗平锌电,2013-03-22,9.9,9.94,9.68,9.88,2631220,1.4312,1816457760,1816457760,87.0644,
002114.SZ,罗平锌电,2013-03-25,9.89,10.15,9.82,10.01,3076041,1.6731,1840358520,1840358520,88.21,
002114.SZ,罗平锌电,2013-03-26,9.89,10,9.52,9.55,3188551,1.7343,1755786600,1755786600,84.1564,
002114.SZ,罗平锌电,2013-03-27,9.5,9.73,9.5,9.62,1886886,1.0263,1768656240,1768656240,84.7732,
002114.SZ,罗平锌电,2013-03-28,9.9,9.9,9.4,9.78,3687249,2.0056,1798072560,1798072560,86.1832,
002114.SZ,罗平锌电,2013-03-29,9.66,9.85,9.52,9.78,2002094,1.089,1798072560,1798072560,86.1832,
002114.SZ,罗平锌电,2013-04-01,9.76,9.76,9.4,9.45,2175069,1.1831,1737401400,1737401400,83.2751,
002114.SZ,罗平锌电,2013-04-02,9.49,9.63,9.41,9.46,1428818,0.7772,1739239920,1739239920,83.3633,
002114.SZ,罗平锌电,2013-04-03,9.68,9.68,8.99,9.07,3334557,1.8137,1667537640,1667537640,79.9265,
002114.SZ,罗平锌电,2013-04-08,8.88,8.88,8.62,8.62,2563546,1.3944,1584804240,1584804240,75.961,
002114.SZ,罗平锌电,2013-04-09,8.89,8.89,8.68,8.75,1770488,0.963,1608705000,1608705000,77.1066,
002114.SZ,罗平锌电,2013-04-10,8.79,8.8,8.31,8.49,3696043,2.0103,1560903480,1560903480,74.8154,
002114.SZ,罗平锌电,2013-04-11,8.43,8.54,8.26,8.38,2350663,1.2786,1540679760,1540679760,73.8461,
002114.SZ,罗平锌电,2013-04-12,8.38,8.39,8.24,8.27,1896642,1.0316,1520456040,1520456040,72.8768,
002114.SZ,罗平锌电,2013-04-15,8.15,8.25,8.05,8.12,2145162,1.1668,1492878240,1492878240,71.5549,
002114.SZ,罗平锌电,2013-04-16,7.71,7.79,7.71,7.71,3727614,2.0275,1417498920,1417498920,67.9419,
002114.SZ,罗平锌电,2013-04-17,7.71,7.71,7.71,7.71,--,--,1417498920,1417498920,67.9419,
002114.SZ,罗平锌电,2013-04-18,8.45,8.48,8.02,8.48,4212177,2.2911,1559064960,1559064960,74.7273,
002114.SZ,罗平锌电,2013-04-19,9.26,9.33,9.13,9.33,3741878,2.0353,1715339160,1715339160,82.2177,
002114.SZ,罗平锌电,2013-04-22,10.26,10.26,9.6,9.85,24498568,13.3252,1810942200,1810942200,86.8,
002114.SZ,罗平锌电,2013-04-23,9.85,10.84,9.85,10.77,31260420,17.003,1980086040,1980086040,94.9072,
002114.SZ,罗平锌电,2013-04-24,10.25,11.37,10.03,11.26,26751778,14.5507,2070173520,2070173520,99.2252,
002114.SZ,罗平锌电,2013-04-25,11,11.2,10.13,10.13,19714961,10.7233,1862420760,1862420760,89.2674,
002114.SZ,罗平锌电,2013-04-26,10.13,10.8,10.03,10.19,18017455,9.8,1873451880,1873451880,-88.7278,
002114.SZ,罗平锌电,2013-05-02,9.77,10.06,9.61,9.98,12391448,6.7399,1834842960,1834842960,-86.8992,
002114.SZ,罗平锌电,2013-05-03,9.89,10.66,9.86,10.26,15650374,8.5125,1886321520,1886321520,-89.3373,
002114.SZ,罗平锌电,2013-05-06,10.26,10.69,10.12,10.25,16701150,9.084,1884483000,1884483000,-89.2502,
002114.SZ,罗平锌电,2013-05-07,10.2,10.56,9.88,10.39,14520714,7.898,1910222280,1910222280,-90.4692,
002114.SZ,罗平锌电,2013-05-08,10.3,10.46,10.15,10.3,11165197,6.0729,1893675600,1893675600,-89.6856,
002114.SZ,罗平锌电,2013-05-09,10.19,10.25,9.78,9.88,11431426,6.2177,1816457760,1816457760,-86.0285,
002114.SZ,罗平锌电,2013-05-10,9.89,10.32,9.74,10.11,11426803,6.2152,1858743720,1858743720,-88.0312,
002114.SZ,罗平锌电,2013-05-13,10.06,10.27,9.91,9.99,7324184,3.9837,1836681480,1836681480,-86.9863,
002114.SZ,罗平锌电,2013-05-14,9.95,10.36,9.85,10.34,11493908,6.2517,1901029680,1901029680,-90.0339,
002114.SZ,罗平锌电,2013-05-15,10.34,10.43,10.02,10.18,7621146,4.1453,1871613360,1871613360,-88.6407,
002114.SZ,罗平锌电,2013-05-16,10.06,10.21,9.93,10.02,7075874,3.8487,1842197040,1842197040,-87.2475,
002114.SZ,罗平锌电,2013-05-17,10,10.2,9.81,10.08,8341921,4.5373,1853228160,1853228160,-87.77,
002114.SZ,罗平锌电,2013-05-20,10.14,10.39,10.13,10.17,9221585,5.0158,1869774840,1869774840,-88.5536,
002114.SZ,罗平锌电,2013-05-21,10.1,10.16,9.85,10.15,8824781,4.7999,1866097800,1866097800,-88.3795,
002114.SZ,罗平锌电,2013-05-22,10.18,10.89,10.08,10.59,17594408,9.5699,1946992680,1946992680,-92.2107,
002114.SZ,罗平锌电,2013-05-23,10.38,10.47,10.05,10.08,9439023,5.134,1853228160,1853228160,-87.77,
002114.SZ,罗平锌电,2013-05-24,10,10.14,9.98,10.04,4934484,2.6839,1845874080,1845874080,-87.4217,
002114.SZ,罗平锌电,2013-05-27,10.05,10.13,9.93,10.08,4555584,2.4779,1853228160,1853228160,-87.77,
002114.SZ,罗平锌电,2013-05-28,10.07,10.38,9.96,10.24,7544339,4.1035,1882644480,1882644480,-89.1631,
002114.SZ,罗平锌电,2013-05-29,10.22,10.22,10.06,10.13,5310395,2.8884,1862420760,1862420760,-88.2053,
002114.SZ,罗平锌电,2013-05-30,10.02,10.13,9.95,9.99,4203505,2.2864,1836681480,1836681480,-86.9863,
002114.SZ,罗平锌电,2013-05-31,9.99,10.16,9.9,9.9,3814134,2.0746,1820134800,1820134800,-86.2027,
002114.SZ,罗平锌电,2013-06-03,9.81,9.87,9.31,9.37,8005694,4.3544,1722693240,1722693240,-81.5878,
002114.SZ,罗平锌电,2013-06-04,9.37,9.38,9.11,9.14,3472274,1.8886,1680407280,1680407280,-79.5851,
002114.SZ,罗平锌电,2013-06-05,9.17,9.3,9.12,9.23,2281264,1.2408,1696953960,1696953960,-80.3687,
002114.SZ,罗平锌电,2013-06-06,9.26,9.26,9.03,9.11,1877505,1.0212,1674891720,1674891720,-79.3239,
002114.SZ,罗平锌电,2013-06-07,9.13,9.48,9.11,9.41,5292146,2.8785,1730047320,1730047320,-81.9361,
002114.SZ,罗平锌电,2013-06-13,9.27,9.28,8.51,8.85,4027405,2.1906,1627090200,1627090200,-77.0599,
002114.SZ,罗平锌电,2013-06-14,8.81,8.89,8.66,8.89,2754542,1.4982,1634444280,1634444280,-77.4082,
002114.SZ,罗平锌电,2013-06-17,8.89,8.89,8.68,8.73,2062252,1.1217,1605027960,1605027960,-76.0151,
002114.SZ,罗平锌电,2013-06-18,8.74,9.05,8.73,8.8,1885190,1.0254,1617897600,1617897600,-76.6246,
002114.SZ,罗平锌电,2013-06-19,8.75,8.91,8.7,8.84,2003824,1.0899,1625251680,1625251680,-76.9729,
002114.SZ,罗平锌电,2013-06-20,8.85,8.85,8.32,8.33,2393908,1.3021,1531487160,1531487160,-72.5321,
002114.SZ,罗平锌电,2013-06-21,8.05,8.8,8.05,8.64,2683904,1.4598,1588481280,1588481280,-75.2314,
002114.SZ,罗平锌电,2013-06-24,8.3,8.51,7.79,7.97,2417249,1.3148,1465300440,1465300440,-69.3975,
002114.SZ,罗平锌电,2013-06-25,7.89,7.96,7.17,7.66,2788906,1.5169,1408306320,1408306320,-66.6982,
002114.SZ,罗平锌电,2013-06-26,7.65,7.95,7.47,7.89,2377787,1.2933,1450592280,1450592280,-68.7009,
002114.SZ,罗平锌电,2013-06-27,7.86,7.94,7.41,7.42,2580681,1.4037,1364181840,1364181840,-64.6085,
002114.SZ,罗平锌电,2013-06-28,7.38,7.58,7.22,7.37,1614175,0.878,1354989240,1354989240,-64.1731,
002114.SZ,罗平锌电,2013-07-01,7.38,7.53,7.21,7.49,1903953,1.0356,1377051480,1377051480,-65.218,
002114.SZ,罗平锌电,2013-07-02,7.48,7.66,7.37,7.63,1786592,0.9718,1402790760,1402790760,-66.437,
002114.SZ,罗平锌电,2013-07-03,7.67,7.68,7.37,7.45,1908825,1.0382,1369697400,1369697400,-64.8697,
002114.SZ,罗平锌电,2013-07-04,7.39,8.2,7.36,8.2,4757348,2.5876,1507586400,1507586400,-71.4002,
002114.SZ,罗平锌电,2013-07-05,8.3,8.98,8.23,8.76,10506456,5.7146,1610543520,1610543520,-76.2763,
002114.SZ,罗平锌电,2013-07-08,7.88,8.65,7.88,8.05,9852062,5.3587,1480008600,1480008600,-70.0941,
002114.SZ,罗平锌电,2013-07-09,7.69,8.01,7.5,7.99,5974895,3.2498,1468977480,1468977480,-69.5716,
002114.SZ,罗平锌电,2013-07-10,8.15,8.66,7.85,8.59,8847170,4.8121,1579288680,1579288680,-74.796,
002114.SZ,罗平锌电,2013-07-11,8.4,9,8.4,8.76,10617427,5.775,1610543520,1610543520,-76.2763,
002114.SZ,罗平锌电,2013-07-12,8.56,8.95,8.33,8.94,10567948,5.7481,1643636880,1643636880,-77.8436,
002114.SZ,罗平锌电,2013-07-15,8.75,8.93,8.66,8.79,6183829,3.3635,1616059080,1616059080,-76.5375,
002114.SZ,罗平锌电,2013-07-16,8.8,8.83,8.42,8.76,5998815,3.2629,1610543520,1610543520,-76.2763,
002114.SZ,罗平锌电,2013-07-17,8.64,8.68,8.33,8.39,5049156,2.7463,1542518280,1542518280,-73.0546,
002114.SZ,罗平锌电,2013-07-18,8.34,8.63,8.23,8.29,4247129,2.3101,1524133080,1524133080,-72.1838,
002114.SZ,罗平锌电,2013-07-19,8.28,8.5,8.02,8.05,3631050,1.975,1480008600,1480008600,-70.0941,
002114.SZ,罗平锌电,2013-07-22,7.9,8.05,7.6,8.01,3230807,1.7573,1472654520,1472654520,-69.7458,
002114.SZ,罗平锌电,2013-07-23,8.02,8.55,8,8.28,3854421,2.0965,1522294560,1522294560,-72.0968,
002114.SZ,罗平锌电,2013-07-24,8.14,8.33,8,8.14,3275629,1.7817,1496555280,1496555280,-70.8777,
002114.SZ,罗平锌电,2013-07-25,8.15,8.26,7.97,7.97,2902067,1.5785,1465300440,1465300440,-69.3975,
002114.SZ,罗平锌电,2013-07-26,7.9,7.97,7.72,7.82,3246338,1.7657,1437722640,1437722640,-68.0914,
002114.SZ,罗平锌电,2013-07-29,7.82,7.86,7.51,7.63,2039476,1.1093,1402790760,1402790760,-66.437,
002114.SZ,罗平锌电,2013-07-30,7.6,7.84,7.54,7.7,2323647,1.2639,1415660400,1415660400,-67.0465,
002114.SZ,罗平锌电,2013-07-31,7.73,7.84,7.69,7.8,1751824,0.9528,1434045600,1434045600,-67.9172,
002114.SZ,罗平锌电,2013-08-01,7.81,8.07,7.71,7.98,3118955,1.6964,1467138960,1467138960,-69.4846,
002114.SZ,罗平锌电,2013-08-02,7.96,8.07,7.88,7.93,2735837,1.4881,1457946360,1457946360,-69.0492,
002114.SZ,罗平锌电,2013-08-05,7.91,8.02,7.85,8.02,2030724,1.1045,1474493040,1474493040,-69.8329,
002114.SZ,罗平锌电,2013-08-06,8.05,8.82,7.96,8.82,5742332,3.1233,1621574640,1621574640,-76.7987,
002114.SZ,罗平锌电,2013-08-07,8.8,8.86,8.4,8.5,8041029,4.3736,1562742000,1562742000,-74.0124,
002114.SZ,罗平锌电,2013-08-08,8.5,8.74,8.42,8.46,4038133,2.1964,1555387920,1555387920,-73.6641,
002114.SZ,罗平锌电,2013-08-09,8.62,9.2,8.49,8.84,10534826,5.7301,1625251680,1625251680,-76.9729,
002114.SZ,罗平锌电,2013-08-12,8.75,9.35,8.66,9.05,9704729,5.2786,1663860600,1663860600,-78.8014,
002114.SZ,罗平锌电,2013-08-13,8.96,9.04,8.78,8.86,5366266,2.9188,1628928720,1628928720,-77.147,
002114.SZ,罗平锌电,2013-08-14,8.86,8.93,8.7,8.8,4680550,2.5458,1617897600,1617897600,-76.6246,
002114.SZ,罗平锌电,2013-08-15,8.77,8.91,8.58,8.6,4072552,2.2151,1581127200,1581127200,-74.8831,
002114.SZ,罗平锌电,2013-08-16,8.7,8.82,8.4,8.4,3978489,2.164,1544356800,1544356800,-73.1416,
002114.SZ,罗平锌电,2013-08-19,8.13,8.56,8.12,8.51,2823683,1.5358,1564580520,1564580520,-74.0994,
002114.SZ,罗平锌电,2013-08-20,8.46,8.5,8.35,8.43,2491824,1.3553,1549872360,1549872360,-73.4029,
002114.SZ,罗平锌电,2013-08-21,8.4,8.69,8.33,8.55,3059973,1.6644,1571934600,1571934600,-74.4477,
002114.SZ,罗平锌电,2013-08-22,8.51,8.65,8.37,8.38,2421414,2.8073,722811872,1540679760,-72.9675,
002114.SZ,罗平锌电,2013-08-23,8.4,8.58,8.19,8.3,2515606,2.9165,715911520,1525971600,55.086,
002114.SZ,罗平锌电,2013-08-26,8.45,8.61,8.32,8.55,3148357,3.6501,737475120,1571934600,56.7452,
002114.SZ,罗平锌电,2013-08-27,8.55,9.16,8.55,8.91,6671621,7.7348,768526704,1638121320,59.1345,
002114.SZ,罗平锌电,2013-08-28,8.85,9.03,8.69,8.73,4381013,5.0792,753000912,1605027960,57.9399,
002114.SZ,罗平锌电,2013-08-29,8.73,8.86,8.57,8.66,3010992,3.4908,746963104,1592158320,57.4753,
002114.SZ,罗平锌电,2013-08-30,8.63,9.05,8.43,8.83,4464087,5.1755,761626352,1623413160,58.6035,
002114.SZ,罗平锌电,2013-09-02,8.71,9.71,8.71,9.71,8393595,9.7312,837530224,1785202920,64.444,
002114.SZ,罗平锌电,2013-09-03,9.93,10.13,9.41,9.51,10636404,12.3314,820279344,1748432520,63.1166,
002114.SZ,罗平锌电,2013-09-04,9.39,9.98,9.23,9.57,9118496,10.5716,825454608,1759463640,63.5148,
002114.SZ,罗平锌电,2013-09-05,9.41,9.5,9.15,9.15,4902449,5.6837,789227760,1682245800,60.7273,
002114.SZ,罗平锌电,2013-09-06,9.04,9.35,9.04,9.23,3459979,4.0114,796128112,1696953960,61.2583,
002114.SZ,罗平锌电,2013-09-09,9.23,9.23,9.23,9.23,--,--,796128112,1696953960,61.2583,
002114.SZ,罗平锌电,2013-09-10,9.23,9.23,9.23,9.23,--,--,796128112,1696953960,61.2583,
002114.SZ,罗平锌电,2013-09-11,9.23,9.23,9.23,9.23,--,--,796128112,1696953960,61.2583,
002114.SZ,罗平锌电,2013-09-12,9.23,9.23,9.23,9.23,--,--,796128112,1696953960,61.2583,
002114.SZ,罗平锌电,2013-09-13,9.23,9.23,9.23,9.23,--,--,796128112,1696953960,61.2583,
002114.SZ,罗平锌电,2013-09-16,10.15,10.15,9.72,10.15,7998082,9.2727,875482160,1866097800,67.3642,
002114.SZ,罗平锌电,2013-09-17,10.16,10.17,9.46,9.49,8988559,10.421,818554256,1744755480,62.9839,
002114.SZ,罗平锌电,2013-09-18,9.34,9.46,9.09,9.31,4398208,5.0991,803028464,1711662120,61.7892,
002114.SZ,罗平锌电,2013-09-23,9.3,9.39,9.18,9.32,4126066,4.7836,803891008,1713500640,61.8556,
002114.SZ,罗平锌电,2013-09-24,9.33,9.34,9.07,9.19,4375221,5.0725,792677936,1689599880,60.9928,
002114.SZ,罗平锌电,2013-09-25,9.17,9.39,9.02,9.24,4258556,4.9372,796990656,1698792480,61.3247,
002114.SZ,罗平锌电,2013-09-26,9.13,9.27,8.7,8.7,4123653,4.7808,750413280,1599512400,57.7407,
002114.SZ,罗平锌电,2013-09-27,8.7,8.95,8.64,8.82,2759365,3.1991,760763808,1621574640,58.5372,
002114.SZ,罗平锌电,2013-09-30,8.91,8.91,8.73,8.85,3028425,3.511,763351440,1627090200,58.7363,
002114.SZ,罗平锌电,2013-10-08,8.87,9,8.63,8.99,3014582,3.495,775427056,1652829480,59.6654,
002114.SZ,罗平锌电,2013-10-09,8.9,9.07,8.85,8.98,2329203,2.7004,774564512,1650990960,59.5991,
002114.SZ,罗平锌电,2013-10-10,8.98,8.98,8.68,8.75,4169429,4.8339,754726000,1608705000,58.0726,
002114.SZ,罗平锌电,2013-10-11,8.74,8.9,8.74,8.84,2546984,2.9529,762488896,1625251680,58.6699,
002114.SZ,罗平锌电,2013-10-14,8.86,8.9,8.78,8.82,2446018,2.8358,760763808,1621574640,58.5372,
002114.SZ,罗平锌电,2013-10-15,8.85,9.04,8.76,9.01,4385630,5.0845,777152144,1656506520,59.7982,
002114.SZ,罗平锌电,2013-10-16,9,9,8.35,8.41,3665533,4.2497,725399504,1546195320,55.8161,
002114.SZ,罗平锌电,2013-10-17,8.47,8.61,8.35,8.37,2565092,2.9739,721949328,1538841240,55.5506,
002114.SZ,罗平锌电,2013-10-18,8.41,8.54,8.32,8.52,1547889,1.7946,734887488,1566419040,56.5461,
002114.SZ,罗平锌电,2013-10-21,8.45,8.57,8.33,8.57,2430442,2.8178,739200208,1575611640,56.878,
002114.SZ,罗平锌电,2013-10-22,8.52,8.68,8.46,8.48,2656341,3.0797,731437312,1559064960,56.2806,
002114.SZ,罗平锌电,2013-10-23,8.65,8.87,8.56,8.63,4268358,4.9486,744375472,1586642760,57.2762,
002114.SZ,罗平锌电,2013-10-24,8.51,8.53,8.33,8.38,2524086,2.9263,722811872,1540679760,55.617,
002114.SZ,罗平锌电,2013-10-25,8.38,8.43,8.06,8.08,1645378,1.9076,696935552,1485524160,53.6259,
002114.SZ,罗平锌电,2013-10-28,8.08,8.16,7.8,7.89,2078368,2.4096,680547216,1450592280,-32.962,
002114.SZ,罗平锌电,2013-10-29,8,8.03,7.58,7.69,1887464,2.1883,663296336,1413821880,-32.1264,
002114.SZ,罗平锌电,2013-10-30,7.62,7.87,7.6,7.87,1192522,1.3826,678822128,1446915240,-32.8784,
002114.SZ,罗平锌电,2013-10-31,7.81,7.95,7.8,7.84,985835,1.1429,676234496,1441399680,-32.7531,
002114.SZ,罗平锌电,2013-11-01,7.83,8.19,7.71,8.03,1727032,2.0023,692622832,1476331560,-33.5468,
002114.SZ,罗平锌电,2013-11-04,7.98,8.15,7.93,7.96,938463,1.088,686585024,1463461920,-33.2544,
002114.SZ,罗平锌电,2013-11-05,7.96,8.05,7.76,8.02,1163929,1.3494,691760288,2180163432.54,-33.5051,
002114.SZ,罗平锌电,2013-11-06,8.03,8.2,7.91,8.01,1473907,1.7088,690897744,2177445024.27,-33.4633,
002114.SZ,罗平锌电,2013-11-07,7.9,8.03,7.78,7.9,1246659,1.4453,681409760,2147542533.3,-33.0037,
002114.SZ,罗平锌电,2013-11-08,7.81,7.88,7.63,7.83,1360715,1.5776,675371952,2128513675.41,-32.7113,
002114.SZ,罗平锌电,2013-11-11,7.8,7.88,7.7,7.74,758924,0.8799,667609056,2104048000.98,-32.3353,
002114.SZ,罗平锌电,2013-11-12,7.74,7.84,7.72,7.81,750064,0.8696,673646864,2123076858.87,-32.6277,
002114.SZ,罗平锌电,2013-11-13,7.87,8.48,7.75,8,3612245,4.1879,690035200,2174726616,-33.4215,
002114.SZ,罗平锌电,2013-11-14,8,8.1,7.92,8.04,1854952,2.1506,693485376,2185600249.08,-33.5886,
002114.SZ,罗平锌电,2013-11-15,8.02,8.4,7.95,8.2,3227919,3.7423,707286080,2229094781.4,-50.652,
002114.SZ,罗平锌电,2013-11-18,8.18,8.37,8.17,8.3,2675844,3.1023,715911520,2256278864.1,-51.2697,
002114.SZ,罗平锌电,2013-11-19,8.3,8.33,8.15,8.21,2089248,2.4222,708148624,2231813189.67,-50.7137,
002114.SZ,罗平锌电,2013-11-20,8.24,8.27,8.13,8.24,1394309,1.6165,710736256,2239968414.48,-50.899,
002114.SZ,罗平锌电,2013-11-21,8.24,8.24,8.06,8.08,2106239,2.4419,696935552,2196473882.16,-49.9107,
002114.SZ,罗平锌电,2013-11-22,8.08,8.19,8.02,8.04,1345651,1.5601,693485376,2185600249.08,-49.6636,
002114.SZ,罗平锌电,2013-11-25,8.06,8.13,7.96,7.97,1352787,1.5684,687447568,2166571391.19,-49.2312,
002114.SZ,罗平锌电,2013-11-26,7.97,8.03,7.82,7.83,2106307,2.442,675371952,2128513675.41,-48.3664,
002114.SZ,罗平锌电,2013-11-27,7.86,7.98,7.86,7.97,1491471,1.7292,687447568,2166571391.19,-49.2312,
002114.SZ,罗平锌电,2013-11-28,8,8.48,7.97,8.24,5250185,6.0869,710736256,2239968414.48,-50.899,
002114.SZ,罗平锌电,2013-11-29,8.2,8.3,8.12,8.26,2612368,3.0287,712461344,2245405231.02,-51.0226,
002114.SZ,罗平锌电,2013-12-02,8.08,8.64,7.92,8.25,8759606,10.1555,711598800,2242686822.75,-50.9608,
002114.SZ,罗平锌电,2013-12-03,8.1,8.29,7.8,8.28,4214663,4.8863,714186432,2250842047.56,-51.1461,
002114.SZ,罗平锌电,2013-12-04,8.24,8.4,8.16,8.28,3938787,4.5665,714186432,2250842047.56,-51.1461,
002114.SZ,罗平锌电,2013-12-05,8.32,8.37,8.13,8.19,2352082,2.7269,706423536,2226376373.13,-50.5902,
002114.SZ,罗平锌电,2013-12-06,8.2,8.4,8.16,8.26,2293776,2.6593,712461344,2245405231.02,-51.0226,
002114.SZ,罗平锌电,2013-12-09,8.23,8.37,8.21,8.25,1676870,1.9441,711598800,2242686822.75,-50.9608,
002114.SZ,罗平锌电,2013-12-10,8.23,8.37,8.21,8.3,2171633,2.5177,715911520,2256278864.1,-51.2697,
002114.SZ,罗平锌电,2013-12-11,8.34,8.34,8.02,8.07,2628178,3.047,696073008,2193755473.89,-49.8489,
002114.SZ,罗平锌电,2013-12-12,8.12,8.19,8.04,8.04,1505048,1.7449,693485376,2185600249.08,-49.6636,
002114.SZ,罗平锌电,2013-12-13,8.1,8.1,7.9,7.95,1813748,2.1028,685722480,2161134574.65,-49.1077,
002114.SZ,罗平锌电,2013-12-16,7.95,7.99,7.83,7.86,1392026,1.6139,677959584,2136668900.22,-48.5518,
002114.SZ,罗平锌电,2013-12-17,7.9,8.02,7.79,7.99,2341000,2.7141,689172656,2172008207.73,-49.3548,
002114.SZ,罗平锌电,2013-12-18,7.92,8.08,7.84,7.88,1257043,1.4574,679684672,2142105716.76,-48.6753,
002114.SZ,罗平锌电,2013-12-19,7.88,8,7.82,7.83,1024857,1.1882,675371952,2128513675.41,-48.3664,
002114.SZ,罗平锌电,2013-12-20,7.8,7.91,7.71,7.73,1289397,1.4949,666746512,2101329592.71,-47.7487,
002114.SZ,罗平锌电,2013-12-23,7.79,7.79,7.61,7.68,869633,1.0082,662433792,2087737551.36,-47.4399,
002114.SZ,罗平锌电,2013-12-24,7.78,7.8,7.64,7.69,758447,0.8793,663296336,2090455959.63,-47.5017,
002114.SZ,罗平锌电,2013-12-25,7.76,7.83,7.66,7.8,903675,1.0477,672784320,2120358450.6,-48.1811,
002114.SZ,罗平锌电,2013-12-26,7.8,7.8,7.48,7.48,1408622,1.6331,645182912,2033369385.96,-46.2045,
002114.SZ,罗平锌电,2013-12-27,7.51,7.58,7.35,7.53,1562384,1.8114,649495632,2046961427.31,-46.5133,
002114.SZ,罗平锌电,2013-12-30,7.57,7.63,7.48,7.48,1007927,1.1686,645182912,2033369385.96,-46.2045,
002114.SZ,罗平锌电,2013-12-31,7.55,7.61,7.43,7.58,1299665,1.5068,653800393,2060553468.66,-46.8222,
002114.SZ,罗平锌电,2014-01-02,7.5,7.64,7.5,7.64,1089337,1.263,658975594,2076863918.28,-47.1928,
002114.SZ,罗平锌电,2014-01-03,7.6,7.7,7.58,7.61,951345,1.103,656387993.5,2068708693.47,-47.0075,
002114.SZ,罗平锌电,2014-01-06,7.56,7.6,7.3,7.3,1368031,1.5861,629649455,1984438037.1,-45.0926,
002114.SZ,罗平锌电,2014-01-07,7.26,7.34,7.22,7.28,771317,0.8942,627924388,1979001220.56,-44.9691,
002114.SZ,罗平锌电,2014-01-08,7.32,7.33,7.16,7.17,1081273,1.2536,618436519.5,1949098729.59,-44.2896,
002114.SZ,罗平锌电,2014-01-09,7.14,7.24,6.9,6.91,1669439,1.9355,596010648.5,1878420114.57,-42.6835,
002114.SZ,罗平锌电,2014-01-10,6.91,6.95,6.58,6.6,1415357,1.6409,569272110,1794149458.2,-40.7686,
002114.SZ,罗平锌电,2014-01-13,6.69,6.98,6.62,6.81,1846702,2.141,587385313.5,1851236031.87,-42.0658,
002114.SZ,罗平锌电,2014-01-14,6.8,6.85,6.64,6.82,1152398,1.3361,588247847,1853954440.14,-42.1276,
002114.SZ,罗平锌电,2014-01-15,6.8,6.86,6.75,6.83,767474,0.8898,589110380.5,1856672848.41,-42.1894,
002114.SZ,罗平锌电,2014-01-16,6.83,7.51,6.82,7.51,2812113,3.2603,647762658.5,2041524610.77,-46.3898,
002114.SZ,罗平锌电,2014-01-17,7.6,8.26,7.45,8.08,13786810,15.9841,696927068,2196473882.16,-49.9107,
002114.SZ,罗平锌电,2014-01-20,7.98,8,7.65,7.71,6866280,7.9606,665013328.5,2095892776.17,-47.6252,
002114.SZ,罗平锌电,2014-01-21,7.78,7.85,7.67,7.72,4659986,5.4027,665875862,2098611184.44,-47.687,
002114.SZ,罗平锌电,2014-01-22,7.68,8.22,7.65,7.85,7181119,8.3256,677088797.5,2133950491.95,-48.49,
002114.SZ,罗平锌电,2014-01-23,7.73,7.8,7.57,7.62,5443063,6.3106,657250527,2071427101.74,-47.0693,
002114.SZ,罗平锌电,2014-01-24,7.51,7.98,7.48,7.79,6347672,7.3593,671913596.5,2117640042.33,-42.6032,
002114.SZ,罗平锌电,2014-01-27,7.65,7.69,7.52,7.63,3518168,4.0789,658113060.5,2074145510.01,-41.7282,
002114.SZ,罗平锌电,2014-01-28,7.58,7.64,7.48,7.53,1774782,2.0576,649487725.5,2046961427.31,-41.1813,
002114.SZ,罗平锌电,2014-01-29,7.53,7.71,7.5,7.69,3157932,3.6612,663288261.5,2090455959.63,-42.0563,
002114.SZ,罗平锌电,2014-01-30,7.69,7.69,7.54,7.54,1178138,1.3659,650350259,2049679835.58,-41.236,
002114.SZ,罗平锌电,2014-02-07,7.51,7.71,7.48,7.71,1980723,2.2964,665013328.5,2095892776.17,-42.1657,
002114.SZ,罗平锌电,2014-02-10,7.68,7.96,7.67,7.92,3175524,3.6816,683126532,2152979349.84,-43.3142,
002114.SZ,罗平锌电,2014-02-11,7.78,8.2,7.67,8.05,6472420,7.504,694339467.5,2188318657.35,-44.0251,
002114.SZ,罗平锌电,2014-02-12,8,8.01,7.86,7.97,3123564,3.6214,687439199.5,2166571391.19,-43.5876,
002114.SZ,罗平锌电,2014-02-13,7.97,8.15,7.83,7.83,4087090,4.7385,675363730.5,2128513675.41,-42.822,
002114.SZ,罗平锌电,2014-02-14,7.77,8.19,7.67,8.07,4857784,5.632,696064534.5,2193755473.89,-44.1345,
002114.SZ,罗平锌电,2014-02-17,8.05,8.13,7.94,8.09,4337842,5.0292,697789601.5,2199192290.43,-44.2439,
002114.SZ,罗平锌电,2014-02-18,8.1,8.1,7.87,7.97,3039991,3.5245,687439199.5,2166571391.19,-43.5876,
002114.SZ,罗平锌电,2014-02-19,7.99,8.04,7.85,7.95,2956041,3.4272,685714132.5,2161134574.65,-43.4783,
002114.SZ,罗平锌电,2014-02-20,7.95,8.3,7.89,8.01,6321936,7.3295,690889333.5,2177445024.27,-43.8064,
002114.SZ,罗平锌电,2014-02-21,7.92,7.98,7.72,7.78,3799775,4.4054,671051063,2114921634.06,-42.5485,
002114.SZ,罗平锌电,2014-02-24,7.74,7.74,7.47,7.57,2945887,3.4154,652937859.5,2057835060.39,-41.4,
002114.SZ,罗平锌电,2014-02-25,7.56,7.65,7.15,7.21,2188799,2.5376,621886653.5,1959972362.67,-39.4312,
002114.SZ,罗平锌电,2014-02-26,7.24,7.39,7.17,7.36,1461984,1.695,634824656,2000748486.72,-40.2516,
002114.SZ,罗平锌电,2014-02-27,7.32,7.43,7.28,7.3,1859717,2.1561,629649455,1984438037.1,-39.9234,
002114.SZ,罗平锌电,2014-02-28,7.3,8,7.22,7.7,2627007,3.0457,664150795,2093174367.9,-42.111,
002114.SZ,罗平锌电,2014-03-03,7.55,7.89,7.55,7.74,2494288,2.8918,667600929,2104048000.98,-42.3298,
002114.SZ,罗平锌电,2014-03-04,7.7,7.96,7.58,7.81,3237008,3.7529,673638663.5,2123076858.87,-42.7126,
002114.SZ,罗平锌电,2014-03-05,7.83,7.96,7.68,7.76,2720799,3.1544,669325996,2109484817.52,-42.4391,
002114.SZ,罗平锌电,2014-03-06,7.78,7.78,7.58,7.67,1553613,1.8012,661563194.5,2085019143.09,-41.9469,
002114.SZ,罗平锌电,2014-03-07,7.62,8.15,7.62,7.89,5172050,5.9963,680538931.5,2144824125.03,-43.1501,
002114.SZ,罗平锌电,2014-03-10,7.7,7.77,7.27,7.3,3347609,3.8811,629649455,1984438037.1,-39.9234,
002114.SZ,罗平锌电,2014-03-11,7.3,7.3,7.3,7.3,--,--,629649455,1984438037.1,-39.9234,
002114.SZ,罗平锌电,2014-03-12,7.3,7.3,7.3,7.3,--,--,629649455,1984438037.1,-39.9234,
002114.SZ,罗平锌电,2014-03-13,7.3,7.3,7.3,7.3,--,--,629649455,1984438037.1,-39.9234,
002114.SZ,罗平锌电,2014-03-14,7.3,7.3,7.3,7.3,--,--,629649455,1984438037.1,-39.9234,
002114.SZ,罗平锌电,2014-03-17,7.3,7.3,7.3,7.3,--,--,629649455,1984438037.1,-39.9234,
002114.SZ,罗平锌电,2014-03-18,7.3,7.3,7.3,7.3,--,--,629649455,1984438037.1,-39.9234,
002114.SZ,罗平锌电,2014-03-19,7.3,7.3,7.3,7.3,--,--,629649455,1984438037.1,-39.9234,
002114.SZ,罗平锌电,2014-03-20,7.3,7.3,7.3,7.3,--,--,629649455,1984438037.1,-39.9234,
002114.SZ,罗平锌电,2014-03-21,7.3,7.3,7.3,7.3,--,--,629649455,1984438037.1,-39.9234,
002114.SZ,罗平锌电,2014-03-24,7.3,7.3,7.3,7.3,--,--,629649455,1984438037.1,-39.9234,
002114.SZ,罗平锌电,2014-03-25,7.3,7.3,7.3,7.3,--,--,629649455,1984438037.1,-39.9234,
002114.SZ,罗平锌电,2014-03-26,7.3,7.3,7.3,7.3,--,--,629649455,1984438037.1,-39.9234,
002114.SZ,罗平锌电,2014-03-27,7.3,7.3,7.3,7.3,--,--,629649455,1984438037.1,-39.9234,
002114.SZ,罗平锌电,2014-03-28,7.3,7.3,7.3,7.3,--,--,629649455,1984438037.1,-39.9234,
002114.SZ,罗平锌电,2014-03-31,7.3,7.3,7.3,7.3,--,--,629649455,1984438037.1,-39.9234,
002114.SZ,罗平锌电,2014-04-01,7.3,7.3,7.3,7.3,--,--,629649455,1984438037.1,-39.9234,
002114.SZ,罗平锌电,2014-04-02,7.3,7.3,7.3,7.3,--,--,629649455,1984438037.1,-39.9234,
002114.SZ,罗平锌电,2014-04-03,7.3,7.3,7.3,7.3,--,--,629649455,1984438037.1,-39.9234,
002114.SZ,罗平锌电,2014-04-04,7.3,7.3,7.3,7.3,--,--,629649455,1984438037.1,-39.9234,
002114.SZ,罗平锌电,2014-04-08,7.3,7.3,7.3,7.3,--,--,629649455,1984438037.1,-39.9234,
002114.SZ,罗平锌电,2014-04-09,7.3,7.3,7.3,7.3,--,--,629649455,1984438037.1,-39.9234,
002114.SZ,罗平锌电,2014-04-10,7.3,7.3,7.3,7.3,--,--,629649455,1984438037.1,-39.9234,
002114.SZ,罗平锌电,2014-04-11,7.3,7.3,7.3,7.3,--,--,629649455,1984438037.1,-39.9234,
002114.SZ,罗平锌电,2014-04-14,7.3,7.3,7.3,7.3,--,--,629649455,1984438037.1,-39.9234,
002114.SZ,罗平锌电,2014-04-15,7.3,7.3,7.3,7.3,--,--,629649455,1984438037.1,-39.9234,
002114.SZ,罗平锌电,2014-04-16,7.3,7.3,7.3,7.3,--,--,629649455,1984438037.1,-39.9234,
002114.SZ,罗平锌电,2014-04-17,7.3,7.3,7.3,7.3,--,--,629649455,1984438037.1,-39.9234,
002114.SZ,罗平锌电,2014-04-18,7.3,7.3,7.3,7.3,--,--,629649455,1984438037.1,-39.9234,
002114.SZ,罗平锌电,2014-04-21,7.3,7.3,7.3,7.3,--,--,629649455,1984438037.1,-39.9234,
002114.SZ,罗平锌电,2014-04-22,7.3,7.3,7.3,7.3,--,--,629649455,1984438037.1,-39.9234,
002114.SZ,罗平锌电,2014-04-23,7.3,7.3,7.3,7.3,--,--,629649455,1984438037.1,-38.8652,
002114.SZ,罗平锌电,2014-04-24,7.3,7.3,7.3,7.3,--,--,629649455,1984438037.1,-38.8652,
002114.SZ,罗平锌电,2014-04-25,7.3,7.3,7.3,7.3,--,--,629649455,1984438037.1,-38.8652,
002114.SZ,罗平锌电,2014-04-28,7.3,7.3,7.3,7.3,--,--,629649455,1984438037.1,-62.4849,
002114.SZ,罗平锌电,2014-04-29,7.3,7.3,7.3,7.3,--,--,629649455,1984438037.1,-62.4849,
002114.SZ,罗平锌电,2014-04-30,7.3,7.3,7.3,7.3,--,--,629649455,1984438037.1,-62.4849,
002114.SZ,罗平锌电,2014-05-05,7.3,7.3,7.3,7.3,--,--,629649455,1984438037.1,-62.4849,
002114.SZ,罗平锌电,2014-05-06,7.3,7.3,7.3,7.3,--,--,629649455,1984438037.1,-62.4849,
002114.SZ,罗平锌电,2014-05-07,7.3,7.3,7.3,7.3,--,--,629649455,1984438037.1,-62.4849,
002114.SZ,罗平锌电,2014-05-08,7.3,7.3,7.3,7.3,--,--,629649455,1984438037.1,-62.4849,
002114.SZ,罗平锌电,2014-05-09,7.3,7.3,7.3,7.3,--,--,629649455,1984438037.1,-62.4849,
002114.SZ,罗平锌电,2014-05-12,7.3,7.3,7.3,7.3,--,--,629649455,1984438037.1,-62.4849,
002114.SZ,罗平锌电,2014-05-13,7.3,7.3,7.3,7.3,--,--,629649455,1984438037.1,-62.4849,
002114.SZ,罗平锌电,2014-05-14,7.3,7.3,7.3,7.3,--,--,629649455,1984438037.1,-62.4849,
002114.SZ,罗平锌电,2014-05-15,7.3,7.3,7.3,7.3,--,--,629649455,1984438037.1,-62.4849,
002114.SZ,罗平锌电,2014-05-16,7.3,7.3,7.3,7.3,--,--,629649455,1984438037.1,-62.4849,
002114.SZ,罗平锌电,2014-05-19,7.3,7.3,7.3,7.3,--,--,629649455,1984438037.1,-62.4849,
002114.SZ,罗平锌电,2014-05-20,7.3,7.3,7.3,7.3,--,--,629649455,1984438037.1,-62.4849,
002114.SZ,罗平锌电,2014-05-21,7.3,7.3,7.3,7.3,--,--,629649455,1984438037.1,-62.4849,
002114.SZ,罗平锌电,2014-05-22,7.3,7.3,7.3,7.3,--,--,629649455,1984438037.1,-62.4849,
002114.SZ,罗平锌电,2014-05-23,7.3,7.3,7.3,7.3,--,--,629649455,1984438037.1,-62.4849,
002114.SZ,罗平锌电,2014-05-26,7.3,7.3,7.3,7.3,--,--,629649455,1984438037.1,-62.4849,
002114.SZ,罗平锌电,2014-05-27,7.3,7.3,7.3,7.3,--,--,629649455,1984438037.1,-62.4849,
002114.SZ,罗平锌电,2014-05-28,7.3,7.3,7.3,7.3,--,--,629649455,1984438037.1,-62.4849,
002114.SZ,罗平锌电,2014-05-29,7.3,7.3,7.3,7.3,--,--,629649455,1984438037.1,-62.4849,
002114.SZ,罗平锌电,2014-05-30,7.3,7.3,7.3,7.3,--,--,629649455,1984438037.1,-62.4849,
002114.SZ,罗平锌电,2014-06-03,7.3,7.3,7.3,7.3,--,--,629649455,1984438037.1,-62.4849,
002114.SZ,罗平锌电,2014-06-04,7.3,7.3,7.3,7.3,--,--,629649455,1984438037.1,-62.4849,
002114.SZ,罗平锌电,2014-06-05,7.3,7.3,7.3,7.3,--,--,629649455,1984438037.1,-62.4849,
002114.SZ,罗平锌电,2014-06-06,7.3,7.3,7.3,7.3,--,--,629649455,1984438037.1,-62.4849,
002114.SZ,罗平锌电,2014-06-09,7.24,7.3,6.81,6.93,3245988,3.7633,597735715.5,1883856931.11,-59.3178,
002114.SZ,罗平锌电,2014-06-10,6.96,7.62,6.9,7.62,4200186,4.8696,657250527,2071427101.74,-65.224,
002114.SZ,罗平锌电,2014-06-11,7.8,8.3,7.66,7.99,10240741,11.8729,689164266.5,2172008207.73,-68.391,
002114.SZ,罗平锌电,2014-06-12,7.85,8.54,7.83,8.22,11608725,13.4589,709002537,2234531597.94,-70.3597,
002114.SZ,罗平锌电,2014-06-13,8.1,8.26,8.04,8.14,8251958,9.5671,702102269,2212784331.78,-69.6749,
002114.SZ,罗平锌电,2014-06-16,8.06,8.18,8.04,8.1,3729392,4.3238,698652135,2201910698.7,-69.3326,
002114.SZ,罗平锌电,2014-06-17,8.11,8.34,8.03,8.03,5081116,5.8909,692614400.5,2182881840.81,-68.7334,
002114.SZ,罗平锌电,2014-06-18,8.07,8.3,7.85,8.27,6469681,7.5008,713315204.5,2248123639.29,-70.7877,
002114.SZ,罗平锌电,2014-06-19,8.28,8.28,7.84,7.91,4108505,4.7633,682263998.5,2150260941.57,-67.7062,
002114.SZ,罗平锌电,2014-06-20,7.99,8.7,7.92,8.7,15962262,18.5063,750404145,2365015194.9,-74.4683,
002114.SZ,罗平锌电,2014-06-23,9,9.57,9,9.57,20821878,24.1404,825444559.5,2601516714.39,-81.9151,
002114.SZ,罗平锌电,2014-06-24,9.87,10.53,9.83,10.53,25271316,29.2989,908247775.5,2862483908.31,-90.1323,
002114.SZ,罗平锌电,2014-06-25,11.08,11.25,10.73,11.15,33544551,38.8907,961724852.5,3031025221.05,-95.4393,
002114.SZ,罗平锌电,2014-06-26,10.9,12.2,10.83,11.7,33778596,39.1621,1009164195,3180537675.9,-100.147,
002114.SZ,罗平锌电,2014-06-27,11.4,12.17,11.22,11.41,28753774,33.3364,984150723.5,3101703836.07,-97.6647,
002114.SZ,罗平锌电,2014-06-30,11.27,11.66,10.93,11.58,20541918,23.8158,998813793,3147916776.66,-99.1199,
002114.SZ,罗平锌电,2014-07-01,11.68,12.74,11.42,12.16,33862338,39.2592,1048840736,3305584456.32,-104.0844,
002114.SZ,罗平锌电,2014-07-02,11.6,11.97,11.23,11.92,24532872,28.4428,1028139932,3240342657.84,-102.0301,
002114.SZ,罗平锌电,2014-07-03,12.6,13.11,12.16,12.24,28998253,33.6199,1055741004,3327331722.48,-104.7692,
002114.SZ,罗平锌电,2014-07-04,12,13.33,11.7,12.88,31405034,36.4102,1110943148,3501309851.76,-110.2473,
002114.SZ,罗平锌电,2014-07-07,12.63,12.99,12.38,12.47,18189667,21.0886,1075579274.5,3389855112.69,-106.7379,
002114.SZ,罗平锌电,2014-07-08,12.65,13.15,12.15,12.93,22448334,26.026,1115255815.5,3514901893.11,-110.6753,
002114.SZ,罗平锌电,2014-07-09,12.8,12.92,12.2,12.25,18392494,21.3238,1056603537.5,3330050130.75,-104.8548,
002114.SZ,罗平锌电,2014-07-10,11.9,12.12,11.55,11.69,16102062,18.6683,1008301661.5,3177819267.63,-100.0614,
002114.SZ,罗平锌电,2014-07-11,11.58,11.8,11.36,11.46,14320615,16.603,988463391,3115295877.42,-98.0927,
002114.SZ,罗平锌电,2014-07-14,11.53,12.06,11.44,11.88,18282958,21.1968,1024689798,3229469024.76,-101.6877,
002114.SZ,罗平锌电,2014-07-15,11.6,11.68,11.29,11.63,13388174,15.5219,1003126460.5,3161508818.01,-99.5479,
002114.SZ,罗平锌电,2014-07-16,11.61,12.67,11.5,12.25,27346234,31.7045,1056603537.5,3330050130.75,-104.8548,
002114.SZ,罗平锌电,2014-07-17,12.03,13.23,11.91,12.66,27491092,31.8725,1091967411,3441504869.82,-108.3642,
002114.SZ,罗平锌电,2014-07-18,12.45,12.58,12.1,12.18,15440105,17.9009,1050565803,3311021272.86,-104.2556,
002114.SZ,罗平锌电,2014-07-21,12.31,12.45,11.5,11.76,13106491,15.1953,1014339396,3196848125.52,-100.6606,
002114.SZ,罗平锌电,2014-07-22,12.53,12.94,12.5,12.94,25382136,29.4274,1116118349,3517620301.38,-110.7609,
002114.SZ,罗平锌电,2014-07-23,13.15,14.23,12.7,14.23,38204961,44.2939,1227385170.5,3868294968.21,-121.8027,
002114.SZ,罗平锌电,2014-07-24,13.68,15.5,13.38,14.48,35411565,41.0553,1248948508,3936255174.96,-123.9426,
002114.SZ,罗平锌电,2014-07-25,14.6,15.93,14.2,15.93,31821776,36.8934,1374015865.5,4330424374.11,-136.354,
002114.SZ,罗平锌电,2014-07-28,15.94,17.52,15.52,17.52,29475752,34.1735,1511158692,4762651289.04,-149.9637,
002114.SZ,罗平锌电,2014-07-29,17.7,19.27,17.55,18.5,34798961,40.3451,1595686975,5029055299.5,-158.3521,
002114.SZ,罗平锌电,2014-07-30,17.31,18.26,17.31,17.73,28611717,33.1717,1529271895.5,4819737862.71,-151.7612,
002114.SZ,罗平锌电,2014-07-31,17.56,19.06,17.5,18.4,28226119,32.7247,1587061640,5001871216.8,-157.4962,
002114.SZ,罗平锌电,2014-08-01,17.8,18.4,17.21,18.31,22686936,26.3027,1579298838.5,4977405542.37,-156.7258,
002114.SZ,罗平锌电,2014-08-04,17.97,20.14,17.57,20.14,33862931,39.2598,1737142469,5474874255.78,-172.3898,
002114.SZ,罗平锌电,2014-08-05,20.8,21.88,20.16,20.35,42184900,48.9081,1755255672.5,5531960829.45,-174.1873,
002114.SZ,罗平锌电,2014-08-06,19.55,21.99,19.15,21.13,35301520,40.9277,1822533285.5,5743996674.51,-180.8638,
002114.SZ,罗平锌电,2014-08-07,20.52,21.26,20.15,20.18,22090290,25.6109,1740592603,5485747888.86,-172.7322,
002114.SZ,罗平锌电,2014-08-08,20.11,20.87,19.75,20.17,14809641,17.1699,1739730069.5,5483029480.59,-172.6466,
002114.SZ,罗平锌电,2014-08-11,19.9,21.59,19.84,20.95,21452055,24.871,1807007682.5,5695065325.65,-179.3231,
002114.SZ,罗平锌电,2014-08-12,20.5,20.9,20.09,20.53,16332859,18.9359,1770781275.5,5580892178.31,-175.7281,
002114.SZ,罗平锌电,2014-08-13,20.5,20.5,19.31,20.06,15897525,18.4312,1730242201,5453126989.62,-171.7051,
002114.SZ,罗平锌电,2014-08-14,19.6,19.7,18.77,18.82,17277845,20.0315,1623288047,5116044364.14,-161.0912,
002114.SZ,罗平锌电,2014-08-15,18.83,19.54,18.63,19.17,11765121,13.6402,1653476719.5,5211188653.59,-341.075,
002114.SZ,罗平锌电,2014-08-18,18.97,19.52,18.8,19.5,13474708,15.6222,1681940325,5300896126.5,-346.9464,
002114.SZ,罗平锌电,2014-08-19,19.52,20.55,19.08,20.19,21609566,25.0536,1741455136.5,5488466297.13,-359.223,
002114.SZ,罗平锌电,2014-08-20,19.88,20.18,19.51,19.52,12389965,14.3646,1683665392,5306332943.04,-347.3022,
002114.SZ,罗平锌电,2014-08-21,19.5,20.99,19.5,20.04,20703272,24.0029,1728517134,5447690173.08,-356.5542,
002114.SZ,罗平锌电,2014-08-22,19.56,19.8,18.85,19.31,13888072,16.1015,1665552188.5,5249246369.37,-343.5659,
002114.SZ,罗平锌电,2014-08-25,19.3,19.3,18.71,18.75,8627345,10.0023,1617250312.5,5097015506.25,-333.6023,
002114.SZ,罗平锌电,2014-08-26,18.69,19.36,18.26,18.85,10776152,12.4936,1625875647.5,5124199588.95,-335.3815,
002114.SZ,罗平锌电,2014-08-27,18.48,18.8,18.24,18.28,7909426,9.17,1576711238,4969250317.56,-325.24,
002114.SZ,罗平锌电,2014-08-28,18.3,18.49,17.42,17.46,8725920,10.1166,1505983491,4746340839.42,-310.6505,
002114.SZ,罗平锌电,2014-08-29,17.44,17.77,17.11,17.65,8108594,9.4009,1522371627.5,4797990596.55,-314.031,
002114.SZ,罗平锌电,2014-09-01,17.53,18.44,17.5,17.98,7741244,8.975,1550835233,4887698069.46,-319.9024,
002114.SZ,罗平锌电,2014-09-02,18.02,18.57,17.78,18.39,10302722,11.9447,1586199106.5,4999152808.53,-327.1971,
002114.SZ,罗平锌电,2014-09-03,18.32,18.64,18.15,18.49,12405069,14.3821,1594824441.5,5026336891.23,-328.9764,
002114.SZ,罗平锌电,2014-09-04,18.48,18.55,18.15,18.52,9536183,11.056,1597412042,5034492116.04,-329.5101,
002114.SZ,罗平锌电,2014-09-05,18.78,19.58,18.7,19.44,23356203,27.0786,1676765124,5284585676.88,-345.8789,
002114.SZ,罗平锌电,2014-09-09,19.1,19.26,18.53,18.89,12157435,14.095,1629325781.5,5135073222.03,-336.0932,
002114.SZ,罗平锌电,2014-09-10,18.26,18.56,17.88,18.32,8731628,10.1232,1580161372,4980123950.64,-325.9517,
002114.SZ,罗平锌电,2014-09-11,18.33,18.62,17.95,18.21,7595037,8.8055,1570673503.5,4950221459.67,-323.9946,
002114.SZ,罗平锌电,2014-09-12,18.06,18.38,18.06,18.29,5358959,6.213,1577573771.5,4971968725.83,-325.4179,
002114.SZ,罗平锌电,2014-09-15,18.15,18.6,17.86,18.57,9011500,10.4477,1601724709.5,5048084157.39,-330.3997,
002114.SZ,罗平锌电,2014-09-16,18.3,18.4,17.88,17.96,7022406,8.1416,1549110166,4882261252.92,-319.5465,
002114.SZ,罗平锌电,2014-09-17,18.05,18.1,17.31,17.69,4618417,5.3545,1525821761.5,4808864229.63,-314.7427,
002114.SZ,罗平锌电,2014-09-18,17.51,17.57,17.28,17.41,3423848,3.9695,1501670823.5,4732748798.07,-309.7609,
002114.SZ,罗平锌电,2014-09-19,17.41,17.67,17.35,17.63,3119609,3.6168,1520646560.5,4792553780.01,-313.6751,
002114.SZ,罗平锌电,2014-09-22,17.67,17.67,17.12,17.18,4249424,4.9267,1481832553,4670225407.86,-305.6687,
002114.SZ,罗平锌电,2014-09-23,17.12,17.47,17.1,17.34,3321241,3.8506,1495633089,4713719940.18,-308.5154,
002114.SZ,罗平锌电,2014-09-24,17.3,18.4,17.22,18.13,9972031,11.5613,1563773235.5,4928474193.51,-322.5712,
002114.SZ,罗平锌电,2014-09-25,18.07,18.18,17.7,17.74,7211254,8.3605,1530134429,4822456270.98,-315.6323,
002114.SZ,罗平锌电,2014-09-26,17.74,17.95,17.63,17.75,3267195,3.7879,1530996962.5,4825174679.25,-315.8102,
002114.SZ,罗平锌电,2014-09-29,17.69,17.86,17.5,17.67,4024070,4.6654,1524096694.5,4803427413.09,-314.3868,
002114.SZ,罗平锌电,2014-09-30,17.81,18.09,17.75,17.86,4737127,5.4921,1540484831,4855077170.22,-317.7673,
002114.SZ,罗平锌电,2014-10-08,18.05,18.1,17.58,17.85,3775630,4.3774,1539622297.5,4852358761.95,-317.5894,
002114.SZ,罗平锌电,2014-10-09,17.87,19.5,17.75,19.17,24105809,27.9477,1653476719.5,5211188653.59,-341.075,
002114.SZ,罗平锌电,2014-10-10,18.92,18.97,18.4,18.42,12606703,14.6159,1588786707,5007308033.34,-327.7309,
002114.SZ,罗平锌电,2014-10-13,18.3,18.68,18.14,18.56,6276730,7.2771,1600862176,5045365749.12,-330.2218,
002114.SZ,罗平锌电,2014-10-14,18.56,18.88,18.27,18.34,5640007,6.5389,1581886439,4985560767.18,-326.3076,
002114.SZ,罗平锌电,2014-10-15,18.33,18.49,17.6,17.77,6143131,7.1222,1532722029.5,4830611495.79,-316.166,
002114.SZ,罗平锌电,2014-10-16,17.45,17.48,17.12,17.15,6503147,7.5396,1479244952.5,4662070183.05,-305.1349,
002114.SZ,罗平锌电,2014-10-17,17,17.23,16.04,16.45,6186922,7.173,1418867607.5,4471781604.15,-292.6804,
002114.SZ,罗平锌电,2014-10-20,16.45,16.7,16.33,16.63,3407206,3.9502,1434393210.5,4520712953.01,-295.883,
002114.SZ,罗平锌电,2014-10-21,16.58,16.6,16.18,16.18,3913505,4.5372,1395579203,4398384580.86,-287.8766,
002114.SZ,罗平锌电,2014-10-22,16.25,16.47,16.1,16.27,3240569,3.757,1403342004.5,4422850255.29,-289.4778,
002114.SZ,罗平锌电,2014-10-23,16.2,16.35,15.51,15.83,4048406,4.6936,1365390530.5,4303240291.41,-281.6493,
002114.SZ,罗平锌电,2014-10-24,15.85,16.06,15.65,15.76,2319002,2.6886,1359352796,4284211433.52,186.714,
002114.SZ,罗平锌电,2014-10-27,15.58,15.71,15.26,15.7,2955287,3.4263,1354177595,4267900983.9,186.0032,
002114.SZ,罗平锌电,2014-10-28,15.7,16.19,15.7,16.18,3548680,4.1143,1395579203,4398384580.86,191.6899,
002114.SZ,罗平锌电,2014-10-29,16.2,16.47,16.17,16.42,4411858,5.115,1416280007,4463626379.34,194.5332,
002114.SZ,罗平锌电,2014-10-30,16.4,17.15,16.17,16.88,8084189,9.3726,1455956548,4588673159.76,199.983,
002114.SZ,罗平锌电,2014-10-31,16.7,17.22,16.21,17.01,9705071,11.2518,1467169483.5,4624012467.27,201.5232,
002114.SZ,罗平锌电,2014-11-03,16.85,16.94,16.62,16.72,4431196,5.1374,1442156012,4545178627.44,198.0874,
002114.SZ,罗平锌电,2014-11-04,16.7,16.99,16.53,16.69,4559014,5.2856,1439568411.5,4537023402.63,197.732,
002114.SZ,罗平锌电,2014-11-05,16.5,16.52,16,16.05,5758027,6.6757,1384366267.5,4363045273.35,190.1497,
002114.SZ,罗平锌电,2014-11-06,15.98,16.22,15.72,16.14,3612459,4.1882,1392129069,4387510947.78,191.216,
002114.SZ,罗平锌电,2014-11-07,16.09,16.27,15.8,15.8,3320903,3.8502,1362802930,4295085066.6,187.1879,
002114.SZ,罗平锌电,2014-11-10,15.79,16.26,15.78,15.98,3405542,3.9483,1378328533,4344016415.46,189.3204,
002114.SZ,罗平锌电,2014-11-11,16.03,16.03,15.02,15.21,5009547,5.8079,1311913453.5,4134698978.67,180.198,
002114.SZ,罗平锌电,2014-11-12,15.28,15.57,15.16,15.56,3428414,3.9748,1342102126,4229843268.12,184.3445,
002114.SZ,罗平锌电,2014-11-13,15.56,17.12,15.01,17.12,16978999,19.685,1476657352,4653914958.24,202.8264,
002114.SZ,罗平锌电,2014-11-14,17.08,17.8,16.52,17.15,20496222,23.7628,1479244952.5,4662070183.05,203.1818,
002114.SZ,罗平锌电,2014-11-17,16.8,16.97,16.11,16.58,9714210,11.2624,1430080543,4507120911.66,196.4288,
002114.SZ,罗平锌电,2014-11-18,16.49,16.94,16.33,16.55,7640773,8.8585,1427492942.5,4498965686.85,196.0734,
002114.SZ,罗平锌电,2014-11-19,16.38,16.5,16.2,16.26,5617720,6.513,1402479471,4420131847.02,192.6377,
002114.SZ,罗平锌电,2014-11-20,16.2,16.47,16.05,16.06,3941230,4.5694,1385228801,4365763681.62,190.2682,
002114.SZ,罗平锌电,2014-11-21,16.06,16.44,15.8,16.26,5621731,6.5177,1402479471,4420131847.02,192.6377,
002114.SZ,罗平锌电,2014-11-24,16.45,17.5,16.26,16.98,11928781,13.8299,1464581883,4615857242.46,201.1677,
002114.SZ,罗平锌电,2014-11-25,16.88,18.5,16.64,18.24,19327304,22.4076,1573261104,4958376684.48,216.0954,
002114.SZ,罗平锌电,2014-11-26,17.91,18.5,17.8,17.87,14826841,17.1899,1541347364.5,4857795578.49,211.7119,
002114.SZ,罗平锌电,2014-11-27,17.97,18.47,17.65,17.91,12066976,13.9902,1544797498.5,4868669211.57,212.1858,
002114.SZ,罗平锌电,2014-11-28,17.8,18.11,17.32,17.57,8806766,10.2103,1515471359.5,4776243330.39,208.1577,
002114.SZ,罗平锌电,2014-12-01,17.38,18.18,16.98,17.63,9283272,10.7628,1520646560.5,4792553780.01,208.8685,
002114.SZ,罗平锌电,2014-12-02,17.49,18.1,17.49,17.74,7680818,8.905,1530134429,4822456270.98,210.1717,
002114.SZ,罗平锌电,2014-12-03,17.6,19.33,17.5,18.95,22529504,26.1201,1634500982.5,5151383671.65,224.507,
002114.SZ,罗平锌电,2014-12-04,18.94,19.37,18.53,18.93,18088905,20.9718,1632775915.5,5145946855.11,224.2701,
002114.SZ,罗平锌电,2014-12-05,18.89,18.9,17.04,17.8,13045829,15.125,1535309630,4838766720.6,210.8826,
002114.SZ,罗平锌电,2014-12-08,17.59,18.2,17.28,17.72,9263321,10.7397,1528409362,4817019454.44,209.9348,
002114.SZ,罗平锌电,2014-12-09,17.5,18.18,16.4,16.4,11410668,13.2292,1414554940,4458189562.8,194.2963,
002114.SZ,罗平锌电,2014-12-10,16.14,16.97,15.7,16.66,9005873,10.4412,1436980811,4528868177.82,197.3766,
002114.SZ,罗平锌电,2014-12-11,16.38,17.1,16.22,16.69,6535254,7.5768,1439568411.5,4537023402.63,197.732,
002114.SZ,罗平锌电,2014-12-12,16.65,17.48,16.6,17.1,7415040,8.5968,1474932285,4648478141.7,202.5894,
002114.SZ,罗平锌电,2014-12-15,17,17.01,16.65,16.95,4559742,5.2865,1461994282.5,4607702017.65,200.8123,
002114.SZ,罗平锌电,2014-12-16,16.86,17.18,16.7,16.97,5923226,6.8672,1463719349.5,4613138834.19,201.0493,
002114.SZ,罗平锌电,2014-12-17,16.78,16.9,16,16.24,6969977,8.0808,1400754404,4414695030.48,192.4007,
002114.SZ,罗平锌电,2014-12-18,16.21,16.88,16.17,16.8,6024814,6.985,1449056280,4566925893.6,199.0352,
002114.SZ,罗平锌电,2014-12-19,16.79,17.05,16.24,16.35,3955793,4.5862,1410242272.5,4444597521.45,193.7039,
002114.SZ,罗平锌电,2014-12-22,16.3,16.68,14.75,14.91,6985510,8.0988,1286037448.5,4053146730.57,176.6438,
002114.SZ,罗平锌电,2014-12-23,14.82,14.91,14,14.05,4173521,4.8387,1211859567.5,3819363619.35,166.455,
002114.SZ,罗平锌电,2014-12-24,14.11,14.35,14.05,14.25,2861860,3.318,1229110237.5,3873731784.75,168.8245,
002114.SZ,罗平锌电,2014-12-25,14.27,14.48,14.15,14.46,2291189,2.6563,1247223441,3930818358.42,171.3125,
002114.SZ,罗平锌电,2014-12-26,14.3,14.67,14.26,14.5,3102344,3.5968,1250673575,3941691991.5,171.7863,
002114.SZ,罗平锌电,2014-12-29,14.48,14.48,14,14.14,3724389,4.318,1219622369,3843829293.78,167.5213,
002114.SZ,罗平锌电,2014-12-30,14.08,14.8,13.76,14.29,5131257,5.9491,1232560371.5,3884605417.83,169.2984,
002114.SZ,罗平锌电,2014-12-31,14.53,14.53,14.01,14.19,2699795,3.1301,1223935036.5,3857421335.13,168.1137,
002114.SZ,罗平锌电,2015-01-05,14.19,15.61,14,15.39,9757089,11.3121,1327439056.5,4183630327.53,182.3305,
002114.SZ,罗平锌电,2015-01-06,14.95,15.2,14.66,15,5535851,6.4181,1293800250,4077612405,177.71,
002114.SZ,罗平锌电,2015-01-07,15,15.48,14.9,15.09,3829352,4.4397,1301563051.5,4102078079.43,178.7763,
002114.SZ,罗平锌电,2015-01-08,15.08,15.08,14.61,14.66,3328503,3.859,1264474111,3985186523.82,173.6819,
002114.SZ,罗平锌电,2015-01-09,14.63,14.76,14.5,14.5,2773291,3.2153,1250673575,3941691991.5,171.7863,
002114.SZ,罗平锌电,2015-01-12,14.38,14.38,14.11,14.17,2120211,2.4581,1222209969.5,3851984518.59,167.8767,
002114.SZ,罗平锌电,2015-01-13,14.17,14.46,14.15,14.29,1545130,1.7914,1232560371.5,3884605417.83,169.2984,
002114.SZ,罗平锌电,2015-01-14,14.26,14.34,13.8,13.98,2787098,3.2313,1205821833,3800334761.46,165.6257,
002114.SZ,罗平锌电,2015-01-15,13.98,14.15,13.89,14,2562776,2.9712,1207546900,3805771578,165.8627,
002114.SZ,罗平锌电,2015-01-16,14.1,14.33,13.94,14.2,3309561,3.837,1224797570,3860139743.4,168.2321,
002114.SZ,罗平锌电,2015-01-19,14,14.18,13.4,13.88,3884280,4.5033,1197196498,3773150678.76,164.441,
002114.SZ,罗平锌电,2015-01-20,13.85,14.34,13.78,14.29,3351662,3.8858,1232560371.5,3884605417.83,169.2984,
002114.SZ,罗平锌电,2015-01-21,14.27,15,14.27,14.85,5745098,6.6607,1280862247.5,4036836280.95,175.9329,
002114.SZ,罗平锌电,2015-01-22,14.96,16.34,14.95,16.34,14367017,16.6568,1409379739,4441879113.18,168.6755,
002114.SZ,罗平锌电,2015-01-23,17,17.04,15.9,16.01,19582600,22.7036,1380916133.5,4352171640.27,165.269,
002114.SZ,罗平锌电,2015-01-26,15.73,16.84,15.72,16.4,10160021,11.7793,1414554940,4458189562.8,169.2949,
002114.SZ,罗平锌电,2015-01-27,16.31,16.94,16.18,16.45,8241592,9.5551,1418867607.5,4471781604.15,169.811,
002114.SZ,罗平锌电,2015-01-28,16.13,16.29,15.83,16.04,5720558,6.6323,1383503734,4360326865.08,165.5786,
002114.SZ,罗平锌电,2015-01-29,15.95,16.36,15.74,16.04,4305179,4.9913,1383503734,4360326865.08,165.5786,
002114.SZ,罗平锌电,2015-01-30,15.9,16.11,15.65,15.65,3545172,4.1102,1349864927.5,4254308942.55,161.5527,
002114.SZ,罗平锌电,2015-02-02,15.4,15.9,15.15,15.64,2415276,2.8002,1349002394,4251590534.28,161.4495,
002114.SZ,罗平锌电,2015-02-03,15.74,15.9,15.55,15.7,2359739,2.7358,1354177595,4267900983.9,162.0689,
002114.SZ,罗平锌电,2015-02-04,15.86,16.29,15.86,15.87,4238953,4.9145,1368840664.5,4314113924.49,163.8238,
002114.SZ,罗平锌电,2015-02-05,16.07,16.19,15.27,15.58,3714025,4.3059,1343827193,4235280084.66,160.8301,
002114.SZ,罗平锌电,2015-02-06,15.57,15.57,15.1,15.2,2490045,2.8869,1311050920,4131980570.4,156.9075,
002114.SZ,罗平锌电,2015-02-09,15.28,15.28,14.85,14.87,2206494,2.5582,1282587314.5,4042273097.49,153.5009,
002114.SZ,罗平锌电,2015-02-10,14.88,15.1,14.7,15.1,1974303,2.289,1302425585,4104796487.7,155.8752,
002114.SZ,罗平锌电,2015-02-11,15.1,15.88,14.9,15.66,3910226,4.5334,1350727461,4257027350.82,161.656,
002114.SZ,罗平锌电,2015-02-12,15.7,15.8,15.35,15.39,2352924,2.7279,1327439056.5,4183630327.53,158.8688,
002114.SZ,罗平锌电,2015-02-13,15.52,16.3,15.46,15.86,4546161,5.2707,1367978131,4311395516.22,163.7205,
002114.SZ,罗平锌电,2015-02-16,15.89,16.06,15.68,15.96,3138418,3.6386,1376603466,4338579598.92,164.7528,
002114.SZ,罗平锌电,2015-02-17,16,16.72,15.76,16.43,6598424,7.65,1417142540.5,4466344787.61,169.6046,
002114.SZ,罗平锌电,2015-02-25,16.2,16.38,15.88,16,3694210,4.283,1380053600,4349453232,165.1657,
002114.SZ,罗平锌电,2015-02-26,15.88,16.47,15.8,16.37,6157383,7.1387,1411967339.5,4450034337.99,168.9852,
002114.SZ,罗平锌电,2015-02-27,16.27,16.81,16.11,16.46,7173020,8.3162,1419730141,4474500012.42,169.9142,
002114.SZ,罗平锌电,2015-03-02,16.58,17.25,16.5,17,9079846,10.5269,1466306950,4621294059,175.4886,
002114.SZ,罗平锌电,2015-03-03,16.89,17.65,16.63,17.09,12239454,14.1901,1474069751.5,4645759733.43,176.4176,
002114.SZ,罗平锌电,2015-03-04,17.1,17.16,16.78,16.94,6546645,7.59,1461131749,4604983609.38,174.8692,
002114.SZ,罗平锌电,2015-03-05,16.91,16.91,16.52,16.72,4848150,5.6208,1442156012,4545178627.44,172.5982,
002114.SZ,罗平锌电,2015-03-06,16.61,18.39,16.49,17.65,17165550,19.9013,1522371627.5,4797990596.55,182.1985,
002114.SZ,罗平锌电,2015-03-09,17.55,17.55,17,17.34,8763958,10.1607,1495633089,4713719940.18,178.9984,
002114.SZ,罗平锌电,2015-03-10,17.28,17.68,17.18,17.27,6416807,7.4395,1489595354.5,4694691082.29,178.2758,
002114.SZ,罗平锌电,2015-03-11,17.18,17.58,16.88,16.93,6260609,7.2584,1460269215.5,4602265201.11,174.766,
002114.SZ,罗平锌电,2015-03-12,16.74,17.21,16.74,16.88,5080692,5.8904,1455956548,4588673159.76,174.2498,
002114.SZ,罗平锌电,2015-03-13,16.88,18.57,16.75,18.17,25145840,29.1535,1567223369.5,4939347826.59,187.5663,
002114.SZ,罗平锌电,2015-03-16,18,18.54,17.7,18.45,21412748,24.8254,1591374307.5,5015463258.15,190.4567,
002114.SZ,罗平锌电,2015-03-17,18.25,18.98,18.18,18.68,17199073,19.9402,1611212578,5077986648.36,192.831,
002114.SZ,罗平锌电,2015-03-18,18.63,18.8,18.36,18.69,11219216,13.0073,1612075111.5,5080705056.63,192.9342,
002114.SZ,罗平锌电,2015-03-19,18.69,18.69,18.69,18.69,--,--,1612075111.5,5080705056.63,192.9342,
002114.SZ,罗平锌电,2015-03-20,18.69,18.69,18.69,18.69,--,--,1612075111.5,5080705056.63,192.8326,
002114.SZ,罗平锌电,2015-03-23,18.69,18.69,18.69,18.69,--,--,1612075111.5,5080705056.63,192.8326,
002114.SZ,罗平锌电,2015-03-24,18.69,18.69,18.69,18.69,--,--,1612075111.5,5080705056.63,192.8326,
002114.SZ,罗平锌电,2015-03-25,18.69,18.69,18.69,18.69,--,--,1612075111.5,5080705056.63,192.8326,
002114.SZ,罗平锌电,2015-03-26,18.69,18.69,18.69,18.69,--,--,1612075111.5,5080705056.63,192.8326,
002114.SZ,罗平锌电,2015-03-27,18.69,18.69,18.69,18.69,--,--,1612075111.5,5080705056.63,192.8326,
002114.SZ,罗平锌电,2015-03-30,18.69,18.69,18.69,18.69,--,--,1612075111.5,5080705056.63,192.8326,
002114.SZ,罗平锌电,2015-03-31,18.69,18.69,18.69,18.69,--,--,1612075111.5,5080705056.63,192.8326,
002114.SZ,罗平锌电,2015-04-01,18.69,18.69,18.69,18.69,--,--,1612075111.5,5080705056.63,192.8326,
002114.SZ,罗平锌电,2015-04-02,18.69,18.69,18.69,18.69,--,--,1612075111.5,5080705056.63,192.8326,
002114.SZ,罗平锌电,2015-04-03,18.69,18.69,18.69,18.69,--,--,1612075111.5,5080705056.63,192.8326,
002114.SZ,罗平锌电,2015-04-07,18.69,18.69,18.69,18.69,--,--,1612075111.5,5080705056.63,192.8326,
002114.SZ,罗平锌电,2015-04-08,18.69,18.69,18.69,18.69,--,--,1612075111.5,5080705056.63,192.8326,
002114.SZ,罗平锌电,2015-04-09,18.69,18.69,18.69,18.69,--,--,1612075111.5,5080705056.63,192.8326,
002114.SZ,罗平锌电,2015-04-10,18.69,18.69,18.69,18.69,--,--,1612075111.5,5080705056.63,192.8326,
002114.SZ,罗平锌电,2015-04-13,18.69,18.69,18.69,18.69,--,--,1612075111.5,5080705056.63,192.8326,
002114.SZ,罗平锌电,2015-04-14,18.69,18.69,18.69,18.69,--,--,1612075111.5,5080705056.63,192.8326,
002114.SZ,罗平锌电,2015-04-15,18.69,18.69,18.69,18.69,--,--,1612075111.5,5080705056.63,192.8326,
002114.SZ,罗平锌电,2015-04-16,18.69,18.69,18.69,18.69,--,--,1612075111.5,5080705056.63,192.8326,
002114.SZ,罗平锌电,2015-04-17,18.69,18.69,18.69,18.69,--,--,1612075111.5,5080705056.63,192.8326,
002114.SZ,罗平锌电,2015-04-20,18.69,18.69,18.69,18.69,--,--,1612075111.5,5080705056.63,192.8326,
002114.SZ,罗平锌电,2015-04-21,18.69,18.69,18.69,18.69,--,--,1612075111.5,5080705056.63,192.8326,
002114.SZ,罗平锌电,2015-04-22,18.69,18.69,18.69,18.69,--,--,1612075111.5,5080705056.63,192.8326,
002114.SZ,罗平锌电,2015-04-23,18.69,18.69,18.69,18.69,--,--,1612075111.5,5080705056.63,192.8326,
002114.SZ,罗平锌电,2015-04-24,18.69,18.69,18.69,18.69,--,--,1612075111.5,5080705056.63,166.8433,
002114.SZ,罗平锌电,2015-04-27,18.69,18.69,18.69,18.69,--,--,1612075111.5,5080705056.63,166.8433,
002114.SZ,罗平锌电,2015-04-28,18.69,18.69,18.69,18.69,--,--,1612075111.5,5080705056.63,166.8433,
002114.SZ,罗平锌电,2015-04-29,18.69,18.69,18.69,18.69,--,--,1612075111.5,5080705056.63,166.8433,
002114.SZ,罗平锌电,2015-04-30,18.69,18.69,18.69,18.69,--,--,1612075111.5,5080705056.63,166.8433,
002114.SZ,罗平锌电,2015-05-04,18.69,18.69,18.69,18.69,--,--,1612075111.5,5080705056.63,166.8433,
002114.SZ,罗平锌电,2015-05-05,18.69,18.69,18.69,18.69,--,--,1612075111.5,5080705056.63,166.8433,
002114.SZ,罗平锌电,2015-05-06,18.69,18.69,18.69,18.69,--,--,1612075111.5,5080705056.63,166.8433,
002114.SZ,罗平锌电,2015-05-07,18.69,18.69,18.69,18.69,--,--,1612075111.5,5080705056.63,166.8433,
002114.SZ,罗平锌电,2015-05-08,18.69,18.69,18.69,18.69,--,--,1612075111.5,5080705056.63,166.8433,
002114.SZ,罗平锌电,2015-05-11,18.69,18.69,18.69,18.69,--,--,1612075111.5,5080705056.63,166.8433,
002114.SZ,罗平锌电,2015-05-12,18.69,18.69,18.69,18.69,--,--,1612075111.5,5080705056.63,166.8433,
002114.SZ,罗平锌电,2015-05-13,18.69,18.69,18.69,18.69,--,--,1612075111.5,5080705056.63,166.8433,
002114.SZ,罗平锌电,2015-05-14,18.69,18.69,18.69,18.69,--,--,1612075111.5,5080705056.63,166.8433,
002114.SZ,罗平锌电,2015-05-15,18.69,18.69,18.69,18.69,--,--,1612075111.5,5080705056.63,166.8433,
002114.SZ,罗平锌电,2015-05-18,18.69,18.69,18.69,18.69,--,--,1612075111.5,5080705056.63,166.8433,
002114.SZ,罗平锌电,2015-05-19,18.69,18.69,18.69,18.69,--,--,1612075111.5,5080705056.63,166.8433,
002114.SZ,罗平锌电,2015-05-20,18.69,18.69,18.69,18.69,--,--,1612075111.5,5080705056.63,166.8433,
002114.SZ,罗平锌电,2015-05-21,18.69,18.69,18.69,18.69,--,--,1612075111.5,5080705056.63,166.8433,
002114.SZ,罗平锌电,2015-05-22,18.69,18.69,18.69,18.69,--,--,1612075111.5,5080705056.63,166.8433,
002114.SZ,罗平锌电,2015-05-25,18.69,18.69,18.69,18.69,--,--,1612075111.5,5080705056.63,166.8433,
002114.SZ,罗平锌电,2015-05-26,18.69,18.69,18.69,18.69,--,--,1612075111.5,5080705056.63,166.8433,
002114.SZ,罗平锌电,2015-05-27,18.69,18.69,18.69,18.69,--,--,1612075111.5,5080705056.63,166.8433,
002114.SZ,罗平锌电,2015-05-28,18.69,18.69,18.69,18.69,--,--,1612075111.5,5080705056.63,166.8433,
002114.SZ,罗平锌电,2015-05-29,18.69,18.69,18.69,18.69,--,--,1612075111.5,5080705056.63,166.8433,
002114.SZ,罗平锌电,2015-06-01,18.69,18.69,18.69,18.69,--,--,1612075111.5,5080705056.63,166.8433,
002114.SZ,罗平锌电,2015-06-02,18.69,18.69,18.69,18.69,--,--,1612075111.5,5080705056.63,166.8433,
002114.SZ,罗平锌电,2015-06-03,18.69,18.69,18.69,18.69,--,--,1612075111.5,5080705056.63,166.8433,
002114.SZ,罗平锌电,2015-06-04,18.69,18.69,18.69,18.69,--,--,1612075111.5,5080705056.63,166.8433,
002114.SZ,罗平锌电,2015-06-05,18.69,18.69,18.69,18.69,--,--,1612075111.5,5080705056.63,166.8433,
002114.SZ,罗平锌电,2015-06-08,18.69,18.69,18.69,18.69,--,--,1612075111.5,5080705056.63,166.8433,
002114.SZ,罗平锌电,2015-06-09,18.69,18.69,18.69,18.69,--,--,1612075111.5,5080705056.63,166.8433,
002114.SZ,罗平锌电,2015-06-10,18.69,18.69,18.69,18.69,--,--,1612075111.5,5080705056.63,166.8433,
002114.SZ,罗平锌电,2015-06-11,18.69,18.69,18.69,18.69,--,--,1612075111.5,5080705056.63,166.8433,
002114.SZ,罗平锌电,2015-06-12,18.69,18.69,18.69,18.69,--,--,1612075111.5,5080705056.63,166.8433,
002114.SZ,罗平锌电,2015-06-15,18.69,18.69,18.69,18.69,--,--,1612075111.5,5080705056.63,166.8433,
002114.SZ,罗平锌电,2015-06-16,18.69,18.69,18.69,18.69,--,--,1612075111.5,5080705056.63,166.8433,
002114.SZ,罗平锌电,2015-06-17,18.69,18.69,18.69,18.69,--,--,1612075111.5,5080705056.63,166.8433,
002114.SZ,罗平锌电,2015-06-18,20.56,20.56,20.56,20.56,58175,0.0674,1773368876,5589047403.12,183.5365,
002114.SZ,罗平锌电,2015-06-19,22.62,22.62,21.8,22.62,6055619,7.0207,1951050777,6149039506.74,201.9259,
002114.SZ,罗平锌电,2015-06-23,23.9,24.88,23,24.88,8861271,10.2735,2145983348,6763399775.76,222.1006,
002114.SZ,罗平锌电,2015-06-24,26.8,27.37,23.5,24.19,33242356,38.5404,2086468536.5,6575829605.13,215.9411,
002114.SZ,罗平锌电,2015-06-25,23.56,26.55,23.1,25.46,28404818,32.9318,2196010291,6921067455.42,227.2782,
002114.SZ,罗平锌电,2015-06-26,23,23.98,22.91,22.91,10206216,11.8328,1976064248.5,6227873346.57,204.5147,
002114.SZ,罗平锌电,2015-06-29,22.8,22.8,20.62,20.62,9497399,11.011,1778544077,5605357852.74,184.0721,
002114.SZ,罗平锌电,2015-06-30,18.56,20.98,18.56,19.86,17020358,19.7329,1713001957.5,5398758824.22,177.2877,
002114.SZ,罗平锌电,2015-07-01,19.5,20.7,17.87,17.87,16153623,18.728,1541356746.25,4857795578.49,159.5232,
002114.SZ,罗平锌电,2015-07-02,16.58,17.4,16.08,16.08,12155952,14.0932,1386962310,4371200498.16,143.5441,
002114.SZ,罗平锌电,2015-07-03,14.51,15.39,14.47,14.47,9386486,10.8824,1248093571.25,3933536766.69,129.1719,
002114.SZ,罗平锌电,2015-07-06,15.55,15.59,13.02,13.02,11379482,13.193,1123025452.5,3539367567.54,116.2279,
002114.SZ,罗平锌电,2015-07-07,11.72,11.73,11.72,11.72,783500,0.9084,1010895415,3185974492.44,104.623,
002114.SZ,罗平锌电,2015-07-08,10.55,10.65,10.55,10.55,16107854,18.6749,909978381.25,2867920724.85,94.1785,
002114.SZ,罗平锌电,2015-07-09,10.55,10.55,10.55,10.55,--,--,909978381.25,2867920724.85,94.1785,
002114.SZ,罗平锌电,2015-07-10,10.55,10.55,10.55,10.55,--,--,909978381.25,2867920724.85,94.1785,
002114.SZ,罗平锌电,2015-07-13,10.55,10.55,10.55,10.55,--,--,909978381.25,2867920724.85,94.1785,
002114.SZ,罗平锌电,2015-07-14,11.61,11.61,11.61,11.61,218186,0.253,1001407488.75,3156072001.47,103.641,
002114.SZ,罗平锌电,2015-07-15,12.77,12.77,12,12.49,19391206,22.4815,1077310898.75,3395291929.23,111.4966,
002114.SZ,罗平锌电,2015-07-16,11.68,12.99,11.3,12.5,15087386,17.4918,1078173437.5,3398010337.5,111.5859,
002114.SZ,罗平锌电,2015-07-17,12.4,13.74,12.4,13.49,16242275,18.8308,1163564773.75,3667132756.23,120.4235,
002114.SZ,罗平锌电,2015-07-20,13.38,14.34,13.05,13.93,17000313,19.7096,1201516478.75,3786742720.11,124.3513,
002114.SZ,罗平锌电,2015-07-21,13.58,14.3,13.3,13.96,13195380,15.2983,1204104095,3794897944.92,124.6191,
002114.SZ,罗平锌电,2015-07-22,13.9,14.51,13.44,14.28,13947125,16.1699,1231705335,3881887009.56,127.4757,
002114.SZ,罗平锌电,2015-07-23,14.08,14.88,13.98,14.75,15259114,17.6909,1272244656.25,4009652198.25,131.6714,
002114.SZ,罗平锌电,2015-07-24,14.6,15.79,14.53,14.86,18226374,21.1311,1281732582.5,4039554689.22,132.6533,
002114.SZ,罗平锌电,2015-07-27,14.51,15.28,13.37,13.37,13973592,16.2005,1153214308.75,3634511856.99,119.3523,
002114.SZ,罗平锌电,2015-07-28,12.28,13.53,12.03,12.2,11765290,13.6403,1052297275,3316458089.4,108.9079,
002114.SZ,罗平锌电,2015-07-29,12.54,13.42,12.11,13.42,9362350,10.8544,1157527002.5,3648103898.34,119.7986,
002114.SZ,罗平锌电,2015-07-30,13.49,14.4,13.01,13.52,11786447,13.6648,1166152390,3675287981.04,120.6913,
002114.SZ,罗平锌电,2015-07-31,13,13.93,12.5,13.25,6882824,7.9797,1142863843.75,3601890957.75,245.2283,
002114.SZ,罗平锌电,2015-08-03,13,13.09,11.93,12.12,6690902,7.7572,1045396965,3294710823.24,224.3145,
002114.SZ,罗平锌电,2015-08-04,12.18,13.3,12.18,13.29,7080464,8.2089,1146313998.75,3612764590.83,245.9686,
002114.SZ,罗平锌电,2015-08-05,13.08,13.55,12.68,12.94,8155395,9.4551,1116125142.5,3517620301.38,239.4909,
002114.SZ,罗平锌电,2015-08-06,12.68,13.49,12.4,13.35,7412918,8.5943,1151489231.25,3629075040.45,247.0791,
002114.SZ,罗平锌电,2015-08-07,13.35,13.98,13.35,13.81,9269687,10.747,1191166013.75,3754121820.87,255.5927,
002114.SZ,罗平锌电,2015-08-10,13.93,14.98,13.71,14.66,11353912,13.1634,1264481807.5,3985186523.82,271.3243,
002114.SZ,罗平锌电,2015-08-11,14.38,15.36,14.36,14.66,12689831,14.7122,1264481807.5,3985186523.82,271.3243,
002114.SZ,罗平锌电,2015-08-12,14.1,15.07,14.08,14.52,9959026,11.5462,1252406265,3947128808.04,268.7332,
002114.SZ,罗平锌电,2015-08-13,14.4,15.33,14.38,15.3,11409686,13.228,1319684287.5,4159164653.1,283.1693,
002114.SZ,罗平锌电,2015-08-14,15.36,16.83,15.36,16.83,19122583,22.1701,1451652716.25,4575081118.41,311.4862,
002114.SZ,罗平锌电,2015-08-17,17.3,18.51,17.25,17.99,25619845,29.7028,1551707211.25,4890416477.73,332.9553,
002114.SZ,罗平锌电,2015-08-18,17.36,17.53,16.19,16.19,16919898,19.6164,1396450236.25,4401102989.13,299.6412,
002114.SZ,罗平锌电,2015-08-19,15.16,16.49,14.57,15.83,14892429,17.2658,1365398841.25,4303240291.41,292.9784,
002114.SZ,罗平锌电,2015-08-20,15.5,16.56,15.06,15.37,12769303,14.8043,1325722058.75,4178193510.99,284.4648,
002114.SZ,罗平锌电,2015-08-21,14.59,15,13.83,13.83,9585797,11.1135,1192891091.25,3759558637.41,255.9628,
002114.SZ,罗平锌电,2015-08-24,12.85,13.14,12.45,12.45,5233497,6.0676,1073860743.75,3384418296.15,230.4221,
002114.SZ,罗平锌电,2015-08-25,11.21,11.66,11.21,11.21,3941972,4.5702,966905938.75,3047335670.67,207.4724,
002114.SZ,罗平锌电,2015-08-26,10.95,11.59,10.09,10.13,8612125,9.9846,873751753.75,2753747577.51,187.484,
002114.SZ,罗平锌电,2015-08-27,10.38,10.77,9.38,10.55,7140713,8.2787,909978381.25,2867920724.85,195.2573,
002114.SZ,罗平锌电,2015-08-28,11,11.5,10.65,11.5,7800676,9.0439,991919562.5,3126169510.5,212.8397,
002114.SZ,罗平锌电,2015-08-31,11.33,11.34,10.5,10.54,5623318,6.5195,909115842.5,2865202316.58,195.0722,
002114.SZ,罗平锌电,2015-09-01,10.38,10.39,9.58,9.63,5297377,6.1416,830624816.25,2617827164.01,178.2301,
002114.SZ,罗平锌电,2015-09-02,9.01,10.1,8.92,9.32,4271633,4.9524,803886115,2533556507.64,172.4927,
002114.SZ,罗平锌电,2015-09-07,9.6,10.2,9.48,10.16,5396821,6.2569,876339370,2761902802.32,188.0392,
002114.SZ,罗平锌电,2015-09-08,9.92,10.7,9.68,10.58,5721361,6.6332,912565997.5,2876075949.66,195.8125,
002114.SZ,罗平锌电,2015-09-09,10.7,11.18,10.45,11.03,7404026,8.584,951380241.25,2998404321.81,204.141,
002114.SZ,罗平锌电,2015-09-10,10.8,10.89,10.44,10.52,4570416,5.2988,907390765,2859765500.04,194.702,
002114.SZ,罗平锌电,2015-09-11,10.6,10.78,10.38,10.62,3134664,3.6342,916016152.5,2886949582.74,196.5528,
002114.SZ,罗平锌电,2015-09-14,10.79,10.84,9.56,9.56,6005693,6.9628,824587045,2598798306.12,176.9345,
002114.SZ,罗平锌电,2015-09-15,9.1,9.34,8.6,8.63,4531241,5.2534,744370941.25,2345986337.01,159.7223,
002114.SZ,罗平锌电,2015-09-16,8.76,9.49,8.65,9.49,4768535,5.5285,818549273.75,2579769448.23,175.639,
002114.SZ,罗平锌电,2015-09-17,9.42,9.92,9.24,9.39,5548636,6.4329,809923886.25,2552585365.53,173.7882,
002114.SZ,罗平锌电,2015-09-18,9.38,9.55,9.28,9.47,3824052,4.4335,816824196.25,2574332631.69,175.2688,
002114.SZ,罗平锌电,2015-09-21,9.22,10.2,9.2,10.07,5316765,6.1641,868576521.25,2737437127.89,186.3735,
002114.SZ,罗平锌电,2015-09-22,10.07,10.8,9.75,10.36,7245444,8.4001,893590145,2816270967.72,191.7408,
002114.SZ,罗平锌电,2015-09-23,10.04,10.21,9.85,9.93,4853689,5.6272,856500978.75,2699379412.11,183.7824,
002114.SZ,罗平锌电,2015-09-24,10.09,10.39,9.99,10.28,4264849,4.9445,886689835,2794523701.56,190.2602,
002114.SZ,罗平锌电,2015-09-25,10.3,10.38,9.73,9.92,3274774,3.7967,855638440,2696661003.84,183.5974,
002114.SZ,罗平锌电,2015-09-28,9.93,10.91,9.67,10.91,8219146,9.529,941029776.25,2965783422.57,201.9201,
002114.SZ,罗平锌电,2015-09-29,10.6,10.7,10.25,10.4,5853798,6.7867,897040300,2827144600.8,192.4811,
002114.SZ,罗平锌电,2015-09-30,10.68,10.91,10.46,10.6,5741657,6.6567,914291075,2881512766.2,196.1826,
002114.SZ,罗平锌电,2015-10-08,11.01,11.38,10.8,11,6792052,7.8745,948792625,2990249097,203.5858,
002114.SZ,罗平锌电,2015-10-09,10.9,12.1,10.85,12.1,7654156,8.874,1043671887.5,3289274006.7,223.9444,
002114.SZ,罗平锌电,2015-10-12,13.31,13.31,13.31,13.31,1264754,1.4663,1148039076.25,3618201407.37,246.3388,
002114.SZ,罗平锌电,2015-10-13,14.64,14.64,14.56,14.64,11440964,13.2643,1262756730,3979749707.28,270.9542,
002114.SZ,罗平锌电,2015-10-14,15.3,16.1,14.94,16.1,33925282,39.3319,1388687387.5,4376637314.7,297.9755,
002114.SZ,罗平锌电,2015-10-15,15.6,16.75,15.39,16.29,30732501,35.6303,1405075623.75,4428287071.83,301.492,
002114.SZ,罗平锌电,2015-10-16,16,17.92,15.85,17.92,34364991,39.8417,1545669440,4871387619.84,331.6597,
002114.SZ,罗平锌电,2015-10-19,17.85,17.85,16.81,17.11,24594550,28.5141,1475803801.25,4651196549.97,316.6684,
002114.SZ,罗平锌电,2015-10-20,16.89,17.49,16.61,17.36,20989192,24.3342,1497367270,4719156756.72,321.2953,
002114.SZ,罗平锌电,2015-10-21,17,17.14,15.62,15.62,20638359,23.9275,1347285527.5,4246153717.74,289.0918,
002114.SZ,罗平锌电,2015-10-22,15.41,17.18,15.34,17.18,28150600,32.6369,1481841572.5,4670225407.86,317.964,
002114.SZ,罗平锌电,2015-10-23,17,18.9,16.38,18.9,30560168,35.4305,1630198237.5,5137791630.3,349.7974,
002114.SZ,罗平锌电,2015-10-26,20,20.5,18.01,18.5,34597399,40.1111,1595696687.5,5029055299.5,342.3943,
002114.SZ,罗平锌电,2015-10-27,17.63,18.38,16.75,17.94,20192401,23.4104,1547394517.5,4876824436.38,332.0299,
002114.SZ,罗平锌电,2015-10-28,18.38,19.18,17.91,18.27,24072676,27.9091,1575858296.25,4966531909.29,-170.326,
002114.SZ,罗平锌电,2015-10-29,17.82,18.8,17.18,18.17,17137879,19.8691,1567232908.75,4939347826.59,-169.3938,
002114.SZ,罗平锌电,2015-10-30,17.7,17.85,17,17,12512861,14.507,1466315875,4621294059,-158.4862,
002114.SZ,罗平锌电,2015-11-02,16.5,16.7,15.73,15.82,10525885,12.2034,1364536302.5,4300521883.14,-147.4854,
002114.SZ,罗平锌电,2015-11-03,15.96,16.32,15.74,16,8054334,9.3379,1380062000,4349453232,-149.1635,
002114.SZ,罗平锌电,2015-11-04,16.12,17,16.1,16.92,11382026,13.196,1459415565,4599546792.84,-157.7404,
002114.SZ,罗平锌电,2015-11-05,16.74,18.17,16.5,17.18,19180201,22.2369,1481841572.5,4670225407.86,-160.1643,
002114.SZ,罗平锌电,2015-11-06,16.75,18.11,16.65,17.7,16745397,19.4141,1526693587.5,4811582637.9,-165.0121,
002114.SZ,罗平锌电,2015-11-09,17.15,17.97,16.88,17.57,15508313,17.9798,1515480583.75,4776243330.39,-163.8001,
002114.SZ,罗平锌电,2015-11-10,17.21,19.33,17.17,19.33,23106027,26.7884,1667287403.75,5254683185.91,-180.2081,
002114.SZ,罗平锌电,2015-11-11,19.99,21.26,19.85,20.7,34782776,40.326,1785455212.5,5627105118.9,-192.9802,
002114.SZ,罗平锌电,2015-11-12,20.38,22.77,20.2,22.56,35770670,41.4714,1945887420,6132729057.12,-210.3205,
002114.SZ,罗平锌电,2015-11-13,21,21.58,20.3,20.3,31170126,36.1377,1750953662.5,5518368788.1,-189.2512,
002114.SZ,罗平锌电,2015-11-16,19.02,20.15,19.02,20.15,15860728,18.3884,1738015581.25,5477592664.05,-187.8528,
002114.SZ,罗平锌电,2015-11-17,20.1,21,19.3,19.61,19002094,22.0304,1691438488.75,5330798617.47,-182.8185,
002114.SZ,罗平锌电,2015-11-18,19.47,20,18.7,19,13757923,15.9505,1638823625,5164975713,-177.1316,
002114.SZ,罗平锌电,2015-11-19,18.96,19.79,18.65,19.58,11780284,13.6577,1688850872.5,5322643392.66,-182.5388,
002114.SZ,罗平锌电,2015-11-20,19.52,21.38,19.2,20.71,21739302,25.2039,1786317751.25,5629823527.17,-193.0735,
002114.SZ,罗平锌电,2015-11-23,21.01,21.3,19.5,19.52,16836399,19.5196,1683675640,5306332943.04,-181.9794,
002114.SZ,罗平锌电,2015-11-24,19.05,19.87,18.85,19.85,9089875,10.5385,1712139418.75,5396040415.95,-185.0559,
002114.SZ,罗平锌电,2015-11-25,20.18,20.5,19.8,19.81,12011372,13.9256,1708689263.75,5385166782.87,-184.683,
002114.SZ,罗平锌电,2015-11-26,19.63,21.79,19.38,21.79,36185049,41.9518,1879471936.25,5923411620.33,-203.142,
002114.SZ,罗平锌电,2015-11-27,21.19,21.68,19.61,19.61,23628279,27.3939,1691438488.75,5330798617.47,-182.8185,
002114.SZ,罗平锌电,2015-11-30,18.85,19.37,17.66,18.95,16688074,19.3476,1634510931.25,5151383671.65,-176.6655,
002114.SZ,罗平锌电,2015-12-01,18.79,19.27,18.17,18.52,10245285,11.8781,1597421765,5034492116.04,-172.6567,
002114.SZ,罗平锌电,2015-12-02,18.25,18.89,17.12,18.08,9248757,10.7227,1559470060,4914882152.16,-168.5547,
002114.SZ,罗平锌电,2015-12-03,18.08,19.3,17.9,18.82,11001669,12.755,1623297927.5,5116044364.14,-175.4535,
002114.SZ,罗平锌电,2015-12-04,18.82,19.06,18.18,18.46,7843918,9.094,1592246532.5,5018181666.42,-172.0974,
002114.SZ,罗平锌电,2015-12-07,18.9,20.09,18.75,19.42,11825748,13.7104,1675050252.5,5279148860.34,-181.0472,
002114.SZ,罗平锌电,2015-12-08,19,19.17,18.32,18.45,11103638,12.8732,1591383993.75,5015463258.15,-172.0041,
002114.SZ,罗平锌电,2015-12-09,18.05,18.58,17.9,18.05,7595401,8.8059,1556882443.75,4906726927.35,-168.275,
002114.SZ,罗平锌电,2015-12-10,18,18.38,17.8,17.93,5334517,6.1847,1546531978.75,4874106028.11,-167.1563,
002114.SZ,罗平锌电,2015-12-11,17.75,19.6,17.36,18.67,11397550,13.214,1610359846.25,5075268240.09,-174.0551,
002114.SZ,罗平锌电,2015-12-14,18.1,20.54,18.1,20.54,27964442,32.4211,1771654592.5,5583610586.58,-191.4886,
002114.SZ,罗平锌电,2015-12-15,20.6,20.78,19.6,20.37,20522621,23.7933,1756991433.75,5537397645.99,-189.9037,
002114.SZ,罗平锌电,2015-12-16,20.12,22.13,20,21,21955899,25.455,1811331375,5708657367,-195.7771,
002114.SZ,罗平锌电,2015-12-17,20.8,22.7,20.8,21.54,22138654,25.6669,1857908467.5,5855451413.58,-200.8113,
002114.SZ,罗平锌电,2015-12-18,21.1,21.98,20.44,21.38,20781521,24.0934,1844107847.5,5811956881.26,-199.3197,
002114.SZ,罗平锌电,2015-12-21,21.2,21.53,20.67,21.21,13541751,15.6999,1829444688.75,5765743940.67,-197.7348,
002114.SZ,罗平锌电,2015-12-22,21.15,23,21.05,22.22,22901563,26.5513,1916561102.5,6040303175.94,-207.1508,
002114.SZ,罗平锌电,2015-12-23,21.98,21.98,20.67,21.17,15765975,18.2786,1825994533.75,5754870307.59,-197.3619,
002114.SZ,罗平锌电,2015-12-24,21.2,21.61,20.4,21.09,9535642,11.0553,1819094223.75,5733123041.43,-196.6161,
002114.SZ,罗平锌电,2015-12-25,21.15,21.48,20.82,21.2,8384141,9.7203,1828582150,5763025532.4,-197.6416,
002114.SZ,罗平锌电,2015-12-28,21.27,21.47,20.01,20.13,10839901,12.5674,1736290503.75,5472155847.51,-187.6663,
002114.SZ,罗平锌电,2015-12-29,19.98,20.1,19,19.69,11218035,13.0058,1698338798.75,5352545883.63,-183.5643,
002114.SZ,罗平锌电,2015-12-30,20.02,20.65,20.02,20.37,11073414,12.8382,1756991433.75,5537397645.99,-189.9037,
002114.SZ,罗平锌电,2015-12-31,20.5,20.69,19.75,19.76,6685846,7.7551,1703551096,5371574741.52,-184.2169,
002114.SZ,罗平锌电,2016-01-04,19.15,20,17.78,17.81,7403872,8.588,1535437501,4841485128.87,-166.0376,
002114.SZ,罗平锌电,2016-01-05,16.05,18.31,16.05,17.78,11246965,13.0457,1532851138,4833329904.06,-165.7579,
002114.SZ,罗平锌电,2016-01-06,17.7,19.21,17.7,19.06,13315517,15.4451,1643202626,5181286162.62,-177.691,
002114.SZ,罗平锌电,2016-01-07,18.51,18.7,17.15,17.18,2715860,3.1502,1481123878,4670225407.86,-160.1643,
002114.SZ,罗平锌电,2016-01-08,17.8,18.48,15.73,18,9917637,11.5038,1551817800,4893134886,-167.8089,
002114.SZ,罗平锌电,2016-01-11,17.55,18.29,16.43,16.52,7772926,9.016,1424223892,4490810462.04,-154.0113,
002114.SZ,罗平锌电,2016-01-12,16.46,16.93,15.88,16.66,6093415,7.0679,1436293586,4528868177.82,-155.3165,
002114.SZ,罗平锌电,2016-01-13,16.72,16.88,15.16,15.16,6576346,7.6281,1306975436,4121106937.32,-141.3324,
002114.SZ,罗平锌电,2016-01-14,14,15.83,13.8,15.6,7916830,9.183,1344908760,4240716901.2,-145.4344,
002114.SZ,罗平锌电,2016-01-15,15.3,15.66,14.04,14.06,7725233,8.9607,1212142126,3822082027.62,-131.0774,
002114.SZ,罗平锌电,2016-01-18,13.8,14.79,13.65,14.37,6491669,7.5299,1238867877,3906352683.99,-133.9674,
002114.SZ,罗平锌电,2016-01-19,14.21,15.68,14.21,15.46,9367541,10.8657,1332839066,4202659185.42,-144.1292,
002114.SZ,罗平锌电,2016-01-20,15.31,15.9,15.02,15.49,9373816,10.873,1335425429,4210814410.23,-144.4089,
002114.SZ,罗平锌电,2016-01-21,15.03,15.53,14.33,14.33,6451846,7.4837,1235419393,3895479050.91,-133.5945,
002114.SZ,罗平锌电,2016-01-22,14.7,14.94,14.22,14.75,4672588,5.4199,1271628475,4009652198.25,-137.5101,
002114.SZ,罗平锌电,2016-01-25,14.8,16.01,14.8,15.72,9971199,11.5659,1355254212,4273337800.44,-146.5531,
002114.SZ,罗平锌电,2016-01-26,15.33,15.49,14.15,14.17,7765497,9.0074,1221625457,3851984518.59,-132.1029,
002114.SZ,罗平锌电,2016-01-27,14.78,15,13.46,14.68,8340129,9.674,1265593628,3990623340.36,-136.8575,
002114.SZ,罗平锌电,2016-01-28,14.37,14.54,13.4,13.68,6389428,7.4113,1179381528,3718782513.36,-127.5348,
002114.SZ,罗平锌电,2016-01-29,13.65,14.37,13.32,14.14,5691392,6.6016,1219039094,3843829293.78,-131.8232,
002114.SZ,罗平锌电,2016-02-01,14.14,14.24,13.02,13.5,4750837,5.5106,1163863350,3669851164.5,-125.8567,
002114.SZ,罗平锌电,2016-02-02,13.53,14.08,13.53,13.9,4222491,4.8978,1198348190,3778587495.3,-129.5858,
002114.SZ,罗平锌电,2016-02-03,13.7,14.41,13.57,14.3,7056016,8.1845,1232833030,3887323826.1,-133.3148,
002114.SZ,罗平锌电,2016-02-04,15.3,15.73,15.3,15.73,3419203,3.966,1356116333,4276056208.71,-146.6463,
002114.SZ,罗平锌电,2016-02-05,17.3,17.3,17.01,17.3,22268902,25.8304,1491469330,4702846307.1,-161.283,
002114.SZ,罗平锌电,2016-02-15,17.6,19.03,17.05,19.03,25877911,30.0166,1640616263,5173130937.81,-177.4113,
002114.SZ,罗平锌电,2016-02-16,19.3,20.5,18.4,19.44,31257168,36.2561,1675963224,5284585676.88,-181.2336,
002114.SZ,罗平锌电,2016-02-17,19.3,20.42,19.05,19.49,26841221,31.1339,1680273829,5298177718.23,-181.6998,
002114.SZ,罗平锌电,2016-02-18,19.25,19.92,19.01,19.35,21940224,25.4491,1668204135,5260120002.45,-180.3946,
002114.SZ,罗平锌电,2016-02-19,19.35,20.35,19.17,19.5,24923858,28.9099,1681135950,5300896126.5,-181.793,
002114.SZ,罗平锌电,2016-02-22,20.38,20.68,19.63,19.85,20805049,24.1324,1711310185,5396040415.95,-185.0559,
002114.SZ,罗平锌电,2016-02-23,19.75,21.63,19.53,20.38,21206803,24.5984,1757002598,5540116054.26,-189.997,
002114.SZ,罗平锌电,2016-02-24,19.74,19.75,19.05,19.73,16447900,19.0784,1700964733,5363419516.71,302.5191,
002114.SZ,罗平锌电,2016-02-25,19.73,20.39,17.94,18.38,17078836,19.8103,1584578398,4996434400.26,281.8196,
002114.SZ,罗平锌电,2016-02-26,18.18,19,17.5,18.69,13212444,15.3255,1611304149,5080705056.63,286.5728,
002114.SZ,罗平锌电,2016-02-29,18.19,18.48,16.82,18.15,11785489,13.6703,1564749615,4933911010.05,278.293,
002114.SZ,罗平锌电,2016-03-01,17.99,19.97,17.67,19.97,20282332,23.5261,1721655637,5428661315.19,306.199,
002114.SZ,罗平锌电,2016-03-02,19.8,21.48,19.59,21.19,25886086,30.026,1826834399,5760307124.13,324.9052,
002114.SZ,罗平锌电,2016-03-03,20.81,21.86,20.41,20.5,24043514,27.8888,1767348050,5572736953.5,314.3255,
002114.SZ,罗平锌电,2016-03-04,20.55,22.55,20,21.71,33089367,38.3813,1871664691,5901664354.17,332.8783,
002114.SZ,罗平锌电,2016-03-07,22.37,22.71,21.1,22.05,26622163,30.8798,1900976805,5994090235.35,338.0916,
002114.SZ,罗平锌电,2016-03-08,21.5,21.7,19.88,20.84,22397545,25.9796,1796660164,5665162834.68,319.5387,
002114.SZ,罗平锌电,2016-03-09,18.95,19.59,18.84,18.95,16828949,19.5204,1633719295,5151383671.65,290.5594,
002114.SZ,罗平锌电,2016-03-10,19.18,19.44,18.5,18.6,11202261,12.9938,1603545060,5056239382.2,285.1929,
002114.SZ,罗平锌电,2016-03-11,18.16,19.1,18.16,18.77,10158492,11.7831,1618201117,5102452322.79,287.7995,
002114.SZ,罗平锌电,2016-03-14,19.05,19.58,18.61,19.2,13444960,15.5952,1655272320,5219343878.4,294.3926,
002114.SZ,罗平锌电,2016-03-15,18.87,19.29,18.3,18.61,11048581,12.8156,1604407181,5058957790.47,285.3462,
002114.SZ,罗平锌电,2016-03-16,18.52,18.89,17.8,18.07,8658292,10.043,1557852647,4912163743.89,277.0664,
002114.SZ,罗平锌电,2016-03-17,18.88,19.5,18.41,19.29,15877054,18.4163,1663031409,5243809552.83,295.7726,
002114.SZ,罗平锌电,2016-03-18,19.83,20.49,19.53,19.98,19742550,22.9,1722517758,5431379723.46,306.3523,
002114.SZ,罗平锌电,2016-03-21,20,21,19.41,20.53,21300002,24.7065,1769934413,5580892178.31,314.7855,
002114.SZ,罗平锌电,2016-03-22,20.18,22.58,19.8,22.58,28668591,33.2536,1946669218,6138165873.66,346.218,
002114.SZ,罗平锌电,2016-03-23,22.9,23.44,22.16,22.61,29910910,34.6946,1949255581,6146321098.47,346.678,
002114.SZ,罗平锌电,2016-03-24,21.85,22.05,21,21.11,22720772,26.3545,1819937431,5738559857.97,323.6786,
002114.SZ,罗平锌电,2016-03-25,20.6,21.49,20.4,21.45,12323301,14.2942,1849249545,5830985739.15,328.8918,
002114.SZ,罗平锌电,2016-03-28,21.25,21.84,20.76,20.9,13040525,15.1261,1801832890,5681473284.3,320.4586,
002114.SZ,罗平锌电,2016-03-29,20.68,22.89,20.55,22.11,23053632,26.7406,1906149531,6010400684.97,339.0115,
002114.SZ,罗平锌电,2016-03-30,22.12,23.41,21.98,22.9,20330759,23.5823,1974257090,6225154938.3,351.1245,
002114.SZ,罗平锌电,2016-03-31,23,25.19,22.3,25.19,24055307,27.9025,2171682799,6847670432.13,386.237,
002114.SZ,罗平锌电,2016-04-01,25,27.7,24.18,26.43,32561739,37.7693,2278585803,7184753057.61,405.2499,
002114.SZ,罗平锌电,2016-04-05,26.05,27.64,25.7,26.52,21423384,24.8496,2286344892,7209218732.04,406.6298,
002114.SZ,罗平锌电,2016-04-06,26.1,26.49,25.58,26.03,17426359,20.2134,2244100963,7076016726.81,399.1167,
002114.SZ,罗平锌电,2016-04-07,25.89,26.35,25.06,25.11,17114776,19.8519,2164785831,6825923165.97,385.0104,
002114.SZ,罗平锌电,2016-04-08,24.52,25.13,23.66,24.64,15987280,18.5441,2124266144,6698157977.28,377.8039,
002114.SZ,罗平锌电,2016-04-11,24.72,25.86,24.6,24.96,14989396,17.3866,2151854016,6785147041.92,382.7104,
002114.SZ,罗平锌电,2016-04-12,24.57,26.49,24.27,26.06,20241572,23.4788,2246687326,7084171951.62,399.5767,
002114.SZ,罗平锌电,2016-04-13,26.98,28.67,26.98,28.67,23153032,26.8559,2471700907,7793676510.09,439.5957,
002114.SZ,罗平锌电,2016-04-14,29.1,31,27.68,28.4,40334797,46.7855,2448423640,7720279486.8,435.4558,
002114.SZ,罗平锌电,2016-04-15,27.3,27.94,27.02,27.6,21615577,25.0726,2379453960,7502806825.2,423.1894,
002114.SZ,罗平锌电,2016-04-18,27.5,27.77,26.66,27.08,12372786,14.3516,2334623668,7361449595.16,415.2163,
002114.SZ,罗平锌电,2016-04-19,27.48,28.58,27.2,27.34,17411754,20.1964,2357038814,7432128210.18,419.2029,
002114.SZ,罗平锌电,2016-04-20,27.62,28.17,24.9,25.64,19932175,23.1199,2210478244,6969998804.28,393.1368,
002114.SZ,罗平锌电,2016-04-21,25.48,26.9,24.94,26.02,19852647,23.0277,2243238842,7073298318.54,398.9633,
002114.SZ,罗平锌电,2016-04-22,24.9,24.98,24.23,24.69,13557512,15.7258,2128576749,6711750018.63,378.5705,
002114.SZ,罗平锌电,2016-04-25,24.7,25.29,24.02,25.17,10440834,12.1106,2169958557,6842233615.59,385.9304,
002114.SZ,罗平锌电,2016-04-26,24.8,25.19,24.51,25.19,9105226,10.5614,2171682799,6847670432.13,744.139,
002114.SZ,罗平锌电,2016-04-27,25.38,25.8,24.53,24.75,9611027,11.1481,2133749475,6728060468.25,731.141,
002114.SZ,罗平锌电,2016-04-28,24.66,24.66,23,24.04,11214506,13.008,2072538884,6535053481.08,710.1669,
002114.SZ,罗平锌电,2016-04-29,24,24.8,23.81,24.2,9345411,10.84,2086332820,6578548013.4,714.8934,
002114.SZ,罗平锌电,2016-05-03,24.23,25.58,24.05,25.41,11744889,13.6232,2190649461,6907475414.07,750.6381,
002114.SZ,罗平锌电,2016-05-04,25,25.6,24.82,25.07,11117537,12.8956,2161337347,6815049532.89,740.5941,
002114.SZ,罗平锌电,2016-05-05,25.06,25.5,24.95,25.48,10382069,12.0425,2196684308,6926504271.96,752.706,
002114.SZ,罗平锌电,2016-05-06,25.42,26.49,25.05,25.48,19486271,22.6027,2196684308,6926504271.96,752.706,
002114.SZ,罗平锌电,2016-05-09,24.5,24.5,22.93,22.93,12086772,14.0198,1976843453,6233310163.11,677.3763,
002114.SZ,罗平锌电,2016-05-10,22.28,22.85,21.38,21.62,9597229,11.1321,1863905602,5877198679.74,638.6775,
002114.SZ,罗平锌电,2016-05-11,21.95,22.6,21.55,21.6,9042082,10.4882,1862181360,5871761863.2,638.0867,
002114.SZ,罗平锌电,2016-05-12,21,22.2,20.4,22.2,10063688,11.6732,1913908620,6034866359.4,655.8113,
002114.SZ,罗平锌电,2016-05-13,21.59,22.2,21.5,21.7,7483912,8.6808,1870802570,5898945945.9,641.0408,
002114.SZ,罗平锌电,2016-05-16,21.7,22.34,21.18,22.27,8648513,10.0317,1919943467,6053895217.29,657.8792,
002114.SZ,罗平锌电,2016-05-17,22.1,23.93,22.1,22.84,15906369,18.4503,1969084364,6208844488.68,674.7176,
002114.SZ,罗平锌电,2016-05-18,22.3,22.5,20.62,21.25,11494997,13.3334,1832007125,5776617573.75,627.7473,
002114.SZ,罗平锌电,2016-05-19,21.19,21.9,21.11,21.26,8268553,9.5909,1832869246,5779335982.02,628.0427,
002114.SZ,罗平锌电,2016-05-20,21.15,21.45,20.65,21.34,6389451,7.4113,1839766214,5801083248.18,630.406,
002114.SZ,罗平锌电,2016-05-23,21.38,22.38,21.38,22.08,10394971,12.0574,1903563168,6002245460.16,652.2664,
002114.SZ,罗平锌电,2016-05-24,21.8,22.1,21.2,21.44,7073828,8.2051,1848387424,5828267330.88,633.3601,
002114.SZ,罗平锌电,2016-05-25,21.65,21.83,21.02,21.4,5686070,6.5954,1844938940,5817393697.8,632.1785,
002114.SZ,罗平锌电,2016-05-26,21.4,21.95,20.9,21.95,9121717,10.5806,1892355595,5966906152.65,648.426,
002114.SZ,罗平锌电,2016-05-27,22.01,22.41,21.93,21.94,10832729,12.5652,1891493474,5964187744.38,648.1306,
002114.SZ,罗平锌电,2016-05-30,21.5,21.65,21,21.3,5928015,6.8761,1836317730,5790209615.1,629.2244,
002114.SZ,罗平锌电,2016-05-31,21.54,22.46,21.32,22.46,12533718,14.5382,1936323766,6105544974.42,663.492,
002114.SZ,罗平锌电,2016-06-01,22.5,24.29,22.22,23.36,18843640,21.8573,2013914656,6350201718.72,690.0789,
002114.SZ,罗平锌电,2016-06-02,23.88,25.7,23.87,25.7,16360287,18.9768,2215650970,6986309253.9,759.205,
002114.SZ,罗平锌电,2016-06-03,26,26.3,24.8,24.98,25400917,29.4633,2153578258,6790583858.46,737.9354,
002114.SZ,罗平锌电,2016-06-06,25.43,25.94,24.91,25.17,16964348,19.6775,2169958557,6842233615.59,743.5482,
002114.SZ,罗平锌电,2016-06-07,25.3,26.98,25.3,25.62,22436941,26.0253,2208754002,6964561987.74,756.8417,
002114.SZ,罗平锌电,2016-06-08,24.8,24.96,24.35,24.66,14432484,16.7407,2125990386,6703594793.82,728.4823,
002114.SZ,罗平锌电,2016-06-13,24.59,25.5,23.5,23.6,14837069,17.21,2034605560,6415443517.2,697.1688,
002114.SZ,罗平锌电,2016-06-14,23.01,23.5,22.68,23.36,9314341,10.804,2013914656,6350201718.72,690.0789,
002114.SZ,罗平锌电,2016-06-15,22.25,24.9,22.25,24.7,12989898,15.0674,2129438870,6714468426.9,729.6639,
002114.SZ,罗平锌电,2016-06-16,25.02,25.87,24.7,24.88,16077729,18.649,2144957048,6763399775.76,734.9813,
002114.SZ,罗平锌电,2016-06-17,24.3,26.5,24.3,25.9,22710490,26.3426,2232893390,7040677419.3,765.1132,
002114.SZ,罗平锌电,2016-06-20,25.62,25.85,24.8,25.33,12781315,14.8254,2183752493,6885728147.91,748.2748,
002114.SZ,罗平锌电,2016-06-21,25.54,25.96,24.23,24.47,12909787,14.9744,2109610087,6651945036.69,722.8695,
002114.SZ,罗平锌电,2016-06-22,24.45,26.04,24.45,26.04,17316058,20.0854,2244963084,7078735135.08,769.249,
002114.SZ,罗平锌电,2016-06-23,25.9,25.91,24.7,25.16,13511941,15.6729,2169096436,6839515207.32,743.2528,
002114.SZ,罗平锌电,2016-06-24,24.9,25.53,23.15,24.52,11584082,13.4367,2113920692,6665537078.04,724.3466,
002114.SZ,罗平锌电,2016-06-27,24,25.25,23.95,25.11,8612649,9.9901,2164785831,6825923165.97,741.7758,
002114.SZ,罗平锌电,2016-06-28,24.89,26.77,24.6,26.12,19095901,22.1499,2251860052,7100482401.24,771.6122,
002114.SZ,罗平锌电,2016-06-29,26.9,27.5,25.51,26.17,21398983,24.8213,2256170657,7114074442.59,773.0893,
002114.SZ,罗平锌电,2016-06-30,26.01,28.3,26.01,27.26,27915689,32.3823,2349991916,7410380944.02,805.2891,
002114.SZ,罗平锌电,2016-07-01,26.9,27.83,26.47,27,20396055,23.6595,2327578200,7339702329,797.6083,
002114.SZ,罗平锌电,2016-07-04,27.6,29.7,27.43,28.82,29112566,33.7707,2484474212,7834452634.14,851.373,
002114.SZ,罗平锌电,2016-07-05,28.36,28.66,27.8,28.55,20532071,23.8173,2461198430,7761055610.85,843.397,
002114.SZ,罗平锌电,2016-07-06,28,29.28,27.7,28.56,18805092,21.814,2462060496,7763774019.12,843.6924,
002114.SZ,罗平锌电,2016-07-07,28.7,30.67,28.01,29.61,25382786,29.4441,2552577426,8049206887.47,874.7105,
002114.SZ,罗平锌电,2016-07-08,28.85,30.2,28.1,28.24,18289267,21.2156,2434474384,7676784954.48,834.2393,
002114.SZ,罗平锌电,2016-07-11,28,30,28,28.7,18157420,21.0627,2474129420,7801831734.9,847.8281,
002114.SZ,罗平锌电,2016-07-12,28,28.9,27.4,28.25,14560771,16.8906,2435336450,7679503362.75,834.5347,
002114.SZ,罗平锌电,2016-07-13,28.99,31.08,28.99,29.5,28656346,33.2415,2543094700,8019304396.5,871.461,
002114.SZ,罗平锌电,2016-07-14,29.1,29.83,28.45,29.5,17776075,20.6203,2543094700,8019304396.5,871.461,
002114.SZ,罗平锌电,2016-07-15,29.13,30.26,28.93,30.2,19986038,23.1839,2603439320,8209592975.4,892.1397,
002114.SZ,罗平锌电,2016-07-18,30.25,33.1,29.8,31.8,27421031,31.8085,2741369880,8644538298.6,939.4054,
002114.SZ,罗平锌电,2016-07-19,31.4,34,31.28,32.79,27206191,31.5593,2826714414,8913660717.33,968.6511,
002114.SZ,罗平锌电,2016-07-20,33,33.93,31.6,32.32,20276443,23.5208,2786197312,8785895528.64,954.7667,
002114.SZ,罗平锌电,2016-07-21,32.17,34.4,31.61,34.22,22587169,26.2012,2949989852,9302393099.94,1010.8947,
002114.SZ,罗平锌电,2016-07-22,33.92,34.6,32.6,32.74,19632675,22.774,2822404084,8900068675.98,967.174,
002114.SZ,罗平锌电,2016-07-25,32.5,32.73,30.68,31.39,16018524,18.5816,2706025174,8533083559.53,927.2936,
002114.SZ,罗平锌电,2016-07-26,31.4,31.84,30.78,31.53,10467072,12.1418,2718094098,8571141275.31,931.4293,
002114.SZ,罗平锌电,2016-07-27,31.5,31.5,28.38,28.39,24115514,27.9741,2447405374,7717561078.53,838.6704,
002114.SZ,罗平锌电,2016-07-28,27.88,28.36,26.25,27.99,14394289,16.6974,2412922734,7608824747.73,826.854,
002114.SZ,罗平锌电,2016-07-29,27.9,27.9,26.72,26.84,10005615,11.6066,2313785144,7296207796.68,792.8818,
002114.SZ,罗平锌电,2016-08-01,27.2,28.38,26.6,28.2,14723407,17.0792,2431026120,7665911321.4,833.0576,
002114.SZ,罗平锌电,2016-08-02,27.63,28.6,27.63,28.36,11259593,13.0612,2444819176,7709405853.72,837.7842,
002114.SZ,罗平锌电,2016-08-03,28,28.61,27.76,28.21,10902123,12.6465,2431888186,7668629729.67,833.353,
002114.SZ,罗平锌电,2016-08-04,27.98,28.35,27.3,28.12,10185426,11.8151,2424129592,7644164055.24,830.6943,
002114.SZ,罗平锌电,2016-08-05,28.11,28.84,27.53,28.41,12426756,14.4151,2449129506,7722997895.07,839.2612,
002114.SZ,罗平锌电,2016-08-08,28.45,28.49,27.41,28.18,9312018,10.802,2429301988,7660474504.86,832.4668,
002114.SZ,罗平锌电,2016-08-09,28,28.76,27.91,28.12,9072613,10.5243,2424129592,7644164055.24,830.6943,
002114.SZ,罗平锌电,2016-08-10,27.93,29.88,27.91,29.6,21840648,25.3352,2551715360,8046488479.2,874.4151,
002114.SZ,罗平锌电,2016-08-11,29,29.27,28.37,28.8,12165131,14.1116,2482750080,7829015817.6,850.7822,
002114.SZ,罗平锌电,2016-08-12,28.98,28.99,28.13,28.48,8838891,10.2531,2455163968,7742026752.96,242.5886,
002114.SZ,罗平锌电,2016-08-15,28.29,28.98,27.5,28.53,16236150,18.834,2459474298,7755618794.31,243.0145,
002114.SZ,罗平锌电,2016-08-16,28.58,29.7,28.58,29.7,18179180,21.0879,2560336020,8073672561.9,252.9804,
002114.SZ,罗平锌电,2016-08-17,29.5,29.5,28.88,29.1,10928981,12.6777,2508612060,7910568065.7,247.8696,
002114.SZ,罗平锌电,2016-08-18,29.2,30.27,29.15,29.61,16249787,18.8498,2552577426,8049206887.47,252.2138,
002114.SZ,罗平锌电,2016-08-19,29.51,31,28.8,30.16,14733650,17.0911,2599991056,8198719342.32,256.8986,
002114.SZ,罗平锌电,2016-08-22,29.81,30.82,29.32,29.39,15375707,17.8359,2533611974,7989401905.53,250.3398,
002114.SZ,罗平锌电,2016-08-23,28.99,29.34,28,29.06,8156094,9.4611,2505163796,7899694432.62,247.5289,
002114.SZ,罗平锌电,2016-08-24,29.09,29.4,28.58,28.7,6821527,7.913,2474129420,7801831734.9,244.4625,
002114.SZ,罗平锌电,2016-08-25,28.37,28.37,27.5,27.75,8915249,10.3417,2392233150,7543582949.25,236.3705,
002114.SZ,罗平锌电,2016-08-26,28.5,29.96,28.43,28.93,15871650,18.4112,2493956938,7864355125.11,246.4216,
002114.SZ,罗平锌电,2016-08-29,28.29,28.69,28.02,28.28,8522460,9.8861,2437922648,7687658587.56,240.885,
002114.SZ,罗平锌电,2016-08-30,28.11,28.5,28.01,28.19,5289057,6.1353,2430164054,7663192913.13,240.1184,
002114.SZ,罗平锌电,2016-08-31,28.5,28.89,28.22,28.67,8278519,9.6031,2471543222,7793676510.09,244.207,
002114.SZ,罗平锌电,2016-09-01,29,30.45,28.73,29.8,20216055,23.4507,2568956680,8100856644.6,253.8322,
002114.SZ,罗平锌电,2016-09-02,30.23,30.66,29.38,29.5,14904879,17.2897,2543094700,8019304396.5,251.2768,
002114.SZ,罗平锌电,2016-09-05,29.8,30.85,29.13,30.2,17517976,20.3209,2603439320,8209592975.4,257.2393,
002114.SZ,罗平锌电,2016-09-06,29.9,29.9,29,29.8,12039040,13.9653,2568956680,8100856644.6,253.8322,
002114.SZ,罗平锌电,2016-09-07,29.5,29.78,29.26,29.38,8648544,10.0323,2532749908,7986683497.26,250.2547,
002114.SZ,罗平锌电,2016-09-08,29.5,29.9,29.4,29.54,6781575,7.8667,2546542964,8030178029.58,251.6175,
002114.SZ,罗平锌电,2016-09-09,29.51,29.54,28.58,28.6,8263734,9.586,2465508760,7774647652.2,243.6107,
002114.SZ,罗平锌电,2016-09-12,27.75,27.8,26.8,27.01,11095852,12.8712,2328440266,7342420737.27,230.0673,
002114.SZ,罗平锌电,2016-09-13,27.25,27.46,26.81,27.12,4755262,5.5161,2337922992,7372323228.24,231.0043,
002114.SZ,罗平锌电,2016-09-14,26.83,27.16,26.45,26.95,4213134,4.8873,2323267870,7326110287.65,229.5563,
002114.SZ,罗平锌电,2016-09-19,26.95,27.36,26.95,27.19,3483880,4.0413,2343957454,7391352086.13,231.6005,
002114.SZ,罗平锌电,2016-09-20,27.38,27.52,27.19,27.38,3831602,4.4447,2360336708,7443001843.26,233.2189,
002114.SZ,罗平锌电,2016-09-21,27.44,27.5,27.06,27.22,3327608,3.86,2346543652,7399507310.94,231.8561,
002114.SZ,罗平锌电,2016-09-22,27.28,27.43,27.09,27.09,3713208,4.3073,2335336794,7364168003.43,230.7487,
002114.SZ,罗平锌电,2016-09-23,27.28,27.35,26.37,26.53,5840037,6.7745,2287061098,7211937140.31,225.9788,
002114.SZ,罗平锌电,2016-09-26,26.5,26.5,24.8,24.98,6645805,7.7092,2153440868,6790583858.46,212.7761,
002114.SZ,罗平锌电,2016-09-27,24.92,25.35,24.51,25.24,4380823,5.0818,2175854584,6861262473.48,214.9907,
002114.SZ,罗平锌电,2016-09-28,25.28,25.88,24.92,25.56,5386811,6.2487,2203440696,6948251538.12,217.7164,
002114.SZ,罗平锌电,2016-09-29,25.5,25.8,25.5,25.56,3228878,3.7455,2203440696,6948251538.12,217.7164,
002114.SZ,罗平锌电,2016-09-30,25.51,25.56,25.25,25.4,2571021,2.9824,2189647640,6904757005.8,216.3536,
002114.SZ,罗平锌电,2016-10-10,25.45,26.48,25.44,26.43,5284568,6.1301,2278440438,7184753057.61,225.127,
002114.SZ,罗平锌电,2016-10-11,26.43,26.44,26.12,26.33,3525588,4.0897,2269819778,7157568974.91,224.2752,
002114.SZ,罗平锌电,2016-10-12,25.85,26.48,25.72,26.42,4241529,4.9202,2277578372,7182034649.34,225.0418,
002114.SZ,罗平锌电,2016-10-13,26.3,26.77,26.22,26.4,3659116,4.2446,2275854240,7176597832.8,224.8714,
002114.SZ,罗平锌电,2016-10-14,26.2,26.77,26.11,26.5,4058150,4.7075,2284474900,7203781915.5,225.7232,
002114.SZ,罗平锌电,2016-10-17,26.5,26.91,26.01,26.2,4298488,4.9863,2258612920,7122229667.4,223.1679,
002114.SZ,罗平锌电,2016-10-18,25.83,26.39,25.59,26.35,4940142,5.7306,2271543910,7163005791.45,224.4455,
002114.SZ,罗平锌电,2016-10-19,26.64,27.28,26.3,26.31,8441002,9.7916,2268095646,7152132158.37,224.1048,
002114.SZ,罗平锌电,2016-10-20,26.13,26.38,25.8,26.14,4404254,5.109,2253440524,7105919217.78,222.6568,
002114.SZ,罗平锌电,2016-10-21,26.14,26.19,25.53,25.73,3714861,4.3093,2218095818,6994464478.71,219.1645,
002114.SZ,罗平锌电,2016-10-24,25.98,26.86,25.88,26.44,7646047,8.8694,2279302504,7187471465.88,101.213,
002114.SZ,罗平锌电,2016-10-25,26.99,28.99,26.88,28.54,19706261,22.8593,2460336364,7758337202.58,109.2519,
002114.SZ,罗平锌电,2016-10-26,28,28.32,27.55,27.61,12517545,14.5204,2380164226,7505525233.47,105.6918,
002114.SZ,罗平锌电,2016-10-27,27.5,27.72,27.11,27.3,6694912,7.7661,2353440180,7421254577.1,104.5051,
002114.SZ,罗平锌电,2016-10-28,27.5,27.59,27.02,27.2,6800687,7.8888,2344819520,7394070494.4,104.1223,
002114.SZ,罗平锌电,2016-10-31,27.4,28.16,27.01,27.96,12195632,14.147,2410336536,7600669522.92,107.0316,
002114.SZ,罗平锌电,2016-11-01,28.52,28.77,27.68,28.26,17649236,20.4732,2436198516,7682221771.02,108.18,
002114.SZ,罗平锌电,2016-11-02,27.8,28.09,27.46,27.85,11225171,13.0212,2400853810,7570767031.95,106.6105,
002114.SZ,罗平锌电,2016-11-03,27.3,28.17,27.21,28.16,10883914,12.6254,2427577856,7655037688.32,107.7972,
002114.SZ,罗平锌电,2016-11-04,28.6,28.86,28.07,28.29,15114876,17.5333,2438784714,7690376995.83,108.2948,
002114.SZ,罗平锌电,2016-11-07,27.57,29.36,27.2,28.38,16074914,18.647,2446543308,7714842670.26,108.6394,
002114.SZ,罗平锌电,2016-11-08,28.4,28.4,27.64,27.77,9253667,10.7343,2393957282,7549019765.79,106.3043,
002114.SZ,罗平锌电,2016-11-09,27.89,28.09,27.2,27.5,6857902,7.9552,2370681500,7475622742.5,105.2707,
002114.SZ,罗平锌电,2016-11-10,27.9,28.92,27.8,27.8,14694658,17.0459,2396543480,7557174990.6,106.4191,
002114.SZ,罗平锌电,2016-11-11,27.48,30,27.31,29.18,32318152,37.4892,2515508588,7932315331.86,111.7018,
002114.SZ,罗平锌电,2016-11-14,28,29.15,27.71,28.93,20441364,23.7121,2493956938,7864355125.11,110.7448,
002114.SZ,罗平锌电,2016-11-15,30.4,31.25,28.72,28.8,26656831,30.922,2482750080,7829015817.6,110.2471,
002114.SZ,罗平锌电,2016-11-16,27.99,28.5,27.83,28.28,12724824,4.6818,7686306803.56,7687658587.56,108.2566,
002114.SZ,罗平锌电,2016-11-17,27.95,27.95,26.6,26.93,21897412,8.0566,7319386217.11,7320673471.11,103.0887,
002114.SZ,罗平锌电,2016-11-18,27,27.04,26.39,26.75,10445815,3.8433,7270463472.25,7271742122.25,102.3997,
002114.SZ,罗平锌电,2016-11-21,26.67,27.26,26.55,26.85,7645339,2.8129,7297642774.95,7298926204.95,102.7825,
002114.SZ,罗平锌电,2016-11-22,26.85,27.58,26.69,27.25,10435042,3.8393,7406359985.75,7407662535.75,104.3137,
002114.SZ,罗平锌电,2016-11-23,27.02,27.02,25.8,25.98,22711620,8.3562,7061182841.46,7062424685.46,99.4521,
002114.SZ,罗平锌电,2016-11-24,26.19,26.6,25.71,25.89,13953091,5.1337,7036721469.03,7037959011.03,99.1076,
002114.SZ,罗平锌电,2016-11-25,25.79,25.79,24.71,25.47,9708377,3.572,6922568397.69,6923785863.69,97.4998,
002114.SZ,罗平锌电,2016-11-28,25.98,28.02,25.87,28.02,39998888,14.7167,7615640616.54,7616979972.54,107.2613,
002114.SZ,罗平锌电,2016-11-29,28.03,28.59,27.1,27.72,36839557,13.5543,7534102708.44,7535427724.44,106.1129,
002114.SZ,罗平锌电,2016-11-30,26.21,26.66,25.5,25.97,23890665,8.79,7058464911.19,7059706277.19,99.4138,
002114.SZ,罗平锌电,2016-12-01,25.7,26.51,25.7,26.08,10883536,4.0043,7088362144.16,7089608768.16,99.8349,
002114.SZ,罗平锌电,2016-12-02,25.89,25.89,25.1,25.31,10888407,4.0061,6879081513.37,6880291331.37,96.8873,
002114.SZ,罗平锌电,2016-12-05,24.88,25.58,24.75,25.46,4872117,1.7926,6919850467.42,6921067455.42,97.4615,
002114.SZ,罗平锌电,2016-12-06,25.79,25.95,25.15,25.26,5516470,2.0297,6865491862.02,6866699290.02,96.6959,
002114.SZ,罗平锌电,2016-12-07,25.25,25.88,25.12,25.68,8430736,3.1019,6979644933.36,6980872437.36,98.3037,
002114.SZ,罗平锌电,2016-12-08,25.4,25.68,25.3,25.4,5726792,2.107,6903542885.8,6904757005.8,97.2318,
002114.SZ,罗平锌电,2016-12-09,25.01,25.03,24.2,24.92,17623281,6.4841,6773082232.84,6774273408.84,95.3944,
002114.SZ,罗平锌电,2016-12-12,24.51,24.6,23,23.35,15012643,5.5236,6346367180.45,6347483310.45,89.3844,
002114.SZ,罗平锌电,2016-12-13,23.12,24.15,22.48,23.78,10633715,3.9124,6463238182.06,6464374866.06,91.0304,
002114.SZ,罗平锌电,2016-12-14,23.5,24.48,23.41,24.01,12976713,4.7745,6525750578.27,6526898256.27,91.9109,
002114.SZ,罗平锌电,2016-12-15,24.19,24.77,23.71,24.3,12854424,4.7295,6604570556.1,6605732096.1,93.021,
002114.SZ,罗平锌电,2016-12-16,24.05,24.39,23.4,23.44,13167598,4.8447,6370828552.88,6371948984.88,89.7289,
002114.SZ,罗平锌电,2016-12-19,23.39,23.39,22.71,22.89,6803607,2.5032,6221342388.03,6222436530.03,87.6235,
002114.SZ,罗平锌电,2016-12-20,22.49,23.08,22.31,22.92,5732550,2.1092,6229496178.84,6230591754.84,87.7383,
002114.SZ,罗平锌电,2016-12-21,23.1,23.17,22.9,22.98,3845491,1.4149,6245803760.46,6246902204.46,87.968,
002114.SZ,罗平锌电,2016-12-22,22.8,22.91,22.61,22.8,3593868,1.3223,6196881015.6,6197970855.6,87.279,
002114.SZ,罗平锌电,2016-12-23,22.98,23.23,22.61,22.62,4235802,1.5585,6147958270.74,6149039506.74,86.5899,
002114.SZ,罗平锌电,2016-12-26,22.46,22.46,21.7,22.32,4567840,1.6806,6066420362.64,6067487258.64,85.4415,
002114.SZ,罗平锌电,2016-12-27,22.4,22.62,22.25,22.35,2827701,1.0404,6074574153.45,6075642483.45,85.5564,
002114.SZ,罗平锌电,2016-12-28,22.53,22.87,22.35,22.41,4655983,1.7131,6090881735.07,6091952933.07,85.7861,
002114.SZ,罗平锌电,2016-12-29,22.28,22.49,22.11,22.17,3301485,1.2147,6025651408.59,6026711134.59,84.8673,
002114.SZ,罗平锌电,2016-12-30,22.12,22.35,22.11,22.16,1923776,0.7078,6022933478.32,6023992726.32,84.829,
002114.SZ,罗平锌电,2017-01-03,22.2,22.63,22.2,22.45,2890668,1.0635,6102156994.9,6102826566.15,85.9392,
002114.SZ,罗平锌电,2017-01-04,22.35,22.88,22.3,22.79,5172870,1.9031,6194572735.58,6195252447.33,87.2407,
002114.SZ,罗平锌电,2017-01-05,23,23.19,22.7,23.02,7138365,2.6262,6257089266.04,6257775837.54,88.1212,
002114.SZ,罗平锌电,2017-01-06,23,23,22.57,22.6,4444359,1.6351,6142928645.2,6143602690.2,86.5134,
002114.SZ,罗平锌电,2017-01-09,22.56,22.78,22.44,22.65,3264597,1.2011,6156519195.3,6157194731.55,86.7048,
002114.SZ,罗平锌电,2017-01-10,22.75,23.51,22.4,23.19,10264824,3.7765,6303297136.38,6303988778.13,88.7719,
002114.SZ,罗平锌电,2017-01-11,23.1,23.37,22.64,22.69,6890770,2.5351,6167391635.38,6168068364.63,86.8579,
002114.SZ,罗平锌电,2017-01-12,22.53,22.54,21.86,21.91,5797048,2.1327,5955379053.82,5956032519.57,83.872,
002114.SZ,罗平锌电,2017-01-13,22.07,22.25,21.12,21.25,3795633,1.3964,5775983792.5,5776617573.75,81.3455,
002114.SZ,罗平锌电,2017-01-16,21.26,21.5,19.13,19.66,6646655,2.4453,5343804299.32,5344390658.82,75.259,
002114.SZ,罗平锌电,2017-01-17,19.66,19.83,18.31,19.65,5298992,1.9495,5341086189.3,5341672250.55,75.2207,
002114.SZ,罗平锌电,2017-01-18,19.65,19.68,19.18,19.4,2287522,0.8416,5273133438.8,5273712043.8,74.2637,
002114.SZ,罗平锌电,2017-01-19,19,20.9,19,19.88,6035463,2.2205,5403602719.76,5404195640.76,76.1012,
002114.SZ,罗平锌电,2017-01-20,19.5,20.06,19.49,19.92,3592401,1.3217,5414475159.84,5415069273.84,76.2543,
002114.SZ,罗平锌电,2017-01-23,19.95,20.73,19.95,20.23,4608154,1.6954,5498736570.46,5499339930.21,77.441,
002114.SZ,罗平锌电,2017-01-24,20.31,20.33,20,20.01,2649514,0.9748,5438938150.02,5439534948.27,76.5988,
002114.SZ,罗平锌电,2017-01-25,20.07,20.48,20.07,20.18,3164909,1.1644,5485146020.36,5485747888.86,77.2496,
002114.SZ,罗平锌电,2017-01-26,20.3,21.25,20.3,21.2,6977916,2.5672,5762393242.4,5763025532.4,81.1541,
002114.SZ,罗平锌电,2017-02-03,21.19,21.19,20.55,20.8,3752267,1.3805,5653668841.6,5654289201.6,79.6229,
002114.SZ,罗平锌电,2017-02-06,20.8,20.86,20.39,20.75,3383382,1.2448,5640078291.5,5640697160.25,79.4315,
002114.SZ,罗平锌电,2017-02-07,20.7,20.91,20.55,20.83,3194460,1.1753,5661823171.66,5662444426.41,79.7378,
002114.SZ,罗平锌电,2017-02-08,20.79,20.92,20.5,20.9,3751503,1.3802,5680849941.8,5681473284.3,80.0057,
002114.SZ,罗平锌电,2017-02-09,20.91,21.15,20.81,20.95,5274279,1.9404,5694440491.9,5695065325.65,80.1971,
002114.SZ,罗平锌电,2017-02-10,21,21.98,20.72,21.49,12080885,4.4446,5841218432.98,6949764287.83,82.2643,
002114.SZ,罗平锌电,2017-02-13,22.2,22.5,21.5,21.69,9527762,3.5053,5895580633.38,7014443341.23,83.0299,
002114.SZ,罗平锌电,2017-02-14,21.39,21.88,21.38,21.81,6576958,2.4197,5928197953.62,7053250773.27,83.4892,
002114.SZ,罗平锌电,2017-02-15,21.45,21.75,21.09,21.39,5727914,2.1073,5814037332.78,6917424761.13,81.8815,
002114.SZ,罗平锌电,2017-02-16,21.4,21.88,21.23,21.78,7941990,2.9219,5920043623.56,7043548915.26,83.3744,
002114.SZ,罗平锌电,2017-02-17,21.58,21.64,20.99,21.3,6342166,2.3333,5789574342.6,6888319187.1,81.5369,
002114.SZ,罗平锌电,2017-02-20,21.05,21.36,21.02,21.25,3280927,1.2071,5775983792.5,6872149423.75,96.7727,
002114.SZ,罗平锌电,2017-02-21,21.47,21.67,21.2,21.58,6171419,2.2705,5865681423.16,6978869861.86,98.2755,
002114.SZ,罗平锌电,2017-02-22,21.45,21.87,21.45,21.7,5300698,1.9501,5898298743.4,7017677293.9,98.822,
002114.SZ,罗平锌电,2017-02-23,21.81,22.48,21.5,22.3,13537197,4.9804,6061385344.6,7211714454.1,101.5544,
002114.SZ,罗平锌电,2017-02-24,22,22.05,21.72,22,6950317,2.557,5979842044,7114695874,100.1882,
002114.SZ,罗平锌电,2017-02-27,21.94,22.08,21.6,21.7,4159073,1.5301,5898298743.4,7017677293.9,98.822,
002114.SZ,罗平锌电,2017-02-28,21.85,22.17,21.63,22.15,8176450,3.0081,6020613694.3,7163205164.05,86.3937,
002114.SZ,罗平锌电,2017-03-01,22.15,22.56,21.89,22.33,10413709,3.8312,6069539674.66,7221416312.11,87.0958,
002114.SZ,罗平锌电,2017-03-02,22.29,23.3,22.11,22.41,13152198,4.8387,6091284554.82,7247287933.47,87.4078,
002114.SZ,罗平锌电,2017-03-03,21.93,22.24,21.7,22.15,7351303,2.7046,6020613694.3,7163205164.05,86.3937,
002114.SZ,罗平锌电,2017-03-06,22.06,22.37,21.93,22.26,4967142,1.8274,6050512904.52,7198778643.42,86.8228,
002114.SZ,罗平锌电,2017-03-07,22.29,22.45,22,22.23,4946581,1.8199,6042358574.46,7189076785.41,86.7057,
002114.SZ,罗平锌电,2017-03-08,22.2,22.22,21.9,22.13,4303614,1.5833,6015177474.26,7156737258.71,86.3157,
002114.SZ,罗平锌电,2017-03-09,22,22.01,21.6,21.61,4151734,1.5274,5873835753.22,6988571719.87,84.2875,
002114.SZ,罗平锌电,2017-03-10,21.51,21.75,21.13,21.37,4831454,1.7775,5808601112.74,6910956855.79,83.3514,
002114.SZ,罗平锌电,2017-03-13,21.37,21.68,21.26,21.57,4100153,1.5085,5862963313.14,6975635909.19,84.1315,
002114.SZ,罗平锌电,2017-03-14,21.6,21.66,21.21,21.29,3807152,1.4007,5786856232.58,6885085234.43,83.0394,
002114.SZ,罗平锌电,2017-03-15,21.27,21.47,21.15,21.29,3090972,1.1372,5786856232.58,6885085234.43,83.0394,
002114.SZ,罗平锌电,2017-03-16,21.51,21.81,21.47,21.58,4691892,1.7262,5865681423.16,6978869861.86,84.1705,
002114.SZ,罗平锌电,2017-03-17,21.67,21.79,21.21,21.52,5207771,1.916,5849372763.04,6959466145.84,83.9365,
002114.SZ,罗平锌电,2017-03-20,21.5,21.74,21.31,21.63,3715933,1.3671,5879271973.26,6995039625.21,84.3655,
002114.SZ,罗平锌电,2017-03-21,21.54,21.54,21.27,21.41,2851976,1.0492,5819473552.82,6923892666.47,83.5074,
002114.SZ,罗平锌电,2017-03-22,21.11,21.28,20.71,20.91,4999921,1.8395,5683568051.82,6762195032.97,81.5572,
002114.SZ,罗平锌电,2017-03-23,20.81,20.98,20.44,20.63,3640210,1.3392,5607460971.26,6671644358.21,80.4651,
002114.SZ,罗平锌电,2017-03-24,20.63,21.09,20.31,20.77,4096024,1.5069,5645514511.54,6716919695.59,81.0112,
002114.SZ,罗平锌电,2017-03-27,20.76,20.9,20.39,20.71,2920001,1.0743,5629205851.42,6697515979.57,80.7771,
002114.SZ,罗平锌电,2017-03-28,20.7,20.9,20.52,20.79,2713510,0.9983,5650950731.58,6723387600.93,81.0892,
002114.SZ,罗平锌电,2017-03-29,20.89,21.17,20.58,20.99,5103390,1.8776,5705312931.98,6788066654.33,81.8693,
002114.SZ,罗平锌电,2017-03-30,21.28,21.28,20.4,20.79,5285739,1.9446,5650950731.58,6723387600.93,81.0892,
002114.SZ,罗平锌电,2017-03-31,20.8,20.8,20.25,20.54,4420208,1.6262,5582997981.08,6642538784.18,80.1141,
002114.SZ,罗平锌电,2017-04-05,20.41,20.85,20.35,20.72,3694611,1.3593,5631923961.44,6700749932.24,80.8161,
002114.SZ,罗平锌电,2017-04-06,20.53,20.78,20.4,20.54,3515868,1.2935,5582997981.08,6642538784.18,80.1141,
002114.SZ,罗平锌电,2017-04-07,20.5,20.75,20.43,20.62,3680616,1.3541,5604742861.24,6668410405.54,80.4261,
002114.SZ,罗平锌电,2017-04-10,20.53,20.53,19.86,20.05,5257024,1.9341,5449810590.1,6484075103.35,78.2029,
002114.SZ,罗平锌电,2017-04-11,19.93,20.09,19.33,19.96,4717943,1.7357,5425347599.92,6454969529.32,77.8519,
002114.SZ,罗平锌电,2017-04-12,19.8,19.93,19.44,19.6,2299557,0.846,5327495639.2,6338547233.2,76.4477,
002114.SZ,罗平锌电,2017-04-13,19.62,19.72,19.42,19.42,2794221,1.028,5278569658.84,6280336085.14,75.7456,
002114.SZ,罗平锌电,2017-04-14,19.5,19.5,19.01,19.02,3068652,1.129,5169845258.04,6150977978.34,74.1855,
002114.SZ,罗平锌电,2017-04-17,19.06,19.14,18.65,18.74,2476955,0.9113,5093738177.48,6060427303.58,73.0934,
002114.SZ,罗平锌电,2017-04-18,18.74,18.97,18.68,18.74,2003658,0.7372,5093738177.48,6060427303.58,73.0934,
002114.SZ,罗平锌电,2017-04-19,18.61,18.61,18.01,18.27,2617254,0.9629,4965987006.54,5908431528.09,71.2602,
002114.SZ,罗平锌电,2017-04-20,18.27,18.42,18.04,18.25,1756281,0.6461,4960550786.5,5901963622.75,71.1822,
002114.SZ,罗平锌电,2017-04-21,18.31,18.39,18.1,18.12,1381805,0.5084,4925215356.24,5859922238.04,70.6751,
002114.SZ,罗平锌电,2017-04-24,18.09,18.15,16.81,17.52,4202964,1.5463,4762128755.04,5665885077.84,68.3349,
002114.SZ,罗平锌电,2017-04-25,17.31,17.7,17.31,17.46,2062860,0.7589,4745820094.92,5646481361.82,68.1009,
002114.SZ,罗平锌电,2017-04-26,17.51,17.66,17.5,17.58,1707600,0.6282,4778437415.16,5685288793.86,50.5728,
002114.SZ,罗平锌电,2017-04-27,17.4,17.78,17.22,17.67,3314564,1.2194,4802900405.34,5714394367.89,50.8317,
002114.SZ,罗平锌电,2017-04-28,17.6,18.55,17.53,18.29,5895408,2.1689,4971423226.58,5914899433.43,52.6153,
002114.SZ,罗平锌电,2017-05-02,18.55,18.6,18.29,18.36,2760834,1.0157,4990449996.72,5937537102.12,52.8167,
002114.SZ,罗平锌电,2017-05-03,18.6,18.96,18.34,18.6,4600286,1.6925,5055684637.2,6015151966.2,53.5071,
002114.SZ,罗平锌电,2017-05-04,18.39,18.95,18.31,18.55,3108033,1.1435,5042094087.1,5998982202.85,53.3633,
002114.SZ,罗平锌电,2017-05-05,18.5,18.73,18.32,18.49,1966661,0.7235,5025785426.98,5979578486.83,53.1907,
002114.SZ,罗平锌电,2017-05-08,18.47,18.49,18.22,18.35,1745647,0.6422,4987731886.7,5934303149.45,52.7879,
002114.SZ,罗平锌电,2017-05-09,18.57,18.65,18.11,18.42,2267227,0.8341,5006758656.84,5956940818.14,52.9893,
002114.SZ,罗平锌电,2017-05-10,18.65,18.65,18.04,18.12,2445801,0.8998,4925215356.24,5859922238.04,52.1263,
002114.SZ,罗平锌电,2017-05-11,18,18.18,17.33,17.83,2544242,0.936,4846390165.66,5766137610.61,51.292,
002114.SZ,罗平锌电,2017-05-12,17.81,17.82,17.45,17.6,1291810,0.4753,4783873635.2,5691756699.2,50.6304,
002114.SZ,罗平锌电,2017-05-15,17.65,17.94,17.58,17.7,1481480,0.545,4811054735.4,5724096225.9,50.918,
002114.SZ,罗平锌电,2017-05-16,17.75,18.16,17.59,18.09,2293160,0.8437,4917061026.18,5850220380.03,52.04,
002114.SZ,罗平锌电,2017-05-17,18.35,18.56,18.11,18.35,3947667,1.4524,4987731886.7,5934303149.45,52.7879,
002114.SZ,罗平锌电,2017-05-18,18.09,18.27,18.02,18.08,2247402,0.8268,4914342916.16,5846986427.36,52.0112,
002114.SZ,罗平锌电,2017-05-19,18.34,18.97,18.21,18.81,9113063,3.3527,5112764947.62,6083064972.27,54.1112,
002114.SZ,罗平锌电,2017-05-22,19.08,19.98,18.58,19.23,10791678,3.9703,5226925568.46,6218890984.41,55.3194,
002114.SZ,罗平锌电,2017-05-23,19.23,19.36,18.45,18.88,6248776,2.2989,5131791717.76,6105702640.96,54.3126,
002114.SZ,罗平锌电,2017-05-24,19.05,19.05,18.51,18.85,3443200,1.2668,5123637387.7,6096000782.95,54.2263,
002114.SZ,罗平锌电,2017-05-25,18.99,19.38,18.85,19.13,7937936,2.9204,5199744468.26,6186551457.71,55.0318,
002114.SZ,罗平锌电,2017-05-26,19.05,19.49,18.96,19.13,4421000,1.6265,5199744468.26,6186551457.71,55.0318,
002114.SZ,罗平锌电,2017-05-31,19.37,19.8,19,19.13,4749301,1.7473,5199744468.26,6186551457.71,55.0318,
002114.SZ,罗平锌电,2017-06-01,18.9,19.02,18.51,18.65,3003150,1.1049,5069275187.3,6031321729.55,53.6509,
002114.SZ,罗平锌电,2017-06-02,18.77,19.18,18.22,18.87,4699207,1.7289,5129073607.74,6102468688.29,54.2838,
002114.SZ,罗平锌电,2017-06-05,19.18,19.34,18.85,19.06,4558000,1.6769,5180717698.12,6163913789.02,54.8304,
002114.SZ,罗平锌电,2017-06-06,18.98,19.06,18.67,19.04,3419066,1.2579,5175281478.08,6157445883.68,54.7729,
002114.SZ,罗平锌电,2017-06-07,19.03,19.29,18.91,19.03,7571906,2.7857,5172563368.06,6154211931.01,54.7441,
002114.SZ,罗平锌电,2017-06-08,19.04,19.23,18.79,18.91,4427050,1.6287,5139946047.82,6115404498.97,54.3989,
002114.SZ,罗平锌电,2017-06-09,18.91,19.04,18.5,18.59,4695364,1.7274,5052966527.18,6011918013.53,53.4783,
002114.SZ,罗平锌电,2017-06-12,18.74,18.74,18.18,18.2,3506700,1.2901,4946960236.4,5885793859.4,52.3564,
002114.SZ,罗平锌电,2017-06-13,18.09,18.86,18.04,18.6,6363008,2.341,5055684637.2,6015151966.2,53.5071,
002114.SZ,罗平锌电,2017-06-14,18.51,18.96,18.45,18.6,6472801,2.3814,5055684637.2,6015151966.2,53.5071,
002114.SZ,罗平锌电,2017-06-15,18.62,18.88,18.48,18.74,4272996,1.572,5093738177.48,6060427303.58,53.9098,
002114.SZ,罗平锌电,2017-06-16,18.66,19.4,18.61,19.23,11977915,4.4067,5226925568.46,6218890984.41,55.3194,
002114.SZ,罗平锌电,2017-06-19,19.37,19.69,19.18,19.4,10883084,4.0039,5273133438.8,6273868179.8,55.8085,
002114.SZ,罗平锌电,2017-06-20,19.45,19.7,19,19.22,9667892,3.5568,5224207458.44,6215657031.74,55.2907,
002114.SZ,罗平锌电,2017-06-21,19.2,19.43,18.94,19.11,4615569,1.6981,5194308248.22,6180083552.37,54.9742,
002114.SZ,罗平锌电,2017-06-22,19.5,19.55,18.99,19.04,7964169,2.93,5175281478.08,6157445883.68,54.7729,
002114.SZ,罗平锌电,2017-06-23,18.88,19.27,18.58,19.01,5435234,1.9996,5167127148.02,6147744025.67,54.6866,
002114.SZ,罗平锌电,2017-06-26,19.05,19.24,18.92,19.03,5205667,1.9152,5172563368.06,6154211931.01,54.7441,
002114.SZ,罗平锌电,2017-06-27,19.16,19.37,18.92,19.31,10541673,3.8783,5248670448.62,6244762605.77,55.5496,
002114.SZ,罗平锌电,2017-06-28,19.26,19.56,19.16,19.38,12108489,4.4547,5267697218.76,6267400274.46,55.7509,
002114.SZ,罗平锌电,2017-06-29,19.36,19.88,19.27,19.68,15288286,5.6246,5349240519.36,6364418854.56,56.614,
002114.SZ,罗平锌电,2017-06-30,19.49,19.88,19.48,19.79,10055023,3.6993,5379139729.58,6399992333.93,56.9304,
002114.SZ,罗平锌电,2017-07-03,19.8,20.4,19.43,20.08,12122946,4.4601,5457964920.16,6493776961.36,57.7647,
002114.SZ,罗平锌电,2017-07-04,20.03,20.37,19.88,20.1,13071592,4.8091,5463401140.2,6500244866.7,57.8222,
002114.SZ,罗平锌电,2017-07-05,20,20.48,19.91,20.35,16472140,6.0601,5531353890.7,6581093683.45,58.5414,
002114.SZ,罗平锌电,2017-07-06,20.18,21.28,20.12,20.75,19369816,7.1262,5640078291.5,6710451790.25,59.6921,
002114.SZ,罗平锌电,2017-07-07,20.48,22,20.4,21.67,25112127,9.2388,5890144413.34,7007975435.89,62.3386,
002114.SZ,罗平锌电,2017-07-10,21.43,22.34,21.21,21.3,22401513,8.2416,5789574342.6,6888319187.1,61.2743,
002114.SZ,罗平锌电,2017-07-11,21.33,21.4,20.53,20.64,13726722,5.0501,5610179081.28,6674878310.88,59.3756,
002114.SZ,罗平锌电,2017-07-12,20.69,21.35,20.18,21.03,13856763,5.0979,5716185372.06,6801002465.01,60.4975,
002114.SZ,罗平锌电,2017-07-13,21.28,21.62,20.77,21,16985334,6.249,5708031042,6791300607,60.4112,
002114.SZ,罗平锌电,2017-07-14,20.5,21,20.2,20.52,10525012,3.8722,5577561761.04,6636070878.84,59.0304,
002114.SZ,罗平锌电,2017-07-17,20.5,20.66,18.68,19.65,11789528,4.3374,5341086189.3,6354716996.55,56.5277,
002114.SZ,罗平锌电,2017-07-18,19.68,20.14,19.5,19.88,9154686,3.368,5403602719.76,6429097907.96,57.1893,
002114.SZ,罗平锌电,2017-07-19,19.93,21.2,19.8,20.98,20592240,7.5759,5702594821.96,6784832701.66,60.3537,
002114.SZ,罗平锌电,2017-07-20,20.74,21.19,20.52,20.78,12683568,4.6663,5648232621.56,6720153648.26,59.7784,
002114.SZ,罗平锌电,2017-07-21,20.77,21,20.34,20.51,8615284,3.1696,5574843651.02,6632836926.17,59.0016,
002114.SZ,罗平锌电,2017-07-24,20.47,20.89,20.08,20.32,7533901,2.7717,5523199560.64,6571391825.44,58.4551,
002114.SZ,罗平锌电,2017-07-25,20.44,20.92,20.16,20.88,10270003,3.7784,5675413721.76,6752493174.96,60.066,
002114.SZ,罗平锌电,2017-07-26,21.11,21.35,20.62,20.7,12714788,4.6778,5626487741.4,6694282026.9,59.5482,
002114.SZ,罗平锌电,2017-07-27,20.48,20.5,19.74,20.2,10584035,3.8939,5490582240.4,6532584393.4,58.1099,
002114.SZ,罗平锌电,2017-07-28,20.16,20.63,19.97,20.4,7901797,2.9071,5544944440.8,6597263446.8,58.6852,
002114.SZ,罗平锌电,2017-07-31,20.36,21.33,20.28,21.22,18026530,6.632,5767829462.44,6862447565.74,61.0441,
002114.SZ,罗平锌电,2017-08-01,21.01,21.05,20.37,20.6,11111012,4.0878,5599306641.2,6661942500.2,59.2605,
002114.SZ,罗平锌电,2017-08-02,20.59,21.5,20.28,20.51,14688084,5.4038,5574843651.02,6632836926.17,59.0016,
002114.SZ,罗平锌电,2017-08-03,20.72,21.94,20.57,21.58,25675756,9.4462,5865681423.16,6978869861.86,62.0797,
002114.SZ,罗平锌电,2017-08-04,21.3,21.88,20.93,21.15,20606100,7.581,5748802692.3,6839809897.05,60.8427,
002114.SZ,罗平锌电,2017-08-07,21,21.75,20.51,21.57,16862146,6.2036,5862963313.14,6975635909.19,62.051,
002114.SZ,罗平锌电,2017-08-08,21.85,23.73,21.5,22.85,38990948,14.3449,6210881395.7,7389581850.95,65.7332,
002114.SZ,罗平锌电,2017-08-09,23.34,23.95,22.56,23.88,36816374,13.5448,6490846727.76,7722678975.96,68.6962,
002114.SZ,罗平锌电,2017-08-10,23.1,23.2,22.58,22.67,21530580,7.9212,6161955415.34,7331370702.89,65.2154,
002114.SZ,罗平锌电,2017-08-11,21.96,22.18,20.81,21.26,21511278,7.9141,5778701902.52,6875383376.42,61.1592,
002114.SZ,罗平锌电,2017-08-14,21.36,21.7,21.01,21.49,11344407,4.1736,5841218432.98,6949764287.83,61.8208,
002114.SZ,罗平锌电,2017-08-15,21.5,21.85,21.16,21.48,10322359,3.7976,5838500322.96,6946530335.16,61.7921,
002114.SZ,罗平锌电,2017-08-16,21.55,21.71,20.47,21.16,13149192,4.8376,5751520802.32,6843043849.72,60.8715,
002114.SZ,罗平锌电,2017-08-17,23.17,23.17,21.76,22.23,25971506,9.555,6042358574.46,7189076785.41,63.9496,
002114.SZ,罗平锌电,2017-08-18,21.55,21.8,21.22,21.5,15196712,5.5909,5843936543,6952998240.5,61.8496,
002114.SZ,罗平锌电,2017-08-21,21.59,22.43,21.46,21.91,16021777,5.8945,5955379053.82,7085590299.97,63.0291,
002114.SZ,罗平锌电,2017-08-22,21.6,21.88,21.26,21.48,11258454,4.142,5838500322.96,6946530335.16,60.7558,
002114.SZ,罗平锌电,2017-08-23,21.2,21.25,20.58,20.7,11426506,4.2038,5626487741.4,6694282026.9,58.5495,
002114.SZ,罗平锌电,2017-08-24,20.81,20.96,20.2,20.22,7623390,2.8047,5496018460.44,6539052298.74,57.1919,
002114.SZ,罗平锌电,2017-08-25,20.11,20.69,20.11,20.56,6130414,2.2554,5588434201.12,6649006689.52,58.1535,
002114.SZ,罗平锌电,2017-08-28,20.27,20.86,20.23,20.7,7673201,2.823,5626487741.4,6694282026.9,58.5495,
002114.SZ,罗平锌电,2017-08-29,20.62,21.03,20.51,20.55,7719069,2.8399,5585716091.1,6645772736.85,58.1253,
002114.SZ,罗平锌电,2017-08-30,20.4,20.96,20.34,20.8,8018564,2.9501,5653668841.6,6726621553.6,58.8324,
002114.SZ,罗平锌电,2017-08-31,20.62,20.95,20.62,20.8,6011518,2.2117,5653668841.6,6726621553.6,58.8324,
002114.SZ,罗平锌电,2017-09-01,20.89,21.45,20.89,21.05,11861953,4.364,5721621592.1,6807470370.35,59.5395,
002114.SZ,罗平锌电,2017-09-04,21.45,22.28,21.29,21.69,16934359,6.2302,5895580633.38,7014443341.23,61.3497,
002114.SZ,罗平锌电,2017-09-05,21.47,21.47,20.92,21.08,9109453,3.3514,5729775922.16,6817172228.36,59.6244,
002114.SZ,罗平锌电,2017-09-06,20.5,21.25,20.35,20.95,8370685,3.0796,5694440491.9,6775130843.65,59.2567,
002114.SZ,罗平锌电,2017-09-07,20.7,21.2,20.61,20.71,6765317,2.489,5629205851.42,6697515979.57,58.5778,
002114.SZ,罗平锌电,2017-09-08,20.78,21.59,20.74,21.41,13471151,4.9561,5819473552.82,6923892666.47,60.5578,
002114.SZ,罗平锌电,2017-09-11,21.1,21.73,21.03,21.72,11952287,4.3973,5903734963.44,7024145199.24,61.4346,
002114.SZ,罗平锌电,2017-09-12,21.72,22.18,21.5,21.52,14470870,5.3239,5849372763.04,6959466145.84,60.8689,
002114.SZ,罗平锌电,2017-09-13,21.61,21.7,21.3,21.68,8215813,3.0226,5892862523.36,7011209388.56,61.3214,
002114.SZ,罗平锌电,2017-09-14,21.72,21.76,21.11,21.15,7251648,2.6679,5748802692.3,6839809897.05,59.8224,
002114.SZ,罗平锌电,2017-09-15,21.21,21.7,21.09,21.39,8084562,2.9743,5814037332.78,6917424761.13,60.5012,
002114.SZ,罗平锌电,2017-09-18,21.28,21.74,21.08,21.61,8003500,2.9445,5873835753.22,6988571719.87,61.1235,
002114.SZ,罗平锌电,2017-09-19,21.77,22.18,21.28,21.53,9680312,3.5614,5852090873.06,6962700098.51,60.8972,
002114.SZ,罗平锌电,2017-09-20,21.53,22.36,21.28,22.28,19358772,7.1221,6055949124.56,7205246548.76,63.0185,
002114.SZ,罗平锌电,2017-09-21,22.08,22.24,21.63,21.67,10570657,3.889,5890144413.34,7007975435.89,61.2932,
002114.SZ,罗平锌电,2017-09-22,21.4,21.54,20.98,21.25,8002862,2.9443,5775983792.5,6872149423.75,60.1052,
002114.SZ,罗平锌电,2017-09-25,21.22,21.22,20.41,20.75,7234595,2.6616,5640078291.5,6710451790.25,58.691,
002114.SZ,罗平锌电,2017-09-26,20.88,20.97,20.65,20.81,3877264,1.4265,5656386951.62,6729855506.27,58.8607,
002114.SZ,罗平锌电,2017-09-27,20.77,20.85,20.59,20.73,3499122,1.2873,5634642071.46,6703983884.91,58.6344,
002114.SZ,罗平锌电,2017-09-28,20.79,20.88,20.14,20.54,7736979,2.8465,5582997981.08,6642538784.18,58.097,
002114.SZ,罗平锌电,2017-09-29,20.73,20.89,20.46,20.56,3862001,1.4208,5588434201.12,6649006689.52,58.1535,
002114.SZ,罗平锌电,2017-10-09,21,21.15,20.7,20.92,5223373,1.9217,5686286161.84,6765428985.64,59.1718,
002114.SZ,罗平锌电,2017-10-10,20.93,20.93,20.58,20.73,4030738,1.4829,5634642071.46,6703983884.91,58.6344,
002114.SZ,罗平锌电,2017-10-11,20.78,20.82,20.51,20.54,2999771,1.1036,5582997981.08,6642538784.18,58.097,
002114.SZ,罗平锌电,2017-10-12,20.45,20.62,19.8,20.43,5071532,1.8658,5553098770.86,6606965304.81,57.7858,
002114.SZ,罗平锌电,2017-10-13,20.31,20.5,20.31,20.45,2399869,0.8829,5558534990.9,6613433210.15,57.8424,
002114.SZ,罗平锌电,2017-10-16,20.39,20.51,20.03,20.41,3896301,1.4335,5547662550.82,6600497399.47,57.7293,
002114.SZ,罗平锌电,2017-10-17,20.3,20.37,19.97,19.97,2870127,1.0559,5428065709.94,6458203481.99,56.4847,
002114.SZ,罗平锌电,2017-10-18,19.93,20.03,19.6,19.88,3549812,1.306,5403602719.76,6429097907.96,56.2302,
002114.SZ,罗平锌电,2017-10-19,19.87,19.87,19.11,19.35,3736080,1.3745,5259542888.7,6257698416.45,54.7311,
002114.SZ,罗平锌电,2017-10-20,19.27,19.49,19.22,19.39,2282600,0.8398,5270415328.78,6270634227.13,54.8442,
002114.SZ,罗平锌电,2017-10-23,19.23,19.45,19.15,19.3,1873200,0.6892,5245952338.6,6241528653.1,59.853,
002114.SZ,罗平锌电,2017-10-24,19.47,19.6,19.27,19.47,2497700,0.9189,5292160208.94,6296505848.49,60.3802,
002114.SZ,罗平锌电,2017-10-25,19.5,19.5,19.3,19.42,1781301,0.6553,5278569658.84,6280336085.14,60.2251,
002114.SZ,罗平锌电,2017-10-26,19.54,19.54,19.32,19.41,2141221,0.7878,5275851548.82,6277102132.47,60.1941,
002114.SZ,罗平锌电,2017-10-27,19.39,19.46,19.1,19.1,2097301,0.7716,5191590138.2,6176849599.7,59.2328,
002114.SZ,罗平锌电,2017-10-30,19,19.16,18.23,18.23,3387100,1.2461,4955114566.46,5895495717.41,56.5347,
002114.SZ,罗平锌电,2017-10-31,18.18,18.54,18.18,18.38,2304116,0.8477,4995886216.76,5944005007.46,56.9999,
002114.SZ,罗平锌电,2017-11-01,18.64,19.25,18.55,18.86,4878418,1.7948,5126355497.72,6099234735.62,58.4885,
002114.SZ,罗平锌电,2017-11-02,18.75,18.87,18.41,18.45,2448400,0.9008,5014912986.9,5966642676.15,57.217,
002114.SZ,罗平锌电,2017-11-03,18.47,18.8,18.28,18.35,1755507,0.6459,4987731886.7,5934303149.45,56.9069,
002114.SZ,罗平锌电,2017-11-06,18.48,18.69,18.38,18.49,1469308,0.5406,5025785426.98,5979578486.83,57.341,
002114.SZ,罗平锌电,2017-11-07,18.59,18.69,18.4,18.5,2015386,0.7415,5028503537,5982812439.5,57.372,
002114.SZ,罗平锌电,2017-11-08,18.4,18.56,18.4,18.43,1813400,0.6672,5009476766.86,5960174770.81,57.155,
002114.SZ,罗平锌电,2017-11-09,18.5,18.8,18.43,18.58,3031405,1.1153,5050248417.16,6008684060.86,57.6201,
002114.SZ,罗平锌电,2017-11-10,18.74,18.74,18.38,18.4,2516321,0.9258,5001322436.8,5950472912.8,57.0619,
002114.SZ,罗平锌电,2017-11-13,18.5,18.5,18.2,18.29,2058904,0.7575,4971423226.58,5914899433.43,56.7208,
002114.SZ,罗平锌电,2017-11-14,18.31,18.47,18.05,18.1,2360000,0.8683,4919779136.2,5853454332.7,56.1316,
002114.SZ,罗平锌电,2017-11-15,17.99,18.14,17.5,18.1,3542160,1.3032,4919779136.2,5853454332.7,56.1316,
002114.SZ,罗平锌电,2017-11-16,17.73,18.09,17.68,17.84,2264211,0.833,4849108275.68,5769371563.28,55.3253,
002114.SZ,罗平锌电,2017-11-17,17.84,17.85,17.28,17.65,2713618,0.9983,4797464185.3,5707926462.55,54.736,
002114.SZ,罗平锌电,2017-11-20,17.58,17.76,17.21,17.65,2389401,0.8791,4797464185.3,5707926462.55,54.736,
002114.SZ,罗平锌电,2017-11-21,17.66,17.7,17.3,17.55,2197691,0.8085,4770283085.1,5675586935.85,54.4259,
002114.SZ,罗平锌电,2017-11-22,17.58,17.7,17.46,17.63,2336088,0.8595,4792027965.26,5701458557.21,54.674,
002114.SZ,罗平锌电,2017-11-23,17.6,17.96,17.5,17.61,4746205,1.7461,4786591745.22,5694990651.87,54.612,
002114.SZ,罗平锌电,2017-11-24,17.6,18.1,17.42,17.98,4751783,1.7482,4887161815.96,5814646900.66,55.7594,
002114.SZ,罗平锌电,2017-11-27,18.02,18.36,17.77,17.91,4200279,1.5453,4868135045.82,5792009231.97,55.5423,
002114.SZ,罗平锌电,2017-11-28,17.9,18.13,17.77,17.96,3375500,1.2419,4881725595.92,5808178995.32,55.6974,
002114.SZ,罗平锌电,2017-11-29,18.05,18.41,17.89,18.35,7995997,2.9417,4987731886.7,5934303149.45,56.9069,
002114.SZ,罗平锌电,2017-11-30,18.39,18.48,17.96,18.07,4591275,1.6891,4911624806.14,5843752474.69,56.0385,
002114.SZ,罗平锌电,2017-12-01,18.15,18.3,18.06,18.14,2804100,1.0316,4930651576.28,5866390143.38,56.2556,
002114.SZ,罗平锌电,2017-12-04,18.33,18.4,18.09,18.15,3774700,1.3887,4933369686.3,5869624096.05,56.2866,
002114.SZ,罗平锌电,2017-12-05,18.09,18.1,17.19,17.7,4615744,1.6981,4811054735.4,5724096225.9,54.8911,
002114.SZ,罗平锌电,2017-12-06,17.48,17.72,17.38,17.66,1996296,0.7344,4800182295.32,5711160415.22,54.767,
002114.SZ,罗平锌电,2017-12-07,17.56,17.83,17.55,17.65,2128701,0.7832,4797464185.3,5707926462.55,54.736,
002114.SZ,罗平锌电,2017-12-08,17.67,17.84,17.48,17.76,2338200,0.8602,4827363395.52,5743499941.92,55.0772,
002114.SZ,罗平锌电,2017-12-11,17.85,17.95,17.56,17.87,2663997,0.9801,4857262605.74,5779073421.29,55.4183,
002114.SZ,罗平锌电,2017-12-12,17.86,17.98,17.6,17.8,2278700,0.8383,4838235835.6,5756435752.6,55.2012,
002114.SZ,罗平锌电,2017-12-13,17.8,17.89,17.67,17.75,2196875,0.8082,4824645285.5,5740265989.25,55.0462,
002114.SZ,罗平锌电,2017-12-14,17.74,17.85,17.51,17.64,2459100,0.9047,4794746075.28,5704692509.88,54.705,
002114.SZ,罗平锌电,2017-12-15,17.61,17.61,17.18,17.61,2802201,1.0309,4786591745.22,5694990651.87,54.612,
002114.SZ,罗平锌电,2017-12-18,17.55,17.61,17.33,17.61,1121141,0.4125,4786591745.22,5694990651.87,54.612,
002114.SZ,罗平锌电,2017-12-19,17.6,17.62,17.48,17.59,1081400,0.3978,4781155525.18,5688522746.53,54.55,
002114.SZ,罗平锌电,2017-12-20,17.6,17.64,17.37,17.57,1350000,0.4967,4775719305.14,5682054841.19,54.4879,
002114.SZ,罗平锌电,2017-12-21,17.49,17.58,17.3,17.52,1204700,0.4432,4762128755.04,5665885077.84,54.3329,
002114.SZ,罗平锌电,2017-12-22,17.51,17.51,17.27,17.49,2500602,0.92,4753974424.98,5656183219.83,54.2398,
002114.SZ,罗平锌电,2017-12-25,17.44,17.45,17.22,17.35,1474695,0.5425,4715920884.7,5610907882.45,53.8057,
002114.SZ,罗平锌电,2017-12-26,17.3,17.3,17.05,17.25,1569550,0.5774,4688739784.5,5578568355.75,53.4956,
002114.SZ,罗平锌电,2017-12-27,17.16,17.37,17.07,17.29,2007200,0.7385,4699612224.58,5591504166.43,53.6196,
002114.SZ,罗平锌电,2017-12-28,17.24,18.4,17.18,17.91,8543406,3.1431,4868135045.82,5792009231.97,55.5423,
002114.SZ,罗平锌电,2017-12-29,17.7,18,17.54,17.7,3723700,1.37,4811054735.4,5724096225.9,54.8911,
002114.SZ,罗平锌电,2018-01-02,17.98,17.98,17.65,17.79,3354181,1.234,4835732095.08,5753201799.93,55.1702,
002114.SZ,罗平锌电,2018-01-03,17.84,18.35,17.78,18.09,6459060,2.3762,4917279010.68,5850220380.03,56.1006,
002114.SZ,罗平锌电,2018-01-04,17.86,18.2,17.75,18.04,5082701,1.8699,4903687858.08,5834050616.68,55.9455,
002114.SZ,罗平锌电,2018-01-05,18.12,18.83,18.03,18.44,8252312,3.0359,5012417078.88,5963408723.48,57.186,
002114.SZ,罗平锌电,2018-01-08,18.2,18.75,17.92,18.45,8233601,3.029,5015135309.4,5966642676.15,57.217,
002114.SZ,罗平锌电,2018-01-09,18.66,18.9,18.56,18.66,9353200,3.4409,5072218150.32,6034555682.22,57.8682,
002114.SZ,罗平锌电,2018-01-10,18.5,18.74,18.11,18.22,6621801,2.4361,4952616007.44,5892261764.74,56.5037,
002114.SZ,罗平锌电,2018-01-11,18.22,18.5,18.15,18.33,3402798,1.2518,4982516543.16,5927835244.11,56.8448,
002114.SZ,罗平锌电,2018-01-12,18.21,18.43,18.11,18.3,3943825,1.4509,4974361851.6,5918133386.1,56.7518,
002114.SZ,罗平锌电,2018-01-15,18.35,18.35,17.73,17.83,4593810,1.69,4846605017.16,5766137610.61,55.2942,
002114.SZ,罗平锌电,2018-01-16,17.77,17.86,17.4,17.6,4357142,1.6029,4784085715.2,5691756699.2,54.581,
002114.SZ,罗平锌电,2018-01-17,17.63,17.63,17.2,17.4,2659370,0.9783,4729721104.8,5627077645.8,53.9607,
002114.SZ,罗平锌电,2018-01-18,17.36,17.47,17.25,17.33,2729622,1.0042,4710693491.16,5604439977.11,53.7437,
002114.SZ,罗平锌电,2018-01-19,17.34,17.37,17.17,17.31,3112499,1.145,4705257030.12,5597972071.77,53.6816,
002114.SZ,罗平锌电,2018-01-22,17.28,17.56,17.18,17.49,3298545,1.2135,4754185179.48,5656183219.83,54.2398,
002114.SZ,罗平锌电,2018-01-23,17.48,18.15,17.41,18.06,7840923,2.8846,4909124319.12,5840518522.02,56.0075,
002114.SZ,罗平锌电,2018-01-24,18.12,18.38,17.8,18.05,5647303,2.0776,4906406088.6,5837284569.35,55.9765,
002114.SZ,罗平锌电,2018-01-25,18.3,18.44,18.04,18.13,5120859,1.8839,4928151932.76,5863156190.71,56.2246,
002114.SZ,罗平锌电,2018-01-26,18,18.05,17.59,17.61,3799423,1.3978,4786803945.72,5694990651.87,54.612,
002114.SZ,罗平锌电,2018-01-29,18,18.4,17.93,18.29,9752574,3.5878,4971643621.08,5914899433.43,56.7208,
002114.SZ,罗平锌电,2018-01-30,18.12,18.75,18.06,18.43,11219251,4.1274,5009698848.36,5960174770.81,57.155,
002114.SZ,罗平锌电,2018-01-31,18.3,18.42,17.83,18.1,6405613,2.3565,4919997241.2,5853454332.7,56.1316,
002114.SZ,罗平锌电,2018-02-01,18.12,18.22,17,17.55,7337115,2.6992,4770494562.6,5675586935.85,54.4259,
002114.SZ,罗平锌电,2018-02-02,17.51,18,16.82,17.81,4307063,1.5845,4841168556.12,5759669705.27,55.2322,
002114.SZ,罗平锌电,2018-02-05,18.1,18.1,17.48,17.65,3141161,1.1556,4797676867.8,5707926462.55,54.736,
002114.SZ,罗平锌电,2018-02-06,17.4,17.4,16.11,16.8,5917687,2.177,4566627273.6,5433040485.6,52.1,
002114.SZ,罗平锌电,2018-02-07,17.05,17.1,15.99,16.48,4324982,1.5911,4479643896.96,5329554000.16,51.1076,
002114.SZ,罗平锌电,2018-02-08,16.3,16.48,15.95,16.48,3072905,1.1305,4479643896.96,5329554000.16,51.1076,
002114.SZ,罗平锌电,2018-02-09,16.15,16.16,14.89,15.6,4045401,1.4882,4240439611.2,5044966165.2,48.3786,
002114.SZ,罗平锌电,2018-02-12,15.5,15.94,15.2,15.66,2699000,0.9929,4256748994.32,5064369881.22,48.5647,
002114.SZ,罗平锌电,2018-02-13,15.66,16.02,15.5,15.8,3059687,1.1256,4294804221.6,5109645218.6,92.4159,
002114.SZ,罗平锌电,2018-02-14,15.79,15.79,15.59,15.65,1321899,0.4863,4254030763.8,5061135928.55,91.5386,
002114.SZ,罗平锌电,2018-02-22,15.65,16.07,15.6,15.87,2351937,0.7273,5132000798.04,5132282887.29,92.8254,
002114.SZ,罗平锌电,2018-02-23,15.8,15.93,15.35,15.65,3667200,1.134,5060857749.8,5061135928.55,91.5386,
002114.SZ,罗平锌电,2018-02-26,15.66,15.86,15.53,15.84,3526190,1.0904,5122299473.28,5122581029.28,92.6499,
002114.SZ,罗平锌电,2018-02-27,15.8,15.84,15.62,15.68,2824243,0.8734,5070559074.56,5070837786.56,91.714,
002114.SZ,罗平锌电,2018-02-28,15.64,16.07,15.48,15.89,4437383,1.3722,5138468347.88,5138750792.63,92.9424,
002114.SZ,罗平锌电,2018-03-01,15.81,15.98,15.74,15.93,2907278,0.899,5151403447.56,5151686603.31,93.1763,
002114.SZ,罗平锌电,2018-03-02,15.92,16.44,15.81,16.21,6285551,1.9437,5241949145.32,5242237278.07,94.8141,
002114.SZ,罗平锌电,2018-03-05,16.22,16.38,16.05,16.24,3903500,1.2071,5251650470.08,5251939136.08,94.9895,
002114.SZ,罗平锌电,2018-03-06,16.19,16.65,16.01,16.43,6067184,1.8762,5313092193.56,5313384236.81,96.1009,
002114.SZ,罗平锌电,2018-03-07,16.42,16.6,16.19,16.21,3899100,1.2057,5241949145.32,5242237278.07,94.8141,
002114.SZ,罗平锌电,2018-03-08,16.23,16.35,16.1,16.19,2707900,0.8374,5235481595.48,5235769372.73,94.6971,
002114.SZ,罗平锌电,2018-03-09,16.15,16.24,15.95,16.19,3649600,1.1286,5235481595.48,5235769372.73,94.6971,
002114.SZ,罗平锌电,2018-03-12,16.27,16.51,16.1,16.44,5581784,1.7261,5316325968.48,5316618189.48,96.1594,
002114.SZ,罗平锌电,2018-03-13,16.43,16.65,16.22,16.23,4662700,1.4419,5248416695.16,5248705183.41,94.931,
002114.SZ,罗平锌电,2018-03-14,16.23,16.52,16.15,16.27,4360409,1.3484,5261351794.84,5261640994.09,95.165,
002114.SZ,罗平锌电,2018-03-15,16.27,16.32,15.91,16.15,3694817,1.1426,5222546495.8,5222833562.05,94.4631,
002114.SZ,罗平锌电,2018-03-16,16.12,16.25,15.95,16,2158081,0.6674,5174039872,5174324272,93.5858,
002114.SZ,罗平锌电,2018-03-19,15.99,16.36,15.93,16.26,3194001,0.9877,5258118019.92,5258407041.42,95.1065,
002114.SZ,罗平锌电,2018-03-20,16.22,16.43,16.1,16.42,4265210,1.319,5309858418.64,5310150284.14,96.0424,
002114.SZ,罗平锌电,2018-03-21,16.35,16.55,16.1,16.3,3957809,1.2239,5271053119.6,5271342852.1,95.3405,
002114.SZ,罗平锌电,2018-03-22,16.42,16.53,16.25,16.31,3096607,0.9576,5274286894.52,5274576804.77,95.399,
002114.SZ,罗平锌电,2018-03-23,15.81,16,14.72,15.51,5482500,1.6954,5015584900.92,5015860591.17,90.7197,
002114.SZ,罗平锌电,2018-03-26,15.5,15.5,14.82,15.48,2624823,0.8117,5005883576.16,5006158733.16,90.5442,
002114.SZ,罗平锌电,2018-03-27,15.57,15.73,15.42,15.66,3484460,1.0775,5064091524.72,5064369881.22,91.5971,
002114.SZ,罗平锌电,2018-03-28,15.53,15.66,15.35,15.5,2679001,0.8284,5012351126,5012626638.5,90.6612,
002114.SZ,罗平锌电,2018-03-29,15.48,15.63,15.28,15.53,2753871,0.8516,5022052450.76,5022328496.51,90.8367,
002114.SZ,罗平锌电,2018-03-30,15.44,15.53,15.32,15.48,3180100,0.9834,5005883576.16,5006158733.16,90.5442,
002114.SZ,罗平锌电,2018-04-02,15.42,15.57,15.33,15.47,2830901,0.8754,5002649801.24,5002924780.49,90.4857,
002114.SZ,罗平锌电,2018-04-03,15.3,15.34,15.15,15.28,2567220,0.7939,4941208077.76,4941479679.76,89.3744,
002114.SZ,罗平锌电,2018-04-04,15.28,15.32,14.97,15.15,2811999,0.8696,4899169003.8,4899438295.05,88.614,
002114.SZ,罗平锌电,2018-04-09,14.93,15,14.8,14.99,2571201,0.7951,4847428605.08,4847695052.33,87.6782,
002114.SZ,罗平锌电,2018-04-10,15.01,15.16,14.99,15.07,1991269,0.6158,4873298804.44,4873566673.69,88.1461,
002114.SZ,罗平锌电,2018-04-11,15.2,15.2,15.04,15.09,1705505,0.5274,4879766354.28,4880034579.03,88.2631,
002114.SZ,罗平锌电,2018-04-12,15.1,15.11,14.88,14.99,2315801,0.7161,4847428605.08,4847695052.33,87.6782,
002114.SZ,罗平锌电,2018-04-13,15.01,15.11,14.97,15.04,1798102,0.556,4863597479.68,4863864815.68,87.9706,
002114.SZ,罗平锌电,2018-04-16,15.2,15.26,15,15.06,2144707,0.6632,4870065029.52,4870332721.02,88.0876,
002114.SZ,罗平锌电,2018-04-17,15.09,15.22,14.96,15.06,2653902,0.8207,4870065029.52,4870332721.02,88.0876,
002114.SZ,罗平锌电,2018-04-18,15.22,15.22,14.72,15.05,2434740,0.7529,4866831254.6,4867098768.35,88.0291,
002114.SZ,罗平锌电,2018-04-19,15.19,15.55,15.15,15.49,5172952,1.5997,5009117351.08,5009392685.83,90.6027,
002114.SZ,罗平锌电,2018-04-20,15.32,15.48,15.08,15.15,3652200,1.1294,4899169003.8,4899438295.05,88.614,
002114.SZ,罗平锌电,2018-04-23,15.1,15.19,14.89,15,1759430,0.5441,4850662380,4850929005,87.7366,
002114.SZ,罗平锌电,2018-04-24,15,15.22,14.9,15.05,2061400,0.6375,4866831254.6,4867098768.35,88.0291,
002114.SZ,罗平锌电,2018-04-25,15,15.03,14.8,14.92,2245329,0.6943,4824792180.64,4825057383.64,87.2687,
002114.SZ,罗平锌电,2018-04-26,14.87,14.87,14.23,14.45,4518400,1.3973,4672804759.4,4673061608.15,81.5205,
002114.SZ,罗平锌电,2018-04-27,14.38,14.54,14.2,14.4,2699700,0.8348,4656635884.8,4656891844.8,81.2384,
002114.SZ,罗平锌电,2018-05-02,14.4,14.4,14.1,14.11,1785510,0.5521,4562856412.12,4563107217.37,79.6023,
002114.SZ,罗平锌电,2018-05-03,14.1,14.1,13.71,14.1,2157402,0.6671,4559622637.2,4559873264.7,79.5459,
002114.SZ,罗平锌电,2018-05-04,14.09,14.09,13.91,14,1406101,0.4348,4527284888,4527533738,78.9818,
002114.SZ,罗平锌电,2018-05-07,14,14.24,14,14.15,1430628,0.4424,4575791511.8,4576043028.05,79.828,
002114.SZ,罗平锌电,2018-05-08,14.15,14.33,14.08,14.3,1387200,0.429,4624298135.6,4624552318.1,80.6742,
002114.SZ,罗平锌电,2018-05-09,14.25,14.31,14.1,14.2,1230402,0.3805,4591960386.4,4592212791.4,80.1101,
002114.SZ,罗平锌电,2018-05-10,14.15,14.26,13.97,14.02,1397684,0.4322,4533752437.84,4534001643.34,79.0946,
002114.SZ,罗平锌电,2018-05-11,14.07,14.16,13.96,14.06,1431952,0.4428,4546687537.52,4546937454.02,79.3203,
002114.SZ,罗平锌电,2018-05-14,14.06,14.68,14.03,14.48,4946208,1.5295,4682506084.16,4682763466.16,81.6897,
002114.SZ,罗平锌电,2018-05-15,14.45,14.53,14.31,14.4,1703300,0.5267,4656635884.8,4656891844.8,81.2384,
002114.SZ,罗平锌电,2018-05-16,14.39,14.39,14.07,14.09,1737700,0.5374,4556388862.28,4556639312.03,79.4895,
002114.SZ,罗平锌电,2018-05-17,14.15,14.25,14,14.11,1402886,0.4338,4562856412.12,4563107217.37,79.6023,
002114.SZ,罗平锌电,2018-05-18,14.12,14.12,13.98,14.1,977980,0.3024,4559622637.2,4559873264.7,79.5459,
002114.SZ,罗平锌电,2018-05-21,14.11,14.25,14.11,14.19,1420512,0.4393,4588726611.48,4588978838.73,80.0537,
002114.SZ,罗平锌电,2018-05-22,14.19,14.2,14.02,14.13,1004703,0.3107,4569323961.96,4569575122.71,79.7152,
002114.SZ,罗平锌电,2018-05-23,14.13,14.13,13.92,14.09,1695590,0.5243,4556388862.28,4556639312.03,79.4895,
002114.SZ,罗平锌电,2018-05-24,14.02,14.09,13.9,14.02,1072880,0.3318,4533752437.84,4534001643.34,79.0946,
002114.SZ,罗平锌电,2018-05-25,14,14,13.8,13.9,1283700,0.397,4494947138.8,4495194211.3,78.4176,
002114.SZ,罗平锌电,2018-05-28,13.81,13.88,13.15,13.53,1824700,0.5643,4375297466.76,4375537962.51,76.3302,
002114.SZ,罗平锌电,2018-05-29,13.56,13.7,13.48,13.57,1481281,0.4581,4388232566.44,4388473773.19,76.5559,
002114.SZ,罗平锌电,2018-05-30,13.43,13.49,13.07,13.23,1774100,0.5486,4278284219.16,4278519382.41,74.6378,
002114.SZ,罗平锌电,2018-05-31,13.21,13.35,13.11,13.24,1398281,0.4324,4281517994.08,4281753335.08,74.6942,
002114.SZ,罗平锌电,2018-06-01,13.23,13.34,12.9,13.17,1865059,0.5767,4258881569.64,4259115666.39,74.2993,
002114.SZ,罗平锌电,2018-06-04,13.16,13.16,12.89,13.05,1472103,0.4552,4220076270.6,4220308234.35,73.6223,
002114.SZ,罗平锌电,2018-06-05,13.05,13.22,12.95,13.21,1047951,0.3241,4271816669.32,4272051477.07,74.5249,
002114.SZ,罗平锌电,2018-06-06,13.35,13.45,13.26,13.29,1233000,0.3813,4297686868.68,4297923098.43,74.9763,
002114.SZ,罗平锌电,2018-06-07,13.23,13.32,13.03,13.25,1515479,0.4686,4284751769,4284987287.75,74.7506,
002114.SZ,罗平锌电,2018-06-08,13.11,13.23,12.99,13.13,857201,0.2651,4245946469.96,4246179855.71,74.0736,
002114.SZ,罗平锌电,2018-06-11,13.1,13.15,13.03,13.12,577500,0.1786,4242712695.04,4242945903.04,74.0172,
002114.SZ,罗平锌电,2018-06-12,13.12,13.13,12.95,13.04,655368,0.2027,4216842495.68,4217074281.68,73.5659,
002114.SZ,罗平锌电,2018-06-13,13.03,13.03,12.07,12.16,2106280,0.6513,3932270302.72,3932486446.72,68.6013,
002114.SZ,罗平锌电,2018-06-14,12.11,12.11,11.72,11.8,3944188,1.2197,3815854405.6,3816064150.6,66.5704,
002114.SZ,罗平锌电,2018-06-15,11.74,11.98,10.62,11.98,6406197,1.981,3874062354.16,3874275298.66,67.5858,
002114.SZ,罗平锌电,2018-06-19,11.52,11.98,10.95,11.97,3813969,1.1794,3870828579.24,3871041345.99,67.5294,
002114.SZ,罗平锌电,2018-06-20,11.57,11.94,11.52,11.82,2060373,0.6371,3822321955.44,3822532055.94,66.6832,
002114.SZ,罗平锌电,2018-06-21,11.76,12.7,11.62,11.92,4157827,1.2858,3854659704.64,3854871582.64,67.2473,
002114.SZ,罗平锌电,2018-06-22,10.73,11.6,10.73,11.59,5841341,1.8064,3747945132.28,3748151144.53,65.3856,
002114.SZ,罗平锌电,2018-06-25,10.71,11.25,10.61,10.88,6364510,1.9681,3518347112.96,3518540504.96,61.3801,
002114.SZ,罗平锌电,2018-06-26,10.7,10.84,10.2,10.3,5452731,1.6862,3330788167.6,3330971250.1,58.108,
002114.SZ,罗平锌电,2018-06-27,10.21,10.38,9.27,9.27,7673586,2.3729,2997709350.84,2997874125.09,52.2972,
002114.SZ,罗平锌电,2018-06-28,8.34,8.68,8.34,8.34,10738498,3.3207,2696968283.28,2697116526.78,47.0506,
002114.SZ,罗平锌电,2018-06-29,7.79,8.21,7.74,8.1,9672622,2.9911,2619357685.2,2619501662.7,45.6966,
002114.SZ,罗平锌电,2018-07-02,8.04,8.65,7.9,8.25,9834230,3.0411,2667864309,2668010952.75,46.5428,
002114.SZ,罗平锌电,2018-07-03,8.07,8.34,8.07,8.19,5845711,1.8077,2648461659.48,2648607236.73,46.2043,
002114.SZ,罗平锌电,2018-07-04,8.09,8.86,8.01,8.31,10788389,3.3362,2687266958.52,2687414668.77,46.8813,
002114.SZ,罗平锌电,2018-07-05,8.11,8.55,8.02,8.17,9159700,2.8325,2641994109.64,2642139331.39,46.0915,
002114.SZ,罗平锌电,2018-07-06,8.16,8.44,7.75,8.11,7215003,2.2311,2622591460.12,2622735615.37,45.753,
002114.SZ,罗平锌电,2018-07-09,8.08,8.3,8.08,8.13,5463516,1.6895,2629059009.96,2629203520.71,45.8658,
002114.SZ,罗平锌电,2018-07-10,8.12,8.65,8.12,8.4,10677292,3.3018,2716370932.8,2716520242.8,47.3891,
002114.SZ,罗平锌电,2018-07-11,8.11,8.25,7.59,7.8,11719502,3.6241,2522344437.6,2522483082.6,44.0041,
002114.SZ,罗平锌电,2018-07-12,7.72,8.06,7.61,7.98,6899053,2.1334,2580552386.16,2580694230.66,45.0196,
002114.SZ,罗平锌电,2018-07-13,7.95,8.41,7.9,8.16,10880241,3.3646,2638760334.72,2638905378.72,46.0351,
002114.SZ,罗平锌电,2018-07-16,8.02,8.31,7.93,8.18,8269301,2.5572,2645227884.56,2645373284.06,46.1479,
002114.SZ,罗平锌电,2018-07-17,8.13,8.37,8.12,8.3,6906461,2.1357,2684033183.6,2684180716.1,46.8249,
002114.SZ,罗平锌电,2018-07-18,8.27,8.81,8.27,8.71,12920210,3.9954,2816617955.32,2816772775.57,49.1379,
002114.SZ,罗平锌电,2018-07-19,8.33,9.47,8.32,8.87,19673639,6.0838,2868358354.04,2868516018.29,50.0406,
002114.SZ,罗平锌电,2018-07-20,8.73,8.73,8.19,8.45,15240296,4.7128,2732539807.4,2732690006.15,47.6711,
002114.SZ,罗平锌电,2018-07-23,8.27,8.39,7.93,8.29,10069002,3.1137,2680799408.68,2680946763.43,46.7685,
002114.SZ,罗平锌电,2018-07-24,8.13,8.97,8.1,8.85,15324280,4.7388,2861890804.2,2862048112.95,49.9278,
002114.SZ,罗平锌电,2018-07-25,8.78,9.56,8.63,9.19,18180285,5.622,2971839151.48,2972002503.73,51.8459,
002114.SZ,罗平锌电,2018-07-26,9.08,9.95,8.96,9.77,20654935,6.3873,3159398096.84,3159571758.59,55.118,
002114.SZ,罗平锌电,2018-07-27,9.55,9.83,9.37,9.68,13714500,4.241,3130294122.56,3130466184.56,54.6103,
002114.SZ,罗平锌电,2018-07-30,9.31,9.64,9.25,9.4,9271159,2.867,3039748424.8,3039915509.8,53.0306,
002114.SZ,罗平锌电,2018-07-31,9.35,9.91,9.3,9.91,13242231,4.095,3204670945.72,3204847095.97,55.9078,
002114.SZ,罗平锌电,2018-08-01,9.9,10.5,9.45,9.55,13679289,4.2301,3088255048.6,3088424799.85,53.8769,
002114.SZ,罗平锌电,2018-08-02,9.66,9.88,9.2,9.81,11678313,3.6114,3172333196.52,3172507569.27,55.3437,
002114.SZ,罗平锌电,2018-08-03,9.65,10.49,9.55,10.2,16812403,5.199,3298450418.4,3298631723.4,57.5439,
002114.SZ,罗平锌电,2018-08-06,10.08,10.34,9.8,10,10240392,3.1667,3233774920,3233952670,56.4156,
002114.SZ,罗平锌电,2018-08-07,10.01,10.35,9.82,10.1,10747142,3.3234,3266112669.2,3266292196.7,56.9797,
002114.SZ,罗平锌电,2018-08-08,10.04,10.04,9.35,9.35,11110461,3.4358,3023579550.2,3023745746.45,52.7485,
002114.SZ,罗平锌电,2018-08-09,9.39,9.62,9.25,9.38,8542511,2.6417,3033280874.96,3033447604.46,52.9178,
002114.SZ,罗平锌电,2018-08-10,9.31,9.64,9.26,9.56,6752285,2.0881,3091488823.52,3091658752.52,53.9333,
002114.SZ,罗平锌电,2018-08-13,9.37,9.57,9.21,9.4,5619756,1.7378,3039748424.8,3039915509.8,53.0306,
002114.SZ,罗平锌电,2018-08-14,9.48,9.63,9.41,9.54,5592065,1.7293,3085021273.68,3085190847.18,53.8204,
002114.SZ,罗平锌电,2018-08-15,9.46,9.58,8.9,8.9,7715749,2.386,2878059678.8,2878217876.3,50.2098,
002114.SZ,罗平锌电,2018-08-16,8.7,8.7,8.2,8.41,5726718,1.7709,2719604707.72,2719754195.47,47.4455,
002114.SZ,罗平锌电,2018-08-17,8.33,8.55,8.22,8.22,4032088,1.2469,2658162984.24,2658309094.74,-81.7202,
002114.SZ,罗平锌电,2018-08-20,8.23,8.28,7.7,8.05,5083501,1.572,2603188810.6,2603331899.35,-80.0301,
002114.SZ,罗平锌电,2018-08-21,8.01,8.19,8,8.1,3923802,1.2134,2619357685.2,2619501662.7,-80.5272,
002114.SZ,罗平锌电,2018-08-22,8.09,8.2,7.98,8.01,2758637,0.8531,2590253710.92,2590396088.67,-79.6324,
002114.SZ,罗平锌电,2018-08-23,8,8.1,7.78,7.9,3446914,1.0659,2554682186.8,2554822609.3,-78.5388,
002114.SZ,罗平锌电,2018-08-24,7.89,7.96,7.77,7.87,2981800,0.9221,2544980862.04,2545120751.29,-78.2406,
002114.SZ,罗平锌电,2018-08-27,7.87,8.05,7.84,8.03,2879257,0.8904,2596721260.76,2596863994.01,-79.8313,
002114.SZ,罗平锌电,2018-08-28,8.03,8.83,7.98,8.63,9535313,2.9487,2790747755.96,2790901154.21,-85.7962,
002114.SZ,罗平锌电,2018-08-29,8.47,8.76,8.46,8.53,5898400,1.824,2758410006.76,2758561627.51,-84.8021,
002114.SZ,罗平锌电,2018-08-30,8.56,8.65,8.37,8.59,3910302,1.2092,2777812656.28,2777965343.53,-85.3986,
002114.SZ,罗平锌电,2018-08-31,8.55,8.7,8.31,8.31,3682400,1.1387,2687266958.52,2687414668.77,-82.6149,
002114.SZ,罗平锌电,2018-09-03,8.64,8.64,8.26,8.4,3206110,0.9914,2716370932.8,2716520242.8,-83.5097,
002114.SZ,罗平锌电,2018-09-04,8.3,8.49,8.3,8.42,3103582,0.9597,2722838482.64,2722988148.14,-83.7085,
002114.SZ,罗平锌电,2018-09-05,8.36,8.38,8.01,8.04,4497001,1.3906,2599955035.68,2600097946.68,-79.9307,
002114.SZ,罗平锌电,2018-09-06,8.01,8.16,7.91,8.08,2607916,0.8065,2612890135.36,2613033757.36,-80.3283,
002114.SZ,罗平锌电,2018-09-07,8.06,8.33,8.06,8.19,3206637,0.9916,2648461659.48,2648607236.73,-81.4219,
002114.SZ,罗平锌电,2018-09-10,8.11,8.38,8.03,8.06,3498818,1.082,2606422585.52,2606565852.02,-80.1295,
002114.SZ,罗平锌电,2018-09-11,7.95,8.08,7.88,8,2451116,0.758,2587019936,2587162136,-79.533,
002114.SZ,罗平锌电,2018-09-12,8.06,8.13,7.95,8,2534900,0.7839,2587019936,2587162136,-79.533,
002114.SZ,罗平锌电,2018-09-13,8.08,8.13,7.96,8.06,2371201,0.7333,2606422585.52,2606565852.02,-80.1295,
002114.SZ,罗平锌电,2018-09-14,8.06,8.17,7.99,8.03,2850417,0.8815,2596721260.76,2596863994.01,-79.8313,
002114.SZ,罗平锌电,2018-09-17,8,8,7.29,7.39,4562019,1.4107,2389759665.88,2389891023.13,-73.4686,
002114.SZ,罗平锌电,2018-09-18,7.42,7.55,7.3,7.53,2422311,0.7491,2435032514.76,2435166360.51,-74.8604,
002114.SZ,罗平锌电,2018-09-19,7.45,7.85,7.45,7.8,3520900,1.0888,2522344437.6,2522483082.6,-77.5447,
002114.SZ,罗平锌电,2018-09-20,7.77,8.5,7.72,8.05,7375789,2.2809,2603188810.6,2603331899.35,-80.0301,
002114.SZ,罗平锌电,2018-09-21,8.06,8.18,7.8,8.09,5097751,1.5764,2616123910.28,2616267710.03,-80.4278,
002114.SZ,罗平锌电,2018-09-25,7.98,8.24,7.94,8.04,3157500,0.9764,2599955035.68,2600097946.68,-79.9307,
002114.SZ,罗平锌电,2018-09-26,8,8.14,7.98,8.02,2661362,0.823,2593487485.84,2593630041.34,-79.7318,
002114.SZ,罗平锌电,2018-09-27,8.06,8.06,7.8,7.81,3196183,0.9884,2525578212.52,2525717035.27,-77.6441,
002114.SZ,罗平锌电,2018-09-28,7.83,7.95,7.76,7.94,2156143,0.6668,2567617286.48,2567758419.98,-78.9365,
002114.SZ,罗平锌电,2018-10-08,7.78,8.07,7.75,7.78,3439565,1.0636,2515876887.76,2516015177.26,-77.3458,
002114.SZ,罗平锌电,2018-10-09,7.82,8.23,7.77,8.03,7093051,2.1934,2596721260.76,2596863994.01,-79.8313,
002114.SZ,罗平锌电,2018-10-10,8.09,8.36,8.02,8.09,6552006,2.0261,2616123910.28,2616267710.03,-80.4278,
002114.SZ,罗平锌电,2018-10-11,7.76,7.94,7.28,7.31,7201921,2.2271,2363889466.52,2364019401.77,-72.6733,
002114.SZ,罗平锌电,2018-10-12,7.29,7.4,6.66,7.02,4438408,1.3725,2270109993.84,2270234774.34,-69.7902,
002114.SZ,罗平锌电,2018-10-15,6.99,7.07,6.72,6.74,2674809,0.8271,2179564296.08,2179684099.58,-67.0066,
002114.SZ,罗平锌电,2018-10-16,6.75,6.92,6.58,6.67,2410911,0.7455,2156927871.64,2157046430.89,-66.3106,
002114.SZ,罗平锌电,2018-10-17,6.8,6.81,6.31,6.61,2739509,0.8472,2137525222.12,2137642714.87,-65.7141,
002114.SZ,罗平锌电,2018-10-18,6.59,6.6,6.22,6.4,2179651,0.674,2069615948.8,2069729708.8,-63.6264,
002114.SZ,罗平锌电,2018-10-19,5.99,6.39,5.89,6.33,3025066,0.9355,2046979524.36,2047092040.11,-15.4074,
002114.SZ,罗平锌电,2018-10-22,6.37,6.73,6.35,6.6,4796840,1.4834,2134291447.2,2134408762.2,-16.0645,
002114.SZ,罗平锌电,2018-10-23,6.6,6.72,6.46,6.53,2999768,0.9276,2111655022.76,2111771093.51,-15.8942,
002114.SZ,罗平锌电,2018-10-24,6.5,6.92,6.42,6.89,4727900,1.462,2228070919.88,2228193389.63,-16.7704,
002114.SZ,罗平锌电,2018-10-25,6.6,7.09,6.6,6.88,4871826,1.5065,2224837144.96,2224959436.96,-16.7461,
002114.SZ,罗平锌电,2018-10-26,6.81,7.06,6.8,6.85,4594118,1.4207,2215135820.2,2215257578.95,-16.673,
002114.SZ,罗平锌电,2018-10-29,6.73,6.8,6.55,6.6,2657138,0.8217,2134291447.2,2134408762.2,-16.0645,
002114.SZ,罗平锌电,2018-10-30,6.5,6.75,6.45,6.66,2507900,0.7755,2153694096.72,2153812478.22,-16.2106,
002114.SZ,罗平锌电,2018-10-31,6.65,6.97,6.65,6.84,4023587,1.2442,2211902045.28,2212023626.28,-16.6487,
002114.SZ,罗平锌电,2018-11-01,6.86,6.95,6.81,6.86,3482301,1.0769,2218369595.12,2218491531.62,-16.6974,
002114.SZ,罗平锌电,2018-11-02,7,7.15,6.9,7.03,4101589,1.2684,2273343768.76,2273468727.01,-17.1112,
002114.SZ,罗平锌电,2018-11-05,7.03,7.18,6.97,7.13,3466448,1.072,2305681517.96,2305808253.71,-17.3546,
002114.SZ,罗平锌电,2018-11-06,7.13,7.16,6.88,7.07,2904350,0.8981,2286278868.44,2286404537.69,-17.2085,
002114.SZ,罗平锌电,2018-11-07,7.11,7.42,7.1,7.15,6667325,2.0618,2312149067.8,2312276159.05,-17.4033,
002114.SZ,罗平锌电,2018-11-08,7.15,7.18,7.03,7.03,3267657,1.0105,2273343768.76,2273468727.01,-17.1112,
002114.SZ,罗平锌电,2018-11-09,7,7.08,6.95,6.98,2101198,0.6498,2257174894.16,2257298963.66,-16.9895,
002114.SZ,罗平锌电,2018-11-12,6.99,7.13,6.93,7.12,2847358,0.8805,2302447743.04,2302574301.04,-17.3302,
002114.SZ,罗平锌电,2018-11-13,7.16,7.83,7.14,7.83,12729797,3.9365,2532045762.36,2532184940.61,-19.0584,
002114.SZ,罗平锌电,2018-11-14,8.61,8.61,7.95,8.15,23456631,7.2536,2635526559.8,2635671426.05,-19.8373,
002114.SZ,罗平锌电,2018-11-15,8.01,8.24,7.9,8.17,11778110,3.6422,2641994109.64,2642139331.39,-19.886,
002114.SZ,罗平锌电,2018-11-16,8.09,8.25,8.04,8.12,6792569,2.1005,2625825235.04,2625969568.04,-19.7643,
002114.SZ,罗平锌电,2018-11-19,8.08,8.18,7.92,8.17,5704589,1.7641,2641994109.64,2642139331.39,-19.886,
002114.SZ,罗平锌电,2018-11-20,8.09,8.45,8.01,8.18,7481600,2.3136,2645227884.56,2645373284.06,-19.9103,
002114.SZ,罗平锌电,2018-11-21,8.02,8.29,7.95,8.24,5506967,1.703,2664630534.08,2664777000.08,-20.0563,
002114.SZ,罗平锌电,2018-11-22,8.27,8.56,8.22,8.44,8650000,2.6749,2729306032.48,2729456053.48,-20.5431,
002114.SZ,罗平锌电,2018-11-23,8.46,8.78,7.7,8.01,9417995,2.9124,2590253710.92,2590396088.67,-19.4965,
002114.SZ,罗平锌电,2018-11-26,7.94,8.14,7.69,7.82,4314863,1.3343,2528811987.44,2528950987.94,-19.034,
002114.SZ,罗平锌电,2018-11-27,7.83,7.92,7.74,7.89,2979210,0.9213,2551448411.88,2551588656.63,-19.2044,
002114.SZ,罗平锌电,2018-11-28,7.88,7.97,7.71,7.9,2457420,0.7599,2554682186.8,2554822609.3,-19.2288,
002114.SZ,罗平锌电,2018-11-29,7.92,8.16,7.71,7.71,3733010,1.1544,2493240463.32,2493377508.57,-18.7663,
002114.SZ,罗平锌电,2018-11-30,7.69,7.97,7.52,7.95,3639280,1.1254,2570851061.4,2570992372.65,-19.3505,
002114.SZ,罗平锌电,2018-12-03,8.19,8.19,7.99,8.16,4777100,1.4773,2638760334.72,2638905378.72,-19.8616,
002114.SZ,罗平锌电,2018-12-04,8.15,8.15,7.93,8.11,4679310,1.447,2622591460.12,2622735615.37,-19.7399,
002114.SZ,罗平锌电,2018-12-05,7.92,8.15,7.82,8.11,3945200,1.22,2622591460.12,2622735615.37,-19.7399,
002114.SZ,罗平锌电,2018-12-06,8.08,8.08,7.85,7.85,2421819,0.7489,2538513312.2,2538652845.95,-19.1071,
002114.SZ,罗平锌电,2018-12-07,7.88,7.92,7.66,7.75,1947924,0.6024,2506175563,2506313319.25,-18.8637,
002114.SZ,罗平锌电,2018-12-10,7.7,7.78,7.52,7.57,1630096,0.5041,2447967614.44,2448102171.19,-18.4255,
002114.SZ,罗平锌电,2018-12-11,7.57,7.69,7.54,7.6,1117772,0.3457,2457668939.2,2457804029.2,-18.4986,
002114.SZ,罗平锌电,2018-12-12,7.58,7.72,7.55,7.57,1201723,0.3716,2447967614.44,2448102171.19,-18.4255,
002114.SZ,罗平锌电,2018-12-13,7.62,7.68,7.56,7.66,1656495,0.5122,2477071588.72,2477207745.22,-18.6446,
002114.SZ,罗平锌电,2018-12-14,7.7,7.73,7.22,7.22,2385400,0.7377,2334785492.24,2334913827.74,-17.5736,
002114.SZ,罗平锌电,2018-12-17,7.14,7.31,7.1,7.27,1458543,0.451,2350954366.84,2351083591.09,-17.6953,
002114.SZ,罗平锌电,2018-12-18,7.26,7.34,7.2,7.27,1000400,0.3094,2350954366.84,2351083591.09,-17.6953,
002114.SZ,罗平锌电,2018-12-19,7.28,7.28,6.98,7.04,2125500,0.6573,2276577543.68,2276702679.68,-17.1355,
002114.SZ,罗平锌电,2018-12-20,6.99,7.12,6.99,7.09,1340401,0.4145,2292746418.28,2292872443.03,-17.2572,
002114.SZ,罗平锌电,2018-12-21,7.04,7.12,7.02,7.09,1322500,0.409,2292746418.28,2292872443.03,-17.2572,
002114.SZ,罗平锌电,2018-12-24,7.13,7.19,7.07,7.1,982376,0.3038,2295980193.2,2296106395.7,-17.2816,
002114.SZ,罗平锌电,2018-12-25,7.07,7.24,6.71,6.85,2345695,0.7254,2215135820.2,2215257578.95,-16.673,
002114.SZ,罗平锌电,2018-12-26,6.85,6.88,6.75,6.81,1381400,0.4272,2202200720.52,2202321768.27,-16.5757,
002114.SZ,罗平锌电,2018-12-27,6.89,6.93,6.69,6.79,1629114,0.5038,2195733170.68,2195853862.93,-16.527,
002114.SZ,罗平锌电,2018-12-28,6.78,6.78,6.65,6.66,1595100,0.4933,2153694096.72,2153812478.22,-16.2106,
002114.SZ,罗平锌电,2019-01-02,6.68,6.72,6.58,6.59,969200,0.2997,2131053098.82,2131174809.53,-16.0402,
002114.SZ,罗平锌电,2019-01-03,6.61,6.75,6.5,6.72,1351814,0.418,2173092082.56,2173216194.24,-16.3566,
002114.SZ,罗平锌电,2019-01-04,6.68,7.29,6.62,7.07,3402413,1.0522,2286273961.86,2286404537.69,-17.2085,
002114.SZ,罗平锌电,2019-01-07,7.07,7.78,6.96,7.62,7208597,2.2292,2464131200.76,2464271934.54,-18.5472,
002114.SZ,罗平锌电,2019-01-08,7.55,7.57,7.32,7.37,4479387,1.3852,2383287001.26,2383423117.79,-17.9387,
002114.SZ,罗平锌电,2019-01-09,7.37,7.44,7.23,7.31,3205211,0.9912,2363884393.38,2364019401.77,-17.7927,
002114.SZ,罗平锌电,2019-01-10,7.24,7.5,7.17,7.26,2802001,0.8665,2347715553.48,2347849638.42,-17.671,
002114.SZ,罗平锌电,2019-01-11,7.22,7.77,7.21,7.47,6021832,1.8622,2415624681.06,2415762644.49,-18.1821,
002114.SZ,罗平锌电,2019-01-14,7.53,7.68,7.36,7.44,3160897,0.9775,2405923377.12,2406060786.48,-18.1091,
002114.SZ,罗平锌电,2019-01-15,7.5,7.56,7.25,7.48,2054285,0.6353,2418858449.04,2418996597.16,-18.2065,
002114.SZ,罗平锌电,2019-01-16,7.5,7.74,7.36,7.48,2291500,0.7086,2418858449.04,2418996597.16,-18.2065,
002114.SZ,罗平锌电,2019-01-17,7.48,7.66,7.31,7.41,3193001,0.9874,2396222073.18,2396358928.47,-18.0361,
002114.SZ,罗平锌电,2019-01-18,7.37,7.7,7.37,7.55,4051508,1.2529,2441494824.9,2441634265.85,-18.3769,
002114.SZ,罗平锌电,2019-01-21,7.63,8.13,7.55,7.92,7380010,2.2822,2561144240.16,2561290514.64,-19.2774,
002114.SZ,罗平锌电,2019-01-22,7.83,7.88,7.53,7.58,5118103,1.5827,2451196128.84,2451336123.86,-18.4499,
002114.SZ,罗平锌电,2019-01-23,7.58,7.61,7.37,7.4,3053010,0.9441,2392988305.2,2393124975.8,-18.0118,
002114.SZ,罗平锌电,2019-01-24,7.45,7.51,7.25,7.26,3993218,1.2348,2347715553.48,2347849638.42,-17.671,
002114.SZ,罗平锌电,2019-01-25,7.28,7.33,6.88,6.89,7063501,2.1843,2228066138.22,2228193389.63,-16.7704,
002114.SZ,罗平锌电,2019-01-28,6.91,7.04,6.84,6.97,2621117,0.8105,2253936282.06,2254065010.99,-16.9651,
002114.SZ,罗平锌电,2019-01-29,6.93,6.93,6.55,6.55,5640015,1.7441,2118118026.9,2118238998.85,-15.9428,
002114.SZ,罗平锌电,2019-01-30,6.5,6.64,6.41,6.42,2364083,0.7311,2076079043.16,2076197614.14,-15.6264,
002114.SZ,罗平锌电,2019-01-31,6.41,6.48,6.19,6.21,3898101,1.2054,2008169915.58,2008284608.07,-15.1153,
002114.SZ,罗平锌电,2019-02-01,6.23,6.74,6.23,6.63,3659400,1.1316,2143988170.74,2144110620.21,-16.1376,
002114.SZ,罗平锌电,2019-02-11,6.63,7.29,6.55,7.25,8643963,2.673,2344481785.5,2344615685.75,-17.6467,
002114.SZ,罗平锌电,2019-02-12,7.43,7.43,6.99,7.1,6391183,1.9764,2295975265.8,2296106395.7,-17.2816,
002114.SZ,罗平锌电,2019-02-13,7.03,7.19,6.99,7.08,5551606,1.7168,2289507729.84,2289638490.36,-17.2329,
002114.SZ,罗平锌电,2019-02-14,7.05,7.18,7,7.07,4024100,1.2444,2286273961.86,2286404537.69,-17.2085,
002114.SZ,罗平锌电,2019-02-15,7.08,7.21,7,7.06,3671706,1.1354,2283040193.88,2283170585.02,-17.1842,
002114.SZ,罗平锌电,2019-02-18,7.08,7.25,7.08,7.25,4632506,1.4325,2344481785.5,2344615685.75,-17.6467,
002114.SZ,罗平锌电,2019-02-19,7.28,7.34,7.16,7.31,5425405,1.6777,2363884393.38,2364019401.77,-17.7927,
002114.SZ,罗平锌电,2019-02-20,7.31,7.64,7.25,7.41,7314295,2.2618,2396222073.18,2396358928.47,-18.0361,
002114.SZ,罗平锌电,2019-02-21,7.45,7.75,7.36,7.48,9240317,2.8574,2418858449.04,2418996597.16,-18.2065,
002114.SZ,罗平锌电,2019-02-22,7.49,7.52,7.3,7.52,8816728,2.7265,2431793520.96,2431932407.84,-18.3038,
002114.SZ,罗平锌电,2019-02-25,7.6,8.2,7.54,8.03,14640093,4.5273,2596715687.94,2596863994.01,-10.0742,
002114.SZ,罗平锌电,2019-02-26,8.02,8.62,7.79,8.2,19489490,6.0269,2651689743.6,2651841189.4,-10.2875,
002114.SZ,罗平锌电,2019-02-27,8.08,8.44,8,8.15,12458342,3.8526,2635520903.7,2635671426.05,-10.2248,
002114.SZ,罗平锌电,2019-02-28,8.18,8.5,8.1,8.28,10202953,3.1551,2677559887.44,2677712810.76,-10.3879,
002114.SZ,罗平锌电,2019-03-01,8.28,8.35,8.11,8.33,7398077,2.2878,2693728727.34,2693882574.11,-10.4506,
002114.SZ,罗平锌电,2019-03-04,8.34,8.7,8.26,8.47,14330873,4.4316,2739001479.06,2739157911.49,-10.6262,
002114.SZ,罗平锌电,2019-03-05,8.44,8.7,8.32,8.7,12734452,3.938,2813378142.6,2813538822.9,-10.9148,
002114.SZ,罗平锌电,2019-03-06,8.8,9.1,8.57,8.75,16031316,4.9575,2829546982.5,2829708586.25,-10.9775,
002114.SZ,罗平锌电,2019-03-07,8.7,9.52,8.51,9.1,18942902,5.8578,2942728861.8,2942896929.7,-11.4166,
002114.SZ,罗平锌电,2019-03-08,8.88,8.88,8.19,8.19,15983616,4.9427,2648455975.62,2648607236.73,-10.2749,
002114.SZ,罗平锌电,2019-03-11,8.1,8.44,8.09,8.41,9497401,2.9369,2719598871.18,2719754195.47,-10.5509,
002114.SZ,罗平锌电,2019-03-12,8.56,8.69,8.41,8.54,12018656,3.7166,2761637854.92,2761795580.18,-10.714,
002114.SZ,罗平锌电,2019-03-13,8.82,8.92,8.41,8.45,13209612,4.0849,2732533943.1,2732690006.15,-10.6011,
002114.SZ,罗平锌电,2019-03-14,8.28,8.59,8.1,8.23,6368342,1.9693,2661391047.54,2661543047.41,-10.3251,
002114.SZ,罗平锌电,2019-03-15,8.3,8.48,8.24,8.33,5216060,1.613,2693728727.34,2693882574.11,-10.4506,
002114.SZ,罗平锌电,2019-03-18,8.33,8.54,8.33,8.53,7821339,2.4186,2758404086.94,2758561627.51,-10.7015,
002114.SZ,罗平锌电,2019-03-19,8.52,8.62,8.42,8.59,7003215,2.1657,2777806694.82,2777965343.53,-10.7768,
002114.SZ,罗平锌电,2019-03-20,8.56,8.6,8.34,8.5,6301229,1.9486,2748702783,2748859769.5,-10.6639,
002114.SZ,罗平锌电,2019-03-21,8.55,8.74,8.53,8.65,8311715,2.5703,2797209302.7,2797369059.55,-10.852,
002114.SZ,罗平锌电,2019-03-22,8.69,8.69,8.38,8.58,6014086,1.8598,2774572926.84,2774731390.86,-10.7642,
002114.SZ,罗平锌电,2019-03-25,8.5,8.67,8.26,8.45,4973402,1.538,2732533943.1,2732690006.15,-10.6011,
002114.SZ,罗平锌电,2019-03-26,8.52,8.78,8.29,8.35,8053919,2.4906,2700196263.3,2700350479.45,-10.4757,
002114.SZ,罗平锌电,2019-03-27,8.35,8.42,8.11,8.21,5420701,1.6763,2654923511.58,2655075142.07,-10.3,
002114.SZ,罗平锌电,2019-03-28,8.18,8.18,7.92,7.93,4977209,1.5391,2564378008.14,2564524467.31,-9.9488,
002114.SZ,罗平锌电,2019-03-29,7.89,8.19,7.84,8.19,4441181,1.3734,2648455975.62,2648607236.73,-10.2749,
002114.SZ,罗平锌电,2019-04-01,8.35,8.9,8.26,8.69,10227621,3.1628,2810144374.62,2810304870.23,-10.9022,
002114.SZ,罗平锌电,2019-04-02,8.7,9.19,8.6,9.06,17690972,5.4707,2929793789.88,2929961119.02,-11.3664,
002114.SZ,罗平锌电,2019-04-03,8.97,9.32,8.87,9.2,11960012,3.6985,2975066541.6,2975236456.4,-11.5421,
002114.SZ,罗平锌电,2019-04-04,9.28,9.42,8.96,9.14,12167723,3.7627,2955663933.72,2955832740.38,-11.4668,
002114.SZ,罗平锌电,2019-04-08,9.23,9.33,8.94,9.08,11732601,3.6282,2936261325.84,2936429024.36,-11.3915,
002114.SZ,罗平锌电,2019-04-09,8.96,9.33,8.93,9.01,7192002,2.224,2913624949.98,2913791355.67,-11.3037,
002114.SZ,罗平锌电,2019-04-10,9.09,9.35,8.85,9.28,12586851,3.8923,3000936685.44,3001108077.76,-11.6424,
002114.SZ,罗平锌电,2019-04-11,9.29,9.93,9.13,9.36,16892005,5.2236,3026806829.28,3026979699.12,-11.7428,
002114.SZ,罗平锌电,2019-04-12,9.54,9.6,9.08,9.5,11400798,3.5255,3072079581,3072255036.5,-11.9184,
002114.SZ,罗平锌电,2019-04-15,9.64,9.7,9.26,9.51,12040614,3.7234,3075313348.98,3075488989.17,-11.931,
002114.SZ,罗平锌电,2019-04-16,9.48,10.46,9.35,10.25,32295103,9.9868,3314612179.5,3314801486.75,-12.8594,
002114.SZ,罗平锌电,2019-04-17,9.94,10.37,9.8,10.33,23017662,7.1179,3340482323.34,3340673108.11,-12.9597,
002114.SZ,罗平锌电,2019-04-18,10.17,10.64,10.05,10.17,16697039,5.1633,3288742035.66,3288929865.39,-12.759,
002114.SZ,罗平锌电,2019-04-19,10.2,10.26,9.79,10.08,10672704,3.3004,3259638123.84,3259824291.36,-12.6461,
002114.SZ,罗平锌电,2019-04-22,10.05,10.08,9.5,9.6,9687500,2.9957,3104417260.8,3104594563.2,-12.0439,
002114.SZ,罗平锌电,2019-04-23,9.53,9.75,9.15,9.2,8374075,2.5896,2975066541.6,2975236456.4,-11.5421,
002114.SZ,罗平锌电,2019-04-24,9.18,9.33,9.09,9.21,6427891,1.9877,2978300309.58,2978470409.07,-11.5546,
002114.SZ,罗平锌电,2019-04-25,9.23,9.23,8.5,8.52,9624344,2.9762,2755170318.96,2755327674.84,-10.689,
002114.SZ,罗平锌电,2019-04-26,8.52,8.73,8.45,8.48,5976610,1.8482,2742235247.04,2742391864.16,-10.4598,
002114.SZ,罗平锌电,2019-04-29,8.49,8.54,7.98,8.02,6670346,2.0627,2593481919.96,2593630041.34,-9.8924,
002114.SZ,罗平锌电,2019-04-30,8.05,8.76,7.95,8.71,7110904,2.199,2816611910.58,2816772775.57,-10.7435,
002114.SZ,罗平锌电,2019-05-06,8.41,8.5,7.95,8,7132412,2.2056,2587014384,2587162136,-9.8678,
002114.SZ,罗平锌电,2019-05-07,7.95,8.27,7.95,8.2,4246691,1.3132,2651689743.6,2651841189.4,-10.1145,
002114.SZ,罗平锌电,2019-05-08,8,8.44,7.86,8.34,5227469,1.6165,2696962495.32,2697116526.78,-10.2872,
002114.SZ,罗平锌电,2019-05-09,8.25,8.4,8.1,8.1,4686619,1.4493,2619352063.8,2619501662.7,-9.9911,
002114.SZ,罗平锌电,2019-05-10,8.11,8.35,7.96,8.3,5735502,1.7736,2684027423.4,2684180716.1,-10.2378,
002114.SZ,罗平锌电,2019-05-13,8.2,8.29,8.11,8.17,3088507,0.9551,2641988439.66,2642139331.39,-10.0775,
002114.SZ,罗平锌电,2019-05-14,7.98,8.19,7.96,7.97,3645623,1.1274,2577313080.06,2577460277.99,-9.8308,
002114.SZ,罗平锌电,2019-05-15,8.08,8.16,8.03,8.13,3410573,1.0547,2629053367.74,2629203520.71,-10.0281,
002114.SZ,罗平锌电,2019-05-16,8.13,8.78,8.08,8.46,8986368,2.7789,2735767711.08,2735923958.82,-10.4352,
002114.SZ,罗平锌电,2019-05-17,8.46,8.47,8.01,8.27,8408425,2.6002,2674326119.46,2674478858.09,-10.2008,
002114.SZ,罗平锌电,2019-05-20,8.2,8.5,7.9,8.39,6163765,1.9061,2713131335.22,2713286290.13,-10.3488,
002114.SZ,罗平锌电,2019-05-21,8.48,8.88,8.31,8.71,10406547,3.2181,2816611910.58,2816772775.57,-10.7435,
002114.SZ,罗平锌电,2019-05-22,8.68,8.79,8.4,8.44,6695323,2.0704,2729300175.12,2729456053.48,-10.4105,
002114.SZ,罗平锌电,2019-05-23,8.33,8.41,8.05,8.09,4422391,1.3676,2616118295.82,2616267710.03,-9.9788,
002114.SZ,罗平锌电,2019-05-24,8.09,8.63,8.03,8.2,4443986,1.3742,2651689743.6,2651841189.4,-10.1145,
002114.SZ,罗平锌电,2019-05-27,8.14,8.54,8.14,8.46,4254530,1.3157,2735767711.08,2735923958.82,-10.4352,
002114.SZ,罗平锌电,2019-05-28,8.41,8.59,8.37,8.41,4096024,1.2666,2719598871.18,2719754195.47,-10.3735,
002114.SZ,罗平锌电,2019-05-29,8.41,8.73,8.41,8.58,5969177,1.8459,2774572926.84,2774731390.86,-10.5832,
002114.SZ,罗平锌电,2019-05-30,8.47,9.41,8.47,9.25,17758247,5.4915,2991235381.5,2991406219.75,-11.4096,
002114.SZ,罗平锌电,2019-05-31,9.02,9.6,8.9,9.21,14514895,4.4885,2978300309.58,2978470409.07,-11.3603,
002114.SZ,罗平锌电,2019-06-03,9.14,9.22,8.81,8.89,8163521,2.5245,2874819734.22,2874983923.63,-10.9656,
002114.SZ,罗平锌电,2019-06-04,9.03,9.33,8.86,8.99,8216201,2.5408,2907157414.02,2907323450.33,-11.0889,
002114.SZ,罗平锌电,2019-06-05,9.13,9.31,8.93,9.05,9441973,2.9198,2926560021.9,2926727166.35,-11.1629,
002114.SZ,罗平锌电,2019-06-06,9.05,9.18,8.7,8.79,7433092,2.2986,2842482054.42,2842644396.93,-10.8422,
002114.SZ,罗平锌电,2019-06-10,8.86,9.08,8.66,9.02,7418825,2.2942,2916858717.96,2917025308.34,-11.1259,
002114.SZ,罗平锌电,2019-06-11,9.1,9.53,9.03,9.38,12048602,3.7259,3033274365.24,3033447604.46,-11.57,
002114.SZ,罗平锌电,2019-06-12,9.35,9.83,9.25,9.35,14972752,4.6301,3023573061.3,3023745746.45,-11.533,
002114.SZ,罗平锌电,2019-06-13,9.34,9.77,9.21,9.48,13155470,4.0682,3065612045.04,3065787131.16,-11.6933,
002114.SZ,罗平锌电,2019-06-14,9.59,9.87,9.31,9.46,11369626,3.5159,3059144509.08,3059319225.82,-11.6686,
002114.SZ,罗平锌电,2019-06-17,9.27,9.63,9.1,9.21,8470794,2.6195,2978300309.58,2978470409.07,-11.3603,
002114.SZ,罗平锌电,2019-06-18,9.16,9.38,8.97,9.03,6762629,2.0913,2920092485.94,2920259261.01,-11.1382,
002114.SZ,罗平锌电,2019-06-19,9.22,9.27,8.96,9.01,7206647,2.2286,2913624949.98,2913791355.67,-11.1136,
002114.SZ,罗平锌电,2019-06-20,8.55,8.72,8.15,8.58,15522405,4.8001,2774572926.84,2774731390.86,-10.5832,
002114.SZ,罗平锌电,2019-06-21,8.49,8.74,8.49,8.61,9335568,2.8869,2784274230.78,2784433248.87,-10.6202,
002114.SZ,罗平锌电,2019-06-24,8.58,8.7,8.4,8.47,6068902,1.8767,2739001479.06,2739157911.49,-10.4475,
002114.SZ,罗平锌电,2019-06-25,8.5,8.55,8.21,8.29,5705799,1.7644,2680793655.42,2680946763.43,-10.2255,
002114.SZ,罗平锌电,2019-06-26,8.35,8.4,8.23,8.28,4681409,1.4477,2677559887.44,2677712810.76,-10.2131,
002114.SZ,罗平锌电,2019-06-27,8.28,8.34,8.23,8.31,5318505,1.6447,2687261191.38,2687414668.77,-10.2501,
002114.SZ,罗平锌电,2019-06-28,8.32,8.32,8,8.1,6094249,1.8846,2619352063.8,2619501662.7,-9.9911,
002114.SZ,罗平锌电,2019-07-01,8.21,8.3,8.14,8.3,4571184,1.4136,2684002058.6,2684180716.1,-10.2378,
002114.SZ,罗平锌电,2019-07-02,8.29,8.61,8.24,8.44,6349142,1.9634,2729274382.48,2729456053.48,-10.4105,
002114.SZ,罗平锌电,2019-07-03,8.42,8.44,8.25,8.27,3820401,1.1814,2674300846.34,2674478858.09,-10.2008,
002114.SZ,罗平锌电,2019-07-04,8.25,8.33,8.18,8.23,2380801,0.7362,2661365896.66,2661543047.41,-10.1515,
002114.SZ,罗平锌电,2019-07-05,8.26,8.4,8.15,8.39,3277260,1.0135,2713105695.38,2713286290.13,-10.3488,
002114.SZ,罗平锌电,2019-07-08,8.61,8.61,8.37,8.38,7960002,2.4615,2709871957.96,2710052337.46,-10.3365,
002114.SZ,罗平锌电,2019-07-09,8.25,8.5,8.21,8.49,4215000,1.3034,2745443069.58,2745625816.83,-10.4722,
002114.SZ,罗平锌电,2019-07-10,8.46,8.48,8.35,8.36,2442208,0.7552,2703404483.12,2703584432.12,-10.3118,
002114.SZ,罗平锌电,2019-07-11,8.48,8.5,8.31,8.34,3219700,0.9957,2696937008.28,2697116526.78,-10.2872,
002114.SZ,罗平锌电,2019-07-12,8.32,8.44,8.24,8.38,3247409,1.0042,2709871957.96,2710052337.46,-10.3365,
002114.SZ,罗平锌电,2019-07-15,8.35,8.58,8.18,8.58,7789609,2.4089,2774546706.36,2774731390.86,-10.5832,
002114.SZ,罗平锌电,2019-07-16,8.51,9.44,8.51,9.44,23403573,7.2373,3052648124.48,3052851320.48,-11.644,
002114.SZ,罗平锌电,2019-07-17,9.77,9.77,9,9.04,30004943,9.2787,2923298627.68,2923493213.68,-11.1506,
002114.SZ,罗平锌电,2019-07-18,8.8,9.02,8.69,8.73,13924929,4.3061,2823052767.66,2823240680.91,-10.7682,
002114.SZ,罗平锌电,2019-07-19,8.74,9.05,8.7,8.94,13556818,4.1923,2890961253.48,2891153686.98,-11.0272,
002114.SZ,罗平锌电,2019-07-22,8.78,8.8,8.05,8.16,13115521,4.0558,2638729734.72,2638905378.72,-10.0651,
002114.SZ,罗平锌电,2019-07-23,8.08,8.34,8.08,8.27,5969999,1.8462,2674300846.34,2674478858.09,-10.2008,
002114.SZ,罗平锌电,2019-07-24,8.28,8.4,8.23,8.33,6174749,1.9095,2693703270.86,2693882574.11,-10.2748,
002114.SZ,罗平锌电,2019-07-25,8.35,8.4,8.25,8.27,4735401,1.4644,2674300846.34,2674478858.09,-15.6964,
002114.SZ,罗平锌电,2019-07-26,8.27,8.27,8.16,8.26,3476000,1.0749,2671067108.92,2671244905.42,-15.6774,
002114.SZ,罗平锌电,2019-07-29,8.29,8.38,8.26,8.33,3688801,1.1407,2693703270.86,2693882574.11,-15.8103,
002114.SZ,罗平锌电,2019-07-30,8.32,8.37,8.31,8.31,3590000,1.1102,2687235796.02,2687414668.77,-15.7723,
002114.SZ,罗平锌电,2019-07-31,8.29,8.29,8.17,8.19,3273600,1.0123,2648430946.98,2648607236.73,-15.5445,
002114.SZ,罗平锌电,2019-08-01,8.11,8.18,8.04,8.11,3167383,0.9795,2622561047.62,2622735615.37,-15.3927,
002114.SZ,罗平锌电,2019-08-02,7.95,7.95,7.73,7.84,5251840,1.6241,2535250137.28,2535418893.28,-14.8802,
002114.SZ,罗平锌电,2019-08-05,7.75,7.89,7.75,7.8,3206441,0.9916,2522315187.6,2522483082.6,-14.8043,
002114.SZ,罗平锌电,2019-08-06,7.68,7.69,7.15,7.41,5039401,1.5584,2396199428.22,2396358928.47,-14.0641,
002114.SZ,罗平锌电,2019-08-07,7.4,7.64,7.4,7.54,4409084,1.3635,2438238014.68,2438400313.18,-14.3108,
002114.SZ,罗平锌电,2019-08-08,7.64,7.8,7.52,7.69,4546222,1.4059,2486744075.98,2486909603.23,-14.5955,
002114.SZ,罗平锌电,2019-08-09,7.83,7.89,7.56,7.58,3508100,1.0848,2451172964.36,2451336123.86,-14.3868,
002114.SZ,罗平锌电,2019-08-12,7.58,7.77,7.52,7.69,2137600,0.661,2486744075.98,2486909603.23,-14.5955,
002114.SZ,罗平锌电,2019-08-13,7.6,7.89,7.54,7.72,3274200,1.0125,2496445288.24,2496611461.24,-14.6525,
002114.SZ,罗平锌电,2019-08-14,7.8,7.83,7.65,7.69,2447000,0.7567,2486744075.98,2486909603.23,-14.5955,
002114.SZ,罗平锌电,2019-08-15,7.4,7.66,7.34,7.63,2626400,0.8122,2467341651.46,2467505887.21,-14.4817,
002114.SZ,罗平锌电,2019-08-16,7.63,7.75,7.59,7.71,2537400,0.7847,2493211550.82,2493377508.57,-14.6335,
002114.SZ,罗平锌电,2019-08-19,7.7,7.96,7.65,7.94,5010500,1.5494,2567587511.48,2567758419.98,-15.07,
002114.SZ,罗平锌电,2019-08-20,7.94,8.11,7.9,7.99,4888980,1.5119,2583756198.58,2583928183.33,-15.1649,
002114.SZ,罗平锌电,2019-08-21,7.98,8.08,7.95,7.97,3231600,0.9993,2577288723.74,2577460277.99,-15.127,
002114.SZ,罗平锌电,2019-08-22,8.05,8.05,7.93,8,3177401,0.9826,2586989936,2587162136,-15.1839,
002114.SZ,罗平锌电,2019-08-23,8,8.04,7.8,8.01,2533533,0.7835,2590223673.42,2590396088.67,-15.2029,
002114.SZ,罗平锌电,2019-08-26,7.83,7.9,7.8,7.9,3054710,0.9446,2554652561.8,2554822609.3,-14.9941,
002114.SZ,罗平锌电,2019-08-27,7.91,8.07,7.87,8,3154710,0.9756,2586989936,2587162136,-15.1839,
002114.SZ,罗平锌电,2019-08-28,8.06,8.06,7.91,8.01,1914701,0.5921,2590223673.42,2590396088.67,-15.2029,
002114.SZ,罗平锌电,2019-08-29,8.2,8.35,7.99,8.07,6184800,1.9126,2609626097.94,2609799804.69,-15.3191,
002114.SZ,罗平锌电,2019-08-30,8.06,8.1,7.81,8.01,4872592,1.5068,2590223673.42,2590396088.67,-15.2052,
002114.SZ,罗平锌电,2019-09-02,8.15,8.15,8,8.09,5321708,1.6457,2616093572.78,2616267710.03,-15.3571,
002114.SZ,罗平锌电,2019-09-03,8.06,8.13,8.02,8.12,4190193,1.2958,2625794785.04,2625969568.04,-15.414,
002114.SZ,罗平锌电,2019-09-04,8.09,8.28,8.03,8.27,7217731,2.232,2674300846.34,2674478858.09,-15.6988,
002114.SZ,罗平锌电,2019-09-05,8.46,8.48,8.26,8.29,8674842,2.6826,2680768321.18,2680946763.43,-15.7368,
002114.SZ,罗平锌电,2019-09-06,8.27,8.7,8.27,8.61,11440534,3.5379,2784247918.62,2784433248.87,-16.3442,
002114.SZ,罗平锌电,2019-09-09,8.6,8.72,8.52,8.69,6731919,2.0818,2810117817.98,2810304870.23,-16.4961,
002114.SZ,罗平锌电,2019-09-10,8.69,8.93,8.65,8.75,6074407,1.8784,2829520242.5,2829708586.25,-16.61,
002114.SZ,罗平锌电,2019-09-11,8.76,8.97,8.72,8.76,6519034,2.0159,2832753979.92,2832942538.92,-16.629,
002114.SZ,罗平锌电,2019-09-12,8.87,9.05,8.76,8.82,5767273,1.7835,2852156404.44,2852346254.94,-16.7428,
002114.SZ,罗平锌电,2019-09-16,8.82,9,8.78,8.8,4253412,1.3153,2845688929.6,2845878349.6,-16.7049,
002114.SZ,罗平锌电,2019-09-17,8.89,8.9,8.43,8.5,5529801,1.71,2748676807,2748859769.5,-16.1354,
002114.SZ,罗平锌电,2019-09-18,8.62,8.62,8.41,8.44,3189709,0.9864,2729274382.48,2729456053.48,-16.0215,
002114.SZ,罗平锌电,2019-09-19,8.46,8.52,8.37,8.49,2555501,0.7903,2745443069.58,2745625816.83,-16.1164,
002114.SZ,罗平锌电,2019-09-20,8.5,8.53,8.37,8.39,2418211,0.7478,2713105695.38,2713286290.13,-15.9266,
002114.SZ,罗平锌电,2019-09-23,8.41,8.42,8.16,8.3,2485500,0.7686,2684002058.6,2684180716.1,-15.7557,
002114.SZ,罗平锌电,2019-09-24,8.3,8.35,8.2,8.21,3522300,1.0892,2654898421.82,2655075142.07,-15.5849,
002114.SZ,罗平锌电,2019-09-25,8.16,8.21,8.04,8.07,2774400,0.858,2609626097.94,2609799804.69,-15.3191,
002114.SZ,罗平锌电,2019-09-26,8.09,8.1,7.7,7.78,4228220,1.3075,2515847712.76,2516015177.26,-14.7686,
002114.SZ,罗平锌电,2019-09-27,7.79,7.89,7.72,7.84,2047500,0.6332,2535250137.28,2535418893.28,-14.8825,
002114.SZ,罗平锌电,2019-09-30,7.8,7.9,7.77,7.8,1371800,0.4242,2522315187.6,2522483082.6,-14.8066,
002114.SZ,罗平锌电,2019-10-08,7.8,7.83,7.66,7.68,2211265,0.6838,2483510338.56,2483675650.56,-14.5788,
002114.SZ,罗平锌电,2019-10-09,7.62,7.82,7.61,7.81,2300121,0.7113,2525548925.02,2525717035.27,-14.8256,
002114.SZ,罗平锌电,2019-10-10,7.81,7.93,7.8,7.89,1816492,0.5617,2551418824.38,2551588656.63,-14.9774,
002114.SZ,罗平锌电,2019-10-11,7.95,7.96,7.83,7.93,1968912,0.6089,2564353774.06,2564524467.31,-15.0534,
002114.SZ,罗平锌电,2019-10-14,7.96,8.06,7.9,8,2339600,0.7235,2586989936,2587162136,-15.1863,
002114.SZ,罗平锌电,2019-10-15,7.89,7.99,7.79,7.89,2221322,0.6869,2551418824.38,2551588656.63,-14.9774,
002114.SZ,罗平锌电,2019-10-16,7.86,7.93,7.76,7.78,1756966,0.5433,2515847712.76,2516015177.26,-14.7686,
002114.SZ,罗平锌电,2019-10-17,7.76,7.81,7.7,7.75,1959310,0.6059,2506146500.5,2506313319.25,-14.7117,
002114.SZ,罗平锌电,2019-10-18,7.78,7.81,7.5,7.59,1932910,0.5977,2454406701.78,2454570076.53,-14.408,
002114.SZ,罗平锌电,2019-10-21,7.61,7.73,7.5,7.71,1608890,0.4975,2493211550.82,2493377508.57,-14.6358,
002114.SZ,罗平锌电,2019-10-22,7.71,7.72,7.58,7.65,2028201,0.6272,2473809126.3,2473973792.55,-14.5219,
002114.SZ,罗平锌电,2019-10-23,7.64,7.72,7.55,7.7,1826266,0.5648,2489977813.4,2490143555.9,-14.6168,
002114.SZ,罗平锌电,2019-10-24,7.66,7.67,7.54,7.57,2232225,0.6903,2447939226.94,2448102171.19,-14.37,
002114.SZ,罗平锌电,2019-10-25,7.56,7.62,7.48,7.56,2703261,0.836,2444705489.52,2444868218.52,-14.351,
002114.SZ,罗平锌电,2019-10-28,7.57,7.7,7.55,7.7,2446801,0.7566,2489977813.4,2490143555.9,-21.93,
002114.SZ,罗平锌电,2019-10-29,7.71,7.74,7.62,7.62,1992400,0.6161,2464107914.04,2464271934.54,-21.7021,
002114.SZ,罗平锌电,2019-10-30,7.62,7.65,7.42,7.42,2100120,0.6494,2399433165.64,2399592881.14,-21.1325,
002114.SZ,罗平锌电,2019-10-31,7.42,7.49,7.35,7.38,1591900,0.4923,2386498215.96,2386657070.46,-21.0186,
002114.SZ,罗平锌电,2019-11-01,7.36,7.43,7.28,7.38,1649900,0.5102,2386498215.96,2386657070.46,-21.0186,
002114.SZ,罗平锌电,2019-11-04,7.42,7.42,7.26,7.28,2086000,0.6451,2354160841.76,2354317543.76,-20.7338,
002114.SZ,罗平锌电,2019-11-05,7.28,7.33,7.25,7.28,1519382,0.4699,2354160841.76,2354317543.76,-20.7338,
002114.SZ,罗平锌电,2019-11-06,7.31,7.31,7.14,7.19,1583949,0.4898,2325057204.98,2325211969.73,-20.4774,
002114.SZ,罗平锌电,2019-11-07,7.19,7.26,7.12,7.24,1285500,0.3975,2341225892.08,2341381733.08,-20.6199,
002114.SZ,罗平锌电,2019-11-08,7.28,7.35,7.17,7.19,1287510,0.3981,2325057204.98,2325211969.73,-20.4774,
002114.SZ,罗平锌电,2019-11-11,7.18,7.19,6.9,6.91,2218710,0.6861,2234512557.22,2234661294.97,-19.68,
002114.SZ,罗平锌电,2019-11-12,6.97,6.97,6.71,6.86,1699500,0.5256,2218343870.12,2218491531.62,-19.5376,
002114.SZ,罗平锌电,2019-11-13,6.87,6.87,6.79,6.82,1203600,0.3722,2205408920.44,2205555720.94,-19.4237,
002114.SZ,罗平锌电,2019-11-14,6.81,6.87,6.73,6.82,1078400,0.3335,2205408920.44,2205555720.94,-19.4237,
002114.SZ,罗平锌电,2019-11-15,6.83,7.14,6.8,6.89,2287362,0.7073,2228045082.38,2228193389.63,-19.623,
002114.SZ,罗平锌电,2019-11-18,6.89,7.24,6.76,7.14,3459772,1.0699,2308888517.88,2309042206.38,-20.335,
002114.SZ,罗平锌电,2019-11-19,7.1,7.2,7.05,7.16,1933600,0.5979,2315355992.72,2315510111.72,-20.392,
002114.SZ,罗平锌电,2019-11-20,7.17,7.23,7.09,7.18,2009800,0.6215,2321823467.56,2321978017.06,-20.449,
002114.SZ,罗平锌电,2019-11-21,7.17,7.17,7.01,7.1,1838038,0.5684,2295953568.2,2296106395.7,-20.2211,
002114.SZ,罗平锌电,2019-11-22,7.1,7.19,7.08,7.12,1591200,0.4921,2302421043.04,2302574301.04,-20.2781,
002114.SZ,罗平锌电,2019-11-25,7.12,7.35,7.12,7.3,3452910,1.0678,2360628316.6,2360785449.1,-20.7907,
002114.SZ,罗平锌电,2019-11-26,7.29,7.29,7.12,7.13,1900101,0.5876,2305654780.46,2305808253.71,-20.3066,
002114.SZ,罗平锌电,2019-11-27,7.13,7.18,6.98,7.12,1663000,0.5143,2302421043.04,2302574301.04,-20.2781,
002114.SZ,罗平锌电,2019-11-28,7.05,7.24,7.05,7.14,1283400,0.3969,2308888517.88,2309042206.38,-20.335,
002114.SZ,罗平锌电,2019-11-29,7.23,7.23,7.03,7.08,1035159,0.3201,2289486093.36,2289638490.36,-20.1642,
002114.SZ,罗平锌电,2019-12-02,7.07,7.12,7.02,7.08,610600,0.1888,2289486093.36,2289638490.36,-20.1642,
002114.SZ,罗平锌电,2019-12-03,7.06,7.17,6.95,7.17,1143310,0.3536,2318589730.14,2318744064.39,-20.4205,
002114.SZ,罗平锌电,2019-12-04,7.16,7.23,7.1,7.23,1239697,0.3834,2337992154.66,2338147780.41,-20.5914,
002114.SZ,罗平锌电,2019-12-05,7.17,7.27,7.13,7.22,1429400,0.442,2334758417.24,2334913827.74,-20.5629,
002114.SZ,罗平锌电,2019-12-06,7.22,7.25,7.21,7.23,985422,0.3047,2337992154.66,2338147780.41,-20.5914,
002114.SZ,罗平锌电,2019-12-09,7.25,7.29,7.22,7.23,1121297,0.3467,2337992154.66,2338147780.41,-20.5914,
002114.SZ,罗平锌电,2019-12-10,7.22,7.29,7.17,7.25,1276300,0.3947,2344459629.5,2344615685.75,-20.6483,
002114.SZ,罗平锌电,2019-12-11,7.26,7.3,7.11,7.13,1819300,0.5626,2305654780.46,2305808253.71,-20.3066,
002114.SZ,罗平锌电,2019-12-12,7.11,7.19,7.07,7.09,1169701,0.3617,2292719830.78,2292872443.03,-20.1926,
002114.SZ,罗平锌电,2019-12-13,7.09,7.17,7.09,7.16,1197100,0.3702,2315355992.72,2315510111.72,-20.392,
002114.SZ,罗平锌电,2019-12-16,7.18,7.23,7.1,7.23,2138742,0.6614,2337992154.66,2338147780.41,-20.5914,
002114.SZ,罗平锌电,2019-12-17,7.21,7.44,7.21,7.35,4345314,1.3437,2376797003.7,2376955212.45,-20.9331,
002114.SZ,罗平锌电,2019-12-18,7.33,7.46,7.25,7.46,4418198,1.3663,2412368115.32,2412528691.82,-21.2464,
002114.SZ,罗平锌电,2019-12-19,7.46,7.52,7.38,7.45,2824288,0.8734,2409134377.9,2409294739.15,-21.2179,
002114.SZ,罗平锌电,2019-12-20,7.48,7.65,7.3,7.36,4629048,1.4315,2380030741.12,2380189165.12,-20.9616,
002114.SZ,罗平锌电,2019-12-23,7.36,7.39,7.13,7.13,3826271,1.1832,2305654780.46,2305808253.71,-20.3066,
002114.SZ,罗平锌电,2019-12-24,7.13,7.37,7.11,7.36,3933424,1.2164,2380030741.12,2380189165.12,-20.9616,
002114.SZ,罗平锌电,2019-12-25,7.32,7.45,7.32,7.36,2910312,0.9,2380030741.12,2380189165.12,-20.9616,
002114.SZ,罗平锌电,2019-12-26,7.4,7.67,7.37,7.54,7486453,2.3151,2438238014.68,2438400313.18,-21.4743,
002114.SZ,罗平锌电,2019-12-27,7.61,7.78,7.47,7.58,10316137,3.1902,2451172964.36,2451336123.86,-21.5882,
002114.SZ,罗平锌电,2019-12-30,7.5,7.55,7.3,7.52,5931601,1.8343,2431770539.84,2431932407.84,-21.4173,
002114.SZ,罗平锌电,2019-12-31,7.48,7.53,7.38,7.45,3769001,1.1655,2409261631.35,2409294739.15,-21.2179,
002114.SZ,罗平锌电,2020-01-02,7.52,7.58,7.47,7.53,5121402,1.5837,2435132897.19,2435166360.51,-21.4458,
002114.SZ,罗平锌电,2020-01-03,7.53,7.63,7.48,7.55,3901101,1.2063,2441600713.65,2441634265.85,-21.5027,
002114.SZ,罗平锌电,2020-01-06,7.46,7.67,7.46,7.64,5882629,1.819,2470705887.72,2470739839.88,-21.7591,
002114.SZ,罗平锌电,2020-01-07,7.69,7.77,7.61,7.67,5444303,1.6835,2480407612.41,2480441697.89,-21.8445,
002114.SZ,罗平锌电,2020-01-08,7.68,7.78,7.56,7.6,5837005,1.8049,2457770254.8,2457804029.2,-21.6451,
002114.SZ,罗平锌电,2020-01-09,7.63,7.71,7.59,7.62,4547667,1.4062,2464238071.26,2464271934.54,-21.7021,
002114.SZ,罗平锌电,2020-01-10,7.61,7.68,7.48,7.51,4277791,1.3228,2428665080.73,2428698455.17,-21.3888,
002114.SZ,罗平锌电,2020-01-13,7.5,7.54,7.41,7.52,2850313,0.8814,2431898988.96,2431932407.84,-21.4173,
002114.SZ,罗平锌电,2020-01-14,7.51,7.66,7.48,7.63,4940948,1.5279,2467471979.49,2467505887.21,-21.7306,
002114.SZ,罗平锌电,2020-01-15,7.6,7.62,7.41,7.46,3540700,1.0949,2412495539.58,2412528691.82,-21.2464,
002114.SZ,罗平锌电,2020-01-16,7.45,7.49,7.41,7.42,2192532,0.678,2399559906.66,2399592881.14,-21.1325,
002114.SZ,罗平锌电,2020-01-17,7.43,7.47,7.31,7.32,2686420,0.8307,2367220824.36,2367253354.44,-20.8477,
002114.SZ,罗平锌电,2020-01-20,7.32,7.32,7.22,7.29,2275630,0.7037,2357519099.67,2357551496.43,-20.7623,
002114.SZ,罗平锌电,2020-01-21,7.27,7.28,7.1,7.12,3009344,0.9306,2302542659.76,2302574301.04,-20.2781,
002114.SZ,罗平锌电,2020-01-22,7.16,7.25,7.13,7.23,2650266,0.8195,2338115650.29,2338147780.41,-20.5914,
002114.SZ,罗平锌电,2020-01-23,7.2,7.27,7.05,7.15,2977692,0.9208,2312244384.45,2312276159.05,-20.3635,
002114.SZ,罗平锌电,2020-02-03,6.44,6.5,6.44,6.44,4631622,1.4322,2082636900.12,2082665519.48,-18.3414,
002114.SZ,罗平锌电,2020-02-04,6.4,6.66,6.18,6.61,3940041,1.2184,2137613340.03,2137642714.87,-18.8256,
002114.SZ,罗平锌电,2020-02-05,6.59,6.87,6.59,6.71,3974363,1.229,2169952422.33,2169982241.57,-19.1104,
002114.SZ,罗平锌电,2020-02-06,6.71,6.73,6.6,6.72,3419110,1.0573,2173186330.56,2173216194.24,-19.1389,
002114.SZ,罗平锌电,2020-02-07,6.72,6.74,6.63,6.72,2698300,0.8344,2173186330.56,2173216194.24,-19.1389,
002114.SZ,罗平锌电,2020-02-10,6.68,6.84,6.62,6.82,2887441,0.8929,2205525412.86,2205555720.94,-19.4237,
002114.SZ,罗平锌电,2020-02-11,6.81,6.86,6.74,6.75,2431440,0.7519,2182888055.25,2182918052.25,-19.2243,
002114.SZ,罗平锌电,2020-02-12,6.7,6.93,6.7,6.88,3887003,1.202,2224928862.24,2224959436.96,-19.5946,
002114.SZ,罗平锌电,2020-02-13,6.88,7.05,6.85,6.92,4614101,1.4268,2237864495.16,2237895247.64,-19.7085,
002114.SZ,罗平锌电,2020-02-14,6.94,7.29,6.9,7.12,6191132,1.9144,2302542659.76,2302574301.04,-20.2781,
002114.SZ,罗平锌电,2020-02-17,7.05,7.27,7.01,7.23,5924463,1.832,2338115650.29,2338147780.41,-20.5914,
002114.SZ,罗平锌电,2020-02-18,7.23,7.28,7.13,7.21,4960675,1.534,2331647833.83,2331679875.07,-20.5344,
002114.SZ,罗平锌电,2020-02-19,7.2,7.25,7.11,7.12,3387581,1.0475,2302542659.76,2302574301.04,-20.2781,
002114.SZ,罗平锌电,2020-02-20,7.12,7.25,7.11,7.21,4436310,1.3718,2331647833.83,2331679875.07,-20.5344,
002114.SZ,罗平锌电,2020-02-21,7.29,7.38,7.21,7.24,4631501,1.4322,2341349558.52,2341381733.08,-20.6199,
002114.SZ,罗平锌电,2020-02-24,7.17,7.18,7.03,7.13,5357355,1.6566,2305776567.99,2305808253.71,-20.3066,
002114.SZ,罗平锌电,2020-02-25,7.01,7.07,6.8,6.98,4479209,1.3851,2257267944.54,2257298963.66,-19.8794,
002114.SZ,罗平锌电,2020-02-26,7.17,7.18,6.99,7.02,4019841,1.243,2270203577.46,2270234774.34,-19.9933,
002114.SZ,罗平锌电,2020-02-27,7.1,7.1,6.99,7.03,3706301,1.1461,2273437485.69,2273468727.01,93.2303,
002114.SZ,罗平锌电,2020-02-28,6.83,6.95,6.6,6.64,4830859,1.4938,2147315064.72,2147344572.88,88.0582,
002114.SZ,罗平锌电,2020-03-02,6.65,6.93,6.65,6.87,3080022,0.9524,2221694954.01,2221725484.29,91.1084,
002114.SZ,罗平锌电,2020-03-03,6.97,7.16,6.91,7.05,5597580,1.7309,2279905302.15,2279936632.35,93.4955,
002114.SZ,罗平锌电,2020-03-04,6.99,7.28,6.93,7.24,7012330,2.1684,2341349558.52,2341381733.08,96.0153,
002114.SZ,罗平锌电,2020-03-05,7.24,7.39,7.12,7.32,9071324,2.8051,2367220824.36,2367253354.44,97.0762,
002114.SZ,罗平锌电,2020-03-06,7.27,7.7,7.21,7.54,12344246,3.8171,2438366805.42,2438400313.18,99.9938,
002114.SZ,罗平锌电,2020-03-09,7.33,7.8,7.25,7.66,11873822,3.6717,2477173704.18,2477207745.22,101.5852,
002114.SZ,罗平锌电,2020-03-10,7.56,7.75,7.42,7.72,10969224,3.3919,2496577153.56,2496611461.24,102.3809,
002114.SZ,罗平锌电,2020-03-11,7.73,7.74,7.38,7.38,8815932,2.7261,2386624273.74,2386657070.46,97.8719,
002114.SZ,罗平锌电,2020-03-12,7.23,7.35,7.03,7.08,6604727,2.0423,2289607026.84,2289638490.36,93.8934,
002114.SZ,罗平锌电,2020-03-13,6.75,6.98,6.66,6.94,6241632,1.9301,2244332311.62,2244363152.98,92.0367,
002114.SZ,罗平锌电,2020-03-16,7,7.02,6.71,6.74,4751441,1.4693,2179654147.02,2179684099.58,89.3844,
002114.SZ,罗平锌电,2020-03-17,6.82,6.85,6.08,6.59,8161035,2.5236,2131145523.57,2131174809.53,83.3616,
002114.SZ,罗平锌电,2020-03-18,6.66,6.88,6.53,6.53,4869823,1.5059,2111742074.19,2111771093.51,82.6026,
002114.SZ,罗平锌电,2020-03-19,6.6,6.65,6.4,6.61,4011003,1.2403,2137613340.03,2137642714.87,83.6146,
002114.SZ,罗平锌电,2020-03-20,6.65,6.8,6.63,6.74,3126500,0.9668,2179654147.02,2179684099.58,85.259,
002114.SZ,罗平锌电,2020-03-23,6.53,6.85,6.53,6.68,3587601,1.1094,2160250697.64,2160280383.56,84.5001,
002114.SZ,罗平锌电,2020-03-24,6.82,6.97,6.79,6.9,5135100,1.5879,2231396678.7,2231427342.3,87.283,
002114.SZ,罗平锌电,2020-03-25,6.97,7.05,6.9,6.99,3940322,1.2184,2260501852.77,2260532916.33,88.4215,
002114.SZ,罗平锌电,2020-03-26,7,7.14,6.78,6.93,4357222,1.3474,2241098403.39,2241129200.31,87.6625,
002114.SZ,罗平锌电,2020-03-27,6.95,7.03,6.83,6.96,3460100,1.0699,2250800128.08,2250831058.32,88.042,
002114.SZ,罗平锌电,2020-03-30,6.87,6.87,6.73,6.77,2706000,0.8368,2189355871.71,2189385957.59,85.6385,
002114.SZ,罗平锌电,2020-03-31,6.82,7.03,6.7,6.96,3647610,1.1279,2250800128.08,2250831058.32,88.042,
002114.SZ,罗平锌电,2020-04-01,6.9,7.3,6.87,7.12,6419228,1.985,2302542659.76,2302574301.04,90.0659,
002114.SZ,罗平锌电,2020-04-02,7,7.18,7,7.16,5125102,1.5848,2315478292.68,2315510111.72,90.5719,
002114.SZ,罗平锌电,2020-04-03,7.2,7.24,6.9,6.9,4991401,1.5435,2231396678.7,2231427342.3,87.283,
002114.SZ,罗平锌电,2020-04-07,6.96,7.15,6.96,7.12,4607811,1.4248,2302542659.76,2302574301.04,90.0659,
002114.SZ,罗平锌电,2020-04-08,7.12,7.35,7.07,7.26,5884308,1.8196,2347817374.98,2347849638.42,91.8369,
002114.SZ,罗平锌电,2020-04-09,7.29,7.39,7.19,7.2,4692600,1.4511,2328413925.6,2328445922.4,91.0779,
002114.SZ,罗平锌电,2020-04-10,7.28,7.29,7.01,7.04,4361201,1.3486,2276671393.92,2276702679.68,89.054,
002114.SZ,罗平锌电,2020-04-13,6.99,7.01,6.8,6.83,2820200,0.8721,2208759321.09,2208789673.61,86.3975,
002114.SZ,罗平锌电,2020-04-14,6.86,7.01,6.86,6.99,2456851,0.7597,2260501852.77,2260532916.33,88.4215,
002114.SZ,罗平锌电,2020-04-15,6.88,6.98,6.67,6.71,5465996,1.6902,2169952422.33,2169982241.57,84.8796,
002114.SZ,罗平锌电,2020-04-16,6.7,6.73,6.48,6.7,2567550,0.7939,2166718514.1,2166748288.9,84.7531,
002114.SZ,罗平锌电,2020-04-17,6.68,6.73,6.63,6.7,2830500,0.8753,2166718514.1,2166748288.9,84.7531,
002114.SZ,罗平锌电,2020-04-20,6.7,6.71,6.55,6.66,2941800,0.9097,2153782881.18,2153812478.22,84.2471,
002114.SZ,罗平锌电,2020-04-21,6.62,6.62,6.48,6.58,2792602,0.8635,2127911615.34,2127940856.86,83.2351,
002114.SZ,罗平锌电,2020-04-22,6.51,6.63,6.46,6.6,2190180,0.6773,2134379431.8,2134408762.2,83.4881,
002114.SZ,罗平锌电,2020-04-23,6.6,6.73,6.6,6.62,2772000,0.8572,2140847248.26,2140876667.54,83.7411,
002114.SZ,罗平锌电,2020-04-24,6.64,6.68,6.51,6.56,2050900,0.6342,2121443798.88,2121472951.52,82.9821,
002114.SZ,罗平锌电,2020-04-27,6.61,6.62,6.43,6.44,1841010,0.5693,2082636900.12,2082665519.48,81.4641,
002114.SZ,罗平锌电,2020-04-28,6.44,6.44,5.92,6.15,4343799,1.3432,1988853561.45,1988880892.05,-27.2752,
002114.SZ,罗平锌电,2020-04-29,6.08,6.17,6.03,6.06,2189402,0.677,1959748387.38,1959775318.02,-26.8761,
002114.SZ,罗平锌电,2020-04-30,6.06,6.15,6.06,6.14,1873861,0.5794,1985619653.22,1985646939.38,-27.2309,
002114.SZ,罗平锌电,2020-05-06,6.15,6.22,6.02,6.21,2035714,0.6295,2008257010.83,2008284608.07,-27.5413,
002114.SZ,罗平锌电,2020-05-07,6.23,6.26,6.13,6.15,2131290,0.659,1988853561.45,1988880892.05,-27.2752,
002114.SZ,罗平锌电,2020-05-08,6.17,6.21,6.11,6.17,1874196,0.5795,1995321377.91,1995348797.39,-27.3639,
002114.SZ,罗平锌电,2020-05-11,6.19,6.21,6.07,6.12,1995000,0.6169,1979151836.76,1979179034.04,-27.1422,
002114.SZ,罗平锌电,2020-05-12,6.12,6.12,5.99,6.03,2208487,0.6829,1950046662.69,1950073460.01,-26.743,
002114.SZ,罗平锌电,2020-05-13,6.02,6.14,5.97,6.1,1812099,0.5603,1972684020.3,1972711128.7,-27.0535,
002114.SZ,罗平锌电,2020-05-14,6.11,6.11,5.99,6.01,1674400,0.5178,1943578846.23,1943605554.67,-26.6543,
002114.SZ,罗平锌电,2020-05-15,6.03,6.08,6,6.05,1282137,0.3965,1956514479.15,1956541365.35,-26.8317,
002114.SZ,罗平锌电,2020-05-18,6.02,6.21,6.02,6.14,3140196,0.971,1985619653.22,1985646939.38,-27.2309,
002114.SZ,罗平锌电,2020-05-19,6.16,6.19,6.02,6.06,2884404,0.8919,1959748387.38,1959775318.02,-26.8761,
002114.SZ,罗平锌电,2020-05-20,6.05,6.1,5.98,5.98,2353509,0.7278,1933877121.54,1933903696.66,-26.5213,
002114.SZ,罗平锌电,2020-05-21,6.01,6.07,5.97,6,1393594,0.4309,1940344938,1940371602,-26.61,
002114.SZ,罗平锌电,2020-05-22,5.98,6.04,5.8,5.86,2326700,0.7195,1895070222.78,1895096264.62,-25.9891,
002114.SZ,罗平锌电,2020-05-25,5.86,5.89,5.77,5.85,1589600,0.4915,1891836314.55,1891862311.95,-25.9447,
002114.SZ,罗平锌电,2020-05-26,5.88,5.89,5.81,5.89,1712868,0.5297,1904771947.47,1904798122.63,-26.1221,
002114.SZ,罗平锌电,2020-05-27,5.89,6.03,5.86,5.97,2230223,0.6896,1930643213.31,1930669743.99,-26.4769,
002114.SZ,罗平锌电,2020-05-28,5.96,6.46,5.95,6.25,5754397,1.7794,2021192643.75,2021220418.75,-27.7187,
002114.SZ,罗平锌电,2020-05-29,6.15,6.35,6.09,6.25,4830773,1.4938,2021192643.75,2021220418.75,-27.7187,
002114.SZ,罗平锌电,2020-06-01,6.17,6.28,6.17,6.26,3200000,0.9895,2024426551.98,2024454371.42,-27.7631,
002114.SZ,罗平锌电,2020-06-02,6.26,6.29,6.23,6.26,2573918,0.7959,2024426551.98,2024454371.42,-27.7631,
002114.SZ,罗平锌电,2020-06-03,6.26,6.29,6.17,6.17,2093100,0.6472,1995321377.91,1995348797.39,-27.3639,
002114.SZ,罗平锌电,2020-06-04,6.18,6.23,6.14,6.17,1454100,0.4496,1995321377.91,1995348797.39,-27.3639,
002114.SZ,罗平锌电,2020-06-05,6.18,6.2,6.1,6.19,1519199,0.4698,2001789194.37,2001816702.73,-27.4526,
002114.SZ,罗平锌电,2020-06-08,6.2,6.29,6.16,6.18,2544300,0.7868,1998555286.14,1998582750.06,-27.4083,
002114.SZ,罗平锌电,2020-06-09,6.19,6.19,6.14,6.15,1528701,0.4727,1988853561.45,1988880892.05,-27.2752,
002114.SZ,罗平锌电,2020-06-10,6.16,6.17,6.06,6.07,1489017,0.4604,1962982295.61,1963009270.69,-26.9204,
002114.SZ,罗平锌电,2020-06-11,6.07,6.15,6.03,6.07,1332200,0.4119,1962982295.61,1963009270.69,-26.9204,
002114.SZ,罗平锌电,2020-06-12,5.98,6.32,5.93,6.26,4348743,1.3447,2024426551.98,2024454371.42,-27.7631,
002114.SZ,罗平锌电,2020-06-15,6.19,6.44,6.18,6.41,6192938,1.915,2072935175.43,2072963661.47,-28.4283,
002114.SZ,罗平锌电,2020-06-16,6.38,6.6,6.35,6.54,4972901,1.5377,2114975982.42,2115005046.18,-29.0049,
002114.SZ,罗平锌电,2020-06-17,6.58,6.58,6.4,6.43,2548200,0.788,2079402991.89,2079431566.81,-28.517,
002114.SZ,罗平锌电,2020-06-18,6.43,6.48,6.32,6.42,1969601,0.609,2076169083.66,2076197614.14,-28.4727,
002114.SZ,罗平锌电,2020-06-19,6.42,6.46,6.36,6.4,1584101,0.4898,2069701267.2,2069729708.8,-28.384,
002114.SZ,罗平锌电,2020-06-22,6.42,6.66,6.41,6.52,5091427,1.5744,2108508165.96,2108537140.84,-28.9162,
002114.SZ,罗平锌电,2020-06-23,6.57,7.02,6.57,6.85,9471951,2.9289,2215227137.55,2215257578.95,-30.3797,
002114.SZ,罗平锌电,2020-06-24,7.03,7.03,6.71,6.94,7795800,2.4106,2244332311.62,2244363152.98,-30.7789,
002114.SZ,罗平锌电,2020-06-29,6.95,7.03,6.77,6.99,3944252,1.2197,2260501852.77,2260532916.33,-31.0006,
002114.SZ,罗平锌电,2020-06-30,7,7.1,6.85,7,4041855,1.2498,2263735761,2263766869,-31.045,
002114.SZ,罗平锌电,2020-07-01,7.08,7.08,6.79,6.85,3879502,1.1996,2215227137.55,2215257578.95,-30.3797,
002114.SZ,罗平锌电,2020-07-02,6.84,6.96,6.78,6.87,3113527,0.9628,2221694954.01,2221725484.29,-30.4684,
002114.SZ,罗平锌电,2020-07-03,6.97,7.49,6.97,7.38,18888237,5.8407,2386624273.74,2386657070.46,-32.7303,
002114.SZ,罗平锌电,2020-07-06,7.38,7.89,7.22,7.61,21324654,6.5941,2461004163.03,2461037981.87,-33.7503,
002114.SZ,罗平锌电,2020-07-07,7.58,7.67,7.27,7.31,15822091,4.8926,2363986916.13,2364019401.77,-32.4198,
002114.SZ,罗平锌电,2020-07-08,7.35,7.58,7.2,7.42,10911366,3.374,2399559906.66,2399592881.14,-32.9076,
002114.SZ,罗平锌电,2020-07-09,7.52,7.7,7.38,7.66,15184163,4.6953,2477173704.18,2477207745.22,-33.972,
002114.SZ,罗平锌电,2020-07-10,7.56,7.58,7.35,7.35,8982559,2.7776,2376922549.05,2376955212.45,-32.5972,
002114.SZ,罗平锌电,2020-07-13,7.42,7.88,7.4,7.76,15178383,4.6935,2509512786.48,2509547271.92,-34.4156,
002114.SZ,罗平锌电,2020-07-14,7.7,8.1,7.64,8.01,14114352,4.3645,2590360492.23,2590396088.67,-35.5243,
002114.SZ,罗平锌电,2020-07-15,7.84,7.96,7.27,7.32,11842455,3.662,2367220824.36,2367253354.44,-32.4641,
002114.SZ,罗平锌电,2020-07-16,7.29,7.47,6.91,6.93,6098500,1.8858,2241098403.39,2241129200.31,-30.7345,
002114.SZ,罗平锌电,2020-07-17,6.93,7,6.8,6.92,3798101,1.1745,2237864495.16,2237895247.64,-30.6902,
002114.SZ,罗平锌电,2020-07-20,6.96,7.27,6.95,7.24,4623601,1.4297,2341349558.52,2341381733.08,-32.1094,
002114.SZ,罗平锌电,2020-07-21,7.26,7.38,7.09,7.26,3511702,1.0859,2347817374.98,2347849638.42,-32.1981,
002114.SZ,罗平锌电,2020-07-22,7.38,7.44,7.14,7.2,5376211,1.6625,2328413925.6,2328445922.4,-31.932,
002114.SZ,罗平锌电,2020-07-23,7.11,7.17,7,7.1,4773103,1.476,2296074843.3,2296106395.7,-31.4885,
002114.SZ,罗平锌电,2020-07-24,7.07,7.18,6.75,6.83,4719601,1.4594,2208759321.09,2208789673.61,-30.291,
002114.SZ,罗平锌电,2020-07-27,6.83,6.96,6.7,6.88,2885129,0.8921,2224928862.24,2224959436.96,-30.5128,
002114.SZ,罗平锌电,2020-07-28,6.99,7.34,6.93,7.01,6655313,2.058,2266969669.23,2267000821.67,-31.0893,
002114.SZ,罗平锌电,2020-07-29,6.93,7.11,6.87,7.09,4972305,1.5376,2292840935.07,2292872443.03,-31.4441,
002114.SZ,罗平锌电,2020-07-30,7.13,7.18,7.04,7.05,3719200,1.1501,2279905302.15,2279936632.35,-31.2667,
002114.SZ,罗平锌电,2020-07-31,7.01,7.21,7.01,7.16,4518803,1.3973,2315478292.68,2315510111.72,-31.7546,
002114.SZ,罗平锌电,2020-08-03,7.19,7.34,7.16,7.32,5647852,1.7464,2367220824.36,2367253354.44,-32.4641,
002114.SZ,罗平锌电,2020-08-04,7.31,7.39,7.21,7.32,5507414,1.703,2367220824.36,2367253354.44,-32.4641,
002114.SZ,罗平锌电,2020-08-05,7.33,7.38,7.18,7.36,6229710,1.9264,2380156457.28,2380189165.12,-32.6416,
002114.SZ,罗平锌电,2020-08-06,7.35,7.59,7.31,7.54,9964953,3.0814,2438366805.42,2438400313.18,-33.4398,
002114.SZ,罗平锌电,2020-08-07,7.53,7.53,7.2,7.26,6058927,1.8736,2347817374.98,2347849638.42,-32.1981,
002114.SZ,罗平锌电,2020-08-10,7.29,7.29,7.05,7.17,4958227,1.5332,2318712200.91,2318744064.39,-31.7989,
002114.SZ,罗平锌电,2020-08-11,7.2,7.27,6.87,6.91,4855381,1.5014,2234630586.93,2234661294.97,-30.6458,
002114.SZ,罗平锌电,2020-08-12,6.88,6.99,6.77,6.92,4071302,1.2589,2237864495.16,2237895247.64,-30.6902,
002114.SZ,罗平锌电,2020-08-13,6.93,7.11,6.92,7.05,3029801,0.9369,2279905302.15,2279936632.35,-31.2667,
002114.SZ,罗平锌电,2020-08-14,7.05,7.1,6.93,7.05,2045700,0.6326,2279905302.15,2279936632.35,-31.2667,
002114.SZ,罗平锌电,2020-08-17,7,7.2,6.98,7.18,2964027,0.9165,2321946109.14,2321978017.06,-31.8433,
002114.SZ,罗平锌电,2020-08-18,7.19,7.3,7.12,7.18,3599421,1.113,2321946109.14,2321978017.06,-17.3621,
002114.SZ,罗平锌电,2020-08-19,7.1,7.17,7.02,7.05,3583201,1.108,2279905302.15,2279936632.35,-17.0477,
002114.SZ,罗平锌电,2020-08-20,6.99,7.08,6.92,6.93,3050417,0.9433,2241098403.39,2241129200.31,-16.7575,
002114.SZ,罗平锌电,2020-08-21,6.98,7.05,6.93,6.96,2362100,0.7304,2250800128.08,2250831058.32,-16.8301,
002114.SZ,罗平锌电,2020-08-24,6.98,6.98,6.72,6.84,3884501,1.2012,2211993229.32,2212023626.28,-16.5399,
002114.SZ,罗平锌电,2020-08-25,6.84,6.89,6.6,6.62,5486002,1.6964,2140847248.26,2140876667.54,-16.0079,
002114.SZ,罗平锌电,2020-08-26,6.66,6.77,6.58,6.65,5450804,1.6855,2150548972.95,2150578525.55,-16.0805,
002114.SZ,罗平锌电,2020-08-27,6.65,6.88,6.61,6.81,4034980,1.2477,2202291504.63,2202321768.27,-16.4674,
002114.SZ,罗平锌电,2020-08-28,6.82,6.93,6.74,6.93,3416726,1.0565,2241098403.39,2241129200.31,-16.7575,
002114.SZ,罗平锌电,2020-08-31,6.95,6.98,6.85,6.91,3393800,1.0494,2234630586.93,2234661294.97,-16.7092,
002114.SZ,罗平锌电,2020-09-01,6.94,7.18,6.82,7.18,6298174,1.9475,2321946109.14,2321978017.06,-17.3621,
002114.SZ,罗平锌电,2020-09-02,7.89,7.9,7.1,7.28,25477228,7.8782,2354285191.44,2354317543.76,-17.6039,
002114.SZ,罗平锌电,2020-09-03,6.81,6.9,6.7,6.7,13364053,4.1325,2166718514.1,2166748288.9,-16.2014,
002114.SZ,罗平锌电,2020-09-04,6.5,6.65,6.36,6.6,7434687,2.299,2134379431.8,2134408762.2,-15.9596,
002114.SZ,罗平锌电,2020-09-07,6.6,6.72,6.54,6.57,7994399,2.4721,2124677707.11,2124706904.19,-15.887,
002114.SZ,罗平锌电,2020-09-08,6.57,6.72,6.51,6.68,3775639,1.1675,2160250697.64,2160280383.56,-16.153,
002114.SZ,罗平锌电,2020-09-09,6.65,6.72,6.51,6.57,4579900,1.4162,2124677707.11,2124706904.19,-15.887,
002114.SZ,罗平锌电,2020-09-10,6.55,6.63,6.25,6.25,4763635,1.473,2021192643.75,2021220418.75,-15.1132,
002114.SZ,罗平锌电,2020-09-11,6.15,6.3,6.15,6.22,2821249,0.8724,2011490919.06,2011518560.74,-15.0407,
002114.SZ,罗平锌电,2020-09-14,6.22,6.4,6.18,6.2,2872706,0.8883,2005023102.6,2005050655.4,-14.9923,
002114.SZ,罗平锌电,2020-09-15,6.21,6.23,6.03,6.1,3678261,1.1374,1972684020.3,1972711128.7,-14.7505,
002114.SZ,罗平锌电,2020-09-16,6.11,6.12,5.97,6.01,2845913,0.88,1943578846.23,1943605554.67,-14.5329,
002114.SZ,罗平锌电,2020-09-17,6.01,6.15,5.98,6.11,3053400,0.9442,1975917928.53,1975945081.37,-14.7747,
002114.SZ,罗平锌电,2020-09-18,6.13,6.38,6.09,6.35,4014190,1.2413,2053531726.05,2053559945.45,-15.355,
002114.SZ,罗平锌电,2020-09-21,6.32,6.34,6.2,6.22,2842020,0.8788,2011490919.06,2011518560.74,-15.0407,
002114.SZ,罗平锌电,2020-09-22,6.15,6.2,6.1,6.1,1864701,0.5766,1972684020.3,1972711128.7,-14.7505,
002114.SZ,罗平锌电,2020-09-23,6.16,6.19,6.1,6.14,1509610,0.4668,1985619653.22,1985646939.38,-14.8472,
002114.SZ,罗平锌电,2020-09-24,6.1,6.1,6.01,6.03,1510805,0.4672,1950046662.69,1950073460.01,-14.5812,
002114.SZ,罗平锌电,2020-09-25,6.03,6.1,6,6.08,1203295,0.3721,1966216203.84,1966243223.36,-14.7021,
002114.SZ,罗平锌电,2020-09-28,6.07,6.12,6.01,6.03,1210610,0.3743,1950046662.69,1950073460.01,-14.5812,
002114.SZ,罗平锌电,2020-09-29,6.08,6.09,6.01,6.02,1512072,0.4676,1946812754.46,1946839507.34,-14.5571,
002114.SZ,罗平锌电,2020-09-30,6.02,6.02,5.86,5.93,2694095,0.8331,1917707580.39,1917733933.31,-14.3394,
002114.SZ,罗平锌电,2020-10-09,6.01,6.16,5.98,6.12,2455291,0.7592,1979151836.76,1979179034.04,-14.7989,
002114.SZ,罗平锌电,2020-10-12,6.14,6.26,6.14,6.24,2890290,0.8937,2017958735.52,2017986466.08,-15.089,
002114.SZ,罗平锌电,2020-10-13,6.24,6.24,6.16,6.19,2159607,0.6678,2001789194.37,2001816702.73,-14.9681,
002114.SZ,罗平锌电,2020-10-14,6.2,6.2,6,6.06,2636403,0.8152,1959748387.38,1959775318.02,-14.6538,
002114.SZ,罗平锌电,2020-10-15,6.06,6.12,6.02,6.12,2120900,0.6558,1979151836.76,1979179034.04,-14.7989,
002114.SZ,罗平锌电,2020-10-16,6.07,6.24,6.04,6.22,3314210,1.0248,2011490919.06,2011518560.74,-15.0407,
002114.SZ,罗平锌电,2020-10-19,6.22,6.38,6.2,6.28,4225519,1.3066,2030894368.44,2030922276.76,-15.1858,
002114.SZ,罗平锌电,2020-10-20,6.32,6.39,6.22,6.39,3237836,1.0012,2066467358.97,2066495756.13,-15.4518,
002114.SZ,罗平锌电,2020-10-21,6.37,6.44,6.31,6.37,3562301,1.1015,2059999542.51,2060027850.79,-15.4034,
002114.SZ,罗平锌电,2020-10-22,6.37,6.42,6.29,6.35,2271700,0.7025,2053531726.05,2053559945.45,-15.355,
002114.SZ,罗平锌电,2020-10-23,6.35,6.45,6.27,6.41,2508611,0.7757,2072935175.43,2072963661.47,-15.5001,
002114.SZ,罗平锌电,2020-10-26,6.85,7.05,6.83,7.05,16601039,5.1334,2279905302.15,2279936632.35,-17.0477,
002114.SZ,罗平锌电,2020-10-27,7.57,7.73,6.37,6.6,30327545,9.378,2134379431.8,2134408762.2,-15.9596,
002114.SZ,罗平锌电,2020-10-28,6.35,6.43,6.06,6.07,15381680,4.7564,1962982295.61,1963009270.69,-21.8972,
002114.SZ,罗平锌电,2020-10-29,5.85,6.03,5.85,5.95,6266119,1.9376,1924175396.85,1924201838.65,-21.4644,
002114.SZ,罗平锌电,2020-10-30,5.95,6.03,5.88,5.88,4675230,1.4457,1901538039.24,1901564169.96,-21.2118,
002114.SZ,罗平锌电,2020-11-02,5.85,5.92,5.85,5.88,2925912,0.9048,1901538039.24,1901564169.96,-21.2118,
002114.SZ,罗平锌电,2020-11-03,5.88,6.08,5.88,6.03,4221490,1.3054,1950046662.69,1950073460.01,-21.7529,
002114.SZ,罗平锌电,2020-11-04,6.03,6.04,5.95,6,2524200,0.7805,1940344938,1940371602,-21.6447,
002114.SZ,罗平锌电,2020-11-05,6.03,6.08,6,6.06,2655718,0.8212,1959748387.38,1959775318.02,-21.8612,
002114.SZ,罗平锌电,2020-11-06,6.08,6.19,6.03,6.12,3324100,1.0279,1979151836.76,1979179034.04,-22.0776,
002114.SZ,罗平锌电,2020-11-09,6.17,6.4,6.14,6.26,5082969,1.5718,2024426551.98,2024454371.42,-22.5827,
002114.SZ,罗平锌电,2020-11-10,6.26,6.32,6.15,6.17,3612172,1.117,1995321377.91,1995348797.39,-22.258,
002114.SZ,罗平锌电,2020-11-11,6.15,6.31,6.12,6.26,3787515,1.1712,2024426551.98,2024454371.42,-22.5827,
002114.SZ,罗平锌电,2020-11-12,6.24,6.33,6.17,6.19,2713900,0.8392,2001789194.37,2001816702.73,-22.3301,
002114.SZ,罗平锌电,2020-11-13,6.15,6.3,6.14,6.25,2969600,0.9183,2021192643.75,2021220418.75,-22.5466,
002114.SZ,罗平锌电,2020-11-16,6.3,6.79,6.25,6.54,10325126,3.1928,2114975982.42,2115005046.18,-23.5928,
002114.SZ,罗平锌电,2020-11-17,6.56,6.66,6.41,6.5,6763176,2.0913,2102040349.5,2102069235.5,-23.4485,
002114.SZ,罗平锌电,2020-11-18,6.53,7.14,6.48,6.92,15293217,4.729,2237864495.16,2237895247.64,-24.9636,
002114.SZ,罗平锌电,2020-11-19,6.82,6.85,6.51,6.62,10566124,3.2673,2140847248.26,2140876667.54,-23.8813,
002114.SZ,罗平锌电,2020-11-20,6.61,6.89,6.55,6.83,10918761,3.3763,2208759321.09,2208789673.61,-24.6389,
002114.SZ,罗平锌电,2020-11-23,6.86,7.26,6.78,7.12,20871156,6.4538,2302542659.76,2302574301.04,-25.6851,
002114.SZ,罗平锌电,2020-11-24,6.91,7.08,6.83,7.05,10393100,3.2138,2279905302.15,2279936632.35,-25.4326,
002114.SZ,罗平锌电,2020-11-25,6.96,7.12,6.76,6.76,9390424,2.9037,2186121963.48,2186152004.92,-24.3864,
002114.SZ,罗平锌电,2020-11-26,6.84,6.91,6.65,6.82,7856682,2.4295,2205525412.86,2205555720.94,-24.6028,
002114.SZ,罗平锌电,2020-11-27,6.75,6.92,6.55,6.64,7015781,2.1694,2147315064.72,2147344572.88,-23.9535,
002114.SZ,罗平锌电,2020-11-30,6.7,7.15,6.7,6.8,13568699,4.1958,2199057596.4,2199087815.6,-24.5307,
002114.SZ,罗平锌电,2020-12-01,6.72,6.88,6.6,6.85,7628412,2.3589,2215227137.55,2215257578.95,-24.7111,
002114.SZ,罗平锌电,2020-12-02,6.8,7.15,6.73,6.94,11574556,3.5791,2244332311.62,2244363152.98,-25.0357,
002114.SZ,罗平锌电,2020-12-03,6.84,6.99,6.74,6.83,8688103,2.6866,2208759321.09,2208789673.61,-24.6389,
002114.SZ,罗平锌电,2020-12-04,6.88,7.37,6.77,7.2,16520664,5.1086,2328413925.6,2328445922.4,-25.9737,
002114.SZ,罗平锌电,2020-12-07,7.08,7.16,7,7.04,8592200,2.6569,2276671393.92,2276702679.68,-25.3965,
002114.SZ,罗平锌电,2020-12-08,7.08,7.28,7.02,7.15,11245200,3.4773,2312244384.45,2312276159.05,-25.7933,
002114.SZ,罗平锌电,2020-12-09,7.21,7.48,7.13,7.18,12502600,3.8661,2321946109.14,2321978017.06,-25.9015,
002114.SZ,罗平锌电,2020-12-10,7.04,7.16,6.94,6.98,10780200,3.3335,2257267944.54,2257298963.66,-25.18,
002114.SZ,罗平锌电,2020-12-11,7.13,7.27,6.95,6.97,12327825,3.8121,2254034036.31,2254065010.99,-25.144,
002114.SZ,罗平锌电,2020-12-14,6.9,7.01,6.76,6.84,8552900,2.6448,2211993229.32,2212023626.28,-24.675,
002114.SZ,罗平锌电,2020-12-15,6.87,6.87,6.54,6.63,7551983,2.3352,2144081156.49,2144110620.21,-23.9174,
002114.SZ,罗平锌电,2020-12-16,6.65,7.29,6.63,7.17,19774286,6.1147,2318712200.91,2318744064.39,-25.8654,
002114.SZ,罗平锌电,2020-12-17,7.03,7.72,7,7.66,26645459,8.2394,2477173704.18,2477207745.22,-27.6331,
002114.SZ,罗平锌电,2020-12-18,7.6,7.8,7.47,7.6,16215669,5.0143,2457770254.8,2457804029.2,-27.4167,
002114.SZ,罗平锌电,2020-12-21,7.65,7.77,7.3,7.39,22285332,6.8911,2389858181.97,2389891023.13,-26.6591,
002114.SZ,罗平锌电,2020-12-22,7.33,7.65,7.17,7.39,20061900,6.2036,2389858181.97,2389891023.13,-26.6591,
002114.SZ,罗平锌电,2020-12-23,7.34,7.6,7.27,7.39,11079680,3.4261,2389858181.97,2389891023.13,-26.6591,
002114.SZ,罗平锌电,2020-12-24,7.39,7.45,7.1,7.14,9467000,2.9274,2309010476.22,2309042206.38,-25.7572,
002114.SZ,罗平锌电,2020-12-25,7.14,7.55,6.94,7.46,10936821,3.3819,2412495539.58,2412528691.82,-26.9116,
002114.SZ,罗平锌电,2020-12-28,7.44,7.56,7.26,7.34,9043132,2.7963,2373688640.82,2373721259.78,-26.4787,
002114.SZ,罗平锌电,2020-12-29,7.29,7.35,7.03,7.05,6642717,2.0541,2279905302.15,2279936632.35,-25.4326,
002114.SZ,罗平锌电,2020-12-30,7.04,7.76,6.96,7.76,22007303,6.8052,2509512786.48,2509547271.92,-27.9938,
002114.SZ,罗平锌电,2020-12-31,7.87,8.38,7.73,8.11,30521076,9.4378,2622699574.53,2622735615.37,-29.2565,
002114.SZ,罗平锌电,2021-01-04,8.04,8.15,7.9,8,16292202,5.0379,2587126584,2587162136,-28.8596,
002114.SZ,罗平锌电,2021-01-05,7.98,8.06,7.8,7.99,11385400,3.5206,2583892675.77,2583928183.33,-28.8236,
002114.SZ,罗平锌电,2021-01-06,8.04,8.26,7.64,7.73,13153846,4.0675,2499811061.79,2499845413.91,-27.8856,
002114.SZ,罗平锌电,2021-01-07,7.8,8.13,7.65,7.84,15414600,4.7666,2535384052.32,2535418893.28,-28.2824,
002114.SZ,罗平锌电,2021-01-08,7.89,7.93,7.29,7.41,15379467,4.7557,2396325998.43,2396358928.47,-26.7312,
002114.SZ,罗平锌电,2021-01-11,7.39,7.41,6.98,7,10253800,3.1707,2263735761,2263766869,-25.2522,
002114.SZ,罗平锌电,2021-01-12,6.98,7.02,6.87,6.96,6463900,1.9988,2250800128.08,2250831058.32,-25.1079,
002114.SZ,罗平锌电,2021-01-13,6.97,7.13,6.73,6.74,8486208,2.6241,2179654147.02,2179684099.58,-24.3142,
002114.SZ,罗平锌电,2021-01-14,6.55,6.86,6.45,6.82,9336609,2.8871,2205525412.86,2205555720.94,-24.6028,
002114.SZ,罗平锌电,2021-01-15,6.7,6.78,6.59,6.66,5041867,1.5591,2153782881.18,2153812478.22,-24.0256,
002114.SZ,罗平锌电,2021-01-18,6.59,6.73,6.52,6.64,4959327,1.5335,2147315064.72,2147344572.88,-23.9535,
002114.SZ,罗平锌电,2021-01-19,6.66,6.67,6.45,6.56,5078927,1.5705,2121443798.88,2121472951.52,-23.6649,
002114.SZ,罗平锌电,2021-01-20,6.57,6.67,6.52,6.66,3945010,1.2199,2153782881.18,2153812478.22,-24.0256,
002114.SZ,罗平锌电,2021-01-21,6.62,6.9,6.56,6.75,7392160,2.2858,2182888055.25,2182918052.25,-24.3503,
002114.SZ,罗平锌电,2021-01-22,6.7,6.74,6.48,6.65,5045345,1.5601,2150548972.95,2150578525.55,-23.9896,
002114.SZ,罗平锌电,2021-01-25,6.6,6.66,6.35,6.53,5323500,1.6462,2111742074.19,2111771093.51,-23.5567,
002114.SZ,罗平锌电,2021-01-26,6.48,6.48,6.35,6.35,2962300,0.916,2053531726.05,2053559945.45,-22.9073,
002114.SZ,罗平锌电,2021-01-27,6.36,6.42,6.19,6.27,2952500,0.913,2027660460.21,2027688324.09,-22.6187,
002114.SZ,罗平锌电,2021-01-28,6.22,6.54,6.14,6.32,3238202,1.0013,2043830001.36,2043858087.44,-22.7991,
002114.SZ,罗平锌电,2021-01-29,6.34,6.46,6.25,6.34,3170594,0.9804,2050297817.82,2050325992.78,-22.8713,
002114.SZ,罗平锌电,2021-02-01,6.34,6.5,6.25,6.36,4134701,1.2785,2056765634.28,2056793898.12,-22.9434,
002114.SZ,罗平锌电,2021-02-02,6.33,6.34,6.1,6.24,5943472,1.8379,2017958735.52,2017986466.08,-22.5105,
002114.SZ,罗平锌电,2021-02-03,6.27,6.37,6.08,6.2,3106769,0.9607,2005023102.6,2005050655.4,-22.3662,
002114.SZ,罗平锌电,2021-02-04,6.18,6.18,5.95,6.08,3187372,0.9856,1966216203.84,1966243223.36,-21.9333,
002114.SZ,罗平锌电,2021-02-05,6.08,6.18,5.9,5.97,2789900,0.8627,1930643213.31,1930669743.99,-21.5365,
002114.SZ,罗平锌电,2021-02-08,5.97,6.13,5.81,5.94,3453400,1.0679,1920941488.62,1920967885.98,-21.4283,
002114.SZ,罗平锌电,2021-02-09,5.87,6.06,5.87,5.98,3445380,1.0654,1933877121.54,1933903696.66,-21.5726,
002114.SZ,罗平锌电,2021-02-10,5.97,6.09,5.93,6.03,3972900,1.2285,1950046662.69,1950073460.01,-21.7529,
002114.SZ,罗平锌电,2021-02-18,6.23,6.37,6.19,6.32,6409300,1.9819,2043830001.36,2043858087.44,-22.7991,
002114.SZ,罗平锌电,2021-02-19,6.24,6.59,6.23,6.55,9683035,2.9942,2118209890.65,2118238998.85,-23.6288,
002114.SZ,罗平锌电,2021-02-22,6.66,7.21,6.66,7.21,15375638,4.7545,2331647833.83,2331679875.07,-26.0097,
002114.SZ,罗平锌电,2021-02-23,7.16,7.16,6.75,6.86,20809428,6.4348,2218461045.78,2218491531.62,-24.7471,
002114.SZ,罗平锌电,2021-02-24,6.84,7.14,6.77,7,13249691,4.0971,2263735761,2263766869,-25.2522,
002114.SZ,罗平锌电,2021-02-25,7.1,7.15,6.75,6.77,9904257,3.0626,2189355871.71,2189385957.59,-24.4225,
002114.SZ,罗平锌电,2021-02-26,6.64,6.84,6.56,6.67,6209111,1.92,2157016789.41,2157046430.89,-24.0617,
002114.SZ,罗平锌电,2021-03-01,6.7,6.89,6.66,6.79,6737509,2.0834,2195823688.17,2195853862.93,-24.4946,
002114.SZ,罗平锌电,2021-03-02,6.79,6.79,6.55,6.62,6301401,1.9485,2140847248.26,2140876667.54,-23.8813,
002114.SZ,罗平锌电,2021-03-03,6.62,6.88,6.62,6.82,9413303,2.9108,2205525412.86,2205555720.94,-24.6028,
002114.SZ,罗平锌电,2021-03-04,6.76,6.87,6.67,6.74,8131425,2.5144,2179654147.02,2179684099.58,-24.3142,
002114.SZ,罗平锌电,2021-03-05,6.66,6.75,6.53,6.7,6847872,2.1175,2166718514.1,2166748288.9,-24.1699,
002114.SZ,罗平锌电,2021-03-08,6.7,6.87,6.6,6.69,6612513,2.0447,2163484605.87,2163514336.23,-24.1339,
002114.SZ,罗平锌电,2021-03-09,6.62,6.7,6.25,6.6,7786625,2.4078,2134379431.8,2134408762.2,-23.8092,
002114.SZ,罗平锌电,2021-03-10,6.62,7.21,6.44,7.06,23637621,7.3093,2283139210.38,2283170585.02,-25.4686,
002114.SZ,罗平锌电,2021-03-11,7.07,7.18,6.7,7,24071792,7.4436,2263735761,2263766869,-25.2522,
002114.SZ,罗平锌电,2021-03-12,6.89,6.91,6.63,6.78,13631000,4.215,2192589779.94,2192619910.26,-24.4585,
