代码,简称,日期,开盘价(元),最高价(元),最低价(元),收盘价(元),成交量(股),换手率(%),A股流通市值(元),总市值(元),市盈率,
002474.SZ,榕基软件,2010-09-15,7.6776,7.9767,7.2011,7.4537,15324734,73.6766,969488000,4833457000,89.7759,
002474.SZ,榕基软件,2010-09-16,7.708,7.7736,7.4537,7.4649,7515382,36.1316,970944000,4840716000,89.9107,
002474.SZ,榕基软件,2010-09-17,7.0012,7.3242,6.7613,6.8652,5565405,26.7568,892944000,4451841000,82.6878,
002474.SZ,榕基软件,2010-09-20,6.982,7.1067,6.7613,6.7613,2876430,13.829,879424000,4384436000,81.4359,
002474.SZ,榕基软件,2010-09-21,6.7165,6.7165,6.3967,6.5822,2218384,10.6653,856128000,4268292000,79.2786,
002474.SZ,榕基软件,2010-09-27,6.5582,6.7629,6.475,6.7245,1367450,6.5743,874640000,4360585000,80.9929,
002474.SZ,榕基软件,2010-09-28,6.6653,6.6973,6.3775,6.4462,2104292,10.1168,838448000,4180147000,77.6414,
002474.SZ,榕基软件,2010-09-29,6.4303,6.619,6.2048,6.5086,1279361,6.1508,846560000,4220590000,78.3926,
002474.SZ,榕基软件,2010-09-30,6.507,6.7709,6.4494,6.5982,1207227,5.804,858208000,4278662000,79.4712,
002474.SZ,榕基软件,2010-10-08,6.619,6.7149,6.5534,6.6637,1243005,5.976,866736000,4321179000,80.2609,
002474.SZ,榕基软件,2010-10-11,6.5598,6.7709,6.5566,6.6701,1392006,6.6923,867568000,4325327000,80.338,
002474.SZ,榕基软件,2010-10-12,6.635,6.7085,6.4175,6.4367,1580353,7.5979,837200000,4173925000,77.5259,
002474.SZ,榕基软件,2010-10-13,6.5326,6.5326,6.2735,6.459,1682793,8.0904,840112000,4188443000,77.7955,
002474.SZ,榕基软件,2010-10-14,6.475,6.5246,6.3199,6.3199,1007452,4.8435,822016000,4098224000,76.1198,
002474.SZ,榕基软件,2010-10-15,6.3471,6.3471,6.0896,6.1104,1398875,6.7254,794768000,3962377000,73.5966,
002474.SZ,榕基软件,2010-10-18,6.0768,6.0768,5.765,5.9809,2303166,11.0729,777920000,3878380000,72.0365,
002474.SZ,榕基软件,2010-10-19,5.9265,6.2639,5.9025,6.2192,1829661,8.7964,808912000,4032893000,74.9064,
002474.SZ,榕基软件,2010-10-20,6.2192,6.2192,6.2192,6.2192,--,--,808912000,4032893000,74.9064,
002474.SZ,榕基软件,2010-10-21,6.3983,6.5566,6.3967,6.4734,2577100,12.3899,841984000,4197776000,62.8737,
002474.SZ,榕基软件,2010-10-22,6.4574,6.6637,6.4143,6.5998,1954053,9.3945,858416000,4279699000,64.1008,
002474.SZ,榕基软件,2010-10-25,6.8093,7.1067,6.7181,6.8604,2948785,14.1769,892320000,4448730000,66.6325,
002474.SZ,榕基软件,2010-10-26,6.9004,7.0651,6.8013,6.9324,2103555,10.1132,901680000,4495395000,67.3314,
002474.SZ,榕基软件,2010-10-27,7.0363,7.4105,6.9324,7.0363,2581960,12.4133,915200000,4562800000,68.341,
002474.SZ,榕基软件,2010-10-28,7.1259,7.3642,7.0683,7.1963,2347041,11.2839,936000000,4666500000,69.8942,
002474.SZ,榕基软件,2010-10-29,7.2506,7.2762,7.1163,7.2091,2040562,9.8104,937664000,4674796000,70.0185,
002474.SZ,榕基软件,2010-11-01,7.225,7.4361,7.2202,7.3258,2214429,10.6463,952848000,4750497000,71.1523,
002474.SZ,榕基软件,2010-11-02,7.3258,7.4281,7.0523,7.0923,2543608,12.2289,922480000,4599095000,68.8846,
002474.SZ,榕基软件,2010-11-03,7.0379,7.0907,6.8221,6.9068,1734151,8.3373,898352000,4478803000,67.0829,
002474.SZ,榕基软件,2010-11-04,6.878,7.2666,6.878,7.2474,2415228,11.6117,942656000,4699684000,70.3913,
002474.SZ,榕基软件,2010-11-05,7.257,7.7224,7.2107,7.7128,2847016,13.6876,1003184000,5001451000,74.9111,
002474.SZ,榕基软件,2010-11-08,7.788,8.4644,7.6152,8.3157,3966665,19.0705,1081600000,5392400000,80.7667,
002474.SZ,榕基软件,2010-11-09,8.3157,8.4068,8.1238,8.3125,2044952,9.8315,1081184000,5390326000,80.7356,
002474.SZ,榕基软件,2010-11-10,8.2357,8.8594,8.1718,8.5236,2396927,11.5237,1108640000,5527210000,82.7858,
002474.SZ,榕基软件,2010-11-11,8.4436,8.6163,8.2517,8.2517,2251629,10.8251,1073280000,5350920000,80.1454,
002474.SZ,榕基软件,2010-11-12,8.1526,8.2149,7.7736,7.8023,2342324,11.2612,1014832000,5059523000,75.7809,
002474.SZ,榕基软件,2010-11-15,7.9463,8.4724,7.8039,8.2837,2983854,14.3455,1077440000,5371660000,80.456,
002474.SZ,榕基软件,2010-11-16,8.3141,8.4276,7.8375,7.9958,2398087,11.5293,1040000000,5185000000,77.6603,
002474.SZ,榕基软件,2010-11-17,7.8551,8.0758,7.4681,7.5001,2372132,11.4045,975520000,4863530000,72.8453,
002474.SZ,榕基软件,2010-11-18,7.6488,7.7368,7.2634,7.66,1624886,7.812,996320000,4967230000,74.3985,
002474.SZ,榕基软件,2010-11-19,7.7128,8.2373,7.6104,8.2005,2413543,11.6036,1066624000,5317736000,79.6484,
002474.SZ,榕基软件,2010-11-22,8.2021,8.7139,8.2021,8.3317,2939285,14.1312,1083680000,5402770000,80.922,
002474.SZ,榕基软件,2010-11-23,8.3141,8.5172,8.0918,8.4452,1945815,9.3549,1098448000,5476397000,82.0248,
002474.SZ,榕基软件,2010-11-24,8.4372,8.5875,8.3477,8.5843,1676236,8.0588,1116544000,5566616000,83.3761,
002474.SZ,榕基软件,2010-11-25,8.5971,8.6819,8.2853,8.3109,1613836,7.7588,1080976000,5389289000,80.7201,
002474.SZ,榕基软件,2010-11-26,8.3109,8.4356,8.2245,8.3748,951928,4.5766,1089296000,5430769000,81.3414,
002474.SZ,榕基软件,2010-11-29,8.4116,8.877,8.3173,8.813,2527841,12.1531,1146288000,5714907000,85.5971,
002474.SZ,榕基软件,2010-11-30,8.7634,8.9314,8.2853,8.6755,2528788,12.1576,1128400000,5625725000,84.2614,
002474.SZ,榕基软件,2010-12-01,8.6035,8.7602,8.4564,8.5332,1076159,5.1738,1109888000,5533432000,82.879,
002474.SZ,榕基软件,2010-12-02,8.6355,8.6819,8.3157,8.4116,1059770,5.095,1094080000,5454620000,81.6986,
002474.SZ,榕基软件,2010-12-03,8.4116,8.4116,8.4116,8.4116,--,--,1094080000,5454620000,81.6986,
002474.SZ,榕基软件,2010-12-06,8.2677,8.2965,7.8711,7.9639,1648497,7.9255,1035840000,5164260000,77.3496,
002474.SZ,榕基软件,2010-12-07,7.9447,8.1526,7.8375,8.1414,872078,4.1927,1058928000,5279367000,79.0737,
002474.SZ,榕基软件,2010-12-08,8.1238,8.1973,7.9815,8.0022,751290,3.612,1040832000,5189148000,77.7224,
002474.SZ,榕基软件,2010-12-09,7.9463,7.9463,7.7368,7.756,873424,4.1992,1008800000,5029450000,75.3304,
002474.SZ,榕基软件,2010-12-10,7.7,8.0998,7.6616,8.0566,925492,4.4495,1047904000,5224406000,78.2505,
002474.SZ,榕基软件,2010-12-13,8.0918,8.3716,8.0918,8.3429,1251312,6.0159,1085136000,5410029000,81.0307,
002474.SZ,榕基软件,2010-12-14,8.4116,8.6115,8.3157,8.3413,1222713,5.8784,1084928000,5408992000,81.0152,
002474.SZ,榕基软件,2010-12-15,8.3445,8.6835,8.2069,8.5651,3059698,11.7681,1392560000,5554172000,83.1897,
002474.SZ,榕基软件,2010-12-16,8.4756,8.6803,8.4612,8.4916,1571007,6.0423,1380600000,5506470000,82.4752,
002474.SZ,榕基软件,2010-12-17,8.49,8.6403,8.4196,8.6275,1208435,4.6478,1402700000,5594615000,83.7954,
002474.SZ,榕基软件,2010-12-20,8.6387,8.789,8.3317,8.4596,1689478,6.498,1375400000,5485730000,82.1646,
002474.SZ,榕基软件,2010-12-21,8.4596,8.6355,8.4436,8.5508,1000188,3.8469,1390220000,5544839000,83.0499,
002474.SZ,榕基软件,2010-12-22,8.5556,8.5827,8.3317,8.3397,897915,3.4535,1355900000,5407955000,80.9996,
002474.SZ,榕基软件,2010-12-23,8.2533,8.2965,7.9367,7.9671,1164131,4.4774,1295320000,5166334000,77.3807,
002474.SZ,榕基软件,2010-12-24,7.8903,7.9958,7.6728,7.772,1509297,5.805,1263600000,5039820000,75.4858,
002474.SZ,榕基软件,2010-12-27,7.8039,8.0118,7.5529,7.5801,1309147,5.0352,1232400000,4915380000,73.6219,
002474.SZ,榕基软件,2010-12-28,7.4569,7.7016,7.4569,7.628,828649,3.1871,1240200000,4946490000,74.0879,
002474.SZ,榕基软件,2010-12-29,7.628,7.9127,7.6152,7.8663,865144,3.3275,1278940000,5101003000,76.4022,
002474.SZ,榕基软件,2010-12-30,7.8567,7.9639,7.7528,7.8647,813074,3.1272,1278680000,5099966000,76.3866,
002474.SZ,榕基软件,2010-12-31,7.8647,7.9846,7.788,7.9159,1372964,5.2806,1287000000,5133150000,76.8837,
002474.SZ,榕基软件,2011-01-04,7.9655,8.0406,7.8215,8.0214,1250892,4.8111,1304160000,5201592000,77.9088,
002474.SZ,榕基软件,2011-01-05,7.9719,8.0918,7.8455,7.8839,967498,3.7211,1281800000,5112410000,76.573,
002474.SZ,榕基软件,2011-01-06,7.8535,7.9287,7.676,7.708,963074,3.7041,1253200000,4998340000,74.8645,
002474.SZ,榕基软件,2011-01-07,7.708,7.8487,7.5961,7.6344,999880,3.8457,1241240000,4950638000,74.15,
002474.SZ,榕基软件,2011-01-10,7.6344,7.6344,7.6344,7.6344,--,--,1241240000,4950638000,74.15,
002474.SZ,榕基软件,2011-01-11,7.4489,7.4489,7.0219,7.1003,1610165,6.1929,1154400000,4604280000,68.9623,
002474.SZ,榕基软件,2011-01-12,7.1323,7.2442,7.0859,7.1883,607670,2.3372,1168700000,4661315000,69.8166,
002474.SZ,榕基软件,2011-01-13,7.4042,7.5161,7.273,7.273,1108242,4.2625,1182480000,4716276000,70.6398,
002474.SZ,榕基软件,2011-01-14,7.2762,7.2762,6.9852,7.0235,690148,2.6544,1141920000,4554504000,68.2168,
002474.SZ,榕基软件,2011-01-17,6.9804,7.0347,6.7037,6.7213,701324,2.6974,1092780000,4358511000,65.2812,
002474.SZ,榕基软件,2011-01-18,6.7213,6.7965,6.6094,6.7853,371808,1.43,1103180000,4399991000,65.9025,
002474.SZ,榕基软件,2011-01-19,6.7901,6.9452,6.7085,6.934,467622,1.7985,1127360000,4496432000,67.347,
002474.SZ,榕基软件,2011-01-20,6.934,7.0507,6.7005,6.7181,577874,2.2226,1092260000,4356437000,65.2501,
002474.SZ,榕基软件,2011-01-21,6.6845,6.8924,6.6413,6.8269,639311,2.4589,1109940000,4426953000,66.3063,
002474.SZ,榕基软件,2011-01-24,6.8269,6.854,6.3167,6.3807,898675,3.4564,1037400000,4137630000,61.9729,
002474.SZ,榕基软件,2011-01-25,6.3967,6.4766,6.2783,6.4574,610210,2.347,1049880000,4187406000,62.7184,
002474.SZ,榕基软件,2011-01-26,6.4574,6.5822,6.4287,6.547,525740,2.0221,1064440000,4245478000,63.5882,
002474.SZ,榕基软件,2011-01-27,6.5246,6.6509,6.4287,6.5646,498807,1.9185,1067300000,4256885000,63.7591,
002474.SZ,榕基软件,2011-01-28,6.6366,6.7101,6.4942,6.7053,939025,3.6116,1090180000,4348141000,65.1259,
002474.SZ,榕基软件,2011-01-31,6.6989,6.7389,6.6062,6.7165,788244,3.0317,1092000000,4355400000,65.2346,
002474.SZ,榕基软件,2011-02-01,6.7165,6.7485,6.6286,6.6685,502922,1.9343,1084200000,4324290000,64.7687,
002474.SZ,榕基软件,2011-02-09,6.6653,6.7405,6.5966,6.5966,522456,2.0094,1072500000,4277625000,64.0697,
002474.SZ,榕基软件,2011-02-10,6.7469,6.9244,6.6445,6.9244,1117576,4.2984,1125800000,4490210000,67.2538,
002474.SZ,榕基软件,2011-02-11,6.9564,6.982,6.8796,6.9548,1053149,4.0506,1130740000,4509913000,67.5489,
002474.SZ,榕基软件,2011-02-14,6.966,7.1307,6.966,7.1003,1152167,4.4314,1154400000,4604280000,68.9623,
002474.SZ,榕基软件,2011-02-15,7.0939,7.1611,7.0235,7.0603,883799,3.3992,1147900000,4578355000,68.574,
002474.SZ,榕基软件,2011-02-16,7.0619,7.1835,6.9884,7.1819,968701,3.7258,1167660000,4657167000,69.7544,
002474.SZ,榕基软件,2011-02-17,7.1483,7.2554,7.0715,7.1163,807085,3.1042,1157000000,4614650000,69.1176,
002474.SZ,榕基软件,2011-02-18,7.1131,7.1467,6.9916,7.0044,579144,2.2275,1138800000,4542060000,68.0304,
002474.SZ,榕基软件,2011-02-21,6.9548,7.1611,6.9244,7.1323,762664,2.9333,1159600000,4625020000,69.2729,
002474.SZ,榕基软件,2011-02-22,7.1515,7.2234,6.7965,6.8141,1104701,4.2489,1107860000,4418657000,66.1821,
002474.SZ,榕基软件,2011-02-23,6.8173,6.9548,6.7997,6.8908,723619,2.7832,1120340000,4468433000,66.9276,
002474.SZ,榕基软件,2011-02-24,6.8908,7.0443,6.8812,6.9404,714891,2.7496,1128400000,4500580000,67.4091,
002474.SZ,榕基软件,2011-02-25,7.0443,7.1787,7.0443,7.0827,1199637,4.614,1151540000,4592873000,57.6861,
002474.SZ,榕基软件,2011-02-28,7.0923,7.1947,7.0411,7.1563,926435,3.5632,1163500000,4640575000,58.2853,
002474.SZ,榕基软件,2011-03-01,7.1163,7.1883,7.014,7.0763,989772,3.8068,1150500000,4588725000,57.634,
002474.SZ,榕基软件,2011-03-02,7.0363,7.0747,6.9484,6.974,755159,2.9045,1133860000,4522357000,56.8005,
002474.SZ,榕基软件,2011-03-03,6.9884,7.0363,6.7981,6.8029,730968,2.8114,1106040000,4411398000,55.4068,
002474.SZ,榕基软件,2011-03-04,6.8205,6.8716,6.7181,6.8684,440233,1.6932,1116700000,4453915000,55.9408,
002474.SZ,榕基软件,2011-03-07,6.8588,6.9484,6.8093,6.9244,786691,3.0257,1125800000,4490210000,56.3967,
002474.SZ,榕基软件,2011-03-08,6.926,7.0651,6.8764,7.0379,651511,2.5058,1144260000,4563837000,57.3215,
002474.SZ,榕基软件,2011-03-09,7.0523,7.1291,7.0044,7.0475,613252,2.3587,1145820000,4570059000,57.3996,
002474.SZ,榕基软件,2011-03-10,7.0443,7.1307,6.9628,7.0331,784241,3.0163,1143480000,4560726000,57.2824,
002474.SZ,榕基软件,2011-03-11,7.0283,7.1835,7.006,7.1419,923099,3.5504,1161160000,4631242000,58.1681,
002474.SZ,榕基软件,2011-03-14,7.1083,7.3546,7.0731,7.3402,1123411,4.3208,1193400000,4759830000,59.7831,
002474.SZ,榕基软件,2011-03-15,7.3498,7.3498,7.0923,7.2186,1121046,4.3117,1173640000,4681018000,58.7932,
002474.SZ,榕基软件,2011-03-16,7.2123,7.329,7.2043,7.241,507692,1.9527,1177280000,4695536000,58.9756,
002474.SZ,榕基软件,2011-03-17,7.1803,7.2362,7.0267,7.0683,630873,2.4264,1149200000,4583540000,57.5689,
002474.SZ,榕基软件,2011-03-18,7.1723,7.1723,7.0875,7.1243,307499,1.1827,1158300000,4619835000,58.0248,
002474.SZ,榕基软件,2011-03-21,7.1243,7.2506,7.0811,7.1291,485898,1.8688,1159080000,4622946000,58.0639,
002474.SZ,榕基软件,2011-03-22,7.1451,7.1915,6.8764,6.9564,660240,2.5394,1131000000,4510950000,56.6572,
002474.SZ,榕基软件,2011-03-23,6.9292,7.0891,6.9244,6.9964,365188,1.4046,1137500000,4536875000,56.9828,
002474.SZ,榕基软件,2011-03-24,6.9964,7.0363,6.9484,6.9484,355817,1.3685,1129700000,4505765000,56.5921,
002474.SZ,榕基软件,2011-03-25,6.9484,7.0747,6.9468,7.0603,602540,2.3175,1147900000,4578355000,57.5038,
002474.SZ,榕基软件,2011-03-28,7.0603,7.0603,7.0603,7.0603,--,--,1147900000,4578355000,57.5038,
002474.SZ,榕基软件,2011-03-29,6.9724,6.9724,6.5854,6.6765,1234209,4.747,1085500000,4329475000,54.3779,
002474.SZ,榕基软件,2011-03-30,6.4606,6.4606,6.0928,6.2432,1606878,6.1803,1015040000,4048448000,51.8417,
002474.SZ,榕基软件,2011-03-31,6.2368,6.3647,6.1776,6.2368,748237,2.8778,1014000000,4044300000,51.7886,
002474.SZ,榕基软件,2011-04-01,6.2096,6.3087,6.1728,6.2208,661361,2.5437,1011400000,4033930000,51.6558,
002474.SZ,榕基软件,2011-04-06,6.1776,6.232,6.0017,6.0561,925822,3.5609,984620000,3927119000,50.2881,
002474.SZ,榕基软件,2011-04-07,6.0561,6.1328,6.0385,6.1184,636753,2.449,994760000,3967562000,50.806,
002474.SZ,榕基软件,2011-04-08,6.12,6.3087,6.0976,6.2575,555069,2.1349,1017380000,4057781000,51.9613,
002474.SZ,榕基软件,2011-04-11,6.2975,6.3167,6.1136,6.1248,830589,3.1946,995800000,3971710000,50.8591,
002474.SZ,榕基软件,2011-04-12,6.1248,6.3007,6.1232,6.1632,604392,2.3246,1002040000,3996598000,51.1778,
002474.SZ,榕基软件,2011-04-13,6.1584,6.2671,6.0944,6.2336,471503,1.8135,1013480000,4042226000,51.7621,
002474.SZ,榕基软件,2011-04-14,6.2368,6.2815,6.16,6.2048,409934,1.5767,1008800000,4023560000,51.523,
002474.SZ,榕基软件,2011-04-15,6.2064,6.2064,6.0768,6.128,490190,1.8853,996320000,3973784000,50.8856,
002474.SZ,榕基软件,2011-04-18,6.1008,6.1408,6.0672,6.0992,433172,1.666,991640000,3955118000,50.6466,
002474.SZ,榕基软件,2011-04-19,6.0896,6.0896,5.9969,6.0193,478349,1.8398,978640000,3903268000,49.9827,
002474.SZ,榕基软件,2011-04-20,6.0193,6.0193,6.0193,6.0193,--,--,978640000,3903268000,49.9827,
002474.SZ,榕基软件,2011-04-21,6.088,6.2288,6.0768,6.224,785459,3.021,1011920000,4036004000,51.6824,
002474.SZ,榕基软件,2011-04-22,6.4127,6.7789,6.4047,6.6062,2179105,8.3812,1074060000,4283847000,46.2795,
002474.SZ,榕基软件,2011-04-25,6.7677,6.9004,6.7613,6.8141,2803051,10.781,1107860000,4418657000,47.7359,
002474.SZ,榕基软件,2011-04-26,6.7965,6.7981,6.3967,6.5742,1254439,4.8248,1068860000,4263107000,46.0554,
002474.SZ,榕基软件,2011-04-27,6.6046,6.6669,6.4095,6.5006,681971,2.623,1056900000,4215405000,45.5401,
002474.SZ,榕基软件,2011-04-28,6.5102,6.5886,6.4159,6.4287,472119,1.8158,1045200000,4168740000,45.036,
002474.SZ,榕基软件,2011-04-29,6.4449,6.4449,6.2696,6.3978,514991,1.9807,1024660000,4086817000,44.1509,
002474.SZ,榕基软件,2011-05-03,6.3686,6.4774,6.3329,6.4481,446733,1.7182,1032720000,4118964000,44.4982,
002474.SZ,榕基软件,2011-05-04,6.4141,6.4141,6.1364,6.1852,573145,2.2044,990600000,3950970000,42.6833,
002474.SZ,榕基软件,2011-05-05,6.1283,6.2712,6.1283,6.2176,419687,1.6142,995800000,3971710000,42.9074,
002474.SZ,榕基软件,2011-05-06,6.1689,6.5277,6.1283,6.4952,812277,3.1241,1040260000,4149037000,44.8231,
002474.SZ,榕基软件,2011-05-09,6.4449,6.703,6.4449,6.5261,629708,2.422,1045200000,4168740000,45.036,
002474.SZ,榕基软件,2011-05-10,6.5391,6.5845,6.1689,6.5699,428282,1.6472,1052220000,4196739000,45.3384,
002474.SZ,榕基软件,2011-05-11,6.5553,6.5699,6.4335,6.4839,399717,1.5374,1038440000,4141778000,44.7447,
002474.SZ,榕基软件,2011-05-12,6.4173,6.4514,6.2663,6.2679,398165,1.5314,1003860000,4003857000,43.2547,
002474.SZ,榕基软件,2011-05-13,6.2972,6.4287,6.1981,6.3556,327479,1.2595,1017900000,4059855000,43.8597,
002474.SZ,榕基软件,2011-05-16,6.3524,6.4205,6.2988,6.3118,322875,1.2418,1010880000,4031856000,43.5572,
002474.SZ,榕基软件,2011-05-17,6.2988,6.3929,6.2306,6.3507,348194,1.3392,1017120000,4056744000,43.826,
002474.SZ,榕基软件,2011-05-18,6.3962,6.492,6.3572,6.4481,382086,1.4696,1032720000,4118964000,44.4982,
002474.SZ,榕基软件,2011-05-19,6.4904,6.5829,6.4092,6.4449,414233,1.5932,1032200000,4116890000,44.4758,
002474.SZ,榕基软件,2011-05-20,6.4449,6.4741,6.4043,6.4384,181846,0.6994,1031160000,4112742000,44.431,
002474.SZ,榕基软件,2011-05-23,6.4173,6.4173,6.1153,6.1153,483335,1.859,979420000,3906379000,42.2016,
002474.SZ,榕基软件,2011-05-24,6.0894,6.1916,5.9092,6.1413,706540,2.7175,983580000,3922971000,42.3809,
002474.SZ,榕基软件,2011-05-25,6.104,6.1413,5.9433,5.9644,375795,1.4454,955240000,3809938000,41.1597,
002474.SZ,榕基软件,2011-05-26,5.9903,6.0748,5.9903,6.0082,294117,1.1312,962260000,3837937000,41.4622,
002474.SZ,榕基软件,2011-05-27,6.0277,6.039,5.9627,5.9741,318101,1.2235,956800000,3816160000,41.227,
002474.SZ,榕基软件,2011-05-30,5.9465,6.117,5.9254,6.0228,365446,1.4056,964600000,3847270000,41.563,
002474.SZ,榕基软件,2011-05-31,6.0423,6.1364,5.9514,6.1218,215932,0.8305,980460000,3910527000,42.2464,
002474.SZ,榕基软件,2011-06-01,6.1202,6.2631,6.0877,6.1998,274475,1.0557,992940000,3960303000,42.7842,
002474.SZ,榕基软件,2011-06-02,6.1494,6.1494,6.0309,6.1007,304360,1.1706,977080000,3897046000,42.1008,
002474.SZ,榕基软件,2011-06-03,6.1251,6.2274,6.0926,6.1819,232754,0.8952,990080000,3948896000,42.6609,
002474.SZ,榕基软件,2011-06-07,6.1998,6.1998,6.1218,6.1705,177951,0.6844,988260000,3941637000,42.5825,
002474.SZ,榕基软件,2011-06-08,6.1657,6.1673,6.0553,6.1202,222985,0.8576,980200000,3909490000,42.2352,
002474.SZ,榕基软件,2011-06-09,6.0877,6.1689,6.039,6.0407,211120,0.812,967460000,3858677000,41.6863,
002474.SZ,榕基软件,2011-06-10,6.0423,6.0877,6.0066,6.0748,133976,0.5153,972920000,3880454000,41.9215,
002474.SZ,榕基软件,2011-06-13,6.0877,6.1527,6.0472,6.1494,199466,0.7672,984880000,3928156000,42.4369,
002474.SZ,榕基软件,2011-06-14,6.1624,6.2209,6.1072,6.1868,218578,0.8407,990860000,3952007000,42.6945,
002474.SZ,榕基软件,2011-06-15,6.1494,6.2403,6.1462,6.1559,209337,0.8051,985920000,3932304000,42.4817,
002474.SZ,榕基软件,2011-06-16,6.1364,6.1689,6.0569,6.0585,126100,0.485,970320000,3870084000,41.8095,
002474.SZ,榕基软件,2011-06-17,6.0877,6.0877,5.9903,5.9903,162943,0.6267,959400000,3826530000,41.339,
002474.SZ,榕基软件,2011-06-20,5.9903,6.0228,5.9173,5.9238,146989,0.5653,948740000,3784013000,40.8797,
002474.SZ,榕基软件,2011-06-21,5.9985,5.9985,5.8118,5.9303,205305,0.7896,949780000,3788161000,40.9245,
002474.SZ,榕基软件,2011-06-22,5.9335,5.9546,5.8767,5.8913,192675,0.7411,943540000,3763273000,40.6556,
002474.SZ,榕基软件,2011-06-23,5.8897,6.0017,5.7955,5.9985,331699,1.2758,960700000,3831715000,41.395,
002474.SZ,榕基软件,2011-06-24,5.9822,6.1494,5.9579,6.1283,414149,1.5929,981500000,3914675000,42.2912,
002474.SZ,榕基软件,2011-06-27,6.1511,6.2176,6.117,6.1494,366899,1.4112,984880000,3928156000,42.4369,
002474.SZ,榕基软件,2011-06-28,6.1689,6.1852,6.1202,6.1673,272270,1.0472,987740000,3939563000,42.5601,
002474.SZ,榕基软件,2011-06-29,6.2014,6.5829,6.1852,6.2631,1119566,4.306,1003080000,4000746000,43.2211,
002474.SZ,榕基软件,2011-06-30,6.2014,6.3605,6.1576,6.341,580863,2.2341,1015560000,4050522000,43.7588,
002474.SZ,榕基软件,2011-07-01,6.367,6.3848,6.2728,6.3329,393902,1.515,1014260000,4045337000,43.7028,
002474.SZ,榕基软件,2011-07-04,6.3962,6.4287,6.3313,6.3881,573121,2.2043,1023100000,4080595000,44.0837,
002474.SZ,榕基软件,2011-07-05,6.3962,6.4563,6.3637,6.4124,470269,1.8087,1027000000,4096150000,44.2518,
002474.SZ,榕基软件,2011-07-06,6.4222,6.4222,6.315,6.3929,504061,1.9387,1023880000,4083706000,44.1173,
002474.SZ,榕基软件,2011-07-07,6.3929,6.5796,6.3475,6.5277,1161394,4.4669,1045460000,4169777000,45.0472,
002474.SZ,榕基软件,2011-07-08,6.5261,6.5407,6.3929,6.4287,621266,2.3895,1029600000,4106520000,44.3638,
002474.SZ,榕基软件,2011-07-11,6.3962,6.4806,6.3589,6.4481,418598,1.61,1032720000,4118964000,44.4982,
002474.SZ,榕基软件,2011-07-12,6.4124,6.4335,6.3313,6.3702,454908,1.7496,1020240000,4069188000,43.9605,
002474.SZ,榕基软件,2011-07-13,6.3718,6.6154,6.3702,6.5926,941694,3.6219,1055860000,4211257000,45.4953,
002474.SZ,榕基软件,2011-07-14,6.591,6.7176,6.5748,6.6576,635498,2.4442,1066260000,4252737000,45.9434,
002474.SZ,榕基软件,2011-07-15,6.6559,6.7972,6.5878,6.6998,554498,2.1327,1073020000,4279699000,46.2347,
002474.SZ,榕基软件,2011-07-18,6.7095,6.8751,6.7095,6.8199,832175,3.2007,1092260000,4356437000,47.0637,
002474.SZ,榕基软件,2011-07-19,6.8167,6.8654,6.6917,6.7144,528526,2.0328,1075360000,4289032000,46.3355,
002474.SZ,榕基软件,2011-07-20,6.7452,6.802,6.565,6.578,547679,2.1065,1053520000,4201924000,45.3945,
002474.SZ,榕基软件,2011-07-21,6.5829,6.6316,6.4774,6.4936,755426,2.9055,1040000000,4148000000,44.8119,
002474.SZ,榕基软件,2011-07-22,6.5326,6.6056,6.4936,6.5553,410353,1.5783,1049880000,4187406000,45.2376,
002474.SZ,榕基软件,2011-07-25,6.4985,6.5472,6.2955,6.3069,503415,1.9362,1010100000,4028745000,43.5236,
002474.SZ,榕基软件,2011-07-26,6.3524,6.3994,6.3069,6.3605,275125,1.0582,1018680000,4062966000,43.8933,
002474.SZ,榕基软件,2011-07-27,6.3605,6.5407,6.3313,6.5082,449433,1.7286,1042340000,4157333000,44.9127,
002474.SZ,榕基软件,2011-07-28,6.4628,6.6543,6.4124,6.6543,652511,2.5097,1065740000,4250663000,45.921,
002474.SZ,榕基软件,2011-07-29,6.5975,6.7225,6.5553,6.617,655565,2.5214,1059760000,4226812000,45.6633,
002474.SZ,榕基软件,2011-08-01,6.591,6.6981,6.552,6.6202,350821,1.3493,1060280000,4228886000,45.6857,
002474.SZ,榕基软件,2011-08-02,6.5813,6.6397,6.38,6.5293,487228,1.874,1045720000,4170814000,45.0584,
002474.SZ,榕基软件,2011-08-03,6.4124,6.5504,6.4027,6.4855,265496,1.0211,1038700000,4142815000,44.7559,
002474.SZ,榕基软件,2011-08-04,6.5179,6.5196,6.4238,6.4871,222076,0.8541,1038960000,4143852000,44.7671,
002474.SZ,榕基软件,2011-08-05,6.2972,6.4741,6.164,6.4352,564807,2.1723,1030640000,4110668000,44.4086,
002474.SZ,榕基软件,2011-08-08,6.3605,6.38,6.1608,6.328,714374,2.7476,1013480000,4042226000,43.6692,
002474.SZ,榕基软件,2011-08-09,6.0975,6.3475,6.0926,6.2988,361188,1.3892,1008800000,4023560000,43.4676,
002474.SZ,榕基软件,2011-08-10,6.3702,6.4563,6.3361,6.367,443111,1.7043,1019720000,4067114000,43.9381,
002474.SZ,榕基软件,2011-08-11,6.2225,6.4384,6.2225,6.4287,245107,0.9427,1029600000,4106520000,44.3638,
002474.SZ,榕基软件,2011-08-12,6.492,6.7046,6.4465,6.5845,688812,2.6493,1054560000,4206072000,45.4393,
002474.SZ,榕基软件,2011-08-15,6.617,6.742,6.5569,6.7225,838236,3.224,1076660000,4294217000,46.3915,
002474.SZ,榕基软件,2011-08-16,6.7241,6.7404,6.6121,6.6543,414513,1.5943,1065740000,4250663000,45.921,
002474.SZ,榕基软件,2011-08-17,6.63,6.6884,6.5748,6.6624,414088,1.5926,1067040000,4255848000,45.977,
002474.SZ,榕基软件,2011-08-18,6.6348,6.7939,6.5748,6.578,558264,2.1472,1053520000,4201924000,45.3945,
002474.SZ,榕基软件,2011-08-19,6.4725,6.8037,6.4498,6.8037,905150,3.4813,1089660000,4346067000,46.9517,
002474.SZ,榕基软件,2011-08-22,6.6884,6.8004,6.6267,6.7128,1546691,5.9488,1075100000,4287995000,44.0157,
002474.SZ,榕基软件,2011-08-23,6.7209,7.0212,6.7209,7.0212,1763989,6.7846,1124500000,4485025000,46.0382,
002474.SZ,榕基软件,2011-08-24,7.0423,7.0537,6.94,6.9449,841347,3.2359,1112280000,4436286000,45.5379,
002474.SZ,榕基软件,2011-08-25,6.94,7.0115,6.8686,6.9611,652590,2.51,1114880000,4446656000,45.6444,
002474.SZ,榕基软件,2011-08-26,6.8994,6.9806,6.8621,6.9206,524590,2.0177,1108380000,4420731000,45.3783,
002474.SZ,榕基软件,2011-08-29,6.8556,7.0228,6.8361,6.9287,484422,1.8632,1109680000,4425916000,45.4315,
002474.SZ,榕基软件,2011-08-30,6.9319,7.0602,6.8605,7.0033,899987,3.4615,1121640000,4473618000,45.9211,
002474.SZ,榕基软件,2011-08-31,6.9498,6.9969,6.6576,6.6576,1001353,3.8514,1066260000,4252737000,43.6538,
002474.SZ,榕基软件,2011-09-01,6.6559,6.7046,6.5439,6.5975,544676,2.0949,1056640000,4214368000,43.26,
002474.SZ,榕基软件,2011-09-02,6.5975,6.5991,6.4546,6.5569,576149,2.216,1050140000,4188443000,42.9939,
002474.SZ,榕基软件,2011-09-05,6.4936,6.5423,6.3345,6.5066,612781,2.3569,1042080000,4156296000,42.6639,
002474.SZ,榕基软件,2011-09-06,6.4822,6.5423,6.3946,6.4416,209343,0.8052,1031680000,4114816000,42.2381,
002474.SZ,榕基软件,2011-09-07,6.5066,6.591,6.4692,6.591,289895,1.115,1055600000,4210220000,43.2174,
002474.SZ,榕基软件,2011-09-08,6.604,6.6332,6.5553,6.5553,395583,1.5215,1049880000,4187406000,42.9832,
002474.SZ,榕基软件,2011-09-09,6.4968,6.5845,6.3572,6.3572,389648,1.4986,1018160000,4060892000,41.6846,
002474.SZ,榕基软件,2011-09-13,6.2988,6.3572,6.1657,6.1673,383983,1.4769,987740000,3939563000,40.4391,
002474.SZ,榕基软件,2011-09-14,6.242,6.242,5.9254,6.0959,656207,2.5239,976300000,3893935000,39.9708,
002474.SZ,榕基软件,2011-09-15,6.1089,6.2095,6.0959,6.1527,266827,0.5606,1804062740,3930230000,40.3433,
002474.SZ,榕基软件,2011-09-16,6.2014,6.2079,6.1381,6.1527,261221,0.5488,1804062740,3930230000,40.3433,
002474.SZ,榕基软件,2011-09-19,6.1511,6.1884,6.0877,6.1105,234828,0.4933,1791686584,3903268000,40.0666,
002474.SZ,榕基软件,2011-09-20,6.1105,6.2111,6.1072,6.1819,153510,0.3225,1812630848,3948896000,40.5349,
002474.SZ,榕基软件,2011-09-21,6.1705,6.3572,6.1705,6.3442,380391,0.7991,1860231448,4052596000,41.5994,
002474.SZ,榕基软件,2011-09-22,6.341,6.3751,6.1884,6.1884,290793,0.6109,1814534872,3953044000,40.5775,
002474.SZ,榕基软件,2011-09-23,6.0098,6.1819,6.0098,6.0959,329681,0.6926,1787402530,3893935000,39.9708,
002474.SZ,榕基软件,2011-09-26,6.1494,6.1494,6.0309,6.0764,165899,0.3485,1781690458,3881491000,39.843,
002474.SZ,榕基软件,2011-09-27,6.0715,6.1251,6.039,6.0634,246402,0.5176,1777882410,3873195000,39.7579,
002474.SZ,榕基软件,2011-09-28,6.0959,6.1965,5.9563,5.9741,203184,0.4269,1751702080,3816160000,39.1724,
002474.SZ,榕基软件,2011-09-29,6.0228,6.0358,5.7306,5.7403,564401,1.1857,1683157216,3666832000,37.6396,
002474.SZ,榕基软件,2011-09-30,5.7972,5.8264,5.6494,5.7744,225254,0.4732,1693153342,3688609000,37.8631,
002474.SZ,榕基软件,2011-10-10,5.8199,5.8231,5.7306,5.7631,121928,0.2561,1689821300,3681350000,37.7886,
002474.SZ,榕基软件,2011-10-11,5.8767,5.9092,5.7809,5.828,261814,0.55,1708861540,3722830000,38.2144,
002474.SZ,榕基软件,2011-10-12,5.7972,6.0699,5.7972,6.0439,411406,0.8643,1772170338,3860751000,39.6301,
002474.SZ,榕基软件,2011-10-13,6.0666,6.2501,6.0326,6.117,465460,0.9778,1793590608,3907416000,40.1091,
002474.SZ,榕基软件,2011-10-14,6.1916,6.1933,6.0455,6.1916,307421,0.6458,1815486884,3955118000,40.5988,
002474.SZ,榕基软件,2011-10-17,6.2403,6.2907,6.1283,6.2339,411940,0.8654,1827863040,3982080000,40.8756,
002474.SZ,榕基软件,2011-10-18,6.1364,6.3085,6.1364,6.1949,486073,1.0211,1816438896,3957192000,40.6201,
002474.SZ,榕基软件,2011-10-19,6.2192,6.302,6.1527,6.2533,370890,0.7792,1833575112,3994524000,41.0033,
002474.SZ,榕基软件,2011-10-20,6.1884,6.2761,6.1218,6.1916,324032,0.6807,1815486884,3955118000,40.5988,
002474.SZ,榕基软件,2011-10-21,6.1689,6.2127,6.1056,6.1527,94023,0.1975,1804062740,3930230000,40.3433,
002474.SZ,榕基软件,2011-10-24,6.1202,6.1527,5.9546,6.1202,343440,0.7215,1794542620,3909490000,40.1304,
002474.SZ,榕基软件,2011-10-25,6.1202,6.1202,6.1202,6.1202,--,--,1794542620,3909490000,40.1304,
002474.SZ,榕基软件,2011-10-26,6.2517,6.4141,6.1689,6.2582,1156474,2.4295,1835003130,3997635000,37.9514,
002474.SZ,榕基软件,2011-10-27,6.2517,6.3313,6.2355,6.2566,546280,1.1476,1834527124,3996598000,37.9415,
002474.SZ,榕基软件,2011-10-28,6.3313,6.3637,6.2176,6.3313,679836,1.4282,1856423400,4044300000,38.3944,
002474.SZ,榕基软件,2011-10-31,6.3313,6.5179,6.2663,6.4936,762847,1.6026,1904024000,4148000000,39.3789,
002474.SZ,榕基软件,2011-11-01,6.4254,6.5699,6.3475,6.3475,1466714,3.0813,1861183460,4054670000,38.4928,
002474.SZ,榕基软件,2011-11-02,6.2826,6.7858,6.2274,6.7485,3043998,6.3949,1978756942,4310809000,40.9245,
002474.SZ,榕基软件,2011-11-03,6.7501,7.2728,6.7501,6.8394,6426540,13.501,2005413278,4368881000,41.4758,
002474.SZ,榕基软件,2011-11-04,6.867,7.1267,6.867,6.9644,5436665,11.4214,2042065740,4448730000,42.2338,
002474.SZ,榕基软件,2011-11-07,7.0293,7.0569,6.8718,6.9043,3353351,7.0448,2024453518,4410361000,41.8696,
002474.SZ,榕基软件,2011-11-08,6.9011,6.9806,6.6722,6.7063,3837263,8.0614,1966380786,4283847000,40.6685,
002474.SZ,榕基软件,2011-11-09,6.7128,7.0537,6.7128,7.0212,3352738,7.0435,2058725950,4485025000,42.5784,
002474.SZ,榕基软件,2011-11-10,6.9514,7.1738,6.9157,7.0374,3444382,7.236,2063486010,4495395000,42.6768,
002474.SZ,榕基软件,2011-11-11,7.0602,7.0991,6.8572,6.8832,1981393,4.1625,2018265440,4396880000,41.7416,
002474.SZ,榕基软件,2011-11-14,6.9822,7.3199,6.9806,7.2355,2405729,5.054,2121558742,4621909000,43.8779,
002474.SZ,榕基软件,2011-11-15,7.2241,7.4433,7.1787,7.3378,1961311,4.1203,2151547120,4687240000,44.4981,
002474.SZ,榕基软件,2011-11-16,7.3134,7.4335,7.1105,7.1673,1224885,2.5733,2101566490,4578355000,43.4644,
002474.SZ,榕基软件,2011-11-17,7.1251,7.2533,6.9628,7.1982,1517193,3.1873,2110610604,4598058000,43.6515,
002474.SZ,榕基软件,2011-11-18,7.1121,7.1267,6.8994,6.9481,1824006,3.8319,2037305680,4438360000,42.1354,
002474.SZ,榕基软件,2011-11-21,6.9481,7.1072,6.8475,7.005,1280672,2.6905,2053965890,4474655000,42.4799,
002474.SZ,榕基软件,2011-11-22,6.9011,7.0456,6.8004,7.0098,832657,1.7493,2055393908,4477766000,42.5095,
002474.SZ,榕基软件,2011-11-23,7.0293,7.0488,6.9514,7.005,1071231,2.2505,2053965890,4474655000,42.4799,
002474.SZ,榕基软件,2011-11-24,6.979,7.1868,6.9287,7.1267,585222,1.2294,2089666340,4552430000,43.2183,
002474.SZ,榕基软件,2011-11-25,7.1267,7.2144,7.0861,7.0878,480075,1.0085,2078242196,4527542000,42.982,
002474.SZ,榕基软件,2011-11-28,7.0959,7.1267,7.0066,7.1105,636898,1.338,2084906280,4542060000,43.1198,
002474.SZ,榕基软件,2011-11-29,7.1754,7.2371,7.0861,7.2176,847912,1.7813,2116322676,4610502000,43.7696,
002474.SZ,榕基软件,2011-11-30,7.2144,7.2144,6.6072,6.815,2259407,4.7466,1998273188,4353326000,41.3281,
002474.SZ,榕基软件,2011-12-01,6.979,7.1089,6.9287,6.9481,1021060,2.1451,2037305680,4438360000,42.1354,
002474.SZ,榕基软件,2011-12-02,6.9481,6.9611,6.8264,6.9368,368986,0.7752,2033973638,4431101000,42.0665,
002474.SZ,榕基软件,2011-12-05,6.8994,6.9644,6.7371,6.7696,437034,0.9181,1984945020,4324290000,41.0525,
002474.SZ,榕基软件,2011-12-06,6.6559,6.8134,6.6186,6.7728,464191,0.9752,1985897032,4326364000,41.0721,
002474.SZ,榕基软件,2011-12-07,6.6576,6.8978,6.6365,6.8637,316862,0.6657,2012553368,4384436000,41.6235,
002474.SZ,榕基软件,2011-12-08,6.8215,7.0618,6.7777,7.0293,529612,1.1126,2061105980,4490210000,42.6276,
002474.SZ,榕基软件,2011-12-09,7.0342,7.143,6.9368,7.0001,527615,1.1084,2052537872,4471544000,42.4504,
002474.SZ,榕基软件,2011-12-12,6.9157,7.0569,6.8183,6.9319,579124,1.2166,2032545620,4427990000,42.0369,
002474.SZ,榕基软件,2011-12-13,6.9076,6.9157,6.6884,6.7777,462283,0.9712,1987325050,4329475000,41.1017,
002474.SZ,榕基软件,2011-12-14,6.6998,6.8102,6.6316,6.6316,164483,0.3455,1944484510,4236145000,40.2157,
002474.SZ,榕基软件,2011-12-15,6.5764,6.7777,6.5764,6.7063,359748,0.7558,1966380786,4283847000,40.6685,
002474.SZ,榕基软件,2011-12-16,6.7063,6.8313,6.6007,6.7371,962169,2.0213,1975424900,4303550000,40.8556,
002474.SZ,榕基软件,2011-12-19,6.6657,6.8329,6.5699,6.8167,836466,1.7573,1998749194,4354363000,41.338,
002474.SZ,榕基软件,2011-12-20,6.7387,6.9449,6.7387,6.8507,670099,1.4078,2008745320,4376140000,41.5447,
002474.SZ,榕基软件,2011-12-21,6.8881,6.9319,6.7371,6.7696,511045,1.0736,1984945020,4324290000,41.0525,
002474.SZ,榕基软件,2011-12-22,6.6884,6.7696,6.3296,6.5342,534538,1.123,1915924150,4173925000,39.625,
002474.SZ,榕基软件,2011-12-23,6.5261,6.6397,6.4611,6.6397,259220,0.5446,1946864540,4241330000,40.2649,
002474.SZ,榕基软件,2011-12-26,6.5585,6.703,6.5553,6.5585,247760,0.5205,1923064240,4189480000,39.7726,
002474.SZ,榕基软件,2011-12-27,6.5585,6.5585,6.2923,6.2988,543172,1.1411,1846903280,4023560000,38.1975,
002474.SZ,榕基软件,2011-12-28,6.1202,6.2501,5.8621,6.2176,923499,1.9401,1823102980,3971710000,37.7053,
002474.SZ,榕基软件,2011-12-29,6.1381,6.2079,6.0098,6.1446,474309,0.9964,1801682710,3925045000,37.2622,
002474.SZ,榕基软件,2011-12-30,6.1446,6.3946,6.1446,6.3313,711956,1.4957,1856423400,4044300000,38.3944,
002474.SZ,榕基软件,2012-01-04,6.3345,6.4205,6.0066,6.0066,281912,0.6835,1525983526,3836900000,36.4254,
002474.SZ,榕基软件,2012-01-05,6.0066,6.0082,5.4059,5.4059,1128615,2.7365,1373385173.4,3453210000,32.7829,
002474.SZ,榕基软件,2012-01-06,5.3572,5.414,5.0342,5.1949,1203532,2.9182,1319769536,3318400000,31.5031,
002474.SZ,榕基软件,2012-01-09,5.19,5.4871,5.0001,5.479,981797,2.3805,1391944432.5,3499875000,33.2259,
002474.SZ,榕基软件,2012-01-10,5.4351,5.7436,5.3572,5.7127,968280,2.3478,1451334061.62,3649203000,34.6435,
002474.SZ,榕基软件,2012-01-11,5.6332,5.9887,5.6088,5.8605,870606,2.1109,1488865007.8,3743570000,35.5394,
002474.SZ,榕基软件,2012-01-12,5.8231,5.8864,5.6575,5.7144,724780,1.7573,1451746489.6,3650240000,34.6534,
002474.SZ,榕基软件,2012-01-13,5.7144,5.7452,5.4222,5.5033,595374,1.4436,1398130852.2,3515430000,33.3736,
002474.SZ,榕基软件,2012-01-16,5.4384,5.4384,5.1137,5.1137,720650,1.7473,1299148137,3266550000,31.0108,
002474.SZ,榕基软件,2012-01-17,5.0569,5.3329,5.0163,5.3166,1799103,4.3622,1350701634.5,3396175000,32.2414,
002474.SZ,榕基软件,2012-01-18,5.3004,5.4222,4.8702,4.8702,916663,2.2226,1237283940,3111000000,29.5341,
002474.SZ,榕基软件,2012-01-19,4.7079,5.0796,4.6916,4.8832,1122738,2.7223,1240583363.84,3119296000,29.6129,
002474.SZ,榕基软件,2012-01-20,4.8702,5.0812,4.8702,5.0634,393227,0.9534,1286362869.62,3234403000,30.7057,
002474.SZ,榕基软件,2012-01-30,5.1381,5.2858,5.0342,5.2095,644460,1.5626,1323481387.82,3327733000,31.5917,
002474.SZ,榕基软件,2012-01-31,5.1965,5.2663,5.1299,5.2144,286191,0.6939,1324718671.76,3330844000,31.6212,
002474.SZ,榕基软件,2012-02-01,5.2111,5.4222,5.1949,5.2598,617411,1.497,1336266655.2,3359880000,31.8969,
002474.SZ,榕基软件,2012-02-02,5.3085,5.4043,5.2679,5.3929,297050,0.7202,1370085749.56,3444914000,32.7041,
002474.SZ,榕基软件,2012-02-03,5.3897,5.6007,5.3264,5.5455,876845,2.1261,1408853979.68,3542392000,33.6295,
002474.SZ,榕基软件,2012-02-06,5.5926,5.7777,5.4692,5.7111,712849,1.7284,1450921633.64,3648166000,34.6337,
002474.SZ,榕基软件,2012-02-07,5.6981,5.7436,5.6332,5.7387,828348,2.0085,1457932909.3,3665795000,34.8011,
002474.SZ,榕基软件,2012-02-08,5.6819,5.9059,5.6787,5.8442,703647,1.7061,1484740728,3733200000,35.441,
002474.SZ,榕基软件,2012-02-09,5.8442,5.9254,5.7663,5.8345,602262,1.4603,1482266160.12,3726978000,35.3819,
002474.SZ,榕基软件,2012-02-10,5.8442,5.8588,5.7485,5.8118,517890,1.2557,1476492168.4,3712460000,35.2441,
002474.SZ,榕基软件,2012-02-13,5.8118,6.0472,5.7712,6.0472,974464,2.3627,1536294225.5,3862825000,36.6716,
002474.SZ,榕基软件,2012-02-14,6.0472,6.0796,5.9416,6.0455,400786,0.9718,1535881797.52,3861788000,36.6617,
002474.SZ,榕基软件,2012-02-15,6.0374,6.052,5.9011,6.0309,1049990,2.5459,1532169945.7,3852455000,36.5731,
002474.SZ,榕基软件,2012-02-16,5.9903,6.0261,5.914,5.9822,351321,0.8518,1519797106.3,3821345000,36.2778,
002474.SZ,榕基软件,2012-02-17,5.9741,6.0066,5.9173,5.9741,229338,0.5561,1517734966.4,3816160000,36.2285,
002474.SZ,榕基软件,2012-02-20,6.0066,6.1511,5.854,6.0147,647182,1.5692,1528045665.9,3842085000,36.4747,
002474.SZ,榕基软件,2012-02-21,5.992,6.0666,5.8897,6.0228,326339,0.7913,1530107805.8,3847270000,36.5239,
002474.SZ,榕基软件,2012-02-22,6.0553,6.2631,5.9903,6.2631,698166,1.6928,1591147146.84,4000746000,37.9809,
002474.SZ,榕基软件,2012-02-23,6.2631,6.2826,6.1218,6.1527,611965,1.4838,1563102044.2,3930230000,37.3115,
002474.SZ,榕基软件,2012-02-24,6.1511,6.2144,6.0926,6.2144,582110,1.4114,1578774307.44,3969636000,37.6856,
002474.SZ,榕基软件,2012-02-27,6.2144,6.3037,6.1316,6.1478,940205,2.2797,1561864760.26,3927119000,37.2819,
002474.SZ,榕基软件,2012-02-28,6.1413,6.2468,5.8929,5.953,1214075,2.9437,1512373402.66,3802679000,36.1006,
002474.SZ,榕基软件,2012-02-29,5.9595,6.0877,5.8946,6.0877,1153315,2.7964,1546604925,3888750000,31.5164,
002474.SZ,榕基软件,2012-03-01,6.0066,6.1024,5.9822,6.0066,574675,1.3934,1525983526,3836900000,31.0962,
002474.SZ,榕基软件,2012-03-02,6.0472,6.1689,6.0439,6.1235,971511,2.3556,1555678340.56,3911564000,31.7013,
002474.SZ,榕基软件,2012-03-05,6.1332,6.2176,6.1202,6.1689,854610,2.0721,1567226324,3940600000,31.9366,
002474.SZ,榕基软件,2012-03-06,6.1267,6.3069,6.1267,6.2582,1564255,3.7928,1589909862.9,3997635000,32.3988,
002474.SZ,榕基软件,2012-03-07,6.2501,6.3783,6.2127,6.2907,1249749,3.0302,1598158422.5,4018375000,32.5669,
002474.SZ,榕基软件,2012-03-08,6.2809,6.3556,6.2679,6.3329,1270493,3.0805,1608881549.98,4045337000,32.7854,
002474.SZ,榕基软件,2012-03-09,6.3572,6.5991,6.3572,6.5991,1753006,4.2505,1676519738.7,4215405000,34.1638,
002474.SZ,榕基软件,2012-03-12,6.5861,6.7322,6.4936,6.5423,991482,2.404,1662084759.4,4179110000,33.8696,
002474.SZ,榕基软件,2012-03-13,6.5277,6.6884,6.479,6.6624,790864,1.9176,1692604429.92,4255848000,34.4915,
002474.SZ,榕基软件,2012-03-14,6.6641,6.8751,6.3751,6.4936,2030852,4.9241,1649711920,4148000000,33.6175,
002474.SZ,榕基软件,2012-03-15,6.4968,6.6559,6.315,6.6381,1245830,3.0207,1686418010.22,4240293000,34.3655,
002474.SZ,榕基软件,2012-03-16,6.6576,6.8167,6.6072,6.8102,1281097,3.1062,1730135376.1,4350215000,35.2563,
002474.SZ,榕基软件,2012-03-19,6.867,6.9449,6.7371,6.8102,1065911,2.5845,1730135376.1,4350215000,35.2563,
002474.SZ,榕基软件,2012-03-20,6.802,6.802,6.5748,6.6933,1275676,3.0931,1700440561.54,4275551000,34.6512,
002474.SZ,榕基软件,2012-03-21,6.6559,6.703,6.1852,6.2826,2819719,6.8369,1596096282.6,4013190000,32.5249,
002474.SZ,榕基软件,2012-03-22,6.3248,6.38,6.1722,6.3085,2053039,4.9779,1602695130.28,4029782000,33.7286,
002474.SZ,榕基软件,2012-03-23,6.2955,6.2955,6.0472,6.13,1193031,2.8927,1557328052.48,3915712000,32.7738,
002474.SZ,榕基软件,2012-03-26,6.1202,6.1933,6.0877,6.1494,767291,1.8604,1562277188.24,3928156000,32.878,
002474.SZ,榕基软件,2012-03-27,6.2306,6.2988,6.1381,6.1852,694844,1.6848,1571350603.8,3950970000,33.069,
002474.SZ,榕基软件,2012-03-28,6.1137,6.1689,5.8085,5.8459,761751,1.847,1485153155.98,3734237000,31.2549,
002474.SZ,榕基软件,2012-03-29,5.8459,5.8459,5.4871,5.7209,1185665,2.8748,1453396201.52,3654388000,30.5866,
002474.SZ,榕基软件,2012-03-30,5.7046,5.7355,5.4546,5.5114,1375046,3.334,1400192992.1,3520615000,29.467,
002474.SZ,榕基软件,2012-04-05,5.5358,5.7468,5.4709,5.7176,1575314,3.8196,1452571345.56,3652314000,30.5693,
002474.SZ,榕基软件,2012-04-06,5.6868,5.8783,5.6657,5.7842,1425259,3.4558,1469480892.74,3694831000,30.9251,
002474.SZ,榕基软件,2012-04-09,5.7842,5.7874,5.552,5.5845,1657872,4.0198,1418752251.2,3567280000,29.8575,
002474.SZ,榕基软件,2012-04-10,5.5683,5.6251,5.341,5.5358,1624582,3.9391,1406379411.8,3536170000,29.5971,
002474.SZ,榕基软件,2012-04-11,5.44,5.5179,5.354,5.479,1538060,3.7293,1391944432.5,3499875000,29.2934,
002474.SZ,榕基软件,2012-04-12,5.479,5.479,5.479,5.479,--,--,1391944432.5,3499875000,29.2934,
002474.SZ,榕基软件,2012-04-13,5.6332,5.7176,5.6105,5.6803,2000971,4.8517,1443085502.02,3628463000,30.3696,
002474.SZ,榕基软件,2012-04-16,5.6381,5.841,5.6007,5.7631,1299963,3.152,1464119329,3681350000,30.8123,
002474.SZ,榕基软件,2012-04-17,5.7939,5.9043,5.7517,5.8215,1863929,4.5194,1478966736.28,3718682000,31.1247,
002474.SZ,榕基软件,2012-04-18,5.8426,5.8913,5.6819,5.8296,1623118,3.9355,1481028876.18,3723867000,31.1681,
002474.SZ,榕基软件,2012-04-19,5.8118,5.8929,5.7355,5.8442,1277114,3.0966,1484740728,3733200000,31.2463,
002474.SZ,榕基软件,2012-04-20,5.8426,5.9238,5.8118,5.9157,1227805,2.977,1502887559.12,3778828000,31.6282,
002474.SZ,榕基软件,2012-04-23,5.9579,6.0066,5.6868,5.6981,1572628,3.8131,1447622209.8,3639870000,28.2795,
002474.SZ,榕基软件,2012-04-24,5.6261,5.7636,5.4689,5.6785,1859035,2.2538,1430300234.64,3596316000,27.9411,
002474.SZ,榕基软件,2012-04-25,5.6326,5.7636,5.6163,5.685,1074786,1.303,1431949946.56,3600464000,27.9734,
002474.SZ,榕基软件,2012-04-26,5.7145,5.8946,5.6883,5.8488,2190219,2.6553,1473192744.56,3704164000,28.7791,
002474.SZ,榕基软件,2012-04-27,5.8553,5.9699,5.7342,5.816,1401281,1.6988,1464944184.96,3683424000,28.6179,
002474.SZ,榕基软件,2012-05-02,5.8946,5.9568,5.8029,5.8619,1934089,2.3448,1476492168.4,3712460000,28.8435,
002474.SZ,榕基软件,2012-05-03,5.8946,5.911,5.7964,5.8913,2246873,2.724,1483915872.04,3731126000,28.9885,
002474.SZ,榕基软件,2012-05-04,5.9798,6.0813,5.9143,6.0092,2989909,3.6248,1513610686.6,3805790000,29.5686,
002474.SZ,榕基软件,2012-05-07,5.9306,6.2876,5.8717,6.2548,5423181,6.5747,1575474883.6,3961340000,30.7772,
002474.SZ,榕基软件,2012-05-08,6.2548,6.2548,6.2548,6.2548,--,--,1575474883.6,3961340000,30.7772,
002474.SZ,榕基软件,2012-05-09,6.114,6.1468,5.9699,6.0485,4035772,4.8927,1523508958.12,3830678000,29.762,
002474.SZ,榕基软件,2012-05-10,6.0453,6.137,6.006,6.0977,3520398,4.2679,1535881797.52,3861788000,30.0037,
002474.SZ,榕基软件,2012-05-11,6.1206,6.1468,5.8815,5.8815,3129166,3.7936,1481441304.16,3724904000,28.9402,
002474.SZ,榕基软件,2012-05-14,5.9601,5.9699,5.6916,5.7309,2437037,2.9545,1443497930,3629500000,28.199,
002474.SZ,榕基软件,2012-05-15,5.6523,5.6687,5.4951,5.6064,3224498,3.9092,1412153403.52,3550688000,27.5866,
002474.SZ,榕基软件,2012-05-16,5.6064,5.6556,5.4689,5.4885,1477970,1.7918,1382458588.96,3476024000,27.0065,
002474.SZ,榕基软件,2012-05-17,5.5344,5.6523,5.5016,5.6523,1403751,1.7018,1423701386.96,3579724000,27.8122,
002474.SZ,榕基软件,2012-05-18,5.6228,5.6523,5.4984,5.5344,1236803,1.4994,1394006572.4,3505060000,27.2321,
002474.SZ,榕基软件,2012-05-21,5.5344,5.5802,5.4361,5.5213,965405,1.1704,1390707148.56,3496764000,27.1677,
002474.SZ,榕基软件,2012-05-22,5.5671,5.6457,5.5671,5.6359,957866,1.1613,1419577107.16,3569354000,27.7317,
002474.SZ,榕基软件,2012-05-23,5.6392,5.6752,5.5573,5.6032,1137260,1.3787,1411328547.56,3548614000,27.5705,
002474.SZ,榕基软件,2012-05-24,5.6195,5.7702,5.5278,5.6654,2203583,2.6715,1427000810.8,3588020000,27.8767,
002474.SZ,榕基软件,2012-05-25,5.6392,5.6392,5.5475,5.5671,1113499,1.3499,1402255132,3525800000,27.3933,
002474.SZ,榕基软件,2012-05-28,5.6326,5.7276,5.5671,5.6556,2144816,2.6002,1424526242.92,3581798000,27.8283,
002474.SZ,榕基软件,2012-05-29,5.6588,5.7767,5.6261,5.7735,2493843,3.0234,1454221057.48,3656462000,28.4084,
002474.SZ,榕基软件,2012-05-30,5.8946,5.9765,5.8455,5.9339,5212555,6.3194,1494638999.52,3758088000,29.198,
002474.SZ,榕基软件,2012-05-31,5.8913,5.9601,5.8324,5.9405,2239928,2.7155,1496288711.44,3762236000,29.2302,
002474.SZ,榕基软件,2012-06-01,5.9274,6.042,5.9274,6.0322,4144678,5.0247,1519384678.32,3820308000,29.6814,
002474.SZ,榕基软件,2012-06-04,5.8946,6.0289,5.8291,5.8455,3164269,3.8361,1472367888.6,3702090000,28.7629,
002474.SZ,榕基软件,2012-06-05,5.8128,5.8913,5.7735,5.7833,1844335,2.2359,1456695625.36,3662684000,28.4568,
002474.SZ,榕基软件,2012-06-06,5.8128,5.8946,5.7997,5.8455,1446924,1.7542,1472367888.6,3702090000,28.7629,
002474.SZ,榕基软件,2012-06-07,5.9437,5.9765,5.6654,5.6654,1898049,2.3011,1427000810.8,3588020000,27.8767,
002474.SZ,榕基软件,2012-06-08,5.7145,5.7505,5.577,5.6097,1408263,1.7073,1412978259.48,3552762000,27.6028,
002474.SZ,榕基软件,2012-06-11,5.6326,5.7898,5.6097,5.78,1396281,1.6928,1455870769.4,3660610000,28.4407,
002474.SZ,榕基软件,2012-06-12,5.7243,5.9568,5.6654,5.9044,2131912,2.5846,1487215295.88,3739422000,29.053,
002474.SZ,榕基软件,2012-06-13,5.9208,6.0354,5.911,5.9732,2050936,2.4864,1504537271.04,3782976000,29.3914,
002474.SZ,榕基软件,2012-06-14,5.9765,6.0223,5.8422,5.8455,1590523,1.9282,1472367888.6,3702090000,28.7629,
002474.SZ,榕基软件,2012-06-15,5.8488,5.947,5.8193,5.9044,1110880,1.3468,1487215295.88,3739422000,29.053,
002474.SZ,榕基软件,2012-06-18,5.9437,5.9863,5.9044,5.911,1388243,1.683,1488865007.8,3743570000,29.0852,
002474.SZ,榕基软件,2012-06-19,5.911,6.1075,5.8946,6.0551,4176498,5.0633,1525158670.04,3834826000,29.7942,
002474.SZ,榕基软件,2012-06-20,6.0944,6.2417,6.0354,6.1501,5369490,6.5096,1549079492.88,3894972000,30.2615,
002474.SZ,榕基软件,2012-06-21,6.1468,6.1697,6.0289,6.1402,3016353,3.6568,1546604925,3888750000,30.2132,
002474.SZ,榕基软件,2012-06-25,6.0846,6.2385,5.9765,6.0584,2844877,3.4489,1525983526,3836900000,29.8103,
002474.SZ,榕基软件,2012-06-26,6.0584,6.0584,6.0584,6.0584,--,--,1525983526,3836900000,29.8103,
002474.SZ,榕基软件,2012-06-27,6.1435,6.6478,6.1337,6.435,8038560,9.7454,1620841961.4,4075410000,31.6634,
002474.SZ,榕基软件,2012-06-28,6.4382,6.5889,6.34,6.4382,4303516,5.2173,1621666817.36,4077484000,31.6795,
002474.SZ,榕基软件,2012-06-29,6.4382,6.936,6.3269,6.8738,5502858,6.6713,1731372660.04,4353326000,33.8226,
002474.SZ,榕基软件,2012-07-02,6.8771,7.0408,6.7886,6.9196,3674978,4.29,1810090842.74,4382362000,34.0482,
002474.SZ,榕基软件,2012-07-03,6.8836,7.0604,6.7952,6.805,3209312,3.7464,1780108268.44,4309772000,33.4843,
002474.SZ,榕基软件,2012-07-04,6.6806,7.0342,6.5856,6.6282,3335849,3.8941,1733849439.52,4197776000,32.6141,
002474.SZ,榕基软件,2012-07-05,6.6249,6.7068,6.5005,6.6052,3110491,3.631,1727852924.66,4183258000,32.5013,
002474.SZ,榕基软件,2012-07-06,6.6642,6.7428,6.5496,6.7199,3832347,4.4737,1757835498.96,4255848000,33.0653,
002474.SZ,榕基软件,2012-07-09,6.6937,6.9524,6.6347,6.6413,4099803,4.7859,1737276019.44,4206072000,32.6786,
002474.SZ,榕基软件,2012-07-10,6.6445,6.7068,6.3171,6.4579,2492328,2.9094,1689303900.56,4089928000,31.7762,
002474.SZ,榕基软件,2012-07-11,6.4841,6.6937,6.4382,6.6183,2024757,2.3636,1731279504.58,4191554000,32.5658,
002474.SZ,榕基软件,2012-07-12,6.6216,6.8443,6.5234,6.8214,2160250,2.5218,1784391493.34,4320142000,33.5648,
002474.SZ,榕基软件,2012-07-13,6.8116,6.8378,6.6249,6.7657,2430053,2.8367,1769828528.68,4284884000,33.2909,
002474.SZ,榕基软件,2012-07-16,6.7461,6.7788,6.0977,6.2548,4526146,5.2836,1636191911.8,3961340000,30.7772,
002474.SZ,榕基软件,2012-07-17,6.2254,6.2548,5.9306,6.0584,2918555,3.407,1584793213,3836900000,29.8103,
002474.SZ,榕基软件,2012-07-18,6.042,6.0878,5.8324,6.0878,3725417,4.3488,1592503017.82,3855566000,29.9554,
002474.SZ,榕基软件,2012-07-19,6.0223,6.3203,6.0092,6.2155,4199902,4.9027,1625912172.04,3936452000,30.5838,
002474.SZ,榕基软件,2012-07-20,6.0616,6.2876,6.0616,6.2614,1650668,1.9269,1637905201.76,3965488000,30.8094,
002474.SZ,榕基软件,2012-07-23,6.1894,6.3105,6.1206,6.245,1033765,1.2068,1633621976.86,3955118000,30.7288,
002474.SZ,榕基软件,2012-07-24,6.1501,6.2745,6.1402,6.173,1261323,1.4724,1614775787.3,3909490000,30.3743,
002474.SZ,榕基软件,2012-07-25,6.173,6.2679,6.173,6.2221,1374804,1.6049,1627625462,3940600000,30.616,
002474.SZ,榕基软件,2012-07-26,6.2254,6.2647,6.1664,6.2123,908358,1.0604,1625055527.06,3934378000,30.5677,
002474.SZ,榕基软件,2012-07-27,6.2155,6.2679,5.8455,5.8946,2538129,2.9629,1541960964,3733200000,29.0046,
002474.SZ,榕基软件,2012-07-30,5.8881,5.9077,5.7047,5.7964,3351597,3.9125,1516261614.6,3670980000,28.5212,
002474.SZ,榕基软件,2012-07-31,5.7309,5.875,5.7145,5.8128,1374063,1.604,1520544839.5,3681350000,28.6018,
002474.SZ,榕基软件,2012-08-01,5.8128,5.9699,5.7178,5.7342,2555809,2.9835,1499985359.98,3631574000,27.2668,
002474.SZ,榕基软件,2012-08-02,5.6818,5.9208,5.6588,5.7866,2180066,2.5449,1513691679.66,3664758000,27.516,
002474.SZ,榕基软件,2012-08-03,5.7735,5.9667,5.7735,5.947,1655646,1.9327,1555667283.68,3766384000,28.279,
002474.SZ,榕基软件,2012-08-06,5.9175,6.3105,5.8324,6.2483,4009973,4.681,1634478621.84,3957192000,29.7116,
002474.SZ,榕基软件,2012-08-07,6.2286,6.4219,6.2155,6.2221,2814317,3.2853,1627625462,3940600000,29.587,
002474.SZ,榕基软件,2012-08-08,6.1959,6.2123,6.0747,6.1108,3281969,3.8312,1598499532.68,3870084000,29.0576,
002474.SZ,榕基软件,2012-08-09,6.0911,6.3171,6.0911,6.281,1932374,2.2557,1643045071.64,3977932000,29.8673,
002474.SZ,榕基软件,2012-08-10,6.2548,6.3924,6.1959,6.3629,2391268,2.7914,1664461196.14,4029782000,30.2566,
002474.SZ,榕基软件,2012-08-13,6.2909,6.412,6.1992,6.2385,2041475,2.3831,1631908686.9,3950970000,29.6649,
002474.SZ,榕基软件,2012-08-14,6.1894,6.2843,6.0191,6.2778,1719384,2.0071,1642188426.66,3975858000,29.8518,
002474.SZ,榕基软件,2012-08-15,6.2548,6.2843,6.1402,6.1894,1681405,1.9628,1619059012.2,3919860000,29.4313,
002474.SZ,榕基软件,2012-08-16,6.1599,6.3596,6.0846,6.3203,3074882,3.5894,1653324811.4,4002820000,30.0542,
002474.SZ,榕基软件,2012-08-17,6.281,6.3957,6.2581,6.3891,2167233,2.5299,1671314355.98,4046374000,30.3812,
002474.SZ,榕基软件,2012-08-20,6.3924,6.4022,6.1926,6.3531,2073560,2.4206,1661891261.2,4023560000,30.2099,
002474.SZ,榕基软件,2012-08-21,6.3105,6.5987,6.3105,6.5561,4082681,4.7659,1715003249.96,4152148000,31.1754,
002474.SZ,榕基软件,2012-08-22,6.543,6.638,6.4841,6.566,2466829,2.8796,1717573184.9,4158370000,31.2221,
002474.SZ,榕基软件,2012-08-23,6.566,6.6478,6.4939,6.5758,1408093,1.6437,1720143119.84,4164592000,31.2688,
002474.SZ,榕基软件,2012-08-24,6.5201,6.5496,6.2057,6.2319,3561351,4.1573,1630195396.94,3946822000,29.6338,
002474.SZ,榕基软件,2012-08-27,6.2221,6.3171,6.0944,6.1992,1630112,1.9029,1621628947.14,3926082000,29.478,
002474.SZ,榕基软件,2012-08-28,6.2221,6.3367,6.1108,6.3007,1055586,1.2322,1648184941.52,3990376000,29.9608,
002474.SZ,榕基软件,2012-08-29,6.2385,6.4841,6.2385,6.2941,1426836,1.6656,1646471651.56,3986228000,29.9296,
002474.SZ,榕基软件,2012-08-30,6.3465,6.4186,6.0223,6.0977,1852400,2.1624,1595072952.76,3861788000,28.9953,
002474.SZ,榕基软件,2012-08-31,6.042,6.0878,5.9077,5.9863,2422762,2.8282,1565947023.44,3791272000,28.4659,
002474.SZ,榕基软件,2012-09-03,5.9339,6.1075,5.9339,6.0747,1543877,1.8022,1589076437.9,3847270000,28.8863,
002474.SZ,榕基软件,2012-09-04,6.0911,6.2941,6.0551,6.1632,1504701,1.7565,1612205852.36,3903268000,29.3067,
002474.SZ,榕基软件,2012-09-05,6.1239,6.3531,6.1009,6.3203,1644466,1.9197,1653324811.4,4002820000,30.0542,
002474.SZ,榕基软件,2012-09-06,6.3203,6.3826,6.2745,6.3498,1201472,1.4025,1661034616.22,4021486000,30.1944,
002474.SZ,榕基软件,2012-09-07,6.3989,6.5823,6.3891,6.4317,2711863,3.1657,1682450740.72,4073336000,30.5837,
002474.SZ,榕基软件,2012-09-10,6.4513,6.566,6.3793,6.4153,2517202,2.9384,1678167515.82,4062966000,30.5058,
002474.SZ,榕基软件,2012-09-11,6.3924,6.4906,6.3367,6.4513,1780583,2.0786,1687590610.6,4085780000,30.6771,
002474.SZ,榕基软件,2012-09-12,6.471,6.5005,6.4186,6.4743,2577468,3.0088,1693587125.46,4100298000,30.7861,
002474.SZ,榕基软件,2012-09-13,6.5005,6.5299,6.3858,6.3858,1323948,1.5455,1670457711,4044300000,30.3657,
002474.SZ,榕基软件,2012-09-14,6.4186,6.4775,6.2548,6.3465,1535123,1.792,1660177971.24,4019412000,30.1788,
002474.SZ,榕基软件,2012-09-17,6.4284,6.4284,6.1108,6.1173,1097040,1.2806,1600212822.64,3874232000,29.0887,
002474.SZ,榕基软件,2012-09-18,6.0911,6.1926,6.0649,6.1566,1579312,1.8436,1610492562.4,3899120000,29.2756,
002474.SZ,榕基软件,2012-09-19,6.1566,6.2712,6.114,6.2057,1298641,1.516,1623342237.1,3930230000,29.5092,
002474.SZ,榕基软件,2012-09-20,6.1402,6.1992,5.9732,5.9732,822647,0.9603,1562520443.52,3782976000,28.4036,
002474.SZ,榕基软件,2012-09-21,5.9306,6.0092,5.9208,5.9241,1067063,1.2456,1549670768.82,3751866000,28.17,
002474.SZ,榕基软件,2012-09-24,5.8881,6.0125,5.8062,5.9929,1106126,1.2912,1567660313.4,3795420000,28.497,
002474.SZ,榕基软件,2012-09-25,5.9994,5.9994,5.5671,5.6425,2342057,2.734,1475999300.54,3573502000,26.8308,
002474.SZ,榕基软件,2012-09-26,5.6654,5.6654,5.2397,5.3379,2146116,2.5053,1396331317.4,3380620000,25.3826,
002474.SZ,榕基软件,2012-09-27,5.3707,5.5639,5.2462,5.5016,2163073,2.5251,1439163566.4,3484320000,26.1612,
002474.SZ,榕基软件,2012-09-28,5.482,5.5999,5.4067,5.5508,1989082,2.3219,1452013241.1,3515430000,26.3948,
002474.SZ,榕基软件,2012-10-08,5.5671,5.6326,5.5016,5.5475,684139,0.7986,1451156596.12,3513356000,26.3792,
002474.SZ,榕基软件,2012-10-09,5.6326,5.8193,5.5573,5.7735,1800685,2.102,1510265099.74,3656462000,27.4537,
002474.SZ,榕基软件,2012-10-10,5.8128,5.8455,5.7178,5.78,957757,1.118,1511978389.7,3660610000,27.4848,
002474.SZ,榕基软件,2012-10-11,5.78,5.8488,5.685,5.7309,1058585,1.2357,1499128715,3629500000,27.2512,
002474.SZ,榕基软件,2012-10-12,5.7309,5.8193,5.5246,5.5868,1214169,1.4174,1461436335.88,3538244000,26.5661,
002474.SZ,榕基软件,2012-10-15,5.6359,5.6359,5.3248,5.3674,1939726,2.2643,1404041122.22,3399286000,25.5227,
002474.SZ,榕基软件,2012-10-16,5.3707,5.4656,5.3445,5.3707,1572490,1.8356,1404897767.2,3401360000,25.5383,
002474.SZ,榕基软件,2012-10-17,5.4034,5.4198,5.2986,5.3379,2890978,3.3748,1396331317.4,3380620000,25.3826,
002474.SZ,榕基软件,2012-10-18,5.3772,5.4492,5.3346,5.4165,1939975,2.2646,1416890796.92,3430396000,25.7563,
002474.SZ,榕基软件,2012-10-19,5.4231,5.6981,5.3641,5.6163,3527088,4.1173,1469146140.7,3556910000,26.7062,
002474.SZ,榕基软件,2012-10-22,5.5213,5.5802,5.4525,5.5737,2377209,2.775,1458009755.96,3529948000,26.5038,
002474.SZ,榕基软件,2012-10-23,5.5639,5.5639,5.3969,5.4034,2283517,2.6657,1413464217,3422100000,25.694,
002474.SZ,榕基软件,2012-10-24,5.3543,5.4198,5.3412,5.387,713283,0.8326,1409180992.1,3411730000,25.6162,
002474.SZ,榕基软件,2012-10-25,5.3969,5.4034,5.2397,5.2659,1629209,1.9018,1377485127.84,3334992000,25.04,
002474.SZ,榕基软件,2012-10-26,5.2397,5.2397,4.8336,4.8467,4377535,5.1101,1267834570.4,3069520000,23.8639,
002474.SZ,榕基软件,2012-10-29,4.7976,4.9449,4.7484,4.8139,2112014,2.4654,1259268120.6,3048780000,23.7027,
002474.SZ,榕基软件,2012-10-30,4.8139,4.8631,4.7452,4.8565,2165532,2.5279,1270404505.34,3075742000,23.9123,
002474.SZ,榕基软件,2012-10-31,4.8434,4.922,4.8074,4.8925,1466184,1.7115,1279827600.12,3098556000,24.0897,
002474.SZ,榕基软件,2012-11-01,4.8925,4.922,4.85,4.8631,4452365,5.1974,1272117795.3,3079890000,23.9445,
002474.SZ,榕基软件,2012-11-02,4.8827,4.9024,4.8008,4.8762,2296548,2.6809,1275544375.22,3088186000,24.009,
002474.SZ,榕基软件,2012-11-05,4.8434,4.9122,4.8434,4.8565,1694831,1.9785,1270404505.34,3075742000,23.9123,
002474.SZ,榕基软件,2012-11-06,4.8729,4.8794,4.7353,4.8139,1422384,1.6604,1259268120.6,3048780000,23.7027,
002474.SZ,榕基软件,2012-11-07,4.7877,4.8238,4.7386,4.7976,1178369,1.3756,1254984895.7,3038410000,23.6221,
002474.SZ,榕基软件,2012-11-08,4.7353,4.7353,4.6371,4.6797,1717069,2.0044,1224145676.42,2963746000,23.0416,
002474.SZ,榕基软件,2012-11-09,4.6437,4.6862,4.5061,4.5159,1804624,2.1066,1181313427.42,2860046000,22.2354,
002474.SZ,榕基软件,2012-11-12,4.5618,4.5618,4.4865,4.5356,930416,1.0861,1186453297.3,2872490000,22.3321,
002474.SZ,榕基软件,2012-11-13,4.529,4.6698,4.5192,4.5683,1852128,2.1621,1195019747.1,2893230000,22.4934,
002474.SZ,榕基软件,2012-11-14,4.5683,4.5683,4.4013,4.5356,1649608,1.9257,1186453297.3,2872490000,22.3321,
002474.SZ,榕基软件,2012-11-15,4.5028,4.5487,4.421,4.421,689760,0.8052,1156470723,2799900000,21.7678,
002474.SZ,榕基软件,2012-11-16,4.3882,4.457,4.3227,4.3915,999262,1.1665,1148760918.18,2781234000,21.6226,
002474.SZ,榕基软件,2012-11-19,4.4079,4.4242,4.3162,4.421,554969,0.6478,1156470723,2799900000,21.7678,
002474.SZ,榕基软件,2012-11-20,4.4341,4.5782,4.4013,4.5192,1805553,2.1077,1182170072.4,2862120000,22.2515,
002474.SZ,榕基软件,2012-11-21,4.5094,4.588,4.4537,4.5487,1640585,1.9151,1189879877.22,2880786000,22.3966,
002474.SZ,榕基软件,2012-11-22,4.5258,4.5421,4.457,4.4701,576197,0.6726,1169320397.7,2831010000,22.0096,
002474.SZ,榕基软件,2012-11-23,4.4668,4.5421,4.4111,4.421,1150515,1.343,1156470723,2799900000,21.7678,
002474.SZ,榕基软件,2012-11-26,4.421,4.4308,4.3391,4.3424,687330,0.8024,1135911243.48,2750124000,21.3808,
002474.SZ,榕基软件,2012-11-27,4.3358,4.3522,4.0837,4.1,1056667,1.2335,1072519514.96,2596648000,20.1876,
002474.SZ,榕基软件,2012-11-28,4.1262,4.159,3.9952,4.0083,681907,0.796,1048533455.52,2538576000,19.7361,
002474.SZ,榕基软件,2012-11-29,4.0182,4.0575,3.9297,3.9527,666107,0.7776,1033970490.86,2503318000,19.462,
002474.SZ,榕基软件,2012-11-30,3.933,4.028,3.9297,3.9952,666966,0.7786,1045106875.6,2530280000,19.6716,
002474.SZ,榕基软件,2012-12-03,4.0051,4.0542,3.897,3.897,960354,1.1211,1019407526.2,2468060000,19.1879,
002474.SZ,榕基软件,2012-12-04,3.8643,3.9559,3.7824,3.9265,1947800,2.2738,1027117331.02,2486726000,19.333,
002474.SZ,榕基软件,2012-12-05,3.969,4.2048,3.969,4.1623,4331437,5.0563,1088795769.58,2636054000,20.4939,
002474.SZ,榕基软件,2012-12-06,4.1655,4.2638,4.123,4.1655,1865681,2.1779,1089652414.56,2638128000,20.5101,
002474.SZ,榕基软件,2012-12-07,4.1328,4.2638,4.0804,4.2409,2504947,2.9241,1109355249.1,2685830000,20.8809,
002474.SZ,榕基软件,2012-12-10,4.2409,4.4144,4.231,4.3325,2510787,2.931,1133341308.54,2743902000,21.3324,
002474.SZ,榕基软件,2012-12-11,4.3391,4.4799,4.3063,4.4275,3849910,4.4942,1158184012.96,2804048000,21.8,
002474.SZ,榕基软件,2012-12-12,4.4013,4.4275,4.3293,4.4144,1775711,2.0729,1154757433.04,2795752000,21.7355,
002474.SZ,榕基软件,2012-12-13,4.398,4.4046,4.2834,4.3162,1359044,1.5865,1129058083.64,2733532000,21.2518,
002474.SZ,榕基软件,2012-12-14,4.3031,4.5323,4.267,4.5127,3502333,4.0884,1180456782.44,2857972000,22.2192,
002474.SZ,榕基软件,2012-12-17,4.5356,4.6404,4.4799,4.5323,2234325,2.6082,1185596652.32,2870416000,22.316,
002474.SZ,榕基软件,2012-12-18,4.5356,4.5487,4.4537,4.4701,1927319,2.2498,1169320397.7,2831010000,22.0096,
002474.SZ,榕基软件,2012-12-19,4.4308,4.5323,4.4308,4.4897,1051088,1.227,1174460267.58,2843454000,22.1064,
002474.SZ,榕基软件,2012-12-20,4.4832,4.6142,4.4373,4.5192,1658589,1.9361,1182170072.4,2862120000,22.2515,
002474.SZ,榕基软件,2012-12-21,4.4865,4.624,4.4799,4.552,3026040,3.5324,1190736522.2,2882860000,22.4127,
002474.SZ,榕基软件,2012-12-24,4.5389,4.6469,4.493,4.6273,2795153,3.2629,1210439356.74,2930562000,22.7836,
002474.SZ,榕基软件,2012-12-25,4.6175,4.8139,4.5945,4.7845,3898122,4.5505,1251558315.78,3030114000,23.5576,
002474.SZ,榕基软件,2012-12-26,4.8139,4.8663,4.755,4.8532,3405378,3.9753,1269547860.36,3073668000,23.8962,
002474.SZ,榕基软件,2012-12-27,4.8565,4.886,4.7386,4.7419,2468252,2.8813,1240421931.04,3003152000,23.3479,
002474.SZ,榕基软件,2012-12-28,4.7419,4.7419,4.5847,4.696,3527336,4.1176,1228428901.32,2974116000,23.1222,
002474.SZ,榕基软件,2012-12-31,4.7157,4.7812,4.6437,4.7288,2866889,3.3466,1236995351.12,2994856000,23.2834,
002474.SZ,榕基软件,2013-01-04,4.7452,4.7779,4.6175,4.6338,2462607,2.8747,1212152646.7,2934710000,22.8158,
002474.SZ,榕基软件,2013-01-07,4.5945,4.7255,4.5913,4.7222,2493501,2.9108,1235282061.16,2990708000,23.2512,
002474.SZ,榕基软件,2013-01-08,4.7714,4.9056,4.7124,4.8827,7113402,8.3038,1277257665.18,3092334000,24.0413,
002474.SZ,榕基软件,2013-01-09,4.8696,5.0072,4.7976,4.922,5517827,6.4412,1287537404.94,3117222000,24.2348,
002474.SZ,榕基软件,2013-01-10,4.9089,5.0301,4.8794,5.0104,6156370,7.1866,1310666819.4,3173220000,24.6701,
002474.SZ,榕基软件,2013-01-11,5.0432,5.1381,4.8762,4.9122,6544921,7.6402,1284967470,3111000000,24.1864,
002474.SZ,榕基软件,2013-01-14,4.85,5.089,4.85,5.0595,5010679,5.8492,1323516494.1,3204330000,24.912,
002474.SZ,榕基软件,2013-01-15,5.0726,5.1905,5.0399,5.1414,6331936,7.3916,1344932618.6,3256180000,25.3151,
002474.SZ,榕基软件,2013-01-16,5.1218,5.1971,4.958,5.0694,4348501,5.0762,1326086429.04,3210552000,24.9604,
002474.SZ,榕基软件,2013-01-17,5.1676,5.3052,5.0857,5.148,6104247,7.1258,1346645908.56,3260328000,25.3474,
002474.SZ,榕基软件,2013-01-18,5.1512,5.1971,5.0301,5.1283,4504326,5.2581,1341506038.68,3247884000,25.2506,
002474.SZ,榕基软件,2013-01-21,5.1283,5.1611,5.0268,5.0759,4391937,5.1269,1327799719,3214700000,24.9926,
002474.SZ,榕基软件,2013-01-22,5.0759,5.1578,4.8991,4.9548,4522218,5.279,1296103854.74,3137962000,24.396,
002474.SZ,榕基软件,2013-01-23,4.9318,5.0563,4.9122,5.0563,4008285,4.6791,1322659849.12,3202256000,24.8959,
002474.SZ,榕基软件,2013-01-24,5.0366,5.0661,4.7484,4.8205,5340373,6.2341,1260981410.56,3052928000,23.7349,
002474.SZ,榕基软件,2013-01-25,4.8205,4.8467,4.6502,4.6862,3747103,4.3742,1225858966.38,2967894000,23.0738,
002474.SZ,榕基软件,2013-01-28,4.7026,4.8369,4.7026,4.8172,2729508,3.1863,1260124765.58,3050854000,23.7188,
002474.SZ,榕基软件,2013-01-29,4.8631,4.9056,4.8205,4.8336,2854942,3.3327,1264407990.48,3061224000,23.7994,
002474.SZ,榕基软件,2013-01-30,4.9024,5.0268,4.8729,4.9122,4417709,5.157,1284967470,3111000000,24.1864,
002474.SZ,榕基软件,2013-01-31,4.9122,4.9187,4.7386,4.7877,3638110,4.2469,1252414960.76,3032188000,23.5737,
002474.SZ,榕基软件,2013-02-01,4.7484,4.8467,4.7222,4.8369,2556505,2.9843,1265264635.46,3063298000,23.8155,
002474.SZ,榕基软件,2013-02-04,4.8336,4.8762,4.7648,4.7779,2539243,2.9642,1249845025.82,3025966000,23.5253,
002474.SZ,榕基软件,2013-02-05,4.7484,4.9286,4.7419,4.9155,2447969,2.8576,1285824114.98,3113074000,24.2025,
002474.SZ,榕基软件,2013-02-06,4.9286,5.0792,4.9122,4.9973,4152718,4.8477,1307240239.48,3164924000,24.6056,
002474.SZ,榕基软件,2013-02-07,5.0006,5.0432,4.8467,4.9679,3493646,4.0783,1299530434.66,3146258000,24.4605,
002474.SZ,榕基软件,2013-02-08,4.9711,5.0825,4.9515,5.0628,3330583,3.8879,1324373139.08,3206404000,24.9281,
002474.SZ,榕基软件,2013-02-18,5.1054,5.1611,5.0399,5.1349,3946800,4.6073,1343219328.64,3252032000,25.2829,
002474.SZ,榕基软件,2013-02-19,5.1414,5.22,5.0039,5.0268,4869085,5.6839,1314950044.3,3183590000,24.7508,
002474.SZ,榕基软件,2013-02-20,5.0268,5.1676,4.9744,5.1643,3839158,4.4816,1350929133.46,3270698000,25.428,
002474.SZ,榕基软件,2013-02-21,5.1381,5.2298,5.053,5.1316,4518608,5.2748,1342362683.66,3249958000,25.2667,
002474.SZ,榕基软件,2013-02-22,5.125,5.1905,5.0759,5.0759,3256977,3.802,1327799719,3214700000,24.9926,
002474.SZ,榕基软件,2013-02-25,5.0923,5.1676,5.0006,5.1447,3658985,4.2713,1345789263.58,3258254000,25.3312,
002474.SZ,榕基软件,2013-02-26,5.1087,5.5213,5.0628,5.3314,10056921,11.7399,1394618027.44,3376472000,26.2503,
002474.SZ,榕基软件,2013-02-27,5.3183,5.3936,5.1938,5.2135,5025753,5.8668,1363778808.16,3301808000,25.6698,
002474.SZ,榕基软件,2013-02-28,5.125,5.3379,4.8434,5.3379,14153423,16.5219,1396331317.4,3380620000,28.1547,
002474.SZ,榕基软件,2013-03-01,5.2364,5.3084,5.148,5.2462,9568771,11.1701,1372345257.96,3322548000,27.6711,
002474.SZ,榕基软件,2013-03-04,5.184,5.2102,4.8958,4.9679,6426993,7.5025,1299530434.66,3146258000,26.2029,
002474.SZ,榕基软件,2013-03-05,4.9515,5.1054,4.9286,5.0988,3350019,3.9106,1333796233.86,3229218000,26.8938,
002474.SZ,榕基软件,2013-03-06,5.1087,5.2888,5.1087,5.2397,5679803,6.6303,1370631968,3318400000,27.6365,
002474.SZ,榕基软件,2013-03-07,5.2495,5.3477,5.0792,5.1349,5843953,6.8219,1343219328.64,3252032000,27.0838,
002474.SZ,榕基软件,2013-03-08,5.1349,5.2331,5.0595,5.0661,2691157,3.1415,1325229784.06,3208478000,26.7211,
002474.SZ,榕基软件,2013-03-11,5.0563,5.1545,5.0334,5.1185,1705279,1.9906,1338936103.74,3241662000,26.9974,
002474.SZ,榕基软件,2013-03-12,5.125,5.2069,4.8991,4.9973,3649477,4.2602,1307240239.48,3164924000,26.3583,
002474.SZ,榕基软件,2013-03-13,4.9449,4.9875,4.7812,4.8729,3193639,3.7281,1274687730.24,3086112000,25.702,
002474.SZ,榕基软件,2013-03-14,4.85,4.9024,4.8303,4.8401,1272583,1.4855,1266121280.44,3065372000,25.5292,
002474.SZ,榕基软件,2013-03-15,4.8401,4.9318,4.755,4.7648,2726291,3.1825,1246418445.9,3017670000,25.132,
002474.SZ,榕基软件,2013-03-18,4.7484,4.7943,4.6829,4.6862,2219923,2.5914,1225858966.38,2967894000,24.7174,
002474.SZ,榕基软件,2013-03-19,4.6928,4.7419,4.6633,4.7091,1340611,1.565,1231855481.24,2982412000,24.8383,
002474.SZ,榕基软件,2013-03-20,4.8074,5.0104,4.8074,4.9548,5569112,6.5011,1296103854.74,3137962000,25.236,
002474.SZ,榕基软件,2013-03-21,4.9613,5.017,4.9318,5.017,3773200,4.4046,1312380109.36,3177368000,25.5529,
002474.SZ,榕基软件,2013-03-22,4.9941,5.1742,4.981,5.0988,3958901,4.6214,1333796233.86,3229218000,25.9699,
002474.SZ,榕基软件,2013-03-25,5.0661,5.1676,5.0301,5.1349,2921546,3.4105,1343219328.64,3252032000,26.1534,
002474.SZ,榕基软件,2013-03-26,5.1087,5.125,4.9941,5.0595,2295828,2.68,1323516494.1,3204330000,25.7698,
002474.SZ,榕基软件,2013-03-27,5.0104,5.1054,4.9842,5.053,2375086,2.7725,1321803204.14,3200182000,25.7364,
002474.SZ,榕基软件,2013-03-28,4.9941,4.9941,4.8074,4.8074,2549213,2.9758,1257554830.64,3044632000,24.4854,
002474.SZ,榕基软件,2013-03-29,4.8041,4.9056,4.7746,4.7746,1278192,1.4921,1248988380.84,3023892000,24.3186,
002474.SZ,榕基软件,2013-04-01,4.7484,4.9122,4.7419,4.8532,1456968,1.7008,1269547860.36,3073668000,24.7189,
002474.SZ,榕基软件,2013-04-02,4.8303,4.9351,4.7714,4.7877,1371924,1.6015,1252414960.76,3032188000,24.3854,
002474.SZ,榕基软件,2013-04-03,4.8139,4.827,4.6437,4.6666,1562873,1.8244,1220719096.5,2955450000,23.7682,
002474.SZ,榕基软件,2013-04-08,4.5847,4.7452,4.5225,4.7321,1655869,1.933,1237851996.1,2996930000,24.1018,
002474.SZ,榕基软件,2013-04-09,4.7419,4.8336,4.7321,4.791,1137653,1.328,1253271605.74,3034262000,24.402,
002474.SZ,榕基软件,2013-04-10,4.7976,4.8401,4.7452,4.791,1081178,1.2621,1253271605.74,3034262000,24.402,
002474.SZ,榕基软件,2013-04-11,4.791,4.8401,4.755,4.7877,914300,1.0673,1252414960.76,3032188000,24.3854,
002474.SZ,榕基软件,2013-04-12,4.8336,4.8598,4.7845,4.7845,1092444,1.2518,1274972608.59,3030114000,24.3687,
002474.SZ,榕基软件,2013-04-15,4.7812,4.8205,4.6764,4.6862,1231512,1.4112,1248792472.89,2967894000,23.8683,
002474.SZ,榕基软件,2013-04-16,4.6535,4.7812,4.6044,4.7714,1088760,1.2476,1271481923.83,3021818000,24.302,
002474.SZ,榕基软件,2013-04-17,4.7714,4.8631,4.7714,4.8107,1176504,1.3482,1281953978.11,3046706000,24.5021,
002474.SZ,榕基软件,2013-04-18,4.7615,4.9024,4.7615,4.8729,1655780,1.8974,1298534730.72,3086112000,24.819,
002474.SZ,榕基软件,2013-04-19,4.9175,4.9821,4.8481,4.9622,3762792,2.8745,1309006790,3111000000,25.0192,
002474.SZ,榕基软件,2013-04-22,4.7637,4.7736,4.5454,4.6992,9108431,6.9583,1239629430.13,2946117000,27.0895,
002474.SZ,榕基软件,2013-04-23,4.6645,4.6744,4.5206,4.5255,3684318,2.8146,1193814192.48,2837232000,26.0883,
002474.SZ,榕基软件,2013-04-24,4.5404,4.6694,4.4958,4.6297,3694765,2.8226,1221303335.07,2902563000,26.6891,
002474.SZ,榕基软件,2013-04-25,4.595,4.6446,4.466,4.466,3391133,2.5906,1178106111,2799900000,25.7451,
002474.SZ,榕基软件,2013-04-26,4.4511,4.4858,4.3767,4.3965,2298976,1.7563,1159780015.94,2756346000,25.3446,
002474.SZ,榕基软件,2013-05-02,4.3916,4.461,4.3618,4.3965,1434313,1.0957,1159780015.94,2756346000,25.3446,
002474.SZ,榕基软件,2013-05-03,4.4362,4.5652,4.4362,4.5206,2239105,1.7105,1192505185.69,2834121000,26.0597,
002474.SZ,榕基软件,2013-05-06,4.5305,4.7141,4.5305,4.6694,3031425,2.3158,1231775389.39,2927451000,26.9179,
002474.SZ,榕基软件,2013-05-07,4.6595,4.6992,4.5553,4.6,3010613,2.2999,1213449294.33,2883897000,26.5174,
002474.SZ,榕基软件,2013-05-08,4.6099,4.6496,4.5355,4.6,3313215,2.5311,1213449294.33,2883897000,26.5174,
002474.SZ,榕基软件,2013-05-09,4.5851,4.6,4.3667,4.4858,7636893,5.8341,1183342138.16,2812344000,25.8595,
002474.SZ,榕基软件,2013-05-10,4.4908,4.5553,4.4561,4.5404,4452454,3.4014,1197741212.85,2846565000,26.1742,
002474.SZ,榕基软件,2013-05-13,4.5206,4.6893,4.4908,4.6843,5495705,4.1984,1235702409.76,2936784000,27.0037,
002474.SZ,榕基软件,2013-05-14,4.6496,4.7042,4.5454,4.5553,3345943,2.5561,1201668233.22,2855898000,26.26,
002474.SZ,榕基软件,2013-05-15,4.5553,4.6347,4.5355,4.6297,2488612,1.9011,1221303335.07,2902563000,26.6891,
002474.SZ,榕基软件,2013-05-16,4.6149,4.6992,4.595,4.6297,4493800,3.433,1221303335.07,2902563000,26.6891,
002474.SZ,榕基软件,2013-05-17,4.6347,4.7141,4.6149,4.6893,5041216,3.8512,1237011416.55,2939895000,27.0323,
002474.SZ,榕基软件,2013-05-20,4.7042,4.8977,4.7042,4.8828,7451278,5.6923,1288062681.36,3061224000,28.1479,
002474.SZ,榕基软件,2013-05-21,4.863,5.1408,4.853,5.1359,11972156,9.146,1354822027.65,3219885000,29.6068,
002474.SZ,榕基软件,2013-05-22,5.1408,5.25,4.9275,5.0317,10427707,7.9661,1327332885.06,3154554000,29.0061,
002474.SZ,榕基软件,2013-05-23,5.0168,5.2054,4.9424,5.0813,8932347,6.8238,1340422952.96,3185664000,29.2922,
002474.SZ,榕基软件,2013-05-24,5.0813,5.1905,5.0267,5.1805,6853609,5.2357,1366603088.76,3247884000,29.8643,
002474.SZ,榕基软件,2013-05-27,5.2153,5.3741,5.1508,5.2599,7858031,6.003,1387547197.4,3297660000,30.322,
002474.SZ,榕基软件,2013-05-28,5.2302,5.25,5.0019,5.0763,6081605,4.646,1339113946.17,3182553000,29.2636,
002474.SZ,榕基软件,2013-05-29,5.0763,5.1359,5.0366,5.0912,3892058,2.9733,1343040966.54,3191886000,29.3494,
002474.SZ,榕基软件,2013-05-30,5.0664,5.1359,4.987,5.1011,4882231,3.7297,1345658980.12,3198108000,29.4066,
002474.SZ,榕基软件,2013-05-31,5.1011,5.2897,5.1011,5.2004,9301383,7.1057,1371839115.92,3260328000,29.9787,
002474.SZ,榕基软件,2013-06-03,5.2351,5.2401,5.0267,5.0664,5033918,3.8456,1336495932.59,3176331000,29.2063,
002474.SZ,榕基软件,2013-06-04,5.0664,5.0664,4.8828,4.9126,5168397,3.9483,1295916722.1,3079890000,28.3196,
002474.SZ,榕基软件,2013-06-05,4.9126,5.1359,4.8778,5.1359,6407018,4.8946,1354822027.65,3219885000,29.6068,
002474.SZ,榕基软件,2013-06-06,5.0317,5.0565,4.9175,4.9523,4819487,3.6818,1306388776.42,3104778000,28.5484,
002474.SZ,榕基软件,2013-06-07,4.9622,5.0118,4.7985,4.8332,2659787,2.0319,1274972613.46,3030114000,27.8619,
002474.SZ,榕基软件,2013-06-13,4.7935,4.7935,4.5603,4.5851,2757506,2.1066,1209522273.96,2874564000,26.4316,
002474.SZ,榕基软件,2013-06-14,4.6149,4.7488,4.59,4.6992,2906542,2.2204,1239629430.13,2946117000,27.0895,
002474.SZ,榕基软件,2013-06-17,4.724,4.7637,4.6198,4.6595,2488651,1.9012,1229157375.81,2921229000,26.8607,
002474.SZ,榕基软件,2013-06-18,4.6645,4.7786,4.5503,4.7538,3991479,3.0492,1254028504.82,2980338000,27.4042,
002474.SZ,榕基软件,2013-06-19,4.7786,4.7786,4.6149,4.7091,2378552,1.8171,1242247443.71,2952339000,27.1467,
002474.SZ,榕基软件,2013-06-20,4.6645,4.6794,4.461,4.466,2880351,2.2004,1178106111,2799900000,25.7451,
002474.SZ,榕基软件,2013-06-21,4.3717,4.5752,4.2625,4.5255,2955050,2.2575,1193814192.48,2837232000,26.0883,
002474.SZ,榕基软件,2013-06-24,4.5007,4.5156,4.1087,4.2427,2890186,2.2079,1119200805.45,2659905000,24.4578,
002474.SZ,榕基软件,2013-06-25,4.1732,4.2923,3.8457,4.2625,3719836,2.8417,1124436832.61,2672349000,24.5722,
002474.SZ,榕基软件,2013-06-26,4.2228,4.4263,4.198,4.4164,3088767,2.3596,1165016043.1,2768790000,25.459,
002474.SZ,榕基软件,2013-06-27,4.4015,4.466,4.1385,4.1534,4168072,3.1841,1095638683.23,2603907000,23.9429,
002474.SZ,榕基软件,2013-06-28,4.1534,4.2427,4.074,4.1186,2925073,2.2346,1086475635.7,2582130000,23.7427,
002474.SZ,榕基软件,2013-07-01,4.1236,4.208,4.069,4.208,1561070,1.1926,1110037757.92,2638128000,24.2576,
002474.SZ,榕基软件,2013-07-02,4.203,4.4809,4.1683,4.4561,5290468,4.0416,1175488097.42,2793678000,25.6879,
002474.SZ,榕基软件,2013-07-03,4.4164,4.5106,4.2973,4.4561,3784147,2.8909,1175488097.42,2793678000,25.6879,
002474.SZ,榕基软件,2013-07-04,4.4412,4.5454,4.3519,4.4908,3895328,2.9758,1184651144.95,2815455000,25.8881,
002474.SZ,榕基软件,2013-07-05,4.6049,4.6049,4.3866,4.4114,3401022,2.5982,1163707036.31,2765679000,25.4304,
002474.SZ,榕基软件,2013-07-08,4.3568,4.3568,4.0492,4.0591,4773381,3.6466,1070767554.22,2544798000,23.3994,
002474.SZ,榕基软件,2013-07-09,4.069,4.1186,4.0194,4.069,1939651,1.4818,1073385567.8,2551020000,23.4566,
002474.SZ,榕基软件,2013-07-10,4.0988,4.198,4.0591,4.1931,2306210,1.7618,1106110737.55,2628795000,24.1718,
002474.SZ,榕基软件,2013-07-11,4.1931,4.3667,4.1782,4.327,4032204,3.0804,1141453920.88,2712792000,24.9441,
002474.SZ,榕基软件,2013-07-12,4.3022,4.4561,4.2774,4.332,3721238,2.8428,1142762927.67,2715903000,24.9727,
002474.SZ,榕基软件,2013-07-15,4.3469,4.5057,4.3419,4.4759,4537890,3.4667,1180724124.58,2806122000,25.8023,
002474.SZ,榕基软件,2013-07-16,4.4908,4.5553,4.4461,4.4858,5096441,3.8934,1183342138.16,2812344000,25.8595,
002474.SZ,榕基软件,2013-07-17,4.4561,4.595,4.4213,4.4362,4596299,3.5113,1170252070.26,2781234000,25.5734,
002474.SZ,榕基软件,2013-07-18,4.3965,4.7389,4.3965,4.6893,8365560,6.3908,1237011416.55,2939895000,27.0323,
002474.SZ,榕基软件,2013-07-19,4.6744,5.0615,4.6694,4.8828,16000748,12.2236,1288062681.36,3061224000,28.1479,
002474.SZ,榕基软件,2013-07-22,4.863,5.1408,4.7836,5.1359,10532699,8.0463,1354822027.65,3219885000,29.6068,
002474.SZ,榕基软件,2013-07-23,5.1111,5.3592,5.0118,5.25,12770607,9.756,1384929183.82,3291438000,30.2648,
002474.SZ,榕基软件,2013-07-24,5.2153,5.4981,5.1408,5.4187,13457098,10.2804,1429435414.68,3397212000,31.2373,
002474.SZ,榕基软件,2013-07-25,5.3691,5.4981,4.9622,5.0912,11809872,9.022,1343040966.54,3191886000,29.3494,
002474.SZ,榕基软件,2013-07-26,5.0416,5.6023,5.0267,5.5527,16313126,12.4622,1464778598.01,3481209000,32.0097,
002474.SZ,榕基软件,2013-07-29,5.4038,5.5924,5.3294,5.3542,10759332,8.2195,1412418326.41,3356769000,30.8655,
002474.SZ,榕基软件,2013-07-30,5.3195,5.379,5.0366,5.1011,8011235,6.1201,1345658980.12,3198108000,29.4066,
002474.SZ,榕基软件,2013-07-31,5.1408,5.4435,5.0763,5.2103,10442667,7.9775,1374457129.5,3266550000,30.0359,
002474.SZ,榕基软件,2013-08-01,5.3741,5.7313,5.3741,5.7313,15433383,11.7901,1511902842.45,3593205000,33.0395,
002474.SZ,榕基软件,2013-08-02,6.0043,6.307,5.8554,5.9943,39325916,30.0426,1581280202.32,3758088000,34.5556,
002474.SZ,榕基软件,2013-08-05,5.8306,5.9745,5.7909,5.8901,16841318,12.8657,1553791059.73,3692757000,33.9549,
002474.SZ,榕基软件,2013-08-06,5.8356,6.0837,5.8058,5.9149,15900130,12.1467,1560336093.68,3708312000,34.0979,
002474.SZ,榕基软件,2013-08-07,5.8951,5.905,5.6073,5.6321,11395786,8.7057,1485722706.65,3530985000,32.4674,
002474.SZ,榕基软件,2013-08-08,5.6023,5.7959,5.5577,5.6718,6799112,5.1941,1496194760.97,3555873000,32.6962,
002474.SZ,榕基软件,2013-08-09,5.6619,5.7313,5.3641,5.4386,10331579,7.8927,1434671441.84,3409656000,31.3518,
002474.SZ,榕基软件,2013-08-12,5.4138,5.508,5.3145,5.4584,8983011,6.8625,1439907469,3422100000,31.4662,
002474.SZ,榕基软件,2013-08-13,5.4584,5.6172,5.4038,5.6073,8487781,6.4841,1479177672.7,3515430000,32.3244,
002474.SZ,榕基软件,2013-08-14,5.6073,5.9348,5.4733,5.8852,15713390,12.0041,1552482052.94,3689646000,33.9263,
002474.SZ,榕基软件,2013-08-15,5.8455,5.9298,5.7313,5.781,9878223,7.5463,1524992910.35,3624315000,33.3256,
002474.SZ,榕基软件,2013-08-16,5.6867,6.1432,5.6222,5.8703,15675831,11.9754,1548555032.57,3680313000,31.3474,
002474.SZ,榕基软件,2013-08-19,5.7661,6.1829,5.7611,6.173,14235081,10.8747,1628404446.76,3870084000,32.9638,
002474.SZ,榕基软件,2013-08-20,6.1631,6.2921,6.0092,6.1134,13207629,10.0898,1612696365.28,3832752000,32.6459,
002474.SZ,榕基软件,2013-08-21,6.2425,6.7238,6.1184,6.7238,13770076,10.5195,1773704200.45,4215405000,35.9051,
002474.SZ,榕基软件,2013-08-22,6.9471,7.1357,6.5551,6.5948,31558513,24.1087,1739670023.91,4134519000,35.2162,
002474.SZ,榕基软件,2013-08-23,6.56,6.56,6.1035,6.302,20026061,15.2987,1662438623.3,3950970000,33.6528,
002474.SZ,榕基软件,2013-08-26,6.302,6.4906,6.2524,6.436,12110650,9.2518,1697781806.63,4034967000,34.3682,
002474.SZ,榕基软件,2013-08-27,6.4012,6.8776,6.2276,6.7536,19321579,14.7605,1781558241.19,4234071000,36.0641,
002474.SZ,榕基软件,2013-08-28,6.5501,6.6593,6.3516,6.3665,14163210,10.8198,1679455711.57,3991413000,33.9973,
002474.SZ,榕基软件,2013-08-29,6.297,6.3963,6.2028,6.3219,8237208,6.2927,1667674650.46,3963414000,33.7588,
002474.SZ,榕基软件,2013-08-30,6.2573,6.3367,5.7214,5.7562,12093559,9.2387,1518447876.4,3608760000,30.738,
002474.SZ,榕基软件,2013-09-02,5.7562,5.9447,5.6371,5.8852,5184402,3.9606,1552482052.94,3689646000,31.4269,
002474.SZ,榕基软件,2013-09-03,5.9546,6.1978,5.8554,6.0886,7228424,5.5221,1606151331.33,3817197000,32.5134,
002474.SZ,榕基软件,2013-09-04,6.0539,6.0787,5.8753,5.905,6049047,4.6211,1557718080.1,3702090000,31.5329,
002474.SZ,榕基软件,2013-09-05,5.8604,6.1333,5.8604,6.044,6044449,4.6176,1594370270.22,3789198000,32.2749,
002474.SZ,榕基软件,2013-09-06,5.9795,6.1085,5.9546,6.0539,5564636,4.251,1596988283.8,3795420000,32.3279,
002474.SZ,榕基软件,2013-09-09,6.034,6.0688,5.7562,5.8554,12138440,9.273,1544628012.2,3670980000,31.2679,
002474.SZ,榕基软件,2013-09-10,5.8157,5.9001,5.7165,5.7562,7179856,5.485,1518447876.4,3608760000,30.738,
002474.SZ,榕基软件,2013-09-11,5.7214,5.7214,5.3691,5.5378,8601564,6.5711,1460851577.64,3471876000,29.5721,
002474.SZ,榕基软件,2013-09-12,5.5329,5.6271,5.4485,5.5825,5701860,4.3559,1472632638.75,3499875000,29.8105,
002474.SZ,榕基软件,2013-09-13,5.5378,5.7661,5.4634,5.7065,7190292,5.4929,1505357808.5,3577650000,30.473,
002474.SZ,榕基软件,2013-09-16,5.647,5.8058,5.5726,5.6867,6851294,2.2899,3428819153.34,3565206000,30.367,
002474.SZ,榕基软件,2013-09-17,5.6867,5.7909,5.6023,5.6371,4716455,1.5764,3398899265.44,3534096000,30.102,
002474.SZ,榕基软件,2013-09-18,5.6321,5.7065,5.6073,5.6569,3334055,1.1143,3410867220.6,3546540000,30.208,
002474.SZ,榕基软件,2013-09-23,5.7065,5.8753,5.647,5.8405,5623585,1.8795,3521570805.83,3661647000,31.1884,
002474.SZ,榕基软件,2013-09-24,5.8455,6.1035,5.8107,6.0638,10915834,3.6484,3656210301.38,3801642000,32.3809,
002474.SZ,榕基软件,2013-09-25,6.044,6.173,5.9298,5.9546,7827030,2.616,3590386548,3733200000,31.7979,
002474.SZ,榕基软件,2013-09-26,5.9795,6.0986,5.8951,5.9646,5602171,1.8724,3596370525.58,3739422000,31.8509,
002474.SZ,榕基软件,2013-09-27,6.0043,6.0589,5.8653,5.8703,3701904,1.2373,3539522738.57,3680313000,31.3474,
002474.SZ,榕基软件,2013-09-30,6.0291,6.1581,5.9398,6.0837,6743875,2.254,3668178256.54,3814086000,32.4869,
002474.SZ,榕基软件,2013-10-08,6.1631,6.5451,6.1631,6.3913,12952326,4.329,3853681561.52,4006968000,34.1298,
002474.SZ,榕基软件,2013-10-09,6.302,6.5997,6.2822,6.3913,11514470,3.8484,3853681561.52,4006968000,34.1298,
002474.SZ,榕基软件,2013-10-10,6.302,6.5154,6.1978,6.2176,9626099,3.2173,3748961953.87,3898083000,33.2023,
002474.SZ,榕基软件,2013-10-11,6.2325,6.3913,6.0986,6.1631,8142332,2.7214,3716050077.18,3863862000,32.9108,
002474.SZ,榕基软件,2013-10-14,6.1779,6.4906,6.1035,6.3864,9274114,3.0996,3850689572.73,4003857000,34.1033,
002474.SZ,榕基软件,2013-10-15,6.3913,6.4062,6.1184,6.2176,7545988,2.5221,3748961953.87,3898083000,33.2023,
002474.SZ,榕基软件,2013-10-16,6.2573,6.2772,5.905,5.9497,6158071,2.0582,3587394559.21,3730089000,31.7714,
002474.SZ,榕基软件,2013-10-17,5.9844,6.0886,5.8455,5.8653,5646934,1.8874,3536530749.78,3677202000,31.3209,
002474.SZ,榕基软件,2013-10-18,5.8653,6.0837,5.8356,6.039,4902651,1.6386,3641250357.43,3786087000,32.2484,
002474.SZ,榕基软件,2013-10-21,6.0936,6.3417,6.0936,6.2921,8184476,2.7355,3793841785.72,3944748000,33.5998,
002474.SZ,榕基软件,2013-10-22,6.2822,6.302,6.0092,6.039,6870460,2.2963,3641250357.43,3786087000,32.2484,
002474.SZ,榕基软件,2013-10-23,6.044,6.0638,5.6073,5.7165,6116806,2.0444,3446771086.08,3583872000,30.526,
002474.SZ,榕基软件,2013-10-24,5.7165,5.8207,5.6073,5.6271,3975124,1.3286,3392915287.86,3527874000,30.049,
002474.SZ,榕基软件,2013-10-25,5.6321,5.6867,5.4584,5.508,3961377,1.324,3321107556.9,3453210000,32.2616,
002474.SZ,榕基软件,2013-10-28,5.508,5.6023,5.4088,5.4932,3400162,1.1364,3312131590.53,3443877000,32.1744,
002474.SZ,榕基软件,2013-10-29,5.4932,5.5229,5.0366,5.1756,6275447,2.0974,3120644307.97,3244773000,30.3143,
002474.SZ,榕基软件,2013-10-30,5.1756,5.2649,5.121,5.2351,3066312,1.0248,3156548173.45,3282105000,30.6631,
002474.SZ,榕基软件,2013-10-31,5.2252,5.2451,5.0615,5.1359,2454127,0.8202,3096708397.65,3219885000,30.0818,
002474.SZ,榕基软件,2013-11-01,5.116,5.1706,5.0218,5.1508,2354225,0.7868,3105684364.02,3229218000,30.169,
002474.SZ,榕基软件,2013-11-04,5.1508,5.2798,5.1508,5.1805,1845122,0.6167,3123636296.76,3247884000,30.3434,
002474.SZ,榕基软件,2013-11-05,5.1657,5.3741,5.1309,5.3493,2648081,0.8851,3225363915.62,3353658000,31.3316,
002474.SZ,榕基软件,2013-11-06,5.3294,5.4435,5.2599,5.2599,3131960,1.0468,3171508117.4,3297660000,30.8084,
002474.SZ,榕基软件,2013-11-07,5.2153,5.2599,5.1557,5.1657,1837548,0.6142,3114660330.39,3238551000,30.2562,
002474.SZ,榕基软件,2013-11-08,5.1607,5.1607,4.9622,4.9721,2601847,0.8696,2997972767.58,3117222000,29.1227,
002474.SZ,榕基软件,2013-11-11,4.9473,5.121,4.8977,5.0763,1943715,0.6496,3060804532.17,3182553000,29.733,
002474.SZ,榕基软件,2013-11-12,5.0763,5.1855,5.0466,5.116,1496139,0.5,3084740442.49,3207441000,29.9655,
002474.SZ,榕基软件,2013-11-13,5.1458,5.2847,5.126,5.1756,4882933,1.632,3120644307.97,3244773000,30.3143,
002474.SZ,榕基软件,2013-11-14,5.1954,5.6222,5.1855,5.5726,10317894,3.4485,3360003411.17,3493653000,32.6395,
002474.SZ,榕基软件,2013-11-15,5.6073,5.8256,5.6073,5.6817,11349709,3.7934,3425827164.55,3562095000,33.2789,
002474.SZ,榕基软件,2013-11-18,5.9149,6.0539,5.7611,5.8753,13493251,4.5098,3542514727.36,3683424000,34.4124,
002474.SZ,榕基软件,2013-11-19,5.8753,6.0142,5.7462,5.9249,8940640,2.9882,3572434615.26,3714534000,34.703,
002474.SZ,榕基软件,2013-11-20,6.307,6.5154,6.2673,6.5154,27748297,9.2742,3928481281.27,4084743000,38.1617,
002474.SZ,榕基软件,2013-11-21,6.3764,6.4906,6.1779,6.2276,19667458,6.5734,3754945931.45,3904305000,36.476,
002474.SZ,榕基软件,2013-11-22,6.2028,6.4211,6.1829,6.2871,12955096,4.3299,3790849796.93,3941637000,36.8247,
002474.SZ,榕基软件,2013-11-25,6.2028,6.4955,6.1035,6.2573,10235614,3.421,3772897864.19,3922971000,36.6504,
002474.SZ,榕基软件,2013-11-26,6.1432,6.4261,6.1283,6.3169,13130361,4.3885,3808801729.67,3960303000,36.9991,
002474.SZ,榕基软件,2013-11-27,6.2375,6.4062,6.2028,6.2822,11957225,3.9964,3787857808.14,3938526000,36.7957,
002474.SZ,榕基软件,2013-11-28,6.2921,6.3367,6.1531,6.1531,12941990,4.3255,3710066099.6,3857640000,36.04,
002474.SZ,榕基软件,2013-11-29,6.1432,6.2871,6.0837,6.1085,12657031,4.2303,3683138200.49,3829641000,35.7784,
002474.SZ,榕基软件,2013-12-02,5.905,5.905,5.4981,5.4981,15577582,5.2064,3315123579.32,3446988000,32.2035,
002474.SZ,榕基软件,2013-12-03,5.3096,5.5428,5.2302,5.5229,10268192,3.4319,3330083523.27,3462543000,32.3488,
002474.SZ,榕基软件,2013-12-04,5.4584,5.6817,5.4237,5.5775,7998744,2.6734,3362995399.96,3496764000,32.6685,
002474.SZ,榕基软件,2013-12-05,5.5974,5.7413,5.5626,5.5974,5806947,1.9408,3374963355.12,3509208000,32.7848,
002474.SZ,榕基软件,2013-12-06,5.5924,5.6718,5.5428,5.5726,3875987,1.2955,3360003411.17,3493653000,32.6395,
002474.SZ,榕基软件,2013-12-09,5.5775,5.6718,5.5726,5.647,4067894,1.3596,3404883243.02,3540318000,33.0754,
002474.SZ,榕基软件,2013-12-10,5.6569,5.6917,5.513,5.5428,4750858,1.5879,3342051478.43,3474987000,32.4651,
002474.SZ,榕基软件,2013-12-11,5.5577,5.5577,5.4584,5.508,3826217,1.2788,3321107556.9,3453210000,32.2616,
002474.SZ,榕基软件,2013-12-12,5.4832,5.647,5.4733,5.5577,4202128,1.4045,3351027444.8,3484320000,32.5523,
002474.SZ,榕基软件,2013-12-13,5.5527,5.6271,5.4882,5.5924,3292770,1.1005,3371971366.33,3506097000,32.7557,
002474.SZ,榕基软件,2013-12-16,5.5626,5.652,5.4832,5.5031,4168111,1.3931,3318115568.11,3450099000,32.2326,
002474.SZ,榕基软件,2013-12-17,5.508,5.5775,5.3592,5.379,3522016,1.1771,3243315848.36,3372324000,31.5059,
002474.SZ,榕基软件,2013-12-18,5.3989,5.4832,5.3741,5.379,2373165,0.7932,3243315848.36,3372324000,31.5059,
002474.SZ,榕基软件,2013-12-19,5.384,5.4138,5.2252,5.2351,6306893,2.1079,3156548173.45,3282105000,30.6631,
002474.SZ,榕基软件,2013-12-20,5.2451,5.2947,5.0763,5.1756,5788983,1.9348,3120644307.97,3244773000,30.3143,
002474.SZ,榕基软件,2013-12-23,5.1557,5.2847,5.0019,5.2153,4472223,1.4947,3144580218.29,3269661000,30.5468,
002474.SZ,榕基软件,2013-12-24,5.2351,5.389,5.2252,5.3493,5182293,1.7321,3225363915.62,3353658000,31.3316,
002474.SZ,榕基软件,2013-12-25,5.3046,5.4882,5.3046,5.4535,6436002,2.1511,3288195680.21,3418989000,31.9419,
002474.SZ,榕基软件,2013-12-26,5.4336,5.4882,5.2252,5.2401,5338687,1.7843,3159540162.24,3285216000,30.6921,
002474.SZ,榕基软件,2013-12-27,5.25,5.5775,5.25,5.5428,8536975,2.8533,3342051478.43,3474987000,32.4651,
002474.SZ,榕基软件,2013-12-30,5.6073,5.6817,5.5279,5.6073,11241327,3.7571,3380947332.7,3515430000,32.8429,
002474.SZ,榕基软件,2013-12-31,5.5726,5.5974,5.4237,5.4733,8155555,4.7031,1912690659.14,3431433000,32.0582,
002474.SZ,榕基软件,2014-01-02,5.4535,5.652,5.4088,5.6271,8405315,4.8471,1966447150.92,3527874000,32.9592,
002474.SZ,榕基软件,2014-01-03,5.5874,5.7313,5.5775,5.7016,10731649,6.1887,1992458356.62,3574539000,33.3951,
002474.SZ,榕基软件,2014-01-06,5.647,5.647,5.4237,5.4485,8229591,4.7458,1904020257.24,3415878000,31.9128,
002474.SZ,榕基软件,2014-01-07,5.4386,5.8852,5.379,5.7859,13354127,7.701,2021937723.08,3627426000,33.8892,
002474.SZ,榕基软件,2014-01-08,5.8107,6.1035,5.7562,6.0589,20314932,11.7151,2117312143.98,3798531000,35.4878,
002474.SZ,榕基软件,2014-01-09,6.0043,6.1631,5.8802,5.8802,14206134,8.1923,2054885250.3,3686535000,34.4415,
002474.SZ,榕基软件,2014-01-10,5.8306,6.039,5.7661,5.9398,8931899,5.1508,2075694214.86,3723867000,34.7902,
002474.SZ,榕基软件,2014-01-13,5.9497,6.1531,5.8058,6.1085,11717646,6.7573,2134652947.78,3829641000,35.7784,
002474.SZ,榕基软件,2014-01-14,6.0986,6.2325,6.0489,6.1432,10042779,5.7914,2146791510.44,3851418000,35.9819,
002474.SZ,榕基软件,2014-01-15,6.1531,6.3516,6.0638,6.1631,10872077,6.2696,2153727831.96,3863862000,36.0981,
002474.SZ,榕基软件,2014-01-16,6.1134,6.2822,6.0192,6.0787,8082999,4.6613,2124248465.5,3810975000,35.604,
002474.SZ,榕基软件,2014-01-17,6.0092,6.4261,6.0092,6.3516,13446530,7.7543,2219622886.4,3982080000,37.2026,
002474.SZ,榕基软件,2014-01-20,6.3566,6.3963,6.1432,6.1779,7350750,4.239,2158930073.1,3873195000,36.1853,
002474.SZ,榕基软件,2014-01-21,6.1779,6.3417,6.1531,6.2871,8033481,4.6327,2197079841.46,3941637000,36.8247,
002474.SZ,榕基软件,2014-01-22,6.2822,6.4906,6.2822,6.4161,10835858,6.2488,2242165931.34,4022523000,37.5804,
002474.SZ,榕基软件,2014-01-23,6.3814,6.7387,6.3318,6.6444,13367786,7.7089,2321933628.82,4165629000,38.9174,
002474.SZ,榕基软件,2014-01-24,6.3417,6.9223,6.2127,6.7387,26726748,15.4126,2354881156.04,4224738000,39.4696,
002474.SZ,榕基软件,2014-01-27,6.6295,6.9471,6.565,6.828,12062044,6.9559,2386094602.88,4280736000,39.9928,
002474.SZ,榕基软件,2014-01-28,6.7089,6.7933,6.4955,6.5501,9434944,5.4409,2288986101.6,4106520000,38.3652,
002474.SZ,榕基软件,2014-01-29,6.5501,6.828,6.5402,6.7784,8748557,5.0451,2368753799.08,4249626000,39.7021,
002474.SZ,榕基软件,2014-01-30,6.7784,6.9967,6.5005,6.7089,9837550,5.6731,2344476673.76,4206072000,39.2952,
002474.SZ,榕基软件,2014-02-07,6.5551,6.8776,6.5253,6.8776,9052735,5.2205,2403435406.68,4311846000,40.2834,
002474.SZ,榕基软件,2014-02-10,6.9967,7.5674,6.9818,7.5674,20404545,11.7668,2644472579.5,4744275000,44.3234,
002474.SZ,榕基软件,2014-02-11,7.4929,7.6815,7.2895,7.5922,16641428,9.5967,2653142981.4,4759830000,44.4687,
002474.SZ,榕基软件,2014-02-12,7.4433,7.7659,7.3341,7.612,10332221,5.9583,2660079302.92,4772274000,44.585,
002474.SZ,榕基软件,2014-02-13,7.5426,7.9594,7.354,7.3937,12017857,6.9304,2583779766.2,4635390000,43.3061,
002474.SZ,榕基软件,2014-02-14,7.359,7.8155,7.3441,7.5624,9196687,5.3035,2642738499.12,4741164000,44.2943,
002474.SZ,榕基软件,2014-02-17,7.5624,7.8105,7.5624,7.7559,9498039,5.4773,2710367633.94,4862493000,45.4278,
002474.SZ,榕基软件,2014-02-18,7.7559,7.7559,7.488,7.5029,9247903,5.333,2621929534.56,4703832000,43.9456,
002474.SZ,榕基软件,2014-02-19,7.4582,7.8056,7.4433,7.5922,8248565,4.7567,2653142981.4,4759830000,44.4687,
002474.SZ,榕基软件,2014-02-20,7.5525,7.617,6.8875,6.9421,19319709,11.1412,2425978451.62,4352289000,40.6613,
002474.SZ,榕基软件,2014-02-21,6.9471,7.1654,6.9074,6.9868,10842753,6.2527,2441585175.04,4380288000,40.9228,
002474.SZ,榕基软件,2014-02-24,6.9372,7.1654,6.8081,7.1208,9276381,5.3495,2488405345.3,4464285000,41.7076,
002474.SZ,榕基软件,2014-02-25,7.22,7.5823,6.6047,6.7387,16259158,9.3762,2354881156.04,4224738000,39.4696,
002474.SZ,榕基软件,2014-02-26,6.6543,6.7139,6.2822,6.6295,8989230,5.1839,2316731387.68,4156296000,38.8302,
002474.SZ,榕基软件,2014-02-27,6.6444,7.2349,6.6444,6.8478,17195339,9.9161,2393030924.4,4293180000,40.109,
002474.SZ,榕基软件,2014-02-28,7.1952,7.2597,6.9322,7.1605,15088189,8.701,2502277988.34,4489173000,70.1325,
002474.SZ,榕基软件,2014-03-03,7.1952,7.4681,7.1009,7.3838,11634291,6.7092,2580311605.44,4629168000,72.3196,
002474.SZ,榕基软件,2014-03-04,7.4235,7.4235,7.0711,7.2845,10413360,6.0051,2545629997.84,4566948000,71.3475,
002474.SZ,榕基软件,2014-03-05,7.2845,7.3689,7.0265,7.096,8536172,4.9226,2479734943.4,4448730000,69.5006,
002474.SZ,榕基软件,2014-03-06,7.096,7.1704,6.8379,7.1456,8421438,4.8564,2497075747.2,4479840000,69.9867,
002474.SZ,榕基软件,2014-03-07,7.1307,7.1555,6.8379,7.0314,6776376,3.9078,2457191898.46,4408287000,68.8688,
002474.SZ,榕基软件,2014-03-10,6.9719,6.9719,6.4012,6.4012,7500597,4.3254,2236963690.2,4013190000,62.6964,
002474.SZ,榕基软件,2014-03-11,6.3814,6.6146,6.3665,6.5005,4636835,2.6739,2271645297.8,4075410000,63.6684,
002474.SZ,榕基软件,2014-03-12,6.4558,6.5898,6.1581,6.3814,5785657,3.3364,2230027368.68,4000746000,62.502,
002474.SZ,榕基软件,2014-03-13,6.3814,6.5203,6.3516,6.4856,3463381,1.9972,2266443056.66,4066077000,63.5226,
002474.SZ,榕基软件,2014-03-14,6.4459,6.6245,6.4112,6.5402,3806351,2.195,2285517940.84,4100298000,64.0572,
002474.SZ,榕基软件,2014-03-17,6.5352,6.823,6.5352,6.7933,5039675,2.9063,2373956040.22,4258959000,66.5359,
002474.SZ,榕基软件,2014-03-18,6.8727,6.9074,6.7337,6.8081,4558274,2.6286,2379158281.36,4268292000,66.6817,
002474.SZ,榕基软件,2014-03-19,6.7982,6.7982,6.5551,6.7188,4771228,2.7514,2347944834.52,4212294000,65.8069,
002474.SZ,榕基软件,2014-03-20,6.6692,6.7238,6.4062,6.4161,5026266,2.8985,2242165931.34,4022523000,62.8422,
002474.SZ,榕基软件,2014-03-21,6.3516,6.5402,6.1581,6.5253,5734559,3.307,2280315699.7,4090965000,63.9114,
002474.SZ,榕基软件,2014-03-24,6.5005,6.7188,6.4558,6.5253,5322034,3.0691,2280315699.7,4090965000,63.9114,
002474.SZ,榕基软件,2014-03-25,6.5005,6.6742,6.4161,6.4955,4060627,2.3417,2269911217.42,4072299000,63.6198,
002474.SZ,榕基软件,2014-03-26,6.7982,7.0662,6.7585,6.8925,15102194,8.7091,2408637647.82,4321179000,68.7662,
002474.SZ,榕基软件,2014-03-27,6.8478,7.3441,6.823,7.096,17214096,9.9269,2479734943.4,4448730000,70.796,
002474.SZ,榕基软件,2014-03-28,7.0066,7.1059,6.8032,6.9074,8852758,5.1052,2413839888.96,4330512000,68.9147,
002474.SZ,榕基软件,2014-03-31,6.8578,6.9719,6.6494,6.7039,5446882,3.1411,2342742593.38,4202961000,66.8849,
002474.SZ,榕基软件,2014-04-01,6.6394,7.1456,6.6196,7.1456,9937198,5.7305,2497075747.2,4479840000,71.2911,
002474.SZ,榕基软件,2014-04-02,7.1605,7.1605,6.9124,6.9223,7574366,4.3679,2419042130.1,4339845000,69.0632,
002474.SZ,榕基软件,2014-04-03,6.8975,7.1406,6.8975,7.0364,6534597,3.7683,2458925978.84,4411398000,70.2019,
002474.SZ,榕基软件,2014-04-04,7.0215,7.3242,6.957,7.2498,9344881,5.389,2533491435.18,4545171000,72.3308,
002474.SZ,榕基软件,2014-04-08,7.1704,7.2944,7.1406,7.2944,7344826,4.2356,2549098158.6,4573170000,72.7763,
002474.SZ,榕基软件,2014-04-09,7.3044,7.4235,7.1952,7.2647,8216065,4.738,2538693676.32,4554504000,72.4793,
002474.SZ,榕基软件,2014-04-10,7.2647,7.3937,7.1902,7.2051,9053972,5.2212,2517884711.76,4517172000,71.8852,
002474.SZ,榕基软件,2014-04-11,7.1059,7.1059,6.8826,6.962,9273221,5.3476,2432914773.14,4364733000,69.4593,
002474.SZ,榕基软件,2014-04-14,6.9471,7.0711,6.9322,7.0116,4191300,2.417,2450255576.94,4395843000,69.9544,
002474.SZ,榕基软件,2014-04-15,7.091,7.1208,6.9471,7.0116,5778997,3.3326,2450255576.94,4395843000,69.9544,
002474.SZ,榕基软件,2014-04-16,7.0215,7.0414,6.9521,7.0265,3690542,2.1282,2455457818.08,4405176000,70.1029,
002474.SZ,榕基软件,2014-04-17,7.0265,7.086,7.0215,7.0314,3108545,1.7926,2457191898.46,4408287000,70.1524,
002474.SZ,榕基软件,2014-04-18,7.0017,7.0761,6.957,7.0662,2732645,1.5758,2469330461.12,4430064000,70.499,
002474.SZ,榕基软件,2014-04-21,6.9719,7.1654,6.9719,7.0265,4688961,2.704,2455457818.08,4405176000,70.1029,
002474.SZ,榕基软件,2014-04-22,6.9769,7.0414,6.4012,6.5402,11726347,6.7623,2285517940.84,4100298000,65.2512,
002474.SZ,榕基软件,2014-04-23,6.5253,6.5948,6.4012,6.4409,5134824,2.9611,2250836333.24,4038078000,64.261,
002474.SZ,榕基软件,2014-04-24,6.436,6.5154,6.3417,6.3516,4106579,2.3682,2219622886.4,3982080000,63.3699,
002474.SZ,榕基软件,2014-04-25,6.3715,6.4261,6.0986,6.1134,6006965,3.4641,2136387028.16,3832752000,67.6749,
002474.SZ,榕基软件,2014-04-28,6.1184,6.1482,5.8157,5.8157,4495994,2.5927,2032342205.36,3646092000,64.379,
002474.SZ,榕基软件,2014-04-29,5.91,6.1234,5.8802,6.1234,4255966,2.147,2446127917.64,3838974000,67.7847,
002474.SZ,榕基软件,2014-04-30,6.0986,6.307,6.0291,6.2623,3620407,1.8264,2501631630.52,3926082000,69.3228,
002474.SZ,榕基软件,2014-05-05,6.2623,6.3417,6.2176,6.3318,3018528,1.5228,2529383486.96,3969636000,70.0918,
002474.SZ,榕基软件,2014-05-06,6.302,6.5352,6.2722,6.4558,4476481,2.2583,2578940373.46,4047411000,71.4651,
002474.SZ,榕基软件,2014-05-07,6.431,6.431,6.2276,6.2573,3941737,1.9885,2499649355.06,3922971000,69.2679,
002474.SZ,榕基软件,2014-05-08,6.2773,6.5662,6.2673,6.3371,10393450,2.6216,2521454385.12,3957192000,69.8721,
002474.SZ,榕基软件,2014-05-09,6.2773,6.3171,5.9584,6.078,11266055,2.8417,2418376061.2,3795420000,67.0157,
002474.SZ,榕基软件,2014-05-12,6.1278,6.4367,6.1278,6.4367,10539032,2.6583,2561099894.32,4019412000,70.9707,
002474.SZ,榕基软件,2014-05-13,6.4367,6.4965,6.3371,6.4068,7799247,1.9672,2549206241.56,4000746000,70.6411,
002474.SZ,榕基软件,2014-05-14,6.4168,6.4666,6.2773,6.3968,6008452,1.5155,2545241690.64,3994524000,70.5313,
002474.SZ,榕基软件,2014-05-15,6.4068,6.626,6.3072,6.3371,12448295,3.1399,2521454385.12,3957192000,69.8721,
002474.SZ,榕基软件,2014-05-16,6.3271,6.3869,6.1776,6.2374,8784777,2.2158,2481808875.92,3894972000,68.7735,
002474.SZ,榕基软件,2014-05-19,6.2274,6.3669,6.1876,6.2773,5678741,1.4324,2497667079.6,3919860000,69.2129,
002474.SZ,榕基软件,2014-05-20,6.3271,6.6061,6.3271,6.5064,15967403,4.0275,2588851750.76,4062966000,71.7397,
002474.SZ,榕基软件,2014-05-21,6.4566,6.8253,6.3669,6.8153,24614262,6.2086,2711752829.28,4255848000,75.1455,
002474.SZ,榕基软件,2014-05-22,6.7256,6.8552,6.6758,6.7057,19712888,4.9723,2668142769.16,4187406000,73.937,
002474.SZ,榕基软件,2014-05-23,6.6659,7.184,6.6459,7.0943,25923885,6.5389,2822760255.04,4430064000,78.2216,
002474.SZ,榕基软件,2014-05-26,7.0445,7.1242,6.9449,7.1142,17673814,4.458,2830689356.88,4442508000,78.4413,
002474.SZ,榕基软件,2014-05-27,7.1242,7.3733,6.9747,7.0246,23254144,5.8655,2795008398.6,4386510000,77.4526,
002474.SZ,榕基软件,2014-05-28,6.9847,7.732,6.895,7.5327,51613825,13.0188,2997200495.52,4703832000,83.0555,
002474.SZ,榕基软件,2014-05-29,7.3833,7.7918,7.2139,7.5626,45316928,11.4305,3009094148.28,4722498000,83.3851,
002474.SZ,榕基软件,2014-05-30,7.4132,7.8117,7.3235,7.4729,42568721,10.7373,2973413190,4666500000,82.3963,
002474.SZ,榕基软件,2014-06-03,7.4729,7.4729,7.2139,7.2438,24727088,6.237,2882228518.84,4523394000,79.8695,
002474.SZ,榕基软件,2014-06-04,7.2836,7.4032,7.2039,7.2936,18148610,4.5777,2902051273.44,4554504000,80.4188,
002474.SZ,榕基软件,2014-06-05,7.1939,7.3135,7.1043,7.2936,19641433,4.9543,2902051273.44,4554504000,80.4188,
002474.SZ,榕基软件,2014-06-06,7.3036,7.3833,7.1342,7.184,16123360,4.0669,2858441213.32,4486062000,79.2103,
002474.SZ,榕基软件,2014-06-09,7.1242,7.174,6.9947,7.0744,15442944,3.8953,2814831153.2,4417620000,78.0019,
002474.SZ,榕基软件,2014-06-10,7.1043,7.7818,7.0744,7.7818,50720189,12.7934,3096314268.52,4859382000,85.8021,
002474.SZ,榕基软件,2014-06-11,7.9114,8.4693,7.8516,8.1306,97162268,24.5078,3235073550.72,5077152000,89.6472,
002474.SZ,榕基软件,2014-06-12,7.9911,8.4494,7.9114,8.2999,68682037,17.324,3302470916.36,5182926000,91.5149,
002474.SZ,榕基软件,2014-06-13,8.1605,8.7085,8.0708,8.2701,64777464,16.3392,3290577263.6,5164260000,91.1853,
002474.SZ,榕基软件,2014-06-16,8.1605,8.6188,8.1106,8.2701,49402408,12.461,3290577263.6,5164260000,91.1853,
002474.SZ,榕基软件,2014-06-17,8.2402,9.0971,8.1903,9.0971,78258427,19.7395,3619634989.96,5680686000,100.3038,
002474.SZ,榕基软件,2014-06-18,9.0672,9.3362,8.7184,8.9077,85451876,21.554,3544308522.48,5562468000,98.2164,
002474.SZ,榕基软件,2014-06-19,8.7782,8.838,8.021,8.0409,60157419,15.1738,3199392592.44,5021154000,88.6585,
002474.SZ,榕基软件,2014-06-20,7.9811,8.3996,7.9213,8.3099,39765547,10.0303,3306435467.28,5189148000,91.6247,
002474.SZ,榕基软件,2014-06-23,8.2701,8.5989,8.2202,8.3896,31825239,8.0275,3338151874.64,5238924000,92.5036,
002474.SZ,榕基软件,2014-06-24,8.3199,8.7682,8.2302,8.6288,38097930,9.6096,3433301096.72,5388252000,95.1403,
002474.SZ,榕基软件,2014-06-25,8.569,8.7384,8.2701,8.3697,29975860,7.561,3330222772.8,5226480000,92.2839,
002474.SZ,榕基软件,2014-06-26,8.3199,8.8978,8.29,8.7085,43629933,11.005,3465017504.08,5438028000,96.0192,
002474.SZ,榕基软件,2014-06-27,8.6288,8.848,8.5789,8.6387,32912678,8.3017,3437265647.64,5394474000,95.2502,
002474.SZ,榕基软件,2014-06-30,8.6387,8.7483,8.3996,8.5989,26573993,6.7029,3421407443.96,5369586000,94.8107,
002474.SZ,榕基软件,2014-07-01,8.569,8.7384,8.4295,8.6088,23736268,5.9871,3425371994.88,5375808000,94.9206,
002474.SZ,榕基软件,2014-07-02,8.5789,8.6885,8.3797,8.4793,26621965,6.715,3373832832.92,5294922000,93.4924,
002474.SZ,榕基软件,2014-07-03,8.4195,8.4394,8.3199,8.3697,23852746,6.0165,3330222772.8,5226480000,92.2839,
002474.SZ,榕基软件,2014-07-04,8.4195,8.6487,8.3697,8.5391,26112176,6.5864,3397620138.44,5332254000,94.1516,
002474.SZ,榕基软件,2014-07-07,8.5391,8.549,8.3298,8.3896,18406132,4.6427,3338151874.64,5238924000,92.5036,
002474.SZ,榕基软件,2014-07-08,8.3398,8.6088,8.3099,8.5092,25627896,6.4643,3385726485.68,5313588000,93.822,
002474.SZ,榕基软件,2014-07-09,8.4494,8.4494,8.1505,8.1505,27778740,7.0068,3243002652.56,5089596000,89.8669,
002474.SZ,榕基软件,2014-07-10,8.1306,8.2999,7.9213,7.9811,20582606,5.1917,3175605286.92,4983822000,87.9993,
002474.SZ,榕基软件,2014-07-11,7.9911,8.1106,7.9114,8.0508,11772768,2.9695,3203357143.36,5027376000,88.7683,
002474.SZ,榕基软件,2014-07-14,8.0508,8.2202,8.011,8.1903,12035713,3.0358,3258860856.24,5114484000,90.3064,
002474.SZ,榕基软件,2014-07-15,8.1903,8.1903,7.8516,7.9612,18635848,4.7006,3167676185.08,4971378000,87.7796,
002474.SZ,榕基软件,2014-07-16,7.9512,8.1903,7.8815,8.001,14146181,3.5682,3183534388.76,4996266000,88.219,
002474.SZ,榕基软件,2014-07-17,7.9711,8.0708,7.7719,7.8416,12481049,3.1482,3120101574.04,4896714000,86.4612,
002474.SZ,榕基软件,2014-07-18,7.8017,7.9412,7.7719,7.7818,8167650,2.0602,3096314268.52,4859382000,85.8021,
002474.SZ,榕基软件,2014-07-21,7.7719,7.8217,7.5726,7.6025,10044440,2.5336,3024952351.96,4747386000,83.8245,
002474.SZ,榕基软件,2014-07-22,7.5925,7.742,7.5726,7.6822,8603397,2.1701,3056668759.32,4797162000,84.7034,
002474.SZ,榕基软件,2014-07-23,7.6921,7.732,7.3235,7.4729,13454666,3.3937,2973413190,4666500000,82.3963,
002474.SZ,榕基软件,2014-07-24,7.463,7.6124,7.2438,7.443,13355217,3.3687,2961519537.24,4647834000,82.0667,
002474.SZ,榕基软件,2014-07-25,7.4032,7.9512,7.3633,7.8416,21161606,5.3377,3120101574.04,4896714000,86.4612,
002474.SZ,榕基软件,2014-07-28,7.8516,8.001,7.7719,7.9114,17641091,4.4497,3147853430.48,4940268000,87.2303,
002474.SZ,榕基软件,2014-07-29,7.9512,8.3099,7.9512,8.1106,26684206,6.7307,3227144448.88,5064708000,89.4275,
002474.SZ,榕基软件,2014-07-30,8.1206,8.4394,7.9911,8.3597,32790034,8.2708,3326258221.88,5220258000,92.174,
002474.SZ,榕基软件,2014-07-31,8.29,8.6487,8.2003,8.4095,34019816,8.581,3346080976.48,5251368000,92.7233,
002474.SZ,榕基软件,2014-08-01,8.3597,8.4693,8.0807,8.1505,26378836,6.6537,3243002652.56,5089596000,89.8669,
002474.SZ,榕基软件,2014-08-04,8.1704,8.3099,8.1505,8.2302,14223274,3.5876,3274719059.92,5139372000,90.7458,
002474.SZ,榕基软件,2014-08-05,8.2302,8.3298,8.1007,8.2701,16757161,4.2267,3290577263.6,5164260000,91.1853,
002474.SZ,榕基软件,2014-08-06,8.2501,8.2601,8.1505,8.2202,13651380,3.4434,3270754509,5133150000,90.636,
002474.SZ,榕基软件,2014-08-07,8.2202,8.3697,8.2003,8.2202,19831971,5.0023,3270754509,5133150000,90.636,
002474.SZ,榕基软件,2014-08-08,8.2202,8.3298,8.1405,8.29,17625067,4.4457,3298506365.44,5176704000,91.405,
002474.SZ,榕基软件,2014-08-11,8.3298,8.3398,8.2501,8.3099,16086685,4.0576,3306435467.28,5189148000,91.6247,
002474.SZ,榕基软件,2014-08-12,8.3199,8.6188,8.29,8.5192,36009790,9.0829,3389691036.6,5319810000,93.9318,
002474.SZ,榕基软件,2014-08-13,8.4594,8.4893,8.2202,8.3498,21380000,5.3928,3322293670.96,5214036000,92.0642,
002474.SZ,榕基软件,2014-08-14,8.3099,8.5989,8.2701,8.4095,29732035,7.4995,3346080976.48,5251368000,92.7233,
002474.SZ,榕基软件,2014-08-15,8.4095,8.8181,8.2999,8.6487,40644857,10.2521,3441230198.56,5400696000,110.2472,
002474.SZ,榕基软件,2014-08-18,8.5989,8.8081,8.569,8.7981,30661337,7.7339,3500698462.36,5494026000,112.1524,
002474.SZ,榕基软件,2014-08-19,8.8081,9.675,8.7682,9.5654,90978537,22.948,3805968883.2,5973120000,121.9324,
002474.SZ,榕基软件,2014-08-20,9.3262,9.4358,9.0871,9.1469,54229053,13.6785,3639457744.56,5711796000,116.5979,
002474.SZ,榕基软件,2014-08-21,9.1469,9.2664,8.9974,9.2465,29053125,7.3282,3679103253.76,5774016000,117.868,
002474.SZ,榕基软件,2014-08-22,9.1967,9.3661,9.0672,9.2366,24314289,6.1329,3675138702.84,5767794000,117.741,
002474.SZ,榕基软件,2014-08-25,9.2166,9.3561,9.0971,9.127,25569740,6.4496,3631528642.72,5699352000,116.3439,
002474.SZ,榕基软件,2014-08-26,9.0672,9.117,8.6686,8.7483,24330888,6.1371,3480875707.76,5462916000,111.5174,
002474.SZ,榕基软件,2014-08-27,8.7184,9.0472,8.7184,8.8779,16885554,4.2591,3532414869.72,5543802000,113.1685,
002474.SZ,榕基软件,2014-08-28,8.8579,8.9875,8.7284,8.8081,13000273,3.2791,3504663013.28,5500248000,112.2794,
002474.SZ,榕基软件,2014-08-29,8.7981,8.9576,8.7583,8.9576,10712741,2.7021,3564131277.08,5593578000,114.1846,
002474.SZ,榕基软件,2014-09-01,8.9576,9.3262,8.9576,9.2864,21706898,5.4752,3694961457.44,5798904000,118.3761,
002474.SZ,榕基软件,2014-09-02,9.4657,9.4657,9.2266,9.3661,30382892,7.6636,3726677864.8,5848680000,119.3922,
002474.SZ,榕基软件,2014-09-03,9.3561,9.5155,9.1568,9.3561,30811377,7.7717,3722713313.88,5842458000,119.2652,
002474.SZ,榕基软件,2014-09-04,9.3163,9.4358,9.2864,9.386,24685213,6.2265,3734606966.64,5861124000,119.6462,
002474.SZ,榕基软件,2014-09-05,9.3661,9.396,9.1568,9.2664,22709854,5.7282,3687032355.6,5786460000,118.122,
002474.SZ,榕基软件,2014-09-09,9.2465,9.2465,9.107,9.2266,18352028,4.629,3671174151.92,5761572000,117.614,
002474.SZ,榕基软件,2014-09-10,9.1469,9.2963,9.1469,9.2565,19049086,4.8049,3683067804.68,5780238000,117.995,
002474.SZ,榕基软件,2014-09-11,9.2963,9.5155,9.2166,9.4558,35779531,9.0249,3762358823.08,5904678000,120.5353,
002474.SZ,榕基软件,2014-09-12,9.4558,9.5255,9.3262,9.4657,24597911,6.2045,3766323374,5910900000,120.6623,
002474.SZ,榕基软件,2014-09-15,9.5056,9.5155,9.386,9.5155,22500496,5.6754,3786146128.6,5942010000,121.2974,
002474.SZ,榕基软件,2014-09-16,9.5255,9.6451,8.9675,8.9974,33458821,8.4395,3579989480.76,5618466000,114.6927,
002474.SZ,榕基软件,2014-09-17,8.9576,9.0074,8.6387,8.8779,20673329,5.2145,3532414869.72,5543802000,113.1685,
002474.SZ,榕基软件,2014-09-18,8.848,8.9576,8.7384,8.9177,13382366,3.3755,3548273073.4,5568690000,113.6766,
002474.SZ,榕基软件,2014-09-19,8.9177,9.0771,8.848,9.0074,12514949,3.1567,3583954031.68,5624688000,114.8197,
002474.SZ,榕基软件,2014-09-22,9.0074,9.0572,8.7184,8.7981,17194577,4.3371,3500698462.36,5494026000,112.1524,
002474.SZ,榕基软件,2014-09-23,8.7981,8.9077,8.7085,8.8779,18520225,4.6715,3532414869.72,5543802000,113.1685,
002474.SZ,榕基软件,2014-09-24,8.848,9.0273,8.7882,9.0074,17572404,4.4324,3583954031.68,5624688000,114.8197,
002474.SZ,榕基软件,2014-09-25,9.0472,9.2565,9.0173,9.1867,27589007,6.9589,3655315948.24,5736684000,117.1059,
002474.SZ,榕基软件,2014-09-26,9.1568,9.1568,8.9277,9.0971,24830228,6.2631,3619634989.96,5680686000,115.9628,
002474.SZ,榕基软件,2014-09-29,9.2465,10.0038,9.1867,10.0038,121452578,30.6346,3980409123.68,6246888000,127.521,
002474.SZ,榕基软件,2014-09-30,10.3425,11.0002,10.2529,11.0002,93465912,23.5754,4376864215.68,6869088000,140.2223,
002474.SZ,榕基软件,2014-10-08,12.0962,12.0962,12.0962,12.0962,8711246,2.1973,4812964816.88,7553508000,154.1937,
002474.SZ,榕基软件,2014-10-09,12.8435,13.3018,12.714,13.3018,202334516,51.0359,5292675478.2,8306370000,169.5623,
002474.SZ,榕基软件,2014-10-10,13.0527,13.6207,12.9232,13.2321,131520019,33.174,5264923621.76,8262816000,168.6732,
002474.SZ,榕基软件,2014-10-13,13.3616,14.2982,13.1125,13.5609,140835540,35.5237,5395753802.12,8468142000,172.8646,
002474.SZ,榕基软件,2014-10-14,13.4214,14.0491,13.262,13.8498,109642334,27.6557,5510725778.8,8648580000,176.548,
002474.SZ,榕基软件,2014-10-15,13.5509,13.8498,13.2919,13.6506,80753790,20.369,5431434760.4,8524140000,174.0077,
002474.SZ,榕基软件,2014-10-16,13.4513,13.5808,12.983,12.993,72873322,18.3812,5169774399.68,8113488000,165.6249,
002474.SZ,榕基软件,2014-10-17,12.8535,13.5709,12.6741,13.1823,85665200,21.6078,5245100867.16,8231706000,168.0381,
002474.SZ,榕基软件,2014-10-20,13.4314,13.81,12.9631,13.5908,106997219,26.9885,5407647454.88,8486808000,173.2457,
002474.SZ,榕基软件,2014-10-21,13.252,13.3018,12.3353,12.4449,93926530,23.6916,4951724099.08,7771278000,158.6392,
002474.SZ,榕基软件,2014-10-22,12.3254,12.6342,12.1261,12.3054,45428587,11.4587,4896220386.2,7684170000,156.861,
002474.SZ,榕基软件,2014-10-23,12.3951,13.1125,12.2855,12.9033,79071782,19.9447,5134093441.4,8057490000,164.4818,
002474.SZ,榕基软件,2014-10-24,13.0527,13.2122,12.5147,12.7239,72070090,18.1786,5062731524.84,7945494000,162.1955,
002474.SZ,榕基软件,2014-10-27,12.4449,12.4449,11.9866,12.1361,44845462,11.3116,4828823020.56,7578396000,154.7018,
002474.SZ,榕基软件,2014-10-28,12.2457,12.6243,12.1958,12.6243,50114949,12.6408,5023086015.64,7883274000,160.9254,
002474.SZ,榕基软件,2014-10-29,13.0029,13.8897,12.9531,13.8897,52441760,13.2277,5526583982.48,8673468000,177.056,
002474.SZ,榕基软件,2014-10-30,14.3281,14.7964,13.3616,13.4812,139430131,35.1692,5364037394.76,8418366000,212.4023,
002474.SZ,榕基软件,2014-10-31,13.1125,13.3018,12.6442,13.0627,73137090,18.4478,5197526256.12,8157042000,205.8089,
002474.SZ,榕基软件,2014-11-03,13.0029,13.4413,12.8734,13.1424,55049076,13.8853,5229242663.48,8206818000,207.0648,
002474.SZ,榕基软件,2014-11-04,13.1424,13.1424,12.4549,12.4549,54065312,13.6372,4955688650,7777500000,196.2327,
002474.SZ,榕基软件,2014-11-05,12.4449,12.6542,12.0663,12.6044,34786823,8.7745,5015156913.8,7870830000,198.5875,
002474.SZ,榕基软件,2014-11-06,12.6542,13.0926,12.6542,12.6841,38662398,9.752,5046873321.16,7920606000,199.8434,
002474.SZ,榕基软件,2014-11-07,12.5545,12.8136,12.2855,12.435,32014863,8.0753,4947759548.16,7765056000,195.9188,
002474.SZ,榕基软件,2014-11-10,12.3852,12.5545,12.2755,12.5246,22326461,5.6315,4983440506.44,7821054000,197.3316,
002474.SZ,榕基软件,2014-11-11,12.5047,12.5047,11.319,11.4386,44157648,11.1381,4551304456.16,7142856000,180.2202,
002474.SZ,榕基软件,2014-11-12,11.2592,11.7176,11.1696,11.6777,21787488,5.4956,4646453678.24,7292184000,183.9878,
002474.SZ,榕基软件,2014-11-13,11.608,11.608,11.2592,11.2692,20990127,5.2945,4483907090.52,7037082000,177.5514,
002474.SZ,榕基软件,2014-11-14,11.1795,11.6379,11.1397,11.4187,19213086,4.8462,4543375354.32,7130412000,179.9062,
002474.SZ,榕基软件,2014-11-17,11.4984,11.867,11.329,11.7475,21226257,5.354,4674205534.68,7335738000,185.0867,
002474.SZ,榕基软件,2014-11-18,11.8172,12.1859,11.7275,12.1062,27796863,7.0114,4816929367.8,7559730000,190.7382,
002474.SZ,榕基软件,2014-11-19,12.3752,12.6542,12.1062,12.3353,45215056,11.4048,4908114038.96,7702836000,194.3489,
002474.SZ,榕基软件,2014-11-20,12.0364,12.2457,11.9766,12.0364,25108555,6.3333,4789177511.36,7516176000,189.6393,
002474.SZ,榕基软件,2014-11-21,11.9866,12.2955,11.9866,12.0265,20428282,5.1527,4785212960.44,7509954000,189.4823,
002474.SZ,榕基软件,2014-11-24,12.0563,12.1659,11.7674,12.0364,28640957,7.2243,4789177511.36,7516176000,189.6393,
002474.SZ,榕基软件,2014-11-25,12.0265,12.6342,11.8969,12.5346,42306275,10.6711,4987405057.36,7827276000,197.4886,
002474.SZ,榕基软件,2014-11-26,12.5246,12.6044,12.3054,12.415,27758885,7.0018,4939830446.32,7752612000,195.6048,
002474.SZ,榕基软件,2014-11-27,12.5047,12.6243,12.2556,12.3951,28368290,7.1555,4931901344.48,7740168000,195.2908,
002474.SZ,榕基软件,2014-11-28,12.4051,12.8833,12.156,12.6741,50275972,12.6814,5042908770.24,7914384000,199.6864,
002474.SZ,榕基软件,2014-12-01,12.6641,12.6641,12.1859,12.2855,26291201,6.6316,4888291284.36,7671726000,193.564,
002474.SZ,榕基软件,2014-12-02,12.1161,12.9132,12.1161,12.5047,39003033,9.8379,4975511404.6,7808610000,197.0177,
002474.SZ,榕基软件,2014-12-03,12.5047,12.8335,12.2058,12.8036,49087446,12.3816,5094447932.2,7995270000,201.7273,
002474.SZ,榕基软件,2014-12-04,13.1125,13.7203,13.0926,13.1424,76729653,19.3539,5229242663.48,8206818000,207.0648,
002474.SZ,榕基软件,2014-12-05,13.1524,13.1723,11.9567,12.5246,50098928,12.6367,4983440506.44,7821054000,197.3316,
002474.SZ,榕基软件,2014-12-08,12.1859,12.4449,12.0165,12.2058,32648064,8.235,4856574877,7621950000,192.3081,
002474.SZ,榕基软件,2014-12-09,12.146,12.146,11.04,11.06,45153622,11.3893,4400651521.2,6906420000,174.2547,
002474.SZ,榕基软件,2014-12-10,10.9703,11.4784,10.9404,11.4286,18862805,4.7579,4547339905.24,7136634000,180.0632,
002474.SZ,榕基软件,2014-12-11,11.4386,12.0065,11.309,11.9467,30672786,7.7368,4753496553.08,7460178000,188.2265,
002474.SZ,榕基软件,2014-12-12,11.9467,12.2357,11.7774,12.0364,27115958,6.8396,4789177511.36,7516176000,189.6393,
002474.SZ,榕基软件,2014-12-15,12.0165,12.4549,11.867,12.3353,28416128,7.1676,4908114038.96,7702836000,194.3489,
002474.SZ,榕基软件,2014-12-16,12.3254,12.3951,12.0265,12.0962,22002994,5.5499,4812964816.88,7553508000,190.5813,
002474.SZ,榕基软件,2014-12-17,11.9567,12.0563,11.6179,11.6877,21423830,5.4038,4650418229.16,7298406000,184.1448,
002474.SZ,榕基软件,2014-12-18,11.6478,11.9168,11.5781,11.608,15205069,3.8353,4618701821.8,7248630000,182.8889,
002474.SZ,榕基软件,2014-12-19,11.4784,11.6877,11.1895,11.4187,15671475,3.9529,4543375354.32,7130412000,179.9062,
002474.SZ,榕基软件,2014-12-22,11.4286,11.4386,10.3724,10.4223,24112353,6.082,4146920262.32,6508212000,164.2076,
002474.SZ,榕基软件,2014-12-23,10.5618,10.7511,10.3824,10.4422,13401493,3.3803,4154849364.16,6520656000,164.5215,
002474.SZ,榕基软件,2014-12-24,10.5319,10.7311,10.4621,10.7112,10600228,2.6738,4261892239,6688650000,168.7602,
002474.SZ,榕基软件,2014-12-25,10.7112,11.1795,10.5119,11.0699,20552576,5.1841,4404616072.12,6912642000,174.4117,
002474.SZ,榕基软件,2014-12-26,10.9703,11.2293,10.8706,10.9603,17838220,4.4994,4361006012,6844200000,172.6848,
002474.SZ,榕基软件,2014-12-29,10.9105,10.9105,10.1632,10.3226,23416260,5.9064,4107274753.12,6445992000,162.6377,
002474.SZ,榕基软件,2014-12-30,10.3326,11.1496,10.3326,10.8507,30638766,7.7282,4317395951.88,6775758000,170.958,
002474.SZ,榕基软件,2014-12-31,10.6614,10.6714,10.223,10.492,20544237,5.182,4174672118.76,6551766000,165.3065,
002474.SZ,榕基软件,2015-01-05,10.6614,10.9005,10.2628,10.7311,20503123,5.1716,4269821340.84,6701094000,169.0741,
002474.SZ,榕基软件,2015-01-06,10.6315,11.06,10.5119,10.9902,26609950,6.712,4372899664.76,6862866000,173.1558,
002474.SZ,榕基软件,2015-01-07,10.9304,11.1496,10.7311,11.0201,24469787,6.1721,4384793317.52,6881532000,173.6267,
002474.SZ,榕基软件,2015-01-08,10.8308,11.0301,10.761,10.781,16797449,4.2369,4289644095.44,6732204000,169.8591,
002474.SZ,榕基软件,2015-01-09,10.761,11.1297,10.6614,10.8009,23335142,5.8859,4297573197.28,6744648000,170.173,
002474.SZ,榕基软件,2015-01-12,10.7411,11.0998,10.5518,10.9902,24000496,6.0538,4372899664.76,6862866000,173.1558,
002474.SZ,榕基软件,2015-01-13,11.0101,12.0862,10.8706,12.0862,82621516,20.8401,4809000265.96,7547286000,190.4243,
002474.SZ,榕基软件,2015-01-14,12.156,12.1958,11.4585,11.588,57823124,14.585,4610772719.96,7236186000,182.575,
002474.SZ,榕基软件,2015-01-15,11.4187,11.8272,11.319,11.4286,34162659,8.617,4547339905.24,7136634000,180.0632,
002474.SZ,榕基软件,2015-01-16,11.4187,12.1361,11.2692,11.9467,53791666,13.5682,4753496553.08,7460178000,188.2265,
002474.SZ,榕基软件,2015-01-19,11.5581,12.425,11.3987,11.8272,62522265,15.7703,4705921942.04,7385514000,186.3426,
002474.SZ,榕基软件,2015-01-20,11.7873,12.7339,11.7873,12.5844,70945572,17.895,5007227811.96,7858386000,198.2736,
002474.SZ,榕基软件,2015-01-21,12.5844,12.7339,12.3254,12.6044,59634288,15.0419,5015156913.8,7870830000,198.5875,
002474.SZ,榕基软件,2015-01-22,12.5346,12.7339,12.425,12.5545,37405657,9.435,4995334159.2,7839720000,197.8026,
002474.SZ,榕基软件,2015-01-23,12.5147,12.6044,12.0364,12.0862,41616151,10.4971,4809000265.96,7547286000,190.4243,
002474.SZ,榕基软件,2015-01-26,12.1859,12.5944,12.1859,12.4748,35140052,8.8636,4963617751.84,7789944000,196.5467,
002474.SZ,榕基软件,2015-01-27,12.4549,12.714,12.2158,12.6841,49784814,12.5575,5046873321.16,7920606000,199.8434,
002474.SZ,榕基软件,2015-01-28,12.6342,13.2321,12.435,12.7239,67483360,17.0217,5062731524.84,7945494000,200.4714,
002474.SZ,榕基软件,2015-01-29,12.4549,12.6741,12.2457,12.2755,31132603,7.8527,4884326733.44,7665504000,193.407,
002474.SZ,榕基软件,2015-01-30,12.2556,12.4748,11.867,11.877,25126228,6.3377,4725744696.64,7416624000,187.1275,
002474.SZ,榕基软件,2015-02-02,11.887,12.2457,11.7375,12.2058,21906863,5.5257,4856574877,7621950000,192.3081,
002474.SZ,榕基软件,2015-02-03,12.3453,13.0527,12.156,12.6841,55764379,14.0657,5046873321.16,7920606000,199.8434,
002474.SZ,榕基软件,2015-02-04,12.5745,12.8435,12.3652,12.3852,35526194,8.961,4927936793.56,7733946000,195.1339,
002474.SZ,榕基软件,2015-02-05,12.415,13.4114,12.4051,12.8833,78512967,19.8037,5126164339.56,8045046000,202.9832,
002474.SZ,榕基软件,2015-02-06,12.8435,13.0926,12.2556,12.5545,41144004,10.378,4995334159.2,7839720000,197.8026,
002474.SZ,榕基软件,2015-02-09,12.4549,12.9332,12.2357,12.3553,32605048,8.2241,4916043140.8,7715280000,194.6629,
002474.SZ,榕基软件,2015-02-10,12.3752,12.6342,12.0065,12.6342,30849013,7.7812,5027050566.56,7889496000,199.0585,
002474.SZ,榕基软件,2015-02-11,12.6542,13.2221,12.5745,13.0527,55146514,13.9099,5193561705.2,8150820000,205.6519,
002474.SZ,榕基软件,2015-02-12,13.1623,13.3317,12.8535,13.1524,48702933,12.2846,5233207214.4,8213040000,207.2218,
002474.SZ,榕基软件,2015-02-13,13.2022,13.3716,13.0029,13.3716,53660605,13.5351,5320427334.64,8349924000,210.6755,
002474.SZ,榕基软件,2015-02-16,13.4413,14.0392,13.3417,13.9096,65264146,16.4619,5534513084.32,8685912000,219.1527,
002474.SZ,榕基软件,2015-02-17,14.0989,14.4477,13.7602,13.7701,52076685,13.1356,5479009371.44,8598804000,216.9549,
002474.SZ,榕基软件,2015-02-25,13.7602,14.7964,13.6506,14.1886,64174845,16.1872,5645520510.08,8860128000,223.5484,
002474.SZ,榕基软件,2015-02-26,14.3182,14.4576,13.8698,14.358,55021903,13.8785,5712917875.72,8965902000,226.2171,
002474.SZ,榕基软件,2015-02-27,14.0491,14.1687,13.6904,13.9893,54758565,13.812,5566229491.68,8735688000,367.7915,
002474.SZ,榕基软件,2015-03-02,13.9993,14.5971,13.8399,14.5872,55503300,13.9999,5804102546.88,9109008000,383.5091,
002474.SZ,榕基软件,2015-03-03,14.4477,15.474,14.348,14.6769,74887087,18.8892,5839783505.16,9165006000,385.8668,
002474.SZ,榕基软件,2015-03-04,14.5971,15.195,14.5473,14.8861,48732256,12.292,5923039074.48,9295668000,391.3679,
002474.SZ,榕基软件,2015-03-05,14.7964,14.8363,14.2484,14.4576,43272970,10.915,5752563384.92,9028122000,380.1036,
002474.SZ,榕基软件,2015-03-06,14.3979,14.5573,13.7004,13.7203,37778912,9.5292,5459186616.84,8567694000,360.7186,
002474.SZ,榕基软件,2015-03-09,13.7303,14.0989,13.6107,14.0292,23687720,5.9749,5582087695.36,8760576000,368.8394,
002474.SZ,榕基软件,2015-03-10,14.0292,14.2584,13.9296,14.0192,23046496,5.8131,5578123144.44,8754354000,368.5774,
002474.SZ,榕基软件,2015-03-11,13.9495,14.6171,13.7801,14.5473,39075177,9.8561,5788244343.2,9084120000,382.4613,
002474.SZ,榕基软件,2015-03-12,14.7366,14.8761,13.9993,14.1687,34852679,8.7911,5637591408.24,8847684000,372.5068,
002474.SZ,榕基软件,2015-03-13,14.1986,14.7167,13.9694,14.6071,36092931,9.1039,5812031648.72,9121452000,384.0331,
002474.SZ,榕基软件,2015-03-16,14.7665,15.2548,14.5075,15.1252,54381243,13.7169,6018188296.56,9444996000,397.655,
002474.SZ,榕基软件,2015-03-17,15.1452,15.2249,14.7466,15.0555,46857324,11.8191,5990436440.12,9401442000,395.8212,
002474.SZ,榕基软件,2015-03-18,14.9758,15.7928,14.7964,15.5338,58237219,14.6895,6180734884.28,9700098000,408.3953,
002474.SZ,榕基软件,2015-03-19,15.4939,15.4939,14.8761,15.1252,44304020,11.175,6018188296.56,9444996000,397.655,
002474.SZ,榕基软件,2015-03-20,15.1252,16.0419,15.0953,15.5437,61162564,15.4274,6184699435.2,9706320000,408.6573,
002474.SZ,榕基软件,2015-03-23,15.5636,17.0981,15.3544,16.8988,75791966,19.1174,6723878360.32,10552512000,444.2838,
002474.SZ,榕基软件,2015-03-24,16.9387,17.9251,15.9522,17.8852,93379482,23.5536,7116368901.4,11168490000,470.2178,
002474.SZ,榕基软件,2015-03-25,17.6361,19.3798,17.2874,18.1443,76750803,19.3593,7219447225.32,11330262000,477.0288,
002474.SZ,榕基软件,2015-03-26,17.9151,18.4133,16.6397,16.7992,67220617,16.9554,6684232851.12,10490292000,441.6642,
002474.SZ,榕基软件,2015-03-27,16.6796,17.2376,16.6099,17.0682,32668122,8.2401,6791275725.96,10658286000,448.7371,
002474.SZ,榕基软件,2015-03-30,16.9387,17.7158,16.7693,17.1977,36601114,9.2321,6842814887.92,10739172000,452.1426,
002474.SZ,榕基软件,2015-03-31,17.1878,17.6561,16.8689,17.5863,44287316,11.1708,6997432373.8,10981830000,462.359,
002474.SZ,榕基软件,2015-04-01,17.5764,17.8155,17.397,17.7158,39679359,10.0085,7048971535.76,11062716000,465.7645,
002474.SZ,榕基软件,2015-04-02,17.7358,18.7322,17.676,18.5927,55210110,13.9259,7397852016.72,11610252000,488.817,
002474.SZ,榕基软件,2015-04-03,18.3137,18.4233,17.7457,18.2041,48545254,12.2448,7243234530.84,11367594000,510.8888,
002474.SZ,榕基软件,2015-04-07,18.234,18.3834,17.8354,18.2439,43187502,10.8934,7259092734.52,11392482000,512.0073,
002474.SZ,榕基软件,2015-04-08,18.2938,18.3236,16.7892,17.6461,54720755,13.8025,7021219679.32,11019162000,495.2294,
002474.SZ,榕基软件,2015-04-09,17.397,17.5963,16.1316,17.0383,38033700,9.5934,6779382073.2,10639620000,478.1718,
002474.SZ,榕基软件,2015-04-10,16.9885,17.686,16.849,17.4169,27512600,6.9397,6930035008.16,10876056000,488.7978,
002474.SZ,榕基软件,2015-04-13,17.2974,17.9251,17.2675,17.6062,32698879,8.2478,7005361475.64,10994274000,494.1108,
002474.SZ,榕基软件,2015-04-14,17.6162,17.8155,17.1479,17.2874,27781048,7.0074,6878495846.2,10795170000,485.1626,
002474.SZ,榕基软件,2015-04-15,17.2974,17.4767,16.2412,16.2412,28787049,7.2611,6462217999.6,10141860000,455.8012,
002474.SZ,榕基软件,2015-04-16,15.9522,16.9387,15.2448,16.7394,31705589,7.9973,6660445545.6,10452960000,469.7828,
002474.SZ,榕基软件,2015-04-17,16.6696,16.8988,16.57,16.58,27226670,6.8675,6597012730.88,10353408000,465.3087,
002474.SZ,榕基软件,2015-04-20,16.5401,16.5401,15.6732,15.6832,28832721,7.2726,6240203148.08,9793428000,440.1418,
002474.SZ,榕基软件,2015-04-21,15.7629,16.5401,15.7629,16.5301,24165306,6.0953,6577189976.28,10322298000,463.9105,
002474.SZ,榕基软件,2015-04-22,16.7394,17.397,16.7394,17.0682,33129306,8.3564,6791275725.96,10658286000,479.0107,
002474.SZ,榕基软件,2015-04-23,17.2276,17.4169,16.9984,17.3073,29573511,7.4595,6886424948.04,10807614000,485.7219,
002474.SZ,榕基软件,2015-04-24,17.2376,18.6126,16.9785,18.1842,64974051,16.3888,7235305429,11355150000,510.3295,
002474.SZ,榕基软件,2015-04-27,18.513,18.7122,17.5564,18.1343,49882159,12.582,7215482674.4,11324040000,508.9314,
002474.SZ,榕基软件,2015-04-28,18.0945,18.1144,16.9984,17.1579,28561943,7.2043,6826956684.24,10714284000,481.5274,
002474.SZ,榕基软件,2015-04-29,16.839,17.6561,16.6198,17.5365,23212771,5.8551,6977609619.2,10950720000,682.2806,
002474.SZ,榕基软件,2015-04-30,17.4668,18.3236,17.4369,18.0447,46149152,11.6404,7179801716.12,11268042000,702.0512,
002474.SZ,榕基软件,2015-05-04,18.3834,18.4034,17.9948,18.214,40418992,10.1951,7247199081.76,11373816000,708.6414,
002474.SZ,榕基软件,2015-05-05,18.2639,18.2639,16.9287,17.4668,28643985,7.225,6949857762.76,10907166000,679.567,
002474.SZ,榕基软件,2015-05-06,17.3073,19.1307,17.1878,18.4333,73553923,18.5529,7334419202,11510700000,717.17,
002474.SZ,榕基软件,2015-05-07,18.0546,19.33,18.0347,18.8318,67404932,17.0019,7493001238.8,11759580000,732.6763,
002474.SZ,榕基软件,2015-05-08,19.2005,20.715,19.1905,20.715,54260198,13.6863,8242301362.68,12935538000,805.944,
002474.SZ,榕基软件,2015-05-11,21.5918,22.7875,21.1434,22.0701,92849227,23.4199,8781480287.8,13781730000,858.6656,
002474.SZ,榕基软件,2015-05-12,22.4788,22.5087,21.2327,22.11,68412463,17.256,8793373940.56,13800396000,859.8286,
002474.SZ,榕基软件,2015-05-13,21.452,22.2096,20.9237,21.5418,52691098,13.2906,8567394538.12,13445742000,837.7321,
002474.SZ,榕基软件,2015-05-14,22.11,23.4258,21.7511,21.8707,51941289,13.1014,8698224718.48,13651068000,850.5248,
002474.SZ,榕基软件,2015-05-15,21.8308,23.3062,20.7842,22.7978,60031347,15.142,9066927954.04,14229714000,886.5771,
002474.SZ,榕基软件,2015-05-18,22.9373,23.9242,22.6183,23.6551,50940758,12.8491,9407879333.16,14764806000,919.9158,
002474.SZ,榕基软件,2015-05-19,23.2563,23.7348,22.7778,23.3161,39275719,9.9067,9273084601.88,14553258000,906.7354,
002474.SZ,榕基软件,2015-05-20,23.3161,25.3696,23.2264,24.0239,43686318,11.0192,9554567717.2,14995020000,934.2592,
002474.SZ,榕基软件,2015-05-21,23.8245,26.4263,23.7248,26.4263,48343239,12.1939,10510024488.92,16494522000,1027.6852,
002474.SZ,榕基软件,2015-05-22,27.2836,28.5695,25.9179,27.2836,58490022,14.7533,10850975868.04,17029614000,1061.0239,
002474.SZ,榕基软件,2015-05-25,26.4163,28.2605,26.0176,27.1839,40559516,10.2305,10811330358.84,16967394000,1057.1472,
002474.SZ,榕基软件,2015-05-26,27.4431,29.3072,27.1639,28.7489,39765887,10.0304,11433764853.28,17944248000,1118.0098,
002474.SZ,榕基软件,2015-05-27,28.0711,29.6959,27.5926,28.7888,47235053,11.9144,11449623056.96,17969136000,1119.5604,
002474.SZ,榕基软件,2015-05-28,28.5097,29.038,25.9179,25.9179,48182033,12.1532,10307832392,16177200000,1007.9146,
002474.SZ,榕基软件,2015-05-29,25.8381,27.1141,23.9242,25.9378,40122797,10.1204,10315761493.84,16189644000,1008.6898,
002474.SZ,榕基软件,2015-06-01,25.9378,28.0013,25.9378,27.9913,36856893,9.2966,11132458983.36,17471376000,1088.5477,
002474.SZ,榕基软件,2015-06-02,28.0212,29.4068,27.6125,29.357,39477452,9.9576,11675602459.4,18323790000,1141.657,
002474.SZ,榕基软件,2015-06-03,29.5165,30.4037,27.9913,30.0747,44333710,11.1825,11961050125.64,18771774000,1169.5685,
002474.SZ,榕基软件,2015-06-04,30.0249,30.0747,27.4132,29.1277,36643655,9.2428,11584417788.24,18180684000,1132.7408,
002474.SZ,榕基软件,2015-06-05,29.1875,29.7059,27.9415,28.1708,40728160,10.2731,11203820899.92,17583372000,1095.5255,
002474.SZ,榕基软件,2015-06-08,28.1807,28.2007,26.4362,26.7154,32862839,8.2892,10624996465.6,16674960000,1038.9272,
002474.SZ,榕基软件,2015-06-09,26.6157,27.6823,26.2768,26.9147,21769443,5.491,10704287484,16799400000,1046.6804,
002474.SZ,榕基软件,2015-06-10,26.5658,27.6424,26.3166,27.144,25941471,6.5434,10795472155.16,16942506000,1055.5967,
002474.SZ,榕基软件,2015-06-11,27.2636,27.8916,27.144,27.5128,25500854,6.4322,10942160539.2,17172720000,1069.9401,
002474.SZ,榕基软件,2015-06-12,27.5128,27.782,26.7552,26.9945,26288971,6.631,10736003891.36,16849176000,1049.7817,
002474.SZ,榕基软件,2015-06-15,26.9945,27.1141,24.4326,24.9111,36334538,9.1649,9907412749.08,15548778000,968.7609,
002474.SZ,榕基软件,2015-06-16,24.8114,24.8114,22.728,23.027,28530311,7.1964,9158112625.2,14372820000,895.4933,
002474.SZ,榕基软件,2015-06-17,22.9274,25.3298,22.7978,25.2699,33723318,8.5062,10050136582.2,15772770000,982.7167,
002474.SZ,榕基软件,2015-06-18,25.2301,25.2301,23.5255,23.6551,22422511,5.6558,9407879333.16,14764806000,919.9158,
002474.SZ,榕基软件,2015-06-19,22.9872,23.6052,21.8508,22.0003,19249671,4.8554,8749763880.44,13731954000,855.5644,
002474.SZ,榕基软件,2015-06-23,22.2694,23.2862,20.0066,23.2164,24671013,6.2229,9233439092.68,14491038000,902.8588,
002474.SZ,榕基软件,2015-06-24,23.2763,24.3229,23.0769,23.685,23243128,5.8627,9419772985.92,14783472000,921.0788,
002474.SZ,榕基软件,2015-06-25,23.9242,24.1236,22.0501,22.6084,20749128,5.2337,8991601486.56,14111496000,879.2116,
002474.SZ,榕基软件,2015-06-26,21.452,21.9206,20.3455,20.3455,18723581,4.7227,8091648427.72,12699102000,791.2129,
002474.SZ,榕基软件,2015-06-29,21.1231,21.3125,18.312,18.312,26398416,6.6586,7282880040.04,11429814000,712.1304,
002474.SZ,榕基软件,2015-06-30,17.0859,19.4085,16.4778,19.3686,28245755,6.4416,8519876321.72,12089346000,753.2223,
002474.SZ,榕基软件,2015-07-01,19.1294,19.8372,17.4348,17.4348,24869250,5.6716,7669204161.96,10882278000,678.0164,
002474.SZ,榕基软件,2015-07-02,17.4946,17.9731,15.6903,15.6903,25509381,5.8175,6901845254.96,9793428000,610.176,
002474.SZ,榕基软件,2015-07-03,14.1253,15.9495,14.1253,14.1253,27519864,6.276,6213414692.68,8816574000,549.3134,
002474.SZ,榕基软件,2015-07-06,15.5408,15.5408,12.7097,12.7097,33902628,7.7317,5590757751,7933050000,494.2658,
002474.SZ,榕基软件,2015-07-07,11.5135,11.8425,11.4437,11.4437,8232600,1.8775,5033874429.92,7142856000,445.033,
002474.SZ,榕基软件,2015-07-08,11.4437,11.4437,11.4437,11.4437,--,--,5033874429.92,7142856000,445.033,
002474.SZ,榕基软件,2015-07-09,11.4437,11.4437,11.4437,11.4437,--,--,5033874429.92,7142856000,445.033,
002474.SZ,榕基软件,2015-07-10,11.4437,11.4437,11.4437,11.4437,--,--,5033874429.92,7142856000,445.033,
002474.SZ,榕基软件,2015-07-13,11.4437,11.4437,11.4437,11.4437,--,--,5033874429.92,7142856000,445.033,
002474.SZ,榕基软件,2015-07-14,11.4437,11.4437,11.4437,11.4437,--,--,5033874429.92,7142856000,445.033,
002474.SZ,榕基软件,2015-07-15,11.4437,11.4437,11.4437,11.4437,--,--,5033874429.92,7142856000,445.033,
002474.SZ,榕基软件,2015-07-16,11.4437,11.4437,11.4437,11.4437,--,--,5033874429.92,7142856000,445.033,
002474.SZ,榕基软件,2015-07-17,11.4437,11.4437,11.4437,11.4437,--,--,5033874429.92,7142856000,445.033,
002474.SZ,榕基软件,2015-07-20,11.4437,11.4437,11.4437,11.4437,--,--,5033874429.92,7142856000,445.033,
002474.SZ,榕基软件,2015-07-21,11.4437,11.4437,11.4437,11.4437,--,--,5033874429.92,7142856000,445.033,
002474.SZ,榕基软件,2015-07-22,11.4437,11.4437,11.4437,11.4437,--,--,5033874429.92,7142856000,445.033,
002474.SZ,榕基软件,2015-07-23,11.4437,11.4437,11.4437,11.4437,--,--,5033874429.92,7142856000,445.033,
002474.SZ,榕基软件,2015-07-24,11.4437,11.4437,11.4437,11.4437,--,--,5033874429.92,7142856000,445.033,
002474.SZ,榕基软件,2015-07-27,11.4437,11.4437,11.4437,11.4437,--,--,5033874429.92,7142856000,445.033,
002474.SZ,榕基软件,2015-07-28,11.4437,11.4437,11.4437,11.4437,--,--,5033874429.92,7142856000,445.033,
002474.SZ,榕基软件,2015-07-29,11.4437,11.4437,11.4437,11.4437,--,--,5033874429.92,7142856000,445.033,
002474.SZ,榕基软件,2015-07-30,11.4437,11.4437,11.4437,11.4437,--,--,5033874429.92,7142856000,445.033,
002474.SZ,榕基软件,2015-07-31,11.4437,11.4437,11.4437,11.4437,--,--,5033874429.92,7142856000,445.033,
002474.SZ,榕基软件,2015-08-03,11.4437,11.4437,11.4437,11.4437,--,--,5033874429.92,7142856000,445.033,
002474.SZ,榕基软件,2015-08-04,11.4437,11.4437,11.4437,11.4437,--,--,5033874429.92,7142856000,445.033,
002474.SZ,榕基软件,2015-08-05,11.4437,11.4437,11.4437,11.4437,--,--,5033874429.92,7142856000,445.033,
002474.SZ,榕基软件,2015-08-06,11.4437,11.4437,11.4437,11.4437,--,--,5033874429.92,7142856000,445.033,
002474.SZ,榕基软件,2015-08-07,11.4437,11.4437,11.4437,11.4437,--,--,5033874429.92,7142856000,445.033,
002474.SZ,榕基软件,2015-08-10,11.4437,11.4437,11.4437,11.4437,--,--,5033874429.92,7142856000,445.033,
002474.SZ,榕基软件,2015-08-11,11.4437,11.4437,11.4437,11.4437,--,--,5033874429.92,7142856000,445.033,
002474.SZ,榕基软件,2015-08-12,11.4437,11.4437,11.4437,11.4437,--,--,5033874429.92,7142856000,445.033,
002474.SZ,榕基软件,2015-08-13,11.4437,11.4437,11.4437,11.4437,--,--,5033874429.92,7142856000,1445.6021,
002474.SZ,榕基软件,2015-08-14,11.4437,11.4437,11.4437,11.4437,--,--,5033874429.92,7142856000,1445.6021,
002474.SZ,榕基软件,2015-08-17,11.4437,11.4437,11.4437,11.4437,--,--,5033874429.92,7142856000,1445.6021,
002474.SZ,榕基软件,2015-08-18,11.4437,11.4437,11.4437,11.4437,--,--,5033874429.92,7142856000,1445.6021,
002474.SZ,榕基软件,2015-08-19,11.4437,11.4437,11.4437,11.4437,--,--,5033874429.92,7142856000,1445.6021,
002474.SZ,榕基软件,2015-08-20,11.4437,11.4437,11.4437,11.4437,--,--,5033874429.92,7142856000,1445.6021,
002474.SZ,榕基软件,2015-08-21,11.4437,11.4437,11.4437,11.4437,--,--,5033874429.92,7142856000,1445.6021,
002474.SZ,榕基软件,2015-08-24,11.4437,11.4437,11.4437,11.4437,--,--,5033874429.92,7142856000,1445.6021,
002474.SZ,榕基软件,2015-08-25,11.4437,11.4437,11.4437,11.4437,--,--,5033874429.92,7142856000,1445.6021,
002474.SZ,榕基软件,2015-08-26,11.4437,11.4437,11.4437,11.4437,--,--,5033874429.92,7142856000,1445.6021,
002474.SZ,榕基软件,2015-08-27,11.4437,11.4437,11.4437,11.4437,--,--,5033874429.92,7142856000,1445.6021,
002474.SZ,榕基软件,2015-08-28,11.4437,11.4437,11.4437,11.4437,--,--,5033874429.92,7142856000,1445.6021,
002474.SZ,榕基软件,2015-08-31,11.4437,11.4437,11.4437,11.4437,--,--,5033874429.92,7142856000,1445.6021,
002474.SZ,榕基软件,2015-09-01,11.4437,11.4437,11.4437,11.4437,--,--,5033874429.92,7142856000,1445.6021,
002474.SZ,榕基软件,2015-09-02,11.4437,11.4437,11.4437,11.4437,--,--,5033874429.92,7142856000,1445.6021,
002474.SZ,榕基软件,2015-09-07,11.4437,11.4437,11.4437,11.4437,--,--,5033874429.92,7142856000,1445.6021,
002474.SZ,榕基软件,2015-09-08,11.4437,11.4437,11.4437,11.4437,--,--,5033874429.92,7142856000,1445.6021,
002474.SZ,榕基软件,2015-09-09,11.4437,11.4437,11.4437,11.4437,--,--,5033874429.92,7142856000,1445.6021,
002474.SZ,榕基软件,2015-09-10,11.4437,11.4437,11.4437,11.4437,--,--,5033874429.92,7142856000,1445.6021,
002474.SZ,榕基软件,2015-09-11,11.4437,11.4437,11.4437,11.4437,--,--,5033874429.92,7142856000,1445.6021,
002474.SZ,榕基软件,2015-09-14,11.4437,11.4437,11.4437,11.4437,--,--,5033874429.92,7142856000,1445.6021,
002474.SZ,榕基软件,2015-09-15,11.4437,11.4437,11.4437,11.4437,--,--,5033874429.92,7142856000,1445.6021,
002474.SZ,榕基软件,2015-09-16,11.4437,11.4437,11.4437,11.4437,--,--,5033874429.92,7142856000,1445.6021,
002474.SZ,榕基软件,2015-09-17,11.4437,11.4437,11.4437,11.4437,--,--,5033874429.92,7142856000,1445.6021,
002474.SZ,榕基软件,2015-09-18,11.4437,11.4437,11.4437,11.4437,--,--,5033874429.92,7142856000,1445.6021,
002474.SZ,榕基软件,2015-09-21,11.4437,11.4437,11.4437,11.4437,--,--,5033874429.92,7142856000,1445.6021,
002474.SZ,榕基软件,2015-09-22,11.4437,11.4437,11.4437,11.4437,--,--,5033874429.92,7142856000,1445.6021,
002474.SZ,榕基软件,2015-09-23,11.4437,11.4437,11.4437,11.4437,--,--,5033874429.92,7142856000,1445.6021,
002474.SZ,榕基软件,2015-09-24,11.4437,11.4437,11.4437,11.4437,--,--,5033874429.92,7142856000,1445.6021,
002474.SZ,榕基软件,2015-09-25,11.4437,11.4437,11.4437,11.4437,--,--,5033874429.92,7142856000,1445.6021,
002474.SZ,榕基软件,2015-09-28,11.4437,11.4437,11.4437,11.4437,--,--,5033874429.92,7142856000,1445.6021,
002474.SZ,榕基软件,2015-09-29,11.4437,11.4437,11.4437,11.4437,--,--,5033874429.92,7142856000,1445.6021,
002474.SZ,榕基软件,2015-09-30,11.4437,11.4437,11.4437,11.4437,--,--,5033874429.92,7142856000,1445.6021,
002474.SZ,榕基软件,2015-10-08,11.4437,11.4437,11.4437,11.4437,--,--,5033874429.92,7142856000,1445.6021,
002474.SZ,榕基软件,2015-10-09,12.5901,12.5901,12.5901,12.5901,4931867,1.1247,5538138854.52,7858386000,1590.4142,
002474.SZ,榕基软件,2015-10-12,13.8461,13.8461,13.8461,13.8461,7647458,1.744,6090637267.56,8642358000,1749.0778,
002474.SZ,榕基软件,2015-10-13,14.9526,15.2317,14.2748,15.2317,69580550,15.8682,6700139485.12,9507216000,1924.1115,
002474.SZ,榕基软件,2015-10-14,15.2317,16.5875,14.9526,15.8498,77060280,17.574,6972003783.6,9892980000,2002.1841,
002474.SZ,榕基软件,2015-10-15,15.6305,16.4479,15.162,16.2286,59459991,13.5601,7138630289.12,10129416000,2050.0349,
002474.SZ,榕基软件,2015-10-16,16.1488,16.5476,15.7501,16.1389,48285324,11.0117,7099166116.76,10073418000,2038.7019,
002474.SZ,榕基软件,2015-10-19,16.1588,16.3881,15.9096,16.2884,42531029,9.6994,7164939737.36,10166748000,2057.5903,
002474.SZ,榕基软件,2015-10-20,16.3083,17.1257,16.0492,16.9064,54277980,12.3784,7436804035.84,10552512000,2135.6631,
002474.SZ,榕基软件,2015-10-21,16.6473,16.7968,15.2118,15.2118,50516168,11.5205,6691369669.04,9494772000,1921.593,
002474.SZ,榕基软件,2015-10-22,14.9626,15.77,14.7931,15.6704,32653259,7.4467,6893075438.88,9780984000,1979.5178,
002474.SZ,榕基软件,2015-10-23,15.6704,16.4379,15.4012,16.2485,39415359,8.9889,7147400105.2,10141860000,2052.5535,
002474.SZ,榕基软件,2015-10-26,16.4977,17.8734,15.9495,17.8734,57571084,13.1294,7862140115.72,11156046000,2257.8088,
002474.SZ,榕基软件,2015-10-27,17.2454,17.8435,16.2784,17.4746,63219092,14.4174,7686743794.12,10907166000,2207.4395,
002474.SZ,榕基软件,2015-10-28,17.0958,17.9332,16.737,16.9064,41672121,9.5035,7436804035.84,10552512000,2135.6631,
002474.SZ,榕基软件,2015-10-29,16.9064,17.3251,16.737,16.9363,26738809,6.0979,7449958759.96,10571178000,6685.9468,
002474.SZ,榕基软件,2015-10-30,16.8367,17.2952,16.2784,16.7669,27354126,6.2382,7375415323.28,10465404000,6619.0483,
002474.SZ,榕基软件,2015-11-02,16.109,16.9363,15.8498,15.9495,26767754,6.1045,7015852864,9955200000,6296.3599,
002474.SZ,榕基软件,2015-11-03,16.0691,16.4977,15.6704,16.1389,23885896,5.4473,7099166116.76,10073418000,6371.1289,
002474.SZ,榕基软件,2015-11-04,16.109,17.1656,15.9495,17.1557,37198424,8.4833,7546426736.84,10708062000,6772.522,
002474.SZ,榕基软件,2015-11-05,17.4248,17.6541,16.6572,16.9663,39973215,9.1161,7463113484.08,10589844000,6697.7524,
002474.SZ,榕基软件,2015-11-06,16.9563,17.5943,16.9563,17.2952,31811188,7.2547,7607815449.4,10795170000,6827.6152,
002474.SZ,榕基软件,2015-11-09,17.0958,17.9033,16.6772,17.6242,41079700,9.3684,7752517414.72,11000496000,6957.4775,
002474.SZ,榕基软件,2015-11-10,17.4447,18.1027,17.2952,17.983,43616474,9.947,7910374104.16,11224488000,7099.1455,
002474.SZ,榕基软件,2015-11-11,17.9631,18.4416,17.6042,18.3917,41490652,9.4621,8090155333.8,11479590000,7260.4897,
002474.SZ,榕基软件,2015-11-12,18.4914,18.7107,17.8634,18.0129,37374473,8.5234,7923528828.28,11243154000,7110.9512,
002474.SZ,榕基软件,2015-11-13,17.7538,17.7637,16.9463,17.1557,31414630,7.1643,7546426736.84,10708062000,6772.522,
002474.SZ,榕基软件,2015-11-16,16.9463,18.7008,16.8566,18.4615,39659224,9.0445,8120849690.08,11523144000,7288.0366,
002474.SZ,榕基软件,2015-11-17,18.6409,19.9368,18.4416,18.9201,64568980,14.7253,8322555459.92,11809356000,7469.0566,
002474.SZ,榕基软件,2015-11-18,19.0197,20.1362,18.6509,19.8072,62366893,14.2231,8712812275.48,12363114000,7819.2915,
002474.SZ,榕基软件,2015-11-19,19.887,20.1163,19.239,19.9368,44582698,10.1673,8769816080,12444000000,7870.4497,
002474.SZ,榕基软件,2015-11-20,19.9966,21.0035,19.5182,19.9368,49520141,11.2933,8769816080,12444000000,7870.4497,
002474.SZ,榕基软件,2015-11-23,19.7375,20.4353,19.3786,19.3786,33816478,7.712,8524261229.76,12095568000,7650.0771,
002474.SZ,榕基软件,2015-11-24,19.4584,20.2359,19.0197,20.2259,29011255,6.6162,8896978413.16,12624438000,7984.5713,
002474.SZ,榕基软件,2015-11-25,20.3954,21.4321,20.0465,21.2925,48974030,11.1688,9366163573.44,13290192000,8405.6406,
002474.SZ,榕基软件,2015-11-26,21.5318,23.3959,21.4122,22.3392,62039972,14.1485,9826578917.64,13943502000,8818.8389,
002474.SZ,榕基软件,2015-11-27,22.1299,23.2164,20.3356,21.2327,49282983,11.2392,9339854125.2,13252860000,8382.0293,
002474.SZ,榕基软件,2015-11-30,21.9305,22.7081,20.1362,22.5187,56396651,12.8615,9905507262.36,14055498000,8889.6729,
002474.SZ,榕基软件,2015-12-01,22.3293,23.7248,22.0402,22.9274,54515353,12.4325,10085288492,14310600000,9051.0176,
002474.SZ,榕基软件,2015-12-02,22.9174,23.1865,20.6645,22.0202,40488754,9.2337,9686261860.36,13744398000,8692.9121,
002474.SZ,榕基软件,2015-12-03,22.419,23.8046,22.3791,23.5653,50132625,11.433,10365922606.56,14708808000,9302.8711,
002474.SZ,榕基软件,2015-12-04,24.5223,25.9179,24.4027,24.4426,91647856,20.9007,10751794514.08,15256344000,9649.1709,
002474.SZ,榕基软件,2015-12-07,23.7248,24.7316,23.3361,24.3927,57275962,13.0621,10729869973.88,15225234000,9629.4951,
002474.SZ,榕基软件,2015-12-08,24.4027,26.3565,24.0937,25.5889,57723053,13.164,11256058938.68,15971874000,10101.7217,
002474.SZ,榕基软件,2015-12-09,25.4693,26.4163,24.8014,25.0108,53956497,12.305,11001734272.36,15610998000,9873.4795,
002474.SZ,榕基软件,2015-12-10,24.5422,25.1204,23.8046,24.622,37883104,8.6394,10830722858.8,15368340000,9720.0049,
002474.SZ,榕基软件,2015-12-11,24.3528,24.4824,22.2296,22.4688,41126729,9.3792,9883582722.16,14024388000,8869.9971,
002474.SZ,榕基软件,2015-12-14,22.11,23.366,21.6115,23.346,22024634,5.0228,10269454629.68,14571924000,9216.2969,
002474.SZ,榕基软件,2015-12-15,23.3161,24.0339,23.1367,23.3161,24896370,5.6777,10256299905.56,14553258000,9204.4912,
002474.SZ,榕基软件,2015-12-16,23.4258,25.1204,23.4258,24.8712,39840296,9.0858,10940345559.8,15523890000,9818.3857,
002474.SZ,榕基软件,2015-12-17,24.8712,25.4195,24.5323,25.1404,31338144,7.1468,11058738076.88,15691884000,9924.6367,
002474.SZ,榕基软件,2015-12-18,25.1104,25.1104,24.1236,24.4226,23668382,5.3977,10743024698,15243900000,9641.3008,
002474.SZ,榕基软件,2015-12-21,24.4226,25.0207,23.8245,24.6419,22913776,5.2256,10839492674.88,15380784000,9727.876,
002474.SZ,榕基软件,2015-12-22,24.8612,24.921,24.303,24.6818,17405205,3.9693,10857032307.04,15405672000,9743.6162,
002474.SZ,榕基软件,2015-12-23,24.8214,27.144,24.8214,26.0973,61181086,13.9526,11479689248.72,16289196000,10302.4189,
002474.SZ,榕基软件,2015-12-24,25.9677,26.0176,24.9809,25.5092,26895090,6.1336,11220979674.36,15922098000,10070.2402,
002474.SZ,榕基软件,2015-12-25,26.9147,27.3932,25.8182,25.9179,31999329,7.2976,11400760904,16177200000,10231.585,
002474.SZ,榕基软件,2015-12-28,25.8182,26.6456,24.5223,24.5223,33522595,7.645,10786873778.4,15306120000,9680.6533,
002474.SZ,榕基软件,2015-12-29,24.5223,25.1005,23.3062,24.5223,23706699,5.4064,10786873778.4,15306120000,9680.6533,
002474.SZ,榕基软件,2015-12-30,24.5223,25.6687,24.4226,25.0207,24617035,5.614,11006119180.4,15617220000,9877.4141,
002474.SZ,榕基软件,2015-12-31,25.3896,25.3896,23.8345,23.8744,21698939,4.9363,10527867689.05,14901690000,9424.8633,
002474.SZ,榕基软件,2016-01-04,23.9043,24.2233,21.4919,21.4919,20711245,4.7116,9477278804.84,13414632000,8484.3447,
002474.SZ,榕基软件,2016-01-05,19.3587,21.2327,19.3387,19.558,32247762,7.3361,8624499543.18,12207564000,7720.9111,
002474.SZ,榕基软件,2016-01-06,19.8372,20.1262,18.6409,19.9966,32605906,7.4176,8817913396.34,12481332000,7894.061,
002474.SZ,榕基软件,2016-01-07,19.3088,19.3487,17.993,17.993,5679500,1.292,7934363748.95,11230710000,7103.0811,
002474.SZ,榕基软件,2016-01-08,18.0927,18.5313,16.2386,17.2055,30549079,6.9497,7587097967.14,10739172000,6792.1982,
002474.SZ,榕基软件,2016-01-11,16.408,16.9064,15.481,15.481,31196914,7.097,6826629862.67,9662766000,6111.4043,
002474.SZ,榕基软件,2016-01-12,15.4511,16.1389,14.0555,15.5707,36145332,8.2228,6866191787.18,9718764000,6146.8213,
002474.SZ,榕基软件,2016-01-13,15.4511,16.0292,14.195,14.2349,26752885,6.0861,6277158688.92,8885016000,5619.501,
002474.SZ,榕基软件,2016-01-14,13.4574,15.5806,13.1583,15.4909,33062101,7.5213,6831025632.06,9668988000,6115.3394,
002474.SZ,榕基软件,2016-01-15,15.2317,16.1688,14.8131,15.0822,36320909,8.2627,6650799087.07,9413886000,5953.9951,
002474.SZ,榕基软件,2016-01-18,14.6336,16.0791,14.5639,15.6604,27724972,6.3072,6905753711.69,9774762000,6182.2383,
002474.SZ,榕基软件,2016-01-19,15.8299,16.5476,15.2816,16.3881,35213054,8.0107,7226644877.16,10228968000,6469.5098,
002474.SZ,榕基软件,2016-01-20,16.0292,16.4977,15.6006,15.8897,28042413,6.3794,7006856407.66,9917868000,6272.7485,
002474.SZ,榕基软件,2016-01-21,15.5707,16.2685,14.6336,14.6635,26181617,5.9561,6466176772.69,9152562000,5788.7158,
002474.SZ,榕基软件,2016-01-22,14.8629,15.1819,13.9658,14.8629,22646395,5.1519,6554092160.49,9277002000,5867.4204,
002474.SZ,榕基软件,2016-01-25,15.2317,15.2916,14.6536,14.833,18899485,4.2995,6540904852.32,9258336000,5855.6147,
002474.SZ,榕基软件,2016-01-26,14.5539,14.6237,13.3477,13.3477,24590595,5.5942,5885935213.21,8331258000,5269.2661,
002474.SZ,榕基软件,2016-01-27,13.3577,13.4574,12.0419,13.0188,29679808,6.7519,5740874823.34,8125932000,5139.4038,
002474.SZ,榕基软件,2016-01-28,12.63,12.949,11.8624,12.1914,21060760,4.7911,5376025963.97,7609506000,4812.7798,
002474.SZ,榕基软件,2016-01-29,12.2013,13.4075,12.0817,13.4075,30682455,6.98,5912309829.55,8368590000,5292.8774,
002474.SZ,榕基软件,2016-02-01,13.3577,13.3577,12.7695,13.1783,27717440,6.3055,5811207133.58,8225484000,5202.3672,
002474.SZ,榕基软件,2016-02-02,13.1483,14.205,13.1483,13.8063,26432687,6.0132,6088140605.15,8617470000,5450.2866,
002474.SZ,榕基软件,2016-02-03,13.5571,14.1053,13.4574,13.896,19433546,4.421,6127702529.66,8673468000,5485.7036,
002474.SZ,榕基软件,2016-02-04,13.9159,14.2947,13.8661,14.0355,24641391,5.6057,6189243301.12,8760576000,5540.7964,
002474.SZ,榕基软件,2016-02-05,13.9857,14.205,13.6069,13.6069,17423248,3.9636,6000225217.35,8493030000,5371.582,
002474.SZ,榕基软件,2016-02-15,12.8593,13.7365,12.6699,13.5072,11619666,2.6434,5956267523.45,8430810000,5332.2295,
002474.SZ,榕基软件,2016-02-16,13.6368,14.7832,13.6268,14.534,25186757,5.7298,6409031770.62,9071676000,5737.5576,
002474.SZ,榕基软件,2016-02-17,14.5041,15.1221,14.3047,14.9526,28942451,6.5842,6593654085,9333000000,5902.8374,
002474.SZ,榕基软件,2016-02-18,14.9925,15.0723,14.6037,14.6536,23661185,5.3827,6461781003.3,9146340000,5784.7803,
002474.SZ,榕基软件,2016-02-19,14.5439,15.1022,14.4642,14.9626,25955995,5.9048,6598049854.39,9339222000,5906.7725,
002474.SZ,榕基软件,2016-02-22,15.2617,15.3912,14.823,15.1321,29821197,6.7841,6672777934.02,9444996000,5973.6714,
002474.SZ,榕基软件,2016-02-23,15.1321,15.1719,14.4642,14.7533,23656345,5.3816,6505738697.2,9208560000,5824.1328,
002474.SZ,榕基软件,2016-02-24,14.7134,14.9726,14.0256,14.7034,28742994,6.5388,6483759850.25,9177450000,5804.4565,
002474.SZ,榕基软件,2016-02-25,14.5539,14.7533,13.2381,13.2381,31437939,7.1519,5837581749.92,8262816000,5225.9785,
002474.SZ,榕基软件,2016-02-26,13.2381,13.4474,12.311,12.7297,26549601,6.0398,5613397511.03,7945494000,5025.2822,
002474.SZ,榕基软件,2016-02-29,12.6599,12.6599,11.4537,11.4537,26412173,6.0085,5050739029.11,7149078000,429.1656,
002474.SZ,榕基软件,2016-03-01,11.5135,11.8425,10.9254,11.5833,27862546,6.3385,5107884031.18,7229964000,434.0212,
002474.SZ,榕基软件,2016-03-02,11.6232,12.63,11.5634,12.4306,29965215,6.8168,5481524429.33,7758834000,465.7698,
002474.SZ,榕基软件,2016-03-03,12.3608,13.3178,12.311,12.64,34501492,7.8488,5573835586.52,7889496000,473.6135,
002474.SZ,榕基软件,2016-03-04,12.4605,12.5702,11.4836,11.693,27920813,6.3517,5156237494.47,7298406000,438.1299,
002474.SZ,榕基软件,2016-03-07,11.9422,12.4007,11.8525,12.2213,20626549,4.6924,5389213272.14,7628172000,457.926,
002474.SZ,榕基软件,2016-03-08,12.1615,12.4506,11.3042,12.3808,25854996,5.8818,5459545582.38,7727724000,463.9022,
002474.SZ,榕基软件,2016-03-09,11.9621,12.321,11.8225,12.0419,17118096,3.8942,5310089423.12,7516176000,451.2028,
002474.SZ,榕基软件,2016-03-10,12.1116,12.2811,11.6032,11.7528,17415462,3.9619,5182612110.81,7335738000,440.3709,
002474.SZ,榕基软件,2016-03-11,11.5634,11.8923,11.4437,11.8525,12709911,2.8914,5226569804.71,7397958000,444.1061,
002474.SZ,榕基软件,2016-03-14,12.0419,12.8393,12.0219,12.5702,28778565,6.5469,5543065200.79,7845942000,470.999,
002474.SZ,榕基软件,2016-03-15,12.4605,12.5901,12.1714,12.321,21436729,4.8767,5433170966.04,7690392000,461.6611,
002474.SZ,榕基软件,2016-03-16,12.5203,12.6499,12.0219,12.1914,17797913,4.0489,5376025963.97,7609506000,456.8055,
002474.SZ,榕基软件,2016-03-17,12.2612,13.268,12.1615,13.258,46344865,10.5431,5846373288.7,8275260000,496.7713,
002474.SZ,榕基软件,2016-03-18,13.248,14.0555,13.1184,13.7465,46636463,10.6094,6061765988.81,8580138000,515.0734,
002474.SZ,榕基软件,2016-03-21,13.9359,14.4343,13.6567,14.205,42000848,9.5548,6263971380.75,8866350000,532.2549,
002474.SZ,榕基软件,2016-03-22,13.9259,14.4442,13.8362,14.3246,37269215,8.4784,6316720613.43,8941014000,536.7371,
002474.SZ,榕基软件,2016-03-23,14.2449,14.823,14.0555,14.4243,46666856,10.6163,6360678307.33,9003234000,540.4722,
002474.SZ,榕基软件,2016-03-24,14.205,14.5938,13.8561,13.896,39044908,8.8824,6127702529.66,8673468000,520.6761,
002474.SZ,榕基软件,2016-03-25,13.7066,14.0555,13.6567,13.9458,21578380,4.9089,6149681376.61,8704578000,522.5436,
002474.SZ,榕基软件,2016-03-28,14.0754,14.3346,13.6767,13.7664,25770718,5.8626,6070557527.59,8592582000,515.8204,
002474.SZ,榕基软件,2016-03-29,13.6069,13.7863,13.2082,13.3377,21093915,4.7987,5881539443.82,8325036000,499.7594,
002474.SZ,榕基软件,2016-03-30,13.5072,14.2449,13.4574,14.1851,30122185,6.8525,6255179841.97,8853906000,531.5079,
002474.SZ,榕基软件,2016-03-31,14.2449,14.3047,13.9159,13.9658,28103221,6.3932,6158472915.39,8717022000,550.6429,
002474.SZ,榕基软件,2016-04-01,13.7963,14.0056,13.5072,13.8262,20496993,4.6629,6096932143.93,8629914000,545.1404,
002474.SZ,榕基软件,2016-04-05,13.7764,14.5938,13.7265,14.5738,34365641,7.8179,6426614848.18,9096564000,574.618,
002474.SZ,榕基软件,2016-04-06,14.4741,15.0423,14.3745,14.7333,44798966,10.1914,6496947158.42,9196116000,580.9066,
002474.SZ,榕基软件,2016-04-07,14.7533,15.1022,14.3147,14.3645,31129976,7.0818,6334303690.99,8965902000,566.3643,
002474.SZ,榕基软件,2016-04-08,14.1452,14.3047,13.7564,14.2947,23522048,5.3511,6303533305.26,8922348000,563.613,
002474.SZ,榕基软件,2016-04-11,14.4542,14.9526,14.4044,14.9526,34793635,7.9153,6593654085,9333000000,589.5534,
002474.SZ,榕基软件,2016-04-12,14.7832,15.0523,14.3545,14.6635,28931882,6.5818,6466176772.69,9152562000,578.1553,
002474.SZ,榕基软件,2016-04-13,14.843,15.4311,14.7533,15.1221,48860942,11.1154,6668382164.63,9438774000,596.235,
002474.SZ,榕基软件,2016-04-14,15.2118,15.3015,14.9726,15.2816,33037487,7.5157,6738714474.87,9538326000,602.5236,
002474.SZ,榕基软件,2016-04-15,15.2916,15.3015,14.8829,15.0324,26374808,6,6628820240.12,9382776000,592.6977,
002474.SZ,榕基软件,2016-04-18,14.8529,14.8629,14.4243,14.6536,22559606,5.1321,6461781003.3,9146340000,577.7623,
002474.SZ,榕基软件,2016-04-19,14.7433,14.9028,14.5838,14.7931,18275092,4.1574,6523321774.76,9233448000,583.2648,
002474.SZ,榕基软件,2016-04-20,15.0324,15.1321,13.3577,13.5271,38632845,8.7886,5965059062.23,8443254000,533.3493,
002474.SZ,榕基软件,2016-04-21,13.4374,13.5969,12.9789,12.9988,21600376,4.9139,5732083284.56,8113488000,512.5184,
002474.SZ,榕基软件,2016-04-22,12.7596,13.2082,12.6898,13.1882,16379417,3.7262,5815602902.97,8231706000,519.9861,
002474.SZ,榕基软件,2016-04-25,13.1085,13.1085,12.6599,13.0487,13217377,3.0068,5754062131.51,8144598000,514.4836,
002474.SZ,榕基软件,2016-04-26,13.0885,13.4574,12.939,13.4574,15595793,3.5479,5934288676.5,8399700000,530.598,
002474.SZ,榕基软件,2016-04-27,13.258,13.4673,13.1184,13.1683,14285023,3.2497,5806811364.19,8219262000,519.2,
002474.SZ,榕基软件,2016-04-28,13.1284,13.4275,12.8493,13.3677,15593842,3.5475,5894726751.99,8343702000,527.0607,
002474.SZ,榕基软件,2016-04-29,13.248,13.3377,13.1184,13.1583,9182233,2.0889,5802415594.8,8213040000,573.7949,
002474.SZ,榕基软件,2016-05-03,13.248,13.6767,13.0686,13.6667,18274839,4.1574,6026599833.69,8530362000,595.9643,
002474.SZ,榕基软件,2016-05-04,13.5571,13.8162,13.5072,13.7066,17930730,4.0791,6044182911.25,8555250000,597.7031,
002474.SZ,榕基软件,2016-05-05,13.6567,13.9059,13.5571,13.8461,16568168,3.7691,6105723682.71,8642358000,603.7888,
002474.SZ,榕基软件,2016-05-06,13.8162,13.896,12.9091,12.9191,24363634,5.5425,5696917129.44,8063712000,563.3623,
002474.SZ,榕基软件,2016-05-09,12.8493,12.8493,11.9621,12.0618,19941911,4.5366,5318880961.9,7528620000,525.9787,
002474.SZ,榕基软件,2016-05-10,12.1615,12.2412,12.0419,12.1615,9346568,2.1263,5362838655.8,7590840000,530.3256,
002474.SZ,榕基软件,2016-05-11,12.2313,12.311,11.9721,11.992,9439024,2.1473,5288110576.17,7485066000,522.9359,
002474.SZ,榕基软件,2016-05-12,11.7229,12.0518,11.4637,12.002,12050819,2.7415,5292506345.56,7491288000,523.3705,
002474.SZ,榕基软件,2016-05-13,11.8923,12.1814,11.7926,11.8525,8667728,1.9718,5226569804.71,7397958000,516.8502,
002474.SZ,榕基软件,2016-05-16,11.8624,12.1415,11.7627,12.1415,8636890,1.9648,5354047117.02,7578396000,529.4562,
002474.SZ,榕基软件,2016-05-17,12.1515,12.4107,11.9322,12.2213,14052756,3.1969,5389213272.14,7628172000,532.9338,
002474.SZ,榕基软件,2016-05-18,12.0518,12.0817,11.4637,11.6631,12563420,2.8581,5143050186.3,7279740000,508.591,
002474.SZ,榕基软件,2016-05-19,11.7428,12.1814,11.683,11.8325,14045241,3.1952,5217778265.93,7385514000,515.9808,
002474.SZ,榕基软件,2016-05-20,11.7428,12.1216,11.6631,12.0917,11605553,2.6402,5332068270.07,7547286000,527.2828,
002474.SZ,榕基软件,2016-05-23,12.1316,12.2711,12.1017,12.1914,13453327,3.0605,5376025963.97,7609506000,531.6297,
002474.SZ,榕基软件,2016-05-24,12.1116,12.1814,11.9222,12.0219,10726197,2.4401,5301297884.34,7503732000,524.2399,
002474.SZ,榕基软件,2016-05-25,12.2612,12.4007,12.0618,12.0817,14783476,3.3631,5327672500.68,7541064000,526.8481,
002474.SZ,榕基软件,2016-05-26,12.0319,12.2512,11.7428,12.2213,13326084,3.0316,5389213272.14,7628172000,532.9338,
002474.SZ,榕基软件,2016-05-27,12.2013,12.2512,12.0618,12.1515,11172276,2.5416,5358442886.41,7584618000,529.8909,
002474.SZ,榕基软件,2016-05-30,12.1017,12.2113,11.8824,12.0419,8386345,1.9078,5310089423.12,7516176000,525.1093,
002474.SZ,榕基软件,2016-05-31,12.0618,12.939,12.0618,12.8991,26086257,5.9344,5688125590.66,8051268000,562.4929,
002474.SZ,榕基软件,2016-06-01,12.9091,12.9889,12.7596,12.7895,20281342,4.6138,5639772127.37,7982826000,557.7113,
002474.SZ,榕基软件,2016-06-02,12.7995,12.9091,12.7297,12.8892,14466879,3.2911,5683729821.27,8045046000,562.0582,
002474.SZ,榕基软件,2016-06-03,12.929,13.0885,12.7596,12.9589,18693799,4.2527,5714500207,8088600000,565.1011,
002474.SZ,榕基软件,2016-06-06,12.9091,13.0387,12.7596,12.8593,11860790,2.6982,5670542513.1,8026380000,560.7542,
002474.SZ,榕基软件,2016-06-07,12.8094,12.8792,12.7197,12.8294,9068391,2.063,5657355204.93,8007714000,559.4501,
002474.SZ,榕基软件,2016-06-08,12.8393,13.0885,12.7596,12.9091,15612614,3.5517,5692521360.05,8057490000,562.9276,
002474.SZ,榕基软件,2016-06-13,12.7396,12.7496,11.7627,11.7627,18922302,4.3047,5187007880.2,7341960000,512.9379,
002474.SZ,榕基软件,2016-06-14,11.8026,11.982,11.7528,11.9123,10111165,2.3002,5252944421.05,7435290000,519.4583,
002474.SZ,榕基软件,2016-06-15,11.7627,12.4406,11.7129,12.3708,13610072,3.0962,5455149812.99,7721502000,539.4542,
002474.SZ,榕基软件,2016-06-16,12.2911,12.3907,12.0817,12.1216,12197168,2.7748,5345255578.24,7565952000,528.5869,
002474.SZ,榕基软件,2016-06-17,12.1714,12.4506,12.1316,12.2013,11672443,2.6554,5380421733.36,7615728000,532.0644,
002474.SZ,榕基软件,2016-06-20,12.1515,12.5004,12.0518,12.4904,13691582,3.1147,5507899045.67,7796166000,544.6705,
002474.SZ,榕基软件,2016-06-21,12.5502,12.7097,12.1615,12.1914,14155766,3.2203,5376025963.97,7609506000,531.6297,
002474.SZ,榕基软件,2016-06-22,12.2013,13.0885,12.1316,13.0586,31781103,7.2299,5758457900.9,8150820000,569.448,
002474.SZ,榕基软件,2016-06-23,14.1552,14.3645,14.1352,14.3645,26541257,6.0379,6334303690.99,8965902000,626.3928,
002474.SZ,榕基软件,2016-06-24,14.6436,15.2816,13.8661,14.7034,104648537,23.8066,6483759850.25,9177450000,641.1724,
002474.SZ,榕基软件,2016-06-27,14.7533,16.1787,14.7533,16.1787,41491631,9.439,7134333719.97,10098306000,705.507,
002474.SZ,榕基软件,2016-06-28,17.2454,17.7936,17.0659,17.7936,146657344,33.3633,7846448361.15,11106270000,775.9272,
002474.SZ,榕基软件,2016-06-29,17.4746,18.5114,17.365,18.1425,124711514,28.3708,8000300289.8,11324040000,791.1415,
002474.SZ,榕基软件,2016-06-30,17.7936,19.7375,17.6541,18.8403,121412144,27.5531,8328240868.5,11759580000,821.57,
002474.SZ,榕基软件,2016-07-01,18.6609,18.8802,18.2422,18.5014,86241673,19.5716,8178420662.4,11548032000,806.7905,
002474.SZ,榕基软件,2016-07-04,18.3718,18.7207,18.003,18.5811,84902330,19.2676,8213672475.6,11597808000,810.268,
002474.SZ,榕基软件,2016-07-05,18.3419,18.8802,17.7438,18.3319,94824359,21.5193,8103510559.35,11442258000,799.4007,
002474.SZ,榕基软件,2016-07-06,18.1425,18.5712,18.0927,18.4416,68695540,15.5897,8151981802.5,11510700000,804.1823,
002474.SZ,榕基软件,2016-07-07,18.322,18.7606,17.8833,18.7606,90594795,20.5595,8292989055.3,11709804000,818.0925,
002474.SZ,榕基软件,2016-07-08,18.6609,18.8702,18.0827,18.0827,57871304,13.1332,7993348643.1,11286708000,788.5333,
002474.SZ,榕基软件,2016-07-11,17.7338,18.4515,17.5345,17.7139,56757370,12.8804,7830309007.05,11056494000,772.4497,
002474.SZ,榕基软件,2016-07-12,17.7936,18.2322,17.3949,18.1326,59460329,13.4938,8015381026.35,11317818000,790.7068,
002474.SZ,榕基软件,2016-07-13,18.0229,18.3618,17.6341,17.9033,45452909,10.315,7914032063.4,11174712000,780.7089,
002474.SZ,榕基软件,2016-07-14,17.7438,18.2322,17.7139,18.1525,43390397,9.847,8024193979.65,11330262000,791.5762,
002474.SZ,榕基软件,2016-07-15,18.0927,18.1027,17.4846,17.5145,37323160,8.4701,7742179474.05,10932054000,763.7559,
002474.SZ,榕基软件,2016-07-18,17.375,17.684,17.1557,17.3451,25255703,5.7315,7667269371,10826280000,756.366,
002474.SZ,榕基软件,2016-07-19,17.4746,17.8335,17.1856,17.7737,40349327,9.1568,7856747866.95,11093826000,775.0579,
002474.SZ,榕基软件,2016-07-20,17.7637,18.322,17.5045,18.1924,56144655,12.7414,8041819886.25,11355150000,793.315,
002474.SZ,榕基软件,2016-07-21,18.0129,18.3419,17.7338,17.7637,47855673,10.8603,7852341390.3,11087604000,774.6232,
002474.SZ,榕基软件,2016-07-22,17.5943,17.7239,16.2784,16.4479,59277585,13.4524,7270686472.5,10266300000,717.2437,
002474.SZ,榕基软件,2016-07-25,16.4479,16.6373,16.2386,16.428,27761802,6.3002,7261873519.2,10253856000,716.3743,
002474.SZ,榕基软件,2016-07-26,16.4977,16.6971,16.418,16.6473,23174126,5.2591,7358816005.5,10390740000,725.9376,
002474.SZ,榕基软件,2016-07-27,16.6672,16.6971,14.9825,14.9925,45953261,10.4286,6627340881.6,9357888000,653.7785,
002474.SZ,榕基软件,2016-07-28,15.1022,15.3215,14.7533,15.2018,28277601,6.4173,6719876891.25,9488550000,662.907,
002474.SZ,榕基软件,2016-07-29,15.2517,15.3115,14.8529,15.152,18074723,4.1019,6697844508,9457440000,660.7336,
002474.SZ,榕基软件,2016-08-01,14.9925,15.5408,14.7333,15.4012,26392105,5.9894,6808006424.25,9612990000,671.6009,
002474.SZ,榕基软件,2016-08-02,15.3613,15.5208,15.0224,15.3414,18658970,4.2344,6781567564.35,9575658000,668.9927,
002474.SZ,榕基软件,2016-08-03,15.3414,15.3912,15.0623,15.3813,17723982,4.0223,6799193470.95,9600546000,670.7315,
002474.SZ,榕基软件,2016-08-04,15.3115,15.9295,15.2816,15.6405,33499955,7.6024,6913761863.85,9762318000,682.0335,
002474.SZ,榕基软件,2016-08-05,15.5906,15.8797,15.3514,15.3514,24217714,5.4959,6785974041,9581880000,669.4274,
002474.SZ,榕基软件,2016-08-08,15.152,15.5906,15.0623,15.5906,15691741,3.5611,6891729480.6,9731208000,679.86,
002474.SZ,榕基软件,2016-08-09,15.5009,15.78,15.471,15.78,19650507,4.4595,6975452536.95,9849426000,688.1193,
002474.SZ,榕基软件,2016-08-10,15.78,15.9794,15.6704,15.7401,20559256,4.6657,6957826630.35,9824538000,686.3804,
002474.SZ,榕基软件,2016-08-11,15.6405,15.6803,15.2118,15.2118,16057269,3.644,6724283367.9,9494772000,663.3417,
002474.SZ,榕基软件,2016-08-12,15.1819,16.2485,15.1022,16.1389,43718937,9.9215,7134085696.35,10073418000,703.7682,
002474.SZ,榕基软件,2016-08-15,16.109,16.6174,15.7999,16.2485,45251485,10.2693,7182556939.5,10141860000,708.5498,
002474.SZ,榕基软件,2016-08-16,16.2884,16.5875,16.1488,16.3382,28474445,6.462,7222215229.35,10197858000,712.462,
002474.SZ,榕基软件,2016-08-17,16.2884,16.4878,16.0591,16.3283,21052810,4.7777,7217808752.7,10191636000,712.0273,
002474.SZ,榕基软件,2016-08-18,16.2485,16.737,16.1588,16.3482,24364703,5.5293,7226621706,10204080000,712.8967,
002474.SZ,榕基软件,2016-08-19,16.2087,16.2984,15.77,15.8398,25290780,5.7395,7001891396.85,9886758000,801.6273,
002474.SZ,榕基软件,2016-08-22,15.77,15.9295,15.5208,15.5507,13469147,3.0567,6874103574,9706320000,786.9973,
002474.SZ,榕基软件,2016-08-23,15.6305,15.8199,15.162,15.4012,17845891,4.0499,6808006424.25,9612990000,779.43,
002474.SZ,榕基软件,2016-08-24,15.4311,15.6903,15.4012,15.471,13841618,3.1412,6838851760.8,9656544000,782.9614,
002474.SZ,榕基软件,2016-08-25,15.3314,15.3314,14.8529,15.1321,16782796,3.8087,6689031554.7,9444996000,765.8088,
002474.SZ,榕基软件,2016-08-26,15.2018,15.5208,15.2018,15.2317,15576979,3.535,6733096321.2,9507216000,770.8537,
002474.SZ,榕基软件,2016-08-29,15.1221,15.4411,15.1221,15.3115,9340731,2.1198,6768348134.4,9556992000,774.8896,
002474.SZ,榕基软件,2016-08-30,15.3015,15.5906,15.3015,15.461,11610971,2.635,6834445284.15,9650322000,782.4568,
002474.SZ,榕基软件,2016-08-31,15.5009,15.6704,15.3314,15.6006,12893592,2.9261,6896135957.25,9737430000,789.5197,
002474.SZ,榕基软件,2016-09-01,15.5507,17.1656,15.5408,17.1656,38273291,8.6857,7587952791.3,10714284000,868.7239,
002474.SZ,榕基软件,2016-09-02,16.9463,17.9332,16.7569,17.3949,92642940,21.0243,7689301754.25,10857390000,880.327,
002474.SZ,榕基软件,2016-09-05,17.1656,17.5843,16.9563,17.2952,44620002,10.126,7645236987.75,10795170000,875.2822,
002474.SZ,榕基软件,2016-09-06,17.1955,17.5245,17.0261,17.4447,45224552,10.2632,7711334137.5,10888500000,882.8495,
002474.SZ,榕基软件,2016-09-07,17.3251,19.1394,17.0759,18.302,99142997,22.4994,8090291129.4,11423592000,926.2352,
002474.SZ,榕基软件,2016-09-08,18.003,18.0927,17.1257,17.355,63697656,14.4555,7671675847.65,10832502000,878.3091,
002474.SZ,榕基软件,2016-09-09,17.4049,17.5444,16.9962,17.0659,32606386,7.3997,7543888024.8,10652064000,863.679,
002474.SZ,榕基软件,2016-09-12,16.6473,16.9064,16.3981,16.408,31260347,7.0942,7253060565.9,10241412000,830.383,
002474.SZ,榕基软件,2016-09-13,16.6273,16.8666,16.4479,16.6871,21937979,4.9786,7376441912.1,10415628000,844.5086,
002474.SZ,榕基软件,2016-09-14,16.7469,16.8466,16.2485,16.2485,21442426,4.8661,7182556939.5,10141860000,822.3112,
002474.SZ,榕基软件,2016-09-19,16.2485,16.717,16.2485,16.4977,17184576,3.8998,7292718855.75,10297410000,834.9233,
002474.SZ,榕基软件,2016-09-20,16.6174,16.7071,16.408,16.6473,16962090,3.8494,7358816005.5,10390740000,842.4907,
002474.SZ,榕基软件,2016-09-21,16.7071,17.2952,16.6473,16.8765,34946441,7.9307,7460164968.45,10533846000,854.0938,
002474.SZ,榕基软件,2016-09-22,16.9962,17.2055,16.7071,17.0261,24835406,5.6361,7526262118.2,10627176000,861.6611,
002474.SZ,榕基软件,2016-09-23,17.056,17.3251,16.9663,16.9962,26494930,6.0127,7513042688.25,10608510000,860.1476,
002474.SZ,榕基软件,2016-09-26,16.7868,16.7868,15.6903,15.77,31821581,7.2215,6971046060.3,9843204000,798.0959,
002474.SZ,榕基软件,2016-09-27,15.6504,15.8498,15.4511,15.7999,16333849,3.7068,6984265490.25,9861870000,799.6094,
002474.SZ,榕基软件,2016-09-28,15.8498,15.8996,15.5109,15.5408,10450132,2.3715,6869697097.35,9700098000,786.4927,
002474.SZ,榕基软件,2016-09-29,15.6205,15.8498,15.5308,15.6803,10180684,2.3104,6931387770.45,9787206000,793.5555,
002474.SZ,榕基软件,2016-09-30,15.6105,15.6105,15.471,15.5109,11041572,2.5058,6856477667.4,9681432000,784.9793,
002474.SZ,榕基软件,2016-10-10,15.7003,16.2386,15.7003,16.1488,21187420,4.8082,7138492173,10079640000,817.2664,
002474.SZ,榕基软件,2016-10-11,16.1389,16.2087,15.9794,16.089,14521581,3.2955,7112053313.1,10042308000,814.2394,
002474.SZ,榕基软件,2016-10-12,16.0691,17.2952,16.0193,16.7569,40058818,9.0909,7407287248.65,10459182000,848.04,
002474.SZ,榕基软件,2016-10-13,16.6074,17.1656,16.5077,16.9762,32310986,7.3326,7504229734.95,10596066000,859.1387,
002474.SZ,榕基软件,2016-10-14,16.8466,17.1856,16.6772,17.1257,32301354,7.3304,7570326884.7,10689396000,866.7059,
002474.SZ,榕基软件,2016-10-17,17.1457,17.1656,16.2984,16.4579,25979536,5.8958,7275092949.15,10272522000,832.9054,
002474.SZ,榕基软件,2016-10-18,16.4878,16.9064,16.4579,16.8865,20550035,4.6636,7464571445.1,10540068000,854.5983,
002474.SZ,榕基软件,2016-10-19,16.8466,17.3251,16.6473,17.1158,32184003,7.3038,7565920408.05,10683174000,866.2015,
002474.SZ,榕基软件,2016-10-20,17.1557,17.2055,16.9264,16.9563,21332544,4.8412,7495416781.65,10583622000,858.1297,
002474.SZ,榕基软件,2016-10-21,17.2055,17.7936,16.6473,16.7569,27552487,6.2527,7407287248.65,10459182000,841.5341,
002474.SZ,榕基软件,2016-10-24,16.6473,17.0759,16.5476,16.9463,19272224,4.3736,7491010305,10577400000,851.0458,
002474.SZ,榕基软件,2016-10-25,16.9463,17.3052,16.8367,16.8566,21474565,4.8734,7451352015.15,10521402000,846.5403,
002474.SZ,榕基软件,2016-10-26,16.6473,16.7968,16.3881,16.4977,20851833,4.7321,7292718855.75,10297410000,828.5181,
002474.SZ,榕基软件,2016-10-27,16.408,16.5875,16.3283,16.4977,12414154,2.8173,7292718855.75,10297410000,828.5181,
002474.SZ,榕基软件,2016-10-28,16.4977,16.6273,16.1488,16.1488,15626175,3.5462,7138492173,10079640000,810.9966,
002474.SZ,榕基软件,2016-10-31,15.9495,15.9993,15.7401,15.8897,12653278,2.8715,7023923780.1,9917868000,797.9806,
002474.SZ,榕基软件,2016-11-01,16.0392,16.1787,15.9495,16.1588,12011531,2.7259,7142898649.65,10085862000,811.4972,
002474.SZ,榕基软件,2016-11-02,16.1588,16.1588,15.7302,15.77,15719680,3.5674,6971046060.3,9843204000,791.9732,
002474.SZ,榕基软件,2016-11-03,15.6604,16.0691,15.6006,15.8897,12782113,2.9008,7023923780.1,9917868000,797.9806,
002474.SZ,榕基软件,2016-11-04,15.8797,16.089,15.8299,15.9096,9944662,2.2568,7032736733.4,9930312000,798.9818,
002474.SZ,榕基软件,2016-11-07,15.78,16.4479,15.78,16.3083,18279026,4.1482,7208995799.4,10179192000,819.0064,
002474.SZ,榕基软件,2016-11-08,16.3283,16.3981,16.1688,16.2984,12135064,2.7539,7204589322.75,10172970000,818.5058,
002474.SZ,榕基软件,2016-11-09,16.2585,16.2884,15.6504,15.8598,17398531,3.9484,7010704350.15,9899202000,796.4788,
002474.SZ,榕基软件,2016-11-10,15.9993,16.2984,15.8299,16.1588,15771360,3.5791,7142898649.65,10085862000,811.4972,
002474.SZ,榕基软件,2016-11-11,15.9694,16.2087,15.8996,16.0591,12551527,2.8484,7098833883.15,10023642000,806.491,
002474.SZ,榕基软件,2016-11-14,15.9594,17.1457,15.9395,16.8965,43078263,9.7761,7468977921.75,10546290000,848.5427,
002474.SZ,榕基软件,2016-11-15,16.9663,16.9663,16.5775,16.8068,24293979,5.5132,7429319631.9,10490292000,844.0372,
002474.SZ,榕基软件,2016-11-16,16.8167,17.1158,16.6473,16.7868,25205679,5.7201,7420506678.6,10477848000,843.0359,
002474.SZ,榕基软件,2016-11-17,16.6672,16.6971,16.4579,16.5077,16111125,3.6562,7297125332.4,10303632000,829.0187,
002474.SZ,榕基软件,2016-11-18,16.5675,17.1457,16.428,16.7868,34395416,7.8057,7420506678.6,10477848000,843.0359,
002474.SZ,榕基软件,2016-11-21,16.717,16.9463,16.5376,16.7968,22228776,5.0446,7424913155.25,10484070000,843.5366,
002474.SZ,榕基软件,2016-11-22,16.717,17.1457,16.6074,17.0161,28328664,6.4289,7521855641.55,10620954000,854.5501,
002474.SZ,榕基软件,2016-11-23,16.9862,17.0859,16.428,16.4479,27259963,6.1863,7270686472.5,10266300000,826.015,
002474.SZ,榕基软件,2016-11-24,16.4479,16.5675,15.9495,15.9893,24304072,5.5155,7067988546.6,9980088000,802.9868,
002474.SZ,榕基软件,2016-11-25,15.9694,16.1488,15.5408,16.1289,18035285,4.0929,7129679219.7,10067196000,809.9954,
002474.SZ,榕基软件,2016-11-28,16.1488,16.2286,15.9295,15.9893,11503086,2.6105,7067988546.6,9980088000,802.9868,
002474.SZ,榕基软件,2016-11-29,15.9495,16.089,15.8299,15.8299,10119302,2.2965,6997484920.2,9880536000,794.9769,
002474.SZ,榕基软件,2016-11-30,15.8299,16.089,15.6305,15.9893,8718016,1.9785,7067988546.6,9980088000,802.9868,
002474.SZ,榕基软件,2016-12-01,15.9893,16.0791,15.8996,15.9295,7566013,1.717,7041549686.7,9942756000,799.983,
002474.SZ,榕基软件,2016-12-02,15.9893,15.9893,15.5507,15.5507,11643966,2.6425,6874103574,9706320000,780.9597,
002474.SZ,榕基软件,2016-12-05,14.9526,15.4411,14.8729,15.0623,11102883,2.5197,6658186218.15,9401442000,756.4295,
002474.SZ,榕基软件,2016-12-06,15.0723,15.3115,15.0723,15.1321,6520462,1.4797,6689031554.7,9444996000,759.9338,
002474.SZ,榕基软件,2016-12-07,15.2517,15.2617,15.0922,15.1919,6544583,1.4852,6715470414.6,9482328000,762.9376,
002474.SZ,榕基软件,2016-12-08,15.152,15.2018,14.9028,14.9028,10416817,2.364,6587682591.75,9301890000,748.4197,
002474.SZ,榕基软件,2016-12-09,14.8829,15.0623,14.7533,14.7732,8972974,2.0363,6530398395.3,9221004000,741.9117,
002474.SZ,榕基软件,2016-12-12,14.8031,14.8529,13.3178,13.3876,18821345,4.2713,5917898140.95,8356146000,672.3262,
002474.SZ,榕基软件,2016-12-13,13.3477,13.5172,13.2082,13.4474,9035507,2.0505,5944337000.85,8393478000,675.3299,
002474.SZ,榕基软件,2016-12-14,13.4474,13.4574,13.0885,13.1483,7890389,1.7906,5812142701.35,8206818000,660.3114,
002474.SZ,榕基软件,2016-12-15,13.0686,13.6169,13.0686,13.4175,9076051,2.0597,5931117570.9,8374812000,673.828,
002474.SZ,榕基软件,2016-12-16,13.4175,13.7465,13.4175,13.6468,7456872,1.6923,6032466533.85,8517918000,685.3422,
002474.SZ,榕基软件,2016-12-19,13.6767,13.6866,13.4075,13.4574,5064597,1.1494,5948743477.5,8399700000,675.8305,
002474.SZ,榕基软件,2016-12-20,13.4873,13.6368,13.3677,13.567,6138019,1.393,5997214720.65,8468142000,681.3373,
002474.SZ,榕基软件,2016-12-21,13.6268,13.9458,13.567,13.7564,8718953,1.9787,6080937777,8586360000,690.8489,
002474.SZ,榕基软件,2016-12-22,13.7664,13.7664,13.577,13.7165,5261861,1.1941,6063311870.4,8561472000,688.8465,
002474.SZ,榕基软件,2016-12-23,13.6567,13.896,13.5969,13.6567,7214239,1.6372,6036873010.5,8524140000,685.8428,
002474.SZ,榕基软件,2016-12-26,13.577,13.9159,13.2281,13.9159,9221919,2.0928,6151441403.4,8685912000,698.8588,
002474.SZ,榕基软件,2016-12-27,13.8561,13.9359,13.7365,13.7664,5505214,1.2493,6085344253.65,8592582000,691.3495,
002474.SZ,榕基软件,2016-12-28,13.8561,14.0256,13.6667,13.6767,5681955,1.2895,6045685963.8,8536584000,686.844,
002474.SZ,榕基软件,2016-12-29,13.6567,13.7564,13.5072,13.5271,4944509,1.1221,5979588814.05,8443254000,679.3348,
002474.SZ,榕基软件,2016-12-30,13.567,13.6368,13.4275,13.5172,4182069,0.9491,5975182337.4,8437032000,678.8342,
002474.SZ,榕基软件,2017-01-03,13.5271,13.6567,13.5172,13.6567,3558027,0.7965,6120148337.2,8524140000,685.8428,
002474.SZ,榕基软件,2017-01-04,13.6866,14.0355,13.6069,13.9259,9553512,2.1386,6240764399.32,8692134000,699.3594,
002474.SZ,榕基软件,2017-01-05,13.8362,13.9857,13.8262,13.8661,5933366,1.3282,6213960829.96,8654802000,696.3557,
002474.SZ,榕基软件,2017-01-06,13.876,13.9059,13.5172,13.5571,7581266,1.6971,6075475721.6,8461920000,680.8367,
002474.SZ,榕基软件,2017-01-09,13.5072,13.6368,13.4574,13.5271,5836671,1.3065,6062073936.92,8443254000,679.3348,
002474.SZ,榕基软件,2017-01-10,13.5571,13.6268,13.4873,13.5072,4662948,1.0438,6053139413.8,8430810000,678.3336,
002474.SZ,榕基软件,2017-01-11,13.5072,13.5471,13.258,13.2779,6232528,1.3952,5950392397.92,8287704000,666.8194,
002474.SZ,榕基软件,2017-01-12,13.248,13.3477,13.0586,13.0885,5284887,1.183,5865514428.28,8169486000,657.3077,
002474.SZ,榕基软件,2017-01-13,13.0885,13.1583,12.3708,12.6001,8388639,1.8778,5646618611.84,7864608000,632.7776,
002474.SZ,榕基软件,2017-01-16,12.5801,12.5801,11.354,11.8225,10970197,2.4557,5298172210.16,7379292000,593.7296,
002474.SZ,榕基软件,2017-01-17,11.8425,12.2512,11.4637,12.1615,8124719,1.8187,5450059103.2,7590840000,610.7505,
002474.SZ,榕基软件,2017-01-18,12.1116,12.1415,11.9222,11.9521,4763770,1.0664,5356246610.44,7460178000,600.2376,
002474.SZ,榕基软件,2017-01-19,11.982,12.5303,11.982,12.2711,9860699,2.2073,5499198980.36,7659282000,616.2573,
002474.SZ,榕基软件,2017-01-20,12.1714,13.0586,12.1216,12.6101,12091202,2.7066,5651085873.4,7870830000,633.2782,
002474.SZ,榕基软件,2017-01-23,12.5602,12.7795,12.4805,12.63,5755785,1.2884,5660020396.52,7883274000,634.2794,
002474.SZ,榕基软件,2017-01-24,12.6599,12.7496,12.5004,12.6001,5627861,1.2598,5646618611.84,7864608000,632.7776,
002474.SZ,榕基软件,2017-01-25,12.5702,12.6898,12.4705,12.5602,4640312,1.0387,5628749565.6,7839720000,630.7751,
002474.SZ,榕基软件,2017-01-26,12.5901,12.6499,12.5403,12.5702,3299119,0.7385,5633216827.16,7845942000,631.2758,
002474.SZ,榕基软件,2017-02-03,12.6001,13.0287,12.3907,12.7396,7410992,1.659,5709160273.68,7951716000,639.7862,
002474.SZ,榕基软件,2017-02-06,12.6599,12.8094,12.5403,12.7995,5440885,1.2179,5735963843.04,7989048000,642.7899,
002474.SZ,榕基软件,2017-02-07,12.8593,12.8692,12.6101,12.6798,5749221,1.287,5682356704.32,7914384000,636.7825,
002474.SZ,榕基软件,2017-02-08,12.6798,12.9589,12.5801,12.8393,6621514,1.4822,5753832889.28,8013936000,644.7924,
002474.SZ,榕基软件,2017-02-09,12.7795,12.9988,12.7596,12.929,8040240,1.7998,5794038243.32,8069934000,649.2979,
002474.SZ,榕基软件,2017-02-10,12.939,12.939,12.7895,12.7995,5747841,1.2867,5735963843.04,7989048000,642.7899,
002474.SZ,榕基软件,2017-02-13,12.7197,13.0586,12.7197,13.0088,8108207,1.815,5829776335.8,8119710000,653.3028,
002474.SZ,榕基软件,2017-02-14,13.0885,13.1384,12.8692,12.939,5887957,1.318,5798505504.88,8076156000,649.7985,
002474.SZ,榕基软件,2017-02-15,12.8792,12.939,12.6599,12.6699,8275380,1.8525,5677889442.76,7908162000,636.2819,
002474.SZ,榕基软件,2017-02-16,12.6699,12.7895,12.5602,12.6499,5931130,1.3277,5668954919.64,7895718000,635.2806,
002474.SZ,榕基软件,2017-02-17,12.6599,12.7496,12.4107,12.4406,7595200,1.7002,5575142426.88,7765056000,624.7678,
002474.SZ,榕基软件,2017-02-20,12.3608,12.5702,12.3608,12.5602,4856367,1.0871,5628749565.6,7839720000,630.7751,
002474.SZ,榕基软件,2017-02-21,12.5602,13.5471,12.4605,13.1184,22244249,4.9794,5878916212.96,8188152000,658.8096,
002474.SZ,榕基软件,2017-02-22,12.9889,13.2181,12.949,13.1284,11670681,2.6125,5883383474.52,8194374000,659.3102,
002474.SZ,榕基软件,2017-02-23,13.1284,13.1284,12.9589,13.0985,7125446,1.595,5869981689.84,8175708000,657.8083,
002474.SZ,榕基软件,2017-02-24,13.0985,13.2879,13.0188,13.1384,8175978,1.8302,5887850736.08,8200596000,659.8108,
002474.SZ,榕基软件,2017-02-27,13.1085,13.3078,12.9988,13.1284,11269008,2.5226,5883383474.52,8194374000,659.3102,
002474.SZ,榕基软件,2017-02-28,13.0586,13.2381,13.0088,13.2082,9410978,2.1067,5919121567,8244150000,341.3194,
002474.SZ,榕基软件,2017-03-01,13.1384,13.268,13.1284,13.1483,7453730,1.6685,5892317997.64,8206818000,339.7738,
002474.SZ,榕基软件,2017-03-02,13.1882,13.2082,13.0188,13.0487,6873069,1.5385,5847645382.04,8144598000,337.1978,
002474.SZ,榕基软件,2017-03-03,12.9789,13.0985,12.8493,13.0586,7080207,1.5849,5852112643.6,8150820000,337.4554,
002474.SZ,榕基软件,2017-03-06,13.0586,13.4075,13.0188,13.3677,14490687,3.2438,5990597751.96,8343702000,345.441,
002474.SZ,榕基软件,2017-03-07,13.3976,13.6069,13.2381,13.5471,17078341,3.823,6071008460.04,8455698000,350.0778,
002474.SZ,榕基软件,2017-03-08,13.4374,13.6169,13.3078,13.3677,10350902,2.3171,5990597751.96,8343702000,345.441,
002474.SZ,榕基软件,2017-03-09,13.3078,13.3577,13.1783,13.268,8054090,1.8029,5945925136.36,8281482000,342.865,
002474.SZ,榕基软件,2017-03-10,13.268,13.3477,13.1583,13.1683,6268113,1.4031,5901252520.76,8219262000,340.289,
002474.SZ,榕基软件,2017-03-13,13.1583,13.3178,12.9789,13.3178,6900138,1.5446,5968261444.16,8312592000,344.153,
002474.SZ,榕基软件,2017-03-14,13.2779,13.3477,13.1184,13.1583,6699522,1.4997,5896785259.2,8213040000,340.0314,
002474.SZ,榕基软件,2017-03-15,13.0885,13.2381,13.0885,13.1783,4564026,1.0217,5905719782.32,8225484000,340.5466,
002474.SZ,榕基软件,2017-03-16,13.1982,13.2979,13.1683,13.2779,7296840,1.6334,5950392397.92,8287704000,343.1226,
002474.SZ,榕基软件,2017-03-17,13.2381,13.9059,13.2181,13.2779,21669943,4.8508,5950392397.92,8287704000,343.1226,
002474.SZ,榕基软件,2017-03-20,13.1882,13.3078,13.1384,13.3078,9499503,2.1265,5963794182.6,8306370000,343.8954,
002474.SZ,榕基软件,2017-03-21,13.3078,13.4374,13.2281,13.3377,7565459,1.6935,5977195967.28,8325036000,344.6682,
002474.SZ,榕基软件,2017-03-22,13.268,13.2779,13.0586,13.0586,9105388,2.0382,5852112643.6,8150820000,337.4554,
002474.SZ,榕基软件,2017-03-23,13.0586,13.1783,12.5901,12.7795,11828039,2.6477,5727029319.92,7976604000,330.2426,
002474.SZ,榕基软件,2017-03-24,12.7895,12.8393,12.6599,12.8094,6523825,1.4604,5740431104.6,7995270000,331.0154,
002474.SZ,榕基软件,2017-03-27,12.7596,12.8294,12.6499,12.6499,5677901,1.271,5668954919.64,7895718000,326.8938,
002474.SZ,榕基软件,2017-03-28,12.6599,12.7396,12.5602,12.5702,4816759,1.0782,5633216827.16,7845942000,324.833,
002474.SZ,榕基软件,2017-03-29,12.5901,12.8094,12.5901,12.64,7471079,1.6724,5664487658.08,7889496000,326.6362,
002474.SZ,榕基软件,2017-03-30,12.5801,12.64,12.1615,12.1814,9547198,2.1371,5458993626.32,7603284000,314.7866,
002474.SZ,榕基软件,2017-03-31,12.2313,12.321,12.0618,12.1714,4919426,1.1012,5454526364.76,7597062000,305.7744,
002474.SZ,榕基软件,2017-04-05,12.311,12.7097,12.311,12.6101,7193308,1.6102,5651085873.4,7870830000,316.7933,
002474.SZ,榕基软件,2017-04-06,12.5602,12.6798,12.5303,12.5602,5916280,1.3244,5628749565.6,7839720000,315.5411,
002474.SZ,榕基软件,2017-04-07,12.5702,12.5801,12.2911,12.3309,8213843,1.8387,5526002549.72,7696614000,309.7813,
002474.SZ,榕基软件,2017-04-10,12.3808,12.3808,11.9721,12.0419,8917620,1.9962,5396451964.48,7516176000,302.5188,
002474.SZ,榕基软件,2017-04-11,12.0718,12.3608,12.0518,12.321,8826672,1.9759,5521535288.16,7690392000,309.5308,
002474.SZ,榕基软件,2017-04-12,12.2711,12.301,12.1017,12.1017,5155633,1.1541,5423255533.84,7553508000,304.0214,
002474.SZ,榕基软件,2017-04-13,12.0817,12.2213,12.0618,12.0718,4550515,1.0186,5409853749.16,7534842000,303.2701,
002474.SZ,榕基软件,2017-04-14,12.0817,12.1415,11.8425,11.8624,6535237,1.4629,5316041256.4,7404180000,298.0111,
002474.SZ,榕基软件,2017-04-17,11.8525,11.9422,11.7627,11.8624,4408815,0.9869,5316041256.4,7404180000,298.0111,
002474.SZ,榕基软件,2017-04-18,11.8724,12.0119,11.5733,11.5933,4754005,1.0642,5195425194.28,7236186000,291.2495,
002474.SZ,榕基软件,2017-04-19,11.5933,11.6631,11.4238,11.5335,5379146,1.2041,5168621624.92,7198854000,289.7469,
002474.SZ,榕基软件,2017-04-20,11.5534,11.7129,11.4637,11.5634,4092607,0.9161,5182023409.6,7217520000,290.4982,
002474.SZ,榕基软件,2017-04-21,11.6132,11.6631,11.4836,11.4936,3035190,0.6794,5150752578.68,7173966000,288.7452,
002474.SZ,榕基软件,2017-04-24,11.4737,11.5933,11.1746,11.2045,3863293,0.8648,5021201993.44,6993528000,281.4827,
002474.SZ,榕基软件,2017-04-25,11.2145,11.4238,11.1347,11.1547,4763151,1.0662,4998865685.64,6962418000,280.2306,
002474.SZ,榕基软件,2017-04-26,11.1646,11.2045,10.9752,11.0051,5467640,1.2239,4931856762.24,6869088000,276.4741,
002474.SZ,榕基软件,2017-04-27,10.9752,11.1148,10.3771,11.0849,9500334,2.1267,4967594854.72,6918864000,278.4776,
002474.SZ,榕基软件,2017-04-28,11.0151,11.1148,10.9154,11.045,4061362,0.9091,4949725808.48,6893976000,236.9664,
002474.SZ,榕基软件,2017-05-02,11.035,11.2344,11.0151,11.2145,4475161,1.0018,5025669255,6999750000,240.6022,
002474.SZ,榕基软件,2017-05-03,11.2344,11.5534,11.0949,11.4537,8249772,1.8467,5132883532.44,7149078000,245.735,
002474.SZ,榕基软件,2017-05-04,11.2643,11.4138,11.1447,11.2045,6967148,1.5596,5021201993.44,6993528000,240.3883,
002474.SZ,榕基软件,2017-05-05,11.1148,11.2344,10.9653,10.9653,4610236,1.032,4913987716,6844200000,235.2555,
002474.SZ,榕基软件,2017-05-08,10.9653,11.1347,10.6762,10.8755,6017051,1.3469,4873782361.96,6788202000,233.3306,
002474.SZ,榕基软件,2017-05-09,10.7161,11.0051,10.7161,10.9952,3536522,0.7917,4927389500.68,6862866000,235.8971,
002474.SZ,榕基软件,2017-05-10,11.045,11.0649,10.6263,10.6263,4398746,0.9847,4762100822.96,6632652000,227.9839,
002474.SZ,榕基软件,2017-05-11,10.5964,10.7061,10.088,10.4569,6967718,1.5597,4686157376.44,6526878000,224.3482,
002474.SZ,榕基软件,2017-05-12,10.4469,10.5467,10.2074,10.4968,6202714,1.3885,4699559161.12,6545544000,224.9898,
002474.SZ,榕基软件,2017-05-15,11.0855,11.3649,10.846,10.9258,14370631,3.2169,4891651408.2,6813090000,234.1861,
002474.SZ,榕基软件,2017-05-16,10.856,11.0456,10.5367,11.0356,10220820,2.2879,4940791285.36,6881532000,236.5387,
002474.SZ,榕基软件,2017-05-17,10.9757,11.0955,10.8959,10.9558,7946420,1.7788,4905053192.88,6831756000,234.8277,
002474.SZ,榕基软件,2017-05-18,10.7762,10.9059,10.6864,10.6963,5207020,1.1656,4788904392.32,6669984000,229.2671,
002474.SZ,榕基软件,2017-05-19,10.6864,11.3349,10.6764,11.2451,13171778,2.9485,5034603778.12,7012194000,241.0299,
002474.SZ,榕基软件,2017-05-22,11.0655,11.1952,10.856,10.9757,8297620,1.8574,4913987716,6844200000,235.2555,
002474.SZ,榕基软件,2017-05-23,10.9757,10.9757,10.4768,10.4768,7042927,1.5766,4690624638,6533100000,224.562,
002474.SZ,榕基软件,2017-05-24,10.4768,10.7163,10.2274,10.6065,5130822,1.1485,4748699038.28,6613986000,227.3423,
002474.SZ,榕基软件,2017-05-25,10.5367,10.8759,10.407,10.7662,6590008,1.4752,4820175223.24,6713538000,230.7642,
002474.SZ,榕基软件,2017-05-26,10.7263,10.9258,10.5666,10.7762,5213591,1.1671,4824642484.8,6719760000,230.9781,
002474.SZ,榕基软件,2017-05-31,10.9258,11.0555,10.5866,10.6365,5321045,1.1911,4762100822.96,6632652000,227.9839,
002474.SZ,榕基软件,2017-06-01,10.4868,10.6365,10.2274,10.2274,5484723,1.2278,4578943099,6377550000,219.2153,
002474.SZ,榕基软件,2017-06-02,10.1875,10.4768,10.1076,10.387,5151538,1.1532,4650419283.96,6477102000,222.6372,
002474.SZ,榕基软件,2017-06-05,10.407,10.5766,10.3371,10.4469,4176388,0.9349,4677222853.32,6514434000,223.9204,
002474.SZ,榕基软件,2017-06-06,10.397,10.5966,10.397,10.5766,4084596,0.9143,4735297253.6,6595320000,226.7007,
002474.SZ,榕基软件,2017-06-07,10.5367,10.8261,10.5367,10.7662,8078945,1.8085,4820175223.24,6713538000,230.7642,
002474.SZ,榕基软件,2017-06-08,10.7961,10.8859,10.6465,10.6664,6088076,1.3628,4775502607.64,6651318000,228.6255,
002474.SZ,榕基软件,2017-06-09,10.6564,10.7263,10.5167,10.6864,4816154,1.0781,4784437130.76,6663762000,229.0533,
002474.SZ,榕基软件,2017-06-12,10.6864,10.6864,10.3371,10.3671,5164480,1.1561,4641484760.84,6464658000,222.2095,
002474.SZ,榕基软件,2017-06-13,10.3571,10.7662,10.3371,10.6764,6079786,1.361,4779969869.2,6657540000,228.8394,
002474.SZ,榕基软件,2017-06-14,10.6764,10.7662,10.5866,10.7462,6063873,1.3574,4811240700.12,6701094000,230.3365,
002474.SZ,榕基软件,2017-06-15,10.6864,11.0256,10.6864,10.9657,12307939,2.7551,4909520454.44,6837978000,235.0416,
002474.SZ,榕基软件,2017-06-16,10.9358,10.9657,10.7961,10.8759,6317986,1.4143,4869315100.4,6781980000,233.1168,
002474.SZ,榕基软件,2017-06-19,10.9059,11.0555,10.856,10.9558,4838922,1.0832,4905053192.88,6831756000,234.8277,
002474.SZ,榕基软件,2017-06-20,10.9558,11.1354,10.8959,10.9159,8993731,2.0133,4887184146.64,6806868000,233.9723,
002474.SZ,榕基软件,2017-06-21,10.9757,10.9857,10.7462,10.9159,5939385,1.3295,4887184146.64,6806868000,233.9723,
002474.SZ,榕基软件,2017-06-22,10.8759,10.9059,10.5567,10.6065,6723262,1.505,4748699038.28,6613986000,227.3423,
002474.SZ,榕基软件,2017-06-23,10.5966,10.6265,10.377,10.5666,6399823,1.4326,4730829992.04,6589098000,226.4868,
002474.SZ,榕基软件,2017-06-26,10.6065,10.7762,10.4768,10.7662,5418296,1.2129,4820175223.24,6713538000,230.7642,
002474.SZ,榕基软件,2017-06-27,10.7861,10.8261,10.6864,10.7562,4267712,0.9553,4815707961.68,6707316000,230.5504,
002474.SZ,榕基软件,2017-06-28,10.7462,10.7961,10.6065,10.6265,3668566,0.8212,4757633561.4,6626430000,227.7701,
002474.SZ,榕基软件,2017-06-29,10.5866,10.8759,10.5866,10.8161,6200583,1.388,4842511531.04,6744648000,231.8336,
002474.SZ,榕基软件,2017-06-30,10.8061,10.9059,10.7363,10.8261,5660574,1.2166,5048259855.1,6750870000,232.0474,
002474.SZ,榕基软件,2017-07-03,10.856,10.9258,10.8061,10.9059,4887930,1.0505,5085482047.58,6800646000,233.7584,
002474.SZ,榕基软件,2017-07-04,10.8959,10.9458,10.7961,10.866,4551428,0.9782,5066870951.34,6775758000,232.9029,
002474.SZ,榕基软件,2017-07-05,10.866,11.0256,10.856,10.9957,10117437,2.1745,5127357014.12,6856644000,235.6832,
002474.SZ,榕基软件,2017-07-06,11.0057,11.0256,10.8261,10.9159,8501468,1.8272,5090134821.64,6806868000,233.9723,
002474.SZ,榕基软件,2017-07-07,10.8959,10.9957,10.846,10.9857,6680731,1.4359,5122704240.06,6850422000,235.4693,
002474.SZ,榕基软件,2017-07-10,10.9757,11.0256,10.8061,10.8161,7013149,1.5073,5043607081.04,6744648000,231.8336,
002474.SZ,榕基软件,2017-07-11,10.7762,10.8759,10.5966,10.6165,6026152,1.2952,4950551599.84,6620208000,227.5562,
002474.SZ,榕基软件,2017-07-12,10.6365,10.7063,10.397,10.5666,6459807,1.3884,4927287729.54,6589098000,226.4868,
002474.SZ,榕基软件,2017-07-13,10.4968,10.6065,10.4569,10.5367,3195350,0.6868,4913329407.36,6570432000,225.8452,
002474.SZ,榕基软件,2017-07-14,10.6065,10.6564,10.5167,10.5267,3523602,0.7573,4908676633.3,6564210000,225.6314,
002474.SZ,榕基软件,2017-07-17,10.5567,10.5567,9.479,9.5189,11980785,2.575,4438746453.24,5935788000,204.0307,
002474.SZ,榕基软件,2017-07-18,9.499,9.5988,9.03,9.489,9697607,2.0843,4424788131.06,5917122000,203.389,
002474.SZ,榕基软件,2017-07-19,9.479,9.5589,9.2994,9.499,5976419,1.2845,4429440905.12,5923344000,203.6029,
002474.SZ,榕基软件,2017-07-20,9.509,9.6786,9.479,9.509,4850690,1.0425,4434093679.18,5929566000,203.8168,
002474.SZ,榕基软件,2017-07-21,9.5389,9.6087,9.4591,9.5289,4190915,0.9007,4443399227.3,5942010000,204.2445,
002474.SZ,榕基软件,2017-07-24,9.5289,9.5289,9.3194,9.4491,4855084,1.0435,4406177034.82,5892234000,202.5336,
002474.SZ,榕基软件,2017-07-25,9.3892,9.5389,9.3593,9.5289,4449217,0.9563,4443399227.3,5942010000,204.2445,
002474.SZ,榕基软件,2017-07-26,9.479,9.5389,9.3493,9.4092,3245308,0.6975,4387565938.58,5867346000,201.6781,
002474.SZ,榕基软件,2017-07-27,9.3793,9.8183,9.2994,9.7584,10580238,2.274,4550413030.68,6085116000,209.1635,
002474.SZ,榕基软件,2017-07-28,9.7584,9.7584,9.6087,9.6487,4964945,1.0671,4499232516.02,6016674000,206.8109,
002474.SZ,榕基软件,2017-07-31,9.6187,9.7285,9.5788,9.6686,4634828,0.9961,4508538064.14,6029118000,207.2387,
002474.SZ,榕基软件,2017-08-01,9.6985,9.7285,9.6387,9.7285,4270240,0.9178,4536454708.5,6066450000,208.5219,
002474.SZ,榕基软件,2017-08-02,9.6985,9.7285,9.489,9.509,5186721,1.1148,4434093679.18,5929566000,203.8168,
002474.SZ,榕基软件,2017-08-03,9.5289,9.7884,9.509,9.6387,5049653,1.0853,4494579741.96,6010452000,206.5971,
002474.SZ,榕基软件,2017-08-04,9.6387,9.7285,9.5788,9.6586,4324124,0.9294,4503885290.08,6022896000,207.0248,
002474.SZ,榕基软件,2017-08-07,9.6487,9.8183,9.6087,9.7784,4990424,1.0726,4559718578.8,6097560000,209.5912,
002474.SZ,榕基软件,2017-08-08,9.7285,9.8981,9.6786,9.8682,6772355,1.4556,4601593545.34,6153558000,211.5161,
002474.SZ,榕基软件,2017-08-09,9.8482,9.8682,9.7684,9.8083,4273699,0.9185,4573676900.98,6116226000,210.2328,
002474.SZ,榕基软件,2017-08-10,9.8183,9.8682,9.5389,9.5788,6805307,1.4626,4466663097.6,5973120000,205.3139,
002474.SZ,榕基软件,2017-08-11,9.509,9.5988,9.3693,9.3693,6419310,1.3797,4368954842.34,5842458000,200.8226,
002474.SZ,榕基软件,2017-08-14,9.3693,10.3072,9.3593,10.3072,31001298,6.663,4806315603.98,6427326000,220.9263,
002474.SZ,榕基软件,2017-08-15,10.2673,10.2773,10.0378,10.2374,20716271,4.4525,4773746185.56,6383772000,219.4292,
002474.SZ,榕基软件,2017-08-16,10.1775,10.5766,10.0877,10.387,24403311,5.2449,4843537796.46,6477102000,222.6372,
002474.SZ,榕基软件,2017-08-17,10.2773,10.8061,10.1775,10.5866,27322302,5.8723,4936593277.66,6601542000,226.9146,
002474.SZ,榕基软件,2017-08-18,10.4768,10.7063,10.4269,10.4868,13528125,2.9075,4890065537.06,6539322000,224.7759,
002474.SZ,榕基软件,2017-08-21,10.5068,10.6664,10.387,10.5068,11128050,2.3917,4899371085.18,6551766000,225.2036,
002474.SZ,榕基软件,2017-08-22,10.5467,10.5866,10.2274,10.2773,10633425,2.2854,4792357281.8,6408660000,220.2847,
002474.SZ,榕基软件,2017-08-23,10.2174,10.4569,10.0877,10.2673,11698952,2.5144,4787704507.74,6402438000,220.0708,
002474.SZ,榕基软件,2017-08-24,10.2174,10.2972,10.0977,10.1376,7693661,1.6536,4727218444.96,6321552000,214.6578,
002474.SZ,榕基软件,2017-08-25,10.1476,10.5167,10.1476,10.4569,12617053,2.7117,4876107214.88,6520656000,221.4187,
002474.SZ,榕基软件,2017-08-28,10.6265,10.9558,10.6165,10.7163,24844470,5.3397,4997079340.44,6682428000,226.9119,
002474.SZ,榕基软件,2017-08-29,10.5766,10.856,10.5167,10.7562,14688783,3.157,5015690436.68,6707316000,227.757,
002474.SZ,榕基软件,2017-08-30,10.6265,10.8161,10.6065,10.6564,10994385,2.363,4969162696.08,6645096000,225.6442,
002474.SZ,榕基软件,2017-08-31,10.6564,10.7063,10.5766,10.7063,9089665,1.9536,4992426566.38,6676206000,226.7006,
002474.SZ,榕基软件,2017-09-01,10.7263,10.9558,10.6764,10.9558,17881505,3.8432,5108745917.88,6831756000,231.9825,
002474.SZ,榕基软件,2017-09-04,10.6963,11.3349,10.5567,11.1354,28141584,6.0483,5192495850.96,6943752000,235.7855,
002474.SZ,榕基软件,2017-09-05,11.0356,11.3748,10.9258,11.3649,23587604,5.0696,5299509654.34,7086858000,240.6449,
002474.SZ,榕基软件,2017-09-06,11.1453,11.5544,11.1354,11.5345,26564373,5.7094,5378606813.36,7192632000,244.2366,
002474.SZ,榕基软件,2017-09-07,11.5445,11.9037,11.2751,11.305,28397595,6.1034,5271593009.98,7049526000,239.3772,
002474.SZ,榕基软件,2017-09-08,11.3748,11.4347,11.1354,11.295,13433616,2.8872,5266940235.92,7043304000,239.166,
002474.SZ,榕基软件,2017-09-11,11.2352,11.315,11.1354,11.2751,10959121,2.3554,5257634687.8,7030860000,238.7434,
002474.SZ,榕基软件,2017-09-12,11.2651,11.5644,10.9857,11.4547,24174225,5.1957,5341384620.88,7142856000,242.5464,
002474.SZ,榕基软件,2017-09-13,11.315,11.5445,11.2052,11.2751,11481638,2.4677,5257634687.8,7030860000,238.7434,
002474.SZ,榕基软件,2017-09-14,11.285,11.325,11.0356,11.0456,10291480,2.2119,5150620884.42,6887754000,233.884,
002474.SZ,榕基软件,2017-09-15,11.0456,11.1354,10.9558,10.9957,7638481,1.6417,5127357014.12,6856644000,232.8276,
002474.SZ,榕基软件,2017-09-18,10.9757,11.2451,10.9558,11.2252,8538205,1.8351,5234370817.5,6999750000,237.687,
002474.SZ,榕基软件,2017-09-19,11.2551,11.325,11.0156,11.0555,6736061,1.4478,5155273658.48,6893976000,234.0953,
002474.SZ,榕基软件,2017-09-20,11.0555,11.3748,11.0057,11.3649,10805937,2.3225,5299509654.34,7086858000,240.6449,
002474.SZ,榕基软件,2017-09-21,11.3649,11.4447,11.1453,11.1553,8254845,1.7742,5201801399.08,6956196000,236.2081,
002474.SZ,榕基软件,2017-09-22,11.1753,11.2252,10.9059,11.0057,8256161,1.7745,5132009788.18,6862866000,233.0389,
002474.SZ,榕基软件,2017-09-25,10.9757,11.2052,10.7562,10.7961,5802400,1.2471,5034301532.92,6732204000,228.6021,
002474.SZ,榕基软件,2017-09-26,10.7961,10.9059,10.5167,10.6465,7010280,1.5067,4964509922.02,6638874000,225.4329,
002474.SZ,榕基软件,2017-09-27,10.6564,11.0256,10.5966,10.856,6190211,1.3304,5062218177.28,6769536000,229.8698,
002474.SZ,榕基软件,2017-09-28,10.846,10.9657,10.7462,10.7462,5900911,1.2683,5011037662.62,6701094000,227.5457,
002474.SZ,榕基软件,2017-09-29,10.7063,10.9159,10.7063,10.8859,4529467,0.9735,5076176499.46,6788202000,230.5036,
002474.SZ,榕基软件,2017-10-09,11.0655,11.1653,10.9657,11.1553,8087545,1.7382,5201801399.08,6956196000,236.2081,
002474.SZ,榕基软件,2017-10-10,11.1453,11.5844,11.0855,11.4048,16208711,3.4837,5318120750.58,7111746000,241.49,
002474.SZ,榕基软件,2017-10-11,11.3748,11.4048,11.1453,11.1653,9055882,1.9463,5206454173.14,6962418000,236.4194,
002474.SZ,榕基软件,2017-10-12,11.1354,11.3449,11.1154,11.1753,10155531,2.1827,5211106947.2,6968640000,236.6306,
002474.SZ,榕基软件,2017-10-13,11.1853,11.4646,11.0855,11.3848,14317706,3.0772,5308815202.46,7099302000,241.0675,
002474.SZ,榕基软件,2017-10-16,11.3549,11.3649,10.6864,10.7063,13845419,2.9757,4992426566.38,6676206000,226.7006,
002474.SZ,榕基软件,2017-10-17,10.7063,10.8161,10.5766,10.7263,5203019,1.1183,5001732114.5,6688650000,227.1232,
002474.SZ,榕基软件,2017-10-18,10.7263,11.0356,10.5766,10.5766,7216361,1.551,4931940503.6,6595320000,223.954,
002474.SZ,榕基软件,2017-10-19,10.6864,10.9458,10.5567,10.6365,7918629,1.7019,4959857147.96,6632652000,225.2216,
002474.SZ,榕基软件,2017-10-20,10.2274,10.4669,10.1476,10.377,7789824,1.6742,4838885022.4,6470880000,219.7284,
002474.SZ,榕基软件,2017-10-23,10.387,10.5567,10.3571,10.4768,5162135,1.1095,4885412763,6533100000,221.8412,
002474.SZ,榕基软件,2017-10-24,10.3671,10.4768,10.1476,10.4469,8736809,1.8778,4871454440.82,6514434000,221.2074,
002474.SZ,榕基软件,2017-10-25,10.2374,10.417,10.2374,10.3671,5240511,1.1263,4834232248.34,6464658000,217.2059,
002474.SZ,榕基软件,2017-10-26,10.3571,10.407,10.2473,10.377,4815763,1.035,4838885022.4,6470880000,217.415,
002474.SZ,榕基软件,2017-10-27,10.397,10.4269,10.1276,10.1575,4601602,0.989,4736523993.08,6333996000,212.8158,
002474.SZ,榕基软件,2017-10-30,10.1276,10.2274,9.6387,9.6586,9931076,2.1344,4503885290.08,6022896000,202.3632,
002474.SZ,榕基软件,2017-10-31,9.6786,9.7584,9.6187,9.7085,4275875,0.919,4527149160.38,6054006000,203.4084,
002474.SZ,榕基软件,2017-11-01,9.6985,9.7884,9.6786,9.7385,3153814,0.6778,4541107482.56,6072672000,204.0356,
002474.SZ,榕基软件,2017-11-02,9.7085,9.7285,9.5389,9.5489,3652769,0.7851,4452704775.42,5954454000,200.0636,
002474.SZ,榕基软件,2017-11-03,9.5589,9.6786,9.479,9.5688,3127467,0.6722,4462010323.54,5966898000,200.4817,
002474.SZ,榕基软件,2017-11-06,9.499,9.6985,9.499,9.6985,3201612,0.6881,4522496386.32,6047784000,203.1994,
002474.SZ,榕基软件,2017-11-07,9.7085,9.7285,9.6187,9.7185,3557600,0.7646,4531801934.44,6060228000,203.6175,
002474.SZ,榕基软件,2017-11-08,9.7285,9.938,9.6786,9.8682,6412585,1.3782,4601593545.34,6153558000,206.7533,
002474.SZ,榕基软件,2017-11-09,9.7983,10.0677,9.7983,10.0079,5457216,1.1729,4666732382.18,6240666000,209.68,
002474.SZ,榕基软件,2017-11-10,9.968,10.2274,9.8482,10.0777,6985040,1.5013,4699301800.6,6284220000,211.1434,
002474.SZ,榕基软件,2017-11-13,10.0278,10.1076,9.8981,9.9081,4588800,0.9863,4620204641.58,6178446000,207.5895,
002474.SZ,榕基软件,2017-11-14,9.9081,10.1675,9.8382,9.9979,6194511,1.3314,4662079608.12,6234444000,209.471,
002474.SZ,榕基软件,2017-11-15,9.9081,9.9979,9.5988,9.7085,5324342,1.1443,4527149160.38,6054006000,203.4084,
002474.SZ,榕基软件,2017-11-16,9.6985,9.948,9.5988,9.8083,4485726,0.9641,4573676900.98,6116226000,205.499,
002474.SZ,榕基软件,2017-11-17,9.7584,9.8382,9.0899,9.2396,6670446,1.4336,4308468779.56,5761572000,193.583,
002474.SZ,榕基软件,2017-11-20,9.2795,9.2994,8.8404,9.2795,6908752,1.4849,4327079875.8,5786460000,194.4192,
002474.SZ,榕基软件,2017-11-21,9.2396,9.4092,9.1697,9.3393,5205031,1.1187,4354996520.16,5823792000,195.6735,
002474.SZ,榕基软件,2017-11-22,9.2895,9.5189,9.2695,9.3294,5314903,1.1423,4350343746.1,5817570000,195.4644,
002474.SZ,榕基软件,2017-11-23,9.3294,9.3294,8.9901,9.04,4875587,1.0479,4215413298.36,5637132000,189.4019,
002474.SZ,榕基软件,2017-11-24,9.04,9.1697,8.9302,9.03,3607827,0.7754,4210760524.3,5630910000,189.1929,
002474.SZ,榕基软件,2017-11-27,9.03,9.1298,8.9702,8.9702,2857810,0.6142,4182843879.94,5593578000,187.9385,
002474.SZ,榕基软件,2017-11-28,8.9901,9.1597,8.9801,9.1298,3878212,0.8335,4257288264.9,5693130000,191.2834,
002474.SZ,榕基软件,2017-11-29,9.1398,9.1398,8.9702,9.06,3627481,0.7796,4224718846.48,5649576000,189.82,
002474.SZ,榕基软件,2017-11-30,9.06,9.1198,8.9901,9.0101,3017196,0.6485,4201454976.18,5618466000,188.7747,
002474.SZ,榕基软件,2017-12-01,9.0201,9.2096,9.0101,9.1797,5168129,1.1108,4280552135.2,5724240000,192.3286,
002474.SZ,榕基软件,2017-12-04,9.1398,9.1897,9.0101,9.03,4025500,0.8652,4210760524.3,5630910000,189.1929,
002474.SZ,榕基软件,2017-12-05,9.0699,9.0699,8.3815,8.4513,7189653,1.5452,3940899628.82,5270034000,177.0678,
002474.SZ,榕基软件,2017-12-06,8.4812,8.601,8.1021,8.591,4927005,1.0589,4006038465.66,5357142000,179.9945,
002474.SZ,榕基软件,2017-12-07,8.5212,8.6708,8.5012,8.5511,2536149,0.5451,3987427369.42,5332254000,179.1583,
002474.SZ,榕基软件,2017-12-08,8.5311,8.7107,8.5311,8.6209,2691000,0.5784,4019996787.84,5375808000,180.6217,
002474.SZ,榕基软件,2017-12-11,8.7307,9.479,8.7307,9.1398,10895438,2.3417,4261941038.96,5699352000,191.4924,
002474.SZ,榕基软件,2017-12-12,9.1099,9.1597,8.8804,8.9103,5987462,1.2869,4154927235.58,5556246000,186.6842,
002474.SZ,榕基软件,2017-12-13,8.9003,9.03,8.8704,8.9801,3078200,0.6616,4187496654,5599800000,188.1476,
002474.SZ,榕基软件,2017-12-14,8.9003,9.1797,8.9003,9.1099,5042137,1.0837,4247982716.78,5680686000,190.8653,
002474.SZ,榕基软件,2017-12-15,9.0699,9.1997,9.0101,9.1498,4015823,0.8631,4266593813.02,5705574000,191.7015,
002474.SZ,榕基软件,2017-12-18,9.1398,9.1697,8.9103,8.9901,3622700,0.7786,4192149428.06,5606022000,188.3566,
002474.SZ,榕基软件,2017-12-19,9.0201,9.1797,9.0001,9.1398,4122361,0.886,4261941038.96,5699352000,191.4924,
002474.SZ,榕基软件,2017-12-20,9.1198,9.1398,8.9402,8.9801,4008900,0.8616,4187496654,5599800000,188.1476,
002474.SZ,榕基软件,2017-12-21,8.9402,8.9702,8.591,8.8005,5057800,1.0871,4103746720.92,5487804000,184.3846,
002474.SZ,榕基软件,2017-12-22,8.9003,8.9103,8.7008,8.7107,3069195,0.6596,4061871754.38,5431806000,182.5032,
002474.SZ,榕基软件,2017-12-25,8.6309,8.7307,8.1919,8.3715,5666140,1.2178,3903677436.34,5220258000,175.3954,
002474.SZ,榕基软件,2017-12-26,8.3815,8.4513,8.2817,8.4114,2842375,0.6109,3922288532.58,5245146000,176.2316,
002474.SZ,榕基软件,2017-12-27,8.4114,8.4214,8.2617,8.2917,2961921,0.6366,3866455243.86,5170482000,173.7229,
002474.SZ,榕基软件,2017-12-28,8.2418,8.4014,8.2418,8.2917,3098698,0.666,3866455243.86,5170482000,173.7229,
002474.SZ,榕基软件,2017-12-29,8.2817,8.4014,8.2717,8.4014,2335662,0.502,3917635758.52,5238924000,176.0225,
002474.SZ,榕基软件,2018-01-02,8.4114,8.5112,8.3815,8.4912,3129479,0.6671,3992409227.7,5294922000,177.904,
002474.SZ,榕基软件,2018-01-03,8.4912,8.6209,8.4214,8.611,4493188,0.9577,4048706420.1,5369586000,180.4126,
002474.SZ,榕基软件,2018-01-04,8.571,8.8704,8.5212,8.7107,6182483,1.3178,4095620747.1,5431806000,182.5032,
002474.SZ,榕基软件,2018-01-05,8.6808,8.7207,8.601,8.6309,4160314,0.8868,4058089285.5,5382030000,180.8307,
002474.SZ,榕基软件,2018-01-08,8.611,8.6309,8.4413,8.5112,4623913,0.9856,4001792093.1,5307366000,178.3221,
002474.SZ,榕基软件,2018-01-09,8.5012,8.5511,8.4713,8.4912,2741689,0.5844,3992409227.7,5294922000,177.904,
002474.SZ,榕基软件,2018-01-10,8.5012,8.8604,8.4713,8.7906,11372040,2.424,4133152208.7,5481582000,184.1756,
002474.SZ,榕基软件,2018-01-11,8.6908,9.1797,8.601,9.04,14219770,3.031,4250438026.2,5637132000,189.4019,
002474.SZ,榕基软件,2018-01-12,8.9702,9.1198,8.8404,8.8704,7974600,1.6998,4170683670.3,5531358000,185.848,
002474.SZ,榕基软件,2018-01-15,8.8604,9.5688,8.6908,9.1597,17118126,3.6488,4306735218.6,5711796000,191.9105,
002474.SZ,榕基软件,2018-01-16,9.0799,9.3593,9.03,9.3593,13479798,2.8733,4400563872.6,5836236000,196.0916,
002474.SZ,榕基软件,2018-01-17,9.2595,9.3194,9.03,9.1498,10463029,2.2302,4302043785.9,5705574000,191.7015,
002474.SZ,榕基软件,2018-01-18,9.2994,9.2994,8.8005,8.8804,9006331,1.9197,4175375103,5537580000,186.0571,
002474.SZ,榕基软件,2018-01-19,8.8404,9.2196,8.8404,9.2096,10464050,2.2305,4330192382.1,5742906000,192.9558,
002474.SZ,榕基软件,2018-01-22,9.06,9.2695,8.9502,9.1398,9205099,1.9621,4297352353.2,5699352000,191.4924,
002474.SZ,榕基软件,2018-01-23,9.0999,9.1498,8.9502,9.0201,5605977,1.1949,4241055160.8,5624688000,188.9838,
002474.SZ,榕基软件,2018-01-24,9.05,9.1697,8.9302,9.1198,7602951,1.6206,4287969487.8,5686908000,191.0743,
002474.SZ,榕基软件,2018-01-25,9.1198,9.2296,8.9602,8.9702,8017026,1.7089,4217597997.3,5593578000,187.9385,
002474.SZ,榕基软件,2018-01-26,8.9003,9.1198,8.9003,9.0201,4677723,0.9971,4241055160.8,5624688000,188.9838,
002474.SZ,榕基软件,2018-01-29,9.0101,9.04,8.6209,8.6509,7959700,1.6966,4067472150.9,5394474000,181.2488,
002474.SZ,榕基软件,2018-01-30,8.6309,8.7407,8.611,8.6708,3206606,0.6835,4076855016.3,5406918000,181.6669,
002474.SZ,榕基软件,2018-01-31,8.6608,8.6708,8.2218,8.2318,7115203,1.5166,3870431977.5,5133150000,172.4686,
002474.SZ,榕基软件,2018-02-01,8.2218,8.3416,7.5932,7.6631,8681317,1.8505,3603020313.6,4778496000,160.5526,
002474.SZ,榕基软件,2018-02-02,7.6531,7.7828,7.2839,7.5932,4703670,1.0026,3570180284.7,4734942000,159.0892,
002474.SZ,榕基软件,2018-02-05,7.4735,7.5832,7.3338,7.5234,2862796,0.6102,3537340255.8,4691388000,157.6259,
002474.SZ,榕基软件,2018-02-06,7.2639,7.5134,6.775,6.775,8482900,1.8082,3185482803.3,4224738000,141.9469,
002474.SZ,榕基软件,2018-02-07,6.8948,7.0344,6.5555,6.8548,6867199,1.4638,3223014264.9,4274514000,143.6193,
002474.SZ,榕基软件,2018-02-08,6.8149,7.2939,6.785,7.2739,8168208,1.7411,3420054438.3,4535838000,152.3996,
002474.SZ,榕基软件,2018-02-09,7.1143,7.683,6.9945,7.4336,11780985,2.5112,3495117361.5,4635390000,155.7444,
002474.SZ,榕基软件,2018-02-12,7.4136,7.8626,7.3537,7.8327,7979200,1.7008,3682774669.5,4884270000,164.1065,
002474.SZ,榕基软件,2018-02-13,7.8227,7.9624,7.6631,7.683,5691221,1.2131,3612403179,4790940000,160.9707,
002474.SZ,榕基软件,2018-02-14,7.6431,7.7728,7.5832,7.5932,2260206,0.4818,3570180284.7,4734942000,159.0892,
002474.SZ,榕基软件,2018-02-22,7.6132,7.7728,7.6132,7.7229,2613225,0.557,3631168909.8,4815828000,161.8069,
002474.SZ,榕基软件,2018-02-23,7.7229,7.7429,7.5932,7.6132,2463994,0.5252,3579563150.1,4747386000,159.5073,
002474.SZ,榕基软件,2018-02-26,7.693,7.8826,7.6531,7.8327,4179716,0.8909,3682774669.5,4884270000,164.1065,
002474.SZ,榕基软件,2018-02-27,7.9025,8.0522,7.8127,8.0023,7170814,1.5285,3762529025.4,4990044000,167.6604,
002474.SZ,榕基软件,2018-02-28,8.0322,8.2019,7.9424,8.1021,8307892,1.7709,3809443352.4,5052264000,167.7802,
002474.SZ,榕基软件,2018-03-01,8.1121,8.5212,7.9624,8.5112,15037299,3.2053,4001792093.1,5307366000,176.2518,
002474.SZ,榕基软件,2018-03-02,8.3815,8.4912,8.2019,8.2318,10170090,2.1678,3870431977.5,5133150000,170.4663,
002474.SZ,榕基软件,2018-03-05,8.2318,8.3416,8.1919,8.3016,4499882,0.9592,3903272006.4,5176704000,171.9127,
002474.SZ,榕基软件,2018-03-06,8.3116,8.3515,8.2019,8.2218,4729011,1.008,3865740544.8,5126928000,170.2597,
002474.SZ,榕基软件,2018-03-07,8.2019,8.2717,8.0622,8.0622,3941256,0.8401,3790677621.6,5027376000,166.9537,
002474.SZ,榕基软件,2018-03-08,8.0622,8.1619,8.0023,8.122,3779368,0.8056,3818826217.8,5064708000,168.1934,
002474.SZ,榕基软件,2018-03-09,8.0921,8.6209,8.0821,8.5212,17185381,3.6631,4006483525.8,5313588000,176.4584,
002474.SZ,榕基软件,2018-03-12,8.581,8.8604,8.4513,8.591,15289248,3.259,4039323554.7,5357142000,177.9048,
002474.SZ,榕基软件,2018-03-13,8.5112,8.9702,8.5112,8.8005,17824447,3.7994,4137843641.4,5487804000,182.244,
002474.SZ,榕基软件,2018-03-14,8.6409,8.7906,8.4812,8.5012,9750869,2.0784,3997100660.4,5301144000,176.0452,
002474.SZ,榕基软件,2018-03-15,8.4413,8.5311,8.3116,8.4613,5829622,1.2426,3978334929.6,5276256000,175.2187,
002474.SZ,榕基软件,2018-03-16,8.4713,8.581,8.3416,8.3815,5284233,1.1264,3940803468,5226480000,173.5657,
002474.SZ,榕基软件,2018-03-19,8.3515,8.581,8.3416,8.3914,5806255,1.2376,3945494900.7,5232702000,173.7723,
002474.SZ,榕基软件,2018-03-20,8.3216,8.4314,8.1719,8.3715,6060377,1.2918,3936112035.3,5220258000,173.3591,
002474.SZ,榕基软件,2018-03-21,8.4114,8.6209,8.3815,8.581,11285793,2.4056,4034632122,5350920000,177.6982,
002474.SZ,榕基软件,2018-03-22,8.6608,8.8604,8.4314,8.7806,18782041,4.0035,4128460776,5475360000,181.8307,
002474.SZ,榕基软件,2018-03-23,8.4812,9.1797,8.1021,8.2218,20607275,4.3925,3865740544.8,5126928000,170.2597,
002474.SZ,榕基软件,2018-03-26,7.8127,8.4413,7.5034,8.3615,13834131,2.9488,3931420602.6,5214036000,173.1524,
002474.SZ,榕基软件,2018-03-27,8.3914,8.9302,8.3615,8.9003,21070674,4.4913,4184757968.4,5550024000,184.3102,
002474.SZ,榕基软件,2018-03-28,8.7606,9.479,8.7307,9.0699,29367034,6.2597,4264512324.3,5655798000,187.8229,
002474.SZ,榕基软件,2018-03-29,9.3793,9.958,9.2994,9.3593,41057657,8.7516,4400563872.6,5836236000,193.815,
002474.SZ,榕基软件,2018-03-30,9.479,9.7983,9.2096,9.6786,35676951,7.6047,4550689719,6035340000,200.427,
002474.SZ,榕基软件,2018-04-02,9.5988,10.1575,9.499,9.8782,38905205,8.2928,4644518373,6159780000,204.5596,
002474.SZ,榕基软件,2018-04-03,9.5888,9.8682,9.2695,9.7484,23620366,5.0348,4583529747.9,6078894000,201.8734,
002474.SZ,榕基软件,2018-04-04,9.7085,9.7983,9.2396,9.3793,17928868,3.8216,4409946738,5848680000,178.5136,
002474.SZ,榕基软件,2018-04-09,9.3294,9.8482,9.2595,9.8183,20269928,4.3206,4616369776.8,6122448000,186.8695,
002474.SZ,榕基软件,2018-04-10,9.8183,10.7462,9.4192,10.4669,44919299,9.5748,4921312902.3,6526878000,199.2135,
002474.SZ,榕基软件,2018-04-11,10.377,10.8061,10.2374,10.4768,44904854,9.5717,4926004335,6533100000,199.4034,
002474.SZ,榕基软件,2018-04-12,10.407,10.9558,10.3272,10.5866,35087256,7.479,4977610094.7,6601542000,201.4924,
002474.SZ,榕基软件,2018-04-13,10.5567,11.5544,10.5367,11.2651,60083787,12.8071,5296627518.3,7024638000,214.4062,
002474.SZ,榕基软件,2018-04-16,10.9258,11.764,10.9059,11.4646,58364045,12.4406,5390456172.3,7149078000,218.2043,
002474.SZ,榕基软件,2018-04-17,11.325,11.3748,10.3172,10.3172,52668920,11.2266,4850941411.8,6433548000,196.3649,
002474.SZ,榕基软件,2018-04-18,10.2872,10.9957,9.7684,10.8859,45930632,9.7903,5118353075.7,6788202000,207.1897,
002474.SZ,榕基软件,2018-04-19,10.6864,11.1553,10.5766,10.6764,45823371,9.7675,5019832989,6657540000,203.2016,
002474.SZ,榕基软件,2018-04-20,10.5467,10.836,9.9879,10.2374,28069419,5.9831,4813409950.2,6383772000,194.8457,
002474.SZ,榕基软件,2018-04-23,10.4569,10.4768,9.3892,9.7484,31577505,6.7309,4583529747.9,6078894000,185.5402,
002474.SZ,榕基软件,2018-04-24,9.7684,10.1276,9.6087,10.1176,25948695,5.5311,4757112757.8,6309108000,192.5668,
002474.SZ,榕基软件,2018-04-25,9.968,10.2773,9.8881,9.928,26996366,5.7544,4667975536.5,6190890000,188.9585,
002474.SZ,榕基软件,2018-04-26,9.968,10.3471,9.8183,9.968,31310828,6.674,4686741267.3,6215778000,189.7181,
002474.SZ,榕基软件,2018-04-27,10.1575,10.2274,9.3892,9.5888,23634231,5.0377,4508466824.7,5979342000,163.8979,
002474.SZ,榕基软件,2018-05-02,9.6387,9.7285,9.2296,9.4491,14643630,3.1214,4442786766.9,5892234000,161.5103,
002474.SZ,榕基软件,2018-05-03,9.4491,9.7085,9.03,9.6786,20422759,4.3532,4550689719,6035340000,165.4329,
002474.SZ,榕基软件,2018-05-04,9.5589,9.6387,9.2895,9.2895,13688464,2.9178,4367723843.7,5792682000,158.7815,
002474.SZ,榕基软件,2018-05-07,9.3593,9.6686,9.3194,9.6087,15409581,3.2846,4517849690.1,5991786000,164.239,
002474.SZ,榕基软件,2018-05-08,9.6287,9.6786,9.4491,9.6586,15293174,3.2598,4541306853.6,6022896000,165.0918,
002474.SZ,榕基软件,2018-05-09,9.7085,9.7285,9.499,9.5788,11811876,2.5178,4503775392,5973120000,163.7274,
002474.SZ,榕基软件,2018-05-10,9.5589,9.6187,9.2795,9.4291,12771508,2.7223,4433403901.5,5879790000,161.1692,
002474.SZ,榕基软件,2018-05-11,9.4192,9.5289,9.2096,9.509,12114486,2.5823,4470935363.1,5929566000,162.5336,
002474.SZ,榕基软件,2018-05-14,9.439,9.519,9.1694,9.2293,9897052,2.1096,4334883814.8,5749128000,157.5876,
002474.SZ,榕基软件,2018-05-15,9.1394,9.489,9.1394,9.449,8139694,1.735,4438095334.2,5886012000,161.3397,
002474.SZ,榕基软件,2018-05-16,9.4191,9.509,9.3092,9.3192,7236238,1.5424,4377106709.1,5805126000,159.1226,
002474.SZ,榕基软件,2018-05-17,9.3292,9.4091,9.2393,9.2992,6463288,1.3777,4367723843.7,5792682000,158.7815,
002474.SZ,榕基软件,2018-05-18,9.2992,9.3791,9.1893,9.3292,6658626,1.4193,4381798141.8,5811348000,159.2931,
002474.SZ,榕基软件,2018-05-21,9.3891,9.6388,9.3492,9.5989,13762268,2.9335,4508466824.7,5979342000,163.8979,
002474.SZ,榕基软件,2018-05-22,9.5389,9.6788,9.499,9.6388,12212363,2.6031,4527232555.5,6004230000,164.5802,
002474.SZ,榕基软件,2018-05-23,9.6388,9.7886,9.519,9.7287,20161538,4.2975,4569455449.8,6060228000,166.1151,
002474.SZ,榕基软件,2018-05-24,9.7387,9.8086,9.5789,9.5989,11246372,2.3972,4508466824.7,5979342000,163.8979,
002474.SZ,榕基软件,2018-05-25,9.5689,9.5889,9.0095,9.0195,17078297,3.6403,4236363728.1,5618466000,154.0061,
002474.SZ,榕基软件,2018-05-28,8.9896,8.9896,8.5701,8.7099,11370438,2.4237,4090929314.4,5425584000,148.7191,
002474.SZ,榕基软件,2018-05-29,8.65,8.9197,8.65,8.6999,6991824,1.4903,4086237881.7,5419362000,148.5485,
002474.SZ,榕基软件,2018-05-30,8.58,8.64,8.2704,8.2904,8705935,1.8557,3893889141,5164260000,141.556,
002474.SZ,榕基软件,2018-05-31,8.3803,8.5201,8.3203,8.4003,5724697,1.2202,3945494900.7,5232702000,143.432,
002474.SZ,榕基软件,2018-06-01,8.3903,8.4702,8.1306,8.1905,6103494,1.301,3846974814,5102040000,139.8505,
002474.SZ,榕基软件,2018-06-04,8.2404,8.3303,8.1505,8.1605,5232609,1.1154,3832900515.9,5083374000,139.3388,
002474.SZ,榕基软件,2018-06-05,8.2005,8.4702,8.1705,8.4602,9677475,2.0628,3973643496.9,5270034000,144.4553,
002474.SZ,榕基软件,2018-06-06,8.4402,8.5401,8.3503,8.4402,7441229,1.5861,3964260631.5,5257590000,144.1142,
002474.SZ,榕基软件,2018-06-07,8.4902,8.4902,8.1705,8.1805,8477100,1.8069,3842283381.3,5095818000,139.6799,
002474.SZ,榕基软件,2018-06-08,8.1705,8.2305,7.8809,8.0207,8131406,1.7332,3767220458.1,4996266000,136.9512,
002474.SZ,榕基软件,2018-06-11,8.0207,8.1206,7.8908,7.9708,4358903,0.9291,3743763294.6,4965156000,136.0984,
002474.SZ,榕基软件,2018-06-12,8.1206,8.1905,7.9708,8.1406,6167746,1.3147,3823517650.5,5070930000,138.9977,
002474.SZ,榕基软件,2018-06-13,8.0906,8.1505,7.9008,7.9308,5738248,1.2231,3724997563.8,4940268000,135.4162,
002474.SZ,榕基软件,2018-06-14,7.8709,8.0207,7.8109,7.9907,4648906,0.9909,3753146160,4977600000,136.4395,
002474.SZ,榕基软件,2018-06-15,7.9708,8.0107,7.7011,7.7111,5955300,1.2694,3621786044.4,4803384000,131.6641,
002474.SZ,榕基软件,2018-06-19,7.6112,7.7011,6.9419,6.9419,8918001,1.9009,3260545726.5,4324290000,118.5318,
002474.SZ,榕基软件,2018-06-20,6.892,7.2416,6.882,7.1317,7091552,1.5116,3349682947.8,4442508000,121.7723,
002474.SZ,榕基软件,2018-06-21,7.1417,7.1717,6.7522,6.8521,7710796,1.6436,3218322832.2,4268292000,116.9969,
002474.SZ,榕基软件,2018-06-22,6.8521,7.1018,6.7921,7.1018,6646191,1.4167,3335608649.7,4423842000,121.2606,
002474.SZ,榕基软件,2018-06-25,7.2016,7.2316,7.0718,7.0918,5309629,1.1318,3330917217,4417620000,121.0901,
002474.SZ,榕基软件,2018-06-26,7.0019,7.761,6.9619,7.5612,13715019,2.9234,3551414553.9,4710054000,129.1059,
002474.SZ,榕基软件,2018-06-27,7.5413,7.7111,7.4613,7.6311,10548827,2.2485,3584254582.8,4753608000,130.2997,
002474.SZ,榕基软件,2018-06-28,7.5612,7.741,7.4713,7.4913,6874848,1.4654,3518574525,4666500000,127.912,
002474.SZ,榕基软件,2018-06-29,7.6012,7.9608,7.5113,7.9208,14245451,3.0365,3720306131.1,4934046000,135.2457,
002474.SZ,榕基软件,2018-07-02,7.9907,7.9907,7.5313,7.7011,11661464,2.4877,3614203361.7,4797162000,131.4936,
002474.SZ,榕基软件,2018-07-03,7.6711,8.1705,7.5712,8.0806,13579389,2.8968,3792335304.3,5033598000,137.9744,
002474.SZ,榕基软件,2018-07-04,8.0706,8.0706,7.801,7.8509,10391433,2.2168,3684518602.2,4890492000,134.0518,
002474.SZ,榕基软件,2018-07-05,7.771,8.0307,7.6511,7.6811,9946107,2.1218,3604827996.3,4784718000,131.1525,
002474.SZ,榕基软件,2018-07-06,7.6511,7.9708,7.5812,7.771,11247075,2.3993,3647017140.6,4840716000,132.6874,
002474.SZ,榕基软件,2018-07-09,7.801,8.0107,7.7111,7.9708,9501544,2.0269,3740770794.6,4965156000,136.0984,
002474.SZ,榕基软件,2018-07-10,7.9708,7.9807,7.8409,7.9208,7389785,1.5764,3717332381.1,4934046000,135.2457,
002474.SZ,榕基软件,2018-07-11,7.771,7.771,7.3714,7.5313,10316589,2.2008,3534512755.8,4691388000,128.5942,
002474.SZ,榕基软件,2018-07-12,7.5612,7.9608,7.5413,7.8809,10393310,2.2172,3698581650.3,4909158000,134.5635,
002474.SZ,榕基软件,2018-07-13,7.9308,8.0207,7.8109,7.8509,7394206,1.5774,3684518602.2,4890492000,134.0518,
002474.SZ,榕基软件,2018-07-16,7.8908,8.0407,7.8409,7.9108,8382415,1.7882,3712644698.4,4927824000,135.0751,
002474.SZ,榕基软件,2018-07-17,7.9208,8.0107,7.8109,8.0107,6695382,1.4283,3759521525.4,4990044000,136.7806,
002474.SZ,榕基软件,2018-07-18,8.0207,8.0407,7.8209,7.8309,6907375,1.4735,3675143236.8,4878048000,133.7107,
002474.SZ,榕基软件,2018-07-19,7.8309,7.8709,7.741,7.8209,4761400,1.0157,3670455554.1,4871826000,133.5402,
002474.SZ,榕基软件,2018-07-20,7.771,8.0606,7.741,8.0407,12005533,2.5611,3773584573.5,5008710000,137.2923,
002474.SZ,榕基软件,2018-07-23,8.0507,8.2305,7.9608,8.1406,11304062,2.4114,3820461400.5,5070930000,138.9977,
002474.SZ,榕基软件,2018-07-24,8.1106,8.2105,8.0207,8.1705,10428875,2.2247,3834524448.6,5089596000,139.5094,
002474.SZ,榕基软件,2018-07-25,8.1705,8.63,8.1406,8.4003,21611835,4.6103,3942341150.7,5232702000,143.432,
002474.SZ,榕基软件,2018-07-26,8.3203,8.3303,8.1006,8.1705,11700143,2.4959,3834524448.6,5089596000,139.5094,
002474.SZ,榕基软件,2018-07-27,8.1106,8.1705,8.0107,8.0706,5003300,1.0673,3787647621.6,5027376000,137.8039,
002474.SZ,榕基软件,2018-07-30,8.0507,8.1206,7.791,7.8209,7023446,1.4983,3670455554.1,4871826000,133.5402,
002474.SZ,榕基软件,2018-07-31,7.8109,7.8908,7.771,7.8609,3780245,0.8064,3689206284.9,4896714000,134.2224,
002474.SZ,榕基软件,2018-08-01,7.8509,8.0507,7.751,7.771,6376915,1.3604,3647017140.6,4840716000,132.6874,
002474.SZ,榕基软件,2018-08-02,7.7111,7.751,7.1717,7.4913,6620573,1.4123,3515762025,4666500000,127.912,
002474.SZ,榕基软件,2018-08-03,7.4913,7.5812,7.3515,7.3714,3368327,0.7185,3459509832.6,4591836000,125.8654,
002474.SZ,榕基软件,2018-08-06,7.3415,7.5213,7.2716,7.3315,3290999,0.7021,3440759101.8,4566948000,125.1832,
002474.SZ,榕基软件,2018-08-07,7.3515,7.6311,7.3515,7.6012,5260473,1.1222,3567326534.7,4734942000,129.7881,
002474.SZ,榕基软件,2018-08-08,7.5912,7.6012,7.3515,7.4114,4436841,0.9465,3478260563.4,4616724000,126.5476,
002474.SZ,榕基软件,2018-08-09,7.3515,7.9408,7.3515,7.781,10650727,2.2721,3651704823.3,4846938000,132.858,
002474.SZ,榕基软件,2018-08-10,7.761,7.8209,7.6411,7.791,6919502,1.4761,3656392506,4853160000,133.0285,
002474.SZ,榕基软件,2018-08-13,7.6511,8.0407,7.6411,8.0107,10116954,2.1582,3759521525.4,4990044000,136.7806,
002474.SZ,榕基软件,2018-08-14,7.9608,8.0407,7.8709,7.9208,6157773,1.3136,3717332381.1,4934046000,135.2457,
002474.SZ,榕基软件,2018-08-15,7.9208,7.9708,7.6711,7.6911,6383335,1.3617,3609515679,4790940000,131.323,
002474.SZ,榕基软件,2018-08-16,7.5912,7.8409,7.5512,7.6611,5265348,1.1232,3595452630.9,4772274000,130.8114,
002474.SZ,榕基软件,2018-08-17,7.761,7.9108,7.5612,7.5812,6014091,1.283,3557951169.3,4722498000,129.447,
002474.SZ,榕基软件,2018-08-20,7.4913,7.9408,7.4414,7.9208,8540744,1.822,3717332381.1,4934046000,135.2457,
002474.SZ,榕基软件,2018-08-21,7.9008,8.0307,7.801,8.0207,9916689,2.1155,3764209208.1,4996266000,136.9512,
002474.SZ,榕基软件,2018-08-22,7.9907,7.9907,7.8309,7.8709,5736003,1.2236,3693893967.6,4902936000,134.3929,
002474.SZ,榕基软件,2018-08-23,7.9108,8.1106,7.8809,8.0307,9731977,2.0761,3768896890.8,5002488000,137.1217,
002474.SZ,榕基软件,2018-08-24,7.9608,8.0407,7.8609,7.8809,6727158,1.4351,3698581650.3,4909158000,134.5635,
002474.SZ,榕基软件,2018-08-27,7.9108,8.1206,7.8908,8.0307,7495584,1.599,3768896890.8,5002488000,137.1217,
002474.SZ,榕基软件,2018-08-28,8.0307,8.1406,7.9708,8.0806,8393195,1.7905,3792335304.3,5033598000,137.9744,
002474.SZ,榕基软件,2018-08-29,8.0407,8.1106,7.9708,8.0107,5257800,1.1216,3759521525.4,4990044000,136.7806,
002474.SZ,榕基软件,2018-08-30,8.0107,8.0706,7.8709,7.8809,5035400,1.0742,3698581650.3,4909158000,134.5635,
002474.SZ,榕基软件,2018-08-31,7.9008,7.9907,7.771,7.791,4905615,1.0465,3656392506,4853160000,130.5097,
002474.SZ,榕基软件,2018-09-03,7.791,7.8509,7.5013,7.761,5769334,1.2307,3642329457.9,4834494000,130.0078,
002474.SZ,榕基软件,2018-09-04,7.791,8.0207,7.751,7.9807,7042217,1.5023,3745458477.3,4971378000,133.6888,
002474.SZ,榕基软件,2018-09-05,7.9408,7.9907,7.741,7.741,5783207,1.2337,3632954092.5,4822050000,129.6731,
002474.SZ,榕基软件,2018-09-06,7.7011,8.0507,7.6911,7.9608,8867641,1.8917,3736083111.9,4958934000,133.3542,
002474.SZ,榕基软件,2018-09-07,7.9907,8.1006,7.6911,7.8109,10210653,2.1782,3665767871.4,4865604000,130.8444,
002474.SZ,榕基软件,2018-09-10,7.741,7.771,7.5113,7.5213,6037596,1.288,3529825073.1,4685166000,125.9921,
002474.SZ,榕基软件,2018-09-11,7.5413,7.6811,7.5113,7.6012,3516178,0.7501,3567326534.7,4734942000,127.3306,
002474.SZ,榕基软件,2018-09-12,7.6411,7.6911,7.5512,7.6112,2920541,0.623,3572014217.4,4741164000,127.498,
002474.SZ,榕基软件,2018-09-13,7.6911,7.731,7.5912,7.6811,3443677,0.7346,3604827996.3,4784718000,128.6692,
002474.SZ,榕基软件,2018-09-14,7.6811,7.721,7.5113,7.5213,3318348,0.7079,3529825073.1,4685166000,125.9921,
002474.SZ,榕基软件,2018-09-17,7.4913,7.4913,7.2516,7.3714,3741877,0.7982,3459509832.6,4591836000,123.4823,
002474.SZ,榕基软件,2018-09-18,7.3515,7.5213,7.2915,7.5113,3510612,0.7489,3525137390.4,4678944000,125.8248,
002474.SZ,榕基软件,2018-09-19,7.5413,7.6311,7.4514,7.5313,4265310,0.9099,3534512755.8,4691388000,126.1594,
002474.SZ,榕基软件,2018-09-20,7.5213,7.5612,7.4214,7.4414,3006973,0.6415,3492323611.5,4635390000,124.6535,
002474.SZ,榕基软件,2018-09-21,7.4913,7.5612,7.4014,7.5313,3267779,0.6971,3534512755.8,4691388000,126.1594,
002474.SZ,榕基软件,2018-09-25,7.4913,7.6411,7.4813,7.5912,3938683,0.8402,3562638852,4728720000,127.1633,
002474.SZ,榕基软件,2018-09-26,7.6511,7.6511,7.5213,7.5712,2986729,0.6371,3553263486.6,4716276000,126.8287,
002474.SZ,榕基软件,2018-09-27,7.5512,7.6112,7.3914,7.4014,3721640,0.7939,3473572880.7,4610502000,123.9842,
002474.SZ,榕基软件,2018-09-28,7.4514,7.4613,7.3914,7.4314,2454470,0.5236,3487635928.8,4629168000,124.4862,
002474.SZ,榕基软件,2018-10-08,7.2915,7.3315,7.1717,7.1817,3111117,0.6637,3370443861.3,4473618000,120.3032,
002474.SZ,榕基软件,2018-10-09,7.2116,7.2915,7.1917,7.2316,1357000,0.2895,3393882274.8,4504728000,121.1398,
002474.SZ,榕基软件,2018-10-10,7.2216,7.2716,7.1517,7.2316,1660301,0.3542,3393882274.8,4504728000,121.1398,
002474.SZ,榕基软件,2018-10-11,6.7921,6.932,6.5124,6.5124,7744738,1.6521,3056369120.4,4056744000,109.0927,
002474.SZ,榕基软件,2018-10-12,6.4825,6.4925,5.8632,6.1828,8699386,1.8558,2901675591.3,3851418000,103.5712,
002474.SZ,榕基软件,2018-10-15,6.2028,6.4625,6.1728,6.2228,6731580,1.436,2920426322.1,3876306000,104.2405,
002474.SZ,榕基软件,2018-10-16,6.1629,6.3127,6.013,6.0829,3392153,0.7236,2854798764.3,3789198000,101.898,
002474.SZ,榕基软件,2018-10-17,6.1728,6.3327,6.0829,6.2927,4415637,0.942,2953240101,3919860000,105.4117,
002474.SZ,榕基软件,2018-10-18,6.2428,6.2527,6.1129,6.1229,3221937,0.6873,2873549495.1,3814086000,102.5673,
002474.SZ,榕基软件,2018-10-19,5.8932,6.4425,5.8133,6.3426,6031096,1.2866,2976678514.5,3950970000,106.2483,
002474.SZ,榕基软件,2018-10-22,6.4525,6.7322,6.3526,6.6423,7480742,1.5958,3117308995.5,4137630000,111.2679,
002474.SZ,榕基软件,2018-10-23,6.6423,6.6623,6.3926,6.5424,5199225,1.1091,3070432168.5,4075410000,109.5947,
002474.SZ,榕基软件,2018-10-24,6.4925,6.6723,6.3926,6.5724,5247854,1.1195,3084495216.6,4094076000,108.1867,
002474.SZ,榕基软件,2018-10-25,6.3926,6.5224,6.2927,6.5025,4359336,0.93,3051681437.7,4050522000,107.0358,
002474.SZ,榕基软件,2018-10-26,6.5524,6.6223,6.3926,6.4625,2876677,0.6137,3032930706.9,4025634000,106.3781,
002474.SZ,榕基软件,2018-10-29,6.4325,6.5224,6.3526,6.4126,2573210,0.5489,3009492293.4,3994524000,105.5561,
002474.SZ,榕基软件,2018-10-30,6.3826,6.5324,6.3027,6.4225,3167607,0.6757,3014179976.1,4000746000,105.7205,
002474.SZ,榕基软件,2018-10-31,6.4425,6.5724,6.4425,6.5124,3580966,0.7639,3056369120.4,4056744000,107.2002,
002474.SZ,榕基软件,2018-11-01,6.5824,6.7522,6.5424,6.5724,7069141,1.508,3084495216.6,4094076000,108.1867,
002474.SZ,榕基软件,2018-11-02,6.6523,6.7322,6.5924,6.7122,7357250,1.5695,3150122774.4,4181184000,110.4886,
002474.SZ,榕基软件,2018-11-05,6.6822,6.7622,6.5724,6.7322,6029196,1.2862,3159498139.8,4193628000,110.8174,
002474.SZ,榕基软件,2018-11-06,6.6723,6.7022,6.5424,6.6822,4801000,1.0242,3136059726.3,4162518000,109.9953,
002474.SZ,榕基软件,2018-11-07,6.6822,6.7821,6.6423,6.6723,5348941,1.1411,3131372043.6,4156296000,109.8309,
002474.SZ,榕基软件,2018-11-08,6.7122,6.7522,6.5724,6.5824,3512520,0.7493,3089182899.3,4100298000,108.3512,
002474.SZ,榕基软件,2018-11-09,6.5124,6.6623,6.4725,6.6423,3354177,0.7155,3117308995.5,4137630000,109.3377,
002474.SZ,榕基软件,2018-11-12,6.6023,6.8121,6.6023,6.8121,7301473,1.5576,3196999601.4,4243404000,112.1328,
002474.SZ,榕基软件,2018-11-13,6.7222,6.9719,6.6822,6.922,9891304,2.1101,3248564111.1,4311846000,113.9413,
002474.SZ,榕基软件,2018-11-14,6.902,7.0318,6.8521,6.882,7246825,1.5459,3229813380.3,4286958000,113.2837,
002474.SZ,榕基软件,2018-11-15,6.902,7.0818,6.872,7.0818,9020088,1.9242,3323567034.3,4411398000,116.572,
002474.SZ,榕基软件,2018-11-16,7.0618,7.1317,6.9919,7.0418,8539585,1.8217,3304816303.5,4386510000,115.9144,
002474.SZ,榕基软件,2018-11-19,7.0818,7.0818,6.8421,7.0318,7826157,1.6695,3300128620.8,4380288000,115.7499,
002474.SZ,榕基软件,2018-11-20,6.9719,7.0318,6.8021,6.8421,6599028,1.4077,3211062649.5,4262070000,112.626,
002474.SZ,榕基软件,2018-11-21,6.7422,6.872,6.7022,6.872,4726688,1.0083,3225125697.6,4280736000,113.1193,
002474.SZ,榕基软件,2018-11-22,6.872,6.932,6.8121,6.8521,4131200,0.8813,3215750332.2,4268292000,112.7904,
002474.SZ,榕基软件,2018-11-23,6.8521,6.872,6.3327,6.3526,7873850,1.6797,2981366197.2,3957192000,104.5695,
002474.SZ,榕基软件,2018-11-26,6.3426,6.4625,6.3027,6.3826,4063293,0.8668,2995429245.3,3975858000,105.0628,
002474.SZ,榕基软件,2018-11-27,6.4126,6.5324,6.3626,6.4325,3436793,0.7332,3018867658.8,4006968000,105.8849,
002474.SZ,榕基软件,2018-11-28,6.4425,6.5724,6.3227,6.5724,5128095,1.094,3084495216.6,4094076000,108.1867,
002474.SZ,榕基软件,2018-11-29,6.6023,6.6723,6.3526,6.3826,5057694,1.0789,2995429245.3,3975858000,105.0628,
002474.SZ,榕基软件,2018-11-30,6.3726,6.5124,6.2527,6.4625,4775193,1.0187,3032930706.9,4025634000,106.3781,
002474.SZ,榕基软件,2018-12-03,6.6323,6.7622,6.5724,6.6922,6772671,1.4448,3140747409,4168740000,110.1597,
002474.SZ,榕基软件,2018-12-04,6.6623,6.862,6.6023,6.862,7159392,1.5273,3220438014.9,4274514000,112.9548,
002474.SZ,榕基软件,2018-12-05,6.7622,7.1417,6.6423,6.912,15744718,3.3587,3243876428.4,4305624000,113.7769,
002474.SZ,榕基软件,2018-12-06,6.872,6.882,6.6223,6.7122,8900770,1.8988,3150122774.4,4181184000,110.4886,
002474.SZ,榕基软件,2018-12-07,6.7122,6.7821,6.6423,6.6723,3810523,0.8129,3131372043.6,4156296000,109.8309,
002474.SZ,榕基软件,2018-12-10,6.5924,6.6822,6.5224,6.5724,2773174,0.5916,3084495216.6,4094076000,108.1867,
002474.SZ,榕基软件,2018-12-11,6.6922,6.7022,6.5724,6.6423,2760817,0.589,3117308995.5,4137630000,109.3377,
002474.SZ,榕基软件,2018-12-12,6.6723,6.6922,6.5624,6.6223,2661755,0.5678,3107933630.1,4125186000,109.0088,
002474.SZ,榕基软件,2018-12-13,6.6423,6.7622,6.5724,6.6922,3927713,0.8379,3140747409,4168740000,110.1597,
002474.SZ,榕基软件,2018-12-14,6.6423,6.6623,6.4126,6.4525,4514847,0.9631,3028243024.2,4019412000,106.2137,
002474.SZ,榕基软件,2018-12-17,6.4925,6.5224,6.3926,6.5224,1906361,0.4067,3061056803.1,4062966000,107.3646,
002474.SZ,榕基软件,2018-12-18,6.4425,6.5824,6.4225,6.4925,2231010,0.4759,3046993755,4044300000,106.8714,
002474.SZ,榕基软件,2018-12-19,6.5424,6.5424,6.3726,6.4126,2009918,0.4288,3009492293.4,3994524000,105.5561,
002474.SZ,榕基软件,2018-12-20,6.4325,6.5124,6.3726,6.4625,2152000,0.4591,3032930706.9,4025634000,106.3781,
002474.SZ,榕基软件,2018-12-21,6.4825,6.5124,6.4126,6.4425,2389400,0.5097,3023555341.5,4013190000,106.0493,
002474.SZ,榕基软件,2018-12-24,6.4425,6.5224,6.4325,6.5224,2299001,0.4904,3061056803.1,4062966000,107.3646,
002474.SZ,榕基软件,2018-12-25,6.4425,6.4425,6.2128,6.3926,3602303,0.7685,3000116928,3982080000,105.2272,
002474.SZ,榕基软件,2018-12-26,6.4026,6.4525,6.3426,6.3826,2439760,0.5205,2995429245.3,3975858000,105.0628,
002474.SZ,榕基软件,2018-12-27,6.4725,6.4925,6.2128,6.2128,2925448,0.6241,2915738639.4,3870084000,102.2677,
002474.SZ,榕基软件,2018-12-28,6.2228,6.3227,6.1828,6.1928,1903822,0.4061,2906363274,3857640000,101.9389,
002474.SZ,榕基软件,2019-01-02,6.2527,6.2727,6.1928,6.2527,1442400,0.3078,2933738170.2,3894972000,102.9254,
002474.SZ,榕基软件,2019-01-03,6.2328,6.4425,6.2128,6.2727,1849155,0.3946,2943111135.6,3907416000,103.2542,
002474.SZ,榕基软件,2019-01-04,6.2727,6.5224,6.1928,6.5025,4724478,1.0081,3050900237.7,4050522000,107.0358,
002474.SZ,榕基软件,2019-01-07,6.5324,6.6922,6.4725,6.6223,5192457,1.108,3107138030.1,4125186000,109.0088,
002474.SZ,榕基软件,2019-01-08,6.6223,6.6623,6.5724,6.6523,4125322,0.8803,3121197478.2,4143852000,109.5021,
002474.SZ,榕基软件,2019-01-09,6.6723,6.7622,6.6123,6.6523,6075549,1.2964,3121197478.2,4143852000,109.5021,
002474.SZ,榕基软件,2019-01-10,6.6223,6.7122,6.5424,6.5824,4035576,0.8611,3088392099.3,4100298000,108.3512,
002474.SZ,榕基软件,2019-01-11,6.6523,6.7522,6.6023,6.6523,4943312,1.0548,3121197478.2,4143852000,109.5021,
002474.SZ,榕基软件,2019-01-14,6.6423,6.7622,6.5824,6.7622,7704978,1.6441,3172748787.9,4212294000,111.3107,
002474.SZ,榕基软件,2019-01-15,6.7422,7.4414,6.7022,7.1018,22411639,4.7822,3332089199.7,4423842000,116.9009,
002474.SZ,榕基软件,2019-01-16,7.0019,7.4613,6.902,7.1517,26569666,5.6694,3355521613.2,4454952000,117.723,
002474.SZ,榕基软件,2019-01-17,7.0418,7.1317,6.8121,6.882,14644282,3.1248,3228986580.3,4286958000,113.2837,
002474.SZ,榕基软件,2019-01-18,6.7821,6.882,6.7222,6.8421,7425293,1.5844,3210240649.5,4262070000,112.626,
002474.SZ,榕基软件,2019-01-21,6.8321,6.912,6.8021,6.8521,4480090,0.956,3214927132.2,4268292000,112.7904,
002474.SZ,榕基软件,2019-01-22,6.8521,6.882,6.6723,6.7422,4928934,1.0517,3163375822.5,4199850000,110.9818,
002474.SZ,榕基软件,2019-01-23,6.7422,6.8421,6.6822,6.8221,3711200,0.7919,3200867684.1,4249626000,112.2972,
002474.SZ,榕基软件,2019-01-24,6.7921,6.9519,6.7422,6.9419,7316935,1.5613,3257105476.5,4324290000,114.2702,
002474.SZ,榕基软件,2019-01-25,6.902,6.9919,6.8321,6.8521,7394613,1.5779,3214927132.2,4268292000,112.7904,
002474.SZ,榕基软件,2019-01-28,6.892,7.0918,6.872,6.9619,6081248,1.2976,3266478441.9,4336734000,114.599,
002474.SZ,榕基软件,2019-01-29,6.912,7.2216,6.6723,7.1417,16502520,3.5213,3350835130.5,4448730000,117.5585,
002474.SZ,榕基软件,2019-01-30,7.0718,7.2716,7.0119,7.1517,12481441,2.6633,3355521613.2,4454952000,117.723,
002474.SZ,榕基软件,2019-01-31,7.1417,7.2915,7.0219,7.1217,8013596,1.7099,3341462165.1,4436286000,117.2297,
002474.SZ,榕基软件,2019-02-01,7.1018,7.3015,7.0718,7.2416,12196266,2.6024,3397699957.5,4510950000,119.2027,
002474.SZ,榕基软件,2019-02-11,7.2316,7.5313,7.1917,7.4414,17721301,3.7814,3491429611.5,4635390000,122.4911,
002474.SZ,榕基软件,2019-02-12,7.4314,7.5512,7.3115,7.4014,19806173,4.2262,3472683680.7,4610502000,121.8334,
002474.SZ,榕基软件,2019-02-13,7.4014,7.6012,7.3015,7.4514,25598674,5.4622,3496116094.2,4641612000,122.6555,
002474.SZ,榕基软件,2019-02-14,7.4514,7.5113,7.2316,7.2915,16652888,3.5534,3421132371,4542060000,120.0248,
002474.SZ,榕基软件,2019-02-15,7.2716,7.3415,7.1317,7.1817,10428339,2.2252,3369581061.3,4473618000,118.2162,
002474.SZ,榕基软件,2019-02-18,7.2316,7.4314,7.2316,7.4114,13890889,2.964,3477370163.4,4616724000,121.9978,
002474.SZ,榕基软件,2019-02-19,7.4314,7.7011,7.3415,7.5912,24600012,5.2491,3561726852,4728720000,124.9573,
002474.SZ,榕基软件,2019-02-20,7.4713,7.5313,7.3615,7.4314,10011876,2.1363,3486743128.8,4629168000,122.3266,
002474.SZ,榕基软件,2019-02-21,7.4114,7.5413,7.2915,7.3315,13031666,2.7807,3439878301.8,4566948000,120.6825,
002474.SZ,榕基软件,2019-02-22,7.2616,7.5413,7.2516,7.5213,12741916,2.7189,3528921473.1,4685166000,123.8064,
002474.SZ,榕基软件,2019-02-25,7.6311,8.0307,7.5413,7.9708,27680818,5.9065,3739813194.6,4965156000,131.2052,
002474.SZ,榕基软件,2019-02-26,7.9508,8.0007,7.741,7.801,22458244,4.7921,3660142988.7,4859382000,128.4101,
002474.SZ,榕基软件,2019-02-27,7.791,7.9508,7.6911,7.8209,14338624,3.0596,3669515954.1,4871826000,128.7389,
002474.SZ,榕基软件,2019-02-28,7.8209,7.9108,7.751,7.8509,8397621,1.7919,3683575402.2,4890492000,148.1325,
002474.SZ,榕基软件,2019-03-01,7.8709,7.8908,7.721,7.8409,7769014,1.6577,3678888919.5,4884270000,147.944,
002474.SZ,榕基软件,2019-03-04,7.9907,8.2305,7.8709,7.9608,23328834,4.9779,3735126711.9,4958934000,150.2056,
002474.SZ,榕基软件,2019-03-05,7.8609,8.3104,7.8109,8.2904,23187696,4.9478,3889780641,5164260000,156.4249,
002474.SZ,榕基软件,2019-03-06,8.3004,8.7099,8.1605,8.59,31126825,6.6418,4030375122,5350920000,162.0788,
002474.SZ,榕基软件,2019-03-07,8.5001,9.449,8.4902,9.449,39437294,8.4151,4433412634.2,5886012000,178.2867,
002474.SZ,榕基软件,2019-03-08,9.489,10.1782,8.8997,9.2692,54488538,11.6267,4349055945.6,5774016000,174.8943,
002474.SZ,榕基软件,2019-03-11,9.5289,10.0883,8.9496,9.5789,51107792,10.9054,4494336909.3,5966898000,180.7367,
002474.SZ,榕基软件,2019-03-12,10.5378,10.5378,10.5378,10.5378,13537903,2.8887,4944239248.5,6564210000,198.8292,
002474.SZ,榕基软件,2019-03-13,11.4667,11.4667,10.0683,10.2581,82763234,17.66,4813017732.9,6389994000,193.5522,
002474.SZ,榕基软件,2019-03-14,9.7886,9.7886,9.2293,9.3492,43375450,9.2554,4386547807.2,5823792000,176.402,
002474.SZ,榕基软件,2019-03-15,9.3791,9.6188,9.1194,9.2493,25643548,5.4718,4339682980.2,5761572000,174.5174,
002474.SZ,榕基软件,2019-03-18,9.3092,9.7087,9.3092,9.7087,25556726,5.4533,4555261184.4,6047784000,183.1867,
002474.SZ,榕基软件,2019-03-19,9.6188,10.5478,9.5889,10.1183,38825196,8.2845,4747406975.1,6302886000,190.9137,
002474.SZ,榕基软件,2019-03-20,10.1083,10.338,9.7886,10.1283,26607915,5.6776,4752093457.8,6309108000,191.1022,
002474.SZ,榕基软件,2019-03-21,10.1283,10.3879,9.9984,10.1882,31624944,6.7481,4780212354,6346440000,192.233,
002474.SZ,榕基软件,2019-03-22,10.0883,10.9773,10.0084,10.7176,39333601,8.393,5028595937.1,6676206000,202.2215,
002474.SZ,榕基软件,2019-03-25,10.338,10.8474,10.2881,10.348,27744773,5.9202,4855196077.2,6445992000,195.2484,
002474.SZ,榕基软件,2019-03-26,10.348,10.6377,10.0284,10.0483,27139667,5.7911,4714601596.2,6259332000,189.5945,
002474.SZ,榕基软件,2019-03-27,10.0883,10.1882,9.3891,9.7187,23726377,5.0627,4559947667.1,6054006000,183.3752,
002474.SZ,榕基软件,2019-03-28,9.6089,9.9385,9.519,9.6288,14982390,3.1969,4517769322.8,5998008000,181.679,
002474.SZ,榕基软件,2019-03-29,9.5889,10.0184,9.2892,9.9485,21500398,4.5877,4667736769.2,6197112000,187.7098,
002474.SZ,榕基软件,2019-04-01,10.0184,10.4878,10.0184,10.4179,23787833,5.0758,4888001456.1,6489546000,196.5676,
002474.SZ,榕基软件,2019-04-02,10.5877,10.7675,10.1982,10.358,31085136,6.6329,4859882559.9,6452214000,185.0674,
002474.SZ,榕基软件,2019-04-03,10.2881,10.7375,10.1882,10.6776,31628813,6.7489,5009850006.3,6651318000,190.7782,
002474.SZ,榕基软件,2019-04-04,10.6277,11.2669,10.4279,10.7875,39566404,8.4427,5061401316,6719760000,192.7413,
002474.SZ,榕基软件,2019-04-08,10.7375,10.7675,10.1982,10.3879,26707858,5.6989,4873942008,6470880000,185.6028,
002474.SZ,榕基软件,2019-04-09,10.318,10.5478,10.2381,10.338,13003417,2.7747,4850509594.5,6439770000,184.7104,
002474.SZ,榕基软件,2019-04-10,10.2781,10.2881,9.9884,10.1283,15052004,3.2118,4752093457.8,6309108000,180.9627,
002474.SZ,榕基软件,2019-04-11,10.0983,10.2781,10.0483,10.0583,12606283,2.6899,4719288078.9,6265554000,179.7134,
002474.SZ,榕基软件,2019-04-12,10.0284,10.6377,9.9984,10.4479,20604274,4.3965,4902060904.2,6508212000,186.6735,
002474.SZ,榕基软件,2019-04-15,10.6676,10.6676,10.0883,10.1982,18490572,3.9455,4784898836.7,6352662000,182.2119,
002474.SZ,榕基软件,2019-04-16,10.0184,10.4279,9.9485,10.3979,14603989,3.1162,4878628490.7,6477102000,185.7812,
002474.SZ,榕基软件,2019-04-17,10.3879,10.8774,10.2881,10.6776,25003124,5.3352,5009850006.3,6651318000,190.7782,
002474.SZ,榕基软件,2019-04-18,10.6377,10.9473,10.4878,10.6976,31112421,6.6388,5019222971.7,6663762000,191.1351,
002474.SZ,榕基软件,2019-04-19,10.6377,11.4467,10.4878,11.2769,50144994,10.6999,5291038968.3,7024638000,201.4861,
002474.SZ,榕基软件,2019-04-22,11.4867,11.5067,10.7176,10.8274,37794077,8.0645,5080147246.8,6744648000,193.4552,
002474.SZ,榕基软件,2019-04-23,10.5677,10.7775,10.1382,10.2381,27104664,5.7836,4803644767.5,6377550000,182.9298,
002474.SZ,榕基软件,2019-04-24,10.318,10.6776,9.9984,10.5578,23835886,5.0861,4953612213.9,6576654000,188.6408,
002474.SZ,榕基软件,2019-04-25,10.3879,10.5478,9.7587,9.7787,20972848,4.4752,4588066563.3,6091338000,174.7202,
002474.SZ,榕基软件,2019-04-26,9.8286,10.0783,9.6987,9.7587,14019994,2.9916,4578693597.9,6078894000,174.3633,
002474.SZ,榕基软件,2019-04-29,9.9485,10.1882,9.7487,9.7886,24567364,5.2422,4592753046,6097560000,174.8987,
002474.SZ,榕基软件,2019-04-30,9.3891,9.7287,9.2193,9.5889,19003124,4.0549,4499023392,5973120000,171.3294,
002474.SZ,榕基软件,2019-05-06,9.1893,9.1893,8.63,8.63,13551336,2.8916,4049121052.8,5375808000,154.1964,
002474.SZ,榕基软件,2019-05-07,8.5301,8.7099,7.9408,8.2404,19559555,4.1736,3866348227.5,5133150000,147.2362,
002474.SZ,榕基软件,2019-05-08,8.0407,8.64,7.781,8.3503,17538498,3.7424,3917899537.2,5201592000,149.1993,
002474.SZ,榕基软件,2019-05-09,8.4802,8.7199,8.3603,8.3703,12467658,2.6603,3927272502.6,5214036000,149.5562,
002474.SZ,榕基软件,2019-05-10,8.4902,8.8697,8.0906,8.8298,18647628,3.979,4142850706.8,5500248000,157.7658,
002474.SZ,榕基软件,2019-05-13,8.7099,8.8397,8.4902,8.6,11670664,2.4903,4035061604.7,5357142000,153.661,
002474.SZ,榕基软件,2019-05-14,8.4502,8.6799,8.4202,8.4302,8523722,1.8188,3955391398.8,5251368000,150.6271,
002474.SZ,榕基软件,2019-05-15,8.5701,8.63,8.4602,8.62,8325300,1.7764,4044434570.1,5369586000,154.0179,
002474.SZ,榕基软件,2019-05-16,8.63,8.66,8.51,8.6,7620472,1.6261,4030375122,5350920000,153.4825,
002474.SZ,榕基软件,2019-05-17,8.59,8.78,8.22,8.25,12237092,2.6111,3866348227.5,5133150000,147.2362,
002474.SZ,榕基软件,2019-05-20,8.35,8.59,8.2,8.54,9483627,2.0236,4002256225.8,5313588000,152.4117,
002474.SZ,榕基软件,2019-05-21,8.5,8.84,8.34,8.76,16753754,3.5749,4105358845.2,5450472000,156.338,
002474.SZ,榕基软件,2019-05-22,8.75,9.09,8.69,9.08,21650838,4.6198,4255326291.6,5649576000,162.049,
002474.SZ,榕基软件,2019-05-23,9.2,9.2,8.68,8.73,17363462,3.705,4091299397.1,5431806000,155.8026,
002474.SZ,榕基软件,2019-05-24,8.54,8.71,8.34,8.34,8882403,1.8953,3908526571.8,5189148000,148.8424,
002474.SZ,榕基软件,2019-05-27,8.41,8.9,8.35,8.89,11914551,2.5423,4166283120.3,5531358000,158.6581,
002474.SZ,榕基软件,2019-05-28,8.85,8.91,8.68,8.84,12502245,2.6677,4142850706.8,5500248000,157.7658,
002474.SZ,榕基软件,2019-05-29,8.8,8.98,8.7,8.82,9728515,2.0759,4133477741.4,5487804000,157.4088,
002474.SZ,榕基软件,2019-05-30,8.74,8.77,8.46,8.65,8614007,1.8381,4053807535.5,5382030000,154.3749,
002474.SZ,榕基软件,2019-05-31,8.64,8.75,8.58,8.6,6808237,1.4527,4030375122,5350920000,153.4825,
002474.SZ,榕基软件,2019-06-03,8.6,8.69,8.44,8.58,6520994,1.3914,4021002156.6,5338476000,153.1256,
002474.SZ,榕基软件,2019-06-04,8.64,8.68,8.4,8.46,5843574,1.2469,3964764364.2,5263812000,150.984,
002474.SZ,榕基软件,2019-06-05,8.6,8.64,8.44,8.48,4391530,0.9371,3974137329.6,5276256000,151.3409,
002474.SZ,榕基软件,2019-06-06,8.47,8.5,8.05,8.1,6566893,1.4012,3796050987,5039820000,144.5591,
002474.SZ,榕基软件,2019-06-10,8.15,8.3,8.09,8.23,4267693,0.9106,3856975262.1,5120706000,146.8792,
002474.SZ,榕基软件,2019-06-11,8.2,8.62,8.17,8.58,8070441,1.7221,4021002156.6,5338476000,153.1256,
002474.SZ,榕基软件,2019-06-12,8.58,8.67,8.51,8.57,6070094,1.2952,4016315673.9,5332254000,152.9471,
002474.SZ,榕基软件,2019-06-13,8.55,8.77,8.52,8.71,7697295,1.6424,4081926431.7,5419362000,155.4457,
002474.SZ,榕基软件,2019-06-14,8.8,8.89,8.42,8.46,8523724,1.8188,3964764364.2,5263812000,150.984,
002474.SZ,榕基软件,2019-06-17,8.39,8.5,8.3,8.42,4351316,0.9285,3946018433.4,5238924000,150.2701,
002474.SZ,榕基软件,2019-06-18,8.39,8.48,8.3,8.36,3411428,0.7279,3917899537.2,5201592000,149.1993,
002474.SZ,榕基软件,2019-06-19,8.54,8.68,8.51,8.51,6829084,1.4572,3988196777.7,5294922000,151.8763,
002474.SZ,榕基软件,2019-06-20,8.47,8.76,8.43,8.69,7202013,1.5368,4072553466.3,5406918000,155.0888,
002474.SZ,榕基软件,2019-06-21,8.75,8.98,8.71,8.88,13634727,2.9094,4161596637.6,5525136000,158.4796,
002474.SZ,榕基软件,2019-06-24,8.88,9.12,8.82,8.88,8391754,1.7906,4161596637.6,5525136000,158.4796,
002474.SZ,榕基软件,2019-06-25,8.82,8.85,8.56,8.69,7336156,1.5654,4072553466.3,5406918000,155.0888,
002474.SZ,榕基软件,2019-06-26,8.65,8.74,8.58,8.6,4598277,0.9812,4030375122,5350920000,153.4825,
002474.SZ,榕基软件,2019-06-27,8.67,8.74,8.62,8.7,5455253,1.164,4077239949,5413140000,155.2672,
002474.SZ,榕基软件,2019-06-28,8.66,8.7,8.38,8.59,9248750,1.9735,4025688639.3,5344698000,153.3041,
002474.SZ,榕基软件,2019-07-01,8.75,8.95,8.69,8.95,11789853,2.5123,4200040516.5,5568690000,159.7289,
002474.SZ,榕基软件,2019-07-02,8.92,8.93,8.78,8.83,6205157,1.3223,4143727124.1,5494026000,157.5873,
002474.SZ,榕基软件,2019-07-03,8.81,8.84,8.52,8.6,7496226,1.5974,4035793122,5350920000,153.4825,
002474.SZ,榕基软件,2019-07-04,8.61,8.68,8.42,8.47,5018938,1.0695,3974786946.9,5270034000,151.1625,
002474.SZ,榕基软件,2019-07-05,8.53,8.57,8.42,8.52,3381200,0.7205,3998250860.4,5301144000,152.0548,
002474.SZ,榕基软件,2019-07-08,8.52,8.52,8,8.1,7660441,1.6324,3801153987,5039820000,144.5591,
002474.SZ,榕基软件,2019-07-09,8.06,8.17,8.03,8.16,3181794,0.678,3829310683.2,5077152000,145.6299,
002474.SZ,榕基软件,2019-07-10,8.18,8.18,8,8.03,4029301,0.8586,3768304508.1,4996266000,143.3099,
002474.SZ,榕基软件,2019-07-11,8.07,8.21,8.01,8.07,4292593,0.9147,3787075638.9,5021154000,144.0237,
002474.SZ,榕基软件,2019-07-12,8.12,8.12,7.97,8.03,3207331,0.6835,3768304508.1,4996266000,143.3099,
002474.SZ,榕基软件,2019-07-15,8.05,8.31,7.92,8.23,5779384,1.2315,3862160162.1,5120706000,146.8792,
002474.SZ,榕基软件,2019-07-16,8.23,8.26,8.15,8.18,3229605,0.6882,3838696248.6,5089596000,145.9869,
002474.SZ,榕基软件,2019-07-17,8.17,8.23,8.14,8.15,3924740,0.8363,3824617900.5,5070930000,145.4515,
002474.SZ,榕基软件,2019-07-18,8.12,8.12,7.95,7.96,3901100,0.8313,3735455029.2,4952712000,142.0606,
002474.SZ,榕基软件,2019-07-19,8.01,8.16,8,8.04,3386627,0.7217,3772997290.8,5002488000,143.4883,
002474.SZ,榕基软件,2019-07-22,8.06,8.09,7.6,7.69,4360533,0.9292,3608749896.3,4784718000,137.2419,
002474.SZ,榕基软件,2019-07-23,7.7,7.82,7.7,7.8,2384181,0.5081,3660370506,4853160000,139.2051,
002474.SZ,榕基软件,2019-07-24,7.8,7.97,7.77,7.95,3455122,0.7363,3730762246.5,4946490000,141.8821,
002474.SZ,榕基软件,2019-07-25,7.89,8.01,7.88,7.94,2576512,0.549,3726069463.8,4940268000,141.7037,
002474.SZ,榕基软件,2019-07-26,7.94,7.98,7.81,7.88,2749100,0.5858,3697912767.6,4902936000,140.6328,
002474.SZ,榕基软件,2019-07-29,7.88,7.93,7.81,7.84,2359122,0.5027,3679141636.8,4878048000,139.919,
002474.SZ,榕基软件,2019-07-30,7.88,7.98,7.83,7.9,2607100,0.5556,3707298333,4915380000,140.9898,
002474.SZ,榕基软件,2019-07-31,7.91,7.93,7.73,7.77,3215310,0.6852,3646292157.9,4834494000,138.6697,
002474.SZ,榕基软件,2019-08-01,7.8,7.84,7.71,7.72,2727496,0.5812,3622828244.4,4803384000,137.7774,
002474.SZ,榕基软件,2019-08-02,7.58,7.58,7.41,7.49,5591500,1.1915,3514894242.3,4660278000,133.6726,
002474.SZ,榕基软件,2019-08-05,7.44,7.62,7.42,7.42,3622600,0.772,3482044763.4,4616724000,132.4233,
002474.SZ,榕基软件,2019-08-06,7.42,7.44,6.85,7.12,6611564,1.4089,3341261282.4,4430064000,127.0693,
002474.SZ,榕基软件,2019-08-07,7.18,7.2,6.95,6.95,3070838,0.6544,3261483976.5,4324290000,124.0353,
002474.SZ,榕基软件,2019-08-08,7.05,7.11,6.99,7.07,2863499,0.6102,3317797368.9,4398954000,126.1769,
002474.SZ,榕基软件,2019-08-09,7.06,7.3,7,7.13,5425800,1.1562,3345954065.1,4436286000,127.2477,
002474.SZ,榕基软件,2019-08-12,7.07,7.24,7.04,7.23,4230712,0.9015,3392881892.1,4498506000,129.0324,
002474.SZ,榕基软件,2019-08-13,7.14,7.25,7.12,7.14,3057473,0.6515,3350646847.8,4442508000,127.4262,
002474.SZ,榕基软件,2019-08-14,7.24,7.29,7.15,7.16,3547150,0.7559,3360032413.2,4454952000,127.7831,
002474.SZ,榕基软件,2019-08-15,7.02,7.45,6.95,7.38,9153667,1.9506,3463273632.6,4591836000,131.7094,
002474.SZ,榕基软件,2019-08-16,7.32,7.43,7.26,7.33,6138645,1.3081,3439809719.1,4560726000,130.8171,
002474.SZ,榕基软件,2019-08-19,7.35,7.65,7.35,7.6,8376064,1.7849,3566514852,4728720000,135.6357,
002474.SZ,榕基软件,2019-08-20,7.61,7.7,7.56,7.63,6613331,1.4093,3580593200.1,4747386000,136.1711,
002474.SZ,榕基软件,2019-08-21,7.58,7.67,7.55,7.59,4274400,0.9108,3561822069.3,4722498000,135.4573,
002474.SZ,榕基软件,2019-08-22,7.63,7.7,7.58,7.65,4520352,0.9633,3589978765.5,4759830000,136.5281,
002474.SZ,榕基软件,2019-08-23,7.62,7.76,7.56,7.58,4707106,1.0031,3557129286.6,4716276000,135.2788,
002474.SZ,榕基软件,2019-08-26,7.4,7.56,7.34,7.52,4273706,0.9107,3528972590.4,4678944000,160.2503,
002474.SZ,榕基软件,2019-08-27,7.54,7.75,7.54,7.65,4570400,0.9739,3589978765.5,4759830000,163.0205,
002474.SZ,榕基软件,2019-08-28,7.61,7.7,7.58,7.62,4665100,0.9941,3575900417.4,4741164000,162.3812,
002474.SZ,榕基软件,2019-08-29,7.65,7.86,7.58,7.76,9402491,2.0036,3641599375.2,4828272000,165.3646,
002474.SZ,榕基软件,2019-08-30,7.8,8.33,7.7,7.8,15571684,3.3182,3660370506,4853160000,166.217,
002474.SZ,榕基软件,2019-09-02,7.73,8.15,7.6,8.08,14664387,3.1249,3791768421.6,5027376000,172.1838,
002474.SZ,榕基软件,2019-09-03,8.06,8.12,7.91,8.03,10954748,2.3344,3768304508.1,4996266000,171.1183,
002474.SZ,榕基软件,2019-09-04,7.98,8.41,7.92,8.22,16807521,3.5816,3857467379.4,5114484000,175.1672,
002474.SZ,榕基软件,2019-09-05,8.19,8.44,8.17,8.27,17077961,3.6392,3880931292.9,5145594000,176.2327,
002474.SZ,榕基软件,2019-09-06,8.33,8.4,8.15,8.26,9201735,1.9608,3876238510.2,5139372000,176.0196,
002474.SZ,榕基软件,2019-09-09,8.34,9.09,8.26,9.09,21958524,4.6792,4265739474.3,5655798000,193.7068,
002474.SZ,榕基软件,2019-09-10,9.13,9.13,8.63,8.76,30686498,6.5391,4110877645.2,5450472000,186.6745,
002474.SZ,榕基软件,2019-09-11,8.73,9,8.7,8.71,16238767,3.4604,4087413731.7,5419362000,185.609,
002474.SZ,榕基软件,2019-09-12,8.72,8.81,8.61,8.72,9430226,2.0095,4092106514.4,5425584000,185.8221,
002474.SZ,榕基软件,2019-09-16,8.76,8.98,8.66,8.88,13895569,2.9611,4167191037.6,5525136000,189.2317,
002474.SZ,榕基软件,2019-09-17,8.8,8.81,8.34,8.45,12874459,2.7435,3965401381.5,5257590000,180.0684,
002474.SZ,榕基软件,2019-09-18,8.38,8.52,8.37,8.4,6487120,1.3824,3941937468,5226480000,179.0029,
002474.SZ,榕基软件,2019-09-19,8.44,8.54,8.32,8.52,5850152,1.2466,3998250860.4,5301144000,181.5601,
002474.SZ,榕基软件,2019-09-20,8.53,8.63,8.45,8.51,6163066,1.3133,3993558077.7,5294922000,181.347,
002474.SZ,榕基软件,2019-09-23,8.37,8.45,8.29,8.45,6193400,1.3198,3965401381.5,5257590000,180.0684,
002474.SZ,榕基软件,2019-09-24,8.49,8.61,8.39,8.52,7658914,1.6321,3998250860.4,5301144000,181.5601,
002474.SZ,榕基软件,2019-09-25,8.47,8.55,8.2,8.21,6993234,1.4902,3852774596.7,5108262000,174.9541,
002474.SZ,榕基软件,2019-09-26,8.23,8.29,7.94,7.97,7635859,1.6271,3740147811.9,4958934000,169.8397,
002474.SZ,榕基软件,2019-09-27,7.96,8.14,7.96,8.01,4108800,0.8756,3758918942.7,4983822000,170.6921,
002474.SZ,榕基软件,2019-09-30,8.02,8.09,7.8,7.8,3918000,0.8349,3660370506,4853160000,166.217,
002474.SZ,榕基软件,2019-10-08,7.82,8.07,7.82,7.96,4792775,1.0213,3735455029.2,4952712000,169.6266,
002474.SZ,榕基软件,2019-10-09,7.89,8.07,7.81,8.07,2857783,0.609,3787075638.9,5021154000,171.9707,
002474.SZ,榕基软件,2019-10-10,8.04,8.18,8.04,8.15,3238441,0.6901,3824617900.5,5070930000,173.6755,
002474.SZ,榕基软件,2019-10-11,8.21,8.26,8.02,8.15,4097313,0.8731,3824617900.5,5070930000,173.6755,
002474.SZ,榕基软件,2019-10-14,8.22,8.33,8.18,8.26,5754629,1.2263,3876238510.2,5139372000,176.0196,
002474.SZ,榕基软件,2019-10-15,8.26,8.28,8.06,8.1,4186402,0.8921,3801153987,5039820000,172.61,
002474.SZ,榕基软件,2019-10-16,8.18,8.91,8.13,8.67,55908206,11.9137,4068642600.9,5394474000,184.7566,
002474.SZ,榕基软件,2019-10-17,8.66,8.72,8.26,8.37,44698299,9.5249,3927859119.9,5207814000,178.3636,
002474.SZ,榕基软件,2019-10-18,8.41,8.46,8.08,8.14,22361378,4.7651,3819925117.8,5064708000,173.4624,
002474.SZ,榕基软件,2019-10-21,8.06,8.06,7.8,7.87,12409687,2.6444,3693219984.9,4896714000,167.7087,
002474.SZ,榕基软件,2019-10-22,7.9,8.66,7.86,8.44,39596874,8.4378,3960708598.8,5251368000,179.8553,
002474.SZ,榕基软件,2019-10-23,8.37,8.76,8.23,8.6,39598994,8.4383,4035793122,5350920000,183.2649,
002474.SZ,榕基软件,2019-10-24,8.56,8.79,8.35,8.77,30305669,6.4579,4115570427.9,5456694000,186.8876,
002474.SZ,榕基软件,2019-10-25,8.65,8.74,8.56,8.58,20948499,4.464,4026407556.6,5338476000,182.8387,
002474.SZ,榕基软件,2019-10-28,8.91,9.44,8.8,9.26,51059078,10.8803,4345516780.2,5761572000,202.8948,
002474.SZ,榕基软件,2019-10-29,9.15,9.38,8.91,8.97,40344596,8.5972,4209426081.9,5581134000,196.5406,
002474.SZ,榕基软件,2019-10-30,8.8,8.8,8.45,8.5,23748524,5.0606,3988865295,5288700000,186.2425,
002474.SZ,榕基软件,2019-10-31,8.6,8.74,8.27,8.4,14551749,3.1009,3941937468,5226480000,184.0514,
002474.SZ,榕基软件,2019-11-01,8.38,8.53,8.27,8.36,12512315,2.6663,3923166337.2,5201592000,183.175,
002474.SZ,榕基软件,2019-11-04,8.39,8.57,8.36,8.38,11366876,2.4222,3932551902.6,5214036000,183.6132,
002474.SZ,榕基软件,2019-11-05,8.37,8.37,8.09,8.3,12304687,2.622,3895009641,5164260000,181.8603,
002474.SZ,榕基软件,2019-11-06,8.38,8.61,8.35,8.41,14687566,3.1298,3946630250.7,5232702000,184.2705,
002474.SZ,榕基软件,2019-11-07,8.25,8.37,8.04,8.36,12190022,2.5976,3923166337.2,5201592000,183.175,
002474.SZ,榕基软件,2019-11-08,8.38,8.57,8.25,8.25,9404100,2.0039,3871545727.5,5133150000,180.7648,
002474.SZ,榕基软件,2019-11-11,8.25,8.31,8.06,8.11,8480215,1.8071,3805846769.7,5046042000,177.6973,
002474.SZ,榕基软件,2019-11-12,8.1,8.18,7.91,8.17,7397126,1.5763,3834003465.9,5083374000,179.0119,
002474.SZ,榕基软件,2019-11-13,8.09,8.15,7.99,8.03,4935442,1.0517,3768304508.1,4996266000,175.9444,
002474.SZ,榕基软件,2019-11-14,8,8.3,8,8.21,7866357,1.6763,3852774596.7,5108262000,179.8883,
002474.SZ,榕基软件,2019-11-15,8.18,8.39,8.15,8.23,8561515,1.8244,3862160162.1,5120706000,180.3266,
002474.SZ,榕基软件,2019-11-18,8.13,8.47,8.1,8.44,9398594,2.0028,3960708598.8,5251368000,184.9278,
002474.SZ,榕基软件,2019-11-19,8.4,8.54,8.35,8.54,11117798,2.3691,4007636425.8,5313588000,187.1189,
002474.SZ,榕基软件,2019-11-20,8.5,8.58,8.33,8.38,9523701,2.0294,3932551902.6,5214036000,183.6132,
002474.SZ,榕基软件,2019-11-21,8.33,8.59,8.27,8.59,10735048,2.2876,4031100339.3,5344698000,188.2145,
002474.SZ,榕基软件,2019-11-22,8.5,8.63,8.16,8.29,14436842,3.0764,3890316858.3,5158038000,181.6412,
002474.SZ,榕基软件,2019-11-25,8.28,8.28,7.86,7.94,9453705,2.0145,3726069463.8,4940268000,173.9724,
002474.SZ,榕基软件,2019-11-26,7.97,8.04,7.89,7.92,4414636,0.9407,3716683898.4,4927824000,173.5342,
002474.SZ,榕基软件,2019-11-27,7.9,8.08,7.86,7.97,4671658,0.9955,3740147811.9,4958934000,174.6297,
002474.SZ,榕基软件,2019-11-28,7.94,8.17,7.92,8.07,6354439,1.3541,3787075638.9,5021154000,176.8208,
002474.SZ,榕基软件,2019-11-29,8.15,8.15,8,8.09,4104810,0.8747,3796461204.3,5033598000,177.259,
002474.SZ,榕基软件,2019-12-02,8.06,8.13,8.02,8.07,3029551,0.6456,3787075638.9,5021154000,176.8208,
002474.SZ,榕基软件,2019-12-03,8,8.11,8,8.09,3089488,0.6583,3796461204.3,5033598000,177.259,
002474.SZ,榕基软件,2019-12-04,8.06,8.19,8.02,8.16,4764623,1.0153,3829310683.2,5077152000,178.7928,
002474.SZ,榕基软件,2019-12-05,8.16,8.24,8.12,8.21,5488549,1.1696,3852774596.7,5108262000,179.8883,
002474.SZ,榕基软件,2019-12-06,8.28,8.28,8.14,8.22,4373400,0.9319,3857467379.4,5114484000,180.1074,
002474.SZ,榕基软件,2019-12-09,8.22,8.4,8.19,8.38,8263348,1.7609,3932551902.6,5214036000,183.6132,
002474.SZ,榕基软件,2019-12-10,8.36,8.44,8.28,8.41,7235354,1.5418,3946630250.7,5232702000,184.2705,
002474.SZ,榕基软件,2019-12-11,8.36,8.44,8.29,8.39,6718709,1.4317,3937244685.3,5220258000,183.8323,
002474.SZ,榕基软件,2019-12-12,8.4,8.55,8.32,8.34,8906260,1.8979,3913780771.8,5189148000,182.7368,
002474.SZ,榕基软件,2019-12-13,8.4,8.43,8.3,8.39,7818171,1.666,3937244685.3,5220258000,183.8323,
002474.SZ,榕基软件,2019-12-16,8.4,8.64,8.38,8.51,21166737,4.5105,3993558077.7,5294922000,186.4616,
002474.SZ,榕基软件,2019-12-17,8.55,8.68,8.48,8.61,17544257,3.7386,4040485904.7,5357142000,188.6527,
002474.SZ,榕基软件,2019-12-18,8.6,8.71,8.55,8.57,11897714,2.5353,4021714773.9,5332254000,187.7763,
002474.SZ,榕基软件,2019-12-19,8.57,8.68,8.54,8.63,9740000,2.0755,4049871470.1,5369586000,189.0909,
002474.SZ,榕基软件,2019-12-20,8.64,8.68,8.35,8.35,10754609,2.2917,3918473554.5,5195370000,182.9559,
002474.SZ,榕基软件,2019-12-23,8.37,8.38,8.11,8.12,9215753,1.9638,3810539552.4,5052264000,177.9164,
002474.SZ,榕基软件,2019-12-24,8.13,8.25,8.13,8.24,5317360,1.1331,3866852944.8,5126928000,180.5457,
002474.SZ,榕基软件,2019-12-25,8.23,8.42,8.22,8.41,8562451,1.8246,3946630250.7,5232702000,184.2705,
002474.SZ,榕基软件,2019-12-26,8.41,8.48,8.34,8.47,5240689,1.1168,3974786946.9,5270034000,185.5852,
002474.SZ,榕基软件,2019-12-27,8.47,8.62,8.41,8.42,10343038,2.204,3951323033.4,5238924000,184.4896,
002474.SZ,榕基软件,2019-12-30,8.33,8.58,8.28,8.54,12045453,2.5668,4007636425.8,5313588000,187.1189,
002474.SZ,榕基软件,2019-12-31,8.54,8.63,8.45,8.55,6238882,1.3296,4011858958.5,5319810000,187.338,
002474.SZ,榕基软件,2020-01-02,8.6,8.71,8.55,8.65,11970236,2.5511,4058781285.5,5382030000,189.5291,
002474.SZ,榕基软件,2020-01-03,8.67,8.76,8.55,8.69,12401426,2.643,4077550216.3,5406918000,190.4056,
002474.SZ,榕基软件,2020-01-06,8.6,8.8,8.58,8.71,14354581,3.0592,4086934681.7,5419362000,190.8438,
002474.SZ,榕基软件,2020-01-07,8.73,8.95,8.66,8.9,17421969,3.7129,4176087103,5537580000,195.0069,
002474.SZ,榕基软件,2020-01-08,8.81,8.83,8.47,8.51,17845402,3.8032,3993090027.7,5294922000,186.4616,
002474.SZ,榕基软件,2020-01-09,8.58,9.17,8.58,8.91,25656897,5.468,4180779335.7,5543802000,195.226,
002474.SZ,榕基软件,2020-01-10,8.93,9.09,8.72,9.09,23284075,4.9623,4265239524.3,5655798000,199.1699,
002474.SZ,榕基软件,2020-01-13,9.05,9.24,8.98,9.2,25266693,5.3848,4316854084,5724240000,201.5801,
002474.SZ,榕基软件,2020-01-14,9.25,9.25,8.96,8.99,17421429,3.7128,4218317197.3,5593578000,196.9788,
002474.SZ,榕基软件,2020-01-15,8.98,9.24,8.89,9.14,17764305,3.7859,4288700687.8,5686908000,200.2655,
002474.SZ,榕基软件,2020-01-16,9.12,9.18,8.98,9.01,13095100,2.7908,4227701662.7,5606022000,197.417,
002474.SZ,榕基软件,2020-01-17,9.01,9.18,8.94,8.95,10675846,2.2752,4199548266.5,5568690000,196.1024,
002474.SZ,榕基软件,2020-01-20,8.9,8.99,8.73,8.99,11914055,2.5391,4218317197.3,5593578000,196.9788,
002474.SZ,榕基软件,2020-01-21,8.95,8.95,8.7,8.75,10799916,2.3017,4105703612.5,5444250000,191.7202,
002474.SZ,榕基软件,2020-01-22,8.58,8.8,8.47,8.74,8590403,1.8308,4101011379.8,5438028000,191.5011,
002474.SZ,榕基软件,2020-01-23,8.65,8.69,8.15,8.3,14263210,3.0397,3894553141,5164260000,181.8603,
002474.SZ,榕基软件,2020-02-03,7.47,7.47,7.47,7.47,1359800,0.2898,3505097826.9,4647834000,163.6743,
002474.SZ,榕基软件,2020-02-04,6.72,7.39,6.72,7.24,15359875,3.2735,3397176474.8,4504728000,158.6348,
002474.SZ,榕基软件,2020-02-05,7.28,7.64,7.28,7.45,12710668,2.7089,3495713361.5,4635390000,163.2361,
002474.SZ,榕基软件,2020-02-06,7.57,7.95,7.5,7.87,17266622,3.6798,3692787134.9,4896714000,172.4386,
002474.SZ,榕基软件,2020-02-07,7.89,8.35,7.8,8.32,19247919,4.1021,3903937606.4,5176704000,182.2985,
002474.SZ,榕基软件,2020-02-10,8.24,8.69,8.1,8.4,20265461,4.3189,3941475468,5226480000,184.0514,
002474.SZ,榕基软件,2020-02-11,8.44,8.44,8.17,8.19,11866977,2.5291,3842938581.3,5095818000,179.4501,
002474.SZ,榕基软件,2020-02-12,8.15,8.36,8.1,8.33,10932550,2.3299,3908629839.1,5182926000,182.5176,
002474.SZ,榕基软件,2020-02-13,8.35,8.43,8.12,8.15,10324480,2.2003,3824169650.5,5070930000,178.5737,
002474.SZ,榕基软件,2020-02-14,8.13,8.38,8.12,8.18,10401309,2.2167,3838246348.6,5089596000,179.231,
002474.SZ,榕基软件,2020-02-17,8.25,8.51,8.2,8.5,19289582,4.111,3988397795,5288700000,186.2425,
002474.SZ,榕基软件,2020-02-18,8.54,8.83,8.5,8.72,26339366,5.6134,4091626914.4,5425584000,191.0629,
002474.SZ,榕基软件,2020-02-19,8.83,8.94,8.7,8.78,27978961,5.9628,4119780310.6,5462916000,192.3775,
002474.SZ,榕基软件,2020-02-20,8.82,9.02,8.65,9.02,28239387,6.0183,4232393895.4,5612244000,197.6362,
002474.SZ,榕基软件,2020-02-21,9.2,9.69,9.03,9.31,40265895,8.5814,4368468643.7,5792682000,203.9903,
002474.SZ,榕基软件,2020-02-24,9.24,9.71,9.21,9.7,38602992,8.227,4551465719,6035340000,212.5356,
002474.SZ,榕基软件,2020-02-25,9.37,9.64,8.9,9.56,38448424,8.1941,4485774461.2,5948232000,209.468,
002474.SZ,榕基软件,2020-02-26,9.3,9.53,9.03,9.1,26678154,5.6856,4269931757,5662020000,199.389,
002474.SZ,榕基软件,2020-02-27,9.23,9.49,8.98,9.21,22335600,4.7601,4321546316.7,5730462000,201.7992,
002474.SZ,榕基软件,2020-02-28,8.86,9.04,8.35,8.52,27763630,5.9169,3997782260.4,5301144000,105.3933,
002474.SZ,榕基软件,2020-03-02,8.63,9.08,8.63,8.96,18401688,3.9217,4204240499.2,5574912000,110.8362,
002474.SZ,榕基软件,2020-03-03,9.2,9.45,8.96,9.11,25107009,5.3508,4274623989.7,5668242000,112.6917,
002474.SZ,榕基软件,2020-03-04,9.13,9.38,8.97,9.25,19976137,4.2573,4340315247.5,5755350000,114.4235,
002474.SZ,榕基软件,2020-03-05,9.42,9.46,9.06,9.15,21860610,4.6589,4293392920.5,5693130000,113.1865,
002474.SZ,榕基软件,2020-03-06,9.06,9.26,8.94,9.03,16164152,3.4449,4237086128.1,5618466000,111.7021,
002474.SZ,榕基软件,2020-03-09,8.9,8.99,8.41,8.43,21365106,4.5533,3955552166.1,5245146000,104.28,
002474.SZ,榕基软件,2020-03-10,8.28,8.83,8.27,8.8,17303581,3.6877,4129164776,5475360000,108.857,
002474.SZ,榕基软件,2020-03-11,8.86,9.05,8.75,8.76,16550702,3.5273,4110395845.2,5450472000,108.3622,
002474.SZ,榕基软件,2020-03-12,8.64,8.73,8.46,8.6,10852067,2.3128,4035320122,5350920000,106.383,
002474.SZ,榕基软件,2020-03-13,8.02,8.83,8.02,8.77,18099778,3.8574,4115088077.9,5456694000,108.4859,
002474.SZ,榕基软件,2020-03-16,8.85,8.95,8.31,8.44,16198457,3.4522,3960244398.8,5251368000,104.4037,
002474.SZ,榕基软件,2020-03-17,8.56,8.62,8.02,8.38,11912009,2.5387,3932091002.6,5214036000,103.6615,
002474.SZ,榕基软件,2020-03-18,8.42,8.53,8.06,8.08,11787152,2.5121,3791324021.6,5027376000,99.9505,
002474.SZ,榕基软件,2020-03-19,8.11,8.29,8.02,8.23,11001208,2.3446,3861707512.1,5120706000,101.806,
002474.SZ,榕基软件,2020-03-20,8.37,8.37,8.1,8.22,9304000,1.9829,3857015279.4,5114484000,101.6823,
002474.SZ,榕基软件,2020-03-23,8.07,8.14,7.69,7.74,10222100,2.1785,3631788109.8,4815828000,95.7447,
002474.SZ,榕基软件,2020-03-24,7.9,7.96,7.65,7.92,7443143,1.5863,3716248298.4,4927824000,97.9713,
002474.SZ,榕基软件,2020-03-25,8.06,8.12,7.94,8.05,7418603,1.581,3777247323.5,5008710000,99.5794,
002474.SZ,榕基软件,2020-03-26,8.02,8.14,7.96,8.01,5662800,1.2068,3758478392.7,4983822000,99.0846,
002474.SZ,榕基软件,2020-03-27,8.09,8.13,7.9,7.9,5601200,1.1937,3706863833,4915380000,97.7239,
002474.SZ,榕基软件,2020-03-30,7.8,7.8,7.46,7.53,7840172,1.6709,3533251223.1,4685166000,93.1469,
002474.SZ,榕基软件,2020-03-31,7.6,7.67,7.44,7.44,5221745,1.1128,3491021128.8,4629168000,92.0336,
002474.SZ,榕基软件,2020-04-01,7.44,7.56,7.35,7.37,5549412,1.1827,3458175499.9,4585614000,91.1677,
002474.SZ,榕基软件,2020-04-02,7.32,7.58,7.28,7.58,5759206,1.2274,3556712386.6,4716276000,93.7654,
002474.SZ,榕基软件,2020-04-03,7.55,7.6,7.4,7.41,5145040,1.0965,3476944430.7,4610502000,91.6625,
002474.SZ,榕基软件,2020-04-07,7.58,7.73,7.51,7.71,7963235,1.6971,3617711411.7,4797162000,95.3736,
002474.SZ,榕基软件,2020-04-08,7.67,7.93,7.63,7.93,10567989,2.2522,3720940531.1,4934046000,98.095,
002474.SZ,榕基软件,2020-04-09,7.9,8.07,7.9,8.03,9204245,1.9616,3767862858.1,4996266000,99.332,
002474.SZ,榕基软件,2020-04-10,8.04,8.04,7.7,7.72,7488779,1.596,3622403644.4,4803384000,95.4973,
002474.SZ,榕基软件,2020-04-13,7.7,7.71,7.51,7.56,4010600,0.8547,3547327921.2,4703832000,93.518,
002474.SZ,榕基软件,2020-04-14,7.63,7.74,7.61,7.72,3955516,0.843,3622403644.4,4803384000,95.4973,
002474.SZ,榕基软件,2020-04-15,7.65,7.95,7.57,7.67,7947976,1.6939,3598942480.9,4772274000,94.8788,
002474.SZ,榕基软件,2020-04-16,7.55,7.78,7.48,7.73,8639214,1.8412,3627095877.1,4809606000,95.621,
002474.SZ,榕基软件,2020-04-17,7.73,7.81,7.61,7.62,7537713,1.6064,3575481317.4,4741164000,94.2603,
002474.SZ,榕基软件,2020-04-20,7.65,7.72,7.57,7.7,4684125,0.9983,3613019179,4790940000,95.2499,
002474.SZ,榕基软件,2020-04-21,7.7,7.82,7.6,7.82,9095398,1.9384,3669325971.4,4865604000,96.7343,
002474.SZ,榕基软件,2020-04-22,7.75,7.85,7.7,7.83,7031480,1.4985,3674018204.1,4871826000,96.858,
002474.SZ,榕基软件,2020-04-23,7.87,7.87,7.61,7.61,6120170,1.3043,3570789084.7,4734942000,94.1366,
002474.SZ,榕基软件,2020-04-24,7.61,7.69,7.42,7.43,4725791,1.0072,3486328896.1,4622946000,91.9099,
002474.SZ,榕基软件,2020-04-27,7.42,7.49,7.36,7.39,3114900,0.6638,3467559965.3,4598058000,91.4151,
002474.SZ,榕基软件,2020-04-28,7.41,7.42,6.83,7.29,6321098,1.3471,3420637638.3,4535838000,90.1781,
002474.SZ,榕基软件,2020-04-29,7.29,7.45,7.22,7.38,5413659,1.1537,3462867732.6,4591836000,92.1759,
002474.SZ,榕基软件,2020-04-30,7.38,7.53,7.38,7.49,6913850,1.4735,3514482292.3,4660278000,170.437,
002474.SZ,榕基软件,2020-05-06,7.41,7.59,7.39,7.57,5352964,1.1408,3552020153.9,4710054000,172.2574,
002474.SZ,榕基软件,2020-05-07,7.61,7.63,7.36,7.37,7463506,1.5906,3458175499.9,4585614000,167.7064,
002474.SZ,榕基软件,2020-05-08,7.46,7.8,7.44,7.64,12864057,2.7416,3584865782.8,4753608000,173.8503,
002474.SZ,榕基软件,2020-05-11,7.64,7.71,7.48,7.55,8000382,1.705,3542635688.5,4697610000,171.8023,
002474.SZ,榕基软件,2020-05-12,7.53,7.58,7.29,7.34,9720657,2.0716,3444098801.8,4566948000,167.0237,
002474.SZ,榕基软件,2020-05-13,7.32,7.37,7.26,7.32,6294719,1.3415,3434714336.4,4554504000,166.5686,
002474.SZ,榕基软件,2020-05-14,7.28,7.32,7.19,7.2,6243445,1.3306,3378407544,4479840000,163.838,
002474.SZ,榕基软件,2020-05-15,7.24,7.42,7.23,7.33,7204459,1.5354,3439406569.1,4560726000,166.7962,
002474.SZ,榕基软件,2020-05-18,7.34,7.34,7.15,7.17,5991177,1.2768,3364330845.9,4461174000,163.1553,
002474.SZ,榕基软件,2020-05-19,7.23,7.27,7.17,7.25,4049916,0.8631,3401868707.5,4510950000,164.9758,
002474.SZ,榕基软件,2020-05-20,7.25,7.25,7.11,7.13,4575980,0.9752,3345561915.1,4436286000,162.2451,
002474.SZ,榕基软件,2020-05-21,7.16,7.18,6.96,7.03,5321073,1.134,3298639588.1,4374066000,159.9696,
002474.SZ,榕基软件,2020-05-22,7,7.07,6.91,6.95,3672205,0.7826,3261101726.5,4324290000,158.1492,
002474.SZ,榕基软件,2020-05-25,6.92,6.98,6.82,6.86,3243068,0.6912,3218871632.2,4268292000,156.1012,
002474.SZ,榕基软件,2020-05-26,6.87,7.07,6.87,7.05,3616804,0.7708,3308024053.5,4386510000,160.4247,
002474.SZ,榕基软件,2020-05-27,7.03,7.08,6.95,6.97,2559900,0.5456,3270486191.9,4336734000,158.6043,
002474.SZ,榕基软件,2020-05-28,6.97,7.06,6.93,7.06,3698047,0.7881,3312716286.2,4392732000,160.6523,
002474.SZ,榕基软件,2020-05-29,7.09,7.2,7.06,7.17,5499215,1.172,3364330845.9,4461174000,163.1553,
002474.SZ,榕基软件,2020-06-01,7.16,7.34,7.15,7.32,7800925,1.6625,3434714336.4,4554504000,166.5686,
002474.SZ,榕基软件,2020-06-02,7.32,7.37,7.29,7.31,5543632,1.1814,3430022103.7,4548282000,166.3411,
002474.SZ,榕基软件,2020-06-03,7.31,7.38,7.24,7.24,4998500,1.0653,3397176474.8,4504728000,164.7482,
002474.SZ,榕基软件,2020-06-04,7.26,7.3,7.2,7.23,3498598,0.7456,3392484242.1,4498506000,164.5207,
002474.SZ,榕基软件,2020-06-05,7.33,7.47,7.27,7.35,8692693,1.8526,3448791034.5,4573170000,167.2513,
002474.SZ,榕基软件,2020-06-08,7.36,7.45,7.3,7.33,5198823,1.108,3439406569.1,4560726000,166.7962,
002474.SZ,榕基软件,2020-06-09,7.38,7.38,7.26,7.33,3603575,0.768,3439406569.1,4560726000,166.7962,
002474.SZ,榕基软件,2020-06-10,7.3,7.32,7.21,7.24,3205050,0.6831,3397176474.8,4504728000,164.7482,
002474.SZ,榕基软件,2020-06-11,7.24,7.34,7.19,7.24,4415700,0.9411,3397176474.8,4504728000,164.7482,
002474.SZ,榕基软件,2020-06-12,7.34,7.58,7.31,7.33,9777202,2.0837,3439406569.1,4560726000,166.7962,
002474.SZ,榕基软件,2020-06-15,7.22,7.28,7.04,7.19,6495091,1.3842,3373715311.3,4473618000,163.6104,
002474.SZ,榕基软件,2020-06-16,7.19,7.29,7.19,7.26,5577922,1.1888,3406560940.2,4517172000,165.2033,
002474.SZ,榕基软件,2020-06-17,7.26,7.3,7.16,7.28,5788678,1.2337,3415945405.6,4529616000,165.6584,
002474.SZ,榕基软件,2020-06-18,7.22,7.43,7.22,7.31,5364783,1.1433,3430022103.7,4548282000,166.3411,
002474.SZ,榕基软件,2020-06-19,7.31,7.33,7.23,7.28,4577252,0.9755,3415945405.6,4529616000,165.6584,
002474.SZ,榕基软件,2020-06-22,7.3,7.37,7.28,7.31,4537983,0.9671,3430022103.7,4548282000,166.3411,
002474.SZ,榕基软件,2020-06-23,7.3,7.37,7.26,7.35,5720991,1.2192,3448791034.5,4573170000,167.2513,
002474.SZ,榕基软件,2020-06-24,7.34,7.37,7.24,7.24,4406800,0.9392,3397176474.8,4504728000,164.7482,
002474.SZ,榕基软件,2020-06-29,7.25,7.27,7,7.05,5782300,1.2323,3308024053.5,4386510000,160.4247,
002474.SZ,榕基软件,2020-06-30,7.08,7.17,7.06,7.13,5259600,1.1,3409108040.1,4436286000,162.2451,
002474.SZ,榕基软件,2020-07-01,7.14,7.2,7.06,7.1,5921085,1.2384,3394763967,4417620000,161.5625,
002474.SZ,榕基软件,2020-07-02,7.09,7.21,7.07,7.19,7925561,1.6576,3437796186.3,4473618000,163.6104,
002474.SZ,榕基软件,2020-07-03,7.21,7.35,7.21,7.34,9941295,2.0792,3509516551.8,4566948000,167.0237,
002474.SZ,榕基软件,2020-07-06,7.37,7.72,7.35,7.69,16017516,3.35,3676864071.3,4784718000,174.9881,
002474.SZ,榕基软件,2020-07-07,7.78,8.04,7.67,7.76,20739457,4.3376,3710333575.2,4828272000,176.5809,
002474.SZ,榕基软件,2020-07-08,7.87,7.93,7.69,7.91,14969162,3.1307,3782053940.7,4921602000,179.9942,
002474.SZ,榕基软件,2020-07-09,7.95,8.24,7.93,8.13,20448506,4.2767,3887243810.1,5058486000,185.0004,
002474.SZ,榕基软件,2020-07-10,8.12,8.27,8,8.04,19912421,4.1646,3844211590.8,5002488000,182.9524,
002474.SZ,榕基软件,2020-07-13,8.09,8.27,8.05,8.2,17032126,3.5622,3920713314,5102040000,186.5933,
002474.SZ,榕基软件,2020-07-14,8.21,8.25,7.99,8.09,15417945,3.2246,3868118379.3,5033598000,184.0902,
002474.SZ,榕基软件,2020-07-15,8.06,8.11,7.65,7.65,19014047,3.9767,3657738640.5,4759830000,174.0779,
002474.SZ,榕基软件,2020-07-16,7.7,7.89,7.29,7.31,18868073,3.9462,3495172478.7,4548282000,166.3411,
002474.SZ,榕基软件,2020-07-17,7.33,7.37,7,7.07,18538704,3.8773,3380419893.9,4398954000,160.8798,
002474.SZ,榕基软件,2020-07-20,7.13,7.31,7.11,7.31,10254480,2.1447,3495172478.7,4548282000,166.3411,
002474.SZ,榕基软件,2020-07-21,7.36,7.49,7.27,7.41,13188324,2.7583,3542986055.7,4610502000,168.6166,
002474.SZ,榕基软件,2020-07-22,7.38,7.53,7.32,7.42,12167882,2.5449,3547767413.4,4616724000,168.8442,
002474.SZ,榕基软件,2020-07-23,7.35,7.38,7.11,7.28,11250500,2.353,3480828405.6,4529616000,165.6584,
002474.SZ,榕基软件,2020-07-24,7.26,7.39,7.06,7.08,10445193,2.1846,3385201251.6,4405176000,161.1074,
002474.SZ,榕基软件,2020-07-27,7.12,7.14,6.99,7.09,5992580,1.2533,3389982609.3,4411398000,161.3349,
002474.SZ,榕基软件,2020-07-28,7.16,7.2,7.09,7.18,5447975,1.1394,3433014828.6,4467396000,163.3829,
002474.SZ,榕基软件,2020-07-29,7.13,7.3,7.1,7.28,6882332,1.4394,3480828405.6,4529616000,165.6584,
002474.SZ,榕基软件,2020-07-30,7.28,7.31,7.17,7.17,6403003,1.3392,3428233470.9,4461174000,163.1553,
002474.SZ,榕基软件,2020-07-31,7.17,7.27,7.15,7.24,6329598,1.3238,3461702974.8,4504728000,164.7482,
002474.SZ,榕基软件,2020-08-03,7.24,7.42,7.24,7.41,10560476,2.2087,3542986055.7,4610502000,168.6166,
002474.SZ,榕基软件,2020-08-04,7.41,7.46,7.34,7.37,8536406,1.7854,3523860624.9,4585614000,167.7064,
002474.SZ,榕基软件,2020-08-05,7.52,7.63,7.41,7.6,19029169,3.9799,3633831852,4728720000,172.9401,
002474.SZ,榕基软件,2020-08-06,7.55,7.72,7.41,7.63,17275741,3.6131,3648175925.1,4747386000,173.6228,
002474.SZ,榕基软件,2020-08-07,7.54,7.56,7.31,7.4,12210566,2.5538,3538204698,4604280000,168.3891,
002474.SZ,榕基软件,2020-08-10,7.44,8.14,7.44,7.78,39226196,8.204,3719896290.6,4840716000,177.0361,
002474.SZ,榕基软件,2020-08-11,7.66,7.71,7.46,7.51,24894850,5.2066,3590799632.7,4672722000,170.8921,
002474.SZ,榕基软件,2020-08-12,7.47,7.58,7.34,7.55,12726348,2.6617,3609925063.5,4697610000,171.8023,
002474.SZ,榕基软件,2020-08-13,7.57,7.7,7.55,7.62,11485449,2.4021,3643394567.4,4741164000,173.3952,
002474.SZ,榕基软件,2020-08-14,7.59,7.68,7.48,7.63,8418836,1.7608,3648175925.1,4747386000,173.6228,
002474.SZ,榕基软件,2020-08-17,7.63,7.8,7.6,7.74,13392056,2.8009,3700770859.8,4815828000,176.1258,
002474.SZ,榕基软件,2020-08-18,7.83,7.83,7.68,7.71,10297400,2.1537,3686426786.7,4797162000,175.4432,
002474.SZ,榕基软件,2020-08-19,7.68,7.73,7.54,7.55,9650990,2.0185,3609925063.5,4697610000,171.8023,
002474.SZ,榕基软件,2020-08-20,7.51,7.6,7.47,7.51,6615607,1.3836,3590799632.7,4672722000,170.8921,
002474.SZ,榕基软件,2020-08-21,7.58,7.59,7.42,7.48,5570962,1.1651,3576455559.6,4654056000,170.2095,
002474.SZ,榕基软件,2020-08-24,7.44,7.64,7.44,7.58,6971040,1.458,3624269136.6,4716276000,172.485,
002474.SZ,榕基软件,2020-08-25,7.58,7.64,7.55,7.63,7447679,1.5576,3648175925.1,4747386000,173.6228,
002474.SZ,榕基软件,2020-08-26,7.6,7.85,7.48,7.49,11168514,2.3358,3581236917.3,4660278000,112.2139,
002474.SZ,榕基软件,2020-08-27,7.5,7.73,7.47,7.7,11350007,2.3738,3681645429,4790940000,115.3601,
002474.SZ,榕基软件,2020-08-28,7.65,7.72,7.54,7.71,8671831,1.8137,3686426786.7,4797162000,115.5099,
002474.SZ,榕基软件,2020-08-31,7.7,7.8,7.66,7.73,11203550,2.3432,3695989502.1,4809606000,115.8096,
002474.SZ,榕基软件,2020-09-01,7.7,7.76,7.66,7.73,6288482,1.3152,3695989502.1,4809606000,115.8096,
002474.SZ,榕基软件,2020-09-02,7.73,7.82,7.63,7.81,13359056,2.794,3734240363.7,4859382000,117.0081,
002474.SZ,榕基软件,2020-09-03,7.8,7.96,7.76,7.91,18127122,3.7912,3782053940.7,4921602000,118.5063,
002474.SZ,榕基软件,2020-09-04,7.78,7.93,7.71,7.88,11004982,2.3016,3767709867.6,4902936000,118.0568,
002474.SZ,榕基软件,2020-09-07,7.89,8.08,7.76,7.85,17198196,3.5969,3753365794.5,4884270000,117.6074,
002474.SZ,榕基软件,2020-09-08,7.82,8.08,7.81,8.01,15729800,3.2898,3829867517.7,4983822000,120.0045,
002474.SZ,榕基软件,2020-09-09,7.95,8.05,7.78,7.78,15891523,3.3236,3719896290.6,4840716000,116.5587,
002474.SZ,榕基软件,2020-09-10,7.84,7.89,7.35,7.35,14793697,3.094,3514297909.5,4573170000,110.1165,
002474.SZ,榕基软件,2020-09-11,7.5,7.99,7.43,7.68,16812278,3.5162,3672082713.6,4778496000,115.0605,
002474.SZ,榕基软件,2020-09-14,7.7,8.11,7.67,8.05,27135084,5.6752,3848992948.5,5008710000,120.6038,
002474.SZ,榕基软件,2020-09-15,8.05,8.08,7.85,7.92,15234350,3.1862,3786835298.4,4927824000,118.6561,
002474.SZ,榕基软件,2020-09-16,7.88,7.92,7.69,7.73,12118160,2.5345,3695989502.1,4809606000,115.8096,
002474.SZ,榕基软件,2020-09-17,7.76,7.89,7.65,7.7,10942394,2.2886,3681645429,4790940000,115.3601,
002474.SZ,榕基软件,2020-09-18,7.71,7.81,7.57,7.8,10993079,2.2992,3729459006,4853160000,116.8583,
002474.SZ,榕基软件,2020-09-21,7.8,7.96,7.7,7.7,8048600,1.6833,3681645429,4790940000,115.3601,
002474.SZ,榕基软件,2020-09-22,7.64,7.73,7.55,7.61,7601679,1.5899,3638613209.7,4734942000,114.0117,
002474.SZ,榕基软件,2020-09-23,7.62,7.65,7.51,7.56,6080196,1.2716,3614706421.2,4703832000,113.2627,
002474.SZ,榕基软件,2020-09-24,7.53,7.56,7.36,7.37,7166163,1.4988,3523860624.9,4585614000,110.4161,
002474.SZ,榕基软件,2020-09-25,7.38,7.44,7.25,7.28,4519979,0.9453,3480828405.6,4529616000,109.0677,
002474.SZ,榕基软件,2020-09-28,7.32,7.37,7.22,7.28,3851348,0.8055,3480828405.6,4529616000,109.0677,
002474.SZ,榕基软件,2020-09-29,7.28,7.36,7.26,7.31,3294958,0.6891,3495172478.7,4548282000,109.5172,
002474.SZ,榕基软件,2020-09-30,7.32,7.33,7.15,7.17,5671468,1.1862,3428233470.9,4461174000,107.4197,
002474.SZ,榕基软件,2020-10-09,7.25,7.41,7.25,7.38,4211110,0.8807,3528641982.6,4591836000,110.5659,
002474.SZ,榕基软件,2020-10-12,7.4,7.57,7.36,7.57,6849401,1.4325,3619487778.9,4710054000,113.4125,
002474.SZ,榕基软件,2020-10-13,7.53,7.53,7.43,7.46,5730300,1.1985,3566892844.2,4641612000,111.7645,
002474.SZ,榕基软件,2020-10-14,7.46,7.5,7.39,7.43,4142987,0.8665,3552548771.1,4622946000,111.315,
002474.SZ,榕基软件,2020-10-15,7.45,7.45,7.3,7.31,4858700,1.0162,3495172478.7,4548282000,109.5172,
002474.SZ,榕基软件,2020-10-16,7.35,7.35,7.24,7.3,3263400,0.6825,3490391121,4542060000,109.3674,
002474.SZ,榕基软件,2020-10-19,7.3,7.42,7.29,7.29,2706400,0.566,3485609763.3,4535838000,109.2176,
002474.SZ,榕基软件,2020-10-20,7.27,7.37,7.27,7.36,2687906,0.5622,3519079267.2,4579392000,110.2663,
002474.SZ,榕基软件,2020-10-21,7.36,7.37,7.23,7.25,2855506,0.5972,3466484332.5,4510950000,108.6183,
002474.SZ,榕基软件,2020-10-22,7.27,7.27,7.15,7.2,4321500,0.9038,3442577544,4479840000,107.8692,
002474.SZ,榕基软件,2020-10-23,7.21,7.28,7.14,7.17,3565077,0.7456,3428233470.9,4461174000,107.4197,
002474.SZ,榕基软件,2020-10-26,7.15,7.35,7.15,7.33,6335515,1.325,3504735194.1,4560726000,88.2808,
002474.SZ,榕基软件,2020-10-27,7.31,7.31,7.2,7.23,3001533,0.6278,3456921617.1,4498506000,87.0764,
002474.SZ,榕基软件,2020-10-28,7.24,7.24,7.1,7.2,3438048,0.7191,3442577544,4479840000,86.7151,
002474.SZ,榕基软件,2020-10-29,7.13,7.14,7.03,7.03,7874782,1.647,3361294463.1,4374066000,84.6677,
002474.SZ,榕基软件,2020-10-30,7.03,7.08,6.88,6.89,5378954,1.125,3294355455.3,4286958000,82.9816,
002474.SZ,榕基软件,2020-11-02,6.85,6.89,6.75,6.78,5137350,1.0745,3241760520.6,4218516000,81.6567,
002474.SZ,榕基软件,2020-11-03,6.8,6.94,6.78,6.92,4652305,0.973,3308699528.4,4305624000,83.3429,
002474.SZ,榕基软件,2020-11-04,6.91,6.93,6.82,6.86,4007163,0.8381,3280011382.2,4268292000,82.6202,
002474.SZ,榕基软件,2020-11-05,6.92,6.98,6.86,6.97,4817000,1.0075,3332606316.9,4336734000,83.9451,
002474.SZ,榕基软件,2020-11-06,6.98,7.01,6.89,6.93,3919400,0.8197,3313480886.1,4311846000,83.4633,
002474.SZ,榕基软件,2020-11-09,6.95,7.13,6.94,7.08,4816063,1.0073,3385201251.6,4405176000,85.2699,
002474.SZ,榕基软件,2020-11-10,7.08,7.12,6.98,7,3933989,0.8228,3346950390,4355400000,84.3064,
002474.SZ,榕基软件,2020-11-11,7,7.03,6.91,6.94,2571600,0.5378,3318262243.8,4318068000,83.5837,
002474.SZ,榕基软件,2020-11-12,6.92,6.96,6.86,6.88,3058489,0.6397,3289574097.6,4280736000,82.8611,
002474.SZ,榕基软件,2020-11-13,6.84,6.91,6.8,6.91,2405997,0.5032,3303918170.7,4299402000,83.2224,
002474.SZ,榕基软件,2020-11-16,6.93,6.98,6.89,6.96,2255309,0.4717,3327824959.2,4330512000,83.8246,
002474.SZ,榕基软件,2020-11-17,6.95,6.96,6.87,6.9,2118489,0.4431,3299136813,4293180000,83.102,
002474.SZ,榕基软件,2020-11-18,6.91,7.01,6.87,6.97,2878900,0.6021,3332606316.9,4336734000,83.9451,
002474.SZ,榕基软件,2020-11-19,6.95,7.02,6.93,7.01,3447434,0.721,3351731747.7,4361622000,84.4268,
002474.SZ,榕基软件,2020-11-20,7,7.04,6.95,7.01,2864200,0.599,3351731747.7,4361622000,84.4268,
002474.SZ,榕基软件,2020-11-23,6.98,7.07,6.98,7.04,4318357,0.9032,3366075820.8,4380288000,84.7881,
002474.SZ,榕基软件,2020-11-24,7.05,7.1,7.01,7.02,3901844,0.8161,3356513105.4,4367844000,84.5472,
002474.SZ,榕基软件,2020-11-25,7.02,7.07,6.99,6.99,3198767,0.669,3342169032.3,4349178000,84.1859,
002474.SZ,榕基软件,2020-11-26,6.98,7.05,6.95,7.04,3479400,0.7277,3366075820.8,4380288000,84.7881,
002474.SZ,榕基软件,2020-11-27,7.04,7.04,6.91,6.95,3447978,0.7211,3323043601.5,4324290000,83.7042,
002474.SZ,榕基软件,2020-11-30,6.94,7.01,6.9,6.97,3111891,0.6508,3332606316.9,4336734000,83.9451,
002474.SZ,榕基软件,2020-12-01,6.96,7.05,6.96,7.04,3281700,0.6864,3366075820.8,4380288000,84.7881,
002474.SZ,榕基软件,2020-12-02,7.05,7.1,7.01,7.04,3307001,0.6916,3366075820.8,4380288000,84.7881,
002474.SZ,榕基软件,2020-12-03,7.06,7.11,7.01,7.06,4429503,0.9264,3375638536.2,4392732000,85.029,
002474.SZ,榕基软件,2020-12-04,7.07,7.08,7.03,7.04,2839619,0.5939,3366075820.8,4380288000,84.7881,
002474.SZ,榕基软件,2020-12-07,7.03,7.05,6.93,6.96,3481100,0.7281,3327824959.2,4330512000,83.8246,
002474.SZ,榕基软件,2020-12-08,6.99,7.05,6.95,6.96,2184000,0.4568,3327824959.2,4330512000,83.8246,
002474.SZ,榕基软件,2020-12-09,6.94,6.97,6.76,6.8,6798945,1.422,3251323236,4230960000,81.8976,
002474.SZ,榕基软件,2020-12-10,6.77,6.81,6.71,6.73,4294155,0.8981,3217853732.1,4187406000,81.0546,
002474.SZ,榕基软件,2020-12-11,6.72,6.73,6.36,6.48,8396106,1.756,3098319789.6,4031856000,78.0436,
002474.SZ,榕基软件,2020-12-14,6.47,6.53,6.42,6.46,2633861,0.5509,3088757074.2,4019412000,77.8027,
002474.SZ,榕基软件,2020-12-15,6.41,6.55,6.41,6.48,2582445,0.5401,3098319789.6,4031856000,78.0436,
002474.SZ,榕基软件,2020-12-16,6.47,6.49,6.32,6.34,2937074,0.6143,3031380781.8,3944748000,76.3575,
002474.SZ,榕基软件,2020-12-17,6.3,6.45,6.2,6.43,4453560,0.9314,3074413001.1,4000746000,77.4414,
002474.SZ,榕基软件,2020-12-18,6.46,6.49,6.28,6.39,3486642,0.7292,3055287570.3,3975858000,76.9597,
002474.SZ,榕基软件,2020-12-21,6.39,6.45,6.32,6.41,2493710,0.5215,3064850285.7,3988302000,77.2005,
002474.SZ,榕基软件,2020-12-22,6.39,6.4,6.28,6.29,3220300,0.6735,3007473993.3,3913638000,75.7553,
002474.SZ,榕基软件,2020-12-23,6.29,6.33,6.21,6.22,3720477,0.7781,2974004489.4,3870084000,74.9122,
002474.SZ,榕基软件,2020-12-24,6.2,6.21,6.01,6.02,5460277,1.142,2878377335.4,3745644000,72.5035,
002474.SZ,榕基软件,2020-12-25,6.04,6.15,6.01,6.1,3044662,0.6368,2916628197,3795420000,73.467,
002474.SZ,榕基软件,2020-12-28,6.1,6.15,6.02,6.04,2983461,0.624,2887940050.8,3758088000,72.7443,
002474.SZ,榕基软件,2020-12-29,6.05,6.22,6.05,6.14,3130400,0.6547,2935753627.8,3820308000,73.9487,
002474.SZ,榕基软件,2020-12-30,6.16,6.18,6.08,6.14,2372448,0.4962,2935753627.8,3820308000,73.9487,
002474.SZ,榕基软件,2020-12-31,6.15,6.24,6.11,6.21,3617414,0.7566,2969223131.7,3863862000,74.7918,
002474.SZ,榕基软件,2021-01-04,6.21,6.29,6.17,6.25,3983674,0.8332,2988348562.5,3888750000,75.2735,
002474.SZ,榕基软件,2021-01-05,6.25,6.25,6.12,6.17,3653635,0.7641,2950097700.9,3838974000,74.31,
002474.SZ,榕基软件,2021-01-06,6.18,6.18,6.05,6.08,3409551,0.7131,2907065481.6,3782976000,73.2261,
002474.SZ,榕基软件,2021-01-07,6.07,6.07,5.71,5.75,8464951,1.7704,2749280677.5,3577650000,69.2517,
002474.SZ,榕基软件,2021-01-08,5.74,5.87,5.49,5.77,5928812,1.24,2758843392.9,3590094000,69.4925,
002474.SZ,榕基软件,2021-01-11,5.76,5.84,5.6,5.64,4463465,0.9335,2696685742.8,3509208000,67.9268,
002474.SZ,榕基软件,2021-01-12,5.64,5.87,5.6,5.73,3689198,0.7716,2739717962.1,3565206000,69.0108,
002474.SZ,榕基软件,2021-01-13,5.7,5.73,5.5,5.57,4551608,0.9519,2663216238.9,3465654000,67.0838,
002474.SZ,榕基软件,2021-01-14,5.53,5.67,5.5,5.63,3046024,0.6371,2691904385.1,3502986000,67.8064,
002474.SZ,榕基软件,2021-01-15,5.6,5.77,5.59,5.7,3260628,0.6819,2725373889,3546540000,68.6495,
002474.SZ,榕基软件,2021-01-18,5.69,5.85,5.69,5.73,3076485,0.6434,2739717962.1,3565206000,69.0108,
002474.SZ,榕基软件,2021-01-19,5.72,5.85,5.71,5.81,3925001,0.8209,2777968823.7,3614982000,69.9743,
002474.SZ,榕基软件,2021-01-20,5.81,5.85,5.73,5.77,2713826,0.5676,2758843392.9,3590094000,69.4925,
002474.SZ,榕基软件,2021-01-21,5.74,5.82,5.72,5.76,3463500,0.7244,2754062035.2,3583872000,69.3721,
002474.SZ,榕基软件,2021-01-22,5.7,5.71,5.54,5.58,5106398,1.068,2667997596.6,3471876000,67.2042,
002474.SZ,榕基软件,2021-01-25,5.58,5.62,5.25,5.28,7768988,1.6248,2524556865.6,3285216000,63.5911,
002474.SZ,榕基软件,2021-01-26,5.28,5.41,5.23,5.27,4189600,0.8762,2519775507.9,3278994000,63.4706,
002474.SZ,榕基软件,2021-01-27,5.25,5.35,5.25,5.29,3048006,0.6375,2529338223.3,3291438000,63.7115,
002474.SZ,榕基软件,2021-01-28,5.27,5.41,5.21,5.26,3945202,0.8251,2514994150.2,3272772000,63.3502,
002474.SZ,榕基软件,2021-01-29,5.24,5.3,4.97,5.04,8648360,1.8088,2409804280.8,3135888000,60.7006,
002474.SZ,榕基软件,2021-02-01,5.03,5.15,4.99,5.05,4680405,0.9789,2414585638.5,3142110000,60.821,
002474.SZ,榕基软件,2021-02-02,5.04,5.12,4.96,5,4396095,0.9194,2390678850,3111000000,60.2188,
002474.SZ,榕基软件,2021-02-03,4.99,4.99,4.79,4.8,6624104,1.3854,2295051696,2986560000,57.8101,
002474.SZ,榕基软件,2021-02-04,4.8,4.8,4.55,4.66,8319310,1.7399,2228112688.2,2899452000,56.124,
002474.SZ,榕基软件,2021-02-05,4.69,4.87,4.61,4.61,5129719,1.0729,2204205899.7,2868342000,55.5218,
002474.SZ,榕基软件,2021-02-08,4.62,4.67,4.56,4.58,3819781,0.7989,2189861826.6,2849676000,55.1604,
002474.SZ,榕基软件,2021-02-09,4.57,4.7,4.56,4.69,4557560,0.9532,2242456761.3,2918118000,56.4853,
002474.SZ,榕基软件,2021-02-10,4.69,4.77,4.66,4.72,3452600,0.7221,2256800834.4,2936784000,56.8466,
002474.SZ,榕基软件,2021-02-18,4.77,4.98,4.77,4.93,6298801,1.3174,2357209346.1,3067446000,59.3758,
002474.SZ,榕基软件,2021-02-19,4.93,5.12,4.9,5.11,5615302,1.1744,2443273784.7,3179442000,61.5436,
002474.SZ,榕基软件,2021-02-22,5.12,5.34,5.11,5.21,8134296,1.7013,2491087361.7,3241662000,62.748,
002474.SZ,榕基软件,2021-02-23,5.18,5.28,5.15,5.15,4781449,1,2462399215.5,3204330000,62.0254,
002474.SZ,榕基软件,2021-02-24,5.13,5.32,5.11,5.23,6113952,1.2787,2500650077.1,3254106000,62.9889,
002474.SZ,榕基软件,2021-02-25,5.25,5.29,5.13,5.15,5061300,1.0585,2462399215.5,3204330000,62.0254,
002474.SZ,榕基软件,2021-02-26,5.11,5.28,5.07,5.2,5172886,1.0819,2486306004,3235440000,71.5852,
002474.SZ,榕基软件,2021-03-01,5.27,5.38,5.24,5.37,5282243,1.1048,2567589084.9,3341214000,73.9255,
002474.SZ,榕基软件,2021-03-02,5.37,5.39,5.28,5.31,3843728,0.8039,2538900938.7,3303882000,73.0995,
002474.SZ,榕基软件,2021-03-03,5.37,5.41,5.29,5.35,3754900,0.7853,2558026369.5,3328770000,73.6502,
002474.SZ,榕基软件,2021-03-04,5.32,5.4,5.31,5.33,4053677,0.8478,2548463654.1,3316326000,73.3748,
002474.SZ,榕基软件,2021-03-05,5.34,5.4,5.29,5.39,5623201,1.1761,2577151800.3,3353658000,74.2008,
002474.SZ,榕基软件,2021-03-08,5.45,5.51,5.3,5.31,5070341,1.0604,2538900938.7,3303882000,73.0995,
002474.SZ,榕基软件,2021-03-09,5.32,5.36,5.1,5.16,5824401,1.2181,2467180573.2,3210552000,71.0346,
002474.SZ,榕基软件,2021-03-10,5.17,5.26,5.05,5.05,4091300,0.8557,2414585638.5,3142110000,69.5203,
002474.SZ,榕基软件,2021-03-11,5.1,5.15,5.01,5.15,4150368,0.868,2462399215.5,3204330000,70.8969,
002474.SZ,榕基软件,2021-03-12,5.13,5.15,5.05,5.08,3892131,0.814,2428929711.6,3160776000,69.9333,
