代码,简称,日期,开盘价(元),最高价(元),最低价(元),收盘价(元),成交量(股),换手率(%),A股流通市值(元),总市值(元),市盈率,
300126.SZ,锐奇股份,2010-10-13,8.7823,11.1845,8.7823,9.4926,11461606,68.0618,618870000,3094350000,72.7557,
300126.SZ,锐奇股份,2010-10-14,9.5572,10.3321,9.5572,10.1797,7287443,43.2746,663664400,3318322000,78.0218,
300126.SZ,锐奇股份,2010-10-15,9.8155,9.9575,9.162,9.162,5246195,31.1532,597314800,2986574000,70.2216,
300126.SZ,锐奇股份,2010-10-18,8.7848,8.9992,8.2966,8.7823,2902851,17.2378,572560000,2862800000,67.3114,
300126.SZ,锐奇股份,2010-10-19,8.5885,9.4487,8.5885,9.0121,2959560,17.5746,587547600,2937738000,69.0734,
300126.SZ,锐奇股份,2010-10-20,8.8081,9.2679,8.7771,9.0018,2328828,13.8291,586874000,2934370000,68.9942,
300126.SZ,锐奇股份,2010-10-21,8.8856,8.9579,8.6014,8.8029,1903396,11.3028,573907200,2869536000,67.4698,
300126.SZ,锐奇股份,2010-10-22,8.8081,9.087,8.7848,8.8623,1322623,7.8541,577780400,2888902000,67.9251,
300126.SZ,锐奇股份,2010-10-25,8.8752,9.304,8.8752,9.2188,1952122,11.5922,601019600,3005098000,70.6572,
300126.SZ,锐奇股份,2010-10-26,9.2214,9.2214,8.883,8.9372,1396794,8.2945,582664000,2913320000,68.4992,
300126.SZ,锐奇股份,2010-10-27,8.9372,9.1697,8.8132,8.8623,1080464,6.4161,577780400,2888902000,67.9251,
300126.SZ,锐奇股份,2010-10-28,8.8236,9.038,8.8236,8.9992,922834,5.48,586705600,2933528000,68.9744,
300126.SZ,锐奇股份,2010-10-29,8.9837,9.428,8.8597,9.2627,2221370,13.191,603882400,3019412000,65.4144,
300126.SZ,锐奇股份,2010-11-01,9.2885,9.7638,9.2885,9.6553,2578156,15.3097,629479200,3147396000,68.1871,
300126.SZ,锐奇股份,2010-11-02,9.7328,9.942,9.5856,9.911,3065379,18.203,646150800,3230754000,69.993,
300126.SZ,锐奇股份,2010-11-03,9.8103,10.0324,9.4409,9.5339,2129702,12.6467,621564400,3107822000,67.3298,
300126.SZ,锐奇股份,2010-11-04,9.4306,9.6191,9.2059,9.428,1302002,7.7316,614660000,3073300000,66.5818,
300126.SZ,锐奇股份,2010-11-05,9.4797,9.7612,9.4797,9.7225,1363916,8.0993,633857600,3169288000,68.6614,
300126.SZ,锐奇股份,2010-11-08,9.7819,10.0608,9.5649,9.9136,1722408,10.2281,646319200,3231596000,70.0113,
300126.SZ,锐奇股份,2010-11-09,9.8904,9.8904,9.5907,9.6631,1196782,7.1068,629984400,3149922000,68.2418,
300126.SZ,锐奇股份,2010-11-10,9.6476,10.1203,9.5985,9.9989,1674471,9.9434,651876400,3259382000,70.6132,
300126.SZ,锐奇股份,2010-11-11,10.0298,10.3036,9.8594,9.9162,1818260,10.7973,646487600,3232438000,70.0295,
300126.SZ,锐奇股份,2010-11-12,9.7922,10.0066,9.0121,9.0612,1576461,9.3614,590747200,2953736000,63.9915,
300126.SZ,锐奇股份,2010-11-15,9.0974,9.3763,9.069,9.3634,901404,5.3528,610450000,3052250000,66.1258,
300126.SZ,锐奇股份,2010-11-16,9.4228,9.4487,8.8856,9.0199,1274068,7.5657,588052800,2940264000,63.6997,
300126.SZ,锐奇股份,2010-11-17,8.7823,9.1878,8.7823,8.8856,749673,4.4517,579296000,2896480000,62.7511,
300126.SZ,锐奇股份,2010-11-18,9.0276,9.131,8.9114,9.0147,506141,3.0056,587716000,2938580000,63.6632,
300126.SZ,锐奇股份,2010-11-19,9.0896,9.3505,9.0173,9.3505,919283,5.4589,609608000,3048040000,66.0346,
300126.SZ,锐奇股份,2010-11-22,9.2756,9.6321,9.1749,9.428,1406197,8.3503,614660000,3073300000,66.5818,
300126.SZ,锐奇股份,2010-11-23,9.4487,9.5494,9.2989,9.5184,694837,4.1261,620554000,3102770000,67.2203,
300126.SZ,锐奇股份,2010-11-24,9.4797,9.7819,9.428,9.7431,960636,5.7045,635204800,3176024000,68.8073,
300126.SZ,锐奇股份,2010-11-25,9.7509,9.8671,9.583,9.6992,816000,4.8456,632342000,3161710000,68.4972,
300126.SZ,锐奇股份,2010-11-26,9.6863,9.738,9.5985,9.6579,656479,3.8983,629647600,3148238000,68.2054,
300126.SZ,锐奇股份,2010-11-29,9.7147,9.973,9.6579,9.88,1079248,6.4088,644130000,3220650000,69.7741,
300126.SZ,锐奇股份,2010-11-30,9.88,9.9188,9.3066,9.6708,946271,5.6192,630489600,3152448000,68.2966,
300126.SZ,锐奇股份,2010-12-01,9.5856,9.787,9.5055,9.552,500779,2.9737,622743200,3113716000,67.4574,
300126.SZ,锐奇股份,2010-12-02,9.6656,10.0738,9.6605,10.0479,1667534,9.9022,655076000,3275380000,70.9598,
300126.SZ,锐奇股份,2010-12-03,10.0608,10.0608,9.6036,9.7121,882590,5.241,633184000,3165920000,68.5884,
300126.SZ,锐奇股份,2010-12-06,9.7121,9.7121,9.273,9.2756,833179,4.9476,604724400,3023622000,65.5056,
300126.SZ,锐奇股份,2010-12-07,9.2808,9.4254,9.1955,9.3686,454701,2.7001,610786800,3053934000,66.1623,
300126.SZ,锐奇股份,2010-12-08,9.3531,9.4435,9.2601,9.2601,335688,1.9934,603714000,3018570000,65.3961,
300126.SZ,锐奇股份,2010-12-09,9.2162,9.2963,9.1051,9.1155,403411,2.3956,594283600,2971418000,64.3746,
300126.SZ,锐奇股份,2010-12-10,9.1129,9.3712,9.1051,9.3014,343869,2.042,606408400,3032042000,65.688,
300126.SZ,锐奇股份,2010-12-13,9.3944,9.7018,9.3531,9.6708,651034,3.866,630489600,3152448000,68.2966,
300126.SZ,锐奇股份,2010-12-14,9.6734,9.8645,9.6734,9.7948,680720,4.0423,638572800,3192864000,69.1722,
300126.SZ,锐奇股份,2010-12-15,9.8025,9.862,9.6631,9.6708,500171,2.9701,630489600,3152448000,68.2966,
300126.SZ,锐奇股份,2010-12-16,9.6708,9.9834,9.6708,9.7948,545011,3.2364,638572800,3192864000,69.1722,
300126.SZ,锐奇股份,2010-12-17,9.818,10.1771,9.7121,10.0867,1213982,7.2089,657602000,3288010000,71.2335,
300126.SZ,锐奇股份,2010-12-20,10.0944,10.3424,9.8826,10.2287,1304155,7.7444,666864000,3334320000,72.2367,
300126.SZ,锐奇股份,2010-12-21,10.2287,10.2287,10.0221,10.0428,999790,5.937,654739200,3273696000,70.9233,
300126.SZ,锐奇股份,2010-12-22,10.0428,10.0712,9.7664,9.787,860486,5.1098,638067600,3190338000,69.1174,
300126.SZ,锐奇股份,2010-12-23,9.8025,9.8671,9.6656,9.7199,573452,3.4053,633689200,3168446000,68.6432,
300126.SZ,锐奇股份,2010-12-24,9.6269,9.7199,9.4177,9.4952,390972,2.3217,619038400,3095192000,67.0561,
300126.SZ,锐奇股份,2010-12-27,9.5055,9.9549,9.4177,9.5597,1128041,6.6986,623248400,3116242000,67.5122,
300126.SZ,锐奇股份,2010-12-28,9.4203,9.6837,9.3505,9.6605,694147,4.122,629816000,3149080000,68.2236,
300126.SZ,锐奇股份,2010-12-29,9.6217,9.9704,9.5778,9.9394,894398,5.3112,648003200,3240016000,70.1937,
300126.SZ,锐奇股份,2010-12-30,9.9394,10.0298,9.7328,9.8774,685667,4.0717,643961600,3219808000,69.7559,
300126.SZ,锐奇股份,2010-12-31,9.9188,9.9937,9.7845,9.9911,915282,5.4352,651371200,3256856000,70.5585,
300126.SZ,锐奇股份,2011-01-04,10.0428,10.1254,9.8981,10.0479,1073062,6.3721,655076000,3275380000,70.9598,
300126.SZ,锐奇股份,2011-01-05,10.0531,10.0531,9.5597,9.5907,1429292,8.4875,625269200,3126346000,67.7311,
300126.SZ,锐奇股份,2011-01-06,9.5597,9.6837,9.4822,9.5933,824403,4.8955,625437600,3127188000,67.7493,
300126.SZ,锐奇股份,2011-01-07,9.6527,9.6605,9.3841,9.4048,733003,4.3527,613144400,3065722000,66.4177,
300126.SZ,锐奇股份,2011-01-10,9.397,9.4771,9.3505,9.4177,392864,2.3329,613986400,3069932000,66.5089,
300126.SZ,锐奇股份,2011-01-11,9.4254,9.5236,9.118,9.2162,409820,2.4336,600851200,3004256000,65.086,
300126.SZ,锐奇股份,2011-01-12,9.1826,9.2575,8.9889,9.0302,506454,3.0074,588726400,2943632000,63.7726,
300126.SZ,锐奇股份,2011-01-13,8.9114,8.9605,8.7022,8.8339,2401191,11.4071,719910000,2879640000,62.3863,
300126.SZ,锐奇股份,2011-01-14,8.8029,8.821,8.6531,8.7073,741996,3.5249,709595500,2838382000,61.4924,
300126.SZ,锐奇股份,2011-01-17,8.6557,8.7254,8.2734,8.2734,744442,3.5365,674231500,2696926000,58.4279,
300126.SZ,锐奇股份,2011-01-18,8.2837,8.3586,8.1623,8.2811,453933,2.1565,674863000,2699452000,58.4826,
300126.SZ,锐奇股份,2011-01-19,8.2915,8.3819,8.214,8.3431,708206,3.3644,679915000,2719660000,58.9204,
300126.SZ,锐奇股份,2011-01-20,8.2863,8.2915,7.7232,7.824,1238026,5.8814,637604500,2550418000,55.2538,
300126.SZ,锐奇股份,2011-01-21,7.749,7.842,7.6716,7.7645,489770,2.3267,632763000,2531052000,54.8343,
300126.SZ,锐奇股份,2011-01-24,7.7749,7.7981,7.5889,7.7645,413385,1.9638,632763000,2531052000,54.8343,
300126.SZ,锐奇股份,2011-01-25,7.7723,7.7749,7.4933,7.7465,429869,2.0421,631289500,2525158000,54.7066,
300126.SZ,锐奇股份,2011-01-26,7.7077,7.8989,7.6974,7.8214,584099,2.7748,637394000,2549576000,55.2356,
300126.SZ,锐奇股份,2011-01-27,7.749,7.8704,7.6974,7.8627,561654,2.6682,640762000,2563048000,55.5274,
300126.SZ,锐奇股份,2011-01-28,7.8214,7.8782,7.78,7.8524,455539,2.1641,639920000,2559680000,55.4545,
300126.SZ,锐奇股份,2011-01-31,7.8265,7.842,7.7129,7.8136,792475,3.7647,636762500,2547050000,55.1808,
300126.SZ,锐奇股份,2011-02-01,7.8265,7.8265,7.6483,7.7103,982046,4.6653,628342500,2513370000,54.4512,
300126.SZ,锐奇股份,2011-02-09,7.7077,7.7955,7.6664,7.6819,294650,1.3998,626027000,2504108000,54.2505,
300126.SZ,锐奇股份,2011-02-10,7.6767,7.9169,7.6354,7.9144,1318235,6.2624,644972000,2579888000,55.8923,
300126.SZ,锐奇股份,2011-02-11,7.9169,7.9789,7.873,7.966,1068093,5.0741,649182000,2596728000,56.2571,
300126.SZ,锐奇股份,2011-02-14,7.9815,8.0745,7.9505,8.0642,1192207,5.6637,657181000,2628724000,56.9503,
300126.SZ,锐奇股份,2011-02-15,8.059,8.0771,7.9583,8.028,1260258,5.987,654234000,2616936000,56.6949,
300126.SZ,锐奇股份,2011-02-16,8.0073,8.1184,7.9634,8.1055,1089042,5.1736,660549000,2642196000,57.2421,
300126.SZ,锐奇股份,2011-02-17,8.121,8.2243,8.0719,8.1882,1450334,6.8899,667285000,2669140000,57.8259,
300126.SZ,锐奇股份,2011-02-18,8.1882,8.2114,8.0332,8.0952,734527,3.4894,659707000,2638828000,57.1692,
300126.SZ,锐奇股份,2011-02-21,8.0358,8.2011,8.0358,8.1985,756664,3.5946,668127000,2672508000,57.8988,
300126.SZ,锐奇股份,2011-02-22,8.1959,8.3638,7.9738,7.9763,1109697,5.2717,650024000,2600096000,56.3301,
300126.SZ,锐奇股份,2011-02-23,7.9557,8.0797,7.9557,8.0538,434835,2.0657,656339000,2625356000,56.8773,
300126.SZ,锐奇股份,2011-02-24,8.0461,8.0745,7.9763,8.028,509436,2.4201,654234000,2616936000,56.6949,
300126.SZ,锐奇股份,2011-02-25,8.0797,8.1882,8.0125,8.1339,627727,2.9821,662864500,2651458000,48.1452,
300126.SZ,锐奇股份,2011-02-28,8.1778,8.4206,8.1572,8.369,1233117,5.858,682020000,2728080000,49.5365,
300126.SZ,锐奇股份,2011-03-01,8.3716,8.3896,8.2889,8.3276,648074,3.0787,678652000,2714608000,49.2918,
300126.SZ,锐奇股份,2011-03-02,8.3044,8.3612,8.1391,8.2398,532374,2.5291,671495000,2685980000,48.772,
300126.SZ,锐奇股份,2011-03-03,8.2192,8.276,8.0461,8.0538,515450,2.4487,656339000,2625356000,47.6712,
300126.SZ,锐奇股份,2011-03-04,8.0513,8.1494,8.0151,8.1365,310398,1.4746,663075000,2652300000,48.1604,
300126.SZ,锐奇股份,2011-03-07,8.0926,8.214,8.0926,8.1856,448340,2.1299,667074500,2668298000,48.4509,
300126.SZ,锐奇股份,2011-03-08,8.2011,8.2424,8.1623,8.2088,370884,1.7619,668969000,2675876000,48.5885,
300126.SZ,锐奇股份,2011-03-09,8.214,8.2295,8.1313,8.1778,476760,2.2649,666443000,2665772000,48.4051,
300126.SZ,锐奇股份,2011-03-10,8.1778,8.1856,8.0642,8.0823,945890,4.4935,658654500,2634618000,47.8394,
300126.SZ,锐奇股份,2011-03-11,8.0254,8.183,8.0254,8.0926,527283,2.5049,659496500,2637986000,47.9005,
300126.SZ,锐奇股份,2011-03-14,8.1055,8.3147,8.059,8.307,847221,4.0248,676968000,2707872000,49.1695,
300126.SZ,锐奇股份,2011-03-15,8.2398,8.3922,8.2217,8.3457,1324020,6.2899,680125500,2720502000,49.3989,
300126.SZ,锐奇股份,2011-03-16,8.3638,8.3922,8.2811,8.3199,802148,3.8107,678020500,2712082000,49.246,
300126.SZ,锐奇股份,2011-03-17,8.2734,8.3328,8.1778,8.1959,814067,3.8673,667916500,2671666000,48.5121,
300126.SZ,锐奇股份,2011-03-18,8.214,8.3225,8.214,8.3173,433630,2.06,677810000,2711240000,49.2307,
300126.SZ,锐奇股份,2011-03-21,8.3638,8.3638,8.2605,8.3173,647976,3.0783,677810000,2711240000,49.2307,
300126.SZ,锐奇股份,2011-03-22,8.338,8.3431,8.1907,8.2553,302691,1.438,672758000,2691032000,48.8637,
300126.SZ,锐奇股份,2011-03-23,8.2605,8.4103,8.2605,8.387,907726,4.3122,683493500,2733974000,49.6435,
300126.SZ,锐奇股份,2011-03-24,8.4155,8.8313,8.369,8.7203,2143033,10.1807,710648000,2842592000,51.6158,
300126.SZ,锐奇股份,2011-03-25,8.8804,8.883,8.6066,8.6763,2314340,10.9945,707069500,2828278000,52.2403,
300126.SZ,锐奇股份,2011-03-28,8.6531,8.7254,8.449,8.5033,1356445,6.4439,692966000,2771864000,51.1983,
300126.SZ,锐奇股份,2011-03-29,8.4723,8.5911,8.2398,8.2476,786571,3.7367,672126500,2688506000,49.6586,
300126.SZ,锐奇股份,2011-03-30,8.2114,8.3121,8.059,8.0874,577372,2.7429,659075500,2636302000,48.6944,
300126.SZ,锐奇股份,2011-03-31,8.09,8.2114,7.9195,7.9738,690390,3.2798,649813500,2599254000,48.0101,
300126.SZ,锐奇股份,2011-04-01,8.0073,8.1262,8.0073,8.1081,556132,2.642,660759500,2643038000,48.8188,
300126.SZ,锐奇股份,2011-04-06,8.059,8.2941,8.028,8.1442,1278566,6.0739,663706500,2654826000,49.0365,
300126.SZ,锐奇股份,2011-04-07,8.1365,8.2269,8.0848,8.2037,308478,1.4655,668548000,2674192000,49.3943,
300126.SZ,锐奇股份,2011-04-08,8.2011,8.3302,8.1675,8.3225,444658,2.1124,678231000,2712924000,50.1097,
300126.SZ,锐奇股份,2011-04-11,8.3328,8.3741,8.1882,8.1882,558110,2.6514,667285000,2669140000,49.3009,
300126.SZ,锐奇股份,2011-04-12,8.1572,8.3044,8.1262,8.1597,318202,1.5116,664969500,2659878000,49.1299,
300126.SZ,锐奇股份,2011-04-13,8.2476,8.2915,8.0874,8.2605,290899,1.3819,673179000,2692716000,49.7364,
300126.SZ,锐奇股份,2011-04-14,8.2682,8.2682,8.1882,8.1959,323271,1.5357,667916500,2671666000,49.3476,
300126.SZ,锐奇股份,2011-04-15,8.1959,8.1959,8.1959,8.1959,--,--,667916500,2671666000,49.3476,
300126.SZ,锐奇股份,2011-04-18,8.1882,8.2527,8.1365,8.1572,309022,1.468,664759000,2659036000,49.1143,
300126.SZ,锐奇股份,2011-04-19,8.1572,8.2088,8.0099,8.0513,283088,1.3448,656128500,2624514000,48.4767,
300126.SZ,锐奇股份,2011-04-20,8.0513,8.1262,8.0513,8.1132,259715,1.2338,661180500,2644722000,48.8499,
300126.SZ,锐奇股份,2011-04-21,8.0668,8.3483,8.0668,8.3173,699334,3.3223,677810000,2711240000,47.5706,
300126.SZ,锐奇股份,2011-04-22,8.3173,8.3896,8.2398,8.2579,477111,2.2666,672968500,2691874000,47.2308,
300126.SZ,锐奇股份,2011-04-25,8.3586,8.3586,7.9893,7.9893,414615,1.9697,651076500,2604306000,45.6944,
300126.SZ,锐奇股份,2011-04-26,7.9815,8.0332,7.6225,7.6922,413769,1.9656,626869000,2507476000,43.9954,
300126.SZ,锐奇股份,2011-04-27,7.6819,7.7413,7.4933,7.5708,504492,2.3966,616975500,2467902000,43.3011,
300126.SZ,锐奇股份,2011-04-28,7.5708,7.6199,7.1033,7.1395,712555,3.3851,581822000,2327288000,40.8339,
300126.SZ,锐奇股份,2011-04-29,7.1348,7.7698,6.9573,7.6578,1434888,3.787,621396000,2485584000,43.6113,
300126.SZ,锐奇股份,2011-05-03,7.4803,7.7932,7.4803,7.7138,702346,1.8536,625942800,2503771200,43.9304,
300126.SZ,锐奇股份,2011-05-04,7.6811,7.6811,7.1441,7.3589,774487,2.044,597146400,2388585600,41.9094,
300126.SZ,锐奇股份,2011-05-05,7.3169,7.3916,7.0741,7.1955,533351,1.4076,583884900,2335539600,40.9787,
300126.SZ,锐奇股份,2011-05-06,7.1535,7.2795,7.0974,7.1861,320822,0.8467,583127100,2332508400,40.9255,
300126.SZ,锐奇股份,2011-05-09,7.2002,7.3402,7.1721,7.1955,366687,0.9678,583884900,2335539600,40.9787,
300126.SZ,锐奇股份,2011-05-10,7.1955,7.2142,7.0881,7.1348,541961,1.4304,578959200,2315836800,40.633,
300126.SZ,锐奇股份,2011-05-11,7.1768,7.2142,7.0834,7.1395,516333,1.3627,579338100,2317352400,40.6596,
300126.SZ,锐奇股份,2011-05-12,7.1768,7.2142,6.9573,6.9573,501942,1.3247,564561000,2258244000,39.6225,
300126.SZ,锐奇股份,2011-05-13,6.962,7.0414,6.6352,6.8966,1109075,2.9271,559635300,2238541200,39.2768,
300126.SZ,锐奇股份,2011-05-16,6.7799,6.9994,6.7706,6.9153,783153,2.0669,561150900,2244603600,39.3831,
300126.SZ,锐奇股份,2011-05-17,6.9153,6.9153,6.7332,6.8173,523920,1.3827,553194000,2212776000,38.8247,
300126.SZ,锐奇股份,2011-05-18,6.7939,6.8406,6.7472,6.7659,266301,0.7028,549026100,2196104400,38.5322,
300126.SZ,锐奇股份,2011-05-19,6.8079,6.8546,6.6398,6.6959,580095,1.531,543342600,2173370400,38.1333,
300126.SZ,锐奇股份,2011-05-20,6.7332,6.7472,6.5931,6.6305,422342,1.1147,538038000,2152152000,37.761,
300126.SZ,锐奇股份,2011-05-23,6.6445,6.6445,6.2943,6.2943,668963,1.7655,510757200,2043028800,35.8464,
300126.SZ,锐奇股份,2011-05-24,6.2429,6.5371,6.1075,6.439,1084606,2.8625,522503100,2090012400,36.6707,
300126.SZ,锐奇股份,2011-05-25,6.425,6.425,6.1169,6.1589,760349,2.0067,499769100,1999076400,35.0752,
300126.SZ,锐奇股份,2011-05-26,6.2056,6.2476,6.0748,6.0795,410075,1.0823,493327800,1973311200,34.6231,
300126.SZ,锐奇股份,2011-05-27,6.1122,6.1262,5.9441,5.9441,435132,1.1484,482339700,1929358800,33.852,
300126.SZ,锐奇股份,2011-05-30,5.9441,6.1075,5.8927,6.0468,831212,2.1938,490675500,1962702000,34.437,
300126.SZ,锐奇股份,2011-05-31,6.1075,6.3457,6.0562,6.341,1233222,3.2547,514546200,2058184800,36.1123,
300126.SZ,锐奇股份,2011-06-01,6.3083,6.5838,6.2616,6.4531,1155038,3.0484,523639800,2094559200,36.7505,
300126.SZ,锐奇股份,2011-06-02,6.3737,6.4671,6.2616,6.425,509398,1.3444,521366400,2085465600,36.591,
300126.SZ,锐奇股份,2011-06-03,6.4437,6.7145,6.4437,6.6865,957445,2.5269,542584800,2170339200,38.0801,
300126.SZ,锐奇股份,2011-06-07,6.6212,6.8079,6.5885,6.7379,777589,2.0522,546752700,2187010800,38.3726,
300126.SZ,锐奇股份,2011-06-08,6.7519,6.7519,6.5651,6.6305,533795,1.4088,538038000,2152152000,37.761,
300126.SZ,锐奇股份,2011-06-09,6.5791,6.6212,6.4017,6.5138,561272,1.4813,528565500,2114262000,37.0962,
300126.SZ,锐奇股份,2011-06-10,6.4764,6.5138,6.355,6.4904,324274,0.8558,526671000,2106684000,36.9633,
300126.SZ,锐奇股份,2011-06-13,6.341,6.5605,6.2383,6.5324,479421,1.2653,530081100,2120324400,37.2026,
300126.SZ,锐奇股份,2011-06-14,6.4531,6.5651,6.4437,6.5231,361887,0.9551,529323300,2117293200,37.1494,
300126.SZ,锐奇股份,2011-06-15,6.4811,6.5184,6.3783,6.4017,473876,1.2507,519471900,2077887600,36.458,
300126.SZ,锐奇股份,2011-06-16,6.341,6.3503,6.0235,6.0702,701870,1.8524,492570000,1970280000,34.57,
300126.SZ,锐奇股份,2011-06-17,6.1355,6.2569,5.9254,6.0375,446593,1.1787,489917700,1959670800,34.3838,
300126.SZ,锐奇股份,2011-06-20,5.9908,6.0608,5.9488,6.0328,206971,0.5462,489538800,1958155200,34.3572,
300126.SZ,锐奇股份,2011-06-21,6.1636,6.6025,6.1636,6.4017,1275215,3.3656,519471900,2077887600,36.458,
300126.SZ,锐奇股份,2011-06-22,6.3503,6.3924,6.1869,6.2336,706914,1.8657,505831500,2023326000,35.5007,
300126.SZ,锐奇股份,2011-06-23,6.2523,6.4764,6.1636,6.4437,1108204,2.9248,522882000,2091528000,36.6973,
300126.SZ,锐奇股份,2011-06-24,6.397,6.6352,6.3597,6.5791,1099731,2.9024,533870100,2135480400,37.4685,
300126.SZ,锐奇股份,2011-06-27,6.5791,6.7752,6.5371,6.7332,996290,2.6294,546373800,2185495200,38.3461,
300126.SZ,锐奇股份,2011-06-28,6.7612,6.7612,6.5418,6.6258,567517,1.4978,537659100,2150636400,37.7344,
300126.SZ,锐奇股份,2011-06-29,6.5464,6.6538,6.5371,6.5371,716447,1.8909,530460000,2121840000,37.2292,
300126.SZ,锐奇股份,2011-06-30,6.5044,6.6305,6.5044,6.5138,514040,1.3567,528565500,2114262000,37.0962,
300126.SZ,锐奇股份,2011-07-01,6.5651,6.6912,6.4997,6.6118,692115,1.8266,536522400,2146089600,37.6547,
300126.SZ,锐奇股份,2011-07-04,6.6772,6.7099,6.5838,6.7052,861184,2.2729,544100400,2176401600,38.1865,
300126.SZ,锐奇股份,2011-07-05,6.6865,6.8173,6.6305,6.7752,1043571,2.7542,549783900,2199135600,38.5854,
300126.SZ,锐奇股份,2011-07-06,6.7752,6.9947,6.7472,6.9714,1367893,3.6102,565697700,2262790800,39.7023,
300126.SZ,锐奇股份,2011-07-07,6.9714,7.0414,6.878,6.9107,1253746,3.3089,560772000,2243088000,39.3566,
300126.SZ,锐奇股份,2011-07-08,6.8126,6.9714,6.7472,6.7892,857763,2.2638,550920600,2203682400,38.6652,
300126.SZ,锐奇股份,2011-07-11,6.7752,6.8359,6.7052,6.8126,466729,1.2318,552815100,2211260400,38.7981,
300126.SZ,锐奇股份,2011-07-12,6.7472,6.92,6.7332,6.7892,694517,1.833,550920600,2203682400,38.6652,
300126.SZ,锐奇股份,2011-07-13,6.7752,6.9293,6.7519,6.9293,635238,1.6765,562287600,2249150400,39.4629,
300126.SZ,锐奇股份,2011-07-14,6.9293,7.0881,6.8826,7.0881,958645,2.5301,575170200,2300680800,40.3671,
300126.SZ,锐奇股份,2011-07-15,7.1441,7.2749,7.018,7.0787,1521000,4.0143,574412400,2297649600,40.3139,
300126.SZ,锐奇股份,2011-07-18,7.0601,7.1021,6.934,6.9573,751712,1.9839,564561000,2258244000,39.6225,
300126.SZ,锐奇股份,2011-07-19,6.9247,6.9247,6.7846,6.878,703733,1.8573,558119700,2232478800,39.1704,
300126.SZ,锐奇股份,2011-07-20,6.9153,7.0834,6.8733,7.0741,1087761,2.8708,574033500,2296134000,40.2873,
300126.SZ,锐奇股份,2011-07-21,7.0881,7.1114,6.8313,6.8733,629256,1.6607,557740800,2230963200,39.1438,
300126.SZ,锐奇股份,2011-07-22,6.8593,6.9667,6.8546,6.9667,417338,1.1014,565318800,2261275200,39.6757,
300126.SZ,锐奇股份,2011-07-25,6.9107,6.962,6.4437,6.4624,1144246,3.0199,524397600,2097590400,36.8037,
300126.SZ,锐奇股份,2011-07-26,6.4437,6.4904,6.313,6.4437,458402,1.2098,522882000,2091528000,36.6973,
300126.SZ,锐奇股份,2011-07-27,6.4064,6.5511,6.3597,6.5324,449537,1.1864,530081100,2120324400,37.2026,
300126.SZ,锐奇股份,2011-07-28,6.4437,6.5138,6.397,6.4811,407087,1.0744,525913200,2103652800,36.9101,
300126.SZ,锐奇股份,2011-07-29,6.5044,6.5044,6.271,6.3503,362561,0.9569,515304000,2061216000,36.1655,
300126.SZ,锐奇股份,2011-08-01,6.3737,6.4764,6.3083,6.4344,284821,0.7517,522124200,2088496800,36.6441,
300126.SZ,锐奇股份,2011-08-02,6.4437,6.7239,6.4204,6.6912,1017648,2.6858,542963700,2171854800,38.1067,
300126.SZ,锐奇股份,2011-08-03,6.6025,7.1254,6.5745,6.9293,1801078,4.7534,562287600,2249150400,39.4629,
300126.SZ,锐奇股份,2011-08-04,6.8873,6.9433,6.7706,6.8079,753856,1.9896,552436200,2209744800,38.7715,
300126.SZ,锐奇股份,2011-08-05,6.6305,6.7099,6.5651,6.5931,625039,1.6496,535006800,2140027200,37.5483,
300126.SZ,锐奇股份,2011-08-08,6.4671,6.5791,6.0375,6.1636,849420,2.2418,500148000,2000592000,35.1018,
300126.SZ,锐奇股份,2011-08-09,5.9768,6.271,5.8414,6.1869,718358,1.8959,502042500,2008170000,35.2348,
300126.SZ,锐奇股份,2011-08-10,6.2569,6.4064,6.2336,6.2383,437522,1.1547,506210400,2024841600,35.5273,
300126.SZ,锐奇股份,2011-08-11,6.1495,6.355,6.0608,6.3176,606349,1.6003,512651700,2050606800,35.9793,
300126.SZ,锐奇股份,2011-08-12,6.397,6.6305,6.327,6.3783,1428166,3.7692,517577400,2070309600,34.0022,
300126.SZ,锐奇股份,2011-08-15,6.425,6.5931,6.3783,6.5931,1017138,2.6844,535006800,2140027200,35.1472,
300126.SZ,锐奇股份,2011-08-16,6.5605,6.6725,6.5371,6.5931,816644,2.1553,535006800,2140027200,35.1472,
300126.SZ,锐奇股份,2011-08-17,6.6445,6.8313,6.5464,6.6959,1766048,4.661,543342600,2173370400,35.6948,
300126.SZ,锐奇股份,2011-08-18,6.7239,6.7239,6.4951,6.5044,636429,1.6797,527807700,2111230800,34.6743,
300126.SZ,锐奇股份,2011-08-19,6.3083,6.4764,6.3083,6.4531,748545,1.9756,523639800,2094559200,34.4004,
300126.SZ,锐奇股份,2011-08-22,6.5091,6.6305,6.411,6.5324,768663,2.0287,530081100,2120324400,34.8236,
300126.SZ,锐奇股份,2011-08-23,6.5745,6.8173,6.4904,6.8173,1632059,4.3074,553194000,2212776000,36.342,
300126.SZ,锐奇股份,2011-08-24,6.8126,6.948,6.7052,6.7379,2112763,5.576,546752700,2187010800,35.9188,
300126.SZ,锐奇股份,2011-08-25,6.6959,6.9293,6.6959,6.8126,1995781,5.2673,552815100,2211260400,36.3171,
300126.SZ,锐奇股份,2011-08-26,6.7519,7.2375,6.7472,7.1768,3820093,10.0821,582369300,2329477200,38.2587,
300126.SZ,锐奇股份,2011-08-29,7.1208,7.2702,7.0507,7.1908,2598440,6.8579,583506000,2334024000,38.3333,
300126.SZ,锐奇股份,2011-08-30,7.2375,7.4663,7.004,7.0321,3383055,8.9286,570623400,2282493600,37.487,
300126.SZ,锐奇股份,2011-08-31,6.962,7.0741,6.7285,6.906,1661468,4.385,560393100,2241572400,36.8149,
300126.SZ,锐奇股份,2011-09-01,6.9107,6.9433,6.7379,6.7752,980141,2.5868,549783900,2199135600,36.118,
300126.SZ,锐奇股份,2011-09-02,6.7799,6.7986,6.5558,6.6305,799566,2.1102,538038000,2152152000,35.3463,
300126.SZ,锐奇股份,2011-09-05,6.5838,6.6071,6.397,6.4157,576301,1.521,520608600,2082434400,34.2013,
300126.SZ,锐奇股份,2011-09-06,6.4157,6.4764,6.3457,6.4437,304680,0.8041,522882000,2091528000,34.3507,
300126.SZ,锐奇股份,2011-09-07,6.4624,6.6632,6.4531,6.6492,677869,1.789,539553600,2158214400,35.4459,
300126.SZ,锐奇股份,2011-09-08,6.6678,6.6678,6.4997,6.5371,909292,2.3998,530460000,2121840000,34.8485,
300126.SZ,锐奇股份,2011-09-09,6.5371,6.5791,6.4997,6.5511,479215,1.2648,531596700,2126386800,34.9232,
300126.SZ,锐奇股份,2011-09-13,6.4577,6.5418,6.3503,6.5371,409620,1.0811,530460000,2121840000,34.8485,
300126.SZ,锐奇股份,2011-09-14,6.5558,6.6772,6.4904,6.6772,474049,1.2511,541827000,2167308000,35.5952,
300126.SZ,锐奇股份,2011-09-15,6.6772,6.7239,6.6165,6.6165,357098,0.9425,536901300,2147605200,35.2717,
300126.SZ,锐奇股份,2011-09-16,6.6632,6.7472,6.5138,6.5371,509100,1.3436,530460000,2121840000,34.8485,
300126.SZ,锐奇股份,2011-09-19,6.5091,6.5091,6.2476,6.2523,389110,1.0269,507347100,2029388400,33.3301,
300126.SZ,锐奇股份,2011-09-20,6.3036,6.3643,6.1682,6.2569,526111,1.3885,507726000,2030904000,33.355,
300126.SZ,锐奇股份,2011-09-21,6.2569,6.4577,6.2056,6.411,653913,1.7258,520229700,2080918800,34.1764,
300126.SZ,锐奇股份,2011-09-22,6.3924,6.3924,6.1729,6.1776,423258,1.1171,501284700,2005138800,32.9318,
300126.SZ,锐奇股份,2011-09-23,6.0748,6.1869,5.9768,6.1122,585250,1.5446,495980100,1983920400,32.5833,
300126.SZ,锐奇股份,2011-09-26,6.0702,6.1402,5.9908,6.1029,357018,0.9422,495222300,1980889200,32.5336,
300126.SZ,锐奇股份,2011-09-27,6.1449,6.1916,6.0375,6.1075,259899,0.6859,495601200,1982404800,32.5584,
300126.SZ,锐奇股份,2011-09-28,6.1682,6.1916,5.9768,5.9955,338481,0.8933,486507600,1946030400,31.961,
300126.SZ,锐奇股份,2011-09-29,5.9768,6.0281,5.86,5.8647,341515,0.9013,475898400,1903593600,31.2641,
300126.SZ,锐奇股份,2011-09-30,5.9488,5.9628,5.7807,5.8741,185636,0.4899,476656200,1906624800,31.3139,
300126.SZ,锐奇股份,2011-10-10,5.9721,5.9768,5.846,5.8741,129497,0.3418,476656200,1906624800,31.3139,
300126.SZ,锐奇股份,2011-10-11,6.0562,6.1122,5.8274,5.846,424391,1.1201,474382800,1897531200,31.1645,
300126.SZ,锐奇股份,2011-10-12,5.762,6.0235,5.7527,5.9861,484848,1.2796,485749800,1942999200,31.9113,
300126.SZ,锐奇股份,2011-10-13,5.9768,6.2102,5.9534,6.1075,850948,1.7918,621182070.72,1982404800,32.5584,
300126.SZ,锐奇股份,2011-10-14,6.1075,6.1122,6.0095,6.0982,165500,0.3485,620232251.04,1979373600,32.5087,
300126.SZ,锐奇股份,2011-10-17,6.0328,6.2056,6.0328,6.1215,199021,0.4191,622606800.24,1986951600,32.6331,
300126.SZ,锐奇股份,2011-10-18,6.1262,6.1729,5.9768,6.0422,560645,1.1805,614533332.96,1961186400,32.21,
300126.SZ,锐奇股份,2011-10-19,6.2289,6.2289,6.0748,6.1169,442412,0.9316,622131890.4,1985436000,32.6082,
300126.SZ,锐奇股份,2011-10-20,5.9815,6.0702,5.6546,5.8367,787796,1.6588,593637300,1894500000,31.1147,
300126.SZ,锐奇股份,2011-10-21,5.804,5.8834,5.7293,5.7433,114548,0.2412,584139103.2,1864188000,30.6169,
300126.SZ,锐奇股份,2011-10-24,5.804,5.804,5.5939,5.7433,416299,0.8766,584139103.2,1864188000,30.6169,
300126.SZ,锐奇股份,2011-10-25,5.79,6.0608,5.7667,6.0141,646970,1.3623,611683873.92,1952092800,27.5451,
300126.SZ,锐奇股份,2011-10-26,5.9768,6.1729,5.9768,6.0608,820744,1.7282,616432972.32,1967248800,27.7589,
300126.SZ,锐奇股份,2011-10-27,6.0562,6.2616,6.0562,6.1869,902742,1.9009,629255538,2008170000,28.3363,
300126.SZ,锐奇股份,2011-10-28,6.2102,6.3036,6.1636,6.2569,716706,1.5091,636379185.6,2030904000,28.6571,
300126.SZ,锐奇股份,2011-10-31,6.271,6.3363,6.2336,6.2943,592731,1.2481,640178464.32,2043028800,28.8282,
300126.SZ,锐奇股份,2011-11-01,6.2196,6.3176,6.1355,6.2149,742628,1.5637,632104997.04,2017263600,28.4647,
300126.SZ,锐奇股份,2011-11-02,6.1729,6.369,6.0281,6.355,844540,1.7783,646352292.24,2062731600,29.1062,
300126.SZ,锐奇股份,2011-11-03,6.4811,6.5931,6.397,6.4671,1460981,3.0763,657750128.4,2099106000,29.6195,
300126.SZ,锐奇股份,2011-11-04,6.4904,6.6025,6.4064,6.5838,969508,2.0415,669622874.4,2136996000,30.1541,
300126.SZ,锐奇股份,2011-11-07,6.5558,6.6725,6.4997,6.5511,526634,1.1089,666298505.52,2126386800,30.0044,
300126.SZ,锐奇股份,2011-11-08,6.6258,6.6258,6.4811,6.4811,790078,1.6636,659174857.92,2103652800,29.6837,
300126.SZ,锐奇股份,2011-11-09,6.5371,7.0647,6.5371,6.8593,2948155,6.2078,697642554.96,2226416400,31.4159,
300126.SZ,锐奇股份,2011-11-10,6.7239,7.5457,6.7005,7.3636,8827132,18.587,748932817.68,2390101200,33.7256,
300126.SZ,锐奇股份,2011-11-11,7.2842,7.2842,6.948,7.2188,8949683,18.845,734210612.64,2343117600,33.0626,
300126.SZ,锐奇股份,2011-11-14,7.1721,7.3729,7.0974,7.2749,3669389,7.7265,739909530.72,2361304800,33.3193,
300126.SZ,锐奇股份,2011-11-15,7.1955,7.2702,6.9527,7.0554,7357769,15.493,717588768.24,2290071600,32.3141,
300126.SZ,锐奇股份,2011-11-16,7.0321,7.1208,6.9107,6.9433,3565265,7.5072,706190932.08,2253697200,31.8009,
300126.SZ,锐奇股份,2011-11-17,6.9433,7.0367,6.7939,6.9107,1702941,3.5858,702866563.2,2243088000,31.6512,
300126.SZ,锐奇股份,2011-11-18,6.864,6.864,6.5278,6.5791,2415307,5.0858,669147964.56,2135480400,30.1328,
300126.SZ,锐奇股份,2011-11-21,6.5418,6.6772,6.4904,6.5978,1671801,3.5202,671047603.92,2141542800,30.2183,
300126.SZ,锐奇股份,2011-11-22,6.5651,6.6258,6.4344,6.6212,1400485,2.9489,673422153.12,2149120800,30.3252,
300126.SZ,锐奇股份,2011-11-23,6.6212,6.6585,6.5231,6.5605,1465397,3.0856,667248325.2,2129418000,30.0472,
300126.SZ,锐奇股份,2011-11-24,6.4671,6.5885,6.3457,6.5745,2113082,4.4494,668673054.72,2133964800,30.1114,
300126.SZ,锐奇股份,2011-11-25,6.5605,6.6305,6.4904,6.5231,864325,1.82,663449046.48,2117293200,29.8761,
300126.SZ,锐奇股份,2011-11-28,6.5231,6.6071,6.383,6.4811,671744,1.4145,659174857.92,2103652800,29.6837,
300126.SZ,锐奇股份,2011-11-29,6.5184,6.6492,6.4577,6.6492,1043425,2.1971,676271612.16,2158214400,30.4536,
300126.SZ,锐奇股份,2011-11-30,6.6212,6.6212,5.9861,6.0702,2502790,5.27,617382792,1970280000,27.8017,
300126.SZ,锐奇股份,2011-12-01,6.0702,6.0702,6.0702,6.0702,--,--,617382792,1970280000,27.8017,
300126.SZ,锐奇股份,2011-12-02,6.1729,6.2476,5.9674,5.9674,1280345,2.696,606934775.52,1936936800,27.3312,
300126.SZ,锐奇股份,2011-12-05,5.9534,6.0375,5.79,5.8834,1012524,2.132,598386398.4,1909656000,26.9463,
300126.SZ,锐奇股份,2011-12-06,5.8834,6.0935,5.8507,6.0281,472290,0.9945,613108603.44,1956639600,27.6092,
300126.SZ,锐奇股份,2011-12-07,6.0608,6.1075,5.9628,6.0702,318100,0.6698,617382792,1970280000,27.8017,
300126.SZ,锐奇股份,2011-12-08,6.0842,6.1962,5.9348,6.0795,865737,1.823,618332611.68,1973311200,27.8445,
300126.SZ,锐奇股份,2011-12-09,6.0795,6.0795,5.9534,6.0141,510561,1.0751,611683873.92,1952092800,27.5451,
300126.SZ,锐奇股份,2011-12-12,5.9768,6.0468,5.9488,5.9721,288638,0.6078,607409685.36,1938452400,27.3526,
300126.SZ,锐奇股份,2011-12-13,5.9301,5.9721,5.72,5.7713,477269,1.005,586988562.24,1873281600,26.433,
300126.SZ,锐奇股份,2011-12-14,5.8134,5.8694,5.6873,5.72,293738,0.6185,581764554,1856610000,26.1978,
300126.SZ,锐奇股份,2011-12-15,5.6126,5.7853,5.6032,5.6266,386390,0.8136,572266357.2,1826298000,25.77,
300126.SZ,锐奇股份,2011-12-16,5.5986,5.7667,5.5986,5.7667,535419,1.1274,586513652.4,1871766000,26.4116,
300126.SZ,锐奇股份,2011-12-19,5.72,5.8507,5.6779,5.846,320582,0.675,594587119.68,1897531200,26.7752,
300126.SZ,锐奇股份,2011-12-20,5.846,5.846,5.846,5.846,--,--,594587119.68,1897531200,26.7752,
300126.SZ,锐奇股份,2011-12-21,5.8741,5.8974,5.5939,5.6032,622435,1.3106,569891808,1818720000,25.6631,
300126.SZ,锐奇股份,2011-12-22,5.5939,5.5939,5.3464,5.4632,507891,1.0694,555644512.8,1773252000,25.0215,
300126.SZ,锐奇股份,2011-12-23,5.5005,5.5425,5.3884,5.4445,1134511,2.3889,553744873.44,1767189600,24.936,
300126.SZ,锐奇股份,2011-12-26,5.4165,5.4772,5.3604,5.3651,361300,0.7608,545671406.16,1741424400,24.5724,
300126.SZ,锐奇股份,2011-12-27,5.3511,5.4258,5.239,5.239,388750,0.8186,532848840.48,1700503200,23.995,
300126.SZ,锐奇股份,2011-12-28,5.2484,5.2484,4.9028,5.0149,892899,1.8801,510053168.16,1627754400,22.9685,
300126.SZ,锐奇股份,2011-12-29,4.9262,5.0476,4.9262,5.0149,410279,0.8639,510053168.16,1627754400,22.9685,
300126.SZ,锐奇股份,2011-12-30,5.0616,5.127,5.0242,5.0896,314560,0.6624,517651725.6,1652004000,23.3107,
300126.SZ,锐奇股份,2012-01-04,5.0896,5.1596,4.9495,4.9822,490970,1.0431,502236900,1617145200,22.8188,
300126.SZ,锐奇股份,2012-01-05,4.9822,4.9822,4.6694,4.7534,499886,1.062,479172600,1542880800,21.7709,
300126.SZ,锐奇股份,2012-01-06,4.7534,4.7954,4.6787,4.7721,655204,1.392,481055400,1548943200,21.8564,
300126.SZ,锐奇股份,2012-01-09,4.8048,5.0056,4.7161,4.9869,379824,0.8069,502707600,1618660800,22.8402,
300126.SZ,锐奇股份,2012-01-10,4.9869,5.2157,4.9869,5.211,866109,1.84,525301200,1691409600,23.8667,
300126.SZ,锐奇股份,2012-01-11,5.2297,5.2951,5.197,5.225,583083,1.2388,526713300,1695956400,23.9308,
300126.SZ,锐奇股份,2012-01-12,5.2577,5.3137,5.1737,5.2203,293420,0.6234,526242600,1694440800,23.9095,
300126.SZ,锐奇股份,2012-01-13,5.2857,5.2857,4.9262,5.0569,708530,1.5053,509768100,1641394800,23.161,
300126.SZ,锐奇股份,2012-01-16,5.0289,5.0289,4.7627,4.7814,335802,0.7134,481996800,1551974400,21.8992,
300126.SZ,锐奇股份,2012-01-17,4.7534,5.0009,4.59,5.0009,2070120,4.398,504119700,1623207600,22.9043,
300126.SZ,锐奇股份,2012-01-18,4.8842,4.9495,4.7161,4.7254,1262428,2.682,476348400,1533787200,21.6426,
300126.SZ,锐奇股份,2012-01-19,4.7254,4.8421,4.6694,4.8281,858154,1.8231,486703800,1567130400,22.113,
300126.SZ,锐奇股份,2012-01-20,4.8515,4.9168,4.7954,4.9122,486437,1.0334,495176400,1594411200,22.498,
300126.SZ,锐奇股份,2012-01-30,4.9355,5.0382,4.8515,4.9028,902892,1.9182,494235000,1591380000,22.4552,
300126.SZ,锐奇股份,2012-01-31,4.9262,4.9262,4.7254,4.8561,795688,1.6904,489528000,1576224000,22.2414,
300126.SZ,锐奇股份,2012-02-01,4.8141,4.9028,4.7721,4.8468,524399,1.1141,488586600,1573192800,22.1986,
300126.SZ,锐奇股份,2012-02-02,4.8561,4.9308,4.8141,4.9308,538784,1.1446,497059200,1600473600,22.5835,
300126.SZ,锐奇股份,2012-02-03,4.9308,5.0476,4.9122,5.0429,791983,1.6826,508356000,1636848000,23.0968,
300126.SZ,锐奇股份,2012-02-06,5.0429,5.1737,5.0149,5.1083,895816,1.9032,514945800,1658066400,23.3962,
300126.SZ,锐奇股份,2012-02-07,5.0896,5.0896,4.9122,5.0009,1042716,2.2152,504119700,1623207600,22.9043,
300126.SZ,锐奇股份,2012-02-08,5.0522,5.1456,4.9775,5.1456,1021307,2.1698,518711400,1670191200,23.5673,
300126.SZ,锐奇股份,2012-02-09,5.1223,5.239,5.0989,5.1923,1475658,3.135,523418400,1685347200,23.7811,
300126.SZ,锐奇股份,2012-02-10,5.1596,5.3044,5.1456,5.2063,786936,1.6718,524830500,1689894000,23.8453,
300126.SZ,锐奇股份,2012-02-13,5.1129,5.3277,5.1129,5.2717,904720,1.9221,531420300,1711112400,24.1447,
300126.SZ,锐奇股份,2012-02-14,5.2717,5.281,5.2063,5.2577,687858,1.4614,530008200,1706565600,24.0805,
300126.SZ,锐奇股份,2012-02-15,5.2297,5.3558,5.2203,5.3511,667468,1.418,539422200,1736877600,24.5083,
300126.SZ,锐奇股份,2012-02-16,5.3698,5.4211,5.2904,5.3511,663085,1.4087,539422200,1736877600,24.5083,
300126.SZ,锐奇股份,2012-02-17,5.4398,5.4772,5.2297,5.2764,724835,1.5399,531891000,1712628000,24.1661,
300126.SZ,锐奇股份,2012-02-20,5.3371,5.3604,5.2717,5.3137,948755,2.0156,535656600,1724752800,24.3372,
300126.SZ,锐奇股份,2012-02-21,5.3184,5.3791,5.2297,5.3791,690544,1.4671,542246400,1745971200,24.6366,
300126.SZ,锐奇股份,2012-02-22,5.3184,5.5425,5.3184,5.4958,1440360,3.06,554013900,1783861200,25.1712,
300126.SZ,锐奇股份,2012-02-23,5.5098,5.6826,5.4912,5.5799,1507141,3.2019,562486500,1811142000,25.5562,
300126.SZ,锐奇股份,2012-02-24,5.5799,5.6733,5.5565,5.6733,1344161,2.8557,571900500,1841454000,25.9839,
300126.SZ,锐奇股份,2012-02-27,5.7386,5.7433,5.5892,5.5939,1370325,2.9112,563898600,1815688800,24.4047,
300126.SZ,锐奇股份,2012-02-28,5.5565,5.5846,5.4445,5.5192,936365,1.9893,556367400,1791439200,24.0788,
300126.SZ,锐奇股份,2012-02-29,5.5285,5.6499,5.4912,5.4912,729375,1.5496,553543200,1782345600,23.9566,
300126.SZ,锐奇股份,2012-03-01,5.4632,5.5799,5.4632,5.5145,522643,1.1104,555896700,1789923600,24.0584,
300126.SZ,锐奇股份,2012-03-02,5.5145,5.6266,5.5145,5.6266,535663,1.138,567193500,1826298000,24.5473,
300126.SZ,锐奇股份,2012-03-05,5.6266,5.7433,5.6266,5.6499,829888,1.7631,569547000,1833876000,24.6492,
300126.SZ,锐奇股份,2012-03-06,5.6546,5.6779,5.5192,5.5659,639207,1.358,561074400,1806595200,24.2825,
300126.SZ,锐奇股份,2012-03-07,5.5379,5.6733,5.5098,5.6219,1248125,2.6516,566722800,1824782400,24.527,
300126.SZ,锐奇股份,2012-03-08,5.6266,5.734,5.6172,5.706,987442,2.0978,575195400,1852063200,24.8936,
300126.SZ,锐奇股份,2012-03-09,5.7386,5.9021,5.6919,5.8787,986040,2.0948,592611300,1908140400,25.6474,
300126.SZ,锐奇股份,2012-03-12,5.9021,5.9021,5.804,5.8834,795849,1.6908,593082000,1909656000,25.6677,
300126.SZ,锐奇股份,2012-03-13,5.8834,6.0141,5.846,6.0141,1202614,2.5549,606261600,1952092800,26.2381,
300126.SZ,锐奇股份,2012-03-14,6.0375,6.0468,5.6079,5.6966,1342906,2.853,574254000,1849032000,24.8529,
300126.SZ,锐奇股份,2012-03-15,5.6499,5.6873,5.4305,5.5098,1686269,3.5825,555426000,1788408000,24.0861,
300126.SZ,锐奇股份,2012-03-16,5.5752,5.6826,5.5005,5.6639,1237811,2.6297,570959100,1838422800,24.7597,
300126.SZ,锐奇股份,2012-03-19,5.6546,5.7246,5.6032,5.7246,890511,1.8919,577078200,1858125600,25.025,
300126.SZ,锐奇股份,2012-03-20,5.706,5.706,5.5239,5.5332,927170,1.9698,557779500,1795986000,24.1882,
300126.SZ,锐奇股份,2012-03-21,5.5705,5.5799,5.4165,5.5379,767721,1.631,558250200,1797501600,24.2086,
300126.SZ,锐奇股份,2012-03-22,5.4912,5.5705,5.4865,5.5379,450257,0.9566,558250200,1797501600,24.2086,
300126.SZ,锐奇股份,2012-03-23,5.5379,5.5379,5.4071,5.4258,708281,1.5047,546953400,1761127200,23.7187,
300126.SZ,锐奇股份,2012-03-26,5.3978,5.4491,5.3978,5.4351,270799,0.5753,547894800,1764158400,23.7595,
300126.SZ,锐奇股份,2012-03-27,5.4491,5.4958,5.4258,5.4351,427353,0.9079,547894800,1764158400,23.7595,
300126.SZ,锐奇股份,2012-03-28,5.4351,5.4351,5.141,5.1456,833929,1.7717,518711400,1670191200,22.494,
300126.SZ,锐奇股份,2012-03-29,5.0989,5.1643,5.0429,5.0709,628033,1.3343,511180200,1645941600,22.1674,
300126.SZ,锐奇股份,2012-03-30,5.1363,5.1363,5.0056,5.0336,497410,1.0567,507414600,1633816800,22.0041,
300126.SZ,锐奇股份,2012-04-05,5.0476,5.2764,5.0476,5.2624,658589,1.3992,530478900,1708081200,23.0043,
300126.SZ,锐奇股份,2012-04-06,5.2344,5.3091,5.2157,5.253,246352,0.5234,529537500,1705050000,22.9634,
300126.SZ,锐奇股份,2012-04-09,5.253,5.267,5.1877,5.1923,196561,0.4176,523418400,1685347200,22.6981,
300126.SZ,锐奇股份,2012-04-10,5.1923,5.1923,5.1923,5.1923,--,--,523418400,1685347200,22.6981,
300126.SZ,锐奇股份,2012-04-11,5.183,5.3044,5.183,5.2624,471888,1.0025,530478900,1708081200,23.0043,
300126.SZ,锐奇股份,2012-04-12,5.239,5.3791,5.2297,5.3698,500861,1.0641,541305000,1742940000,23.4737,
300126.SZ,锐奇股份,2012-04-13,5.4118,5.4211,5.3511,5.3931,453578,0.9636,543658500,1750518000,23.5758,
300126.SZ,锐奇股份,2012-04-16,5.3277,5.4305,5.3277,5.3978,306429,0.651,544129200,1752033600,23.5962,
300126.SZ,锐奇股份,2012-04-17,5.3744,5.4865,5.3698,5.3838,569470,1.2098,542717100,1747486800,23.535,
300126.SZ,锐奇股份,2012-04-18,5.4491,5.5799,5.3744,5.5472,682460,1.4499,559191600,1800532800,24.2494,
300126.SZ,锐奇股份,2012-04-19,5.5752,5.5752,5.5005,5.5332,308539,0.6555,557779500,1795986000,24.1882,
300126.SZ,锐奇股份,2012-04-20,5.5332,5.6499,5.5192,5.6312,562865,1.1958,567664200,1827813600,24.6168,
300126.SZ,锐奇股份,2012-04-23,5.5986,5.5986,5.3277,5.3464,863294,1.8341,538951500,1735362000,23.3717,
300126.SZ,锐奇股份,2012-04-24,5.3464,5.4118,5.127,5.253,490218,1.0415,529537500,1705050000,22.8535,
300126.SZ,锐奇股份,2012-04-25,5.211,5.2764,5.1877,5.2484,412812,0.877,529066800,1703534400,22.8332,
300126.SZ,锐奇股份,2012-04-26,5.3417,5.3604,5.239,5.281,331788,0.7049,532361700,1714143600,22.9754,
300126.SZ,锐奇股份,2012-04-27,5.253,5.3184,5.2203,5.2997,466441,0.991,534244500,1720206000,23.0566,
300126.SZ,锐奇股份,2012-05-02,5.3558,5.3791,5.281,5.3464,428578,0.9105,538951500,1735362000,23.2598,
300126.SZ,锐奇股份,2012-05-03,5.3231,5.3884,5.3137,5.3651,280239,0.5954,540834300,1741424400,23.341,
300126.SZ,锐奇股份,2012-05-04,5.3651,5.4818,5.3651,5.4585,369419,0.7848,550248300,1771736400,23.7473,
300126.SZ,锐奇股份,2012-05-07,5.4632,5.5285,5.4071,5.5005,495467,1.0526,554484600,1785376800,23.9301,
300126.SZ,锐奇股份,2012-05-08,5.5052,5.5565,5.4351,5.4585,520747,1.1063,550248300,1771736400,23.7473,
300126.SZ,锐奇股份,2012-05-09,5.3791,5.4211,5.2904,5.2951,444061,0.9434,533773800,1718690400,23.0363,
300126.SZ,锐奇股份,2012-05-10,5.2857,5.3651,5.2857,5.3184,198982,0.4227,536127300,1726268400,23.1379,
300126.SZ,锐奇股份,2012-05-11,5.3277,5.3604,5.281,5.281,376516,0.7999,532361700,1714143600,22.9754,
300126.SZ,锐奇股份,2012-05-14,5.3277,5.3277,5.2297,5.2437,490260,1.0416,528596100,1702018800,22.8128,
300126.SZ,锐奇股份,2012-05-15,5.239,5.239,5.0663,5.1503,636732,1.3527,519182100,1671706800,22.4066,
300126.SZ,锐奇股份,2012-05-16,5.1503,5.1783,5.0803,5.0849,333121,0.7077,512592300,1650488400,22.1222,
300126.SZ,锐奇股份,2012-05-17,5.0849,5.1596,5.0849,5.1596,331382,0.704,520123500,1674738000,22.4472,
300126.SZ,锐奇股份,2012-05-18,5.1363,5.155,5.0522,5.0896,384899,0.8177,513063000,1652004000,22.1425,
300126.SZ,锐奇股份,2012-05-21,5.0896,5.1643,5.0663,5.1223,300594,0.6386,516357900,1662613200,22.2847,
300126.SZ,锐奇股份,2012-05-22,5.169,5.1783,5.1223,5.1596,260340,0.5531,520123500,1674738000,22.4472,
300126.SZ,锐奇股份,2012-05-23,5.1596,5.1596,5.0522,5.0896,257200,0.5464,513063000,1652004000,22.1425,
300126.SZ,锐奇股份,2012-05-24,5.0803,5.1036,5.0289,5.0429,827186,1.7574,508356000,1636848000,21.9393,
300126.SZ,锐奇股份,2012-05-25,5.0336,5.0429,4.9402,4.9495,326870,0.6944,498942000,1606536000,21.533,
300126.SZ,锐奇股份,2012-05-28,4.9495,5.0009,4.8795,5.0009,241774,0.5136,504119700,1623207600,21.7565,
300126.SZ,锐奇股份,2012-05-29,5.0102,5.141,4.9869,5.1129,729594,1.55,515416500,1659582000,22.244,
300126.SZ,锐奇股份,2012-05-30,5.1176,5.127,5.0849,5.0943,376284,0.7994,513533700,1653519600,22.1628,
300126.SZ,锐奇股份,2012-05-31,5.0896,5.127,5.0803,5.127,507497,1.0782,516828600,1664128800,22.305,
300126.SZ,锐奇股份,2012-06-01,5.1596,5.211,5.1176,5.1596,595154,1.2644,520123500,1674738000,22.4472,
300126.SZ,锐奇股份,2012-06-04,5.1363,5.1737,5.0756,5.0989,680840,1.4464,514004400,1655035200,22.1831,
300126.SZ,锐奇股份,2012-06-05,5.1176,5.1783,5.0989,5.1596,861711,1.8307,520123500,1674738000,22.4472,
300126.SZ,锐奇股份,2012-06-06,5.169,5.2857,5.1643,5.267,1435620,3.05,530949600,1709596800,22.9144,
300126.SZ,锐奇股份,2012-06-07,5.267,5.2768,5.0814,5.0863,1066994,2.2668,489998700,1577739600,21.1471,
300126.SZ,锐奇股份,2012-06-08,5.1302,5.1449,4.9348,4.9397,541868,1.1512,475877700,1532271600,20.5377,
300126.SZ,锐奇股份,2012-06-11,5.013,5.0325,4.9006,5.0276,519046,1.1027,484350300,1559552400,20.9033,
300126.SZ,锐奇股份,2012-06-12,5.0716,5.0716,4.9885,5.0227,405075,0.8606,483879600,1558036800,20.883,
300126.SZ,锐奇股份,2012-06-13,5.0521,5.1009,4.9983,5.1009,677141,1.4386,491410800,1582286400,21.208,
300126.SZ,锐奇股份,2012-06-14,5.0814,5.0814,4.9641,4.9934,554254,1.1775,481055400,1548943200,20.7611,
300126.SZ,锐奇股份,2012-06-15,5.0032,5.0325,4.9641,5.0032,324729,0.6899,481996800,1551974400,20.8017,
300126.SZ,锐奇股份,2012-06-18,4.9885,5.0911,4.9885,5.0521,538579,1.1442,486703800,1567130400,21.0049,
300126.SZ,锐奇股份,2012-06-19,5.0472,5.0716,4.9983,5.0569,431655,0.917,487174500,1568646000,21.0252,
300126.SZ,锐奇股份,2012-06-20,5.0765,5.1449,5.0765,5.1253,564490,1.1993,493764300,1589864400,21.3096,
300126.SZ,锐奇股份,2012-06-21,5.1253,5.1253,5.0081,5.0716,419196,0.8906,488586600,1573192800,21.0861,
300126.SZ,锐奇股份,2012-06-25,5.0569,5.0569,4.8713,4.8762,451550,0.9593,469758600,1512568800,20.2736,
300126.SZ,锐奇股份,2012-06-26,4.9153,4.9153,4.754,4.8371,629529,1.3374,465993000,1500444000,20.1111,
300126.SZ,锐奇股份,2012-06-27,4.8273,4.8908,4.8175,4.842,393852,0.8367,466463700,1501959600,20.1314,
300126.SZ,锐奇股份,2012-06-28,4.9055,4.9055,4.798,4.8029,329600,0.7002,462698100,1489834800,19.9689,
300126.SZ,锐奇股份,2012-06-29,4.7833,4.8322,4.7394,4.8322,228818,0.4861,465522300,1498928400,20.0907,
300126.SZ,锐奇股份,2012-07-02,4.8664,4.9104,4.8322,4.8762,225970,0.4635,486564281.28,1512568800,20.2736,
300126.SZ,锐奇股份,2012-07-03,4.8762,4.9788,4.8468,4.9006,283101,0.5807,489001978.08,1520146800,20.3751,
300126.SZ,锐奇股份,2012-07-04,4.8908,4.9543,4.8762,4.925,200820,0.4119,491439674.88,1527724800,20.4767,
300126.SZ,锐奇股份,2012-07-05,4.925,4.9641,4.7882,4.8029,249999,0.5128,479251190.88,1489834800,19.9689,
300126.SZ,锐奇股份,2012-07-06,4.8468,4.8468,4.671,4.8224,553223,1.1347,481201348.32,1495897200,20.0501,
300126.SZ,锐奇股份,2012-07-09,4.8029,4.8371,4.6905,4.7003,249341,0.5114,469012864.32,1458007200,19.5423,
300126.SZ,锐奇股份,2012-07-10,4.7003,4.7003,4.5928,4.5928,202210,0.4148,458286998.4,1424664000,19.0953,
300126.SZ,锐奇股份,2012-07-11,4.5683,4.627,4.5683,4.6123,193323,0.3965,460237155.84,1430726400,19.1766,
300126.SZ,锐奇股份,2012-07-12,4.583,4.6563,4.5683,4.6465,258690,0.5306,463649931.36,1441335600,19.3188,
300126.SZ,锐奇股份,2012-07-13,4.6465,4.7345,4.6123,4.6123,199700,0.4096,460237155.84,1430726400,19.1766,
300126.SZ,锐奇股份,2012-07-16,4.4315,4.5683,4.153,4.153,1182241,2.4249,414408456,1288260000,17.2671,
300126.SZ,锐奇股份,2012-07-17,4.0749,4.1482,4.0065,4.0846,702761,1.4414,407582904.96,1267041600,16.9827,
300126.SZ,锐奇股份,2012-07-18,4.1188,4.1188,4.0016,4.0798,380559,0.7806,407095365.6,1265526000,16.9624,
300126.SZ,锐奇股份,2012-07-19,4.0846,4.1628,4.0211,4.1042,354241,0.7266,409533062.4,1273104000,17.0639,
300126.SZ,锐奇股份,2012-07-20,4.0846,4.1433,4.0798,4.1237,382556,0.7847,411483219.84,1279166400,17.1452,
300126.SZ,锐奇股份,2012-07-23,4.1237,4.1237,4.0162,4.0602,218058,0.4473,405145208.16,1259463600,16.8811,
300126.SZ,锐奇股份,2012-07-24,4.0504,4.1042,4.0162,4.0798,345156,0.708,407095365.6,1265526000,16.9624,
300126.SZ,锐奇股份,2012-07-25,4.0798,4.114,4.0358,4.0553,356239,0.7307,404657668.8,1257948000,16.8608,
300126.SZ,锐奇股份,2012-07-26,4.0309,4.0944,4.0114,4.026,243321,0.4991,401732432.64,1248854400,16.7389,
300126.SZ,锐奇股份,2012-07-27,4.0602,4.0798,4.0016,4.026,193460,0.3968,401732432.64,1248854400,16.7389,
300126.SZ,锐奇股份,2012-07-30,4.0358,4.0553,3.7622,3.855,415300,0.8518,384668555.04,1195808400,16.0279,
300126.SZ,锐奇股份,2012-07-31,3.8599,3.8843,3.7719,3.7915,276897,0.5679,378330543.36,1176105600,15.7638,
300126.SZ,锐奇股份,2012-08-01,3.8501,4.1335,3.811,4.0944,1235218,2.5336,408557983.68,1270072800,17.0233,
300126.SZ,锐奇股份,2012-08-02,4.0749,4.3827,4.0749,4.2605,2432539,4.9894,425134321.92,1321603200,17.714,
300126.SZ,锐奇股份,2012-08-03,4.2947,4.3094,4.1726,4.285,1470253,3.0157,427572018.72,1329181200,17.8156,
300126.SZ,锐奇股份,2012-08-06,4.368,4.368,4.0993,4.2508,1329176,2.7263,424159243.2,1318572000,17.6734,
300126.SZ,锐奇股份,2012-08-07,4.2263,4.285,4.1628,4.241,666442,1.367,423184164.48,1315540800,17.6327,
300126.SZ,锐奇股份,2012-08-08,4.241,4.2459,4.1188,4.1824,513336,1.0529,417333692.16,1297353600,17.389,
300126.SZ,锐奇股份,2012-08-09,4.1872,4.2996,4.153,4.2947,905502,1.8573,428547097.44,1332212400,17.8562,
300126.SZ,锐奇股份,2012-08-10,4.3241,4.3241,4.1921,4.2459,784237,1.6086,423671703.84,1317056400,20.0571,
300126.SZ,锐奇股份,2012-08-13,4.2019,4.2361,3.8501,4.0602,816065,1.6738,405145208.16,1259463600,19.1801,
300126.SZ,锐奇股份,2012-08-14,4.0211,4.0504,3.8745,3.9918,1151711,2.3623,398319657.12,1238245200,18.8569,
300126.SZ,锐奇股份,2012-08-15,3.982,3.982,3.9087,3.9332,763598,1.5662,392469184.8,1220058000,18.58,
300126.SZ,锐奇股份,2012-08-16,3.9087,3.9527,3.8843,3.9087,353800,0.7257,390031488,1212480000,18.4646,
300126.SZ,锐奇股份,2012-08-17,3.9087,4.0211,3.8843,3.9772,597210,1.2249,396857039.04,1233698400,18.7877,
300126.SZ,锐奇股份,2012-08-20,3.9478,4.0016,3.9332,3.9967,486301,0.9975,398807196.48,1239760800,18.88,
300126.SZ,锐奇股份,2012-08-21,3.9869,4.1042,3.9723,4.0651,1069252,2.1932,405632747.52,1260979200,19.2031,
300126.SZ,锐奇股份,2012-08-22,4.0651,4.0944,3.9772,4.0114,912581,1.8718,400269814.56,1244307600,18.9493,
300126.SZ,锐奇股份,2012-08-23,3.9967,4.0944,3.9772,4.0895,1176772,2.4137,408070444.32,1268557200,19.3185,
300126.SZ,锐奇股份,2012-08-24,4.0944,4.1286,3.9918,4.0065,669639,1.3735,399782275.2,1242792000,18.9262,
300126.SZ,锐奇股份,2012-08-27,4.0016,4.0016,3.8648,3.8648,587210,1.2044,385643633.76,1198839600,18.2568,
300126.SZ,锐奇股份,2012-08-28,3.8501,3.9478,3.8403,3.9185,379440,0.7783,391006566.72,1215511200,18.5107,
300126.SZ,锐奇股份,2012-08-29,3.9136,3.982,3.8892,3.9136,379445,0.7783,390519027.36,1213995600,18.4876,
300126.SZ,锐奇股份,2012-08-30,3.9039,3.9429,3.7573,3.8013,1176947,2.4141,379305622.08,1179136800,17.9568,
300126.SZ,锐奇股份,2012-08-31,3.8013,3.8355,3.7817,3.8013,409160,0.8392,379305622.08,1179136800,17.9568,
300126.SZ,锐奇股份,2012-09-03,3.8061,3.8843,3.7964,3.8745,402222,0.825,386618712.48,1201870800,18.303,
300126.SZ,锐奇股份,2012-09-04,3.8745,3.9234,3.8257,3.8648,577440,1.1844,385643633.76,1198839600,18.2568,
300126.SZ,锐奇股份,2012-09-05,3.855,4.0016,3.855,3.9674,866005,1.7763,395881960.32,1230667200,18.7415,
300126.SZ,锐奇股份,2012-09-06,4.0016,4.0309,3.9381,4.0162,715562,1.4677,400757353.92,1245823200,18.9723,
300126.SZ,锐奇股份,2012-09-07,4.0358,4.1872,4.0358,4.1384,1737878,3.5646,412945837.92,1283713200,19.5494,
300126.SZ,锐奇股份,2012-09-10,4.1335,4.2214,4.1188,4.2166,1257167,2.5786,420746467.68,1307962800,19.9186,
300126.SZ,锐奇股份,2012-09-11,4.2019,4.241,4.1384,4.1775,893099,1.8319,416846152.8,1295838000,19.734,
300126.SZ,锐奇股份,2012-09-12,4.1921,4.2214,4.1384,4.1872,839228,1.7214,417821231.52,1298869200,19.7802,
300126.SZ,锐奇股份,2012-09-13,4.1872,4.2117,4.1188,4.1188,895717,1.8372,410995680.48,1277650800,19.457,
300126.SZ,锐奇股份,2012-09-14,4.1482,4.1921,4.1237,4.153,908055,1.8625,414408456,1288260000,19.6186,
300126.SZ,锐奇股份,2012-09-17,4.1482,4.1824,4.0407,4.0456,1257168,2.5786,403682590.08,1254916800,19.1108,
300126.SZ,锐奇股份,2012-09-18,4.0553,4.2214,4.0358,4.2166,1687540,3.4613,420746467.68,1307962800,19.9186,
300126.SZ,锐奇股份,2012-09-19,4.3387,4.3729,4.1433,4.1726,3411931,6.9983,416358613.44,1294322400,19.7109,
300126.SZ,锐奇股份,2012-09-20,4.1188,4.1335,3.9283,3.9527,1595240,3.272,394419342.24,1226120400,18.6723,
300126.SZ,锐奇股份,2012-09-21,3.9429,3.9527,3.811,3.8306,1209972,2.4818,382230858.24,1188230400,18.0953,
300126.SZ,锐奇股份,2012-09-24,3.8306,3.8794,3.7768,3.8599,704862,1.4458,385156094.4,1197324000,18.2338,
300126.SZ,锐奇股份,2012-09-25,3.8599,3.8843,3.8452,3.8501,340570,0.6985,384181015.68,1194292800,18.1876,
300126.SZ,锐奇股份,2012-09-26,3.8501,3.8599,3.7084,3.7475,774831,1.5893,373942689.12,1162465200,17.7029,
300126.SZ,锐奇股份,2012-09-27,3.7475,3.8599,3.7182,3.8257,787784,1.6158,381743318.88,1186714800,18.0722,
300126.SZ,锐奇股份,2012-09-28,3.811,3.9283,3.7768,3.9136,1055191,2.1643,390519027.36,1213995600,18.4876,
300126.SZ,锐奇股份,2012-10-08,3.9087,3.9429,3.8648,3.8843,324210,0.665,387593791.2,1204902000,18.3492,
300126.SZ,锐奇股份,2012-10-09,3.8843,3.9918,3.8843,3.9918,681492,1.3978,398319657.12,1238245200,18.8569,
300126.SZ,锐奇股份,2012-10-10,3.9674,4.0309,3.9625,4.0309,810183,1.6618,402219972,1250370000,19.0416,
300126.SZ,锐奇股份,2012-10-11,4.026,4.1286,3.982,3.9918,1109641,2.276,398319657.12,1238245200,18.8569,
300126.SZ,锐奇股份,2012-10-12,4.0162,4.0309,3.8159,3.9185,766685,1.5726,391006566.72,1215511200,18.5107,
300126.SZ,锐奇股份,2012-10-15,3.8941,3.8941,3.7719,3.8306,990014,2.0306,382230858.24,1188230400,18.0953,
300126.SZ,锐奇股份,2012-10-16,3.8306,3.9283,3.7964,3.8648,855227,1.7542,385643633.76,1198839600,18.2568,
300126.SZ,锐奇股份,2012-10-17,3.855,3.9087,3.8257,3.9039,416649,0.8546,389543948.64,1210964400,18.4415,
300126.SZ,锐奇股份,2012-10-18,3.9087,3.9869,3.9087,3.9674,693073,1.4216,395881960.32,1230667200,18.7415,
300126.SZ,锐奇股份,2012-10-19,3.9723,3.9772,3.9478,3.9723,267354,0.5484,396369499.68,1232182800,18.7646,
300126.SZ,锐奇股份,2012-10-22,3.9625,3.9967,3.9087,3.9967,416483,0.8543,398807196.48,1239760800,18.88,
300126.SZ,锐奇股份,2012-10-23,3.9967,4.026,3.9478,3.9625,445285,0.9133,395394420.96,1229151600,18.7184,
300126.SZ,锐奇股份,2012-10-24,3.9381,4.026,3.9234,3.9625,487645,1.0002,395394420.96,1229151600,18.7184,
300126.SZ,锐奇股份,2012-10-25,3.9332,3.982,3.9283,3.9283,378322,0.776,391981645.44,1218542400,18.5569,
300126.SZ,锐奇股份,2012-10-26,3.9625,3.9625,3.7719,3.8061,573999,1.1773,379793161.44,1180652400,18.4209,
300126.SZ,锐奇股份,2012-10-29,3.8061,3.8355,3.7719,3.811,222698,0.4568,380280700.8,1182168000,18.4446,
300126.SZ,锐奇股份,2012-10-30,3.8208,3.8452,3.7768,3.8257,223500,0.4584,381743318.88,1186714800,18.5155,
300126.SZ,锐奇股份,2012-10-31,3.8306,3.8501,3.7866,3.8355,203385,0.4172,382718397.6,1189746000,18.5628,
300126.SZ,锐奇股份,2012-11-01,3.8452,3.9136,3.8306,3.9087,412995,0.8471,390031488,1212480000,18.9175,
300126.SZ,锐奇股份,2012-11-02,3.9185,3.9381,3.8941,3.9381,238074,0.4883,392956724.16,1221573600,19.0594,
300126.SZ,锐奇股份,2012-11-05,3.9527,3.9527,3.8794,3.9039,205448,0.4214,389543948.64,1210964400,18.8939,
300126.SZ,锐奇股份,2012-11-06,3.9429,3.9429,3.8355,3.899,266148,0.5459,389056409.28,1209448800,18.8702,
300126.SZ,锐奇股份,2012-11-07,3.899,3.9527,3.8745,3.9283,265994,0.5456,391981645.44,1218542400,19.0121,
300126.SZ,锐奇股份,2012-11-08,3.8843,3.9087,3.811,3.8208,263720,0.5409,381255779.52,1185199200,18.4919,
300126.SZ,锐奇股份,2012-11-09,3.8013,3.8452,3.7719,3.7964,371630,0.7623,378818082.72,1177621200,18.3736,
300126.SZ,锐奇股份,2012-11-12,3.8257,3.8306,3.7964,3.8306,114340,0.2345,382230858.24,1188230400,18.5392,
300126.SZ,锐奇股份,2012-11-13,3.8403,3.855,3.7719,3.7866,166855,0.3422,377843004,1174590000,18.3263,
300126.SZ,锐奇股份,2012-11-14,3.8013,3.8061,3.7524,3.7915,170680,0.3501,378330543.36,1176105600,18.35,
300126.SZ,锐奇股份,2012-11-15,3.7915,3.811,3.7524,3.7768,332877,0.6828,376867925.28,1171558800,18.279,
300126.SZ,锐奇股份,2012-11-16,3.7768,3.7768,3.7231,3.7524,247657,0.508,374430228.48,1163980800,18.1608,
300126.SZ,锐奇股份,2012-11-19,3.728,3.7817,3.7084,3.7768,203078,0.4165,376867925.28,1171558800,18.279,
300126.SZ,锐奇股份,2012-11-20,3.8061,3.8355,3.7622,3.811,405565,0.8319,380280700.8,1182168000,18.4446,
300126.SZ,锐奇股份,2012-11-21,3.811,3.8257,3.5618,3.8159,636808,1.3062,380768240.16,1183683600,18.4682,
300126.SZ,锐奇股份,2012-11-22,3.811,3.899,3.7671,3.8697,759651,1.5581,386131173.12,1200355200,18.7283,
300126.SZ,锐奇股份,2012-11-23,3.8452,3.9039,3.8355,3.8501,343320,0.7042,384181015.68,1194292800,18.6337,
300126.SZ,锐奇股份,2012-11-26,3.8159,3.8257,3.7524,3.811,337400,0.692,380280700.8,1182168000,18.4446,
300126.SZ,锐奇股份,2012-11-27,3.7817,3.7817,3.5912,3.6693,427180,0.8762,366142059.36,1138215600,17.7588,
300126.SZ,锐奇股份,2012-11-28,3.64,3.64,3.5716,3.5765,233030,0.478,356878811.52,1109419200,17.3095,
300126.SZ,锐奇股份,2012-11-29,3.5912,3.6058,3.5374,3.5472,126819,0.2601,353953575.36,1100325600,17.1676,
300126.SZ,锐奇股份,2012-11-30,3.5276,3.6009,3.4983,3.5716,195582,0.4012,356391272.16,1107903600,17.2859,
300126.SZ,锐奇股份,2012-12-03,3.5228,3.5765,3.4397,3.4592,116269,0.2385,345177866.88,1073044800,16.742,
300126.SZ,锐奇股份,2012-12-04,3.4592,3.4983,3.4055,3.4886,183880,0.3772,348103103.04,1082138400,16.8839,
300126.SZ,锐奇股份,2012-12-05,3.4886,3.6302,3.4495,3.6058,409651,0.8402,359804047.68,1118512800,17.4514,
300126.SZ,锐奇股份,2012-12-06,3.6009,3.6156,3.5667,3.6058,160611,0.3294,359804047.68,1118512800,17.4514,
300126.SZ,锐奇股份,2012-12-07,3.5814,3.6693,3.5814,3.6645,321408,0.6592,365654520,1136700000,17.7352,
300126.SZ,锐奇股份,2012-12-10,3.6596,3.7182,3.64,3.7133,605427,1.2418,370529913.6,1151856000,17.9716,
300126.SZ,锐奇股份,2012-12-11,3.6791,3.7133,3.6693,3.6742,333673,0.6844,366629598.72,1139731200,17.7825,
300126.SZ,锐奇股份,2012-12-12,3.6547,3.6938,3.6302,3.6693,326185,0.669,366142059.36,1138215600,17.7588,
300126.SZ,锐奇股份,2012-12-13,3.6302,3.7133,3.6156,3.6254,316565,0.6493,361754205.12,1124575200,17.546,
300126.SZ,锐奇股份,2012-12-14,3.6596,3.7817,3.6156,3.7671,794451,1.6295,375892846.56,1168527600,18.2318,
300126.SZ,锐奇股份,2012-12-17,3.7671,3.8061,3.7524,3.7817,478100,0.9806,377355464.64,1173074400,18.3027,
300126.SZ,锐奇股份,2012-12-18,3.7915,3.8306,3.7524,3.811,617291,1.2661,380280700.8,1182168000,18.4446,
300126.SZ,锐奇股份,2012-12-19,3.811,3.8501,3.7719,3.8159,425290,0.8723,380768240.16,1183683600,18.4682,
300126.SZ,锐奇股份,2012-12-20,3.811,3.8501,3.7719,3.8501,415908,0.8531,384181015.68,1194292800,18.6337,
300126.SZ,锐奇股份,2012-12-21,3.8501,3.8843,3.7915,3.8794,533947,1.0952,387106251.84,1203386400,18.7756,
300126.SZ,锐奇股份,2012-12-24,3.8599,3.899,3.8355,3.8843,550497,1.1291,387593791.2,1204902000,18.7993,
300126.SZ,锐奇股份,2012-12-25,3.8843,4.0456,3.8599,4.0456,1987380,4.0763,403682590.08,1254916800,19.5796,
300126.SZ,锐奇股份,2012-12-26,4.0944,4.1188,4.0114,4.1091,2224651,4.563,410020601.76,1274619600,19.887,
300126.SZ,锐奇股份,2012-12-27,4.1482,4.1482,4.0016,4.0456,1367481,2.8049,403682590.08,1254916800,19.5796,
300126.SZ,锐奇股份,2012-12-28,4.0456,4.0749,3.9723,4.0749,815608,1.6729,406607826.24,1264010400,19.7215,
300126.SZ,锐奇股份,2012-12-31,4.153,4.153,4.07,4.0749,930039,1.9076,406607826.24,1264010400,19.7215,
300126.SZ,锐奇股份,2013-01-04,4.1237,4.2947,4.0309,4.1384,1486812,3.0496,412945837.92,1283713200,20.0289,
300126.SZ,锐奇股份,2013-01-07,4.1824,4.2312,4.0895,4.1872,2152946,4.4159,417821231.52,1298869200,20.2654,
300126.SZ,锐奇股份,2013-01-08,4.2263,4.2801,4.1482,4.2508,1709126,3.5056,424159243.2,1318572000,20.5728,
300126.SZ,锐奇股份,2013-01-09,4.2508,4.3192,4.153,4.2752,2323391,4.7655,426596940,1326150000,20.691,
300126.SZ,锐奇股份,2013-01-10,4.2703,4.3045,4.2263,4.2947,1498568,3.0737,428547097.44,1332212400,20.7856,
300126.SZ,锐奇股份,2013-01-11,4.2947,4.4267,4.2947,4.3289,2984192,6.1209,431959872.96,1342821600,20.9511,
300126.SZ,锐奇股份,2013-01-14,4.2947,4.4071,4.2654,4.3973,3562799,7.3077,438785424,1364040000,21.2822,
300126.SZ,锐奇股份,2013-01-15,4.4218,4.5439,4.3876,4.4462,3227108,6.6192,443660817.6,1379196000,21.5187,
300126.SZ,锐奇股份,2013-01-16,4.4413,4.456,4.2899,4.3631,1882500,3.8612,435372648.48,1353430800,21.1167,
300126.SZ,锐奇股份,2013-01-17,4.3289,4.3778,4.241,4.2556,1539179,3.157,424646782.56,1320087600,20.5964,
300126.SZ,锐奇股份,2013-01-18,4.2899,4.456,4.2214,4.4315,1897976,3.893,442198199.52,1374649200,21.4477,
300126.SZ,锐奇股份,2013-01-21,4.5341,4.5341,4.3583,4.4413,2307198,4.7323,443173278.24,1377680400,21.495,
300126.SZ,锐奇股份,2013-01-22,4.4413,4.4413,4.2508,4.285,1388376,2.8477,427572018.72,1329181200,20.7383,
300126.SZ,锐奇股份,2013-01-23,4.285,4.3729,4.1433,4.2703,1667443,3.4201,426109400.64,1324634400,20.6674,
300126.SZ,锐奇股份,2013-01-24,4.2605,4.3045,3.9723,4.0993,1694887,3.4764,409045523.04,1271588400,19.8397,
300126.SZ,锐奇股份,2013-01-25,4.1042,4.1091,3.9625,4.0504,994572,2.04,404170129.44,1256432400,19.6033,
300126.SZ,锐奇股份,2013-01-28,4.0456,4.1775,4.0016,4.153,1348472,2.7659,414408456,1288260000,20.0999,
300126.SZ,锐奇股份,2013-01-29,4.153,4.2312,4.1384,4.1824,1737879,3.5646,417333692.16,1297353600,20.2417,
300126.SZ,锐奇股份,2013-01-30,4.2166,4.2166,4.1433,4.1824,877185,1.7992,417333692.16,1297353600,20.2417,
300126.SZ,锐奇股份,2013-01-31,4.1188,4.1433,4.0504,4.0798,1596632,3.2749,407095365.6,1265526000,19.7452,
300126.SZ,锐奇股份,2013-02-01,4.0602,4.1775,4.0309,4.153,1112832,2.2825,414408456,1288260000,20.0999,
300126.SZ,锐奇股份,2013-02-04,4.153,4.1872,4.0456,4.0895,1137693,2.3335,408070444.32,1268557200,19.7924,
300126.SZ,锐奇股份,2013-02-05,4.0798,4.114,4.0358,4.1042,873623,1.7919,409533062.4,1273104000,19.8634,
300126.SZ,锐奇股份,2013-02-06,4.0993,4.1433,4.0993,4.1237,876384,1.7976,411483219.84,1279166400,19.958,
300126.SZ,锐奇股份,2013-02-07,4.1384,4.1384,4.0846,4.1384,748028,1.5343,412945837.92,1283713200,20.0289,
300126.SZ,锐奇股份,2013-02-08,4.1433,4.2068,4.1335,4.1824,1043765,2.1409,417333692.16,1297353600,20.2417,
300126.SZ,锐奇股份,2013-02-18,4.2019,4.2459,4.1775,4.241,1138741,2.3357,423184164.48,1315540800,20.5255,
300126.SZ,锐奇股份,2013-02-19,4.2263,4.2459,4.1188,4.1433,1298057,2.6625,413433377.28,1285228800,20.0526,
300126.SZ,锐奇股份,2013-02-20,4.1579,4.285,4.1384,4.285,4330345,8.882,427572018.72,1329181200,20.7383,
300126.SZ,锐奇股份,2013-02-21,4.2654,4.2752,4.1335,4.1824,2354554,4.8295,417333692.16,1297353600,20.2417,
300126.SZ,锐奇股份,2013-02-22,4.1775,4.2263,4.153,4.1921,1042719,2.1387,418308770.88,1300384800,20.289,
300126.SZ,锐奇股份,2013-02-25,4.197,4.2703,4.1824,4.2508,1368285,2.8065,424159243.2,1318572000,20.5728,
300126.SZ,锐奇股份,2013-02-26,4.241,4.3387,4.2019,4.2214,2390596,4.9034,421234007.04,1309478400,20.4309,
300126.SZ,锐奇股份,2013-02-27,4.2214,4.2459,4.07,4.0944,2193154,4.4984,408557983.68,1270072800,24.0559,
300126.SZ,锐奇股份,2013-02-28,4.1042,4.1872,4.0895,4.1775,1194428,2.4499,416846152.8,1295838000,24.5439,
300126.SZ,锐奇股份,2013-03-01,4.197,4.2654,4.1726,4.2556,2145623,4.4009,424646782.56,1320087600,25.0032,
300126.SZ,锐奇股份,2013-03-04,4.2361,4.2605,4.0798,4.1091,1475696,3.0268,410020601.76,1274619600,24.142,
300126.SZ,锐奇股份,2013-03-05,4.114,4.2263,4.1091,4.2263,1079382,2.2139,421721546.4,1310994000,24.831,
300126.SZ,锐奇股份,2013-03-06,4.2263,4.3045,4.2166,4.2996,2068203,4.2421,429034636.8,1333728000,25.2616,
300126.SZ,锐奇股份,2013-03-07,4.2947,4.3729,4.241,4.3534,3435850,7.0473,434397569.76,1350399600,25.5774,
300126.SZ,锐奇股份,2013-03-08,4.4609,4.7882,4.4609,4.5781,9595473,19.6814,456824380.32,1420117200,26.8979,
300126.SZ,锐奇股份,2013-03-11,4.4218,4.539,4.4022,4.4413,4238359,8.6934,443173278.24,1377680400,26.0941,
300126.SZ,锐奇股份,2013-03-12,4.4315,4.4413,4.1775,4.2166,3603350,7.3909,420746467.68,1307962800,24.7736,
300126.SZ,锐奇股份,2013-03-13,4.2019,4.2361,4.114,4.1628,1504791,3.0865,415383534.72,1291291200,24.4578,
300126.SZ,锐奇股份,2013-03-14,4.153,4.2068,4.1384,4.1775,807162,1.6556,416846152.8,1295838000,24.5439,
300126.SZ,锐奇股份,2013-03-15,4.1921,4.2263,4.0944,4.1384,1385065,2.8409,412945837.92,1283713200,24.3143,
300126.SZ,锐奇股份,2013-03-18,4.1335,4.1482,4.0553,4.0651,931129,1.9099,405632747.52,1260979200,23.8837,
300126.SZ,锐奇股份,2013-03-19,4.0651,4.0993,3.9869,4.0553,900869,1.8478,404657668.8,1257948000,23.8263,
300126.SZ,锐奇股份,2013-03-20,4.0358,4.1921,4.0358,4.1921,1338359,2.7451,418308770.88,1300384800,24.6301,
300126.SZ,锐奇股份,2013-03-21,4.1921,4.2752,4.1677,4.2703,2069388,4.2446,426109400.64,1324634400,25.0894,
300126.SZ,锐奇股份,2013-03-22,4.2703,4.3534,4.2117,4.3436,1635545,3.3547,433422491.04,1347368400,25.52,
300126.SZ,锐奇股份,2013-03-25,4.3387,4.3583,4.2654,4.3045,802418,1.6459,429522176.16,1335243600,25.2903,
300126.SZ,锐奇股份,2013-03-26,4.2996,4.3094,4.1775,4.2996,1327432,2.7227,429034636.8,1333728000,25.2616,
300126.SZ,锐奇股份,2013-03-27,4.2899,4.3094,4.2166,4.241,804814,1.6508,423184164.48,1315540800,24.9171,
300126.SZ,锐奇股份,2013-03-28,4.2068,4.2166,4.0846,4.0895,1039606,2.1324,408070444.32,1268557200,24.0272,
300126.SZ,锐奇股份,2013-03-29,4.0895,4.1482,4.0798,4.0993,386814,0.7934,409045523.04,1271588400,24.0846,
300126.SZ,锐奇股份,2013-04-01,4.0846,4.114,4.0602,4.0749,489819,1.0047,406607826.24,1264010400,23.9411,
300126.SZ,锐奇股份,2013-04-02,4.1433,4.1433,4.0358,4.0407,595929,1.2223,403195050.72,1253401200,23.7402,
300126.SZ,锐奇股份,2013-04-03,4.0407,4.0798,3.9967,4.0162,433530,0.8892,400757353.92,1245823200,23.5966,
300126.SZ,锐奇股份,2013-04-08,4.0065,4.0065,3.899,3.9918,637170,1.3069,398319657.12,1238245200,23.4531,
300126.SZ,锐奇股份,2013-04-09,3.982,4.0407,3.9723,4.0211,298480,0.6122,401244893.28,1247338800,23.6253,
300126.SZ,锐奇股份,2013-04-10,4.0162,4.0456,3.9869,4.0114,296565,0.6083,400269814.56,1244307600,23.5679,
300126.SZ,锐奇股份,2013-04-11,4.0309,4.0651,3.9723,3.9772,557139,1.1428,396857039.04,1233698400,23.367,
300126.SZ,锐奇股份,2013-04-12,3.9527,3.9723,3.8355,3.8452,676990,1.3886,383693476.32,1192777200,22.7333,
300126.SZ,锐奇股份,2013-04-15,3.8159,3.855,3.7622,3.7622,456597,0.9365,375405307.2,1167012000,22.2423,
300126.SZ,锐奇股份,2013-04-16,3.7573,3.8306,3.7377,3.8159,412730,0.8466,380768240.16,1183683600,22.56,
300126.SZ,锐奇股份,2013-04-17,3.8159,3.8843,3.7915,3.8745,494959,1.0152,386618712.48,1201870800,22.9066,
300126.SZ,锐奇股份,2013-04-18,3.8355,3.8941,3.8159,3.8843,444935,0.9126,387593791.2,1204902000,22.9644,
300126.SZ,锐奇股份,2013-04-19,3.8501,3.9674,3.8501,3.9527,655633,1.3448,394419342.24,1226120400,23.3688,
300126.SZ,锐奇股份,2013-04-22,3.9136,3.9625,3.9136,3.9478,355137,0.7284,393931802.88,1224604800,23.3399,
300126.SZ,锐奇股份,2013-04-23,3.9723,3.9772,3.7964,3.8208,630834,1.2939,381255779.52,1185199200,22.5889,
300126.SZ,锐奇股份,2013-04-24,3.811,3.9039,3.8061,3.899,558614,1.1458,389056409.28,1209448800,23.4719,
300126.SZ,锐奇股份,2013-04-25,3.8697,3.9527,3.8599,3.8843,710255,1.4568,387593791.2,1204902000,23.3837,
300126.SZ,锐奇股份,2013-04-26,3.8501,3.9234,3.8501,3.8599,567233,1.1635,385156094.4,1197324000,23.2366,
300126.SZ,锐奇股份,2013-05-02,3.8648,3.8697,3.811,3.8599,212945,0.4368,385156094.4,1197324000,23.2366,
300126.SZ,锐奇股份,2013-05-03,3.8599,3.9576,3.8599,3.9478,530298,1.0877,393931802.88,1224604800,23.7661,
300126.SZ,锐奇股份,2013-05-06,3.9674,4.0651,3.9478,4.0602,796213,1.6331,405145208.16,1259463600,24.4426,
300126.SZ,锐奇股份,2013-05-07,4.0358,4.0553,3.9967,4.0211,461686,0.947,401244893.28,1247338800,24.2073,
300126.SZ,锐奇股份,2013-05-08,4.0016,4.0456,4.0016,4.0309,546880,1.1217,402219972,1250370000,24.2661,
300126.SZ,锐奇股份,2013-05-09,4.026,4.1384,4.0162,4.0944,1055906,2.1658,408557983.68,1270072800,24.6485,
300126.SZ,锐奇股份,2013-05-10,4.0944,4.1579,4.0602,4.1335,538212,1.1039,412458298.56,1282197600,24.8838,
300126.SZ,锐奇股份,2013-05-13,4.1384,4.1384,4.0895,4.1286,570408,1.17,411970759.2,1280682000,24.8544,
300126.SZ,锐奇股份,2013-05-14,4.0993,4.1335,4.0358,4.0602,625580,1.2831,405145208.16,1259463600,24.4426,
300126.SZ,锐奇股份,2013-05-15,4.0895,4.153,4.0456,4.1482,1087709,2.231,413920916.64,1286744400,24.972,
300126.SZ,锐奇股份,2013-05-16,4.1433,4.2508,4.1091,4.1384,1497097,3.0707,412945837.92,1283713200,24.9132,
300126.SZ,锐奇股份,2013-05-17,4.1824,4.2117,4.1384,4.1872,901549,1.8492,417821231.52,1298869200,25.2073,
300126.SZ,锐奇股份,2013-05-20,4.1921,4.2947,4.1921,4.2899,1272859,2.6108,428059558.08,1330696800,25.825,
300126.SZ,锐奇股份,2013-05-21,4.2752,4.3534,4.2703,4.3534,1089543,2.2348,434397569.76,1350399600,26.2074,
300126.SZ,锐奇股份,2013-05-22,4.3289,4.368,4.2263,4.2654,1041971,2.1372,425621861.28,1323118800,25.6779,
300126.SZ,锐奇股份,2013-05-23,4.2312,4.3289,4.2214,4.2508,866551,1.7774,424159243.2,1318572000,25.5897,
300126.SZ,锐奇股份,2013-05-24,4.2605,4.368,4.2459,4.3436,1053871,2.1616,433422491.04,1347368400,26.1486,
300126.SZ,锐奇股份,2013-05-27,4.368,4.4267,4.3387,4.3583,1162344,2.3841,434885109.12,1351915200,26.2368,
300126.SZ,锐奇股份,2013-05-28,4.3387,4.3729,4.2263,4.2752,1178941,2.4181,426596940,1326150000,25.7368,
300126.SZ,锐奇股份,2013-05-29,4.3048,4.3543,4.2801,4.3296,791474,1.6234,427084479.36,1327665600,25.7662,
300126.SZ,锐奇股份,2013-05-30,4.3048,4.3691,4.3048,4.3642,944345,1.937,430497254.88,1338274800,25.9721,
300126.SZ,锐奇股份,2013-05-31,4.3642,4.374,4.2851,4.3345,796114,1.6329,427572018.72,1329181200,25.7956,
300126.SZ,锐奇股份,2013-06-03,4.3296,4.3543,4.2752,4.2851,492002,1.0092,422696625.12,1314025200,25.5015,
300126.SZ,锐奇股份,2013-06-04,4.2703,4.29,4.1269,4.1417,1020204,2.0926,408557983.68,1270072800,24.6485,
300126.SZ,锐奇股份,2013-06-05,4.1417,4.1813,4.1072,4.1417,466701,0.9573,408557983.68,1270072800,24.6485,
300126.SZ,锐奇股份,2013-06-06,4.117,4.1566,4.0478,4.0676,567932,1.1649,401244893.28,1247338800,24.2073,
300126.SZ,锐奇股份,2013-06-07,4.1022,4.1368,4.0132,4.0429,485734,0.9963,398807196.48,1239760800,24.0602,
300126.SZ,锐奇股份,2013-06-13,3.9984,4.0034,3.8946,3.9292,387154,0.7941,387593791.2,1204902000,23.3837,
300126.SZ,锐奇股份,2013-06-14,3.9688,4.0281,3.9342,4.0083,553960,1.1362,395394420.96,1229151600,23.8543,
300126.SZ,锐奇股份,2013-06-17,4.0083,4.0874,3.9935,4.033,422242,0.8661,397832117.76,1236729600,24.0014,
300126.SZ,锐奇股份,2013-06-18,4.0083,4.0429,3.9441,4.038,524026,1.0748,398319657.12,1238245200,24.0308,
300126.SZ,锐奇股份,2013-06-19,3.9786,4.0083,3.9441,4.0083,800003,1.6409,395394420.96,1229151600,23.8543,
300126.SZ,锐奇股份,2013-06-20,3.9885,4.033,3.9193,3.9441,775761,1.5912,389056409.28,1209448800,23.4719,
300126.SZ,锐奇股份,2013-06-21,3.8798,3.9243,3.7859,3.8304,1262414,2.5894,377843004,1174590000,22.7954,
300126.SZ,锐奇股份,2013-06-24,3.8304,3.8304,3.5536,3.6574,1022520,2.0973,360779126.4,1121544000,21.7659,
300126.SZ,锐奇股份,2013-06-25,3.7315,3.7315,3.4004,3.6426,884949,1.8151,359316508.32,1116997200,21.6777,
300126.SZ,锐奇股份,2013-06-26,3.6475,3.7266,3.5734,3.6969,824360,1.6909,364679441.28,1133668800,22.0013,
300126.SZ,锐奇股份,2013-06-27,3.6722,3.7562,3.5981,3.6228,766382,1.5719,357366350.88,1110934800,21.5601,
300126.SZ,锐奇股份,2013-06-28,3.6228,3.6821,3.5635,3.5833,406037,0.8328,353466036,1098810000,21.3247,
300126.SZ,锐奇股份,2013-07-01,3.608,3.6772,3.5585,3.6574,449677,0.9223,360779126.4,1121544000,21.7659,
300126.SZ,锐奇股份,2013-07-02,3.6574,3.7414,3.6376,3.7266,788724,1.6178,367604677.44,1142762400,22.1777,
300126.SZ,锐奇股份,2013-07-03,3.687,3.7711,3.6376,3.7612,636187,1.3049,371017452.96,1153371600,22.3836,
300126.SZ,锐奇股份,2013-07-04,3.7414,3.8205,3.7068,3.7562,628430,1.289,370529913.6,1151856000,22.3542,
300126.SZ,锐奇股份,2013-07-05,3.7562,3.8007,3.7315,3.7315,337528,0.6923,368092216.8,1144278000,22.2071,
300126.SZ,锐奇股份,2013-07-08,3.7019,3.7019,3.5338,3.5437,534552,1.0964,349565721.12,1086685200,21.0894,
300126.SZ,锐奇股份,2013-07-09,3.5536,3.6228,3.5289,3.5931,519754,1.0661,354441114.72,1101841200,21.3836,
300126.SZ,锐奇股份,2013-07-10,3.6327,3.7562,3.6228,3.7365,949249,1.947,368579756.16,1145793600,22.2366,
300126.SZ,锐奇股份,2013-07-11,3.7167,3.8551,3.7068,3.8155,990600,2.0318,376380385.92,1170043200,22.7072,
300126.SZ,锐奇股份,2013-07-12,3.8254,3.8798,3.7908,3.8155,828841,1.7,376380385.92,1170043200,22.7072,
300126.SZ,锐奇股份,2013-07-15,3.8403,3.9342,3.8304,3.9193,804518,1.6502,386618712.48,1201870800,23.3249,
300126.SZ,锐奇股份,2013-07-16,3.9292,3.9688,3.8847,3.9441,1028302,2.1092,389056409.28,1209448800,23.4719,
300126.SZ,锐奇股份,2013-07-17,3.9144,3.9786,3.8699,3.9045,639563,1.3118,385156094.4,1197324000,23.2366,
300126.SZ,锐奇股份,2013-07-18,3.9144,3.949,3.8403,3.9095,786842,1.6139,385643633.76,1198839600,23.266,
300126.SZ,锐奇股份,2013-07-19,3.9144,3.9786,3.8155,3.8205,1191679,2.4443,376867925.28,1171558800,22.7366,
300126.SZ,锐奇股份,2013-07-22,3.7859,3.9243,3.7513,3.9193,887360,1.8201,386618712.48,1201870800,23.3249,
300126.SZ,锐奇股份,2013-07-23,3.9193,4.0676,3.9193,4.0577,1279122,2.6236,400269814.56,1244307600,24.1484,
300126.SZ,锐奇股份,2013-07-24,4.0132,4.1368,3.9638,4.1368,1618187,3.3191,408070444.32,1268557200,24.6191,
300126.SZ,锐奇股份,2013-07-25,4.1072,4.3098,4.1072,4.1912,2935066,6.0202,413433377.28,1285228800,24.9426,
300126.SZ,锐奇股份,2013-07-26,4.1813,4.1961,4.0577,4.1467,806785,1.6548,409045523.04,1271588400,24.6779,
300126.SZ,锐奇股份,2013-07-29,4.117,4.1961,4.0726,4.0874,751420,1.5412,403195050.72,1253401200,24.3249,
300126.SZ,锐奇股份,2013-07-30,4.0775,4.1368,3.9688,4.0973,843993,1.7311,404170129.44,1256432400,24.3837,
300126.SZ,锐奇股份,2013-07-31,4.0923,4.1763,4.0775,4.1665,776819,1.5933,410995680.48,1277650800,24.7955,
300126.SZ,锐奇股份,2013-08-01,4.1072,4.3394,4.1072,4.3394,1883893,3.8641,428059558.08,1330696800,25.825,
300126.SZ,锐奇股份,2013-08-02,4.3543,4.4086,4.2801,4.2851,1461558,2.9978,422696625.12,1314025200,25.5015,
300126.SZ,锐奇股份,2013-08-05,4.2801,4.3592,4.2357,4.3444,1078574,2.2123,428547097.44,1332212400,25.8544,
300126.SZ,锐奇股份,2013-08-06,4.3048,4.3889,4.3048,4.3839,1151799,2.3625,432447412.32,1344337200,26.0897,
300126.SZ,锐奇股份,2013-08-07,4.3988,4.5223,4.2851,4.463,2711570,5.5617,440248042.08,1368586800,26.5603,
300126.SZ,锐奇股份,2013-08-08,4.4037,4.4136,4.3048,4.379,1080654,2.2165,431959872.96,1342821600,26.0603,
300126.SZ,锐奇股份,2013-08-09,4.379,4.5025,4.2109,4.4927,1683567,3.4532,443173278.24,1377680400,26.7368,
300126.SZ,锐奇股份,2013-08-12,4.4976,4.5965,4.3691,4.5866,2564168,5.2594,452436526.08,1406476800,27.2957,
300126.SZ,锐奇股份,2013-08-13,4.5174,4.6409,4.5174,4.6162,1735447,3.5596,455361762.24,1415570400,27.4722,
300126.SZ,锐奇股份,2013-08-14,4.6162,4.6854,4.5421,4.6261,1735448,3.5596,456336840.96,1418601600,27.531,
300126.SZ,锐奇股份,2013-08-15,4.631,4.631,4.5174,4.5619,1062596,2.1795,449998829.28,1398898800,27.1486,
300126.SZ,锐奇股份,2013-08-16,4.5124,4.5915,4.4482,4.5075,2189040,4.49,444635896.32,1382227200,24.3817,
300126.SZ,锐奇股份,2013-08-19,4.4976,4.5273,4.463,4.5174,1076630,2.2083,445610975.04,1385258400,24.4351,
300126.SZ,锐奇股份,2013-08-20,4.5223,4.631,4.5124,4.547,1461334,2.9974,448536211.2,1394352000,24.5955,
300126.SZ,锐奇股份,2013-08-21,4.547,4.5767,4.4976,4.5273,653148,1.3397,446586053.76,1388289600,24.4886,
300126.SZ,锐奇股份,2013-08-22,4.5273,4.6706,4.4729,4.631,2058565,4.2224,456824380.32,1420117200,25.05,
300126.SZ,锐奇股份,2013-08-23,4.631,4.6953,4.4581,4.5915,1733642,3.5559,452924065.44,1407992400,24.8361,
300126.SZ,锐奇股份,2013-08-26,4.5717,4.6459,4.5619,4.6261,1283713,2.633,456336840.96,1418601600,25.0233,
300126.SZ,锐奇股份,2013-08-27,4.6113,4.6805,4.5322,4.6558,1545948,3.1709,459262077.12,1427695200,25.1837,
300126.SZ,锐奇股份,2013-08-28,4.6063,4.6656,4.5223,4.5668,1152772,2.3645,450486368.64,1400414400,24.7025,
300126.SZ,锐奇股份,2013-08-29,4.5668,4.5866,4.3938,4.5174,1932437,3.9637,445610975.04,1385258400,24.4351,
300126.SZ,锐奇股份,2013-08-30,4.4679,4.8683,4.4037,4.6904,4100363,8.4103,462674852.64,1438304400,25.3708,
300126.SZ,锐奇股份,2013-09-02,4.6755,4.7398,4.547,4.6508,1841728,3.7776,458774537.76,1426179600,25.157,
300126.SZ,锐奇股份,2013-09-03,4.6459,4.8386,4.5619,4.7892,2876968,5.901,472425639.84,1468616400,25.9055,
300126.SZ,锐奇股份,2013-09-04,4.7941,4.8386,4.6706,4.8238,2235446,4.5852,475838415.36,1479225600,26.0927,
300126.SZ,锐奇股份,2013-09-05,4.8238,4.8287,4.7002,4.72,1530963,3.1402,465600088.8,1447398000,25.5312,
300126.SZ,锐奇股份,2013-09-06,4.725,4.8386,4.6113,4.809,1796372,3.6846,474375797.28,1474678800,26.0124,
300126.SZ,锐奇股份,2013-09-09,4.7843,4.8535,4.7052,4.7398,1495698,3.0679,467550246.24,1453460400,25.6382,
300126.SZ,锐奇股份,2013-09-10,4.7348,4.7843,4.7002,4.7694,1361106,2.7918,470475482.4,1462554000,25.7986,
300126.SZ,锐奇股份,2013-09-11,4.7892,4.8287,4.636,4.7151,1346639,2.7621,465112549.44,1445882400,25.5045,
300126.SZ,锐奇股份,2013-09-12,4.6755,4.7694,4.6459,4.6706,641271,1.3153,460724695.2,1432242000,25.2639,
300126.SZ,锐奇股份,2013-09-13,4.6953,4.7101,4.6162,4.6755,587139,1.2043,461212234.56,1433757600,25.2906,
300126.SZ,锐奇股份,2013-09-16,4.6261,4.8139,4.6261,4.7744,1218644,2.4996,470963021.76,1464069600,25.8253,
300126.SZ,锐奇股份,2013-09-17,4.7299,4.7793,4.6409,4.6953,779024,1.5979,463162392,1439820000,25.3976,
300126.SZ,锐奇股份,2013-09-18,4.6755,4.6904,4.5816,4.636,784321,1.6087,457311919.68,1421632800,25.0767,
300126.SZ,锐奇股份,2013-09-23,4.6409,4.6755,4.6162,4.6508,821921,1.6859,458774537.76,1426179600,25.157,
300126.SZ,锐奇股份,2013-09-24,4.6459,4.6508,4.5421,4.5421,710610,1.4575,448048671.84,1392836400,24.5688,
300126.SZ,锐奇股份,2013-09-25,4.5273,4.6755,4.5273,4.6409,1135240,2.3285,457799459.04,1423148400,25.1035,
300126.SZ,锐奇股份,2013-09-26,4.5717,4.6459,4.5421,4.6113,690870,1.4171,454874222.88,1414054800,24.9431,
300126.SZ,锐奇股份,2013-09-27,4.5569,4.6261,4.547,4.547,339600,0.6966,448536211.2,1394352000,24.5955,
300126.SZ,锐奇股份,2013-09-30,4.5322,4.6212,4.5223,4.6212,376911,0.7731,455849301.6,1417086000,24.9965,
300126.SZ,锐奇股份,2013-10-08,4.6162,4.631,4.5866,4.6162,692730,1.4209,455361762.24,1415570400,24.9698,
300126.SZ,锐奇股份,2013-10-09,4.6261,4.6459,4.5965,4.6459,987519,2.0255,458286998.4,1424664000,25.1302,
300126.SZ,锐奇股份,2013-10-10,4.6409,4.6656,4.5965,4.6014,711582,1.4595,453899144.16,1411023600,24.8896,
300126.SZ,锐奇股份,2013-10-11,4.6014,4.7843,4.5816,4.7447,2102555,4.3126,468037785.6,1454976000,25.6649,
300126.SZ,锐奇股份,2013-10-14,4.7497,4.8189,4.6904,4.8139,2018527,4.1402,474863336.64,1476194400,26.0392,
300126.SZ,锐奇股份,2013-10-15,4.7941,4.8287,4.7151,4.804,1212742,2.4875,473888257.92,1473163200,25.9857,
300126.SZ,锐奇股份,2013-10-16,4.7694,4.7991,4.6558,4.7843,990990,1.2591,761892975.36,1467100800,25.8788,
300126.SZ,锐奇股份,2013-10-17,4.8287,4.8584,4.636,4.6706,2719410,3.4551,743790146.4,1432242000,25.2639,
300126.SZ,锐奇股份,2013-10-18,4.6854,4.7645,4.5668,4.5668,1109861,1.4101,727261476.48,1400414400,24.7025,
300126.SZ,锐奇股份,2013-10-21,4.5816,4.6656,4.5767,4.5767,1899127,2.4129,728835635.52,1403445600,24.7559,
300126.SZ,锐奇股份,2013-10-22,4.6162,4.6805,4.5767,4.6063,2026284,2.5744,733558112.64,1412539200,24.9163,
300126.SZ,锐奇股份,2013-10-23,4.6409,4.6558,4.4136,4.4136,1925530,2.4464,702862011.36,1353430800,23.8737,
300126.SZ,锐奇股份,2013-10-24,4.4037,4.4432,4.2653,4.2703,1851818,2.3528,680036705.28,1309478400,23.0984,
300126.SZ,锐奇股份,2013-10-25,4.2999,4.3592,4.1763,4.1763,1377284,1.7499,665082194.4,1280682000,22.5905,
300126.SZ,锐奇股份,2013-10-28,4.2208,4.2653,4.2011,4.2505,1327450,1.6866,676888387.2,1303416000,24.5834,
300126.SZ,锐奇股份,2013-10-29,4.2505,4.374,4.2109,4.2554,2305881,2.9297,677675466.72,1304931600,24.612,
300126.SZ,锐奇股份,2013-10-30,4.2703,4.3691,4.2208,4.3592,1147780,1.4583,694204136.64,1336759200,25.2123,
300126.SZ,锐奇股份,2013-10-31,4.3147,4.5223,4.3048,4.4828,1743666,2.2154,713881124.64,1374649200,25.9269,
300126.SZ,锐奇股份,2013-11-01,4.4729,4.4778,4.3493,4.4185,1586233,2.0153,703649090.88,1354946400,25.5553,
300126.SZ,锐奇股份,2013-11-04,4.4086,4.4432,4.3642,4.4086,489919,0.6225,702074931.84,1351915200,25.4981,
300126.SZ,锐奇股份,2013-11-05,4.3444,4.4334,4.3444,4.4086,615972,0.7826,702074931.84,1351915200,25.4981,
300126.SZ,锐奇股份,2013-11-06,4.374,4.4284,4.374,4.3839,972101,1.2351,698139534.24,1344337200,25.3552,
300126.SZ,锐奇股份,2013-11-07,4.3938,4.3988,4.3147,4.3691,519729,0.6603,695778295.68,1339790400,25.2694,
300126.SZ,锐奇股份,2013-11-08,4.379,4.379,4.2703,4.3296,655728,0.8331,689481659.52,1327665600,25.0408,
300126.SZ,锐奇股份,2013-11-11,4.3296,4.4482,4.2999,4.4284,731680,0.9296,705223249.92,1357977600,25.6125,
300126.SZ,锐奇股份,2013-11-12,4.3938,4.8732,4.3938,4.8732,6361474,8.0824,776060406.72,1494381600,28.1852,
300126.SZ,锐奇股份,2013-11-13,4.9029,5.1105,4.8485,4.9671,9153641,11.6299,791014917.6,1523178000,28.7283,
300126.SZ,锐奇股份,2013-11-14,4.893,5.2834,4.8535,5.2637,9929617,12.6158,838239688.8,1614114000,30.4434,
300126.SZ,锐奇股份,2013-11-15,5.1747,5.3971,5.1352,5.2637,8154106,10.36,838239688.8,1614114000,30.4434,
300126.SZ,锐奇股份,2013-11-18,5.2192,5.3625,5.1549,5.3131,6287706,7.9887,846110484,1629270000,30.7292,
300126.SZ,锐奇股份,2013-11-19,5.2884,5.3378,5.2093,5.2439,3891504,4.9442,835091370.72,1608051600,30.3291,
300126.SZ,锐奇股份,2013-11-20,5.2143,5.3823,5.1648,5.2439,5880348,7.4711,835091370.72,1608051600,30.3291,
300126.SZ,锐奇股份,2013-11-21,5.2044,5.2044,5.066,5.1302,3611360,4.5883,816988541.76,1573192800,29.6716,
300126.SZ,锐奇股份,2013-11-22,5.1006,5.2093,5.0709,5.1648,2329587,2.9598,822498098.4,1583802000,29.8717,
300126.SZ,锐奇股份,2013-11-25,5.1648,5.4762,5.1154,5.3477,4958269,6.2996,851620040.64,1639879200,30.9293,
300126.SZ,锐奇股份,2013-11-26,5.2686,5.4564,5.2044,5.318,3639551,4.6241,846897563.52,1630785600,30.7578,
300126.SZ,锐奇股份,2013-11-27,5.3625,5.3823,5.2291,5.2785,2466782,3.1341,840600927.36,1618660800,30.5292,
300126.SZ,锐奇股份,2013-11-28,5.2884,5.5355,5.2538,5.3922,4955547,6.2961,858703756.32,1653519600,31.1866,
300126.SZ,锐奇股份,2013-11-29,5.3922,5.6739,5.3625,5.5108,5017028,6.3742,877593664.8,1689894000,31.8727,
300126.SZ,锐奇股份,2013-12-02,5.239,5.239,4.9622,4.9622,4959411,6.301,790227838.08,1521662400,28.6997,
300126.SZ,锐奇股份,2013-12-03,4.7596,4.9622,4.5965,4.8881,4163112,5.2893,778421645.28,1498928400,28.2709,
300126.SZ,锐奇股份,2013-12-04,4.8732,5.0116,4.804,4.8337,2839629,3.6078,769763770.56,1482256800,27.9565,
300126.SZ,锐奇股份,2013-12-05,4.8436,5.0067,4.7843,4.9227,3436018,4.3655,783931201.92,1509537600,28.471,
300126.SZ,锐奇股份,2013-12-06,4.893,4.9325,4.8189,4.8436,2381290,3.0255,771337929.6,1485288000,28.0136,
300126.SZ,锐奇股份,2013-12-09,4.8436,4.977,4.8436,4.9572,2026848,2.5752,789440758.56,1520146800,28.6711,
300126.SZ,锐奇股份,2013-12-10,4.9128,4.9968,4.9128,4.9276,1358651,1.7262,784718281.44,1511053200,28.4996,
300126.SZ,锐奇股份,2013-12-11,4.9078,4.977,4.9078,4.9177,1464829,1.8611,783144122.4,1508022000,28.4424,
300126.SZ,锐奇股份,2013-12-12,4.8683,5.3576,4.8683,5.3279,5071293,6.4432,848471722.56,1633816800,30.815,
300126.SZ,锐奇股份,2013-12-13,5.2834,5.5157,5.1895,5.412,3892133,4.945,861852074.4,1659582000,31.301,
300126.SZ,锐奇股份,2013-12-16,5.3378,5.5553,5.2686,5.3378,2339165,2.972,850045881.6,1636848000,30.8722,
300126.SZ,锐奇股份,2013-12-17,5.3378,5.6294,5.3378,5.4811,4031958,5.1227,872871187.68,1680800400,31.7012,
300126.SZ,锐奇股份,2013-12-18,5.491,5.5454,5.3378,5.3872,2610878,3.3172,857916676.8,1652004000,31.158,
300126.SZ,锐奇股份,2013-12-19,5.4416,5.4614,5.2785,5.3526,2021639,2.5685,852407120.16,1641394800,30.9579,
300126.SZ,锐奇股份,2013-12-20,5.3131,5.4861,5.2933,5.3576,2086978,2.6515,853194199.68,1642910400,30.9865,
300126.SZ,锐奇股份,2013-12-23,5.318,5.3378,5.0462,5.1302,2437534,3.0969,816988541.76,1573192800,29.6716,
300126.SZ,锐奇股份,2013-12-24,5.1105,5.2686,5.061,5.2587,1315027,1.6708,837452609.28,1612598400,30.4148,
300126.SZ,锐奇股份,2013-12-25,5.3032,5.7826,5.2489,5.7826,2765317,3.5134,920883038.4,1773252000,33.4449,
300126.SZ,锐奇股份,2013-12-26,5.8568,6.2769,5.8073,6.0841,8346753,10.6047,968894889.12,1865703600,35.1886,
300126.SZ,锐奇股份,2013-12-27,5.9952,6.351,5.9309,6.3214,6873456,8.7329,1006674706.08,1938452400,36.5607,
300126.SZ,锐奇股份,2013-12-30,6.2027,6.5635,6.1039,6.2324,6046638,7.6824,992507274.72,1911171600,36.0461,
300126.SZ,锐奇股份,2013-12-31,6.1681,6.4103,5.8864,5.9556,3794099,4.8205,948430821.6,1826298000,34.4453,
300126.SZ,锐奇股份,2014-01-02,5.9902,6.3312,5.9556,6.2027,4051738,5.1478,987784797.6,1902078000,35.8746,
300126.SZ,锐奇股份,2014-01-03,6.178,6.1978,6.0298,6.094,2652401,3.3699,970469048.16,1868734800,35.2457,
300126.SZ,锐奇股份,2014-01-06,6.0347,6.1237,5.7332,5.7579,2814245,3.5756,916947640.8,1765674000,33.3019,
300126.SZ,锐奇股份,2014-01-07,5.7085,5.921,5.5899,5.8765,3592245,4.564,935837549.28,1802048400,33.988,
300126.SZ,锐奇股份,2014-01-08,5.8222,6.1681,5.8073,6.1681,4362079,5.5421,982275240.96,1891468800,35.6745,
300126.SZ,锐奇股份,2014-01-09,6.0644,6.1533,5.7431,5.7629,3376767,4.2902,917734720.32,1767189600,33.3305,
300126.SZ,锐奇股份,2014-01-10,5.7727,5.8073,5.5207,5.5503,1894240,2.4067,883890300.96,1702018800,32.1013,
300126.SZ,锐奇股份,2014-01-13,5.5849,5.8321,5.5849,5.7579,1903354,2.4182,916947640.8,1765674000,33.3019,
300126.SZ,锐奇股份,2014-01-14,5.7826,6.0989,5.7777,6.0396,3228222,4.1015,961811173.44,1852063200,34.9313,
300126.SZ,锐奇股份,2014-01-15,6.0495,6.2472,5.9655,6.1879,3687407,4.6849,985423559.04,1897531200,35.7889,
300126.SZ,锐奇股份,2014-01-16,6.1978,6.4004,6.0792,6.3708,4667539,5.9302,1014545501.28,1953608400,36.8465,
300126.SZ,锐奇股份,2014-01-17,6.3263,6.3312,6.1533,6.183,2278565,2.895,984636479.52,1896015600,35.7603,
300126.SZ,锐奇股份,2014-01-20,6.2027,6.5685,6.1187,6.4548,5051497,6.418,1027925853.12,1979373600,37.3325,
300126.SZ,锐奇股份,2014-01-21,6.3807,6.5388,6.3214,6.4943,2743944,3.4862,1034222489.28,1991498400,37.5611,
300126.SZ,锐奇股份,2014-01-22,6.5734,6.9836,6.4993,6.5981,6487961,8.2431,1050751159.2,2023326000,38.1614,
300126.SZ,锐奇股份,2014-01-23,6.5734,6.7464,6.4301,6.6228,3850343,4.8919,1054686556.8,2030904000,38.3044,
300126.SZ,锐奇股份,2014-01-24,6.5487,6.7118,6.5487,6.6228,2986068,3.7939,1054686556.8,2030904000,38.3044,
300126.SZ,锐奇股份,2014-01-27,6.5487,6.8601,6.435,6.7415,3112542,3.9545,1073576465.28,2067278400,38.9904,
300126.SZ,锐奇股份,2014-01-28,6.7069,6.7365,6.5289,6.6525,1868597,2.3741,1059409033.92,2039997600,38.4759,
300126.SZ,锐奇股份,2014-01-29,6.6574,6.8057,6.5932,6.8057,2252130,2.8614,1083808499.04,2086981200,39.362,
300126.SZ,锐奇股份,2014-01-30,6.8057,6.8947,6.7019,6.7711,1882348,2.3916,1078298942.4,2076372000,39.1619,
300126.SZ,锐奇股份,2014-02-07,6.697,6.8947,6.6525,6.8897,1770944,2.25,1097188850.88,2112746400,39.848,
300126.SZ,锐奇股份,2014-02-10,6.9194,7.0627,6.8403,7.0084,2367276,3.0077,1116078759.36,2149120800,40.534,
300126.SZ,锐奇股份,2014-02-11,7.0084,7.0281,6.7761,6.8057,3383757,4.2991,1083808499.04,2086981200,39.362,
300126.SZ,锐奇股份,2014-02-12,6.87,6.87,6.7118,6.8354,4463221,5.6706,1088530976.16,2096074800,39.5335,
300126.SZ,锐奇股份,2014-02-13,6.781,6.8008,6.524,6.5635,2748175,3.4916,1045241602.56,2012716800,37.9613,
300126.SZ,锐奇股份,2014-02-14,6.5784,6.87,6.5784,6.87,2892643,3.6752,1094040532.8,2106684000,39.7336,
300126.SZ,锐奇股份,2014-02-17,6.8947,7.0084,6.8453,6.9886,3345343,4.2503,1112930441.28,2143058400,40.4197,
300126.SZ,锐奇股份,2014-02-18,6.9787,7.0924,6.8798,7.0281,3350801,4.2573,1119227077.44,2155183200,40.6484,
300126.SZ,锐奇股份,2014-02-19,7.0627,7.206,6.954,6.9985,2638149,3.3518,1114504600.32,2146089600,40.4769,
300126.SZ,锐奇股份,2014-02-20,7.0084,7.0578,6.6871,6.7612,1893688,2.406,1076724783.36,2073340800,39.1048,
300126.SZ,锐奇股份,2014-02-21,6.7464,6.949,6.7464,6.8502,1805192,2.2935,1090892214.72,2100621600,39.6193,
300126.SZ,锐奇股份,2014-02-24,6.8107,6.87,6.7167,6.87,1569118,1.9936,1094040532.8,2106684000,39.7336,
300126.SZ,锐奇股份,2014-02-25,6.87,6.9836,6.356,6.4103,2973825,3.7783,1020842137.44,1965733200,37.0752,
300126.SZ,锐奇股份,2014-02-26,6.4251,6.4301,6.1879,6.4054,1385027,1.7597,1020055057.92,1964217600,37.0466,
300126.SZ,锐奇股份,2014-02-27,6.4202,6.8403,6.4153,6.5734,3018942,3.8356,1046815761.6,2015748000,33.0655,
300126.SZ,锐奇股份,2014-02-28,6.4795,6.6426,6.3955,6.5981,877050,1.1143,1050751159.2,2023326000,33.1898,
300126.SZ,锐奇股份,2014-03-03,6.5981,6.9589,6.5932,6.9243,2459827,3.1253,1102698407.52,2123355600,34.8306,
300126.SZ,锐奇股份,2014-03-04,6.8453,7.1171,6.8403,6.9787,2369526,3.0105,1111356282.24,2140027200,35.1041,
300126.SZ,锐奇股份,2014-03-05,7.038,7.0924,6.9046,7.0133,1653346,2.1006,1116865838.88,2150636400,35.2781,
300126.SZ,锐奇股份,2014-03-06,6.9935,7.206,6.954,7.1715,2588044,3.2882,1142052383.52,2199135600,36.0737,
300126.SZ,锐奇股份,2014-03-07,7.2406,7.5026,7.1665,7.4037,3522309,4.4752,1179045120.96,2270368800,37.2422,
300126.SZ,锐奇股份,2014-03-10,7.4136,7.6509,7.2159,7.2308,3697518,4.6978,1151497337.76,2217322800,36.372,
300126.SZ,锐奇股份,2014-03-11,7.1418,7.2505,6.9639,7.0726,1622439,2.0613,1126310793.12,2168823600,35.5765,
300126.SZ,锐奇股份,2014-03-12,6.9935,7.4136,6.9293,7.4136,1928985,2.4508,1180619280,2273400000,37.2919,
300126.SZ,锐奇股份,2014-03-13,7.3395,7.5866,7.2901,7.5075,1915038,2.4331,1195573790.88,2302196400,37.7643,
300126.SZ,锐奇股份,2014-03-14,7.557,7.7349,7.3444,7.4581,2975717,3.7807,1187702995.68,2287040400,37.5157,
300126.SZ,锐奇股份,2014-03-17,7.468,7.6064,7.3395,7.5619,2324360,2.9531,1204231665.6,2318868000,38.0377,
300126.SZ,锐奇股份,2014-03-18,7.5619,8.3082,7.5619,8.2786,5579826,7.0893,1318358196,2538630000,41.6426,
300126.SZ,锐奇股份,2014-03-19,8.1501,8.1501,7.8436,8.0858,3287489,4.1768,1287662094.72,2479521600,40.673,
300126.SZ,锐奇股份,2014-03-20,8.0561,8.0561,7.2752,7.2901,5060852,6.4299,1160942292,2235510000,38.2395,
300126.SZ,锐奇股份,2014-03-21,7.1912,7.3346,6.7217,7.2159,3772502,4.793,1149136099.2,2212776000,37.8506,
300126.SZ,锐奇股份,2014-03-24,7.2654,7.3889,7.0924,7.3247,2239302,2.8451,1166451848.64,2246119200,38.421,
300126.SZ,锐奇股份,2014-03-25,7.3296,7.384,7.1171,7.3691,2032633,2.5825,1173535564.32,2259759600,38.6543,
300126.SZ,锐奇股份,2014-03-26,7.3939,7.636,7.3346,7.5817,2025449,2.5734,1207379983.68,2324930400,39.7691,
300126.SZ,锐奇股份,2014-03-27,7.5817,7.6756,7.4532,7.4927,2446669,3.1085,1193212552.32,2297649600,39.3024,
300126.SZ,锐奇股份,2014-03-28,7.4927,7.4927,7.4927,7.4927,--,--,1193212552.32,2297649600,39.3024,
300126.SZ,锐奇股份,2014-03-31,7.4927,7.4927,7.4927,7.4927,--,--,1193212552.32,2297649600,39.3024,
300126.SZ,锐奇股份,2014-04-01,7.4927,7.4927,7.4927,7.4927,--,--,1193212552.32,2297649600,39.3024,
300126.SZ,锐奇股份,2014-04-02,7.4927,7.4927,7.4927,7.4927,--,--,1193212552.32,2297649600,39.3024,
300126.SZ,锐奇股份,2014-04-03,7.4927,7.4927,7.4927,7.4927,--,--,1193212552.32,2297649600,39.3024,
300126.SZ,锐奇股份,2014-04-04,7.4927,7.4927,7.4927,7.4927,--,--,1193212552.32,2297649600,39.3024,
300126.SZ,锐奇股份,2014-04-08,7.4927,7.4927,7.4927,7.4927,--,--,1193212552.32,2297649600,39.3024,
300126.SZ,锐奇股份,2014-04-09,7.4927,7.4927,7.4927,7.4927,--,--,1193212552.32,2297649600,39.3024,
300126.SZ,锐奇股份,2014-04-10,7.4927,7.4927,7.4927,7.4927,--,--,1193212552.32,2297649600,39.3024,
300126.SZ,锐奇股份,2014-04-11,7.4927,7.4927,7.4927,7.4927,--,--,1193212552.32,2297649600,39.3024,
300126.SZ,锐奇股份,2014-04-14,7.4927,7.4927,7.4927,7.4927,--,--,1193212552.32,2297649600,39.3024,
300126.SZ,锐奇股份,2014-04-15,7.4927,7.4927,7.4927,7.4927,--,--,1193212552.32,2297649600,39.3024,
300126.SZ,锐奇股份,2014-04-16,7.4927,7.4927,7.4927,7.4927,--,--,1193212552.32,2297649600,39.3024,
300126.SZ,锐奇股份,2014-04-17,7.9079,8.1451,7.7596,7.9771,6342937,8.0588,1270346345.28,2446178400,41.8431,
300126.SZ,锐奇股份,2014-04-18,7.8832,8.0957,7.7003,7.898,3498967,4.4455,1257753072.96,2421928800,38.9299,
300126.SZ,锐奇股份,2014-04-21,7.814,7.9474,7.6163,7.636,2308257,2.9327,1216037858.4,2341602000,37.6387,
300126.SZ,锐奇股份,2014-04-22,7.636,7.6953,7.127,7.4087,2853939,3.626,1179832200.48,2271884400,36.5181,
300126.SZ,锐奇股份,2014-04-23,7.2802,7.3939,7.2604,7.3296,1192331,1.5149,1167238928.16,2247634800,36.1283,
300126.SZ,锐奇股份,2014-04-24,7.211,7.3494,6.954,7.122,1595535,2.0272,1134181588.32,2183979600,35.1051,
300126.SZ,锐奇股份,2014-04-25,7.1665,7.4433,7.0429,7.2802,2083816,2.6475,1159368132.96,2232478800,35.8847,
300126.SZ,锐奇股份,2014-04-28,7.1912,7.2555,6.8205,6.9243,1691323,2.1489,1102698407.52,2123355600,34.1306,
300126.SZ,锐奇股份,2014-04-29,6.9639,7.038,6.8304,6.9886,836704,1.063,1112930441.28,2143058400,34.4473,
300126.SZ,锐奇股份,2014-04-30,6.9886,7.1912,6.9886,7.1912,1183439,1.5036,1145200701.6,2205198000,35.4462,
300126.SZ,锐奇股份,2014-05-05,7.1912,7.3049,7.1467,7.2901,898423,1.1415,1160942292,2235510000,35.9334,
300126.SZ,锐奇股份,2014-05-06,7.4136,7.6064,7.3296,7.4878,2568115,3.2628,1192425472.8,2296134000,36.9078,
300126.SZ,锐奇股份,2014-05-07,7.4136,7.4532,7.2703,7.2802,1371116,1.742,1159368132.96,2232478800,35.8847,
300126.SZ,锐奇股份,2014-05-08,7.2901,7.5322,7.2406,7.4087,1837096,2.3341,1179832200.48,2271884400,36.5181,
300126.SZ,锐奇股份,2014-05-09,7.3889,7.4136,7.1467,7.2654,1287372,1.6356,1157006894.4,2227932000,35.8116,
300126.SZ,锐奇股份,2014-05-12,7.4136,7.4433,7.2505,7.3395,2302469,2.9253,1168813087.2,2250666000,36.177,
300126.SZ,锐奇股份,2014-05-13,7.3296,7.4288,7.1213,7.1808,3128885,1.9877,1139691144.96,2194588800,35.2756,
300126.SZ,锐奇股份,2014-05-14,7.151,7.4982,7.151,7.3693,4806370,3.0533,1169600166.72,2252181600,36.2014,
300126.SZ,锐奇股份,2014-05-15,7.3197,7.5974,7.1907,7.2701,4616396,2.9326,1153858576.32,2221869600,35.7141,
300126.SZ,锐奇股份,2014-05-16,7.2006,7.2601,6.6948,6.8237,6962014,4.4227,1083021419.52,2085465600,33.5216,
300126.SZ,锐奇股份,2014-05-19,6.8436,6.8535,6.4369,6.5659,4916065,3.123,1042093284.48,2006654400,32.2548,
300126.SZ,锐奇股份,2014-05-20,6.6452,6.7841,6.5857,6.6155,3146704,1.999,1049964079.68,2021810400,32.4984,
300126.SZ,锐奇股份,2014-05-21,6.546,6.7841,6.4469,6.7047,2906301,1.8463,1064131511.04,2049091200,32.9369,
300126.SZ,锐奇股份,2014-05-22,6.6849,6.8039,6.6452,6.6452,2772353,1.7612,1054686556.8,2030904000,32.6446,
300126.SZ,锐奇股份,2014-05-23,6.6849,6.7742,6.6055,6.7742,2150996,1.3664,1075150624.32,2070309600,33.278,
300126.SZ,锐奇股份,2014-05-26,6.794,6.9626,6.7543,6.9626,2969346,1.8863,1105059646.08,2127902400,34.2037,
300126.SZ,锐奇股份,2014-05-27,6.9428,7.2304,6.9229,7.1709,4870772,3.0942,1138116985.92,2191557600,35.2269,
300126.SZ,锐奇股份,2014-05-28,7.1709,7.2006,7.0816,7.1808,3215940,2.043,1139691144.96,2194588800,35.2756,
300126.SZ,锐奇股份,2014-05-29,7.161,7.2006,6.9527,6.9725,3057868,1.9425,1106633805.12,2130933600,34.2524,
300126.SZ,锐奇股份,2014-05-30,6.9924,7.032,6.8634,6.9824,1804670,1.1464,1108207964.16,2133964800,34.3012,
300126.SZ,锐奇股份,2014-06-03,6.9824,7.0816,6.8932,6.9031,2527077,1.6054,1095614691.84,2109715200,33.9114,
300126.SZ,锐奇股份,2014-06-04,6.8535,6.8634,6.675,6.7345,2344255,1.4892,1068853988.16,2058184800,33.0831,
300126.SZ,锐奇股份,2014-06-05,6.7345,6.9725,6.6651,6.9328,2374264,1.5083,1100337168.96,2118808800,34.0575,
300126.SZ,锐奇股份,2014-06-06,6.913,7.1709,6.913,7.1114,4968553,3.1563,1128672031.68,2173370400,34.9346,
300126.SZ,锐奇股份,2014-06-09,7.1114,7.518,7.0519,7.3097,7135643,4.533,1160155212.48,2233994400,35.909,
300126.SZ,锐奇股份,2014-06-10,7.3097,7.4188,7.1312,7.399,5735312,3.6434,1174322643.84,2261275200,36.3475,
300126.SZ,锐奇股份,2014-06-11,7.3891,7.8751,7.3296,7.7561,11043199,7.0153,1230992369.28,2370398400,38.1016,
300126.SZ,锐奇股份,2014-06-12,7.7858,7.8057,7.5379,7.5875,8016266,5.0924,1204231665.6,2318868000,37.2733,
300126.SZ,锐奇股份,2014-06-13,7.5775,7.7065,7.5379,7.6866,5908631,3.7535,1219973256,2349180000,37.7605,
300126.SZ,锐奇股份,2014-06-16,7.6668,7.7164,7.5577,7.637,4482133,2.8473,1212102460.8,2334024000,37.5169,
300126.SZ,锐奇股份,2014-06-17,7.5875,7.637,7.4288,7.4288,3954937,2.5124,1179045120.96,2270368800,36.4937,
300126.SZ,锐奇股份,2014-06-18,7.4288,7.6271,7.2205,7.518,5858031,3.7214,1193212552.32,2297649600,36.9322,
300126.SZ,锐奇股份,2014-06-19,7.4585,7.6668,6.9428,7.1114,4886662,3.1043,1128672031.68,2173370400,34.9346,
300126.SZ,锐奇股份,2014-06-20,7.1411,7.2304,7.0023,7.2205,2233007,1.4185,1145987781.12,2206713600,35.4705,
300126.SZ,锐奇股份,2014-06-23,7.2502,7.4784,7.2205,7.3891,2675416,1.6996,1172748484.8,2258244000,36.2988,
300126.SZ,锐奇股份,2014-06-24,7.399,7.6073,7.3792,7.5875,4859008,3.0867,1204231665.6,2318868000,37.2733,
300126.SZ,锐奇股份,2014-06-25,7.5875,7.5875,7.3593,7.4387,3246723,2.0625,1180619280,2273400000,36.5424,
300126.SZ,锐奇股份,2014-06-26,7.4387,7.6966,7.4387,7.6172,5726631,3.6379,1208954142.72,2327961600,37.4194,
300126.SZ,锐奇股份,2014-06-27,7.6172,7.7065,7.5676,7.5875,4406465,2.7993,1204231665.6,2318868000,37.2733,
300126.SZ,锐奇股份,2014-06-30,7.5974,7.6966,7.5577,7.6767,4542140,2.8854,1218399096.96,2346148800,37.7118,
300126.SZ,锐奇股份,2014-07-01,7.6569,7.7561,7.6073,7.7065,3813861,2.4228,1223121574.08,2355242400,37.858,
300126.SZ,锐奇股份,2014-07-02,7.7362,8.2619,7.7065,8.004,11337092,7.202,1270346345.28,2446178400,39.3196,
300126.SZ,锐奇股份,2014-07-03,8.004,8.8074,7.9346,8.8074,14644693,9.3032,1397853227.52,2691705600,43.2662,
300126.SZ,锐奇股份,2014-07-04,8.9165,9.6901,8.9066,9.2041,28785257,18.2861,1460819589.12,2812953600,45.2152,
300126.SZ,锐奇股份,2014-07-07,9.2041,9.829,9.0256,9.6306,23052149,14.6441,1528508427.84,2943295200,47.3103,
300126.SZ,锐奇股份,2014-07-08,9.5711,9.5711,9.224,9.4124,15819919,10.0498,1493876928.96,2876608800,46.2383,
300126.SZ,锐奇股份,2014-07-09,9.4223,9.4322,8.7876,8.9264,17875272,11.3554,1416743136,2728080000,43.8509,
300126.SZ,锐奇股份,2014-07-10,8.8967,9.0058,8.6884,8.7677,10200188,6.4798,1391556591.36,2679580800,43.0713,
300126.SZ,锐奇股份,2014-07-11,8.7082,8.9562,8.7082,8.8173,7433043,4.7219,1399427386.56,2694736800,43.315,
300126.SZ,锐奇股份,2014-07-14,8.8074,8.9859,8.609,8.976,8593697,5.4592,1424613931.2,2743236000,44.0945,
300126.SZ,锐奇股份,2014-07-15,8.9562,8.9661,8.5198,8.6189,7262134,4.6133,1367944205.76,2634112800,42.3405,
300126.SZ,锐奇股份,2014-07-16,8.6685,8.6884,8.3115,8.3611,5999488,3.8112,1327016070.72,2555301600,41.0737,
300126.SZ,锐奇股份,2014-07-17,8.3512,8.5694,8.3214,8.4999,4227714,2.6857,1349054297.28,2597738400,41.7558,
300126.SZ,锐奇股份,2014-07-18,8.4206,8.5495,8.3512,8.3908,2911476,1.8495,1331738547.84,2564395200,41.2199,
300126.SZ,锐奇股份,2014-07-21,8.3809,8.3908,8.004,8.0933,6686711,4.2478,1284513776.64,2473459200,39.7582,
300126.SZ,锐奇股份,2014-07-22,8.1032,8.2123,8.0734,8.2123,5582518,3.5463,1303403685.12,2509833600,40.3428,
300126.SZ,锐奇股份,2014-07-23,8.2817,8.3016,7.8552,7.8751,5917209,3.759,1249882277.76,2406772800,38.6862,
300126.SZ,锐奇股份,2014-07-24,7.8453,7.9346,7.5279,7.9247,6368552,4.0457,1257753072.96,2421928800,38.9299,
300126.SZ,锐奇股份,2014-07-25,7.8453,8.1032,7.8453,8.0536,4400141,2.7952,1278217140.48,2461334400,39.5633,
300126.SZ,锐奇股份,2014-07-28,8.0437,8.2024,8.0338,8.1925,4744604,3.0141,1300255367.04,2503771200,40.2454,
300126.SZ,锐奇股份,2014-07-29,8.2321,8.3512,8.1825,8.2916,4110795,2.6114,1315996957.44,2534083200,40.7326,
300126.SZ,锐奇股份,2014-07-30,8.3214,8.5098,8.3115,8.3908,5430158,3.4496,1331738547.84,2564395200,41.2199,
300126.SZ,锐奇股份,2014-07-31,8.371,8.371,8.2123,8.3214,4765246,3.0272,1320719434.56,2543176800,40.8788,
300126.SZ,锐奇股份,2014-08-01,8.2817,8.3016,8.0536,8.1032,5250961,3.3357,1286087935.68,2476490400,39.8069,
300126.SZ,锐奇股份,2014-08-04,8.1032,8.1726,8.0734,8.1429,2853874,1.813,1292384571.84,2488615200,40.0018,
300126.SZ,锐奇股份,2014-08-05,8.1429,8.9264,8.1429,8.8867,16885864,10.7269,1410446499.84,2715955200,43.656,
300126.SZ,锐奇股份,2014-08-06,8.857,8.857,8.609,8.7082,8729795,5.5457,1382111637.12,2661393600,42.779,
300126.SZ,锐奇股份,2014-08-07,8.7082,8.8471,8.5793,8.6189,6945720,4.4123,1367944205.76,2634112800,42.3405,
300126.SZ,锐奇股份,2014-08-08,8.6785,9.0058,8.6785,8.9562,10986129,6.979,1421465613.12,2737173600,43.9971,
300126.SZ,锐奇股份,2014-08-11,8.7082,8.8669,8.5396,8.8173,14403446,9.1499,1399427386.56,2694736800,43.315,
300126.SZ,锐奇股份,2014-08-12,8.7975,8.9066,8.738,8.8967,7361316,4.6763,1412020658.88,2718986400,43.7047,
300126.SZ,锐奇股份,2014-08-13,8.8272,8.8768,8.6388,8.8272,6123666,3.8901,1401001545.6,2697768000,43.3637,
300126.SZ,锐奇股份,2014-08-14,8.7677,9.0653,8.7578,8.9462,9145107,5.8095,1419891454.08,2734142400,43.9484,
300126.SZ,锐奇股份,2014-08-15,8.8867,9.1149,8.8867,9.0157,7474285,4.7481,1430910567.36,2755360800,44.2894,
300126.SZ,锐奇股份,2014-08-18,9.0653,9.5711,9.0256,9.3926,10079865,6.4033,1490728610.88,2870546400,46.1409,
300126.SZ,锐奇股份,2014-08-19,9.3727,9.4918,9.1645,9.2636,8352865,5.3062,1470264543.36,2831140800,45.5075,
300126.SZ,锐奇股份,2014-08-20,9.2041,9.5116,9.2041,9.3529,10115874,6.4262,1484431974.72,2858421600,46.2654,
300126.SZ,锐奇股份,2014-08-21,9.343,9.4223,9.0454,9.3727,11074964,7.0355,1487580292.8,2864484000,46.3635,
300126.SZ,锐奇股份,2014-08-22,9.2339,9.6504,9.224,9.5116,11994289,7.6195,1509618519.36,2906920800,47.0504,
300126.SZ,锐奇股份,2014-08-25,9.581,9.6009,9.224,9.2438,6788199,4.3123,1467116225.28,2825078400,45.7257,
300126.SZ,锐奇股份,2014-08-26,9.1942,9.3132,8.7876,8.857,8016559,5.0926,1405724022.72,2706861600,43.8123,
300126.SZ,锐奇股份,2014-08-27,8.857,9.0058,8.8371,8.976,4238559,2.6926,1424613931.2,2743236000,44.401,
300126.SZ,锐奇股份,2014-08-28,8.9661,9.4223,8.9661,9.343,11268354,7.1583,1482857815.68,2855390400,46.2163,
300126.SZ,锐奇股份,2014-08-29,9.3033,9.6604,9.2835,9.6009,13448036,8.543,1523785950.72,2934201600,47.4919,
300126.SZ,锐奇股份,2014-09-01,9.5413,9.7595,9.4818,9.6405,7339144,4.6623,1530082586.88,2946326400,47.6882,
300126.SZ,锐奇股份,2014-09-02,9.6802,10.6026,9.6802,10.6026,15095486,9.5896,1682776013.76,3240352800,52.4472,
300126.SZ,锐奇股份,2014-09-03,10.6224,11.0092,10.2654,10.5034,26338494,16.7318,1667034423.36,3210040800,51.9565,
300126.SZ,锐奇股份,2014-09-04,10.5431,10.791,10.2852,10.7018,14885690,9.4563,1698517604.16,3270664800,52.9378,
300126.SZ,锐奇股份,2014-09-05,10.8605,10.9894,10.5133,10.801,15578275,9.8963,1714259194.56,3300976800,53.4284,
300126.SZ,锐奇股份,2014-09-09,10.9597,11.882,10.8605,11.525,20156958,12.8049,1829172804.48,3522254400,57.0099,
300126.SZ,锐奇股份,2014-09-10,11.5845,11.9812,11.3266,11.9118,14822342,9.416,1890565007.04,3640471200,58.9233,
300126.SZ,锐奇股份,2014-09-11,11.9217,12.7846,11.7829,12.1598,19784553,12.5683,1929918983.04,3716251200,60.1499,
300126.SZ,锐奇股份,2014-09-12,12.0804,12.368,11.9911,12.1796,12638201,8.0285,1933067301.12,3722313600,60.248,
300126.SZ,锐奇股份,2014-09-15,12.1796,12.8739,12.13,12.7747,13881806,8.8186,2027516843.52,3904185600,63.1917,
300126.SZ,锐奇股份,2014-09-16,12.8937,12.9631,12.0011,12.1598,13033973,8.28,1929918983.04,3716251200,60.1499,
300126.SZ,锐奇股份,2014-09-17,12.1201,12.4573,11.7234,12.2986,9891902,6.2839,1951957209.6,3758688000,60.8367,
300126.SZ,锐奇股份,2014-09-18,12.378,12.864,12.1598,12.8441,10579055,6.7204,2038535956.8,3925404000,63.5351,
300126.SZ,锐奇股份,2014-09-19,12.7945,13.8558,12.6557,13.5384,9331296,5.9278,2148727089.6,4137588000,66.9695,
300126.SZ,锐奇股份,2014-09-22,13.588,13.7665,13.2706,13.3797,9464442,6.0124,2123540544.96,4089088800,66.1845,
300126.SZ,锐奇股份,2014-09-23,13.2904,13.8359,13.2607,13.5681,5372977,3.4132,2153449566.72,4146681600,67.1167,
300126.SZ,锐奇股份,2014-09-24,13.4194,14.074,13.4194,14.074,8953051,5.6875,2233731677.76,4301272800,69.6188,
300126.SZ,锐奇股份,2014-09-25,14.0839,14.2327,13.5086,13.826,9140325,5.8065,2194377701.76,4225492800,68.3923,
300126.SZ,锐奇股份,2014-09-26,13.7863,13.7863,13.2408,13.6673,6979936,4.4341,2169191157.12,4176993600,67.6073,
300126.SZ,锐奇股份,2014-09-29,13.6277,13.6277,13.2309,13.4888,7853381,4.9889,2140856294.4,4122432000,66.7242,
300126.SZ,锐奇股份,2014-09-30,13.4888,13.4888,13.2408,13.3896,5760616,3.0348,2562514704,4092120000,66.2336,
300126.SZ,锐奇股份,2014-10-08,13.3797,14.1335,13.0722,14.1335,13177167,6.9421,2704876632,4379139000,70.8791,
300126.SZ,锐奇股份,2014-10-09,14.0442,14.5302,13.7467,14.3219,11485855,6.051,2740941653.76,4437527520,71.8242,
300126.SZ,锐奇股份,2014-10-10,14.2128,14.2823,13.34,13.5285,10449207,5.5049,2589088930.56,4191681120,67.845,
300126.SZ,锐奇股份,2014-10-13,13.3896,13.4888,13.0822,13.4194,4197399,2.2113,2568209181.12,4157877240,67.2979,
300126.SZ,锐奇股份,2014-10-14,13.4194,13.6475,12.4672,12.6259,8616063,4.5392,2416356457.92,3912030840,63.3187,
300126.SZ,锐奇股份,2014-10-15,12.5466,12.8441,12.4672,12.7449,4525400,2.3841,2439134366.4,3948907800,63.9156,
300126.SZ,锐奇股份,2014-10-16,12.6656,13.3202,12.5962,12.8441,5254328,2.7681,2458115956.8,3979638600,64.413,
300126.SZ,锐奇股份,2014-10-17,12.8441,13.0524,12.1498,12.7152,6280761,3.3089,2433439889.28,3939688560,63.7664,
300126.SZ,锐奇股份,2014-10-20,12.7152,12.7648,12.3879,12.735,3546535,1.8684,2437236207.36,3945834720,63.8658,
300126.SZ,锐奇股份,2014-10-21,12.7549,13.2607,12.6061,12.8937,5878687,3.097,2467606752,3995004000,64.6617,
300126.SZ,锐奇股份,2014-10-22,12.8838,13.0623,12.3978,12.4474,4293637,2.262,2382189595.2,3856715400,62.4234,
300126.SZ,锐奇股份,2014-10-23,12.3879,12.4771,11.8523,12.1201,6232771,3.2836,2319550346.88,3755303760,60.782,
300126.SZ,锐奇股份,2014-10-24,12.4176,12.4276,12.1002,12.2391,2060884,1.0857,2342328255.36,3792180720,59.3434,
300126.SZ,锐奇股份,2014-10-27,12.2193,12.6259,12.13,12.3581,3351518,1.7657,2365106163.84,3829057680,59.9205,
300126.SZ,锐奇股份,2014-10-28,12.368,13.0722,12.368,13.0524,6990134,3.6826,2497977296.64,4044173280,63.2868,
300126.SZ,锐奇股份,2014-10-29,13.1417,13.34,12.9135,13.0921,7337836,3.8658,2505569932.8,4056465600,63.4792,
300126.SZ,锐奇股份,2014-10-30,13.0921,13.3995,13.0226,13.1813,5686759,2.9959,2522653364.16,4084123320,63.912,
300126.SZ,锐奇股份,2014-10-31,13.2805,13.6872,13.2508,13.588,9812503,5.1695,2600477884.8,4210119600,65.8837,
300126.SZ,锐奇股份,2014-11-03,13.5384,13.5384,13.0921,13.4888,13726923,7.2317,2581496294.4,4179388800,65.4028,
300126.SZ,锐奇股份,2014-11-04,13.4194,13.9351,13.4095,13.7169,8702947,4.5849,2625153952.32,4250069640,66.5089,
300126.SZ,锐奇股份,2014-11-05,13.7169,13.7963,13.4095,13.6872,5080473,2.6765,2619459475.2,4240850400,66.3646,
300126.SZ,锐奇股份,2014-11-06,13.6772,13.7863,13.4392,13.6078,4256908,2.2427,2604274202.88,4216265760,65.9799,
300126.SZ,锐奇股份,2014-11-07,13.7169,14.1335,13.5979,13.8062,7606428,4.0073,2642237383.68,4277727360,66.9417,
300126.SZ,锐奇股份,2014-11-10,13.8756,14.0343,13.4095,13.4987,5709637,3.008,2583394453.44,4182461880,65.4509,
300126.SZ,锐奇股份,2014-11-11,13.5086,13.5681,12.5466,12.983,7282213,3.8365,2484690183.36,4022661720,62.9502,
300126.SZ,锐奇股份,2014-11-12,12.8739,13.4392,12.7053,13.4194,4123836,2.1725,2568209181.12,4157877240,65.0662,
300126.SZ,锐奇股份,2014-11-13,13.3103,13.5086,12.9334,13.1119,5310530,2.7977,2509366250.88,4062611760,63.5754,
300126.SZ,锐奇股份,2014-11-14,13.0822,13.0822,12.5069,12.7053,4650816,2.4502,2431541730.24,3936615480,61.6037,
300126.SZ,锐奇股份,2014-11-17,12.5962,13.0326,12.5267,12.7945,2681880,1.4129,2448625161.6,3964273200,62.0365,
300126.SZ,锐奇股份,2014-11-18,12.7945,12.9631,12.6953,12.9532,2179206,1.1481,2478995706.24,4013442480,62.8059,
300126.SZ,锐奇股份,2014-11-19,12.9532,13.1913,12.8937,13.1516,3173672,1.672,2516958887.04,4074904080,63.7677,
300126.SZ,锐奇股份,2014-11-20,13.2904,13.2904,12.7549,12.7747,3690331,1.9442,2444828843.52,3958127040,61.9403,
300126.SZ,锐奇股份,2014-11-21,12.7747,12.9334,12.6953,12.7648,3984989,2.0994,2442930684.48,3955053960,61.8922,
300126.SZ,锐奇股份,2014-11-24,12.7747,13.2706,12.6061,13.2607,6403363,3.3735,2537838636.48,4108707960,64.2967,
300126.SZ,锐奇股份,2014-11-25,13.2904,13.7764,13.1615,13.6574,7760097,4.0882,2613764998.08,4231631160,66.2203,
300126.SZ,锐奇股份,2014-11-26,13.6971,13.7665,13.4789,13.6475,4256231,2.2423,2611866839.04,4228558080,66.1722,
300126.SZ,锐奇股份,2014-11-27,13.6376,15.0162,13.5483,15.0162,14194976,7.4783,2873812786.56,4652643120,72.8087,
300126.SZ,锐奇股份,2014-11-28,15.1749,16.1469,15.046,15.8196,19208952,10.1198,3027563668.8,4901562600,76.704,
300126.SZ,锐奇股份,2014-12-01,15.6212,15.6212,14.7286,14.8278,13208061,6.9584,2837747764.8,4594254600,71.895,
300126.SZ,锐奇股份,2014-12-02,14.6492,15.0162,14.431,14.7484,8463019,4.4585,2822562492.48,4569669960,71.5103,
300126.SZ,锐奇股份,2014-12-03,14.6195,14.7385,14.1533,14.7087,8758997,4.6145,2814969856.32,4557377640,71.3179,
300126.SZ,锐奇股份,2014-12-04,14.7087,14.8575,14.4608,14.5798,7253613,3.8214,2790293788.8,4517427600,70.6927,
300126.SZ,锐奇股份,2014-12-05,14.4806,14.4806,13.1714,13.5285,9675807,5.0975,2589088930.56,4191681120,65.5952,
300126.SZ,锐奇股份,2014-12-08,13.4888,13.4888,12.8937,13.2111,11706197,6.1671,2528347841.28,4093342560,64.0563,
300126.SZ,锐奇股份,2014-12-09,12.9929,13.0425,11.9812,12.0407,10970095,5.7793,2304365074.56,3730719120,58.3816,
300126.SZ,锐奇股份,2014-12-10,12.0407,12.0407,12.0407,12.0407,--,--,2304365074.56,3730719120,58.3816,
300126.SZ,锐奇股份,2014-12-11,12.0407,12.0407,12.0407,12.0407,--,--,2304365074.56,3730719120,58.3816,
300126.SZ,锐奇股份,2014-12-12,12.0407,12.0407,12.0407,12.0407,--,--,2304365074.56,3730719120,58.3816,
300126.SZ,锐奇股份,2014-12-15,12.0407,12.0407,12.0407,12.0407,--,--,2304365074.56,3730719120,58.3816,
300126.SZ,锐奇股份,2014-12-16,12.0407,12.0407,12.0407,12.0407,--,--,2304365074.56,3730719120,58.3816,
300126.SZ,锐奇股份,2014-12-17,12.0407,12.0407,12.0407,12.0407,--,--,2304365074.56,3730719120,58.3816,
300126.SZ,锐奇股份,2014-12-18,12.0407,12.0407,12.0407,12.0407,--,--,2304365074.56,3730719120,58.3816,
300126.SZ,锐奇股份,2014-12-19,12.0407,12.0407,12.0407,12.0407,--,--,2304365074.56,3730719120,58.3816,
300126.SZ,锐奇股份,2014-12-22,12.0407,12.0407,12.0407,12.0407,--,--,2304365074.56,3730719120,58.3816,
300126.SZ,锐奇股份,2014-12-23,12.0407,12.0407,12.0407,12.0407,--,--,2304365074.56,3730719120,58.3816,
300126.SZ,锐奇股份,2014-12-24,12.0407,12.0407,12.0407,12.0407,--,--,2304365074.56,3730719120,58.3816,
300126.SZ,锐奇股份,2014-12-25,12.0407,12.0407,12.0407,12.0407,--,--,2304365074.56,3730719120,58.3816,
300126.SZ,锐奇股份,2014-12-26,12.0407,12.0407,12.0407,12.0407,--,--,2304365074.56,3730719120,58.3816,
300126.SZ,锐奇股份,2014-12-29,12.0407,12.0407,12.0407,12.0407,--,--,2304365074.56,3730719120,58.3816,
300126.SZ,锐奇股份,2014-12-30,12.0407,12.0407,12.0407,12.0407,--,--,2304365074.56,3730719120,58.3816,
300126.SZ,锐奇股份,2014-12-31,12.0407,12.0407,12.0407,12.0407,--,--,2304365074.56,3730719120,58.3816,
300126.SZ,锐奇股份,2015-01-05,12.0407,12.0407,12.0407,12.0407,--,--,2304365074.56,3730719120,58.3816,
300126.SZ,锐奇股份,2015-01-06,12.0407,12.0407,12.0407,12.0407,--,--,2304365074.56,3730719120,58.3816,
300126.SZ,锐奇股份,2015-01-07,12.0407,12.0407,12.0407,12.0407,--,--,2304365074.56,3730719120,58.3816,
300126.SZ,锐奇股份,2015-01-08,12.0407,12.0407,12.0407,12.0407,--,--,2304365074.56,3730719120,58.3816,
300126.SZ,锐奇股份,2015-01-09,12.0407,12.0407,12.0407,12.0407,--,--,2304365074.56,3730719120,58.3816,
300126.SZ,锐奇股份,2015-01-12,12.0407,12.0407,12.0407,12.0407,--,--,2304365074.56,3730719120,58.3816,
300126.SZ,锐奇股份,2015-01-13,12.0407,12.0407,12.0407,12.0407,--,--,2304365074.56,3730719120,58.3816,
300126.SZ,锐奇股份,2015-01-14,12.0407,12.0407,12.0407,12.0407,--,--,2304365074.56,3730719120,58.3816,
300126.SZ,锐奇股份,2015-01-15,12.0407,12.0407,12.0407,12.0407,--,--,2304365074.56,3730719120,58.3816,
300126.SZ,锐奇股份,2015-01-16,12.0407,12.0407,12.0407,12.0407,--,--,2304365074.56,3730719120,58.3816,
300126.SZ,锐奇股份,2015-01-19,12.0407,12.0407,12.0407,12.0407,--,--,2304365074.56,3730719120,58.3816,
300126.SZ,锐奇股份,2015-01-20,12.0407,12.0407,12.0407,12.0407,--,--,2304365074.56,3730719120,58.3816,
300126.SZ,锐奇股份,2015-01-21,12.0407,12.0407,12.0407,12.0407,--,--,2304365074.56,3730719120,58.3816,
300126.SZ,锐奇股份,2015-01-22,12.0407,12.0407,12.0407,12.0407,--,--,2304365074.56,3730719120,58.3816,
300126.SZ,锐奇股份,2015-01-23,12.0407,12.0407,12.0407,12.0407,--,--,2304365074.56,3730719120,58.3816,
300126.SZ,锐奇股份,2015-01-26,12.0407,12.0407,12.0407,12.0407,--,--,2304365074.56,3730719120,58.3816,
300126.SZ,锐奇股份,2015-01-27,12.0407,12.0407,12.0407,12.0407,--,--,2304365074.56,3730719120,58.3816,
300126.SZ,锐奇股份,2015-01-28,12.0407,12.0407,12.0407,12.0407,--,--,2304365074.56,3730719120,58.3816,
300126.SZ,锐奇股份,2015-01-29,12.0407,12.0407,12.0407,12.0407,--,--,2304365074.56,3730719120,58.3816,
300126.SZ,锐奇股份,2015-01-30,12.0407,12.0407,12.0407,12.0407,--,--,2304365074.56,3730719120,58.3816,
300126.SZ,锐奇股份,2015-02-02,12.0407,12.0407,12.0407,12.0407,--,--,2304365074.56,3730719120,58.3816,
300126.SZ,锐奇股份,2015-02-03,12.0407,12.0407,12.0407,12.0407,--,--,2304365074.56,3730719120,58.3816,
300126.SZ,锐奇股份,2015-02-04,12.0407,12.0407,12.0407,12.0407,--,--,2304365074.56,3730719120,58.3816,
300126.SZ,锐奇股份,2015-02-05,12.0407,12.0407,12.0407,12.0407,--,--,2304365074.56,3730719120,58.3816,
300126.SZ,锐奇股份,2015-02-06,12.0407,12.0407,12.0407,12.0407,--,--,2304365074.56,3730719120,58.3816,
300126.SZ,锐奇股份,2015-02-09,12.0407,12.0407,12.0407,12.0407,--,--,2304365074.56,3730719120,58.3816,
300126.SZ,锐奇股份,2015-02-10,12.0407,12.0407,12.0407,12.0407,--,--,2304365074.56,3730719120,58.3816,
300126.SZ,锐奇股份,2015-02-11,12.0407,12.0407,12.0407,12.0407,--,--,2304365074.56,3730719120,58.3816,
300126.SZ,锐奇股份,2015-02-12,12.0407,12.0407,12.0407,12.0407,--,--,2304365074.56,3730719120,58.3816,
300126.SZ,锐奇股份,2015-02-13,12.0407,12.0407,12.0407,12.0407,--,--,2304365074.56,3730719120,57.0703,
300126.SZ,锐奇股份,2015-02-16,12.0407,12.0407,12.0407,12.0407,--,--,2304365074.56,3730719120,57.0703,
300126.SZ,锐奇股份,2015-02-17,12.0407,12.0407,12.0407,12.0407,--,--,2304365074.56,3730719120,57.0703,
300126.SZ,锐奇股份,2015-02-25,12.0407,12.0407,12.0407,12.0407,--,--,2304365074.56,3730719120,57.0703,
300126.SZ,锐奇股份,2015-02-26,12.0407,12.0407,12.0407,12.0407,--,--,2304365074.56,3730719120,57.0703,
300126.SZ,锐奇股份,2015-02-27,12.0407,12.0407,12.0407,12.0407,--,--,2304365074.56,3730719120,57.0703,
300126.SZ,锐奇股份,2015-03-02,12.0407,12.0407,12.0407,12.0407,--,--,2304365074.56,3730719120,57.0703,
300126.SZ,锐奇股份,2015-03-03,12.0407,12.0407,12.0407,12.0407,--,--,2304365074.56,3730719120,57.0703,
300126.SZ,锐奇股份,2015-03-04,12.0407,12.0407,12.0407,12.0407,--,--,2304365074.56,3730719120,57.0703,
300126.SZ,锐奇股份,2015-03-05,12.0407,12.0407,12.0407,12.0407,--,--,2304365074.56,3730719120,57.0703,
300126.SZ,锐奇股份,2015-03-06,12.0407,12.0407,12.0407,12.0407,--,--,2304365074.56,3730719120,57.0703,
300126.SZ,锐奇股份,2015-03-09,12.0407,12.0407,12.0407,12.0407,--,--,2304365074.56,3730719120,57.0703,
300126.SZ,锐奇股份,2015-03-10,12.0407,12.0407,12.0407,12.0407,--,--,2304365074.56,3730719120,57.0703,
300126.SZ,锐奇股份,2015-03-11,12.0407,12.0407,12.0407,12.0407,--,--,2304365074.56,3730719120,57.0703,
300126.SZ,锐奇股份,2015-03-12,12.0407,12.0407,12.0407,12.0407,--,--,2304365074.56,3730719120,57.0703,
300126.SZ,锐奇股份,2015-03-13,12.0407,12.0407,12.0407,12.0407,--,--,2304365074.56,3730719120,57.0703,
300126.SZ,锐奇股份,2015-03-16,12.0407,12.0407,12.0407,12.0407,--,--,2304365074.56,3730719120,57.0703,
300126.SZ,锐奇股份,2015-03-17,12.0407,12.0407,12.0407,12.0407,--,--,2304365074.56,3730719120,57.0703,
300126.SZ,锐奇股份,2015-03-18,12.0407,12.0407,12.0407,12.0407,--,--,2304365074.56,3730719120,57.0703,
300126.SZ,锐奇股份,2015-03-19,12.0407,12.0407,12.0407,12.0407,--,--,2304365074.56,3730719120,57.0703,
300126.SZ,锐奇股份,2015-03-20,12.0407,12.0407,12.0407,12.0407,--,--,2304365074.56,3730719120,57.0703,
300126.SZ,锐奇股份,2015-03-23,12.0407,12.0407,12.0407,12.0407,--,--,2304365074.56,3730719120,57.0703,
300126.SZ,锐奇股份,2015-03-24,12.0407,12.0407,12.0407,12.0407,--,--,2304365074.56,3730719120,57.0703,
300126.SZ,锐奇股份,2015-03-25,12.0407,12.0407,12.0407,12.0407,--,--,2304365074.56,3730719120,57.0703,
300126.SZ,锐奇股份,2015-03-26,12.0407,12.0407,12.0407,12.0407,--,--,2304365074.56,3730719120,57.0703,
300126.SZ,锐奇股份,2015-03-27,12.0407,12.0407,12.0407,12.0407,--,--,2304365074.56,3730719120,57.0703,
300126.SZ,锐奇股份,2015-03-30,12.0407,12.0407,12.0407,12.0407,--,--,2304365074.56,3730719120,60.0913,
300126.SZ,锐奇股份,2015-03-31,12.0407,12.0407,12.0407,12.0407,--,--,2304365074.56,3730719120,60.0913,
300126.SZ,锐奇股份,2015-04-01,12.0407,12.0407,12.0407,12.0407,--,--,2304365074.56,3730719120,60.0913,
300126.SZ,锐奇股份,2015-04-02,12.0407,12.0407,12.0407,12.0407,--,--,2304365074.56,3730719120,60.0913,
300126.SZ,锐奇股份,2015-04-03,12.0407,12.0407,12.0407,12.0407,--,--,2304365074.56,3730719120,60.0913,
300126.SZ,锐奇股份,2015-04-07,12.0407,12.0407,12.0407,12.0407,--,--,2304365074.56,3730719120,60.0913,
300126.SZ,锐奇股份,2015-04-08,12.0407,12.0407,12.0407,12.0407,--,--,2304365074.56,3730719120,60.0913,
300126.SZ,锐奇股份,2015-04-09,12.0407,12.0407,12.0407,12.0407,--,--,2304365074.56,3730719120,60.0913,
300126.SZ,锐奇股份,2015-04-10,12.0407,12.0407,12.0407,12.0407,--,--,2304365074.56,3730719120,60.0913,
300126.SZ,锐奇股份,2015-04-13,12.0407,12.0407,12.0407,12.0407,--,--,2304365074.56,3730719120,60.0913,
300126.SZ,锐奇股份,2015-04-14,12.0407,12.0407,12.0407,12.0407,--,--,2304365074.56,3730719120,60.0913,
300126.SZ,锐奇股份,2015-04-15,12.0407,12.0407,12.0407,12.0407,--,--,2304365074.56,3730719120,60.0913,
300126.SZ,锐奇股份,2015-04-16,12.0407,12.0407,12.0407,12.0407,--,--,2304365074.56,3730719120,60.0913,
300126.SZ,锐奇股份,2015-04-17,12.0407,12.0407,12.0407,12.0407,--,--,2304365074.56,3730719120,60.0913,
300126.SZ,锐奇股份,2015-04-20,12.0407,12.0407,12.0407,12.0407,--,--,2304365074.56,3730719120,60.0913,
300126.SZ,锐奇股份,2015-04-21,12.0407,12.0407,12.0407,12.0407,--,--,2304365074.56,3730719120,60.0913,
300126.SZ,锐奇股份,2015-04-22,12.0407,12.0407,12.0407,12.0407,--,--,2304365074.56,3730719120,60.0913,
300126.SZ,锐奇股份,2015-04-23,12.0407,12.0407,12.0407,12.0407,--,--,2304365074.56,3730719120,60.0913,
300126.SZ,锐奇股份,2015-04-24,12.0407,12.0407,12.0407,12.0407,--,--,2304365074.56,3730719120,60.0913,
300126.SZ,锐奇股份,2015-04-27,12.0407,12.0407,12.0407,12.0407,--,--,2304365074.56,3730719120,60.0913,
300126.SZ,锐奇股份,2015-04-28,12.0407,12.0407,12.0407,12.0407,--,--,2304365074.56,3730719120,63.0119,
300126.SZ,锐奇股份,2015-04-29,12.0407,12.0407,12.0407,12.0407,--,--,2304365074.56,3730719120,63.0119,
300126.SZ,锐奇股份,2015-04-30,12.0407,12.0407,12.0407,12.0407,--,--,2304365074.56,3730719120,63.0119,
300126.SZ,锐奇股份,2015-05-04,12.0407,12.0407,12.0407,12.0407,--,--,2304365074.56,3730719120,63.0119,
300126.SZ,锐奇股份,2015-05-05,12.0407,12.0407,12.0407,12.0407,--,--,2304365074.56,3730719120,63.0119,
300126.SZ,锐奇股份,2015-05-06,12.0407,12.0407,12.0407,12.0407,--,--,2304365074.56,3730719120,63.0119,
300126.SZ,锐奇股份,2015-05-07,12.0407,12.0407,12.0407,12.0407,--,--,2304365074.56,3730719120,63.0119,
300126.SZ,锐奇股份,2015-05-08,12.0407,12.0407,12.0407,12.0407,--,--,2304365074.56,3730719120,63.0119,
300126.SZ,锐奇股份,2015-05-11,12.0407,12.0407,12.0407,12.0407,--,--,2304365074.56,3730719120,63.0119,
300126.SZ,锐奇股份,2015-05-12,12.0407,12.0407,12.0407,12.0407,--,--,2304365074.56,3730719120,63.0119,
300126.SZ,锐奇股份,2015-05-13,13.2408,13.2408,13.2408,13.2408,166336,0.0876,2534042318.4,4102561800,69.2923,
300126.SZ,锐奇股份,2015-05-14,14.5699,14.5699,14.5699,14.5699,57569,0.0303,2788395629.76,4514354520,76.2475,
300126.SZ,锐奇股份,2015-05-15,16.0279,16.0279,16.0279,16.0279,134492,0.0709,3067425008.64,4966097280,83.8774,
300126.SZ,锐奇股份,2015-05-18,17.6346,17.6346,17.6346,17.6346,51775,0.0273,3374926773.12,5463936240,92.2859,
300126.SZ,锐奇股份,2015-05-19,19.4001,19.4001,19.4001,19.4001,71902,0.0379,3712799082.24,6010944480,101.5249,
300126.SZ,锐奇股份,2015-05-20,21.344,21.344,21.344,21.344,86098,0.0454,4084838254.08,6613268160,111.6981,
300126.SZ,锐奇股份,2015-05-21,23.4765,23.4765,23.4765,23.4765,184138,0.097,4492942447.68,7273980360,122.8576,
300126.SZ,锐奇股份,2015-05-22,25.8271,25.8271,25.8271,25.8271,254545,0.1341,4942806140.16,8002300320,135.1589,
300126.SZ,锐奇股份,2015-05-25,28.4058,28.4058,28.4058,28.4058,2614551,1.3774,5436327490.56,8801301120,148.654,
300126.SZ,锐奇股份,2015-05-26,31.2424,31.2424,31.2424,31.2424,865249,0.4558,5979200976,9680202000,163.4986,
300126.SZ,锐奇股份,2015-05-27,34.3667,34.3667,34.3667,34.3667,807320,0.4253,6577121073.6,10648222200,179.8485,
300126.SZ,锐奇股份,2015-05-28,37.8083,37.8083,37.8083,37.8083,3110736,1.6388,7235782260.48,11714580960,197.8593,
300126.SZ,锐奇股份,2015-05-29,38.6811,41.5872,34.0295,39.9011,73035985,38.4773,7636293817.92,12363000840,208.8111,
300126.SZ,锐奇股份,2015-06-01,38.6811,40.5259,36.7074,39.0878,27900709,14.6988,7480644776.64,12111008280,204.555,
300126.SZ,锐奇股份,2015-06-02,39.9804,42.9956,39.9507,42.9956,27875116,14.6853,8228519438.4,13321801800,225.0053,
300126.SZ,锐奇股份,2015-06-03,45.1478,45.4255,40.5656,42.4501,28400831,14.9623,8124120691.2,13152782400,222.1505,
300126.SZ,锐奇股份,2015-06-04,41.3194,43.1741,38.205,39.5837,22650150,11.9327,7575552728.64,12264662280,207.1502,
300126.SZ,锐奇股份,2015-06-05,42.093,42.093,37.5405,38.3439,16423702,8.6524,7338282848.64,11880527280,200.6621,
300126.SZ,锐奇股份,2015-06-08,38.572,39.3456,34.7138,35.0015,14486547,7.6319,6698603252.16,10844899320,183.1704,
300126.SZ,锐奇股份,2015-06-09,34.932,35.7552,32.2144,34.5055,11408624,6.0104,6603695300.16,10691245320,180.5752,
300126.SZ,锐奇股份,2015-06-10,34.6146,36.6876,34.1187,36.0925,11811344,6.2225,6907400746.56,11182938120,188.8799,
300126.SZ,锐奇股份,2015-06-11,36.1421,36.4495,34.4262,34.932,13597920,7.1637,6685316138.88,10823387760,182.8071,
300126.SZ,锐奇股份,2015-06-12,35.0808,38.4233,35.0808,38.4233,18103305,9.5373,7353468120.96,11905111920,201.0774,
300126.SZ,锐奇股份,2015-06-15,39.2564,39.5738,36.2016,38.4629,21957750,11.5679,7361060757.12,11917404240,201.285,
300126.SZ,锐奇股份,2015-06-16,37.2926,39.058,35.2097,35.9933,15063835,7.936,6888419156.16,11152207320,188.3608,
300126.SZ,锐奇股份,2015-06-17,35.5073,36.3801,32.5814,36.0032,11730732,6.1801,6890317315.2,11155280400,188.4127,
300126.SZ,锐奇股份,2015-06-18,35.4081,39.6035,35.4081,38.8398,36510290,19.2346,7433190800.64,12034181280,203.2574,
300126.SZ,锐奇股份,2015-06-19,37.8078,39.7031,36.8155,38.0559,18883842,9.9485,7279439918.4,11785261800,199.0531,
300126.SZ,锐奇股份,2015-06-23,38.7009,41.5092,34.9102,40.6856,22082622,11.6337,7782452064,12599628000,212.8078,
300126.SZ,锐奇股份,2015-06-24,44.7541,44.7541,43.1664,44.7541,24784537,13.0571,8560697270.4,13859590800,234.0885,
300126.SZ,锐奇股份,2015-06-25,44.6549,44.8533,40.2787,40.2787,29870640,15.7366,7704627543.36,12473631720,210.6797,
300126.SZ,锐奇股份,2015-06-26,36.2498,36.2498,36.2498,36.2498,1143600,0.6025,6933974973.12,11225961240,189.6065,
300126.SZ,锐奇股份,2015-06-29,32.6278,32.6278,32.6278,32.6278,1730700,0.9118,6241146923.52,10104287040,170.6614,
300126.SZ,锐奇股份,2015-06-30,29.3631,32.3401,29.3631,29.3631,44905654,21.3769,6215850099.36,9093243720,153.5849,
300126.SZ,锐奇股份,2015-07-01,29.8592,32.2408,28.3608,28.4799,32420446,15.4335,6028891444.8,8819739600,148.9654,
300126.SZ,锐奇股份,2015-07-02,27.4379,27.6463,25.6319,25.6319,17930175,8.5355,5426002300.32,7937765640,134.0689,
300126.SZ,锐奇股份,2015-07-03,23.0816,25.2052,23.0717,23.0717,18583183,8.8464,4884032268,7144911000,120.6776,
300126.SZ,锐奇股份,2015-07-06,24.8083,24.8281,20.7695,20.7695,18003045,8.5702,4396679370.72,6431956440,108.6358,
300126.SZ,锐奇股份,2015-07-07,20.7695,20.7695,20.7695,20.7695,--,--,4396679370.72,6431956440,108.6358,
300126.SZ,锐奇股份,2015-07-08,20.7695,20.7695,20.7695,20.7695,--,--,4396679370.72,6431956440,108.6358,
300126.SZ,锐奇股份,2015-07-09,20.7695,20.7695,20.7695,20.7695,--,--,4396679370.72,6431956440,108.6358,
300126.SZ,锐奇股份,2015-07-10,20.7695,20.7695,20.7695,20.7695,--,--,4396679370.72,6431956440,108.6358,
300126.SZ,锐奇股份,2015-07-13,22.8434,22.8434,21.8313,22.8434,17087632,8.1344,4835717110.08,7074230160,119.4838,
300126.SZ,锐奇股份,2015-07-14,24.2923,25.1258,23.5182,25.1258,22486863,10.7047,5318868689.28,7781038560,131.4218,
300126.SZ,锐奇股份,2015-07-15,25.235,25.235,22.6152,22.6152,18705259,8.9045,4787401952.16,7003549320,118.29,
300126.SZ,锐奇股份,2015-07-16,20.3527,23.4587,20.3527,21.4343,26844420,12.779,4537423526.4,6637852800,112.1134,
300126.SZ,锐奇股份,2015-07-17,21.4343,23.5678,21.4343,23.1511,23752056,11.307,4900837540.32,7169495640,121.0928,
300126.SZ,锐奇股份,2015-07-20,23.1511,24.6396,22.8236,23.935,26902854,12.8069,5066789604.48,7412268960,125.1932,
300126.SZ,锐奇股份,2015-07-21,23.4785,26.3265,22.8335,26.3265,15966500,7.6007,5573048433.12,8152881240,137.7022,
300126.SZ,锐奇股份,2015-07-22,27.5868,28.2616,25.1556,26.912,35639927,16.9661,5696987316.48,8334192960,140.7645,
300126.SZ,锐奇股份,2015-07-23,26.6937,28.1723,26.3067,27.686,23487194,11.1809,5860838721.6,8573893200,144.8131,
300126.SZ,锐奇股份,2015-07-24,27.5868,29.2638,27.1303,27.686,28663183,13.6449,5860838721.6,8573893200,144.8131,
300126.SZ,锐奇股份,2015-07-27,26.7929,28.5791,24.9174,24.9174,22014279,10.4797,5274754849.44,7716503880,130.3318,
300126.SZ,锐奇股份,2015-07-28,22.7045,25.0067,22.4267,22.4267,24173077,11.5074,4747489430.4,6945160800,117.3038,
300126.SZ,锐奇股份,2015-07-29,23.2007,23.677,20.3725,23.6671,21384642,10.18,5010071810.4,7329295800,123.7918,
300126.SZ,锐奇股份,2015-07-30,23.2007,23.6075,21.3053,21.3153,17336868,8.2531,4512215617.92,6600975840,111.4905,
300126.SZ,锐奇股份,2015-07-31,20.5115,22.2679,19.5092,20.2634,14588483,6.9447,4289545759.68,6275229360,105.9886,
300126.SZ,锐奇股份,2015-08-03,19.668,20.0352,18.239,18.239,15717609,7.4822,3861011315.52,5648321040,95.4002,
300126.SZ,锐奇股份,2015-08-04,18.368,20.0649,18.2192,20.0649,17267293,8.2199,4247532578.88,6213767760,104.9506,
300126.SZ,锐奇股份,2015-08-05,20.1443,20.8191,19.2413,19.5291,17122524,8.151,4134096990.72,6047821440,102.1477,
300126.SZ,锐奇股份,2015-08-06,18.6459,19.8069,18.368,19.1718,10444559,4.972,4058473265.28,5937190560,100.2792,
300126.SZ,锐奇股份,2015-08-07,19.6581,21.087,19.6481,20.7596,18408417,8.7632,4394578711.68,6428883360,108.5839,
300126.SZ,锐奇股份,2015-08-10,21.1366,22.8335,20.8092,22.5854,20291082,9.6594,4781099975.04,6994330080,118.1343,
300126.SZ,锐奇股份,2015-08-11,22.4961,23.2602,22.2183,22.5061,18689532,8.897,4764294702.72,6969745440,117.719,
300126.SZ,锐奇股份,2015-08-12,22.1488,23.0221,21.8412,22.1786,14305433,6.81,4694972954.4,6868333800,116.0062,
300126.SZ,锐奇股份,2015-08-13,21.8313,23.3198,21.6824,23.2205,17472557,8.3177,4915542153.6,7191007200,121.4561,
300126.SZ,锐奇股份,2015-08-14,23.6175,24.5304,22.9328,23.3694,19760860,9.407,4947052039.2,7237103400,122.2347,
300126.SZ,锐奇股份,2015-08-17,23.0221,23.3098,22.0595,22.8534,15038910,7.1591,4837817769.12,7077303240,119.5357,
300126.SZ,锐奇股份,2015-08-18,22.8236,23.677,20.571,20.571,20058250,9.5486,4354666189.92,6370494840,107.5977,
300126.SZ,锐奇股份,2015-08-19,19.5489,21.8114,18.5665,21.6229,17633730,8.3944,4577336048.16,6696241320,113.0995,
300126.SZ,锐奇股份,2015-08-20,20.8389,22.2084,20.442,21.0275,14795496,7.0433,4451296505.76,6511856520,109.9853,
300126.SZ,锐奇股份,2015-08-21,20.3428,20.7794,19.2016,19.3405,9120909,4.3419,4094184468.96,5989432920,101.1615,
300126.SZ,锐奇股份,2015-08-24,18.3581,18.6558,17.4055,17.4055,5841702,2.7809,3684555956.16,5390182320,91.0402,
300126.SZ,锐奇股份,2015-08-25,15.6788,16.0658,15.6689,15.6689,7737843,3.6835,3316940624.16,4852393320,105.569,
300126.SZ,锐奇股份,2015-08-26,15.4605,16.2841,14.1109,14.1308,13581258,6.4652,2991338472.96,4376065920,95.206,
300126.SZ,锐奇股份,2015-08-27,14.7857,15.0735,13.5751,14.9643,11665515,5.5533,3167793832.32,4634204640,100.8221,
300126.SZ,锐奇股份,2015-08-28,15.2819,16.4628,14.9147,16.4628,14268585,6.7924,3484993347.36,5098239720,110.9176,
300126.SZ,锐奇股份,2015-08-31,15.9666,16.175,14.9941,15.0735,10584761,5.0388,3190901081.76,4668008520,101.5575,
300126.SZ,锐奇股份,2015-09-01,14.9842,14.9842,13.5652,13.5652,10206370,4.8394,2883050899.68,4200900360,91.3951,
300126.SZ,锐奇股份,2015-09-02,12.553,14.3094,12.424,12.7713,10870762,5.1544,2714328096.48,3955053960,86.0464,
300126.SZ,锐奇股份,2015-09-07,13.2178,14.0514,13.2178,13.8827,14745127,6.9914,2950540020.96,4299238920,93.5345,
300126.SZ,锐奇股份,2015-09-08,13.5652,15.2323,13.4064,15.1827,15152136,7.1844,3226823611.2,4701812400,102.293,
300126.SZ,锐奇股份,2015-09-09,15.262,16.2544,15.0834,15.8773,16888171,8.0075,3374456064,4916928000,106.973,
300126.SZ,锐奇股份,2015-09-10,15.5101,16.3338,15.3811,15.8872,12715705,6.0292,3376565099.04,4920001080,107.0399,
300126.SZ,锐奇股份,2015-09-11,16.0857,16.3735,15.659,16.2147,11289177,5.3528,3446163255.36,5021412720,109.2462,
300126.SZ,锐奇股份,2015-09-14,14.5972,15.2224,14.5972,14.5972,13785307,6.5363,3102390543.84,4520500680,98.3483,
300126.SZ,锐奇股份,2015-09-15,13.1385,13.1385,13.1385,13.1385,862800,0.4091,2792362392.96,4068757920,88.5202,
300126.SZ,锐奇股份,2015-09-16,11.8286,14.3789,11.8286,13.9323,37858711,17.9507,2961085196.16,4314604320,93.8688,
300126.SZ,锐奇股份,2015-09-17,13.1781,13.7934,12.5431,12.5431,30109751,14.2766,2665820290.56,3884373120,84.5087,
300126.SZ,锐奇股份,2015-09-18,12.4041,12.6224,11.8583,12.2553,17545255,8.3191,2604658274.4,3795253800,82.5698,
300126.SZ,锐奇股份,2015-09-21,11.908,13.0789,11.7889,12.9797,18684102,8.8591,2758617832.32,4019588640,87.4504,
300126.SZ,锐奇股份,2015-09-22,13.0194,13.9919,12.9102,13.4262,23161956,10.9823,2853524409.12,4157877240,90.4591,
300126.SZ,锐奇股份,2015-09-23,12.9896,13.456,12.94,13.1285,15606902,7.4,2790253357.92,4065684840,88.4533,
300126.SZ,锐奇股份,2015-09-24,13.3072,13.9919,13.3072,13.5949,18413095,8.7306,2889378004.8,4210119600,91.5956,
300126.SZ,锐奇股份,2015-09-25,13.585,13.9819,12.4537,12.682,16888893,8.0079,2695346781.12,3927396240,85.4447,
300126.SZ,锐奇股份,2015-09-28,12.6621,13.5652,12.4537,13.4858,11670174,5.5334,2866178619.36,4176315720,90.8602,
300126.SZ,锐奇股份,2015-09-29,13.0095,13.3667,12.811,12.9896,8648319,4.1006,2760726867.36,4022661720,87.5173,
300126.SZ,锐奇股份,2015-09-30,13.1285,13.3369,12.7415,13.0095,8162108,3.8701,2764944937.44,4028807880,87.651,
300126.SZ,锐奇股份,2015-10-08,13.5255,14.1308,13.2972,13.8033,17992547,8.5312,2933667740.64,4274654280,92.9997,
300126.SZ,锐奇股份,2015-10-09,13.7537,14.5575,13.5056,14.359,24644018,11.685,3051773702.88,4446746760,96.7437,
300126.SZ,锐奇股份,2015-10-12,14.3987,15.7979,14.3888,15.7979,23224226,11.0118,3357583783.68,4892343360,106.4382,
300126.SZ,锐奇股份,2015-10-13,15.8674,16.304,15.6094,16.2246,22689874,10.7584,3448272290.4,5024485800,109.3131,
300126.SZ,锐奇股份,2015-10-14,15.8971,16.1651,15.5399,15.8376,15820277,7.5012,3366019923.84,4904635680,106.7056,
300126.SZ,锐奇股份,2015-10-15,15.6788,17.4154,15.6193,17.0879,20437037,9.6902,3631758338.88,5291843760,115.1297,
300126.SZ,锐奇股份,2015-10-16,17.0879,17.2169,16.3834,17.0383,20456714,9.6996,3621213163.68,5276478360,114.7954,
300126.SZ,锐奇股份,2015-10-19,16.8696,16.9192,15.6788,16.3735,18946562,8.9835,3479907816,5070582000,110.3159,
300126.SZ,锐奇股份,2015-10-20,16.2544,17.0482,16.0758,17.0185,19703214,9.3423,3616995093.6,5270332200,114.6617,
300126.SZ,锐奇股份,2015-10-21,17.1177,17.1177,15.3216,15.3216,20239872,9.5967,3256350101.76,4744835520,103.229,
300126.SZ,锐奇股份,2015-10-22,15.2025,16.0261,15.133,15.8971,14189562,6.728,3378674134.08,4923074160,107.1067,
300126.SZ,锐奇股份,2015-10-23,15.9071,17.4253,15.8475,16.82,21020676,9.967,3574814392.8,5208870600,113.3245,
300126.SZ,锐奇股份,2015-10-26,16.9689,17.852,16.8299,17.4055,22271141,10.5599,3699247460.16,5390182320,226.3651,
300126.SZ,锐奇股份,2015-10-27,17.4352,19.1421,16.7704,19.1421,34749185,16.4763,4068328592.16,5927971320,248.95,
300126.SZ,锐奇股份,2015-10-28,18.5268,19.152,17.8223,17.991,31657402,15.0104,3823680527.52,5571494040,233.9794,
300126.SZ,锐奇股份,2015-10-29,18.3879,18.3879,17.3658,17.9413,21459959,10.1753,3813135352.32,5556128640,233.3342,
300126.SZ,锐奇股份,2015-10-30,17.6337,17.8223,17.0879,17.3459,16780250,7.9564,3686593249.92,5371743840,225.5908,
300126.SZ,锐奇股份,2015-11-02,16.7902,17.2467,16.2246,16.3139,14077771,6.675,3467253605.76,5052143520,212.1689,
300126.SZ,锐奇股份,2015-11-03,16.433,16.6612,16.0956,16.5025,9355500,4.4359,3507325271.52,5110532040,214.621,
300126.SZ,锐奇股份,2015-11-04,16.6315,17.9116,16.5818,17.7826,16841823,7.9856,3779390791.68,5506959360,231.2693,
300126.SZ,锐奇股份,2015-11-05,18.2093,18.5169,17.2864,17.5742,18419600,8.7337,3735101055.84,5442424680,228.5591,
300126.SZ,锐奇股份,2015-11-06,17.6238,18.7054,17.6238,18.4573,19215712,9.1111,3922805174.4,5715928800,240.0451,
300126.SZ,锐奇股份,2015-11-09,18.1795,20.1939,17.7429,19.5291,26399394,12.5173,4150580958.72,6047821440,253.9832,
300126.SZ,锐奇股份,2015-11-10,19.2611,19.8168,18.8146,19.3703,18414424,8.7312,4116836398.08,5998652160,251.9183,
300126.SZ,锐奇股份,2015-11-11,19.3306,20.2336,19.1024,20.0649,21220971,10.0619,4264468850.88,6213767760,260.9523,
300126.SZ,锐奇股份,2015-11-12,20.1741,20.1741,19.2611,19.4497,17443163,8.2707,4133708678.4,6023236800,252.9508,
300126.SZ,锐奇股份,2015-11-13,18.9237,19.3802,18.4772,18.507,14394528,6.8252,3933350349.6,5731294200,240.6904,
300126.SZ,锐奇股份,2015-11-16,17.991,20.3626,17.981,20.3626,13044487,6.185,4327739902.08,6305960160,264.8239,
300126.SZ,锐奇股份,2015-11-17,21.7817,22.3969,20.6603,20.958,48945049,23.2073,4454282004.48,6490344960,272.5674,
300126.SZ,锐奇股份,2015-11-18,20.5412,21.4343,19.6481,19.8466,23537877,11.1605,4218070080,6146160000,258.113,
300126.SZ,锐奇股份,2015-11-19,20.1741,21.1366,19.8962,20.8687,20863560,9.8925,4435300689.12,6462687240,271.4058,
300126.SZ,锐奇股份,2015-11-20,20.6405,21.6923,20.1443,21.5137,26741321,12.6794,4572387966.72,6662437440,279.7945,
300126.SZ,锐奇股份,2015-11-23,21.3351,22.6946,21.1366,21.355,24437018,11.5868,4538643406.08,6613268160,277.7296,
300126.SZ,锐奇股份,2015-11-24,21.7817,22.0297,20.5214,21.4244,16301306,7.7293,4553406651.36,6634779720,278.633,
300126.SZ,锐奇股份,2015-11-25,20.2237,20.7397,19.3604,20.4222,49012196,23.2392,4340394112.32,6324398640,265.5983,
300126.SZ,锐奇股份,2015-11-26,20.1046,20.5214,19.668,19.9062,26568502,12.5975,4230724290.24,6164598480,258.8874,
300126.SZ,锐奇股份,2015-11-27,19.797,20.2932,18.11,18.2093,19912165,9.4414,3870079298.4,5639101800,236.8187,
300126.SZ,锐奇股份,2015-11-30,18.11,18.4573,16.7803,18.0306,13623798,6.4597,3832116667.68,5583786360,234.4957,
300126.SZ,锐奇股份,2015-12-01,17.8719,18.6558,17.6933,18.11,11558909,5.4807,3848988948,5608371000,235.5281,
300126.SZ,锐奇股份,2015-12-02,18.12,18.2589,16.6811,17.7429,11653721,5.5256,3770954651.52,5494667040,230.753,
300126.SZ,锐奇股份,2015-12-03,17.8123,18.249,17.8123,18.239,8229353,3.902,3876406403.52,5648321040,237.2059,
300126.SZ,锐奇股份,2015-12-04,18.239,19.0428,18.1596,18.497,13321783,6.3165,3931241314.56,5728221120,240.5613,
300126.SZ,锐奇股份,2015-12-07,18.5864,18.8047,18.3085,18.7848,10591187,5.0218,3992403330.72,5817340440,244.304,
300126.SZ,锐奇股份,2015-12-08,18.5467,18.7154,17.8719,18.0604,10622459,5.0366,3838443772.8,5593005600,234.8828,
300126.SZ,锐奇股份,2015-12-09,18.1398,18.1398,17.5643,17.6238,7117712,3.3749,3745646231.04,5457790080,229.2044,
300126.SZ,锐奇股份,2015-12-10,17.465,17.7826,17.3559,17.3856,6760318,3.2054,3695029390.08,5384036160,226.107,
300126.SZ,锐奇股份,2015-12-11,17.3757,19.1222,17.3757,18.3581,25397137,12.0421,3901714824,5685198000,238.7545,
300126.SZ,锐奇股份,2015-12-14,17.4352,17.8619,16.7704,17.8024,17078001,8.0975,3783608861.76,5513105520,231.5274,
300126.SZ,锐奇股份,2015-12-15,17.6635,18.11,17.5444,17.8322,10081939,4.7804,3789935966.88,5522324760,231.9146,
300126.SZ,锐奇股份,2015-12-16,17.8818,18.2787,17.8123,17.8619,8608516,4.0817,3796263072,5531544000,232.3017,
300126.SZ,锐奇股份,2015-12-17,17.9513,19.2016,17.9413,18.7947,16407393,7.7796,3994512365.76,5820413520,244.433,
300126.SZ,锐奇股份,2015-12-18,18.6459,19.0031,18.368,18.6459,10187862,4.8306,3962876840.16,5774317320,242.4972,
300126.SZ,锐奇股份,2015-12-21,18.5566,18.9535,18.4573,18.9039,9349446,4.433,4017711751.2,5854217400,245.8526,
300126.SZ,锐奇股份,2015-12-22,18.9535,19.4497,18.8543,19.3604,11462021,5.4347,4114727363.04,5995579080,251.7892,
300126.SZ,锐奇股份,2015-12-23,19.3802,19.4298,18.5566,18.6558,11988918,5.6846,3964985875.2,5777390400,242.6262,
300126.SZ,锐奇股份,2015-12-24,18.4871,18.7352,17.981,18.507,6295502,2.985,3933350349.6,5731294200,240.6904,
300126.SZ,锐奇股份,2015-12-25,18.378,18.507,17.9215,18.1398,9556701,4.5313,3855316053.12,5617590240,235.9153,
300126.SZ,锐奇股份,2015-12-28,18.2589,18.4177,17.4154,17.465,8399430,3.9826,3711901670.4,5408620800,227.1395,
300126.SZ,锐奇股份,2015-12-29,17.4154,17.8123,17.3757,17.7627,5085289,2.4112,3775172721.6,5500813200,231.0112,
300126.SZ,锐奇股份,2015-12-30,17.7627,18.2887,17.7131,18.2291,5774570,2.738,3874297368.48,5645247960,237.0768,
300126.SZ,锐奇股份,2015-12-31,18.2986,18.2986,17.465,17.5146,5277677,2.5078,3714406829.35,5423986200,227.7847,
300126.SZ,锐奇股份,2016-01-04,17.4452,17.5444,15.7681,15.7681,5566725,2.6452,3344018386.31,4883124120,205.0708,
300126.SZ,锐奇股份,2016-01-05,14.7758,15.8177,14.2697,14.9842,6549874,3.1123,3177764482.9,4640350800,194.8753,
300126.SZ,锐奇股份,2016-01-06,15.1132,15.7681,14.9544,15.5796,5183433,2.4577,3311185012.8,4824735600,202.6187,
300126.SZ,锐奇股份,2016-01-07,15.1033,15.2819,14.0216,14.0216,1500300,0.7114,2980066511.52,4339775160,182.3568,
300126.SZ,锐奇股份,2016-01-08,14.4483,15.2224,12.7118,14.4682,14367535,6.8124,3074973088.32,4477984560,188.0566,
300126.SZ,锐奇股份,2016-01-11,14.0613,14.1407,13.0194,13.0194,5787735,2.7443,2767053972.48,4029571840,169.2252,
300126.SZ,锐奇股份,2016-01-12,12.9995,13.6148,12.6026,13.2476,4885894,2.3166,2815561778.4,4100212200,172.1918,
300126.SZ,锐奇股份,2016-01-13,13.2873,13.3667,12.0072,12.027,6499248,3.0816,2556150468.48,3722439840,156.3269,
300126.SZ,锐奇股份,2016-01-14,11.4217,12.7614,11.4118,12.5728,6615410,3.1367,2672147395.68,3891362440,163.4209,
300126.SZ,锐奇股份,2016-01-15,12.424,12.4934,11.6897,11.7095,6230638,2.9543,2488661347.2,3624157600,152.1995,
300126.SZ,锐奇股份,2016-01-18,11.9874,12.8805,11.7293,12.8805,6217965,2.9483,2737527481.92,3986573360,167.4194,
300126.SZ,锐奇股份,2016-01-19,14.1705,14.1705,13.5751,14.1705,37696353,17.8737,3011702037.12,4385844960,184.1871,
300126.SZ,锐奇股份,2016-01-20,13.7438,14.3789,13.5255,14.0415,33968940,16.1064,2984284581.6,4345917800,182.5104,
300126.SZ,锐奇股份,2016-01-21,13.714,14.0216,12.7514,12.8308,23724016,11.2488,2726982306.72,3971216760,166.7745,
300126.SZ,锐奇股份,2016-01-22,13.0789,13.5652,12.5331,13.5354,16358053,7.7562,2876723794.56,4189280480,175.9323,
300126.SZ,锐奇股份,2016-01-25,13.3468,13.7934,13.0888,13.4461,18512337,8.7776,2857742479.2,4161638600,174.7714,
300126.SZ,锐奇股份,2016-01-26,12.9995,13.069,12.1064,12.1064,14455540,6.8541,2573022748.8,3747010400,157.3588,
300126.SZ,锐奇股份,2016-01-27,12.1064,12.5927,11.1141,12.1064,14192933,6.7296,2573022748.8,3747010400,157.3588,
300126.SZ,锐奇股份,2016-01-28,11.769,12.1759,10.8958,10.9653,11999054,5.6894,2330483719.2,3393808600,142.5258,
300126.SZ,锐奇股份,2016-01-29,10.7271,11.779,10.6676,11.4813,10165272,4.8199,2440153541.28,3553517240,149.2329,
300126.SZ,锐奇股份,2016-02-01,11.4912,11.6996,10.9256,11.2233,8332455,3.9508,2385318630.24,3473662920,145.8793,
300126.SZ,锐奇股份,2016-02-02,11.0546,12.3446,10.8958,11.9477,20002722,9.4843,2539278188.16,3697869280,155.295,
300126.SZ,锐奇股份,2016-02-03,11.6897,12.1362,11.4118,12.0469,12009928,5.6945,2560368538.56,3728582480,156.5849,
300126.SZ,锐奇股份,2016-02-04,12.1263,12.553,11.9278,12.2354,14230556,6.7474,2600440204.32,3786937560,159.0355,
300126.SZ,锐奇股份,2016-02-05,12.2057,12.3942,11.8782,11.8782,11319271,5.367,2524514942.88,3676370040,154.3922,
300126.SZ,锐奇股份,2016-02-15,11.2927,11.8782,10.9256,11.7293,8236280,3.9052,2492879417.28,3630300240,152.4574,
300126.SZ,锐奇股份,2016-02-16,11.5904,12.9003,11.3324,12.9003,15517459,7.3576,2741745552,3992716000,167.6774,
300126.SZ,锐奇股份,2016-02-17,13.1385,13.1484,12.7018,12.9797,18543722,8.7925,2758617832.32,4017286560,168.7092,
300126.SZ,锐奇股份,2016-02-18,13.069,13.4461,12.8011,12.8011,19093056,9.053,2720655201.6,3962002800,166.3875,
300126.SZ,锐奇股份,2016-02-19,12.5828,13.069,12.5232,12.9896,13815450,6.5506,2760726867.36,4020357880,168.8382,
300126.SZ,锐奇股份,2016-02-22,12.9003,13.1285,12.0767,13.0988,33504545,15.8862,2783926252.8,4054142400,170.257,
300126.SZ,锐奇股份,2016-02-23,12.682,12.8011,12.3049,12.4141,20834328,9.8786,2638402835.04,3842221320,161.3572,
300126.SZ,锐奇股份,2016-02-24,12.2454,12.5728,11.8187,12.4041,18241460,8.6492,2636293800,3839150000,161.2282,
300126.SZ,锐奇股份,2016-02-25,12.3347,13.5949,11.7889,11.8286,37612162,17.8338,2513969767.68,3661013440,153.7473,
300126.SZ,锐奇股份,2016-02-26,11.9179,12.1263,11.0049,11.4713,23495036,11.1402,2438044506.24,3550445920,149.1039,
300126.SZ,锐奇股份,2016-02-29,11.1538,11.2828,10.3202,10.3202,11800364,5.5951,2193396441.6,3194172800,573.9719,
300126.SZ,锐奇股份,2016-03-01,10.0027,10.2309,9.2882,10.0325,18698539,8.8659,2132234425.44,3105104520,557.9669,
300126.SZ,锐奇股份,2016-03-02,9.9332,10.5683,9.834,10.479,15854999,7.5177,2227141002.24,3243313920,582.8022,
300126.SZ,锐奇股份,2016-03-03,10.4294,10.8065,10.3401,10.3599,14903641,7.0666,2201832581.76,3206458080,576.1794,
300126.SZ,锐奇股份,2016-03-04,10.2409,10.4393,9.3577,9.5561,13960593,6.6194,2031000743.52,2957681160,531.4759,
300126.SZ,锐奇股份,2016-03-07,9.7745,10.2012,9.6951,9.8836,10293561,4.8807,2100598899.84,3059034720,549.6885,
300126.SZ,锐奇股份,2016-03-08,9.963,10.2805,9.2684,10.2805,13174075,6.2465,2184960301.44,3181887520,571.7643,
300126.SZ,锐奇股份,2016-03-09,9.9531,10.2805,9.8737,9.963,10104535,4.7911,2117471180.16,3083605280,554.1036,
300126.SZ,锐奇股份,2016-03-10,10.2012,10.4095,9.9332,9.963,11486140,5.4462,2117471180.16,3083605280,554.1036,
300126.SZ,锐奇股份,2016-03-11,9.8737,10.221,9.7348,10.2012,10446253,4.9531,2168088021.12,3157316960,567.3491,
300126.SZ,锐奇股份,2016-03-14,10.3798,10.8263,10.2706,10.5187,12896505,6.1149,2235577142.4,3255599200,585.0098,
300126.SZ,锐奇股份,2016-03-15,10.5088,10.7569,10.2905,10.3103,11208477,5.3145,2191287406.56,3191101480,573.42,
300126.SZ,锐奇股份,2016-03-16,10.4989,10.5485,10.1019,10.2012,9328699,4.4232,2168088021.12,3157316960,567.3491,
300126.SZ,锐奇股份,2016-03-17,10.2309,11.2133,10.1416,10.8362,19084318,9.0488,2303066263.68,3353881440,602.6705,
300126.SZ,锐奇股份,2016-03-18,10.8462,11.7889,10.7767,11.5309,20387662,9.6668,2450698716.48,3568873840,641.3032,
300126.SZ,锐奇股份,2016-03-21,11.6698,12.2057,11.5904,12.0767,18834689,8.9305,2566695643.68,3737796440,671.6575,
300126.SZ,锐奇股份,2016-03-22,11.6996,12.2751,11.5408,11.8087,23385411,11.0882,2509751697.6,3654870800,656.7563,
300126.SZ,锐奇股份,2016-03-23,11.6103,12.0866,11.4416,11.8286,20611915,9.7731,2513969767.68,3661013440,657.8601,
300126.SZ,锐奇股份,2016-03-24,11.6103,11.8583,11.392,11.5309,14616763,6.9305,2450698716.48,3568873840,641.3032,
300126.SZ,锐奇股份,2016-03-25,11.4813,11.8583,11.4515,11.6599,8817577,4.1809,2478116172,3608801000,648.4778,
300126.SZ,锐奇股份,2016-03-28,11.8087,11.9973,11.4316,11.4614,9911017,4.6993,2435935471.2,3547374600,637.4399,
300126.SZ,锐奇股份,2016-03-29,11.4316,11.5309,10.8958,11.1042,8465863,4.0141,2360010209.76,3436807080,617.5717,
300126.SZ,锐奇股份,2016-03-30,11.2431,11.8583,11.1439,11.7591,11396186,5.4035,2499206522.4,3639514200,653.9968,
300126.SZ,锐奇股份,2016-03-31,11.7492,11.9675,11.5904,11.6897,10673299,5.0607,2484443277.12,3618014960,650.1335,
300126.SZ,锐奇股份,2016-04-01,11.6897,11.8881,11.263,11.6797,8275087,3.9236,2482334242.08,3614943640,649.5817,
300126.SZ,锐奇股份,2016-04-05,11.908,12.8507,11.908,12.3347,33424871,15.8484,2621530554.72,3817650760,686.0068,
300126.SZ,锐奇股份,2016-04-06,12.0568,13.4262,11.769,13.1781,37320757,17.6957,2800798533.12,4078712960,732.918,
300126.SZ,锐奇股份,2016-04-07,12.8904,12.9499,12.3545,12.3843,22090424,10.4742,2632075729.92,3833007360,688.7662,
300126.SZ,锐奇股份,2016-04-08,12.2553,12.295,11.8881,12.1858,14901901,7.0657,2589895029.12,3771580960,677.7283,
300126.SZ,锐奇股份,2016-04-11,12.2652,12.553,12.2255,12.3247,12096492,5.7356,2619421519.68,3814579440,685.4549,
300126.SZ,锐奇股份,2016-04-12,12.2851,12.6026,12.1461,12.5034,14016430,6.6459,2657384150.4,3869863200,695.389,
300126.SZ,锐奇股份,2016-04-13,12.3545,12.8408,12.3347,12.4438,18059380,8.5629,2644729940.16,3851435280,501.5618,
300126.SZ,锐奇股份,2016-04-14,12.553,12.682,12.4339,12.6324,9423011,4.4679,2684801605.92,3909790360,509.1612,
300126.SZ,锐奇股份,2016-04-15,12.6125,13.1484,12.6026,12.7911,20805264,9.8648,2718546166.56,3958931480,515.5607,
300126.SZ,锐奇股份,2016-04-18,12.5629,13.1781,12.2553,13.1385,19870776,9.4217,2792362392.96,4066427680,529.5597,
300126.SZ,锐奇股份,2016-04-19,13.1484,13.3667,12.6522,12.6919,25366113,12.0274,2697455816.16,3928218280,511.5611,
300126.SZ,锐奇股份,2016-04-20,12.6324,12.8507,11.4217,11.6003,22272361,10.5605,2465461961.76,3590373080,467.5644,
300126.SZ,锐奇股份,2016-04-21,11.4217,11.7988,11.2927,11.5408,11621552,5.5104,2452807751.52,3571945160,465.1646,
300126.SZ,锐奇股份,2016-04-22,11.4118,11.6897,11.2927,11.5607,5491978,2.604,2457025821.6,3578087800,465.9645,
300126.SZ,锐奇股份,2016-04-25,11.4217,11.511,11.1439,11.4316,4458625,2.1141,2429608366.08,3538160640,460.7649,
300126.SZ,锐奇股份,2016-04-26,11.4019,11.5904,11.3324,11.5904,5291164,2.5088,2463352926.72,3587301760,467.1644,
300126.SZ,锐奇股份,2016-04-27,11.5805,11.8583,11.5408,11.6698,7257224,3.441,2480225207.04,3611872320,-2525.196,
300126.SZ,锐奇股份,2016-04-28,12.1064,12.8408,11.9576,12.1164,27734875,13.1505,2575131783.84,3750081720,-2621.8235,
300126.SZ,锐奇股份,2016-04-29,11.7889,12.0469,11.6797,11.6996,15326711,7.2672,2486552312.16,3621086280,-2531.6377,
300126.SZ,锐奇股份,2016-05-03,11.6301,12.1362,11.4515,12.0866,12942366,6.1366,2568804678.72,3740867760,-2615.3816,
300126.SZ,锐奇股份,2016-05-04,11.9973,12.2156,11.9278,12.0667,12138132,5.7553,2564586608.64,3734725120,-2611.0869,
300126.SZ,锐奇股份,2016-05-05,12.0072,12.3644,11.908,12.3049,11361532,5.3871,2615203449.6,3808436800,-2662.6216,
300126.SZ,锐奇股份,2016-05-06,12.2851,12.5034,11.4217,11.4217,12664411,6.0048,2427499331.04,3535089320,-2471.5142,
300126.SZ,锐奇股份,2016-05-09,11.1736,11.2927,10.4492,10.608,8893169,4.2167,2254558457.76,3283241080,-2295.4375,
300126.SZ,锐奇股份,2016-05-10,10.608,10.7966,10.5187,10.6179,4497051,2.1323,2256667492.8,3286312400,-2297.5847,
300126.SZ,锐奇股份,2016-05-11,10.6576,10.7668,10.35,10.3798,5360119,2.5415,2206050651.84,3212600720,-2246.05,
300126.SZ,锐奇股份,2016-05-12,10.2012,10.5683,9.8935,10.4989,5523658,2.619,2231359072.32,3249456560,-2271.8174,
300126.SZ,锐奇股份,2016-05-13,10.5584,10.6279,10.3004,10.4294,3686777,1.7481,2216595827.04,3227957320,-2256.7866,
300126.SZ,锐奇股份,2016-05-16,10.4294,10.7271,10.1515,10.6874,4120703,1.9538,2271430738.08,3307811640,-2312.6157,
300126.SZ,锐奇股份,2016-05-17,10.6874,10.866,10.608,10.8164,4180510,1.9822,2298848193.6,3347738800,-2340.5303,
300126.SZ,锐奇股份,2016-05-18,10.6874,10.7966,9.963,10.1615,5116020,2.4258,2159651880.96,3145031680,-2198.8101,
300126.SZ,锐奇股份,2016-05-19,10.1615,10.5187,10.0722,10.2607,4259487,2.0196,2180742231.36,3175744880,-2220.283,
300126.SZ,锐奇股份,2016-05-20,10.0523,10.6775,10.0523,10.6279,6107669,2.896,2258776527.84,3289383720,-2299.7319,
300126.SZ,锐奇股份,2016-05-23,10.8561,11.1935,10.7271,10.7668,20249719,9.6014,2288303018.4,3332382200,-2329.7939,
300126.SZ,锐奇股份,2016-05-24,10.6179,10.6279,10.3699,10.4492,7800593,3.6987,2220813897.12,3234099960,-2261.0811,
300126.SZ,锐奇股份,2016-05-25,10.5386,10.7966,10.4294,10.5187,12756523,6.0485,2235577142.4,3255599200,-2276.1121,
300126.SZ,锐奇股份,2016-05-26,10.5187,10.5187,9.9531,10.35,9838332,4.6648,2199723546.72,3203386760,-2239.6084,
300126.SZ,锐奇股份,2016-05-27,10.3202,10.3798,10.0424,10.2706,6748550,3.1998,2182851266.4,3178816200,-2222.4302,
300126.SZ,锐奇股份,2016-05-30,10.1615,10.5584,10.0424,10.5584,10109220,4.7933,2244013282.56,3267884480,-2284.7012,
300126.SZ,锐奇股份,2016-05-31,10.4691,11.1439,10.4691,11.0843,12755843,6.0482,2355792139.68,3430664440,-2398.5068,
300126.SZ,锐奇股份,2016-06-01,11.0248,11.3225,10.9752,11.0049,17723066,8.4034,2338919859.36,3406093880,-2381.3286,
300126.SZ,锐奇股份,2016-06-02,10.9057,11.1637,10.8462,11.1439,11237963,5.3285,2368446349.92,3449092360,-2411.3904,
300126.SZ,锐奇股份,2016-06-03,11.0943,11.3721,11.0446,11.1736,9761331,4.6283,2374773455.04,3458306320,-2417.8323,
300126.SZ,锐奇股份,2016-06-06,11.2233,11.3622,11.0347,11.263,8668882,4.1104,2393754770.4,3485948200,-2437.1577,
300126.SZ,锐奇股份,2016-06-07,11.3622,11.4912,11.0943,11.3126,13383289,6.3457,2404299945.6,3501304800,-2447.894,
300126.SZ,锐奇股份,2016-06-08,11.2034,11.263,11.0347,11.1538,7211820,3.4195,2370555384.96,3452163680,-2413.5376,
300126.SZ,锐奇股份,2016-06-13,10.9553,11.5309,10.866,10.9851,16224245,7.6927,2334701789.28,3399951240,-2377.0339,
300126.SZ,锐奇股份,2016-06-14,10.8263,10.9653,10.6279,10.7271,8339702,3.9543,2279866878.24,3320096920,-2321.2048,
300126.SZ,锐奇股份,2016-06-15,10.5782,11.5904,10.4492,11.263,18581876,8.8106,2393754770.4,3485948200,-2437.1577,
300126.SZ,锐奇股份,2016-06-16,11.2828,11.8881,11.2332,11.7095,19545486,9.2675,2488661347.2,3624157600,-2533.7852,
300126.SZ,锐奇股份,2016-06-17,11.6301,11.769,11.4912,11.6301,10747453,5.0959,2471789066.88,3599587040,-2516.6069,
300126.SZ,锐奇股份,2016-06-20,11.64,11.64,11.2431,11.4912,7419841,3.5181,2442262576.32,3556588560,-2486.5449,
300126.SZ,锐奇股份,2016-06-21,11.521,11.64,11.0943,11.3622,11763864,5.5778,2414845120.8,3516661400,-2458.6304,
300126.SZ,锐奇股份,2016-06-22,11.5607,11.9774,11.3523,11.908,21754809,10.3151,2530842048,3685584000,-2576.7305,
300126.SZ,锐奇股份,2016-06-23,11.7591,11.7591,11.4416,11.65,13083451,6.2035,2476007136.96,3605729680,-2520.9014,
300126.SZ,锐奇股份,2016-06-24,11.6103,11.6599,11.0149,11.4316,10666707,5.0576,2429608366.08,3538160640,-2473.6614,
300126.SZ,锐奇股份,2016-06-27,11.3523,12.1064,11.3324,11.9477,12256429,5.8233,2534094667.16,3688314336,-2585.3196,
300126.SZ,锐奇股份,2016-06-28,11.8385,12.295,11.7591,12.166,15627163,7.4248,2580398722.54,3755708784,-2632.5598,
300126.SZ,锐奇股份,2016-06-29,12.1064,12.4934,11.9377,12.3942,20837209,9.9002,2628807507.71,3826166616,-2675.0171,
300126.SZ,锐奇股份,2016-06-30,12.4041,12.5927,12.1461,12.3148,11215715,5.3288,2611969669.39,3801659544,-2657.8833,
300126.SZ,锐奇股份,2016-07-01,12.2751,12.4537,12.037,12.2156,8141753,3.8683,2590922371.49,3771025704,-2636.4661,
300126.SZ,锐奇股份,2016-07-04,12.166,12.4637,12.1164,12.3744,8329137,3.9573,2624598048.13,3820039848,-2670.7336,
300126.SZ,锐奇股份,2016-07-05,12.434,12.5731,12.1259,12.2352,9217480,4.3794,2590922371.49,3771025704,-2636.4661,
300126.SZ,锐奇股份,2016-07-06,12.1756,12.2551,12.0861,12.1756,7130276,3.3877,2578293992.75,3752645400,-2623.6157,
300126.SZ,锐奇股份,2016-07-07,12.2054,12.5036,11.937,12.2451,11246471,5.3434,2593027101.28,3774089088,-2638.6079,
300126.SZ,锐奇股份,2016-07-08,12.2153,12.4738,12.1159,12.3843,9393242,4.4629,2622493318.34,3816976464,-2668.592,
300126.SZ,锐奇股份,2016-07-11,12.1259,12.1855,11.6488,11.9967,19109060,9.0791,2540408856.53,3697504488,-2585.0647,
300126.SZ,锐奇股份,2016-07-12,11.7184,11.778,11.0823,11.4599,15684770,7.4522,2426753447.87,3532081752,-2469.4114,
300126.SZ,锐奇股份,2016-07-13,11.4202,11.7084,11.3705,11.7084,9402560,4.4673,2479371692.62,3608666352,-2522.9546,
300126.SZ,锐奇股份,2016-07-14,11.7283,11.778,11.5892,11.7084,5178550,2.4604,2479371692.62,3608666352,-2522.9546,
300126.SZ,锐奇股份,2016-07-15,11.778,11.778,11.4301,11.5395,5140055,2.4421,2443591286.19,3556588824,-2486.5452,
300126.SZ,锐奇股份,2016-07-18,11.5593,11.5593,11.3109,11.4599,5077139,2.4123,2426753447.87,3532081752,-2469.4114,
300126.SZ,锐奇股份,2016-07-19,11.5196,11.6488,11.3407,11.6289,4443578,2.1112,2462533854.3,3584159280,-2505.8208,
300126.SZ,锐奇股份,2016-07-20,11.6289,11.6687,11.4997,11.5792,3890378,1.8484,2452010205.35,3568842360,-2495.1121,
300126.SZ,锐奇股份,2016-07-21,11.5295,11.778,11.4898,11.4997,5867243,2.7876,2435172367.03,3544335288,-2477.9783,
300126.SZ,锐奇股份,2016-07-22,11.4898,11.6886,11.3506,11.5593,6042650,2.871,2447800745.77,3562715592,-2490.8286,
300126.SZ,锐奇股份,2016-07-25,11.5494,11.7382,11.5096,11.6289,5447157,2.5881,2462533854.3,3584159280,-2505.8208,
300126.SZ,锐奇股份,2016-07-26,11.6289,11.6289,10.466,10.466,31910408,15.1613,2216280468.87,3225743352,-2255.2388,
300126.SZ,锐奇股份,2016-07-27,10.2175,10.6648,9.9392,10.0983,27775589,13.1967,2138405466.64,3112398144,-2175.9949,
300126.SZ,锐奇股份,2016-07-28,10.0386,10.0983,9.6013,9.7902,14605264,6.9393,2073158843.15,3017433240,-2109.6013,
300126.SZ,锐奇股份,2016-07-29,9.81,9.81,9.4622,9.651,9528203,4.527,2043692626.09,2974545864,-2079.6169,
300126.SZ,锐奇股份,2016-08-01,9.7902,9.8399,9.5317,9.6808,13357713,6.3465,2050006815.46,2983736016,-2086.0422,
300126.SZ,锐奇股份,2016-08-02,9.6013,9.7305,9.5417,9.7206,5565028,2.6441,2058425734.62,2995989552,-2094.6091,
300126.SZ,锐奇股份,2016-08-03,9.8498,10.1182,9.7603,9.7603,20041519,9.5221,2066844653.78,3008243088,-2103.176,
300126.SZ,锐奇股份,2016-08-04,9.5317,9.7703,9.323,9.7305,14215075,6.7539,2060530464.41,2999052936,-2096.751,
300126.SZ,锐奇股份,2016-08-05,9.6311,9.6709,9.492,9.5019,8292491,3.9399,2012121679.24,2928595104,-2047.4911,
300126.SZ,锐奇股份,2016-08-08,9.5019,9.7206,9.4522,9.6609,7047300,3.3483,2045797355.88,2977609248,-2081.7588,
300126.SZ,锐奇股份,2016-08-09,9.651,9.7305,9.5814,9.7007,7354628,3.4943,2054216275.04,2989862784,-2090.3257,
300126.SZ,锐奇股份,2016-08-10,9.7007,10.0088,9.7007,9.82,10843602,5.152,2079473032.52,3026623392,-2116.0264,
300126.SZ,锐奇股份,2016-08-11,9.7902,9.8697,9.7206,9.81,6319205,3.0024,2077368302.73,3023560008,-2113.8848,
300126.SZ,锐奇股份,2016-08-12,9.7504,9.9094,9.7007,9.9094,5875456,2.7915,2098415600.63,3054193848,-2135.302,
300126.SZ,锐奇股份,2016-08-15,9.8597,10.0983,9.8001,10.0983,17281470,8.2108,2138405466.64,3112398144,-2175.9949,
300126.SZ,锐奇股份,2016-08-16,10.5356,11.1121,10.2374,10.2672,47739008,22.6818,2174185873.07,3164475672,-2212.4041,
300126.SZ,锐奇股份,2016-08-17,9.9889,10.2374,9.9392,10.1579,24576446,11.6768,2151033845.38,3130778448,-2188.8452,
300126.SZ,锐奇股份,2016-08-18,10.0585,10.5058,10.0287,10.3368,22124116,10.5116,2188918981.6,3185919360,-2227.3962,
300126.SZ,锐奇股份,2016-08-19,10.2573,10.4461,10.1778,10.2772,11792082,5.6027,2176290602.86,3167539056,-2214.5459,
300126.SZ,锐奇股份,2016-08-22,10.2275,10.4263,10.138,10.2374,9700673,4.609,2167871683.7,3155285520,-2205.979,
300126.SZ,锐奇股份,2016-08-23,10.1977,10.2772,9.9989,10.0585,11526014,5.4762,2129986547.48,3100144608,-2167.428,
300126.SZ,锐奇股份,2016-08-24,10.0883,10.1579,10.0287,10.0883,6818523,3.2396,2136300736.85,3109334760,-2173.853,
300126.SZ,锐奇股份,2016-08-25,10.0883,10.2175,9.9293,10.0983,8554941,4.0646,2138405466.64,3112398144,-2175.9949,
300126.SZ,锐奇股份,2016-08-26,10.1082,10.1678,10.0685,10.1182,8725356,4.1456,2142614926.22,3118524912,-2180.2783,
300126.SZ,锐奇股份,2016-08-29,10.1082,10.1877,10.0386,10.1082,6093582,2.8952,2140510196.43,3115461528,-1177.0289,
300126.SZ,锐奇股份,2016-08-30,10.1182,10.1579,10.0685,10.1082,4913368,2.3344,2140510196.43,3115461528,-1177.0289,
300126.SZ,锐奇股份,2016-08-31,10.1182,10.2374,9.9691,10.2175,8803948,4.1829,2163662224.12,3149158752,-1189.7599,
300126.SZ,锐奇股份,2016-09-01,10.1877,10.3269,10.1579,10.1877,6676309,3.1721,2157348034.75,3139968600,-1186.2878,
300126.SZ,锐奇股份,2016-09-02,10.1877,10.307,10.1579,10.2374,8756615,4.1604,2167871683.7,3155285520,-1192.0746,
300126.SZ,锐奇股份,2016-09-05,10.2573,10.3865,10.1678,10.2175,7918487,3.7622,2163662224.12,3149158752,-1189.7599,
300126.SZ,锐奇股份,2016-09-06,10.2275,10.307,10.0188,10.2971,11686190,5.5523,2180500062.44,3173665824,-1199.0187,
300126.SZ,锐奇股份,2016-09-07,10.2871,10.4561,10.2573,10.3468,11221206,5.3314,2191023711.39,3188982744,-1204.8055,
300126.SZ,锐奇股份,2016-09-08,10.3368,10.4064,10.2871,10.3865,7531380,3.5783,2199442630.55,3201236280,-1209.4349,
300126.SZ,锐奇股份,2016-09-09,10.3965,10.4163,10.2971,10.3269,6686986,3.1771,2186814251.81,3182855976,-1202.4907,
300126.SZ,锐奇股份,2016-09-12,10.1579,10.2971,10.0088,10.0983,7759318,3.6866,2138405466.64,3112398144,-1175.8716,
300126.SZ,锐奇股份,2016-09-13,10.138,10.1579,10.0486,10.0883,4194800,1.993,2136300736.85,3109334760,-1174.7142,
300126.SZ,锐奇股份,2016-09-14,10.0784,10.1182,9.979,10.0685,4191200,1.9913,2132091277.27,3103207992,-1172.3995,
300126.SZ,锐奇股份,2016-09-19,10.1182,10.2076,10.0386,10.1182,8472200,4.0253,2142614926.22,3118524912,-1178.1864,
300126.SZ,锐奇股份,2016-09-20,10.0983,10.1281,9.7703,9.82,14952336,7.1042,2079473032.52,3026623392,-1143.4657,
300126.SZ,锐奇股份,2016-09-21,9.82,9.8895,9.8001,9.8299,5052432,2.4005,2081577762.31,3029686776,-1144.623,
300126.SZ,锐奇股份,2016-09-22,9.9094,9.9194,9.81,9.8399,6100937,2.8987,2083682492.1,3032750160,-1145.7804,
300126.SZ,锐奇股份,2016-09-23,9.8697,9.8796,9.7703,9.7902,4596400,2.1838,2073158843.15,3017433240,-1139.9937,
300126.SZ,锐奇股份,2016-09-26,9.7902,9.8299,9.3429,9.3528,8883160,4.2206,1980550732.39,2882644344,-1089.0701,
300126.SZ,锐奇股份,2016-09-27,9.3429,9.4721,9.3031,9.4622,4776998,2.2696,2003702760.08,2916341568,-1101.801,
300126.SZ,锐奇股份,2016-09-28,9.4323,9.5119,9.4025,9.482,3789689,1.8006,2007912219.66,2922468336,-1104.1157,
300126.SZ,锐奇股份,2016-09-29,9.5119,9.7206,9.4622,9.6808,6285857,2.9865,2050006815.46,2983736016,-1127.2628,
300126.SZ,锐奇股份,2016-09-30,9.6808,9.8299,9.651,9.7603,5244951,2.492,2066844653.78,3008243088,-1136.5216,
300126.SZ,锐奇股份,2016-10-10,9.82,9.9591,9.7405,9.9194,5882503,2.7949,2100520330.42,3057257232,-1155.0393,
300126.SZ,锐奇股份,2016-10-11,9.9293,9.9691,9.8697,9.9591,5889926,2.7984,2108939249.58,3069510768,-1159.6687,
300126.SZ,锐奇股份,2016-10-12,10.0188,10.2175,9.9691,10.0386,10299787,4.8936,2125777087.9,3094017840,-1168.9275,
300126.SZ,锐奇股份,2016-10-13,10.0486,10.0983,9.9492,10.0883,6609819,3.1405,2136300736.85,3109334760,-1174.7142,
300126.SZ,锐奇股份,2016-10-14,10.0386,10.0983,9.9194,10.0585,5234655,2.4871,2129986547.48,3100144608,-1171.2422,
300126.SZ,锐奇股份,2016-10-17,10.1182,10.1977,9.9591,10.0386,6492984,3.0849,2125777087.9,3094017840,-1168.9275,
300126.SZ,锐奇股份,2016-10-18,10.0188,10.2772,9.9691,10.2672,7569846,3.5966,2174185873.07,3164475672,-1195.5466,
300126.SZ,锐奇股份,2016-10-19,10.2275,10.3865,10.1877,10.2971,6980907,3.3168,2180500062.44,3173665824,-1199.0187,
300126.SZ,锐奇股份,2016-10-20,10.2374,10.3666,10.1977,10.2772,5429873,2.5798,2176290602.86,3167539056,-1196.704,
300126.SZ,锐奇股份,2016-10-21,10.2871,10.307,10.0685,10.2871,6059544,2.879,2178395332.65,3170602440,-1197.8613,
300126.SZ,锐奇股份,2016-10-24,10.307,10.4362,10.2076,10.4163,6590404,3.1312,2205756819.92,3210426432,-1212.907,
300126.SZ,锐奇股份,2016-10-25,10.4064,10.466,10.2971,10.3269,5289876,2.5133,2186814251.81,3182855976,-1202.4907,
300126.SZ,锐奇股份,2016-10-26,10.3269,10.5058,10.2275,10.4958,9329412,4.4326,2222594658.24,3234933504,-1222.1658,
300126.SZ,锐奇股份,2016-10-27,10.466,10.476,10.3368,10.4163,5026792,2.3883,2205756819.92,3210426432,-1212.907,
300126.SZ,锐奇股份,2016-10-28,10.4163,10.4461,10.2474,10.307,4589200,2.1804,2182604792.23,3176729208,-1200.176,
300126.SZ,锐奇股份,2016-10-31,10.2573,10.2971,10.138,10.2672,3518000,1.6715,2174185873.07,3164475672,380.5671,
300126.SZ,锐奇股份,2016-11-01,10.307,10.3666,10.2175,10.3666,4850059,2.3044,2195233170.97,3195109512,384.2513,
300126.SZ,锐奇股份,2016-11-02,10.3468,10.9034,10.3368,10.7046,19941638,9.4747,2266793983.83,3299264568,396.7772,
300126.SZ,锐奇股份,2016-11-03,10.7841,10.8338,10.5356,10.7145,11560718,5.4927,2268898713.62,3302327952,397.1456,
300126.SZ,锐奇股份,2016-11-04,10.6648,10.794,10.6052,10.6847,7412641,3.5219,2262584524.25,3293137800,396.0403,
300126.SZ,锐奇股份,2016-11-07,10.6847,10.8338,10.5654,10.8338,7515451,3.5707,2294155471.1,3339088560,401.5665,
300126.SZ,锐奇股份,2016-11-08,10.8934,10.9232,10.7642,10.804,7135852,3.3904,2287841281.73,3329898408,400.4613,
300126.SZ,锐奇股份,2016-11-09,10.8338,11.1021,10.5754,10.9729,13305211,6.3216,2323621688.16,3381975936,406.7242,
300126.SZ,锐奇股份,2016-11-10,11.0226,11.132,10.9431,11.122,8175075,3.8841,2355192635.01,3427926696,412.2504,
300126.SZ,锐奇股份,2016-11-11,11.132,11.3705,11.0524,11.1717,10097668,4.7976,2365716283.96,3443243616,414.0924,
300126.SZ,锐奇股份,2016-11-14,11.0922,11.4003,11.0823,11.4003,8750708,4.1576,2414125069.13,3513701448,422.5659,
300126.SZ,锐奇股份,2016-11-15,11.3904,11.8078,11.3407,11.7979,11807754,5.6101,2498314260.73,3636236808,437.3022,
300126.SZ,锐奇股份,2016-11-16,11.8277,12.2352,11.5792,11.5792,14041097,6.6712,2452010205.35,3568842360,429.1972,
300126.SZ,锐奇股份,2016-11-17,11.5295,11.7283,11.4003,11.5693,8642731,4.1063,2449905475.56,3565778976,428.8288,
300126.SZ,锐奇股份,2016-11-18,11.5693,11.6786,11.4103,11.609,7470572,3.5494,2458324394.72,3578032512,430.3025,
300126.SZ,锐奇股份,2016-11-21,11.5295,11.6587,11.4003,11.5494,5621930,2.6711,2445696015.98,3559652208,428.092,
300126.SZ,锐奇股份,2016-11-22,11.5792,11.778,11.4798,11.6985,6996104,3.324,2477266962.83,3605602968,433.6181,
300126.SZ,锐奇股份,2016-11-23,11.6886,11.7681,11.3407,11.3506,7811642,3.7115,2403601420.18,3498384528,420.7238,
300126.SZ,锐奇股份,2016-11-24,11.3407,11.3804,11.1916,11.2612,6518498,3.0971,2384658852.07,3470814072,417.4081,
300126.SZ,锐奇股份,2016-11-25,11.2115,11.4699,10.9431,11.3904,7204050,3.4228,2412020339.34,3510638064,422.1974,
300126.SZ,锐奇股份,2016-11-28,11.3705,11.4003,11.2413,11.281,3970068,1.8863,2388868311.65,3476940840,418.1449,
300126.SZ,锐奇股份,2016-11-29,11.291,11.3009,10.9431,10.9431,6256989,2.9728,2317307498.79,3372785784,405.619,
300126.SZ,锐奇股份,2016-11-30,10.9133,11.0823,10.8238,10.9928,4735353,2.2499,2327831147.74,3388102704,407.4611,
300126.SZ,锐奇股份,2016-12-01,10.9829,11.1021,10.963,11.0823,3915271,1.8602,2346773715.85,3415673160,410.7767,
300126.SZ,锐奇股份,2016-12-02,11.0823,11.0823,10.5157,10.5257,7276149,3.457,2228908847.61,3244123656,390.1458,
300126.SZ,锐奇股份,2016-12-05,10.5654,10.7145,10.4561,10.6449,3818444,1.8142,2254165605.09,3280884264,394.5667,
300126.SZ,锐奇股份,2016-12-06,10.6052,10.7642,10.6052,10.6747,3371105,1.6017,2260479794.46,3290074416,395.6719,
300126.SZ,锐奇股份,2016-12-07,10.635,10.8835,10.635,10.8636,3219945,1.5299,2300469660.47,3348278712,402.6717,
300126.SZ,锐奇股份,2016-12-08,11.4103,11.947,11.3407,11.947,11861409,5.6356,2529885207.58,3682187568,442.8284,
300126.SZ,锐奇股份,2016-12-09,12.1259,12.5533,11.9271,12.2551,35374313,16.8071,2595131831.07,3777152472,454.2491,
300126.SZ,锐奇股份,2016-12-12,12.1259,12.4241,11.2612,11.3804,24619983,11.6975,2409915609.55,3507574680,421.829,
300126.SZ,锐奇股份,2016-12-13,11.2214,11.2612,10.7344,11.2313,19252988,9.1475,2378344662.7,3461623920,416.3029,
300126.SZ,锐奇股份,2016-12-14,11.0922,11.4003,10.8636,10.9729,13787284,6.5506,2323621688.16,3381975936,406.7242,
300126.SZ,锐奇股份,2016-12-15,10.8835,12.0662,10.8835,12.0662,15202917,7.2232,2555141965.06,3718948176,447.2493,
300126.SZ,锐奇股份,2016-12-16,12.5731,13.2689,12.3048,12.9409,48934816,23.2499,2740358186.58,3988525968,479.6693,
300126.SZ,锐奇股份,2016-12-19,12.6228,12.921,12.4539,12.6725,26089214,12.3955,2683530482.25,3905814600,469.7223,
300126.SZ,锐奇股份,2016-12-20,12.7222,13.7261,12.5334,12.6725,31863400,15.139,2683530482.25,3905814600,469.7223,
300126.SZ,锐奇股份,2016-12-21,12.8216,13.3583,12.5334,12.9707,27762448,13.1905,2746672375.95,3997716120,480.7746,
300126.SZ,锐奇股份,2016-12-22,12.8117,12.8117,12.3744,12.6129,18908924,8.984,2670902103.51,3887434296,467.5118,
300126.SZ,锐奇股份,2016-12-23,12.4638,12.5632,11.9669,12.0662,16343377,7.7651,2555141965.06,3718948176,447.2493,
300126.SZ,锐奇股份,2016-12-26,11.8873,12.3545,11.778,12.3545,12904561,6.1312,2616179128.97,3807786312,457.9332,
300126.SZ,锐奇股份,2016-12-27,12.2352,12.3843,12.0762,12.2153,10454913,4.9673,2586712911.91,3764898936,452.7755,
300126.SZ,锐奇股份,2016-12-28,12.2253,12.593,12.1159,12.1358,11605601,5.5141,2569875073.59,3740391864,449.8282,
300126.SZ,锐奇股份,2016-12-29,12.1358,12.4141,12.0265,12.0563,8814901,4.1881,2553037235.27,3715884792,446.8809,
300126.SZ,锐奇股份,2016-12-30,12.1756,12.2352,11.9569,12.0563,7767112,3.6903,2553037235.27,3715884792,446.8809,
300126.SZ,锐奇股份,2017-01-03,12.0961,12.3247,12.0861,12.2849,9820303,4.6658,2601446020.44,3786342624,455.3543,
300126.SZ,锐奇股份,2017-01-04,12.3744,12.7123,12.3744,12.5234,12250464,5.8204,2651959535.4,3859863840,464.1961,
300126.SZ,锐奇股份,2017-01-05,12.4837,12.5533,12.2352,12.275,10918900,5.1878,2599341290.65,3783279240,454.9859,
300126.SZ,锐奇股份,2017-01-06,12.1458,12.2948,11.9271,11.9271,9955801,4.7302,2525675748,3676060800,442.0916,
300126.SZ,锐奇股份,2017-01-09,11.8973,11.8973,11.5792,11.7382,9798515,4.6555,2485685881.99,3617856504,435.0918,
300126.SZ,锐奇股份,2017-01-10,11.7681,11.8675,11.7184,11.8178,5995230,2.8485,2502523720.31,3642363576,438.0391,
300126.SZ,锐奇股份,2017-01-11,11.778,11.7979,11.45,11.4898,7221000,3.4308,2433067637.24,3541271904,425.8815,
300126.SZ,锐奇股份,2017-01-12,11.5295,11.619,11.4301,11.5792,5806965,2.759,2452010205.35,3568842360,429.1972,
300126.SZ,锐奇股份,2017-01-13,11.5693,11.8376,11.4401,11.4599,8832593,4.1965,2426753447.87,3532081752,424.7763,
300126.SZ,锐奇股份,2017-01-16,11.281,11.3307,10.3169,10.5058,12064287,5.732,2224699388.03,3237996888,389.409,
300126.SZ,锐奇股份,2017-01-17,10.4163,10.7642,10.0585,10.6251,7083080,3.3653,2249956145.51,3274757496,393.8299,
300126.SZ,锐奇股份,2017-01-18,10.6151,10.6251,10.4461,10.5058,4395100,2.0882,2224699388.03,3237996888,389.409,
300126.SZ,锐奇股份,2017-01-19,10.4859,10.5853,10.2672,10.4859,4216472,2.0033,2220489928.45,3231870120,388.6721,
300126.SZ,锐奇股份,2017-01-20,10.4859,10.8537,10.3965,10.6648,5697902,2.7072,2258375064.67,3287011032,395.3035,
300126.SZ,锐奇股份,2017-01-23,10.6946,10.8537,10.6449,10.7344,3929420,1.8669,2273108173.2,3308454720,397.8824,
300126.SZ,锐奇股份,2017-01-24,10.794,11.8078,10.7046,11.1618,13938523,6.6225,2363611554.17,3440180232,413.724,
300126.SZ,锐奇股份,2017-01-25,11.1419,11.1419,10.8835,11.0425,7951559,3.7779,2338354796.69,3403419624,409.3031,
300126.SZ,锐奇股份,2017-01-26,11.0425,11.1618,11.0127,11.0524,3361602,1.5972,2340459526.48,3406483008,409.6715,
300126.SZ,锐奇股份,2017-02-03,11.0823,11.0823,10.8238,10.9034,3353100,1.5931,2308888579.63,3360532248,404.1454,
300126.SZ,锐奇股份,2017-02-06,10.9034,11.1518,10.8735,11.122,4042393,1.9206,2355192635.01,3427926696,412.2504,
300126.SZ,锐奇股份,2017-02-07,11.0922,11.1817,10.9431,11.0823,4801100,2.2811,2346773715.85,3415673160,410.7767,
300126.SZ,锐奇股份,2017-02-08,11.0326,11.2512,10.963,11.2214,4974545,2.3635,2376239932.91,3458560536,415.9345,
300126.SZ,锐奇股份,2017-02-09,11.2214,11.3506,11.1916,11.2612,5195852,2.4687,2384658852.07,3470814072,417.4081,
300126.SZ,锐奇股份,2017-02-10,11.281,11.4599,11.1916,11.2115,6738988,3.2018,2374135203.12,3455497152,415.5661,
300126.SZ,锐奇股份,2017-02-13,11.1419,11.3606,10.9232,11.3208,7285592,3.4615,2397287230.81,3489194376,419.6186,
300126.SZ,锐奇股份,2017-02-14,11.2313,11.3109,11.1121,11.1518,3791183,1.8013,2361506824.38,3437116848,413.3556,
300126.SZ,锐奇股份,2017-02-15,11.1121,11.2612,10.963,10.9928,5040501,2.3948,2327831147.74,3388102704,407.4611,
300126.SZ,锐奇股份,2017-02-16,11.0027,11.132,10.963,11.0823,4186450,1.9891,2346773715.85,3415673160,410.7767,
300126.SZ,锐奇股份,2017-02-17,11.1021,11.1618,10.9133,10.9431,4595100,2.1832,2317307498.79,3372785784,405.619,
300126.SZ,锐奇股份,2017-02-20,10.8338,11.0127,10.8338,10.9829,4367500,2.0751,2325726417.95,3385039320,407.0927,
300126.SZ,锐奇股份,2017-02-21,10.9829,11.291,10.9829,11.2115,6533040,3.104,2374135203.12,3455497152,415.5661,
300126.SZ,锐奇股份,2017-02-22,11.2313,11.3307,11.132,11.281,4923632,2.3393,2388868311.65,3476940840,418.1449,
300126.SZ,锐奇股份,2017-02-23,11.3009,11.3009,11.1518,11.281,3604652,1.7126,2388868311.65,3476940840,418.1449,
300126.SZ,锐奇股份,2017-02-24,11.2612,11.3904,11.2413,11.3009,5848294,2.7786,2393077771.23,3483067608,418.8817,
300126.SZ,锐奇股份,2017-02-27,11.3208,11.3506,11.0823,11.122,4687035,2.2269,2355192635.01,3427926696,496.3546,
300126.SZ,锐奇股份,2017-02-28,11.122,11.3606,11.0624,11.3506,5064576,2.4063,2403601420.18,3498384528,506.5568,
300126.SZ,锐奇股份,2017-03-01,11.2313,11.3407,11.2115,11.2512,4799400,2.2803,2382554122.28,3467750688,502.1211,
300126.SZ,锐奇股份,2017-03-02,11.281,11.3407,11.1618,11.1916,3964598,1.8837,2369925743.54,3449370384,499.4596,
300126.SZ,锐奇股份,2017-03-03,11.1618,11.1817,11.0226,11.1121,4445510,2.1122,2353087905.22,3424863312,495.9111,
300126.SZ,锐奇股份,2017-03-06,11.122,11.5196,11.122,11.45,9587793,4.5554,2424648718.08,3529018368,510.9925,
300126.SZ,锐奇股份,2017-03-07,11.4301,11.6289,11.3705,11.4401,7782029,3.6974,2422543988.29,3525954984,510.5489,
300126.SZ,锐奇股份,2017-03-08,11.4301,11.6587,11.4103,11.5295,6410875,3.0459,2441486556.4,3553525440,514.541,
300126.SZ,锐奇股份,2017-03-09,11.45,11.778,11.4401,11.6587,11376320,5.4051,2468848043.67,3593349432,520.3074,
300126.SZ,锐奇股份,2017-03-10,11.6389,11.6587,11.3606,11.4401,7776478,3.6948,2422543988.29,3525954984,510.5489,
300126.SZ,锐奇股份,2017-03-13,11.4301,11.5494,11.3009,11.5395,5718653,2.717,2443591286.19,3556588824,514.9846,
300126.SZ,锐奇股份,2017-03-14,11.5494,11.7283,11.4798,11.5593,6412213,3.0466,2447800745.77,3562715592,515.8717,
300126.SZ,锐奇股份,2017-03-15,11.5196,11.5295,11.3804,11.4798,5133290,2.4389,2430962907.45,3538208520,512.3232,
300126.SZ,锐奇股份,2017-03-16,11.4798,11.5792,11.4103,11.5494,5449309,2.5891,2445696015.98,3559652208,515.4282,
300126.SZ,锐奇股份,2017-03-17,11.5494,11.8675,11.5295,11.5494,9517370,4.5219,2445696015.98,3559652208,515.4282,
300126.SZ,锐奇股份,2017-03-20,11.5792,11.6886,11.45,11.6886,6250167,2.9696,2475162233.04,3602539584,521.6381,
300126.SZ,锐奇股份,2017-03-21,11.6786,11.7879,11.5593,11.5892,4828821,2.2943,2454114935.14,3571905744,517.2025,
300126.SZ,锐奇股份,2017-03-22,11.4401,11.5096,11.1817,11.2413,8399368,3.9907,2380449392.49,3464687304,501.6775,
300126.SZ,锐奇股份,2017-03-23,11.2711,11.3009,10.9729,11.132,5748677,2.7313,2357297364.8,3430990080,496.7982,
300126.SZ,锐奇股份,2017-03-24,11.132,11.1717,11.0326,11.1419,3530657,1.6775,2359402094.59,3434053464,497.2418,
300126.SZ,锐奇股份,2017-03-27,11.132,11.2115,11.1121,11.132,3005000,1.4277,2357297364.8,3430990080,496.7982,
300126.SZ,锐奇股份,2017-03-28,11.132,11.1717,11.0425,11.0425,2927292,1.3908,2338354796.69,3403419624,492.8061,
300126.SZ,锐奇股份,2017-03-29,11.0524,11.0922,10.7642,10.7642,4890700,2.3237,2279422362.57,3317644872,480.3861,
300126.SZ,锐奇股份,2017-03-30,10.7543,10.7543,10.3766,10.3865,5205421,2.4732,2199442630.55,3201236280,463.5305,
300126.SZ,锐奇股份,2017-03-31,10.4263,10.4859,10.3865,10.4859,2533024,1.2035,2220489928.45,3231870120,467.9662,
300126.SZ,锐奇股份,2017-04-05,10.476,10.7145,10.476,10.7145,3215427,1.5277,2268898713.62,3302327952,478.1683,
300126.SZ,锐奇股份,2017-04-06,10.7046,10.7741,10.6151,10.7046,3116820,1.4809,2266793983.83,3299264568,477.7247,
300126.SZ,锐奇股份,2017-04-07,10.7046,10.7741,10.6251,10.7244,2994545,1.4228,2271003443.41,3305391336,478.6118,
300126.SZ,锐奇股份,2017-04-10,10.7244,10.7244,10.2275,10.2871,5246592,2.4928,2178395332.65,3170602440,459.0948,
300126.SZ,锐奇股份,2017-04-11,10.1182,10.4859,10.1182,10.466,3396102,1.6136,2216280468.87,3225743352,467.079,
300126.SZ,锐奇股份,2017-04-12,10.3965,10.5455,10.3666,10.3965,2971093,1.4116,2201547360.34,3204299664,463.9741,
300126.SZ,锐奇股份,2017-04-13,10.3965,10.5455,10.3666,10.4859,1818199,0.8639,2220489928.45,3231870120,467.9662,
300126.SZ,锐奇股份,2017-04-14,10.5157,10.5157,10.2374,10.2772,2410209,1.1451,2176290602.86,3167539056,458.6512,
300126.SZ,锐奇股份,2017-04-17,10.2672,10.2672,9.9691,10.0386,2962067,1.4073,2125777087.9,3094017840,448.0055,
300126.SZ,锐奇股份,2017-04-18,10.1082,10.1082,9.8001,9.8299,2550259,1.2117,2081577762.31,3029686776,438.6906,
300126.SZ,锐奇股份,2017-04-19,9.82,9.9094,9.4423,9.6709,5002437,2.3768,2047902085.67,2980672632,431.5934,
300126.SZ,锐奇股份,2017-04-20,9.6013,9.7703,9.5119,9.6311,2520776,1.1977,2039483166.51,2968419096,429.8192,
300126.SZ,锐奇股份,2017-04-21,9.7305,9.7305,9.5218,9.5417,2003367,0.9518,2020540598.4,2940848640,425.8271,
300126.SZ,锐奇股份,2017-04-24,9.482,9.5715,8.9453,8.9751,4473887,2.1256,1900571000.37,2766235752,397.6313,
300126.SZ,锐奇股份,2017-04-25,9.0348,9.1839,8.9851,9.0745,2543574,1.2085,1921618298.27,2796869592,402.0348,
300126.SZ,锐奇股份,2017-04-26,9.1342,9.164,9.0149,9.0845,2371192,1.1266,1923723028.06,2799932976,402.4751,
300126.SZ,锐奇股份,2017-04-27,9.0447,9.2932,8.8161,9.2534,4582969,2.1775,1959503434.49,2852010504,409.961,
300126.SZ,锐奇股份,2017-04-28,9.2435,9.3727,9.1938,9.3429,2546600,1.2099,1978446002.6,2879580960,413.9241,
300126.SZ,锐奇股份,2017-05-02,9.3429,9.3429,9.2534,9.2733,2067708,0.9824,1963712894.07,2858137272,410.8416,
300126.SZ,锐奇股份,2017-05-03,9.2634,9.323,9.2534,9.3131,1748300,0.8307,1972131813.23,2870390808,412.603,
300126.SZ,锐奇股份,2017-05-04,9.3031,9.4125,9.2435,9.2733,2188120,1.0396,1963712894.07,2858137272,410.8416,
300126.SZ,锐奇股份,2017-05-05,9.2534,9.3031,8.9652,8.9751,3387700,1.6096,1900571000.37,2766235752,397.6313,
300126.SZ,锐奇股份,2017-05-08,8.9553,9.1043,8.8658,8.8956,2966400,1.4094,1883733162.05,2741728680,394.1086,
300126.SZ,锐奇股份,2017-05-09,8.677,9.154,8.677,9.0845,3067500,1.4574,1923723028.06,2799932976,402.4751,
300126.SZ,锐奇股份,2017-05-10,9.0944,9.1342,8.7664,8.7664,2679600,1.2731,1856371674.78,2701904688,388.3841,
300126.SZ,锐奇股份,2017-05-11,8.7068,8.7664,8.2893,8.6173,4086280,1.9415,1824800727.93,2655953928,381.7789,
300126.SZ,锐奇股份,2017-05-12,8.5478,8.5974,8.339,8.4881,2846284,1.3523,1797439240.66,2616129936,376.0544,
300126.SZ,锐奇股份,2017-05-15,8.4782,8.5875,8.4583,8.4981,1878700,0.8926,1799543970.45,2619193320,376.4948,
300126.SZ,锐奇股份,2017-05-16,8.5279,8.8658,8.3688,8.826,3771116,1.7917,1869000053.52,2720284992,391.0262,
300126.SZ,锐奇股份,2017-05-17,8.7962,8.9652,8.7764,8.8658,3144976,1.4942,1877418972.68,2732538528,392.7875,
300126.SZ,锐奇股份,2017-05-18,8.7764,8.9453,8.7565,8.8161,2497568,1.1866,1866895323.73,2717221608,390.5858,
300126.SZ,锐奇股份,2017-05-19,8.826,8.8658,8.7465,8.836,2076070,0.9864,1871104783.31,2723348376,391.4665,
300126.SZ,锐奇股份,2017-05-22,8.836,8.836,8.4583,8.4782,2661307,1.2644,1795334510.87,2613066552,375.6141,
300126.SZ,锐奇股份,2017-05-23,8.4484,8.4981,7.9613,8.0309,3346432,1.59,1700621670.32,2475214272,355.7986,
300126.SZ,锐奇股份,2017-05-24,7.9514,8.1701,7.8818,8.1303,2778579,1.3202,1721668968.22,2505848112,360.202,
300126.SZ,锐奇股份,2017-05-25,8.1204,8.2695,7.8719,8.1999,3896166,1.8511,1736402076.75,2527291800,363.2844,
300126.SZ,锐奇股份,2017-05-26,8.1204,8.2396,8.1104,8.1701,2364510,1.1234,1730087887.38,2518101648,361.9634,
300126.SZ,锐奇股份,2017-05-31,8.2695,8.4384,8.1601,8.1601,2302269,1.0939,1727983157.59,2515038264,361.523,
300126.SZ,锐奇股份,2017-06-01,8.1601,8.1899,7.7526,7.7824,2998018,1.4244,1648003425.57,2398629672,344.7899,
300126.SZ,锐奇股份,2017-06-02,7.7526,8.0309,7.6731,7.9812,2744900,1.3042,1690098021.37,2459897352,353.5968,
300126.SZ,锐奇股份,2017-06-05,7.9812,8.1104,7.9613,8.0707,2059613,0.9786,1709040589.48,2487467808,357.5599,
300126.SZ,锐奇股份,2017-06-06,8.1104,8.1899,8.0011,8.1303,2606402,1.2384,1721668968.22,2505848112,360.202,
300126.SZ,锐奇股份,2017-06-07,8.1502,8.3788,8.1204,8.349,3046976,1.4477,1767973023.6,2573242560,369.8896,
300126.SZ,锐奇股份,2017-06-08,8.3291,8.4185,8.2496,8.2794,2162251,1.0273,1753239915.07,2551798872,366.8072,
300126.SZ,锐奇股份,2017-06-09,8.2794,8.3788,8.1999,8.3589,2792601,1.3268,1770077753.39,2576305944,370.3299,
300126.SZ,锐奇股份,2017-06-12,8.3589,8.3688,8.021,8.1204,2381200,1.1314,1719564238.43,2502784728,359.7617,
300126.SZ,锐奇股份,2017-06-13,8.1303,8.4285,8.0508,8.4086,3631931,1.7256,1780601402.34,2591622864,372.5317,
300126.SZ,锐奇股份,2017-06-14,8.4086,8.5378,8.3589,8.4086,2635690,1.2523,1780601402.34,2591622864,372.5317,
300126.SZ,锐奇股份,2017-06-15,8.4086,8.6571,8.3987,8.5676,4019534,1.9098,1814277078.98,2640637008,379.5772,
300126.SZ,锐奇股份,2017-06-16,8.6074,8.7267,8.4981,8.5676,2693209,1.2796,1814277078.98,2640637008,379.5772,
300126.SZ,锐奇股份,2017-06-19,8.5279,8.667,8.4881,8.6074,1710800,0.8128,1822695998.14,2652890544,381.3386,
300126.SZ,锐奇股份,2017-06-20,8.6273,8.7565,8.5577,8.5676,2722374,1.2935,1814277078.98,2640637008,379.5772,
300126.SZ,锐奇股份,2017-06-21,8.6074,8.6372,8.4086,8.5279,2381500,1.1315,1805858159.82,2628383472,377.8158,
300126.SZ,锐奇股份,2017-06-22,8.5478,8.9851,8.3191,8.3191,7762114,3.6897,1760839829.73,2564052408,368.5686,
300126.SZ,锐奇股份,2017-06-23,8.4285,8.4285,8.1204,8.2595,4071704,1.9354,1748217321.99,2537947128,365.9265,
300126.SZ,锐奇股份,2017-06-26,8.2893,8.4285,8.1999,8.4285,2513848,1.1949,1783981093.92,2589866624,373.4124,
300126.SZ,锐奇股份,2017-06-27,8.4185,8.5974,8.3788,8.5776,2778052,1.3205,1815537363.27,2635677944,378.8643,
300126.SZ,锐奇股份,2017-06-28,8.4881,8.5478,8.4185,8.4583,2062700,0.9805,1790292347.79,2599028888,373.5963,
300126.SZ,锐奇股份,2017-06-29,8.4484,8.6471,8.3987,8.5179,2217152,1.0539,1802914855.53,2617353416,376.2303,
300126.SZ,锐奇股份,2017-06-30,8.4981,8.7267,8.4682,8.677,3614311,1.718,1836574876.17,2666218824,383.2544,
300126.SZ,锐奇股份,2017-07-03,8.7267,8.7267,8.6074,8.7167,1839000,0.8742,1844989881.33,2678435176,385.0105,
300126.SZ,锐奇股份,2017-07-04,8.7267,8.7267,8.5478,8.6074,2907699,1.3821,1821848617.14,2644840208,380.1814,
300126.SZ,锐奇股份,2017-07-05,8.5676,8.667,8.5279,8.6471,2525620,1.2005,1830263622.3,2657056560,381.9374,
300126.SZ,锐奇股份,2017-07-06,8.667,8.6869,8.5478,8.5974,3060100,1.4546,1819744865.85,2641786120,379.7424,
300126.SZ,锐奇股份,2017-07-07,8.5478,8.6869,8.5279,8.667,2394520,1.1382,1834471124.88,2663164736,382.8154,
300126.SZ,锐奇股份,2017-07-10,8.6471,8.677,8.5279,8.5279,2787158,1.3249,1805018606.82,2620407504,376.6693,
300126.SZ,锐奇股份,2017-07-11,8.5179,8.5776,8.2893,8.2993,2605194,1.2384,1756632327.15,2550163480,366.5721,
300126.SZ,锐奇股份,2017-07-12,8.2993,8.339,8.1005,8.2893,2535394,1.2052,1754528575.86,2547109392,366.1331,
300126.SZ,锐奇股份,2017-07-13,8.3191,8.3191,8.18,8.2595,1852100,0.8804,1748217321.99,2537947128,364.8161,
300126.SZ,锐奇股份,2017-07-14,8.2098,8.2496,8.1104,8.1502,2221255,1.0559,1725076057.8,2504352160,359.987,
300126.SZ,锐奇股份,2017-07-17,7.9017,7.9415,7.3352,7.3352,6556130,3.1164,1552568452.02,2253916944,323.9883,
300126.SZ,锐奇股份,2017-07-18,7.206,7.4147,7.1066,7.3352,5205789,2.4745,1552568452.02,2253916944,323.9883,
300126.SZ,锐奇股份,2017-07-19,7.3153,7.6035,7.2656,7.4743,4078080,1.9385,1582020970.08,2296674176,330.1344,
300126.SZ,锐奇股份,2017-07-20,7.5141,7.6234,7.4445,7.4445,2904048,1.3804,1575709716.21,2287511912,328.8174,
300126.SZ,锐奇股份,2017-07-21,7.4544,7.6333,7.4544,7.5538,3181422,1.5123,1598850980.4,2321106880,333.6465,
300126.SZ,锐奇股份,2017-07-24,7.4743,7.6433,7.4743,7.6333,1844304,0.8767,1615680990.72,2345539584,337.1585,
300126.SZ,锐奇股份,2017-07-25,7.5936,7.7327,7.5439,7.693,1847203,0.8781,1628303498.46,2363864112,339.7926,
300126.SZ,锐奇股份,2017-07-26,7.683,7.7228,7.5737,7.6433,1644745,0.7818,1617784742.01,2348593672,337.5975,
300126.SZ,锐奇股份,2017-07-27,7.6135,7.8918,7.5538,7.8619,4468272,2.124,1664067270.39,2415783608,347.2557,
300126.SZ,锐奇股份,2017-07-28,7.8719,7.8818,7.7327,7.7526,2292556,1.0897,1640926006.2,2382188640,342.4266,
300126.SZ,锐奇股份,2017-07-31,7.7626,7.8321,7.7029,7.7526,1844000,0.8765,1640926006.2,2382188640,342.4266,
300126.SZ,锐奇股份,2017-08-01,7.7526,7.7824,7.683,7.7526,1615972,0.7681,1640926006.2,2382188640,342.4266,
300126.SZ,锐奇股份,2017-08-02,7.7526,7.7526,7.5836,7.6035,2419496,1.1501,1609369736.85,2336377320,335.8415,
300126.SZ,锐奇股份,2017-08-03,7.6035,7.8023,7.5836,7.7129,2217461,1.0541,1632511001.04,2369972288,340.6706,
300126.SZ,锐奇股份,2017-08-04,7.7526,7.8122,7.6135,7.7725,2796672,1.3294,1645133508.78,2388296816,343.3047,
300126.SZ,锐奇股份,2017-08-07,7.7626,7.8619,7.7327,7.8122,1904638,0.9054,1653548513.94,2400513168,345.0607,
300126.SZ,锐奇股份,2017-08-08,7.8322,7.9219,7.7425,7.8621,2044190,0.9717,1659859767.81,2409675432,346.3777,
300126.SZ,锐奇股份,2017-08-09,7.872,8.0514,7.8023,7.9418,2975977,1.4146,1676689778.13,2434108136,349.8898,
300126.SZ,锐奇股份,2017-08-10,7.9119,7.9518,7.7226,7.872,2310073,1.0981,1661963519.1,2412729520,346.8167,
300126.SZ,锐奇股份,2017-08-11,7.8621,7.9717,7.7126,7.7724,2965630,1.4097,1640926006.2,2382188640,342.4266,
300126.SZ,锐奇股份,2017-08-14,7.7724,7.9219,7.6727,7.9119,3899019,1.8534,1670378524.26,2424945872,348.5728,
300126.SZ,锐奇股份,2017-08-15,7.9019,7.9518,7.8421,7.9119,1963308,0.9332,1670378524.26,2424945872,348.5728,
300126.SZ,锐奇股份,2017-08-16,7.9119,8.0514,7.882,8.0414,3327890,1.5819,1697727291.03,2464649016,354.2799,
300126.SZ,锐奇股份,2017-08-17,8.0315,8.2507,8.0115,8.1909,5307207,2.5227,1729283560.38,2510460336,360.865,
300126.SZ,锐奇股份,2017-08-18,8.1311,8.171,8.0514,8.0813,3440672,1.6355,1706142296.19,2476865368,356.0359,
300126.SZ,锐奇股份,2017-08-21,8.0614,8.1411,8.0614,8.1211,1798430,0.8549,1714557301.35,2489081720,357.7919,
300126.SZ,锐奇股份,2017-08-22,8.1311,8.1311,7.9318,8.0215,2290111,1.0886,1693519788.45,2458540840,353.4019,
300126.SZ,锐奇股份,2017-08-23,8.0215,8.1112,7.9418,8.0514,2121202,1.0083,1699831042.32,2467703104,354.7189,
300126.SZ,锐奇股份,2017-08-24,8.0016,8.0913,7.9219,7.9219,2270550,1.0793,1672482275.55,2427999960,349.0117,
300126.SZ,锐奇股份,2017-08-25,7.9219,8.0713,7.9019,8.0315,2901540,1.3792,1695623539.74,2461594928,353.8409,
300126.SZ,锐奇股份,2017-08-28,8.0414,8.1909,7.9916,8.1112,3523050,1.6747,1712453550.06,2486027632,-2722.0315,
300126.SZ,锐奇股份,2017-08-29,8.1012,8.161,8.0614,8.1112,2895300,1.3763,1712453550.06,2486027632,-2722.0315,
300126.SZ,锐奇股份,2017-08-30,8.1112,8.151,8.0115,8.0414,2370608,1.1268,1697727291.03,2464649016,-2698.6233,
300126.SZ,锐奇股份,2017-08-31,8.0414,8.1112,8.0315,8.0913,1964999,0.934,1708246047.48,2479919456,-2715.3435,
300126.SZ,锐奇股份,2017-09-01,8.0813,8.3005,8.0614,8.2208,5007577,2.3803,1735594814.25,2519622600,-2758.8157,
300126.SZ,锐奇股份,2017-09-04,8.1909,8.4201,8.171,8.3204,3145900,1.4954,1756632327.15,2550163480,-2792.2559,
300126.SZ,锐奇股份,2017-09-05,8.3703,8.3802,8.2308,8.3105,2769444,1.3164,1754528575.86,2547109392,-2788.9119,
300126.SZ,锐奇股份,2017-09-06,8.3005,8.3802,8.2308,8.3603,2570900,1.2221,1765047332.31,2562379832,-2805.6318,
300126.SZ,锐奇股份,2017-09-07,8.3503,8.4799,8.2706,8.3603,2658370,1.2636,1765047332.31,2562379832,-2805.6318,
300126.SZ,锐奇股份,2017-09-08,8.3304,8.4301,8.2905,8.4201,2340100,1.1123,1777669840.05,2580704360,-2825.696,
300126.SZ,锐奇股份,2017-09-11,8.4002,8.5197,8.3503,8.45,1546162,0.735,1783981093.92,2589866624,-2835.728,
300126.SZ,锐奇股份,2017-09-12,8.4998,8.5098,8.3005,8.3902,2860600,1.3598,1771358586.18,2571542096,-2815.6641,
300126.SZ,锐奇股份,2017-09-13,8.3703,8.44,8.3503,8.4301,1753990,0.8337,1779773591.34,2583758448,-2829.04,
300126.SZ,锐奇股份,2017-09-14,8.45,8.4599,8.3304,8.3603,1512240,0.7188,1765047332.31,2562379832,-2805.6318,
300126.SZ,锐奇股份,2017-09-15,8.3703,8.4201,8.2507,8.3503,2013060,0.9569,1762943581.02,2559325744,-2802.2878,
300126.SZ,锐奇股份,2017-09-18,8.3005,8.3503,8.2407,8.3304,2278474,1.0831,1758736078.44,2553217568,-2795.5999,
300126.SZ,锐奇股份,2017-09-19,8.3105,8.3902,8.2706,8.2806,1226700,0.5831,1748217321.99,2537947128,-2778.8799,
300126.SZ,锐奇股份,2017-09-20,8.3005,8.45,8.2507,8.4101,1589868,0.7557,1775566088.76,2577650272,-2822.3521,
300126.SZ,锐奇股份,2017-09-21,8.5197,8.5596,8.2607,8.3105,6197300,2.9458,1754528575.86,2547109392,-2788.9119,
300126.SZ,锐奇股份,2017-09-22,8.5795,8.5795,8.2706,8.3005,7104604,3.3771,1752424824.57,2544055304,-2785.5679,
300126.SZ,锐奇股份,2017-09-25,8.2009,8.2507,7.9219,7.9617,5214504,2.4787,1680897280.71,2440216312,-2671.8711,
300126.SZ,锐奇股份,2017-09-26,7.9119,7.9816,7.7724,7.8421,2651977,1.2606,1655652265.23,2403567256,-2631.7429,
300126.SZ,锐奇股份,2017-09-27,7.8322,7.9617,7.8322,7.9119,1649800,0.7842,1670378524.26,2424945872,-2655.1511,
300126.SZ,锐奇股份,2017-09-28,7.9119,7.9717,7.7923,7.8023,1804250,0.8576,1647237260.07,2391350904,-2618.3669,
300126.SZ,锐奇股份,2017-09-29,7.8122,8.0414,7.8122,7.9617,1881454,0.8943,1680897280.71,2440216312,-2671.8711,
300126.SZ,锐奇股份,2017-10-09,8.0215,8.1311,7.9717,8.0913,2334400,1.1096,1708246047.48,2479919456,-2715.3435,
300126.SZ,锐奇股份,2017-10-10,8.0913,8.3304,8.0713,8.3005,4018650,1.9102,1752424824.57,2544055304,-2785.5679,
300126.SZ,锐奇股份,2017-10-11,8.3005,8.3902,8.2208,8.2407,2184800,1.0385,1739802316.83,2525730776,-2765.5037,
300126.SZ,锐奇股份,2017-10-12,8.2806,8.3902,8.1809,8.3204,2080044,0.9887,1756632327.15,2550163480,-2792.2559,
300126.SZ,锐奇股份,2017-10-13,8.3304,8.3902,8.2507,8.3304,2379100,1.1309,1758736078.44,2553217568,-2795.5999,
300126.SZ,锐奇股份,2017-10-16,8.3105,8.3304,8.0215,8.1909,3164300,1.5041,1729283560.38,2510460336,-2748.7837,
300126.SZ,锐奇股份,2017-10-17,8.1112,8.171,8.0215,8.0514,1793945,0.8527,1699831042.32,2467703104,-2701.9673,
300126.SZ,锐奇股份,2017-10-18,8.0813,8.1012,7.872,7.872,1586840,0.7543,1661963519.1,2412729520,-2641.7749,
300126.SZ,锐奇股份,2017-10-19,7.892,7.9617,7.6528,7.8122,2455900,1.1674,1649341011.36,2394404992,-2621.7109,
300126.SZ,锐奇股份,2017-10-20,7.8322,7.9219,7.7824,7.9119,1564600,0.7437,1670378524.26,2424945872,-2655.1511,
300126.SZ,锐奇股份,2017-10-23,7.8521,7.9418,7.8421,7.9219,1505145,0.7155,1672482275.55,2427999960,-2658.4951,
300126.SZ,锐奇股份,2017-10-24,7.9219,7.9318,7.7923,7.872,1750200,0.8319,1661963519.1,2412729520,-2641.7749,
300126.SZ,锐奇股份,2017-10-25,7.872,8.0514,7.8222,7.9318,1391038,0.6612,1674586026.84,2431054048,-2661.8391,
300126.SZ,锐奇股份,2017-10-26,7.9318,7.9418,7.872,7.9219,1447800,0.6882,1672482275.55,2427999960,-2658.4951,
300126.SZ,锐奇股份,2017-10-27,7.9318,7.9418,7.8023,7.9019,1586900,0.7543,1668274772.97,2421891784,-2651.8071,
300126.SZ,锐奇股份,2017-10-30,7.8621,7.8621,7.4934,7.5332,2781700,1.3223,1590435975.24,2308890528,-776.686,
300126.SZ,锐奇股份,2017-10-31,7.5532,7.6927,7.4734,7.5432,2358161,1.1209,1592539726.53,2311944616,-777.7133,
300126.SZ,锐奇股份,2017-11-01,7.5432,7.5532,7.4734,7.5133,2236969,1.0633,1586228472.66,2302782352,-774.6313,
300126.SZ,锐奇股份,2017-11-02,7.5532,7.603,7.324,7.3738,2148700,1.0214,1556775954.6,2260025120,-760.2482,
300126.SZ,锐奇股份,2017-11-03,7.3937,7.3937,7.1446,7.2144,2514200,1.1951,1523115933.96,2211159712,-743.8104,
300126.SZ,锐奇股份,2017-11-06,7.2542,7.4934,7.1446,7.3539,2225810,1.058,1552568452.02,2253916944,-758.1935,
300126.SZ,锐奇股份,2017-11-07,7.3439,7.4037,7.2941,7.3738,1095938,0.5209,1556775954.6,2260025120,-760.2482,
300126.SZ,锐奇股份,2017-11-08,7.324,7.5133,7.324,7.4436,1972461,0.9376,1571502213.63,2281403736,-767.4397,
300126.SZ,锐奇股份,2017-11-09,7.4436,7.5332,7.4037,7.5233,1607100,0.7639,1588332223.95,2305836440,-775.6586,
300126.SZ,锐奇股份,2017-11-10,7.5133,7.5731,7.4834,7.5332,1437000,0.6831,1590435975.24,2308890528,-776.686,
300126.SZ,锐奇股份,2017-11-13,7.5332,7.5332,7.4137,7.5033,1496264,0.7112,1584124721.37,2299728264,-773.6039,
300126.SZ,锐奇股份,2017-11-14,7.4535,7.613,7.4037,7.4635,1852090,0.8804,1575709716.21,2287511912,-769.4944,
300126.SZ,锐奇股份,2017-11-15,7.4635,7.5631,7.4037,7.5233,2523363,1.1995,1588332223.95,2305836440,-775.6586,
300126.SZ,锐奇股份,2017-11-16,7.5233,7.6229,7.4834,7.4934,1605400,0.7631,1582020970.08,2296674176,-772.5765,
300126.SZ,锐奇股份,2017-11-17,7.4635,7.4834,6.9553,7.0549,4050233,1.9252,1489455913.32,2162294304,-727.3726,
300126.SZ,锐奇股份,2017-11-20,7.0051,7.035,6.756,7.035,2185900,1.039,1485248410.74,2156186128,-725.3179,
300126.SZ,锐奇股份,2017-11-21,6.9852,7.0749,6.9154,6.9553,1564444,0.7436,1468418400.42,2131753424,-717.0989,
300126.SZ,锐奇股份,2017-11-22,6.9752,7.0151,6.8457,6.8756,1716100,0.8157,1451588390.1,2107320720,-708.8801,
300126.SZ,锐奇股份,2017-11-23,6.8756,6.9154,6.7261,6.8656,2275300,1.0815,1449484638.81,2104266632,-707.8527,
300126.SZ,锐奇股份,2017-11-24,6.8357,6.9752,6.7759,6.9254,1381800,0.6568,1462107146.55,2122591160,-714.0168,
300126.SZ,锐奇股份,2017-11-27,6.8855,7.0051,6.8258,6.8756,1746879,0.8304,1451588390.1,2107320720,-708.8801,
300126.SZ,锐奇股份,2017-11-28,6.8955,7.025,6.8556,7.025,1143764,0.5437,1483144659.45,2153132040,-724.2905,
300126.SZ,锐奇股份,2017-11-29,7.0151,7.1745,6.9154,7.0649,1600100,0.7606,1491559664.61,2165348392,-728.4,
300126.SZ,锐奇股份,2017-11-30,7.0649,7.1048,7.0051,7.045,1061269,0.5045,1487352162.03,2159240216,-726.3452,
300126.SZ,锐奇股份,2017-12-01,7.045,7.0948,6.9752,7.0649,1379969,0.656,1491559664.61,2165348392,-728.4,
300126.SZ,锐奇股份,2017-12-04,7.0549,7.0749,6.8556,6.9453,1483800,0.7053,1466314649.13,2128699336,-716.0716,
300126.SZ,锐奇股份,2017-12-05,6.9154,6.9354,6.6564,6.746,2170700,1.0318,1424239623.33,2067617576,-695.5244,
300126.SZ,锐奇股份,2017-12-06,6.7161,6.8656,6.6364,6.8457,1993569,0.9476,1445277136.23,2098158456,-705.798,
300126.SZ,锐奇股份,2017-12-07,6.8357,6.8656,6.756,6.8058,921014,0.4378,1436862131.07,2085942104,-701.6885,
300126.SZ,锐奇股份,2017-12-08,6.8258,6.9254,6.7759,6.9055,2972744,1.4131,1457899643.97,2116482984,-711.9622,
300126.SZ,锐奇股份,2017-12-11,6.8955,6.9254,6.8556,6.8955,2045596,0.9724,1455795892.68,2113428896,-710.9348,
300126.SZ,锐奇股份,2017-12-12,6.8955,6.9254,6.766,6.8258,1572300,0.7474,1441069633.65,2092050280,-703.7432,
300126.SZ,锐奇股份,2017-12-13,6.8158,6.9154,6.756,6.8656,1547752,0.7357,1449484638.81,2104266632,-707.8527,
300126.SZ,锐奇股份,2017-12-14,6.8656,7.0549,6.8258,7.0051,2406101,1.1437,1478937156.87,2147023864,-722.2358,
300126.SZ,锐奇股份,2017-12-15,6.9951,7.0549,6.9354,7.035,1237396,0.5882,1485248410.74,2156186128,-725.3179,
300126.SZ,锐奇股份,2017-12-18,7.0649,7.0649,6.8457,6.9453,1450373,0.6894,1466314649.13,2128699336,-716.0716,
300126.SZ,锐奇股份,2017-12-19,6.9354,7.0151,6.9254,6.9951,971750,0.4619,1476833405.58,2143969776,-721.2084,
300126.SZ,锐奇股份,2017-12-20,7.0051,7.0051,6.8656,6.9154,811789,0.3859,1460003395.26,2119537072,-712.9895,
300126.SZ,锐奇股份,2017-12-21,6.8855,6.8955,6.6862,6.8158,1695000,0.8057,1438965882.36,2088996192,-702.7159,
300126.SZ,锐奇股份,2017-12-22,6.8058,6.8756,6.7361,6.7859,709500,0.3373,1432654628.49,2079833928,-699.6338,
300126.SZ,锐奇股份,2017-12-25,6.7859,6.8158,6.6464,6.7161,1319800,0.6274,1417928369.46,2058455312,-692.4423,
300126.SZ,锐奇股份,2017-12-26,6.7161,6.8357,6.6862,6.8357,1287654,0.6121,1443173384.94,2095104368,-704.7706,
300126.SZ,锐奇股份,2017-12-27,6.8058,6.8756,6.7859,6.8158,1053100,0.5006,1438965882.36,2088996192,-702.7159,
300126.SZ,锐奇股份,2017-12-28,6.8258,6.8855,6.8058,6.8457,1106578,0.526,1445277136.23,2098158456,-705.798,
300126.SZ,锐奇股份,2017-12-29,6.8656,6.8656,6.766,6.8457,1113174,0.5291,1445277136.23,2098158456,-705.798,
300126.SZ,锐奇股份,2018-01-02,6.8457,6.8756,6.7859,6.8656,1789121,0.8492,1451630184.81,2104266632,-707.8527,
300126.SZ,锐奇股份,2018-01-03,6.8457,6.9354,6.8158,6.9154,2689800,1.2767,1462164511.26,2119537072,-712.9895,
300126.SZ,锐奇股份,2018-01-04,6.8955,6.9154,6.8556,6.8955,1583200,0.7514,1457950780.68,2113428896,-710.9348,
300126.SZ,锐奇股份,2018-01-05,6.9055,6.9752,6.8756,6.9154,1714200,0.8136,1462164511.26,2119537072,-712.9895,
300126.SZ,锐奇股份,2018-01-08,6.9154,6.9951,6.8855,6.9752,2344400,1.1127,1474805703,2137861600,-719.1537,
300126.SZ,锐奇股份,2018-01-09,6.9752,6.9752,6.8955,6.9453,1355500,0.6434,1468485107.13,2128699336,-716.0716,
300126.SZ,锐奇股份,2018-01-10,6.9055,6.9354,6.756,6.8357,2139002,1.0153,1445309588.94,2095104368,-704.7706,
300126.SZ,锐奇股份,2018-01-11,6.8258,7.1247,6.7759,7.0649,3643050,1.7291,1493767490.61,2165348392,-728.4,
300126.SZ,锐奇股份,2018-01-12,7.1247,7.1446,6.9354,6.9852,2788800,1.3237,1476912568.29,2140915688,-720.181,
300126.SZ,锐奇股份,2018-01-15,6.9653,6.9752,6.6763,6.6763,2007500,0.9528,1411599744.3,2046238960,-688.3328,
300126.SZ,锐奇股份,2018-01-16,6.6862,6.7261,6.6165,6.6663,1731550,0.8219,1409492879.01,2043184872,-687.3055,
300126.SZ,锐奇股份,2018-01-17,6.6663,6.756,6.6265,6.7062,2262151,1.0737,1417920340.17,2055401224,-691.4149,
300126.SZ,锐奇股份,2018-01-18,6.7161,6.7361,6.6364,6.6962,1091156,0.5179,1415813474.88,2052347136,-690.3875,
300126.SZ,锐奇股份,2018-01-19,6.6962,6.7261,6.6464,6.6663,1118000,0.5306,1409492879.01,2043184872,-687.3055,
300126.SZ,锐奇股份,2018-01-22,6.6464,6.8058,6.5168,6.7261,2051839,0.9739,1422134070.75,2061509400,-693.4696,
300126.SZ,锐奇股份,2018-01-23,6.7062,6.7959,6.6962,6.7261,1007598,0.4782,1422134070.75,2061509400,-693.4696,
300126.SZ,锐奇股份,2018-01-24,6.6763,6.8158,6.6464,6.8058,2392998,1.1358,1438988993.07,2085942104,-701.6885,
300126.SZ,锐奇股份,2018-01-25,6.8556,6.8556,6.746,6.746,2783636,1.3212,1426347801.33,2067617576,-695.5244,
300126.SZ,锐奇股份,2018-01-26,6.756,6.7959,6.7261,6.746,1339521,0.6358,1426347801.33,2067617576,-695.5244,
300126.SZ,锐奇股份,2018-01-29,6.746,6.7859,6.5766,6.6364,1734202,0.8231,1403172283.14,2034022608,-684.2234,
300126.SZ,锐奇股份,2018-01-30,6.6065,6.6962,6.5766,6.6464,1601700,0.7602,1405279148.43,2037076696,-685.2507,
300126.SZ,锐奇股份,2018-01-31,6.5966,6.6663,6.3176,6.3873,2536500,1.2039,1350500650.89,1957670408,-658.5393,
300126.SZ,锐奇股份,2018-02-01,6.3873,6.4072,5.8691,5.9688,2802000,1.3299,1262012308.71,1829398712,-615.3901,
300126.SZ,锐奇股份,2018-02-02,5.9588,6.0684,5.7496,5.9987,2524054,1.198,1268332904.58,1838560976,-618.4722,
300126.SZ,锐奇股份,2018-02-05,5.899,5.9489,5.8492,5.8592,1484202,0.7045,1238836790.52,1795803744,-604.0891,
300126.SZ,锐奇股份,2018-02-06,5.7795,5.8393,5.3809,5.4008,2237889,1.0622,1141920987.18,1655315696,-556.8304,
300126.SZ,锐奇股份,2018-02-07,5.4207,5.5304,5.2713,5.4506,2535281,1.2033,1152455313.63,1670586136,-561.9672,
300126.SZ,锐奇股份,2018-02-08,5.4307,5.7795,5.4108,5.5802,2023072,0.9602,1179844562.4,1710289280,-575.3229,
300126.SZ,锐奇股份,2018-02-09,5.4108,5.64,5.3908,5.5403,3900300,1.8512,1171417101.24,1698072928,-571.2135,
300126.SZ,锐奇股份,2018-02-12,5.5602,5.6998,5.5204,5.63,2598600,1.2334,1190378888.85,1725559720,-580.4598,
300126.SZ,锐奇股份,2018-02-13,5.8094,5.8094,5.5802,5.62,2335577,1.1086,1188272023.56,1722505632,-579.4324,
300126.SZ,锐奇股份,2018-02-14,5.5602,5.6599,5.5204,5.6499,1668400,0.7919,1194592619.43,1731667896,-582.5145,
300126.SZ,锐奇股份,2018-02-22,5.6599,5.7097,5.63,5.6898,1584900,0.7523,1203020080.59,1743884248,-586.624,
300126.SZ,锐奇股份,2018-02-23,5.6499,5.6898,5.5802,5.63,1942600,0.922,1190378888.85,1725559720,-580.4598,
300126.SZ,锐奇股份,2018-02-26,5.6599,5.7994,5.63,5.7695,3295054,1.564,1219875002.91,1768316952,-594.8428,
300126.SZ,锐奇股份,2018-02-27,5.7595,5.8293,5.7595,5.8094,2319800,1.1011,1228302464.07,1780533304,-598.9523,
300126.SZ,锐奇股份,2018-02-28,5.7894,5.8592,5.6898,5.8193,2393800,1.1362,1230409329.36,1783587392,369.4271,
300126.SZ,锐奇股份,2018-03-01,5.8393,5.9887,5.7795,5.9688,3175449,1.5072,1262012308.71,1829398712,378.9158,
300126.SZ,锐奇股份,2018-03-02,5.9289,6.0385,5.8791,5.909,2494300,1.1839,1249371116.97,1811074184,375.1203,
300126.SZ,锐奇股份,2018-03-05,5.9688,5.9688,5.8891,5.9489,1646038,0.7813,1257798578.13,1823290536,377.6506,
300126.SZ,锐奇股份,2018-03-06,5.9688,6.0087,5.919,5.9987,2430398,1.1536,1268332904.58,1838560976,380.8135,
300126.SZ,锐奇股份,2018-03-07,5.9987,6.0784,5.9289,5.9588,1545600,0.7336,1259905443.42,1826344624,378.2832,
300126.SZ,锐奇股份,2018-03-08,5.9788,6.0087,5.9389,5.9987,1495300,0.7097,1268332904.58,1838560976,380.8135,
300126.SZ,锐奇股份,2018-03-09,6.0087,6.1581,5.9688,6.1282,3488038,1.6556,1295722153.35,1878264120,389.037,
300126.SZ,锐奇股份,2018-03-12,6.1083,6.3176,6.1083,6.3176,3496330,1.6595,1335752593.86,1936291792,401.0561,
300126.SZ,锐奇股份,2018-03-13,6.2777,6.4571,6.188,6.2777,4619988,2.1928,1327325132.7,1924075440,398.5258,
300126.SZ,锐奇股份,2018-03-14,6.2478,6.3275,6.1382,6.188,3051016,1.4481,1308363345.09,1896588648,392.8325,
300126.SZ,锐奇股份,2018-03-15,6.1482,6.1781,5.9588,6.1482,3826710,1.8163,1299935883.93,1884372296,390.3022,
300126.SZ,锐奇股份,2018-03-16,6.1482,6.2777,6.1083,6.1581,2783667,1.3212,1302042749.22,1887426384,390.9348,
300126.SZ,锐奇股份,2018-03-19,6.1282,6.2079,6.0884,6.1482,3082406,1.463,1299935883.93,1884372296,390.3022,
300126.SZ,锐奇股份,2018-03-20,6.1083,6.2578,6.0585,6.2478,3494847,1.6588,1321004536.83,1914913176,396.628,
300126.SZ,锐奇股份,2018-03-21,6.2378,6.3475,6.2079,6.2478,3767569,1.7882,1321004536.83,1914913176,396.628,
300126.SZ,锐奇股份,2018-03-22,6.2478,6.3275,6.1482,6.2378,2854941,1.3551,1318897671.54,1911859088,395.9954,
300126.SZ,锐奇股份,2018-03-23,6.1382,6.1681,5.6101,5.8393,5473300,2.5978,1234623059.94,1789695568,370.6922,
300126.SZ,锐奇股份,2018-03-26,5.7097,5.9289,5.6101,5.9289,2717900,1.29,1253584847.55,1817182360,376.3854,
300126.SZ,锐奇股份,2018-03-27,5.8791,6.1382,5.8791,6.1083,3731649,1.7712,1291508422.77,1872155944,387.7719,
300126.SZ,锐奇股份,2018-03-28,6.2079,6.2079,6.0585,6.0684,2559629,1.2149,1283080961.61,1859939592,385.2416,
300126.SZ,锐奇股份,2018-03-29,6.1083,6.188,6.0684,6.0884,2665370,1.2651,1287294692.19,1866047768,386.5067,
300126.SZ,锐奇股份,2018-03-30,6.0884,6.2578,6.0784,6.2378,3981800,1.8899,1318897671.54,1911859088,395.9954,
300126.SZ,锐奇股份,2018-04-02,6.2578,6.3873,6.1781,6.2777,3838249,1.8218,1327325132.7,1924075440,398.5258,
300126.SZ,锐奇股份,2018-04-03,6.198,6.2777,6.1382,6.2279,2491169,1.1824,1316790806.25,1908805000,395.3629,
300126.SZ,锐奇股份,2018-04-04,6.2079,6.3375,6.0485,6.1183,3980800,1.8894,1293615288.06,1875210032,388.4045,
300126.SZ,锐奇股份,2018-04-09,6.0585,6.2079,5.9887,6.1581,2672381,1.2684,1302042749.22,1887426384,390.9348,
300126.SZ,锐奇股份,2018-04-10,6.1183,6.2179,5.8891,6.0585,4031400,1.9135,1280974096.32,1856885504,384.609,
300126.SZ,锐奇股份,2018-04-11,6.0684,6.1083,6.0087,6.0983,3119101,1.4804,1289401557.48,1869101856,387.1393,
300126.SZ,锐奇股份,2018-04-12,6.0884,6.1781,6.0385,6.1183,2922421,1.3871,1293615288.06,1875210032,388.4045,
300126.SZ,锐奇股份,2018-04-13,6.1183,6.198,5.9389,6.0983,2871800,1.3631,1289401557.48,1869101856,387.1393,
300126.SZ,锐奇股份,2018-04-16,6.0983,6.0983,5.8691,5.9788,2288580,1.0862,1264119174,1832452800,379.5483,
300126.SZ,锐奇股份,2018-04-17,5.9887,5.9887,5.7097,5.7595,2302300,1.0928,1217768137.62,1765262864,365.6316,
300126.SZ,锐奇股份,2018-04-18,5.7994,5.899,5.6798,5.8791,3235481,1.5357,1243050521.1,1801911920,373.2225,
300126.SZ,锐奇股份,2018-04-19,5.8293,5.9289,5.7994,5.8293,2432202,1.1544,1232516194.65,1786641480,370.0596,
300126.SZ,锐奇股份,2018-04-20,5.8492,5.8592,5.62,5.6898,2112510,1.0027,1203020080.59,1743884248,361.2035,
300126.SZ,锐奇股份,2018-04-23,5.6101,5.7097,5.5602,5.6898,1630657,0.774,1203020080.59,1743884248,361.2035,
300126.SZ,锐奇股份,2018-04-24,5.6898,5.7595,5.64,5.7396,3083282,1.4634,1213554407.04,1759154688,364.3664,
300126.SZ,锐奇股份,2018-04-25,5.6898,5.7994,5.6898,5.7795,2786410,1.3225,1221981868.2,1771371040,-141.8745,
300126.SZ,锐奇股份,2018-04-26,5.7795,5.7894,5.62,5.6599,1792984,0.851,1196699484.72,1734721984,-138.9392,
300126.SZ,锐奇股份,2018-04-27,5.6998,5.7197,5.5901,5.6798,1820369,0.864,1200913215.3,1740830160,-139.4284,
300126.SZ,锐奇股份,2018-05-02,5.6998,5.7197,5.5005,5.5802,2002695,0.9506,1179844562.4,1710289280,-136.9823,
300126.SZ,锐奇股份,2018-05-03,5.5802,5.7197,5.4805,5.6898,2123161,1.0077,1203020080.59,1743884248,-139.673,
300126.SZ,锐奇股份,2018-05-04,5.6699,5.7496,5.5901,5.64,2245500,1.0658,1192485754.14,1728613808,-138.45,
300126.SZ,锐奇股份,2018-05-07,5.63,5.8293,5.62,5.7994,2788465,1.3235,1226195598.78,1777479216,-142.3638,
300126.SZ,锐奇股份,2018-05-08,5.7894,5.8393,5.7595,5.8094,1724200,0.8184,1228302464.07,1780533304,-142.6084,
300126.SZ,锐奇股份,2018-05-09,5.8193,6.0186,5.7695,5.7894,4951998,2.3504,1224088733.49,1774425128,-142.1191,
300126.SZ,锐奇股份,2018-05-10,5.8492,6.3574,5.7894,6.0087,5968200,2.8327,1270439769.87,1841615064,-147.5006,
300126.SZ,锐奇股份,2018-05-11,6.0186,6.0585,5.8891,5.9289,3582100,1.7002,1253584847.55,1817182360,-145.5437,
300126.SZ,锐奇股份,2018-05-14,5.9289,5.9289,5.6599,5.6898,4103000,1.9474,1203020080.59,1743884248,-139.673,
300126.SZ,锐奇股份,2018-05-15,5.6998,5.8393,5.6898,5.8293,2891300,1.3723,1232516194.65,1786641480,-143.0976,
300126.SZ,锐奇股份,2018-05-16,5.8193,5.8393,5.7496,5.7595,1921016,0.9118,1217768137.62,1765262864,-141.3853,
300126.SZ,锐奇股份,2018-05-17,5.7496,5.8293,5.7296,5.7894,987997,0.4689,1224088733.49,1774425128,-142.1191,
300126.SZ,锐奇股份,2018-05-18,5.7795,5.8791,5.7795,5.8691,1609700,0.764,1240943655.81,1798857832,-144.076,
300126.SZ,锐奇股份,2018-05-21,5.8791,5.9987,5.8791,5.9588,2120302,1.0064,1259905443.42,1826344624,-146.2775,
300126.SZ,锐奇股份,2018-05-22,5.899,5.9887,5.899,5.9788,1772000,0.8411,1264119174,1832452800,-146.7668,
300126.SZ,锐奇股份,2018-05-23,5.9588,5.9987,5.919,5.919,2445800,1.1609,1251477982.26,1814128272,-145.2991,
300126.SZ,锐奇股份,2018-05-24,5.919,5.9987,5.909,5.9588,1709600,0.8114,1259905443.42,1826344624,-146.2775,
300126.SZ,锐奇股份,2018-05-25,5.9489,5.9688,5.8193,5.8891,1744800,0.8281,1245157386.39,1804966008,-144.5652,
300126.SZ,锐奇股份,2018-05-28,5.8592,5.8592,5.6998,5.7695,1706002,0.8097,1219875002.91,1768316952,-141.6299,
300126.SZ,锐奇股份,2018-05-29,5.7695,5.8592,5.6101,5.64,2969300,1.4093,1192485754.14,1728613808,-138.45,
300126.SZ,锐奇股份,2018-05-30,5.6001,5.6001,5.3809,5.3809,2233410,1.0601,1137707256.6,1649207520,-132.0901,
300126.SZ,锐奇股份,2018-05-31,5.5104,5.7197,5.4905,5.5702,5785802,2.7462,1177737697.11,1707235192,-136.7377,
300126.SZ,锐奇股份,2018-06-01,5.5104,5.6599,5.4706,5.5403,3061561,1.4531,1171417101.24,1698072928,-136.0039,
300126.SZ,锐奇股份,2018-06-04,5.5403,5.5901,5.4805,5.5204,3025149,1.4359,1167203370.66,1691964752,-135.5146,
300126.SZ,锐奇股份,2018-06-05,5.5304,5.5802,5.4805,5.5602,2638036,1.2521,1175630831.82,1704181104,-136.4931,
300126.SZ,锐奇股份,2018-06-06,5.5602,5.6101,5.5104,5.5901,1969166,0.9346,1181951427.69,1713343368,-137.2269,
300126.SZ,锐奇股份,2018-06-07,5.6001,5.6001,5.4905,5.5304,1871100,0.8881,1169310235.95,1695018840,-135.7592,
300126.SZ,锐奇股份,2018-06-08,5.5304,5.5304,5.3211,5.4706,2145700,1.0184,1156669044.21,1676694312,-134.2916,
300126.SZ,锐奇股份,2018-06-11,5.4307,5.4905,5.351,5.4506,1496000,0.7101,1152455313.63,1670586136,-133.8024,
300126.SZ,锐奇股份,2018-06-12,5.4207,5.4805,5.361,5.4706,1299800,0.6169,1156669044.21,1676694312,-134.2916,
300126.SZ,锐奇股份,2018-06-13,5.4706,5.4706,5.3012,5.361,1107200,0.5255,1133493526.02,1643099344,-131.6009,
300126.SZ,锐奇股份,2018-06-14,5.341,5.3809,5.3012,5.3211,661000,0.3137,1125066064.86,1630882992,-130.6224,
300126.SZ,锐奇股份,2018-06-15,5.361,5.361,5.1118,5.1118,1860349,0.883,1080821893.77,1566747144,-125.4856,
300126.SZ,锐奇股份,2018-06-19,5.0222,5.0321,4.6036,4.7531,2877000,1.3655,1004974743.33,1456799976,-116.6796,
300126.SZ,锐奇股份,2018-06-20,4.6933,4.8528,4.6335,4.7631,1501147,0.7125,1007081608.62,1459854064,-116.9242,
300126.SZ,锐奇股份,2018-06-21,4.7431,4.8029,4.5339,4.5638,2001000,0.9498,964944302.82,1398772304,-112.032,
300126.SZ,锐奇股份,2018-06-22,4.4841,4.6834,4.4841,4.6634,1102455,0.5233,986012955.72,1429313184,-114.4781,
300126.SZ,锐奇股份,2018-06-25,4.6933,4.7332,4.6535,4.6634,954947,0.4533,985975515.72,1422521568,-114.4781,
300126.SZ,锐奇股份,2018-06-26,4.6136,4.773,4.5837,4.7531,1321499,0.6273,1004936583.33,1449877752,-116.1251,
300126.SZ,锐奇股份,2018-06-27,4.7332,4.8129,4.7332,4.7531,1186699,0.5633,1004936583.33,1449877752,-116.1251,
300126.SZ,锐奇股份,2018-06-28,4.7531,4.8129,4.6933,4.7332,1533200,0.7277,1000723012.75,1443798600,-115.6382,
300126.SZ,锐奇股份,2018-06-29,4.7431,4.8926,4.7332,4.8727,2135296,1.0135,1030218006.81,1486352664,-119.0465,
300126.SZ,锐奇股份,2018-07-02,4.8727,4.9325,4.8029,4.8627,1279800,0.6075,1028111221.52,1483313088,-118.8031,
300126.SZ,锐奇股份,2018-07-03,4.8229,4.9325,4.783,4.9225,1327903,0.6303,1040751933.26,1501550544,-120.2638,
300126.SZ,锐奇股份,2018-07-04,4.9125,4.9125,4.7431,4.8328,1500665,0.7123,1021790865.65,1474194360,-118.0727,
300126.SZ,锐奇股份,2018-07-05,4.8229,4.8627,4.7033,4.7631,1367600,0.6491,1007043368.62,1452917328,-116.3686,
300126.SZ,锐奇股份,2018-07-06,4.7531,4.8129,4.5239,4.7531,1657862,0.7869,1004936583.33,1449877752,-116.1251,
300126.SZ,锐奇股份,2018-07-09,4.7431,4.8528,4.7232,4.773,2412900,1.1453,1009150153.91,1455956904,-116.612,
300126.SZ,锐奇股份,2018-07-10,4.7631,4.783,4.6933,4.7431,1926500,0.9144,1002829798.04,1446838176,-115.8817,
300126.SZ,锐奇股份,2018-07-11,4.7232,4.7232,4.504,4.6834,2303900,1.0936,990189086.3,1428600720,-114.421,
300126.SZ,锐奇股份,2018-07-12,4.7133,4.793,4.6535,4.793,2518600,1.1955,1013363724.49,1462036056,-117.0989,
300126.SZ,锐奇股份,2018-07-13,4.763,4.8329,4.7331,4.7331,1959601,0.9301,998616227.46,1440759024,-115.3948,
300126.SZ,锐奇股份,2018-07-16,4.7331,4.8129,4.7031,4.783,2064208,0.9798,1009150153.91,1455956904,-116.612,
300126.SZ,锐奇股份,2018-07-17,4.773,4.8529,4.743,4.8429,1269000,0.6023,1021790865.65,1474194360,-118.0727,
300126.SZ,锐奇股份,2018-07-18,4.8529,4.8828,4.753,4.773,2584600,1.2268,1007043368.62,1452917328,-116.3686,
300126.SZ,锐奇股份,2018-07-19,4.773,4.803,4.6232,4.7131,1967300,0.9338,994402656.88,1434679872,-114.9079,
300126.SZ,锐奇股份,2018-07-20,4.753,4.8429,4.6731,4.8329,3155656,1.4979,1019684080.36,1471154784,-117.8293,
300126.SZ,锐奇股份,2018-07-23,4.8129,4.9128,4.803,4.8729,2159200,1.0249,1028111221.52,1483313088,-118.8031,
300126.SZ,锐奇股份,2018-07-24,4.8629,5.0226,4.8529,5.0127,2081049,0.9878,1057606215.58,1525867152,-122.2114,
300126.SZ,锐奇股份,2018-07-25,4.9927,5.0626,4.9727,5.0526,2330401,1.1061,1066033356.74,1538025456,-123.1852,
300126.SZ,锐奇股份,2018-07-26,5.0626,5.1824,4.9927,5.0825,2592202,1.2304,1072353712.61,1547144184,-123.9155,
300126.SZ,锐奇股份,2018-07-27,5.0526,5.2024,5.0226,5.1425,3008900,1.4282,1084994424.35,1565381640,-125.3762,
300126.SZ,锐奇股份,2018-07-30,5.1025,5.1225,4.9228,4.9927,2309000,1.096,1053392645,1519788000,-121.7245,
300126.SZ,锐奇股份,2018-07-31,5.0027,5.0526,4.9527,5.0226,1273249,0.6044,1059713000.87,1528906728,-122.4548,
300126.SZ,锐奇股份,2018-08-01,5.0526,5.0626,4.9627,4.9927,1894300,0.8991,1053392645,1519788000,-121.7245,
300126.SZ,锐奇股份,2018-08-02,4.9827,5.0226,4.743,4.9527,2430908,1.1538,1044965503.84,1507629696,-120.7507,
300126.SZ,锐奇股份,2018-08-03,4.9328,5.0326,4.8928,4.9328,822501,0.3904,1040751933.26,1501550544,-120.2638,
300126.SZ,锐奇股份,2018-08-06,4.9128,4.9927,4.783,4.8928,1072900,0.5093,1032324792.1,1489392240,-119.29,
300126.SZ,锐奇股份,2018-08-07,4.8828,4.9627,4.8429,4.9428,2042447,0.9695,1042858718.55,1504590120,-120.5072,
300126.SZ,锐奇股份,2018-08-08,4.9328,5.0127,4.793,4.8529,2591694,1.2302,1023897650.94,1477233936,-118.3162,
300126.SZ,锐奇股份,2018-08-09,4.8429,5.1225,4.8129,5.0626,3865000,1.8345,1068140142.03,1541065032,-123.4286,
300126.SZ,锐奇股份,2018-08-10,5.0226,5.0726,4.9827,5.0526,2511000,1.1919,1066033356.74,1538025456,-123.1852,
300126.SZ,锐奇股份,2018-08-13,5.0226,5.1824,4.9727,5.1325,2297308,1.0904,1082887639.06,1562342064,-125.1328,
300126.SZ,锐奇股份,2018-08-14,5.1524,5.1524,5.0626,5.1125,1229300,0.5835,1078674068.48,1556262912,-124.6459,
300126.SZ,锐奇股份,2018-08-15,5.0825,5.1325,4.9228,4.9727,2058816,0.9772,1049179074.42,1513708848,-121.2376,
300126.SZ,锐奇股份,2018-08-16,4.9428,5.0426,4.8828,4.9927,1019200,0.4838,1053392645,1519788000,-121.7245,
300126.SZ,锐奇股份,2018-08-17,4.9927,5.0426,4.8729,4.9328,1143100,0.5426,1040751933.26,1501550544,-120.2638,
300126.SZ,锐奇股份,2018-08-20,4.8828,4.9727,4.7131,4.9627,1287900,0.6113,1047072289.13,1510669272,-120.9941,
300126.SZ,锐奇股份,2018-08-21,4.9428,4.9727,4.9028,4.9228,1804000,0.8563,1038645147.97,1498510968,-120.0203,
300126.SZ,锐奇股份,2018-08-22,4.8928,4.8928,4.793,4.8329,800400,0.3799,1019684080.36,1471154784,-117.8293,
300126.SZ,锐奇股份,2018-08-23,4.8229,4.9028,4.793,4.8629,799100,0.3793,1026004436.23,1480273512,-118.5596,
300126.SZ,锐奇股份,2018-08-24,4.8928,4.9228,4.8129,4.8729,1017700,0.4831,1028111221.52,1483313088,-118.8031,
300126.SZ,锐奇股份,2018-08-27,4.8129,4.9128,4.8129,4.9128,1504556,0.7141,1036538362.68,1495471392,-116.4615,
300126.SZ,锐奇股份,2018-08-28,4.8928,4.9128,4.8529,4.8928,826600,0.3924,1032324792.1,1489392240,-115.9881,
300126.SZ,锐奇股份,2018-08-29,4.8828,4.8928,4.793,4.8629,948400,0.4502,1026004436.23,1480273512,-115.278,
300126.SZ,锐奇股份,2018-08-30,4.8928,4.9128,4.753,4.753,1240000,0.5886,1002829798.04,1446838176,-112.6741,
300126.SZ,锐奇股份,2018-08-31,4.743,4.743,4.6532,4.6931,848700,0.4028,990189086.3,1428600720,-111.2539,
300126.SZ,锐奇股份,2018-09-03,4.6731,4.7231,4.6132,4.6831,763400,0.3624,988082301.01,1425561144,-111.0172,
300126.SZ,锐奇股份,2018-09-04,4.6831,4.743,4.6332,4.7231,1025900,0.487,996509442.17,1437719448,-111.964,
300126.SZ,锐奇股份,2018-09-05,4.7131,4.793,4.6831,4.7031,775002,0.3679,992295871.59,1431640296,-111.4906,
300126.SZ,锐奇股份,2018-09-06,4.6931,4.763,4.6632,4.6931,478400,0.2271,990189086.3,1428600720,-111.2539,
300126.SZ,锐奇股份,2018-09-07,4.6831,4.783,4.6831,4.763,837400,0.3975,1004936583.33,1449877752,-112.9109,
300126.SZ,锐奇股份,2018-09-10,4.753,4.753,4.6332,4.6731,721300,0.3424,985975515.72,1422521568,-110.7805,
300126.SZ,锐奇股份,2018-09-11,4.6731,4.783,4.6432,4.753,937299,0.4449,1002829798.04,1446838176,-112.6741,
300126.SZ,锐奇股份,2018-09-12,4.753,4.793,4.7231,4.7231,1061400,0.5038,996509442.17,1437719448,-111.964,
300126.SZ,锐奇股份,2018-09-13,4.763,4.783,4.6632,4.7331,1047100,0.497,998616227.46,1440759024,-112.2007,
300126.SZ,锐奇股份,2018-09-14,4.7231,4.803,4.7031,4.743,773934,0.3674,1000723012.75,1443798600,-112.4374,
300126.SZ,锐奇股份,2018-09-17,4.743,4.743,4.6033,4.6731,1106834,0.5254,985975515.72,1422521568,-110.7805,
300126.SZ,锐奇股份,2018-09-18,4.6432,4.743,4.6332,4.7131,983100,0.4666,994402656.88,1434679872,-111.7273,
300126.SZ,锐奇股份,2018-09-19,4.6931,4.803,4.6831,4.743,1867600,0.8865,1000723012.75,1443798600,-112.4374,
300126.SZ,锐奇股份,2018-09-20,4.753,4.803,4.743,4.763,1396800,0.663,1004936583.33,1449877752,-112.9109,
300126.SZ,锐奇股份,2018-09-21,4.763,4.8529,4.753,4.8129,1433500,0.6804,1015470509.78,1465075632,-114.0944,
300126.SZ,锐奇股份,2018-09-25,4.803,4.8129,4.763,4.783,675900,0.3208,1009150153.91,1455956904,-113.3843,
300126.SZ,锐奇股份,2018-09-26,4.793,4.793,4.753,4.783,1150700,0.5462,1009150153.91,1455956904,-113.3843,
300126.SZ,锐奇股份,2018-09-27,4.763,4.783,4.6332,4.6731,1275800,0.6056,985975515.72,1422521568,-110.7805,
300126.SZ,锐奇股份,2018-09-28,4.6931,4.7031,4.6332,4.6731,901500,0.4279,985975515.72,1422521568,-110.7805,
300126.SZ,锐奇股份,2018-10-08,4.6232,4.6332,4.4435,4.5433,1133400,0.538,958587306.95,1383007080,-107.7032,
300126.SZ,锐奇股份,2018-10-09,4.5134,4.6332,4.4934,4.6033,853600,0.4052,971228018.69,1401244536,-109.1235,
300126.SZ,锐奇股份,2018-10-10,4.5933,4.6332,4.5234,4.5733,1110300,0.527,964907662.82,1392125808,-108.4134,
300126.SZ,锐奇股份,2018-10-11,4.4834,4.4834,4.114,4.1739,1778500,0.8442,880636251.22,1270542768,-98.9449,
300126.SZ,锐奇股份,2018-10-12,4.124,4.2238,3.9941,4.1539,1804870,0.8567,876422680.64,1264463616,-98.4715,
300126.SZ,锐奇股份,2018-10-15,4.1539,4.1939,4.0441,4.074,1005600,0.4773,859568398.32,1240147008,-96.5778,
300126.SZ,锐奇股份,2018-10-16,4.0541,4.114,3.9742,4.0341,998500,0.4739,851141257.16,1227988704,-95.631,
300126.SZ,锐奇股份,2018-10-17,4.074,4.1339,3.9842,4.064,1458073,0.6921,857461613.03,1237107432,-96.3411,
300126.SZ,锐奇股份,2018-10-18,4.0141,4.0341,3.8543,3.9342,1900100,0.9019,830073404.26,1197592944,-93.2639,
300126.SZ,锐奇股份,2018-10-19,3.8943,4.0241,3.8444,3.9742,1470649,0.6981,838500545.42,1209751248,-94.2107,
300126.SZ,锐奇股份,2018-10-22,4.0041,4.1939,4.0041,4.1539,3302000,1.5673,876422680.64,1264463616,-98.4715,
300126.SZ,锐奇股份,2018-10-23,4.1539,4.2138,4.0541,4.114,2294300,1.089,867995539.48,1252305312,-97.5247,
300126.SZ,锐奇股份,2018-10-24,4.094,4.1839,4.094,4.1439,2170373,1.0302,874315895.35,1261424040,-98.2348,
300126.SZ,锐奇股份,2018-10-25,4.074,4.1539,3.9842,4.1439,2143673,1.0175,874315895.35,1261424040,-98.2348,
300126.SZ,锐奇股份,2018-10-26,4.1639,4.2238,4.1539,4.1839,1489700,0.7071,882743036.51,1273582344,-99.1817,
300126.SZ,锐奇股份,2018-10-29,4.1839,4.1839,4.0441,4.114,1040850,0.494,867995539.48,1252305312,-63.0086,
300126.SZ,锐奇股份,2018-10-30,4.094,4.1839,4.0441,4.1539,1344700,0.6383,876422680.64,1264463616,-63.6204,
300126.SZ,锐奇股份,2018-10-31,4.1639,4.2438,4.1639,4.2238,1579200,0.7496,891170177.67,1285740648,-64.6909,
300126.SZ,锐奇股份,2018-11-01,4.6432,4.6432,4.6432,4.6432,1388400,0.659,979655159.85,1413402840,-71.1141,
300126.SZ,锐奇股份,2018-11-02,5.1125,5.1125,4.8729,5.1125,16543128,7.8523,1078674068.48,1556262912,-78.302,
300126.SZ,锐奇股份,2018-11-05,5.6218,5.6218,5.1225,5.6218,23626732,11.2146,1186120118.27,1711281288,-86.1016,
300126.SZ,锐奇股份,2018-11-06,5.2922,5.6018,5.0626,5.1125,38806998,18.42,1078674068.48,1556262912,-78.302,
300126.SZ,锐奇股份,2018-11-07,5.0825,5.6218,5.0626,5.6218,39922536,18.9495,1186120118.27,1711281288,-86.1016,
300126.SZ,锐奇股份,2018-11-08,5.432,5.5718,5.2323,5.3122,32667673,15.5059,1120809774.28,1617054432,-81.3606,
300126.SZ,锐奇股份,2018-11-09,5.3122,5.3322,5.1125,5.1924,19228088,9.1267,1095528350.8,1580579520,-79.5254,
300126.SZ,锐奇股份,2018-11-12,5.2922,5.3621,5.0626,5.1924,17223100,8.1751,1095528350.8,1580579520,-79.5254,
300126.SZ,锐奇股份,2018-11-13,5.0626,5.5419,5.0226,5.3022,25083287,11.906,1118702988.99,1614014856,-81.2077,
300126.SZ,锐奇股份,2018-11-14,5.3422,5.8314,5.2223,5.442,30351754,14.4067,1148197983.05,1656568920,-83.3488,
300126.SZ,锐奇股份,2018-11-15,5.4221,5.6717,5.2423,5.5618,25926748,12.3063,1173479406.53,1693043832,-85.184,
300126.SZ,锐奇股份,2018-11-16,5.472,6.121,5.3821,6.121,22633878,10.7433,1291459382.77,1863260088,-93.7483,
300126.SZ,锐奇股份,2018-11-19,6.3906,6.7301,6.2009,6.7301,35346396,16.7774,1419973285.46,2048674224,-103.0772,
300126.SZ,锐奇股份,2018-11-20,7.3992,7.3992,7.0996,7.3992,18478713,8.771,1561127899.89,2252325816,-113.3238,
300126.SZ,锐奇股份,2018-11-21,8.1381,8.1381,6.7002,6.9498,53505088,25.3966,1466322561.84,2115544896,-106.4417,
300126.SZ,锐奇股份,2018-11-22,7.2893,7.2893,6.2508,6.3207,47702924,22.6425,1333595088.57,1924051608,-96.8069,
300126.SZ,锐奇股份,2018-11-23,6.131,6.2608,5.7416,5.9113,35554600,16.8762,1247216891.68,1799428992,-90.5367,
300126.SZ,锐奇股份,2018-11-26,5.8914,5.9513,5.5718,5.7216,21368500,10.1427,1207187971.17,1741677048,-87.6309,
300126.SZ,锐奇股份,2018-11-27,5.7516,5.9213,5.6218,5.7915,21536873,10.2226,1221935468.2,1762954080,-88.7015,
300126.SZ,锐奇股份,2018-11-28,5.7616,5.7815,5.482,5.6817,21467800,10.1898,1198760830.01,1729518744,-87.0192,
300126.SZ,锐奇股份,2018-11-29,5.6817,5.7116,5.452,5.4919,14624981,6.9418,1158731909.5,1671766800,-84.1134,
300126.SZ,锐奇股份,2018-11-30,5.4919,5.5618,5.3122,5.3821,11198834,5.3156,1135557271.31,1638331464,-82.4312,
300126.SZ,锐奇股份,2018-12-03,5.5019,5.5918,5.3921,5.462,19088897,9.0607,1152411553.63,1662648072,-83.6546,
300126.SZ,锐奇股份,2018-12-04,5.442,5.6717,5.4121,5.5718,17165145,8.1476,1175586191.82,1696083408,-85.3369,
300126.SZ,锐奇股份,2018-12-05,5.3022,5.442,5.2623,5.4221,14270999,6.7738,1143984412.47,1650489768,-83.0429,
300126.SZ,锐奇股份,2018-12-06,5.4121,5.452,5.2323,5.3621,10672100,5.0656,1131343700.73,1632252312,-82.1253,
300126.SZ,锐奇股份,2018-12-07,5.3721,5.3921,5.2623,5.2723,6883945,3.2675,1112382633.12,1604896128,-80.7489,
300126.SZ,锐奇股份,2018-12-10,5.2223,5.3422,5.1924,5.2823,4266800,2.0253,1114489418.41,1607935704,-80.9018,
300126.SZ,锐奇股份,2018-12-11,5.3022,5.3322,5.2024,5.2423,5910500,2.8055,1106062277.25,1595777400,-80.2901,
300126.SZ,锐奇股份,2018-12-12,5.2623,5.3222,5.2124,5.2623,6175714,2.9313,1110275847.83,1601856552,-80.596,
300126.SZ,锐奇股份,2018-12-13,5.3022,5.3122,5.1924,5.2223,6851014,3.2519,1101848706.67,1589698248,-79.9842,
300126.SZ,锐奇股份,2018-12-14,5.2024,5.2423,4.793,4.8928,12049125,5.7192,1032324792.1,1489392240,-74.9374,
300126.SZ,锐奇股份,2018-12-17,4.8529,5.0426,4.8529,5.0027,7840249,3.7214,1055499430.29,1522827576,-76.6197,
300126.SZ,锐奇股份,2018-12-18,5.0027,5.1724,5.0027,5.0526,9578299,4.5464,1066033356.74,1538025456,-77.3844,
300126.SZ,锐奇股份,2018-12-19,5.1125,5.1824,5.0127,5.0526,8273046,3.9269,1066033356.74,1538025456,-77.3844,
300126.SZ,锐奇股份,2018-12-20,5.0027,5.3222,4.9527,5.2124,13073100,6.2052,1099741921.38,1586658672,-79.8313,
300126.SZ,锐奇股份,2018-12-21,5.2223,5.3122,5.0925,5.1325,8848600,4.2,1082887639.06,1562342064,-78.6078,
300126.SZ,锐奇股份,2018-12-24,5.1225,5.2024,5.0626,5.1724,6354200,3.0161,1091314780.22,1574500368,-79.2196,
300126.SZ,锐奇股份,2018-12-25,5.0726,5.1824,4.8928,5.0426,7985200,3.7902,1063926571.45,1534985880,-77.2314,
300126.SZ,锐奇股份,2018-12-26,5.0626,5.2223,5.0326,5.1824,10437500,4.9542,1093421565.51,1577539944,-79.3725,
300126.SZ,锐奇股份,2018-12-27,5.2223,5.2623,4.9527,4.9527,10173200,4.8288,1044965503.84,1507629696,-75.855,
300126.SZ,锐奇股份,2018-12-28,4.9028,5.0626,4.9028,4.9727,6708805,3.1844,1049179074.42,1513708848,-76.1609,
300126.SZ,锐奇股份,2019-01-02,4.9927,5.1425,4.9727,5.0426,6016000,2.8555,1063926571.45,1534985880,-77.2314,
300126.SZ,锐奇股份,2019-01-03,5.0825,5.1724,5.0027,5.0027,5670500,2.6915,1055499430.29,1522827576,-76.6197,
300126.SZ,锐奇股份,2019-01-04,4.9927,5.1624,4.8129,5.1425,7460400,3.5411,1084994424.35,1565381640,-78.7608,
300126.SZ,锐奇股份,2019-01-07,5.1724,5.3422,5.1225,5.2922,12407200,5.8892,1116596203.7,1610975280,-81.0548,
300126.SZ,锐奇股份,2019-01-08,5.2922,5.2922,5.1724,5.2024,8965560,4.2556,1097635136.09,1583619096,-79.6784,
300126.SZ,锐奇股份,2019-01-09,5.2922,5.442,5.2323,5.3122,13742245,6.5229,1120809774.28,1617054432,-81.3606,
300126.SZ,锐奇股份,2019-01-10,5.2523,5.4121,5.2323,5.3022,8600431,4.0823,1118702988.99,1614014856,-81.2077,
300126.SZ,锐奇股份,2019-01-11,5.2823,5.3721,5.2124,5.2723,5538800,2.629,1112382633.12,1604896128,-80.7489,
300126.SZ,锐奇股份,2019-01-14,5.2223,5.2922,5.1524,5.2124,4574578,2.1714,1099741921.38,1586658672,-79.8313,
300126.SZ,锐奇股份,2019-01-15,5.1824,5.432,5.1425,5.3921,11347247,5.386,1137664056.6,1641371040,-82.5841,
300126.SZ,锐奇股份,2019-01-16,5.3921,5.3921,5.2323,5.2323,9090300,4.3148,1103955491.96,1592737824,-80.1372,
300126.SZ,锐奇股份,2019-01-17,5.2124,5.2723,5.1624,5.1824,5335902,2.5327,1093421565.51,1577539944,-79.3725,
300126.SZ,锐奇股份,2019-01-18,5.2124,5.2223,4.9228,5.0326,7816302,3.7101,1061819786.16,1531946304,-77.0785,
300126.SZ,锐奇股份,2019-01-21,5.0027,5.0825,4.9927,5.0626,3184300,1.5114,1068140142.03,1541065032,-77.5373,
300126.SZ,锐奇股份,2019-01-22,5.0226,5.0925,4.9827,5.0726,3722800,1.7671,1070246927.32,1544104608,-77.6902,
300126.SZ,锐奇股份,2019-01-23,5.0326,5.1325,5.0226,5.1125,2863500,1.3592,1078674068.48,1556262912,-78.302,
300126.SZ,锐奇股份,2019-01-24,5.1524,5.2223,5.0626,5.2124,4389400,2.0835,1099741921.38,1586658672,-79.8313,
300126.SZ,锐奇股份,2019-01-25,5.2124,5.2323,4.9827,4.9927,5431723,2.5782,1053392645,1519788000,-76.4668,
300126.SZ,锐奇股份,2019-01-28,4.9328,4.9527,4.5933,4.7031,6744900,3.2015,992295871.59,1431640296,-72.0317,
300126.SZ,锐奇股份,2019-01-29,4.6931,4.7031,4.4734,4.5134,3507300,1.6648,952266951.08,1373888352,-69.126,
300126.SZ,锐奇股份,2019-01-30,4.5433,4.5733,4.4635,4.4734,2361000,1.1207,943839809.92,1361730048,-68.5142,
300126.SZ,锐奇股份,2019-01-31,4.5134,4.5334,4.1939,4.2438,4050104,1.9224,895383748.25,1291819800,-64.9968,
300126.SZ,锐奇股份,2019-02-01,4.2837,4.4734,4.2837,4.4435,3250204,1.5427,937519454.05,1352611320,-68.0554,
300126.SZ,锐奇股份,2019-02-11,4.5034,4.6432,4.5034,4.6332,3685153,1.7492,977548374.56,1410363264,-70.9612,
300126.SZ,锐奇股份,2019-02-12,4.6332,4.7031,4.5933,4.6532,3491500,1.6573,981761945.14,1416442416,-71.267,
300126.SZ,锐奇股份,2019-02-13,4.7331,4.793,4.6432,4.773,4269894,2.0267,1007043368.62,1452917328,-73.1022,
300126.SZ,锐奇股份,2019-02-14,4.8329,4.8629,4.7331,4.803,3754800,1.7822,1013363724.49,1462036056,-73.561,
300126.SZ,锐奇股份,2019-02-15,4.773,5.0127,4.773,5.0127,7564023,3.5903,1057606215.58,1525867152,-76.7726,
300126.SZ,锐奇股份,2019-02-18,5.1524,5.5119,5.1524,5.5119,7008501,3.3266,1162945480.08,1677845952,-84.4193,
300126.SZ,锐奇股份,2019-02-19,5.7915,6.0611,5.6118,5.6218,31267118,14.8412,1186120118.27,1711281288,-86.1016,
300126.SZ,锐奇股份,2019-02-20,5.3821,5.5219,5.2823,5.4021,14394995,6.8327,1139770841.89,1644410616,-82.737,
300126.SZ,锐奇股份,2019-02-21,5.2922,5.4221,5.2623,5.3022,10669700,5.0644,1118702988.99,1614014856,-35.2201,
300126.SZ,锐奇股份,2019-02-22,5.3022,5.3821,5.2922,5.3721,7585000,3.6003,1133450486.02,1635291888,-35.6844,
300126.SZ,锐奇股份,2019-02-25,5.3821,5.5918,5.3821,5.5718,14008423,6.6492,1175586191.82,1696083408,-37.011,
300126.SZ,锐奇股份,2019-02-26,5.6018,5.7116,5.4121,5.5818,14433005,6.8507,1177692977.11,1699122984,-37.0773,
300126.SZ,锐奇股份,2019-02-27,5.5918,5.6717,5.482,5.5918,9106500,4.3225,1179799762.4,1702162560,-37.1436,
300126.SZ,锐奇股份,2019-02-28,5.6018,5.6517,5.5219,5.5718,5557002,2.6377,1175586191.82,1696083408,-37.011,
300126.SZ,锐奇股份,2019-03-01,5.5918,5.6517,5.3821,5.482,7306102,3.4679,1156625124.21,1668727224,-36.414,
300126.SZ,锐奇股份,2019-03-04,5.5419,6.0312,5.5119,5.7815,23902206,11.3453,1219828682.91,1759914504,-38.4039,
300126.SZ,锐奇股份,2019-03-05,5.7016,5.9712,5.6417,5.9413,17202289,8.1652,1253537247.55,1808547720,-39.4651,
300126.SZ,锐奇股份,2019-03-06,5.9912,6.2908,5.9413,6.121,15132501,7.1827,1291459382.77,1863260088,-40.659,
300126.SZ,锐奇股份,2019-03-07,6.1909,6.3307,6.0012,6.3207,15584300,7.3972,1333595088.57,1924051608,-41.9856,
300126.SZ,锐奇股份,2019-03-08,6.2209,6.2708,5.7715,5.8314,13189387,6.2604,1230362609.36,1775112384,-38.7355,
300126.SZ,锐奇股份,2019-03-11,5.8215,6.131,5.8115,6.0911,7777292,3.6915,1285139026.9,1854141360,-40.46,
300126.SZ,锐奇股份,2019-03-12,6.1909,6.2608,5.9013,6.0012,17560105,8.335,1266177959.29,1826785176,-39.8631,
300126.SZ,锐奇股份,2019-03-13,6.1011,6.6003,6.1011,6.6003,34701310,16.4712,1392585076.69,2009159736,-43.8428,
300126.SZ,锐奇股份,2019-03-14,6.2508,6.3407,5.9413,5.9413,27687686,13.1421,1253537247.55,1808547720,-39.4651,
300126.SZ,锐奇股份,2019-03-15,5.8414,6.2708,5.8414,6.0511,15955872,7.5736,1276711885.74,1841983056,-40.1947,
300126.SZ,锐奇股份,2019-03-18,6.0511,6.151,5.8414,6.0911,10664406,5.0619,1285139026.9,1854141360,-40.46,
300126.SZ,锐奇股份,2019-03-19,5.9912,6.151,5.9912,6.0711,8320300,3.9493,1280925456.32,1848062208,-40.3274,
300126.SZ,锐奇股份,2019-03-20,6.1011,6.2309,5.9912,6.171,10789910,5.1215,1301993309.22,1878457968,-40.9907,
300126.SZ,锐奇股份,2019-03-21,6.1909,6.4406,6.161,6.3207,11517200,5.4667,1333595088.57,1924051608,-41.9856,
300126.SZ,锐奇股份,2019-03-22,6.3008,6.4705,6.2009,6.3707,9785477,4.6447,1344129015.02,1939249488,-42.3172,
300126.SZ,锐奇股份,2019-03-25,6.3008,6.6502,6.171,6.3607,10769820,5.112,1342022229.73,1936209912,-42.2509,
300126.SZ,锐奇股份,2019-03-26,6.3607,6.7401,6.3407,6.5504,14629423,6.944,1382051150.24,1993961856,-43.5111,
300126.SZ,锐奇股份,2019-03-27,6.5604,6.6702,6.0411,6.2508,13422244,6.371,1318847591.54,1902774576,-41.5213,
300126.SZ,锐奇股份,2019-03-28,6.2009,6.5404,6.0312,6.2309,10049579,4.7701,1314634020.96,1896695424,-41.3886,
300126.SZ,锐奇股份,2019-03-29,6.2309,6.4805,6.0911,6.4106,8994521,4.2693,1352556156.18,1951407792,-42.5825,
300126.SZ,锐奇股份,2019-04-01,6.4406,6.6602,6.4106,6.5404,11025831,5.2335,1379944364.95,1990922280,-43.4448,
300126.SZ,锐奇股份,2019-04-02,6.5804,6.8,6.5105,6.6902,11778381,5.5907,1411546144.3,2036515920,-44.4397,
300126.SZ,锐奇股份,2019-04-03,6.6702,7.1295,6.5704,7.0097,12092509,5.7398,1478963273.58,2133782352,-46.5622,
300126.SZ,锐奇股份,2019-04-04,6.9898,7.0397,6.7102,6.7801,10585410,5.0244,1430507211.91,2063872104,-45.0367,
300126.SZ,锐奇股份,2019-04-08,6.81,7.4591,6.8,7.1395,27860397,13.2241,1506351482.35,2173296840,-47.4245,
300126.SZ,锐奇股份,2019-04-09,7.0197,7.1295,6.4306,6.8899,18497688,8.7801,1453681850.1,2097307440,-45.7663,
300126.SZ,锐奇股份,2019-04-10,6.9898,7.5789,6.81,7.4191,27669923,13.1337,1565341470.47,2258404968,-49.2817,
300126.SZ,锐奇股份,2019-04-11,7.1395,7.2194,6.83,6.9199,17130197,8.131,1460002205.97,2106426168,-45.9653,
300126.SZ,锐奇股份,2019-04-12,6.84,7.0297,6.5903,6.6902,9225100,4.3788,1411546144.3,2036515920,-44.4397,
300126.SZ,锐奇股份,2019-04-15,6.7701,6.84,6.6403,6.6403,5234599,2.4846,1401012217.85,2021318040,-44.1081,
300126.SZ,锐奇股份,2019-04-16,6.5404,6.7601,6.4406,6.7301,6347240,3.0128,1419973285.46,2048674224,-44.705,
300126.SZ,锐奇股份,2019-04-17,6.6902,6.82,6.6502,6.7201,6778421,3.2174,1417866500.17,2045634648,-44.6387,
300126.SZ,锐奇股份,2019-04-18,6.6702,6.81,6.5704,6.5704,4576500,2.1723,1386264720.82,2000041008,-43.6438,
300126.SZ,锐奇股份,2019-04-19,6.6203,6.6702,6.5304,6.6403,3885300,1.8442,1401012217.85,2021318040,-44.1081,
300126.SZ,锐奇股份,2019-04-22,6.6403,6.6702,6.4705,6.5105,4311420,2.0464,1373624009.08,1981803552,-43.2458,
300126.SZ,锐奇股份,2019-04-23,6.5005,6.5005,6.1909,6.2408,5085704,2.414,1316740806.25,1899735000,-41.455,
300126.SZ,锐奇股份,2019-04-24,6.2608,6.3407,6.2209,6.3207,3072500,1.4584,1333595088.57,1924051608,-41.9856,
300126.SZ,锐奇股份,2019-04-25,6.2908,6.4206,6.0212,6.0212,4831400,2.2933,1270391529.87,1832864328,-51.7529,
300126.SZ,锐奇股份,2019-04-26,6.0012,6.131,5.9413,6.0212,3089315,1.4664,1270391529.87,1832864328,-51.7529,
300126.SZ,锐奇股份,2019-04-29,6.0911,6.0911,5.7316,5.7616,4189602,1.9886,1215615112.33,1753835352,-49.5214,
300126.SZ,锐奇股份,2019-04-30,5.8115,5.8914,5.7616,5.8414,2148800,1.0199,1232469394.65,1778151960,-50.208,
300126.SZ,锐奇股份,2019-05-06,5.5718,5.7416,5.3422,5.3522,3872100,1.8379,1129236915.44,1629212736,-46.0026,
300126.SZ,锐奇股份,2019-05-07,5.432,5.5618,5.4221,5.5519,2527252,1.1996,1171372621.24,1690004256,-47.7191,
300126.SZ,锐奇股份,2019-05-08,5.452,5.7915,5.4221,5.6317,2914701,1.3835,1188226903.56,1714320864,-48.4057,
300126.SZ,锐奇股份,2019-05-09,5.6617,5.8115,5.5818,5.5818,3208200,1.5228,1177692977.11,1699122984,-47.9765,
300126.SZ,锐奇股份,2019-05-10,5.6717,5.9013,5.5419,5.8015,3922790,1.862,1224042253.49,1765993656,-49.8647,
300126.SZ,锐奇股份,2019-05-13,5.7616,5.9113,5.7616,5.8314,2041600,0.9691,1230362609.36,1775112384,-50.1222,
300126.SZ,锐奇股份,2019-05-14,5.7116,5.9213,5.7116,5.7516,2874500,1.3644,1213508327.04,1750795776,-49.4356,
300126.SZ,锐奇股份,2019-05-15,5.7815,5.9613,5.7715,5.9413,3472790,1.6484,1253537247.55,1808547720,-51.0663,
300126.SZ,锐奇股份,2019-05-16,6.0312,6.0312,5.8914,5.9812,2872773,1.3636,1261964388.71,1820706024,-51.4096,
300126.SZ,锐奇股份,2019-05-17,6.0312,6.0312,5.6717,5.6817,2820297,1.3387,1198760830.01,1729518744,-48.8348,
300126.SZ,锐奇股份,2019-05-20,5.8015,5.8015,5.5019,5.7915,2560698,1.2155,1221935468.2,1762954080,-49.7789,
300126.SZ,锐奇股份,2019-05-21,5.8215,6.0511,5.7416,6.0511,3717321,1.7645,1276711885.74,1841983056,-52.0104,
300126.SZ,锐奇股份,2019-05-22,6.111,6.6602,5.8914,6.4605,16613366,7.8856,1363090082.63,1966605672,-55.5292,
300126.SZ,锐奇股份,2019-05-23,6.171,6.2808,5.8115,5.8215,13616101,6.463,1228255824.07,1772072808,-50.0364,
300126.SZ,锐奇股份,2019-05-24,5.7316,5.8015,5.5319,5.5519,5179227,2.4584,1171372621.24,1690004256,-47.7191,
300126.SZ,锐奇股份,2019-05-27,5.5918,5.7416,5.5119,5.7216,3573904,1.6964,1207187971.17,1741677048,-49.1781,
300126.SZ,锐奇股份,2019-05-28,5.7016,5.9113,5.7016,5.7715,4307423,2.0445,1217721897.62,1756874928,-49.6072,
300126.SZ,锐奇股份,2019-05-29,5.8314,5.9712,5.7815,5.9413,3977263,1.8878,1253537247.55,1808547720,-51.0663,
300126.SZ,锐奇股份,2019-05-30,5.8714,5.9812,5.7516,5.8015,3278137,1.556,1224042253.49,1765993656,-49.8647,
300126.SZ,锐奇股份,2019-05-31,5.8414,5.9113,5.7516,5.7815,2719100,1.2906,1219828682.91,1759914504,-49.6931,
300126.SZ,锐奇股份,2019-06-03,5.7815,5.8414,5.6317,5.7516,2387900,1.1334,1213508327.04,1750795776,-49.4356,
300126.SZ,锐奇股份,2019-06-04,5.6917,5.7316,5.4919,5.5918,2421762,1.1495,1179799762.4,1702162560,-48.0624,
300126.SZ,锐奇股份,2019-06-05,5.6218,5.6917,5.5618,5.6417,1779180,0.8445,1190333688.85,1717360440,-48.4915,
300126.SZ,锐奇股份,2019-06-06,5.6317,5.6817,5.462,5.5618,1943949,0.9227,1173479406.53,1693043832,-47.8049,
300126.SZ,锐奇股份,2019-06-10,5.5519,5.6317,5.4919,5.6218,1463800,0.6948,1186120118.27,1711281288,-48.3199,
300126.SZ,锐奇股份,2019-06-11,5.6218,5.8414,5.5918,5.8414,2344851,1.113,1232469394.65,1778151960,-50.208,
300126.SZ,锐奇股份,2019-06-12,5.7915,5.8814,5.7416,5.7616,1686000,0.8003,1215615112.33,1753835352,-49.5214,
300126.SZ,锐奇股份,2019-06-13,5.7316,5.9413,5.7316,5.9313,2476280,1.1754,1251430462.26,1805508144,-50.9804,
300126.SZ,锐奇股份,2019-06-14,5.9113,5.9613,5.7316,5.7416,1931591,0.9168,1211401541.75,1747756200,-49.3498,
300126.SZ,锐奇股份,2019-06-17,5.7416,5.8215,5.7016,5.7516,946400,0.4492,1213508327.04,1750795776,-49.4356,
300126.SZ,锐奇股份,2019-06-18,5.8115,5.8115,5.6817,5.7316,1323540,0.6282,1209294756.46,1744716624,-49.2639,
300126.SZ,锐奇股份,2019-06-19,5.8314,5.9013,5.8015,5.8015,1955911,0.9284,1224042253.49,1765993656,-49.8647,
300126.SZ,锐奇股份,2019-06-20,5.8215,5.9413,5.7416,5.9313,3120964,1.4814,1251430462.26,1805508144,-50.9804,
300126.SZ,锐奇股份,2019-06-21,6.5204,6.5204,6.3407,6.5204,34381943,16.3196,1375730794.37,1984843128,-56.0442,
300126.SZ,锐奇股份,2019-06-24,6.5204,6.5404,6.0112,6.131,34137913,16.2038,1293566168.06,1866299664,-52.697,
300126.SZ,锐奇股份,2019-06-25,5.9613,6.1011,5.9513,6.0212,12017784,5.7043,1270391529.87,1832864328,-51.7529,
300126.SZ,锐奇股份,2019-06-26,5.9712,6.0711,5.9413,5.9413,8413500,3.9935,1253537247.55,1808547720,-51.0663,
300126.SZ,锐奇股份,2019-06-27,5.9413,6.0012,5.8714,5.9213,6989038,3.3174,1249323676.97,1802468568,-50.8946,
300126.SZ,锐奇股份,2019-06-28,5.9213,5.9313,5.6018,5.6617,9108000,4.3232,1194547259.43,1723439592,-48.6632,
300126.SZ,锐奇股份,2019-07-01,5.7316,5.8215,5.6917,5.7915,6393700,3.035,1221842668.2,1762954080,-49.7789,
300126.SZ,锐奇股份,2019-07-02,5.8115,5.8215,5.7216,5.7416,3872000,1.838,1211309541.75,1747756200,-49.3498,
300126.SZ,锐奇股份,2019-07-03,5.7216,5.7815,5.6717,5.7116,3343700,1.5872,1204989665.88,1738637472,-49.0923,
300126.SZ,锐奇股份,2019-07-04,5.7316,5.7715,5.6517,5.6917,2228000,1.0576,1200776415.3,1732558320,-48.9206,
300126.SZ,锐奇股份,2019-07-05,5.6717,5.6817,5.5718,5.6317,2620400,1.2439,1188136663.56,1714320864,-48.4057,
300126.SZ,锐奇股份,2019-07-08,5.6018,5.6218,5.3921,5.4221,3871800,1.8379,1143897532.47,1650489768,-46.6033,
300126.SZ,锐奇股份,2019-07-09,5.4221,5.472,5.3921,5.472,1754830,0.833,1154430658.92,1665687648,-47.0325,
300126.SZ,锐奇股份,2019-07-10,5.442,5.5519,5.442,5.4919,2026930,0.9622,1158643909.5,1671766800,-47.2041,
300126.SZ,锐奇股份,2019-07-11,5.5119,5.5718,5.432,5.462,1295900,0.6152,1152324033.63,1662648072,-46.9466,
300126.SZ,锐奇股份,2019-07-12,5.482,5.482,5.4021,5.462,1883100,0.8939,1152324033.63,1662648072,-46.9466,
300126.SZ,锐奇股份,2019-07-15,5.482,5.5918,5.3921,5.5818,2739430,1.3004,1177603537.11,1699122984,-47.9765,
300126.SZ,锐奇股份,2019-07-16,5.5519,5.6118,5.5419,5.6118,1899003,0.9014,1183923412.98,1708241712,-48.234,
300126.SZ,锐奇股份,2019-07-17,5.6118,5.6717,5.5618,5.6617,2259602,1.0726,1194456539.43,1723439592,-48.6632,
300126.SZ,锐奇股份,2019-07-18,5.5918,5.6118,5.472,5.5219,2151300,1.0212,1164963785.37,1680885528,-47.4616,
300126.SZ,锐奇股份,2019-07-19,5.5219,5.6018,5.5019,5.5718,2139910,1.0158,1175496911.82,1696083408,-47.8907,
300126.SZ,锐奇股份,2019-07-22,5.5818,5.6118,5.3721,5.3821,2283610,1.084,1135471031.31,1638331464,-46.26,
300126.SZ,锐奇股份,2019-07-23,5.3921,5.482,5.3821,5.472,1277094,0.6062,1154430658.92,1665687648,-47.0325,
300126.SZ,锐奇股份,2019-07-24,5.472,5.6018,5.472,5.5519,2129200,1.0107,1171283661.24,1690004256,-47.7191,
300126.SZ,锐奇股份,2019-07-25,5.5519,5.5918,5.5119,5.5419,1581300,0.7506,1169177035.95,1686964680,-47.6332,
300126.SZ,锐奇股份,2019-07-26,5.5019,5.6417,5.5019,5.6118,2643100,1.2547,1183923412.98,1708241712,-48.234,
300126.SZ,锐奇股份,2019-07-29,5.6417,5.6417,5.5219,5.5918,2089410,0.9918,1179710162.4,1702162560,-48.0624,
300126.SZ,锐奇股份,2019-07-30,5.5519,5.6417,5.5419,5.6018,1868400,0.8869,1181816787.69,1705202136,-48.1482,
300126.SZ,锐奇股份,2019-07-31,5.5818,5.5818,5.5119,5.5219,1629055,0.7733,1164963785.37,1680885528,-47.4616,
300126.SZ,锐奇股份,2019-08-01,5.5219,5.5918,5.4919,5.5419,1658902,0.7875,1169177035.95,1686964680,-47.6332,
300126.SZ,锐奇股份,2019-08-02,5.462,5.482,5.3921,5.4121,2091094,0.9926,1141790907.18,1647450192,-46.5175,
300126.SZ,锐奇股份,2019-08-05,5.3921,5.482,5.3422,5.3621,2569094,1.2195,1131257780.73,1632252312,-46.0884,
300126.SZ,锐奇股份,2019-08-06,5.1924,5.3122,4.9927,5.0526,3369700,1.5996,1065952396.74,1538025456,-43.4278,
300126.SZ,锐奇股份,2019-08-07,5.1025,5.1425,5.0127,5.0127,1452701,0.6896,1057525895.58,1525867152,-43.0845,
300126.SZ,锐奇股份,2019-08-08,5.0526,5.0825,5.0027,5.0127,1601100,0.76,1057525895.58,1525867152,-43.0845,
300126.SZ,锐奇股份,2019-08-09,5.0726,5.1125,4.9328,4.9927,1744420,0.8281,1053312645,1519788000,-42.9128,
300126.SZ,锐奇股份,2019-08-12,5.0027,5.0626,4.9028,5.0426,1507512,0.7156,1063845771.45,1534985880,-43.342,
300126.SZ,锐奇股份,2019-08-13,5.0326,5.0326,4.9727,5.0127,864435,0.4103,1057525895.58,1525867152,-43.0845,
300126.SZ,锐奇股份,2019-08-14,5.0526,5.0925,5.0226,5.0626,1722500,0.8177,1068059022.03,1541065032,-43.5136,
300126.SZ,锐奇股份,2019-08-15,4.9627,5.0326,4.8928,5.0226,1810100,0.8592,1059632520.87,1528906728,-43.1703,
300126.SZ,锐奇股份,2019-08-16,4.9927,5.1425,4.9927,5.0925,2573800,1.2218,1074378897.9,1550183760,-43.7711,
300126.SZ,锐奇股份,2019-08-19,5.0726,5.2723,5.0726,5.2523,2972200,1.4109,1108084902.54,1598816976,-45.1443,
300126.SZ,锐奇股份,2019-08-20,5.2323,5.3122,5.2024,5.2723,2235400,1.0611,1112298153.12,1604896128,-45.316,
300126.SZ,锐奇股份,2019-08-21,5.2823,5.3322,5.2723,5.2922,2330300,1.1062,1116511403.7,1610975280,-45.4876,
300126.SZ,锐奇股份,2019-08-22,5.3422,5.442,5.2723,5.3222,2295400,1.0896,1122831279.57,1620094008,-45.7451,
300126.SZ,锐奇股份,2019-08-23,5.3122,5.3821,5.2922,5.3122,1865500,0.8855,1120724654.28,1617054432,-45.6593,
300126.SZ,锐奇股份,2019-08-26,5.1924,5.3422,5.1425,5.3122,2038800,0.9678,1120724654.28,1617054432,-45.6593,
300126.SZ,锐奇股份,2019-08-27,5.2922,5.4121,5.2922,5.3921,2314301,1.0986,1137577656.6,1641371040,-46.3459,
300126.SZ,锐奇股份,2019-08-28,5.4221,5.432,5.3422,5.432,2171601,1.0308,1146004157.76,1653529344,-63.5781,
300126.SZ,锐奇股份,2019-08-29,5.432,5.472,5.3322,5.3621,1935400,0.9187,1131257780.73,1632252312,-62.76,
300126.SZ,锐奇股份,2019-08-30,5.4221,5.452,5.1924,5.2423,2007900,0.9531,1105978277.25,1595777400,-61.3575,
300126.SZ,锐奇股份,2019-09-02,5.2124,5.4021,5.2124,5.3821,2798600,1.3285,1135471031.31,1638331464,-62.9937,
300126.SZ,锐奇股份,2019-09-03,5.4121,5.442,5.3621,5.4021,1595600,0.7574,1139684281.89,1644410616,-63.2275,
300126.SZ,锐奇股份,2019-09-04,5.3821,5.432,5.3422,5.432,1778300,0.8441,1146004157.76,1653529344,-63.5781,
300126.SZ,锐奇股份,2019-09-05,5.462,5.5419,5.4221,5.472,2754400,1.3075,1154430658.92,1665687648,-64.0456,
300126.SZ,锐奇股份,2019-09-06,5.5519,5.5519,5.442,5.472,1729101,0.8208,1154430658.92,1665687648,-64.0456,
300126.SZ,锐奇股份,2019-09-09,5.5419,5.6417,5.462,5.6317,2501200,1.1873,1188136663.56,1714320864,-65.9155,
300126.SZ,锐奇股份,2019-09-10,5.6118,5.7016,5.5718,5.6717,2752800,1.3067,1196563164.72,1726479168,-66.383,
300126.SZ,锐奇股份,2019-09-11,5.6817,5.7016,5.5519,5.6118,3051600,1.4486,1183923412.98,1708241712,-65.6818,
300126.SZ,锐奇股份,2019-09-12,5.6417,5.6417,5.5319,5.6118,2543697,1.2075,1183923412.98,1708241712,-65.6818,
300126.SZ,锐奇股份,2019-09-16,5.6517,5.6817,5.5419,5.6218,3466100,1.6453,1186030038.27,1711281288,-65.7986,
300126.SZ,锐奇股份,2019-09-17,5.5818,5.6417,5.4021,5.442,3998697,1.8982,1148110783.05,1656568920,-63.695,
300126.SZ,锐奇股份,2019-09-18,5.4121,5.5319,5.4121,5.4919,2826700,1.3418,1158643909.5,1671766800,-64.2793,
300126.SZ,锐奇股份,2019-09-19,5.462,5.6517,5.462,5.6218,3201612,1.5198,1186030038.27,1711281288,-65.7986,
300126.SZ,锐奇股份,2019-09-20,5.6018,5.6917,5.5618,5.6917,3577200,1.6981,1200776415.3,1732558320,-66.6167,
300126.SZ,锐奇股份,2019-09-23,5.6917,5.7016,5.5519,5.6617,2894900,1.3742,1194456539.43,1723439592,-66.2661,
300126.SZ,锐奇股份,2019-09-24,5.7815,6.2309,5.6717,5.8314,22685101,10.7685,1230269169.36,1775112384,-68.2529,
300126.SZ,锐奇股份,2019-09-25,5.5918,5.6917,5.3422,5.3422,14956601,7.0998,1127044530.15,1626173160,-62.5262,
300126.SZ,锐奇股份,2019-09-26,5.3222,5.3322,5.1025,5.1125,6777957,3.2174,1078592148.48,1556262912,-59.8382,
300126.SZ,锐奇股份,2019-09-27,5.0626,5.2323,5.0626,5.1924,2324888,1.1036,1095445150.8,1580579520,-60.7732,
300126.SZ,锐奇股份,2019-09-30,5.1924,5.2423,5.1025,5.1125,1939755,0.9208,1078592148.48,1556262912,-59.8382,
300126.SZ,锐奇股份,2019-10-08,5.1724,5.1724,5.0825,5.0825,1754600,0.8329,1072272272.61,1547144184,-59.4876,
300126.SZ,锐奇股份,2019-10-09,5.0726,5.2223,5.0626,5.1924,2051300,0.9737,1095445150.8,1580579520,-60.7732,
300126.SZ,锐奇股份,2019-10-10,5.1924,5.3422,5.1924,5.2922,2836700,1.3466,1116511403.7,1610975280,-61.9419,
300126.SZ,锐奇股份,2019-10-11,5.2922,5.3022,5.2124,5.3022,2010064,0.9542,1118618028.99,1614014856,-62.0588,
300126.SZ,锐奇股份,2019-10-14,5.3022,5.4021,5.3022,5.3422,3157457,1.4988,1127044530.15,1626173160,-62.5262,
300126.SZ,锐奇股份,2019-10-15,5.3222,5.3721,5.2922,5.3522,2492203,1.183,1129151155.44,1629212736,-62.6431,
300126.SZ,锐奇股份,2019-10-16,5.3522,5.462,5.3222,5.3222,2304205,1.0938,1122831279.57,1620094008,-62.2925,
300126.SZ,锐奇股份,2019-10-17,5.3022,5.4121,5.3022,5.3921,1620100,0.769,1137577656.6,1641371040,-63.1106,
300126.SZ,锐奇股份,2019-10-18,5.3821,5.4021,5.2124,5.2523,2028708,0.963,1108084902.54,1598816976,-61.4744,
300126.SZ,锐奇股份,2019-10-21,5.3921,5.6817,5.3122,5.4121,6931966,3.2906,1141790907.18,1647450192,-63.3443,
300126.SZ,锐奇股份,2019-10-22,5.3621,5.3821,5.2323,5.3821,3442028,1.6339,1135471031.31,1638331464,-62.9937,
300126.SZ,锐奇股份,2019-10-23,5.3322,5.452,5.3122,5.4221,2862002,1.3586,1143897532.47,1650489768,-63.4612,
300126.SZ,锐奇股份,2019-10-24,5.3821,5.5119,5.3522,5.4919,3808189,1.8077,1158643909.5,1671766800,-64.2793,
300126.SZ,锐奇股份,2019-10-25,5.472,5.8115,5.462,5.6118,6403001,3.0395,1183923412.98,1708241712,-65.6818,
300126.SZ,锐奇股份,2019-10-28,5.5519,5.6717,5.5219,5.6417,4819717,2.2879,1190243288.85,1717360440,-103.8754,
300126.SZ,锐奇股份,2019-10-29,5.6417,5.8714,5.6018,5.6018,6308102,2.9944,1181816787.69,1705202136,-103.14,
300126.SZ,锐奇股份,2019-10-30,5.5918,5.7316,5.3921,5.7216,4377302,2.0779,1207096291.17,1741677048,-105.3462,
300126.SZ,锐奇股份,2019-10-31,5.7116,5.8115,5.452,5.5519,3925702,1.8635,1171283661.24,1690004256,-102.2208,
300126.SZ,锐奇股份,2019-11-01,5.5918,5.7216,5.4919,5.6817,3947999,1.8741,1198669790.01,1729518744,-104.6108,
300126.SZ,锐奇股份,2019-11-04,5.7516,5.7915,5.6018,5.6317,4656200,2.2103,1188136663.56,1714320864,-103.6916,
300126.SZ,锐奇股份,2019-11-05,5.6517,5.6517,5.442,5.5918,3970000,1.8845,1179710162.4,1702162560,-102.9562,
300126.SZ,锐奇股份,2019-11-06,5.5918,5.6417,5.482,5.5219,2356299,1.1185,1164963785.37,1680885528,-101.6692,
300126.SZ,锐奇股份,2019-11-07,5.5119,5.5818,5.5019,5.5818,1620700,0.7693,1177603537.11,1699122984,-102.7723,
300126.SZ,锐奇股份,2019-11-08,5.5718,5.6118,5.4121,5.432,3183751,1.5113,1146004157.76,1653529344,-100.0146,
300126.SZ,锐奇股份,2019-11-11,5.3821,5.472,5.1524,5.1724,3754600,1.7823,1091231900.22,1574500368,-95.2345,
300126.SZ,锐奇股份,2019-11-12,5.1624,5.2124,5.0925,5.1824,2102500,0.998,1093338525.51,1577539944,-95.4183,
300126.SZ,锐奇股份,2019-11-13,5.1824,5.1924,5.1025,5.1724,1545149,0.7335,1091231900.22,1574500368,-95.2345,
300126.SZ,锐奇股份,2019-11-14,5.1724,5.2024,5.1325,5.1724,1479300,0.7022,1091231900.22,1574500368,-95.2345,
300126.SZ,锐奇股份,2019-11-15,5.1425,5.1924,5.1125,5.1724,2205036,1.0467,1091231900.22,1574500368,-95.2345,
300126.SZ,锐奇股份,2019-11-18,5.1724,5.1724,4.9727,5.0925,2664133,1.2646,1074378897.9,1550183760,-93.7637,
300126.SZ,锐奇股份,2019-11-19,5.0825,5.1924,5.0626,5.1724,1635800,0.7765,1091231900.22,1574500368,-95.2345,
300126.SZ,锐奇股份,2019-11-20,5.1724,5.2024,5.1225,5.1924,1662300,0.7891,1095445150.8,1580579520,-95.6022,
300126.SZ,锐奇股份,2019-11-21,5.1624,5.2223,5.1425,5.2124,1168900,0.5549,1099658401.38,1586658672,-95.9699,
300126.SZ,锐奇股份,2019-11-22,5.2223,5.2823,5.1225,5.2124,2064100,0.9798,1099658401.38,1586658672,-95.9699,
300126.SZ,锐奇股份,2019-11-25,5.2124,5.2124,5.1225,5.2024,1211500,0.5751,1097551776.09,1583619096,-95.786,
300126.SZ,锐奇股份,2019-11-26,5.1924,5.2223,5.1425,5.1425,1194154,0.5669,1084912024.35,1565381640,-94.6829,
300126.SZ,锐奇股份,2019-11-27,5.1225,5.1425,5.0526,5.0825,1134000,0.5383,1072272272.61,1547144184,-93.5798,
300126.SZ,锐奇股份,2019-11-28,5.1225,5.2024,5.0825,5.1924,2203400,1.0459,1095445150.8,1580579520,-95.6022,
300126.SZ,锐奇股份,2019-11-29,5.1724,5.2024,5.1125,5.1724,1168500,0.5547,1091231900.22,1574500368,-95.2345,
300126.SZ,锐奇股份,2019-12-02,5.1924,5.1924,5.1125,5.1325,1149200,0.5455,1082805399.06,1562342064,-94.4991,
300126.SZ,锐奇股份,2019-12-03,5.0825,5.1924,5.0825,5.1924,1180700,0.5605,1095445150.8,1580579520,-95.6022,
300126.SZ,锐奇股份,2019-12-04,5.1724,5.2024,5.1425,5.1924,1510613,0.7171,1095445150.8,1580579520,-95.6022,
300126.SZ,锐奇股份,2019-12-05,5.2024,5.2623,5.1724,5.2423,1777099,0.8436,1105978277.25,1595777400,-96.5214,
300126.SZ,锐奇股份,2019-12-06,5.2423,5.2922,5.2024,5.2823,1529200,0.7259,1114404778.41,1607935704,-97.2568,
300126.SZ,锐奇股份,2019-12-09,5.3022,5.3022,5.2323,5.2623,1382630,0.6563,1110191527.83,1601856552,-96.8891,
300126.SZ,锐奇股份,2019-12-10,5.2223,5.2922,5.2223,5.2823,1692231,0.8033,1114404778.41,1607935704,-97.2568,
300126.SZ,锐奇股份,2019-12-11,5.2922,5.3022,5.2423,5.2623,927300,0.4402,1110191527.83,1601856552,-96.8891,
300126.SZ,锐奇股份,2019-12-12,5.2623,5.2823,5.1824,5.2623,1899101,0.9015,1110191527.83,1601856552,-96.8891,
300126.SZ,锐奇股份,2019-12-13,5.2523,5.3422,5.2523,5.3422,2551825,1.2113,1127044530.15,1626173160,-98.3599,
300126.SZ,锐奇股份,2019-12-16,5.3322,5.432,5.3222,5.432,1635850,0.7765,1146004157.76,1653529344,-100.0146,
300126.SZ,锐奇股份,2019-12-17,5.4021,5.482,5.4021,5.462,1653600,0.785,1152324033.63,1662648072,-100.5661,
300126.SZ,锐奇股份,2019-12-18,5.472,5.6317,5.432,5.5618,5152182,2.4457,1173390286.53,1693043832,-102.4046,
300126.SZ,锐奇股份,2019-12-19,5.5519,5.5618,5.482,5.5618,2368700,1.1244,1173390286.53,1693043832,-102.4046,
300126.SZ,锐奇股份,2019-12-20,5.5618,5.5618,5.452,5.4919,2027400,0.9624,1158643909.5,1671766800,-101.1177,
300126.SZ,锐奇股份,2019-12-23,5.472,5.482,5.3621,5.3921,1825451,0.8665,1137577656.6,1641371040,-99.2792,
300126.SZ,锐奇股份,2019-12-24,5.3721,5.482,5.3621,5.462,1600737,0.7599,1152324033.63,1662648072,-100.5661,
300126.SZ,锐奇股份,2019-12-25,5.472,5.7016,5.452,5.5419,6204000,2.945,1169177035.95,1686964680,-102.0369,
300126.SZ,锐奇股份,2019-12-26,5.6018,5.7715,5.5419,5.7416,6059470,2.8764,1211309541.75,1747756200,-105.7139,
300126.SZ,锐奇股份,2019-12-27,5.7715,5.7715,5.6018,5.6018,3579066,1.699,1181816787.69,1705202136,-103.14,
300126.SZ,锐奇股份,2019-12-30,5.6018,5.7416,5.482,5.7016,3884139,1.8438,1202883040.59,1735597896,-104.9785,
300126.SZ,锐奇股份,2019-12-31,5.6717,5.9613,5.6417,5.9413,6130524,2.9101,1253442047.55,1808547720,-109.3909,
300126.SZ,锐奇股份,2020-01-02,5.9613,5.9613,5.8215,5.8814,5966307,2.8322,1240802295.81,1790310264,-108.2878,
300126.SZ,锐奇股份,2020-01-03,5.8614,6.1011,5.7915,6.0112,7458186,3.5403,1268188424.58,1829824752,-110.6779,
300126.SZ,锐奇股份,2020-01-06,5.9912,6.0911,5.9513,6.0312,4920552,2.3358,1272401675.16,1835903904,-111.0456,
300126.SZ,锐奇股份,2020-01-07,6.0312,6.0811,5.9912,6.0411,3391100,1.6097,1274508300.45,1838943480,-111.2294,
300126.SZ,锐奇股份,2020-01-08,6.0112,6.3107,5.9413,6.1909,10519251,4.9934,1306107679.8,1884537120,-113.9872,
300126.SZ,锐奇股份,2020-01-09,6.121,6.81,6.111,6.6902,15550175,7.3816,1411438944.3,2036515920,-123.1797,
300126.SZ,锐奇股份,2020-01-10,6.5204,6.7301,6.3207,6.3806,9638047,4.5751,1346133560.31,1942289064,-117.4804,
300126.SZ,锐奇股份,2020-01-13,6.3607,6.5204,6.2708,6.4505,5079400,2.4112,1360879937.34,1963566096,-118.7673,
300126.SZ,锐奇股份,2020-01-14,6.4805,6.5404,6.3207,6.3407,4365424,2.0722,1337707059.15,1930130760,-116.745,
300126.SZ,锐奇股份,2020-01-15,6.3407,6.3806,6.2109,6.2408,3375044,1.6021,1316640806.25,1899735000,-114.9065,
300126.SZ,锐奇股份,2020-01-16,6.2508,6.2808,5.9912,6.0312,6335730,3.0075,1272401675.16,1835903904,-111.0456,
300126.SZ,锐奇股份,2020-01-17,6.0611,6.1011,5.9912,6.0212,2161039,1.0258,1270295049.87,1832864328,-110.8617,
300126.SZ,锐奇股份,2020-01-20,6.1011,6.4505,6.0511,6.111,8242473,3.9126,1289254677.48,1860220512,-112.5164,
300126.SZ,锐奇股份,2020-01-21,6.141,6.2508,5.9313,5.9812,6032498,2.8636,1261868548.71,1820706024,-110.1264,
300126.SZ,锐奇股份,2020-01-22,5.9113,6.0411,5.7915,5.9912,3975498,1.8871,1263975174,1823745600,-110.3102,
300126.SZ,锐奇股份,2020-01-23,5.9513,6.0212,5.5918,5.7416,3676409,1.7452,1211309541.75,1747756200,-105.7139,
300126.SZ,锐奇股份,2020-02-03,5.1724,5.1724,5.1724,5.1724,794100,0.377,1091231900.22,1574500368,-95.2345,
300126.SZ,锐奇股份,2020-02-04,4.6532,4.9927,4.6532,4.8629,5876500,2.7895,1025926516.23,1480273512,-89.5351,
300126.SZ,锐奇股份,2020-02-05,4.8928,5.0426,4.8729,5.0326,3766554,1.788,1061739146.16,1531946304,-92.6606,
300126.SZ,锐奇股份,2020-02-06,5.0127,5.1724,4.9627,5.1225,3780400,1.7945,1080698773.77,1559302488,-94.3152,
300126.SZ,锐奇股份,2020-02-07,5.0825,5.3122,5.0825,5.2423,3409701,1.6186,1105978277.25,1595777400,-96.5214,
300126.SZ,锐奇股份,2020-02-10,5.2024,5.3721,5.1824,5.3322,3212600,1.525,1124937904.86,1623133584,-98.1761,
300126.SZ,锐奇股份,2020-02-11,5.3522,5.3721,5.2223,5.2723,1979800,0.9398,1112298153.12,1604896128,-97.073,
300126.SZ,锐奇股份,2020-02-12,5.2523,5.3322,5.2423,5.3122,2360900,1.1207,1120724654.28,1617054432,-97.8084,
300126.SZ,锐奇股份,2020-02-13,5.2922,5.3522,5.2223,5.2223,2313100,1.098,1101765026.67,1589698248,-96.1537,
300126.SZ,锐奇股份,2020-02-14,5.1724,5.3522,5.1724,5.2423,2608800,1.2384,1105978277.25,1595777400,-96.5214,
300126.SZ,锐奇股份,2020-02-17,5.3422,5.5119,5.2922,5.4919,4613708,2.1901,1158643909.5,1671766800,-101.1177,
300126.SZ,锐奇股份,2020-02-18,5.4919,5.6317,5.452,5.5918,3146909,1.4938,1179710162.4,1702162560,-102.9562,
300126.SZ,锐奇股份,2020-02-19,5.5818,5.6417,5.5219,5.6018,3313700,1.573,1181816787.69,1705202136,-103.14,
300126.SZ,锐奇股份,2020-02-20,5.6317,5.7216,5.5019,5.6917,3526809,1.6742,1200776415.3,1732558320,-104.7947,
300126.SZ,锐奇股份,2020-02-21,5.7016,5.8215,5.6617,5.7616,3730558,1.7709,1215522792.33,1753835352,-106.0816,
300126.SZ,锐奇股份,2020-02-24,5.7116,5.9213,5.7016,5.8714,3683640,1.7486,1238695670.52,1787270688,-108.104,
300126.SZ,锐奇股份,2020-02-25,5.7116,5.9013,5.5618,5.8814,5192707,2.4649,1240802295.81,1790310264,-108.2878,
300126.SZ,锐奇股份,2020-02-26,5.7915,6.141,5.7915,5.8614,5931516,2.8156,1236589045.23,1784231112,-107.9201,
300126.SZ,锐奇股份,2020-02-27,5.8914,6.111,5.8414,6.0112,5785378,2.7463,1268188424.58,1829824752,-110.6779,
300126.SZ,锐奇股份,2020-02-28,5.8215,5.9313,5.5119,5.5818,6650005,3.1567,1177603537.11,1699122984,-102.7723,
300126.SZ,锐奇股份,2020-03-02,5.6317,6.141,5.6218,5.9712,6901028,3.2759,1259761923.42,1817666448,210.4671,
300126.SZ,锐奇股份,2020-03-03,6.0112,6.131,5.8714,6.0411,7138820,3.3887,1274508300.45,1838943480,212.9308,
300126.SZ,锐奇股份,2020-03-04,5.9413,6.1011,5.9013,6.0911,3449209,1.6373,1285041426.9,1854141360,214.6906,
300126.SZ,锐奇股份,2020-03-05,6.141,6.2009,6.0411,6.0711,6293596,2.9875,1280828176.32,1848062208,213.9867,
300126.SZ,锐奇股份,2020-03-06,6.0012,6.2408,5.9812,6.111,5050029,2.3972,1289254677.48,1860220512,215.3945,
300126.SZ,锐奇股份,2020-03-09,6.0012,6.141,5.8614,5.8714,5081400,2.4121,1238695670.52,1787270688,206.9476,
300126.SZ,锐奇股份,2020-03-10,5.9113,6.131,5.6817,6.121,5881000,2.7917,1291361302.77,1863260088,215.7464,
300126.SZ,锐奇股份,2020-03-11,6.121,6.161,5.9712,5.9712,4761700,2.2603,1259761923.42,1817666448,210.4671,
300126.SZ,锐奇股份,2020-03-12,5.8914,5.9712,5.8115,5.9213,3595500,1.7068,1249228796.97,1802468568,208.7074,
300126.SZ,锐奇股份,2020-03-13,5.5918,5.9113,5.5618,5.9013,4312800,2.0473,1245015546.39,1796389416,208.0035,
300126.SZ,锐奇股份,2020-03-16,5.9213,6.0711,5.6317,5.6517,3911900,1.857,1192349914.14,1720400016,199.2047,
300126.SZ,锐奇股份,2020-03-17,5.5519,5.8314,5.4021,5.5918,2722726,1.2925,1179710162.4,1702162560,197.093,
300126.SZ,锐奇股份,2020-03-18,5.5918,5.7316,5.5019,5.5419,2467121,1.1711,1169177035.95,1686964680,195.3332,
300126.SZ,锐奇股份,2020-03-19,5.5019,5.5918,5.3721,5.5219,2935300,1.3934,1164963785.37,1680885528,194.6293,
300126.SZ,锐奇股份,2020-03-20,5.6218,5.7016,5.5219,5.6817,2398740,1.1387,1198669790.01,1729518744,200.2605,
300126.SZ,锐奇股份,2020-03-23,5.6018,5.6417,5.4121,5.462,2737439,1.2994,1152324033.63,1662648072,192.5176,
300126.SZ,锐奇股份,2020-03-24,5.6218,5.7616,5.432,5.7216,2695300,1.2794,1207096291.17,1741677048,201.6684,
300126.SZ,锐奇股份,2020-03-25,5.8414,5.9712,5.7416,5.9313,4891100,2.3218,1251335422.26,1805508144,209.0593,
300126.SZ,锐奇股份,2020-03-26,5.8514,5.8914,5.7016,5.7815,3394701,1.6114,1219736042.91,1759914504,203.7801,
300126.SZ,锐奇股份,2020-03-27,5.8015,6.2608,5.8015,5.9912,11876111,5.6375,1263975174,1823745600,211.1711,
300126.SZ,锐奇股份,2020-03-30,5.8514,5.9113,5.3921,5.4221,9971351,4.7333,1143897532.47,1650489768,191.1098,
300126.SZ,锐奇股份,2020-03-31,5.4221,5.432,5.2523,5.3422,4326950,2.054,1127044530.15,1626173160,188.2942,
300126.SZ,锐奇股份,2020-04-01,5.2922,5.3522,5.1824,5.1924,2402000,1.1402,1095445150.8,1580579520,183.0149,
300126.SZ,锐奇股份,2020-04-02,5.1425,5.3122,5.1425,5.3022,1528900,0.7258,1118618028.99,1614014856,186.8864,
300126.SZ,锐奇股份,2020-04-03,5.3122,5.3821,5.2623,5.3122,1394300,0.6619,1120724654.28,1617054432,187.2383,
300126.SZ,锐奇股份,2020-04-07,5.3422,5.5019,5.3422,5.482,2631483,1.2491,1156537284.21,1668727224,193.2215,
300126.SZ,锐奇股份,2020-04-08,5.432,5.6118,5.432,5.5718,2847900,1.3519,1175496911.82,1696083408,196.3891,
300126.SZ,锐奇股份,2020-04-09,5.6018,5.7016,5.5618,5.6317,2776299,1.3179,1188136663.56,1714320864,198.5008,
300126.SZ,锐奇股份,2020-04-10,5.6118,5.6717,5.432,5.4919,2705953,1.2845,1158643909.5,1671766800,193.5735,
300126.SZ,锐奇股份,2020-04-13,5.5119,5.5119,5.3122,5.3522,2544480,1.2078,1129151155.44,1629212736,188.6461,
300126.SZ,锐奇股份,2020-04-14,5.4021,5.5019,5.3522,5.482,2091980,0.993,1156537284.21,1668727224,193.2215,
300126.SZ,锐奇股份,2020-04-15,5.452,5.5019,5.3621,5.4121,2227700,1.0575,1141790907.18,1647450192,190.7578,
300126.SZ,锐奇股份,2020-04-16,5.442,5.442,5.3022,5.3921,1567700,0.7442,1137577656.6,1641371040,190.0539,
300126.SZ,锐奇股份,2020-04-17,5.4221,5.462,5.3322,5.3921,1934900,0.9185,1137577656.6,1641371040,190.0539,
300126.SZ,锐奇股份,2020-04-20,5.4021,5.472,5.3322,5.432,1821200,0.8645,1146004157.76,1653529344,191.4617,
300126.SZ,锐奇股份,2020-04-21,5.3921,5.7915,5.3621,5.7516,7751702,3.6797,1213416167.04,1750795776,202.7242,
300126.SZ,锐奇股份,2020-04-22,5.6617,5.9313,5.6517,5.8414,6675558,3.1688,1232375794.65,1778151960,205.8918,
300126.SZ,锐奇股份,2020-04-23,5.7915,6.0212,5.7516,5.8814,6182438,2.9348,1240802295.81,1790310264,207.2996,
300126.SZ,锐奇股份,2020-04-24,5.8414,5.9113,5.7616,5.8015,4146897,1.9685,1223949293.49,1765993656,204.484,
300126.SZ,锐奇股份,2020-04-27,5.8015,5.9213,5.6717,5.9213,4047821,1.9215,1249228796.97,1802468568,110.2587,
300126.SZ,锐奇股份,2020-04-28,5.8814,6.131,5.462,6.0112,9397580,4.461,1268188424.58,1829824752,111.9321,
300126.SZ,锐奇股份,2020-04-29,5.9712,6.0511,5.8115,5.9413,5457300,2.5905,1253442047.55,1808547720,110.6306,
300126.SZ,锐奇股份,2020-04-30,5.9113,5.9712,5.8015,5.8514,4092352,1.9426,1234482419.94,1781191536,108.9572,
300126.SZ,锐奇股份,2020-05-06,5.7915,6.0112,5.7016,5.9912,7574930,3.5958,1263975174,1823745600,111.5602,
300126.SZ,锐奇股份,2020-05-07,5.9912,6.0312,5.8814,5.9313,4627800,2.1968,1251335422.26,1805508144,110.4446,
300126.SZ,锐奇股份,2020-05-08,5.8714,5.9912,5.8614,5.9313,3881171,1.8424,1251335422.26,1805508144,110.4446,
300126.SZ,锐奇股份,2020-05-11,5.9712,5.9912,5.8015,5.8414,3530900,1.6761,1232375794.65,1778151960,108.7712,
300126.SZ,锐奇股份,2020-05-12,5.8414,6.2708,5.8015,6.131,9988770,4.7416,1293467928.06,1866299664,114.1633,
300126.SZ,锐奇股份,2020-05-13,6.0711,6.131,6.0012,6.0711,5323701,2.5271,1280828176.32,1848062208,113.0477,
300126.SZ,锐奇股份,2020-05-14,6.0112,6.121,5.9413,5.9712,4026200,1.9112,1259761923.42,1817666448,111.1884,
300126.SZ,锐奇股份,2020-05-15,5.9812,6.0212,5.8115,5.8215,4334400,2.0575,1228162544.07,1772072808,108.3994,
300126.SZ,锐奇股份,2020-05-18,5.8314,5.8414,5.7016,5.7616,3490400,1.6569,1215522792.33,1753835352,107.2838,
300126.SZ,锐奇股份,2020-05-19,5.7915,5.8814,5.7216,5.8514,3196771,1.5175,1234482419.94,1781191536,108.9572,
300126.SZ,锐奇股份,2020-05-20,5.8215,5.8614,5.7516,5.8514,2155894,1.0234,1234482419.94,1781191536,108.9572,
300126.SZ,锐奇股份,2020-05-21,5.8314,6.0611,5.8215,6.0411,6253391,2.9684,1274508300.45,1838943480,112.4899,
300126.SZ,锐奇股份,2020-05-22,6.0411,6.131,5.6118,5.6417,9282200,4.4062,1190243288.85,1717360440,105.0526,
300126.SZ,锐奇股份,2020-05-25,5.5918,5.5918,5.3921,5.432,4571396,2.17,1146004157.76,1653529344,101.1479,
300126.SZ,锐奇股份,2020-05-26,5.482,5.5918,5.432,5.5818,3108895,1.4758,1177603537.11,1699122984,103.937,
300126.SZ,锐奇股份,2020-05-27,5.5419,5.6617,5.5419,5.5718,2484100,1.1792,1175496911.82,1696083408,103.751,
300126.SZ,锐奇股份,2020-05-28,5.5818,5.6317,5.472,5.5718,2118200,1.0055,1175496911.82,1696083408,103.751,
300126.SZ,锐奇股份,2020-05-29,5.5419,5.6417,5.5219,5.5718,1751800,0.8316,1175496911.82,1696083408,103.751,
300126.SZ,锐奇股份,2020-06-01,5.6118,5.7416,5.5718,5.7416,2738000,1.2997,1211309541.75,1747756200,106.9119,
300126.SZ,锐奇股份,2020-06-02,5.7116,6.0411,5.7116,5.9413,8557036,4.062,1253442047.55,1808547720,110.6306,
300126.SZ,锐奇股份,2020-06-03,5.9113,6.5404,5.9013,6.2209,31035576,14.7324,1312427555.67,1893655848,115.8367,
300126.SZ,锐奇股份,2020-06-04,6.131,6.1909,5.9912,6.0411,18676074,8.8654,1274508300.45,1838943480,112.4899,
300126.SZ,锐奇股份,2020-06-05,6.0711,6.0911,5.9113,6.0212,8996636,4.2706,1270295049.87,1832864328,112.118,
300126.SZ,锐奇股份,2020-06-08,6.0711,6.2508,6.0012,6.111,9135600,4.3366,1289254677.48,1860220512,113.7914,
300126.SZ,锐奇股份,2020-06-09,6.0212,6.0711,5.9513,6.0012,4339000,2.0597,1266081799.29,1826785176,111.7462,
300126.SZ,锐奇股份,2020-06-10,6.0112,6.171,5.9413,6.141,6168022,2.9279,1295574553.35,1869339240,114.3493,
300126.SZ,锐奇股份,2020-06-11,6.1011,6.2608,6.0711,6.171,7228922,3.4315,1301894429.22,1878457968,114.9071,
300126.SZ,锐奇股份,2020-06-12,6.0411,6.5804,5.9613,6.3008,15635000,7.4218,1329280557.99,1917972456,117.3242,
300126.SZ,锐奇股份,2020-06-15,6.2309,6.7102,6.2309,6.4605,14179200,6.7308,1362986562.63,1966605672,120.2991,
300126.SZ,锐奇股份,2020-06-16,6.4605,6.4805,6.3407,6.4505,8202099,3.8935,1360879937.34,1963566096,120.1132,
300126.SZ,锐奇股份,2020-06-17,6.3906,6.5005,6.2209,6.4505,8486119,4.0283,1360879937.34,1963566096,120.1132,
300126.SZ,锐奇股份,2020-06-18,6.4605,6.4805,6.2608,6.3407,4786400,2.2721,1337707059.15,1930130760,118.0679,
300126.SZ,锐奇股份,2020-06-19,6.3008,6.4306,6.2408,6.3707,6708336,3.1844,1344026935.02,1939249488,118.6257,
300126.SZ,锐奇股份,2020-06-22,6.3407,6.4505,6.2808,6.3307,4828000,2.2918,1335600433.86,1927091184,117.882,
300126.SZ,锐奇股份,2020-06-23,6.3307,6.4006,6.1809,6.3507,5969400,2.8336,1339813684.44,1933170336,118.2539,
300126.SZ,锐奇股份,2020-06-24,6.3407,6.3707,6.171,6.1909,4980751,2.3643,1306107679.8,1884537120,115.2789,
300126.SZ,锐奇股份,2020-06-29,6.1809,6.3307,6.0811,6.2408,5250200,2.4922,1316640806.25,1899735000,116.2086,
300126.SZ,锐奇股份,2020-06-30,6.2708,6.3307,6.1809,6.2808,4228800,2.0074,1325067307.41,1911893304,116.9523,
300126.SZ,锐奇股份,2020-07-01,6.2908,6.5604,6.2808,6.3207,9884436,4.6921,1333493808.57,1924051608,117.6961,
300126.SZ,锐奇股份,2020-07-02,6.3207,6.81,6.2209,6.6403,15489421,7.3527,1400905817.85,2021318040,123.6459,
300126.SZ,锐奇股份,2020-07-03,6.6003,6.7002,6.5005,6.5804,9004349,4.2743,1388266066.11,2003080584,122.5303,
300126.SZ,锐奇股份,2020-07-06,6.6003,7.1595,6.5704,7.0297,13070704,6.2046,1483064204.16,2139861504,130.8974,
300126.SZ,锐奇股份,2020-07-07,7.0097,7.3193,6.8999,7.0696,11574431,5.4943,1491490705.32,2152019808,131.6411,
300126.SZ,锐奇股份,2020-07-08,7.0696,7.2594,7.0097,7.1795,6185100,2.936,1514663583.51,2185455144,133.6864,
300126.SZ,锐奇股份,2020-07-09,7.1595,7.3093,7.0397,7.1595,9460000,4.4906,1510450332.93,2179375992,133.3145,
300126.SZ,锐奇股份,2020-07-10,7.1196,7.2494,6.9598,6.9898,7300120,3.4653,1474637703,2127703200,130.1536,
300126.SZ,锐奇股份,2020-07-13,7.0397,7.1695,7.0297,7.0896,7928700,3.7637,1495703955.9,2158098960,132.013,
300126.SZ,锐奇股份,2020-07-14,7.0996,7.4191,7.0596,7.2793,11956704,5.6758,1535729836.41,2215850904,135.5457,
300126.SZ,锐奇股份,2020-07-15,7.2993,7.3293,6.7801,6.82,10509700,4.9889,1438825073.07,2076030408,126.9927,
300126.SZ,锐奇股份,2020-07-16,6.83,6.95,6.5,6.53,7298900,3.4647,1375626314.37,1984843128,121.4147,
300126.SZ,锐奇股份,2020-07-17,6.6,6.77,6.36,6.46,5751700,2.7303,1360879937.34,1963566096,120.1132,
300126.SZ,锐奇股份,2020-07-20,6.48,6.73,6.48,6.68,5674400,2.6936,1407225693.72,2030436768,124.2037,
300126.SZ,锐奇股份,2020-07-21,6.71,6.75,6.62,6.68,3595002,1.7065,1407225693.72,2030436768,124.2037,
300126.SZ,锐奇股份,2020-07-22,6.66,6.76,6.61,6.63,4464667,2.1193,1396692567.27,2015238888,123.2741,
300126.SZ,锐奇股份,2020-07-23,6.64,6.64,6.35,6.54,4238000,2.0117,1377732939.66,1987882704,121.6007,
300126.SZ,锐奇股份,2020-07-24,6.57,6.68,6.24,6.29,5105900,2.4237,1325067307.41,1911893304,116.9523,
300126.SZ,锐奇股份,2020-07-27,6.29,6.41,6.12,6.34,3818102,1.8124,1335600433.86,1927091184,117.882,
300126.SZ,锐奇股份,2020-07-28,6.37,6.52,6.34,6.43,3293267,1.5633,1354560061.47,1954447368,119.5554,
300126.SZ,锐奇股份,2020-07-29,6.43,6.53,6.36,6.53,2906600,1.3797,1375626314.37,1984843128,121.4147,
300126.SZ,锐奇股份,2020-07-30,6.53,6.59,6.46,6.49,3107400,1.4751,1367199813.21,1972684824,120.671,
300126.SZ,锐奇股份,2020-07-31,6.49,6.6,6.41,6.59,3557409,1.6887,1388266066.11,2003080584,122.5303,
300126.SZ,锐奇股份,2020-08-03,6.59,6.81,6.59,6.75,3984276,1.8913,1421972070.75,2051713800,125.5053,
300126.SZ,锐奇股份,2020-08-04,6.73,6.8,6.63,6.65,3384700,1.6067,1400905817.85,2021318040,123.6459,
300126.SZ,锐奇股份,2020-08-05,6.65,6.77,6.55,6.71,3786400,1.7974,1413545569.59,2039555496,124.7615,
300126.SZ,锐奇股份,2020-08-06,6.71,6.76,6.48,6.64,3864510,1.8345,1398799192.56,2018278464,123.46,
300126.SZ,锐奇股份,2020-08-07,6.66,6.67,6.32,6.46,3755700,1.7828,1360879937.34,1963566096,120.1132,
300126.SZ,锐奇股份,2020-08-10,6.5,6.7,6.45,6.6,4559204,2.1642,1390372691.4,2006120160,122.7163,
300126.SZ,锐奇股份,2020-08-11,6.57,6.7,6.38,6.4,4131800,1.9613,1348240185.6,1945328640,118.9976,
300126.SZ,锐奇股份,2020-08-12,6.42,6.44,6.14,6.29,3504219,1.6634,1325067307.41,1911893304,116.9523,
300126.SZ,锐奇股份,2020-08-13,6.29,6.43,6.29,6.34,2856010,1.3557,1335600433.86,1927091184,117.882,
300126.SZ,锐奇股份,2020-08-14,6.35,6.46,6.32,6.4,2622990,1.2451,1348240185.6,1945328640,118.9976,
300126.SZ,锐奇股份,2020-08-17,6.4,6.63,6.4,6.6,4743306,2.2516,1390372691.4,2006120160,122.7163,
300126.SZ,锐奇股份,2020-08-18,6.61,6.62,6.53,6.57,2656000,1.2608,1384052815.53,1997001432,122.1585,
300126.SZ,锐奇股份,2020-08-19,6.54,6.58,6.41,6.44,3920000,1.8608,1356666686.76,1957486944,119.7413,
300126.SZ,锐奇股份,2020-08-20,6.42,6.51,6.3,6.48,3725000,1.7682,1365093187.92,1969645248,120.4851,
300126.SZ,锐奇股份,2020-08-21,6.5,6.6,6.35,6.38,4896385,2.3243,1344026935.02,1939249488,118.6257,
300126.SZ,锐奇股份,2020-08-24,6.36,6.63,6.25,6.62,5524052,2.6222,1394585941.98,2012199312,123.0881,
300126.SZ,锐奇股份,2020-08-25,6.61,6.85,6.57,6.78,9483335,4.5017,1428291946.62,2060832528,126.0631,
300126.SZ,锐奇股份,2020-08-26,6.93,7.06,6.6,6.66,12874199,6.1113,1403012443.14,2024357616,88.2092,
300126.SZ,锐奇股份,2020-08-27,6.59,7.26,6.59,7.24,18718325,8.8855,1525196709.96,2200653024,95.8911,
300126.SZ,锐奇股份,2020-08-28,7.13,7.98,7.04,7.58,27311861,12.9647,1596821969.82,2303998608,100.3943,
300126.SZ,锐奇股份,2020-08-31,7.51,7.87,7.33,7.5,18548440,8.8048,1579968967.5,2279682000,99.3347,
300126.SZ,锐奇股份,2020-09-01,7.45,7.8,7.33,7.75,14519900,6.8925,1632634599.75,2355671400,102.6458,
300126.SZ,锐奇股份,2020-09-02,7.73,8.38,7.52,7.96,23987205,11.3866,1676873730.84,2419502496,105.4272,
300126.SZ,锐奇股份,2020-09-03,7.96,7.97,7.4,7.53,16199735,7.6899,1586288843.37,2288800728,99.732,
300126.SZ,锐奇股份,2020-09-04,7.37,8.12,7.31,8.07,16325779,7.7497,1700046609.03,2452937832,106.8841,
300126.SZ,锐奇股份,2020-09-07,8.14,8.83,8.01,8.24,24075956,11.4287,1735859238.96,2504610624,109.1357,
300126.SZ,锐奇股份,2020-09-08,8.2,8.75,8.11,8.75,20632077,9.7939,1843297128.75,2659629000,115.8905,
300126.SZ,锐奇股份,2020-09-09,8.54,9.09,7.68,7.85,29181481,13.8522,1653700852.65,2386067160,103.9703,
300126.SZ,锐奇股份,2020-09-10,7.71,7.81,6.61,6.78,21677203,10.29,1428291946.62,2060832528,89.7986,
300126.SZ,锐奇股份,2020-09-11,6.74,7.7,6.7,7.21,21052993,9.9937,1518876834.09,2191534296,95.4938,
300126.SZ,锐奇股份,2020-09-14,7.45,7.87,7.29,7.77,16204100,7.692,1636847850.33,2361750552,102.9107,
300126.SZ,锐奇股份,2020-09-15,7.78,7.94,7.52,7.6,13494400,6.4057,1601035220.4,2310077760,100.6591,
300126.SZ,锐奇股份,2020-09-16,7.61,7.74,7.3,7.47,10420500,4.9465,1573649091.63,2270563272,98.9373,
300126.SZ,锐奇股份,2020-09-17,7.44,7.74,7.37,7.7,12487500,5.9277,1622101473.3,2340473520,101.9836,
300126.SZ,锐奇股份,2020-09-18,7.66,7.66,7.39,7.56,10944190,5.1951,1592608719.24,2297919456,100.1294,
300126.SZ,锐奇股份,2020-09-21,7.5,7.66,7.42,7.48,6915200,3.2826,1575755716.92,2273602848,99.0698,
300126.SZ,锐奇股份,2020-09-22,7.37,7.51,7.25,7.33,7539900,3.5791,1544156337.57,2228009208,97.0831,
300126.SZ,锐奇股份,2020-09-23,7.37,7.64,7.31,7.53,7387709,3.5069,1586288843.37,2288800728,99.732,
300126.SZ,锐奇股份,2020-09-24,7.44,7.47,7.11,7.12,7468200,3.5451,1499917206.48,2164178112,94.3017,
300126.SZ,锐奇股份,2020-09-25,7.22,7.41,7.08,7.13,5636700,2.6757,1502023831.77,2167217688,94.4342,
300126.SZ,锐奇股份,2020-09-28,7.12,7.18,6.97,7.03,3396500,1.6123,1480957578.87,2136821928,93.1097,
300126.SZ,锐奇股份,2020-09-29,7.09,7.28,7.04,7.18,3597600,1.7078,1512556958.22,2182415568,95.0964,
300126.SZ,锐奇股份,2020-09-30,7.18,7.33,7.11,7.27,4548794,2.1593,1531516585.83,2209771752,96.2884,
300126.SZ,锐奇股份,2020-10-09,7.39,7.73,7.29,7.65,6432800,3.0536,1611568346.85,2325275640,101.3214,
300126.SZ,锐奇股份,2020-10-12,7.66,7.99,7.65,7.99,7693852,3.6522,1683193606.71,2428621224,105.8246,
300126.SZ,锐奇股份,2020-10-13,7.95,8.22,7.88,8.14,9220648,4.377,1714792986.06,2474214864,107.8112,
300126.SZ,锐奇股份,2020-10-14,8.11,8.24,8.03,8.19,8208700,3.8966,1725326112.51,2489412744,108.4735,
300126.SZ,锐奇股份,2020-10-15,8.15,8.48,8.06,8.48,10947665,5.1968,1786418245.92,2577560448,112.3144,
300126.SZ,锐奇股份,2020-10-16,8.36,8.45,8,8.22,8285966,3.9333,1731645988.38,2498531472,108.8708,
300126.SZ,锐奇股份,2020-10-19,8.3,8.45,8.14,8.17,5662646,2.688,1721112861.93,2483333592,108.2086,
300126.SZ,锐奇股份,2020-10-20,8.24,8.44,8.11,8.39,6397420,3.0368,1767458618.31,2550204264,111.1224,
300126.SZ,锐奇股份,2020-10-21,8.44,8.44,8.15,8.21,5646100,2.6802,1729539363.09,2495491896,108.7384,
300126.SZ,锐奇股份,2020-10-22,8.24,8.25,8.01,8.12,5463201,2.5933,1710579735.48,2468135712,107.5464,
300126.SZ,锐奇股份,2020-10-23,8.1,8.32,7.88,7.92,6338100,3.0087,1668447229.68,2407344192,104.8974,
300126.SZ,锐奇股份,2020-10-26,7.9,8.95,7.87,8.87,17967600,8.5291,1868576632.23,2696103912,117.4798,
300126.SZ,锐奇股份,2020-10-27,8.75,8.79,8.38,8.51,12190600,5.7868,1792738121.79,2586679176,112.7118,
300126.SZ,锐奇股份,2020-10-28,8.55,8.64,8.13,8.56,8674761,4.1178,1803271248.24,2601877056,114.4326,
300126.SZ,锐奇股份,2020-10-29,8.39,8.92,8.2,8.85,14447949,6.8583,1864363381.65,2690024760,118.3094,
300126.SZ,锐奇股份,2020-10-30,8.93,9.07,8.05,8.13,15588141,7.3996,1712686360.77,2471175288,108.6842,
300126.SZ,锐奇股份,2020-11-02,8.08,8.74,8.02,8.59,13034332,6.1873,1809591124.11,2610995784,114.8336,
300126.SZ,锐奇股份,2020-11-03,8.71,10.31,8.71,10.31,18030700,8.559,2171930673.99,3133802856,137.8271,
300126.SZ,锐奇股份,2020-11-04,11.98,12.37,11.61,12.37,49205553,23.3575,2605895483.73,3759955512,165.3658,
300126.SZ,锐奇股份,2020-11-05,11.88,14.84,11.66,14.84,89485184,42.478,3126231930.36,4510730784,198.3854,
300126.SZ,锐奇股份,2020-11-06,15.05,15.4,12.71,13.19,80926226,38.4151,2778638757.51,4009200744,176.3278,
300126.SZ,锐奇股份,2020-11-09,12.82,13.8,12.4,12.75,64900260,30.8077,2685947244.75,3875459400,170.4457,
300126.SZ,锐奇股份,2020-11-10,12.3,12.5,11.17,11.46,60528243,28.7323,2414192582.34,3483354096,153.2006,
300126.SZ,锐奇股份,2020-11-11,11.3,11.32,10.55,10.67,40875246,19.4032,2247769184.43,3243227592,142.6397,
300126.SZ,锐奇股份,2020-11-12,10.7,10.91,10.38,10.83,30255110,14.3619,2281475189.07,3291860808,144.7786,
300126.SZ,锐奇股份,2020-11-13,10.8,10.83,10.21,10.36,26893354,12.7661,2182463800.44,3149000736,138.4955,
300126.SZ,锐奇股份,2020-11-16,10.36,10.47,10.12,10.27,20928180,9.9345,2163504172.83,3121644552,137.2923,
300126.SZ,锐奇股份,2020-11-17,10.31,11.11,10.02,10.99,44002129,20.8875,2315181193.71,3340494024,146.9175,
300126.SZ,锐奇股份,2020-11-18,10.99,12.47,10.78,11.38,65768199,31.2197,2397339580.02,3459037488,152.1311,
300126.SZ,锐奇股份,2020-11-19,11.18,12.36,10.79,11.99,53368376,25.3336,2525843722.71,3644451624,160.2858,
300126.SZ,锐奇股份,2020-11-20,11.52,11.9,11.21,11.44,35797769,16.9929,2409979331.76,3477274944,152.9332,
300126.SZ,锐奇股份,2020-11-23,11.18,11.2,10.48,10.63,33252458,15.7847,2239342683.27,3231069288,142.1049,
300126.SZ,锐奇股份,2020-11-24,10.5,10.68,10.17,10.28,24710299,11.7298,2165610798.12,3124684128,137.426,
300126.SZ,锐奇股份,2020-11-25,10.22,10.4,9.63,9.71,28460757,13.5101,2045533156.59,2951428296,129.8061,
300126.SZ,锐奇股份,2020-11-26,9.63,9.75,9.42,9.73,19974300,9.4817,2049746407.17,2957507448,130.0735,
300126.SZ,锐奇股份,2020-11-27,9.72,9.72,9.28,9.39,16964900,8.0531,1978121147.31,2854161864,125.5283,
300126.SZ,锐奇股份,2020-11-30,9.46,9.58,9.31,9.45,14064448,6.6763,1990760899.05,2872399320,126.3303,
300126.SZ,锐奇股份,2020-12-01,9.46,10.05,9.41,10.04,27414281,13.0134,2115051791.16,3051734304,134.2176,
300126.SZ,锐奇股份,2020-12-02,10,10.02,9.62,9.73,18697646,8.8756,2049746407.17,2957507448,130.0735,
300126.SZ,锐奇股份,2020-12-03,9.69,9.88,9.4,9.85,16516570,7.8403,2075025910.65,2993982360,131.6777,
300126.SZ,锐奇股份,2020-12-04,9.75,9.8,9.35,9.36,15850835,7.5243,1971801271.44,2845043136,125.1272,
300126.SZ,锐奇股份,2020-12-07,9.42,9.62,9.31,9.54,10871006,5.1604,2009720526.66,2899755504,127.5335,
300126.SZ,锐奇股份,2020-12-08,9.5,9.85,9.3,9.75,17454190,8.2854,2053959657.75,2963586600,130.3408,
300126.SZ,锐奇股份,2020-12-09,9.74,9.74,9.02,9.16,18685622,8.8699,1929668765.64,2784251616,122.4535,
300126.SZ,锐奇股份,2020-12-10,9.28,9.88,9.16,9.38,15503780,7.3595,1976014522.02,2851122288,125.3946,
300126.SZ,锐奇股份,2020-12-11,9.43,9.5,8.83,8.96,17036400,8.0871,1887536259.84,2723460096,119.7799,
300126.SZ,锐奇股份,2020-12-14,8.88,9.11,8.69,8.86,13270964,6.2996,1866470006.94,2693064336,118.4431,
300126.SZ,锐奇股份,2020-12-15,8.85,8.94,8.6,8.76,10900573,5.1744,1845403754.04,2662668576,117.1062,
300126.SZ,锐奇股份,2020-12-16,8.78,8.84,8.42,8.44,12954226,6.1493,1777991744.76,2565402144,112.8284,
300126.SZ,锐奇股份,2020-12-17,8.48,8.84,8.23,8.7,17814500,8.4564,1832764002.3,2644431120,116.3041,
300126.SZ,锐奇股份,2020-12-18,9,9.05,8.56,8.59,14084501,6.6858,1809591124.11,2610995784,114.8336,
300126.SZ,锐奇股份,2020-12-21,8.59,8.69,8.41,8.44,12210200,5.7961,1777991744.76,2565402144,112.8284,
300126.SZ,锐奇股份,2020-12-22,8.45,8.51,8.09,8.13,11591900,5.5026,1712686360.77,2471175288,108.6842,
300126.SZ,锐奇股份,2020-12-23,8.16,8.35,8.1,8.21,9363792,4.4449,1729539363.09,2495491896,109.7537,
300126.SZ,锐奇股份,2020-12-24,8.21,8.3,7.89,7.89,10655400,5.058,1662127353.81,2398225464,105.4758,
300126.SZ,锐奇股份,2020-12-25,7.99,8.26,7.84,7.97,9549300,4.533,1678980356.13,2422542072,106.5453,
300126.SZ,锐奇股份,2020-12-28,8.06,8.08,7.64,7.72,9123100,4.3307,1626314723.88,2346552672,103.2032,
300126.SZ,锐奇股份,2020-12-29,7.77,7.99,7.61,7.67,8464580,4.0181,1615781597.43,2331354792,102.5348,
300126.SZ,锐奇股份,2020-12-30,7.68,7.78,7.56,7.58,6337200,3.0082,1596821969.82,2303998608,101.3316,
300126.SZ,锐奇股份,2020-12-31,7.58,7.85,7.56,7.68,7455000,3.5388,1617888222.72,2334394368,102.6685,
300126.SZ,锐奇股份,2021-01-04,7.66,7.91,7.65,7.89,9526326,4.5221,1662127353.81,2398225464,105.4758,
300126.SZ,锐奇股份,2021-01-05,7.87,7.95,7.57,7.66,10157801,4.8218,1613674972.14,2328315216,102.4011,
300126.SZ,锐奇股份,2021-01-06,7.61,7.64,7.17,7.21,12167200,5.7757,1518876834.09,2191534296,96.3854,
300126.SZ,锐奇股份,2021-01-07,7.24,7.25,6.67,6.76,15519189,7.3668,1424078696.04,2054753376,90.3696,
300126.SZ,锐奇股份,2021-01-08,6.74,6.87,6.43,6.64,12106225,5.7467,1398799192.56,2018278464,88.7654,
300126.SZ,锐奇股份,2021-01-11,6.67,6.7,6.34,6.42,10192394,4.8383,1352453436.18,1951407792,85.8244,
300126.SZ,锐奇股份,2021-01-12,6.41,6.64,6.24,6.29,9401492,4.4628,1325067307.41,1911893304,84.0865,
300126.SZ,锐奇股份,2021-01-13,6.33,6.45,6.12,6.19,8540900,4.0543,1304001054.51,1881497544,82.7497,
300126.SZ,锐奇股份,2021-01-14,6.15,6.33,6.01,6.24,9744820,4.6258,1314534180.96,1896695424,83.4181,
300126.SZ,锐奇股份,2021-01-15,6.23,6.62,6.17,6.59,13675968,6.4919,1388266066.11,2003080584,88.097,
300126.SZ,锐奇股份,2021-01-18,6.49,7.15,6.46,6.96,17033000,8.0854,1466211201.84,2115544896,93.0433,
300126.SZ,锐奇股份,2021-01-19,6.9,7.39,6.82,7.27,15969900,7.5808,1531516585.83,2209771752,97.1875,
300126.SZ,锐奇股份,2021-01-20,7.26,7.31,7,7.21,10773800,5.1142,1518876834.09,2191534296,96.3854,
300126.SZ,锐奇股份,2021-01-21,7.17,7.63,7.15,7.28,12582800,5.973,1533623211.12,2212811328,97.3212,
300126.SZ,锐奇股份,2021-01-22,7.32,7.42,7.18,7.26,8993000,4.2689,1529409960.54,2206732176,97.0538,
300126.SZ,锐奇股份,2021-01-25,7.19,7.19,6.9,6.91,10216992,4.8499,1455678075.39,2100347016,92.3749,
300126.SZ,锐奇股份,2021-01-26,6.97,7.23,6.84,6.9,7073900,3.3579,1453571450.1,2097307440,92.2412,
300126.SZ,锐奇股份,2021-01-27,6.96,6.97,6.6,6.73,8696780,4.1283,1417758820.17,2045634648,89.9686,
300126.SZ,锐奇股份,2021-01-28,6.8,6.87,6.63,6.7,7319855,3.4747,1411438944.3,2036515920,89.5676,
300126.SZ,锐奇股份,2021-01-29,6.69,6.74,6.3,6.39,6725955,3.1928,1346133560.31,1942289064,85.4234,
300126.SZ,锐奇股份,2021-02-01,6.45,6.57,6.24,6.35,5512000,2.6165,1337707059.15,1930130760,84.8886,
300126.SZ,锐奇股份,2021-02-02,6.25,6.49,6.19,6.31,4669855,2.2167,1329280557.99,1917972456,84.3539,
300126.SZ,锐奇股份,2021-02-03,6.3,6.3,6.06,6.11,4941000,2.3455,1287148052.19,1857180936,81.6803,
300126.SZ,锐奇股份,2021-02-04,6.1,6.13,5.74,5.81,7790800,3.6982,1223949293.49,1765993656,77.6698,
300126.SZ,锐奇股份,2021-02-05,5.81,5.95,5.64,5.67,7440820,3.5321,1194456539.43,1723439592,75.7982,
300126.SZ,锐奇股份,2021-02-08,5.75,5.76,5.51,5.6,4803300,2.2801,1179710162.4,1702162560,74.8624,
300126.SZ,锐奇股份,2021-02-09,5.54,5.86,5.46,5.81,9853400,4.6773,1223949293.49,1765993656,77.6698,
300126.SZ,锐奇股份,2021-02-10,5.8,5.9,5.68,5.84,6864500,3.2585,1230269169.36,1775112384,78.0708,
300126.SZ,锐奇股份,2021-02-18,5.89,6.15,5.89,6.01,7166620,3.4019,1266081799.29,1826785176,80.3434,
300126.SZ,锐奇股份,2021-02-19,6.02,6.35,6,6.33,7171985,3.4045,1333493808.57,1924051608,84.6213,
300126.SZ,锐奇股份,2021-02-22,6.3,6.61,6.3,6.34,8911800,4.2304,1335600433.86,1927091184,84.755,
300126.SZ,锐奇股份,2021-02-23,6.41,6.51,6.17,6.2,8403801,3.9892,1306107679.8,1884537120,82.8834,
300126.SZ,锐奇股份,2021-02-24,6.25,6.61,6.21,6.61,12578500,5.9709,1392479316.69,2009159736,88.3644,
300126.SZ,锐奇股份,2021-02-25,6.76,6.83,6.31,6.79,22255931,10.5647,1430398571.91,2063872104,90.7707,
300126.SZ,锐奇股份,2021-02-26,6.9,7.32,6.57,6.64,26624202,12.6383,1398799192.56,2018278464,183.5943,
300126.SZ,锐奇股份,2021-03-01,6.38,6.63,6.36,6.61,16654525,7.9058,1392479316.69,2009159736,182.7648,
300126.SZ,锐奇股份,2021-03-02,6.59,6.63,6.37,6.42,11699300,5.5536,1352453436.18,1951407792,177.5113,
300126.SZ,锐奇股份,2021-03-03,6.36,6.5,6.31,6.44,7961202,3.7791,1356666686.76,1957486944,178.0643,
300126.SZ,锐奇股份,2021-03-04,6.38,6.57,6.37,6.4,10398902,4.9363,1348240185.6,1945328640,176.9583,
300126.SZ,锐奇股份,2021-03-05,6.44,6.84,6.37,6.79,18128622,8.6055,1430398571.91,2063872104,187.7417,
300126.SZ,锐奇股份,2021-03-08,6.85,6.88,6.55,6.56,10575420,5.0201,1381946190.24,1993961856,181.3823,
300126.SZ,锐奇股份,2021-03-09,6.56,6.61,6.24,6.24,12747400,6.0511,1314534180.96,1896695424,172.5344,
300126.SZ,锐奇股份,2021-03-10,6.32,6.35,5.98,6.03,9386600,4.4558,1270295049.87,1832864328,166.7279,
300126.SZ,锐奇股份,2021-03-11,6.06,6.39,5.9,6.35,10607700,5.0354,1337707059.15,1930130760,175.5758,
300126.SZ,锐奇股份,2021-03-12,6.36,6.45,6.22,6.26,6360500,3.0193,1318747431.54,1902774576,173.0874,
