´úÂë,¼ò³Æ,ÈÕÆÚ,¿ªÅÌ¼Û(Ôª),×î¸ß¼Û(Ôª),×îµÍ¼Û(Ôª),ÊÕÅÌ¼Û(Ôª),³É½»Á¿(¹É),»»ÊÖÂÊ(%),A¹ÉÁ÷Í¨ÊÐÖµ(Ôª),×ÜÊÐÖµ(Ôª),ÊÐÓ¯ÂÊ,
300629.SZ,ÐÂ¾¢¸Õ,2017-03-24,6.6079,7.9241,6.6079,7.9241,4200,0.0252,198667064,794667064,29.6346,
300629.SZ,ÐÂ¾¢¸Õ,2017-03-27,8.7152,8.7152,8.7152,8.7152,3300,0.0198,218500437,874000437,32.593,
300629.SZ,ÐÂ¾¢¸Õ,2017-03-28,9.586,9.586,9.586,9.586,600,0.0036,240333814,961333814,35.8499,
300629.SZ,ÐÂ¾¢¸Õ,2017-03-29,10.5433,10.5433,10.5433,10.5433,1000,0.006,264333862,1057333862,39.4299,
300629.SZ,ÐÂ¾¢¸Õ,2017-03-30,11.6003,11.6003,11.6003,11.6003,2100,0.0126,290833915,1163333915,43.3828,
300629.SZ,ÐÂ¾¢¸Õ,2017-03-31,12.7637,12.7637,12.7637,12.7637,4000,0.024,320000640,1280000640,47.7335,
300629.SZ,ÐÂ¾¢¸Õ,2017-04-05,14.04,14.04,14.04,14.04,5800,0.0348,352000704,1408000704,52.5069,
300629.SZ,ÐÂ¾¢¸Õ,2017-04-06,15.4427,15.4427,15.4427,15.4427,3600,0.0216,387167441,1548667441,57.7526,
300629.SZ,ÐÂ¾¢¸Õ,2017-04-07,16.985,16.985,16.985,16.985,4800,0.0288,425834185,1703334185,63.5204,
300629.SZ,ÐÂ¾¢¸Õ,2017-04-10,18.6868,18.6868,18.6868,18.6868,8000,0.048,468500937,1874000937,69.8849,
300629.SZ,ÐÂ¾¢¸Õ,2017-04-11,20.5548,20.5548,20.5548,20.5548,24932,0.1496,515334364,2061334364,76.8709,
300629.SZ,ÐÂ¾¢¸Õ,2017-04-12,22.609,22.609,22.609,22.609,31700,0.1902,566834467,2267334467,84.553,
300629.SZ,ÐÂ¾¢¸Õ,2017-04-13,24.8692,24.8692,24.8692,24.8692,50500,0.303,623501247,2494001247,93.0058,
300629.SZ,ÐÂ¾¢¸Õ,2017-04-14,27.3554,27.3554,27.3554,27.3554,89600,0.5376,685834705,2743334705,102.3039,
300629.SZ,ÐÂ¾¢¸Õ,2017-04-17,30.0943,30.0943,29.25,30.0943,7489736,44.9383,754501509,3018001509,112.5467,
300629.SZ,ÐÂ¾¢¸Õ,2017-04-18,31.6499,33.1057,31.6499,33.1057,4755511,28.533,830001660,3320001660,123.8088,
300629.SZ,ÐÂ¾¢¸Õ,2017-04-19,36.4163,36.4163,36.4163,36.4163,482552,2.8953,913001826,3652001826,136.1897,
300629.SZ,ÐÂ¾¢¸Õ,2017-04-20,36.4163,36.4163,32.7734,32.7734,9137180,54.823,821668310,3286668310,122.5658,
300629.SZ,ÐÂ¾¢¸Õ,2017-04-21,31.3973,36.0507,31.2377,33.704,9828408,58.9703,845001690,3380001690,123.7298,
300629.SZ,ÐÂ¾¢¸Õ,2017-04-24,32.3545,35.0535,32.3545,33.2387,6231636,37.3897,833335000,3333335000,122.0215,
300629.SZ,ÐÂ¾¢¸Õ,2017-04-25,33.7705,36.5626,33.6043,36.5626,2564369,15.3862,916668500,3666668500,134.2236,
300629.SZ,ÐÂ¾¢¸Õ,2017-04-26,37.5597,40.2188,37.5597,40.2055,8362305,50.1737,1008002016,4032002016,147.5972,
300629.SZ,ÐÂ¾¢¸Õ,2017-04-27,38.9557,43.6025,38.2444,41.5816,8305481,49.8328,1042502085,4170002085,152.6489,
300629.SZ,ÐÂ¾¢¸Õ,2017-04-28,40.8836,41.6414,38.6234,39.2682,6249629,37.4977,984501969,3938001969,144.1562,
300629.SZ,ÐÂ¾¢¸Õ,2017-05-02,38.3907,41.216,38.2245,41.216,6284602,37.7075,1033335400,4133335400,151.3066,
300629.SZ,ÐÂ¾¢¸Õ,2017-05-03,41.8076,44.3936,40.0726,41.2093,8028634,48.1717,1033168733,4132668733,151.2822,
300629.SZ,ÐÂ¾¢¸Õ,2017-05-04,39.1219,40.5512,37.0877,38.0384,7067664,42.4059,953668574,3814668574,139.6414,
300629.SZ,ÐÂ¾¢¸Õ,2017-05-05,37.8921,38.0384,34.2359,34.2359,5975636,35.8537,858335050,3433335050,125.6821,
300629.SZ,ÐÂ¾¢¸Õ,2017-05-08,33.7705,35.0934,33.2453,34.5749,4336201,26.0172,866835067,3467335067,126.9267,
300629.SZ,ÐÂ¾¢¸Õ,2017-05-09,34.0364,35.705,32.9861,35.1532,3748884,22.4933,881335096,3525335096,129.0499,
300629.SZ,ÐÂ¾¢¸Õ,2017-05-10,34.7012,35.6186,32.1751,32.1751,4489340,26.936,806668280,3226668280,118.1168,
300629.SZ,ÐÂ¾¢¸Õ,2017-05-11,31.2776,35.3128,31.2776,34.3688,4698081,28.1884,861668390,3446668390,126.1702,
300629.SZ,ÐÂ¾¢¸Õ,2017-05-12,33.9035,35.1998,32.7202,34.9073,5137160,30.8229,875168417,3500668417,128.147,
300629.SZ,ÐÂ¾¢¸Õ,2017-05-15,35.1532,36.4296,33.9035,34.4353,5054409,30.3264,863335060,3453335060,126.4143,
300629.SZ,ÐÂ¾¢¸Õ,2017-05-16,33.3716,35.5654,32.5739,35.4457,4510893,27.0653,888668444,3554668444,130.1237,
300629.SZ,ÐÂ¾¢¸Õ,2017-05-17,34.9006,38.9557,34.9006,37.6927,6860164,41.1609,945001890,3780001890,138.3724,
300629.SZ,ÐÂ¾¢¸Õ,2017-05-18,36.4296,37.4799,35.5654,35.7715,4525834,27.1549,896835127,3587335127,131.3195,
300629.SZ,ÐÂ¾¢¸Õ,2017-05-19,35.2663,37.573,34.5882,35.0868,4033708,24.2022,879668426,3518668426,128.8059,
300629.SZ,ÐÂ¾¢¸Õ,2017-05-22,34.8408,35.4324,31.6499,31.8094,3822893,22.9373,797501595,3190001595,116.7746,
300629.SZ,ÐÂ¾¢¸Õ,2017-05-23,31.251,32.3479,29.1969,29.8616,3030808,18.1848,748668164,2994668164,109.6241,
300629.SZ,ÐÂ¾¢¸Õ,2017-05-24,29.5824,30.8787,29.3165,30.4998,1956600,11.7396,764668196,3058668196,111.9669,
300629.SZ,ÐÂ¾¢¸Õ,2017-05-25,30.4267,30.7724,28.6518,29.6223,2449923,14.6995,742668152,2970668152,108.7455,
300629.SZ,ÐÂ¾¢¸Õ,2017-05-26,29.6157,30.7192,29.4495,29.9215,2375300,14.2518,750168167,3000668167,109.8437,
300629.SZ,ÐÂ¾¢¸Õ,2017-05-31,30.9053,31.8826,29.5359,29.7819,2842900,17.0574,746668160,2986668160,109.3312,
300629.SZ,ÐÂ¾¢¸Õ,2017-06-01,29.0772,29.5027,26.8037,26.8037,2840450,17.0427,672001344,2688001344,98.3981,
300629.SZ,ÐÂ¾¢¸Õ,2017-06-02,26.591,27.7344,25.9328,27.5216,1800400,10.8024,690001380,2760001380,101.0338,
300629.SZ,ÐÂ¾¢¸Õ,2017-06-05,27.9737,28.8844,27.7144,27.9006,2052610,12.3156,699501399,2798001399,102.4248,
300629.SZ,ÐÂ¾¢¸Õ,2017-06-06,27.5881,28.4124,27.5083,27.9936,1242310,7.4538,701834737,2807334737,102.7665,
300629.SZ,ÐÂ¾¢¸Õ,2017-06-07,27.9737,29.7486,27.9271,29.5625,2291410,13.7484,741168149,2964668149,108.5259,
300629.SZ,ÐÂ¾¢¸Õ,2017-06-08,29.2899,29.8483,28.5188,28.7581,2152400,12.9144,721001442,2884001442,105.573,
300629.SZ,ÐÂ¾¢¸Õ,2017-06-09,28.4523,29.2301,28.0468,28.8246,1433200,8.5992,722668112,2890668112,105.817,
300629.SZ,ÐÂ¾¢¸Õ,2017-06-12,28.2529,28.4523,26.7106,27.2956,1691000,10.146,684334702,2737334702,100.204,
300629.SZ,ÐÂ¾¢¸Õ,2017-06-13,27.1228,28.572,27.1228,28.1266,1456100,8.7366,705168077,2820668077,103.2546,
300629.SZ,ÐÂ¾¢¸Õ,2017-06-14,28.0269,30.2406,27.5349,28.7515,2546900,15.2814,720834775,2883334775,105.5486,
300629.SZ,ÐÂ¾¢¸Õ,2017-06-15,28.5853,30.1674,28.346,29.8483,2698995,16.1939,748334830,2993334830,109.5753,
300629.SZ,ÐÂ¾¢¸Õ,2017-06-16,29.629,30.0943,28.9775,29.7154,1855132,11.1308,745001490,2980001490,109.0872,
300629.SZ,ÐÂ¾¢¸Õ,2017-06-19,29.7819,30.0544,29.1171,29.9215,1503190,9.0191,750168167,3000668167,109.8437,
300629.SZ,ÐÂ¾¢¸Õ,2017-06-20,30.0478,32.0886,29.9813,30.686,2963800,17.7828,769334872,3077334872,112.6502,
300629.SZ,ÐÂ¾¢¸Õ,2017-06-21,33.7572,33.7572,32.3479,33.119,5951398,35.7083,830334994,3321334994,121.5822,
300629.SZ,ÐÂ¾¢¸Õ,2017-06-22,32.5739,33.0924,31.2444,31.3973,3953908,23.7234,787168241,3148668241,115.2615,
300629.SZ,ÐÂ¾¢¸Õ,2017-06-23,31.723,34.535,31.4039,34.535,6014217,36.0852,865835065,3463335065,126.7803,
300629.SZ,ÐÂ¾¢¸Õ,2017-06-26,34.2359,35.0868,33.2919,34.8341,5044354,30.2661,873335080,3493335080,127.8785,
300629.SZ,ÐÂ¾¢¸Õ,2017-06-27,34.4885,34.8209,33.5445,33.6841,3436561,20.6193,844501689,3378001689,123.6566,
300629.SZ,ÐÂ¾¢¸Õ,2017-06-28,33.4182,33.6243,32.3811,32.8531,2620600,15.7236,823668314,3294668314,120.606,
300629.SZ,ÐÂ¾¢¸Õ,2017-06-29,32.9528,34.4286,32.5739,34.0364,2957266,17.7436,853335040,3413335040,124.95,
300629.SZ,ÐÂ¾¢¸Õ,2017-06-30,33.6043,35.8047,32.9063,35.7117,3589703,21.5382,895335124,3581335124,131.0999,
300629.SZ,ÐÂ¾¢¸Õ,2017-07-03,35.1399,35.6718,34.8209,34.9804,2730400,16.3824,877001754,3508001754,128.4154,
300629.SZ,ÐÂ¾¢¸Õ,2017-07-04,34.5682,35.7582,34.5682,34.9339,2148237,12.8894,875835085,3503335085,128.2446,
300629.SZ,ÐÂ¾¢¸Õ,2017-07-05,34.9339,36.1305,34.309,35.7781,3078000,18.468,897001794,3588001794,131.3439,
300629.SZ,ÐÂ¾¢¸Õ,2017-07-06,35.3726,37.0944,35.2995,36.8883,3480943,20.8856,924835183,3699335183,135.4194,
300629.SZ,ÐÂ¾¢¸Õ,2017-07-07,36.4828,38.8228,36.423,37.5597,3467200,20.8032,941668550,3766668550,137.8843,
300629.SZ,ÐÂ¾¢¸Õ,2017-07-10,36.2967,36.2967,33.8037,33.8037,3718311,22.3098,847501695,3390001695,124.0958,
300629.SZ,ÐÂ¾¢¸Õ,2017-07-11,32.9063,32.9063,31.0516,32.1684,2965635,17.7938,806501613,3226001613,118.0924,
300629.SZ,ÐÂ¾¢¸Õ,2017-07-12,31.8427,33.0858,30.9918,33.0791,2441706,14.6502,829334992,3317334992,121.4358,
300629.SZ,ÐÂ¾¢¸Õ,2017-07-13,32.7401,32.8598,31.6432,32.0022,1632980,9.7979,802334938,3209334938,117.4823,
300629.SZ,ÐÂ¾¢¸Õ,2017-07-14,31.8427,32.5407,31.3507,31.6831,1272025,7.6321,794334922,3177334922,116.3109,
300629.SZ,ÐÂ¾¢¸Õ,2017-07-17,31.2444,31.2444,28.5121,28.5121,2081410,12.4884,714834763,2859334763,104.67,
300629.SZ,ÐÂ¾¢¸Õ,2017-07-18,27.4352,28.4856,26.9433,28.0003,1642930,9.8576,702001404,2808001404,102.7909,
300629.SZ,ÐÂ¾¢¸Õ,2017-07-19,28.1199,28.685,27.9205,28.4656,1240914,7.4455,713668094,2854668094,104.4992,
300629.SZ,ÐÂ¾¢¸Õ,2017-07-20,28.2529,29.1171,27.8407,27.854,1427514,8.5651,698334730,2793334730,102.254,
300629.SZ,ÐÂ¾¢¸Õ,2017-07-21,27.7211,28.1066,26.458,26.5511,1500300,9.0018,665667998,2662667998,97.4708,
300629.SZ,ÐÂ¾¢¸Õ,2017-07-24,26.2586,29.2035,26.2586,29.2035,2178814,13.0729,732168131,2928668131,107.2081,
300629.SZ,ÐÂ¾¢¸Õ,2017-07-25,30.2804,31.9091,29.9015,30.9186,4019480,24.1168,775168217,3100668217,113.5044,
300629.SZ,ÐÂ¾¢¸Õ,2017-07-26,31.2311,31.7097,29.8218,31.4239,3257066,19.5424,787834909,3151334909,115.3591,
300629.SZ,ÐÂ¾¢¸Õ,2017-07-27,31.4372,33.6907,30.2539,32.6869,4002400,24.0144,819501639,3278001639,119.9959,
300629.SZ,ÐÂ¾¢¸Õ,2017-07-28,32.1285,32.3412,31.3441,31.4106,2493699,14.9622,787501575,3150001575,115.3103,
300629.SZ,ÐÂ¾¢¸Õ,2017-07-31,31.4106,31.5236,30.081,30.666,2348006,14.088,768834871,3075334871,112.577,
300629.SZ,ÐÂ¾¢¸Õ,2017-08-01,30.4267,31.5768,30.1874,30.5796,2316177,13.897,766668200,3066668200,112.2598,
300629.SZ,ÐÂ¾¢¸Õ,2017-08-02,30.1807,30.1807,28.5853,28.6584,2693216,16.1593,718501437,2874001437,105.2069,
300629.SZ,ÐÂ¾¢¸Õ,2017-08-03,28.7182,29.5093,28.3725,28.6584,1270805,7.6248,718501437,2874001437,105.2069,
300629.SZ,ÐÂ¾¢¸Õ,2017-08-04,28.4856,31.3108,28.4523,29.9015,3060000,18.36,749668166,2998668166,109.7705,
300629.SZ,ÐÂ¾¢¸Õ,2017-08-07,29.7686,29.855,28.6584,28.9841,1749300,10.4958,726668120,2906668120,106.4027,
300629.SZ,ÐÂ¾¢¸Õ,2017-08-08,28.3858,29.0839,28.1199,28.8246,1568702,9.4122,722668112,2890668112,105.817,
300629.SZ,ÐÂ¾¢¸Õ,2017-08-09,28.8312,29.0839,28.4523,28.5919,1256400,7.5384,716834767,2867334767,104.9629,
300629.SZ,ÐÂ¾¢¸Õ,2017-08-10,28.2595,28.8113,27.6214,27.6612,1342243,8.0534,693501387,2774001387,101.5463,
300629.SZ,ÐÂ¾¢¸Õ,2017-08-11,27.1228,28.7714,27.0496,27.8274,1276399,7.6584,697668062,2790668062,102.1564,
300629.SZ,ÐÂ¾¢¸Õ,2017-08-14,27.3887,28.3725,27.3887,28.2529,1007200,6.0432,708334750,2833334750,103.7183,
300629.SZ,ÐÂ¾¢¸Õ,2017-08-15,28.4922,28.8512,28.1399,28.4723,978600,5.8716,713834761,2855334761,104.5236,
300629.SZ,ÐÂ¾¢¸Õ,2017-08-16,28.2529,29.0506,28.1665,28.8512,1655040,9.9302,723334780,2893334780,105.9146,
300629.SZ,ÐÂ¾¢¸Õ,2017-08-17,28.5853,29.4628,28.5853,28.8844,1436200,8.6172,724168115,2896668115,106.0367,
300629.SZ,ÐÂ¾¢¸Õ,2017-08-18,28.1931,28.5055,27.8274,27.987,1223200,7.3392,701668070,2806668070,102.7421,
300629.SZ,ÐÂ¾¢¸Õ,2017-08-21,27.9205,28.439,27.5017,28.3725,1069859,6.4191,711334756,2845334756,105.9316,
300629.SZ,ÐÂ¾¢¸Õ,2017-08-22,28.1,28.7714,28.1,28.5454,907599,5.4456,715668098,2862668098,106.5769,
300629.SZ,ÐÂ¾¢¸Õ,2017-08-23,28.4656,29.1171,28.2795,28.4922,1188200,7.1292,714334762,2857334762,106.3784,
300629.SZ,ÐÂ¾¢¸Õ,2017-08-24,28.9177,31.3441,28.7049,31.3441,5544750,33.2684,785834905,3143334905,117.0261,
300629.SZ,ÐÂ¾¢¸Õ,2017-08-25,30.3802,31.2444,29.6556,31.0117,4082684,24.4961,777501555,3110001555,115.7851,
300629.SZ,ÐÂ¾¢¸Õ,2017-08-28,30.7258,31.9025,30.5065,31.1646,3552027,21.3121,781334896,3125334896,116.356,
300629.SZ,ÐÂ¾¢¸Õ,2017-08-29,30.912,32.5673,30.7923,31.1513,3618084,21.7085,781001562,3124001562,116.3064,
300629.SZ,ÐÂ¾¢¸Õ,2017-08-30,30.4932,30.7591,29.9215,30.4267,1936167,11.617,762834859,3051334859,113.601,
300629.SZ,ÐÂ¾¢¸Õ,2017-08-31,30.4998,32.1086,30.2871,31.384,2978842,17.873,786834907,3147334907,117.1751,
300629.SZ,ÐÂ¾¢¸Õ,2017-09-01,31.1314,33.3517,31.1314,32.441,3772756,22.6365,813334960,3253334960,121.1214,
300629.SZ,ÐÂ¾¢¸Õ,2017-09-04,32.7135,32.9728,31.5768,32.1485,2557605,15.3456,806001612,3224001612,120.0294,
300629.SZ,ÐÂ¾¢¸Õ,2017-09-05,31.9158,31.9756,31.1779,31.7562,1876894,11.2613,796168259,3184668259,118.565,
300629.SZ,ÐÂ¾¢¸Õ,2017-09-06,31.5169,32.2149,31.251,32.2083,1873645,11.2418,807501615,3230001615,120.2527,
300629.SZ,ÐÂ¾¢¸Õ,2017-09-07,32.0753,32.893,31.1513,31.1513,2782588,16.6955,781001562,3124001562,116.3064,
300629.SZ,ÐÂ¾¢¸Õ,2017-09-08,30.9785,31.1779,30.3137,30.6128,1722983,10.3379,767501535,3070001535,114.2959,
300629.SZ,ÐÂ¾¢¸Õ,2017-09-11,30.6727,31.364,30.6195,31.3108,1383700,8.3022,785001570,3140001570,116.902,
300629.SZ,ÐÂ¾¢¸Õ,2017-09-12,31.2377,31.3441,29.9813,30.1209,1825906,10.9554,755168177,3020668177,112.4593,
300629.SZ,ÐÂ¾¢¸Õ,2017-09-13,30.214,30.5131,29.6822,30.4134,1090040,6.5402,762501525,3050001525,113.5513,
300629.SZ,ÐÂ¾¢¸Õ,2017-09-14,30.4068,31.025,29.9946,30.5862,1286850,7.7211,766834867,3067334867,114.1967,
300629.SZ,ÐÂ¾¢¸Õ,2017-09-15,30.5729,32.893,30.3868,32.1618,3526895,21.1613,806334946,3225334946,120.079,
300629.SZ,ÐÂ¾¢¸Õ,2017-09-18,31.7629,32.6337,31.1912,32.5673,2608689,15.6521,816501633,3266001633,121.593,
300629.SZ,ÐÂ¾¢¸Õ,2017-09-19,32.4941,33.0326,31.6499,31.8427,2195470,13.1728,798334930,3193334930,118.8876,
300629.SZ,ÐÂ¾¢¸Õ,2017-09-20,31.8759,32.534,31.5103,32.3612,1965569,11.7934,811334956,3245334956,120.8236,
300629.SZ,ÐÂ¾¢¸Õ,2017-09-21,32.0421,32.3412,30.4998,30.5796,2235859,13.4151,766668200,3066668200,114.1718,
300629.SZ,ÐÂ¾¢¸Õ,2017-09-22,30.5796,31.3507,29.6024,30.7657,1774059,10.6443,771334876,3085334876,114.8668,
300629.SZ,ÐÂ¾¢¸Õ,2017-09-25,30.9984,33.8436,30.8522,33.8436,2396271,14.3776,848501697,3394001697,126.3584,
300629.SZ,ÐÂ¾¢¸Õ,2017-09-26,36.3631,37.2273,35.6452,37.2273,2374015,14.2441,933335200,3733335200,138.9918,
300629.SZ,ÐÂ¾¢¸Õ,2017-09-27,40.9501,40.9501,38.4239,40.9501,9002281,54.0136,1026668720,4106668720,152.891,
300629.SZ,ÐÂ¾¢¸Õ,2017-09-28,40.4714,43.8684,40.0659,42.4126,9638885,57.8332,1063335460,4253335460,158.3514,
300629.SZ,ÐÂ¾¢¸Õ,2017-09-29,40.9368,43.8086,40.3717,42.6452,8506333,51.0379,1069168805,4276668805,159.2201,
300629.SZ,ÐÂ¾¢¸Õ,2017-10-09,42.6452,42.6452,42.6452,42.6452,--,--,1069168805,4276668805,159.2201,
300629.SZ,ÐÂ¾¢¸Õ,2017-10-10,42.6452,42.6452,42.6452,42.6452,--,--,1069168805,4276668805,159.2201,
300629.SZ,ÐÂ¾¢¸Õ,2017-10-11,42.6452,42.6452,42.6452,42.6452,--,--,1069168805,4276668805,159.2201,
300629.SZ,ÐÂ¾¢¸Õ,2017-10-12,42.6452,42.6452,42.6452,42.6452,--,--,1069168805,4276668805,159.2201,
300629.SZ,ÐÂ¾¢¸Õ,2017-10-13,42.6452,42.6452,42.6452,42.6452,--,--,1069168805,4276668805,159.2201,
300629.SZ,ÐÂ¾¢¸Õ,2017-10-16,42.6452,42.6452,42.6452,42.6452,--,--,1069168805,4276668805,159.2201,
300629.SZ,ÐÂ¾¢¸Õ,2017-10-17,42.6452,42.6452,42.6452,42.6452,--,--,1069168805,4276668805,159.2201,
300629.SZ,ÐÂ¾¢¸Õ,2017-10-18,42.6452,42.6452,42.6452,42.6452,--,--,1069168805,4276668805,159.2201,
300629.SZ,ÐÂ¾¢¸Õ,2017-10-19,42.6452,42.6452,42.6452,42.6452,--,--,1069168805,4276668805,159.2201,
300629.SZ,ÐÂ¾¢¸Õ,2017-10-20,42.6452,42.6452,42.6452,42.6452,--,--,1069168805,4276668805,159.2201,
300629.SZ,ÐÂ¾¢¸Õ,2017-10-23,38.9557,40.6443,38.4239,39.8532,6033869,36.2031,999168665,3996668665,148.7957,
300629.SZ,ÐÂ¾¢¸Õ,2017-10-24,39.4876,40.3518,35.8712,36.177,5311836,31.871,907001814,3628001814,135.0703,
300629.SZ,ÐÂ¾¢¸Õ,2017-10-25,36.177,37.0678,35.1001,36.6822,3841104,23.0466,919668506,3678668506,138.1688,
300629.SZ,ÐÂ¾¢¸Õ,2017-10-26,35.8911,36.5626,34.7411,36.157,3792524,22.7551,906501813,3626001813,136.1907,
300629.SZ,ÐÂ¾¢¸Õ,2017-10-27,35.838,36.7487,34.7743,34.9006,2880036,17.2802,875001750,3500001750,131.4582,
300629.SZ,ÐÂ¾¢¸Õ,2017-10-30,34.6347,34.7012,32.3346,33.1722,2916960,17.5017,831668330,3326668330,124.9479,
300629.SZ,ÐÂ¾¢¸Õ,2017-10-31,33.0791,33.7705,32.8132,33.5312,1833092,10.9985,840668348,3362668348,126.3,
300629.SZ,ÐÂ¾¢¸Õ,2017-11-01,33.8237,35.4191,33.3517,34.9206,3866360,23.1981,875501751,3502001751,131.5333,
300629.SZ,ÐÂ¾¢¸Õ,2017-11-02,34.5549,34.6813,33.7705,34.3023,2312620,13.8757,860001720,3440001720,129.2046,
300629.SZ,ÐÂ¾¢¸Õ,2017-11-03,34.1627,34.5616,33.1124,33.5046,2049140,12.2948,840001680,3360001680,126.1999,
300629.SZ,ÐÂ¾¢¸Õ,2017-11-06,33.9699,35.1732,33.5046,35.1067,2453191,14.7191,880168427,3520668427,132.2344,
300629.SZ,ÐÂ¾¢¸Õ,2017-11-07,35.7981,38.6167,35.2463,38.6167,6401625,38.4097,968168603,3872668603,145.4554,
300629.SZ,ÐÂ¾¢¸Õ,2017-11-08,37.4932,39.9529,37.1276,38.3575,6083958,36.5037,961668590,3846668590,144.4788,
300629.SZ,ÐÂ¾¢¸Õ,2017-11-09,37.9719,38.7563,37.4068,38.384,3716260,22.2975,962335258,3849335258,144.579,
300629.SZ,ÐÂ¾¢¸Õ,2017-11-10,38.0251,39.82,37.5464,37.5597,3762120,22.5727,941668550,3766668550,141.474,
300629.SZ,ÐÂ¾¢¸Õ,2017-11-13,37.6661,39.2881,36.7155,39.2217,3569331,21.4159,983335300,3933335300,147.734,
300629.SZ,ÐÂ¾¢¸Õ,2017-11-14,38.5502,40.2587,38.3109,38.4771,4039840,24.239,964668596,3858668596,144.9295,
300629.SZ,ÐÂ¾¢¸Õ,2017-11-15,37.2273,39.1818,37.2273,38.5502,3073901,18.4434,966501933,3866001933,145.205,
300629.SZ,ÐÂ¾¢¸Õ,2017-11-16,38.4106,38.4106,34.6945,34.6945,3404098,20.4245,869835073,3479335073,130.682,
300629.SZ,ÐÂ¾¢¸Õ,2017-11-17,33.2719,34.1029,31.2244,31.2244,3033950,18.2037,782834899,3131334899,117.6113,
300629.SZ,ÐÂ¾¢¸Õ,2017-11-20,30.9785,31.5635,29.25,31.2444,1596620,9.5797,783334900,3133334900,117.6864,
300629.SZ,ÐÂ¾¢¸Õ,2017-11-21,31.2311,32.3346,29.9281,31.5768,1607500,9.645,791668250,3166668250,118.9384,
300629.SZ,ÐÂ¾¢¸Õ,2017-11-22,31.2643,32.667,30.7857,32.1219,1980620,11.8837,805334944,3221334944,120.9916,
300629.SZ,ÐÂ¾¢¸Õ,2017-11-23,31.3441,32.1618,30.2539,30.2539,1540720,9.2443,758501517,3034001517,113.9555,
300629.SZ,ÐÂ¾¢¸Õ,2017-11-24,29.7885,30.6926,29.2766,29.6489,1102450,6.6147,743334820,2973334820,111.6769,
300629.SZ,ÐÂ¾¢¸Õ,2017-11-27,29.5492,30.0212,28.4523,28.5454,935850,5.6151,715668098,2862668098,107.5203,
300629.SZ,ÐÂ¾¢¸Õ,2017-11-28,28.798,29.4295,28.6385,29.3431,990800,5.9448,735668138,2942668138,110.525,
300629.SZ,ÐÂ¾¢¸Õ,2017-11-29,29.516,31.2111,29.2168,30.7458,1836107,11.0166,770834875,3083334875,115.8084,
300629.SZ,ÐÂ¾¢¸Õ,2017-11-30,30.3004,31.9756,30.2472,30.8787,1595057,9.5703,774168215,3096668215,116.3092,
300629.SZ,ÐÂ¾¢¸Õ,2017-12-01,30.6793,31.1712,30.5198,31.0582,843405,5.0604,778668224,3114668224,116.9853,
300629.SZ,ÐÂ¾¢¸Õ,2017-12-04,30.9386,30.9452,28.5919,29.0706,1108350,6.6501,728834791,2915334791,109.4984,
300629.SZ,ÐÂ¾¢¸Õ,2017-12-05,29.2633,31.9756,29.2633,31.9756,1131730,6.7904,801668270,3206668270,120.4407,
300629.SZ,ÐÂ¾¢¸Õ,2017-12-06,32.5739,33.0991,31.4305,32.7866,3018905,18.1134,822001644,3288001644,123.4956,
300629.SZ,ÐÂ¾¢¸Õ,2017-12-07,32.3346,34.5682,32.062,32.9063,2836920,17.0215,825001650,3300001650,123.9463,
300629.SZ,ÐÂ¾¢¸Õ,2017-12-08,33.3052,33.3716,32.2216,33.2852,2108977,12.6538,834501669,3338001669,125.3736,
300629.SZ,ÐÂ¾¢¸Õ,2017-12-11,33.2786,33.4182,32.1751,32.7069,1880532,11.2832,820001640,3280001640,123.1951,
300629.SZ,ÐÂ¾¢¸Õ,2017-12-12,32.2615,33.9035,31.9889,33.8835,2374937,14.2496,849501699,3398001699,127.6271,
300629.SZ,ÐÂ¾¢¸Õ,2017-12-13,33.5046,33.8835,32.6404,33.6043,1953468,11.7208,842501685,3370001685,126.5754,
300629.SZ,ÐÂ¾¢¸Õ,2017-12-14,33.3052,33.6774,32.8398,33.3783,1178005,7.068,836835007,3347335007,125.7241,
300629.SZ,ÐÂ¾¢¸Õ,2017-12-15,33.5112,34.6347,33.5112,33.7772,1874793,11.2487,846835027,3387335027,127.2265,
300629.SZ,ÐÂ¾¢¸Õ,2017-12-18,33.7772,33.7772,33.7772,33.7772,--,--,846835027,3387335027,127.2265,
300629.SZ,ÐÂ¾¢¸Õ,2017-12-19,33.7772,33.7772,33.7772,33.7772,--,--,846835027,3387335027,127.2265,
300629.SZ,ÐÂ¾¢¸Õ,2017-12-20,33.7772,33.7772,33.7772,33.7772,--,--,846835027,3387335027,127.2265,
300629.SZ,ÐÂ¾¢¸Õ,2017-12-21,33.7772,33.7772,33.7772,33.7772,--,--,846835027,3387335027,127.2265,
300629.SZ,ÐÂ¾¢¸Õ,2017-12-22,33.7772,33.7772,33.7772,33.7772,--,--,846835027,3387335027,127.2265,
300629.SZ,ÐÂ¾¢¸Õ,2017-12-25,33.7772,33.7772,33.7772,33.7772,--,--,846835027,3387335027,127.2265,
300629.SZ,ÐÂ¾¢¸Õ,2017-12-26,33.7772,33.7772,33.7772,33.7772,--,--,846835027,3387335027,127.2265,
300629.SZ,ÐÂ¾¢¸Õ,2017-12-27,33.7772,33.7772,33.7772,33.7772,--,--,846835027,3387335027,127.2265,
300629.SZ,ÐÂ¾¢¸Õ,2017-12-28,33.7772,33.7772,33.7772,33.7772,--,--,846835027,3387335027,127.2265,
300629.SZ,ÐÂ¾¢¸Õ,2017-12-29,33.7772,33.7772,33.7772,33.7772,--,--,846835027,3387335027,127.2265,
300629.SZ,ÐÂ¾¢¸Õ,2018-01-02,33.7772,33.7772,33.7772,33.7772,--,--,846835027,3387335027,127.2265,
300629.SZ,ÐÂ¾¢¸Õ,2018-01-03,33.7772,33.7772,33.7772,33.7772,--,--,846835027,3387335027,127.2265,
300629.SZ,ÐÂ¾¢¸Õ,2018-01-04,33.7772,33.7772,33.7772,33.7772,--,--,846835027,3387335027,127.2265,
300629.SZ,ÐÂ¾¢¸Õ,2018-01-05,33.7772,33.7772,33.7772,33.7772,--,--,846835027,3387335027,127.2265,
300629.SZ,ÐÂ¾¢¸Õ,2018-01-08,33.7772,33.7772,33.7772,33.7772,--,--,846835027,3387335027,127.2265,
300629.SZ,ÐÂ¾¢¸Õ,2018-01-09,33.7772,33.7772,33.7772,33.7772,--,--,846835027,3387335027,127.2265,
300629.SZ,ÐÂ¾¢¸Õ,2018-01-10,33.7772,33.7772,33.7772,33.7772,--,--,846835027,3387335027,127.2265,
300629.SZ,ÐÂ¾¢¸Õ,2018-01-11,33.7772,33.7772,33.7772,33.7772,--,--,846835027,3387335027,127.2265,
300629.SZ,ÐÂ¾¢¸Õ,2018-01-12,33.7772,33.7772,33.7772,33.7772,--,--,846835027,3387335027,127.2265,
300629.SZ,ÐÂ¾¢¸Õ,2018-01-15,33.7772,33.7772,33.7772,33.7772,--,--,846835027,3387335027,127.2265,
300629.SZ,ÐÂ¾¢¸Õ,2018-01-16,33.7772,33.7772,33.7772,33.7772,--,--,846835027,3387335027,127.2265,
300629.SZ,ÐÂ¾¢¸Õ,2018-01-17,33.7772,33.7772,33.7772,33.7772,--,--,846835027,3387335027,127.2265,
300629.SZ,ÐÂ¾¢¸Õ,2018-01-18,31.2444,33.2387,30.4001,30.9319,2250467,13.5028,775501551,3102001551,116.5095,
300629.SZ,ÐÂ¾¢¸Õ,2018-01-19,31.2244,34.0231,31.0117,34.0231,1619426,9.7165,853001706,3412001706,128.153,
300629.SZ,ÐÂ¾¢¸Õ,2018-01-22,34.5682,36.2302,33.1722,33.3451,3953491,23.7209,836001672,3344001672,125.5989,
300629.SZ,ÐÂ¾¢¸Õ,2018-01-23,33.3982,35.1599,31.6632,35.0535,3315726,19.8943,878835091,3515335091,132.0341,
300629.SZ,ÐÂ¾¢¸Õ,2018-01-24,34.2359,34.9006,33.5711,34.4087,2268915,13.6135,862668392,3450668392,129.6053,
300629.SZ,ÐÂ¾¢¸Õ,2018-01-25,34.0032,36.6955,34.0032,34.5549,2589200,15.5352,866335066,3465335066,130.1561,
300629.SZ,ÐÂ¾¢¸Õ,2018-01-26,34.0231,34.5018,32.8598,33.6442,1644620,9.8677,843501687,3374001687,126.7257,
300629.SZ,ÐÂ¾¢¸Õ,2018-01-29,33.4049,33.9367,31.9158,32.308,1397600,8.3856,810001620,3240001620,121.6927,
300629.SZ,ÐÂ¾¢¸Õ,2018-01-30,32.308,32.7401,31.6831,32.6271,718435,4.3106,818001636,3272001636,122.8946,
300629.SZ,ÐÂ¾¢¸Õ,2018-01-31,32.5673,33.5312,30.912,31.7562,1190236,7.1414,796168259,3184668259,119.6144,
300629.SZ,ÐÂ¾¢¸Õ,2018-02-01,31.4106,31.8892,28.5786,28.8379,1270550,7.6233,723001446,2892001446,108.622,
300629.SZ,ÐÂ¾¢¸Õ,2018-02-02,28.665,29.6689,28.4523,28.8844,738405,4.4304,724168115,2896668115,108.7973,
300629.SZ,ÐÂ¾¢¸Õ,2018-02-05,27.9205,29.1769,26.5976,28.3194,531800,3.1908,710001420,2840001420,106.6689,
300629.SZ,ÐÂ¾¢¸Õ,2018-02-06,28.1199,28.9177,26.2586,26.4912,864711,5.1883,664167995,2656667995,99.783,
300629.SZ,ÐÂ¾¢¸Õ,2018-02-07,27.5881,27.9205,26.1987,26.7505,776000,4.656,670668008,2682668008,100.7596,
300629.SZ,ÐÂ¾¢¸Õ,2018-02-08,26.9965,27.402,26.6973,27.3953,528100,3.1686,686834707,2747334707,103.1884,
300629.SZ,ÐÂ¾¢¸Õ,2018-02-09,26.5245,27.1693,25.2614,26.4514,627500,3.765,663167993,2652667993,99.6328,
300629.SZ,ÐÂ¾¢¸Õ,2018-02-12,26.7239,27.9604,26.7239,27.5083,603300,3.6198,689668046,2758668046,103.6141,
300629.SZ,ÐÂ¾¢¸Õ,2018-02-13,27.4884,27.9072,27.1028,27.1427,484200,2.9052,680501361,2722001361,102.2369,
300629.SZ,ÐÂ¾¢¸Õ,2018-02-14,27.2557,27.7743,26.9366,27.7144,408136,2.4488,694834723,2779334723,104.3903,
300629.SZ,ÐÂ¾¢¸Õ,2018-02-22,27.987,28.5786,27.8141,28.1199,386350,2.3181,705001410,2820001410,105.9177,
300629.SZ,ÐÂ¾¢¸Õ,2018-02-23,28.1199,29.9148,27.8407,28.685,703950,4.2237,719168105,2876668105,108.0461,
300629.SZ,ÐÂ¾¢¸Õ,2018-02-26,29.25,29.835,28.7116,29.835,818250,4.9095,748001496,2992001496,112.378,
300629.SZ,ÐÂ¾¢¸Õ,2018-02-27,29.7819,31.1114,29.3165,30.3203,1173800,7.0428,760168187,3040668187,114.2059,
300629.SZ,ÐÂ¾¢¸Õ,2018-02-28,29.4694,30.4533,28.9509,29.3298,807700,4.8462,735334804,2941334804,119.4828,
300629.SZ,ÐÂ¾¢¸Õ,2018-03-01,29.1969,29.9813,28.665,29.6689,971400,5.8284,743834821,2975334821,120.864,
300629.SZ,ÐÂ¾¢¸Õ,2018-03-02,29.6489,31.384,29.1237,31.0516,1325200,7.9512,778501557,3114001557,126.4969,
300629.SZ,ÐÂ¾¢¸Õ,2018-03-05,31.949,31.949,30.2804,30.7391,1630900,9.7854,770668208,3082668208,125.2241,
300629.SZ,ÐÂ¾¢¸Õ,2018-03-06,29.9082,30.779,29.6489,30.2738,1080115,6.4807,759001518,3036001518,123.3284,
300629.SZ,ÐÂ¾¢¸Õ,2018-03-07,29.9148,30.553,29.25,29.25,837200,5.0232,733334800,2933334800,119.1579,
300629.SZ,ÐÂ¾¢¸Õ,2018-03-08,29.25,29.8882,29.1503,29.835,744828,4.469,748001496,2992001496,121.541,
300629.SZ,ÐÂ¾¢¸Õ,2018-03-09,29.8882,31.1114,29.5625,30.4333,1107400,6.6444,763001526,3052001526,123.9783,
300629.SZ,ÐÂ¾¢¸Õ,2018-03-12,31.0715,33.0991,30.4533,32.4742,2068728,12.4123,814168295,3256668295,132.2923,
300629.SZ,ÐÂ¾¢¸Õ,2018-03-13,32.5606,32.5739,31.3175,31.6366,1507033,9.0422,793168253,3172668253,128.8801,
300629.SZ,ÐÂ¾¢¸Õ,2018-03-14,31.1114,31.4837,30.6793,31.138,826300,4.9578,780668228,3122668228,126.849,
300629.SZ,ÐÂ¾¢¸Õ,2018-03-15,30.5796,31.8427,29.3963,30.779,1101400,6.6084,771668210,3086668210,125.3866,
300629.SZ,ÐÂ¾¢¸Õ,2018-03-16,30.3469,30.779,29.2035,29.4029,860313,5.1619,737168141,2948668141,119.7807,
300629.SZ,ÐÂ¾¢¸Õ,2018-03-19,29.3165,30.0345,29.3165,29.6622,722615,4.3357,743668154,2974668154,120.8369,
300629.SZ,ÐÂ¾¢¸Õ,2018-03-20,28.9841,29.5758,28.3194,29.0772,769200,4.6152,729001458,2916001458,118.4538,
300629.SZ,ÐÂ¾¢¸Õ,2018-03-21,29.0506,31.9823,28.9841,31.9823,3839915,23.0394,801834937,3207334937,130.2883,
300629.SZ,ÐÂ¾¢¸Õ,2018-03-22,31.9823,31.9823,30.6527,31.1181,2641200,15.8472,780168227,3120668227,126.7677,
300629.SZ,ÐÂ¾¢¸Õ,2018-03-23,29.9148,33.2387,28.2529,30.5796,2623215,15.7393,766668200,3066668200,124.5741,
300629.SZ,ÐÂ¾¢¸Õ,2018-03-26,30.4466,32.1817,29.25,31.9424,2508000,15.048,800834935,3203334935,130.1258,
300629.SZ,ÐÂ¾¢¸Õ,2018-03-27,31.4039,34.5682,31.4039,33.2852,3639375,21.8362,834501669,3338001669,135.5962,
300629.SZ,ÐÂ¾¢¸Õ,2018-03-28,31.969,33.2852,31.7496,31.7629,2398575,8.3295,1375872593.32,3185334926,129.3946,
300629.SZ,ÐÂ¾¢¸Õ,2018-03-29,31.9091,32.7069,31.251,32.4941,1748541,6.0722,1407548186.72,3258668296,132.3736,
300629.SZ,ÐÂ¾¢¸Õ,2018-03-30,32.5806,32.8132,31.5768,32.7999,2015250,6.9984,1420794343.96,3289334978,133.6193,
300629.SZ,ÐÂ¾¢¸Õ,2018-04-02,32.6072,32.8066,32.0022,32.6205,1816711,6.3089,1413019425.58,3271334969,132.7448,
300629.SZ,ÐÂ¾¢¸Õ,2018-04-03,32.0421,34.1029,31.9158,33.5046,2383877,8.2785,1451318097.6,3360001680,136.3427,
300629.SZ,ÐÂ¾¢¸Õ,2018-04-04,33.2852,36.8551,33.2786,34.5815,4175514,14.5003,1497967607.88,3468001734,140.7252,
300629.SZ,ÐÂ¾¢¸Õ,2018-04-09,35.233,36.1172,32.5739,35.9975,3351268,11.638,1559303075.1,3610001805,146.4873,
300629.SZ,ÐÂ¾¢¸Õ,2018-04-10,35.233,35.3593,32.6138,33.7373,2539038,8.8173,1461396695.5,3383335025,137.2896,
300629.SZ,ÐÂ¾¢¸Õ,2018-04-11,33.6974,34.5749,33.3716,34.5483,1807228,6.276,1496527808.18,3464668399,140.5899,
300629.SZ,ÐÂ¾¢¸Õ,2018-04-12,34.1029,35.0801,33.6708,33.8702,1671275,5.8038,1467155894.3,3396668365,137.8306,
300629.SZ,ÐÂ¾¢¸Õ,2018-04-13,34.176,34.422,32.7069,32.7268,1408048,4.8897,1417626784.62,3282001641,133.1777,
300629.SZ,ÐÂ¾¢¸Õ,2018-04-16,32.9595,34.3688,32.5739,33.5445,1217561,4.2282,1453045857.24,3364001682,136.5051,
300629.SZ,ÐÂ¾¢¸Õ,2018-04-17,33.2387,33.8702,31.0782,31.1114,1320225,4.5848,1347652519.2,3120001560,126.604,
300629.SZ,ÐÂ¾¢¸Õ,2018-04-18,31.2909,32.2415,29.9148,32.0022,1327200,4.609,1386239151.16,3209334938,130.229,
300629.SZ,ÐÂ¾¢¸Õ,2018-04-19,31.9424,32.5407,31.6432,31.743,1114227,3.8694,1375008713.5,3183334925,129.1739,
300629.SZ,ÐÂ¾¢¸Õ,2018-04-20,31.7097,32.1086,30.2472,30.4466,898711,3.121,1318856525.2,3053334860,123.8988,
300629.SZ,ÐÂ¾¢¸Õ,2018-04-23,30.2273,31.2909,28.5986,29.1836,948200,3.2928,1264144136.6,2926668130,118.7589,
300629.SZ,ÐÂ¾¢¸Õ,2018-04-24,29.2168,30.5729,29.2168,30.4466,896200,3.1122,1318856525.2,3053334860,123.8988,
300629.SZ,ÐÂ¾¢¸Õ,2018-04-25,30.4865,31.4637,30.1342,31.1114,808100,2.8063,1347652519.2,3120001560,126.604,
300629.SZ,ÐÂ¾¢¸Õ,2018-04-26,31.0449,31.0449,29.7353,29.7819,774000,2.6879,1290060531.2,2986668160,122.0517,
300629.SZ,ÐÂ¾¢¸Õ,2018-04-27,30.5796,30.5796,29.6489,30.1276,435700,1.5131,1305034448.08,3021334844,123.4683,
300629.SZ,ÐÂ¾¢¸Õ,2018-05-02,30.1276,30.4001,29.0839,29.3165,579200,2.0114,1269903335.4,2940001470,120.1446,
300629.SZ,ÐÂ¾¢¸Õ,2018-05-03,29.383,29.7752,28.3393,29.6755,781200,2.7129,1285453172.16,2976001488,121.6158,
300629.SZ,ÐÂ¾¢¸Õ,2018-05-04,29.4428,29.835,29.0174,29.5625,523700,1.8187,1280557853.18,2964668149,121.1526,
300629.SZ,ÐÂ¾¢¸Õ,2018-05-07,29.4761,30.2406,29.3165,30.0943,713727,2.4786,1303594648.38,3018001509,123.3321,
300629.SZ,ÐÂ¾¢¸Õ,2018-05-08,30.4998,31.2377,30.1276,30.4201,1101400,3.8248,1317704685.44,3050668192,124.667,
300629.SZ,ÐÂ¾¢¸Õ,2018-05-09,30.5464,32.2349,30.1807,31.6765,2024843,7.0199,1374430990.3,3176668255,129.8161,
300629.SZ,ÐÂ¾¢¸Õ,2018-05-10,31.6765,31.8094,31.1181,31.61,1198427,4.1548,1371546560.1,3170001585,129.5437,
300629.SZ,ÐÂ¾¢¸Õ,2018-05-11,31.7762,32.2349,31.3308,32.1751,1346700,4.6689,1396064216.8,3226668280,131.8594,
300629.SZ,ÐÂ¾¢¸Õ,2018-05-14,32.1751,32.2681,30.7458,30.9918,1164020,4.0355,1344721359.24,3108001554,127.01,
300629.SZ,ÐÂ¾¢¸Õ,2018-05-15,30.9918,31.5614,30.8618,31.5115,1189287,2.7488,1364191263.09,3153001576.5,128.8489,
300629.SZ,ÐÂ¾¢¸Õ,2018-05-16,31.0817,31.1816,29.5826,29.9324,1630450,3.7684,1295830267.35,2995001497.5,122.3922,
300629.SZ,ÐÂ¾¢¸Õ,2018-05-17,29.9324,30.4121,29.1828,30.2822,1638777,3.7876,1310973525.9,3030001515,123.8225,
300629.SZ,ÐÂ¾¢¸Õ,2018-05-18,29.8724,30.1622,29.2428,29.7825,1103250,2.5499,1289340299.4,2980001490,121.7792,
300629.SZ,ÐÂ¾¢¸Õ,2018-05-21,29.8424,30.582,29.6925,30.532,1531372,3.5394,1321790139.15,3055001527.5,124.8441,
300629.SZ,ÐÂ¾¢¸Õ,2018-05-22,30.1223,30.2822,29.3727,30.2822,1779350,4.1125,1310973525.9,3030001515,123.8225,
300629.SZ,ÐÂ¾¢¸Õ,2018-05-23,29.8924,29.9824,28.9929,29.3028,1449040,3.3491,1268572401.96,2932001466,119.8177,
300629.SZ,ÐÂ¾¢¸Õ,2018-05-24,29.0929,29.4826,28.4832,28.5532,1330375,3.0748,1236122562.21,2857001428.5,116.7528,
300629.SZ,ÐÂ¾¢¸Õ,2018-05-25,28.803,31.4115,28.4932,29.5926,2367800,5.4726,1281119673.33,2961001480.5,121.0028,
300629.SZ,ÐÂ¾¢¸Õ,2018-05-28,29.0029,29.2828,26.7443,27.6837,1725050,3.987,1198480748.1,2770001385,113.1975,
300629.SZ,ÐÂ¾¢¸Õ,2018-05-29,27.3739,28.1434,27.0141,27.4738,965500,2.2315,1189394792.97,2749001374.5,112.3393,
300629.SZ,ÐÂ¾¢¸Õ,2018-05-30,26.8842,26.8842,25.415,25.7249,1154000,2.6672,1113678500.22,2574001287,105.1878,
300629.SZ,ÐÂ¾¢¸Õ,2018-05-31,25.9048,26.2645,25.6749,26.0047,695750,1.6081,1125793107.06,2602001301,106.332,
300629.SZ,ÐÂ¾¢¸Õ,2018-06-01,26.0846,27.214,25.8848,25.9847,777300,1.7965,1124927778,2600001300,106.2503,
300629.SZ,ÐÂ¾¢¸Õ,2018-06-04,26.3645,26.3645,25.9847,26.1746,510050,1.1789,1133148404.07,2619001309.5,107.0268,
300629.SZ,ÐÂ¾¢¸Õ,2018-06-05,26.2346,27.184,25.9947,26.8142,993249,2.2957,1160838933.99,2683001341.5,109.6422,
300629.SZ,ÐÂ¾¢¸Õ,2018-06-06,26.4944,27.0641,26.4944,26.9341,845921,1.9551,1166030908.35,2695001347.5,110.1325,
300629.SZ,ÐÂ¾¢¸Õ,2018-06-07,27.234,27.4339,26.1646,26.2046,731349,1.6903,1134446397.66,2622001311,107.1494,
300629.SZ,ÐÂ¾¢¸Õ,2018-06-08,26.0147,26.5144,25.6149,25.8048,768749,1.7768,1117139816.46,2582001291,105.5147,
300629.SZ,ÐÂ¾¢¸Õ,2018-06-11,26.1846,26.1846,25.515,25.6349,503990,1.1649,1109784519.45,2565001282.5,104.82,
300629.SZ,ÐÂ¾¢¸Õ,2018-06-12,26.0447,26.0447,24.7854,25.5849,677600,1.5661,1107621196.8,2560001280,104.6157,
300629.SZ,ÐÂ¾¢¸Õ,2018-06-13,25.545,25.545,24.0359,24.2357,907417,2.0973,1049211485.25,2425001212.5,99.0989,
300629.SZ,ÐÂ¾¢¸Õ,2018-06-14,23.5262,24.9053,23.4862,24.2757,1077967,2.4915,1050942143.37,2429001214.5,99.2623,
300629.SZ,ÐÂ¾¢¸Õ,2018-06-15,24.4656,25.1552,24.4656,24.4956,1216700,2.8121,1060460763.03,2451001225.5,100.1614,
300629.SZ,ÐÂ¾¢¸Õ,2018-06-19,24.0059,24.9853,22.047,22.047,1207149,2.79,954457953.18,2206001103,90.1493,
300629.SZ,ÐÂ¾¢¸Õ,2018-06-20,22.087,22.7866,20.8377,22.4668,1044400,2.4139,972629863.44,2248001124,91.8657,
300629.SZ,ÐÂ¾¢¸Õ,2018-06-21,22.4468,22.8066,20.2181,20.2181,1548800,3.5797,875280344.19,2023001011.5,82.6709,
300629.SZ,ÐÂ¾¢¸Õ,2018-06-22,19.3786,20.7878,19.3786,20.5679,1035570,2.3935,890423602.74,2058001029,84.1012,
300629.SZ,ÐÂ¾¢¸Õ,2018-06-25,20.8877,21.5873,20.5879,20.6978,784900,1.8141,896048241.63,2071001035.5,84.6325,
300629.SZ,ÐÂ¾¢¸Õ,2018-06-26,20.6079,21.8571,20.6079,21.6672,969749,2.2413,938016701.04,2168001084,88.5964,
300629.SZ,ÐÂ¾¢¸Õ,2018-06-27,21.7972,22.037,20.9077,21.0576,905949,2.0939,911624164.71,2107001053.5,86.1036,
300629.SZ,ÐÂ¾¢¸Õ,2018-06-28,21.3874,23.1564,21.0576,21.7972,1708550,3.9489,943641339.93,2181001090.5,89.1277,
300629.SZ,ÐÂ¾¢¸Õ,2018-06-29,21.4874,22.6367,21.1975,22.2369,1615500,3.7338,962678579.25,2225001112.5,90.9258,
300629.SZ,ÐÂ¾¢¸Õ,2018-07-02,22.137,22.4168,21.2375,21.4074,1060600,2.4513,926769886.56,2142001071,87.5339,
300629.SZ,ÐÂ¾¢¸Õ,2018-07-03,21.1376,22.3369,21.1376,22.087,1277650,2.953,956191152.8,2210001105,90.3128,
300629.SZ,ÐÂ¾¢¸Õ,2018-07-04,22.057,22.3868,20.9876,21.3075,1113600,2.5738,922443229.76,2132001066,87.1253,
300629.SZ,ÐÂ¾¢¸Õ,2018-07-05,21.2875,21.7272,20.1881,20.2781,861750,1.9917,877878664.72,2029001014.5,82.9161,
300629.SZ,ÐÂ¾¢¸Õ,2018-07-06,20.368,21.3175,20.348,21.0376,1135649,2.6248,910761256.4,2105001052.5,86.0219,
300629.SZ,ÐÂ¾¢¸Õ,2018-07-09,20.8078,23.0964,20.8078,22.117,1349199,3.1183,957489149.84,2213001106.5,90.4354,
300629.SZ,ÐÂ¾¢¸Õ,2018-07-10,22.007,22.8765,21.7872,22.8166,1592985,3.6818,987775747.44,2283001141.5,93.296,
300629.SZ,ÐÂ¾¢¸Õ,2018-07-11,22.3568,22.7866,21.3874,21.8871,1287069,2.9747,947537839.2,2190001095,89.4955,
300629.SZ,ÐÂ¾¢¸Õ,2018-07-12,21.8971,22.9365,21.8971,22.4868,1436086,3.3192,973497780,2250001125,91.9474,
300629.SZ,ÐÂ¾¢¸Õ,2018-07-13,22.7866,22.8366,22.077,22.087,1050219,2.4273,956191152.8,2210001105,90.3128,
300629.SZ,ÐÂ¾¢¸Õ,2018-07-16,21.9971,22.4868,20.9876,22.077,715382,1.6534,955758487.12,2209001104.5,90.2719,
300629.SZ,ÐÂ¾¢¸Õ,2018-07-17,21.7872,22.3369,21.6972,22.2569,670727,1.5502,963546469.36,2227001113.5,91.0075,
300629.SZ,ÐÂ¾¢¸Õ,2018-07-18,22.2569,22.5367,21.6373,22.157,829547,1.9173,959219812.56,2217001108.5,90.5988,
300629.SZ,ÐÂ¾¢¸Õ,2018-07-19,22.037,22.2469,20.9876,21.1476,865500,2.0004,915520578.88,2116001058,86.4714,
300629.SZ,ÐÂ¾¢¸Õ,2018-07-20,21.1476,21.8471,20.8177,21.5873,653363,1.5101,934557868.8,2160001080,88.2695,
300629.SZ,ÐÂ¾¢¸Õ,2018-07-23,21.8671,23.746,21.6373,23.746,1847636,4.2704,1028013655.68,2376001188,97.0964,
300629.SZ,ÐÂ¾¢¸Õ,2018-07-24,25.1452,26.1246,24.2058,24.4656,5181633,11.9761,1059165584.64,2448001224,100.0388,
300629.SZ,ÐÂ¾¢¸Õ,2018-07-25,23.5761,24.2457,23.3862,23.5262,2944010,6.8044,1018495010.72,2354001177,96.1974,
300629.SZ,ÐÂ¾¢¸Õ,2018-07-26,23.4662,23.5062,22.8266,23.1864,2117728,4.8946,1003784377.6,2320001160,94.808,
300629.SZ,ÐÂ¾¢¸Õ,2018-07-27,23.0165,23.1864,22.6866,22.8266,1372750,3.1728,988208413.12,2284001142,93.3368,
300629.SZ,ÐÂ¾¢¸Õ,2018-07-30,22.8266,23.1864,22.2869,23.1864,1746950,4.0376,1003784377.6,2320001160,94.808,
300629.SZ,ÐÂ¾¢¸Õ,2018-07-31,23.0364,23.3563,22.5068,22.5867,1310596,3.0291,977824436.8,2260001130,92.356,
300629.SZ,ÐÂ¾¢¸Õ,2018-08-01,22.6667,22.8865,20.4979,20.9976,1658957,3.8343,909030593.68,2101001050.5,85.8584,
300629.SZ,ÐÂ¾¢¸Õ,2018-08-02,20.8078,23.0964,20.8078,21.4874,2056261,4.7525,930231212,2150001075,87.8608,
300629.SZ,ÐÂ¾¢¸Õ,2018-08-03,21.0776,21.3374,19.9882,20.0882,1751245,4.0476,869658016.8,2010001005,82.1397,
300629.SZ,ÐÂ¾¢¸Õ,2018-08-06,19.4885,19.7484,18.8689,19.0788,1034246,2.3904,825958783.12,1909000954.5,78.0123,
300629.SZ,ÐÂ¾¢¸Õ,2018-08-07,19.3186,19.5585,19.0088,19.5085,883736,2.0425,844563407.36,1952000976,79.7695,
300629.SZ,ÐÂ¾¢¸Õ,2018-08-08,19.2886,19.5285,18.1393,18.1693,1239778,2.8654,786586206.24,1818000909,74.2935,
300629.SZ,ÐÂ¾¢¸Õ,2018-08-09,18.1793,18.8889,18.1793,18.749,1034324,2.3906,811680815.68,1876000938,76.6637,
300629.SZ,ÐÂ¾¢¸Õ,2018-08-10,18.7889,19.5385,18.689,19.1887,1178988,2.7249,830718105.6,1920000960,78.4618,
300629.SZ,ÐÂ¾¢¸Õ,2018-08-13,18.4891,19.5285,18.4891,19.3386,1102036,2.5471,837208090.8,1935000967.5,79.0748,
300629.SZ,ÐÂ¾¢¸Õ,2018-08-14,19.4286,19.5785,19.1787,19.2387,847050,1.9577,832881434,1925000962.5,78.6661,
300629.SZ,ÐÂ¾¢¸Õ,2018-08-15,19.3486,19.9682,19.1687,19.2587,1094150,2.5289,833746765.36,1927000963.5,78.7478,
300629.SZ,ÐÂ¾¢¸Õ,2018-08-16,18.689,18.9788,18.1893,18.4391,1050800,2.4287,798268179.6,1845000922.5,75.3969,
300629.SZ,ÐÂ¾¢¸Õ,2018-08-17,18.8889,19.1088,18.1993,18.2892,783114,1.81,791778194.4,1830000915,74.7839,
300629.SZ,ÐÂ¾¢¸Õ,2018-08-20,18.1993,18.679,18.0194,18.5691,704900,1.6292,803892833.44,1858000929,75.9281,
300629.SZ,ÐÂ¾¢¸Õ,2018-08-21,18.5891,20.1681,18.2892,18.9788,1101250,2.5453,821632126.32,1899000949.5,77.6036,
300629.SZ,ÐÂ¾¢¸Õ,2018-08-22,18.619,19.0388,18.5691,18.5991,634500,1.4665,805190830.48,1861000930.5,76.0507,
300629.SZ,ÐÂ¾¢¸Õ,2018-08-23,18.5191,18.9588,18.5191,18.739,560700,1.2959,811248150,1875000937.5,76.6228,
300629.SZ,ÐÂ¾¢¸Õ,2018-08-24,18.749,19.5785,18.5291,19.0888,963300,2.2264,826391448.8,1910000955,78.0531,
300629.SZ,ÐÂ¾¢¸Õ,2018-08-27,19.0288,20.468,19.0288,19.5985,1377800,3.1844,848457398.48,1961000980.5,80.1373,
300629.SZ,ÐÂ¾¢¸Õ,2018-08-28,19.2886,19.7584,19.2187,19.4785,782544,1.8087,843265410.32,1949000974.5,79.6469,
300629.SZ,ÐÂ¾¢¸Õ,2018-08-29,19.3186,19.4585,19.0888,19.1687,539144,1.2461,829852774.24,1918000959,78.38,
300629.SZ,ÐÂ¾¢¸Õ,2018-08-30,18.9988,19.3486,18.8689,18.9289,622594,1.439,819468797.92,1894000947,75.9296,
300629.SZ,ÐÂ¾¢¸Õ,2018-08-31,18.9888,19.0688,18.7789,18.8389,453664,1.0485,815574806.8,1885000942.5,75.5688,
300629.SZ,ÐÂ¾¢¸Õ,2018-09-03,19.1387,19.8683,18.7789,19.6584,1637064,3.7837,851053392.56,1967000983.5,78.8561,
300629.SZ,ÐÂ¾¢¸Õ,2018-09-04,19.2787,20.4779,19.2787,20.2881,2114038,4.8861,878311330.4,2030001015,81.3818,
300629.SZ,ÐÂ¾¢¸Õ,2018-09-05,20.1282,20.2281,19.6984,19.8183,1393850,3.2215,857976043.44,1983000991.5,79.4976,
300629.SZ,ÐÂ¾¢¸Õ,2018-09-06,19.7384,20.1581,19.4985,19.9283,1018500,2.354,862735365.92,1994000997,79.9385,
300629.SZ,ÐÂ¾¢¸Õ,2018-09-07,19.7084,20.468,19.1387,19.4186,1138150,2.6306,840669416.24,1943000971.5,77.894,
300629.SZ,ÐÂ¾¢¸Õ,2018-09-10,19.4885,19.5085,18.3892,18.4691,924100,2.1358,799566176.64,1848000924,74.0855,
300629.SZ,ÐÂ¾¢¸Õ,2018-09-11,18.3892,18.9688,18.3492,18.689,539054,1.2459,809084821.6,1870000935,74.9674,
300629.SZ,ÐÂ¾¢¸Õ,2018-09-12,18.639,19.0888,18.639,18.8689,586950,1.3566,816872803.84,1888000944,75.6891,
300629.SZ,ÐÂ¾¢¸Õ,2018-09-13,19.1487,20.2981,19.0988,20.0682,2180592,5.0399,868792685.44,2008001004,80.4998,
300629.SZ,ÐÂ¾¢¸Õ,2018-09-14,19.7884,20.0982,19.4086,19.4186,1819992,4.2065,840669416.24,1943000971.5,77.894,
300629.SZ,ÐÂ¾¢¸Õ,2018-09-17,19.5085,19.8883,19.3486,19.6884,1093186,2.5266,852351389.6,1970000985,78.9764,
300629.SZ,ÐÂ¾¢¸Õ,2018-09-18,19.4885,19.9882,18.9988,19.8883,1190738,2.7521,861004703.2,1990000995,79.7782,
300629.SZ,ÐÂ¾¢¸Õ,2018-09-19,19.7184,20.1681,19.4985,19.7884,1475800,3.4109,856678046.4,1980000990,79.3773,
300629.SZ,ÐÂ¾¢¸Õ,2018-09-20,19.5985,19.7784,19.0988,19.1487,1032088,2.3854,828987442.88,1916000958,76.8116,
300629.SZ,ÐÂ¾¢¸Õ,2018-09-21,19.2886,19.6884,19.2087,19.3886,707750,1.6358,839371419.2,1940000970,77.7737,
300629.SZ,ÐÂ¾¢¸Õ,2018-09-25,19.1987,19.6484,19.1987,19.2587,412350,0.953,833746765.36,1927000963.5,77.2525,
300629.SZ,ÐÂ¾¢¸Õ,2018-09-26,19.4585,19.5685,19.2986,19.3886,636848,1.4719,839371419.2,1940000970,77.7737,
300629.SZ,ÐÂ¾¢¸Õ,2018-09-27,19.4585,19.6484,18.7889,18.8789,654198,1.512,817305469.52,1889000944.5,75.7291,
300629.SZ,ÐÂ¾¢¸Õ,2018-09-28,18.9988,19.0888,18.739,18.8689,569898,1.3172,816872803.84,1888000944,75.6891,
300629.SZ,ÐÂ¾¢¸Õ,2018-10-08,18.669,18.669,18.0194,18.1193,585900,1.3542,784422877.84,1813000906.5,72.6823,
300629.SZ,ÐÂ¾¢¸Õ,2018-10-09,18.689,18.689,18.0194,18.3892,289950,0.6701,796104851.2,1840000920,73.7648,
300629.SZ,ÐÂ¾¢¸Õ,2018-10-10,18.5891,18.689,18.2493,18.4891,344750,0.7968,800431508,1850000925,74.1657,
300629.SZ,ÐÂ¾¢¸Õ,2018-10-11,17.7296,18.0694,16.6402,16.6402,697200,1.6114,720388357.2,1665000832.5,66.7491,
300629.SZ,ÐÂ¾¢¸Õ,2018-10-12,16.5403,16.5503,15.0012,15.9806,792850,1.8325,691832422.32,1599000799.5,64.1032,
300629.SZ,ÐÂ¾¢¸Õ,2018-10-15,15.9306,16.5303,15.5508,15.6908,563700,1.3029,679285117.6,1570000785,62.9406,
300629.SZ,ÐÂ¾¢¸Õ,2018-10-16,17.2598,17.2598,17.2598,17.2598,592998,1.3706,747213629.36,1727000863.5,69.2346,
300629.SZ,ÐÂ¾¢¸Õ,2018-10-17,17.8895,18.4791,16.9001,17.5397,2573798,5.9487,759328268.4,1755000877.5,70.3571,
300629.SZ,ÐÂ¾¢¸Õ,2018-10-18,16.6902,16.7202,15.7907,15.9206,1571588,3.6323,689236428.24,1593000796.5,63.8626,
300629.SZ,ÐÂ¾¢¸Õ,2018-10-19,15.0911,16.2005,15.0012,15.8906,1174850,2.7154,687938431.2,1590000795,63.7424,
300629.SZ,ÐÂ¾¢¸Õ,2018-10-22,16.0006,16.8801,16.0006,16.6902,1363872,3.1523,722551685.6,1670000835,66.9495,
300629.SZ,ÐÂ¾¢¸Õ,2018-10-23,16.3904,17.3198,16.1505,16.6502,1245822,2.8794,720821022.88,1666000833,66.7892,
300629.SZ,ÐÂ¾¢¸Õ,2018-10-24,16.4903,16.97,16.4903,16.8401,861850,1.992,729041670.8,1685000842.5,67.5509,
300629.SZ,ÐÂ¾¢¸Õ,2018-10-25,16.1905,16.5403,15.9006,16.4803,788900,1.8233,713465706.32,1649000824.5,66.1077,
300629.SZ,ÐÂ¾¢¸Õ,2018-10-26,16.6002,16.98,16.3904,16.5902,708350,1.6372,718225028.8,1660000830,70.6013,
300629.SZ,ÐÂ¾¢¸Õ,2018-10-29,16.2904,16.6402,16.0605,16.2205,460350,1.064,702216398.64,1623000811.5,69.0277,
300629.SZ,ÐÂ¾¢¸Õ,2018-10-30,16.0905,16.6402,15.8407,16.4403,699681,1.6171,711735043.6,1645000822.5,69.9634,
300629.SZ,ÐÂ¾¢¸Õ,2018-10-31,16.4503,16.8701,16.3804,16.6402,637471,1.4734,720388357.2,1665000832.5,70.814,
300629.SZ,ÐÂ¾¢¸Õ,2018-11-01,16.6802,17.2698,16.5403,16.8401,1430872,3.3071,729041670.8,1685000842.5,71.6646,
300629.SZ,ÐÂ¾¢¸Õ,2018-11-02,16.94,17.2698,16.8001,17.2299,1453650,3.3598,745915632.32,1724000862,73.3233,
300629.SZ,ÐÂ¾¢¸Õ,2018-11-05,17.2798,17.4897,16.7202,17.1199,1368550,3.1631,741156309.84,1713000856.5,72.8555,
300629.SZ,ÐÂ¾¢¸Õ,2018-11-06,17.0799,17.0899,16.5603,16.7801,644000,1.4884,726445676.72,1679000839.5,71.4094,
300629.SZ,ÐÂ¾¢¸Õ,2018-11-07,16.7801,17.0899,16.7002,16.8501,715250,1.6531,729474336.48,1686000843,71.7072,
300629.SZ,ÐÂ¾¢¸Õ,2018-11-08,16.97,17.05,16.5902,16.6102,690200,1.5952,719090360.16,1662000831,70.6864,
300629.SZ,ÐÂ¾¢¸Õ,2018-11-09,16.6102,16.7901,16.4903,16.5702,456159,1.0543,717359697.44,1658000829,70.5163,
300629.SZ,ÐÂ¾¢¸Õ,2018-11-12,16.5702,17.07,16.3504,17.04,672338,1.5539,737694984.4,1705000852.5,72.5152,
300629.SZ,ÐÂ¾¢¸Õ,2018-11-13,16.8901,17.5797,16.6902,17.3098,1323647,3.0593,749376957.76,1732000866,73.6636,
300629.SZ,ÐÂ¾¢¸Õ,2018-11-14,17.1899,17.5197,17.04,17.1599,970750,2.2436,742886972.56,1717000858.5,73.0256,
300629.SZ,ÐÂ¾¢¸Õ,2018-11-15,17.2299,17.8695,17.1199,17.7096,1466362,3.3891,766683584.96,1772000886,75.3648,
300629.SZ,ÐÂ¾¢¸Õ,2018-11-16,17.8895,18.9189,17.6996,18.0894,1928900,4.4582,783124880.8,1810000905,76.981,
300629.SZ,ÐÂ¾¢¸Õ,2018-11-19,18.2892,18.2892,17.7595,18.0794,1017200,2.351,782692215.12,1809000904.5,76.9385,
300629.SZ,ÐÂ¾¢¸Õ,2018-11-20,18.0794,18.5091,17.3898,17.5597,1307450,3.0218,760193599.76,1757000878.5,74.7268,
300629.SZ,ÐÂ¾¢¸Õ,2018-11-21,17.0899,17.6396,17.0899,17.4697,913850,2.1121,756299608.64,1748000874,74.3441,
300629.SZ,ÐÂ¾¢¸Õ,2018-11-22,17.6096,17.7895,17.4098,17.4997,730547,1.6885,757597605.68,1751000875.5,74.4717,
300629.SZ,ÐÂ¾¢¸Õ,2018-11-23,17.4098,17.7196,16.1505,16.1905,1082048,2.5009,700918401.6,1620000810,68.9001,
300629.SZ,ÐÂ¾¢¸Õ,2018-11-26,16.2904,16.5702,15.5908,15.9206,901450,2.0835,689236428.24,1593000796.5,67.7518,
300629.SZ,ÐÂ¾¢¸Õ,2018-11-27,15.9906,16.4603,15.9906,16.3504,753150,1.7407,707841052.48,1636000818,69.5806,
300629.SZ,ÐÂ¾¢¸Õ,2018-11-28,16.3904,16.5303,15.9206,16.4803,821557,1.8988,713465706.32,1649000824.5,70.1335,
300629.SZ,ÐÂ¾¢¸Õ,2018-11-29,16.5003,16.7102,15.8707,15.9206,972957,2.2488,689236428.24,1593000796.5,67.7518,
300629.SZ,ÐÂ¾¢¸Õ,2018-11-30,15.7907,16.6402,15.7907,16.3204,1030388,2.3815,706543055.44,1633000816.5,69.453,
300629.SZ,ÐÂ¾¢¸Õ,2018-12-03,16.6202,16.97,16.4003,16.8401,1213158,2.8039,729041670.8,1685000842.5,71.6646,
300629.SZ,ÐÂ¾¢¸Õ,2018-12-04,16.8401,17.0899,16.6902,17.04,938240,2.1685,737694984.4,1705000852.5,72.5152,
300629.SZ,ÐÂ¾¢¸Õ,2018-12-05,16.6602,16.96,16.2904,16.8201,614211,1.4196,728176339.44,1683000841.5,71.5796,
300629.SZ,ÐÂ¾¢¸Õ,2018-12-06,16.8201,18.4991,16.6402,17.2498,2068743,4.7814,746780963.68,1726000863,73.4084,
300629.SZ,ÐÂ¾¢¸Õ,2018-12-07,17.07,17.4597,16.8101,17.2898,1753627,4.0531,748511626.4,1730000865,73.5785,
300629.SZ,ÐÂ¾¢¸Õ,2018-12-10,17,17.04,16.4803,16.5203,1021386,2.3607,715196369.04,1653000826.5,70.3036,
300629.SZ,ÐÂ¾¢¸Õ,2018-12-11,16.6702,16.6902,16.3704,16.5103,796759,1.8415,714763703.36,1652000826,70.2611,
300629.SZ,ÐÂ¾¢¸Õ,2018-12-12,16.7102,16.7102,16.3904,16.4703,670562,1.5498,713033040.64,1648000824,70.091,
300629.SZ,ÐÂ¾¢¸Õ,2018-12-13,16.3904,16.7102,16.3604,16.5503,990291,2.2888,716494366.08,1656000828,70.4312,
300629.SZ,ÐÂ¾¢¸Õ,2018-12-14,16.4903,16.6202,15.7707,15.8107,1167539,2.6985,684477105.76,1582000791,67.2839,
300629.SZ,ÐÂ¾¢¸Õ,2018-12-17,15.7207,15.9806,15.5908,15.8906,643003,1.4861,687938431.2,1590000795,67.6242,
300629.SZ,ÐÂ¾¢¸Õ,2018-12-18,15.8607,16.6602,15.5409,16.0406,915750,2.1165,694428416.4,1605000802.5,68.2621,
300629.SZ,ÐÂ¾¢¸Õ,2018-12-19,15.9906,15.9906,15.5608,15.6708,660536,1.5267,678419786.24,1568000784,66.6885,
300629.SZ,ÐÂ¾¢¸Õ,2018-12-20,15.4509,15.9506,15.4209,15.8207,724854,1.6753,684909771.44,1583000791.5,67.3265,
300629.SZ,ÐÂ¾¢¸Õ,2018-12-21,15.8307,15.8307,15.4409,15.6508,562320,1.2997,677554454.88,1566000783,66.6034,
300629.SZ,ÐÂ¾¢¸Õ,2018-12-24,15.6508,16.0805,15.6108,15.9906,788473,1.8224,692265088,1600000800,68.0495,
300629.SZ,ÐÂ¾¢¸Õ,2018-12-25,15.7907,15.9406,15.2011,15.7507,845716,1.9547,681881111.68,1576000788,67.0287,
300629.SZ,ÐÂ¾¢¸Õ,2018-12-26,15.6508,15.8107,15.4709,15.5409,657822,1.5204,672795132.4,1555000777.5,66.1356,
300629.SZ,ÐÂ¾¢¸Õ,2018-12-27,15.7907,15.9706,15.5009,15.5608,1113231,2.573,673660463.76,1557000778.5,66.2207,
300629.SZ,ÐÂ¾¢¸Õ,2018-12-28,15.4909,15.7707,15.371,15.3809,541050,1.2505,665872481.52,1539000769.5,65.4551,
300629.SZ,ÐÂ¾¢¸Õ,2019-01-02,15.4909,15.5808,15.1711,15.301,586150,1.3547,662411156.08,1531000765.5,65.1149,
300629.SZ,ÐÂ¾¢¸Õ,2019-01-03,15.4009,16.3404,15.241,15.7907,1802419,4.1658,683611774.4,1580000790,67.1989,
300629.SZ,ÐÂ¾¢¸Õ,2019-01-04,15.341,16.1705,15.0711,16.0406,1512134,3.4949,694428416.4,1605000802.5,68.2621,
300629.SZ,ÐÂ¾¢¸Õ,2019-01-07,16.96,17.6496,16.96,17.6496,1400658,3.2373,764087590.88,1766000883,75.1096,
300629.SZ,ÐÂ¾¢¸Õ,2019-01-08,18.709,19.4186,17.9894,17.9894,6913466,15.9788,778798224,1800000900,76.5557,
300629.SZ,ÐÂ¾¢¸Õ,2019-01-09,17.7396,17.7695,16.99,17.1999,4168818,9.6352,744617635.28,1721000860.5,73.1957,
300629.SZ,ÐÂ¾¢¸Õ,2019-01-10,16.99,17.04,16.6602,16.7202,2176837,5.0312,723849682.64,1673000836.5,71.1543,
300629.SZ,ÐÂ¾¢¸Õ,2019-01-11,16.6202,17.5397,16.5203,17.4098,3357295,7.7596,753703614.56,1742000871,74.0889,
300629.SZ,ÐÂ¾¢¸Õ,2019-01-14,17.1899,17.2798,16.6902,16.6902,1829595,4.2287,722551685.6,1670000835,71.0267,
300629.SZ,ÐÂ¾¢¸Õ,2019-01-15,16.6702,17.1299,16.4003,17.06,1405634,3.2488,738560315.76,1707000853.5,72.6003,
300629.SZ,ÐÂ¾¢¸Õ,2019-01-16,17.04,17.3798,16.7002,16.7401,950865,2.1977,724715014,1675000837.5,71.2393,
300629.SZ,ÐÂ¾¢¸Õ,2019-01-17,16.6702,16.8401,16.1705,16.1905,1068324,2.4692,700918401.6,1620000810,68.9001,
300629.SZ,ÐÂ¾¢¸Õ,2019-01-18,16.4103,16.5003,16.1605,16.4303,876925,2.0268,711302377.92,1644000822,69.9209,
300629.SZ,ÐÂ¾¢¸Õ,2019-01-21,16.3004,16.6802,16.3004,16.4403,829773,1.9178,711735043.6,1645000822.5,69.9634,
300629.SZ,ÐÂ¾¢¸Õ,2019-01-22,16.2105,17.2399,16.2105,16.7701,1529769,3.5357,726013011.04,1678000839,71.3669,
300629.SZ,ÐÂ¾¢¸Õ,2019-01-23,16.7701,16.7701,16.7701,16.7701,--,--,726013011.04,1678000839,71.3669,
300629.SZ,ÐÂ¾¢¸Õ,2019-01-24,16.7701,16.7701,16.7701,16.7701,--,--,726013011.04,1678000839,71.3669,
300629.SZ,ÐÂ¾¢¸Õ,2019-01-25,16.7701,16.7701,16.7701,16.7701,--,--,726013011.04,1678000839,71.3669,
300629.SZ,ÐÂ¾¢¸Õ,2019-01-28,16.7701,16.7701,16.7701,16.7701,--,--,726013011.04,1678000839,71.3669,
300629.SZ,ÐÂ¾¢¸Õ,2019-01-29,16.7701,16.7701,16.7701,16.7701,--,--,726013011.04,1678000839,71.3669,
300629.SZ,ÐÂ¾¢¸Õ,2019-01-30,16.7701,16.7701,16.7701,16.7701,--,--,726013011.04,1678000839,71.3669,
300629.SZ,ÐÂ¾¢¸Õ,2019-01-31,16.7701,16.7701,16.7701,16.7701,--,--,726013011.04,1678000839,71.3669,
300629.SZ,ÐÂ¾¢¸Õ,2019-02-01,16.7701,16.7701,16.7701,16.7701,--,--,726013011.04,1678000839,71.3669,
300629.SZ,ÐÂ¾¢¸Õ,2019-02-11,16.7701,16.7701,16.7701,16.7701,--,--,726013011.04,1678000839,71.3669,
300629.SZ,ÐÂ¾¢¸Õ,2019-02-12,16.7701,16.7701,16.7701,16.7701,--,--,726013011.04,1678000839,71.3669,
300629.SZ,ÐÂ¾¢¸Õ,2019-02-13,18.4491,18.4491,18.4491,18.4491,169951,0.3928,798700845.28,1846000923,78.5121,
300629.SZ,ÐÂ¾¢¸Õ,2019-02-14,20.1781,20.1781,18.5991,18.609,4801696,11.0979,805623496.16,1862000931,79.1926,
300629.SZ,ÐÂ¾¢¸Õ,2019-02-15,18.3892,18.4491,17.8295,18.0594,2811086,6.4971,781826883.76,1807000903.5,76.8534,
300629.SZ,ÐÂ¾¢¸Õ,2019-02-18,18.0694,18.739,17.9694,18.639,2844500,6.5744,806921493.2,1865000932.5,79.3202,
300629.SZ,ÐÂ¾¢¸Õ,2019-02-19,18.4391,18.5891,18.0894,18.3892,2596295,6.0007,796104851.2,1840000920,78.2569,
300629.SZ,ÐÂ¾¢¸Õ,2019-02-20,18.2992,18.649,18.0194,18.4391,2798766,6.4687,798268179.6,1845000922.5,78.4696,
300629.SZ,ÐÂ¾¢¸Õ,2019-02-21,18.5291,18.659,18.0394,18.1793,3004765,6.9448,787018871.92,1819000909.5,77.3638,
300629.SZ,ÐÂ¾¢¸Õ,2019-02-22,17.9894,18.2493,17.8095,18.2493,1951200,4.5097,790047531.68,1826000913,77.6615,
300629.SZ,ÐÂ¾¢¸Õ,2019-02-25,18.4791,19.2787,18.2493,19.0588,3566827,8.2438,825093451.76,1907000953.5,81.1065,
300629.SZ,ÐÂ¾¢¸Õ,2019-02-26,18.9289,20.8777,18.5091,19.5285,4689510,10.8386,845428738.72,1954000977,83.1054,
300629.SZ,ÐÂ¾¢¸Õ,2019-02-27,19.3686,21.3874,19.3686,20.318,5358470,12.3848,879609327.44,2033001016.5,86.4654,
300629.SZ,ÐÂ¾¢¸Õ,2019-02-28,19.8383,20.0882,18.9988,19.8583,3139721,7.2567,859706706.16,1987000993.5,221.4565,
300629.SZ,ÐÂ¾¢¸Õ,2019-03-01,20.0682,20.2281,19.3886,19.9083,2119273,4.8982,861870034.56,1992000996,222.0137,
300629.SZ,ÐÂ¾¢¸Õ,2019-03-04,19.8983,20.5379,19.7484,19.9782,3089300,7.1402,864898694.32,1999000999.5,222.7939,
300629.SZ,ÐÂ¾¢¸Õ,2019-03-05,19.8383,20.2681,19.5985,20.2381,2685469,6.2068,876148002,2025001012.5,225.6917,
300629.SZ,ÐÂ¾¢¸Õ,2019-03-06,20.6878,20.6878,19.6984,20.2081,2663087,6.1551,874850004.96,2022001011,225.3573,
300629.SZ,ÐÂ¾¢¸Õ,2019-03-07,20.1282,21.0876,19.7884,20.8877,4228783,9.7738,904271271.2,2090001045,232.9361,
300629.SZ,ÐÂ¾¢¸Õ,2019-03-08,20.388,20.8677,19.7784,19.7784,2681573,6.1978,856245380.72,1979000989.5,220.5649,
300629.SZ,ÐÂ¾¢¸Õ,2019-03-11,19.8383,20.5379,19.7884,20.4779,1772235,4.0961,886531978.32,2049001024.5,228.3665,
300629.SZ,ÐÂ¾¢¸Õ,2019-03-12,20.6878,21.7572,20.4879,21.4574,4461150,10.3108,928933214.96,2147001073.5,239.2889,
300629.SZ,ÐÂ¾¢¸Õ,2019-03-13,21.1875,21.4274,20.1781,20.398,2970442,6.8654,883070652.88,2041001020.5,227.4749,
300629.SZ,ÐÂ¾¢¸Õ,2019-03-14,19.8883,20.1881,18.9888,19.2787,1997537,4.6168,834612096.72,1929000964.5,214.9922,
300629.SZ,ÐÂ¾¢¸Õ,2019-03-15,19.2787,19.6384,19.2787,19.4086,1231018,2.8452,840236750.56,1942000971,216.4411,
300629.SZ,ÐÂ¾¢¸Õ,2019-03-18,19.4086,19.9583,19.4086,19.8883,917829,2.1213,861004703.2,1990000995,221.7908,
300629.SZ,ÐÂ¾¢¸Õ,2019-03-19,19.9882,20.0982,19.6984,19.7884,918450,2.1228,856678046.4,1980000990,220.6763,
300629.SZ,ÐÂ¾¢¸Õ,2019-03-20,19.9882,20.458,19.0088,20.458,1636863,3.7832,885666646.96,2047001023.5,228.1436,
300629.SZ,ÐÂ¾¢¸Õ,2019-03-21,20.2081,20.4879,20.0782,20.2281,1435613,3.3181,875715336.32,2024001012,225.5802,
300629.SZ,ÐÂ¾¢¸Õ,2019-03-22,20.1381,20.5379,20.0882,20.448,1494850,3.455,885233981.28,2046001023,228.0322,
300629.SZ,ÐÂ¾¢¸Õ,2019-03-25,20.2381,21.5473,20.0482,21.0076,3565136,8.2399,909463259.36,2102001051,234.2735,
300629.SZ,ÐÂ¾¢¸Õ,2019-03-26,20.7878,22.137,20.6878,20.7878,3544349,8.1919,899944614.4,2080001040,231.8216,
300629.SZ,ÐÂ¾¢¸Õ,2019-03-27,20.368,20.368,19.1387,19.4386,2551300,5.8967,841534747.6,1945000972.5,237.5103,
300629.SZ,ÐÂ¾¢¸Õ,2019-03-28,19.0388,19.4885,18.8689,18.9988,1881051,4.3476,822497457.68,1901000950.5,232.1373,
300629.SZ,ÐÂ¾¢¸Õ,2019-03-29,19.2287,19.5385,19.0188,19.4685,1260080,2.9124,842832744.64,1948000974,237.8766,
300629.SZ,ÐÂ¾¢¸Õ,2019-04-01,19.7784,20.1182,19.5285,20.0782,1664069,3.8461,869225351.12,2009001004.5,245.3255,
300629.SZ,ÐÂ¾¢¸Õ,2019-04-02,20.5679,21.1875,20.0282,20.6478,2585317,5.9753,893887294.88,2066001033,252.286,
300629.SZ,ÐÂ¾¢¸Õ,2019-04-03,20.6778,21.2775,20.4879,20.8877,2138559,4.9428,904271271.2,2090001045,255.2167,
300629.SZ,ÐÂ¾¢¸Õ,2019-04-04,21.2475,21.2575,20.398,20.8477,1915389,4.4269,902540608.48,2086001043,254.7282,
300629.SZ,ÐÂ¾¢¸Õ,2019-04-08,20.9876,21.1176,19.9882,20.1681,1762497,4.0736,873119342.24,2018001009,246.4245,
300629.SZ,ÐÂ¾¢¸Õ,2019-04-09,20.348,20.428,19.9882,20.368,1499350,3.4654,881772655.84,2038001019,248.8668,
300629.SZ,ÐÂ¾¢¸Õ,2019-04-10,20.1881,20.2381,19.8583,19.8683,1278200,2.9542,860139371.84,1988000994,242.7611,
300629.SZ,ÐÂ¾¢¸Õ,2019-04-11,19.9083,20.0182,19.2387,19.4685,1096500,2.5343,842832744.64,1948000974,237.8766,
300629.SZ,ÐÂ¾¢¸Õ,2019-04-12,19.4286,19.7284,19.3086,19.6085,909445,2.102,848890064.16,1962000981,239.5862,
300629.SZ,ÐÂ¾¢¸Õ,2019-04-15,19.6684,20.0982,19.5685,19.6085,969805,2.2415,848890064.16,1962000981,239.5862,
300629.SZ,ÐÂ¾¢¸Õ,2019-04-16,19.2986,20.1381,18.9888,20.1182,1184491,2.7377,870956013.84,2013001006.5,245.814,
300629.SZ,ÐÂ¾¢¸Õ,2019-04-17,20.1182,20.5879,20.0082,20.2881,1401850,3.24,878311330.4,2030001015,247.8899,
300629.SZ,ÐÂ¾¢¸Õ,2019-04-18,20.0982,20.7578,20.0182,20.1681,1028501,2.3771,873119342.24,2018001009,246.4245,
300629.SZ,ÐÂ¾¢¸Õ,2019-04-19,20.1681,20.5779,20.0382,20.4879,1070442,2.4741,886964644,2050001025,250.3322,
300629.SZ,ÐÂ¾¢¸Õ,2019-04-22,20.6678,21.1476,20.2981,20.5879,1849286,4.2742,891291300.8,2060001030,251.5533,
300629.SZ,ÐÂ¾¢¸Õ,2019-04-23,20.4879,20.5279,19.5885,19.6884,1222745,2.8261,852351389.6,1970000985,240.5631,
300629.SZ,ÐÂ¾¢¸Õ,2019-04-24,19.9682,20.0882,19.6085,20.0182,823145,1.9025,866629357.04,2003001001.5,244.5928,
300629.SZ,ÐÂ¾¢¸Õ,2019-04-25,20.0882,20.1681,19.0588,19.1187,1250450,2.8901,827689445.84,1913000956.5,233.6026,
300629.SZ,ÐÂ¾¢¸Õ,2019-04-26,19.1088,19.4885,18.7889,18.7889,707550,1.6353,813411478.4,1880000940,342.9264,
300629.SZ,ÐÂ¾¢¸Õ,2019-04-29,18.759,18.9289,16.99,17.0999,1285450,2.971,740290978.48,1711000855.5,312.0995,
300629.SZ,ÐÂ¾¢¸Õ,2019-04-30,17.3398,17.8895,17.2898,17.7396,789360,1.8244,767981582,1775000887.5,323.7736,
300629.SZ,ÐÂ¾¢¸Õ,2019-05-06,17.2399,17.4497,16.0106,16.2504,1018650,2.3544,703514395.68,1626000813,296.5948,
300629.SZ,ÐÂ¾¢¸Õ,2019-05-07,16.6502,16.94,16.4203,16.7302,788895,1.8233,724282348.32,1674000837,305.3504,
300629.SZ,ÐÂ¾¢¸Õ,2019-05-08,16.4903,17.9794,16.2504,17.0899,768250,1.7756,739858312.8,1710000855,311.9171,
300629.SZ,ÐÂ¾¢¸Õ,2019-05-09,16.7901,17.7396,16.7401,17.1899,572345,1.3228,744184969.6,1720000860,313.7412,
300629.SZ,ÐÂ¾¢¸Õ,2019-05-10,17.1199,17.7795,16.94,17.7496,1022650,2.3636,768414247.68,1776000888,323.956,
300629.SZ,ÐÂ¾¢¸Õ,2019-05-13,17.5497,18.0594,17.3598,17.7396,927850,2.1445,767981582,1775000887.5,323.7736,
300629.SZ,ÐÂ¾¢¸Õ,2019-05-14,17.7196,18.2892,17.4397,17.9294,1351725,3.1242,776202229.92,1794000897,327.2393,
300629.SZ,ÐÂ¾¢¸Õ,2019-05-15,17.9894,18.3292,17.6396,17.9394,948675,2.1926,776634895.6,1795000897.5,327.4218,
300629.SZ,ÐÂ¾¢¸Õ,2019-05-16,17.9894,18.1093,17.6996,17.8795,675450,1.5611,774038901.52,1789000894.5,326.3273,
300629.SZ,ÐÂ¾¢¸Õ,2019-05-17,17.8895,17.9994,16.5702,16.6302,1197592,2.7679,719955691.52,1664000832,303.5263,
300629.SZ,ÐÂ¾¢¸Õ,2019-05-20,16.2404,18.2593,16.2404,17.3598,1121310,2.5916,751540286.16,1737000868.5,316.8421,
300629.SZ,ÐÂ¾¢¸Õ,2019-05-21,16.91,17.2698,16.6502,17.01,1100643,2.5439,736396987.36,1702000851,310.4578,
300629.SZ,ÐÂ¾¢¸Õ,2019-05-22,17.01,17.7396,16.8901,17.3298,956490,2.2107,750242289.12,1734000867,316.2949,
300629.SZ,ÐÂ¾¢¸Õ,2019-05-23,17.2498,17.3698,16.95,16.98,819214,1.8934,735098990.32,1699000849.5,309.9106,
300629.SZ,ÐÂ¾¢¸Õ,2019-05-24,16.81,17.4,16.72,17.28,698679,1.6148,747646295.04,1728000864,315.2004,
300629.SZ,ÐÂ¾¢¸Õ,2019-05-27,17.32,17.7,17.05,17.66,1102709,2.5486,764087590.88,1766000883,322.1319,
300629.SZ,ÐÂ¾¢¸Õ,2019-05-28,17.9,17.98,17.41,17.96,1345716,3.1103,777067561.28,1796000898,327.6042,
300629.SZ,ÐÂ¾¢¸Õ,2019-05-29,18.12,18.12,17.71,17.96,761277,1.7595,777067561.28,1796000898,327.6042,
300629.SZ,ÐÂ¾¢¸Õ,2019-05-30,17.98,18,17.62,17.7,1000650,2.3128,765818253.6,1770000885,322.8615,
300629.SZ,ÐÂ¾¢¸Õ,2019-05-31,17.66,18.18,17.66,18.15,1119704,2.5879,785288209.2,1815000907.5,331.0699,
300629.SZ,ÐÂ¾¢¸Õ,2019-06-03,19.97,19.97,19.97,19.97,446459,1.0319,864033362.96,1997000998.5,364.2681,
300629.SZ,ÐÂ¾¢¸Õ,2019-06-04,20.03,21.2,18.78,18.99,4641973,10.7288,821632126.32,1899000949.5,346.3922,
300629.SZ,ÐÂ¾¢¸Õ,2019-06-05,18.11,19.35,18.1,18.55,2464492,5.6961,802594836.4,1855000927.5,338.3662,
300629.SZ,ÐÂ¾¢¸Õ,2019-06-06,18.33,18.5,18,18.03,1837095,4.246,780096221.04,1803000901.5,328.881,
300629.SZ,ÐÂ¾¢¸Õ,2019-06-10,18.1,18.97,17.86,18.94,1768983,4.0886,819468797.92,1894000947,345.4801,
300629.SZ,ÐÂ¾¢¸Õ,2019-06-11,18.94,19.45,18.7,19.25,1767371,4.0848,832881434,1925000962.5,351.1347,
300629.SZ,ÐÂ¾¢¸Õ,2019-06-12,19.27,21,19.11,20.39,3542754,8.1882,882205321.52,2039001019.5,371.9292,
300629.SZ,ÐÂ¾¢¸Õ,2019-06-13,20.44,21,19.94,20.9,3076432,7.1104,904271271.2,2090001045,381.232,
300629.SZ,ÐÂ¾¢¸Õ,2019-06-14,21.12,21.6,19.85,19.85,2724673,6.2974,858841374.8,1985000992.5,362.0792,
300629.SZ,ÐÂ¾¢¸Õ,2019-06-17,19.9,20.86,19.3,20.55,2689742,6.2167,889127972.4,2055001027.5,374.8477,
300629.SZ,ÐÂ¾¢¸Õ,2019-06-18,20.54,20.97,20.21,20.57,2889330,6.678,889993303.76,2057001028.5,375.2126,
300629.SZ,ÐÂ¾¢¸Õ,2019-06-19,20.85,21.38,20.69,20.87,2596222,6.0005,902973274.16,2087001043.5,380.6848,
300629.SZ,ÐÂ¾¢¸Õ,2019-06-20,20.76,21.37,20.5,21.2,3081985,7.1232,917251241.6,2120001060,386.7042,
300629.SZ,ÐÂ¾¢¸Õ,2019-06-21,21.86,23.32,21.11,23.32,3613255,8.3511,1008976365.76,2332001166,425.3747,
300629.SZ,ÐÂ¾¢¸Õ,2019-06-24,24.99,25.65,23.94,25.65,6872848,15.8849,1109787469.2,2565001282.5,467.8756,
300629.SZ,ÐÂ¾¢¸Õ,2019-06-25,26.5,26.96,23.09,23.09,5721991,13.225,999025055.12,2309001154.5,421.1793,
300629.SZ,ÐÂ¾¢¸Õ,2019-06-26,20.8,21.95,20.8,21.42,5688147,13.1467,926769886.56,2142001071,390.7172,
300629.SZ,ÐÂ¾¢¸Õ,2019-06-27,21.01,23.56,21.01,23.56,4722722,10.9154,1019360342.08,2356001178,429.7524,
300629.SZ,ÐÂ¾¢¸Õ,2019-06-28,24.37,24.37,22.87,23.36,3715252,8.5869,1010707028.48,2336001168,426.1043,
300629.SZ,ÐÂ¾¢¸Õ,2019-07-01,24.09,24.1,23.37,23.7,2919322,6.7057,1031775755.4,2370001185,432.3062,
300629.SZ,ÐÂ¾¢¸Õ,2019-07-02,23.33,23.86,23.11,23.35,2085026,4.7893,1016538560.7,2335001167.5,425.9219,
300629.SZ,ÐÂ¾¢¸Õ,2019-07-03,23.36,23.49,22.25,22.4,1751028,4.0221,975180460.8,2240001120,408.5932,
300629.SZ,ÐÂ¾¢¸Õ,2019-07-04,22.31,23.1,22.25,22.91,1501750,3.4495,997383230.22,2291001145.5,417.8959,
300629.SZ,ÐÂ¾¢¸Õ,2019-07-05,22.72,25.2,22.6,24.75,4496500,10.3285,1077487339.5,2475001237.5,451.459,
300629.SZ,ÐÂ¾¢¸Õ,2019-07-08,24.2,24.49,23.57,24.01,2913029,6.6913,1045271556.42,2401001200.5,437.9608,
300629.SZ,ÐÂ¾¢¸Õ,2019-07-09,24.5,25.2,23.86,24.26,2627515,6.0354,1056155266.92,2426001213,442.521,
300629.SZ,ÐÂ¾¢¸Õ,2019-07-10,24.28,24.97,22.88,23.77,2342701,5.3812,1034823194.34,2377001188.5,433.583,
300629.SZ,ÐÂ¾¢¸Õ,2019-07-11,23.77,23.77,23.77,23.77,--,--,1034823194.34,2377001188.5,433.583,
300629.SZ,ÐÂ¾¢¸Õ,2019-07-12,23.88,23.88,21.39,22.48,2495187,5.7315,978663248.16,2248001124,410.0524,
300629.SZ,ÐÂ¾¢¸Õ,2019-07-15,21.62,23.69,21.62,22.88,2151500,4.942,996077184.96,2288001144,417.3487,
300629.SZ,ÐÂ¾¢¸Õ,2019-07-16,22.96,24,22.96,23.3,1708250,3.9239,1014361818.6,2330001165,425.0099,
300629.SZ,ÐÂ¾¢¸Õ,2019-07-17,23.04,23.57,23,23,936791,2.1518,1001301366,2300001150,419.5376,
300629.SZ,ÐÂ¾¢¸Õ,2019-07-18,22.98,23.35,21.94,22.2,1591700,3.6562,966473492.4,2220001110,404.945,
300629.SZ,ÐÂ¾¢¸Õ,2019-07-19,22.33,22.75,21.96,22.08,843550,1.9376,961249311.36,2208001104,402.7561,
300629.SZ,ÐÂ¾¢¸Õ,2019-07-22,21.99,22.27,20.81,20.89,1332429,3.0606,909442849.38,2089001044.5,381.0496,
300629.SZ,ÐÂ¾¢¸Õ,2019-07-23,21.11,22.58,21.08,22.24,1744750,4.0077,968214886.08,2224001112,405.6746,
300629.SZ,ÐÂ¾¢¸Õ,2019-07-24,22.23,22.8,22.03,22.29,1467141,3.37,970391628.18,2229001114.5,406.5867,
300629.SZ,ÐÂ¾¢¸Õ,2019-07-25,22.04,22.76,21.53,22.32,1964100,4.5116,971697673.44,2232001116,407.1339,
300629.SZ,ÐÂ¾¢¸Õ,2019-07-26,21.98,22,21.59,21.98,677049,1.5552,956895827.16,2198001099,400.932,
300629.SZ,ÐÂ¾¢¸Õ,2019-07-29,22,22.47,21.62,22.47,1771535,4.0692,978227899.74,2247001123.5,409.87,
300629.SZ,ÐÂ¾¢¸Õ,2019-07-30,22.25,22.48,21.87,21.9,1008150,2.3157,953413039.8,2190001095,399.4728,
300629.SZ,ÐÂ¾¢¸Õ,2019-07-31,22.19,22.19,21.71,21.95,622481,1.4298,955589781.9,2195001097.5,400.3848,
300629.SZ,ÐÂ¾¢¸Õ,2019-08-01,21.99,22.15,21.43,21.45,888750,2.0415,933822360.9,2145001072.5,391.2644,
300629.SZ,ÐÂ¾¢¸Õ,2019-08-02,21.05,21.45,20.8,21.45,1491500,3.426,933822360.9,2145001072.5,391.2644,
300629.SZ,ÐÂ¾¢¸Õ,2019-08-05,21.4,21.66,20.81,21.05,988050,2.2696,916408424.1,2105001052.5,383.9681,
300629.SZ,ÐÂ¾¢¸Õ,2019-08-06,20.78,21.23,19.58,21.08,1545349,3.5497,917714469.36,2108001054,384.5154,
300629.SZ,ÐÂ¾¢¸Õ,2019-08-07,21,21.59,20.56,20.85,888050,2.0399,907701455.7,2085001042.5,380.32,
300629.SZ,ÐÂ¾¢¸Õ,2019-08-08,20.8,21.18,20.52,20.95,1108250,2.5457,912054939.9,2095001047.5,382.144,
300629.SZ,ÐÂ¾¢¸Õ,2019-08-09,21,21.39,20.27,20.55,923850,2.1221,894641003.1,2055001027.5,374.8477,
300629.SZ,ÐÂ¾¢¸Õ,2019-08-12,20.65,20.75,20.4,20.59,436588,1.0028,896382396.78,2059001029.5,375.5774,
300629.SZ,ÐÂ¾¢¸Õ,2019-08-13,20.4,20.62,18.97,20.01,2157497,4.9558,871132188.42,2001001000.5,364.9977,
300629.SZ,ÐÂ¾¢¸Õ,2019-08-14,19.77,19.88,19.12,19.6,2342696,5.3812,853282903.2,1960000980,357.519,
300629.SZ,ÐÂ¾¢¸Õ,2019-08-15,19.01,19.15,18.42,18.87,1377250,3.1636,821502468.54,1887000943.5,344.2032,
300629.SZ,ÐÂ¾¢¸Õ,2019-08-16,18.9,19.19,18.62,18.94,1092250,2.5089,824549907.48,1894000947,345.4801,
300629.SZ,ÐÂ¾¢¸Õ,2019-08-19,19.14,19.25,18.76,19.22,1533900,3.5234,836739663.24,1922000961,350.5875,
300629.SZ,ÐÂ¾¢¸Õ,2019-08-20,19.29,19.57,18.9,19.35,1448000,3.3261,842399192.7,1935000967.5,352.9588,
300629.SZ,ÐÂ¾¢¸Õ,2019-08-21,19.28,19.5,19.08,19.31,1208500,2.7759,840657799.02,1931000965.5,352.2292,
300629.SZ,ÐÂ¾¢¸Õ,2019-08-22,19.31,20.6,19.16,19.98,2561847,5.8846,869826143.16,1998000999,364.4505,
300629.SZ,ÐÂ¾¢¸Õ,2019-08-23,19.67,19.99,19.17,19.18,1568250,3.6023,834998269.56,1918000959,349.8579,
300629.SZ,ÐÂ¾¢¸Õ,2019-08-26,18.85,18.98,18.56,18.98,1024464,2.3532,826291301.16,1898000949,346.2097,
300629.SZ,ÐÂ¾¢¸Õ,2019-08-27,18.86,19.39,18.78,19.35,1236539,2.8403,842399192.7,1935000967.5,352.9588,
300629.SZ,ÐÂ¾¢¸Õ,2019-08-28,19.32,20.65,19.22,19.74,1862701,4.2786,859377781.08,1974000987,360.0727,
300629.SZ,ÐÂ¾¢¸Õ,2019-08-29,19.7,20.1,19.6,19.73,1374900,3.1582,858942432.66,1973000986.5,359.8903,
300629.SZ,ÐÂ¾¢¸Õ,2019-08-30,19.68,20.42,19.6,20.24,2576388,5.918,881145202.08,2024001012,-348.3859,
300629.SZ,ÐÂ¾¢¸Õ,2019-09-02,20.33,22.22,20.3,21.2,4060161,9.3262,922938650.4,2120001060,-364.9101,
300629.SZ,ÐÂ¾¢¸Õ,2019-09-03,21.11,22.1,20.66,21.59,3500560,8.0408,939917238.78,2159001079.5,-371.6231,
300629.SZ,ÐÂ¾¢¸Õ,2019-09-04,21.28,22.1,21.01,21.5,2302916,5.2898,935999103,2150001075,-370.0739,
300629.SZ,ÐÂ¾¢¸Õ,2019-09-05,21.5,22.1,21.14,21.26,2864043,6.5787,925550740.92,2126001063,-365.9429,
300629.SZ,ÐÂ¾¢¸Õ,2019-09-06,21.2,21.47,20.86,21.2,2514188,5.7751,922938650.4,2120001060,-364.9101,
300629.SZ,ÐÂ¾¢¸Õ,2019-09-09,21.36,21.68,20.9,21.44,2223943,5.1084,933387012.48,2144001072,-369.0412,
300629.SZ,ÐÂ¾¢¸Õ,2019-09-10,21.51,21.84,21.16,21.72,2200110,5.0537,945576768.24,2172001086,-373.8607,
300629.SZ,ÐÂ¾¢¸Õ,2019-09-11,21.65,22.34,21.31,22.28,3075111,7.0636,969956279.76,2228001114,-383.4999,
300629.SZ,ÐÂ¾¢¸Õ,2019-09-12,22.49,22.5,21.88,21.9,2314650,5.3168,953413039.8,2190001095,-376.959,
300629.SZ,ÐÂ¾¢¸Õ,2019-09-16,21.81,22.39,21.61,22.3,2275938,5.2279,970826976.6,2230001115,-383.8441,
300629.SZ,ÐÂ¾¢¸Õ,2019-09-17,22.27,22.27,21.2,21.46,1778690,4.0857,934257709.32,2146001073,-369.3854,
300629.SZ,ÐÂ¾¢¸Õ,2019-09-18,21.4,21.62,20.92,20.92,1169850,2.6872,910748894.64,2092001046,-360.0905,
300629.SZ,ÐÂ¾¢¸Õ,2019-09-19,21.05,21.65,20.93,21.5,1168296,2.6836,935999103,2150001075,-370.0739,
300629.SZ,ÐÂ¾¢¸Õ,2019-09-20,21.52,21.72,21.05,21.05,1033500,2.374,916408424.1,2105001052.5,-362.3282,
300629.SZ,ÐÂ¾¢¸Õ,2019-09-23,21.26,21.26,20.68,21.16,888286,2.0404,921197256.72,2116001058,-364.2216,
300629.SZ,ÐÂ¾¢¸Õ,2019-09-24,21,21.21,20.75,21.07,1305300,2.9983,917279120.94,2107001053.5,-362.6725,
300629.SZ,ÐÂ¾¢¸Õ,2019-09-25,21.15,21.79,20.81,21.68,3048428,7.0023,943835374.56,2628825158.64,-373.1722,
300629.SZ,ÐÂ¾¢¸Õ,2019-09-26,21.8,23.85,20.31,20.45,4097718,9.4125,890287518.9,2479680557.85,-352.0005,
300629.SZ,ÐÂ¾¢¸Õ,2019-09-27,20,20,19.15,19.4,2687088,6.1723,844575934.8,2352361996.2,-333.9272,
300629.SZ,ÐÂ¾¢¸Õ,2019-09-30,19.39,19.64,18.8,18.94,951436,2.1855,824549907.48,2296584340.62,-326.0093,
300629.SZ,ÐÂ¾¢¸Õ,2019-10-08,19.01,19.23,18.8,18.9,708439,1.6273,822808513.8,2291734109.7,-325.3208,
300629.SZ,ÐÂ¾¢¸Õ,2019-10-09,19.02,19.27,18.78,19.27,516421,1.1862,838916405.34,2336598745.71,-331.6895,
300629.SZ,ÐÂ¾¢¸Õ,2019-10-10,19.41,19.85,19.16,19.43,678150,1.5577,845881980.06,2355999669.39,-334.4435,
300629.SZ,ÐÂ¾¢¸Õ,2019-10-11,19.55,19.65,19.21,19.39,744143,1.7093,844140586.38,2351149438.47,-333.755,
300629.SZ,ÐÂ¾¢¸Õ,2019-10-14,19.33,19.7,19.33,19.45,682593,1.5679,846752676.9,2358424784.85,-334.7878,
300629.SZ,ÐÂ¾¢¸Õ,2019-10-15,19.42,19.42,18.85,18.88,797850,1.8327,821937816.96,2289308994.24,-324.9766,
300629.SZ,ÐÂ¾¢¸Õ,2019-10-16,18.87,19.06,18.69,18.69,589541,1.3542,813666196.98,2266270397.37,-390.0871,
300629.SZ,ÐÂ¾¢¸Õ,2019-10-17,18.68,18.68,17.86,18,1258016,2.8897,783627156,2182603914,-375.6858,
300629.SZ,ÐÂ¾¢¸Õ,2019-10-18,18.3,18.44,17.92,18,767002,1.7618,783627156,2182603914,-375.6858,
300629.SZ,ÐÂ¾¢¸Õ,2019-10-21,18.06,18.28,17.65,17.99,684000,1.5712,783191807.58,2181391356.27,-375.4771,
300629.SZ,ÐÂ¾¢¸Õ,2019-10-22,18,18.15,17.81,18.02,535600,1.2303,784497852.84,2185029029.46,-376.1032,
300629.SZ,ÐÂ¾¢¸Õ,2019-10-23,18.02,18.21,17.8,17.82,660000,1.516,775790884.44,2160777874.86,-371.9289,
300629.SZ,ÐÂ¾¢¸Õ,2019-10-24,17.61,18,17.61,17.89,341841,0.7852,778838323.38,2169265778.97,-373.3899,
300629.SZ,ÐÂ¾¢¸Õ,2019-10-25,17.9,18.05,17.74,17.91,446450,1.0255,779709020.22,2171690894.43,-373.8073,
300629.SZ,ÐÂ¾¢¸Õ,2019-10-28,17.93,18.35,17.82,18.2,679750,1.5614,792334124.4,2206855068.6,-379.86,
300629.SZ,ÐÂ¾¢¸Õ,2019-10-29,18.02,18.49,17.9,18,589400,1.3539,783627156,2182603914,-134.227,
300629.SZ,ÐÂ¾¢¸Õ,2019-10-30,17.95,17.97,17.5,17.61,536100,1.2314,766648567.62,2135314162.53,-131.3187,
300629.SZ,ÐÂ¾¢¸Õ,2019-10-31,17.51,17.74,17.15,17.17,633650,1.4555,747493237.14,2081961622.41,-128.0376,
300629.SZ,ÐÂ¾¢¸Õ,2019-11-01,17.17,17.55,17,17.53,635826,1.4605,763165780.26,2125613700.69,-130.7221,
300629.SZ,ÐÂ¾¢¸Õ,2019-11-04,17.45,17.8,17.27,17.76,557316,1.2802,773178793.92,2153502528.48,-132.4373,
300629.SZ,ÐÂ¾¢¸Õ,2019-11-05,17.66,18.86,17.36,18.5,1173550,2.6957,805394577,2243231800.5,-137.9555,
300629.SZ,ÐÂ¾¢¸Õ,2019-11-06,18.4,19,17.95,18.43,2290200,5.2606,802347138.06,2234743896.39,-137.4335,
300629.SZ,ÐÂ¾¢¸Õ,2019-11-07,18,18.09,17.76,17.82,871076,2.0009,775790884.44,2160777874.86,-132.8847,
300629.SZ,ÐÂ¾¢¸Õ,2019-11-08,17.98,17.98,17.35,17.42,811391,1.8638,758376947.64,2112275565.66,-129.9019,
300629.SZ,ÐÂ¾¢¸Õ,2019-11-11,17.4,17.4,16.62,16.8,557300,1.2801,731385345.6,2037096986.4,-125.2785,
300629.SZ,ÐÂ¾¢¸Õ,2019-11-12,16.8,17.15,16.8,16.97,299600,0.6882,738786268.74,2057710467.81,-126.5462,
300629.SZ,ÐÂ¾¢¸Õ,2019-11-13,16.76,17.1,16.76,16.89,265500,0.6099,735303481.38,2048010005.97,-125.9496,
300629.SZ,ÐÂ¾¢¸Õ,2019-11-14,16.86,17,16.82,16.82,380150,0.8732,732256042.44,2039522101.86,-125.4276,
300629.SZ,ÐÂ¾¢¸Õ,2019-11-15,16.99,17.04,16.2,16.2,621000,1.4264,705264440.4,1964343522.6,-120.8043,
300629.SZ,ÐÂ¾¢¸Õ,2019-11-18,16.21,16.45,16.17,16.25,317300,0.7288,707441182.5,1970406311.25,-121.1771,
300629.SZ,ÐÂ¾¢¸Õ,2019-11-19,16.4,16.61,16.11,16.54,541100,1.2429,720066286.68,2005570485.42,-123.3397,
300629.SZ,ÐÂ¾¢¸Õ,2019-11-20,16.41,16.86,16.41,16.48,418650,0.9616,717454196.16,1998295139.04,-122.8922,
300629.SZ,ÐÂ¾¢¸Õ,2019-11-21,16.32,16.59,16.32,16.52,436750,1.0032,719195589.84,2003145369.96,-123.1905,
300629.SZ,ÐÂ¾¢¸Õ,2019-11-22,16.52,16.68,16.04,16.26,589750,1.3547,707876530.92,1971618868.98,-121.2517,
300629.SZ,ÐÂ¾¢¸Õ,2019-11-25,16.26,16.37,16.05,16.16,275300,0.6324,703523046.72,1959493291.68,-120.506,
300629.SZ,ÐÂ¾¢¸Õ,2019-11-26,16.16,16.28,15.99,16.07,364450,0.8371,699604910.94,1948580272.11,-119.8348,
300629.SZ,ÐÂ¾¢¸Õ,2019-11-27,16.03,16.15,15.68,15.88,415643,0.9547,691333290.96,1925541675.24,-118.418,
300629.SZ,ÐÂ¾¢¸Õ,2019-11-28,15.88,15.95,15.73,15.9,576450,1.3241,692203987.8,1927966790.7,-118.5671,
300629.SZ,ÐÂ¾¢¸Õ,2019-11-29,15.86,15.93,15.63,15.81,506450,1.1633,688285852.02,1917053771.13,-117.896,
300629.SZ,ÐÂ¾¢¸Õ,2019-12-02,15.79,15.87,15.58,15.62,406700,0.9342,680014232.04,1894015174.26,-116.4792,
300629.SZ,ÐÂ¾¢¸Õ,2019-12-03,15.49,15.49,15.01,15.27,1249400,2.8699,664777037.34,1851575653.71,-113.8692,
300629.SZ,ÐÂ¾¢¸Õ,2019-12-04,15.3,16.4,15.24,15.59,1574000,3.6155,678708186.78,1890377501.07,-116.2555,
300629.SZ,ÐÂ¾¢¸Õ,2019-12-05,15.48,15.52,15.2,15.45,1087600,2.4982,672613308.9,1873401692.85,-115.2115,
300629.SZ,ÐÂ¾¢¸Õ,2019-12-06,15.42,15.69,15.42,15.59,772170,1.7737,678708186.78,1890377501.07,-116.2555,
300629.SZ,ÐÂ¾¢¸Õ,2019-12-09,15.9,15.93,15.56,15.62,748050,1.7183,680014232.04,1894015174.26,-116.4792,
300629.SZ,ÐÂ¾¢¸Õ,2019-12-10,15.68,15.8,15.58,15.74,1055350,2.4242,685238413.08,1908565867.02,-117.374,
300629.SZ,ÐÂ¾¢¸Õ,2019-12-11,15.79,16.3,15.6,16.02,1792000,4.1162,697428168.84,1942517483.46,-119.462,
300629.SZ,ÐÂ¾¢¸Õ,2019-12-12,16,17.62,15.82,17.62,3901681,8.9622,767083916.04,2136526720.26,-131.3933,
300629.SZ,ÐÂ¾¢¸Õ,2019-12-13,18.55,18.58,16.75,17.18,6169966,14.1725,747928585.56,2083174180.14,-128.1122,
300629.SZ,ÐÂ¾¢¸Õ,2019-12-16,17.07,17.11,16.7,17.04,3098808,7.118,741833707.68,2066198371.92,-127.0682,
300629.SZ,ÐÂ¾¢¸Õ,2019-12-17,17.01,17.25,16.62,17.16,2872955,6.5992,747057888.72,2080749064.68,-127.963,
300629.SZ,ÐÂ¾¢¸Õ,2019-12-18,17.16,17.16,16.81,16.9,1972074,4.5299,735738829.8,2049222563.7,-126.0242,
300629.SZ,ÐÂ¾¢¸Õ,2019-12-19,16.92,17.32,16.78,17.08,1875041,4.307,743575101.36,2071048602.84,-127.3665,
300629.SZ,ÐÂ¾¢¸Õ,2019-12-20,17.8,18.79,17.71,18.79,3225064,7.408,818019681.18,2278395974.67,-140.118,
300629.SZ,ÐÂ¾¢¸Õ,2019-12-23,18.2,20.28,18.1,18.95,7620133,17.5035,824985255.9,2297796898.35,-141.3112,
300629.SZ,ÐÂ¾¢¸Õ,2019-12-24,18.52,18.8,18.1,18.78,3658590,8.4038,817584332.76,2277183416.94,-140.0435,
300629.SZ,ÐÂ¾¢¸Õ,2019-12-25,18.78,19.38,18.31,18.86,3917589,8.9987,821067120.12,2286883878.78,-140.64,
300629.SZ,ÐÂ¾¢¸Õ,2019-12-26,18.24,18.63,18.2,18.52,2639750,6.0635,806265273.84,2245656915.96,-138.1046,
300629.SZ,ÐÂ¾¢¸Õ,2019-12-27,18.29,18.5,17.37,17.52,3281200,7.537,762730431.84,2124401142.96,-130.6476,
300629.SZ,ÐÂ¾¢¸Õ,2019-12-30,17.43,17.43,16.86,17.26,2097532,4.8181,751411372.92,2092874641.98,-128.7087,
300629.SZ,ÐÂ¾¢¸Õ,2019-12-31,17.16,17.47,17.01,17.24,1199612,2.7555,750540676.08,2090449526.52,-128.5596,
300629.SZ,ÐÂ¾¢¸Õ,2020-01-02,17.37,17.88,17.26,17.71,2360994,5.4232,771002051.82,2147439739.83,-132.0644,
300629.SZ,ÐÂ¾¢¸Õ,2020-01-03,17.66,18.17,17.58,18.1,2406243,5.5272,787980640.2,2194729491.3,-134.9727,
300629.SZ,ÐÂ¾¢¸Õ,2020-01-06,18.3,19.6,18.05,19.04,4388895,10.0813,828903391.68,2308709917.92,-141.9823,
300629.SZ,ÐÂ¾¢¸Õ,2020-01-07,19,19.28,18.8,19.04,2187134,5.0239,828903391.68,2308709917.92,-141.9823,
300629.SZ,ÐÂ¾¢¸Õ,2020-01-08,19.42,20.94,19.08,20.94,5269726,12.1046,911619591.48,2539095886.62,-156.1507,
300629.SZ,ÐÂ¾¢¸Õ,2020-01-09,20.57,21.78,20.3,21.64,5960134,13.6905,942093980.88,2623974927.72,-161.3706,
300629.SZ,ÐÂ¾¢¸Õ,2020-01-10,20.31,21.64,20.31,21.29,3554847,8.1655,926856786.18,2581535407.17,-158.7607,
300629.SZ,ÐÂ¾¢¸Õ,2020-01-13,21,23.08,20.8,22.54,7014461,16.1123,981275338.68,2733105123.42,-168.082,
300629.SZ,ÐÂ¾¢¸Õ,2020-01-14,23.2,23.28,21.72,21.86,3880722,8.9141,951671646.12,2650651197.78,-163.0112,
300629.SZ,ÐÂ¾¢¸Õ,2020-01-15,21.83,22,21.39,21.78,2658729,6.1071,948188858.76,2640950735.94,-162.4146,
300629.SZ,ÐÂ¾¢¸Õ,2020-01-16,22.1,22.1,21.05,21.27,2026687,4.6553,925986089.34,2579110291.71,-158.6115,
300629.SZ,ÐÂ¾¢¸Õ,2020-01-17,21.23,22.28,20.9,20.9,2185457,5.02,909878197.8,2534245655.7,-155.8524,
300629.SZ,ÐÂ¾¢¸Õ,2020-01-20,20.9,21.35,20.8,21.03,1850550,4.2507,915537727.26,2550008906.19,-156.8218,
300629.SZ,ÐÂ¾¢¸Õ,2020-01-21,20.41,21.48,20.41,20.8,833815,1.9153,905524713.6,2522120078.4,-155.1067,
300629.SZ,ÐÂ¾¢¸Õ,2020-01-22,20.4,21.1,20.3,20.9,1326312,3.0466,909878197.8,2534245655.7,-155.8524,
300629.SZ,ÐÂ¾¢¸Õ,2020-01-23,20.81,22,20.68,21.89,4673316,10.7347,952977691.38,2654288870.97,-163.2349,
300629.SZ,ÐÂ¾¢¸Õ,2020-02-03,19.7,19.7,19.7,19.7,133400,0.3064,857636387.4,2388738728.1,-146.9039,
300629.SZ,ÐÂ¾¢¸Õ,2020-02-04,17.73,19.68,17.73,18.36,2768683,6.3597,799299699.12,2226255992.28,-136.9115,
300629.SZ,ÐÂ¾¢¸Õ,2020-02-05,18.42,18.96,18.2,18.49,1915401,4.3997,804959228.58,2242019242.77,-137.8809,
300629.SZ,ÐÂ¾¢¸Õ,2020-02-06,18.15,18.78,18,18.7,1582745,3.6356,814101545.4,2267482955.1,-139.4469,
300629.SZ,ÐÂ¾¢¸Õ,2020-02-07,18.6,19.63,18.4,19.34,1870012,4.2954,841963844.28,2345086649.82,-144.2194,
300629.SZ,ÐÂ¾¢¸Õ,2020-02-10,19.37,19.99,19.16,19.56,1438907,3.3052,851541509.52,2371762919.88,-145.86,
300629.SZ,ÐÂ¾¢¸Õ,2020-02-11,19.91,19.95,19.1,19.2,798150,1.8334,835868966.4,2328110841.6,-143.1754,
300629.SZ,ÐÂ¾¢¸Õ,2020-02-12,19.18,19.5,18.81,19.49,982950,2.2578,848494070.58,2363275015.77,-145.338,
300629.SZ,ÐÂ¾¢¸Õ,2020-02-13,19.2,20.01,18.82,19.81,1886637,4.3336,862425220.02,2402076863.13,-147.7242,
300629.SZ,ÐÂ¾¢¸Õ,2020-02-14,19.83,20.06,19.27,19.38,1493254,3.43,843705237.96,2349936880.74,-144.5177,
300629.SZ,ÐÂ¾¢¸Õ,2020-02-17,19.38,20.96,19.38,20.52,2330387,5.3529,893334957.84,2488168461.96,-153.0187,
300629.SZ,ÐÂ¾¢¸Õ,2020-02-18,20.52,21.05,20.05,20.84,1992238,4.5762,907266107.28,2526970309.32,-155.405,
300629.SZ,ÐÂ¾¢¸Õ,2020-02-19,20.51,20.85,20.25,20.33,1618800,3.7184,885063337.86,2465129865.09,-151.6019,
300629.SZ,ÐÂ¾¢¸Õ,2020-02-20,20.49,20.85,20.32,20.85,1922000,4.4149,907701455.7,2528182867.05,-155.4796,
300629.SZ,ÐÂ¾¢¸Õ,2020-02-21,20.69,21.55,20.64,21.16,2737586,6.2883,921197256.72,2565772156.68,-157.7912,
300629.SZ,ÐÂ¾¢¸Õ,2020-02-24,21,21.76,20.67,21.7,2599175,5.9703,944706071.4,2631250274.1,-161.8181,
300629.SZ,ÐÂ¾¢¸Õ,2020-02-25,21.1,21.43,19.88,21.26,2846580,6.5386,925550740.92,2577897733.98,-158.537,
300629.SZ,ÐÂ¾¢¸Õ,2020-02-26,20.77,21.59,20.2,20.52,1779580,4.0877,893334957.84,2488168461.96,-153.0187,
300629.SZ,ÐÂ¾¢¸Õ,2020-02-27,20.77,20.98,20,20.4,1015850,2.3334,888110776.8,2473617769.2,-152.1239,
300629.SZ,ÐÂ¾¢¸Õ,2020-02-28,19.85,19.85,18.63,18.64,1687800,3.8769,811489454.88,2260207608.72,-98.563,
300629.SZ,ÐÂ¾¢¸Õ,2020-03-02,18.79,20.19,18.79,19.98,1205975,2.7701,869826143.16,2422690344.54,-105.6485,
300629.SZ,ÐÂ¾¢¸Õ,2020-03-03,20.28,20.78,19.31,19.61,1490900,3.4246,853718251.62,2377825708.53,-103.6921,
300629.SZ,ÐÂ¾¢¸Õ,2020-03-04,19.42,19.87,19.11,19.57,1188825,2.7307,851976857.94,2372975477.61,-103.4806,
300629.SZ,ÐÂ¾¢¸Õ,2020-03-05,19.74,20.5,19.62,20.32,1428325,3.2809,884627989.44,2463917307.36,-107.4463,
300629.SZ,ÐÂ¾¢¸Õ,2020-03-06,20.65,20.65,19.85,19.92,968190,2.2239,867214052.64,2415414998.16,-105.3313,
300629.SZ,ÐÂ¾¢¸Õ,2020-03-09,19.85,20.14,19.1,19.15,1440102,3.3079,833692224.3,2322048052.95,-101.2597,
300629.SZ,ÐÂ¾¢¸Õ,2020-03-10,18.8,19.88,18.8,19.7,1555530,3.5731,857636387.4,2388738728.1,-104.168,
300629.SZ,ÐÂ¾¢¸Õ,2020-03-11,19.69,20.88,19.69,20.4,2474420,5.6838,888110776.8,2473617769.2,-107.8694,
300629.SZ,ÐÂ¾¢¸Õ,2020-03-12,19.99,20.59,19.81,20.27,1984025,4.5573,882451247.34,2457854518.71,-107.182,
300629.SZ,ÐÂ¾¢¸Õ,2020-03-13,18.7,19.98,18.7,19.66,1277852,2.9352,855894993.72,2383888497.18,-103.9564,
300629.SZ,ÐÂ¾¢¸Õ,2020-03-16,19.84,20.38,18.49,19,1481850,3.4038,827161998,2303859687,-100.4666,
300629.SZ,ÐÂ¾¢¸Õ,2020-03-17,18.6,19,17.4,17.85,1367630,3.1415,777096929.7,2164415548.05,-94.3857,
300629.SZ,ÐÂ¾¢¸Õ,2020-03-18,18,19.5,17.85,18.29,2419245,5.557,796252260.18,2217768088.17,-96.7123,
300629.SZ,ÐÂ¾¢¸Õ,2020-03-19,18.24,18.7,17.77,18,1756197,4.034,783627156,2182603914,-95.1788,
300629.SZ,ÐÂ¾¢¸Õ,2020-03-20,18.31,18.73,17.91,18.18,1244100,2.8577,791463427.56,2204429953.14,-96.1306,
300629.SZ,ÐÂ¾¢¸Õ,2020-03-23,17.8,18.8,17.51,18.32,1519450,3.4902,797558305.44,2221405761.36,-96.8709,
300629.SZ,ÐÂ¾¢¸Õ,2020-03-24,18.4,19.39,18.36,19.17,1743400,3.981,839512365.93,2324473168.41,-101.3655,
300629.SZ,ÐÂ¾¢¸Õ,2020-03-25,19.57,20.14,19.23,20.03,1796450,3.0898,1164580394.21,2428753133.19,-105.9129,
300629.SZ,ÐÂ¾¢¸Õ,2020-03-26,20.2,20.2,19.65,20.08,1423000,2.4475,1167487484.56,2434815921.84,-106.1773,
300629.SZ,ÐÂ¾¢¸Õ,2020-03-27,20.18,20.36,19.71,19.71,2289629,3.938,1145975015.97,2389951285.83,-104.2208,
300629.SZ,ÐÂ¾¢¸Õ,2020-03-30,18.81,20.25,18.81,20.09,1493981,2.5695,1168068902.63,2436028479.57,-106.2302,
300629.SZ,ÐÂ¾¢¸Õ,2020-03-31,20.31,20.88,19.9,20.8,2197695,3.7799,1209349585.6,2522120078.4,-109.9844,
300629.SZ,ÐÂ¾¢¸Õ,2020-04-01,20.89,21.8,20.3,20.8,2348295,4.0389,1209349585.6,2522120078.4,-109.9844,
300629.SZ,ÐÂ¾¢¸Õ,2020-04-02,21.8,21.8,20.5,20.99,1490091,2.5629,1220396528.93,2545158675.27,-110.9891,
300629.SZ,ÐÂ¾¢¸Õ,2020-04-03,20.88,22,20.88,21.49,2547058,4.3808,1249467432.43,2605786561.77,-113.633,
300629.SZ,ÐÂ¾¢¸Õ,2020-04-07,21.52,22.81,21.52,22.34,2599749,4.4714,1298887968.38,2708853968.82,-118.1275,
300629.SZ,ÐÂ¾¢¸Õ,2020-04-08,22.2,23.23,21.86,22.96,2079207,3.5761,1334935888.72,2784032548.08,-121.4059,
300629.SZ,ÐÂ¾¢¸Õ,2020-04-09,22.8,23.55,22.8,23.38,1630450,2.8043,1359355447.66,2834959972.74,-123.6267,
300629.SZ,ÐÂ¾¢¸Õ,2020-04-10,23.81,23.86,22.8,23,1911147,3.287,1337261561,2788882779,-121.6174,
300629.SZ,ÐÂ¾¢¸Õ,2020-04-13,23,24.5,22.62,24.05,1711266,2.9433,1398310458.35,2916201340.65,-127.1695,
300629.SZ,ÐÂ¾¢¸Õ,2020-04-14,23.95,24.31,23.6,24.03,1547900,2.6623,1397147622.21,2913776225.19,-127.0638,
300629.SZ,ÐÂ¾¢¸Õ,2020-04-15,24.03,24.65,23,23.3,2433200,4.1849,1354704103.1,2825259510.9,-123.2037,
300629.SZ,ÐÂ¾¢¸Õ,2020-04-16,23.3,23.68,22.9,23.27,1754142,3.017,1352959848.89,2821621837.71,-123.0451,
300629.SZ,ÐÂ¾¢¸Õ,2020-04-17,23.29,23.98,22.7,23.1,1587874,2.731,1343075741.7,2801008356.3,-122.1462,
300629.SZ,ÐÂ¾¢¸Õ,2020-04-20,22.93,23.5,22.85,23.36,2368500,4.0737,1358192611.52,2832534857.28,-123.521,
300629.SZ,ÐÂ¾¢¸Õ,2020-04-21,23.59,23.88,22.6,22.98,2326154,4.0008,1336098724.86,2786457663.54,-106.3378,
300629.SZ,ÐÂ¾¢¸Õ,2020-04-22,23.05,23.39,22.51,22.8,3471045,5.97,1325633199.6,2764631624.4,-105.5048,
300629.SZ,ÐÂ¾¢¸Õ,2020-04-23,22.82,23.15,22.43,22.83,1847508,3.1776,1327377453.81,2768269297.59,-274.2774,
300629.SZ,ÐÂ¾¢¸Õ,2020-04-24,22.84,23.2,22.63,23.04,1690750,2.908,1339587233.28,2793733009.92,-276.8003,
300629.SZ,ÐÂ¾¢¸Õ,2020-04-27,23.5,23.5,22.01,22.5,2307212,3.9682,1308190657.5,2728254892.5,-270.3128,
300629.SZ,ÐÂ¾¢¸Õ,2020-04-28,22.11,23.09,21.82,22.55,2094497,3.6024,1311097747.85,2734317681.15,-270.9135,
300629.SZ,ÐÂ¾¢¸Õ,2020-04-29,22.5,23.99,22.12,23.8,2989579,5.1419,1383775006.6,2885887397.4,-285.9309,
300629.SZ,ÐÂ¾¢¸Õ,2020-04-30,24.08,24.11,23.08,23.18,3106729,5.3434,1347727086.26,2810708818.14,-278.4823,
300629.SZ,ÐÂ¾¢¸Õ,2020-05-06,22.34,24.58,22.34,24.42,2837852,4.8809,1419822926.94,2961065976.66,-293.3795,
300629.SZ,ÐÂ¾¢¸Õ,2020-05-07,23.91,24.19,23.5,23.63,2826000,4.8605,1373890899.41,2865273915.99,-283.8885,
300629.SZ,ÐÂ¾¢¸Õ,2020-05-08,23.48,24.16,23.48,23.69,1254100,2.157,1377379407.83,2872549262.37,-284.6093,
300629.SZ,ÐÂ¾¢¸Õ,2020-05-11,23.69,24.05,23.42,23.82,1256400,2.1609,1384937842.74,2888312512.86,-286.1711,
300629.SZ,ÐÂ¾¢¸Õ,2020-05-12,23.96,25.37,23.65,25.01,3297194,5.671,1454126593.07,3032606882.73,-300.4677,
300629.SZ,ÐÂ¾¢¸Õ,2020-05-13,25.01,26.35,24.76,25.75,4139738,7.1201,1497151530.25,3122336154.75,-309.358,
300629.SZ,ÐÂ¾¢¸Õ,2020-05-14,25.47,26.1,25.18,25.48,2652650,4.0494,1669118971.52,3089597096.04,-306.1142,
300629.SZ,ÐÂ¾¢¸Õ,2020-05-15,25.35,25.54,24.71,24.88,2174716,3.3198,1629814757.12,3272375364.08,-298.9059,
300629.SZ,ÐÂ¾¢¸Õ,2020-05-18,24.97,25,24.33,24.5,1826350,2.788,1604922088,3222395354.5,-294.3406,
300629.SZ,ÐÂ¾¢¸Õ,2020-05-19,24.71,25.68,24.34,25.27,2122266,3.2398,1655362496.48,3323670637.07,-303.5913,
300629.SZ,ÐÂ¾¢¸Õ,2020-05-20,25.05,25.54,24.3,24.39,1904650,2.9076,1597716315.36,3207927456.99,-293.0191,
300629.SZ,ÐÂ¾¢¸Õ,2020-05-21,24.7,24.7,24.09,24.55,877485,1.3395,1608197439.2,3228971671.55,-294.9413,
300629.SZ,ÐÂ¾¢¸Õ,2020-05-22,24.25,24.67,23.69,23.7,1630700,2.4894,1552516468.8,3117174281.7,-284.7295,
300629.SZ,ÐÂ¾¢¸Õ,2020-05-25,23.71,24.13,23.5,24.1,796050,1.2152,1578719278.4,3169784818.1,-314.0591,
300629.SZ,ÐÂ¾¢¸Õ,2020-05-26,24,24.98,24,24.84,1167850,1.7828,1627194476.16,3267114310.44,-323.7025,
300629.SZ,ÐÂ¾¢¸Õ,2020-05-27,24.7,25.18,24.09,24.27,871157,1.3299,1589855472.48,3192144296.07,-316.2745,
300629.SZ,ÐÂ¾¢¸Õ,2020-05-28,24.02,24.28,22.9,23.57,1271645,1.9412,1544000555.68,3100075857.37,-307.1525,
300629.SZ,ÐÂ¾¢¸Õ,2020-05-29,23.32,23.63,23.17,23.25,886066,1.3526,1523038308,3057987428.25,-302.9824,
300629.SZ,ÐÂ¾¢¸Õ,2020-06-01,23.25,24.19,23.25,23.91,1060373,1.6187,1566272943.84,3144794813.31,-311.5832,
300629.SZ,ÐÂ¾¢¸Õ,2020-06-02,23.94,24.97,23.94,24.48,1676950,2.56,1603611947.52,3219764827.68,-319.0111,
300629.SZ,ÐÂ¾¢¸Õ,2020-06-03,24.48,25.1,23.84,23.88,1436000,2.1921,1564307733.12,3140849023.08,-311.1922,
300629.SZ,ÐÂ¾¢¸Õ,2020-06-04,24.12,25.08,23.58,24.8,3434200,5.2425,1624574195.2,3261853256.8,-323.1812,
300629.SZ,ÐÂ¾¢¸Õ,2020-06-05,24.52,24.97,23.74,23.9,1861200,2.8412,1565617873.6,3143479549.9,-311.4529,
300629.SZ,ÐÂ¾¢¸Õ,2020-06-08,23.91,24.97,23.3,24.91,2395050,3.6562,1631779967.84,3276321154.31,-324.6147,
300629.SZ,ÐÂ¾¢¸Õ,2020-06-09,24.88,25.36,24.28,24.36,2510200,3.832,1595751104.64,3203981666.76,-317.4473,
300629.SZ,ÐÂ¾¢¸Õ,2020-06-10,24.19,25.28,24.09,24.94,2567050,3.9187,1633745178.56,3280266944.54,-325.0056,
300629.SZ,ÐÂ¾¢¸Õ,2020-06-11,25,25.35,24.62,25.33,2117300,3.2322,1659292917.92,3331562217.53,-330.0879,
300629.SZ,ÐÂ¾¢¸Õ,2020-06-12,25,26.06,24.8,25.7,3716907,5.6741,1683530516.8,3380226963.7,-334.9095,
300629.SZ,ÐÂ¾¢¸Õ,2020-06-15,25.68,26.66,25.12,25.24,3175707,4.8479,1653397285.76,3319724846.84,-328.9151,
300629.SZ,ÐÂ¾¢¸Õ,2020-06-16,25.24,25.49,24.53,24.82,2595207,3.9617,1625884335.68,3264483783.62,-323.4418,
300629.SZ,ÐÂ¾¢¸Õ,2020-06-17,24.72,25.25,24.6,24.87,1644370,2.5102,1629159686.88,3271060100.67,-324.0934,
300629.SZ,ÐÂ¾¢¸Õ,2020-06-18,24.63,26.48,24.48,26.21,5266095,8.039,1716939099.04,3447305397.61,-341.5556,
300629.SZ,ÐÂ¾¢¸Õ,2020-06-19,25.97,26.49,25.56,26.28,3432701,5.2402,1721524590.72,3456512241.48,-342.4678,
300629.SZ,ÐÂ¾¢¸Õ,2020-06-22,25.98,26.88,25.98,26.8,2853900,4.3566,1755588243.2,3524905938.8,-349.2442,
300629.SZ,ÐÂ¾¢¸Õ,2020-06-23,26.55,27.9,26.55,27.28,5071273,7.7416,1787031614.72,3588038582.48,-355.4993,
300629.SZ,ÐÂ¾¢¸Õ,2020-06-24,27.63,27.63,26.77,27.01,3200010,4.885,1769344718.24,3552526470.41,-351.9808,
300629.SZ,ÐÂ¾¢¸Õ,2020-06-29,27.01,27.2,26.45,26.5,1991500,3.0401,1735936136,3485448036.5,-345.3347,
300629.SZ,ÐÂ¾¢¸Õ,2020-06-30,26.75,27.08,26.42,26.47,1757309,2.6826,1733970925.28,3481502246.27,-344.9438,
300629.SZ,ÐÂ¾¢¸Õ,2020-07-01,26.61,27.18,26.06,27.1,2511103,3.8333,1775240350.4,3564363841.1,-353.1537,
300629.SZ,ÐÂ¾¢¸Õ,2020-07-02,26.9,27.09,25.8,25.95,4808519,7.3405,1699907272.8,3413108548.95,-338.1674,
300629.SZ,ÐÂ¾¢¸Õ,2020-07-03,26.16,26.16,25.38,25.45,2503737,3.8221,1667153760.8,3347345378.45,-331.6517,
300629.SZ,ÐÂ¾¢¸Õ,2020-07-06,25.16,26.42,25.16,26.33,2774633,4.2356,1724799941.92,3463088558.53,-343.1194,
300629.SZ,ÐÂ¾¢¸Õ,2020-07-07,26.54,26.71,26.05,26.45,2895937,4.4208,1732660784.8,3478871719.45,-344.6832,
300629.SZ,ÐÂ¾¢¸Õ,2020-07-08,26.31,27.23,26.01,27.14,3407737,5.2021,1777860631.36,3569624894.74,-353.6749,
300629.SZ,ÐÂ¾¢¸Õ,2020-07-09,27.35,27.8,26.82,27.37,5007817,7.6447,1792927246.88,3599875953.17,-356.6721,
300629.SZ,ÐÂ¾¢¸Õ,2020-07-10,27.61,28.93,27.6,27.7,4551503,6.9481,1814544564.8,3643279645.7,-360.9726,
300629.SZ,ÐÂ¾¢¸Õ,2020-07-13,27.47,28.45,26.98,28.37,3970936,6.0618,1858434270.88,3731402294.17,-369.7036,
300629.SZ,ÐÂ¾¢¸Õ,2020-07-14,28.31,29.45,28.06,29.08,8051761,12.2914,1904944257.92,3824785996.28,-378.956,
300629.SZ,ÐÂ¾¢¸Õ,2020-07-15,28.89,28.9,26.88,27.39,5157280,7.8729,1794237387.36,3602506479.99,-356.9328,
300629.SZ,ÐÂ¾¢¸Õ,2020-07-16,27.2,27.78,24.65,25.65,3045460,4.6491,1680255165.6,3373650646.65,-334.258,
300629.SZ,ÐÂ¾¢¸Õ,2020-07-17,25.46,26.26,25.05,25.58,2033409,3.1041,1675669673.92,3364443802.78,-333.3458,
300629.SZ,ÐÂ¾¢¸Õ,2020-07-20,25.99,27.88,25.6,27.29,4239149,6.4713,1787686684.96,3589353845.89,-355.6296,
300629.SZ,ÐÂ¾¢¸Õ,2020-07-21,27.99,27.99,26.63,26.96,2852309,4.3542,1766069367.04,3545950153.36,-351.3293,
300629.SZ,ÐÂ¾¢¸Õ,2020-07-22,26.81,29.66,26.75,28.75,11460988,17.4958,1883326940,3781382303.75,-374.6556,
300629.SZ,ÐÂ¾¢¸Õ,2020-07-23,28.19,29.8,28.08,29.35,9073970,13.8519,1922631154.4,3860298108.35,-382.4745,
300629.SZ,ÐÂ¾¢¸Õ,2020-07-24,29.35,29.95,28.06,28.4,7455824,11.3817,1860399481.6,3735348084.4,-370.0946,
300629.SZ,ÐÂ¾¢¸Õ,2020-07-27,29.2,29.45,27.54,27.99,5714100,8.7229,1833541601.76,3681422284.59,-364.7517,
300629.SZ,ÐÂ¾¢¸Õ,2020-07-28,27.83,29.44,27.44,28.75,4596570,7.0169,1883326940,3781382303.75,-374.6556,
300629.SZ,ÐÂ¾¢¸Õ,2020-07-29,28.4,30.8,28.11,30.61,6988600,10.6685,2005170004.64,4026021298.01,-398.8942,
300629.SZ,ÐÂ¾¢¸Õ,2020-07-30,30.41,31.95,30.01,30.01,5808300,8.8667,1965865790.24,3947105493.41,-391.0753,
300629.SZ,ÐÂ¾¢¸Õ,2020-07-31,30.28,30.98,29.57,30.8,6368969,9.7226,2017616339.2,4051011302.8,-401.3702,
300629.SZ,ÐÂ¾¢¸Õ,2020-08-03,31,32.88,30.75,32.03,6965950,10.6339,2098189978.72,4212788702.23,-417.399,
300629.SZ,ÐÂ¾¢¸Õ,2020-08-04,32.51,35.23,31.9,32.9,9250160,14.1209,2155181089.6,4327216618.9,-428.7364,
300629.SZ,ÐÂ¾¢¸Õ,2020-08-05,32.22,33.21,30.21,33.21,5981814,9.1316,2175488267.04,4367989784.61,-432.7761,
300629.SZ,ÐÂ¾¢¸Õ,2020-08-06,32.7,35.2,32.25,34.47,7888661,12.0425,2258027117.28,4533712974.27,-449.1958,
300629.SZ,ÐÂ¾¢¸Õ,2020-08-07,34.15,37.92,33.89,37.92,10927666,16.6817,2484026350.08,4987478850.72,-494.1545,
300629.SZ,ÐÂ¾¢¸Õ,2020-08-10,41.71,41.71,36.01,36.5,20232248,30.8856,2391006376,4800711446.5,-475.6497,
300629.SZ,ÐÂ¾¢¸Õ,2020-08-11,34.81,35.3,32.85,32.85,13469077,20.5613,2151905738.4,4320640301.85,-428.0848,
300629.SZ,ÐÂ¾¢¸Õ,2020-08-12,31.5,32.37,30.5,31.49,6555086,10.0067,2062816185.76,4141764478.09,-410.3619,
300629.SZ,ÐÂ¾¢¸Õ,2020-08-13,31,32.31,30.63,31.58,4492549,6.8581,2068711817.92,4153601848.78,-411.5348,
300629.SZ,ÐÂ¾¢¸Õ,2020-08-14,31.48,32.3,31.03,31.88,3149200,4.8074,2088363925.12,4193059751.08,-415.4442,
300629.SZ,ÐÂ¾¢¸Õ,2020-08-17,31.88,34.25,31.26,33.95,6326574,9.6579,2223963464.8,4465319276.95,-442.4194,
300629.SZ,ÐÂ¾¢¸Õ,2020-08-18,33.95,36.5,33.95,34.96,6297624,9.6137,2290125559.04,4598160881.36,-455.5812,
300629.SZ,ÐÂ¾¢¸Õ,2020-08-19,35.26,36.35,34.53,34.68,5913452,9.0272,2271783592.32,4561333505.88,-451.9324,
300629.SZ,ÐÂ¾¢¸Õ,2020-08-20,33.99,34.92,32.67,32.98,5698100,8.6985,2160421651.52,4337738726.18,-429.7789,
300629.SZ,ÐÂ¾¢¸Õ,2020-08-21,33,34.8,32.94,33.75,5624100,8.5855,2210862060,4439014008.75,-439.8131,
300629.SZ,ÐÂ¾¢¸Õ,2020-08-24,34.14,34.98,32.3,33.92,4601550,7.0245,2221998254.08,4461373486.72,-442.0285,
300629.SZ,ÐÂ¾¢¸Õ,2020-08-25,34.18,35.18,33.56,34.05,4428450,6.7603,2230514167.2,4478471911.05,-443.7226,
300629.SZ,ÐÂ¾¢¸Õ,2020-08-26,33.93,34.97,32.83,32.87,4242600,6.4766,2153215878.88,4323270828.67,-428.3454,
300629.SZ,ÐÂ¾¢¸Õ,2020-08-27,33.15,33.26,31.7,32.2,3777520,5.7666,2109326172.8,4235148180.2,-419.6143,
300629.SZ,ÐÂ¾¢¸Õ,2020-08-28,32,33.88,32,32.74,3572756,5.454,2144699965.76,4306172404.34,302.6279,
300629.SZ,ÐÂ¾¢¸Õ,2020-08-31,32.2,33.15,31.2,31.42,6108009,9.3242,2058230694.08,4132557634.22,290.4267,
300629.SZ,ÐÂ¾¢¸Õ,2020-09-01,31.06,32.13,30.6,31.42,3837660,5.8584,2058230694.08,4132557634.22,290.4267,
300629.SZ,ÐÂ¾¢¸Õ,2020-09-02,31.3,31.75,30.2,30.82,3924320,5.9907,2018926479.68,4053641829.62,284.8807,
300629.SZ,ÐÂ¾¢¸Õ,2020-09-03,30.86,30.97,29.38,29.89,3339860,5.0985,1958004947.36,3931322332.49,276.2843,
300629.SZ,ÐÂ¾¢¸Õ,2020-09-04,29.69,30.8,29.08,30.59,3140810,4.7946,2003859864.16,4023390771.19,282.7547,
300629.SZ,ÐÂ¾¢¸Õ,2020-09-07,30.82,31.5,29.88,30.12,4295125,6.5567,1973071562.88,3961573390.92,278.4103,
300629.SZ,ÐÂ¾¢¸Õ,2020-09-08,30.76,30.76,29.56,29.99,2960422,4.5192,1964555649.76,3944474966.59,277.2087,
300629.SZ,ÐÂ¾¢¸Õ,2020-09-09,29.72,30.84,28.14,29.54,5950150,9.0832,1935077488.96,3885288113.14,273.0492,
300629.SZ,ÐÂ¾¢¸Õ,2020-09-10,29.2,29.25,25.45,25.97,5559759,8.4873,1701217413.28,3415739075.77,240.0503,
300629.SZ,ÐÂ¾¢¸Õ,2020-09-11,25.23,26.7,25.11,26.35,2922475,4.4613,1726110082.4,3465719085.35,243.5628,
300629.SZ,ÐÂ¾¢¸Õ,2020-09-14,27.01,29.24,26.73,27.12,5020150,7.6635,1776550490.88,3566994367.92,250.6802,
300629.SZ,ÐÂ¾¢¸Õ,2020-09-15,26.74,27.19,26.3,26.53,2666300,4.0703,1737901346.72,3489393826.73,245.2266,
300629.SZ,ÐÂ¾¢¸Õ,2020-09-16,26.53,26.99,25.67,26.03,2001950,3.0561,1705147834.72,3423630656.23,240.6049,
300629.SZ,ÐÂ¾¢¸Õ,2020-09-17,26.05,26.6,25.8,26.11,2349960,3.5873,1710388396.64,3434152763.51,241.3444,
300629.SZ,ÐÂ¾¢¸Õ,2020-09-18,26.06,27,25.84,26.48,2334250,3.5634,1734625995.52,3482817509.68,244.7645,
300629.SZ,ÐÂ¾¢¸Õ,2020-09-21,26.55,28.8,26.21,27.86,6579100,10.0434,1825025688.64,3664323860.26,257.5203,
300629.SZ,ÐÂ¾¢¸Õ,2020-09-22,27.5,28.27,26.55,26.87,4490757,6.8554,1760173734.88,3534112782.67,248.3694,
300629.SZ,ÐÂ¾¢¸Õ,2020-09-23,26.83,28.39,26.42,27.57,4615300,7.0455,1806028651.68,3626181221.37,254.8397,
300629.SZ,ÐÂ¾¢¸Õ,2020-09-24,27.18,27.42,25.85,25.95,3589950,5.4803,1699907272.8,3413108548.95,239.8655,
300629.SZ,ÐÂ¾¢¸Õ,2020-09-25,26.53,27.23,25.71,26.39,2751450,4.2002,1728730363.36,3470980138.99,243.9325,
300629.SZ,ÐÂ¾¢¸Õ,2020-09-28,26.1,26.27,25.21,25.26,2236648,3.4144,1654707426.24,3322355373.66,233.4875,
300629.SZ,ÐÂ¾¢¸Õ,2020-09-29,25.31,26.97,25.16,26.29,4059762,6.1974,1722179660.96,3457827504.89,243.0082,
300629.SZ,ÐÂ¾¢¸Õ,2020-09-30,29.6,31.55,28.31,29.76,12335763,18.8312,1949489034.24,3914223908.16,275.0827,
300629.SZ,ÐÂ¾¢¸Õ,2020-10-09,29.01,32.35,29,31.8,13604640,20.7682,2083123363.2,4182537643.8,293.9392,
300629.SZ,ÐÂ¾¢¸Õ,2020-10-12,31.65,33.18,30.56,32.81,13337860,20.361,2149285457.44,4315379248.21,303.275,
300629.SZ,ÐÂ¾¢¸Õ,2020-10-13,32,32.27,31,31.9,8261725,12.612,2089674065.6,4195690277.9,294.8635,
300629.SZ,ÐÂ¾¢¸Õ,2020-10-14,31.68,32.64,30.11,31.14,7297725,11.1404,2039888727.36,4095730258.74,287.8386,
300629.SZ,ÐÂ¾¢¸Õ,2020-10-15,30.6,30.99,29.85,29.85,4317992,6.5916,1955384666.4,3926061278.85,275.9146,
300629.SZ,ÐÂ¾¢¸Õ,2020-10-16,29.6,30.38,29.31,29.54,3287445,5.0351,1928678386.46,3885288113.14,273.0492,
300629.SZ,ÐÂ¾¢¸Õ,2020-10-19,29.98,35.45,29.8,35.45,11957989,18.3151,2314544644.55,4662608788.45,327.6775,
300629.SZ,ÐÂ¾¢¸Õ,2020-10-20,37.2,39.16,34.71,36.37,22310328,31.1259,2606917985.37,4783613022.17,336.1814,
300629.SZ,ÐÂ¾¢¸Õ,2020-10-21,35.21,37,33.48,34.69,16650820,23.2301,2486499447.69,4562648769.29,320.6525,
300629.SZ,ÐÂ¾¢¸Õ,2020-10-22,33.26,34.66,31.92,34.28,12068781,16.8376,2457111590.28,4508722969.48,316.8627,
300629.SZ,ÐÂ¾¢¸Õ,2020-10-23,33.7,34.53,31.68,32.26,10453228,14.5837,2312322634.26,4243039760.66,298.1911,
300629.SZ,ÐÂ¾¢¸Õ,2020-10-26,31.73,32.89,31.41,32.54,6595143,9.2011,2332392390.54,4279867136.14,300.7793,
300629.SZ,ÐÂ¾¢¸Õ,2020-10-27,32.13,34.88,32.13,32.86,8210670,11.455,2355329254.86,4321955565.26,303.7372,
300629.SZ,ÐÂ¾¢¸Õ,2020-10-28,32.3,33.59,31.63,33.45,7842596,10.9415,2397619098.45,4399556106.45,309.1907,
300629.SZ,ÐÂ¾¢¸Õ,2020-10-29,32.24,32.44,30.55,31.5,7729103,10.7831,2257847581.5,4143079741.5,164.1886,
300629.SZ,ÐÂ¾¢¸Õ,2020-10-30,31.38,32.43,29.46,29.5,7469163,10.4205,2114492179.5,3880027059.5,153.7639,
300629.SZ,ÐÂ¾¢¸Õ,2020-11-02,29.68,30.25,28.86,29.41,4921000,6.8655,2108041186.41,3868189688.81,153.2948,
300629.SZ,ÐÂ¾¢¸Õ,2020-11-03,29.85,30.49,29.1,30.33,4019613,5.6079,2173984671.33,3989193922.53,158.0901,
300629.SZ,ÐÂ¾¢¸Õ,2020-11-04,30.02,30.33,29.11,29.9,4243613,5.9204,2143163259.9,3932637595.9,155.8488,
300629.SZ,ÐÂ¾¢¸Õ,2020-11-05,31,31.66,30.08,30.41,5659239,7.8954,2179718887.41,3999716029.81,158.5071,
300629.SZ,ÐÂ¾¢¸Õ,2020-11-06,30.41,30.57,29.28,29.38,3755250,5.2391,2105890855.38,3864243898.58,153.1384,
300629.SZ,ÐÂ¾¢¸Õ,2020-11-09,29.64,30.57,29.21,30.31,4039250,5.6353,2172551117.31,3986563395.71,157.9859,
300629.SZ,ÐÂ¾¢¸Õ,2020-11-10,30.5,31.55,29.83,30.91,5608050,7.824,2215557737.91,4065479200.31,161.1133,
300629.SZ,ÐÂ¾¢¸Õ,2020-11-11,30.74,30.74,28.91,29.08,4355930,6.0771,2084387545.08,3824785996.28,151.5747,
300629.SZ,ÐÂ¾¢¸Õ,2020-11-12,28.76,29.26,27.61,28,3784200,5.2795,2006975628,3682737548,145.9454,
300629.SZ,ÐÂ¾¢¸Õ,2020-11-13,28,28.82,27.47,28.48,2426500,3.3853,2041380924.48,3745870191.68,148.4473,
300629.SZ,ÐÂ¾¢¸Õ,2020-11-16,28.55,28.8,27.7,27.7,2352100,3.2815,1985472317.7,3643279645.7,144.3817,
300629.SZ,ÐÂ¾¢¸Õ,2020-11-17,27.86,27.86,26.2,26.6,3173450,4.4274,1906626846.6,3498600670.6,138.6481,
300629.SZ,ÐÂ¾¢¸Õ,2020-11-18,26.6,27.11,26.36,26.65,1991350,2.7782,1910210731.65,3505176987.65,138.9087,
300629.SZ,ÐÂ¾¢¸Õ,2020-11-19,26.47,27.94,25.9,27.78,4121950,5.7507,1991206533.78,3653801752.98,144.7987,
300629.SZ,ÐÂ¾¢¸Õ,2020-11-20,27.68,27.7,26.85,26.99,2980700,4.1585,1934581149.99,3549895943.59,140.6809,
300629.SZ,ÐÂ¾¢¸Õ,2020-11-23,26.99,27.33,26.34,26.63,2482500,3.4634,1908777177.63,3502546460.83,138.8045,
300629.SZ,ÐÂ¾¢¸Õ,2020-11-24,26.5,27.08,26.1,26.34,2297350,3.2051,1887990644.34,3464403821.94,137.2929,
300629.SZ,ÐÂ¾¢¸Õ,2020-11-25,26.27,26.48,26.02,26.05,1533000,2.1387,1867204111.05,3426261183.05,135.7813,
300629.SZ,ÐÂ¾¢¸Õ,2020-11-26,25.79,26.26,24.9,25.66,5951955,7.2631,2102792582.54,3374965910.06,133.7485,
300629.SZ,ÐÂ¾¢¸Õ,2020-11-27,25.65,26.57,24.93,25.03,6171700,7.5312,2051165173.07,3292104315.23,130.4648,
300629.SZ,ÐÂ¾¢¸Õ,2020-11-30,24.68,25.69,24.42,24.96,4386209,5.3524,2045428794.24,3282897471.36,130.0999,
300629.SZ,ÐÂ¾¢¸Õ,2020-12-01,24.8,25.59,24.71,25.18,4743171,5.788,2063457413.42,3311833266.38,131.2466,
300629.SZ,ÐÂ¾¢¸Õ,2020-12-02,25.12,25.49,24.6,25.21,4022216,4.9082,2065915861.49,3315779056.61,131.403,
300629.SZ,ÐÂ¾¢¸Õ,2020-12-03,25.26,25.35,24.7,24.76,3022900,3.6888,2029039140.44,3256592203.16,129.0574,
300629.SZ,ÐÂ¾¢¸Õ,2020-12-04,24.87,25.12,24.68,24.99,2273450,2.7743,2047887242.31,3286843261.59,130.2563,
300629.SZ,ÐÂ¾¢¸Õ,2020-12-07,25.13,26.67,25.01,26.14,6852482,8.362,2142127751.66,3438098553.74,136.2504,
300629.SZ,ÐÂ¾¢¸Õ,2020-12-08,25.97,26.1,25.35,25.38,4604356,5.6186,2079847067.22,3338138534.58,132.2891,
300629.SZ,ÐÂ¾¢¸Õ,2020-12-09,25.34,25.88,24.52,24.66,4721900,5.762,2020844313.54,3243439569.06,128.5362,
300629.SZ,ÐÂ¾¢¸Õ,2020-12-10,24.97,25,23.46,23.51,4653247,5.6783,1926603804.19,3092184276.91,122.542,
300629.SZ,ÐÂ¾¢¸Õ,2020-12-11,23.5,23.94,23.1,23.58,2744756,3.3494,1932340183.02,3101391120.78,122.9069,
300629.SZ,ÐÂ¾¢¸Õ,2020-12-14,23.68,24.67,23.16,24.18,2968950,3.623,1981509144.42,3180306925.38,126.0343,
300629.SZ,ÐÂ¾¢¸Õ,2020-12-15,24.38,24.42,23.86,24,2027769,2.4745,1966758456,3156632184,125.096,
300629.SZ,ÐÂ¾¢¸Õ,2020-12-16,24.26,24.26,23.2,23.38,2221600,2.711,1915950529.22,3075085852.58,121.8644,
300629.SZ,ÐÂ¾¢¸Õ,2020-12-17,23.47,23.56,22.53,23.4,2619900,3.197,1917589494.6,3077716379.4,121.9686,
300629.SZ,ÐÂ¾¢¸Õ,2020-12-18,23.36,23.57,22.8,22.99,2040500,2.49,1883990704.31,3023790579.59,119.8316,
300629.SZ,ÐÂ¾¢¸Õ,2020-12-21,22.91,23.36,22.73,23.25,1672150,2.0405,1905297254.25,3057987428.25,121.1868,
300629.SZ,ÐÂ¾¢¸Õ,2020-12-22,23.14,24.15,23.01,23.41,3558471,4.3423,1918408977.29,3079031642.81,122.0208,
300629.SZ,ÐÂ¾¢¸Õ,2020-12-23,23.12,24.08,23.12,23.92,3349800,4.0877,1960202594.48,3146110076.72,124.6791,
300629.SZ,ÐÂ¾¢¸Õ,2020-12-24,23.92,25.95,23.72,25.38,9570767,11.679,2079847067.22,3338138534.58,132.2891,
300629.SZ,ÐÂ¾¢¸Õ,2020-12-25,25.06,25.08,24.4,24.64,5754192,7.0217,2019205348.16,3240809042.24,128.4319,
300629.SZ,ÐÂ¾¢¸Õ,2020-12-28,24.34,24.79,22.9,23.06,4696764,5.7314,1889727083.14,3032997423.46,120.1964,
300629.SZ,ÐÂ¾¢¸Õ,2020-12-29,23.1,23.57,22.88,22.9,2981540,3.6383,1876615360.1,3011953208.9,119.3625,
300629.SZ,ÐÂ¾¢¸Õ,2020-12-30,22.9,23.06,21.4,22.24,5223900,6.3746,1822529502.56,2925145823.84,115.9223,
300629.SZ,ÐÂ¾¢¸Õ,2020-12-31,21.94,23.09,21.82,22.94,3570300,4.36,1878519643.66,3017214262.54,119.571,
300629.SZ,ÐÂ¾¢¸Õ,2021-01-04,23.99,25.17,23.58,24.91,6625336,8.0907,2039839769.99,3276321154.31,129.8393,
300629.SZ,ÐÂ¾¢¸Õ,2021-01-05,24.66,25.37,24.36,24.68,5175350,6.32,2021005440.52,3246070095.88,128.6404,
300629.SZ,ÐÂ¾¢¸Õ,2021-01-06,24.53,26.19,24.53,25.21,7631620,9.3195,2064406286.69,3315779056.61,131.403,
300629.SZ,ÐÂ¾¢¸Õ,2021-01-07,24.79,24.8,23.1,23.36,7523060,9.187,1912912767.04,3072455325.76,121.7602,
300629.SZ,ÐÂ¾¢¸Õ,2021-01-08,23.51,24.5,23.19,23.48,4193200,5.1206,1922739373.72,3088238486.68,122.3856,
300629.SZ,ÐÂ¾¢¸Õ,2021-01-11,23.05,23.49,21.63,22.22,3804900,4.6464,1819560003.58,2922515297.02,115.8181,
300629.SZ,ÐÂ¾¢¸Õ,2021-01-12,22.3,26.66,22.22,26.66,13958550,17.0458,2183144450.74,3506492251.06,138.9609,
300629.SZ,ÐÂ¾¢¸Õ,2021-01-13,27.3,28.39,26.32,26.97,17738517,21.6618,2208529851.33,3547265416.77,140.5767,
300629.SZ,ÐÂ¾¢¸Õ,2021-01-14,27,27.13,25.32,26,10186183,12.4391,2129098114,3419684866,135.5207,
300629.SZ,ÐÂ¾¢¸Õ,2021-01-15,25.82,25.99,24.5,25.19,7433586,9.0777,2062768518.91,3313148529.79,131.2987,
300629.SZ,ÐÂ¾¢¸Õ,2021-01-18,25.33,26.7,25,26.21,9735369,11.8886,2146294675.69,3447305397.61,136.6153,
300629.SZ,ÐÂ¾¢¸Õ,2021-01-19,25.3,25.93,24.81,25.52,7649426,9.3413,2089791687.28,3356552222.32,133.0188,
300629.SZ,ÐÂ¾¢¸Õ,2021-01-20,25.07,25.67,24.76,25.42,5498512,6.7146,2081602848.38,3343399588.22,132.4976,
300629.SZ,ÐÂ¾¢¸Õ,2021-01-21,25.45,25.49,24.61,24.73,5593019,6.8301,2025099859.97,3252646412.93,128.901,
300629.SZ,ÐÂ¾¢¸Õ,2021-01-22,24.55,24.55,22.84,23.08,8328655,10.1707,1889984018.12,3035627950.28,120.3007,
300629.SZ,ÐÂ¾¢¸Õ,2021-01-25,22.78,23.94,22.75,23.33,4963550,6.0614,1910456115.37,3068509535.53,121.6038,
300629.SZ,ÐÂ¾¢¸Õ,2021-01-26,23.53,23.53,22.09,22.44,4429505,5.4092,1837575449.16,2951451092.04,116.9648,
300629.SZ,ÐÂ¾¢¸Õ,2021-01-27,22.38,22.99,22.17,22.41,3360000,4.1031,1835118797.49,2947505301.81,116.8084,
300629.SZ,ÐÂ¾¢¸Õ,2021-01-28,22.01,22.58,21.9,21.97,3412721,4.1675,1799087906.33,2889633711.77,114.515,
300629.SZ,ÐÂ¾¢¸Õ,2021-01-29,22.06,22.8,21.71,22.79,4063710,4.9625,1866236385.31,2997485311.39,118.7891,
300629.SZ,ÐÂ¾¢¸Õ,2021-02-01,23.49,23.61,22.56,23.05,4008178,4.8947,1887527366.45,3031682160.05,120.1443,
300629.SZ,ÐÂ¾¢¸Õ,2021-02-02,22.8,23,22.06,22.66,3300767,4.0308,1855590894.74,2980386887.06,118.1115,
300629.SZ,ÐÂ¾¢¸Õ,2021-02-03,22.45,22.5,21.01,21.06,3837046,4.6857,1724569472.34,2769944741.46,109.7718,
300629.SZ,ÐÂ¾¢¸Õ,2021-02-04,20.68,20.9,18.88,19.5,4979590,6.0809,1596823585.5,2564763649.5,101.6405,
300629.SZ,ÐÂ¾¢¸Õ,2021-02-05,19.35,19.84,18.4,18.42,4023900,4.9139,1508384125.38,2422715201.22,96.0112,
300629.SZ,ÐÂ¾¢¸Õ,2021-02-08,18.4,18.48,17.7,17.74,2842916,3.4717,1452700020.86,2333277289.34,92.4668,
300629.SZ,ÐÂ¾¢¸Õ,2021-02-09,17.68,19.17,17.42,18.98,3993400,4.8766,1554241623.22,2496369952.18,98.9301,
300629.SZ,ÐÂ¾¢¸Õ,2021-02-10,18.8,19.15,18.66,18.75,1942200,2.3718,1535407293.75,2466118893.75,97.7313,
300629.SZ,ÐÂ¾¢¸Õ,2021-02-18,18.95,19.65,18.95,19.27,2788620,3.4054,1577989256.03,2534512591.07,100.4417,
300629.SZ,ÐÂ¾¢¸Õ,2021-02-19,19.11,19.88,19.11,19.83,2276001,2.7794,1623846753.87,2608167342.03,103.3606,
300629.SZ,ÐÂ¾¢¸Õ,2021-02-22,19.83,20.88,19.82,20.15,3379500,4.127,1650051038.35,2650255771.15,105.0286,
300629.SZ,ÐÂ¾¢¸Õ,2021-02-23,19.85,21.27,19.71,20.52,3671700,4.4838,1680349742.28,2698920517.32,106.9571,
300629.SZ,ÐÂ¾¢¸Õ,2021-02-24,20.25,21,20.1,20.76,3186811,3.8917,1700002955.64,2730486839.16,108.2081,
300629.SZ,ÐÂ¾¢¸Õ,2021-02-25,20.81,21.8,20.5,21.75,4964742,6.0628,1781072460.75,2860697916.75,113.3683,
300629.SZ,ÐÂ¾¢¸Õ,2021-02-26,21.27,22.3,21.03,21.26,4987485,6.0906,1740947150.14,2796250009.66,110.8142,
300629.SZ,ÐÂ¾¢¸Õ,2021-03-01,20.75,21.79,20.7,21.79,3933700,4.8037,1784347996.31,2865958970.39,113.5768,
300629.SZ,ÐÂ¾¢¸Õ,2021-03-02,21.82,21.87,20.88,21.08,3206150,3.9153,1726207240.12,2772575268.28,109.876,
300629.SZ,ÐÂ¾¢¸Õ,2021-03-03,21.03,21.45,20.9,21.19,2461900,3.0064,1735214962.91,2787043165.79,110.4494,
300629.SZ,ÐÂ¾¢¸Õ,2021-03-04,21.59,23.17,21.43,22.39,7580150,9.2567,1833481029.71,2944874774.99,116.7042,
300629.SZ,ÐÂ¾¢¸Õ,2021-03-05,22.04,22.8,22.04,22.45,4847200,5.9193,1838394333.05,2952766355.45,117.0169,
300629.SZ,ÐÂ¾¢¸Õ,2021-03-08,22.11,22.9,22.11,22.47,3725650,4.5497,1840032100.83,2955396882.27,117.1212,
300629.SZ,ÐÂ¾¢¸Õ,2021-03-09,22.65,23.9,22,22,7113600,8.6869,1801544558,2893579502,57.7378,
300629.SZ,ÐÂ¾¢¸Õ,2021-03-10,22.26,22.9,20.5,21.05,5197378,6.3469,1723750588.45,2768629478.05,55.2445,
300629.SZ,ÐÂ¾¢¸Õ,2021-03-11,20.87,21.97,20.3,21.79,4103900,5.0116,1784347996.31,2865958970.39,57.1866,
300629.SZ,ÐÂ¾¢¸Õ,2021-03-12,22,22.11,21.05,21.21,2228900,2.7219,1736852730.69,2789673692.61,55.6644,
