JvmtiExport can_access_local_variables 0
JvmtiExport can_hotswap_or_post_breakpoint 0
JvmtiExport can_post_on_exceptions 0
# 102 ciObject found
ciMethodData sun/nio/ch/SocketChannelImpl ensureReadOpen ()Z 2 5388 orig 264 88 66 159 109 0 0 0 0 232 167 37 219 0 0 0 0 40 2 0 0 176 0 0 0 0 0 0 0 0 0 0 0 0 0 0 0 0 0 0 0 0 0 0 0 0 0 0 0 0 0 0 0 0 0 0 0 0 0 0 0 0 0 0 0 0 0 0 0 0 0 0 0 0 0 0 0 0 0 0 0 77 68 79 32 101 120 116 114 97 32 100 97 116 97 32 108 111 99 107 0 0 0 0 0 0 0 0 0 0 0 0 0 0 0 0 0 0 0 0 0 0 0 0 0 0 0 0 0 0 0 0 0 0 0 0 0 0 0 0 0 0 0 0 0 0 0 0 0 0 0 0 0 0 0 0 0 0 0 0 0 0 0 0 0 0 0 0 0 0 0 0 0 0 0 0 0 0 0 0 0 0 0 0 0 0 0 0 0 0 0 0 0 0 0 0 0 0 0 0 0 0 0 0 0 0 0 0 0 0 0 0 0 0 0 0 0 0 1 0 0 97 160 0 0 1 0 0 0 0 0 0 0 0 0 0 0 2 0 0 0 0 0 22 0 2 0 0 0 224 0 0 0 255 255 255 255 5 0 8 0 0 0 0 0 data 28 0x80005 0x2 0xdb5cb8c0 0x140a 0x0 0x0 0xb0007 0x140c 0x30 0x0 0x120002 0x0 0x170005 0x0 0xdb5cb8c0 0x140c 0x0 0x0 0x1a0007 0x140c 0x30 0x0 0x210002 0x0 0x290007 0x140c 0x20 0x0 oops 2 2 sun/nio/ch/SocketChannelImpl 14 sun/nio/ch/SocketChannelImpl
ciMethod sun/nio/ch/SocketChannelImpl ensureReadOpen ()Z 2049 1 5388 0 -1
instanceKlass com/mathworks/mlservices/MLServices
instanceKlass com/mathworks/mlservices/MLExecutionEvent$1
instanceKlass com/mathworks/mde/cmdwin/CmdWinMLIF$GoToNullPrompt
instanceKlass com/mathworks/jmi/mldisplay/VariableDisplayEvent
instanceKlass com/mathworks/jmi/diagnostic/IssuedWarningEvent
instanceKlass com/mathworks/mvm/eventmgr/EventListening
instanceKlass com/mathworks/jmi/typocorrection/TypoSuggestionEvent
instanceKlass com/mathworks/mvm/eventmgr/DefaultEventMgr
instanceKlass com/mathworks/mde/cmdwin/CmdWinPrefs
instanceKlass com/mathworks/services/FontPrefsComponent
instanceKlass com/mathworks/mde/cmdwin/CmdWinDocument$2
instanceKlass com/mathworks/mde/cmdwin/CmdWinDocument$1
instanceKlass com/mathworks/mde/cmdwin/Prompt
instanceKlass javax/swing/text/StyleContext$KeyEnumeration
instanceKlass javax/swing/text/GapContent$StickyPosition
instanceKlass javax/swing/text/Position
instanceKlass javax/swing/text/AbstractDocument$1
instanceKlass javax/swing/text/AbstractDocument$AbstractElement
instanceKlass javax/swing/tree/TreeNode
instanceKlass javax/swing/text/Element
instanceKlass java/util/Collections$3
instanceKlass javax/swing/text/StyleContext$SmallAttributeSet
instanceKlass java/util/Collections$EmptyEnumeration
instanceKlass javax/swing/text/StyleContext$NamedStyle
instanceKlass javax/swing/text/Style
instanceKlass javax/swing/text/SimpleAttributeSet$EmptyAttributeSet
instanceKlass javax/swing/text/SimpleAttributeSet
instanceKlass javax/swing/text/MutableAttributeSet
instanceKlass javax/swing/text/AttributeSet
instanceKlass javax/swing/text/StyleContext$FontKey
instanceKlass javax/swing/text/AttributeSet$ParagraphAttribute
instanceKlass javax/swing/text/AttributeSet$ColorAttribute
instanceKlass javax/swing/text/AttributeSet$FontAttribute
instanceKlass javax/swing/text/AttributeSet$CharacterAttribute
instanceKlass javax/swing/text/StyleConstants
instanceKlass javax/swing/text/StyleContext
instanceKlass javax/swing/text/AbstractDocument$AttributeContext
instanceKlass javax/swing/text/GapVector
instanceKlass javax/swing/event/DocumentEvent
instanceKlass javax/swing/text/AbstractDocument$Content
instanceKlass javax/swing/event/DocumentListener
instanceKlass com/mathworks/mvm/eventmgr/MvmListener
instanceKlass javax/swing/text/AbstractDocument
instanceKlass com/mathworks/widgets/text/print/PrintableTextDocument
instanceKlass javax/swing/text/Document
instanceKlass com/mathworks/mde/cmdwin/CmdWinMLIF
instanceKlass com/mathworks/toolbox/distcomp/pmode/parfor/ParforInterruptAcknowledgement
instanceKlass com/mathworks/jmi/MatlabPath$1
instanceKlass sun/util/locale/LocaleExtensions
instanceKlass com/mathworks/jmi/AWTUtilities$1
instanceKlass com/mysql/jdbc/exceptions/DeadlockTimeoutRollbackMarker
instanceKlass com/mysql/jdbc/SQLError
instanceKlass sun/awt/EventQueueDelegate$Delegate
instanceKlass java/security/DomainCombiner
instanceKlass java/util/ArrayList$1
instanceKlass com/mysql/jdbc/PreparedStatement$BatchParams
instanceKlass java/text/DontCareFieldPosition$1
instanceKlass java/text/Format$FieldDelegate
instanceKlass java/text/DigitList
instanceKlass java/util/Currency$CurrencyNameGetter
instanceKlass java/util/Currency$1
instanceKlass java/util/Currency
instanceKlass java/text/DecimalFormatSymbols
instanceKlass java/util/concurrent/atomic/AtomicMarkableReference$Pair
instanceKlass java/util/concurrent/atomic/AtomicMarkableReference
instanceKlass java/text/DateFormatSymbols
instanceKlass java/util/Calendar$Builder
instanceKlass com/mysql/jdbc/PreparedStatement$BatchVisitor
instanceKlass com/mysql/jdbc/PreparedStatement$ParseInfo
instanceKlass com/mysql/jdbc/ParameterBindings
instanceKlass java/sql/ParameterMetaData
instanceKlass com/mathworks/toolbox/database/writeTheData
instanceKlass com/mathworks/toolbox/distcomp/util/FutureWaiter$WaitResult
instanceKlass com/mathworks/toolbox/distcomp/util/StringUtils
instanceKlass com/mysql/jdbc/ProfilerEventHandlerFactory
instanceKlass com/mathworks/toolbox/database/DatabaseResultsetMetaData
instanceKlass com/mysql/jdbc/PingTarget
instanceKlass com/mathworks/toolbox/database/DatabaseResultset
instanceKlass com/mathworks/toolbox/database/utilities/doubleArrayList
instanceKlass com/mathworks/toolbox/database/utilities/stringArrayList
instanceKlass java/sql/Ref
instanceKlass java/sql/RowId
instanceKlass com/mysql/jdbc/EscapeProcessor
instanceKlass com/mathworks/jmi/AWTUtilities$Invoker$3$1
instanceKlass java/awt/event/InvocationEvent$1
instanceKlass sun/awt/AWTAccessor$InvocationEventAccessor
instanceKlass com/mathworks/jmi/AWTUtilities$Invoker$3
instanceKlass com/mathworks/jmi/AWTUtilities$InvocationRunnable
instanceKlass com/mathworks/jmi/AWTUtilities$WatchedRunnable
instanceKlass com/mathworks/jmi/AWTUtilities$WatchDog
instanceKlass com/mathworks/jmi/AWTUtilities$Latch
instanceKlass com/mathworks/jmi/AWTUtilities$Synchronizer
instanceKlass com/mathworks/jmi/AWTUtilities
instanceKlass javax/swing/JComponent$1
instanceKlass javax/swing/TransferHandler$HasGetTransferHandler
instanceKlass java/awt/Window$1
instanceKlass sun/awt/AWTAccessor$WindowAccessor
instanceKlass java/awt/Container$1
instanceKlass sun/awt/AWTAccessor$ContainerAccessor
instanceKlass java/awt/geom/Dimension2D
instanceKlass java/awt/LightweightDispatcher
instanceKlass java/awt/event/AWTEventListener
instanceKlass java/awt/LayoutManager
instanceKlass com/mathworks/toolbox/database/databasePrefs
instanceKlass com/mysql/jdbc/profiler/ProfilerEventHandler
instanceKlass com/mysql/jdbc/CachedResultSetMetaData
instanceKlass java/util/Timer
instanceKlass java/sql/Struct
instanceKlass java/sql/Array
instanceKlass com/mysql/jdbc/JDBC4ClientInfoProvider
instanceKlass com/mysql/jdbc/NetworkResources
instanceKlass com/mysql/jdbc/LicenseConfiguration
instanceKlass com/mysql/jdbc/ResultSetMetaData
instanceKlass java/sql/ResultSetMetaData
instanceKlass com/mysql/jdbc/RowDataStatic
instanceKlass com/mysql/jdbc/Constants
instanceKlass com/mysql/jdbc/MysqlDefs
instanceKlass com/mysql/jdbc/Field
instanceKlass com/mysql/jdbc/SingleByteCharsetConverter
instanceKlass com/mysql/jdbc/Security
instanceKlass com/mysql/jdbc/authentication/MysqlClearPasswordPlugin
instanceKlass com/mysql/jdbc/authentication/MysqlNativePasswordPlugin
instanceKlass com/mysql/jdbc/authentication/MysqlOldPasswordPlugin
instanceKlass java/net/Socket$3
instanceKlass java/net/Socket$2
instanceKlass sun/net/spi/DefaultProxySelector$3
instanceKlass sun/net/spi/DefaultProxySelector$NonProxyInfo
instanceKlass sun/net/NetProperties$1
instanceKlass sun/net/NetProperties
instanceKlass sun/net/spi/DefaultProxySelector$1
instanceKlass java/net/ProxySelector
instanceKlass java/net/SocksSocketImpl$3
instanceKlass com/mysql/jdbc/ResultSetImpl
instanceKlass com/mysql/jdbc/Buffer
instanceKlass com/mysql/jdbc/authentication/Sha256PasswordPlugin
instanceKlass com/mysql/jdbc/AuthenticationPlugin
instanceKlass com/mysql/jdbc/StreamingNotifiable
instanceKlass com/mysql/jdbc/MysqlIO
instanceKlass com/mysql/jdbc/RowData
instanceKlass com/mysql/jdbc/ResultSetRow
instanceKlass com/mysql/jdbc/DatabaseMetaData$IteratorWithCleanup
instanceKlass com/mysql/jdbc/DatabaseMetaData
instanceKlass com/mysql/jdbc/TimeUtil
instanceKlass com/mysql/jdbc/log/LogFactory
instanceKlass sun/util/calendar/CalendarUtils
instanceKlass sun/util/calendar/CalendarDate
instanceKlass sun/util/resources/LocaleData$1
instanceKlass sun/util/resources/LocaleData
instanceKlass sun/util/locale/provider/LocaleResources
instanceKlass sun/util/locale/provider/CalendarDataUtility$CalendarWeekParameterGetter
instanceKlass sun/util/locale/provider/LocaleServiceProviderPool$LocalizedObjectGetter
instanceKlass sun/util/locale/provider/SPILocaleProviderAdapter$1
instanceKlass sun/util/locale/provider/JRELocaleProviderAdapter$1
instanceKlass sun/util/locale/provider/LocaleDataMetaInfo
instanceKlass sun/util/locale/provider/AvailableLanguageTags
instanceKlass sun/util/locale/provider/LocaleProviderAdapter$1
instanceKlass sun/util/locale/provider/ResourceBundleBasedAdapter
instanceKlass sun/util/locale/provider/LocaleProviderAdapter
instanceKlass sun/util/locale/provider/LocaleServiceProviderPool
instanceKlass java/util/spi/LocaleServiceProvider
instanceKlass sun/util/locale/provider/CalendarDataUtility
instanceKlass java/util/TimeZone$1
instanceKlass java/util/zip/CRC32
instanceKlass sun/util/calendar/ZoneInfoFile$ZoneOffsetTransitionRule
instanceKlass sun/util/calendar/ZoneInfoFile$1
instanceKlass sun/util/calendar/ZoneInfoFile
instanceKlass java/util/TimeZone
instanceKlass sun/util/calendar/CalendarSystem
instanceKlass com/mysql/jdbc/Collation
instanceKlass sun/nio/cs/SingleByte
instanceKlass com/mysql/jdbc/MysqlCharset
instanceKlass com/mysql/jdbc/CharsetMapping
instanceKlass com/mysql/jdbc/StandardSocketFactory
instanceKlass com/mysql/jdbc/SocketMetadata
instanceKlass com/mysql/jdbc/SocketFactory
instanceKlass com/mysql/jdbc/PerConnectionLRUFactory
instanceKlass com/mysql/jdbc/PerVmServerConfigCacheFactory
instanceKlass com/mysql/jdbc/CacheAdapterFactory
instanceKlass javax/naming/RefAddr
instanceKlass java/sql/SQLXML
instanceKlass java/sql/Blob
instanceKlass com/mysql/jdbc/JDBC4MySQLConnection
instanceKlass com/mysql/jdbc/log/NullLogger
instanceKlass com/mysql/jdbc/ConnectionPropertiesImpl$ConnectionProperty
instanceKlass com/mysql/jdbc/log/StandardLogger
instanceKlass java/awt/TrayIcon
instanceKlass java/awt/MenuComponent
instanceKlass com/mysql/jdbc/log/Log
instanceKlass com/mysql/jdbc/ResultSetInternalMethods
instanceKlass java/sql/ResultSet
instanceKlass com/mysql/jdbc/StatementInterceptorV2
instanceKlass com/mysql/jdbc/ExceptionInterceptor
instanceKlass com/mysql/jdbc/Extension
instanceKlass java/sql/Savepoint
instanceKlass com/mysql/jdbc/StatementImpl
instanceKlass com/mysql/jdbc/Statement
instanceKlass com/mysql/jdbc/Wrapper
instanceKlass com/mysql/jdbc/IterateBlock
instanceKlass java/sql/DatabaseMetaData
instanceKlass com/mysql/jdbc/ConnectionPropertiesImpl
instanceKlass com/mysql/jdbc/MySQLConnection
instanceKlass com/mysql/jdbc/Connection
instanceKlass com/mysql/jdbc/ConnectionProperties
instanceKlass com/mysql/jdbc/MultiHostConnectionProxy
instanceKlass java/lang/Throwable$PrintStreamOrWriter
instanceKlass java/util/zip/ZipFile$ZipEntryIterator
instanceKlass java/util/jar/JarFile$JarEntryIterator
instanceKlass com/mysql/jdbc/Messages
instanceKlass java/sql/SQLType
instanceKlass java/sql/NClob
instanceKlass java/sql/Clob
instanceKlass com/mysql/jdbc/Util
instanceKlass java/math/MathContext
instanceKlass com/mysql/jdbc/StringUtils
instanceKlass com/mysql/jdbc/AbandonedConnectionCleanupThread$1
instanceKlass com/mysql/jdbc/AbandonedConnectionCleanupThread
instanceKlass com/mysql/jdbc/NonRegisteringDriver
instanceKlass java/sql/DriverInfo
instanceKlass org/h2/Driver
instanceKlass java/sql/DriverManager$2
instanceKlass java/sql/DriverManager$1
instanceKlass java/sql/DriverManager
instanceKlass com/mathworks/fl/i18n/XMLMessageSystemJNI
instanceKlass sun/util/locale/LanguageTag
instanceKlass com/mathworks/fl/i18n/XMLMessageSystem
instanceKlass java/sql/CallableStatement
instanceKlass java/sql/PreparedStatement
instanceKlass java/sql/Statement
instanceKlass com/mathworks/toolbox/database/DatabaseStatement
instanceKlass java/sql/Connection
instanceKlass java/sql/Wrapper
instanceKlass com/mathworks/toolbox/database/DatabaseDMD
instanceKlass java/sql/Driver
instanceKlass com/mathworks/toolbox/database/DatabaseConnection
instanceKlass com/mathworks/toolbox/distcomp/pmode/parfor/ParforExecutorImpl$ParforInterval
instanceKlass com/mathworks/toolbox/distcomp/pmode/parfor/ParforExecutorImpl$1
instanceKlass com/mathworks/toolbox/distcomp/pmode/shared/ObservableMessage$SequenceGenerator
instanceKlass com/mathworks/toolbox/distcomp/pmode/taskqueue/FevalEvaluationStatus
instanceKlass com/mathworks/toolbox/distcomp/util/Pair
instanceKlass com/mathworks/toolbox/distcomp/pmode/taskqueue/FevalEvaluationRequest$EvaluationWithRetry
instanceKlass com/mathworks/toolbox/distcomp/pmode/taskqueue/TaskDispatcherImpl$CustomCancelFuture
instanceKlass com/mathworks/toolbox/distcomp/pmode/taskqueue/TaskDispatcherImpl$AsynchronousEvaluation
instanceKlass com/mathworks/toolbox/distcomp/pmode/taskqueue/SynchronousEvaluationRequest
instanceKlass com/mathworks/toolbox/distcomp/pmode/taskqueue/EvaluationResult
instanceKlass com/mathworks/toolbox/distcomp/pmode/taskqueue/TaskQueueFinalReturnMessage
instanceKlass com/mathworks/toolbox/distcomp/pmode/taskqueue/TaskQueueReturnMessage
instanceKlass com/mathworks/toolbox/distcomp/pmode/BufferHelper
instanceKlass com/mathworks/toolbox/distcomp/pmode/taskqueue/AsynchronousEvaluationRequest
instanceKlass com/mathworks/toolbox/distcomp/pmode/taskqueue/EvaluationRequest
instanceKlass com/mathworks/toolbox/distcomp/util/ReferenceCounter
instanceKlass com/mathworks/toolbox/distcomp/util/FreeFreeableBufferFctor
instanceKlass com/mathworks/toolbox/distcomp/nativedmatlab/PackageInfo
instanceKlass com/mathworks/toolbox/distcomp/nativedmatlab/FreeableDirectByteBuffer$WeakAndPhantomRefs
instanceKlass com/mathworks/toolbox/distcomp/nativedmatlab/ByteBuffAndKey
instanceKlass com/mathworks/toolbox/distcomp/nativedmatlab/FreeableDirectByteBuffer$PhantomReferenceReaper
instanceKlass com/mathworks/toolbox/distcomp/nativedmatlab/FreeableDirectByteBuffer$1
instanceKlass com/mathworks/toolbox/distcomp/nativedmatlab/FreeableDirectByteBuffer
instanceKlass com/mathworks/toolbox/distcomp/pmode/PathNotificationCommand$1
instanceKlass com/mathworks/toolbox/distcomp/pmode/shared/DefaultReturnMessage
instanceKlass com/mathworks/toolbox/distcomp/pmode/shared/FinalReturnMessage
instanceKlass java/util/function/UnaryOperator
instanceKlass java/io/ObjectStreamClass$5
instanceKlass java/io/ObjectStreamClass$4
instanceKlass java/io/ObjectStreamClass$3
instanceKlass java/io/ObjectStreamClass$MemberSignature
instanceKlass java/io/ObjectStreamClass$1
instanceKlass com/mathworks/services/settings/SettingLevel$1
instanceKlass com/mathworks/toolbox/distcomp/pmode/io/DirectCommunicationGroup$AddOpWrite
instanceKlass java/io/ObjectOutputStream$ReplaceTable
instanceKlass java/io/ObjectOutputStream$HandleTable
instanceKlass java/awt/FocusTraversalPolicy
instanceKlass com/mathworks/toolbox/distcomp/pmode/LabStartupSucceeded
instanceKlass java/awt/DefaultKeyboardFocusManager$1
instanceKlass sun/awt/AWTAccessor$DefaultKeyboardFocusManagerAccessor
instanceKlass java/awt/AWTKeyStroke$1
instanceKlass java/awt/AWTKeyStroke
instanceKlass java/awt/KeyboardFocusManager$1
instanceKlass sun/awt/AWTAccessor$KeyboardFocusManagerAccessor
instanceKlass java/awt/KeyboardFocusManager
instanceKlass java/awt/KeyEventPostProcessor
instanceKlass java/awt/KeyEventDispatcher
instanceKlass java/awt/EventQueue$4
instanceKlass java/awt/EventQueue$3
instanceKlass sun/awt/dnd/SunDragSourceContextPeer
instanceKlass java/awt/dnd/peer/DragSourceContextPeer
instanceKlass sun/awt/EventQueueDelegate
instanceKlass java/awt/ModalEventFilter
instanceKlass java/awt/EventDispatchThread$HierarchyEventFilter
instanceKlass java/awt/EventFilter
instanceKlass sun/awt/EventQueueItem
instanceKlass java/awt/EventDispatchThread$1
instanceKlass java/awt/Conditional
instanceKlass java/awt/ActiveEvent
instanceKlass java/awt/EventQueue$5
instanceKlass java/awt/Component$3
instanceKlass java/awt/ComponentOrientation
instanceKlass com/mathworks/jmi/MatlabPath$PathEntry
instanceKlass com/mathworks/jmi/Matlab$6
instanceKlass com/mathworks/jmi/MatlabPath$CwdChangeWhenAtPrompt$1
instanceKlass com/mathworks/jmi/MatlabPath$CwdChangeWhenAtPrompt
instanceKlass com/mathworks/toolbox/distcomp/pmode/MultipleFinalReturnMessageObserver
instanceKlass com/mathworks/toolbox/distcomp/pmode/poolmessaging/RoleMessageObserver
instanceKlass com/mathworks/toolbox/distcomp/pmode/FileDependenciesAssistantImpl
instanceKlass com/mathworks/toolbox/distcomp/pmode/RemoteCompositeAssistant
instanceKlass com/mathworks/toolbox/distcomp/pmode/shared/MessageInfo
instanceKlass com/mathworks/toolbox/distcomp/pmode/shared/BufferTransferrable
instanceKlass com/mathworks/toolbox/distcomp/pmode/Session$14
instanceKlass com/mathworks/toolbox/distcomp/util/RunCallableOnce$1
instanceKlass com/mathworks/toolbox/distcomp/pmode/io/Messages$SerializationHelpers
instanceKlass com/mathworks/toolbox/distcomp/pmode/Session$13
instanceKlass com/mathworks/toolbox/distcomp/util/RunCallableOnce
instanceKlass com/mathworks/toolbox/distcomp/pmode/io/DirectCommunicationGroup$1
instanceKlass com/mathworks/toolbox/distcomp/pmode/io/TransmissionChannel$1
instanceKlass com/mathworks/toolbox/distcomp/pmode/io/TransmissionChannel$MessageHolder
instanceKlass com/mathworks/toolbox/distcomp/pmode/io/DirectCommunicationGroup$ForwardingDispatcher
instanceKlass com/mathworks/matlab/api/editor/EditorEventListener
instanceKlass com/mathworks/matlab/api/editor/EditorApplicationListener
instanceKlass com/mathworks/toolbox/distcomp/pmode/matlabpool/attachedfiles/EditorListener
instanceKlass com/mathworks/toolbox/distcomp/pmode/Session$PathNotificationListener
instanceKlass com/mathworks/toolbox/distcomp/util/PathNotificationGateway$Listener
instanceKlass com/mathworks/toolbox/distcomp/pmode/ClientStartupSucceeded
instanceKlass com/mathworks/toolbox/distcomp/pmode/peermessaging/KeepAlive$KeepAliveMessage
instanceKlass com/mathworks/toolbox/distcomp/pmode/ClearNotificationCommand
instanceKlass com/mathworks/toolbox/distcomp/pmode/parfor/ParforMessage
instanceKlass com/mathworks/toolbox/distcomp/pmode/taskqueue/TaskQueueRequestMessage
instanceKlass com/mathworks/toolbox/distcomp/pmode/taskqueue/TaskQueueMessage
instanceKlass com/mathworks/toolbox/parallel/util/resourcemanagement/Disposable
instanceKlass com/mathworks/toolbox/distcomp/pmode/shared/MCommand
instanceKlass com/mathworks/toolbox/distcomp/pmode/shared/Shutdown
instanceKlass com/mathworks/toolbox/distcomp/pmode/DispatchableMessage
instanceKlass com/mathworks/toolbox/distcomp/pmode/Session$12
instanceKlass com/mathworks/toolbox/distcomp/pmode/DispatcherImpl$DispatchInvoker
instanceKlass com/mathworks/toolbox/distcomp/pmode/DispatcherImpl$BridgingDispatcher
instanceKlass com/mathworks/toolbox/distcomp/pmode/transfer/TransferCommand
instanceKlass com/mathworks/toolbox/distcomp/pmode/transfer/TransferCompletedListener
instanceKlass com/mathworks/toolbox/distcomp/pmode/transfer/TransferMonitorAndStarter
instanceKlass com/mathworks/toolbox/distcomp/pmode/transfer/TransferMonitor
instanceKlass com/mathworks/toolbox/distcomp/pmode/transfer/TransferManagerImpl
instanceKlass com/mathworks/toolbox/distcomp/pmode/transfer/DataTransfer
instanceKlass com/mathworks/toolbox/distcomp/pmode/transfer/TransferManager
instanceKlass com/mathworks/toolbox/distcomp/pmode/transfer/Transfer
instanceKlass com/mathworks/toolbox/distcomp/pmode/peermessaging/KeepAlive$KeepAliveSender
instanceKlass com/mathworks/toolbox/distcomp/pmode/peermessaging/KeepAlive$KeepAliveDispatcher
instanceKlass com/mathworks/toolbox/distcomp/pmode/io/ResponseTracker
instanceKlass com/mathworks/toolbox/distcomp/pmode/Session$10
instanceKlass com/mathworks/toolbox/distcomp/pmode/ClearNotificationDispatcher
instanceKlass com/mathworks/toolbox/distcomp/pmode/parfor/Log
instanceKlass com/mathworks/toolbox/distcomp/pmode/parfor/ParforExecutorImpl
instanceKlass com/mathworks/toolbox/distcomp/pmode/parfor/ParforExecutor
instanceKlass com/mathworks/toolbox/distcomp/pmode/taskqueue/Log
instanceKlass com/mathworks/toolbox/distcomp/pmode/taskqueue/TaskDispatcherImpl$CancellableCallable
instanceKlass com/mathworks/toolbox/distcomp/pmode/taskqueue/TaskDispatcherImpl
instanceKlass com/mathworks/toolbox/distcomp/pmode/taskqueue/TaskDispatcher
instanceKlass com/mathworks/toolbox/distcomp/pmode/SendingWriterManager
instanceKlass com/mathworks/toolbox/distcomp/util/FutureWaiter$OnFutureCompletion
instanceKlass com/mathworks/toolbox/distcomp/pmode/SpmdExecutorImpl
instanceKlass com/mathworks/toolbox/distcomp/pmode/ClientImpl
instanceKlass com/mathworks/toolbox/distcomp/pmode/MResultsHandler
instanceKlass com/mathworks/toolbox/distcomp/pmode/MatlabOutputWriters$MatlabOutputListener
instanceKlass com/mathworks/toolbox/distcomp/pmode/MExecutorImpl
instanceKlass com/mathworks/toolbox/distcomp/pmode/SessionConstants
instanceKlass com/mathworks/toolbox/distcomp/util/PackageInfo
instanceKlass com/mathworks/toolbox/distcomp/util/FutureWaiter
instanceKlass com/mathworks/toolbox/distcomp/pmode/LabShutdownHandlerImpl$1
instanceKlass java/util/concurrent/CountDownLatch
instanceKlass com/mathworks/toolbox/distcomp/pmode/LabShutdownHandlerImpl
instanceKlass com/mathworks/toolbox/distcomp/pmode/mapreduce/MapReduceDispatcherImpl
instanceKlass com/mathworks/toolbox/distcomp/pmode/mapreduce/Sink
instanceKlass com/mathworks/toolbox/distcomp/pmode/mapreduce/MapReduceDispatcher
instanceKlass sun/nio/ch/IOVecWrapper$Deallocator
instanceKlass sun/nio/ch/IOVecWrapper
instanceKlass com/mathworks/toolbox/distcomp/pmode/mapreduce/MapReduceAssistantImpl
instanceKlass com/mathworks/toolbox/distcomp/pmode/io/Messages$1
instanceKlass com/mathworks/toolbox/distcomp/pmode/Session$DispatchableMessageDispatcherImpl
instanceKlass com/mathworks/toolbox/parallel/pctutil/EnumUtils
instanceKlass com/mathworks/toolbox/distcomp/pmode/DispatcherImpl
instanceKlass java/util/concurrent/CopyOnWriteArrayList$COWIterator
instanceKlass com/mathworks/toolbox/distcomp/pmode/Session$9
instanceKlass sun/nio/ch/WindowsSelectorImpl$MapEntry
instanceKlass com/mathworks/toolbox/distcomp/pmode/Session$8$1
instanceKlass com/mathworks/toolbox/distcomp/pmode/io/DirectCommunicationGroup$2
instanceKlass com/mathworks/toolbox/distcomp/pmode/io/Messages$DefaultHeaderPayload
instanceKlass com/mathworks/toolbox/distcomp/util/FreeFctor
instanceKlass com/mathworks/toolbox/distcomp/util/ByteBufferHandle
instanceKlass com/mathworks/toolbox/distcomp/pmode/io/HeaderPayload
instanceKlass com/mathworks/toolbox/distcomp/pmode/io/Messages
instanceKlass com/mathworks/toolbox/distcomp/pmode/io/TransmissionChannel
instanceKlass com/mathworks/toolbox/distcomp/pmode/io/Selectable
instanceKlass java/nio/channels/spi/AbstractSelector$1
instanceKlass com/mathworks/toolbox/distcomp/pmode/poolmessaging/RoleCommunicationGroup
instanceKlass com/mathworks/toolbox/distcomp/pmode/poolmessaging/RoleReturnGroup
instanceKlass java/net/PlainSocketImpl$1
instanceKlass java/net/AbstractPlainSocketImpl$1
instanceKlass java/net/SocketImpl
instanceKlass java/net/SocketOptions
instanceKlass java/net/SocksConsts
instanceKlass java/net/ServerSocket
instanceKlass sun/nio/ch/PipeImpl$Initializer$LoopbackConnector
instanceKlass sun/nio/ch/PipeImpl$Initializer
instanceKlass java/nio/channels/Pipe
instanceKlass sun/nio/ch/NativeObject
instanceKlass sun/nio/ch/PollArrayWrapper
instanceKlass sun/nio/ch/WindowsSelectorImpl$FinishLock
instanceKlass sun/nio/ch/WindowsSelectorImpl$StartLock
instanceKlass sun/nio/ch/WindowsSelectorImpl$SubSelector
instanceKlass java/nio/channels/SelectionKey
instanceKlass sun/nio/ch/Util$3
instanceKlass java/nio/channels/Selector
instanceKlass com/mathworks/toolbox/distcomp/pmode/io/Log
instanceKlass com/mathworks/toolbox/distcomp/pmode/io/DirectCommunicationGroup$ConcurrentUniqueQueue
instanceKlass com/mathworks/toolbox/distcomp/pmode/shared/MessageObserver
instanceKlass com/mathworks/toolbox/distcomp/pmode/shared/ObservableMessage
instanceKlass com/mathworks/toolbox/distcomp/pmode/io/RateLimiter
instanceKlass com/mathworks/toolbox/parallel/util/concurrent/Awaitable
instanceKlass com/mathworks/toolbox/distcomp/pmode/shared/ChannelDispatcher
instanceKlass com/mathworks/toolbox/distcomp/pmode/io/CommunicationGroup$CommunicationGroupBuilder
instanceKlass com/mathworks/toolbox/distcomp/pmode/Session$8
instanceKlass com/mathworks/toolbox/distcomp/pmode/ResourceManagerImpl$1
instanceKlass com/mathworks/toolbox/distcomp/pmode/ResourceManagerImpl
instanceKlass java/util/concurrent/Semaphore
instanceKlass com/mathworks/toolbox/distcomp/util/LimitedQueueExecutor
instanceKlass com/mathworks/toolbox/distcomp/pmode/ReturnMessageDispatcherImpl
instanceKlass com/mathworks/toolbox/distcomp/pmode/PackageInfo
instanceKlass com/mathworks/toolbox/distcomp/pmode/AbstractErrorHandler$FatalError
instanceKlass com/mathworks/toolbox/distcomp/pmode/AbstractErrorHandler
instanceKlass com/mathworks/toolbox/distcomp/pmode/poolmessaging/SessionRoleMapping
instanceKlass com/mathworks/toolbox/distcomp/pmode/ProfilingListenerWrapper
instanceKlass com/mathworks/toolbox/distcomp/pmode/SessionInfo
instanceKlass com/mathworks/toolbox/distcomp/pmode/Labs
instanceKlass com/mathworks/toolbox/distcomp/pmode/shared/ResourceManager
instanceKlass com/mathworks/toolbox/distcomp/pmode/shared/ObservableMessageRegistry
instanceKlass com/mathworks/toolbox/distcomp/pmode/FileDependenciesAssistant
instanceKlass com/mathworks/toolbox/distcomp/pmode/taskqueue/TaskQueue
instanceKlass com/mathworks/toolbox/distcomp/pmode/StartupSucceeded
instanceKlass com/mathworks/toolbox/distcomp/pmode/shared/SessionMessage
instanceKlass com/mathworks/toolbox/distcomp/pmode/shared/ControlMessage
instanceKlass com/mathworks/toolbox/distcomp/pmode/poolmessaging/RoleDispatcher
instanceKlass com/mathworks/toolbox/distcomp/pmode/SessionWorkerNotifier
instanceKlass com/mathworks/toolbox/distcomp/pmode/SpmdExecutor
instanceKlass com/mathworks/toolbox/distcomp/pmode/Client
instanceKlass com/mathworks/toolbox/distcomp/pmode/poolmessaging/RoleOutputGroup
instanceKlass com/mathworks/toolbox/distcomp/pmode/SessionListener
instanceKlass com/mathworks/toolbox/distcomp/pmode/MExecutor
instanceKlass com/mathworks/toolbox/distcomp/pmode/shared/ShutdownHandler
instanceKlass com/mathworks/toolbox/distcomp/pmode/ClosableSessionConnections
instanceKlass com/mathworks/toolbox/distcomp/pmode/mapreduce/MapReduceAssistant
instanceKlass com/mathworks/toolbox/distcomp/pmode/SessionProfilingListener
instanceKlass com/mathworks/toolbox/distcomp/pmode/Session$SessionEventDispatcher
instanceKlass com/mathworks/toolbox/distcomp/pmode/Session
instanceKlass com/mathworks/toolbox/distcomp/pmode/LanguageControllerProvider
instanceKlass com/mathworks/toolbox/distcomp/pmode/SessionFactory$Fireable
instanceKlass com/mathworks/toolbox/distcomp/pmode/SessionService
instanceKlass com/mathworks/toolbox/distcomp/pmode/SessionFactory
instanceKlass com/mathworks/toolbox/distcomp/pmode/shared/SessionErrorHandler
instanceKlass com/mathworks/toolbox/distcomp/pmode/shared/ErrorHandler
instanceKlass com/mathworks/toolbox/distcomp/pmode/matlabpool/sessions/WorkerSessionBuilder$BrittleWorkersServicesFactory
instanceKlass java/util/concurrent/ScheduledThreadPoolExecutor$DelayedWorkQueue$Itr
instanceKlass java/util/concurrent/Executors$RunnableAdapter
instanceKlass com/mathworks/toolbox/distcomp/pmode/shared/HandShake$1
instanceKlass java/util/concurrent/RunnableScheduledFuture
instanceKlass java/util/concurrent/ScheduledFuture
instanceKlass java/util/concurrent/Delayed
instanceKlass com/mathworks/toolbox/distcomp/pmode/shared/PackageInfo
instanceKlass java/util/concurrent/ScheduledExecutorService
instanceKlass com/mathworks/toolbox/distcomp/pmode/shared/HandShake
instanceKlass com/mathworks/toolbox/distcomp/pmode/shared/Connection
instanceKlass com/mathworks/toolbox/distcomp/pmode/shared/PlainConnectionFactory
instanceKlass sun/net/NetHooks
instanceKlass sun/nio/ch/OptionKey
instanceKlass sun/nio/ch/SocketOptionRegistry$LazyInitialization
instanceKlass sun/nio/ch/SocketOptionRegistry$RegistryKey
instanceKlass sun/nio/ch/SocketOptionRegistry
instanceKlass jdk/net/SocketFlow
instanceKlass sun/net/ExtendedOptionsImpl$$Lambda$9
instanceKlass sun/net/ExtendedOptionsImpl
instanceKlass sun/nio/ch/ExtendedSocketOption$1
instanceKlass sun/nio/ch/ExtendedSocketOption
instanceKlass sun/nio/ch/SocketChannelImpl$DefaultOptionsHolder
instanceKlass java/net/StandardSocketOptions$StdSocketOption
instanceKlass java/net/SocketOption
instanceKlass java/net/StandardSocketOptions
instanceKlass java/net/Socket
instanceKlass sun/nio/cs/Surrogate
instanceKlass sun/nio/cs/Surrogate$Parser
instanceKlass com/mathworks/toolbox/distcomp/pmode/io/IoConstants
instanceKlass sun/nio/ch/Net$3
instanceKlass sun/nio/ch/Net$4
instanceKlass sun/nio/ch/Net$1
instanceKlass java/net/ProtocolFamily
instanceKlass sun/nio/ch/Net
instanceKlass sun/nio/ch/SelChImpl
instanceKlass sun/nio/ch/DefaultSelectorProvider
instanceKlass java/nio/channels/spi/SelectorProvider$1
instanceKlass java/nio/channels/spi/SelectorProvider
instanceKlass java/nio/channels/NetworkChannel
instanceKlass com/mathworks/toolbox/distcomp/pmode/shared/JoinInfo$DeadlineHelper
instanceKlass com/mathworks/toolbox/distcomp/pmode/matlabpool/sessions/Log
instanceKlass com/mathworks/toolbox/distcomp/pmode/shared/SessionServicesFactory
instanceKlass com/mathworks/toolbox/distcomp/pmode/shared/Dispatcher
instanceKlass com/mathworks/toolbox/distcomp/pmode/shared/DispatchDefinition
instanceKlass com/mathworks/toolbox/distcomp/pmode/peermessaging/KeepAlive
instanceKlass com/mathworks/toolbox/distcomp/pmode/shared/CommunicationObserver
instanceKlass sun/net/util/IPAddressUtil
instanceKlass com/mathworks/toolbox/distcomp/pmode/peermessaging/PackageInfo
instanceKlass com/mathworks/toolbox/distcomp/pmode/peermessaging/PeerConnector
instanceKlass com/mathworks/toolbox/distcomp/pmode/io/broker/BrokeredSocketConnectInfo
instanceKlass com/mathworks/toolbox/distcomp/pmode/poolmessaging/Log
instanceKlass com/mathworks/toolbox/distcomp/pmode/poolmessaging/ConnectionManager$Connector
instanceKlass com/mathworks/toolbox/distcomp/mjs/jobmanager/PortSelectionInformation
instanceKlass com/mathworks/toolbox/distcomp/pmode/poolmessaging/ConnectionManager$Acceptor
instanceKlass com/mathworks/toolbox/distcomp/pmode/poolmessaging/MatlabPoolPeerInstance
instanceKlass com/mathworks/toolbox/distcomp/pmode/shared/Instance
instanceKlass com/mathworks/toolbox/distcomp/util/SystemPropertyConfigPair
instanceKlass com/mathworks/toolbox/distcomp/util/SystemPropertyNames
instanceKlass com/mathworks/toolbox/distcomp/pmode/poolmessaging/ProcessInstance
instanceKlass com/mathworks/toolbox/distcomp/pmode/matlabpool/sessions/WorkerSessionBuilder$WorkerSessionBuilderTask
instanceKlass com/mathworks/toolbox/distcomp/pmode/matlabpool/sessions/WorkerSessionBuilder
instanceKlass com/mathworks/toolbox/distcomp/pmode/poolmessaging/MatlabPoolConnector
instanceKlass com/mathworks/toolbox/distcomp/pmode/poolmessaging/MatlabPoolAcceptor
instanceKlass com/mathworks/toolbox/distcomp/pmode/shared/AcceptorSecurityDescription
instanceKlass com/mathworks/toolbox/distcomp/pmode/poolmessaging/ConnectionManager
instanceKlass com/mathworks/toolbox/distcomp/pmode/shared/ReturnMessage
instanceKlass com/mathworks/toolbox/distcomp/pmode/shared/Message
instanceKlass com/mathworks/toolbox/distcomp/pmode/shared/PmodeSerializable
instanceKlass com/mathworks/toolbox/distcomp/pmode/MatlabOutputWriters
instanceKlass java/io/ObjectInputStream$GetField
instanceKlass java/net/InetSocketAddress$InetSocketAddressHolder
instanceKlass com/mathworks/toolbox/distcomp/pmode/shared/ConnectionFactory
instanceKlass com/mathworks/toolbox/distcomp/pmode/shared/ConnectorPlainSecurityDescription
instanceKlass com/mathworks/toolbox/distcomp/pmode/io/DirectCommunicationGroup
instanceKlass com/mathworks/toolbox/distcomp/pmode/io/CommunicationGroup
instanceKlass com/mathworks/toolbox/distcomp/pmode/shared/ReturnGroup
instanceKlass com/mathworks/toolbox/distcomp/pmode/shared/OutputGroup
instanceKlass java/io/SerialCallbackContext
instanceKlass com/mathworks/toolbox/distcomp/pmode/shared/ServerSocketAcceptInfo
instanceKlass com/mathworks/toolbox/distcomp/pmode/shared/AcceptInfo
instanceKlass com/mathworks/toolbox/distcomp/pmode/shared/ConnectorSecurityDescription
instanceKlass com/mathworks/toolbox/distcomp/pmode/shared/ServerSocketConnectInfo
instanceKlass com/mathworks/toolbox/distcomp/pmode/shared/ConnectInfo
instanceKlass com/mathworks/toolbox/distcomp/pmode/shared/JoinInfo
instanceKlass org/apache/commons/io/LineIterator
instanceKlass java/util/function/Consumer
instanceKlass java/util/function/Predicate
instanceKlass java/util/stream/Stream
instanceKlass java/util/Spliterator
instanceKlass java/io/Console
instanceKlass com/mathworks/toolbox/distcomp/mjs/service/RMISocketFactoryProvider
instanceKlass java/util/logging/ErrorManager
instanceKlass java/util/zip/Checksum
instanceKlass org/apache/commons/io/filefilter/IOFileFilter
instanceKlass org/apache/commons/io/FileUtils
instanceKlass java/io/ObjectStreamClass$ClassDataSlot
instanceKlass java/io/ObjectOutput
instanceKlass java/util/ComparableTimSort
instanceKlass java/io/ObjectStreamClass$ExceptionInfo
instanceKlass java/io/ObjectStreamClass$FieldReflector
instanceKlass java/io/ObjectStreamClass$2
instanceKlass java/io/ObjectStreamClass$EntryFuture
instanceKlass java/io/ObjectStreamClass$Caches
instanceKlass java/io/ObjectStreamClass
instanceKlass java/io/Bits
instanceKlass sun/misc/ObjectInputFilter$Config$$Lambda$8
instanceKlass sun/misc/ObjectInputFilter
instanceKlass sun/misc/ObjectInputFilter$Config
instanceKlass java/io/ObjectInputStream$ValidationList
instanceKlass java/io/ObjectInputStream$HandleTable$HandleList
instanceKlass java/io/ObjectInputStream$HandleTable
instanceKlass java/io/ObjectInputStream$$Lambda$7
instanceKlass sun/misc/JavaObjectInputStreamAccess
instanceKlass java/lang/invoke/LambdaForm$DMH
instanceKlass sun/misc/ObjectStreamClassValidator
instanceKlass java/io/ObjectInputStream$1
instanceKlass sun/misc/JavaOISAccess
instanceKlass com/mathworks/toolbox/distcomp/nativedmatlab/NativeMethods
instanceKlass com/mathworks/toolbox/parallel/util/HostNameValidator
instanceKlass com/mathworks/toolbox/parallel/pctutil/concurrent/WaitForTurnQueue$1
instanceKlass java/util/concurrent/FutureTask$WaitNode
instanceKlass java/util/concurrent/FutureTask
instanceKlass java/util/concurrent/RunnableFuture
instanceKlass com/mathworks/toolbox/distcomp/local/TokenChangeCommand
instanceKlass com/mathworks/toolbox/parallel/pctutil/concurrent/WaitForTurnQueue
instanceKlass com/mathworks/toolbox/parallel/util/concurrent/SignalingAtomicBoolean$2
instanceKlass com/mathworks/toolbox/parallel/util/concurrent/ReentrantLock$PredicateConditionImpl
instanceKlass com/mathworks/toolbox/parallel/util/concurrent/SignalingAtomicBoolean$1
instanceKlass com/mathworks/toolbox/parallel/util/concurrent/Predicate
instanceKlass com/mathworks/toolbox/parallel/util/concurrent/SignalingAtomicBoolean
instanceKlass com/mathworks/toolbox/distcomp/local/PackageInfo
instanceKlass com/mathworks/toolbox/distcomp/local/LocalScheduler$CommandDelayer
instanceKlass com/mathworks/toolbox/parallel/util/concurrent/PredicateCondition
instanceKlass com/mathworks/toolbox/distcomp/local/TokenManager
instanceKlass com/mathworks/toolbox/parallel/pctutil/concurrent/WaitForTurnQueue$TurnCloser
instanceKlass com/mathworks/toolbox/distcomp/local/TokenManager$SemaphoreToken
instanceKlass com/mathworks/toolbox/distcomp/local/AbstractLocalCommand
instanceKlass com/mathworks/toolbox/distcomp/util/Version$VersionReleasePair
instanceKlass com/mathworks/toolbox/distcomp/util/Version
instanceKlass com/mathworks/toolbox/distcomp/util/MCRShutdownHandler
instanceKlass java/net/InetAddress$CacheEntry
instanceKlass java/util/LinkedList$ListItr
instanceKlass sun/net/InetAddressCachePolicy$2
instanceKlass sun/net/InetAddressCachePolicy$1
instanceKlass sun/net/InetAddressCachePolicy
instanceKlass java/net/Inet4AddressImpl
instanceKlass com/mathworks/toolbox/distcomp/control/PortConfig
instanceKlass com/mathworks/toolbox/distcomp/mjs/service/ExportConfigInfo$ProviderPortMap
instanceKlass com/mathworks/toolbox/distcomp/mjs/service/ExportConfigInfo
instanceKlass com/mathworks/toolbox/distcomp/mjs/service/ConfigInfo
instanceKlass java/io/Externalizable
instanceKlass com/mathworks/toolbox/distcomp/util/FileUtils
instanceKlass net/jini/id/UuidFactory
instanceKlass java/util/concurrent/BlockingDeque
instanceKlass com/mathworks/toolbox/parallel/pctutil/io/FileDeleter
instanceKlass com/mathworks/toolbox/distcomp/distcompobjects/EntityProxy
instanceKlass java/net/Proxy
instanceKlass com/mathworks/webservices/client/core/auth/ProxyServerCredentialsProvider
instanceKlass com/mathworks/mlwebservices/ws_client_core/webproxy/ClientProxyConfigurationVisitor
instanceKlass org/apache/commons/httpclient/util/IdleConnectionHandler
instanceKlass org/apache/commons/httpclient/MultiThreadedHttpConnectionManager$ConnectionPool
instanceKlass org/apache/commons/httpclient/HttpConnection
instanceKlass org/apache/commons/httpclient/MultiThreadedHttpConnectionManager
instanceKlass org/apache/commons/httpclient/HostConfiguration
instanceKlass org/apache/commons/httpclient/HttpState
instanceKlass org/apache/commons/httpclient/DefaultHttpMethodRetryHandler
instanceKlass org/apache/commons/httpclient/HttpMethodRetryHandler
instanceKlass org/apache/commons/httpclient/SimpleHttpConnectionManager
instanceKlass org/apache/commons/httpclient/HttpVersion
instanceKlass org/apache/commons/httpclient/params/DefaultHttpParamsFactory
instanceKlass org/apache/commons/httpclient/params/HttpParamsFactory
instanceKlass org/apache/commons/httpclient/params/DefaultHttpParams
instanceKlass org/apache/commons/logging/impl/SimpleLog$1
instanceKlass org/apache/commons/logging/impl/SimpleLog
instanceKlass org/apache/commons/logging/Log
instanceKlass org/apache/commons/logging/impl/LogFactoryImpl$1
instanceKlass org/apache/commons/logging/impl/LogFactoryImpl$2
instanceKlass org/apache/commons/logging/LogFactory$2
instanceKlass org/apache/commons/logging/LogFactory$3
instanceKlass org/apache/commons/logging/LogFactory$4
instanceKlass org/apache/commons/logging/impl/WeakHashtable$Referenced
instanceKlass org/apache/commons/logging/LogFactory$1
instanceKlass org/apache/commons/logging/LogFactory$6
instanceKlass org/apache/commons/logging/LogFactory
instanceKlass org/apache/commons/httpclient/params/HttpParams
instanceKlass org/apache/commons/httpclient/HttpClient
instanceKlass org/apache/commons/httpclient/Credentials
instanceKlass org/apache/commons/httpclient/HttpConnectionManager
instanceKlass org/apache/commons/httpclient/HttpMethod
instanceKlass com/mathworks/webservices/client/core/http/MathWorksHttpClient
instanceKlass com/sun/xml/internal/bind/v2/runtime/NameList
instanceKlass com/sun/xml/internal/bind/v2/runtime/unmarshaller/ChildLoader
instanceKlass com/sun/xml/internal/bind/v2/runtime/property/ArrayERProperty$ReceiverImpl
instanceKlass com/sun/xml/internal/bind/v2/runtime/unmarshaller/StructureLoader$1
instanceKlass com/sun/xml/internal/bind/v2/runtime/property/UnmarshallerChain
instanceKlass javax/xml/bind/annotation/W3CDomHandler
instanceKlass javax/xml/bind/annotation/DomHandler
instanceKlass com/sun/xml/internal/bind/v2/model/runtime/RuntimeArrayInfo
instanceKlass com/sun/xml/internal/bind/v2/model/core/ArrayInfo
instanceKlass com/sun/xml/internal/bind/v2/runtime/ElementBeanInfoImpl$1
instanceKlass javax/xml/bind/JAXBElement
instanceKlass java/util/Collections$1
instanceKlass com/sun/xml/internal/bind/v2/runtime/property/TagAndType
instanceKlass com/sun/xml/internal/bind/v2/runtime/reflect/opt/Injector$1
instanceKlass java/lang/AssertionStatusDirectives
instanceKlass java/util/concurrent/locks/ReentrantReadWriteLock$WriteLock
instanceKlass java/util/concurrent/locks/ReentrantReadWriteLock$ReadLock
instanceKlass java/util/concurrent/locks/ReentrantReadWriteLock
instanceKlass java/util/concurrent/locks/ReadWriteLock
instanceKlass com/sun/xml/internal/bind/v2/runtime/reflect/opt/Injector
instanceKlass com/sun/xml/internal/bind/v2/runtime/reflect/opt/SecureLoader
instanceKlass com/sun/xml/internal/bind/v2/runtime/reflect/opt/AccessorInjector
instanceKlass com/sun/xml/internal/bind/v2/runtime/reflect/opt/Ref
instanceKlass com/sun/xml/internal/bind/v2/runtime/reflect/opt/Bean
instanceKlass com/sun/xml/internal/bind/v2/model/runtime/RuntimeElementInfo
instanceKlass com/sun/xml/internal/bind/v2/model/core/ElementInfo
instanceKlass com/sun/xml/internal/bind/v2/ClassFactory
instanceKlass com/sun/xml/internal/bind/v2/runtime/reflect/Utils$1
instanceKlass com/sun/xml/internal/bind/v2/runtime/reflect/Utils
instanceKlass com/sun/xml/internal/bind/v2/runtime/reflect/Lister$2
instanceKlass com/sun/xml/internal/bind/v2/runtime/reflect/ListIterator
instanceKlass com/sun/xml/internal/bind/v2/runtime/reflect/Lister
instanceKlass com/sun/xml/internal/bind/v2/runtime/property/Utils$1
instanceKlass com/sun/xml/internal/bind/v2/runtime/property/Utils
instanceKlass com/sun/xml/internal/bind/v2/bytecode/ClassTailor
instanceKlass com/sun/xml/internal/bind/v2/runtime/reflect/opt/OptimizedTransducedAccessorFactory
instanceKlass com/sun/xml/internal/bind/v2/runtime/reflect/TransducedAccessor
instanceKlass com/sun/xml/internal/bind/v2/runtime/reflect/opt/OptimizedAccessorFactory
instanceKlass com/sun/xml/internal/bind/v2/runtime/property/PropertyFactory$1
instanceKlass com/sun/xml/internal/bind/v2/model/runtime/RuntimeMapPropertyInfo
instanceKlass com/sun/xml/internal/bind/v2/model/core/MapPropertyInfo
instanceKlass com/sun/xml/internal/bind/v2/model/runtime/RuntimeReferencePropertyInfo
instanceKlass com/sun/xml/internal/bind/v2/model/core/ReferencePropertyInfo
instanceKlass com/sun/xml/internal/bind/v2/runtime/property/PropertyFactory
instanceKlass com/sun/xml/internal/bind/v2/runtime/LifecycleMethods
instanceKlass com/sun/xml/internal/bind/v2/runtime/Name
instanceKlass com/sun/xml/internal/bind/v2/runtime/property/PropertyImpl
instanceKlass com/sun/xml/internal/bind/v2/runtime/property/Property
instanceKlass com/sun/xml/internal/bind/v2/runtime/property/StructureLoaderBuilder
instanceKlass com/sun/xml/internal/bind/v2/runtime/AttributeAccessor
instanceKlass com/sun/xml/internal/bind/v2/runtime/unmarshaller/Loader
instanceKlass javax/xml/bind/Marshaller
instanceKlass javax/xml/bind/Unmarshaller
instanceKlass com/sun/xml/internal/bind/v2/runtime/JaxBeanInfo
instanceKlass com/sun/xml/internal/bind/v2/model/impl/EnumConstantImpl
instanceKlass com/sun/xml/internal/bind/v2/model/core/EnumConstant
instanceKlass javax/xml/bind/annotation/XmlEnumValue
instanceKlass com/sun/xml/internal/bind/v2/util/FlattenIterator
instanceKlass com/mathworks/webservices/mls/model/HeartbeatStatus
instanceKlass com/mathworks/webservices/mls/model/Feature
instanceKlass sun/reflect/ClassDefiner$1
instanceKlass sun/reflect/ClassDefiner
instanceKlass sun/reflect/MethodAccessorGenerator$1
instanceKlass sun/reflect/Label$PatchInfo
instanceKlass sun/reflect/Label
instanceKlass sun/reflect/UTF8
instanceKlass sun/reflect/ClassFileAssembler
instanceKlass sun/reflect/ByteVectorImpl
instanceKlass sun/reflect/ByteVector
instanceKlass sun/reflect/ByteVectorFactory
instanceKlass sun/reflect/AccessorGenerator
instanceKlass sun/reflect/ClassFileConstants
instanceKlass java/util/EnumMap$1
instanceKlass com/sun/xml/internal/bind/v2/model/runtime/RuntimeEnumLeafInfo
instanceKlass com/sun/xml/internal/bind/v2/model/core/EnumLeafInfo
instanceKlass com/mathworks/webservices/mls/model/ProductSummary
instanceKlass com/sun/xml/internal/bind/v2/model/impl/GetterSetterPropertySeed
instanceKlass javax/xml/bind/annotation/XmlSeeAlso
instanceKlass com/sun/xml/internal/bind/v2/model/impl/TypeRefImpl
instanceKlass com/sun/xml/internal/bind/v2/model/runtime/RuntimeTypeRef
instanceKlass com/sun/xml/internal/bind/v2/model/runtime/RuntimeNonElementRef
instanceKlass com/sun/xml/internal/bind/v2/model/core/TypeRef
instanceKlass com/sun/xml/internal/bind/v2/model/core/NonElementRef
instanceKlass com/mathworks/webservices/client/core/http/HttpHeader
instanceKlass com/sun/xml/internal/bind/v2/model/annotation/MethodLocatable
instanceKlass sun/reflect/generics/tree/MethodTypeSignature
instanceKlass sun/reflect/generics/tree/VoidDescriptor
instanceKlass com/sun/xml/internal/bind/v2/TODO
instanceKlass javax/xml/bind/annotation/XmlType$DEFAULT
instanceKlass com/sun/xml/internal/bind/v2/model/nav/ParameterizedTypeImpl
instanceKlass com/sun/xml/internal/bind/v2/model/nav/ReflectionNavigator$BinderArg
instanceKlass sun/reflect/generics/tree/TypeVariableSignature
instanceKlass com/sun/xml/internal/bind/annotation/XmlLocation
instanceKlass javax/xml/bind/annotation/XmlSchemaTypes
instanceKlass javax/xml/bind/annotation/adapters/XmlJavaTypeAdapters
instanceKlass com/sun/xml/internal/bind/v2/model/impl/Util
instanceKlass com/sun/xml/internal/bind/v2/model/impl/PropertyInfoImpl
instanceKlass com/sun/xml/internal/bind/v2/model/runtime/RuntimeElementPropertyInfo
instanceKlass com/sun/xml/internal/bind/v2/model/runtime/RuntimePropertyInfo
instanceKlass com/sun/xml/internal/bind/v2/model/core/ElementPropertyInfo
instanceKlass com/sun/xml/internal/bind/v2/model/core/PropertyInfo
instanceKlass com/sun/xml/internal/bind/v2/model/impl/ClassInfoImpl$1
instanceKlass com/sun/xml/internal/bind/v2/model/impl/FieldPropertySeed
instanceKlass com/sun/xml/internal/bind/v2/model/impl/RuntimeClassInfoImpl$RuntimePropertySeed
instanceKlass com/sun/xml/internal/bind/v2/model/impl/PropertySeed
instanceKlass com/sun/xml/internal/bind/v2/model/annotation/AnnotationSource
instanceKlass com/sun/xml/internal/bind/v2/runtime/reflect/Accessor
instanceKlass com/sun/xml/internal/bind/v2/runtime/unmarshaller/Receiver
instanceKlass javax/xml/bind/annotation/XmlElement$DEFAULT
instanceKlass com/sun/xml/internal/bind/v2/model/annotation/SecureLoader
instanceKlass com/sun/xml/internal/bind/AccessorFactoryImpl
instanceKlass com/sun/xml/internal/bind/InternalAccessorFactory
instanceKlass com/sun/xml/internal/bind/AccessorFactory
instanceKlass javax/xml/bind/annotation/XmlAccessorOrder
instanceKlass com/sun/xml/internal/bind/api/impl/NameUtil
instanceKlass com/sun/xml/internal/bind/api/impl/NameConverter
instanceKlass java/lang/Package$1PackageInfoProxy
instanceKlass com/sun/xml/internal/bind/annotation/OverrideAnnotationOf
instanceKlass javax/xml/bind/annotation/XmlMixed
instanceKlass javax/xml/bind/annotation/XmlAnyElement
instanceKlass javax/xml/bind/annotation/XmlElements
instanceKlass javax/xml/bind/annotation/XmlAnyAttribute
instanceKlass javax/xml/bind/annotation/XmlList
instanceKlass javax/xml/bind/annotation/XmlElementWrapper
instanceKlass javax/xml/bind/annotation/XmlAttachmentRef
instanceKlass javax/xml/bind/annotation/XmlMimeType
instanceKlass javax/xml/bind/annotation/XmlInlineBinaryData
instanceKlass javax/xml/bind/annotation/XmlIDREF
instanceKlass javax/xml/bind/annotation/XmlID
instanceKlass javax/xml/bind/annotation/adapters/XmlJavaTypeAdapter
instanceKlass com/sun/xml/internal/bind/v2/model/impl/TypeInfoImpl
instanceKlass com/sun/xml/internal/bind/v2/model/runtime/RuntimeElement
instanceKlass com/sun/xml/internal/bind/v2/model/core/Element
instanceKlass com/sun/xml/internal/bind/v2/model/runtime/RuntimeClassInfo
instanceKlass com/sun/xml/internal/bind/v2/model/core/ClassInfo
instanceKlass javax/xml/bind/annotation/XmlValue
instanceKlass javax/xml/bind/annotation/XmlType
instanceKlass javax/xml/bind/annotation/XmlTransient
instanceKlass javax/xml/bind/annotation/XmlSchemaType
instanceKlass javax/xml/bind/annotation/XmlEnum
instanceKlass javax/xml/bind/annotation/XmlElementRefs
instanceKlass javax/xml/bind/annotation/XmlElementRef
instanceKlass javax/xml/bind/annotation/XmlElementDecl
instanceKlass javax/xml/bind/annotation/XmlElement
instanceKlass javax/xml/bind/annotation/XmlAttribute
instanceKlass com/sun/xml/internal/bind/v2/model/annotation/Quick
instanceKlass com/sun/xml/internal/bind/v2/model/annotation/Init
instanceKlass com/sun/xml/internal/bind/v2/model/annotation/LocatableAnnotation
instanceKlass java/util/Collections$EmptyIterator
instanceKlass javax/xml/bind/annotation/XmlAccessorType
instanceKlass java/lang/annotation/Target
instanceKlass sun/reflect/annotation/AnnotationInvocationHandler
instanceKlass sun/reflect/annotation/AnnotationParser$1
instanceKlass java/lang/annotation/Inherited
instanceKlass java/lang/annotation/Retention
instanceKlass sun/reflect/annotation/ExceptionProxy
instanceKlass sun/reflect/annotation/AnnotationType$1
instanceKlass javax/xml/bind/annotation/XmlRootElement
instanceKlass sun/reflect/annotation/AnnotationParser
instanceKlass javax/xml/bind/annotation/XmlRegistry
instanceKlass com/sun/xml/internal/bind/v2/model/core/Ref
instanceKlass com/sun/xml/internal/bind/api/CompositeStructure
instanceKlass com/sun/xml/internal/bind/v2/runtime/IllegalAnnotationsException$Builder
instanceKlass java/util/Collections$UnmodifiableMap$UnmodifiableEntrySet$UnmodifiableEntry
instanceKlass java/util/Collections$UnmodifiableMap$UnmodifiableEntrySet$1
instanceKlass com/sun/xml/internal/bind/v2/runtime/RuntimeUtil
instanceKlass com/sun/xml/internal/bind/v2/model/impl/AnyTypeImpl
instanceKlass com/sun/xml/internal/bind/v2/model/impl/TypeInfoSetImpl$1
instanceKlass javax/xml/datatype/Duration
instanceKlass javax/xml/datatype/XMLGregorianCalendar
instanceKlass javax/xml/transform/Source
instanceKlass javax/activation/DataHandler
instanceKlass java/awt/datatransfer/Transferable
instanceKlass javax/xml/datatype/DatatypeConstants$Field
instanceKlass javax/xml/datatype/DatatypeConstants
instanceKlass javax/xml/namespace/QName$1
instanceKlass javax/xml/namespace/QName
instanceKlass com/sun/xml/internal/bind/v2/model/impl/RuntimeBuiltinLeafInfoImpl$1
instanceKlass com/sun/xml/internal/bind/v2/model/impl/LeafInfoImpl
instanceKlass com/sun/xml/internal/bind/v2/runtime/Transducer
instanceKlass com/sun/xml/internal/bind/v2/model/runtime/RuntimeBuiltinLeafInfo
instanceKlass com/sun/xml/internal/bind/v2/model/runtime/RuntimeLeafInfo
instanceKlass com/sun/xml/internal/bind/v2/model/runtime/RuntimeNonElement
instanceKlass com/sun/xml/internal/bind/v2/model/runtime/RuntimeTypeInfo
instanceKlass com/sun/xml/internal/bind/v2/model/core/BuiltinLeafInfo
instanceKlass com/sun/xml/internal/bind/v2/model/core/LeafInfo
instanceKlass com/sun/xml/internal/bind/v2/model/core/MaybeElement
instanceKlass com/sun/xml/internal/bind/v2/model/core/NonElement
instanceKlass com/sun/xml/internal/bind/v2/model/core/TypeInfo
instanceKlass com/sun/xml/internal/bind/v2/model/annotation/Locatable
instanceKlass com/sun/xml/internal/bind/v2/model/impl/TypeInfoSetImpl
instanceKlass com/sun/xml/internal/bind/v2/model/runtime/RuntimeTypeInfoSet
instanceKlass com/sun/xml/internal/bind/v2/model/core/TypeInfoSet
instanceKlass com/sun/xml/internal/bind/v2/model/impl/ModelBuilder$1
instanceKlass com/sun/xml/internal/bind/v2/model/core/ErrorHandler
instanceKlass com/sun/xml/internal/bind/v2/runtime/Location
instanceKlass com/sun/xml/internal/bind/v2/model/impl/Utils$1
instanceKlass com/sun/xml/internal/bind/v2/model/nav/TypeVisitor
instanceKlass com/sun/xml/internal/bind/v2/model/nav/ReflectionNavigator
instanceKlass com/sun/xml/internal/bind/v2/model/nav/Navigator
instanceKlass com/sun/xml/internal/bind/v2/model/impl/Utils
instanceKlass com/sun/xml/internal/bind/WhiteSpaceProcessor
instanceKlass javax/xml/bind/annotation/XmlSchema
instanceKlass com/sun/xml/internal/bind/v2/model/impl/ModelBuilder
instanceKlass com/sun/xml/internal/bind/v2/model/impl/ModelBuilderI
instanceKlass com/sun/xml/internal/bind/v2/runtime/NameBuilder
instanceKlass com/sun/istack/internal/Pool$Impl
instanceKlass com/sun/istack/internal/Pool
instanceKlass com/sun/xml/internal/bind/v2/util/QNameMap$Entry
instanceKlass com/sun/xml/internal/bind/v2/util/QNameMap
instanceKlass com/sun/xml/internal/bind/v2/runtime/JAXBContextImpl$6
instanceKlass com/sun/xml/internal/bind/v2/model/annotation/AbstractInlineAnnotationReaderImpl
instanceKlass com/sun/xml/internal/bind/v2/runtime/JAXBContextImpl$JAXBContextBuilder
instanceKlass com/sun/xml/internal/bind/v2/util/TypeCast
instanceKlass com/sun/xml/internal/bind/Util
instanceKlass com/mathworks/webservices/client/core/MathWorksServiceResponse
instanceKlass com/sun/xml/internal/bind/v2/model/annotation/RuntimeAnnotationReader
instanceKlass com/sun/xml/internal/bind/v2/model/annotation/AnnotationReader
instanceKlass com/sun/xml/internal/bind/v2/ContextFactory
instanceKlass javax/xml/bind/GetPropertyAction
instanceKlass javax/xml/bind/ContextFinder
instanceKlass javax/xml/bind/JAXBContext
instanceKlass com/mathworks/webservices/client/core/xml/ErrorMessage
instanceKlass com/mathworks/webservices/client/core/xml/JaxbResponseHandler
instanceKlass com/mathworks/webservices/client/core/ClientConfiguration
instanceKlass com/mathworks/webservices/client/core/http/ResponseHandler
instanceKlass com/mathworks/webproxy/AbstractSystemProxyConfiguration
instanceKlass com/mathworks/webproxy/SystemProxyConfiguration
instanceKlass com/mathworks/webproxy/PropertiesProxyConfigurationImpl
instanceKlass com/mathworks/webproxy/SystemPropertiesProxyConfiguration
instanceKlass com/mathworks/webproxy/AbstractCompositeProxyConfiguration
instanceKlass com/mathworks/webproxy/NativeProxySettings
instanceKlass com/mathworks/webproxy/PropertiesProxyConfiguration
instanceKlass com/mathworks/webproxy/ProxyConfiguration
instanceKlass com/mathworks/webproxy/SystemProxySettings
instanceKlass com/mathworks/webproxy/ProxyAuthenticator
instanceKlass com/mathworks/webproxy/WebproxyFactory
instanceKlass com/mathworks/webproxy/ProxyConfigurationVisitor
instanceKlass com/mathworks/mlwebservices/ws_client_core/webproxy/MathWorksWebServiceClientProxyConfigurator
instanceKlass com/mathworks/mlwebservices/ws_client_core/MathWorksWebServiceClientEndpointConfigurator
instanceKlass com/mathworks/mlwebservices/ws_client_core/DefaultMathWorksWebServiceClientConfigurator
instanceKlass com/mathworks/toolbox/distcomp/util/i18n/I18nMatlabIdentifiedException
instanceKlass com/mathworks/toolbox/distcomp/util/i18n/HasI18nMatlabIdentifiedMessage
instanceKlass com/mathworks/util/MatlabIdentified
instanceKlass com/mathworks/webservices/mls/model/Entitlement
instanceKlass com/mathworks/apache/commons/lang3/text/StrTokenizer
instanceKlass com/mathworks/apache/commons/lang3/text/StrBuilder
instanceKlass com/mathworks/apache/commons/lang3/text/StrLookup
instanceKlass com/mathworks/apache/commons/lang3/StringUtils
instanceKlass java/util/DualPivotQuicksort
instanceKlass com/mathworks/apache/commons/lang3/text/StrMatcher
instanceKlass com/mathworks/apache/commons/lang3/text/StrSubstitutor
instanceKlass java/text/FieldPosition
instanceKlass java/util/Locale$1
instanceKlass com/mathworks/webservices/urlmanager/UrlManagerFactory
instanceKlass com/mathworks/mlwebservices/ReleaseEnvPropertiesFile
instanceKlass com/mathworks/brsanthu/dataexporter/DataExporter
instanceKlass com/mathworks/apache/commons/cli/CommandLineParser
instanceKlass com/mathworks/webservices/urlmanager/UrlManager
instanceKlass com/mathworks/webservices/urlmanager/ReleaseEnv
instanceKlass com/mathworks/mlwebservices/WSEndPoints
instanceKlass com/mathworks/webservices/client/core/MathWorksServiceRequest
instanceKlass com/mathworks/resource_core/BaseMsgID
instanceKlass com/mathworks/mlwebservices/ws_client_core/MathWorksWebServiceClientConfigurator
instanceKlass com/mathworks/webservices/mls/MathWorksLicenseServerClient
instanceKlass com/mathworks/webservices/client/core/MathWorksWebServiceClient
instanceKlass com/mathworks/webservices/client/core/WebServiceClient
instanceKlass com/mathworks/toolbox/distcomp/wsclients/entitlements/MDCSEntitlementRetriever
instanceKlass java/util/function/BiConsumer
instanceKlass com/mathworks/toolbox/distcomp/local/LocalConstants
instanceKlass com/mathworks/toolbox/distcomp/util/ProcessBuilderUtils$Delayer
instanceKlass com/mathworks/toolbox/distcomp/local/LocalScheduler
instanceKlass net/jini/id/Uuid
instanceKlass com/mathworks/toolbox/distcomp/mjs/client/ProxiedClientWorkUnitAccess
instanceKlass com/mathworks/toolbox/distcomp/mjs/client/ClientWorkUnitAccess
instanceKlass com/mathworks/toolbox/distcomp/mjs/client/ReadOnlyClientWorkUnitAccess
instanceKlass com/mathworks/toolbox/distcomp/util/CancelWatchdog$ExitMode
instanceKlass com/mathworks/toolbox/distcomp/util/CancelWatchdog
instanceKlass sun/nio/fs/BasicFileAttributesHolder
instanceKlass sun/nio/fs/WindowsDirectoryStream$WindowsDirectoryIterator
instanceKlass sun/nio/fs/WindowsFileAttributes
instanceKlass java/nio/file/attribute/DosFileAttributes
instanceKlass java/nio/file/attribute/BasicFileAttributes
instanceKlass sun/nio/fs/NativeBuffer$Deallocator
instanceKlass sun/nio/fs/NativeBuffer
instanceKlass sun/nio/fs/NativeBuffers
instanceKlass sun/nio/fs/WindowsNativeDispatcher$BackupResult
instanceKlass sun/nio/fs/WindowsNativeDispatcher$CompletionStatus
instanceKlass sun/nio/fs/WindowsNativeDispatcher$AclInformation
instanceKlass sun/nio/fs/WindowsNativeDispatcher$Account
instanceKlass sun/nio/fs/WindowsNativeDispatcher$DiskFreeSpace
instanceKlass sun/nio/fs/WindowsNativeDispatcher$VolumeInformation
instanceKlass sun/nio/fs/WindowsNativeDispatcher$FirstStream
instanceKlass sun/nio/fs/WindowsNativeDispatcher$FirstFile
instanceKlass sun/nio/fs/WindowsNativeDispatcher$1
instanceKlass sun/nio/fs/WindowsNativeDispatcher
instanceKlass sun/nio/fs/WindowsDirectoryStream
instanceKlass java/nio/file/DirectoryStream
instanceKlass java/nio/file/Files$AcceptAllFilter
instanceKlass java/nio/file/DirectoryStream$Filter
instanceKlass java/nio/file/Files
instanceKlass sun/nio/fs/AbstractPath
instanceKlass sun/nio/fs/Util
instanceKlass sun/nio/fs/WindowsPathParser$Result
instanceKlass sun/nio/fs/WindowsPathParser
instanceKlass java/nio/file/FileSystem
instanceKlass java/nio/file/spi/FileSystemProvider
instanceKlass sun/nio/fs/DefaultFileSystemProvider
instanceKlass java/nio/file/FileSystems$DefaultFileSystemHolder$1
instanceKlass java/nio/file/FileSystems$DefaultFileSystemHolder
instanceKlass java/nio/file/FileSystems
instanceKlass java/net/NetworkInterface$2
instanceKlass java/net/DefaultInterface
instanceKlass java/net/InterfaceAddress
instanceKlass java/net/Inet6Address$Inet6AddressHolder
instanceKlass java/net/InetAddress$2
instanceKlass sun/net/spi/nameservice/NameService
instanceKlass java/net/Inet6AddressImpl
instanceKlass java/net/InetAddressImpl
instanceKlass java/net/InetAddressImplFactory
instanceKlass java/net/InetAddress$Cache
instanceKlass java/net/InetAddress$InetAddressHolder
instanceKlass java/net/InetAddress$1
instanceKlass java/net/NetworkInterface$1
instanceKlass java/net/NetworkInterface
instanceKlass sun/security/provider/ByteArrayAccess
instanceKlass sun/security/provider/SeedGenerator$1
instanceKlass sun/security/provider/SeedGenerator
instanceKlass sun/security/provider/SecureRandom$SeederHolder
instanceKlass sun/security/jca/GetInstance$Instance
instanceKlass java/security/MessageDigestSpi
instanceKlass sun/security/jca/GetInstance
instanceKlass java/security/SecureRandomSpi
instanceKlass java/security/Provider$UString
instanceKlass java/security/Provider$Service
instanceKlass sun/security/provider/NativePRNG$NonBlocking
instanceKlass sun/security/provider/NativePRNG$Blocking
instanceKlass sun/security/provider/NativePRNG
instanceKlass sun/security/provider/SunEntries$1
instanceKlass sun/security/provider/SunEntries
instanceKlass sun/security/jca/ProviderConfig$2
instanceKlass sun/security/jca/ProviderList$2
instanceKlass sun/misc/FDBigInteger
instanceKlass java/security/Provider$EngineDescription
instanceKlass java/security/Provider$ServiceKey
instanceKlass sun/security/jca/ProviderConfig
instanceKlass sun/security/jca/ProviderList
instanceKlass sun/security/jca/Providers
instanceKlass java/util/Random
instanceKlass java/util/UUID$Holder
instanceKlass com/mathworks/toolbox/distcomp/nativedmatlab/ProcessManipulation
instanceKlass java/util/logging/Formatter
instanceKlass com/mathworks/hg/util/HGPeerQueue
instanceKlass java/awt/AWTEvent$1
instanceKlass sun/awt/AWTAccessor$AWTEventAccessor
instanceKlass sun/awt/AppContext$PostShutdownEventRunnable
instanceKlass java/util/IdentityHashMap$IdentityHashMapIterator
instanceKlass sun/font/SunFontManager$11
instanceKlass sun/font/SunFontManager$10
instanceKlass sun/font/SunFontManager$5
instanceKlass sun/font/CMap
instanceKlass sun/font/SunFontManager$FamilyDescription
instanceKlass java/util/TreeMap$PrivateEntryIterator
instanceKlass java/util/NavigableSet
instanceKlass java/util/SortedSet
instanceKlass java/util/concurrent/ConcurrentHashMap$Traverser
instanceKlass sun/font/SunFontManager$TTorT1Filter
instanceKlass java/io/RandomAccessFile$1
instanceKlass sun/font/SunFontManager$4
instanceKlass sun/font/TrueTypeFont$DirectoryEntry
instanceKlass java/nio/DirectByteBuffer$Deallocator
instanceKlass sun/nio/ch/Util$BufferCache
instanceKlass sun/nio/ch/Util$2
instanceKlass sun/nio/ch/Util
instanceKlass sun/nio/ch/IOStatus
instanceKlass sun/nio/ch/NativeThread
instanceKlass java/nio/channels/spi/AbstractInterruptibleChannel$1
instanceKlass sun/nio/ch/FileDispatcherImpl$1
instanceKlass sun/nio/ch/NativeDispatcher
instanceKlass sun/nio/ch/NativeThreadSet
instanceKlass sun/nio/ch/IOUtil$1
instanceKlass sun/nio/ch/IOUtil
instanceKlass java/nio/file/attribute/FileAttribute
instanceKlass java/nio/channels/spi/AbstractInterruptibleChannel
instanceKlass java/nio/channels/InterruptibleChannel
instanceKlass java/nio/channels/ScatteringByteChannel
instanceKlass java/nio/channels/GatheringByteChannel
instanceKlass java/nio/channels/SeekableByteChannel
instanceKlass java/nio/channels/ByteChannel
instanceKlass java/nio/channels/WritableByteChannel
instanceKlass java/nio/channels/ReadableByteChannel
instanceKlass java/nio/channels/Channel
instanceKlass sun/font/SunFontManager$13
instanceKlass sun/awt/Win32FontManager$2
instanceKlass sun/font/SunFontManager$3
instanceKlass sun/font/FontFamily
instanceKlass sun/font/CompositeFontDescriptor
instanceKlass sun/awt/FontDescriptor
instanceKlass sun/awt/FontConfiguration
instanceKlass sun/font/SunFontManager$FontRegistrationInfo
instanceKlass sun/font/SunFontManager$2
instanceKlass java/io/RandomAccessFile
instanceKlass sun/font/TrueTypeFont$1
instanceKlass sun/font/TrueTypeFont$TTDisposerRecord
instanceKlass sun/font/Font2DHandle
instanceKlass sun/awt/Win32FontManager$1
instanceKlass sun/font/GlyphList
instanceKlass sun/font/StrikeCache$1
instanceKlass sun/font/StrikeCache
instanceKlass sun/font/FontStrike
instanceKlass sun/font/CharToGlyphMapper
instanceKlass java/awt/geom/Path2D
instanceKlass sun/font/StrikeMetrics
instanceKlass java/awt/geom/Point2D
instanceKlass sun/awt/SunHints$Value
instanceKlass java/awt/RenderingHints$Key
instanceKlass sun/awt/SunHints
instanceKlass java/awt/RenderingHints
instanceKlass java/awt/font/FontRenderContext
instanceKlass sun/font/Font2D
instanceKlass sun/awt/PostEventQueue
instanceKlass sun/awt/MostRecentKeyValue
instanceKlass java/awt/Queue
instanceKlass sun/awt/AppContext$1
instanceKlass sun/font/FontManagerNativeLibrary$1
instanceKlass sun/font/FontManagerNativeLibrary
instanceKlass sun/awt/AppContext$2
instanceKlass sun/font/SunFontManager$1
instanceKlass sun/font/SunFontManager$T1Filter
instanceKlass sun/awt/AppContext$3
instanceKlass sun/font/SunFontManager$TTFilter
instanceKlass sun/awt/AppContext$6
instanceKlass sun/misc/JavaAWTAccess
instanceKlass sun/awt/AppContext$GetAppContextLock
instanceKlass sun/font/SunFontManager
instanceKlass sun/awt/AppContext
instanceKlass sun/font/FontManagerForSGE
instanceKlass sun/font/FontManager
instanceKlass sun/java2d/FontSupport
instanceKlass sun/awt/HeadlessToolkit$1
instanceKlass java/awt/peer/KeyboardFocusManagerPeer
instanceKlass sun/font/FontManagerFactory$1
instanceKlass sun/awt/windows/WToolkit$$Lambda$6
instanceKlass java/lang/invoke/LambdaForm$DMH
instanceKlass java/lang/invoke/LambdaForm$MH
instanceKlass sun/awt/windows/WToolkit$$Lambda$5
instanceKlass sun/font/FontUtilities$1
instanceKlass sun/font/FontUtilities
instanceKlass sun/font/FontManagerFactory
instanceKlass sun/awt/windows/WToolkit$$Lambda$4
instanceKlass sun/misc/FloatingDecimal$ASCIIToBinaryBuffer
instanceKlass sun/misc/FloatingDecimal$PreparedASCIIToBinaryBuffer
instanceKlass sun/misc/FloatingDecimal$ASCIIToBinaryConverter
instanceKlass sun/misc/FloatingDecimal$BinaryToASCIIBuffer
instanceKlass sun/awt/windows/WToolkit$$Lambda$3
instanceKlass sun/misc/FloatingDecimal$ExceptionalBinaryToASCIIBuffer
instanceKlass sun/misc/FloatingDecimal$BinaryToASCIIConverter
instanceKlass sun/misc/FloatingDecimal
instanceKlass sun/java2d/SunGraphicsEnvironment$1
instanceKlass sun/awt/SunDisplayChanger
instanceKlass sun/java2d/SurfaceManagerFactory
instanceKlass sun/awt/AWTAutoShutdown
instanceKlass sun/misc/ThreadGroupUtils
instanceKlass sun/java2d/Disposer$$Lambda$2
instanceKlass java/lang/invoke/LambdaForm$DMH
instanceKlass sun/java2d/Disposer$1
instanceKlass sun/java2d/Disposer
instanceKlass sun/awt/windows/WToolkit$ToolkitDisposer
instanceKlass sun/java2d/DisposerRecord
instanceKlass sun/misc/PerformanceLogger$TimeData
instanceKlass sun/misc/PerformanceLogger
instanceKlass sun/awt/SunToolkit$ModalityListenerList
instanceKlass sun/awt/ModalityListener
instanceKlass java/beans/ChangeListenerMap
instanceKlass java/beans/PropertyChangeSupport
instanceKlass sun/java2d/windows/WindowsFlags$1
instanceKlass sun/java2d/windows/WindowsFlags
instanceKlass sun/awt/windows/WToolkit$2
instanceKlass sun/awt/image/SurfaceManager
instanceKlass sun/awt/image/SurfaceManager$ImageAccessor
instanceKlass java/awt/ImageCapabilities
instanceKlass java/awt/Image
instanceKlass sun/java2d/DestSurfaceProvider
instanceKlass sun/java2d/loops/RenderCache$Entry
instanceKlass sun/java2d/loops/RenderCache
instanceKlass sun/java2d/pipe/DrawImage
instanceKlass sun/java2d/pipe/GeneralCompositePipe
instanceKlass sun/java2d/pipe/SpanShapeRenderer
instanceKlass sun/java2d/pipe/AlphaPaintPipe
instanceKlass sun/java2d/pipe/AAShapePipe
instanceKlass sun/java2d/pipe/RegionIterator
instanceKlass sun/java2d/pipe/Region
instanceKlass sun/java2d/pipe/SpanClipRenderer
instanceKlass org/apache/commons/lang/Validate
instanceKlass sun/java2d/pipe/PixelToShapeConverter
instanceKlass sun/java2d/pipe/AlphaColorPipe
instanceKlass sun/java2d/pipe/CompositePipe
instanceKlass sun/java2d/pipe/GlyphListPipe
instanceKlass sun/java2d/pipe/OutlineTextRenderer
instanceKlass sun/java2d/pipe/RenderingEngine$1
instanceKlass sun/java2d/pipe/RenderingEngine
instanceKlass sun/java2d/pipe/LoopPipe
instanceKlass sun/java2d/pipe/LoopBasedPipe
instanceKlass com/mathworks/mwswing/FontSize
instanceKlass sun/java2d/pipe/ParallelogramPipe
instanceKlass java/text/AttributedCharacterIterator$Attribute
instanceKlass sun/font/AttributeValues
instanceKlass java/awt/geom/AffineTransform
instanceKlass sun/font/FontAccess
instanceKlass sun/java2d/pipe/NullPipe
instanceKlass sun/java2d/pipe/DrawImagePipe
instanceKlass sun/java2d/pipe/TextPipe
instanceKlass sun/java2d/pipe/ShapeDrawPipe
instanceKlass sun/java2d/pipe/PixelFillPipe
instanceKlass sun/java2d/pipe/PixelDrawPipe
instanceKlass com/mathworks/services/DisplayScaleFactorSetting
instanceKlass com/mathworks/mwswing/ScreenSizeChangeHandler
instanceKlass sun/java2d/StateTrackableDelegate$2
instanceKlass sun/java2d/StateTrackableDelegate
instanceKlass java/awt/color/ICC_Profile$1
instanceKlass sun/java2d/cmm/ProfileActivator
instanceKlass sun/java2d/cmm/ProfileDeferralMgr
instanceKlass java/awt/color/ICC_Profile
instanceKlass java/awt/color/ColorSpace
instanceKlass java/awt/image/ColorModel$1
instanceKlass java/awt/image/ColorModel
instanceKlass javax/accessibility/Accessible
instanceKlass com/mathworks/cfbutils/StatEntryReceiver
instanceKlass com/mathworks/util/NativeJava
instanceKlass sun/awt/image/PixelConverter
instanceKlass sun/java2d/loops/SurfaceType
instanceKlass com/mathworks/util/ResolutionUtils
instanceKlass sun/java2d/SurfaceData
instanceKlass sun/java2d/Surface
instanceKlass sun/java2d/StateTrackable
instanceKlass sun/java2d/DisposerTarget
instanceKlass com/mathworks/mwswing/FontUtils
instanceKlass sun/awt/windows/WToolkit$1
instanceKlass sun/awt/KeyboardFocusManagerPeerProvider
instanceKlass sun/awt/InputMethodSupport
instanceKlass sun/awt/ComponentFactory
instanceKlass sun/awt/WindowClosingListener
instanceKlass sun/awt/WindowClosingSupport
instanceKlass java/awt/Graphics
instanceKlass com/mathworks/mwswing/SynchronousInvokeUtility$SynchronousEvent
instanceKlass com/mathworks/hg/util/HGUtils$ComponentImageRunnable
instanceKlass com/mathworks/hg/util/HGUtils
instanceKlass java/awt/Toolkit$2
instanceKlass java/awt/EventQueue$2
instanceKlass sun/awt/AWTAccessor$EventQueueAccessor
instanceKlass java/awt/EventQueue$1
instanceKlass java/awt/EventQueue
instanceKlass javax/swing/SwingUtilities
instanceKlass javax/swing/SwingConstants
instanceKlass com/mathworks/mvm/MvmWrapper
instanceKlass com/mathworks/toolbox/distcomp/cwo/FevalGateway$FevalRunner
instanceKlass com/mathworks/toolbox/parallel/pctutil/concurrent/NamedThreadFactory$LoggingUncaughtExceptionHandler
instanceKlass com/mathworks/toolbox/parallel/pctutil/concurrent/NamedThreadFactory
instanceKlass com/mathworks/toolbox/distcomp/RootLog
instanceKlass com/mathworks/toolbox/distcomp/cwo/Log
instanceKlass com/mathworks/toolbox/distcomp/cwo/FevalGateway
instanceKlass com/mathworks/toolbox/distcomp/cwo/CJSFevalErrorHandler
instanceKlass com/mathworks/jmi/MatlabMCRFactory
instanceKlass java/util/logging/Filter
instanceKlass java/util/logging/LogRecord
instanceKlass com/mathworks/toolbox/parallel/pctutil/logging/RootLog
instanceKlass com/mathworks/toolbox/distcomp/cwo/FevalErrorHandler
instanceKlass com/mathworks/toolbox/distcomp/cwo/DistcompEvaluateFileTask
instanceKlass com/mathworks/toolbox/distcomp/util/MatlabRefStore
instanceKlass java/util/stream/IntStream
instanceKlass java/util/stream/BaseStream
instanceKlass java/awt/Component$DummyRequestFocusController
instanceKlass sun/awt/RequestFocusController
instanceKlass java/awt/Component$1
instanceKlass sun/awt/AWTAccessor$ComponentAccessor
instanceKlass java/awt/Component$AWTTreeLock
instanceKlass java/util/logging/Logger$1
instanceKlass java/awt/Component
instanceKlass java/awt/MenuContainer
instanceKlass java/awt/image/ImageObserver
instanceKlass com/mathworks/jmi/ComponentBridge
instanceKlass com/mathworks/helpsearch/SearchConfig
instanceKlass com/mathworks/help/helpui/DocUrlParser
instanceKlass com/mathworks/toolbox/shared/hwconnectinstaller/util/registry/SupportPackageData
instanceKlass java/lang/invoke/LambdaForm$MH
instanceKlass java/lang/invoke/LambdaForm$MH
instanceKlass java/lang/invoke/InnerClassLambdaMetafactory$1
instanceKlass java/awt/GraphicsEnvironment$$Lambda$1
instanceKlass java/lang/invoke/InfoFromMemberName
instanceKlass java/lang/invoke/MethodHandleInfo
instanceKlass sun/security/util/SecurityConstants
instanceKlass java/security/AccessController$1
instanceKlass java/lang/invoke/AbstractValidatingLambdaMetafactory
instanceKlass java/lang/invoke/LambdaForm$BMH
instanceKlass java/lang/invoke/LambdaForm$BMH
instanceKlass jdk/internal/org/objectweb/asm/FieldVisitor
instanceKlass java/lang/invoke/BoundMethodHandle$Factory$1
instanceKlass java/lang/invoke/BoundMethodHandle$SpeciesData$1
instanceKlass java/lang/invoke/LambdaForm$MH
instanceKlass java/lang/invoke/LambdaForm$BMH
instanceKlass java/lang/invoke/LambdaForm$MH
instanceKlass java/lang/invoke/LambdaForm$DMH
instanceKlass java/lang/invoke/LambdaForm$DMH
instanceKlass java/lang/invoke/LambdaForm$BMH
instanceKlass java/lang/invoke/LambdaForm$BMH
instanceKlass java/lang/invoke/LambdaForm$MH
instanceKlass java/lang/invoke/LambdaFormBuffer
instanceKlass java/lang/invoke/LambdaFormEditor
instanceKlass java/lang/invoke/LambdaForm$DMH
instanceKlass java/lang/invoke/LambdaForm$DMH
instanceKlass java/lang/invoke/LambdaForm$DMH
instanceKlass java/lang/invoke/LambdaForm$DMH
instanceKlass java/lang/invoke/LambdaForm$MH
instanceKlass java/lang/invoke/LambdaForm$DMH
instanceKlass java/lang/invoke/LambdaForm$DMH
instanceKlass java/lang/invoke/LambdaForm$MH
instanceKlass java/lang/invoke/LambdaForm$DMH
instanceKlass java/lang/invoke/LambdaForm$DMH
instanceKlass java/lang/invoke/LambdaForm$MH
instanceKlass java/lang/invoke/LambdaForm$DMH
instanceKlass java/lang/invoke/LambdaForm$DMH
instanceKlass java/lang/invoke/LambdaForm$MH
instanceKlass java/lang/invoke/LambdaForm$DMH
instanceKlass java/lang/invoke/LambdaForm$DMH
instanceKlass java/lang/invoke/LambdaForm$MH
instanceKlass java/lang/invoke/LambdaForm$DMH
instanceKlass java/lang/invoke/LambdaForm$MH
instanceKlass java/lang/invoke/LambdaForm$DMH
instanceKlass java/lang/invoke/LambdaForm$DMH
instanceKlass java/lang/invoke/LambdaForm$MH
instanceKlass java/lang/invoke/LambdaForm$DMH
instanceKlass java/lang/invoke/LambdaForm$DMH
instanceKlass java/lang/invoke/LambdaForm$MH
instanceKlass java/lang/invoke/LambdaForm$DMH
instanceKlass java/lang/invoke/LambdaForm$MH
instanceKlass java/lang/invoke/LambdaForm$DMH
instanceKlass java/lang/invoke/LambdaForm$MH
instanceKlass java/lang/invoke/LambdaForm$DMH
instanceKlass java/lang/invoke/MethodHandleImpl$Lazy
instanceKlass java/lang/invoke/LambdaForm$MH
instanceKlass java/lang/invoke/LambdaForm$DMH
instanceKlass java/lang/invoke/LambdaForm$DMH
instanceKlass java/lang/invoke/LambdaForm$DMH
instanceKlass java/lang/invoke/LambdaForm$DMH
instanceKlass java/lang/invoke/LambdaForm$DMH
instanceKlass java/util/SubList$1
instanceKlass java/lang/invoke/LambdaForm$MH
instanceKlass java/lang/invoke/LambdaForm$MH
instanceKlass java/lang/invoke/LambdaForm$MH
instanceKlass java/lang/invoke/LambdaForm$MH
instanceKlass java/lang/invoke/LambdaForm$MH
instanceKlass java/lang/invoke/LambdaForm$MH
instanceKlass java/lang/invoke/LambdaForm$MH
instanceKlass java/lang/invoke/LambdaForm$MH
instanceKlass java/lang/invoke/LambdaForm$MH
instanceKlass java/lang/invoke/LambdaForm$MH
instanceKlass java/lang/invoke/LambdaForm$MH
instanceKlass java/lang/invoke/LambdaForm$MH
instanceKlass java/lang/invoke/InvokerBytecodeGenerator$CpPatch
instanceKlass java/lang/invoke/LambdaForm$DMH
instanceKlass java/lang/invoke/LambdaForm$DMH
instanceKlass java/lang/invoke/LambdaForm$DMH
instanceKlass java/lang/invoke/LambdaForm$DMH
instanceKlass java/lang/invoke/LambdaForm$DMH
instanceKlass sun/invoke/empty/Empty
instanceKlass sun/invoke/util/VerifyType
instanceKlass java/lang/invoke/InvokerBytecodeGenerator$2
instanceKlass jdk/internal/org/objectweb/asm/AnnotationVisitor
instanceKlass jdk/internal/org/objectweb/asm/Frame
instanceKlass jdk/internal/org/objectweb/asm/Label
instanceKlass jdk/internal/org/objectweb/asm/Type
instanceKlass jdk/internal/org/objectweb/asm/MethodVisitor
instanceKlass jdk/internal/org/objectweb/asm/Item
instanceKlass jdk/internal/org/objectweb/asm/ByteVector
instanceKlass jdk/internal/org/objectweb/asm/ClassVisitor
instanceKlass java/lang/invoke/InvokerBytecodeGenerator
instanceKlass java/util/AbstractList$Itr
instanceKlass java/util/Collections$UnmodifiableCollection$1
instanceKlass java/lang/invoke/DirectMethodHandle$Lazy
instanceKlass sun/invoke/util/BytecodeDescriptor
instanceKlass java/lang/invoke/BoundMethodHandle$Factory
instanceKlass java/lang/invoke/BoundMethodHandle$SpeciesData
instanceKlass java/lang/invoke/LambdaForm$NamedFunction
instanceKlass java/lang/invoke/LambdaForm$Name
instanceKlass sun/invoke/util/ValueConversions
instanceKlass sun/invoke/util/VerifyAccess
instanceKlass java/lang/Character$CharacterCache
instanceKlass java/lang/Short$ShortCache
instanceKlass java/lang/Byte$ByteCache
instanceKlass sun/invoke/util/Wrapper$Format
instanceKlass java/lang/invoke/MethodHandles
instanceKlass java/lang/invoke/Invokers
instanceKlass java/lang/invoke/MethodTypeForm
instanceKlass java/lang/invoke/MethodType$ConcurrentWeakInternSet
instanceKlass java/lang/invoke/MethodHandles$Lookup
instanceKlass java/lang/invoke/LambdaMetafactory
instanceKlass java/awt/GraphicsEnvironment
instanceKlass java/awt/Toolkit$1
instanceKlass java/awt/Toolkit$3
instanceKlass java/util/ResourceBundle$RBClassLoader$1
instanceKlass java/awt/Toolkit$5
instanceKlass sun/awt/AWTAccessor
instanceKlass java/awt/Toolkit$4
instanceKlass sun/awt/AWTAccessor$ToolkitAccessor
instanceKlass java/awt/Toolkit
instanceKlass sun/awt/DisplayChangedListener
instanceKlass com/mathworks/hg/util/JavaSystemScreenInfoProvider
instanceKlass javax/swing/event/EventListenerList
instanceKlass com/mathworks/hg/util/AbstractSystemScreenInfoProvider
instanceKlass com/mathworks/hg/util/DisplayChangeManager
instanceKlass com/mathworks/hg/util/NativeHG
instanceKlass com/mathworks/hg/GraphicsOpenGL
instanceKlass com/mathworks/helpsearch/product/ProductFilter
instanceKlass com/mathworks/help/helpui/WebDocBaseRootsFactory
instanceKlass com/mathworks/help/helpui/DocRoot
instanceKlass com/mathworks/helpsearch/DocPathBuilder
instanceKlass com/mathworks/mlwidgets/help/DocCenterDocConfig$DocConfigExceptionHandler
instanceKlass com/mathworks/helpsearch/product/DocumentationSet
instanceKlass com/mathworks/help/helpui/DocConfigBase
instanceKlass com/mathworks/help/helpui/AbstractDocConfig
instanceKlass com/mathworks/help/helpui/DocConfig
instanceKlass com/mathworks/toolbox/shared/hwconnectinstaller/util/registry/PackageInfoLoader
instanceKlass com/mathworks/instutil/Platform
instanceKlass com/mathworks/instutil/FilePermissionsUtil
instanceKlass com/mathworks/instutil/FilePermissions
instanceKlass com/mathworks/jmi/AutoConvertStringToMatlabChar
instanceKlass com/mathworks/beans/EnumPair
instanceKlass com/mathworks/jmi/bean/UDDMethodDescription
instanceKlass com/mathworks/jmi/bean/UDDPropertyDescription
instanceKlass com/mathworks/jmi/bean/UDDBeanClass
instanceKlass com/mathworks/jmi/bean/OpCode
instanceKlass com/mathworks/jmi/bean/ClassFileConstants
instanceKlass com/mathworks/jmi/bean/UDDListener
instanceKlass com/mathworks/util/DeleteOnExitShutdownInitializer$1
instanceKlass com/mathworks/util/DeleteOnExitShutdownInitializer
instanceKlass com/mathworks/matlabserver/workercommon/client/ClientServiceRegistryFacade
instanceKlass com/mathworks/matlabserver/workercommon/client/ClientServiceRegistryFactory
instanceKlass com/google/gson/internal/$Gson$Types$ParameterizedTypeImpl
instanceKlass sun/reflect/generics/reflectiveObjects/LazyReflectiveObjectGenerator
instanceKlass java/lang/reflect/TypeVariable
instanceKlass sun/reflect/generics/reflectiveObjects/ParameterizedTypeImpl
instanceKlass com/mathworks/connector/client_services/UserManagerImpl$SupportedProducts
instanceKlass sun/reflect/generics/visitor/Reifier
instanceKlass sun/reflect/generics/visitor/TypeTreeVisitor
instanceKlass sun/reflect/generics/tree/ClassSignature
instanceKlass sun/reflect/generics/tree/Signature
instanceKlass sun/reflect/generics/tree/ClassTypeSignature
instanceKlass sun/reflect/generics/tree/SimpleClassTypeSignature
instanceKlass sun/reflect/generics/tree/FieldTypeSignature
instanceKlass sun/reflect/generics/tree/BaseType
instanceKlass sun/reflect/generics/tree/TypeSignature
instanceKlass sun/reflect/generics/tree/ReturnType
instanceKlass sun/reflect/generics/tree/TypeArgument
instanceKlass sun/reflect/generics/tree/FormalTypeParameter
instanceKlass sun/reflect/generics/tree/TypeTree
instanceKlass sun/reflect/generics/tree/Tree
instanceKlass sun/reflect/generics/parser/SignatureParser
instanceKlass sun/reflect/generics/factory/CoreReflectionFactory
instanceKlass sun/reflect/generics/factory/GenericsFactory
instanceKlass sun/reflect/generics/scope/AbstractScope
instanceKlass sun/reflect/generics/scope/Scope
instanceKlass com/mathworks/connector/client_services/UserManagerImpl
instanceKlass com/mathworks/matlabserver/internalservices/workersecurity/UserManager
instanceKlass com/mathworks/connector/client_services/ClientCommandWindowServiceImpl
instanceKlass com/mathworks/matlabserver/workercommon/client/services/ClientCommandWindowService
instanceKlass com/mathworks/connector/client_services/ClientBrowserServiceImpl
instanceKlass com/mathworks/matlabserver/workercommon/client/services/ClientBrowserService
instanceKlass com/mathworks/connector/client_services/ClientEditorServiceImpl
instanceKlass com/mathworks/matlabserver/workercommon/client/services/ClientEditorService
instanceKlass com/mathworks/matlabserver/workercommon/client/services/MessageProducer
instanceKlass com/mathworks/matlabserver/workercommon/client/impl/ClientServiceRegistryImpl
instanceKlass com/mathworks/matlabserver/connector/api/ConnectorLifecycleHelper
instanceKlass com/mathworks/connector/json/impl/JsonDeserializationServiceProvider
instanceKlass com/mathworks/connector/json/impl/JsonSerializationServiceProvider
instanceKlass com/mathworks/connector/MessageBase
instanceKlass com/google/gson/TreeTypeAdapter$SingleTypeFactory
instanceKlass com/google/gson/internal/$Gson$Types$GenericArrayTypeImpl
instanceKlass java/lang/reflect/ParameterizedType
instanceKlass java/lang/reflect/WildcardType
instanceKlass java/lang/reflect/GenericArrayType
instanceKlass com/google/gson/internal/$Gson$Types
instanceKlass com/google/gson/reflect/TypeToken
instanceKlass com/google/gson/InstanceCreator
instanceKlass com/google/gson/internal/$Gson$Preconditions
instanceKlass com/google/gson/JsonSerializer
instanceKlass com/mathworks/connector/json/impl/JsonSerializerImpl$GenericMessageDeserializer
instanceKlass com/google/gson/JsonDeserializer
instanceKlass com/mathworks/connector/json/impl/JsonSerializerImpl
instanceKlass com/google/gson/internal/bind/ReflectiveTypeAdapterFactory$BoundField
instanceKlass com/google/gson/internal/bind/ReflectiveTypeAdapterFactory
instanceKlass com/google/gson/internal/bind/MapTypeAdapterFactory
instanceKlass com/google/gson/internal/bind/CollectionTypeAdapterFactory
instanceKlass com/google/gson/internal/bind/ArrayTypeAdapter$1
instanceKlass com/google/gson/internal/bind/SqlDateTypeAdapter$1
instanceKlass com/google/gson/internal/bind/TimeTypeAdapter$1
instanceKlass java/util/Date
instanceKlass com/google/gson/internal/bind/DateTypeAdapter$1
instanceKlass java/text/Format
instanceKlass com/google/gson/internal/bind/ObjectTypeAdapter$1
instanceKlass com/google/gson/internal/bind/TypeAdapters$26
instanceKlass com/google/gson/internal/bind/TypeAdapters$30
instanceKlass java/util/Calendar
instanceKlass com/google/gson/internal/bind/TypeAdapters$22
instanceKlass java/util/UUID
instanceKlass com/google/gson/internal/bind/TypeAdapters$31
instanceKlass java/net/InetAddress
instanceKlass com/google/gson/internal/bind/TypeAdapters$29
instanceKlass com/google/gson/internal/bind/TypeAdapters$28
instanceKlass com/google/gson/internal/bind/TypeAdapters
instanceKlass com/google/gson/internal/ObjectConstructor
instanceKlass com/google/gson/internal/ConstructorConstructor
instanceKlass com/google/gson/Gson$2
instanceKlass com/google/gson/Gson$1
instanceKlass com/google/gson/JsonSerializationContext
instanceKlass com/google/gson/JsonDeserializationContext
instanceKlass com/google/gson/stream/JsonWriter
instanceKlass com/google/gson/stream/JsonReader
instanceKlass com/google/gson/Gson
instanceKlass com/google/gson/JsonElement
instanceKlass com/google/gson/TypeAdapter
instanceKlass com/google/gson/internal/Excluder
instanceKlass com/google/gson/TypeAdapterFactory
instanceKlass com/google/gson/FieldNamingStrategy
instanceKlass com/google/gson/GsonBuilder
instanceKlass com/mathworks/cosg/CosgRegistryFactory
instanceKlass com/mathworks/connector/Message
instanceKlass com/mathworks/connector/cosg/impl/CosgRegistryImpl
instanceKlass com/mathworks/connector/Address
instanceKlass com/mathworks/connector/impl/ContextImpl
instanceKlass com/mathworks/cosg/CosgRegistry
instanceKlass com/mathworks/connector/cosg/impl/CosgServiceProvider
instanceKlass com/mathworks/messageservice/builders/MessageServiceBuilder
instanceKlass com/mathworks/connector/Future$Continuation
instanceKlass com/mathworks/connector/native_bridge/impl/NativeBridgeServiceProvider
instanceKlass com/mathworks/connector/Context
instanceKlass com/mathworks/connector/impl/ConnectorImpl
instanceKlass com/mathworks/connector/Connector
instanceKlass com/mathworks/matlabserver/connector/api/Server
instanceKlass com/mathworks/matlabserver/connector/util/SessionNonceHelper
instanceKlass com/mathworks/connector/native_bridge/NativeBridge
instanceKlass com/mathworks/connector/json/JsonSerializer
instanceKlass com/mathworks/mlservices/MLExecutionListener
instanceKlass javax/swing/event/ChangeListener
instanceKlass com/mathworks/cosg/CosgMessageHandler
instanceKlass com/mathworks/connector/ServiceProvider
instanceKlass com/mathworks/connector/message_service/api/JniMessageServiceAdaptor
instanceKlass com/mathworks/matlabserver/workercommon/client/ClientServiceRegistry
instanceKlass java/net/URI$Parser
instanceKlass java/net/URI
instanceKlass java/util/TimSort
instanceKlass java/util/Arrays$LegacyMergeSort
instanceKlass com/mathworks/connector/standalone_host/StandaloneHost$1
instanceKlass java/net/URLEncoder
instanceKlass java/net/URLDecoder
instanceKlass com/mathworks/connector/standalone_host/StandaloneHost
instanceKlass com/mathworks/matlabserver/connector/api/Connector
instanceKlass com/mathworks/matlabserver/connector/api/AutoStart
instanceKlass java/awt/AWTEventMulticaster
instanceKlass java/awt/event/MouseWheelListener
instanceKlass java/awt/event/HierarchyBoundsListener
instanceKlass java/awt/event/HierarchyListener
instanceKlass java/awt/event/InputMethodListener
instanceKlass java/awt/event/TextListener
instanceKlass java/awt/event/AdjustmentListener
instanceKlass java/awt/event/ItemListener
instanceKlass java/awt/event/WindowStateListener
instanceKlass java/awt/event/WindowFocusListener
instanceKlass java/awt/event/WindowListener
instanceKlass java/awt/event/MouseMotionListener
instanceKlass java/awt/event/MouseListener
instanceKlass java/awt/event/KeyListener
instanceKlass java/awt/event/FocusListener
instanceKlass java/awt/event/ContainerListener
instanceKlass java/awt/event/ComponentListener
instanceKlass com/mathworks/jmi/MatlabPath$PathCallback
instanceKlass com/mathworks/services/message/MWHandler
instanceKlass com/mathworks/jmi/MatlabMCR
instanceKlass java/io/FilenameFilter
instanceKlass java/util/EventObject
instanceKlass com/mathworks/jmi/MatlabPath
instanceKlass com/mathworks/mlwidgets/prefs/InitialWorkingFolder$1
instanceKlass java/awt/event/ActionListener
instanceKlass com/mathworks/mlwidgets/prefs/InitialWorkingFolder
instanceKlass com/mathworks/services/AntialiasedFontPrefs
instanceKlass org/apache/log4j/helpers/AppenderAttachableImpl
instanceKlass org/apache/log4j/CategoryKey
instanceKlass org/apache/log4j/helpers/LogLog
instanceKlass org/apache/log4j/helpers/Loader
instanceKlass org/apache/log4j/spi/Configurator
instanceKlass org/apache/log4j/helpers/OptionConverter
instanceKlass org/apache/log4j/spi/DefaultRepositorySelector
instanceKlass org/apache/log4j/DefaultCategoryFactory
instanceKlass org/apache/log4j/or/DefaultRenderer
instanceKlass org/apache/log4j/or/ObjectRenderer
instanceKlass org/apache/log4j/or/RendererMap
instanceKlass org/apache/log4j/spi/LoggerFactory
instanceKlass org/apache/log4j/Hierarchy
instanceKlass org/apache/log4j/spi/RendererSupport
instanceKlass org/apache/log4j/spi/RepositorySelector
instanceKlass org/apache/log4j/spi/LoggerRepository
instanceKlass org/apache/log4j/LogManager
instanceKlass org/apache/log4j/Category
instanceKlass org/apache/log4j/spi/AppenderAttachable
instanceKlass org/apache/log4j/helpers/OnlyOnceErrorHandler
instanceKlass org/apache/log4j/spi/ErrorHandler
instanceKlass org/apache/log4j/Priority
instanceKlass org/apache/log4j/AppenderSkeleton
instanceKlass org/apache/log4j/spi/OptionHandler
instanceKlass org/apache/log4j/Appender
instanceKlass com/mathworks/services/Log4JConfiguration
instanceKlass com/mathworks/html/HtmlDataListener
instanceKlass com/mathworks/html/SystemBrowserLauncher
instanceKlass com/mathworks/mlwidgets/html/MatlabSystemBrowserStrategy
instanceKlass java/net/SocketAddress
instanceKlass com/mathworks/net/transport/AbstractTransportClientProperties
instanceKlass java/util/logging/LogManager$5
instanceKlass sun/reflect/UnsafeFieldAccessorFactory
instanceKlass java/util/logging/LoggingProxyImpl
instanceKlass sun/util/logging/LoggingProxy
instanceKlass sun/util/logging/LoggingSupport$1
instanceKlass sun/util/logging/LoggingSupport
instanceKlass sun/util/logging/PlatformLogger$LoggerProxy
instanceKlass sun/util/logging/PlatformLogger$1
instanceKlass sun/util/logging/PlatformLogger
instanceKlass java/util/logging/LogManager$LoggerContext$1
instanceKlass java/util/logging/LogManager$3
instanceKlass java/util/logging/LogManager$2
instanceKlass java/lang/Shutdown$Lock
instanceKlass java/lang/Shutdown
instanceKlass java/lang/ApplicationShutdownHooks$1
instanceKlass java/lang/ApplicationShutdownHooks
instanceKlass java/util/logging/LogManager$LogNode
instanceKlass java/util/logging/LogManager$LoggerContext
instanceKlass java/util/logging/LogManager$1
instanceKlass java/util/logging/LogManager
instanceKlass java/util/concurrent/CopyOnWriteArrayList
instanceKlass java/util/logging/Logger$LoggerBundle
instanceKlass java/util/logging/Level$KnownLevel
instanceKlass java/util/logging/Level
instanceKlass java/util/logging/Handler
instanceKlass java/util/logging/Logger
instanceKlass java/net/Authenticator
instanceKlass com/mathworks/net/transport/MWTransportClientProperties
instanceKlass com/mathworks/net/transport/MWTransportClientPropertiesFactory
instanceKlass com/mathworks/html/SystemBrowserStrategy
instanceKlass com/mathworks/mlwidgets/html/HTMLPrefs
instanceKlass java/lang/reflect/WeakCache$Value
instanceKlass sun/misc/ProxyGenerator$ExceptionTableEntry
instanceKlass sun/misc/ProxyGenerator$PrimitiveTypeInfo
instanceKlass java/lang/Void
instanceKlass sun/misc/ProxyGenerator$FieldInfo
instanceKlass java/io/DataOutput
instanceKlass sun/misc/ProxyGenerator$ConstantPool$Entry
instanceKlass sun/misc/ProxyGenerator$MethodInfo
instanceKlass sun/misc/ProxyGenerator$ProxyMethod
instanceKlass sun/misc/ProxyGenerator$ConstantPool
instanceKlass sun/security/action/GetBooleanAction
instanceKlass sun/misc/ProxyGenerator
instanceKlass java/lang/reflect/WeakCache$Factory
instanceKlass java/util/function/Supplier
instanceKlass java/lang/reflect/Proxy$ProxyClassFactory
instanceKlass java/lang/reflect/Proxy$KeyFactory
instanceKlass java/util/function/BiFunction
instanceKlass java/lang/reflect/WeakCache
instanceKlass java/lang/reflect/Proxy
instanceKlass com/mathworks/util/event/EventListenerList$1
instanceKlass com/mathworks/util/Disposable
instanceKlass java/lang/reflect/InvocationHandler
instanceKlass com/mathworks/util/event/EventListenerList
instanceKlass java/util/Collections$SynchronizedMap
instanceKlass com/mathworks/util/event/GlobalEventManager
instanceKlass com/mathworks/services/Prefs$1
instanceKlass com/mathworks/services/RGBInteger
instanceKlass java/util/RegularEnumSet$EnumSetIterator
instanceKlass java/lang/Class$4
instanceKlass java/lang/Class$MethodArray
instanceKlass com/mathworks/services/settings/SettingInfo
instanceKlass com/mathworks/services/settings/SettingAdapter
instanceKlass sun/nio/ch/Interruptible
instanceKlass java/util/concurrent/locks/LockSupport
instanceKlass java/util/concurrent/atomic/AtomicReference
instanceKlass com/mathworks/services/settings/SettingPath$TreeReference$1
instanceKlass com/mathworks/services/settings/SettingPath$TreeReference
instanceKlass com/mathworks/mvm/eventmgr/MvmDynamicEvent
instanceKlass com/mathworks/mvm/eventmgr/prompt/HomeEvent
instanceKlass com/mathworks/mvm/eventmgr/prompt/CLCEvent
instanceKlass com/mathworks/mvm/eventmgr/SinkTextEvent
instanceKlass com/mathworks/mvm/eventmgr/prompt/DebugLoopEvent
instanceKlass com/mathworks/mvm/eventmgr/prompt/IqmInputRequestEvent
instanceKlass com/mathworks/mvm/eventmgr/prompt/InputRequestEvent
instanceKlass com/mathworks/mvm/eventmgr/DefaultEventMgr$MvmNativeMethods
instanceKlass com/mathworks/mvm/eventmgr/DefaultEventMgr$FactoryNativeMethods
instanceKlass com/mathworks/mvm/eventmgr/DefaultEventMgr$SessionNativeMethods
instanceKlass com/mathworks/mvm/eventmgr/DefaultEventMgr$NativeMethods
instanceKlass com/mathworks/mvm/eventmgr/InsecureReflection
instanceKlass com/mathworks/mvm/exec/FutureResult
instanceKlass java/util/concurrent/Future
instanceKlass com/mathworks/mvm/exec/MatlabIIP
instanceKlass com/mathworks/mvm/exec/NativeFutureResult
instanceKlass com/mathworks/mvm/exec/MatlabRequest
instanceKlass com/mathworks/mvm/MvmImpl
instanceKlass com/mathworks/mvm/MVM
instanceKlass com/mathworks/mvm/eventmgr/EventMgr
instanceKlass com/mathworks/mvm/MvmFactory
instanceKlass java/util/concurrent/Callable
instanceKlass com/mathworks/mvm/context/ThreadContext
instanceKlass com/mathworks/mvm/context/MvmContext
instanceKlass com/mathworks/services/settings/SettingTestEnvironment
instanceKlass com/mathworks/services/settings/SettingTransaction
instanceKlass com/mathworks/services/settings/SettingLevel$Helper
instanceKlass java/awt/geom/RectangularShape
instanceKlass java/awt/Shape
instanceKlass java/awt/Color
instanceKlass java/awt/Paint
instanceKlass java/awt/Transparency
instanceKlass java/awt/Font
instanceKlass com/mathworks/services/settings/SettingConverter
instanceKlass com/mathworks/services/settings/Setting
instanceKlass java/io/FileFilter
instanceKlass javax/swing/text/EditorKit
instanceKlass com/mathworks/cfbutils/FileUtils
instanceKlass com/mathworks/util/FileUtils
instanceKlass com/mathworks/services/Prefs$pairSet
instanceKlass com/mathworks/util/Log
instanceKlass com/mathworks/util/CharBuffer
instanceKlass java/util/concurrent/LinkedBlockingQueue$Node
instanceKlass java/util/concurrent/locks/AbstractQueuedSynchronizer$ConditionObject
instanceKlass java/util/concurrent/locks/Condition
instanceKlass java/util/concurrent/locks/AbstractQueuedSynchronizer$Node
instanceKlass java/util/concurrent/locks/AbstractOwnableSynchronizer
instanceKlass java/util/concurrent/BlockingQueue
instanceKlass java/util/concurrent/ThreadPoolExecutor$AbortPolicy
instanceKlass java/util/concurrent/RejectedExecutionHandler
instanceKlass java/util/concurrent/AbstractExecutorService
instanceKlass java/util/concurrent/ExecutorService
instanceKlass java/util/concurrent/Executor
instanceKlass java/util/concurrent/Executors
instanceKlass com/mathworks/util/DaemonThreadFactory
instanceKlass java/util/concurrent/ThreadFactory
instanceKlass com/mathworks/util/ThreadUtils
instanceKlass com/mathworks/services/Prefs$TwoWayMap
instanceKlass com/mathworks/services/lmgr/events/Heartbeat
instanceKlass com/mathworks/services/lmgr/events/LicServerReconnectDone
instanceKlass com/mathworks/services/lmgr/events/LicServerReconnectAttempt
instanceKlass sun/net/www/protocol/jar/JarFileFactory
instanceKlass sun/net/www/protocol/jar/URLJarFile$URLJarFileCloseController
instanceKlass java/net/URLClassLoader$2
instanceKlass java/util/ResourceBundle$Control$1
instanceKlass java/util/LinkedList$Node
instanceKlass java/util/ResourceBundle$CacheKeyReference
instanceKlass java/util/ResourceBundle$CacheKey
instanceKlass java/util/ResourceBundle$Control
instanceKlass java/net/URLClassLoader$3$1
instanceKlass sun/misc/CompoundEnumeration
instanceKlass java/net/URLClassLoader$3
instanceKlass sun/misc/URLClassPath$1
instanceKlass java/lang/ClassLoader$2
instanceKlass sun/misc/URLClassPath$2
instanceKlass sun/misc/Launcher$BootClassPathHolder$1
instanceKlass sun/misc/Launcher$BootClassPathHolder
instanceKlass java/util/ServiceLoader$1
instanceKlass java/util/ServiceLoader$LazyIterator
instanceKlass java/util/ServiceLoader
instanceKlass java/util/spi/ResourceBundleControlProvider
instanceKlass java/util/ResourceBundle
instanceKlass com/mathworks/services/Prefs$PrefString
instanceKlass com/mathworks/services/settings/SettingListener
instanceKlass com/mathworks/services/Prefs
instanceKlass com/mathworks/util/LanguageUtils
instanceKlass com/mathworks/util/SystemPropertiesInitializer
instanceKlass java/util/ArrayList$Itr
instanceKlass com/mathworks/util/PostVMInit$StartupClass
instanceKlass com/mathworks/util/PostVMInit
instanceKlass com/mathworks/jmi/bean/IMatlabObjectListener
instanceKlass com/mathworks/jmi/bean/UDDObject
instanceKlass com/mathworks/jmi/bean/DynamicProperties
instanceKlass com/mathworks/jmi/bean/MTObject
instanceKlass com/mathworks/services/Browseable
instanceKlass com/mathworks/jmi/bean/TreeObject
instanceKlass com/mathworks/jmi/types/MLArrayRef
instanceKlass com/mathworks/jmi/idlebusy/MatlabIdleBusyStatusEvent
instanceKlass com/mathworks/mvm/eventmgr/FirableMvmEvent
instanceKlass com/mathworks/mvm/eventmgr/MvmTypedEvent
instanceKlass com/mathworks/mvm/eventmgr/MvmEvent
instanceKlass java/lang/ClassLoaderHelper
instanceKlass com/mathworks/util/NativeJavaSwitch
instanceKlass com/mathworks/util/ClassLoaderBridge
instanceKlass com/mathworks/jmi/Matlab$2
instanceKlass java/beans/PropertyChangeListener
instanceKlass com/mathworks/util/PlatformInfo
instanceKlass com/mathworks/util/FactoryUtilAdapter
instanceKlass com/mathworks/jmi/Matlab$MatlabQuitListener
instanceKlass java/lang/Long$LongCache
instanceKlass com/mathworks/jmi/MatlabLooper
instanceKlass com/mathworks/util/event/GlobalEventListener
instanceKlass java/util/TimerTask
instanceKlass com/mathworks/jmi/CompletionObserver
instanceKlass com/mathworks/util/ClassLoaderSupplier
instanceKlass com/mathworks/util/FactoryUtilSupplier
instanceKlass com/mathworks/jmi/MatlabListener
instanceKlass java/util/EventListener
instanceKlass com/mathworks/jmi/Matlab
instanceKlass com/mathworks/mvm/helpers/MatlabPrintStreamManager
instanceKlass com/mathworks/jmi/MatlabLanguage
instanceKlass com/mathworks/jmi/NativeMatlab$MCRIDGetter
instanceKlass com/mathworks/jmi/NativeMatlab
instanceKlass com/mathworks/util/FactoryUtils
instanceKlass java/io/ObjectStreamConstants
instanceKlass java/io/ObjectInput
instanceKlass java/io/DataInput
instanceKlass com/mathworks/jmi/OpaqueJavaInterface
instanceKlass java/io/FilePermission$1
instanceKlass sun/net/www/MessageHeader
instanceKlass java/net/URLConnection
instanceKlass java/security/PermissionCollection
instanceKlass sun/nio/ByteBuffered
instanceKlass sun/security/util/ManifestEntryVerifier
instanceKlass sun/security/util/DisabledAlgorithmConstraints$1
instanceKlass sun/security/util/DisabledAlgorithmConstraints$Constraint
instanceKlass java/util/regex/Matcher
instanceKlass java/util/regex/MatchResult
instanceKlass sun/security/util/DisabledAlgorithmConstraints$Constraints
instanceKlass java/util/ArrayList$SubList$1
instanceKlass java/util/ListIterator
instanceKlass java/util/Properties$LineReader
instanceKlass java/security/Security$1
instanceKlass java/security/Security
instanceKlass sun/security/util/AbstractAlgorithmConstraints$1
instanceKlass java/util/regex/ASCII
instanceKlass java/util/regex/Pattern$TreeInfo
instanceKlass java/util/regex/Pattern$Node
instanceKlass java/util/regex/Pattern
instanceKlass sun/security/util/AlgorithmDecomposer
instanceKlass sun/security/util/AbstractAlgorithmConstraints
instanceKlass java/security/AlgorithmConstraints
instanceKlass sun/security/util/SignatureFileVerifier
instanceKlass java/lang/Package
instanceKlass java/util/jar/JarVerifier$3
instanceKlass java/security/CodeSigner
instanceKlass java/util/jar/JarVerifier
instanceKlass java/util/jar/Attributes$Name
instanceKlass java/util/jar/Attributes
instanceKlass sun/misc/Resource
instanceKlass sun/misc/IOUtils
instanceKlass java/util/zip/ZStreamRef
instanceKlass java/util/zip/Inflater
instanceKlass java/util/zip/ZipEntry
instanceKlass sun/misc/ExtensionDependency
instanceKlass sun/misc/JarIndex
instanceKlass sun/nio/ch/DirectBuffer
instanceKlass sun/misc/PerfCounter$CoreCounters
instanceKlass sun/misc/Perf
instanceKlass sun/misc/Perf$GetPerfAction
instanceKlass sun/misc/PerfCounter
instanceKlass java/util/zip/ZipCoder
instanceKlass java/util/Deque
instanceKlass java/util/Queue
instanceKlass java/nio/charset/StandardCharsets
instanceKlass java/util/jar/JavaUtilJarAccessImpl
instanceKlass sun/misc/JavaUtilJarAccess
instanceKlass sun/misc/FileURLMapper
instanceKlass sun/misc/URLClassPath$JarLoader$1
instanceKlass sun/nio/cs/ThreadLocalCoders$Cache
instanceKlass sun/nio/cs/ThreadLocalCoders
instanceKlass java/util/zip/ZipFile$1
instanceKlass sun/misc/JavaUtilZipFileAccess
instanceKlass java/util/zip/ZipFile
instanceKlass java/util/zip/ZipConstants
instanceKlass sun/misc/URLClassPath$Loader
instanceKlass sun/misc/URLClassPath$3
instanceKlass sun/net/util/URLUtil
instanceKlass java/net/URLClassLoader$1
instanceKlass java/io/FileOutputStream$1
instanceKlass sun/usagetracker/UsageTrackerClient$3
instanceKlass java/lang/ProcessEnvironment$CheckedEntry
instanceKlass java/util/HashMap$HashIterator
instanceKlass java/lang/ProcessEnvironment$CheckedEntrySet$1
instanceKlass java/util/Collections$UnmodifiableMap
instanceKlass java/lang/ProcessEnvironment$EntryComparator
instanceKlass java/lang/ProcessEnvironment$NameComparator
instanceKlass sun/usagetracker/UsageTrackerClient$2
instanceKlass sun/usagetracker/UsageTrackerClient$4
instanceKlass sun/usagetracker/UsageTrackerClient$1
instanceKlass java/util/concurrent/atomic/AtomicBoolean
instanceKlass sun/usagetracker/UsageTrackerClient
instanceKlass sun/misc/PostVMInitHook
instanceKlass java/lang/invoke/MethodHandleStatics$1
instanceKlass java/lang/invoke/MethodHandleStatics
instanceKlass java/lang/invoke/MemberName$Factory
instanceKlass java/lang/ClassValue$Version
instanceKlass java/lang/ClassValue$Identity
instanceKlass java/lang/ClassValue
instanceKlass java/lang/invoke/MethodHandleImpl$3
instanceKlass java/lang/invoke/MethodHandleImpl$2
instanceKlass java/util/function/Function
instanceKlass java/lang/invoke/MethodHandleImpl$1
instanceKlass java/lang/Integer$IntegerCache
instanceKlass java/lang/invoke/MethodHandleImpl
instanceKlass java/lang/SystemClassLoaderAction
instanceKlass java/util/LinkedHashMap$LinkedHashIterator
instanceKlass sun/misc/Launcher$AppClassLoader$1
instanceKlass sun/misc/URLClassPath
instanceKlass java/security/Principal
instanceKlass java/security/ProtectionDomain$Key
instanceKlass java/security/ProtectionDomain$2
instanceKlass sun/misc/JavaSecurityProtectionDomainAccess
instanceKlass java/security/ProtectionDomain$JavaSecurityAccessImpl
instanceKlass sun/misc/JavaSecurityAccess
instanceKlass java/net/URLStreamHandler
instanceKlass java/net/Parts
instanceKlass java/util/BitSet
instanceKlass sun/net/www/ParseUtil
instanceKlass java/io/FileInputStream$1
instanceKlass sun/util/locale/LocaleUtils
instanceKlass java/util/Locale$LocaleKey
instanceKlass sun/util/locale/BaseLocale$Key
instanceKlass sun/util/locale/BaseLocale
instanceKlass java/util/concurrent/ConcurrentHashMap$CollectionView
instanceKlass java/util/concurrent/ConcurrentHashMap$CounterCell
instanceKlass java/util/concurrent/ConcurrentHashMap$Node
instanceKlass java/util/concurrent/locks/ReentrantLock
instanceKlass java/util/concurrent/locks/Lock
instanceKlass java/util/concurrent/ConcurrentMap
instanceKlass sun/util/locale/LocaleObjectCache
instanceKlass java/util/Locale
instanceKlass java/lang/reflect/Array
instanceKlass java/io/Reader
instanceKlass sun/misc/MetaIndex
instanceKlass sun/misc/Launcher$ExtClassLoader$1
instanceKlass java/util/StringTokenizer
instanceKlass java/net/URLClassLoader$7
instanceKlass sun/misc/JavaNetAccess
instanceKlass java/lang/ClassLoader$ParallelLoaders
instanceKlass sun/security/util/Debug
instanceKlass sun/misc/Launcher$Factory
instanceKlass java/net/URLStreamHandlerFactory
instanceKlass java/lang/Compiler$1
instanceKlass java/lang/Compiler
instanceKlass java/lang/System$2
instanceKlass sun/misc/JavaLangAccess
instanceKlass sun/io/Win32ErrorMode
instanceKlass sun/misc/OSEnvironment
instanceKlass sun/misc/NativeSignalHandler
instanceKlass sun/misc/Signal
instanceKlass java/lang/Terminator$1
instanceKlass sun/misc/SignalHandler
instanceKlass java/lang/Terminator
instanceKlass java/lang/ClassLoader$NativeLibrary
instanceKlass java/io/ExpiringCache$Entry
instanceKlass java/lang/ClassLoader$3
instanceKlass java/lang/StringCoding$StringEncoder
instanceKlass java/nio/file/Path
instanceKlass java/nio/file/Watchable
instanceKlass java/lang/Enum
instanceKlass java/io/ExpiringCache
instanceKlass java/io/FileSystem
instanceKlass java/io/DefaultFileSystem
instanceKlass java/lang/Runtime
instanceKlass java/nio/charset/CoderResult$Cache
instanceKlass java/nio/charset/CoderResult
instanceKlass java/lang/Readable
instanceKlass java/nio/Bits$1
instanceKlass sun/misc/JavaNioAccess
instanceKlass java/nio/ByteOrder
instanceKlass java/nio/Bits
instanceKlass java/nio/charset/CharsetEncoder
instanceKlass sun/nio/cs/ArrayEncoder
instanceKlass sun/security/action/GetPropertyAction
instanceKlass java/io/Writer
instanceKlass sun/reflect/misc/ReflectUtil
instanceKlass java/util/concurrent/atomic/AtomicReferenceFieldUpdater$AtomicReferenceFieldUpdaterImpl$1
instanceKlass java/security/PrivilegedExceptionAction
instanceKlass java/util/concurrent/atomic/AtomicReferenceFieldUpdater
instanceKlass java/io/OutputStream
instanceKlass java/io/Flushable
instanceKlass java/io/FileDescriptor$1
instanceKlass sun/misc/JavaIOFileDescriptorAccess
instanceKlass java/io/FileDescriptor
instanceKlass sun/misc/Version
instanceKlass java/lang/CharacterData
instanceKlass java/util/Hashtable$Enumerator
instanceKlass java/util/Iterator
instanceKlass java/util/Enumeration
instanceKlass java/util/Objects
instanceKlass java/util/Collections$SynchronizedCollection
instanceKlass java/nio/charset/CodingErrorAction
instanceKlass java/nio/charset/CharsetDecoder
instanceKlass sun/nio/cs/ArrayDecoder
instanceKlass sun/nio/cs/ext/DelegatableDecoder
instanceKlass sun/nio/cs/ext/DoubleByte
instanceKlass java/lang/StringCoding$StringDecoder
instanceKlass java/lang/ThreadLocal$ThreadLocalMap
instanceKlass java/lang/StringCoding
instanceKlass sun/nio/cs/HistoricallyNamedCharset
instanceKlass java/util/TreeMap$Entry
instanceKlass sun/misc/ASCIICaseInsensitiveComparator
instanceKlass java/util/NavigableMap
instanceKlass java/util/SortedMap
instanceKlass sun/reflect/ReflectionFactory$1
instanceKlass java/lang/Class$1
instanceKlass java/nio/charset/Charset$ExtendedProviderHolder$1
instanceKlass java/nio/charset/Charset$ExtendedProviderHolder
instanceKlass java/util/Arrays
instanceKlass java/lang/reflect/ReflectAccess
instanceKlass sun/reflect/LangReflectAccess
instanceKlass java/lang/reflect/Modifier
instanceKlass sun/reflect/annotation/AnnotationType
instanceKlass java/lang/Class$AnnotationData
instanceKlass sun/reflect/generics/repository/AbstractRepository
instanceKlass java/lang/Class$Atomic
instanceKlass java/lang/Class$ReflectionData
instanceKlass java/lang/Class$3
instanceKlass java/lang/ThreadLocal
instanceKlass java/nio/charset/spi/CharsetProvider
instanceKlass java/nio/charset/Charset
instanceKlass java/lang/Math
instanceKlass java/util/Hashtable$Entry
instanceKlass sun/misc/VM
instanceKlass java/util/HashMap$Node
instanceKlass java/util/Map$Entry
instanceKlass sun/reflect/Reflection
instanceKlass sun/misc/SharedSecrets
instanceKlass java/lang/ref/Reference$1
instanceKlass sun/misc/JavaLangRefAccess
instanceKlass java/lang/ref/ReferenceQueue$Lock
instanceKlass java/lang/ref/ReferenceQueue
instanceKlass java/util/Collections$UnmodifiableCollection
instanceKlass java/util/AbstractMap
instanceKlass java/util/Set
instanceKlass java/util/Collections
instanceKlass java/lang/ref/Reference$Lock
instanceKlass sun/reflect/ReflectionFactory
instanceKlass java/util/AbstractCollection
instanceKlass java/util/RandomAccess
instanceKlass java/util/List
instanceKlass java/util/Collection
instanceKlass java/lang/Iterable
instanceKlass java/security/cert/Certificate
instanceKlass sun/reflect/ReflectionFactory$GetReflectionFactoryAction
instanceKlass java/security/PrivilegedAction
instanceKlass java/security/AccessController
instanceKlass java/security/Permission
instanceKlass java/security/Guard
instanceKlass java/lang/String$CaseInsensitiveComparator
instanceKlass java/util/Comparator
instanceKlass java/io/ObjectStreamField
instanceKlass java/lang/Number
instanceKlass java/lang/Character
instanceKlass java/lang/Boolean
instanceKlass java/nio/Buffer
instanceKlass java/lang/StackTraceElement
instanceKlass java/security/CodeSource
instanceKlass sun/misc/Launcher
instanceKlass java/util/jar/Manifest
instanceKlass java/net/URL
instanceKlass java/io/File
instanceKlass java/io/InputStream
instanceKlass java/io/Closeable
instanceKlass java/lang/AutoCloseable
instanceKlass sun/misc/Unsafe
instanceKlass java/lang/AbstractStringBuilder
instanceKlass java/lang/Appendable
instanceKlass java/lang/invoke/CallSite
instanceKlass java/lang/invoke/MethodType
instanceKlass java/lang/invoke/LambdaForm
instanceKlass java/lang/invoke/MethodHandleNatives
instanceKlass java/lang/invoke/MemberName
instanceKlass java/lang/invoke/MethodHandle
instanceKlass sun/reflect/CallerSensitive
instanceKlass java/lang/annotation/Annotation
instanceKlass sun/reflect/FieldAccessor
instanceKlass sun/reflect/ConstantPool
instanceKlass sun/reflect/ConstructorAccessor
instanceKlass sun/reflect/MethodAccessor
instanceKlass sun/reflect/MagicAccessorImpl
instanceKlass java/lang/reflect/Parameter
instanceKlass java/lang/reflect/Member
instanceKlass java/lang/reflect/AccessibleObject
instanceKlass java/util/Dictionary
instanceKlass java/util/Map
instanceKlass java/lang/ThreadGroup
instanceKlass java/lang/Thread$UncaughtExceptionHandler
instanceKlass java/lang/Thread
instanceKlass java/lang/Runnable
instanceKlass java/lang/ref/Reference
instanceKlass java/security/AccessControlContext
instanceKlass java/security/ProtectionDomain
instanceKlass java/lang/SecurityManager
instanceKlass java/lang/Throwable
instanceKlass java/lang/System
instanceKlass java/lang/ClassLoader
instanceKlass java/lang/Cloneable
instanceKlass java/lang/Class
instanceKlass java/lang/reflect/Type
instanceKlass java/lang/reflect/GenericDeclaration
instanceKlass java/lang/reflect/AnnotatedElement
instanceKlass java/lang/String
instanceKlass java/lang/CharSequence
instanceKlass java/lang/Comparable
instanceKlass java/io/Serializable
ciInstanceKlass java/lang/Object 1 1 78 7 10 10 10 10 8 10 10 10 100 8 10 3 8 10 10 7 1 1 1 1 1 1 1 1 1 1 1 1 1 1 1 1 1 7 1 1 1 1 1 1 7 1 1 7 1 1 1 1 12 12 7 12 12 1 12 7 12 12 1 1 12 1 12 12 1 1 1 1 1 1 1 1 1 1 1 1
ciInstanceKlass java/io/Serializable 1 1 7 100 100 1 1 1 1
ciInstanceKlass java/lang/String 1 1 548 10 8 9 9 10 100 10 10 10 10 100 10 10 10 10 10 100 8 10 10 8 10 10 10 10 10 10 10 10 10 10 10 100 10 10 10 10 10 10 10 10 10 7 10 10 10 100 100 10 10 11 11 10 10 9 11 10 10 10 10 7 3 10 10 10 10 10 10 10 10 10 10 10 10 10 10 10 11 10 10 10 10 10 7 10 10 8 10 10 3 3 7 10 10 10 10 10 11 7 10 10 100 10 10 10 11 11 11 7 3 10 10 10 10 8 8 8 10 10 10 10 10 10 10 10 10 10 10 100 10 10 10 10 8 10 10 8 8 10 10 10 10 7 9 7 10 7 100 100 100 1 1 1 1 1 1 1 1 1 5 0 1 1 1 1 1 1 1 1 1 1 1 1 1 1 100 100 1 100 1 100 1 1 1 1 1 1 1 1 7 1 100 1 1 1 1 100 100 100 1 1 1 1 1 1 1 1 1 1 1 1 1 1 1 1 1 1 1 1 1 1 1 1 1 1 1 1 1 100 1 1 1 1 1 1 1 1 1 1 1 1 1 1 1 1 1 1 1 1 1 1 1 1 1 1 1 1 1 1 1 1 1 1 1 1 100 1 1 1 100 100 1 100 1 1 1 100 1 1 1 1 1 1 1 1 1 1 1 1 1 1 1 1 1 1 1 1 1 1 1 1 1 12 1 12 12 7 12 1 12 12 12 12 1 7 12 12 12 12 12 1 1 7 12 1 12 12 12 12 12 12 12 100 12 12 1 12 12 7 12 100 12 12 12 12 1 12 1 1 12 12 12 12 7 12 12 7 12 12 12 12 12 1 12 12 12 12 12 12 12 12 12 12 12 12 12 12 12 12 12 12 7 12 12 1 12 12 1 12 1 12 12 12 12 7 12 1 12 12 1 12 12 100 12 100 12 12 1 12 12 12 7 12 1 1 1 100 12 12 12 12 12 12 12 12 12 12 12 1 12 12 1 12 1 1 100 12 100 12 7 12 12 1 12 1 12 1 1 1 1 1 1 1 1 1 1 1 1 1 1 1 1 1 1 1 1 1 1 1 1 1 1 1 1 1 1 1 1 1 1 1 1 1 1 1 1 1 1 1 1 1 1 1 1 1 1 1 1 1 1 1 1 1 1 1 1 1 1 1 1 1 1 1 1 1 1 1 1 1 1 1 1 1 1 1 1 1 1 1 1 1 1 1 1 1 1 1 1 1 1 1 1 1 1 1 1 1
staticfield java/lang/String serialPersistentFields [Ljava/io/ObjectStreamField; 0 [Ljava/io/ObjectStreamField;
staticfield java/lang/String CASE_INSENSITIVE_ORDER Ljava/util/Comparator; java/lang/String$CaseInsensitiveComparator
ciInstanceKlass java/lang/Class 1 1 1224 9 9 10 10 10 10 9 9 9 9 7 10 10 8 10 8 8 10 10 10 10 10 10 10 10 10 8 10 8 8 10 11 10 10 10 10 10 9 10 100 10 9 7 100 8 10 10 7 10 10 7 100 10 10 10 10 9 10 7 10 100 10 10 10 9 10 10 10 10 10 7 100 10 10 10 10 10 9 10 7 10 10 10 10 10 10 10 10 10 10 10 10 10 10 10 10 10 10 100 8 10 10 100 10 100 11 10 10 10 10 10 10 10 8 10 10 10 8 10 10 10 8 10 8 10 10 10 10 8 10 100 10 10 10 10 100 10 100 10 10 10 10 10 10 10 10 7 10 10 10 10 10 10 10 10 10 10 10 10 10 9 10 9 7 10 9 10 7 10 9 10 10 10 10 10 10 10 8 10 10 9 10 7 9 10 10 7 10 10 10 10 9 10 9 10 10 10 10 9 9 10 9 7 10 7 10 10 11 11 11 7 11 11 9 9 7 7 10 9 9 10 10 9 7 10 10 10 10 10 10 10 10 10 10 10 10 10 10 10 10 10 10 10 10 10 10 10 10 10 8 7 10 8 8 8 8 10 10 9 9 10 7 9 7 10 7 7 10 10 10 8 10 7 10 7 10 100 8 10 7 10 10 11 10 100 10 10 8 8 10 10 9 11 7 11 9 10 10 10 9 9 10 10 10 10 10 11 11 11 11 7 11 10 10 100 11 10 10 10 11 11 7 10 10 9 9 10 10 10 10 7 9 100 7 100 100 1 1 1 1 7 1 1 1 1 1 3 1 3 1 3 1 1 1 1 1 1 1 1 1 1 1 1 1 1 1 1 1 1 1 1 1 1 1 5 0 1 1 1 1 1 1 1 1 1 1 1 1 1 1 1 1 100 1 1 1 1 1 1 1 1 1 1 1 100 100 100 1 100 1 1 1 100 1 1 1 1 100 1 1 1 1 1 1 100 100 100 1 1 1 1 1 1 1 1 1 1 1 1 1 1 1 1 100 1 1 1 100 1 1 1 1 1 1 1 1 1 1 100 1 1 1 1 100 1 1 1 1 1 1 1 1 1 1 100 100 100 100 100 1 1 1 1 1 1 1 1 100 1 1 1 1 1 1 100 1 1 1 1 1 1 1 100 1 1 1 1 1 1 1 1 1 1 1 100 1 1 1 1 1 1 1 1 1 1 1 1 1 1 1 1 1 1 1 100 1 1 1 1 1 1 1 1 1 1 100 1 1 1 1 1 1 1 1 1 1 1 1 1 1 1 1 1 1 100 1 1 100 100 1 1 1 1 1 1 1 1 1 1 100 1 1 1 1 1 1 1 1 1 1 1 1 1 1 1 1 1 1 1 100 1 1 1 1 1 1 1 1 1 1 1 1 1 100 1 1 1 1 1 1 1 1 100 1 100 1 1 1 1 1 1 1 1 1 1 1 1 1 1 1 1 1 1 1 1 1 1 1 100 1 1 100 100 1 1 1 1 1 1 1 1 1 1 1 1 1 1 1 1 1 1 1 1 1 12 12 12 12 12 12 12 12 12 12 1 12 1 12 1 1 12 12 12 12 7 12 12 12 12 1 12 1 1 12 12 7 12 7 12 12 7 12 100 12 7 12 100 12 1 12 12 1 1 1 12 12 1 12 7 12 1 1 12 12 12 12 12 1 100 12 12 12 12 12 12 12 12 7 1 1 12 12 7 12 12 12 12 7 12 1 12 12 12 12 12 12 100 12 12 12 12 12 12 7 12 12 12 1 1 12 1 12 1 12 100 12 12 12 100 12 12 1 12 12 12 1 12 12 12 1 12 1 12 12 12 12 1 12 1 12 12 12 1 12 1 12 12 12 12 12 12 12 12 1 12 12 12 12 12 12 12 12 12 12 12 12 12 12 1 12 12 1 12 12 100 12 12 12 100 12 12 12 12 1 12 12 12 12 1 12 12 12 1 12 12 7 12 7 12 12 12 12 12 12 12 12 12 12 12 12 1 1 12 7 12 12 7 12 1 12 7 12 12 1 1 12 12 12 12 12 12 1 12 12 12 12 12 12 12 12 12 12 12 12 12 12 12 12 12 12 12 12 1 1 7 1 1 1 1 12 12 12 12 12 1 12 1 1 1 1 12 7 1 12 1 12 1 12 1 1 1 12 7 12 12 1 12 1 1 7 12 12 12 12 1 12 12 100 12 7 12 12 12 12 12 12 12 12 12 12 7 12 12 1 1 12 7 12 12 1 100 12 12 12 12 1 12 12 12 100 12 12 100 12 12 12 1 12 1 1 1 1 1 100 1 1 1 1 1 1 1 1 1 1 1 1 1 1 1 1 1 1 1 1 1 1 1 1 1 1 1 1 1 1 1 1 1 1 1 1 1 1 1 1 1 1 1 1 1 1 1 1 1 1 1 1 1 1 1 1 1 1 1 1 1 1 1 1 1 1 1 1 1 1 1 1 1 1 1 1 1 1 1 1 1 1 1 1 1 1 1 1 1 1 1 1 1 1 1 1 1 1 1 1 1 1 1 1 1 1 1 1 1 1 1 1 1 1 1 1 1 1 1 1 1 1 1 1 1 1 1 1 1 1 1 1 1 1 1 1 1 1 1 1 1 1 1 1 1 1 1 1 1 1 1 1 1 1 1 1 1 1 1 1 1 1 1 1 1 1 1 1 1 1 1 1 1 1 1 1 1 1 1 1 1 1 1 1 1 1 1 1 1 1 1 1 1 1 1 1 1 1 1 1 1 1 1 1 1 1 1 1 1
staticfield java/lang/Class serialPersistentFields [Ljava/io/ObjectStreamField; 0 [Ljava/io/ObjectStreamField;
ciInstanceKlass java/lang/Cloneable 1 1 7 100 100 1 1 1 1
instanceKlass java/util/ResourceBundle$RBClassLoader
instanceKlass com/mathworks/util/jarloader/SimpleClassLoader
instanceKlass sun/reflect/DelegatingClassLoader
instanceKlass java/security/SecureClassLoader
ciInstanceKlass java/lang/ClassLoader 1 1 865 9 9 9 10 10 10 10 7 10 7 7 7 10 10 9 7 10 9 9 9 9 9 9 10 10 7 10 9 9 7 10 10 9 7 9 7 10 10 10 10 10 10 10 10 10 7 10 10 10 10 10 10 10 10 10 10 10 10 10 10 10 100 10 100 10 10 11 10 10 10 100 100 10 8 10 10 10 8 10 100 8 10 10 10 10 10 10 10 10 10 10 10 10 10 10 10 10 10 10 10 10 10 10 10 10 8 11 9 11 10 8 8 10 10 10 10 10 10 10 10 7 7 10 10 10 7 10 10 10 7 10 10 10 10 10 10 7 10 10 10 7 10 10 10 9 9 100 8 10 10 10 7 10 10 100 10 100 10 100 10 10 10 10 10 9 10 10 7 10 7 10 10 10 10 10 10 10 10 11 11 11 100 10 9 10 10 7 8 10 9 8 10 9 8 7 10 10 100 8 10 10 10 8 8 10 10 10 8 8 10 10 7 10 10 10 9 10 10 7 9 10 10 8 8 10 10 10 8 10 10 10 10 9 10 10 10 100 10 10 10 10 9 9 9 9 9 10 7 7 10 1 1 7 1 1 1 1 1 1 1 1 1 1 1 1 1 1 1 1 1 1 1 1 1 1 1 1 1 1 1 1 1 1 1 1 1 1 1 1 1 1 1 1 1 1 1 1 1 1 1 1 1 1 1 1 1 100 1 1 100 100 1 1 1 1 1 1 100 100 100 100 100 1 1 1 1 1 1 100 100 1 1 1 1 7 1 1 1 1 1 1 1 1 1 1 100 1 1 1 1 1 1 1 1 1 1 1 1 1 1 1 1 100 100 1 1 1 1 1 1 1 1 1 1 1 1 1 1 100 1 1 1 1 1 1 1 1 1 1 1 100 100 1 1 1 1 1 100 100 1 1 1 1 1 100 100 1 1 1 1 1 1 1 1 1 1 1 1 100 1 1 1 1 1 1 1 1 100 1 1 100 1 1 1 1 100 100 1 1 1 1 1 1 1 1 1 1 100 1 100 1 1 1 1 1 1 1 1 1 12 12 12 12 7 12 100 12 12 1 1 1 12 12 12 1 12 12 12 12 12 12 12 12 1 12 12 1 7 12 12 1 12 1 12 12 12 12 12 12 12 12 1 12 7 12 12 12 12 12 12 12 12 12 100 12 7 12 12 12 12 1 12 1 12 7 12 7 12 12 12 12 1 1 1 12 12 1 12 1 1 12 12 12 12 7 12 12 12 12 12 12 100 12 12 12 12 12 12 12 12 12 12 7 12 12 1 100 12 12 12 12 1 1 12 12 12 12 12 12 12 12 1 1 12 12 12 1 12 12 7 12 1 12 12 12 7 12 7 12 1 12 7 12 1 12 12 12 12 12 1 1 12 12 1 12 12 1 12 1 100 1 12 12 12 12 12 100 12 12 12 1 1 12 12 12 12 12 12 12 100 12 1 12 12 12 12 1 1 12 1 12 12 1 1 12 1 1 12 12 1 1 12 12 7 12 1 1 12 1 12 12 12 12 12 1 12 12 1 1 12 1 12 12 12 12 12 12 12 12 1 12 12 12 12 100 12 12 12 12 12 12 1 1 1 1 1 1 1 1 1 1 1 1 1 1 1 1 1 1 1 1 1 1 1 1 1 1 1 1 1 1 1 1 1 1 1 1 1 1 1 1 1 1 1 1 1 1 1 1 1 1 1 1 1 1 1 1 1 1 1 1 1 1 1 1 1 1 1 1 1 1 1 1 1 1 1 1 1 1 1 1 1 1 1 1 1 1 1 1 1 1 1 1 1 1 1 1 1 1 1 1 1 1 1 1 1 1 1 1 1 1 1 1 1 1 1 1 1 1 1 1 1 1 1 1 1 1 1 1 1 1 1 1 1 1 1 1 1 1 1 1 1 1 1 1 1 1 1 1 1 1 1 1 1 1 1 1 1 1 1 1 1 1 1
staticfield java/lang/ClassLoader nocerts [Ljava/security/cert/Certificate; 0 [Ljava/security/cert/Certificate;
ciInstanceKlass java/lang/System 1 1 375 10 10 10 10 10 9 7 10 11 10 10 10 100 8 10 10 8 10 100 10 8 10 10 100 10 10 9 10 9 9 7 10 10 10 10 10 10 100 100 8 10 10 7 10 100 8 10 8 10 100 8 10 100 10 8 10 10 10 8 10 10 10 10 10 10 10 10 10 7 7 10 10 100 10 10 8 10 7 9 10 7 9 10 9 7 10 8 10 8 8 10 10 10 10 10 10 10 10 7 10 10 10 9 9 9 100 1 1 1 1 1 1 1 1 1 1 1 1 1 1 1 1 1 1 1 1 1 1 1 1 1 1 1 100 100 1 1 1 7 1 100 1 1 1 1 1 100 1 1 1 1 1 1 1 1 1 1 1 1 1 1 1 1 1 1 1 1 1 1 1 1 1 1 1 1 1 1 1 1 1 1 1 1 1 1 1 1 1 1 1 100 1 1 1 1 1 12 12 12 12 12 12 1 7 12 100 12 100 12 12 12 1 1 12 100 12 1 12 1 12 12 100 12 1 12 100 12 12 12 12 12 1 12 12 12 12 12 1 1 1 12 12 1 12 1 1 1 12 1 1 1 1 12 12 7 12 1 12 7 12 12 12 12 12 7 12 12 12 1 1 12 12 1 12 7 12 1 7 12 1 7 12 12 1 12 12 1 12 1 12 1 1 12 7 12 12 7 12 12 7 12 12 12 1 12 12 12 12 12 1 1 1 1 1 1 1 1 1 1 1 1 1 1 1 1 1 1 1 1 1 1 1 1 1 1 1 1 1 1 1 1 1 1 1 1 1 1 1 1 1 1 1 1 1 1 1 1 1 1 1 1 1 1 1 1 1 1 1 1 1 1 1 1 1
staticfield java/lang/System in Ljava/io/InputStream; java/io/BufferedInputStream
staticfield java/lang/System out Ljava/io/PrintStream; java/io/PrintStream
staticfield java/lang/System err Ljava/io/PrintStream; java/io/PrintStream
instanceKlass java/lang/Exception
instanceKlass java/lang/Error
ciInstanceKlass java/lang/Throwable 1 1 340 10 9 9 9 9 9 10 9 10 10 100 7 10 8 10 8 10 10 10 100 8 10 10 10 10 8 9 10 100 10 10 7 10 10 11 10 10 10 8 10 10 7 8 8 10 10 8 8 9 10 100 10 11 8 8 10 8 10 8 7 10 9 10 10 7 10 7 10 10 100 8 10 10 11 7 10 11 11 11 8 8 10 11 10 9 8 10 9 10 9 11 100 10 10 7 100 100 1 1 1 7 1 100 1 1 1 1 5 0 1 1 1 1 1 1 1 1 1 1 1 1 1 1 1 1 1 1 1 1 1 1 1 1 1 1 1 1 1 1 100 100 1 1 1 1 1 1 1 1 1 1 1 1 100 100 100 1 1 1 1 1 1 1 1 1 1 1 1 1 1 1 1 1 100 100 1 7 7 1 1 1 1 1 1 1 1 12 12 12 12 12 12 12 12 12 12 1 1 1 12 1 100 12 12 1 1 12 7 12 12 1 100 12 12 1 12 12 1 7 12 7 12 12 12 12 1 12 12 1 1 1 12 12 1 1 12 100 12 1 12 1 1 12 1 12 1 1 12 12 12 7 12 12 1 12 100 1 1 12 100 12 100 12 1 12 12 100 12 12 1 1 100 12 1 100 12 7 12 12 12 12 12 1 1 1 1 1 1 1 1 1 1 1 1 1 1 1 1 1 1 1 1 1 1 1 1 1 1 1 1 1 1 1 1 1 1 1 1 1 1 1 1 1 1 1 1 1 1 1 1 1 1 1 1 1 1 1 1 1
staticfield java/lang/Throwable UNASSIGNED_STACK [Ljava/lang/StackTraceElement; 0 [Ljava/lang/StackTraceElement;
staticfield java/lang/Throwable SUPPRESSED_SENTINEL Ljava/util/List; java/util/Collections$UnmodifiableRandomAccessList
staticfield java/lang/Throwable EMPTY_THROWABLE_ARRAY [Ljava/lang/Throwable; 0 [Ljava/lang/Throwable;
staticfield java/lang/Throwable $assertionsDisabled Z 1
instanceKlass java/lang/AssertionError
instanceKlass java/lang/VirtualMachineError
instanceKlass java/lang/LinkageError
instanceKlass java/lang/ThreadDeath
ciInstanceKlass java/lang/Error 1 1 30 10 10 10 10 10 100 7 1 1 1 5 0 1 1 1 1 1 1 1 1 1 1 12 12 12 12 12 1 1
ciInstanceKlass java/lang/ThreadDeath 0 0 18 10 100 100 1 1 1 5 0 1 1 1 1 1 1 12 1 1
instanceKlass com/mathworks/jmi/AWTUtilities$ConversionException
instanceKlass com/mathworks/jmi/AWTUtilities$TimeoutRangeException
instanceKlass com/mathworks/jmi/AWTUtilities$TimeoutException
instanceKlass java/sql/SQLException
instanceKlass com/mathworks/toolbox/distcomp/pmode/parfor/ParforExecutorImpl$ParforExecutionCancelledException
instanceKlass com/mathworks/mvm/exec/MvmException
instanceKlass com/mathworks/toolbox/distcomp/pmode/shared/SessionStartupFailedException
instanceKlass com/mathworks/toolbox/distcomp/pmode/peermessaging/PeerMessagingException
instanceKlass com/mathworks/toolbox/parallel/pctutil/concurrent/WaitForTurnQueue$TurnAbandonedException
instanceKlass com/mathworks/toolbox/distcomp/util/FileUtils$FolderDoesNotContainFileException
instanceKlass javax/xml/bind/JAXBException
instanceKlass com/mathworks/toolbox/distcomp/mjs/MJSException
instanceKlass com/mathworks/apache/commons/cli/ParseException
instanceKlass java/awt/FontFormatException
instanceKlass java/util/concurrent/ExecutionException
instanceKlass com/mathworks/toolbox/distcomp/cwo/WriterStackException
instanceKlass com/mathworks/mlwidgets/help/WebDocUnavailableException
instanceKlass com/mathworks/instutil/JNIException
instanceKlass java/text/ParseException
instanceKlass java/net/URISyntaxException
instanceKlass java/lang/CloneNotSupportedException
instanceKlass com/mathworks/jmi/MatlabException
instanceKlass java/util/concurrent/TimeoutException
instanceKlass java/security/GeneralSecurityException
instanceKlass javax/swing/text/BadLocationException
instanceKlass com/mathworks/services/settings/SettingException
instanceKlass java/beans/IntrospectionException
instanceKlass com/mathworks/util/MatlabThreadException
instanceKlass java/security/PrivilegedActionException
instanceKlass java/io/IOException
instanceKlass java/lang/InterruptedException
instanceKlass java/lang/ReflectiveOperationException
instanceKlass java/lang/RuntimeException
ciInstanceKlass java/lang/Exception 1 1 30 10 10 10 10 10 100 7 1 1 1 5 0 1 1 1 1 1 1 1 1 1 1 12 12 12 12 12 1 1
instanceKlass com/mathworks/mvm/eventmgr/InvalidEventTypeException
instanceKlass java/time/DateTimeException
instanceKlass com/mysql/jdbc/AssertionFailedException
instanceKlass com/mathworks/toolbox/distcomp/pmode/peermessaging/PeerMessagingRuntimeException
instanceKlass com/mathworks/toolbox/distcomp/pmode/shared/NoSuchDestinationException
instanceKlass com/mathworks/toolbox/distcomp/pmode/shared/JoinInfo$JoinInfoExpiredException
instanceKlass com/mathworks/toolbox/distcomp/pmode/shared/JoinInfo$DeadlineNotSetException
instanceKlass com/mathworks/toolbox/distcomp/pmode/peermessaging/KeepAlive$KeepAliveRuntimeException
instanceKlass org/apache/commons/logging/LogConfigurationException
instanceKlass com/mathworks/webservices/client/core/MathWorksServiceException
instanceKlass com/mathworks/webservices/client/core/MathWorksClientException
instanceKlass java/lang/invoke/WrongMethodTypeException
instanceKlass java/util/NoSuchElementException
instanceKlass com/google/gson/JsonParseException
instanceKlass java/util/MissingResourceException
instanceKlass java/lang/reflect/UndeclaredThrowableException
instanceKlass java/util/concurrent/RejectedExecutionException
instanceKlass com/mathworks/mvm/MvmTerminatedException
instanceKlass com/mathworks/services/settings/SettingLevelRuntimeException
instanceKlass com/mathworks/services/settings/SettingNameRuntimeException
instanceKlass java/lang/UnsupportedOperationException
instanceKlass com/mathworks/services/settings/SettingUnsupportedTypeRuntimeException
instanceKlass java/lang/IllegalStateException
instanceKlass java/lang/IndexOutOfBoundsException
instanceKlass java/lang/SecurityException
instanceKlass com/mathworks/util/AggregateException
instanceKlass java/lang/IllegalArgumentException
instanceKlass java/lang/ArithmeticException
instanceKlass java/lang/NullPointerException
instanceKlass java/lang/IllegalMonitorStateException
instanceKlass java/lang/ArrayStoreException
instanceKlass java/lang/ClassCastException
ciInstanceKlass java/lang/RuntimeException 1 1 30 10 10 10 10 10 100 7 1 1 1 5 0 1 1 1 1 1 1 1 1 1 1 12 12 12 12 12 1 1
ciInstanceKlass java/lang/SecurityManager 0 0 383 9 10 100 9 10 9 100 10 100 8 10 10 10 10 10 10 10 10 10 100 10 10 9 10 10 10 100 8 10 9 9 8 9 100 10 8 10 10 10 100 10 10 100 100 8 10 8 8 8 8 8 8 10 8 8 8 8 8 10 10 8 100 8 10 8 8 8 8 8 10 8 100 8 8 10 8 9 8 9 9 8 10 100 8 10 10 100 10 10 10 8 9 9 100 10 10 10 9 8 8 9 9 100 10 9 8 8 8 10 10 9 100 10 10 100 1 1 1 1 1 1 1 1 1 1 1 1 1 1 1 1 1 1 1 1 1 1 100 1 1 1 100 100 100 1 1 1 1 100 1 1 1 100 1 1 1 1 1 1 1 1 1 1 1 1 1 1 1 1 1 1 100 1 1 1 1 1 1 1 100 1 1 1 1 1 1 1 1 1 1 1 1 1 100 1 1 1 1 1 100 1 1 1 1 1 100 100 1 1 1 1 1 100 1 1 1 1 1 1 1 1 12 12 1 12 12 12 1 100 12 1 1 12 12 12 12 12 12 12 100 12 1 12 100 12 12 100 12 1 1 12 12 1 12 1 1 12 12 12 1 12 1 1 1 12 1 1 1 1 1 1 12 1 1 1 1 1 12 12 1 1 1 1 1 1 1 1 100 12 1 1 1 1 1 100 12 1 12 12 1 12 1 1 12 1 12 12 12 1 12 12 1 12 12 12 12 1 1 12 12 1 12 1 1 1 12 100 12 12 1 12 1 1 1 1 1 1 1 1 1 1 1 1 1 1 1 1 1 1 1 1 1 1 1 1 1 1 1 1 1 1 1 1 1 1 1 1 1 1 1 1 1 1 1 1 1 1 1 1 1 1 1
ciInstanceKlass java/security/ProtectionDomain 1 1 293 9 10 9 7 10 9 9 9 10 7 9 9 7 9 10 100 10 10 10 10 9 10 8 100 8 10 10 10 10 10 8 11 8 10 8 8 10 10 10 10 8 10 8 8 10 9 10 9 10 100 100 10 10 7 10 100 10 10 11 11 11 100 10 10 11 11 10 10 11 10 7 10 10 8 10 7 10 10 7 7 100 1 1 100 1 1 1 1 1 1 1 1 1 1 1 1 1 1 1 1 1 1 1 1 1 1 1 100 100 100 1 100 1 1 1 1 1 1 1 1 1 1 1 1 1 1 100 100 1 100 100 1 100 100 100 100 100 100 100 1 1 1 1 1 1 12 12 12 1 12 12 12 12 1 12 12 1 12 100 12 100 100 12 12 12 100 12 1 1 1 12 12 100 12 12 1 1 12 1 1 12 12 12 12 1 12 1 1 100 12 12 12 12 100 12 1 1 12 100 12 1 1 12 12 100 12 12 100 12 1 12 12 12 12 100 12 12 12 1 12 7 12 1 7 12 1 12 1 1 1 1 1 1 1 1 1 1 1 1 1 1 1 1 1 1 1 1 1 1 1 1 1 1 1 1 1 1 1 1 1 1 1 1 1 1 1 1 1 1 1 1 1 1 1 1 1 1 1 1 1 1 1 1 1 1 1 1 1 1 1 1 1
staticfield java/security/ProtectionDomain debug Lsun/security/util/Debug; null
ciInstanceKlass java/security/AccessControlContext 1 1 313 9 9 10 8 10 10 9 9 9 10 100 100 10 11 11 11 11 7 11 10 10 9 10 11 10 7 100 8 10 10 7 9 9 9 9 9 9 9 10 9 10 10 8 10 10 10 100 10 10 10 10 8 10 8 10 8 8 10 8 10 8 10 10 10 8 8 100 10 10 100 10 8 10 10 10 8 10 10 10 7 10 10 10 10 10 10 10 10 7 1 1 1 1 1 1 1 1 1 1 1 1 1 1 1 1 1 1 1 1 1 1 1 1 1 1 100 100 1 1 100 1 100 100 1 1 1 1 1 1 1 1 100 1 1 1 100 1 1 100 1 1 1 1 1 1 1 1 1 1 1 1 1 1 1 1 1 1 1 1 1 1 1 12 12 100 12 1 100 12 12 12 12 12 100 12 1 12 100 12 12 12 12 1 12 12 7 12 100 12 100 12 100 12 1 1 1 12 12 1 12 12 12 12 12 12 12 7 12 12 12 12 1 12 12 100 12 1 12 100 12 1 100 12 1 100 12 1 1 12 1 12 1 12 12 12 1 1 1 12 12 1 12 1 12 1 12 12 12 1 12 12 12 12 12 12 1 1 1 1 1 1 1 1 1 1 1 1 1 1 1 1 1 1 1 1 1 1 1 1 1 1 1 1 1 1 1 1 1 1 1 1 1 1 1 1 1 1 1 1 1 1 1 1 1 1 1 1 1 1 1 1 1
instanceKlass java/net/URLClassLoader
ciInstanceKlass java/security/SecureClassLoader 1 1 134 10 7 10 9 10 10 9 10 10 10 10 10 7 10 10 7 10 10 10 9 100 10 8 10 10 10 10 8 100 8 10 8 10 10 7 7 1 1 1 1 1 1 1 1 1 1 1 1 1 100 100 100 1 1 1 1 1 1 1 1 1 1 100 100 100 1 1 1 1 12 1 12 12 7 12 100 12 12 12 12 12 12 12 1 12 1 12 12 12 12 1 1 12 12 12 7 12 1 1 1 12 1 12 12 1 1 1 1 1 1 1 1 1 1 1 1 1 1 1 1 1 1 1 1 1 1 1 1 1 1 1 1 1
staticfield java/security/SecureClassLoader debug Lsun/security/util/Debug; null
instanceKlass java/lang/InstantiationException
instanceKlass java/lang/NoSuchMethodException
instanceKlass java/lang/IllegalAccessException
instanceKlass java/lang/NoSuchFieldException
instanceKlass java/lang/reflect/InvocationTargetException
instanceKlass java/lang/ClassNotFoundException
ciInstanceKlass java/lang/ReflectiveOperationException 1 1 27 10 10 10 10 100 7 1 1 1 5 0 1 1 1 1 1 1 1 1 1 12 12 12 12 1 1
ciInstanceKlass java/lang/ClassNotFoundException 1 1 32 100 10 10 9 100 7 1 1 1 5 0 1 1 1 1 1 1 1 1 1 1 1 1 1 1 12 12 12 1 1 1
instanceKlass java/lang/ClassFormatError
instanceKlass java/lang/UnsatisfiedLinkError
instanceKlass java/lang/ExceptionInInitializerError
instanceKlass java/lang/IncompatibleClassChangeError
instanceKlass java/lang/BootstrapMethodError
instanceKlass java/lang/NoClassDefFoundError
ciInstanceKlass java/lang/LinkageError 1 1 24 10 10 10 100 7 1 1 1 5 0 1 1 1 1 1 1 1 1 12 12 12 1 1
ciInstanceKlass java/lang/NoClassDefFoundError 0 0 21 10 10 100 100 1 1 1 5 0 1 1 1 1 1 1 1 12 12 1 1
ciInstanceKlass java/lang/ClassCastException 1 1 21 10 10 100 100 1 1 1 5 0 1 1 1 1 1 1 1 12 12 1 1
ciInstanceKlass java/lang/ArrayStoreException 1 1 21 10 10 100 100 1 1 1 5 0 1 1 1 1 1 1 1 12 12 1 1
instanceKlass java/lang/StackOverflowError
instanceKlass java/lang/OutOfMemoryError
ciInstanceKlass java/lang/VirtualMachineError 1 1 27 10 10 10 10 100 100 1 1 1 5 0 1 1 1 1 1 1 1 1 1 12 12 12 12 1 1
ciInstanceKlass java/lang/OutOfMemoryError 1 1 21 10 10 100 100 1 1 1 5 0 1 1 1 1 1 1 1 12 12 1 1
ciInstanceKlass java/lang/StackOverflowError 1 1 21 10 10 100 100 1 1 1 5 0 1 1 1 1 1 1 1 12 12 1 1
ciInstanceKlass java/lang/IllegalMonitorStateException 1 1 21 10 10 100 100 1 1 1 5 0 1 1 1 1 1 1 1 12 12 1 1
instanceKlass java/lang/ref/PhantomReference
instanceKlass java/lang/ref/FinalReference
instanceKlass java/lang/ref/WeakReference
instanceKlass java/lang/ref/SoftReference
ciInstanceKlass java/lang/ref/Reference 1 1 141 9 9 7 9 10 100 10 100 10 9 9 10 9 9 10 10 7 10 10 10 10 7 8 10 7 10 10 10 7 10 10 7 7 1 1 1 1 1 1 1 1 1 1 1 1 1 1 1 1 1 1 1 1 1 1 1 100 100 100 100 100 100 100 1 1 1 1 1 1 1 1 1 1 1 1 1 1 100 1 1 1 12 12 1 12 12 1 12 1 12 12 7 12 12 12 12 12 12 1 12 12 12 7 12 1 1 12 1 12 12 12 1 7 12 1 1 1 1 1 1 1 1 1 1 1 1 1 1 1 1 1 1 1 1 1 1 1 1 1 1
instanceKlass sun/util/locale/provider/LocaleResources$ResourceReference
instanceKlass java/lang/invoke/LambdaFormEditor$Transform
instanceKlass java/util/ResourceBundle$BundleReference
instanceKlass sun/util/locale/LocaleObjectCache$CacheEntry
ciInstanceKlass java/lang/ref/SoftReference 1 1 35 10 9 9 10 10 7 7 1 1 1 1 1 1 1 1 1 1 1 1 1 1 100 1 1 1 1 12 12 12 12 12 1 1 1
instanceKlass javax/swing/text/GapContent$MarkData
instanceKlass java/io/ObjectStreamClass$FieldReflectorKey
instanceKlass java/io/ObjectStreamClass$WeakClassKey
instanceKlass org/apache/commons/logging/impl/WeakHashtable$WeakKey
instanceKlass java/lang/reflect/Proxy$Key2
instanceKlass java/lang/invoke/MethodType$ConcurrentWeakInternSet$WeakEntry
instanceKlass java/util/logging/LogManager$LoggerWeakRef
instanceKlass java/lang/reflect/WeakCache$CacheValue
instanceKlass java/lang/reflect/Proxy$Key1
instanceKlass java/lang/reflect/WeakCache$CacheKey
instanceKlass java/util/ResourceBundle$LoaderReference
instanceKlass java/lang/ClassValue$Entry
instanceKlass java/util/WeakHashMap$Entry
instanceKlass java/lang/ThreadLocal$ThreadLocalMap$Entry
ciInstanceKlass java/lang/ref/WeakReference 1 1 20 10 10 100 7 1 1 1 1 1 1 1 1 1 1 1 12 12 1 1
instanceKlass java/lang/ref/Finalizer
ciInstanceKlass java/lang/ref/FinalReference 1 1 16 10 100 7 1 1 1 1 1 1 1 1 1 12 1 1
instanceKlass com/mysql/jdbc/NonRegisteringDriver$ConnectionPhantomReference
instanceKlass com/mathworks/toolbox/distcomp/nativedmatlab/FreeableDirectByteBuffer$PhantomRefToBBAK
instanceKlass sun/misc/Cleaner
ciInstanceKlass java/lang/ref/PhantomReference 1 1 19 10 100 7 1 1 1 1 1 1 1 1 1 1 1 1 12 1 1
ciInstanceKlass sun/misc/Cleaner 1 1 75 9 9 9 9 10 9 7 10 10 10 11 100 100 10 10 7 10 7 1 1 1 1 1 1 1 1 1 1 1 1 1 1 1 1 1 1 1 1 1 1 1 1 100 1 1 1 1 12 12 12 12 12 12 1 12 12 12 7 12 1 1 12 100 12 1 12 1 1 1 1 1 1 1 1
staticfield sun/misc/Cleaner dummyQueue Ljava/lang/ref/ReferenceQueue; java/lang/ref/ReferenceQueue
ciInstanceKlass java/lang/ref/Finalizer 1 1 151 9 9 9 10 9 9 10 10 7 10 10 10 10 7 11 100 10 100 10 10 10 100 10 10 100 10 7 10 7 10 10 10 10 7 10 7 10 10 10 7 1 1 1 1 1 1 1 1 1 1 1 1 1 1 1 1 1 1 1 100 100 1 1 1 1 1 1 1 1 1 1 1 1 1 1 1 1 1 1 1 1 1 1 100 1 1 1 12 12 12 12 12 12 12 12 1 12 12 12 12 1 7 12 1 12 1 12 100 12 100 12 1 12 12 1 1 1 12 12 7 12 1 12 1 12 12 12 1 1 1 1 1 1 1 1 1 1 1 1 1 1 1 1 1 1 1 1 1 1 1
staticfield java/lang/ref/Finalizer lock Ljava/lang/Object; java/lang/Object
instanceKlass java/awt/EventDispatchThread
instanceKlass java/util/logging/LogManager$Cleaner
instanceKlass java/lang/ref/Finalizer$FinalizerThread
instanceKlass java/lang/ref/Reference$ReferenceHandler
ciInstanceKlass java/lang/Thread 1 1 550 9 9 9 9 100 8 10 3 8 3 10 10 100 8 10 9 10 10 10 10 10 10 10 9 10 10 9 10 9 10 9 10 9 10 9 9 10 9 10 9 10 9 100 10 10 9 9 9 7 7 10 8 10 10 10 10 10 100 10 10 10 10 100 11 10 9 10 9 10 100 10 10 100 10 10 11 10 100 10 10 10 7 10 10 10 10 10 10 10 10 10 10 100 8 10 10 10 8 10 8 10 8 8 10 10 7 8 10 9 9 10 10 10 9 10 100 10 11 9 9 10 100 10 11 100 10 10 11 10 100 10 10 10 8 9 10 11 10 11 10 7 8 7 1 1 100 1 100 1 100 1 1 1 1 1 1 1 1 1 1 1 1 1 1 1 1 1 1 1 1 1 1 1 100 1 1 1 1 1 1 1 1 1 1 1 1 1 1 1 3 1 3 1 3 1 1 1 1 1 1 1 1 1 1 1 1 1 1 1 1 1 1 1 1 1 1 1 1 1 100 100 100 100 1 1 1 1 1 1 7 1 1 1 1 100 100 100 100 100 1 1 1 1 1 1 1 1 1 1 1 1 1 1 1 1 1 1 1 1 1 1 1 1 1 1 1 1 1 1 1 1 1 1 1 1 1 1 1 1 1 1 1 1 1 1 1 1 1 1 1 1 1 1 1 100 100 1 1 100 100 1 1 1 1 100 100 1 1 1 1 1 1 1 1 1 1 1 1 1 1 100 1 1 1 1 100 1 1 1 1 1 1 1 1 1 1 1 12 12 12 12 1 1 12 1 12 12 1 1 12 12 7 12 100 12 7 12 12 12 12 12 12 12 12 12 12 12 12 12 7 12 12 12 12 12 7 12 12 12 12 1 12 12 12 12 1 1 1 12 12 12 12 12 1 12 12 12 1 12 12 12 100 12 12 1 12 1 12 100 12 12 1 12 12 1 12 12 12 12 12 12 12 12 12 1 1 12 12 1 12 1 1 1 100 12 100 12 1 12 12 12 12 12 12 1 12 100 12 12 12 12 1 12 100 12 1 12 12 12 12 1 12 12 100 12 12 12 12 100 12 12 12 1 1 1 1 1 1 1 1 1 1 1 1 1 1 1 1 1 1 1 1 1 1 1 1 1 1 1 1 1 1 1 1 1 1 1 1 1 1 1 1 1 1 1 1 1 1 1 1 1 1 1 1 1 1 1 1 1 1 1 1 1 1 1 1 1 1 1 1 1 1 1 1 1 1 1 1 1
staticfield java/lang/Thread EMPTY_STACK_TRACE [Ljava/lang/StackTraceElement; 0 [Ljava/lang/StackTraceElement;
staticfield java/lang/Thread SUBCLASS_IMPLEMENTATION_PERMISSION Ljava/lang/RuntimePermission; java/lang/RuntimePermission
ciInstanceKlass java/lang/ThreadGroup 1 1 275 10 9 8 9 7 9 9 10 10 10 10 10 9 9 10 10 9 10 9 9 10 100 10 10 10 9 10 10 9 10 10 10 10 10 10 10 10 10 10 10 100 10 10 10 7 10 7 10 9 10 8 10 10 10 10 11 100 9 100 10 8 10 10 8 10 10 10 10 10 8 10 8 10 8 7 100 1 1 1 1 1 1 1 1 1 1 1 1 1 1 1 1 1 1 1 1 1 1 1 1 1 1 1 1 1 1 1 1 1 1 1 1 1 1 1 1 100 100 100 1 1 1 100 1 1 1 1 1 1 1 1 1 1 1 1 1 1 1 1 1 100 1 1 1 1 1 1 1 1 1 1 1 100 1 1 100 1 1 1 1 12 12 1 12 1 12 12 12 12 12 12 12 12 12 12 12 12 100 12 12 12 7 12 12 7 12 100 12 12 12 12 12 12 12 12 12 12 12 12 12 12 1 12 12 1 12 12 12 12 1 100 12 12 12 12 1 12 1 1 12 12 1 12 100 12 100 12 12 100 1 1 12 1 1 1 1 1 1 1 1 1 1 1 1 1 1 1 1 1 1 1 1 1 1 1 1 1 1 1 1 1 1 1 1 1 1 1 1 1 1 1 1 1 1
instanceKlass java/util/Hashtable
ciInstanceKlass java/util/Dictionary 1 1 31 10 100 7 1 1 1 1 1 1 1 1 1 1 1 1 1 1 1 1 1 1 1 1 1 1 1 1 12 1 1
instanceKlass org/apache/commons/logging/impl/WeakHashtable
instanceKlass java/util/Properties
ciInstanceKlass java/util/Hashtable 1 1 417 100 9 9 9 10 10 100 100 10 8 10 10 10 10 10 8 10 9 7 7 4 10 9 4 10 11 10 10 10 100 10 9 10 9 10 10 3 9 9 3 10 10 10 11 11 11 11 7 11 11 10 10 10 9 9 9 100 100 10 10 8 10 10 8 10 8 10 7 10 10 7 10 10 7 10 100 10 10 7 11 11 100 10 10 10 11 100 10 100 11 11 10 10 10 10 10 100 10 10 8 10 10 10 10 7 100 100 100 1 1 1 1 1 1 1 1 1 1 1 1 1 1 1 1 1 1 1 5 0 1 1 1 1 1 1 1 1 1 1 3 1 3 1 3 1 1 1 1 1 100 1 1 1 1 1 1 1 1 1 1 1 1 1 1 1 100 1 1 100 1 1 1 1 1 1 1 1 1 1 1 1 100 1 1 1 100 1 1 100 100 100 1 1 1 1 1 1 1 1 1 1 1 1 100 100 100 1 1 1 1 1 100 1 1 1 100 1 1 1 1 1 1 1 1 100 1 1 1 1 1 1 1 1 1 1 100 1 100 1 1 100 1 1 1 1 1 1 1 1 1 1 1 1 1 1 1 1 12 12 12 12 12 1 1 1 12 12 12 12 7 12 1 12 12 1 1 7 12 12 12 12 12 12 12 1 12 7 12 12 12 12 12 12 12 12 12 12 7 12 7 12 12 1 12 12 12 12 12 12 12 1 1 12 1 12 1 1 7 12 1 12 12 1 12 12 1 1 12 1 12 12 1 7 12 100 12 1 100 12 100 12 12 100 12 12 12 100 12 1 12 1 12 12 12 1 1 1 1 1 1 1 1 1 1 1 1 1 1 1 1 1 1 1 1 1 1 1 1 1 1 1 1 1 1 1 1 1 1 1 1 1 1 1 1 1 1 1 1 1 1 1 1 1 1 1 1 1 1 1 1 1 1 1 1 1 1
instanceKlass java/security/Provider
instanceKlass com/mathworks/services/Prefs$PrefsProperties
ciInstanceKlass java/util/Properties 1 1 273 10 10 9 10 7 10 10 10 10 9 10 100 3 100 8 10 7 10 10 100 10 10 10 10 10 8 10 10 10 10 10 100 100 10 10 100 8 10 10 100 10 10 100 10 10 10 10 11 11 10 10 8 10 10 100 10 10 8 10 100 10 10 10 7 10 10 10 10 8 10 8 10 10 9 7 100 1 1 1 1 1 1 5 0 1 1 1 1 1 1 1 1 1 1 1 1 1 1 1 1 1 1 100 100 100 1 1 1 1 100 1 1 100 100 1 1 100 1 1 1 1 1 100 1 1 100 100 100 1 100 1 1 1 1 1 1 1 1 1 1 1 1 1 1 100 1 1 1 1 1 1 1 1 1 1 1 1 12 12 12 12 1 12 12 12 12 12 12 1 1 1 12 1 12 12 1 12 12 12 12 12 1 12 12 12 12 12 1 1 12 12 1 1 12 12 1 12 1 12 7 12 12 12 12 1 12 100 12 1 12 12 1 12 1 12 12 1 12 12 12 1 100 12 1 100 12 1 1 1 1 1 1 1 1 1 1 1 1 1 1 1 1 1 1 1 1 1 1 1 1 1 1 1 1 1 1 1 1 1 1 1 1 1 1 1 1 1 1 1 1 1 1
staticfield java/util/Properties hexDigit [C 16
instanceKlass java/lang/reflect/Executable
instanceKlass java/lang/reflect/Field
ciInstanceKlass java/lang/reflect/AccessibleObject 1 1 147 10 9 10 10 7 10 7 100 8 10 9 10 100 8 10 11 10 10 10 9 10 10 100 10 10 7 8 10 7 10 10 7 9 7 7 7 1 1 1 1 1 1 1 1 1 1 1 1 1 100 1 1 1 1 1 1 1 1 1 1 1 1 1 1 1 1 1 1 1 1 1 1 1 1 1 100 100 100 1 1 1 1 1 1 1 7 12 12 100 12 12 1 12 1 1 1 12 12 12 1 1 12 12 12 12 12 12 100 12 12 1 12 7 12 1 1 1 1 1 7 12 1 12 1 1 1 1 1 1 1 1 1 1 1 1 1 1 1 1 1 1 1 1 1 1 1
staticfield java/lang/reflect/AccessibleObject ACCESS_PERMISSION Ljava/security/Permission; java/lang/reflect/ReflectPermission
staticfield java/lang/reflect/AccessibleObject reflectionFactory Lsun/reflect/ReflectionFactory; sun/reflect/ReflectionFactory
ciInstanceKlass java/lang/reflect/Field 1 1 367 9 10 10 10 9 10 10 10 10 9 9 9 9 9 9 9 100 8 10 7 10 9 9 10 7 10 10 10 10 10 10 10 7 10 8 10 10 8 10 10 8 10 11 9 10 10 10 10 11 11 11 11 11 11 11 11 11 11 11 11 11 11 11 11 11 11 10 10 9 10 10 10 10 11 10 7 10 10 9 10 11 10 10 9 10 7 100 1 1 1 1 1 1 1 1 1 1 1 1 1 1 1 1 1 1 1 1 1 1 1 1 1 1 1 1 1 1 1 1 1 1 1 1 1 1 1 1 1 1 1 1 1 1 1 1 1 1 1 100 1 1 100 100 1 100 1 1 1 100 1 1 1 1 1 1 1 1 1 1 1 1 1 1 1 1 1 1 1 1 1 1 1 1 1 1 1 1 1 1 1 1 1 1 1 1 1 100 1 1 1 1 1 1 1 1 1 1 1 1 1 1 1 1 1 1 1 1 12 12 7 12 7 12 12 12 12 7 12 12 12 12 12 12 12 12 12 1 1 12 1 12 12 12 12 1 12 12 12 12 12 7 100 12 1 1 12 12 1 12 12 1 100 12 7 12 12 12 12 7 12 12 12 12 12 12 12 12 12 12 12 12 12 12 12 12 12 12 12 12 12 7 12 12 7 12 12 7 12 1 100 12 7 12 12 7 12 7 12 12 12 100 12 100 12 1 1 1 1 1 1 1 1 1 1 1 1 1 1 1 1 1 1 1 1 1 1 1 1 1 1 1 1 1 1 1 1 1 1 1 1 1 1 1 1 1 1 1 1 1 1 1 1 1 1 1 1 100 1 1 1 1 1 1 1 1 1
ciInstanceKlass java/lang/reflect/Parameter 0 0 215 10 9 9 9 9 9 9 100 10 10 10 100 10 10 11 10 10 10 10 10 8 8 10 10 10 8 10 8 10 10 10 10 10 10 10 10 10 10 11 10 100 10 10 10 10 10 9 100 10 11 11 100 100 1 1 1 1 1 1 1 1 1 1 1 1 1 1 1 1 1 1 1 1 1 1 1 100 1 1 1 1 1 1 100 100 100 1 1 1 1 1 1 1 1 1 100 1 1 1 1 1 1 1 1 1 1 1 1 1 1 1 1 1 1 100 1 1 1 12 12 12 12 12 12 12 1 12 12 100 12 1 12 100 12 12 100 12 12 12 12 1 1 100 12 12 12 1 1 12 12 12 12 12 12 12 100 12 12 100 12 100 12 1 100 12 12 12 12 12 12 1 12 12 1 1 1 1 1 1 1 1 1 1 1 1 1 1 1 1 1 1 1 1 1 1 1 1 1 1 1 1 1 1 1 1 1 1 1 1 1 1 1 1 1
instanceKlass java/lang/reflect/Constructor
instanceKlass java/lang/reflect/Method
ciInstanceKlass java/lang/reflect/Executable 1 1 385 10 10 10 11 10 10 10 8 10 10 10 7 8 7 10 10 10 10 8 10 100 8 10 8 10 10 8 10 10 11 10 8 8 10 10 7 10 100 10 10 10 10 10 10 100 10 10 10 10 10 100 10 100 8 10 10 100 8 10 10 10 10 10 8 8 3 8 9 10 100 8 9 10 10 10 10 10 10 100 10 10 10 10 11 10 100 10 10 9 10 10 10 9 10 10 9 10 9 10 9 7 7 100 100 1 1 1 1 1 1 1 1 1 1 1 1 1 1 1 1 1 1 1 1 1 1 1 1 1 1 1 1 1 1 1 1 1 100 100 100 100 1 1 1 1 1 100 100 100 100 1 1 1 1 1 1 1 1 1 1 1 1 1 1 1 1 1 1 100 1 1 1 1 1 1 100 1 1 1 1 1 1 1 1 1 1 1 1 1 1 1 1 1 1 1 1 1 1 1 1 1 1 1 1 1 1 1 1 1 1 1 12 7 12 12 7 12 7 12 12 12 1 12 12 12 1 1 1 12 12 12 1 12 1 1 12 1 12 100 1 12 12 12 1 1 100 12 12 1 12 1 12 12 7 12 12 12 1 12 12 12 12 100 12 12 1 1 12 12 1 1 12 12 12 12 1 1 1 12 12 1 1 12 12 12 12 12 12 12 1 12 12 100 12 12 100 12 12 1 100 12 12 12 12 12 12 100 12 100 12 12 12 12 12 12 12 1 1 1 1 1 1 1 1 1 1 1 1 1 1 1 1 1 1 1 1 1 1 1 1 1 1 1 1 1 1 1 1 1 1 1 1 1 1 1 1 1 1 1 1 1 1 1 1 1 1 1 1 100 1 1 1 1 1 1 1 1 1 1 1 1 1 1 1
ciInstanceKlass java/lang/reflect/Method 1 1 353 9 10 10 9 10 10 10 10 9 9 9 9 9 9 9 9 9 9 9 100 8 10 7 10 9 10 10 100 100 10 10 10 7 10 10 10 10 10 10 10 10 10 10 10 10 10 10 10 10 10 11 9 10 10 10 10 11 10 7 10 10 10 10 9 10 10 10 10 10 11 10 7 100 7 10 8 10 10 10 10 10 10 10 8 7 1 1 1 1 1 1 1 1 1 1 1 1 1 1 1 1 1 1 1 1 1 1 1 1 1 1 1 1 1 1 1 1 1 1 1 1 1 1 1 1 1 1 1 1 1 1 1 1 1 1 1 1 1 1 1 1 1 1 1 1 1 1 1 1 1 1 1 100 1 1 1 1 1 1 1 1 100 1 100 100 1 1 1 1 1 1 1 1 1 1 1 1 1 100 100 1 1 1 1 1 1 1 1 1 1 1 1 1 1 12 7 12 7 12 12 12 12 7 12 12 12 12 12 12 12 12 12 12 12 12 12 1 1 12 1 12 12 12 12 1 1 12 12 7 12 12 7 12 12 12 7 12 12 7 100 12 12 12 12 12 12 12 12 12 100 12 7 12 12 12 12 7 12 12 1 12 12 12 12 12 7 12 12 7 12 7 12 7 12 7 12 7 12 1 1 1 1 12 12 12 12 12 12 1 1 1 1 1 1 1 1 1 1 1 1 1 1 1 1 1 1 1 1 1 1 1 1 1 1 1 1 1 1 1 1 1 1 1 1 1 1 1 1 1 1 1 1 1 1 1 1 1 1 1 1 1 1 1 1 1 1 1 1 1 1 1 1
ciInstanceKlass java/lang/reflect/Constructor 1 1 335 10 10 9 10 10 10 9 10 9 9 9 9 9 9 9 9 100 8 10 7 10 9 10 10 10 10 100 100 10 7 10 10 10 10 10 10 10 10 10 10 10 9 10 10 10 10 100 8 10 11 10 10 10 9 10 10 10 10 10 10 10 10 10 100 8 10 10 10 10 10 10 11 9 10 7 1 1 1 1 1 1 1 1 1 1 1 1 1 1 1 1 1 1 1 1 1 1 1 1 1 1 1 1 1 1 1 1 1 1 1 1 1 1 1 1 1 1 1 1 1 1 1 1 1 1 1 1 1 1 1 1 1 1 1 1 1 1 1 1 1 1 1 1 1 1 100 1 100 100 100 1 1 1 1 1 1 1 1 1 1 1 1 1 1 1 1 1 1 1 1 1 1 1 100 1 1 1 1 1 1 100 12 100 12 12 12 12 100 12 12 12 12 12 12 12 12 12 12 12 1 1 12 1 12 12 12 7 12 12 12 1 1 7 12 12 7 12 12 100 12 12 12 12 100 12 12 12 12 7 12 12 12 12 1 1 12 7 12 12 12 12 12 7 12 12 12 12 12 12 12 12 12 1 1 12 12 12 12 100 12 100 12 100 12 100 12 1 1 1 1 1 1 1 1 1 1 1 1 1 1 1 1 1 1 1 1 1 1 1 1 1 1 1 1 1 1 1 1 1 1 1 1 1 1 1 1 1 1 1 1 1 1 1 1 1 1 1 1 1 1 1 1 1 1 100 1 1 1 1 1 1 1 1 1
instanceKlass sun/reflect/FieldAccessorImpl
instanceKlass sun/reflect/ConstructorAccessorImpl
instanceKlass sun/reflect/MethodAccessorImpl
ciInstanceKlass sun/reflect/MagicAccessorImpl 1 1 13 10 100 7 1 1 1 1 1 1 12 1 1
instanceKlass sun/reflect/GeneratedMethodAccessor3
instanceKlass sun/reflect/GeneratedMethodAccessor2
instanceKlass sun/reflect/GeneratedMethodAccessor1
instanceKlass sun/reflect/DelegatingMethodAccessorImpl
instanceKlass sun/reflect/NativeMethodAccessorImpl
ciInstanceKlass sun/reflect/MethodAccessorImpl 1 1 22 10 100 7 100 1 1 1 1 1 1 1 100 100 1 1 12 1 1 1 1 1
instanceKlass sun/reflect/GeneratedConstructorAccessor12
instanceKlass sun/reflect/GeneratedConstructorAccessor11
instanceKlass sun/reflect/GeneratedConstructorAccessor10
instanceKlass sun/reflect/GeneratedConstructorAccessor9
instanceKlass sun/reflect/GeneratedConstructorAccessor8
instanceKlass sun/reflect/GeneratedConstructorAccessor7
instanceKlass sun/reflect/GeneratedConstructorAccessor6
instanceKlass sun/reflect/GeneratedConstructorAccessor5
instanceKlass sun/reflect/SerializationConstructorAccessorImpl
instanceKlass sun/reflect/GeneratedConstructorAccessor2
instanceKlass sun/reflect/BootstrapConstructorAccessorImpl
instanceKlass sun/reflect/DelegatingConstructorAccessorImpl
instanceKlass sun/reflect/NativeConstructorAccessorImpl
ciInstanceKlass sun/reflect/ConstructorAccessorImpl 1 1 24 10 100 7 100 1 1 1 1 1 1 1 100 100 100 1 1 12 1 1 1 1 1 1
ciInstanceKlass sun/reflect/DelegatingClassLoader 1 1 13 10 100 7 1 1 1 1 1 1 12 1 1
ciInstanceKlass sun/reflect/ConstantPool 1 1 106 10 9 10 10 10 10 10 10 10 10 10 10 10 10 10 10 7 7 8 10 100 1 1 1 1 1 1 1 1 1 1 1 1 1 1 1 1 1 1 1 1 1 1 1 1 1 1 1 1 1 1 1 1 1 1 1 1 1 1 1 1 1 1 1 1 1 1 1 1 1 1 1 1 1 1 1 1 1 1 1 1 12 12 12 12 12 12 12 12 12 12 12 12 12 12 12 12 1 1 7 12 1 1 1 1
instanceKlass sun/reflect/UnsafeFieldAccessorImpl
ciInstanceKlass sun/reflect/FieldAccessorImpl 1 1 56 10 100 7 100 1 1 1 1 1 1 1 100 1 1 1 1 1 1 1 1 1 1 1 1 1 1 1 1 1 1 100 1 1 1 1 1 1 1 1 1 1 1 1 1 1 1 1 1 1 12 1 1 1 1 1
instanceKlass sun/reflect/UnsafeObjectFieldAccessorImpl
instanceKlass sun/reflect/UnsafeStaticFieldAccessorImpl
ciInstanceKlass sun/reflect/UnsafeFieldAccessorImpl 1 1 233 10 9 10 10 9 10 9 10 10 9 10 10 10 10 100 10 10 10 8 10 10 100 8 10 8 10 8 10 100 10 10 8 10 8 10 8 10 8 10 8 10 8 10 8 10 8 10 8 10 10 8 8 8 8 8 8 10 8 8 8 10 10 7 7 1 1 1 1 1 1 1 1 1 1 1 1 1 100 100 1 1 1 1 1 1 1 1 1 100 100 1 1 1 1 1 1 1 1 1 1 1 1 1 1 1 1 1 1 1 1 1 1 1 1 12 12 7 12 7 12 12 7 12 12 12 12 12 12 7 12 7 12 12 1 12 12 1 12 1 1 12 1 12 1 12 1 12 1 12 1 100 12 1 100 12 1 100 12 1 100 12 1 100 12 1 100 12 1 100 12 1 100 12 12 1 1 1 1 1 1 100 12 1 1 1 12 12 1 1 1 1 1 1 1 1 1 1 1 1 1 1 1 1 1 1 1 1 1 1 1 1 1 1 1 1 1 1 1 1 1 1 1 1 1 1 1 1 1 1 1 1 1
staticfield sun/reflect/UnsafeFieldAccessorImpl unsafe Lsun/misc/Unsafe; sun/misc/Unsafe
instanceKlass sun/reflect/UnsafeStaticObjectFieldAccessorImpl
instanceKlass sun/reflect/UnsafeQualifiedStaticFieldAccessorImpl
ciInstanceKlass sun/reflect/UnsafeStaticFieldAccessorImpl 1 1 38 10 9 10 9 7 7 8 10 7 1 1 1 1 1 1 1 1 1 1 12 12 7 12 12 1 1 7 12 1 1 1 1 1 1 1 1 1
ciInstanceKlass sun/reflect/CallerSensitive 0 0 17 100 100 100 1 1 1 1 1 1 1 1 1 1 1 1 1
instanceKlass java/lang/invoke/DelegatingMethodHandle
instanceKlass java/lang/invoke/BoundMethodHandle
instanceKlass java/lang/invoke/DirectMethodHandle
ciInstanceKlass java/lang/invoke/MethodHandle 1 1 444 9 10 10 10 9 10 10 10 10 10 10 11 10 10 10 9 10 100 100 10 8 10 10 8 10 10 10 10 10 10 10 10 10 7 10 10 10 8 10 10 10 10 10 8 10 8 10 8 10 9 100 10 9 9 8 10 10 10 10 10 10 10 10 8 10 10 10 10 10 10 9 8 10 10 8 10 10 10 10 10 10 8 10 10 100 9 10 7 10 10 9 10 10 8 9 9 9 10 10 10 10 7 10 10 8 10 10 100 10 100 1 1 1 1 1 1 1 1 1 1 1 1 1 1 1 1 1 1 1 1 1 1 100 1 1 1 1 1 1 1 1 1 1 1 1 1 1 1 100 1 1 1 1 1 1 1 100 100 1 1 1 1 1 100 100 1 1 1 1 1 1 1 1 1 1 1 1 1 1 1 1 1 1 1 1 100 1 1 1 1 1 1 1 1 1 1 1 1 7 1 1 1 1 1 1 1 1 1 1 1 1 1 1 1 1 1 100 1 1 12 12 12 7 12 12 12 7 12 12 100 12 12 12 100 12 12 12 12 12 12 1 1 1 12 12 1 12 12 7 12 12 12 12 12 7 12 7 12 1 12 12 12 1 7 12 12 12 12 12 1 12 1 12 1 100 12 12 1 100 12 100 1 12 12 12 12 12 12 12 12 1 12 12 12 12 12 12 12 1 12 12 1 12 12 7 12 12 12 1 12 12 1 12 1 100 12 12 12 12 12 1 12 12 12 7 12 12 12 12 1 12 12 12 12 1 12 1 1 1 1 1 1 1 1 1 1 1 1 1 1 1 1 1 1 1 1 1 1 1 1 1 1 1 1 1 1 1 1 1 1 1 1 1 1 1 1 1 1 1 1 1 1 1 1 1 1 1 1 1 1 1 1 1 1 1 1 1 1 1 1 1 1 1 1 1 1 1 1 1 1 1 1 1 1 1 1 1 1 1 1 1 1 1 1 1 1 1 1 1 1 1 1 1 1 1 1 1 1 1 1 1 1 1
staticfield java/lang/invoke/MethodHandle FORM_OFFSET J 20
staticfield java/lang/invoke/MethodHandle $assertionsDisabled Z 1
instanceKlass java/lang/invoke/DirectMethodHandle$Special
instanceKlass java/lang/invoke/DirectMethodHandle$Accessor
ciInstanceKlass java/lang/invoke/DirectMethodHandle 1 1 703 100 7 7 10 10 10 100 10 10 10 10 10 7 7 10 10 10 10 10 10 10 9 100 10 9 10 10 10 10 10 10 7 10 10 10 10 7 10 7 10 10 10 100 10 10 7 10 10 10 10 10 10 10 10 8 10 10 10 10 10 9 100 10 10 10 7 10 8 10 10 10 10 10 10 10 10 10 10 10 10 10 10 10 10 10 10 10 8 8 8 8 8 8 8 8 8 8 8 10 10 7 9 7 10 100 10 10 10 10 7 9 10 9 9 9 10 7 10 10 10 8 10 10 10 10 9 9 10 10 7 7 7 9 10 10 10 10 9 10 100 10 100 10 10 9 9 10 9 10 10 10 10 10 9 10 10 10 10 9 9 10 10 9 9 9 9 10 9 9 10 10 9 10 9 10 10 7 10 10 10 10 10 8 8 8 9 10 7 10 10 9 9 9 9 9 9 8 8 8 8 10 10 9 9 100 1 7 1 1 1 1 1 100 1 1 1 1 7 1 1 1 1 1 1 1 1 1 1 1 1 1 1 1 1 1 1 1 1 1 1 1 1 100 100 100 100 1 1 1 1 1 1 1 1 1 1 100 1 1 1 1 1 1 1 1 1 1 1 1 1 1 100 100 100 1 1 1 1 1 1 1 1 1 1 1 1 100 100 1 1 1 1 7 1 1 1 1 1 1 1 1 1 1 1 1 1 1 1 1 1 1 100 100 1 1 1 1 1 7 1 1 1 1 12 12 12 1 12 12 12 12 12 1 1 12 12 12 12 12 12 12 12 1 12 12 12 12 12 12 12 1 7 12 12 12 12 1 12 1 12 12 12 1 12 12 1 12 12 12 12 100 12 100 12 12 12 12 12 12 100 12 1 12 7 12 12 1 1 12 12 12 12 12 12 12 12 12 12 12 12 7 12 12 12 12 12 1 1 1 1 1 1 1 1 1 1 1 12 12 1 12 1 12 1 7 12 12 12 12 1 12 12 12 12 12 12 1 12 100 12 12 1 12 12 12 12 12 12 7 12 12 1 1 1 12 12 12 12 12 12 12 1 12 1 12 12 12 12 12 12 12 12 12 12 12 12 12 7 12 12 7 12 12 12 12 12 12 12 12 12 12 12 12 12 12 12 12 12 12 12 1 12 12 7 12 12 12 1 1 1 7 12 1 12 12 12 12 12 12 12 12 1 1 1 1 12 12 12 12 1 1 1 1 1 1 1 1 1 1 1 1 1 1 1 1 1 1 1 1 1 1 1 1 1 1 1 1 1 1 1 1 1 1 1 1 1 1 1 1 1 1 1 1 1 1 1 1 1 1 1 1 1 1 1 1 1 1 1 1 1 1 1 1 1 1 1 1 1 1 1 1 1 1 1 1 1 1 1 1 1 1 1 1 1 1 1 1 1 1 1 1 1 1 1 1 1 100 1 1 1 1 1 1 1 1 1 1 1 1 1 1 1 1 1 1 1 1 1 1 1 1 1 1 1 1 1 1 1 1 1 1 1 1 1 1 1 1 1 1 1 1 1 1 1 1 1 1 1 1 1 1 1 1 1 1 1 1 1 1 1 1 1 1 1 1 1 1 1 1 1 1 1
staticfield java/lang/invoke/DirectMethodHandle IMPL_NAMES Ljava/lang/invoke/MemberName$Factory; java/lang/invoke/MemberName$Factory
staticfield java/lang/invoke/DirectMethodHandle ACCESSOR_FORMS [Ljava/lang/invoke/LambdaForm; 132 [Ljava/lang/invoke/LambdaForm;
staticfield java/lang/invoke/DirectMethodHandle $assertionsDisabled Z 1
ciInstanceKlass java/lang/invoke/MemberName 1 1 654 7 7 100 10 10 10 9 9 10 9 10 10 10 10 10 10 10 9 10 100 7 10 8 10 10 10 10 9 8 10 7 7 10 10 7 7 7 10 9 100 8 10 10 10 10 10 10 10 10 10 8 8 8 10 10 9 3 10 10 10 10 10 10 10 10 10 7 8 10 10 8 9 8 9 10 8 10 10 10 10 10 100 10 10 8 10 10 8 10 10 100 10 10 8 8 10 10 10 10 10 10 10 10 10 3 10 3 10 3 3 3 3 3 3 10 100 10 3 10 3 10 10 10 10 10 10 10 10 10 10 10 10 100 10 10 10 100 10 10 10 10 100 10 10 8 10 10 10 10 10 10 10 10 10 10 10 100 10 100 8 10 10 10 10 10 10 10 8 8 8 8 10 10 10 8 8 10 8 10 10 10 8 8 10 10 8 8 100 10 8 8 8 8 10 7 7 7 10 100 10 7 10 9 10 100 100 7 1 1 1 1 1 1 1 1 1 1 1 1 1 1 1 3 1 3 1 3 1 3 1 3 1 3 1 1 1 1 1 1 1 1 3 1 1 1 1 3 1 1 1 1 1 1 1 1 1 1 1 1 1 1 1 100 100 1 100 1 1 1 1 1 1 1 1 1 1 1 1 1 1 1 1 1 1 1 1 1 1 1 1 1 1 1 1 100 1 1 1 1 1 1 1 1 1 1 1 1 1 1 1 1 1 1 1 1 1 1 1 1 1 1 1 1 1 1 1 1 1 100 100 1 1 1 1 1 100 1 1 1 100 1 1 1 1 1 1 1 1 1 100 1 1 1 1 1 1 1 1 100 1 1 1 1 1 1 1 1 1 100 1 1 1 1 1 100 1 1 1 1 1 1 1 1 1 1 1 1 1 1 7 1 1 12 12 12 12 12 12 12 12 12 12 12 12 12 12 100 12 12 1 1 12 1 12 12 12 12 12 1 100 12 1 1 12 1 1 1 12 12 1 1 12 12 12 12 12 12 12 12 12 1 1 1 100 12 12 12 12 12 12 12 12 12 12 12 1 12 12 100 100 12 1 12 12 12 12 12 1 12 12 1 12 12 1 12 12 1 12 12 1 1 12 12 12 12 12 12 12 12 12 12 12 100 1 1 7 12 12 12 12 12 7 12 12 12 12 12 12 1 12 1 12 12 1 12 100 12 100 12 12 12 12 12 12 12 1 12 1 1 7 12 12 7 12 12 12 1 1 1 1 12 12 12 1 1 12 1 12 12 1 1 12 1 1 1 1 1 1 1 12 1 1 1 1 1 7 12 12 12 1 1 1 1 1 1 1 1 1 1 1 1 1 1 1 1 1 1 1 1 1 1 1 1 1 1 1 1 1 1 1 1 1 1 1 1 1 1 1 1 1 1 1 1 1 1 1 1 1 1 1 1 1 1 1 1 1 1 1 1 1 1 1 1 1 1 1 1 1 1 1 1 1 1 1 1 1 1 1 1 1 1 1 1
staticfield java/lang/invoke/MemberName $assertionsDisabled Z 1
ciInstanceKlass java/lang/invoke/MethodHandleNatives 1 1 442 100 10 9 10 100 10 10 10 10 8 8 8 8 8 8 8 8 8 8 7 10 7 10 10 100 10 10 8 10 8 10 8 10 9 8 10 100 10 100 100 8 7 7 10 10 7 9 10 10 10 7 10 10 10 10 100 10 9 8 10 8 10 8 8 8 100 8 10 10 10 10 10 100 10 10 8 8 10 10 10 8 10 8 8 9 10 10 10 100 100 10 10 10 100 100 10 10 100 10 10 100 100 10 10 10 10 100 10 10 10 10 10 10 10 8 8 100 10 100 10 10 10 10 7 10 10 10 9 10 10 10 1 1 1 1 1 1 1 1 1 1 1 1 1 1 1 1 100 1 1 1 1 1 1 1 1 1 1 1 1 1 1 1 1 1 1 1 1 1 1 1 1 1 1 1 1 1 1 1 1 1 1 1 100 100 100 1 1 100 100 100 100 1 1 100 1 1 100 1 1 1 1 1 1 1 1 1 1 1 1 1 100 100 100 100 1 1 1 100 100 1 1 1 1 1 1 1 1 1 12 12 12 1 12 12 12 1 1 1 1 1 1 1 1 1 1 1 12 1 12 100 12 1 12 1 12 1 12 1 12 100 12 1 100 12 1 12 1 1 1 1 1 12 1 7 12 12 12 7 12 1 12 7 12 12 12 1 100 12 12 1 12 1 12 1 1 1 1 1 12 12 12 12 12 1 12 12 1 1 12 12 1 100 12 1 1 7 12 12 12 12 1 1 12 1 1 1 1 1 100 12 12 1 12 7 12 12 12 12 12 1 1 1 12 1 12 12 12 12 1 12 12 12 12 7 12 12 12 1 1 1 1 1 1 1 1 1 1 1 1 1 1 1 1 1 1 1 1 1 1 1 1 1 1 1 1 1 1 1 1 1 1 1 1 1 1 1 1 1 1 1 1 1 1 1 1 1 1 1 1 1 1 1 100 1 1 1 1 1 1 1 1 1 1 1 1 1 1 1 1 1 1 1 1 1 1 1 1 1 1 1
staticfield java/lang/invoke/MethodHandleNatives COUNT_GWT Z 1
staticfield java/lang/invoke/MethodHandleNatives $assertionsDisabled Z 1
ciInstanceKlass java/lang/invoke/LambdaForm 1 1 986 7 100 9 10 10 9 9 10 100 10 9 10 9 10 7 9 10 9 9 9 10 7 10 10 10 10 10 10 10 9 10 8 10 10 10 10 7 10 10 8 10 10 10 100 8 10 10 10 10 10 7 10 7 10 10 9 9 10 10 100 10 10 10 10 10 10 10 10 10 10 8 10 10 8 8 9 9 9 10 10 10 9 10 10 10 10 10 10 10 10 8 8 8 8 8 8 8 8 10 9 10 10 10 10 10 10 10 7 10 10 9 10 10 10 10 10 10 8 10 100 100 10 10 10 10 11 11 11 7 10 10 10 10 7 10 8 10 10 8 10 10 10 7 10 8 10 9 10 10 8 8 10 10 8 8 8 10 10 9 10 8 8 9 10 10 8 8 8 100 8 100 8 100 8 10 8 10 9 10 10 9 10 10 10 10 10 10 10 10 10 10 8 100 10 10 9 10 8 8 100 8 8 9 8 8 8 10 8 8 8 10 10 8 8 8 10 8 10 8 8 8 8 8 10 10 10 10 10 10 10 10 10 10 10 10 10 10 10 10 10 10 10 9 8 10 11 11 9 9 9 9 9 10 10 8 10 8 9 7 10 100 10 7 10 9 10 10 10 10 9 10 10 9 10 9 10 9 7 9 9 10 100 10 10 10 10 9 100 1 100 1 100 1 1 1 7 1 1 1 1 1 1 1 1 1 1 1 1 1 1 1 1 1 1 1 1 1 3 1 3 1 3 1 1 1 3 1 1 1 7 1 1 1 1 1 1 1 1 1 1 1 1 1 1 1 1 1 1 1 1 100 100 100 1 1 1 1 1 1 100 1 1 1 1 1 1 1 100 100 100 100 1 1 1 1 1 1 1 1 1 1 1 1 1 1 1 1 1 1 1 1 1 1 1 1 1 1 1 1 1 1 1 100 1 1 1 1 100 1 100 100 1 1 1 1 1 1 1 1 1 100 1 1 1 1 1 1 1 100 1 1 1 1 1 1 1 1 1 1 1 1 100 1 1 1 1 1 1 1 1 1 1 1 1 1 1 1 1 1 100 1 1 1 1 100 1 1 1 100 1 1 1 1 1 1 1 1 1 1 1 1 1 1 1 1 1 1 1 1 1 1 1 100 100 100 1 1 1 1 1 1 1 1 1 1 1 1 1 1 1 1 1 1 1 1 1 1 1 1 1 1 100 1 1 12 12 12 12 12 12 1 12 12 12 7 12 12 12 12 12 12 12 1 12 12 100 12 100 12 12 12 12 12 12 1 12 12 12 7 12 1 12 1 12 12 12 1 1 12 12 12 12 12 1 12 1 12 12 12 12 12 12 1 12 12 12 12 12 12 100 12 12 1 12 12 1 1 12 12 12 12 7 12 12 12 7 12 12 12 12 12 12 12 1 1 1 1 1 1 1 1 12 12 12 12 12 12 12 12 12 1 12 12 12 12 12 12 12 7 12 12 1 1 7 12 12 12 7 12 7 12 12 1 12 12 12 12 1 12 1 12 12 1 12 12 1 12 1 12 12 12 12 1 1 12 12 1 1 1 12 12 100 12 12 1 1 12 12 12 1 1 1 1 1 1 1 1 1 12 1 12 7 12 12 12 12 12 12 12 12 12 12 12 12 1 1 12 12 12 12 1 1 1 1 1 12 1 1 1 100 12 1 1 1 12 12 1 1 1 12 1 12 1 1 1 1 1 12 12 12 7 12 12 12 12 12 12 12 12 12 12 12 12 12 12 12 12 1 12 12 12 12 12 12 12 12 12 12 1 12 1 12 1 12 1 12 1 12 12 12 12 12 12 12 7 12 12 12 12 12 12 12 12 1 12 12 12 1 1 1 1 1 1 1 1 1 1 1 1 1 1 1 1 1 1 1 1 1 1 1 1 1 1 1 1 1 1 1 1 1 1 1 1 1 1 1 1 1 1 1 1 1 1 1 1 1 1 1 1 1 1 1 1 1 1 1 1 1 1 1 1 1 1 1 1 1 1 1 1 1 1 1 1 1 1 1 1 1 1 1 1 1 1 1 1 1 1 1 1 1 1 1 1 1 1 1 1 1 1 1 1 1 1 1 1 1 1 1 1 1 1 1 1 1 1 1 1 1 1 1 1 1 1 1 1 1 1 1 1 1 1 1 1 1 1 1 1 1 1 1 1 1 1 1 1 1 1 1 1 1 1 1 1 1 1 1 1 1 1 1 1 1 1 1 1 1 1 1 1 1 1 1 1 1 1
staticfield java/lang/invoke/LambdaForm COMPILE_THRESHOLD I 0
staticfield java/lang/invoke/LambdaForm INTERNED_ARGUMENTS [[Ljava/lang/invoke/LambdaForm$Name; 5 [[Ljava/lang/invoke/LambdaForm$Name;
staticfield java/lang/invoke/LambdaForm IMPL_NAMES Ljava/lang/invoke/MemberName$Factory; java/lang/invoke/MemberName$Factory
staticfield java/lang/invoke/LambdaForm LF_identityForm [Ljava/lang/invoke/LambdaForm; 6 [Ljava/lang/invoke/LambdaForm;
staticfield java/lang/invoke/LambdaForm LF_zeroForm [Ljava/lang/invoke/LambdaForm; 6 [Ljava/lang/invoke/LambdaForm;
staticfield java/lang/invoke/LambdaForm NF_identity [Ljava/lang/invoke/LambdaForm$NamedFunction; 6 [Ljava/lang/invoke/LambdaForm$NamedFunction;
staticfield java/lang/invoke/LambdaForm NF_zero [Ljava/lang/invoke/LambdaForm$NamedFunction; 6 [Ljava/lang/invoke/LambdaForm$NamedFunction;
staticfield java/lang/invoke/LambdaForm DEBUG_NAME_COUNTERS Ljava/util/HashMap; null
staticfield java/lang/invoke/LambdaForm TRACE_INTERPRETER Z 0
staticfield java/lang/invoke/LambdaForm $assertionsDisabled Z 1
ciInstanceKlass java/lang/invoke/MethodType 1 1 608 7 10 10 10 9 10 7 9 9 10 9 8 10 10 9 9 10 7 10 8 10 10 10 100 8 10 100 10 10 10 10 11 9 11 7 10 9 10 10 10 10 10 9 7 10 7 10 10 10 10 10 10 10 10 10 10 8 8 10 9 100 10 10 10 10 10 10 10 10 10 8 10 10 10 10 10 11 10 10 10 10 10 7 10 10 10 10 9 7 10 10 10 10 10 10 10 10 8 8 10 8 10 10 9 10 10 10 10 10 10 10 10 10 10 10 10 9 7 10 10 10 10 10 8 10 11 9 10 10 10 10 10 10 10 10 10 9 9 10 9 10 7 10 7 9 8 10 10 8 100 100 10 100 1 1 1 1 1 5 0 1 1 1 1 1 1 1 1 1 1 1 1 1 1 1 1 1 1 1 3 1 3 1 3 1 1 1 1 1 1 1 1 1 1 1 1 1 1 1 1 1 100 100 1 1 1 1 1 1 1 1 1 1 1 1 1 1 1 1 1 1 1 1 1 1 1 1 1 1 1 1 1 1 1 1 1 1 1 1 1 1 1 1 1 1 1 1 1 1 1 1 1 1 1 1 1 1 1 1 1 1 1 1 1 1 1 1 1 1 1 1 1 1 1 1 1 1 1 1 1 1 1 1 1 1 1 1 1 1 1 1 1 1 1 1 1 1 1 1 1 1 100 1 1 1 1 100 1 1 1 1 1 1 1 100 1 1 100 1 1 1 1 1 1 100 100 1 100 1 1 1 1 1 100 1 1 100 1 1 1 1 1 1 1 100 1 1 1 12 12 12 12 7 12 12 12 7 12 7 12 1 7 12 12 7 7 12 1 1 12 12 12 1 1 12 1 12 12 12 7 12 12 12 1 7 12 12 12 12 12 12 12 12 1 12 1 12 12 100 12 12 12 12 12 12 12 12 1 1 12 12 1 12 12 12 12 100 12 12 12 1 12 12 7 12 12 12 12 12 12 12 12 12 1 12 12 12 12 1 12 7 12 12 7 12 12 12 1 1 12 1 100 12 12 12 12 12 12 12 12 12 100 12 12 12 12 12 12 1 12 12 12 7 12 12 1 7 12 12 12 12 12 100 12 12 12 100 12 12 100 12 12 12 7 12 12 12 1 1 12 12 12 1 1 12 1 1 1 1 1 1 1 1 1 1 1 1 1 1 1 1 1 1 1 1 1 1 1 1 1 1 1 1 1 1 1 1 1 1 1 1 1 1 1 1 1 1 1 1 1 1 1 1 1 1 1 1 1 1 1 1 1 1 1 1 1 1 1 1 1 1 1 1 1 1 1 1 1 1 1 1 1 1 1 1 1 1 1 1 1 1 1 1 1 1 1 1 1 1 1 1 1 1 1 1 1 1
staticfield java/lang/invoke/MethodType internTable Ljava/lang/invoke/MethodType$ConcurrentWeakInternSet; java/lang/invoke/MethodType$ConcurrentWeakInternSet
staticfield java/lang/invoke/MethodType NO_PTYPES [Ljava/lang/Class; 0 [Ljava/lang/Class;
staticfield java/lang/invoke/MethodType objectOnlyTypes [Ljava/lang/invoke/MethodType; 20 [Ljava/lang/invoke/MethodType;
staticfield java/lang/invoke/MethodType serialPersistentFields [Ljava/io/ObjectStreamField; 0 [Ljava/io/ObjectStreamField;
staticfield java/lang/invoke/MethodType rtypeOffset J 12
staticfield java/lang/invoke/MethodType ptypesOffset J 16
staticfield java/lang/invoke/MethodType $assertionsDisabled Z 1
ciInstanceKlass java/lang/BootstrapMethodError 0 0 39 10 10 10 10 10 100 100 1 1 1 5 0 1 1 1 1 1 1 1 1 100 100 1 1 12 12 12 100 12 12 1 1 1 1 1 1 1 1
instanceKlass java/lang/invoke/VolatileCallSite
instanceKlass java/lang/invoke/MutableCallSite
instanceKlass java/lang/invoke/ConstantCallSite
ciInstanceKlass java/lang/invoke/CallSite 1 1 322 10 10 9 10 10 100 7 10 7 10 10 10 100 100 10 10 10 8 10 10 10 9 10 10 10 10 100 8 10 10 10 100 10 9 10 10 10 10 9 9 10 10 9 10 10 10 10 10 10 7 10 10 10 10 10 10 7 100 8 10 10 10 10 10 7 100 8 10 10 100 8 10 7 10 10 10 8 10 10 8 10 10 100 10 8 10 10 100 100 10 1 1 1 1 1 1 1 1 1 1 1 1 1 1 1 1 1 1 1 1 1 100 1 1 1 1 1 1 1 1 100 1 1 1 1 1 100 100 100 100 100 100 100 1 1 1 1 1 1 1 1 100 100 1 1 12 12 12 12 12 1 1 12 1 12 12 12 1 1 100 12 12 1 12 12 12 12 12 100 12 12 1 1 12 12 1 12 12 12 12 12 100 12 7 12 12 7 12 12 7 12 12 12 12 12 7 12 12 1 12 12 12 12 12 12 1 1 1 12 12 100 12 12 1 1 1 12 1 1 12 1 12 12 7 12 12 12 12 12 1 12 12 12 1 1 12 1 1 1 1 1 1 1 1 1 1 1 1 1 1 1 1 1 1 1 1 1 1 1 1 1 1 1 1 1 1 1 1 1 1 1 1 1 1 1 1 1 1 1 1 1 1 1 1 1 1 1 1 1 1 1 1 1 1 1 1 1 1 1 1 1 1 1 1 1 1 1 1 1 1 1 1 1 1 1 1 1 1 1 1 1
staticfield java/lang/invoke/CallSite GET_TARGET Ljava/lang/invoke/MethodHandle; java/lang/invoke/DirectMethodHandle
staticfield java/lang/invoke/CallSite THROW_UCS Ljava/lang/invoke/MethodHandle; java/lang/invoke/MethodHandleImpl$AsVarargsCollector
staticfield java/lang/invoke/CallSite TARGET_OFFSET J 12
ciInstanceKlass java/lang/invoke/ConstantCallSite 1 1 42 10 9 10 100 10 9 100 10 10 7 7 1 1 1 1 1 1 1 1 100 1 1 1 1 1 1 1 12 12 12 1 12 12 1 12 1 1 1 1 1 1
ciInstanceKlass java/lang/invoke/MutableCallSite 0 0 57 10 10 9 10 10 10 9 10 10 100 10 100 100 1 1 1 1 1 1 1 1 1 1 1 1 1 1 1 1 1 1 12 12 12 12 12 12 12 12 100 12 1 12 1 1 1 1 1 1 1 1 1 1 1 1 1
ciInstanceKlass java/lang/invoke/VolatileCallSite 0 0 33 10 10 10 10 10 10 100 100 1 1 1 1 1 1 1 1 1 1 1 12 12 12 12 12 12 1 1 1 1 1 1 1
instanceKlass java/lang/StringBuilder
instanceKlass java/lang/StringBuffer
ciInstanceKlass java/lang/AbstractStringBuilder 1 1 318 7 10 9 9 10 10 10 7 3 10 3 100 10 100 10 10 10 10 100 10 10 10 8 10 10 10 10 10 10 10 10 10 10 10 7 10 11 10 8 100 10 8 10 10 8 8 10 10 11 3 8 10 10 7 5 0 8 10 10 10 10 10 10 10 10 100 10 8 8 10 10 10 8 8 8 10 10 8 10 10 10 10 10 10 10 10 10 10 10 10 10 10 10 7 100 7 1 1 1 1 1 1 1 1 1 1 1 1 1 1 1 1 1 1 1 1 1 1 1 1 1 1 1 1 1 1 1 1 1 1 1 1 1 1 1 1 1 1 1 1 1 1 1 1 1 1 1 1 1 1 1 1 1 1 1 1 1 1 1 1 1 1 1 1 1 1 1 1 1 1 1 1 1 1 1 1 1 1 1 1 1 100 1 1 1 1 1 12 12 12 12 12 7 12 1 12 1 1 12 12 100 12 12 1 12 12 1 12 7 12 12 12 12 12 12 100 1 12 12 1 1 1 12 12 1 1 12 12 1 12 12 1 1 12 12 100 12 12 12 12 12 1 1 1 12 12 12 1 1 1 12 12 1 12 12 12 12 12 12 12 12 12 12 12 12 12 12 12 1 1 1 1 1 1 1 1 1 1 1 1 1 1 1 1 1 1 1 1 1 1 1 1 1 1 1 1 1 1 1 1 1 1 1 1 1 1 1 1 1 1 1 1 1 1 1 1 1
ciInstanceKlass java/lang/StringBuffer 1 1 371 10 10 10 11 10 10 9 9 10 10 9 10 100 10 10 10 10 10 10 10 10 10 10 10 10 10 10 10 10 10 10 10 10 10 10 10 10 10 10 10 10 10 10 10 10 10 10 10 10 10 10 10 10 10 10 10 7 10 10 8 10 8 10 8 10 10 10 10 7 10 10 10 10 10 10 10 10 10 10 10 10 10 10 10 10 10 10 10 10 10 10 10 10 10 10 10 10 10 10 7 10 9 9 9 7 7 100 100 1 1 1 1 1 5 0 1 1 1 1 1 1 1 1 1 1 1 1 1 1 1 1 1 1 1 1 1 1 1 1 1 1 1 1 1 1 1 1 1 1 1 1 1 1 1 1 1 1 1 1 1 1 1 1 1 1 1 1 1 1 1 1 1 1 1 1 1 1 1 1 1 1 1 1 1 1 1 1 1 1 1 1 1 100 1 1 100 1 1 1 1 1 1 1 1 1 1 1 1 1 1 1 1 1 1 1 1 1 1 1 1 1 1 1 1 1 1 1 1 1 1 12 12 12 12 12 12 12 12 12 12 1 12 12 12 12 12 12 12 12 12 12 12 12 12 12 12 12 12 12 12 12 12 12 12 12 12 12 12 12 12 12 12 12 12 12 12 12 12 12 12 7 12 1 12 100 12 1 100 12 1 12 1 12 12 100 12 100 12 12 12 12 12 12 12 12 12 12 12 12 12 12 12 12 12 12 12 12 12 12 12 12 12 12 12 12 12 12 12 1 12 7 12 7 12 1 1 1 1 1 1 1 1 1 1 1 1 1 1 1 1 1 1 1 1 1 1 1 1 1 1 1 1 1 1 1 1 1 1 1 1
staticfield java/lang/StringBuffer serialPersistentFields [Ljava/io/ObjectStreamField; 3 [Ljava/io/ObjectStreamField;
ciInstanceKlass java/lang/StringBuilder 1 1 326 10 10 10 11 10 10 10 10 10 10 10 10 10 10 10 10 10 10 10 10 10 10 10 10 10 10 10 10 10 10 10 10 10 10 10 10 10 10 10 10 7 9 9 10 10 10 10 10 10 10 100 10 10 10 10 10 10 10 10 10 10 10 10 10 10 10 10 10 10 10 10 10 10 10 10 10 10 10 10 10 10 10 10 10 10 10 10 10 10 10 10 10 10 10 7 7 100 100 1 1 1 5 0 1 1 1 1 1 1 1 1 1 1 1 1 1 1 1 1 1 1 1 1 1 1 1 1 1 1 1 1 1 1 1 1 1 1 1 1 1 1 1 1 1 1 1 1 1 1 1 1 1 1 100 1 1 100 1 1 1 1 1 1 1 1 1 1 1 1 1 1 1 1 1 1 1 1 1 1 1 1 1 1 1 1 1 1 1 1 1 1 1 1 1 1 1 1 1 1 1 1 1 1 1 1 1 1 1 1 1 1 1 12 12 12 12 12 12 12 12 12 12 12 12 12 12 12 12 12 12 12 12 12 12 12 12 12 12 12 12 12 12 12 12 12 12 12 12 12 12 1 12 12 12 100 12 12 12 100 12 12 12 1 12 12 12 12 12 12 12 12 12 12 12 12 12 12 12 12 12 12 12 12 12 12 12 12 12 12 12 12 12 12 12 12 12 12 12 12 12 12 12 12 12 12 1 1 1 1 1 1 1 1 1 1 1 1 1 1 1 1 1 1 1 1
ciInstanceKlass sun/misc/Unsafe 1 1 390 10 10 10 10 100 8 10 9 10 10 10 10 10 10 10 10 10 10 10 10 10 10 10 10 10 10 10 10 10 10 10 10 10 10 10 10 10 10 10 10 100 10 10 7 7 8 10 10 7 10 9 7 9 7 9 7 9 7 9 7 9 7 9 7 9 7 9 10 9 9 9 9 9 9 9 9 9 10 9 7 1 1 1 1 1 3 1 1 1 1 1 1 1 1 1 1 1 1 1 1 1 1 1 1 1 1 1 1 1 1 1 1 1 100 1 1 1 1 1 1 1 1 1 1 1 1 1 1 1 1 1 1 1 1 1 1 1 1 1 1 1 1 1 1 1 1 1 1 1 1 1 1 1 1 1 1 1 1 1 1 1 1 1 1 1 1 1 1 1 1 1 1 1 1 1 1 1 1 1 1 1 1 1 1 1 1 1 1 1 1 1 1 1 1 1 1 1 1 1 1 1 1 1 100 1 1 1 1 1 1 1 1 1 1 1 1 1 1 1 1 1 1 1 1 1 1 1 1 1 1 1 100 1 1 1 1 1 1 1 1 1 1 1 1 1 1 1 1 1 1 1 1 1 1 1 1 1 1 1 1 1 1 1 1 1 1 1 1 1 1 1 1 1 1 1 1 1 1 1 1 1 1 1 1 1 1 12 7 12 7 12 7 12 1 1 12 12 12 12 12 12 12 12 12 12 12 12 12 12 12 12 12 12 12 12 12 12 100 12 100 12 12 12 12 12 12 12 12 12 12 12 1 12 1 1 12 1 12 12 1 12 1 12 1 12 1 12 1 12 1 12 1 12 1 12 12 12 12 12 12 12 12 12 12 12 12 12 1 1 1 1 1 1 1 1 1 1 1 1 1 1 1 1 1 1 1 1 1 1
staticfield sun/misc/Unsafe theUnsafe Lsun/misc/Unsafe; sun/misc/Unsafe
staticfield sun/misc/Unsafe ARRAY_BOOLEAN_BASE_OFFSET I 16
staticfield sun/misc/Unsafe ARRAY_BYTE_BASE_OFFSET I 16
staticfield sun/misc/Unsafe ARRAY_SHORT_BASE_OFFSET I 16
staticfield sun/misc/Unsafe ARRAY_CHAR_BASE_OFFSET I 16
staticfield sun/misc/Unsafe ARRAY_INT_BASE_OFFSET I 16
staticfield sun/misc/Unsafe ARRAY_LONG_BASE_OFFSET I 16
staticfield sun/misc/Unsafe ARRAY_FLOAT_BASE_OFFSET I 16
staticfield sun/misc/Unsafe ARRAY_DOUBLE_BASE_OFFSET I 16
staticfield sun/misc/Unsafe ARRAY_OBJECT_BASE_OFFSET I 16
staticfield sun/misc/Unsafe ARRAY_BOOLEAN_INDEX_SCALE I 1
staticfield sun/misc/Unsafe ARRAY_BYTE_INDEX_SCALE I 1
staticfield sun/misc/Unsafe ARRAY_SHORT_INDEX_SCALE I 2
staticfield sun/misc/Unsafe ARRAY_CHAR_INDEX_SCALE I 2
staticfield sun/misc/Unsafe ARRAY_INT_INDEX_SCALE I 4
staticfield sun/misc/Unsafe ARRAY_LONG_INDEX_SCALE I 8
staticfield sun/misc/Unsafe ARRAY_FLOAT_INDEX_SCALE I 4
staticfield sun/misc/Unsafe ARRAY_DOUBLE_INDEX_SCALE I 8
staticfield sun/misc/Unsafe ARRAY_OBJECT_INDEX_SCALE I 4
staticfield sun/misc/Unsafe ADDRESS_SIZE I 8
instanceKlass com/mysql/jdbc/util/ReadAheadInputStream
instanceKlass com/mysql/jdbc/CompressedInputStream
instanceKlass java/io/ObjectInputStream$PeekInputStream
instanceKlass java/io/ObjectInputStream$BlockDataInputStream
instanceKlass sun/java2d/cmm/ProfileDeferralInfo
instanceKlass java/io/ObjectInputStream
instanceKlass java/util/zip/ZipFile$ZipFileInputStream
instanceKlass java/io/FilterInputStream
instanceKlass java/io/FileInputStream
instanceKlass java/io/ByteArrayInputStream
ciInstanceKlass java/io/InputStream 1 1 63 10 10 100 10 100 10 10 100 100 5 0 10 8 10 7 100 1 1 1 3 1 1 1 1 1 1 1 1 1 1 100 1 1 100 100 1 1 1 1 1 1 1 1 1 12 12 1 1 12 1 1 100 12 1 12 1 1 1 1 1 1 1
ciInstanceKlass java/io/ByteArrayInputStream 1 1 62 10 9 9 9 9 10 100 10 100 10 10 7 7 1 1 1 1 1 1 1 1 1 1 1 1 1 1 1 1 1 1 1 1 1 1 1 1 1 100 1 1 12 12 12 12 12 100 12 1 1 7 12 1 1 1 1 1 1 1 1 1
ciInstanceKlass java/io/File 1 1 593 9 9 10 9 9 9 10 9 100 10 8 10 9 10 100 10 10 10 10 10 100 8 10 10 8 10 8 10 8 10 8 10 8 10 8 10 8 10 9 10 10 10 10 10 10 7 10 10 10 10 10 7 8 10 10 10 8 10 7 10 10 10 10 7 10 100 10 10 10 10 10 8 7 10 100 100 10 10 10 7 10 10 10 10 10 10 10 10 10 10 10 7 10 11 11 11 7 11 7 10 10 10 10 100 11 10 10 10 10 10 10 10 8 10 10 10 10 10 10 10 10 100 8 10 10 10 8 8 10 10 100 8 10 10 10 10 10 10 10 10 8 10 10 9 9 10 9 10 9 10 10 10 10 10 10 9 10 9 9 10 10 10 8 100 7 100 100 100 1 1 7 1 1 1 1 1 1 1 1 1 1 1 1 1 1 1 1 1 1 1 1 1 5 0 1 1 1 1 1 1 1 1 1 100 100 1 1 1 1 1 100 1 1 1 1 100 1 1 1 1 1 1 1 1 1 1 1 1 1 1 1 1 1 1 1 1 1 100 1 100 1 1 1 1 1 1 1 1 1 1 1 1 1 1 1 100 1 1 1 100 100 1 100 1 1 100 1 1 1 1 1 1 1 1 1 1 1 1 1 1 1 1 1 100 1 1 1 1 1 1 1 1 1 1 1 100 100 1 1 100 100 100 1 1 100 1 1 1 1 12 12 12 12 12 12 12 12 1 1 12 12 12 1 12 12 12 12 1 1 12 12 1 12 1 12 1 12 1 12 1 12 1 12 1 12 12 12 12 12 12 12 12 1 12 12 12 12 12 1 1 12 12 1 12 1 12 12 12 1 1 12 12 12 12 1 1 12 1 1 12 7 12 100 12 1 12 12 12 12 12 12 12 12 100 12 12 12 1 7 12 7 12 12 1 12 1 12 1 100 12 12 12 12 12 12 12 12 1 12 12 12 12 12 12 12 12 1 1 12 12 1 1 12 12 1 1 12 12 12 12 100 12 12 100 12 100 12 12 12 12 7 12 12 12 12 7 12 7 12 7 12 7 12 12 12 12 12 12 12 12 12 12 1 1 1 1 1 1 1 1 1 1 1 1 1 1 1 1 1 1 1 1 1 1 1 1 1 1 1 1 1 1 1 1 1 1 1 1 1 1 1 1 1 1 1 1 1 1 1 1 1 1 1 1 1 1 1 1 1 1 1 1 1 1 1 1 1 1 1 1 1 1 1 1 1 1 1 1 1 1 1 1 1 1 1 1 1 1 1 1 1 1 1 1 1 1 1 1 1 1 1 1 1 1 1 1 1 1 1 1 1 1 1 1 1 1 1 1 1 1 1 1
staticfield java/io/File fs Ljava/io/FileSystem; java/io/WinNTFileSystem
staticfield java/io/File separatorChar C 92
staticfield java/io/File separator Ljava/lang/String; "\"
staticfield java/io/File pathSeparatorChar C 59
staticfield java/io/File pathSeparator Ljava/lang/String; ";"
staticfield java/io/File PATH_OFFSET J 16
staticfield java/io/File PREFIX_LENGTH_OFFSET J 12
staticfield java/io/File UNSAFE Lsun/misc/Unsafe; sun/misc/Unsafe
staticfield java/io/File $assertionsDisabled Z 1
instanceKlass sun/misc/Launcher$ExtClassLoader
instanceKlass sun/misc/Launcher$AppClassLoader
ciInstanceKlass java/net/URLClassLoader 1 1 544 9 10 9 10 7 10 9 10 10 10 7 10 10 10 10 10 10 7 10 10 10 100 100 100 8 10 10 10 10 11 11 11 100 11 11 10 11 11 11 10 10 10 7 10 10 7 100 10 7 10 10 10 10 100 100 10 8 10 8 10 10 10 8 8 10 10 10 100 100 8 10 10 10 10 10 10 10 10 10 7 10 10 10 10 10 10 10 8 10 10 9 10 9 9 9 9 9 9 10 8 10 7 10 10 7 10 10 7 10 10 10 10 7 10 9 10 8 100 8 10 10 8 10 10 9 10 10 10 10 100 8 10 100 10 10 100 10 10 7 100 10 7 10 10 10 7 1 1 1 1 1 1 1 1 1 1 1 1 1 1 100 100 100 100 1 100 1 1 1 100 1 1 100 100 100 100 100 100 100 100 100 1 1 100 100 100 100 1 1 1 1 1 1 1 100 100 1 1 1 100 1 1 100 1 1 100 1 1 100 100 1 1 1 1 1 1 1 1 1 100 100 100 1 1 1 1 1 1 1 1 1 1 1 1 12 12 12 12 1 12 12 7 12 100 12 7 12 1 12 12 12 12 7 12 1 12 12 12 1 1 1 1 12 12 12 12 100 12 100 12 12 1 12 100 12 12 12 12 12 12 12 1 12 12 1 1 12 1 12 7 12 12 1 1 1 12 1 12 12 1 1 12 12 12 1 1 1 12 12 7 12 7 12 12 12 12 12 12 1 12 7 12 12 12 12 12 12 1 12 7 12 7 12 7 12 12 12 12 12 12 12 12 1 12 1 12 1 12 12 1 12 12 12 12 1 7 12 7 12 12 1 1 1 12 12 1 12 12 12 100 12 12 12 12 1 1 1 12 7 12 1 12 12 1 1 1 7 12 7 12 1 1 1 1 1 1 1 1 1 1 1 1 1 1 1 1 1 1 1 1 1 1 1 1 1 1 1 1 1 1 1 1 1 1 1 1 1 1 1 1 1 1 1 1 1 1 1 1 1 1 1 1 1 1 1 1 1 1 1 1 1 1 1 1 1 1 1 1 1 1 1 1 1 1 1 1 1 1 1 1 1 1 1 1 1 1 1 1 1 1 1 1 1 1 1 1 1 1 1 1 1 1 1 1 1 1 1 1 1 1 1 1 1 1 1 1 1 1 1 1 1 1 1 1 1 1 1 1 1 1 1 1 1 1 1 1 1 1 1 1 1 1 1 1 1 1 1 1 1 1 1 1 1
ciInstanceKlass java/net/URL 1 1 566 10 10 10 9 9 10 10 10 9 10 8 10 7 10 10 8 10 9 100 8 10 10 8 9 7 10 10 9 10 9 8 9 10 9 10 8 9 10 10 10 10 8 10 10 10 10 8 9 8 10 10 7 10 10 10 10 9 10 9 10 10 10 7 10 10 10 10 10 100 10 10 10 100 8 10 9 10 10 9 10 100 10 10 10 10 10 10 10 10 10 10 10 9 9 100 8 10 10 9 10 10 7 11 7 8 8 10 10 7 8 8 7 10 10 10 10 8 8 10 7 10 10 10 10 10 10 8 10 100 10 8 8 10 8 8 8 8 100 10 9 10 10 10 10 10 10 10 10 10 10 10 10 10 10 10 100 8 10 10 10 7 10 7 7 10 9 9 100 1 1 1 1 1 5 0 1 1 1 1 1 1 1 1 1 1 1 1 1 1 1 1 1 1 1 1 1 1 1 1 1 1 1 1 1 1 1 1 1 1 1 1 100 100 100 100 1 1 1 100 100 1 1 1 1 1 1 100 100 1 1 1 1 1 1 1 1 1 1 1 1 1 1 1 1 1 1 1 1 1 100 1 1 1 100 100 100 1 1 1 1 1 1 1 100 1 1 100 100 100 1 1 1 1 100 100 1 100 1 1 1 1 1 1 1 1 1 1 1 1 12 12 12 12 12 7 12 12 12 12 12 1 12 1 12 1 12 12 1 1 12 12 1 12 1 12 12 12 12 1 12 12 12 12 1 12 12 12 12 12 1 12 12 12 12 1 12 1 12 12 1 12 12 7 12 12 100 12 100 12 12 12 12 12 1 12 12 12 12 12 1 12 1 1 100 12 100 12 12 100 12 12 1 12 12 12 12 12 100 12 12 12 7 12 12 12 12 12 1 1 12 12 12 12 1 100 12 1 1 1 12 7 12 1 1 1 1 12 12 12 1 1 7 12 1 7 12 12 12 12 100 12 100 12 100 12 1 12 1 12 12 12 12 12 12 12 12 12 12 12 12 12 12 1 1 12 1 1 1 12 7 12 12 1 1 1 1 1 1 1 1 1 1 1 1 1 1 1 1 1 1 1 1 1 1 1 1 1 1 1 1 1 1 1 1 1 1 1 1 1 1 1 1 1 1 1 1 1 1 1 1 1 1 1 1 1 1 1 1 1 1 1 1 1 1 1 1 1 1 1 1 1 1 1 1 1 1 1 1 1 1 1 1 1 1 1 1 1 1 1 1 1 1 1 1 1 1 1 1 1 1 1 1 1 1 1 1 1 1 1 1 1 1 1 1 1
staticfield java/net/URL serialPersistentFields [Ljava/io/ObjectStreamField; 7 [Ljava/io/ObjectStreamField;
ciInstanceKlass java/util/jar/Manifest 1 1 239 10 7 10 9 7 10 9 10 10 10 10 11 11 10 11 100 10 10 11 11 11 11 100 100 8 10 11 7 8 10 10 10 8 10 10 10 11 10 10 10 8 10 7 10 10 10 100 8 10 10 8 10 10 10 10 10 11 10 10 10 100 7 10 11 10 11 10 7 100 1 1 1 1 1 1 1 1 1 1 1 1 1 1 1 1 1 1 1 1 1 1 1 1 1 1 100 100 100 100 100 1 1 1 100 100 100 100 100 1 1 100 1 1 1 1 1 1 1 1 1 1 12 1 12 1 12 12 12 12 12 7 12 12 1 12 12 12 100 12 100 12 12 1 1 1 1 12 12 1 1 12 12 12 1 12 12 12 12 12 12 12 1 12 1 12 12 12 1 1 12 1 12 7 12 12 12 12 12 12 7 12 12 1 1 12 12 12 1 1 1 1 1 1 1 1 1 1 1 1 1 1 1 1 1 1 1 1 1 1 1 1 1 1 1 1 1 1 1 1 1 1 1 1 1 1 1 1 1 1 1 1 1 1 1 1 1 1 1
ciInstanceKlass sun/misc/Launcher 1 1 228 9 10 10 9 9 10 10 100 100 8 10 10 9 8 10 10 8 10 8 10 8 100 10 10 10 100 100 100 100 10 100 10 8 10 10 10 9 7 10 9 10 7 10 10 8 10 10 10 10 10 100 10 7 10 7 10 8 7 100 1 1 7 1 7 1 7 1 1 1 1 1 1 1 1 1 1 1 1 1 1 1 1 1 1 100 100 100 100 100 100 100 100 100 1 1 1 1 1 1 100 1 1 100 1 1 100 1 1 1 1 1 1 1 1 1 12 12 12 12 12 12 12 1 1 1 12 12 12 1 7 12 12 1 7 12 1 7 12 1 1 100 12 100 12 1 1 1 1 12 1 1 12 12 12 12 1 12 12 12 1 12 1 12 12 12 12 7 12 1 12 1 12 1 1 1 1 1 1 1 1 1 1 1 1 1 1 1 1 1 1 1 1 1 1 1 1 1 1 1 1 1 1 1 1 1 1 1 1 1 1 1 1 1 1 1 1 1 1 1 1 1 1 1 1 1 1 1
ciInstanceKlass sun/misc/Launcher$AppClassLoader 1 1 203 8 10 100 10 7 10 10 7 10 10 10 11 9 10 10 10 10 10 10 10 10 100 10 10 10 7 8 10 10 9 10 100 10 10 10 10 100 10 100 100 10 100 10 10 100 10 7 10 10 7 7 1 1 1 1 1 1 1 1 1 1 1 100 100 1 100 1 1 1 1 100 1 1 1 1 1 1 1 1 100 1 1 1 1 1 7 12 1 12 1 12 7 12 1 12 12 7 12 7 12 12 7 12 7 12 12 12 100 12 12 12 12 1 12 12 12 1 1 7 12 12 100 12 1 12 12 12 1 12 1 1 12 1 12 12 1 12 1 7 12 12 1 1 1 1 1 1 1 1 1 1 1 1 1 1 1 1 1 1 1 1 1 1 1 1 1 1 1 1 1 1 1 1 1 1 1 1 1 1 1 1 1 1 1 1 1 1 1 1 1 1 1 1 1 1 1 1 1 1 1 1 1
staticfield sun/misc/Launcher$AppClassLoader $assertionsDisabled Z 1
ciInstanceKlass sun/misc/Launcher$ExtClassLoader 1 1 223 10 7 10 10 7 100 10 100 10 10 10 10 10 11 10 8 10 7 9 10 10 7 10 10 7 10 10 8 10 10 10 10 10 7 10 10 10 10 100 10 10 10 8 10 10 10 100 10 100 100 10 100 10 10 100 10 10 7 1 1 1 1 1 1 1 100 100 1 1 1 1 1 1 1 100 100 1 1 100 100 1 1 100 100 100 100 1 1 1 1 1 1 12 1 12 7 12 7 1 1 12 1 12 12 12 12 7 12 7 12 7 12 1 7 12 1 12 12 12 1 12 12 1 12 12 1 7 12 12 12 12 12 1 12 12 12 12 1 12 12 1 100 12 12 12 1 1 1 12 1 12 12 1 12 7 12 1 1 1 1 1 1 1 1 1 1 1 1 1 1 1 1 1 1 1 1 1 1 1 1 1 1 1 1 1 1 1 1 1 1 1 1 1 1 1 1 1 1 1 1 1 1 1 1 1 1 1 1 1 1 1 1 1 1 1 1 1 1 1 1 1 1
ciInstanceKlass java/security/CodeSource 1 1 351 10 9 9 9 9 10 100 10 100 10 7 10 10 10 100 10 10 10 10 10 100 10 10 10 10 10 10 10 10 10 10 10 10 10 8 10 10 10 10 8 10 10 100 10 10 8 10 10 10 8 8 9 100 8 10 10 8 10 8 8 8 10 10 10 10 10 10 100 100 10 10 10 10 10 100 10 10 10 10 10 100 10 100 100 8 8 10 10 100 8 10 100 10 10 11 10 10 11 10 10 8 100 10 10 100 10 11 11 7 100 1 1 1 5 0 1 1 1 1 1 1 1 1 1 1 1 1 1 1 1 100 100 1 1 1 1 1 1 1 1 1 100 1 1 1 1 1 1 1 100 1 1 100 1 1 100 100 100 1 1 1 100 100 100 100 100 100 100 100 100 1 1 1 1 12 12 12 12 12 100 12 100 7 12 1 12 12 100 1 12 100 12 12 12 1 12 100 100 12 100 12 12 100 12 12 12 12 1 12 12 12 12 1 12 1 12 1 12 12 12 1 1 12 1 1 12 12 1 12 1 1 1 100 12 12 12 12 12 12 1 1 12 12 12 100 12 12 1 12 12 12 12 1 12 1 1 1 1 12 1 1 12 1 12 12 100 12 12 12 100 1 1 12 12 1 12 12 1 1 1 1 1 1 1 1 1 1 1 1 1 1 1 1 1 1 1 1 1 1 1 1 1 1 1 1 1 1 1 1 1 1 1 1 1 1 1 1 1 1 1 1 1 1 1 1 1 1 1 1 1 1 1 1 1 1 1 1 1 1 1 1 1 1 1 1 1 1 1 1 1
ciInstanceKlass java/lang/StackTraceElement 1 1 101 10 8 10 100 9 8 9 9 9 7 10 10 10 8 10 8 8 8 10 8 10 8 7 10 10 10 10 100 100 1 1 1 1 1 1 1 1 1 5 0 1 1 1 1 1 1 1 1 1 1 1 1 1 1 100 100 100 1 1 1 1 1 12 1 100 12 1 12 1 12 12 12 1 12 12 1 12 1 1 1 12 1 12 1 1 12 12 12 12 1 1 1 1 1 1 1 1 1 1 1
instanceKlass java/nio/DoubleBuffer
instanceKlass java/nio/FloatBuffer
instanceKlass java/nio/ShortBuffer
instanceKlass java/nio/IntBuffer
instanceKlass java/nio/LongBuffer
instanceKlass java/nio/CharBuffer
instanceKlass java/nio/ByteBuffer
ciInstanceKlass java/nio/Buffer 1 1 106 100 10 9 9 100 100 10 8 10 10 10 10 9 10 10 8 8 8 9 10 100 10 100 10 100 10 100 10 7 7 1 1 1 3 1 1 1 1 1 1 1 1 1 1 1 100 1 1 1 1 1 1 1 1 1 1 1 1 1 1 1 1 1 1 1 1 1 1 1 1 1 1 1 1 1 1 12 12 12 1 1 1 12 12 12 12 12 12 12 1 1 1 12 1 1 1 1 1 1 1 1 1 1 1 1
ciInstanceKlass java/lang/Boolean 1 1 112 10 9 10 10 8 10 9 9 8 10 7 10 10 100 100 10 10 8 10 9 7 100 100 1 1 1 1 1 1 1 1 1 1 1 1 5 0 1 1 1 1 1 1 1 1 1 1 1 1 100 1 1 1 100 1 1 1 1 1 1 1 100 1 1 1 1 1 1 1 1 1 1 1 1 1 1 12 12 12 12 1 7 12 12 12 1 12 1 12 7 12 1 1 12 12 1 7 12 12 1 1 1 1 1 1 1 1 1 1 1 1
staticfield java/lang/Boolean TRUE Ljava/lang/Boolean; java/lang/Boolean
staticfield java/lang/Boolean FALSE Ljava/lang/Boolean; java/lang/Boolean
staticfield java/lang/Boolean TYPE Ljava/lang/Class; java/lang/Class
ciInstanceKlass java/lang/Character 1 1 463 7 100 10 9 9 10 10 10 10 10 3 3 3 3 3 10 10 3 11 11 10 10 100 10 10 3 10 10 10 100 10 10 10 10 10 10 10 10 10 10 10 10 10 10 10 10 10 10 10 10 10 10 10 10 10 10 10 10 10 10 10 10 10 10 10 10 10 10 10 10 5 0 10 10 10 10 10 10 10 10 10 10 9 100 10 10 10 3 10 10 100 10 10 10 10 8 10 9 10 10 10 10 8 10 9 7 100 100 7 1 1 100 1 100 1 100 1 1 1 1 3 1 3 1 1 3 1 3 1 1 1 1 1 1 1 3 1 1 3 1 3 1 3 1 3 1 3 1 3 1 3 1 3 1 3 1 3 1 3 1 3 1 3 1 3 1 3 1 3 1 3 1 3 1 3 1 3 1 3 1 3 1 3 1 3 1 3 1 3 1 3 1 3 1 1 1 1 1 1 1 1 1 1 1 1 1 1 1 1 1 1 1 3 1 1 1 3 1 1 3 1 1 1 1 1 3 1 1 1 5 0 1 1 1 1 1 1 1 1 1 1 1 1 1 1 1 1 1 1 1 1 1 1 1 1 1 1 1 1 1 1 1 1 1 1 1 1 1 1 1 1 1 1 1 1 1 1 1 1 1 1 1 1 1 1 1 1 1 1 1 1 1 1 1 1 1 1 1 1 1 1 1 1 1 1 1 1 1 1 1 1 1 1 1 1 1 1 1 1 1 1 1 1 1 1 1 1 1 1 1 1 1 1 100 100 1 1 1 1 1 1 1 1 12 12 12 12 12 12 100 12 12 12 12 100 12 12 12 12 1 12 12 12 12 1 12 12 12 12 12 12 7 12 12 12 12 12 12 12 12 12 12 12 12 12 12 12 12 12 12 12 12 12 12 12 12 12 12 12 12 12 12 1 12 12 100 12 12 1 12 12 12 1 100 12 100 12 12 12 7 12 1 12 12 1 1 1 1 1 1 1 1 1 1 1 1 1 1 1 1 1 1 1 1 1 1 1 1 1 1 1 1 1 1 1 1 1 1 1 1 1 1
staticfield java/lang/Character TYPE Ljava/lang/Class; java/lang/Class
staticfield java/lang/Character $assertionsDisabled Z 1
instanceKlass java/math/BigInteger
instanceKlass java/math/BigDecimal
instanceKlass com/google/gson/internal/LazilyParsedNumber
instanceKlass com/mathworks/util/types/UnsignedNumber
instanceKlass java/util/concurrent/atomic/AtomicLong
instanceKlass java/util/concurrent/atomic/AtomicInteger
instanceKlass java/lang/Long
instanceKlass java/lang/Integer
instanceKlass java/lang/Short
instanceKlass java/lang/Byte
instanceKlass java/lang/Double
instanceKlass java/lang/Float
ciInstanceKlass java/lang/Number 1 1 34 10 10 100 7 100 1 1 1 5 0 1 1 1 1 1 1 1 1 1 1 1 1 1 1 1 1 1 1 12 12 1 1 1
ciInstanceKlass java/lang/Float 1 1 175 7 100 10 10 100 4 100 10 10 8 8 10 10 10 10 4 4 4 10 9 10 10 10 10 10 10 3 3 3 10 10 10 10 8 10 9 7 100 1 1 1 1 1 4 1 1 1 4 1 1 3 1 3 1 3 1 3 1 1 1 1 1 1 1 5 0 1 1 1 1 1 1 1 1 1 100 1 1 1 1 1 1 1 1 1 1 1 1 1 1 1 1 1 1 1 1 1 1 1 1 1 1 1 1 1 1 1 1 1 1 1 1 1 1 1 1 1 1 1 1 1 1 1 1 1 7 12 100 12 1 1 12 100 12 1 1 100 12 12 12 12 12 12 12 12 12 12 12 12 12 12 12 1 7 12 12 1 1 1 1 1 1 1 1 1 1 1 1 1 1 1 1 1 1
staticfield java/lang/Float TYPE Ljava/lang/Class; java/lang/Class
ciInstanceKlass java/lang/Double 1 1 229 7 100 10 10 10 100 10 10 6 0 8 10 8 10 8 100 6 0 10 5 0 5 0 8 8 10 10 8 10 8 8 8 10 10 10 10 10 10 10 10 6 0 6 0 6 0 10 9 10 10 10 10 5 0 5 0 10 10 10 10 8 10 9 7 100 1 1 1 1 1 6 0 1 1 1 6 0 1 1 3 1 3 1 3 1 3 1 1 1 1 1 1 1 5 0 1 1 1 1 1 1 100 100 1 1 1 100 1 1 1 1 1 1 1 1 1 1 1 1 1 1 1 1 1 1 1 1 1 1 1 1 1 1 1 1 1 1 1 1 1 1 1 1 1 1 1 1 1 1 1 1 1 1 1 1 1 7 12 12 12 1 12 100 12 1 12 1 12 1 1 12 1 1 100 12 100 12 1 12 1 1 1 12 12 12 12 12 12 12 12 12 12 12 12 12 12 12 12 12 1 7 12 12 1 1 1 1 1 1 1 1 1 1 1 1 1 1 1 1 1 1 1 1 1 1 1 1 1
staticfield java/lang/Double TYPE Ljava/lang/Class; java/lang/Class
ciInstanceKlass java/lang/Byte 1 1 153 7 10 9 10 100 100 10 8 10 8 10 10 10 10 10 10 10 10 8 8 10 9 10 10 10 10 5 0 10 8 10 9 7 100 7 1 1 1 1 1 3 1 3 1 1 1 1 1 1 1 3 1 3 1 1 5 0 1 1 1 1 1 1 1 1 1 1 1 1 1 1 1 1 1 1 1 1 1 1 1 1 1 1 1 1 1 1 1 1 1 1 1 1 1 1 1 1 1 1 1 1 1 1 1 1 100 12 12 12 1 1 12 1 12 1 12 12 12 12 12 12 12 12 1 1 12 12 12 12 12 12 1 7 12 12 1 1 1 1 1 1 1 1 1 1 1 1 1 1 1 1 1
staticfield java/lang/Byte TYPE Ljava/lang/Class; java/lang/Class
ciInstanceKlass java/lang/Short 1 1 161 7 100 10 10 100 100 10 8 10 8 10 10 10 10 10 10 9 10 10 10 8 8 10 9 10 10 10 10 3 3 5 0 10 8 10 9 7 100 7 1 1 1 1 1 3 1 3 1 1 1 1 1 1 1 3 1 3 1 1 5 0 1 1 1 1 1 1 1 1 1 1 1 1 1 1 1 1 1 1 1 1 1 1 1 1 1 1 1 1 1 1 1 1 1 1 1 1 1 1 1 1 1 1 1 1 1 1 1 1 1 1 1 100 12 12 1 1 12 1 12 1 12 12 12 12 12 12 12 12 12 12 1 1 12 12 12 12 12 12 1 7 12 12 1 1 1 1 1 1 1 1 1 1 1 1 1 1 1 1 1
staticfield java/lang/Short TYPE Ljava/lang/Class; java/lang/Class
ciInstanceKlass java/lang/Integer 1 1 314 7 100 7 10 9 7 10 10 10 10 10 10 10 10 3 8 10 10 10 3 9 9 3 9 7 8 10 100 10 8 10 10 8 10 8 10 3 10 10 10 10 8 100 10 10 5 0 8 10 10 7 9 9 10 10 9 10 10 10 10 100 100 10 8 8 10 8 8 8 8 8 8 10 10 10 5 0 3 3 3 3 3 10 10 8 10 9 3 3 3 3 3 3 7 100 1 1 1 1 1 1 1 1 1 1 1 1 1 1 1 1 1 1 3 1 3 1 1 5 0 1 1 1 1 1 100 1 1 1 1 1 1 1 1 1 1 1 1 1 1 100 1 1 1 1 1 1 1 1 1 1 1 1 1 1 1 1 1 1 1 1 1 1 1 1 1 1 1 100 1 100 100 1 1 1 1 1 1 1 1 1 1 1 1 1 1 1 1 1 1 1 1 1 1 1 1 1 1 1 1 1 1 1 1 12 12 1 12 12 100 12 12 12 7 12 12 12 1 12 12 12 12 12 12 1 1 12 1 12 1 12 12 1 12 1 12 12 12 12 12 1 1 12 12 1 12 12 1 12 12 12 12 12 12 12 7 12 1 1 12 1 1 12 1 1 1 1 1 1 12 12 12 12 12 1 7 12 12 1 1 1 1 1 1 1 1 1 1 1 1 1 1 1 1 1 1 1 1 1 1 1 1 1 1 1 1 1 1 1 1 1 1 1
staticfield java/lang/Integer TYPE Ljava/lang/Class; java/lang/Class
staticfield java/lang/Integer digits [C 36
staticfield java/lang/Integer DigitTens [C 100
staticfield java/lang/Integer DigitOnes [C 100
staticfield java/lang/Integer sizeTable [I 10
ciInstanceKlass java/lang/Long 1 1 361 7 100 7 10 9 7 10 10 10 10 10 5 0 5 0 100 10 10 10 10 10 10 10 10 10 10 10 10 10 10 10 5 0 8 10 10 10 7 5 0 5 0 9 9 3 3 100 8 10 8 10 8 8 10 5 0 10 10 10 10 8 100 10 10 8 10 8 10 10 5 0 5 0 9 10 8 8 10 8 8 8 8 8 8 10 10 10 10 9 10 10 10 100 100 10 10 10 10 10 5 0 5 0 5 0 5 0 5 0 10 10 10 8 10 9 7 100 7 1 1 1 1 1 1 5 0 1 1 1 1 1 1 1 3 1 3 1 5 0 1 1 1 1 1 100 1 1 1 1 1 1 1 1 1 1 1 1 1 1 1 1 100 1 1 1 1 1 1 1 1 100 100 1 1 1 1 1 1 1 1 1 1 1 1 1 1 1 1 1 1 1 1 1 1 100 1 1 1 1 1 1 1 1 1 1 1 1 1 1 1 1 1 1 1 1 1 1 1 1 1 1 1 1 1 1 1 1 12 12 1 12 12 12 12 12 1 12 12 12 12 12 12 100 12 12 12 12 12 12 7 12 12 12 1 12 12 12 1 12 12 1 1 12 1 12 1 1 12 12 12 12 12 1 1 12 12 1 12 1 12 12 12 12 1 1 12 1 1 1 1 1 1 12 12 12 12 12 12 100 12 1 1 12 12 12 12 12 12 12 1 7 12 12 1 1 1 1 1 1 1 1 1 1 1 1 1 1 1 1 1 1 1 1 1 1 1 1 1 1 1 1 1 1 1 1 1 1 1 1 1 1 1 1 1 1 1 1 1 1 1
staticfield java/lang/Long TYPE Ljava/lang/Class; java/lang/Class
ciInstanceKlass java/lang/NullPointerException 1 1 21 10 10 100 7 1 1 1 5 0 1 1 1 1 1 1 1 12 12 1 1
ciInstanceKlass java/lang/ArithmeticException 1 1 21 10 10 100 100 1 1 1 5 0 1 1 1 1 1 1 1 12 12 1 1
ciInstanceKlass sun/nio/ch/SocketChannelImpl 1 1 580 10 9 9 7 10 9 9 9 7 9 9 9 9 10 9 10 9 10 9 9 9 10 10 100 10 10 100 10 10 11 100 100 10 8 10 10 8 10 10 9 10 9 9 10 9 10 100 10 9 9 10 10 9 10 100 10 10 10 10 10 7 10 9 10 100 10 10 5 0 9 10 10 100 10 5 0 10 10 5 0 10 10 10 100 10 10 10 10 10 100 10 100 10 7 10 10 10 10 10 10 10 10 100 10 10 10 10 10 10 10 10 10 100 10 10 100 10 10 7 10 10 10 10 10 10 10 9 9 9 10 9 100 9 9 10 10 10 9 10 7 10 10 10 10 10 10 8 8 8 8 8 8 10 8 10 10 8 10 10 10 10 10 10 7 10 7 100 7 1 1 1 1 1 1 1 1 1 1 1 1 1 1 1 1 1 1 1 3 1 3 1 3 1 3 1 3 1 3 1 1 1 1 1 1 1 1 1 1 1 1 1 1 1 1 1 100 100 100 1 1 100 100 1 1 1 1 1 100 1 1 1 1 1 1 1 1 1 1 1 1 1 1 1 1 100 1 100 1 1 1 1 1 1 1 1 100 100 100 1 1 1 1 1 100 100 1 1 1 1 1 1 1 1 1 1 1 1 1 1 1 1 1 1 1 1 1 100 1 1 1 1 1 1 1 1 12 12 12 1 12 12 12 12 1 12 12 12 12 12 12 7 12 12 12 12 12 12 7 12 12 1 12 1 12 7 12 1 1 1 12 12 1 12 12 7 12 12 100 12 12 12 12 12 1 12 12 12 12 12 12 12 1 12 12 12 12 1 12 12 12 1 7 12 12 12 12 1 12 12 12 12 12 1 12 12 12 12 1 1 1 12 12 7 12 12 100 12 12 7 12 12 1 12 7 12 12 12 12 12 12 12 1 12 12 1 12 1 12 12 100 12 12 12 7 12 12 12 12 12 12 12 1 12 12 12 100 12 12 12 7 12 1 12 7 12 12 12 12 1 1 1 1 1 1 12 1 12 12 1 12 12 12 12 1 1 1 1 1 1 1 1 1 1 1 1 1 1 1 1 1 1 1 1 1 1 1 1 1 1 1 1 1 1 1 1 1 1 1 1 1 1 1 1 1 1 1 1 1 1 1 1 1 1 1 1 1 1 1 1 1 1 1 1 1 1 1 1 1 1 1 1 1 1 1 1 1 1 1 1 1 1 1 1 1 1 1 1 1 1 1 1 1 1 1 1 1 1 1 1 1 1 1 1 1 1 1 1 1 1 1 1 1 1 1 1 1 1 1 1 1 1 1 1 1 1 1 1 1 1
staticfield sun/nio/ch/SocketChannelImpl $assertionsDisabled Z 1
compile sun/nio/ch/SocketChannelImpl ensureReadOpen ()Z -1 4 inline 1 0 -1 sun/nio/ch/SocketChannelImpl ensureReadOpen ()Z
