                  治理ETF (510010)
      时间	    开盘	    最高	    最低	    收盘	         成交量	   MA.MA1   	   MA.MA2   	   MA.MA3   	   MA.MA4   	VOL-TDX.VVOL  	VOL-TDX.      	VOL-TDX.VOLUME	VOL-TDX.MAVOL1	VOL-TDX.MAVOL2	 MACD.DIF   	 MACD.DEA   	 MACD.MACD  	
 2010/09/02	   0.713	   0.739	   0.713	   0.719	        1497489	           	           	           	           	           	      0.000	  14974.890	           	           	      0.000	      0.000	      0.000	
 2010/09/03	   0.719	   0.720	   0.712	   0.718	         824287	           	           	           	           	           	      0.000	   8242.870	           	           	     -0.000	     -0.000	     -0.000	
 2010/09/06	   0.727	   0.735	   0.720	   0.734	        3620372	           	           	           	           	           	      0.000	  36203.719	           	           	      0.001	      0.000	      0.002	
 2010/09/07	   0.728	   0.737	   0.728	   0.735	        1534012	           	           	           	           	           	      0.000	  15340.120	           	           	      0.002	      0.001	      0.003	
 2010/09/08	   0.728	   0.735	   0.700	   0.734	        5326952	      0.728	           	           	           	           	      0.000	  53269.520	  25606.223	           	      0.003	      0.001	      0.004	
 2010/09/09	   0.734	   0.743	   0.716	   0.720	        2317856	      0.728	           	           	           	           	      0.000	  23178.561	  27246.957	           	      0.002	      0.001	      0.002	
 2010/09/10	   0.716	   0.727	   0.709	   0.724	        1387375	      0.729	           	           	           	           	      0.000	  13873.750	  28373.133	           	      0.002	      0.001	      0.001	
 2010/09/13	   0.728	   0.730	   0.712	   0.728	        3056965	      0.728	           	           	           	           	      0.000	  30569.650	  27246.320	           	      0.002	      0.002	      0.001	
 2010/09/14	   0.723	   0.736	   0.722	   0.726	        1439078	      0.726	           	           	           	           	      0.000	  14390.780	  27056.453	           	      0.002	      0.002	      0.001	
 2010/09/15	   0.726	   0.726	   0.710	   0.714	        1968767	      0.722	      0.725	           	           	           	      0.000	  19687.670	  20340.082	  22973.152	      0.001	      0.002	     -0.001	
 2010/09/16	   0.714	   0.714	   0.693	   0.700	        2487129	      0.718	      0.723	           	           	           	      0.000	  24871.289	  20678.629	  23962.793	     -0.001	      0.001	     -0.004	
 2010/09/17	   0.704	   0.704	   0.696	   0.697	        1058824	      0.713	      0.721	           	           	           	      0.000	  10588.240	  20021.525	  24197.330	     -0.003	      0.000	     -0.006	
 2010/09/20	   0.700	   0.700	   0.693	   0.695	         914779	      0.706	      0.717	           	           	           	      0.000	   9147.790	  15737.154	  21491.736	     -0.004	     -0.001	     -0.007	
 2010/09/21	   0.700	   0.700	   0.693	   0.695	         826478	      0.700	      0.713	           	           	           	      0.000	   8264.780	  14511.954	  20784.203	     -0.005	     -0.001	     -0.007	
 2010/09/27	   0.695	   0.708	   0.695	   0.707	        4750775	      0.699	      0.711	           	           	           	      0.000	  47507.750	  20075.971	  20208.025	     -0.005	     -0.002	     -0.006	
 2010/09/28	   0.707	   0.719	   0.638	   0.701	        9973497	      0.699	      0.709	           	           	           	      0.000	  99734.969	  35048.707	  27863.666	     -0.005	     -0.003	     -0.005	
 2010/09/29	   0.700	   0.705	   0.696	   0.700	        4816769	      0.700	      0.706	           	           	           	      0.000	  48167.691	  42564.598	  31293.061	     -0.006	     -0.003	     -0.005	
 2010/09/30	   0.695	   0.712	   0.695	   0.710	        2950272	      0.703	      0.705	           	           	           	      0.000	  29502.721	  46635.582	  31186.367	     -0.005	     -0.004	     -0.003	
 2010/10/08	   0.715	   0.743	   0.715	   0.738	        6294336	      0.711	      0.706	           	           	           	      0.000	  62943.359	  57571.297	  36041.625	     -0.002	     -0.003	      0.002	
 2010/10/11	   0.738	   0.771	   0.738	   0.766	        4553420	      0.723	      0.711	      0.718	           	           	      0.000	  45534.199	  57176.586	  38626.277	      0.002	     -0.002	      0.009	
 2010/10/12	   0.764	   0.777	   0.753	   0.774	        4707801	      0.738	      0.718	      0.721	           	           	      0.000	  47078.012	  46645.195	  40846.953	      0.006	     -0.001	      0.014	
 2010/10/13	   0.774	   0.791	   0.774	   0.791	        5124026	      0.756	      0.728	      0.724	           	           	      0.000	  51240.262	  47259.711	  44912.152	      0.011	      0.002	      0.018	
 2010/10/14	   0.795	   0.815	   0.790	   0.796	       11126358	      0.773	      0.738	      0.728	           	           	      0.000	 111263.578	  63611.883	  55123.730	      0.015	      0.004	      0.021	
 2010/10/15	   0.794	   0.828	   0.790	   0.827	        5136507	      0.791	      0.751	      0.732	           	           	      0.000	  51365.070	  61296.223	  59433.762	      0.020	      0.007	      0.025	
 2010/10/18	   0.830	   0.860	   0.821	   0.825	        9383694	      0.803	      0.763	      0.737	           	           	      0.000	  93836.938	  70956.773	  64066.680	      0.024	      0.011	      0.026	
 2010/10/19	   0.825	   0.842	   0.815	   0.840	        9036415	      0.816	      0.777	      0.743	           	           	      0.000	  90364.148	  79614.000	  63129.598	      0.028	      0.014	      0.027	
 2010/10/20	   0.820	   0.855	   0.820	   0.841	        4559374	      0.826	      0.791	      0.749	           	           	      0.000	  45593.738	  78484.695	  62872.203	      0.030	      0.017	      0.026	
 2010/10/21	   0.839	   0.847	   0.827	   0.831	        3654574	      0.833	      0.803	      0.754	           	           	      0.000	  36545.738	  63541.125	  63576.504	      0.031	      0.020	      0.023	
 2010/10/22	   0.822	   0.842	   0.822	   0.832	        2708005	      0.834	      0.812	      0.759	           	           	      0.000	  27080.051	  58684.121	  59990.172	      0.032	      0.022	      0.019	
 2010/10/25	   0.840	   0.856	   0.820	   0.856	        4471607	      0.840	      0.821	      0.766	           	           	      0.000	  44716.070	  48859.949	  59908.359	      0.034	      0.025	      0.018	
 2010/10/26	   0.850	   0.860	   0.846	   0.850	        4392614	      0.842	      0.829	      0.774	           	           	      0.000	  43926.141	  39572.348	  59593.172	      0.035	      0.027	      0.016	
 2010/10/27	   0.847	   0.859	   0.837	   0.840	        4848490	      0.842	      0.834	      0.781	           	           	      0.000	  48484.898	  40150.578	  59317.637	      0.034	      0.028	      0.012	
 2010/10/28	   0.840	   0.840	   0.826	   0.835	        5789156	      0.843	      0.838	      0.788	           	           	      0.000	  57891.559	  44419.742	  53980.434	      0.033	      0.029	      0.007	
 2010/10/29	   0.826	   0.830	   0.820	   0.825	        2180780	      0.841	      0.837	      0.794	           	           	      0.000	  21807.801	  43365.293	  51024.707	      0.030	      0.029	      0.002	
 2010/11/01	   0.825	   0.845	   0.825	   0.844	        3797157	      0.839	      0.839	      0.801	           	           	      0.000	  37971.570	  42016.395	  45438.172	      0.030	      0.029	      0.001	
 2010/11/02	   0.845	   0.853	   0.835	   0.844	        2278405	      0.838	      0.840	      0.808	           	           	      0.000	  22784.051	  37787.977	  38680.160	      0.029	      0.029	     -0.001	
 2010/11/03	   0.839	   0.849	   0.834	   0.837	        1813857	      0.837	      0.839	      0.815	           	           	      0.000	  18138.570	  31718.711	  35934.645	      0.028	      0.029	     -0.003	
 2010/11/04	   0.835	   0.852	   0.835	   0.843	        1498711	      0.839	      0.841	      0.822	           	           	      0.000	  14987.110	  23137.820	  33778.781	      0.027	      0.029	     -0.004	
 2010/11/05	   0.850	   0.862	   0.850	   0.857	        2756744	      0.845	      0.843	      0.828	           	           	      0.000	  27567.439	  24289.748	  33827.520	      0.027	      0.028	     -0.003	
 2010/11/08	   0.857	   0.869	   0.853	   0.865	        4960517	      0.849	      0.844	      0.833	           	           	      0.000	  49605.172	  26616.469	  34316.430	      0.027	      0.028	     -0.002	
 2010/11/09	   0.857	   0.864	   0.848	   0.854	        1636611	      0.851	      0.844	      0.837	           	           	      0.000	  16366.110	  25332.881	  31560.428	      0.026	      0.028	     -0.003	
 2010/11/10	   0.851	   0.851	   0.836	   0.840	         947223	      0.852	      0.844	      0.839	           	           	      0.000	   9472.230	  23599.613	  27659.162	      0.024	      0.027	     -0.006	
 2010/11/11	   0.836	   0.859	   0.836	   0.850	        2678553	      0.853	      0.846	      0.842	           	           	      0.000	  26785.529	  25959.297	  24548.559	      0.023	      0.026	     -0.006	
 2010/11/12	   0.840	   0.845	   0.800	   0.801	        2554906	      0.842	      0.844	      0.840	           	           	      0.000	  25549.061	  25555.621	  24922.684	      0.018	      0.024	     -0.013	
 2010/11/15	   0.810	   0.810	   0.780	   0.793	        1677085	      0.828	      0.838	      0.839	           	           	      0.000	  16770.850	  18988.756	  22802.613	      0.013	      0.022	     -0.018	
 2010/11/16	   0.793	   0.795	   0.766	   0.772	        1868274	      0.811	      0.831	      0.836	           	           	      0.000	  18682.740	  19452.082	  22392.480	      0.007	      0.019	     -0.024	
 2010/11/17	   0.770	   0.772	   0.750	   0.760	        6306645	      0.795	      0.823	      0.831	           	           	      0.000	  63066.449	  30170.926	  26885.270	      0.002	      0.016	     -0.028	
 2010/11/18	   0.747	   0.775	   0.747	   0.768	        1791738	      0.779	      0.816	      0.828	           	           	      0.000	  17917.381	  28397.297	  27178.297	     -0.002	      0.012	     -0.028	
 2010/11/19	   0.768	   0.769	   0.746	   0.768	        2199500	      0.772	      0.807	      0.825	           	           	      0.000	  21995.000	  27686.484	  26621.053	     -0.004	      0.009	     -0.027	
 2010/11/22	   0.768	   0.770	   0.748	   0.764	        6654011	      0.766	      0.797	      0.821	           	           	      0.000	  66540.109	  37640.336	  28314.547	     -0.007	      0.006	     -0.025	
 2010/11/23	   0.760	   0.760	   0.737	   0.749	        2121564	      0.762	      0.786	      0.815	           	           	      0.000	  21215.641	  38146.914	  28799.500	     -0.010	      0.003	     -0.025	
 2010/11/24	   0.746	   0.760	   0.746	   0.758	        1944540	      0.761	      0.778	      0.811	           	           	      0.000	  19445.400	  29422.707	  29796.816	     -0.012	     -0.000	     -0.023	
 2010/11/25	   0.759	   0.774	   0.756	   0.766	        3192305	      0.761	      0.770	      0.808	           	           	      0.000	  31923.051	  32223.840	  30310.568	     -0.012	     -0.003	     -0.019	
 2010/11/26	   0.770	   0.770	   0.752	   0.760	        5047196	      0.759	      0.766	      0.805	           	           	      0.000	  50471.961	  37919.234	  32802.859	     -0.013	     -0.005	     -0.016	
 2010/11/29	   0.758	   0.766	   0.752	   0.756	        1437071	      0.758	      0.762	      0.800	           	           	      0.000	  14370.710	  27485.352	  32562.844	     -0.013	     -0.006	     -0.014	
 2010/11/30	   0.756	   0.764	   0.728	   0.745	        5574144	      0.757	      0.759	      0.795	           	           	      0.000	  55741.441	  34390.512	  36268.715	     -0.015	     -0.008	     -0.013	
 2010/12/01	   0.740	   0.751	   0.740	   0.747	        3200514	      0.755	      0.758	      0.791	           	           	      0.000	  32005.141	  36902.461	  33162.582	     -0.015	     -0.010	     -0.012	
 2010/12/02	   0.755	   0.762	   0.755	   0.755	        1287313	      0.753	      0.757	      0.786	           	           	      0.000	  12873.130	  33092.477	  32658.158	     -0.015	     -0.011	     -0.009	
 2010/12/03	   0.755	   0.758	   0.750	   0.756	         128913	      0.752	      0.756	      0.781	           	           	      0.000	   1289.130	  23255.910	  30587.572	     -0.015	     -0.011	     -0.006	
 2010/12/06	   0.751	   0.764	   0.751	   0.762	         731697	      0.753	      0.755	      0.776	      0.776	           	      0.000	   7316.970	  21845.162	  24665.258	     -0.014	     -0.012	     -0.004	
 2010/12/07	   0.757	   0.770	   0.750	   0.770	         508064	      0.758	      0.757	      0.772	      0.776	           	      0.000	   5080.640	  11713.002	  23051.758	     -0.012	     -0.012	     -0.000	
 2010/12/08	   0.766	   0.768	   0.756	   0.756	         426098	      0.760	      0.757	      0.768	      0.777	           	      0.000	   4260.980	   6164.170	  21533.314	     -0.012	     -0.012	      0.000	
 2010/12/09	   0.755	   0.763	   0.750	   0.750	         464700	      0.759	      0.756	      0.763	      0.777	           	      0.000	   4647.000	   4518.944	  18805.711	     -0.012	     -0.012	     -0.000	
 2010/12/10	   0.750	   0.760	   0.745	   0.755	        4907214	      0.759	      0.755	      0.761	      0.778	           	      0.000	  49072.141	  14075.546	  18665.729	     -0.012	     -0.012	      0.001	
 2010/12/13	   0.755	   0.779	   0.755	   0.779	        3769844	      0.762	      0.757	      0.760	      0.778	           	      0.000	  37698.441	  20151.840	  20998.502	     -0.009	     -0.011	      0.004	
 2010/12/14	   0.780	   0.783	   0.773	   0.781	        3003637	      0.764	      0.761	      0.760	      0.779	           	      0.000	  30036.369	  25142.986	  18427.994	     -0.007	     -0.010	      0.007	
 2010/12/15	   0.783	   0.783	   0.775	   0.777	        2787986	      0.768	      0.764	      0.761	      0.780	           	      0.000	  27879.859	  29866.762	  18015.467	     -0.006	     -0.009	      0.008	
 2010/12/16	   0.776	   0.778	   0.768	   0.769	        2441900	      0.772	      0.766	      0.761	      0.781	           	      0.000	  24419.000	  33821.164	  19170.053	     -0.005	     -0.009	      0.007	
 2010/12/17	   0.766	   0.770	   0.764	   0.766	        4757648	      0.774	      0.766	      0.761	      0.782	           	      0.000	  47576.480	  33522.031	  23798.789	     -0.005	     -0.008	      0.006	
 2010/12/20	   0.766	   0.770	   0.741	   0.754	        1758421	      0.769	      0.766	      0.761	      0.782	           	      0.000	  17584.211	  29499.184	  24825.512	     -0.006	     -0.007	      0.004	
 2010/12/21	   0.752	   0.774	   0.752	   0.773	        3875808	      0.768	      0.766	      0.762	      0.784	           	      0.000	  38758.078	  31243.525	  28193.256	     -0.004	     -0.007	      0.005	
 2010/12/22	   0.773	   0.776	   0.765	   0.765	        1681709	      0.765	      0.767	      0.762	      0.785	           	      0.000	  16817.090	  29030.973	  29448.867	     -0.004	     -0.006	      0.004	
 2010/12/23	   0.760	   0.772	   0.760	   0.762	        3035709	      0.764	      0.768	      0.762	      0.786	           	      0.000	  30357.090	  30218.590	  32019.875	     -0.004	     -0.006	      0.003	
 2010/12/24	   0.760	   0.764	   0.754	   0.761	        1368246	      0.763	      0.769	      0.762	      0.787	           	      0.000	  13682.460	  23439.785	  28480.908	     -0.004	     -0.006	      0.002	
 2010/12/27	   0.758	   0.772	   0.745	   0.747	        3047192	      0.762	      0.766	      0.762	      0.788	           	      0.000	  30471.920	  26017.328	  27758.256	     -0.005	     -0.006	      0.000	
 2010/12/28	   0.747	   0.747	   0.731	   0.733	        8551451	      0.754	      0.761	      0.761	      0.788	           	      0.000	  85514.508	  35368.613	  33306.070	     -0.007	     -0.006	     -0.003	
 2010/12/29	   0.732	   0.737	   0.731	   0.736	         678300	      0.748	      0.757	      0.760	      0.789	           	      0.000	   6783.000	  33361.797	  31196.383	     -0.009	     -0.006	     -0.004	
 2010/12/30	   0.736	   0.738	   0.729	   0.735	         149901	      0.742	      0.753	      0.759	      0.789	           	      0.000	   1499.010	  27590.180	  28904.385	     -0.009	     -0.007	     -0.005	
 2010/12/31	   0.730	   0.748	   0.730	   0.748	        5200800	      0.740	      0.751	      0.759	      0.789	           	      0.000	  52008.000	  35255.289	  29347.537	     -0.009	     -0.007	     -0.003	
 2011/01/04	   0.748	   0.764	   0.745	   0.761	         941877	      0.743	      0.752	      0.759	      0.789	           	      0.000	   9418.770	  31044.658	  28530.992	     -0.008	     -0.007	     -0.000	
 2011/01/05	   0.758	   0.763	   0.757	   0.758	        2177469	      0.748	      0.751	      0.758	      0.789	           	      0.000	  21774.689	  18296.693	  26832.654	     -0.007	     -0.007	      0.001	
 2011/01/06	   0.761	   0.763	   0.755	   0.755	        2187731	      0.751	      0.750	      0.758	      0.788	           	      0.000	  21877.311	  21315.557	  27338.676	     -0.006	     -0.007	      0.002	
 2011/01/07	   0.752	   0.774	   0.752	   0.759	        8501295	      0.756	      0.749	      0.759	      0.788	           	      0.000	  85012.953	  38018.344	  32804.262	     -0.005	     -0.007	      0.003	
 2011/01/10	   0.767	   0.767	   0.748	   0.753	         972400	      0.757	      0.748	      0.759	      0.787	           	      0.000	   9724.000	  29561.545	  32408.416	     -0.005	     -0.006	      0.003	
 2011/01/11	   0.748	   0.759	   0.748	   0.754	         641372	      0.756	      0.749	      0.757	      0.785	           	      0.000	   6413.720	  28960.535	  30002.596	     -0.004	     -0.006	      0.003	
 2011/01/12	   0.755	   0.764	   0.755	   0.763	         902963	      0.757	      0.752	      0.756	      0.784	           	      0.000	   9029.630	  26411.523	  22354.107	     -0.003	     -0.005	      0.004	
 2011/01/13	   0.763	   0.766	   0.761	   0.762	         824859	      0.758	      0.755	      0.756	      0.783	           	      0.000	   8248.590	  23685.779	  22500.668	     -0.003	     -0.005	      0.004	
 2011/01/14	   0.752	   0.766	   0.751	   0.752	         191492	      0.757	      0.757	      0.755	      0.781	           	      0.000	   1914.920	   7066.172	  22542.258	     -0.003	     -0.004	      0.003	
 2011/01/17	   0.750	   0.750	   0.720	   0.721	        3766463	      0.750	      0.754	      0.753	      0.780	           	      0.000	  37664.629	  12654.298	  21107.922	     -0.005	     -0.005	     -0.001	
 2011/01/18	   0.720	   0.734	   0.720	   0.725	         204891	      0.745	      0.750	      0.751	      0.777	           	      0.000	   2048.910	  11781.336	  20370.936	     -0.007	     -0.005	     -0.004	
 2011/01/19	   0.728	   0.739	   0.724	   0.737	        2864451	      0.739	      0.748	      0.749	      0.776	           	      0.000	  28644.510	  15704.312	  21057.918	     -0.007	     -0.006	     -0.003	
 2011/01/20	   0.738	   0.738	   0.714	   0.719	        4175389	      0.731	      0.744	      0.747	      0.774	           	      0.000	  41753.891	  22405.371	  23045.576	     -0.009	     -0.006	     -0.005	
 2011/01/21	   0.712	   0.740	   0.712	   0.729	        3004337	      0.726	      0.742	      0.745	      0.772	           	      0.000	  30043.369	  28031.063	  17548.617	     -0.009	     -0.007	     -0.005	
 2011/01/24	   0.730	   0.735	   0.720	   0.721	        1274032	      0.726	      0.738	      0.743	      0.770	           	      0.000	  12740.320	  23046.199	  17850.248	     -0.010	     -0.007	     -0.005	
 2011/01/25	   0.727	   0.727	   0.718	   0.722	         235831	      0.726	      0.735	      0.742	      0.768	           	      0.000	   2358.310	  23108.080	  17444.707	     -0.010	     -0.008	     -0.005	
 2011/01/26	   0.726	   0.729	   0.722	   0.728	          79165	      0.724	      0.732	      0.742	      0.766	           	      0.000	    791.650	  17537.508	  16620.910	     -0.010	     -0.008	     -0.003	
 2011/01/27	   0.726	   0.740	   0.722	   0.740	         619393	      0.728	      0.729	      0.742	      0.764	           	      0.000	   6193.930	  10425.516	  16415.443	     -0.009	     -0.008	     -0.001	
 2011/01/28	   0.735	   0.741	   0.732	   0.737	         999364	      0.730	      0.728	      0.742	      0.763	           	      0.000	   9993.640	   6415.570	  17223.316	     -0.008	     -0.008	      0.001	
 2011/01/31	   0.735	   0.746	   0.731	   0.746	         778918	      0.735	      0.730	      0.742	      0.761	           	      0.000	   7789.180	   5425.342	  14235.771	     -0.006	     -0.008	      0.003	
 2011/02/01	   0.746	   0.749	   0.737	   0.749	        1171426	      0.740	      0.733	      0.742	      0.759	           	      0.000	  11714.260	   7296.532	  15202.306	     -0.005	     -0.007	      0.005	
 2011/02/09	   0.746	   0.748	   0.736	   0.745	        1637863	      0.743	      0.734	      0.741	      0.757	           	      0.000	  16378.630	  10413.928	  13975.718	     -0.004	     -0.007	      0.005	
 2011/02/10	   0.738	   0.752	   0.735	   0.752	         538500	      0.746	      0.737	      0.741	      0.756	           	      0.000	   5385.000	  10252.142	  10338.829	     -0.003	     -0.006	      0.006	
 2011/02/11	   0.743	   0.756	   0.743	   0.755	         330600	      0.749	      0.739	      0.740	      0.754	           	      0.000	   3306.000	   8914.614	   7665.092	     -0.001	     -0.005	      0.007	
 2011/02/14	   0.753	   0.780	   0.753	   0.776	        1348081	      0.755	      0.745	      0.742	      0.754	           	      0.000	  13480.810	  10052.939	   7739.141	      0.001	     -0.004	      0.010	
 2011/02/15	   0.780	   0.788	   0.773	   0.778	        1762276	      0.761	      0.751	      0.743	      0.753	           	      0.000	  17622.760	  11234.640	   9265.586	      0.004	     -0.002	      0.012	
 2011/02/16	   0.766	   0.781	   0.766	   0.781	         751831	      0.768	      0.756	      0.744	      0.753	           	      0.000	   7518.310	   9462.576	   9938.252	      0.006	     -0.001	      0.012	
 2011/02/17	   0.780	   0.786	   0.772	   0.782	         866339	      0.774	      0.760	      0.745	      0.754	           	      0.000	   8663.390	  10118.254	  10185.198	      0.007	      0.001	      0.012	
 2011/02/18	   0.772	   0.782	   0.772	   0.776	         481659	      0.779	      0.764	      0.746	      0.754	           	      0.000	   4816.590	  10420.372	   9667.493	      0.008	      0.002	      0.011	
 2011/02/21	   0.776	   0.783	   0.758	   0.781	        9536356	      0.780	      0.767	      0.749	      0.754	           	      0.000	  95363.563	  26796.922	  18424.932	      0.009	      0.003	      0.010	
 2011/02/22	   0.781	   0.782	   0.763	   0.764	        8141589	      0.777	      0.769	      0.751	      0.754	           	      0.000	  81415.891	  39555.547	  25395.094	      0.008	      0.004	      0.007	
 2011/02/23	   0.762	   0.764	   0.757	   0.762	         484354	      0.773	      0.771	      0.752	      0.754	           	      0.000	   4843.540	  39020.594	  24241.586	      0.007	      0.005	      0.004	
 2011/02/24	   0.762	   0.765	   0.760	   0.765	        2530922	      0.770	      0.772	      0.754	      0.755	           	      0.000	  25309.221	  42349.762	  26234.008	      0.006	      0.005	      0.002	
 2011/02/25	   0.762	   0.772	   0.760	   0.770	        8179351	      0.768	      0.774	      0.757	      0.755	           	      0.000	  81793.508	  57745.145	  34082.758	      0.006	      0.005	      0.002	
 2011/02/28	   0.770	   0.776	   0.759	   0.772	         312623	      0.767	      0.773	      0.759	      0.755	           	      0.000	   3126.230	  39297.680	  33047.301	      0.006	      0.006	      0.001	
 2011/03/01	   0.777	   0.787	   0.770	   0.781	         974849	      0.770	      0.773	      0.762	      0.755	           	      0.000	   9748.490	  24964.197	  32259.873	      0.007	      0.006	      0.002	
 2011/03/02	   0.779	   0.784	   0.772	   0.779	        1425277	      0.773	      0.773	      0.765	      0.756	           	      0.000	  14252.770	  26846.043	  32933.320	      0.007	      0.006	      0.002	
 2011/03/03	   0.784	   0.791	   0.778	   0.784	        2900477	      0.777	      0.773	      0.767	      0.756	           	      0.000	  29004.770	  27585.154	  34967.457	      0.008	      0.006	      0.003	
 2011/03/04	   0.778	   0.794	   0.778	   0.792	        1407107	      0.782	      0.775	      0.770	      0.757	           	      0.000	  14071.070	  14040.666	  35892.906	      0.009	      0.007	      0.004	
 2011/03/07	   0.794	   0.811	   0.794	   0.811	       19231260	      0.789	      0.778	      0.773	      0.758	           	      0.000	 192312.594	  51877.938	  45587.809	      0.011	      0.008	      0.006	
 2011/03/08	   0.811	   0.815	   0.809	   0.811	        1278785	      0.795	      0.783	      0.776	      0.759	           	      0.000	  12787.850	  52485.813	  38725.004	      0.013	      0.009	      0.008	
 2011/03/09	   0.816	   0.816	   0.808	   0.814	         554463	      0.802	      0.788	      0.779	      0.759	           	      0.000	   5544.630	  50744.184	  38795.113	      0.014	      0.010	      0.008	
 2011/03/10	   0.810	   0.810	   0.794	   0.798	         464245	      0.805	      0.791	      0.782	      0.760	           	      0.000	   4642.450	  45871.719	  36728.438	      0.013	      0.010	      0.006	
 2011/03/11	   0.794	   0.795	   0.787	   0.789	         662495	      0.805	      0.793	      0.783	      0.761	           	      0.000	   6624.950	  44382.496	  29211.580	      0.012	      0.011	      0.003	
 2011/03/14	   0.789	   0.790	   0.781	   0.787	         206709	      0.800	      0.795	      0.784	      0.761	           	      0.000	   2067.090	   6333.394	  29105.666	      0.011	      0.011	      0.000	
 2011/03/15	   0.788	   0.788	   0.764	   0.771	        2002000	      0.792	      0.794	      0.784	      0.761	           	      0.000	  20020.000	   7779.824	  30132.816	      0.009	      0.010	     -0.003	
 2011/03/16	   0.770	   0.788	   0.770	   0.787	        2372772	      0.786	      0.794	      0.784	      0.761	           	      0.000	  23727.721	  11416.442	  31080.313	      0.008	      0.010	     -0.004	
 2011/03/17	   0.780	   0.787	   0.769	   0.774	         370800	      0.782	      0.793	      0.783	      0.761	           	      0.000	   3708.000	  11229.552	  28550.635	      0.006	      0.009	     -0.006	
 2011/03/18	   0.780	   0.784	   0.776	   0.778	         251759	      0.779	      0.792	      0.784	      0.761	           	      0.000	   2517.590	  10408.080	  27395.287	      0.005	      0.008	     -0.006	
 2011/03/21	   0.785	   0.785	   0.777	   0.777	         257960	      0.777	      0.789	      0.783	      0.762	           	      0.000	   2579.600	  10510.582	   8421.988	      0.004	      0.008	     -0.007	
 2011/03/22	   0.770	   0.785	   0.770	   0.783	        9530021	      0.780	      0.786	      0.784	      0.762	           	      0.000	  95300.211	  25566.625	  16673.225	      0.004	      0.007	     -0.006	
 2011/03/23	   0.784	   0.793	   0.778	   0.793	         750491	      0.781	      0.784	      0.786	      0.762	           	      0.000	   7504.910	  22322.063	  16869.252	      0.005	      0.006	     -0.004	
 2011/03/24	   0.788	   0.795	   0.788	   0.788	        1220736	      0.784	      0.783	      0.787	      0.763	           	      0.000	  12207.360	  24021.934	  17625.744	      0.004	      0.006	     -0.003	
 2011/03/25	   0.785	   0.803	   0.785	   0.802	        1183752	      0.789	      0.784	      0.789	      0.763	           	      0.000	  11837.520	  25885.920	  18147.000	      0.005	      0.006	     -0.001	
 2011/03/28	   0.802	   0.819	   0.800	   0.800	        1627258	      0.793	      0.785	      0.790	      0.764	           	      0.000	  16272.580	  28624.516	  19567.549	      0.006	      0.006	      0.000	
 2011/03/29	   0.796	   0.819	   0.796	   0.801	        8187520	      0.797	      0.788	      0.791	      0.765	           	      0.000	  81875.203	  25939.516	  25753.070	      0.007	      0.006	      0.001	
 2011/03/30	   0.799	   0.804	   0.794	   0.801	        2654470	      0.798	      0.790	      0.792	      0.766	           	      0.000	  26544.699	  29747.473	  26034.768	      0.007	      0.006	      0.001	
 2011/03/31	   0.796	   0.800	   0.789	   0.793	         494291	      0.799	      0.792	      0.793	      0.767	           	      0.000	   4942.910	  28294.582	  26158.258	      0.006	      0.006	      0.000	
 2011/04/01	   0.788	   0.814	   0.787	   0.808	       11652476	      0.801	      0.795	      0.793	      0.768	           	      0.000	 116524.758	  49232.031	  37558.977	      0.007	      0.006	      0.001	
 2011/04/06	   0.808	   0.820	   0.807	   0.819	        4331281	      0.804	      0.799	      0.794	      0.770	           	      0.000	  43312.809	  54640.074	  41632.297	      0.008	      0.007	      0.003	
 2011/04/07	   0.814	   0.822	   0.814	   0.820	        3285274	      0.808	      0.803	      0.794	      0.771	           	      0.000	  32852.738	  44835.582	  35387.547	      0.010	      0.007	      0.004	
 2011/04/08	   0.816	   0.826	   0.816	   0.823	         597341	      0.813	      0.806	      0.795	      0.772	           	      0.000	   5973.410	  40721.324	  35234.398	      0.010	      0.008	      0.005	
 2011/04/11	   0.826	   0.833	   0.823	   0.823	        1789507	      0.819	      0.809	      0.796	      0.773	           	      0.000	  17895.070	  43311.758	  35803.168	      0.011	      0.009	      0.005	
 2011/04/12	   0.823	   0.825	   0.816	   0.823	         859191	      0.822	      0.811	      0.798	      0.774	           	      0.000	   8591.910	  21725.188	  35478.609	      0.011	      0.009	      0.005	
 2011/04/13	   0.823	   0.831	   0.813	   0.830	        1616308	      0.824	      0.814	      0.800	      0.775	           	      0.000	  16163.080	  16295.242	  35467.660	      0.012	      0.010	      0.005	
 2011/04/14	   0.817	   0.833	   0.817	   0.828	        2124048	      0.825	      0.817	      0.803	      0.776	           	      0.000	  21240.480	  13972.790	  29404.188	      0.012	      0.010	      0.004	
 2011/04/15	   0.828	   0.834	   0.822	   0.828	        1589930	      0.826	      0.820	      0.805	      0.777	           	      0.000	  15899.300	  15957.968	  28339.646	      0.013	      0.011	      0.004	
 2011/04/18	   0.828	   0.833	   0.825	   0.831	        1150783	      0.828	      0.823	      0.807	      0.779	           	      0.000	  11507.830	  14680.521	  28996.139	      0.013	      0.011	      0.003	
 2011/04/19	   0.826	   0.830	   0.814	   0.820	        1516300	      0.827	      0.825	      0.810	      0.780	           	      0.000	  15163.000	  15994.738	  18859.963	      0.012	      0.011	      0.001	
 2011/04/20	   0.826	   0.826	   0.808	   0.812	        4525979	      0.824	      0.824	      0.811	      0.781	           	      0.000	  45259.789	  21814.080	  19054.660	      0.010	      0.011	     -0.002	
 2011/04/21	   0.807	   0.820	   0.807	   0.818	        1284233	      0.822	      0.824	      0.813	      0.783	           	      0.000	  12842.330	  20134.449	  17053.619	      0.009	      0.011	     -0.003	
 2011/04/22	   0.812	   0.817	   0.810	   0.813	         522390	      0.819	      0.823	      0.814	      0.784	           	      0.000	   5223.900	  17999.369	  16978.670	      0.008	      0.010	     -0.004	
 2011/04/25	   0.807	   0.808	   0.800	   0.804	        1406103	      0.813	      0.821	      0.815	      0.785	           	      0.000	  14061.030	  18510.010	  16595.266	      0.007	      0.010	     -0.006	
 2011/04/26	   0.804	   0.805	   0.795	   0.801	         290595	      0.810	      0.818	      0.815	      0.787	           	      0.000	   2905.950	  16058.600	  16026.669	      0.005	      0.009	     -0.007	
 2011/04/27	   0.802	   0.802	   0.791	   0.793	         372031	      0.806	      0.815	      0.814	      0.788	           	      0.000	   3720.310	   7750.704	  14782.392	      0.003	      0.008	     -0.009	
 2011/04/28	   0.793	   0.807	   0.790	   0.793	        1304800	      0.801	      0.811	      0.814	      0.789	           	      0.000	  13048.000	   7791.838	  13963.144	      0.001	      0.006	     -0.010	
 2011/04/29	   0.793	   0.793	   0.782	   0.793	         492419	      0.797	      0.808	      0.814	      0.790	           	      0.000	   4924.190	   7731.896	  12865.633	      0.000	      0.005	     -0.010	
 2011/05/03	   0.793	   0.795	   0.786	   0.794	        3502907	      0.795	      0.804	      0.814	      0.791	           	      0.000	  35029.070	  11925.504	  15217.757	     -0.001	      0.004	     -0.009	
 2011/05/04	   0.793	   0.793	   0.776	   0.778	         377900	      0.790	      0.800	      0.812	      0.792	           	      0.000	   3779.000	  12100.114	  14079.357	     -0.003	      0.003	     -0.011	
 2011/05/05	   0.780	   0.780	   0.770	   0.773	        1439541	      0.786	      0.796	      0.810	      0.792	           	      0.000	  14395.410	  14235.134	  10992.919	     -0.005	      0.001	     -0.012	
 2011/05/06	   0.768	   0.775	   0.765	   0.769	        1527858	      0.781	      0.791	      0.807	      0.792	           	      0.000	  15278.580	  14681.250	  11236.544	     -0.006	     -0.000	     -0.012	
 2011/05/09	   0.768	   0.778	   0.768	   0.772	         730679	      0.777	      0.787	      0.805	      0.793	           	      0.000	   7306.790	  15157.771	  11444.833	     -0.007	     -0.002	     -0.011	
 2011/05/10	   0.771	   0.782	   0.770	   0.782	        1176031	      0.775	      0.785	      0.803	      0.793	           	      0.000	  11760.310	  10504.018	  11214.761	     -0.007	     -0.003	     -0.009	
 2011/05/11	   0.774	   0.782	   0.774	   0.776	          88799	      0.774	      0.782	      0.800	      0.794	           	      0.000	    887.990	   9925.816	  11012.965	     -0.008	     -0.004	     -0.008	
 2011/05/12	   0.766	   0.775	   0.766	   0.774	        1168566	      0.775	      0.780	      0.798	      0.794	           	      0.000	  11685.660	   9383.866	  11809.500	     -0.008	     -0.005	     -0.007	
 2011/05/13	   0.766	   0.782	   0.761	   0.768	         528263	      0.774	      0.778	      0.795	      0.794	           	      0.000	   5282.630	   7384.676	  11032.963	     -0.009	     -0.006	     -0.007	
 2011/05/16	   0.769	   0.770	   0.762	   0.768	         374305	      0.774	      0.775	      0.792	      0.793	           	      0.000	   3743.050	   6671.928	  10914.849	     -0.009	     -0.006	     -0.006	
 2011/05/17	   0.769	   0.772	   0.758	   0.771	        3581700	      0.771	      0.773	      0.789	      0.793	           	      0.000	  35817.000	  11483.266	  10993.642	     -0.009	     -0.007	     -0.005	
 2011/05/18	   0.769	   0.774	   0.767	   0.773	        2308898	      0.771	      0.773	      0.786	      0.793	           	      0.000	  23088.980	  15923.464	  12924.640	     -0.009	     -0.007	     -0.003	
 2011/05/19	   0.770	   0.775	   0.767	   0.767	         179749	      0.769	      0.772	      0.784	      0.793	           	      0.000	   1797.490	  13945.830	  11664.848	     -0.009	     -0.008	     -0.003	
 2011/05/20	   0.767	   0.773	   0.766	   0.770	         278329	      0.770	      0.772	      0.782	      0.793	           	      0.000	   2783.290	  13445.962	  10415.319	     -0.009	     -0.008	     -0.002	
 2011/05/23	   0.762	   0.770	   0.748	   0.755	        1277590	      0.767	      0.770	      0.779	      0.793	           	      0.000	  12775.900	  15252.532	  10962.230	     -0.010	     -0.008	     -0.003	
 2011/05/24	   0.746	   0.754	   0.744	   0.754	        4271476	      0.764	      0.768	      0.776	      0.793	           	      0.000	  42714.762	  16632.084	  14057.675	     -0.011	     -0.009	     -0.004	
 2011/05/25	   0.747	   0.750	   0.743	   0.748	         204535	      0.759	      0.765	      0.774	      0.792	           	      0.000	   2045.350	  12423.358	  14173.411	     -0.011	     -0.009	     -0.004	
 2011/05/26	   0.758	   0.758	   0.738	   0.740	        7279200	      0.753	      0.761	      0.771	      0.792	           	      0.000	  72792.000	  26622.260	  20284.045	     -0.013	     -0.010	     -0.005	
 2011/05/27	   0.737	   0.739	   0.733	   0.736	        2243051	      0.747	      0.758	      0.768	      0.791	           	      0.000	  22430.510	  30551.705	  21998.834	     -0.014	     -0.011	     -0.006	
 2011/05/30	   0.732	   0.738	   0.732	   0.735	         498376	      0.743	      0.755	      0.765	      0.790	           	      0.000	   4983.760	  28993.275	  22122.904	     -0.015	     -0.011	     -0.006	
 2011/05/31	   0.742	   0.744	   0.731	   0.744	        1307631	      0.741	      0.752	      0.763	      0.790	           	      0.000	  13076.310	  23065.586	  19848.836	     -0.014	     -0.012	     -0.005	
 2011/06/01	   0.740	   0.743	   0.740	   0.743	          27800	      0.740	      0.749	      0.761	      0.789	           	      0.000	    278.000	  22712.115	  17567.736	     -0.014	     -0.012	     -0.003	
 2011/06/02	   0.740	   0.740	   0.721	   0.730	        1413263	      0.738	      0.746	      0.759	      0.787	           	      0.000	  14132.630	  10980.242	  18801.252	     -0.015	     -0.013	     -0.004	
 2011/06/03	   0.727	   0.738	   0.727	   0.734	        1328425	      0.737	      0.742	      0.757	      0.786	           	      0.000	  13284.250	   9150.990	  19851.348	     -0.015	     -0.013	     -0.003	
 2011/06/07	   0.731	   0.742	   0.731	   0.737	          96025	      0.738	      0.740	      0.755	      0.785	           	      0.000	    960.250	   8346.288	  18669.781	     -0.014	     -0.013	     -0.002	
 2011/06/08	   0.736	   0.738	   0.729	   0.738	         168400	      0.736	      0.738	      0.753	      0.784	           	      0.000	   1684.000	   6067.826	  14566.706	     -0.014	     -0.014	     -0.001	
 2011/06/09	   0.738	   0.738	   0.730	   0.730	         386713	      0.734	      0.737	      0.751	      0.783	           	      0.000	   3867.130	   6785.652	  14748.884	     -0.014	     -0.014	     -0.000	
 2011/06/10	   0.725	   0.736	   0.723	   0.730	        1286518	      0.734	      0.736	      0.749	      0.782	           	      0.000	  12865.180	   6532.162	   8756.202	     -0.014	     -0.014	     -0.000	
 2011/06/13	   0.722	   0.731	   0.720	   0.731	        5526531	      0.733	      0.735	      0.747	      0.781	           	      0.000	  55265.309	  14928.374	  12039.682	     -0.013	     -0.014	      0.000	
 2011/06/14	   0.728	   0.738	   0.727	   0.736	         654439	      0.733	      0.735	      0.745	      0.780	           	      0.000	   6544.390	  16045.201	  12195.745	     -0.013	     -0.013	      0.002	
 2011/06/15	   0.739	   0.739	   0.733	   0.734	         561559	      0.732	      0.734	      0.743	      0.780	           	      0.000	   5615.590	  16831.520	  11449.673	     -0.012	     -0.013	      0.002	
 2011/06/16	   0.730	   0.730	   0.723	   0.727	         447800	      0.732	      0.733	      0.741	      0.779	           	      0.000	   4478.000	  16953.693	  11869.673	     -0.012	     -0.013	      0.002	
 2011/06/17	   0.722	   0.728	   0.717	   0.721	       23333028	      0.730	      0.732	      0.739	      0.778	           	      0.000	 233330.281	  61046.715	  33789.438	     -0.012	     -0.013	      0.001	
 2011/06/20	   0.715	   0.718	   0.711	   0.714	         849003	      0.726	      0.730	      0.736	      0.777	           	      0.000	   8490.030	  51691.660	  33310.016	     -0.013	     -0.013	     -0.000	
 2011/06/21	   0.714	   0.719	   0.713	   0.719	        2155767	      0.723	      0.728	      0.734	      0.776	           	      0.000	  21557.670	  54694.313	  35369.758	     -0.013	     -0.013	     -0.000	
 2011/06/22	   0.719	   0.720	   0.710	   0.720	        2345318	      0.720	      0.726	      0.732	      0.774	           	      0.000	  23453.180	  58261.832	  37546.676	     -0.013	     -0.013	      0.000	
 2011/06/23	   0.718	   0.731	   0.714	   0.730	         903866	      0.721	      0.726	      0.731	      0.773	           	      0.000	   9038.660	  59173.965	  38063.828	     -0.011	     -0.012	      0.002	
 2011/06/24	   0.731	   0.752	   0.730	   0.750	        4743916	      0.727	      0.728	      0.732	      0.772	           	      0.000	  47439.160	  21995.740	  41521.227	     -0.009	     -0.012	      0.006	
 2011/06/27	   0.750	   0.754	   0.749	   0.752	        5954664	      0.734	      0.730	      0.733	      0.772	           	      0.000	  59546.641	  32207.063	  41949.359	     -0.006	     -0.011	      0.008	
 2011/06/28	   0.752	   0.752	   0.745	   0.750	        5748348	      0.740	      0.732	      0.734	      0.771	           	      0.000	  57483.480	  39392.223	  47043.270	     -0.005	     -0.010	      0.009	
 2011/06/29	   0.746	   0.750	   0.740	   0.741	         720300	      0.745	      0.732	      0.733	      0.770	           	      0.000	   7203.000	  36142.188	  47202.012	     -0.004	     -0.008	      0.009	
 2011/06/30	   0.745	   0.754	   0.739	   0.750	        4992764	      0.749	      0.735	      0.734	      0.769	           	      0.000	  49927.641	  44319.984	  51746.973	     -0.003	     -0.007	      0.009	
 2011/07/01	   0.751	   0.755	   0.746	   0.753	        1372401	      0.749	      0.738	      0.735	      0.768	           	      0.000	  13724.010	  37576.953	  29786.348	     -0.001	     -0.006	      0.009	
 2011/07/04	   0.753	   0.771	   0.753	   0.766	        1101793	      0.752	      0.743	      0.736	      0.767	           	      0.000	  11017.930	  27871.213	  30039.137	      0.001	     -0.005	      0.011	
 2011/07/05	   0.770	   0.770	   0.762	   0.766	         885000	      0.755	      0.748	      0.738	      0.766	           	      0.000	   8850.000	  18144.516	  28768.371	      0.002	     -0.003	      0.011	
 2011/07/06	   0.758	   0.764	   0.758	   0.764	         705520	      0.760	      0.752	      0.739	      0.765	           	      0.000	   7055.200	  18114.957	  27128.572	      0.003	     -0.002	      0.011	
 2011/07/07	   0.771	   0.771	   0.761	   0.762	        1879640	      0.762	      0.755	      0.741	      0.764	           	      0.000	  18796.400	  11888.708	  28104.346	      0.004	     -0.001	      0.010	
 2011/07/08	   0.763	   0.770	   0.758	   0.760	         825264	      0.764	      0.756	      0.742	      0.763	           	      0.000	   8252.640	  10794.434	  24185.693	      0.004	      0.000	      0.008	
 2011/07/11	   0.757	   0.764	   0.750	   0.763	        1187590	      0.763	      0.757	      0.744	      0.762	           	      0.000	  11875.900	  10966.028	  19418.621	      0.005	      0.001	      0.007	
 2011/07/12	   0.760	   0.760	   0.743	   0.748	        6023426	      0.759	      0.757	      0.744	      0.760	           	      0.000	  60234.262	  21242.881	  19693.699	      0.004	      0.002	      0.004	
 2011/07/13	   0.755	   0.766	   0.746	   0.759	        8381742	      0.758	      0.759	      0.746	      0.759	           	      0.000	  83817.422	  36595.324	  27355.141	      0.004	      0.002	      0.004	
 2011/07/14	   0.765	   0.765	   0.757	   0.762	        2941729	      0.758	      0.760	      0.748	      0.758	           	      0.000	  29417.289	  38719.504	  25304.105	      0.004	      0.002	      0.003	
 2011/07/15	   0.763	   0.764	   0.752	   0.762	        2318058	      0.759	      0.761	      0.750	      0.757	           	      0.000	  23180.580	  41705.090	  26249.762	      0.004	      0.003	      0.003	
 2011/07/18	   0.764	   0.764	   0.758	   0.761	        3604999	      0.758	      0.761	      0.752	      0.756	           	      0.000	  36049.988	  46539.906	  28752.969	      0.004	      0.003	      0.002	
 2011/07/19	   0.760	   0.760	   0.750	   0.753	        2495601	      0.759	      0.759	      0.754	      0.755	           	      0.000	  24956.010	  39484.258	  30363.568	      0.004	      0.003	      0.001	
 2011/07/20	   0.752	   0.757	   0.745	   0.752	        2106200	      0.758	      0.758	      0.755	      0.755	           	      0.000	  21062.000	  26933.174	  31764.250	      0.003	      0.003	     -0.000	
 2011/07/21	   0.745	   0.753	   0.742	   0.744	        5070265	      0.754	      0.756	      0.756	      0.754	           	      0.000	  50702.648	  31190.246	  34954.875	      0.002	      0.003	     -0.002	
 2011/07/22	   0.740	   0.746	   0.740	   0.746	        2860982	      0.751	      0.755	      0.756	      0.753	           	      0.000	  28609.820	  32276.094	  36990.594	      0.001	      0.003	     -0.003	
 2011/07/25	   0.741	   0.741	   0.716	   0.728	        3665265	      0.745	      0.752	      0.755	      0.752	           	      0.000	  36652.648	  32396.625	  39468.266	     -0.001	      0.002	     -0.006	
 2011/07/26	   0.719	   0.724	   0.718	   0.723	        2106036	      0.739	      0.749	      0.753	      0.751	           	      0.000	  21060.359	  31617.496	  35550.875	     -0.003	      0.001	     -0.008	
 2011/07/27	   0.717	   0.724	   0.714	   0.722	        2922651	      0.733	      0.745	      0.752	      0.749	           	      0.000	  29226.510	  33250.398	  30091.785	     -0.005	     -0.000	     -0.009	
 2011/07/28	   0.716	   0.720	   0.714	   0.716	        1894100	      0.727	      0.741	      0.751	      0.748	           	      0.000	  18941.000	  26898.068	  29044.156	     -0.006	     -0.001	     -0.010	
 2011/07/29	   0.719	   0.722	   0.712	   0.718	        2056967	      0.721	      0.736	      0.749	      0.747	           	      0.000	  20569.670	  25290.037	  28783.066	     -0.007	     -0.003	     -0.010	
 2011/08/01	   0.713	   0.721	   0.713	   0.719	        1880356	      0.720	      0.732	      0.746	      0.747	           	      0.000	  18803.561	  21720.221	  27058.422	     -0.008	     -0.004	     -0.009	
 2011/08/02	   0.713	   0.719	   0.706	   0.719	        3094303	      0.719	      0.729	      0.744	      0.746	           	      0.000	  30943.029	  23696.754	  27657.125	     -0.009	     -0.005	     -0.008	
 2011/08/03	   0.711	   0.715	   0.704	   0.715	        2504905	      0.717	      0.725	      0.742	      0.745	           	      0.000	  25049.051	  22861.262	  28055.830	     -0.009	     -0.006	     -0.007	
 2011/08/04	   0.711	   0.719	   0.710	   0.714	        2613361	      0.717	      0.722	      0.739	      0.744	           	      0.000	  26133.609	  24299.783	  25598.926	     -0.010	     -0.006	     -0.006	
 2011/08/05	   0.706	   0.706	   0.681	   0.696	        3831590	      0.713	      0.717	      0.736	      0.742	           	      0.000	  38315.898	  27849.029	  26569.533	     -0.011	     -0.007	     -0.008	
 2011/08/08	   0.696	   0.696	   0.665	   0.668	        3543406	      0.702	      0.711	      0.731	      0.741	           	      0.000	  35434.059	  31175.129	  26447.674	     -0.015	     -0.009	     -0.012	
 2011/08/09	   0.664	   0.672	   0.645	   0.670	        4728161	      0.693	      0.706	      0.727	      0.739	           	      0.000	  47281.609	  34442.844	  29069.799	     -0.017	     -0.010	     -0.013	
 2011/08/10	   0.670	   0.689	   0.670	   0.680	        1140587	      0.686	      0.701	      0.723	      0.737	           	      0.000	  11405.870	  31714.209	  27287.736	     -0.018	     -0.012	     -0.012	
 2011/08/11	   0.668	   0.688	   0.658	   0.683	        2197012	      0.679	      0.698	      0.719	      0.736	           	      0.000	  21970.119	  30881.512	  27590.648	     -0.018	     -0.013	     -0.010	
 2011/08/12	   0.688	   0.689	   0.684	   0.685	        2561606	      0.677	      0.695	      0.716	      0.735	           	      0.000	  25616.061	  28341.543	  28095.287	     -0.018	     -0.014	     -0.008	
 2011/08/15	   0.685	   0.698	   0.680	   0.696	        2625300	      0.683	      0.693	      0.712	      0.733	           	      0.000	  26253.000	  26505.332	  28840.230	     -0.017	     -0.015	     -0.004	
 2011/08/16	   0.679	   0.702	   0.679	   0.691	        2801824	      0.687	      0.690	      0.709	      0.732	           	      0.000	  28018.240	  22652.658	  28547.752	     -0.016	     -0.015	     -0.002	
 2011/08/17	   0.688	   0.701	   0.688	   0.694	        2887180	      0.690	      0.688	      0.706	      0.731	           	      0.000	  28871.801	  26145.844	  28930.027	     -0.015	     -0.015	      0.000	
 2011/08/18	   0.690	   0.694	   0.679	   0.682	        2793287	      0.690	      0.684	      0.703	      0.730	           	      0.000	  27932.869	  27338.395	  29109.953	     -0.015	     -0.015	      0.000	
 2011/08/19	   0.673	   0.680	   0.667	   0.670	        2847600	      0.687	      0.682	      0.699	      0.729	           	      0.000	  28476.000	  27910.383	  28125.963	     -0.016	     -0.015	     -0.001	
 2011/08/22	   0.673	   0.680	   0.663	   0.665	        2922400	      0.680	      0.682	      0.696	      0.728	           	      0.000	  29224.000	  28504.582	  27504.957	     -0.016	     -0.015	     -0.002	
 2011/08/23	   0.670	   0.679	   0.665	   0.679	        2943700	      0.678	      0.683	      0.694	      0.727	           	      0.000	  29437.000	  28788.334	  25720.496	     -0.016	     -0.015	     -0.001	
 2011/08/24	   0.675	   0.685	   0.672	   0.680	        3204900	      0.675	      0.683	      0.692	      0.726	           	      0.000	  32049.000	  29423.773	  27784.809	     -0.015	     -0.015	      0.001	
 2011/08/25	   0.672	   0.702	   0.672	   0.701	        4172041	      0.679	      0.684	      0.691	      0.725	           	      0.000	  41720.410	  32181.281	  29759.838	     -0.013	     -0.015	      0.004	
 2011/08/26	   0.701	   0.703	   0.693	   0.698	        5544101	      0.685	      0.686	      0.690	      0.725	           	      0.000	  55441.012	  37574.285	  32742.334	     -0.011	     -0.014	      0.006	
 2011/08/29	   0.680	   0.691	   0.680	   0.686	        2181401	      0.689	      0.685	      0.689	      0.724	           	      0.000	  21814.010	  36092.285	  32298.434	     -0.010	     -0.013	      0.006	
 2011/08/30	   0.690	   0.700	   0.685	   0.685	        2552400	      0.690	      0.684	      0.687	      0.723	           	      0.000	  25524.000	  35309.688	  32049.010	     -0.010	     -0.013	      0.006	
 2011/08/31	   0.686	   0.693	   0.681	   0.688	        3570804	      0.692	      0.683	      0.686	      0.722	           	      0.000	  35708.039	  36041.492	  32732.635	     -0.009	     -0.012	      0.006	
 2011/09/01	   0.690	   0.701	   0.685	   0.691	        2551457	      0.690	      0.684	      0.684	      0.721	           	      0.000	  25514.570	  32800.328	  32490.805	     -0.008	     -0.011	      0.006	
 2011/09/02	   0.685	   0.699	   0.676	   0.679	        3462200	      0.686	      0.685	      0.684	      0.721	           	      0.000	  34622.000	  28636.523	  33105.402	     -0.008	     -0.010	      0.005	
 2011/09/05	   0.676	   0.676	   0.664	   0.666	        5579804	      0.682	      0.685	      0.683	      0.720	           	      0.000	  55798.039	  35433.328	  35762.809	     -0.009	     -0.010	      0.002	
 2011/09/06	   0.666	   0.666	   0.658	   0.660	        2631602	      0.677	      0.683	      0.683	      0.718	           	      0.000	  26316.020	  35591.734	  35450.711	     -0.010	     -0.010	     -0.000	
 2011/09/07	   0.661	   0.676	   0.661	   0.675	        2463097	      0.674	      0.683	      0.683	      0.717	           	      0.000	  24630.971	  33376.320	  34708.906	     -0.010	     -0.010	      0.000	
 2011/09/08	   0.679	   0.679	   0.670	   0.672	        2795635	      0.670	      0.680	      0.682	      0.716	           	      0.000	  27956.350	  33864.676	  33332.500	     -0.010	     -0.010	      0.001	
 2011/09/09	   0.672	   0.677	   0.668	   0.670	        1438102	      0.669	      0.677	      0.681	      0.716	           	      0.000	  14381.020	  29816.480	  29226.502	     -0.010	     -0.010	      0.001	
 2011/09/13	   0.656	   0.666	   0.656	   0.666	        1844157	      0.669	      0.675	      0.680	      0.715	           	      0.000	  18441.570	  22345.186	  28889.258	     -0.010	     -0.010	      0.000	
 2011/09/14	   0.664	   0.670	   0.655	   0.667	        1475900	      0.670	      0.673	      0.679	      0.714	           	      0.000	  14759.000	  20033.781	  27812.758	     -0.010	     -0.010	      0.000	
 2011/09/15	   0.667	   0.676	   0.664	   0.667	        1416600	      0.668	      0.671	      0.677	      0.713	           	      0.000	  14166.000	  17940.787	  25658.555	     -0.010	     -0.010	      0.001	
 2011/09/16	   0.665	   0.673	   0.665	   0.667	        1578100	      0.667	      0.669	      0.677	      0.712	           	      0.000	  15781.000	  15505.718	  24685.197	     -0.009	     -0.010	      0.001	
 2011/09/19	   0.660	   0.667	   0.655	   0.656	        1575800	      0.665	      0.667	      0.676	      0.710	           	      0.000	  15758.000	  15781.114	  22798.797	     -0.010	     -0.010	     -0.000	
 2011/09/20	   0.656	   0.669	   0.651	   0.656	        6584800	      0.663	      0.666	      0.675	      0.709	           	      0.000	  65848.000	  25262.400	  23803.793	     -0.010	     -0.010	     -0.001	
 2011/09/21	   0.653	   0.680	   0.651	   0.674	        1724466	      0.664	      0.667	      0.675	      0.707	           	      0.000	  17244.660	  25759.531	  22896.656	     -0.009	     -0.010	      0.001	
 2011/09/22	   0.675	   0.675	   0.654	   0.654	        2726170	      0.661	      0.665	      0.674	      0.706	           	      0.000	  27261.699	  28378.672	  23159.730	     -0.010	     -0.010	      0.000	
 2011/09/23	   0.648	   0.660	   0.643	   0.651	        3940100	      0.658	      0.663	      0.671	      0.704	           	      0.000	  39401.000	  33102.672	  24304.195	     -0.010	     -0.010	     -0.000	
 2011/09/26	   0.653	   0.654	   0.636	   0.640	        2143250	      0.655	      0.660	      0.669	      0.702	           	      0.000	  21432.500	  34237.570	  25009.344	     -0.011	     -0.010	     -0.002	
 2011/09/27	   0.640	   0.647	   0.638	   0.643	        2967550	      0.652	      0.658	      0.666	      0.700	           	      0.000	  29675.500	  27003.072	  26132.736	     -0.012	     -0.010	     -0.003	
 2011/09/28	   0.641	   0.649	   0.634	   0.638	        1777700	      0.645	      0.655	      0.664	      0.698	           	      0.000	  17777.000	  27109.539	  26434.535	     -0.012	     -0.011	     -0.003	
 2011/09/29	   0.638	   0.638	   0.621	   0.636	        3109440	      0.642	      0.651	      0.661	      0.696	           	      0.000	  31094.400	  27876.080	  28127.375	     -0.013	     -0.011	     -0.003	
 2011/09/30	   0.640	   0.640	   0.628	   0.633	        1925412	      0.638	      0.648	      0.659	      0.694	           	      0.000	  19254.119	  23846.703	  28474.688	     -0.014	     -0.012	     -0.004	
 2011/10/10	   0.633	   0.633	   0.621	   0.621	        1784300	      0.634	      0.645	      0.656	      0.692	           	      0.000	  17843.000	  23128.805	  28683.188	     -0.015	     -0.012	     -0.005	
 2011/10/11	   0.639	   0.639	   0.619	   0.623	        1900300	      0.630	      0.641	      0.653	      0.689	           	      0.000	  19003.000	  20994.305	  23998.688	     -0.015	     -0.013	     -0.005	
 2011/10/12	   0.619	   0.650	   0.617	   0.648	        2903686	      0.632	      0.639	      0.653	      0.688	           	      0.000	  29036.859	  23246.275	  25177.908	     -0.014	     -0.013	     -0.001	
 2011/10/13	   0.648	   0.658	   0.630	   0.653	        1780499	      0.636	      0.639	      0.652	      0.686	           	      0.000	  17804.990	  20588.395	  24232.236	     -0.012	     -0.013	      0.002	
 2011/10/14	   0.646	   0.655	   0.646	   0.652	        1602439	      0.639	      0.639	      0.651	      0.684	           	      0.000	  16024.390	  19942.447	  21894.576	     -0.010	     -0.012	      0.004	
 2011/10/17	   0.649	   0.660	   0.649	   0.654	        1756348	      0.646	      0.640	      0.650	      0.682	           	      0.000	  17563.480	  19886.543	  21507.674	     -0.009	     -0.012	      0.006	
 2011/10/18	   0.649	   0.653	   0.635	   0.635	        1646500	      0.648	      0.639	      0.648	      0.680	           	      0.000	  16465.000	  19378.943	  20186.623	     -0.009	     -0.011	      0.004	
 2011/10/19	   0.642	   0.645	   0.636	   0.636	        1641300	      0.646	      0.639	      0.647	      0.678	           	      0.000	  16413.000	  16854.172	  20050.225	     -0.009	     -0.011	      0.003	
 2011/10/20	   0.630	   0.634	   0.624	   0.629	        1708700	      0.641	      0.638	      0.645	      0.676	           	      0.000	  17087.000	  16710.574	  18649.484	     -0.010	     -0.010	      0.002	
 2011/10/21	   0.624	   0.640	   0.620	   0.628	        1491600	      0.636	      0.638	      0.643	      0.674	           	      0.000	  14916.000	  16488.896	  18215.672	     -0.010	     -0.010	      0.001	
 2011/10/24	   0.622	   0.646	   0.622	   0.645	        3570012	      0.635	      0.640	      0.642	      0.673	           	      0.000	  35700.121	  20116.225	  20001.385	     -0.009	     -0.010	      0.003	
 2011/10/25	   0.646	   0.660	   0.642	   0.652	        4876013	      0.638	      0.643	      0.642	      0.671	           	      0.000	  48760.129	  26575.250	  22977.098	     -0.007	     -0.009	      0.005	
 2011/10/26	   0.647	   0.663	   0.647	   0.652	        1851600	      0.641	      0.644	      0.641	      0.670	           	      0.000	  18516.000	  26995.850	  21925.012	     -0.006	     -0.009	      0.006	
 2011/10/27	   0.657	   0.663	   0.652	   0.660	        1799649	      0.647	      0.644	      0.641	      0.669	           	      0.000	  17996.490	  27177.748	  21944.160	     -0.004	     -0.008	      0.007	
 2011/10/28	   0.664	   0.678	   0.664	   0.672	        2098269	      0.656	      0.646	      0.642	      0.668	           	      0.000	  20982.689	  28391.086	  22439.990	     -0.002	     -0.007	      0.010	
 2011/10/31	   0.670	   0.673	   0.660	   0.672	        2765064	      0.662	      0.648	      0.644	      0.668	           	      0.000	  27650.641	  26781.189	  23448.707	      0.000	     -0.005	      0.011	
 2011/11/01	   0.672	   0.678	   0.661	   0.671	        1909764	      0.665	      0.652	      0.646	      0.667	           	      0.000	  19097.641	  20848.691	  23711.971	      0.002	     -0.004	      0.011	
 2011/11/02	   0.667	   0.683	   0.661	   0.681	        2029213	      0.671	      0.656	      0.648	      0.666	           	      0.000	  20292.131	  21203.918	  24099.885	      0.003	     -0.002	      0.012	
 2011/11/03	   0.686	   0.690	   0.671	   0.685	        2202713	      0.676	      0.662	      0.650	      0.666	           	      0.000	  22027.131	  22010.047	  24593.896	      0.005	     -0.001	      0.012	
 2011/11/04	   0.686	   0.698	   0.685	   0.687	        2490573	      0.679	      0.668	      0.653	      0.665	           	      0.000	  24905.730	  22794.654	  25592.871	      0.007	      0.001	      0.012	
 2011/11/07	   0.685	   0.686	   0.681	   0.681	        1604700	      0.681	      0.671	      0.656	      0.665	           	      0.000	  16047.000	  20473.926	  23627.559	      0.007	      0.002	      0.011	
 2011/11/08	   0.683	   0.683	   0.676	   0.678	        2506400	      0.682	      0.674	      0.659	      0.665	           	      0.000	  25064.000	  21667.199	  21257.945	      0.007	      0.003	      0.009	
 2011/11/09	   0.699	   0.699	   0.672	   0.681	        2702433	      0.682	      0.677	      0.660	      0.665	           	      0.000	  27024.330	  23013.639	  22108.777	      0.008	      0.004	      0.007	
 2011/11/10	   0.672	   0.675	   0.663	   0.671	        1633691	      0.680	      0.678	      0.661	      0.665	           	      0.000	  16336.910	  21875.594	  21942.820	      0.007	      0.005	      0.005	
 2011/11/11	   0.664	   0.673	   0.664	   0.670	        2029991	      0.676	      0.678	      0.662	      0.665	           	      0.000	  20299.910	  20954.430	  21874.543	      0.006	      0.005	      0.003	
 2011/11/14	   0.667	   0.683	   0.667	   0.680	        2109191	      0.676	      0.678	      0.663	      0.665	           	      0.000	  21091.910	  21963.412	  21218.670	      0.007	      0.005	      0.003	
 2011/11/15	   0.675	   0.681	   0.675	   0.679	        1545400	      0.676	      0.679	      0.665	      0.665	           	      0.000	  15454.000	  20041.412	  20854.305	      0.006	      0.005	      0.002	
 2011/11/16	   0.674	   0.678	   0.660	   0.660	        1717213	      0.672	      0.677	      0.667	      0.664	           	      0.000	  17172.131	  18070.973	  20542.305	      0.005	      0.005	     -0.001	
 2011/11/17	   0.661	   0.663	   0.650	   0.658	        1849714	      0.669	      0.674	      0.668	      0.663	           	      0.000	  18497.141	  18503.018	  20189.307	      0.003	      0.005	     -0.003	
 2011/11/18	   0.658	   0.658	   0.644	   0.647	        2100777	      0.665	      0.670	      0.669	      0.663	           	      0.000	  21007.770	  18644.590	  19799.510	      0.001	      0.004	     -0.006	
 2011/11/21	   0.677	   0.677	   0.645	   0.647	        1549758	      0.658	      0.667	      0.669	      0.663	           	      0.000	  15497.580	  17525.725	  19744.568	     -0.000	      0.003	     -0.007	
 2011/11/22	   0.658	   0.658	   0.637	   0.646	        1481027	      0.652	      0.664	      0.669	      0.662	           	      0.000	  14810.270	  17396.979	  18719.195	     -0.002	      0.002	     -0.008	
 2011/11/23	   0.649	   0.655	   0.643	   0.645	        1433453	      0.649	      0.660	      0.669	      0.662	           	      0.000	  14334.530	  16829.457	  17450.215	     -0.003	      0.001	     -0.008	
 2011/11/24	   0.638	   0.644	   0.635	   0.638	        3511500	      0.645	      0.657	      0.667	      0.661	           	      0.000	  35115.000	  20153.029	  19328.023	     -0.004	      0.000	     -0.009	
 2011/11/25	   0.646	   0.646	   0.630	   0.635	       12547250	      0.642	      0.654	      0.666	      0.660	           	      0.000	 125472.500	  41045.977	  29845.283	     -0.005	     -0.001	     -0.009	
 2011/11/28	   0.639	   0.640	   0.631	   0.637	        2136167	      0.640	      0.649	      0.664	      0.659	           	      0.000	  21361.670	  42218.793	  29872.260	     -0.006	     -0.002	     -0.009	
 2011/11/29	   0.637	   0.644	   0.634	   0.644	        2080822	      0.640	      0.646	      0.663	      0.658	           	      0.000	  20808.221	  43418.383	  30407.682	     -0.006	     -0.003	     -0.007	
 2011/11/30	   0.641	   0.641	   0.621	   0.627	        3882596	      0.636	      0.642	      0.660	      0.657	           	      0.000	  38825.961	  48316.672	  32573.064	     -0.008	     -0.004	     -0.008	
 2011/12/01	   0.635	   0.650	   0.635	   0.642	        4180839	      0.637	      0.641	      0.658	      0.656	           	      0.000	  41808.391	  49655.348	  34904.188	     -0.007	     -0.004	     -0.006	
 2011/12/02	   0.633	   0.639	   0.632	   0.634	        2632300	      0.637	      0.640	      0.655	      0.655	           	      0.000	  26323.000	  29825.449	  35435.711	     -0.008	     -0.005	     -0.005	
 2011/12/05	   0.639	   0.639	   0.625	   0.627	       12491501	      0.635	      0.637	      0.652	      0.655	           	      0.000	 124915.008	  50536.117	  46377.453	     -0.008	     -0.006	     -0.005	
 2011/12/06	   0.626	   0.630	   0.624	   0.629	        1815701	      0.632	      0.636	      0.650	      0.654	           	      0.000	  18157.010	  50005.875	  46712.129	     -0.009	     -0.006	     -0.005	
 2011/12/07	   0.627	   0.632	   0.625	   0.631	        1415259	      0.633	      0.634	      0.647	      0.653	           	      0.000	  14152.590	  45071.199	  46693.934	     -0.009	     -0.007	     -0.004	
 2011/12/08	   0.626	   0.640	   0.626	   0.632	       16794748	      0.631	      0.634	      0.645	      0.653	           	      0.000	 167947.484	  70299.016	  59977.184	     -0.008	     -0.007	     -0.003	
 2011/12/09	   0.627	   0.633	   0.624	   0.630	        1890448	      0.630	      0.633	      0.643	      0.652	           	      0.000	  18904.480	  68815.313	  49320.383	     -0.008	     -0.007	     -0.002	
 2011/12/12	   0.635	   0.635	   0.623	   0.623	        1610400	      0.629	      0.632	      0.641	      0.651	           	      0.000	  16104.000	  47053.113	  48794.613	     -0.009	     -0.008	     -0.002	
 2011/12/13	   0.620	   0.620	   0.612	   0.614	        1032231	      0.626	      0.629	      0.637	      0.650	           	      0.000	  10322.310	  45486.172	  47746.023	     -0.010	     -0.008	     -0.003	
 2011/12/14	   0.605	   0.619	   0.605	   0.615	        1444939	      0.623	      0.628	      0.635	      0.650	           	      0.000	  14449.390	  45545.531	  45308.367	     -0.010	     -0.008	     -0.003	
 2011/12/15	   0.602	   0.610	   0.594	   0.598	        2722200	      0.616	      0.623	      0.632	      0.648	           	      0.000	  27222.000	  17400.436	  43849.727	     -0.012	     -0.009	     -0.005	
 2011/12/16	   0.599	   0.606	   0.585	   0.605	        4041800	      0.611	      0.620	      0.630	      0.647	           	      0.000	  40418.000	  21703.141	  45259.227	     -0.013	     -0.010	     -0.005	
 2011/12/19	   0.600	   0.606	   0.585	   0.606	        2246719	      0.608	      0.618	      0.628	      0.647	           	      0.000	  22467.189	  22975.777	  35014.445	     -0.013	     -0.010	     -0.005	
 2011/12/20	   0.608	   0.610	   0.602	   0.604	        1499500	      0.606	      0.616	      0.626	      0.646	           	      0.000	  14995.000	  23910.316	  34698.246	     -0.013	     -0.011	     -0.004	
 2011/12/21	   0.605	   0.609	   0.592	   0.598	        1605300	      0.602	      0.613	      0.623	      0.644	           	      0.000	  16053.000	  24231.037	  34888.285	     -0.013	     -0.011	     -0.004	
 2011/12/22	   0.588	   0.600	   0.582	   0.595	        1425240	      0.602	      0.609	      0.621	      0.643	           	      0.000	  14252.400	  21637.117	  19518.777	     -0.014	     -0.012	     -0.004	
 2011/12/23	   0.599	   0.609	   0.590	   0.600	        1457370	      0.601	      0.606	      0.620	      0.643	           	      0.000	  14573.700	  16468.258	  19085.699	     -0.014	     -0.012	     -0.003	
 2011/12/26	   0.609	   0.649	   0.588	   0.601	        1459403	      0.600	      0.604	      0.618	      0.642	           	      0.000	  14594.030	  14893.626	  18934.701	     -0.013	     -0.013	     -0.002	
 2011/12/27	   0.600	   0.607	   0.587	   0.588	        1677500	      0.596	      0.601	      0.615	      0.641	           	      0.000	  16775.000	  15249.626	  19579.971	     -0.014	     -0.013	     -0.002	
 2011/12/28	   0.600	   0.600	   0.581	   0.589	        1558628	      0.595	      0.598	      0.613	      0.640	           	      0.000	  15586.280	  15156.282	  19693.660	     -0.014	     -0.013	     -0.002	
 2011/12/29	   0.581	   0.598	   0.581	   0.592	        1858401	      0.594	      0.598	      0.611	      0.639	           	      0.000	  18584.010	  16022.604	  18829.861	     -0.014	     -0.013	     -0.001	
 2011/12/30	   0.588	   0.603	   0.588	   0.600	        2416400	      0.594	      0.597	      0.609	      0.639	           	      0.000	  24164.000	  17940.664	  17204.461	     -0.013	     -0.013	      0.000	
 2012/01/04	   0.601	   0.606	   0.592	   0.593	        1471600	      0.592	      0.596	      0.607	      0.638	           	      0.000	  14716.000	  17965.059	  16429.342	     -0.013	     -0.013	      0.001	
 2012/01/05	   0.592	   0.598	   0.586	   0.592	        4519401	      0.593	      0.595	      0.605	      0.638	           	      0.000	  45194.012	  23648.859	  19449.244	     -0.012	     -0.013	      0.001	
 2012/01/06	   0.592	   0.592	   0.582	   0.591	        2531901	      0.594	      0.594	      0.603	      0.637	           	      0.000	  25319.010	  25595.406	  20375.844	     -0.012	     -0.013	      0.002	
 2012/01/09	   0.593	   0.611	   0.587	   0.611	       18926840	      0.597	      0.596	      0.602	      0.636	           	      0.000	 189268.406	  59732.285	  37877.445	     -0.010	     -0.012	      0.004	
 2012/01/10	   0.610	   0.630	   0.609	   0.627	        4307453	      0.603	      0.598	      0.602	      0.636	           	      0.000	  43074.531	  63514.391	  40727.527	     -0.007	     -0.011	      0.008	
 2012/01/11	   0.628	   0.629	   0.623	   0.625	        3223696	      0.609	      0.601	      0.602	      0.635	           	      0.000	  32236.961	  67018.586	  42491.820	     -0.005	     -0.010	      0.010	
 2012/01/12	   0.626	   0.632	   0.624	   0.626	        1997900	      0.616	      0.605	      0.603	      0.635	           	      0.000	  19979.000	  61975.582	  42812.223	     -0.003	     -0.008	      0.011	
 2012/01/13	   0.630	   0.630	   0.610	   0.620	        2110593	      0.622	      0.608	      0.603	      0.635	           	      0.000	  21105.930	  61132.965	  43364.188	     -0.002	     -0.007	      0.011	
 2012/01/16	   0.617	   0.619	   0.608	   0.608	        1988500	      0.621	      0.609	      0.604	      0.635	           	      0.000	  19885.000	  27256.285	  43494.285	     -0.002	     -0.006	      0.008	
 2012/01/17	   0.608	   0.640	   0.605	   0.635	        2687289	      0.623	      0.613	      0.605	      0.635	           	      0.000	  26872.891	  24015.957	  43765.176	      0.000	     -0.005	      0.010	
 2012/01/18	   0.640	   0.641	   0.628	   0.631	        1781883	      0.624	      0.617	      0.606	      0.634	           	      0.000	  17818.830	  21132.330	  44075.457	      0.001	     -0.004	      0.010	
 2012/01/19	   0.630	   0.651	   0.630	   0.639	        3837265	      0.627	      0.621	      0.608	      0.634	           	      0.000	  38372.648	  24811.061	  43393.320	      0.003	     -0.002	      0.011	
 2012/01/20	   0.643	   0.650	   0.640	   0.650	        3022656	      0.633	      0.627	      0.611	      0.634	           	      0.000	  30226.561	  26635.186	  43884.074	      0.005	     -0.001	      0.012	
 2012/01/30	   0.659	   0.659	   0.639	   0.640	        1872900	      0.639	      0.630	      0.613	      0.634	           	      0.000	  18729.000	  26403.986	  26830.135	      0.006	      0.001	      0.011	
 2012/01/31	   0.639	   0.640	   0.633	   0.640	        4663194	      0.640	      0.631	      0.615	      0.633	           	      0.000	  46631.941	  30355.797	  27185.877	      0.007	      0.002	      0.010	
 2012/02/01	   0.640	   0.658	   0.625	   0.625	        4206299	      0.639	      0.631	      0.616	      0.633	           	      0.000	  42062.988	  35204.629	  28168.479	      0.006	      0.003	      0.006	
 2012/02/02	   0.633	   0.645	   0.626	   0.645	        3496522	      0.640	      0.633	      0.619	      0.632	           	      0.000	  34965.219	  34523.141	  29667.102	      0.007	      0.003	      0.006	
 2012/02/03	   0.640	   0.654	   0.640	   0.650	        2292551	      0.640	      0.636	      0.622	      0.632	           	      0.000	  22925.510	  33062.930	  29849.059	      0.008	      0.004	      0.007	
 2012/02/06	   0.648	   0.654	   0.600	   0.650	        3441119	      0.642	      0.641	      0.625	      0.631	           	      0.000	  34411.191	  36199.371	  31301.678	      0.008	      0.005	      0.007	
 2012/02/07	   0.643	   0.643	   0.625	   0.635	        2673702	      0.641	      0.641	      0.627	      0.630	           	      0.000	  26737.020	  32220.385	  31288.090	      0.008	      0.006	      0.004	
 2012/02/08	   0.632	   0.651	   0.630	   0.650	        4917032	      0.646	      0.642	      0.629	      0.630	           	      0.000	  49170.320	  33641.852	  34423.238	      0.008	      0.006	      0.004	
 2012/02/09	   0.648	   0.658	   0.648	   0.652	        3200582	      0.647	      0.644	      0.632	      0.629	           	      0.000	  32005.820	  33049.973	  33786.559	      0.009	      0.007	      0.004	
 2012/02/10	   0.651	   0.658	   0.648	   0.652	        1247563	      0.648	      0.644	      0.636	      0.629	           	      0.000	  12475.630	  30959.996	  32011.465	      0.009	      0.007	      0.004	
 2012/02/13	   0.645	   0.654	   0.641	   0.651	        1432800	      0.648	      0.645	      0.638	      0.628	           	      0.000	  14328.000	  26943.357	  31571.363	      0.009	      0.007	      0.003	
 2012/02/14	   0.647	   0.660	   0.641	   0.655	        1741572	      0.652	      0.646	      0.639	      0.628	           	      0.000	  17415.721	  25079.098	  28649.742	      0.009	      0.008	      0.003	
 2012/02/15	   0.642	   0.658	   0.642	   0.658	        1923044	      0.654	      0.650	      0.641	      0.628	           	      0.000	  19230.439	  19091.121	  26366.486	      0.010	      0.008	      0.003	
 2012/02/16	   0.654	   0.657	   0.650	   0.651	        1547947	      0.653	      0.650	      0.642	      0.627	           	      0.000	  15479.470	  15785.852	  24417.912	      0.009	      0.008	      0.002	
 2012/02/17	   0.655	   0.656	   0.650	   0.651	        1222465	      0.653	      0.650	      0.643	      0.627	           	      0.000	  12224.650	  15735.656	  23347.826	      0.009	      0.008	      0.001	
 2012/02/20	   0.660	   0.668	   0.650	   0.664	        2642240	      0.656	      0.652	      0.646	      0.627	           	      0.000	  26422.400	  18154.535	  22548.947	      0.009	      0.009	      0.001	
 2012/02/21	   0.652	   0.660	   0.647	   0.660	        3466373	      0.657	      0.654	      0.647	      0.627	           	      0.000	  34663.730	  21604.139	  23341.617	      0.009	      0.009	      0.001	
 2012/02/22	   0.658	   0.669	   0.655	   0.669	        3521862	      0.659	      0.656	      0.649	      0.628	           	      0.000	  35218.621	  24801.773	  21946.449	      0.010	      0.009	      0.002	
 2012/02/23	   0.668	   0.676	   0.663	   0.674	        5138393	      0.664	      0.659	      0.651	      0.628	           	      0.000	  51383.930	  31982.666	  23884.260	      0.011	      0.009	      0.003	
 2012/02/24	   0.674	   0.680	   0.665	   0.679	        3641531	      0.669	      0.661	      0.653	      0.629	           	      0.000	  36415.309	  36820.797	  26278.227	      0.012	      0.010	      0.004	
 2012/02/27	   0.679	   0.687	   0.678	   0.680	        2315653	      0.672	      0.664	      0.655	      0.630	           	      0.000	  23156.529	  36167.625	  27161.080	      0.012	      0.010	      0.004	
 2012/02/28	   0.678	   0.682	   0.675	   0.681	        2059986	      0.677	      0.667	      0.657	      0.630	           	      0.000	  20599.859	  33354.852	  27479.494	      0.013	      0.011	      0.004	
 2012/02/29	   0.678	   0.680	   0.670	   0.670	        3041300	      0.677	      0.668	      0.659	      0.631	           	      0.000	  30413.000	  32393.725	  28597.750	      0.012	      0.011	      0.002	
 2012/03/01	   0.671	   0.680	   0.670	   0.675	        1475742	      0.677	      0.670	      0.660	      0.631	           	      0.000	  14757.420	  25068.424	  28525.545	      0.012	      0.011	      0.001	
 2012/03/02	   0.673	   0.683	   0.673	   0.683	         524855	      0.678	      0.674	      0.662	      0.632	           	      0.000	   5248.550	  18835.072	  27827.936	      0.012	      0.011	      0.001	
 2012/03/05	   0.682	   0.688	   0.679	   0.679	        5525160	      0.678	      0.675	      0.663	      0.633	           	      0.000	  55251.602	  25254.086	  30710.855	      0.012	      0.012	      0.001	
 2012/03/06	   0.674	   0.678	   0.662	   0.670	         574100	      0.675	      0.676	      0.665	      0.634	           	      0.000	   5741.000	  22282.314	  27818.582	      0.011	      0.011	     -0.001	
 2012/03/07	   0.661	   0.668	   0.658	   0.661	         368031	      0.674	      0.675	      0.666	      0.634	           	      0.000	   3680.310	  16935.775	  24664.750	      0.009	      0.011	     -0.003	
 2012/03/08	   0.661	   0.673	   0.661	   0.672	          86600	      0.673	      0.675	      0.667	      0.635	           	      0.000	    866.000	  14157.492	  19612.957	      0.009	      0.011	     -0.004	
 2012/03/09	   0.672	   0.675	   0.666	   0.674	         445601	      0.671	      0.674	      0.668	      0.636	           	      0.000	   4456.010	  13998.984	  16417.027	      0.008	      0.010	     -0.003	
 2012/03/12	   0.671	   0.676	   0.665	   0.670	         529400	      0.669	      0.674	      0.669	      0.636	           	      0.000	   5294.000	   4007.464	  14630.775	      0.008	      0.010	     -0.004	
 2012/03/13	   0.668	   0.676	   0.668	   0.675	        2264760	      0.670	      0.673	      0.670	      0.637	           	      0.000	  22647.600	   7388.784	  14835.549	      0.007	      0.009	     -0.003	
 2012/03/14	   0.679	   0.682	   0.653	   0.655	         805719	      0.669	      0.671	      0.670	      0.637	           	      0.000	   8057.190	   8264.160	  12599.968	      0.006	      0.008	     -0.006	
 2012/03/15	   0.656	   0.668	   0.651	   0.655	         598853	      0.666	      0.669	      0.670	      0.638	           	      0.000	   5988.530	   9288.666	  11723.079	      0.004	      0.008	     -0.007	
 2012/03/16	   0.652	   0.664	   0.652	   0.662	        1539259	      0.663	      0.667	      0.670	      0.639	           	      0.000	  15392.590	  11475.981	  12737.483	      0.003	      0.007	     -0.007	
 2012/03/19	   0.659	   0.663	   0.653	   0.663	        1196063	      0.662	      0.666	      0.670	      0.640	           	      0.000	  11960.630	  12809.308	   8408.386	      0.003	      0.006	     -0.006	
 2012/03/20	   0.664	   0.664	   0.653	   0.658	         698183	      0.659	      0.664	      0.670	      0.641	           	      0.000	   6981.830	   9676.154	   8532.469	      0.002	      0.005	     -0.006	
 2012/03/21	   0.656	   0.658	   0.646	   0.653	        1500932	      0.658	      0.664	      0.669	      0.642	           	      0.000	  15009.320	  11066.580	   9665.370	      0.001	      0.004	     -0.007	
 2012/03/22	   0.650	   0.658	   0.647	   0.657	         595398	      0.659	      0.662	      0.669	      0.643	           	      0.000	   5953.980	  11059.670	  10174.168	      0.001	      0.004	     -0.006	
 2012/03/23	   0.656	   0.659	   0.645	   0.659	         803943	      0.658	      0.661	      0.668	      0.644	           	      0.000	   8039.430	   9589.038	  10532.510	      0.000	      0.003	     -0.005	
 2012/03/26	   0.653	   0.653	   0.645	   0.647	         423355	      0.655	      0.658	      0.666	      0.644	           	      0.000	   4233.550	   8043.622	  10426.465	     -0.001	      0.002	     -0.006	
 2012/03/27	   0.647	   0.655	   0.647	   0.650	         328905	      0.653	      0.656	      0.664	      0.645	           	      0.000	   3289.050	   7305.066	   8490.610	     -0.002	      0.001	     -0.006	
 2012/03/28	   0.650	   0.653	   0.635	   0.635	         495489	      0.650	      0.654	      0.663	      0.646	           	      0.000	   4954.890	   5294.180	   8180.380	     -0.003	      0.000	     -0.007	
 2012/03/29	   0.640	   0.640	   0.620	   0.625	        1584165	      0.643	      0.651	      0.660	      0.646	           	      0.000	  15841.650	   7271.714	   9165.692	     -0.005	     -0.001	     -0.009	
 2012/03/30	   0.624	   0.628	   0.615	   0.628	        1420969	      0.637	      0.647	      0.657	      0.647	           	      0.000	  14209.690	   8505.767	   9047.402	     -0.007	     -0.002	     -0.010	
 2012/04/05	   0.628	   0.639	   0.628	   0.639	         700689	      0.635	      0.645	      0.655	      0.648	           	      0.000	   7006.890	   9060.435	   8552.028	     -0.007	     -0.003	     -0.008	
 2012/04/06	   0.637	   0.640	   0.633	   0.640	         542541	      0.633	      0.643	      0.654	      0.649	           	      0.000	   5425.410	   9487.706	   8396.386	     -0.007	     -0.004	     -0.006	
 2012/04/09	   0.640	   0.640	   0.626	   0.630	         333310	      0.632	      0.641	      0.652	      0.649	           	      0.000	   3333.100	   9163.349	   7228.764	     -0.007	     -0.004	     -0.006	
 2012/04/10	   0.630	   0.638	   0.622	   0.638	         450100	      0.635	      0.639	      0.651	      0.650	           	      0.000	   4501.000	   6895.218	   7083.466	     -0.007	     -0.005	     -0.004	
 2012/04/11	   0.628	   0.642	   0.628	   0.638	         360800	      0.637	      0.637	      0.649	      0.651	           	      0.000	   3608.000	   4774.880	   6640.323	     -0.007	     -0.005	     -0.003	
 2012/04/12	   0.646	   0.653	   0.623	   0.652	         623485	      0.640	      0.637	      0.648	      0.651	           	      0.000	   6234.850	   4620.472	   6840.453	     -0.006	     -0.005	     -0.000	
 2012/04/13	   0.650	   0.657	   0.650	   0.655	         477900	      0.643	      0.638	      0.647	      0.652	           	      0.000	   4779.000	   4491.190	   6989.448	     -0.004	     -0.005	      0.002	
 2012/04/16	   0.650	   0.656	   0.647	   0.655	         357800	      0.648	      0.640	      0.647	      0.652	           	      0.000	   3578.000	   4540.170	   6851.759	     -0.003	     -0.005	      0.003	
 2012/04/17	   0.655	   0.655	   0.642	   0.643	         468570	      0.649	      0.642	      0.646	      0.653	           	      0.000	   4685.700	   4577.110	   5736.164	     -0.003	     -0.004	      0.003	
 2012/04/18	   0.640	   0.661	   0.640	   0.656	        1052827	      0.652	      0.645	      0.646	      0.653	           	      0.000	  10528.270	   5961.164	   5368.022	     -0.002	     -0.004	      0.004	
 2012/04/19	   0.656	   0.667	   0.656	   0.665	        1246338	      0.655	      0.647	      0.646	      0.654	           	      0.000	  12463.380	   7206.870	   5913.671	     -0.000	     -0.003	      0.006	
 2012/04/20	   0.655	   0.670	   0.655	   0.670	         898410	      0.658	      0.650	      0.647	      0.655	           	      0.000	   8984.100	   8047.890	   6269.540	      0.001	     -0.002	      0.007	
 2012/04/23	   0.668	   0.672	   0.661	   0.667	        1058856	      0.660	      0.654	      0.647	      0.655	           	      0.000	  10588.560	   9450.002	   6995.086	      0.002	     -0.001	      0.007	
 2012/04/24	   0.663	   0.680	   0.660	   0.678	        1381852	      0.667	      0.658	      0.649	      0.656	           	      0.000	  13818.520	  11276.565	   7926.838	      0.004	     -0.000	      0.008	
 2012/04/25	   0.665	   0.680	   0.665	   0.671	         420614	      0.670	      0.661	      0.649	      0.656	           	      0.000	   4206.140	  10012.140	   7986.652	      0.005	      0.001	      0.008	
 2012/04/26	   0.669	   0.676	   0.665	   0.669	        1368968	      0.671	      0.663	      0.650	      0.657	           	      0.000	  13689.680	  10257.399	   8732.135	      0.005	      0.001	      0.007	
 2012/04/27	   0.679	   0.680	   0.667	   0.669	         482901	      0.671	      0.664	      0.651	      0.657	           	      0.000	   4829.010	   9426.382	   8737.136	      0.005	      0.002	      0.006	
 2012/05/02	   0.689	   0.689	   0.674	   0.685	        1143959	      0.674	      0.667	      0.654	      0.658	           	      0.000	  11439.590	   9596.588	   9523.295	      0.006	      0.003	      0.007	
 2012/05/03	   0.684	   0.686	   0.680	   0.684	         778824	      0.676	      0.671	      0.657	      0.659	           	      0.000	   7788.240	   8390.532	   9833.549	      0.007	      0.004	      0.007	
 2012/05/04	   0.687	   0.689	   0.678	   0.686	         844794	      0.679	      0.674	      0.660	      0.660	           	      0.000	   8447.940	   9238.892	   9625.516	      0.008	      0.005	      0.007	
 2012/05/07	   0.685	   0.690	   0.681	   0.690	        1037459	      0.683	      0.677	      0.662	      0.660	           	      0.000	  10374.590	   8575.874	   9416.637	      0.009	      0.006	      0.007	
 2012/05/08	   0.685	   0.687	   0.681	   0.684	         466900	      0.686	      0.678	      0.664	      0.661	           	      0.000	   4669.000	   8543.872	   8985.127	      0.009	      0.006	      0.006	
 2012/05/09	   0.678	   0.680	   0.676	   0.676	         385500	      0.684	      0.679	      0.667	      0.662	           	      0.000	   3855.000	   7026.954	   8311.771	      0.008	      0.007	      0.003	
 2012/05/10	   0.671	   0.681	   0.670	   0.675	         547859	      0.682	      0.679	      0.668	      0.662	           	      0.000	   5478.590	   6565.024	   7477.778	      0.008	      0.007	      0.002	
 2012/05/11	   0.671	   0.677	   0.668	   0.669	         337200	      0.679	      0.679	      0.670	      0.662	           	      0.000	   3372.000	   5549.836	   7394.364	      0.007	      0.007	     -0.001	
 2012/05/14	   0.668	   0.671	   0.666	   0.667	         482800	      0.674	      0.678	      0.671	      0.662	           	      0.000	   4828.000	   4440.518	   6508.196	      0.006	      0.007	     -0.002	
 2012/05/15	   0.662	   0.670	   0.662	   0.670	         379811	      0.671	      0.679	      0.671	      0.663	           	      0.000	   3798.110	   4266.340	   6405.106	      0.005	      0.006	     -0.003	
 2012/05/16	   0.662	   0.669	   0.653	   0.661	         789400	      0.668	      0.676	      0.672	      0.663	           	      0.000	   7894.000	   5074.140	   6050.547	      0.004	      0.006	     -0.004	
 2012/05/17	   0.653	   0.665	   0.653	   0.664	         835791	      0.666	      0.674	      0.673	      0.663	           	      0.000	   8357.910	   5650.004	   6107.514	      0.003	      0.005	     -0.005	
 2012/05/18	   0.643	   0.664	   0.643	   0.647	         983958	      0.662	      0.670	      0.672	      0.663	           	      0.000	   9839.580	   6943.520	   6246.678	      0.001	      0.004	     -0.007	
 2012/05/21	   0.654	   0.661	   0.651	   0.660	         331301	      0.660	      0.667	      0.672	      0.663	           	      0.000	   3313.010	   6640.522	   5540.520	      0.000	      0.003	     -0.007	
 2012/05/22	   0.658	   0.669	   0.658	   0.669	         216114	      0.660	      0.666	      0.672	      0.663	           	      0.000	   2161.140	   6313.128	   5289.734	      0.000	      0.003	     -0.005	
 2012/05/23	   0.661	   0.667	   0.660	   0.667	         491618	      0.661	      0.665	      0.672	      0.663	           	      0.000	   4916.180	   5717.564	   5395.852	      0.000	      0.002	     -0.004	
 2012/05/24	   0.662	   0.666	   0.660	   0.660	         612600	      0.661	      0.663	      0.671	      0.663	           	      0.000	   6126.000	   5271.182	   5460.593	     -0.000	      0.002	     -0.004	
 2012/05/25	   0.659	   0.663	   0.652	   0.655	         370900	      0.662	      0.662	      0.670	      0.662	           	      0.000	   3709.000	   4045.066	   5494.293	     -0.001	      0.001	     -0.004	
 2012/05/28	   0.643	   0.664	   0.643	   0.664	         348213	      0.663	      0.662	      0.670	      0.662	           	      0.000	   3482.130	   4078.890	   5359.706	     -0.001	      0.001	     -0.003	
 2012/05/29	   0.668	   0.673	   0.664	   0.670	         778738	      0.663	      0.662	      0.670	      0.662	           	      0.000	   7787.380	   5204.138	   5758.633	     -0.000	      0.001	     -0.002	
 2012/05/30	   0.672	   0.678	   0.668	   0.669	         934901	      0.664	      0.663	      0.669	      0.662	           	      0.000	   9349.010	   6090.704	   5904.134	      0.000	      0.001	     -0.001	
 2012/05/31	   0.669	   0.671	   0.661	   0.669	         766596	      0.665	      0.663	      0.669	      0.662	           	      0.000	   7665.960	   6398.696	   5834.939	      0.000	      0.000	     -0.000	
 2012/06/01	   0.666	   0.672	   0.664	   0.667	         830709	      0.668	      0.665	      0.668	      0.662	           	      0.000	   8307.090	   7318.314	   5681.690	      0.000	      0.000	     -0.000	
 2012/06/04	   0.651	   0.659	   0.648	   0.648	        1159601	      0.665	      0.664	      0.666	      0.661	           	      0.000	  11596.010	   8941.090	   6509.990	     -0.001	      0.000	     -0.002	
 2012/06/05	   0.656	   0.656	   0.646	   0.650	        1250659	      0.661	      0.662	      0.664	      0.661	           	      0.000	  12506.590	   9884.932	   7544.535	     -0.002	     -0.000	     -0.004	
 2012/06/06	   0.650	   0.650	   0.644	   0.647	         862531	      0.656	      0.660	      0.662	      0.660	           	      0.000	   8625.310	   9740.191	   7915.448	     -0.003	     -0.001	     -0.004	
 2012/06/07	   0.650	   0.654	   0.648	   0.648	        1152559	      0.652	      0.659	      0.661	      0.660	           	      0.000	  11525.590	  10512.118	   8455.407	     -0.004	     -0.001	     -0.005	
 2012/06/08	   0.649	   0.651	   0.640	   0.641	        1119047	      0.647	      0.657	      0.660	      0.659	           	      0.000	  11190.470	  11088.794	   9203.554	     -0.005	     -0.002	     -0.005	
 2012/06/11	   0.650	   0.653	   0.643	   0.653	        1048500	      0.648	      0.656	      0.659	      0.659	           	      0.000	  10485.000	  10866.592	   9903.841	     -0.005	     -0.003	     -0.004	
 2012/06/12	   0.645	   0.654	   0.645	   0.645	        2173927	      0.647	      0.654	      0.658	      0.659	           	      0.000	  21739.270	  12713.128	  11299.029	     -0.005	     -0.003	     -0.004	
 2012/06/13	   0.649	   0.665	   0.649	   0.659	        1478900	      0.649	      0.653	      0.658	      0.659	           	      0.000	  14789.000	  13945.866	  11843.029	     -0.004	     -0.003	     -0.002	
 2012/06/14	   0.654	   0.664	   0.654	   0.657	        1295300	      0.651	      0.651	      0.657	      0.659	           	      0.000	  12953.000	  14231.348	  12371.732	     -0.004	     -0.003	     -0.001	
 2012/06/15	   0.655	   0.662	   0.654	   0.660	        1356400	      0.655	      0.651	      0.658	      0.659	           	      0.000	  13564.000	  14706.054	  12897.424	     -0.003	     -0.003	      0.001	
 2012/06/18	   0.658	   0.664	   0.657	   0.658	        1355000	      0.656	      0.652	      0.658	      0.659	           	      0.000	  13550.000	  15319.054	  13092.823	     -0.002	     -0.003	      0.001	
 2012/06/19	   0.660	   0.660	   0.657	   0.657	        1640447	      0.658	      0.652	      0.657	      0.659	           	      0.000	  16404.471	  14252.094	  13482.611	     -0.002	     -0.003	      0.001	
 2012/06/20	   0.657	   0.660	   0.654	   0.654	        1325639	      0.657	      0.653	      0.657	      0.659	           	      0.000	  13256.390	  13945.572	  13945.719	     -0.002	     -0.003	      0.001	
 2012/06/21	   0.654	   0.654	   0.645	   0.645	        1439799	      0.655	      0.653	      0.656	      0.658	           	      0.000	  14397.990	  14234.570	  14232.959	     -0.003	     -0.003	     -0.000	
 2012/06/25	   0.654	   0.654	   0.633	   0.639	        1415531	      0.651	      0.653	      0.655	      0.658	           	      0.000	  14155.310	  14352.832	  14529.443	     -0.004	     -0.003	     -0.002	
 2012/06/26	   0.625	   0.637	   0.625	   0.634	       20674500	      0.646	      0.651	      0.654	      0.658	           	      0.000	 206745.000	  52991.832	  34155.441	     -0.005	     -0.003	     -0.003	
 2012/06/27	   0.633	   0.639	   0.631	   0.634	        2767701	      0.641	      0.650	      0.652	      0.658	           	      0.000	  27677.010	  55246.340	  34749.219	     -0.006	     -0.004	     -0.004	
 2012/06/28	   0.631	   0.634	   0.625	   0.629	        2566266	      0.636	      0.647	      0.650	      0.658	           	      0.000	  25662.660	  57727.594	  35836.582	     -0.007	     -0.004	     -0.005	
 2012/06/29	   0.620	   0.647	   0.620	   0.644	        2219781	      0.636	      0.645	      0.648	      0.658	           	      0.000	  22197.811	  59287.559	  36761.063	     -0.006	     -0.005	     -0.003	
 2012/07/02	   0.637	   0.640	   0.636	   0.637	        1940900	      0.636	      0.643	      0.647	      0.658	           	      0.000	  19409.000	  60338.297	  37345.563	     -0.006	     -0.005	     -0.002	
 2012/07/03	   0.633	   0.644	   0.633	   0.638	        1647058	      0.636	      0.641	      0.646	      0.658	           	      0.000	  16470.580	  22283.412	  37637.621	     -0.006	     -0.005	     -0.002	
 2012/07/04	   0.639	   0.640	   0.633	   0.636	        2458127	      0.637	      0.639	      0.646	      0.658	           	      0.000	  24581.270	  21664.264	  38455.301	     -0.006	     -0.006	     -0.002	
 2012/07/05	   0.633	   0.635	   0.625	   0.635	        2080138	      0.638	      0.637	      0.645	      0.658	           	      0.000	  20801.381	  20692.008	  39209.801	     -0.006	     -0.006	     -0.001	
 2012/07/06	   0.632	   0.645	   0.627	   0.634	        3265799	      0.636	      0.636	      0.644	      0.658	           	      0.000	  32657.990	  22784.045	  41035.801	     -0.006	     -0.006	     -0.001	
 2012/07/09	   0.634	   0.634	   0.627	   0.627	        1739900	      0.634	      0.635	      0.644	      0.658	           	      0.000	  17399.000	  22382.045	  41360.172	     -0.007	     -0.006	     -0.002	
 2012/07/10	   0.621	   0.628	   0.621	   0.625	        1628431	      0.631	      0.634	      0.642	      0.657	           	      0.000	  16284.310	  22344.789	  22314.102	     -0.007	     -0.006	     -0.002	
 2012/07/11	   0.625	   0.629	   0.618	   0.623	        2597100	      0.629	      0.633	      0.641	      0.657	           	      0.000	  25971.000	  22622.736	  22143.500	     -0.008	     -0.007	     -0.002	
 2012/07/12	   0.620	   0.629	   0.615	   0.627	        3244469	      0.627	      0.633	      0.640	      0.656	           	      0.000	  32444.689	  24951.398	  22821.703	     -0.008	     -0.007	     -0.002	
 2012/07/13	   0.620	   0.634	   0.620	   0.628	        2843900	      0.626	      0.631	      0.638	      0.656	           	      0.000	  28439.000	  24107.600	  23445.822	     -0.008	     -0.007	     -0.001	
 2012/07/16	   0.625	   0.625	   0.613	   0.613	        1789501	      0.623	      0.629	      0.636	      0.655	           	      0.000	  17895.010	  24206.801	  23294.424	     -0.008	     -0.007	     -0.002	
 2012/07/17	   0.619	   0.621	   0.617	   0.619	        1761001	      0.622	      0.627	      0.634	      0.655	           	      0.000	  17610.010	  24471.941	  23408.365	     -0.009	     -0.008	     -0.002	
 2012/07/18	   0.655	   0.655	   0.615	   0.620	        1731599	      0.621	      0.625	      0.632	      0.654	           	      0.000	  17315.990	  22740.939	  22681.838	     -0.009	     -0.008	     -0.002	
 2012/07/19	   0.620	   0.633	   0.615	   0.619	        1708101	      0.620	      0.623	      0.630	      0.653	           	      0.000	  17081.010	  19668.203	  22309.801	     -0.009	     -0.008	     -0.001	
 2012/07/20	   0.616	   0.626	   0.616	   0.618	        1898323	      0.618	      0.622	      0.629	      0.652	           	      0.000	  18983.230	  17777.051	  20942.324	     -0.008	     -0.008	     -0.001	
 2012/07/23	   0.617	   0.617	   0.608	   0.610	         497200	      0.617	      0.620	      0.627	      0.651	           	      0.000	   4972.000	  15192.448	  19699.625	     -0.009	     -0.008	     -0.002	
 2012/07/24	   0.608	   0.612	   0.608	   0.611	         367501	      0.616	      0.619	      0.626	      0.650	           	      0.000	   3675.010	  12405.448	  18438.695	     -0.009	     -0.008	     -0.002	
 2012/07/25	   0.610	   0.611	   0.606	   0.606	        1501700	      0.613	      0.617	      0.625	      0.649	           	      0.000	  15017.000	  11945.650	  17343.295	     -0.010	     -0.009	     -0.002	
 2012/07/26	   0.605	   0.610	   0.602	   0.605	        1500500	      0.610	      0.615	      0.624	      0.648	           	      0.000	  15005.000	  11530.448	  15599.326	     -0.010	     -0.009	     -0.002	
 2012/07/27	   0.603	   0.607	   0.603	   0.606	        2430000	      0.608	      0.613	      0.622	      0.646	           	      0.000	  24300.000	  12593.802	  15185.426	     -0.010	     -0.009	     -0.002	
 2012/07/30	   0.604	   0.609	   0.604	   0.606	        1575200	      0.607	      0.612	      0.620	      0.645	           	      0.000	  15752.000	  14749.802	  14971.125	     -0.010	     -0.009	     -0.001	
 2012/07/31	   0.601	   0.607	   0.601	   0.605	        1399200	      0.606	      0.611	      0.619	      0.644	           	      0.000	  13992.000	  16813.199	  14609.324	     -0.010	     -0.009	     -0.001	
 2012/08/01	   0.609	   0.613	   0.606	   0.611	        1748599	      0.607	      0.610	      0.617	      0.642	           	      0.000	  17485.990	  17306.998	  14626.324	     -0.009	     -0.009	      0.000	
 2012/08/02	   0.606	   0.611	   0.603	   0.608	        1600609	      0.607	      0.609	      0.616	      0.641	           	      0.000	  16006.090	  17507.217	  14518.832	     -0.009	     -0.009	      0.001	
 2012/08/03	   0.604	   0.608	   0.603	   0.608	        1449800	      0.608	      0.608	      0.615	      0.640	           	      0.000	  14498.000	  15546.816	  14070.309	     -0.008	     -0.009	      0.001	
 2012/08/06	   0.605	   0.615	   0.605	   0.614	        2304205	      0.609	      0.608	      0.614	      0.639	           	      0.000	  23042.051	  17004.826	  15877.314	     -0.008	     -0.009	      0.002	
 2012/08/07	   0.613	   0.616	   0.612	   0.614	        1664600	      0.611	      0.608	      0.614	      0.638	           	      0.000	  16646.000	  17535.627	  17174.414	     -0.007	     -0.008	      0.003	
 2012/08/08	   0.615	   0.624	   0.614	   0.617	        2487406	      0.612	      0.609	      0.613	      0.637	           	      0.000	  24874.061	  19013.240	  18160.119	     -0.006	     -0.008	      0.004	
 2012/08/09	   0.615	   0.619	   0.611	   0.619	        1508901	      0.614	      0.611	      0.613	      0.637	           	      0.000	  15089.010	  18829.824	  18168.520	     -0.005	     -0.007	      0.005	
 2012/08/10	   0.619	   0.622	   0.608	   0.619	        2067710	      0.617	      0.612	      0.612	      0.636	           	      0.000	  20677.100	  20065.645	  17806.230	     -0.004	     -0.007	      0.005	
 2012/08/13	   0.613	   0.614	   0.607	   0.607	        1324400	      0.615	      0.612	      0.612	      0.635	           	      0.000	  13244.000	  18106.033	  17555.430	     -0.004	     -0.006	      0.004	
 2012/08/14	   0.604	   0.609	   0.597	   0.604	        2235916	      0.613	      0.612	      0.611	      0.634	           	      0.000	  22359.160	  19248.666	  18392.146	     -0.005	     -0.006	      0.002	
 2012/08/15	   0.601	   0.602	   0.595	   0.596	        2471408	      0.609	      0.611	      0.610	      0.633	           	      0.000	  24714.080	  19216.670	  19114.955	     -0.006	     -0.006	      0.000	
 2012/08/16	   0.620	   0.620	   0.594	   0.599	        2250845	      0.605	      0.610	      0.609	      0.632	           	      0.000	  22508.449	  20700.559	  19765.191	     -0.006	     -0.006	     -0.000	
 2012/08/17	   0.598	   0.598	   0.592	   0.595	        2015800	      0.600	      0.608	      0.608	      0.631	           	      0.000	  20158.000	  20596.738	  20331.191	     -0.007	     -0.006	     -0.001	
 2012/08/20	   0.595	   0.599	   0.587	   0.599	        1066201	      0.599	      0.607	      0.607	      0.630	           	      0.000	  10662.010	  20080.340	  19093.188	     -0.007	     -0.006	     -0.001	
 2012/08/21	   0.596	   0.597	   0.589	   0.593	        1933601	      0.596	      0.605	      0.607	      0.629	           	      0.000	  19336.010	  19475.709	  19362.188	     -0.007	     -0.006	     -0.002	
 2012/08/22	   0.591	   0.592	   0.587	   0.587	        1662229	      0.595	      0.602	      0.606	      0.627	           	      0.000	  16622.289	  17857.352	  18537.012	     -0.008	     -0.007	     -0.002	
 2012/08/23	   0.587	   0.592	   0.587	   0.590	        1726335	      0.593	      0.599	      0.605	      0.626	           	      0.000	  17263.350	  16808.332	  18754.445	     -0.008	     -0.007	     -0.002	
 2012/08/24	   0.590	   0.590	   0.582	   0.586	         331111	      0.591	      0.596	      0.604	      0.625	           	      0.000	   3311.110	  13438.954	  17017.846	     -0.009	     -0.007	     -0.003	
 2012/08/27	   0.581	   0.581	   0.574	   0.576	        1610055	      0.586	      0.592	      0.602	      0.623	           	      0.000	  16100.550	  14526.662	  17303.500	     -0.010	     -0.008	     -0.004	
 2012/08/28	   0.574	   0.583	   0.569	   0.576	        2963112	      0.583	      0.590	      0.601	      0.622	           	      0.000	  29631.119	  16585.684	  18030.697	     -0.010	     -0.008	     -0.004	
 2012/08/29	   0.571	   0.578	   0.571	   0.572	        1782964	      0.580	      0.587	      0.599	      0.621	           	      0.000	  17829.641	  16827.154	  17342.252	     -0.011	     -0.009	     -0.004	
 2012/08/30	   0.571	   0.577	   0.571	   0.574	        1626250	      0.577	      0.585	      0.597	      0.619	           	      0.000	  16262.500	  16626.984	  16717.658	     -0.011	     -0.009	     -0.004	
 2012/08/31	   0.573	   0.574	   0.571	   0.574	         513413	      0.574	      0.583	      0.596	      0.618	           	      0.000	   5134.130	  16991.588	  15215.271	     -0.011	     -0.010	     -0.003	
 2012/09/03	   0.574	   0.579	   0.571	   0.579	        1708059	      0.575	      0.581	      0.594	      0.617	           	      0.000	  17080.590	  17187.596	  15857.129	     -0.011	     -0.010	     -0.002	
 2012/09/04	   0.569	   0.584	   0.566	   0.566	        1833714	      0.573	      0.578	      0.591	      0.616	           	      0.000	  18337.141	  14928.800	  15757.242	     -0.012	     -0.010	     -0.003	
 2012/09/05	   0.565	   0.577	   0.564	   0.569	        9680500	      0.572	      0.576	      0.589	      0.614	           	      0.000	  96805.000	  30723.871	  23775.514	     -0.012	     -0.011	     -0.002	
 2012/09/06	   0.575	   0.575	   0.567	   0.571	        3021375	      0.572	      0.574	      0.587	      0.613	           	      0.000	  30213.750	  33514.121	  25070.553	     -0.011	     -0.011	     -0.001	
 2012/09/07	   0.580	   0.600	   0.575	   0.597	        2799676	      0.576	      0.575	      0.586	      0.612	           	      0.000	  27996.760	  38086.648	  27539.117	     -0.009	     -0.010	      0.003	
 2012/09/10	   0.599	   0.599	   0.594	   0.599	        1613355	      0.580	      0.578	      0.585	      0.611	           	      0.000	  16133.550	  37897.238	  27542.418	     -0.007	     -0.010	      0.006	
 2012/09/11	   0.593	   0.595	   0.589	   0.594	        1523428	      0.586	      0.580	      0.585	      0.610	           	      0.000	  15234.280	  37276.668	  26102.734	     -0.006	     -0.009	      0.007	
 2012/09/12	   0.596	   0.598	   0.591	   0.595	        2430800	      0.591	      0.582	      0.585	      0.609	           	      0.000	  24308.000	  22777.268	  26750.570	     -0.004	     -0.008	      0.007	
 2012/09/13	   0.600	   0.600	   0.590	   0.594	        1783094	      0.596	      0.584	      0.584	      0.608	           	      0.000	  17830.939	  20300.705	  26907.414	     -0.003	     -0.007	      0.007	
 2012/09/14	   0.596	   0.598	   0.589	   0.598	         529300	      0.596	      0.586	      0.584	      0.607	           	      0.000	   5293.000	  15759.954	  26923.301	     -0.002	     -0.006	      0.008	
 2012/09/17	   0.598	   0.598	   0.582	   0.582	        1763000	      0.593	      0.586	      0.584	      0.606	           	      0.000	  17630.000	  16059.244	  26978.242	     -0.003	     -0.005	      0.005	
 2012/09/18	   0.576	   0.587	   0.571	   0.575	        1471731	      0.589	      0.587	      0.583	      0.605	           	      0.000	  14717.310	  15955.850	  26616.260	     -0.004	     -0.005	      0.003	
 2012/09/19	   0.575	   0.579	   0.573	   0.578	         302300	      0.585	      0.588	      0.582	      0.604	           	      0.000	   3023.000	  11698.850	  17238.059	     -0.004	     -0.005	      0.002	
 2012/09/20	   0.583	   0.583	   0.565	   0.567	         362300	      0.580	      0.588	      0.581	      0.603	           	      0.000	   3623.000	   8857.262	  14578.984	     -0.005	     -0.005	     -0.000	
 2012/09/21	   0.561	   0.580	   0.556	   0.577	        2081663	      0.576	      0.586	      0.581	      0.602	           	      0.000	  20816.631	  11961.988	  13860.971	     -0.005	     -0.005	     -0.000	
 2012/09/24	   0.569	   0.575	   0.559	   0.569	        2309581	      0.573	      0.583	      0.580	      0.601	           	      0.000	  23095.811	  13055.150	  14557.197	     -0.006	     -0.005	     -0.001	
 2012/09/25	   0.570	   0.578	   0.560	   0.567	        1447035	      0.572	      0.580	      0.580	      0.600	           	      0.000	  14470.350	  13005.758	  14480.804	     -0.006	     -0.005	     -0.002	
 2012/09/26	   0.573	   0.573	   0.562	   0.566	         295800	      0.569	      0.577	      0.580	      0.599	           	      0.000	   2958.000	  12992.758	  12345.804	     -0.007	     -0.006	     -0.002	
 2012/09/27	   0.563	   0.582	   0.560	   0.574	        1696435	      0.571	      0.575	      0.580	      0.598	           	      0.000	  16964.350	  15661.028	  12259.145	     -0.006	     -0.006	     -0.001	
 2012/09/28	   0.574	   0.595	   0.574	   0.595	        6271898	      0.574	      0.575	      0.581	      0.597	           	      0.000	  62718.980	  24041.498	  18001.742	     -0.004	     -0.006	      0.002	
 2012/10/08	   0.594	   0.594	   0.582	   0.589	        1704600	      0.578	      0.576	      0.581	      0.596	           	      0.000	  17046.000	  22831.535	  17943.344	     -0.003	     -0.005	      0.004	
 2012/10/09	   0.589	   0.601	   0.589	   0.598	        9529507	      0.584	      0.578	      0.583	      0.596	           	      0.000	  95295.070	  38996.480	  26001.119	     -0.002	     -0.004	      0.006	
 2012/10/10	   0.588	   0.599	   0.588	   0.599	        1728007	      0.591	      0.580	      0.584	      0.595	           	      0.000	  17280.070	  41860.895	  27426.826	     -0.000	     -0.004	      0.007	
 2012/10/11	   0.591	   0.598	   0.590	   0.592	        1419600	      0.595	      0.583	      0.585	      0.595	           	      0.000	  14196.000	  41307.223	  28484.127	      0.000	     -0.003	      0.006	
 2012/10/12	   0.594	   0.601	   0.592	   0.592	        1443063	      0.594	      0.584	      0.585	      0.594	           	      0.000	  14430.630	  31649.555	  27845.525	      0.001	     -0.002	      0.006	
 2012/10/15	   0.595	   0.595	   0.587	   0.592	         798220	      0.595	      0.586	      0.585	      0.594	           	      0.000	   7982.200	  29836.795	  26334.164	      0.001	     -0.001	      0.005	
 2012/10/16	   0.587	   0.597	   0.587	   0.593	         603906	      0.594	      0.589	      0.585	      0.594	           	      0.000	   6039.060	  11985.592	  25491.035	      0.001	     -0.001	      0.005	
 2012/10/17	   0.593	   0.596	   0.589	   0.593	         423051	      0.592	      0.592	      0.585	      0.593	           	      0.000	   4230.510	   9375.680	  25618.287	      0.002	     -0.000	      0.004	
 2012/10/18	   0.599	   0.604	   0.594	   0.603	       10884990	      0.595	      0.595	      0.585	      0.593	           	      0.000	 108849.898	  28306.459	  34806.844	      0.003	      0.000	      0.005	
 2012/10/19	   0.603	   0.603	   0.594	   0.599	         453305	      0.596	      0.595	      0.585	      0.592	           	      0.000	   4533.050	  26326.943	  28988.248	      0.003	      0.001	      0.004	
 2012/10/22	   0.595	   0.605	   0.594	   0.604	       18162094	      0.598	      0.596	      0.586	      0.592	           	      0.000	 181620.938	  61054.691	  45445.742	      0.004	      0.001	      0.005	
 2012/10/23	   0.603	   0.603	   0.597	   0.601	         332897	      0.600	      0.597	      0.587	      0.592	           	      0.000	   3328.970	  60512.672	  36249.133	      0.004	      0.002	      0.004	
 2012/10/24	   0.594	   0.602	   0.594	   0.599	         433874	      0.601	      0.597	      0.588	      0.592	           	      0.000	   4338.740	  60534.320	  34955.000	      0.004	      0.002	      0.003	
 2012/10/25	   0.593	   0.599	   0.593	   0.596	         455560	      0.600	      0.597	      0.590	      0.592	           	      0.000	   4555.600	  39675.461	  33990.961	      0.004	      0.003	      0.002	
 2012/10/26	   0.597	   0.597	   0.585	   0.586	         659099	      0.597	      0.597	      0.590	      0.592	           	      0.000	   6590.990	  40087.047	  33206.996	      0.003	      0.003	      0.000	
 2012/10/29	   0.586	   0.586	   0.576	   0.579	         822960	      0.592	      0.595	      0.591	      0.591	           	      0.000	   8229.600	   5408.780	  33231.734	      0.001	      0.002	     -0.002	
 2012/10/30	   0.577	   0.595	   0.574	   0.593	         675957	      0.591	      0.595	      0.592	      0.591	           	      0.000	   6759.570	   6094.900	  33303.785	      0.001	      0.002	     -0.002	
 2012/10/31	   0.592	   0.592	   0.580	   0.581	        2477000	      0.587	      0.594	      0.593	      0.590	           	      0.000	  24770.000	  10181.152	  35357.734	      0.000	      0.002	     -0.003	
 2012/11/01	   0.584	   0.597	   0.582	   0.590	        2349901	      0.586	      0.593	      0.594	      0.590	           	      0.000	  23499.010	  13969.834	  26822.646	      0.000	      0.001	     -0.003	
 2012/11/02	   0.590	   0.597	   0.590	   0.592	        1604900	      0.587	      0.592	      0.594	      0.590	           	      0.000	  16049.000	  15861.436	  27974.242	      0.000	      0.001	     -0.002	
 2012/11/05	   0.595	   0.596	   0.590	   0.595	        1932405	      0.590	      0.591	      0.594	      0.590	           	      0.000	  19324.051	  18080.326	  11744.553	      0.001	      0.001	     -0.001	
 2012/11/06	   0.592	   0.592	   0.586	   0.591	        1831300	      0.590	      0.590	      0.594	      0.589	           	      0.000	  18313.000	  20391.012	  13242.956	      0.001	      0.001	     -0.001	
 2012/11/07	   0.586	   0.597	   0.586	   0.594	        2418078	      0.592	      0.590	      0.593	      0.589	           	      0.000	  24180.779	  20273.168	  15227.160	      0.001	      0.001	     -0.000	
 2012/11/08	   0.589	   0.589	   0.582	   0.582	         561500	      0.591	      0.588	      0.593	      0.588	           	      0.000	   5615.000	  16696.365	  15333.100	     -0.000	      0.001	     -0.002	
 2012/11/09	   0.580	   0.583	   0.577	   0.579	        1759200	      0.588	      0.588	      0.592	      0.588	           	      0.000	  17592.000	  17004.967	  16433.201	     -0.001	      0.000	     -0.003	
 2012/11/12	   0.582	   0.584	   0.581	   0.581	        1650600	      0.585	      0.588	      0.592	      0.587	           	      0.000	  16506.000	  16441.355	  17260.842	     -0.002	     -0.000	     -0.003	
 2012/11/13	   0.581	   0.581	   0.575	   0.575	         464399	      0.582	      0.586	      0.591	      0.587	           	      0.000	   4643.990	  13707.554	  17049.283	     -0.002	     -0.001	     -0.004	
 2012/11/14	   0.577	   0.595	   0.574	   0.582	         437004	      0.580	      0.586	      0.590	      0.586	           	      0.000	   4370.040	   9745.406	  15009.287	     -0.002	     -0.001	     -0.003	
 2012/11/15	   0.576	   0.591	   0.571	   0.574	         494600	      0.578	      0.585	      0.589	      0.586	           	      0.000	   4946.000	   9611.606	  13153.986	     -0.003	     -0.001	     -0.004	
 2012/11/16	   0.568	   0.579	   0.568	   0.576	         218204	      0.578	      0.583	      0.587	      0.586	           	      0.000	   2182.040	   6529.614	  11767.290	     -0.004	     -0.002	     -0.003	
 2012/11/19	   0.574	   0.575	   0.565	   0.573	        1178800	      0.576	      0.581	      0.586	      0.585	           	      0.000	  11788.000	   5586.014	  11013.685	     -0.004	     -0.002	     -0.004	
 2012/11/20	   0.572	   0.572	   0.563	   0.566	         517701	      0.574	      0.578	      0.584	      0.585	           	      0.000	   5177.010	   5692.618	   9700.086	     -0.005	     -0.003	     -0.004	
 2012/11/21	   0.567	   0.571	   0.566	   0.571	         483770	      0.572	      0.576	      0.583	      0.585	           	      0.000	   4837.700	   5786.150	   7765.778	     -0.005	     -0.003	     -0.004	
 2012/11/22	   0.566	   0.571	   0.565	   0.570	         363901	      0.571	      0.575	      0.581	      0.584	           	      0.000	   3639.010	   5524.752	   7568.179	     -0.005	     -0.004	     -0.003	
 2012/11/23	   0.574	   0.575	   0.571	   0.571	         580900	      0.570	      0.574	      0.581	      0.584	           	      0.000	   5809.000	   6250.144	   6389.879	     -0.005	     -0.004	     -0.003	
 2012/11/26	   0.572	   0.577	   0.563	   0.570	         749100	      0.570	      0.573	      0.580	      0.584	           	      0.000	   7491.000	   5390.744	   5488.379	     -0.005	     -0.004	     -0.002	
 2012/11/27	   0.568	   0.571	   0.563	   0.563	         997899	      0.569	      0.572	      0.579	      0.584	           	      0.000	   9978.990	   6351.140	   6021.879	     -0.006	     -0.005	     -0.003	
 2012/11/28	   0.562	   0.562	   0.559	   0.559	        1176849	      0.567	      0.569	      0.578	      0.583	           	      0.000	  11768.490	   7737.298	   6761.724	     -0.007	     -0.005	     -0.003	
 2012/11/29	   0.561	   0.567	   0.559	   0.560	        2283748	      0.565	      0.568	      0.576	      0.583	           	      0.000	  22837.480	  11576.992	   8550.872	     -0.007	     -0.005	     -0.003	
 2012/11/30	   0.559	   0.572	   0.556	   0.572	        4875905	      0.565	      0.567	      0.575	      0.583	           	      0.000	  48759.051	  20167.002	  13208.573	     -0.006	     -0.006	     -0.001	
 2012/12/03	   0.567	   0.567	   0.561	   0.561	        1041601	      0.563	      0.566	      0.573	      0.583	           	      0.000	  10416.010	  20752.004	  13071.374	     -0.006	     -0.006	     -0.001	
 2012/12/04	   0.558	   0.569	   0.558	   0.567	        1712147	      0.564	      0.566	      0.572	      0.583	           	      0.000	  17121.471	  22180.500	  14265.820	     -0.006	     -0.006	     -0.000	
 2012/12/05	   0.570	   0.590	   0.570	   0.586	        6397501	      0.569	      0.568	      0.572	      0.583	           	      0.000	  63975.012	  32621.805	  20179.551	     -0.004	     -0.005	      0.003	
 2012/12/06	   0.586	   0.588	   0.573	   0.588	        1066053	      0.575	      0.570	      0.572	      0.583	           	      0.000	  10660.530	  30186.414	  20881.703	     -0.002	     -0.005	      0.005	
 2012/12/07	   0.587	   0.601	   0.586	   0.600	        4301723	      0.580	      0.573	      0.573	      0.583	           	      0.000	  43017.230	  29038.051	  24602.527	     -0.000	     -0.004	      0.008	
 2012/12/10	   0.598	   0.615	   0.598	   0.614	      402849472	      0.591	      0.577	      0.575	      0.584	           	      0.000	4028494.750	 832653.813	 426702.906	      0.003	     -0.003	      0.011	
 2012/12/11	   0.603	   0.608	   0.601	   0.604	         913546	      0.598	      0.581	      0.576	      0.584	           	      0.000	   9135.460	 831056.625	 426618.563	      0.004	     -0.001	      0.011	
 2012/12/12	   0.600	   0.610	   0.600	   0.605	       52629900	      0.602	      0.586	      0.577	      0.584	           	      0.000	 526299.000	 923521.375	 478071.594	      0.005	      0.000	      0.011	
 2012/12/13	   0.605	   0.605	   0.600	   0.603	         406900	      0.605	      0.590	      0.579	      0.584	           	      0.000	   4069.000	 922203.063	 476194.750	      0.006	      0.001	      0.010	
 2012/12/14	   0.603	   0.634	   0.603	   0.633	        3380865	      0.612	      0.596	      0.582	      0.585	           	      0.000	  33808.648	 920361.375	 474699.719	      0.009	      0.003	      0.012	
 2012/12/17	   0.635	   0.640	   0.631	   0.635	        1890187	      0.616	      0.604	      0.585	      0.586	           	      0.000	  18901.869	 118442.797	 475548.313	      0.011	      0.005	      0.014	
 2012/12/18	   0.637	   0.649	   0.628	   0.641	        5857185	      0.623	      0.611	      0.589	      0.587	           	      0.000	  58571.852	 128330.070	 479693.344	      0.013	      0.006	      0.014	
 2012/12/19	   0.633	   0.641	   0.633	   0.636	        1450028	      0.630	      0.616	      0.592	      0.588	           	      0.000	  14500.280	  25970.330	 474745.875	      0.015	      0.008	      0.013	
 2012/12/20	   0.630	   0.641	   0.628	   0.640	         739804	      0.637	      0.621	      0.595	      0.589	           	      0.000	   7398.040	  26636.139	 474419.625	      0.016	      0.010	      0.012	
 2012/12/21	   0.641	   0.649	   0.636	   0.642	        2041843	      0.639	      0.625	      0.599	      0.590	           	      0.000	  20418.430	  23958.094	 472159.719	      0.016	      0.011	      0.011	
 2012/12/24	   0.640	   0.649	   0.639	   0.647	        2069903	      0.641	      0.629	      0.603	      0.591	           	      0.000	  20699.029	  24317.525	  71380.164	      0.017	      0.012	      0.010	
 2012/12/25	   0.646	   0.667	   0.638	   0.664	        1555480	      0.646	      0.635	      0.608	      0.593	           	      0.000	  15554.800	  15714.116	  72022.094	      0.019	      0.014	      0.011	
 2012/12/26	   0.664	   0.665	   0.652	   0.662	        5208673	      0.651	      0.640	      0.613	      0.595	           	      0.000	  52086.730	  23231.406	  24600.867	      0.020	      0.015	      0.011	
 2012/12/27	   0.663	   0.669	   0.656	   0.658	        5433507	      0.655	      0.646	      0.618	      0.596	           	      0.000	  54335.070	  32618.813	  29627.475	      0.020	      0.016	      0.009	
 2012/12/28	   0.656	   0.670	   0.655	   0.667	       52350800	      0.660	      0.649	      0.623	      0.597	           	      0.000	 523508.000	 133236.719	  78597.406	      0.021	      0.017	      0.008	
 2012/12/31	   0.670	   0.684	   0.670	   0.681	       13392640	      0.666	      0.654	      0.629	      0.599	           	      0.000	 133926.406	 155882.203	  90099.867	      0.023	      0.018	      0.009	
 2013/01/04	   0.686	   0.693	   0.680	   0.690	        2684096	      0.672	      0.659	      0.635	      0.600	           	      0.000	  26840.961	 158139.438	  86926.773	      0.024	      0.019	      0.010	
 2013/01/07	   0.689	   0.693	   0.682	   0.691	        1893303	      0.677	      0.664	      0.640	      0.602	           	      0.000	  18933.029	 151508.688	  87370.047	      0.025	      0.020	      0.009	
 2013/01/08	   0.670	   0.691	   0.670	   0.685	        2378591	      0.683	      0.669	      0.645	      0.603	           	      0.000	  23785.910	 145398.859	  89008.836	      0.025	      0.021	      0.008	
 2013/01/09	   0.679	   0.689	   0.679	   0.680	         398891	      0.685	      0.673	      0.649	      0.605	           	      0.000	   3988.910	  41495.043	  87365.883	      0.025	      0.022	      0.005	
 2013/01/10	   0.680	   0.690	   0.680	   0.685	         631777	      0.686	      0.676	      0.652	      0.606	           	      0.000	   6317.770	  15973.316	  85927.758	      0.024	      0.022	      0.003	
 2013/01/11	   0.680	   0.682	   0.671	   0.672	         648000	      0.683	      0.677	      0.656	      0.608	           	      0.000	   6480.000	  11901.124	  85020.281	      0.023	      0.022	      0.000	
 2013/01/14	   0.671	   0.698	   0.666	   0.698	         540833	      0.684	      0.681	      0.660	      0.609	           	      0.000	   5408.330	   9196.184	  80352.438	      0.023	      0.023	      0.001	
 2013/01/15	   0.699	   0.704	   0.691	   0.703	        2740184	      0.688	      0.685	      0.665	      0.611	           	      0.000	  27401.840	   9919.370	  77659.117	      0.024	      0.023	      0.002	
 2013/01/16	   0.700	   0.701	   0.692	   0.695	         581500	      0.691	      0.688	      0.669	      0.613	           	      0.000	   5815.000	  10284.588	  25889.816	      0.023	      0.023	      0.001	
 2013/01/17	   0.682	   0.696	   0.680	   0.686	         233743	      0.691	      0.688	      0.671	      0.614	           	      0.000	   2337.430	   9488.520	  12730.918	      0.022	      0.023	     -0.002	
 2013/01/18	   0.680	   0.698	   0.680	   0.698	         471108	      0.696	      0.689	      0.674	      0.616	           	      0.000	   4711.080	   9134.736	  10517.930	      0.022	      0.022	     -0.002	
 2013/01/21	   0.695	   0.704	   0.692	   0.704	        1022700	      0.697	      0.691	      0.677	      0.617	           	      0.000	  10227.000	  10098.470	   9647.327	      0.021	      0.022	     -0.002	
 2013/01/22	   0.703	   0.708	   0.695	   0.703	        1759501	      0.697	      0.692	      0.681	      0.619	           	      0.000	  17595.010	   8137.104	   9028.237	      0.021	      0.022	     -0.002	
 2013/01/23	   0.696	   0.708	   0.694	   0.704	         242015	      0.699	      0.695	      0.684	      0.621	           	      0.000	   2420.150	   7458.134	   8871.361	      0.021	      0.022	     -0.002	
 2013/01/24	   0.704	   0.729	   0.700	   0.702	        2473068	      0.702	      0.697	      0.686	      0.623	           	      0.000	  24730.680	  11936.784	  10712.652	      0.020	      0.021	     -0.003	
 2013/01/25	   0.691	   0.703	   0.691	   0.694	        1071191	      0.701	      0.699	      0.688	      0.625	           	      0.000	  10711.910	  13136.950	  11135.843	      0.018	      0.021	     -0.005	
 2013/01/28	   0.692	   0.720	   0.692	   0.719	        9520003	      0.704	      0.701	      0.691	      0.627	           	      0.000	  95200.031	  30131.557	  20115.014	      0.019	      0.020	     -0.003	
 2013/01/29	   0.720	   0.731	   0.713	   0.730	        1331281	      0.710	      0.704	      0.694	      0.629	           	      0.000	  13312.810	  29275.115	  18706.109	      0.020	      0.020	     -0.000	
 2013/01/30	   0.730	   0.736	   0.725	   0.733	        8777492	      0.716	      0.707	      0.698	      0.632	           	      0.000	  87774.922	  46346.070	  26902.102	      0.021	      0.021	      0.001	
 2013/01/31	   0.735	   0.740	   0.729	   0.735	       69030928	      0.722	      0.712	      0.700	      0.634	           	      0.000	 690309.250	 179461.781	  95699.281	      0.022	      0.021	      0.002	
 2013/02/01	   0.733	   0.756	   0.727	   0.756	      324042464	      0.735	      0.718	      0.704	      0.637	           	      0.000	3240424.750	 825404.375	 419270.656	      0.024	      0.021	      0.005	
 2013/02/04	   0.755	   0.768	   0.755	   0.761	        3096207	      0.743	      0.724	      0.707	      0.640	           	      0.000	  30962.070	 812556.750	 421344.156	      0.025	      0.022	      0.006	
 2013/02/05	   0.756	   0.764	   0.751	   0.761	        3049458	      0.749	      0.729	      0.711	      0.643	           	      0.000	  30494.580	 815993.125	 422634.125	      0.026	      0.023	      0.007	
 2013/02/06	   0.751	   0.766	   0.741	   0.762	        1015511	      0.755	      0.735	      0.715	      0.646	           	      0.000	  10155.110	 800469.125	 423407.625	      0.027	      0.024	      0.006	
 2013/02/07	   0.758	   0.761	   0.743	   0.758	        1126783	      0.760	      0.741	      0.719	      0.649	           	      0.000	  11267.830	 664660.875	 422061.313	      0.027	      0.024	      0.005	
 2013/02/08	   0.758	   0.761	   0.752	   0.758	        1665500	      0.760	      0.747	      0.723	      0.652	           	      0.000	  16655.000	  19906.918	 422655.625	      0.026	      0.025	      0.003	
 2013/02/18	   0.758	   0.759	   0.745	   0.746	        1421450	      0.757	      0.750	      0.725	      0.654	           	      0.000	  14214.500	  16557.404	 414557.094	      0.025	      0.025	     -0.000	
 2013/02/19	   0.742	   0.743	   0.727	   0.730	        1693279	      0.751	      0.750	      0.727	      0.657	           	      0.000	  16932.789	  13845.046	 414919.094	      0.022	      0.024	     -0.005	
 2013/02/20	   0.730	   0.735	   0.720	   0.735	         725480	      0.745	      0.750	      0.729	      0.660	           	      0.000	   7254.800	  13264.983	 406867.063	      0.020	      0.023	     -0.007	
 2013/02/21	   0.722	   0.728	   0.698	   0.704	      144309712	      0.735	      0.747	      0.730	      0.662	           	      0.000	1443097.125	 299630.844	 482145.844	      0.016	      0.022	     -0.013	
 2013/02/22	   0.700	   0.704	   0.690	   0.696	        3465713	      0.722	      0.741	      0.730	      0.664	           	      0.000	  34657.129	 303231.281	 161569.094	      0.011	      0.020	     -0.017	
 2013/02/25	   0.696	   0.709	   0.696	   0.707	        2213012	      0.714	      0.736	      0.730	      0.666	           	      0.000	  22130.119	 304814.406	 160685.891	      0.009	      0.018	     -0.017	
 2013/02/26	   0.696	   0.709	   0.692	   0.700	      137892896	      0.708	      0.730	      0.730	      0.669	           	      0.000	1378929.000	 577213.625	 295529.344	      0.006	      0.015	     -0.018	
 2013/02/27	   0.700	   0.710	   0.696	   0.703	         708012	      0.702	      0.724	      0.729	      0.671	           	      0.000	   7080.120	 577178.688	 295221.844	      0.004	      0.013	     -0.018	
 2013/02/28	   0.702	   0.725	   0.701	   0.725	        2645855	      0.706	      0.720	      0.731	      0.673	           	      0.000	  26458.551	 293850.969	 296740.906	      0.004	      0.011	     -0.014	
 2013/03/01	   0.720	   0.725	   0.711	   0.719	        1537284	      0.711	      0.716	      0.732	      0.676	           	      0.000	  15372.840	 289994.125	 296612.688	      0.004	      0.010	     -0.012	
 2013/03/04	   0.719	   0.719	   0.680	   0.687	        1495212	      0.707	      0.711	      0.730	      0.678	           	      0.000	  14952.120	 288558.531	 296686.469	      0.001	      0.008	     -0.014	
 2013/03/05	   0.686	   0.708	   0.682	   0.707	        1782668	      0.708	      0.708	      0.729	      0.680	           	      0.000	  17826.680	  16338.063	 296775.844	      0.001	      0.007	     -0.012	
 2013/03/06	   0.710	   0.720	   0.705	   0.719	        2003308	      0.711	      0.707	      0.728	      0.683	           	      0.000	  20033.080	  18928.654	 298053.688	      0.001	      0.005	     -0.009	
 2013/03/07	   0.708	   0.715	   0.691	   0.702	         568672	      0.707	      0.706	      0.727	      0.685	           	      0.000	   5686.720	  14774.288	 154312.641	     -0.000	      0.004	     -0.009	
 2013/03/08	   0.702	   0.712	   0.700	   0.701	         218000	      0.703	      0.707	      0.724	      0.688	           	      0.000	   2180.000	  12135.720	 151064.922	     -0.001	      0.003	     -0.009	
 2013/03/11	   0.702	   0.702	   0.691	   0.697	         310567	      0.705	      0.706	      0.721	      0.689	           	      0.000	   3105.670	   9766.430	 149162.484	     -0.002	      0.002	     -0.008	
 2013/03/12	   0.693	   0.702	   0.680	   0.690	        2078645	      0.702	      0.705	      0.717	      0.691	           	      0.000	  20786.449	  10358.384	  13348.223	     -0.003	      0.001	     -0.009	
 2013/03/13	   0.683	   0.686	   0.678	   0.682	        1657560	      0.694	      0.703	      0.713	      0.692	           	      0.000	  16575.600	   9666.888	  14297.771	     -0.005	     -0.000	     -0.010	
 2013/03/14	   0.682	   0.689	   0.676	   0.688	        1102581	      0.692	      0.699	      0.710	      0.694	           	      0.000	  11025.810	  10734.706	  12754.497	     -0.006	     -0.001	     -0.009	
 2013/03/15	   0.680	   0.700	   0.674	   0.682	        2872535	      0.688	      0.696	      0.706	      0.695	           	      0.000	  28725.350	  16043.775	  14089.748	     -0.007	     -0.002	     -0.009	
 2013/03/18	   0.688	   0.688	   0.670	   0.673	         836455	      0.683	      0.694	      0.702	      0.696	           	      0.000	   8364.550	  17095.551	  13430.991	     -0.008	     -0.003	     -0.009	
 2013/03/19	   0.695	   0.695	   0.670	   0.682	         380219	      0.681	      0.692	      0.700	      0.697	           	      0.000	   3802.190	  13698.699	  12028.542	     -0.008	     -0.004	     -0.008	
 2013/03/20	   0.682	   0.706	   0.680	   0.705	        1808734	      0.686	      0.690	      0.698	      0.699	           	      0.000	  18087.340	  14001.048	  11833.968	     -0.007	     -0.005	     -0.004	
 2013/03/21	   0.706	   0.714	   0.702	   0.706	        1358721	      0.690	      0.691	      0.699	      0.700	           	      0.000	  13587.210	  14513.328	  12624.017	     -0.005	     -0.005	     -0.001	
 2013/03/22	   0.710	   0.710	   0.686	   0.705	        1463031	      0.694	      0.691	      0.699	      0.701	           	      0.000	  14630.310	  11694.320	  13869.048	     -0.004	     -0.005	      0.001	
 2013/03/25	   0.701	   0.713	   0.701	   0.707	        1264500	      0.701	      0.692	      0.699	      0.702	           	      0.000	  12645.000	  12550.410	  14822.980	     -0.003	     -0.004	      0.003	
 2013/03/26	   0.702	   0.702	   0.688	   0.692	        2453100	      0.703	      0.692	      0.699	      0.703	           	      0.000	  24531.000	  16696.172	  15197.436	     -0.003	     -0.004	      0.002	
 2013/03/27	   0.695	   0.701	   0.691	   0.695	        1280331	      0.701	      0.693	      0.698	      0.704	           	      0.000	  12803.310	  15639.366	  14820.207	     -0.003	     -0.004	      0.002	
 2013/03/28	   0.688	   0.688	   0.660	   0.669	        2972073	      0.694	      0.692	      0.695	      0.704	           	      0.000	  29720.730	  18866.070	  16689.699	     -0.005	     -0.004	     -0.002	
 2013/03/29	   0.665	   0.670	   0.665	   0.670	         454062	      0.687	      0.690	      0.693	      0.704	           	      0.000	   4540.620	  16848.133	  14271.226	     -0.007	     -0.005	     -0.004	
 2013/04/01	   0.660	   0.670	   0.660	   0.670	         364131	      0.679	      0.690	      0.692	      0.704	           	      0.000	   3641.310	  15047.395	  13798.902	     -0.008	     -0.005	     -0.005	
 2013/04/02	   0.668	   0.680	   0.660	   0.663	        9214406	      0.673	      0.688	      0.690	      0.704	           	      0.000	  92144.063	  28570.006	  22633.090	     -0.009	     -0.006	     -0.006	
 2013/04/03	   0.666	   0.670	   0.662	   0.662	         359000	      0.667	      0.684	      0.687	      0.704	           	      0.000	   3590.000	  26727.344	  21183.355	     -0.010	     -0.007	     -0.006	
 2013/04/08	   0.650	   0.660	   0.649	   0.658	         232400	      0.665	      0.679	      0.685	      0.704	           	      0.000	   2324.000	  21247.998	  20057.035	     -0.011	     -0.008	     -0.007	
 2013/04/09	   0.658	   0.669	   0.658	   0.662	          68700	      0.663	      0.675	      0.683	      0.704	           	      0.000	    687.000	  20477.275	  18662.703	     -0.011	     -0.008	     -0.006	
 2013/04/10	   0.663	   0.668	   0.661	   0.661	         584210	      0.661	      0.670	      0.681	      0.703	           	      0.000	   5842.100	  20917.432	  17982.414	     -0.012	     -0.009	     -0.005	
 2013/04/11	   0.667	   0.675	   0.665	   0.665	        2290696	      0.662	      0.668	      0.680	      0.703	           	      0.000	  22906.961	   7070.012	  17820.010	     -0.011	     -0.009	     -0.003	
 2013/04/12	   0.662	   0.671	   0.660	   0.662	         331100	      0.662	      0.664	      0.679	      0.702	           	      0.000	   3311.000	   7014.212	  16870.779	     -0.011	     -0.010	     -0.003	
 2013/04/15	   0.657	   0.660	   0.643	   0.654	         387400	      0.661	      0.663	      0.677	      0.702	           	      0.000	   3874.000	   7324.212	  14286.105	     -0.012	     -0.010	     -0.003	
 2013/04/16	   0.661	   0.661	   0.651	   0.661	        3068465	      0.661	      0.662	      0.676	      0.702	           	      0.000	  30684.650	  13323.742	  16900.508	     -0.011	     -0.010	     -0.002	
 2013/04/17	   0.662	   0.663	   0.651	   0.660	        6290032	      0.660	      0.661	      0.675	      0.701	           	      0.000	  62900.320	  24735.387	  22826.410	     -0.011	     -0.010	     -0.001	
 2013/04/18	   0.656	   0.660	   0.646	   0.660	        4384762	      0.659	      0.660	      0.674	      0.700	           	      0.000	  43847.621	  28923.518	  17996.766	     -0.010	     -0.010	     -0.000	
 2013/04/19	   0.666	   0.685	   0.665	   0.682	        3195726	      0.663	      0.663	      0.673	      0.700	           	      0.000	  31957.260	  34652.770	  20833.492	     -0.008	     -0.010	      0.003	
 2013/04/22	   0.676	   0.682	   0.675	   0.682	        2954064	      0.669	      0.665	      0.672	      0.700	           	      0.000	  29540.641	  39786.098	  23555.156	     -0.006	     -0.009	      0.006	
 2013/04/23	   0.673	   0.673	   0.660	   0.661	         864738	      0.669	      0.665	      0.670	      0.699	           	      0.000	   8647.380	  35378.645	  24351.193	     -0.007	     -0.009	      0.004	
 2013/04/24	   0.660	   0.673	   0.659	   0.672	        2386599	      0.671	      0.666	      0.668	      0.699	           	      0.000	  23865.990	  27571.777	  26153.582	     -0.006	     -0.008	      0.005	
 2013/04/25	   0.670	   0.672	   0.660	   0.665	         910139	      0.672	      0.666	      0.667	      0.698	           	      0.000	   9101.390	  20622.531	  24773.025	     -0.006	     -0.008	      0.004	
 2013/04/26	   0.670	   0.670	   0.660	   0.664	        1805100	      0.669	      0.666	      0.665	      0.698	           	      0.000	  18051.000	  17841.279	  26247.025	     -0.006	     -0.007	      0.003	
 2013/05/02	   0.658	   0.663	   0.653	   0.662	        1692100	      0.665	      0.667	      0.665	      0.697	           	      0.000	  16921.000	  15317.352	  27551.725	     -0.006	     -0.007	      0.003	
 2013/05/03	   0.660	   0.679	   0.660	   0.676	        1856974	      0.668	      0.668	      0.665	      0.697	           	      0.000	  18569.740	  17301.824	  26340.234	     -0.005	     -0.006	      0.004	
 2013/05/06	   0.676	   0.682	   0.676	   0.680	        1328988	      0.669	      0.670	      0.666	      0.696	           	      0.000	  13289.880	  15186.602	  21379.189	     -0.003	     -0.006	      0.005	
 2013/05/07	   0.680	   0.680	   0.676	   0.678	         404978	      0.672	      0.672	      0.666	      0.695	           	      0.000	   4049.780	  14176.280	  17399.406	     -0.002	     -0.005	      0.006	
 2013/05/08	   0.683	   0.687	   0.681	   0.683	         668021	      0.676	      0.672	      0.667	      0.694	           	      0.000	   6680.210	  11902.122	  14871.701	     -0.001	     -0.004	      0.006	
 2013/05/09	   0.679	   0.680	   0.672	   0.676	         619300	      0.679	      0.672	      0.668	      0.693	           	      0.000	   6193.000	   9756.522	  12536.937	     -0.001	     -0.004	      0.006	
 2013/05/10	   0.673	   0.679	   0.673	   0.677	        1866695	      0.679	      0.673	      0.669	      0.692	           	      0.000	  18666.949	   9775.964	  13538.894	     -0.001	     -0.003	      0.005	
 2013/05/13	   0.685	   0.685	   0.675	   0.676	        1232765	      0.678	      0.674	      0.670	      0.691	           	      0.000	  12327.650	   9583.518	  12385.060	     -0.000	     -0.002	      0.004	
 2013/05/14	   0.675	   0.675	   0.666	   0.668	        5495800	      0.676	      0.674	      0.670	      0.689	           	      0.000	  54958.000	  19765.162	  16970.721	     -0.001	     -0.002	      0.003	
 2013/05/15	   0.666	   0.671	   0.666	   0.670	        2624272	      0.673	      0.675	      0.670	      0.688	           	      0.000	  26242.721	  23677.664	  17789.893	     -0.001	     -0.002	      0.002	
 2013/05/16	   0.668	   0.683	   0.668	   0.683	        6433578	      0.675	      0.677	      0.672	      0.686	           	      0.000	  64335.781	  35306.219	  22531.371	     -0.000	     -0.002	      0.003	
 2013/05/17	   0.684	   0.696	   0.678	   0.695	        4540018	      0.678	      0.679	      0.674	      0.685	           	      0.000	  45400.180	  40652.867	  25214.416	      0.002	     -0.001	      0.005	
 2013/05/20	   0.695	   0.707	   0.691	   0.701	        4324808	      0.683	      0.681	      0.676	      0.684	           	      0.000	  43248.078	  46836.953	  28210.234	      0.003	     -0.000	      0.007	
 2013/05/21	   0.696	   0.700	   0.693	   0.698	        2352292	      0.689	      0.683	      0.677	      0.684	           	      0.000	  23522.920	  40549.938	  30157.549	      0.004	      0.001	      0.007	
 2013/05/22	   0.698	   0.700	   0.694	   0.697	         133601	      0.695	      0.684	      0.678	      0.683	           	      0.000	   1336.010	  35568.594	  29623.129	      0.005	      0.002	      0.007	
 2013/05/23	   0.688	   0.700	   0.685	   0.685	         517100	      0.695	      0.685	      0.678	      0.683	           	      0.000	   5171.000	  23735.637	  29520.930	      0.005	      0.002	      0.005	
 2013/05/24	   0.686	   0.693	   0.685	   0.691	         750015	      0.694	      0.686	      0.680	      0.683	           	      0.000	   7500.150	  16155.632	  28404.248	      0.005	      0.003	      0.004	
 2013/05/27	   0.687	   0.702	   0.687	   0.694	        1555599	      0.693	      0.688	      0.681	      0.683	           	      0.000	  15555.990	  10617.214	  28727.082	      0.005	      0.003	      0.004	
 2013/05/28	   0.692	   0.708	   0.689	   0.707	        1562046	      0.695	      0.692	      0.683	      0.683	           	      0.000	  15620.460	   9036.722	  24793.328	      0.006	      0.004	      0.005	
 2013/05/29	   0.710	   0.714	   0.705	   0.705	        1703091	      0.696	      0.696	      0.685	      0.683	           	      0.000	  17030.910	  12175.702	  23872.148	      0.007	      0.004	      0.005	
 2013/05/30	   0.704	   0.707	   0.700	   0.700	         597425	      0.699	      0.697	      0.687	      0.682	           	      0.000	   5974.250	  12336.352	  18035.994	      0.007	      0.005	      0.004	
 2013/05/31	   0.700	   0.706	   0.696	   0.696	         365163	      0.700	      0.697	      0.688	      0.682	           	      0.000	   3651.630	  11566.648	  13861.140	      0.007	      0.005	      0.003	
 2013/06/03	   0.696	   0.701	   0.693	   0.696	         838812	      0.701	      0.697	      0.689	      0.682	           	      0.000	   8388.120	  10133.074	  10375.144	      0.006	      0.005	      0.002	
 2013/06/04	   0.696	   0.696	   0.686	   0.691	        3515601	      0.698	      0.696	      0.689	      0.682	           	      0.000	  35156.012	  14040.185	  11538.453	      0.005	      0.005	      0.000	
 2013/06/05	   0.683	   0.689	   0.682	   0.684	         822900	      0.693	      0.695	      0.689	      0.681	           	      0.000	   8229.000	  12279.803	  12227.752	      0.004	      0.005	     -0.002	
 2013/06/06	   0.678	   0.687	   0.676	   0.677	         881913	      0.689	      0.694	      0.690	      0.681	           	      0.000	   8819.130	  12848.778	  12592.565	      0.003	      0.005	     -0.004	
 2013/06/07	   0.677	   0.677	   0.665	   0.667	         400100	      0.683	      0.692	      0.689	      0.680	           	      0.000	   4001.000	  12918.652	  12242.650	      0.001	      0.004	     -0.006	
 2013/06/13	   0.667	   0.667	   0.638	   0.640	        1479501	      0.672	      0.686	      0.687	      0.679	           	      0.000	  14795.010	  14200.030	  12166.552	     -0.003	      0.003	     -0.011	
 2013/06/14	   0.644	   0.647	   0.641	   0.645	         895410	      0.663	      0.680	      0.686	      0.679	           	      0.000	   8954.100	   8959.647	  11499.916	     -0.006	      0.001	     -0.013	
 2013/06/17	   0.638	   0.648	   0.638	   0.646	         195369	      0.655	      0.674	      0.685	      0.678	           	      0.000	   1953.690	   7704.586	   9992.194	     -0.007	     -0.001	     -0.013	
 2013/06/18	   0.646	   0.649	   0.642	   0.647	       12643514	      0.649	      0.669	      0.683	      0.677	           	      0.000	 126435.141	  31227.787	  22038.283	     -0.009	     -0.002	     -0.013	
 2013/06/19	   0.641	   0.643	   0.634	   0.642	        5835200	      0.644	      0.664	      0.680	      0.677	           	      0.000	  58352.000	  42097.988	  27508.320	     -0.010	     -0.004	     -0.012	
 2013/06/20	   0.632	   0.638	   0.619	   0.619	        8291400	      0.640	      0.656	      0.676	      0.676	           	      0.000	  82914.000	  55721.785	  34960.906	     -0.013	     -0.006	     -0.014	
 2013/06/21	   0.616	   0.621	   0.603	   0.621	        1168600	      0.635	      0.649	      0.673	      0.675	           	      0.000	  11686.000	  56268.168	  32613.906	     -0.015	     -0.007	     -0.014	
 2013/06/24	   0.617	   0.618	   0.580	   0.581	        2187100	      0.622	      0.638	      0.667	      0.673	           	      0.000	  21871.000	  60251.629	  33978.105	     -0.019	     -0.010	     -0.019	
 2013/06/25	   0.580	   0.580	   0.541	   0.576	        3691615	      0.608	      0.628	      0.661	      0.671	           	      0.000	  36916.148	  42347.828	  36787.809	     -0.023	     -0.012	     -0.021	
 2013/06/26	   0.576	   0.579	   0.565	   0.571	        1568000	      0.594	      0.619	      0.655	      0.668	           	      0.000	  15680.000	  33813.430	  37955.707	     -0.026	     -0.015	     -0.021	
 2013/06/27	   0.574	   0.588	   0.574	   0.578	        1588600	      0.585	      0.613	      0.649	      0.666	           	      0.000	  15886.000	  20407.830	  38064.809	     -0.027	     -0.017	     -0.020	
 2013/06/28	   0.578	   0.593	   0.570	   0.589	        1059099	      0.579	      0.607	      0.644	      0.664	           	      0.000	  10590.990	  20188.828	  38228.496	     -0.027	     -0.019	     -0.016	
 2013/07/01	   0.589	   0.595	   0.583	   0.594	        2856299	      0.582	      0.602	      0.638	      0.663	           	      0.000	  28562.990	  21527.227	  40889.426	     -0.027	     -0.021	     -0.011	
 2013/07/02	   0.594	   0.594	   0.586	   0.593	        3185052	      0.585	      0.596	      0.633	      0.661	           	      0.000	  31850.520	  20514.100	  31430.965	     -0.026	     -0.022	     -0.008	
 2013/07/03	   0.584	   0.588	   0.582	   0.586	        4637202	      0.588	      0.591	      0.627	      0.660	           	      0.000	  46372.020	  26652.504	  30232.967	     -0.025	     -0.023	     -0.006	
 2013/07/04	   0.586	   0.619	   0.580	   0.593	        5095796	      0.591	      0.588	      0.622	      0.659	           	      0.000	  50957.961	  33666.895	  27037.363	     -0.024	     -0.023	     -0.003	
 2013/07/05	   0.591	   0.610	   0.591	   0.597	        3733965	      0.593	      0.586	      0.617	      0.658	           	      0.000	  37339.648	  39016.629	  29602.729	     -0.023	     -0.023	      0.000	
 2013/07/08	   0.600	   0.600	   0.574	   0.580	         217000	      0.590	      0.586	      0.612	      0.656	           	      0.000	   2170.000	  33738.031	  27632.627	     -0.023	     -0.023	      0.000	
 2013/07/09	   0.576	   0.587	   0.576	   0.587	        7575591	      0.589	      0.587	      0.608	      0.655	           	      0.000	  75755.906	  42519.105	  31516.604	     -0.022	     -0.023	      0.002	
 2013/07/10	   0.587	   0.600	   0.578	   0.596	        4442865	      0.591	      0.589	      0.604	      0.654	           	      0.000	  44428.648	  42130.434	  34391.469	     -0.020	     -0.022	      0.004	
 2013/07/11	   0.597	   0.636	   0.597	   0.629	        7363679	      0.598	      0.594	      0.604	      0.654	           	      0.000	  73636.789	  46666.199	  40166.547	     -0.016	     -0.021	      0.010	
 2013/07/12	   0.627	   0.633	   0.617	   0.619	        3651300	      0.602	      0.597	      0.602	      0.653	           	      0.000	  36513.000	  46500.867	  42758.750	     -0.013	     -0.019	      0.012	
 2013/07/15	   0.620	   0.652	   0.616	   0.632	        2415408	      0.613	      0.601	      0.601	      0.652	           	      0.000	  24154.080	  50897.684	  42317.855	     -0.010	     -0.018	      0.015	
 2013/07/16	   0.624	   0.624	   0.615	   0.622	        1708301	      0.620	      0.604	      0.600	      0.652	           	      0.000	  17083.010	  39163.105	  40841.105	     -0.008	     -0.016	      0.015	
 2013/07/17	   0.622	   0.626	   0.616	   0.616	        1678500	      0.624	      0.607	      0.599	      0.651	           	      0.000	  16785.000	  33634.375	  37882.406	     -0.007	     -0.014	      0.014	
 2013/07/18	   0.616	   0.617	   0.603	   0.609	        1513097	      0.620	      0.609	      0.598	      0.650	           	      0.000	  15130.970	  21933.211	  34299.707	     -0.007	     -0.013	      0.011	
 2013/07/19	   0.609	   0.609	   0.585	   0.591	        4149473	      0.614	      0.608	      0.597	      0.649	           	      0.000	  41494.730	  22929.559	  34715.215	     -0.008	     -0.012	      0.007	
 2013/07/22	   0.584	   0.596	   0.584	   0.591	        2999100	      0.606	      0.609	      0.597	      0.647	           	      0.000	  29991.000	  24096.941	  37497.313	     -0.009	     -0.011	      0.005	
 2013/07/23	   0.591	   0.612	   0.591	   0.608	        1858700	      0.603	      0.611	      0.599	      0.646	           	      0.000	  18587.000	  24397.740	  31780.422	     -0.008	     -0.010	      0.005	
 2013/07/24	   0.601	   0.609	   0.591	   0.601	        2945909	      0.600	      0.612	      0.601	      0.645	           	      0.000	  29459.090	  26932.559	  30283.467	     -0.008	     -0.010	      0.005	
 2013/07/25	   0.600	   0.609	   0.597	   0.598	        1535690	      0.598	      0.609	      0.602	      0.644	           	      0.000	  15356.900	  26977.744	  24455.479	     -0.008	     -0.009	      0.004	
 2013/07/26	   0.598	   0.600	   0.593	   0.598	         727400	      0.599	      0.607	      0.602	      0.643	           	      0.000	   7274.000	  20133.598	  21531.578	     -0.007	     -0.009	      0.003	
 2013/07/29	   0.591	   0.596	   0.582	   0.583	        2113759	      0.598	      0.602	      0.601	      0.642	           	      0.000	  21137.590	  18362.916	  21229.930	     -0.009	     -0.009	      0.001	
 2013/07/30	   0.599	   0.599	   0.584	   0.593	        2209519	      0.595	      0.599	      0.601	      0.640	           	      0.000	  22095.189	  19064.555	  21731.146	     -0.008	     -0.009	      0.001	
 2013/07/31	   0.594	   0.605	   0.591	   0.591	        1775801	      0.593	      0.596	      0.602	      0.639	           	      0.000	  17758.010	  16724.338	  21828.447	     -0.008	     -0.009	      0.001	
 2013/08/01	   0.591	   0.603	   0.591	   0.603	        1142367	      0.594	      0.596	      0.602	      0.638	           	      0.000	  11423.670	  15937.691	  21457.719	     -0.007	     -0.008	      0.002	
 2013/08/02	   0.609	   0.615	   0.603	   0.603	        1853500	      0.595	      0.597	      0.603	      0.636	           	      0.000	  18535.000	  18189.893	  19161.744	     -0.006	     -0.008	      0.003	
 2013/08/05	   0.603	   0.610	   0.603	   0.609	         900438	      0.600	      0.599	      0.604	      0.635	           	      0.000	   9004.380	  15763.250	  17063.082	     -0.005	     -0.008	      0.005	
 2013/08/06	   0.608	   0.614	   0.604	   0.613	        1124395	      0.604	      0.599	      0.605	      0.634	           	      0.000	  11243.950	  13593.002	  16328.778	     -0.004	     -0.007	      0.006	
 2013/08/07	   0.613	   0.619	   0.606	   0.613	        2473402	      0.608	      0.600	      0.606	      0.633	           	      0.000	  24734.020	  14988.204	  15856.271	     -0.003	     -0.006	      0.006	
 2013/08/08	   0.610	   0.610	   0.604	   0.608	         603928	      0.609	      0.601	      0.605	      0.632	           	      0.000	   6039.280	  13911.326	  14924.509	     -0.002	     -0.005	      0.006	
 2013/08/09	   0.608	   0.611	   0.604	   0.610	         947466	      0.611	      0.603	      0.605	      0.631	           	      0.000	   9474.660	  12099.258	  15144.575	     -0.002	     -0.004	      0.006	
 2013/08/12	   0.610	   0.631	   0.610	   0.630	        1844154	      0.615	      0.607	      0.604	      0.630	           	      0.000	  18441.539	  13986.689	  14874.970	      0.000	     -0.004	      0.008	
 2013/08/13	   0.630	   0.636	   0.627	   0.631	        2535284	      0.618	      0.611	      0.605	      0.629	           	      0.000	  25352.840	  16808.467	  15200.734	      0.002	     -0.002	      0.009	
 2013/08/14	   0.631	   0.645	   0.627	   0.631	        4617737	      0.622	      0.615	      0.606	      0.628	           	      0.000	  46177.371	  21097.139	  18042.672	      0.003	     -0.001	      0.009	
 2013/08/15	   0.629	   0.638	   0.626	   0.628	        1091211	      0.626	      0.618	      0.607	      0.627	           	      0.000	  10912.110	  22071.703	  17991.516	      0.004	     -0.000	      0.009	
 2013/08/16	   0.629	   0.657	   0.619	   0.625	        2347686	      0.629	      0.620	      0.608	      0.626	           	      0.000	  23476.859	  24872.145	  18485.701	      0.004	      0.001	      0.007	
 2013/08/19	   0.620	   0.634	   0.620	   0.632	        1363636	      0.629	      0.622	      0.610	      0.625	           	      0.000	  13636.360	  23911.107	  18948.898	      0.005	      0.002	      0.007	
 2013/08/20	   0.631	   0.635	   0.625	   0.625	        2136638	      0.628	      0.623	      0.611	      0.624	           	      0.000	  21366.381	  23113.816	  19961.143	      0.005	      0.002	      0.006	
 2013/08/21	   0.627	   0.627	   0.617	   0.624	        2125020	      0.627	      0.624	      0.612	      0.623	           	      0.000	  21250.199	  18128.383	  19612.760	      0.005	      0.003	      0.004	
 2013/08/22	   0.624	   0.630	   0.623	   0.623	         996631	      0.626	      0.626	      0.614	      0.622	           	      0.000	   9966.310	  17939.223	  20005.463	      0.005	      0.003	      0.003	
 2013/08/23	   0.623	   0.626	   0.609	   0.616	        1600032	      0.624	      0.627	      0.615	      0.620	           	      0.000	  16000.320	  16443.914	  20658.029	      0.004	      0.003	      0.001	
 2013/08/26	   0.616	   0.630	   0.612	   0.629	        1967818	      0.623	      0.626	      0.617	      0.619	           	      0.000	  19678.180	  17652.277	  20781.693	      0.004	      0.004	      0.001	
 2013/08/27	   0.629	   0.632	   0.626	   0.627	        2177750	      0.624	      0.626	      0.619	      0.618	           	      0.000	  21777.500	  17734.502	  20424.158	      0.004	      0.004	      0.001	
 2013/08/28	   0.628	   0.630	   0.621	   0.624	         905867	      0.624	      0.625	      0.620	      0.616	           	      0.000	   9058.670	  15296.196	  16712.289	      0.004	      0.004	      0.001	
 2013/08/29	   0.624	   0.630	   0.620	   0.622	         442760	      0.624	      0.625	      0.621	      0.615	           	      0.000	   4427.600	  14188.454	  16063.838	      0.004	      0.004	     -0.000	
 2013/08/30	   0.623	   0.630	   0.620	   0.620	         998466	      0.624	      0.624	      0.622	      0.614	           	      0.000	   9984.660	  12985.322	  14714.618	      0.003	      0.004	     -0.001	
 2013/09/02	   0.618	   0.628	   0.618	   0.627	        1390802	      0.624	      0.624	      0.623	      0.613	           	      0.000	  13908.020	  11831.290	  14741.784	      0.003	      0.004	     -0.001	
 2013/09/03	   0.629	   0.639	   0.626	   0.637	        2414283	      0.626	      0.625	      0.624	      0.612	           	      0.000	  24142.830	  12304.355	  15019.429	      0.004	      0.004	      0.001	
 2013/09/04	   0.636	   0.640	   0.631	   0.636	        2576784	      0.628	      0.626	      0.625	      0.612	           	      0.000	  25767.840	  15646.189	  15471.193	      0.005	      0.004	      0.002	
 2013/09/05	   0.632	   0.637	   0.632	   0.635	        1315465	      0.631	      0.627	      0.627	      0.612	           	      0.000	  13154.650	  17391.600	  15790.027	      0.005	      0.004	      0.002	
 2013/09/06	   0.634	   0.638	   0.632	   0.637	        2004990	      0.634	      0.629	      0.628	      0.612	           	      0.000	  20049.900	  19404.648	  16194.985	      0.005	      0.004	      0.002	
 2013/09/09	   0.633	   0.670	   0.633	   0.669	        5620917	      0.643	      0.633	      0.630	      0.612	           	      0.000	  56209.172	  27864.879	  19848.084	      0.008	      0.005	      0.006	
 2013/09/10	   0.669	   0.677	   0.665	   0.677	        3659709	      0.651	      0.638	      0.632	      0.612	           	      0.000	  36597.090	  30355.730	  21330.043	      0.011	      0.006	      0.009	
 2013/09/11	   0.678	   0.690	   0.675	   0.679	        4093771	      0.659	      0.644	      0.635	      0.613	           	      0.000	  40937.711	  33389.703	  24517.947	      0.013	      0.008	      0.011	
 2013/09/12	   0.677	   0.697	   0.672	   0.692	        4115645	      0.671	      0.651	      0.638	      0.614	           	      0.000	  41156.449	  38990.063	  28190.832	      0.016	      0.009	      0.013	
 2013/09/13	   0.688	   0.695	   0.680	   0.686	        1776296	      0.681	      0.658	      0.641	      0.615	           	      0.000	  17762.961	  38532.676	  28968.662	      0.017	      0.011	      0.012	
 2013/09/16	   0.686	   0.690	   0.677	   0.680	        2378448	      0.683	      0.663	      0.643	      0.617	           	      0.000	  23784.480	  32047.738	  29956.309	      0.017	      0.012	      0.011	
 2013/09/17	   0.675	   0.680	   0.666	   0.671	        2285421	      0.682	      0.666	      0.646	      0.619	           	      0.000	  22854.211	  29299.162	  29827.447	      0.017	      0.013	      0.007	
 2013/09/18	   0.668	   0.671	   0.662	   0.667	        1296295	      0.679	      0.669	      0.648	      0.620	           	      0.000	  12962.950	  23704.211	  28546.957	      0.016	      0.014	      0.004	
 2013/09/23	   0.672	   0.679	   0.668	   0.679	         283222	      0.677	      0.674	      0.650	      0.622	           	      0.000	   2832.220	  16039.364	  27514.715	      0.016	      0.014	      0.004	
 2013/09/24	   0.670	   0.673	   0.657	   0.664	        4770300	      0.672	      0.676	      0.653	      0.623	           	      0.000	  47703.000	  22027.373	  30280.025	      0.014	      0.014	      0.001	
 2013/09/25	   0.656	   0.670	   0.655	   0.656	        2305582	      0.667	      0.675	      0.654	      0.624	           	      0.000	  23055.820	  21881.641	  26964.689	      0.012	      0.014	     -0.002	
 2013/09/26	   0.656	   0.663	   0.648	   0.656	        2697821	      0.664	      0.673	      0.656	      0.625	           	      0.000	  26978.211	  22706.439	  26002.801	      0.011	      0.013	     -0.005	
 2013/09/27	   0.650	   0.653	   0.641	   0.651	        1270655	      0.661	      0.670	      0.657	      0.626	           	      0.000	  12706.550	  22655.160	  23179.686	      0.009	      0.012	     -0.007	
 2013/09/30	   0.652	   0.657	   0.648	   0.652	        1328600	      0.656	      0.666	      0.659	      0.627	           	      0.000	  13286.000	  24745.916	  20392.641	      0.008	      0.011	     -0.007	
 2013/10/08	   0.641	   0.659	   0.641	   0.659	        4897430	      0.655	      0.664	      0.660	      0.628	           	      0.000	  48974.301	  25000.176	  23513.773	      0.007	      0.011	     -0.007	
 2013/10/09	   0.660	   0.664	   0.653	   0.661	        1760904	      0.656	      0.662	      0.662	      0.630	           	      0.000	  17609.039	  23910.820	  22896.230	      0.007	      0.010	     -0.006	
 2013/10/10	   0.662	   0.662	   0.651	   0.651	        1607331	      0.655	      0.660	      0.663	      0.631	           	      0.000	  16073.310	  21729.840	  22218.141	      0.005	      0.009	     -0.007	
 2013/10/11	   0.652	   0.667	   0.652	   0.665	        5341633	      0.658	      0.659	      0.664	      0.632	           	      0.000	  53416.328	  29871.795	  26263.479	      0.005	      0.008	     -0.005	
 2013/10/14	   0.665	   0.666	   0.661	   0.663	        3124495	      0.660	      0.658	      0.666	      0.632	           	      0.000	  31244.949	  33463.586	  29104.750	      0.005	      0.008	     -0.005	
 2013/10/15	   0.662	   0.666	   0.657	   0.661	         747831	      0.660	      0.658	      0.667	      0.633	           	      0.000	   7478.310	  25164.387	  25082.281	      0.005	      0.007	     -0.004	
 2013/10/16	   0.667	   0.667	   0.647	   0.647	        1765300	      0.657	      0.657	      0.666	      0.633	           	      0.000	  17653.000	  25173.180	  24542.000	      0.004	      0.006	     -0.006	
 2013/10/17	   0.649	   0.654	   0.649	   0.650	        2242998	      0.657	      0.656	      0.664	      0.634	           	      0.000	  22429.980	  26444.514	  24087.176	      0.003	      0.006	     -0.006	
 2013/10/18	   0.649	   0.657	   0.645	   0.657	        2412171	      0.656	      0.657	      0.663	      0.635	           	      0.000	  24121.711	  20585.590	  25228.693	      0.002	      0.005	     -0.005	
 2013/10/21	   0.656	   0.664	   0.649	   0.664	         656427	      0.656	      0.658	      0.662	      0.635	           	      0.000	   6564.270	  15649.454	  24556.520	      0.003	      0.005	     -0.003	
 2013/10/22	   0.664	   0.664	   0.651	   0.652	        3445799	      0.654	      0.657	      0.660	      0.637	           	      0.000	  34457.988	  21045.391	  23104.889	      0.002	      0.004	     -0.004	
 2013/10/23	   0.654	   0.664	   0.646	   0.649	        2321700	      0.654	      0.656	      0.659	      0.637	           	      0.000	  23217.000	  22158.189	  23665.686	      0.001	      0.004	     -0.004	
 2013/10/24	   0.648	   0.652	   0.645	   0.647	         437338	      0.654	      0.655	      0.658	      0.638	           	      0.000	   4373.380	  18546.869	  22495.691	      0.001	      0.003	     -0.005	
 2013/10/25	   0.645	   0.648	   0.637	   0.638	         339000	      0.650	      0.653	      0.656	      0.639	           	      0.000	   3390.000	  14400.527	  17493.059	     -0.001	      0.002	     -0.006	
 2013/10/28	   0.643	   0.646	   0.640	   0.640	         608400	      0.645	      0.650	      0.654	      0.639	           	      0.000	   6084.000	  14304.474	  14976.964	     -0.002	      0.001	     -0.006	
 2013/10/29	   0.644	   0.653	   0.636	   0.644	        1919376	      0.644	      0.649	      0.653	      0.640	           	      0.000	  19193.760	  11251.628	  16148.509	     -0.002	      0.001	     -0.006	
 2013/10/30	   0.648	   0.657	   0.642	   0.650	        1527582	      0.644	      0.649	      0.653	      0.641	           	      0.000	  15275.820	   9663.392	  15910.791	     -0.002	      0.000	     -0.004	
 2013/10/31	   0.652	   0.653	   0.647	   0.649	         321800	      0.644	      0.649	      0.652	      0.642	           	      0.000	   3218.000	   9432.316	  13989.593	     -0.002	     -0.000	     -0.003	
 2013/11/01	   0.649	   0.656	   0.646	   0.654	         310000	      0.647	      0.649	      0.653	      0.643	           	      0.000	   3100.000	   9374.316	  11887.422	     -0.001	     -0.000	     -0.002	
 2013/11/04	   0.653	   0.653	   0.641	   0.653	          97526	      0.650	      0.648	      0.653	      0.644	           	      0.000	    975.260	   8352.568	  11328.521	     -0.001	     -0.000	     -0.001	
 2013/11/05	   0.642	   0.649	   0.641	   0.649	         757700	      0.651	      0.647	      0.652	      0.645	           	      0.000	   7577.000	   6029.216	   8640.422	     -0.001	     -0.001	     -0.001	
 2013/11/06	   0.642	   0.647	   0.642	   0.642	         339218	      0.649	      0.647	      0.651	      0.645	           	      0.000	   3392.180	   3652.488	   6657.940	     -0.002	     -0.001	     -0.002	
 2013/11/07	   0.642	   0.642	   0.637	   0.640	        1293119	      0.648	      0.646	      0.651	      0.646	           	      0.000	  12931.190	   5595.126	   7513.721	     -0.002	     -0.001	     -0.002	
 2013/11/08	   0.610	   0.640	   0.610	   0.630	        1050601	      0.643	      0.645	      0.649	      0.646	           	      0.000	  10506.010	   7076.328	   8225.322	     -0.003	     -0.002	     -0.004	
 2013/11/11	   0.620	   0.634	   0.620	   0.630	        1957701	      0.638	      0.644	      0.647	      0.647	           	      0.000	  19577.010	  10796.678	   9574.623	     -0.004	     -0.002	     -0.004	
 2013/11/12	   0.631	   0.638	   0.631	   0.635	        2222031	      0.635	      0.643	      0.646	      0.647	           	      0.000	  22220.311	  13725.340	   9877.278	     -0.005	     -0.003	     -0.004	
 2013/11/13	   0.632	   0.632	   0.622	   0.622	        4118202	      0.631	      0.640	      0.645	      0.647	           	      0.000	  41182.020	  21283.309	  12467.898	     -0.006	     -0.003	     -0.005	
 2013/11/14	   0.625	   0.625	   0.615	   0.624	        4599996	      0.628	      0.638	      0.643	      0.647	           	      0.000	  45999.961	  27897.063	  16746.094	     -0.007	     -0.004	     -0.005	
 2013/11/15	   0.629	   0.650	   0.628	   0.639	      166072704	      0.630	      0.636	      0.643	      0.647	           	      0.000	1660727.000	 357941.250	 182508.797	     -0.006	     -0.004	     -0.003	
 2013/11/18	   0.639	   0.662	   0.639	   0.662	         813419	      0.636	      0.637	      0.642	      0.647	           	      0.000	   8134.190	 355652.688	 183224.688	     -0.003	     -0.004	      0.001	
 2013/11/19	   0.662	   0.663	   0.644	   0.657	        2544222	      0.641	      0.638	      0.643	      0.648	           	      0.000	  25442.221	 356297.094	 185011.203	     -0.002	     -0.004	      0.004	
 2013/11/20	   0.658	   0.667	   0.657	   0.660	      156717936	      0.648	      0.640	      0.643	      0.648	           	      0.000	1567179.375	 661496.563	 341389.938	     -0.000	     -0.003	      0.005	
 2013/11/21	   0.660	   0.662	   0.651	   0.662	        3930238	      0.656	      0.642	      0.644	      0.649	           	      0.000	  39302.379	 660157.063	 344027.063	      0.001	     -0.002	      0.006	
 2013/11/22	   0.658	   0.660	   0.651	   0.653	        1006039	      0.659	      0.644	      0.645	      0.650	           	      0.000	  10060.390	 330023.719	 343982.500	      0.001	     -0.001	      0.006	
 2013/11/25	   0.652	   0.660	   0.651	   0.652	         754300	      0.657	      0.647	      0.645	      0.650	           	      0.000	   7543.000	 329905.469	 342779.094	      0.001	     -0.001	      0.005	
 2013/11/26	   0.655	   0.655	   0.648	   0.649	         147600	      0.655	      0.648	      0.646	      0.651	           	      0.000	   1476.000	 325112.219	 340704.656	      0.001	     -0.000	      0.004	
 2013/11/27	   0.649	   0.662	   0.646	   0.656	        1101879	      0.654	      0.651	      0.646	      0.651	           	      0.000	  11018.790	  13880.111	 337688.344	      0.002	     -0.000	      0.004	
 2013/11/28	   0.659	   0.670	   0.657	   0.666	        4876429	      0.655	      0.656	      0.647	      0.652	           	      0.000	  48764.289	  15772.494	 337964.750	      0.003	      0.001	      0.005	
 2013/11/29	   0.664	   0.665	   0.658	   0.665	        4197965	      0.658	      0.658	      0.647	      0.652	           	      0.000	  41979.648	  22156.346	 176090.031	      0.004	      0.001	      0.005	
 2013/12/02	   0.657	   0.674	   0.653	   0.665	        4466559	      0.660	      0.659	      0.648	      0.653	           	      0.000	  44665.590	  29580.863	 179743.172	      0.004	      0.002	      0.005	
 2013/12/03	   0.659	   0.670	   0.659	   0.666	        1875600	      0.664	      0.659	      0.649	      0.654	           	      0.000	  18756.000	  33036.863	 179074.547	      0.005	      0.002	      0.005	
 2013/12/04	   0.666	   0.680	   0.666	   0.677	        1411879	      0.668	      0.661	      0.650	      0.655	           	      0.000	  14118.790	  33656.863	  23768.488	      0.006	      0.003	      0.006	
 2013/12/05	   0.668	   0.678	   0.668	   0.675	         288244	      0.670	      0.662	      0.652	      0.655	           	      0.000	   2882.440	  24480.494	  20126.494	      0.007	      0.004	      0.006	
 2013/12/06	   0.673	   0.675	   0.669	   0.672	         613526	      0.671	      0.664	      0.654	      0.656	           	      0.000	   6135.260	  17311.615	  19733.980	      0.007	      0.004	      0.005	
 2013/12/09	   0.673	   0.673	   0.667	   0.672	        3446870	      0.672	      0.666	      0.656	      0.656	           	      0.000	  34468.699	  15272.238	  22426.551	      0.007	      0.005	      0.004	
 2013/12/10	   0.669	   0.673	   0.664	   0.673	         316795	      0.674	      0.669	      0.658	      0.657	           	      0.000	   3167.950	  12154.628	  22595.746	      0.007	      0.005	      0.003	
 2013/12/11	   0.663	   0.665	   0.655	   0.660	         480351	      0.670	      0.669	      0.660	      0.657	           	      0.000	   4803.510	  10291.571	  21974.217	      0.006	      0.005	      0.001	
 2013/12/12	   0.654	   0.660	   0.654	   0.655	         299500	      0.666	      0.668	      0.662	      0.657	           	      0.000	   2995.000	  10314.084	  17397.289	      0.005	      0.005	     -0.001	
 2013/12/13	   0.660	   0.660	   0.643	   0.655	         233900	      0.663	      0.667	      0.663	      0.656	           	      0.000	   2339.000	   9554.832	  13433.224	      0.004	      0.005	     -0.003	
 2013/12/16	   0.660	   0.660	   0.645	   0.645	         258652	      0.658	      0.665	      0.662	      0.655	           	      0.000	   2586.520	   3178.396	   9225.316	      0.002	      0.004	     -0.005	
 2013/12/17	   0.638	   0.650	   0.638	   0.641	        1116813	      0.651	      0.662	      0.661	      0.655	           	      0.000	  11168.130	   4778.432	   8466.530	      0.000	      0.004	     -0.006	
 2013/12/18	   0.637	   0.644	   0.637	   0.644	         436019	      0.648	      0.659	      0.660	      0.654	           	      0.000	   4360.190	   4689.768	   7490.670	     -0.001	      0.003	     -0.007	
 2013/12/19	   0.641	   0.643	   0.634	   0.639	         602780	      0.645	      0.656	      0.659	      0.654	           	      0.000	   6027.800	   5296.328	   7805.206	     -0.002	      0.002	     -0.007	
 2013/12/20	   0.634	   0.637	   0.615	   0.625	         896600	      0.639	      0.651	      0.658	      0.653	           	      0.000	   8966.000	   6621.728	   8088.280	     -0.004	      0.001	     -0.009	
 2013/12/23	   0.623	   0.623	   0.613	   0.619	        2516892	      0.634	      0.646	      0.656	      0.652	           	      0.000	  25168.920	  11138.208	   7158.302	     -0.006	     -0.001	     -0.011	
 2013/12/24	   0.618	   0.627	   0.616	   0.622	        2431801	      0.630	      0.641	      0.655	      0.651	           	      0.000	  24318.010	  13768.184	   9273.308	     -0.007	     -0.002	     -0.011	
 2013/12/25	   0.617	   0.622	   0.617	   0.622	         855301	      0.625	      0.637	      0.653	      0.651	           	      0.000	   8553.010	  14606.748	   9648.258	     -0.008	     -0.003	     -0.010	
 2013/12/26	   0.618	   0.622	   0.611	   0.611	         304900	      0.620	      0.632	      0.650	      0.650	           	      0.000	   3049.000	  14010.988	   9653.658	     -0.010	     -0.005	     -0.010	
 2013/12/27	   0.612	   0.625	   0.612	   0.622	        4382419	      0.619	      0.629	      0.648	      0.649	           	      0.000	  43824.191	  20982.627	  13802.177	     -0.010	     -0.006	     -0.009	
 2013/12/30	   0.622	   0.625	   0.618	   0.623	        1657377	      0.620	      0.627	      0.646	      0.649	           	      0.000	  16573.770	  19263.596	  15200.902	     -0.010	     -0.007	     -0.007	
 2013/12/31	   0.622	   0.638	   0.620	   0.630	        5244587	      0.622	      0.626	      0.644	      0.648	           	      0.000	  52445.871	  24889.168	  19328.676	     -0.009	     -0.007	     -0.004	
 2014/01/02	   0.625	   0.631	   0.623	   0.624	         218500	      0.622	      0.624	      0.641	      0.648	           	      0.000	   2185.000	  23615.566	  19111.156	     -0.009	     -0.007	     -0.003	
 2014/01/03	   0.624	   0.624	   0.616	   0.622	         623439	      0.624	      0.622	      0.639	      0.647	           	      0.000	   6234.390	  24252.645	  19131.816	     -0.009	     -0.008	     -0.002	
 2014/01/06	   0.622	   0.622	   0.604	   0.609	         735000	      0.622	      0.620	      0.636	      0.646	           	      0.000	   7350.000	  16957.807	  18970.217	     -0.010	     -0.008	     -0.003	
 2014/01/07	   0.600	   0.608	   0.600	   0.608	        3282171	      0.619	      0.619	      0.632	      0.645	           	      0.000	  32821.711	  20207.395	  19735.496	     -0.010	     -0.009	     -0.004	
 2014/01/08	   0.608	   0.616	   0.600	   0.608	        1658400	      0.614	      0.618	      0.629	      0.645	           	      0.000	  16584.000	  13035.021	  18962.094	     -0.011	     -0.009	     -0.004	
 2014/01/09	   0.610	   0.617	   0.607	   0.607	         678152	      0.611	      0.616	      0.627	      0.644	           	      0.000	   6781.520	  13954.324	  18784.945	     -0.011	     -0.010	     -0.003	
 2014/01/10	   0.603	   0.606	   0.597	   0.603	        1496640	      0.607	      0.616	      0.624	      0.643	           	      0.000	  14966.400	  15700.727	  19976.686	     -0.012	     -0.010	     -0.003	
 2014/01/13	   0.603	   0.603	   0.595	   0.595	         278600	      0.604	      0.613	      0.621	      0.642	           	      0.000	   2786.000	  14787.926	  15872.866	     -0.012	     -0.010	     -0.004	
 2014/01/14	   0.602	   0.602	   0.595	   0.601	         250565	      0.603	      0.611	      0.619	      0.641	           	      0.000	   2505.650	   8724.714	  14466.055	     -0.012	     -0.011	     -0.003	
 2014/01/15	   0.601	   0.603	   0.596	   0.599	        4708401	      0.601	      0.608	      0.617	      0.640	           	      0.000	  47084.012	  14824.717	  13929.868	     -0.012	     -0.011	     -0.003	
 2014/01/16	   0.596	   0.606	   0.596	   0.605	        1486131	      0.601	      0.606	      0.615	      0.639	           	      0.000	  14861.310	  16440.674	  15197.499	     -0.012	     -0.011	     -0.001	
 2014/01/17	   0.597	   0.598	   0.590	   0.592	        1555898	      0.598	      0.603	      0.612	      0.638	           	      0.000	  15558.980	  16559.189	  16129.958	     -0.012	     -0.011	     -0.002	
 2014/01/20	   0.594	   0.595	   0.587	   0.590	         536300	      0.597	      0.601	      0.611	      0.638	           	      0.000	   5363.000	  17074.590	  15931.258	     -0.013	     -0.012	     -0.002	
 2014/01/21	   0.590	   0.595	   0.590	   0.593	         730292	      0.596	      0.599	      0.609	      0.637	           	      0.000	   7302.920	  18034.045	  13379.379	     -0.013	     -0.012	     -0.001	
 2014/01/22	   0.593	   0.606	   0.593	   0.606	        1051361	      0.597	      0.599	      0.609	      0.636	           	      0.000	  10513.610	  10719.964	  12772.340	     -0.011	     -0.012	      0.001	
 2014/01/23	   0.602	   0.606	   0.600	   0.600	        1928639	      0.596	      0.598	      0.607	      0.635	           	      0.000	  19286.391	  11604.980	  14022.827	     -0.011	     -0.012	      0.002	
 2014/01/24	   0.600	   0.608	   0.599	   0.602	         479566	      0.598	      0.598	      0.607	      0.635	           	      0.000	   4795.660	   9452.316	  13005.753	     -0.010	     -0.011	      0.003	
 2014/01/27	   0.602	   0.602	   0.594	   0.594	         366800	      0.599	      0.598	      0.606	      0.634	           	      0.000	   3668.000	   9113.316	  13093.953	     -0.010	     -0.011	      0.002	
 2014/01/28	   0.600	   0.600	   0.594	   0.594	         469510	      0.599	      0.597	      0.604	      0.633	           	      0.000	   4695.100	   8591.752	  13312.898	     -0.010	     -0.011	      0.002	
 2014/01/29	   0.599	   0.603	   0.595	   0.603	         267487	      0.599	      0.598	      0.603	      0.632	           	      0.000	   2674.870	   7024.004	   8871.984	     -0.009	     -0.010	      0.003	
 2014/01/30	   0.596	   0.606	   0.596	   0.596	         161513	      0.598	      0.597	      0.601	      0.631	           	      0.000	   1615.130	   3489.752	   7547.366	     -0.008	     -0.010	      0.003	
 2014/02/07	   0.595	   0.608	   0.585	   0.598	        1743900	      0.597	      0.598	      0.600	      0.630	           	      0.000	  17439.000	   6018.420	   7735.368	     -0.008	     -0.009	      0.003	
 2014/02/10	   0.600	   0.612	   0.598	   0.609	        3635822	      0.600	      0.600	      0.600	      0.630	           	      0.000	  36358.219	  12556.464	  10834.890	     -0.006	     -0.009	      0.005	
 2014/02/11	   0.609	   0.617	   0.608	   0.616	        3878872	      0.604	      0.602	      0.601	      0.630	           	      0.000	  38788.719	  19375.188	  13983.470	     -0.005	     -0.008	      0.006	
 2014/02/12	   0.616	   0.620	   0.610	   0.616	        3582959	      0.607	      0.603	      0.601	      0.629	           	      0.000	  35829.590	  26006.131	  16515.068	     -0.003	     -0.007	      0.007	
 2014/02/13	   0.612	   0.620	   0.612	   0.617	        2265981	      0.611	      0.604	      0.601	      0.629	           	      0.000	  22659.811	  30215.068	  16852.410	     -0.002	     -0.006	      0.008	
 2014/02/14	   0.615	   0.617	   0.613	   0.616	        2513843	      0.615	      0.606	      0.602	      0.629	           	      0.000	  25138.430	  31754.953	  18886.688	     -0.001	     -0.005	      0.008	
 2014/02/17	   0.617	   0.621	   0.615	   0.619	        1405863	      0.617	      0.608	      0.603	      0.629	           	      0.000	  14058.630	  27295.035	  19925.750	     -0.000	     -0.004	      0.008	
 2014/02/18	   0.620	   0.620	   0.610	   0.615	        5155690	      0.617	      0.610	      0.604	      0.628	           	      0.000	  51556.898	  29848.672	  24611.930	      0.000	     -0.003	      0.007	
 2014/02/19	   0.610	   0.619	   0.608	   0.618	         785873	      0.617	      0.612	      0.605	      0.628	           	      0.000	   7858.730	  24254.500	  25130.316	      0.001	     -0.003	      0.006	
 2014/02/20	   0.622	   0.624	   0.605	   0.618	        1195326	      0.617	      0.614	      0.606	      0.627	           	      0.000	  11953.260	  22113.189	  26164.129	      0.001	     -0.002	      0.006	
 2014/02/21	   0.617	   0.617	   0.605	   0.606	         959413	      0.615	      0.615	      0.606	      0.626	           	      0.000	   9594.130	  19004.330	  25379.641	      0.000	     -0.001	      0.004	
 2014/02/24	   0.604	   0.604	   0.587	   0.595	        1010500	      0.610	      0.614	      0.607	      0.625	           	      0.000	  10105.000	  18213.604	  22754.320	     -0.001	     -0.001	      0.001	
 2014/02/25	   0.602	   0.602	   0.577	   0.577	         694331	      0.603	      0.610	      0.606	      0.624	           	      0.000	   6943.310	   9290.886	  19569.779	     -0.003	     -0.002	     -0.003	
 2014/02/26	   0.580	   0.588	   0.578	   0.588	         722863	      0.597	      0.607	      0.605	      0.623	           	      0.000	   7228.630	   9164.866	  16709.684	     -0.004	     -0.002	     -0.004	
 2014/02/27	   0.588	   0.594	   0.580	   0.587	        1731235	      0.591	      0.604	      0.604	      0.622	           	      0.000	  17312.350	  10236.684	  16174.937	     -0.005	     -0.003	     -0.005	
 2014/02/28	   0.587	   0.590	   0.578	   0.587	         736231	      0.587	      0.601	      0.603	      0.620	           	      0.000	   7362.310	   9790.320	  14397.325	     -0.006	     -0.003	     -0.005	
 2014/03/03	   0.587	   0.591	   0.580	   0.589	        1034239	      0.586	      0.598	      0.603	      0.619	           	      0.000	  10342.390	   9837.798	  14025.701	     -0.006	     -0.004	     -0.004	
 2014/03/04	   0.583	   0.589	   0.583	   0.585	         595382	      0.587	      0.595	      0.603	      0.618	           	      0.000	   5953.820	   9639.899	   9465.393	     -0.007	     -0.005	     -0.004	
 2014/03/05	   0.590	   0.590	   0.584	   0.586	         897300	      0.587	      0.592	      0.602	      0.616	           	      0.000	   8973.000	   9988.773	   9576.820	     -0.007	     -0.005	     -0.004	
 2014/03/06	   0.586	   0.590	   0.578	   0.586	        1500599	      0.587	      0.589	      0.601	      0.615	           	      0.000	  15005.990	   9527.502	   9882.093	     -0.007	     -0.005	     -0.003	
 2014/03/07	   0.586	   0.589	   0.584	   0.586	         279300	      0.586	      0.587	      0.601	      0.613	           	      0.000	   2793.000	   8613.640	   9201.979	     -0.007	     -0.006	     -0.002	
 2014/03/10	   0.586	   0.590	   0.567	   0.578	         860900	      0.584	      0.585	      0.599	      0.612	           	      0.000	   8609.000	   8266.962	   9052.380	     -0.007	     -0.006	     -0.003	
 2014/03/11	   0.576	   0.576	   0.561	   0.565	        3281548	      0.580	      0.584	      0.597	      0.610	           	      0.000	  32815.480	  13639.294	  11639.597	     -0.009	     -0.007	     -0.004	
 2014/03/12	   0.564	   0.570	   0.560	   0.570	         809878	      0.577	      0.582	      0.594	      0.608	           	      0.000	   8098.780	  13464.450	  11726.612	     -0.009	     -0.007	     -0.004	
 2014/03/13	   0.570	   0.577	   0.569	   0.573	        2528500	      0.574	      0.581	      0.592	      0.607	           	      0.000	  25285.000	  15520.252	  12523.877	     -0.009	     -0.008	     -0.004	
 2014/03/14	   0.572	   0.575	   0.569	   0.572	        1379600	      0.572	      0.579	      0.590	      0.605	           	      0.000	  13796.000	  17720.852	  13167.246	     -0.010	     -0.008	     -0.003	
 2014/03/17	   0.572	   0.579	   0.570	   0.575	         219301	      0.571	      0.578	      0.588	      0.604	           	      0.000	   2193.010	  16437.654	  12352.308	     -0.009	     -0.008	     -0.002	
 2014/03/18	   0.575	   0.576	   0.570	   0.573	         322370	      0.573	      0.576	      0.586	      0.603	           	      0.000	   3223.700	  10519.298	  12079.296	     -0.009	     -0.008	     -0.001	
 2014/03/19	   0.575	   0.575	   0.563	   0.564	         149000	      0.571	      0.574	      0.583	      0.602	           	      0.000	   1490.000	   9197.542	  11330.996	     -0.010	     -0.009	     -0.002	
 2014/03/20	   0.570	   0.572	   0.564	   0.564	         259895	      0.570	      0.572	      0.580	      0.600	           	      0.000	   2598.950	   4660.332	  10090.292	     -0.010	     -0.009	     -0.002	
 2014/03/21	   0.562	   0.580	   0.558	   0.580	        2114283	      0.571	      0.571	      0.579	      0.599	           	      0.000	  21142.830	   6129.698	  11925.275	     -0.009	     -0.009	      0.000	
 2014/03/24	   0.580	   0.590	   0.573	   0.587	        2336483	      0.574	      0.572	      0.579	      0.599	           	      0.000	  23364.830	  10364.063	  13400.858	     -0.007	     -0.008	      0.003	
 2014/03/25	   0.587	   0.592	   0.581	   0.588	        2995742	      0.577	      0.575	      0.579	      0.598	           	      0.000	  29957.420	  15710.806	  13115.052	     -0.006	     -0.008	      0.005	
 2014/03/26	   0.588	   0.588	   0.583	   0.587	         528198	      0.581	      0.576	      0.579	      0.597	           	      0.000	   5281.980	  16469.201	  12833.372	     -0.005	     -0.007	      0.005	
 2014/03/27	   0.577	   0.597	   0.577	   0.584	        1166788	      0.585	      0.577	      0.579	      0.597	           	      0.000	  11667.880	  18282.988	  11471.660	     -0.004	     -0.007	      0.005	
 2014/03/28	   0.584	   0.589	   0.582	   0.582	         723651	      0.586	      0.578	      0.579	      0.596	           	      0.000	   7236.510	  15501.724	  10815.711	     -0.003	     -0.006	      0.005	
 2014/03/31	   0.583	   0.586	   0.581	   0.582	         698595	      0.585	      0.579	      0.578	      0.596	           	      0.000	   6985.950	  12225.948	  11295.005	     -0.003	     -0.005	      0.004	
 2014/04/01	   0.586	   0.587	   0.582	   0.585	        1998330	      0.584	      0.580	      0.578	      0.595	           	      0.000	  19983.301	  10231.124	  12970.965	     -0.003	     -0.005	      0.004	
 2014/04/02	   0.583	   0.592	   0.583	   0.590	        1502998	      0.585	      0.583	      0.579	      0.594	           	      0.000	  15029.980	  12180.725	  14324.963	     -0.002	     -0.004	      0.005	
 2014/04/03	   0.590	   0.596	   0.587	   0.588	        2484342	      0.585	      0.585	      0.579	      0.594	           	      0.000	  24843.420	  14815.832	  16549.410	     -0.001	     -0.004	      0.005	
 2014/04/04	   0.583	   0.593	   0.583	   0.593	         406134	      0.588	      0.587	      0.579	      0.593	           	      0.000	   4061.340	  14180.798	  14841.261	     -0.000	     -0.003	      0.005	
 2014/04/08	   0.596	   0.615	   0.588	   0.608	        6066076	      0.593	      0.589	      0.581	      0.593	           	      0.000	  60660.762	  24915.760	  18570.854	      0.002	     -0.002	      0.007	
 2014/04/09	   0.609	   0.611	   0.606	   0.609	        1928058	      0.598	      0.591	      0.583	      0.593	           	      0.000	  19280.580	  24775.217	  17503.170	      0.003	     -0.001	      0.008	
 2014/04/10	   0.609	   0.626	   0.605	   0.618	        2058575	      0.603	      0.594	      0.585	      0.593	           	      0.000	  20585.750	  25886.371	  19033.547	      0.005	      0.000	      0.009	
 2014/04/11	   0.618	   0.622	   0.616	   0.621	        5944669	      0.610	      0.598	      0.587	      0.594	           	      0.000	  59446.691	  32807.023	  23811.428	      0.007	      0.001	      0.010	
 2014/04/14	   0.621	   0.621	   0.612	   0.617	        1531800	      0.615	      0.601	      0.590	      0.594	           	      0.000	  15318.000	  35058.355	  24619.578	      0.007	      0.003	      0.010	
 2014/04/15	   0.612	   0.613	   0.603	   0.605	        2206359	      0.614	      0.603	      0.591	      0.594	           	      0.000	  22063.590	  27338.922	  26127.342	      0.007	      0.004	      0.007	
 2014/04/16	   0.605	   0.608	   0.602	   0.602	        1951592	      0.613	      0.605	      0.593	      0.594	           	      0.000	  19515.920	  27385.990	  26080.604	      0.007	      0.004	      0.005	
 2014/04/17	   0.615	   0.615	   0.601	   0.606	        4623676	      0.610	      0.607	      0.595	      0.594	           	      0.000	  46236.762	  32516.193	  29201.281	      0.006	      0.005	      0.003	
 2014/04/18	   0.604	   0.604	   0.596	   0.603	        2509402	      0.607	      0.608	      0.597	      0.594	           	      0.000	  25094.020	  25645.658	  29226.342	      0.006	      0.005	      0.002	
 2014/04/21	   0.598	   0.603	   0.596	   0.596	        3393404	      0.602	      0.609	      0.598	      0.594	           	      0.000	  33934.039	  29368.865	  32213.611	      0.005	      0.005	      0.000	
 2014/04/22	   0.596	   0.597	   0.591	   0.596	         592292	      0.601	      0.607	      0.598	      0.594	           	      0.000	   5922.920	  26140.732	  26739.828	      0.004	      0.005	     -0.001	
 2014/04/23	   0.595	   0.599	   0.595	   0.598	         814500	      0.600	      0.606	      0.599	      0.594	           	      0.000	   8145.000	  23866.549	  25626.270	      0.003	      0.004	     -0.002	
 2014/04/24	   0.598	   0.600	   0.594	   0.596	         367501	      0.598	      0.604	      0.599	      0.594	           	      0.000	   3675.010	  15354.197	  23935.195	      0.003	      0.004	     -0.003	
 2014/04/25	   0.598	   0.599	   0.589	   0.593	        1014400	      0.596	      0.601	      0.599	      0.594	           	      0.000	  10144.000	  12364.193	  19004.926	      0.002	      0.004	     -0.003	
 2014/04/28	   0.592	   0.595	   0.582	   0.584	         875076	      0.593	      0.598	      0.600	      0.594	           	      0.000	   8750.760	   7327.538	  18348.201	      0.001	      0.003	     -0.005	
 2014/04/29	   0.584	   0.590	   0.582	   0.590	         443226	      0.592	      0.596	      0.600	      0.594	           	      0.000	   4432.260	   7029.406	  16585.068	      0.000	      0.003	     -0.005	
 2014/04/30	   0.586	   0.591	   0.586	   0.591	         375826	      0.591	      0.595	      0.600	      0.594	           	      0.000	   3758.260	   6152.058	  15009.303	     -0.000	      0.002	     -0.004	
 2014/05/05	   0.588	   0.594	   0.581	   0.590	        4799726	      0.590	      0.594	      0.600	      0.594	           	      0.000	  47997.262	  15016.508	  15185.353	     -0.001	      0.001	     -0.004	
 2014/05/06	   0.588	   0.591	   0.585	   0.587	         478134	      0.588	      0.592	      0.600	      0.593	           	      0.000	   4781.340	  13943.977	  13154.085	     -0.001	      0.001	     -0.004	
 2014/05/07	   0.582	   0.586	   0.581	   0.583	         424100	      0.588	      0.591	      0.600	      0.593	           	      0.000	   4241.000	  13042.024	  10184.781	     -0.002	      0.000	     -0.004	
 2014/05/08	   0.581	   0.590	   0.578	   0.583	        1181817	      0.587	      0.590	      0.598	      0.593	           	      0.000	  11818.170	  14519.206	  10774.306	     -0.002	     -0.000	     -0.004	
 2014/05/09	   0.586	   0.586	   0.579	   0.582	         413320	      0.585	      0.588	      0.597	      0.592	           	      0.000	   4133.200	  14594.194	  10373.126	     -0.003	     -0.001	     -0.004	
 2014/05/12	   0.588	   0.595	   0.585	   0.595	         643614	      0.586	      0.588	      0.596	      0.592	           	      0.000	   6436.140	   6281.970	  10649.239	     -0.002	     -0.001	     -0.002	
 2014/05/13	   0.596	   0.596	   0.593	   0.594	         355600	      0.587	      0.588	      0.595	      0.591	           	      0.000	   3556.000	   6036.902	   9990.439	     -0.002	     -0.001	     -0.001	
 2014/05/14	   0.593	   0.596	   0.592	   0.593	         371798	      0.589	      0.589	      0.593	      0.591	           	      0.000	   3717.980	   5932.298	   9487.161	     -0.001	     -0.001	     -0.000	
 2014/05/15	   0.592	   0.594	   0.587	   0.588	         141700	      0.590	      0.589	      0.592	      0.591	           	      0.000	   1417.000	   3852.064	   9185.635	     -0.001	     -0.001	     -0.000	
 2014/05/16	   0.593	   0.593	   0.583	   0.588	         192409	      0.592	      0.588	      0.592	      0.590	           	      0.000	   1924.090	   3410.242	   9002.218	     -0.002	     -0.001	     -0.001	
 2014/05/19	   0.587	   0.587	   0.577	   0.583	         249200	      0.589	      0.588	      0.591	      0.589	           	      0.000	   2492.000	   2621.414	   4451.692	     -0.002	     -0.001	     -0.001	
 2014/05/20	   0.583	   0.583	   0.579	   0.579	         483579	      0.586	      0.587	      0.589	      0.589	           	      0.000	   4835.790	   2877.372	   4457.137	     -0.003	     -0.002	     -0.002	
 2014/05/21	   0.579	   0.585	   0.578	   0.584	        1350479	      0.584	      0.587	      0.589	      0.588	           	      0.000	  13504.790	   4834.734	   5383.516	     -0.003	     -0.002	     -0.002	
 2014/05/22	   0.582	   0.590	   0.582	   0.586	         234000	      0.584	      0.587	      0.588	      0.588	           	      0.000	   2340.000	   5019.334	   4435.699	     -0.003	     -0.002	     -0.001	
 2014/05/23	   0.587	   0.588	   0.583	   0.588	         173014	      0.584	      0.588	      0.588	      0.589	           	      0.000	   1730.140	   4980.544	   4195.393	     -0.002	     -0.002	     -0.000	
 2014/05/26	   0.590	   0.591	   0.587	   0.589	         518450	      0.585	      0.587	      0.587	      0.589	           	      0.000	   5184.500	   5519.044	   4070.229	     -0.002	     -0.002	      0.000	
 2014/05/27	   0.589	   0.590	   0.586	   0.588	         439700	      0.587	      0.587	      0.587	      0.589	           	      0.000	   4397.000	   5431.286	   4154.329	     -0.002	     -0.002	      0.000	
 2014/05/28	   0.588	   0.592	   0.587	   0.592	         617052	      0.589	      0.586	      0.588	      0.589	           	      0.000	   6170.520	   3964.432	   4399.583	     -0.001	     -0.002	      0.001	
 2014/05/29	   0.592	   0.595	   0.588	   0.589	         373072	      0.589	      0.587	      0.588	      0.589	           	      0.000	   3730.720	   4242.576	   4630.955	     -0.001	     -0.002	      0.001	
 2014/05/30	   0.589	   0.592	   0.586	   0.589	         732900	      0.589	      0.587	      0.587	      0.589	           	      0.000	   7329.000	   5362.348	   5171.446	     -0.001	     -0.002	      0.001	
 2014/06/03	   0.590	   0.593	   0.589	   0.589	        2425200	      0.589	      0.587	      0.587	      0.589	           	      0.000	  24252.000	   9175.848	   7347.446	     -0.001	     -0.001	      0.001	
 2014/06/04	   0.583	   0.586	   0.580	   0.583	         477300	      0.588	      0.588	      0.587	      0.589	           	      0.000	   4773.000	   9251.048	   7341.167	     -0.001	     -0.001	      0.000	
 2014/06/05	   0.583	   0.589	   0.579	   0.586	         532207	      0.587	      0.588	      0.587	      0.589	           	      0.000	   5322.070	   9081.358	   6522.895	     -0.001	     -0.001	      0.000	
 2014/06/06	   0.586	   0.588	   0.580	   0.585	         235800	      0.586	      0.588	      0.587	      0.589	           	      0.000	   2358.000	   8806.814	   6524.695	     -0.001	     -0.001	      0.000	
 2014/06/09	   0.585	   0.590	   0.581	   0.585	         515491	      0.586	      0.587	      0.588	      0.589	           	      0.000	   5154.910	   8371.996	   6867.172	     -0.001	     -0.001	     -0.000	
 2014/06/10	   0.586	   0.594	   0.585	   0.594	        2234220	      0.587	      0.588	      0.588	      0.590	           	      0.000	  22342.199	   7990.036	   8582.942	     -0.001	     -0.001	      0.001	
 2014/06/11	   0.593	   0.593	   0.589	   0.593	        1270470	      0.589	      0.589	      0.588	      0.590	           	      0.000	  12704.700	   9576.376	   9413.712	     -0.000	     -0.001	      0.002	
 2014/06/12	   0.589	   0.597	   0.589	   0.593	         469927	      0.590	      0.589	      0.588	      0.590	           	      0.000	   4699.270	   9451.816	   9266.587	      0.000	     -0.001	      0.002	
 2014/06/13	   0.588	   0.599	   0.588	   0.599	        2056101	      0.593	      0.590	      0.588	      0.591	           	      0.000	  20561.010	  13092.418	  10949.616	      0.001	     -0.000	      0.003	
 2014/06/16	   0.597	   0.606	   0.597	   0.605	        1559499	      0.597	      0.591	      0.589	      0.591	           	      0.000	  15594.990	  15180.434	  11776.215	      0.002	      0.000	      0.004	
 2014/06/17	   0.599	   0.602	   0.598	   0.598	         302200	      0.598	      0.592	      0.590	      0.592	           	      0.000	   3022.000	  11316.395	   9653.215	      0.002	      0.000	      0.004	
 2014/06/18	   0.598	   0.601	   0.595	   0.597	        1410001	      0.598	      0.594	      0.591	      0.592	           	      0.000	  14100.010	  11595.456	  10585.916	      0.002	      0.001	      0.003	
 2014/06/19	   0.595	   0.597	   0.591	   0.591	         526760	      0.598	      0.594	      0.591	      0.592	           	      0.000	   5267.600	  11709.122	  10580.469	      0.002	      0.001	      0.002	
 2014/06/20	   0.590	   0.590	   0.585	   0.590	         211292	      0.596	      0.595	      0.591	      0.592	           	      0.000	   2112.920	   8019.504	  10555.961	      0.001	      0.001	      0.001	
 2014/06/23	   0.590	   0.593	   0.590	   0.590	         127738	      0.593	      0.595	      0.591	      0.593	           	      0.000	   1277.380	   5155.982	  10168.208	      0.001	      0.001	     -0.000	
 2014/06/24	   0.590	   0.593	   0.589	   0.591	         588638	      0.592	      0.595	      0.591	      0.593	           	      0.000	   5886.380	   5728.858	   8522.626	      0.001	      0.001	     -0.000	
 2014/06/25	   0.591	   0.591	   0.584	   0.590	         802759	      0.590	      0.594	      0.591	      0.593	           	      0.000	   8027.590	   4514.374	   8054.915	      0.001	      0.001	     -0.001	
 2014/06/26	   0.589	   0.593	   0.589	   0.593	        1290600	      0.591	      0.594	      0.591	      0.593	           	      0.000	  12906.000	   6042.054	   8875.588	      0.001	      0.001	     -0.001	
 2014/06/27	   0.593	   0.595	   0.589	   0.594	        2441439	      0.592	      0.594	      0.592	      0.593	           	      0.000	  24414.391	  10502.348	   9260.926	      0.001	      0.001	     -0.000	
 2014/06/30	   0.597	   0.599	   0.590	   0.597	        1337700	      0.593	      0.593	      0.592	      0.593	           	      0.000	  13377.000	  12922.272	   9039.127	      0.001	      0.001	      0.000	
 2014/07/01	   0.599	   0.599	   0.593	   0.596	         618110	      0.594	      0.593	      0.592	      0.593	           	      0.000	   6181.100	  12981.216	   9355.037	      0.001	      0.001	      0.000	
 2014/07/02	   0.596	   0.600	   0.594	   0.599	         680653	      0.596	      0.593	      0.593	      0.594	           	      0.000	   6806.530	  12737.004	   8625.689	      0.002	      0.001	      0.001	
 2014/07/03	   0.598	   0.603	   0.596	   0.602	        2186378	      0.598	      0.594	      0.594	      0.594	           	      0.000	  21863.779	  14528.560	  10285.307	      0.002	      0.001	      0.002	
 2014/07/04	   0.599	   0.603	   0.599	   0.602	         211240	      0.599	      0.595	      0.595	      0.594	           	      0.000	   2112.400	  10068.162	  10285.255	      0.002	      0.001	      0.002	
 2014/07/07	   0.600	   0.607	   0.600	   0.603	        1174181	      0.600	      0.597	      0.596	      0.594	           	      0.000	  11741.810	   9741.124	  11331.698	      0.003	      0.002	      0.002	
 2014/07/08	   0.600	   0.604	   0.600	   0.604	         635631	      0.602	      0.598	      0.596	      0.593	           	      0.000	   6356.310	   9776.166	  11378.691	      0.003	      0.002	      0.002	
 2014/07/09	   0.604	   0.604	   0.597	   0.597	         628700	      0.602	      0.599	      0.597	      0.593	           	      0.000	   6287.000	   9672.260	  11204.632	      0.003	      0.002	      0.001	
 2014/07/10	   0.597	   0.599	   0.595	   0.597	         216957	      0.601	      0.599	      0.597	      0.593	           	      0.000	   2169.570	   5733.418	  10130.989	      0.002	      0.002	      0.000	
 2014/07/11	   0.594	   0.601	   0.594	   0.601	        1044104	      0.600	      0.600	      0.597	      0.592	           	      0.000	  10441.040	   7399.146	   8733.654	      0.002	      0.002	      0.000	
 2014/07/14	   0.603	   0.605	   0.599	   0.604	         707318	      0.601	      0.600	      0.597	      0.593	           	      0.000	   7073.180	   6465.420	   8103.272	      0.003	      0.002	      0.001	
 2014/07/15	   0.604	   0.607	   0.601	   0.606	        2499118	      0.601	      0.601	      0.597	      0.593	           	      0.000	  24991.180	  10192.394	   9984.280	      0.003	      0.002	      0.001	
 2014/07/16	   0.606	   0.607	   0.602	   0.603	         355959	      0.602	      0.602	      0.597	      0.593	           	      0.000	   3559.590	   9646.912	   9659.586	      0.003	      0.003	      0.001	
 2014/07/17	   0.604	   0.606	   0.601	   0.603	        1947965	      0.603	      0.602	      0.598	      0.593	           	      0.000	  19479.650	  13108.928	   9421.173	      0.003	      0.003	      0.001	
 2014/07/18	   0.603	   0.608	   0.600	   0.603	        1628149	      0.604	      0.602	      0.599	      0.593	           	      0.000	  16281.490	  14277.019	  10838.082	      0.003	      0.003	      0.000	
 2014/07/21	   0.603	   0.610	   0.602	   0.605	         717100	      0.604	      0.602	      0.600	      0.593	           	      0.000	   7171.000	  14296.582	  10381.001	      0.003	      0.003	      0.000	
 2014/07/22	   0.603	   0.619	   0.602	   0.613	        3182563	      0.605	      0.603	      0.601	      0.593	           	      0.000	  31825.631	  15663.473	  12927.934	      0.004	      0.003	      0.001	
 2014/07/23	   0.610	   0.619	   0.610	   0.616	        3564258	      0.608	      0.605	      0.602	      0.594	           	      0.000	  35642.578	  22080.070	  15863.491	      0.004	      0.003	      0.002	
 2014/07/24	   0.616	   0.632	   0.616	   0.630	        3630888	      0.613	      0.608	      0.604	      0.594	           	      0.000	  36308.879	  25445.916	  19277.422	      0.006	      0.004	      0.004	
 2014/07/25	   0.633	   0.635	   0.625	   0.635	        1521035	      0.620	      0.612	      0.606	      0.595	           	      0.000	  15210.350	  25231.688	  19754.354	      0.008	      0.005	      0.006	
 2014/07/28	   0.635	   0.666	   0.635	   0.652	        3763790	      0.629	      0.617	      0.609	      0.596	           	      0.000	  37637.898	  31325.066	  22810.824	      0.010	      0.006	      0.009	
 2014/07/29	   0.657	   0.660	   0.652	   0.658	        2620903	      0.638	      0.622	      0.612	      0.597	           	      0.000	  26209.029	  30201.746	  22932.609	      0.012	      0.007	      0.011	
 2014/07/30	   0.656	   0.662	   0.651	   0.653	        2235411	      0.646	      0.627	      0.614	      0.598	           	      0.000	  22354.109	  27544.053	  24812.063	      0.014	      0.008	      0.011	
 2014/07/31	   0.653	   0.662	   0.650	   0.662	        1354580	      0.652	      0.633	      0.617	      0.600	           	      0.000	  13545.800	  22991.438	  24218.676	      0.015	      0.010	      0.011	
 2014/08/01	   0.661	   0.667	   0.657	   0.657	        2894556	      0.656	      0.638	      0.620	      0.601	           	      0.000	  28945.561	  25738.480	  25485.084	      0.016	      0.011	      0.010	
 2014/08/04	   0.655	   0.670	   0.655	   0.670	         904158	      0.660	      0.645	      0.623	      0.602	           	      0.000	   9041.580	  20019.215	  25672.141	      0.017	      0.012	      0.010	
 2014/08/05	   0.665	   0.670	   0.661	   0.666	        2563897	      0.662	      0.650	      0.627	      0.604	           	      0.000	  25638.971	  19905.203	  25053.475	      0.018	      0.013	      0.009	
 2014/08/06	   0.666	   0.666	   0.653	   0.658	         697822	      0.663	      0.654	      0.630	      0.605	           	      0.000	   6978.220	  16830.025	  22187.039	      0.018	      0.014	      0.007	
 2014/08/07	   0.659	   0.662	   0.651	   0.659	        1595868	      0.662	      0.657	      0.633	      0.606	           	      0.000	  15958.680	  17312.602	  20152.020	      0.017	      0.015	      0.005	
 2014/08/08	   0.652	   0.655	   0.648	   0.652	         438700	      0.661	      0.659	      0.635	      0.607	           	      0.000	   4387.000	  12400.891	  19069.686	      0.016	      0.015	      0.002	
 2014/08/11	   0.652	   0.665	   0.652	   0.664	        1550039	      0.660	      0.660	      0.638	      0.608	           	      0.000	  15500.390	  13692.652	  16855.934	      0.016	      0.015	      0.001	
 2014/08/12	   0.658	   0.659	   0.654	   0.657	        3486992	      0.658	      0.660	      0.641	      0.609	           	      0.000	  34869.922	  15538.842	  17722.023	      0.015	      0.015	     -0.000	
 2014/08/13	   0.657	   0.663	   0.654	   0.660	        8003583	      0.658	      0.660	      0.644	      0.611	           	      0.000	  80035.828	  30150.363	  23490.195	      0.015	      0.015	     -0.001	
 2014/08/14	   0.657	   0.662	   0.654	   0.654	        1844230	      0.657	      0.660	      0.646	      0.612	           	      0.000	  18442.301	  30647.088	  23979.846	      0.013	      0.015	     -0.003	
 2014/08/15	   0.654	   0.660	   0.652	   0.659	        5238257	      0.659	      0.660	      0.649	      0.613	           	      0.000	  52382.570	  40246.203	  26323.547	      0.013	      0.014	     -0.003	
 2014/08/18	   0.659	   0.666	   0.659	   0.666	        5885487	      0.659	      0.660	      0.652	      0.614	           	      0.000	  58854.871	  48917.098	  31304.875	      0.013	      0.014	     -0.003	
 2014/08/19	   0.666	   0.666	   0.660	   0.663	        3290290	      0.660	      0.659	      0.655	      0.615	           	      0.000	  32902.898	  48523.695	  32031.268	      0.012	      0.014	     -0.003	
 2014/08/20	   0.653	   0.665	   0.653	   0.662	        4326101	      0.661	      0.660	      0.657	      0.617	           	      0.000	  43261.012	  41168.730	  35659.547	      0.012	      0.013	     -0.003	
 2014/08/21	   0.662	   0.662	   0.650	   0.654	        5029649	      0.661	      0.659	      0.658	      0.618	           	      0.000	  50296.488	  47539.566	  39093.328	      0.011	      0.013	     -0.004	
 2014/08/22	   0.656	   0.657	   0.653	   0.656	        4495503	      0.660	      0.660	      0.659	      0.619	           	      0.000	  44955.031	  46054.059	  43150.133	      0.010	      0.012	     -0.005	
 2014/08/25	   0.648	   0.655	   0.648	   0.654	        3193963	      0.658	      0.659	      0.659	      0.620	           	      0.000	  31939.631	  40671.012	  44794.055	      0.009	      0.011	     -0.006	
 2014/08/26	   0.652	   0.653	   0.646	   0.649	        4281300	      0.655	      0.658	      0.659	      0.621	           	      0.000	  42813.000	  42653.031	  45588.363	      0.007	      0.011	     -0.006	
 2014/08/27	   0.649	   0.650	   0.644	   0.646	        9327357	      0.652	      0.656	      0.658	      0.622	           	      0.000	  93273.570	  52655.543	  46912.137	      0.006	      0.010	     -0.007	
 2014/08/28	   0.646	   0.651	   0.645	   0.645	        8035888	      0.650	      0.655	      0.658	      0.623	           	      0.000	  80358.883	  58668.023	  53103.797	      0.005	      0.009	     -0.008	
 2014/08/29	   0.645	   0.652	   0.644	   0.652	        1790301	      0.649	      0.655	      0.657	      0.624	           	      0.000	  17903.010	  53257.617	  49655.840	      0.004	      0.008	     -0.007	
 2014/09/01	   0.651	   0.658	   0.649	   0.655	        4411593	      0.649	      0.654	      0.657	      0.625	           	      0.000	  44115.930	  55692.879	  48181.945	      0.004	      0.007	     -0.006	
 2014/09/02	   0.659	   0.666	   0.652	   0.664	        3254056	      0.652	      0.654	      0.656	      0.626	           	      0.000	  32540.561	  53638.391	  48145.711	      0.005	      0.007	     -0.004	
 2014/09/03	   0.665	   0.673	   0.664	   0.667	        9599466	      0.657	      0.654	      0.657	      0.628	           	      0.000	  95994.656	  54182.609	  53419.074	      0.006	      0.006	     -0.002	
 2014/09/04	   0.668	   0.676	   0.668	   0.674	        6671533	      0.662	      0.656	      0.658	      0.629	           	      0.000	  66715.328	  51453.898	  55060.961	      0.007	      0.006	      0.000	
 2014/09/05	   0.676	   0.685	   0.676	   0.683	        5341625	      0.669	      0.659	      0.659	      0.630	           	      0.000	  53416.250	  58556.547	  55907.082	      0.008	      0.007	      0.002	
 2014/09/09	   0.683	   0.685	   0.678	   0.680	        1923849	      0.674	      0.661	      0.660	      0.632	           	      0.000	  19238.490	  53581.059	  54636.969	      0.009	      0.007	      0.003	
 2014/09/10	   0.680	   0.680	   0.672	   0.675	        2305086	      0.676	      0.664	      0.661	      0.633	           	      0.000	  23050.859	  51683.117	  52660.754	      0.009	      0.007	      0.003	
 2014/09/11	   0.675	   0.690	   0.672	   0.674	        3133057	      0.677	      0.667	      0.662	      0.634	           	      0.000	  31330.570	  38750.301	  46466.453	      0.009	      0.008	      0.002	
 2014/09/12	   0.674	   0.678	   0.671	   0.678	         646661	      0.678	      0.670	      0.663	      0.636	           	      0.000	   6466.610	  26700.557	  39077.227	      0.009	      0.008	      0.002	
 2014/09/15	   0.684	   0.684	   0.673	   0.674	        3240200	      0.676	      0.672	      0.664	      0.637	           	      0.000	  32402.000	  22497.705	  40527.125	      0.009	      0.008	      0.001	
 2014/09/16	   0.674	   0.678	   0.669	   0.669	        3858115	      0.674	      0.674	      0.664	      0.638	           	      0.000	  38581.148	  26366.238	  39973.648	      0.008	      0.008	     -0.000	
 2014/09/17	   0.665	   0.673	   0.665	   0.669	        3588300	      0.673	      0.674	      0.664	      0.640	           	      0.000	  35883.000	  28932.666	  40307.891	      0.007	      0.008	     -0.001	
 2014/09/18	   0.669	   0.672	   0.660	   0.672	        6147109	      0.672	      0.675	      0.664	      0.641	           	      0.000	  61471.090	  34960.770	  36855.535	      0.007	      0.008	     -0.002	
 2014/09/19	   0.667	   0.675	   0.667	   0.671	        4468133	      0.671	      0.674	      0.665	      0.642	           	      0.000	  44681.328	  42603.715	  34652.133	      0.006	      0.007	     -0.002	
 2014/09/22	   0.675	   0.675	   0.659	   0.662	        1116178	      0.669	      0.672	      0.666	      0.644	           	      0.000	  11161.780	  38355.668	  30426.688	      0.005	      0.007	     -0.003	
 2014/09/23	   0.652	   0.669	   0.652	   0.665	        3122864	      0.668	      0.671	      0.666	      0.645	           	      0.000	  31228.641	  36885.168	  31625.703	      0.004	      0.006	     -0.004	
 2014/09/24	   0.655	   0.679	   0.655	   0.678	        3601555	      0.670	      0.671	      0.668	      0.646	           	      0.000	  36015.551	  36911.680	  32922.172	      0.005	      0.006	     -0.002	
 2014/09/25	   0.678	   0.684	   0.676	   0.677	        3721194	      0.671	      0.672	      0.669	      0.647	           	      0.000	  37211.941	  32059.848	  33510.309	      0.005	      0.006	     -0.002	
 2014/09/26	   0.676	   0.676	   0.670	   0.676	        2246957	      0.672	      0.671	      0.671	      0.649	           	      0.000	  22469.570	  27617.496	  35110.605	      0.005	      0.006	     -0.001	
 2014/09/29	   0.680	   0.682	   0.672	   0.679	        5736684	      0.675	      0.672	      0.672	      0.650	           	      0.000	  57366.840	  36858.508	  37607.090	      0.005	      0.006	     -0.001	
 2014/09/30	   0.678	   0.679	   0.674	   0.676	        2697998	      0.677	      0.673	      0.673	      0.651	           	      0.000	  26979.980	  36008.777	  36446.973	      0.005	      0.006	     -0.001	
 2014/10/08	   0.677	   0.684	   0.676	   0.684	        3513495	      0.678	      0.674	      0.674	      0.652	           	      0.000	  35134.949	  35832.656	  36372.168	      0.006	      0.006	      0.000	
 2014/10/09	   0.683	   0.684	   0.679	   0.684	        2172640	      0.680	      0.675	      0.675	      0.654	           	      0.000	  21726.400	  32735.549	  32397.697	      0.006	      0.006	      0.001	
 2014/10/10	   0.684	   0.684	   0.672	   0.678	        2601993	      0.680	      0.676	      0.675	      0.655	           	      0.000	  26019.930	  33445.621	  30531.559	      0.006	      0.006	     -0.000	
 2014/10/13	   0.676	   0.676	   0.666	   0.675	        1631752	      0.679	      0.677	      0.675	      0.656	           	      0.000	  16317.520	  25235.756	  31047.133	      0.005	      0.006	     -0.001	
 2014/10/14	   0.675	   0.675	   0.671	   0.674	        1754170	      0.679	      0.678	      0.674	      0.658	           	      0.000	  17541.699	  23348.100	  29678.438	      0.005	      0.005	     -0.002	
 2014/10/15	   0.671	   0.680	   0.667	   0.678	        2633769	      0.678	      0.678	      0.675	      0.659	           	      0.000	  26337.689	  21588.648	  28710.652	      0.004	      0.005	     -0.002	
 2014/10/16	   0.675	   0.686	   0.664	   0.675	        3422118	      0.676	      0.678	      0.675	      0.660	           	      0.000	  34221.180	  24087.604	  28411.576	      0.004	      0.005	     -0.002	
 2014/10/17	   0.673	   0.676	   0.666	   0.676	        1275068	      0.676	      0.678	      0.675	      0.661	           	      0.000	  12750.680	  21433.754	  27439.688	      0.004	      0.005	     -0.002	
 2014/10/20	   0.676	   0.679	   0.673	   0.678	        2213012	      0.676	      0.678	      0.675	      0.662	           	      0.000	  22130.119	  22596.273	  23916.016	      0.004	      0.004	     -0.002	
 2014/10/21	   0.674	   0.678	   0.670	   0.677	        1596482	      0.677	      0.678	      0.675	      0.664	           	      0.000	  15964.820	  22280.898	  22814.498	      0.003	      0.004	     -0.002	
 2014/10/22	   0.673	   0.675	   0.660	   0.669	        1971600	      0.675	      0.676	      0.675	      0.665	           	      0.000	  19716.000	  20956.561	  21272.604	      0.002	      0.004	     -0.003	
 2014/10/23	   0.669	   0.670	   0.664	   0.666	        2622700	      0.673	      0.675	      0.675	      0.665	           	      0.000	  26227.000	  19357.725	  21722.664	      0.002	      0.003	     -0.004	
 2014/10/24	   0.666	   0.668	   0.661	   0.662	         908370	      0.670	      0.673	      0.674	      0.666	           	      0.000	   9083.700	  18624.328	  20029.041	      0.000	      0.003	     -0.005	
 2014/10/27	   0.663	   0.665	   0.651	   0.652	       22207900	      0.665	      0.671	      0.674	      0.666	           	      0.000	 222079.000	  58614.105	  40605.188	     -0.001	      0.002	     -0.006	
 2014/10/28	   0.659	   0.668	   0.652	   0.668	       11845200	      0.663	      0.670	      0.674	      0.666	           	      0.000	 118452.000	  79111.539	  50696.219	     -0.001	      0.001	     -0.005	
 2014/10/29	   0.668	   0.679	   0.665	   0.675	        1658344	      0.665	      0.670	      0.674	      0.667	           	      0.000	  16583.439	  78485.031	  49720.793	     -0.001	      0.001	     -0.003	
 2014/10/30	   0.675	   0.684	   0.673	   0.682	        2429807	      0.668	      0.670	      0.674	      0.667	           	      0.000	  24298.070	  78099.242	  48728.484	      0.000	      0.001	     -0.001	
 2014/10/31	   0.682	   0.698	   0.682	   0.697	        2074535	      0.675	      0.673	      0.675	      0.668	           	      0.000	  20745.350	  80431.570	  49527.949	      0.002	      0.001	      0.002	
 2014/11/03	   0.698	   0.704	   0.692	   0.696	        2293733	      0.684	      0.674	      0.676	      0.669	           	      0.000	  22937.330	  40603.238	  49608.672	      0.004	      0.002	      0.004	
 2014/11/04	   0.694	   0.699	   0.693	   0.698	        1568152	      0.690	      0.677	      0.677	      0.669	           	      0.000	  15681.520	  20049.143	  49580.340	      0.005	      0.002	      0.005	
 2014/11/05	   0.693	   0.698	   0.692	   0.695	         960600	      0.694	      0.679	      0.678	      0.669	           	      0.000	   9606.000	  18653.654	  48569.340	      0.006	      0.003	      0.005	
 2014/11/06	   0.695	   0.698	   0.691	   0.694	        2210226	      0.696	      0.682	      0.678	      0.670	           	      0.000	  22102.260	  18214.492	  48156.867	      0.006	      0.004	      0.005	
 2014/11/07	   0.694	   0.708	   0.693	   0.701	        3393904	      0.697	      0.686	      0.679	      0.671	           	      0.000	  33939.039	  20853.230	  50642.402	      0.007	      0.004	      0.005	
 2014/11/10	   0.699	   0.720	   0.699	   0.715	        2777026	      0.701	      0.692	      0.681	      0.672	           	      0.000	  27770.260	  21819.816	  31211.527	      0.009	      0.005	      0.007	
 2014/11/11	   0.719	   0.732	   0.712	   0.718	        5597637	      0.705	      0.697	      0.684	      0.673	           	      0.000	  55976.371	  29878.785	  24963.965	      0.010	      0.006	      0.008	
 2014/11/12	   0.717	   0.733	   0.712	   0.730	        9052028	      0.712	      0.703	      0.686	      0.674	           	      0.000	  90520.281	  46061.641	  32357.648	      0.012	      0.007	      0.009	
 2014/11/13	   0.730	   0.736	   0.726	   0.730	        5403552	      0.719	      0.707	      0.689	      0.675	           	      0.000	  54035.520	  52448.293	  35331.395	      0.013	      0.009	      0.010	
 2014/11/14	   0.728	   0.729	   0.718	   0.724	        2982239	      0.723	      0.710	      0.691	      0.676	           	      0.000	  29822.391	  51624.965	  36239.098	      0.014	      0.010	      0.009	
 2014/11/17	   0.726	   0.735	   0.724	   0.724	        1679277	      0.725	      0.713	      0.694	      0.677	           	      0.000	  16792.770	  49429.465	  35624.641	      0.014	      0.011	      0.007	
 2014/11/18	   0.720	   0.722	   0.707	   0.711	        3732531	      0.724	      0.714	      0.695	      0.678	           	      0.000	  37325.309	  45699.254	  37789.020	      0.013	      0.011	      0.004	
 2014/11/19	   0.711	   0.714	   0.707	   0.710	       15818045	      0.720	      0.716	      0.697	      0.679	           	      0.000	 158180.453	  59231.289	  52646.465	      0.012	      0.011	      0.002	
 2014/11/20	   0.707	   0.715	   0.703	   0.710	       11616926	      0.716	      0.717	      0.700	      0.680	           	      0.000	 116169.258	  71658.039	  62053.164	      0.011	      0.011	     -0.000	
 2014/11/21	   0.710	   0.728	   0.707	   0.725	        8034215	      0.716	      0.720	      0.703	      0.681	           	      0.000	  80342.148	  81761.984	  66693.477	      0.011	      0.011	      0.000	
 2014/11/24	   0.725	   0.758	   0.725	   0.750	        7782951	      0.721	      0.723	      0.708	      0.682	           	      0.000	  77829.508	  93969.336	  71699.398	      0.014	      0.012	      0.004	
 2014/11/25	   0.750	   0.758	   0.742	   0.756	        6450652	      0.730	      0.727	      0.712	      0.684	           	      0.000	  64506.520	  99405.578	  72552.414	      0.016	      0.012	      0.006	
 2014/11/26	   0.754	   0.771	   0.754	   0.768	        6300357	      0.742	      0.731	      0.717	      0.686	           	      0.000	  63003.570	  80370.203	  69800.742	      0.018	      0.014	      0.009	
 2014/11/27	   0.770	   0.780	   0.768	   0.780	        5997672	      0.756	      0.736	      0.722	      0.688	           	      0.000	  59976.719	  69131.695	  70394.867	      0.020	      0.015	      0.011	
 2014/11/28	   0.777	   0.805	   0.776	   0.805	        3974315	      0.772	      0.744	      0.727	      0.691	           	      0.000	  39743.148	  61011.895	  71386.938	      0.024	      0.017	      0.015	
 2014/12/01	   0.809	   0.815	   0.801	   0.805	        6529142	      0.783	      0.752	      0.732	      0.694	           	      0.000	  65291.422	  58504.277	  76236.805	      0.027	      0.019	      0.016	
 2014/12/02	   0.799	   0.843	   0.793	   0.838	        5531935	      0.799	      0.765	      0.739	      0.697	           	      0.000	  55319.352	  56666.844	  78036.211	      0.031	      0.021	      0.020	
 2014/12/03	   0.838	   0.874	   0.838	   0.853	       12798063	      0.816	      0.779	      0.747	      0.700	           	      0.000	 127980.633	  69662.258	  75016.227	      0.036	      0.024	      0.023	
 2014/12/04	   0.852	   0.899	   0.845	   0.898	        7729937	      0.840	      0.798	      0.758	      0.704	           	      0.000	  77299.367	  73126.781	  71129.242	      0.042	      0.028	      0.029	
 2014/12/05	   0.902	   0.929	   0.872	   0.910	       14104544	      0.861	      0.816	      0.768	      0.708	           	      0.000	 141045.438	  93387.242	  77199.570	      0.048	      0.032	      0.032	
 2014/12/08	   0.907	   0.980	   0.891	   0.956	       12784165	      0.891	      0.837	      0.780	      0.712	           	      0.000	 127841.648	 105897.289	  82200.781	      0.055	      0.037	      0.038	
 2014/12/09	   0.970	   0.990	   0.861	   0.898	       20828464	      0.903	      0.851	      0.789	      0.716	           	      0.000	 208284.641	 136490.344	  96578.594	      0.056	      0.040	      0.031	
 2014/12/10	   0.898	   0.935	   0.860	   0.935	       18634986	      0.919	      0.868	      0.799	      0.720	           	      0.000	 186349.859	 148164.188	 108913.219	      0.059	      0.044	      0.029	
 2014/12/11	   0.934	   0.943	   0.902	   0.914	       62775644	      0.923	      0.881	      0.808	      0.724	           	      0.000	 627756.438	 258255.609	 165691.188	      0.059	      0.047	      0.023	
 2014/12/12	   0.910	   0.930	   0.901	   0.913	       60294564	      0.923	      0.892	      0.818	      0.728	           	      0.000	 602945.625	 350635.656	 222011.438	      0.058	      0.049	      0.017	
 2014/12/15	   0.904	   0.920	   0.890	   0.918	       52075764	      0.916	      0.903	      0.828	      0.732	           	      0.000	 520757.625	 429218.844	 267558.063	      0.057	      0.051	      0.012	
 2014/12/16	   0.918	   0.954	   0.915	   0.953	       36949800	      0.927	      0.915	      0.840	      0.737	           	      0.000	 369498.000	 461461.500	 298975.938	      0.058	      0.052	      0.012	
 2014/12/17	   0.952	   0.988	   0.952	   0.988	       38415912	      0.937	      0.928	      0.854	      0.742	           	      0.000	 384159.125	 501023.375	 324593.781	      0.062	      0.054	      0.015	
 2014/12/18	   0.985	   1.000	   0.971	   0.992	       56818476	      0.953	      0.938	      0.868	      0.747	           	      0.000	 568184.750	 489109.031	 373682.313	      0.064	      0.056	      0.015	
 2014/12/19	   0.987	   1.005	   0.962	   1.003	       46607152	      0.971	      0.947	      0.882	      0.753	           	      0.000	 466071.531	 461734.219	 406184.938	      0.066	      0.058	      0.015	
 2014/12/22	   1.003	   1.039	   0.998	   1.019	      295014080	      0.991	      0.953	      0.895	      0.759	           	      0.000	2950140.750	 947610.813	 688414.813	      0.067	      0.060	      0.015	
 2014/12/23	   1.014	   1.030	   0.986	   0.992	      250546784	      0.999	      0.963	      0.907	      0.764	           	      0.000	2505467.750	1374804.750	 918133.125	      0.066	      0.061	      0.010	
 2014/12/24	   0.991	   1.007	   0.937	   0.948	      295533088	      0.991	      0.964	      0.916	      0.769	           	      0.000	2955331.000	1889039.125	1195031.250	      0.061	      0.061	     -0.001	
 2014/12/25	   0.959	   0.990	   0.950	   0.989	      251349712	      0.990	      0.971	      0.926	      0.774	           	      0.000	2513497.000	2278101.500	1383605.375	      0.059	      0.061	     -0.003	
 2014/12/26	   0.989	   1.041	   0.986	   1.038	      422194720	      0.997	      0.984	      0.938	      0.780	           	      0.000	4221947.000	3029276.750	1745505.500	      0.061	      0.061	      0.001	
 2014/12/29	   1.058	   1.067	   1.024	   1.043	      177342720	      1.002	      0.997	      0.950	      0.786	           	      0.000	1773427.250	2793934.000	1870772.375	      0.062	      0.061	      0.003	
 2014/12/30	   1.044	   1.056	   1.025	   1.047	      422699168	      1.013	      1.006	      0.960	      0.792	           	      0.000	4226991.500	3138238.750	2256521.750	      0.063	      0.061	      0.003	
 2014/12/31	   1.047	   1.076	   1.042	   1.073	      130573800	      1.038	      1.014	      0.971	      0.799	           	      0.000	1305738.000	2808320.250	2348679.750	      0.065	      0.062	      0.005	
 2015/01/05	   1.078	   1.117	   1.074	   1.106	       56976576	      1.061	      1.026	      0.982	      0.806	           	      0.000	 569765.750	2419574.000	2348837.750	      0.068	      0.063	      0.010	
 2015/01/06	   1.106	   1.107	   1.078	   1.091	       61918296	      1.072	      1.035	      0.991	      0.813	           	      0.000	 619182.938	1699021.125	2364149.000	      0.069	      0.064	      0.009	
 2015/01/07	   1.091	   1.106	   1.075	   1.093	       93796840	      1.082	      1.042	      0.998	      0.820	           	      0.000	 937968.375	1531929.250	2162931.750	      0.069	      0.065	      0.007	
 2015/01/08	   1.093	   1.101	   1.062	   1.063	      128190992	      1.085	      1.049	      1.006	      0.826	           	      0.000	1281909.875	 942913.000	2040575.875	      0.065	      0.065	      0.000	
 2015/01/09	   1.062	   1.115	   1.055	   1.070	       83378648	      1.085	      1.061	      1.013	      0.833	           	      0.000	 833786.500	 848522.688	1828421.375	      0.063	      0.065	     -0.004	
 2015/01/12	   1.071	   1.072	   1.037	   1.058	      178017632	      1.075	      1.068	      1.020	      0.839	           	      0.000	1780176.375	1090604.750	1755089.375	      0.059	      0.064	     -0.010	
 2015/01/13	   1.054	   1.062	   1.048	   1.050	       68759224	      1.067	      1.069	      1.027	      0.845	           	      0.000	 687592.250	1104286.625	1401653.875	      0.054	      0.062	     -0.015	
 2015/01/14	   1.050	   1.065	   1.044	   1.052	       19988952	      1.059	      1.070	      1.033	      0.852	           	      0.000	 199889.516	 956670.875	1244300.125	      0.051	      0.059	     -0.018	
 2015/01/15	   1.055	   1.097	   1.042	   1.097	       23104100	      1.065	      1.075	      1.041	      0.859	           	      0.000	 231041.000	 746497.125	 844705.063	      0.051	      0.058	     -0.014	
 2015/01/16	   1.093	   1.112	   1.083	   1.095	       35577424	      1.070	      1.077	      1.046	      0.866	           	      0.000	 355774.250	 650894.688	 749708.688	      0.050	      0.056	     -0.013	
 2015/01/19	   1.040	   1.048	   0.986	   0.986	       17401778	      1.056	      1.066	      1.046	      0.871	           	      0.000	 174017.781	 329662.969	 710133.875	      0.040	      0.053	     -0.026	
 2015/01/20	   0.987	   1.014	   0.980	   1.004	       19226290	      1.047	      1.057	      1.046	      0.877	           	      0.000	 192262.906	 230597.094	 667441.875	      0.033	      0.049	     -0.031	
 2015/01/21	   1.004	   1.060	   1.004	   1.054	       34888052	      1.047	      1.053	      1.047	      0.883	           	      0.000	 348880.531	 260395.297	 608533.125	      0.032	      0.046	     -0.028	
 2015/01/22	   1.056	   1.062	   1.043	   1.056	       54308528	      1.039	      1.052	      1.051	      0.890	           	      0.000	 543085.250	 322804.156	 534650.625	      0.030	      0.042	     -0.025	
 2015/01/23	   1.062	   1.084	   1.055	   1.063	       49907232	      1.033	      1.051	      1.056	      0.896	           	      0.000	 499072.313	 351463.750	 501179.219	      0.029	      0.040	     -0.021	
 2015/01/26	   1.062	   1.068	   1.044	   1.067	       29682476	      1.049	      1.052	      1.060	      0.903	           	      0.000	 296824.750	 376025.156	 352844.063	      0.028	      0.038	     -0.018	
 2015/01/27	   1.066	   1.070	   1.030	   1.054	       64571120	      1.059	      1.053	      1.061	      0.909	           	      0.000	 645711.188	 466714.813	 348655.938	      0.026	      0.035	     -0.018	
 2015/01/28	   1.037	   1.058	   1.036	   1.039	       63913280	      1.056	      1.051	      1.061	      0.914	           	      0.000	 639132.813	 524765.250	 392580.281	      0.023	      0.033	     -0.019	
 2015/01/29	   1.026	   1.037	   1.018	   1.024	        9685082	      1.049	      1.044	      1.060	      0.920	           	      0.000	  96850.820	 435518.375	 379161.250	      0.020	      0.030	     -0.021	
 2015/01/30	   1.035	   1.035	   1.007	   1.009	       26481376	      1.039	      1.036	      1.057	      0.925	           	      0.000	 264813.750	 388666.656	 370065.219	      0.015	      0.027	     -0.024	
 2015/02/02	   0.995	   0.995	   0.976	   0.982	       23541358	      1.022	      1.035	      1.050	      0.930	           	      0.000	 235413.578	 376384.438	 376204.781	      0.009	      0.024	     -0.029	
 2015/02/03	   0.981	   1.010	   0.978	   1.004	       25259388	      1.012	      1.035	      1.046	      0.935	           	      0.000	 252593.875	 297760.969	 382237.875	      0.006	      0.020	     -0.028	
 2015/02/04	   1.004	   1.018	   0.991	   0.997	       36744164	      1.003	      1.030	      1.041	      0.940	           	      0.000	 367441.625	 243422.734	 384094.000	      0.004	      0.017	     -0.027	
 2015/02/05	   1.014	   1.036	   0.985	   0.985	       57677396	      0.995	      1.022	      1.037	      0.944	           	      0.000	 576773.938	 339407.344	 387462.875	      0.000	      0.014	     -0.027	
 2015/02/06	   0.985	   0.993	   0.957	   0.974	       13097076	      0.988	      1.013	      1.033	      0.948	           	      0.000	 130970.758	 312638.750	 350652.719	     -0.003	      0.010	     -0.027	
 2015/02/09	   0.970	   0.994	   0.966	   0.982	       12229971	      0.988	      1.005	      1.029	      0.952	           	      0.000	 122299.711	 290015.969	 333200.219	     -0.005	      0.007	     -0.025	
 2015/02/10	   0.985	   1.000	   0.980	   0.999	       16824288	      0.987	      0.999	      1.026	      0.957	           	      0.000	 168242.875	 273145.781	 285453.375	     -0.005	      0.005	     -0.020	
 2015/02/11	   0.999	   1.007	   0.999	   1.005	        8698590	      0.989	      0.996	      1.024	      0.962	           	      0.000	  86985.898	 217054.641	 230238.688	     -0.005	      0.003	     -0.015	
 2015/02/12	   1.005	   1.012	   0.996	   1.010	        3617969	      0.994	      0.995	      1.019	      0.967	           	      0.000	  36179.691	 108935.789	 224171.563	     -0.004	      0.001	     -0.011	
 2015/02/13	   1.008	   1.028	   1.006	   1.013	        3897900	      1.002	      0.995	      1.015	      0.972	           	      0.000	  38979.000	  90537.438	 201588.094	     -0.003	      0.000	     -0.007	
 2015/02/16	   1.013	   1.020	   1.010	   1.017	        4150042	      1.009	      0.999	      1.017	      0.977	           	      0.000	  41500.422	  74377.578	 182196.781	     -0.002	     -0.000	     -0.004	
 2015/02/17	   1.020	   1.031	   1.020	   1.023	        1675694	      1.014	      1.000	      1.018	      0.982	           	      0.000	  16756.939	  44080.391	 158613.078	     -0.001	     -0.000	     -0.001	
 2015/02/25	   1.023	   1.025	   1.006	   1.007	        2829789	      1.014	      1.002	      1.015	      0.986	           	      0.000	  28297.891	  32342.789	 124698.711	     -0.001	     -0.000	     -0.001	
 2015/02/26	   1.007	   1.043	   1.001	   1.043	       13732336	      1.021	      1.007	      1.015	      0.991	           	      0.000	 137323.359	  52571.523	  80753.656	      0.002	     -0.000	      0.003	
 2015/02/27	   1.043	   1.048	   1.036	   1.040	        7970859	      1.026	      1.014	      1.014	      0.995	           	      0.000	  79708.594	  60717.441	  75627.438	      0.003	      0.001	      0.006	
 2015/03/02	   1.058	   1.058	   1.035	   1.046	        7640427	      1.032	      1.020	      1.013	      1.000	           	      0.000	  76404.273	  67698.211	  71037.891	      0.005	      0.002	      0.008	
 2015/03/03	   1.043	   1.043	   1.012	   1.012	        8605126	      1.030	      1.022	      1.011	      1.003	           	      0.000	  86051.258	  81557.078	  62818.734	      0.004	      0.002	      0.004	
 2015/03/04	   1.014	   1.025	   1.006	   1.017	       17049480	      1.032	      1.023	      1.009	      1.007	           	      0.000	 170494.797	 109996.453	  71169.625	      0.003	      0.002	      0.002	
 2015/03/05	   1.012	   1.012	   0.995	   1.007	        9259368	      1.024	      1.023	      1.009	      1.010	           	      0.000	  92593.680	 101050.523	  76811.023	      0.002	      0.002	     -0.000	
 2015/03/06	   1.007	   1.012	   0.997	   1.002	       14045874	      1.017	      1.021	      1.008	      1.012	           	      0.000	 140458.734	 113200.547	  86958.992	      0.001	      0.002	     -0.003	
 2015/03/09	   0.995	   1.030	   0.980	   1.025	        9397576	      1.013	      1.022	      1.010	      1.014	           	      0.000	  93975.758	 116714.844	  92206.531	      0.001	      0.002	     -0.001	
 2015/03/10	   1.018	   1.023	   1.010	   1.012	       16997944	      1.013	      1.021	      1.011	      1.016	           	      0.000	 169979.438	 133500.484	 107528.781	      0.001	      0.002	     -0.002	
 2015/03/11	   1.010	   1.031	   1.010	   1.016	       12251332	      1.012	      1.022	      1.012	      1.017	           	      0.000	 122513.320	 123904.188	 116950.320	      0.001	      0.001	     -0.002	
 2015/03/12	   1.020	   1.049	   1.018	   1.044	       13977905	      1.020	      1.022	      1.015	      1.019	           	      0.000	 139779.047	 133341.266	 117195.891	      0.003	      0.002	      0.002	
 2015/03/13	   1.046	   1.060	   1.041	   1.050	       10858928	      1.029	      1.023	      1.018	      1.021	           	      0.000	 108589.281	 126967.367	 120083.961	      0.005	      0.002	      0.005	
 2015/03/16	   1.052	   1.073	   1.045	   1.073	       20903432	      1.039	      1.026	      1.023	      1.024	           	      0.000	 209034.313	 149979.078	 133346.969	      0.008	      0.004	      0.010	
 2015/03/17	   1.073	   1.090	   1.073	   1.088	       10275331	      1.054	      1.033	      1.028	      1.027	           	      0.000	 102753.313	 136533.859	 135017.172	      0.012	      0.005	      0.014	
 2015/03/18	   1.089	   1.116	   1.087	   1.115	       11632939	      1.074	      1.043	      1.033	      1.030	           	      0.000	 116329.391	 135297.063	 129600.625	      0.017	      0.008	      0.019	
 2015/03/19	   1.115	   1.122	   1.100	   1.113	       19970364	      1.088	      1.054	      1.038	      1.033	           	      0.000	 199703.641	 147281.984	 140311.625	      0.021	      0.010	      0.021	
 2015/03/20	   1.113	   1.160	   1.105	   1.138	       31248858	      1.105	      1.067	      1.044	      1.035	           	      0.000	 312488.594	 188061.844	 157514.609	      0.025	      0.013	      0.024	
 2015/03/23	   1.139	   1.158	   1.139	   1.156	       30116180	      1.122	      1.081	      1.051	      1.038	           	      0.000	 301161.813	 206487.344	 178233.219	      0.030	      0.017	      0.027	
 2015/03/24	   1.157	   1.157	   1.122	   1.145	       14403882	      1.133	      1.094	      1.057	      1.040	           	      0.000	 144038.813	 214744.453	 175639.156	      0.032	      0.020	      0.025	
 2015/03/25	   1.145	   1.149	   1.125	   1.138	       21450396	      1.138	      1.106	      1.064	      1.042	           	      0.000	 214503.953	 234379.359	 184838.219	      0.033	      0.023	      0.022	
 2015/03/26	   1.134	   1.156	   1.083	   1.142	       38752432	      1.144	      1.116	      1.069	      1.045	           	      0.000	 387524.313	 271943.500	 209612.750	      0.034	      0.025	      0.019	
 2015/03/27	   1.136	   1.155	   1.130	   1.146	       21237906	      1.145	      1.125	      1.074	      1.048	           	      0.000	 212379.063	 251921.594	 219991.719	      0.035	      0.027	      0.016	
 2015/03/30	   1.147	   1.200	   1.147	   1.191	       21577348	      1.152	      1.137	      1.082	      1.051	           	      0.000	 215773.484	 234843.922	 220665.641	      0.038	      0.029	      0.018	
 2015/03/31	   1.201	   1.226	   1.162	   1.167	       37260448	      1.157	      1.145	      1.089	      1.054	           	      0.000	 372604.469	 280557.063	 247650.750	      0.039	      0.031	      0.015	
 2015/04/01	   1.172	   1.199	   1.172	   1.199	       29926594	      1.169	      1.153	      1.098	      1.056	           	      0.000	 299265.938	 297509.438	 265944.406	      0.041	      0.033	      0.016	
 2015/04/02	   1.198	   1.208	   1.181	   1.188	       16647871	      1.178	      1.161	      1.107	      1.059	           	      0.000	 166478.703	 253300.328	 262621.906	      0.042	      0.035	      0.014	
 2015/04/03	   1.171	   1.205	   1.171	   1.201	       11513187	      1.189	      1.167	      1.117	      1.061	           	      0.000	 115131.867	 233850.891	 242886.234	      0.043	      0.036	      0.013	
 2015/04/07	   1.203	   1.233	   1.202	   1.229	       20809656	      1.197	      1.175	      1.128	      1.063	           	      0.000	 208096.563	 232315.500	 233579.719	      0.045	      0.038	      0.014	
 2015/04/08	   1.219	   1.250	   1.212	   1.249	       48378412	      1.213	      1.185	      1.139	      1.065	           	      0.000	 483784.125	 254551.438	 267554.250	      0.048	      0.040	      0.016	
 2015/04/09	   1.249	   1.278	   1.236	   1.250	       63336840	      1.223	      1.196	      1.151	      1.068	           	      0.000	 633368.375	 321371.938	 309440.688	      0.050	      0.042	      0.016	
 2015/04/10	   1.245	   1.269	   1.236	   1.268	       49078444	      1.239	      1.209	      1.162	      1.071	           	      0.000	 490784.438	 386233.063	 319766.688	      0.053	      0.044	      0.017	
 2015/04/13	   1.273	   1.300	   1.270	   1.299	       39898192	      1.259	      1.224	      1.175	      1.075	           	      0.000	 398981.906	 443003.094	 338427.000	      0.056	      0.047	      0.019	
 2015/04/14	   1.300	   1.308	   1.273	   1.300	       46741348	      1.273	      1.235	      1.186	      1.079	           	      0.000	 467413.469	 494866.469	 363591.000	      0.059	      0.049	      0.019	
 2015/04/15	   1.288	   1.329	   1.285	   1.312	       42279776	      1.286	      1.250	      1.197	      1.084	           	      0.000	 422797.750	 482669.188	 368610.313	      0.061	      0.052	      0.019	
 2015/04/16	   1.295	   1.348	   1.280	   1.346	       48228476	      1.305	      1.264	      1.209	      1.089	           	      0.000	 482284.750	 452452.469	 386912.188	      0.065	      0.054	      0.021	
 2015/04/17	   1.345	   1.401	   1.345	   1.386	       43450796	      1.329	      1.284	      1.222	      1.093	           	      0.000	 434507.969	 441197.156	 413715.125	      0.070	      0.057	      0.025	
 2015/04/20	   1.400	   1.400	   1.335	   1.361	      101087824	      1.341	      1.300	      1.234	      1.098	           	      0.000	1010878.250	 563576.438	 503289.750	      0.071	      0.060	      0.023	
 2015/04/21	   1.359	   1.368	   1.320	   1.365	       44050048	      1.354	      1.314	      1.244	      1.104	           	      0.000	 440500.469	 558193.813	 526530.125	      0.072	      0.063	      0.019	
 2015/04/22	   1.365	   1.399	   1.353	   1.398	       48178920	      1.371	      1.329	      1.257	      1.111	           	      0.000	 481789.188	 569992.125	 526330.625	      0.074	      0.065	      0.019	
 2015/04/23	   1.395	   1.404	   1.377	   1.388	       58136680	      1.380	      1.342	      1.269	      1.116	           	      0.000	 581366.813	 589808.563	 521130.500	      0.074	      0.067	      0.015	
 2015/04/24	   1.383	   1.383	   1.340	   1.368	       59375124	      1.376	      1.352	      1.281	      1.121	           	      0.000	 593751.250	 621657.188	 531427.188	      0.072	      0.068	      0.009	
 2015/04/27	   1.368	   1.419	   1.368	   1.411	       72578816	      1.386	      1.363	      1.294	      1.127	           	      0.000	 725788.188	 564639.188	 564107.813	      0.073	      0.069	      0.008	
 2015/04/28	   1.409	   1.438	   1.385	   1.406	      104903888	      1.394	      1.374	      1.305	      1.133	           	      0.000	1049038.875	 686346.875	 622270.375	      0.072	      0.070	      0.005	
 2015/04/29	   1.400	   1.420	   1.364	   1.414	       43019016	      1.397	      1.384	      1.317	      1.139	           	      0.000	 430190.156	 676027.063	 623009.563	      0.072	      0.070	      0.003	
 2015/04/30	   1.414	   1.420	   1.395	   1.397	       61625908	      1.399	      1.389	      1.327	      1.145	           	      0.000	 616259.063	 683005.500	 636407.000	      0.069	      0.070	     -0.002	
 2015/05/04	   1.386	   1.412	   1.369	   1.409	       46049392	      1.407	      1.392	      1.338	      1.151	           	      0.000	 460493.906	 656354.063	 639005.625	      0.067	      0.069	     -0.004	
 2015/05/05	   1.397	   1.414	   1.351	   1.353	       84250920	      1.396	      1.391	      1.345	      1.157	           	      0.000	 842509.188	 679698.250	 622168.688	      0.060	      0.067	     -0.014	
 2015/05/06	   1.353	   1.400	   1.335	   1.340	       62842600	      1.383	      1.388	      1.351	      1.163	           	      0.000	 628426.000	 595575.688	 640961.250	      0.053	      0.065	     -0.023	
 2015/05/07	   1.338	   1.344	   1.305	   1.321	       23211070	      1.364	      1.381	      1.355	      1.168	           	      0.000	 232110.703	 555959.750	 615993.438	      0.046	      0.061	     -0.030	
 2015/05/08	   1.315	   1.344	   1.315	   1.342	       20135088	      1.353	      1.376	      1.359	      1.174	           	      0.000	 201350.875	 472978.125	 577991.813	      0.041	      0.057	     -0.032	
 2015/05/11	   1.340	   1.393	   1.330	   1.386	       42087104	      1.348	      1.378	      1.365	      1.181	           	      0.000	 420871.031	 465053.563	 560703.813	      0.040	      0.053	     -0.027	
 2015/05/12	   1.365	   1.387	   1.357	   1.382	       71404224	      1.354	      1.375	      1.369	      1.188	           	      0.000	 714042.250	 439360.188	 559529.188	      0.039	      0.050	     -0.024	
 2015/05/13	   1.384	   1.388	   1.355	   1.366	        7888656	      1.359	      1.371	      1.373	      1.194	           	      0.000	  78886.563	 329452.281	 462513.969	      0.036	      0.048	     -0.023	
 2015/05/14	   1.366	   1.377	   1.349	   1.358	       29128052	      1.367	      1.365	      1.375	      1.200	           	      0.000	 291280.531	 341286.250	 448623.000	      0.033	      0.045	     -0.024	
 2015/05/15	   1.358	   1.358	   1.333	   1.335	       20442700	      1.365	      1.359	      1.374	      1.205	           	      0.000	 204427.000	 341901.469	 407439.813	      0.028	      0.041	     -0.027	
 2015/05/18	   1.330	   1.330	   1.306	   1.306	        3071020	      1.349	      1.349	      1.370	      1.210	           	      0.000	  30710.199	 263869.313	 364461.438	      0.022	      0.037	     -0.031	
 2015/05/19	   1.306	   1.363	   1.304	   1.356	      124510048	      1.344	      1.349	      1.370	      1.216	           	      0.000	1245100.500	 370080.969	 404720.563	      0.020	      0.034	     -0.027	
 2015/05/20	   1.358	   1.388	   1.320	   1.376	       98519064	      1.346	      1.353	      1.371	      1.222	           	      0.000	 985190.625	 551341.750	 440397.031	      0.021	      0.031	     -0.021	
 2015/05/21	   1.365	   1.379	   1.361	   1.377	       29253456	      1.350	      1.358	      1.370	      1.228	           	      0.000	 292534.563	 551592.563	 446439.406	      0.021	      0.029	     -0.017	
 2015/05/22	   1.378	   1.436	   1.378	   1.417	       18087016	      1.366	      1.366	      1.371	      1.235	           	      0.000	 180870.156	 546881.188	 444391.344	      0.024	      0.028	     -0.008	
 2015/05/25	   1.418	   1.475	   1.417	   1.472	        9534179	      1.400	      1.375	      1.376	      1.242	           	      0.000	  95341.789	 559807.500	 411838.406	      0.031	      0.029	      0.004	
 2015/05/26	   1.480	   1.489	   1.450	   1.479	       45166976	      1.424	      1.384	      1.380	      1.249	           	      0.000	 451669.750	 401121.375	 385601.156	      0.036	      0.030	      0.012	
 2015/05/27	   1.479	   1.485	   1.450	   1.464	       22643796	      1.442	      1.394	      1.383	      1.256	           	      0.000	 226437.953	 249370.844	 400356.313	      0.038	      0.032	      0.013	
 2015/05/28	   1.466	   1.468	   1.363	   1.370	       18012884	      1.440	      1.395	      1.380	      1.262	           	      0.000	 180128.844	 226889.703	 389241.125	      0.033	      0.032	      0.001	
 2015/05/29	   1.362	   1.387	   1.341	   1.363	       86848056	      1.430	      1.398	      1.379	      1.268	           	      0.000	 868480.563	 364411.781	 455646.500	      0.027	      0.031	     -0.008	
 2015/06/01	   1.365	   1.435	   1.352	   1.426	      168853664	      1.420	      1.410	      1.379	      1.275	           	      0.000	1688536.625	 683050.750	 621429.125	      0.027	      0.030	     -0.006	
 2015/06/02	   1.429	   1.440	   1.392	   1.437	      180715264	      1.412	      1.418	      1.384	      1.282	           	      0.000	1807152.625	 954147.313	 677634.375	      0.028	      0.030	     -0.003	
 2015/06/03	   1.437	   1.449	   1.421	   1.442	      241676416	      1.408	      1.425	      1.389	      1.289	           	      0.000	2416764.250	1392212.625	 820791.688	      0.029	      0.030	     -0.001	
 2015/06/04	   1.431	   1.488	   1.380	   1.464	      406816448	      1.426	      1.433	      1.396	      1.297	           	      0.000	4068164.500	2169819.750	1198354.750	      0.031	      0.030	      0.002	
 2015/06/05	   1.460	   1.490	   1.448	   1.483	      118274968	      1.450	      1.440	      1.403	      1.304	           	      0.000	1182749.625	2232673.500	1298542.625	      0.034	      0.031	      0.006	
 2015/06/08	   1.483	   1.550	   1.448	   1.537	       56779736	      1.473	      1.447	      1.411	      1.313	           	      0.000	 567797.375	2008525.625	1345788.250	      0.040	      0.032	      0.014	
 2015/06/09	   1.539	   1.539	   1.487	   1.509	      124567880	      1.487	      1.449	      1.417	      1.320	           	      0.000	1245678.750	1896230.875	1425189.125	      0.042	      0.034	      0.015	
 2015/06/10	   1.502	   1.560	   1.480	   1.514	      155945904	      1.501	      1.454	      1.424	      1.328	           	      0.000	1559459.000	1724769.875	1558491.250	      0.043	      0.036	      0.014	
 2015/06/11	   1.507	   1.507	   1.400	   1.478	       95919312	      1.504	      1.465	      1.430	      1.334	           	      0.000	 959193.125	1102975.625	1636397.625	      0.041	      0.037	      0.008	
 2015/06/12	   1.471	   1.496	   1.471	   1.485	       74374024	      1.505	      1.477	      1.438	      1.340	           	      0.000	 743740.250	1015173.688	1623923.625	      0.040	      0.038	      0.004	
 2015/06/15	   1.484	   1.490	   1.441	   1.449	      185866320	      1.487	      1.480	      1.445	      1.346	           	      0.000	1858663.250	1273346.875	1640936.250	      0.035	      0.037	     -0.004	
 2015/06/16	   1.448	   1.449	   1.396	   1.404	      215864944	      1.466	      1.477	      1.447	      1.350	           	      0.000	2158649.500	1455941.000	1676086.000	      0.027	      0.035	     -0.015	
 2015/06/17	   1.404	   1.436	   1.379	   1.435	      353923936	      1.450	      1.476	      1.450	      1.355	           	      0.000	3539239.250	1851897.125	1788333.500	      0.024	      0.033	     -0.018	
 2015/06/18	   1.430	   1.430	   1.368	   1.381	      381663648	      1.431	      1.467	      1.450	      1.359	           	      0.000	3816636.500	2423385.750	1763180.625	      0.016	      0.029	     -0.027	
 2015/06/19	   1.350	   1.376	   1.254	   1.310	      947652352	      1.396	      1.450	      1.445	      1.362	           	      0.000	9476524.000	4169942.500	2592558.000	      0.004	      0.024	     -0.040	
 2015/06/23	   1.299	   1.348	   1.201	   1.329	     1216515584	      1.372	      1.429	      1.438	      1.365	           	      0.000	12165156.000	6231241.000	3752294.000	     -0.003	      0.019	     -0.045	
 2015/06/24	   1.325	   1.350	   1.313	   1.349	      491091936	      1.361	      1.413	      1.431	      1.368	           	      0.000	4910919.500	6781695.000	4118818.000	     -0.008	      0.014	     -0.043	
 2015/06/25	   1.360	   1.369	   1.310	   1.326	      487197632	      1.339	      1.395	      1.425	      1.371	           	      0.000	4871976.500	7048242.500	4450070.000	     -0.013	      0.008	     -0.043	
 2015/06/26	   1.285	   1.343	   1.215	   1.222	      489600320	      1.307	      1.369	      1.417	      1.371	           	      0.000	4896003.000	7264116.000	4843751.000	     -0.025	      0.002	     -0.054	
 2015/06/29	   1.246	   1.253	   1.128	   1.183	      517142176	      1.282	      1.339	      1.408	      1.371	           	      0.000	5171422.000	6403095.500	5286519.000	     -0.038	     -0.006	     -0.063	
 2015/06/30	   1.177	   1.262	   1.136	   1.259	      521237248	      1.268	      1.320	      1.400	      1.372	           	      0.000	5212372.500	5012538.500	5621890.000	     -0.041	     -0.013	     -0.055	
 2015/07/01	   1.259	   1.265	   1.175	   1.176	      486824032	      1.233	      1.297	      1.387	      1.372	           	      0.000	4868240.500	5004003.000	5892849.000	     -0.050	     -0.021	     -0.058	
 2015/07/02	   1.180	   1.210	   1.131	   1.150	      453535584	      1.198	      1.268	      1.372	      1.371	           	      0.000	4535356.000	4936679.000	5992460.500	     -0.058	     -0.028	     -0.060	
 2015/07/03	   1.150	   1.164	   1.055	   1.071	      454950176	      1.168	      1.237	      1.352	      1.368	           	      0.000	4549502.000	4867378.500	6065747.000	     -0.070	     -0.036	     -0.067	
 2015/07/06	   1.178	   1.178	   1.100	   1.170	      330416480	      1.165	      1.224	      1.337	      1.366	           	      0.000	3304164.750	4493927.000	5448511.500	     -0.071	     -0.043	     -0.055	
 2015/07/07	   1.145	   1.170	   1.083	   1.140	      119341448	      1.141	      1.205	      1.317	      1.364	           	      0.000	1193414.500	3690135.500	4351337.000	     -0.073	     -0.049	     -0.048	
 2015/07/08	   1.050	   1.139	   1.026	   1.026	        4906488	      1.111	      1.172	      1.293	      1.360	           	      0.000	  49064.879	2726300.500	3865151.750	     -0.083	     -0.056	     -0.054	
 2015/07/09	   1.026	   1.129	   1.013	   1.129	        6983018	      1.107	      1.153	      1.274	      1.357	           	      0.000	  69830.180	1833195.250	3384937.000	     -0.082	     -0.061	     -0.041	
 2015/07/10	   1.129	   1.242	   1.113	   1.242	       22718898	      1.141	      1.155	      1.262	      1.356	           	      0.000	 227188.984	 968732.688	2918055.750	     -0.071	     -0.063	     -0.015	
 2015/07/13	   1.253	   1.260	   1.181	   1.223	      543905152	      1.152	      1.159	      1.249	      1.354	           	      0.000	5439051.500	1395710.000	2944818.500	     -0.063	     -0.063	      0.000	
 2015/07/14	   1.200	   1.240	   1.160	   1.206	      317843488	      1.165	      1.153	      1.237	      1.351	           	      0.000	3178435.000	1792714.125	2741424.750	     -0.057	     -0.062	      0.009	
 2015/07/15	   1.196	   1.196	   1.085	   1.121	      394819904	      1.184	      1.148	      1.222	      1.347	           	      0.000	3948199.000	2572541.000	2649420.750	     -0.059	     -0.061	      0.004	
 2015/07/16	   1.129	   1.170	   1.103	   1.148	      496410688	      1.188	      1.148	      1.208	      1.343	           	      0.000	4964107.000	3551396.250	2692295.750	     -0.058	     -0.061	      0.006	
 2015/07/17	   1.148	   1.190	   1.130	   1.180	      392593056	      1.176	      1.158	      1.198	      1.339	           	      0.000	3925930.500	4291144.500	2629938.750	     -0.053	     -0.059	      0.012	
 2015/07/20	   1.170	   1.207	   1.161	   1.181	      456250464	      1.167	      1.160	      1.192	      1.336	           	      0.000	4562504.500	4115835.250	2755772.500	     -0.049	     -0.057	      0.016	
 2015/07/21	   1.165	   1.195	   1.162	   1.182	      433028256	      1.162	      1.164	      1.184	      1.333	           	      0.000	4330282.500	4346204.500	3069459.500	     -0.045	     -0.055	      0.019	
 2015/07/22	   1.166	   1.189	   1.163	   1.165	      401888448	      1.171	      1.178	      1.175	      1.329	           	      0.000	4018884.500	4360342.000	3466441.250	     -0.043	     -0.053	      0.019	
 2015/07/23	   1.170	   1.199	   1.166	   1.199	      427033664	      1.181	      1.185	      1.169	      1.325	           	      0.000	4270336.500	4221587.500	3886492.000	     -0.038	     -0.050	      0.023	
 2015/07/24	   1.190	   1.218	   1.190	   1.195	      406831136	      1.184	      1.180	      1.167	      1.322	           	      0.000	4068311.250	4250064.000	4270604.000	     -0.034	     -0.047	      0.024	
 2015/07/27	   1.187	   1.205	   1.076	   1.076	      438604000	      1.163	      1.165	      1.162	      1.316	           	      0.000	4386040.000	4214771.000	4165303.000	     -0.040	     -0.045	      0.010	
 2015/07/28	   1.040	   1.124	   1.035	   1.073	      444199616	      1.142	      1.152	      1.153	      1.311	           	      0.000	4441996.000	4237113.500	4291659.000	     -0.045	     -0.045	      0.001	
 2015/07/29	   1.081	   1.110	   1.073	   1.107	      421012320	      1.130	      1.151	      1.149	      1.307	           	      0.000	4210123.000	4275361.500	4317851.500	     -0.045	     -0.045	      0.000	
 2015/07/30	   1.110	   1.129	   1.085	   1.086	      417981408	      1.107	      1.144	      1.146	      1.302	           	      0.000	4179814.000	4257257.000	4239422.500	     -0.047	     -0.046	     -0.002	
 2015/07/31	   1.075	   1.097	   1.070	   1.085	      128401064	      1.085	      1.135	      1.147	      1.298	           	      0.000	1284010.625	3700396.750	3975230.250	     -0.047	     -0.046	     -0.003	
 2015/08/03	   1.066	   1.080	   1.059	   1.074	       33599640	      1.085	      1.124	      1.142	      1.294	           	      0.000	 335996.406	2890388.000	3552579.500	     -0.048	     -0.046	     -0.003	
 2015/08/04	   1.071	   1.115	   1.071	   1.110	        3860170	      1.092	      1.117	      1.140	      1.289	           	      0.000	  38601.699	2009709.125	3123411.500	     -0.045	     -0.046	      0.002	
 2015/08/05	   1.109	   1.117	   1.080	   1.100	      184603456	      1.091	      1.110	      1.144	      1.285	           	      0.000	1846034.500	1536891.500	2906126.500	     -0.043	     -0.046	      0.004	
 2015/08/06	   1.094	   1.138	   1.080	   1.101	      174542208	      1.094	      1.101	      1.143	      1.280	           	      0.000	1745422.125	1050013.125	2653635.000	     -0.041	     -0.045	      0.007	
 2015/08/07	   1.088	   1.116	   1.088	   1.110	       17677154	      1.099	      1.092	      1.136	      1.276	           	      0.000	 176771.547	 828565.250	2264481.000	     -0.039	     -0.043	      0.010	
 2015/08/10	   1.111	   1.158	   1.102	   1.152	       18573814	      1.115	      1.100	      1.133	      1.273	           	      0.000	 185738.141	 798513.625	1844450.750	     -0.033	     -0.041	      0.017	
 2015/08/11	   1.152	   1.157	   1.139	   1.139	       10951800	      1.120	      1.106	      1.129	      1.270	           	      0.000	 109518.000	 812696.875	1411203.000	     -0.029	     -0.039	      0.020	
 2015/08/12	   1.139	   1.150	   1.130	   1.140	      178625520	      1.128	      1.110	      1.130	      1.267	           	      0.000	1786255.250	 800741.000	1168816.250	     -0.025	     -0.036	      0.022	
 2015/08/13	   1.145	   1.145	   1.129	   1.144	       74312496	      1.137	      1.115	      1.130	      1.263	           	      0.000	 743124.938	 600281.563	 825147.313	     -0.022	     -0.033	      0.023	
 2015/08/14	   1.157	   1.157	   1.137	   1.144	       98396200	      1.144	      1.121	      1.128	      1.259	           	      0.000	 983962.000	 761719.688	 795142.438	     -0.019	     -0.030	      0.023	
 2015/08/17	   1.136	   1.148	   1.112	   1.140	       31146732	      1.141	      1.128	      1.126	      1.254	           	      0.000	 311467.313	 786865.500	 792689.563	     -0.017	     -0.027	      0.022	
 2015/08/18	   1.141	   1.155	   1.065	   1.100	       76540128	      1.134	      1.127	      1.122	      1.248	           	      0.000	 765401.250	 918042.125	 865369.500	     -0.018	     -0.026	      0.015	
 2015/08/19	   1.092	   1.122	   1.035	   1.075	      337965952	      1.121	      1.125	      1.118	      1.241	           	      0.000	3379659.500	1236723.000	1018732.000	     -0.021	     -0.025	      0.008	
 2015/08/20	   1.061	   1.085	   1.060	   1.062	       73262224	      1.104	      1.121	      1.111	      1.235	           	      0.000	 732622.250	1234622.500	 917452.000	     -0.024	     -0.024	      0.001	
 2015/08/21	   1.066	   1.066	   1.011	   1.020	      354959552	      1.079	      1.112	      1.102	      1.229	           	      0.000	3549595.500	1747749.125	1254734.375	     -0.029	     -0.025	     -0.008	
 2015/08/24	   1.014	   1.014	   0.918	   0.918	      104883104	      1.035	      1.088	      1.094	      1.221	           	      0.000	1048831.000	1895221.875	1341043.750	     -0.041	     -0.028	     -0.025	
 2015/08/25	   0.831	   0.911	   0.826	   0.831	      156927200	      0.981	      1.057	      1.082	      1.211	           	      0.000	1569272.000	2055996.000	1487019.125	     -0.057	     -0.034	     -0.046	
 2015/08/26	   0.845	   0.909	   0.830	   0.869	      343892576	      0.940	      1.030	      1.070	      1.202	           	      0.000	3438925.750	2067849.250	1652286.125	     -0.066	     -0.041	     -0.051	
 2015/08/27	   0.870	   0.909	   0.861	   0.906	      312768224	      0.909	      1.007	      1.061	      1.193	           	      0.000	3127682.250	2546861.250	1890741.875	     -0.069	     -0.046	     -0.046	
 2015/08/28	   0.920	   0.950	   0.890	   0.942	      206634192	      0.893	      0.986	      1.054	      1.184	           	      0.000	2066341.875	2250210.500	1998979.875	     -0.068	     -0.051	     -0.035	
 2015/08/31	   0.939	   0.942	   0.913	   0.932	      341098752	      0.896	      0.965	      1.047	      1.175	           	      0.000	3410987.500	2722642.000	2308932.000	     -0.067	     -0.054	     -0.026	
 2015/09/01	   0.931	   0.946	   0.915	   0.935	      348550880	      0.917	      0.949	      1.038	      1.165	           	      0.000	3485508.750	3105889.250	2580942.750	     -0.065	     -0.056	     -0.018	
 2015/09/02	   0.934	   0.948	   0.890	   0.931	      339137248	      0.929	      0.935	      1.030	      1.156	           	      0.000	3391372.500	3096378.500	2582114.000	     -0.064	     -0.058	     -0.012	
 2015/09/07	   0.943	   0.974	   0.927	   0.927	      325698176	      0.933	      0.921	      1.021	      1.146	           	      0.000	3256981.750	3122238.500	2834550.000	     -0.062	     -0.058	     -0.007	
 2015/09/08	   0.968	   0.968	   0.900	   0.950	         380300	      0.935	      0.914	      1.013	      1.137	           	      0.000	   3803.000	2709730.750	2479970.750	     -0.058	     -0.058	      0.001	
 2015/09/09	   0.936	   0.980	   0.936	   0.972	        1016600	      0.943	      0.919	      1.004	      1.128	           	      0.000	  10166.000	2029566.375	2376104.250	     -0.052	     -0.057	      0.010	
 2015/09/10	   0.945	   0.971	   0.945	   0.949	         410426	      0.946	      0.931	      0.994	      1.120	           	      0.000	   4104.260	1333285.500	2219587.250	     -0.049	     -0.056	      0.013	
 2015/09/11	   0.960	   0.966	   0.948	   0.955	         244165	      0.951	      0.940	      0.985	      1.113	           	      0.000	   2441.650	 655499.313	1875939.000	     -0.046	     -0.054	      0.016	
 2015/09/14	   0.954	   0.967	   0.911	   0.931	         608613	      0.951	      0.942	      0.974	      1.104	           	      0.000	   6086.130	   5320.208	1563779.375	     -0.045	     -0.052	      0.015	
 2015/09/15	   0.925	   0.931	   0.901	   0.923	         352919	      0.946	      0.941	      0.963	      1.097	           	      0.000	   3529.190	   5265.446	1357498.125	     -0.044	     -0.050	      0.013	
 2015/09/16	   0.923	   0.967	   0.906	   0.965	         557470	      0.945	      0.944	      0.955	      1.091	           	      0.000	   5574.700	   4347.186	1016956.813	     -0.039	     -0.048	      0.018	
 2015/09/17	   0.960	   0.960	   0.927	   0.947	         699700	      0.944	      0.945	      0.947	      1.084	           	      0.000	   6997.000	   4925.734	 669105.625	     -0.037	     -0.046	      0.018	
 2015/09/18	   0.939	   0.947	   0.926	   0.940	          50600	      0.941	      0.946	      0.940	      1.078	           	      0.000	    506.000	   4538.604	 330018.969	     -0.035	     -0.043	      0.018	
 2015/09/21	   0.928	   0.950	   0.928	   0.940	          70263	      0.943	      0.947	      0.934	      1.071	           	      0.000	    702.630	   3461.904	   4391.056	     -0.033	     -0.041	      0.017	
 2015/09/22	   0.943	   0.960	   0.941	   0.956	         226500	      0.950	      0.948	      0.931	      1.067	           	      0.000	   2265.000	   3209.066	   4237.256	     -0.030	     -0.039	      0.019	
 2015/09/23	   0.954	   0.954	   0.934	   0.939	         200100	      0.944	      0.944	      0.932	      1.063	           	      0.000	   2001.000	   2494.326	   3420.756	     -0.028	     -0.037	      0.017	
 2015/09/24	   0.954	   0.954	   0.937	   0.945	          92100	      0.944	      0.944	      0.938	      1.057	           	      0.000	    921.000	   1279.126	   3102.430	     -0.026	     -0.035	      0.017	
 2015/09/25	   0.936	   0.945	   0.925	   0.930	          96700	      0.942	      0.942	      0.941	      1.053	           	      0.000	    967.000	   1371.326	   2954.965	     -0.026	     -0.033	      0.014	
 2015/09/28	   0.928	   0.937	   0.921	   0.928	          15300	      0.940	      0.941	      0.942	      1.050	           	      0.000	    153.000	   1261.400	   2361.652	     -0.025	     -0.031	      0.012	
 2015/09/29	   0.911	   0.936	   0.911	   0.913	         159200	      0.931	      0.940	      0.940	      1.047	           	      0.000	   1592.000	   1126.800	   2167.933	     -0.026	     -0.030	      0.009	
 2015/09/30	   0.925	   0.925	   0.901	   0.923	         133671	      0.928	      0.936	      0.940	      1.043	           	      0.000	   1336.710	    993.942	   1744.134	     -0.025	     -0.029	      0.009	
 2015/10/08	   0.930	   0.953	   0.930	   0.942	         297713	      0.927	      0.936	      0.940	      1.040	           	      0.000	   2977.130	   1405.168	   1342.147	     -0.022	     -0.028	      0.011	
 2015/10/09	   0.942	   0.949	   0.940	   0.943	         101900	      0.930	      0.936	      0.941	      1.038	           	      0.000	   1019.000	   1415.568	   1393.447	     -0.020	     -0.026	      0.012	
 2015/10/12	   0.952	   0.977	   0.943	   0.974	         546430	      0.939	      0.939	      0.943	      1.036	           	      0.000	   5464.300	   2477.828	   1869.614	     -0.016	     -0.024	      0.017	
 2015/10/13	   0.970	   0.975	   0.952	   0.968	         297900	      0.950	      0.941	      0.944	      1.031	           	      0.000	   2979.000	   2755.228	   1941.014	     -0.013	     -0.022	      0.018	
 2015/10/14	   0.967	   0.975	   0.949	   0.961	         217926	      0.958	      0.943	      0.944	      1.027	           	      0.000	   2179.260	   2923.738	   1958.840	     -0.011	     -0.020	      0.018	
 2015/10/15	   0.952	   0.992	   0.952	   0.982	         600853	      0.966	      0.946	      0.945	      1.023	           	      0.000	   6008.530	   3530.018	   2467.593	     -0.007	     -0.017	      0.020	
 2015/10/16	   1.009	   1.009	   0.984	   0.987	         774500	      0.974	      0.952	      0.947	      1.021	           	      0.000	   7745.000	   4875.218	   3145.393	     -0.004	     -0.014	      0.021	
 2015/10/19	   0.988	   1.005	   0.973	   0.990	        1349466	      0.978	      0.958	      0.950	      1.018	           	      0.000	  13494.660	   6481.290	   4479.559	     -0.001	     -0.012	      0.021	
 2015/10/20	   0.989	   1.000	   0.983	   0.999	         211300	      0.984	      0.967	      0.954	      1.015	           	      0.000	   2113.000	   6308.090	   4531.659	      0.002	     -0.009	      0.022	
 2015/10/21	   0.999	   1.005	   0.960	   0.963	         594903	      0.984	      0.971	      0.953	      1.011	           	      0.000	   5949.030	   7062.044	   4992.891	      0.001	     -0.007	      0.016	
 2015/10/22	   0.967	   0.990	   0.960	   0.989	         217303	      0.986	      0.976	      0.956	      1.008	           	      0.000	   2173.030	   6294.944	   4912.481	      0.003	     -0.005	      0.016	
 2015/10/23	   0.977	   0.989	   0.973	   0.986	         124300	      0.985	      0.980	      0.958	      1.005	           	      0.000	   1243.000	   4994.544	   4934.881	      0.004	     -0.003	      0.014	
 2015/10/26	   0.984	   1.027	   0.984	   1.013	        1376688	      0.990	      0.984	      0.962	      1.002	           	      0.000	  13766.880	   5048.988	   5765.139	      0.006	     -0.001	      0.016	
 2015/10/27	   1.000	   1.002	   0.982	   1.000	         282139	      0.990	      0.987	      0.964	      0.999	           	      0.000	   2821.390	   5190.666	   5749.378	      0.008	      0.000	      0.014	
 2015/10/28	   1.001	   1.001	   0.990	   0.990	          61800	      0.996	      0.990	      0.966	      0.997	           	      0.000	    618.000	   4124.460	   5593.252	      0.008	      0.002	      0.012	
 2015/10/29	   0.990	   1.000	   0.986	   0.996	          95800	      0.997	      0.991	      0.969	      0.996	           	      0.000	    958.000	   3881.454	   5088.199	      0.008	      0.003	      0.010	
 2015/10/30	   0.996	   0.999	   0.991	   0.996	          81000	      0.999	      0.992	      0.972	      0.994	           	      0.000	    810.000	   3794.854	   4394.699	      0.008	      0.004	      0.008	
 2015/11/02	   0.984	   0.989	   0.970	   0.980	         143200	      0.992	      0.991	      0.975	      0.993	           	      0.000	   1432.000	   1327.878	   3188.433	      0.007	      0.005	      0.005	
 2015/11/03	   0.957	   0.982	   0.957	   0.971	          76000	      0.987	      0.988	      0.978	      0.991	           	      0.000	    760.000	    915.600	   3053.133	      0.005	      0.005	      0.001	
 2015/11/04	   0.980	   1.003	   0.980	   1.003	         436639	      0.989	      0.992	      0.982	      0.989	           	      0.000	   4366.390	   1665.278	   2894.869	      0.006	      0.005	      0.003	
 2015/11/05	   1.002	   1.048	   0.991	   1.035	         693395	      0.997	      0.997	      0.986	      0.988	           	      0.000	   6933.950	   2860.468	   3370.961	      0.010	      0.006	      0.007	
 2015/11/06	   1.035	   1.063	   1.030	   1.060	         933931	      1.010	      1.004	      0.992	      0.988	           	      0.000	   9339.310	   4566.330	   4180.592	      0.014	      0.008	      0.013	
 2015/11/09	   1.032	   1.090	   1.032	   1.074	         550795	      1.029	      1.010	      0.997	      0.987	           	      0.000	   5507.950	   5381.520	   3354.699	      0.019	      0.010	      0.018	
 2015/11/10	   1.066	   1.084	   1.055	   1.070	        1288100	      1.048	      1.018	      1.002	      0.986	           	      0.000	  12881.000	   7805.720	   4360.660	      0.022	      0.012	      0.019	
 2015/11/11	   1.074	   1.074	   1.051	   1.060	         554100	      1.060	      1.025	      1.007	      0.985	           	      0.000	   5541.000	   8040.642	   4852.960	      0.023	      0.014	      0.017	
 2015/11/12	   1.064	   1.064	   1.045	   1.049	         304832	      1.063	      1.030	      1.011	      0.983	           	      0.000	   3048.320	   7263.516	   5061.992	      0.023	      0.016	      0.014	
 2015/11/13	   1.044	   1.053	   1.035	   1.038	         249259	      1.058	      1.034	      1.013	      0.982	           	      0.000	   2492.590	   5894.172	   5230.251	      0.022	      0.017	      0.009	
 2015/11/16	   1.025	   1.051	   1.025	   1.050	        1199815	      1.053	      1.041	      1.016	      0.980	           	      0.000	  11998.150	   7192.212	   6286.866	      0.021	      0.018	      0.007	
 2015/11/17	   1.053	   1.070	   1.041	   1.053	         278030	      1.050	      1.049	      1.019	      0.979	           	      0.000	   2780.300	   5172.072	   6488.896	      0.021	      0.019	      0.005	
 2015/11/18	   1.058	   1.061	   1.050	   1.051	         394800	      1.048	      1.054	      1.023	      0.977	           	      0.000	   3948.000	   4853.472	   6447.057	      0.021	      0.019	      0.003	
 2015/11/19	   1.041	   1.053	   1.041	   1.053	         192215	      1.049	      1.056	      1.026	      0.976	           	      0.000	   1922.150	   4628.238	   5945.877	      0.020	      0.019	      0.002	
 2015/11/20	   1.052	   1.058	   1.050	   1.056	         241400	      1.053	      1.055	      1.030	      0.976	           	      0.000	   2414.000	   4612.520	   5253.346	      0.020	      0.019	      0.001	
 2015/11/23	   1.054	   1.067	   1.050	   1.056	        1221088	      1.054	      1.054	      1.032	      0.976	           	      0.000	  12210.880	   4655.066	   5923.639	      0.019	      0.019	     -0.000	
 2015/11/24	   1.055	   1.055	   1.036	   1.047	         152766	      1.053	      1.051	      1.034	      0.976	           	      0.000	   1527.660	   4404.538	   4788.305	      0.018	      0.019	     -0.002	
 2015/11/25	   1.043	   1.048	   1.039	   1.048	         285932	      1.052	      1.050	      1.037	      0.979	           	      0.000	   2859.320	   4186.802	   4520.137	      0.017	      0.019	     -0.004	
 2015/11/26	   1.048	   1.057	   1.043	   1.053	        1469327	      1.052	      1.051	      1.040	      0.982	           	      0.000	  14693.270	   6741.026	   5684.632	      0.016	      0.018	     -0.004	
 2015/11/27	   1.059	   1.059	   1.009	   1.010	         620460	      1.043	      1.048	      1.041	      0.985	           	      0.000	   6204.600	   7499.146	   6055.833	      0.012	      0.017	     -0.010	
 2015/11/30	   1.012	   1.028	   0.983	   1.010	         252928	      1.034	      1.044	      1.042	      0.986	           	      0.000	   2529.280	   5562.826	   5108.946	      0.008	      0.015	     -0.013	
 2015/12/01	   1.009	   1.012	   0.985	   1.001	          59397	      1.024	      1.038	      1.044	      0.987	           	      0.000	    593.970	   5376.088	   4890.313	      0.005	      0.013	     -0.016	
 2015/12/02	   1.012	   1.055	   0.992	   1.055	        1292936	      1.026	      1.039	      1.046	      0.989	           	      0.000	  12929.360	   7390.096	   5788.449	      0.006	      0.012	     -0.011	
 2015/12/03	   1.045	   1.050	   1.032	   1.050	         172727	      1.025	      1.039	      1.047	      0.991	           	      0.000	   1727.270	   4796.896	   5768.961	      0.007	      0.011	     -0.007	
 2015/12/04	   1.040	   1.050	   1.000	   1.032	         296527	      1.030	      1.036	      1.046	      0.993	           	      0.000	   2965.270	   4149.030	   5824.088	      0.006	      0.010	     -0.007	
 2015/12/07	   1.007	   1.040	   1.006	   1.024	         288100	      1.032	      1.033	      1.043	      0.995	           	      0.000	   2881.000	   4219.374	   4891.100	      0.005	      0.009	     -0.008	
 2015/12/08	   1.032	   1.038	   1.025	   1.032	         396100	      1.039	      1.031	      1.041	      0.996	           	      0.000	   3961.000	   4892.780	   5134.434	      0.004	      0.008	     -0.008	
 2015/12/09	   1.005	   1.019	   1.005	   1.019	         138800	      1.031	      1.029	      1.039	      0.997	           	      0.000	   1388.000	   2584.508	   4987.302	      0.003	      0.007	     -0.008	
 2015/12/10	   1.001	   1.019	   1.001	   1.019	         241900	      1.025	      1.025	      1.038	      0.998	           	      0.000	   2419.000	   2722.854	   3759.875	      0.001	      0.006	     -0.009	
 2015/12/11	   0.997	   1.037	   0.990	   1.037	         275900	      1.026	      1.028	      1.038	      0.999	           	      0.000	   2759.000	   2681.600	   3415.315	      0.002	      0.005	     -0.006	
 2015/12/14	   0.992	   1.035	   0.992	   1.035	         345288	      1.028	      1.030	      1.037	      1.001	           	      0.000	   3452.880	   2795.976	   3507.675	      0.002	      0.004	     -0.005	
 2015/12/15	   1.003	   1.025	   1.003	   1.017	         881731	      1.025	      1.032	      1.035	      1.003	           	      0.000	   8817.310	   3767.238	   4330.009	      0.001	      0.004	     -0.006	
 2015/12/16	   1.024	   1.024	   1.014	   1.014	          40504	      1.024	      1.028	      1.033	      1.003	           	      0.000	    405.040	   3570.646	   3077.577	     -0.001	      0.003	     -0.007	
 2015/12/17	   1.013	   1.030	   1.012	   1.029	         753100	      1.026	      1.026	      1.032	      1.005	           	      0.000	   7531.000	   4593.046	   3657.950	     -0.000	      0.002	     -0.005	
 2015/12/18	   1.010	   1.043	   1.010	   1.032	         210088	      1.025	      1.026	      1.031	      1.006	           	      0.000	   2100.880	   4461.422	   3571.511	      0.000	      0.002	     -0.003	
 2015/12/21	   1.038	   1.056	   1.037	   1.053	         864962	      1.029	      1.029	      1.031	      1.008	           	      0.000	   8649.620	   5500.770	   4148.373	      0.002	      0.002	      0.000	
 2015/12/22	   1.057	   1.058	   1.049	   1.051	         281300	      1.036	      1.031	      1.031	      1.010	           	      0.000	   2813.000	   4299.908	   4033.573	      0.003	      0.002	      0.003	
 2015/12/23	   1.051	   1.075	   1.051	   1.075	        1384514	      1.048	      1.036	      1.032	      1.012	           	      0.000	  13845.140	   6987.928	   5279.287	      0.006	      0.003	      0.007	
 2015/12/24	   1.075	   1.075	   1.042	   1.055	         478800	      1.053	      1.040	      1.033	      1.014	           	      0.000	   4788.000	   6439.328	   5516.187	      0.007	      0.004	      0.006	
 2015/12/25	   1.046	   1.059	   1.046	   1.059	         135400	      1.059	      1.042	      1.035	      1.016	           	      0.000	   1354.000	   6289.952	   5375.687	      0.008	      0.005	      0.006	
 2015/12/28	   1.044	   1.055	   1.031	   1.037	         203000	      1.055	      1.042	      1.036	      1.018	           	      0.000	   2030.000	   4966.028	   5233.399	      0.007	      0.005	      0.003	
 2015/12/29	   1.028	   1.058	   1.024	   1.038	         110600	      1.053	      1.044	      1.038	      1.020	           	      0.000	   1106.000	   4624.628	   4462.268	      0.006	      0.005	      0.001	
 2015/12/30	   1.028	   1.042	   1.027	   1.029	          87102	      1.044	      1.046	      1.037	      1.022	           	      0.000	    871.020	   2029.804	   4508.866	      0.004	      0.005	     -0.002	
 2015/12/31	   1.029	   1.040	   1.029	   1.037	          55900	      1.040	      1.047	      1.036	      1.023	           	      0.000	    559.000	   1184.004	   3811.666	      0.003	      0.005	     -0.002	
 2016/01/04	   1.031	   1.044	   0.996	   1.008	         420202	      1.030	      1.044	      1.035	      1.024	           	      0.000	   4202.020	   1753.608	   4021.780	      0.001	      0.004	     -0.006	
 2016/01/05	   1.000	   1.007	   0.980	   1.004	         338197	      1.023	      1.039	      1.034	      1.025	           	      0.000	   3381.970	   2024.002	   3495.015	     -0.002	      0.003	     -0.009	
 2016/01/06	   1.000	   1.022	   0.991	   1.019	         191026	      1.019	      1.036	      1.033	      1.026	           	      0.000	   1910.260	   2184.854	   3404.741	     -0.003	      0.002	     -0.009	
 2016/01/07	   0.967	   1.014	   0.967	   0.971	          28000	      1.008	      1.026	      1.031	      1.026	           	      0.000	    280.000	   2066.650	   2048.227	     -0.007	     -0.000	     -0.014	
 2016/01/08	   0.972	   1.022	   0.952	   0.961	         703100	      0.993	      1.016	      1.028	      1.025	           	      0.000	   7031.000	   3361.050	   2272.527	     -0.011	     -0.002	     -0.018	
 2016/01/11	   0.953	   0.961	   0.881	   0.921	         521400	      0.975	      1.003	      1.022	      1.024	           	      0.000	   5214.000	   3563.446	   2658.527	     -0.018	     -0.006	     -0.024	
 2016/01/12	   0.919	   0.950	   0.902	   0.910	         297100	      0.956	      0.990	      1.016	      1.023	           	      0.000	   2971.000	   3481.252	   2752.627	     -0.023	     -0.009	     -0.029	
 2016/01/13	   0.922	   0.922	   0.890	   0.895	         332001	      0.932	      0.975	      1.010	      1.021	           	      0.000	   3320.010	   3763.202	   2974.028	     -0.029	     -0.013	     -0.031	
 2016/01/14	   0.876	   0.914	   0.876	   0.909	         201500	      0.919	      0.964	      1.005	      1.020	           	      0.000	   2015.000	   4110.202	   3088.426	     -0.031	     -0.017	     -0.029	
 2016/01/15	   0.914	   0.914	   0.890	   0.909	          76900	      0.909	      0.951	      0.999	      1.019	           	      0.000	    769.000	   2857.802	   3109.426	     -0.033	     -0.020	     -0.026	
 2016/01/18	   0.898	   0.912	   0.868	   0.878	         412500	      0.900	      0.938	      0.991	      1.017	           	      0.000	   4125.000	   2640.002	   3101.724	     -0.037	     -0.023	     -0.027	
 2016/01/19	   0.878	   0.894	   0.877	   0.890	         640900	      0.896	      0.926	      0.983	      1.015	           	      0.000	   6409.000	   3327.602	   3404.427	     -0.038	     -0.026	     -0.024	
 2016/01/20	   0.883	   0.893	   0.874	   0.882	         436300	      0.894	      0.913	      0.974	      1.013	           	      0.000	   4363.000	   3536.200	   3649.701	     -0.039	     -0.029	     -0.021	
 2016/01/21	   0.836	   0.881	   0.836	   0.845	         587100	      0.881	      0.900	      0.963	      1.011	           	      0.000	   5871.000	   4307.400	   4208.801	     -0.043	     -0.032	     -0.022	
 2016/01/22	   0.879	   0.879	   0.843	   0.859	         436500	      0.871	      0.890	      0.953	      1.009	           	      0.000	   4365.000	   5026.600	   3942.201	     -0.044	     -0.034	     -0.020	
 2016/01/25	   0.873	   0.873	   0.848	   0.863	         153400	      0.868	      0.884	      0.943	      1.006	           	      0.000	   1534.000	   4508.400	   3574.201	     -0.044	     -0.036	     -0.016	
 2016/01/26	   0.867	   0.867	   0.812	   0.820	         139100	      0.854	      0.875	      0.932	      1.004	           	      0.000	   1391.000	   3504.800	   3416.201	     -0.047	     -0.038	     -0.017	
 2016/01/27	   0.820	   0.821	   0.787	   0.801	         601900	      0.838	      0.866	      0.921	      1.001	           	      0.000	   6019.000	   3836.000	   3686.100	     -0.050	     -0.041	     -0.019	
 2016/01/28	   0.799	   0.810	   0.765	   0.790	         472100	      0.827	      0.854	      0.909	      0.997	           	      0.000	   4721.000	   3606.000	   3956.700	     -0.053	     -0.043	     -0.020	
 2016/01/29	   0.777	   0.817	   0.777	   0.817	         266695	      0.818	      0.845	      0.898	      0.994	           	      0.000	   2666.950	   3266.390	   4146.495	     -0.053	     -0.045	     -0.015	
 2016/02/01	   0.810	   0.812	   0.800	   0.806	          89400	      0.807	      0.837	      0.887	      0.989	           	      0.000	    894.000	   3138.390	   3823.395	     -0.053	     -0.047	     -0.012	
 2016/02/02	   0.814	   0.819	   0.779	   0.818	         167300	      0.806	      0.830	      0.878	      0.985	           	      0.000	   1673.000	   3194.790	   3349.795	     -0.051	     -0.048	     -0.007	
 2016/02/03	   0.816	   0.816	   0.788	   0.816	          90100	      0.809	      0.823	      0.868	      0.981	           	      0.000	    901.000	   2171.190	   3003.595	     -0.049	     -0.048	     -0.003	
 2016/02/04	   0.816	   0.825	   0.801	   0.823	         162100	      0.816	      0.821	      0.861	      0.977	           	      0.000	   1621.000	   1551.190	   2578.595	     -0.047	     -0.048	      0.002	
 2016/02/05	   0.820	   0.835	   0.815	   0.815	         123100	      0.816	      0.817	      0.853	      0.973	           	      0.000	   1231.000	   1264.000	   2265.195	     -0.045	     -0.047	      0.004	
 2016/02/15	   0.815	   0.849	   0.778	   0.815	         199200	      0.817	      0.812	      0.848	      0.969	           	      0.000	   1992.000	   1483.600	   2310.995	     -0.043	     -0.046	      0.006	
 2016/02/16	   0.814	   0.832	   0.810	   0.831	         296486	      0.820	      0.813	      0.844	      0.966	           	      0.000	   2964.860	   1741.972	   2468.381	     -0.040	     -0.045	      0.010	
 2016/02/17	   0.834	   0.840	   0.831	   0.840	         221200	      0.825	      0.817	      0.841	      0.962	           	      0.000	   2212.000	   2004.172	   2087.681	     -0.036	     -0.043	      0.014	
 2016/02/18	   0.834	   0.848	   0.834	   0.842	          67300	      0.829	      0.822	      0.838	      0.959	           	      0.000	    673.000	   1814.572	   1682.881	     -0.033	     -0.041	      0.017	
 2016/02/19	   0.841	   0.841	   0.832	   0.832	          54300	      0.832	      0.824	      0.834	      0.955	           	      0.000	    543.000	   1676.972	   1470.486	     -0.030	     -0.039	      0.017	
 2016/02/22	   0.842	   0.855	   0.839	   0.855	         358900	      0.840	      0.829	      0.833	      0.952	           	      0.000	   3589.000	   1996.372	   1739.986	     -0.026	     -0.036	      0.020	
 2016/02/23	   0.847	   0.857	   0.842	   0.847	         148600	      0.843	      0.832	      0.831	      0.948	           	      0.000	   1486.000	   1700.600	   1721.286	     -0.023	     -0.034	      0.021	
 2016/02/24	   0.835	   0.854	   0.835	   0.850	         112500	      0.845	      0.835	      0.829	      0.945	           	      0.000	   1125.000	   1483.200	   1743.686	     -0.021	     -0.031	      0.021	
 2016/02/25	   0.852	   0.852	   0.800	   0.821	         392100	      0.841	      0.835	      0.828	      0.941	           	      0.000	   3921.000	   2132.800	   1973.686	     -0.021	     -0.029	      0.017	
 2016/02/26	   0.802	   0.838	   0.802	   0.834	         177600	      0.841	      0.837	      0.827	      0.937	           	      0.000	   1776.000	   2379.400	   2028.186	     -0.019	     -0.027	      0.015	
 2016/02/29	   0.834	   0.834	   0.780	   0.787	         275200	      0.828	      0.834	      0.823	      0.934	           	      0.000	   2752.000	   2212.000	   2104.186	     -0.022	     -0.026	      0.008	
 2016/03/01	   0.791	   0.818	   0.784	   0.810	         334667	      0.820	      0.832	      0.822	      0.930	           	      0.000	   3346.670	   2584.134	   2142.367	     -0.022	     -0.025	      0.007	
 2016/03/02	   0.810	   0.847	   0.810	   0.830	         290400	      0.816	      0.831	      0.824	      0.928	           	      0.000	   2904.000	   2939.934	   2211.567	     -0.020	     -0.024	      0.009	
 2016/03/03	   0.844	   0.854	   0.831	   0.838	         401100	      0.820	      0.830	      0.826	      0.924	           	      0.000	   4011.000	   2957.934	   2545.367	     -0.017	     -0.023	      0.011	
 2016/03/04	   0.852	   0.867	   0.835	   0.859	         393067	      0.825	      0.833	      0.828	      0.921	           	      0.000	   3930.670	   3388.868	   2884.134	     -0.014	     -0.021	      0.015	
 2016/03/07	   0.855	   0.888	   0.854	   0.878	        1529661	      0.843	      0.835	      0.832	      0.918	           	      0.000	  15296.610	   5897.790	   4054.895	     -0.009	     -0.019	      0.019	
 2016/03/08	   0.873	   0.890	   0.821	   0.885	         142052	      0.858	      0.839	      0.835	      0.916	           	      0.000	   1420.520	   5512.560	   4048.347	     -0.005	     -0.016	      0.022	
 2016/03/09	   0.857	   0.882	   0.852	   0.858	         144500	      0.864	      0.840	      0.837	      0.913	           	      0.000	   1445.000	   5220.760	   4080.347	     -0.004	     -0.013	      0.020	
 2016/03/10	   0.860	   0.865	   0.842	   0.843	         191300	      0.865	      0.842	      0.839	      0.910	           	      0.000	   1913.000	   4801.160	   3879.547	     -0.004	     -0.012	      0.015	
 2016/03/11	   0.858	   0.858	   0.841	   0.858	         201024	      0.864	      0.845	      0.841	      0.907	           	      0.000	   2010.240	   4417.074	   3902.971	     -0.003	     -0.010	      0.014	
 2016/03/14	   0.858	   0.879	   0.858	   0.876	         224691	      0.864	      0.854	      0.844	      0.905	           	      0.000	   2246.910	   1807.134	   3852.462	     -0.000	     -0.008	      0.015	
 2016/03/15	   0.877	   0.888	   0.874	   0.874	          65300	      0.862	      0.860	      0.846	      0.902	           	      0.000	    653.000	   1653.630	   3583.095	      0.001	     -0.006	      0.015	
 2016/03/16	   0.887	   0.887	   0.850	   0.883	        1385809	      0.867	      0.865	      0.848	      0.900	           	      0.000	  13858.090	   4136.248	   4678.504	      0.003	     -0.004	      0.015	
 2016/03/17	   0.851	   0.890	   0.851	   0.880	        3032209	      0.874	      0.869	      0.850	      0.898	           	      0.000	  30322.090	   9818.066	   7309.613	      0.005	     -0.002	      0.014	
 2016/03/18	   0.880	   0.896	   0.868	   0.894	        2702174	      0.881	      0.873	      0.853	      0.895	           	      0.000	  27021.740	  14820.366	   9618.720	      0.007	     -0.001	      0.015	
 2016/03/21	   0.894	   0.928	   0.890	   0.906	        2221453	      0.887	      0.876	      0.856	      0.893	           	      0.000	  22214.529	  18813.891	  10310.512	      0.009	      0.001	      0.016	
 2016/03/22	   0.900	   0.922	   0.888	   0.903	         134500	      0.893	      0.877	      0.858	      0.891	           	      0.000	   1345.000	  18952.289	  10302.960	      0.011	      0.003	      0.015	
 2016/03/23	   0.901	   0.923	   0.880	   0.921	         406900	      0.901	      0.884	      0.862	      0.888	           	      0.000	   4069.000	  16994.473	  10565.360	      0.013	      0.005	      0.016	
 2016/03/24	   0.921	   0.921	   0.881	   0.890	         688700	      0.903	      0.888	      0.865	      0.885	           	      0.000	   6887.000	  12307.454	  11062.760	      0.013	      0.007	      0.012	
 2016/03/25	   0.881	   0.900	   0.873	   0.889	         594900	      0.902	      0.892	      0.868	      0.883	           	      0.000	   5949.000	   8092.906	  11456.636	      0.012	      0.008	      0.009	
 2016/03/28	   0.866	   0.910	   0.866	   0.894	         255748	      0.899	      0.893	      0.873	      0.880	           	      0.000	   2557.480	   4161.496	  11487.693	      0.012	      0.009	      0.006	
 2016/03/29	   0.872	   0.909	   0.872	   0.899	          37000	      0.899	      0.896	      0.878	      0.878	           	      0.000	    370.000	   3966.496	  11459.393	      0.012	      0.009	      0.005	
 2016/03/30	   0.882	   0.913	   0.882	   0.906	        2070700	      0.896	      0.898	      0.882	      0.875	           	      0.000	  20707.000	   7294.096	  12144.284	      0.012	      0.010	      0.005	
 2016/03/31	   0.920	   0.920	   0.886	   0.906	         125100	      0.899	      0.901	      0.885	      0.873	           	      0.000	   1251.000	   6166.896	   9237.175	      0.013	      0.010	      0.004	
 2016/04/01	   0.886	   0.913	   0.882	   0.906	         675800	      0.902	      0.902	      0.887	      0.871	           	      0.000	   6758.000	   6328.696	   7210.801	      0.013	      0.011	      0.003	
 2016/04/05	   0.914	   0.919	   0.900	   0.913	         464600	      0.906	      0.903	      0.889	      0.870	           	      0.000	   4646.000	   6746.400	   5453.948	      0.013	      0.011	      0.003	
 2016/04/06	   0.918	   0.918	   0.901	   0.915	        1641800	      0.909	      0.904	      0.891	      0.868	           	      0.000	  16418.000	   9956.000	   6961.248	      0.013	      0.012	      0.003	
 2016/04/07	   0.920	   0.920	   0.902	   0.912	         316100	      0.910	      0.903	      0.893	      0.866	           	      0.000	   3161.000	   6446.800	   6870.448	      0.013	      0.012	      0.002	
 2016/04/08	   0.912	   0.918	   0.874	   0.912	         211200	      0.912	      0.905	      0.897	      0.865	           	      0.000	   2112.000	   6619.000	   6392.948	      0.013	      0.012	      0.002	
 2016/04/11	   0.900	   0.915	   0.900	   0.912	        1800600	      0.913	      0.908	      0.900	      0.865	           	      0.000	  18006.000	   8868.600	   7598.648	      0.013	      0.012	      0.001	
 2016/04/12	   0.900	   0.915	   0.852	   0.908	         461700	      0.912	      0.909	      0.901	      0.864	           	      0.000	   4617.000	   8862.800	   7804.600	      0.012	      0.012	     -0.001	
 2016/04/13	   0.897	   0.918	   0.897	   0.911	        1587752	      0.911	      0.910	      0.903	      0.864	           	      0.000	  15877.520	   8754.704	   9355.352	      0.011	      0.012	     -0.001	
 2016/04/14	   0.915	   0.915	   0.905	   0.915	         341100	      0.912	      0.911	      0.905	      0.865	           	      0.000	   3411.000	   8804.704	   7625.752	      0.011	      0.012	     -0.001	
 2016/04/15	   0.906	   0.916	   0.906	   0.912	         339542	      0.912	      0.912	      0.906	      0.865	           	      0.000	   3395.420	   9061.388	   7840.194	      0.011	      0.012	     -0.002	
 2016/04/18	   0.916	   0.916	   0.886	   0.912	         767400	      0.912	      0.912	      0.907	      0.865	           	      0.000	   7674.000	   6994.988	   7931.794	      0.010	      0.011	     -0.002	
 2016/04/19	   0.902	   0.908	   0.892	   0.901	         454500	      0.910	      0.911	      0.907	      0.865	           	      0.000	   4545.000	   6980.588	   7921.694	      0.009	      0.011	     -0.004	
 2016/04/20	   0.890	   0.902	   0.871	   0.890	         197300	      0.906	      0.909	      0.906	      0.865	           	      0.000	   1973.000	   4199.684	   6477.194	      0.007	      0.010	     -0.007	
 2016/04/21	   0.891	   0.905	   0.857	   0.899	        1262200	      0.903	      0.907	      0.905	      0.865	           	      0.000	  12622.000	   6041.884	   7423.294	      0.006	      0.009	     -0.007	
 2016/04/22	   0.890	   0.897	   0.879	   0.895	          42500	      0.899	      0.905	      0.905	      0.866	           	      0.000	    425.000	   5447.800	   7254.594	      0.005	      0.008	     -0.007	
 2016/04/25	   0.882	   0.900	   0.872	   0.895	         115600	      0.896	      0.904	      0.906	      0.867	           	      0.000	   1156.000	   4144.200	   5569.594	      0.004	      0.007	     -0.007	
 2016/04/26	   0.876	   0.902	   0.876	   0.900	         392652	      0.896	      0.903	      0.906	      0.867	           	      0.000	   3926.520	   4020.504	   5500.546	      0.003	      0.007	     -0.007	
 2016/04/27	   0.898	   0.900	   0.890	   0.896	          45700	      0.897	      0.901	      0.906	      0.869	           	      0.000	    457.000	   3717.304	   3958.494	      0.003	      0.006	     -0.006	
 2016/04/28	   0.897	   0.900	   0.858	   0.888	         945100	      0.895	      0.899	      0.905	      0.870	           	      0.000	   9451.000	   3083.104	   4562.494	      0.001	      0.005	     -0.007	
 2016/04/29	   0.886	   0.886	   0.874	   0.881	         177100	      0.892	      0.896	      0.904	      0.872	           	      0.000	   1771.000	   3352.304	   4400.052	     -0.000	      0.004	     -0.008	
 2016/05/03	   0.875	   0.890	   0.875	   0.887	         865400	      0.890	      0.893	      0.903	      0.873	           	      0.000	   8654.000	   4851.904	   4498.052	     -0.001	      0.003	     -0.007	
 2016/05/04	   0.899	   0.899	   0.884	   0.895	        1117200	      0.889	      0.893	      0.902	      0.874	           	      0.000	  11172.000	   6301.000	   5160.752	     -0.001	      0.002	     -0.006	
 2016/05/05	   0.895	   0.895	   0.885	   0.891	          42400	      0.888	      0.893	      0.901	      0.876	           	      0.000	    424.000	   6294.400	   5005.852	     -0.001	      0.002	     -0.005	
 2016/05/06	   0.892	   0.892	   0.881	   0.883	          69000	      0.887	      0.891	      0.899	      0.877	           	      0.000	    690.000	   4542.200	   3812.652	     -0.002	      0.001	     -0.005	
 2016/05/09	   0.857	   0.896	   0.855	   0.865	         118200	      0.884	      0.888	      0.897	      0.877	           	      0.000	   1182.000	   4424.400	   3888.352	     -0.004	     -0.000	     -0.008	
 2016/05/10	   0.864	   0.890	   0.861	   0.865	          54400	      0.880	      0.885	      0.894	      0.878	           	      0.000	    544.000	   2802.400	   3827.152	     -0.005	     -0.001	     -0.009	
 2016/05/11	   0.893	   0.893	   0.864	   0.879	          15100	      0.877	      0.883	      0.893	      0.879	           	      0.000	    151.000	    598.200	   3449.600	     -0.005	     -0.002	     -0.007	
 2016/05/12	   0.892	   0.892	   0.854	   0.889	         124700	      0.876	      0.882	      0.892	      0.880	           	      0.000	   1247.000	    762.800	   3528.600	     -0.005	     -0.002	     -0.004	
 2016/05/13	   0.900	   0.900	   0.870	   0.880	          92600	      0.876	      0.882	      0.890	      0.881	           	      0.000	    926.000	    810.000	   2676.100	     -0.005	     -0.003	     -0.003	
 2016/05/16	   0.869	   0.880	   0.860	   0.860	        1085800	      0.875	      0.879	      0.888	      0.881	           	      0.000	  10858.000	   2745.200	   3584.800	     -0.006	     -0.004	     -0.005	
 2016/05/17	   0.870	   0.874	   0.859	   0.866	         285800	      0.875	      0.877	      0.885	      0.882	           	      0.000	   2858.000	   3208.000	   3005.200	     -0.007	     -0.004	     -0.005	
 2016/05/18	   0.856	   0.862	   0.842	   0.855	         265200	      0.870	      0.873	      0.883	      0.882	           	      0.000	   2652.000	   3708.200	   2153.200	     -0.008	     -0.005	     -0.006	
 2016/05/19	   0.855	   0.857	   0.848	   0.855	         274800	      0.863	      0.870	      0.881	      0.882	           	      0.000	   2748.000	   4008.400	   2385.600	     -0.009	     -0.006	     -0.007	
 2016/05/20	   0.858	   0.858	   0.830	   0.856	         223500	      0.858	      0.867	      0.879	      0.882	           	      0.000	   2235.000	   4270.200	   2540.100	     -0.010	     -0.007	     -0.006	
 2016/05/23	   0.857	   0.857	   0.852	   0.854	         318700	      0.857	      0.866	      0.877	      0.883	           	      0.000	   3187.000	   2736.000	   2740.600	     -0.010	     -0.007	     -0.006	
 2016/05/24	   0.859	   0.859	   0.845	   0.852	         103600	      0.854	      0.865	      0.875	      0.883	           	      0.000	   1036.000	   2371.600	   2789.800	     -0.011	     -0.008	     -0.005	
 2016/05/25	   0.858	   0.862	   0.847	   0.854	         231000	      0.854	      0.862	      0.873	      0.884	           	      0.000	   2310.000	   2303.200	   3005.700	     -0.011	     -0.008	     -0.004	
 2016/05/26	   0.854	   0.859	   0.840	   0.853	         610400	      0.854	      0.859	      0.870	      0.885	           	      0.000	   6104.000	   2974.400	   3491.400	     -0.011	     -0.009	     -0.003	
 2016/05/27	   0.860	   0.860	   0.843	   0.853	         212200	      0.853	      0.856	      0.869	      0.885	           	      0.000	   2122.000	   2951.800	   3611.000	     -0.011	     -0.009	     -0.003	
 2016/05/30	   0.849	   0.861	   0.844	   0.850	         590600	      0.852	      0.855	      0.867	      0.885	           	      0.000	   5906.000	   3495.600	   3115.800	     -0.011	     -0.009	     -0.002	
 2016/05/31	   0.858	   0.889	   0.846	   0.881	        1330375	      0.858	      0.856	      0.867	      0.886	           	      0.000	  13303.750	   5949.150	   4160.375	     -0.008	     -0.009	      0.002	
 2016/06/01	   0.871	   0.881	   0.870	   0.880	        1487975	      0.863	      0.859	      0.866	      0.886	           	      0.000	  14879.750	   8463.100	   5383.150	     -0.006	     -0.009	      0.005	
 2016/06/02	   0.886	   0.887	   0.870	   0.880	        1705600	      0.869	      0.861	      0.865	      0.886	           	      0.000	  17056.000	  10653.500	   6813.950	     -0.004	     -0.008	      0.007	
 2016/06/03	   0.882	   0.886	   0.870	   0.886	        1547631	      0.875	      0.864	      0.866	      0.886	           	      0.000	  15476.310	  13324.362	   8138.081	     -0.002	     -0.007	      0.008	
 2016/06/06	   0.893	   0.893	   0.875	   0.878	         742400	      0.881	      0.867	      0.866	      0.887	           	      0.000	   7424.000	  13627.962	   8561.781	     -0.002	     -0.006	      0.008	
 2016/06/07	   0.878	   0.886	   0.871	   0.880	         729362	      0.881	      0.869	      0.867	      0.887	           	      0.000	   7293.620	  12425.936	   9187.543	     -0.001	     -0.005	      0.008	
 2016/06/08	   0.871	   0.886	   0.871	   0.882	         104700	      0.881	      0.872	      0.867	      0.887	           	      0.000	   1047.000	   9659.386	   9061.243	     -0.000	     -0.004	      0.007	
 2016/06/13	   0.880	   0.880	   0.863	   0.863	         111100	      0.878	      0.873	      0.866	      0.887	           	      0.000	   1111.000	   6470.386	   8561.943	     -0.001	     -0.003	      0.005	
 2016/06/14	   0.863	   0.879	   0.863	   0.868	          42400	      0.874	      0.875	      0.865	      0.887	           	      0.000	    424.000	   3459.924	   8392.143	     -0.001	     -0.003	      0.003	
 2016/06/15	   0.859	   0.886	   0.858	   0.880	          49900	      0.875	      0.878	      0.866	      0.887	           	      0.000	    499.000	   2074.924	   7851.443	     -0.000	     -0.002	      0.004	
 2016/06/16	   0.863	   0.879	   0.863	   0.870	          49100	      0.873	      0.877	      0.867	      0.886	           	      0.000	    491.000	    714.400	   6570.168	     -0.001	     -0.002	      0.003	
 2016/06/17	   0.885	   0.885	   0.864	   0.872	         123200	      0.871	      0.876	      0.867	      0.886	           	      0.000	   1232.000	    751.400	   5205.393	     -0.001	     -0.002	      0.002	
 2016/06/20	   0.885	   0.885	   0.863	   0.870	          39500	      0.872	      0.875	      0.868	      0.885	           	      0.000	    395.000	    608.200	   3539.293	     -0.001	     -0.002	      0.001	
 2016/06/21	   0.885	   0.885	   0.865	   0.876	         117200	      0.874	      0.874	      0.869	      0.884	           	      0.000	   1172.000	    757.800	   2108.862	     -0.000	     -0.001	      0.002	
 2016/06/22	   0.884	   0.884	   0.863	   0.873	         160800	      0.872	      0.873	      0.870	      0.884	           	      0.000	   1608.000	    979.600	   1527.262	     -0.000	     -0.001	      0.002	
 2016/06/23	   0.872	   0.880	   0.866	   0.868	          99200	      0.872	      0.872	      0.871	      0.884	           	      0.000	    992.000	   1079.800	    897.100	     -0.001	     -0.001	      0.001	
 2016/06/24	   0.864	   0.882	   0.857	   0.865	          65700	      0.870	      0.870	      0.871	      0.883	           	      0.000	    657.000	    964.800	    858.100	     -0.001	     -0.001	     -0.000	
 2016/06/27	   0.878	   0.878	   0.858	   0.867	         108941	      0.870	      0.871	      0.872	      0.883	           	      0.000	   1089.410	   1103.682	    855.941	     -0.001	     -0.001	     -0.001	
 2016/06/28	   0.882	   0.882	   0.856	   0.864	        3052100	      0.867	      0.870	      0.873	      0.882	           	      0.000	  30521.000	   6973.482	   3865.641	     -0.002	     -0.001	     -0.001	
 2016/06/29	   0.870	   0.874	   0.863	   0.874	        2830660	      0.868	      0.870	      0.874	      0.882	           	      0.000	  28306.600	  12313.202	   6646.401	     -0.001	     -0.001	     -0.000	
 2016/06/30	   0.873	   0.874	   0.867	   0.873	         993220	      0.869	      0.870	      0.873	      0.881	           	      0.000	   9932.200	  14101.242	   7590.521	     -0.001	     -0.001	      0.000	
 2016/07/01	   0.881	   0.881	   0.866	   0.872	         597100	      0.870	      0.870	      0.873	      0.880	           	      0.000	   5971.000	  15164.042	   8064.421	     -0.001	     -0.001	      0.001	
 2016/07/04	   0.872	   0.892	   0.869	   0.892	        1163300	      0.875	      0.872	      0.874	      0.880	           	      0.000	  11633.000	  17272.760	   9188.221	      0.001	     -0.001	      0.003	
 2016/07/05	   0.894	   0.894	   0.881	   0.892	         114300	      0.881	      0.874	      0.874	      0.880	           	      0.000	   1143.000	  11397.160	   9185.321	      0.002	     -0.000	      0.005	
 2016/07/06	   0.892	   0.892	   0.873	   0.889	         138100	      0.884	      0.876	      0.874	      0.879	           	      0.000	   1381.000	   6012.040	   9162.621	      0.003	      0.001	      0.005	
 2016/07/07	   0.886	   0.890	   0.879	   0.884	         180387	      0.886	      0.877	      0.875	      0.879	           	      0.000	   1803.870	   4386.374	   9243.808	      0.003	      0.001	      0.004	
 2016/07/08	   0.885	   0.887	   0.879	   0.886	         226200	      0.889	      0.879	      0.875	      0.878	           	      0.000	   2262.000	   3644.574	   9404.308	      0.004	      0.002	      0.004	
 2016/07/11	   0.886	   0.906	   0.885	   0.904	        1614628	      0.891	      0.883	      0.877	      0.878	           	      0.000	  16146.280	   4547.230	  10909.995	      0.005	      0.002	      0.006	
 2016/07/12	   0.904	   0.923	   0.895	   0.921	         369000	      0.897	      0.889	      0.880	      0.878	           	      0.000	   3690.000	   5056.630	   8226.895	      0.008	      0.003	      0.009	
 2016/07/13	   0.940	   0.940	   0.916	   0.918	         123728	      0.903	      0.893	      0.882	      0.878	           	      0.000	   1237.280	   5027.886	   5519.963	      0.009	      0.005	      0.010	
 2016/07/14	   0.906	   0.921	   0.906	   0.912	          16500	      0.908	      0.897	      0.884	      0.878	           	      0.000	    165.000	   4700.112	   4543.243	      0.010	      0.006	      0.009	
 2016/07/15	   0.934	   0.934	   0.910	   0.918	          11900	      0.915	      0.902	      0.886	      0.879	           	      0.000	    119.000	   4271.512	   3958.043	      0.011	      0.007	      0.009	
 2016/07/18	   0.915	   0.920	   0.912	   0.912	          81100	      0.916	      0.904	      0.888	      0.879	           	      0.000	    811.000	   1204.456	   2875.843	      0.011	      0.008	      0.007	
 2016/07/19	   0.912	   0.915	   0.910	   0.912	           3100	      0.914	      0.906	      0.890	      0.879	           	      0.000	     31.000	    472.656	   2764.643	      0.011	      0.008	      0.006	
 2016/07/20	   0.924	   0.924	   0.908	   0.911	           8000	      0.913	      0.908	      0.892	      0.880	           	      0.000	     80.000	    241.200	   2634.543	      0.011	      0.009	      0.004	
 2016/07/21	   0.929	   0.929	   0.908	   0.914	          77800	      0.913	      0.911	      0.894	      0.880	           	      0.000	    778.000	    363.800	   2531.956	      0.011	      0.009	      0.003	
 2016/07/22	   0.915	   0.915	   0.905	   0.907	          61838	      0.911	      0.913	      0.896	      0.880	           	      0.000	    618.380	    463.676	   2367.594	      0.010	      0.009	      0.001	
 2016/07/25	   0.913	   0.913	   0.903	   0.907	          18600	      0.910	      0.913	      0.898	      0.880	           	      0.000	    186.000	    338.676	    771.566	      0.009	      0.009	     -0.000	
 2016/07/26	   0.913	   0.917	   0.907	   0.916	          56731	      0.911	      0.913	      0.901	      0.881	           	      0.000	    567.310	    445.938	    459.297	      0.010	      0.009	      0.000	
 2016/07/27	   0.928	   0.929	   0.889	   0.908	         229400	      0.910	      0.912	      0.902	      0.881	           	      0.000	   2294.000	    888.738	    564.969	      0.009	      0.009	     -0.001	
 2016/07/28	   0.909	   0.916	   0.896	   0.908	          54663	      0.909	      0.911	      0.904	      0.881	           	      0.000	    546.630	    842.464	    603.132	      0.008	      0.009	     -0.002	
 2016/07/29	   0.916	   0.923	   0.896	   0.905	          36900	      0.909	      0.910	      0.906	      0.882	           	      0.000	    369.000	    792.588	    628.132	      0.007	      0.009	     -0.003	
 2016/08/01	   0.905	   0.905	   0.896	   0.905	          58126	      0.908	      0.909	      0.906	      0.882	           	      0.000	    581.260	    871.640	    605.158	      0.007	      0.008	     -0.003	
 2016/08/02	   0.908	   0.908	   0.899	   0.907	          56901	      0.907	      0.909	      0.907	      0.882	           	      0.000	    569.010	    871.980	    658.959	      0.006	      0.008	     -0.004	
 2016/08/03	   0.908	   0.913	   0.903	   0.910	         177900	      0.907	      0.909	      0.908	      0.883	           	      0.000	   1779.000	    768.980	    828.859	      0.006	      0.008	     -0.003	
 2016/08/04	   0.911	   0.911	   0.901	   0.905	          29000	      0.906	      0.908	      0.909	      0.884	           	      0.000	    290.000	    717.654	    780.059	      0.005	      0.007	     -0.004	
 2016/08/05	   0.909	   0.910	   0.903	   0.907	          59463	      0.907	      0.908	      0.910	      0.884	           	      0.000	    594.630	    762.780	    777.684	      0.005	      0.007	     -0.003	
 2016/08/08	   0.918	   0.918	   0.905	   0.912	          28600	      0.908	      0.908	      0.911	      0.885	           	      0.000	    286.000	    703.728	    787.684	      0.005	      0.006	     -0.003	
 2016/08/09	   0.907	   0.920	   0.906	   0.916	          44038	      0.910	      0.908	      0.910	      0.885	           	      0.000	    440.380	    678.002	    774.991	      0.005	      0.006	     -0.002	
 2016/08/10	   0.911	   0.917	   0.905	   0.910	         148438	      0.910	      0.909	      0.910	      0.886	           	      0.000	   1484.380	    619.078	    694.029	      0.005	      0.006	     -0.002	
 2016/08/11	   0.907	   0.919	   0.907	   0.914	          83000	      0.912	      0.909	      0.910	      0.887	           	      0.000	    830.000	    727.078	    722.366	      0.005	      0.006	     -0.001	
 2016/08/12	   0.908	   0.924	   0.908	   0.924	         301432	      0.915	      0.911	      0.910	      0.888	           	      0.000	   3014.320	   1211.016	    986.898	      0.006	      0.006	      0.000	
 2016/08/15	   0.934	   0.975	   0.933	   0.957	        2448026	      0.924	      0.916	      0.913	      0.890	           	      0.000	  24480.260	   6049.868	   3376.798	      0.009	      0.006	      0.005	
 2016/08/16	   0.957	   0.986	   0.944	   0.950	         484726	      0.931	      0.920	      0.915	      0.891	           	      0.000	   4847.260	   6931.244	   3804.623	      0.011	      0.007	      0.007	
 2016/08/17	   0.950	   0.971	   0.943	   0.949	         191300	      0.939	      0.924	      0.917	      0.893	           	      0.000	   1913.000	   7016.968	   3818.023	      0.012	      0.008	      0.008	
 2016/08/18	   0.939	   0.959	   0.939	   0.948	          47600	      0.946	      0.929	      0.918	      0.894	           	      0.000	    476.000	   6946.168	   3836.623	      0.013	      0.009	      0.007	
 2016/08/19	   0.939	   0.959	   0.939	   0.952	          86001	      0.951	      0.933	      0.920	      0.896	           	      0.000	    860.010	   6515.306	   3863.161	      0.013	      0.010	      0.007	
 2016/08/22	   0.952	   0.963	   0.938	   0.946	          55200	      0.949	      0.937	      0.922	      0.898	           	      0.000	    552.000	   1729.654	   3889.761	      0.013	      0.011	      0.006	
 2016/08/23	   0.946	   0.951	   0.941	   0.944	          74000	      0.948	      0.939	      0.924	      0.899	           	      0.000	    740.000	    908.202	   3919.723	      0.013	      0.011	      0.004	
 2016/08/24	   0.944	   0.968	   0.935	   0.946	          73600	      0.947	      0.943	      0.926	      0.901	           	      0.000	    736.000	    672.802	   3844.885	      0.013	      0.011	      0.003	
 2016/08/25	   0.906	   0.950	   0.906	   0.942	          90400	      0.946	      0.946	      0.927	      0.902	           	      0.000	    904.000	    758.402	   3852.285	      0.012	      0.012	      0.001	
 2016/08/26	   0.926	   0.950	   0.926	   0.942	          96501	      0.944	      0.948	      0.929	      0.903	           	      0.000	    965.010	    779.402	   3647.354	      0.011	      0.011	     -0.000	
 2016/08/29	   0.949	   0.967	   0.932	   0.935	          92300	      0.942	      0.945	      0.931	      0.904	           	      0.000	    923.000	    853.602	   1291.628	      0.010	      0.011	     -0.002	
 2016/08/30	   0.932	   0.957	   0.932	   0.952	           9700	      0.943	      0.946	      0.933	      0.905	           	      0.000	     97.000	    725.002	    816.602	      0.010	      0.011	     -0.001	
 2016/08/31	   0.952	   0.961	   0.937	   0.947	          15000	      0.944	      0.945	      0.935	      0.906	           	      0.000	    150.000	    607.802	    640.302	      0.010	      0.011	     -0.001	
 2016/09/01	   0.931	   0.947	   0.928	   0.935	          11300	      0.942	      0.944	      0.936	      0.907	           	      0.000	    113.000	    449.602	    604.002	      0.009	      0.011	     -0.003	
 2016/09/02	   0.959	   0.960	   0.927	   0.940	          24500	      0.942	      0.943	      0.938	      0.908	           	      0.000	    245.000	    305.600	    542.501	      0.008	      0.010	     -0.004	
 2016/09/05	   0.937	   0.960	   0.937	   0.939	          24300	      0.943	      0.942	      0.939	      0.909	           	      0.000	    243.000	    169.600	    511.601	      0.007	      0.010	     -0.004	
 2016/09/06	   0.936	   0.954	   0.936	   0.941	         157100	      0.940	      0.942	      0.941	      0.910	           	      0.000	   1571.000	    464.400	    594.701	      0.007	      0.009	     -0.004	
 2016/09/07	   0.936	   0.949	   0.936	   0.944	          54500	      0.940	      0.942	      0.942	      0.911	           	      0.000	    545.000	    543.400	    575.601	      0.007	      0.009	     -0.004	
 2016/09/08	   0.934	   0.949	   0.934	   0.945	          24395	      0.942	      0.942	      0.944	      0.913	           	      0.000	    243.950	    569.590	    509.596	      0.007	      0.008	     -0.003	
 2016/09/09	   0.921	   0.963	   0.921	   0.946	          19900	      0.943	      0.942	      0.945	      0.914	           	      0.000	    199.000	    560.390	    432.995	      0.006	      0.008	     -0.003	
 2016/09/12	   0.926	   0.970	   0.918	   0.922	          70400	      0.940	      0.941	      0.943	      0.915	           	      0.000	    704.000	    652.590	    411.095	      0.004	      0.007	     -0.006	
 2016/09/13	   0.939	   0.939	   0.906	   0.927	          10600	      0.937	      0.939	      0.942	      0.916	           	      0.000	    106.000	    359.590	    411.995	      0.003	      0.006	     -0.007	
 2016/09/14	   0.913	   0.947	   0.912	   0.932	         194900	      0.934	      0.937	      0.941	      0.916	           	      0.000	   1949.000	    640.390	    591.895	      0.002	      0.006	     -0.006	
 2016/09/19	   0.929	   0.933	   0.918	   0.927	          93000	      0.931	      0.936	      0.940	      0.917	           	      0.000	    930.000	    777.600	    673.595	      0.001	      0.005	     -0.007	
 2016/09/20	   0.928	   0.928	   0.920	   0.928	          81700	      0.927	      0.935	      0.939	      0.919	           	      0.000	    817.000	    901.200	    730.795	      0.001	      0.004	     -0.006	
 2016/09/21	   0.917	   0.941	   0.916	   0.929	          49000	      0.929	      0.934	      0.938	      0.920	           	      0.000	    490.000	    858.400	    755.495	      0.000	      0.003	     -0.006	
 2016/09/22	   0.921	   0.949	   0.921	   0.930	          29200	      0.929	      0.933	      0.937	      0.921	           	      0.000	    292.000	    895.600	    627.595	      0.000	      0.003	     -0.005	
 2016/09/23	   0.944	   0.944	   0.922	   0.933	         106672	      0.929	      0.932	      0.937	      0.922	           	      0.000	   1066.720	    719.144	    679.767	      0.000	      0.002	     -0.004	
 2016/09/26	   0.933	   0.933	   0.916	   0.924	         146600	      0.929	      0.930	      0.936	      0.923	           	      0.000	   1466.000	    826.344	    801.972	     -0.001	      0.002	     -0.004	
 2016/09/27	   0.915	   0.925	   0.915	   0.924	         120500	      0.928	      0.928	      0.935	      0.923	           	      0.000	   1205.000	    903.944	    902.572	     -0.001	      0.001	     -0.004	
 2016/09/28	   0.917	   0.923	   0.914	   0.922	          12800	      0.927	      0.928	      0.934	      0.924	           	      0.000	    128.000	    831.544	    844.972	     -0.002	      0.000	     -0.004	
 2016/09/29	   0.922	   0.929	   0.915	   0.923	          27700	      0.925	      0.927	      0.933	      0.924	           	      0.000	    277.000	    828.544	    862.072	     -0.002	     -0.000	     -0.004	
 2016/09/30	   0.952	   0.952	   0.913	   0.921	         108072	      0.923	      0.926	      0.932	      0.925	           	      0.000	   1080.720	    831.344	    775.244	     -0.003	     -0.001	     -0.004	
 2016/10/10	   0.921	   0.949	   0.921	   0.930	          23600	      0.924	      0.926	      0.931	      0.926	           	      0.000	    236.000	    585.344	    705.844	     -0.002	     -0.001	     -0.002	
 2016/10/11	   0.947	   0.947	   0.924	   0.934	          86300	      0.926	      0.927	      0.931	      0.926	           	      0.000	    863.000	    516.944	    710.444	     -0.001	     -0.001	     -0.001	
 2016/10/12	   0.934	   0.934	   0.929	   0.930	          84072	      0.928	      0.927	      0.931	      0.927	           	      0.000	    840.720	    659.488	    745.516	     -0.001	     -0.001	     -0.000	
 2016/10/13	   0.928	   0.943	   0.928	   0.931	         129300	      0.929	      0.927	      0.930	      0.927	           	      0.000	   1293.000	    862.688	    845.616	     -0.001	     -0.001	      0.000	
 2016/10/14	   0.943	   0.943	   0.918	   0.933	          53800	      0.932	      0.927	      0.930	      0.927	           	      0.000	    538.000	    754.144	    792.744	     -0.001	     -0.001	      0.001	
 2016/10/17	   0.939	   0.939	   0.926	   0.930	          10500	      0.932	      0.928	      0.929	      0.928	           	      0.000	    105.000	    727.944	    656.644	     -0.000	     -0.001	      0.001	
 2016/10/18	   0.930	   0.939	   0.923	   0.932	          39310	      0.931	      0.929	      0.928	      0.928	           	      0.000	    393.100	    633.964	    575.454	     -0.000	     -0.001	      0.001	
 2016/10/19	   0.961	   0.961	   0.937	   0.941	         121300	      0.933	      0.931	      0.929	      0.928	           	      0.000	   1213.000	    708.420	    683.954	      0.001	     -0.000	      0.002	
 2016/10/20	   0.947	   0.954	   0.928	   0.943	          35100	      0.936	      0.933	      0.930	      0.929	           	      0.000	    351.000	    520.020	    691.354	      0.001	     -0.000	      0.003	
 2016/10/21	   0.943	   0.949	   0.932	   0.944	          24700	      0.938	      0.935	      0.930	      0.929	           	      0.000	    247.000	    461.820	    607.982	      0.002	      0.000	      0.004	
 2016/10/24	   0.943	   0.956	   0.936	   0.955	         429472	      0.943	      0.937	      0.932	      0.930	           	      0.000	   4294.720	   1299.764	   1013.854	      0.004	      0.001	      0.005	
 2016/10/25	   0.948	   0.958	   0.948	   0.958	         101200	      0.948	      0.940	      0.933	      0.931	           	      0.000	   1012.000	   1423.544	   1028.754	      0.005	      0.002	      0.006	
 2016/10/26	   0.958	   0.958	   0.942	   0.951	         158101	      0.950	      0.942	      0.934	      0.932	           	      0.000	   1581.010	   1497.146	   1102.783	      0.005	      0.003	      0.006	
 2016/10/27	   0.952	   0.952	   0.945	   0.950	          52487	      0.952	      0.944	      0.935	      0.932	           	      0.000	    524.870	   1531.920	   1025.970	      0.006	      0.003	      0.005	
 2016/10/28	   0.953	   0.955	   0.947	   0.953	          55909	      0.953	      0.946	      0.936	      0.933	           	      0.000	    559.090	   1594.338	   1028.079	      0.006	      0.004	      0.004	
 2016/10/31	   0.932	   0.949	   0.932	   0.948	           7800	      0.952	      0.947	      0.938	      0.934	           	      0.000	     78.000	    750.994	   1025.379	      0.006	      0.004	      0.003	
 2016/11/01	   0.937	   0.955	   0.937	   0.954	         342000	      0.951	      0.950	      0.939	      0.934	           	      0.000	   3420.000	   1232.594	   1328.069	      0.006	      0.004	      0.003	
 2016/11/02	   0.938	   0.954	   0.938	   0.950	          27900	      0.951	      0.951	      0.941	      0.935	           	      0.000	    279.000	    972.192	   1234.669	      0.006	      0.005	      0.002	
 2016/11/03	   0.953	   0.965	   0.944	   0.964	         373001	      0.954	      0.953	      0.943	      0.936	           	      0.000	   3730.010	   1613.220	   1572.570	      0.007	      0.005	      0.003	
 2016/11/04	   0.951	   0.966	   0.951	   0.954	         143255	      0.954	      0.954	      0.944	      0.937	           	      0.000	   1432.550	   1787.912	   1691.125	      0.006	      0.005	      0.002	
 2016/11/07	   0.954	   0.966	   0.950	   0.956	          11400	      0.956	      0.954	      0.946	      0.938	           	      0.000	    114.000	   1795.112	   1273.053	      0.006	      0.006	      0.002	
 2016/11/08	   0.965	   0.965	   0.955	   0.961	         202700	      0.957	      0.954	      0.947	      0.939	           	      0.000	   2027.000	   1516.512	   1374.553	      0.007	      0.006	      0.002	
 2016/11/09	   0.948	   0.965	   0.948	   0.953	         132000	      0.958	      0.954	      0.948	      0.939	           	      0.000	   1320.000	   1724.712	   1348.452	      0.006	      0.006	      0.001	
 2016/11/10	   0.955	   0.964	   0.955	   0.964	         158800	      0.958	      0.956	      0.950	      0.940	           	      0.000	   1588.000	   1296.310	   1454.765	      0.007	      0.006	      0.001	
 2016/11/11	   0.964	   0.979	   0.959	   0.972	         196501	      0.961	      0.958	      0.952	      0.941	           	      0.000	   1965.010	   1402.802	   1595.357	      0.008	      0.006	      0.002	
 2016/11/14	   0.981	   0.981	   0.964	   0.972	         138200	      0.964	      0.960	      0.954	      0.942	           	      0.000	   1382.000	   1656.402	   1725.757	      0.008	      0.007	      0.003	
 2016/11/15	   0.979	   0.979	   0.970	   0.970	          38400	      0.966	      0.962	      0.956	      0.943	           	      0.000	    384.000	   1327.802	   1422.157	      0.008	      0.007	      0.003	
 2016/11/16	   0.970	   0.975	   0.968	   0.972	          78200	      0.970	      0.964	      0.957	      0.943	           	      0.000	    782.000	   1220.202	   1472.457	      0.009	      0.007	      0.003	
 2016/11/17	   0.970	   0.978	   0.968	   0.970	          39800	      0.971	      0.964	      0.959	      0.943	           	      0.000	    398.000	    982.202	   1139.256	      0.009	      0.008	      0.002	
 2016/11/18	   0.970	   0.976	   0.970	   0.973	         127242	      0.971	      0.966	      0.960	      0.944	           	      0.000	   1272.420	    843.684	   1123.243	      0.009	      0.008	      0.002	
 2016/11/21	   0.970	   0.988	   0.970	   0.982	         310842	      0.973	      0.969	      0.961	      0.944	           	      0.000	   3108.420	   1188.968	   1422.685	      0.009	      0.008	      0.002	
 2016/11/22	   0.982	   0.992	   0.982	   0.989	         309242	      0.977	      0.972	      0.963	      0.945	           	      0.000	   3092.420	   1730.652	   1529.227	      0.010	      0.009	      0.004	
 2016/11/23	   0.995	   1.001	   0.981	   0.993	          75842	      0.981	      0.976	      0.965	      0.946	           	      0.000	    758.420	   1725.936	   1473.069	      0.011	      0.009	      0.004	
 2016/11/24	   0.986	   1.000	   0.986	   0.997	         107600	      0.987	      0.979	      0.967	      0.947	           	      0.000	   1076.000	   1861.536	   1421.869	      0.012	      0.010	      0.005	
 2016/11/25	   0.999	   1.010	   0.992	   1.010	         246316	      0.994	      0.983	      0.970	      0.948	           	      0.000	   2463.160	   2099.684	   1471.684	      0.014	      0.011	      0.007	
 2016/11/28	   1.008	   1.029	   1.005	   1.021	         458905	      1.002	      0.988	      0.974	      0.949	           	      0.000	   4589.050	   2395.810	   1792.389	      0.016	      0.012	      0.009	
 2016/11/29	   0.997	   1.035	   0.997	   1.025	         497647	      1.009	      0.993	      0.977	      0.951	           	      0.000	   4976.470	   2772.620	   2251.636	      0.018	      0.013	      0.010	
 2016/11/30	   1.025	   1.032	   1.006	   1.030	         583831	      1.017	      0.999	      0.981	      0.952	           	      0.000	   5838.310	   3788.598	   2757.267	      0.019	      0.014	      0.010	
 2016/12/01	   1.020	   1.030	   1.020	   1.028	          83200	      1.023	      1.005	      0.985	      0.953	           	      0.000	    832.000	   3739.798	   2800.667	      0.020	      0.015	      0.009	
 2016/12/02	   1.024	   1.029	   1.000	   1.025	         183900	      1.026	      1.010	      0.988	      0.955	           	      0.000	   1839.000	   3614.966	   2857.325	      0.020	      0.016	      0.008	
 2016/12/05	   1.002	   1.023	   1.002	   1.021	         376400	      1.026	      1.014	      0.991	      0.956	           	      0.000	   3764.000	   3449.956	   2922.883	      0.020	      0.017	      0.006	
 2016/12/06	   1.017	   1.020	   0.962	   1.015	         324631	      1.024	      1.016	      0.994	      0.957	           	      0.000	   3246.310	   3103.924	   2938.272	      0.019	      0.017	      0.003	
 2016/12/07	   0.992	   1.014	   0.991	   1.014	          94600	      1.021	      1.019	      0.997	      0.959	           	      0.000	    946.000	   2125.462	   2957.030	      0.018	      0.017	      0.001	
 2016/12/08	   1.013	   1.013	   0.998	   1.011	         251213	      1.017	      1.020	      0.999	      0.960	           	      0.000	   2512.130	   2461.488	   3100.643	      0.016	      0.017	     -0.002	
 2016/12/09	   1.011	   1.028	   0.999	   1.016	         794900	      1.015	      1.021	      1.002	      0.961	           	      0.000	   7949.000	   3683.488	   3649.227	      0.016	      0.017	     -0.003	
 2016/12/12	   1.016	   1.019	   0.970	   1.002	         334553	      1.012	      1.019	      1.003	      0.962	           	      0.000	   3345.530	   3599.794	   3524.875	      0.014	      0.016	     -0.005	
 2016/12/13	   1.002	   1.034	   0.970	   0.999	          77053	      1.008	      1.016	      1.005	      0.963	           	      0.000	    770.530	   3104.638	   3104.281	      0.012	      0.015	     -0.007	
 2016/12/14	   1.002	   1.003	   0.986	   0.992	         103400	      1.004	      1.012	      1.006	      0.964	           	      0.000	   1034.000	   3122.238	   2623.850	      0.010	      0.014	     -0.009	
 2016/12/15	   0.976	   1.003	   0.976	   0.992	         210100	      1.000	      1.009	      1.007	      0.965	           	      0.000	   2101.000	   3040.012	   2750.750	      0.008	      0.013	     -0.010	
 2016/12/16	   0.978	   0.989	   0.977	   0.987	          55000	      0.994	      1.005	      1.007	      0.966	           	      0.000	    550.000	   1560.212	   2621.850	      0.006	      0.011	     -0.011	
 2016/12/19	   1.016	   1.016	   0.958	   0.973	          19600	      0.989	      1.000	      1.007	      0.967	           	      0.000	    196.000	    930.306	   2265.050	      0.003	      0.010	     -0.013	
 2016/12/20	   0.973	   1.014	   0.956	   0.960	         288500	      0.981	      0.995	      1.006	      0.967	           	      0.000	   2885.000	   1353.200	   2228.919	     -0.000	      0.008	     -0.016	
 2016/12/21	   0.968	   0.998	   0.958	   0.968	         296500	      0.976	      0.990	      1.004	      0.968	           	      0.000	   2965.000	   1739.400	   2430.819	     -0.002	      0.006	     -0.016	
 2016/12/22	   0.968	   0.975	   0.957	   0.969	          10400	      0.971	      0.986	      1.003	      0.969	           	      0.000	    104.000	   1340.000	   2190.006	     -0.003	      0.004	     -0.015	
 2016/12/23	   0.970	   0.970	   0.957	   0.965	         204918	      0.967	      0.981	      1.001	      0.969	           	      0.000	   2049.180	   1639.836	   1600.024	     -0.005	      0.002	     -0.014	
 2016/12/26	   0.964	   0.966	   0.948	   0.966	          33382	      0.966	      0.977	      0.998	      0.970	           	      0.000	    333.820	   1667.400	   1298.853	     -0.005	      0.001	     -0.013	
 2016/12/27	   0.963	   0.977	   0.963	   0.970	          38433	      0.968	      0.974	      0.995	      0.971	           	      0.000	    384.330	   1167.266	   1260.233	     -0.006	     -0.001	     -0.011	
 2016/12/28	   0.968	   0.969	   0.960	   0.965	           9000	      0.967	      0.971	      0.992	      0.971	           	      0.000	     90.000	    592.266	   1165.833	     -0.006	     -0.002	     -0.009	
 2016/12/29	   0.951	   0.969	   0.951	   0.967	           7900	      0.967	      0.969	      0.989	      0.972	           	      0.000	     79.000	    587.266	    963.633	     -0.007	     -0.003	     -0.008	
 2016/12/30	   0.967	   0.967	   0.952	   0.966	          53500	      0.967	      0.967	      0.986	      0.973	           	      0.000	    535.000	    284.430	    962.133	     -0.007	     -0.004	     -0.007	
 2017/01/03	   0.965	   0.974	   0.956	   0.971	         123000	      0.968	      0.967	      0.983	      0.973	           	      0.000	   1230.000	    463.666	   1065.533	     -0.007	     -0.004	     -0.005	
 2017/01/04	   0.967	   0.977	   0.967	   0.975	          52600	      0.969	      0.968	      0.981	      0.974	           	      0.000	    526.000	    492.000	    829.633	     -0.006	     -0.004	     -0.003	
 2017/01/05	   0.978	   0.978	   0.972	   0.972	         162693	      0.970	      0.969	      0.979	      0.975	           	      0.000	   1626.930	    799.386	    695.826	     -0.006	     -0.005	     -0.002	
 2017/01/06	   0.979	   0.979	   0.972	   0.973	          67900	      0.971	      0.969	      0.977	      0.976	           	      0.000	    679.000	    919.386	    753.326	     -0.005	     -0.005	     -0.001	
 2017/01/09	   0.973	   0.983	   0.967	   0.974	         384900	      0.973	      0.970	      0.975	      0.976	           	      0.000	   3849.000	   1582.186	    933.308	     -0.005	     -0.005	      0.000	
 2017/01/10	   0.980	   0.982	   0.975	   0.978	         278400	      0.974	      0.971	      0.974	      0.977	           	      0.000	   2784.000	   1892.986	   1178.326	     -0.004	     -0.005	      0.001	
 2017/01/11	   0.973	   0.982	   0.973	   0.975	          70500	      0.974	      0.972	      0.973	      0.978	           	      0.000	    705.000	   1928.786	   1210.393	     -0.004	     -0.004	      0.002	
 2017/01/12	   0.970	   0.975	   0.970	   0.971	          51500	      0.974	      0.972	      0.972	      0.978	           	      0.000	    515.000	   1706.400	   1252.893	     -0.004	     -0.004	      0.001	
 2017/01/13	   0.970	   0.975	   0.966	   0.967	         143300	      0.973	      0.972	      0.971	      0.979	           	      0.000	   1433.000	   1857.200	   1388.293	     -0.004	     -0.004	      0.001	
 2017/01/16	   0.962	   0.976	   0.962	   0.976	         316960	      0.973	      0.973	      0.970	      0.979	           	      0.000	   3169.600	   1721.320	   1651.753	     -0.003	     -0.004	      0.001	
 2017/01/17	   0.974	   0.975	   0.967	   0.974	          24160	      0.973	      0.974	      0.970	      0.979	           	      0.000	    241.600	   1212.840	   1552.913	     -0.003	     -0.004	      0.002	
 2017/01/18	   0.973	   1.000	   0.972	   0.982	          54425	      0.974	      0.974	      0.971	      0.980	           	      0.000	    544.250	   1180.690	   1554.738	     -0.002	     -0.003	      0.003	
 2017/01/19	   0.980	   0.984	   0.970	   0.977	          26200	      0.975	      0.975	      0.972	      0.980	           	      0.000	    262.000	   1130.090	   1418.245	     -0.002	     -0.003	      0.003	
 2017/01/20	   0.995	   0.995	   0.975	   0.979	         377200	      0.978	      0.975	      0.972	      0.981	           	      0.000	   3772.000	   1597.890	   1727.545	     -0.001	     -0.003	      0.003	
 2017/01/23	   0.980	   0.985	   0.980	   0.984	          14100	      0.979	      0.976	      0.973	      0.981	           	      0.000	    141.000	    992.170	   1356.745	     -0.000	     -0.002	      0.004	
 2017/01/24	   0.988	   0.988	   0.976	   0.987	          73700	      0.982	      0.977	      0.974	      0.982	           	      0.000	    737.000	   1091.250	   1152.045	      0.000	     -0.002	      0.004	
 2017/01/25	   0.986	   0.991	   0.985	   0.989	          10500	      0.983	      0.979	      0.975	      0.983	           	      0.000	    105.000	   1003.400	   1092.045	      0.001	     -0.001	      0.005	
 2017/01/26	   0.989	   0.995	   0.989	   0.993	         155800	      0.986	      0.981	      0.976	      0.983	           	      0.000	   1558.000	   1262.600	   1196.345	      0.002	     -0.000	      0.005	
 2017/02/03	   0.987	   0.997	   0.980	   0.990	         121000	      0.989	      0.983	      0.978	      0.984	           	      0.000	   1210.000	    750.200	   1174.045	      0.003	      0.000	      0.005	
 2017/02/06	   0.989	   0.992	   0.987	   0.988	          11600	      0.989	      0.984	      0.979	      0.984	           	      0.000	    116.000	    745.200	    868.685	      0.003	      0.001	      0.004	
 2017/02/07	   0.986	   1.001	   0.980	   0.999	         126088	      0.992	      0.987	      0.980	      0.985	           	      0.000	   1260.880	    849.976	    970.613	      0.004	      0.001	      0.005	
 2017/02/08	   0.993	   1.003	   0.982	   1.002	         106699	      0.994	      0.989	      0.981	      0.986	           	      0.000	   1066.990	   1042.374	   1022.887	      0.005	      0.002	      0.006	
 2017/02/09	   0.990	   1.005	   0.988	   0.997	        1011672	      0.995	      0.991	      0.983	      0.986	           	      0.000	  10116.720	   2754.118	   2008.359	      0.005	      0.003	      0.005	
 2017/02/10	   0.997	   1.000	   0.989	   1.000	          20400	      0.997	      0.993	      0.984	      0.987	           	      0.000	    204.000	   2552.918	   1651.559	      0.005	      0.003	      0.005	
 2017/02/13	   1.001	   1.005	   1.000	   1.005	          89100	      1.001	      0.995	      0.986	      0.988	           	      0.000	    891.000	   2707.918	   1726.559	      0.006	      0.004	      0.005	
 2017/02/14	   1.005	   1.005	   0.997	   1.000	           7800	      1.001	      0.996	      0.987	      0.988	           	      0.000	     78.000	   2471.342	   1660.659	      0.006	      0.004	      0.004	
 2017/02/15	   1.004	   1.020	   1.001	   1.013	         370518	      1.003	      0.999	      0.989	      0.989	           	      0.000	   3705.180	   2998.980	   2020.677	      0.007	      0.005	      0.005	
 2017/02/16	   1.010	   1.016	   1.004	   1.008	         206300	      1.005	      1.000	      0.990	      0.989	           	      0.000	   2063.000	   1388.236	   2071.177	      0.008	      0.005	      0.004	
 2017/02/17	   1.000	   1.013	   1.000	   1.010	          95000	      1.007	      1.002	      0.993	      0.990	           	      0.000	    950.000	   1537.436	   2045.177	      0.008	      0.006	      0.004	
 2017/02/20	   1.013	   1.015	   1.002	   1.013	        1502042	      1.009	      1.005	      0.994	      0.991	           	      0.000	  15020.420	   4363.320	   3535.619	      0.008	      0.006	      0.004	
 2017/02/21	   1.019	   1.031	   1.011	   1.016	         177542	      1.012	      1.006	      0.997	      0.991	           	      0.000	   1775.420	   4702.804	   3587.073	      0.009	      0.007	      0.004	
 2017/02/22	   1.016	   1.023	   1.008	   1.023	         241948	      1.014	      1.008	      0.999	      0.992	           	      0.000	   2419.480	   4445.664	   3722.322	      0.010	      0.007	      0.004	
 2017/02/23	   1.013	   1.026	   1.003	   1.011	         104302	      1.015	      1.010	      1.000	      0.992	           	      0.000	   1043.020	   4241.668	   2814.952	      0.009	      0.008	      0.003	
 2017/02/24	   1.009	   1.017	   1.008	   1.011	        1694238	      1.015	      1.011	      1.002	      0.992	           	      0.000	  16942.381	   7440.144	   4488.790	      0.009	      0.008	      0.002	
 2017/02/27	   1.008	   1.013	   1.006	   1.007	          87004	      1.014	      1.011	      1.003	      0.992	           	      0.000	    870.040	   4610.068	   4486.694	      0.008	      0.008	     -0.000	
 2017/02/28	   0.967	   1.028	   0.967	   1.004	          65700	      1.011	      1.012	      1.004	      0.992	           	      0.000	    657.000	   4386.384	   4544.594	      0.007	      0.008	     -0.001	
 2017/03/01	   1.004	   1.010	   0.972	   1.005	         234700	      1.008	      1.011	      1.005	      0.992	           	      0.000	   2347.000	   4371.888	   4408.776	      0.006	      0.007	     -0.002	
 2017/03/02	   1.005	   1.013	   1.001	   1.004	         104400	      1.006	      1.010	      1.005	      0.991	           	      0.000	   1044.000	   4372.084	   4306.876	      0.006	      0.007	     -0.003	
 2017/03/03	   1.002	   1.004	   0.977	   1.003	          61100	      1.005	      1.010	      1.006	      0.991	           	      0.000	    611.000	   1105.808	   4272.976	      0.005	      0.007	     -0.004	
 2017/03/06	   1.002	   1.013	   0.993	   1.001	         139900	      1.003	      1.008	      1.007	      0.990	           	      0.000	   1399.000	   1211.600	   2910.834	      0.004	      0.006	     -0.004	
 2017/03/07	   0.984	   1.001	   0.984	   0.997	          37300	      1.002	      1.007	      1.007	      0.990	           	      0.000	    373.000	   1154.800	   2770.592	      0.003	      0.005	     -0.005	
 2017/03/08	   1.001	   1.002	   0.981	   1.000	          86900	      1.001	      1.004	      1.006	      0.990	           	      0.000	    869.000	    859.200	   2615.544	      0.003	      0.005	     -0.005	
 2017/03/09	   1.002	   1.009	   0.988	   1.000	         142900	      1.000	      1.003	      1.007	      0.990	           	      0.000	   1429.000	    936.200	   2654.142	      0.002	      0.004	     -0.005	
 2017/03/10	   0.997	   0.997	   0.983	   0.994	          36600	      0.998	      1.002	      1.006	      0.989	           	      0.000	    366.000	    887.200	    996.504	      0.001	      0.004	     -0.005	
 2017/03/13	   0.974	   1.001	   0.974	   0.996	         742702	      0.997	      1.000	      1.006	      0.989	           	      0.000	   7427.020	   2092.804	   1652.202	      0.001	      0.003	     -0.005	
 2017/03/14	   0.996	   1.008	   0.994	   0.996	         737802	      0.997	      1.000	      1.006	      0.989	           	      0.000	   7378.020	   3493.808	   2324.304	      0.000	      0.003	     -0.005	
 2017/03/15	   0.997	   0.999	   0.983	   0.999	         184300	      0.997	      0.999	      1.005	      0.989	           	      0.000	   1843.000	   3688.608	   2273.904	      0.000	      0.002	     -0.004	
 2017/03/16	   1.011	   1.011	   0.993	   1.000	         351400	      0.997	      0.999	      1.005	      0.989	           	      0.000	   3514.000	   4105.608	   2520.904	      0.000	      0.002	     -0.003	
 2017/03/17	   1.000	   1.000	   0.988	   0.988	         356301	      0.996	      0.997	      1.003	      0.989	           	      0.000	   3563.010	   4745.010	   2816.105	     -0.001	      0.001	     -0.004	
 2017/03/20	   0.986	   0.996	   0.985	   0.995	         107900	      0.996	      0.997	      1.003	      0.989	           	      0.000	   1079.000	   3475.406	   2784.105	     -0.001	      0.001	     -0.003	
 2017/03/21	   0.996	   1.000	   0.985	   0.998	          92409	      0.996	      0.997	      1.002	      0.989	           	      0.000	    924.090	   2184.620	   2839.214	     -0.001	      0.000	     -0.003	
 2017/03/22	   0.998	   0.998	   0.989	   0.993	          69000	      0.995	      0.996	      1.000	      0.990	           	      0.000	    690.000	   1954.020	   2821.314	     -0.001	      0.000	     -0.003	
 2017/03/23	   0.987	   0.996	   0.987	   0.990	          84300	      0.993	      0.995	      0.999	      0.990	           	      0.000	    843.000	   1419.820	   2762.714	     -0.002	     -0.000	     -0.003	
 2017/03/24	   0.994	   1.001	   0.986	   1.000	          79501	      0.995	      0.995	      0.998	      0.991	           	      0.000	    795.010	    866.220	   2805.615	     -0.001	     -0.000	     -0.002	
 2017/03/27	   1.001	   1.006	   1.001	   1.001	          83931	      0.996	      0.996	      0.998	      0.991	           	      0.000	    839.310	    818.282	   2146.844	     -0.001	     -0.000	     -0.000	
 2017/03/28	   1.001	   1.001	   0.996	   1.000	          95200	      0.997	      0.996	      0.998	      0.992	           	      0.000	    952.000	    823.864	   1504.242	     -0.000	     -0.000	      0.000	
 2017/03/29	   1.000	   1.010	   0.997	   1.001	          94500	      0.998	      0.997	      0.998	      0.993	           	      0.000	    945.000	    874.864	   1414.442	     -0.000	     -0.000	      0.001	
 2017/03/30	   0.994	   1.004	   0.984	   1.002	          16700	      1.001	      0.997	      0.998	      0.993	           	      0.000	    167.000	    739.664	   1079.742	      0.000	     -0.000	      0.001	
 2017/03/31	   1.002	   1.002	   0.987	   0.993	          27991	      0.999	      0.997	      0.997	      0.994	           	      0.000	    279.910	    636.644	    751.432	     -0.000	     -0.000	     -0.000	
 2017/04/05	   0.999	   1.010	   0.998	   1.010	         127162	      1.001	      0.999	      0.998	      0.994	           	      0.000	   1271.620	    723.106	    770.694	      0.001	     -0.000	      0.002	
 2017/04/06	   1.014	   1.014	   1.006	   1.012	          49800	      1.004	      1.000	      0.998	      0.995	           	      0.000	    498.000	    632.306	    728.085	      0.002	      0.000	      0.003	
 2017/04/07	   1.007	   1.014	   1.007	   1.012	         393400	      1.006	      1.002	      0.999	      0.996	           	      0.000	   3934.000	   1230.106	   1052.485	      0.002	      0.001	      0.003	
 2017/04/10	   1.013	   1.016	   1.007	   1.011	        1021965	      1.008	      1.004	      1.000	      0.996	           	      0.000	  10219.650	   3240.636	   1990.150	      0.003	      0.001	      0.003	
 2017/04/11	   1.011	   1.012	   0.990	   1.011	         187700	      1.011	      1.005	      1.000	      0.997	           	      0.000	   1877.000	   3560.054	   2098.349	      0.003	      0.001	      0.003	
 2017/04/12	   1.002	   1.016	   1.002	   1.012	        1173765	      1.012	      1.006	      1.001	      0.998	           	      0.000	  11737.650	   5653.260	   3188.183	      0.003	      0.002	      0.003	
 2017/04/13	   1.002	   1.018	   1.002	   1.018	         172263	      1.013	      1.008	      1.002	      0.998	           	      0.000	   1722.630	   5898.186	   3265.246	      0.004	      0.002	      0.004	
 2017/04/14	   1.002	   1.019	   1.002	   1.014	         165544	      1.013	      1.010	      1.003	      0.999	           	      0.000	   1655.440	   5442.474	   3336.290	      0.004	      0.003	      0.003	
 2017/04/17	   1.010	   1.010	   0.992	   1.008	          18300	      1.013	      1.010	      1.003	      0.999	           	      0.000	    183.000	   3435.144	   3337.890	      0.004	      0.003	      0.002	
 2017/04/18	   1.007	   1.007	   0.994	   0.995	          60500	      1.009	      1.010	      1.004	      1.000	           	      0.000	    605.000	   3180.744	   3370.399	      0.002	      0.003	     -0.001	
 2017/04/19	   0.995	   0.995	   0.984	   0.985	          80586	      1.004	      1.008	      1.003	      1.000	           	      0.000	    805.860	    994.386	   3323.823	      0.001	      0.002	     -0.004	
 2017/04/20	   0.981	   0.992	   0.981	   0.990	         196012	      0.998	      1.006	      1.003	      1.000	           	      0.000	   1960.120	   1041.884	   3470.035	     -0.001	      0.002	     -0.005	
 2017/04/21	   0.984	   1.015	   0.984	   1.007	          67000	      0.997	      1.005	      1.004	      1.001	           	      0.000	    670.000	    844.796	   3143.635	     -0.000	      0.001	     -0.003	
 2017/04/24	   0.998	   0.999	   0.974	   0.994	          87700	      0.994	      1.003	      1.004	      1.001	           	      0.000	    877.000	    983.596	   2209.370	     -0.001	      0.001	     -0.003	
 2017/04/25	   0.984	   0.995	   0.984	   0.995	           9100	      0.994	      1.002	      1.004	      1.001	           	      0.000	     91.000	    880.796	   2030.770	     -0.001	      0.001	     -0.003	
 2017/04/26	   0.995	   0.995	   0.986	   0.994	          62771	      0.996	      1.000	      1.003	      1.002	           	      0.000	    627.710	    845.166	    919.776	     -0.002	      0.000	     -0.003	
 2017/04/27	   0.994	   0.996	   0.985	   0.994	          89300	      0.997	      0.998	      1.003	      1.002	           	      0.000	    893.000	    631.742	    836.813	     -0.002	     -0.000	     -0.003	
 2017/04/28	   0.999	   0.999	   0.987	   0.989	          26900	      0.993	      0.995	      1.002	      1.002	           	      0.000	    269.000	    551.542	    698.169	     -0.002	     -0.001	     -0.003	
 2017/05/02	   0.986	   0.990	   0.985	   0.989	           4800	      0.992	      0.993	      1.002	      1.002	           	      0.000	     48.000	    385.742	    684.669	     -0.003	     -0.001	     -0.004	
 2017/05/03	   0.994	   0.994	   0.985	   0.986	          10200	      0.990	      0.992	      1.001	      1.001	           	      0.000	    102.000	    387.942	    634.369	     -0.003	     -0.002	     -0.004	
 2017/05/04	   0.985	   0.988	   0.980	   0.982	           9400	      0.988	      0.992	      1.000	      1.001	           	      0.000	     94.000	    281.200	    563.183	     -0.004	     -0.002	     -0.004	
 2017/05/05	   0.979	   0.988	   0.975	   0.988	          19800	      0.987	      0.992	      0.999	      1.001	           	      0.000	    198.000	    142.200	    386.971	     -0.004	     -0.003	     -0.003	
 2017/05/08	   0.965	   0.993	   0.965	   0.987	          10900	      0.986	      0.990	      0.997	      1.001	           	      0.000	    109.000	    110.200	    330.871	     -0.004	     -0.003	     -0.003	
 2017/05/09	   0.987	   0.988	   0.974	   0.983	          13800	      0.985	      0.989	      0.996	      1.001	           	      0.000	    138.000	    128.200	    256.971	     -0.005	     -0.003	     -0.003	
 2017/05/10	   0.982	   0.986	   0.974	   0.976	          18500	      0.983	      0.987	      0.994	      1.000	           	      0.000	    185.000	    144.800	    266.371	     -0.005	     -0.004	     -0.003	
 2017/05/11	   0.987	   0.987	   0.974	   0.976	          13900	      0.982	      0.985	      0.993	      1.000	           	      0.000	    139.000	    153.800	    217.500	     -0.006	     -0.004	     -0.004	
 2017/05/12	   0.973	   0.986	   0.973	   0.986	          76300	      0.982	      0.984	      0.991	      1.000	           	      0.000	    763.000	    266.800	    204.500	     -0.005	     -0.004	     -0.002	
 2017/05/15	   0.992	   0.993	   0.977	   0.981	          15700	      0.980	      0.983	      0.989	      0.999	           	      0.000	    157.000	    276.400	    193.300	     -0.005	     -0.005	     -0.002	
 2017/05/16	   0.990	   0.994	   0.975	   0.994	          30000	      0.983	      0.984	      0.989	      0.999	           	      0.000	    300.000	    308.800	    218.500	     -0.004	     -0.005	      0.000	
 2017/05/17	   0.987	   0.990	   0.985	   0.985	          49400	      0.984	      0.984	      0.988	      0.998	           	      0.000	    494.000	    370.600	    257.700	     -0.004	     -0.004	      0.001	
 2017/05/18	   0.989	   0.994	   0.977	   0.991	          26501	      0.987	      0.985	      0.988	      0.998	           	      0.000	    265.010	    395.802	    274.801	     -0.003	     -0.004	      0.002	
 2017/05/19	   0.990	   0.990	   0.980	   0.989	           7815	      0.988	      0.985	      0.988	      0.998	           	      0.000	     78.150	    258.832	    262.816	     -0.003	     -0.004	      0.002	
 2017/05/22	   0.990	   0.996	   0.978	   0.985	           3996	      0.989	      0.985	      0.987	      0.997	           	      0.000	     39.960	    235.424	    255.912	     -0.003	     -0.004	      0.002	
 2017/05/23	   0.991	   0.996	   0.988	   0.994	          72095	      0.989	      0.986	      0.987	      0.997	           	      0.000	    720.950	    319.614	    314.207	     -0.002	     -0.003	      0.003	
 2017/05/24	   0.983	   0.995	   0.983	   0.995	           7512	      0.991	      0.988	      0.987	      0.996	           	      0.000	     75.120	    235.838	    303.219	     -0.001	     -0.003	      0.003	
 2017/05/25	   0.995	   1.019	   0.983	   1.008	         178376	      0.994	      0.991	      0.988	      0.996	           	      0.000	   1783.760	    539.588	    467.695	      0.000	     -0.002	      0.005	
 2017/05/26	   1.018	   1.026	   1.005	   1.014	         178176	      0.999	      0.994	      0.989	      0.997	           	      0.000	   1781.760	    880.310	    569.571	      0.002	     -0.002	      0.007	
 2017/05/31	   1.020	   1.026	   1.016	   1.025	         115900	      1.007	      0.998	      0.991	      0.997	           	      0.000	   1159.000	   1104.118	    669.771	      0.004	     -0.000	      0.009	
 2017/06/01	   1.023	   1.028	   1.016	   1.027	         329091	      1.014	      1.001	      0.993	      0.997	           	      0.000	   3290.910	   1618.110	    968.862	      0.006	      0.001	      0.010	
 2017/06/02	   1.029	   1.032	   1.020	   1.030	         136200	      1.021	      1.006	      0.995	      0.998	           	      0.000	   1362.000	   1875.486	   1055.662	      0.008	      0.002	      0.011	
 2017/06/05	   1.020	   1.028	   1.020	   1.021	           6700	      1.023	      1.009	      0.997	      0.998	           	      0.000	     67.000	   1532.134	   1035.861	      0.008	      0.003	      0.009	
 2017/06/06	   1.021	   1.028	   1.020	   1.026	           5900	      1.026	      1.013	      0.999	      0.999	           	      0.000	     59.000	   1187.582	   1033.946	      0.009	      0.004	      0.009	
 2017/06/07	   1.026	   1.030	   1.020	   1.029	         194838	      1.027	      1.017	      1.001	      0.999	           	      0.000	   1948.380	   1345.458	   1224.788	      0.009	      0.005	      0.008	
 2017/06/08	   1.030	   1.045	   1.026	   1.045	         235559	      1.030	      1.022	      1.004	      1.000	           	      0.000	   2355.590	   1158.394	   1388.252	      0.011	      0.007	      0.009	
 2017/06/09	   1.046	   1.050	   1.039	   1.049	          74926	      1.034	      1.027	      1.008	      1.001	           	      0.000	    749.260	   1035.846	   1455.666	      0.013	      0.008	      0.010	
 2017/06/12	   1.053	   1.053	   1.043	   1.045	         111400	      1.039	      1.031	      1.011	      1.002	           	      0.000	   1114.000	   1245.246	   1388.690	      0.013	      0.009	      0.009	
 2017/06/13	   1.050	   1.050	   1.026	   1.044	         265095	      1.042	      1.034	      1.014	      1.002	           	      0.000	   2650.950	   1763.636	   1475.609	      0.014	      0.010	      0.008	
 2017/06/14	   1.038	   1.049	   1.035	   1.035	          54559	      1.044	      1.035	      1.017	      1.003	           	      0.000	    545.590	   1483.078	   1414.268	      0.013	      0.010	      0.005	
 2017/06/15	   1.044	   1.049	   1.026	   1.030	          27894	      1.041	      1.035	      1.018	      1.003	           	      0.000	    278.940	   1067.748	   1113.071	      0.012	      0.011	      0.002	
 2017/06/16	   1.030	   1.036	   1.028	   1.030	           8900	      1.037	      1.035	      1.021	      1.004	           	      0.000	     89.000	    935.696	    985.771	      0.011	      0.011	      0.000	
 2017/06/19	   1.042	   1.042	   1.029	   1.033	          67565	      1.034	      1.037	      1.023	      1.005	           	      0.000	    675.650	    848.026	   1046.636	      0.010	      0.011	     -0.001	
 2017/06/20	   1.040	   1.040	   1.030	   1.030	           1300	      1.032	      1.037	      1.025	      1.005	           	      0.000	     13.000	    320.436	   1042.036	      0.010	      0.011	     -0.002	
 2017/06/21	   1.030	   1.046	   1.030	   1.043	         129326	      1.033	      1.038	      1.028	      1.006	           	      0.000	   1293.260	    469.970	    976.524	      0.010	      0.010	     -0.001	
 2017/06/22	   1.049	   1.058	   1.042	   1.050	         308200	      1.037	      1.039	      1.030	      1.007	           	      0.000	   3082.000	   1030.582	   1049.165	      0.011	      0.010	      0.000	
 2017/06/23	   1.047	   1.058	   1.047	   1.057	          57800	      1.043	      1.040	      1.034	      1.008	           	      0.000	    578.000	   1128.382	   1032.039	      0.011	      0.011	      0.002	
 2017/06/26	   1.066	   1.068	   1.060	   1.062	          18600	      1.048	      1.041	      1.036	      1.009	           	      0.000	    186.000	   1030.452	    939.239	      0.013	      0.011	      0.003	
 2017/06/27	   1.048	   1.068	   1.048	   1.067	         153600	      1.056	      1.044	      1.039	      1.010	           	      0.000	   1536.000	   1335.052	    827.744	      0.014	      0.012	      0.004	
 2017/06/28	   1.067	   1.073	   1.048	   1.064	          36200	      1.060	      1.047	      1.041	      1.011	           	      0.000	    362.000	   1148.800	    809.385	      0.014	      0.012	      0.004	
 2017/06/29	   1.045	   1.077	   1.045	   1.067	         120100	      1.063	      1.050	      1.043	      1.012	           	      0.000	   1201.000	    772.600	    901.591	      0.014	      0.012	      0.004	
 2017/06/30	   1.063	   1.070	   1.053	   1.070	          42900	      1.066	      1.054	      1.045	      1.014	           	      0.000	    429.000	    742.800	    935.591	      0.015	      0.013	      0.004	
 2017/07/03	   1.068	   1.071	   1.062	   1.070	           1700	      1.068	      1.058	      1.047	      1.015	           	      0.000	     17.000	    709.000	    869.726	      0.015	      0.013	      0.003	
 2017/07/04	   1.053	   1.059	   1.053	   1.059	            600	      1.066	      1.061	      1.049	      1.015	           	      0.000	      6.000	    403.000	    869.026	      0.014	      0.013	      0.001	
 2017/07/05	   1.052	   1.068	   1.052	   1.068	           9000	      1.067	      1.063	      1.051	      1.016	           	      0.000	     90.000	    348.600	    748.700	      0.014	      0.014	      0.001	
 2017/07/06	   1.055	   1.079	   1.055	   1.079	         107000	      1.069	      1.066	      1.053	      1.018	           	      0.000	   1070.000	    322.400	    547.500	      0.014	      0.014	      0.001	
 2017/07/07	   1.063	   1.077	   1.063	   1.077	          13300	      1.071	      1.068	      1.054	      1.019	           	      0.000	    133.000	    263.200	    503.000	      0.015	      0.014	      0.001	
 2017/07/10	   1.077	   1.078	   1.072	   1.072	           8200	      1.071	      1.069	      1.055	      1.020	           	      0.000	     82.000	    276.200	    492.600	      0.014	      0.014	      0.000	
 2017/07/11	   1.081	   1.093	   1.073	   1.093	         151900	      1.078	      1.072	      1.058	      1.021	           	      0.000	   1519.000	    578.800	    490.900	      0.015	      0.014	      0.002	
 2017/07/12	   1.088	   1.093	   1.073	   1.093	         171900	      1.083	      1.075	      1.061	      1.022	           	      0.000	   1719.000	    904.600	    626.600	      0.016	      0.015	      0.003	
 2017/07/13	   1.090	   1.100	   1.068	   1.098	         275500	      1.087	      1.078	      1.064	      1.024	           	      0.000	   2755.000	   1241.600	    782.000	      0.017	      0.015	      0.004	
 2017/07/14	   1.097	   1.108	   1.090	   1.108	         115359	      1.093	      1.082	      1.068	      1.026	           	      0.000	   1153.590	   1445.718	    854.459	      0.018	      0.016	      0.005	
 2017/07/17	   1.106	   1.179	   1.083	   1.115	          86400	      1.101	      1.086	      1.072	      1.028	           	      0.000	    864.000	   1602.118	    939.159	      0.019	      0.016	      0.006	
 2017/07/18	   1.106	   1.109	   1.088	   1.109	         101100	      1.105	      1.091	      1.076	      1.030	           	      0.000	   1011.000	   1500.518	   1039.659	      0.020	      0.017	      0.005	
 2017/07/19	   1.110	   1.115	   1.091	   1.115	          48400	      1.109	      1.096	      1.080	      1.031	           	      0.000	    484.000	   1253.518	   1079.059	      0.020	      0.018	      0.005	
 2017/07/20	   1.112	   1.115	   1.111	   1.115	          39900	      1.112	      1.100	      1.083	      1.034	           	      0.000	    399.000	    782.318	   1011.959	      0.020	      0.018	      0.004	
 2017/07/21	   1.117	   1.118	   1.116	   1.116	          25100	      1.114	      1.103	      1.086	      1.036	           	      0.000	    251.000	    601.800	   1023.759	      0.020	      0.019	      0.003	
 2017/07/24	   1.101	   1.121	   1.101	   1.113	          33231	      1.114	      1.108	      1.088	      1.038	           	      0.000	    332.310	    495.462	   1048.790	      0.020	      0.019	      0.002	
 2017/07/25	   1.122	   1.124	   1.110	   1.119	          19031	      1.116	      1.110	      1.091	      1.040	           	      0.000	    190.310	    331.324	    915.921	      0.020	      0.019	      0.001	
 2017/07/26	   1.106	   1.120	   1.106	   1.112	           6100	      1.115	      1.112	      1.093	      1.042	           	      0.000	     61.000	    246.724	    750.121	      0.019	      0.019	     -0.000	
 2017/07/27	   1.112	   1.122	   1.102	   1.106	           1700	      1.113	      1.113	      1.095	      1.044	           	      0.000	     17.000	    170.324	    476.321	      0.017	      0.019	     -0.002	
 2017/07/28	   1.114	   1.117	   1.103	   1.109	          30000	      1.112	      1.113	      1.097	      1.046	           	      0.000	    300.000	    180.124	    390.962	      0.016	      0.018	     -0.004	
 2017/07/31	   1.097	   1.117	   1.097	   1.117	           5000	      1.113	      1.113	      1.100	      1.048	           	      0.000	     50.000	    123.662	    309.562	      0.016	      0.018	     -0.003	
 2017/08/01	   1.101	   1.139	   1.101	   1.138	          65662	      1.116	      1.116	      1.104	      1.050	           	      0.000	    656.620	    216.924	    274.124	      0.017	      0.018	     -0.001	
 2017/08/02	   1.115	   1.137	   1.115	   1.136	          60131	      1.121	      1.118	      1.107	      1.053	           	      0.000	    601.310	    324.986	    285.855	      0.018	      0.018	      0.000	
 2017/08/03	   1.134	   1.134	   1.115	   1.125	          34100	      1.125	      1.119	      1.109	      1.055	           	      0.000	    341.000	    389.786	    280.055	      0.017	      0.018	     -0.001	
 2017/08/04	   1.105	   1.129	   1.105	   1.123	          22500	      1.128	      1.120	      1.112	      1.058	           	      0.000	    225.000	    374.786	    277.455	      0.016	      0.017	     -0.002	
 2017/08/07	   1.088	   1.120	   1.088	   1.120	          46695	      1.128	      1.120	      1.114	      1.060	           	      0.000	    466.950	    458.176	    290.919	      0.015	      0.017	     -0.003	
 2017/08/08	   1.109	   1.117	   1.109	   1.117	          33395	      1.124	      1.120	      1.115	      1.062	           	      0.000	    333.950	    393.642	    305.283	      0.014	      0.016	     -0.005	
 2017/08/09	   1.105	   1.119	   1.105	   1.116	           7300	      1.120	      1.121	      1.116	      1.065	           	      0.000	     73.000	    287.980	    306.483	      0.013	      0.016	     -0.006	
 2017/08/10	   1.093	   1.116	   1.093	   1.105	           2431	      1.116	      1.121	      1.117	      1.066	           	      0.000	     24.310	    224.642	    307.214	      0.011	      0.015	     -0.008	
 2017/08/11	   1.099	   1.146	   1.080	   1.080	          56231	      1.108	      1.118	      1.115	      1.068	           	      0.000	    562.310	    292.104	    333.445	      0.007	      0.013	     -0.012	
 2017/08/14	   1.092	   1.092	   1.082	   1.090	           4231	      1.102	      1.115	      1.114	      1.070	           	      0.000	     42.310	    207.176	    332.676	      0.005	      0.012	     -0.013	
 2017/08/15	   1.090	   1.102	   1.088	   1.091	          62400	      1.096	      1.110	      1.113	      1.071	           	      0.000	    624.000	    265.186	    329.414	      0.003	      0.010	     -0.013	
 2017/08/16	   1.079	   1.096	   1.079	   1.096	            600	      1.092	      1.106	      1.112	      1.073	           	      0.000	      6.000	    251.786	    269.883	      0.002	      0.008	     -0.012	
 2017/08/17	   1.083	   1.104	   1.083	   1.104	            300	      1.092	      1.104	      1.112	      1.075	           	      0.000	      3.000	    247.524	    236.083	      0.002	      0.007	     -0.010	
 2017/08/18	   1.103	   1.132	   1.076	   1.129	          63931	      1.102	      1.105	      1.112	      1.077	           	      0.000	    639.310	    262.924	    277.514	      0.004	      0.007	     -0.005	
 2017/08/21	   1.090	   1.145	   1.090	   1.118	          71993	      1.108	      1.105	      1.113	      1.079	           	      0.000	    719.930	    398.448	    302.812	      0.005	      0.006	     -0.003	
 2017/08/22	   1.117	   1.148	   1.103	   1.143	          57151	      1.118	      1.107	      1.114	      1.081	           	      0.000	    571.510	    387.950	    326.568	      0.007	      0.006	      0.001	
 2017/08/23	   1.103	   1.140	   1.103	   1.138	         103351	      1.126	      1.109	      1.115	      1.083	           	      0.000	   1033.510	    593.452	    422.619	      0.008	      0.007	      0.003	
 2017/08/24	   1.128	   1.155	   1.118	   1.144	          71600	      1.134	      1.113	      1.117	      1.085	           	      0.000	    716.000	    736.052	    491.788	      0.010	      0.007	      0.005	
 2017/08/25	   1.130	   1.144	   1.115	   1.135	          30901	      1.136	      1.119	      1.118	      1.087	           	      0.000	    309.010	    669.992	    466.458	      0.010	      0.008	      0.004	
 2017/08/28	   1.130	   1.157	   1.128	   1.155	         207450	      1.143	      1.125	      1.120	      1.089	           	      0.000	   2074.500	    940.906	    669.677	      0.012	      0.009	      0.006	
 2017/08/29	   1.150	   1.151	   1.147	   1.149	          80432	      1.144	      1.131	      1.121	      1.091	           	      0.000	    804.320	    987.468	    687.709	      0.013	      0.009	      0.006	
 2017/08/30	   1.151	   1.160	   1.146	   1.158	         147513	      1.148	      1.137	      1.122	      1.093	           	      0.000	   1475.130	   1075.792	    834.622	      0.014	      0.010	      0.007	
 2017/08/31	   1.138	   1.150	   1.135	   1.148	          29100	      1.149	      1.142	      1.123	      1.095	           	      0.000	    291.000	    990.792	    863.422	      0.014	      0.011	      0.005	
 2017/09/01	   1.147	   1.150	   1.141	   1.150	          29500	      1.152	      1.144	      1.124	      1.097	           	      0.000	    295.000	    987.990	    828.991	      0.014	      0.012	      0.004	
 2017/09/04	   1.131	   1.145	   1.124	   1.145	          17516	      1.150	      1.146	      1.126	      1.098	           	      0.000	    175.160	    608.122	    774.514	      0.013	      0.012	      0.002	
 2017/09/05	   1.143	   1.150	   1.133	   1.148	          97529	      1.150	      1.147	      1.127	      1.100	           	      0.000	    975.290	    642.316	    814.892	      0.013	      0.012	      0.001	
 2017/09/06	   1.130	   1.148	   1.130	   1.148	          17700	      1.148	      1.148	      1.129	      1.102	           	      0.000	    177.000	    382.690	    729.241	      0.012	      0.012	      0.000	
 2017/09/07	   1.141	   1.144	   1.139	   1.143	           8500	      1.147	      1.148	      1.131	      1.104	           	      0.000	     85.000	    341.490	    666.141	      0.011	      0.012	     -0.001	
 2017/09/08	   1.143	   1.143	   1.143	   1.143	              0	      1.145	      1.149	      1.134	      1.106	           	      0.000	      0.000	    282.490	    635.240	      0.011	      0.012	     -0.002	
 2017/09/11	   1.136	   1.143	   1.127	   1.130	          32700	      1.142	      1.146	      1.136	      1.107	           	      0.000	    327.000	    312.858	    460.490	      0.009	      0.011	     -0.005	
 2017/09/12	   1.130	   1.143	   1.130	   1.131	          31040	      1.139	      1.144	      1.138	      1.109	           	      0.000	    310.400	    179.880	    411.098	      0.007	      0.010	     -0.006	
 2017/09/13	   1.140	   1.140	   1.131	   1.131	            240	      1.136	      1.142	      1.140	      1.110	           	      0.000	      2.400	    144.960	    263.825	      0.006	      0.010	     -0.007	
 2017/09/14	   1.131	   1.133	   1.123	   1.124	          18400	      1.132	      1.139	      1.140	      1.112	           	      0.000	    184.000	    164.760	    253.125	      0.005	      0.009	     -0.008	
 2017/09/15	   1.123	   1.138	   1.110	   1.130	          63700	      1.129	      1.137	      1.141	      1.113	           	      0.000	    637.000	    292.160	    287.325	      0.004	      0.008	     -0.008	
 2017/09/18	   1.114	   1.133	   1.114	   1.129	          32365	      1.129	      1.136	      1.141	      1.114	           	      0.000	    323.650	    291.490	    302.174	      0.003	      0.007	     -0.007	
 2017/09/19	   1.123	   1.125	   1.120	   1.120	           4200	      1.127	      1.133	      1.140	      1.115	           	      0.000	     42.000	    237.810	    208.845	      0.002	      0.006	     -0.008	
 2017/09/20	   1.114	   1.123	   1.114	   1.118	          61505	      1.124	      1.130	      1.139	      1.116	           	      0.000	    615.050	    360.340	    252.650	      0.000	      0.005	     -0.008	
 2017/09/21	   1.105	   1.122	   1.105	   1.122	          11100	      1.124	      1.128	      1.138	      1.117	           	      0.000	    111.000	    345.740	    255.250	     -0.000	      0.004	     -0.008	
 2017/09/22	   1.107	   1.127	   1.107	   1.120	          32000	      1.122	      1.125	      1.137	      1.118	           	      0.000	    320.000	    282.340	    287.250	     -0.001	      0.003	     -0.007	
 2017/09/25	   1.107	   1.120	   1.107	   1.120	          21740	      1.120	      1.125	      1.135	      1.118	           	      0.000	    217.400	    261.090	    276.290	     -0.001	      0.002	     -0.007	
 2017/09/26	   1.119	   1.120	   1.109	   1.120	           1100	      1.120	      1.123	      1.134	      1.119	           	      0.000	     11.000	    254.890	    246.350	     -0.002	      0.001	     -0.006	
 2017/09/27	   1.125	   1.125	   1.119	   1.119	           2100	      1.120	      1.122	      1.132	      1.120	           	      0.000	     21.000	    136.080	    248.210	     -0.002	      0.001	     -0.005	
 2017/09/28	   1.123	   1.127	   1.115	   1.127	           1600	      1.121	      1.122	      1.131	      1.121	           	      0.000	     16.000	    117.080	    231.410	     -0.002	      0.000	     -0.004	
 2017/09/29	   1.127	   1.137	   1.118	   1.120	          35901	      1.121	      1.122	      1.129	      1.122	           	      0.000	    359.010	    124.882	    203.611	     -0.002	     -0.000	     -0.003	
 2017/10/09	   1.139	   1.147	   1.122	   1.135	          28840	      1.124	      1.122	      1.129	      1.123	           	      0.000	    288.400	    139.082	    200.086	     -0.001	     -0.000	     -0.001	
 2017/10/10	   1.128	   1.132	   1.112	   1.132	          19000	      1.127	      1.123	      1.128	      1.123	           	      0.000	    190.000	    174.882	    214.886	     -0.000	     -0.000	      0.000	
 2017/10/11	   1.131	   1.134	   1.121	   1.133	         221284	      1.129	      1.125	      1.127	      1.124	           	      0.000	   2212.840	    613.250	    374.665	      0.000	     -0.000	      0.001	
 2017/10/12	   1.132	   1.142	   1.123	   1.142	          58600	      1.132	      1.127	      1.127	      1.125	           	      0.000	    586.000	    727.250	    422.165	      0.001	     -0.000	      0.003	
 2017/10/13	   1.134	   1.140	   1.132	   1.136	          43500	      1.136	      1.128	      1.127	      1.125	           	      0.000	    435.000	    742.448	    433.665	      0.002	      0.000	      0.003	
 2017/10/16	   1.115	   1.147	   1.115	   1.135	          66427	      1.136	      1.130	      1.127	      1.126	           	      0.000	    664.270	    817.622	    478.352	      0.002	      0.001	      0.003	
 2017/10/17	   1.135	   1.140	   1.119	   1.138	          28826	      1.137	      1.132	      1.128	      1.126	           	      0.000	    288.260	    837.274	    506.078	      0.002	      0.001	      0.003	
 2017/10/18	   1.133	   1.145	   1.133	   1.145	         109555	      1.139	      1.134	      1.128	      1.127	           	      0.000	   1095.550	    613.816	    613.533	      0.003	      0.001	      0.003	
 2017/10/19	   1.143	   1.143	   1.135	   1.143	         206100	      1.139	      1.136	      1.129	      1.127	           	      0.000	   2061.000	    908.816	    818.033	      0.004	      0.002	      0.003	
 2017/10/20	   1.142	   1.143	   1.134	   1.141	          27100	      1.140	      1.138	      1.130	      1.128	           	      0.000	    271.000	    876.016	    809.232	      0.004	      0.002	      0.003	
 2017/10/23	   1.140	   1.143	   1.139	   1.143	          21900	      1.142	      1.139	      1.130	      1.128	           	      0.000	    219.000	    786.962	    802.292	      0.004	      0.003	      0.003	
 2017/10/24	   1.146	   1.155	   1.146	   1.154	          24700	      1.145	      1.141	      1.132	      1.129	           	      0.000	    247.000	    778.710	    807.992	      0.005	      0.003	      0.004	
 2017/10/25	   1.158	   1.158	   1.126	   1.154	          11400	      1.147	      1.143	      1.134	      1.129	           	      0.000	    114.000	    582.400	    598.108	      0.006	      0.004	      0.004	
 2017/10/26	   1.150	   1.163	   1.138	   1.161	         209751	      1.151	      1.145	      1.136	      1.130	           	      0.000	   2097.510	    589.702	    749.259	      0.007	      0.004	      0.005	
 2017/10/27	   1.160	   1.170	   1.160	   1.161	          80020	      1.155	      1.148	      1.138	      1.131	           	      0.000	    800.200	    695.542	    785.779	      0.008	      0.005	      0.005	
 2017/10/30	   1.164	   1.175	   1.156	   1.171	          89900	      1.160	      1.151	      1.140	      1.132	           	      0.000	    899.000	    831.542	    809.252	      0.009	      0.006	      0.006	
 2017/10/31	   1.170	   1.172	   1.163	   1.164	          24400	      1.162	      1.154	      1.143	      1.132	           	      0.000	    244.000	    830.942	    804.826	      0.009	      0.006	      0.006	
 2017/11/01	   1.165	   1.173	   1.164	   1.164	          29600	      1.164	      1.156	      1.145	      1.133	           	      0.000	    296.000	    867.342	    724.871	      0.009	      0.007	      0.005	
 2017/11/02	   1.164	   1.164	   1.162	   1.162	          31700	      1.164	      1.158	      1.147	      1.134	           	      0.000	    317.000	    511.240	    550.471	      0.009	      0.007	      0.004	
 2017/11/03	   1.161	   1.161	   1.151	   1.161	           4200	      1.164	      1.160	      1.149	      1.134	           	      0.000	     42.000	    359.600	    527.571	      0.009	      0.008	      0.002	
 2017/11/06	   1.161	   1.162	   1.145	   1.161	           1631	      1.162	      1.161	      1.150	      1.135	           	      0.000	     16.310	    183.062	    507.302	      0.009	      0.008	      0.001	
 2017/11/07	   1.161	   1.179	   1.161	   1.176	          51044	      1.165	      1.164	      1.152	      1.136	           	      0.000	    510.440	    236.350	    533.646	      0.010	      0.008	      0.003	
 2017/11/08	   1.182	   1.182	   1.170	   1.170	          36700	      1.166	      1.165	      1.154	      1.137	           	      0.000	    367.000	    250.550	    558.946	      0.010	      0.009	      0.002	
 2017/11/09	   1.169	   1.172	   1.166	   1.172	           9300	      1.168	      1.166	      1.156	      1.138	           	      0.000	     93.000	    205.750	    358.495	      0.010	      0.009	      0.002	
 2017/11/10	   1.178	   1.185	   1.164	   1.183	          77491	      1.172	      1.168	      1.158	      1.140	           	      0.000	    774.910	    352.332	    355.966	      0.011	      0.009	      0.003	
 2017/11/13	   1.185	   1.196	   1.173	   1.195	          37400	      1.179	      1.171	      1.161	      1.141	           	      0.000	    374.000	    423.870	    303.466	      0.012	      0.010	      0.005	
 2017/11/14	   1.191	   1.191	   1.172	   1.191	           5100	      1.182	      1.174	      1.164	      1.143	           	      0.000	     51.000	    331.982	    284.166	      0.013	      0.010	      0.005	
 2017/11/15	   1.188	   1.188	   1.171	   1.180	           3400	      1.184	      1.175	      1.165	      1.144	           	      0.000	     34.000	    265.382	    257.966	      0.012	      0.011	      0.003	
 2017/11/16	   1.179	   1.185	   1.178	   1.185	           4000	      1.187	      1.177	      1.167	      1.146	           	      0.000	     40.000	    254.782	    230.266	      0.012	      0.011	      0.002	
 2017/11/17	   1.188	   1.210	   1.188	   1.195	         565205	      1.189	      1.181	      1.170	      1.147	           	      0.000	   5652.050	   1230.210	    791.271	      0.013	      0.011	      0.003	
 2017/11/20	   1.191	   1.218	   1.191	   1.218	         178371	      1.194	      1.186	      1.174	      1.148	           	      0.000	   1783.710	   1512.152	    968.011	      0.015	      0.012	      0.006	
 2017/11/21	   1.217	   1.258	   1.217	   1.237	         326759	      1.203	      1.193	      1.178	      1.150	           	      0.000	   3267.590	   2155.470	   1243.726	      0.018	      0.013	      0.009	
 2017/11/22	   1.250	   1.269	   1.236	   1.250	          37800	      1.217	      1.201	      1.183	      1.152	           	      0.000	    378.000	   2224.270	   1244.826	      0.021	      0.015	      0.013	
 2017/11/23	   1.242	   1.259	   1.208	   1.210	          48800	      1.222	      1.204	      1.185	      1.153	           	      0.000	    488.000	   2313.870	   1284.326	      0.020	      0.016	      0.009	
 2017/11/24	   1.210	   1.216	   1.186	   1.216	          28800	      1.226	      1.208	      1.188	      1.154	           	      0.000	    288.000	   1241.060	   1235.635	      0.020	      0.017	      0.006	
 2017/11/27	   1.219	   1.219	   1.190	   1.211	          29600	      1.225	      1.209	      1.190	      1.155	           	      0.000	    296.000	    943.518	   1227.835	      0.019	      0.017	      0.003	
 2017/11/28	   1.205	   1.205	   1.198	   1.204	           5000	      1.218	      1.211	      1.192	      1.156	           	      0.000	     50.000	    300.000	   1227.735	      0.017	      0.017	      0.000	
 2017/11/29	   1.202	   1.288	   1.183	   1.277	          10500	      1.224	      1.220	      1.198	      1.158	           	      0.000	    105.000	    245.400	   1234.835	      0.022	      0.018	      0.007	
 2017/11/30	   1.200	   1.269	   1.200	   1.269	          52400	      1.235	      1.229	      1.203	      1.160	           	      0.000	    524.000	    252.600	   1283.235	      0.024	      0.019	      0.010	
 2017/12/01	   1.236	   1.266	   1.236	   1.236	          17500	      1.239	      1.233	      1.207	      1.162	           	      0.000	    175.000	    230.000	    735.530	      0.023	      0.020	      0.006	
 2017/12/04	   1.236	   1.236	   1.196	   1.225	          17800	      1.242	      1.234	      1.210	      1.163	           	      0.000	    178.000	    206.400	    574.959	      0.021	      0.020	      0.002	
 2017/12/05	   1.197	   1.227	   1.197	   1.227	          18031	      1.247	      1.232	      1.213	      1.164	           	      0.000	    180.310	    232.462	    266.231	      0.020	      0.020	     -0.001	
 2017/12/06	   1.199	   1.223	   1.179	   1.202	          22431	      1.232	      1.228	      1.214	      1.165	           	      0.000	    224.310	    256.324	    250.862	      0.017	      0.020	     -0.006	
 2017/12/07	   1.189	   1.196	   1.184	   1.188	           1400	      1.216	      1.225	      1.215	      1.166	           	      0.000	     14.000	    154.324	    203.462	      0.013	      0.018	     -0.011	
 2017/12/08	   1.178	   1.235	   1.178	   1.226	          28221	      1.214	      1.227	      1.217	      1.167	           	      0.000	    282.210	    175.766	    202.883	      0.012	      0.017	     -0.009	
 2017/12/11	   1.193	   1.247	   1.193	   1.226	           5871	      1.214	      1.228	      1.219	      1.169	           	      0.000	     58.710	    151.908	    179.154	      0.012	      0.016	     -0.008	
 2017/12/12	   1.222	   1.222	   1.202	   1.219	           1800	      1.212	      1.229	      1.220	      1.170	           	      0.000	     18.000	    119.446	    175.954	      0.011	      0.015	     -0.008	
 2017/12/13	   1.181	   1.283	   1.181	   1.202	           8171	      1.212	      1.222	      1.221	      1.172	           	      0.000	     81.710	     90.926	    173.625	      0.009	      0.014	     -0.010	
 2017/12/14	   1.202	   1.232	   1.202	   1.212	           4300	      1.217	      1.216	      1.222	      1.173	           	      0.000	     43.000	     96.726	    125.525	      0.008	      0.013	     -0.010	
 2017/12/15	   1.230	   1.230	   1.226	   1.226	           1300	      1.217	      1.215	      1.224	      1.175	           	      0.000	     13.000	     42.884	    109.325	      0.008	      0.012	     -0.007	
 2017/12/18	   1.230	   1.230	   1.193	   1.225	           1200	      1.217	      1.215	      1.224	      1.176	           	      0.000	     12.000	     33.542	     92.725	      0.008	      0.011	     -0.006	
 2017/12/19	   1.190	   1.260	   1.190	   1.257	          25721	      1.224	      1.218	      1.225	      1.179	           	      0.000	    257.210	     81.384	    100.415	      0.010	      0.011	     -0.001	
 2017/12/20	   1.227	   1.227	   1.203	   1.215	           1500	      1.227	      1.220	      1.224	      1.180	           	      0.000	     15.000	     68.042	     79.484	      0.009	      0.010	     -0.003	
 2017/12/21	   1.210	   1.213	   1.210	   1.213	           4500	      1.227	      1.222	      1.224	      1.182	           	      0.000	     45.000	     68.442	     82.584	      0.007	      0.010	     -0.005	
 2017/12/22	   1.197	   1.212	   1.197	   1.202	           4071	      1.222	      1.220	      1.223	      1.183	           	      0.000	     40.710	     73.984	     58.434	      0.005	      0.009	     -0.007	
 2017/12/25	   1.202	   1.212	   1.202	   1.211	          13500	      1.220	      1.218	      1.223	      1.185	           	      0.000	    135.000	     98.584	     66.063	      0.004	      0.008	     -0.007	
 2017/12/26	   1.250	   1.250	   1.200	   1.230	           3500	      1.214	      1.219	      1.224	      1.186	           	      0.000	     35.000	     54.142	     67.763	      0.005	      0.007	     -0.005	
 2017/12/27	   1.227	   1.227	   1.187	   1.201	           9200	      1.211	      1.219	      1.221	      1.188	           	      0.000	     92.000	     69.542	     68.792	      0.003	      0.007	     -0.007	
 2017/12/28	   1.201	   1.202	   1.174	   1.200	           6400	      1.209	      1.218	      1.217	      1.189	           	      0.000	     64.000	     73.342	     70.892	      0.002	      0.006	     -0.008	
 2017/12/29	   1.185	   1.199	   1.182	   1.199	          25124	      1.208	      1.215	      1.215	      1.190	           	      0.000	    251.240	    115.448	     94.716	      0.000	      0.004	     -0.008	
 2018/01/02	   1.197	   1.222	   1.191	   1.219	          39565	      1.210	      1.215	      1.215	      1.192	           	      0.000	    395.650	    167.578	    133.081	      0.001	      0.004	     -0.006	
 2018/01/03	   1.210	   1.218	   1.208	   1.217	          39300	      1.207	      1.211	      1.214	      1.193	           	      0.000	    393.000	    239.178	    146.660	      0.001	      0.003	     -0.004	
 2018/01/04	   1.252	   1.252	   1.210	   1.212	          58200	      1.209	      1.210	      1.215	      1.194	           	      0.000	    582.000	    337.178	    203.360	      0.001	      0.003	     -0.004	
 2018/01/05	   1.224	   1.224	   1.214	   1.223	          14200	      1.214	      1.211	      1.217	      1.196	           	      0.000	    142.000	    352.778	    213.060	      0.002	      0.003	     -0.002	
 2018/01/08	   1.250	   1.250	   1.201	   1.242	          34000	      1.223	      1.215	      1.218	      1.198	           	      0.000	    340.000	    370.530	    242.989	      0.004	      0.003	      0.002	
 2018/01/09	   1.215	   1.239	   1.210	   1.220	          16700	      1.223	      1.216	      1.217	      1.199	           	      0.000	    167.000	    324.800	    246.189	      0.003	      0.003	      0.001	
 2018/01/10	   1.230	   1.230	   1.211	   1.219	          40100	      1.223	      1.215	      1.217	      1.200	           	      0.000	    401.000	    326.400	    282.789	      0.003	      0.003	      0.001	
 2018/01/11	   1.217	   1.222	   1.202	   1.220	         114900	      1.225	      1.217	      1.218	      1.202	           	      0.000	   1149.000	    439.800	    388.489	      0.003	      0.003	      0.000	
 2018/01/12	   1.222	   1.227	   1.206	   1.227	          71518	      1.226	      1.220	      1.219	      1.203	           	      0.000	    715.180	    554.436	    453.607	      0.003	      0.003	      0.001	
 2018/01/15	   1.228	   1.239	   1.224	   1.238	         201565	      1.225	      1.224	      1.220	      1.205	           	      0.000	   2015.650	    889.566	    630.048	      0.005	      0.003	      0.002	
 2018/01/16	   1.246	   1.250	   1.241	   1.250	         356980	      1.231	      1.227	      1.221	      1.206	           	      0.000	   3569.800	   1570.126	    947.463	      0.006	      0.004	      0.005	
 2018/01/17	   1.246	   1.272	   1.246	   1.259	         245231	      1.239	      1.231	      1.221	      1.208	           	      0.000	   2452.310	   1980.388	   1153.394	      0.008	      0.005	      0.007	
 2018/01/18	   1.260	   1.265	   1.254	   1.264	         248377	      1.248	      1.236	      1.223	      1.210	           	      0.000	   2483.770	   2247.342	   1343.571	      0.010	      0.006	      0.009	
 2018/01/19	   1.264	   1.288	   1.264	   1.270	         180200	      1.256	      1.241	      1.226	      1.212	           	      0.000	   1802.000	   2464.706	   1509.571	      0.012	      0.007	      0.010	
 2018/01/22	   1.280	   1.280	   1.260	   1.265	          94700	      1.262	      1.243	      1.229	      1.213	           	      0.000	    947.000	   2250.976	   1570.271	      0.013	      0.008	      0.009	
 2018/01/23	   1.269	   1.285	   1.265	   1.285	         449808	      1.269	      1.250	      1.233	      1.215	           	      0.000	   4498.080	   2436.632	   2003.379	      0.015	      0.010	      0.011	
 2018/01/24	   1.282	   1.295	   1.282	   1.286	         138700	      1.274	      1.256	      1.236	      1.217	           	      0.000	   1387.000	   2223.570	   2101.979	      0.017	      0.011	      0.011	
 2018/01/25	   1.286	   1.286	   1.265	   1.273	          64640	      1.276	      1.262	      1.239	      1.219	           	      0.000	    646.400	   1856.096	   2051.719	      0.017	      0.012	      0.009	
 2018/01/26	   1.272	   1.285	   1.272	   1.285	          60976	      1.279	      1.268	      1.244	      1.221	           	      0.000	    609.760	   1617.648	   2041.177	      0.018	      0.013	      0.009	
 2018/01/29	   1.281	   1.288	   1.253	   1.260	         170540	      1.278	      1.270	      1.247	      1.223	           	      0.000	   1705.400	   1769.328	   2010.152	      0.016	      0.014	      0.004	
 2018/01/30	   1.260	   1.267	   1.257	   1.264	          14540	      1.274	      1.271	      1.249	      1.225	           	      0.000	    145.400	    898.792	   1667.712	      0.015	      0.014	      0.002	
 2018/01/31	   1.248	   1.280	   1.248	   1.270	          14300	      1.270	      1.272	      1.252	      1.226	           	      0.000	    143.000	    649.992	   1436.781	      0.014	      0.014	      0.000	
 2018/02/01	   1.288	   1.290	   1.258	   1.263	          93718	      1.268	      1.272	      1.254	      1.228	           	      0.000	    937.180	    708.148	   1282.122	      0.013	      0.014	     -0.001	
 2018/02/02	   1.259	   1.288	   1.234	   1.278	        1069418	      1.267	      1.273	      1.257	      1.230	           	      0.000	  10694.180	   2725.032	   2171.340	      0.013	      0.014	     -0.001	
 2018/02/05	   1.279	   1.285	   1.265	   1.284	         127877	      1.272	      1.275	      1.259	      1.231	           	      0.000	   1278.770	   2639.706	   2204.517	      0.014	      0.014	     -0.000	
 2018/02/06	   1.284	   1.284	   1.246	   1.280	         152600	      1.275	      1.274	      1.262	      1.233	           	      0.000	   1526.000	   2915.826	   1907.309	      0.014	      0.014	     -0.000	
 2018/02/07	   1.277	   1.280	   1.205	   1.254	         260259	      1.272	      1.271	      1.264	      1.234	           	      0.000	   2602.590	   3407.744	   2028.868	      0.011	      0.013	     -0.004	
 2018/02/08	   1.216	   1.250	   1.193	   1.210	         292800	      1.261	      1.265	      1.263	      1.234	           	      0.000	   2928.000	   3805.908	   2257.028	      0.006	      0.012	     -0.012	
 2018/02/09	   1.194	   1.194	   1.130	   1.167	         228931	      1.239	      1.253	      1.260	      1.234	           	      0.000	   2289.310	   2124.934	   2424.983	     -0.002	      0.009	     -0.022	
 2018/02/12	   1.136	   1.230	   1.136	   1.174	         101934	      1.217	      1.244	      1.257	      1.234	           	      0.000	   1019.340	   2073.048	   2356.377	     -0.007	      0.006	     -0.026	
 2018/02/13	   1.173	   1.173	   1.131	   1.131	         197700	      1.187	      1.231	      1.251	      1.232	           	      0.000	   1977.000	   2163.248	   2539.537	     -0.015	      0.002	     -0.033	
 2018/02/14	   1.133	   1.163	   1.133	   1.162	         112536	      1.169	      1.220	      1.246	      1.231	           	      0.000	   1125.360	   1867.802	   2637.773	     -0.018	     -0.002	     -0.032	
 2018/02/22	   1.189	   1.189	   1.175	   1.179	         143200	      1.163	      1.212	      1.242	      1.230	           	      0.000	   1432.000	   1568.602	   2687.255	     -0.019	     -0.006	     -0.027	
 2018/02/23	   1.190	   1.194	   1.175	   1.193	         204131	      1.168	      1.203	      1.238	      1.229	           	      0.000	   2041.310	   1519.002	   1821.968	     -0.019	     -0.008	     -0.021	
 2018/02/26	   1.193	   1.288	   1.190	   1.229	         311936	      1.179	      1.198	      1.236	      1.230	           	      0.000	   3119.360	   1939.006	   2006.027	     -0.015	     -0.010	     -0.011	
 2018/02/27	   1.222	   1.224	   1.190	   1.190	         305300	      1.191	      1.189	      1.232	      1.229	           	      0.000	   3053.000	   2154.206	   2158.727	     -0.016	     -0.011	     -0.009	
 2018/02/28	   1.190	   1.190	   1.164	   1.180	         118036	      1.194	      1.181	      1.226	      1.229	           	      0.000	   1180.360	   2165.206	   2016.504	     -0.016	     -0.012	     -0.009	
 2018/03/01	   1.186	   1.186	   1.164	   1.180	          84536	      1.194	      1.178	      1.222	      1.227	           	      0.000	    845.360	   2047.878	   1808.240	     -0.017	     -0.013	     -0.008	
 2018/03/02	   1.176	   1.176	   1.165	   1.175	          68900	      1.191	      1.179	      1.216	      1.226	           	      0.000	    689.000	   1777.416	   1648.209	     -0.017	     -0.014	     -0.007	
 2018/03/05	   1.163	   1.172	   1.161	   1.162	          96897	      1.177	      1.178	      1.211	      1.224	           	      0.000	    968.970	   1347.338	   1643.172	     -0.019	     -0.015	     -0.008	
 2018/03/06	   1.168	   1.179	   1.162	   1.177	          75497	      1.175	      1.183	      1.207	      1.224	           	      0.000	    754.970	    887.732	   1520.969	     -0.018	     -0.016	     -0.005	
 2018/03/07	   1.175	   1.185	   1.174	   1.180	         125400	      1.175	      1.184	      1.202	      1.223	           	      0.000	   1254.000	    902.460	   1533.833	     -0.018	     -0.016	     -0.003	
 2018/03/08	   1.180	   1.182	   1.172	   1.180	          88200	      1.175	      1.185	      1.198	      1.222	           	      0.000	    882.000	    909.788	   1478.833	     -0.017	     -0.016	     -0.001	
 2018/03/09	   1.272	   1.272	   1.180	   1.189	          73200	      1.178	      1.184	      1.194	      1.222	           	      0.000	    732.000	    918.388	   1347.902	     -0.015	     -0.016	      0.002	
 2018/03/12	   1.192	   1.195	   1.185	   1.193	          72200	      1.184	      1.181	      1.189	      1.222	           	      0.000	    722.000	    868.994	   1108.166	     -0.013	     -0.015	      0.004	
 2018/03/13	   1.193	   1.193	   1.176	   1.183	          80300	      1.185	      1.180	      1.184	      1.221	           	      0.000	    803.000	    878.600	    883.166	     -0.013	     -0.015	      0.004	
 2018/03/14	   1.180	   1.180	   1.168	   1.178	          27000	      1.185	      1.180	      1.181	      1.221	           	      0.000	    270.000	    681.800	    792.130	     -0.012	     -0.014	      0.004	
 2018/03/15	   1.171	   1.184	   1.162	   1.181	          15300	      1.185	      1.180	      1.179	      1.220	           	      0.000	    153.000	    536.000	    722.894	     -0.012	     -0.014	      0.004	
 2018/03/16	   1.176	   1.185	   1.176	   1.180	          26100	      1.183	      1.180	      1.180	      1.220	           	      0.000	    261.000	    441.800	    680.094	     -0.011	     -0.013	      0.004	
 2018/03/19	   1.172	   1.184	   1.168	   1.178	          58600	      1.180	      1.182	      1.180	      1.219	           	      0.000	    586.000	    414.600	    641.797	     -0.011	     -0.013	      0.004	
 2018/03/20	   1.176	   1.185	   1.174	   1.185	          98600	      1.180	      1.183	      1.183	      1.218	           	      0.000	    986.000	    451.200	    664.900	     -0.010	     -0.012	      0.005	
 2018/03/21	   1.185	   1.197	   1.185	   1.189	          58600	      1.183	      1.184	      1.184	      1.217	           	      0.000	    586.000	    514.400	    598.100	     -0.009	     -0.012	      0.006	
 2018/03/22	   1.189	   1.198	   1.172	   1.186	           5300	      1.184	      1.184	      1.184	      1.217	           	      0.000	     53.000	    494.400	    515.200	     -0.008	     -0.011	      0.006	
 2018/03/23	   1.184	   1.184	   1.132	   1.178	         129500	      1.183	      1.183	      1.184	      1.216	           	      0.000	   1295.000	    701.200	    571.500	     -0.008	     -0.010	      0.005	
 2018/03/26	   1.136	   1.180	   1.118	   1.169	         382731	      1.181	      1.181	      1.181	      1.215	           	      0.000	   3827.310	   1349.462	    882.031	     -0.008	     -0.010	      0.003	
 2018/03/27	   1.137	   1.179	   1.130	   1.163	         274900	      1.177	      1.179	      1.179	      1.215	           	      0.000	   2749.000	   1702.062	   1076.631	     -0.009	     -0.010	      0.001	
 2018/03/28	   1.137	   1.149	   1.102	   1.102	         234331	      1.160	      1.171	      1.175	      1.212	           	      0.000	   2343.310	   2053.524	   1283.962	     -0.015	     -0.011	     -0.008	
 2018/03/29	   1.150	   1.150	   1.110	   1.126	          24300	      1.148	      1.166	      1.173	      1.211	           	      0.000	    243.000	   2091.524	   1292.962	     -0.017	     -0.012	     -0.010	
 2018/03/30	   1.133	   1.133	   1.093	   1.126	          36000	      1.137	      1.160	      1.170	      1.210	           	      0.000	    360.000	   1904.524	   1302.862	     -0.018	     -0.013	     -0.010	
 2018/04/02	   1.120	   1.123	   1.112	   1.114	         116700	      1.126	      1.154	      1.168	      1.209	           	      0.000	   1167.000	   1372.462	   1360.962	     -0.020	     -0.015	     -0.011	
 2018/04/03	   1.109	   1.109	   1.096	   1.109	         167400	      1.115	      1.146	      1.164	      1.207	           	      0.000	   1674.000	   1157.462	   1429.762	     -0.022	     -0.016	     -0.012	
 2018/04/04	   1.113	   1.115	   1.111	   1.113	          48000	      1.118	      1.139	      1.161	      1.205	           	      0.000	    480.000	    784.800	   1419.162	     -0.023	     -0.017	     -0.010	
 2018/04/09	   1.106	   1.119	   1.100	   1.110	          35000	      1.114	      1.131	      1.158	      1.203	           	      0.000	    350.000	    806.200	   1448.862	     -0.023	     -0.019	     -0.009	
 2018/04/10	   1.109	   1.133	   1.109	   1.133	         191484	      1.116	      1.127	      1.155	      1.202	           	      0.000	   1914.840	   1117.168	   1510.846	     -0.022	     -0.019	     -0.005	
 2018/04/11	   1.133	   1.140	   1.125	   1.140	          70900	      1.121	      1.124	      1.152	      1.200	           	      0.000	    709.000	   1025.568	   1199.015	     -0.019	     -0.019	     -0.000	
 2018/04/12	   1.126	   1.129	   1.126	   1.127	          20031	      1.125	      1.120	      1.149	      1.199	           	      0.000	    200.310	    730.830	    944.146	     -0.019	     -0.019	      0.001	
 2018/04/13	   1.132	   1.132	   1.110	   1.122	          51000	      1.126	      1.122	      1.147	      1.197	           	      0.000	    510.000	    736.830	    760.815	     -0.018	     -0.019	      0.002	
 2018/04/16	   1.115	   1.115	   1.100	   1.101	          24500	      1.125	      1.120	      1.143	      1.195	           	      0.000	    245.000	    715.830	    761.015	     -0.019	     -0.019	     -0.001	
 2018/04/17	   1.093	   1.093	   1.090	   1.090	          13000	      1.116	      1.116	      1.138	      1.193	           	      0.000	    130.000	    358.862	    738.015	     -0.021	     -0.019	     -0.003	
 2018/04/18	   1.103	   1.103	   1.079	   1.079	          21900	      1.104	      1.112	      1.133	      1.190	           	      0.000	    219.000	    260.862	    643.215	     -0.023	     -0.020	     -0.005	
 2018/04/19	   1.093	   1.103	   1.093	   1.098	           6200	      1.098	      1.111	      1.129	      1.188	           	      0.000	     62.000	    233.200	    482.015	     -0.022	     -0.020	     -0.004	
 2018/04/20	   1.091	   1.105	   1.081	   1.081	           7584	      1.090	      1.108	      1.123	      1.185	           	      0.000	     75.840	    146.368	    441.599	     -0.023	     -0.021	     -0.004	
 2018/04/23	   1.095	   1.095	   1.081	   1.093	          32703	      1.088	      1.106	      1.119	      1.182	           	      0.000	    327.030	    162.774	    439.302	     -0.023	     -0.021	     -0.003	
 2018/04/24	   1.100	   1.115	   1.093	   1.102	          22600	      1.091	      1.103	      1.115	      1.179	           	      0.000	    226.000	    181.974	    270.418	     -0.021	     -0.021	      0.000	
 2018/04/25	   1.101	   1.101	   1.100	   1.100	           2300	      1.095	      1.099	      1.111	      1.176	           	      0.000	     23.000	    142.774	    201.818	     -0.020	     -0.021	      0.002	
 2018/04/26	   1.089	   1.089	   1.080	   1.085	           3200	      1.092	      1.095	      1.108	      1.173	           	      0.000	     32.000	    136.774	    184.987	     -0.020	     -0.021	      0.002	
 2018/04/27	   1.084	   1.093	   1.079	   1.091	           5500	      1.094	      1.092	      1.107	      1.170	           	      0.000	     55.000	    132.606	    139.487	     -0.019	     -0.021	      0.002	
 2018/05/02	   1.091	   1.111	   1.091	   1.111	          10800	      1.098	      1.093	      1.106	      1.167	           	      0.000	    108.000	     88.800	    125.787	     -0.017	     -0.020	      0.006	
 2018/05/03	   1.112	   1.112	   1.083	   1.110	          19000	      1.099	      1.095	      1.105	      1.164	           	      0.000	    190.000	     81.600	    131.787	     -0.015	     -0.019	      0.008	
 2018/05/04	   1.094	   1.108	   1.094	   1.108	           3500	      1.101	      1.098	      1.105	      1.161	           	      0.000	     35.000	     84.000	    113.387	     -0.013	     -0.018	      0.009	
 2018/05/07	   1.088	   1.107	   1.060	   1.107	         134900	      1.105	      1.099	      1.105	      1.159	           	      0.000	   1349.000	    347.400	    242.087	     -0.012	     -0.017	      0.009	
 2018/05/08	   1.107	   1.117	   1.104	   1.114	          15600	      1.110	      1.102	      1.105	      1.156	           	      0.000	    156.000	    367.600	    250.103	     -0.010	     -0.015	      0.010	
 2018/05/09	   1.111	   1.118	   1.108	   1.112	          19300	      1.110	      1.104	      1.105	      1.154	           	      0.000	    193.000	    384.600	    236.700	     -0.009	     -0.014	      0.010	
 2018/05/10	   1.121	   1.121	   1.098	   1.112	          10468	      1.111	      1.105	      1.104	      1.151	           	      0.000	    104.680	    367.536	    224.568	     -0.008	     -0.013	      0.010	
 2018/05/11	   1.112	   1.116	   1.094	   1.112	          44700	      1.111	      1.106	      1.103	      1.148	           	      0.000	    447.000	    449.936	    266.968	     -0.007	     -0.012	      0.009	
 2018/05/14	   1.112	   1.117	   1.112	   1.115	          12900	      1.113	      1.109	      1.102	      1.145	           	      0.000	    129.000	    205.936	    276.668	     -0.006	     -0.011	      0.009	
 2018/05/15	   1.114	   1.121	   1.111	   1.121	          12400	      1.114	      1.112	      1.102	      1.143	           	      0.000	    124.000	    199.536	    283.568	     -0.005	     -0.009	      0.010	
 2018/05/16	   1.123	   1.123	   1.113	   1.113	            300	      1.115	      1.112	      1.103	      1.141	           	      0.000	      3.000	    161.536	    273.068	     -0.004	     -0.008	      0.008	
 2018/05/17	   1.121	   1.121	   1.101	   1.101	          33100	      1.112	      1.112	      1.103	      1.140	           	      0.000	    331.000	    206.800	    287.168	     -0.005	     -0.008	      0.006	
 2018/05/18	   1.110	   1.112	   1.110	   1.112	          27500	      1.112	      1.112	      1.105	      1.139	           	      0.000	    275.000	    172.400	    311.168	     -0.004	     -0.007	      0.006	
 2018/05/21	   1.119	   1.129	   1.119	   1.125	           1900	      1.114	      1.114	      1.106	      1.139	           	      0.000	     19.000	    150.400	    178.168	     -0.003	     -0.006	      0.007	
 2018/05/22	   1.123	   1.123	   1.116	   1.116	           5500	      1.113	      1.114	      1.108	      1.138	           	      0.000	     55.000	    136.600	    168.068	     -0.002	     -0.005	      0.006	
 2018/05/23	   1.115	   1.117	   1.105	   1.105	           8100	      1.112	      1.113	      1.109	      1.137	           	      0.000	     81.000	    152.200	    156.868	     -0.003	     -0.005	      0.004	
 2018/05/24	   1.103	   1.108	   1.096	   1.106	          17500	      1.113	      1.113	      1.109	      1.136	           	      0.000	    175.000	    121.000	    163.900	     -0.003	     -0.004	      0.003	
 2018/05/25	   1.096	   1.106	   1.087	   1.104	          33100	      1.111	      1.112	      1.109	      1.134	           	      0.000	    331.000	    132.200	    152.300	     -0.003	     -0.004	      0.002	
 2018/05/28	   1.100	   1.106	   1.100	   1.106	            300	      1.107	      1.111	      1.110	      1.132	           	      0.000	      3.000	    129.000	    139.700	     -0.003	     -0.004	      0.001	
 2018/05/29	   1.099	   1.099	   1.086	   1.097	          35900	      1.104	      1.109	      1.110	      1.131	           	      0.000	    359.000	    189.800	    163.200	     -0.004	     -0.004	     -0.000	
 2018/05/30	   1.095	   1.097	   1.080	   1.097	          46500	      1.102	      1.107	      1.110	      1.130	           	      0.000	    465.000	    266.600	    209.400	     -0.005	     -0.004	     -0.001	
 2018/05/31	   1.087	   1.092	   1.087	   1.088	          10500	      1.098	      1.106	      1.109	      1.128	           	      0.000	    105.000	    252.600	    186.800	     -0.006	     -0.004	     -0.002	
 2018/06/01	   1.092	   1.092	   1.087	   1.087	           2600	      1.095	      1.103	      1.107	      1.127	           	      0.000	     26.000	    191.600	    161.900	     -0.006	     -0.005	     -0.003	
 2018/06/04	   1.082	   1.097	   1.082	   1.088	          12900	      1.091	      1.099	      1.107	      1.125	           	      0.000	    129.000	    216.800	    172.900	     -0.007	     -0.005	     -0.003	
 2018/06/05	   1.096	   1.097	   1.087	   1.095	          13900	      1.091	      1.097	      1.106	      1.124	           	      0.000	    139.000	    172.800	    181.300	     -0.007	     -0.006	     -0.002	
 2018/06/06	   1.099	   1.099	   1.099	   1.099	           6600	      1.091	      1.097	      1.105	      1.123	           	      0.000	     66.000	     93.000	    179.800	     -0.006	     -0.006	     -0.001	
 2018/06/07	   1.107	   1.111	   1.107	   1.107	           7400	      1.095	      1.097	      1.105	      1.121	           	      0.000	     74.000	     86.800	    169.700	     -0.005	     -0.006	      0.001	
 2018/06/08	   1.116	   1.116	   1.090	   1.096	           2000	      1.097	      1.096	      1.104	      1.120	           	      0.000	     20.000	     85.600	    138.600	     -0.005	     -0.005	      0.001	
 2018/06/11	   1.107	   1.118	   1.080	   1.095	          12000	      1.098	      1.095	      1.103	      1.118	           	      0.000	    120.000	     83.800	    150.300	     -0.005	     -0.005	      0.001	
 2018/06/12	   1.089	   1.096	   1.076	   1.095	          10400	      1.098	      1.095	      1.102	      1.117	           	      0.000	    104.000	     76.800	    124.800	     -0.005	     -0.005	      0.001	
 2018/06/13	   1.097	   1.100	   1.094	   1.094	           3900	      1.097	      1.094	      1.101	      1.115	           	      0.000	     39.000	     71.400	     82.200	     -0.005	     -0.005	      0.001	
 2018/06/14	   1.101	   1.101	   1.091	   1.091	           1300	      1.094	      1.095	      1.100	      1.114	           	      0.000	     13.000	     59.200	     73.000	     -0.005	     -0.005	      0.000	
 2018/06/15	   1.093	   1.093	   1.090	   1.093	          50300	      1.094	      1.095	      1.099	      1.112	           	      0.000	    503.000	    155.800	    120.700	     -0.005	     -0.005	      0.000	
 2018/06/19	   1.090	   1.102	   1.073	   1.073	           9000	      1.089	      1.094	      1.097	      1.111	           	      0.000	     90.000	    149.800	    116.800	     -0.006	     -0.005	     -0.002	
 2018/06/20	   1.030	   1.071	   1.030	   1.070	           5400	      1.084	      1.091	      1.094	      1.109	           	      0.000	     54.000	    139.800	    108.300	     -0.008	     -0.006	     -0.004	
 2018/06/21	   1.064	   1.073	   1.063	   1.070	           5900	      1.079	      1.088	      1.093	      1.107	           	      0.000	     59.000	    143.800	    107.600	     -0.009	     -0.006	     -0.004	
 2018/06/22	   1.056	   1.057	   1.017	   1.050	          22600	      1.071	      1.083	      1.090	      1.104	           	      0.000	    226.000	    186.400	    122.800	     -0.011	     -0.007	     -0.007	
 2018/06/25	   1.075	   1.075	   1.060	   1.067	           5900	      1.066	      1.080	      1.088	      1.103	           	      0.000	     59.000	     97.600	    126.700	     -0.011	     -0.008	     -0.006	
 2018/06/26	   1.049	   1.049	   1.036	   1.037	          12200	      1.059	      1.074	      1.084	      1.101	           	      0.000	    122.000	    104.000	    126.900	     -0.014	     -0.009	     -0.009	
 2018/06/27	   1.030	   1.047	   1.003	   1.038	         106097	      1.052	      1.068	      1.082	      1.100	           	      0.000	   1060.970	    305.394	    222.597	     -0.015	     -0.010	     -0.010	
 2018/06/28	   1.011	   1.024	   1.008	   1.013	         118600	      1.041	      1.060	      1.077	      1.098	           	      0.000	   1186.000	    530.794	    337.297	     -0.018	     -0.012	     -0.013	
 2018/06/29	   1.017	   1.023	   1.003	   1.023	         157600	      1.036	      1.053	      1.074	      1.096	           	      0.000	   1576.000	    800.794	    493.597	     -0.020	     -0.014	     -0.013	
 2018/07/02	   1.023	   1.023	   0.991	   1.013	         131227	      1.025	      1.045	      1.070	      1.094	           	      0.000	   1312.270	   1051.448	    574.524	     -0.022	     -0.015	     -0.013	
 2018/07/03	   0.995	   1.002	   0.980	   0.995	         155000	      1.016	      1.038	      1.066	      1.092	           	      0.000	   1550.000	   1337.048	    720.524	     -0.024	     -0.017	     -0.014	
 2018/07/04	   0.993	   0.995	   0.985	   0.995	          22000	      1.008	      1.030	      1.061	      1.090	           	      0.000	    220.000	   1168.854	    737.124	     -0.026	     -0.019	     -0.014	
 2018/07/05	   0.995	   0.995	   0.995	   0.995	              0	      1.004	      1.023	      1.056	      1.089	           	      0.000	      0.000	    931.654	    731.224	     -0.027	     -0.020	     -0.013	
 2018/07/06	   0.994	   0.997	   0.988	   0.995	          21800	      0.999	      1.017	      1.050	      1.086	           	      0.000	    218.000	    660.054	    730.424	     -0.027	     -0.022	     -0.011	
 2018/07/09	   0.995	   1.013	   0.995	   1.013	          34939	      0.999	      1.012	      1.046	      1.084	           	      0.000	    349.390	    467.478	    759.463	     -0.026	     -0.023	     -0.007	
 2018/07/10	   1.013	   1.018	   1.012	   1.017	          38800	      1.003	      1.010	      1.042	      1.082	           	      0.000	    388.000	    235.078	    786.063	     -0.024	     -0.023	     -0.003	
 2018/07/11	   1.012	   1.012	   0.999	   1.003	          10400	      1.005	      1.006	      1.037	      1.080	           	      0.000	    104.000	    211.878	    690.366	     -0.024	     -0.023	     -0.002	
 2018/07/12	   1.009	   1.023	   1.009	   1.022	          38300	      1.010	      1.007	      1.034	      1.079	           	      0.000	    383.000	    288.478	    610.066	     -0.022	     -0.023	      0.002	
 2018/07/13	   1.016	   1.024	   1.015	   1.015	           7300	      1.014	      1.006	      1.030	      1.078	           	      0.000	     73.000	    259.478	    459.766	     -0.020	     -0.022	      0.004	
 2018/07/16	   1.015	   1.024	   1.012	   1.020	           9100	      1.015	      1.007	      1.026	      1.077	           	      0.000	     91.000	    207.800	    337.639	     -0.019	     -0.022	      0.006	
 2018/07/17	   1.013	   1.013	   1.008	   1.008	           2300	      1.014	      1.008	      1.023	      1.075	           	      0.000	     23.000	    134.800	    184.939	     -0.018	     -0.021	      0.006	
 2018/07/18	   1.013	   1.020	   1.013	   1.020	            300	      1.017	      1.011	      1.020	      1.074	           	      0.000	      3.000	    114.600	    163.239	     -0.016	     -0.020	      0.007	
 2018/07/19	   1.019	   1.019	   1.003	   1.003	         111300	      1.013	      1.012	      1.017	      1.073	           	      0.000	   1113.000	    260.600	    274.539	     -0.016	     -0.019	      0.006	
 2018/07/20	   1.007	   1.031	   1.005	   1.026	         125800	      1.015	      1.015	      1.016	      1.071	           	      0.000	   1258.000	    497.600	    378.539	     -0.014	     -0.018	      0.008	
 2018/07/23	   1.031	   1.059	   1.026	   1.059	         274800	      1.023	      1.019	      1.015	      1.071	           	      0.000	   2748.000	   1029.000	    618.400	     -0.010	     -0.017	      0.014	
 2018/07/24	   1.066	   1.072	   1.066	   1.067	          26900	      1.035	      1.024	      1.017	      1.071	           	      0.000	    269.000	   1078.200	    606.500	     -0.006	     -0.014	      0.018	
 2018/07/25	   1.066	   1.070	   1.058	   1.070	           1600	      1.045	      1.031	      1.019	      1.070	           	      0.000	     16.000	   1080.800	    597.700	     -0.002	     -0.012	      0.020	
 2018/07/26	   1.070	   1.071	   1.060	   1.064	           5400	      1.057	      1.035	      1.021	      1.069	           	      0.000	     54.000	    869.000	    564.800	      0.000	     -0.009	      0.020	
 2018/07/27	   1.057	   1.057	   1.056	   1.056	            300	      1.063	      1.039	      1.023	      1.068	           	      0.000	      3.000	    618.000	    557.800	      0.002	     -0.007	      0.018	
 2018/07/30	   1.060	   1.061	   1.056	   1.061	          42700	      1.064	      1.043	      1.025	      1.068	           	      0.000	    427.000	    153.800	    591.400	      0.003	     -0.005	      0.016	
 2018/07/31	   1.060	   1.060	   1.048	   1.060	          31600	      1.062	      1.049	      1.028	      1.067	           	      0.000	    316.000	    163.200	    620.700	      0.004	     -0.003	      0.015	
 2018/08/01	   1.069	   1.069	   1.005	   1.048	          31700	      1.058	      1.051	      1.031	      1.066	           	      0.000	    317.000	    223.400	    652.100	      0.004	     -0.002	      0.011	
 2018/08/02	   1.037	   1.047	   1.020	   1.046	          18500	      1.054	      1.056	      1.034	      1.065	           	      0.000	    185.000	    249.600	    559.300	      0.003	     -0.001	      0.008	
 2018/08/03	   1.029	   1.045	   1.023	   1.043	          15000	      1.052	      1.057	      1.036	      1.064	           	      0.000	    150.000	    279.000	    448.500	      0.003	     -0.000	      0.006	
 2018/08/06	   1.034	   1.085	   1.023	   1.024	          29500	      1.044	      1.054	      1.037	      1.062	           	      0.000	    295.000	    252.600	    203.200	      0.001	     -0.000	      0.001	
 2018/08/07	   1.073	   1.073	   1.073	   1.073	            100	      1.047	      1.054	      1.039	      1.061	           	      0.000	      1.000	    189.600	    176.400	      0.003	      0.001	      0.005	
 2018/08/08	   1.037	   1.039	   1.013	   1.030	         127700	      1.043	      1.051	      1.041	      1.060	           	      0.000	   1277.000	    381.600	    302.500	      0.001	      0.001	      0.001	
 2018/08/09	   1.030	   1.048	   1.027	   1.039	         154700	      1.042	      1.048	      1.042	      1.059	           	      0.000	   1547.000	    654.000	    451.800	      0.001	      0.001	      0.000	
 2018/08/10	   1.046	   1.047	   1.031	   1.032	          25800	      1.040	      1.046	      1.042	      1.057	           	      0.000	    258.000	    675.600	    477.300	     -0.000	      0.001	     -0.002	
 2018/08/13	   1.040	   1.040	   1.021	   1.040	           5100	      1.043	      1.043	      1.043	      1.056	           	      0.000	     51.000	    626.800	    439.700	     -0.000	      0.000	     -0.002	
 2018/08/14	   1.034	   1.034	   1.025	   1.025	           5700	      1.033	      1.040	      1.044	      1.055	           	      0.000	     57.000	    638.000	    413.800	     -0.002	     -0.000	     -0.003	
 2018/08/15	   1.025	   1.028	   1.020	   1.020	           7200	      1.031	      1.037	      1.044	      1.053	           	      0.000	     72.000	    397.000	    389.300	     -0.003	     -0.001	     -0.005	
 2018/08/16	   1.020	   1.020	   1.011	   1.011	           4000	      1.026	      1.034	      1.045	      1.051	           	      0.000	     40.000	     95.600	    374.800	     -0.005	     -0.002	     -0.007	
 2018/08/17	   1.022	   1.022	   1.005	   1.005	           6000	      1.020	      1.030	      1.044	      1.050	           	      0.000	     60.000	     56.000	    365.800	     -0.007	     -0.003	     -0.008	
 2018/08/20	   1.005	   1.005	   1.005	   1.005	              0	      1.013	      1.028	      1.041	      1.048	           	      0.000	      0.000	     45.800	    336.300	     -0.008	     -0.004	     -0.009	
 2018/08/21	   1.012	   1.068	   1.006	   1.025	          11200	      1.013	      1.023	      1.039	      1.047	           	      0.000	    112.000	     56.800	    347.400	     -0.008	     -0.004	     -0.006	
 2018/08/22	   1.025	   1.025	   1.018	   1.018	          49100	      1.013	      1.022	      1.036	      1.045	           	      0.000	    491.000	    140.600	    268.800	     -0.008	     -0.005	     -0.005	
 2018/08/23	   1.018	   1.031	   1.018	   1.031	            900	      1.017	      1.021	      1.035	      1.044	           	      0.000	      9.000	    134.400	    115.000	     -0.006	     -0.005	     -0.002	
 2018/08/24	   1.020	   1.035	   1.014	   1.026	           5300	      1.021	      1.021	      1.033	      1.043	           	      0.000	     53.000	    133.000	     94.500	     -0.006	     -0.005	     -0.001	
 2018/08/27	   1.027	   1.048	   1.027	   1.048	          31500	      1.030	      1.021	      1.032	      1.043	           	      0.000	    315.000	    196.000	    120.900	     -0.004	     -0.005	      0.003	
 2018/08/28	   1.050	   1.052	   1.044	   1.048	          27000	      1.034	      1.024	      1.032	      1.042	           	      0.000	    270.000	    227.600	    142.200	     -0.002	     -0.004	      0.005	
 2018/08/29	   1.042	   1.042	   1.038	   1.038	          11300	      1.038	      1.026	      1.031	      1.041	           	      0.000	    113.000	    152.000	    146.300	     -0.001	     -0.004	      0.005	
 2018/08/30	   1.041	   1.041	   1.037	   1.038	           1300	      1.040	      1.028	      1.031	      1.040	           	      0.000	     13.000	    152.800	    143.600	     -0.001	     -0.003	      0.005	
 2018/08/31	   1.027	   1.027	   1.027	   1.027	            500	      1.040	      1.030	      1.030	      1.039	           	      0.000	      5.000	    143.200	    138.100	     -0.001	     -0.003	      0.003	
 2018/09/03	   1.027	   1.030	   1.027	   1.028	          81900	      1.036	      1.033	      1.030	      1.038	           	      0.000	    819.000	    244.000	    220.000	     -0.001	     -0.002	      0.002	
 2018/09/04	   1.037	   1.045	   1.037	   1.045	          81100	      1.035	      1.035	      1.029	      1.037	           	      0.000	    811.000	    352.200	    289.900	     -0.000	     -0.002	      0.004	
 2018/09/05	   1.039	   1.039	   1.031	   1.031	            500	      1.034	      1.036	      1.029	      1.036	           	      0.000	      5.000	    330.600	    241.300	     -0.000	     -0.002	      0.003	
 2018/09/06	   1.030	   1.030	   1.023	   1.023	           2000	      1.031	      1.035	      1.028	      1.034	           	      0.000	     20.000	    332.000	    242.400	     -0.001	     -0.002	      0.001	
 2018/09/07	   1.028	   1.028	   1.025	   1.028	           2300	      1.031	      1.035	      1.028	      1.033	           	      0.000	     23.000	    335.600	    239.400	     -0.001	     -0.001	      0.000	
 2018/09/10	   1.022	   1.024	   1.022	   1.023	          11400	      1.030	      1.033	      1.027	      1.032	           	      0.000	    114.000	    194.600	    219.300	     -0.002	     -0.002	     -0.001	
 2018/09/11	   1.011	   1.013	   1.011	   1.011	           2500	      1.023	      1.029	      1.026	      1.031	           	      0.000	     25.000	     37.400	    194.800	     -0.003	     -0.002	     -0.003	
 2018/09/12	   1.040	   1.043	   1.040	   1.043	            400	      1.026	      1.030	      1.028	      1.031	           	      0.000	      4.000	     37.200	    183.900	     -0.002	     -0.002	      0.000	
 2018/09/13	   1.044	   1.044	   1.006	   1.044	           3900	      1.030	      1.030	      1.029	      1.030	           	      0.000	     39.000	     41.000	    186.500	     -0.000	     -0.002	      0.002	
 2018/09/14	   1.020	   1.050	   1.020	   1.047	            400	      1.034	      1.032	      1.031	      1.030	           	      0.000	      4.000	     37.200	    186.400	      0.001	     -0.001	      0.004	
 2018/09/17	   1.019	   1.019	   1.010	   1.010	           3600	      1.031	      1.031	      1.032	      1.029	           	      0.000	     36.000	     21.600	    108.100	     -0.001	     -0.001	     -0.000	
 2018/09/18	   1.010	   1.026	   1.010	   1.026	          87000	      1.034	      1.029	      1.032	      1.029	           	      0.000	    870.000	    190.600	    114.000	     -0.001	     -0.001	     -0.000	
 2018/09/19	   1.028	   1.040	   1.028	   1.040	          82800	      1.033	      1.030	      1.033	      1.029	           	      0.000	    828.000	    355.400	    196.300	     -0.001	     -0.001	      0.001	
 2018/09/20	   1.045	   1.045	   1.037	   1.037	           4900	      1.032	      1.031	      1.033	      1.030	           	      0.000	     49.000	    357.400	    199.200	     -0.000	     -0.001	      0.002	
 2018/09/21	   1.050	   1.125	   1.046	   1.074	        1515500	      1.037	      1.036	      1.035	      1.030	           	      0.000	  15155.000	   3387.600	   1712.400	      0.003	     -0.000	      0.007	
 2018/09/25	   1.067	   1.069	   1.056	   1.069	          42700	      1.049	      1.040	      1.036	      1.031	           	      0.000	    427.000	   3465.800	   1743.700	      0.005	      0.001	      0.009	
 2018/09/26	   1.064	   1.089	   1.049	   1.072	         111600	      1.058	      1.046	      1.038	      1.033	           	      0.000	   1116.000	   3515.000	   1852.800	      0.007	      0.002	      0.010	
 2018/09/27	   1.076	   1.076	   1.052	   1.065	         139900	      1.063	      1.048	      1.039	      1.034	           	      0.000	   1399.000	   3629.200	   1992.300	      0.008	      0.004	      0.009	
 2018/09/28	   1.077	   1.098	   1.065	   1.073	         160759	      1.071	      1.051	      1.041	      1.035	           	      0.000	   1607.590	   3940.918	   2149.159	      0.009	      0.005	      0.009	
 2018/10/08	   1.079	   1.079	   1.042	   1.059	          32700	      1.068	      1.053	      1.042	      1.036	           	      0.000	    327.000	    975.318	   2181.459	      0.009	      0.006	      0.007	
 2018/10/09	   1.054	   1.054	   1.041	   1.041	           4100	      1.062	      1.056	      1.043	      1.037	           	      0.000	     41.000	    898.118	   2181.959	      0.007	      0.006	      0.003	
 2018/10/10	   1.045	   1.054	   1.029	   1.040	          15500	      1.056	      1.057	      1.043	      1.037	           	      0.000	    155.000	    705.918	   2110.459	      0.006	      0.006	     -0.000	
 2018/10/11	   1.033	   1.033	   1.002	   1.020	           8100	      1.047	      1.055	      1.042	      1.037	           	      0.000	     81.000	    442.318	   2035.759	      0.003	      0.005	     -0.005	
 2018/10/12	   1.002	   1.028	   0.997	   1.023	          38400	      1.037	      1.054	      1.042	      1.037	           	      0.000	    384.000	    197.600	   2069.259	      0.001	      0.004	     -0.007	
 2018/10/15	   1.014	   1.014	   0.966	   1.000	          59659	      1.025	      1.046	      1.041	      1.037	           	      0.000	    596.590	    251.518	    613.418	     -0.003	      0.003	     -0.011	
 2018/10/16	   1.000	   1.004	   0.999	   0.999	          23600	      1.016	      1.039	      1.040	      1.037	           	      0.000	    236.000	    290.518	    594.318	     -0.005	      0.001	     -0.013	
 2018/10/17	   0.999	   0.999	   0.975	   0.998	         129200	      1.008	      1.032	      1.039	      1.037	           	      0.000	   1292.000	    517.918	    611.918	     -0.007	     -0.000	     -0.014	
 2018/10/18	   1.018	   1.018	   0.971	   0.971	          14900	      0.998	      1.022	      1.035	      1.036	           	      0.000	    149.000	    531.518	    486.918	     -0.011	     -0.003	     -0.017	
 2018/10/19	   0.968	   1.018	   0.968	   1.017	          14800	      0.997	      1.017	      1.034	      1.036	           	      0.000	    148.000	    484.318	    340.959	     -0.010	     -0.004	     -0.013	
 2018/10/22	   1.000	   1.050	   1.000	   1.043	          65700	      1.006	      1.015	      1.034	      1.036	           	      0.000	    657.000	    496.400	    373.959	     -0.008	     -0.005	     -0.005	
 2018/10/23	   1.039	   1.039	   1.004	   1.005	         150259	      1.007	      1.012	      1.034	      1.035	           	      0.000	   1502.590	    749.718	    520.118	     -0.008	     -0.006	     -0.006	
 2018/10/24	   1.010	   1.025	   1.010	   1.019	          16000	      1.011	      1.010	      1.033	      1.035	           	      0.000	    160.000	    523.318	    520.618	     -0.008	     -0.006	     -0.003	
 2018/10/25	   1.001	   1.031	   1.001	   1.016	         133059	      1.020	      1.009	      1.032	      1.034	           	      0.000	   1330.590	    759.636	    645.577	     -0.007	     -0.006	     -0.002	
 2018/10/26	   1.017	   1.029	   1.017	   1.027	          77700	      1.022	      1.010	      1.032	      1.033	           	      0.000	    777.000	    885.436	    684.877	     -0.006	     -0.006	      0.000	
 2018/10/29	   1.020	   1.020	   0.990	   0.990	          52000	      1.011	      1.008	      1.027	      1.032	           	      0.000	    520.000	    858.036	    677.218	     -0.008	     -0.007	     -0.003	
 2018/10/30	   0.995	   1.012	   0.989	   1.001	           2600	      1.011	      1.009	      1.024	      1.031	           	      0.000	     26.000	    562.718	    656.218	     -0.008	     -0.007	     -0.003	
 2018/10/31	   1.007	   1.017	   0.992	   1.017	         171100	      1.010	      1.011	      1.021	      1.030	           	      0.000	   1711.000	    872.918	    698.118	     -0.007	     -0.007	     -0.001	
 2018/11/01	   1.016	   1.024	   1.004	   1.004	         151000	      1.008	      1.014	      1.018	      1.030	           	      0.000	   1510.000	    908.800	    834.218	     -0.008	     -0.007	     -0.001	
 2018/11/02	   1.029	   1.040	   1.017	   1.040	         125459	      1.010	      1.016	      1.016	      1.029	           	      0.000	   1254.590	   1004.318	    944.877	     -0.005	     -0.007	      0.004	
 2018/11/05	   1.044	   1.044	   1.005	   1.041	          35400	      1.021	      1.016	      1.016	      1.029	           	      0.000	    354.000	    971.118	    914.577	     -0.003	     -0.006	      0.007	
 2018/11/06	   1.031	   1.031	   1.020	   1.020	          10800	      1.024	      1.018	      1.015	      1.029	           	      0.000	    108.000	    987.518	    775.118	     -0.002	     -0.005	      0.006	
 2018/11/07	   1.037	   1.037	   1.018	   1.018	          18200	      1.025	      1.017	      1.013	      1.028	           	      0.000	    182.000	    681.718	    777.318	     -0.002	     -0.005	      0.004	
 2018/11/08	   1.030	   1.030	   1.020	   1.030	          71000	      1.030	      1.019	      1.014	      1.028	           	      0.000	    710.000	    521.718	    715.259	     -0.001	     -0.004	      0.005	
 2018/11/09	   1.021	   1.021	   1.001	   1.013	          51900	      1.024	      1.017	      1.013	      1.028	           	      0.000	    519.000	    374.600	    689.459	     -0.002	     -0.004	      0.003	
 2018/11/12	   1.002	   1.015	   1.002	   1.015	          65600	      1.019	      1.020	      1.014	      1.028	           	      0.000	    656.000	    435.000	    703.059	     -0.002	     -0.003	      0.002	
 2018/11/13	   1.004	   1.022	   1.004	   1.016	          12200	      1.018	      1.021	      1.015	      1.027	           	      0.000	    122.000	    437.800	    712.659	     -0.002	     -0.003	      0.002	
 2018/11/14	   1.030	   1.030	   1.013	   1.015	         126000	      1.018	      1.021	      1.016	      1.027	           	      0.000	   1260.000	    653.400	    667.559	     -0.002	     -0.003	      0.001	
 2018/11/15	   1.021	   1.021	   1.021	   1.021	          11400	      1.016	      1.023	      1.018	      1.027	           	      0.000	    114.000	    534.200	    527.959	     -0.002	     -0.003	      0.001	
 2018/11/16	   1.022	   1.027	   1.002	   1.022	         356700	      1.018	      1.021	      1.019	      1.027	           	      0.000	   3567.000	   1143.800	    759.200	     -0.002	     -0.003	      0.002	
 2018/11/19	   1.024	   1.033	   1.019	   1.023	          99700	      1.019	      1.019	      1.018	      1.028	           	      0.000	    997.000	   1212.000	    823.500	     -0.001	     -0.002	      0.002	
 2018/11/20	   1.030	   1.038	   1.011	   1.012	          80400	      1.019	      1.018	      1.018	      1.028	           	      0.000	    804.000	   1348.400	    893.100	     -0.002	     -0.002	      0.001	
 2018/11/21	   1.000	   1.018	   0.995	   1.003	          65900	      1.016	      1.017	      1.017	      1.027	           	      0.000	    659.000	   1228.200	    940.800	     -0.003	     -0.002	     -0.001	
 2018/11/22	   1.003	   1.015	   1.003	   1.015	          37500	      1.015	      1.015	      1.017	      1.027	           	      0.000	    375.000	   1280.400	    907.300	     -0.003	     -0.002	     -0.001	
 2018/11/23	   0.991	   1.013	   0.991	   0.991	          17500	      1.009	      1.013	      1.015	      1.027	           	      0.000	    175.000	    602.000	    872.900	     -0.004	     -0.003	     -0.003	
 2018/11/26	   0.994	   1.000	   0.977	   0.997	         116200	      1.004	      1.012	      1.016	      1.026	           	      0.000	   1162.000	    635.000	    923.500	     -0.005	     -0.003	     -0.004	
 2018/11/27	   0.995	   0.996	   0.988	   0.988	          48300	      0.999	      1.009	      1.015	      1.025	           	      0.000	    483.000	    570.800	    959.600	     -0.007	     -0.004	     -0.005	
 2018/11/28	   0.999	   1.005	   0.987	   1.005	          48463	      0.999	      1.008	      1.014	      1.024	           	      0.000	    484.630	    535.926	    882.063	     -0.006	     -0.004	     -0.004	
 2018/11/29	   1.006	   1.006	   0.984	   0.984	           1100	      0.993	      1.004	      1.013	      1.024	           	      0.000	     11.000	    463.126	    871.763	     -0.008	     -0.005	     -0.005	
 2018/11/30	   0.984	   1.000	   0.982	   0.984	           3000	      0.992	      1.000	      1.011	      1.023	           	      0.000	     30.000	    434.126	    518.063	     -0.009	     -0.006	     -0.006	
 2018/12/03	   1.013	   1.026	   1.013	   1.017	          77719	      0.996	      1.000	      1.009	      1.022	           	      0.000	    777.190	    357.164	    496.082	     -0.007	     -0.006	     -0.001	
 2018/12/04	   1.025	   1.025	   1.011	   1.011	          21700	      1.000	      0.999	      1.009	      1.022	           	      0.000	    217.000	    303.964	    437.382	     -0.005	     -0.006	      0.001	
 2018/12/05	   1.013	   1.023	   1.011	   1.012	           8700	      1.002	      1.000	      1.009	      1.022	           	      0.000	     87.000	    224.438	    380.182	     -0.004	     -0.006	      0.002	
 2018/12/06	   1.013	   1.025	   0.990	   1.008	          65319	      1.006	      1.000	      1.008	      1.021	           	      0.000	    653.190	    352.876	    408.001	     -0.004	     -0.005	      0.003	
 2018/12/07	   1.025	   1.025	   0.998	   1.006	            600	      1.011	      1.001	      1.007	      1.021	           	      0.000	      6.000	    348.076	    391.101	     -0.003	     -0.005	      0.003	
 2018/12/10	   1.018	   1.018	   0.991	   0.991	           7600	      1.006	      1.001	      1.006	      1.020	           	      0.000	     76.000	    207.838	    282.501	     -0.004	     -0.005	      0.001	
 2018/12/11	   1.012	   1.012	   0.992	   0.992	            300	      1.002	      1.001	      1.005	      1.020	           	      0.000	      3.000	    165.038	    234.501	     -0.005	     -0.005	     -0.000	
 2018/12/12	   0.992	   1.000	   0.992	   0.995	           1800	      0.998	      1.000	      1.004	      1.020	           	      0.000	     18.000	    151.238	    187.838	     -0.005	     -0.005	     -0.001	
 2018/12/13	   1.012	   1.013	   1.008	   1.009	          13400	      0.999	      1.003	      1.003	      1.019	           	      0.000	    134.000	     47.400	    200.138	     -0.004	     -0.005	      0.001	
 2018/12/14	   1.010	   1.010	   0.999	   0.999	           2800	      0.997	      1.004	      1.002	      1.018	           	      0.000	     28.000	     51.800	    199.938	     -0.004	     -0.005	      0.001	
 2018/12/17	   1.000	   1.013	   0.996	   0.997	           4300	      0.998	      1.002	      1.001	      1.017	           	      0.000	     43.000	     45.200	    126.519	     -0.004	     -0.004	      0.001	
 2018/12/18	   1.000	   1.046	   0.982	   0.983	         113800	      0.997	      0.999	      0.999	      1.017	           	      0.000	   1138.000	    272.200	    218.619	     -0.005	     -0.005	     -0.001	
 2018/12/19	   0.997	   1.046	   0.980	   0.980	          55500	      0.994	      0.996	      0.998	      1.016	           	      0.000	    555.000	    379.600	    265.419	     -0.006	     -0.005	     -0.003	
 2018/12/20	   0.990	   1.024	   0.959	   0.964	          85300	      0.985	      0.992	      0.996	      1.015	           	      0.000	    853.000	    523.400	    285.400	     -0.008	     -0.006	     -0.005	
 2018/12/21	   0.967	   0.967	   0.960	   0.962	           3600	      0.977	      0.987	      0.994	      1.014	           	      0.000	     36.000	    525.000	    288.400	     -0.010	     -0.006	     -0.007	
 2018/12/24	   0.935	   0.982	   0.935	   0.956	          40000	      0.969	      0.984	      0.992	      1.012	           	      0.000	    400.000	    596.400	    320.800	     -0.012	     -0.007	     -0.008	
 2018/12/25	   0.957	   0.973	   0.938	   0.973	          29200	      0.967	      0.982	      0.991	      1.010	           	      0.000	    292.000	    427.200	    349.700	     -0.011	     -0.008	     -0.006	
 2018/12/26	   0.971	   0.993	   0.944	   0.957	           9400	      0.962	      0.978	      0.989	      1.008	           	      0.000	     94.000	    335.000	    357.300	     -0.012	     -0.009	     -0.007	
 2018/12/27	   0.977	   0.977	   0.946	   0.950	          97800	      0.960	      0.972	      0.987	      1.006	           	      0.000	    978.000	    360.000	    441.700	     -0.014	     -0.010	     -0.007	
 2018/12/28	   0.916	   0.966	   0.916	   0.947	          28800	      0.957	      0.967	      0.985	      1.004	           	      0.000	    288.000	    410.400	    467.700	     -0.015	     -0.011	     -0.007	
 2019/01/02	   0.940	   0.950	   0.934	   0.936	          76900	      0.953	      0.961	      0.981	      1.002	           	      0.000	    769.000	    484.200	    540.300	     -0.016	     -0.012	     -0.008	
 2019/01/03	   0.935	   0.949	   0.935	   0.949	            200	      0.948	      0.957	      0.978	      1.001	           	      0.000	      2.000	    426.200	    426.700	     -0.016	     -0.013	     -0.007	
 2019/01/04	   1.010	   1.010	   0.945	   0.963	          81300	      0.949	      0.956	      0.976	      0.999	           	      0.000	    813.000	    570.000	    452.500	     -0.015	     -0.013	     -0.003	
 2019/01/07	   0.970	   1.002	   0.970	   0.972	         122900	      0.953	      0.956	      0.974	      0.999	           	      0.000	   1229.000	    620.200	    490.100	     -0.013	     -0.013	      0.001	
 2019/01/08	   0.999	   0.999	   0.979	   0.979	           2500	      0.960	      0.958	      0.973	      0.998	           	      0.000	     25.000	    567.600	    489.000	     -0.011	     -0.013	      0.004	
 2019/01/09	   0.968	   0.979	   0.968	   0.979	         106093	      0.968	      0.961	      0.972	      0.997	           	      0.000	   1060.930	    625.986	    555.093	     -0.009	     -0.012	      0.006	
 2019/01/10	   0.995	   0.995	   0.960	   0.965	           8100	      0.972	      0.960	      0.971	      0.997	           	      0.000	     81.000	    641.786	    533.993	     -0.008	     -0.011	      0.006	
 2019/01/11	   0.960	   0.986	   0.960	   0.981	          55300	      0.975	      0.962	      0.970	      0.997	           	      0.000	    553.000	    589.786	    579.893	     -0.007	     -0.010	      0.007	
 2019/01/14	   0.971	   0.971	   0.954	   0.965	           5100	      0.974	      0.964	      0.968	      0.997	           	      0.000	     51.000	    354.186	    487.193	     -0.006	     -0.010	      0.006	
 2019/01/15	   0.966	   0.977	   0.956	   0.976	          19600	      0.973	      0.966	      0.967	      0.996	           	      0.000	    196.000	    388.386	    477.993	     -0.005	     -0.009	      0.007	
 2019/01/16	   0.972	   0.975	   0.970	   0.970	           4300	      0.971	      0.970	      0.965	      0.995	           	      0.000	     43.000	    184.800	    405.393	     -0.005	     -0.008	      0.006	
 2019/01/17	   0.970	   0.976	   0.970	   0.971	          17100	      0.973	      0.972	      0.965	      0.994	           	      0.000	    171.000	    202.800	    422.293	     -0.005	     -0.007	      0.005	
 2019/01/18	   0.967	   0.989	   0.967	   0.972	          86800	      0.971	      0.973	      0.964	      0.993	           	      0.000	    868.000	    265.800	    427.793	     -0.004	     -0.007	      0.005	
 2019/01/21	   0.977	   1.000	   0.977	   1.000	          98893	      0.978	      0.976	      0.966	      0.993	           	      0.000	    988.930	    453.386	    403.786	     -0.001	     -0.006	      0.008	
 2019/01/22	   0.996	   0.996	   0.973	   0.978	          16900	      0.978	      0.976	      0.967	      0.992	           	      0.000	    169.000	    447.986	    418.186	     -0.001	     -0.005	      0.007	
 2019/01/23	   0.978	   0.989	   0.972	   0.976	          24400	      0.979	      0.975	      0.968	      0.992	           	      0.000	    244.000	    488.186	    336.493	     -0.001	     -0.004	      0.006	
 2019/01/24	   0.990	   0.990	   0.975	   0.977	          19400	      0.981	      0.977	      0.968	      0.992	           	      0.000	    194.000	    492.786	    347.793	     -0.001	     -0.003	      0.005	
 2019/01/25	   0.980	   1.009	   0.974	   1.003	          51900	      0.987	      0.979	      0.970	      0.991	           	      0.000	    519.000	    422.986	    344.393	      0.002	     -0.002	      0.008	
 2019/01/28	   1.001	   1.010	   0.989	   0.989	          45500	      0.985	      0.981	      0.972	      0.991	           	      0.000	    455.000	    316.200	    384.793	      0.002	     -0.001	      0.007	
 2019/01/29	   0.994	   1.001	   0.989	   1.001	          38200	      0.989	      0.984	      0.975	      0.990	           	      0.000	    382.000	    358.800	    403.393	      0.004	     -0.000	      0.008	
 2019/01/30	   1.000	   1.000	   0.994	   1.000	           3200	      0.994	      0.987	      0.978	      0.990	           	      0.000	     32.000	    316.400	    402.293	      0.005	      0.001	      0.008	
 2019/01/31	   1.000	   1.005	   0.984	   1.000	          24800	      0.999	      0.990	      0.981	      0.989	           	      0.000	    248.000	    327.200	    409.993	      0.005	      0.001	      0.008	
 2019/02/01	   1.002	   1.010	   1.000	   1.000	          15500	      0.998	      0.992	      0.983	      0.989	           	      0.000	    155.000	    254.400	    338.693	      0.006	      0.002	      0.007	
 2019/02/11	   1.014	   1.060	   1.014	   1.025	          53400	      1.005	      0.995	      0.985	      0.989	           	      0.000	    534.000	    270.200	    293.200	      0.008	      0.003	      0.009	
 2019/02/12	   1.029	   1.054	   1.000	   1.038	          55100	      1.013	      1.001	      0.988	      0.989	           	      0.000	    551.000	    304.000	    331.400	      0.011	      0.005	      0.012	
 2019/02/13	   1.038	   1.046	   1.037	   1.041	          50200	      1.021	      1.007	      0.991	      0.990	           	      0.000	    502.000	    398.000	    357.200	      0.013	      0.007	      0.013	
 2019/02/14	   1.041	   1.050	   1.037	   1.039	          53800	      1.029	      1.014	      0.995	      0.990	           	      0.000	    538.000	    456.000	    391.600	      0.015	      0.008	      0.013	
 2019/02/15	   1.054	   1.054	   1.039	   1.039	          23300	      1.036	      1.017	      0.998	      0.991	           	      0.000	    233.000	    471.600	    363.000	      0.016	      0.010	      0.012	
 2019/02/18	   1.049	   1.057	   1.040	   1.054	         166400	      1.042	      1.024	      1.002	      0.991	           	      0.000	   1664.000	    697.600	    483.900	      0.017	      0.011	      0.012	
 2019/02/19	   1.052	   1.060	   1.050	   1.054	          50400	      1.045	      1.029	      1.006	      0.992	           	      0.000	    504.000	    688.200	    496.100	      0.019	      0.013	      0.012	
 2019/02/20	   1.060	   1.090	   1.048	   1.081	          89200	      1.053	      1.037	      1.012	      0.993	           	      0.000	    892.000	    766.200	    582.100	      0.021	      0.014	      0.014	
 2019/02/21	   1.069	   1.080	   1.050	   1.061	         393813	      1.058	      1.043	      1.016	      0.993	           	      0.000	   3938.130	   1446.226	    951.113	      0.022	      0.016	      0.012	
 2019/02/22	   1.048	   1.110	   1.040	   1.079	         598100	      1.066	      1.051	      1.022	      0.995	           	      0.000	   5981.000	   2595.826	   1533.713	      0.023	      0.017	      0.012	
 2019/02/25	   1.081	   1.185	   1.081	   1.148	        1290840	      1.085	      1.063	      1.029	      0.997	           	      0.000	  12908.400	   4844.706	   2771.153	      0.030	      0.020	      0.020	
 2019/02/26	   1.148	   1.148	   1.120	   1.126	         642240	      1.099	      1.072	      1.037	      0.999	           	      0.000	   6422.400	   6028.386	   3358.293	      0.033	      0.023	      0.021	
 2019/02/27	   1.134	   1.146	   1.120	   1.141	         123500	      1.111	      1.082	      1.045	      1.002	           	      0.000	   1235.000	   6096.986	   3431.593	      0.036	      0.025	      0.021	
 2019/02/28	   1.136	   1.156	   1.120	   1.135	          98000	      1.126	      1.092	      1.053	      1.004	           	      0.000	    980.000	   5505.360	   3475.793	      0.037	      0.028	      0.020	
 2019/03/01	   1.123	   1.154	   1.115	   1.152	         151400	      1.140	      1.103	      1.060	      1.007	           	      0.000	   1514.000	   4611.960	   3603.893	      0.040	      0.030	      0.019	
 2019/03/04	   1.152	   1.187	   1.133	   1.170	         557700	      1.145	      1.115	      1.069	      1.010	           	      0.000	   5577.000	   3145.680	   3995.193	      0.042	      0.033	      0.020	
 2019/03/05	   1.159	   1.170	   1.133	   1.155	         252500	      1.151	      1.125	      1.077	      1.012	           	      0.000	   2525.000	   2366.200	   4197.293	      0.043	      0.035	      0.016	
 2019/03/06	   1.151	   1.186	   1.140	   1.186	         349813	      1.160	      1.135	      1.086	      1.015	           	      0.000	   3498.130	   2818.826	   4457.906	      0.045	      0.037	      0.017	
 2019/03/07	   1.176	   1.178	   1.142	   1.174	         399900	      1.167	      1.147	      1.095	      1.018	           	      0.000	   3999.000	   3422.626	   4463.993	      0.045	      0.038	      0.014	
 2019/03/08	   1.150	   1.155	   1.106	   1.111	         279800	      1.159	      1.150	      1.100	      1.020	           	      0.000	   2798.000	   3679.426	   4145.693	      0.040	      0.039	      0.003	
 2019/03/11	   1.107	   1.117	   1.102	   1.117	         544400	      1.149	      1.147	      1.105	      1.021	           	      0.000	   5444.000	   3652.826	   3399.253	      0.036	      0.038	     -0.004	
 2019/03/12	   1.117	   1.140	   1.117	   1.128	         362600	      1.143	      1.147	      1.110	      1.024	           	      0.000	   3626.000	   3873.026	   3119.613	      0.033	      0.037	     -0.008	
 2019/03/13	   1.128	   1.139	   1.123	   1.126	         170798	      1.131	      1.145	      1.114	      1.026	           	      0.000	   1707.980	   3514.996	   3166.911	      0.031	      0.036	     -0.011	
 2019/03/14	   1.128	   1.138	   1.110	   1.129	          43500	      1.122	      1.145	      1.118	      1.028	           	      0.000	    435.000	   2802.196	   3112.411	      0.028	      0.034	     -0.012	
 2019/03/15	   1.129	   1.149	   1.125	   1.148	         140900	      1.130	      1.144	      1.124	      1.031	           	      0.000	   1409.000	   2524.396	   3101.911	      0.028	      0.033	     -0.011	
 2019/03/18	   1.148	   1.158	   1.143	   1.158	         528737	      1.138	      1.143	      1.129	      1.033	           	      0.000	   5287.370	   2493.070	   3072.948	      0.028	      0.032	     -0.008	
 2019/03/19	   1.158	   1.166	   1.136	   1.157	         216137	      1.144	      1.143	      1.134	      1.036	           	      0.000	   2161.370	   2200.144	   3036.585	      0.027	      0.031	     -0.007	
 2019/03/20	   1.148	   1.165	   1.136	   1.159	         151400	      1.150	      1.141	      1.138	      1.038	           	      0.000	   1514.000	   2161.348	   2838.172	      0.027	      0.030	     -0.006	
 2019/03/21	   1.156	   1.177	   1.156	   1.173	         162529	      1.159	      1.141	      1.144	      1.042	           	      0.000	   1625.290	   2399.406	   2600.801	      0.027	      0.030	     -0.004	
 2019/03/22	   1.177	   1.177	   1.140	   1.150	          91800	      1.159	      1.145	      1.147	      1.044	           	      0.000	    918.000	   2301.206	   2412.801	      0.026	      0.029	     -0.006	
 2019/03/25	   1.149	   1.157	   1.133	   1.135	          65037	      1.155	      1.146	      1.146	      1.047	           	      0.000	    650.370	   1373.806	   1933.438	      0.023	      0.028	     -0.010	
 2019/03/26	   1.143	   1.156	   1.118	   1.130	         158400	      1.149	      1.146	      1.147	      1.050	           	      0.000	   1584.000	   1258.332	   1729.238	      0.020	      0.026	     -0.012	
 2019/03/27	   1.148	   1.148	   1.130	   1.144	          25000	      1.146	      1.148	      1.147	      1.053	           	      0.000	    250.000	   1005.532	   1583.440	      0.019	      0.025	     -0.012	
 2019/03/28	   1.144	   1.144	   1.144	   1.144	           2100	      1.141	      1.150	      1.147	      1.056	           	      0.000	     21.000	    684.674	   1542.040	      0.017	      0.023	     -0.012	
 2019/03/29	   1.130	   1.155	   1.119	   1.148	         175837	      1.140	      1.150	      1.147	      1.059	           	      0.000	   1758.370	    852.748	   1576.977	      0.016	      0.022	     -0.011	
 2019/04/01	   1.155	   1.188	   1.155	   1.184	         197000	      1.150	      1.152	      1.148	      1.063	           	      0.000	   1970.000	   1116.674	   1245.240	      0.018	      0.021	     -0.006	
 2019/04/02	   1.180	   1.192	   1.160	   1.192	         154437	      1.162	      1.156	      1.150	      1.067	           	      0.000	   1544.370	   1108.748	   1183.540	      0.020	      0.021	     -0.001	
 2019/04/03	   1.192	   1.300	   1.173	   1.231	         409601	      1.180	      1.163	      1.152	      1.072	           	      0.000	   4096.010	   1877.950	   1441.741	      0.025	      0.022	      0.006	
 2019/04/04	   1.222	   1.230	   1.213	   1.226	          39701	      1.196	      1.168	      1.155	      1.077	           	      0.000	    397.010	   1953.152	   1318.913	      0.028	      0.023	      0.009	
 2019/04/08	   1.214	   1.234	   1.204	   1.220	         273700	      1.211	      1.175	      1.160	      1.081	           	      0.000	   2737.000	   2148.878	   1500.813	      0.029	      0.024	      0.010	
 2019/04/09	   1.218	   1.228	   1.212	   1.226	         209117	      1.219	      1.184	      1.165	      1.085	           	      0.000	   2091.170	   2173.112	   1644.893	      0.030	      0.025	      0.010	
 2019/04/10	   1.222	   1.228	   1.209	   1.228	         101500	      1.226	      1.194	      1.170	      1.089	           	      0.000	   1015.000	   2067.238	   1587.993	      0.031	      0.026	      0.009	
 2019/04/11	   1.227	   1.230	   1.201	   1.220	          81700	      1.224	      1.202	      1.175	      1.093	           	      0.000	    817.000	   1411.436	   1644.693	      0.031	      0.027	      0.007	
 2019/04/12	   1.205	   1.220	   1.190	   1.219	        1297910	      1.223	      1.209	      1.180	      1.098	           	      0.000	  12979.100	   3927.854	   2940.503	      0.030	      0.028	      0.004	
 2019/04/15	   1.222	   1.243	   1.219	   1.219	         201000	      1.222	      1.217	      1.183	      1.102	           	      0.000	   2010.000	   3782.454	   2965.666	      0.029	      0.028	      0.002	
 2019/04/16	   1.217	   1.238	   1.203	   1.229	          44396	      1.223	      1.221	      1.187	      1.106	           	      0.000	    443.960	   3453.012	   2813.062	      0.029	      0.028	      0.001	
 2019/04/17	   1.228	   1.250	   1.215	   1.249	        1332506	      1.227	      1.227	      1.191	      1.111	           	      0.000	  13325.060	   5915.024	   3991.131	      0.030	      0.028	      0.003	
 2019/04/18	   1.243	   1.257	   1.234	   1.250	         132006	      1.233	      1.229	      1.196	      1.115	           	      0.000	   1320.060	   6015.636	   3713.536	      0.030	      0.029	      0.003	
 2019/04/19	   1.239	   1.256	   1.239	   1.256	        1551531	      1.241	      1.232	      1.200	      1.120	           	      0.000	  15515.310	   6522.878	   5225.366	      0.031	      0.029	      0.003	
 2019/04/22	   1.256	   1.256	   1.231	   1.249	          11300	      1.247	      1.234	      1.205	      1.125	           	      0.000	    113.000	   6143.478	   4962.966	      0.031	      0.030	      0.002	
 2019/04/23	   1.235	   1.240	   1.211	   1.239	          72765	      1.249	      1.236	      1.210	      1.129	           	      0.000	    727.650	   6200.216	   4826.614	      0.029	      0.029	     -0.001	
 2019/04/24	   1.227	   1.239	   1.206	   1.221	        2441600	      1.243	      1.235	      1.215	      1.133	           	      0.000	  24416.000	   8418.404	   7166.714	      0.026	      0.029	     -0.005	
 2019/04/25	   1.217	   1.219	   1.201	   1.201	          49000	      1.233	      1.233	      1.218	      1.136	           	      0.000	    490.000	   8252.392	   7134.014	      0.022	      0.027	     -0.011	
 2019/04/26	   1.192	   1.202	   1.181	   1.190	         348000	      1.220	      1.230	      1.220	      1.140	           	      0.000	   3480.000	   5845.330	   6184.104	      0.017	      0.025	     -0.016	
 2019/04/29	   1.187	   1.197	   1.171	   1.193	         134300	      1.209	      1.228	      1.222	      1.143	           	      0.000	   1343.000	   6091.330	   6117.404	      0.014	      0.023	     -0.018	
 2019/04/30	   1.183	   1.187	   1.182	   1.182	          15400	      1.197	      1.223	      1.222	      1.146	           	      0.000	    154.000	   5976.600	   6088.408	      0.010	      0.021	     -0.020	
 2019/05/06	   1.181	   1.181	   1.124	   1.179	         183000	      1.189	      1.216	      1.221	      1.149	           	      0.000	   1830.000	   1459.400	   4938.902	      0.007	      0.018	     -0.022	
 2019/05/07	   1.164	   1.164	   1.152	   1.163	          53100	      1.181	      1.207	      1.218	      1.152	           	      0.000	    531.000	   1467.600	   4859.996	      0.003	      0.015	     -0.024	
 2019/05/08	   1.152	   1.152	   1.128	   1.147	          65594	      1.173	      1.196	      1.214	      1.154	           	      0.000	    655.940	    902.788	   3374.059	     -0.001	      0.012	     -0.026	
 2019/05/09	   1.145	   1.145	   1.093	   1.104	         483500	      1.155	      1.182	      1.208	      1.156	           	      0.000	   4835.000	   1601.188	   3846.259	     -0.008	      0.008	     -0.032	
 2019/05/10	   1.104	   1.147	   1.103	   1.122	         281700	      1.143	      1.170	      1.203	      1.158	           	      0.000	   2817.000	   2133.788	   4055.194	     -0.012	      0.004	     -0.031	
 2019/05/13	   1.133	   1.133	   1.116	   1.120	          31000	      1.131	      1.160	      1.198	      1.159	           	      0.000	    310.000	   1829.788	   1644.594	     -0.015	      0.000	     -0.030	
 2019/05/14	   1.120	   1.120	   1.108	   1.108	         154100	      1.120	      1.151	      1.192	      1.160	           	      0.000	   1541.000	   2031.788	   1749.694	     -0.018	     -0.004	     -0.029	
 2019/05/15	   1.119	   1.130	   1.112	   1.129	          36900	      1.117	      1.145	      1.188	      1.162	           	      0.000	    369.000	   1974.400	   1438.594	     -0.019	     -0.007	     -0.024	
 2019/05/16	   1.140	   1.148	   1.120	   1.139	         356823	      1.124	      1.139	      1.184	      1.163	           	      0.000	   3568.230	   1721.046	   1661.117	     -0.018	     -0.009	     -0.018	
 2019/05/17	   1.124	   1.138	   1.112	   1.112	          50500	      1.122	      1.132	      1.178	      1.164	           	      0.000	    505.000	   1258.646	   1696.217	     -0.020	     -0.011	     -0.017	
 2019/05/20	   1.121	   1.121	   1.106	   1.106	          39500	      1.119	      1.125	      1.171	      1.165	           	      0.000	    395.000	   1275.646	   1552.717	     -0.021	     -0.013	     -0.016	
 2019/05/21	   1.117	   1.128	   1.105	   1.121	          14100	      1.121	      1.121	      1.164	      1.166	           	      0.000	    141.000	    995.646	   1513.717	     -0.021	     -0.015	     -0.012	
 2019/05/22	   1.115	   1.120	   1.108	   1.108	          21500	      1.117	      1.117	      1.157	      1.167	           	      0.000	    215.000	    964.846	   1469.623	     -0.021	     -0.016	     -0.011	
 2019/05/23	   1.120	   1.120	   1.077	   1.097	         162083	      1.109	      1.116	      1.149	      1.167	           	      0.000	   1620.830	    575.366	   1148.206	     -0.022	     -0.017	     -0.010	
 2019/05/24	   1.090	   1.106	   1.089	   1.102	          21600	      1.107	      1.114	      1.142	      1.166	    216.000	      1.000	    216.000	    517.566	    888.106	     -0.023	     -0.018	     -0.009	
数据来源:通达信
