                  华夏300 (510330)
      时间	    开盘	    最高	    最低	    收盘	         成交量	   MA.MA1   	   MA.MA2   	   MA.MA3   	   MA.MA4   	VOL-TDX.VVOL  	VOL-TDX.      	VOL-TDX.VOLUME	VOL-TDX.MAVOL1	VOL-TDX.MAVOL2	 MACD.DIF   	 MACD.DEA   	 MACD.MACD  	
 2013/01/16	   2.583	   2.595	   2.524	   2.574	      107915224	           	           	           	           	           	      0.000	1079152.250	           	           	      0.000	      0.000	      0.000	
 2013/01/17	   2.562	   2.570	   2.535	   2.549	       59661680	           	           	           	           	           	      0.000	 596616.813	           	           	     -0.002	     -0.000	     -0.003	
 2013/01/18	   2.553	   2.600	   2.548	   2.591	       35015412	           	           	           	           	           	      0.000	 350154.125	           	           	     -0.000	     -0.000	      0.000	
 2013/01/21	   2.591	   2.602	   2.572	   2.598	       28925452	           	           	           	           	           	      0.000	 289254.531	           	           	      0.002	      0.000	      0.003	
 2013/01/22	   2.590	   2.611	   2.574	   2.590	       29757700	      2.580	           	           	           	           	      0.000	 297577.000	 522550.938	           	      0.003	      0.001	      0.004	
 2013/01/23	   2.590	   2.602	   2.573	   2.600	        9872391	      2.586	           	           	           	           	      0.000	  98723.906	 326465.281	           	      0.004	      0.001	      0.006	
 2013/01/24	   2.600	   2.660	   2.560	   2.588	       20127992	      2.593	           	           	           	           	      0.000	 201279.922	 247397.891	           	      0.004	      0.002	      0.005	
 2013/01/25	   2.587	   2.587	   2.564	   2.570	       24540892	      2.589	           	           	           	           	      0.000	 245408.922	 226448.859	           	      0.003	      0.002	      0.002	
 2013/01/28	   2.572	   2.644	   2.572	   2.642	       29577160	      2.598	           	           	           	           	      0.000	 295771.594	 227752.266	           	      0.008	      0.003	      0.009	
 2013/01/29	   2.640	   2.676	   2.639	   2.666	       32170452	      2.613	      2.597	           	           	           	      0.000	 321704.531	 232577.781	 377564.375	      0.013	      0.005	      0.016	
 2013/01/30	   2.672	   2.690	   2.662	   2.689	       16886428	      2.631	      2.608	           	           	           	      0.000	 168864.281	 246605.844	 286535.563	      0.019	      0.008	      0.022	
 2013/01/31	   2.689	   2.699	   2.673	   2.684	        8683643	      2.650	      2.622	           	           	           	      0.000	  86836.430	 223717.156	 235557.531	      0.023	      0.011	      0.024	
 2013/02/01	   2.684	   2.739	   2.671	   2.739	        7752864	      2.684	      2.637	           	           	           	      0.000	  77528.641	 190141.094	 208294.969	      0.030	      0.015	      0.031	
 2013/02/04	   2.740	   2.792	   2.730	   2.744	       12207826	      2.704	      2.651	           	           	           	      0.000	 122078.258	 155402.422	 191577.344	      0.036	      0.019	      0.034	
 2013/02/05	   2.740	   2.783	   2.730	   2.769	        9318427	      2.725	      2.669	           	           	           	      0.000	  93184.273	 109698.375	 171138.078	      0.042	      0.024	      0.037	
 2013/02/06	   2.769	   2.785	   2.764	   2.777	       25219720	      2.743	      2.687	           	           	           	      0.000	 252197.203	 126364.961	 186485.406	      0.047	      0.028	      0.038	
 2013/02/07	   2.777	   2.779	   2.730	   2.766	       12805133	      2.759	      2.705	           	           	           	      0.000	 128051.328	 134607.938	 179162.547	      0.050	      0.033	      0.034	
 2013/02/08	   2.764	   2.788	   2.754	   2.776	       11716866	      2.766	      2.725	           	           	           	      0.000	 117168.656	 142535.938	 166338.516	      0.052	      0.036	      0.031	
 2013/02/18	   2.776	   2.787	   2.733	   2.743	       15936794	      2.766	      2.735	           	           	           	      0.000	 159367.938	 149993.875	 152698.156	      0.050	      0.039	      0.022	
 2013/02/19	   2.730	   2.742	   2.681	   2.690	       10393668	      2.750	      2.738	      2.667	           	           	      0.000	 103936.680	 152144.359	 130921.367	      0.044	      0.040	      0.008	
 2013/02/20	   2.690	   2.703	   2.670	   2.703	        2820076	      2.736	      2.739	      2.674	           	           	      0.000	  28200.760	 107345.070	 116855.016	      0.040	      0.040	     -0.000	
 2013/02/21	   2.675	   2.675	   2.586	   2.609	        7602562	      2.704	      2.732	      2.677	           	           	      0.000	  76025.617	  96939.930	 115773.938	      0.029	      0.038	     -0.018	
 2013/02/22	   2.611	   2.617	   2.593	   2.601	        4124773	      2.669	      2.718	      2.677	           	           	      0.000	  41247.730	  81755.742	 112145.844	      0.019	      0.034	     -0.030	
 2013/02/25	   2.601	   2.632	   2.588	   2.608	       10719477	      2.642	      2.704	      2.678	           	           	      0.000	 107194.773	  71321.109	 110657.492	      0.012	      0.030	     -0.036	
 2013/02/26	   2.599	   2.628	   2.559	   2.562	       10470293	      2.617	      2.684	      2.676	           	           	      0.000	 104702.930	  71474.359	 111809.359	      0.002	      0.024	     -0.044	
 2013/02/27	   2.562	   2.612	   2.562	   2.585	       10330436	      2.593	      2.664	      2.676	           	           	      0.000	 103304.359	  86495.078	  96920.078	     -0.003	      0.019	     -0.044	
 2013/02/28	   2.600	   2.672	   2.592	   2.669	       16167195	      2.605	      2.655	      2.680	           	           	      0.000	 161671.953	 103624.352	 100282.141	     -0.001	      0.015	     -0.032	
 2013/03/01	   2.667	   2.681	   2.611	   2.670	       11105662	      2.619	      2.644	      2.685	           	           	      0.000	 111056.617	 117586.125	  99670.938	      0.001	      0.012	     -0.022	
 2013/03/04	   2.620	   2.670	   2.539	   2.549	       21953324	      2.607	      2.625	      2.680	           	           	      0.000	 219533.234	 140053.813	 105687.469	     -0.007	      0.008	     -0.031	
 2013/03/05	   2.563	   2.623	   2.546	   2.619	       11834970	      2.618	      2.618	      2.678	           	           	      0.000	 118349.703	 142783.172	 107128.766	     -0.008	      0.005	     -0.026	
 2013/03/06	   2.627	   2.660	   2.621	   2.649	       15546982	      2.631	      2.612	      2.676	           	           	      0.000	 155469.813	 153216.266	 119855.672	     -0.006	      0.003	     -0.018	
 2013/03/07	   2.630	   2.659	   2.591	   2.620	        8421157	      2.621	      2.613	      2.672	           	           	      0.000	  84211.570	 137724.188	 120674.266	     -0.007	      0.001	     -0.015	
 2013/03/08	   2.624	   2.631	   2.605	   2.609	        3892285	      2.609	      2.614	      2.666	           	           	      0.000	  38922.852	 123297.438	 120441.781	     -0.008	     -0.001	     -0.014	
 2013/03/11	   2.600	   2.613	   2.575	   2.591	        3420818	      2.618	      2.612	      2.658	           	           	      0.000	  34208.180	  86232.422	 113143.125	     -0.011	     -0.003	     -0.015	
 2013/03/12	   2.591	   2.615	   2.528	   2.553	        6465027	      2.604	      2.611	      2.647	           	           	      0.000	  64650.270	  75492.539	 109137.852	     -0.016	     -0.006	     -0.020	
 2013/03/13	   2.549	   2.556	   2.512	   2.527	        6941741	      2.580	      2.606	      2.635	           	           	      0.000	  69417.406	  58282.055	 105749.156	     -0.021	     -0.009	     -0.025	
 2013/03/14	   2.527	   2.545	   2.510	   2.531	       17727428	      2.562	      2.592	      2.623	           	           	      0.000	 177274.281	  76894.594	 107309.391	     -0.025	     -0.012	     -0.026	
 2013/03/15	   2.522	   2.600	   2.506	   2.540	       14826576	      2.548	      2.579	      2.611	           	           	      0.000	 148265.766	  98763.180	 111030.305	     -0.027	     -0.015	     -0.024	
 2013/03/18	   2.540	   2.549	   2.503	   2.506	        6475991	      2.531	      2.575	      2.600	           	           	      0.000	  64759.910	 104873.523	  95552.977	     -0.031	     -0.018	     -0.026	
 2013/03/19	   2.515	   2.528	   2.494	   2.525	       10563149	      2.526	      2.565	      2.591	           	           	      0.000	 105631.492	 113069.773	  94281.156	     -0.032	     -0.021	     -0.023	
 2013/03/20	   2.530	   2.605	   2.526	   2.605	       42530212	      2.541	      2.561	      2.586	           	           	      0.000	 425302.125	 184246.719	 121264.383	     -0.027	     -0.022	     -0.009	
 2013/03/21	   2.605	   2.622	   2.600	   2.609	       11184295	      2.557	      2.560	      2.586	           	           	      0.000	 111842.953	 171160.453	 124027.523	     -0.021	     -0.022	      0.001	
 2013/03/22	   2.620	   2.624	   2.602	   2.617	        7036830	      2.572	      2.560	      2.587	           	           	      0.000	  70368.297	 155580.953	 127172.070	     -0.017	     -0.021	      0.009	
 2013/03/25	   2.640	   2.640	   2.604	   2.611	        8265071	      2.593	      2.562	      2.587	           	           	      0.000	  82650.711	 159159.109	 132016.328	     -0.013	     -0.019	      0.013	
 2013/03/26	   2.608	   2.608	   2.550	   2.571	        7203221	      2.603	      2.564	      2.588	           	           	      0.000	  72032.211	 152439.266	 132754.516	     -0.013	     -0.018	      0.010	
 2013/03/27	   2.571	   2.609	   2.559	   2.581	       10190732	      2.598	      2.570	      2.588	           	           	      0.000	 101907.320	  87760.297	 136003.500	     -0.013	     -0.017	      0.009	
 2013/03/28	   2.544	   2.563	   2.498	   2.498	       14747800	      2.576	      2.566	      2.579	           	           	      0.000	 147478.000	  94887.305	 133023.875	     -0.018	     -0.017	     -0.002	
 2013/03/29	   2.521	   2.521	   2.481	   2.494	       10881104	      2.551	      2.562	      2.570	           	           	      0.000	 108811.039	 102575.859	 129078.406	     -0.023	     -0.018	     -0.009	
 2013/04/01	   2.480	   2.506	   2.480	   2.491	        9619566	      2.527	      2.560	      2.567	           	           	      0.000	  96195.656	 105284.844	 132221.984	     -0.027	     -0.020	     -0.013	
 2013/04/02	   2.500	   2.524	   2.475	   2.488	       11285600	      2.510	      2.556	      2.561	           	           	      0.000	 112856.000	 113449.602	 132944.438	     -0.030	     -0.022	     -0.015	
 2013/04/03	   2.514	   2.514	   2.476	   2.485	       19478504	      2.491	      2.544	      2.553	           	           	      0.000	 194785.047	 132025.156	 109892.727	     -0.032	     -0.024	     -0.016	
 2013/04/08	   2.455	   2.474	   2.380	   2.469	       10093473	      2.485	      2.530	      2.545	           	           	      0.000	 100934.727	 122716.492	 108801.898	     -0.034	     -0.026	     -0.017	
 2013/04/09	   2.488	   2.506	   2.477	   2.487	       13615503	      2.484	      2.517	      2.539	           	           	      0.000	 136155.031	 128185.289	 115380.578	     -0.034	     -0.028	     -0.014	
 2013/04/10	   2.490	   2.499	   2.468	   2.486	        3172700	      2.483	      2.505	      2.534	           	           	      0.000	  31727.000	 115291.563	 110288.203	     -0.034	     -0.029	     -0.011	
 2013/04/11	   2.504	   2.508	   2.474	   2.475	        9263690	      2.480	      2.495	      2.530	           	           	      0.000	  92636.898	 111247.742	 112348.672	     -0.035	     -0.030	     -0.009	
 2013/04/12	   2.460	   2.490	   2.460	   2.465	       16080274	      2.476	      2.484	      2.527	           	           	      0.000	 160802.734	 104451.281	 118238.211	     -0.035	     -0.031	     -0.008	
 2013/04/15	   2.466	   2.466	   2.433	   2.439	       28393918	      2.470	      2.478	      2.522	           	           	      0.000	 283939.188	 141052.172	 131884.328	     -0.038	     -0.032	     -0.010	
 2013/04/16	   2.440	   2.456	   2.420	   2.455	       20604588	      2.464	      2.474	      2.518	           	           	      0.000	 206045.875	 155030.344	 141607.813	     -0.038	     -0.034	     -0.008	
 2013/04/17	   2.454	   2.463	   2.435	   2.457	       16374500	      2.458	      2.471	      2.515	           	           	      0.000	 163745.000	 181433.938	 148362.750	     -0.037	     -0.034	     -0.006	
 2013/04/18	   2.432	   2.477	   2.432	   2.464	       15505209	      2.456	      2.468	      2.512	      2.590	           	      0.000	 155052.094	 193916.984	 152582.359	     -0.036	     -0.034	     -0.002	
 2013/04/19	   2.468	   2.543	   2.468	   2.532	       20012436	      2.469	      2.473	      2.509	      2.590	           	      0.000	 200124.359	 201781.297	 153116.297	     -0.029	     -0.033	      0.009	
 2013/04/22	   2.539	   2.539	   2.519	   2.530	        9274486	      2.488	      2.479	      2.505	      2.589	           	      0.000	  92744.859	 163542.438	 152297.297	     -0.023	     -0.031	      0.016	
 2013/04/23	   2.530	   2.530	   2.448	   2.453	       25126900	      2.487	      2.476	      2.497	      2.587	           	      0.000	 251269.000	 172587.063	 163808.703	     -0.025	     -0.030	      0.011	
 2013/04/24	   2.453	   2.510	   2.448	   2.492	       34527208	      2.494	      2.476	      2.491	      2.585	           	      0.000	 345272.094	 208892.484	 195163.203	     -0.022	     -0.028	      0.012	
 2013/04/25	   2.450	   2.504	   2.450	   2.467	       31605366	      2.495	      2.475	      2.485	      2.583	           	      0.000	 316053.656	 241092.797	 217504.891	     -0.022	     -0.027	      0.010	
 2013/04/26	   2.468	   2.483	   2.440	   2.446	       24182900	      2.478	      2.474	      2.479	      2.581	           	      0.000	 241829.000	 249433.719	 225607.516	     -0.024	     -0.026	      0.006	
 2013/05/02	   2.440	   2.454	   2.400	   2.448	        9206327	      2.461	      2.474	      2.476	      2.578	           	      0.000	  92063.273	 249297.406	 206419.922	     -0.024	     -0.026	      0.003	
 2013/05/03	   2.460	   2.523	   2.460	   2.491	       24543326	      2.469	      2.478	      2.476	      2.577	           	      0.000	 245433.266	 248130.250	 210358.656	     -0.021	     -0.025	      0.008	
 2013/05/06	   2.495	   2.532	   2.495	   2.520	       22586200	      2.474	      2.484	      2.477	      2.575	           	      0.000	 225862.000	 224248.234	 216570.359	     -0.016	     -0.023	      0.014	
 2013/05/07	   2.522	   2.536	   2.505	   2.527	       20021440	      2.486	      2.491	      2.479	      2.573	           	      0.000	 200214.406	 201080.391	 221086.594	     -0.011	     -0.021	      0.019	
 2013/05/08	   2.527	   2.666	   2.527	   2.542	       20329432	      2.506	      2.492	      2.482	      2.570	           	      0.000	 203294.313	 193373.453	 221403.594	     -0.006	     -0.018	      0.023	
 2013/05/09	   2.530	   2.549	   2.505	   2.526	        8770500	      2.521	      2.491	      2.485	      2.568	           	      0.000	  87705.000	 192501.797	 220899.594	     -0.004	     -0.015	      0.023	
 2013/05/10	   2.520	   2.545	   2.518	   2.540	       23062816	      2.531	      2.500	      2.488	      2.564	           	      0.000	 230628.156	 189540.781	 218835.516	     -0.000	     -0.012	      0.024	
 2013/05/13	   2.538	   2.546	   2.515	   2.530	       10001784	      2.533	      2.504	      2.490	      2.561	           	      0.000	 100017.844	 164371.938	 194310.094	      0.001	     -0.010	      0.022	
 2013/05/14	   2.529	   2.529	   2.474	   2.493	       10403650	      2.526	      2.506	      2.491	      2.556	           	      0.000	 104036.500	 145136.359	 173108.375	     -0.000	     -0.008	      0.015	
 2013/05/15	   2.492	   2.507	   2.491	   2.506	       14805100	      2.519	      2.512	      2.493	      2.552	           	      0.000	 148051.000	 134087.703	 163730.578	     -0.000	     -0.006	      0.012	
 2013/05/16	   2.500	   2.552	   2.486	   2.549	       43490108	      2.524	      2.522	      2.498	      2.548	           	      0.000	 434901.094	 203526.922	 198014.359	      0.003	     -0.004	      0.015	
 2013/05/17	   2.552	   2.603	   2.550	   2.596	       20072428	      2.535	      2.533	      2.505	      2.545	           	      0.000	 200724.281	 197546.141	 193543.453	      0.009	     -0.002	      0.022	
 2013/05/20	   2.596	   2.630	   2.596	   2.614	       78506584	      2.552	      2.542	      2.513	      2.543	           	      0.000	 785065.813	 334555.750	 249463.844	      0.015	      0.002	      0.027	
 2013/05/21	   2.613	   2.620	   2.598	   2.616	       12508007	      2.576	      2.551	      2.521	      2.542	           	      0.000	 125080.070	 338764.438	 241950.406	      0.020	      0.005	      0.030	
 2013/05/22	   2.616	   2.631	   2.609	   2.617	       46387996	      2.598	      2.559	      2.525	      2.540	           	      0.000	 463879.969	 401930.250	 268008.969	      0.024	      0.009	      0.030	
 2013/05/23	   2.609	   2.633	   2.582	   2.588	       27821448	      2.606	      2.565	      2.528	      2.540	           	      0.000	 278214.469	 370592.906	 287059.906	      0.024	      0.012	      0.024	
 2013/05/24	   2.575	   2.847	   2.575	   2.599	       24326148	      2.607	      2.571	      2.535	      2.540	           	      0.000	 243261.484	 379100.375	 288323.250	      0.025	      0.015	      0.021	
 2013/05/27	   2.600	   2.620	   2.597	   2.601	      109115416	      2.604	      2.578	      2.541	      2.540	           	      0.000	1091154.125	 440318.031	 387436.875	      0.026	      0.017	      0.017	
 2013/05/28	   2.609	   2.652	   2.593	   2.652	       27790904	      2.611	      2.594	      2.550	      2.541	           	      0.000	 277909.031	 470883.813	 404824.125	      0.030	      0.020	      0.021	
 2013/05/29	   2.670	   2.672	   2.645	   2.652	       93211376	      2.618	      2.608	      2.560	      2.542	           	      0.000	 932113.750	 564530.563	 483230.406	      0.033	      0.022	      0.021	
 2013/05/30	   2.652	   2.657	   2.633	   2.644	       34093296	      2.630	      2.618	      2.570	      2.542	           	      0.000	 340932.969	 577074.250	 473833.594	      0.034	      0.025	      0.019	
 2013/05/31	   2.692	   2.693	   2.610	   2.613	       20336400	      2.632	      2.620	      2.576	      2.541	           	      0.000	 203364.000	 569094.750	 474097.563	      0.032	      0.026	      0.012	
 2013/06/03	   2.611	   2.638	   2.611	   2.616	       14147401	      2.635	      2.620	      2.581	      2.542	           	      0.000	 141474.016	 379158.750	 409738.375	      0.031	      0.027	      0.007	
 2013/06/04	   2.610	   2.611	   2.570	   2.578	       32278812	      2.621	      2.616	      2.584	      2.541	           	      0.000	 322788.125	 388134.563	 429509.188	      0.026	      0.027	     -0.002	
 2013/06/05	   2.576	   2.581	   2.560	   2.573	       11734600	      2.605	      2.612	      2.585	      2.540	           	      0.000	 117346.000	 225181.016	 394855.813	      0.022	      0.026	     -0.008	
 2013/06/06	   2.565	   2.572	   2.541	   2.542	       42563784	      2.584	      2.607	      2.586	      2.539	           	      0.000	 425637.844	 242122.000	 409598.125	      0.016	      0.024	     -0.016	
 2013/06/07	   2.542	   2.556	   2.489	   2.504	       25139346	      2.563	      2.598	      2.584	      2.537	           	      0.000	 251393.453	 251727.891	 410411.344	      0.008	      0.021	     -0.026	
 2013/06/13	   2.496	   2.496	   2.395	   2.424	      292618496	      2.524	      2.580	      2.579	      2.534	           	      0.000	2926185.000	 808670.063	 593914.438	     -0.005	      0.015	     -0.041	
 2013/06/14	   2.424	   2.444	   2.421	   2.440	      186355552	      2.497	      2.559	      2.576	      2.532	           	      0.000	1863555.500	1116823.500	 752479.063	     -0.014	      0.010	     -0.047	
 2013/06/17	   2.441	   2.454	   2.420	   2.427	       49141600	      2.467	      2.536	      2.572	      2.531	           	      0.000	 491416.000	1191637.500	 708409.313	     -0.021	      0.003	     -0.050	
 2013/06/18	   2.431	   2.444	   2.413	   2.441	       28472630	      2.447	      2.516	      2.567	      2.529	           	      0.000	 284726.313	1163455.250	 702788.625	     -0.026	     -0.003	     -0.047	
 2013/06/19	   2.438	   2.438	   2.386	   2.425	       19508400	      2.431	      2.497	      2.558	      2.527	           	      0.000	 195084.000	1152193.375	 701960.625	     -0.031	     -0.008	     -0.045	
 2013/06/20	   2.425	   2.425	   2.346	   2.346	       21866400	      2.416	      2.470	      2.545	      2.525	           	      0.000	 218664.000	 610689.188	 709679.625	     -0.040	     -0.015	     -0.051	
 2013/06/21	   2.340	   2.353	   2.298	   2.339	       25814548	      2.396	      2.446	      2.531	      2.521	           	      0.000	 258145.484	 289607.156	 703215.375	     -0.048	     -0.021	     -0.053	
 2013/06/24	   2.330	   2.330	   2.184	   2.191	       52625180	      2.348	      2.408	      2.510	      2.515	           	      0.000	 526251.813	 296574.313	 744105.938	     -0.065	     -0.030	     -0.070	
 2013/06/25	   2.182	   2.196	   2.046	   2.192	      238973776	      2.299	      2.373	      2.490	      2.508	           	      0.000	2389737.750	 717576.625	 940515.938	     -0.078	     -0.039	     -0.076	
 2013/06/26	   2.191	   2.205	   2.155	   2.193	      107362160	      2.252	      2.342	      2.470	      2.501	           	      0.000	1073621.625	 893284.125	1022738.750	     -0.087	     -0.049	     -0.075	
 2013/06/27	   2.196	   2.228	   2.184	   2.194	      223430096	      2.222	      2.319	      2.449	      2.494	           	      0.000	2234301.000	1296411.500	 953550.375	     -0.093	     -0.058	     -0.070	
 2013/06/28	   2.194	   2.260	   2.171	   2.220	       29922828	      2.198	      2.297	      2.428	      2.488	           	      0.000	 299228.281	1304628.125	 797117.625	     -0.094	     -0.065	     -0.058	
 2013/07/01	   2.221	   2.241	   2.200	   2.238	       27411656	      2.207	      2.278	      2.407	      2.482	           	      0.000	 274116.563	1254201.000	 775387.688	     -0.093	     -0.071	     -0.045	
 2013/07/02	   2.239	   2.251	   2.223	   2.244	       28852600	      2.218	      2.258	      2.387	      2.478	           	      0.000	 288526.000	 833958.688	 775767.625	     -0.090	     -0.074	     -0.032	
 2013/07/03	   2.240	   2.240	   2.201	   2.238	       25605880	      2.227	      2.240	      2.368	      2.474	           	      0.000	 256058.797	 670446.125	 781865.125	     -0.088	     -0.077	     -0.021	
 2013/07/04	   2.217	   2.280	   2.210	   2.252	       24035072	      2.238	      2.230	      2.350	      2.470	           	      0.000	 240350.719	 271656.063	 784033.813	     -0.084	     -0.078	     -0.010	
 2013/07/05	   2.273	   2.285	   2.256	   2.256	        6724633	      2.246	      2.222	      2.334	      2.466	           	      0.000	  67246.328	 225259.688	 764943.875	     -0.079	     -0.079	     -0.001	
 2013/07/08	   2.239	   2.241	   2.196	   2.206	       22652200	      2.239	      2.223	      2.316	      2.461	           	      0.000	 226522.000	 215740.766	 734970.875	     -0.079	     -0.079	     -0.000	
 2013/07/09	   2.206	   2.212	   2.187	   2.198	        5397509	      2.230	      2.224	      2.298	      2.456	           	      0.000	  53975.090	 168830.594	 501394.625	     -0.078	     -0.078	      0.001	
 2013/07/10	   2.199	   2.254	   2.188	   2.254	       15710210	      2.233	      2.230	      2.286	      2.453	           	      0.000	 157102.094	 149039.250	 409742.688	     -0.072	     -0.077	      0.010	
 2013/07/11	   2.252	   2.399	   2.252	   2.368	       43650004	      2.256	      2.247	      2.283	      2.451	           	      0.000	 436500.031	 188269.109	 229962.594	     -0.058	     -0.073	      0.031	
 2013/07/12	   2.368	   2.379	   2.319	   2.319	       22135302	      2.269	      2.257	      2.277	      2.448	           	      0.000	 221353.016	 219090.453	 222175.063	     -0.050	     -0.069	      0.038	
 2013/07/15	   2.322	   2.387	   2.322	   2.343	       49194456	      2.296	      2.268	      2.273	      2.446	           	      0.000	 491944.563	 272174.969	 243957.859	     -0.041	     -0.063	      0.044	
 2013/07/16	   2.300	   2.366	   2.300	   2.365	       17291020	      2.330	      2.280	      2.269	      2.445	           	      0.000	 172910.203	 295961.969	 232396.281	     -0.032	     -0.057	      0.050	
 2013/07/17	   2.355	   2.377	   2.329	   2.329	       14448003	      2.345	      2.289	      2.264	      2.443	           	      0.000	 144480.031	 293437.563	 221238.406	     -0.027	     -0.051	      0.048	
 2013/07/18	   2.316	   2.325	   2.285	   2.295	       16420167	      2.330	      2.293	      2.262	      2.440	           	      0.000	 164201.672	 238977.891	 213623.500	     -0.026	     -0.046	      0.040	
 2013/07/19	   2.324	   2.324	   2.221	   2.233	       22973880	      2.313	      2.291	      2.256	      2.436	           	      0.000	 229738.797	 240655.047	 229872.750	     -0.029	     -0.043	      0.026	
 2013/07/22	   2.233	   2.247	   2.204	   2.242	       23623104	      2.293	      2.295	      2.259	      2.431	           	      0.000	 236231.047	 189512.344	 230843.656	     -0.031	     -0.040	      0.018	
 2013/07/23	   2.280	   2.326	   2.252	   2.309	       47718592	      2.282	      2.306	      2.265	      2.428	           	      0.000	 477185.906	 250367.484	 273164.750	     -0.027	     -0.038	      0.021	
 2013/07/24	   2.305	   2.313	   2.262	   2.296	       91463880	      2.275	      2.310	      2.270	      2.425	           	      0.000	 914638.813	 404399.250	 348918.406	     -0.024	     -0.035	      0.021	
 2013/07/25	   2.320	   2.321	   2.275	   2.287	       77393056	      2.273	      2.302	      2.275	      2.422	           	      0.000	 773930.563	 526345.000	 382661.469	     -0.023	     -0.033	      0.019	
 2013/07/26	   2.269	   2.287	   2.256	   2.274	       13626157	      2.282	      2.297	      2.277	      2.418	           	      0.000	 136261.563	 507649.563	 374152.313	     -0.022	     -0.031	      0.016	
 2013/07/29	   2.260	   2.260	   2.219	   2.222	        9221061	      2.278	      2.285	      2.276	      2.415	           	      0.000	  92210.609	 478845.500	 334178.906	     -0.026	     -0.030	      0.007	
 2013/07/30	   2.227	   2.275	   2.216	   2.236	       33880496	      2.263	      2.272	      2.276	      2.411	           	      0.000	 338804.969	 451169.313	 350768.406	     -0.027	     -0.029	      0.004	
 2013/07/31	   2.272	   2.287	   2.232	   2.241	       31718652	      2.252	      2.263	      2.276	      2.407	           	      0.000	 317186.531	 331678.844	 368039.063	     -0.028	     -0.029	      0.003	
 2013/08/01	   2.253	   2.302	   2.250	   2.300	      119796312	      2.255	      2.264	      2.279	      2.403	           	      0.000	1197963.125	 416485.375	 471415.188	     -0.023	     -0.028	      0.010	
 2013/08/02	   2.309	   2.329	   2.295	   2.300	       42786800	      2.260	      2.271	      2.281	      2.399	           	      0.000	 427868.000	 474806.656	 491228.125	     -0.019	     -0.026	      0.014	
 2013/08/05	   2.302	   2.333	   2.296	   2.331	       22693108	      2.282	      2.280	      2.287	      2.396	           	      0.000	 226931.078	 501750.750	 490298.125	     -0.013	     -0.023	      0.021	
 2013/08/06	   2.346	   2.359	   2.306	   2.345	       31680628	      2.303	      2.283	      2.294	      2.393	           	      0.000	 316806.281	 497351.000	 474260.156	     -0.007	     -0.020	      0.026	
 2013/08/07	   2.343	   2.368	   2.326	   2.331	       73227872	      2.321	      2.287	      2.298	      2.389	           	      0.000	 732278.750	 580369.438	 456024.156	     -0.004	     -0.017	      0.026	
 2013/08/08	   2.331	   2.360	   2.320	   2.330	       24601192	      2.327	      2.291	      2.296	      2.386	           	      0.000	 246011.922	 389979.219	 403232.281	     -0.001	     -0.014	      0.025	
 2013/08/09	   2.340	   2.356	   2.306	   2.339	       26639122	      2.335	      2.297	      2.297	      2.384	           	      0.000	 266391.219	 357683.844	 416245.250	      0.002	     -0.011	      0.025	
 2013/08/12	   2.359	   2.414	   2.350	   2.412	      124906456	      2.351	      2.316	      2.301	      2.382	           	      0.000	1249064.500	 562110.563	 531930.625	      0.010	     -0.006	      0.033	
 2013/08/13	   2.418	   2.418	   2.398	   2.413	       54682992	      2.365	      2.334	      2.303	      2.380	           	      0.000	 546829.938	 608115.250	 552733.125	      0.016	     -0.002	      0.036	
 2013/08/14	   2.415	   2.447	   2.402	   2.409	       50026192	      2.381	      2.351	      2.307	      2.377	           	      0.000	 500261.906	 561711.875	 571040.688	      0.021	      0.003	      0.036	
 2013/08/15	   2.402	   2.417	   2.375	   2.377	       21317546	      2.390	      2.359	      2.311	      2.373	           	      0.000	 213175.453	 555144.625	 472561.906	      0.021	      0.006	      0.030	
 2013/08/16	   2.372	   2.460	   2.347	   2.362	       60068920	      2.395	      2.365	      2.318	      2.368	           	      0.000	 600689.188	 622004.188	 489844.031	      0.020	      0.009	      0.022	
 2013/08/19	   2.340	   2.393	   2.340	   2.382	      162885712	      2.389	      2.370	      2.325	      2.365	           	      0.000	1628857.125	 697962.750	 630036.625	      0.021	      0.012	      0.019	
 2013/08/20	   2.383	   2.406	   2.354	   2.365	       23504150	      2.379	      2.372	      2.328	      2.361	           	      0.000	 235041.500	 635605.063	 621860.125	      0.020	      0.013	      0.013	
 2013/08/21	   2.374	   2.374	   2.345	   2.366	       17175786	      2.370	      2.375	      2.331	      2.357	           	      0.000	 171757.859	 569904.250	 565808.063	      0.019	      0.014	      0.009	
 2013/08/22	   2.363	   2.385	   2.353	   2.359	       36659808	      2.367	      2.378	      2.335	      2.353	           	      0.000	 366598.094	 600588.750	 577866.688	      0.017	      0.015	      0.005	
 2013/08/23	   2.377	   2.395	   2.305	   2.344	       28838672	      2.363	      2.379	      2.338	      2.348	           	      0.000	 288386.719	 538128.250	 580066.250	      0.015	      0.015	     -0.000	
 2013/08/26	   2.344	   2.394	   2.344	   2.394	       78628544	      2.366	      2.377	      2.347	      2.343	           	      0.000	 786285.438	 369613.938	 533788.313	      0.017	      0.015	      0.003	
 2013/08/27	   2.390	   2.398	   2.373	   2.395	       12251657	      2.372	      2.375	      2.355	      2.339	           	      0.000	 122516.570	 347108.938	 491357.000	      0.018	      0.016	      0.004	
 2013/08/28	   2.395	   2.402	   2.361	   2.385	       18086284	      2.375	      2.373	      2.362	      2.335	           	      0.000	 180862.844	 348929.938	 459417.094	      0.018	      0.016	      0.003	
 2013/08/29	   2.389	   2.399	   2.361	   2.374	       13726121	      2.378	      2.373	      2.366	      2.331	           	      0.000	 137261.203	 303062.563	 451825.656	      0.017	      0.016	      0.001	
 2013/08/30	   2.370	   2.393	   2.357	   2.368	       24755754	      2.383	      2.373	      2.369	      2.328	           	      0.000	 247557.547	 294896.719	 416512.500	      0.015	      0.016	     -0.002	
 2013/09/02	   2.370	   2.384	   2.356	   2.376	       14533320	      2.380	      2.373	      2.371	      2.325	           	      0.000	 145333.203	 166706.281	 268160.094	      0.014	      0.016	     -0.003	
 2013/09/03	   2.383	   2.414	   2.381	   2.410	       27231782	      2.383	      2.377	      2.375	      2.322	           	      0.000	 272317.813	 196666.516	 271887.719	      0.016	      0.016	      0.001	
 2013/09/04	   2.409	   2.414	   2.404	   2.409	       18788600	      2.387	      2.381	      2.378	      2.321	           	      0.000	 187886.000	 198071.156	 273500.531	      0.018	      0.016	      0.003	
 2013/09/05	   2.410	   2.410	   2.392	   2.401	       15916118	      2.393	      2.386	      2.382	      2.320	           	      0.000	 159161.188	 202451.156	 252756.859	      0.018	      0.017	      0.003	
 2013/09/06	   2.401	   2.420	   2.395	   2.413	       48985340	      2.402	      2.392	      2.386	      2.320	           	      0.000	 489853.406	 250910.328	 272903.531	      0.019	      0.017	      0.004	
 2013/09/09	   2.414	   2.508	   2.414	   2.500	       29765488	      2.427	      2.403	      2.390	      2.321	           	      0.000	 297654.875	 281374.656	 224040.469	      0.026	      0.019	      0.015	
 2013/09/10	   2.500	   2.536	   2.500	   2.530	       66076060	      2.451	      2.417	      2.396	      2.323	           	      0.000	 660760.625	 359063.219	 277864.875	      0.034	      0.022	      0.024	
 2013/09/11	   2.530	   2.558	   2.530	   2.546	       51445216	      2.478	      2.433	      2.403	      2.325	           	      0.000	 514452.156	 424376.438	 311223.813	      0.041	      0.026	      0.031	
 2013/09/12	   2.546	   2.592	   2.533	   2.565	       28812424	      2.511	      2.452	      2.412	      2.328	           	      0.000	 288124.250	 450169.063	 326310.094	      0.048	      0.030	      0.035	
 2013/09/13	   2.565	   2.575	   2.547	   2.553	       20431844	      2.539	      2.470	      2.422	      2.332	           	      0.000	 204318.438	 393062.063	 321986.188	      0.051	      0.034	      0.034	
 2013/09/16	   2.552	   2.570	   2.530	   2.540	       38850728	      2.547	      2.487	      2.430	      2.338	           	      0.000	 388507.281	 411232.563	 346303.594	      0.053	      0.038	      0.029	
 2013/09/17	   2.536	   2.538	   2.490	   2.491	       37243728	      2.539	      2.495	      2.436	      2.343	           	      0.000	 372437.281	 353567.875	 356315.563	      0.049	      0.040	      0.018	
 2013/09/18	   2.490	   2.496	   2.466	   2.493	       28173078	      2.528	      2.503	      2.442	      2.348	           	      0.000	 281730.781	 307023.594	 365700.031	      0.046	      0.041	      0.009	
 2013/09/23	   2.493	   2.532	   2.493	   2.528	       75415192	      2.521	      2.516	      2.451	      2.353	           	      0.000	 754151.938	 400229.156	 425199.094	      0.046	      0.042	      0.007	
 2013/09/24	   2.527	   2.527	   2.478	   2.507	       20338446	      2.512	      2.525	      2.459	      2.358	           	      0.000	 203384.453	 400042.344	 396552.219	      0.043	      0.043	      0.002	
 2013/09/25	   2.503	   2.515	   2.486	   2.488	        6462150	      2.501	      2.524	      2.464	      2.362	           	      0.000	  64621.500	 335265.188	 373248.875	      0.040	      0.042	     -0.005	
 2013/09/26	   2.483	   2.483	   2.445	   2.448	       20575698	      2.493	      2.516	      2.466	      2.366	           	      0.000	 205756.984	 301929.125	 327748.500	      0.033	      0.040	     -0.014	
 2013/09/27	   2.448	   2.459	   2.440	   2.456	        6222538	      2.485	      2.507	      2.470	      2.369	           	      0.000	  62225.379	 258028.047	 282525.844	      0.028	      0.038	     -0.020	
 2013/09/30	   2.476	   2.476	   2.457	   2.465	        8260909	      2.473	      2.497	      2.474	      2.373	           	      0.000	  82609.094	 123719.484	 261974.313	      0.024	      0.035	     -0.021	
 2013/10/08	   2.462	   2.507	   2.450	   2.502	       23680628	      2.472	      2.492	      2.481	      2.377	           	      0.000	 236806.281	 130403.844	 265223.094	      0.024	      0.033	     -0.017	
 2013/10/09	   2.487	   2.510	   2.487	   2.510	        6917300	      2.476	      2.489	      2.488	      2.382	           	      0.000	  69173.000	 131314.141	 233289.672	      0.025	      0.031	     -0.013	
 2013/10/10	   2.513	   2.516	   2.483	   2.491	       11477580	      2.485	      2.489	      2.492	      2.387	           	      0.000	 114775.797	 113117.906	 207523.516	      0.023	      0.030	     -0.013	
 2013/10/11	   2.506	   2.533	   2.501	   2.527	       21848090	      2.499	      2.492	      2.498	      2.391	           	      0.000	 218480.906	 144369.016	 201198.531	      0.025	      0.029	     -0.008	
 2013/10/14	   2.530	   2.540	   2.524	   2.530	       18741624	      2.512	      2.492	      2.504	      2.394	           	      0.000	 187416.234	 165330.438	 144524.969	      0.026	      0.028	     -0.005	
 2013/10/15	   2.533	   2.537	   2.512	   2.528	       16328086	      2.517	      2.494	      2.510	      2.398	           	      0.000	 163280.859	 150625.359	 140514.609	      0.026	      0.028	     -0.003	
 2013/10/16	   2.528	   2.528	   2.473	   2.483	       14708500	      2.512	      2.494	      2.509	      2.400	           	      0.000	 147085.000	 166207.766	 148760.953	      0.022	      0.027	     -0.008	
 2013/10/17	   2.490	   2.500	   2.467	   2.471	       10979195	      2.508	      2.496	      2.506	      2.402	           	      0.000	 109791.953	 165210.984	 139164.453	      0.018	      0.025	     -0.013	
 2013/10/18	   2.472	   2.493	   2.470	   2.483	       55679648	      2.499	      2.499	      2.503	      2.404	           	      0.000	 556796.500	 232874.109	 188621.563	      0.016	      0.023	     -0.014	
 2013/10/21	   2.487	   2.536	   2.480	   2.534	       22201096	      2.500	      2.506	      2.501	      2.408	           	      0.000	 222010.953	 239793.047	 202561.750	      0.018	      0.022	     -0.008	
 2013/10/22	   2.533	   2.533	   2.501	   2.506	       18871724	      2.495	      2.506	      2.499	      2.413	           	      0.000	 188717.234	 244880.328	 197752.844	      0.017	      0.021	     -0.008	
 2013/10/23	   2.511	   2.535	   2.474	   2.480	       25381300	      2.495	      2.503	      2.496	      2.417	           	      0.000	 253813.000	 266225.938	 216216.844	      0.014	      0.020	     -0.011	
 2013/10/24	   2.477	   2.483	   2.459	   2.461	       26003200	      2.493	      2.500	      2.495	      2.419	           	      0.000	 260032.000	 296273.938	 230742.469	      0.010	      0.018	     -0.015	
 2013/10/25	   2.463	   2.470	   2.409	   2.423	       33180054	      2.481	      2.490	      2.491	      2.421	           	      0.000	 331800.531	 251274.750	 242074.422	      0.004	      0.015	     -0.022	
 2013/10/28	   2.426	   2.433	   2.413	   2.425	       18229400	      2.459	      2.479	      2.486	      2.424	           	      0.000	 182294.000	 243331.359	 241562.203	     -0.001	      0.012	     -0.025	
 2013/10/29	   2.427	   2.466	   2.388	   2.426	       39860864	      2.443	      2.469	      2.482	      2.426	           	      0.000	 398608.625	 285309.625	 265094.969	     -0.005	      0.009	     -0.026	
 2013/10/30	   2.428	   2.462	   2.420	   2.460	       30162588	      2.439	      2.467	      2.480	      2.430	           	      0.000	 301625.875	 294872.219	 280549.063	     -0.005	      0.006	     -0.021	
 2013/10/31	   2.458	   2.458	   2.428	   2.437	       16416400	      2.434	      2.464	      2.480	      2.434	           	      0.000	 164164.000	 275698.594	 285986.281	     -0.007	      0.003	     -0.020	
 2013/11/01	   2.440	   2.455	   2.429	   2.446	       31994488	      2.439	      2.460	      2.479	      2.437	           	      0.000	 319944.875	 273327.469	 262301.125	     -0.007	      0.001	     -0.017	
 2013/11/04	   2.448	   2.465	   2.437	   2.442	       17402900	      2.442	      2.451	      2.478	      2.439	           	      0.000	 174029.000	 271674.469	 257502.906	     -0.008	     -0.001	     -0.015	
 2013/11/05	   2.436	   2.447	   2.403	   2.439	       11256100	      2.445	      2.444	      2.475	      2.442	           	      0.000	 112561.000	 214464.953	 249887.297	     -0.009	     -0.002	     -0.013	
 2013/11/06	   2.435	   2.440	   2.410	   2.414	       28168296	      2.436	      2.437	      2.470	      2.443	           	      0.000	 281682.969	 210476.375	 252674.281	     -0.011	     -0.004	     -0.014	
 2013/11/07	   2.413	   2.415	   2.390	   2.402	       19129900	      2.429	      2.431	      2.466	      2.444	           	      0.000	 191299.000	 215903.375	 245800.984	     -0.014	     -0.006	     -0.016	
 2013/11/08	   2.396	   2.402	   2.363	   2.368	       22899944	      2.413	      2.426	      2.458	      2.445	           	      0.000	 228999.438	 197714.281	 235520.875	     -0.019	     -0.009	     -0.020	
 2013/11/11	   2.364	   2.379	   2.352	   2.370	       17500500	      2.399	      2.420	      2.450	      2.445	           	      0.000	 175005.000	 197909.484	 234791.984	     -0.022	     -0.011	     -0.022	
 2013/11/12	   2.382	   2.399	   2.371	   2.393	       15463700	      2.389	      2.417	      2.443	      2.446	           	      0.000	 154637.000	 206324.688	 210394.813	     -0.023	     -0.014	     -0.018	
 2013/11/13	   2.388	   2.388	   2.347	   2.348	        8698100	      2.376	      2.406	      2.436	      2.445	           	      0.000	  86981.000	 167384.281	 188930.328	     -0.026	     -0.016	     -0.020	
 2013/11/14	   2.353	   2.359	   2.338	   2.355	       10320200	      2.367	      2.398	      2.431	      2.444	           	      0.000	 103202.000	 149764.891	 182834.125	     -0.028	     -0.019	     -0.020	
 2013/11/15	   2.365	   2.435	   2.365	   2.403	       42588780	      2.374	      2.393	      2.427	      2.444	           	      0.000	 425887.813	 189142.563	 193428.422	     -0.026	     -0.020	     -0.012	
 2013/11/18	   2.409	   2.480	   2.409	   2.479	       23543438	      2.396	      2.397	      2.424	      2.446	           	      0.000	 235434.375	 201228.438	 199568.953	     -0.018	     -0.020	      0.004	
 2013/11/19	   2.486	   2.486	   2.464	   2.469	        9952593	      2.411	      2.400	      2.422	      2.448	           	      0.000	  99525.930	 190206.219	 198265.453	     -0.012	     -0.018	      0.013	
 2013/11/20	   2.475	   2.516	   2.461	   2.480	       13328681	      2.437	      2.407	      2.422	      2.449	           	      0.000	 133286.813	 199467.391	 183425.844	     -0.006	     -0.016	      0.019	
 2013/11/21	   2.480	   2.480	   2.443	   2.470	       18509500	      2.460	      2.414	      2.422	      2.451	           	      0.000	 185095.000	 215845.984	 182805.438	     -0.002	     -0.013	      0.021	
 2013/11/22	   2.475	   2.476	   2.450	   2.453	       12898800	      2.470	      2.422	      2.424	      2.452	           	      0.000	 128988.000	 156466.031	 172804.297	     -0.001	     -0.010	      0.020	
 2013/11/25	   2.448	   2.475	   2.439	   2.443	       22446190	      2.463	      2.429	      2.425	      2.454	           	      0.000	 224461.906	 154271.531	 177749.984	     -0.000	     -0.008	      0.016	
 2013/11/26	   2.446	   2.455	   2.433	   2.443	       34633456	      2.458	      2.434	      2.426	      2.455	           	      0.000	 346334.563	 203633.250	 196919.734	      0.000	     -0.007	      0.014	
 2013/11/27	   2.441	   2.480	   2.439	   2.469	       26063544	      2.456	      2.446	      2.426	      2.457	           	      0.000	 260635.438	 229102.984	 214285.188	      0.002	     -0.005	      0.015	
 2013/11/28	   2.476	   2.518	   2.475	   2.493	       24237208	      2.460	      2.460	      2.429	      2.458	           	      0.000	 242372.078	 240558.391	 228202.188	      0.006	     -0.003	      0.018	
 2013/11/29	   2.495	   2.503	   2.491	   2.497	        9525500	      2.469	      2.470	      2.431	      2.460	           	      0.000	  95255.000	 233811.797	 195138.906	      0.009	     -0.000	      0.019	
 2013/12/02	   2.500	   2.517	   2.456	   2.476	       40818320	      2.476	      2.469	      2.433	      2.462	           	      0.000	 408183.188	 270556.063	 212413.797	      0.010	      0.002	      0.016	
 2013/12/03	   2.470	   2.506	   2.466	   2.495	       49980816	      2.486	      2.472	      2.436	      2.464	           	      0.000	 499808.156	 301250.781	 252442.016	      0.012	      0.004	      0.016	
 2013/12/04	   2.495	   2.542	   2.494	   2.529	       24925024	      2.498	      2.477	      2.442	      2.467	           	      0.000	 249250.234	 298973.719	 264038.344	      0.016	      0.006	      0.020	
 2013/12/05	   2.531	   2.536	   2.520	   2.528	       33864372	      2.505	      2.483	      2.448	      2.469	           	      0.000	 338643.719	 318228.063	 279393.219	      0.019	      0.009	      0.020	
 2013/12/06	   2.527	   2.527	   2.506	   2.517	       26815400	      2.509	      2.489	      2.456	      2.470	           	      0.000	 268154.000	 352807.875	 293309.813	      0.020	      0.011	      0.018	
 2013/12/09	   2.520	   2.527	   2.505	   2.511	        9035131	      2.516	      2.496	      2.463	      2.472	           	      0.000	  90351.313	 289241.500	 279898.781	      0.021	      0.013	      0.015	
 2013/12/10	   2.516	   2.523	   2.504	   2.511	       10777400	      2.519	      2.503	      2.468	      2.474	           	      0.000	 107774.000	 210834.656	 256042.719	      0.020	      0.015	      0.012	
 2013/12/11	   2.504	   2.504	   2.457	   2.470	       25490628	      2.507	      2.503	      2.475	      2.473	           	      0.000	 254906.281	 211965.859	 255469.797	      0.017	      0.015	      0.004	
 2013/12/12	   2.475	   2.479	   2.464	   2.468	        4841313	      2.495	      2.500	      2.480	      2.472	           	      0.000	  48413.129	 153919.750	 236073.906	      0.014	      0.015	     -0.002	
 2013/12/13	   2.466	   2.479	   2.440	   2.467	       16567652	      2.485	      2.497	      2.483	      2.471	           	      0.000	 165676.516	 133424.250	 243116.047	      0.011	      0.014	     -0.006	
 2013/12/16	   2.469	   2.472	   2.424	   2.424	        9685765	      2.468	      2.492	      2.481	      2.469	           	      0.000	  96857.648	 134725.516	 211983.500	      0.005	      0.012	     -0.014	
 2013/12/17	   2.426	   2.429	   2.410	   2.412	       21016900	      2.448	      2.484	      2.478	      2.466	           	      0.000	 210169.000	 155204.516	 183019.578	      0.000	      0.010	     -0.020	
 2013/12/18	   2.420	   2.425	   2.412	   2.415	        6850750	      2.437	      2.472	      2.475	      2.464	           	      0.000	  68507.500	 117924.758	 164945.313	     -0.004	      0.007	     -0.022	
 2013/12/19	   2.417	   2.425	   2.392	   2.394	       16882432	      2.422	      2.459	      2.471	      2.463	           	      0.000	 168824.313	 142007.000	 147963.375	     -0.009	      0.004	     -0.025	
 2013/12/20	   2.394	   2.396	   2.337	   2.342	       43849900	      2.397	      2.441	      2.465	      2.460	           	      0.000	 438499.000	 196571.500	 164997.875	     -0.017	     -0.000	     -0.033	
 2013/12/23	   2.341	   2.352	   2.314	   2.342	       24527000	      2.381	      2.424	      2.460	      2.457	           	      0.000	 245270.000	 226253.969	 180489.734	     -0.023	     -0.005	     -0.036	
 2013/12/24	   2.345	   2.372	   2.323	   2.343	       17067100	      2.367	      2.408	      2.455	      2.454	           	      0.000	 170671.000	 218354.359	 186779.438	     -0.027	     -0.009	     -0.035	
 2013/12/25	   2.348	   2.364	   2.339	   2.358	       19728500	      2.356	      2.397	      2.450	      2.452	           	      0.000	 197285.000	 244109.859	 181017.313	     -0.029	     -0.013	     -0.031	
 2013/12/26	   2.358	   2.358	   2.319	   2.324	       13234100	      2.342	      2.382	      2.441	      2.450	           	      0.000	 132341.000	 236813.203	 189410.094	     -0.033	     -0.017	     -0.031	
 2013/12/27	   2.328	   2.376	   2.324	   2.359	       23342000	      2.345	      2.371	      2.434	      2.448	           	      0.000	 233420.000	 195797.406	 196184.453	     -0.032	     -0.020	     -0.025	
 2013/12/30	   2.369	   2.370	   2.350	   2.359	        9168000	      2.349	      2.365	      2.428	      2.447	           	      0.000	  91680.000	 165079.406	 195666.688	     -0.032	     -0.022	     -0.019	
 2013/12/31	   2.348	   2.388	   2.342	   2.383	      151058176	      2.357	      2.362	      2.423	      2.445	           	      0.000	1510581.750	 433061.563	 325707.969	     -0.029	     -0.024	     -0.011	
 2014/01/02	   2.383	   2.383	   2.365	   2.378	       10920900	      2.361	      2.358	      2.415	      2.442	           	      0.000	 109209.000	 415446.344	 329778.094	     -0.027	     -0.024	     -0.006	
 2014/01/03	   2.370	   2.370	   2.341	   2.351	      346227808	      2.366	      2.354	      2.406	      2.440	           	      0.000	3462278.000	1081433.750	 659123.500	     -0.028	     -0.025	     -0.005	
 2014/01/06	   2.349	   2.349	   2.288	   2.294	      374554592	      2.353	      2.349	      2.395	      2.436	           	      0.000	3745546.000	1783859.000	 989828.188	     -0.032	     -0.026	     -0.011	
 2014/01/07	   2.280	   2.303	   2.279	   2.295	       21631100	      2.340	      2.344	      2.384	      2.432	           	      0.000	 216311.000	1808785.125	 986932.250	     -0.035	     -0.028	     -0.014	
 2014/01/08	   2.297	   2.320	   2.283	   2.294	       13065394	      2.322	      2.339	      2.374	      2.428	           	      0.000	 130653.938	1532799.625	 982930.563	     -0.037	     -0.030	     -0.014	
 2014/01/09	   2.292	   2.315	   2.278	   2.281	      135359600	      2.303	      2.332	      2.364	      2.425	           	      0.000	1353596.000	1781677.000	1098561.625	     -0.039	     -0.032	     -0.015	
 2014/01/10	   2.275	   2.277	   2.258	   2.263	      136825248	      2.285	      2.326	      2.354	      2.422	           	      0.000	1368252.500	1362871.875	1222152.875	     -0.042	     -0.034	     -0.016	
 2014/01/13	   2.265	   2.276	   2.239	   2.247	      247165456	      2.276	      2.314	      2.343	      2.418	           	      0.000	2471654.500	1108093.625	1445976.250	     -0.045	     -0.036	     -0.018	
 2014/01/14	   2.253	   2.268	   2.234	   2.263	       36169100	      2.270	      2.305	      2.335	      2.413	           	      0.000	 361691.000	1137169.625	1472977.375	     -0.045	     -0.038	     -0.015	
 2014/01/15	   2.265	   2.266	   2.244	   2.262	       29694000	      2.263	      2.293	      2.327	      2.409	           	      0.000	 296940.000	1170426.750	1351613.250	     -0.045	     -0.039	     -0.012	
 2014/01/16	   2.262	   2.279	   2.252	   2.264	       47229088	      2.260	      2.281	      2.320	      2.405	           	      0.000	 472290.875	 994165.750	1387921.375	     -0.045	     -0.040	     -0.008	
 2014/01/17	   2.256	   2.261	   2.232	   2.233	       76334000	      2.254	      2.270	      2.312	      2.402	           	      0.000	 763340.000	 873183.250	1118027.625	     -0.046	     -0.042	     -0.009	
 2014/01/20	   2.232	   2.236	   2.212	   2.222	       35113400	      2.249	      2.262	      2.306	      2.398	           	      0.000	 351134.000	 449079.188	 778586.375	     -0.048	     -0.043	     -0.010	
 2014/01/21	   2.227	   2.251	   2.226	   2.237	       15821900	      2.244	      2.257	      2.300	      2.395	           	      0.000	 158219.000	 408384.781	 772777.188	     -0.047	     -0.044	     -0.007	
 2014/01/22	   2.239	   2.297	   2.239	   2.296	       49618280	      2.250	      2.257	      2.298	      2.393	           	      0.000	 496182.813	 448233.344	 809330.063	     -0.041	     -0.043	      0.004	
 2014/01/23	   2.296	   2.298	   2.280	   2.288	       25003750	      2.255	      2.257	      2.295	      2.390	           	      0.000	 250037.500	 403782.656	 698974.250	     -0.037	     -0.042	      0.010	
 2014/01/24	   2.279	   2.314	   2.279	   2.301	       19394920	      2.269	      2.261	      2.293	      2.388	           	      0.000	 193949.203	 289904.500	 581543.875	     -0.032	     -0.040	      0.016	
 2014/01/27	   2.288	   2.288	   2.263	   2.270	        9390750	      2.278	      2.264	      2.289	      2.385	           	      0.000	  93907.500	 238459.203	 343769.188	     -0.030	     -0.038	      0.015	
 2014/01/28	   2.274	   2.291	   2.264	   2.276	       19581220	      2.286	      2.265	      2.285	      2.382	           	      0.000	 195812.203	 245977.844	 327181.313	     -0.028	     -0.036	      0.016	
 2014/01/29	   2.280	   2.287	   2.275	   2.283	       13280233	      2.284	      2.267	      2.280	      2.380	           	      0.000	 132802.328	 173301.750	 310767.531	     -0.026	     -0.034	      0.017	
 2014/01/30	   2.284	   2.284	   2.252	   2.253	       20904334	      2.277	      2.266	      2.274	      2.377	           	      0.000	 209043.344	 165102.922	 284442.781	     -0.026	     -0.032	      0.013	
 2014/02/07	   2.239	   2.265	   2.225	   2.265	       15422962	      2.269	      2.269	      2.269	      2.375	           	      0.000	 154229.625	 157159.000	 223531.750	     -0.025	     -0.031	      0.012	
 2014/02/10	   2.277	   2.324	   2.277	   2.318	       36584376	      2.279	      2.279	      2.271	      2.374	           	      0.000	 365843.750	 211546.250	 225002.719	     -0.019	     -0.029	      0.019	
 2014/02/11	   2.318	   2.351	   2.316	   2.338	       16577050	      2.291	      2.289	      2.273	      2.373	           	      0.000	 165770.500	 205537.906	 225757.875	     -0.013	     -0.025	      0.025	
 2014/02/12	   2.340	   2.350	   2.334	   2.344	        9624383	      2.304	      2.294	      2.275	      2.372	           	      0.000	  96243.828	 198226.203	 185763.984	     -0.008	     -0.022	      0.028	
 2014/02/13	   2.338	   2.358	   2.336	   2.337	       22039028	      2.320	      2.299	      2.278	      2.372	           	      0.000	 220390.281	 200495.594	 182799.250	     -0.004	     -0.018	      0.029	
 2014/02/14	   2.338	   2.348	   2.333	   2.347	        9323683	      2.337	      2.303	      2.282	      2.372	           	      0.000	  93236.828	 188297.031	 172728.016	     -0.000	     -0.015	      0.029	
 2014/02/17	   2.366	   2.372	   2.351	   2.363	       27330092	      2.346	      2.312	      2.288	      2.371	           	      0.000	 273300.906	 169788.469	 190667.359	      0.004	     -0.011	      0.030	
 2014/02/18	   2.362	   2.362	   2.330	   2.335	       15121171	      2.345	      2.318	      2.292	      2.369	           	      0.000	 151211.703	 166876.703	 186207.313	      0.005	     -0.008	      0.026	
 2014/02/19	   2.338	   2.372	   2.332	   2.363	       63695616	      2.349	      2.326	      2.297	      2.367	           	      0.000	 636956.188	 275019.188	 236622.688	      0.008	     -0.005	      0.025	
 2014/02/20	   2.363	   2.387	   2.341	   2.341	       41965000	      2.350	      2.335	      2.300	      2.365	           	      0.000	 419650.000	 314871.125	 257683.359	      0.009	     -0.002	      0.021	
 2014/02/21	   2.342	   2.346	   2.310	   2.322	       26066576	      2.345	      2.341	      2.305	      2.362	           	      0.000	 260665.766	 348356.906	 268326.969	      0.007	     -0.000	      0.015	
 2014/02/24	   2.305	   2.305	   2.248	   2.270	       37782612	      2.326	      2.336	      2.307	      2.359	           	      0.000	 377826.125	 369261.969	 269525.219	      0.002	      0.000	      0.004	
 2014/02/25	   2.278	   2.281	   2.207	   2.213	       35516888	      2.302	      2.323	      2.306	      2.356	           	      0.000	 355168.875	 410053.375	 288465.063	     -0.007	     -0.001	     -0.011	
 2014/02/26	   2.202	   2.216	   2.191	   2.213	       48401652	      2.272	      2.310	      2.302	      2.352	           	      0.000	 484016.531	 379465.469	 327242.313	     -0.013	     -0.003	     -0.019	
 2014/02/27	   2.225	   2.230	   2.206	   2.209	       35741440	      2.245	      2.298	      2.298	      2.347	           	      0.000	 357414.406	 367018.344	 340944.719	     -0.019	     -0.007	     -0.024	
 2014/02/28	   2.214	   2.238	   2.183	   2.230	       27298618	      2.227	      2.286	      2.295	      2.343	           	      0.000	 272986.188	 369482.438	 358919.656	     -0.021	     -0.009	     -0.023	
 2014/03/03	   2.226	   2.249	   2.222	   2.240	       20567600	      2.221	      2.274	      2.293	      2.339	           	      0.000	 205676.000	 335052.406	 352157.188	     -0.022	     -0.012	     -0.020	
 2014/03/04	   2.240	   2.247	   2.219	   2.236	       26723396	      2.226	      2.264	      2.291	      2.335	           	      0.000	 267233.969	 317465.406	 363759.406	     -0.022	     -0.014	     -0.017	
 2014/03/05	   2.237	   2.240	   2.217	   2.220	       12269700	      2.227	      2.249	      2.288	      2.330	           	      0.000	 122697.000	 245201.516	 312333.500	     -0.024	     -0.016	     -0.016	
 2014/03/06	   2.217	   2.238	   2.188	   2.228	       30172284	      2.231	      2.238	      2.287	      2.325	           	      0.000	 301722.844	 234063.203	 300540.781	     -0.024	     -0.018	     -0.013	
 2014/03/07	   2.222	   2.239	   2.215	   2.222	       27011520	      2.229	      2.228	      2.284	      2.320	           	      0.000	 270115.188	 233489.000	 301485.719	     -0.025	     -0.019	     -0.011	
 2014/03/10	   2.193	   2.221	   2.150	   2.152	       13591375	      2.212	      2.216	      2.276	      2.314	           	      0.000	 135913.750	 219536.547	 277294.469	     -0.030	     -0.021	     -0.018	
 2014/03/11	   2.152	   2.175	   2.146	   2.163	       12920666	      2.197	      2.211	      2.267	      2.308	           	      0.000	 129206.656	 191931.094	 254698.250	     -0.034	     -0.024	     -0.020	
 2014/03/12	   2.165	   2.182	   2.145	   2.162	       23139212	      2.185	      2.206	      2.258	      2.302	           	      0.000	 231392.125	 213670.109	 229435.813	     -0.036	     -0.026	     -0.019	
 2014/03/13	   2.163	   2.199	   2.163	   2.189	       17596000	      2.178	      2.204	      2.251	      2.298	           	      0.000	 175960.000	 188517.547	 211290.375	     -0.035	     -0.028	     -0.014	
 2014/03/14	   2.189	   2.189	   2.163	   2.175	        7576695	      2.168	      2.199	      2.242	      2.293	           	      0.000	  75766.953	 149647.891	 191568.453	     -0.035	     -0.029	     -0.011	
 2014/03/17	   2.190	   2.193	   2.175	   2.190	        6765218	      2.176	      2.194	      2.234	      2.288	           	      0.000	  67652.180	 135995.578	 177766.063	     -0.034	     -0.030	     -0.007	
 2014/03/18	   2.189	   2.202	   2.188	   2.190	       13742127	      2.181	      2.189	      2.226	      2.284	           	      0.000	 137421.266	 137638.500	 164784.797	     -0.032	     -0.031	     -0.003	
 2014/03/19	   2.186	   2.186	   2.156	   2.175	        8996029	      2.184	      2.185	      2.217	      2.280	           	      0.000	  89960.289	 109352.141	 161511.125	     -0.032	     -0.031	     -0.002	
 2014/03/20	   2.178	   2.190	   2.140	   2.140	       16837300	      2.174	      2.176	      2.207	      2.276	           	      0.000	 168373.000	 107834.734	 148176.141	     -0.034	     -0.031	     -0.005	
 2014/03/21	   2.141	   2.226	   2.132	   2.215	       25004664	      2.182	      2.175	      2.202	      2.273	           	      0.000	 250046.641	 142690.672	 146169.281	     -0.029	     -0.031	      0.004	
 2014/03/24	   2.215	   2.239	   2.205	   2.228	       31976464	      2.190	      2.183	      2.200	      2.271	           	      0.000	 319764.625	 193113.156	 164554.375	     -0.024	     -0.029	      0.011	
 2014/03/25	   2.220	   2.247	   2.220	   2.227	       25210314	      2.197	      2.189	      2.200	      2.269	           	      0.000	 252103.141	 216049.531	 176844.016	     -0.020	     -0.028	      0.016	
 2014/03/26	   2.224	   2.240	   2.219	   2.227	       12724711	      2.207	      2.196	      2.201	      2.267	           	      0.000	 127247.109	 223506.906	 166429.516	     -0.016	     -0.025	      0.018	
 2014/03/27	   2.221	   2.242	   2.200	   2.208	       37654848	      2.221	      2.197	      2.201	      2.265	           	      0.000	 376548.469	 265142.000	 186488.375	     -0.015	     -0.023	      0.017	
 2014/03/28	   2.199	   2.228	   2.199	   2.207	       41217600	      2.219	      2.201	      2.200	      2.263	           	      0.000	 412176.000	 297567.875	 220129.266	     -0.014	     -0.021	      0.015	
 2014/03/31	   2.218	   2.223	   2.184	   2.201	       36630340	      2.214	      2.202	      2.198	      2.260	           	      0.000	 366303.406	 306875.625	 249994.391	     -0.013	     -0.020	      0.013	
 2014/04/01	   2.201	   2.230	   2.198	   2.215	       19422402	      2.212	      2.204	      2.197	      2.258	           	      0.000	 194224.016	 295299.813	 255674.672	     -0.011	     -0.018	      0.013	
 2014/04/02	   2.216	   2.238	   2.216	   2.232	       20078712	      2.213	      2.210	      2.197	      2.255	           	      0.000	 200787.125	 310007.813	 266757.344	     -0.008	     -0.016	      0.015	
 2014/04/03	   2.233	   2.252	   2.216	   2.219	       20966700	      2.215	      2.218	      2.197	      2.252	           	      0.000	 209667.000	 276631.500	 270886.750	     -0.007	     -0.014	      0.014	
 2014/04/04	   2.215	   2.244	   2.213	   2.244	       18812000	      2.222	      2.221	      2.198	      2.251	           	      0.000	 188120.000	 231820.313	 264694.094	     -0.004	     -0.012	      0.016	
 2014/04/08	   2.242	   2.298	   2.241	   2.293	       33495926	      2.241	      2.227	      2.205	      2.251	           	      0.000	 334959.250	 225551.484	 266213.563	      0.002	     -0.009	      0.023	
 2014/04/09	   2.294	   2.305	   2.286	   2.293	       11181900	      2.256	      2.234	      2.211	      2.251	           	      0.000	 111819.000	 209070.469	 252185.141	      0.007	     -0.006	      0.027	
 2014/04/10	   2.293	   2.350	   2.286	   2.331	       25109108	      2.276	      2.244	      2.220	      2.251	           	      0.000	 251091.078	 219131.266	 264569.531	      0.014	     -0.002	      0.032	
 2014/04/11	   2.332	   2.335	   2.316	   2.327	       21565350	      2.298	      2.256	      2.227	      2.252	           	      0.000	 215653.500	 220328.563	 248480.031	      0.019	      0.002	      0.034	
 2014/04/14	   2.327	   2.331	   2.314	   2.324	        8162108	      2.314	      2.268	      2.234	      2.253	           	      0.000	  81621.078	 199028.781	 215424.547	      0.022	      0.006	      0.032	
 2014/04/15	   2.324	   2.324	   2.282	   2.286	       15145600	      2.312	      2.276	      2.239	      2.254	           	      0.000	 151456.000	 162328.125	 193939.813	      0.022	      0.009	      0.025	
 2014/04/16	   2.285	   2.301	   2.277	   2.286	       19715100	      2.311	      2.283	      2.244	      2.254	           	      0.000	 197151.000	 179394.531	 194232.500	      0.021	      0.012	      0.019	
 2014/04/17	   2.287	   2.297	   2.276	   2.281	       13301681	      2.301	      2.288	      2.249	      2.254	           	      0.000	 133016.813	 155779.672	 187455.469	      0.020	      0.013	      0.013	
 2014/04/18	   2.280	   2.287	   2.255	   2.279	       45706856	      2.291	      2.294	      2.256	      2.255	           	      0.000	 457068.563	 204062.688	 212195.625	      0.018	      0.014	      0.008	
 2014/04/21	   2.277	   2.288	   2.235	   2.236	       45752900	      2.274	      2.294	      2.257	      2.255	           	      0.000	 457529.000	 279244.281	 239136.531	      0.014	      0.014	     -0.001	
 2014/04/22	   2.235	   2.251	   2.221	   2.248	       26789900	      2.266	      2.289	      2.258	      2.255	           	      0.000	 267899.000	 302532.875	 232430.500	      0.011	      0.013	     -0.005	
 2014/04/23	   2.249	   2.257	   2.241	   2.248	       15913314	      2.258	      2.285	      2.259	      2.255	           	      0.000	 159133.141	 294929.313	 237161.922	      0.008	      0.012	     -0.008	
 2014/04/24	   2.248	   2.265	   2.243	   2.247	       12111900	      2.252	      2.276	      2.260	      2.254	           	      0.000	 121119.000	 292549.750	 224164.703	      0.006	      0.011	     -0.010	
 2014/04/25	   2.250	   2.255	   2.225	   2.226	       20497900	      2.241	      2.266	      2.261	      2.253	           	      0.000	 204979.000	 242131.828	 223097.266	      0.003	      0.010	     -0.013	
 2014/04/28	   2.225	   2.229	   2.192	   2.193	       32014252	      2.232	      2.253	      2.260	      2.252	           	      0.000	 320142.531	 214654.531	 246949.406	     -0.002	      0.007	     -0.019	
 2014/04/29	   2.194	   2.219	   2.193	   2.212	       60416900	      2.225	      2.246	      2.261	      2.251	           	      0.000	 604169.000	 281908.531	 292220.719	     -0.005	      0.005	     -0.019	
 2014/04/30	   2.213	   2.216	   2.207	   2.211	       18321800	      2.218	      2.238	      2.261	      2.250	           	      0.000	 183218.000	 286725.500	 290827.406	     -0.007	      0.002	     -0.019	
 2014/05/05	   2.210	   2.221	   2.183	   2.215	       34791900	      2.211	      2.231	      2.260	      2.248	           	      0.000	 347919.000	 332085.500	 312317.625	     -0.008	      0.000	     -0.017	
 2014/05/06	   2.215	   2.232	   2.203	   2.210	       17467196	      2.208	      2.225	      2.260	      2.248	           	      0.000	 174671.953	 326024.094	 284077.969	     -0.009	     -0.002	     -0.016	
 2014/05/07	   2.210	   2.210	   2.194	   2.195	       17140300	      2.209	      2.220	      2.257	      2.246	           	      0.000	 171403.000	 296276.188	 255465.359	     -0.011	     -0.004	     -0.016	
 2014/05/08	   2.195	   2.229	   2.191	   2.192	       30094240	      2.205	      2.215	      2.252	      2.244	           	      0.000	 300942.406	 235630.875	 258769.703	     -0.013	     -0.005	     -0.015	
 2014/05/09	   2.193	   2.200	   2.182	   2.190	       16779700	      2.200	      2.209	      2.247	      2.242	           	      0.000	 167797.000	 232546.672	 259636.094	     -0.015	     -0.007	     -0.015	
 2014/05/12	   2.200	   2.241	   2.198	   2.234	       25763660	      2.204	      2.208	      2.242	      2.240	           	      0.000	 257636.594	 214490.188	 273287.844	     -0.012	     -0.008	     -0.007	
 2014/05/13	   2.235	   2.239	   2.223	   2.230	       12028000	      2.208	      2.208	      2.237	      2.238	           	      0.000	 120280.000	 203611.797	 264817.938	     -0.010	     -0.009	     -0.003	
 2014/05/14	   2.230	   2.243	   2.226	   2.232	       13620416	      2.216	      2.212	      2.233	      2.236	           	      0.000	 136204.156	 196572.031	 246424.109	     -0.008	     -0.009	      0.000	
 2014/05/15	   2.231	   2.231	   2.205	   2.206	        8145618	      2.218	      2.211	      2.229	      2.234	           	      0.000	  81456.180	 152674.781	 194152.828	     -0.009	     -0.009	     -0.001	
 2014/05/16	   2.206	   2.212	   2.194	   2.203	       38521104	      2.221	      2.211	      2.224	      2.232	           	      0.000	 385211.031	 196157.594	 214352.125	     -0.010	     -0.009	     -0.002	
 2014/05/19	   2.202	   2.202	   2.165	   2.178	       26954398	      2.210	      2.207	      2.219	      2.228	           	      0.000	 269543.969	 198539.063	 206514.625	     -0.012	     -0.009	     -0.005	
 2014/05/20	   2.179	   2.192	   2.171	   2.173	        6364100	      2.198	      2.203	      2.214	      2.226	           	      0.000	  63641.000	 187211.266	 195411.531	     -0.014	     -0.010	     -0.007	
 2014/05/21	   2.172	   2.199	   2.157	   2.194	       14229403	      2.191	      2.203	      2.212	      2.224	           	      0.000	 142294.031	 188429.250	 192500.641	     -0.014	     -0.011	     -0.006	
 2014/05/22	   2.195	   2.223	   2.186	   2.187	       20633364	      2.187	      2.203	      2.209	      2.222	           	      0.000	 206333.641	 213404.734	 183039.766	     -0.014	     -0.012	     -0.005	
 2014/05/23	   2.188	   2.212	   2.188	   2.212	       10358300	      2.189	      2.205	      2.207	      2.222	           	      0.000	 103583.000	 157079.125	 176618.359	     -0.012	     -0.012	     -0.001	
 2014/05/26	   2.214	   2.231	   2.208	   2.218	       21134700	      2.197	      2.203	      2.206	      2.222	           	      0.000	 211347.000	 145439.734	 171989.406	     -0.010	     -0.012	      0.003	
 2014/05/27	   2.219	   2.225	   2.210	   2.212	        5865899	      2.205	      2.201	      2.205	      2.222	           	      0.000	  58658.988	 144443.328	 165827.297	     -0.009	     -0.011	      0.004	
 2014/05/28	   2.211	   2.234	   2.203	   2.234	       22065548	      2.213	      2.202	      2.207	      2.222	           	      0.000	 220655.484	 160115.625	 174272.438	     -0.006	     -0.010	      0.008	
 2014/05/29	   2.235	   2.241	   2.220	   2.221	        9301300	      2.219	      2.203	      2.207	      2.222	           	      0.000	  93013.000	 137451.500	 175428.109	     -0.005	     -0.009	      0.009	
 2014/05/30	   2.222	   2.229	   2.211	   2.218	       23961100	      2.221	      2.205	      2.208	      2.222	           	      0.000	 239611.000	 164657.094	 160868.109	     -0.004	     -0.008	      0.008	
 2014/06/03	   2.219	   2.229	   2.211	   2.211	        8757000	      2.219	      2.208	      2.207	      2.222	           	      0.000	  87570.000	 139901.688	 142670.719	     -0.004	     -0.007	      0.007	
 2014/06/04	   2.211	   2.211	   2.182	   2.191	       17280358	      2.215	      2.210	      2.207	      2.221	           	      0.000	 172803.578	 162730.609	 153586.969	     -0.005	     -0.007	      0.003	
 2014/06/05	   2.192	   2.217	   2.190	   2.217	       12770000	      2.212	      2.212	      2.208	      2.221	           	      0.000	 127700.000	 144139.516	 152127.563	     -0.004	     -0.006	      0.004	
 2014/06/06	   2.218	   2.218	   2.186	   2.200	       41444232	      2.207	      2.213	      2.208	      2.222	           	      0.000	 414442.313	 208425.375	 172938.438	     -0.005	     -0.006	      0.002	
 2014/06/09	   2.199	   2.223	   2.192	   2.200	       32312700	      2.204	      2.212	      2.209	      2.222	           	      0.000	 323127.000	 225128.578	 194892.844	     -0.005	     -0.006	      0.001	
 2014/06/10	   2.202	   2.227	   2.199	   2.226	       27515016	      2.207	      2.213	      2.208	      2.223	           	      0.000	 275150.156	 262644.625	 201273.156	     -0.003	     -0.005	      0.004	
 2014/06/11	   2.225	   2.227	   2.217	   2.224	        9576200	      2.213	      2.214	      2.208	      2.224	           	      0.000	  95762.000	 247236.297	 204983.453	     -0.002	     -0.005	      0.005	
 2014/06/12	   2.223	   2.229	   2.218	   2.221	        4184290	      2.214	      2.213	      2.207	      2.225	           	      0.000	  41842.898	 230064.875	 187102.188	     -0.001	     -0.004	      0.006	
 2014/06/13	   2.220	   2.254	   2.220	   2.244	       51217316	      2.223	      2.215	      2.209	      2.226	           	      0.000	 512173.156	 249611.047	 229018.203	      0.001	     -0.003	      0.008	
 2014/06/16	   2.245	   2.266	   2.243	   2.258	       20657848	      2.235	      2.219	      2.212	      2.227	           	      0.000	 206578.484	 226301.344	 225714.953	      0.005	     -0.001	      0.012	
 2014/06/17	   2.258	   2.258	   2.242	   2.242	       31423800	      2.238	      2.222	      2.215	      2.228	           	      0.000	 314238.000	 234118.906	 248381.766	      0.006	      0.000	      0.011	
 2014/06/18	   2.241	   2.247	   2.230	   2.231	       28908400	      2.239	      2.226	      2.218	      2.229	           	      0.000	 289084.000	 272783.313	 260009.797	      0.005	      0.001	      0.009	
 2014/06/19	   2.231	   2.235	   2.192	   2.200	       48897032	      2.235	      2.225	      2.218	      2.229	           	      0.000	 488970.313	 362208.781	 296136.844	      0.003	      0.001	      0.003	
 2014/06/20	   2.200	   2.209	   2.196	   2.206	       66992576	      2.227	      2.225	      2.219	      2.229	           	      0.000	 669925.750	 393759.313	 321685.188	      0.001	      0.001	     -0.000	
 2014/06/23	   2.208	   2.220	   2.205	   2.207	       37666936	      2.217	      2.226	      2.219	      2.228	           	      0.000	 376669.375	 427777.500	 327039.406	      0.000	      0.001	     -0.002	
 2014/06/24	   2.208	   2.222	   2.206	   2.220	       28226600	      2.213	      2.225	      2.219	      2.228	           	      0.000	 282266.000	 421383.094	 327751.000	      0.000	      0.001	     -0.002	
 2014/06/25	   2.221	   2.221	   2.207	   2.214	       24201718	      2.209	      2.224	      2.219	      2.228	           	      0.000	 242017.188	 411969.719	 342376.531	     -0.000	      0.001	     -0.002	
 2014/06/26	   2.215	   2.231	   2.215	   2.228	       59526800	      2.215	      2.225	      2.219	      2.229	           	      0.000	 595268.000	 433229.250	 397719.031	      0.001	      0.001	     -0.000	
 2014/06/27	   2.228	   2.242	   2.217	   2.230	       12659764	      2.220	      2.224	      2.219	      2.229	           	      0.000	 126597.641	 324563.625	 359161.469	      0.001	      0.001	      0.001	
 2014/06/30	   2.231	   2.250	   2.231	   2.240	       26707838	      2.226	      2.222	      2.220	      2.230	           	      0.000	 267078.375	 302645.438	 365211.469	      0.003	      0.001	      0.003	
 2014/07/01	   2.246	   2.253	   2.236	   2.243	       22063516	      2.231	      2.222	      2.222	      2.230	           	      0.000	 220635.156	 290319.281	 355851.188	      0.004	      0.002	      0.005	
 2014/07/02	   2.245	   2.252	   2.235	   2.251	        9765222	      2.238	      2.224	      2.225	      2.230	           	      0.000	  97652.219	 261446.281	 336708.000	      0.006	      0.003	      0.006	
 2014/07/03	   2.251	   2.269	   2.250	   2.261	       22374292	      2.245	      2.230	      2.227	      2.231	           	      0.000	 223742.922	 187141.266	 310185.250	      0.008	      0.004	      0.008	
 2014/07/04	   2.263	   2.265	   2.256	   2.264	       43146764	      2.252	      2.236	      2.230	      2.230	           	      0.000	 431467.625	 248115.266	 286339.438	      0.009	      0.005	      0.009	
 2014/07/07	   2.265	   2.270	   2.255	   2.259	       11974938	      2.256	      2.241	      2.233	      2.230	           	      0.000	 119749.383	 218649.469	 260647.453	      0.010	      0.006	      0.009	
 2014/07/08	   2.260	   2.264	   2.249	   2.262	        5445101	      2.259	      2.245	      2.235	      2.228	           	      0.000	  54451.012	 185412.625	 237865.953	      0.011	      0.007	      0.008	
 2014/07/09	   2.262	   2.262	   2.235	   2.236	       32445188	      2.256	      2.247	      2.236	      2.227	           	      0.000	 324451.875	 230772.563	 246109.422	      0.009	      0.007	      0.004	
 2014/07/10	   2.237	   2.238	   2.229	   2.229	       31125266	      2.250	      2.247	      2.236	      2.225	           	      0.000	 311252.656	 248274.516	 217707.891	      0.007	      0.007	      0.000	
 2014/07/11	   2.231	   2.247	   2.231	   2.239	       25623392	      2.245	      2.248	      2.236	      2.225	           	      0.000	 256233.922	 213227.766	 230671.516	      0.007	      0.007	     -0.001	
 2014/07/14	   2.241	   2.266	   2.239	   2.264	       20865770	      2.246	      2.251	      2.236	      2.224	           	      0.000	 208657.703	 231009.438	 224829.453	      0.008	      0.007	      0.001	
 2014/07/15	   2.265	   2.270	   2.263	   2.270	       62418352	      2.248	      2.253	      2.238	      2.224	           	      0.000	 624183.500	 344955.938	 265184.281	      0.009	      0.008	      0.003	
 2014/07/16	   2.270	   2.279	   2.264	   2.265	       71586696	      2.253	      2.255	      2.239	      2.224	           	      0.000	 715866.938	 423238.938	 327005.750	      0.010	      0.008	      0.004	
 2014/07/17	   2.265	   2.265	   2.247	   2.255	       82927600	      2.259	      2.254	      2.242	      2.224	           	      0.000	 829276.000	 526843.625	 387559.063	      0.010	      0.009	      0.002	
 2014/07/18	   2.254	   2.275	   2.249	   2.262	       52537312	      2.263	      2.254	      2.245	      2.224	           	      0.000	 525373.125	 580671.438	 396949.625	      0.010	      0.009	      0.002	
 2014/07/21	   2.262	   2.269	   2.259	   2.265	        6751250	      2.263	      2.255	      2.248	      2.225	           	      0.000	  67512.500	 552442.438	 391725.938	      0.010	      0.009	      0.002	
 2014/07/22	   2.265	   2.299	   2.261	   2.293	       41509704	      2.268	      2.258	      2.252	      2.225	           	      0.000	 415097.031	 510625.125	 427790.531	      0.012	      0.010	      0.005	
 2014/07/23	   2.293	   2.312	   2.289	   2.294	       29183278	      2.274	      2.264	      2.256	      2.227	           	      0.000	 291832.781	 425818.281	 424528.625	      0.014	      0.010	      0.007	
 2014/07/24	   2.294	   2.344	   2.294	   2.340	       39144264	      2.291	      2.275	      2.261	      2.229	           	      0.000	 391442.625	 338251.625	 432547.625	      0.019	      0.012	      0.013	
 2014/07/25	   2.341	   2.372	   2.341	   2.371	       30937510	      2.313	      2.288	      2.268	      2.232	           	      0.000	 309375.094	 295052.000	 437861.719	      0.025	      0.015	      0.020	
 2014/07/28	   2.371	   2.443	   2.371	   2.429	       67203696	      2.345	      2.304	      2.278	      2.235	           	      0.000	 672036.938	 415956.906	 484199.656	      0.034	      0.019	      0.031	
 2014/07/29	   2.431	   2.449	   2.423	   2.440	       51920408	      2.375	      2.321	      2.287	      2.239	           	      0.000	 519204.094	 436778.313	 473701.719	      0.042	      0.023	      0.037	
 2014/07/30	   2.434	   2.445	   2.427	   2.429	       32954700	      2.402	      2.338	      2.296	      2.243	           	      0.000	 329547.000	 444321.156	 435069.719	      0.046	      0.028	      0.037	
 2014/07/31	   2.428	   2.464	   2.426	   2.464	       39577728	      2.427	      2.359	      2.306	      2.247	           	      0.000	 395777.281	 445188.094	 391719.844	      0.052	      0.033	      0.039	
 2014/08/01	   2.461	   2.484	   2.437	   2.437	       76370256	      2.440	      2.376	      2.315	      2.251	           	      0.000	 763702.563	 536053.563	 415552.781	      0.054	      0.037	      0.034	
 2014/08/04	   2.438	   2.484	   2.438	   2.483	       40688968	      2.451	      2.398	      2.326	      2.256	           	      0.000	 406889.688	 483024.125	 449490.500	      0.058	      0.041	      0.035	
 2014/08/05	   2.483	   2.486	   2.462	   2.477	       30584528	      2.458	      2.416	      2.337	      2.260	           	      0.000	 305845.281	 440352.375	 438565.344	      0.061	      0.045	      0.031	
 2014/08/06	   2.474	   2.475	   2.440	   2.463	       23266404	      2.465	      2.433	      2.348	      2.264	           	      0.000	 232664.047	 420975.781	 432648.469	      0.061	      0.048	      0.025	
 2014/08/07	   2.463	   2.473	   2.435	   2.435	       53705408	      2.459	      2.443	      2.359	      2.267	           	      0.000	 537054.063	 449231.125	 447209.594	      0.058	      0.050	      0.016	
 2014/08/08	   2.437	   2.450	   2.428	   2.440	       22836128	      2.460	      2.450	      2.369	      2.271	           	      0.000	 228361.281	 342162.875	 439108.219	      0.056	      0.051	      0.008	
 2014/08/11	   2.440	   2.476	   2.440	   2.470	       34944320	      2.457	      2.454	      2.379	      2.276	           	      0.000	 349443.188	 330673.563	 406848.844	      0.055	      0.052	      0.006	
 2014/08/12	   2.469	   2.469	   2.450	   2.461	       46126516	      2.454	      2.456	      2.389	      2.280	           	      0.000	 461265.156	 361757.563	 401054.969	      0.054	      0.052	      0.003	
 2014/08/13	   2.461	   2.476	   2.442	   2.466	       28148310	      2.454	      2.460	      2.399	      2.285	           	      0.000	 281483.094	 371521.344	 396248.563	      0.052	      0.052	     -0.000	
 2014/08/14	   2.466	   2.471	   2.440	   2.441	       21421088	      2.456	      2.457	      2.408	      2.289	           	      0.000	 214210.875	 306952.719	 378091.938	      0.049	      0.052	     -0.006	
 2014/08/15	   2.441	   2.479	   2.441	   2.467	       93181584	      2.461	      2.460	      2.418	      2.294	           	      0.000	 931815.813	 447643.625	 394903.250	      0.047	      0.051	     -0.007	
 2014/08/18	   2.468	   2.487	   2.468	   2.478	      113111800	      2.463	      2.460	      2.429	      2.299	           	      0.000	1131118.000	 603978.563	 467326.094	      0.047	      0.050	     -0.007	
 2014/08/19	   2.478	   2.485	   2.465	   2.477	       60351688	      2.466	      2.460	      2.438	      2.303	           	      0.000	 603516.875	 632428.938	 497093.250	      0.045	      0.049	     -0.007	
 2014/08/20	   2.476	   2.480	   2.467	   2.473	       59024312	      2.467	      2.461	      2.447	      2.307	           	      0.000	 590243.125	 694180.938	 532851.125	      0.044	      0.048	     -0.009	
 2014/08/21	   2.473	   2.473	   2.444	   2.461	       25649100	      2.471	      2.463	      2.453	      2.311	           	      0.000	 256491.000	 702636.938	 504794.844	      0.041	      0.047	     -0.011	
 2014/08/22	   2.462	   2.481	   2.460	   2.475	       24481020	      2.473	      2.467	      2.458	      2.315	           	      0.000	 244810.203	 565235.813	 506439.719	      0.039	      0.045	     -0.012	
 2014/08/25	   2.474	   2.476	   2.451	   2.453	       38955224	      2.468	      2.465	      2.460	      2.319	           	      0.000	 389552.250	 416922.688	 510450.625	      0.036	      0.043	     -0.015	
 2014/08/26	   2.451	   2.460	   2.432	   2.437	       21472816	      2.460	      2.463	      2.459	      2.323	           	      0.000	 214728.156	 339164.938	 485796.938	      0.031	      0.041	     -0.019	
 2014/08/27	   2.436	   2.446	   2.434	   2.436	       65610032	      2.452	      2.460	      2.460	      2.327	           	      0.000	 656100.313	 352336.375	 523258.656	      0.028	      0.038	     -0.021	
 2014/08/28	   2.436	   2.443	   2.422	   2.425	       24420500	      2.445	      2.458	      2.458	      2.331	           	      0.000	 244205.000	 349879.188	 526258.063	      0.023	      0.035	     -0.024	
 2014/08/29	   2.425	   2.448	   2.425	   2.447	       37582924	      2.440	      2.456	      2.458	      2.335	           	      0.000	 375829.250	 376083.000	 470659.406	      0.022	      0.032	     -0.022	
 2014/09/01	   2.447	   2.462	   2.446	   2.461	       92876640	      2.441	      2.454	      2.457	      2.339	           	      0.000	 928766.375	 483925.813	 450424.250	      0.021	      0.030	     -0.018	
 2014/09/02	   2.462	   2.501	   2.458	   2.497	      106560624	      2.453	      2.457	      2.458	      2.343	           	      0.000	1065606.250	 654101.438	 496633.188	      0.023	      0.029	     -0.011	
 2014/09/03	   2.497	   2.527	   2.497	   2.517	       57147504	      2.469	      2.461	      2.461	      2.348	           	      0.000	 571475.063	 637176.375	 494756.375	      0.026	      0.028	     -0.004	
 2014/09/04	   2.518	   2.542	   2.515	   2.540	       42759192	      2.492	      2.469	      2.466	      2.354	           	      0.000	 427591.906	 673853.750	 511866.469	      0.030	      0.029	      0.003	
 2014/09/05	   2.542	   2.566	   2.542	   2.560	       80588872	      2.515	      2.477	      2.472	      2.359	           	      0.000	 805888.750	 759865.688	 567974.313	      0.034	      0.030	      0.009	
 2014/09/09	   2.563	   2.565	   2.545	   2.554	       21662062	      2.534	      2.487	      2.476	      2.364	           	      0.000	 216620.625	 617436.500	 550681.188	      0.037	      0.031	      0.012	
 2014/09/10	   2.550	   2.550	   2.530	   2.542	       21406846	      2.543	      2.498	      2.480	      2.369	           	      0.000	 214068.453	 447128.969	 550615.188	      0.038	      0.033	      0.010	
 2014/09/11	   2.542	   2.576	   2.525	   2.532	      114909560	      2.546	      2.507	      2.484	      2.374	           	      0.000	1149095.625	 562653.063	 599914.750	      0.037	      0.033	      0.007	
 2014/09/12	   2.530	   2.551	   2.525	   2.551	       53508888	      2.548	      2.520	      2.489	      2.380	           	      0.000	 535088.875	 584152.438	 629003.125	      0.037	      0.034	      0.006	
 2014/09/15	   2.540	   2.548	   2.528	   2.543	       51943132	      2.544	      2.530	      2.493	      2.385	           	      0.000	 519431.313	 526861.000	 643363.313	      0.037	      0.035	      0.004	
 2014/09/16	   2.543	   2.556	   2.496	   2.500	       37854032	      2.534	      2.534	      2.494	      2.390	           	      0.000	 378540.313	 559244.938	 588340.688	      0.032	      0.034	     -0.004	
 2014/09/17	   2.500	   2.513	   2.494	   2.508	       56479036	      2.527	      2.535	      2.496	      2.395	           	      0.000	 564790.375	 629389.313	 538259.125	      0.029	      0.033	     -0.008	
 2014/09/18	   2.508	   2.523	   2.499	   2.516	       43500176	      2.524	      2.535	      2.498	      2.400	           	      0.000	 435001.750	 486570.531	 524611.813	      0.027	      0.032	     -0.010	
 2014/09/19	   2.516	   2.545	   2.516	   2.536	       30176264	      2.521	      2.534	      2.501	      2.405	           	      0.000	 301762.625	 439905.281	 512028.875	      0.027	      0.031	     -0.009	
 2014/09/22	   2.539	   2.539	   2.485	   2.488	       34406136	      2.510	      2.527	      2.502	      2.410	           	      0.000	 344061.375	 404831.281	 465846.125	      0.022	      0.029	     -0.014	
 2014/09/23	   2.486	   2.517	   2.486	   2.512	       29091900	      2.512	      2.523	      2.505	      2.414	           	      0.000	 290919.000	 387307.031	 473275.969	      0.020	      0.027	     -0.014	
 2014/09/24	   2.511	   2.562	   2.496	   2.559	      111553448	      2.522	      2.524	      2.511	      2.419	           	      0.000	1115534.500	 497455.844	 563422.563	      0.022	      0.026	     -0.008	
 2014/09/25	   2.564	   2.585	   2.540	   2.548	       69122824	      2.529	      2.526	      2.517	      2.424	           	      0.000	 691228.250	 548701.125	 517635.844	      0.023	      0.026	     -0.006	
 2014/09/26	   2.548	   2.554	   2.533	   2.548	       37567800	      2.531	      2.526	      2.523	      2.429	           	      0.000	 375678.000	 563484.250	 501694.750	      0.023	      0.025	     -0.004	
 2014/09/29	   2.549	   2.562	   2.544	   2.561	       64364784	      2.546	      2.528	      2.529	      2.434	           	      0.000	 643647.813	 623401.500	 514116.406	      0.024	      0.025	     -0.002	
 2014/09/30	   2.563	   2.565	   2.553	   2.562	       42913588	      2.556	      2.534	      2.534	      2.439	           	      0.000	 429135.875	 651044.875	 519175.969	      0.024	      0.025	     -0.001	
 2014/10/08	   2.565	   2.589	   2.557	   2.589	       44626800	      2.562	      2.542	      2.538	      2.445	           	      0.000	 446268.000	 517191.594	 507323.719	      0.027	      0.025	      0.003	
 2014/10/09	   2.590	   2.600	   2.576	   2.590	       24571108	      2.570	      2.549	      2.542	      2.450	           	      0.000	 245711.078	 428088.156	 488394.656	      0.028	      0.026	      0.005	
 2014/10/10	   2.590	   2.592	   2.570	   2.578	       20173448	      2.576	      2.553	      2.544	      2.456	           	      0.000	 201734.484	 393299.438	 478391.844	      0.028	      0.026	      0.004	
 2014/10/13	   2.579	   2.579	   2.542	   2.569	       23510814	      2.578	      2.562	      2.544	      2.462	           	      0.000	 235108.141	 311591.500	 467496.500	      0.027	      0.026	      0.001	
 2014/10/14	   2.567	   2.576	   2.549	   2.558	       22611988	      2.577	      2.566	      2.545	      2.467	           	      0.000	 226119.875	 270988.313	 461016.594	      0.025	      0.026	     -0.002	
 2014/10/15	   2.558	   2.577	   2.544	   2.572	       18099324	      2.573	      2.568	      2.546	      2.472	           	      0.000	 180993.234	 217933.359	 367562.469	      0.024	      0.026	     -0.003	
 2014/10/16	   2.569	   2.591	   2.558	   2.562	       49279400	      2.568	      2.569	      2.548	      2.477	           	      0.000	 492794.000	 267349.938	 347719.063	      0.023	      0.025	     -0.005	
 2014/10/17	   2.562	   2.568	   2.527	   2.552	       94555504	      2.563	      2.569	      2.548	      2.482	           	      0.000	 945555.063	 416114.063	 404706.750	      0.020	      0.024	     -0.008	
 2014/10/20	   2.560	   2.567	   2.553	   2.564	       57298064	      2.562	      2.570	      2.549	      2.487	           	      0.000	 572980.625	 483688.563	 397640.031	      0.019	      0.023	     -0.008	
 2014/10/21	   2.558	   2.570	   2.547	   2.548	       19048516	      2.560	      2.568	      2.551	      2.491	           	      0.000	 190485.156	 476561.625	 373774.969	      0.017	      0.022	     -0.010	
 2014/10/22	   2.548	   2.560	   2.533	   2.535	       10418664	      2.552	      2.563	      2.552	      2.495	           	      0.000	 104186.641	 461200.313	 339566.844	      0.014	      0.020	     -0.013	
 2014/10/23	   2.534	   2.537	   2.509	   2.509	        7531300	      2.542	      2.555	      2.552	      2.499	           	      0.000	  75313.000	 377704.094	 322527.031	      0.009	      0.018	     -0.018	
 2014/10/24	   2.509	   2.516	   2.503	   2.505	        5419003	      2.532	      2.547	      2.550	      2.502	           	      0.000	  54190.031	 199431.094	 307772.563	      0.005	      0.015	     -0.021	
 2014/10/27	   2.505	   2.505	   2.474	   2.484	        8556142	      2.516	      2.539	      2.550	      2.504	           	      0.000	  85561.422	 101947.250	 292817.906	     -0.000	      0.012	     -0.025	
 2014/10/28	   2.492	   2.530	   2.487	   2.529	       65630772	      2.512	      2.536	      2.551	      2.505	           	      0.000	 656307.750	 195111.766	 335836.688	     -0.000	      0.010	     -0.020	
 2014/10/29	   2.537	   2.577	   2.529	   2.564	       25262498	      2.518	      2.535	      2.551	      2.507	           	      0.000	 252624.984	 224799.438	 342999.875	      0.002	      0.008	     -0.012	
 2014/10/30	   2.554	   2.586	   2.554	   2.577	       28897028	      2.532	      2.537	      2.553	      2.510	           	      0.000	 288970.281	 267530.906	 322617.500	      0.005	      0.008	     -0.005	
 2014/10/31	   2.577	   2.630	   2.577	   2.626	       60728200	      2.556	      2.544	      2.557	      2.512	           	      0.000	 607282.000	 378149.281	 288790.188	      0.012	      0.008	      0.006	
 2014/11/03	   2.630	   2.635	   2.618	   2.622	       39851424	      2.584	      2.550	      2.560	      2.516	           	      0.000	 398514.250	 440739.844	 271343.563	      0.016	      0.010	      0.012	
 2014/11/04	   2.617	   2.630	   2.615	   2.623	       35836528	      2.602	      2.557	      2.563	      2.518	           	      0.000	 358365.281	 381151.375	 288131.563	      0.019	      0.012	      0.015	
 2014/11/05	   2.628	   2.633	   2.617	   2.623	       31498400	      2.614	      2.566	      2.565	      2.520	           	      0.000	 314984.000	 393623.156	 309211.313	      0.022	      0.014	      0.016	
 2014/11/06	   2.626	   2.627	   2.600	   2.622	       44748480	      2.623	      2.577	      2.566	      2.523	           	      0.000	 447484.813	 425326.063	 346428.469	      0.023	      0.016	      0.015	
 2014/11/07	   2.623	   2.657	   2.607	   2.615	       50516900	      2.621	      2.589	      2.568	      2.526	           	      0.000	 505169.000	 404903.469	 391526.375	      0.024	      0.017	      0.013	
 2014/11/10	   2.624	   2.679	   2.624	   2.677	       58315044	      2.632	      2.608	      2.573	      2.530	           	      0.000	 583150.438	 441830.719	 441285.281	      0.029	      0.020	      0.018	
 2014/11/11	   2.679	   2.722	   2.653	   2.677	       94023104	      2.643	      2.623	      2.579	      2.533	           	      0.000	 940231.063	 558203.875	 469677.625	      0.032	      0.022	      0.020	
 2014/11/12	   2.675	   2.710	   2.662	   2.707	       38482008	      2.660	      2.637	      2.586	      2.537	           	      0.000	 384820.094	 572171.063	 482897.125	      0.037	      0.025	      0.024	
 2014/11/13	   2.706	   2.719	   2.686	   2.713	       58392760	      2.678	      2.651	      2.594	      2.542	           	      0.000	 583927.625	 599459.625	 512392.844	      0.041	      0.028	      0.025	
 2014/11/14	   2.710	   2.710	   2.675	   2.697	       92767744	      2.694	      2.658	      2.601	      2.546	           	      0.000	 927677.438	 683961.313	 544432.375	      0.042	      0.031	      0.022	
 2014/11/17	   2.710	   2.729	   2.680	   2.681	       25427500	      2.695	      2.664	      2.607	      2.549	           	      0.000	 254275.000	 618186.250	 530008.500	      0.042	      0.033	      0.017	
 2014/11/18	   2.687	   2.687	   2.650	   2.656	       13502800	      2.691	      2.667	      2.612	      2.552	           	      0.000	 135028.000	 457145.625	 507674.750	      0.038	      0.034	      0.008	
 2014/11/19	   2.656	   2.664	   2.647	   2.651	        4361209	      2.680	      2.670	      2.618	      2.555	           	      0.000	  43612.090	 388904.031	 480537.563	      0.035	      0.034	      0.002	
 2014/11/20	   2.641	   2.657	   2.635	   2.651	        6966191	      2.667	      2.673	      2.625	      2.558	           	      0.000	  69661.906	 286050.875	 442755.250	      0.032	      0.034	     -0.003	
 2014/11/21	   2.651	   2.705	   2.643	   2.703	       84644816	      2.668	      2.681	      2.635	      2.562	           	      0.000	 846448.188	 269805.031	 476883.188	      0.034	      0.034	     -0.000	
 2014/11/24	   2.720	   2.790	   2.720	   2.764	      198053456	      2.685	      2.690	      2.649	      2.567	           	      0.000	1980534.500	 615056.938	 616621.563	      0.039	      0.035	      0.009	
 2014/11/25	   2.764	   2.805	   2.764	   2.800	      193499696	      2.714	      2.702	      2.662	      2.573	           	      0.000	1934997.000	 975050.750	 716098.188	      0.046	      0.037	      0.018	
 2014/11/26	   2.801	   2.837	   2.801	   2.837	      114017088	      2.751	      2.715	      2.676	      2.580	           	      0.000	1140170.875	1194362.500	 791633.250	      0.054	      0.041	      0.027	
 2014/11/27	   2.849	   2.870	   2.840	   2.870	      104838000	      2.795	      2.731	      2.691	      2.587	           	      0.000	1048380.000	1390106.125	 838078.500	      0.062	      0.045	      0.034	
 2014/11/28	   2.868	   2.928	   2.859	   2.926	      168043600	      2.839	      2.754	      2.706	      2.595	           	      0.000	1680436.000	1556903.625	 913354.375	      0.072	      0.050	      0.044	
 2014/12/01	   2.927	   2.966	   2.927	   2.937	       53756384	      2.874	      2.780	      2.721	      2.603	           	      0.000	 537563.813	1268309.500	 941683.250	      0.080	      0.056	      0.048	
 2014/12/02	   2.935	   3.068	   2.924	   3.044	      179535168	      2.923	      2.818	      2.743	      2.613	           	      0.000	1795351.625	1240380.500	1107715.625	      0.094	      0.064	      0.060	
 2014/12/03	   3.045	   3.180	   3.040	   3.080	      222170560	      2.971	      2.861	      2.765	      2.623	           	      0.000	2221705.500	1456687.375	1325525.000	      0.107	      0.072	      0.069	
 2014/12/04	   3.081	   3.234	   3.081	   3.230	      245570144	      3.043	      2.919	      2.796	      2.635	           	      0.000	2455701.500	1738151.750	1564128.875	      0.127	      0.083	      0.088	
 2014/12/05	   3.280	   3.310	   3.154	   3.238	      168281264	      3.106	      2.973	      2.827	      2.646	           	      0.000	1682812.625	1738627.000	1647765.375	      0.143	      0.095	      0.095	
 2014/12/08	   3.234	   3.425	   3.195	   3.392	      146413424	      3.197	      3.035	      2.863	      2.660	           	      0.000	1464134.250	1923941.125	1596125.375	      0.166	      0.109	      0.112	
 2014/12/09	   3.383	   3.517	   3.160	   3.180	      253989536	      3.224	      3.073	      2.888	      2.671	           	      0.000	2539895.250	2072849.875	1656615.125	      0.165	      0.120	      0.088	
 2014/12/10	   3.230	   3.340	   3.170	   3.325	      627268480	      3.273	      3.122	      2.919	      2.684	           	      0.000	6272685.000	2883045.750	2169866.500	      0.173	      0.131	      0.085	
 2014/12/11	   3.290	   3.352	   3.264	   3.282	      183256880	      3.283	      3.163	      2.947	      2.696	           	      0.000	1832568.750	2758419.250	2248285.500	      0.175	      0.140	      0.070	
 2014/12/12	   3.298	   3.344	   3.266	   3.286	       58344520	      3.293	      3.199	      2.977	      2.708	           	      0.000	 583445.188	2538545.750	2138586.250	      0.175	      0.147	      0.056	
 2014/12/15	   3.286	   3.340	   3.252	   3.324	       57985804	      3.279	      3.238	      3.009	      2.721	           	      0.000	 579858.063	2361690.500	2142815.750	      0.175	      0.152	      0.046	
 2014/12/16	   3.321	   3.400	   3.317	   3.399	      108620544	      3.323	      3.274	      3.046	      2.736	           	      0.000	1086205.500	2070952.500	2071901.125	      0.180	      0.158	      0.044	
 2014/12/17	   3.412	   3.455	   3.366	   3.440	      166053392	      3.346	      3.310	      3.085	      2.752	           	      0.000	1660533.875	1148522.250	2015784.000	      0.185	      0.163	      0.043	
 2014/12/18	   3.440	   3.477	   3.417	   3.431	       45346096	      3.376	      3.330	      3.124	      2.767	           	      0.000	 453460.969	 872700.750	1815560.000	      0.185	      0.168	      0.036	
 2014/12/19	   3.440	   3.500	   3.380	   3.487	       77966208	      3.416	      3.355	      3.164	      2.783	           	      0.000	 779662.063	 911944.125	1725244.875	      0.189	      0.172	      0.033	
 2014/12/22	   3.487	   3.532	   3.451	   3.484	       80187680	      3.448	      3.364	      3.200	      2.800	           	      0.000	 801876.813	 956347.875	1659019.125	      0.189	      0.175	      0.027	
 2014/12/23	   3.480	   3.520	   3.383	   3.388	      179989648	      3.446	      3.385	      3.229	      2.814	           	      0.000	1799896.500	1099086.000	1585019.250	      0.179	      0.176	      0.006	
 2014/12/24	   3.400	   3.418	   3.269	   3.308	       94764464	      3.420	      3.383	      3.253	      2.827	           	      0.000	 947644.625	 956508.188	1052515.250	      0.163	      0.173	     -0.021	
 2014/12/25	   3.329	   3.429	   3.329	   3.417	       50175008	      3.417	      3.396	      3.280	      2.841	           	      0.000	 501750.094	 966166.000	 919433.375	      0.157	      0.170	     -0.026	
 2014/12/26	   3.410	   3.555	   3.410	   3.553	       57272644	      3.430	      3.423	      3.311	      2.858	           	      0.000	 572726.438	 924778.875	 918361.500	      0.161	      0.168	     -0.014	
 2014/12/29	   3.610	   3.630	   3.473	   3.530	      112665696	      3.439	      3.444	      3.341	      2.874	           	      0.000	1126657.000	 989734.938	 973041.375	      0.161	      0.167	     -0.011	
 2014/12/30	   3.531	   3.575	   3.504	   3.539	      124997344	      3.469	      3.458	      3.366	      2.890	           	      0.000	1249973.500	 879750.313	 989418.188	      0.160	      0.166	     -0.011	
 2014/12/31	   3.539	   3.633	   3.539	   3.624	       55094500	      3.533	      3.476	      3.393	      2.908	           	      0.000	 550945.000	 800410.375	 878459.313	      0.164	      0.165	     -0.002	
 2015/01/05	   3.649	   3.772	   3.637	   3.706	      188513504	      3.590	      3.504	      3.417	      2.926	           	      0.000	1885135.000	1077087.375	1021626.688	      0.172	      0.167	      0.011	
 2015/01/06	   3.710	   3.757	   3.670	   3.702	      105324000	      3.620	      3.525	      3.440	      2.945	           	      0.000	1053240.000	1173190.125	1048984.500	      0.176	      0.168	      0.015	
 2015/01/07	   3.701	   3.738	   3.671	   3.710	      129118664	      3.656	      3.548	      3.456	      2.964	           	      0.000	1291186.625	1206096.000	1097915.500	      0.177	      0.170	      0.014	
 2015/01/08	   3.710	   3.730	   3.622	   3.630	      140213504	      3.674	      3.572	      3.478	      2.982	           	      0.000	1402135.000	1236528.375	1058139.375	      0.170	      0.170	      0.000	
 2015/01/09	   3.620	   3.772	   3.601	   3.605	       64871376	      3.671	      3.602	      3.492	      2.999	           	      0.000	 648713.750	1256082.125	1028246.250	      0.161	      0.168	     -0.015	
 2015/01/12	   3.600	   3.636	   3.546	   3.605	       24897692	      3.650	      3.620	      3.508	      3.016	           	      0.000	 248976.922	 928850.438	1002968.938	      0.152	      0.165	     -0.027	
 2015/01/13	   3.600	   3.630	   3.576	   3.600	        9823767	      3.630	      3.625	      3.524	      3.034	           	      0.000	  98237.672	 737850.000	 955520.063	      0.142	      0.160	     -0.037	
 2015/01/14	   3.600	   3.633	   3.558	   3.594	       80471824	      3.607	      3.632	      3.538	      3.051	           	      0.000	 804718.250	 640556.313	 923326.188	      0.133	      0.155	     -0.044	
 2015/01/15	   3.594	   3.697	   3.569	   3.692	      109319608	      3.619	      3.647	      3.552	      3.070	           	      0.000	1093196.125	 578768.563	 907648.438	      0.132	      0.150	     -0.037	
 2015/01/16	   3.700	   3.748	   3.700	   3.725	       28413532	      3.643	      3.657	      3.566	      3.090	           	      0.000	 284135.313	 505852.844	 880967.438	      0.132	      0.147	     -0.029	
 2015/01/19	   3.630	   3.630	   3.361	   3.361	       44818200	      3.594	      3.622	      3.563	      3.104	           	      0.000	 448182.000	 545693.875	 737272.188	      0.101	      0.138	     -0.072	
 2015/01/20	   3.368	   3.524	   3.368	   3.486	       42207504	      3.572	      3.601	      3.563	      3.120	           	      0.000	 422075.031	 610461.375	 674155.688	      0.087	      0.127	     -0.082	
 2015/01/21	   3.516	   3.667	   3.503	   3.648	      151536288	      3.582	      3.595	      3.571	      3.140	           	      0.000	1515362.875	 752590.250	 696573.313	      0.087	      0.119	     -0.065	
 2015/01/22	   3.648	   3.685	   3.615	   3.659	       17132288	      3.576	      3.598	      3.585	      3.159	           	      0.000	 171322.875	 568215.625	 573492.063	      0.087	      0.113	     -0.052	
 2015/01/23	   3.668	   3.720	   3.646	   3.680	       59834880	      3.567	      3.605	      3.603	      3.177	           	      0.000	 598348.813	 631058.313	 568455.563	      0.088	      0.108	     -0.040	
 2015/01/26	   3.692	   3.710	   3.649	   3.705	       67769800	      3.636	      3.615	      3.618	      3.196	           	      0.000	 677698.000	 676961.500	 611327.688	      0.089	      0.104	     -0.030	
 2015/01/27	   3.706	   3.719	   3.604	   3.672	       22723400	      3.673	      3.622	      3.624	      3.214	           	      0.000	 227234.000	 637993.313	 624227.313	      0.087	      0.101	     -0.028	
 2015/01/28	   3.632	   3.689	   3.601	   3.616	        8551102	      3.666	      3.624	      3.628	      3.230	           	      0.000	  85511.023	 352022.938	 552306.625	      0.079	      0.096	     -0.034	
 2015/01/29	   3.584	   3.601	   3.546	   3.579	       10032709	      3.650	      3.613	      3.630	      3.246	           	      0.000	 100327.094	 337823.781	 453019.688	      0.070	      0.091	     -0.042	
 2015/01/30	   3.581	   3.608	   3.520	   3.540	      136480896	      3.622	      3.595	      3.626	      3.261	           	      0.000	1364809.000	 491115.813	 561087.063	      0.058	      0.084	     -0.052	
 2015/02/02	   3.480	   3.510	   3.443	   3.453	       24201176	      3.572	      3.604	      3.613	      3.275	           	      0.000	 242011.766	 403978.563	 540470.063	      0.042	      0.076	     -0.068	
 2015/02/03	   3.469	   3.570	   3.461	   3.529	       43945120	      3.543	      3.608	      3.604	      3.290	           	      0.000	 439451.188	 446422.000	 542207.688	      0.034	      0.068	     -0.066	
 2015/02/04	   3.540	   3.579	   3.490	   3.492	       25265820	      3.519	      3.592	      3.594	      3.304	           	      0.000	 252658.203	 479851.438	 415937.188	      0.025	      0.059	     -0.068	
 2015/02/05	   3.594	   3.594	   3.450	   3.473	      106219144	      3.497	      3.574	      3.586	      3.317	           	      0.000	1062191.500	 672224.313	 505024.063	      0.016	      0.051	     -0.069	
 2015/02/06	   3.473	   3.473	   3.376	   3.405	       20420898	      3.470	      3.546	      3.576	      3.329	           	      0.000	 204208.984	 440104.313	 465610.063	      0.004	      0.041	     -0.075	
 2015/02/09	   3.377	   3.476	   3.377	   3.434	       18571456	      3.467	      3.519	      3.567	      3.341	           	      0.000	 185714.563	 428844.875	 416411.719	     -0.004	      0.032	     -0.072	
 2015/02/10	   3.434	   3.507	   3.433	   3.505	        9701100	      3.462	      3.503	      3.562	      3.354	           	      0.000	  97011.000	 360356.844	 403389.438	     -0.004	      0.025	     -0.058	
 2015/02/11	   3.505	   3.545	   3.505	   3.531	        4885600	      3.470	      3.494	      3.559	      3.369	           	      0.000	  48856.000	 319596.406	 399723.938	     -0.002	      0.019	     -0.044	
 2015/02/12	   3.534	   3.556	   3.508	   3.544	       26196408	      3.484	      3.491	      3.552	      3.383	           	      0.000	 261964.078	 159550.922	 415887.625	      0.000	      0.016	     -0.031	
 2015/02/13	   3.552	   3.610	   3.550	   3.565	       35548600	      3.516	      3.493	      3.544	      3.399	           	      0.000	 355486.000	 189806.328	 314955.313	      0.004	      0.013	     -0.019	
 2015/02/16	   3.558	   3.605	   3.557	   3.596	       27068900	      3.548	      3.507	      3.556	      3.414	           	      0.000	 270689.000	 206801.219	 317823.063	      0.009	      0.012	     -0.006	
 2015/02/17	   3.605	   3.637	   3.605	   3.626	       10068700	      3.572	      3.517	      3.563	      3.430	           	      0.000	 100687.000	 207536.422	 283946.625	      0.016	      0.013	      0.005	
 2015/02/25	   3.628	   3.628	   3.557	   3.574	       16695201	      3.581	      3.525	      3.559	      3.443	           	      0.000	 166952.016	 231155.625	 275376.000	      0.016	      0.014	      0.005	
 2015/02/26	   3.574	   3.670	   3.561	   3.669	       48443128	      3.606	      3.545	      3.559	      3.458	           	      0.000	 484431.281	 275649.063	 217600.000	      0.024	      0.016	      0.017	
 2015/02/27	   3.665	   3.690	   3.649	   3.667	       11964000	      3.626	      3.571	      3.559	      3.472	           	      0.000	 119640.000	 228479.859	 209143.094	      0.030	      0.019	      0.023	
 2015/03/02	   3.688	   3.731	   3.661	   3.697	       40411500	      3.647	      3.597	      3.558	      3.485	           	      0.000	 404115.000	 255165.063	 230983.141	      0.037	      0.022	      0.029	
 2015/03/03	   3.680	   3.680	   3.597	   3.600	       13696827	      3.641	      3.607	      3.555	      3.497	           	      0.000	 136968.266	 262421.313	 234978.859	      0.034	      0.025	      0.018	
 2015/03/04	   3.600	   3.640	   3.590	   3.624	       20566164	      3.651	      3.616	      3.555	      3.508	           	      0.000	 205661.641	 270163.250	 250659.422	      0.033	      0.026	      0.013	
 2015/03/05	   3.624	   3.624	   3.562	   3.588	      108592384	      3.635	      3.621	      3.556	      3.517	           	      0.000	1085923.875	 390461.750	 333055.406	      0.029	      0.027	      0.004	
 2015/03/06	   3.594	   3.609	   3.568	   3.577	       70996544	      3.617	      3.622	      3.557	      3.525	           	      0.000	 709965.438	 508526.844	 368503.344	      0.025	      0.026	     -0.003	
 2015/03/09	   3.559	   3.649	   3.514	   3.639	       36688268	      3.606	      3.626	      3.567	      3.532	           	      0.000	 366882.688	 501080.375	 378122.719	      0.026	      0.026	     -0.000	
 2015/03/10	   3.639	   3.651	   3.606	   3.618	       22581170	      3.609	      3.625	      3.571	      3.539	           	      0.000	 225811.703	 518849.063	 390635.188	      0.025	      0.026	     -0.002	
 2015/03/11	   3.618	   3.674	   3.610	   3.628	       41740952	      3.610	      3.631	      3.578	      3.542	           	      0.000	 417409.531	 561198.625	 415680.938	      0.025	      0.026	     -0.002	
 2015/03/12	   3.635	   3.703	   3.634	   3.686	       42048460	      3.630	      3.632	      3.589	      3.551	           	      0.000	 420484.594	 428110.781	 409286.281	      0.029	      0.027	      0.005	
 2015/03/13	   3.695	   3.736	   3.690	   3.710	       46542752	      3.656	      3.637	      3.604	      3.557	           	      0.000	 465427.531	 379203.219	 443865.031	      0.034	      0.028	      0.012	
 2015/03/16	   3.715	   3.809	   3.715	   3.807	       63565000	      3.690	      3.648	      3.623	      3.566	           	      0.000	 635650.000	 432956.688	 467018.531	      0.045	      0.031	      0.027	
 2015/03/17	   3.829	   3.856	   3.814	   3.848	       25858404	      3.736	      3.673	      3.640	      3.575	           	      0.000	 258584.047	 439511.125	 479180.094	      0.057	      0.037	      0.040	
 2015/03/18	   3.868	   3.954	   3.858	   3.952	       83467904	      3.801	      3.705	      3.661	      3.586	           	      0.000	 834679.063	 522965.063	 542081.875	      0.073	      0.044	      0.059	
 2015/03/19	   3.935	   3.947	   3.910	   3.930	       24294380	      3.849	      3.740	      3.680	      3.595	           	      0.000	 242943.797	 487456.875	 457783.844	      0.084	      0.052	      0.064	
 2015/03/20	   3.933	   4.008	   3.927	   3.987	       86203720	      3.905	      3.780	      3.701	      3.604	           	      0.000	 862037.188	 566778.813	 472991.000	      0.096	      0.061	      0.070	
 2015/03/23	   4.016	   4.069	   4.012	   4.065	       98145040	      3.956	      3.823	      3.725	      3.614	           	      0.000	 981450.375	 635938.875	 534447.813	      0.110	      0.070	      0.079	
 2015/03/24	   4.062	   4.079	   3.987	   4.056	       83839272	      3.998	      3.867	      3.746	      3.624	           	      0.000	 838392.750	 751900.625	 595705.875	      0.119	      0.080	      0.078	
 2015/03/25	   4.042	   4.070	   4.004	   4.034	       21447088	      4.014	      3.908	      3.769	      3.633	           	      0.000	 214470.875	 627859.000	 575412.000	      0.123	      0.089	      0.069	
 2015/03/26	   4.030	   4.085	   3.980	   4.041	      107265432	      4.037	      3.943	      3.788	      3.644	           	      0.000	1072654.375	 793801.125	 640629.000	      0.126	      0.096	      0.059	
 2015/03/27	   4.041	   4.094	   4.032	   4.070	       21804938	      4.053	      3.979	      3.808	      3.657	           	      0.000	 218049.375	 665003.563	 615891.188	      0.129	      0.103	      0.052	
 2015/03/30	   4.074	   4.220	   4.074	   4.198	       58293168	      4.080	      4.018	      3.833	      3.670	           	      0.000	 582931.688	 585299.813	 610619.375	      0.139	      0.110	      0.059	
 2015/03/31	   4.225	   4.279	   4.131	   4.146	       88527904	      4.098	      4.048	      3.860	      3.680	           	      0.000	 885279.063	 594677.063	 673288.875	      0.142	      0.117	      0.052	
 2015/04/01	   4.145	   4.249	   4.145	   4.217	       80114600	      4.134	      4.074	      3.890	      3.691	           	      0.000	 801146.000	 712012.125	 669935.563	      0.149	      0.123	      0.051	
 2015/04/02	   4.225	   4.258	   4.161	   4.216	       63683588	      4.169	      4.103	      3.921	      3.702	           	      0.000	 636835.875	 624848.375	 709324.750	      0.152	      0.129	      0.046	
 2015/04/03	   4.183	   4.290	   4.183	   4.281	       51311876	      4.212	      4.132	      3.956	      3.713	           	      0.000	 513118.750	 683862.250	 674432.938	      0.158	      0.134	      0.046	
 2015/04/07	   4.284	   4.350	   4.281	   4.350	       65291212	      4.242	      4.161	      3.992	      3.724	           	      0.000	 652912.125	 697858.375	 641579.063	      0.166	      0.141	      0.050	
 2015/04/08	   4.360	   4.392	   4.307	   4.378	       64101100	      4.288	      4.193	      4.030	      3.735	           	      0.000	 641011.000	 649004.750	 621840.938	      0.173	      0.147	      0.051	
 2015/04/09	   4.385	   4.419	   4.310	   4.347	       38726192	      4.314	      4.224	      4.066	      3.746	           	      0.000	 387261.906	 566227.938	 639120.000	      0.174	      0.152	      0.043	
 2015/04/10	   4.347	   4.470	   4.331	   4.461	       53059768	      4.363	      4.266	      4.105	      3.760	           	      0.000	 530597.688	 544980.313	 584914.375	      0.182	      0.158	      0.047	
 2015/04/13	   4.468	   4.538	   4.461	   4.516	       93723568	      4.410	      4.311	      4.145	      3.775	           	      0.000	 937235.688	 629803.688	 656833.000	      0.190	      0.165	      0.051	
 2015/04/14	   4.520	   4.580	   4.495	   4.535	       60466748	      4.447	      4.345	      4.181	      3.790	           	      0.000	 604667.500	 620154.750	 659006.563	      0.196	      0.171	      0.050	
 2015/04/15	   4.535	   4.574	   4.492	   4.498	      180004176	      4.471	      4.380	      4.214	      3.805	           	      0.000	1800041.750	 851960.875	 750482.813	      0.196	      0.176	      0.039	
 2015/04/16	   4.441	   4.656	   4.430	   4.654	      110849560	      4.533	      4.424	      4.249	      3.823	           	      0.000	1108495.625	 996207.625	 781217.813	      0.205	      0.182	      0.047	
 2015/04/17	   4.671	   4.747	   4.655	   4.696	      419051072	      4.580	      4.472	      4.287	      3.840	           	      0.000	4190510.750	1728190.250	1136585.250	      0.214	      0.188	      0.052	
 2015/04/20	   4.700	   4.774	   4.597	   4.615	      102039744	      4.600	      4.505	      4.319	      3.855	           	      0.000	1020397.438	1744822.625	1187313.125	      0.212	      0.193	      0.038	
 2015/04/21	   4.615	   4.706	   4.610	   4.696	      110682032	      4.632	      4.540	      4.350	      3.877	           	      0.000	1106820.375	1845253.250	1232704.000	      0.214	      0.197	      0.034	
 2015/04/22	   4.700	   4.830	   4.700	   4.828	      706187584	      4.698	      4.585	      4.389	      3.899	           	      0.000	7061876.000	2897620.000	1874790.500	      0.224	      0.203	      0.043	
 2015/04/23	   4.840	   4.870	   4.792	   4.837	       84071000	      4.734	      4.634	      4.429	      3.919	           	      0.000	 840710.000	2844063.000	1920135.250	      0.230	      0.208	      0.044	
 2015/04/24	   4.737	   4.856	   4.723	   4.817	       58047328	      4.759	      4.669	      4.468	      3.938	           	      0.000	 580473.250	2122055.500	1925122.875	      0.231	      0.213	      0.036	
 2015/04/27	   4.817	   4.920	   4.817	   4.906	      294533888	      4.817	      4.708	      4.510	      3.959	           	      0.000	2945339.000	2507043.750	2125933.250	      0.236	      0.217	      0.037	
 2015/04/28	   4.902	   4.929	   4.791	   4.854	       66987012	      4.848	      4.740	      4.542	      3.978	           	      0.000	 669870.125	2419653.750	2132453.500	      0.233	      0.220	      0.024	
 2015/04/29	   4.854	   4.908	   4.812	   4.875	       41965216	      4.858	      4.778	      4.579	      3.998	           	      0.000	 419652.156	1091208.875	1994414.500	      0.229	      0.222	      0.014	
 2015/04/30	   4.870	   4.919	   4.853	   4.859	        7454539	      4.862	      4.798	      4.611	      4.019	           	      0.000	  74545.391	 937976.000	1891019.500	      0.223	      0.222	      0.001	
 2015/05/04	   4.859	   4.901	   4.818	   4.889	       48921384	      4.877	      4.818	      4.645	      4.040	           	      0.000	 489213.844	 919724.125	1520889.750	      0.217	      0.221	     -0.008	
 2015/05/05	   4.889	   4.889	   4.690	   4.730	       18156796	      4.841	      4.829	      4.667	      4.060	           	      0.000	 181567.953	 366969.906	1437006.750	      0.198	      0.217	     -0.037	
 2015/05/06	   4.730	   4.800	   4.628	   4.661	       41563152	      4.803	      4.826	      4.683	      4.080	           	      0.000	 415631.531	 316122.188	1367887.875	      0.175	      0.208	     -0.066	
 2015/05/07	   4.636	   4.660	   4.571	   4.582	       63054208	      4.744	      4.801	      4.693	      4.098	           	      0.000	 630542.063	 358300.156	 724754.500	      0.149	      0.197	     -0.095	
 2015/05/08	   4.580	   4.657	   4.546	   4.650	      128770592	      4.702	      4.782	      4.708	      4.117	           	      0.000	1287705.875	 600932.250	 769454.125	      0.132	      0.184	     -0.103	
 2015/05/11	   4.666	   4.790	   4.631	   4.781	       97285296	      4.681	      4.779	      4.724	      4.139	           	      0.000	 972852.938	 697660.063	 808692.063	      0.128	      0.173	     -0.089	
 2015/05/12	   4.786	   4.860	   4.767	   4.852	       38988720	      4.705	      4.773	      4.741	      4.163	           	      0.000	 389887.188	 739323.938	 553146.875	      0.129	      0.164	     -0.070	
 2015/05/13	   4.824	   4.860	   4.780	   4.813	       28647680	      4.736	      4.769	      4.755	      4.186	           	      0.000	 286476.813	 713493.000	 514807.563	      0.125	      0.156	     -0.062	
 2015/05/14	   4.808	   4.830	   4.780	   4.793	        7528743	      4.778	      4.761	      4.769	      4.208	           	      0.000	  75287.430	 602442.063	 480371.094	      0.119	      0.149	     -0.059	
 2015/05/15	   4.793	   4.793	   4.700	   4.711	        7529369	      4.790	      4.746	      4.772	      4.227	           	      0.000	  75293.688	 359959.625	 480445.938	      0.106	      0.140	     -0.068	
 2015/05/18	   4.694	   4.730	   4.670	   4.680	        6379563	      4.770	      4.725	      4.771	      4.246	           	      0.000	  63795.629	 178148.156	 437904.125	      0.093	      0.131	     -0.076	
 2015/05/19	   4.680	   4.875	   4.677	   4.870	       82361384	      4.773	      4.739	      4.784	      4.268	           	      0.000	 823613.813	 264893.469	 502108.688	      0.096	      0.124	     -0.055	
 2015/05/20	   4.870	   4.973	   4.842	   4.861	       79104440	      4.783	      4.759	      4.792	      4.289	           	      0.000	 791044.375	 365807.000	 539650.000	      0.097	      0.118	     -0.043	
 2015/05/21	   4.865	   4.968	   4.860	   4.968	       73031224	      4.818	      4.798	      4.799	      4.311	           	      0.000	 730312.250	 496811.938	 549627.000	      0.105	      0.116	     -0.021	
 2015/05/22	   4.988	   5.078	   4.985	   5.072	       63828396	      4.890	      4.840	      4.811	      4.336	           	      0.000	 638283.938	 609410.000	 484684.813	      0.119	      0.116	      0.005	
 2015/05/25	   5.066	   5.245	   5.066	   5.238	       53130552	      5.002	      4.886	      4.832	      4.363	           	      0.000	 531305.500	 702912.000	 440530.063	      0.141	      0.121	      0.040	
 2015/05/26	   5.238	   5.316	   5.157	   5.304	       41590848	      5.089	      4.931	      4.852	      4.390	           	      0.000	 415908.469	 621370.875	 443132.188	      0.162	      0.130	      0.066	
 2015/05/27	   5.310	   5.354	   5.219	   5.295	       26500404	      5.175	      4.979	      4.874	      4.417	           	      0.000	 265004.031	 516162.844	 440984.906	      0.176	      0.139	      0.075	
 2015/05/28	   5.292	   5.320	   4.925	   4.980	       23518868	      5.178	      4.998	      4.879	      4.439	           	      0.000	 235188.688	 417138.125	 456975.031	      0.160	      0.143	      0.034	
 2015/05/29	   4.980	   5.130	   4.795	   4.944	       34214952	      5.152	      5.021	      4.884	      4.462	           	      0.000	 342149.531	 357911.250	 483660.625	      0.143	      0.143	     -0.000	
 2015/06/01	   4.905	   5.230	   4.905	   5.219	       47315848	      5.148	      5.075	      4.900	      4.489	           	      0.000	 473158.469	 346281.844	 524596.875	      0.150	      0.144	      0.011	
 2015/06/02	   5.217	   5.300	   5.067	   5.279	       66615000	      5.143	      5.116	      4.928	      4.517	           	      0.000	 666150.000	 396330.156	 508850.531	      0.158	      0.147	      0.022	
 2015/06/03	   5.242	   5.290	   5.165	   5.241	       18364964	      5.133	      5.154	      4.957	      4.544	           	      0.000	 183649.641	 380059.250	 448111.063	      0.160	      0.150	      0.020	
 2015/06/04	   5.241	   5.318	   4.843	   5.307	       48941804	      5.198	      5.188	      4.993	      4.572	           	      0.000	 489418.031	 430905.125	 424021.625	      0.165	      0.153	      0.024	
 2015/06/05	   5.307	   5.407	   5.203	   5.341	       29149554	      5.277	      5.215	      5.027	      4.600	           	      0.000	 291495.531	 420774.344	 389342.781	      0.169	      0.156	      0.026	
 2015/06/08	   5.341	   5.496	   5.280	   5.439	       14894520	      5.321	      5.235	      5.060	      4.630	           	      0.000	 148945.203	 355931.688	 351106.750	      0.179	      0.161	      0.036	
 2015/06/09	   5.439	   5.500	   5.368	   5.467	       13952984	      5.359	      5.251	      5.091	      4.659	           	      0.000	 139529.844	 250607.656	 323468.906	      0.186	      0.166	      0.041	
 2015/06/10	   5.450	   5.510	   5.230	   5.427	        3821723	      5.396	      5.264	      5.122	      4.686	           	      0.000	  38217.230	 221521.172	 300790.219	      0.187	      0.170	      0.034	
 2015/06/11	   5.427	   5.460	   5.360	   5.432	        4807000	      5.421	      5.310	      5.154	      4.712	           	      0.000	  48070.000	 133251.563	 282078.344	      0.186	      0.173	      0.025	
 2015/06/12	   5.432	   5.472	   5.391	   5.450	       22142680	      5.443	      5.360	      5.191	      4.737	           	      0.000	 221426.797	 119237.813	 270006.063	      0.184	      0.175	      0.018	
 2015/06/15	   5.456	   5.500	   5.340	   5.353	       12316339	      5.426	      5.374	      5.224	      4.761	           	      0.000	 123163.391	 114081.453	 235006.563	      0.173	      0.175	     -0.004	
 2015/06/16	   5.310	   5.330	   5.148	   5.202	       10819650	      5.373	      5.366	      5.241	      4.781	           	      0.000	 108196.500	 107814.781	 179211.219	      0.150	      0.170	     -0.039	
 2015/06/17	   5.202	   5.287	   5.086	   5.271	       51483496	      5.342	      5.369	      5.261	      4.801	           	      0.000	 514834.969	 203138.328	 212329.750	      0.136	      0.163	     -0.054	
 2015/06/18	   5.215	   5.245	   5.046	   5.077	        6693309	      5.271	      5.346	      5.267	      4.818	           	      0.000	  66933.094	 206910.953	 170081.250	      0.108	      0.152	     -0.088	
 2015/06/19	   5.077	   5.077	   4.752	   4.781	       10708203	      5.137	      5.290	      5.252	      4.831	           	      0.000	 107082.031	 184042.000	 151639.906	      0.061	      0.134	     -0.145	
 2015/06/23	   4.738	   4.910	   4.581	   4.885	       38728160	      5.043	      5.234	      5.235	      4.845	           	      0.000	 387281.594	 236865.641	 175473.547	      0.032	      0.114	     -0.163	
 2015/06/24	   4.916	   5.005	   4.862	   4.991	       29569680	      5.001	      5.187	      5.219	      4.860	           	      0.000	 295696.813	 274365.688	 191090.234	      0.018	      0.095	     -0.154	
 2015/06/25	   5.021	   5.040	   4.781	   4.821	       10252173	      4.911	      5.126	      5.195	      4.871	           	      0.000	 102521.727	 191903.047	 197520.688	     -0.008	      0.074	     -0.163	
 2015/06/26	   4.780	   4.780	   4.404	   4.426	       18802352	      4.781	      5.026	      5.168	      4.875	           	      0.000	 188023.516	 216121.141	 211516.047	     -0.059	      0.048	     -0.213	
 2015/06/29	   4.560	   4.598	   4.120	   4.322	      304290400	      4.689	      4.913	      5.137	      4.877	           	      0.000	3042904.000	 803285.500	 493663.750	     -0.107	      0.017	     -0.246	
 2015/06/30	   4.379	   4.633	   4.130	   4.630	      168214240	      4.638	      4.841	      5.107	      4.884	           	      0.000	1682142.375	1062257.625	 649561.688	     -0.118	     -0.010	     -0.216	
 2015/07/01	   4.568	   4.644	   4.352	   4.380	      111183376	      4.516	      4.758	      5.062	      4.886	           	      0.000	1111833.750	1225485.125	 749925.375	     -0.146	     -0.037	     -0.217	
 2015/07/02	   4.381	   4.470	   4.084	   4.298	      423756224	      4.411	      4.661	      5.015	      4.885	           	      0.000	4237562.000	2052493.125	1122198.125	     -0.172	     -0.064	     -0.216	
 2015/07/03	   4.230	   4.296	   3.900	   4.045	      275704800	      4.335	      4.558	      4.952	      4.879	           	      0.000	2757048.000	2566298.000	1391209.625	     -0.212	     -0.094	     -0.235	
 2015/07/06	   4.442	   4.442	   3.950	   4.141	      434432000	      4.299	      4.494	      4.892	      4.876	           	      0.000	4344320.000	2826581.250	1814933.375	     -0.232	     -0.121	     -0.221	
 2015/07/07	   4.055	   4.101	   3.870	   4.068	      622090880	      4.186	      4.412	      4.823	      4.869	           	      0.000	6220909.000	3734334.500	2398296.000	     -0.251	     -0.147	     -0.208	
 2015/07/08	   3.680	   3.780	   3.669	   3.669	       56251280	      4.044	      4.280	      4.733	      4.855	           	      0.000	 562512.813	3624470.250	2424977.750	     -0.295	     -0.177	     -0.237	
 2015/07/09	   3.480	   4.028	   3.480	   4.028	       30538038	      3.990	      4.201	      4.663	      4.847	           	      0.000	 305380.375	2838034.000	2445263.500	     -0.298	     -0.201	     -0.193	
 2015/07/10	   4.100	   4.380	   3.980	   4.369	       50707728	      4.055	      4.195	      4.610	      4.845	           	      0.000	 507077.281	2388040.000	2477169.000	     -0.269	     -0.215	     -0.109	
 2015/07/13	   4.330	   4.447	   4.220	   4.356	       39282804	      4.098	      4.198	      4.556	      4.840	           	      0.000	 392828.031	1597741.500	2212161.250	     -0.245	     -0.221	     -0.048	
 2015/07/14	   4.220	   4.410	   4.220	   4.261	       54406916	      4.137	      4.161	      4.501	      4.832	           	      0.000	 544069.188	 462373.531	2098354.000	     -0.230	     -0.223	     -0.015	
 2015/07/15	   4.250	   4.250	   4.023	   4.044	       73326784	      4.212	      4.128	      4.443	      4.823	           	      0.000	 733267.813	 496524.531	2060497.500	     -0.234	     -0.225	     -0.018	
 2015/07/16	   3.981	   4.202	   3.974	   4.137	      101535752	      4.233	      4.112	      4.386	      4.813	           	      0.000	1015357.500	 638519.938	1738277.000	     -0.226	     -0.225	     -0.002	
 2015/07/17	   4.155	   4.365	   4.144	   4.303	       41922800	      4.220	      4.138	      4.348	      4.805	           	      0.000	 419228.000	 620950.125	1504495.000	     -0.205	     -0.221	      0.033	
 2015/07/20	   4.308	   4.380	   4.261	   4.326	       33182292	      4.214	      4.156	      4.325	      4.796	           	      0.000	 331822.906	 608749.063	1103245.250	     -0.184	     -0.214	      0.060	
 2015/07/21	   4.320	   4.354	   4.231	   4.289	       12441745	      4.220	      4.178	      4.295	      4.787	           	      0.000	 124417.453	 524818.750	 493596.125	     -0.168	     -0.205	      0.073	
 2015/07/22	   4.285	   4.343	   4.261	   4.286	        9821233	      4.268	      4.240	      4.260	      4.777	           	      0.000	  98212.328	 397807.625	 447166.094	     -0.154	     -0.194	      0.081	
 2015/07/23	   4.286	   4.419	   4.285	   4.403	       29774268	      4.321	      4.277	      4.239	      4.770	           	      0.000	 297742.688	 254284.672	 446402.313	     -0.132	     -0.182	      0.100	
 2015/07/24	   4.403	   4.460	   4.294	   4.346	        8744042	      4.330	      4.275	      4.235	      4.761	           	      0.000	  87440.422	 187927.156	 404438.625	     -0.118	     -0.169	      0.103	
 2015/07/27	   4.320	   4.320	   3.932	   3.981	        4986054	      4.261	      4.238	      4.218	      4.746	           	      0.000	  49860.539	 131534.688	 370141.875	     -0.134	     -0.162	      0.055	
 2015/07/28	   3.780	   4.035	   3.779	   3.972	        5730829	      4.198	      4.209	      4.185	      4.731	           	      0.000	  57308.289	 118112.852	 321465.781	     -0.147	     -0.159	      0.025	
 2015/07/29	   3.978	   4.130	   3.903	   4.080	       16123440	      4.156	      4.212	      4.170	      4.720	           	      0.000	 161234.406	 130717.266	 264262.438	     -0.146	     -0.156	      0.021	
 2015/07/30	   4.081	   4.140	   3.981	   4.014	        3475121	      4.079	      4.200	      4.156	      4.709	           	      0.000	  34751.211	  78118.977	 166201.828	     -0.149	     -0.155	      0.012	
 2015/07/31	   3.862	   4.030	   3.862	   3.942	        2304779	      3.998	      4.164	      4.151	      4.699	           	      0.000	  23047.789	  65240.445	 126583.805	     -0.155	     -0.155	     -0.001	
 2015/08/03	   3.930	   3.978	   3.866	   3.963	        1603600	      3.994	      4.128	      4.142	      4.687	           	      0.000	  16036.000	  58475.539	  95005.109	     -0.157	     -0.155	     -0.003	
 2015/08/04	   3.960	   4.140	   3.960	   4.097	       17054326	      4.019	      4.108	      4.143	      4.676	           	      0.000	 170543.266	  81122.531	  99617.695	     -0.146	     -0.154	      0.015	
 2015/08/05	   4.120	   4.121	   4.007	   4.012	        7915256	      4.006	      4.081	      4.160	      4.662	           	      0.000	  79152.563	  64706.164	  97711.719	     -0.142	     -0.151	      0.018	
 2015/08/06	   4.030	   4.050	   3.939	   4.009	        1314500	      4.005	      4.042	      4.160	      4.648	           	      0.000	  13145.000	  60384.922	  69251.945	     -0.138	     -0.149	      0.021	
 2015/08/07	   4.030	   4.098	   4.021	   4.062	        7272374	      4.029	      4.013	      4.144	      4.636	           	      0.000	  72723.742	  70320.117	  67780.281	     -0.129	     -0.145	      0.032	
 2015/08/10	   4.082	   4.270	   4.070	   4.242	       55751848	      4.084	      4.039	      4.138	      4.628	           	      0.000	 557518.500	 178616.609	 118546.078	     -0.106	     -0.137	      0.062	
 2015/08/11	   4.258	   4.272	   4.208	   4.247	       24907288	      4.114	      4.067	      4.138	      4.621	           	      0.000	 249072.875	 194322.531	 137722.531	     -0.086	     -0.127	      0.081	
 2015/08/12	   4.201	   4.243	   4.180	   4.190	        5609357	      4.150	      4.078	      4.145	      4.610	           	      0.000	  56093.570	 189710.734	 127208.453	     -0.074	     -0.116	      0.084	
 2015/08/13	   4.181	   4.229	   4.128	   4.228	       65263832	      4.194	      4.099	      4.150	      4.599	           	      0.000	 652638.313	 317609.406	 188997.156	     -0.061	     -0.105	      0.088	
 2015/08/14	   4.231	   4.262	   4.220	   4.231	       13366050	      4.228	      4.128	      4.146	      4.587	           	      0.000	 133660.500	 329796.750	 200058.438	     -0.050	     -0.094	      0.088	
 2015/08/17	   4.228	   4.242	   4.173	   4.232	        3052618	      4.226	      4.155	      4.141	      4.573	           	      0.000	  30526.180	 224398.281	 201507.453	     -0.041	     -0.083	      0.086	
 2015/08/18	   4.242	   4.250	   3.968	   3.981	       14766234	      4.172	      4.143	      4.126	      4.552	           	      0.000	 147662.344	 204116.188	 199219.359	     -0.053	     -0.077	      0.049	
 2015/08/19	   3.976	   4.036	   3.825	   4.030	        3004300	      4.140	      4.145	      4.113	      4.531	           	      0.000	  30043.000	 198906.063	 194308.406	     -0.058	     -0.073	      0.031	
 2015/08/20	   3.991	   4.022	   3.924	   3.931	        3763100	      4.081	      4.137	      4.089	      4.508	           	      0.000	  37631.000	  75904.602	 196757.000	     -0.069	     -0.072	      0.007	
 2015/08/21	   3.930	   3.930	   3.730	   3.735	        5780700	      3.982	      4.105	      4.059	      4.487	           	      0.000	  57807.000	  60733.906	 195265.328	     -0.092	     -0.076	     -0.032	
 2015/08/24	   3.668	   3.668	   3.370	   3.370	       10031942	      3.809	      4.017	      4.028	      4.461	           	      0.000	 100319.422	  74692.555	 149545.422	     -0.139	     -0.089	     -0.100	
 2015/08/25	   3.258	   3.339	   3.080	   3.090	       10575689	      3.631	      3.902	      3.984	      4.425	           	      0.000	 105756.891	  66311.461	 135213.828	     -0.196	     -0.110	     -0.172	
 2015/08/26	   3.188	   3.286	   3.060	   3.177	       61207300	      3.461	      3.800	      3.939	      4.390	           	      0.000	 612073.000	 182717.469	 190811.766	     -0.232	     -0.135	     -0.194	
 2015/08/27	   3.190	   3.287	   3.140	   3.284	       19695900	      3.331	      3.706	      3.903	      4.358	           	      0.000	 196959.000	 214583.063	 145243.828	     -0.249	     -0.158	     -0.182	
 2015/08/28	   3.307	   3.429	   3.306	   3.391	       12007875	      3.262	      3.622	      3.875	      4.326	           	      0.000	 120078.750	 227037.406	 143885.656	     -0.250	     -0.176	     -0.149	
 2015/08/31	   3.380	   3.452	   3.314	   3.449	        8723576	      3.278	      3.544	      3.849	      4.294	           	      0.000	  87235.758	 224420.688	 149556.609	     -0.244	     -0.190	     -0.109	
 2015/09/01	   3.349	   3.460	   3.281	   3.451	        5834491	      3.350	      3.491	      3.817	      4.261	           	      0.000	  58344.910	 214938.281	 140624.875	     -0.237	     -0.199	     -0.075	
 2015/09/02	   3.380	   3.472	   3.314	   3.450	        2912650	      3.405	      3.433	      3.789	      4.228	           	      0.000	  29126.500	  98348.984	 140533.219	     -0.228	     -0.205	     -0.046	
 2015/09/07	   3.398	   3.542	   3.333	   3.351	        1765100	      3.418	      3.375	      3.756	      4.193	           	      0.000	  17651.000	  62487.383	 138535.219	     -0.226	     -0.209	     -0.035	
 2015/09/08	   3.340	   3.482	   3.313	   3.480	        2394200	      3.436	      3.349	      3.727	      4.161	           	      0.000	  23942.000	  43260.035	 135148.719	     -0.212	     -0.210	     -0.005	
 2015/09/09	   3.482	   3.567	   3.482	   3.536	        3707647	      3.454	      3.366	      3.692	      4.129	           	      0.000	  37076.469	  33228.176	 128824.430	     -0.195	     -0.207	      0.025	
 2015/09/10	   3.535	   3.550	   3.480	   3.505	        1052100	      3.464	      3.407	      3.655	      4.098	           	      0.000	  10521.000	  23663.395	 119300.836	     -0.181	     -0.202	      0.042	
 2015/09/11	   3.505	   3.524	   3.465	   3.486	        1420100	      3.472	      3.438	      3.619	      4.069	           	      0.000	  14201.000	  20678.293	  59513.641	     -0.169	     -0.195	      0.051	
 2015/09/14	   3.488	   3.525	   3.330	   3.370	        1423500	      3.475	      3.447	      3.576	      4.038	           	      0.000	  14235.000	  19995.094	  41241.238	     -0.168	     -0.190	      0.044	
 2015/09/15	   3.370	   3.375	   3.251	   3.259	         783000	      3.431	      3.434	      3.528	      4.007	           	      0.000	   7830.000	  16772.693	  30016.363	     -0.174	     -0.186	      0.026	
 2015/09/16	   3.303	   3.490	   3.280	   3.455	         741900	      3.415	      3.434	      3.489	      3.985	           	      0.000	   7419.000	  10841.200	  22034.688	     -0.161	     -0.181	      0.042	
 2015/09/17	   3.441	   3.480	   3.350	   3.351	       44737800	      3.384	      3.424	      3.458	      3.960	           	      0.000	 447378.000	  98212.602	  60937.996	     -0.157	     -0.176	      0.039	
 2015/09/18	   3.360	   3.447	   3.351	   3.390	         490600	      3.365	      3.418	      3.426	      3.933	           	      0.000	   4906.000	  96353.602	  58515.945	     -0.149	     -0.171	      0.044	
 2015/09/21	   3.355	   3.438	   3.355	   3.435	         364826	      3.378	      3.427	      3.401	      3.910	           	      0.000	   3648.260	  94236.250	  57115.672	     -0.137	     -0.164	      0.054	
 2015/09/22	   3.435	   3.476	   3.411	   3.468	        1350000	      3.420	      3.425	      3.387	      3.894	           	      0.000	  13500.000	  95370.250	  56071.473	     -0.124	     -0.156	      0.064	
 2015/09/23	   3.430	   3.441	   3.385	   3.393	         491700	      3.407	      3.411	      3.389	      3.878	           	      0.000	   4917.000	  94869.852	  52855.527	     -0.118	     -0.149	      0.060	
 2015/09/24	   3.393	   3.440	   3.393	   3.410	         255834	      3.419	      3.402	      3.405	      3.858	           	      0.000	   2558.340	   5905.920	  52059.262	     -0.111	     -0.141	      0.060	
 2015/09/25	   3.384	   3.415	   3.320	   3.350	         473449	      3.411	      3.388	      3.413	      3.841	           	      0.000	   4734.490	   5871.618	  51112.609	     -0.109	     -0.135	      0.051	
 2015/09/28	   3.303	   3.388	   3.303	   3.347	        5243970	      3.394	      3.386	      3.416	      3.825	           	      0.000	  52439.699	  15629.906	  54933.078	     -0.106	     -0.129	      0.045	
 2015/09/29	   3.292	   3.327	   3.260	   3.280	         467729	      3.356	      3.388	      3.411	      3.812	           	      0.000	   4677.290	  13865.364	  54617.809	     -0.108	     -0.125	      0.033	
 2015/09/30	   3.287	   3.324	   3.287	   3.313	         306218	      3.340	      3.374	      3.404	      3.798	           	      0.000	   3062.180	  13494.400	  54182.125	     -0.106	     -0.121	      0.030	
 2015/10/08	   3.428	   3.440	   3.377	   3.382	        1905195	      3.334	      3.377	      3.401	      3.787	           	      0.000	  19051.949	  16793.121	  11349.521	     -0.098	     -0.116	      0.038	
 2015/10/09	   3.403	   3.463	   3.403	   3.463	        1843106	      3.357	      3.384	      3.401	      3.784	           	      0.000	  18431.061	  19532.436	  12702.027	     -0.083	     -0.110	      0.053	
 2015/10/12	   3.475	   3.630	   3.469	   3.591	        4817273	      3.406	      3.400	      3.413	      3.776	           	      0.000	  48172.730	  18679.043	  17154.475	     -0.061	     -0.100	      0.078	
 2015/10/13	   3.577	   3.620	   3.554	   3.599	        2312890	      3.470	      3.413	      3.419	      3.763	           	      0.000	  23128.900	  22369.363	  18117.363	     -0.042	     -0.089	      0.092	
 2015/10/14	   3.570	   3.615	   3.551	   3.554	        5601656	      3.518	      3.429	      3.420	      3.750	           	      0.000	  56016.559	  32960.238	  23227.320	     -0.031	     -0.077	      0.093	
 2015/10/15	   3.558	   3.656	   3.555	   3.656	        2978400	      3.573	      3.454	      3.428	      3.740	           	      0.000	  29784.000	  35106.648	  25949.887	     -0.013	     -0.064	      0.102	
 2015/10/16	   3.649	   3.780	   3.640	   3.687	        1310256	      3.617	      3.487	      3.438	      3.734	           	      0.000	  13102.560	  34040.949	  26786.693	      0.003	     -0.051	      0.108	
 2015/10/19	   3.687	   3.725	   3.657	   3.682	        1621100	      3.636	      3.521	      3.453	      3.726	           	      0.000	  16211.000	  27648.604	  23163.822	      0.016	     -0.037	      0.106	
 2015/10/20	   3.680	   3.709	   3.642	   3.708	         789878	      3.657	      3.563	      3.476	      3.717	           	      0.000	   7898.780	  24602.580	  23485.973	      0.027	     -0.024	      0.104	
 2015/10/21	   3.738	   3.738	   3.574	   3.630	       56923756	      3.673	      3.595	      3.484	      3.705	           	      0.000	 569237.563	 127246.781	  80103.508	      0.030	     -0.014	      0.087	
 2015/10/22	   3.630	   3.679	   3.610	   3.670	       56850200	      3.675	      3.624	      3.500	      3.695	           	      0.000	 568502.000	 234990.375	 135048.516	      0.035	     -0.004	      0.077	
 2015/10/23	   3.696	   3.755	   3.661	   3.734	        7015502	      3.685	      3.651	      3.518	      3.685	           	      0.000	  70155.023	 246400.875	 140220.906	      0.043	      0.006	      0.076	
 2015/10/26	   3.770	   3.825	   3.730	   3.758	        1721609	      3.700	      3.668	      3.534	      3.675	           	      0.000	  17216.090	 246601.891	 137125.250	      0.051	      0.015	      0.073	
 2015/10/27	   3.777	   3.777	   3.651	   3.740	        1631400	      3.706	      3.682	      3.547	      3.665	           	      0.000	  16314.000	 248284.938	 136443.750	      0.056	      0.023	      0.066	
 2015/10/28	   3.711	   3.750	   3.675	   3.679	         318100	      3.716	      3.694	      3.562	      3.660	           	      0.000	   3181.000	 135073.625	 131160.203	      0.054	      0.029	      0.049	
 2015/10/29	   3.681	   3.725	   3.668	   3.686	         562700	      3.719	      3.697	      3.575	      3.655	           	      0.000	   5627.000	  22498.623	 128744.500	      0.052	      0.034	      0.037	
 2015/10/30	   3.686	   3.740	   3.661	   3.699	        1093800	      3.712	      3.699	      3.593	      3.648	           	      0.000	  10938.000	  10655.218	 128528.047	      0.051	      0.037	      0.028	
 2015/11/02	   3.660	   3.713	   3.646	   3.651	        1378900	      3.691	      3.695	      3.608	      3.642	           	      0.000	  13789.000	   9969.800	 128285.844	      0.046	      0.039	      0.014	
 2015/11/03	   3.698	   3.698	   3.619	   3.628	         717503	      3.669	      3.688	      3.625	      3.637	           	      0.000	   7175.030	   8142.006	 128213.469	      0.040	      0.039	      0.001	
 2015/11/04	   3.643	   3.815	   3.643	   3.815	        3433600	      3.696	      3.706	      3.651	      3.635	           	      0.000	  34336.000	  14373.006	  74723.313	      0.049	      0.041	      0.016	
 2015/11/05	   3.815	   3.960	   3.815	   3.884	        3376204	      3.735	      3.727	      3.676	      3.631	           	      0.000	  33762.039	  20000.014	  21249.318	      0.061	      0.045	      0.033	
 2015/11/06	   3.878	   3.992	   3.870	   3.975	        5391800	      3.791	      3.751	      3.701	      3.631	           	      0.000	  53918.000	  28596.014	  19625.615	      0.078	      0.052	      0.052	
 2015/11/09	   3.975	   4.061	   3.975	   4.033	        3505800	      3.867	      3.779	      3.723	      3.631	           	      0.000	  35058.000	  32849.813	  21409.807	      0.094	      0.060	      0.068	
 2015/11/10	   4.032	   4.070	   3.991	   4.015	         778300	      3.944	      3.806	      3.744	      3.630	           	      0.000	   7783.000	  32971.406	  20556.707	      0.105	      0.069	      0.071	
 2015/11/11	   4.050	   4.050	   3.970	   4.010	        1509000	      3.983	      3.840	      3.767	      3.626	           	      0.000	  15090.000	  29122.207	  21747.607	      0.111	      0.077	      0.067	
 2015/11/12	   4.030	   4.030	   3.943	   3.980	         322700	      4.003	      3.869	      3.783	      3.622	           	      0.000	   3227.000	  23015.199	  21507.607	      0.113	      0.084	      0.056	
 2015/11/13	   3.982	   3.982	   3.904	   3.947	         365700	      3.997	      3.894	      3.796	      3.618	           	      0.000	   3657.000	  12963.000	  20779.508	      0.110	      0.090	      0.041	
 2015/11/16	   3.860	   3.950	   3.860	   3.950	         604806	      3.980	      3.924	      3.810	      3.613	           	      0.000	   6048.060	   7161.012	  20005.412	      0.107	      0.093	      0.027	
 2015/11/17	   3.975	   4.028	   3.930	   3.930	         929400	      3.963	      3.954	      3.821	      3.608	           	      0.000	   9294.000	   7463.212	  20217.311	      0.101	      0.095	      0.013	
 2015/11/18	   3.899	   3.951	   3.890	   3.893	         441093	      3.940	      3.962	      3.834	      3.602	           	      0.000	   4410.930	   5327.398	  17224.803	      0.093	      0.094	     -0.002	
 2015/11/19	   3.936	   3.963	   3.896	   3.950	         756781	      3.934	      3.968	      3.848	      3.602	           	      0.000	   7567.810	   6195.560	  14605.380	      0.090	      0.093	     -0.007	
 2015/11/20	   3.968	   3.988	   3.951	   3.975	         511500	      3.940	      3.968	      3.860	      3.601	           	      0.000	   5115.000	   6487.160	   9725.080	      0.089	      0.093	     -0.008	
 2015/11/23	   4.014	   4.014	   3.931	   3.943	        2387189	      3.938	      3.959	      3.869	      3.601	           	      0.000	  23871.891	  10051.926	   8606.469	      0.084	      0.091	     -0.013	
 2015/11/24	   3.960	   3.978	   3.896	   3.923	         478911	      3.937	      3.950	      3.878	      3.604	           	      0.000	   4789.110	   9150.948	   8307.080	      0.078	      0.088	     -0.021	
 2015/11/25	   3.934	   3.978	   3.914	   3.964	         499304	      3.951	      3.945	      3.893	      3.614	           	      0.000	   4993.040	   9267.370	   7297.384	      0.075	      0.086	     -0.020	
 2015/11/26	   3.973	   4.018	   3.959	   3.959	         346300	      3.953	      3.943	      3.906	      3.629	           	      0.000	   3463.000	   8446.408	   7320.984	      0.072	      0.083	     -0.022	
 2015/11/27	   3.967	   3.967	   3.740	   3.786	        1270900	      3.915	      3.927	      3.911	      3.639	           	      0.000	  12709.000	   9965.208	   8226.184	      0.055	      0.077	     -0.045	
 2015/11/30	   3.777	   3.784	   3.653	   3.762	        1073000	      3.879	      3.908	      3.916	      3.647	           	      0.000	  10730.000	   7336.830	   8694.378	      0.039	      0.070	     -0.061	
 2015/12/01	   3.730	   3.800	   3.703	   3.790	       35538900	      3.852	      3.895	      3.924	      3.654	           	      0.000	 355389.000	  77456.805	  43303.879	      0.028	      0.062	     -0.066	
 2015/12/02	   3.790	   3.925	   3.760	   3.905	         731790	      3.840	      3.896	      3.929	      3.661	           	      0.000	   7317.900	  77921.781	  43594.574	      0.029	      0.055	     -0.052	
 2015/12/03	   3.930	   3.946	   3.881	   3.925	         499900	      3.834	      3.893	      3.931	      3.669	           	      0.000	   4999.000	  78228.977	  43337.695	      0.031	      0.050	     -0.039	
 2015/12/04	   3.930	   3.930	   3.866	   3.866	         223300	      3.850	      3.882	      3.925	      3.676	           	      0.000	   2233.000	  76133.781	  43049.492	      0.027	      0.045	     -0.037	
 2015/12/07	   3.906	   3.906	   3.856	   3.878	         165200	      3.873	      3.876	      3.918	      3.685	           	      0.000	   1652.000	  74318.180	  40827.504	      0.024	      0.041	     -0.034	
 2015/12/08	   3.810	   3.880	   3.790	   3.803	         713503	      3.875	      3.864	      3.907	      3.690	           	      0.000	   7135.030	   4667.386	  41062.098	      0.016	      0.036	     -0.040	
 2015/12/09	   3.807	   3.846	   3.797	   3.815	         158500	      3.857	      3.849	      3.897	      3.695	           	      0.000	   1585.000	   3520.806	  40721.293	      0.011	      0.031	     -0.041	
 2015/12/10	   3.848	   3.878	   3.806	   3.810	         255300	      3.834	      3.834	      3.889	      3.700	           	      0.000	   2553.000	   3031.606	  40630.293	      0.006	      0.026	     -0.040	
 2015/12/11	   3.811	   3.820	   3.771	   3.790	         354300	      3.819	      3.834	      3.881	      3.705	           	      0.000	   3543.000	   3293.606	  39713.691	      0.000	      0.021	     -0.041	
 2015/12/14	   3.746	   3.980	   3.746	   3.900	         433850	      3.824	      3.848	      3.878	      3.714	           	      0.000	   4338.500	   3830.906	  39074.543	      0.005	      0.018	     -0.026	
 2015/12/15	   3.893	   3.931	   3.870	   3.896	         276500	      3.842	      3.859	      3.877	      3.724	           	      0.000	   2765.000	   2956.900	   3812.143	      0.008	      0.016	     -0.016	
 2015/12/16	   3.924	   3.924	   3.866	   3.866	         616600	      3.852	      3.855	      3.875	      3.731	           	      0.000	   6166.000	   3873.100	   3696.953	      0.008	      0.014	     -0.012	
 2015/12/17	   3.932	   3.960	   3.903	   3.941	         649946	      3.879	      3.856	      3.875	      3.741	           	      0.000	   6499.460	   4662.392	   3846.999	      0.014	      0.014	     -0.001	
 2015/12/18	   3.949	   4.000	   3.920	   3.958	         827000	      3.912	      3.866	      3.874	      3.750	           	      0.000	   8270.000	   5607.792	   4450.699	      0.020	      0.015	      0.009	
 2015/12/21	   3.945	   4.084	   3.932	   4.055	       11838282	      3.943	      3.883	      3.880	      3.761	           	      0.000	 118382.820	  28416.656	  16123.781	      0.032	      0.019	      0.026	
 2015/12/22	   4.088	   4.110	   4.042	   4.073	         787500	      3.979	      3.910	      3.887	      3.771	           	      0.000	   7875.000	  29438.656	  16197.778	      0.042	      0.023	      0.038	
 2015/12/23	   4.100	   4.121	   4.073	   4.078	         407700	      4.021	      3.937	      3.893	      3.782	           	      0.000	   4077.000	  29020.855	  16446.979	      0.050	      0.029	      0.043	
 2015/12/24	   4.048	   4.090	   4.016	   4.063	        2915433	      4.045	      3.962	      3.898	      3.793	           	      0.000	  29154.330	  33551.828	  19107.111	      0.055	      0.034	      0.042	
 2015/12/25	   3.996	   4.060	   3.996	   4.050	         370600	      4.064	      3.988	      3.911	      3.805	           	      0.000	   3706.000	  32639.029	  19123.410	      0.057	      0.039	      0.037	
 2015/12/28	   4.011	   4.059	   3.930	   3.941	         826000	      4.041	      3.992	      3.920	      3.815	           	      0.000	   8260.000	  10614.466	  19515.561	      0.049	      0.041	      0.017	
 2015/12/29	   3.946	   3.972	   3.921	   3.971	        1429900	      4.021	      4.000	      3.929	      3.826	           	      0.000	  14299.000	  11899.266	  20668.961	      0.045	      0.042	      0.007	
 2015/12/30	   3.960	   3.978	   3.940	   3.963	         157000	      3.998	      4.009	      3.932	      3.837	           	      0.000	   1570.000	  11397.866	  20209.361	      0.040	      0.041	     -0.002	
 2015/12/31	   3.971	   3.983	   3.939	   3.939	        2485190	      3.973	      4.009	      3.933	      3.846	           	      0.000	  24851.900	  10537.380	  22044.605	      0.034	      0.040	     -0.011	
 2016/01/04	   3.935	   3.935	   3.710	   3.712	        2705500	      3.905	      3.984	      3.925	      3.851	           	      0.000	  27055.000	  15207.180	  23923.105	      0.011	      0.034	     -0.046	
 2016/01/05	   3.660	   3.724	   3.580	   3.666	        6399000	      3.850	      3.946	      3.914	      3.852	           	      0.000	  63990.000	  26353.180	  18483.822	     -0.011	      0.025	     -0.072	
 2016/01/06	   3.669	   3.731	   3.641	   3.725	        2702900	      3.801	      3.911	      3.911	      3.854	           	      0.000	  27029.000	  28899.180	  20399.223	     -0.023	      0.016	     -0.077	
 2016/01/07	   3.696	   3.696	   3.480	   3.529	         168600	      3.714	      3.856	      3.896	      3.853	           	      0.000	   1686.000	  28922.381	  20160.123	     -0.048	      0.003	     -0.102	
 2016/01/08	   3.663	   3.690	   3.442	   3.567	        6466966	      3.640	      3.806	      3.884	      3.852	           	      0.000	  64669.660	  36885.934	  23711.656	     -0.064	     -0.010	     -0.107	
 2016/01/11	   3.480	   3.539	   3.391	   3.392	        7145000	      3.576	      3.740	      3.864	      3.847	           	      0.000	  71450.000	  45764.934	  30486.057	     -0.090	     -0.026	     -0.127	
 2016/01/12	   3.430	   3.443	   3.375	   3.410	        6799398	      3.525	      3.687	      3.840	      3.843	           	      0.000	  67993.977	  46565.727	  36459.453	     -0.108	     -0.043	     -0.130	
 2016/01/13	   3.485	   3.598	   3.348	   3.350	       10628600	      3.450	      3.625	      3.812	      3.837	           	      0.000	 106286.000	  62417.129	  45658.152	     -0.125	     -0.059	     -0.132	
 2016/01/14	   3.351	   3.426	   3.273	   3.415	        2142000	      3.427	      3.570	      3.790	      3.833	           	      0.000	  21420.000	  66363.930	  47643.152	     -0.132	     -0.074	     -0.117	
 2016/01/15	   3.410	   3.410	   3.307	   3.314	        3756600	      3.376	      3.508	      3.759	      3.827	           	      0.000	  37566.000	  60943.195	  48914.563	     -0.144	     -0.088	     -0.113	
 2016/01/18	   3.290	   3.344	   3.280	   3.310	        7131300	      3.360	      3.468	      3.726	      3.820	           	      0.000	  71313.000	  60915.797	  53340.363	     -0.152	     -0.101	     -0.103	
 2016/01/19	   3.320	   3.430	   3.308	   3.413	       17959100	      3.360	      3.442	      3.694	      3.814	           	      0.000	 179591.000	  83235.203	  64900.465	     -0.149	     -0.110	     -0.077	
 2016/01/20	   3.406	   3.408	   3.346	   3.369	        2460400	      3.364	      3.407	      3.659	      3.808	           	      0.000	  24604.000	  66898.797	  64657.965	     -0.148	     -0.118	     -0.060	
 2016/01/21	   3.369	   3.397	   3.260	   3.263	        5369900	      3.334	      3.380	      3.618	      3.801	           	      0.000	  53699.000	  73354.602	  69859.266	     -0.154	     -0.125	     -0.058	
 2016/01/22	   3.276	   3.353	   3.240	   3.292	        2716200	      3.329	      3.353	      3.580	      3.795	           	      0.000	  27162.000	  71273.797	  66108.500	     -0.154	     -0.131	     -0.047	
 2016/01/25	   3.292	   3.344	   3.288	   3.300	        4204300	      3.327	      3.344	      3.542	      3.788	           	      0.000	  42043.000	  65419.801	  63167.797	     -0.153	     -0.135	     -0.035	
 2016/01/26	   3.288	   3.297	   3.130	   3.137	        2768933	      3.272	      3.316	      3.502	      3.779	           	      0.000	  27689.330	  35039.465	  59137.332	     -0.162	     -0.141	     -0.043	
 2016/01/27	   3.228	   3.228	   3.029	   3.100	        7735433	      3.218	      3.291	      3.458	      3.771	           	      0.000	  77354.328	  45589.531	  56244.164	     -0.171	     -0.147	     -0.049	
 2016/01/28	   3.100	   3.117	   3.023	   3.041	        6017000	      3.174	      3.254	      3.412	      3.758	           	      0.000	  60170.000	  46883.730	  60119.164	     -0.181	     -0.154	     -0.054	
 2016/01/29	   3.036	   3.140	   3.031	   3.118	        2014233	      3.139	      3.234	      3.371	      3.745	           	      0.000	  20142.330	  45479.797	  58376.797	     -0.180	     -0.159	     -0.042	
 2016/02/01	   3.121	   3.125	   3.044	   3.083	        3630200	      3.096	      3.212	      3.340	      3.730	           	      0.000	  36302.000	  44331.598	  54875.699	     -0.180	     -0.163	     -0.034	
 2016/02/02	   3.137	   3.178	   3.086	   3.146	        4433500	      3.098	      3.185	      3.314	      3.715	           	      0.000	  44335.000	  47660.730	  41350.098	     -0.173	     -0.165	     -0.016	
 2016/02/03	   3.082	   3.136	   2.839	   3.125	        4355000	      3.103	      3.161	      3.284	      3.700	           	      0.000	  43550.000	  40899.867	  43244.699	     -0.168	     -0.166	     -0.004	
 2016/02/04	   3.100	   3.179	   3.100	   3.166	        5901500	      3.128	      3.151	      3.266	      3.686	           	      0.000	  59015.000	  40668.867	  43776.297	     -0.158	     -0.164	      0.012	
 2016/02/05	   3.178	   3.178	   3.140	   3.148	        5825200	      3.134	      3.136	      3.245	      3.672	           	      0.000	  58252.000	  48290.801	  46885.297	     -0.150	     -0.161	      0.023	
 2016/02/15	   3.114	   3.140	   3.042	   3.125	        5964600	      3.142	      3.119	      3.231	      3.659	           	      0.000	  59646.000	  52959.602	  48645.598	     -0.144	     -0.158	      0.028	
 2016/02/16	   3.144	   3.240	   3.144	   3.212	        5452400	      3.155	      3.126	      3.221	      3.646	           	      0.000	  54524.000	  54997.398	  51329.066	     -0.131	     -0.152	      0.044	
 2016/02/17	   3.210	   3.248	   3.200	   3.238	         745900	      3.178	      3.140	      3.216	      3.635	           	      0.000	   7459.000	  47779.199	  44339.531	     -0.117	     -0.145	      0.057	
 2016/02/18	   3.265	   3.275	   3.230	   3.232	        1112900	      3.191	      3.159	      3.207	      3.624	           	      0.000	  11129.000	  38202.000	  39435.434	     -0.105	     -0.137	      0.065	
 2016/02/19	   3.243	   3.250	   3.216	   3.231	         924100	      3.208	      3.171	      3.202	      3.612	           	      0.000	   9241.000	  28399.801	  38345.301	     -0.094	     -0.129	      0.068	
 2016/02/22	   3.269	   3.310	   3.253	   3.299	        5278509	      3.242	      3.192	      3.202	      3.601	           	      0.000	  52785.090	  27027.617	  39993.609	     -0.080	     -0.119	      0.078	
 2016/02/23	   3.318	   3.318	   3.250	   3.280	        2370109	      3.256	      3.206	      3.195	      3.590	           	      0.000	  23701.090	  20863.035	  37930.219	     -0.069	     -0.109	      0.080	
 2016/02/24	   3.234	   3.299	   3.234	   3.292	        2185319	      3.267	      3.222	      3.191	      3.579	           	      0.000	  21853.189	  23741.873	  35760.535	     -0.059	     -0.099	      0.080	
 2016/02/25	   3.273	   3.273	   3.073	   3.127	        4550100	      3.246	      3.218	      3.185	      3.565	           	      0.000	  45501.000	  30616.273	  34409.137	     -0.063	     -0.092	      0.057	
 2016/02/26	   3.111	   3.144	   3.090	   3.130	        1568109	      3.226	      3.217	      3.177	      3.551	           	      0.000	  15681.090	  31904.291	  30152.047	     -0.066	     -0.086	      0.042	
 2016/02/29	   3.110	   3.127	   3.008	   3.048	        2221000	      3.175	      3.209	      3.164	      3.539	           	      0.000	  22210.000	  25789.273	  26408.445	     -0.073	     -0.084	      0.021	
 2016/03/01	   3.050	   3.114	   3.040	   3.100	        1466500	      3.139	      3.198	      3.162	      3.528	           	      0.000	  14665.000	  23982.057	  22422.547	     -0.075	     -0.082	      0.015	
 2016/03/02	   3.100	   3.230	   3.100	   3.229	        3701867	      3.127	      3.197	      3.168	      3.519	           	      0.000	  37018.672	  27015.152	  25378.514	     -0.064	     -0.078	      0.028	
 2016/03/03	   3.239	   3.270	   3.222	   3.231	        3285267	      3.148	      3.197	      3.178	      3.507	           	      0.000	  32852.672	  24485.486	  27550.881	     -0.055	     -0.074	      0.037	
 2016/03/04	   3.225	   3.287	   3.210	   3.285	        1220300	      3.179	      3.202	      3.186	      3.497	           	      0.000	  12203.000	  23789.869	  27847.080	     -0.043	     -0.068	      0.049	
 2016/03/07	   3.283	   3.325	   3.269	   3.290	        8785500	      3.227	      3.201	      3.197	      3.487	           	      0.000	  87855.000	  36918.867	  31354.070	     -0.033	     -0.061	      0.055	
 2016/03/08	   3.265	   3.286	   3.182	   3.286	         856700	      3.264	      3.202	      3.204	      3.477	           	      0.000	   8567.000	  35699.270	  29840.662	     -0.025	     -0.054	      0.057	
 2016/03/09	   3.279	   3.279	   3.208	   3.249	       17682908	      3.268	      3.197	      3.210	      3.468	           	      0.000	 176829.078	  63661.352	  45338.250	     -0.021	     -0.047	      0.052	
 2016/03/10	   3.249	   3.249	   3.203	   3.215	         258908	      3.265	      3.206	      3.212	      3.458	           	      0.000	   2589.080	  57608.633	  41047.059	     -0.021	     -0.042	      0.042	
 2016/03/11	   3.205	   3.211	   3.168	   3.211	        2612900	      3.250	      3.214	      3.216	      3.448	           	      0.000	  26129.000	  60393.832	  42091.852	     -0.021	     -0.038	      0.034	
 2016/03/14	   3.269	   3.297	   3.188	   3.252	        1080200	      3.243	      3.235	      3.222	      3.439	           	      0.000	  10802.000	  44983.230	  40951.051	     -0.017	     -0.034	      0.033	
 2016/03/15	   3.251	   3.263	   3.218	   3.260	         683400	      3.237	      3.251	      3.224	      3.428	           	      0.000	   6834.000	  44636.633	  40167.949	     -0.013	     -0.030	      0.032	
 2016/03/16	   3.280	   3.285	   3.254	   3.274	        1347300	      3.242	      3.255	      3.226	      3.418	           	      0.000	  13473.000	  11965.416	  37813.383	     -0.009	     -0.025	      0.033	
 2016/03/17	   3.279	   3.340	   3.269	   3.306	         771600	      3.261	      3.263	      3.230	      3.409	           	      0.000	   7716.000	  12990.800	  35299.715	     -0.003	     -0.021	      0.036	
 2016/03/18	   3.330	   3.384	   3.328	   3.369	        1160200	      3.292	      3.271	      3.237	      3.399	           	      0.000	  11602.000	  10085.400	  35239.617	      0.007	     -0.015	      0.044	
 2016/03/21	   3.409	   3.466	   3.369	   3.449	        5248400	      3.332	      3.287	      3.244	      3.391	           	      0.000	  52484.000	  18421.801	  31702.516	      0.020	     -0.008	      0.057	
 2016/03/22	   3.444	   3.450	   3.411	   3.420	        5304000	      3.364	      3.300	      3.251	      3.380	           	      0.000	  53040.000	  27663.000	  36149.816	      0.029	     -0.001	      0.059	
 2016/03/23	   3.431	   3.448	   3.400	   3.433	         876645	      3.395	      3.319	      3.258	      3.369	           	      0.000	   8766.450	  26721.689	  19343.553	      0.036	      0.007	      0.059	
 2016/03/24	   3.439	   3.439	   3.372	   3.380	        2304922	      3.410	      3.335	      3.271	      3.358	           	      0.000	  23049.221	  29788.334	  21389.566	      0.037	      0.013	      0.049	
 2016/03/25	   3.395	   3.398	   3.366	   3.390	         207510	      3.414	      3.353	      3.284	      3.347	           	      0.000	   2075.100	  27882.955	  18984.178	      0.038	      0.018	      0.041	
 2016/03/28	   3.418	   3.435	   3.361	   3.372	        1236500	      3.399	      3.365	      3.300	      3.335	           	      0.000	  12365.000	  19859.154	  19140.477	      0.037	      0.022	      0.031	
 2016/03/29	   3.372	   3.430	   3.310	   3.332	        5303900	      3.381	      3.372	      3.312	      3.325	           	      0.000	  53039.000	  19858.955	  23760.977	      0.033	      0.024	      0.018	
 2016/03/30	   3.322	   3.416	   3.322	   3.410	       28423800	      3.377	      3.386	      3.321	      3.316	           	      0.000	 284238.000	  74953.266	  50837.477	      0.035	      0.026	      0.018	
 2016/03/31	   3.410	   3.477	   3.408	   3.408	         687300	      3.382	      3.396	      3.330	      3.307	           	      0.000	   6873.000	  71718.023	  50753.176	      0.037	      0.028	      0.017	
 2016/04/01	   3.429	   3.429	   3.360	   3.419	        2783600	      3.388	      3.401	      3.336	      3.298	           	      0.000	  27836.000	  76870.203	  52376.578	      0.038	      0.030	      0.016	
 2016/04/05	   3.436	   3.475	   3.401	   3.469	        1249100	      3.408	      3.403	      3.345	      3.294	           	      0.000	  12491.000	  76895.398	  48377.277	      0.043	      0.033	      0.020	
 2016/04/06	   3.468	   3.473	   3.350	   3.450	         562900	      3.431	      3.406	      3.353	      3.290	           	      0.000	   5629.000	  67413.398	  43636.176	      0.045	      0.035	      0.019	
 2016/04/07	   3.449	   3.464	   3.410	   3.410	         549000	      3.431	      3.404	      3.361	      3.285	           	      0.000	   5490.000	  11663.800	  43308.531	      0.042	      0.037	      0.011	
 2016/04/08	   3.410	   3.410	   3.362	   3.388	         269600	      3.427	      3.405	      3.370	      3.283	           	      0.000	   2696.000	  10828.400	  41273.211	      0.038	      0.037	      0.003	
 2016/04/11	   3.413	   3.454	   3.413	   3.431	         381700	      3.430	      3.409	      3.381	      3.280	           	      0.000	   3817.000	   6024.600	  41447.398	      0.038	      0.037	      0.002	
 2016/04/12	   3.414	   3.437	   3.399	   3.416	         227700	      3.419	      3.413	      3.389	      3.281	           	      0.000	   2277.000	   3981.800	  40438.602	      0.036	      0.037	     -0.001	
 2016/04/13	   3.439	   3.490	   3.436	   3.467	         986800	      3.422	      3.427	      3.400	      3.282	           	      0.000	   9868.000	   4829.600	  36121.500	      0.039	      0.037	      0.002	
 2016/04/14	   3.475	   3.496	   3.453	   3.467	        1621000	      3.434	      3.432	      3.409	      3.284	           	      0.000	  16210.000	   6973.600	   9318.700	      0.040	      0.038	      0.004	
 2016/04/15	   3.479	   3.480	   3.460	   3.461	        4646707	      3.448	      3.438	      3.417	      3.284	           	      0.000	  46467.070	  15727.814	  13278.107	      0.040	      0.038	      0.003	
 2016/04/18	   3.470	   3.470	   3.418	   3.433	         653300	      3.449	      3.439	      3.420	      3.286	           	      0.000	   6533.000	  16271.014	  11147.807	      0.037	      0.038	     -0.001	
 2016/04/19	   3.468	   3.469	   3.420	   3.432	         363761	      3.452	      3.435	      3.419	      3.288	           	      0.000	   3637.610	  16543.137	  10262.468	      0.035	      0.037	     -0.005	
 2016/04/20	   3.477	   3.477	   3.300	   3.373	        3951900	      3.433	      3.428	      3.417	      3.288	           	      0.000	  39519.000	  22473.336	  13651.468	      0.028	      0.035	     -0.016	
 2016/04/21	   3.372	   3.391	   3.341	   3.355	        5663700	      3.411	      3.422	      3.413	      3.288	           	      0.000	  56637.000	  30558.736	  18766.168	      0.020	      0.032	     -0.024	
 2016/04/22	   3.328	   3.378	   3.328	   3.370	         126200	      3.393	      3.421	      3.413	      3.289	           	      0.000	   1262.000	  21517.723	  18622.768	      0.016	      0.029	     -0.027	
 2016/04/25	   3.360	   3.375	   3.333	   3.366	         236900	      3.379	      3.414	      3.411	      3.291	           	      0.000	   2369.000	  20684.922	  18477.969	      0.011	      0.026	     -0.028	
 2016/04/26	   3.371	   3.432	   3.355	   3.375	         414900	      3.368	      3.410	      3.412	      3.292	           	      0.000	   4149.000	  20787.199	  18665.168	      0.009	      0.022	     -0.027	
 2016/04/27	   3.354	   3.385	   3.354	   3.361	          57800	      3.365	      3.399	      3.413	      3.296	           	      0.000	    578.000	  12999.000	  17736.168	      0.005	      0.019	     -0.027	
 2016/04/28	   3.390	   3.430	   3.330	   3.356	        1790700	      3.366	      3.388	      3.410	      3.300	           	      0.000	  17907.000	   5253.000	  17905.867	      0.002	      0.015	     -0.027	
 2016/04/29	   3.364	   3.377	   3.353	   3.362	         116538	      3.364	      3.378	      3.408	      3.305	           	      0.000	   1165.380	   5233.676	  13375.699	      0.000	      0.012	     -0.024	
 2016/05/03	   3.358	   3.422	   3.358	   3.415	         430338	      3.374	      3.376	      3.408	      3.310	           	      0.000	   4303.380	   5620.552	  13152.737	      0.003	      0.011	     -0.015	
 2016/05/04	   3.389	   3.424	   3.389	   3.417	        3933500	      3.382	      3.375	      3.405	      3.316	           	      0.000	  39335.000	  12657.752	  16722.477	      0.005	      0.009	     -0.009	
 2016/05/05	   3.393	   3.418	   3.392	   3.418	         147900	      3.394	      3.379	      3.404	      3.320	           	      0.000	   1479.000	  12837.952	  12918.476	      0.007	      0.009	     -0.004	
 2016/05/06	   3.414	   3.424	   3.340	   3.340	         774200	      3.390	      3.378	      3.400	      3.324	           	      0.000	   7742.000	  10804.952	   8028.976	      0.002	      0.008	     -0.011	
 2016/05/09	   3.324	   3.345	   3.240	   3.281	        7674200	      3.374	      3.369	      3.395	      3.326	           	      0.000	  76742.000	  25920.275	  15576.976	     -0.007	      0.005	     -0.023	
 2016/05/10	   3.259	   3.283	   3.257	   3.270	        3291200	      3.345	      3.359	      3.387	      3.328	           	      0.000	  32912.000	  31642.000	  18631.275	     -0.014	      0.001	     -0.030	
 2016/05/11	   3.270	   3.304	   3.270	   3.285	        3137600	      3.319	      3.351	      3.380	      3.330	           	      0.000	  31376.000	  30050.199	  21353.977	     -0.019	     -0.003	     -0.031	
 2016/05/12	   3.275	   3.291	   3.241	   3.285	        2373900	      3.292	      3.343	      3.371	      3.332	           	      0.000	  23739.000	  34502.199	  23670.076	     -0.022	     -0.007	     -0.030	
 2016/05/13	   3.291	   3.303	   3.264	   3.274	         445200	      3.279	      3.335	      3.361	      3.332	           	      0.000	   4452.000	  33844.199	  22324.576	     -0.025	     -0.010	     -0.030	
 2016/05/16	   3.261	   3.291	   3.251	   3.288	         227300	      3.280	      3.327	      3.353	      3.333	           	      0.000	   2273.000	  18950.400	  22435.338	     -0.026	     -0.014	     -0.025	
 2016/05/17	   3.286	   3.301	   3.271	   3.288	         259900	      3.284	      3.315	      3.346	      3.334	           	      0.000	   2599.000	  12887.800	  22264.900	     -0.027	     -0.016	     -0.021	
 2016/05/18	   3.267	   3.276	   3.232	   3.266	        2321510	      3.280	      3.299	      3.337	      3.334	           	      0.000	  23215.100	  11255.620	  20652.910	     -0.029	     -0.019	     -0.020	
 2016/05/19	   3.267	   3.291	   3.264	   3.266	        4771800	      3.276	      3.284	      3.332	      3.333	           	      0.000	  47718.000	  16051.420	  25276.811	     -0.030	     -0.021	     -0.018	
 2016/05/20	   3.260	   3.278	   3.250	   3.275	        1658100	      3.277	      3.278	      3.328	      3.333	           	      0.000	  16581.000	  18477.221	  26160.711	     -0.030	     -0.023	     -0.014	
 2016/05/23	   3.301	   3.305	   3.278	   3.285	         331490	      3.276	      3.278	      3.324	      3.336	           	      0.000	   3314.900	  18685.600	  18818.000	     -0.029	     -0.024	     -0.009	
 2016/05/24	   3.300	   3.300	   3.260	   3.261	         554100	      3.271	      3.277	      3.318	      3.338	           	      0.000	   5541.000	  19274.000	  16080.900	     -0.029	     -0.025	     -0.008	
 2016/05/25	   3.303	   3.303	   3.266	   3.269	         291800	      3.271	      3.276	      3.313	      3.342	           	      0.000	   2918.000	  15214.580	  13235.100	     -0.029	     -0.026	     -0.006	
 2016/05/26	   3.282	   3.282	   3.235	   3.270	         711600	      3.272	      3.274	      3.309	      3.344	           	      0.000	   7116.000	   7094.180	  11572.800	     -0.028	     -0.026	     -0.003	
 2016/05/27	   3.280	   3.280	   3.258	   3.268	        1610900	      3.271	      3.274	      3.304	      3.345	           	      0.000	  16109.000	   6999.780	  12738.500	     -0.027	     -0.026	     -0.002	
 2016/05/30	   3.258	   3.280	   3.243	   3.275	         268500	      3.269	      3.272	      3.300	      3.346	           	      0.000	   2685.000	   6873.800	  12779.700	     -0.026	     -0.026	      0.001	
 2016/05/31	   3.259	   3.383	   3.259	   3.383	       35401272	      3.293	      3.282	      3.298	      3.347	           	      0.000	 354012.719	  76568.141	  47921.070	     -0.016	     -0.024	      0.017	
 2016/06/01	   3.409	   3.409	   3.300	   3.375	       51286700	      3.314	      3.293	      3.296	      3.349	           	      0.000	 512867.000	 178557.938	  96886.266	     -0.008	     -0.021	      0.026	
 2016/06/02	   3.366	   3.382	   3.360	   3.373	        4557793	      3.335	      3.303	      3.294	      3.350	           	      0.000	  45577.930	 186250.328	  96672.258	     -0.002	     -0.017	      0.030	
 2016/06/03	   3.351	   3.410	   3.351	   3.405	         922200	      3.362	      3.316	      3.297	      3.353	           	      0.000	   9222.000	 184872.938	  95936.352	      0.005	     -0.013	      0.035	
 2016/06/06	   3.415	   3.415	   3.378	   3.389	        4790900	      3.385	      3.327	      3.303	      3.356	           	      0.000	  47909.000	 193917.734	 100395.766	      0.009	     -0.009	      0.035	
 2016/06/07	   3.385	   3.410	   3.380	   3.385	        2028000	      3.385	      3.339	      3.308	      3.359	           	      0.000	  20280.000	 127171.188	 101869.664	      0.012	     -0.004	      0.032	
 2016/06/08	   3.380	   3.380	   3.350	   3.380	        2490300	      3.386	      3.350	      3.313	      3.361	           	      0.000	  24903.000	  29578.387	 104068.164	      0.013	     -0.001	      0.029	
 2016/06/13	   3.369	   3.369	   3.280	   3.280	         981000	      3.368	      3.351	      3.313	      3.361	           	      0.000	   9810.000	  22424.801	 104337.563	      0.007	      0.001	      0.012	
 2016/06/14	   3.278	   3.299	   3.275	   3.290	        5416800	      3.345	      3.353	      3.314	      3.361	           	      0.000	  54168.000	  31414.000	 108143.469	      0.002	      0.001	      0.002	
 2016/06/15	   3.270	   3.336	   3.270	   3.332	         352125	      3.333	      3.359	      3.316	      3.362	           	      0.000	   3521.250	  22536.449	 108227.094	      0.002	      0.001	      0.001	
 2016/06/16	   3.330	   3.339	   3.305	   3.316	         415000	      3.320	      3.352	      3.317	      3.361	           	      0.000	   4150.000	  19310.449	  73240.820	      0.000	      0.001	     -0.001	
 2016/06/17	   3.328	   3.348	   3.310	   3.320	         175091	      3.308	      3.347	      3.320	      3.359	           	      0.000	   1750.910	  14680.032	  22129.209	     -0.001	      0.001	     -0.002	
 2016/06/20	   3.320	   3.324	   3.303	   3.324	          49500	      3.316	      3.342	      3.323	      3.357	           	      0.000	    495.000	  12817.032	  17620.916	     -0.001	      0.000	     -0.002	
 2016/06/21	   3.340	   3.360	   3.306	   3.306	        1788800	      3.320	      3.332	      3.324	      3.355	           	      0.000	  17888.000	   5561.032	  18487.516	     -0.003	     -0.000	     -0.005	
 2016/06/22	   3.337	   3.342	   3.317	   3.338	         546810	      3.321	      3.327	      3.327	      3.354	           	      0.000	   5468.100	   5950.402	  14243.426	     -0.001	     -0.000	     -0.002	
 2016/06/23	   3.341	   3.347	   3.326	   3.326	         299500	      3.323	      3.321	      3.330	      3.353	           	      0.000	   2995.000	   5719.402	  12514.926	     -0.001	     -0.001	     -0.001	
 2016/06/24	   3.323	   3.367	   3.263	   3.300	        3546900	      3.319	      3.313	      3.332	      3.352	           	      0.000	  35469.000	  12463.020	  13571.526	     -0.003	     -0.001	     -0.004	
 2016/06/27	   3.300	   3.349	   3.287	   3.330	         261500	      3.320	      3.318	      3.335	      3.352	           	      0.000	   2615.000	  12887.020	  12852.026	     -0.002	     -0.001	     -0.002	
 2016/06/28	   3.327	   3.369	   3.320	   3.356	        1170100	      3.330	      3.325	      3.339	      3.351	           	      0.000	  11701.000	  11649.620	   8605.326	      0.000	     -0.001	      0.003	
 2016/06/29	   3.356	   3.373	   3.356	   3.369	          60300	      3.336	      3.329	      3.344	      3.351	           	      0.000	    603.000	  10676.600	   8313.501	      0.003	     -0.000	      0.007	
 2016/06/30	   3.369	   3.420	   3.367	   3.369	         325793	      3.345	      3.334	      3.343	      3.350	           	      0.000	   3257.930	  10729.186	   8224.294	      0.006	      0.001	      0.010	
 2016/07/01	   3.389	   3.400	   3.369	   3.376	         768400	      3.360	      3.339	      3.343	      3.348	           	      0.000	   7684.000	   5172.186	   8817.603	      0.008	      0.003	      0.012	
 2016/07/04	   3.359	   3.440	   3.359	   3.436	         333482	      3.381	      3.351	      3.346	      3.348	           	      0.000	   3334.820	   5316.150	   9101.585	      0.015	      0.005	      0.020	
 2016/07/05	   3.436	   3.447	   3.410	   3.434	        1053700	      3.397	      3.363	      3.348	      3.348	           	      0.000	  10537.000	   5083.350	   8366.485	      0.020	      0.008	      0.024	
 2016/07/06	   3.445	   3.464	   3.416	   3.441	         653950	      3.411	      3.374	      3.350	      3.349	           	      0.000	   6539.500	   6270.650	   8473.625	      0.024	      0.011	      0.026	
 2016/07/07	   3.437	   3.455	   3.431	   3.445	         875600	      3.426	      3.386	      3.353	      3.349	           	      0.000	   8756.000	   7370.264	   9049.725	      0.027	      0.014	      0.026	
 2016/07/08	   3.433	   3.448	   3.420	   3.438	          78500	      3.439	      3.399	      3.356	      3.350	           	      0.000	    785.000	   5990.464	   5581.325	      0.029	      0.017	      0.023	
 2016/07/11	   3.436	   3.495	   3.436	   3.458	        1361649	      3.443	      3.412	      3.365	      3.350	           	      0.000	  13616.490	   8046.798	   6681.474	      0.031	      0.020	      0.023	
 2016/07/12	   3.458	   3.530	   3.445	   3.527	        4805903	      3.462	      3.429	      3.377	      3.351	           	      0.000	  48059.031	  15551.204	  10317.277	      0.039	      0.024	      0.030	
 2016/07/13	   3.528	   3.565	   3.528	   3.540	        1137114	      3.482	      3.446	      3.387	      3.352	           	      0.000	  11371.140	  16517.531	  11394.091	      0.045	      0.028	      0.034	
 2016/07/14	   3.541	   3.542	   3.522	   3.532	         843400	      3.499	      3.463	      3.398	      3.354	           	      0.000	   8434.000	  16453.133	  11911.698	      0.049	      0.032	      0.033	
 2016/07/15	   3.533	   3.548	   3.532	   3.546	        4379849	      3.521	      3.480	      3.410	      3.356	           	      0.000	  43798.488	  25055.830	  15523.146	      0.052	      0.036	      0.032	
 2016/07/18	   3.531	   3.544	   3.519	   3.530	         684800	      3.535	      3.489	      3.420	      3.358	           	      0.000	   6848.000	  23702.133	  15874.465	      0.053	      0.039	      0.027	
 2016/07/19	   3.540	   3.550	   3.491	   3.505	        1388900	      3.531	      3.496	      3.430	      3.361	           	      0.000	  13889.000	  16868.125	  16209.665	      0.051	      0.042	      0.018	
 2016/07/20	   3.502	   3.515	   3.494	   3.501	         130200	      3.523	      3.502	      3.438	      3.363	           	      0.000	   1302.000	  14854.298	  15685.915	      0.049	      0.043	      0.011	
 2016/07/21	   3.496	   3.539	   3.496	   3.520	       31799100	      3.520	      3.510	      3.448	      3.365	           	      0.000	 317991.000	  76765.695	  46609.414	      0.048	      0.044	      0.007	
 2016/07/22	   3.500	   3.530	   3.481	   3.486	        2533900	      3.508	      3.514	      3.457	      3.367	           	      0.000	  25339.000	  73073.797	  49064.816	      0.044	      0.044	     -0.001	
 2016/07/25	   3.486	   3.515	   3.483	   3.490	         783500	      3.500	      3.518	      3.465	      3.369	           	      0.000	   7835.000	  73271.203	  48486.664	      0.040	      0.043	     -0.006	
 2016/07/26	   3.496	   3.540	   3.496	   3.540	       37187600	      3.507	      3.519	      3.474	      3.372	           	      0.000	 371876.000	 144868.594	  80868.359	      0.041	      0.043	     -0.003	
 2016/07/27	   3.539	   3.550	   3.430	   3.475	        1229500	      3.502	      3.513	      3.479	      3.374	           	      0.000	  12295.000	 147067.203	  80960.750	      0.036	      0.042	     -0.010	
 2016/07/28	   3.470	   3.500	   3.455	   3.489	        1051200	      3.496	      3.508	      3.485	      3.376	           	      0.000	  10512.000	  85571.398	  81168.547	      0.033	      0.040	     -0.013	
 2016/07/29	   3.480	   3.497	   3.472	   3.477	         255900	      3.494	      3.501	      3.490	      3.377	           	      0.000	   2559.000	  81015.398	  77044.602	      0.029	      0.038	     -0.017	
 2016/08/01	   3.473	   3.473	   3.428	   3.442	         402900	      3.485	      3.493	      3.491	      3.377	           	      0.000	   4029.000	  80254.203	  76762.703	      0.023	      0.035	     -0.023	
 2016/08/02	   3.430	   3.453	   3.430	   3.447	         292400	      3.466	      3.487	      3.491	      3.379	           	      0.000	   2924.000	   6463.800	  75666.203	      0.019	      0.032	     -0.026	
 2016/08/03	   3.450	   3.519	   3.436	   3.518	         498600	      3.475	      3.488	      3.495	      3.383	           	      0.000	   4986.000	   5002.000	  76034.602	      0.021	      0.029	     -0.018	
 2016/08/04	   3.499	   3.499	   3.445	   3.466	          70100	      3.470	      3.483	      3.496	      3.386	           	      0.000	    701.000	   3039.800	  44305.602	      0.018	      0.027	     -0.019	
 2016/08/05	   3.475	   3.500	   3.471	   3.494	       10368274	      3.473	      3.484	      3.499	      3.389	           	      0.000	 103682.742	  23264.549	  52139.973	      0.017	      0.025	     -0.016	
 2016/08/08	   3.463	   3.505	   3.462	   3.505	        6526649	      3.486	      3.485	      3.501	      3.393	           	      0.000	  65266.488	  35512.047	  57883.125	      0.018	      0.024	     -0.012	
 2016/08/09	   3.418	   3.531	   3.418	   3.524	         989876	      3.501	      3.484	      3.501	      3.397	           	      0.000	   9898.760	  36907.000	  21685.398	      0.019	      0.023	     -0.007	
 2016/08/10	   3.530	   3.535	   3.509	   3.509	         157700	      3.500	      3.487	      3.500	      3.401	           	      0.000	   1577.000	  36225.199	  20613.600	      0.019	      0.022	     -0.006	
 2016/08/11	   3.509	   3.543	   3.501	   3.501	        1479100	      3.507	      3.488	      3.498	      3.405	           	      0.000	  14791.000	  39043.199	  21041.500	      0.018	      0.021	     -0.006	
 2016/08/12	   3.506	   3.571	   3.503	   3.570	        2100000	      3.522	      3.498	      3.499	      3.410	           	      0.000	  21000.000	  22506.650	  22885.600	      0.023	      0.022	      0.002	
 2016/08/15	   3.575	   3.720	   3.575	   3.673	        2913489	      3.555	      3.521	      3.507	      3.416	           	      0.000	  29134.891	  15280.330	  25396.188	      0.034	      0.024	      0.020	
 2016/08/16	   3.729	   3.729	   3.655	   3.670	        2283561	      3.585	      3.543	      3.515	      3.423	           	      0.000	  22835.609	  17867.699	  27387.350	      0.043	      0.028	      0.030	
 2016/08/17	   3.680	   3.700	   3.650	   3.651	        1314300	      3.613	      3.556	      3.522	      3.429	           	      0.000	  13143.000	  20180.900	  28203.049	      0.047	      0.032	      0.031	
 2016/08/18	   3.697	   3.697	   3.636	   3.645	         271000	      3.642	      3.574	      3.529	      3.435	           	      0.000	   2710.000	  17764.699	  28403.949	      0.050	      0.035	      0.029	
 2016/08/19	   3.645	   3.659	   3.625	   3.646	         447838	      3.657	      3.589	      3.537	      3.442	           	      0.000	   4478.380	  14460.376	  18483.514	      0.051	      0.039	      0.026	
 2016/08/22	   3.689	   3.689	   3.620	   3.623	         251029	      3.647	      3.601	      3.543	      3.448	           	      0.000	   2510.290	   9135.456	  12207.893	      0.050	      0.041	      0.019	
 2016/08/23	   3.647	   3.647	   3.610	   3.618	         158600	      3.637	      3.611	      3.547	      3.453	           	      0.000	   1586.000	   4885.534	  11376.617	      0.048	      0.042	      0.012	
 2016/08/24	   3.620	   3.634	   3.611	   3.623	        2881439	      3.631	      3.622	      3.555	      3.459	           	      0.000	  28814.391	   8019.812	  14100.356	      0.047	      0.043	      0.007	
 2016/08/25	   3.601	   3.619	   3.562	   3.596	         449974	      3.621	      3.632	      3.560	      3.463	           	      0.000	   4499.740	   8377.760	  13071.230	      0.043	      0.043	     -0.001	
 2016/08/26	   3.596	   3.632	   3.583	   3.614	         531965	      3.615	      3.636	      3.567	      3.467	           	      0.000	   5319.650	   8546.014	  11503.195	      0.040	      0.043	     -0.004	
 2016/08/29	   3.620	   3.620	   3.580	   3.595	         211100	      3.609	      3.628	      3.574	      3.471	           	      0.000	   2111.000	   8466.156	   8800.806	      0.037	      0.041	     -0.009	
 2016/08/30	   3.596	   3.609	   3.589	   3.598	          80000	      3.605	      3.621	      3.582	      3.474	           	      0.000	    800.000	   8308.956	   6597.245	      0.034	      0.040	     -0.012	
 2016/08/31	   3.607	   3.621	   3.584	   3.610	         708738	      3.603	      3.617	      3.587	      3.477	           	      0.000	   7087.380	   3963.554	   5991.683	      0.032	      0.038	     -0.013	
 2016/09/01	   3.605	   3.610	   3.586	   3.586	         354585	      3.601	      3.611	      3.593	      3.481	           	      0.000	   3545.850	   3772.776	   6075.268	      0.028	      0.036	     -0.016	
 2016/09/02	   3.593	   3.608	   3.588	   3.604	         913100	      3.599	      3.607	      3.598	      3.484	           	      0.000	   9131.000	   4535.046	   6540.530	      0.026	      0.034	     -0.016	
 2016/09/05	   3.599	   3.625	   3.599	   3.606	         299500	      3.601	      3.605	      3.603	      3.490	           	      0.000	   2995.000	   4711.846	   6589.001	      0.025	      0.032	     -0.015	
 2016/09/06	   3.610	   3.636	   3.589	   3.631	         492873	      3.607	      3.606	      3.608	      3.496	           	      0.000	   4928.730	   5537.592	   6923.274	      0.025	      0.031	     -0.011	
 2016/09/07	   3.631	   3.649	   3.628	   3.631	         280400	      3.612	      3.607	      3.615	      3.501	           	      0.000	   2804.000	   4680.916	   4322.235	      0.025	      0.030	     -0.009	
 2016/09/08	   3.631	   3.638	   3.616	   3.628	         198000	      3.620	      3.610	      3.621	      3.506	           	      0.000	   1980.000	   4367.746	   4070.261	      0.025	      0.029	     -0.008	
 2016/09/09	   3.629	   3.631	   3.606	   3.609	         971000	      3.621	      3.610	      3.623	      3.511	           	      0.000	   9710.000	   4483.546	   4509.296	      0.023	      0.028	     -0.010	
 2016/09/12	   3.600	   3.600	   3.525	   3.551	         935600	      3.610	      3.605	      3.617	      3.514	           	      0.000	   9356.000	   5755.746	   5233.796	      0.016	      0.025	     -0.018	
 2016/09/13	   3.555	   3.575	   3.534	   3.541	         802000	      3.592	      3.600	      3.610	      3.518	           	      0.000	   8020.000	   6374.000	   5955.796	      0.010	      0.022	     -0.024	
 2016/09/14	   3.527	   3.537	   3.515	   3.525	         216200	      3.571	      3.591	      3.604	      3.521	           	      0.000	   2162.000	   6245.600	   5463.258	      0.004	      0.019	     -0.029	
 2016/09/19	   3.521	   3.556	   3.521	   3.549	         223300	      3.555	      3.588	      3.599	      3.525	           	      0.000	   2233.000	   6296.200	   5331.973	      0.001	      0.015	     -0.028	
 2016/09/20	   3.545	   3.546	   3.538	   3.541	          55200	      3.541	      3.581	      3.594	      3.529	           	      0.000	    552.000	   4464.600	   4474.073	     -0.002	      0.012	     -0.027	
 2016/09/21	   3.532	   3.554	   3.532	   3.550	         233100	      3.541	      3.576	      3.590	      3.533	           	      0.000	   2331.000	   3059.600	   4407.673	     -0.004	      0.009	     -0.025	
 2016/09/22	   3.560	   3.590	   3.560	   3.581	        2486600	      3.549	      3.571	      3.588	      3.537	           	      0.000	  24866.000	   6428.800	   6401.400	     -0.002	      0.006	     -0.018	
 2016/09/23	   3.584	   3.584	   3.564	   3.565	         510900	      3.557	      3.564	      3.586	      3.540	           	      0.000	   5109.000	   7018.200	   6631.900	     -0.003	      0.005	     -0.015	
 2016/09/26	   3.574	   3.574	   3.508	   3.508	        1789900	      3.549	      3.552	      3.581	      3.542	           	      0.000	  17899.000	  10151.400	   8223.800	     -0.007	      0.002	     -0.019	
 2016/09/27	   3.508	   3.530	   3.505	   3.530	         541800	      3.547	      3.544	      3.577	      3.545	           	      0.000	   5418.000	  11124.600	   7794.600	     -0.009	     -0.000	     -0.018	
 2016/09/28	   3.525	   3.535	   3.515	   3.519	         636500	      3.541	      3.541	      3.573	      3.546	           	      0.000	   6365.000	  11931.400	   7495.500	     -0.011	     -0.002	     -0.018	
 2016/09/29	   3.521	   3.546	   3.521	   3.531	         633660	      3.531	      3.540	      3.570	      3.548	           	      0.000	   6336.600	   8225.520	   7327.160	     -0.012	     -0.004	     -0.016	
 2016/09/30	   3.532	   3.550	   3.532	   3.545	         494200	      3.527	      3.542	      3.567	      3.549	           	      0.000	   4942.000	   8192.120	   7605.160	     -0.011	     -0.006	     -0.011	
 2016/10/10	   3.555	   3.588	   3.550	   3.582	        1012200	      3.541	      3.545	      3.566	      3.552	           	      0.000	  10122.000	   6636.720	   8394.060	     -0.008	     -0.006	     -0.003	
 2016/10/11	   3.660	   3.660	   3.583	   3.598	        1149800	      3.555	      3.551	      3.566	      3.554	           	      0.000	  11498.000	   7852.720	   9488.660	     -0.003	     -0.006	      0.004	
 2016/10/12	   3.590	   3.599	   3.581	   3.599	        1085700	      3.571	      3.556	      3.566	      3.557	           	      0.000	  10857.000	   8751.120	  10341.260	     -0.000	     -0.004	      0.009	
 2016/10/13	   3.599	   3.599	   3.585	   3.592	         490100	      3.583	      3.557	      3.564	      3.558	           	      0.000	   4901.000	   8464.000	   8344.760	      0.002	     -0.003	      0.011	
 2016/10/14	   3.598	   3.602	   3.577	   3.597	         533700	      3.594	      3.560	      3.562	      3.559	           	      0.000	   5337.000	   8543.000	   8367.560	      0.004	     -0.002	      0.012	
 2016/10/17	   3.597	   3.600	   3.563	   3.567	         366500	      3.591	      3.566	      3.559	      3.559	           	      0.000	   3665.000	   7251.600	   6944.160	      0.003	     -0.001	      0.008	
 2016/10/18	   3.567	   3.615	   3.567	   3.614	        2864465	      3.594	      3.574	      3.559	      3.561	           	      0.000	  28644.650	  10680.930	   9266.825	      0.006	      0.001	      0.011	
 2016/10/19	   3.614	   3.625	   3.600	   3.603	        6529700	      3.595	      3.583	      3.562	      3.562	           	      0.000	  65297.000	  21568.930	  15160.025	      0.008	      0.002	      0.011	
 2016/10/20	   3.612	   3.616	   3.603	   3.609	        4494176	      3.598	      3.591	      3.565	      3.563	           	      0.000	  44941.762	  29577.082	  19020.541	      0.009	      0.004	      0.012	
 2016/10/21	   3.607	   3.632	   3.605	   3.621	         673476	      3.603	      3.598	      3.570	      3.565	           	      0.000	   6734.760	  29856.635	  19199.816	      0.011	      0.005	      0.012	
 2016/10/24	   3.611	   3.679	   3.609	   3.661	         733400	      3.622	      3.606	      3.576	      3.568	           	      0.000	   7334.000	  30590.434	  18921.018	      0.016	      0.007	      0.017	
 2016/10/25	   3.661	   3.668	   3.651	   3.661	         397000	      3.631	      3.612	      3.582	      3.571	           	      0.000	   3970.000	  25655.504	  18168.217	      0.019	      0.010	      0.020	
 2016/10/26	   3.679	   3.681	   3.644	   3.647	         299800	      3.640	      3.617	      3.586	      3.573	           	      0.000	   2998.000	  13195.704	  17382.316	      0.021	      0.012	      0.018	
 2016/10/27	   3.648	   3.648	   3.633	   3.642	         311400	      3.646	      3.622	      3.590	      3.575	           	      0.000	   3114.000	   4830.152	  17203.617	      0.021	      0.014	      0.015	
 2016/10/28	   3.647	   3.662	   3.630	   3.631	         346300	      3.648	      3.626	      3.593	      3.578	           	      0.000	   3463.000	   4175.800	  17016.217	      0.021	      0.015	      0.011	
 2016/10/31	   3.625	   3.632	   3.615	   3.630	       10310900	      3.642	      3.632	      3.599	      3.580	           	      0.000	 103109.000	  23330.801	  26960.617	      0.020	      0.016	      0.007	
 2016/11/01	   3.636	   3.651	   3.636	   3.651	        1023400	      3.640	      3.636	      3.605	      3.583	           	      0.000	  10234.000	  24583.600	  25119.553	      0.020	      0.017	      0.007	
 2016/11/02	   3.642	   3.650	   3.621	   3.626	        5228100	      3.636	      3.638	      3.610	      3.586	           	      0.000	  52281.000	  34440.199	  23817.953	      0.019	      0.017	      0.003	
 2016/11/03	   3.620	   3.674	   3.610	   3.661	         906114	      3.640	      3.643	      3.617	      3.590	           	      0.000	   9061.140	  35629.629	  20229.891	      0.020	      0.018	      0.004	
 2016/11/04	   3.659	   3.671	   3.645	   3.647	         213100	      3.643	      3.646	      3.622	      3.592	           	      0.000	   2131.000	  35363.227	  19769.514	      0.020	      0.018	      0.003	
 2016/11/07	   3.647	   3.657	   3.641	   3.650	         166800	      3.647	      3.645	      3.625	      3.595	           	      0.000	   1668.000	  15075.028	  19202.914	      0.019	      0.018	      0.002	
 2016/11/08	   3.659	   3.680	   3.656	   3.669	        3424700	      3.651	      3.645	      3.629	      3.598	           	      0.000	  34247.000	  19877.629	  22230.613	      0.020	      0.019	      0.003	
 2016/11/09	   3.665	   3.665	   3.620	   3.651	         386600	      3.656	      3.646	      3.632	      3.600	           	      0.000	   3866.000	  10194.628	  22317.414	      0.020	      0.019	      0.001	
 2016/11/10	   3.656	   3.700	   3.656	   3.687	         256400	      3.661	      3.650	      3.636	      3.603	           	      0.000	   2564.000	   8895.200	  22262.414	      0.022	      0.020	      0.004	
 2016/11/11	   3.684	   3.718	   3.681	   3.713	         538400	      3.674	      3.658	      3.642	      3.606	           	      0.000	   5384.000	   9545.800	  22454.514	      0.025	      0.021	      0.009	
 2016/11/14	   3.703	   3.880	   3.703	   3.727	       10428100	      3.689	      3.668	      3.650	      3.610	           	      0.000	 104281.000	  30068.400	  22571.715	      0.029	      0.022	      0.013	
 2016/11/15	   3.724	   3.731	   3.713	   3.726	        2448400	      3.701	      3.676	      3.656	      3.613	           	      0.000	  24484.000	  28115.801	  23996.715	      0.031	      0.024	      0.014	
 2016/11/16	   3.730	   3.736	   3.720	   3.724	         491200	      3.715	      3.686	      3.662	      3.613	           	      0.000	   4912.000	  28325.000	  19259.814	      0.032	      0.026	      0.013	
 2016/11/17	   3.717	   3.739	   3.715	   3.732	         381700	      3.724	      3.693	      3.668	      3.614	           	      0.000	   3817.000	  28575.600	  18735.400	      0.034	      0.027	      0.013	
 2016/11/18	   3.738	   3.741	   3.713	   3.716	         242000	      3.725	      3.700	      3.673	      3.616	           	      0.000	   2420.000	  27982.801	  18764.301	      0.033	      0.028	      0.009	
 2016/11/21	   3.717	   3.762	   3.716	   3.741	         446600	      3.728	      3.709	      3.677	      3.617	           	      0.000	   4466.000	   8019.800	  19044.100	      0.034	      0.030	      0.009	
 2016/11/22	   3.749	   3.772	   3.747	   3.766	        1086500	      3.736	      3.718	      3.682	      3.619	           	      0.000	  10865.000	   5296.000	  16705.900	      0.037	      0.031	      0.011	
 2016/11/23	   3.776	   3.796	   3.776	   3.782	        1028800	      3.747	      3.731	      3.689	      3.622	           	      0.000	  10288.000	   6371.200	  17348.100	      0.039	      0.033	      0.013	
 2016/11/24	   3.779	   3.813	   3.773	   3.790	        5444300	      3.759	      3.742	      3.696	      3.625	           	      0.000	  54443.000	  16496.400	  22536.000	      0.042	      0.034	      0.015	
 2016/11/25	   3.788	   3.835	   3.765	   3.835	       16102450	      3.783	      3.754	      3.706	      3.628	           	      0.000	 161024.500	  48217.301	  38100.051	      0.047	      0.037	      0.020	
 2016/11/28	   3.845	   3.862	   3.836	   3.838	        2686000	      3.802	      3.765	      3.717	      3.632	           	      0.000	  26860.000	  52696.102	  30357.949	      0.050	      0.040	      0.022	
 2016/11/29	   3.844	   3.897	   3.830	   3.872	         924300	      3.823	      3.780	      3.728	      3.637	           	      0.000	   9243.000	  52371.699	  28833.850	      0.055	      0.043	      0.025	
 2016/11/30	   3.870	   3.877	   3.835	   3.845	         899700	      3.836	      3.792	      3.739	      3.641	           	      0.000	   8997.000	  52113.500	  29242.350	      0.056	      0.045	      0.022	
 2016/12/01	   3.845	   3.885	   3.845	   3.885	        3748200	      3.855	      3.807	      3.750	      3.645	           	      0.000	  37482.000	  48721.301	  32608.850	      0.060	      0.048	      0.023	
 2016/12/02	   3.881	   3.881	   3.826	   3.839	         851900	      3.856	      3.819	      3.759	      3.649	           	      0.000	   8519.000	  18220.199	  33218.750	      0.058	      0.050	      0.016	
 2016/12/05	   3.830	   3.830	   3.763	   3.770	        4116300	      3.842	      3.822	      3.765	      3.652	           	      0.000	  41163.000	  21080.801	  36888.449	      0.051	      0.050	      0.001	
 2016/12/06	   3.760	   3.780	   3.760	   3.761	         536400	      3.820	      3.822	      3.770	      3.655	           	      0.000	   5364.000	  20305.000	  36338.352	      0.044	      0.049	     -0.011	
 2016/12/07	   3.780	   3.790	   3.749	   3.790	         359200	      3.809	      3.822	      3.777	      3.658	           	      0.000	   3592.000	  19224.000	  35668.750	      0.040	      0.047	     -0.015	
 2016/12/08	   3.790	   3.890	   3.775	   3.781	         863100	      3.788	      3.822	      3.782	      3.661	           	      0.000	   8631.000	  13453.800	  31087.551	      0.036	      0.045	     -0.018	
 2016/12/09	   3.742	   3.814	   3.742	   3.799	        1199800	      3.780	      3.818	      3.786	      3.663	           	      0.000	  11998.000	  14149.600	  16184.900	      0.033	      0.043	     -0.018	
 2016/12/12	   3.791	   3.797	   3.704	   3.709	        1272200	      3.768	      3.805	      3.785	      3.665	           	      0.000	  12722.000	   8461.400	  14771.100	      0.024	      0.039	     -0.030	
 2016/12/13	   3.709	   3.740	   3.672	   3.709	        1125500	      3.758	      3.789	      3.784	      3.666	           	      0.000	  11255.000	   9639.600	  14972.300	      0.017	      0.034	     -0.036	
 2016/12/14	   3.700	   3.713	   3.680	   3.680	         838300	      3.736	      3.772	      3.782	      3.669	           	      0.000	   8383.000	  10597.800	  14910.900	      0.008	      0.029	     -0.042	
 2016/12/15	   3.670	   3.680	   3.627	   3.641	         946300	      3.708	      3.748	      3.777	      3.670	           	      0.000	   9463.000	  10764.200	  12109.000	     -0.002	      0.023	     -0.049	
 2016/12/16	   3.633	   3.651	   3.630	   3.645	         404993	      3.677	      3.728	      3.774	      3.672	           	      0.000	   4049.930	   9174.586	  11662.093	     -0.009	      0.017	     -0.051	
 2016/12/19	   3.635	   3.649	   3.626	   3.637	         275500	      3.662	      3.715	      3.769	      3.674	           	      0.000	   2755.000	   7181.186	   7821.293	     -0.015	      0.010	     -0.051	
 2016/12/20	   3.638	   3.638	   3.600	   3.606	         268000	      3.642	      3.700	      3.761	      3.675	           	      0.000	   2680.000	   5466.186	   7552.893	     -0.023	      0.004	     -0.052	
 2016/12/21	   3.612	   3.681	   3.612	   3.636	         420900	      3.633	      3.684	      3.753	      3.676	           	      0.000	   4209.000	   4631.386	   7614.593	     -0.026	     -0.002	     -0.047	
 2016/12/22	   3.632	   3.637	   3.620	   3.634	         248000	      3.632	      3.670	      3.746	      3.677	           	      0.000	   2480.000	   3234.786	   6999.493	     -0.028	     -0.007	     -0.041	
 2016/12/23	   3.634	   3.634	   3.594	   3.597	        8979300	      3.622	      3.649	      3.734	      3.678	           	      0.000	  89793.000	  20383.400	  14778.993	     -0.032	     -0.012	     -0.040	
 2016/12/26	   3.580	   3.619	   3.565	   3.619	         625300	      3.618	      3.640	      3.723	      3.679	           	      0.000	   6253.000	  21083.000	  14132.093	     -0.033	     -0.017	     -0.034	
 2016/12/27	   3.612	   3.627	   3.612	   3.615	         524700	      3.620	      3.631	      3.710	      3.681	           	      0.000	   5247.000	  21596.400	  13531.293	     -0.034	     -0.020	     -0.029	
 2016/12/28	   3.613	   3.615	   3.586	   3.595	        8446800	      3.612	      3.622	      3.697	      3.682	           	      0.000	  84468.000	  37648.199	  21139.793	     -0.036	     -0.023	     -0.026	
 2016/12/29	   3.594	   3.610	   3.570	   3.610	        5779500	      3.607	      3.619	      3.684	      3.683	           	      0.000	  57795.000	  48711.199	  25972.992	     -0.036	     -0.026	     -0.021	
 2016/12/30	   3.600	   3.613	   3.590	   3.602	        1112000	      3.608	      3.615	      3.672	      3.684	           	      0.000	  11120.000	  32976.602	  26680.000	     -0.036	     -0.028	     -0.017	
 2017/01/03	   3.602	   3.643	   3.602	   3.639	         802000	      3.612	      3.615	      3.665	      3.685	           	      0.000	   8020.000	  33330.000	  27206.500	     -0.033	     -0.029	     -0.008	
 2017/01/04	   3.638	   3.669	   3.634	   3.662	         688900	      3.622	      3.621	      3.660	      3.686	           	      0.000	   6889.000	  33658.398	  27627.400	     -0.028	     -0.029	      0.001	
 2017/01/05	   3.667	   3.676	   3.659	   3.670	         449000	      3.637	      3.624	      3.654	      3.688	           	      0.000	   4490.000	  17662.801	  27655.500	     -0.024	     -0.028	      0.008	
 2017/01/06	   3.661	   3.670	   3.647	   3.650	         695900	      3.645	      3.626	      3.648	      3.689	           	      0.000	   6959.000	   7495.600	  28103.400	     -0.021	     -0.027	      0.010	
 2017/01/09	   3.650	   3.663	   3.650	   3.663	        3226600	      3.657	      3.632	      3.641	      3.690	           	      0.000	  32266.000	  11724.800	  22350.699	     -0.018	     -0.025	      0.013	
 2017/01/10	   3.670	   3.670	   3.653	   3.663	         390800	      3.662	      3.637	      3.639	      3.691	           	      0.000	   3908.000	  10902.400	  22116.199	     -0.016	     -0.023	      0.015	
 2017/01/11	   3.657	   3.665	   3.632	   3.640	         109600	      3.657	      3.639	      3.635	      3.692	           	      0.000	   1096.000	   9743.800	  21701.100	     -0.015	     -0.022	      0.013	
 2017/01/12	   3.637	   3.645	   3.619	   3.620	         419900	      3.647	      3.642	      3.632	      3.692	           	      0.000	   4199.000	   9685.600	  13674.200	     -0.016	     -0.021	      0.008	
 2017/01/13	   3.621	   3.634	   3.606	   3.613	         571200	      3.640	      3.642	      3.631	      3.692	           	      0.000	   5712.000	   9436.200	   8465.900	     -0.018	     -0.020	      0.005	
 2017/01/16	   3.621	   3.630	   3.560	   3.617	        1281500	      3.631	      3.644	      3.629	      3.692	           	      0.000	  12815.000	   5546.000	   8635.400	     -0.018	     -0.020	      0.003	
 2017/01/17	   3.607	   3.620	   3.599	   3.618	         132800	      3.622	      3.642	      3.628	      3.691	           	      0.000	   1328.000	   5030.000	   7966.200	     -0.018	     -0.019	      0.002	
 2017/01/18	   3.624	   3.644	   3.623	   3.630	        1143500	      3.620	      3.638	      3.630	      3.691	           	      0.000	  11435.000	   7097.800	   8420.800	     -0.017	     -0.019	      0.004	
 2017/01/19	   3.638	   3.648	   3.625	   3.630	         172700	      3.622	      3.634	      3.629	      3.690	           	      0.000	   1727.000	   6603.400	   8144.500	     -0.016	     -0.018	      0.005	
 2017/01/20	   3.624	   3.660	   3.624	   3.648	         858300	      3.629	      3.634	      3.630	      3.691	           	      0.000	   8583.000	   7177.600	   8306.900	     -0.013	     -0.017	      0.008	
 2017/01/23	   3.656	   3.678	   3.656	   3.665	        1910400	      3.638	      3.634	      3.633	      3.691	           	      0.000	  19104.000	   8435.400	   6990.700	     -0.010	     -0.016	      0.012	
 2017/01/24	   3.666	   3.667	   3.655	   3.666	         180400	      3.648	      3.635	      3.636	      3.692	           	      0.000	   1804.000	   8530.600	   6780.300	     -0.007	     -0.014	      0.014	
 2017/01/25	   3.660	   3.675	   3.659	   3.672	         169700	      3.656	      3.638	      3.639	      3.692	           	      0.000	   1697.000	   6583.000	   6840.400	     -0.004	     -0.012	      0.016	
 2017/01/26	   3.678	   3.700	   3.678	   3.690	         213100	      3.668	      3.645	      3.643	      3.693	           	      0.000	   2131.000	   6663.800	   6633.600	     -0.001	     -0.010	      0.018	
 2017/02/03	   3.696	   3.696	   3.660	   3.667	         110900	      3.672	      3.650	      3.646	      3.693	           	      0.000	   1109.000	   5169.000	   6173.300	      0.000	     -0.008	      0.016	
 2017/02/06	   3.667	   3.680	   3.663	   3.675	         220200	      3.674	      3.656	      3.650	      3.694	           	      0.000	   2202.000	   1788.600	   5112.000	      0.002	     -0.006	      0.015	
 2017/02/07	   3.666	   3.679	   3.655	   3.658	         189500	      3.672	      3.660	      3.651	      3.694	           	      0.000	   1895.000	   1806.800	   5168.700	      0.002	     -0.004	      0.012	
 2017/02/08	   3.658	   3.683	   3.646	   3.677	         160300	      3.673	      3.665	      3.652	      3.694	           	      0.000	   1603.000	   1788.000	   4185.500	      0.003	     -0.003	      0.012	
 2017/02/09	   3.683	   3.712	   3.683	   3.695	         319300	      3.674	      3.671	      3.653	      3.695	           	      0.000	   3193.000	   2000.400	   4332.100	      0.005	     -0.001	      0.013	
 2017/02/10	   3.703	   3.723	   3.700	   3.717	         307100	      3.684	      3.678	      3.656	      3.695	           	      0.000	   3071.000	   2392.800	   3780.900	      0.009	      0.001	      0.016	
 2017/02/13	   3.717	   3.738	   3.717	   3.737	         356400	      3.697	      3.685	      3.660	      3.696	           	      0.000	   3564.000	   2665.200	   2226.900	      0.013	      0.003	      0.020	
 2017/02/14	   3.734	   3.744	   3.725	   3.733	         245400	      3.712	      3.692	      3.663	      3.696	           	      0.000	   2454.000	   2777.000	   2291.900	      0.016	      0.006	      0.021	
 2017/02/15	   3.734	   3.755	   3.719	   3.720	         401300	      3.720	      3.697	      3.667	      3.696	           	      0.000	   4013.000	   3259.000	   2523.500	      0.017	      0.008	      0.018	
 2017/02/16	   3.720	   3.745	   3.720	   3.740	         172900	      3.729	      3.702	      3.673	      3.696	           	      0.000	   1729.000	   2966.200	   2483.300	      0.020	      0.010	      0.018	
 2017/02/17	   3.751	   3.760	   3.720	   3.729	         245200	      3.732	      3.708	      3.679	      3.696	           	      0.000	   2452.000	   2842.400	   2617.600	      0.020	      0.012	      0.016	
 2017/02/20	   3.730	   3.782	   3.729	   3.781	         440600	      3.741	      3.719	      3.687	      3.697	           	      0.000	   4406.000	   3010.800	   2838.000	      0.025	      0.015	      0.020	
 2017/02/21	   3.781	   3.800	   3.774	   3.788	         352000	      3.752	      3.732	      3.696	      3.698	           	      0.000	   3520.000	   3224.000	   3000.500	      0.028	      0.018	      0.022	
 2017/02/22	   3.789	   3.799	   3.778	   3.796	         333700	      3.767	      3.744	      3.704	      3.698	           	      0.000	   3337.000	   3088.800	   3173.900	      0.032	      0.020	      0.022	
 2017/02/23	   3.798	   3.799	   3.763	   3.773	         321000	      3.773	      3.751	      3.711	      3.698	           	      0.000	   3210.000	   3385.000	   3175.600	      0.032	      0.023	      0.019	
 2017/02/24	   3.773	   3.783	   3.766	   3.777	          52900	      3.783	      3.757	      3.718	      3.698	           	      0.000	    529.000	   3000.400	   2921.400	      0.032	      0.025	      0.015	
 2017/02/27	   3.777	   3.780	   3.746	   3.755	       15432700	      3.778	      3.759	      3.722	      3.696	           	      0.000	 154327.000	  32984.602	  17997.699	      0.030	      0.026	      0.009	
 2017/02/28	   3.754	   3.765	   3.745	   3.760	         754600	      3.772	      3.762	      3.727	      3.695	           	      0.000	   7546.000	  33789.801	  18506.900	      0.029	      0.026	      0.005	
 2017/03/01	   3.760	   3.777	   3.752	   3.757	        1816484	      3.764	      3.766	      3.731	      3.693	           	      0.000	  18164.840	  36755.367	  19922.084	      0.027	      0.026	      0.001	
 2017/03/02	   3.764	   3.775	   3.737	   3.745	         465700	      3.759	      3.766	      3.734	      3.692	           	      0.000	   4657.000	  37044.770	  20214.885	      0.024	      0.026	     -0.003	
 2017/03/03	   3.736	   3.736	   3.717	   3.732	         179900	      3.750	      3.766	      3.737	      3.689	           	      0.000	   1799.000	  37298.770	  20149.584	      0.021	      0.025	     -0.008	
 2017/03/06	   3.731	   3.759	   3.726	   3.755	         713300	      3.750	      3.764	      3.741	      3.688	           	      0.000	   7133.000	   7859.968	  20422.283	      0.020	      0.024	     -0.008	
 2017/03/07	   3.751	   3.757	   3.745	   3.755	          78600	      3.749	      3.760	      3.746	      3.687	           	      0.000	    786.000	   6507.968	  20148.885	      0.019	      0.023	     -0.008	
 2017/03/08	   3.755	   3.757	   3.746	   3.753	         120200	      3.748	      3.756	      3.750	      3.687	           	      0.000	   1202.000	   3115.400	  19935.385	      0.018	      0.022	     -0.008	
 2017/03/09	   3.744	   3.750	   3.719	   3.728	         608600	      3.745	      3.752	      3.752	      3.686	           	      0.000	   6086.000	   3401.200	  20222.984	      0.015	      0.021	     -0.012	
 2017/03/10	   3.728	   3.737	   3.724	   3.727	          47700	      3.744	      3.747	      3.752	      3.685	           	      0.000	    477.000	   3136.800	  20217.783	      0.012	      0.019	     -0.014	
 2017/03/13	   3.727	   3.762	   3.711	   3.761	         300700	      3.745	      3.747	      3.753	      3.685	           	      0.000	   3007.000	   2311.600	   5085.784	      0.012	      0.018	     -0.010	
 2017/03/14	   3.764	   3.770	   3.755	   3.755	         195000	      3.745	      3.747	      3.754	      3.685	           	      0.000	   1950.000	   2544.400	   4526.184	      0.012	      0.016	     -0.009	
 2017/03/15	   3.756	   3.770	   3.750	   3.768	       13699200	      3.748	      3.748	      3.757	      3.686	           	      0.000	 136992.000	  29702.400	  16408.900	      0.013	      0.016	     -0.006	
 2017/03/16	   3.768	   3.800	   3.768	   3.790	       48172500	      3.760	      3.752	      3.759	      3.688	           	      0.000	 481725.000	 124830.203	  64115.699	      0.015	      0.016	     -0.001	
 2017/03/17	   3.785	   3.792	   3.745	   3.745	        1976000	      3.764	      3.754	      3.760	      3.690	           	      0.000	  19760.000	 128686.797	  65911.797	      0.013	      0.015	     -0.004	
 2017/03/20	   3.745	   3.760	   3.732	   3.748	        2581900	      3.761	      3.753	      3.758	      3.692	           	      0.000	  25819.000	 133249.203	  67780.398	      0.011	      0.014	     -0.006	
 2017/03/21	   3.749	   3.768	   3.749	   3.766	        1673600	      3.763	      3.754	      3.757	      3.694	           	      0.000	  16736.000	 136206.406	  69375.398	      0.012	      0.014	     -0.005	
 2017/03/22	   3.760	   3.765	   3.733	   3.758	         256100	      3.761	      3.755	      3.755	      3.696	           	      0.000	   2561.000	 109320.203	  69511.297	      0.011	      0.013	     -0.005	
 2017/03/23	   3.756	   3.776	   3.737	   3.766	         153300	      3.757	      3.758	      3.755	      3.699	           	      0.000	   1533.000	  13281.800	  69056.000	      0.011	      0.013	     -0.004	
 2017/03/24	   3.761	   3.803	   3.761	   3.790	         310900	      3.766	      3.765	      3.756	      3.701	           	      0.000	   3109.000	   9951.600	  69319.203	      0.013	      0.013	     -0.000	
 2017/03/27	   3.800	   3.812	   3.784	   3.785	         228800	      3.773	      3.767	      3.757	      3.704	           	      0.000	   2288.000	   5245.400	  69247.297	      0.013	      0.013	      0.001	
 2017/03/28	   3.793	   3.793	   3.771	   3.780	          47600	      3.776	      3.770	      3.758	      3.707	           	      0.000	    476.000	   1993.400	  69099.898	      0.014	      0.013	      0.001	
 2017/03/29	   3.788	   3.796	   3.762	   3.777	        1115200	      3.780	      3.770	      3.759	      3.710	           	      0.000	  11152.000	   3711.600	  56515.898	      0.013	      0.013	      0.000	
 2017/03/30	   3.777	   3.777	   3.730	   3.742	       10334500	      3.775	      3.766	      3.759	      3.712	           	      0.000	 103345.000	  24074.000	  18677.900	      0.010	      0.012	     -0.005	
 2017/03/31	   3.742	   3.761	   3.738	   3.761	         680800	      3.769	      3.767	      3.760	      3.715	           	      0.000	   6808.000	  24813.801	  17382.699	      0.009	      0.012	     -0.006	
 2017/04/05	   3.779	   3.821	   3.779	   3.812	       52695900	      3.774	      3.774	      3.763	      3.718	           	      0.000	 526959.000	 129748.000	  67496.703	      0.012	      0.012	      0.001	
 2017/04/06	   3.814	   3.828	   3.807	   3.822	        2331000	      3.783	      3.779	      3.767	      3.721	           	      0.000	  23310.000	 134314.797	  68154.102	      0.015	      0.012	      0.005	
 2017/04/07	   3.832	   3.844	   3.817	   3.825	        1647300	      3.792	      3.786	      3.770	      3.724	           	      0.000	  16473.000	 135379.000	  69545.297	      0.018	      0.014	      0.008	
 2017/04/10	   3.831	   3.834	   3.812	   3.814	         186200	      3.807	      3.791	      3.775	      3.726	           	      0.000	   1862.000	 115082.398	  69578.203	      0.019	      0.015	      0.008	
 2017/04/11	   3.824	   3.834	   3.780	   3.828	         692700	      3.820	      3.795	      3.780	      3.729	           	      0.000	   6927.000	 115106.203	  69960.000	      0.020	      0.016	      0.009	
 2017/04/12	   3.828	   3.833	   3.813	   3.816	         653500	      3.821	      3.798	      3.782	      3.732	           	      0.000	   6535.000	  11021.400	  70384.703	      0.020	      0.017	      0.007	
 2017/04/13	   3.817	   3.833	   3.817	   3.825	         414800	      3.822	      3.802	      3.786	      3.735	           	      0.000	   4148.000	   7189.000	  70751.898	      0.021	      0.017	      0.007	
 2017/04/14	   3.826	   3.836	   3.793	   3.806	         870100	      3.818	      3.805	      3.788	      3.737	           	      0.000	   8701.000	   5634.600	  70506.797	      0.019	      0.018	      0.003	
 2017/04/17	   3.796	   3.796	   3.767	   3.794	         799700	      3.814	      3.810	      3.788	      3.740	           	      0.000	   7997.000	   6861.600	  60972.000	      0.017	      0.018	     -0.001	
 2017/04/18	   3.792	   3.796	   3.778	   3.778	         917400	      3.804	      3.812	      3.790	      3.743	           	      0.000	   9174.000	   7311.000	  61208.602	      0.014	      0.017	     -0.006	
 2017/04/19	   3.770	   3.770	   3.733	   3.753	        1394300	      3.791	      3.806	      3.790	      3.745	           	      0.000	  13943.000	   8792.600	   9907.000	      0.009	      0.015	     -0.012	
 2017/04/20	   3.757	   3.779	   3.753	   3.774	         229700	      3.781	      3.801	      3.790	      3.748	           	      0.000	   2297.000	   8422.400	   7805.700	      0.007	      0.014	     -0.013	
 2017/04/21	   3.774	   3.783	   3.755	   3.776	        2526400	      3.775	      3.796	      3.791	      3.750	           	      0.000	  25264.000	  11735.000	   8684.800	      0.006	      0.012	     -0.013	
 2017/04/24	   3.775	   3.775	   3.716	   3.745	        2126800	      3.765	      3.789	      3.790	      3.752	           	      0.000	  21268.000	  14389.200	  10625.400	      0.002	      0.010	     -0.016	
 2017/04/25	   3.741	   3.759	   3.732	   3.748	        1357500	      3.759	      3.781	      3.788	      3.754	           	      0.000	  13575.000	  15269.400	  11290.200	     -0.001	      0.008	     -0.017	
 2017/04/26	   3.756	   3.775	   3.748	   3.758	         976500	      3.760	      3.776	      3.787	      3.755	           	      0.000	   9765.000	  14433.800	  11613.200	     -0.002	      0.006	     -0.016	
 2017/04/27	   3.746	   3.762	   3.715	   3.755	         670100	      3.756	      3.769	      3.785	      3.757	           	      0.000	   6701.000	  15314.600	  11868.500	     -0.003	      0.004	     -0.015	
 2017/04/28	   3.741	   3.750	   3.720	   3.742	       40942700	      3.750	      3.762	      3.784	      3.758	           	      0.000	 409427.000	  92147.203	  51941.102	     -0.005	      0.002	     -0.015	
 2017/05/02	   3.742	   3.742	   3.727	   3.733	         218000	      3.747	      3.756	      3.783	      3.759	           	      0.000	   2180.000	  88329.602	  51359.398	     -0.008	      0.000	     -0.016	
 2017/05/03	   3.726	   3.743	   3.713	   3.724	         515300	      3.742	      3.751	      3.781	      3.760	           	      0.000	   5153.000	  86645.203	  50957.301	     -0.010	     -0.002	     -0.016	
 2017/05/04	   3.719	   3.729	   3.703	   3.706	         545500	      3.732	      3.746	      3.776	      3.760	           	      0.000	   5455.000	  85783.203	  50108.500	     -0.013	     -0.004	     -0.018	
 2017/05/05	   3.706	   3.706	   3.675	   3.683	        3031400	      3.718	      3.737	      3.769	      3.761	           	      0.000	  30314.000	  90505.797	  52910.199	     -0.017	     -0.007	     -0.021	
 2017/05/08	   3.682	   3.682	   3.644	   3.658	        2371600	      3.701	      3.725	      3.761	      3.760	           	      0.000	  23716.000	  13363.600	  52755.398	     -0.022	     -0.010	     -0.025	
 2017/05/09	   3.655	   3.662	   3.629	   3.656	         673300	      3.685	      3.716	      3.753	      3.760	           	      0.000	   6733.000	  14274.200	  51301.898	     -0.026	     -0.013	     -0.026	
 2017/05/10	   3.656	   3.672	   3.644	   3.645	        1592100	      3.670	      3.706	      3.744	      3.758	           	      0.000	  15921.000	  16427.801	  51536.500	     -0.030	     -0.017	     -0.027	
 2017/05/11	   3.636	   3.666	   3.622	   3.659	        1795000	      3.660	      3.696	      3.736	      3.757	           	      0.000	  17950.000	  18926.801	  52355.000	     -0.031	     -0.019	     -0.024	
 2017/05/12	   3.660	   3.697	   3.658	   3.685	        2036100	      3.661	      3.689	      3.729	      3.756	           	      0.000	  20361.000	  16936.199	  53721.000	     -0.030	     -0.022	     -0.017	
 2017/05/15	   3.695	   3.721	   3.695	   3.717	        1247600	      3.672	      3.687	      3.724	      3.756	           	      0.000	  12476.000	  14688.200	  14025.900	     -0.026	     -0.022	     -0.007	
 2017/05/16	   3.709	   3.748	   3.693	   3.747	         470800	      3.691	      3.688	      3.722	      3.756	           	      0.000	   4708.000	  14283.200	  14278.700	     -0.020	     -0.022	      0.004	
 2017/05/17	   3.742	   3.747	   3.725	   3.727	         529436	      3.707	      3.688	      3.720	      3.756	           	      0.000	   5294.360	  12157.872	  14292.836	     -0.017	     -0.021	      0.008	
 2017/05/18	   3.709	   3.725	   3.699	   3.710	         225400	      3.717	      3.689	      3.717	      3.755	           	      0.000	   2254.000	   9018.672	  13972.736	     -0.016	     -0.020	      0.008	
 2017/05/19	   3.719	   3.719	   3.704	   3.711	         642700	      3.722	      3.691	      3.714	      3.754	           	      0.000	   6427.000	   6231.872	  11584.036	     -0.014	     -0.019	      0.009	
 2017/05/22	   3.711	   3.737	   3.705	   3.722	        1871300	      3.723	      3.698	      3.712	      3.753	           	      0.000	  18713.000	   7479.272	  11083.736	     -0.012	     -0.018	      0.010	
 2017/05/23	   3.714	   3.745	   3.713	   3.735	        5674900	      3.721	      3.706	      3.711	      3.752	           	      0.000	  56749.000	  17887.473	  16085.336	     -0.010	     -0.016	      0.013	
 2017/05/24	   3.734	   3.734	   3.700	   3.733	        2272300	      3.722	      3.715	      3.710	      3.751	           	      0.000	  22723.000	  21373.199	  16765.535	     -0.007	     -0.014	      0.014	
 2017/05/25	   3.733	   3.814	   3.725	   3.802	        5798600	      3.741	      3.729	      3.713	      3.752	           	      0.000	  57986.000	  32519.600	  20769.137	     -0.000	     -0.011	      0.023	
 2017/05/26	   3.802	   3.815	   3.785	   3.796	        3748100	      3.758	      3.740	      3.715	      3.753	           	      0.000	  37481.000	  38730.398	  22481.137	      0.005	     -0.008	      0.026	
 2017/05/31	   3.810	   3.840	   3.799	   3.815	        7246900	      3.776	      3.750	      3.718	      3.754	           	      0.000	  72469.000	  49481.602	  28480.436	      0.011	     -0.004	      0.030	
 2017/06/01	   3.805	   3.822	   3.803	   3.816	         531100	      3.792	      3.757	      3.722	      3.755	           	      0.000	   5311.000	  39194.000	  28540.736	      0.015	     -0.001	      0.031	
 2017/06/02	   3.815	   3.817	   3.790	   3.803	         757700	      3.806	      3.764	      3.726	      3.756	           	      0.000	   7577.000	  36164.801	  28769.000	      0.017	      0.003	      0.028	
 2017/06/05	   3.803	   3.808	   3.780	   3.786	        1023200	      3.803	      3.772	      3.730	      3.757	           	      0.000	  10232.000	  26614.000	  29566.801	      0.017	      0.006	      0.023	
 2017/06/06	   3.790	   3.812	   3.786	   3.812	        5165600	      3.806	      3.782	      3.737	      3.758	           	      0.000	  51656.000	  29449.000	  34089.699	      0.019	      0.009	      0.021	
 2017/06/07	   3.813	   3.862	   3.813	   3.855	        3654600	      3.814	      3.795	      3.747	      3.759	           	      0.000	  36546.000	  22264.400	  35873.000	      0.024	      0.012	      0.025	
 2017/06/08	   3.856	   3.890	   3.854	   3.882	       10015100	      3.828	      3.810	      3.758	      3.762	           	      0.000	 100151.000	  41232.398	  40213.199	      0.030	      0.015	      0.029	
 2017/06/09	   3.882	   3.920	   3.882	   3.906	        7055300	      3.848	      3.827	      3.771	      3.765	           	      0.000	  70553.000	  53827.602	  44996.199	      0.036	      0.019	      0.033	
 2017/06/12	   3.900	   3.935	   3.898	   3.903	        5410883	      3.872	      3.837	      3.783	      3.767	           	      0.000	  54108.828	  62602.965	  44608.484	      0.040	      0.023	      0.033	
 2017/06/13	   3.907	   3.918	   3.893	   3.911	        4147782	      3.891	      3.849	      3.794	      3.770	           	      0.000	  41477.820	  60567.328	  45008.164	      0.043	      0.027	      0.031	
 2017/06/14	   3.911	   3.911	   3.866	   3.872	        2512200	      3.895	      3.855	      3.802	      3.771	           	      0.000	  25122.000	  58282.531	  40273.465	      0.042	      0.030	      0.024	
 2017/06/15	   3.873	   3.878	   3.845	   3.864	         523001	      3.891	      3.859	      3.808	      3.773	           	      0.000	   5230.010	  39298.332	  40265.367	      0.040	      0.032	      0.016	
 2017/06/16	   3.870	   3.880	   3.852	   3.857	        1387800	      3.881	      3.865	      3.815	      3.775	           	      0.000	  13878.000	  27963.332	  40895.465	      0.038	      0.033	      0.009	
 2017/06/19	   3.867	   3.901	   3.867	   3.894	        3806800	      3.880	      3.876	      3.824	      3.777	           	      0.000	  38068.000	  24755.166	  43679.066	      0.038	      0.034	      0.008	
 2017/06/20	   3.901	   3.909	   3.884	   3.890	        2402200	      3.875	      3.883	      3.833	      3.779	           	      0.000	  24022.000	  21264.002	  40915.664	      0.038	      0.035	      0.006	
 2017/06/21	   3.910	   3.933	   3.887	   3.929	        8193015	      3.887	      3.891	      3.843	      3.782	           	      0.000	  81930.148	  32625.631	  45454.082	      0.040	      0.036	      0.009	
 2017/06/22	   3.929	   3.985	   3.929	   3.938	        1180400	      3.902	      3.896	      3.853	      3.785	           	      0.000	  11804.000	  33940.430	  36619.379	      0.042	      0.037	      0.010	
 2017/06/23	   3.939	   3.976	   3.919	   3.974	        5885700	      3.925	      3.903	      3.865	      3.788	           	      0.000	  58857.000	  42936.230	  35449.781	      0.047	      0.039	      0.015	
 2017/06/26	   3.945	   4.029	   3.945	   4.016	        6314600	      3.949	      3.914	      3.876	      3.792	           	      0.000	  63146.000	  47951.828	  36353.496	      0.053	      0.042	      0.021	
 2017/06/27	   4.014	   4.034	   4.000	   4.024	        2403200	      3.976	      3.926	      3.887	      3.796	           	      0.000	  24032.000	  47953.828	  34608.914	      0.057	      0.045	      0.025	
 2017/06/28	   4.024	   4.026	   3.997	   4.004	        1772450	      3.991	      3.939	      3.897	      3.800	           	      0.000	  17724.500	  35112.699	  33869.164	      0.059	      0.048	      0.022	
 2017/06/29	   4.007	   4.027	   3.997	   4.022	        2130200	      4.008	      3.955	      3.907	      3.804	           	      0.000	  21302.000	  37012.301	  35476.363	      0.061	      0.050	      0.021	
 2017/06/30	   4.012	   4.026	   4.002	   4.020	        3501900	      4.017	      3.971	      3.918	      3.809	           	      0.000	  35019.000	  32244.699	  37590.465	      0.061	      0.053	      0.018	
 2017/07/03	   4.030	   4.030	   3.986	   4.007	        2761200	      4.015	      3.982	      3.929	      3.812	           	      0.000	  27612.000	  25137.900	  36544.863	      0.060	      0.054	      0.012	
 2017/07/04	   4.002	   4.002	   3.968	   3.969	         367300	      4.004	      3.990	      3.937	      3.814	           	      0.000	   3673.000	  21066.100	  34509.965	      0.056	      0.054	      0.002	
 2017/07/05	   3.964	   4.021	   3.964	   4.014	        1220600	      4.006	      3.999	      3.945	      3.817	           	      0.000	  12206.000	  19962.400	  27537.551	      0.055	      0.054	      0.001	
 2017/07/06	   4.023	   4.026	   3.996	   4.026	        2651400	      4.007	      4.008	      3.952	      3.821	           	      0.000	  26514.000	  21004.801	  29008.551	      0.055	      0.054	      0.000	
 2017/07/07	   4.021	   4.024	   4.001	   4.018	         541600	      4.007	      4.012	      3.958	      3.824	           	      0.000	   5416.000	  15084.200	  23664.449	      0.053	      0.054	     -0.002	
 2017/07/10	   4.026	   4.036	   4.011	   4.018	        1210600	      4.009	      4.012	      3.963	      3.827	           	      0.000	  12106.000	  11983.000	  18560.449	      0.051	      0.054	     -0.004	
 2017/07/11	   4.025	   4.076	   4.014	   4.047	        1022500	      4.025	      4.015	      3.970	      3.831	           	      0.000	  10225.000	  13293.400	  17179.750	      0.052	      0.053	     -0.003	
 2017/07/12	   4.046	   4.066	   4.011	   4.029	        5471100	      4.028	      4.017	      3.978	      3.835	           	      0.000	  54711.000	  21794.400	  20878.400	      0.050	      0.053	     -0.005	
 2017/07/13	   4.026	   4.068	   4.025	   4.064	        3298500	      4.035	      4.021	      3.988	      3.839	           	      0.000	  32985.000	  23088.600	  22046.699	      0.051	      0.052	     -0.003	
 2017/07/14	   4.073	   4.090	   4.057	   4.085	        1186300	      4.049	      4.028	      3.999	      3.845	           	      0.000	  11863.000	  24378.000	  19731.100	      0.053	      0.052	      0.001	
 2017/07/17	   4.090	   4.098	   4.010	   4.059	        9591900	      4.057	      4.033	      4.008	      3.850	           	      0.000	  95919.000	  41140.602	  26561.801	      0.051	      0.052	     -0.002	
 2017/07/18	   4.039	   4.050	   4.000	   4.042	       11486000	      4.056	      4.040	      4.015	      3.854	           	      0.000	 114860.000	  62067.602	  37680.500	      0.048	      0.051	     -0.006	
 2017/07/19	   4.041	   4.122	   4.038	   4.119	        7483900	      4.074	      4.051	      4.025	      3.860	           	      0.000	  74839.000	  66093.203	  43943.801	      0.052	      0.052	      0.000	
 2017/07/20	   4.118	   4.142	   4.109	   4.135	        5717172	      4.088	      4.062	      4.035	      3.866	           	      0.000	  57171.719	  70930.547	  47009.570	      0.055	      0.052	      0.006	
 2017/07/21	   4.125	   4.144	   4.112	   4.113	        4741800	      4.094	      4.071	      4.042	      3.872	           	      0.000	  47418.000	  78041.547	  51209.773	      0.055	      0.053	      0.005	
 2017/07/24	   4.114	   4.147	   4.112	   4.135	        1330000	      4.109	      4.083	      4.048	      3.879	           	      0.000	  13300.000	  61517.742	  51329.172	      0.056	      0.054	      0.006	
 2017/07/25	   4.135	   4.139	   4.105	   4.114	        5473400	      4.123	      4.089	      4.052	      3.885	           	      0.000	  54734.000	  49492.543	  55780.070	      0.055	      0.054	      0.003	
 2017/07/26	   4.114	   4.126	   4.074	   4.090	        3218200	      4.117	      4.096	      4.056	      3.890	           	      0.000	  32182.000	  40961.145	  53527.172	      0.052	      0.053	     -0.004	
 2017/07/27	   4.089	   4.106	   4.065	   4.106	        5433800	      4.112	      4.100	      4.061	      3.897	           	      0.000	  54338.000	  40394.398	  55662.473	      0.049	      0.053	     -0.006	
 2017/07/28	   4.092	   4.115	   4.086	   4.114	        2612900	      4.112	      4.103	      4.065	      3.903	           	      0.000	  26129.000	  36136.602	  57089.070	      0.048	      0.052	     -0.008	
 2017/07/31	   4.114	   4.140	   4.101	   4.128	        1239500	      4.110	      4.110	      4.071	      3.910	           	      0.000	  12395.000	  35955.602	  48736.672	      0.047	      0.051	     -0.007	
 2017/08/01	   4.137	   4.160	   4.128	   4.158	        6019200	      4.119	      4.121	      4.081	      3.918	           	      0.000	  60192.000	  37047.199	  43269.871	      0.048	      0.050	     -0.004	
 2017/08/02	   4.168	   4.177	   4.151	   4.152	        6420800	      4.132	      4.124	      4.088	      3.926	           	      0.000	  64208.000	  43452.398	  42206.773	      0.048	      0.050	     -0.003	
 2017/08/03	   4.156	   4.162	   4.110	   4.116	        5980800	      4.134	      4.123	      4.092	      3.934	           	      0.000	  59808.000	  44546.398	  42470.398	      0.045	      0.049	     -0.008	
 2017/08/04	   4.121	   4.131	   4.095	   4.095	        1139900	      4.130	      4.121	      4.096	      3.941	           	      0.000	  11399.000	  41600.398	  38868.500	      0.040	      0.047	     -0.014	
 2017/08/07	   4.095	   4.125	   4.082	   4.121	        2028400	      4.128	      4.119	      4.101	      3.949	           	      0.000	  20284.000	  43178.199	  39566.898	      0.038	      0.045	     -0.015	
 2017/08/08	   4.121	   4.131	   4.111	   4.119	        2815300	      4.121	      4.120	      4.105	      3.956	           	      0.000	  28153.000	  36770.398	  36908.801	      0.036	      0.043	     -0.015	
 2017/08/09	   4.119	   4.133	   4.102	   4.121	        2589000	      4.114	      4.123	      4.109	      3.963	           	      0.000	  25890.000	  29106.801	  36279.602	      0.034	      0.041	     -0.016	
 2017/08/10	   4.112	   4.140	   4.081	   4.105	        5175500	      4.112	      4.123	      4.111	      3.969	           	      0.000	  51755.000	  27496.199	  36021.301	      0.030	      0.039	     -0.018	
 2017/08/11	   4.091	   4.097	   4.036	   4.043	        3304600	      4.102	      4.116	      4.109	      3.974	           	      0.000	  33046.000	  31825.600	  36713.000	      0.022	      0.036	     -0.027	
 2017/08/14	   4.036	   4.092	   4.036	   4.082	        1687400	      4.094	      4.111	      4.110	      3.981	           	      0.000	  16874.000	  31143.600	  37160.898	      0.019	      0.033	     -0.027	
 2017/08/15	   4.084	   4.114	   4.084	   4.093	        4337000	      4.089	      4.105	      4.113	      3.987	           	      0.000	  43370.000	  34187.000	  35478.699	      0.017	      0.029	     -0.024	
 2017/08/16	   4.090	   4.100	   4.070	   4.089	        1880300	      4.082	      4.098	      4.111	      3.993	           	      0.000	  18803.000	  32769.602	  30938.199	      0.015	      0.027	     -0.023	
 2017/08/17	   4.095	   4.119	   4.095	   4.115	        1579900	      4.084	      4.098	      4.110	      3.999	           	      0.000	  15799.000	  25578.400	  26537.301	      0.016	      0.024	     -0.018	
 2017/08/18	   4.108	   4.127	   4.097	   4.125	         398000	      4.101	      4.101	      4.111	      4.006	           	      0.000	   3980.000	  19765.199	  25795.400	      0.016	      0.023	     -0.013	
 2017/08/21	   4.127	   4.141	   4.121	   4.134	       10305900	      4.111	      4.103	      4.111	      4.011	           	      0.000	 103059.000	  37002.199	  34072.898	      0.018	      0.022	     -0.008	
 2017/08/22	   4.138	   4.152	   4.129	   4.146	        8971200	      4.122	      4.105	      4.113	      4.017	           	      0.000	  89712.000	  46270.602	  40228.801	      0.019	      0.021	     -0.004	
 2017/08/23	   4.146	   4.170	   4.140	   4.149	        1384800	      4.134	      4.108	      4.116	      4.023	           	      0.000	  13848.000	  45279.602	  39024.602	      0.021	      0.021	     -0.001	
 2017/08/24	   4.163	   4.163	   4.128	   4.135	         295500	      4.138	      4.111	      4.117	      4.028	           	      0.000	   2955.000	  42710.801	  34144.602	      0.020	      0.021	     -0.001	
 2017/08/25	   4.137	   4.205	   4.136	   4.203	        3963500	      4.153	      4.127	      4.121	      4.035	           	      0.000	  39635.000	  49841.801	  34803.500	      0.025	      0.022	      0.007	
 2017/08/28	   4.205	   4.278	   4.205	   4.243	        4679800	      4.175	      4.143	      4.127	      4.042	           	      0.000	  46798.000	  38589.602	  37795.898	      0.032	      0.024	      0.016	
 2017/08/29	   4.245	   4.254	   4.235	   4.237	        4994700	      4.193	      4.158	      4.131	      4.050	           	      0.000	  49947.000	  30636.600	  38453.602	      0.037	      0.026	      0.020	
 2017/08/30	   4.245	   4.264	   4.235	   4.235	        1245300	      4.211	      4.172	      4.135	      4.056	           	      0.000	  12453.000	  30357.600	  37818.602	      0.040	      0.029	      0.021	
 2017/08/31	   4.237	   4.247	   4.209	   4.232	        1074400	      4.230	      4.184	      4.141	      4.062	           	      0.000	  10744.000	  31915.400	  37313.102	      0.041	      0.032	      0.019	
 2017/09/01	   4.232	   4.251	   4.225	   4.243	        2376000	      4.238	      4.196	      4.148	      4.067	           	      0.000	  23760.000	  28740.400	  39291.102	      0.043	      0.034	      0.018	
 2017/09/04	   4.242	   4.248	   4.224	   4.248	        1230700	      4.239	      4.207	      4.155	      4.073	           	      0.000	  12307.000	  21842.199	  30215.900	      0.044	      0.036	      0.016	
 2017/09/05	   4.258	   4.271	   4.247	   4.263	        3131800	      4.244	      4.219	      4.162	      4.079	           	      0.000	  31318.000	  18116.400	  24376.500	      0.046	      0.038	      0.016	
 2017/09/06	   4.264	   4.275	   4.244	   4.258	        5035600	      4.249	      4.230	      4.169	      4.085	           	      0.000	  50356.000	  25697.000	  28027.301	      0.046	      0.039	      0.013	
 2017/09/07	   4.273	   4.307	   4.235	   4.235	        1581600	      4.249	      4.240	      4.175	      4.092	           	      0.000	  15816.000	  26711.400	  29313.400	      0.044	      0.040	      0.007	
 2017/09/08	   4.203	   4.256	   4.203	   4.229	        2381700	      4.247	      4.242	      4.185	      4.098	           	      0.000	  23817.000	  26722.801	  27731.600	      0.041	      0.041	      0.002	
 2017/09/11	   4.228	   4.263	   4.228	   4.237	        1769400	      4.244	      4.242	      4.192	      4.103	           	      0.000	  17694.000	  27800.199	  24821.199	      0.040	      0.040	     -0.002	
 2017/09/12	   4.237	   4.264	   4.234	   4.243	         573500	      4.240	      4.242	      4.200	      4.109	           	      0.000	   5735.000	  22683.600	  20400.000	      0.038	      0.040	     -0.004	
 2017/09/13	   4.238	   4.258	   4.234	   4.252	        2957700	      4.239	      4.244	      4.208	      4.115	           	      0.000	  29577.000	  18527.801	  22112.400	      0.037	      0.039	     -0.004	
 2017/09/14	   4.255	   4.267	   4.231	   4.237	         765900	      4.240	      4.245	      4.214	      4.120	           	      0.000	   7659.000	  16896.400	  21803.900	      0.035	      0.038	     -0.007	
 2017/09/15	   4.241	   4.249	   4.222	   4.235	         965200	      4.241	      4.244	      4.220	      4.124	           	      0.000	   9652.000	  14063.400	  20393.100	      0.033	      0.037	     -0.009	
 2017/09/18	   4.240	   4.279	   4.240	   4.262	         964200	      4.246	      4.245	      4.226	      4.128	           	      0.000	   9642.000	  12453.000	  20126.600	      0.033	      0.036	     -0.008	
 2017/09/19	   4.262	   4.271	   4.223	   4.234	        4375400	      4.244	      4.242	      4.231	      4.132	           	      0.000	  43754.000	  20056.801	  21370.199	      0.030	      0.035	     -0.010	
 2017/09/20	   4.244	   4.258	   4.236	   4.248	        1370000	      4.243	      4.241	      4.235	      4.136	           	      0.000	  13700.000	  16881.400	  17704.600	      0.029	      0.034	     -0.010	
 2017/09/21	   4.248	   4.266	   4.241	   4.243	        1952600	      4.244	      4.242	      4.241	      4.139	           	      0.000	  19526.000	  19254.801	  18075.600	      0.027	      0.032	     -0.011	
 2017/09/22	   4.242	   4.246	   4.221	   4.236	        1795900	      4.245	      4.243	      4.242	      4.143	           	      0.000	  17959.000	  20916.199	  17489.801	      0.025	      0.031	     -0.012	
 2017/09/25	   4.243	   4.243	   4.216	   4.221	        3623000	      4.236	      4.241	      4.241	      4.147	           	      0.000	  36230.000	  26233.801	  19343.400	      0.021	      0.029	     -0.015	
 2017/09/26	   4.210	   4.233	   4.210	   4.219	        2991000	      4.233	      4.239	      4.240	      4.151	           	      0.000	  29910.000	  23465.000	  21760.900	      0.018	      0.027	     -0.017	
 2017/09/27	   4.225	   4.237	   4.223	   4.228	        3776600	      4.229	      4.236	      4.240	      4.154	           	      0.000	  37766.000	  28278.199	  22579.801	      0.017	      0.025	     -0.016	
 2017/09/28	   4.228	   4.232	   4.217	   4.227	        1965500	      4.226	      4.235	      4.240	      4.158	           	      0.000	  19655.000	  28304.000	  23779.400	      0.015	      0.023	     -0.016	
 2017/09/29	   4.240	   4.265	   4.237	   4.263	        1648400	      4.232	      4.238	      4.241	      4.162	           	      0.000	  16484.000	  28009.000	  24462.600	      0.016	      0.022	     -0.010	
 2017/10/09	   4.312	   4.330	   4.289	   4.300	        1495600	      4.247	      4.242	      4.244	      4.166	           	      0.000	  14956.000	  23754.199	  24994.000	      0.020	      0.021	     -0.002	
 2017/10/10	   4.301	   4.313	   4.272	   4.304	        6130400	      4.264	      4.249	      4.246	      4.171	           	      0.000	  61304.000	  30033.000	  26749.000	      0.023	      0.022	      0.003	
 2017/10/11	   4.304	   4.325	   4.295	   4.314	        1258300	      4.282	      4.255	      4.248	      4.176	           	      0.000	  12583.000	  24996.400	  26637.301	      0.026	      0.023	      0.007	
 2017/10/12	   4.327	   4.330	   4.310	   4.325	        1770600	      4.301	      4.264	      4.253	      4.180	           	      0.000	  17706.000	  24606.600	  26455.301	      0.029	      0.024	      0.011	
 2017/10/13	   4.327	   4.340	   4.322	   4.340	        1466300	      4.317	      4.274	      4.258	      4.184	           	      0.000	  14663.000	  24242.400	  26125.699	      0.032	      0.026	      0.013	
 2017/10/16	   4.341	   4.360	   4.325	   4.330	        4275300	      4.323	      4.285	      4.263	      4.189	           	      0.000	  42753.000	  29801.801	  26778.000	      0.034	      0.027	      0.013	
 2017/10/17	   4.330	   4.338	   4.314	   4.324	        1288772	      4.327	      4.295	      4.267	      4.193	           	      0.000	  12887.720	  20118.543	  25075.771	      0.034	      0.029	      0.011	
 2017/10/18	   4.328	   4.350	   4.325	   4.348	        4316200	      4.333	      4.307	      4.272	      4.197	           	      0.000	  43162.000	  26234.344	  25615.371	      0.035	      0.030	      0.011	
 2017/10/19	   4.360	   4.360	   4.336	   4.340	         644800	      4.336	      4.319	      4.277	      4.201	           	      0.000	   6448.000	  23982.744	  24294.672	      0.036	      0.031	      0.009	
 2017/10/20	   4.339	   4.340	   4.325	   4.336	        3209174	      4.336	      4.326	      4.282	      4.204	           	      0.000	  32091.740	  27468.492	  25855.445	      0.035	      0.032	      0.007	
 2017/10/23	   4.347	   4.350	   4.335	   4.341	        5268800	      4.338	      4.330	      4.286	      4.208	           	      0.000	  52688.000	  29455.492	  29628.646	      0.035	      0.032	      0.005	
 2017/10/24	   4.351	   4.372	   4.331	   4.369	        4131800	      4.347	      4.337	      4.293	      4.212	           	      0.000	  41318.000	  35141.547	  27630.047	      0.036	      0.033	      0.006	
 2017/10/25	   4.378	   4.396	   4.365	   4.385	        4845300	      4.354	      4.344	      4.300	      4.217	           	      0.000	  48453.000	  36199.750	  31217.047	      0.038	      0.034	      0.008	
 2017/10/26	   4.393	   4.437	   4.390	   4.405	        5183900	      4.367	      4.352	      4.308	      4.222	           	      0.000	  51839.000	  45277.949	  34630.348	      0.041	      0.036	      0.011	
 2017/10/27	   4.407	   4.442	   4.405	   4.437	        6194500	      4.387	      4.361	      4.318	      4.227	           	      0.000	  61945.000	  51248.602	  39358.547	      0.045	      0.038	      0.016	
 2017/10/30	   4.439	   4.454	   4.383	   4.415	        6077900	      4.402	      4.370	      4.327	      4.232	           	      0.000	  60779.000	  52866.801	  41161.145	      0.046	      0.039	      0.014	
 2017/10/31	   4.415	   4.429	   4.399	   4.427	        9270800	      4.414	      4.380	      4.338	      4.237	           	      0.000	  92708.000	  63144.801	  49143.176	      0.048	      0.041	      0.013	
 2017/11/01	   4.422	   4.457	   4.403	   4.404	        2975400	      4.418	      4.386	      4.347	      4.241	           	      0.000	  29754.000	  59405.000	  47802.375	      0.046	      0.042	      0.008	
 2017/11/02	   4.415	   4.418	   4.391	   4.413	         399700	      4.419	      4.393	      4.356	      4.246	           	      0.000	   3997.000	  49836.602	  47557.273	      0.045	      0.043	      0.005	
 2017/11/03	   4.413	   4.416	   4.381	   4.410	         627300	      4.414	      4.401	      4.363	      4.251	           	      0.000	   6273.000	  38702.199	  44975.398	      0.044	      0.043	      0.002	
 2017/11/06	   4.409	   4.436	   4.395	   4.431	        3101300	      4.417	      4.410	      4.370	      4.256	           	      0.000	  31013.000	  32749.000	  42807.898	      0.044	      0.043	      0.002	
 2017/11/07	   4.441	   4.490	   4.441	   4.477	        4144500	      4.427	      4.420	      4.379	      4.262	           	      0.000	  41445.000	  22496.400	  42820.602	      0.047	      0.044	      0.006	
 2017/11/08	   4.476	   4.521	   4.463	   4.464	       11969700	      4.439	      4.428	      4.386	      4.268	           	      0.000	 119697.000	  40485.000	  49945.000	      0.048	      0.045	      0.007	
 2017/11/09	   4.464	   4.499	   4.460	   4.495	        6685254	      4.455	      4.437	      4.395	      4.274	           	      0.000	  66852.539	  53056.109	  51446.355	      0.051	      0.046	      0.009	
 2017/11/10	   4.504	   4.557	   4.496	   4.543	       10608300	      4.482	      4.448	      4.405	      4.283	           	      0.000	 106083.000	  73018.109	  55860.152	      0.056	      0.048	      0.016	
 2017/11/13	   4.555	   4.570	   4.548	   4.554	        3692800	      4.507	      4.462	      4.416	      4.290	           	      0.000	  36928.000	  74201.109	  53475.055	      0.060	      0.050	      0.020	
 2017/11/14	   4.561	   4.561	   4.513	   4.525	        1878900	      4.516	      4.472	      4.426	      4.298	           	      0.000	  18789.000	  69669.906	  46083.152	      0.061	      0.053	      0.017	
 2017/11/15	   4.513	   4.532	   4.482	   4.495	        4959400	      4.522	      4.481	      4.433	      4.304	           	      0.000	  49594.000	  55649.309	  48067.152	      0.058	      0.054	      0.009	
 2017/11/16	   4.499	   4.536	   4.493	   4.532	        1083745	      4.530	      4.493	      4.443	      4.311	           	      0.000	  10837.450	  44446.289	  48751.199	      0.058	      0.055	      0.007	
 2017/11/17	   4.532	   4.550	   4.508	   4.541	        2356700	      4.529	      4.506	      4.453	      4.318	           	      0.000	  23567.000	  27943.090	  50480.598	      0.058	      0.055	      0.006	
 2017/11/20	   4.536	   4.576	   4.494	   4.576	        3886000	      4.534	      4.520	      4.465	      4.326	           	      0.000	  38860.000	  28329.490	  51265.301	      0.061	      0.056	      0.009	
 2017/11/21	   4.569	   4.660	   4.565	   4.659	        3723700	      4.561	      4.538	      4.479	      4.334	           	      0.000	  37237.000	  32019.090	  50844.500	      0.068	      0.059	      0.019	
 2017/11/22	   4.667	   4.700	   4.630	   4.654	        3603500	      4.592	      4.557	      4.493	      4.343	           	      0.000	  36035.000	  29307.289	  42478.301	      0.073	      0.062	      0.023	
 2017/11/23	   4.658	   4.658	   4.516	   4.522	        7098000	      4.590	      4.560	      4.499	      4.349	           	      0.000	  70980.000	  41335.801	  42891.047	      0.066	      0.063	      0.006	
 2017/11/24	   4.522	   4.546	   4.483	   4.528	        4291900	      4.588	      4.559	      4.503	      4.355	           	      0.000	  42919.000	  45206.199	  36574.645	      0.060	      0.062	     -0.005	
 2017/11/27	   4.517	   4.522	   4.449	   4.452	        3061400	      4.563	      4.548	      4.505	      4.358	           	      0.000	  30614.000	  43557.000	  35943.246	      0.048	      0.059	     -0.022	
 2017/11/28	   4.452	   4.483	   4.437	   4.460	        3360947	      4.523	      4.542	      4.507	      4.362	           	      0.000	  33609.469	  42831.492	  37425.293	      0.039	      0.055	     -0.032	
 2017/11/29	   4.481	   4.489	   4.421	   4.466	        5779684	      4.486	      4.539	      4.510	      4.366	           	      0.000	  57796.840	  47183.863	  38245.574	      0.032	      0.050	     -0.037	
 2017/11/30	   4.479	   4.479	   4.412	   4.423	        2626500	      4.466	      4.528	      4.510	      4.369	           	      0.000	  26265.000	  38240.863	  39788.332	      0.023	      0.045	     -0.045	
 2017/12/01	   4.422	   4.447	   4.402	   4.410	        2076000	      4.442	      4.515	      4.510	      4.372	           	      0.000	  20760.000	  33809.063	  39507.633	      0.014	      0.039	     -0.049	
 2017/12/04	   4.410	   4.452	   4.398	   4.431	        2085000	      4.438	      4.500	      4.510	      4.375	           	      0.000	  20850.000	  31856.262	  37706.633	      0.009	      0.033	     -0.048	
 2017/12/05	   4.432	   4.470	   4.422	   4.459	        3010000	      4.438	      4.481	      4.509	      4.378	           	      0.000	  30100.000	  31154.367	  36992.930	      0.007	      0.028	     -0.041	
 2017/12/06	   4.455	   4.455	   4.390	   4.435	         856700	      4.432	      4.459	      4.508	      4.381	           	      0.000	   8567.000	  21308.400	  34246.133	      0.003	      0.023	     -0.039	
 2017/12/07	   4.430	   4.440	   4.367	   4.396	        1465878	      4.426	      4.446	      4.503	      4.383	           	      0.000	  14658.780	  18987.156	  28614.010	     -0.002	      0.018	     -0.040	
 2017/12/08	   4.383	   4.480	   4.375	   4.446	        4423800	      4.433	      4.438	      4.498	      4.387	           	      0.000	  44238.000	  23682.756	  28745.908	     -0.003	      0.014	     -0.033	
 2017/12/11	   4.395	   4.495	   4.395	   4.495	        2349600	      4.446	      4.442	      4.495	      4.391	           	      0.000	  23496.000	  24211.957	  28034.109	      0.000	      0.011	     -0.021	
 2017/12/12	   4.495	   4.495	   4.430	   4.431	         544100	      4.441	      4.439	      4.491	      4.395	           	      0.000	   5441.000	  19280.156	  25217.262	     -0.002	      0.008	     -0.021	
 2017/12/13	   4.430	   4.470	   4.422	   4.460	        1637000	      4.446	      4.439	      4.489	      4.398	           	      0.000	  16370.000	  20840.756	  21074.578	     -0.002	      0.006	     -0.016	
 2017/12/14	   4.458	   4.473	   4.422	   4.441	         291300	      4.455	      4.440	      4.484	      4.401	           	      0.000	   2913.000	  18491.600	  18739.379	     -0.003	      0.005	     -0.014	
 2017/12/15	   4.441	   4.441	   4.389	   4.396	        3051300	      4.445	      4.439	      4.477	      4.404	           	      0.000	  30513.000	  15746.600	  19714.678	     -0.007	      0.002	     -0.019	
 2017/12/18	   4.390	   4.416	   4.380	   4.398	        1674500	      4.425	      4.436	      4.468	      4.406	           	      0.000	  16745.000	  14396.400	  19304.178	     -0.010	     -0.000	     -0.020	
 2017/12/19	   4.395	   4.452	   4.395	   4.442	        1938800	      4.427	      4.434	      4.457	      4.410	           	      0.000	  19388.000	  17185.801	  18232.979	     -0.009	     -0.002	     -0.014	
 2017/12/20	   4.442	   4.450	   4.432	   4.435	        1595967	      4.422	      4.434	      4.446	      4.413	           	      0.000	  15959.670	  17103.734	  18972.244	     -0.009	     -0.003	     -0.011	
 2017/12/21	   4.435	   4.497	   4.427	   4.481	        3123100	      4.430	      4.443	      4.444	      4.417	           	      0.000	  31231.000	  22767.334	  20629.467	     -0.005	     -0.004	     -0.002	
 2017/12/22	   4.480	   4.494	   4.460	   4.463	        1155600	      4.444	      4.444	      4.441	      4.421	           	      0.000	  11556.000	  18975.934	  17361.268	     -0.003	     -0.004	      0.001	
 2017/12/25	   4.463	   4.499	   4.435	   4.453	        1246600	      4.455	      4.440	      4.441	      4.425	           	      0.000	  12466.000	  18120.135	  16258.267	     -0.002	     -0.003	      0.002	
 2017/12/26	   4.447	   4.477	   4.432	   4.468	        1165400	      4.460	      4.444	      4.441	      4.429	           	      0.000	  11654.000	  16573.334	  16879.566	     -0.001	     -0.003	      0.004	
 2017/12/27	   4.462	   4.464	   4.388	   4.396	        2190400	      4.452	      4.437	      4.438	      4.431	           	      0.000	  21904.000	  17762.199	  17432.967	     -0.005	     -0.003	     -0.003	
 2017/12/28	   4.399	   4.444	   4.388	   4.420	        2217900	      4.440	      4.435	      4.438	      4.435	           	      0.000	  22179.000	  15951.800	  19359.566	     -0.006	     -0.004	     -0.005	
 2017/12/29	   4.439	   4.449	   4.420	   4.436	        1188079	      4.435	      4.439	      4.439	      4.438	           	      0.000	  11880.790	  16016.758	  17496.346	     -0.006	     -0.004	     -0.004	
 2018/01/02	   4.459	   4.511	   4.458	   4.501	        2393450	      4.444	      4.450	      4.443	      4.441	           	      0.000	  23934.500	  18310.457	  18215.297	     -0.001	     -0.004	      0.006	
 2018/01/03	   4.501	   4.562	   4.501	   4.525	        1540800	      4.456	      4.458	      4.446	      4.445	           	      0.000	  15408.000	  19061.258	  17817.297	      0.005	     -0.002	      0.014	
 2018/01/04	   4.535	   4.553	   4.522	   4.537	        4557000	      4.484	      4.468	      4.451	      4.448	           	      0.000	  45570.000	  23794.457	  20778.328	      0.011	      0.001	      0.021	
 2018/01/05	   4.544	   4.580	   4.536	   4.568	        8483700	      4.513	      4.477	      4.460	      4.452	           	      0.000	  84837.000	  36326.059	  26138.930	      0.018	      0.004	      0.027	
 2018/01/08	   4.558	   4.591	   4.548	   4.572	        6283600	      4.541	      4.488	      4.466	      4.456	           	      0.000	  62836.000	  46517.102	  31266.930	      0.023	      0.008	      0.031	
 2018/01/09	   4.579	   4.613	   4.571	   4.613	        5597400	      4.563	      4.504	      4.472	      4.461	           	      0.000	  55974.000	  52925.000	  35617.730	      0.031	      0.013	      0.036	
 2018/01/10	   4.613	   4.630	   4.596	   4.630	        5899700	      4.584	      4.520	      4.482	      4.466	           	      0.000	  58997.000	  61642.801	  40352.027	      0.037	      0.018	      0.040	
 2018/01/11	   4.625	   4.636	   4.606	   4.619	        3698809	      4.600	      4.542	      4.490	      4.471	           	      0.000	  36988.090	  59926.418	  41860.438	      0.041	      0.022	      0.038	
 2018/01/12	   4.619	   4.653	   4.619	   4.653	        6589600	      4.617	      4.565	      4.500	      4.476	           	      0.000	  65896.000	  56138.219	  46232.137	      0.047	      0.027	      0.039	
 2018/01/15	   4.651	   4.685	   4.621	   4.640	        3969117	      4.631	      4.586	      4.512	      4.481	           	      0.000	  39691.172	  51509.254	  49013.176	      0.049	      0.032	      0.035	
 2018/01/16	   4.640	   4.680	   4.640	   4.675	        5058809	      4.643	      4.603	      4.526	      4.486	           	      0.000	  50588.090	  50432.070	  51678.535	      0.054	      0.036	      0.035	
 2018/01/17	   4.675	   4.706	   4.656	   4.670	        7739200	      4.651	      4.618	      4.538	      4.491	           	      0.000	  77392.000	  54111.070	  57876.934	      0.056	      0.040	      0.032	
 2018/01/18	   4.673	   4.720	   4.673	   4.701	        3952800	      4.668	      4.634	      4.551	      4.497	           	      0.000	  39528.000	  54619.051	  57272.734	      0.060	      0.044	      0.031	
 2018/01/19	   4.712	   4.748	   4.706	   4.712	        4889300	      4.680	      4.648	      4.563	      4.502	           	      0.000	  48893.000	  51218.453	  53678.336	      0.063	      0.048	      0.030	
 2018/01/22	   4.719	   4.766	   4.715	   4.761	        5147600	      4.704	      4.667	      4.577	      4.507	           	      0.000	  51476.000	  53575.418	  52542.336	      0.068	      0.052	      0.033	
 2018/01/23	   4.766	   4.823	   4.766	   4.823	        2967800	      4.733	      4.688	      4.596	      4.514	           	      0.000	  29678.000	  49393.398	  49912.734	      0.077	      0.057	      0.040	
 2018/01/24	   4.838	   4.842	   4.793	   4.825	        3906100	      4.764	      4.708	      4.614	      4.521	           	      0.000	  39061.000	  41727.199	  47919.137	      0.083	      0.062	      0.042	
 2018/01/25	   4.820	   4.826	   4.770	   4.790	        3286200	      4.782	      4.725	      4.634	      4.527	           	      0.000	  32862.000	  40394.000	  47506.527	      0.084	      0.066	      0.035	
 2018/01/26	   4.787	   4.848	   4.787	   4.825	       18231000	      4.805	      4.742	      4.654	      4.534	           	      0.000	 182310.000	  67077.398	  59147.926	      0.086	      0.070	      0.032	
 2018/01/29	   4.825	   4.857	   4.728	   4.735	        7396600	      4.800	      4.752	      4.669	      4.539	           	      0.000	  73966.000	  71575.398	  62575.410	      0.080	      0.072	      0.016	
 2018/01/30	   4.733	   4.740	   4.674	   4.682	        4290100	      4.771	      4.752	      4.678	      4.544	           	      0.000	  42901.000	  74220.000	  61806.699	      0.070	      0.072	     -0.003	
 2018/01/31	   4.650	   4.721	   4.650	   4.715	        5569900	      4.749	      4.757	      4.687	      4.548	           	      0.000	  55699.000	  77547.602	  59637.398	      0.064	      0.070	     -0.012	
 2018/02/01	   4.719	   4.720	   4.648	   4.669	        7451900	      4.725	      4.754	      4.694	      4.551	           	      0.000	  74519.000	  85879.000	  63136.500	      0.055	      0.067	     -0.024	
 2018/02/02	   4.660	   4.708	   4.618	   4.708	        6006600	      4.702	      4.753	      4.701	      4.555	           	      0.000	  60066.000	  61430.199	  64253.801	      0.051	      0.064	     -0.027	
 2018/02/05	   4.653	   4.956	   4.629	   4.771	        3029600	      4.709	      4.754	      4.711	      4.558	           	      0.000	  30296.000	  52696.199	  62135.801	      0.051	      0.062	     -0.020	
 2018/02/06	   4.625	   4.706	   4.560	   4.572	        5316000	      4.687	      4.729	      4.709	      4.559	           	      0.000	  53160.000	  54748.000	  64484.000	      0.036	      0.056	     -0.041	
 2018/02/07	   4.619	   4.651	   4.455	   4.470	        5188500	      4.638	      4.694	      4.701	      4.558	           	      0.000	  51885.000	  53985.199	  65766.398	      0.015	      0.048	     -0.067	
 2018/02/08	   4.430	   4.508	   4.380	   4.412	       30673300	      4.587	      4.656	      4.690	      4.556	           	      0.000	 306733.000	 100428.000	  93153.500	     -0.006	      0.037	     -0.087	
 2018/02/09	   4.300	   4.316	   4.130	   4.232	       29375836	      4.491	      4.597	      4.669	      4.551	           	      0.000	 293758.375	 147166.469	 104298.336	     -0.037	      0.022	     -0.119	
 2018/02/12	   4.232	   4.310	   4.228	   4.310	        9045600	      4.399	      4.554	      4.653	      4.547	           	      0.000	  90456.000	 159198.469	 105947.336	     -0.055	      0.007	     -0.123	
 2018/02/13	   4.329	   4.395	   4.329	   4.345	        8004100	      4.354	      4.520	      4.636	      4.544	           	      0.000	  80041.000	 164574.672	 109661.336	     -0.065	     -0.008	     -0.115	
 2018/02/14	   4.346	   4.389	   4.330	   4.371	        7377300	      4.334	      4.486	      4.621	      4.539	           	      0.000	  73773.000	 168952.281	 111468.734	     -0.071	     -0.020	     -0.101	
 2018/02/22	   4.416	   4.466	   4.409	   4.464	        6254800	      4.344	      4.465	      4.610	      4.536	           	      0.000	  62548.000	 120115.273	 110271.641	     -0.066	     -0.029	     -0.074	
 2018/02/23	   4.464	   4.496	   4.445	   4.477	        5707400	      4.393	      4.442	      4.598	      4.535	           	      0.000	  57074.000	  72778.398	 109972.438	     -0.061	     -0.036	     -0.051	
 2018/02/26	   4.487	   4.540	   4.457	   4.523	        6532000	      4.436	      4.418	      4.586	      4.535	           	      0.000	  65320.000	  67751.203	 113474.836	     -0.053	     -0.039	     -0.028	
 2018/02/27	   4.543	   4.543	   4.465	   4.465	        2269900	      4.460	      4.407	      4.568	      4.535	           	      0.000	  22699.000	  56282.801	 110428.734	     -0.051	     -0.042	     -0.018	
 2018/02/28	   4.439	   4.458	   4.401	   4.423	        3049100	      4.470	      4.402	      4.548	      4.534	           	      0.000	  30491.000	  47626.398	 108289.336	     -0.052	     -0.044	     -0.016	
 2018/03/01	   4.412	   4.475	   4.390	   4.450	        1645900	      4.468	      4.406	      4.531	      4.534	           	      0.000	  16459.000	  38408.602	  79261.938	     -0.049	     -0.045	     -0.009	
 2018/03/02	   4.423	   4.458	   4.414	   4.431	        3462400	      4.458	      4.426	      4.511	      4.534	           	      0.000	  34624.000	  33918.602	  53348.500	     -0.049	     -0.046	     -0.006	
 2018/03/05	   4.439	   4.455	   4.411	   4.431	        2027400	      4.440	      4.438	      4.496	      4.535	           	      0.000	  20274.000	  24909.400	  46330.301	     -0.048	     -0.046	     -0.003	
 2018/03/06	   4.440	   4.474	   4.403	   4.474	        1804200	      4.442	      4.451	      4.486	      4.535	           	      0.000	  18042.000	  23978.000	  40130.398	     -0.043	     -0.045	      0.005	
 2018/03/07	   4.487	   4.500	   4.427	   4.446	        1482800	      4.446	      4.458	      4.472	      4.535	           	      0.000	  14828.000	  20845.400	  34235.898	     -0.041	     -0.044	      0.007	
 2018/03/08	   4.450	   4.484	   4.432	   4.481	        1370000	      4.453	      4.460	      4.463	      4.536	           	      0.000	  13700.000	  20293.600	  29351.100	     -0.036	     -0.043	      0.014	
 2018/03/09	   4.483	   4.527	   4.483	   4.523	         922500	      4.471	      4.465	      4.454	      4.538	           	      0.000	   9225.000	  15213.800	  24566.199	     -0.028	     -0.040	      0.023	
 2018/03/12	   4.529	   4.557	   4.525	   4.550	        4580300	      4.495	      4.467	      4.443	      4.540	           	      0.000	  45803.000	  20319.600	  22614.500	     -0.020	     -0.036	      0.032	
 2018/03/13	   4.550	   4.550	   4.491	   4.495	        1438200	      4.499	      4.470	      4.439	      4.540	           	      0.000	  14382.000	  19587.600	  21782.801	     -0.018	     -0.032	      0.029	
 2018/03/14	   4.493	   4.493	   4.472	   4.476	         796600	      4.505	      4.476	      4.439	      4.541	           	      0.000	   7966.000	  18215.199	  19530.301	     -0.017	     -0.029	      0.024	
 2018/03/15	   4.477	   4.509	   4.475	   4.505	        3348709	      4.510	      4.481	      4.444	      4.541	           	      0.000	  33487.090	  22172.617	  21233.109	     -0.014	     -0.026	      0.024	
 2018/03/16	   4.508	   4.522	   4.460	   4.466	        1568100	      4.498	      4.485	      4.455	      4.542	           	      0.000	  15681.000	  23463.818	  19338.809	     -0.015	     -0.024	      0.018	
 2018/03/19	   4.460	   4.480	   4.430	   4.475	        2451900	      4.483	      4.489	      4.464	      4.543	           	      0.000	  24519.000	  19207.018	  19763.309	     -0.014	     -0.022	      0.015	
 2018/03/20	   4.450	   4.486	   4.443	   4.481	       32886000	      4.481	      4.490	      4.470	      4.544	           	      0.000	 328860.000	  82102.617	  50845.109	     -0.013	     -0.020	      0.014	
 2018/03/21	   4.486	   4.518	   4.446	   4.451	       25276600	      4.476	      4.490	      4.474	      4.545	           	      0.000	 252766.000	 131062.617	  74638.906	     -0.015	     -0.019	      0.009	
 2018/03/22	   4.458	   4.470	   4.398	   4.414	        7007900	      4.457	      4.484	      4.472	      4.544	           	      0.000	  70079.000	 138381.000	  80276.813	     -0.019	     -0.019	      0.001	
 2018/03/23	   4.302	   4.327	   4.218	   4.300	        3164700	      4.424	      4.461	      4.463	      4.541	           	      0.000	  31647.000	 141574.203	  82519.008	     -0.031	     -0.021	     -0.019	
 2018/03/26	   4.251	   4.277	   4.215	   4.272	        2273700	      4.384	      4.433	      4.450	      4.538	           	      0.000	  22737.000	 141217.797	  80212.406	     -0.042	     -0.026	     -0.033	
 2018/03/27	   4.310	   4.349	   4.280	   4.311	        1856900	      4.350	      4.415	      4.443	      4.536	           	      0.000	  18569.000	  79159.602	  80631.109	     -0.047	     -0.030	     -0.035	
 2018/03/28	   4.279	   4.349	   4.231	   4.237	        5243101	      4.307	      4.391	      4.433	      4.532	           	      0.000	  52431.012	  39092.602	  85077.609	     -0.057	     -0.035	     -0.043	
 2018/03/29	   4.247	   4.309	   4.181	   4.297	        4298700	      4.283	      4.370	      4.426	      4.530	           	      0.000	  42987.000	  33674.203	  86027.602	     -0.059	     -0.040	     -0.038	
 2018/03/30	   4.297	   4.308	   4.267	   4.290	         394900	      4.281	      4.353	      4.419	      4.528	           	      0.000	   3949.000	  28134.602	  84854.398	     -0.060	     -0.044	     -0.032	
 2018/04/02	   4.278	   4.339	   4.273	   4.276	        3293900	      4.282	      4.333	      4.411	      4.525	           	      0.000	  32939.000	  30175.002	  85696.398	     -0.062	     -0.048	     -0.028	
 2018/04/03	   4.252	   4.280	   4.234	   4.260	        4037300	      4.272	      4.311	      4.400	      4.521	           	      0.000	  40373.000	  34535.801	  56847.703	     -0.064	     -0.051	     -0.026	
 2018/04/04	   4.278	   4.295	   4.238	   4.248	        1911200	      4.274	      4.291	      4.390	      4.517	           	      0.000	  19112.000	  27872.000	  33482.301	     -0.065	     -0.054	     -0.023	
 2018/04/09	   4.244	   4.270	   4.225	   4.246	        1417900	      4.264	      4.274	      4.379	      4.512	           	      0.000	  14179.000	  22110.400	  27892.301	     -0.066	     -0.056	     -0.020	
 2018/04/10	   4.253	   4.324	   4.246	   4.324	        3432697	      4.271	      4.276	      4.369	      4.508	           	      0.000	  34326.969	  28185.994	  28160.299	     -0.059	     -0.057	     -0.005	
 2018/04/11	   4.345	   4.360	   4.324	   4.330	        4333200	      4.282	      4.282	      4.358	      4.504	           	      0.000	  43332.000	  30264.594	  30219.799	     -0.053	     -0.056	      0.006	
 2018/04/12	   4.344	   4.344	   4.291	   4.297	         241200	      4.289	      4.280	      4.348	      4.498	           	      0.000	   2412.000	  22672.395	  28604.098	     -0.050	     -0.055	      0.009	
 2018/04/13	   4.304	   4.327	   4.260	   4.269	        4695200	      4.293	      4.284	      4.337	      4.492	           	      0.000	  46952.000	  28240.395	  28056.197	     -0.050	     -0.054	      0.008	
 2018/04/16	   4.288	   4.288	   4.183	   4.194	        3087900	      4.283	      4.273	      4.322	      4.485	           	      0.000	  30879.000	  31580.395	  26845.396	     -0.055	     -0.054	     -0.002	
 2018/04/17	   4.213	   4.213	   4.150	   4.182	        5291200	      4.254	      4.263	      4.308	      4.477	           	      0.000	  52912.000	  35297.398	  31741.697	     -0.059	     -0.055	     -0.008	
 2018/04/18	   4.173	   4.191	   4.098	   4.140	        4168700	      4.216	      4.249	      4.291	      4.469	           	      0.000	  41687.000	  34968.398	  32616.496	     -0.065	     -0.057	     -0.016	
 2018/04/19	   4.143	   4.208	   4.143	   4.191	        1562200	      4.195	      4.242	      4.276	      4.461	           	      0.000	  15622.000	  37610.398	  30141.396	     -0.065	     -0.059	     -0.013	
 2018/04/20	   4.178	   4.195	   4.130	   4.141	        1359800	      4.170	      4.231	      4.261	      4.452	           	      0.000	  13598.000	  30939.600	  29589.996	     -0.068	     -0.061	     -0.015	
 2018/04/23	   4.119	   4.170	   4.113	   4.140	        2199600	      4.159	      4.221	      4.247	      4.443	           	      0.000	  21996.000	  29163.000	  30371.697	     -0.070	     -0.062	     -0.015	
 2018/04/24	   4.140	   4.243	   4.140	   4.230	         587900	      4.168	      4.211	      4.244	      4.435	           	      0.000	   5879.000	  19756.400	  27526.900	     -0.063	     -0.063	     -0.001	
 2018/04/25	   4.224	   4.230	   4.204	   4.217	         437100	      4.184	      4.200	      4.241	      4.426	           	      0.000	   4371.000	  12293.200	  23630.801	     -0.058	     -0.062	      0.007	
 2018/04/26	   4.214	   4.218	   4.128	   4.134	        1709100	      4.172	      4.184	      4.232	      4.414	           	      0.000	  17091.000	  12587.000	  25098.699	     -0.061	     -0.062	      0.002	
 2018/04/27	   4.156	   4.156	   4.098	   4.142	        1347400	      4.173	      4.171	      4.227	      4.403	           	      0.000	  13474.000	  12562.200	  21750.900	     -0.061	     -0.061	      0.001	
 2018/05/02	   4.145	   4.179	   4.130	   4.151	        1263300	      4.175	      4.167	      4.220	      4.392	           	      0.000	  12633.000	  10689.600	  19926.301	     -0.060	     -0.061	      0.003	
 2018/05/03	   4.151	   4.191	   4.115	   4.182	        7702000	      4.165	      4.167	      4.215	      4.382	           	      0.000	  77020.000	  24917.801	  22337.100	     -0.056	     -0.060	      0.008	
 2018/05/04	   4.182	   4.190	   4.160	   4.173	        1727800	      4.156	      4.170	      4.210	      4.372	           	      0.000	  17278.000	  27499.199	  19896.199	     -0.053	     -0.059	      0.012	
 2018/05/07	   4.173	   4.222	   4.158	   4.220	        2623300	      4.174	      4.173	      4.208	      4.365	           	      0.000	  26233.000	  29327.600	  20957.301	     -0.046	     -0.056	      0.020	
 2018/05/08	   4.216	   4.280	   4.216	   4.270	        1343800	      4.199	      4.186	      4.209	      4.357	           	      0.000	  13438.000	  29320.400	  20941.301	     -0.036	     -0.052	      0.032	
 2018/05/09	   4.270	   4.272	   4.248	   4.260	        1046400	      4.221	      4.198	      4.209	      4.350	           	      0.000	  10464.000	  28886.600	  19788.100	     -0.029	     -0.047	      0.037	
 2018/05/10	   4.274	   4.290	   4.257	   4.287	        2014500	      4.242	      4.204	      4.207	      4.343	           	      0.000	  20145.000	  17511.600	  21214.699	     -0.021	     -0.042	      0.043	
 2018/05/11	   4.288	   4.301	   4.261	   4.264	         149900	      4.260	      4.208	      4.204	      4.335	           	      0.000	   1499.000	  14355.800	  20927.500	     -0.016	     -0.037	      0.042	
 2018/05/14	   4.279	   4.315	   4.279	   4.298	         896909	      4.276	      4.225	      4.204	      4.330	           	      0.000	   8969.090	  10903.018	  20115.309	     -0.009	     -0.031	      0.044	
 2018/05/15	   4.320	   4.320	   4.281	   4.320	        1098300	      4.286	      4.242	      4.207	      4.328	           	      0.000	  10983.000	  10412.018	  19866.209	     -0.002	     -0.025	      0.047	
 2018/05/16	   4.293	   4.317	   4.280	   4.281	         747400	      4.290	      4.255	      4.211	      4.326	           	      0.000	   7474.000	   9814.018	  19350.309	      0.000	     -0.020	      0.041	
 2018/05/17	   4.294	   4.297	   4.248	   4.253	        1014300	      4.283	      4.263	      4.215	      4.326	           	      0.000	  10143.000	   7813.618	  12662.609	      0.000	     -0.016	      0.033	
 2018/05/18	   4.258	   4.299	   4.238	   4.299	         616000	      4.290	      4.275	      4.223	      4.326	           	      0.000	   6160.000	   8745.818	  11550.809	      0.004	     -0.012	      0.032	
 2018/05/21	   4.308	   4.341	   4.302	   4.314	        1632800	      4.293	      4.285	      4.229	      4.325	           	      0.000	  16328.000	  10217.600	  10560.309	      0.007	     -0.008	      0.031	
 2018/05/22	   4.314	   4.314	   4.280	   4.297	        2653900	      4.289	      4.287	      4.237	      4.324	           	      0.000	  26539.000	  13328.800	  11870.409	      0.009	     -0.005	      0.028	
 2018/05/23	   4.285	   4.291	   4.248	   4.248	         972300	      4.282	      4.286	      4.242	      4.320	           	      0.000	   9723.000	  13778.600	  11796.309	      0.006	     -0.003	      0.018	
 2018/05/24	   4.250	   4.254	   4.218	   4.219	         863000	      4.275	      4.279	      4.241	      4.316	           	      0.000	   8630.000	  13476.000	  10644.809	      0.002	     -0.002	      0.007	
 2018/05/25	   4.226	   4.240	   4.204	   4.212	        1578800	      4.258	      4.274	      4.241	      4.311	           	      0.000	  15788.000	  15401.600	  12073.709	     -0.003	     -0.002	     -0.001	
 2018/05/28	   4.212	   4.246	   4.196	   4.239	        3024700	      4.243	      4.268	      4.246	      4.307	           	      0.000	  30247.000	  18185.400	  14201.500	     -0.004	     -0.002	     -0.003	
 2018/05/29	   4.222	   4.237	   4.192	   4.205	        2341200	      4.225	      4.257	      4.250	      4.303	           	      0.000	  23412.000	  17560.000	  15444.400	     -0.007	     -0.003	     -0.008	
 2018/05/30	   4.159	   4.163	   4.126	   4.148	        3099500	      4.205	      4.243	      4.249	      4.298	           	      0.000	  30995.000	  21814.400	  17796.500	     -0.014	     -0.005	     -0.018	
 2018/05/31	   4.149	   4.192	   4.135	   4.188	        3497600	      4.198	      4.237	      4.250	      4.294	           	      0.000	  34976.000	  27083.600	  20279.801	     -0.017	     -0.008	     -0.018	
 2018/06/01	   4.188	   4.206	   4.148	   4.188	        1251100	      4.194	      4.226	      4.251	      4.290	           	      0.000	  12511.000	  26428.199	  20914.900	     -0.018	     -0.010	     -0.017	
 2018/06/04	   4.176	   4.211	   4.169	   4.197	         692800	      4.185	      4.214	      4.249	      4.286	           	      0.000	   6928.000	  21764.400	  19974.900	     -0.019	     -0.012	     -0.014	
 2018/06/05	   4.192	   4.243	   4.192	   4.243	         358700	      4.193	      4.209	      4.248	      4.282	           	      0.000	   3587.000	  17799.400	  17679.699	     -0.015	     -0.012	     -0.005	
 2018/06/06	   4.233	   4.242	   4.226	   4.234	         664100	      4.210	      4.207	      4.247	      4.278	           	      0.000	   6641.000	  12928.600	  17371.500	     -0.013	     -0.012	     -0.001	
 2018/06/07	   4.235	   4.267	   4.223	   4.223	        1518200	      4.217	      4.208	      4.243	      4.273	           	      0.000	  15182.000	   8969.800	  18026.699	     -0.012	     -0.012	      0.001	
 2018/06/08	   4.234	   4.234	   4.168	   4.175	         967800	      4.214	      4.204	      4.239	      4.267	           	      0.000	   9678.000	   8403.200	  17415.699	     -0.014	     -0.013	     -0.004	
 2018/06/11	   4.161	   4.202	   4.159	   4.185	         934600	      4.212	      4.199	      4.233	      4.262	           	      0.000	   9346.000	   8886.800	  15325.600	     -0.016	     -0.013	     -0.005	
 2018/06/12	   4.185	   4.241	   4.174	   4.238	         768600	      4.211	      4.202	      4.229	      4.258	           	      0.000	   7686.000	   9706.600	  13753.000	     -0.012	     -0.013	      0.001	
 2018/06/13	   4.215	   4.223	   4.190	   4.196	         936700	      4.203	      4.207	      4.225	      4.253	           	      0.000	   9367.000	  10251.800	  11590.200	     -0.013	     -0.013	      0.000	
 2018/06/14	   4.169	   4.212	   4.169	   4.186	        1366600	      4.196	      4.207	      4.222	      4.248	           	      0.000	  13666.000	   9948.600	   9459.200	     -0.014	     -0.013	     -0.001	
 2018/06/15	   4.188	   4.192	   4.150	   4.165	        2809600	      4.194	      4.204	      4.215	      4.243	           	      0.000	  28096.000	  13632.200	  11017.700	     -0.016	     -0.014	     -0.005	
 2018/06/19	   4.122	   4.128	   3.974	   4.029	       18229100	      4.163	      4.187	      4.201	      4.235	           	      0.000	 182291.000	  48221.199	  28554.000	     -0.029	     -0.017	     -0.024	
 2018/06/20	   4.005	   4.054	   3.981	   4.038	       91207000	      4.123	      4.167	      4.188	      4.228	           	      0.000	 912070.000	 229098.000	 119402.297	     -0.038	     -0.021	     -0.033	
 2018/06/21	   4.042	   4.080	   3.982	   4.026	       87442000	      4.089	      4.146	      4.177	      4.222	           	      0.000	 874420.000	 402108.594	 206180.203	     -0.045	     -0.026	     -0.038	
 2018/06/22	   4.026	   4.068	   3.948	   4.067	        8453000	      4.065	      4.130	      4.169	      4.218	           	      0.000	  84530.000	 416281.406	 213115.000	     -0.047	     -0.030	     -0.034	
 2018/06/25	   4.018	   4.038	   3.958	   3.958	        1839000	      4.024	      4.109	      4.156	      4.213	           	      0.000	  18390.000	 414340.188	 213986.203	     -0.057	     -0.035	     -0.043	
 2018/06/26	   3.925	   3.943	   3.871	   3.929	        8660800	      4.004	      4.083	      4.141	      4.207	           	      0.000	  86608.000	 395203.594	 221712.406	     -0.066	     -0.042	     -0.049	
 2018/06/27	   3.926	   3.933	   3.830	   3.846	        7588900	      3.965	      4.044	      4.123	      4.200	           	      0.000	  75889.000	 227967.406	 228532.703	     -0.079	     -0.049	     -0.060	
 2018/06/28	   3.826	   3.867	   3.800	   3.815	        5273300	      3.923	      4.006	      4.106	      4.192	           	      0.000	  52733.000	  63630.000	 232869.297	     -0.091	     -0.057	     -0.067	
 2018/06/29	   3.820	   3.918	   3.820	   3.911	        4790500	      3.892	      3.978	      4.092	      4.186	           	      0.000	  47905.000	  56305.000	 236293.203	     -0.092	     -0.064	     -0.055	
 2018/07/02	   3.918	   3.918	   3.783	   3.805	       29037800	      3.861	      3.942	      4.073	      4.178	           	      0.000	 290378.000	 110702.602	 262521.406	     -0.100	     -0.071	     -0.056	
 2018/07/03	   3.807	   3.817	   3.705	   3.785	      257932704	      3.832	      3.918	      4.053	      4.170	           	      0.000	2579327.000	 609246.375	 502225.000	     -0.106	     -0.078	     -0.056	
 2018/07/04	   3.798	   3.800	   3.743	   3.760	        8644600	      3.815	      3.890	      4.029	      4.162	           	      0.000	  86446.000	 611357.813	 419662.594	     -0.112	     -0.085	     -0.054	
 2018/07/05	   3.755	   3.782	   3.720	   3.728	        7007900	      3.798	      3.860	      4.003	      4.153	           	      0.000	  70079.000	 614827.000	 339228.500	     -0.118	     -0.092	     -0.053	
 2018/07/06	   3.730	   3.788	   3.685	   3.757	        6761700	      3.767	      3.829	      3.980	      4.144	           	      0.000	  67617.000	 618769.375	 337537.188	     -0.119	     -0.097	     -0.044	
 2018/07/09	   3.763	   3.862	   3.763	   3.861	       15623400	      3.778	      3.820	      3.964	      4.136	           	      0.000	 156234.000	 591940.625	 351321.594	     -0.110	     -0.100	     -0.021	
 2018/07/10	   3.875	   3.875	   3.835	   3.870	        4192300	      3.795	      3.814	      3.948	      4.129	           	      0.000	  41923.000	  84459.797	 346853.094	     -0.101	     -0.100	     -0.003	
 2018/07/11	   3.796	   3.828	   3.768	   3.820	        5867800	      3.807	      3.811	      3.928	      4.121	           	      0.000	  58678.000	  78906.203	 345132.000	     -0.097	     -0.100	      0.005	
 2018/07/12	   3.807	   3.912	   3.807	   3.890	        4988600	      3.840	      3.819	      3.912	      4.116	           	      0.000	  49886.000	  74867.602	 344847.313	     -0.087	     -0.097	      0.020	
 2018/07/13	   3.896	   3.914	   3.884	   3.909	        2056400	      3.870	      3.819	      3.898	      4.112	           	      0.000	  20564.000	  65457.000	 342113.188	     -0.077	     -0.093	      0.032	
 2018/07/16	   3.915	   3.930	   3.877	   3.891	        2476100	      3.876	      3.827	      3.885	      4.107	           	      0.000	  24761.000	  39162.398	 315551.500	     -0.069	     -0.088	      0.038	
 2018/07/17	   3.898	   3.898	   3.838	   3.870	        3212800	      3.876	      3.836	      3.877	      4.102	           	      0.000	  32128.000	  37203.398	  60831.602	     -0.064	     -0.084	      0.038	
 2018/07/18	   3.883	   3.910	   3.854	   3.858	        3683700	      3.884	      3.845	      3.868	      4.097	           	      0.000	  36837.000	  32835.199	  55870.699	     -0.061	     -0.079	      0.036	
 2018/07/19	   3.866	   3.887	   3.837	   3.854	        7852500	      3.876	      3.858	      3.859	      4.093	           	      0.000	  78525.000	  38563.000	  56715.301	     -0.057	     -0.075	      0.034	
 2018/07/20	   3.851	   3.929	   3.819	   3.920	       17050800	      3.879	      3.874	      3.852	      4.087	           	      0.000	 170508.000	  68551.797	  67004.398	     -0.049	     -0.070	      0.041	
 2018/07/23	   3.900	   3.952	   3.892	   3.951	       46111300	      3.891	      3.883	      3.852	      4.083	           	      0.000	 461113.000	 155822.203	  97492.297	     -0.039	     -0.064	      0.048	
 2018/07/24	   3.939	   4.030	   3.939	   4.015	        2130071	      3.920	      3.898	      3.856	      4.081	           	      0.000	  21300.711	 153656.750	  95430.070	     -0.026	     -0.056	      0.060	
 2018/07/25	   4.030	   4.030	   4.001	   4.014	        4350100	      3.951	      3.917	      3.864	      4.079	           	      0.000	  43501.000	 154989.547	  93912.375	     -0.016	     -0.048	      0.065	
 2018/07/26	   4.012	   4.027	   3.963	   3.968	        4148400	      3.974	      3.925	      3.872	      4.076	           	      0.000	  41484.000	 147581.344	  93072.172	     -0.011	     -0.041	      0.059	
 2018/07/27	   3.969	   3.983	   3.940	   3.960	        2462800	      3.982	      3.930	      3.874	      4.072	           	      0.000	  24628.000	 118405.344	  93478.570	     -0.008	     -0.034	      0.053	
 2018/07/30	   3.960	   3.984	   3.921	   3.941	        6374232	      3.980	      3.935	      3.881	      4.068	           	      0.000	  63742.320	  38931.207	  97376.703	     -0.007	     -0.029	      0.044	
 2018/07/31	   3.941	   3.965	   3.929	   3.941	        5236200	      3.965	      3.942	      3.889	      4.064	           	      0.000	  52362.000	  45143.465	  99400.102	     -0.006	     -0.024	      0.036	
 2018/08/01	   3.966	   3.981	   3.863	   3.869	        7879700	      3.936	      3.943	      3.894	      4.057	           	      0.000	  78797.000	  52202.664	 103596.102	     -0.011	     -0.021	      0.021	
 2018/08/02	   3.900	   3.900	   3.746	   3.790	       14413500	      3.900	      3.937	      3.897	      4.049	           	      0.000	 144135.000	  72732.867	 110157.102	     -0.021	     -0.021	      0.001	
 2018/08/03	   3.789	   3.792	   3.730	   3.731	       13220500	      3.854	      3.918	      3.896	      4.040	           	      0.000	 132205.000	  94248.266	 106326.805	     -0.033	     -0.024	     -0.019	
 2018/08/06	   3.733	   3.760	   3.668	   3.681	       14033200	      3.802	      3.891	      3.887	      4.030	           	      0.000	 140332.000	 109566.203	  74248.703	     -0.046	     -0.028	     -0.036	
 2018/08/07	   3.691	   3.785	   3.676	   3.784	        7657800	      3.771	      3.868	      3.883	      4.022	           	      0.000	  76578.000	 114409.398	  79776.430	     -0.048	     -0.032	     -0.032	
 2018/08/08	   3.781	   3.781	   3.719	   3.741	        9320700	      3.745	      3.841	      3.879	      4.012	           	      0.000	  93207.000	 117291.398	  84747.031	     -0.052	     -0.036	     -0.032	
 2018/08/09	   3.726	   3.836	   3.715	   3.813	       11210800	      3.750	      3.825	      3.875	      4.004	           	      0.000	 112108.000	 110886.000	  91809.430	     -0.049	     -0.039	     -0.021	
 2018/08/10	   3.813	   3.849	   3.800	   3.821	        4139300	      3.768	      3.811	      3.871	      3.997	           	      0.000	  41393.000	  92723.602	  93485.930	     -0.046	     -0.040	     -0.011	
 2018/08/13	   3.797	   3.821	   3.755	   3.804	       16193749	      3.793	      3.797	      3.866	      3.989	           	      0.000	 161937.484	  97044.695	 103305.445	     -0.044	     -0.041	     -0.006	
 2018/08/14	   3.810	   3.810	   3.768	   3.786	       47470100	      3.793	      3.782	      3.862	      3.980	           	      0.000	 474701.000	 176669.297	 145539.344	     -0.043	     -0.041	     -0.003	
 2018/08/15	   3.786	   3.789	   3.702	   3.708	       10148900	      3.786	      3.766	      3.855	      3.970	           	      0.000	 101489.000	 178325.703	 147808.547	     -0.048	     -0.043	     -0.011	
 2018/08/16	   3.670	   3.737	   3.640	   3.685	       18505900	      3.761	      3.755	      3.846	      3.961	           	      0.000	 185059.000	 192915.891	 151900.953	     -0.054	     -0.045	     -0.018	
 2018/08/17	   3.722	   3.722	   3.627	   3.640	       11138600	      3.725	      3.746	      3.832	      3.951	           	      0.000	 111386.000	 206914.500	 149819.047	     -0.061	     -0.048	     -0.026	
 2018/08/20	   3.644	   3.680	   3.619	   3.670	       16298800	      3.698	      3.745	      3.818	      3.942	           	      0.000	 162988.000	 207124.594	 152084.656	     -0.063	     -0.051	     -0.025	
 2018/08/21	   3.678	   3.753	   3.672	   3.732	       13163300	      3.687	      3.740	      3.804	      3.934	           	      0.000	 131633.000	 138511.000	 157590.156	     -0.060	     -0.053	     -0.014	
 2018/08/22	   3.732	   3.737	   3.713	   3.724	        4894400	      3.690	      3.738	      3.789	      3.926	           	      0.000	  48944.000	 128002.000	 153163.844	     -0.057	     -0.054	     -0.006	
 2018/08/23	   3.721	   3.758	   3.705	   3.740	       18384100	      3.701	      3.731	      3.778	      3.919	           	      0.000	 183841.000	 127758.398	 160337.156	     -0.053	     -0.053	      0.002	
 2018/08/24	   3.730	   3.773	   3.709	   3.743	       12780300	      3.722	      3.723	      3.767	      3.911	           	      0.000	 127803.000	 131041.797	 168978.156	     -0.049	     -0.052	      0.008	
 2018/08/27	   3.744	   3.836	   3.744	   3.835	       13235077	      3.755	      3.726	      3.762	      3.905	           	      0.000	 132350.766	 124914.352	 166019.469	     -0.037	     -0.049	      0.024	
 2018/08/28	   3.836	   3.845	   3.813	   3.826	      134292000	      3.774	      3.730	      3.756	      3.899	           	      0.000	1342920.000	 367171.750	 252841.375	     -0.029	     -0.045	      0.033	
 2018/08/29	   3.820	   3.822	   3.800	   3.811	        5048800	      3.791	      3.741	      3.753	      3.892	           	      0.000	  50488.000	 367480.563	 247741.281	     -0.023	     -0.041	      0.035	
 2018/08/30	   3.815	   3.823	   3.768	   3.775	       32986000	      3.798	      3.750	      3.753	      3.884	           	      0.000	 329860.000	 396684.344	 262221.375	     -0.021	     -0.037	      0.031	
 2018/08/31	   3.766	   3.777	   3.728	   3.747	       31981400	      3.799	      3.760	      3.753	      3.876	           	      0.000	 319814.000	 435086.563	 283064.188	     -0.022	     -0.034	      0.024	
 2018/09/03	   3.740	   3.746	   3.706	   3.739	        9036800	      3.780	      3.767	      3.756	      3.869	           	      0.000	  90368.000	 426690.000	 275802.188	     -0.023	     -0.032	      0.018	
 2018/09/04	   3.737	   3.797	   3.727	   3.780	       12125700	      3.770	      3.772	      3.756	      3.862	           	      0.000	 121257.000	 182357.406	 274764.563	     -0.020	     -0.029	      0.019	
 2018/09/05	   3.776	   3.776	   3.715	   3.715	       12532800	      3.751	      3.771	      3.755	      3.854	           	      0.000	 125328.000	 197325.406	 282402.969	     -0.022	     -0.028	      0.011	
 2018/09/06	   3.712	   3.731	   3.666	   3.672	       19271600	      3.731	      3.764	      3.748	      3.845	           	      0.000	 192716.000	 169896.594	 283290.469	     -0.028	     -0.028	      0.000	
 2018/09/07	   3.682	   3.736	   3.667	   3.696	       19407100	      3.720	      3.760	      3.741	      3.837	           	      0.000	 194071.000	 144748.000	 289917.281	     -0.030	     -0.028	     -0.003	
 2018/09/10	   3.695	   3.695	   3.641	   3.644	       40028900	      3.701	      3.740	      3.733	      3.828	           	      0.000	 400289.000	 206732.203	 316711.094	     -0.035	     -0.030	     -0.011	
 2018/09/11	   3.646	   3.660	   3.623	   3.636	       50888200	      3.673	      3.721	      3.726	      3.822	           	      0.000	 508882.000	 284257.188	 233307.297	     -0.039	     -0.031	     -0.016	
 2018/09/12	   3.636	   3.639	   3.608	   3.614	       81946096	      3.652	      3.702	      3.721	      3.815	           	      0.000	 819460.938	 423083.781	 310204.594	     -0.044	     -0.034	     -0.020	
 2018/09/13	   3.637	   3.665	   3.603	   3.647	       28254800	      3.647	      3.689	      3.719	      3.808	           	      0.000	 282548.000	 441050.188	 305473.406	     -0.045	     -0.036	     -0.017	
 2018/09/14	   3.646	   3.669	   3.644	   3.655	       62084400	      3.639	      3.680	      3.720	      3.801	           	      0.000	 620844.000	 526404.813	 335576.406	     -0.044	     -0.038	     -0.012	
 2018/09/17	   3.649	   3.649	   3.616	   3.621	       49578000	      3.635	      3.668	      3.718	      3.796	           	      0.000	 495780.000	 545503.000	 376117.594	     -0.046	     -0.039	     -0.013	
 2018/09/18	   3.613	   3.688	   3.609	   3.684	       40586700	      3.644	      3.658	      3.715	      3.792	           	      0.000	 405867.000	 524900.000	 404578.594	     -0.041	     -0.040	     -0.003	
 2018/09/19	   3.684	   3.761	   3.678	   3.732	       41602172	      3.668	      3.660	      3.716	      3.790	           	      0.000	 416021.719	 444212.156	 433647.969	     -0.034	     -0.039	      0.010	
 2018/09/20	   3.732	   3.753	   3.723	   3.733	       14321731	      3.685	      3.666	      3.715	      3.788	           	      0.000	 143217.313	 416346.000	 428698.094	     -0.027	     -0.036	      0.018	
 2018/09/21	   3.737	   3.845	   3.729	   3.843	       36294624	      3.723	      3.681	      3.720	      3.787	           	      0.000	 362946.250	 364766.469	 445585.625	     -0.013	     -0.032	      0.037	
 2018/09/25	   3.815	   3.825	   3.797	   3.810	       26995500	      3.760	      3.697	      3.719	      3.787	           	      0.000	 269955.000	 319601.469	 432552.219	     -0.005	     -0.026	      0.043	
 2018/09/26	   3.808	   3.879	   3.808	   3.850	       32443242	      3.794	      3.719	      3.720	      3.788	           	      0.000	 324432.406	 303314.531	 414107.250	      0.005	     -0.020	      0.051	
 2018/09/27	   3.845	   3.850	   3.824	   3.834	       20814200	      3.814	      3.741	      3.721	      3.790	           	      0.000	 208142.000	 261738.594	 352975.375	      0.012	     -0.014	      0.051	
 2018/09/28	   3.838	   3.880	   3.836	   3.871	       17092348	      3.842	      3.763	      3.726	      3.792	           	      0.000	 170923.484	 267279.813	 341812.906	      0.020	     -0.007	      0.053	
 2018/10/08	   3.795	   3.795	   3.700	   3.701	       14825861	      3.813	      3.768	      3.724	      3.791	           	      0.000	 148258.609	 224342.297	 294554.375	      0.012	     -0.003	      0.030	
 2018/10/09	   3.705	   3.727	   3.689	   3.706	       37253124	      3.792	      3.776	      3.722	      3.789	           	      0.000	 372531.250	 244857.547	 282229.500	      0.006	     -0.001	      0.015	
 2018/10/10	   3.705	   3.733	   3.670	   3.699	       21625600	      3.762	      3.778	      3.718	      3.786	           	      0.000	 216256.000	 223222.266	 263268.406	      0.001	     -0.001	      0.004	
 2018/10/11	   3.604	   3.623	   3.500	   3.523	       86800400	      3.700	      3.757	      3.709	      3.781	           	      0.000	 868004.000	 355194.656	 308466.625	     -0.017	     -0.004	     -0.026	
 2018/10/12	   3.522	   3.594	   3.498	   3.587	      307154496	      3.643	      3.742	      3.704	      3.776	           	      0.000	3071545.000	 935319.000	 601299.375	     -0.026	     -0.008	     -0.035	
 2018/10/15	   3.580	   3.588	   3.524	   3.526	       86439800	      3.608	      3.711	      3.696	      3.769	           	      0.000	 864398.000	1078546.875	 651444.563	     -0.037	     -0.014	     -0.046	
 2018/10/16	   3.539	   3.573	   3.490	   3.504	      150878208	      3.568	      3.680	      3.689	      3.763	           	      0.000	1508782.125	1305797.000	 775327.313	     -0.047	     -0.021	     -0.053	
 2018/10/17	   3.546	   3.557	   3.459	   3.514	      183952608	      3.531	      3.647	      3.683	      3.757	           	      0.000	1839526.125	1630451.000	 926836.688	     -0.054	     -0.027	     -0.054	
 2018/10/18	   3.511	   3.511	   3.437	   3.438	       31177184	      3.514	      3.607	      3.674	      3.750	           	      0.000	 311771.844	1519204.625	 937199.625	     -0.065	     -0.035	     -0.060	
 2018/10/19	   3.416	   3.537	   3.404	   3.527	       57262400	      3.502	      3.572	      3.668	      3.744	           	      0.000	 572624.000	1019420.438	 977369.688	     -0.066	     -0.041	     -0.049	
 2018/10/22	   3.568	   3.716	   3.557	   3.695	       79463624	      3.536	      3.572	      3.670	      3.741	           	      0.000	 794636.250	1005468.063	1042007.438	     -0.052	     -0.043	     -0.017	
 2018/10/23	   3.688	   3.693	   3.569	   3.588	      141308608	      3.552	      3.560	      3.668	      3.735	           	      0.000	1413086.125	 986328.875	1146063.000	     -0.049	     -0.044	     -0.009	
 2018/10/24	   3.575	   3.656	   3.568	   3.600	      135038928	      3.570	      3.550	      3.664	      3.728	           	      0.000	1350389.250	 888501.500	1259476.250	     -0.045	     -0.045	     -0.002	
 2018/10/25	   3.512	   3.608	   3.496	   3.601	       83533232	      3.602	      3.558	      3.658	      3.721	           	      0.000	 835332.313	 993213.563	1256209.125	     -0.042	     -0.044	      0.004	
 2018/10/26	   3.612	   3.630	   3.551	   3.572	       59916528	      3.611	      3.556	      3.649	      3.714	           	      0.000	 599165.250	 998521.813	1008971.125	     -0.041	     -0.043	      0.005	
 2018/10/29	   3.570	   3.572	   3.461	   3.475	      225622304	      3.567	      3.551	      3.631	      3.706	           	      0.000	2256223.000	1290839.250	1148153.625	     -0.048	     -0.044	     -0.007	
 2018/10/30	   3.453	   3.549	   3.443	   3.505	      119482896	      3.551	      3.552	      3.616	      3.699	           	      0.000	1194829.000	1247187.750	1116758.375	     -0.050	     -0.045	     -0.009	
 2018/10/31	   3.507	   3.576	   3.506	   3.549	       36658700	      3.540	      3.555	      3.601	      3.692	           	      0.000	 366587.000	1050427.250	 969464.375	     -0.047	     -0.046	     -0.003	
 2018/11/01	   3.575	   3.629	   3.570	   3.576	       40808620	      3.535	      3.569	      3.588	      3.687	           	      0.000	 408086.188	 964978.063	 979095.813	     -0.043	     -0.045	      0.005	
 2018/11/02	   3.674	   3.711	   3.632	   3.710	       88183000	      3.563	      3.587	      3.580	      3.686	           	      0.000	 881830.000	1021511.063	1010016.438	     -0.028	     -0.042	      0.027	
 2018/11/05	   3.680	   3.710	   3.633	   3.671	       55619400	      3.602	      3.585	      3.578	      3.685	           	      0.000	 556194.000	 681505.250	 986172.188	     -0.019	     -0.037	      0.036	
 2018/11/06	   3.676	   3.676	   3.615	   3.651	       59169100	      3.631	      3.591	      3.576	      3.685	           	      0.000	 591691.000	 560877.625	 904032.688	     -0.014	     -0.033	      0.037	
 2018/11/07	   3.654	   3.689	   3.634	   3.637	      238090304	      3.649	      3.595	      3.572	      3.682	           	      0.000	2380903.000	 963740.813	1007084.063	     -0.011	     -0.028	      0.035	
 2018/11/08	   3.668	   3.668	   3.622	   3.628	       62786900	      3.659	      3.597	      3.578	      3.680	           	      0.000	 627869.000	1007697.375	 986337.750	     -0.009	     -0.024	      0.031	
 2018/11/09	   3.614	   3.614	   3.574	   3.575	       47657300	      3.632	      3.598	      3.577	      3.676	           	      0.000	 476573.000	 926646.000	 974078.500	     -0.011	     -0.022	      0.021	
 2018/11/12	   3.577	   3.618	   3.563	   3.613	       60886128	      3.621	      3.612	      3.581	      3.673	           	      0.000	 608861.250	 937179.438	 809342.375	     -0.010	     -0.019	      0.019	
 2018/11/13	   3.578	   3.668	   3.571	   3.644	       36101696	      3.619	      3.625	      3.588	      3.670	           	      0.000	 361016.969	 891044.625	 725961.125	     -0.006	     -0.017	      0.021	
 2018/11/14	   3.646	   3.651	   3.603	   3.611	       48623116	      3.614	      3.632	      3.593	      3.667	           	      0.000	 486231.156	 512110.281	 737925.563	     -0.006	     -0.015	      0.017	
 2018/11/15	   3.612	   3.653	   3.608	   3.650	       71069800	      3.619	      3.639	      3.604	      3.666	           	      0.000	 710698.000	 528676.063	 768186.750	     -0.003	     -0.012	      0.019	
 2018/11/16	   3.658	   3.693	   3.629	   3.663	       77233608	      3.636	      3.634	      3.611	      3.666	           	      0.000	 772336.063	 587828.688	 757237.375	      0.001	     -0.010	      0.021	
 2018/11/19	   3.670	   3.704	   3.660	   3.703	       89091016	      3.654	      3.638	      3.611	      3.667	           	      0.000	 890910.188	 644238.500	 790708.938	      0.007	     -0.006	      0.026	
 2018/11/20	   3.686	   3.688	   3.619	   3.628	       66317500	      3.651	      3.635	      3.613	      3.666	           	      0.000	 663175.000	 704670.063	 797857.375	      0.005	     -0.004	      0.019	
 2018/11/21	   3.579	   3.640	   3.579	   3.639	      136835936	      3.657	      3.635	      3.615	      3.665	           	      0.000	1368359.375	 881095.750	 696603.000	      0.005	     -0.002	      0.015	
 2018/11/22	   3.639	   3.639	   3.606	   3.625	      155931824	      3.652	      3.635	      3.616	      3.663	           	      0.000	1559318.250	1050819.750	 789747.938	      0.004	     -0.001	      0.010	
 2018/11/23	   3.624	   3.624	   3.547	   3.551	       26502600	      3.629	      3.633	      3.615	      3.660	           	      0.000	 265026.000	 949357.750	 768593.250	     -0.003	     -0.001	     -0.003	
 2018/11/26	   3.549	   3.569	   3.533	   3.538	       91719504	      3.596	      3.625	      3.618	      3.657	           	      0.000	 917195.063	 954614.750	 799426.625	     -0.010	     -0.003	     -0.013	
 2018/11/27	   3.548	   3.561	   3.523	   3.538	       45935800	      3.578	      3.615	      3.620	      3.652	           	      0.000	 459358.000	 913851.313	 809260.688	     -0.015	     -0.005	     -0.018	
 2018/11/28	   3.542	   3.584	   3.530	   3.580	       38570500	      3.566	      3.612	      3.622	      3.648	           	      0.000	 385705.000	 717320.438	 799208.125	     -0.015	     -0.007	     -0.015	
 2018/11/29	   3.594	   3.610	   3.542	   3.549	       50815944	      3.551	      3.601	      3.620	      3.643	           	      0.000	 508159.438	 507088.688	 778954.250	     -0.018	     -0.009	     -0.016	
 2018/11/30	   3.548	   3.584	   3.543	   3.578	       70494912	      3.557	      3.593	      3.614	      3.640	           	      0.000	 704949.125	 595073.313	 772215.563	     -0.017	     -0.011	     -0.012	
 2018/12/03	   3.648	   3.688	   3.638	   3.670	      102993208	      3.583	      3.590	      3.614	      3.639	           	      0.000	1029932.063	 617620.750	 786117.750	     -0.009	     -0.011	      0.003	
 2018/12/04	   3.682	   3.682	   3.653	   3.676	       51235708	      3.611	      3.594	      3.615	      3.638	           	      0.000	 512357.094	 628220.563	 771035.938	     -0.002	     -0.009	      0.013	
 2018/12/05	   3.643	   3.680	   3.633	   3.663	       84752400	      3.627	      3.597	      3.616	      3.636	           	      0.000	 847524.000	 720584.375	 718952.375	      0.002	     -0.007	      0.017	
 2018/12/06	   3.645	   3.645	   3.583	   3.591	       73890704	      3.636	      3.593	      3.614	      3.634	           	      0.000	 738907.063	 766733.875	 636911.313	     -0.000	     -0.005	      0.010	
 2018/12/07	   3.593	   3.603	   3.584	   3.587	       67734144	      3.637	      3.597	      3.615	      3.632	           	      0.000	 677341.438	 761212.313	 678142.813	     -0.003	     -0.005	      0.004	
 2018/12/10	   3.573	   3.578	   3.542	   3.554	       89526000	      3.614	      3.599	      3.612	      3.630	           	      0.000	 895260.000	 734277.938	 675949.313	     -0.007	     -0.005	     -0.003	
 2018/12/11	   3.554	   3.568	   3.551	   3.566	       97339696	      3.592	      3.601	      3.608	      3.628	           	      0.000	 973396.938	 826485.875	 727353.188	     -0.009	     -0.006	     -0.006	
 2018/12/12	   3.583	   3.595	   3.567	   3.577	       72543312	      3.575	      3.601	      3.606	      3.627	           	      0.000	 725433.125	 802067.688	 761326.000	     -0.010	     -0.007	     -0.006	
 2018/12/13	   3.593	   3.640	   3.576	   3.628	      195887424	      3.582	      3.609	      3.605	      3.628	           	      0.000	1958874.250	1046061.125	 906397.500	     -0.007	     -0.007	      0.000	
 2018/12/14	   3.627	   3.627	   3.575	   3.578	      116380496	      3.581	      3.609	      3.601	      3.627	           	      0.000	1163805.000	1143353.875	 952283.125	     -0.008	     -0.007	     -0.002	
 2018/12/17	   3.575	   3.575	   3.545	   3.569	      169475296	      3.584	      3.599	      3.594	      3.625	           	      0.000	1694753.000	1303252.500	1018765.188	     -0.009	     -0.008	     -0.004	
 2018/12/18	   3.552	   3.574	   3.517	   3.531	      105138704	      3.577	      3.584	      3.589	      3.624	           	      0.000	1051387.000	1318850.500	1072668.125	     -0.013	     -0.009	     -0.010	
 2018/12/19	   3.535	   3.540	   3.492	   3.497	       78528096	      3.561	      3.568	      3.582	      3.620	           	      0.000	 785280.938	1330820.000	1066443.875	     -0.019	     -0.011	     -0.017	
 2018/12/20	   3.493	   3.502	   3.451	   3.475	       85621104	      3.530	      3.556	      3.575	      3.616	           	      0.000	 856211.063	1110287.375	1078174.250	     -0.025	     -0.014	     -0.023	
 2018/12/21	   3.469	   3.469	   3.412	   3.437	      120619120	      3.502	      3.541	      3.569	      3.611	           	      0.000	1206191.250	1118764.625	1131059.250	     -0.033	     -0.018	     -0.031	
 2018/12/24	   3.426	   3.445	   3.410	   3.442	       99156400	      3.476	      3.530	      3.564	      3.605	           	      0.000	 991564.000	 978126.875	1140689.625	     -0.038	     -0.022	     -0.033	
 2018/12/25	   3.413	   3.441	   3.368	   3.429	      167795856	      3.456	      3.516	      3.559	      3.598	           	      0.000	1677958.500	1103441.125	1211145.750	     -0.043	     -0.026	     -0.033	
 2018/12/26	   3.428	   3.433	   3.400	   3.411	       51836800	      3.439	      3.500	      3.550	      3.591	           	      0.000	 518368.000	1050058.500	1190439.250	     -0.047	     -0.030	     -0.034	
 2018/12/27	   3.438	   3.458	   3.393	   3.401	       90134920	      3.424	      3.477	      3.543	      3.584	           	      0.000	 901349.188	1059086.250	1084686.750	     -0.051	     -0.034	     -0.033	
 2018/12/28	   3.409	   3.434	   3.395	   3.416	      165227808	      3.420	      3.461	      3.535	      3.576	           	      0.000	1652278.125	1148303.500	1133534.125	     -0.052	     -0.038	     -0.029	
 2019/01/02	   3.418	   3.427	   3.360	   3.371	       77998704	      3.406	      3.441	      3.520	      3.571	           	      0.000	 779987.063	1105988.125	1042057.500	     -0.056	     -0.041	     -0.029	
 2019/01/03	   3.371	   3.409	   3.361	   3.367	       81599080	      3.393	      3.425	      3.504	      3.565	           	      0.000	 815990.813	 933594.625	1018517.875	     -0.059	     -0.045	     -0.028	
 2019/01/04	   3.353	   3.444	   3.340	   3.444	      135195488	      3.400	      3.419	      3.494	      3.561	           	      0.000	1351954.875	1100312.000	1075185.250	     -0.054	     -0.047	     -0.015	
 2019/01/07	   3.448	   3.465	   3.439	   3.453	      120940000	      3.410	      3.417	      3.487	      3.560	           	      0.000	1209400.000	1161922.125	1110504.125	     -0.049	     -0.047	     -0.004	
 2019/01/08	   3.453	   3.458	   3.441	   3.454	       64808652	      3.418	      3.419	      3.480	      3.557	           	      0.000	 648086.500	 961083.875	1054693.750	     -0.045	     -0.047	      0.004	
 2019/01/09	   3.456	   3.525	   3.456	   3.476	      167464000	      3.439	      3.422	      3.476	      3.556	           	      0.000	1674640.000	1140014.500	1123001.250	     -0.039	     -0.045	      0.013	
 2019/01/10	   3.477	   3.500	   3.462	   3.479	      117672184	      3.461	      3.427	      3.472	      3.556	           	      0.000	1176721.875	1212160.625	1072877.625	     -0.034	     -0.043	      0.018	
 2019/01/11	   3.479	   3.510	   3.474	   3.503	       89522072	      3.473	      3.436	      3.468	      3.556	           	      0.000	 895220.750	1120813.875	1110562.875	     -0.027	     -0.040	      0.025	
 2019/01/14	   3.501	   3.503	   3.468	   3.474	       54757600	      3.477	      3.444	      3.460	      3.556	           	      0.000	 547576.000	 988449.000	1075185.625	     -0.024	     -0.037	      0.025	
 2019/01/15	   3.474	   3.534	   3.473	   3.530	       89290752	      3.492	      3.455	      3.458	      3.557	           	      0.000	 892907.500	1037413.250	 999248.563	     -0.017	     -0.033	      0.031	
 2019/01/16	   3.530	   3.536	   3.518	   3.533	      142759488	      3.504	      3.471	      3.456	      3.554	           	      0.000	1427594.875	 988004.188	1064009.375	     -0.011	     -0.028	      0.035	
 2019/01/17	   3.533	   3.548	   3.514	   3.519	      133405040	      3.512	      3.487	      3.456	      3.553	           	      0.000	1334050.375	1019469.875	1115815.250	     -0.007	     -0.024	      0.034	
 2019/01/18	   3.520	   3.578	   3.520	   3.570	      121861016	      3.525	      3.499	      3.459	      3.552	           	      0.000	1218610.125	1084147.750	1102480.750	     -0.000	     -0.019	      0.038	
 2019/01/21	   3.578	   3.606	   3.573	   3.588	       82419168	      3.548	      3.513	      3.465	      3.552	           	      0.000	 824191.688	1139470.875	1063960.000	      0.007	     -0.014	      0.042	
 2019/01/22	   3.588	   3.588	   3.540	   3.548	       79101984	      3.552	      3.522	      3.470	      3.552	           	      0.000	 791019.813	1119093.375	1078253.250	      0.009	     -0.010	      0.037	
 2019/01/23	   3.544	   3.564	   3.533	   3.540	       82294000	      3.553	      3.528	      3.475	      3.553	           	      0.000	 822940.000	 998162.375	 993083.313	      0.010	     -0.006	      0.031	
 2019/01/24	   3.545	   3.572	   3.524	   3.564	      125961008	      3.562	      3.537	      3.482	      3.554	           	      0.000	1259610.125	 983274.375	1001372.125	      0.012	     -0.002	      0.029	
 2019/01/25	   3.566	   3.609	   3.566	   3.587	      100129752	      3.565	      3.545	      3.491	      3.554	           	      0.000	1001297.500	 939811.813	1011979.813	      0.016	      0.001	      0.029	
 2019/01/28	   3.603	   3.634	   3.576	   3.583	      101364424	      3.564	      3.556	      3.500	      3.554	           	      0.000	1013644.250	 977702.313	1058586.625	      0.018	      0.005	      0.027	
 2019/01/29	   3.569	   3.608	   3.556	   3.597	      125313904	      3.574	      3.563	      3.509	      3.553	           	      0.000	1253139.000	1070126.125	1094609.750	      0.021	      0.008	      0.026	
 2019/01/30	   3.593	   3.606	   3.575	   3.577	       81485400	      3.582	      3.567	      3.519	      3.551	           	      0.000	 814854.000	1068509.000	1033335.688	      0.022	      0.011	      0.022	
 2019/01/31	   3.581	   3.618	   3.581	   3.604	       94691544	      3.590	      3.576	      3.531	      3.550	           	      0.000	 946915.438	1005970.063	 994622.188	      0.024	      0.013	      0.021	
 2019/02/01	   3.621	   3.660	   3.607	   3.659	      190337152	      3.604	      3.585	      3.542	      3.551	           	      0.000	1903371.500	1186384.875	1063098.375	      0.030	      0.017	      0.026	
 2019/02/11	   3.651	   3.709	   3.647	   3.705	      110941136	      3.628	      3.596	      3.555	      3.552	           	      0.000	1109411.375	1205538.250	1091620.250	      0.037	      0.021	      0.033	
 2019/02/12	   3.711	   3.734	   3.700	   3.729	       96242656	      3.655	      3.615	      3.568	      3.554	           	      0.000	 962426.563	1147395.750	1108761.000	      0.045	      0.026	      0.039	
 2019/02/13	   3.727	   3.814	   3.727	   3.798	      166873616	      3.699	      3.640	      3.584	      3.557	           	      0.000	1668736.125	1318172.250	1193340.625	      0.056	      0.032	      0.049	
 2019/02/14	   3.798	   3.820	   3.786	   3.808	      110061504	      3.740	      3.665	      3.601	      3.560	           	      0.000	1100615.000	1348912.125	1177441.125	      0.065	      0.038	      0.053	
 2019/02/15	   3.787	   3.799	   3.735	   3.743	      198183632	      3.757	      3.680	      3.613	      3.562	           	      0.000	1981836.375	1364605.125	1275495.000	      0.066	      0.044	      0.044	
 2019/02/18	   3.771	   3.845	   3.771	   3.841	      162920752	      3.784	      3.706	      3.631	      3.566	           	      0.000	1629207.500	1468564.250	1337051.250	      0.074	      0.050	      0.048	
 2019/02/19	   3.848	   3.875	   3.815	   3.834	      266925888	      3.805	      3.730	      3.646	      3.568	           	      0.000	2669259.000	1809930.750	1478663.250	      0.078	      0.056	      0.046	
 2019/02/20	   3.844	   3.857	   3.818	   3.845	      506959648	      3.814	      3.757	      3.662	      3.571	           	      0.000	5069596.500	2490103.000	1904137.500	      0.082	      0.061	      0.042	
 2019/02/21	   3.850	   3.895	   3.824	   3.842	      271249408	      3.821	      3.780	      3.678	      3.574	           	      0.000	2712494.000	2812478.750	2080695.375	      0.084	      0.065	      0.037	
 2019/02/22	   3.842	   3.930	   3.818	   3.928	      176954064	      3.858	      3.807	      3.696	      3.579	           	      0.000	1769540.625	2770019.500	2067312.250	      0.091	      0.071	      0.041	
 2019/02/25	   3.978	   4.183	   3.969	   4.174	      244406752	      3.925	      3.854	      3.725	      3.588	           	      0.000	2444067.500	2932991.500	2200778.000	      0.115	      0.080	      0.072	
 2019/02/26	   4.153	   4.163	   4.077	   4.094	      258029440	      3.977	      3.891	      3.753	      3.597	           	      0.000	2580294.500	2915198.500	2362564.750	      0.127	      0.089	      0.075	
 2019/02/27	   4.088	   4.128	   4.036	   4.075	      249142400	      4.023	      3.918	      3.779	      3.606	           	      0.000	2491424.000	2399564.000	2444833.500	      0.133	      0.098	      0.070	
 2019/02/28	   4.067	   4.092	   4.052	   4.067	      219168816	      4.068	      3.944	      3.804	      3.615	           	      0.000	2191688.250	2295403.000	2553940.750	      0.135	      0.105	      0.060	
 2019/03/01	   4.092	   4.144	   4.063	   4.136	      234792400	      4.109	      3.984	      3.832	      3.624	           	      0.000	2347924.000	2411079.750	2590549.500	      0.141	      0.112	      0.057	
 2019/03/04	   4.163	   4.279	   4.157	   4.180	      199281472	      4.110	      4.017	      3.862	      3.635	           	      0.000	1992814.750	2320829.000	2626910.250	      0.147	      0.119	      0.056	
 2019/03/05	   4.181	   4.217	   4.171	   4.211	      118710072	      4.134	      4.055	      3.892	      3.645	           	      0.000	1187100.750	2042190.375	2478694.500	      0.153	      0.126	      0.054	
 2019/03/06	   4.210	   4.252	   4.175	   4.240	      171880992	      4.167	      4.095	      3.926	      3.655	           	      0.000	1718809.875	1887667.500	2143615.750	      0.159	      0.133	      0.052	
 2019/03/07	   4.229	   4.238	   4.168	   4.203	      174723360	      4.194	      4.131	      3.956	      3.664	           	      0.000	1747233.625	1798776.625	2047089.750	      0.158	      0.138	      0.040	
 2019/03/08	   4.133	   4.166	   4.048	   4.061	      197766672	      4.179	      4.144	      3.976	      3.670	           	      0.000	1977666.750	1724725.125	2067902.375	      0.144	      0.139	      0.010	
 2019/03/11	   4.044	   4.124	   4.044	   4.115	      145377904	      4.166	      4.138	      3.996	      3.679	           	      0.000	1453779.000	1616918.000	1968873.500	      0.136	      0.138	     -0.005	
 2019/03/12	   4.141	   4.195	   4.111	   4.139	      187105200	      4.152	      4.143	      4.017	      3.688	           	      0.000	1871052.000	1753708.250	1897949.250	      0.130	      0.137	     -0.013	
 2019/03/13	   4.139	   4.150	   4.098	   4.116	      181532496	      4.127	      4.147	      4.033	      3.698	           	      0.000	1815325.000	1773011.250	1830339.375	      0.122	      0.134	     -0.023	
 2019/03/14	   4.109	   4.134	   4.075	   4.092	      110346080	      4.105	      4.149	      4.047	      3.706	           	      0.000	1103460.750	1644256.750	1721516.625	      0.113	      0.130	     -0.034	
 2019/03/15	   4.093	   4.182	   4.093	   4.138	      129396984	      4.120	      4.149	      4.067	      3.716	           	      0.000	1293969.875	1507517.375	1616121.250	      0.108	      0.125	     -0.035	
 2019/03/18	   4.148	   4.255	   4.126	   4.253	      170144896	      4.148	      4.157	      4.087	      3.726	           	      0.000	1701449.000	1557051.375	1586984.625	      0.112	      0.123	     -0.022	
 2019/03/19	   4.255	   4.263	   4.210	   4.226	       63511764	      4.165	      4.158	      4.107	      3.737	           	      0.000	 635117.625	1309864.500	1531786.375	      0.111	      0.120	     -0.018	
 2019/03/20	   4.226	   4.250	   4.182	   4.226	       90755664	      4.187	      4.157	      4.126	      3.748	           	      0.000	 907556.625	1128310.750	1450661.000	      0.110	      0.118	     -0.017	
 2019/03/21	   4.226	   4.256	   4.214	   4.225	      142714864	      4.214	      4.159	      4.145	      3.760	           	      0.000	1427148.625	1193048.375	1418652.500	      0.107	      0.116	     -0.018	
 2019/03/22	   4.222	   4.240	   4.177	   4.230	       89907072	      4.232	      4.176	      4.160	      3.772	           	      0.000	 899070.750	1114068.500	1310792.875	      0.104	      0.114	     -0.019	
 2019/03/25	   4.164	   4.201	   4.138	   4.145	      106905904	      4.210	      4.179	      4.159	      3.783	           	      0.000	1069059.000	 987590.500	1272320.875	      0.094	      0.110	     -0.031	
 2019/03/26	   4.148	   4.166	   4.085	   4.101	       62490172	      4.185	      4.175	      4.159	      3.794	           	      0.000	 624901.750	 985547.375	1147705.875	      0.082	      0.104	     -0.045	
 2019/03/27	   4.103	   4.140	   4.103	   4.131	      126875096	      4.166	      4.177	      4.162	      3.805	           	      0.000	1268751.000	1057786.250	1093048.500	      0.073	      0.098	     -0.049	
 2019/03/28	   4.126	   4.149	   4.103	   4.120	       76901432	      4.145	      4.180	      4.164	      3.817	           	      0.000	 769014.313	 926159.375	1059603.875	      0.065	      0.091	     -0.053	
 2019/03/29	   4.121	   4.281	   4.121	   4.263	      140188768	      4.152	      4.192	      4.171	      3.831	           	      0.000	1401887.625	1026722.750	1070395.625	      0.069	      0.087	     -0.035	
 2019/04/01	   4.293	   4.375	   4.293	   4.370	      154883664	      4.197	      4.204	      4.180	      3.847	           	      0.000	1548836.625	1122678.250	1055134.375	      0.080	      0.086	     -0.011	
 2019/04/02	   4.391	   4.391	   4.352	   4.367	      179674256	      4.250	      4.218	      4.188	      3.863	           	      0.000	1796742.500	1357046.375	1171296.875	      0.088	      0.086	      0.003	
 2019/04/03	   4.362	   4.437	   4.343	   4.420	       87756288	      4.308	      4.237	      4.197	      3.881	           	      0.000	 877562.875	1278808.750	1168297.500	      0.097	      0.088	      0.017	
 2019/04/04	   4.450	   4.478	   4.415	   4.471	      161151680	      4.378	      4.262	      4.210	      3.899	           	      0.000	1611516.750	1447309.250	1186734.375	      0.107	      0.092	      0.030	
 2019/04/08	   4.503	   4.519	   4.406	   4.444	      180839296	      4.414	      4.283	      4.230	      3.916	           	      0.000	1808393.000	1528610.375	1277666.500	      0.111	      0.096	      0.031	
 2019/04/09	   4.444	   4.482	   4.432	   4.466	      120056704	      4.434	      4.315	      4.247	      3.933	           	      0.000	1200567.000	1458956.375	1290817.375	      0.115	      0.100	      0.031	
 2019/04/10	   4.453	   4.512	   4.425	   4.476	      136444640	      4.455	      4.353	      4.264	      3.950	           	      0.000	1364446.375	1372497.250	1364771.750	      0.118	      0.103	      0.029	
 2019/04/11	   4.463	   4.492	   4.378	   4.400	      156159904	      4.451	      4.380	      4.278	      3.965	           	      0.000	1561599.000	1509304.375	1394056.625	      0.113	      0.105	      0.015	
 2019/04/12	   4.387	   4.402	   4.359	   4.387	      113425400	      4.435	      4.406	      4.293	      3.980	           	      0.000	1134254.000	1413851.875	1430580.625	      0.106	      0.106	      0.002	
 2019/04/15	   4.445	   4.477	   4.361	   4.361	      187248080	      4.418	      4.416	      4.304	      3.994	           	      0.000	1872480.750	1426669.375	1477639.875	      0.098	      0.104	     -0.012	
 2019/04/16	   4.334	   4.483	   4.334	   4.481	      157074016	      4.421	      4.427	      4.315	      4.011	           	      0.000	1570740.125	1500704.000	1479830.250	      0.100	      0.103	     -0.007	
 2019/04/17	   4.483	   4.502	   4.448	   4.474	      102203696	      4.421	      4.438	      4.328	      4.027	           	      0.000	1022036.938	1432222.125	1402359.625	      0.100	      0.102	     -0.006	
 2019/04/18	   4.481	   4.486	   4.452	   4.463	       71534704	      4.433	      4.442	      4.340	      4.043	           	      0.000	 715347.063	1262971.750	1386138.125	      0.097	      0.101	     -0.008	
 2019/04/19	   4.463	   4.523	   4.436	   4.523	      128221600	      4.460	      4.447	      4.355	      4.059	           	      0.000	1282216.000	1292564.125	1353208.000	      0.099	      0.101	     -0.003	
 2019/04/22	   4.528	   4.528	   4.407	   4.425	      129622400	      4.473	      4.446	      4.364	      4.073	           	      0.000	1296224.000	1177312.875	1301991.125	      0.092	      0.099	     -0.014	
 2019/04/23	   4.424	   4.458	   4.404	   4.413	       88854040	      4.460	      4.440	      4.378	      4.087	           	      0.000	 888540.375	1040872.875	1270788.500	      0.084	      0.096	     -0.024	
 2019/04/24	   4.423	   4.437	   4.362	   4.420	      123908000	      4.449	      4.435	      4.394	      4.102	           	      0.000	1239080.000	1084281.500	1258251.875	      0.078	      0.092	     -0.030	
 2019/04/25	   4.411	   4.415	   4.334	   4.336	      110725808	      4.423	      4.428	      4.404	      4.115	           	      0.000	1107258.125	1162663.750	1212817.750	      0.065	      0.087	     -0.044	
 2019/04/26	   4.334	   4.343	   4.277	   4.286	      151969968	      4.376	      4.418	      4.412	      4.127	           	      0.000	1519699.625	1210160.375	1251362.250	      0.050	      0.080	     -0.059	
 2019/04/29	   4.291	   4.350	   4.278	   4.300	      128612256	      4.351	      4.412	      4.414	      4.139	           	      0.000	1286122.500	1208140.125	1192726.500	      0.039	      0.072	     -0.065	
 2019/04/30	   4.300	   4.317	   4.283	   4.301	       52230868	      4.329	      4.394	      4.411	      4.151	           	      0.000	 522308.688	1134893.750	1087883.375	      0.030	      0.063	     -0.066	
 2019/05/06	   4.203	   4.203	   4.040	   4.083	      201933120	      4.261	      4.355	      4.397	      4.159	           	      0.000	2019331.250	1290944.000	1187612.750	      0.006	      0.052	     -0.092	
 2019/05/07	   4.086	   4.139	   4.073	   4.115	      612499136	      4.217	      4.320	      4.381	      4.168	           	      0.000	6124991.500	2294490.750	1728577.250	     -0.011	      0.039	     -0.101	
 2019/05/08	   4.054	   4.126	   4.045	   4.065	      132652008	      4.173	      4.274	      4.361	      4.176	           	      0.000	1326520.125	2255854.750	1733007.625	     -0.028	      0.026	     -0.108	
 2019/05/09	   4.047	   4.060	   3.976	   4.003	      158294208	      4.113	      4.232	      4.339	      4.181	           	      0.000	1582942.125	2315218.750	1761679.375	     -0.046	      0.011	     -0.115	
 2019/05/10	   4.026	   4.136	   3.979	   4.121	      226005680	      4.077	      4.203	      4.322	      4.188	           	      0.000	2260056.750	2662768.250	1898831.125	     -0.051	     -0.001	     -0.099	
 2019/05/13	   4.073	   4.101	   4.052	   4.065	       97591568	      4.074	      4.168	      4.301	      4.194	           	      0.000	 975915.688	2454085.250	1872514.625	     -0.058	     -0.012	     -0.091	
 2019/05/14	   4.037	   4.085	   4.028	   4.042	       80099632	      4.059	      4.138	      4.283	      4.198	           	      0.000	 800996.313	1389286.250	1841888.500	     -0.065	     -0.023	     -0.083	
 2019/05/15	   4.068	   4.142	   4.068	   4.120	       48216600	      4.070	      4.122	      4.270	      4.203	           	      0.000	 482166.000	1220415.375	1738135.125	     -0.063	     -0.031	     -0.064	
 2019/05/16	   4.125	   4.147	   4.103	   4.144	       80218848	      4.098	      4.106	      4.259	      4.210	           	      0.000	 802188.500	1064264.625	1689741.750	     -0.059	     -0.036	     -0.045	
 2019/05/17	   4.134	   4.150	   4.032	   4.043	      130773800	      4.083	      4.080	      4.237	      4.213	           	      0.000	1307738.000	 873800.875	1768284.625	     -0.063	     -0.042	     -0.043	
 2019/05/20	   4.050	   4.050	   3.980	   4.012	      159108672	      4.072	      4.073	      4.214	      4.216	           	      0.000	1591086.750	 996835.125	1725460.125	     -0.068	     -0.047	     -0.043	
 2019/05/21	   4.012	   4.088	   4.010	   4.056	      178867696	      4.075	      4.067	      4.194	      4.220	           	      0.000	1788677.000	1194371.250	1291828.750	     -0.068	     -0.051	     -0.034	
 2019/05/22	   4.048	   4.073	   4.026	   4.049	      101139504	      4.061	      4.065	      4.170	      4.223	           	      0.000	1011395.063	1300217.000	1260316.250	     -0.068	     -0.055	     -0.026	
 2019/05/23	   4.050	   4.050	   3.983	   3.988	      122520704	      4.030	      4.064	      4.148	      4.224	           	      0.000	1225207.000	1384820.750	1224542.750	     -0.071	     -0.058	     -0.027	
 2019/05/24	   3.983	   4.030	   3.979	   3.991	       93831504	      4.019	      4.051	      4.127	      4.221	 938315.063	      1.000	 938315.063	1310936.125	1092368.500	     -0.073	     -0.061	     -0.025	
数据来源:通达信
