                  中 小 板 (159902)
      时间	    开盘	    最高	    最低	    收盘	         成交量	   MA.MA1   	   MA.MA2   	   MA.MA3   	   MA.MA4   	VOL-TDX.VVOL  	VOL-TDX.      	VOL-TDX.VOLUME	VOL-TDX.MAVOL1	VOL-TDX.MAVOL2	 MACD.DIF   	 MACD.DEA   	 MACD.MACD  	
 2010/09/02	   2.868	   2.896	   2.851	   2.882	       66301272	           	           	           	           	           	      0.000	 663012.750	           	           	      0.000	      0.000	      0.000	
 2010/09/03	   2.882	   2.913	   2.864	   2.897	      113323056	           	           	           	           	           	      0.000	1133230.500	           	           	      0.001	      0.000	      0.002	
 2010/09/06	   2.904	   2.923	   2.866	   2.886	       79345792	           	           	           	           	           	      0.000	 793457.938	           	           	      0.001	      0.000	      0.002	
 2010/09/07	   2.877	   2.901	   2.864	   2.897	       73758368	           	           	           	           	           	      0.000	 737583.688	           	           	      0.002	      0.001	      0.003	
 2010/09/08	   2.890	   2.937	   2.867	   2.937	       54071084	      2.900	           	           	           	           	      0.000	 540710.813	 773599.125	           	      0.006	      0.002	      0.008	
 2010/09/09	   2.945	   2.951	   2.890	   2.892	       70205464	      2.902	           	           	           	           	      0.000	 702054.625	 781407.500	           	      0.005	      0.003	      0.006	
 2010/09/10	   2.893	   2.945	   2.870	   2.943	       71054944	      2.911	           	           	           	           	      0.000	 710549.438	 696871.313	           	      0.009	      0.004	      0.010	
 2010/09/13	   2.940	   3.009	   2.933	   3.008	       69264880	      2.935	           	           	           	           	      0.000	 692648.813	 676709.500	           	      0.017	      0.006	      0.021	
 2010/09/14	   3.008	   3.037	   2.999	   3.013	       66100768	      2.959	           	           	           	           	      0.000	 661007.688	 661394.250	           	      0.023	      0.010	      0.027	
 2010/09/15	   3.010	   3.026	   2.951	   2.962	      106374320	      2.964	      2.932	           	           	           	      0.000	1063743.250	 766000.750	 769799.938	      0.024	      0.013	      0.022	
 2010/09/16	   2.961	   2.968	   2.857	   2.886	      106953376	      2.962	      2.932	           	           	           	      0.000	1069533.750	 839496.563	 810452.063	      0.018	      0.014	      0.009	
 2010/09/17	   2.895	   2.915	   2.870	   2.889	       78514816	      2.952	      2.931	           	           	           	      0.000	 785148.188	 854416.313	 775643.813	      0.013	      0.014	     -0.000	
 2010/09/20	   2.891	   2.903	   2.844	   2.867	      109467584	      2.923	      2.929	           	           	           	      0.000	1094675.875	 934821.750	 805765.625	      0.008	      0.012	     -0.009	
 2010/09/21	   2.872	   2.892	   2.860	   2.872	       42701452	      2.895	      2.927	           	           	           	      0.000	 427014.531	 888023.125	 774708.688	      0.004	      0.011	     -0.014	
 2010/09/27	   2.881	   2.957	   2.881	   2.957	       67872000	      2.894	      2.929	           	           	           	      0.000	 678720.000	 811018.500	 788509.625	      0.008	      0.010	     -0.005	
 2010/09/28	   2.958	   2.962	   2.930	   2.936	       68441968	      2.904	      2.933	           	           	           	      0.000	 684419.688	 733995.625	 786746.125	      0.009	      0.010	     -0.002	
 2010/09/29	   2.927	   2.951	   2.894	   2.900	       56732440	      2.906	      2.929	           	           	           	      0.000	 567324.375	 690430.875	 772423.625	      0.007	      0.009	     -0.005	
 2010/09/30	   2.886	   2.960	   2.878	   2.959	       46445128	      2.925	      2.924	           	           	           	      0.000	 464451.281	 564386.000	 749603.875	      0.010	      0.009	      0.001	
 2010/10/08	   2.973	   3.037	   2.973	   3.024	       49986576	      2.955	      2.925	           	           	           	      0.000	 499865.750	 578956.250	 733489.688	      0.017	      0.011	      0.012	
 2010/10/11	   3.026	   3.038	   2.983	   3.012	      107491280	      2.966	      2.930	      2.931	           	           	      0.000	1074912.750	 658194.750	 734606.625	      0.022	      0.013	      0.017	
 2010/10/12	   2.983	   3.012	   2.983	   3.007	       47907472	      2.980	      2.942	      2.937	           	           	      0.000	 479074.719	 617125.750	 675560.688	      0.025	      0.015	      0.019	
 2010/10/13	   3.002	   3.040	   2.972	   3.030	       63977372	      3.006	      2.956	      2.944	           	           	      0.000	 639773.750	 631615.625	 661023.250	      0.028	      0.018	      0.021	
 2010/10/14	   3.037	   3.042	   2.929	   2.939	       64834800	      3.002	      2.964	      2.947	           	           	      0.000	 648348.000	 668395.000	 616390.500	      0.024	      0.019	      0.010	
 2010/10/15	   2.940	   2.988	   2.920	   2.953	       74511552	      2.988	      2.972	      2.949	           	           	      0.000	 745115.500	 717444.938	 648200.563	      0.021	      0.020	      0.003	
 2010/10/18	   2.950	   2.952	   2.855	   2.905	       93442792	      2.967	      2.967	      2.948	           	           	      0.000	 934427.938	 689348.000	 673771.375	      0.015	      0.019	     -0.007	
 2010/10/19	   2.884	   3.006	   2.884	   3.006	      104497192	      2.967	      2.974	      2.953	           	           	      0.000	1044971.938	 802527.438	 709826.625	      0.018	      0.019	     -0.001	
 2010/10/20	   2.986	   3.058	   2.943	   3.026	       93238664	      2.966	      2.986	      2.958	           	           	      0.000	 932386.625	 861050.000	 746332.813	      0.022	      0.019	      0.005	
 2010/10/21	   3.033	   3.069	   3.025	   3.065	       56730912	      2.991	      2.997	      2.960	           	           	      0.000	 567309.125	 844842.250	 756618.625	      0.028	      0.021	      0.014	
 2010/10/22	   3.050	   3.120	   3.046	   3.108	       92241592	      3.022	      3.005	      2.965	           	           	      0.000	 922415.938	 880302.313	 798873.625	      0.035	      0.024	      0.023	
 2010/10/25	   3.135	   3.199	   3.113	   3.195	      118487392	      3.080	      3.023	      2.977	           	           	      0.000	1184873.875	 930391.500	 809869.750	      0.048	      0.029	      0.039	
 2010/10/26	   3.195	   3.215	   3.163	   3.209	       64778600	      3.121	      3.044	      2.993	           	           	      0.000	 647786.000	 850954.313	 826740.875	      0.058	      0.035	      0.048	
 2010/10/27	   3.201	   3.248	   3.170	   3.171	       73497736	      3.150	      3.058	      3.007	           	           	      0.000	 734977.375	 811472.438	 836261.250	      0.063	      0.040	      0.045	
 2010/10/28	   3.175	   3.200	   3.150	   3.182	       61396264	      3.173	      3.082	      3.023	           	           	      0.000	 613962.625	 820803.188	 832822.688	      0.066	      0.045	      0.042	
 2010/10/29	   3.180	   3.240	   3.179	   3.231	       65924536	      3.198	      3.110	      3.041	           	           	      0.000	 659245.375	 768169.063	 824235.688	      0.072	      0.051	      0.043	
 2010/11/01	   3.245	   3.325	   3.245	   3.322	      116757232	      3.223	      3.151	      3.059	           	           	      0.000	1167572.375	 764708.750	 847550.125	      0.084	      0.057	      0.052	
 2010/11/02	   3.325	   3.326	   3.264	   3.264	       76210680	      3.234	      3.177	      3.075	           	           	      0.000	 762106.813	 787572.938	 819263.625	      0.087	      0.063	      0.047	
 2010/11/03	   3.259	   3.264	   3.196	   3.202	       57918432	      3.240	      3.195	      3.090	           	           	      0.000	 579184.313	 756414.313	 783943.375	      0.083	      0.067	      0.032	
 2010/11/04	   3.198	   3.285	   3.198	   3.285	       69299608	      3.261	      3.217	      3.107	           	           	      0.000	 692996.063	 772221.000	 796512.063	      0.086	      0.071	      0.030	
 2010/11/05	   3.335	   3.338	   3.290	   3.331	       62063064	      3.281	      3.239	      3.122	           	           	      0.000	 620630.625	 764498.063	 766333.563	      0.091	      0.075	      0.032	
 2010/11/08	   3.335	   3.388	   3.325	   3.386	       63256668	      3.294	      3.258	      3.141	           	           	      0.000	 632566.688	 657496.875	 711102.813	      0.098	      0.080	      0.037	
 2010/11/09	   3.383	   3.405	   3.367	   3.404	       89494624	      3.322	      3.278	      3.161	           	           	      0.000	 894946.250	 684064.813	 735818.875	      0.104	      0.085	      0.040	
 2010/11/10	   3.370	   3.434	   3.370	   3.426	       85395896	      3.366	      3.303	      3.181	           	           	      0.000	 853958.938	 739019.688	 747717.000	      0.110	      0.090	      0.040	
 2010/11/11	   3.422	   3.481	   3.403	   3.416	       77548144	      3.393	      3.327	      3.204	           	           	      0.000	 775481.438	 755516.813	 763868.875	      0.112	      0.094	      0.035	
 2010/11/12	   3.393	   3.399	   3.180	   3.199	      142730192	      3.366	      3.323	      3.217	           	           	      0.000	1427301.875	 916851.063	 840674.563	      0.095	      0.094	      0.001	
 2010/11/15	   3.200	   3.280	   3.185	   3.280	      141790496	      3.345	      3.319	      3.235	           	           	      0.000	1417905.000	1073918.750	 865707.813	      0.087	      0.093	     -0.012	
 2010/11/16	   3.268	   3.287	   3.100	   3.140	      164752800	      3.292	      3.307	      3.242	           	           	      0.000	1647528.000	1224435.000	 954249.938	      0.069	      0.088	     -0.039	
 2010/11/17	   3.120	   3.140	   3.030	   3.039	      103670728	      3.215	      3.291	      3.243	           	           	      0.000	1036707.250	1260984.750	1000002.188	      0.045	      0.079	     -0.068	
 2010/11/18	   3.061	   3.120	   3.041	   3.104	       64462172	      3.152	      3.273	      3.245	           	           	      0.000	 644621.750	1234812.750	 995164.750	      0.032	      0.070	     -0.076	
 2010/11/19	   3.118	   3.240	   3.112	   3.223	      182672704	      3.157	      3.262	      3.250	           	           	      0.000	1826727.000	1314697.750	1115774.375	      0.030	      0.062	     -0.063	
 2010/11/22	   3.208	   3.298	   3.190	   3.265	      174949136	      3.154	      3.250	      3.254	           	           	      0.000	1749491.375	1381015.125	1227466.875	      0.032	      0.056	     -0.048	
 2010/11/23	   3.240	   3.260	   3.160	   3.222	      242071904	      3.171	      3.231	      3.255	           	           	      0.000	2420719.000	1535653.250	1380044.125	      0.030	      0.051	     -0.042	
 2010/11/24	   3.197	   3.309	   3.196	   3.308	       71537864	      3.224	      3.220	      3.261	           	           	      0.000	 715378.625	1471387.500	1366186.125	      0.035	      0.048	     -0.026	
 2010/11/25	   3.315	   3.340	   3.281	   3.300	      121742264	      3.264	      3.208	      3.267	           	           	      0.000	1217422.625	1585947.750	1410380.250	      0.037	      0.046	     -0.017	
 2010/11/26	   3.295	   3.319	   3.264	   3.308	       92302512	      3.281	      3.219	      3.271	           	           	      0.000	 923025.125	1405207.375	1359952.625	      0.040	      0.044	     -0.010	
 2010/11/29	   3.291	   3.317	   3.260	   3.304	       91963264	      3.288	      3.221	      3.270	           	           	      0.000	 919632.625	1239235.625	1310125.375	      0.041	      0.044	     -0.006	
 2010/11/30	   3.291	   3.309	   3.140	   3.230	      134270864	      3.290	      3.230	      3.269	           	           	      0.000	1342708.625	1023633.500	1279643.375	      0.035	      0.042	     -0.014	
 2010/12/01	   3.209	   3.238	   3.194	   3.222	       40183336	      3.273	      3.249	      3.270	           	           	      0.000	 401833.375	 960924.500	1216156.000	      0.030	      0.039	     -0.020	
 2010/12/02	   3.260	   3.270	   3.222	   3.224	       36248544	      3.258	      3.261	      3.267	           	           	      0.000	 362485.438	 789937.063	1187942.375	      0.025	      0.037	     -0.023	
 2010/12/03	   3.225	   3.235	   3.174	   3.191	       53549620	      3.234	      3.257	      3.260	           	           	      0.000	 535496.188	 712431.250	1058819.250	      0.019	      0.033	     -0.028	
 2010/12/06	   3.201	   3.210	   3.137	   3.150	       48361620	      3.203	      3.246	      3.248	      3.107	           	      0.000	 483616.188	 625227.938	 932231.750	      0.010	      0.028	     -0.036	
 2010/12/07	   3.150	   3.248	   3.127	   3.246	       73434808	      3.207	      3.248	      3.240	      3.113	           	      0.000	 734348.063	 503555.844	 763594.688	      0.011	      0.025	     -0.028	
 2010/12/08	   3.245	   3.264	   3.225	   3.226	       67277016	      3.207	      3.240	      3.230	      3.118	           	      0.000	 672770.188	 557743.188	 759333.875	      0.010	      0.022	     -0.024	
 2010/12/09	   3.203	   3.224	   3.163	   3.166	       37175424	      3.196	      3.227	      3.217	      3.123	           	      0.000	 371754.250	 559597.000	 674767.000	      0.005	      0.019	     -0.028	
 2010/12/10	   3.152	   3.229	   3.145	   3.226	       31183112	      3.203	      3.218	      3.219	      3.128	           	      0.000	 311831.125	 514863.969	 613647.625	      0.005	      0.016	     -0.022	
 2010/12/13	   3.232	   3.340	   3.232	   3.310	       83707472	      3.235	      3.219	      3.220	      3.134	           	      0.000	 837074.750	 585555.688	 605391.813	      0.012	      0.015	     -0.007	
 2010/12/14	   3.320	   3.335	   3.302	   3.332	       76839472	      3.252	      3.229	      3.230	      3.142	           	      0.000	 768394.750	 592365.000	 547960.438	      0.019	      0.016	      0.006	
 2010/12/15	   3.332	   3.345	   3.304	   3.310	       56914512	      3.269	      3.238	      3.243	      3.148	           	      0.000	 569145.125	 571640.000	 564691.625	      0.022	      0.017	      0.010	
 2010/12/16	   3.308	   3.329	   3.301	   3.304	       28304350	      3.296	      3.246	      3.253	      3.153	           	      0.000	 283043.500	 553897.875	 556747.438	      0.024	      0.018	      0.011	
 2010/12/17	   3.301	   3.316	   3.290	   3.316	       38810904	      3.314	      3.259	      3.258	      3.158	           	      0.000	 388109.031	 569153.438	 542008.688	      0.026	      0.020	      0.013	
 2010/12/20	   3.337	   3.337	   3.186	   3.275	       77644432	      3.307	      3.271	      3.259	      3.163	           	      0.000	 776444.313	 557027.375	 571291.500	      0.025	      0.021	      0.007	
 2010/12/21	   3.271	   3.309	   3.256	   3.306	       23823394	      3.302	      3.277	      3.263	      3.170	           	      0.000	 238233.938	 450995.188	 521680.094	      0.025	      0.022	      0.007	
 2010/12/22	   3.306	   3.306	   3.252	   3.264	       26789960	      3.293	      3.281	      3.260	      3.176	           	      0.000	 267899.594	 390746.063	 481193.031	      0.022	      0.022	      0.001	
 2010/12/23	   3.256	   3.266	   3.200	   3.208	       36735208	      3.274	      3.285	      3.256	      3.182	           	      0.000	 367352.094	 407607.781	 480752.813	      0.015	      0.021	     -0.011	
 2010/12/24	   3.186	   3.186	   3.128	   3.140	      197462672	      3.239	      3.276	      3.247	      3.186	           	      0.000	1974626.750	 724911.313	 647032.375	      0.004	      0.017	     -0.026	
 2010/12/27	   3.148	   3.198	   3.050	   3.060	       60490204	      3.196	      3.251	      3.235	      3.188	           	      0.000	 604902.063	 690602.875	 623815.125	     -0.011	      0.012	     -0.045	
 2010/12/28	   3.047	   3.060	   2.987	   3.009	       47184252	      3.136	      3.219	      3.224	      3.189	           	      0.000	 471842.531	 737324.625	 594159.875	     -0.027	      0.004	     -0.062	
 2010/12/29	   3.013	   3.094	   3.013	   3.092	       49518464	      3.102	      3.197	      3.218	      3.193	           	      0.000	 495184.625	 782781.625	 586763.875	     -0.032	     -0.003	     -0.058	
 2010/12/30	   3.100	   3.119	   3.077	   3.116	       81313944	      3.083	      3.179	      3.212	      3.195	           	      0.000	 813139.438	 871939.063	 639773.438	     -0.034	     -0.010	     -0.050	
 2010/12/31	   3.111	   3.185	   3.111	   3.182	       31121422	      3.092	      3.165	      3.212	      3.198	           	      0.000	 311214.219	 539256.563	 632083.938	     -0.030	     -0.014	     -0.033	
 2011/01/04	   3.195	   3.218	   3.161	   3.216	       39430116	      3.123	      3.159	      3.215	      3.201	           	      0.000	 394301.156	 497136.406	 593869.625	     -0.024	     -0.016	     -0.017	
 2011/01/05	   3.190	   3.216	   3.176	   3.191	       21578348	      3.159	      3.148	      3.212	      3.204	           	      0.000	 215783.484	 445924.594	 591624.625	     -0.021	     -0.017	     -0.008	
 2011/01/06	   3.187	   3.207	   3.163	   3.169	       20910852	      3.175	      3.138	      3.210	      3.207	           	      0.000	 209108.516	 388709.375	 585745.500	     -0.020	     -0.017	     -0.005	
 2011/01/07	   3.160	   3.195	   3.131	   3.150	       25263488	      3.182	      3.132	      3.209	      3.210	           	      0.000	 252634.875	 276608.438	 574273.750	     -0.020	     -0.018	     -0.005	
 2011/01/10	   3.140	   3.154	   3.063	   3.073	       27083552	      3.160	      3.126	      3.201	      3.212	           	      0.000	 270835.531	 268532.719	 403894.656	     -0.027	     -0.020	     -0.014	
 2011/01/11	   3.060	   3.068	   3.017	   3.052	       29207982	      3.127	      3.125	      3.188	      3.215	           	      0.000	 292079.813	 248088.438	 372612.406	     -0.033	     -0.022	     -0.021	
 2011/01/12	   3.056	   3.069	   3.011	   3.058	       27954092	      3.100	      3.130	      3.175	      3.215	           	      0.000	 279540.906	 260839.922	 353382.250	     -0.037	     -0.025	     -0.024	
 2011/01/13	   3.068	   3.078	   3.041	   3.060	       40219876	      3.079	      3.127	      3.162	      3.216	           	      0.000	 402198.750	 299457.969	 344083.656	     -0.040	     -0.028	     -0.023	
 2011/01/14	   3.055	   3.055	   3.000	   3.002	       25745444	      3.049	      3.115	      3.147	      3.215	           	      0.000	 257454.438	 300421.875	 288515.156	     -0.046	     -0.032	     -0.028	
 2011/01/17	   2.988	   3.000	   2.851	   2.851	       49172176	      3.005	      3.082	      3.124	      3.211	           	      0.000	 491721.750	 344599.125	 306565.938	     -0.062	     -0.038	     -0.049	
 2011/01/18	   2.851	   2.889	   2.841	   2.885	       38552996	      2.971	      3.049	      3.104	      3.206	           	      0.000	 385529.969	 363289.156	 305688.813	     -0.072	     -0.045	     -0.054	
 2011/01/19	   2.880	   2.959	   2.875	   2.951	       32448360	      2.950	      3.025	      3.086	      3.201	           	      0.000	 324483.594	 372277.688	 316558.813	     -0.073	     -0.050	     -0.046	
 2011/01/20	   2.951	   2.951	   2.841	   2.846	       43174400	      2.907	      2.993	      3.066	      3.196	           	      0.000	 431744.000	 378186.750	 338822.375	     -0.082	     -0.057	     -0.050	
 2011/01/21	   2.843	   2.899	   2.825	   2.855	       20004558	      2.878	      2.963	      3.048	      3.190	           	      0.000	 200045.578	 366704.969	 333563.438	     -0.087	     -0.063	     -0.048	
 2011/01/24	   2.847	   2.857	   2.762	   2.769	       29407416	      2.861	      2.933	      3.029	      3.183	           	      0.000	 294074.156	 327175.469	 335887.281	     -0.097	     -0.069	     -0.054	
 2011/01/25	   2.767	   2.768	   2.718	   2.740	       33456540	      2.832	      2.902	      3.013	      3.173	           	      0.000	 334565.406	 316982.563	 340135.844	     -0.106	     -0.077	     -0.058	
 2011/01/26	   2.742	   2.798	   2.742	   2.784	       53619888	      2.799	      2.874	      3.002	      3.165	           	      0.000	 536198.875	 359325.594	 365801.656	     -0.108	     -0.083	     -0.050	
 2011/01/27	   2.770	   2.850	   2.743	   2.838	       87711872	      2.797	      2.852	      2.989	      3.159	           	      0.000	 877118.750	 448400.563	 413293.656	     -0.104	     -0.087	     -0.034	
 2011/01/28	   2.836	   2.868	   2.830	   2.861	       40901272	      2.798	      2.838	      2.977	      3.152	           	      0.000	 409012.719	 490193.969	 428449.469	     -0.098	     -0.089	     -0.018	
 2011/01/31	   2.855	   2.891	   2.846	   2.891	       24486744	      2.823	      2.842	      2.962	      3.145	           	      0.000	 244867.438	 480352.625	 403764.063	     -0.090	     -0.089	     -0.001	
 2011/02/01	   2.890	   2.900	   2.873	   2.895	       19484656	      2.854	      2.843	      2.946	      3.136	           	      0.000	 194846.563	 452408.875	 384695.719	     -0.082	     -0.088	      0.012	
 2011/02/09	   2.887	   2.899	   2.850	   2.853	       39558636	      2.868	      2.833	      2.929	      3.127	           	      0.000	 395586.375	 424286.375	 391806.000	     -0.078	     -0.086	      0.015	
 2011/02/10	   2.852	   2.948	   2.845	   2.941	       81944656	      2.888	      2.843	      2.918	      3.119	           	      0.000	 819446.563	 412751.938	 430576.250	     -0.068	     -0.082	      0.029	
 2011/02/11	   2.938	   2.996	   2.931	   2.990	       70733464	      2.914	      2.856	      2.910	      3.112	           	      0.000	 707334.625	 472416.313	 481305.156	     -0.055	     -0.077	      0.045	
 2011/02/14	   2.996	   3.045	   2.991	   3.042	       67435952	      2.944	      2.884	      2.908	      3.109	           	      0.000	 674359.500	 558314.750	 519333.688	     -0.040	     -0.069	      0.060	
 2011/02/15	   3.053	   3.063	   3.024	   3.027	       53480524	      2.971	      2.912	      2.907	      3.105	           	      0.000	 534805.250	 626306.438	 539357.688	     -0.028	     -0.061	      0.065	
 2011/02/16	   3.027	   3.078	   3.014	   3.078	       71728656	      3.016	      2.942	      2.908	      3.104	           	      0.000	 717286.563	 690646.500	 557466.438	     -0.015	     -0.052	      0.073	
 2011/02/17	   3.086	   3.100	   3.055	   3.089	       77449552	      3.045	      2.967	      2.909	      3.105	           	      0.000	 774495.500	 681656.313	 547204.125	     -0.004	     -0.042	      0.077	
 2011/02/18	   3.084	   3.085	   3.051	   3.055	       87898896	      3.058	      2.986	      2.912	      3.104	           	      0.000	 878988.938	 715987.125	 594201.750	      0.002	     -0.034	      0.071	
 2011/02/21	   3.031	   3.115	   3.031	   3.115	       57979280	      3.073	      3.009	      2.925	      3.102	           	      0.000	 579792.813	 697073.813	 627694.250	      0.012	     -0.025	      0.072	
 2011/02/22	   3.112	   3.122	   3.031	   3.031	       77862304	      3.074	      3.022	      2.933	      3.098	           	      0.000	 778623.063	 745837.375	 686071.938	      0.012	     -0.017	      0.059	
 2011/02/23	   3.017	   3.070	   3.017	   3.060	       58339744	      3.070	      3.043	      2.938	      3.096	           	      0.000	 583397.438	 719059.563	 704853.000	      0.015	     -0.011	      0.051	
 2011/02/24	   3.055	   3.094	   3.041	   3.090	       45985048	      3.070	      3.058	      2.950	      3.092	           	      0.000	 459850.469	 656130.563	 668893.438	      0.019	     -0.005	      0.048	
 2011/02/25	   3.094	   3.112	   3.071	   3.105	       37258544	      3.080	      3.069	      2.963	      3.089	           	      0.000	 372585.438	 554849.875	 635418.500	      0.024	      0.001	      0.046	
 2011/02/28	   3.105	   3.135	   3.084	   3.130	       40546828	      3.083	      3.078	      2.981	      3.086	           	      0.000	 405468.281	 519984.938	 608529.375	      0.029	      0.007	      0.045	
 2011/03/01	   3.128	   3.165	   3.116	   3.143	       38291688	      3.106	      3.090	      3.001	      3.083	           	      0.000	 382916.875	 440843.688	 593340.563	      0.034	      0.012	      0.043	
 2011/03/02	   3.130	   3.137	   3.080	   3.121	       78364464	      3.118	      3.094	      3.018	      3.081	           	      0.000	 783644.625	 480893.125	 599976.375	      0.035	      0.017	      0.037	
 2011/03/03	   3.122	   3.144	   3.062	   3.067	       31858552	      3.113	      3.092	      3.029	      3.079	           	      0.000	 318585.531	 452640.156	 554385.375	      0.032	      0.020	      0.024	
 2011/03/04	   3.066	   3.099	   3.046	   3.089	       30341040	      3.110	      3.095	      3.041	      3.077	           	      0.000	 303410.406	 438805.156	 496827.500	      0.030	      0.022	      0.017	
 2011/03/07	   3.094	   3.131	   3.083	   3.131	       46892412	      3.110	      3.097	      3.053	      3.076	           	      0.000	 468924.125	 451496.313	 485740.625	      0.032	      0.024	      0.017	
 2011/03/08	   3.131	   3.138	   3.106	   3.137	       38897512	      3.109	      3.107	      3.065	      3.075	           	      0.000	 388975.125	 452707.969	 446775.844	      0.034	      0.026	      0.016	
 2011/03/09	   3.145	   3.150	   3.128	   3.143	       27290480	      3.113	      3.116	      3.079	      3.074	           	      0.000	 272904.813	 350560.000	 415726.563	      0.035	      0.028	      0.015	
 2011/03/10	   3.125	   3.160	   3.122	   3.134	       44017328	      3.127	      3.120	      3.089	      3.072	           	      0.000	 440173.281	 374877.563	 413758.844	      0.035	      0.029	      0.012	
 2011/03/11	   3.124	   3.162	   3.120	   3.124	       49542192	      3.134	      3.122	      3.096	      3.071	           	      0.000	 495421.906	 413279.844	 426042.500	      0.034	      0.030	      0.008	
 2011/03/14	   3.124	   3.151	   3.102	   3.150	       36203480	      3.138	      3.124	      3.101	      3.070	           	      0.000	 362034.813	 391902.000	 421699.156	      0.035	      0.031	      0.007	
 2011/03/15	   3.145	   3.145	   3.050	   3.128	       50009032	      3.136	      3.122	      3.106	      3.067	           	      0.000	 500090.313	 414125.031	 433416.500	      0.033	      0.032	      0.003	
 2011/03/16	   3.120	   3.175	   3.120	   3.173	       39739392	      3.142	      3.128	      3.111	      3.064	           	      0.000	 397393.906	 439022.844	 394791.438	      0.035	      0.032	      0.006	
 2011/03/17	   3.143	   3.166	   3.094	   3.113	       37712736	      3.138	      3.132	      3.112	      3.061	           	      0.000	 377127.375	 426413.656	 400645.594	      0.032	      0.032	     -0.001	
 2011/03/18	   3.134	   3.151	   3.114	   3.135	       31313080	      3.140	      3.137	      3.116	      3.058	           	      0.000	 313130.813	 389955.438	 401617.656	      0.030	      0.032	     -0.003	
 2011/03/21	   3.136	   3.145	   3.091	   3.101	       22339432	      3.130	      3.134	      3.115	      3.055	           	      0.000	 223394.313	 362227.344	 377064.656	      0.026	      0.031	     -0.009	
 2011/03/22	   3.108	   3.113	   3.060	   3.079	       14925708	      3.120	      3.128	      3.118	      3.051	           	      0.000	 149257.078	 292060.688	 353092.875	      0.021	      0.029	     -0.016	
 2011/03/23	   3.079	   3.126	   3.079	   3.125	       22611780	      3.111	      3.126	      3.121	      3.048	           	      0.000	 226117.797	 257805.469	 348414.156	      0.020	      0.027	     -0.014	
 2011/03/24	   3.125	   3.142	   3.116	   3.124	       21059914	      3.113	      3.125	      3.123	      3.046	           	      0.000	 210599.141	 224499.828	 325456.750	      0.019	      0.025	     -0.013	
 2011/03/25	   3.121	   3.148	   3.117	   3.139	       20212728	      3.114	      3.127	      3.124	      3.045	           	      0.000	 202127.281	 202299.125	 296127.281	      0.019	      0.024	     -0.010	
 2011/03/28	   3.142	   3.151	   3.090	   3.095	       23282052	      3.112	      3.121	      3.123	      3.044	           	      0.000	 232820.516	 204184.359	 283205.844	      0.016	      0.022	     -0.013	
 2011/03/29	   3.093	   3.093	   3.020	   3.022	       30506468	      3.101	      3.111	      3.116	      3.044	           	      0.000	 305064.688	 235345.891	 263703.281	      0.007	      0.019	     -0.025	
 2011/03/30	   3.020	   3.035	   2.994	   2.998	       23548588	      3.076	      3.093	      3.110	      3.043	           	      0.000	 235485.875	 237219.500	 247512.484	     -0.002	      0.015	     -0.034	
 2011/03/31	   2.998	   3.022	   2.965	   2.976	       35575264	      3.046	      3.079	      3.106	      3.041	           	      0.000	 355752.625	 266250.188	 245375.016	     -0.011	      0.010	     -0.041	
 2011/04/01	   2.984	   3.002	   2.971	   3.001	       25252264	      3.018	      3.066	      3.101	      3.040	           	      0.000	 252522.641	 276329.281	 239314.188	     -0.015	      0.005	     -0.040	
 2011/04/06	   2.998	   3.001	   2.961	   2.972	       15530246	      2.994	      3.053	      3.093	      3.036	           	      0.000	 155302.453	 260825.656	 232505.016	     -0.021	     -0.000	     -0.042	
 2011/04/07	   2.972	   3.007	   2.961	   3.007	       49757292	      2.991	      3.046	      3.087	      3.033	           	      0.000	 497572.906	 299327.313	 267336.594	     -0.023	     -0.005	     -0.036	
 2011/04/08	   3.002	   3.035	   2.994	   3.033	       40068056	      2.998	      3.037	      3.081	      3.030	           	      0.000	 400680.563	 332366.250	 284792.875	     -0.021	     -0.008	     -0.027	
 2011/04/11	   3.036	   3.042	   2.995	   2.999	       66218264	      3.002	      3.024	      3.075	      3.027	           	      0.000	 662182.625	 393652.250	 329951.219	     -0.023	     -0.011	     -0.024	
 2011/04/12	   2.993	   3.008	   2.960	   2.973	       34159196	      2.997	      3.008	      3.067	      3.024	           	      0.000	 341591.969	 411466.094	 343897.688	     -0.026	     -0.014	     -0.024	
 2011/04/13	   2.972	   3.017	   2.961	   3.017	       43261000	      3.006	      3.000	      3.060	      3.023	           	      0.000	 432610.000	 466927.625	 363876.625	     -0.025	     -0.016	     -0.017	
 2011/04/14	   3.010	   3.025	   3.000	   3.010	       19380188	      3.006	      2.999	      3.055	      3.023	           	      0.000	 193801.875	 406173.406	 352750.344	     -0.024	     -0.018	     -0.012	
 2011/04/15	   3.008	   3.009	   2.970	   2.991	       10868292	      2.998	      2.998	      3.046	      3.021	           	      0.000	 108682.922	 347773.875	 340070.063	     -0.024	     -0.019	     -0.011	
 2011/04/18	   2.987	   3.005	   2.977	   2.993	       15045230	      2.997	      3.000	      3.039	      3.020	           	      0.000	 150452.297	 245427.813	 319540.031	     -0.024	     -0.020	     -0.009	
 2011/04/19	   2.989	   2.989	   2.936	   2.968	       82543384	      2.996	      2.996	      3.031	      3.020	           	      0.000	 825433.813	 342196.188	 376831.156	     -0.026	     -0.021	     -0.010	
 2011/04/20	   2.968	   2.976	   2.951	   2.974	       22833308	      2.987	      2.997	      3.025	      3.022	           	      0.000	 228333.078	 301340.813	 384134.219	     -0.027	     -0.022	     -0.009	
 2011/04/21	   2.980	   2.997	   2.975	   2.990	       13886745	      2.983	      2.995	      3.020	      3.024	           	      0.000	 138867.453	 290353.906	 348263.656	     -0.026	     -0.023	     -0.005	
 2011/04/22	   2.993	   2.993	   2.952	   2.974	       12729228	      2.980	      2.989	      3.013	      3.024	           	      0.000	 127292.281	 294075.781	 320924.844	     -0.026	     -0.024	     -0.004	
 2011/04/25	   2.963	   2.963	   2.910	   2.917	       10189206	      2.965	      2.981	      3.002	      3.025	           	      0.000	 101892.063	 284363.750	 264895.781	     -0.030	     -0.025	     -0.010	
 2011/04/26	   2.914	   2.916	   2.872	   2.885	       43378928	      2.948	      2.972	      2.990	      3.026	           	      0.000	 433789.281	 206034.828	 274115.500	     -0.036	     -0.027	     -0.017	
 2011/04/27	   2.892	   2.900	   2.844	   2.855	       46859660	      2.924	      2.956	      2.978	      3.027	           	      0.000	 468596.594	 254087.531	 277714.156	     -0.042	     -0.030	     -0.024	
 2011/04/28	   2.858	   2.866	   2.790	   2.790	       99621648	      2.884	      2.934	      2.966	      3.028	           	      0.000	 996216.500	 425557.344	 357955.625	     -0.052	     -0.034	     -0.035	
 2011/04/29	   2.792	   2.818	   2.781	   2.816	       60644744	      2.853	      2.916	      2.957	      3.028	           	      0.000	 606447.438	 521388.375	 407732.094	     -0.057	     -0.039	     -0.036	
 2011/05/03	   2.816	   2.854	   2.807	   2.854	       20925208	      2.840	      2.902	      2.951	      3.029	           	      0.000	 209252.078	 542860.375	 413612.063	     -0.057	     -0.042	     -0.029	
 2011/05/04	   2.842	   2.842	   2.782	   2.796	       16279298	      2.822	      2.885	      2.941	      3.028	           	      0.000	 162792.984	 488661.125	 347347.969	     -0.061	     -0.046	     -0.030	
 2011/05/05	   2.790	   2.810	   2.778	   2.797	       21759756	      2.811	      2.867	      2.932	      3.026	           	      0.000	 217597.563	 438461.313	 346274.438	     -0.063	     -0.050	     -0.028	
 2011/05/06	   2.774	   2.830	   2.750	   2.827	       26390880	      2.818	      2.851	      2.923	      3.025	           	      0.000	 263908.813	 291999.781	 358778.563	     -0.062	     -0.052	     -0.020	
 2011/05/09	   2.828	   2.857	   2.827	   2.836	       19273908	      2.822	      2.837	      2.913	      3.025	           	      0.000	 192739.078	 209258.109	 365323.250	     -0.060	     -0.054	     -0.012	
 2011/05/10	   2.845	   2.848	   2.825	   2.845	       34334540	      2.820	      2.830	      2.905	      3.023	           	      0.000	 343345.406	 236076.766	 389468.563	     -0.057	     -0.054	     -0.005	
 2011/05/11	   2.846	   2.854	   2.818	   2.836	       20037524	      2.828	      2.825	      2.899	      3.020	           	      0.000	 200375.234	 243593.219	 366127.156	     -0.054	     -0.054	      0.000	
 2011/05/12	   2.825	   2.833	   2.800	   2.800	       16891810	      2.829	      2.820	      2.888	      3.016	           	      0.000	 168918.094	 233857.328	 336159.313	     -0.054	     -0.054	     -0.000	
 2011/05/13	   2.799	   2.820	   2.767	   2.811	       25333790	      2.826	      2.822	      2.878	      3.013	           	      0.000	 253337.906	 231743.141	 261871.453	     -0.053	     -0.054	      0.002	
 2011/05/16	   2.811	   2.825	   2.801	   2.805	       14717243	      2.819	      2.821	      2.868	      3.008	           	      0.000	 147172.438	 222629.813	 215943.953	     -0.052	     -0.054	      0.003	
 2011/05/17	   2.808	   2.830	   2.777	   2.813	       20854212	      2.813	      2.817	      2.859	      3.004	           	      0.000	 208542.125	 195669.156	 215872.969	     -0.050	     -0.053	      0.006	
 2011/05/18	   2.809	   2.829	   2.795	   2.824	        9062466	      2.811	      2.819	      2.852	      3.000	           	      0.000	  90624.656	 173719.047	 208656.125	     -0.047	     -0.052	      0.010	
 2011/05/19	   2.830	   2.850	   2.817	   2.818	       18598400	      2.814	      2.822	      2.844	      2.995	           	      0.000	 185984.000	 177132.219	 205494.781	     -0.044	     -0.050	      0.012	
 2011/05/20	   2.813	   2.822	   2.801	   2.809	       14459219	      2.814	      2.820	      2.835	      2.991	           	      0.000	 144592.188	 155383.078	 193563.109	     -0.043	     -0.049	      0.012	
 2011/05/23	   2.809	   2.809	   2.721	   2.730	       19606996	      2.799	      2.809	      2.823	      2.986	           	      0.000	 196069.953	 165162.578	 193896.203	     -0.047	     -0.048	      0.003	
 2011/05/24	   2.729	   2.729	   2.671	   2.712	       38322776	      2.779	      2.796	      2.813	      2.979	           	      0.000	 383227.750	 200099.703	 197884.438	     -0.052	     -0.049	     -0.005	
 2011/05/25	   2.710	   2.720	   2.667	   2.668	       23808152	      2.747	      2.779	      2.802	      2.972	           	      0.000	 238081.516	 229591.078	 201655.063	     -0.058	     -0.051	     -0.014	
 2011/05/26	   2.690	   2.692	   2.649	   2.650	       17457788	      2.714	      2.764	      2.792	      2.964	           	      0.000	 174577.875	 227309.859	 202221.047	     -0.064	     -0.053	     -0.021	
 2011/05/27	   2.656	   2.656	   2.585	   2.586	       36066760	      2.669	      2.741	      2.782	      2.955	           	      0.000	 360667.594	 270524.938	 212954.016	     -0.073	     -0.057	     -0.031	
 2011/05/30	   2.586	   2.608	   2.560	   2.570	       34972004	      2.637	      2.718	      2.769	      2.946	           	      0.000	 349720.031	 301254.938	 233208.766	     -0.080	     -0.062	     -0.036	
 2011/05/31	   2.576	   2.616	   2.567	   2.615	       21495442	      2.618	      2.698	      2.757	      2.938	           	      0.000	 214954.422	 267600.281	 233850.000	     -0.081	     -0.066	     -0.031	
 2011/06/01	   2.615	   2.647	   2.603	   2.641	       30962872	      2.612	      2.680	      2.750	      2.931	           	      0.000	 309628.719	 281909.719	 255750.406	     -0.079	     -0.068	     -0.022	
 2011/06/02	   2.621	   2.622	   2.571	   2.604	       30427952	      2.603	      2.658	      2.740	      2.922	           	      0.000	 304279.531	 307850.063	 267579.969	     -0.080	     -0.071	     -0.018	
 2011/06/03	   2.593	   2.658	   2.593	   2.644	       35116392	      2.615	      2.642	      2.731	      2.914	           	      0.000	 351163.906	 305949.313	 288237.125	     -0.076	     -0.072	     -0.009	
 2011/06/07	   2.638	   2.676	   2.635	   2.675	       30488180	      2.636	      2.636	      2.723	      2.906	           	      0.000	 304881.813	 296981.688	 299118.313	     -0.070	     -0.071	      0.003	
 2011/06/08	   2.674	   2.683	   2.636	   2.675	       18679700	      2.648	      2.633	      2.714	      2.898	           	      0.000	 186797.000	 291350.188	 279475.250	     -0.064	     -0.070	      0.012	
 2011/06/09	   2.670	   2.676	   2.621	   2.630	       15158215	      2.646	      2.629	      2.704	      2.890	           	      0.000	 151582.156	 259740.875	 270825.313	     -0.063	     -0.069	      0.012	
 2011/06/10	   2.628	   2.641	   2.586	   2.622	       21216610	      2.649	      2.626	      2.695	      2.881	           	      0.000	 212166.094	 241318.188	 274584.125	     -0.061	     -0.067	      0.012	
 2011/06/13	   2.609	   2.626	   2.589	   2.618	       11421179	      2.644	      2.629	      2.685	      2.873	           	      0.000	 114211.789	 193927.766	 249938.547	     -0.060	     -0.066	      0.012	
 2011/06/14	   2.618	   2.661	   2.615	   2.654	       23182932	      2.640	      2.638	      2.678	      2.864	           	      0.000	 231829.313	 179317.266	 238149.469	     -0.055	     -0.064	      0.017	
 2011/06/15	   2.650	   2.658	   2.621	   2.623	       14582506	      2.629	      2.639	      2.668	      2.856	           	      0.000	 145825.063	 171122.875	 231236.531	     -0.053	     -0.061	      0.016	
 2011/06/16	   2.602	   2.606	   2.572	   2.576	       14573081	      2.619	      2.632	      2.656	      2.846	           	      0.000	 145730.813	 169952.609	 214846.750	     -0.055	     -0.060	      0.010	
 2011/06/17	   2.573	   2.594	   2.553	   2.557	       17150168	      2.606	      2.627	      2.643	      2.837	           	      0.000	 171501.688	 161819.734	 201568.969	     -0.057	     -0.060	      0.005	
 2011/06/20	   2.554	   2.559	   2.501	   2.506	       11789440	      2.583	      2.614	      2.628	      2.828	           	      0.000	 117894.398	 162556.250	 178242.016	     -0.062	     -0.060	     -0.005	
 2011/06/21	   2.518	   2.542	   2.505	   2.539	       10483489	      2.560	      2.600	      2.618	      2.818	           	      0.000	 104834.891	 137157.375	 158237.313	     -0.063	     -0.061	     -0.005	
 2011/06/22	   2.546	   2.555	   2.525	   2.540	       14858438	      2.544	      2.586	      2.610	      2.808	           	      0.000	 148584.375	 137709.234	 154416.063	     -0.063	     -0.061	     -0.003	
 2011/06/23	   2.533	   2.604	   2.513	   2.596	       42675008	      2.548	      2.583	      2.606	      2.799	           	      0.000	 426750.094	 193913.094	 181932.844	     -0.058	     -0.061	      0.006	
 2011/06/24	   2.589	   2.678	   2.588	   2.662	       67631064	      2.569	      2.587	      2.607	      2.792	           	      0.000	 676310.625	 294874.875	 228347.313	     -0.047	     -0.058	      0.021	
 2011/06/27	   2.654	   2.709	   2.654	   2.691	       80065688	      2.606	      2.594	      2.612	      2.787	           	      0.000	 800656.875	 431427.375	 296991.813	     -0.037	     -0.054	      0.034	
 2011/06/28	   2.692	   2.707	   2.674	   2.703	       33025002	      2.638	      2.599	      2.619	      2.782	           	      0.000	 330250.031	 476510.406	 306833.875	     -0.027	     -0.048	      0.043	
 2011/06/29	   2.700	   2.714	   2.670	   2.673	       37495744	      2.665	      2.604	      2.621	      2.777	           	      0.000	 374957.438	 521785.000	 329747.125	     -0.021	     -0.043	      0.043	
 2011/06/30	   2.673	   2.722	   2.673	   2.720	       31596996	      2.690	      2.619	      2.625	      2.772	           	      0.000	 315969.969	 499629.000	 346771.031	     -0.013	     -0.037	      0.048	
 2011/07/01	   2.726	   2.749	   2.715	   2.730	       28111966	      2.703	      2.636	      2.632	      2.768	           	      0.000	 281119.656	 420590.781	 357732.844	     -0.005	     -0.031	      0.050	
 2011/07/04	   2.739	   2.790	   2.739	   2.788	       30583838	      2.723	      2.664	      2.639	      2.764	           	      0.000	 305838.375	 321627.094	 376527.219	      0.005	     -0.023	      0.057	
 2011/07/05	   2.789	   2.809	   2.780	   2.799	       35951884	      2.742	      2.690	      2.645	      2.760	           	      0.000	 359518.844	 327480.844	 401995.625	      0.014	     -0.016	      0.060	
 2011/07/06	   2.797	   2.820	   2.772	   2.814	       55767336	      2.770	      2.718	      2.652	      2.757	           	      0.000	 557673.375	 364024.031	 442904.531	      0.023	     -0.008	      0.061	
 2011/07/07	   2.820	   2.858	   2.813	   2.821	       62582388	      2.790	      2.740	      2.662	      2.755	           	      0.000	 625823.875	 425994.813	 462811.906	      0.029	     -0.001	      0.060	
 2011/07/08	   2.819	   2.828	   2.795	   2.822	       26079176	      2.809	      2.756	      2.672	      2.751	           	      0.000	 260791.766	 421929.250	 421260.031	      0.034	      0.006	      0.056	
 2011/07/11	   2.796	   2.848	   2.792	   2.842	       36492808	      2.820	      2.771	      2.683	      2.749	           	      0.000	 364928.094	 433747.188	 377687.156	      0.039	      0.013	      0.053	
 2011/07/12	   2.826	   2.837	   2.806	   2.815	       57051920	      2.823	      2.782	      2.691	      2.746	           	      0.000	 570519.188	 475947.250	 401714.063	      0.041	      0.019	      0.045	
 2011/07/13	   2.810	   2.858	   2.808	   2.857	       35017376	      2.831	      2.801	      2.703	      2.743	           	      0.000	 350173.750	 434447.344	 399235.688	      0.045	      0.024	      0.042	
 2011/07/14	   2.857	   2.867	   2.831	   2.862	       60908640	      2.840	      2.815	      2.717	      2.742	           	      0.000	 609086.375	 431099.844	 428547.344	      0.048	      0.029	      0.038	
 2011/07/15	   2.861	   2.878	   2.848	   2.878	       27102728	      2.851	      2.830	      2.733	      2.740	           	      0.000	 271027.281	 433146.938	 427538.094	      0.051	      0.033	      0.036	
 2011/07/18	   2.880	   2.905	   2.879	   2.891	       48249236	      2.861	      2.840	      2.752	      2.738	           	      0.000	 482492.375	 456659.781	 445203.500	      0.054	      0.037	      0.033	
 2011/07/19	   2.877	   2.877	   2.846	   2.855	       18556084	      2.869	      2.846	      2.768	      2.736	           	      0.000	 185560.844	 379668.125	 427807.688	      0.053	      0.040	      0.025	
 2011/07/20	   2.863	   2.876	   2.823	   2.851	       28903556	      2.867	      2.849	      2.783	      2.735	           	      0.000	 289035.563	 367440.500	 400943.906	      0.051	      0.042	      0.017	
 2011/07/21	   2.850	   2.851	   2.815	   2.819	       33750328	      2.859	      2.849	      2.795	      2.734	           	      0.000	 337503.281	 313123.875	 372111.844	      0.046	      0.043	      0.006	
 2011/07/22	   2.817	   2.843	   2.817	   2.829	       18655838	      2.849	      2.850	      2.803	      2.734	           	      0.000	 186558.375	 296230.094	 364688.500	      0.043	      0.043	     -0.001	
 2011/07/25	   2.815	   2.816	   2.717	   2.730	       29279786	      2.817	      2.839	      2.805	      2.733	           	      0.000	 292797.875	 258291.188	 357475.500	      0.032	      0.041	     -0.018	
 2011/07/26	   2.730	   2.739	   2.712	   2.739	       32742248	      2.794	      2.831	      2.807	      2.732	           	      0.000	 327422.469	 286663.500	 333165.813	      0.023	      0.037	     -0.028	
 2011/07/27	   2.729	   2.794	   2.713	   2.789	       32351010	      2.781	      2.824	      2.813	      2.730	           	      0.000	 323510.094	 293558.406	 330499.438	      0.021	      0.034	     -0.027	
 2011/07/28	   2.765	   2.783	   2.746	   2.777	       37997604	      2.773	      2.816	      2.815	      2.730	           	      0.000	 379976.031	 302052.969	 307588.406	      0.017	      0.031	     -0.027	
 2011/07/29	   2.777	   2.787	   2.734	   2.735	       16976724	      2.754	      2.802	      2.816	      2.729	           	      0.000	 169767.234	 298694.750	 297462.406	      0.011	      0.027	     -0.031	
 2011/08/01	   2.748	   2.758	   2.719	   2.747	       15733572	      2.757	      2.787	      2.814	      2.728	           	      0.000	 157335.719	 271602.313	 264946.750	      0.007	      0.023	     -0.031	
 2011/08/02	   2.730	   2.731	   2.689	   2.727	       21210536	      2.755	      2.774	      2.810	      2.726	           	      0.000	 212105.359	 248538.891	 267601.188	      0.002	      0.019	     -0.033	
 2011/08/03	   2.708	   2.753	   2.701	   2.743	       30351296	      2.746	      2.763	      2.806	      2.724	           	      0.000	 303512.969	 244539.469	 269048.938	     -0.000	      0.015	     -0.030	
 2011/08/04	   2.747	   2.775	   2.747	   2.760	        9426449	      2.742	      2.758	      2.803	      2.723	           	      0.000	  94264.492	 187397.156	 244725.063	     -0.001	      0.012	     -0.025	
 2011/08/05	   2.695	   2.739	   2.660	   2.718	       46004676	      2.739	      2.747	      2.798	      2.722	           	      0.000	 460046.750	 245453.063	 272073.906	     -0.005	      0.009	     -0.026	
 2011/08/08	   2.696	   2.707	   2.565	   2.624	       41577124	      2.714	      2.736	      2.787	      2.719	           	      0.000	 415771.250	 297140.156	 284371.250	     -0.015	      0.004	     -0.038	
 2011/08/09	   2.571	   2.640	   2.518	   2.625	       71301240	      2.694	      2.724	      2.778	      2.716	           	      0.000	 713012.375	 397321.563	 322930.219	     -0.023	     -0.002	     -0.043	
 2011/08/10	   2.660	   2.686	   2.652	   2.663	       35355596	      2.678	      2.712	      2.768	      2.713	           	      0.000	 353555.969	 407330.156	 325934.813	     -0.026	     -0.006	     -0.039	
 2011/08/11	   2.611	   2.711	   2.610	   2.711	       36742900	      2.668	      2.705	      2.761	      2.711	           	      0.000	 367429.000	 461963.063	 324680.125	     -0.024	     -0.010	     -0.028	
 2011/08/12	   2.717	   2.746	   2.715	   2.730	       61948456	      2.671	      2.705	      2.753	      2.710	           	      0.000	 619484.563	 493850.625	 369651.844	     -0.021	     -0.012	     -0.017	
 2011/08/15	   2.736	   2.761	   2.727	   2.752	       25913760	      2.696	      2.705	      2.746	      2.709	           	      0.000	 259137.594	 462523.906	 379832.031	     -0.016	     -0.013	     -0.007	
 2011/08/16	   2.757	   2.761	   2.722	   2.733	       21971272	      2.718	      2.706	      2.740	      2.709	           	      0.000	 219712.719	 363863.969	 380592.781	     -0.014	     -0.013	     -0.002	
 2011/08/17	   2.723	   2.744	   2.712	   2.716	       14558669	      2.728	      2.703	      2.733	      2.709	           	      0.000	 145586.688	 322270.125	 364800.125	     -0.014	     -0.013	     -0.001	
 2011/08/18	   2.712	   2.719	   2.660	   2.660	       18319574	      2.718	      2.693	      2.725	      2.709	           	      0.000	 183195.734	 285423.469	 373693.250	     -0.017	     -0.014	     -0.007	
 2011/08/19	   2.615	   2.648	   2.610	   2.648	       64193136	      2.702	      2.686	      2.716	      2.709	           	      0.000	 641931.375	 289912.813	 391881.719	     -0.021	     -0.016	     -0.011	
 2011/08/22	   2.643	   2.674	   2.612	   2.615	       17793248	      2.674	      2.685	      2.711	      2.709	           	      0.000	 177932.484	 273671.813	 368097.844	     -0.027	     -0.018	     -0.018	
 2011/08/23	   2.622	   2.649	   2.622	   2.649	       19846456	      2.658	      2.688	      2.706	      2.710	           	      0.000	 198464.563	 269422.156	 316643.063	     -0.028	     -0.020	     -0.016	
 2011/08/24	   2.656	   2.684	   2.644	   2.654	       23927502	      2.645	      2.687	      2.699	      2.711	           	      0.000	 239275.016	 288159.844	 305214.969	     -0.028	     -0.021	     -0.013	
 2011/08/25	   2.652	   2.706	   2.651	   2.704	       41234972	      2.654	      2.686	      2.696	      2.712	           	      0.000	 412349.719	 333990.625	 309707.031	     -0.024	     -0.022	     -0.004	
 2011/08/26	   2.699	   2.710	   2.683	   2.704	       25132440	      2.665	      2.684	      2.694	      2.714	           	      0.000	 251324.406	 255869.234	 272891.031	     -0.020	     -0.022	      0.002	
 2011/08/29	   2.693	   2.694	   2.671	   2.683	       31914440	      2.679	      2.677	      2.691	      2.714	           	      0.000	 319144.406	 284111.625	 278891.719	     -0.019	     -0.021	      0.004	
 2011/08/30	   2.692	   2.714	   2.652	   2.653	       24142156	      2.680	      2.669	      2.687	      2.714	           	      0.000	 241421.563	 292703.031	 281062.594	     -0.020	     -0.021	      0.001	
 2011/08/31	   2.655	   2.667	   2.620	   2.647	       15061870	      2.678	      2.662	      2.682	      2.714	           	      0.000	 150618.703	 274971.750	 281565.813	     -0.021	     -0.021	     -0.001	
 2011/09/01	   2.658	   2.658	   2.623	   2.630	       10819011	      2.663	      2.659	      2.676	      2.714	           	      0.000	 108190.109	 214139.844	 274065.250	     -0.023	     -0.021	     -0.004	
 2011/09/02	   2.625	   2.635	   2.590	   2.598	       16780208	      2.642	      2.654	      2.670	      2.713	           	      0.000	 167802.078	 197435.375	 226652.313	     -0.027	     -0.023	     -0.009	
 2011/09/05	   2.576	   2.580	   2.552	   2.560	       20940386	      2.618	      2.648	      2.667	      2.712	           	      0.000	 209403.859	 175487.266	 229799.438	     -0.033	     -0.025	     -0.017	
 2011/09/06	   2.547	   2.554	   2.510	   2.515	       33858944	      2.590	      2.635	      2.661	      2.710	           	      0.000	 338589.438	 194920.844	 243811.938	     -0.041	     -0.028	     -0.026	
 2011/09/07	   2.530	   2.574	   2.521	   2.574	       36776092	      2.575	      2.627	      2.657	      2.709	           	      0.000	 367760.906	 238349.281	 256660.516	     -0.042	     -0.031	     -0.022	
 2011/09/08	   2.581	   2.587	   2.555	   2.557	       28647608	      2.561	      2.612	      2.649	      2.709	           	      0.000	 286476.094	 274006.469	 244073.156	     -0.043	     -0.033	     -0.020	
 2011/09/09	   2.552	   2.585	   2.530	   2.539	       41215260	      2.549	      2.596	      2.640	      2.709	           	      0.000	 412152.594	 322876.563	 260155.969	     -0.045	     -0.036	     -0.019	
 2011/09/13	   2.505	   2.505	   2.478	   2.492	       15052923	      2.535	      2.576	      2.627	      2.708	           	      0.000	 150529.234	 311101.656	 243294.453	     -0.050	     -0.039	     -0.023	
 2011/09/14	   2.505	   2.517	   2.455	   2.517	       27543852	      2.536	      2.563	      2.616	      2.708	           	      0.000	 275438.531	 298471.469	 246696.156	     -0.052	     -0.041	     -0.021	
 2011/09/15	   2.519	   2.545	   2.511	   2.524	       21961266	      2.526	      2.551	      2.606	      2.708	           	      0.000	 219612.656	 268841.813	 253595.547	     -0.051	     -0.043	     -0.016	
 2011/09/16	   2.534	   2.544	   2.512	   2.517	       14933716	      2.518	      2.539	      2.599	      2.706	           	      0.000	 149337.156	 241414.031	 257710.250	     -0.051	     -0.045	     -0.013	
 2011/09/19	   2.499	   2.500	   2.468	   2.469	       18175480	      2.504	      2.526	      2.590	      2.703	           	      0.000	 181754.797	 195334.469	 259105.531	     -0.054	     -0.047	     -0.015	
 2011/09/20	   2.464	   2.481	   2.438	   2.469	       28152896	      2.499	      2.517	      2.583	      2.699	           	      0.000	 281528.969	 221534.422	 266318.031	     -0.056	     -0.049	     -0.015	
 2011/09/21	   2.476	   2.541	   2.452	   2.539	       50542492	      2.504	      2.520	      2.577	      2.697	           	      0.000	 505424.906	 267531.688	 283001.594	     -0.052	     -0.049	     -0.005	
 2011/09/22	   2.519	   2.535	   2.466	   2.466	       24294780	      2.492	      2.509	      2.568	      2.693	           	      0.000	 242947.797	 272198.719	 270520.281	     -0.053	     -0.050	     -0.006	
 2011/09/23	   2.451	   2.451	   2.412	   2.447	       33450728	      2.478	      2.498	      2.555	      2.689	           	      0.000	 334507.281	 309232.750	 275323.406	     -0.055	     -0.051	     -0.008	
 2011/09/26	   2.434	   2.457	   2.406	   2.406	       61139568	      2.465	      2.485	      2.540	      2.683	           	      0.000	 611395.688	 395160.938	 295247.688	     -0.059	     -0.053	     -0.013	
 2011/09/27	   2.424	   2.429	   2.392	   2.418	       12423851	      2.455	      2.477	      2.527	      2.677	           	      0.000	 124238.508	 363702.844	 292618.625	     -0.061	     -0.054	     -0.013	
 2011/09/28	   2.429	   2.430	   2.366	   2.380	       19389880	      2.423	      2.464	      2.513	      2.670	           	      0.000	 193898.797	 301397.625	 284464.656	     -0.065	     -0.056	     -0.017	
 2011/09/29	   2.366	   2.370	   2.327	   2.335	       21313818	      2.397	      2.445	      2.498	      2.662	           	      0.000	 213138.188	 295435.688	 283817.219	     -0.070	     -0.059	     -0.022	
 2011/09/30	   2.339	   2.349	   2.312	   2.326	       15337145	      2.373	      2.425	      2.482	      2.654	           	      0.000	 153371.453	 259208.531	 284220.625	     -0.075	     -0.062	     -0.025	
 2011/10/10	   2.334	   2.348	   2.304	   2.309	        5660863	      2.354	      2.410	      2.468	      2.645	           	      0.000	  56608.629	 148251.109	 271706.031	     -0.079	     -0.066	     -0.026	
 2011/10/11	   2.353	   2.369	   2.277	   2.293	       21304984	      2.329	      2.392	      2.455	      2.636	           	      0.000	 213049.844	 166013.375	 264858.094	     -0.082	     -0.069	     -0.027	
 2011/10/12	   2.284	   2.380	   2.272	   2.380	       60269572	      2.329	      2.376	      2.448	      2.629	           	      0.000	 602695.750	 247772.766	 274585.188	     -0.077	     -0.071	     -0.013	
 2011/10/13	   2.380	   2.417	   2.365	   2.404	       74627968	      2.342	      2.370	      2.439	      2.621	           	      0.000	 746279.688	 354401.063	 324918.375	     -0.070	     -0.071	      0.000	
 2011/10/14	   2.394	   2.410	   2.362	   2.390	       45364152	      2.355	      2.364	      2.431	      2.614	           	      0.000	 453641.531	 414455.094	 336831.813	     -0.065	     -0.070	      0.008	
 2011/10/17	   2.390	   2.417	   2.385	   2.405	       25059684	      2.374	      2.364	      2.424	      2.606	           	      0.000	 250596.844	 453252.719	 300751.938	     -0.059	     -0.067	      0.016	
 2011/10/18	   2.380	   2.395	   2.341	   2.341	       26428844	      2.384	      2.356	      2.417	      2.596	           	      0.000	 264288.438	 463500.438	 314756.906	     -0.059	     -0.066	      0.013	
 2011/10/19	   2.348	   2.357	   2.322	   2.330	       21075352	      2.374	      2.351	      2.407	      2.588	           	      0.000	 210753.516	 385112.000	 316442.375	     -0.059	     -0.065	      0.010	
 2011/10/20	   2.314	   2.317	   2.249	   2.251	       49653616	      2.343	      2.343	      2.394	      2.578	           	      0.000	 496536.156	 335163.313	 344782.188	     -0.065	     -0.065	     -0.001	
 2011/10/21	   2.257	   2.263	   2.221	   2.221	       34752864	      2.310	      2.332	      2.379	      2.568	           	      0.000	 347528.625	 313940.719	 364197.906	     -0.071	     -0.066	     -0.010	
 2011/10/24	   2.222	   2.268	   2.192	   2.268	       45966592	      2.282	      2.328	      2.369	      2.558	           	      0.000	 459665.906	 355754.531	 404503.625	     -0.071	     -0.067	     -0.009	
 2011/10/25	   2.262	   2.331	   2.255	   2.329	       44907772	      2.280	      2.332	      2.362	      2.552	           	      0.000	 449077.719	 392712.375	 428106.406	     -0.066	     -0.067	      0.002	
 2011/10/26	   2.338	   2.367	   2.320	   2.355	       69070536	      2.285	      2.329	      2.353	      2.545	           	      0.000	 690705.375	 488702.750	 436907.375	     -0.059	     -0.065	      0.013	
 2011/10/27	   2.355	   2.375	   2.335	   2.345	       38081768	      2.304	      2.323	      2.347	      2.538	           	      0.000	 380817.688	 465559.063	 400361.188	     -0.053	     -0.063	      0.019	
 2011/10/28	   2.372	   2.402	   2.360	   2.400	       47708680	      2.339	      2.325	      2.344	      2.532	           	      0.000	 477086.813	 491470.688	 402705.719	     -0.044	     -0.059	      0.030	
 2011/10/31	   2.400	   2.406	   2.382	   2.397	       46880944	      2.365	      2.324	      2.344	      2.526	           	      0.000	 468809.438	 493299.406	 424526.969	     -0.036	     -0.054	      0.036	
 2011/11/01	   2.373	   2.411	   2.370	   2.391	       59310032	      2.378	      2.329	      2.342	      2.520	           	      0.000	 593100.313	 522103.938	 457408.156	     -0.031	     -0.050	      0.038	
 2011/11/02	   2.352	   2.452	   2.350	   2.452	       62260600	      2.397	      2.341	      2.346	      2.516	           	      0.000	 622606.000	 508484.063	 498593.406	     -0.021	     -0.044	      0.046	
 2011/11/03	   2.460	   2.500	   2.455	   2.457	       76168984	      2.419	      2.362	      2.352	      2.511	           	      0.000	 761689.813	 584658.500	 525108.750	     -0.012	     -0.038	      0.050	
 2011/11/04	   2.475	   2.487	   2.456	   2.475	       54368824	      2.434	      2.387	      2.360	      2.506	           	      0.000	 543688.250	 597978.750	 544724.750	     -0.004	     -0.031	      0.053	
 2011/11/07	   2.465	   2.489	   2.456	   2.456	       45510384	      2.446	      2.406	      2.367	      2.502	           	      0.000	 455103.844	 595237.625	 544268.500	      0.001	     -0.025	      0.050	
 2011/11/08	   2.463	   2.468	   2.422	   2.426	       41703796	      2.453	      2.415	      2.374	      2.498	           	      0.000	 417037.969	 560025.188	 541064.563	      0.002	     -0.019	      0.043	
 2011/11/09	   2.430	   2.478	   2.412	   2.474	       65440088	      2.458	      2.427	      2.378	      2.496	           	      0.000	 654400.875	 566384.125	 537434.125	      0.007	     -0.014	      0.042	
 2011/11/10	   2.451	   2.470	   2.440	   2.440	       92072928	      2.454	      2.437	      2.380	      2.492	           	      0.000	 920729.250	 598192.063	 591425.250	      0.008	     -0.010	      0.035	
 2011/11/11	   2.445	   2.452	   2.430	   2.436	       73929096	      2.446	      2.440	      2.382	      2.488	           	      0.000	 739290.938	 637312.563	 617645.688	      0.008	     -0.006	      0.029	
 2011/11/14	   2.450	   2.500	   2.450	   2.497	       66959776	      2.455	      2.450	      2.387	      2.484	           	      0.000	 669597.750	 680211.375	 637724.500	      0.013	     -0.002	      0.031	
 2011/11/15	   2.496	   2.504	   2.485	   2.502	       41002744	      2.470	      2.461	      2.395	      2.479	           	      0.000	 410027.438	 678809.250	 619417.188	      0.018	      0.002	      0.032	
 2011/11/16	   2.500	   2.503	   2.422	   2.442	      108574688	      2.463	      2.461	      2.401	      2.475	           	      0.000	1085746.875	 765078.438	 665731.313	      0.016	      0.005	      0.023	
 2011/11/17	   2.437	   2.459	   2.425	   2.434	       56975440	      2.462	      2.458	      2.410	      2.470	           	      0.000	 569754.375	 694883.500	 646537.750	      0.014	      0.006	      0.015	
 2011/11/18	   2.411	   2.420	   2.363	   2.368	       73670360	      2.449	      2.447	      2.417	      2.465	           	      0.000	 736703.625	 694366.000	 665839.313	      0.007	      0.007	      0.001	
 2011/11/21	   2.365	   2.375	   2.348	   2.370	       30780528	      2.423	      2.439	      2.422	      2.460	           	      0.000	 307805.281	 622007.500	 651109.438	      0.001	      0.005	     -0.008	
 2011/11/22	   2.350	   2.370	   2.340	   2.361	       31408386	      2.395	      2.432	      2.424	      2.456	           	      0.000	 314083.875	 602818.813	 640814.000	     -0.004	      0.004	     -0.015	
 2011/11/23	   2.371	   2.378	   2.352	   2.353	       24651092	      2.377	      2.420	      2.424	      2.451	           	      0.000	 246510.922	 434971.625	 600025.063	     -0.008	      0.001	     -0.019	
 2011/11/24	   2.333	   2.370	   2.320	   2.355	       47823824	      2.361	      2.412	      2.424	      2.446	           	      0.000	 478238.250	 416668.375	 555775.938	     -0.012	     -0.001	     -0.020	
 2011/11/25	   2.355	   2.377	   2.337	   2.339	       45834060	      2.356	      2.402	      2.421	      2.440	           	      0.000	 458340.594	 360995.781	 527680.875	     -0.015	     -0.004	     -0.022	
 2011/11/28	   2.345	   2.358	   2.330	   2.347	       31850784	      2.351	      2.387	      2.419	      2.434	           	      0.000	 318507.844	 363136.313	 492571.906	     -0.017	     -0.007	     -0.021	
 2011/11/29	   2.366	   2.383	   2.351	   2.383	       41717936	      2.355	      2.375	      2.418	      2.429	           	      0.000	 417179.375	 383755.406	 493287.094	     -0.016	     -0.009	     -0.015	
 2011/11/30	   2.379	   2.379	   2.271	   2.291	       51292816	      2.343	      2.360	      2.410	      2.423	           	      0.000	 512928.156	 437038.844	 436005.219	     -0.022	     -0.011	     -0.021	
 2011/12/01	   2.360	   2.378	   2.329	   2.340	      182636224	      2.340	      2.351	      2.404	      2.418	           	      0.000	1826362.250	 706663.625	 561666.000	     -0.023	     -0.014	     -0.018	
 2011/12/02	   2.322	   2.322	   2.274	   2.292	       47261980	      2.331	      2.343	      2.395	      2.412	           	      0.000	 472619.813	 709519.500	 535257.625	     -0.027	     -0.016	     -0.021	
 2011/12/05	   2.282	   2.287	   2.218	   2.221	       50655552	      2.305	      2.328	      2.384	      2.406	           	      0.000	 506555.531	 747129.000	 555132.688	     -0.035	     -0.020	     -0.030	
 2011/12/06	   2.212	   2.229	   2.196	   2.220	       35241904	      2.273	      2.314	      2.373	      2.401	           	      0.000	 352419.031	 734176.938	 558966.188	     -0.041	     -0.024	     -0.034	
 2011/12/07	   2.220	   2.239	   2.210	   2.228	       49000024	      2.260	      2.302	      2.361	      2.396	           	      0.000	 490000.250	 729591.375	 583315.125	     -0.045	     -0.028	     -0.034	
 2011/12/08	   2.230	   2.251	   2.190	   2.231	       63663444	      2.238	      2.289	      2.350	      2.390	           	      0.000	 636634.438	 491645.813	 599154.750	     -0.048	     -0.032	     -0.031	
 2011/12/09	   2.215	   2.233	   2.193	   2.202	       77432880	      2.220	      2.275	      2.339	      2.384	           	      0.000	 774328.813	 551987.625	 630753.563	     -0.051	     -0.036	     -0.030	
 2011/12/12	   2.200	   2.214	   2.178	   2.183	       45161932	      2.213	      2.259	      2.323	      2.378	           	      0.000	 451619.313	 541000.375	 644064.688	     -0.055	     -0.040	     -0.030	
 2011/12/13	   2.175	   2.175	   2.120	   2.134	       53002912	      2.196	      2.234	      2.305	      2.372	           	      0.000	 530029.125	 576522.375	 655349.688	     -0.061	     -0.044	     -0.034	
 2011/12/14	   2.131	   2.137	   2.088	   2.093	       57395656	      2.169	      2.214	      2.287	      2.365	           	      0.000	 573956.563	 593313.625	 661452.500	     -0.068	     -0.049	     -0.039	
 2011/12/15	   2.088	   2.088	   2.041	   2.064	       42780684	      2.135	      2.187	      2.269	      2.357	           	      0.000	 427806.844	 551548.125	 521596.969	     -0.076	     -0.054	     -0.043	
 2011/12/16	   2.060	   2.120	   2.050	   2.116	       86155800	      2.118	      2.169	      2.256	      2.351	           	      0.000	 861558.000	 568994.000	 560490.813	     -0.077	     -0.059	     -0.036	
 2011/12/19	   2.095	   2.110	   2.051	   2.102	       39741064	      2.102	      2.157	      2.243	      2.345	           	      0.000	 397410.625	 558152.250	 549576.313	     -0.077	     -0.062	     -0.030	
 2011/12/20	   2.094	   2.125	   2.090	   2.091	       52327432	      2.093	      2.144	      2.229	      2.338	           	      0.000	 523274.313	 556801.250	 566661.813	     -0.078	     -0.066	     -0.025	
 2011/12/21	   2.107	   2.114	   2.037	   2.047	       26099850	      2.084	      2.126	      2.214	      2.330	           	      0.000	 260998.500	 494209.656	 543761.625	     -0.081	     -0.069	     -0.025	
 2011/12/22	   2.030	   2.047	   1.972	   2.028	       37272656	      2.077	      2.106	      2.198	      2.323	           	      0.000	 372726.563	 483193.594	 517370.875	     -0.084	     -0.072	     -0.025	
 2011/12/23	   2.014	   2.056	   2.000	   2.037	       46500720	      2.061	      2.089	      2.182	      2.316	           	      0.000	 465007.188	 403883.438	 486438.688	     -0.085	     -0.074	     -0.021	
 2011/12/26	   2.020	   2.050	   2.008	   2.011	       29442122	      2.043	      2.072	      2.166	      2.309	           	      0.000	 294421.219	 383285.563	 470718.906	     -0.087	     -0.077	     -0.019	
 2011/12/27	   2.006	   2.011	   1.966	   1.967	       29468044	      2.018	      2.056	      2.145	      2.302	           	      0.000	 294680.438	 337566.781	 447184.031	     -0.090	     -0.080	     -0.022	
 2011/12/28	   1.953	   1.964	   1.913	   1.957	       57431752	      2.000	      2.042	      2.128	      2.295	           	      0.000	 574317.500	 400230.594	 447220.125	     -0.093	     -0.082	     -0.022	
 2011/12/29	   1.945	   1.975	   1.945	   1.966	       32708150	      1.988	      2.032	      2.109	      2.289	           	      0.000	 327081.500	 391101.563	 437147.594	     -0.094	     -0.085	     -0.018	
 2011/12/30	   1.975	   2.009	   1.972	   2.008	       34529568	      1.982	      2.021	      2.095	      2.283	           	      0.000	 345295.688	 367159.281	 385521.344	     -0.089	     -0.086	     -0.008	
 2012/01/04	   2.020	   2.030	   1.956	   1.956	       24840628	      1.971	      2.007	      2.082	      2.278	           	      0.000	 248406.281	 357956.281	 370620.906	     -0.089	     -0.086	     -0.006	
 2012/01/05	   1.950	   1.950	   1.885	   1.886	       44549800	      1.955	      1.986	      2.065	      2.271	           	      0.000	 445498.000	 388119.781	 362843.281	     -0.094	     -0.088	     -0.012	
 2012/01/06	   1.879	   1.896	   1.843	   1.890	       86860800	      1.941	      1.971	      2.048	      2.263	           	      0.000	 868608.000	 446977.906	 423604.250	     -0.096	     -0.089	     -0.013	
 2012/01/09	   1.885	   1.951	   1.862	   1.951	       90181368	      1.938	      1.963	      2.034	      2.255	           	      0.000	 901813.688	 561924.313	 476512.938	     -0.092	     -0.090	     -0.004	
 2012/01/10	   1.952	   2.033	   1.943	   2.033	      111539432	      1.943	      1.962	      2.026	      2.249	           	      0.000	1115394.375	 715944.063	 541551.688	     -0.081	     -0.088	      0.015	
 2012/01/11	   2.032	   2.040	   2.011	   2.022	       89375376	      1.956	      1.964	      2.018	      2.243	           	      0.000	 893753.750	 845013.563	 601484.938	     -0.072	     -0.085	      0.026	
 2012/01/12	   2.005	   2.047	   2.004	   2.010	       60488820	      1.981	      1.968	      2.012	      2.237	           	      0.000	 604888.188	 876891.625	 632505.688	     -0.065	     -0.081	      0.031	
 2012/01/13	   2.007	   2.018	   1.925	   1.930	       98688640	      1.989	      1.965	      2.004	      2.231	           	      0.000	 986886.375	 900547.250	 673762.563	     -0.066	     -0.078	      0.024	
 2012/01/16	   1.913	   1.920	   1.856	   1.859	       59031340	      1.971	      1.954	      1.993	      2.224	           	      0.000	 590313.375	 838247.188	 700085.750	     -0.071	     -0.077	      0.011	
 2012/01/17	   1.851	   1.960	   1.844	   1.960	       99366560	      1.956	      1.950	      1.986	      2.220	           	      0.000	 993665.625	 813901.438	 764922.750	     -0.066	     -0.075	      0.016	
 2012/01/18	   1.962	   1.975	   1.892	   1.892	       69272168	      1.930	      1.943	      1.975	      2.213	           	      0.000	 692721.688	 773695.063	 809354.313	     -0.067	     -0.073	      0.011	
 2012/01/19	   1.892	   1.940	   1.876	   1.923	       80538816	      1.913	      1.947	      1.967	      2.207	           	      0.000	 805388.188	 813795.063	 845343.313	     -0.065	     -0.072	      0.013	
 2012/01/20	   1.928	   1.974	   1.926	   1.968	       65579444	      1.920	      1.955	      1.963	      2.200	           	      0.000	 655794.438	 747576.688	 824062.000	     -0.059	     -0.069	      0.021	
 2012/01/30	   1.973	   1.983	   1.946	   1.950	       57535876	      1.939	      1.955	      1.959	      2.194	           	      0.000	 575358.750	 744585.750	 791416.500	     -0.054	     -0.066	      0.023	
 2012/01/31	   1.951	   1.956	   1.931	   1.955	       40247696	      1.938	      1.947	      1.955	      2.186	           	      0.000	 402476.969	 626348.000	 720124.750	     -0.050	     -0.063	      0.025	
 2012/02/01	   1.950	   1.986	   1.941	   1.947	       63186344	      1.949	      1.939	      1.951	      2.179	           	      0.000	 631863.438	 614176.375	 693935.688	     -0.047	     -0.060	      0.026	
 2012/02/02	   1.950	   1.985	   1.945	   1.985	       55608300	      1.961	      1.937	      1.952	      2.172	           	      0.000	 556083.000	 564315.313	 689055.188	     -0.041	     -0.056	      0.030	
 2012/02/03	   1.987	   2.029	   1.973	   2.018	      110659736	      1.971	      1.946	      1.955	      2.165	           	      0.000	1106597.375	 654475.875	 701026.313	     -0.033	     -0.051	      0.037	
 2012/02/06	   2.023	   2.049	   2.019	   2.036	       79862880	      1.988	      1.963	      1.959	      2.158	           	      0.000	 798628.813	 699129.938	 721857.813	     -0.025	     -0.046	      0.042	
 2012/02/07	   2.028	   2.028	   1.986	   2.002	       57625832	      1.998	      1.968	      1.959	      2.150	           	      0.000	 576258.313	 733886.188	 680117.125	     -0.021	     -0.041	      0.040	
 2012/02/08	   1.990	   2.063	   1.990	   2.062	       92981600	      2.021	      1.985	      1.964	      2.143	           	      0.000	 929816.000	 793476.688	 703826.500	     -0.013	     -0.035	      0.045	
 2012/02/09	   2.055	   2.091	   2.047	   2.071	       59110336	      2.038	      1.999	      1.973	      2.137	           	      0.000	 591103.375	 800480.750	 682398.063	     -0.006	     -0.029	      0.047	
 2012/02/10	   2.063	   2.099	   2.063	   2.079	       58052036	      2.050	      2.010	      1.983	      2.131	           	      0.000	 580520.375	 695265.375	 674870.625	      0.000	     -0.023	      0.048	
 2012/02/13	   2.062	   2.121	   2.053	   2.107	      118457320	      2.064	      2.026	      1.990	      2.125	           	      0.000	1184573.250	 772454.250	 735792.063	      0.008	     -0.017	      0.050	
 2012/02/14	   2.105	   2.114	   2.090	   2.103	       87937192	      2.084	      2.041	      1.994	      2.120	           	      0.000	 879371.938	 833077.000	 783481.563	      0.013	     -0.011	      0.048	
 2012/02/15	   2.102	   2.137	   2.092	   2.130	       62041312	      2.098	      2.059	      1.999	      2.113	           	      0.000	 620413.125	 771196.438	 782336.563	      0.019	     -0.005	      0.048	
 2012/02/16	   2.122	   2.143	   2.101	   2.112	       64766392	      2.106	      2.072	      2.004	      2.107	           	      0.000	 647663.938	 782508.500	 791494.625	      0.022	      0.000	      0.044	
 2012/02/17	   2.125	   2.132	   2.090	   2.103	      129792272	      2.111	      2.081	      2.013	      2.101	           	      0.000	1297922.750	 925989.000	 810627.188	      0.024	      0.005	      0.037	
 2012/02/20	   2.127	   2.139	   2.107	   2.110	       49715868	      2.112	      2.088	      2.026	      2.096	           	      0.000	 497158.688	 788506.063	 780480.188	      0.025	      0.009	      0.032	
 2012/02/21	   2.108	   2.141	   2.092	   2.139	      101104496	      2.119	      2.102	      2.035	      2.092	           	      0.000	1011044.938	 814840.688	 823958.813	      0.028	      0.013	      0.031	
 2012/02/22	   2.138	   2.195	   2.132	   2.193	      131995376	      2.131	      2.115	      2.050	      2.089	           	      0.000	1319953.750	 954748.813	 862972.625	      0.035	      0.017	      0.035	
 2012/02/23	   2.192	   2.211	   2.180	   2.202	       92946624	      2.149	      2.128	      2.064	      2.086	           	      0.000	 929466.250	1011109.250	 896808.875	      0.040	      0.022	      0.037	
 2012/02/24	   2.200	   2.227	   2.193	   2.221	       58039424	      2.173	      2.142	      2.076	      2.084	           	      0.000	 580394.250	 867603.563	 896796.313	      0.045	      0.026	      0.038	
 2012/02/27	   2.228	   2.268	   2.228	   2.229	       50710536	      2.197	      2.154	      2.090	      2.082	           	      0.000	 507105.375	 869592.938	 829049.500	      0.050	      0.031	      0.037	
 2012/02/28	   2.226	   2.233	   2.190	   2.215	       47296752	      2.212	      2.165	      2.103	      2.080	           	      0.000	 472967.531	 761977.438	 788409.063	      0.051	      0.035	      0.032	
 2012/02/29	   2.206	   2.215	   2.185	   2.190	       56100808	      2.211	      2.171	      2.115	      2.078	           	      0.000	 561008.063	 610188.313	 782468.563	      0.050	      0.038	      0.024	
 2012/03/01	   2.180	   2.211	   2.175	   2.194	       45044620	      2.210	      2.180	      2.126	      2.074	           	      0.000	 450446.188	 514384.281	 762746.750	      0.049	      0.040	      0.017	
 2012/03/02	   2.194	   2.236	   2.193	   2.236	       76424096	      2.213	      2.193	      2.137	      2.073	           	      0.000	 764240.938	 551153.625	 709378.625	      0.051	      0.042	      0.016	
 2012/03/05	   2.240	   2.248	   2.224	   2.226	       40377836	      2.212	      2.204	      2.146	      2.072	           	      0.000	 403778.375	 530488.250	 700040.563	      0.051	      0.044	      0.013	
 2012/03/06	   2.217	   2.225	   2.189	   2.208	       88871200	      2.211	      2.211	      2.157	      2.070	           	      0.000	 888712.000	 613637.125	 687807.250	      0.049	      0.045	      0.007	
 2012/03/07	   2.188	   2.238	   2.180	   2.211	       82146544	      2.215	      2.213	      2.164	      2.070	           	      0.000	 821465.438	 665728.563	 637958.438	      0.047	      0.045	      0.003	
 2012/03/08	   2.212	   2.245	   2.212	   2.243	       39894124	      2.225	      2.217	      2.173	      2.070	           	      0.000	 398941.250	 655427.625	 584905.938	      0.047	      0.046	      0.003	
 2012/03/09	   2.246	   2.284	   2.246	   2.281	       82523048	      2.234	      2.223	      2.183	      2.071	           	      0.000	 825230.500	 667625.500	 609389.563	      0.050	      0.047	      0.007	
 2012/03/12	   2.280	   2.299	   2.270	   2.299	       49112256	      2.248	      2.230	      2.192	      2.072	           	      0.000	 491122.563	 685094.375	 607791.313	      0.053	      0.048	      0.011	
 2012/03/13	   2.296	   2.319	   2.289	   2.319	       35835768	      2.271	      2.241	      2.203	      2.074	           	      0.000	 358357.688	 579023.500	 596330.313	      0.057	      0.050	      0.014	
 2012/03/14	   2.330	   2.342	   2.220	   2.228	       91147504	      2.274	      2.244	      2.208	      2.075	           	      0.000	 911475.063	 597025.438	 631377.000	      0.052	      0.050	      0.003	
 2012/03/15	   2.228	   2.243	   2.184	   2.225	       75808168	      2.270	      2.248	      2.214	      2.077	           	      0.000	 758081.688	 668853.500	 662140.563	      0.047	      0.049	     -0.005	
 2012/03/16	   2.226	   2.281	   2.226	   2.281	       83205016	      2.270	      2.252	      2.223	      2.080	           	      0.000	 832050.188	 670217.438	 668921.500	      0.047	      0.049	     -0.004	
 2012/03/19	   2.280	   2.295	   2.266	   2.290	       61574884	      2.269	      2.258	      2.231	      2.083	           	      0.000	 615748.813	 695142.688	 690118.500	      0.047	      0.049	     -0.003	
 2012/03/20	   2.285	   2.285	   2.224	   2.224	       67241480	      2.250	      2.260	      2.236	      2.085	           	      0.000	 672414.813	 757954.125	 668488.813	      0.042	      0.047	     -0.011	
 2012/03/21	   2.234	   2.253	   2.195	   2.226	       82121144	      2.249	      2.262	      2.237	      2.087	           	      0.000	 821211.438	 739901.375	 668463.375	      0.037	      0.045	     -0.017	
 2012/03/22	   2.221	   2.235	   2.202	   2.214	       28191784	      2.247	      2.259	      2.238	      2.089	           	      0.000	 281917.844	 644668.625	 656761.063	      0.032	      0.042	     -0.021	
 2012/03/23	   2.203	   2.216	   2.176	   2.188	       71177456	      2.228	      2.249	      2.236	      2.092	           	      0.000	 711774.563	 620613.500	 645415.438	      0.025	      0.039	     -0.027	
 2012/03/26	   2.176	   2.202	   2.176	   2.199	       27682552	      2.210	      2.239	      2.235	      2.095	           	      0.000	 276825.531	 552828.813	 623985.750	      0.021	      0.035	     -0.029	
 2012/03/27	   2.206	   2.219	   2.182	   2.183	       19988220	      2.202	      2.226	      2.233	      2.097	           	      0.000	 199882.203	 458322.313	 608138.188	      0.016	      0.031	     -0.031	
 2012/03/28	   2.175	   2.177	   2.097	   2.097	       60706784	      2.176	      2.213	      2.229	      2.098	           	      0.000	 607067.813	 415493.594	 577697.500	      0.005	      0.026	     -0.042	
 2012/03/29	   2.090	   2.094	   2.048	   2.068	       65354824	      2.147	      2.197	      2.222	      2.100	           	      0.000	 653548.250	 489819.688	 567244.125	     -0.006	      0.020	     -0.051	
 2012/03/30	   2.068	   2.082	   2.042	   2.055	       29037534	      2.120	      2.174	      2.213	      2.102	           	      0.000	 290375.344	 405539.813	 513076.656	     -0.015	      0.013	     -0.056	
 2012/04/05	   2.058	   2.129	   2.051	   2.124	       47247312	      2.105	      2.158	      2.208	      2.104	           	      0.000	 472473.125	 444669.344	 498749.094	     -0.017	      0.007	     -0.048	
 2012/04/06	   2.123	   2.146	   2.114	   2.135	       32149228	      2.096	      2.149	      2.204	      2.107	           	      0.000	 321492.281	 468991.375	 463656.844	     -0.018	      0.002	     -0.039	
 2012/04/09	   2.130	   2.134	   2.105	   2.107	       21945784	      2.098	      2.137	      2.199	      2.109	           	      0.000	 219457.844	 391469.375	 403481.469	     -0.020	     -0.003	     -0.035	
 2012/04/10	   2.093	   2.123	   2.055	   2.123	       51548960	      2.109	      2.128	      2.193	      2.113	           	      0.000	 515489.594	 363857.625	 426838.656	     -0.020	     -0.006	     -0.028	
 2012/04/11	   2.100	   2.140	   2.094	   2.125	       41130780	      2.123	      2.122	      2.185	      2.117	           	      0.000	 411307.813	 388044.125	 396791.969	     -0.020	     -0.009	     -0.022	
 2012/04/12	   2.126	   2.171	   2.120	   2.166	       69347480	      2.131	      2.118	      2.179	      2.121	           	      0.000	 693474.813	 432244.469	 438456.906	     -0.016	     -0.010	     -0.012	
 2012/04/13	   2.174	   2.189	   2.165	   2.175	       80899056	      2.139	      2.118	      2.172	      2.123	           	      0.000	 808990.563	 529744.125	 499367.750	     -0.013	     -0.011	     -0.004	
 2012/04/16	   2.168	   2.180	   2.156	   2.167	       28975304	      2.151	      2.125	      2.169	      2.125	           	      0.000	 289753.031	 543803.188	 467636.250	     -0.010	     -0.011	      0.001	
 2012/04/17	   2.166	   2.178	   2.146	   2.148	       36194312	      2.156	      2.132	      2.165	      2.128	           	      0.000	 361943.125	 513093.875	 438475.750	     -0.010	     -0.011	      0.002	
 2012/04/18	   2.152	   2.205	   2.152	   2.200	       60531840	      2.171	      2.147	      2.161	      2.132	           	      0.000	 605318.375	 551896.000	 469970.063	     -0.005	     -0.009	      0.009	
 2012/04/19	   2.203	   2.205	   2.181	   2.194	       31437288	      2.177	      2.154	      2.156	      2.138	           	      0.000	 314372.875	 476075.594	 454160.031	     -0.002	     -0.008	      0.012	
 2012/04/20	   2.186	   2.210	   2.183	   2.205	       36329672	      2.183	      2.161	      2.155	      2.142	           	      0.000	 363296.719	 386936.813	 458340.469	      0.002	     -0.006	      0.015	
 2012/04/23	   2.200	   2.200	   2.151	   2.163	       46959368	      2.182	      2.167	      2.152	      2.146	           	      0.000	 469593.688	 422904.969	 483354.063	      0.001	     -0.005	      0.011	
 2012/04/24	   2.146	   2.181	   2.096	   2.155	       72654336	      2.183	      2.170	      2.149	      2.150	           	      0.000	 726543.375	 495825.000	 504459.438	     -0.000	     -0.004	      0.007	
 2012/04/25	   2.147	   2.170	   2.142	   2.170	       35565312	      2.177	      2.174	      2.148	      2.154	           	      0.000	 355653.125	 445891.969	 498893.969	      0.000	     -0.003	      0.006	
 2012/04/26	   2.172	   2.188	   2.154	   2.166	       39276080	      2.172	      2.174	      2.146	      2.157	           	      0.000	 392760.813	 461569.531	 468822.563	     -0.000	     -0.002	      0.005	
 2012/04/27	   2.162	   2.166	   2.142	   2.143	       18776152	      2.159	      2.171	      2.144	      2.160	           	      0.000	 187761.516	 426462.500	 406699.656	     -0.002	     -0.002	      0.001	
 2012/05/02	   2.170	   2.192	   2.154	   2.180	       61860980	      2.163	      2.172	      2.148	      2.164	           	      0.000	 618609.813	 456265.719	 439585.344	     -0.001	     -0.002	      0.003	
 2012/05/03	   2.178	   2.193	   2.170	   2.192	       42185624	      2.170	      2.177	      2.155	      2.168	           	      0.000	 421856.250	 395328.313	 445576.656	      0.002	     -0.001	      0.006	
 2012/05/04	   2.197	   2.222	   2.188	   2.219	       64293588	      2.180	      2.179	      2.163	      2.171	           	      0.000	 642935.875	 452784.844	 449338.406	      0.005	      0.000	      0.011	
 2012/05/07	   2.211	   2.243	   2.208	   2.243	       65224992	      2.195	      2.184	      2.169	      2.174	           	      0.000	 652249.938	 504682.688	 483126.125	      0.010	      0.002	      0.016	
 2012/05/08	   2.245	   2.247	   2.218	   2.236	       92957160	      2.214	      2.187	      2.174	      2.178	           	      0.000	 929571.625	 653044.688	 539753.625	      0.013	      0.004	      0.018	
 2012/05/09	   2.222	   2.222	   2.201	   2.205	      171966192	      2.219	      2.191	      2.179	      2.181	           	      0.000	1719661.875	 873255.125	 664760.438	      0.013	      0.006	      0.014	
 2012/05/10	   2.200	   2.222	   2.200	   2.213	      162167776	      2.223	      2.197	      2.183	      2.183	           	      0.000	1621677.750	1113219.375	 754273.875	      0.013	      0.008	      0.012	
 2012/05/11	   2.207	   2.215	   2.190	   2.191	       67264648	      2.218	      2.199	      2.187	      2.185	           	      0.000	 672646.500	1119161.500	 785973.188	      0.012	      0.008	      0.007	
 2012/05/14	   2.202	   2.209	   2.170	   2.170	       75837504	      2.203	      2.199	      2.187	      2.186	           	      0.000	 758375.063	1140386.500	 822534.625	      0.009	      0.008	      0.000	
 2012/05/15	   2.161	   2.185	   2.152	   2.180	       71657136	      2.192	      2.203	      2.187	      2.187	           	      0.000	 716571.375	1097786.500	 875415.625	      0.007	      0.008	     -0.002	
 2012/05/16	   2.179	   2.180	   2.145	   2.148	       40814692	      2.180	      2.200	      2.186	      2.188	           	      0.000	 408146.906	 835483.500	 854369.313	      0.003	      0.007	     -0.008	
 2012/05/17	   2.143	   2.179	   2.143	   2.171	       35949824	      2.172	      2.198	      2.187	      2.189	           	      0.000	 359498.250	 583047.625	 848133.500	      0.002	      0.006	     -0.009	
 2012/05/18	   2.153	   2.168	   2.130	   2.136	       18424718	      2.161	      2.189	      2.184	      2.189	           	      0.000	 184247.188	 485367.750	 802264.625	     -0.002	      0.004	     -0.013	
 2012/05/21	   2.134	   2.164	   2.125	   2.149	       33778592	      2.157	      2.180	      2.182	      2.190	           	      0.000	 337785.906	 401249.938	 770818.250	     -0.004	      0.003	     -0.014	
 2012/05/22	   2.157	   2.179	   2.156	   2.179	       37859808	      2.157	      2.174	      2.180	      2.190	           	      0.000	 378598.094	 333655.281	 715720.875	     -0.003	      0.002	     -0.009	
 2012/05/23	   2.176	   2.185	   2.159	   2.180	       19833416	      2.163	      2.172	      2.181	      2.190	           	      0.000	 198334.156	 291692.719	 563588.125	     -0.002	      0.001	     -0.006	
 2012/05/24	   2.166	   2.180	   2.141	   2.149	       34188576	      2.159	      2.165	      2.181	      2.189	           	      0.000	 341885.750	 288170.219	 435608.906	     -0.004	     -0.000	     -0.008	
 2012/05/25	   2.149	   2.155	   2.108	   2.116	       55999052	      2.155	      2.158	      2.178	      2.188	           	      0.000	 559990.500	 363318.875	 424343.313	     -0.008	     -0.002	     -0.013	
 2012/05/28	   2.113	   2.155	   2.085	   2.152	       33771004	      2.155	      2.156	      2.178	      2.186	           	      0.000	 337710.031	 363303.719	 382276.813	     -0.008	     -0.003	     -0.010	
 2012/05/29	   2.151	   2.189	   2.143	   2.182	       52919052	      2.156	      2.156	      2.180	      2.186	           	      0.000	 529190.500	 393422.188	 363538.719	     -0.006	     -0.004	     -0.005	
 2012/05/30	   2.182	   2.195	   2.174	   2.183	       32544392	      2.156	      2.160	      2.180	      2.186	           	      0.000	 325443.906	 418844.125	 355268.438	     -0.004	     -0.004	     -0.000	
 2012/05/31	   2.180	   2.216	   2.167	   2.208	       44309352	      2.168	      2.163	      2.181	      2.186	           	      0.000	 443093.531	 439085.688	 363627.969	     -0.000	     -0.003	      0.005	
 2012/06/01	   2.209	   2.220	   2.192	   2.203	       42332528	      2.186	      2.170	      2.180	      2.185	           	      0.000	 423325.281	 411752.656	 387535.750	      0.002	     -0.002	      0.008	
 2012/06/04	   2.175	   2.191	   2.141	   2.143	       37552368	      2.184	      2.169	      2.175	      2.184	           	      0.000	 375523.688	 419315.375	 391309.531	     -0.001	     -0.002	      0.002	
 2012/06/05	   2.145	   2.157	   2.138	   2.145	       66617376	      2.176	      2.166	      2.170	      2.183	           	      0.000	 666173.750	 446712.031	 420067.125	     -0.003	     -0.002	     -0.002	
 2012/06/06	   2.152	   2.155	   2.136	   2.146	       32169666	      2.169	      2.163	      2.167	      2.182	           	      0.000	 321696.656	 445962.594	 432403.375	     -0.004	     -0.003	     -0.004	
 2012/06/07	   2.161	   2.166	   2.127	   2.129	       16802044	      2.153	      2.161	      2.163	      2.180	           	      0.000	 168020.438	 390947.969	 415016.813	     -0.007	     -0.003	     -0.007	
 2012/06/08	   2.144	   2.146	   2.112	   2.113	       41851328	      2.135	      2.160	      2.159	      2.177	           	      0.000	 418513.281	 389985.563	 400869.094	     -0.010	     -0.005	     -0.011	
 2012/06/11	   2.118	   2.158	   2.118	   2.157	       41299996	      2.138	      2.161	      2.158	      2.175	           	      0.000	 412999.969	 397480.813	 408398.094	     -0.009	     -0.006	     -0.007	
 2012/06/12	   2.149	   2.167	   2.141	   2.155	       18568462	      2.140	      2.158	      2.157	      2.172	           	      0.000	 185684.625	 301383.000	 374047.500	     -0.008	     -0.006	     -0.004	
 2012/06/13	   2.160	   2.197	   2.155	   2.195	       20876264	      2.150	      2.159	      2.160	      2.171	           	      0.000	 208762.641	 278796.188	 362379.375	     -0.004	     -0.006	      0.003	
 2012/06/14	   2.192	   2.202	   2.177	   2.180	       20507972	      2.160	      2.157	      2.160	      2.171	           	      0.000	 205079.719	 286208.063	 338578.000	     -0.002	     -0.005	      0.006	
 2012/06/15	   2.182	   2.194	   2.150	   2.180	       32392192	      2.173	      2.154	      2.162	      2.169	           	      0.000	 323921.906	 267289.781	 328637.656	     -0.001	     -0.004	      0.007	
 2012/06/18	   2.188	   2.207	   2.186	   2.199	       26828900	      2.182	      2.160	      2.165	      2.167	           	      0.000	 268289.000	 238347.578	 317914.188	      0.002	     -0.003	      0.010	
 2012/06/19	   2.194	   2.199	   2.181	   2.184	       22827684	      2.188	      2.164	      2.165	      2.167	           	      0.000	 228276.844	 246866.016	 274124.500	      0.003	     -0.002	      0.009	
 2012/06/20	   2.189	   2.194	   2.173	   2.178	       13764209	      2.184	      2.167	      2.165	      2.166	           	      0.000	 137642.094	 232641.906	 255719.047	      0.003	     -0.001	      0.008	
 2012/06/21	   2.176	   2.176	   2.131	   2.138	       22936548	      2.176	      2.168	      2.164	      2.165	           	      0.000	 229365.484	 237499.063	 261853.563	      0.000	     -0.001	      0.001	
 2012/06/25	   2.134	   2.138	   2.097	   2.098	       27286088	      2.159	      2.166	      2.163	      2.163	           	      0.000	 272860.875	 227286.859	 247288.313	     -0.006	     -0.002	     -0.008	
 2012/06/26	   2.090	   2.107	   2.076	   2.096	       27219912	      2.139	      2.160	      2.161	      2.161	           	      0.000	 272199.125	 228068.891	 233208.234	     -0.010	     -0.003	     -0.013	
 2012/06/27	   2.091	   2.129	   2.091	   2.096	       27388224	      2.121	      2.154	      2.156	      2.160	           	      0.000	 273882.250	 237189.969	 242028.000	     -0.013	     -0.005	     -0.016	
 2012/06/28	   2.103	   2.112	   2.083	   2.083	       16645782	      2.102	      2.143	      2.151	      2.160	           	      0.000	 166457.813	 242953.109	 237797.516	     -0.017	     -0.008	     -0.019	
 2012/06/29	   2.075	   2.111	   2.070	   2.110	       30776548	      2.097	      2.136	      2.146	      2.161	           	      0.000	 307765.469	 258633.109	 248066.094	     -0.017	     -0.010	     -0.016	
 2012/07/02	   2.117	   2.144	   2.104	   2.144	       22336174	      2.106	      2.133	      2.143	      2.162	           	      0.000	 223361.734	 248733.281	 238010.063	     -0.015	     -0.011	     -0.008	
 2012/07/03	   2.135	   2.164	   2.134	   2.150	       25076336	      2.117	      2.128	      2.144	      2.162	           	      0.000	 250763.359	 244446.125	 236257.500	     -0.012	     -0.011	     -0.002	
 2012/07/04	   2.153	   2.158	   2.128	   2.134	       16394713	      2.124	      2.123	      2.143	      2.162	           	      0.000	 163947.125	 222459.094	 229824.531	     -0.011	     -0.011	     -0.000	
 2012/07/05	   2.128	   2.128	   2.090	   2.104	       22720450	      2.128	      2.115	      2.141	      2.162	           	      0.000	 227204.500	 234608.438	 238780.781	     -0.013	     -0.011	     -0.003	
 2012/07/06	   2.115	   2.150	   2.093	   2.148	       30340514	      2.136	      2.116	      2.142	      2.163	           	      0.000	 303405.125	 233736.375	 246184.734	     -0.010	     -0.011	      0.002	
 2012/07/09	   2.144	   2.157	   2.112	   2.114	       28164960	      2.130	      2.118	      2.142	      2.163	           	      0.000	 281649.594	 245393.938	 247063.609	     -0.011	     -0.011	      0.000	
 2012/07/10	   2.113	   2.118	   2.096	   2.100	       19701004	      2.120	      2.118	      2.139	      2.161	           	      0.000	 197010.047	 234643.281	 239544.703	     -0.012	     -0.011	     -0.002	
 2012/07/11	   2.099	   2.120	   2.090	   2.115	       17835356	      2.116	      2.120	      2.137	      2.161	           	      0.000	 178353.563	 237524.563	 229991.828	     -0.012	     -0.012	     -0.001	
 2012/07/12	   2.108	   2.152	   2.097	   2.143	       25953232	      2.124	      2.126	      2.135	      2.160	           	      0.000	 259532.313	 243990.125	 239299.281	     -0.010	     -0.011	      0.003	
 2012/07/13	   2.143	   2.154	   2.123	   2.133	       16834664	      2.121	      2.128	      2.132	      2.160	           	      0.000	 168346.641	 216978.438	 225357.406	     -0.009	     -0.011	      0.004	
 2012/07/16	   2.125	   2.130	   2.054	   2.055	       33878184	      2.109	      2.120	      2.126	      2.157	           	      0.000	 338781.844	 228404.875	 236899.406	     -0.014	     -0.011	     -0.005	
 2012/07/17	   2.053	   2.066	   2.042	   2.060	       18064002	      2.101	      2.111	      2.119	      2.155	           	      0.000	 180640.016	 225130.875	 229887.078	     -0.017	     -0.012	     -0.009	
 2012/07/18	   2.056	   2.065	   2.020	   2.060	       24025430	      2.090	      2.103	      2.113	      2.153	           	      0.000	 240254.297	 237511.016	 237517.797	     -0.020	     -0.014	     -0.012	
 2012/07/19	   2.056	   2.087	   2.052	   2.070	       28354680	      2.076	      2.100	      2.108	      2.151	           	      0.000	 283546.813	 242313.922	 243152.031	     -0.021	     -0.015	     -0.011	
 2012/07/20	   2.063	   2.077	   2.048	   2.050	       15876104	      2.059	      2.090	      2.103	      2.149	           	      0.000	 158761.047	 240396.797	 228687.625	     -0.023	     -0.017	     -0.012	
 2012/07/23	   2.044	   2.044	   2.021	   2.029	       16990536	      2.054	      2.082	      2.100	      2.147	           	      0.000	 169905.359	 206621.500	 217513.188	     -0.026	     -0.019	     -0.015	
 2012/07/24	   2.020	   2.060	   2.020	   2.053	       27609612	      2.052	      2.077	      2.098	      2.145	           	      0.000	 276096.125	 225712.734	 225421.797	     -0.026	     -0.020	     -0.012	
 2012/07/25	   2.049	   2.061	   2.038	   2.041	       22837660	      2.049	      2.069	      2.095	      2.144	           	      0.000	 228376.594	 223337.188	 230424.109	     -0.027	     -0.021	     -0.011	
 2012/07/26	   2.044	   2.055	   2.022	   2.028	       18755244	      2.040	      2.058	      2.092	      2.141	           	      0.000	 187552.438	 204138.313	 223226.125	     -0.028	     -0.023	     -0.011	
 2012/07/27	   2.030	   2.040	   2.008	   2.015	       18614154	      2.033	      2.046	      2.087	      2.138	           	      0.000	 186141.547	 209614.406	 225005.609	     -0.030	     -0.024	     -0.012	
 2012/07/30	   2.021	   2.026	   1.982	   1.989	       19556124	      2.025	      2.039	      2.080	      2.134	           	      0.000	 195561.234	 214745.594	 210683.547	     -0.033	     -0.026	     -0.014	
 2012/07/31	   1.985	   1.988	   1.953	   1.967	       23588136	      2.008	      2.030	      2.070	      2.130	           	      0.000	 235881.359	 206702.641	 216207.688	     -0.037	     -0.028	     -0.018	
 2012/08/01	   1.966	   2.007	   1.966	   1.989	       29137336	      1.998	      2.023	      2.063	      2.126	           	      0.000	 291373.375	 219301.984	 221319.594	     -0.038	     -0.030	     -0.015	
 2012/08/02	   1.988	   1.996	   1.966	   1.978	       18052738	      1.988	      2.014	      2.057	      2.122	           	      0.000	 180527.375	 217896.984	 211017.641	     -0.039	     -0.032	     -0.014	
 2012/08/03	   1.982	   2.016	   1.974	   2.014	       20321908	      1.987	      2.010	      2.050	      2.118	           	      0.000	 203219.078	 221312.484	 215463.453	     -0.036	     -0.033	     -0.007	
 2012/08/06	   2.010	   2.062	   2.005	   2.057	       41861308	      2.001	      2.013	      2.047	      2.116	           	      0.000	 418613.094	 265922.844	 240334.219	     -0.031	     -0.032	      0.003	
 2012/08/07	   2.057	   2.083	   2.057	   2.080	       29934828	      2.024	      2.016	      2.046	      2.115	           	      0.000	 299348.281	 278616.250	 242659.438	     -0.024	     -0.031	      0.013	
 2012/08/08	   2.082	   2.086	   2.063	   2.073	       16632132	      2.040	      2.019	      2.044	      2.113	           	      0.000	 166321.313	 253605.828	 236453.906	     -0.019	     -0.028	      0.019	
 2012/08/09	   2.073	   2.108	   2.065	   2.108	       36287820	      2.066	      2.027	      2.042	      2.112	           	      0.000	 362878.188	 290076.000	 253986.484	     -0.012	     -0.025	      0.026	
 2012/08/10	   2.107	   2.111	   2.095	   2.104	       15394721	      2.084	      2.036	      2.041	      2.111	           	      0.000	 153947.203	 280221.625	 250767.047	     -0.007	     -0.021	      0.029	
 2012/08/13	   2.100	   2.100	   2.066	   2.070	       20196938	      2.087	      2.044	      2.042	      2.110	           	      0.000	 201969.375	 236892.875	 251407.859	     -0.005	     -0.018	      0.026	
 2012/08/14	   2.066	   2.069	   2.015	   2.058	       35262868	      2.083	      2.053	      2.042	      2.109	           	      0.000	 352628.688	 247548.953	 263082.594	     -0.005	     -0.016	      0.021	
 2012/08/15	   2.055	   2.070	   2.037	   2.059	       30592420	      2.080	      2.060	      2.042	      2.106	           	      0.000	 305924.188	 275469.531	 264537.688	     -0.005	     -0.013	      0.017	
 2012/08/16	   2.057	   2.057	   2.032	   2.036	       12426433	      2.065	      2.066	      2.040	      2.104	           	      0.000	 124264.328	 227746.750	 258911.375	     -0.006	     -0.012	      0.011	
 2012/08/17	   2.030	   2.038	   2.011	   2.025	       18562544	      2.050	      2.067	      2.039	      2.102	           	      0.000	 185625.438	 234082.406	 257152.016	     -0.008	     -0.011	      0.006	
 2012/08/20	   2.015	   2.034	   1.998	   2.030	       18961476	      2.042	      2.064	      2.039	      2.101	           	      0.000	 189614.766	 231611.484	 234252.172	     -0.009	     -0.011	      0.003	
 2012/08/21	   2.029	   2.067	   2.025	   2.056	       23334478	      2.041	      2.062	      2.039	      2.099	           	      0.000	 233344.781	 207754.703	 227651.828	     -0.008	     -0.010	      0.005	
 2012/08/22	   2.055	   2.066	   2.026	   2.033	       29379808	      2.036	      2.058	      2.038	      2.097	           	      0.000	 293798.094	 205329.484	 240399.500	     -0.009	     -0.010	      0.003	
 2012/08/23	   2.034	   2.049	   2.012	   2.039	       62975344	      2.037	      2.051	      2.039	      2.094	           	      0.000	 629753.438	 306427.313	 267087.031	     -0.009	     -0.010	      0.002	
 2012/08/24	   2.031	   2.038	   2.005	   2.005	       15926035	      2.033	      2.041	      2.039	      2.091	           	      0.000	 159260.344	 301154.281	 267618.344	     -0.011	     -0.010	     -0.002	
 2012/08/27	   2.000	   2.000	   1.967	   1.972	       29434904	      2.021	      2.031	      2.038	      2.087	           	      0.000	 294349.031	 322101.125	 276856.313	     -0.016	     -0.011	     -0.009	
 2012/08/28	   1.965	   1.991	   1.964	   1.976	       36445008	      2.005	      2.023	      2.038	      2.084	           	      0.000	 364450.094	 348322.188	 278038.438	     -0.019	     -0.013	     -0.012	
 2012/08/29	   1.969	   1.999	   1.965	   1.974	       34398048	      1.993	      2.015	      2.037	      2.081	           	      0.000	 343980.469	 358358.688	 281844.063	     -0.021	     -0.014	     -0.014	
 2012/08/30	   1.970	   1.983	   1.914	   1.938	       38044508	      1.973	      2.005	      2.035	      2.078	           	      0.000	 380445.094	 308497.000	 307462.156	     -0.026	     -0.017	     -0.018	
 2012/08/31	   1.933	   1.947	   1.929	   1.940	       26424048	      1.960	      1.996	      2.032	      2.075	           	      0.000	 264240.469	 329493.031	 315323.656	     -0.029	     -0.019	     -0.019	
 2012/09/03	   1.938	   1.988	   1.933	   1.984	       25353926	      1.962	      1.992	      2.028	      2.072	           	      0.000	 253539.266	 321331.063	 321716.094	     -0.027	     -0.021	     -0.013	
 2012/09/04	   1.985	   1.998	   1.964	   1.967	       28999780	      1.961	      1.983	      2.022	      2.069	           	      0.000	 289997.813	 306440.625	 327381.406	     -0.027	     -0.022	     -0.010	
 2012/09/05	   1.954	   1.990	   1.954	   1.982	       26328874	      1.962	      1.978	      2.018	      2.066	           	      0.000	 263288.750	 290302.281	 324330.469	     -0.026	     -0.023	     -0.006	
 2012/09/06	   1.986	   2.008	   1.983	   2.008	       22942916	      1.976	      1.975	      2.013	      2.063	           	      0.000	 229429.156	 260099.094	 284298.063	     -0.022	     -0.023	      0.001	
 2012/09/07	   2.019	   2.097	   2.019	   2.079	       61618248	      2.004	      1.982	      2.012	      2.062	           	      0.000	 616182.500	 330487.500	 329990.250	     -0.013	     -0.021	      0.015	
 2012/09/10	   2.080	   2.098	   2.072	   2.087	       33606088	      2.025	      1.993	      2.012	      2.060	           	      0.000	 336060.875	 346991.813	 334161.438	     -0.006	     -0.018	      0.024	
 2012/09/11	   2.084	   2.086	   2.067	   2.086	       28116496	      2.048	      2.004	      2.014	      2.058	           	      0.000	 281164.969	 345225.250	 325832.938	      0.000	     -0.014	      0.029	
 2012/09/12	   2.094	   2.105	   2.071	   2.092	       24625942	      2.070	      2.016	      2.015	      2.057	           	      0.000	 246259.422	 341819.375	 316060.844	      0.006	     -0.010	      0.031	
 2012/09/13	   2.091	   2.099	   2.068	   2.068	       28661800	      2.082	      2.029	      2.017	      2.055	           	      0.000	 286618.000	 353257.156	 306678.125	      0.008	     -0.007	      0.028	
 2012/09/14	   2.081	   2.090	   2.049	   2.066	       37741684	      2.080	      2.042	      2.019	      2.054	           	      0.000	 377416.844	 305504.031	 317995.750	      0.009	     -0.003	      0.025	
 2012/09/17	   2.064	   2.065	   2.018	   2.018	       23106384	      2.066	      2.045	      2.019	      2.052	           	      0.000	 231063.844	 284504.625	 315748.219	      0.006	     -0.002	      0.015	
 2012/09/18	   2.002	   2.024	   1.995	   2.005	       27629856	      2.050	      2.049	      2.016	      2.051	           	      0.000	 276298.563	 283531.344	 314378.281	      0.003	     -0.001	      0.007	
 2012/09/19	   2.010	   2.034	   2.004	   2.024	       22465206	      2.036	      2.053	      2.016	      2.050	           	      0.000	 224652.063	 279209.875	 310514.625	      0.002	     -0.000	      0.004	
 2012/09/20	   2.016	   2.016	   1.967	   1.970	       19998080	      2.017	      2.049	      2.012	      2.048	           	      0.000	 199980.797	 261882.422	 307569.781	     -0.004	     -0.001	     -0.005	
 2012/09/21	   1.968	   1.974	   1.940	   1.941	       24183980	      1.992	      2.036	      2.009	      2.045	           	      0.000	 241839.797	 234767.016	 270135.531	     -0.010	     -0.003	     -0.014	
 2012/09/24	   1.931	   1.978	   1.920	   1.959	       29663140	      1.980	      2.023	      2.008	      2.042	           	      0.000	 296631.406	 247880.531	 266192.563	     -0.013	     -0.005	     -0.017	
 2012/09/25	   1.956	   1.970	   1.946	   1.946	       14908652	      1.968	      2.009	      2.007	      2.038	           	      0.000	 149086.516	 222438.109	 252984.719	     -0.017	     -0.007	     -0.019	
 2012/09/26	   1.946	   1.954	   1.904	   1.909	       18497908	      1.945	      1.991	      2.003	      2.035	           	      0.000	 184979.078	 214503.516	 246856.688	     -0.023	     -0.010	     -0.024	
 2012/09/27	   1.908	   1.971	   1.906	   1.956	       39510256	      1.942	      1.979	      2.004	      2.032	           	      0.000	 395102.563	 253527.875	 257705.141	     -0.023	     -0.013	     -0.020	
 2012/09/28	   1.947	   2.006	   1.942	   2.005	       44799992	      1.955	      1.973	      2.008	      2.030	           	      0.000	 447999.906	 294759.906	 264763.438	     -0.019	     -0.014	     -0.010	
 2012/10/08	   2.003	   2.015	   1.970	   1.987	       28581828	      1.961	      1.970	      2.008	      2.028	           	      0.000	 285818.281	 292597.281	 270238.906	     -0.017	     -0.015	     -0.005	
 2012/10/09	   1.990	   2.040	   1.990	   2.036	       53027172	      1.979	      1.973	      2.011	      2.027	           	      0.000	 530271.750	 368834.313	 295636.219	     -0.012	     -0.014	      0.005	
 2012/10/10	   2.035	   2.066	   2.029	   2.063	       28259402	      2.009	      1.977	      2.015	      2.026	           	      0.000	 282594.031	 388357.313	 301430.406	     -0.005	     -0.012	      0.015	
 2012/10/11	   2.056	   2.060	   2.033	   2.033	       25644428	      2.025	      1.984	      2.016	      2.024	           	      0.000	 256444.281	 360625.656	 307076.750	     -0.002	     -0.010	      0.016	
 2012/10/12	   2.035	   2.055	   2.006	   2.018	       32167488	      2.027	      1.991	      2.013	      2.022	           	      0.000	 321674.875	 335360.656	 315060.281	     -0.001	     -0.008	      0.015	
 2012/10/15	   2.012	   2.024	   1.989	   2.007	       20338408	      2.031	      1.996	      2.009	      2.021	           	      0.000	 203384.078	 318873.813	 305735.531	     -0.001	     -0.007	      0.012	
 2012/10/16	   2.006	   2.028	   1.996	   2.012	       26720264	      2.027	      2.003	      2.006	      2.020	           	      0.000	 267202.625	 266259.969	 317547.156	     -0.001	     -0.006	      0.010	
 2012/10/17	   2.020	   2.024	   1.997	   2.018	       25182344	      2.018	      2.013	      2.002	      2.020	           	      0.000	 251823.438	 260105.859	 324231.594	      0.000	     -0.005	      0.009	
 2012/10/18	   2.021	   2.059	   2.018	   2.056	       29615620	      2.022	      2.023	      2.001	      2.019	           	      0.000	 296156.188	 268048.250	 314336.938	      0.004	     -0.003	      0.013	
 2012/10/19	   2.055	   2.059	   2.041	   2.048	       15640108	      2.028	      2.028	      2.001	      2.019	           	      0.000	 156401.078	 234993.484	 285177.063	      0.006	     -0.001	      0.014	
 2012/10/22	   2.033	   2.057	   2.032	   2.052	       16933934	      2.037	      2.034	      2.002	      2.020	           	      0.000	 169339.344	 228184.531	 273529.156	      0.008	      0.001	      0.014	
 2012/10/23	   2.054	   2.054	   2.024	   2.024	       18675380	      2.040	      2.033	      2.003	      2.019	           	      0.000	 186753.797	 212094.766	 239177.375	      0.007	      0.002	      0.010	
 2012/10/24	   2.013	   2.024	   2.004	   2.009	       16520509	      2.038	      2.028	      2.002	      2.019	           	      0.000	 165205.094	 194771.094	 227438.484	      0.005	      0.003	      0.005	
 2012/10/25	   2.006	   2.019	   1.986	   1.990	       18382844	      2.025	      2.023	      2.003	      2.018	           	      0.000	 183828.438	 172305.547	 220176.891	      0.002	      0.002	     -0.001	
 2012/10/26	   1.990	   1.993	   1.933	   1.947	       51526720	      2.004	      2.016	      2.004	      2.017	           	      0.000	 515267.188	 244078.766	 239536.125	     -0.004	      0.001	     -0.010	
 2012/10/29	   1.942	   1.965	   1.942	   1.957	       21443568	      1.985	      2.011	      2.004	      2.016	           	      0.000	 214435.688	 253098.047	 240641.281	     -0.007	     -0.000	     -0.014	
 2012/10/30	   1.960	   1.975	   1.951	   1.954	       15786345	      1.971	      2.006	      2.004	      2.016	           	      0.000	 157863.453	 247319.969	 229707.375	     -0.011	     -0.003	     -0.016	
 2012/10/31	   1.951	   1.965	   1.947	   1.962	       12866227	      1.962	      2.000	      2.007	      2.016	           	      0.000	 128662.273	 240011.406	 217391.250	     -0.012	     -0.004	     -0.016	
 2012/11/01	   1.963	   1.998	   1.963	   1.993	       27877756	      1.963	      1.994	      2.009	      2.016	           	      0.000	 278777.563	 259001.234	 215653.391	     -0.011	     -0.006	     -0.010	
 2012/11/02	   1.993	   1.996	   1.976	   1.990	       19560648	      1.971	      1.988	      2.008	      2.016	           	      0.000	 195606.484	 195069.094	 219573.938	     -0.010	     -0.007	     -0.007	
 2012/11/05	   1.987	   1.996	   1.967	   1.975	       15924399	      1.975	      1.980	      2.007	      2.014	           	      0.000	 159243.984	 184030.750	 218564.391	     -0.010	     -0.007	     -0.006	
 2012/11/06	   1.976	   1.977	   1.938	   1.959	       23870420	      1.976	      1.974	      2.003	      2.012	           	      0.000	 238704.203	 200198.906	 223759.438	     -0.012	     -0.008	     -0.007	
 2012/11/07	   1.957	   1.970	   1.950	   1.960	       11513515	      1.975	      1.969	      1.998	      2.010	           	      0.000	 115135.148	 197493.469	 218752.438	     -0.013	     -0.009	     -0.007	
 2012/11/08	   1.950	   1.950	   1.916	   1.917	       22573908	      1.960	      1.961	      1.992	      2.007	           	      0.000	 225739.078	 186885.781	 222943.500	     -0.017	     -0.011	     -0.012	
 2012/11/09	   1.916	   1.923	   1.901	   1.907	       20065324	      1.944	      1.957	      1.987	      2.004	           	      0.000	 200653.234	 187895.125	 191482.109	     -0.020	     -0.013	     -0.016	
 2012/11/12	   1.910	   1.920	   1.889	   1.908	       17908330	      1.930	      1.952	      1.982	      2.001	           	      0.000	 179083.297	 191863.000	 187946.875	     -0.023	     -0.015	     -0.017	
 2012/11/13	   1.909	   1.909	   1.865	   1.870	       20337280	      1.912	      1.944	      1.975	      1.998	           	      0.000	 203372.797	 184796.719	 192497.813	     -0.028	     -0.017	     -0.021	
 2012/11/14	   1.870	   1.876	   1.853	   1.870	       22439952	      1.894	      1.935	      1.967	      1.995	           	      0.000	 224399.516	 206649.578	 202071.531	     -0.031	     -0.020	     -0.022	
 2012/11/15	   1.865	   1.872	   1.846	   1.846	       19690076	      1.880	      1.920	      1.957	      1.992	           	      0.000	 196900.766	 200881.922	 193883.844	     -0.036	     -0.023	     -0.025	
 2012/11/16	   1.845	   1.845	   1.821	   1.836	       22437068	      1.866	      1.905	      1.946	      1.989	           	      0.000	 224370.688	 205625.406	 196760.266	     -0.039	     -0.026	     -0.026	
 2012/11/19	   1.836	   1.836	   1.806	   1.833	       22416200	      1.851	      1.891	      1.935	      1.985	           	      0.000	 224162.000	 214641.156	 203252.078	     -0.042	     -0.030	     -0.025	
 2012/11/20	   1.835	   1.842	   1.826	   1.829	       15960085	      1.843	      1.878	      1.926	      1.982	           	      0.000	 159600.844	 205886.766	 195341.734	     -0.044	     -0.033	     -0.023	
 2012/11/21	   1.830	   1.844	   1.807	   1.842	       28577072	      1.837	      1.866	      1.917	      1.978	           	      0.000	 285770.719	 218161.000	 212405.297	     -0.044	     -0.035	     -0.019	
 2012/11/22	   1.834	   1.837	   1.815	   1.817	       23604960	      1.831	      1.856	      1.909	      1.975	           	      0.000	 236049.594	 225990.766	 213436.344	     -0.046	     -0.037	     -0.017	
 2012/11/23	   1.824	   1.832	   1.818	   1.819	       16642953	      1.828	      1.847	      1.902	      1.972	           	      0.000	 166429.531	 214402.531	 210013.969	     -0.046	     -0.039	     -0.015	
 2012/11/26	   1.818	   1.820	   1.793	   1.794	       14150193	      1.820	      1.836	      1.894	      1.969	           	      0.000	 141501.938	 197870.531	 206255.844	     -0.048	     -0.041	     -0.015	
 2012/11/27	   1.787	   1.787	   1.745	   1.746	       29676920	      1.804	      1.823	      1.884	      1.965	           	      0.000	 296769.188	 225304.188	 215595.484	     -0.053	     -0.043	     -0.019	
 2012/11/28	   1.733	   1.738	   1.716	   1.720	       24589460	      1.779	      1.808	      1.872	      1.961	           	      0.000	 245894.594	 217328.969	 217744.984	     -0.058	     -0.046	     -0.024	
 2012/11/29	   1.721	   1.735	   1.708	   1.712	       20903392	      1.758	      1.795	      1.857	      1.957	           	      0.000	 209033.922	 211925.828	 218958.297	     -0.062	     -0.049	     -0.025	
 2012/11/30	   1.712	   1.732	   1.707	   1.725	       25896880	      1.739	      1.784	      1.844	      1.953	           	      0.000	 258968.797	 230433.688	 222418.109	     -0.063	     -0.052	     -0.023	
 2012/12/03	   1.728	   1.735	   1.685	   1.688	       20850734	      1.718	      1.769	      1.830	      1.948	           	      0.000	 208507.344	 243834.766	 220852.641	     -0.067	     -0.055	     -0.023	
 2012/12/04	   1.684	   1.714	   1.674	   1.713	       27772732	      1.712	      1.758	      1.818	      1.944	           	      0.000	 277727.313	 240026.391	 232665.297	     -0.067	     -0.057	     -0.019	
 2012/12/05	   1.705	   1.786	   1.702	   1.775	       54982100	      1.723	      1.751	      1.808	      1.941	           	      0.000	 549821.000	 300811.688	 259070.328	     -0.061	     -0.058	     -0.006	
 2012/12/06	   1.776	   1.783	   1.750	   1.764	       29977464	      1.733	      1.746	      1.801	      1.937	           	      0.000	 299774.625	 318959.813	 265442.813	     -0.056	     -0.058	      0.003	
 2012/12/07	   1.763	   1.801	   1.757	   1.799	       40808336	      1.748	      1.744	      1.795	      1.932	           	      0.000	 408083.375	 348782.719	 289608.219	     -0.049	     -0.056	      0.013	
 2012/12/10	   1.803	   1.829	   1.790	   1.826	       40988320	      1.775	      1.747	      1.791	      1.928	           	      0.000	 409883.188	 389057.906	 316446.344	     -0.041	     -0.053	      0.023	
 2012/12/11	   1.819	   1.824	   1.808	   1.809	       22078484	      1.795	      1.753	      1.788	      1.923	           	      0.000	 220784.844	 377669.406	 308847.906	     -0.036	     -0.050	      0.027	
 2012/12/12	   1.809	   1.817	   1.791	   1.808	       23004338	      1.801	      1.762	      1.785	      1.918	           	      0.000	 230043.375	 313713.875	 307262.781	     -0.031	     -0.046	      0.029	
 2012/12/13	   1.805	   1.807	   1.786	   1.788	       12629597	      1.806	      1.770	      1.782	      1.913	           	      0.000	 126295.969	 279018.156	 298988.969	     -0.029	     -0.043	      0.027	
 2012/12/14	   1.785	   1.867	   1.785	   1.867	       65125356	      1.820	      1.784	      1.784	      1.910	           	      0.000	 651253.563	 327652.188	 338217.469	     -0.020	     -0.038	      0.035	
 2012/12/17	   1.867	   1.872	   1.843	   1.855	       39456280	      1.825	      1.800	      1.785	      1.907	           	      0.000	 394562.813	 324588.125	 356823.000	     -0.015	     -0.033	      0.038	
 2012/12/18	   1.850	   1.877	   1.842	   1.850	       47911408	      1.834	      1.814	      1.786	      1.905	           	      0.000	 479114.094	 376253.969	 376961.688	     -0.010	     -0.029	      0.037	
 2012/12/19	   1.847	   1.872	   1.841	   1.866	       21937168	      1.845	      1.823	      1.787	      1.902	           	      0.000	 219371.688	 374119.625	 343916.750	     -0.005	     -0.024	      0.038	
 2012/12/20	   1.859	   1.876	   1.842	   1.869	       20434656	      1.861	      1.834	      1.790	      1.901	           	      0.000	 204346.563	 389729.750	 334373.938	     -0.001	     -0.020	      0.037	
 2012/12/21	   1.869	   1.893	   1.863	   1.879	       24828128	      1.864	      1.842	      1.793	      1.900	           	      0.000	 248281.281	 309135.281	 318393.750	      0.003	     -0.015	      0.036	
 2012/12/24	   1.873	   1.892	   1.869	   1.886	       39457564	      1.870	      1.848	      1.797	      1.898	           	      0.000	 394575.625	 309137.844	 316862.969	      0.006	     -0.011	      0.034	
 2012/12/25	   1.884	   1.938	   1.880	   1.927	       58227420	      1.885	      1.860	      1.806	      1.898	           	      0.000	 582274.188	 329769.875	 353011.906	      0.013	     -0.006	      0.037	
 2012/12/26	   1.925	   1.960	   1.925	   1.955	       38023976	      1.903	      1.874	      1.818	      1.899	           	      0.000	 380239.750	 361943.469	 368031.563	      0.019	     -0.001	      0.041	
 2012/12/27	   1.963	   1.972	   1.938	   1.947	       55816672	      1.919	      1.890	      1.830	      1.899	           	      0.000	 558166.750	 432707.531	 411218.625	      0.024	      0.004	      0.040	
 2012/12/28	   1.944	   1.968	   1.938	   1.967	       20391108	      1.936	      1.900	      1.842	      1.898	           	      0.000	 203911.078	 423833.469	 366484.375	      0.029	      0.009	      0.040	
 2012/12/31	   1.963	   1.985	   1.963	   1.985	       21329008	      1.956	      1.913	      1.857	      1.898	           	      0.000	 213290.078	 387576.375	 348357.125	      0.034	      0.014	      0.040	
 2013/01/04	   1.998	   1.999	   1.932	   1.958	       40348800	      1.962	      1.924	      1.869	      1.897	           	      0.000	 403488.000	 351819.125	 340794.500	      0.035	      0.018	      0.034	
 2013/01/07	   1.953	   1.978	   1.942	   1.976	       28991644	      1.967	      1.935	      1.879	      1.895	           	      0.000	 289916.438	 333754.469	 347848.969	      0.037	      0.022	      0.030	
 2013/01/08	   1.976	   2.013	   1.968	   2.006	       51973248	      1.978	      1.949	      1.891	      1.895	           	      0.000	 519732.469	 326067.625	 379387.563	      0.041	      0.026	      0.030	
 2013/01/09	   2.000	   2.041	   1.999	   2.024	       51106684	      1.990	      1.963	      1.902	      1.895	           	      0.000	 511066.844	 387498.750	 405666.125	      0.044	      0.029	      0.030	
 2013/01/10	   2.022	   2.044	   2.015	   2.038	       31983766	      2.000	      1.978	      1.913	      1.895	           	      0.000	 319837.656	 408808.281	 398192.313	      0.048	      0.033	      0.030	
 2013/01/11	   2.041	   2.044	   2.002	   2.008	       44852136	      2.010	      1.986	      1.923	      1.895	           	      0.000	 448521.375	 417814.969	 384817.031	      0.048	      0.036	      0.024	
 2013/01/14	   2.002	   2.097	   2.000	   2.097	       55171948	      2.035	      2.001	      1.937	      1.897	           	      0.000	 551719.500	 470175.563	 401965.031	      0.054	      0.040	      0.029	
 2013/01/15	   2.100	   2.150	   2.099	   2.135	       88437496	      2.060	      2.019	      1.955	      1.898	           	      0.000	 884374.938	 543104.063	 434585.844	      0.062	      0.044	      0.035	
 2013/01/16	   2.133	   2.153	   2.098	   2.135	      150372432	      2.083	      2.036	      1.968	      1.899	           	      0.000	1503724.375	 741635.563	 564567.188	      0.067	      0.049	      0.036	
 2013/01/17	   2.134	   2.134	   2.101	   2.113	       68020352	      2.098	      2.049	      1.981	      1.900	           	      0.000	 680203.500	 813708.750	 611258.500	      0.068	      0.053	      0.032	
 2013/01/18	   2.123	   2.150	   2.109	   2.145	       61948916	      2.125	      2.068	      1.996	      1.902	           	      0.000	 619489.188	 847902.313	 632858.625	      0.071	      0.056	      0.030	
 2013/01/21	   2.149	   2.153	   2.125	   2.137	       60739956	      2.133	      2.084	      2.009	      1.905	           	      0.000	 607399.563	 859038.313	 664606.938	      0.072	      0.060	      0.025	
 2013/01/22	   2.136	   2.136	   2.087	   2.103	       52413372	      2.127	      2.093	      2.021	      1.906	           	      0.000	 524133.719	 786990.063	 665047.063	      0.069	      0.062	      0.016	
 2013/01/23	   2.098	   2.114	   2.085	   2.110	       29298164	      2.122	      2.102	      2.033	      1.909	           	      0.000	 292981.625	 544841.500	 643238.563	      0.067	      0.063	      0.009	
 2013/01/24	   2.106	   2.134	   2.050	   2.062	       66780196	      2.111	      2.105	      2.041	      1.911	           	      0.000	 667801.938	 542361.188	 678035.000	      0.060	      0.062	     -0.004	
 2013/01/25	   2.058	   2.077	   2.050	   2.066	       30583144	      2.096	      2.110	      2.048	      1.913	           	      0.000	 305831.438	 479629.656	 663766.000	      0.055	      0.061	     -0.012	
 2013/01/28	   2.060	   2.108	   2.060	   2.108	       56004168	      2.090	      2.111	      2.056	      1.915	           	      0.000	 560041.688	 470158.094	 664598.188	      0.053	      0.059	     -0.012	
 2013/01/29	   2.110	   2.128	   2.095	   2.121	       33366628	      2.093	      2.110	      2.065	      1.917	           	      0.000	 333666.281	 432064.594	 609527.313	      0.053	      0.058	     -0.011	
 2013/01/30	   2.121	   2.127	   2.105	   2.119	       26619816	      2.095	      2.108	      2.072	      1.919	           	      0.000	 266198.156	 426707.906	 485774.719	      0.051	      0.057	     -0.011	
 2013/01/31	   2.118	   2.124	   2.088	   2.096	       27858606	      2.102	      2.107	      2.078	      1.921	           	      0.000	 278586.063	 348864.719	 445612.969	      0.048	      0.055	     -0.014	
 2013/02/01	   2.089	   2.118	   2.087	   2.114	       59023304	      2.112	      2.104	      2.086	      1.924	           	      0.000	 590233.063	 405745.063	 442687.344	      0.046	      0.053	     -0.014	
 2013/02/04	   2.118	   2.126	   2.081	   2.082	      139707744	      2.106	      2.098	      2.091	      1.926	           	      0.000	1397077.500	 573152.188	 521655.156	      0.041	      0.051	     -0.019	
 2013/02/05	   2.076	   2.117	   2.072	   2.116	       83686272	      2.105	      2.099	      2.096	      1.929	           	      0.000	 836862.750	 673791.500	 552928.063	      0.040	      0.048	     -0.017	
 2013/02/06	   2.116	   2.142	   2.115	   2.132	      159109936	      2.108	      2.102	      2.102	      1.933	           	      0.000	1591099.375	 938771.750	 682739.813	      0.040	      0.047	     -0.014	
 2013/02/07	   2.133	   2.171	   2.124	   2.165	       58008960	      2.122	      2.112	      2.108	      1.937	           	      0.000	 580089.625	 999072.438	 673968.625	      0.042	      0.046	     -0.008	
 2013/02/08	   2.166	   2.207	   2.166	   2.197	       63816912	      2.138	      2.125	      2.118	      1.943	           	      0.000	 638169.125	1008659.688	 707202.375	      0.045	      0.046	     -0.001	
 2013/02/18	   2.204	   2.206	   2.171	   2.184	       87381360	      2.159	      2.133	      2.122	      1.948	           	      0.000	 873813.625	 904006.875	 738579.563	      0.047	      0.046	      0.002	
 2013/02/19	   2.182	   2.193	   2.139	   2.149	       52477336	      2.165	      2.135	      2.123	      1.953	           	      0.000	 524773.375	 841589.000	 757690.250	      0.044	      0.046	     -0.002	
 2013/02/20	   2.147	   2.203	   2.142	   2.202	       47972848	      2.179	      2.144	      2.126	      1.959	           	      0.000	 479728.469	 619314.875	 779043.313	      0.046	      0.046	      0.001	
 2013/02/21	   2.190	   2.190	   2.141	   2.154	       95959648	      2.177	      2.149	      2.128	      1.965	           	      0.000	 959596.500	 695216.250	 847144.313	      0.044	      0.045	     -0.004	
 2013/02/22	   2.152	   2.182	   2.151	   2.160	       25777982	      2.170	      2.154	      2.129	      1.970	           	      0.000	 257779.813	 619138.375	 813899.000	      0.041	      0.045	     -0.006	
 2013/02/25	   2.158	   2.186	   2.154	   2.180	       30069968	      2.169	      2.164	      2.131	      1.976	           	      0.000	 300699.688	 504515.563	 704261.250	      0.041	      0.044	     -0.006	
 2013/02/26	   2.169	   2.196	   2.141	   2.141	       90495872	      2.167	      2.166	      2.133	      1.981	           	      0.000	 904958.750	 580552.625	 711070.813	      0.037	      0.042	     -0.011	
 2013/02/27	   2.148	   2.180	   2.132	   2.142	       29412834	      2.155	      2.167	      2.135	      1.987	           	      0.000	 294128.344	 543432.625	 581373.750	      0.033	      0.040	     -0.015	
 2013/02/28	   2.148	   2.184	   2.137	   2.181	       41000248	      2.161	      2.169	      2.140	      1.993	           	      0.000	 410002.469	 433513.813	 564365.000	      0.033	      0.039	     -0.012	
 2013/03/01	   2.180	   2.207	   2.176	   2.207	       60472496	      2.170	      2.170	      2.148	      2.001	           	      0.000	 604724.938	 502902.844	 561020.625	      0.035	      0.038	     -0.007	
 2013/03/04	   2.182	   2.198	   2.122	   2.144	       52891952	      2.163	      2.166	      2.149	      2.008	           	      0.000	 528919.500	 548546.813	 526531.188	      0.031	      0.037	     -0.012	
 2013/03/05	   2.142	   2.203	   2.140	   2.203	       69644504	      2.175	      2.171	      2.153	      2.016	           	      0.000	 696445.063	 506844.063	 543698.375	      0.032	      0.036	     -0.008	
 2013/03/06	   2.206	   2.245	   2.206	   2.242	      185528160	      2.195	      2.175	      2.160	      2.025	           	      0.000	1855281.625	 819074.750	 681253.688	      0.035	      0.036	     -0.000	
 2013/03/07	   2.239	   2.240	   2.180	   2.200	      154161920	      2.199	      2.180	      2.165	      2.033	           	      0.000	1541619.250	1045398.063	 739455.938	      0.034	      0.035	     -0.002	
 2013/03/08	   2.197	   2.219	   2.172	   2.178	       25692628	      2.193	      2.182	      2.168	      2.041	           	      0.000	 256926.281	 975838.375	 739370.563	      0.032	      0.035	     -0.006	
 2013/03/11	   2.171	   2.197	   2.159	   2.188	       24141688	      2.202	      2.183	      2.173	      2.048	           	      0.000	 241416.875	 918337.813	 733442.313	      0.030	      0.034	     -0.008	
 2013/03/12	   2.186	   2.200	   2.105	   2.129	      107040736	      2.187	      2.181	      2.174	      2.054	           	      0.000	1070407.375	 993130.250	 749987.188	      0.023	      0.032	     -0.016	
 2013/03/13	   2.124	   2.128	   2.088	   2.116	       52213768	      2.162	      2.179	      2.173	      2.059	           	      0.000	 522137.688	 726501.500	 772788.125	      0.017	      0.029	     -0.023	
 2013/03/14	   2.105	   2.145	   2.105	   2.130	       38720128	      2.148	      2.174	      2.171	      2.064	           	      0.000	 387201.281	 495617.906	 770508.000	      0.013	      0.026	     -0.025	
 2013/03/15	   2.135	   2.190	   2.121	   2.142	       50000992	      2.141	      2.167	      2.169	      2.070	           	      0.000	 500009.906	 544234.625	 760036.500	      0.011	      0.023	     -0.024	
 2013/03/18	   2.139	   2.148	   2.109	   2.112	       28043988	      2.126	      2.164	      2.165	      2.075	           	      0.000	 280439.875	 552039.250	 735188.500	      0.006	      0.019	     -0.026	
 2013/03/19	   2.109	   2.142	   2.087	   2.119	       20888682	      2.124	      2.156	      2.164	      2.080	           	      0.000	 208886.813	 379735.125	 686432.688	      0.003	      0.016	     -0.026	
 2013/03/20	   2.117	   2.184	   2.106	   2.184	       80969424	      2.137	      2.150	      2.163	      2.086	           	      0.000	 809694.250	 437246.438	 581873.938	      0.006	      0.014	     -0.016	
 2013/03/21	   2.186	   2.211	   2.177	   2.198	       82296792	      2.151	      2.150	      2.165	      2.091	           	      0.000	 822967.938	 524399.750	 510008.813	      0.009	      0.013	     -0.008	
 2013/03/22	   2.200	   2.222	   2.196	   2.214	       43557192	      2.165	      2.153	      2.168	      2.097	           	      0.000	 435571.906	 511512.156	 527873.375	      0.013	      0.013	     -0.000	
 2013/03/25	   2.221	   2.225	   2.191	   2.216	       19509300	      2.186	      2.156	      2.169	      2.103	           	      0.000	 195093.000	 494442.781	 523241.000	      0.016	      0.014	      0.005	
 2013/03/26	   2.206	   2.212	   2.172	   2.204	       27337182	      2.203	      2.164	      2.172	      2.109	           	      0.000	 273371.813	 507339.781	 443537.438	      0.017	      0.014	      0.006	
 2013/03/27	   2.207	   2.226	   2.189	   2.202	       24195412	      2.207	      2.172	      2.175	      2.114	           	      0.000	 241954.125	 393791.750	 415519.094	      0.018	      0.015	      0.005	
 2013/03/28	   2.180	   2.180	   2.150	   2.156	       24750956	      2.198	      2.175	      2.174	      2.119	           	      0.000	 247509.563	 278700.094	 401549.906	      0.014	      0.015	     -0.001	
 2013/03/29	   2.157	   2.177	   2.152	   2.158	       25716452	      2.187	      2.176	      2.172	      2.123	           	      0.000	 257164.516	 243018.609	 377265.375	      0.012	      0.014	     -0.005	
 2013/04/01	   2.152	   2.175	   2.150	   2.160	       14631320	      2.176	      2.181	      2.173	      2.126	           	      0.000	 146313.203	 233262.641	 363852.719	      0.010	      0.013	     -0.008	
 2013/04/02	   2.156	   2.176	   2.100	   2.105	       82623064	      2.156	      2.180	      2.168	      2.129	           	      0.000	 826230.625	 343834.406	 425587.094	      0.003	      0.011	     -0.016	
 2013/04/03	   2.105	   2.119	   2.085	   2.094	       41888940	      2.135	      2.171	      2.160	      2.131	           	      0.000	 418889.406	 379221.469	 386506.625	     -0.002	      0.009	     -0.022	
 2013/04/08	   2.071	   2.140	   2.058	   2.130	       49842512	      2.129	      2.164	      2.157	      2.133	           	      0.000	 498425.125	 429404.563	 354052.313	     -0.004	      0.006	     -0.020	
 2013/04/09	   2.130	   2.147	   2.125	   2.140	       21322368	      2.126	      2.157	      2.155	      2.136	           	      0.000	 213223.688	 420616.406	 331817.500	     -0.004	      0.004	     -0.017	
 2013/04/10	   2.138	   2.148	   2.111	   2.125	       14170654	      2.119	      2.147	      2.152	      2.139	           	      0.000	 141706.547	 419695.063	 326478.875	     -0.006	      0.002	     -0.016	
 2013/04/11	   2.139	   2.143	   2.116	   2.116	       17738908	      2.121	      2.139	      2.151	      2.140	           	      0.000	 177389.078	 289926.781	 316880.594	     -0.008	      0.000	     -0.015	
 2013/04/12	   2.114	   2.135	   2.107	   2.109	       11108474	      2.124	      2.129	      2.151	      2.142	           	      0.000	 111084.742	 228365.844	 303793.656	     -0.009	     -0.002	     -0.015	
 2013/04/15	   2.107	   2.109	   2.071	   2.081	       11839307	      2.114	      2.122	      2.148	      2.143	           	      0.000	 118393.070	 152359.422	 290882.000	     -0.013	     -0.004	     -0.018	
 2013/04/16	   2.064	   2.104	   2.058	   2.102	       24070102	      2.107	      2.116	      2.146	      2.144	           	      0.000	 240701.016	 157854.891	 289235.656	     -0.014	     -0.006	     -0.016	
 2013/04/17	   2.100	   2.139	   2.097	   2.139	       21202678	      2.109	      2.114	      2.148	      2.145	           	      0.000	 212026.781	 171918.938	 295807.000	     -0.012	     -0.007	     -0.009	
 2013/04/18	   2.127	   2.159	   2.121	   2.135	       28734656	      2.113	      2.117	      2.148	      2.145	           	      0.000	 287346.563	 193910.438	 241918.594	     -0.010	     -0.008	     -0.005	
 2013/04/19	   2.136	   2.194	   2.136	   2.184	       31062416	      2.128	      2.126	      2.148	      2.146	           	      0.000	 310624.156	 233818.313	 231092.078	     -0.005	     -0.007	      0.005	
 2013/04/22	   2.172	   2.198	   2.170	   2.197	       17301818	      2.151	      2.133	      2.148	      2.147	           	      0.000	 173018.188	 244743.344	 198551.375	      0.001	     -0.006	      0.012	
 2013/04/23	   2.197	   2.197	   2.130	   2.136	       31059056	      2.158	      2.132	      2.144	      2.147	           	      0.000	 310590.563	 258721.250	 208288.063	     -0.000	     -0.005	      0.009	
 2013/04/24	   2.134	   2.195	   2.128	   2.188	       40302624	      2.168	      2.139	      2.143	      2.148	           	      0.000	 403026.250	 296921.156	 234420.047	      0.003	     -0.003	      0.013	
 2013/04/25	   2.182	   2.187	   2.135	   2.135	       43808392	      2.168	      2.141	      2.140	      2.148	           	      0.000	 438083.906	 327068.625	 260489.531	      0.002	     -0.002	      0.008	
 2013/04/26	   2.135	   2.145	   2.090	   2.098	       21822644	      2.151	      2.139	      2.134	      2.148	           	      0.000	 218226.438	 308589.063	 271203.688	     -0.002	     -0.002	     -0.000	
 2013/05/02	   2.082	   2.116	   2.076	   2.111	       24561598	      2.134	      2.142	      2.132	      2.149	           	      0.000	 245615.984	 323108.625	 283926.000	     -0.004	     -0.003	     -0.004	
 2013/05/03	   2.115	   2.175	   2.115	   2.158	       34358592	      2.138	      2.148	      2.132	      2.150	           	      0.000	 343585.906	 329707.688	 294214.469	     -0.002	     -0.003	      0.000	
 2013/05/06	   2.161	   2.204	   2.160	   2.202	       28536300	      2.141	      2.154	      2.134	      2.152	           	      0.000	 285363.000	 306175.063	 301548.094	      0.003	     -0.001	      0.009	
 2013/05/07	   2.200	   2.214	   2.182	   2.194	       21343060	      2.153	      2.160	      2.139	      2.153	           	      0.000	 213430.594	 261244.391	 294156.500	      0.006	      0.000	      0.012	
 2013/05/08	   2.200	   2.220	   2.196	   2.219	       24348470	      2.177	      2.164	      2.145	      2.155	           	      0.000	 243484.703	 266296.031	 287442.563	      0.011	      0.002	      0.017	
 2013/05/09	   2.218	   2.228	   2.201	   2.226	       26844036	      2.200	      2.167	      2.150	      2.157	           	      0.000	 268440.375	 270860.906	 296984.781	      0.015	      0.005	      0.020	
 2013/05/10	   2.221	   2.240	   2.202	   2.237	       30041900	      2.216	      2.177	      2.155	      2.159	           	      0.000	 300419.000	 262227.531	 295967.625	      0.019	      0.008	      0.022	
 2013/05/13	   2.234	   2.238	   2.216	   2.236	       20571052	      2.222	      2.182	      2.160	      2.162	           	      0.000	 205710.516	 246297.031	 276236.031	      0.021	      0.010	      0.022	
 2013/05/14	   2.232	   2.236	   2.185	   2.208	       20669288	      2.225	      2.189	      2.165	      2.163	           	      0.000	 206692.875	 244949.500	 253096.938	      0.021	      0.012	      0.017	
 2013/05/15	   2.204	   2.255	   2.204	   2.254	       47297592	      2.232	      2.204	      2.172	      2.165	           	      0.000	 472975.906	 290847.750	 278571.875	      0.024	      0.015	      0.019	
 2013/05/16	   2.255	   2.300	   2.242	   2.275	       90186080	      2.242	      2.221	      2.182	      2.167	           	      0.000	 901860.813	 417531.813	 344196.375	      0.028	      0.017	      0.021	
 2013/05/17	   2.275	   2.324	   2.270	   2.314	       73990016	      2.257	      2.237	      2.192	      2.169	           	      0.000	 739900.188	 505428.063	 383827.813	      0.034	      0.021	      0.026	
 2013/05/20	   2.320	   2.364	   2.314	   2.356	       84314432	      2.281	      2.252	      2.203	      2.172	           	      0.000	 843144.313	 632914.813	 439605.938	      0.041	      0.025	      0.033	
 2013/05/21	   2.353	   2.406	   2.345	   2.405	      100648368	      2.321	      2.273	      2.217	      2.176	           	      0.000	1006483.688	 792873.000	 518911.250	      0.051	      0.030	      0.041	
 2013/05/22	   2.405	   2.419	   2.362	   2.375	       86438312	      2.345	      2.289	      2.226	      2.179	           	      0.000	 864383.125	 871154.438	 581001.063	      0.055	      0.035	      0.040	
 2013/05/23	   2.365	   2.415	   2.365	   2.376	       82787808	      2.365	      2.304	      2.235	      2.183	           	      0.000	 827878.063	 856357.875	 636944.875	      0.058	      0.040	      0.037	
 2013/05/24	   2.378	   2.426	   2.378	   2.424	       83593224	      2.387	      2.322	      2.250	      2.187	           	      0.000	 835932.250	 875564.313	 690496.188	      0.063	      0.044	      0.038	
 2013/05/27	   2.425	   2.443	   2.418	   2.434	       67517304	      2.403	      2.342	      2.262	      2.191	           	      0.000	 675173.063	 841970.063	 737442.438	      0.068	      0.049	      0.037	
 2013/05/28	   2.437	   2.442	   2.395	   2.412	       62495516	      2.404	      2.362	      2.276	      2.196	           	      0.000	 624955.188	 765664.313	 779268.688	      0.069	      0.053	      0.031	
 2013/05/29	   2.420	   2.445	   2.415	   2.440	       52146708	      2.417	      2.381	      2.293	      2.201	           	      0.000	 521467.094	 697081.125	 784117.750	      0.071	      0.057	      0.028	
 2013/05/30	   2.430	   2.448	   2.420	   2.439	       52557844	      2.430	      2.398	      2.309	      2.205	           	      0.000	 525578.438	 636621.188	 746489.563	      0.071	      0.059	      0.024	
 2013/05/31	   2.443	   2.450	   2.403	   2.403	       67715264	      2.426	      2.406	      2.321	      2.208	           	      0.000	 677152.625	 604865.250	 740214.813	      0.068	      0.061	      0.014	
 2013/06/03	   2.400	   2.415	   2.370	   2.378	       85415736	      2.414	      2.409	      2.330	      2.212	           	      0.000	 854157.375	 640662.125	 741316.063	      0.063	      0.062	      0.003	
 2013/06/04	   2.372	   2.373	   2.306	   2.323	       56479288	      2.397	      2.400	      2.337	      2.214	           	      0.000	 564792.875	 628629.688	 697147.000	      0.054	      0.060	     -0.012	
 2013/06/05	   2.323	   2.356	   2.323	   2.343	       51867852	      2.377	      2.397	      2.343	      2.216	           	      0.000	 518678.531	 628072.000	 662576.563	      0.048	      0.058	     -0.020	
 2013/06/06	   2.335	   2.345	   2.306	   2.314	       37012696	      2.352	      2.391	      2.347	      2.218	           	      0.000	 370126.969	 596981.688	 616801.438	      0.040	      0.054	     -0.028	
 2013/06/07	   2.312	   2.328	   2.265	   2.278	       46506956	      2.327	      2.376	      2.349	      2.220	           	      0.000	 465069.563	 554565.063	 579715.188	      0.031	      0.049	     -0.037	
 2013/06/13	   2.260	   2.260	   2.171	   2.208	       46335504	      2.293	      2.354	      2.348	      2.220	           	      0.000	 463355.031	 476404.594	 558533.375	      0.017	      0.043	     -0.051	
 2013/06/14	   2.223	   2.298	   2.220	   2.297	       52774292	      2.288	      2.342	      2.352	      2.223	           	      0.000	 527742.938	 468994.594	 548812.125	      0.014	      0.037	     -0.047	
 2013/06/17	   2.299	   2.320	   2.280	   2.290	       53841768	      2.277	      2.327	      2.354	      2.226	           	      0.000	 538417.688	 472942.438	 550507.188	      0.010	      0.032	     -0.043	
 2013/06/18	   2.290	   2.299	   2.262	   2.292	       33900456	      2.273	      2.313	      2.355	      2.228	           	      0.000	 339004.563	 466717.969	 531849.813	      0.008	      0.027	     -0.039	
 2013/06/19	   2.278	   2.293	   2.245	   2.288	      121584320	      2.275	      2.301	      2.354	      2.231	           	      0.000	1215843.250	 616872.688	 585718.875	      0.005	      0.023	     -0.035	
 2013/06/20	   2.272	   2.273	   2.202	   2.210	       57625432	      2.275	      2.284	      2.346	      2.232	           	      0.000	 576254.313	 639452.563	 557928.563	     -0.003	      0.018	     -0.041	
 2013/06/21	   2.170	   2.222	   2.140	   2.205	       57873008	      2.257	      2.273	      2.336	      2.234	           	      0.000	 578730.063	 649650.000	 559322.313	     -0.010	      0.012	     -0.044	
 2013/06/24	   2.195	   2.195	   2.040	   2.064	       65674088	      2.212	      2.245	      2.321	      2.232	           	      0.000	 656740.875	 673314.625	 573128.500	     -0.026	      0.004	     -0.061	
 2013/06/25	   2.050	   2.083	   1.902	   2.070	      159404400	      2.167	      2.220	      2.306	      2.230	           	      0.000	1594044.000	 924322.500	 695520.250	     -0.038	     -0.004	     -0.069	
 2013/06/26	   2.080	   2.143	   2.063	   2.142	      122660656	      2.138	      2.207	      2.292	      2.228	           	      0.000	1226606.500	 926475.125	 771673.938	     -0.042	     -0.012	     -0.060	
 2013/06/27	   2.145	   2.174	   2.090	   2.102	       64926180	      2.117	      2.196	      2.275	      2.227	           	      0.000	 649261.813	 941076.625	 790264.625	     -0.047	     -0.019	     -0.057	
 2013/06/28	   2.091	   2.146	   2.057	   2.105	       35320564	      2.097	      2.177	      2.260	      2.225	           	      0.000	 353205.625	 895971.750	 772810.875	     -0.050	     -0.025	     -0.051	
 2013/07/01	   2.100	   2.165	   2.081	   2.164	       76850816	      2.117	      2.164	      2.246	      2.224	           	      0.000	 768508.188	 918325.250	 795819.938	     -0.048	     -0.030	     -0.036	
 2013/07/02	   2.160	   2.214	   2.159	   2.207	       69198208	      2.144	      2.156	      2.234	      2.225	           	      0.000	 691982.063	 737912.813	 831117.688	     -0.042	     -0.032	     -0.019	
 2013/07/03	   2.200	   2.232	   2.173	   2.223	       72920464	      2.160	      2.149	      2.225	      2.226	           	      0.000	 729204.625	 638432.438	 782453.813	     -0.035	     -0.033	     -0.005	
 2013/07/04	   2.209	   2.258	   2.194	   2.212	       53403900	      2.182	      2.149	      2.217	      2.227	           	      0.000	 534039.000	 615387.875	 778232.250	     -0.031	     -0.032	      0.003	
 2013/07/05	   2.217	   2.235	   2.192	   2.196	       31581716	      2.200	      2.148	      2.211	      2.229	           	      0.000	 315817.156	 607910.188	 751941.000	     -0.028	     -0.031	      0.007	
 2013/07/08	   2.175	   2.176	   2.100	   2.114	      124744360	      2.190	      2.154	      2.199	      2.229	           	      0.000	1247443.625	 703697.313	 811011.250	     -0.032	     -0.032	     -0.001	
 2013/07/09	   2.103	   2.125	   2.087	   2.109	       24501992	      2.171	      2.157	      2.189	      2.229	           	      0.000	 245019.922	 614304.875	 676108.875	     -0.035	     -0.032	     -0.006	
 2013/07/10	   2.110	   2.169	   2.102	   2.168	       58914568	      2.160	      2.160	      2.183	      2.229	           	      0.000	 589145.688	 586293.063	 612362.750	     -0.033	     -0.032	     -0.001	
 2013/07/11	   2.170	   2.254	   2.169	   2.227	       44614792	      2.163	      2.173	      2.184	      2.231	           	      0.000	 446147.906	 568714.875	 592051.375	     -0.026	     -0.031	      0.011	
 2013/07/12	   2.230	   2.263	   2.215	   2.220	      111032664	      2.168	      2.184	      2.180	      2.233	           	      0.000	1110326.625	 727616.750	 667763.500	     -0.021	     -0.029	      0.017	
 2013/07/15	   2.220	   2.275	   2.220	   2.273	       64711016	      2.199	      2.195	      2.180	      2.235	           	      0.000	 647110.188	 607550.063	 655623.688	     -0.012	     -0.026	      0.027	
 2013/07/16	   2.280	   2.310	   2.268	   2.305	       90690736	      2.239	      2.205	      2.180	      2.239	           	      0.000	 906907.375	 739927.563	 677116.188	     -0.002	     -0.021	      0.037	
 2013/07/17	   2.299	   2.312	   2.247	   2.257	       58763456	      2.256	      2.208	      2.179	      2.242	           	      0.000	 587634.563	 739625.313	 662959.188	      0.001	     -0.017	      0.035	
 2013/07/18	   2.251	   2.270	   2.226	   2.239	       83252056	      2.259	      2.211	      2.180	      2.243	           	      0.000	 832520.563	 816899.875	 692807.375	      0.002	     -0.013	      0.030	
 2013/07/19	   2.239	   2.277	   2.200	   2.203	       83226720	      2.255	      2.211	      2.180	      2.244	           	      0.000	 832267.188	 761288.000	 744452.375	      0.001	     -0.010	      0.021	
 2013/07/22	   2.188	   2.248	   2.181	   2.241	       91490392	      2.249	      2.224	      2.189	      2.245	           	      0.000	 914903.938	 814846.750	 711198.375	      0.002	     -0.008	      0.020	
 2013/07/23	   2.246	   2.310	   2.246	   2.310	      116667264	      2.250	      2.244	      2.201	      2.247	           	      0.000	1166672.625	 866799.750	 803363.688	      0.009	     -0.004	      0.026	
 2013/07/24	   2.310	   2.331	   2.283	   2.320	      106559608	      2.263	      2.260	      2.210	      2.250	           	      0.000	1065596.125	 962392.063	 851008.688	      0.015	     -0.000	      0.031	
 2013/07/25	   2.329	   2.336	   2.261	   2.268	       81200704	      2.268	      2.264	      2.218	      2.252	           	      0.000	 812007.063	 958289.375	 887594.625	      0.015	      0.003	      0.025	
 2013/07/26	   2.255	   2.281	   2.223	   2.257	       71251784	      2.279	      2.267	      2.226	      2.254	           	      0.000	 712517.813	 934339.500	 847813.750	      0.014	      0.005	      0.019	
 2013/07/29	   2.231	   2.252	   2.205	   2.208	       69068504	      2.273	      2.261	      2.228	      2.255	           	      0.000	 690685.063	 889495.750	 852171.250	      0.010	      0.006	      0.008	
 2013/07/30	   2.210	   2.230	   2.150	   2.183	       62771064	      2.247	      2.249	      2.227	      2.257	           	      0.000	 627710.625	 781703.313	 824251.563	      0.004	      0.006	     -0.003	
 2013/07/31	   2.193	   2.224	   2.173	   2.182	       30290530	      2.220	      2.241	      2.225	      2.257	           	      0.000	 302905.313	 629165.188	 795778.625	     -0.001	      0.004	     -0.010	
 2013/08/01	   2.183	   2.269	   2.182	   2.269	      179226416	      2.220	      2.244	      2.227	      2.258	           	      0.000	1792264.125	 825216.563	 891753.000	      0.003	      0.004	     -0.003	
 2013/08/02	   2.280	   2.310	   2.274	   2.275	       82163088	      2.223	      2.251	      2.231	      2.260	           	      0.000	 821630.875	 847039.188	 890689.375	      0.006	      0.004	      0.003	
 2013/08/05	   2.278	   2.327	   2.275	   2.326	      104167520	      2.247	      2.260	      2.242	      2.261	           	      0.000	1041675.188	 917237.250	 903366.500	      0.012	      0.006	      0.012	
 2013/08/06	   2.326	   2.376	   2.318	   2.363	       99509312	      2.283	      2.265	      2.255	      2.264	           	      0.000	 995093.125	 990713.750	 886208.500	      0.020	      0.009	      0.022	
 2013/08/07	   2.363	   2.377	   2.323	   2.325	      112169608	      2.312	      2.266	      2.263	      2.265	           	      0.000	1121696.125	1154471.875	 891818.500	      0.023	      0.012	      0.023	
 2013/08/08	   2.324	   2.357	   2.311	   2.353	       92571840	      2.328	      2.274	      2.269	      2.267	           	      0.000	 925718.375	 981162.750	 903189.688	      0.027	      0.015	      0.025	
 2013/08/09	   2.355	   2.375	   2.315	   2.339	       75936848	      2.341	      2.282	      2.275	      2.269	           	      0.000	 759368.500	 968710.250	 907874.750	      0.029	      0.017	      0.023	
 2013/08/12	   2.347	   2.376	   2.332	   2.370	       72450736	      2.350	      2.299	      2.280	      2.271	           	      0.000	 724507.375	 905276.688	 911256.938	      0.033	      0.020	      0.024	
 2013/08/13	   2.370	   2.377	   2.351	   2.374	       77160232	      2.352	      2.318	      2.283	      2.273	           	      0.000	 771602.313	 860578.563	 925646.125	      0.035	      0.023	      0.024	
 2013/08/14	   2.375	   2.392	   2.355	   2.365	       67484200	      2.360	      2.336	      2.289	      2.274	           	      0.000	 674842.000	 771207.688	 962839.813	      0.036	      0.026	      0.021	
 2013/08/15	   2.361	   2.374	   2.330	   2.330	       55276376	      2.356	      2.342	      2.293	      2.273	           	      0.000	 552763.750	 696616.813	 838889.750	      0.034	      0.028	      0.013	
 2013/08/16	   2.320	   2.358	   2.260	   2.266	       84658040	      2.341	      2.341	      2.296	      2.271	           	      0.000	 846580.375	 714059.188	 841384.688	      0.027	      0.027	     -0.002	
 2013/08/19	   2.257	   2.318	   2.252	   2.315	       88620552	      2.330	      2.340	      2.300	      2.270	           	      0.000	 886205.500	 746398.813	 825837.750	      0.024	      0.027	     -0.005	
 2013/08/20	   2.309	   2.338	   2.292	   2.300	      107678096	      2.315	      2.334	      2.299	      2.269	           	      0.000	1076781.000	 807434.500	 834006.500	      0.021	      0.026	     -0.009	
 2013/08/21	   2.301	   2.324	   2.295	   2.322	      159994240	      2.307	      2.333	      2.299	      2.267	           	      0.000	1599942.375	 992454.625	 881831.125	      0.020	      0.025	     -0.009	
 2013/08/22	   2.316	   2.336	   2.311	   2.329	       37250216	      2.306	      2.331	      2.303	      2.265	           	      0.000	 372502.156	 956402.250	 826509.563	      0.020	      0.024	     -0.008	
 2013/08/23	   2.335	   2.357	   2.287	   2.341	       55532180	      2.321	      2.331	      2.307	      2.264	           	      0.000	 555321.813	 898150.563	 806104.875	      0.020	      0.023	     -0.005	
 2013/08/26	   2.338	   2.388	   2.338	   2.387	       55630584	      2.336	      2.333	      2.316	      2.263	           	      0.000	 556305.813	 832170.625	 789284.688	      0.024	      0.023	      0.002	
 2013/08/27	   2.386	   2.393	   2.367	   2.389	       49315008	      2.354	      2.334	      2.326	      2.262	           	      0.000	 493150.094	 715444.438	 761439.500	      0.027	      0.024	      0.006	
 2013/08/28	   2.375	   2.378	   2.348	   2.350	       55948428	      2.359	      2.333	      2.334	      2.261	           	      0.000	 559484.250	 507352.813	 749903.688	      0.026	      0.024	      0.003	
 2013/08/29	   2.352	   2.359	   2.322	   2.334	       28430740	      2.360	      2.333	      2.338	      2.261	           	      0.000	 284307.406	 489713.875	 723058.063	      0.023	      0.024	     -0.002	
 2013/08/30	   2.333	   2.348	   2.280	   2.293	       33572008	      2.351	      2.336	      2.339	      2.260	           	      0.000	 335720.094	 445793.531	 671972.063	      0.018	      0.023	     -0.010	
 2013/09/02	   2.290	   2.335	   2.288	   2.335	       39715804	      2.340	      2.338	      2.339	      2.260	           	      0.000	 397158.031	 413963.969	 623067.313	      0.016	      0.022	     -0.010	
 2013/09/03	   2.335	   2.366	   2.331	   2.364	       60361940	      2.335	      2.344	      2.339	      2.261	           	      0.000	 603619.375	 436057.844	 575751.125	      0.018	      0.021	     -0.006	
 2013/09/04	   2.360	   2.373	   2.350	   2.354	       25909190	      2.336	      2.348	      2.341	      2.262	           	      0.000	 259091.906	 375979.375	 441666.094	      0.018	      0.020	     -0.005	
 2013/09/05	   2.347	   2.361	   2.337	   2.360	       23516878	      2.341	      2.351	      2.341	      2.265	           	      0.000	 235168.781	 366151.625	 427932.750	      0.018	      0.020	     -0.004	
 2013/09/06	   2.356	   2.371	   2.349	   2.367	       53404280	      2.356	      2.353	      2.342	      2.266	           	      0.000	 534042.813	 405816.188	 425804.844	      0.018	      0.019	     -0.002	
 2013/09/09	   2.369	   2.384	   2.355	   2.384	       21895676	      2.366	      2.353	      2.343	      2.267	           	      0.000	 218956.766	 370175.938	 392069.938	      0.020	      0.020	      0.001	
 2013/09/10	   2.384	   2.384	   2.350	   2.382	       22464296	      2.369	      2.352	      2.343	      2.269	           	      0.000	 224642.953	 294380.656	 365219.250	      0.021	      0.020	      0.002	
 2013/09/11	   2.382	   2.382	   2.330	   2.337	       29483920	      2.366	      2.351	      2.342	      2.270	           	      0.000	 294839.188	 301530.094	 338754.719	      0.018	      0.019	     -0.003	
 2013/09/12	   2.330	   2.362	   2.328	   2.349	       36105200	      2.364	      2.352	      2.343	      2.272	           	      0.000	 361052.000	 326706.750	 346429.188	      0.016	      0.019	     -0.005	
 2013/09/13	   2.352	   2.376	   2.350	   2.376	       41377812	      2.366	      2.361	      2.348	      2.275	           	      0.000	 413778.125	 302653.813	 354235.000	      0.017	      0.018	     -0.003	
 2013/09/16	   2.378	   2.405	   2.378	   2.398	       37469712	      2.368	      2.367	      2.353	      2.280	           	      0.000	 374697.125	 333801.875	 351988.906	      0.019	      0.018	      0.001	
 2013/09/17	   2.387	   2.406	   2.360	   2.365	       25880816	      2.365	      2.367	      2.356	      2.285	           	      0.000	 258808.156	 340634.906	 317507.781	      0.017	      0.018	     -0.002	
 2013/09/18	   2.365	   2.388	   2.356	   2.388	       18051128	      2.375	      2.371	      2.359	      2.289	           	      0.000	 180511.281	 317769.344	 309649.719	      0.018	      0.018	     -0.000	
 2013/09/23	   2.388	   2.470	   2.378	   2.467	       47465992	      2.399	      2.381	      2.366	      2.296	           	      0.000	 474659.906	 340490.906	 333598.844	      0.025	      0.019	      0.010	
 2013/09/24	   2.466	   2.500	   2.463	   2.495	       62563008	      2.423	      2.394	      2.374	      2.302	           	      0.000	 625630.063	 382861.313	 342757.563	      0.032	      0.022	      0.020	
 2013/09/25	   2.485	   2.496	   2.460	   2.469	       24339630	      2.437	      2.403	      2.378	      2.307	           	      0.000	 243396.297	 356601.125	 345201.500	      0.035	      0.025	      0.021	
 2013/09/26	   2.459	   2.469	   2.426	   2.427	       32513976	      2.449	      2.407	      2.380	      2.311	           	      0.000	 325139.750	 369867.469	 355251.188	      0.034	      0.026	      0.015	
 2013/09/27	   2.432	   2.456	   2.421	   2.440	       26737744	      2.460	      2.417	      2.384	      2.314	           	      0.000	 267377.438	 387240.688	 352505.000	      0.033	      0.028	      0.011	
 2013/09/30	   2.448	   2.477	   2.448	   2.477	       41029448	      2.462	      2.430	      2.391	      2.319	           	      0.000	 410294.469	 374367.594	 357429.250	      0.036	      0.029	      0.013	
 2013/10/08	   2.472	   2.526	   2.468	   2.513	       38694928	      2.465	      2.444	      2.402	      2.324	           	      0.000	 386949.281	 326631.438	 354746.375	      0.040	      0.031	      0.017	
 2013/10/09	   2.510	   2.522	   2.495	   2.520	       29317592	      2.475	      2.456	      2.412	      2.331	           	      0.000	 293175.906	 336587.375	 346594.250	      0.043	      0.034	      0.019	
 2013/10/10	   2.523	   2.542	   2.506	   2.522	       37831284	      2.494	      2.472	      2.420	      2.338	           	      0.000	 378312.844	 347222.000	 358544.719	      0.046	      0.036	      0.019	
 2013/10/11	   2.527	   2.550	   2.514	   2.521	       19986392	      2.511	      2.485	      2.428	      2.344	           	      0.000	 199863.922	 333719.281	 360480.000	      0.047	      0.038	      0.017	
 2013/10/14	   2.522	   2.557	   2.522	   2.545	       49909940	      2.524	      2.493	      2.437	      2.349	           	      0.000	 499099.406	 351480.281	 362923.938	      0.049	      0.041	      0.018	
 2013/10/15	   2.545	   2.549	   2.500	   2.518	       23292852	      2.525	      2.495	      2.445	      2.354	           	      0.000	 232928.516	 320676.125	 323653.781	      0.048	      0.042	      0.013	
 2013/10/16	   2.513	   2.515	   2.457	   2.470	       32457624	      2.515	      2.495	      2.449	      2.357	           	      0.000	 324576.250	 326956.188	 331771.781	      0.043	      0.042	      0.002	
 2013/10/17	   2.476	   2.496	   2.453	   2.459	       22266632	      2.503	      2.499	      2.453	      2.360	           	      0.000	 222666.313	 295826.875	 321524.438	      0.038	      0.042	     -0.007	
 2013/10/18	   2.459	   2.483	   2.452	   2.483	       17431746	      2.495	      2.503	      2.460	      2.364	           	      0.000	 174317.453	 290717.594	 312218.438	      0.035	      0.040	     -0.010	
 2013/10/21	   2.485	   2.550	   2.484	   2.549	       34366724	      2.496	      2.510	      2.470	      2.369	           	      0.000	 343667.250	 259631.156	 305555.719	      0.038	      0.040	     -0.003	
 2013/10/22	   2.549	   2.554	   2.511	   2.515	       34497608	      2.495	      2.510	      2.477	      2.374	           	      0.000	 344976.094	 282040.688	 301358.406	      0.037	      0.039	     -0.004	
 2013/10/23	   2.516	   2.531	   2.439	   2.446	       32283796	      2.490	      2.503	      2.479	      2.377	           	      0.000	 322837.969	 281693.000	 304324.594	      0.030	      0.038	     -0.014	
 2013/10/24	   2.437	   2.452	   2.424	   2.435	       27949552	      2.486	      2.494	      2.483	      2.379	           	      0.000	 279495.531	 293058.875	 294442.875	      0.024	      0.035	     -0.022	
 2013/10/25	   2.431	   2.444	   2.347	   2.364	       37555920	      2.462	      2.478	      2.482	      2.380	           	      0.000	 375559.188	 333307.219	 312012.406	      0.013	      0.030	     -0.035	
 2013/10/28	   2.364	   2.374	   2.345	   2.362	       23176922	      2.424	      2.460	      2.477	      2.382	           	      0.000	 231769.219	 310927.594	 285279.375	      0.004	      0.025	     -0.042	
 2013/10/29	   2.360	   2.389	   2.269	   2.330	       55899264	      2.387	      2.441	      2.468	      2.383	           	      0.000	 558992.625	 353730.906	 317885.781	     -0.006	      0.019	     -0.049	
 2013/10/30	   2.330	   2.357	   2.322	   2.356	       39168044	      2.369	      2.430	      2.463	      2.385	           	      0.000	 391680.438	 367499.406	 324596.219	     -0.011	      0.013	     -0.048	
 2013/10/31	   2.340	   2.340	   2.304	   2.305	       23423686	      2.343	      2.414	      2.457	      2.387	           	      0.000	 234236.859	 358447.656	 325753.250	     -0.019	      0.007	     -0.051	
 2013/11/01	   2.303	   2.308	   2.266	   2.294	       24676906	      2.329	      2.396	      2.449	      2.389	           	      0.000	 246769.063	 332689.625	 332998.438	     -0.026	      0.000	     -0.052	
 2013/11/04	   2.299	   2.333	   2.299	   2.310	       43163064	      2.319	      2.372	      2.441	      2.390	           	      0.000	 431630.625	 372661.938	 341794.750	     -0.030	     -0.006	     -0.048	
 2013/11/05	   2.300	   2.350	   2.281	   2.349	       42299532	      2.323	      2.355	      2.433	      2.391	           	      0.000	 422995.313	 345462.469	 349596.688	     -0.030	     -0.011	     -0.038	
 2013/11/06	   2.337	   2.369	   2.320	   2.322	       42655200	      2.316	      2.343	      2.423	      2.391	           	      0.000	 426552.000	 352436.781	 359968.094	     -0.031	     -0.015	     -0.033	
 2013/11/07	   2.318	   2.318	   2.284	   2.287	       30383476	      2.312	      2.328	      2.411	      2.390	           	      0.000	 303834.750	 366356.344	 362402.000	     -0.035	     -0.019	     -0.032	
 2013/11/08	   2.280	   2.282	   2.244	   2.252	       24787196	      2.304	      2.317	      2.398	      2.389	           	      0.000	 247871.953	 366576.938	 349633.281	     -0.040	     -0.023	     -0.034	
 2013/11/11	   2.246	   2.292	   2.241	   2.282	       51566136	      2.298	      2.309	      2.384	      2.387	           	      0.000	 515661.375	 383383.063	 378022.500	     -0.041	     -0.027	     -0.029	
 2013/11/12	   2.281	   2.296	   2.262	   2.289	       21970212	      2.286	      2.305	      2.373	      2.387	           	      0.000	 219702.125	 342724.438	 344093.438	     -0.041	     -0.030	     -0.023	
 2013/11/13	   2.276	   2.284	   2.248	   2.250	       46093472	      2.272	      2.294	      2.362	      2.385	           	      0.000	 460934.719	 349601.000	 351018.875	     -0.044	     -0.033	     -0.023	
 2013/11/14	   2.250	   2.284	   2.224	   2.283	       41228540	      2.271	      2.292	      2.353	      2.383	           	      0.000	 412285.406	 371291.125	 368823.719	     -0.043	     -0.035	     -0.017	
 2013/11/15	   2.283	   2.346	   2.280	   2.318	       61852840	      2.284	      2.294	      2.345	      2.382	           	      0.000	 618528.375	 445422.406	 405999.656	     -0.039	     -0.035	     -0.007	
 2013/11/18	   2.332	   2.363	   2.327	   2.359	       29419994	      2.300	      2.299	      2.335	      2.383	           	      0.000	 294199.938	 401130.125	 392256.594	     -0.032	     -0.035	      0.006	
 2013/11/19	   2.359	   2.371	   2.351	   2.362	       32266954	      2.314	      2.300	      2.328	      2.384	           	      0.000	 322669.531	 421723.594	 382224.031	     -0.026	     -0.033	      0.014	
 2013/11/20	   2.368	   2.377	   2.351	   2.373	       38434696	      2.339	      2.306	      2.324	      2.385	           	      0.000	 384346.969	 406406.031	 378003.500	     -0.020	     -0.030	      0.021	
 2013/11/21	   2.363	   2.379	   2.344	   2.370	       33942720	      2.356	      2.314	      2.321	      2.387	           	      0.000	 339427.188	 391834.406	 381562.750	     -0.015	     -0.027	      0.024	
 2013/11/22	   2.371	   2.375	   2.352	   2.357	       21450490	      2.364	      2.324	      2.320	      2.387	           	      0.000	 214504.906	 311029.719	 378226.063	     -0.012	     -0.024	      0.024	
 2013/11/25	   2.358	   2.375	   2.340	   2.342	       28736324	      2.361	      2.330	      2.319	      2.387	           	      0.000	 287363.250	 309662.375	 355396.250	     -0.011	     -0.022	      0.021	
 2013/11/26	   2.335	   2.356	   2.326	   2.346	       27446270	      2.358	      2.336	      2.320	      2.387	           	      0.000	 274462.688	 300021.000	 360872.313	     -0.010	     -0.019	      0.019	
 2013/11/27	   2.344	   2.385	   2.336	   2.379	       41099484	      2.359	      2.349	      2.321	      2.387	           	      0.000	 410994.844	 305350.563	 355878.313	     -0.006	     -0.017	      0.021	
 2013/11/28	   2.381	   2.419	   2.379	   2.400	       33417316	      2.365	      2.361	      2.326	      2.387	           	      0.000	 334173.156	 304299.781	 348067.094	     -0.002	     -0.014	      0.024	
 2013/11/29	   2.399	   2.418	   2.397	   2.411	       38107412	      2.376	      2.370	      2.332	      2.388	           	      0.000	 381074.125	 337613.625	 324321.656	      0.003	     -0.010	      0.027	
 2013/12/02	   2.370	   2.382	   2.290	   2.293	       74668280	      2.366	      2.363	      2.331	      2.388	           	      0.000	 746682.813	 429477.531	 369569.938	     -0.003	     -0.009	      0.012	
 2013/12/03	   2.283	   2.347	   2.277	   2.341	       52508612	      2.365	      2.361	      2.331	      2.389	           	      0.000	 525086.125	 479602.219	 389811.594	     -0.004	     -0.008	      0.008	
 2013/12/04	   2.340	   2.394	   2.331	   2.376	       41323724	      2.364	      2.362	      2.333	      2.389	           	      0.000	 413237.250	 480050.688	 392700.625	     -0.001	     -0.007	      0.010	
 2013/12/05	   2.370	   2.385	   2.355	   2.357	       22972344	      2.356	      2.360	      2.337	      2.389	           	      0.000	 229723.438	 459160.750	 381730.250	     -0.001	     -0.005	      0.009	
 2013/12/06	   2.356	   2.366	   2.346	   2.354	       53388668	      2.344	      2.360	      2.342	      2.389	           	      0.000	 533886.688	 489723.250	 413668.438	     -0.001	     -0.005	      0.007	
 2013/12/09	   2.352	   2.376	   2.352	   2.370	       15252428	      2.360	      2.363	      2.346	      2.389	           	      0.000	 152524.281	 370891.563	 400184.531	      0.000	     -0.004	      0.008	
 2013/12/10	   2.375	   2.385	   2.364	   2.373	       30281188	      2.366	      2.365	      2.351	      2.389	           	      0.000	 302811.875	 326436.719	 403019.469	      0.001	     -0.003	      0.008	
 2013/12/11	   2.367	   2.367	   2.343	   2.358	       25455636	      2.362	      2.363	      2.356	      2.389	           	      0.000	 254556.359	 294700.531	 387375.625	      0.001	     -0.002	      0.006	
 2013/12/12	   2.355	   2.384	   2.354	   2.373	       30155742	      2.366	      2.361	      2.361	      2.389	           	      0.000	 301557.406	 309067.313	 384114.031	      0.002	     -0.001	      0.006	
 2013/12/13	   2.360	   2.386	   2.350	   2.380	       30264160	      2.371	      2.358	      2.364	      2.390	           	      0.000	 302641.594	 262818.313	 376270.781	      0.004	     -0.000	      0.007	
 2013/12/16	   2.380	   2.380	   2.339	   2.343	       23376806	      2.365	      2.362	      2.363	      2.389	           	      0.000	 233768.063	 279067.063	 324979.313	      0.002	      0.000	      0.003	
 2013/12/17	   2.341	   2.346	   2.328	   2.333	       28336996	      2.357	      2.362	      2.361	      2.389	           	      0.000	 283369.969	 275178.688	 300807.688	     -0.001	      0.000	     -0.002	
 2013/12/18	   2.330	   2.345	   2.326	   2.333	       16497893	      2.352	      2.357	      2.359	      2.388	           	      0.000	 164978.938	 257263.188	 275981.875	     -0.003	     -0.001	     -0.004	
 2013/12/19	   2.340	   2.349	   2.316	   2.318	       28288216	      2.341	      2.353	      2.357	      2.387	           	      0.000	 282882.156	 253528.141	 281297.719	     -0.005	     -0.001	     -0.008	
 2013/12/20	   2.311	   2.327	   2.285	   2.295	       46768528	      2.324	      2.348	      2.354	      2.385	           	      0.000	 467685.281	 286536.875	 274677.594	     -0.009	     -0.003	     -0.012	
 2013/12/23	   2.292	   2.305	   2.260	   2.293	       25969428	      2.314	      2.340	      2.351	      2.382	           	      0.000	 259694.281	 291722.125	 285394.594	     -0.012	     -0.005	     -0.015	
 2013/12/24	   2.292	   2.332	   2.288	   2.312	       24420516	      2.310	      2.334	      2.350	      2.379	           	      0.000	 244205.156	 283889.156	 279533.906	     -0.013	     -0.006	     -0.013	
 2013/12/25	   2.315	   2.338	   2.302	   2.336	       34466024	      2.311	      2.332	      2.347	      2.377	           	      0.000	 344660.250	 319825.438	 288544.313	     -0.011	     -0.007	     -0.008	
 2013/12/26	   2.333	   2.335	   2.295	   2.298	       55589276	      2.307	      2.324	      2.342	      2.375	           	      0.000	 555892.750	 374427.531	 313977.844	     -0.013	     -0.009	     -0.009	
 2013/12/27	   2.292	   2.340	   2.288	   2.330	       25377040	      2.314	      2.319	      2.338	      2.373	           	      0.000	 253770.406	 331644.563	 309090.719	     -0.012	     -0.009	     -0.005	
 2013/12/30	   2.337	   2.344	   2.323	   2.333	       15816033	      2.322	      2.318	      2.340	      2.371	           	      0.000	 158160.328	 311337.781	 301529.938	     -0.010	     -0.009	     -0.002	
 2013/12/31	   2.326	   2.347	   2.314	   2.345	       14754761	      2.328	      2.319	      2.340	      2.368	           	      0.000	 147547.609	 292006.281	 287947.719	     -0.008	     -0.009	      0.002	
 2014/01/02	   2.339	   2.388	   2.339	   2.382	       41426244	      2.338	      2.324	      2.341	      2.366	           	      0.000	 414262.438	 305926.719	 312876.063	     -0.003	     -0.008	      0.009	
 2014/01/03	   2.376	   2.396	   2.373	   2.387	       40129628	      2.355	      2.331	      2.342	      2.363	           	      0.000	 401296.281	 275007.406	 324717.469	      0.001	     -0.006	      0.014	
 2014/01/06	   2.386	   2.386	   2.327	   2.328	       39149432	      2.355	      2.334	      2.341	      2.360	           	      0.000	 391494.313	 302552.188	 317098.375	     -0.001	     -0.005	      0.009	
 2014/01/07	   2.318	   2.352	   2.316	   2.350	       36452328	      2.358	      2.340	      2.340	      2.357	           	      0.000	 364523.281	 343824.781	 327581.281	     -0.000	     -0.004	      0.008	
 2014/01/08	   2.352	   2.373	   2.342	   2.364	       45880860	      2.362	      2.345	      2.340	      2.354	           	      0.000	 458808.594	 406076.969	 349041.625	      0.002	     -0.003	      0.009	
 2014/01/09	   2.350	   2.386	   2.328	   2.331	       42819492	      2.352	      2.345	      2.338	      2.352	           	      0.000	 428194.906	 408863.469	 357395.094	      0.000	     -0.002	      0.005	
 2014/01/10	   2.328	   2.330	   2.281	   2.287	       31068614	      2.332	      2.344	      2.334	      2.349	           	      0.000	 310686.125	 390741.438	 332874.438	     -0.004	     -0.003	     -0.003	
 2014/01/13	   2.287	   2.300	   2.259	   2.276	       28721680	      2.322	      2.338	      2.329	      2.346	           	      0.000	 287216.813	 369885.938	 336219.063	     -0.009	     -0.004	     -0.010	
 2014/01/14	   2.273	   2.309	   2.261	   2.309	       56935336	      2.313	      2.336	      2.327	      2.342	           	      0.000	 569353.375	 410851.969	 377338.375	     -0.010	     -0.005	     -0.009	
 2014/01/15	   2.308	   2.340	   2.308	   2.339	       55987344	      2.308	      2.335	      2.327	      2.339	           	      0.000	 559873.438	 431064.938	 418570.969	     -0.008	     -0.006	     -0.004	
 2014/01/16	   2.337	   2.354	   2.324	   2.324	       58532208	      2.307	      2.329	      2.327	      2.337	           	      0.000	 585322.063	 462490.375	 435676.906	     -0.007	     -0.006	     -0.003	
 2014/01/17	   2.320	   2.324	   2.293	   2.293	       33190476	      2.308	      2.320	      2.326	      2.334	           	      0.000	 331904.750	 466734.094	 428737.750	     -0.009	     -0.007	     -0.005	
 2014/01/20	   2.285	   2.302	   2.255	   2.272	       38034740	      2.307	      2.315	      2.324	      2.333	           	      0.000	 380347.406	 485360.219	 427623.063	     -0.013	     -0.008	     -0.009	
 2014/01/21	   2.268	   2.300	   2.268	   2.294	       29229312	      2.304	      2.309	      2.325	      2.332	           	      0.000	 292293.125	 429948.156	 420400.063	     -0.013	     -0.009	     -0.009	
 2014/01/22	   2.296	   2.350	   2.294	   2.350	       64003500	      2.307	      2.307	      2.326	      2.332	           	      0.000	 640035.000	 445980.469	 438522.688	     -0.009	     -0.009	     -0.000	
 2014/01/23	   2.352	   2.377	   2.351	   2.366	      119172960	      2.315	      2.311	      2.328	      2.332	           	      0.000	1191729.625	 567262.000	 514876.188	     -0.004	     -0.008	      0.007	
 2014/01/24	   2.355	   2.415	   2.355	   2.404	       65571576	      2.337	      2.323	      2.333	      2.334	           	      0.000	 655715.750	 632024.188	 549379.125	      0.002	     -0.006	      0.017	
 2014/01/27	   2.400	   2.418	   2.377	   2.394	       44427892	      2.362	      2.335	      2.336	      2.336	           	      0.000	 444278.906	 644810.500	 565085.375	      0.007	     -0.003	      0.020	
 2014/01/28	   2.398	   2.412	   2.355	   2.382	       28754144	      2.379	      2.342	      2.339	      2.337	           	      0.000	 287541.438	 643860.125	 536904.125	      0.009	     -0.001	      0.020	
 2014/01/29	   2.386	   2.400	   2.374	   2.398	       21517480	      2.389	      2.348	      2.342	      2.338	           	      0.000	 215174.797	 558888.125	 502434.281	      0.012	      0.002	      0.021	
 2014/01/30	   2.390	   2.400	   2.363	   2.370	       41327272	      2.390	      2.352	      2.341	      2.338	           	      0.000	 413272.719	 403196.719	 485229.344	      0.012	      0.004	      0.017	
 2014/02/07	   2.350	   2.411	   2.344	   2.411	       50086244	      2.391	      2.364	      2.342	      2.340	           	      0.000	 500862.438	 372226.063	 502125.125	      0.015	      0.006	      0.019	
 2014/02/10	   2.422	   2.501	   2.421	   2.492	      106221368	      2.411	      2.386	      2.350	      2.344	           	      0.000	1062213.625	 495813.000	 570311.750	      0.024	      0.010	      0.029	
 2014/02/11	   2.497	   2.510	   2.457	   2.482	      111935008	      2.431	      2.405	      2.357	      2.348	           	      0.000	1119350.125	 662174.750	 653017.438	      0.030	      0.014	      0.032	
 2014/02/12	   2.488	   2.510	   2.468	   2.510	       60184728	      2.453	      2.421	      2.364	      2.351	           	      0.000	 601847.250	 739509.250	 649198.688	      0.036	      0.018	      0.036	
 2014/02/13	   2.505	   2.519	   2.470	   2.473	       63235384	      2.474	      2.432	      2.371	      2.355	           	      0.000	 632353.813	 783325.438	 593261.063	      0.038	      0.022	      0.032	
 2014/02/14	   2.469	   2.514	   2.464	   2.514	       80026472	      2.494	      2.443	      2.383	      2.359	           	      0.000	 800264.750	 843205.938	 607716.000	      0.042	      0.026	      0.032	
 2014/02/17	   2.521	   2.548	   2.509	   2.545	       93336848	      2.505	      2.458	      2.396	      2.363	           	      0.000	 933368.500	 817436.875	 656624.938	      0.047	      0.031	      0.034	
 2014/02/18	   2.548	   2.552	   2.524	   2.535	      163554880	      2.515	      2.473	      2.407	      2.366	           	      0.000	1635548.750	 920676.625	 791425.688	      0.050	      0.034	      0.032	
 2014/02/19	   2.529	   2.553	   2.511	   2.550	       74182288	      2.523	      2.488	      2.418	      2.369	           	      0.000	 741822.875	 948671.750	 844090.500	      0.053	      0.038	      0.030	
 2014/02/20	   2.549	   2.553	   2.489	   2.496	       88818496	      2.528	      2.501	      2.427	      2.371	           	      0.000	 888184.938	 999837.938	 891581.688	      0.050	      0.041	      0.019	
 2014/02/21	   2.490	   2.509	   2.466	   2.483	       76806032	      2.522	      2.508	      2.436	      2.373	           	      0.000	 768060.313	 993397.063	 918301.500	      0.047	      0.042	      0.010	
 2014/02/24	   2.469	   2.480	   2.428	   2.479	       90848880	      2.509	      2.507	      2.446	      2.375	           	      0.000	 908488.813	 988421.125	 902929.000	      0.043	      0.042	      0.002	
 2014/02/25	   2.478	   2.497	   2.358	   2.375	       96503568	      2.477	      2.496	      2.450	      2.375	           	      0.000	 965035.688	 854318.500	 887497.563	      0.031	      0.040	     -0.018	
 2014/02/26	   2.354	   2.380	   2.326	   2.380	      164307120	      2.443	      2.483	      2.452	      2.376	           	      0.000	1643071.250	1034568.188	 991620.000	      0.022	      0.036	     -0.029	
 2014/02/27	   2.388	   2.415	   2.323	   2.325	       73175616	      2.408	      2.468	      2.450	      2.375	           	      0.000	 731756.188	1003282.438	1001560.188	      0.010	      0.031	     -0.042	
 2014/02/28	   2.328	   2.365	   2.309	   2.363	      113564128	      2.384	      2.453	      2.448	      2.374	           	      0.000	1135641.250	1076798.625	1035097.875	      0.004	      0.026	     -0.044	
 2014/03/03	   2.363	   2.397	   2.363	   2.395	       84241600	      2.368	      2.438	      2.448	      2.374	           	      0.000	 842416.000	1063584.125	1026002.625	      0.001	      0.021	     -0.039	
 2014/03/04	   2.385	   2.385	   2.352	   2.370	      108534152	      2.367	      2.422	      2.447	      2.375	           	      0.000	1085341.500	1087645.250	 970981.875	     -0.003	      0.016	     -0.037	
 2014/03/05	   2.380	   2.394	   2.355	   2.370	      100653472	      2.365	      2.404	      2.446	      2.376	           	      0.000	1006534.750	 960337.938	 997453.063	     -0.006	      0.012	     -0.035	
 2014/03/06	   2.325	   2.368	   2.325	   2.360	       80086368	      2.372	      2.390	      2.445	      2.376	           	      0.000	 800863.688	 974159.438	 988720.938	     -0.009	      0.008	     -0.033	
 2014/03/07	   2.360	   2.373	   2.340	   2.350	       48723136	      2.369	      2.377	      2.442	      2.376	           	      0.000	 487231.375	 844477.438	 960638.063	     -0.012	      0.004	     -0.031	
 2014/03/10	   2.323	   2.329	   2.266	   2.270	      141305664	      2.344	      2.356	      2.431	      2.374	           	      0.000	1413056.625	 958605.563	1011094.813	     -0.021	     -0.001	     -0.039	
 2014/03/11	   2.260	   2.287	   2.247	   2.264	      120454720	      2.323	      2.345	      2.420	      2.372	           	      0.000	1204547.250	 982446.750	1035046.000	     -0.028	     -0.007	     -0.042	
 2014/03/12	   2.259	   2.282	   2.220	   2.252	      142090672	      2.299	      2.332	      2.407	      2.370	           	      0.000	1420906.750	1065321.125	1012829.563	     -0.034	     -0.012	     -0.044	
 2014/03/13	   2.266	   2.288	   2.253	   2.286	      104130632	      2.284	      2.328	      2.398	      2.369	           	      0.000	1041306.313	1113409.625	1043784.563	     -0.036	     -0.017	     -0.038	
 2014/03/14	   2.273	   2.289	   2.262	   2.267	      114982320	      2.268	      2.318	      2.386	      2.367	           	      0.000	1149823.250	1245928.000	1045202.750	     -0.038	     -0.021	     -0.034	
 2014/03/17	   2.277	   2.312	   2.271	   2.311	       76993152	      2.276	      2.310	      2.374	      2.366	           	      0.000	 769931.500	1117303.000	1037954.313	     -0.036	     -0.024	     -0.024	
 2014/03/18	   2.309	   2.335	   2.309	   2.317	       98194560	      2.287	      2.305	      2.363	      2.366	           	      0.000	 981945.625	1072782.750	1027614.688	     -0.034	     -0.026	     -0.015	
 2014/03/19	   2.314	   2.314	   2.267	   2.282	       93071768	      2.293	      2.296	      2.350	      2.365	           	      0.000	 930717.688	 974744.875	1020033.000	     -0.034	     -0.028	     -0.013	
 2014/03/20	   2.276	   2.290	   2.211	   2.211	       79423592	      2.278	      2.281	      2.336	      2.363	           	      0.000	 794235.938	 925330.813	1019370.250	     -0.040	     -0.030	     -0.020	
 2014/03/21	   2.200	   2.262	   2.172	   2.255	      118033432	      2.275	      2.272	      2.324	      2.362	           	      0.000	1180334.375	 931433.000	1088680.500	     -0.040	     -0.032	     -0.016	
 2014/03/24	   2.245	   2.257	   2.234	   2.249	       54520712	      2.263	      2.269	      2.313	      2.361	           	      0.000	 545207.125	 886488.125	1001895.563	     -0.041	     -0.034	     -0.014	
 2014/03/25	   2.245	   2.260	   2.232	   2.246	       85707960	      2.249	      2.268	      2.306	      2.360	           	      0.000	 857079.625	 861514.938	 967148.813	     -0.041	     -0.035	     -0.011	
 2014/03/26	   2.247	   2.267	   2.246	   2.264	       82017064	      2.245	      2.269	      2.300	      2.360	           	      0.000	 820170.625	 839405.563	 907075.188	     -0.039	     -0.036	     -0.006	
 2014/03/27	   2.254	   2.256	   2.217	   2.217	       50968024	      2.246	      2.262	      2.295	      2.358	           	      0.000	 509680.250	 782494.375	 853912.625	     -0.041	     -0.037	     -0.008	
 2014/03/28	   2.211	   2.217	   2.162	   2.166	       49888388	      2.228	      2.252	      2.285	      2.355	           	      0.000	 498883.875	 646204.313	 788818.688	     -0.046	     -0.039	     -0.014	
 2014/03/31	   2.167	   2.179	   2.146	   2.163	       62758672	      2.211	      2.237	      2.273	      2.353	           	      0.000	 627586.750	 662680.250	 774584.188	     -0.049	     -0.041	     -0.017	
 2014/04/01	   2.162	   2.200	   2.156	   2.199	       80802352	      2.202	      2.225	      2.265	      2.350	           	      0.000	 808023.500	 652869.000	 757192.000	     -0.049	     -0.042	     -0.013	
 2014/04/02	   2.198	   2.212	   2.191	   2.199	       45868768	      2.189	      2.217	      2.256	      2.348	           	      0.000	 458687.688	 580572.438	 709989.000	     -0.048	     -0.044	     -0.009	
 2014/04/03	   2.200	   2.227	   2.197	   2.207	       72956936	      2.187	      2.217	      2.249	      2.345	           	      0.000	 729569.375	 624550.250	 703522.313	     -0.046	     -0.044	     -0.004	
 2014/04/04	   2.204	   2.238	   2.198	   2.236	       63920592	      2.201	      2.215	      2.243	      2.342	           	      0.000	 639205.938	 652614.625	 649409.500	     -0.042	     -0.044	      0.004	
 2014/04/08	   2.232	   2.262	   2.220	   2.261	       57719632	      2.220	      2.216	      2.243	      2.341	           	      0.000	 577196.313	 642536.563	 652608.375	     -0.036	     -0.042	      0.013	
 2014/04/09	   2.259	   2.286	   2.257	   2.277	       56375020	      2.236	      2.219	      2.243	      2.340	           	      0.000	 563750.188	 593681.875	 623275.438	     -0.029	     -0.039	      0.020	
 2014/04/10	   2.280	   2.294	   2.273	   2.286	       63768100	      2.253	      2.221	      2.245	      2.339	           	      0.000	 637681.000	 629480.563	 605026.500	     -0.023	     -0.036	      0.026	
 2014/04/11	   2.275	   2.275	   2.256	   2.270	       27729580	      2.266	      2.226	      2.244	      2.338	           	      0.000	 277295.813	 539025.875	 581788.063	     -0.020	     -0.033	      0.026	
 2014/04/14	   2.264	   2.283	   2.263	   2.283	       56703128	      2.275	      2.238	      2.245	      2.338	           	      0.000	 567031.250	 524590.938	 588602.750	     -0.016	     -0.029	      0.028	
 2014/04/15	   2.277	   2.279	   2.254	   2.254	       40985572	      2.274	      2.247	      2.242	      2.337	           	      0.000	 409855.719	 491122.781	 566829.688	     -0.014	     -0.026	      0.024	
 2014/04/16	   2.251	   2.265	   2.245	   2.254	       23019882	      2.269	      2.253	      2.239	      2.336	           	      0.000	 230198.813	 424412.531	 509047.219	     -0.013	     -0.024	      0.021	
 2014/04/17	   2.260	   2.273	   2.259	   2.265	       30677568	      2.265	      2.259	      2.238	      2.335	           	      0.000	 306775.688	 358231.469	 493856.000	     -0.012	     -0.021	      0.020	
 2014/04/18	   2.258	   2.273	   2.245	   2.273	       31924928	      2.266	      2.266	      2.241	      2.334	           	      0.000	 319249.281	 366622.156	 452824.000	     -0.009	     -0.019	      0.019	
 2014/04/21	   2.253	   2.279	   2.227	   2.229	       55706704	      2.255	      2.265	      2.240	      2.333	           	      0.000	 557067.063	 364629.313	 444610.125	     -0.011	     -0.017	      0.013	
 2014/04/22	   2.228	   2.244	   2.186	   2.220	       36893620	      2.248	      2.261	      2.238	      2.332	           	      0.000	 368936.188	 356445.406	 423784.094	     -0.013	     -0.017	      0.007	
 2014/04/23	   2.219	   2.235	   2.211	   2.220	       14944842	      2.241	      2.255	      2.237	      2.331	           	      0.000	 149448.422	 340295.313	 382353.938	     -0.014	     -0.016	      0.004	
 2014/04/24	   2.220	   2.220	   2.191	   2.194	       15118878	      2.227	      2.246	      2.234	      2.329	           	      0.000	 151188.781	 309177.938	 333704.688	     -0.017	     -0.016	     -0.002	
 2014/04/25	   2.194	   2.198	   2.158	   2.161	       27873190	      2.205	      2.235	      2.231	      2.325	           	      0.000	 278731.906	 301074.469	 333848.313	     -0.022	     -0.017	     -0.009	
 2014/04/28	   2.156	   2.156	   2.105	   2.107	       66535760	      2.180	      2.218	      2.228	      2.320	           	      0.000	 665357.625	 322732.594	 343680.938	     -0.030	     -0.020	     -0.020	
 2014/04/29	   2.104	   2.126	   2.101	   2.125	       47787456	      2.161	      2.205	      2.226	      2.316	           	      0.000	 477874.563	 344520.250	 350482.844	     -0.034	     -0.023	     -0.023	
 2014/04/30	   2.123	   2.143	   2.116	   2.140	       34297776	      2.145	      2.193	      2.223	      2.312	           	      0.000	 342977.750	 383226.125	 361760.719	     -0.036	     -0.025	     -0.021	
 2014/05/05	   2.137	   2.170	   2.123	   2.162	       33956372	      2.139	      2.183	      2.221	      2.308	           	      0.000	 339563.719	 420901.125	 365039.531	     -0.035	     -0.027	     -0.016	
 2014/05/06	   2.157	   2.205	   2.157	   2.183	       72581952	      2.143	      2.174	      2.220	      2.305	           	      0.000	 725819.500	 510318.625	 405696.563	     -0.033	     -0.028	     -0.008	
 2014/05/07	   2.182	   2.182	   2.143	   2.146	       23448204	      2.151	      2.166	      2.216	      2.300	           	      0.000	 234482.047	 424143.500	 373438.063	     -0.033	     -0.029	     -0.007	
 2014/05/08	   2.143	   2.174	   1.940	   2.137	       33573512	      2.154	      2.158	      2.209	      2.294	           	      0.000	 335735.125	 395715.625	 370117.938	     -0.034	     -0.030	     -0.007	
 2014/05/09	   2.137	   2.140	   2.097	   2.112	       41395824	      2.148	      2.147	      2.201	      2.288	           	      0.000	 413958.250	 409911.719	 396568.938	     -0.036	     -0.031	     -0.009	
 2014/05/12	   2.123	   2.171	   2.121	   2.169	       58275792	      2.149	      2.144	      2.195	      2.283	           	      0.000	 582757.938	 458550.563	 439725.844	     -0.033	     -0.032	     -0.002	
 2014/05/13	   2.170	   2.179	   2.154	   2.163	       36727604	      2.145	      2.144	      2.190	      2.277	           	      0.000	 367276.031	 386841.875	 448580.250	     -0.030	     -0.031	      0.002	
 2014/05/14	   2.161	   2.174	   2.156	   2.164	       15396249	      2.149	      2.150	      2.184	      2.272	           	      0.000	 153962.484	 370737.969	 397440.750	     -0.028	     -0.031	      0.006	
 2014/05/15	   2.161	   2.165	   2.116	   2.116	       24661376	      2.145	      2.149	      2.177	      2.264	           	      0.000	 246613.766	 352913.688	 374314.656	     -0.030	     -0.030	      0.002	
 2014/05/16	   2.116	   2.125	   2.098	   2.117	       20644948	      2.146	      2.147	      2.170	      2.257	           	      0.000	 206449.484	 311411.938	 360661.844	     -0.030	     -0.030	     -0.000	
 2014/05/19	   2.107	   2.112	   2.088	   2.104	       32879740	      2.133	      2.141	      2.162	      2.250	           	      0.000	 328797.406	 260619.828	 359585.188	     -0.032	     -0.031	     -0.002	
 2014/05/20	   2.119	   2.133	   2.104	   2.109	       44543348	      2.122	      2.134	      2.154	      2.244	           	      0.000	 445433.469	 276251.313	 331546.594	     -0.032	     -0.031	     -0.002	
 2014/05/21	   2.105	   2.139	   2.088	   2.139	       59008968	      2.117	      2.133	      2.149	      2.238	           	      0.000	 590089.688	 363476.750	 367107.375	     -0.030	     -0.031	      0.002	
 2014/05/22	   2.140	   2.170	   2.134	   2.134	       47854464	      2.121	      2.133	      2.145	      2.232	           	      0.000	 478544.625	 409862.938	 381388.313	     -0.028	     -0.030	      0.005	
 2014/05/23	   2.132	   2.160	   2.128	   2.159	       35090296	      2.129	      2.137	      2.142	      2.228	           	      0.000	 350902.969	 438753.625	 375082.781	     -0.024	     -0.029	      0.010	
 2014/05/26	   2.164	   2.178	   2.160	   2.174	       34733668	      2.143	      2.138	      2.141	      2.225	           	      0.000	 347336.688	 442461.500	 351540.656	     -0.020	     -0.027	      0.015	
 2014/05/27	   2.171	   2.180	   2.162	   2.168	       43408836	      2.155	      2.138	      2.141	      2.222	           	      0.000	 434088.375	 440192.469	 358221.906	     -0.016	     -0.025	      0.017	
 2014/05/28	   2.168	   2.207	   2.158	   2.203	       67648888	      2.168	      2.142	      2.146	      2.220	           	      0.000	 676488.875	 457472.313	 410474.531	     -0.011	     -0.022	      0.023	
 2014/05/29	   2.205	   2.212	   2.178	   2.179	       46524744	      2.177	      2.149	      2.149	      2.216	           	      0.000	 465247.438	 454812.875	 432337.906	     -0.008	     -0.019	      0.022	
 2014/05/30	   2.174	   2.198	   2.162	   2.186	       54999872	      2.182	      2.155	      2.151	      2.213	           	      0.000	 549998.750	 494632.031	 466692.813	     -0.006	     -0.017	      0.022	
 2014/06/03	   2.186	   2.201	   2.186	   2.187	       32601396	      2.185	      2.164	      2.152	      2.210	           	      0.000	 326013.969	 490367.469	 466414.500	     -0.003	     -0.014	      0.021	
 2014/06/04	   2.185	   2.185	   2.145	   2.160	       41579640	      2.183	      2.169	      2.151	      2.207	           	      0.000	 415796.406	 486709.094	 463450.781	     -0.004	     -0.012	      0.016	
 2014/06/05	   2.158	   2.189	   2.150	   2.187	       52186308	      2.180	      2.174	      2.153	      2.204	           	      0.000	 521863.094	 455783.938	 456628.125	     -0.002	     -0.010	      0.016	
 2014/06/06	   2.186	   2.203	   2.176	   2.187	       75855944	      2.181	      2.179	      2.156	      2.203	           	      0.000	 758559.438	 514446.344	 484629.594	     -0.000	     -0.008	      0.015	
 2014/06/09	   2.182	   2.192	   2.172	   2.174	       29459440	      2.179	      2.181	      2.159	      2.201	           	      0.000	 294594.406	 463365.469	 478998.750	     -0.000	     -0.006	      0.012	
 2014/06/10	   2.175	   2.209	   2.166	   2.209	       57909104	      2.183	      2.184	      2.161	      2.200	           	      0.000	 579091.063	 513980.875	 502174.188	      0.003	     -0.005	      0.015	
 2014/06/11	   2.200	   2.218	   2.196	   2.213	       39303792	      2.194	      2.188	      2.163	      2.199	           	      0.000	 393037.906	 509429.188	 498069.125	      0.005	     -0.003	      0.016	
 2014/06/12	   2.209	   2.218	   2.202	   2.204	       34548028	      2.197	      2.189	      2.165	      2.198	           	      0.000	 345480.281	 474152.625	 464968.281	      0.006	     -0.001	      0.015	
 2014/06/13	   2.207	   2.239	   2.201	   2.231	       56941248	      2.206	      2.194	      2.171	      2.197	           	      0.000	 569412.500	 436323.219	 475384.781	      0.009	      0.001	      0.017	
 2014/06/16	   2.230	   2.251	   2.229	   2.245	       30516048	      2.220	      2.200	      2.178	      2.196	           	      0.000	 305160.469	 438436.438	 450900.938	      0.013	      0.004	      0.019	
 2014/06/17	   2.244	   2.244	   2.219	   2.221	       42008328	      2.223	      2.203	      2.183	      2.195	           	      0.000	 420083.281	 406634.875	 460307.875	      0.013	      0.006	      0.016	
 2014/06/18	   2.220	   2.229	   2.213	   2.216	       30336608	      2.223	      2.209	      2.189	      2.195	           	      0.000	 303366.094	 388700.531	 449064.844	      0.013	      0.007	      0.013	
 2014/06/19	   2.212	   2.219	   2.146	   2.156	       43251204	      2.214	      2.206	      2.190	      2.193	           	      0.000	 432512.031	 406106.875	 440129.750	      0.008	      0.007	      0.002	
 2014/06/20	   2.155	   2.183	   2.152	   2.179	       52667632	      2.203	      2.205	      2.192	      2.192	           	      0.000	 526676.313	 397559.625	 416941.438	      0.006	      0.007	     -0.002	
 2014/06/23	   2.180	   2.206	   2.180	   2.194	       31685636	      2.193	      2.207	      2.194	      2.191	           	      0.000	 316856.375	 399898.813	 419167.625	      0.006	      0.007	     -0.002	
 2014/06/24	   2.195	   2.213	   2.191	   2.212	       14765782	      2.191	      2.207	      2.196	      2.190	           	      0.000	 147657.813	 345413.719	 376024.313	      0.007	      0.007	     -0.000	
 2014/06/25	   2.210	   2.210	   2.187	   2.196	       19849152	      2.187	      2.205	      2.197	      2.190	           	      0.000	 198491.516	 324438.813	 356569.656	      0.006	      0.007	     -0.001	
 2014/06/26	   2.194	   2.230	   2.194	   2.225	       34151136	      2.201	      2.207	      2.198	      2.191	           	      0.000	 341511.375	 306238.688	 356172.781	      0.008	      0.007	      0.002	
 2014/06/27	   2.227	   2.244	   2.222	   2.230	       27673460	      2.211	      2.207	      2.201	      2.192	           	      0.000	 276734.594	 256250.328	 326905.000	      0.009	      0.007	      0.004	
 2014/06/30	   2.233	   2.251	   2.223	   2.250	       31351350	      2.223	      2.208	      2.204	      2.193	           	      0.000	 313513.500	 255581.766	 327740.281	      0.012	      0.008	      0.008	
 2014/07/01	   2.253	   2.276	   2.249	   2.272	       30581860	      2.235	      2.213	      2.208	      2.194	           	      0.000	 305818.594	 287213.906	 316313.813	      0.016	      0.010	      0.012	
 2014/07/02	   2.271	   2.283	   2.256	   2.279	       40229712	      2.251	      2.219	      2.214	      2.195	           	      0.000	 402297.125	 327975.031	 326206.938	      0.019	      0.012	      0.015	
 2014/07/03	   2.278	   2.294	   2.268	   2.283	       30091936	      2.263	      2.232	      2.219	      2.196	           	      0.000	 300919.375	 319856.625	 313047.656	      0.022	      0.014	      0.017	
 2014/07/04	   2.286	   2.292	   2.275	   2.278	       22477372	      2.272	      2.242	      2.223	      2.196	           	      0.000	 224773.719	 309464.469	 282857.406	      0.024	      0.016	      0.016	
 2014/07/07	   2.274	   2.288	   2.259	   2.269	       15868649	      2.276	      2.249	      2.228	      2.196	           	      0.000	 158686.484	 278499.063	 267040.406	      0.024	      0.017	      0.013	
 2014/07/08	   2.266	   2.281	   2.248	   2.280	       20618354	      2.278	      2.256	      2.232	      2.196	           	      0.000	 206183.547	 258572.047	 272892.969	      0.024	      0.019	      0.011	
 2014/07/09	   2.276	   2.279	   2.232	   2.235	       24113084	      2.269	      2.260	      2.233	      2.195	           	      0.000	 241130.844	 226338.797	 277156.906	      0.021	      0.019	      0.004	
 2014/07/10	   2.236	   2.251	   2.207	   2.211	       37042380	      2.255	      2.259	      2.233	      2.194	           	      0.000	 370423.813	 240239.688	 280048.156	      0.016	      0.019	     -0.004	
 2014/07/11	   2.209	   2.229	   2.205	   2.222	       19738920	      2.243	      2.258	      2.233	      2.194	           	      0.000	 197389.203	 234762.781	 272113.625	      0.013	      0.018	     -0.008	
 2014/07/14	   2.222	   2.239	   2.206	   2.237	       33060524	      2.237	      2.257	      2.232	      2.193	           	      0.000	 330605.250	 269146.531	 273822.781	      0.012	      0.017	     -0.009	
 2014/07/15	   2.235	   2.243	   2.221	   2.235	       27827248	      2.228	      2.253	      2.233	      2.193	           	      0.000	 278272.469	 283564.313	 271068.188	      0.011	      0.015	     -0.009	
 2014/07/16	   2.232	   2.240	   2.205	   2.212	       27407940	      2.223	      2.246	      2.233	      2.192	           	      0.000	 274079.406	 290154.031	 258246.406	      0.008	      0.014	     -0.012	
 2014/07/17	   2.212	   2.216	   2.190	   2.199	       25513936	      2.221	      2.238	      2.235	      2.191	           	      0.000	 255139.359	 267097.125	 253668.406	      0.004	      0.012	     -0.015	
 2014/07/18	   2.195	   2.215	   2.193	   2.197	       21237828	      2.216	      2.230	      2.236	      2.191	           	      0.000	 212378.281	 270094.938	 252428.859	      0.001	      0.010	     -0.017	
 2014/07/21	   2.196	   2.208	   2.189	   2.203	       30517526	      2.209	      2.223	      2.236	      2.191	           	      0.000	 305175.250	 265008.938	 267077.750	     -0.000	      0.008	     -0.016	
 2014/07/22	   2.201	   2.229	   2.200	   2.228	       28690188	      2.208	      2.218	      2.237	      2.191	           	      0.000	 286901.875	 266734.844	 275149.563	      0.000	      0.006	     -0.012	
 2014/07/23	   2.228	   2.236	   2.202	   2.205	       29439268	      2.206	      2.215	      2.237	      2.192	           	      0.000	 294392.688	 270797.500	 280475.750	     -0.001	      0.005	     -0.012	
 2014/07/24	   2.206	   2.221	   2.175	   2.200	       37863152	      2.207	      2.214	      2.236	      2.194	           	      0.000	 378631.531	 295495.938	 281296.531	     -0.003	      0.003	     -0.012	
 2014/07/25	   2.202	   2.220	   2.196	   2.220	       39872312	      2.211	      2.214	      2.236	      2.195	           	      0.000	 398723.125	 332764.906	 301429.938	     -0.002	      0.002	     -0.009	
 2014/07/28	   2.226	   2.272	   2.225	   2.270	       54778776	      2.225	      2.217	      2.237	      2.197	           	      0.000	 547787.750	 381287.406	 323148.188	      0.002	      0.002	     -0.000	
 2014/07/29	   2.269	   2.309	   2.258	   2.297	      103232080	      2.238	      2.223	      2.238	      2.200	           	      0.000	1032320.813	 530371.188	 398553.000	      0.008	      0.003	      0.009	
 2014/07/30	   2.297	   2.315	   2.296	   2.311	       89423448	      2.260	      2.233	      2.240	      2.202	           	      0.000	 894234.500	 650339.563	 460568.531	      0.013	      0.005	      0.016	
 2014/07/31	   2.305	   2.327	   2.301	   2.327	       50112984	      2.285	      2.246	      2.242	      2.205	           	      0.000	 501129.844	 674839.188	 485167.563	      0.018	      0.008	      0.021	
 2014/08/01	   2.321	   2.335	   2.295	   2.300	       71695648	      2.301	      2.256	      2.243	      2.207	           	      0.000	 716956.500	 738485.875	 535625.375	      0.020	      0.010	      0.020	
 2014/08/04	   2.301	   2.332	   2.301	   2.332	       37926004	      2.313	      2.269	      2.246	      2.211	           	      0.000	 379260.031	 704780.313	 543033.875	      0.024	      0.013	      0.022	
 2014/08/05	   2.332	   2.345	   2.314	   2.344	       73343056	      2.323	      2.281	      2.249	      2.214	           	      0.000	 733430.563	 645002.313	 587686.750	      0.028	      0.016	      0.023	
 2014/08/06	   2.330	   2.367	   2.325	   2.359	       82628224	      2.332	      2.296	      2.255	      2.217	           	      0.000	 826282.250	 631411.813	 640875.688	      0.031	      0.019	      0.025	
 2014/08/07	   2.357	   2.371	   2.331	   2.333	       73155472	      2.334	      2.309	      2.262	      2.220	           	      0.000	 731554.750	 677496.813	 676168.000	      0.032	      0.022	      0.020	
 2014/08/08	   2.335	   2.358	   2.335	   2.346	       62758300	      2.343	      2.322	      2.268	      2.224	           	      0.000	 627583.000	 659622.125	 699054.000	      0.033	      0.024	      0.018	
 2014/08/11	   2.354	   2.384	   2.354	   2.384	       39970660	      2.353	      2.333	      2.275	      2.228	           	      0.000	 399706.594	 663711.438	 684245.875	      0.036	      0.026	      0.020	
 2014/08/12	   2.384	   2.387	   2.370	   2.384	       36033828	      2.361	      2.342	      2.283	      2.233	           	      0.000	 360338.281	 589093.000	 617047.625	      0.039	      0.029	      0.020	
 2014/08/13	   2.385	   2.395	   2.358	   2.387	       31277740	      2.367	      2.350	      2.291	      2.238	           	      0.000	 312777.406	 486392.000	 558901.938	      0.040	      0.031	      0.018	
 2014/08/14	   2.385	   2.393	   2.361	   2.364	       24419502	      2.373	      2.353	      2.300	      2.241	           	      0.000	 244195.016	 388920.063	 533208.438	      0.039	      0.033	      0.013	
 2014/08/15	   2.365	   2.407	   2.364	   2.402	       29956442	      2.384	      2.364	      2.310	      2.246	           	      0.000	 299564.406	 323316.344	 491469.219	      0.041	      0.034	      0.013	
 2014/08/18	   2.404	   2.438	   2.404	   2.435	       31302920	      2.394	      2.374	      2.321	      2.250	           	      0.000	 313029.188	 305980.875	 484846.156	      0.045	      0.036	      0.016	
 2014/08/19	   2.437	   2.453	   2.425	   2.445	       38553700	      2.407	      2.384	      2.332	      2.255	           	      0.000	 385537.000	 311020.594	 450056.781	      0.048	      0.039	      0.018	
 2014/08/20	   2.438	   2.466	   2.434	   2.442	       53783880	      2.418	      2.392	      2.344	      2.260	           	      0.000	 537838.813	 356032.875	 421212.438	      0.049	      0.041	      0.017	
 2014/08/21	   2.440	   2.456	   2.417	   2.453	       47436620	      2.435	      2.404	      2.357	      2.264	           	      0.000	 474366.188	 402067.125	 395493.594	      0.051	      0.043	      0.016	
 2014/08/22	   2.450	   2.475	   2.440	   2.467	       45652940	      2.448	      2.416	      2.369	      2.268	           	      0.000	 456529.406	 433460.125	 378388.219	      0.053	      0.045	      0.016	
 2014/08/25	   2.472	   2.473	   2.443	   2.451	       51657084	      2.452	      2.423	      2.378	      2.273	           	      0.000	 516570.844	 474168.438	 390074.656	      0.052	      0.046	      0.012	
 2014/08/26	   2.449	   2.462	   2.405	   2.416	       51902384	      2.446	      2.426	      2.384	      2.277	           	      0.000	 519023.844	 500865.813	 405943.219	      0.048	      0.047	      0.003	
 2014/08/27	   2.416	   2.447	   2.416	   2.442	       63897480	      2.446	      2.432	      2.391	      2.281	           	      0.000	 638974.813	 521093.031	 438562.938	      0.047	      0.047	      0.000	
 2014/08/28	   2.441	   2.443	   2.407	   2.415	       56836192	      2.438	      2.437	      2.395	      2.285	           	      0.000	 568361.938	 539892.188	 470979.656	      0.043	      0.046	     -0.006	
 2014/08/29	   2.413	   2.445	   2.412	   2.443	       65653900	      2.433	      2.441	      2.402	      2.289	           	      0.000	 656539.000	 579894.063	 506677.094	      0.042	      0.045	     -0.007	
 2014/09/01	   2.444	   2.483	   2.444	   2.482	       44862720	      2.440	      2.446	      2.410	      2.295	           	      0.000	 448627.188	 566305.375	 520236.906	      0.044	      0.045	     -0.003	
 2014/09/02	   2.487	   2.513	   2.481	   2.510	       37246144	      2.458	      2.452	      2.418	      2.300	           	      0.000	 372461.438	 536992.875	 518929.344	      0.047	      0.045	      0.003	
 2014/09/03	   2.514	   2.533	   2.510	   2.526	       41225832	      2.475	      2.461	      2.426	      2.305	           	      0.000	 412258.313	 491649.563	 506371.313	      0.050	      0.046	      0.007	
 2014/09/04	   2.525	   2.549	   2.517	   2.546	       60106024	      2.501	      2.470	      2.437	      2.311	           	      0.000	 601060.250	 498189.250	 519040.688	      0.053	      0.048	      0.011	
 2014/09/05	   2.550	   2.558	   2.533	   2.554	       37957448	      2.524	      2.478	      2.447	      2.316	           	      0.000	 379574.469	 442796.344	 511345.219	      0.056	      0.049	      0.013	
 2014/09/09	   2.558	   2.570	   2.543	   2.565	       56046368	      2.540	      2.490	      2.456	      2.321	           	      0.000	 560463.688	 465163.625	 515734.500	      0.058	      0.051	      0.015	
 2014/09/10	   2.556	   2.574	   2.550	   2.571	       42736396	      2.552	      2.505	      2.466	      2.327	           	      0.000	 427363.969	 476144.125	 506568.500	      0.060	      0.053	      0.014	
 2014/09/11	   2.573	   2.599	   2.545	   2.560	       59467860	      2.559	      2.517	      2.474	      2.333	           	      0.000	 594678.625	 512628.188	 502138.875	      0.060	      0.054	      0.011	
 2014/09/12	   2.557	   2.588	   2.550	   2.588	       53690968	      2.568	      2.535	      2.486	      2.340	           	      0.000	 536909.688	 499798.094	 498993.656	      0.061	      0.056	      0.011	
 2014/09/15	   2.586	   2.609	   2.572	   2.603	       63429696	      2.577	      2.550	      2.496	      2.347	           	      0.000	 634296.938	 550742.563	 496769.469	      0.063	      0.057	      0.011	
 2014/09/16	   2.603	   2.607	   2.496	   2.505	       60667716	      2.565	      2.553	      2.499	      2.352	           	      0.000	 606677.188	 559985.250	 512574.469	      0.055	      0.057	     -0.003	
 2014/09/17	   2.506	   2.525	   2.482	   2.525	      108344440	      2.556	      2.554	      2.503	      2.358	           	      0.000	1083444.375	 691201.375	 583672.750	      0.051	      0.056	     -0.010	
 2014/09/18	   2.523	   2.535	   2.507	   2.533	       64481272	      2.551	      2.555	      2.508	      2.363	           	      0.000	 644812.750	 701228.188	 606928.188	      0.047	      0.054	     -0.014	
 2014/09/19	   2.534	   2.557	   2.525	   2.552	       68375032	      2.544	      2.556	      2.513	      2.369	           	      0.000	 683750.313	 730596.313	 615197.188	      0.045	      0.052	     -0.014	
 2014/09/22	   2.540	   2.542	   2.505	   2.513	       85427672	      2.526	      2.552	      2.515	      2.373	           	      0.000	 854276.750	 774592.250	 662667.438	      0.040	      0.050	     -0.019	
 2014/09/23	   2.512	   2.545	   2.510	   2.539	       77229224	      2.532	      2.549	      2.519	      2.378	           	      0.000	 772292.250	 807715.313	 683850.313	      0.038	      0.047	     -0.019	
 2014/09/24	   2.536	   2.577	   2.530	   2.573	       51580996	      2.542	      2.549	      2.527	      2.383	           	      0.000	 515809.969	 694188.375	 692694.875	      0.038	      0.045	     -0.015	
 2014/09/25	   2.580	   2.603	   2.565	   2.574	       82438624	      2.550	      2.550	      2.534	      2.388	           	      0.000	 824386.250	 730103.125	 715665.625	      0.038	      0.044	     -0.012	
 2014/09/26	   2.569	   2.589	   2.566	   2.583	       60278176	      2.556	      2.550	      2.542	      2.393	           	      0.000	 602781.750	 713909.375	 722252.875	      0.038	      0.043	     -0.009	
 2014/09/29	   2.588	   2.614	   2.588	   2.613	       58826368	      2.576	      2.551	      2.551	      2.399	           	      0.000	 588263.688	 660706.750	 717649.500	      0.040	      0.042	     -0.004	
 2014/09/30	   2.613	   2.638	   2.613	   2.632	       47506288	      2.595	      2.564	      2.558	      2.405	           	      0.000	 475062.875	 601260.875	 704488.125	      0.043	      0.043	      0.001	
 2014/10/08	   2.632	   2.660	   2.620	   2.658	       46028448	      2.612	      2.577	      2.566	      2.411	           	      0.000	 460284.469	 590155.813	 642172.125	      0.047	      0.043	      0.007	
 2014/10/09	   2.662	   2.670	   2.628	   2.665	       68201912	      2.630	      2.590	      2.573	      2.418	           	      0.000	 682019.125	 561682.375	 645892.750	      0.050	      0.045	      0.010	
 2014/10/10	   2.655	   2.663	   2.631	   2.648	       59426024	      2.643	      2.600	      2.578	      2.425	           	      0.000	 594260.250	 559978.063	 636943.750	      0.050	      0.046	      0.009	
 2014/10/13	   2.639	   2.639	   2.598	   2.625	       52251096	      2.646	      2.611	      2.581	      2.432	           	      0.000	 522510.969	 546827.563	 603767.188	      0.048	      0.046	      0.004	
 2014/10/14	   2.624	   2.642	   2.604	   2.614	       60600880	      2.642	      2.618	      2.584	      2.438	           	      0.000	 606008.813	 573016.750	 587138.813	      0.045	      0.046	     -0.002	
 2014/10/15	   2.615	   2.635	   2.596	   2.631	       49243872	      2.637	      2.624	      2.587	      2.445	           	      0.000	 492438.719	 579447.563	 584801.688	      0.044	      0.046	     -0.004	
 2014/10/16	   2.618	   2.644	   2.593	   2.594	       55957384	      2.622	      2.626	      2.588	      2.451	           	      0.000	 559573.813	 554958.500	 558320.438	      0.039	      0.044	     -0.011	
 2014/10/17	   2.590	   2.598	   2.530	   2.575	       79841112	      2.608	      2.625	      2.588	      2.458	           	      0.000	 798411.125	 595788.688	 577883.375	      0.033	      0.042	     -0.018	
 2014/10/20	   2.572	   2.609	   2.572	   2.609	       52873192	      2.605	      2.625	      2.588	      2.465	           	      0.000	 528731.938	 597032.875	 571930.188	      0.031	      0.040	     -0.017	
 2014/10/21	   2.608	   2.616	   2.582	   2.584	       69771856	      2.599	      2.620	      2.592	      2.471	           	      0.000	 697718.563	 615374.813	 594195.750	      0.027	      0.037	     -0.020	
 2014/10/22	   2.582	   2.603	   2.560	   2.564	       49698976	      2.585	      2.611	      2.594	      2.476	           	      0.000	 496989.750	 616285.063	 597866.313	      0.022	      0.034	     -0.024	
 2014/10/23	   2.556	   2.568	   2.525	   2.533	       46811568	      2.573	      2.598	      2.594	      2.482	           	      0.000	 468115.688	 597993.438	 576475.938	      0.016	      0.031	     -0.030	
 2014/10/24	   2.534	   2.554	   2.530	   2.542	       57588584	      2.566	      2.587	      2.593	      2.488	           	      0.000	 575885.813	 553488.375	 574638.500	      0.011	      0.027	     -0.032	
 2014/10/27	   2.530	   2.554	   2.523	   2.554	       73038968	      2.555	      2.580	      2.595	      2.493	           	      0.000	 730389.688	 593819.875	 595426.375	      0.008	      0.023	     -0.030	
 2014/10/28	   2.556	   2.601	   2.556	   2.601	       45372700	      2.559	      2.579	      2.599	      2.499	           	      0.000	 453727.000	 545021.563	 580198.188	      0.009	      0.020	     -0.021	
 2014/10/29	   2.606	   2.618	   2.594	   2.614	       53707976	      2.569	      2.577	      2.601	      2.504	           	      0.000	 537079.750	 553039.563	 584662.313	      0.012	      0.018	     -0.014	
 2014/10/30	   2.613	   2.627	   2.603	   2.609	       38258512	      2.584	      2.579	      2.602	      2.509	           	      0.000	 382585.125	 535933.500	 566963.438	      0.013	      0.017	     -0.009	
 2014/10/31	   2.610	   2.617	   2.583	   2.606	       47058728	      2.597	      2.582	      2.604	      2.514	           	      0.000	 470587.281	 514873.781	 534181.063	      0.013	      0.016	     -0.007	
 2014/11/03	   2.606	   2.614	   2.597	   2.610	       55710472	      2.608	      2.582	      2.603	      2.519	           	      0.000	 557104.750	 480216.781	 537018.313	      0.014	      0.016	     -0.005	
 2014/11/04	   2.610	   2.611	   2.580	   2.584	       34143764	      2.605	      2.582	      2.601	      2.523	           	      0.000	 341437.625	 457758.906	 501390.250	      0.012	      0.015	     -0.007	
 2014/11/05	   2.582	   2.593	   2.568	   2.585	       34848704	      2.599	      2.584	      2.597	      2.527	           	      0.000	 348487.031	 420040.375	 486539.969	      0.010	      0.014	     -0.008	
 2014/11/06	   2.585	   2.602	   2.571	   2.599	       37736752	      2.597	      2.590	      2.594	      2.531	           	      0.000	 377367.531	 418996.844	 477465.156	      0.010	      0.013	     -0.006	
 2014/11/07	   2.600	   2.613	   2.567	   2.576	       29988470	      2.591	      2.594	      2.590	      2.535	           	      0.000	 299884.688	 384856.313	 449865.063	      0.008	      0.012	     -0.008	
 2014/11/10	   2.578	   2.597	   2.560	   2.597	       19600226	      2.588	      2.598	      2.589	      2.539	           	      0.000	 196002.266	 312635.813	 396426.313	      0.008	      0.011	     -0.007	
 2014/11/11	   2.597	   2.597	   2.503	   2.511	       26453390	      2.574	      2.589	      2.584	      2.541	           	      0.000	 264533.906	 297255.094	 377507.000	      0.001	      0.009	     -0.017	
 2014/11/12	   2.502	   2.536	   2.501	   2.536	       29287384	      2.564	      2.581	      2.579	      2.544	           	      0.000	 292873.844	 286132.438	 353086.406	     -0.002	      0.007	     -0.019	
 2014/11/13	   2.532	   2.535	   2.472	   2.485	       39891736	      2.541	      2.569	      2.574	      2.546	           	      0.000	 398917.375	 290442.406	 354719.625	     -0.009	      0.004	     -0.026	
 2014/11/14	   2.484	   2.501	   2.468	   2.495	       24151670	      2.525	      2.558	      2.570	      2.548	           	      0.000	 241516.703	 278768.813	 331812.563	     -0.014	      0.000	     -0.028	
 2014/11/17	   2.490	   2.529	   2.485	   2.518	       41032280	      2.509	      2.549	      2.565	      2.550	           	      0.000	 410322.813	 321632.938	 317134.375	     -0.015	     -0.003	     -0.025	
 2014/11/18	   2.516	   2.531	   2.512	   2.521	       51076704	      2.511	      2.542	      2.562	      2.551	           	      0.000	 510767.031	 370879.563	 334067.313	     -0.016	     -0.005	     -0.021	
 2014/11/19	   2.522	   2.551	   2.517	   2.537	       57859260	      2.511	      2.537	      2.561	      2.553	           	      0.000	 578592.625	 428023.313	 357077.875	     -0.015	     -0.007	     -0.015	
 2014/11/20	   2.532	   2.532	   2.510	   2.516	       22049552	      2.517	      2.529	      2.560	      2.554	           	      0.000	 220495.516	 392338.938	 341390.688	     -0.016	     -0.009	     -0.014	
 2014/11/21	   2.516	   2.541	   2.514	   2.540	       44999932	      2.526	      2.526	      2.560	      2.555	           	      0.000	 449999.313	 434035.469	 356402.125	     -0.014	     -0.010	     -0.008	
 2014/11/24	   2.555	   2.574	   2.546	   2.557	       26140574	      2.534	      2.522	      2.560	      2.557	           	      0.000	 261405.734	 404252.031	 362942.500	     -0.012	     -0.010	     -0.003	
 2014/11/25	   2.559	   2.613	   2.559	   2.607	       33741016	      2.551	      2.531	      2.560	      2.559	           	      0.000	 337410.156	 369580.656	 370230.125	     -0.005	     -0.009	      0.008	
 2014/11/26	   2.609	   2.622	   2.596	   2.610	       41447320	      2.566	      2.539	      2.560	      2.563	           	      0.000	 414473.188	 336756.781	 382390.031	     -0.000	     -0.008	      0.015	
 2014/11/27	   2.620	   2.623	   2.599	   2.619	       19133748	      2.587	      2.552	      2.560	      2.566	           	      0.000	 191337.484	 330925.188	 361632.063	      0.005	     -0.005	      0.019	
 2014/11/28	   2.618	   2.622	   2.589	   2.622	       27646718	      2.603	      2.565	      2.561	      2.569	           	      0.000	 276467.188	 296218.750	 365127.094	      0.008	     -0.002	      0.022	
 2014/12/01	   2.620	   2.621	   2.581	   2.593	       24875452	      2.610	      2.572	      2.560	      2.572	           	      0.000	 248754.516	 293688.500	 348970.281	      0.009	     -0.000	      0.018	
 2014/12/02	   2.592	   2.634	   2.590	   2.629	       29444762	      2.615	      2.583	      2.563	      2.574	           	      0.000	 294447.625	 285096.000	 327338.344	      0.012	      0.002	      0.020	
 2014/12/03	   2.639	   2.675	   2.608	   2.671	       53818500	      2.627	      2.596	      2.567	      2.577	           	      0.000	 538185.000	 309838.375	 323297.563	      0.018	      0.006	      0.025	
 2014/12/04	   2.675	   2.744	   2.675	   2.743	       75898872	      2.652	      2.619	      2.574	      2.580	           	      0.000	 758988.750	 423368.625	 377146.906	      0.028	      0.010	      0.036	
 2014/12/05	   2.743	   2.743	   2.596	   2.668	       58989376	      2.661	      2.632	      2.579	      2.582	           	      0.000	 589893.750	 486053.938	 391136.344	      0.030	      0.014	      0.032	
 2014/12/08	   2.668	   2.682	   2.630	   2.668	       60651548	      2.676	      2.643	      2.582	      2.584	           	      0.000	 606515.500	 557606.125	 425647.313	      0.031	      0.017	      0.027	
 2014/12/09	   2.666	   2.680	   2.571	   2.571	       40755064	      2.664	      2.639	      2.585	      2.584	           	      0.000	 407550.625	 580226.750	 432661.375	      0.023	      0.019	      0.010	
 2014/12/10	   2.570	   2.686	   2.570	   2.675	       40386696	      2.665	      2.646	      2.592	      2.586	           	      0.000	 403866.969	 553363.125	 431600.750	      0.026	      0.020	      0.011	
 2014/12/11	   2.670	   2.702	   2.655	   2.686	       46172144	      2.654	      2.653	      2.602	      2.588	           	      0.000	 461721.438	 493909.656	 458639.125	      0.028	      0.022	      0.013	
 2014/12/12	   2.688	   2.718	   2.680	   2.709	       43226720	      2.662	      2.661	      2.613	      2.590	           	      0.000	 432267.188	 462384.344	 474219.125	      0.031	      0.024	      0.016	
 2014/12/15	   2.709	   2.764	   2.702	   2.761	       83485680	      2.680	      2.678	      2.625	      2.593	           	      0.000	 834856.813	 508052.594	 532829.375	      0.038	      0.026	      0.023	
 2014/12/16	   2.757	   2.761	   2.720	   2.737	       39376664	      2.714	      2.689	      2.636	      2.597	           	      0.000	 393766.625	 505295.813	 542761.250	      0.040	      0.029	      0.022	
 2014/12/17	   2.733	   2.733	   2.680	   2.708	       35196896	      2.720	      2.693	      2.645	      2.600	           	      0.000	 351968.969	 494916.219	 524139.656	      0.040	      0.031	      0.017	
 2014/12/18	   2.700	   2.724	   2.691	   2.702	       34168788	      2.723	      2.688	      2.654	      2.603	           	      0.000	 341687.875	 470909.500	 482409.563	      0.038	      0.033	      0.011	
 2014/12/19	   2.690	   2.695	   2.622	   2.659	       40698564	      2.713	      2.688	      2.660	      2.604	           	      0.000	 406985.625	 465853.188	 464118.750	      0.033	      0.033	      0.001	
 2014/12/22	   2.643	   2.654	   2.541	   2.541	       36728556	      2.669	      2.675	      2.659	      2.605	           	      0.000	 367285.563	 372338.938	 440195.781	      0.020	      0.030	     -0.021	
 2014/12/23	   2.541	   2.589	   2.524	   2.531	       45819712	      2.628	      2.671	      2.655	      2.605	           	      0.000	 458197.125	 385225.031	 445260.406	      0.008	      0.026	     -0.036	
 2014/12/24	   2.532	   2.563	   2.530	   2.563	       55131184	      2.599	      2.660	      2.653	      2.604	           	      0.000	 551311.813	 425093.594	 460004.906	      0.001	      0.021	     -0.039	
 2014/12/25	   2.563	   2.589	   2.556	   2.585	       46525672	      2.576	      2.650	      2.651	      2.605	           	      0.000	 465256.719	 449807.375	 460358.438	     -0.003	      0.016	     -0.037	
 2014/12/26	   2.587	   2.615	   2.572	   2.603	       26894048	      2.565	      2.639	      2.650	      2.605	           	      0.000	 268940.469	 422198.344	 444025.750	     -0.004	      0.012	     -0.032	
 2014/12/29	   2.610	   2.616	   2.561	   2.574	       25159088	      2.571	      2.620	      2.649	      2.604	           	      0.000	 251590.875	 399059.406	 385699.156	     -0.007	      0.008	     -0.031	
 2014/12/30	   2.573	   2.576	   2.522	   2.527	       22064288	      2.570	      2.599	      2.644	      2.603	           	      0.000	 220642.875	 351548.563	 368386.781	     -0.013	      0.004	     -0.035	
 2014/12/31	   2.530	   2.565	   2.521	   2.565	       30927908	      2.571	      2.585	      2.639	      2.601	           	      0.000	 309279.094	 303142.000	 364117.813	     -0.015	      0.000	     -0.030	
 2015/01/05	   2.564	   2.637	   2.547	   2.630	       67147440	      2.580	      2.578	      2.633	      2.600	           	      0.000	 671474.375	 344385.531	 397096.438	     -0.011	     -0.002	     -0.018	
 2015/01/06	   2.627	   2.680	   2.590	   2.675	      134224736	      2.594	      2.579	      2.634	      2.601	           	      0.000	1342247.375	 559046.938	 490622.625	     -0.004	     -0.003	     -0.003	
 2015/01/07	   2.675	   2.678	   2.636	   2.654	       38849328	      2.610	      2.591	      2.633	      2.601	           	      0.000	 388493.281	 586427.375	 492743.406	     -0.000	     -0.002	      0.003	
 2015/01/08	   2.633	   2.690	   2.633	   2.659	      177170608	      2.637	      2.603	      2.637	      2.602	           	      0.000	1771706.125	 896640.063	 624094.313	      0.003	     -0.001	      0.008	
 2015/01/09	   2.657	   2.706	   2.649	   2.649	       93759104	      2.653	      2.612	      2.636	      2.602	           	      0.000	 937591.063	1022302.438	 662722.250	      0.005	      0.000	      0.009	
 2015/01/12	   2.645	   2.676	   2.632	   2.667	       91741112	      2.661	      2.620	      2.635	      2.604	           	      0.000	 917411.125	1071489.750	 707937.688	      0.007	      0.002	      0.012	
 2015/01/13	   2.668	   2.741	   2.658	   2.740	      267014480	      2.674	      2.634	      2.636	      2.606	           	      0.000	2670144.750	1337069.250	 948058.125	      0.015	      0.004	      0.022	
 2015/01/14	   2.740	   2.740	   2.703	   2.716	       73858904	      2.686	      2.648	      2.634	      2.608	           	      0.000	 738589.063	1407088.375	 996757.938	      0.019	      0.007	      0.024	
 2015/01/15	   2.713	   2.720	   2.693	   2.715	       44548200	      2.697	      2.667	      2.633	      2.610	           	      0.000	 445482.000	1141843.625	1019241.813	      0.022	      0.010	      0.024	
 2015/01/16	   2.713	   2.766	   2.711	   2.764	      100143408	      2.720	      2.687	      2.636	      2.614	           	      0.000	1001434.063	1154612.250	1088457.375	      0.028	      0.014	      0.029	
 2015/01/19	   2.730	   2.794	   2.643	   2.690	      195792256	      2.725	      2.693	      2.635	      2.616	           	      0.000	1957922.500	1362714.500	1217102.125	      0.027	      0.016	      0.021	
 2015/01/20	   2.709	   2.802	   2.709	   2.795	      317425856	      2.736	      2.705	      2.642	      2.621	           	      0.000	3174258.500	1463537.250	1400303.250	      0.034	      0.020	      0.027	
 2015/01/21	   2.810	   2.854	   2.810	   2.848	      122257088	      2.762	      2.724	      2.658	      2.625	           	      0.000	1222570.875	1560333.625	1483711.000	      0.043	      0.024	      0.037	
 2015/01/22	   2.847	   2.890	   2.845	   2.878	      126738824	      2.795	      2.746	      2.675	      2.630	           	      0.000	1267388.250	1724714.875	1433279.250	      0.052	      0.030	      0.044	
 2015/01/23	   2.880	   2.889	   2.823	   2.846	       67854024	      2.811	      2.766	      2.689	      2.634	           	      0.000	 678540.250	1660136.125	1407374.125	      0.056	      0.035	      0.042	
 2015/01/26	   2.852	   2.919	   2.850	   2.915	      156360192	      2.856	      2.791	      2.705	      2.639	           	      0.000	1563601.875	1581272.000	1471993.250	      0.064	      0.041	      0.046	
 2015/01/27	   2.924	   2.931	   2.870	   2.925	      154788096	      2.882	      2.809	      2.722	      2.644	           	      0.000	1547881.000	1255996.500	1359766.875	      0.070	      0.047	      0.047	
 2015/01/28	   2.903	   2.924	   2.876	   2.885	      121145960	      2.890	      2.826	      2.737	      2.649	           	      0.000	1211459.625	1253774.250	1407053.875	      0.071	      0.052	      0.039	
 2015/01/29	   2.865	   2.899	   2.856	   2.876	      224601328	      2.889	      2.842	      2.755	      2.654	           	      0.000	2246013.250	1449499.250	1587107.000	      0.070	      0.055	      0.030	
 2015/01/30	   2.874	   2.890	   2.834	   2.836	       70438328	      2.887	      2.849	      2.768	      2.658	           	      0.000	 704383.250	1454667.750	1557402.000	      0.066	      0.058	      0.017	
 2015/02/02	   2.820	   2.849	   2.808	   2.820	      123809784	      2.868	      2.862	      2.778	      2.662	           	      0.000	1238097.875	1389567.000	1485419.500	      0.060	      0.058	      0.004	
 2015/02/03	   2.835	   2.909	   2.833	   2.903	      172857680	      2.864	      2.873	      2.789	      2.667	           	      0.000	1728576.750	1425706.125	1340851.250	      0.062	      0.059	      0.006	
 2015/02/04	   2.905	   2.922	   2.882	   2.884	      130841656	      2.864	      2.877	      2.801	      2.672	           	      0.000	1308416.500	1445097.500	1349435.875	      0.061	      0.059	      0.003	
 2015/02/05	   2.898	   2.943	   2.872	   2.884	       61969424	      2.865	      2.877	      2.812	      2.678	           	      0.000	 619694.250	1119833.750	1284666.500	      0.059	      0.059	      0.000	
 2015/02/06	   2.875	   2.892	   2.808	   2.825	       62248608	      2.863	      2.875	      2.821	      2.683	           	      0.000	 622486.063	1103454.250	1279061.000	      0.053	      0.058	     -0.010	
 2015/02/09	   2.807	   2.847	   2.796	   2.804	       77982944	      2.860	      2.864	      2.827	      2.688	           	      0.000	 779829.438	1011800.625	1200683.750	      0.045	      0.055	     -0.020	
 2015/02/10	   2.808	   2.881	   2.803	   2.881	       80879712	      2.856	      2.860	      2.835	      2.695	           	      0.000	 808797.125	 827844.688	1126775.375	      0.045	      0.053	     -0.016	
 2015/02/11	   2.888	   2.932	   2.873	   2.915	       85422600	      2.862	      2.863	      2.844	      2.701	           	      0.000	 854226.000	 737006.563	1091052.000	      0.047	      0.052	     -0.010	
 2015/02/12	   2.915	   2.937	   2.910	   2.933	       58643228	      2.872	      2.868	      2.855	      2.708	           	      0.000	 586432.250	 730354.188	 925093.938	      0.050	      0.052	     -0.004	
 2015/02/13	   2.945	   2.997	   2.945	   2.977	       45701064	      2.902	      2.883	      2.866	      2.715	           	      0.000	 457010.625	 697259.063	 900356.688	      0.055	      0.052	      0.005	
 2015/02/16	   2.982	   3.072	   2.982	   3.072	       58709684	      2.956	      2.908	      2.885	      2.725	           	      0.000	 587096.813	 658712.563	 835256.563	      0.065	      0.055	      0.021	
 2015/02/17	   3.095	   3.095	   3.050	   3.080	       45113764	      2.995	      2.925	      2.899	      2.734	           	      0.000	 451137.625	 587180.688	 707512.688	      0.074	      0.059	      0.030	
 2015/02/25	   3.080	   3.097	   3.034	   3.047	       56871744	      3.022	      2.942	      2.909	      2.742	           	      0.000	 568717.438	 530078.938	 633542.750	      0.077	      0.062	      0.029	
 2015/02/26	   3.042	   3.079	   3.030	   3.079	       62314080	      3.051	      2.961	      2.919	      2.750	           	      0.000	 623140.813	 537420.688	 633887.438	      0.081	      0.066	      0.030	
 2015/02/27	   3.070	   3.114	   3.062	   3.103	       57154948	      3.076	      2.989	      2.932	      2.758	           	      0.000	 571549.500	 560328.438	 628793.750	      0.085	      0.070	      0.031	
 2015/03/02	   3.115	   3.155	   3.104	   3.155	       73818160	      3.093	      3.024	      2.944	      2.767	           	      0.000	 738181.625	 590545.375	 624629.000	      0.092	      0.074	      0.035	
 2015/03/03	   3.141	   3.162	   3.103	   3.109	       79239888	      3.099	      3.047	      2.953	      2.775	           	      0.000	 792398.875	 658797.625	 622989.125	      0.092	      0.078	      0.028	
 2015/03/04	   3.107	   3.173	   3.105	   3.171	       54890040	      3.123	      3.073	      2.968	      2.785	           	      0.000	 548900.375	 654834.250	 592456.625	      0.096	      0.081	      0.029	
 2015/03/05	   3.170	   3.188	   3.141	   3.188	       78847936	      3.145	      3.098	      2.983	      2.794	           	      0.000	 788479.375	 687901.938	 612661.313	      0.100	      0.085	      0.029	
 2015/03/06	   3.190	   3.195	   3.104	   3.106	       50510424	      3.146	      3.111	      2.997	      2.801	           	      0.000	 505104.250	 674612.875	 617470.688	      0.095	      0.087	      0.015	
 2015/03/09	   3.090	   3.160	   3.068	   3.153	       48128844	      3.145	      3.119	      3.013	      2.808	           	      0.000	 481288.438	 623234.250	 606889.813	      0.094	      0.088	      0.011	
 2015/03/10	   3.150	   3.217	   3.150	   3.206	       93079072	      3.165	      3.132	      3.029	      2.817	           	      0.000	 930790.750	 650912.625	 654855.125	      0.096	      0.090	      0.012	
 2015/03/11	   3.209	   3.220	   3.181	   3.194	       26546188	      3.169	      3.146	      3.044	      2.826	           	      0.000	 265461.875	 594224.938	 624529.563	      0.095	      0.091	      0.009	
 2015/03/12	   3.196	   3.220	   3.153	   3.194	       65596684	      3.171	      3.158	      3.060	      2.836	           	      0.000	 655966.813	 567722.438	 627812.188	      0.094	      0.092	      0.005	
 2015/03/13	   3.195	   3.238	   3.191	   3.237	       63350756	      3.197	      3.171	      3.080	      2.846	           	      0.000	 633507.563	 593403.063	 634008.000	      0.095	      0.092	      0.006	
 2015/03/16	   3.252	   3.359	   3.252	   3.356	       53945872	      3.237	      3.191	      3.108	      2.857	           	      0.000	 539458.750	 605037.125	 614135.688	      0.105	      0.095	      0.020	
 2015/03/17	   3.371	   3.404	   3.325	   3.363	       62057256	      3.269	      3.217	      3.132	      2.868	           	      0.000	 620572.563	 542993.500	 596953.063	      0.112	      0.098	      0.027	
 2015/03/18	   3.357	   3.442	   3.342	   3.435	      102009232	      3.317	      3.243	      3.158	      2.879	           	      0.000	1020092.313	 693919.625	 644072.250	      0.121	      0.103	      0.037	
 2015/03/19	   3.432	   3.446	   3.401	   3.440	       97948104	      3.366	      3.268	      3.183	      2.891	           	      0.000	 979481.063	 758622.438	 663172.438	      0.128	      0.108	      0.040	
 2015/03/20	   3.440	   3.488	   3.430	   3.464	       78930896	      3.412	      3.304	      3.208	      2.903	           	      0.000	 789308.938	 789782.750	 691592.875	      0.134	      0.113	      0.041	
 2015/03/23	   3.482	   3.584	   3.471	   3.580	      106349312	      3.456	      3.347	      3.233	      2.918	           	      0.000	1063493.125	 894589.625	 749813.375	      0.146	      0.120	      0.053	
 2015/03/24	   3.585	   3.640	   3.481	   3.620	      255665424	      3.508	      3.388	      3.260	      2.934	           	      0.000	2556654.250	1281806.000	 912399.750	      0.157	      0.127	      0.060	
 2015/03/25	   3.612	   3.720	   3.601	   3.690	      276873888	      3.559	      3.438	      3.292	      2.953	           	      0.000	2768739.000	1631535.250	1162727.500	      0.170	      0.136	      0.068	
 2015/03/26	   3.663	   3.691	   3.572	   3.607	      217939696	      3.592	      3.479	      3.319	      2.971	           	      0.000	2179397.000	1871518.500	1315070.500	      0.171	      0.143	      0.056	
 2015/03/27	   3.610	   3.686	   3.608	   3.675	      204171136	      3.634	      3.523	      3.347	      2.989	           	      0.000	2041711.375	2121999.000	1455890.875	      0.175	      0.149	      0.052	
 2015/03/30	   3.681	   3.728	   3.666	   3.708	      113792656	      3.660	      3.558	      3.375	      3.008	           	      0.000	1137926.500	2136885.500	1515737.625	      0.179	      0.155	      0.048	
 2015/03/31	   3.710	   3.784	   3.686	   3.736	      246999536	      3.683	      3.595	      3.406	      3.027	           	      0.000	2469995.250	2119553.750	1700679.875	      0.183	      0.161	      0.044	
 2015/04/01	   3.740	   3.857	   3.740	   3.845	      271216640	      3.714	      3.636	      3.440	      3.048	           	      0.000	2712166.500	2108239.250	1869887.250	      0.192	      0.167	      0.050	
 2015/04/02	   3.870	   3.918	   3.856	   3.915	      349855904	      3.776	      3.684	      3.476	      3.071	           	      0.000	3498559.000	2372071.750	2121795.000	      0.203	      0.174	      0.057	
 2015/04/03	   3.888	   3.958	   3.876	   3.948	      259509648	      3.830	      3.732	      3.518	      3.094	           	      0.000	2595096.500	2482748.750	2302373.750	      0.211	      0.182	      0.060	
 2015/04/07	   3.957	   4.015	   3.957	   4.005	      126326760	      3.890	      3.775	      3.561	      3.117	           	      0.000	1263267.625	2507817.000	2322351.250	      0.220	      0.189	      0.062	
 2015/04/08	   4.020	   4.037	   3.858	   3.938	      211257696	      3.930	      3.807	      3.598	      3.138	           	      0.000	2112577.000	2436333.250	2277943.500	      0.219	      0.195	      0.048	
 2015/04/09	   3.920	   3.921	   3.720	   3.865	      319964096	      3.934	      3.824	      3.631	      3.159	           	      0.000	3199641.000	2533828.250	2321033.750	      0.210	      0.198	      0.024	
 2015/04/10	   3.855	   3.989	   3.822	   3.980	      332786464	      3.947	      3.862	      3.670	      3.181	           	      0.000	3327864.750	2499689.500	2435880.500	      0.210	      0.201	      0.019	
 2015/04/13	   3.982	   4.075	   3.970	   4.072	      164435520	      3.972	      3.901	      3.712	      3.204	           	      0.000	1644355.250	2309541.000	2396145.000	      0.215	      0.204	      0.023	
 2015/04/14	   4.072	   4.091	   4.012	   4.044	      375409600	      3.980	      3.935	      3.747	      3.227	           	      0.000	3754096.000	2807706.750	2657762.000	      0.214	      0.206	      0.017	
 2015/04/15	   4.030	   4.038	   3.891	   3.898	      188734128	      3.972	      3.951	      3.773	      3.247	           	      0.000	1887341.250	2762659.750	2599496.500	      0.199	      0.204	     -0.010	
 2015/04/16	   3.858	   4.006	   3.810	   3.940	      318139328	      3.987	      3.961	      3.799	      3.267	           	      0.000	3181393.250	2759010.000	2646419.250	      0.189	      0.201	     -0.025	
 2015/04/17	   3.955	   3.980	   3.920	   3.935	      172150960	      3.978	      3.963	      3.823	      3.287	           	      0.000	1721509.625	2437739.000	2468714.250	      0.178	      0.196	     -0.037	
 2015/04/20	   3.930	   3.935	   3.825	   3.835	       91891016	      3.930	      3.951	      3.842	      3.305	           	      0.000	 918910.188	2292650.000	2301095.500	      0.159	      0.189	     -0.060	
 2015/04/21	   3.837	   4.002	   3.837	   4.002	      331607488	      3.922	      3.951	      3.863	      3.327	           	      0.000	3316075.000	2205045.750	2506376.250	      0.156	      0.182	     -0.052	
 2015/04/22	   4.010	   4.103	   4.010	   4.103	      171196416	      3.963	      3.967	      3.887	      3.349	           	      0.000	1711964.125	2169970.500	2466315.000	      0.160	      0.178	     -0.036	
 2015/04/23	   4.108	   4.171	   4.090	   4.123	      327010720	      4.000	      3.993	      3.909	      3.370	           	      0.000	3270107.250	2187713.250	2473361.750	      0.163	      0.175	     -0.024	
 2015/04/24	   4.123	   4.180	   4.070	   4.160	      452668064	      4.045	      4.011	      3.936	      3.391	           	      0.000	4526680.500	2748747.500	2593243.250	      0.166	      0.173	     -0.014	
 2015/04/27	   4.180	   4.245	   4.140	   4.175	      153188928	      4.113	      4.022	      3.961	      3.414	           	      0.000	1531889.250	2871343.250	2581996.750	      0.168	      0.172	     -0.008	
 2015/04/28	   4.175	   4.176	   3.998	   4.038	      151034368	      4.120	      4.021	      3.978	      3.432	           	      0.000	1510343.625	2510197.000	2357621.500	      0.157	      0.169	     -0.025	
 2015/04/29	   4.030	   4.130	   4.011	   4.124	      222475952	      4.124	      4.043	      3.997	      3.452	           	      0.000	2224759.500	2612756.000	2391363.250	      0.153	      0.166	     -0.026	
 2015/04/30	   4.124	   4.158	   4.090	   4.096	      190200272	      4.119	      4.059	      4.010	      3.472	           	      0.000	1902002.750	2339135.000	2263424.250	      0.146	      0.162	     -0.032	
 2015/05/04	   4.105	   4.135	   4.060	   4.119	      152301312	      4.110	      4.077	      4.020	      3.493	           	      0.000	1523013.125	1738401.625	2243574.500	      0.141	      0.158	     -0.034	
 2015/05/05	   4.109	   4.124	   3.981	   4.015	      357765024	      4.078	      4.095	      4.023	      3.513	           	      0.000	3577650.250	2147553.750	2509448.500	      0.127	      0.152	     -0.050	
 2015/05/06	   4.028	   4.155	   4.000	   4.021	      110716288	      4.075	      4.097	      4.024	      3.533	           	      0.000	1107162.875	2066917.750	2288557.250	      0.115	      0.144	     -0.059	
 2015/05/07	   4.021	   4.055	   3.986	   3.987	      292093952	      4.048	      4.086	      4.027	      3.551	           	      0.000	2920939.500	2206153.750	2409454.750	      0.101	      0.136	     -0.068	
 2015/05/08	   4.035	   4.210	   4.019	   4.210	      383482016	      4.070	      4.095	      4.044	      3.573	           	      0.000	3834820.250	2592717.250	2465926.250	      0.108	      0.130	     -0.045	
 2015/05/11	   4.244	   4.419	   4.190	   4.409	      254658160	      4.128	      4.119	      4.065	      3.598	           	      0.000	2546581.500	2797431.000	2267916.250	      0.127	      0.129	     -0.005	
 2015/05/12	   4.420	   4.486	   4.369	   4.481	      231185712	      4.222	      4.150	      4.086	      3.626	           	      0.000	2311857.000	2544272.250	2345913.000	      0.147	      0.133	      0.027	
 2015/05/13	   4.459	   4.589	   4.400	   4.529	      351577600	      4.323	      4.199	      4.110	      3.655	           	      0.000	3515776.000	3025994.750	2546456.250	      0.164	      0.139	      0.050	
 2015/05/14	   4.550	   4.587	   4.488	   4.518	      218509616	      4.429	      4.239	      4.141	      3.682	           	      0.000	2185096.250	2878826.250	2542490.000	      0.175	      0.146	      0.057	
 2015/05/15	   4.515	   4.544	   4.427	   4.485	      320604672	      4.484	      4.277	      4.168	      3.708	           	      0.000	3206046.750	2753071.500	2672894.250	      0.179	      0.153	      0.052	
 2015/05/18	   4.465	   4.646	   4.465	   4.643	      570270912	      4.531	      4.330	      4.204	      3.737	           	      0.000	5702709.000	3384297.000	3090864.000	      0.193	      0.161	      0.064	
 2015/05/19	   4.664	   4.767	   4.596	   4.752	      146667488	      4.585	      4.404	      4.249	      3.766	           	      0.000	1466674.875	3215260.500	2879766.500	      0.210	      0.171	      0.078	
 2015/05/20	   4.776	   4.980	   4.776	   4.870	      353161088	      4.654	      4.488	      4.293	      3.796	           	      0.000	3531611.000	3218427.500	3122211.250	      0.230	      0.183	      0.096	
 2015/05/21	   4.859	   5.140	   4.853	   5.136	      321306336	      4.777	      4.603	      4.345	      3.831	           	      0.000	3213063.250	3424021.000	3151423.500	      0.265	      0.199	      0.132	
 2015/05/22	   5.195	   5.200	   4.992	   5.092	      312665056	      4.899	      4.692	      4.393	      3.865	           	      0.000	3126650.500	3408141.750	3080606.500	      0.286	      0.216	      0.138	
 2015/05/25	   5.040	   5.203	   5.010	   5.191	      310321152	      5.008	      4.770	      4.445	      3.900	           	      0.000	3103211.500	2888242.250	3136269.500	      0.306	      0.234	      0.144	
 2015/05/26	   5.230	   5.418	   5.200	   5.418	      459608672	      5.141	      4.863	      4.507	      3.938	           	      0.000	4596086.500	3514124.500	3364692.500	      0.337	      0.255	      0.165	
 2015/05/27	   5.426	   5.480	   5.283	   5.388	      377987840	      5.245	      4.949	      4.574	      3.976	           	      0.000	3779878.500	3563778.000	3391102.750	      0.355	      0.275	      0.161	
 2015/05/28	   5.390	   5.468	   5.020	   5.060	      649125760	      5.230	      5.003	      4.621	      4.008	           	      0.000	6491257.500	4219417.000	3821719.000	      0.339	      0.288	      0.103	
 2015/05/29	   5.070	   5.218	   4.870	   5.124	      677123264	      5.236	      5.067	      4.672	      4.041	           	      0.000	6771232.500	4948333.500	4178237.500	      0.328	      0.296	      0.064	
 2015/06/01	   5.150	   5.451	   5.150	   5.420	      158022336	      5.282	      5.145	      4.737	      4.078	           	      0.000	1580223.375	4643735.500	3765989.000	      0.339	      0.304	      0.069	
 2015/06/02	   5.422	   5.552	   5.390	   5.550	      239507488	      5.308	      5.225	      4.814	      4.119	           	      0.000	2395075.000	4203533.500	3858829.000	      0.354	      0.314	      0.079	
 2015/06/03	   5.555	   5.569	   5.380	   5.486	      307930304	      5.328	      5.286	      4.887	      4.157	           	      0.000	3079303.000	4063418.250	3813598.250	      0.356	      0.323	      0.068	
 2015/06/04	   5.484	   5.501	   5.110	   5.459	      181281360	      5.408	      5.319	      4.961	      4.195	           	      0.000	1812813.625	3127729.500	3673573.250	      0.352	      0.329	      0.047	
 2015/06/05	   5.450	   5.546	   5.365	   5.453	      204345408	      5.474	      5.355	      5.023	      4.233	           	      0.000	2043454.125	2182173.750	3565253.500	      0.345	      0.332	      0.026	
 2015/06/08	   5.443	   5.443	   5.220	   5.360	      187802096	      5.462	      5.372	      5.071	      4.269	           	      0.000	1878021.000	2241733.250	3442734.500	      0.327	      0.331	     -0.007	
 2015/06/09	   5.350	   5.438	   5.301	   5.360	      377487104	      5.424	      5.366	      5.115	      4.304	           	      0.000	3774871.000	2517692.500	3360613.000	      0.310	      0.327	     -0.034	
 2015/06/10	   5.358	   5.519	   5.310	   5.478	      522619744	      5.422	      5.375	      5.162	      4.340	           	      0.000	5226197.500	2947071.500	3505244.750	      0.302	      0.322	     -0.039	
 2015/06/11	   5.483	   5.572	   5.463	   5.558	      721772672	      5.442	      5.425	      5.214	      4.376	           	      0.000	7217726.500	4028054.000	3577891.750	      0.299	      0.317	     -0.036	
 2015/06/12	   5.571	   5.630	   5.555	   5.578	      365497376	      5.467	      5.470	      5.269	      4.412	           	      0.000	3654973.750	4350358.000	3266266.000	      0.295	      0.313	     -0.036	
 2015/06/15	   5.616	   5.625	   5.432	   5.457	      238515552	      5.486	      5.474	      5.310	      4.445	           	      0.000	2385155.500	4451785.000	3346759.000	      0.278	      0.306	     -0.055	
 2015/06/16	   5.400	   5.400	   5.186	   5.238	      332903616	      5.462	      5.443	      5.334	      4.475	           	      0.000	3329036.250	4362618.000	3440155.250	      0.245	      0.294	     -0.097	
 2015/06/17	   5.234	   5.330	   5.071	   5.300	      473543520	      5.426	      5.424	      5.355	      4.504	           	      0.000	4735435.000	4264465.500	3605768.500	      0.221	      0.279	     -0.116	
 2015/06/18	   5.295	   5.307	   5.050	   5.070	      305012480	      5.329	      5.385	      5.352	      4.528	           	      0.000	3050124.750	3430945.000	3729499.500	      0.181	      0.260	     -0.157	
 2015/06/19	   5.020	   5.022	   4.746	   4.758	      327924064	      5.165	      5.316	      5.335	      4.546	           	      0.000	3279240.750	3355798.500	3853078.250	      0.123	      0.232	     -0.218	
 2015/06/23	   4.790	   4.889	   4.527	   4.870	      664942144	      5.047	      5.267	      5.319	      4.567	           	      0.000	6649421.500	4208651.500	4330218.000	      0.085	      0.203	     -0.235	
 2015/06/24	   4.900	   4.956	   4.796	   4.922	      114757144	      4.984	      5.223	      5.294	      4.588	           	      0.000	1147571.500	3772358.750	4067488.250	      0.059	      0.174	     -0.231	
 2015/06/25	   4.930	   4.939	   4.680	   4.747	      135272176	      4.873	      5.150	      5.262	      4.605	           	      0.000	1352721.750	3095816.000	3680140.750	      0.023	      0.144	     -0.241	
 2015/06/26	   4.603	   4.610	   4.274	   4.274	       88872904	      4.714	      5.021	      5.223	      4.614	           	      0.000	 888729.063	2663537.000	3047241.000	     -0.043	      0.107	     -0.298	
 2015/06/29	   4.400	   4.410	   3.917	   4.010	      126036560	      4.565	      4.865	      5.167	      4.617	           	      0.000	1260365.625	2259762.000	2807780.250	     -0.115	      0.062	     -0.354	
 2015/06/30	   4.005	   4.370	   3.730	   4.368	      163037568	      4.464	      4.756	      5.115	      4.624	           	      0.000	1630375.625	1255952.750	2732302.250	     -0.141	      0.022	     -0.326	
 2015/07/01	   4.258	   4.448	   4.071	   4.083	      353363520	      4.296	      4.640	      5.041	      4.626	           	      0.000	3533635.250	1733165.500	2752762.000	     -0.183	     -0.019	     -0.328	
 2015/07/02	   4.122	   4.207	   3.840	   3.872	      381428928	      4.121	      4.497	      4.961	      4.624	           	      0.000	3814289.250	2225479.000	2660647.500	     -0.231	     -0.062	     -0.338	
 2015/07/03	   3.820	   4.060	   3.623	   3.787	      241034176	      4.024	      4.369	      4.877	      4.622	           	      0.000	2410341.750	2529801.500	2596669.250	     -0.272	     -0.104	     -0.337	
 2015/07/06	   4.164	   4.164	   3.521	   3.725	      228778400	      3.967	      4.266	      4.791	      4.619	           	      0.000	2287784.000	2735285.250	2497523.500	     -0.307	     -0.144	     -0.325	
 2015/07/07	   3.581	   3.669	   3.355	   3.355	       57825664	      3.764	      4.114	      4.691	      4.609	           	      0.000	 578256.625	2524861.500	1890407.000	     -0.360	     -0.187	     -0.344	
 2015/07/08	   3.022	   3.161	   3.022	   3.022	       67469216	      3.552	      3.924	      4.574	      4.591	           	      0.000	 674692.188	1953072.750	1843119.125	     -0.424	     -0.235	     -0.378	
 2015/07/09	   3.025	   3.322	   3.025	   3.322	       31305636	      3.442	      3.782	      4.466	      4.579	           	      0.000	 313056.375	1252826.250	1739152.625	     -0.445	     -0.277	     -0.336	
 2015/07/10	   3.650	   3.652	   3.532	   3.652	       15020766	      3.415	      3.720	      4.371	      4.575	           	      0.000	 150207.656	 800799.375	1665300.375	     -0.430	     -0.307	     -0.246	
 2015/07/13	   3.940	   4.015	   3.875	   4.015	       70762848	      3.473	      3.720	      4.292	      4.576	           	      0.000	 707628.500	 484768.281	1610026.750	     -0.385	     -0.323	     -0.124	
 2015/07/14	   4.020	   4.395	   4.016	   4.227	       85551696	      3.648	      3.706	      4.231	      4.581	           	      0.000	 855516.938	 540220.313	1532540.875	     -0.328	     -0.324	     -0.008	
 2015/07/15	   4.080	   4.150	   3.806	   3.806	       47346976	      3.804	      3.678	      4.159	      4.581	           	      0.000	 473469.750	 499975.844	1226524.250	     -0.313	     -0.322	      0.017	
 2015/07/16	   3.620	   3.945	   3.563	   3.846	      127521784	      3.909	      3.676	      4.087	      4.578	           	      0.000	1275217.875	 692408.125	 972617.188	     -0.295	     -0.316	      0.043	
 2015/07/17	   3.862	   4.210	   3.862	   4.169	      105493664	      4.013	      3.714	      4.042	      4.579	           	      0.000	1054936.625	 873353.938	 837076.625	     -0.252	     -0.303	      0.104	
 2015/07/20	   4.150	   4.228	   4.030	   4.128	       88174760	      4.035	      3.754	      4.010	      4.579	           	      0.000	 881747.625	 908177.750	 696473.000	     -0.218	     -0.286	      0.137	
 2015/07/21	   4.060	   4.216	   4.041	   4.178	       84252056	      4.025	      3.836	      3.975	      4.580	           	      0.000	 842520.563	 905578.500	 722899.438	     -0.185	     -0.266	      0.162	
 2015/07/22	   4.141	   4.270	   4.115	   4.195	       74958392	      4.103	      3.954	      3.939	      4.580	           	      0.000	 749583.938	 960801.313	 730388.563	     -0.156	     -0.244	      0.176	
 2015/07/23	   4.197	   4.320	   4.164	   4.306	      104470224	      4.195	      4.052	      3.917	      4.585	           	      0.000	1044702.250	 914698.188	 803553.188	     -0.122	     -0.220	      0.195	
 2015/07/24	   4.305	   4.358	   4.171	   4.197	      108838424	      4.201	      4.107	      3.913	      4.586	           	      0.000	1088384.250	 921387.750	 897370.813	     -0.104	     -0.197	      0.186	
 2015/07/27	   4.120	   4.231	   3.779	   3.779	      138988992	      4.131	      4.083	      3.902	      4.580	           	      0.000	1389889.875	1023016.188	 965597.000	     -0.121	     -0.181	      0.121	
 2015/07/28	   3.665	   3.940	   3.610	   3.829	      144330432	      4.061	      4.043	      3.875	      4.576	           	      0.000	1443304.375	1143173.000	1024375.688	     -0.129	     -0.171	      0.084	
 2015/07/29	   3.875	   4.023	   3.740	   4.023	      177228784	      4.027	      4.065	      3.872	      4.576	           	      0.000	1772287.875	1347713.750	1154257.500	     -0.119	     -0.160	      0.084	
 2015/07/30	   4.019	   4.047	   3.820	   3.830	      190106112	      3.932	      4.063	      3.870	      4.573	           	      0.000	1901061.125	1518985.500	1216841.875	     -0.124	     -0.153	      0.058	
 2015/07/31	   3.775	   3.932	   3.772	   3.864	      139282464	      3.865	      4.033	      3.873	      4.571	           	      0.000	1392824.625	1579873.625	1250630.625	     -0.125	     -0.148	      0.046	
 2015/08/03	   3.775	   3.862	   3.701	   3.771	       74172864	      3.863	      3.997	      3.876	      4.563	           	      0.000	 741728.625	1450241.375	1236628.750	     -0.131	     -0.144	      0.026	
 2015/08/04	   3.800	   4.030	   3.788	   4.025	      100970992	      3.903	      3.982	      3.909	      4.557	           	      0.000	1009709.938	1363522.500	1253347.750	     -0.114	     -0.138	      0.048	
 2015/08/05	   4.020	   4.027	   3.890	   3.910	      119698920	      3.880	      3.953	      3.954	      4.547	           	      0.000	1196989.250	1248462.750	1298088.250	     -0.109	     -0.132	      0.047	
 2015/08/06	   3.820	   3.950	   3.813	   3.882	      140378720	      3.890	      3.911	      3.982	      4.537	           	      0.000	1403787.250	1149008.000	1333996.750	     -0.106	     -0.127	      0.042	
 2015/08/07	   3.931	   4.005	   3.919	   4.000	      150863424	      3.918	      3.891	      3.999	      4.528	           	      0.000	1508634.250	1172169.875	1376021.750	     -0.093	     -0.120	      0.055	
 2015/08/10	   4.050	   4.210	   4.000	   4.189	       94385344	      4.001	      3.932	      4.008	      4.523	           	      0.000	 943853.438	1212594.875	1331418.125	     -0.066	     -0.109	      0.086	
 2015/08/11	   4.200	   4.227	   4.125	   4.170	       77724784	      4.030	      3.966	      4.005	      4.515	           	      0.000	 777247.813	1166102.375	1264812.375	     -0.046	     -0.097	      0.101	
 2015/08/12	   4.120	   4.162	   4.070	   4.071	       65741440	      4.062	      3.971	      4.018	      4.504	           	      0.000	 657414.375	1058187.375	1153325.125	     -0.038	     -0.085	      0.094	
 2015/08/13	   4.041	   4.196	   4.041	   4.196	       39650788	      4.125	      4.008	      4.036	      4.492	           	      0.000	 396507.875	 856731.563	1002869.750	     -0.021	     -0.072	      0.102	
 2015/08/14	   4.228	   4.229	   4.143	   4.175	       35296868	      4.160	      4.039	      4.036	      4.476	           	      0.000	 352968.688	 625598.438	 898884.125	     -0.010	     -0.060	      0.100	
 2015/08/17	   4.150	   4.220	   4.125	   4.219	       64975832	      4.166	      4.084	      4.040	      4.462	           	      0.000	 649758.313	 566779.438	 889687.125	      0.003	     -0.047	      0.101	
 2015/08/18	   4.215	   4.230	   3.799	   3.853	      103132696	      4.103	      4.067	      4.024	      4.440	           	      0.000	1031326.938	 617595.250	 891848.813	     -0.016	     -0.041	      0.050	
 2015/08/19	   3.795	   4.040	   3.720	   4.030	      175620768	      4.095	      4.079	      4.016	      4.416	           	      0.000	1756207.625	 837353.875	 947770.625	     -0.017	     -0.036	      0.039	
 2015/08/20	   3.973	   4.053	   3.900	   3.910	      146479744	      4.037	      4.081	      3.996	      4.392	           	      0.000	1464797.500	1051011.750	 953871.688	     -0.027	     -0.034	      0.015	
 2015/08/21	   3.828	   3.874	   3.688	   3.726	      191010432	      3.948	      4.054	      3.973	      4.370	           	      0.000	1910104.375	1362439.000	 994018.688	     -0.049	     -0.037	     -0.023	
 2015/08/24	   3.570	   3.676	   3.355	   3.355	       73725496	      3.775	      3.970	      3.951	      4.340	           	      0.000	 737254.938	1379938.250	 973358.875	     -0.095	     -0.049	     -0.093	
 2015/08/25	   3.125	   3.255	   3.022	   3.022	       59234180	      3.609	      3.856	      3.911	      4.300	           	      0.000	 592341.813	1292141.250	 954868.250	     -0.157	     -0.070	     -0.173	
 2015/08/26	   3.055	   3.269	   3.002	   3.055	      281148608	      3.414	      3.754	      3.863	      4.259	           	      0.000	2811486.000	1503196.875	1170275.375	     -0.201	     -0.096	     -0.209	
 2015/08/27	   3.148	   3.298	   2.965	   3.207	      134906288	      3.273	      3.655	      3.832	      4.221	           	      0.000	1349062.875	1480050.000	1265530.875	     -0.221	     -0.121	     -0.199	
 2015/08/28	   3.250	   3.400	   3.171	   3.369	      103698856	      3.202	      3.575	      3.807	      4.186	           	      0.000	1036988.563	1305426.875	1333932.875	     -0.221	     -0.141	     -0.160	
 2015/08/31	   3.320	   3.320	   3.204	   3.250	       60690000	      3.181	      3.478	      3.781	      4.149	           	      0.000	 606900.000	1279355.875	1329647.000	     -0.229	     -0.159	     -0.139	
 2015/09/01	   3.191	   3.194	   3.058	   3.080	       42266140	      3.192	      3.400	      3.733	      4.111	           	      0.000	 422661.406	1245419.750	1268780.500	     -0.245	     -0.176	     -0.138	
 2015/09/02	   3.000	   3.231	   2.967	   3.110	      123656192	      3.203	      3.308	      3.693	      4.074	           	      0.000	1236561.875	 930434.938	1216815.875	     -0.253	     -0.191	     -0.123	
 2015/09/07	   3.210	   3.283	   3.106	   3.122	      121111072	      3.186	      3.230	      3.655	      4.034	           	      0.000	1211110.750	 902844.500	1191447.250	     -0.255	     -0.204	     -0.102	
 2015/09/08	   3.081	   3.270	   2.920	   3.262	      112803064	      3.165	      3.183	      3.619	      3.996	           	      0.000	1128030.625	 921052.938	1113239.875	     -0.243	     -0.212	     -0.062	
 2015/09/09	   3.280	   3.376	   3.264	   3.335	      180848256	      3.182	      3.181	      3.576	      3.959	           	      0.000	1808482.500	1161369.375	1220362.625	     -0.225	     -0.215	     -0.020	
 2015/09/10	   3.318	   3.318	   3.221	   3.234	      203522432	      3.213	      3.202	      3.529	      3.922	           	      0.000	2035224.375	1483882.000	1364650.875	     -0.216	     -0.215	     -0.002	
 2015/09/11	   3.216	   3.283	   3.200	   3.243	       54855856	      3.239	      3.221	      3.488	      3.888	           	      0.000	 548558.563	1346281.375	1138358.125	     -0.206	     -0.213	      0.014	
 2015/09/14	   3.259	   3.277	   2.921	   2.921	      103071648	      3.199	      3.193	      3.424	      3.849	           	      0.000	1030716.500	1310202.500	1106523.500	     -0.221	     -0.215	     -0.013	
 2015/09/15	   2.875	   2.967	   2.797	   2.820	       63775608	      3.111	      3.138	      3.356	      3.811	           	      0.000	 637756.063	1212147.625	1066600.250	     -0.239	     -0.220	     -0.039	
 2015/09/16	   2.830	   3.100	   2.820	   3.100	       96294720	      3.064	      3.123	      3.300	      3.784	           	      0.000	 962947.188	1043040.563	1102205.000	     -0.228	     -0.221	     -0.013	
 2015/09/17	   3.060	   3.150	   2.989	   2.989	      132917832	      3.015	      3.114	      3.257	      3.752	           	      0.000	1329178.375	 901831.313	1192856.625	     -0.225	     -0.222	     -0.006	
 2015/09/18	   3.010	   3.060	   2.970	   3.035	       53577244	      2.973	      3.106	      3.207	      3.721	           	      0.000	 535772.438	 899274.125	1122777.750	     -0.217	     -0.221	      0.008	
 2015/09/21	   3.019	   3.170	   2.930	   3.146	      132949608	      3.018	      3.109	      3.169	      3.694	           	      0.000	1329496.125	 959030.063	1134616.250	     -0.199	     -0.217	      0.035	
 2015/09/22	   3.156	   3.220	   3.120	   3.169	       82601328	      3.088	      3.099	      3.141	      3.676	           	      0.000	 826013.250	 996681.500	1104414.500	     -0.181	     -0.210	      0.057	
 2015/09/23	   3.110	   3.180	   3.099	   3.123	       47357292	      3.092	      3.078	      3.130	      3.661	           	      0.000	 473572.906	 898806.625	 970923.563	     -0.169	     -0.201	      0.065	
 2015/09/24	   3.154	   3.209	   3.140	   3.187	       29154312	      3.132	      3.073	      3.138	      3.641	           	      0.000	 291543.125	 691279.563	 796555.438	     -0.152	     -0.191	      0.079	
 2015/09/25	   3.149	   3.185	   3.033	   3.087	       22887914	      3.142	      3.058	      3.139	      3.625	           	      0.000	 228879.141	 629900.938	 764587.500	     -0.145	     -0.182	      0.075	
 2015/09/28	   3.081	   3.151	   3.022	   3.150	       20951428	      3.143	      3.081	      3.137	      3.613	           	      0.000	 209514.281	 405904.531	 682467.313	     -0.133	     -0.172	      0.079	
 2015/09/29	   3.099	   3.144	   3.080	   3.111	       24105048	      3.132	      3.110	      3.124	      3.601	           	      0.000	 241050.484	 288912.000	 642796.750	     -0.125	     -0.163	      0.076	
 2015/09/30	   3.115	   3.138	   3.064	   3.090	       11712756	      3.125	      3.109	      3.116	      3.591	           	      0.000	 117127.563	 217622.922	 558214.750	     -0.119	     -0.154	      0.070	
 2015/10/08	   3.203	   3.270	   3.190	   3.256	       39124860	      3.139	      3.135	      3.125	      3.589	           	      0.000	 391248.594	 237564.016	 464421.781	     -0.100	     -0.143	      0.087	
 2015/10/09	   3.237	   3.308	   3.221	   3.291	       30181912	      3.180	      3.161	      3.134	      3.594	           	      0.000	 301819.125	 252152.016	 441026.469	     -0.081	     -0.131	      0.100	
 2015/10/12	   3.312	   3.503	   3.312	   3.440	       56295904	      3.238	      3.190	      3.149	      3.595	           	      0.000	 562959.063	 322840.969	 364372.750	     -0.053	     -0.115	      0.124	
 2015/10/13	   3.416	   3.478	   3.403	   3.466	       40960752	      3.309	      3.220	      3.160	      3.592	           	      0.000	 409607.531	 356552.375	 322732.188	     -0.029	     -0.098	      0.138	
 2015/10/14	   3.458	   3.479	   3.420	   3.423	       61116664	      3.375	      3.250	      3.164	      3.583	           	      0.000	 611166.625	 455360.188	 336491.563	     -0.013	     -0.081	      0.136	
 2015/10/15	   3.403	   3.560	   3.403	   3.558	       44089992	      3.436	      3.287	      3.180	      3.571	           	      0.000	 440899.906	 465290.438	 351427.219	      0.011	     -0.062	      0.147	
 2015/10/16	   3.571	   3.597	   3.512	   3.591	       65299156	      3.496	      3.338	      3.198	      3.568	           	      0.000	 652991.563	 535524.938	 393838.469	      0.032	     -0.044	      0.151	
 2015/10/19	   3.591	   3.611	   3.520	   3.566	       37535760	      3.521	      3.379	      3.230	      3.563	           	      0.000	 375357.594	 498004.656	 410422.813	      0.046	     -0.026	      0.143	
 2015/10/20	   3.566	   3.673	   3.550	   3.673	       54824460	      3.562	      3.435	      3.273	      3.555	           	      0.000	 548244.625	 525732.063	 441142.219	      0.065	     -0.008	      0.145	
 2015/10/21	   3.665	   3.683	   3.420	   3.452	       50108240	      3.568	      3.472	      3.290	      3.544	           	      0.000	 501082.406	 503715.219	 479537.688	      0.061	      0.006	      0.110	
 2015/10/22	   3.457	   3.595	   3.440	   3.590	       52747008	      3.574	      3.505	      3.320	      3.534	           	      0.000	 527470.063	 521029.250	 493159.844	      0.069	      0.019	      0.100	
 2015/10/23	   3.591	   3.677	   3.557	   3.676	       33828328	      3.591	      3.543	      3.352	      3.525	           	      0.000	 338283.281	 458087.594	 496806.250	      0.081	      0.031	      0.099	
 2015/10/26	   3.687	   3.720	   3.635	   3.689	       28578300	      3.616	      3.568	      3.379	      3.515	           	      0.000	 285783.000	 440172.688	 469088.656	      0.090	      0.043	      0.095	
 2015/10/27	   3.631	   3.760	   3.531	   3.725	       39523328	      3.626	      3.594	      3.407	      3.507	           	      0.000	 395233.281	 409570.406	 467651.250	      0.100	      0.054	      0.091	
 2015/10/28	   3.652	   3.738	   3.605	   3.610	       22671198	      3.658	      3.613	      3.432	      3.504	           	      0.000	 226711.984	 354696.313	 429205.781	      0.097	      0.063	      0.068	
 2015/10/29	   3.624	   3.676	   3.565	   3.618	       34084928	      3.664	      3.619	      3.453	      3.501	           	      0.000	 340849.281	 317372.156	 419200.719	      0.094	      0.069	      0.050	
 2015/10/30	   3.618	   3.710	   3.570	   3.652	       30079380	      3.659	      3.625	      3.481	      3.494	           	      0.000	 300793.813	 309874.281	 383980.938	      0.093	      0.074	      0.039	
 2015/11/02	   3.620	   3.688	   3.521	   3.571	       25943524	      3.635	      3.626	      3.502	      3.490	           	      0.000	 259435.234	 304604.719	 372388.688	      0.085	      0.076	      0.018	
 2015/11/03	   3.561	   3.601	   3.536	   3.570	       14418511	      3.604	      3.615	      3.525	      3.485	           	      0.000	 144185.109	 254395.078	 331982.750	      0.078	      0.076	      0.003	
 2015/11/04	   3.578	   3.810	   3.578	   3.809	       44714548	      3.644	      3.651	      3.561	      3.486	           	      0.000	 447145.469	 298481.781	 326589.063	      0.090	      0.079	      0.022	
 2015/11/05	   3.799	   3.838	   3.735	   3.772	       39398456	      3.675	      3.669	      3.587	      3.482	           	      0.000	 393984.563	 309108.844	 313240.500	      0.096	      0.083	      0.027	
 2015/11/06	   3.771	   3.895	   3.770	   3.873	       25839778	      3.719	      3.689	      3.616	      3.481	           	      0.000	 258397.781	 300629.625	 305251.938	      0.108	      0.088	      0.040	
 2015/11/09	   3.871	   3.964	   3.800	   3.935	       29543770	      3.792	      3.714	      3.641	      3.482	           	      0.000	 295437.688	 307830.125	 306217.406	      0.120	      0.094	      0.052	
 2015/11/10	   3.919	   3.980	   3.901	   3.951	       25060908	      3.868	      3.736	      3.665	      3.481	           	      0.000	 250609.078	 329114.906	 291755.000	      0.130	      0.101	      0.058	
 2015/11/11	   3.950	   4.034	   3.931	   4.003	       22554340	      3.907	      3.775	      3.694	      3.478	           	      0.000	 225543.406	 284794.500	 291638.156	      0.141	      0.109	      0.063	
 2015/11/12	   4.010	   4.042	   3.945	   4.010	       20087828	      3.954	      3.815	      3.717	      3.475	           	      0.000	 200878.281	 246173.250	 277641.031	      0.148	      0.117	      0.062	
 2015/11/13	   3.934	   3.969	   3.874	   3.914	       22852950	      3.963	      3.841	      3.733	      3.473	           	      0.000	 228529.500	 240199.594	 270414.625	      0.144	      0.122	      0.043	
 2015/11/16	   3.860	   4.008	   3.850	   4.005	       13907301	      3.977	      3.884	      3.755	      3.470	           	      0.000	 139073.016	 208926.656	 258378.391	      0.147	      0.127	      0.039	
 2015/11/17	   4.048	   4.070	   3.939	   3.946	       24737064	      3.976	      3.922	      3.769	      3.466	           	      0.000	 247370.641	 208278.969	 268696.938	      0.142	      0.130	      0.024	
 2015/11/18	   3.948	   3.979	   3.880	   3.887	       13670066	      3.952	      3.930	      3.790	      3.460	           	      0.000	 136700.656	 190510.422	 237652.469	      0.133	      0.131	      0.004	
 2015/11/19	   3.888	   4.015	   3.887	   4.015	       15292538	      3.953	      3.954	      3.812	      3.463	           	      0.000	 152925.375	 180919.844	 213546.547	      0.134	      0.131	      0.005	
 2015/11/20	   4.010	   4.048	   3.988	   4.022	       17377712	      3.975	      3.969	      3.829	      3.463	           	      0.000	 173777.125	 169969.359	 205084.469	      0.134	      0.132	      0.004	
 2015/11/23	   4.018	   4.062	   3.973	   3.986	       12999941	      3.971	      3.974	      3.844	      3.464	           	      0.000	 129999.406	 168154.641	 188540.656	      0.129	      0.131	     -0.004	
 2015/11/24	   3.978	   4.040	   3.953	   4.040	       24082238	      3.990	      3.983	      3.859	      3.469	           	      0.000	 240822.375	 166844.984	 187561.984	      0.129	      0.131	     -0.004	
 2015/11/25	   4.035	   4.120	   4.021	   4.115	       27405000	      4.036	      3.994	      3.885	      3.482	           	      0.000	 274050.000	 194314.859	 192412.641	      0.133	      0.131	      0.003	
 2015/11/26	   4.123	   4.166	   4.036	   4.055	       34003116	      4.044	      3.998	      3.907	      3.499	           	      0.000	 340031.156	 231736.016	 206327.922	      0.129	      0.131	     -0.003	
 2015/11/27	   4.019	   4.057	   3.725	   3.768	       42995312	      3.993	      3.984	      3.912	      3.511	           	      0.000	 429953.125	 282971.219	 226470.281	      0.102	      0.125	     -0.045	
 2015/11/30	   3.766	   3.845	   3.627	   3.815	       49503680	      3.959	      3.965	      3.925	      3.521	           	      0.000	 495036.813	 355978.688	 262066.672	      0.084	      0.117	     -0.066	
 2015/12/01	   3.813	   3.870	   3.773	   3.829	       22912564	      3.916	      3.953	      3.938	      3.529	           	      0.000	 229125.641	 353639.344	 260242.172	      0.070	      0.107	     -0.075	
 2015/12/02	   3.829	   3.846	   3.711	   3.828	       30014080	      3.859	      3.947	      3.938	      3.538	           	      0.000	 300140.813	 358857.500	 276586.188	      0.058	      0.097	     -0.080	
 2015/12/03	   3.820	   3.915	   3.820	   3.911	       31865804	      3.830	      3.937	      3.945	      3.552	           	      0.000	 318658.031	 354582.875	 293159.438	      0.054	      0.089	     -0.069	
 2015/12/04	   3.890	   3.917	   3.830	   3.843	       22256824	      3.845	      3.919	      3.944	      3.565	           	      0.000	 222568.234	 313105.906	 298038.563	      0.045	      0.080	     -0.070	
 2015/12/07	   3.846	   3.915	   3.832	   3.900	       18821644	      3.862	      3.910	      3.942	      3.578	           	      0.000	 188216.438	 251741.828	 303860.250	      0.043	      0.073	     -0.060	
 2015/12/08	   3.876	   3.884	   3.802	   3.813	       16066086	      3.859	      3.888	      3.935	      3.587	           	      0.000	 160660.859	 238048.875	 295844.125	      0.033	      0.065	     -0.064	
 2015/12/09	   3.793	   3.829	   3.775	   3.791	       13624523	      3.852	      3.855	      3.925	      3.594	           	      0.000	 136245.234	 205269.766	 282063.625	      0.023	      0.056	     -0.066	
 2015/12/10	   3.785	   3.856	   3.785	   3.809	       16533151	      3.831	      3.831	      3.915	      3.604	           	      0.000	 165331.516	 174604.453	 264593.656	      0.017	      0.048	     -0.063	
 2015/12/11	   3.790	   3.837	   3.784	   3.801	       11294511	      3.823	      3.834	      3.909	      3.613	           	      0.000	 112945.109	 152679.828	 232892.875	      0.011	      0.041	     -0.060	
 2015/12/14	   3.780	   3.901	   3.760	   3.899	       13193073	      3.823	      3.842	      3.904	      3.629	           	      0.000	 131930.734	 141422.688	 196582.266	      0.014	      0.036	     -0.043	
 2015/12/15	   3.899	   3.943	   3.892	   3.901	       24234716	      3.840	      3.850	      3.901	      3.648	           	      0.000	 242347.156	 157759.953	 197904.406	      0.016	      0.032	     -0.031	
 2015/12/16	   3.920	   3.953	   3.912	   3.920	       19388924	      3.866	      3.859	      3.903	      3.661	           	      0.000	 193889.234	 169288.750	 187279.250	      0.020	      0.029	     -0.019	
 2015/12/17	   3.930	   4.014	   3.930	   4.013	       28751448	      3.907	      3.869	      3.903	      3.678	           	      0.000	 287514.469	 193725.344	 184164.906	      0.029	      0.029	      0.000	
 2015/12/18	   4.012	   4.028	   3.975	   3.990	       20095946	      3.945	      3.884	      3.901	      3.694	           	      0.000	 200959.453	 211328.203	 182004.016	      0.035	      0.030	      0.009	
 2015/12/21	   3.985	   4.050	   3.976	   4.045	       15829401	      3.974	      3.898	      3.904	      3.709	           	      0.000	 158294.016	 216600.859	 179011.781	      0.043	      0.033	      0.020	
 2015/12/22	   4.081	   4.089	   4.011	   4.074	       12137339	      4.008	      3.924	      3.906	      3.724	           	      0.000	 121373.391	 192406.109	 175083.031	      0.051	      0.037	      0.029	
 2015/12/23	   4.075	   4.080	   4.025	   4.030	       14609824	      4.030	      3.948	      3.902	      3.739	           	      0.000	 146098.234	 182847.906	 176068.328	      0.054	      0.040	      0.027	
 2015/12/24	   4.025	   4.025	   3.966	   4.011	       18806598	      4.030	      3.968	      3.900	      3.753	           	      0.000	 188065.984	 162958.219	 178341.781	      0.054	      0.043	      0.022	
 2015/12/25	   4.015	   4.033	   4.000	   4.030	       33776328	      4.038	      3.991	      3.913	      3.769	           	      0.000	 337763.281	 190318.984	 200823.594	      0.054	      0.045	      0.018	
 2015/12/28	   4.035	   4.060	   3.936	   3.937	       29646176	      4.016	      3.995	      3.919	      3.782	           	      0.000	 296461.750	 217952.531	 217276.703	      0.047	      0.045	      0.003	
 2015/12/29	   3.931	   3.986	   3.921	   3.986	       20845884	      3.999	      4.004	      3.927	      3.796	           	      0.000	 208458.844	 235369.625	 213887.859	      0.044	      0.045	     -0.002	
 2015/12/30	   3.984	   4.020	   3.977	   4.018	       19092320	      3.996	      4.013	      3.936	      3.812	           	      0.000	 190923.203	 244334.609	 213591.266	      0.044	      0.045	     -0.001	
 2015/12/31	   4.018	   4.025	   3.941	   3.945	       17764436	      3.983	      4.007	      3.938	      3.823	           	      0.000	 177644.359	 242250.281	 202604.250	      0.038	      0.044	     -0.011	
 2016/01/04	   3.940	   3.941	   3.608	   3.611	       16408841	      3.899	      3.969	      3.926	      3.829	           	      0.000	 164088.406	 207515.313	 198917.141	      0.006	      0.036	     -0.060	
 2016/01/05	   3.503	   3.640	   3.430	   3.605	       47300724	      3.833	      3.925	      3.911	      3.832	           	      0.000	 473007.250	 242824.406	 230388.469	     -0.019	      0.025	     -0.089	
 2016/01/06	   3.571	   3.657	   3.551	   3.637	       32523104	      3.763	      3.881	      3.903	      3.834	           	      0.000	 325231.031	 266178.844	 250774.234	     -0.037	      0.013	     -0.099	
 2016/01/07	   3.594	   3.594	   3.300	   3.310	        6083973	      3.622	      3.809	      3.879	      3.832	           	      0.000	  60839.730	 240162.156	 242248.391	     -0.076	     -0.005	     -0.142	
 2016/01/08	   3.413	   3.464	   3.233	   3.384	       60221936	      3.509	      3.746	      3.857	      3.830	           	      0.000	 602219.375	 325077.156	 283663.719	     -0.100	     -0.024	     -0.152	
 2016/01/11	   3.320	   3.354	   3.133	   3.184	       53898504	      3.424	      3.662	      3.826	      3.823	           	      0.000	 538985.063	 400056.500	 303785.906	     -0.133	     -0.046	     -0.175	
 2016/01/12	   3.185	   3.257	   3.149	   3.211	       40125156	      3.345	      3.589	      3.792	      3.817	           	      0.000	 401251.563	 385705.344	 314264.875	     -0.156	     -0.068	     -0.176	
 2016/01/13	   3.220	   3.249	   3.093	   3.093	       38821756	      3.236	      3.500	      3.752	      3.807	           	      0.000	 388217.563	 398302.656	 332240.750	     -0.181	     -0.091	     -0.182	
 2016/01/14	   3.027	   3.227	   3.020	   3.223	       37275564	      3.219	      3.420	      3.717	      3.803	           	      0.000	 372755.625	 460685.844	 350424.000	     -0.189	     -0.110	     -0.157	
 2016/01/15	   3.190	   3.220	   3.100	   3.113	       68908792	      3.165	      3.337	      3.672	      3.795	           	      0.000	 689087.938	 478059.563	 401568.344	     -0.201	     -0.129	     -0.146	
 2016/01/18	   3.058	   3.206	   3.050	   3.164	       73662128	      3.161	      3.292	      3.631	      3.787	           	      0.000	 736621.250	 517586.781	 458821.625	     -0.205	     -0.144	     -0.122	
 2016/01/19	   3.164	   3.299	   3.150	   3.290	       74421048	      3.177	      3.261	      3.593	      3.780	           	      0.000	 744210.500	 586178.563	 485941.969	     -0.195	     -0.154	     -0.082	
 2016/01/20	   3.260	   3.297	   3.215	   3.243	       90202416	      3.207	      3.221	      3.551	      3.772	           	      0.000	 902024.188	 688939.875	 543621.250	     -0.189	     -0.161	     -0.056	
 2016/01/21	   3.203	   3.275	   3.120	   3.127	       70409024	      3.187	      3.203	      3.506	      3.764	           	      0.000	 704090.250	 755206.813	 607946.313	     -0.191	     -0.167	     -0.048	
 2016/01/22	   3.152	   3.172	   3.070	   3.155	      107646728	      3.196	      3.180	      3.463	      3.756	           	      0.000	1076467.250	 832682.688	 655371.125	     -0.189	     -0.171	     -0.035	
 2016/01/25	   3.176	   3.216	   3.153	   3.176	       95880208	      3.198	      3.180	      3.421	      3.749	           	      0.000	 958802.063	 877118.875	 697352.813	     -0.183	     -0.174	     -0.018	
 2016/01/26	   3.159	   3.159	   2.941	   2.975	      117424032	      3.135	      3.156	      3.372	      3.739	           	      0.000	1174240.375	 963124.813	 774651.688	     -0.192	     -0.177	     -0.030	
 2016/01/27	   2.983	   2.995	   2.813	   2.943	      186197008	      3.075	      3.141	      3.320	      3.728	           	      0.000	1861970.125	1155114.000	 922026.938	     -0.200	     -0.182	     -0.036	
 2016/01/28	   2.910	   2.955	   2.830	   2.840	      169773536	      3.018	      3.103	      3.261	      3.712	           	      0.000	1697735.375	1353843.000	1054524.875	     -0.212	     -0.188	     -0.048	
 2016/01/29	   2.859	   2.980	   2.838	   2.948	      164011248	      2.976	      3.086	      3.212	      3.698	           	      0.000	1640112.500	1466572.125	1149627.375	     -0.210	     -0.192	     -0.036	
 2016/02/01	   2.954	   2.967	   2.883	   2.930	      147068688	      2.927	      3.063	      3.178	      3.683	           	      0.000	1470686.875	1568949.000	1223034.000	     -0.208	     -0.195	     -0.025	
 2016/02/02	   2.925	   3.024	   2.922	   3.015	      116973208	      2.935	      3.035	      3.148	      3.667	           	      0.000	1169732.125	1568047.375	1265586.125	     -0.197	     -0.196	     -0.003	
 2016/02/03	   2.985	   3.029	   2.956	   3.017	      128212024	      2.950	      3.013	      3.117	      3.652	           	      0.000	1282120.250	1452077.375	1303595.750	     -0.186	     -0.194	      0.016	
 2016/02/04	   3.017	   3.074	   3.017	   3.060	       61827688	      2.994	      3.006	      3.105	      3.636	           	      0.000	 618276.875	1236185.750	1295014.375	     -0.172	     -0.189	      0.035	
 2016/02/05	   3.057	   3.068	   3.019	   3.020	       24808338	      3.008	      2.992	      3.086	      3.619	           	      0.000	 248083.375	 957779.875	1212176.000	     -0.162	     -0.184	      0.044	
 2016/02/15	   2.965	   3.034	   2.923	   3.020	      107110704	      3.026	      2.977	      3.078	      3.605	           	      0.000	1071107.000	 877863.938	1223406.500	     -0.153	     -0.178	      0.050	
 2016/02/16	   3.030	   3.160	   3.030	   3.135	       73041376	      3.050	      2.993	      3.074	      3.590	           	      0.000	 730413.750	 790000.250	1179023.875	     -0.134	     -0.169	      0.070	
 2016/02/17	   3.128	   3.174	   3.095	   3.169	       73831432	      3.081	      3.015	      3.078	      3.577	           	      0.000	 738314.313	 681239.063	1066658.250	     -0.115	     -0.158	      0.086	
 2016/02/18	   3.187	   3.197	   3.144	   3.149	       66390076	      3.099	      3.046	      3.074	      3.565	           	      0.000	 663900.750	 690363.813	 963274.750	     -0.101	     -0.147	      0.091	
 2016/02/19	   3.135	   3.181	   3.133	   3.160	       79254960	      3.127	      3.068	      3.077	      3.551	           	      0.000	 792549.625	 799257.063	 878518.500	     -0.088	     -0.135	      0.094	
 2016/02/22	   3.198	   3.228	   3.180	   3.225	       64609488	      3.168	      3.097	      3.080	      3.537	           	      0.000	 646094.875	 714254.688	 796059.313	     -0.071	     -0.122	      0.102	
 2016/02/23	   3.220	   3.230	   3.162	   3.203	      118300720	      3.181	      3.116	      3.076	      3.524	           	      0.000	1183007.250	 804773.375	 797386.813	     -0.059	     -0.110	      0.101	
 2016/02/24	   3.178	   3.218	   3.132	   3.191	      101124256	      3.186	      3.133	      3.073	      3.510	           	      0.000	1011242.563	 859359.000	 770299.063	     -0.050	     -0.098	      0.095	
 2016/02/25	   3.186	   3.190	   2.920	   2.925	      143771088	      3.141	      3.120	      3.063	      3.490	           	      0.000	1437710.875	1014121.063	 852242.438	     -0.064	     -0.091	      0.055	
 2016/02/26	   2.975	   3.002	   2.911	   2.961	      151824992	      3.101	      3.114	      3.053	      3.472	           	      0.000	1518249.875	1159261.125	 979259.063	     -0.071	     -0.087	      0.033	
 2016/02/29	   2.949	   2.961	   2.788	   2.821	      155448064	      3.020	      3.094	      3.035	      3.456	           	      0.000	1554480.625	1340938.250	1027596.438	     -0.086	     -0.087	      0.001	
 2016/03/01	   2.821	   2.910	   2.793	   2.889	      204839632	      2.957	      3.069	      3.031	      3.441	           	      0.000	2048396.375	1514016.000	1159394.750	     -0.092	     -0.088	     -0.009	
 2016/03/02	   2.878	   3.025	   2.878	   3.023	      147009280	      2.924	      3.055	      3.035	      3.427	           	      0.000	1470092.750	1605786.125	1232572.500	     -0.085	     -0.087	      0.004	
 2016/03/03	   3.016	   3.071	   3.009	   3.016	      209649696	      2.942	      3.041	      3.044	      3.414	           	      0.000	2096497.000	1737543.375	1375832.125	     -0.079	     -0.086	      0.013	
 2016/03/04	   3.008	   3.027	   2.921	   2.947	      188218304	      2.939	      3.020	      3.044	      3.398	           	      0.000	1882183.000	1810330.000	1484795.500	     -0.079	     -0.084	      0.010	
 2016/03/07	   2.970	   3.029	   2.970	   2.990	      128202624	      2.973	      2.997	      3.047	      3.384	           	      0.000	1282026.250	1755839.125	1548388.625	     -0.075	     -0.083	      0.015	
 2016/03/08	   2.982	   2.997	   2.873	   2.987	      231507136	      2.993	      2.975	      3.045	      3.368	           	      0.000	2315071.250	1809174.000	1661595.000	     -0.071	     -0.080	      0.019	
 2016/03/09	   2.939	   2.992	   2.912	   2.938	      215217792	      2.976	      2.950	      3.041	      3.354	           	      0.000	2152178.000	1945591.125	1775688.625	     -0.071	     -0.078	      0.015	
 2016/03/10	   2.938	   2.967	   2.891	   2.900	      163264448	      2.952	      2.947	      3.033	      3.339	           	      0.000	1632644.500	1852820.625	1795182.000	     -0.073	     -0.077	      0.009	
 2016/03/11	   2.864	   2.919	   2.861	   2.894	      101328824	      2.942	      2.941	      3.027	      3.324	           	      0.000	1013288.250	1679041.625	1744685.750	     -0.074	     -0.077	      0.005	
 2016/03/14	   2.922	   3.019	   2.922	   2.978	      123898464	      2.939	      2.956	      3.025	      3.310	           	      0.000	1238984.625	1670433.375	1713136.250	     -0.068	     -0.075	      0.014	
 2016/03/15	   2.979	   2.995	   2.942	   2.961	      150495712	      2.934	      2.963	      3.016	      3.294	           	      0.000	1504957.125	1508410.500	1658792.250	     -0.063	     -0.073	      0.019	
 2016/03/16	   2.981	   2.991	   2.905	   2.929	       92612008	      2.932	      2.954	      3.004	      3.278	           	      0.000	 926120.063	1263198.875	1604395.000	     -0.062	     -0.070	      0.018	
 2016/03/17	   2.931	   3.037	   2.931	   3.027	      163110608	      2.958	      2.955	      2.998	      3.263	           	      0.000	1631106.125	1262891.250	1557855.875	     -0.052	     -0.067	      0.030	
 2016/03/18	   3.030	   3.150	   3.030	   3.127	      201402560	      3.004	      2.973	      2.997	      3.248	           	      0.000	2014025.625	1463038.750	1571040.125	     -0.035	     -0.060	      0.050	
 2016/03/21	   3.142	   3.208	   3.140	   3.205	      100696992	      3.050	      2.995	      2.996	      3.235	           	      0.000	1006969.938	1416635.750	1543534.500	     -0.016	     -0.052	      0.071	
 2016/03/22	   3.185	   3.250	   3.173	   3.198	      172155520	      3.097	      3.016	      2.995	      3.221	           	      0.000	1721555.250	1459955.375	1484183.000	     -0.001	     -0.042	      0.080	
 2016/03/23	   3.198	   3.250	   3.183	   3.250	      122634464	      3.161	      3.047	      2.998	      3.207	           	      0.000	1226344.625	1520000.250	1391599.625	      0.014	     -0.030	      0.090	
 2016/03/24	   3.225	   3.251	   3.186	   3.186	      156305104	      3.193	      3.076	      3.011	      3.193	           	      0.000	1563051.000	1506389.250	1384640.250	      0.022	     -0.020	      0.083	
 2016/03/25	   3.187	   3.220	   3.179	   3.211	      136952848	      3.210	      3.107	      3.024	      3.180	           	      0.000	1369528.500	1377489.875	1420264.250	      0.029	     -0.010	      0.078	
 2016/03/28	   3.221	   3.255	   3.171	   3.183	      141491744	      3.206	      3.128	      3.042	      3.166	           	      0.000	1414917.500	1459079.375	1437857.625	      0.032	     -0.002	      0.068	
 2016/03/29	   3.175	   3.188	   3.100	   3.131	      205507296	      3.192	      3.145	      3.054	      3.153	           	      0.000	2055073.000	1525782.875	1492869.125	      0.030	      0.005	      0.051	
 2016/03/30	   3.153	   3.241	   3.153	   3.241	      192977504	      3.190	      3.176	      3.065	      3.140	           	      0.000	1929775.000	1666469.000	1593234.625	      0.037	      0.011	      0.052	
 2016/03/31	   3.248	   3.260	   3.218	   3.230	      185098032	      3.199	      3.196	      3.076	      3.127	           	      0.000	1850980.375	1724054.875	1615222.125	      0.041	      0.017	      0.048	
 2016/04/01	   3.220	   3.228	   3.157	   3.201	      131018184	      3.197	      3.204	      3.088	      3.115	           	      0.000	1310181.875	1712185.500	1544837.750	      0.041	      0.022	      0.039	
 2016/04/05	   3.200	   3.290	   3.200	   3.283	      134916208	      3.217	      3.211	      3.103	      3.109	           	      0.000	1349162.125	1699034.500	1579056.875	      0.048	      0.027	      0.041	
 2016/04/06	   3.280	   3.304	   3.261	   3.302	      185468528	      3.251	      3.222	      3.119	      3.104	           	      0.000	1854685.250	1658956.875	1592369.875	      0.054	      0.032	      0.043	
 2016/04/07	   3.307	   3.320	   3.235	   3.238	      182318848	      3.251	      3.221	      3.134	      3.097	           	      0.000	1823188.500	1637639.625	1652054.250	      0.053	      0.036	      0.032	
 2016/04/08	   3.222	   3.230	   3.177	   3.210	      130632664	      3.247	      3.223	      3.149	      3.096	           	      0.000	1306326.625	1528708.875	1626381.875	      0.049	      0.039	      0.020	
 2016/04/11	   3.250	   3.288	   3.247	   3.268	      107382096	      3.260	      3.229	      3.168	      3.094	           	      0.000	1073821.000	1481436.750	1596811.125	      0.050	      0.041	      0.018	
 2016/04/12	   3.266	   3.274	   3.213	   3.247	       96745832	      3.253	      3.235	      3.181	      3.095	           	      0.000	 967458.313	1405096.000	1552065.250	      0.049	      0.043	      0.012	
 2016/04/13	   3.259	   3.321	   3.259	   3.279	      123371160	      3.248	      3.250	      3.197	      3.096	           	      0.000	1233711.625	1280901.250	1469929.125	      0.050	      0.044	      0.011	
 2016/04/14	   3.303	   3.314	   3.279	   3.310	       83761816	      3.263	      3.257	      3.216	      3.100	           	      0.000	 837618.188	1083787.125	1360713.375	      0.053	      0.046	      0.013	
 2016/04/15	   3.310	   3.320	   3.287	   3.300	       49579708	      3.281	      3.264	      3.230	      3.101	           	      0.000	 495797.094	 921681.250	1225195.000	      0.053	      0.047	      0.012	
 2016/04/18	   3.285	   3.285	   3.232	   3.250	       68727960	      3.277	      3.269	      3.236	      3.103	           	      0.000	 687279.625	 844373.000	1162904.875	      0.049	      0.048	      0.003	
 2016/04/19	   3.260	   3.270	   3.240	   3.255	       75752656	      3.279	      3.266	      3.239	      3.105	           	      0.000	 757526.563	 802386.625	1103741.250	      0.046	      0.047	     -0.003	
 2016/04/20	   3.264	   3.270	   3.094	   3.125	      211451168	      3.248	      3.248	      3.235	      3.102	           	      0.000	2114511.750	 978546.625	1129723.875	      0.032	      0.044	     -0.024	
 2016/04/21	   3.116	   3.160	   3.107	   3.111	      110431112	      3.208	      3.236	      3.228	      3.100	           	      0.000	1104311.125	1031885.250	1057836.250	      0.020	      0.039	     -0.038	
 2016/04/22	   3.096	   3.140	   3.083	   3.139	      122095232	      3.176	      3.228	      3.226	      3.100	           	      0.000	1220952.375	1176916.250	1049298.750	      0.013	      0.034	     -0.043	
 2016/04/25	   3.134	   3.142	   3.097	   3.136	      108054880	      3.153	      3.215	      3.222	      3.100	           	      0.000	1080548.750	1255570.125	1049971.500	      0.007	      0.029	     -0.044	
 2016/04/26	   3.128	   3.158	   3.119	   3.157	      115384808	      3.134	      3.206	      3.221	      3.099	           	      0.000	1153848.125	1334834.375	1068610.500	      0.003	      0.024	     -0.041	
 2016/04/27	   3.158	   3.174	   3.140	   3.143	       77292992	      3.137	      3.193	      3.221	      3.102	           	      0.000	 772929.938	1066518.000	1022532.375	     -0.000	      0.019	     -0.038	
 2016/04/28	   3.149	   3.152	   3.100	   3.138	       92936776	      3.143	      3.175	      3.216	      3.105	           	      0.000	 929367.750	1031529.375	1031707.313	     -0.004	      0.014	     -0.036	
 2016/04/29	   3.136	   3.164	   3.130	   3.145	       63764804	      3.144	      3.160	      3.212	      3.110	           	      0.000	 637648.063	 914868.500	1045892.375	     -0.006	      0.010	     -0.032	
 2016/05/03	   3.144	   3.234	   3.138	   3.234	       94025776	      3.163	      3.158	      3.214	      3.115	           	      0.000	 940257.750	 886810.313	1071190.250	     -0.000	      0.008	     -0.017	
 2016/05/04	   3.230	   3.258	   3.210	   3.235	       94756248	      3.179	      3.156	      3.211	      3.120	           	      0.000	 947562.500	 845553.188	1090193.750	      0.004	      0.007	     -0.006	
 2016/05/05	   3.225	   3.247	   3.218	   3.242	       90822416	      3.199	      3.168	      3.208	      3.124	           	      0.000	 908224.188	 872612.063	 969565.063	      0.008	      0.008	      0.002	
 2016/05/06	   3.242	   3.252	   3.122	   3.130	      140095568	      3.197	      3.170	      3.203	      3.126	           	      0.000	1400955.625	 966929.625	 999229.500	      0.002	      0.007	     -0.008	
 2016/05/09	   3.109	   3.109	   3.030	   3.050	       98949168	      3.178	      3.161	      3.195	      3.126	           	      0.000	 989491.688	1037298.375	 976083.438	     -0.009	      0.004	     -0.024	
 2016/05/10	   3.039	   3.068	   3.039	   3.050	       90757776	      3.141	      3.152	      3.184	      3.126	           	      0.000	 907577.750	1030762.375	 958786.313	     -0.017	     -0.001	     -0.033	
 2016/05/11	   3.067	   3.090	   3.045	   3.048	       96015640	      3.104	      3.141	      3.174	      3.127	           	      0.000	 960156.375	1033281.125	 939417.188	     -0.024	     -0.005	     -0.037	
 2016/05/12	   3.026	   3.075	   2.994	   3.075	      156923536	      3.071	      3.135	      3.164	      3.126	           	      0.000	1569235.375	1165483.375	1019047.688	     -0.027	     -0.009	     -0.034	
 2016/05/13	   3.065	   3.098	   3.043	   3.053	      128300800	      3.055	      3.126	      3.151	      3.124	           	      0.000	1283008.000	1141893.875	1054411.750	     -0.030	     -0.014	     -0.033	
 2016/05/16	   3.040	   3.113	   3.040	   3.109	      116185840	      3.067	      3.123	      3.141	      3.123	           	      0.000	1161858.375	1176367.125	1106832.750	     -0.028	     -0.017	     -0.023	
 2016/05/17	   3.111	   3.139	   3.087	   3.101	      135772864	      3.077	      3.109	      3.134	      3.122	           	      0.000	1357728.625	1266397.375	1148579.875	     -0.027	     -0.019	     -0.017	
 2016/05/18	   3.084	   3.089	   3.010	   3.045	       90326184	      3.077	      3.090	      3.123	      3.119	           	      0.000	 903261.813	1255018.500	1144149.750	     -0.030	     -0.021	     -0.019	
 2016/05/19	   3.044	   3.089	   3.040	   3.049	       98996064	      3.071	      3.071	      3.119	      3.117	           	      0.000	 989960.625	1139163.500	1152323.375	     -0.032	     -0.023	     -0.018	
 2016/05/20	   3.030	   3.073	   3.020	   3.067	      123883984	      3.074	      3.065	      3.117	      3.115	           	      0.000	1238839.875	1130329.875	1136111.875	     -0.032	     -0.025	     -0.014	
 2016/05/23	   3.081	   3.109	   3.080	   3.096	       69061240	      3.072	      3.069	      3.115	      3.117	           	      0.000	 690612.375	1036080.688	1106223.875	     -0.029	     -0.026	     -0.006	
 2016/05/24	   3.097	   3.098	   3.057	   3.072	       88565792	      3.066	      3.072	      3.112	      3.119	           	      0.000	 885657.938	 941666.500	1104032.000	     -0.028	     -0.026	     -0.004	
 2016/05/25	   3.087	   3.106	   3.052	   3.056	       65835956	      3.068	      3.072	      3.107	      3.123	           	      0.000	 658359.563	 892686.063	1073852.250	     -0.028	     -0.027	     -0.004	
 2016/05/26	   3.056	   3.073	   3.003	   3.069	      112541208	      3.072	      3.072	      3.103	      3.126	           	      0.000	1125412.125	 919776.375	1029469.938	     -0.027	     -0.027	     -0.001	
 2016/05/27	   3.065	   3.089	   3.059	   3.070	       76870664	      3.073	      3.073	      3.100	      3.127	           	      0.000	 768706.625	 825749.750	 978039.813	     -0.026	     -0.027	      0.001	
 2016/05/30	   3.059	   3.080	   3.031	   3.050	       97233712	      3.063	      3.068	      3.095	      3.128	           	      0.000	 972337.125	 882094.688	 959087.688	     -0.026	     -0.027	      0.000	
 2016/05/31	   3.065	   3.180	   3.053	   3.180	       88224944	      3.085	      3.075	      3.092	      3.131	           	      0.000	 882249.438	 881413.000	 911539.750	     -0.016	     -0.024	      0.017	
 2016/06/01	   3.182	   3.216	   3.180	   3.185	      117911896	      3.111	      3.089	      3.090	      3.135	           	      0.000	1179119.000	 985564.875	 939125.500	     -0.007	     -0.021	      0.027	
 2016/06/02	   3.186	   3.211	   3.183	   3.210	       86266552	      3.139	      3.105	      3.088	      3.138	           	      0.000	 862665.500	 933015.563	 926395.938	      0.002	     -0.017	      0.036	
 2016/06/03	   3.218	   3.269	   3.212	   3.252	       81891424	      3.175	      3.124	      3.094	      3.144	           	      0.000	 818914.250	 943057.063	 884403.375	      0.012	     -0.011	      0.045	
 2016/06/06	   3.260	   3.268	   3.240	   3.257	       40656160	      3.217	      3.140	      3.105	      3.150	           	      0.000	 406561.594	 829901.938	 855998.313	      0.020	     -0.005	      0.050	
 2016/06/07	   3.260	   3.263	   3.236	   3.257	       45502576	      3.232	      3.159	      3.115	      3.156	           	      0.000	 455025.750	 744457.250	 812935.125	      0.027	      0.002	      0.050	
 2016/06/08	   3.256	   3.270	   3.220	   3.254	       73319888	      3.246	      3.178	      3.125	      3.160	           	      0.000	 733198.875	 655273.188	 820419.000	      0.031	      0.008	      0.047	
 2016/06/13	   3.215	   3.236	   3.107	   3.109	       59617888	      3.226	      3.182	      3.127	      3.163	           	      0.000	 596178.875	 601975.875	 767495.688	      0.023	      0.011	      0.024	
 2016/06/14	   3.100	   3.133	   3.091	   3.117	       86342552	      3.199	      3.187	      3.130	      3.166	           	      0.000	 863425.500	 610878.125	 776967.563	      0.016	      0.012	      0.009	
 2016/06/15	   3.090	   3.223	   3.086	   3.208	      134874672	      3.189	      3.203	      3.135	      3.169	           	      0.000	1348746.750	 799315.125	 814608.563	      0.018	      0.013	      0.011	
 2016/06/16	   3.204	   3.216	   3.183	   3.187	       79482640	      3.175	      3.204	      3.139	      3.170	           	      0.000	 794826.375	 867275.250	 805866.250	      0.018	      0.014	      0.008	
 2016/06/17	   3.197	   3.245	   3.197	   3.216	       86016104	      3.167	      3.207	      3.148	      3.170	           	      0.000	 860161.063	 892667.688	 773970.438	      0.020	      0.015	      0.010	
 2016/06/20	   3.213	   3.239	   3.190	   3.231	       80268408	      3.192	      3.209	      3.157	      3.171	           	      0.000	 802684.063	 933968.750	 767972.313	      0.023	      0.017	      0.012	
 2016/06/21	   3.250	   3.287	   3.196	   3.207	       96510712	      3.210	      3.204	      3.164	      3.170	           	      0.000	 965107.125	 954305.063	 782591.625	      0.022	      0.018	      0.009	
 2016/06/22	   3.196	   3.258	   3.194	   3.257	      108012768	      3.220	      3.204	      3.172	      3.171	           	      0.000	1080127.625	 900581.250	 849948.188	      0.026	      0.020	      0.013	
 2016/06/23	   3.245	   3.257	   3.212	   3.235	       54066572	      3.229	      3.202	      3.180	      3.171	           	      0.000	 540665.750	 849749.125	 858512.188	      0.027	      0.021	      0.012	
 2016/06/24	   3.230	   3.256	   3.105	   3.185	      124731328	      3.223	      3.195	      3.187	      3.171	           	      0.000	1247313.250	 927179.563	 909923.625	      0.023	      0.021	      0.003	
 2016/06/27	   3.175	   3.279	   3.175	   3.279	       88929576	      3.233	      3.212	      3.197	      3.174	           	      0.000	 889295.750	 944501.875	 939235.313	      0.027	      0.023	      0.010	
 2016/06/28	   3.251	   3.317	   3.251	   3.306	       97849048	      3.252	      3.231	      3.209	      3.175	           	      0.000	 978490.500	 947178.563	 950741.813	      0.033	      0.025	      0.016	
 2016/06/29	   3.312	   3.326	   3.291	   3.297	       48551704	      3.260	      3.240	      3.221	      3.176	           	      0.000	 485517.031	 828256.438	 864418.875	      0.036	      0.027	      0.018	
 2016/06/30	   3.300	   3.316	   3.293	   3.306	       41538176	      3.275	      3.252	      3.228	      3.178	           	      0.000	 415381.750	 803199.625	 826474.375	      0.038	      0.029	      0.018	
 2016/07/01	   3.308	   3.324	   3.290	   3.294	       38489576	      3.296	      3.260	      3.233	      3.178	           	      0.000	 384895.750	 630716.125	 778947.875	      0.039	      0.031	      0.016	
 2016/07/04	   3.277	   3.358	   3.271	   3.358	       66904476	      3.312	      3.272	      3.241	      3.179	           	      0.000	 669044.750	 586665.938	 765583.938	      0.044	      0.034	      0.021	
 2016/07/05	   3.353	   3.356	   3.330	   3.339	       46755352	      3.319	      3.286	      3.245	      3.181	           	      0.000	 467553.531	 484478.563	 715828.563	      0.046	      0.036	      0.020	
 2016/07/06	   3.338	   3.356	   3.320	   3.352	       66991496	      3.330	      3.295	      3.250	      3.183	           	      0.000	 669914.938	 521358.156	 674807.313	      0.048	      0.039	      0.019	
 2016/07/07	   3.347	   3.360	   3.311	   3.347	       54658564	      3.338	      3.306	      3.254	      3.184	           	      0.000	 546585.625	 547598.938	 675399.313	      0.049	      0.041	      0.017	
 2016/07/08	   3.341	   3.367	   3.336	   3.350	       67661392	      3.349	      3.323	      3.259	      3.186	           	      0.000	 676613.938	 605942.563	 618329.375	      0.049	      0.042	      0.014	
 2016/07/11	   3.354	   3.375	   3.320	   3.323	       61216948	      3.342	      3.327	      3.270	      3.187	           	      0.000	 612169.500	 594567.500	 590616.750	      0.047	      0.043	      0.007	
 2016/07/12	   3.329	   3.380	   3.299	   3.379	       61236184	      3.350	      3.334	      3.283	      3.188	           	      0.000	 612361.813	 623529.188	 554003.875	      0.049	      0.044	      0.009	
 2016/07/13	   3.391	   3.424	   3.386	   3.405	       43286808	      3.361	      3.345	      3.293	      3.190	           	      0.000	 432868.094	 576119.813	 548739.000	      0.052	      0.046	      0.012	
 2016/07/14	   3.397	   3.415	   3.394	   3.405	       31484232	      3.372	      3.355	      3.304	      3.192	           	      0.000	 314842.313	 529771.125	 538685.000	      0.054	      0.047	      0.012	
 2016/07/15	   3.408	   3.414	   3.386	   3.405	       30796184	      3.383	      3.366	      3.313	      3.195	           	      0.000	 307961.844	 456040.719	 530991.625	      0.054	      0.049	      0.011	
 2016/07/18	   3.399	   3.401	   3.370	   3.375	       42023224	      3.394	      3.368	      3.320	      3.199	           	      0.000	 420232.250	 417653.250	 506110.375	      0.052	      0.049	      0.005	
 2016/07/19	   3.379	   3.393	   3.365	   3.389	       47400576	      3.396	      3.373	      3.329	      3.204	           	      0.000	 474005.750	 389982.063	 506755.594	      0.051	      0.050	      0.002	
 2016/07/20	   3.394	   3.401	   3.377	   3.384	       30747964	      3.392	      3.376	      3.336	      3.208	           	      0.000	 307479.625	 364904.344	 470512.063	      0.049	      0.050	     -0.002	
 2016/07/21	   3.388	   3.413	   3.382	   3.391	       24486780	      3.389	      3.381	      3.343	      3.212	           	      0.000	 244867.797	 350909.438	 440340.281	      0.047	      0.049	     -0.004	
 2016/07/22	   3.391	   3.398	   3.368	   3.371	       31936960	      3.382	      3.383	      3.353	      3.215	           	      0.000	 319369.594	 353191.000	 404615.844	      0.044	      0.048	     -0.009	
 2016/07/25	   3.365	   3.400	   3.361	   3.378	       27740300	      3.383	      3.388	      3.358	      3.219	           	      0.000	 277403.000	 324625.156	 371139.219	      0.041	      0.047	     -0.011	
 2016/07/26	   3.378	   3.419	   3.378	   3.418	       42182100	      3.388	      3.392	      3.363	      3.224	           	      0.000	 421821.000	 314188.188	 352085.125	      0.042	      0.046	     -0.008	
 2016/07/27	   3.419	   3.422	   3.250	   3.278	       77073712	      3.367	      3.379	      3.362	      3.226	           	      0.000	 770737.125	 406839.688	 385872.031	      0.031	      0.043	     -0.024	
 2016/07/28	   3.277	   3.297	   3.230	   3.275	       73655968	      3.344	      3.366	      3.361	      3.227	           	      0.000	 736559.688	 505178.094	 428043.781	      0.021	      0.038	     -0.034	
 2016/07/29	   3.263	   3.280	   3.244	   3.256	       32418884	      3.321	      3.352	      3.359	      3.227	           	      0.000	 324188.844	 506141.938	 429666.469	      0.012	      0.033	     -0.042	
 2016/08/01	   3.248	   3.248	   3.184	   3.206	       67113560	      3.287	      3.335	      3.351	      3.227	           	      0.000	 671135.625	 584888.438	 454756.813	      0.001	      0.027	     -0.051	
 2016/08/02	   3.208	   3.230	   3.204	   3.226	       43627120	      3.248	      3.318	      3.346	      3.228	           	      0.000	 436271.188	 587778.500	 450983.344	     -0.006	      0.020	     -0.053	
 2016/08/03	   3.219	   3.247	   3.215	   3.236	       40430008	      3.240	      3.304	      3.340	      3.231	           	      0.000	 404300.094	 514491.094	 460665.406	     -0.011	      0.014	     -0.050	
 2016/08/04	   3.238	   3.266	   3.227	   3.260	       35483764	      3.237	      3.290	      3.336	      3.235	           	      0.000	 354837.625	 438146.688	 471662.375	     -0.012	      0.009	     -0.042	
 2016/08/05	   3.261	   3.275	   3.252	   3.253	       27318696	      3.236	      3.279	      3.331	      3.238	           	      0.000	 273186.969	 427946.313	 467044.125	     -0.014	      0.004	     -0.037	
 2016/08/08	   3.251	   3.298	   3.232	   3.298	       44397240	      3.255	      3.271	      3.329	      3.242	           	      0.000	 443972.406	 382513.656	 483701.063	     -0.012	      0.001	     -0.026	
 2016/08/09	   3.296	   3.325	   3.282	   3.324	       41056620	      3.274	      3.261	      3.327	      3.247	           	      0.000	 410566.188	 377372.656	 482575.563	     -0.008	     -0.001	     -0.014	
 2016/08/10	   3.324	   3.334	   3.302	   3.304	       48873520	      3.288	      3.264	      3.322	      3.250	           	      0.000	 488735.188	 394259.688	 454375.375	     -0.006	     -0.002	     -0.008	
 2016/08/11	   3.302	   3.311	   3.264	   3.274	       60643724	      3.291	      3.264	      3.315	      3.253	           	      0.000	 606437.250	 444579.594	 441363.125	     -0.007	     -0.003	     -0.008	
 2016/08/12	   3.265	   3.307	   3.260	   3.301	       28678814	      3.300	      3.268	      3.310	      3.257	           	      0.000	 286788.125	 447299.844	 437623.063	     -0.006	     -0.003	     -0.004	
 2016/08/15	   3.306	   3.399	   3.303	   3.383	       94668888	      3.317	      3.286	      3.310	      3.263	           	      0.000	 946688.875	 547843.125	 465178.375	      0.002	     -0.002	      0.009	
 2016/08/16	   3.379	   3.395	   3.379	   3.385	       29372492	      3.329	      3.302	      3.310	      3.268	           	      0.000	 293724.906	 524474.875	 450923.750	      0.008	     -0.000	      0.017	
 2016/08/17	   3.388	   3.409	   3.380	   3.395	       49996784	      3.348	      3.318	      3.311	      3.273	           	      0.000	 499967.844	 526721.375	 460490.531	      0.014	      0.003	      0.023	
 2016/08/18	   3.390	   3.405	   3.378	   3.386	       40852468	      3.370	      3.330	      3.310	      3.278	           	      0.000	 408524.688	 487138.875	 465859.250	      0.017	      0.006	      0.024	
 2016/08/19	   3.387	   3.400	   3.376	   3.394	       35552340	      3.389	      3.344	      3.312	      3.284	           	      0.000	 355523.406	 500885.938	 474092.875	      0.020	      0.009	      0.024	
 2016/08/22	   3.387	   3.396	   3.345	   3.348	       35714244	      3.382	      3.349	      3.310	      3.288	           	      0.000	 357142.438	 382976.656	 465409.875	      0.019	      0.011	      0.017	
 2016/08/23	   3.345	   3.373	   3.338	   3.358	       34300496	      3.376	      3.353	      3.307	      3.293	           	      0.000	 343004.969	 392832.656	 458653.781	      0.019	      0.012	      0.013	
 2016/08/24	   3.359	   3.383	   3.359	   3.364	       46157148	      3.370	      3.359	      3.311	      3.298	           	      0.000	 461571.469	 385153.406	 455937.406	      0.018	      0.013	      0.010	
 2016/08/25	   3.357	   3.357	   3.317	   3.347	       62848620	      3.362	      3.366	      3.315	      3.301	           	      0.000	 628486.188	 429145.688	 458142.281	      0.017	      0.014	      0.005	
 2016/08/26	   3.353	   3.381	   3.351	   3.357	       37423752	      3.355	      3.372	      3.320	      3.304	           	      0.000	 374237.531	 432888.531	 466887.219	      0.016	      0.014	      0.003	
 2016/08/29	   3.356	   3.385	   3.351	   3.385	       16732162	      3.362	      3.372	      3.329	      3.307	           	      0.000	 167321.625	 394924.344	 388950.500	      0.017	      0.015	      0.005	
 2016/08/30	   3.370	   3.385	   3.360	   3.364	       22497292	      3.363	      3.370	      3.336	      3.309	           	      0.000	 224972.922	 371317.938	 382075.313	      0.017	      0.015	      0.003	
 2016/08/31	   3.371	   3.373	   3.344	   3.372	       22163730	      3.365	      3.368	      3.343	      3.311	           	      0.000	 221637.297	 323331.125	 354242.250	      0.017	      0.016	      0.002	
 2016/09/01	   3.367	   3.370	   3.343	   3.344	       12631966	      3.364	      3.363	      3.347	      3.312	           	      0.000	 126319.656	 222897.813	 326021.750	      0.014	      0.015	     -0.002	
 2016/09/02	   3.344	   3.352	   3.312	   3.324	       29532280	      3.358	      3.356	      3.350	      3.313	           	      0.000	 295322.813	 207114.859	 320001.688	      0.010	      0.014	     -0.008	
 2016/09/05	   3.328	   3.353	   3.326	   3.329	       21915504	      3.347	      3.354	      3.352	      3.317	           	      0.000	 219155.047	 217481.547	 306202.938	      0.008	      0.013	     -0.011	
 2016/09/06	   3.330	   3.386	   3.308	   3.386	       38255000	      3.351	      3.357	      3.355	      3.321	           	      0.000	 382550.000	 248996.969	 310157.469	      0.010	      0.013	     -0.005	
 2016/09/07	   3.386	   3.395	   3.363	   3.372	       27840598	      3.351	      3.358	      3.358	      3.324	           	      0.000	 278405.969	 260350.703	 291840.906	      0.011	      0.012	     -0.003	
 2016/09/08	   3.372	   3.385	   3.365	   3.384	       14360386	      3.359	      3.362	      3.364	      3.328	           	      0.000	 143603.859	 263807.531	 243352.672	      0.012	      0.012	      0.000	
 2016/09/09	   3.374	   3.389	   3.351	   3.356	       19531788	      3.365	      3.362	      3.367	      3.330	           	      0.000	 195317.875	 243806.547	 225460.703	      0.011	      0.012	     -0.002	
 2016/09/12	   3.301	   3.311	   3.254	   3.258	       40357408	      3.351	      3.349	      3.360	      3.330	           	      0.000	 403574.094	 280690.375	 249085.953	      0.002	      0.010	     -0.016	
 2016/09/13	   3.273	   3.284	   3.265	   3.279	       16657709	      3.330	      3.340	      3.355	      3.331	           	      0.000	 166577.094	 237495.781	 243246.375	     -0.003	      0.007	     -0.021	
 2016/09/14	   3.270	   3.278	   3.250	   3.260	       13000711	      3.307	      3.329	      3.348	      3.332	           	      0.000	 130007.109	 207816.000	 234083.344	     -0.009	      0.004	     -0.026	
 2016/09/19	   3.264	   3.295	   3.264	   3.284	        9676012	      3.287	      3.323	      3.343	      3.332	           	      0.000	  96760.117	 198447.250	 231127.391	     -0.012	      0.001	     -0.025	
 2016/09/20	   3.284	   3.287	   3.271	   3.280	        7542312	      3.272	      3.319	      3.338	      3.334	           	      0.000	  75423.117	 174468.313	 209137.422	     -0.014	     -0.002	     -0.023	
 2016/09/21	   3.283	   3.305	   3.275	   3.288	       11944817	      3.278	      3.315	      3.335	      3.334	           	      0.000	 119448.172	 117643.125	 199166.734	     -0.015	     -0.005	     -0.020	
 2016/09/22	   3.300	   3.318	   3.300	   3.304	        9711400	      3.283	      3.306	      3.332	      3.334	           	      0.000	  97114.000	 103750.500	 170623.141	     -0.014	     -0.006	     -0.015	
 2016/09/23	   3.306	   3.314	   3.301	   3.306	       14544451	      3.292	      3.300	      3.329	      3.334	           	      0.000	 145444.516	 106837.984	 157327.000	     -0.013	     -0.008	     -0.010	
 2016/09/26	   3.298	   3.298	   3.235	   3.235	       11523600	      3.283	      3.285	      3.323	      3.333	           	      0.000	 115236.000	 110533.164	 154490.203	     -0.018	     -0.010	     -0.016	
 2016/09/27	   3.235	   3.253	   3.211	   3.253	       13831662	      3.277	      3.275	      3.318	      3.332	           	      0.000	 138316.625	 123111.859	 148790.078	     -0.020	     -0.012	     -0.016	
 2016/09/28	   3.250	   3.257	   3.239	   3.246	        5569810	      3.269	      3.273	      3.311	      3.330	           	      0.000	  55698.102	 110361.852	 114002.484	     -0.022	     -0.014	     -0.016	
 2016/09/29	   3.252	   3.279	   3.247	   3.266	        8449810	      3.261	      3.272	      3.306	      3.329	           	      0.000	  84498.102	 107838.672	 105794.586	     -0.021	     -0.015	     -0.012	
 2016/09/30	   3.260	   3.286	   3.260	   3.280	        7803710	      3.256	      3.274	      3.302	      3.328	           	      0.000	  78037.102	  94357.188	 100597.586	     -0.020	     -0.016	     -0.007	
 2016/10/10	   3.296	   3.343	   3.291	   3.343	        9315236	      3.278	      3.280	      3.302	      3.328	           	      0.000	  93152.359	  89940.461	 100236.813	     -0.013	     -0.016	      0.004	
 2016/10/11	   3.347	   3.357	   3.337	   3.357	       17509130	      3.298	      3.288	      3.303	      3.328	           	      0.000	 175091.297	  97295.391	 110203.625	     -0.007	     -0.014	      0.014	
 2016/10/12	   3.352	   3.364	   3.345	   3.357	        8305018	      3.321	      3.295	      3.305	      3.329	           	      0.000	  83050.180	 102765.805	 106563.828	     -0.002	     -0.012	      0.019	
 2016/10/13	   3.358	   3.368	   3.349	   3.358	        7390460	      3.339	      3.300	      3.303	      3.328	           	      0.000	  73904.602	 100647.109	 104242.891	      0.002	     -0.009	      0.022	
 2016/10/14	   3.355	   3.358	   3.337	   3.358	        6066393	      3.355	      3.305	      3.303	      3.328	           	      0.000	  60663.930	  97172.477	  95764.828	      0.005	     -0.006	      0.022	
 2016/10/17	   3.349	   3.362	   3.314	   3.320	        8245433	      3.350	      3.314	      3.299	      3.326	           	      0.000	  82454.328	  95032.867	  92486.664	      0.005	     -0.004	      0.017	
 2016/10/18	   3.318	   3.368	   3.311	   3.368	        9685401	      3.352	      3.325	      3.300	      3.326	           	      0.000	  96854.008	  79385.406	  88340.398	      0.008	     -0.002	      0.019	
 2016/10/19	   3.369	   3.379	   3.343	   3.349	        8479303	      3.351	      3.336	      3.305	      3.325	           	      0.000	  84793.031	  79733.977	  91249.891	      0.009	      0.001	      0.017	
 2016/10/20	   3.347	   3.374	   3.347	   3.369	       11783596	      3.353	      3.346	      3.309	      3.325	           	      0.000	 117835.961	  88520.250	  94583.680	      0.011	      0.003	      0.017	
 2016/10/21	   3.369	   3.378	   3.342	   3.361	       11144380	      3.353	      3.354	      3.314	      3.324	           	      0.000	 111443.797	  98676.227	  97924.352	      0.012	      0.005	      0.015	
 2016/10/24	   3.355	   3.408	   3.355	   3.390	       19021412	      3.367	      3.359	      3.319	      3.324	           	      0.000	 190214.125	 120228.188	 107630.523	      0.015	      0.007	      0.017	
 2016/10/25	   3.389	   3.400	   3.383	   3.391	        8399733	      3.372	      3.362	      3.325	      3.325	           	      0.000	  83997.328	 117656.852	  98521.125	      0.017	      0.009	      0.017	
 2016/10/26	   3.386	   3.391	   3.365	   3.373	       13793363	      3.377	      3.364	      3.329	      3.325	           	      0.000	 137933.625	 128284.969	 104009.477	      0.017	      0.011	      0.014	
 2016/10/27	   3.373	   3.377	   3.359	   3.371	        7720977	      3.377	      3.365	      3.333	      3.324	           	      0.000	  77209.773	 120159.727	 104339.992	      0.017	      0.012	      0.011	
 2016/10/28	   3.368	   3.386	   3.341	   3.347	        7455390	      3.374	      3.364	      3.335	      3.325	           	      0.000	  74553.898	 112781.750	 105728.984	      0.015	      0.012	      0.005	
 2016/10/31	   3.345	   3.345	   3.311	   3.330	        8480700	      3.362	      3.365	      3.339	      3.326	           	      0.000	  84807.000	  91700.328	 105964.258	      0.012	      0.012	     -0.002	
 2016/11/01	   3.331	   3.362	   3.330	   3.361	        7694336	      3.356	      3.364	      3.345	      3.328	           	      0.000	  76943.359	  90289.531	 103973.188	      0.011	      0.012	     -0.002	
 2016/11/02	   3.354	   3.359	   3.325	   3.329	       10293700	      3.348	      3.362	      3.349	      3.330	           	      0.000	 102937.000	  83290.203	 105787.586	      0.008	      0.011	     -0.006	
 2016/11/03	   3.328	   3.366	   3.316	   3.349	       13574488	      3.343	      3.360	      3.353	      3.332	           	      0.000	 135744.875	  94997.227	 107578.477	      0.008	      0.011	     -0.006	
 2016/11/04	   3.347	   3.356	   3.322	   3.325	        6268023	      3.339	      3.357	      3.355	      3.333	           	      0.000	  62680.230	  92622.492	 102702.125	      0.005	      0.009	     -0.009	
 2016/11/07	   3.323	   3.340	   3.317	   3.328	        6131336	      3.338	      3.350	      3.355	      3.334	           	      0.000	  61313.359	  87923.766	  89812.047	      0.003	      0.008	     -0.010	
 2016/11/08	   3.341	   3.358	   3.329	   3.343	        7361507	      3.335	      3.346	      3.354	      3.336	           	      0.000	  73615.070	  87258.109	  88773.820	      0.003	      0.007	     -0.009	
 2016/11/09	   3.343	   3.346	   3.273	   3.306	       23158716	      3.330	      3.339	      3.351	      3.336	           	      0.000	 231587.156	 112988.141	  98139.172	     -0.000	      0.006	     -0.012	
 2016/11/10	   3.323	   3.350	   3.323	   3.344	       11059026	      3.329	      3.336	      3.351	      3.336	           	      0.000	 110590.258	 107957.219	 101477.219	      0.000	      0.005	     -0.009	
 2016/11/11	   3.343	   3.357	   3.333	   3.357	       10089332	      3.336	      3.337	      3.351	      3.337	           	      0.000	 100893.320	 115599.836	 104111.164	      0.002	      0.004	     -0.005	
 2016/11/14	   3.356	   3.377	   3.342	   3.351	       11333179	      3.340	      3.339	      3.352	      3.338	           	      0.000	 113331.789	 126003.516	 106963.641	      0.002	      0.004	     -0.003	
 2016/11/15	   3.351	   3.365	   3.341	   3.365	        9988412	      3.345	      3.340	      3.352	      3.340	           	      0.000	  99884.117	 131257.328	 109257.719	      0.004	      0.004	      0.000	
 2016/11/16	   3.366	   3.386	   3.366	   3.372	       17693192	      3.358	      3.344	      3.353	      3.339	           	      0.000	 176931.922	 120326.281	 116657.211	      0.006	      0.004	      0.003	
 2016/11/17	   3.370	   3.370	   3.347	   3.366	        8120837	      3.362	      3.346	      3.353	      3.339	           	      0.000	  81208.367	 114449.906	 111203.563	      0.006	      0.004	      0.004	
 2016/11/18	   3.359	   3.366	   3.346	   3.348	        4513337	      3.360	      3.348	      3.352	      3.338	           	      0.000	  45133.371	 103297.914	 109448.875	      0.006	      0.005	      0.002	
 2016/11/21	   3.345	   3.360	   3.338	   3.345	        6001817	      3.359	      3.350	      3.350	      3.338	           	      0.000	  60018.172	  92635.188	 109319.352	      0.005	      0.005	     -0.000	
 2016/11/22	   3.345	   3.369	   3.344	   3.369	        9473779	      3.360	      3.352	      3.349	      3.337	           	      0.000	  94737.789	  91605.922	 111431.625	      0.006	      0.005	      0.002	
 2016/11/23	   3.372	   3.379	   3.345	   3.350	        8097500	      3.356	      3.357	      3.348	      3.337	           	      0.000	  80975.000	  72414.539	  96370.414	      0.005	      0.005	      0.000	
 2016/11/24	   3.347	   3.350	   3.319	   3.323	       10438101	      3.347	      3.355	      3.345	      3.337	           	      0.000	 104381.008	  77049.070	  95749.484	      0.002	      0.004	     -0.004	
 2016/11/25	   3.323	   3.346	   3.282	   3.344	       20863900	      3.346	      3.353	      3.345	      3.336	           	      0.000	 208639.000	 109750.195	 106524.055	      0.002	      0.004	     -0.004	
 2016/11/28	   3.348	   3.364	   3.347	   3.352	        8422550	      3.348	      3.353	      3.346	      3.336	           	      0.000	  84225.500	 114591.656	 103613.422	      0.002	      0.003	     -0.003	
 2016/11/29	   3.352	   3.366	   3.341	   3.351	        7494602	      3.344	      3.352	      3.346	      3.336	           	      0.000	  74946.023	 110633.305	 101119.617	      0.002	      0.003	     -0.002	
 2016/11/30	   3.343	   3.364	   3.329	   3.331	       12610000	      3.340	      3.348	      3.346	      3.335	           	      0.000	 126100.000	 119658.305	  96036.422	      0.000	      0.003	     -0.004	
 2016/12/01	   3.334	   3.347	   3.334	   3.346	        8063801	      3.345	      3.346	      3.346	      3.335	           	      0.000	  80638.008	 114909.703	  95979.391	      0.000	      0.002	     -0.004	
 2016/12/02	   3.346	   3.354	   3.307	   3.310	       12321550	      3.338	      3.342	      3.345	      3.334	           	      0.000	 123215.500	  97825.008	 103787.602	     -0.003	      0.001	     -0.008	
 2016/12/05	   3.300	   3.329	   3.292	   3.306	       24191338	      3.329	      3.338	      3.344	      3.333	           	      0.000	 241913.375	 129362.578	 121977.117	     -0.005	     -0.000	     -0.010	
 2016/12/06	   3.304	   3.319	   3.304	   3.308	        6754177	      3.320	      3.332	      3.342	      3.333	           	      0.000	  67541.773	 127881.734	 119257.516	     -0.007	     -0.001	     -0.011	
 2016/12/07	   3.308	   3.325	   3.300	   3.324	        6612575	      3.319	      3.329	      3.343	      3.333	           	      0.000	  66125.750	 115886.883	 117772.594	     -0.007	     -0.003	     -0.009	
 2016/12/08	   3.326	   3.330	   3.320	   3.321	        6628701	      3.314	      3.329	      3.342	      3.332	           	      0.000	  66287.008	 113016.680	 113963.195	     -0.007	     -0.003	     -0.007	
 2016/12/09	   3.321	   3.322	   3.295	   3.298	        8138771	      3.311	      3.325	      3.339	      3.331	           	      0.000	  81387.711	 104651.125	 101238.063	     -0.009	     -0.005	     -0.009	
 2016/12/12	   3.295	   3.300	   3.152	   3.157	       35854300	      3.282	      3.305	      3.329	      3.327	           	      0.000	 358543.000	 127977.047	 128669.813	     -0.022	     -0.008	     -0.027	
 2016/12/13	   3.153	   3.178	   3.128	   3.164	       11034840	      3.253	      3.286	      3.319	      3.324	           	      0.000	 110348.398	 136538.375	 132210.047	     -0.031	     -0.013	     -0.036	
 2016/12/14	   3.166	   3.166	   3.132	   3.141	       10456915	      3.216	      3.267	      3.308	      3.322	           	      0.000	 104569.148	 144227.047	 130056.969	     -0.039	     -0.018	     -0.043	
 2016/12/15	   3.132	   3.165	   3.130	   3.142	       16027515	      3.180	      3.247	      3.296	      3.319	           	      0.000	 160275.156	 163024.688	 138020.688	     -0.046	     -0.023	     -0.044	
 2016/12/16	   3.140	   3.169	   3.136	   3.156	        6484722	      3.152	      3.232	      3.287	      3.318	           	      0.000	  64847.219	 159716.578	 132183.859	     -0.049	     -0.029	     -0.041	
 2016/12/19	   3.157	   3.160	   3.139	   3.144	        8236400	      3.149	      3.216	      3.277	      3.315	           	      0.000	  82364.000	 104480.781	 116228.914	     -0.052	     -0.033	     -0.037	
 2016/12/20	   3.146	   3.146	   3.130	   3.140	       10850240	      3.145	      3.199	      3.265	      3.313	           	      0.000	 108502.398	 104111.586	 120324.977	     -0.054	     -0.037	     -0.033	
 2016/12/21	   3.145	   3.167	   3.145	   3.164	        7362700	      3.149	      3.183	      3.256	      3.311	           	      0.000	  73627.000	  97923.156	 121075.102	     -0.053	     -0.040	     -0.025	
 2016/12/22	   3.164	   3.170	   3.146	   3.164	        6444948	      3.154	      3.167	      3.248	      3.309	           	      0.000	  64449.480	  78758.016	 120891.352	     -0.052	     -0.043	     -0.018	
 2016/12/23	   3.165	   3.167	   3.140	   3.140	        7889659	      3.150	      3.151	      3.238	      3.306	           	      0.000	  78896.594	  81567.891	 120642.242	     -0.052	     -0.045	     -0.015	
 2016/12/26	   3.134	   3.155	   3.102	   3.154	       15654791	      3.152	      3.151	      3.228	      3.305	           	      0.000	 156547.906	  96404.672	 100442.727	     -0.050	     -0.046	     -0.009	
 2016/12/27	   3.150	   3.161	   3.148	   3.150	        4572424	      3.154	      3.150	      3.218	      3.303	           	      0.000	  45724.238	  83849.047	  93980.313	     -0.049	     -0.046	     -0.005	
 2016/12/28	   3.145	   3.153	   3.135	   3.138	        6886033	      3.149	      3.149	      3.208	      3.301	           	      0.000	  68860.328	  82895.711	  90409.430	     -0.048	     -0.047	     -0.003	
 2016/12/29	   3.138	   3.148	   3.125	   3.127	        8971372	      3.142	      3.148	      3.197	      3.299	           	      0.000	  89713.719	  87948.555	  83353.289	     -0.048	     -0.047	     -0.002	
 2016/12/30	   3.127	   3.141	   3.127	   3.138	        6297160	      3.141	      3.146	      3.189	      3.296	           	      0.000	  62971.602	  84763.563	  83165.727	     -0.046	     -0.047	      0.001	
 2017/01/03	   3.138	   3.160	   3.138	   3.148	        7950543	      3.140	      3.146	      3.181	      3.293	           	      0.000	  79505.430	  69355.063	  82879.867	     -0.044	     -0.046	      0.005	
 2017/01/04	   3.149	   3.189	   3.147	   3.189	       10163207	      3.148	      3.151	      3.175	      3.290	           	      0.000	 101632.070	  80536.633	  82192.836	     -0.038	     -0.045	      0.013	
 2017/01/05	   3.188	   3.191	   3.180	   3.184	        5213124	      3.157	      3.153	      3.168	      3.287	           	      0.000	  52131.238	  77190.813	  80043.258	     -0.033	     -0.042	      0.018	
 2017/01/06	   3.184	   3.184	   3.155	   3.156	        7202900	      3.163	      3.152	      3.160	      3.284	           	      0.000	  72029.000	  73653.867	  80801.211	     -0.032	     -0.040	      0.017	
 2017/01/09	   3.154	   3.175	   3.149	   3.164	        3419554	      3.168	      3.155	      3.153	      3.281	           	      0.000	  34195.539	  67898.656	  76331.109	     -0.029	     -0.038	      0.017	
 2017/01/10	   3.172	   3.172	   3.155	   3.157	        3540501	      3.170	      3.155	      3.153	      3.278	           	      0.000	  35405.012	  59078.570	  64216.816	     -0.028	     -0.036	      0.017	
 2017/01/11	   3.150	   3.164	   3.137	   3.137	        9935562	      3.160	      3.154	      3.152	      3.274	           	      0.000	  99355.617	  58623.281	  69579.953	     -0.028	     -0.034	      0.013	
 2017/01/12	   3.136	   3.141	   3.103	   3.105	       14687153	      3.144	      3.151	      3.150	      3.270	           	      0.000	 146871.531	  77571.344	  77381.078	     -0.030	     -0.033	      0.007	
 2017/01/13	   3.105	   3.109	   3.060	   3.062	       17407752	      3.125	      3.144	      3.146	      3.265	           	      0.000	 174077.516	  97981.047	  85817.453	     -0.035	     -0.034	     -0.002	
 2017/01/16	   3.060	   3.065	   2.900	   2.972	       43884472	      3.087	      3.127	      3.137	      3.259	           	      0.000	 438844.719	 178910.875	 123404.766	     -0.045	     -0.036	     -0.019	
 2017/01/17	   2.971	   3.014	   2.955	   3.011	       20375552	      3.057	      3.114	      3.130	      3.252	           	      0.000	 203755.516	 212580.984	 135829.781	     -0.050	     -0.039	     -0.022	
 2017/01/18	   3.007	   3.017	   2.994	   3.008	        9980753	      3.032	      3.096	      3.123	      3.246	           	      0.000	  99807.531	 212671.359	 135647.328	     -0.053	     -0.042	     -0.023	
 2017/01/19	   3.008	   3.009	   2.983	   2.995	        9765353	      3.010	      3.077	      3.115	      3.240	           	      0.000	  97653.531	 202827.766	 140199.547	     -0.056	     -0.045	     -0.023	
 2017/01/20	   2.994	   3.036	   2.988	   3.030	       10374153	      3.003	      3.064	      3.108	      3.234	           	      0.000	 103741.531	 188760.563	 143370.797	     -0.055	     -0.047	     -0.017	
 2017/01/23	   3.037	   3.070	   3.030	   3.044	        8192102	      3.018	      3.052	      3.103	      3.229	           	      0.000	  81921.023	 117375.828	 148143.359	     -0.053	     -0.048	     -0.010	
 2017/01/24	   3.044	   3.044	   3.030	   3.037	        5284807	      3.023	      3.040	      3.098	      3.224	           	      0.000	  52848.070	  87194.336	 149887.656	     -0.051	     -0.049	     -0.004	
 2017/01/25	   3.038	   3.053	   3.030	   3.052	        4391907	      3.032	      3.032	      3.093	      3.219	           	      0.000	  43919.070	  76016.648	 144344.000	     -0.047	     -0.048	      0.002	
 2017/01/26	   3.052	   3.071	   3.049	   3.068	        4197400	      3.046	      3.028	      3.089	      3.214	           	      0.000	  41974.000	  64880.738	 133854.250	     -0.043	     -0.047	      0.009	
 2017/02/03	   3.071	   3.073	   3.058	   3.065	        4408400	      3.053	      3.028	      3.086	      3.210	           	      0.000	  44084.000	  52949.234	 120854.898	     -0.039	     -0.046	      0.013	
 2017/02/06	   3.065	   3.087	   3.060	   3.082	        6597300	      3.061	      3.039	      3.083	      3.206	           	      0.000	  65973.000	  49759.629	  83567.727	     -0.034	     -0.043	      0.018	
 2017/02/07	   3.079	   3.089	   3.063	   3.072	       11813100	      3.068	      3.045	      3.079	      3.201	           	      0.000	 118131.000	  62816.215	  75005.273	     -0.031	     -0.041	      0.020	
 2017/02/08	   3.073	   3.101	   3.061	   3.099	       12127000	      3.077	      3.054	      3.075	      3.197	           	      0.000	 121270.000	  78286.398	  77151.523	     -0.026	     -0.038	      0.024	
 2017/02/09	   3.099	   3.120	   3.095	   3.116	        7063600	      3.087	      3.066	      3.072	      3.194	           	      0.000	  70636.000	  84018.797	  74449.766	     -0.020	     -0.034	      0.028	
 2017/02/10	   3.116	   3.124	   3.110	   3.117	        6477352	      3.097	      3.075	      3.070	      3.190	           	      0.000	  64773.520	  88156.703	  70552.969	     -0.016	     -0.031	      0.030	
 2017/02/13	   3.116	   3.148	   3.108	   3.142	       10209100	      3.109	      3.085	      3.069	      3.187	           	      0.000	 102091.000	  95380.305	  72569.969	     -0.010	     -0.026	      0.033	
 2017/02/14	   3.141	   3.146	   3.135	   3.144	        2991100	      3.124	      3.096	      3.068	      3.183	           	      0.000	  29911.000	  77736.305	  70276.258	     -0.005	     -0.022	      0.035	
 2017/02/15	   3.140	   3.150	   3.113	   3.113	        6932000	      3.126	      3.102	      3.067	      3.179	           	      0.000	  69320.000	  67346.305	  72816.352	     -0.003	     -0.018	      0.030	
 2017/02/16	   3.119	   3.143	   3.111	   3.143	        7452566	      3.132	      3.109	      3.069	      3.175	           	      0.000	  74525.656	  68124.234	  76071.516	      0.000	     -0.015	      0.030	
 2017/02/17	   3.143	   3.160	   3.122	   3.130	        7318761	      3.134	      3.116	      3.072	      3.171	           	      0.000	  73187.609	  69807.055	  78981.875	      0.002	     -0.011	      0.026	
 2017/02/20	   3.126	   3.171	   3.122	   3.171	       10999809	      3.140	      3.125	      3.082	      3.168	           	      0.000	 109998.094	  71388.469	  83384.391	      0.006	     -0.008	      0.029	
 2017/02/21	   3.169	   3.193	   3.167	   3.190	       24177740	      3.149	      3.136	      3.091	      3.166	           	      0.000	 241777.406	 113761.750	  95749.031	      0.012	     -0.004	      0.031	
 2017/02/22	   3.188	   3.201	   3.184	   3.200	        9952984	      3.167	      3.147	      3.101	      3.163	           	      0.000	  99529.844	 119803.719	  93575.016	      0.016	      0.000	      0.032	
 2017/02/23	   3.200	   3.209	   3.185	   3.203	       12123856	      3.179	      3.155	      3.111	      3.161	           	      0.000	 121238.563	 129146.305	  98635.266	      0.020	      0.004	      0.032	
 2017/02/24	   3.204	   3.213	   3.199	   3.213	        6374901	      3.195	      3.165	      3.120	      3.159	           	      0.000	  63749.012	 127258.586	  98532.820	      0.023	      0.008	      0.031	
 2017/02/27	   3.209	   3.218	   3.190	   3.192	        7826289	      3.200	      3.170	      3.127	      3.156	           	      0.000	  78262.891	 120911.547	  96150.008	      0.024	      0.011	      0.026	
 2017/02/28	   3.192	   3.208	   3.189	   3.202	        4092188	      3.202	      3.176	      3.136	      3.154	           	      0.000	  40921.879	  80740.438	  97251.094	      0.025	      0.014	      0.022	
 2017/03/01	   3.201	   3.216	   3.196	   3.208	        8395241	      3.204	      3.185	      3.144	      3.151	           	      0.000	  83952.406	  77624.953	  98714.336	      0.026	      0.016	      0.020	
 2017/03/02	   3.210	   3.219	   3.195	   3.198	        7714960	      3.203	      3.191	      3.150	      3.149	           	      0.000	  77149.602	  68807.156	  98976.734	      0.026	      0.018	      0.015	
 2017/03/03	   3.195	   3.232	   3.187	   3.228	       11105037	      3.206	      3.201	      3.158	      3.147	           	      0.000	 111050.367	  78267.430	 102763.008	      0.028	      0.020	      0.015	
 2017/03/06	   3.229	   3.266	   3.228	   3.265	        7930372	      3.220	      3.210	      3.167	      3.146	           	      0.000	  79303.719	  78475.594	  99693.570	      0.032	      0.023	      0.019	
 2017/03/07	   3.264	   3.270	   3.250	   3.265	        7181536	      3.233	      3.217	      3.177	      3.146	           	      0.000	  71815.359	  84654.289	  82697.367	      0.035	      0.025	      0.020	
 2017/03/08	   3.267	   3.269	   3.243	   3.250	        6723123	      3.241	      3.222	      3.184	      3.145	           	      0.000	  67231.227	  81310.055	  79467.500	      0.035	      0.027	      0.017	
 2017/03/09	   3.244	   3.244	   3.216	   3.228	        6649277	      3.247	      3.225	      3.190	      3.143	           	      0.000	  66492.773	  79178.688	  73992.922	      0.034	      0.028	      0.011	
 2017/03/10	   3.223	   3.255	   3.220	   3.247	        6804509	      3.251	      3.228	      3.197	      3.142	           	      0.000	  68045.094	  70577.633	  74422.531	      0.034	      0.030	      0.008	
 2017/03/13	   3.242	   3.293	   3.231	   3.293	       10099396	      3.257	      3.238	      3.204	      3.142	           	      0.000	 100993.961	  74915.680	  76695.641	      0.037	      0.031	      0.012	
 2017/03/14	   3.292	   3.302	   3.271	   3.279	       10638124	      3.259	      3.246	      3.211	      3.144	           	      0.000	 106381.242	  81828.859	  83241.578	      0.038	      0.032	      0.011	
 2017/03/15	   3.279	   3.282	   3.269	   3.278	        5547762	      3.265	      3.253	      3.219	      3.146	           	      0.000	  55477.621	  79478.141	  80394.094	      0.038	      0.033	      0.009	
 2017/03/16	   3.280	   3.309	   3.280	   3.307	        8952089	      3.281	      3.264	      3.227	      3.149	           	      0.000	  89520.891	  84083.766	  81631.227	      0.040	      0.035	      0.011	
 2017/03/17	   3.305	   3.310	   3.262	   3.265	       10369612	      3.284	      3.268	      3.234	      3.151	           	      0.000	 103696.117	  91213.969	  80895.797	      0.038	      0.035	      0.005	
 2017/03/20	   3.269	   3.269	   3.241	   3.268	       10115312	      3.279	      3.268	      3.239	      3.153	           	      0.000	 101153.117	  91245.797	  83080.742	      0.036	      0.036	      0.001	
 2017/03/21	   3.264	   3.290	   3.257	   3.290	        5990925	      3.282	      3.270	      3.244	      3.155	           	      0.000	  59909.250	  81951.398	  81890.133	      0.036	      0.036	      0.000	
 2017/03/22	   3.277	   3.285	   3.258	   3.276	        8095463	      3.281	      3.273	      3.248	      3.157	           	      0.000	  80954.633	  87046.805	  83262.469	      0.034	      0.035	     -0.002	
 2017/03/23	   3.271	   3.304	   3.261	   3.290	       29117424	      3.278	      3.279	      3.252	      3.159	           	      0.000	 291174.250	 127377.477	 105730.617	      0.034	      0.035	     -0.003	
 2017/03/24	   3.282	   3.321	   3.282	   3.317	        8195448	      3.288	      3.286	      3.257	      3.162	           	      0.000	  81954.477	 123029.148	 107121.555	      0.035	      0.035	     -0.000	
 2017/03/27	   3.315	   3.322	   3.287	   3.298	       17743916	      3.294	      3.287	      3.263	      3.164	           	      0.000	 177439.156	 138286.359	 114766.078	      0.034	      0.035	     -0.001	
 2017/03/28	   3.299	   3.309	   3.285	   3.294	       12300472	      3.295	      3.288	      3.267	      3.167	           	      0.000	 123004.719	 150905.453	 116428.422	      0.033	      0.034	     -0.003	
 2017/03/29	   3.293	   3.300	   3.273	   3.281	        9373808	      3.296	      3.289	      3.271	      3.169	           	      0.000	  93738.078	 153462.141	 120254.469	      0.030	      0.034	     -0.007	
 2017/03/30	   3.279	   3.279	   3.215	   3.221	       24151278	      3.282	      3.280	      3.272	      3.170	           	      0.000	 241512.781	 143529.844	 135453.656	      0.023	      0.031	     -0.017	
 2017/03/31	   3.222	   3.257	   3.222	   3.252	       28785092	      3.269	      3.279	      3.273	      3.172	           	      0.000	 287850.906	 184709.125	 153869.141	      0.020	      0.029	     -0.019	
 2017/04/05	   3.272	   3.326	   3.272	   3.321	       10970384	      3.274	      3.284	      3.276	      3.176	           	      0.000	 109703.844	 171162.063	 154724.203	      0.022	      0.028	     -0.011	
 2017/04/06	   3.321	   3.323	   3.301	   3.316	        5823672	      3.278	      3.287	      3.279	      3.178	           	      0.000	  58236.719	 158208.469	 154556.953	      0.024	      0.027	     -0.006	
 2017/04/07	   3.318	   3.344	   3.310	   3.330	        4908064	      3.288	      3.292	      3.283	      3.181	           	      0.000	  49080.641	 149276.984	 151369.563	      0.026	      0.027	     -0.002	
 2017/04/10	   3.335	   3.335	   3.297	   3.298	        5484411	      3.303	      3.293	      3.286	      3.183	           	      0.000	  54844.109	 111943.242	 127736.547	      0.024	      0.026	     -0.004	
 2017/04/11	   3.296	   3.325	   3.260	   3.319	        9938862	      3.317	      3.293	      3.290	      3.185	           	      0.000	  99388.617	  74250.789	 129479.953	      0.025	      0.026	     -0.002	
 2017/04/12	   3.313	   3.315	   3.282	   3.286	        5529641	      3.310	      3.292	      3.289	      3.187	           	      0.000	  55296.410	  63369.301	 117265.680	      0.022	      0.025	     -0.006	
 2017/04/13	   3.277	   3.314	   3.277	   3.307	        4685400	      3.308	      3.293	      3.291	      3.190	           	      0.000	  46854.000	  61092.754	 109650.609	      0.022	      0.025	     -0.006	
 2017/04/14	   3.304	   3.316	   3.266	   3.273	       10404313	      3.297	      3.292	      3.290	      3.192	           	      0.000	 104043.133	  72085.250	 110681.117	      0.018	      0.023	     -0.010	
 2017/04/17	   3.255	   3.285	   3.246	   3.255	       14495471	      3.288	      3.296	      3.288	      3.195	           	      0.000	 144954.703	  90107.375	 101025.305	      0.014	      0.021	     -0.015	
 2017/04/18	   3.258	   3.279	   3.245	   3.249	       10391813	      3.274	      3.295	      3.287	      3.198	           	      0.000	 103918.133	  91013.273	  82632.031	      0.010	      0.019	     -0.019	
 2017/04/19	   3.245	   3.248	   3.206	   3.235	       11729324	      3.264	      3.287	      3.285	      3.202	           	      0.000	 117293.242	 103412.641	  83390.969	      0.005	      0.016	     -0.022	
 2017/04/20	   3.235	   3.260	   3.234	   3.249	        6472566	      3.252	      3.280	      3.283	      3.206	           	      0.000	  64725.660	 106986.977	  84039.867	      0.003	      0.014	     -0.021	
 2017/04/21	   3.248	   3.263	   3.220	   3.228	       11068524	      3.243	      3.270	      3.281	      3.210	           	      0.000	 110685.242	 108315.398	  90200.328	     -0.001	      0.011	     -0.023	
 2017/04/24	   3.220	   3.222	   3.141	   3.163	       19022816	      3.225	      3.256	      3.275	      3.213	           	      0.000	 190228.156	 117370.086	 103738.727	     -0.009	      0.007	     -0.031	
 2017/04/25	   3.168	   3.200	   3.164	   3.176	        8439875	      3.210	      3.242	      3.268	      3.215	           	      0.000	  84398.750	 113466.211	 102239.742	     -0.014	      0.003	     -0.033	
 2017/04/26	   3.174	   3.217	   3.174	   3.200	        8424054	      3.203	      3.234	      3.263	      3.218	           	      0.000	  84240.539	 106855.672	 105134.156	     -0.016	     -0.001	     -0.030	
 2017/04/27	   3.200	   3.212	   3.140	   3.203	       16683757	      3.194	      3.223	      3.258	      3.220	           	      0.000	 166837.563	 127278.047	 117132.516	     -0.017	     -0.004	     -0.025	
 2017/04/28	   3.195	   3.202	   3.181	   3.196	        5535600	      3.188	      3.215	      3.254	      3.223	           	      0.000	  55356.000	 116212.203	 112263.797	     -0.018	     -0.007	     -0.022	
 2017/05/02	   3.195	   3.197	   3.175	   3.190	        3274824	      3.193	      3.209	      3.252	      3.225	           	      0.000	  32748.240	  84716.219	 101043.156	     -0.019	     -0.009	     -0.020	
 2017/05/03	   3.190	   3.200	   3.171	   3.174	        3788040	      3.193	      3.201	      3.248	      3.227	           	      0.000	  37880.398	  75412.547	  94439.383	     -0.021	     -0.012	     -0.019	
 2017/05/04	   3.172	   3.201	   3.151	   3.173	        9337385	      3.187	      3.195	      3.241	      3.228	           	      0.000	  93373.852	  77239.211	  92047.438	     -0.023	     -0.014	     -0.018	
 2017/05/05	   3.165	   3.169	   3.130	   3.132	        9255000	      3.173	      3.184	      3.232	      3.229	           	      0.000	  92550.000	  62381.699	  94829.875	     -0.027	     -0.016	     -0.021	
 2017/05/08	   3.121	   3.134	   3.088	   3.100	        7294888	      3.154	      3.171	      3.220	      3.229	           	      0.000	  72948.883	  65900.273	  91056.234	     -0.032	     -0.020	     -0.025	
 2017/05/09	   3.095	   3.110	   3.064	   3.104	        8904041	      3.137	      3.165	      3.211	      3.229	           	      0.000	  89040.406	  77158.711	  80937.461	     -0.036	     -0.023	     -0.026	
 2017/05/10	   3.110	   3.132	   3.078	   3.082	        9929929	      3.118	      3.155	      3.199	      3.228	           	      0.000	  99299.289	  89442.484	  82427.516	     -0.040	     -0.026	     -0.027	
 2017/05/11	   3.078	   3.093	   3.031	   3.093	       13465560	      3.102	      3.145	      3.189	      3.228	           	      0.000	 134655.594	  97698.836	  87469.023	     -0.042	     -0.029	     -0.025	
 2017/05/12	   3.081	   3.092	   3.065	   3.087	        8800900	      3.093	      3.133	      3.178	      3.227	           	      0.000	  88009.000	  96790.633	  79586.164	     -0.044	     -0.032	     -0.022	
 2017/05/15	   3.092	   3.119	   3.092	   3.110	        9925700	      3.095	      3.125	      3.170	      3.227	           	      0.000	  99257.000	 102052.258	  83976.266	     -0.042	     -0.034	     -0.016	
 2017/05/16	   3.110	   3.186	   3.096	   3.185	       24578500	      3.111	      3.124	      3.166	      3.227	           	      0.000	 245785.000	 133401.172	 105279.945	     -0.035	     -0.034	     -0.001	
 2017/05/17	   3.185	   3.195	   3.160	   3.164	       15896567	      3.128	      3.123	      3.162	      3.228	           	      0.000	 158965.672	 145334.453	 117388.469	     -0.031	     -0.034	      0.006	
 2017/05/18	   3.147	   3.169	   3.138	   3.146	        8734167	      3.138	      3.120	      3.158	      3.227	           	      0.000	  87341.672	 135871.672	 116785.250	     -0.028	     -0.033	      0.009	
 2017/05/19	   3.144	   3.156	   3.120	   3.142	        4622200	      3.149	      3.121	      3.152	      3.227	           	      0.000	  46222.000	 127514.266	 112152.453	     -0.026	     -0.031	      0.010	
 2017/05/22	   3.136	   3.153	   3.111	   3.123	        5992514	      3.152	      3.124	      3.147	      3.225	           	      0.000	  59925.141	 119647.898	 110850.078	     -0.026	     -0.030	      0.009	
 2017/05/23	   3.115	   3.142	   3.091	   3.092	        9241614	      3.133	      3.122	      3.144	      3.223	           	      0.000	  92416.141	  88974.125	 111187.648	     -0.028	     -0.030	      0.004	
 2017/05/24	   3.089	   3.121	   3.051	   3.121	       17511400	      3.125	      3.126	      3.141	      3.222	           	      0.000	 175114.000	  92203.789	 118769.125	     -0.027	     -0.029	      0.005	
 2017/05/25	   3.117	   3.136	   3.079	   3.135	       17819800	      3.123	      3.130	      3.138	      3.221	           	      0.000	 178198.000	 110375.055	 123123.359	     -0.025	     -0.028	      0.007	
 2017/05/26	   3.133	   3.136	   3.103	   3.110	        9016614	      3.116	      3.133	      3.133	      3.219	           	      0.000	  90166.141	 119163.883	 123339.078	     -0.024	     -0.027	      0.006	
 2017/05/31	   3.146	   3.148	   3.105	   3.107	        8096700	      3.113	      3.132	      3.128	      3.218	           	      0.000	  80967.000	 123372.258	 121510.078	     -0.024	     -0.027	      0.005	
 2017/06/01	   3.102	   3.116	   3.072	   3.079	       10766715	      3.110	      3.122	      3.123	      3.216	           	      0.000	 107667.148	 126422.461	 107698.289	     -0.026	     -0.027	      0.001	
 2017/06/02	   3.070	   3.104	   3.053	   3.097	       10286329	      3.106	      3.115	      3.119	      3.214	           	      0.000	 102863.289	 111972.313	 102088.055	     -0.026	     -0.027	      0.001	
 2017/06/05	   3.101	   3.130	   3.101	   3.122	        9175242	      3.103	      3.113	      3.117	      3.211	           	      0.000	  91752.422	  94683.203	 102529.125	     -0.023	     -0.026	      0.005	
 2017/06/06	   3.120	   3.142	   3.118	   3.142	        7878080	      3.109	      3.113	      3.117	      3.209	           	      0.000	  78780.797	  92406.133	 105785.008	     -0.020	     -0.025	      0.010	
 2017/06/07	   3.143	   3.217	   3.138	   3.215	       17081040	      3.131	      3.122	      3.123	      3.209	           	      0.000	 170810.406	 110374.813	 116873.531	     -0.011	     -0.022	      0.023	
 2017/06/08	   3.214	   3.223	   3.201	   3.213	       11385489	      3.158	      3.134	      3.128	      3.208	           	      0.000	 113854.891	 111612.359	 119017.406	     -0.004	     -0.018	      0.029	
 2017/06/09	   3.206	   3.242	   3.206	   3.242	       11605022	      3.187	      3.146	      3.136	      3.208	           	      0.000	 116050.219	 114249.750	 113111.031	      0.004	     -0.014	      0.036	
 2017/06/12	   3.224	   3.230	   3.206	   3.209	       11133917	      3.204	      3.154	      3.142	      3.207	           	      0.000	 111339.172	 118167.094	 106425.148	      0.008	     -0.009	      0.034	
 2017/06/13	   3.206	   3.266	   3.202	   3.256	       14432363	      3.227	      3.168	      3.151	      3.206	           	      0.000	 144323.625	 131275.656	 111840.898	      0.014	     -0.005	      0.038	
 2017/06/14	   3.254	   3.260	   3.224	   3.227	        8565001	      3.229	      3.180	      3.156	      3.206	           	      0.000	  85650.008	 114243.586	 112309.195	      0.017	     -0.000	      0.034	
 2017/06/15	   3.227	   3.254	   3.219	   3.253	        6581500	      3.237	      3.198	      3.160	      3.205	           	      0.000	  65815.000	 104635.602	 108123.984	      0.021	      0.004	      0.034	
 2017/06/16	   3.253	   3.257	   3.238	   3.244	        5385100	      3.238	      3.212	      3.164	      3.204	           	      0.000	  53851.000	  92195.758	 103222.750	      0.023	      0.008	      0.030	
 2017/06/19	   3.248	   3.258	   3.235	   3.257	        5578800	      3.247	      3.226	      3.169	      3.204	           	      0.000	  55788.000	  81085.523	  99626.313	      0.025	      0.011	      0.028	
 2017/06/20	   3.262	   3.278	   3.257	   3.261	        5678500	      3.248	      3.238	      3.175	      3.204	           	      0.000	  56785.000	  63577.801	  97426.734	      0.027	      0.014	      0.025	
 2017/06/21	   3.269	   3.300	   3.262	   3.300	       10677377	      3.263	      3.246	      3.184	      3.204	           	      0.000	 106773.773	  67802.555	  91023.070	      0.031	      0.018	      0.027	
 2017/06/22	   3.300	   3.323	   3.265	   3.270	       12852433	      3.266	      3.252	      3.193	      3.204	           	      0.000	 128524.328	  80344.422	  92490.016	      0.032	      0.021	      0.023	
 2017/06/23	   3.266	   3.307	   3.246	   3.302	       13522367	      3.278	      3.258	      3.202	      3.203	           	      0.000	 135223.672	  96618.953	  94407.359	      0.035	      0.023	      0.023	
 2017/06/26	   3.303	   3.360	   3.303	   3.360	       12619029	      3.299	      3.273	      3.213	      3.205	           	      0.000	 126190.289	 110699.414	  95892.469	      0.041	      0.027	      0.028	
 2017/06/27	   3.359	   3.363	   3.340	   3.344	        6102587	      3.315	      3.282	      3.225	      3.205	           	      0.000	  61025.871	 111547.586	  87562.695	      0.044	      0.030	      0.028	
 2017/06/28	   3.341	   3.349	   3.326	   3.330	        6734501	      3.321	      3.292	      3.236	      3.206	           	      0.000	  67345.008	 103661.836	  85732.195	      0.045	      0.033	      0.024	
 2017/06/29	   3.329	   3.366	   3.329	   3.365	        6585946	      3.340	      3.303	      3.250	      3.209	           	      0.000	  65859.461	  91128.859	  85736.641	      0.048	      0.036	      0.024	
 2017/06/30	   3.359	   3.374	   3.333	   3.370	       12256983	      3.354	      3.316	      3.264	      3.211	           	      0.000	 122569.828	  88598.094	  92608.523	      0.050	      0.039	      0.022	
 2017/07/03	   3.358	   3.372	   3.335	   3.360	        8240576	      3.354	      3.326	      3.276	      3.211	           	      0.000	  82405.758	  79841.188	  95270.297	      0.051	      0.041	      0.018	
 2017/07/04	   3.360	   3.364	   3.332	   3.343	        4709363	      3.354	      3.334	      3.286	      3.212	           	      0.000	  47093.629	  77054.734	  94301.164	      0.049	      0.043	      0.012	
 2017/07/05	   3.339	   3.381	   3.331	   3.381	        7621876	      3.364	      3.342	      3.294	      3.212	           	      0.000	  76218.758	  78829.484	  91245.656	      0.050	      0.044	      0.012	
 2017/07/06	   3.372	   3.398	   3.356	   3.373	       14065606	      3.365	      3.353	      3.302	      3.214	           	      0.000	 140656.063	  93788.805	  92458.836	      0.050	      0.045	      0.009	
 2017/07/07	   3.373	   3.385	   3.356	   3.379	       10443297	      3.367	      3.360	      3.309	      3.215	           	      0.000	 104432.969	  90161.438	  89379.766	      0.049	      0.046	      0.007	
 2017/07/10	   3.375	   3.379	   3.353	   3.355	        7972201	      3.366	      3.360	      3.316	      3.216	           	      0.000	  79722.008	  89624.688	  84732.938	      0.047	      0.046	      0.001	
 2017/07/11	   3.351	   3.375	   3.333	   3.340	        8654797	      3.366	      3.360	      3.321	      3.216	           	      0.000	  86547.969	  97515.555	  87285.148	      0.043	      0.046	     -0.005	
 2017/07/12	   3.335	   3.349	   3.308	   3.348	        9038197	      3.359	      3.361	      3.327	      3.218	           	      0.000	  90381.969	 100348.195	  89588.844	      0.040	      0.044	     -0.009	
 2017/07/13	   3.342	   3.355	   3.333	   3.348	        5081417	      3.354	      3.360	      3.332	      3.219	           	      0.000	  50814.172	  82379.820	  88084.313	      0.037	      0.043	     -0.012	
 2017/07/14	   3.350	   3.358	   3.325	   3.355	        4128803	      3.349	      3.358	      3.337	      3.221	           	      0.000	  41288.031	  69750.828	  79956.133	      0.035	      0.042	     -0.012	
 2017/07/17	   3.346	   3.346	   3.205	   3.240	       19135308	      3.326	      3.346	      3.336	      3.221	           	      0.000	 191353.078	  92077.047	  90850.867	      0.024	      0.038	     -0.028	
 2017/07/18	   3.239	   3.260	   3.211	   3.249	       13160611	      3.308	      3.337	      3.336	      3.221	           	      0.000	 131606.109	 101088.672	  99302.109	      0.016	      0.034	     -0.035	
 2017/07/19	   3.245	   3.338	   3.238	   3.336	       12761997	      3.306	      3.332	      3.337	      3.223	           	      0.000	 127619.969	 108536.273	 104442.234	      0.016	      0.030	     -0.028	
 2017/07/20	   3.333	   3.367	   3.325	   3.365	       11175503	      3.309	      3.332	      3.342	      3.226	           	      0.000	 111755.031	 120724.445	 101552.133	      0.018	      0.028	     -0.019	
 2017/07/21	   3.365	   3.380	   3.356	   3.362	        8053562	      3.310	      3.330	      3.345	      3.229	           	      0.000	  80535.617	 128573.961	  99162.398	      0.020	      0.026	     -0.013	
 2017/07/24	   3.351	   3.377	   3.351	   3.371	        3857201	      3.337	      3.331	      3.346	      3.232	           	      0.000	  38572.012	  98017.750	  95047.398	      0.021	      0.025	     -0.008	
 2017/07/25	   3.371	   3.380	   3.341	   3.354	        4746400	      3.358	      3.333	      3.346	      3.235	           	      0.000	  47464.000	  81189.328	  91139.000	      0.021	      0.024	     -0.007	
 2017/07/26	   3.354	   3.357	   3.310	   3.322	        6057500	      3.355	      3.330	      3.346	      3.237	           	      0.000	  60575.000	  67780.328	  88158.305	      0.018	      0.023	     -0.010	
 2017/07/27	   3.323	   3.378	   3.297	   3.372	       10593609	      3.356	      3.333	      3.346	      3.240	           	      0.000	 105936.094	  66616.547	  93670.492	      0.019	      0.022	     -0.006	
 2017/07/28	   3.365	   3.393	   3.361	   3.388	        7135281	      3.361	      3.336	      3.347	      3.243	           	      0.000	  71352.813	  64779.984	  96676.969	      0.022	      0.022	     -0.001	
 2017/07/31	   3.385	   3.427	   3.380	   3.427	       15473992	      3.373	      3.355	      3.350	      3.248	           	      0.000	 154739.922	  88013.563	  93015.656	      0.026	      0.023	      0.006	
 2017/08/01	   3.423	   3.434	   3.410	   3.432	        8476701	      3.388	      3.373	      3.355	      3.253	           	      0.000	  84767.008	  95474.164	  88331.750	      0.030	      0.024	      0.011	
 2017/08/02	   3.431	   3.450	   3.413	   3.418	        7029209	      3.407	      3.381	      3.357	      3.258	           	      0.000	  70292.094	  97417.586	  82598.961	      0.031	      0.026	      0.011	
 2017/08/03	   3.414	   3.424	   3.386	   3.387	        6497600	      3.410	      3.383	      3.357	      3.263	           	      0.000	  64976.000	  89225.570	  77921.055	      0.029	      0.026	      0.006	
 2017/08/04	   3.390	   3.392	   3.355	   3.358	        6520604	      3.404	      3.383	      3.356	      3.267	           	      0.000	  65206.039	  87996.211	  76388.102	      0.025	      0.026	     -0.002	
 2017/08/07	   3.351	   3.381	   3.351	   3.379	        7884101	      3.395	      3.384	      3.358	      3.272	           	      0.000	  78841.008	  72816.430	  80415.000	      0.024	      0.026	     -0.004	
 2017/08/08	   3.381	   3.393	   3.376	   3.382	       10416223	      3.385	      3.386	      3.360	      3.277	           	      0.000	 104162.227	  76695.477	  86084.820	      0.022	      0.025	     -0.006	
 2017/08/09	   3.374	   3.406	   3.374	   3.406	       15996625	      3.382	      3.395	      3.363	      3.282	           	      0.000	 159966.250	  94630.305	  96023.945	      0.023	      0.025	     -0.004	
 2017/08/10	   3.404	   3.419	   3.374	   3.392	       13775188	      3.383	      3.397	      3.365	      3.285	           	      0.000	 137751.875	 109185.477	  99205.523	      0.022	      0.024	     -0.004	
 2017/08/11	   3.379	   3.396	   3.322	   3.322	        9468009	      3.376	      3.390	      3.363	      3.288	           	      0.000	  94680.094	 115080.289	 101538.250	      0.015	      0.022	     -0.014	
 2017/08/14	   3.328	   3.442	   3.328	   3.442	       14231831	      3.389	      3.392	      3.373	      3.293	           	      0.000	 142318.313	 127775.750	 100296.094	      0.020	      0.022	     -0.004	
 2017/08/15	   3.444	   3.462	   3.439	   3.458	        9207142	      3.404	      3.394	      3.384	      3.298	           	      0.000	  92071.422	 125357.594	 101026.531	      0.024	      0.022	      0.004	
 2017/08/16	   3.460	   3.498	   3.440	   3.490	       13556734	      3.421	      3.402	      3.391	      3.304	           	      0.000	 135567.344	 120477.813	 107554.055	      0.030	      0.024	      0.012	
 2017/08/17	   3.481	   3.510	   3.471	   3.501	        7388700	      3.443	      3.413	      3.398	      3.311	           	      0.000	  73887.000	 107704.836	 108445.156	      0.035	      0.026	      0.018	
 2017/08/18	   3.484	   3.500	   3.473	   3.498	        7867501	      3.478	      3.427	      3.405	      3.317	           	      0.000	  78675.008	 104503.820	 109792.055	      0.038	      0.028	      0.019	
 2017/08/21	   3.492	   3.508	   3.486	   3.504	       11402200	      3.490	      3.439	      3.412	      3.324	           	      0.000	 114022.000	  98844.555	 113310.156	      0.041	      0.031	      0.020	
 2017/08/22	   3.503	   3.505	   3.486	   3.494	        7418971	      3.497	      3.451	      3.419	      3.330	           	      0.000	  74189.711	  95268.211	 110312.898	      0.041	      0.033	      0.017	
 2017/08/23	   3.494	   3.502	   3.472	   3.490	        5261404	      3.497	      3.459	      3.427	      3.336	           	      0.000	  52614.039	  78677.555	  99577.680	      0.041	      0.035	      0.013	
 2017/08/24	   3.488	   3.489	   3.456	   3.462	       11360600	      3.490	      3.466	      3.431	      3.343	           	      0.000	 113606.000	  86621.352	  97163.094	      0.038	      0.035	      0.006	
 2017/08/25	   3.460	   3.502	   3.460	   3.496	       10142433	      3.489	      3.484	      3.437	      3.349	           	      0.000	 101424.328	  91171.219	  97837.516	      0.038	      0.036	      0.005	
 2017/08/28	   3.505	   3.581	   3.495	   3.525	       19074400	      3.493	      3.492	      3.442	      3.356	           	      0.000	 190744.000	 106515.617	 102680.086	      0.040	      0.037	      0.007	
 2017/08/29	   3.540	   3.553	   3.523	   3.531	        7006933	      3.501	      3.499	      3.447	      3.363	           	      0.000	  70069.328	 105691.539	 100479.875	      0.042	      0.038	      0.008	
 2017/08/30	   3.530	   3.558	   3.522	   3.546	        6305263	      3.512	      3.505	      3.453	      3.368	           	      0.000	  63052.629	 107779.258	  93228.406	      0.044	      0.039	      0.010	
 2017/08/31	   3.549	   3.562	   3.544	   3.562	        5117530	      3.532	      3.511	      3.462	      3.374	           	      0.000	  51175.301	  95293.117	  90957.234	      0.046	      0.040	      0.011	
 2017/09/01	   3.571	   3.592	   3.553	   3.591	        6931943	      3.551	      3.520	      3.474	      3.380	           	      0.000	  69319.430	  88872.141	  90021.680	      0.050	      0.042	      0.015	
 2017/09/04	   3.591	   3.620	   3.582	   3.618	        7827371	      3.570	      3.532	      3.485	      3.387	           	      0.000	  78273.711	  66378.078	  86446.844	      0.054	      0.045	      0.019	
 2017/09/05	   3.615	   3.636	   3.600	   3.636	        5553614	      3.591	      3.546	      3.498	      3.393	           	      0.000	  55536.141	  63471.441	  84581.492	      0.058	      0.047	      0.022	
 2017/09/06	   3.627	   3.657	   3.617	   3.638	        6897844	      3.609	      3.560	      3.510	      3.400	           	      0.000	  68978.438	  64656.605	  86217.930	      0.061	      0.050	      0.022	
 2017/09/07	   3.646	   3.652	   3.609	   3.613	       12672100	      3.619	      3.576	      3.521	      3.406	           	      0.000	 126721.000	  79765.742	  87529.430	      0.061	      0.052	      0.017	
 2017/09/08	   3.611	   3.639	   3.601	   3.624	        9230700	      3.626	      3.588	      3.536	      3.412	           	      0.000	  92307.000	  84363.258	  86617.695	      0.060	      0.054	      0.013	
 2017/09/11	   3.623	   3.667	   3.623	   3.667	        7719828	      3.636	      3.603	      3.547	      3.419	           	      0.000	  77198.281	  84148.172	  75263.125	      0.063	      0.056	      0.015	
 2017/09/12	   3.669	   3.718	   3.648	   3.670	       11933314	      3.642	      3.616	      3.558	      3.426	           	      0.000	 119333.141	  96907.570	  80189.508	      0.065	      0.057	      0.014	
 2017/09/13	   3.664	   3.688	   3.640	   3.680	        6025662	      3.651	      3.630	      3.567	      3.432	           	      0.000	  60256.621	  95163.211	  79909.906	      0.066	      0.059	      0.013	
 2017/09/14	   3.673	   3.685	   3.647	   3.653	        7572043	      3.659	      3.639	      3.575	      3.438	           	      0.000	  75720.430	  84963.094	  82364.422	      0.064	      0.060	      0.008	
 2017/09/15	   3.655	   3.655	   3.623	   3.636	       19401552	      3.661	      3.644	      3.582	      3.444	           	      0.000	 194015.516	 105304.797	  94834.031	      0.060	      0.060	      0.000	
 2017/09/18	   3.636	   3.684	   3.636	   3.679	       14856345	      3.664	      3.650	      3.591	      3.449	           	      0.000	 148563.453	 119577.828	 101863.000	      0.060	      0.060	      0.000	
 2017/09/19	   3.681	   3.685	   3.632	   3.638	       13977874	      3.657	      3.650	      3.598	      3.454	           	      0.000	 139778.734	 123666.953	 110287.258	      0.056	      0.059	     -0.006	
 2017/09/20	   3.645	   3.695	   3.645	   3.691	       17841180	      3.659	      3.655	      3.608	      3.460	           	      0.000	 178411.797	 147297.984	 121230.594	      0.057	      0.059	     -0.004	
 2017/09/21	   3.693	   3.701	   3.672	   3.682	        7328268	      3.665	      3.662	      3.619	      3.465	           	      0.000	  73282.680	 146810.438	 115886.766	      0.056	      0.058	     -0.005	
 2017/09/22	   3.668	   3.673	   3.643	   3.660	       11990200	      3.670	      3.666	      3.627	      3.470	           	      0.000	 119902.000	 131987.734	 118646.266	      0.053	      0.057	     -0.009	
 2017/09/25	   3.642	   3.655	   3.607	   3.611	        7629700	      3.656	      3.660	      3.631	      3.474	           	      0.000	  76297.000	 117534.445	 118556.141	      0.046	      0.055	     -0.018	
 2017/09/26	   3.611	   3.624	   3.591	   3.614	        8895460	      3.652	      3.654	      3.635	      3.479	           	      0.000	  88954.602	 107369.617	 115518.281	      0.040	      0.052	     -0.024	
 2017/09/27	   3.610	   3.668	   3.610	   3.656	        8372883	      3.645	      3.652	      3.641	      3.484	           	      0.000	  83728.828	  88433.023	 117865.500	      0.038	      0.049	     -0.022	
 2017/09/28	   3.656	   3.669	   3.646	   3.658	        9111810	      3.640	      3.652	      3.646	      3.488	           	      0.000	  91118.102	  92000.109	 119405.273	      0.037	      0.047	     -0.020	
 2017/09/29	   3.659	   3.680	   3.659	   3.676	       11390222	      3.643	      3.657	      3.650	      3.493	           	      0.000	 113902.219	  90800.148	 111393.938	      0.036	      0.045	     -0.016	
 2017/10/09	   3.721	   3.746	   3.701	   3.712	       13616300	      3.663	      3.660	      3.655	      3.499	           	      0.000	 136163.000	 102773.352	 110153.898	      0.039	      0.043	     -0.009	
 2017/10/10	   3.713	   3.740	   3.702	   3.739	       12460900	      3.688	      3.670	      3.660	      3.506	           	      0.000	 124609.000	 109904.227	 108636.922	      0.042	      0.043	     -0.002	
 2017/10/11	   3.738	   3.762	   3.722	   3.752	        9162350	      3.707	      3.676	      3.666	      3.513	           	      0.000	  91623.500	 111483.164	  99958.094	      0.046	      0.044	      0.004	
 2017/10/12	   3.753	   3.759	   3.723	   3.740	        6949150	      3.724	      3.682	      3.672	      3.519	           	      0.000	  69491.500	 107157.844	  99578.977	      0.047	      0.044	      0.005	
 2017/10/13	   3.739	   3.784	   3.739	   3.779	       12652628	      3.744	      3.694	      3.680	      3.526	           	      0.000	 126526.281	 109682.656	 100241.406	      0.050	      0.045	      0.009	
 2017/10/16	   3.778	   3.806	   3.753	   3.753	       14743458	      3.753	      3.708	      3.684	      3.535	           	      0.000	 147434.578	 111936.969	 107355.164	      0.050	      0.046	      0.008	
 2017/10/17	   3.750	   3.773	   3.729	   3.752	       11939202	      3.755	      3.722	      3.688	      3.543	           	      0.000	 119392.023	 110893.578	 110398.906	      0.050	      0.047	      0.005	
 2017/10/18	   3.751	   3.779	   3.749	   3.762	        8606734	      3.757	      3.732	      3.692	      3.550	           	      0.000	  86067.344	 109782.344	 110632.758	      0.049	      0.048	      0.004	
 2017/10/19	   3.773	   3.775	   3.741	   3.743	        8952705	      3.758	      3.741	      3.697	      3.557	           	      0.000	  89527.047	 113789.453	 110473.648	      0.047	      0.047	     -0.001	
 2017/10/20	   3.734	   3.766	   3.720	   3.765	        9906104	      3.755	      3.750	      3.703	      3.563	           	      0.000	  99061.039	 108296.406	 108989.531	      0.047	      0.047	     -0.001	
 2017/10/23	   3.756	   3.792	   3.756	   3.790	        8372209	      3.762	      3.758	      3.709	      3.570	           	      0.000	  83722.094	  95553.906	 103745.438	      0.048	      0.047	      0.001	
 2017/10/24	   3.785	   3.796	   3.765	   3.796	        7183665	      3.771	      3.763	      3.717	      3.578	           	      0.000	  71836.648	  86042.836	  98468.203	      0.048	      0.048	      0.002	
 2017/10/25	   3.795	   3.813	   3.782	   3.813	        8374139	      3.781	      3.769	      3.723	      3.586	           	      0.000	  83741.391	  85577.641	  97679.992	      0.050	      0.048	      0.003	
 2017/10/26	   3.813	   3.834	   3.798	   3.818	       13742474	      3.796	      3.777	      3.729	      3.593	           	      0.000	 137424.734	  95157.180	 104473.320	      0.051	      0.048	      0.004	
 2017/10/27	   3.812	   3.823	   3.791	   3.793	        9769000	      3.802	      3.779	      3.736	      3.600	           	      0.000	  97690.000	  94882.977	 101589.688	      0.049	      0.049	      0.000	
 2017/10/30	   3.790	   3.810	   3.712	   3.758	       19139864	      3.796	      3.779	      3.743	      3.606	           	      0.000	 191398.641	 116418.281	 105986.094	      0.044	      0.048	     -0.007	
 2017/10/31	   3.750	   3.800	   3.742	   3.800	       15120276	      3.796	      3.784	      3.753	      3.612	           	      0.000	 151202.766	 132291.500	 109167.172	      0.043	      0.047	     -0.007	
 2017/11/01	   3.801	   3.814	   3.787	   3.792	       10071382	      3.792	      3.787	      3.760	      3.618	           	      0.000	 100713.820	 135686.000	 110631.820	      0.041	      0.046	     -0.009	
 2017/11/02	   3.791	   3.799	   3.759	   3.789	        7282232	      3.786	      3.791	      3.766	      3.625	           	      0.000	  72822.320	 122765.508	 108961.344	      0.039	      0.044	     -0.010	
 2017/11/03	   3.777	   3.808	   3.745	   3.771	       11536775	      3.782	      3.792	      3.771	      3.631	           	      0.000	 115367.750	 126301.063	 110592.016	      0.036	      0.043	     -0.014	
 2017/11/06	   3.753	   3.815	   3.753	   3.815	        8688290	      3.793	      3.794	      3.776	      3.639	           	      0.000	  86882.898	 105397.914	 110908.094	      0.036	      0.041	     -0.011	
 2017/11/07	   3.816	   3.850	   3.812	   3.850	        9487427	      3.803	      3.800	      3.782	      3.647	           	      0.000	  94874.273	  94132.211	 113211.859	      0.038	      0.041	     -0.004	
 2017/11/08	   3.849	   3.885	   3.830	   3.838	       10534462	      3.813	      3.802	      3.786	      3.654	           	      0.000	 105344.617	  95058.375	 115372.180	      0.039	      0.040	     -0.002	
 2017/11/09	   3.835	   3.887	   3.823	   3.887	        9058887	      3.832	      3.809	      3.793	      3.662	           	      0.000	  90588.867	  98611.680	 110688.594	      0.043	      0.041	      0.004	
 2017/11/10	   3.884	   3.929	   3.875	   3.924	       13829210	      3.863	      3.822	      3.800	      3.672	           	      0.000	 138292.094	 103196.547	 114748.805	      0.049	      0.042	      0.012	
 2017/11/13	   3.921	   3.967	   3.914	   3.958	       13863942	      3.891	      3.842	      3.811	      3.681	           	      0.000	 138639.422	 113547.852	 109472.883	      0.055	      0.045	      0.020	
 2017/11/14	   3.961	   3.970	   3.906	   3.918	       18436876	      3.905	      3.854	      3.819	      3.688	           	      0.000	 184368.766	 131446.750	 112789.484	      0.056	      0.047	      0.018	
 2017/11/15	   3.900	   3.906	   3.806	   3.827	       38508336	      3.903	      3.858	      3.822	      3.694	           	      0.000	 385083.375	 187394.500	 141226.438	      0.050	      0.048	      0.004	
 2017/11/16	   3.823	   3.876	   3.823	   3.868	       15980300	      3.899	      3.866	      3.829	      3.700	           	      0.000	 159803.000	 201237.328	 149924.500	      0.047	      0.048	     -0.001	
 2017/11/17	   3.859	   3.874	   3.788	   3.790	       31418600	      3.872	      3.868	      3.830	      3.705	           	      0.000	 314186.000	 236416.109	 169806.328	      0.038	      0.046	     -0.015	
 2017/11/20	   3.771	   3.870	   3.726	   3.870	       29076994	      3.855	      3.873	      3.834	      3.711	           	      0.000	 290769.938	 266842.219	 190195.031	      0.037	      0.044	     -0.014	
 2017/11/21	   3.868	   3.925	   3.858	   3.925	       26014516	      3.856	      3.881	      3.840	      3.718	           	      0.000	 260145.156	 281997.500	 206722.125	      0.040	      0.043	     -0.006	
 2017/11/22	   3.933	   3.945	   3.859	   3.900	       34956656	      3.871	      3.887	      3.845	      3.725	           	      0.000	 349566.563	 274894.125	 231144.313	      0.040	      0.043	     -0.005	
 2017/11/23	   3.894	   3.894	   3.750	   3.752	       41905696	      3.847	      3.873	      3.841	      3.730	           	      0.000	 419056.969	 326744.938	 263991.125	      0.028	      0.040	     -0.023	
 2017/11/24	   3.737	   3.788	   3.721	   3.751	       29266540	      3.840	      3.856	      3.839	      3.734	           	      0.000	 292665.406	 322440.813	 279428.469	      0.018	      0.035	     -0.035	
 2017/11/27	   3.746	   3.746	   3.653	   3.653	       21534256	      3.796	      3.825	      3.834	      3.736	           	      0.000	 215342.563	 307355.344	 287098.781	      0.002	      0.029	     -0.053	
 2017/11/28	   3.655	   3.728	   3.655	   3.720	       26494596	      3.755	      3.806	      3.830	      3.739	           	      0.000	 264945.969	 308315.500	 295156.500	     -0.005	      0.022	     -0.054	
 2017/11/29	   3.728	   3.737	   3.668	   3.711	       15955648	      3.717	      3.794	      3.826	      3.742	           	      0.000	 159556.484	 270313.469	 272603.813	     -0.011	      0.015	     -0.053	
 2017/11/30	   3.700	   3.720	   3.653	   3.662	       12829650	      3.699	      3.773	      3.819	      3.744	           	      0.000	 128296.500	 212161.391	 269453.156	     -0.020	      0.008	     -0.056	
 2017/12/01	   3.662	   3.728	   3.659	   3.710	       11821310	      3.691	      3.765	      3.816	      3.746	           	      0.000	 118213.102	 177270.922	 249855.859	     -0.022	      0.002	     -0.049	
 2017/12/04	   3.709	   3.733	   3.692	   3.698	        9915950	      3.700	      3.748	      3.811	      3.747	           	      0.000	  99159.500	 154034.313	 230694.828	     -0.025	     -0.003	     -0.044	
 2017/12/05	   3.697	   3.718	   3.612	   3.628	       17791550	      3.682	      3.719	      3.799	      3.747	           	      0.000	 177915.500	 136628.219	 222471.859	     -0.033	     -0.009	     -0.047	
 2017/12/06	   3.632	   3.661	   3.578	   3.657	       28782728	      3.671	      3.694	      3.790	      3.747	           	      0.000	 287827.281	 162282.375	 216297.922	     -0.036	     -0.015	     -0.043	
 2017/12/07	   3.640	   3.652	   3.600	   3.605	       18457506	      3.660	      3.680	      3.776	      3.747	           	      0.000	 184575.063	 173538.094	 192849.734	     -0.042	     -0.020	     -0.044	
 2017/12/08	   3.602	   3.670	   3.600	   3.658	       19981392	      3.649	      3.670	      3.763	      3.748	           	      0.000	 199813.922	 189858.250	 183564.594	     -0.042	     -0.025	     -0.036	
 2017/12/11	   3.660	   3.731	   3.660	   3.730	       23223514	      3.656	      3.678	      3.752	      3.749	           	      0.000	 232235.141	 216473.375	 185253.844	     -0.036	     -0.027	     -0.019	
 2017/12/12	   3.738	   3.757	   3.705	   3.706	       20576652	      3.671	      3.677	      3.741	      3.749	           	      0.000	 205766.516	 222043.578	 179335.906	     -0.033	     -0.028	     -0.010	
 2017/12/13	   3.702	   3.745	   3.694	   3.744	       17346432	      3.689	      3.680	      3.737	      3.750	           	      0.000	 173464.313	 199170.984	 180726.688	     -0.027	     -0.028	      0.002	
 2017/12/14	   3.741	   3.745	   3.697	   3.716	       15738433	      3.711	      3.685	      3.729	      3.751	           	      0.000	 157384.328	 193732.844	 183635.469	     -0.024	     -0.027	      0.006	
 2017/12/15	   3.709	   3.715	   3.665	   3.672	       15000926	      3.714	      3.681	      3.723	      3.752	           	      0.000	 150009.266	 183771.906	 186815.078	     -0.025	     -0.027	      0.003	
 2017/12/18	   3.663	   3.679	   3.624	   3.633	       12088800	      3.694	      3.675	      3.712	      3.751	           	      0.000	 120888.000	 161502.484	 188987.938	     -0.029	     -0.027	     -0.004	
 2017/12/19	   3.638	   3.677	   3.638	   3.677	       10645853	      3.688	      3.680	      3.699	      3.752	           	      0.000	 106458.531	 141640.891	 181842.234	     -0.028	     -0.028	     -0.001	
 2017/12/20	   3.674	   3.678	   3.647	   3.654	        9933753	      3.670	      3.680	      3.687	      3.751	           	      0.000	  99337.531	 126815.531	 162993.266	     -0.029	     -0.028	     -0.002	
 2017/12/21	   3.650	   3.723	   3.641	   3.710	       21033856	      3.669	      3.690	      3.685	      3.752	           	      0.000	 210338.563	 137406.375	 165569.609	     -0.025	     -0.027	      0.005	
 2017/12/22	   3.703	   3.723	   3.685	   3.691	       11939674	      3.673	      3.693	      3.682	      3.752	           	      0.000	 119396.742	 131283.875	 157527.891	     -0.023	     -0.026	      0.007	
 2017/12/25	   3.685	   3.699	   3.636	   3.652	       12438900	      3.677	      3.685	      3.682	      3.753	           	      0.000	 124389.000	 131984.078	 146743.281	     -0.024	     -0.026	      0.004	
 2017/12/26	   3.646	   3.664	   3.623	   3.659	       15741762	      3.673	      3.681	      3.679	      3.754	           	      0.000	 157417.625	 142175.891	 141908.391	     -0.024	     -0.025	      0.003	
 2017/12/27	   3.659	   3.659	   3.615	   3.616	       17030402	      3.666	      3.668	      3.674	      3.753	           	      0.000	 170304.016	 156369.188	 141592.359	     -0.027	     -0.026	     -0.003	
 2017/12/28	   3.614	   3.647	   3.605	   3.633	        9606402	      3.650	      3.660	      3.672	      3.753	           	      0.000	  96064.023	 133514.281	 135460.328	     -0.028	     -0.026	     -0.004	
 2017/12/29	   3.637	   3.669	   3.637	   3.668	        8840891	      3.646	      3.659	      3.670	      3.753	           	      0.000	  88408.906	 127316.711	 129300.297	     -0.026	     -0.026	      0.001	
 2018/01/02	   3.668	   3.706	   3.663	   3.704	       16044708	      3.656	      3.666	      3.671	      3.752	           	      0.000	 160447.078	 134528.328	 133256.203	     -0.021	     -0.025	      0.009	
 2018/01/03	   3.696	   3.768	   3.696	   3.749	       19680692	      3.674	      3.674	      3.677	      3.753	           	      0.000	 196806.922	 142406.188	 142291.047	     -0.013	     -0.023	      0.019	
 2018/01/04	   3.745	   3.770	   3.737	   3.765	       13893142	      3.704	      3.685	      3.682	      3.753	           	      0.000	 138931.422	 136131.672	 146250.438	     -0.005	     -0.019	      0.028	
 2018/01/05	   3.764	   3.764	   3.737	   3.743	        7429521	      3.726	      3.688	      3.689	      3.753	           	      0.000	  74295.211	 131777.906	 132646.094	     -0.001	     -0.016	      0.029	
 2018/01/08	   3.746	   3.750	   3.720	   3.750	        7275651	      3.742	      3.694	      3.694	      3.752	           	      0.000	  72756.508	 128647.430	 127982.070	      0.003	     -0.012	      0.029	
 2018/01/09	   3.745	   3.760	   3.732	   3.757	        9337268	      3.753	      3.704	      3.695	      3.752	           	      0.000	  93372.680	 115232.547	 124880.438	      0.006	     -0.008	      0.029	
 2018/01/10	   3.754	   3.759	   3.712	   3.749	       11986368	      3.753	      3.713	      3.697	      3.752	           	      0.000	 119863.680	  99843.898	 121125.047	      0.008	     -0.005	      0.027	
 2018/01/11	   3.731	   3.780	   3.725	   3.773	       15120368	      3.754	      3.729	      3.699	      3.753	           	      0.000	 151203.688	 102298.352	 119215.016	      0.012	     -0.002	      0.027	
 2018/01/12	   3.773	   3.776	   3.744	   3.760	       12633388	      3.758	      3.742	      3.701	      3.753	           	      0.000	 126333.883	 112706.086	 122242.000	      0.013	      0.001	      0.024	
 2018/01/15	   3.756	   3.756	   3.675	   3.687	       18693500	      3.745	      3.744	      3.701	      3.752	           	      0.000	 186935.000	 135541.781	 132094.609	      0.009	      0.003	      0.011	
 2018/01/16	   3.685	   3.711	   3.666	   3.692	       18487960	      3.732	      3.743	      3.704	      3.750	           	      0.000	 184879.594	 153843.172	 134537.859	      0.005	      0.003	      0.004	
 2018/01/17	   3.685	   3.685	   3.601	   3.657	       19781978	      3.714	      3.733	      3.703	      3.748	           	      0.000	 197819.781	 169434.391	 134639.141	     -0.000	      0.002	     -0.006	
 2018/01/18	   3.647	   3.706	   3.647	   3.661	       13115831	      3.691	      3.723	      3.704	      3.745	           	      0.000	 131158.313	 165425.313	 133861.828	     -0.005	      0.001	     -0.011	
 2018/01/19	   3.663	   3.688	   3.644	   3.663	        9427745	      3.672	      3.715	      3.701	      3.742	           	      0.000	  94277.453	 159014.031	 135860.063	     -0.007	     -0.001	     -0.014	
 2018/01/22	   3.655	   3.730	   3.650	   3.729	       25096944	      3.680	      3.713	      3.703	      3.741	           	      0.000	 250969.438	 171820.922	 153681.344	     -0.004	     -0.001	     -0.006	
 2018/01/23	   3.731	   3.758	   3.726	   3.744	       15696080	      3.691	      3.711	      3.708	      3.741	           	      0.000	 156960.797	 166237.156	 160040.156	     -0.001	     -0.001	      0.001	
 2018/01/24	   3.745	   3.761	   3.705	   3.757	       24608288	      3.711	      3.712	      3.713	      3.740	           	      0.000	 246082.875	 175889.781	 172662.078	      0.003	     -0.000	      0.007	
 2018/01/25	   3.758	   3.767	   3.735	   3.735	       21955216	      3.726	      3.708	      3.719	      3.740	           	      0.000	 219552.156	 193568.547	 179496.922	      0.004	      0.001	      0.008	
 2018/01/26	   3.730	   3.741	   3.720	   3.724	       11297430	      3.738	      3.705	      3.723	      3.738	           	      0.000	 112974.297	 197307.906	 178160.969	      0.004	      0.001	      0.006	
 2018/01/29	   3.725	   3.730	   3.640	   3.653	       17952300	      3.723	      3.701	      3.723	      3.736	           	      0.000	 179523.000	 183018.625	 177419.766	     -0.001	      0.001	     -0.004	
 2018/01/30	   3.648	   3.672	   3.634	   3.647	       11443837	      3.703	      3.697	      3.720	      3.734	           	      0.000	 114438.367	 174514.141	 170375.641	     -0.006	     -0.001	     -0.011	
 2018/01/31	   3.625	   3.636	   3.586	   3.594	       13535465	      3.671	      3.691	      3.712	      3.729	           	      0.000	 135354.656	 152368.500	 164129.141	     -0.014	     -0.003	     -0.022	
 2018/02/01	   3.594	   3.612	   3.501	   3.507	       19502868	      3.625	      3.675	      3.699	      3.724	           	      0.000	 195028.688	 147463.797	 170516.172	     -0.027	     -0.008	     -0.038	
 2018/02/02	   3.494	   3.544	   3.450	   3.529	       19518460	      3.586	      3.662	      3.688	      3.718	           	      0.000	 195184.594	 163905.859	 180606.891	     -0.035	     -0.014	     -0.044	
 2018/02/05	   3.494	   3.516	   3.483	   3.501	        6732152	      3.556	      3.639	      3.676	      3.711	           	      0.000	  67321.523	 141465.563	 162242.094	     -0.044	     -0.020	     -0.048	
 2018/02/06	   3.390	   3.459	   3.347	   3.373	       18856912	      3.501	      3.602	      3.657	      3.701	           	      0.000	 188569.125	 156291.719	 165402.922	     -0.060	     -0.028	     -0.064	
 2018/02/07	   3.408	   3.431	   3.294	   3.324	       15140010	      3.447	      3.559	      3.635	      3.691	           	      0.000	 151400.094	 159500.813	 155934.656	     -0.076	     -0.037	     -0.077	
 2018/02/08	   3.320	   3.416	   3.320	   3.402	       15893396	      3.426	      3.525	      3.617	      3.684	           	      0.000	 158933.953	 152281.859	 149872.828	     -0.081	     -0.046	     -0.070	
 2018/02/09	   3.310	   3.349	   3.247	   3.292	       22793888	      3.378	      3.482	      3.594	      3.675	           	      0.000	 227938.875	 158832.719	 161369.281	     -0.093	     -0.055	     -0.075	
 2018/02/12	   3.308	   3.422	   3.308	   3.410	       15057253	      3.360	      3.458	      3.580	      3.668	           	      0.000	 150572.531	 175482.922	 158474.234	     -0.092	     -0.063	     -0.059	
 2018/02/13	   3.419	   3.462	   3.410	   3.418	       16193672	      3.369	      3.435	      3.566	      3.661	           	      0.000	 161936.719	 170156.438	 163224.078	     -0.089	     -0.068	     -0.043	
 2018/02/14	   3.421	   3.445	   3.399	   3.438	        5265638	      3.392	      3.419	      3.555	      3.653	           	      0.000	  52656.379	 150407.688	 154954.250	     -0.085	     -0.071	     -0.027	
 2018/02/22	   3.467	   3.528	   3.467	   3.524	       12807758	      3.416	      3.421	      3.548	      3.646	           	      0.000	 128077.578	 144236.422	 148259.141	     -0.074	     -0.072	     -0.003	
 2018/02/23	   3.525	   3.542	   3.495	   3.526	        9646378	      3.463	      3.421	      3.541	      3.643	           	      0.000	  96463.781	 117941.398	 138387.063	     -0.064	     -0.070	      0.013	
 2018/02/26	   3.550	   3.652	   3.550	   3.637	       22309706	      3.509	      3.434	      3.537	      3.641	           	      0.000	 223097.063	 132446.297	 153964.609	     -0.046	     -0.065	      0.038	
 2018/02/27	   3.640	   3.650	   3.594	   3.603	       17807710	      3.546	      3.457	      3.530	      3.640	           	      0.000	 178077.094	 135674.375	 152915.406	     -0.035	     -0.059	      0.049	
 2018/02/28	   3.570	   3.640	   3.530	   3.621	       17367506	      3.582	      3.487	      3.523	      3.638	           	      0.000	 173675.063	 159878.109	 155142.906	     -0.024	     -0.052	      0.056	
 2018/03/01	   3.605	   3.678	   3.585	   3.678	       17106380	      3.613	      3.515	      3.520	      3.638	           	      0.000	 171063.797	 168475.359	 156355.891	     -0.011	     -0.044	      0.066	
 2018/03/02	   3.650	   3.665	   3.605	   3.608	       16981808	      3.629	      3.546	      3.514	      3.637	           	      0.000	 169818.078	 183146.219	 150543.813	     -0.006	     -0.036	      0.061	
 2018/03/05	   3.615	   3.633	   3.595	   3.625	        8775075	      3.627	      3.568	      3.513	      3.635	           	      0.000	  87750.750	 156076.953	 144261.625	     -0.001	     -0.029	      0.057	
 2018/03/06	   3.628	   3.665	   3.625	   3.657	       16451573	      3.638	      3.592	      3.513	      3.635	           	      0.000	 164515.734	 153364.688	 144519.531	      0.006	     -0.022	      0.057	
 2018/03/07	   3.651	   3.658	   3.610	   3.612	       13484917	      3.636	      3.609	      3.514	      3.634	           	      0.000	 134849.172	 145599.500	 152738.813	      0.008	     -0.016	      0.048	
 2018/03/08	   3.613	   3.645	   3.608	   3.642	        8870879	      3.629	      3.621	      3.521	      3.634	           	      0.000	  88708.789	 129128.508	 148801.938	      0.011	     -0.011	      0.044	
 2018/03/09	   3.648	   3.719	   3.644	   3.717	       18078816	      3.651	      3.640	      3.530	      3.636	           	      0.000	 180788.156	 131322.516	 157234.375	      0.020	     -0.005	      0.049	
 2018/03/12	   3.735	   3.775	   3.735	   3.772	       21245160	      3.680	      3.654	      3.544	      3.638	           	      0.000	 212451.594	 156262.688	 156169.828	      0.031	      0.003	      0.057	
 2018/03/13	   3.769	   3.769	   3.725	   3.726	       12907626	      3.694	      3.666	      3.562	      3.638	           	      0.000	 129076.258	 149174.797	 151269.734	      0.035	      0.009	      0.053	
 2018/03/14	   3.712	   3.737	   3.691	   3.695	        8586217	      3.710	      3.673	      3.580	      3.638	           	      0.000	  85862.172	 139377.391	 142488.453	      0.036	      0.015	      0.043	
 2018/03/15	   3.677	   3.720	   3.669	   3.710	       11524105	      3.724	      3.676	      3.596	      3.637	           	      0.000	 115241.047	 144683.844	 136906.172	      0.037	      0.019	      0.037	
 2018/03/16	   3.706	   3.717	   3.656	   3.656	        9917643	      3.712	      3.681	      3.614	      3.636	           	      0.000	  99176.430	 128361.500	 129842.008	      0.034	      0.022	      0.023	
 2018/03/19	   3.656	   3.698	   3.646	   3.674	       11817900	      3.692	      3.686	      3.627	      3.636	           	      0.000	 118179.000	 109506.984	 132884.828	      0.032	      0.024	      0.016	
 2018/03/20	   3.644	   3.673	   3.631	   3.671	       17865900	      3.681	      3.688	      3.640	      3.637	           	      0.000	 178659.000	 119423.531	 134299.156	      0.030	      0.025	      0.009	
 2018/03/21	   3.676	   3.710	   3.638	   3.645	       11639848	      3.671	      3.691	      3.650	      3.636	           	      0.000	 116398.477	 125530.789	 132454.094	      0.026	      0.025	      0.001	
 2018/03/22	   3.648	   3.667	   3.607	   3.615	       12878012	      3.652	      3.688	      3.655	      3.635	           	      0.000	 128780.117	 128238.602	 136461.219	      0.020	      0.024	     -0.009	
 2018/03/23	   3.505	   3.543	   3.416	   3.460	       38915664	      3.613	      3.662	      3.651	      3.631	           	      0.000	 389156.625	 186234.641	 157298.078	      0.003	      0.020	     -0.034	
 2018/03/26	   3.422	   3.530	   3.403	   3.530	       15753286	      3.584	      3.638	      3.646	      3.629	           	      0.000	 157532.859	 194105.422	 151806.203	     -0.005	      0.015	     -0.040	
 2018/03/27	   3.559	   3.617	   3.559	   3.616	       14398153	      3.573	      3.627	      3.647	      3.628	           	      0.000	 143981.531	 187169.922	 153296.719	     -0.004	      0.011	     -0.031	
 2018/03/28	   3.567	   3.605	   3.548	   3.548	       10939952	      3.554	      3.612	      3.643	      3.626	           	      0.000	 109399.523	 185770.125	 155650.469	     -0.009	      0.007	     -0.032	
 2018/03/29	   3.557	   3.584	   3.508	   3.563	        8445800	      3.543	      3.598	      3.637	      3.625	           	      0.000	  84458.000	 176905.703	 152572.156	     -0.012	      0.003	     -0.030	
 2018/03/30	   3.567	   3.614	   3.567	   3.608	        9744553	      3.573	      3.593	      3.637	      3.625	           	      0.000	  97445.531	 118563.492	 152399.063	     -0.010	      0.001	     -0.021	
 2018/04/02	   3.610	   3.624	   3.572	   3.576	        9796930	      3.582	      3.583	      3.635	      3.623	           	      0.000	  97969.297	 106650.773	 150378.094	     -0.011	     -0.002	     -0.018	
 2018/04/03	   3.540	   3.565	   3.526	   3.552	       10503179	      3.569	      3.571	      3.629	      3.621	           	      0.000	 105031.789	  98860.828	 143015.375	     -0.013	     -0.004	     -0.019	
 2018/04/04	   3.568	   3.576	   3.520	   3.520	        8531086	      3.564	      3.559	      3.625	      3.617	           	      0.000	  85310.859	  94043.094	 139906.609	     -0.018	     -0.007	     -0.022	
 2018/04/09	   3.517	   3.545	   3.489	   3.514	        6927857	      3.554	      3.549	      3.618	      3.613	           	      0.000	  69278.570	  91007.211	 133956.453	     -0.022	     -0.010	     -0.024	
 2018/04/10	   3.516	   3.558	   3.505	   3.555	       10069705	      3.543	      3.558	      3.610	      3.610	           	      0.000	 100697.047	  91657.516	 105110.500	     -0.021	     -0.012	     -0.018	
 2018/04/11	   3.569	   3.597	   3.567	   3.573	        8341572	      3.543	      3.563	      3.600	      3.607	           	      0.000	  83415.719	  88746.797	  97698.789	     -0.019	     -0.013	     -0.011	
 2018/04/12	   3.578	   3.582	   3.545	   3.550	        5910491	      3.542	      3.556	      3.592	      3.603	           	      0.000	  59104.910	  79561.422	  89211.125	     -0.019	     -0.015	     -0.009	
 2018/04/13	   3.576	   3.577	   3.530	   3.540	        5272070	      3.546	      3.555	      3.584	      3.600	           	      0.000	  52720.699	  73043.391	  83543.242	     -0.019	     -0.016	     -0.008	
 2018/04/16	   3.540	   3.548	   3.499	   3.521	        7260980	      3.548	      3.551	      3.574	      3.596	           	      0.000	  72609.797	  73709.633	  82358.422	     -0.021	     -0.017	     -0.009	
 2018/04/17	   3.515	   3.530	   3.416	   3.425	       17866752	      3.522	      3.533	      3.563	      3.590	           	      0.000	 178667.516	  89303.727	  90480.617	     -0.030	     -0.019	     -0.021	
 2018/04/18	   3.433	   3.460	   3.376	   3.453	       15315110	      3.498	      3.520	      3.552	      3.586	           	      0.000	 153151.094	 103250.805	  95998.797	     -0.034	     -0.022	     -0.024	
 2018/04/19	   3.451	   3.507	   3.443	   3.479	        8711800	      3.484	      3.513	      3.542	      3.583	           	      0.000	  87118.000	 108853.422	  94207.422	     -0.035	     -0.025	     -0.021	
 2018/04/20	   3.479	   3.485	   3.420	   3.425	        8304626	      3.461	      3.503	      3.531	      3.579	           	      0.000	  83046.258	 114918.531	  93980.961	     -0.040	     -0.028	     -0.024	
 2018/04/23	   3.421	   3.436	   3.348	   3.373	        8416100	      3.431	      3.489	      3.519	      3.574	           	      0.000	  84161.000	 117228.773	  95469.203	     -0.047	     -0.032	     -0.031	
 2018/04/24	   3.372	   3.448	   3.372	   3.445	        5902400	      3.435	      3.478	      3.518	      3.570	           	      0.000	  59024.000	  93300.070	  91301.898	     -0.046	     -0.035	     -0.024	
 2018/04/25	   3.439	   3.458	   3.425	   3.437	        5108300	      3.432	      3.465	      3.514	      3.565	           	      0.000	  51083.000	  72886.453	  88068.625	     -0.046	     -0.037	     -0.018	
 2018/04/26	   3.440	   3.447	   3.370	   3.371	        6373801	      3.410	      3.447	      3.501	      3.559	           	      0.000	  63738.012	  68210.453	  88531.938	     -0.051	     -0.040	     -0.022	
 2018/04/27	   3.375	   3.411	   3.360	   3.396	        7453891	      3.404	      3.432	      3.494	      3.553	           	      0.000	  74538.906	  66508.984	  90713.758	     -0.052	     -0.042	     -0.019	
 2018/05/02	   3.412	   3.429	   3.391	   3.409	        4198400	      3.412	      3.421	      3.486	      3.548	           	      0.000	  41984.000	  58073.582	  87651.180	     -0.051	     -0.044	     -0.014	
 2018/05/03	   3.415	   3.448	   3.371	   3.446	        7902400	      3.412	      3.423	      3.478	      3.543	           	      0.000	  79024.000	  62073.582	  77686.828	     -0.046	     -0.044	     -0.004	
 2018/05/04	   3.433	   3.473	   3.433	   3.444	        7351443	      3.413	      3.422	      3.471	      3.540	           	      0.000	  73514.430	  66559.867	  69723.164	     -0.043	     -0.044	      0.002	
 2018/05/07	   3.455	   3.519	   3.455	   3.517	       10353200	      3.442	      3.426	      3.470	      3.537	           	      0.000	 103532.000	  74518.664	  71364.563	     -0.034	     -0.042	      0.017	
 2018/05/08	   3.517	   3.537	   3.512	   3.536	       10868327	      3.470	      3.437	      3.470	      3.536	           	      0.000	 108683.273	  81347.539	  73928.266	     -0.025	     -0.038	      0.028	
 2018/05/09	   3.531	   3.543	   3.522	   3.534	        6401164	      3.495	      3.454	      3.471	      3.537	           	      0.000	  64011.641	  85753.070	  71913.328	     -0.017	     -0.034	      0.034	
 2018/05/10	   3.537	   3.557	   3.523	   3.555	        9029607	      3.517	      3.464	      3.471	      3.537	           	      0.000	  90296.070	  88007.484	  75040.531	     -0.010	     -0.029	      0.039	
 2018/05/11	   3.557	   3.566	   3.530	   3.530	        6725116	      3.534	      3.474	      3.469	      3.538	           	      0.000	  67251.156	  86754.828	  76657.352	     -0.006	     -0.025	      0.038	
 2018/05/14	   3.520	   3.594	   3.520	   3.573	       10687477	      3.546	      3.494	      3.470	      3.541	           	      0.000	 106874.773	  87423.383	  80971.023	      0.001	     -0.019	      0.041	
 2018/05/15	   3.587	   3.590	   3.554	   3.590	        3737194	      3.556	      3.513	      3.473	      3.546	           	      0.000	  37371.941	  73161.117	  77254.328	      0.008	     -0.014	      0.043	
 2018/05/16	   3.588	   3.608	   3.576	   3.590	       10497772	      3.568	      3.531	      3.476	      3.549	           	      0.000	 104977.719	  81354.328	  83553.703	      0.013	     -0.009	      0.043	
 2018/05/17	   3.586	   3.589	   3.554	   3.558	        4734272	      3.568	      3.543	      3.483	      3.553	           	      0.000	  47342.719	  72763.664	  80385.570	      0.014	     -0.004	      0.036	
 2018/05/18	   3.565	   3.570	   3.520	   3.562	        5971123	      3.575	      3.555	      3.488	      3.556	           	      0.000	  59711.230	  71255.680	  79005.250	      0.015	     -0.000	      0.031	
 2018/05/21	   3.572	   3.619	   3.572	   3.601	       14984015	      3.580	      3.563	      3.495	      3.559	           	      0.000	 149840.156	  79848.750	  83636.070	      0.019	      0.003	      0.031	
 2018/05/22	   3.600	   3.606	   3.573	   3.605	        8072695	      3.583	      3.570	      3.504	      3.562	           	      0.000	  80726.953	  88519.758	  80840.438	      0.022	      0.007	      0.030	
 2018/05/23	   3.604	   3.604	   3.559	   3.559	        8134889	      3.577	      3.572	      3.513	      3.562	           	      0.000	  81348.891	  83793.992	  82574.164	      0.020	      0.010	      0.021	
 2018/05/24	   3.559	   3.570	   3.531	   3.535	        7605100	      3.572	      3.570	      3.517	      3.562	           	      0.000	  76051.000	  89535.648	  81149.656	      0.017	      0.011	      0.012	
 2018/05/25	   3.535	   3.535	   3.485	   3.485	        8323112	      3.557	      3.566	      3.520	      3.560	           	      0.000	  83231.117	  94239.625	  82747.648	      0.010	      0.011	     -0.001	
 2018/05/28	   3.479	   3.531	   3.470	   3.504	        6778655	      3.538	      3.559	      3.526	      3.558	           	      0.000	  67786.547	  77828.898	  78838.828	      0.006	      0.010	     -0.007	
 2018/05/29	   3.499	   3.524	   3.456	   3.456	        6774600	      3.508	      3.546	      3.529	      3.555	           	      0.000	  67746.000	  75232.711	  81876.234	     -0.000	      0.008	     -0.017	
 2018/05/30	   3.432	   3.435	   3.382	   3.383	        9229300	      3.473	      3.525	      3.528	      3.550	           	      0.000	  92293.000	  77421.531	  80607.758	     -0.012	      0.004	     -0.032	
 2018/05/31	   3.410	   3.450	   3.392	   3.442	        5097100	      3.454	      3.513	      3.528	      3.548	           	      0.000	  50971.000	  72405.531	  80970.586	     -0.016	      0.000	     -0.032	
 2018/06/01	   3.437	   3.437	   3.390	   3.406	        5149800	      3.438	      3.498	      3.526	      3.544	           	      0.000	  51498.000	  66058.906	  80149.266	     -0.022	     -0.004	     -0.035	
 2018/06/04	   3.408	   3.415	   3.384	   3.403	        5026600	      3.418	      3.478	      3.520	      3.540	           	      0.000	  50266.000	  62554.801	  70191.852	     -0.026	     -0.009	     -0.035	
 2018/06/05	   3.404	   3.475	   3.399	   3.470	        8917127	      3.421	      3.464	      3.517	      3.537	           	      0.000	  89171.273	  66839.852	  71036.281	     -0.024	     -0.012	     -0.025	
 2018/06/06	   3.470	   3.485	   3.460	   3.467	        5074805	      3.438	      3.455	      3.514	      3.535	           	      0.000	  50748.051	  58530.863	  67976.195	     -0.022	     -0.014	     -0.017	
 2018/06/07	   3.477	   3.490	   3.446	   3.449	       13594627	      3.439	      3.447	      3.508	      3.530	           	      0.000	 135946.266	  75525.922	  73965.727	     -0.022	     -0.016	     -0.014	
 2018/06/08	   3.446	   3.446	   3.390	   3.412	       15057900	      3.440	      3.439	      3.503	      3.524	           	      0.000	 150579.000	  95342.117	  80700.516	     -0.025	     -0.017	     -0.015	
 2018/06/11	   3.411	   3.420	   3.388	   3.398	        8974800	      3.439	      3.429	      3.494	      3.519	           	      0.000	  89748.000	 103238.516	  82896.656	     -0.028	     -0.019	     -0.017	
 2018/06/12	   3.399	   3.438	   3.372	   3.435	        8766800	      3.432	      3.426	      3.486	      3.514	           	      0.000	  87668.000	 102937.859	  84888.859	     -0.027	     -0.021	     -0.012	
 2018/06/13	   3.431	   3.431	   3.377	   3.379	        6472661	      3.415	      3.426	      3.475	      3.509	           	      0.000	  64726.609	 105733.578	  82132.219	     -0.030	     -0.023	     -0.015	
 2018/06/14	   3.366	   3.399	   3.353	   3.363	        6814784	      3.397	      3.418	      3.466	      3.504	           	      0.000	  68147.844	  92173.891	  83849.906	     -0.034	     -0.025	     -0.017	
 2018/06/15	   3.363	   3.370	   3.300	   3.313	       11623134	      3.378	      3.409	      3.453	      3.498	           	      0.000	 116231.344	  85304.359	  90323.242	     -0.040	     -0.028	     -0.024	
 2018/06/19	   3.270	   3.274	   3.128	   3.140	       16332005	      3.326	      3.383	      3.430	      3.489	           	      0.000	 163320.047	 100018.766	 101628.641	     -0.058	     -0.034	     -0.049	
 2018/06/20	   3.143	   3.204	   3.125	   3.176	       18139000	      3.274	      3.353	      3.409	      3.481	           	      0.000	 181390.000	 118763.172	 110850.516	     -0.069	     -0.041	     -0.056	
 2018/06/21	   3.185	   3.205	   3.106	   3.110	       12643635	      3.220	      3.317	      3.386	      3.473	           	      0.000	 126436.352	 131105.125	 118419.344	     -0.082	     -0.049	     -0.066	
 2018/06/22	   3.102	   3.165	   3.072	   3.162	        7542017	      3.180	      3.289	      3.368	      3.468	           	      0.000	  75420.172	 132559.578	 112366.734	     -0.087	     -0.057	     -0.061	
 2018/06/25	   3.180	   3.193	   3.130	   3.131	        5855400	      3.144	      3.261	      3.350	      3.461	           	      0.000	  58554.000	 121024.117	 103164.234	     -0.093	     -0.064	     -0.057	
 2018/06/26	   3.110	   3.165	   3.093	   3.146	       10428394	      3.145	      3.235	      3.332	      3.453	           	      0.000	 104283.938	 109216.891	 104617.828	     -0.095	     -0.070	     -0.049	
 2018/06/27	   3.149	   3.157	   3.068	   3.074	        8667731	      3.125	      3.199	      3.313	      3.445	           	      0.000	  86677.313	  90274.352	 104518.766	     -0.101	     -0.076	     -0.049	
 2018/06/28	   3.076	   3.110	   3.038	   3.046	        7160773	      3.112	      3.166	      3.296	      3.437	           	      0.000	  71607.727	  79308.633	 105206.875	     -0.107	     -0.083	     -0.049	
 2018/06/29	   3.058	   3.156	   3.044	   3.151	       18998600	      3.110	      3.145	      3.282	      3.429	           	      0.000	 189986.000	 102221.797	 117390.688	     -0.102	     -0.086	     -0.031	
 2018/07/02	   3.151	   3.170	   3.070	   3.085	       13062101	      3.100	      3.122	      3.266	      3.421	           	      0.000	 130621.008	 116635.195	 118829.656	     -0.102	     -0.090	     -0.025	
 2018/07/03	   3.087	   3.113	   2.996	   3.100	       17541588	      3.091	      3.118	      3.250	      3.413	           	      0.000	 175415.875	 130861.586	 120039.234	     -0.100	     -0.092	     -0.017	
 2018/07/04	   3.090	   3.090	   3.023	   3.035	       11596138	      3.083	      3.104	      3.229	      3.405	           	      0.000	 115961.383	 136718.406	 113496.375	     -0.103	     -0.094	     -0.017	
 2018/07/05	   3.023	   3.053	   2.958	   2.958	       12546499	      3.066	      3.089	      3.203	      3.396	           	      0.000	 125464.992	 147489.844	 113399.242	     -0.109	     -0.097	     -0.025	
 2018/07/06	   2.964	   3.038	   2.935	   2.991	       14667238	      3.034	      3.072	      3.180	      3.387	           	      0.000	 146672.375	 138827.125	 120524.461	     -0.111	     -0.100	     -0.022	
 2018/07/09	   3.008	   3.088	   3.000	   3.086	       12638276	      3.034	      3.067	      3.164	      3.379	           	      0.000	 126382.758	 137979.469	 127307.336	     -0.103	     -0.100	     -0.005	
 2018/07/10	   3.094	   3.107	   3.065	   3.096	       10644300	      3.033	      3.062	      3.149	      3.371	           	      0.000	 106443.000	 124184.898	 127523.242	     -0.095	     -0.099	      0.009	
 2018/07/11	   3.060	   3.069	   3.003	   3.051	       11215161	      3.036	      3.060	      3.130	      3.363	           	      0.000	 112151.609	 123422.945	 130070.672	     -0.091	     -0.098	      0.013	
 2018/07/12	   3.041	   3.150	   3.041	   3.142	       11593113	      3.073	      3.069	      3.118	      3.357	           	      0.000	 115931.133	 121516.172	 134503.016	     -0.080	     -0.094	      0.028	
 2018/07/13	   3.142	   3.164	   3.138	   3.156	        6833000	      3.106	      3.070	      3.107	      3.352	           	      0.000	  68330.000	 105847.703	 122337.414	     -0.069	     -0.089	      0.040	
 2018/07/16	   3.164	   3.169	   3.142	   3.157	        5458197	      3.120	      3.077	      3.100	      3.347	           	      0.000	  54581.969	  91487.539	 114733.508	     -0.060	     -0.083	      0.047	
 2018/07/17	   3.145	   3.152	   3.102	   3.141	        7214800	      3.129	      3.081	      3.100	      3.342	           	      0.000	  72148.000	  84628.539	 104406.719	     -0.053	     -0.077	      0.048	
 2018/07/18	   3.144	   3.161	   3.110	   3.111	        7893701	      3.141	      3.089	      3.096	      3.336	           	      0.000	  78937.008	  77985.625	 100704.281	     -0.050	     -0.072	      0.044	
 2018/07/19	   3.124	   3.141	   3.093	   3.107	        5220101	      3.134	      3.104	      3.096	      3.332	           	      0.000	  52201.012	  65239.598	  93377.883	     -0.047	     -0.067	      0.040	
 2018/07/20	   3.097	   3.157	   3.085	   3.153	        9946003	      3.134	      3.120	      3.096	      3.327	           	      0.000	  99460.031	  71465.602	  88656.648	     -0.040	     -0.061	      0.043	
 2018/07/23	   3.143	   3.173	   3.125	   3.171	        7949400	      3.137	      3.128	      3.098	      3.323	           	      0.000	  79494.000	  76448.008	  83967.773	     -0.033	     -0.056	      0.045	
 2018/07/24	   3.175	   3.221	   3.156	   3.204	        9382079	      3.149	      3.139	      3.101	      3.320	           	      0.000	  93820.789	  80782.570	  82705.555	     -0.025	     -0.050	      0.050	
 2018/07/25	   3.205	   3.220	   3.191	   3.198	        7003806	      3.167	      3.154	      3.107	      3.316	           	      0.000	  70038.063	  79002.781	  78494.203	     -0.018	     -0.043	      0.050	
 2018/07/26	   3.191	   3.207	   3.143	   3.152	        6885800	      3.176	      3.155	      3.112	      3.312	           	      0.000	  68858.000	  82334.180	  73786.891	     -0.017	     -0.038	      0.043	
 2018/07/27	   3.150	   3.160	   3.126	   3.142	        4164200	      3.173	      3.154	      3.112	      3.307	           	      0.000	  41642.000	  70770.570	  71118.086	     -0.016	     -0.034	      0.035	
 2018/07/30	   3.139	   3.142	   3.083	   3.090	        5038400	      3.157	      3.147	      3.112	      3.301	           	      0.000	  50384.000	  64948.570	  70698.289	     -0.019	     -0.031	      0.023	
 2018/07/31	   3.093	   3.111	   3.070	   3.088	        4422300	      3.134	      3.142	      3.111	      3.294	           	      0.000	  44223.000	  55029.012	  67905.789	     -0.022	     -0.029	      0.014	
 2018/08/01	   3.100	   3.113	   3.031	   3.032	        6240800	      3.101	      3.134	      3.111	      3.286	           	      0.000	  62408.000	  53503.000	  66252.891	     -0.028	     -0.029	      0.001	
 2018/08/02	   3.019	   3.031	   2.906	   2.957	       13410430	      3.062	      3.119	      3.111	      3.276	           	      0.000	 134104.297	  66552.258	  74443.219	     -0.039	     -0.031	     -0.016	
 2018/08/03	   2.955	   2.960	   2.898	   2.900	        7857175	      3.013	      3.093	      3.107	      3.265	           	      0.000	  78571.750	  73938.211	  72354.391	     -0.051	     -0.035	     -0.033	
 2018/08/06	   2.899	   2.899	   2.812	   2.820	       13641225	      2.959	      3.058	      3.093	      3.253	           	      0.000	 136412.250	  91143.859	  78046.219	     -0.067	     -0.041	     -0.051	
 2018/08/07	   2.830	   2.900	   2.800	   2.896	       16374481	      2.921	      3.027	      3.083	      3.242	           	      0.000	 163744.813	 115048.219	  85038.617	     -0.072	     -0.047	     -0.049	
 2018/08/08	   2.890	   2.891	   2.829	   2.837	        8024477	      2.882	      2.991	      3.073	      3.229	           	      0.000	  80244.773	 118615.578	  86059.289	     -0.080	     -0.054	     -0.052	
 2018/08/09	   2.822	   2.941	   2.822	   2.930	       12064259	      2.877	      2.969	      3.062	      3.218	           	      0.000	 120642.594	 115923.234	  91237.750	     -0.078	     -0.059	     -0.039	
 2018/08/10	   2.917	   2.949	   2.911	   2.942	        5614147	      2.885	      2.949	      3.051	      3.208	           	      0.000	  56141.469	 111437.180	  92687.695	     -0.075	     -0.062	     -0.025	
 2018/08/13	   2.910	   2.972	   2.898	   2.966	        5610692	      2.914	      2.937	      3.042	      3.198	           	      0.000	  56106.922	  95376.117	  93259.984	     -0.069	     -0.063	     -0.012	
 2018/08/14	   2.954	   2.964	   2.927	   2.942	        4533233	      2.923	      2.922	      3.032	      3.187	           	      0.000	  45332.328	  71693.617	  93370.922	     -0.066	     -0.064	     -0.004	
 2018/08/15	   2.942	   2.945	   2.873	   2.878	        4609108	      2.932	      2.907	      3.020	      3.175	           	      0.000	  46091.078	  64862.879	  91739.227	     -0.068	     -0.065	     -0.006	
 2018/08/16	   2.850	   2.894	   2.823	   2.850	        4694176	      2.916	      2.896	      3.007	      3.163	           	      0.000	  46941.762	  50122.711	  83022.977	     -0.071	     -0.066	     -0.010	
 2018/08/17	   2.875	   2.880	   2.791	   2.801	        5778275	      2.887	      2.886	      2.990	      3.151	           	      0.000	  57782.750	  50450.969	  80944.070	     -0.076	     -0.068	     -0.017	
 2018/08/20	   2.803	   2.840	   2.778	   2.830	        7456276	      2.860	      2.887	      2.973	      3.140	           	      0.000	  74562.758	  54142.137	  74759.125	     -0.077	     -0.070	     -0.015	
 2018/08/21	   2.830	   2.871	   2.815	   2.865	        7548244	      2.845	      2.884	      2.956	      3.130	           	      0.000	  75482.438	  60172.156	  65932.891	     -0.075	     -0.071	     -0.007	
 2018/08/22	   2.859	   2.860	   2.825	   2.829	        5340053	      2.835	      2.883	      2.937	      3.119	           	      0.000	  53400.531	  61634.047	  63248.461	     -0.074	     -0.072	     -0.006	
 2018/08/23	   2.827	   2.857	   2.820	   2.842	        4869037	      2.833	      2.875	      2.922	      3.110	           	      0.000	  48690.371	  61983.770	  56053.242	     -0.072	     -0.072	     -0.001	
 2018/08/24	   2.838	   2.853	   2.818	   2.838	        4294752	      2.841	      2.864	      2.907	      3.100	           	      0.000	  42947.520	  59016.723	  54733.844	     -0.070	     -0.071	      0.002	
 2018/08/27	   2.838	   2.918	   2.838	   2.914	        9357001	      2.858	      2.859	      2.898	      3.092	           	      0.000	  93570.008	  62818.172	  58480.156	     -0.062	     -0.069	      0.016	
 2018/08/28	   2.913	   2.919	   2.895	   2.910	        4856270	      2.867	      2.856	      2.889	      3.084	           	      0.000	  48562.699	  57434.227	  58803.191	     -0.055	     -0.066	      0.024	
 2018/08/29	   2.909	   2.909	   2.880	   2.895	        4588945	      2.880	      2.857	      2.882	      3.074	           	      0.000	  45889.449	  55932.008	  58783.027	     -0.050	     -0.063	      0.027	
 2018/08/30	   2.890	   2.907	   2.858	   2.860	        4039473	      2.883	      2.858	      2.877	      3.064	           	      0.000	  40394.730	  54272.883	  58128.324	     -0.048	     -0.060	      0.024	
 2018/08/31	   2.859	   2.859	   2.822	   2.830	        6030900	      2.882	      2.861	      2.874	      3.054	           	      0.000	  60309.000	  57745.176	  58380.949	     -0.049	     -0.058	      0.018	
 2018/09/03	   2.829	   2.834	   2.796	   2.832	        5915500	      2.865	      2.862	      2.874	      3.044	           	      0.000	  59155.000	  50862.176	  56840.176	     -0.048	     -0.056	      0.015	
 2018/09/04	   2.830	   2.871	   2.822	   2.867	        5923493	      2.857	      2.862	      2.873	      3.035	           	      0.000	  59234.930	  52996.621	  55215.422	     -0.045	     -0.054	      0.018	
 2018/09/05	   2.855	   2.861	   2.823	   2.823	        4552800	      2.842	      2.861	      2.872	      3.025	           	      0.000	  45528.000	  52924.332	  54428.172	     -0.045	     -0.052	      0.014	
 2018/09/06	   2.815	   2.847	   2.788	   2.796	        5327653	      2.830	      2.856	      2.865	      3.015	           	      0.000	  53276.531	  55500.691	  54886.785	     -0.047	     -0.051	      0.008	
 2018/09/07	   2.798	   2.839	   2.766	   2.788	        6771134	      2.821	      2.852	      2.858	      3.006	           	      0.000	  67711.344	  56981.160	  57363.168	     -0.048	     -0.050	      0.004	
 2018/09/10	   2.781	   2.781	   2.697	   2.710	        9585600	      2.797	      2.831	      2.845	      2.996	           	      0.000	  95856.000	  64321.359	  57591.770	     -0.055	     -0.051	     -0.008	
 2018/09/11	   2.710	   2.724	   2.690	   2.710	        6542297	      2.765	      2.811	      2.833	      2.988	           	      0.000	  65422.969	  65558.969	  59277.797	     -0.060	     -0.053	     -0.014	
 2018/09/12	   2.710	   2.724	   2.684	   2.688	        5736997	      2.738	      2.790	      2.824	      2.980	           	      0.000	  57369.969	  67927.359	  60425.848	     -0.065	     -0.055	     -0.019	
 2018/09/13	   2.709	   2.720	   2.664	   2.699	        8508097	      2.719	      2.774	      2.816	      2.973	           	      0.000	  85080.969	  74288.250	  64894.473	     -0.067	     -0.058	     -0.018	
 2018/09/14	   2.705	   2.717	   2.680	   2.690	        5041297	      2.699	      2.760	      2.811	      2.965	           	      0.000	  50412.969	  70828.578	  63904.867	     -0.068	     -0.060	     -0.017	
 2018/09/17	   2.671	   2.684	   2.644	   2.644	        5836050	      2.686	      2.741	      2.802	      2.957	           	      0.000	  58360.500	  63329.477	  63825.418	     -0.073	     -0.062	     -0.020	
 2018/09/18	   2.633	   2.696	   2.633	   2.690	        5887530	      2.682	      2.724	      2.793	      2.950	           	      0.000	  58875.301	  62019.941	  63789.453	     -0.071	     -0.064	     -0.014	
 2018/09/19	   2.680	   2.745	   2.680	   2.720	        9463454	      2.689	      2.714	      2.787	      2.944	           	      0.000	  94634.539	  69472.859	  68700.109	     -0.067	     -0.065	     -0.005	
 2018/09/20	   2.721	   2.745	   2.720	   2.726	        6059113	      2.694	      2.707	      2.782	      2.939	           	      0.000	  60591.129	  64574.887	  69431.570	     -0.063	     -0.064	      0.003	
 2018/09/21	   2.732	   2.799	   2.704	   2.799	        9651089	      2.716	      2.708	      2.780	      2.933	           	      0.000	  96510.891	  73794.469	  72311.523	     -0.053	     -0.062	      0.019	
 2018/09/25	   2.778	   2.788	   2.758	   2.775	        3955505	      2.742	      2.714	      2.773	      2.928	           	      0.000	  39555.051	  70033.383	  66681.430	     -0.046	     -0.059	      0.026	
 2018/09/26	   2.786	   2.833	   2.769	   2.802	        7104753	      2.764	      2.723	      2.767	      2.923	           	      0.000	  71047.531	  72467.828	  67243.883	     -0.038	     -0.055	      0.033	
 2018/09/27	   2.795	   2.807	   2.770	   2.776	        4521342	      2.776	      2.732	      2.761	      2.918	           	      0.000	  45213.422	  62583.605	  66028.227	     -0.034	     -0.050	      0.034	
 2018/09/28	   2.771	   2.796	   2.764	   2.796	        7334400	      2.790	      2.742	      2.758	      2.916	           	      0.000	  73344.000	  65134.180	  64854.531	     -0.028	     -0.046	      0.036	
 2018/10/08	   2.740	   2.742	   2.651	   2.663	        8986300	      2.762	      2.739	      2.750	      2.910	           	      0.000	  89863.000	  63804.602	  68799.539	     -0.034	     -0.044	      0.019	
 2018/10/09	   2.656	   2.692	   2.635	   2.650	        7747900	      2.737	      2.740	      2.741	      2.903	           	      0.000	  77479.000	  71389.391	  70711.383	     -0.040	     -0.043	      0.007	
 2018/10/10	   2.657	   2.665	   2.608	   2.628	        8620300	      2.703	      2.734	      2.729	      2.895	           	      0.000	  86203.000	  74420.484	  73444.156	     -0.045	     -0.043	     -0.003	
 2018/10/11	   2.532	   2.559	   2.430	   2.450	       16188975	      2.637	      2.707	      2.710	      2.885	           	      0.000	 161889.750	  97755.750	  80169.680	     -0.063	     -0.047	     -0.032	
 2018/10/12	   2.441	   2.489	   2.395	   2.477	       12396590	      2.574	      2.682	      2.694	      2.874	           	      0.000	 123965.898	 107880.133	  86507.156	     -0.074	     -0.053	     -0.043	
 2018/10/15	   2.476	   2.515	   2.440	   2.440	       11114300	      2.529	      2.646	      2.677	      2.862	           	      0.000	 111143.000	 112136.133	  87970.367	     -0.085	     -0.059	     -0.052	
 2018/10/16	   2.442	   2.463	   2.381	   2.391	        9409452	      2.477	      2.607	      2.661	      2.849	           	      0.000	  94094.523	 115459.234	  93424.313	     -0.097	     -0.067	     -0.060	
 2018/10/17	   2.432	   2.437	   2.364	   2.413	       14674300	      2.434	      2.568	      2.646	      2.837	           	      0.000	 146743.000	 127567.234	 100993.859	     -0.103	     -0.074	     -0.058	
 2018/10/18	   2.410	   2.500	   2.372	   2.375	       15754800	      2.419	      2.528	      2.630	      2.825	           	      0.000	 157548.000	 126698.883	 112227.320	     -0.109	     -0.081	     -0.057	
 2018/10/19	   2.363	   2.433	   2.331	   2.427	       21612508	      2.409	      2.491	      2.617	      2.813	           	      0.000	 216125.078	 145130.719	 126505.422	     -0.109	     -0.087	     -0.045	
 2018/10/22	   2.470	   2.570	   2.457	   2.570	       17068808	      2.435	      2.482	      2.611	      2.804	           	      0.000	 170688.078	 157039.734	 134587.938	     -0.096	     -0.089	     -0.016	
 2018/10/23	   2.567	   2.568	   2.472	   2.487	       20798600	      2.454	      2.466	      2.603	      2.792	           	      0.000	 207986.000	 179818.031	 147638.625	     -0.092	     -0.089	     -0.005	
 2018/10/24	   2.484	   2.519	   2.459	   2.474	       12992300	      2.467	      2.450	      2.592	      2.780	           	      0.000	 129923.000	 176454.031	 152010.625	     -0.088	     -0.089	      0.001	
 2018/10/25	   2.410	   2.467	   2.386	   2.458	        8606501	      2.483	      2.451	      2.579	      2.768	           	      0.000	  86065.008	 162157.438	 144428.156	     -0.086	     -0.088	      0.005	
 2018/10/26	   2.477	   2.487	   2.440	   2.449	        8537300	      2.488	      2.448	      2.565	      2.756	           	      0.000	  85373.000	 136007.016	 140568.875	     -0.084	     -0.087	      0.008	
 2018/10/29	   2.442	   2.452	   2.386	   2.389	       14433957	      2.451	      2.443	      2.545	      2.744	           	      0.000	 144339.563	 130737.313	 143888.531	     -0.086	     -0.087	      0.003	
 2018/10/30	   2.376	   2.435	   2.338	   2.399	       14789955	      2.434	      2.444	      2.526	      2.732	           	      0.000	 147899.547	 118720.023	 149269.031	     -0.086	     -0.087	      0.002	
 2018/10/31	   2.408	   2.440	   2.392	   2.423	       13052384	      2.424	      2.445	      2.507	      2.721	           	      0.000	 130523.844	 118840.195	 147647.109	     -0.083	     -0.086	      0.007	
 2018/11/01	   2.449	   2.509	   2.443	   2.465	       18266668	      2.425	      2.454	      2.491	      2.712	           	      0.000	 182666.688	 138160.531	 150158.984	     -0.076	     -0.084	      0.016	
 2018/11/02	   2.570	   2.620	   2.531	   2.596	       28213626	      2.454	      2.471	      2.481	      2.706	           	      0.000	 282136.250	 177513.172	 156760.094	     -0.059	     -0.079	      0.039	
 2018/11/05	   2.580	   2.597	   2.545	   2.569	       38531300	      2.490	      2.471	      2.477	      2.700	           	      0.000	 385313.000	 225707.859	 178222.594	     -0.048	     -0.073	      0.050	
 2018/11/06	   2.550	   2.556	   2.495	   2.528	       24015000	      2.516	      2.475	      2.470	      2.695	           	      0.000	 240150.000	 244157.953	 181438.984	     -0.042	     -0.067	      0.050	
 2018/11/07	   2.528	   2.550	   2.506	   2.509	       15999030	      2.533	      2.478	      2.464	      2.689	           	      0.000	 159990.297	 250051.250	 184445.719	     -0.038	     -0.061	      0.046	
 2018/11/08	   2.529	   2.533	   2.484	   2.495	       13049735	      2.539	      2.482	      2.467	      2.683	           	      0.000	 130497.352	 239617.375	 188888.953	     -0.036	     -0.056	      0.041	
 2018/11/09	   2.480	   2.496	   2.470	   2.485	        8266229	      2.517	      2.486	      2.467	      2.676	           	      0.000	  82662.289	 199722.594	 188617.875	     -0.034	     -0.051	      0.035	
 2018/11/12	   2.480	   2.549	   2.473	   2.546	       20026532	      2.513	      2.501	      2.472	      2.669	           	      0.000	 200265.313	 162713.047	 194210.453	     -0.028	     -0.047	      0.038	
 2018/11/13	   2.513	   2.597	   2.507	   2.575	       24621868	      2.522	      2.519	      2.482	      2.662	           	      0.000	 246218.688	 163926.781	 204042.375	     -0.020	     -0.041	      0.043	
 2018/11/14	   2.571	   2.576	   2.550	   2.554	       22557756	      2.531	      2.532	      2.489	      2.656	           	      0.000	 225577.563	 177044.234	 213547.750	     -0.016	     -0.036	      0.041	
 2018/11/15	   2.548	   2.586	   2.540	   2.579	       16285261	      2.548	      2.544	      2.499	      2.651	           	      0.000	 162852.609	 183515.297	 211566.344	     -0.010	     -0.031	      0.042	
 2018/11/16	   2.586	   2.626	   2.568	   2.610	       33506434	      2.573	      2.545	      2.508	      2.647	           	      0.000	 335064.344	 233995.703	 216859.141	     -0.003	     -0.025	      0.045	
 2018/11/19	   2.610	   2.616	   2.592	   2.613	       12678626	      2.586	      2.549	      2.510	      2.644	           	      0.000	 126786.258	 219299.891	 191006.469	      0.003	     -0.020	      0.045	
 2018/11/20	   2.581	   2.596	   2.534	   2.544	       11788369	      2.580	      2.551	      2.513	      2.639	           	      0.000	 117883.688	 193632.891	 178779.844	      0.002	     -0.015	      0.035	
 2018/11/21	   2.518	   2.550	   2.508	   2.549	        9439180	      2.579	      2.555	      2.517	      2.634	           	      0.000	  94391.797	 167395.734	 172219.984	      0.002	     -0.012	      0.027	
 2018/11/22	   2.549	   2.565	   2.542	   2.555	       21875988	      2.574	      2.561	      2.522	      2.629	           	      0.000	 218759.875	 178577.188	 181046.250	      0.002	     -0.009	      0.022	
 2018/11/23	   2.554	   2.554	   2.451	   2.459	       19005800	      2.544	      2.558	      2.522	      2.623	           	      0.000	 190058.000	 149575.922	 191785.813	     -0.006	     -0.008	      0.005	
 2018/11/26	   2.445	   2.475	   2.444	   2.451	       10449900	      2.512	      2.549	      2.525	      2.616	           	      0.000	 104499.000	 145118.469	 182209.188	     -0.012	     -0.009	     -0.006	
 2018/11/27	   2.466	   2.470	   2.438	   2.450	        7338730	      2.493	      2.536	      2.528	      2.609	           	      0.000	  73387.297	 136219.188	 164926.047	     -0.017	     -0.011	     -0.013	
 2018/11/28	   2.449	   2.498	   2.428	   2.496	       11773485	      2.482	      2.531	      2.531	      2.602	           	      0.000	 117734.852	 140887.813	 154141.766	     -0.017	     -0.012	     -0.010	
 2018/11/29	   2.503	   2.516	   2.451	   2.452	       10820530	      2.462	      2.518	      2.531	      2.594	           	      0.000	 108205.297	 118776.891	 148677.047	     -0.021	     -0.014	     -0.014	
 2018/11/30	   2.445	   2.487	   2.434	   2.482	        5863400	      2.466	      2.505	      2.525	      2.588	           	      0.000	  58634.000	  92492.086	 121034.008	     -0.021	     -0.015	     -0.011	
 2018/12/03	   2.559	   2.586	   2.541	   2.579	       25173188	      2.492	      2.502	      2.526	      2.584	           	      0.000	 251731.875	 121938.664	 133528.563	     -0.013	     -0.015	      0.004	
 2018/12/04	   2.574	   2.585	   2.555	   2.583	        7523000	      2.518	      2.506	      2.528	      2.580	           	      0.000	  75230.000	 122307.203	 129263.203	     -0.006	     -0.013	      0.014	
 2018/12/05	   2.545	   2.583	   2.539	   2.576	        8817832	      2.534	      2.508	      2.532	      2.575	           	      0.000	  88178.320	 116395.898	 128641.852	     -0.001	     -0.011	      0.019	
 2018/12/06	   2.561	   2.561	   2.502	   2.511	       10725500	      2.546	      2.504	      2.532	      2.570	           	      0.000	 107255.000	 116205.836	 117491.367	     -0.003	     -0.009	      0.013	
 2018/12/07	   2.519	   2.519	   2.505	   2.511	        4877400	      2.552	      2.509	      2.534	      2.565	           	      0.000	  48774.000	 114233.836	 103362.961	     -0.004	     -0.008	      0.008	
 2018/12/10	   2.488	   2.497	   2.468	   2.479	        5080900	      2.532	      2.512	      2.530	      2.560	           	      0.000	  50809.000	  74049.266	  97993.961	     -0.007	     -0.008	      0.001	
 2018/12/11	   2.489	   2.495	   2.473	   2.487	        6123300	      2.513	      2.516	      2.526	      2.556	           	      0.000	  61233.000	  71249.867	  96778.531	     -0.009	     -0.008	     -0.002	
 2018/12/12	   2.493	   2.505	   2.483	   2.486	       14064000	      2.495	      2.515	      2.523	      2.552	           	      0.000	 140640.000	  81742.203	  99069.047	     -0.011	     -0.009	     -0.004	
 2018/12/13	   2.498	   2.532	   2.478	   2.520	       24159986	      2.497	      2.521	      2.520	      2.550	           	      0.000	 241599.859	 108611.172	 112408.508	     -0.009	     -0.009	     -0.000	
 2018/12/14	   2.507	   2.515	   2.461	   2.463	       12705201	      2.487	      2.520	      2.512	      2.546	           	      0.000	 127052.008	 124266.773	 119250.305	     -0.012	     -0.009	     -0.005	
 2018/12/17	   2.456	   2.456	   2.423	   2.443	       12122500	      2.480	      2.506	      2.504	      2.542	           	      0.000	 121225.000	 138349.969	 106199.617	     -0.016	     -0.011	     -0.011	
 2018/12/18	   2.431	   2.449	   2.404	   2.423	       16369900	      2.467	      2.490	      2.498	      2.538	           	      0.000	 163699.000	 158843.172	 115046.516	     -0.020	     -0.013	     -0.016	
 2018/12/19	   2.422	   2.430	   2.381	   2.386	       19199400	      2.447	      2.471	      2.490	      2.533	           	      0.000	 191994.000	 169113.969	 125428.086	     -0.027	     -0.015	     -0.022	
 2018/12/20	   2.383	   2.394	   2.361	   2.380	       21525970	      2.419	      2.458	      2.481	      2.527	           	      0.000	 215259.703	 163845.938	 136228.563	     -0.032	     -0.019	     -0.026	
 2018/12/21	   2.373	   2.375	   2.328	   2.346	       19895440	      2.396	      2.441	      2.475	      2.521	           	      0.000	 198954.406	 178226.422	 151246.594	     -0.038	     -0.023	     -0.031	
 2018/12/24	   2.335	   2.369	   2.332	   2.367	       12217100	      2.380	      2.430	      2.471	      2.514	           	      0.000	 122171.000	 178415.625	 158382.797	     -0.041	     -0.026	     -0.029	
 2018/12/25	   2.343	   2.364	   2.301	   2.352	       22768016	      2.366	      2.417	      2.466	      2.507	           	      0.000	 227680.156	 191211.859	 175027.516	     -0.044	     -0.030	     -0.028	
 2018/12/26	   2.350	   2.366	   2.333	   2.334	       11044511	      2.356	      2.401	      2.458	      2.499	           	      0.000	 110445.109	 174902.078	 172008.031	     -0.047	     -0.033	     -0.028	
 2018/12/27	   2.370	   2.378	   2.310	   2.310	       16068400	      2.342	      2.380	      2.451	      2.491	           	      0.000	 160684.000	 163986.938	 163916.438	     -0.051	     -0.037	     -0.028	
 2018/12/28	   2.316	   2.332	   2.297	   2.314	       15742830	      2.335	      2.365	      2.443	      2.483	           	      0.000	 157428.297	 155681.719	 166954.063	     -0.053	     -0.040	     -0.026	
 2019/01/02	   2.320	   2.332	   2.286	   2.289	       12116004	      2.320	      2.350	      2.428	      2.477	           	      0.000	 121160.039	 155479.516	 166947.578	     -0.056	     -0.043	     -0.026	
 2019/01/03	   2.289	   2.307	   2.260	   2.262	       20013300	      2.302	      2.334	      2.412	      2.470	           	      0.000	 200133.000	 149970.094	 170590.969	     -0.060	     -0.047	     -0.027	
 2019/01/04	   2.249	   2.325	   2.233	   2.322	       35023516	      2.299	      2.328	      2.399	      2.465	           	      0.000	 350235.156	 197928.094	 186415.094	     -0.058	     -0.049	     -0.018	
 2019/01/07	   2.332	   2.374	   2.332	   2.372	       33803568	      2.312	      2.327	      2.392	      2.464	           	      0.000	 338035.688	 233398.438	 198692.688	     -0.051	     -0.049	     -0.004	
 2019/01/08	   2.368	   2.382	   2.360	   2.370	       18370300	      2.323	      2.329	      2.385	      2.462	           	      0.000	 183703.000	 238653.375	 197167.547	     -0.046	     -0.049	      0.006	
 2019/01/09	   2.373	   2.419	   2.365	   2.385	       27279902	      2.342	      2.331	      2.381	      2.461	           	      0.000	 272799.031	 268981.188	 212230.344	     -0.040	     -0.047	      0.014	
 2019/01/10	   2.382	   2.407	   2.377	   2.381	       28247496	      2.366	      2.334	      2.375	      2.461	           	      0.000	 282474.969	 285449.563	 217709.828	     -0.035	     -0.044	      0.019	
 2019/01/11	   2.381	   2.405	   2.375	   2.394	       25651100	      2.380	      2.340	      2.371	      2.461	           	      0.000	 256511.000	 266704.750	 232316.422	     -0.030	     -0.041	      0.024	
 2019/01/14	   2.395	   2.398	   2.370	   2.373	       16968200	      2.381	      2.346	      2.363	      2.461	           	      0.000	 169682.000	 233034.000	 233216.219	     -0.027	     -0.039	      0.023	
 2019/01/15	   2.369	   2.417	   2.361	   2.416	       19926476	      2.390	      2.356	      2.361	      2.460	           	      0.000	 199264.766	 236146.359	 237399.859	     -0.021	     -0.035	      0.028	
 2019/01/16	   2.416	   2.430	   2.402	   2.408	       14259000	      2.394	      2.368	      2.359	      2.458	           	      0.000	 142590.000	 210104.547	 239542.859	     -0.017	     -0.031	      0.029	
 2019/01/17	   2.402	   2.415	   2.384	   2.387	       24537200	      2.396	      2.381	      2.357	      2.456	           	      0.000	 245372.000	 202683.953	 244066.766	     -0.015	     -0.028	      0.026	
 2019/01/18	   2.390	   2.427	   2.388	   2.426	       20908670	      2.402	      2.391	      2.359	      2.455	           	      0.000	 209086.703	 193199.094	 229951.922	     -0.010	     -0.024	      0.029	
 2019/01/21	   2.426	   2.453	   2.420	   2.439	       28682898	      2.415	      2.398	      2.362	      2.455	           	      0.000	 286828.969	 216628.484	 224831.250	     -0.005	     -0.021	      0.031	
 2019/01/22	   2.439	   2.439	   2.398	   2.405	       17787200	      2.413	      2.401	      2.365	      2.454	           	      0.000	 177872.000	 212349.938	 224248.141	     -0.004	     -0.017	      0.026	
 2019/01/23	   2.404	   2.415	   2.393	   2.404	        7390550	      2.412	      2.403	      2.367	      2.454	           	      0.000	  73905.500	 198613.031	 204358.797	     -0.003	     -0.015	      0.022	
 2019/01/24	   2.404	   2.433	   2.388	   2.421	       14937702	      2.419	      2.407	      2.371	      2.455	           	      0.000	 149377.016	 179414.031	 191049.000	     -0.001	     -0.012	      0.021	
 2019/01/25	   2.428	   2.455	   2.415	   2.435	       20261656	      2.421	      2.411	      2.376	      2.455	           	      0.000	 202616.563	 178120.016	 185659.547	      0.002	     -0.009	      0.021	
 2019/01/28	   2.450	   2.477	   2.430	   2.438	       19262964	      2.421	      2.418	      2.382	      2.455	           	      0.000	 192629.641	 159280.141	 187954.313	      0.004	     -0.007	      0.021	
 2019/01/29	   2.428	   2.432	   2.380	   2.416	       18729360	      2.423	      2.418	      2.387	      2.452	           	      0.000	 187293.594	 161164.469	 186757.203	      0.004	     -0.004	      0.017	
 2019/01/30	   2.400	   2.426	   2.384	   2.385	       15332504	      2.419	      2.416	      2.392	      2.448	           	      0.000	 153325.047	 177048.375	 187830.703	      0.002	     -0.003	      0.010	
 2019/01/31	   2.396	   2.418	   2.371	   2.385	       16598278	      2.412	      2.415	      2.398	      2.446	           	      0.000	 165982.781	 180369.531	 179891.781	     -0.000	     -0.003	      0.005	
 2019/02/01	   2.393	   2.468	   2.393	   2.468	       27804004	      2.418	      2.420	      2.405	      2.445	           	      0.000	 278040.031	 195454.219	 186787.109	      0.005	     -0.001	      0.012	
 2019/02/11	   2.480	   2.552	   2.476	   2.549	       32221104	      2.441	      2.431	      2.414	      2.446	           	      0.000	 322211.031	 221370.500	 190325.313	      0.015	      0.002	      0.026	
 2019/02/12	   2.549	   2.580	   2.542	   2.571	       35748600	      2.472	      2.447	      2.424	      2.448	           	      0.000	 357486.000	 255408.984	 208286.719	      0.025	      0.007	      0.036	
 2019/02/13	   2.573	   2.636	   2.570	   2.628	       34319180	      2.520	      2.470	      2.436	      2.449	           	      0.000	 343191.813	 293382.344	 235215.344	      0.037	      0.013	      0.048	
 2019/02/14	   2.620	   2.662	   2.586	   2.652	       41018220	      2.574	      2.493	      2.450	      2.450	           	      0.000	 410182.188	 342222.219	 261295.875	      0.048	      0.020	      0.056	
 2019/02/15	   2.642	   2.650	   2.612	   2.618	       23123012	      2.604	      2.511	      2.461	      2.451	           	      0.000	 231230.125	 332860.219	 264157.219	      0.053	      0.026	      0.053	
 2019/02/18	   2.631	   2.729	   2.628	   2.729	       37164596	      2.640	      2.540	      2.479	      2.454	           	      0.000	 371645.969	 342747.219	 282058.844	      0.065	      0.034	      0.062	
 2019/02/19	   2.745	   2.759	   2.687	   2.720	       37724100	      2.669	      2.570	      2.494	      2.456	           	      0.000	 377241.000	 346698.219	 301053.594	      0.073	      0.042	      0.063	
 2019/02/20	   2.720	   2.745	   2.697	   2.738	       29066900	      2.691	      2.606	      2.511	      2.458	           	      0.000	 290669.000	 336193.656	 314788.000	      0.080	      0.050	      0.062	
 2019/02/21	   2.735	   2.793	   2.718	   2.730	       28215536	      2.707	      2.640	      2.528	      2.461	           	      0.000	 282155.375	 310588.281	 326405.250	      0.084	      0.056	      0.056	
 2019/02/22	   2.727	   2.810	   2.712	   2.810	       37114888	      2.745	      2.674	      2.547	      2.465	           	      0.000	 371148.875	 338572.031	 335716.125	      0.093	      0.064	      0.058	
 2019/02/25	   2.841	   2.970	   2.838	   2.954	       58723280	      2.790	      2.715	      2.573	      2.472	           	      0.000	 587232.813	 381689.406	 362218.313	      0.110	      0.073	      0.074	
 2019/02/26	   2.954	   2.992	   2.904	   2.930	       71662008	      2.832	      2.751	      2.599	      2.480	           	      0.000	 716620.063	 449565.219	 398131.719	      0.120	      0.082	      0.075	
 2019/02/27	   2.910	   2.944	   2.850	   2.898	       50791912	      2.864	      2.778	      2.624	      2.487	           	      0.000	 507919.125	 493015.250	 414604.438	      0.124	      0.091	      0.067	
 2019/02/28	   2.882	   2.913	   2.872	   2.893	       28223620	      2.897	      2.802	      2.647	      2.495	           	      0.000	 282236.188	 493031.406	 401809.844	      0.126	      0.098	      0.056	
 2019/03/01	   2.913	   2.940	   2.868	   2.915	       44572584	      2.918	      2.832	      2.671	      2.502	           	      0.000	 445725.844	 507946.813	 423259.438	      0.127	      0.104	      0.047	
 2019/03/04	   2.935	   3.048	   2.935	   2.979	       64598104	      2.923	      2.857	      2.698	      2.510	           	      0.000	 645981.063	 519696.469	 450692.938	      0.132	      0.109	      0.045	
 2019/03/05	   2.968	   3.051	   2.957	   3.051	       52280220	      2.947	      2.890	      2.730	      2.520	           	      0.000	 522802.188	 480932.875	 465249.063	      0.140	      0.115	      0.049	
 2019/03/06	   3.064	   3.087	   3.025	   3.080	       82744240	      2.984	      2.924	      2.765	      2.528	           	      0.000	 827442.375	 544837.500	 518926.375	      0.147	      0.122	      0.050	
 2019/03/07	   3.075	   3.095	   3.025	   3.064	       77948768	      3.018	      2.957	      2.799	      2.536	           	      0.000	 779487.688	 644287.813	 568659.625	      0.149	      0.127	      0.044	
 2019/03/08	   3.017	   3.093	   2.956	   2.987	       69568152	      3.032	      2.975	      2.825	      2.543	           	      0.000	 695681.500	 694278.938	 601112.875	      0.143	      0.130	      0.026	
 2019/03/11	   2.980	   3.098	   2.980	   3.094	       53117840	      3.055	      2.989	      2.852	      2.553	           	      0.000	 531178.375	 671318.438	 595507.438	      0.146	      0.133	      0.024	
 2019/03/12	   3.120	   3.164	   3.082	   3.138	       56996576	      3.073	      3.010	      2.880	      2.563	           	      0.000	 569965.750	 680751.125	 580842.000	      0.149	      0.137	      0.025	
 2019/03/13	   3.135	   3.135	   3.028	   3.045	       73195424	      3.066	      3.025	      2.901	      2.573	           	      0.000	 731954.250	 661653.500	 603245.500	      0.143	      0.138	      0.010	
 2019/03/14	   3.020	   3.050	   2.961	   2.993	      105095848	      3.051	      3.035	      2.918	      2.581	           	      0.000	1050958.500	 715947.688	 680117.750	      0.132	      0.137	     -0.009	
 2019/03/15	   3.012	   3.074	   3.011	   3.043	       46426088	      3.063	      3.047	      2.940	      2.590	           	      0.000	 464260.875	 669663.563	 681971.250	      0.127	      0.135	     -0.017	
 2019/03/18	   3.030	   3.124	   3.015	   3.123	       53930788	      3.068	      3.062	      2.959	      2.601	           	      0.000	 539307.875	 671289.438	 671303.938	      0.127	      0.133	     -0.013	
 2019/03/19	   3.125	   3.144	   3.096	   3.114	       27378168	      3.064	      3.068	      2.979	      2.611	           	      0.000	 273781.688	 612052.625	 646401.875	      0.125	      0.132	     -0.013	
 2019/03/20	   3.109	   3.116	   3.051	   3.097	       29570800	      3.074	      3.070	      2.997	      2.622	           	      0.000	 295708.000	 524803.375	 593228.438	      0.121	      0.129	     -0.017	
 2019/03/21	   3.095	   3.140	   3.090	   3.122	       26010772	      3.100	      3.076	      3.016	      2.634	           	      0.000	 260107.719	 366633.219	 541290.438	      0.118	      0.127	     -0.018	
 2019/03/22	   3.112	   3.127	   3.056	   3.121	       38818240	      3.115	      3.089	      3.032	      2.646	           	      0.000	 388182.406	 351417.531	 510540.531	      0.114	      0.125	     -0.020	
 2019/03/25	   3.070	   3.110	   3.058	   3.065	       40444128	      3.104	      3.086	      3.038	      2.658	           	      0.000	 404441.281	 324444.219	 497866.844	      0.106	      0.121	     -0.030	
 2019/03/26	   3.080	   3.090	   2.993	   2.999	       37032856	      3.081	      3.072	      3.041	      2.668	           	      0.000	 370328.563	 343753.594	 477903.125	      0.093	      0.115	     -0.045	
 2019/03/27	   3.014	   3.028	   2.978	   3.025	       22687354	      3.066	      3.070	      3.047	      2.679	           	      0.000	 226873.547	 329986.688	 427395.031	      0.083	      0.109	     -0.051	
 2019/03/28	   3.000	   3.059	   3.000	   3.010	       27835254	      3.044	      3.072	      3.053	      2.690	           	      0.000	 278352.531	 333635.656	 350134.438	      0.074	      0.102	     -0.056	
 2019/03/29	   3.011	   3.131	   3.000	   3.131	       36749852	      3.046	      3.081	      3.064	      2.704	           	      0.000	 367498.531	 329498.875	 340458.219	      0.075	      0.096	     -0.042	
 2019/04/01	   3.131	   3.243	   3.131	   3.243	       37690672	      3.082	      3.093	      3.077	      2.719	           	      0.000	 376906.719	 323991.969	 324218.094	      0.084	      0.094	     -0.019	
 2019/04/02	   3.255	   3.255	   3.221	   3.227	       30801208	      3.127	      3.104	      3.086	      2.734	           	      0.000	 308012.094	 311528.688	 327641.125	      0.089	      0.093	     -0.007	
 2019/04/03	   3.212	   3.266	   3.206	   3.256	       31005628	      3.173	      3.120	      3.095	      2.751	           	      0.000	 310056.281	 328165.219	 329075.969	      0.095	      0.093	      0.002	
 2019/04/04	   3.258	   3.281	   3.235	   3.261	       35567248	      3.224	      3.134	      3.105	      2.767	           	      0.000	 355672.469	 343629.219	 338632.438	      0.098	      0.094	      0.007	
 2019/04/08	   3.290	   3.307	   3.190	   3.228	       29312260	      3.243	      3.145	      3.117	      2.782	           	      0.000	 293122.594	 328754.031	 329126.469	      0.097	      0.095	      0.004	
 2019/04/09	   3.198	   3.240	   3.191	   3.230	       21697336	      3.240	      3.161	      3.124	      2.797	           	      0.000	 216973.359	 296767.375	 310379.656	      0.095	      0.095	      0.000	
 2019/04/10	   3.220	   3.247	   3.187	   3.220	       19800848	      3.239	      3.183	      3.128	      2.811	           	      0.000	 198008.484	 274766.625	 293147.656	      0.092	      0.094	     -0.005	
 2019/04/11	   3.220	   3.227	   3.140	   3.146	       21705260	      3.217	      3.195	      3.133	      2.823	           	      0.000	 217052.594	 256165.906	 292165.563	      0.082	      0.092	     -0.019	
 2019/04/12	   3.146	   3.154	   3.121	   3.147	       16472602	      3.194	      3.209	      3.140	      2.836	           	      0.000	 164726.016	 217976.609	 280802.906	      0.074	      0.088	     -0.029	
 2019/04/15	   3.185	   3.210	   3.118	   3.119	       23910100	      3.172	      3.208	      3.144	      2.848	           	      0.000	 239101.000	 207172.297	 267963.156	      0.064	      0.083	     -0.038	
 2019/04/16	   3.092	   3.188	   3.076	   3.188	       24747700	      3.164	      3.202	      3.147	      2.862	           	      0.000	 247477.000	 213273.016	 255020.188	      0.062	      0.079	     -0.035	
 2019/04/17	   3.188	   3.226	   3.182	   3.199	       29058100	      3.160	      3.199	      3.152	      2.875	           	      0.000	 290581.000	 231787.516	 253277.078	      0.060	      0.075	     -0.031	
 2019/04/18	   3.198	   3.205	   3.170	   3.172	       19900350	      3.165	      3.191	      3.155	      2.888	           	      0.000	 199003.500	 228177.703	 242171.797	      0.055	      0.071	     -0.032	
 2019/04/19	   3.171	   3.204	   3.148	   3.204	       23696602	      3.176	      3.185	      3.160	      2.901	           	      0.000	 236966.016	 242625.703	 230301.156	      0.054	      0.068	     -0.028	
 2019/04/22	   3.206	   3.207	   3.140	   3.145	       13618200	      3.182	      3.177	      3.161	      2.913	           	      0.000	 136182.000	 222041.906	 214607.094	      0.047	      0.064	     -0.033	
 2019/04/23	   3.139	   3.156	   3.106	   3.111	       17013700	      3.166	      3.165	      3.163	      2.924	           	      0.000	 170137.000	 206573.906	 209923.469	      0.039	      0.059	     -0.040	
 2019/04/24	   3.116	   3.148	   3.081	   3.143	       27860100	      3.155	      3.157	      3.170	      2.937	           	      0.000	 278601.000	 204177.906	 217982.719	      0.034	      0.054	     -0.039	
 2019/04/25	   3.130	   3.138	   3.045	   3.049	       25075400	      3.130	      3.148	      3.171	      2.948	           	      0.000	 250754.000	 214528.000	 221352.859	      0.023	      0.048	     -0.049	
 2019/04/26	   3.047	   3.047	   2.992	   2.997	       36928100	      3.089	      3.133	      3.171	      2.957	           	      0.000	 369281.000	 240991.000	 241808.344	      0.010	      0.040	     -0.061	
 2019/04/29	   2.986	   3.009	   2.940	   2.951	       31326000	      3.050	      3.116	      3.162	      2.966	           	      0.000	 313260.000	 276406.594	 249224.250	     -0.004	      0.031	     -0.071	
 2019/04/30	   2.952	   2.981	   2.938	   2.964	       33005964	      3.021	      3.093	      3.148	      2.974	           	      0.000	 330059.625	 308391.125	 257482.516	     -0.014	      0.022	     -0.073	
 2019/05/06	   2.880	   2.880	   2.733	   2.756	       39099816	      2.943	      3.049	      3.124	      2.980	           	      0.000	 390998.156	 330870.563	 267524.219	     -0.039	      0.010	     -0.097	
 2019/05/07	   2.775	   2.808	   2.740	   2.793	       29773864	      2.892	      3.011	      3.101	      2.987	           	      0.000	 297738.625	 340267.469	 277397.750	     -0.054	     -0.003	     -0.103	
 2019/05/08	   2.752	   2.814	   2.728	   2.763	       26915728	      2.845	      2.967	      3.076	      2.993	           	      0.000	 269157.281	 320242.750	 280616.875	     -0.068	     -0.016	     -0.105	
 2019/05/09	   2.758	   2.765	   2.716	   2.725	       64640428	      2.800	      2.925	      3.051	      2.998	           	      0.000	 646404.250	 386871.594	 331639.094	     -0.082	     -0.029	     -0.105	
 2019/05/10	   2.750	   2.824	   2.688	   2.820	       39096136	      2.771	      2.896	      3.031	      3.002	           	      0.000	 390961.375	 399051.938	 353721.531	     -0.084	     -0.040	     -0.087	
 2019/05/13	   2.792	   2.796	   2.750	   2.764	       29389140	      2.773	      2.858	      3.008	      3.005	           	      0.000	 293891.406	 379630.594	 355250.563	     -0.089	     -0.050	     -0.078	
 2019/05/14	   2.745	   2.768	   2.731	   2.744	       20459862	      2.763	      2.828	      2.988	      3.007	           	      0.000	 204598.625	 361002.594	 350635.031	     -0.093	     -0.058	     -0.069	
 2019/05/15	   2.757	   2.810	   2.757	   2.798	       20059164	      2.770	      2.808	      2.970	      3.010	           	      0.000	 200591.641	 347289.469	 333766.094	     -0.091	     -0.065	     -0.052	
 2019/05/16	   2.790	   2.816	   2.783	   2.808	       14906338	      2.787	      2.793	      2.955	      3.013	           	      0.000	 149063.375	 247821.281	 317346.438	     -0.088	     -0.070	     -0.037	
 2019/05/17	   2.817	   2.821	   2.720	   2.731	       25384320	      2.769	      2.770	      2.932	      3.013	           	      0.000	 253843.203	 220397.656	 309724.781	     -0.090	     -0.074	     -0.033	
 2019/05/20	   2.720	   2.740	   2.659	   2.702	       36583300	      2.757	      2.765	      2.907	      3.013	           	      0.000	 365833.000	 234785.969	 307208.281	     -0.094	     -0.078	     -0.032	
 2019/05/21	   2.700	   2.764	   2.690	   2.755	       36847744	      2.759	      2.761	      2.886	      3.013	           	      0.000	 368477.438	 267561.719	 314282.156	     -0.091	     -0.080	     -0.021	
 2019/05/22	   2.740	   2.767	   2.724	   2.739	       25300302	      2.747	      2.759	      2.863	      3.013	           	      0.000	 253003.016	 278044.000	 312666.719	     -0.089	     -0.082	     -0.014	
 2019/05/23	   2.725	   2.728	   2.656	   2.666	       41161100	      2.719	      2.753	      2.839	      3.011	           	      0.000	 411611.000	 330553.531	 289187.406	     -0.092	     -0.084	     -0.017	
 2019/05/24	   2.664	   2.680	   2.640	   2.649	       31624972	      2.702	      2.736	      2.816	      3.006	 316249.719	      1.000	 316249.719	 343034.844	 281716.250	     -0.095	     -0.086	     -0.018	
数据来源:通达信
