                  龙头ETF (510190)
      时间	    开盘	    最高	    最低	    收盘	         成交量	   MA.MA1   	   MA.MA2   	   MA.MA3   	   MA.MA4   	VOL-TDX.VVOL  	VOL-TDX.      	VOL-TDX.VOLUME	VOL-TDX.MAVOL1	VOL-TDX.MAVOL2	 MACD.DIF   	 MACD.DEA   	 MACD.MACD  	
 2011/01/10	   2.562	   2.580	   2.505	   2.528	       45264660	           	           	           	           	           	      0.000	 452646.594	           	           	      0.000	      0.000	      0.000	
 2011/01/11	   2.515	   2.569	   2.515	   2.557	       28367388	           	           	           	           	           	      0.000	 283673.875	           	           	      0.002	      0.000	      0.004	
 2011/01/12	   2.558	   2.594	   2.542	   2.568	        9988487	           	           	           	           	           	      0.000	  99884.867	           	           	      0.005	      0.001	      0.007	
 2011/01/13	   2.568	   2.588	   2.565	   2.575	       19972516	           	           	           	           	           	      0.000	 199725.156	           	           	      0.008	      0.003	      0.010	
 2011/01/14	   2.500	   2.570	   2.500	   2.542	        2174709	      2.554	           	           	           	           	      0.000	  21747.090	 211535.516	           	      0.007	      0.003	      0.007	
 2011/01/17	   2.510	   2.540	   2.441	   2.467	        3215875	      2.542	           	           	           	           	      0.000	  32158.750	 127437.945	           	      0.000	      0.003	     -0.005	
 2011/01/18	   2.430	   2.487	   2.430	   2.470	       19168254	      2.524	           	           	           	           	      0.000	 191682.547	 109039.680	           	     -0.005	      0.001	     -0.012	
 2011/01/19	   2.445	   2.519	   2.445	   2.514	        2862665	      2.514	           	           	           	           	      0.000	  28626.650	  94788.039	           	     -0.005	      0.000	     -0.010	
 2011/01/20	   2.490	   2.519	   2.450	   2.451	        1471710	      2.489	           	           	           	           	      0.000	  14717.100	  57786.426	           	     -0.010	     -0.002	     -0.016	
 2011/01/21	   2.440	   2.558	   2.440	   2.493	        3462428	      2.479	      2.516	           	           	           	      0.000	  34624.281	  60361.867	 135948.688	     -0.011	     -0.004	     -0.014	
 2011/01/24	   2.493	   2.527	   2.491	   2.500	        7253508	      2.486	      2.514	           	           	           	      0.000	  72535.078	  68437.133	  97937.539	     -0.011	     -0.005	     -0.011	
 2011/01/25	   2.493	   2.500	   2.466	   2.483	        1072373	      2.488	      2.506	           	           	           	      0.000	  10723.730	  32245.367	  70642.523	     -0.012	     -0.006	     -0.010	
 2011/01/26	   2.480	   2.516	   2.480	   2.515	        2028215	      2.488	      2.501	           	           	           	      0.000	  20282.150	  30576.469	  62682.254	     -0.010	     -0.007	     -0.005	
 2011/01/27	   2.495	   2.561	   2.480	   2.541	        2126341	      2.506	      2.498	           	           	           	      0.000	  21263.410	  31885.730	  44836.078	     -0.006	     -0.007	      0.001	
 2011/01/28	   2.504	   2.556	   2.503	   2.537	        1553392	      2.515	      2.497	           	           	           	      0.000	  15533.920	  28067.658	  44214.762	     -0.004	     -0.006	      0.005	
 2011/01/31	   2.539	   2.570	   2.530	   2.566	        3655072	      2.528	      2.507	           	           	           	      0.000	  36550.719	  20870.785	  44653.957	      0.001	     -0.005	      0.011	
 2011/02/01	   2.566	   2.571	   2.554	   2.560	        5745209	      2.544	      2.516	           	           	           	      0.000	  57452.090	  30216.457	  31230.912	      0.004	     -0.003	      0.014	
 2011/02/09	   2.550	   2.578	   2.539	   2.539	        8733805	      2.549	      2.519	           	           	           	      0.000	  87338.047	  43627.637	  37102.051	      0.004	     -0.002	      0.012	
 2011/02/10	   2.539	   2.583	   2.524	   2.579	        5570373	      2.556	      2.531	           	           	           	      0.000	  55703.730	  50515.703	  41200.715	      0.008	      0.000	      0.015	
 2011/02/11	   2.580	   2.602	   2.570	   2.590	        7484571	      2.567	      2.541	      2.529	           	           	      0.000	  74845.711	  62378.059	  45222.859	      0.012	      0.003	      0.018	
 2011/02/14	   2.580	   2.677	   2.580	   2.663	       28058484	      2.586	      2.557	      2.536	           	           	      0.000	 280584.844	 111184.883	  66027.836	      0.020	      0.006	      0.028	
 2011/02/15	   2.664	   2.693	   2.657	   2.660	       23785102	      2.606	      2.575	      2.541	           	           	      0.000	 237851.016	 147264.672	  88740.563	      0.026	      0.010	      0.032	
 2011/02/16	   2.640	   2.680	   2.640	   2.675	       10038031	      2.633	      2.591	      2.546	           	           	      0.000	 100380.313	 149873.125	  96750.383	      0.032	      0.014	      0.035	
 2011/02/17	   2.676	   2.690	   2.642	   2.663	       17530580	      2.650	      2.603	      2.550	           	           	      0.000	 175305.797	 173793.531	 112154.617	      0.035	      0.019	      0.033	
 2011/02/18	   2.658	   2.665	   2.633	   2.640	        4634668	      2.660	      2.614	      2.555	           	           	      0.000	  46346.680	 168093.734	 115235.891	      0.035	      0.022	      0.027	
 2011/02/21	   2.639	   2.665	   2.620	   2.657	        3781492	      2.659	      2.623	      2.565	           	           	      0.000	  37814.922	 119539.742	 115362.313	      0.037	      0.025	      0.023	
 2011/02/22	   2.657	   2.678	   2.590	   2.590	        1862820	      2.645	      2.626	      2.571	           	           	      0.000	  18628.199	  75695.180	 111479.922	      0.032	      0.026	      0.011	
 2011/02/23	   2.570	   2.600	   2.560	   2.570	        3433649	      2.624	      2.629	      2.574	           	           	      0.000	  34336.488	  62486.418	 106179.773	      0.026	      0.026	     -0.000	
 2011/02/24	   2.565	   2.594	   2.561	   2.592	        1393090	      2.610	      2.630	      2.581	           	           	      0.000	  13930.900	  30211.438	 102002.484	      0.023	      0.026	     -0.005	
 2011/02/25	   2.578	   2.609	   2.560	   2.586	         704944	      2.599	      2.630	      2.585	           	           	      0.000	   7049.440	  22351.990	  95222.859	      0.020	      0.024	     -0.009	
 2011/02/28	   2.587	   2.620	   2.572	   2.615	        1710826	      2.591	      2.625	      2.591	           	           	      0.000	  17108.260	  18210.658	  68875.203	      0.019	      0.023	     -0.008	
 2011/03/01	   2.615	   2.644	   2.610	   2.621	        3141805	      2.597	      2.621	      2.598	           	           	      0.000	  31418.051	  20768.627	  48231.906	      0.019	      0.023	     -0.006	
 2011/03/02	   2.601	   2.626	   2.596	   2.613	        3264294	      2.605	      2.615	      2.603	           	           	      0.000	  32642.939	  20429.918	  41458.168	      0.019	      0.022	     -0.007	
 2011/03/03	   2.616	   2.650	   2.610	   2.623	        8877794	      2.612	      2.611	      2.607	           	           	      0.000	  88777.938	  35399.324	  32805.383	      0.018	      0.021	     -0.005	
 2011/03/04	   2.611	   2.655	   2.611	   2.654	        3907137	      2.625	      2.612	      2.613	           	           	      0.000	  39071.371	  41803.711	  32077.852	      0.021	      0.021	     -0.001	
 2011/03/07	   2.645	   2.705	   2.645	   2.700	       12821642	      2.642	      2.616	      2.619	           	           	      0.000	 128216.422	  64025.344	  41118.000	      0.026	      0.022	      0.008	
 2011/03/08	   2.690	   2.710	   2.672	   2.700	        7271746	      2.658	      2.627	      2.627	           	           	      0.000	  72717.461	  72285.227	  46526.926	      0.030	      0.023	      0.012	
 2011/03/09	   2.698	   2.714	   2.690	   2.698	        3198987	      2.675	      2.640	      2.634	           	           	      0.000	  31989.869	  72154.609	  46292.266	      0.032	      0.025	      0.014	
 2011/03/10	   2.681	   2.688	   2.652	   2.653	       11293586	      2.681	      2.646	      2.638	           	           	      0.000	 112935.859	  76986.195	  56192.762	      0.030	      0.026	      0.008	
 2011/03/11	   2.640	   2.653	   2.622	   2.630	       10510115	      2.676	      2.651	      2.640	           	           	      0.000	 105101.148	  90192.148	  65997.930	      0.026	      0.026	     -0.000	
 2011/03/14	   2.622	   2.639	   2.612	   2.636	        7736199	      2.663	      2.653	      2.639	           	           	      0.000	  77361.992	  80021.266	  72023.305	      0.023	      0.026	     -0.004	
 2011/03/15	   2.650	   2.650	   2.567	   2.592	       16698506	      2.642	      2.650	      2.635	           	           	      0.000	 166985.063	  98874.789	  85580.008	      0.017	      0.024	     -0.013	
 2011/03/16	   2.581	   2.626	   2.581	   2.622	        1721597	      2.627	      2.651	      2.633	           	           	      0.000	  17215.971	  95920.008	  84037.313	      0.015	      0.022	     -0.014	
 2011/03/17	   2.601	   2.617	   2.585	   2.586	       13491033	      2.613	      2.647	      2.629	           	           	      0.000	 134910.328	 100314.898	  88650.547	      0.010	      0.020	     -0.020	
 2011/03/18	   2.610	   2.619	   2.592	   2.600	         418708	      2.607	      2.642	      2.627	           	           	      0.000	   4187.080	  80132.086	  85162.117	      0.007	      0.017	     -0.020	
 2011/03/21	   2.600	   2.612	   2.590	   2.591	        5553702	      2.598	      2.631	      2.624	           	           	      0.000	  55537.020	  75767.094	  77894.180	      0.004	      0.015	     -0.021	
 2011/03/22	   2.591	   2.614	   2.575	   2.605	        1390286	      2.601	      2.621	      2.624	           	           	      0.000	  13902.860	  45150.652	  72012.719	      0.003	      0.012	     -0.019	
 2011/03/23	   2.590	   2.650	   2.590	   2.625	        1029689	      2.601	      2.614	      2.627	           	           	      0.000	  10296.890	  43766.836	  69843.422	      0.003	      0.010	     -0.014	
 2011/03/24	   2.620	   2.625	   2.604	   2.622	         406086	      2.609	      2.611	      2.629	           	           	      0.000	   4060.860	  17596.941	  58955.922	      0.003	      0.009	     -0.011	
 2011/03/25	   2.601	   2.650	   2.601	   2.648	        2802210	      2.618	      2.613	      2.632	           	           	      0.000	  28022.100	  22363.945	  51248.016	      0.005	      0.008	     -0.006	
 2011/03/28	   2.642	   2.670	   2.640	   2.648	       12016286	      2.630	      2.614	      2.633	           	           	      0.000	 120162.859	  35289.113	  55528.102	      0.007	      0.008	     -0.002	
 2011/03/29	   2.648	   2.664	   2.625	   2.626	        7120783	      2.634	      2.617	      2.634	           	           	      0.000	  71207.828	  46750.105	  45950.379	      0.006	      0.008	     -0.002	
 2011/03/30	   2.625	   2.648	   2.605	   2.627	        2489427	      2.634	      2.618	      2.634	           	           	      0.000	  24894.270	  49669.582	  46718.211	      0.006	      0.007	     -0.003	
 2011/03/31	   2.620	   2.628	   2.601	   2.605	        2839437	      2.631	      2.620	      2.633	           	           	      0.000	  28394.369	  54536.285	  36066.613	      0.004	      0.007	     -0.006	
 2011/04/01	   2.600	   2.635	   2.600	   2.635	         719864	      2.628	      2.623	      2.632	           	           	      0.000	   7198.640	  50371.594	  36367.770	      0.005	      0.006	     -0.003	
 2011/04/06	   2.658	   2.690	   2.638	   2.679	       10544808	      2.634	      2.632	      2.631	           	           	      0.000	 105448.078	  47428.637	  41358.875	      0.008	      0.007	      0.004	
 2011/04/07	   2.679	   2.686	   2.666	   2.681	        6389255	      2.645	      2.640	      2.630	           	           	      0.000	  63892.551	  45965.582	  46357.844	      0.012	      0.008	      0.008	
 2011/04/08	   2.665	   2.704	   2.665	   2.700	       11441961	      2.660	      2.647	      2.631	           	           	      0.000	 114419.609	  63870.648	  56770.117	      0.016	      0.009	      0.013	
 2011/04/11	   2.693	   2.734	   2.690	   2.701	        5860490	      2.679	      2.655	      2.633	           	           	      0.000	  58604.898	  69912.758	  62224.520	      0.018	      0.011	      0.015	
 2011/04/12	   2.600	   2.710	   2.600	   2.699	        1199863	      2.692	      2.660	      2.636	      2.602	           	      0.000	  11998.630	  70872.750	  60622.172	      0.020	      0.013	      0.015	
 2011/04/13	   2.661	   2.738	   2.661	   2.735	        6150677	      2.703	      2.669	      2.641	      2.605	           	      0.000	  61506.770	  62084.492	  54756.563	      0.025	      0.015	      0.019	
 2011/04/14	   2.716	   2.740	   2.701	   2.716	        4945845	      2.710	      2.678	      2.648	      2.608	           	      0.000	  49458.449	  59197.672	  52581.625	      0.026	      0.017	      0.017	
 2011/04/15	   2.703	   2.749	   2.703	   2.733	        2337984	      2.717	      2.688	      2.653	      2.611	           	      0.000	  23379.840	  40989.719	  52430.184	      0.028	      0.020	      0.017	
 2011/04/18	   2.720	   2.750	   2.711	   2.731	        2535004	      2.723	      2.701	      2.660	      2.613	           	      0.000	  25350.039	  34338.746	  52125.750	      0.029	      0.022	      0.016	
 2011/04/19	   2.718	   2.718	   2.675	   2.689	        8158667	      2.721	      2.706	      2.665	      2.616	           	      0.000	  81586.672	  48256.355	  59564.555	      0.027	      0.023	      0.008	
 2011/04/20	   2.682	   2.690	   2.670	   2.686	        3475507	      2.711	      2.707	      2.670	      2.619	           	      0.000	  34755.070	  42906.016	  52495.254	      0.024	      0.023	      0.002	
 2011/04/21	   2.670	   2.712	   2.670	   2.688	        1820535	      2.705	      2.708	      2.674	      2.623	           	      0.000	  18205.350	  36655.395	  47926.531	      0.022	      0.023	     -0.002	
 2011/04/22	   2.688	   2.698	   2.672	   2.679	        4449922	      2.695	      2.706	      2.676	      2.626	           	      0.000	  44499.219	  40879.270	  40934.492	      0.019	      0.022	     -0.006	
 2011/04/25	   2.657	   2.688	   2.646	   2.646	        1355084	      2.678	      2.700	      2.678	      2.629	           	      0.000	  13550.840	  38519.430	  36429.086	      0.014	      0.020	     -0.012	
 2011/04/26	   2.640	   2.655	   2.618	   2.639	         741406	      2.668	      2.694	      2.677	      2.631	           	      0.000	   7414.060	  23684.908	  35970.629	      0.010	      0.018	     -0.017	
 2011/04/27	   2.676	   2.740	   2.614	   2.625	         706994	      2.655	      2.683	      2.676	      2.633	           	      0.000	   7069.940	  18147.881	  30526.947	      0.005	      0.016	     -0.022	
 2011/04/28	   2.623	   2.646	   2.610	   2.620	         332385	      2.642	      2.674	      2.676	      2.636	           	      0.000	   3323.850	  15171.582	  25913.488	      0.001	      0.013	     -0.024	
 2011/04/29	   2.611	   2.640	   2.580	   2.620	         232883	      2.630	      2.662	      2.675	      2.638	           	      0.000	   2328.830	   6737.504	  23808.387	     -0.003	      0.009	     -0.025	
 2011/05/03	   2.600	   2.630	   2.600	   2.630	         592983	      2.627	      2.652	      2.677	      2.639	           	      0.000	   5929.830	   5213.302	  21866.365	     -0.005	      0.007	     -0.023	
 2011/05/04	   2.630	   2.630	   2.580	   2.587	         441320	      2.616	      2.642	      2.674	      2.640	           	      0.000	   4413.200	   4613.130	  14149.019	     -0.009	      0.003	     -0.026	
 2011/05/05	   2.579	   2.590	   2.570	   2.573	        1595623	      2.606	      2.631	      2.669	      2.640	           	      0.000	  15956.230	   6390.388	  12269.135	     -0.014	     -0.000	     -0.028	
 2011/05/06	   2.571	   2.583	   2.512	   2.559	        1129563	      2.594	      2.618	      2.663	      2.640	           	      0.000	  11295.630	   7984.744	  11578.163	     -0.019	     -0.004	     -0.030	
 2011/05/09	   2.585	   2.585	   2.557	   2.570	         721822	      2.584	      2.607	      2.656	      2.640	           	      0.000	   7218.220	   8962.622	   7850.063	     -0.021	     -0.007	     -0.028	
 2011/05/10	   2.570	   2.583	   2.568	   2.577	         197383	      2.573	      2.600	      2.650	      2.640	           	      0.000	   1973.830	   8171.422	   6692.362	     -0.023	     -0.010	     -0.024	
 2011/05/11	   2.577	   2.585	   2.551	   2.581	         154771	      2.572	      2.594	      2.644	      2.640	           	      0.000	   1547.710	   7598.324	   6105.727	     -0.023	     -0.013	     -0.020	
 2011/05/12	   2.549	   2.579	   2.549	   2.551	         187553	      2.568	      2.587	      2.635	      2.638	           	      0.000	   1875.530	   4782.184	   5586.286	     -0.025	     -0.015	     -0.020	
 2011/05/13	   2.540	   2.584	   2.540	   2.580	        1368268	      2.572	      2.583	      2.628	      2.637	           	      0.000	  13682.680	   5259.594	   6622.169	     -0.025	     -0.017	     -0.015	
 2011/05/16	   2.560	   2.566	   2.542	   2.548	         414535	      2.567	      2.576	      2.619	      2.635	           	      0.000	   4145.350	   4645.020	   6803.821	     -0.026	     -0.019	     -0.015	
 2011/05/17	   2.539	   2.574	   2.525	   2.555	         270887	      2.563	      2.568	      2.610	      2.633	           	      0.000	   2708.870	   4792.028	   6481.725	     -0.027	     -0.021	     -0.012	
 2011/05/18	   2.542	   2.569	   2.542	   2.567	         259240	      2.560	      2.566	      2.604	      2.632	           	      0.000	   2592.400	   5000.966	   6299.645	     -0.026	     -0.022	     -0.009	
 2011/05/19	   2.572	   2.572	   2.546	   2.550	         310379	      2.560	      2.564	      2.597	      2.630	           	      0.000	   3103.790	   5246.618	   5014.401	     -0.026	     -0.023	     -0.007	
 2011/05/20	   2.559	   2.565	   2.530	   2.545	         242606	      2.553	      2.562	      2.590	      2.629	           	      0.000	   2426.060	   2995.294	   4127.444	     -0.027	     -0.023	     -0.007	
 2011/05/23	   2.526	   2.526	   2.484	   2.486	         216400	      2.541	      2.554	      2.580	      2.628	           	      0.000	   2164.000	   2599.024	   3622.022	     -0.031	     -0.025	     -0.013	
 2011/05/24	   2.452	   2.497	   2.450	   2.475	        4206113	      2.525	      2.544	      2.572	      2.626	           	      0.000	  42061.129	  10469.476	   7630.752	     -0.036	     -0.027	     -0.017	
 2011/05/25	   2.465	   2.475	   2.430	   2.440	         452959	      2.499	      2.530	      2.562	      2.624	           	      0.000	   4529.590	  10856.914	   7928.940	     -0.041	     -0.030	     -0.023	
 2011/05/26	   2.445	   2.450	   2.431	   2.444	         221059	      2.478	      2.519	      2.553	      2.621	           	      0.000	   2210.590	  10678.273	   7962.446	     -0.045	     -0.033	     -0.024	
 2011/05/27	   2.410	   2.467	   2.410	   2.440	         145501	      2.457	      2.505	      2.544	      2.618	           	      0.000	   1455.010	  10484.063	   6739.679	     -0.048	     -0.036	     -0.023	
 2011/05/30	   2.422	   2.449	   2.410	   2.426	         184758	      2.445	      2.493	      2.534	      2.615	           	      0.000	   1847.580	  10420.779	   6509.902	     -0.050	     -0.039	     -0.023	
 2011/05/31	   2.420	   2.459	   2.420	   2.457	         527027	      2.441	      2.483	      2.526	      2.612	           	      0.000	   5270.270	   3062.608	   6766.042	     -0.049	     -0.041	     -0.017	
 2011/06/01	   2.448	   2.468	   2.442	   2.444	         559938	      2.442	      2.471	      2.518	      2.608	           	      0.000	   5599.380	   3276.566	   7066.740	     -0.049	     -0.043	     -0.013	
 2011/06/02	   2.425	   2.444	   2.420	   2.421	          71832	      2.438	      2.458	      2.511	      2.604	           	      0.000	    718.320	   2978.112	   6828.193	     -0.050	     -0.044	     -0.012	
 2011/06/03	   2.405	   2.468	   2.405	   2.436	         144989	      2.437	      2.447	      2.505	      2.599	           	      0.000	   1449.890	   2977.088	   6730.576	     -0.049	     -0.045	     -0.008	
 2011/06/07	   2.439	   2.442	   2.415	   2.442	         283320	      2.440	      2.443	      2.498	      2.595	           	      0.000	   2833.200	   3174.212	   6797.496	     -0.047	     -0.046	     -0.004	
 2011/06/08	   2.414	   2.449	   2.414	   2.449	         232910	      2.438	      2.440	      2.492	      2.592	           	      0.000	   2329.100	   2585.978	   2824.293	     -0.045	     -0.045	      0.001	
 2011/06/09	   2.453	   2.453	   2.415	   2.416	         177283	      2.433	      2.438	      2.484	      2.588	           	      0.000	   1772.830	   1820.668	   2548.617	     -0.045	     -0.045	      0.001	
 2011/06/10	   2.400	   2.420	   2.395	   2.417	         178959	      2.432	      2.435	      2.477	      2.584	           	      0.000	   1789.590	   2034.922	   2506.517	     -0.045	     -0.045	      0.001	
 2011/06/13	   2.400	   2.445	   2.391	   2.417	          43399	      2.428	      2.432	      2.469	      2.582	           	      0.000	    433.990	   1831.742	   2404.415	     -0.044	     -0.045	      0.002	
 2011/06/14	   2.390	   2.438	   2.390	   2.434	         279154	      2.427	      2.433	      2.463	      2.578	           	      0.000	   2791.540	   1823.410	   2498.811	     -0.041	     -0.044	      0.006	
 2011/06/15	   2.440	   2.440	   2.405	   2.429	         108185	      2.423	      2.431	      2.457	      2.576	           	      0.000	   1081.850	   1573.960	   2079.969	     -0.039	     -0.043	      0.008	
 2011/06/16	   2.425	   2.425	   2.390	   2.409	         153897	      2.421	      2.427	      2.449	      2.573	           	      0.000	   1538.970	   1527.188	   1673.928	     -0.039	     -0.042	      0.007	
 2011/06/17	   2.380	   2.448	   2.375	   2.420	        6348754	      2.422	      2.427	      2.442	      2.570	           	      0.000	  63487.539	  13866.777	   7950.850	     -0.037	     -0.041	      0.008	
 2011/06/20	   2.306	   2.390	   2.306	   2.370	        3365813	      2.412	      2.420	      2.434	      2.566	           	      0.000	  33658.129	  20511.605	  11171.674	     -0.039	     -0.041	      0.003	
 2011/06/21	   2.371	   2.430	   2.370	   2.407	         570494	      2.407	      2.417	      2.430	      2.562	           	      0.000	   5704.940	  21094.285	  11458.848	     -0.038	     -0.040	      0.005	
 2011/06/22	   2.399	   2.410	   2.365	   2.406	         100588	      2.402	      2.412	      2.426	      2.559	           	      0.000	   1005.880	  21079.092	  11326.525	     -0.036	     -0.039	      0.007	
 2011/06/23	   2.380	   2.426	   2.365	   2.425	         148296	      2.406	      2.413	      2.425	      2.555	           	      0.000	   1482.960	  21067.889	  11297.539	     -0.033	     -0.038	      0.011	
 2011/06/24	   2.425	   2.490	   2.310	   2.484	         575724	      2.418	      2.420	      2.427	      2.552	           	      0.000	   5757.240	   9521.830	  11694.304	     -0.025	     -0.036	      0.021	
 2011/06/27	   2.500	   2.537	   2.450	   2.480	         204279	      2.440	      2.426	      2.429	      2.550	           	      0.000	   2042.790	   3198.762	  11855.184	     -0.019	     -0.032	      0.026	
 2011/06/28	   2.499	   2.499	   2.451	   2.472	         570232	      2.453	      2.430	      2.432	      2.547	           	      0.000	   5702.320	   3198.238	  12146.262	     -0.015	     -0.029	      0.027	
 2011/06/29	   2.440	   2.510	   2.440	   2.460	          43949	      2.464	      2.433	      2.432	      2.545	           	      0.000	    439.490	   3084.960	  12082.025	     -0.013	     -0.026	      0.026	
 2011/06/30	   2.465	   2.497	   2.450	   2.492	        2626069	      2.478	      2.442	      2.434	      2.542	           	      0.000	  26260.689	   8040.506	  14554.197	     -0.008	     -0.022	      0.028	
 2011/07/01	   2.492	   2.501	   2.470	   2.492	         163306	      2.479	      2.449	      2.438	      2.539	           	      0.000	   1633.060	   7215.670	   8368.750	     -0.004	     -0.018	      0.029	
 2011/07/04	   2.499	   2.570	   2.492	   2.550	        1052552	      2.493	      2.467	      2.444	      2.537	           	      0.000	  10525.520	   8912.216	   6055.489	      0.003	     -0.014	      0.035	
 2011/07/05	   2.502	   2.550	   2.502	   2.531	          43831	      2.505	      2.479	      2.448	      2.534	           	      0.000	    438.310	   7859.414	   5528.826	      0.008	     -0.010	      0.035	
 2011/07/06	   2.530	   2.535	   2.500	   2.531	        1645530	      2.519	      2.492	      2.452	      2.531	           	      0.000	  16455.301	  11062.576	   7073.768	      0.011	     -0.006	      0.033	
 2011/07/07	   2.540	   2.540	   2.510	   2.520	         161414	      2.525	      2.501	      2.457	      2.528	           	      0.000	   1614.140	   6133.266	   7086.886	      0.013	     -0.002	      0.029	
 2011/07/08	   2.503	   2.520	   2.500	   2.516	         105824	      2.530	      2.504	      2.462	      2.525	           	      0.000	   1058.240	   6018.302	   6616.986	      0.014	      0.001	      0.025	
 2011/07/11	   2.507	   2.523	   2.490	   2.522	         258452	      2.524	      2.509	      2.467	      2.521	           	      0.000	   2584.520	   4430.102	   6671.159	      0.015	      0.004	      0.021	
 2011/07/12	   2.490	   2.500	   2.470	   2.470	          52701	      2.512	      2.508	      2.469	      2.517	           	      0.000	    527.010	   4447.842	   6153.628	      0.011	      0.005	      0.011	
 2011/07/13	   2.478	   2.510	   2.466	   2.500	         290062	      2.506	      2.512	      2.473	      2.513	           	      0.000	   2900.620	   1736.906	   6399.741	      0.011	      0.006	      0.008	
 2011/07/14	   2.490	   2.500	   2.482	   2.495	         416407	      2.501	      2.513	      2.477	      2.510	           	      0.000	   4164.070	   2246.892	   4190.079	      0.010	      0.007	      0.005	
 2011/07/15	   2.463	   2.507	   2.463	   2.504	         179452	      2.498	      2.514	      2.481	      2.507	           	      0.000	   1794.520	   2394.148	   4206.225	      0.009	      0.008	      0.004	
 2011/07/18	   2.504	   2.506	   2.483	   2.499	          81111	      2.494	      2.509	      2.488	      2.504	           	      0.000	    811.110	   2039.466	   3234.784	      0.009	      0.008	      0.002	
 2011/07/19	   2.465	   2.482	   2.465	   2.481	         265419	      2.496	      2.504	      2.491	      2.501	           	      0.000	   2654.190	   2464.902	   3456.372	      0.007	      0.008	     -0.001	
 2011/07/20	   2.481	   2.505	   2.466	   2.498	          44100	      2.495	      2.500	      2.496	      2.498	           	      0.000	    441.000	   1972.978	   1854.942	      0.007	      0.007	     -0.002	
 2011/07/21	   2.462	   2.468	   2.452	   2.460	          67782	      2.488	      2.494	      2.498	      2.495	           	      0.000	    677.820	   1275.728	   1761.310	      0.003	      0.007	     -0.007	
 2011/07/22	   2.464	   2.465	   2.452	   2.460	         550741	      2.480	      2.489	      2.497	      2.492	           	      0.000	   5507.410	   2018.306	   2206.227	      0.001	      0.005	     -0.010	
 2011/07/25	   2.441	   2.442	   2.382	   2.386	         145757	      2.457	      2.475	      2.492	      2.488	           	      0.000	   1457.570	   2147.598	   2093.532	     -0.007	      0.003	     -0.020	
 2011/07/26	   2.386	   2.394	   2.371	   2.394	         125963	      2.440	      2.468	      2.488	      2.485	           	      0.000	   1259.630	   1868.686	   2166.794	     -0.013	     -0.000	     -0.025	
 2011/07/27	   2.371	   2.394	   2.370	   2.394	          17408	      2.419	      2.457	      2.485	      2.481	           	      0.000	    174.080	   1815.302	   1894.140	     -0.017	     -0.004	     -0.027	
 2011/07/28	   2.371	   2.393	   2.349	   2.374	          56396	      2.402	      2.445	      2.479	      2.477	           	      0.000	    563.960	   1792.530	   1534.129	     -0.022	     -0.007	     -0.029	
 2011/07/29	   2.353	   2.380	   2.353	   2.380	          50780	      2.386	      2.433	      2.473	      2.474	           	      0.000	    507.800	    792.608	   1405.457	     -0.025	     -0.011	     -0.028	
 2011/08/01	   2.393	   2.393	   2.370	   2.388	         756561	      2.386	      2.421	      2.465	      2.471	           	      0.000	   7565.610	   2014.216	   2080.907	     -0.026	     -0.014	     -0.025	
 2011/08/02	   2.370	   2.410	   2.350	   2.355	          68090	      2.378	      2.409	      2.456	      2.468	           	      0.000	    680.900	   1898.470	   1883.578	     -0.030	     -0.017	     -0.025	
 2011/08/03	   2.333	   2.386	   2.333	   2.372	          92179	      2.374	      2.396	      2.448	      2.464	           	      0.000	    921.790	   2048.012	   1931.657	     -0.031	     -0.020	     -0.022	
 2011/08/04	   2.350	   2.380	   2.350	   2.380	          45381	      2.375	      2.388	      2.441	      2.461	           	      0.000	    453.810	   2025.982	   1909.256	     -0.030	     -0.022	     -0.017	
 2011/08/05	   2.322	   2.365	   2.294	   2.327	         451800	      2.364	      2.375	      2.432	      2.457	           	      0.000	   4518.000	   2828.022	   1810.315	     -0.034	     -0.024	     -0.020	
 2011/08/08	   2.300	   2.324	   2.200	   2.222	         119307	      2.331	      2.359	      2.417	      2.451	           	      0.000	   1193.070	   1553.514	   1783.865	     -0.045	     -0.028	     -0.033	
 2011/08/09	   2.186	   2.240	   2.120	   2.239	         920124	      2.308	      2.343	      2.405	      2.446	           	      0.000	   9201.240	   3257.582	   2578.026	     -0.052	     -0.033	     -0.037	
 2011/08/10	   2.252	   2.274	   2.236	   2.238	         160046	      2.281	      2.328	      2.392	      2.441	           	      0.000	   1600.460	   3393.316	   2720.664	     -0.056	     -0.038	     -0.037	
 2011/08/11	   2.209	   2.277	   2.209	   2.274	         128193	      2.260	      2.318	      2.381	      2.436	           	      0.000	   1281.930	   3558.940	   2792.461	     -0.057	     -0.041	     -0.030	
 2011/08/12	   2.269	   2.292	   2.269	   2.280	         143074	      2.251	      2.307	      2.370	      2.431	           	      0.000	   1430.740	   2941.488	   2884.755	     -0.056	     -0.044	     -0.023	
 2011/08/15	   2.287	   2.312	   2.275	   2.307	         173328	      2.268	      2.299	      2.360	      2.427	           	      0.000	   1733.280	   3049.530	   2301.522	     -0.052	     -0.046	     -0.012	
 2011/08/16	   2.311	   2.317	   2.275	   2.292	          87720	      2.278	      2.293	      2.351	      2.424	           	      0.000	    877.200	   1384.722	   2321.152	     -0.050	     -0.047	     -0.006	
 2011/08/17	   2.292	   2.292	   2.275	   2.289	         197786	      2.288	      2.285	      2.341	      2.421	           	      0.000	   1977.860	   1460.202	   2426.759	     -0.048	     -0.047	     -0.002	
 2011/08/18	   2.322	   2.322	   2.243	   2.243	          86431	      2.282	      2.271	      2.330	      2.418	           	      0.000	    864.310	   1376.678	   2467.809	     -0.049	     -0.047	     -0.004	
 2011/08/19	   2.216	   2.242	   2.208	   2.215	         100549	      2.269	      2.260	      2.317	      2.414	           	      0.000	   1005.490	   1291.628	   2116.558	     -0.052	     -0.048	     -0.008	
 2011/08/22	   2.218	   2.251	   2.200	   2.205	          52695	      2.249	      2.258	      2.308	      2.410	           	      0.000	    526.950	   1050.362	   2049.946	     -0.055	     -0.050	     -0.010	
 2011/08/23	   2.200	   2.244	   2.200	   2.240	          56297	      2.238	      2.258	      2.301	      2.407	           	      0.000	    562.970	    987.516	   1186.119	     -0.053	     -0.050	     -0.006	
 2011/08/24	   2.240	   2.250	   2.224	   2.225	          25182	      2.226	      2.257	      2.292	      2.403	           	      0.000	    251.820	    642.308	   1051.255	     -0.053	     -0.051	     -0.004	
 2011/08/25	   2.228	   2.310	   2.225	   2.301	         208823	      2.237	      2.260	      2.289	      2.401	           	      0.000	   2088.230	    887.092	   1131.885	     -0.045	     -0.050	      0.008	
 2011/08/26	   2.295	   2.317	   2.278	   2.310	          83597	      2.256	      2.263	      2.285	      2.399	           	      0.000	    835.970	    853.188	   1072.408	     -0.039	     -0.047	      0.018	
 2011/08/29	   2.258	   2.275	   2.200	   2.275	         291322	      2.270	      2.260	      2.279	      2.396	           	      0.000	   2913.220	   1330.442	   1190.402	     -0.036	     -0.045	      0.019	
 2011/08/30	   2.275	   2.299	   2.236	   2.251	          87260	      2.272	      2.255	      2.274	      2.393	           	      0.000	    872.600	   1392.368	   1189.942	     -0.035	     -0.043	      0.016	
 2011/08/31	   2.245	   2.257	   2.240	   2.255	        1052998	      2.278	      2.252	      2.268	      2.390	           	      0.000	  10529.980	   3448.000	   2045.154	     -0.033	     -0.041	      0.015	
 2011/09/01	   2.260	   2.278	   2.250	   2.267	         309433	      2.272	      2.254	      2.263	      2.387	           	      0.000	   3094.330	   3649.220	   2268.156	     -0.031	     -0.039	      0.016	
 2011/09/02	   2.255	   2.255	   2.219	   2.242	         204058	      2.258	      2.257	      2.259	      2.384	           	      0.000	   2040.580	   3890.142	   2371.665	     -0.031	     -0.037	      0.013	
 2011/09/05	   2.201	   2.209	   2.200	   2.204	          57600	      2.244	      2.257	      2.258	      2.381	           	      0.000	    576.000	   3422.698	   2376.570	     -0.033	     -0.037	      0.007	
 2011/09/06	   2.194	   2.200	   2.150	   2.198	         178061	      2.233	      2.253	      2.256	      2.377	           	      0.000	   1780.610	   3604.300	   2498.334	     -0.035	     -0.036	      0.002	
 2011/09/07	   2.194	   2.240	   2.180	   2.240	         544052	      2.230	      2.254	      2.256	      2.374	           	      0.000	   5440.520	   2586.408	   3017.204	     -0.033	     -0.036	      0.005	
 2011/09/08	   2.215	   2.245	   2.210	   2.220	         553914	      2.221	      2.246	      2.253	      2.370	           	      0.000	   5539.140	   3075.370	   3362.295	     -0.033	     -0.035	      0.005	
 2011/09/09	   2.190	   2.220	   2.180	   2.218	          38669	      2.216	      2.237	      2.250	      2.367	           	      0.000	    386.690	   2744.592	   3317.367	     -0.032	     -0.035	      0.005	
 2011/09/13	   2.166	   2.199	   2.150	   2.153	          68011	      2.206	      2.225	      2.242	      2.363	           	      0.000	    680.110	   2765.414	   3094.056	     -0.036	     -0.035	     -0.003	
 2011/09/14	   2.165	   2.196	   2.158	   2.189	          48291	      2.204	      2.219	      2.237	      2.360	           	      0.000	    482.910	   2505.874	   3055.087	     -0.037	     -0.035	     -0.003	
 2011/09/15	   2.199	   2.206	   2.182	   2.206	          32583	      2.197	      2.214	      2.233	      2.356	           	      0.000	    325.830	   1482.936	   2034.672	     -0.035	     -0.035	      0.000	
 2011/09/16	   2.218	   2.218	   2.200	   2.200	          50020	      2.193	      2.207	      2.231	      2.353	           	      0.000	    500.200	    475.148	   1775.259	     -0.034	     -0.035	      0.002	
 2011/09/19	   2.157	   2.180	   2.157	   2.176	          51500	      2.185	      2.200	      2.229	      2.348	           	      0.000	    515.000	    500.810	   1622.701	     -0.034	     -0.035	      0.001	
 2011/09/20	   2.150	   2.175	   2.150	   2.157	          52116	      2.186	      2.196	      2.226	      2.342	           	      0.000	    521.160	    469.020	   1617.217	     -0.036	     -0.035	     -0.002	
 2011/09/21	   2.169	   2.235	   2.169	   2.235	         242646	      2.195	      2.199	      2.226	      2.338	           	      0.000	   2426.460	    857.730	   1681.802	     -0.030	     -0.034	      0.007	
 2011/09/22	   2.188	   2.235	   2.150	   2.227	         879226	      2.199	      2.198	      2.226	      2.334	           	      0.000	   8792.260	   2551.016	   2016.976	     -0.027	     -0.033	      0.012	
 2011/09/23	   2.190	   2.190	   2.102	   2.178	         239800	      2.195	      2.194	      2.220	      2.329	           	      0.000	   2398.000	   2930.576	   1702.862	     -0.027	     -0.031	      0.009	
 2011/09/26	   2.175	   2.175	   2.100	   2.106	          93900	      2.181	      2.183	      2.210	      2.323	           	      0.000	    939.000	   3015.376	   1758.093	     -0.033	     -0.032	     -0.002	
 2011/09/27	   2.120	   2.144	   2.089	   2.144	         457302	      2.178	      2.182	      2.203	      2.316	           	      0.000	   4573.020	   3825.748	   2147.384	     -0.034	     -0.032	     -0.004	
 2011/09/28	   2.106	   2.149	   2.106	   2.123	         137901	      2.156	      2.175	      2.197	      2.309	           	      0.000	   1379.010	   3616.258	   2236.994	     -0.036	     -0.033	     -0.006	
 2011/09/29	   2.083	   2.139	   2.068	   2.123	         250201	      2.135	      2.167	      2.190	      2.302	           	      0.000	   2502.010	   2358.208	   2454.612	     -0.038	     -0.034	     -0.007	
 2011/09/30	   2.122	   2.122	   2.072	   2.117	          72100	      2.123	      2.159	      2.183	      2.296	           	      0.000	    721.000	   2022.808	   2476.692	     -0.039	     -0.035	     -0.008	
 2011/10/10	   2.080	   2.092	   2.039	   2.070	          49179	      2.115	      2.148	      2.174	      2.288	           	      0.000	    491.790	   1933.366	   2474.371	     -0.043	     -0.036	     -0.013	
 2011/10/11	   2.105	   2.110	   2.080	   2.081	         176511	      2.103	      2.140	      2.168	      2.281	           	      0.000	   1765.110	   1371.784	   2598.766	     -0.045	     -0.038	     -0.013	
 2011/10/12	   2.087	   2.189	   2.080	   2.184	         144331	      2.115	      2.135	      2.167	      2.276	           	      0.000	   1443.310	   1384.644	   2500.451	     -0.037	     -0.038	      0.001	
 2011/10/13	   2.184	   2.250	   2.147	   2.220	         652034	      2.134	      2.135	      2.166	      2.271	           	      0.000	   6520.340	   2188.310	   2273.259	     -0.028	     -0.036	      0.015	
 2011/10/14	   2.220	   2.226	   2.152	   2.156	         382675	      2.142	      2.132	      2.163	      2.266	           	      0.000	   3826.750	   2809.460	   2416.134	     -0.026	     -0.034	      0.016	
 2011/10/17	   2.180	   2.180	   2.151	   2.156	         101196	      2.159	      2.137	      2.160	      2.260	           	      0.000	   1011.960	   2913.494	   2423.430	     -0.024	     -0.032	      0.016	
 2011/10/18	   2.140	   2.150	   2.092	   2.113	         113700	      2.166	      2.134	      2.158	      2.254	           	      0.000	   1137.000	   2787.872	   2079.828	     -0.026	     -0.031	      0.010	
 2011/10/19	   2.104	   2.132	   2.091	   2.115	          80100	      2.152	      2.134	      2.154	      2.247	           	      0.000	    801.000	   2659.410	   2022.027	     -0.026	     -0.030	      0.007	
 2011/10/20	   2.090	   2.090	   2.063	   2.071	         138049	      2.122	      2.128	      2.148	      2.240	           	      0.000	   1380.490	   1631.440	   1909.875	     -0.030	     -0.030	     -0.000	
 2011/10/21	   2.070	   2.087	   2.060	   2.085	         108662	      2.108	      2.125	      2.142	      2.234	           	      0.000	   1086.620	   1083.414	   1946.437	     -0.032	     -0.030	     -0.003	
 2011/10/24	   2.061	   2.156	   2.061	   2.117	          84860	      2.100	      2.130	      2.139	      2.228	           	      0.000	    848.600	   1050.742	   1982.118	     -0.030	     -0.030	      0.001	
 2011/10/25	   2.133	   2.160	   2.111	   2.160	         122211	      2.110	      2.138	      2.139	      2.225	           	      0.000	   1222.110	   1067.764	   1927.818	     -0.025	     -0.029	      0.009	
 2011/10/26	   2.154	   2.189	   2.154	   2.169	         212441	      2.120	      2.136	      2.136	      2.221	           	      0.000	   2124.410	   1332.446	   1995.928	     -0.020	     -0.027	      0.015	
 2011/10/27	   2.181	   2.181	   2.155	   2.181	         150948	      2.142	      2.132	      2.133	      2.217	           	      0.000	   1509.480	   1358.244	   1494.842	     -0.015	     -0.025	      0.020	
 2011/10/28	   2.210	   2.253	   2.199	   2.220	         904483	      2.169	      2.139	      2.136	      2.215	           	      0.000	   9044.830	   2949.886	   2016.650	     -0.007	     -0.021	      0.028	
 2011/10/31	   2.233	   2.233	   2.192	   2.213	         198048	      2.189	      2.144	      2.141	      2.212	           	      0.000	   1980.480	   3176.262	   2113.502	     -0.002	     -0.018	      0.031	
 2011/11/01	   2.180	   2.250	   2.170	   2.225	         760458	      2.202	      2.156	      2.145	      2.209	           	      0.000	   7604.580	   4452.756	   2760.260	      0.003	     -0.013	      0.033	
 2011/11/02	   2.195	   2.262	   2.190	   2.258	         646907	      2.219	      2.170	      2.152	      2.208	           	      0.000	   6469.070	   5321.688	   3327.067	      0.009	     -0.009	      0.037	
 2011/11/03	   2.280	   2.286	   2.269	   2.269	         500347	      2.237	      2.190	      2.159	      2.206	           	      0.000	   5003.470	   6020.486	   3689.365	      0.015	     -0.004	      0.039	
 2011/11/04	   2.280	   2.300	   2.266	   2.285	         551754	      2.250	      2.210	      2.167	      2.204	           	      0.000	   5517.540	   5315.028	   4132.457	      0.021	      0.001	      0.040	
 2011/11/07	   2.250	   2.268	   2.250	   2.251	         122426	      2.258	      2.223	      2.176	      2.203	           	      0.000	   1224.260	   5163.784	   4170.023	      0.023	      0.005	      0.035	
 2011/11/08	   2.250	   2.259	   2.250	   2.253	          28400	      2.263	      2.232	      2.185	      2.204	           	      0.000	    284.000	   3699.668	   4076.212	      0.024	      0.009	      0.030	
 2011/11/09	   2.244	   2.251	   2.241	   2.244	          32330	      2.260	      2.240	      2.188	      2.204	           	      0.000	    323.300	   2470.514	   3896.101	      0.024	      0.012	      0.023	
 2011/11/10	   2.241	   2.260	   2.225	   2.228	         128299	      2.252	      2.245	      2.188	      2.203	           	      0.000	   1282.990	   1726.418	   3873.452	      0.022	      0.014	      0.016	
 2011/11/11	   2.233	   2.233	   2.213	   2.213	          32200	      2.238	      2.244	      2.191	      2.202	           	      0.000	    322.000	    687.310	   3001.169	      0.019	      0.015	      0.009	
 2011/11/14	   2.244	   2.255	   2.244	   2.245	          92573	      2.237	      2.247	      2.196	      2.202	           	      0.000	    925.730	    627.604	   2895.694	      0.019	      0.016	      0.007	
 2011/11/15	   2.239	   2.245	   2.231	   2.244	          43260	      2.235	      2.249	      2.202	      2.201	           	      0.000	    432.600	    657.324	   2178.496	      0.019	      0.017	      0.005	
 2011/11/16	   2.234	   2.234	   2.171	   2.171	          39300	      2.220	      2.240	      2.205	      2.199	           	      0.000	    393.000	    671.264	   1570.889	      0.013	      0.016	     -0.005	
 2011/11/17	   2.175	   2.175	   2.160	   2.160	          48844	      2.207	      2.229	      2.210	      2.197	           	      0.000	    488.440	    512.354	   1119.386	      0.007	      0.014	     -0.014	
 2011/11/18	   2.140	   2.158	   2.114	   2.115	         110379	      2.187	      2.212	      2.211	      2.195	           	      0.000	   1103.790	    668.712	    678.011	     -0.001	      0.011	     -0.024	
 2011/11/21	   2.144	   2.144	   2.113	   2.131	          46500	      2.164	      2.200	      2.212	      2.193	           	      0.000	    465.000	    576.566	    602.085	     -0.006	      0.008	     -0.028	
 2011/11/22	   2.110	   2.140	   2.105	   2.140	          72063	      2.143	      2.189	      2.211	      2.192	           	      0.000	    720.630	    634.172	    645.748	     -0.009	      0.004	     -0.027	
 2011/11/23	   2.117	   2.123	   2.117	   2.123	          10300	      2.134	      2.177	      2.208	      2.190	           	      0.000	    103.000	    576.172	    623.718	     -0.013	      0.001	     -0.028	
 2011/11/24	   2.100	   2.120	   2.100	   2.120	          13966	      2.126	      2.166	      2.205	      2.188	           	      0.000	    139.660	    506.416	    509.385	     -0.016	     -0.003	     -0.027	
 2011/11/25	   2.120	   2.126	   2.105	   2.112	        3545400	      2.125	      2.156	      2.200	      2.185	           	      0.000	  35454.000	   7376.458	   4022.585	     -0.019	     -0.006	     -0.026	
 2011/11/28	   2.128	   2.128	   2.091	   2.091	          20983	      2.117	      2.141	      2.194	      2.182	           	      0.000	    209.830	   7325.424	   3950.995	     -0.023	     -0.009	     -0.027	
 2011/11/29	   2.100	   2.116	   2.100	   2.116	          12063	      2.112	      2.128	      2.188	      2.179	           	      0.000	    120.630	   7205.424	   3919.798	     -0.024	     -0.012	     -0.023	
 2011/11/30	   2.108	   2.108	   2.050	   2.057	        7712191	      2.099	      2.116	      2.178	      2.176	           	      0.000	  77121.906	  22609.205	  11592.688	     -0.028	     -0.015	     -0.026	
 2011/12/01	   2.120	   2.145	   2.100	   2.109	        1561528	      2.097	      2.111	      2.170	      2.173	           	      0.000	  15615.280	  25704.330	  13105.373	     -0.028	     -0.018	     -0.020	
 2011/12/02	   2.090	   2.116	   2.090	   2.115	          28782	      2.098	      2.111	      2.162	      2.171	           	      0.000	    287.820	  18671.094	  13023.775	     -0.027	     -0.020	     -0.014	
 2011/12/05	   2.080	   2.098	   2.062	   2.071	          32833	      2.094	      2.105	      2.153	      2.168	           	      0.000	    328.330	  18694.793	  13010.108	     -0.029	     -0.021	     -0.015	
 2011/12/06	   2.065	   2.079	   2.065	   2.065	           5001	      2.083	      2.098	      2.144	      2.166	           	      0.000	     50.010	  18680.670	  12943.047	     -0.031	     -0.023	     -0.015	
 2011/12/07	   2.093	   2.093	   2.092	   2.092	          15500	      2.090	      2.095	      2.136	      2.164	           	      0.000	    155.000	   3287.288	  12948.247	     -0.030	     -0.025	     -0.010	
 2011/12/08	   2.082	   2.096	   2.073	   2.090	          21401	      2.087	      2.092	      2.129	      2.161	           	      0.000	    214.010	    207.034	  12955.682	     -0.029	     -0.025	     -0.007	
 2011/12/09	   2.076	   2.097	   2.076	   2.094	          20298	      2.082	      2.090	      2.123	      2.159	           	      0.000	    202.980	    190.066	   9430.580	     -0.027	     -0.026	     -0.003	
 2011/12/12	   2.081	   2.081	   2.058	   2.058	          12765	      2.080	      2.087	      2.114	      2.157	           	      0.000	    127.650	    149.930	   9422.361	     -0.029	     -0.026	     -0.005	
 2011/12/13	   2.063	   2.063	   2.020	   2.020	         123900	      2.071	      2.077	      2.102	      2.154	           	      0.000	   1239.000	    387.728	   9534.198	     -0.033	     -0.028	     -0.010	
 2011/12/14	   2.030	   2.030	   2.003	   2.024	          44399	      2.057	      2.074	      2.095	      2.152	           	      0.000	    443.990	    445.526	   1866.407	     -0.035	     -0.029	     -0.012	
 2011/12/15	   2.008	   2.008	   1.987	   1.988	          80983	      2.037	      2.062	      2.087	      2.148	           	      0.000	    809.830	    564.690	    385.862	     -0.039	     -0.031	     -0.016	
 2011/12/16	   2.006	   2.013	   1.983	   2.013	          45242	      2.021	      2.052	      2.081	      2.145	           	      0.000	    452.420	    614.578	    402.322	     -0.040	     -0.033	     -0.014	
 2011/12/19	   1.984	   2.007	   1.972	   2.007	          56752	      2.010	      2.045	      2.075	      2.142	           	      0.000	    567.520	    702.552	    426.241	     -0.041	     -0.034	     -0.013	
 2011/12/20	   2.025	   2.039	   2.001	   2.002	         628397	      2.007	      2.039	      2.068	      2.139	           	      0.000	   6283.970	   1711.546	   1049.637	     -0.041	     -0.036	     -0.011	
 2011/12/21	   2.020	   2.030	   2.000	   2.000	         368040	      2.002	      2.030	      2.062	      2.135	           	      0.000	   3680.400	   2358.828	   1402.177	     -0.041	     -0.037	     -0.009	
 2011/12/22	   1.991	   2.007	   1.975	   1.994	         563089	      2.003	      2.020	      2.056	      2.132	           	      0.000	   5630.890	   3323.040	   1943.865	     -0.042	     -0.038	     -0.007	
 2011/12/23	   2.000	   2.020	   1.998	   1.998	          87093	      2.000	      2.010	      2.050	      2.129	           	      0.000	    870.930	   3406.742	   2010.660	     -0.041	     -0.038	     -0.005	
 2011/12/26	   1.998	   1.998	   1.998	   1.998	              0	      1.998	      2.004	      2.046	      2.127	           	      0.000	      0.000	   3293.238	   1997.895	     -0.040	     -0.039	     -0.002	
 2011/12/27	   1.890	   1.998	   1.890	   1.950	          22300	      1.988	      1.997	      2.037	      2.124	           	      0.000	    223.000	   2081.044	   1896.295	     -0.042	     -0.039	     -0.006	
 2011/12/28	   1.950	   1.987	   1.942	   1.985	          88054	      1.985	      1.993	      2.034	      2.121	           	      0.000	    880.540	   1521.072	   1939.950	     -0.041	     -0.040	     -0.003	
 2011/12/29	   1.955	   1.990	   1.955	   1.990	         149102	      1.984	      1.994	      2.028	      2.119	           	      0.000	   1491.020	    693.098	   2008.069	     -0.039	     -0.040	      0.001	
 2011/12/30	   1.991	   2.021	   1.991	   2.000	         192277	      1.985	      1.992	      2.022	      2.117	           	      0.000	   1922.770	    903.466	   2155.104	     -0.036	     -0.039	      0.005	
 2012/01/04	   2.041	   2.041	   1.991	   2.008	          74232	      1.987	      1.993	      2.019	      2.116	           	      0.000	    742.320	   1051.930	   2172.584	     -0.033	     -0.038	      0.009	
 2012/01/05	   1.911	   2.000	   1.911	   1.988	         220684	      1.994	      1.991	      2.015	      2.115	           	      0.000	   2206.840	   1448.698	   1764.871	     -0.032	     -0.037	      0.009	
 2012/01/06	   1.957	   1.970	   1.951	   1.970	         190842	      1.991	      1.988	      2.009	      2.111	           	      0.000	   1908.420	   1654.274	   1587.673	     -0.032	     -0.036	      0.007	
 2012/01/09	   1.995	   2.022	   1.995	   2.021	          79664	      1.997	      1.991	      2.005	      2.108	           	      0.000	    796.640	   1515.398	   1104.248	     -0.028	     -0.034	      0.013	
 2012/01/10	   2.032	   2.110	   2.032	   2.110	         153520	      2.019	      2.002	      2.006	      2.107	           	      0.000	   1535.200	   1437.884	   1170.675	     -0.017	     -0.031	      0.028	
 2012/01/11	   2.125	   2.125	   2.078	   2.108	          89800	      2.039	      2.013	      2.009	      2.106	           	      0.000	    898.000	   1469.020	   1260.475	     -0.008	     -0.026	      0.036	
 2012/01/12	   2.076	   2.107	   2.074	   2.090	          24600	      2.060	      2.027	      2.012	      2.106	           	      0.000	    246.000	   1076.852	   1262.775	     -0.003	     -0.022	      0.037	
 2012/01/13	   2.090	   2.090	   2.029	   2.073	          60553	      2.080	      2.036	      2.015	      2.105	           	      0.000	    605.530	    816.274	   1235.274	     -0.000	     -0.017	      0.034	
 2012/01/16	   2.075	   2.080	   2.040	   2.045	         502827	      2.085	      2.041	      2.017	      2.105	           	      0.000	   5028.270	   1662.600	   1588.999	     -0.000	     -0.014	      0.027	
 2012/01/17	   2.040	   2.112	   2.010	   2.112	          34683	      2.086	      2.053	      2.022	      2.105	           	      0.000	    346.830	   1424.926	   1431.405	      0.005	     -0.010	      0.031	
 2012/01/18	   2.111	   2.130	   2.100	   2.105	          54402	      2.085	      2.062	      2.027	      2.105	           	      0.000	    544.020	   1354.130	   1411.575	      0.009	     -0.006	      0.030	
 2012/01/19	   2.080	   2.129	   2.080	   2.124	         255711	      2.092	      2.076	      2.033	      2.104	           	      0.000	   2557.110	   1816.352	   1446.602	      0.013	     -0.002	      0.031	
 2012/01/20	   2.134	   2.190	   2.131	   2.186	         615199	      2.114	      2.097	      2.043	      2.104	           	      0.000	   6151.990	   2925.644	   1870.959	      0.021	      0.002	      0.038	
 2012/01/30	   2.186	   2.186	   2.135	   2.146	         439604	      2.135	      2.110	      2.050	      2.104	           	      0.000	   4396.040	   2799.198	   2230.899	      0.024	      0.007	      0.035	
 2012/01/31	   2.132	   2.138	   2.112	   2.138	         244162	      2.140	      2.113	      2.057	      2.103	           	      0.000	   2441.620	   3218.156	   2321.541	      0.025	      0.010	      0.030	
 2012/02/01	   2.105	   2.138	   2.081	   2.112	         196329	      2.141	      2.113	      2.063	      2.101	           	      0.000	   1963.290	   3502.010	   2428.070	      0.024	      0.013	      0.022	
 2012/02/02	   2.113	   2.159	   2.091	   2.140	         190887	      2.144	      2.118	      2.073	      2.099	           	      0.000	   1908.870	   3372.362	   2594.357	      0.025	      0.015	      0.019	
 2012/02/03	   2.128	   2.156	   2.121	   2.156	         335701	      2.138	      2.126	      2.081	      2.098	           	      0.000	   3357.010	   2813.366	   2869.505	      0.027	      0.018	      0.018	
 2012/02/06	   2.150	   2.160	   2.142	   2.158	          76500	      2.141	      2.138	      2.089	      2.096	           	      0.000	    765.000	   2087.158	   2443.178	      0.028	      0.020	      0.016	
 2012/02/07	   2.156	   2.156	   2.089	   2.123	          54064	      2.138	      2.139	      2.096	      2.093	           	      0.000	    540.640	   1706.962	   2462.559	      0.026	      0.021	      0.010	
 2012/02/08	   2.130	   2.164	   2.099	   2.160	          79339	      2.147	      2.144	      2.103	      2.092	           	      0.000	    793.390	   1472.982	   2487.496	      0.027	      0.022	      0.009	
 2012/02/09	   2.160	   2.164	   2.071	   2.151	          80619	      2.150	      2.147	      2.111	      2.090	           	      0.000	    806.190	   1252.446	   2312.404	      0.027	      0.023	      0.007	
 2012/02/10	   2.166	   2.208	   2.141	   2.165	         801500	      2.151	      2.145	      2.121	      2.089	           	      0.000	   8015.000	   2184.044	   2498.705	      0.027	      0.024	      0.007	
 2012/02/13	   2.140	   2.167	   2.140	   2.158	          94556	      2.151	      2.146	      2.128	      2.087	           	      0.000	    945.560	   2220.156	   2153.657	      0.027	      0.024	      0.005	
 2012/02/14	   2.153	   2.168	   2.141	   2.158	          38025	      2.158	      2.148	      2.130	      2.087	           	      0.000	    380.250	   2188.078	   1947.520	      0.026	      0.025	      0.003	
 2012/02/15	   2.147	   2.176	   2.147	   2.170	         137012	      2.160	      2.154	      2.134	      2.085	           	      0.000	   1370.120	   2303.424	   1888.203	      0.026	      0.025	      0.002	
 2012/02/16	   2.153	   2.176	   2.153	   2.173	           1900	      2.165	      2.157	      2.138	      2.084	           	      0.000	     19.000	   2145.986	   1699.216	      0.026	      0.025	      0.002	
 2012/02/17	   2.164	   2.164	   2.151	   2.155	         186618	      2.163	      2.157	      2.142	      2.084	           	      0.000	   1866.180	    916.222	   1550.133	      0.025	      0.025	     -0.001	
 2012/02/20	   2.185	   2.190	   2.157	   2.185	         119465	      2.168	      2.160	      2.149	      2.084	           	      0.000	   1194.650	    966.040	   1593.098	      0.026	      0.025	      0.000	
 2012/02/21	   2.161	   2.187	   2.161	   2.187	         299766	      2.174	      2.166	      2.152	      2.085	           	      0.000	   2997.660	   1489.522	   1838.800	      0.026	      0.025	      0.001	
 2012/02/22	   2.190	   2.219	   2.181	   2.219	         278959	      2.184	      2.172	      2.158	      2.087	           	      0.000	   2789.590	   1773.416	   2038.420	      0.029	      0.026	      0.005	
 2012/02/23	   2.226	   2.228	   2.200	   2.215	         100300	      2.192	      2.178	      2.163	      2.088	           	      0.000	   1003.000	   1970.216	   2058.101	      0.030	      0.027	      0.006	
 2012/02/24	   2.215	   2.259	   2.215	   2.255	         262601	      2.212	      2.188	      2.166	      2.090	           	      0.000	   2626.010	   2122.182	   1519.202	      0.034	      0.028	      0.011	
 2012/02/27	   2.200	   2.297	   2.153	   2.282	         639994	      2.232	      2.200	      2.173	      2.093	           	      0.000	   6399.940	   3163.240	   2064.640	      0.039	      0.030	      0.017	
 2012/02/28	   2.248	   2.281	   2.248	   2.281	          89351	      2.250	      2.212	      2.180	      2.096	           	      0.000	    893.510	   2742.410	   2115.966	      0.042	      0.033	      0.019	
 2012/02/29	   2.270	   2.270	   2.234	   2.239	          64800	      2.254	      2.219	      2.187	      2.098	           	      0.000	    648.000	   2314.092	   2043.754	      0.041	      0.034	      0.013	
 2012/03/01	   2.220	   2.238	   2.220	   2.229	          65000	      2.257	      2.225	      2.191	      2.100	           	      0.000	    650.000	   2243.492	   2106.854	      0.039	      0.035	      0.007	
 2012/03/02	   2.225	   2.280	   2.225	   2.270	         128767	      2.260	      2.236	      2.197	      2.104	           	      0.000	   1287.670	   1975.824	   2049.003	      0.040	      0.036	      0.007	
 2012/03/05	   2.268	   2.295	   2.258	   2.258	         129257	      2.255	      2.243	      2.202	      2.106	           	      0.000	   1292.570	    954.350	   2058.795	      0.039	      0.037	      0.005	
 2012/03/06	   2.250	   2.250	   2.220	   2.220	         141500	      2.243	      2.247	      2.207	      2.108	           	      0.000	   1415.000	   1058.648	   1900.529	      0.035	      0.036	     -0.002	
 2012/03/07	   2.201	   2.230	   2.201	   2.212	          30815	      2.238	      2.246	      2.209	      2.110	           	      0.000	    308.150	    990.678	   1652.385	      0.031	      0.035	     -0.009	
 2012/03/08	   2.214	   2.244	   2.210	   2.223	          70013	      2.237	      2.247	      2.213	      2.113	           	      0.000	    700.130	   1000.704	   1622.098	      0.028	      0.034	     -0.011	
 2012/03/09	   2.240	   2.245	   2.230	   2.243	          50209	      2.231	      2.246	      2.217	      2.116	           	      0.000	    502.090	    843.588	   1409.706	      0.028	      0.033	     -0.010	
 2012/03/12	   2.245	   2.245	   2.204	   2.224	         117401	      2.224	      2.240	      2.220	      2.118	           	      0.000	   1174.010	    819.876	    887.113	      0.025	      0.031	     -0.012	
 2012/03/13	   2.220	   2.235	   2.211	   2.235	         122820	      2.227	      2.235	      2.224	      2.120	           	      0.000	   1228.200	    782.516	    920.582	      0.024	      0.030	     -0.012	
 2012/03/14	   2.248	   2.271	   2.188	   2.190	         412318	      2.223	      2.230	      2.225	      2.122	           	      0.000	   4123.180	   1545.522	   1268.100	      0.019	      0.028	     -0.017	
 2012/03/15	   2.183	   2.197	   2.171	   2.181	         141204	      2.215	      2.226	      2.225	      2.125	           	      0.000	   1412.040	   1687.904	   1344.304	      0.014	      0.025	     -0.022	
 2012/03/16	   2.163	   2.200	   2.163	   2.179	          33582	      2.202	      2.217	      2.226	      2.128	           	      0.000	    335.820	   1654.650	   1249.119	      0.010	      0.022	     -0.024	
 2012/03/19	   2.171	   2.181	   2.171	   2.172	         264536	      2.191	      2.208	      2.226	      2.131	           	      0.000	   2645.360	   1948.920	   1384.398	      0.006	      0.019	     -0.025	
 2012/03/20	   2.170	   2.173	   2.143	   2.159	         180750	      2.176	      2.202	      2.224	      2.133	           	      0.000	   1807.500	   2064.780	   1423.648	      0.002	      0.015	     -0.027	
 2012/03/21	   2.170	   2.170	   2.132	   2.150	         168911	      2.168	      2.196	      2.221	      2.135	           	      0.000	   1689.110	   1577.966	   1561.744	     -0.002	      0.012	     -0.028	
 2012/03/22	   2.131	   2.154	   2.131	   2.144	         178840	      2.161	      2.188	      2.217	      2.138	           	      0.000	   1788.400	   1653.238	   1670.571	     -0.006	      0.008	     -0.028	
 2012/03/23	   2.126	   2.145	   2.122	   2.129	          46031	      2.151	      2.176	      2.211	      2.140	           	      0.000	    460.310	   1678.136	   1666.393	     -0.010	      0.005	     -0.029	
 2012/03/26	   2.130	   2.130	   2.123	   2.125	          30364	      2.141	      2.166	      2.203	      2.142	           	      0.000	    303.640	   1209.792	   1579.356	     -0.013	      0.001	     -0.028	
 2012/03/27	   2.130	   2.142	   2.120	   2.120	          54922	      2.134	      2.155	      2.195	      2.144	           	      0.000	    549.220	    958.136	   1511.458	     -0.016	     -0.002	     -0.027	
 2012/03/28	   2.100	   2.101	   2.061	   2.080	         254296	      2.120	      2.144	      2.187	      2.146	           	      0.000	   2542.960	   1128.906	   1353.436	     -0.021	     -0.006	     -0.030	
 2012/03/29	   2.082	   2.082	   2.051	   2.052	          77900	      2.101	      2.131	      2.178	      2.147	           	      0.000	    779.000	    927.026	   1290.132	     -0.027	     -0.010	     -0.034	
 2012/03/30	   2.078	   2.082	   2.067	   2.082	          42887	      2.092	      2.121	      2.169	      2.149	           	      0.000	    428.870	    920.738	   1299.437	     -0.029	     -0.014	     -0.030	
 2012/04/05	   2.082	   2.114	   2.082	   2.114	          29135	      2.090	      2.115	      2.162	      2.151	           	      0.000	    291.350	    918.280	   1064.036	     -0.028	     -0.017	     -0.022	
 2012/04/06	   2.121	   2.121	   2.110	   2.121	          61654	      2.090	      2.112	      2.157	      2.153	           	      0.000	    616.540	    931.744	    944.940	     -0.026	     -0.019	     -0.015	
 2012/04/09	   2.108	   2.121	   2.098	   2.098	          26716	      2.093	      2.106	      2.151	      2.154	           	      0.000	    267.160	    476.584	    802.745	     -0.026	     -0.020	     -0.012	
 2012/04/10	   2.090	   2.125	   2.075	   2.125	         133222	      2.108	      2.105	      2.146	      2.157	           	      0.000	   1332.220	    587.228	    757.127	     -0.024	     -0.021	     -0.006	
 2012/04/11	   2.105	   2.132	   2.105	   2.117	          47369	      2.115	      2.103	      2.140	      2.159	           	      0.000	    473.690	    596.192	    758.465	     -0.022	     -0.021	     -0.002	
 2012/04/12	   2.117	   2.163	   2.117	   2.156	          25772	      2.123	      2.106	      2.136	      2.161	           	      0.000	    257.720	    589.466	    753.873	     -0.018	     -0.020	      0.005	
 2012/04/13	   2.165	   2.180	   2.162	   2.167	          55076	      2.133	      2.111	      2.133	      2.162	           	      0.000	    550.760	    576.310	    754.027	     -0.013	     -0.019	      0.012	
 2012/04/16	   2.178	   2.181	   2.157	   2.166	         149202	      2.146	      2.120	      2.132	      2.163	           	      0.000	   1492.020	    821.282	    648.933	     -0.009	     -0.017	      0.015	
 2012/04/17	   2.150	   2.157	   2.130	   2.130	         285556	      2.147	      2.128	      2.129	      2.164	           	      0.000	   2855.560	   1125.950	    856.589	     -0.009	     -0.015	      0.012	
 2012/04/18	   2.145	   2.200	   2.144	   2.200	         326111	      2.164	      2.139	      2.130	      2.166	           	      0.000	   3261.110	   1683.434	   1139.813	     -0.003	     -0.013	      0.019	
 2012/04/19	   2.209	   2.209	   2.188	   2.190	          42294	      2.171	      2.147	      2.131	      2.169	           	      0.000	    422.940	   1716.478	   1152.972	      0.000	     -0.010	      0.021	
 2012/04/20	   2.202	   2.230	   2.198	   2.228	         198561	      2.183	      2.158	      2.135	      2.171	           	      0.000	   1985.610	   2003.448	   1289.879	      0.006	     -0.007	      0.027	
 2012/04/23	   2.220	   2.230	   2.210	   2.210	         186380	      2.192	      2.169	      2.138	      2.172	           	      0.000	   1863.800	   2077.804	   1449.543	      0.010	     -0.004	      0.026	
 2012/04/24	   2.219	   2.241	   2.141	   2.213	         229000	      2.208	      2.178	      2.141	      2.174	           	      0.000	   2290.000	   1964.692	   1545.321	      0.012	     -0.000	      0.025	
 2012/04/25	   2.002	   2.229	   2.002	   2.229	          85914	      2.214	      2.189	      2.146	      2.174	           	      0.000	    859.140	   1484.298	   1583.866	      0.015	      0.003	      0.025	
 2012/04/26	   2.214	   2.240	   2.203	   2.230	          86934	      2.222	      2.196	      2.151	      2.176	           	      0.000	    869.340	   1573.578	   1645.028	      0.018	      0.006	      0.024	
 2012/04/27	   2.210	   2.229	   2.210	   2.225	          82869	      2.221	      2.202	      2.157	      2.177	           	      0.000	    828.690	   1342.194	   1672.821	      0.019	      0.008	      0.021	
 2012/05/02	   2.230	   2.277	   2.230	   2.261	         226109	      2.232	      2.212	      2.166	      2.180	           	      0.000	   2261.090	   1421.652	   1749.728	      0.023	      0.011	      0.023	
 2012/05/03	   2.260	   2.282	   2.260	   2.275	        4086578	      2.244	      2.226	      2.177	      2.182	           	      0.000	  40865.781	   9136.809	   5550.750	      0.026	      0.014	      0.024	
 2012/05/04	   2.250	   2.289	   2.250	   2.281	         666010	      2.254	      2.234	      2.187	      2.184	           	      0.000	   6660.100	  10297.000	   5890.649	      0.030	      0.017	      0.024	
 2012/05/07	   2.265	   2.279	   2.260	   2.270	          42814	      2.262	      2.242	      2.195	      2.186	           	      0.000	    428.140	  10208.761	   5891.169	      0.031	      0.020	      0.021	
 2012/05/08	   2.251	   2.274	   2.251	   2.262	         180440	      2.270	      2.246	      2.202	      2.188	           	      0.000	   1804.400	  10403.902	   5873.048	      0.031	      0.022	      0.017	
 2012/05/09	   2.238	   2.254	   2.221	   2.221	         970052	      2.262	      2.247	      2.208	      2.189	           	      0.000	   9700.520	  11891.788	   6656.720	      0.027	      0.023	      0.008	
 2012/05/10	   2.230	   2.235	   2.216	   2.232	          32849	      2.253	      2.249	      2.213	      2.191	           	      0.000	    328.490	   3784.330	   6460.569	      0.025	      0.024	      0.003	
 2012/05/11	   2.220	   2.232	   2.210	   2.220	          34732	      2.241	      2.248	      2.218	      2.192	           	      0.000	    347.320	   2521.774	   6409.387	      0.022	      0.023	     -0.003	
 2012/05/14	   2.218	   2.218	   2.200	   2.201	          56800	      2.227	      2.245	      2.221	      2.192	           	      0.000	    568.000	   2549.746	   6379.253	      0.018	      0.022	     -0.009	
 2012/05/15	   2.195	   2.203	   2.192	   2.203	          30150	      2.215	      2.243	      2.222	      2.193	           	      0.000	    301.500	   2249.166	   6326.534	      0.014	      0.021	     -0.012	
 2012/05/16	   2.200	   2.289	   2.170	   2.170	         101050	      2.205	      2.234	      2.223	      2.193	           	      0.000	   1010.500	    511.162	   6201.475	      0.009	      0.018	     -0.018	
 2012/05/17	   2.206	   2.213	   2.187	   2.213	           5100	      2.201	      2.227	      2.227	      2.194	           	      0.000	     51.000	    455.664	   2119.997	      0.008	      0.016	     -0.016	
 2012/05/18	   2.178	   2.185	   2.178	   2.183	          20500	      2.194	      2.217	      2.226	      2.194	           	      0.000	    205.000	    427.200	   1474.487	      0.005	      0.014	     -0.018	
 2012/05/21	   2.165	   2.183	   2.165	   2.183	          14149	      2.190	      2.209	      2.226	      2.194	           	      0.000	    141.490	    341.898	   1445.822	      0.002	      0.012	     -0.018	
 2012/05/22	   2.200	   2.220	   2.176	   2.219	          28059	      2.194	      2.204	      2.225	      2.195	           	      0.000	    280.590	    337.716	   1293.441	      0.003	      0.010	     -0.013	
 2012/05/23	   2.217	   2.224	   2.192	   2.206	        9189016	      2.201	      2.203	      2.225	      2.194	           	      0.000	  91890.156	  18513.646	   9512.404	      0.003	      0.009	     -0.011	
 2012/05/24	   2.212	   2.225	   2.195	   2.195	         194213	      2.197	      2.199	      2.224	      2.194	           	      0.000	   1942.130	  18891.873	   9673.769	      0.002	      0.007	     -0.011	
 2012/05/25	   2.201	   2.206	   2.180	   2.180	         234498	      2.197	      2.195	      2.221	      2.193	           	      0.000	   2344.980	  19319.869	   9873.534	     -0.001	      0.006	     -0.012	
 2012/05/28	   2.141	   2.200	   2.141	   2.200	          58920	      2.200	      2.195	      2.220	      2.192	           	      0.000	    589.200	  19409.412	   9875.654	     -0.001	      0.004	     -0.010	
 2012/05/29	   2.219	   2.246	   2.156	   2.240	         321893	      2.204	      2.199	      2.221	      2.191	           	      0.000	   3218.930	  19997.080	  10167.397	      0.002	      0.004	     -0.003	
 2012/05/30	   2.240	   2.240	   2.201	   2.240	          13349	      2.211	      2.206	      2.220	      2.191	           	      0.000	    133.490	   1645.746	  10079.696	      0.005	      0.004	      0.001	
 2012/05/31	   2.215	   2.216	   2.215	   2.216	          42329	      2.215	      2.206	      2.217	      2.191	           	      0.000	    423.290	   1341.978	  10116.926	      0.005	      0.004	      0.001	
 2012/06/01	   2.200	   2.247	   2.200	   2.203	          28776	      2.220	      2.208	      2.213	      2.190	           	      0.000	    287.760	    930.534	  10125.201	      0.004	      0.004	     -0.001	
 2012/06/04	   2.160	   2.194	   2.160	   2.168	         178928	      2.213	      2.207	      2.208	      2.188	           	      0.000	   1789.280	   1170.550	  10289.980	     -0.000	      0.003	     -0.007	
 2012/06/05	   2.159	   2.173	   2.155	   2.173	          40256	      2.200	      2.202	      2.203	      2.187	           	      0.000	    402.560	    607.276	  10302.178	     -0.003	      0.002	     -0.009	
 2012/06/06	   2.180	   2.187	   2.180	   2.187	           5400	      2.189	      2.200	      2.202	      2.187	           	      0.000	     54.000	    591.378	   1118.562	     -0.003	      0.001	     -0.009	
 2012/06/07	   2.189	   2.199	   2.189	   2.199	          92085	      2.186	      2.201	      2.200	      2.186	           	      0.000	    920.850	    690.890	   1016.434	     -0.003	      0.000	     -0.007	
 2012/06/08	   2.194	   2.278	   2.166	   2.235	         205358	      2.192	      2.206	      2.201	      2.186	           	      0.000	   2053.580	   1044.054	    987.294	      0.000	      0.000	     -0.000	
 2012/06/11	   2.223	   2.223	   2.182	   2.189	          69247	      2.197	      2.205	      2.200	      2.186	           	      0.000	    692.470	    824.692	    997.621	     -0.001	     -0.000	     -0.002	
 2012/06/12	   2.163	   2.239	   2.162	   2.229	         129816	      2.208	      2.204	      2.201	      2.186	           	      0.000	   1298.160	   1003.812	    805.544	      0.001	      0.000	      0.002	
 2012/06/13	   2.230	   2.240	   2.220	   2.230	          14100	      2.216	      2.203	      2.204	      2.186	           	      0.000	    141.000	   1021.212	    806.295	      0.003	      0.001	      0.005	
 2012/06/14	   2.220	   2.268	   2.202	   2.251	         177900	      2.227	      2.206	      2.206	      2.187	           	      0.000	   1779.000	   1192.842	    941.866	      0.006	      0.002	      0.009	
 2012/06/15	   2.182	   2.258	   2.181	   2.258	         284991	      2.231	      2.212	      2.210	      2.189	           	      0.000	   2849.910	   1352.108	   1198.081	      0.009	      0.003	      0.012	
 2012/06/18	   2.197	   2.245	   2.197	   2.232	          88300	      2.240	      2.218	      2.213	      2.190	           	      0.000	    883.000	   1390.214	   1107.453	      0.009	      0.004	      0.009	
 2012/06/19	   2.225	   2.225	   2.225	   2.225	            200	      2.239	      2.224	      2.213	      2.191	           	      0.000	      2.000	   1130.982	   1067.397	      0.009	      0.005	      0.007	
 2012/06/20	   2.220	   2.247	   2.197	   2.242	         110843	      2.242	      2.229	      2.215	      2.192	           	      0.000	   1108.430	   1324.468	   1172.840	      0.009	      0.006	      0.007	
 2012/06/21	   2.182	   2.247	   2.182	   2.247	          23401	      2.241	      2.234	      2.217	      2.194	           	      0.000	    234.010	   1015.470	   1104.156	      0.010	      0.007	      0.007	
 2012/06/25	   2.160	   2.239	   2.150	   2.233	          21684	      2.236	      2.234	      2.220	      2.196	           	      0.000	    216.840	    488.856	    920.482	      0.010	      0.007	      0.005	
 2012/06/26	   2.232	   2.232	   2.133	   2.230	           5201	      2.235	      2.238	      2.221	      2.198	           	      0.000	     52.010	    322.658	    856.436	      0.009	      0.008	      0.002	
 2012/06/27	   2.219	   2.219	   2.109	   2.153	          61283	      2.221	      2.230	      2.217	      2.198	           	      0.000	    612.830	    444.824	    787.903	      0.002	      0.007	     -0.009	
 2012/06/28	   2.153	   2.216	   2.100	   2.189	          23416	      2.210	      2.226	      2.214	      2.200	           	      0.000	    234.160	    269.970	    797.219	     -0.000	      0.005	     -0.011	
 2012/06/29	   2.189	   2.200	   2.100	   2.199	          91897	      2.201	      2.221	      2.214	      2.202	           	      0.000	    918.970	    406.962	    711.216	     -0.002	      0.004	     -0.011	
 2012/07/02	   2.114	   2.233	   2.114	   2.224	         137362	      2.199	      2.217	      2.215	      2.205	           	      0.000	   1373.620	    638.318	    563.587	     -0.000	      0.003	     -0.007	
 2012/07/03	   2.142	   2.211	   2.142	   2.171	         110048	      2.187	      2.211	      2.215	      2.206	           	      0.000	   1100.480	    848.012	    585.335	     -0.004	      0.002	     -0.011	
 2012/07/04	   2.153	   2.222	   2.082	   2.175	         163400	      2.192	      2.206	      2.215	      2.207	           	      0.000	   1634.000	   1052.246	    748.535	     -0.006	      0.000	     -0.012	
 2012/07/05	   2.150	   2.189	   2.150	   2.182	         126300	      2.190	      2.200	      2.215	      2.208	           	      0.000	   1263.000	   1258.014	    763.992	     -0.007	     -0.001	     -0.012	
 2012/07/06	   2.181	   2.200	   2.130	   2.199	         230024	      2.190	      2.195	      2.215	      2.209	           	      0.000	   2300.240	   1534.268	    970.615	     -0.007	     -0.002	     -0.009	
 2012/07/09	   2.162	   2.179	   2.119	   2.134	         298900	      2.172	      2.186	      2.210	      2.210	           	      0.000	   2989.000	   1857.344	   1247.831	     -0.011	     -0.004	     -0.014	
 2012/07/10	   2.220	   2.220	   2.092	   2.129	         767899	      2.164	      2.175	      2.207	      2.209	           	      0.000	   7678.990	   3173.046	   2010.529	     -0.015	     -0.006	     -0.018	
 2012/07/11	   2.108	   2.128	   2.102	   2.127	         185700	      2.154	      2.173	      2.201	      2.208	           	      0.000	   1857.000	   3217.646	   2134.946	     -0.018	     -0.009	     -0.019	
 2012/07/12	   2.093	   2.160	   2.003	   2.135	         250317	      2.145	      2.168	      2.197	      2.208	           	      0.000	   2503.170	   3465.680	   2361.847	     -0.020	     -0.011	     -0.018	
 2012/07/13	   2.022	   2.317	   2.022	   2.171	         629624	      2.139	      2.165	      2.193	      2.209	           	      0.000	   6296.240	   4264.880	   2899.574	     -0.018	     -0.012	     -0.011	
 2012/07/16	   2.108	   2.130	   2.073	   2.092	         122000	      2.131	      2.151	      2.184	      2.207	           	      0.000	   1220.000	   3911.080	   2884.212	     -0.023	     -0.014	     -0.016	
 2012/07/17	   2.030	   2.119	   2.030	   2.097	         206384	      2.124	      2.144	      2.178	      2.205	           	      0.000	   2063.840	   2788.050	   2980.548	     -0.026	     -0.017	     -0.018	
 2012/07/18	   2.081	   2.142	   2.060	   2.101	         284929	      2.119	      2.137	      2.171	      2.203	           	      0.000	   2849.290	   2986.508	   3102.077	     -0.027	     -0.019	     -0.017	
 2012/07/19	   2.062	   2.158	   2.046	   2.068	        2161989	      2.106	      2.125	      2.163	      2.201	           	      0.000	  21619.891	   6809.852	   5137.766	     -0.031	     -0.021	     -0.019	
 2012/07/20	   2.069	   2.266	   2.069	   2.099	         458690	      2.091	      2.115	      2.155	      2.199	           	      0.000	   4586.900	   6467.984	   5366.432	     -0.031	     -0.023	     -0.016	
 2012/07/23	   2.060	   2.077	   2.057	   2.064	        2819385	      2.086	      2.108	      2.147	      2.196	           	      0.000	  28193.850	  11862.754	   7886.917	     -0.034	     -0.025	     -0.016	
 2012/07/24	   2.065	   2.080	   2.056	   2.080	         661340	      2.082	      2.103	      2.139	      2.194	           	      0.000	   6613.400	  12772.666	   7780.358	     -0.034	     -0.027	     -0.014	
 2012/07/25	   2.058	   2.072	   2.052	   2.072	           6998	      2.077	      2.098	      2.135	      2.191	           	      0.000	     69.980	  12216.804	   7601.656	     -0.034	     -0.028	     -0.012	
 2012/07/26	   2.072	   2.072	   2.047	   2.047	          46860	      2.072	      2.089	      2.128	      2.187	           	      0.000	    468.600	   7986.546	   7398.199	     -0.036	     -0.030	     -0.012	
 2012/07/27	   2.047	   2.068	   2.046	   2.054	          48483	      2.063	      2.077	      2.121	      2.184	           	      0.000	    484.830	   7166.132	   6817.058	     -0.037	     -0.031	     -0.011	
 2012/07/30	   2.046	   2.059	   2.039	   2.059	           1400	      2.062	      2.074	      2.113	      2.180	           	      0.000	     14.000	   1530.162	   6696.458	     -0.036	     -0.032	     -0.008	
 2012/07/31	   2.059	   2.059	   2.055	   2.056	          10000	      2.058	      2.070	      2.107	      2.177	           	      0.000	    100.000	    227.482	   6500.074	     -0.036	     -0.033	     -0.006	
 2012/08/01	   2.026	   2.068	   2.026	   2.065	          63952	      2.056	      2.066	      2.102	      2.173	           	      0.000	    639.520	    341.390	   6279.097	     -0.035	     -0.033	     -0.002	
 2012/08/02	   2.037	   2.037	   2.033	   2.033	          12500	      2.053	      2.063	      2.094	      2.170	           	      0.000	    125.000	    272.670	   4129.608	     -0.035	     -0.034	     -0.003	
 2012/08/03	   2.033	   2.035	   2.022	   2.031	          69338	      2.049	      2.056	      2.086	      2.167	           	      0.000	    693.380	    314.380	   3740.256	     -0.036	     -0.034	     -0.004	
 2012/08/06	   2.034	   2.060	   2.034	   2.058	         104371	      2.049	      2.056	      2.082	      2.164	           	      0.000	   1043.710	    520.322	   1025.242	     -0.034	     -0.034	      0.001	
 2012/08/07	   2.044	   2.062	   2.043	   2.044	          45885	      2.046	      2.052	      2.078	      2.161	           	      0.000	    458.850	    592.092	    409.787	     -0.033	     -0.034	      0.002	
 2012/08/08	   2.058	   2.058	   2.045	   2.047	          12745	      2.043	      2.049	      2.074	      2.159	           	      0.000	    127.450	    489.678	    415.534	     -0.032	     -0.033	      0.004	
 2012/08/09	   2.040	   2.068	   2.040	   2.068	         160421	      2.050	      2.052	      2.070	      2.157	           	      0.000	   1604.210	    785.520	    529.095	     -0.028	     -0.032	      0.008	
 2012/08/10	   2.100	   2.150	   2.060	   2.065	          32184	      2.056	      2.053	      2.065	      2.155	           	      0.000	    321.840	    711.212	    512.796	     -0.026	     -0.031	      0.010	
 2012/08/13	   2.060	   2.060	   2.036	   2.036	          32676	      2.052	      2.050	      2.062	      2.152	           	      0.000	    326.760	    567.822	    544.072	     -0.026	     -0.030	      0.008	
 2012/08/14	   2.022	   2.040	   2.012	   2.031	         359728	      2.049	      2.048	      2.059	      2.150	           	      0.000	   3597.280	   1195.508	    893.800	     -0.026	     -0.029	      0.006	
 2012/08/15	   2.030	   2.030	   2.005	   2.024	         515100	      2.045	      2.044	      2.055	      2.146	           	      0.000	   5151.000	   2200.218	   1344.948	     -0.027	     -0.029	      0.005	
 2012/08/16	   2.020	   2.020	   2.005	   2.020	          22700	      2.035	      2.042	      2.053	      2.143	           	      0.000	    227.000	   1924.776	   1355.148	     -0.027	     -0.028	      0.003	
 2012/08/17	   2.019	   2.019	   2.001	   2.010	          67699	      2.024	      2.040	      2.048	      2.140	           	      0.000	    676.990	   1995.806	   1353.509	     -0.028	     -0.028	      0.001	
 2012/08/20	   2.010	   2.010	   1.972	   1.996	         184965	      2.016	      2.034	      2.045	      2.137	           	      0.000	   1849.650	   2300.384	   1434.103	     -0.029	     -0.028	     -0.001	
 2012/08/21	   2.000	   2.000	   1.986	   1.993	         365600	      2.009	      2.029	      2.040	      2.134	           	      0.000	   3656.000	   2312.128	   1753.818	     -0.030	     -0.029	     -0.002	
 2012/08/22	   1.980	   1.980	   1.972	   1.978	         351600	      1.999	      2.022	      2.036	      2.129	           	      0.000	   3516.000	   1985.128	   2092.673	     -0.032	     -0.029	     -0.005	
 2012/08/23	   1.980	   1.985	   1.979	   1.981	          19801	      1.992	      2.013	      2.032	      2.125	           	      0.000	    198.010	   1979.330	   1952.053	     -0.032	     -0.030	     -0.005	
 2012/08/24	   1.998	   1.998	   1.961	   1.962	          75751	      1.982	      2.003	      2.028	      2.121	           	      0.000	    757.510	   1995.434	   1995.620	     -0.034	     -0.031	     -0.007	
 2012/08/27	   1.955	   1.955	   1.933	   1.933	         108039	      1.969	      1.993	      2.022	      2.116	           	      0.000	   1080.390	   1841.582	   2070.983	     -0.037	     -0.032	     -0.010	
 2012/08/28	   1.933	   1.950	   1.933	   1.948	          68900	      1.960	      1.984	      2.016	      2.113	           	      0.000	    689.000	   1248.182	   1780.155	     -0.038	     -0.033	     -0.010	
 2012/08/29	   1.940	   1.941	   1.922	   1.922	          81215	      1.949	      1.974	      2.009	      2.108	           	      0.000	    812.150	    707.412	   1346.270	     -0.040	     -0.035	     -0.012	
 2012/08/30	   1.922	   1.947	   1.920	   1.947	         129577	      1.942	      1.967	      2.005	      2.104	           	      0.000	   1295.770	    926.964	   1453.147	     -0.040	     -0.036	     -0.008	
 2012/08/31	   1.949	   1.949	   1.930	   1.940	          41632	      1.938	      1.960	      2.000	      2.100	           	      0.000	    416.320	    858.726	   1427.080	     -0.039	     -0.036	     -0.006	
 2012/09/03	   1.990	   1.990	   1.950	   1.950	          32333	      1.941	      1.955	      1.995	      2.095	           	      0.000	    323.330	    707.314	   1274.448	     -0.038	     -0.037	     -0.002	
 2012/09/04	   1.931	   1.952	   1.931	   1.952	          18680	      1.942	      1.951	      1.990	      2.091	           	      0.000	    186.800	    606.874	    927.528	     -0.036	     -0.037	      0.001	
 2012/09/05	   1.952	   1.952	   1.952	   1.952	              0	      1.948	      1.949	      1.985	      2.087	           	      0.000	      0.000	    444.444	    575.928	     -0.034	     -0.036	      0.004	
 2012/09/06	   1.959	   1.959	   1.959	   1.959	           9900	      1.951	      1.947	      1.980	      2.082	           	      0.000	     99.000	    205.090	    566.027	     -0.032	     -0.035	      0.007	
 2012/09/07	   1.962	   2.085	   1.962	   2.024	        1476261	      1.967	      1.953	      1.978	      2.079	           	      0.000	  14762.610	   3074.348	   1966.537	     -0.025	     -0.033	      0.017	
 2012/09/10	   2.029	   2.047	   2.022	   2.047	         560794	      1.987	      1.964	      1.978	      2.075	           	      0.000	   5607.940	   4131.270	   2419.292	     -0.017	     -0.030	      0.026	
 2012/09/11	   1.991	   1.994	   1.991	   1.994	          25375	      1.995	      1.969	      1.977	      2.071	           	      0.000	    253.750	   4144.660	   2375.767	     -0.014	     -0.027	      0.025	
 2012/09/12	   2.000	   2.024	   1.998	   2.017	          75964	      2.008	      1.978	      1.976	      2.068	           	      0.000	    759.640	   4296.588	   2370.516	     -0.011	     -0.024	      0.026	
 2012/09/13	   2.013	   2.013	   2.001	   2.005	          76133	      2.017	      1.984	      1.975	      2.064	           	      0.000	    761.330	   4429.054	   2317.072	     -0.009	     -0.021	      0.024	
 2012/09/14	   2.018	   2.020	   2.000	   2.019	         305395	      2.016	      1.992	      1.976	      2.060	           	      0.000	   3053.950	   2087.322	   2580.835	     -0.006	     -0.018	      0.024	
 2012/09/17	   1.997	   2.015	   1.965	   2.014	         335259	      2.010	      1.998	      1.977	      2.056	           	      0.000	   3352.590	   1636.252	   2883.761	     -0.004	     -0.015	      0.022	
 2012/09/18	   2.014	   2.014	   2.014	   2.014	              0	      2.014	      2.004	      1.978	      2.053	           	      0.000	      0.000	   1585.502	   2865.081	     -0.002	     -0.012	      0.020	
 2012/09/19	   1.963	   2.029	   1.963	   2.029	         484383	      2.016	      2.012	      1.980	      2.051	           	      0.000	   4843.830	   2402.340	   3349.464	     -0.000	     -0.010	      0.020	
 2012/09/20	   1.960	   1.963	   1.930	   1.950	         215777	      2.005	      2.011	      1.979	      2.047	           	      0.000	   2157.770	   2681.628	   3555.341	     -0.004	     -0.009	      0.009	
 2012/09/21	   1.940	   1.950	   1.930	   1.932	         139800	      1.988	      2.002	      1.977	      2.042	           	      0.000	   1398.000	   2350.438	   2218.880	     -0.009	     -0.009	     -0.001	
 2012/09/24	   1.901	   1.943	   1.901	   1.943	          38487	      1.974	      1.992	      1.978	      2.037	           	      0.000	    384.870	   1756.894	   1696.573	     -0.012	     -0.010	     -0.005	
 2012/09/25	   1.911	   1.942	   1.911	   1.940	          46201	      1.959	      1.986	      1.977	      2.034	           	      0.000	    462.010	   1849.296	   1717.399	     -0.014	     -0.011	     -0.008	
 2012/09/26	   1.921	   1.943	   1.920	   1.943	          13332	      1.942	      1.979	      1.979	      2.030	           	      0.000	    133.320	    907.194	   1654.767	     -0.016	     -0.012	     -0.008	
 2012/09/27	   1.941	   1.994	   1.938	   1.994	         216919	      1.950	      1.978	      1.981	      2.027	           	      0.000	   2169.190	    909.478	   1795.553	     -0.013	     -0.012	     -0.002	
 2012/09/28	   1.994	   2.050	   1.930	   2.028	         701693	      1.970	      1.979	      1.985	      2.024	           	      0.000	   7016.930	   2033.264	   2191.851	     -0.007	     -0.011	      0.007	
 2012/10/08	   1.961	   1.961	   1.961	   1.961	             93	      1.973	      1.973	      1.986	      2.021	           	      0.000	      0.930	   1956.476	   1856.685	     -0.008	     -0.010	      0.004	
 2012/10/09	   1.971	   2.049	   1.971	   2.044	         298817	      1.994	      1.976	      1.990	      2.019	           	      0.000	   2988.170	   2461.708	   2155.502	     -0.003	     -0.009	      0.013	
 2012/10/10	   2.036	   2.069	   2.030	   2.030	         111488	      2.011	      1.977	      1.994	      2.018	           	      0.000	   1114.880	   2658.020	   1782.607	      0.001	     -0.007	      0.016	
 2012/10/11	   2.020	   2.030	   2.001	   2.030	          19932	      2.019	      1.984	      1.998	      2.016	           	      0.000	    199.320	   2264.046	   1586.762	      0.004	     -0.005	      0.017	
 2012/10/12	   2.040	   2.040	   2.006	   2.030	          13500	      2.019	      1.994	      1.998	      2.014	           	      0.000	    135.000	    887.660	   1460.462	      0.006	     -0.003	      0.017	
 2012/10/15	   2.000	   2.167	   2.000	   2.010	          24900	      2.029	      2.001	      1.996	      2.012	           	      0.000	    249.000	    937.274	   1446.875	      0.006	     -0.001	      0.013	
 2012/10/16	   2.001	   2.040	   2.001	   2.021	          48896	      2.024	      2.009	      1.998	      2.011	           	      0.000	    488.960	    437.432	   1449.570	      0.007	      0.001	      0.012	
 2012/10/17	   2.005	   2.045	   2.000	   2.045	          84308	      2.027	      2.019	      1.999	      2.010	           	      0.000	    843.080	    383.072	   1520.546	      0.009	      0.002	      0.014	
 2012/10/18	   2.045	   2.100	   2.045	   2.050	          33432	      2.031	      2.025	      2.001	      2.010	           	      0.000	    334.320	    410.072	   1337.059	      0.011	      0.004	      0.014	
 2012/10/19	   2.042	   2.042	   2.042	   2.042	           7647	      2.034	      2.026	      2.003	      2.009	           	      0.000	     76.470	    398.366	    643.013	      0.012	      0.006	      0.013	
 2012/10/22	   2.115	   2.115	   2.038	   2.107	           5200	      2.053	      2.041	      2.007	      2.010	           	      0.000	     52.000	    358.966	    648.120	      0.018	      0.008	      0.020	
 2012/10/23	   2.041	   2.099	   2.041	   2.087	         197801	      2.066	      2.045	      2.011	      2.010	           	      0.000	   1978.010	    656.776	    547.104	      0.021	      0.011	      0.020	
 2012/10/24	   2.038	   2.050	   2.038	   2.050	          23530	      2.067	      2.047	      2.012	      2.009	           	      0.000	    235.300	    535.220	    459.146	      0.020	      0.013	      0.015	
 2012/10/25	   2.039	   2.052	   2.039	   2.040	          96150	      2.065	      2.048	      2.016	      2.009	           	      0.000	    961.500	    660.656	    535.364	      0.018	      0.014	      0.009	
 2012/10/26	   2.035	   2.035	   2.020	   2.020	           7100	      2.061	      2.047	      2.021	      2.009	           	      0.000	     71.000	    659.562	    528.964	      0.015	      0.014	      0.002	
 2012/10/29	   1.978	   2.020	   1.978	   1.979	          20400	      2.035	      2.044	      2.023	      2.007	           	      0.000	    204.000	    689.962	    524.464	      0.009	      0.013	     -0.008	
 2012/10/30	   2.049	   2.049	   1.978	   1.978	          65800	      2.013	      2.040	      2.024	      2.006	           	      0.000	    658.000	    425.960	    541.368	      0.004	      0.011	     -0.014	
 2012/10/31	   2.047	   2.047	   1.986	   1.992	         306687	      2.002	      2.034	      2.027	      2.005	           	      0.000	   3066.870	    992.274	    763.747	      0.001	      0.009	     -0.016	
 2012/11/01	   1.990	   2.040	   1.990	   2.040	        7061792	      2.002	      2.033	      2.029	      2.005	           	      0.000	  70617.922	  14923.559	   7792.107	      0.003	      0.008	     -0.010	
 2012/11/02	   2.026	   2.040	   2.026	   2.040	        1091017	      2.006	      2.033	      2.030	      2.005	           	      0.000	  10910.170	  17091.393	   8875.478	      0.004	      0.007	     -0.006	
 2012/11/05	   2.040	   2.048	   2.025	   2.038	          55770	      2.018	      2.026	      2.034	      2.005	           	      0.000	    557.700	  17162.133	   8926.047	      0.005	      0.007	     -0.003	
 2012/11/06	   1.990	   2.039	   1.990	   2.039	           6965	      2.030	      2.022	      2.033	      2.005	           	      0.000	     69.650	  17044.463	   8735.211	      0.006	      0.006	     -0.002	
 2012/11/07	   1.976	   2.039	   1.976	   2.039	           8100	      2.039	      2.020	      2.034	      2.005	           	      0.000	     81.000	  16447.289	   8719.781	      0.006	      0.006	     -0.001	
 2012/11/08	   1.921	   2.012	   1.921	   2.012	          15060	      2.034	      2.018	      2.033	      2.004	           	      0.000	    150.600	   2353.824	   8638.691	      0.004	      0.006	     -0.004	
 2012/11/09	   1.992	   1.992	   1.983	   1.990	          19100	      2.024	      2.015	      2.031	      2.002	           	      0.000	    191.000	    209.990	   8650.691	      0.001	      0.005	     -0.008	
 2012/11/12	   1.990	   1.990	   1.990	   1.990	              0	      2.014	      2.016	      2.030	      2.002	           	      0.000	      0.000	     98.450	   8630.291	     -0.002	      0.004	     -0.011	
 2012/11/13	   1.977	   2.029	   1.950	   1.976	           8948	      2.001	      2.016	      2.028	      2.001	           	      0.000	     89.480	    102.416	   8573.439	     -0.005	      0.002	     -0.013	
 2012/11/14	   1.927	   1.932	   1.927	   1.932	           2000	      1.980	      2.010	      2.022	      1.999	           	      0.000	     20.000	     90.216	   8268.752	     -0.011	     -0.001	     -0.020	
 2012/11/15	   1.940	   1.940	   1.940	   1.940	           7664	      1.966	      2.000	      2.017	      1.998	           	      0.000	     76.640	     75.424	   1214.624	     -0.015	     -0.003	     -0.022	
 2012/11/16	   1.947	   1.947	   1.915	   1.940	         527218	      1.956	      1.990	      2.011	      1.997	           	      0.000	   5272.180	   1091.660	    650.825	     -0.017	     -0.006	     -0.022	
 2012/11/19	   1.920	   1.940	   1.917	   1.939	         630913	      1.945	      1.980	      2.003	      1.996	           	      0.000	   6309.130	   2353.486	   1225.968	     -0.020	     -0.009	     -0.021	
 2012/11/20	   1.918	   1.930	   1.918	   1.920	          17749	      1.934	      1.968	      1.995	      1.994	           	      0.000	    177.490	   2371.088	   1236.752	     -0.023	     -0.012	     -0.022	
 2012/11/21	   1.920	   1.930	   1.920	   1.930	          13835	      1.934	      1.957	      1.989	      1.994	           	      0.000	    138.350	   2394.758	   1242.487	     -0.024	     -0.014	     -0.019	
 2012/11/22	   1.925	   1.925	   1.925	   1.925	          10069	      1.931	      1.948	      1.983	      1.993	           	      0.000	    100.690	   2399.568	   1237.496	     -0.025	     -0.016	     -0.017	
 2012/11/23	   1.958	   1.958	   1.958	   1.958	            300	      1.934	      1.945	      1.980	      1.993	           	      0.000	      3.000	   1345.732	   1218.696	     -0.023	     -0.018	     -0.011	
 2012/11/26	   1.958	   1.958	   1.911	   1.930	          45632	      1.933	      1.939	      1.977	      1.993	           	      0.000	    456.320	    175.170	   1264.328	     -0.023	     -0.019	     -0.009	
 2012/11/27	   1.915	   1.915	   1.913	   1.913	          20264	      1.931	      1.933	      1.974	      1.992	           	      0.000	    202.640	    180.200	   1275.644	     -0.025	     -0.020	     -0.009	
 2012/11/28	   1.913	   1.919	   1.907	   1.907	         668382	      1.927	      1.930	      1.970	      1.992	           	      0.000	   6683.820	   1489.294	   1942.026	     -0.026	     -0.021	     -0.010	
 2012/11/29	   1.912	   1.912	   1.906	   1.907	          80287	      1.923	      1.927	      1.963	      1.991	           	      0.000	    802.870	   1629.730	   2014.649	     -0.027	     -0.022	     -0.009	
 2012/11/30	   1.907	   1.965	   1.895	   1.964	         218878	      1.924	      1.929	      1.959	      1.992	           	      0.000	   2188.780	   2066.886	   1706.309	     -0.022	     -0.022	     -0.000	
 2012/12/03	   1.944	   1.957	   1.944	   1.957	           5200	      1.930	      1.931	      1.955	      1.992	           	      0.000	     52.000	   1986.022	   1080.596	     -0.019	     -0.022	      0.005	
 2012/12/04	   1.908	   1.939	   1.908	   1.939	          70292	      1.935	      1.933	      1.950	      1.991	           	      0.000	    702.920	   2086.078	   1133.139	     -0.018	     -0.021	      0.006	
 2012/12/05	   1.945	   2.010	   1.945	   2.010	         334204	      1.955	      1.941	      1.949	      1.992	           	      0.000	   3342.040	   1417.722	   1453.508	     -0.011	     -0.019	      0.015	
 2012/12/06	   1.970	   2.035	   1.970	   2.033	         530824	      1.981	      1.952	      1.950	      1.994	           	      0.000	   5308.240	   2318.796	   1974.263	     -0.004	     -0.016	      0.024	
 2012/12/07	   2.000	   2.022	   2.000	   2.022	          21464	      1.992	      1.958	      1.952	      1.994	           	      0.000	    214.640	   1923.968	   1995.427	      0.001	     -0.013	      0.027	
 2012/12/10	   2.000	   2.055	   2.000	   2.040	         101294	      2.009	      1.969	      1.954	      1.993	           	      0.000	   1012.940	   2116.156	   2051.089	      0.006	     -0.009	      0.030	
 2012/12/11	   2.020	   2.049	   2.020	   2.045	          56212	      2.030	      1.982	      1.958	      1.994	           	      0.000	    562.120	   2087.996	   2087.037	      0.011	     -0.005	      0.031	
 2012/12/12	   2.021	   2.057	   2.021	   2.057	       11885534	      2.039	      1.997	      1.964	      1.995	           	      0.000	 118855.344	  25190.656	  13304.189	      0.015	     -0.001	      0.032	
 2012/12/13	   2.000	   2.045	   2.000	   2.045	         236976	      2.042	      2.011	      1.969	      1.996	           	      0.000	   2369.760	  24602.961	  13460.878	      0.017	      0.003	      0.029	
 2012/12/14	   2.000	   2.143	   2.000	   2.107	         586140	      2.059	      2.026	      1.977	      1.997	           	      0.000	   5861.400	  25732.313	  13828.141	      0.024	      0.007	      0.034	
 2012/12/17	   2.148	   2.158	   2.100	   2.141	         229512	      2.079	      2.044	      1.987	      1.999	           	      0.000	   2295.120	  25988.748	  14052.452	      0.031	      0.012	      0.039	
 2012/12/18	   2.141	   2.179	   2.121	   2.123	          50363	      2.095	      2.062	      1.998	      2.001	           	      0.000	    503.630	  25977.051	  14032.523	      0.035	      0.016	      0.038	
 2012/12/19	   2.121	   2.176	   2.121	   2.167	         507546	      2.117	      2.078	      2.010	      2.003	           	      0.000	   5075.460	   3221.074	  14205.865	      0.042	      0.021	      0.040	
 2012/12/20	   2.177	   2.178	   2.146	   2.151	          44614	      2.138	      2.090	      2.021	      2.007	           	      0.000	    446.140	   2836.350	  13719.655	      0.045	      0.026	      0.037	
 2012/12/21	   2.160	   2.185	   2.123	   2.171	         113675	      2.151	      2.105	      2.031	      2.011	           	      0.000	   1136.750	   1891.420	  13811.866	      0.048	      0.031	      0.036	
 2012/12/24	   2.159	   2.170	   2.159	   2.165	          26447	      2.155	      2.117	      2.043	      2.014	           	      0.000	    264.470	   1485.290	  13737.020	      0.050	      0.035	      0.031	
 2012/12/25	   2.125	   2.249	   2.125	   2.234	         170912	      2.178	      2.136	      2.059	      2.019	           	      0.000	   1709.120	   1726.388	  13851.720	      0.057	      0.039	      0.035	
 2012/12/26	   2.103	   2.240	   2.103	   2.237	         169533	      2.192	      2.154	      2.076	      2.024	           	      0.000	   1695.330	   1050.362	   2135.718	      0.061	      0.043	      0.036	
 2012/12/27	   2.202	   2.237	   2.202	   2.236	         115038	      2.209	      2.173	      2.092	      2.028	           	      0.000	   1150.380	   1191.210	   2013.780	      0.064	      0.048	      0.033	
 2012/12/28	   2.201	   2.288	   2.201	   2.211	         561996	      2.217	      2.184	      2.105	      2.031	           	      0.000	   5619.960	   2087.852	   1989.636	      0.063	      0.051	      0.025	
 2012/12/31	   2.253	   2.350	   2.253	   2.338	         800960	      2.251	      2.203	      2.124	      2.038	           	      0.000	   8009.600	   3636.878	   2561.084	      0.072	      0.055	      0.035	
 2013/01/04	   2.409	   2.409	   2.279	   2.339	         541228	      2.272	      2.225	      2.144	      2.042	           	      0.000	   5412.280	   4377.510	   3051.949	      0.079	      0.060	      0.038	
 2013/01/07	   2.295	   2.407	   2.295	   2.312	          23164	      2.287	      2.239	      2.159	      2.047	           	      0.000	    231.640	   4084.772	   2567.567	      0.081	      0.064	      0.033	
 2013/01/08	   2.307	   2.330	   2.290	   2.300	          65092	      2.300	      2.254	      2.172	      2.052	           	      0.000	    650.920	   3984.880	   2588.045	      0.080	      0.067	      0.026	
 2013/01/09	   2.291	   2.300	   2.291	   2.293	          26342	      2.316	      2.266	      2.186	      2.056	           	      0.000	    263.420	   2913.572	   2500.712	      0.078	      0.069	      0.018	
 2013/01/10	   2.294	   2.315	   2.290	   2.295	          23700	      2.308	      2.280	      2.198	      2.061	           	      0.000	    237.000	   1359.052	   2497.965	      0.076	      0.071	      0.011	
 2013/01/11	   2.290	   2.293	   2.236	   2.251	          98560	      2.290	      2.281	      2.209	      2.065	           	      0.000	    985.600	    473.716	   2425.613	      0.070	      0.071	     -0.001	
 2013/01/14	   2.212	   2.350	   2.212	   2.348	         281629	      2.297	      2.292	      2.223	      2.070	           	      0.000	   2816.290	    990.646	   2537.709	      0.072	      0.071	      0.003	
 2013/01/15	   2.340	   2.360	   2.319	   2.325	         159598	      2.302	      2.301	      2.237	      2.074	           	      0.000	   1595.980	   1179.658	   2582.269	      0.071	      0.071	      0.001	
 2013/01/16	   2.320	   2.350	   2.316	   2.316	          70900	      2.307	      2.312	      2.248	      2.079	           	      0.000	    709.000	   1268.774	   2091.173	      0.069	      0.071	     -0.003	
 2013/01/17	   2.219	   2.300	   2.219	   2.300	          42560	      2.308	      2.308	      2.256	      2.082	           	      0.000	    425.600	   1306.494	   1332.773	      0.065	      0.070	     -0.009	
 2013/01/18	   2.290	   2.335	   2.290	   2.335	         158656	      2.325	      2.307	      2.266	      2.086	           	      0.000	   1586.560	   1426.686	    950.201	      0.064	      0.069	     -0.008	
 2013/01/21	   2.310	   2.408	   2.300	   2.311	         535164	      2.317	      2.307	      2.273	      2.091	           	      0.000	   5351.640	   1933.756	   1462.201	      0.061	      0.067	     -0.012	
 2013/01/22	   2.300	   2.318	   2.300	   2.311	          16415	      2.315	      2.309	      2.281	      2.095	           	      0.000	    164.150	   1647.390	   1413.524	      0.058	      0.065	     -0.015	
 2013/01/23	   2.297	   2.314	   2.295	   2.310	          14264	      2.313	      2.310	      2.288	      2.100	           	      0.000	    142.640	   1534.118	   1401.446	      0.054	      0.063	     -0.017	
 2013/01/24	   2.273	   2.370	   2.273	   2.317	         201711	      2.317	      2.312	      2.296	      2.106	           	      0.000	   2017.110	   1852.420	   1579.457	      0.052	      0.061	     -0.018	
 2013/01/25	   2.298	   2.335	   2.276	   2.317	        1691046	      2.313	      2.319	      2.300	      2.111	           	      0.000	  16910.461	   4917.200	   3171.943	      0.049	      0.058	     -0.019	
 2013/01/28	   2.310	   2.360	   2.310	   2.331	         410552	      2.317	      2.317	      2.305	      2.117	           	      0.000	   4105.520	   4667.976	   3300.866	      0.047	      0.056	     -0.018	
 2013/01/29	   2.331	   2.399	   2.331	   2.338	         557914	      2.323	      2.319	      2.310	      2.122	           	      0.000	   5579.140	   5750.974	   3699.182	      0.046	      0.054	     -0.016	
 2013/01/30	   2.324	   2.390	   2.324	   2.338	         106268	      2.328	      2.321	      2.316	      2.127	           	      0.000	   1062.680	   5934.982	   3734.550	      0.045	      0.052	     -0.015	
 2013/01/31	   2.380	   2.405	   2.356	   2.405	         552095	      2.346	      2.331	      2.320	      2.133	           	      0.000	   5520.950	   6635.750	   4244.085	      0.048	      0.051	     -0.006	
 2013/02/01	   2.401	   2.429	   2.370	   2.429	         152594	      2.368	      2.341	      2.324	      2.139	           	      0.000	   1525.940	   3558.846	   4238.023	      0.053	      0.052	      0.002	
 2013/02/04	   2.435	   2.450	   2.410	   2.420	          69229	      2.386	      2.352	      2.329	      2.146	           	      0.000	    692.290	   2876.200	   3772.088	      0.055	      0.052	      0.005	
 2013/02/05	   2.418	   2.470	   2.410	   2.459	         248078	      2.410	      2.366	      2.337	      2.153	           	      0.000	   2480.780	   2256.528	   4003.751	      0.059	      0.054	      0.010	
 2013/02/06	   2.459	   2.495	   2.448	   2.450	          52849	      2.433	      2.380	      2.345	      2.161	           	      0.000	    528.490	   2149.690	   4042.336	      0.060	      0.055	      0.011	
 2013/02/07	   2.436	   2.450	   2.436	   2.450	          50532	      2.442	      2.394	      2.353	      2.168	           	      0.000	    505.320	   1146.564	   3891.157	      0.061	      0.056	      0.010	
 2013/02/08	   2.474	   2.490	   2.451	   2.488	         464250	      2.453	      2.411	      2.365	      2.177	           	      0.000	   4642.500	   1769.876	   2664.361	      0.064	      0.058	      0.013	
 2013/02/18	   2.470	   2.488	   2.450	   2.459	        4279731	      2.461	      2.424	      2.370	      2.186	           	      0.000	  42797.309	  10190.880	   6533.540	      0.063	      0.059	      0.009	
 2013/02/19	   2.430	   2.430	   2.330	   2.428	          35580	      2.455	      2.433	      2.376	      2.194	           	      0.000	    355.800	   9765.884	   6011.206	      0.060	      0.059	      0.001	
 2013/02/20	   2.379	   2.412	   2.379	   2.412	          29001	      2.447	      2.440	      2.380	      2.202	           	      0.000	    290.010	   9718.188	   5933.939	      0.055	      0.058	     -0.007	
 2013/02/21	   2.390	   2.390	   2.325	   2.360	          70816	      2.429	      2.435	      2.383	      2.209	           	      0.000	    708.160	   9758.756	   5452.660	      0.046	      0.056	     -0.019	
 2013/02/22	   2.310	   2.338	   2.310	   2.320	          61759	      2.396	      2.425	      2.383	      2.216	           	      0.000	    617.590	   8953.773	   5361.825	      0.035	      0.052	     -0.032	
 2013/02/25	   2.330	   2.350	   2.300	   2.306	          50459	      2.365	      2.413	      2.382	      2.222	           	      0.000	    504.590	    495.230	   5343.055	      0.026	      0.046	     -0.041	
 2013/02/26	   2.289	   2.335	   2.289	   2.290	          52722	      2.338	      2.396	      2.381	      2.228	           	      0.000	    527.220	    529.514	   5147.699	      0.017	      0.040	     -0.048	
 2013/02/27	   2.291	   2.291	   2.257	   2.280	          25100	      2.311	      2.379	      2.380	      2.233	           	      0.000	    251.000	    521.712	   5119.950	      0.008	      0.034	     -0.051	
 2013/02/28	   2.233	   2.345	   2.233	   2.316	          56857	      2.302	      2.366	      2.380	      2.240	           	      0.000	    568.570	    493.794	   5126.275	      0.005	      0.028	     -0.047	
 2013/03/01	   2.400	   2.400	   2.323	   2.323	          79959	      2.303	      2.349	      2.380	      2.246	           	      0.000	    799.590	    530.194	   4741.984	      0.002	      0.023	     -0.041	
 2013/03/04	   2.291	   2.458	   2.236	   2.236	         173755	      2.289	      2.327	      2.375	      2.252	           	      0.000	   1737.550	    776.786	    636.008	     -0.006	      0.017	     -0.047	
 2013/03/05	   2.190	   2.288	   2.190	   2.270	          26100	      2.285	      2.311	      2.372	      2.258	           	      0.000	    261.000	    723.542	    626.528	     -0.011	      0.012	     -0.044	
 2013/03/06	   2.254	   2.290	   2.254	   2.290	          68580	      2.287	      2.299	      2.370	      2.263	           	      0.000	    685.800	    810.502	    666.107	     -0.012	      0.007	     -0.038	
 2013/03/07	   2.250	   2.287	   2.230	   2.287	          13050	      2.281	      2.292	      2.364	      2.269	           	      0.000	    130.500	    722.888	    608.341	     -0.013	      0.003	     -0.032	
 2013/03/08	   2.270	   2.270	   2.244	   2.270	          43372	      2.271	      2.287	      2.356	      2.274	           	      0.000	    433.720	    649.714	    589.954	     -0.016	     -0.001	     -0.029	
 2013/03/11	   2.228	   2.279	   2.228	   2.279	         103957	      2.279	      2.284	      2.349	      2.279	           	      0.000	   1039.570	    510.118	    643.452	     -0.016	     -0.004	     -0.025	
 2013/03/12	   2.222	   2.336	   2.200	   2.300	         138686	      2.285	      2.285	      2.341	      2.283	           	      0.000	   1386.860	    735.290	    729.416	     -0.015	     -0.006	     -0.018	
 2013/03/13	   2.228	   2.250	   2.200	   2.210	         126200	      2.269	      2.278	      2.329	      2.287	           	      0.000	   1262.000	    850.530	    830.516	     -0.021	     -0.009	     -0.024	
 2013/03/14	   2.200	   2.220	   2.196	   2.218	         127248	      2.255	      2.268	      2.317	      2.289	           	      0.000	   1272.480	   1078.926	    900.907	     -0.025	     -0.012	     -0.025	
 2013/03/15	   2.189	   2.249	   2.189	   2.220	          65279	      2.245	      2.258	      2.304	      2.292	           	      0.000	    652.790	   1122.740	    886.227	     -0.028	     -0.015	     -0.024	
 2013/03/18	   2.182	   2.200	   2.171	   2.174	          50964	      2.224	      2.252	      2.289	      2.294	           	      0.000	    509.640	   1016.754	    763.436	     -0.033	     -0.019	     -0.028	
 2013/03/19	   2.179	   2.200	   2.179	   2.190	          32500	      2.202	      2.244	      2.278	      2.297	           	      0.000	    325.000	    804.382	    769.836	     -0.036	     -0.022	     -0.027	
 2013/03/20	   2.199	   2.297	   2.199	   2.297	          79203	      2.220	      2.244	      2.272	      2.300	           	      0.000	    792.030	    710.388	    780.459	     -0.029	     -0.024	     -0.010	
 2013/03/21	   2.274	   2.274	   2.254	   2.260	         116113	      2.228	      2.242	      2.267	      2.302	           	      0.000	   1161.130	    688.118	    883.522	     -0.026	     -0.024	     -0.004	
 2013/03/22	   2.260	   2.278	   2.240	   2.243	          32700	      2.233	      2.239	      2.263	      2.304	           	      0.000	    327.000	    622.960	    872.850	     -0.025	     -0.024	     -0.001	
 2013/03/25	   2.380	   2.380	   2.200	   2.240	          25584	      2.246	      2.235	      2.260	      2.305	           	      0.000	    255.840	    572.200	    794.477	     -0.024	     -0.024	      0.001	
 2013/03/26	   2.172	   2.287	   2.172	   2.240	          58647	      2.256	      2.229	      2.257	      2.307	           	      0.000	    586.470	    624.494	    714.438	     -0.023	     -0.024	      0.002	
 2013/03/27	   2.219	   2.240	   2.215	   2.234	          26164	      2.243	      2.232	      2.255	      2.308	           	      0.000	    261.640	    518.416	    614.402	     -0.022	     -0.024	      0.003	
 2013/03/28	   2.199	   2.199	   2.170	   2.190	          65051	      2.229	      2.229	      2.249	      2.308	           	      0.000	    650.510	    416.292	    552.205	     -0.025	     -0.024	     -0.002	
 2013/03/29	   2.180	   2.218	   2.152	   2.161	          42183	      2.213	      2.223	      2.240	      2.307	           	      0.000	    421.830	    435.258	    529.109	     -0.029	     -0.025	     -0.009	
 2013/04/01	   2.189	   2.189	   2.140	   2.173	         674030	      2.200	      2.223	      2.237	      2.306	           	      0.000	   6740.300	   1732.150	   1152.175	     -0.031	     -0.026	     -0.010	
 2013/04/02	   2.185	   2.195	   2.160	   2.173	         187644	      2.186	      2.221	      2.232	      2.305	           	      0.000	   1876.440	   1990.144	   1307.319	     -0.033	     -0.027	     -0.010	
 2013/04/03	   2.179	   2.190	   2.162	   2.190	          90044	      2.177	      2.210	      2.227	      2.304	           	      0.000	    900.440	   2117.904	   1318.160	     -0.032	     -0.028	     -0.007	
 2013/04/08	   2.109	   2.189	   2.109	   2.180	          70880	      2.175	      2.202	      2.222	      2.302	           	      0.000	    708.800	   2129.562	   1272.927	     -0.032	     -0.029	     -0.005	
 2013/04/09	   2.019	   2.199	   2.019	   2.192	         278918	      2.182	      2.197	      2.218	      2.299	           	      0.000	   2789.180	   2603.032	   1519.145	     -0.030	     -0.029	     -0.002	
 2013/04/10	   2.160	   2.192	   2.159	   2.165	          28141	      2.180	      2.190	      2.213	      2.297	           	      0.000	    281.410	   1311.254	   1521.702	     -0.031	     -0.030	     -0.003	
 2013/04/11	   2.120	   2.210	   2.120	   2.189	         339958	      2.183	      2.185	      2.207	      2.295	           	      0.000	   3399.580	   1615.882	   1803.013	     -0.029	     -0.029	      0.001	
 2013/04/12	   2.189	   2.189	   2.189	   2.189	              0	      2.183	      2.180	      2.206	      2.293	           	      0.000	      0.000	   1435.794	   1776.849	     -0.027	     -0.029	      0.003	
 2013/04/15	   2.140	   2.210	   2.135	   2.160	         212283	      2.179	      2.177	      2.203	      2.291	           	      0.000	   2122.830	   1718.600	   1924.081	     -0.028	     -0.029	      0.002	
 2013/04/16	   2.140	   2.188	   2.140	   2.188	          58118	      2.178	      2.180	      2.201	      2.290	           	      0.000	    581.180	   1277.000	   1940.016	     -0.026	     -0.028	      0.004	
 2013/04/17	   2.153	   2.171	   2.153	   2.170	          25263	      2.179	      2.180	      2.201	      2.287	           	      0.000	    252.630	   1271.244	   1291.249	     -0.026	     -0.028	      0.004	
 2013/04/18	   2.126	   2.195	   2.126	   2.154	          70952	      2.172	      2.178	      2.199	      2.284	           	      0.000	    709.520	    733.232	   1174.557	     -0.026	     -0.027	      0.002	
 2013/04/19	   2.199	   2.229	   2.199	   2.222	         181182	      2.179	      2.181	      2.196	      2.283	           	      0.000	   1811.820	   1095.596	   1265.695	     -0.021	     -0.026	      0.010	
 2013/04/22	   2.195	   2.221	   2.195	   2.218	          21797	      2.190	      2.185	      2.194	      2.281	           	      0.000	    217.970	    714.624	   1216.612	     -0.017	     -0.024	      0.015	
 2013/04/23	   2.198	   2.198	   2.151	   2.187	          55691	      2.190	      2.184	      2.191	      2.279	           	      0.000	    556.910	    709.770	    993.385	     -0.016	     -0.023	      0.013	
 2013/04/24	   2.186	   2.186	   2.170	   2.170	          27964	      2.190	      2.185	      2.187	      2.276	           	      0.000	    279.640	    715.172	    993.208	     -0.017	     -0.021	      0.010	
 2013/04/25	   2.160	   2.161	   2.159	   2.161	          10533	      2.192	      2.182	      2.183	      2.274	           	      0.000	    105.330	    594.334	    663.783	     -0.018	     -0.021	      0.006	
 2013/04/26	   2.170	   2.170	   2.150	   2.150	           1000	      2.177	      2.178	      2.179	      2.271	           	      0.000	     10.000	    233.970	    664.783	     -0.019	     -0.020	      0.003	
 2013/05/02	   2.069	   2.149	   2.069	   2.149	          12399	      2.163	      2.177	      2.177	      2.268	           	      0.000	    123.990	    215.174	    464.899	     -0.020	     -0.020	      0.001	
 2013/05/03	   2.150	   2.160	   2.150	   2.160	          36727	      2.158	      2.174	      2.177	      2.266	           	      0.000	    367.270	    177.246	    443.508	     -0.020	     -0.020	      0.001	
 2013/05/06	   2.199	   2.219	   2.163	   2.200	         122649	      2.164	      2.177	      2.178	      2.264	           	      0.000	   1226.490	    366.616	    540.894	     -0.016	     -0.019	      0.007	
 2013/05/07	   2.200	   2.225	   2.165	   2.219	         186813	      2.176	      2.184	      2.181	      2.262	           	      0.000	   1868.130	    719.176	    656.755	     -0.011	     -0.018	      0.013	
 2013/05/08	   2.191	   2.222	   2.191	   2.210	          53435	      2.188	      2.182	      2.182	      2.260	           	      0.000	    534.350	    824.046	    529.008	     -0.008	     -0.016	      0.015	
 2013/05/09	   2.220	   2.220	   2.171	   2.209	          91058	      2.200	      2.181	      2.183	      2.256	           	      0.000	    910.580	    981.364	    598.269	     -0.006	     -0.014	      0.016	
 2013/05/10	   2.206	   2.240	   2.150	   2.240	        2052187	      2.216	      2.187	      2.185	      2.253	           	      0.000	  20521.869	   5012.284	   2594.765	     -0.001	     -0.011	      0.020	
 2013/05/13	   2.200	   2.224	   2.200	   2.224	         561143	      2.220	      2.192	      2.188	      2.250	           	      0.000	   5611.430	   5889.272	   3127.944	      0.001	     -0.009	      0.019	
 2013/05/14	   2.224	   2.224	   2.224	   2.224	              0	      2.221	      2.199	      2.190	      2.246	           	      0.000	      0.000	   5515.646	   3117.411	      0.002	     -0.007	      0.018	
 2013/05/15	   2.200	   2.200	   2.199	   2.200	          14000	      2.219	      2.204	      2.191	      2.242	           	      0.000	    140.000	   5436.776	   3130.411	      0.002	     -0.005	      0.014	
 2013/05/16	   2.199	   2.240	   2.178	   2.201	         533783	      2.218	      2.209	      2.193	      2.238	           	      0.000	   5337.830	   6322.226	   3651.795	      0.001	     -0.004	      0.010	
 2013/05/17	   2.200	   2.270	   2.200	   2.262	         185250	      2.222	      2.219	      2.197	      2.234	           	      0.000	   1852.500	   2588.352	   3800.318	      0.006	     -0.002	      0.015	
 2013/05/20	   2.267	   2.333	   2.233	   2.253	          79814	      2.228	      2.224	      2.201	      2.230	           	      0.000	    798.140	   1625.694	   3757.483	      0.009	      0.000	      0.017	
 2013/05/21	   2.233	   2.245	   2.233	   2.244	         135174	      2.232	      2.227	      2.205	      2.227	           	      0.000	   1351.740	   1896.042	   3705.844	      0.010	      0.002	      0.016	
 2013/05/22	   2.242	   2.285	   2.241	   2.282	         449147	      2.248	      2.234	      2.208	      2.225	           	      0.000	   4491.470	   2766.336	   4101.556	      0.014	      0.005	      0.019	
 2013/05/23	   2.225	   2.300	   2.225	   2.230	         503033	      2.254	      2.236	      2.209	      2.223	           	      0.000	   5030.330	   2704.836	   4513.531	      0.013	      0.006	      0.013	
 2013/05/24	   2.330	   2.330	   2.180	   2.255	          41382	      2.253	      2.237	      2.212	      2.222	           	      0.000	    413.820	   2417.100	   2502.726	      0.014	      0.008	      0.012	
 2013/05/27	   2.220	   2.230	   2.202	   2.218	          31887	      2.246	      2.237	      2.215	      2.220	           	      0.000	    318.870	   2321.246	   1973.470	      0.011	      0.008	      0.006	
 2013/05/28	   2.211	   2.285	   2.211	   2.285	         147251	      2.254	      2.243	      2.221	      2.220	           	      0.000	   1472.510	   2345.400	   2120.721	      0.015	      0.010	      0.010	
 2013/05/29	   2.246	   2.285	   2.246	   2.266	          79186	      2.251	      2.250	      2.227	      2.220	           	      0.000	    791.860	   1605.478	   2185.907	      0.016	      0.011	      0.009	
 2013/05/30	   2.266	   2.276	   2.250	   2.250	          24448	      2.255	      2.254	      2.232	      2.219	           	      0.000	    244.480	    648.308	   1676.572	      0.015	      0.012	      0.006	
 2013/05/31	   2.250	   2.269	   2.235	   2.242	          43615	      2.252	      2.253	      2.236	      2.218	           	      0.000	    436.150	    652.774	   1534.937	      0.013	      0.012	      0.003	
 2013/06/03	   2.265	   2.267	   2.213	   2.227	          54043	      2.254	      2.250	      2.237	      2.218	           	      0.000	    540.430	    697.086	   1509.166	      0.011	      0.012	     -0.002	
 2013/06/04	   2.212	   2.226	   2.211	   2.221	          35265	      2.241	      2.248	      2.237	      2.217	           	      0.000	    352.650	    473.114	   1409.257	      0.009	      0.011	     -0.005	
 2013/06/05	   2.220	   2.220	   2.200	   2.202	          48932	      2.228	      2.240	      2.237	      2.215	           	      0.000	    489.320	    412.606	   1009.042	      0.005	      0.010	     -0.010	
 2013/06/06	   2.187	   2.195	   2.180	   2.180	          59375	      2.214	      2.235	      2.235	      2.214	           	      0.000	    593.750	    482.460	    565.384	      0.000	      0.008	     -0.015	
 2013/06/07	   2.171	   2.171	   2.130	   2.150	          22800	      2.196	      2.224	      2.231	      2.211	           	      0.000	    228.000	    440.830	    546.802	     -0.006	      0.005	     -0.022	
 2013/06/13	   2.130	   2.130	   2.067	   2.110	          75321	      2.173	      2.213	      2.225	      2.209	           	      0.000	    753.210	    483.386	    590.236	     -0.013	      0.002	     -0.030	
 2013/06/14	   2.148	   2.197	   2.082	   2.188	          32432	      2.166	      2.204	      2.223	      2.207	           	      0.000	    324.320	    477.720	    475.417	     -0.013	     -0.001	     -0.024	
 2013/06/17	   2.072	   2.160	   2.072	   2.086	          37700	      2.143	      2.186	      2.218	      2.205	           	      0.000	    377.000	    455.256	    433.931	     -0.021	     -0.005	     -0.031	
 2013/06/18	   2.087	   2.099	   2.087	   2.099	          40000	      2.127	      2.171	      2.213	      2.203	           	      0.000	    400.000	    416.506	    449.483	     -0.026	     -0.009	     -0.033	
 2013/06/19	   2.052	   2.098	   2.052	   2.096	           7100	      2.116	      2.156	      2.204	      2.201	           	      0.000	     71.000	    385.106	    412.968	     -0.030	     -0.013	     -0.032	
 2013/06/20	   2.060	   2.062	   2.000	   2.001	          57674	      2.094	      2.133	      2.192	      2.198	           	      0.000	    576.740	    349.812	    416.599	     -0.040	     -0.019	     -0.042	
 2013/06/21	   2.001	   2.045	   1.960	   2.039	          37159	      2.064	      2.115	      2.181	      2.195	           	      0.000	    371.590	    359.266	    418.493	     -0.044	     -0.024	     -0.041	
 2013/06/24	   1.961	   2.030	   1.953	   1.955	          26700	      2.038	      2.090	      2.165	      2.190	           	      0.000	    267.000	    337.266	    396.261	     -0.054	     -0.030	     -0.048	
 2013/06/25	   1.900	   2.011	   1.860	   1.948	          59300	      2.008	      2.067	      2.151	      2.184	           	      0.000	    593.000	    375.866	    396.186	     -0.062	     -0.036	     -0.051	
 2013/06/26	   1.948	   1.948	   1.899	   1.900	          36699	      1.969	      2.042	      2.133	      2.179	           	      0.000	    366.990	    435.064	    410.085	     -0.071	     -0.043	     -0.055	
 2013/06/27	   1.985	   1.985	   1.901	   1.950	         102380	      1.958	      2.026	      2.120	      2.174	           	      0.000	   1023.800	    524.476	    437.144	     -0.073	     -0.049	     -0.048	
 2013/06/28	   1.981	   1.981	   1.913	   1.940	         395999	      1.939	      2.001	      2.102	      2.169	           	      0.000	   3959.990	   1242.156	    800.711	     -0.075	     -0.054	     -0.041	
 2013/07/01	   1.970	   1.970	   1.890	   1.938	          30264	      1.935	      1.987	      2.086	      2.164	           	      0.000	    302.640	   1249.284	    793.275	     -0.075	     -0.058	     -0.034	
 2013/07/02	   1.920	   1.942	   1.916	   1.916	          16600	      1.929	      1.968	      2.069	      2.159	           	      0.000	    166.000	   1163.884	    769.875	     -0.077	     -0.062	     -0.029	
 2013/07/03	   1.902	   1.934	   1.876	   1.920	         512314	      1.933	      1.951	      2.053	      2.155	           	      0.000	   5123.140	   2115.114	   1275.089	     -0.077	     -0.065	     -0.023	
 2013/07/04	   1.851	   1.957	   1.851	   1.949	           9300	      1.933	      1.946	      2.039	      2.152	           	      0.000	     93.000	   1928.954	   1226.715	     -0.073	     -0.067	     -0.014	
 2013/07/05	   1.948	   1.948	   1.910	   1.920	          32426	      1.929	      1.934	      2.024	      2.147	           	      0.000	    324.260	   1201.808	   1221.982	     -0.072	     -0.068	     -0.009	
 2013/07/08	   1.940	   1.940	   1.890	   1.890	          22208	      1.919	      1.927	      2.009	      2.142	           	      0.000	    222.080	   1185.696	   1217.490	     -0.073	     -0.069	     -0.008	
 2013/07/09	   1.855	   1.900	   1.855	   1.883	           3900	      1.912	      1.921	      1.994	      2.137	           	      0.000	     39.000	   1160.296	   1162.090	     -0.073	     -0.070	     -0.007	
 2013/07/10	   1.915	   1.931	   1.887	   1.931	          27714	      1.915	      1.924	      1.983	      2.133	           	      0.000	    277.140	    191.096	   1153.105	     -0.069	     -0.070	      0.001	
 2013/07/11	   1.933	   2.047	   1.933	   2.011	         109821	      1.927	      1.930	      1.978	      2.131	           	      0.000	   1098.210	    392.138	   1160.546	     -0.058	     -0.067	      0.018	
 2013/07/12	   1.996	   1.996	   1.991	   1.992	          29130	      1.941	      1.935	      1.968	      2.127	           	      0.000	    291.300	    385.546	    793.677	     -0.051	     -0.064	      0.026	
 2013/07/15	   1.997	   2.015	   1.995	   2.015	          58900	      1.966	      1.943	      1.965	      2.124	           	      0.000	    589.000	    458.930	    822.313	     -0.043	     -0.060	      0.034	
 2013/07/16	   1.960	   1.975	   1.958	   1.975	           9982	      1.985	      1.949	      1.958	      2.121	           	      0.000	     99.820	    471.094	    815.695	     -0.039	     -0.056	      0.034	
 2013/07/17	   1.975	   1.975	   1.975	   1.975	           2400	      1.994	      1.954	      1.952	      2.118	           	      0.000	     24.000	    420.466	    305.781	     -0.035	     -0.052	      0.032	
 2013/07/18	   1.960	   1.960	   1.960	   1.960	           2600	      1.983	      1.955	      1.950	      2.114	           	      0.000	     26.000	    206.024	    299.081	     -0.034	     -0.048	      0.029	
 2013/07/19	   1.947	   1.969	   1.947	   1.947	           4400	      1.974	      1.958	      1.946	      2.111	           	      0.000	     44.000	    156.564	    271.055	     -0.033	     -0.045	      0.024	
 2013/07/22	   1.921	   1.921	   1.920	   1.921	           5600	      1.956	      1.961	      1.944	      2.106	           	      0.000	     56.000	     49.964	    254.447	     -0.034	     -0.043	      0.018	
 2013/07/23	   1.961	   1.985	   1.938	   1.984	         127500	      1.957	      1.971	      1.946	      2.102	           	      0.000	   1275.000	    285.000	    378.047	     -0.029	     -0.040	      0.022	
 2013/07/24	   1.915	   2.000	   1.915	   2.000	          49202	      1.962	      1.978	      1.951	      2.099	           	      0.000	    492.020	    378.604	    399.535	     -0.024	     -0.037	      0.026	
 2013/07/25	   1.921	   1.945	   1.921	   1.939	         117348	      1.958	      1.971	      1.950	      2.095	           	      0.000	   1173.480	    608.100	    407.062	     -0.025	     -0.034	      0.020	
 2013/07/26	   1.939	   1.939	   1.910	   1.910	           6232	      1.951	      1.963	      1.949	      2.091	           	      0.000	     62.320	    611.764	    384.164	     -0.027	     -0.033	      0.012	
 2013/07/29	   1.967	   1.967	   1.900	   1.900	          18100	      1.947	      1.951	      1.947	      2.087	           	      0.000	    181.000	    636.764	    343.364	     -0.029	     -0.032	      0.006	
 2013/07/30	   1.880	   1.986	   1.880	   1.896	          54006	      1.929	      1.943	      1.946	      2.082	           	      0.000	    540.060	    489.776	    387.388	     -0.031	     -0.032	      0.001	
 2013/07/31	   1.926	   1.929	   1.920	   1.929	          75396	      1.915	      1.939	      1.946	      2.078	           	      0.000	    753.960	    542.164	    460.384	     -0.030	     -0.032	      0.004	
 2013/08/01	   1.861	   1.967	   1.861	   1.930	          76294	      1.913	      1.936	      1.945	      2.074	           	      0.000	    762.940	    460.056	    534.078	     -0.028	     -0.031	      0.005	
 2013/08/02	   1.911	   1.960	   1.911	   1.960	          42174	      1.923	      1.937	      1.947	      2.070	           	      0.000	    421.740	    531.940	    571.852	     -0.024	     -0.029	      0.011	
 2013/08/05	   1.945	   1.960	   1.945	   1.960	         141842	      1.935	      1.941	      1.951	      2.065	           	      0.000	   1418.420	    779.424	    708.094	     -0.021	     -0.028	      0.014	
 2013/08/06	   1.930	   1.960	   1.930	   1.960	          67800	      1.948	      1.938	      1.955	      2.061	           	      0.000	    678.000	    807.012	    648.394	     -0.018	     -0.026	      0.016	
 2013/08/07	   1.979	   2.040	   1.979	   2.000	         400015	      1.962	      1.938	      1.958	      2.057	           	      0.000	   4000.150	   1456.250	    999.207	     -0.012	     -0.023	      0.022	
 2013/08/08	   2.000	   2.035	   1.971	   2.035	         411679	      1.983	      1.948	      1.959	      2.054	           	      0.000	   4116.790	   2127.020	   1293.538	     -0.005	     -0.019	      0.029	
 2013/08/09	   2.000	   2.010	   1.971	   2.000	          66010	      1.991	      1.957	      1.960	      2.050	           	      0.000	    660.100	   2174.692	   1353.316	     -0.002	     -0.016	      0.028	
 2013/08/12	   1.971	   2.055	   1.970	   2.035	         519183	      2.006	      1.970	      1.961	      2.048	           	      0.000	   5191.830	   2929.374	   1854.399	      0.003	     -0.012	      0.031	
 2013/08/13	   2.035	   2.035	   2.035	   2.035	              0	      2.021	      1.984	      1.964	      2.045	           	      0.000	      0.000	   2793.774	   1800.393	      0.007	     -0.008	      0.031	
 2013/08/14	   2.014	   2.054	   2.014	   2.043	          14066	      2.030	      1.996	      1.967	      2.041	           	      0.000	    140.660	   2021.876	   1739.063	      0.011	     -0.004	      0.031	
 2013/08/15	   2.049	   2.049	   2.011	   2.015	           5600	      2.026	      2.004	      1.970	      2.037	           	      0.000	     56.000	   1209.718	   1668.369	      0.012	     -0.001	      0.026	
 2013/08/16	   2.055	   2.069	   2.005	   2.020	         121831	      2.030	      2.010	      1.974	      2.034	           	      0.000	   1218.310	   1321.360	   1748.026	      0.012	      0.002	      0.022	
 2013/08/19	   2.003	   2.039	   2.003	   2.039	         216966	      2.030	      2.018	      1.980	      2.030	           	      0.000	   2169.660	    716.926	   1823.150	      0.014	      0.004	      0.020	
 2013/08/20	   2.035	   2.051	   2.000	   2.000	          88000	      2.023	      2.022	      1.980	      2.026	           	      0.000	    880.000	    892.926	   1843.350	      0.013	      0.006	      0.013	
 2013/08/21	   1.981	   2.000	   1.981	   2.000	          26561	      2.015	      2.022	      1.980	      2.021	           	      0.000	    265.610	    917.916	   1469.896	      0.011	      0.007	      0.008	
 2013/08/22	   2.000	   2.000	   1.990	   1.990	         194184	      2.010	      2.018	      1.983	      2.018	           	      0.000	   1941.840	   1295.084	   1252.401	      0.009	      0.007	      0.003	
 2013/08/23	   2.000	   2.000	   1.946	   1.946	           9999	      1.995	      2.012	      1.985	      2.012	           	      0.000	     99.990	   1071.420	   1196.390	      0.004	      0.007	     -0.006	
 2013/08/26	   1.981	   2.031	   1.981	   2.020	          45483	      1.991	      2.011	      1.991	      2.008	           	      0.000	    454.830	    728.454	    722.690	      0.005	      0.006	     -0.002	
 2013/08/27	   2.000	   2.130	   2.000	   2.049	         515852	      2.001	      2.012	      1.998	      2.005	           	      0.000	   5158.520	   1584.158	   1238.542	      0.009	      0.007	      0.004	
 2013/08/28	   2.047	   2.047	   2.006	   2.045	          14898	      2.010	      2.012	      2.004	      2.001	           	      0.000	    148.980	   1560.832	   1239.374	      0.011	      0.008	      0.007	
 2013/08/29	   2.006	   2.040	   2.006	   2.040	           4600	      2.020	      2.015	      2.010	      1.998	           	      0.000	     46.000	   1181.664	   1238.374	      0.013	      0.009	      0.008	
 2013/08/30	   2.005	   2.014	   2.005	   2.012	          22116	      2.033	      2.014	      2.012	      1.995	           	      0.000	    221.160	   1205.898	   1138.659	      0.011	      0.009	      0.004	
 2013/09/02	   2.000	   2.001	   2.000	   2.001	           7100	      2.029	      2.010	      2.014	      1.991	           	      0.000	     71.000	   1129.132	    928.793	      0.009	      0.009	      0.000	
 2013/09/03	   2.002	   2.030	   2.002	   2.030	           8959	      2.026	      2.013	      2.018	      1.989	           	      0.000	     89.590	    115.346	    849.752	      0.010	      0.009	      0.001	
 2013/09/04	   2.010	   2.013	   2.010	   2.013	          10560	      2.019	      2.015	      2.018	      1.987	           	      0.000	    105.600	    106.670	    833.751	      0.009	      0.009	     -0.001	
 2013/09/05	   2.002	   2.005	   2.002	   2.005	          83072	      2.012	      2.016	      2.017	      1.985	           	      0.000	    830.720	    263.614	    722.639	      0.007	      0.009	     -0.003	
 2013/09/06	   1.993	   2.025	   1.993	   2.020	         126929	      2.014	      2.023	      2.018	      1.982	           	      0.000	   1269.290	    473.240	    839.569	      0.007	      0.009	     -0.003	
 2013/09/09	   2.048	   2.139	   2.035	   2.075	         989533	      2.029	      2.029	      2.020	      1.982	           	      0.000	   9895.330	   2438.106	   1783.619	      0.012	      0.009	      0.005	
 2013/09/10	   2.119	   2.159	   2.046	   2.119	         608936	      2.046	      2.036	      2.024	      1.982	           	      0.000	   6089.360	   3638.060	   1876.703	      0.018	      0.011	      0.015	
 2013/09/11	   2.119	   2.160	   2.119	   2.160	         166878	      2.076	      2.048	      2.030	      1.983	           	      0.000	   1668.780	   3950.696	   2028.683	      0.027	      0.014	      0.025	
 2013/09/12	   2.102	   2.168	   2.102	   2.141	         107503	      2.103	      2.058	      2.036	      1.986	           	      0.000	   1075.030	   3999.558	   2131.586	      0.031	      0.018	      0.027	
 2013/09/13	   2.178	   2.198	   2.142	   2.165	          85645	      2.132	      2.073	      2.043	      1.988	           	      0.000	    856.450	   3916.990	   2195.115	      0.037	      0.021	      0.030	
 2013/09/16	   2.133	   2.280	   2.133	   2.138	          34865	      2.145	      2.087	      2.048	      1.991	           	      0.000	    348.650	   2007.654	   2222.880	      0.038	      0.025	      0.027	
 2013/09/17	   2.138	   2.148	   2.105	   2.105	          27200	      2.142	      2.094	      2.054	      1.993	           	      0.000	    272.000	    844.182	   2241.121	      0.036	      0.027	      0.018	
 2013/09/18	   2.112	   2.112	   2.082	   2.082	          22320	      2.126	      2.101	      2.058	      1.996	           	      0.000	    223.200	    555.066	   2252.881	      0.033	      0.028	      0.009	
 2013/09/23	   2.095	   2.125	   2.095	   2.124	          63050	      2.123	      2.113	      2.065	      1.999	           	      0.000	    630.500	    466.160	   2232.859	      0.033	      0.029	      0.007	
 2013/09/24	   2.123	   2.123	   2.080	   2.080	           1950	      2.106	      2.119	      2.071	      2.002	           	      0.000	     19.500	    298.770	   2107.880	      0.029	      0.029	     -0.000	
 2013/09/25	   2.061	   2.110	   2.061	   2.072	         537816	      2.093	      2.119	      2.074	      2.004	           	      0.000	   5378.160	   1304.672	   1656.163	      0.025	      0.028	     -0.007	
 2013/09/26	   2.061	   2.072	   2.061	   2.062	          25138	      2.084	      2.113	      2.074	      2.006	           	      0.000	    251.380	   1300.548	   1072.365	      0.021	      0.027	     -0.012	
 2013/09/27	   2.062	   2.062	   2.062	   2.062	           5600	      2.080	      2.103	      2.075	      2.009	           	      0.000	     56.000	   1267.108	    911.087	      0.017	      0.025	     -0.015	
 2013/09/30	   2.062	   2.062	   2.062	   2.062	              0	      2.068	      2.095	      2.076	      2.010	           	      0.000	      0.000	   1141.008	    803.584	      0.014	      0.023	     -0.017	
 2013/10/08	   2.100	   2.100	   2.050	   2.100	          31560	      2.072	      2.089	      2.081	      2.013	           	      0.000	    315.600	   1200.228	    749.499	      0.015	      0.021	     -0.013	
 2013/10/09	   2.150	   2.150	   2.059	   2.063	          13182	      2.070	      2.081	      2.084	      2.016	           	      0.000	    131.820	    150.960	    727.816	      0.012	      0.019	     -0.014	
 2013/10/10	   2.022	   2.052	   2.022	   2.052	          60771	      2.068	      2.076	      2.085	      2.019	           	      0.000	    607.710	    222.226	    761.387	      0.009	      0.017	     -0.016	
 2013/10/11	   2.096	   2.113	   2.079	   2.091	         178885	      2.074	      2.077	      2.089	      2.022	           	      0.000	   1788.850	    568.796	    917.952	      0.009	      0.016	     -0.012	
 2013/10/14	   2.061	   2.120	   2.061	   2.120	          84203	      2.085	      2.076	      2.095	      2.024	           	      0.000	    842.030	    737.202	    939.105	      0.012	      0.015	     -0.006	
 2013/10/15	   2.150	   2.150	   2.100	   2.120	         304690	      2.089	      2.080	      2.100	      2.026	           	      0.000	   3046.900	   1283.462	   1241.845	      0.014	      0.015	     -0.001	
 2013/10/16	   2.080	   2.081	   2.080	   2.081	          30300	      2.093	      2.081	      2.100	      2.027	           	      0.000	    303.000	   1317.698	    734.329	      0.012	      0.014	     -0.004	
 2013/10/17	   2.081	   2.083	   2.078	   2.081	         323066	      2.099	      2.083	      2.098	      2.029	           	      0.000	   3230.660	   1842.288	   1032.257	      0.011	      0.014	     -0.006	
 2013/10/18	   2.081	   2.100	   2.074	   2.100	          46755	      2.100	      2.087	      2.095	      2.031	           	      0.000	    467.550	   1578.028	   1073.412	      0.011	      0.013	     -0.004	
 2013/10/21	   2.100	   2.140	   2.100	   2.140	          29001	      2.104	      2.095	      2.095	      2.034	           	      0.000	    290.010	   1467.624	   1102.413	      0.014	      0.013	      0.002	
 2013/10/22	   2.100	   2.100	   2.083	   2.100	          25932	      2.100	      2.095	      2.092	      2.036	           	      0.000	    259.320	    910.108	   1096.785	      0.013	      0.013	      0.000	
 2013/10/23	   2.071	   2.120	   2.050	   2.070	         382176	      2.098	      2.095	      2.088	      2.039	           	      0.000	   3821.760	   1613.860	   1465.779	      0.010	      0.013	     -0.005	
 2013/10/24	   2.070	   2.196	   2.060	   2.196	         435455	      2.121	      2.110	      2.093	      2.042	           	      0.000	   4354.550	   1838.638	   1840.463	      0.018	      0.014	      0.008	
 2013/10/25	   2.120	   2.145	   2.053	   2.143	         523578	      2.130	      2.115	      2.096	      2.045	           	      0.000	   5235.780	   2792.284	   2185.156	      0.019	      0.015	      0.009	
 2013/10/28	   2.031	   2.080	   2.031	   2.050	          31141	      2.112	      2.108	      2.092	      2.047	           	      0.000	    311.410	   2796.564	   2132.094	      0.013	      0.014	     -0.004	
 2013/10/29	   2.050	   2.089	   2.050	   2.051	          18974	      2.102	      2.101	      2.091	      2.049	           	      0.000	    189.740	   2782.648	   1846.378	      0.007	      0.013	     -0.011	
 2013/10/30	   2.027	   2.094	   2.027	   2.037	          45068	      2.095	      2.097	      2.089	      2.051	           	      0.000	    450.680	   2108.432	   1861.146	      0.002	      0.011	     -0.017	
 2013/10/31	   2.088	   2.088	   2.047	   2.047	          14564	      2.066	      2.093	      2.088	      2.054	           	      0.000	    145.640	   1266.650	   1552.644	     -0.001	      0.008	     -0.019	
 2013/11/01	   2.047	   2.087	   2.047	   2.054	          27610	      2.048	      2.089	      2.088	      2.056	           	      0.000	    276.100	    274.714	   1533.499	     -0.003	      0.006	     -0.019	
 2013/11/04	   2.145	   2.145	   2.057	   2.063	          11910	      2.050	      2.081	      2.088	      2.058	           	      0.000	    119.100	    236.252	   1516.408	     -0.004	      0.004	     -0.016	
 2013/11/05	   2.033	   2.073	   2.033	   2.073	          10500	      2.055	      2.078	      2.087	      2.060	           	      0.000	    105.000	    219.304	   1500.976	     -0.004	      0.002	     -0.013	
 2013/11/06	   2.070	   2.092	   2.038	   2.040	           9284	      2.055	      2.075	      2.085	      2.061	           	      0.000	     92.840	    147.736	   1128.084	     -0.006	      0.001	     -0.014	
 2013/11/07	   2.025	   2.025	   2.025	   2.025	           3900	      2.051	      2.058	      2.084	      2.062	           	      0.000	     39.000	    126.408	    696.529	     -0.010	     -0.001	     -0.016	
 2013/11/08	   2.065	   2.065	   2.005	   2.009	           5650	      2.042	      2.045	      2.080	      2.062	           	      0.000	     56.500	     82.488	    178.601	     -0.013	     -0.004	     -0.019	
 2013/11/11	   2.039	   2.039	   1.988	   1.988	          18500	      2.027	      2.039	      2.073	      2.062	           	      0.000	    185.000	     95.668	    165.960	     -0.017	     -0.006	     -0.022	
 2013/11/12	   2.006	   2.020	   2.006	   2.020	           7800	      2.016	      2.036	      2.068	      2.062	           	      0.000	     78.000	     90.268	    154.786	     -0.018	     -0.009	     -0.018	
 2013/11/13	   1.980	   1.991	   1.980	   1.990	           5100	      2.006	      2.031	      2.064	      2.061	           	      0.000	     51.000	     81.900	    114.818	     -0.021	     -0.011	     -0.019	
 2013/11/14	   2.027	   2.027	   2.027	   2.027	            800	      2.007	      2.029	      2.061	      2.061	           	      0.000	      8.000	     75.700	    101.054	     -0.020	     -0.013	     -0.013	
 2013/11/15	   2.044	   2.088	   2.041	   2.050	         263470	      2.015	      2.029	      2.059	      2.061	           	      0.000	   2634.700	    591.340	    336.914	     -0.017	     -0.014	     -0.006	
 2013/11/18	   2.035	   2.183	   2.035	   2.183	         343282	      2.054	      2.040	      2.061	      2.064	           	      0.000	   3432.820	   1240.904	    668.286	     -0.004	     -0.012	      0.016	
 2013/11/19	   2.160	   2.160	   2.124	   2.145	         118112	      2.079	      2.048	      2.063	      2.066	           	      0.000	   1181.120	   1461.528	    775.898	      0.004	     -0.009	      0.024	
 2013/11/20	   2.130	   2.169	   2.065	   2.130	          22175	      2.107	      2.057	      2.066	      2.068	           	      0.000	    221.750	   1495.678	    788.789	      0.008	     -0.005	      0.027	
 2013/11/21	   2.118	   2.123	   2.112	   2.123	          37300	      2.126	      2.066	      2.062	      2.070	           	      0.000	    373.000	   1568.678	    822.189	      0.011	     -0.002	      0.026	
 2013/11/22	   2.111	   2.111	   2.110	   2.110	         185353	      2.138	      2.077	      2.061	      2.072	           	      0.000	   1853.530	   1412.444	   1001.892	      0.012	      0.001	      0.022	
 2013/11/25	   2.110	   2.110	   2.110	   2.110	              0	      2.124	      2.089	      2.064	      2.073	           	      0.000	      0.000	    725.880	    983.392	      0.013	      0.003	      0.019	
 2013/11/26	   2.007	   2.110	   2.007	   2.108	          38864	      2.116	      2.098	      2.067	      2.076	           	      0.000	    388.640	    567.384	   1014.456	      0.013	      0.005	      0.016	
 2013/11/27	   2.100	   2.109	   2.090	   2.109	          78383	      2.112	      2.109	      2.070	      2.078	           	      0.000	    783.830	    679.800	   1087.739	      0.013	      0.007	      0.013	
 2013/11/28	   2.120	   2.150	   2.110	   2.135	         214144	      2.114	      2.120	      2.075	      2.079	           	      0.000	   2141.440	   1033.488	   1301.083	      0.015	      0.008	      0.013	
 2013/11/29	   2.144	   2.212	   2.130	   2.130	         504408	      2.118	      2.128	      2.078	      2.081	           	      0.000	   5044.080	   1671.598	   1542.021	      0.016	      0.010	      0.012	
 2013/12/02	   2.110	   2.180	   2.110	   2.118	          30946	      2.120	      2.122	      2.081	      2.082	           	      0.000	    309.460	   1733.490	   1229.685	      0.016	      0.011	      0.009	
 2013/12/03	   2.120	   2.142	   2.120	   2.142	           1514	      2.127	      2.122	      2.085	      2.084	           	      0.000	     15.140	   1658.790	   1113.087	      0.017	      0.012	      0.010	
 2013/12/04	   2.135	   2.184	   2.135	   2.183	          44353	      2.142	      2.127	      2.092	      2.087	           	      0.000	    443.530	   1590.730	   1135.265	      0.021	      0.014	      0.015	
 2013/12/05	   2.182	   2.188	   2.157	   2.187	          46327	      2.152	      2.133	      2.100	      2.090	           	      0.000	    463.270	   1255.096	   1144.292	      0.025	      0.016	      0.017	
 2013/12/06	   2.169	   2.169	   2.167	   2.168	          11500	      2.160	      2.139	      2.108	      2.092	           	      0.000	    115.000	    269.280	    970.439	      0.026	      0.018	      0.015	
 2013/12/09	   2.174	   2.174	   2.151	   2.151	          28517	      2.166	      2.143	      2.116	      2.095	           	      0.000	    285.170	    264.422	    998.956	      0.025	      0.019	      0.010	
 2013/12/10	   2.155	   2.180	   2.155	   2.167	         126993	      2.171	      2.149	      2.123	      2.097	           	      0.000	   1269.930	    515.380	   1087.085	      0.025	      0.021	      0.009	
 2013/12/11	   2.161	   2.161	   2.137	   2.137	          21000	      2.162	      2.152	      2.131	      2.098	           	      0.000	    210.000	    468.674	   1029.702	      0.022	      0.021	      0.003	
 2013/12/12	   2.132	   2.132	   2.130	   2.131	          15766	      2.151	      2.151	      2.136	      2.098	           	      0.000	    157.660	    407.552	    831.324	      0.020	      0.021	     -0.002	
 2013/12/13	   2.111	   2.140	   2.110	   2.140	         155298	      2.145	      2.152	      2.140	      2.098	           	      0.000	   1552.980	    695.148	    482.214	      0.018	      0.020	     -0.004	
 2013/12/16	   2.100	   2.112	   2.100	   2.112	          42599	      2.137	      2.152	      2.137	      2.098	           	      0.000	    425.990	    723.312	    493.867	      0.014	      0.019	     -0.009	
 2013/12/17	   2.080	   2.087	   2.070	   2.070	          17200	      2.118	      2.145	      2.133	      2.096	           	      0.000	    172.000	    503.726	    509.553	      0.008	      0.017	     -0.018	
 2013/12/18	   2.070	   2.079	   2.070	   2.078	         107260	      2.106	      2.134	      2.130	      2.095	           	      0.000	   1072.600	    676.246	    572.460	      0.003	      0.014	     -0.021	
 2013/12/19	   2.088	   2.088	   2.064	   2.064	          29600	      2.093	      2.122	      2.128	      2.094	           	      0.000	    296.000	    703.914	    555.733	     -0.001	      0.011	     -0.025	
 2013/12/20	   2.050	   2.051	   2.016	   2.016	          51971	      2.068	      2.107	      2.123	      2.093	           	      0.000	    519.710	    497.260	    596.204	     -0.009	      0.007	     -0.032	
 2013/12/23	   2.015	   2.020	   2.015	   2.015	          20964	      2.049	      2.093	      2.118	      2.091	           	      0.000	    209.640	    453.990	    588.651	     -0.014	      0.003	     -0.035	
 2013/12/24	   2.030	   2.030	   2.010	   2.010	           6100	      2.037	      2.077	      2.113	      2.090	           	      0.000	     61.000	    431.790	    467.758	     -0.019	     -0.002	     -0.035	
 2013/12/25	   2.010	   2.010	   2.010	   2.010	              0	      2.023	      2.065	      2.108	      2.089	           	      0.000	      0.000	    217.270	    446.758	     -0.023	     -0.006	     -0.034	
 2013/12/26	   2.002	   2.010	   2.000	   2.010	          22100	      2.012	      2.053	      2.102	      2.088	           	      0.000	    221.000	    202.270	    453.092	     -0.025	     -0.010	     -0.031	
 2013/12/27	   2.007	   2.040	   2.007	   2.013	          70985	      2.012	      2.040	      2.096	      2.087	           	      0.000	    709.850	    240.298	    368.779	     -0.027	     -0.013	     -0.027	
 2013/12/30	   2.050	   2.050	   2.013	   2.015	          24600	      2.012	      2.030	      2.091	      2.087	           	      0.000	    246.000	    247.570	    350.780	     -0.027	     -0.016	     -0.023	
 2013/12/31	   2.013	   2.037	   2.013	   2.035	          90860	      2.017	      2.027	      2.086	      2.086	           	      0.000	    908.600	    417.090	    424.440	     -0.026	     -0.018	     -0.016	
 2014/01/02	   2.035	   2.035	   2.035	   2.035	              0	      2.022	      2.022	      2.078	      2.085	           	      0.000	      0.000	    417.090	    317.180	     -0.025	     -0.019	     -0.011	
 2014/01/03	   2.002	   2.015	   1.996	   2.015	          28232	      2.023	      2.017	      2.070	      2.085	           	      0.000	    282.320	    429.354	    315.812	     -0.025	     -0.020	     -0.009	
 2014/01/06	   1.981	   1.981	   1.955	   1.956	          23000	      2.011	      2.011	      2.059	      2.082	           	      0.000	    230.000	    333.384	    286.841	     -0.030	     -0.022	     -0.014	
 2014/01/07	   1.979	   1.979	   1.979	   1.979	           1000	      2.004	      2.008	      2.050	      2.080	           	      0.000	     10.000	    286.184	    266.877	     -0.031	     -0.024	     -0.014	
 2014/01/08	   1.950	   1.950	   1.950	   1.950	            200	      1.987	      2.002	      2.040	      2.077	           	      0.000	      2.000	    104.864	    260.977	     -0.034	     -0.026	     -0.016	
 2014/01/09	   1.952	   1.956	   1.952	   1.954	          38421	      1.971	      1.996	      2.030	      2.075	           	      0.000	    384.210	    181.706	    299.398	     -0.036	     -0.028	     -0.016	
 2014/01/10	   1.930	   1.935	   1.930	   1.935	          21501	      1.955	      1.989	      2.021	      2.073	           	      0.000	    215.010	    168.244	    298.799	     -0.038	     -0.030	     -0.016	
 2014/01/13	   1.935	   1.946	   1.935	   1.946	          26734	      1.953	      1.982	      2.011	      2.070	           	      0.000	    267.340	    175.712	    254.548	     -0.039	     -0.032	     -0.014	
 2014/01/14	   1.946	   1.946	   1.946	   1.946	              0	      1.946	      1.975	      2.003	      2.067	           	      0.000	      0.000	    173.712	    229.948	     -0.039	     -0.033	     -0.011	
 2014/01/15	   1.963	   1.963	   1.938	   1.938	          17400	      1.944	      1.965	      1.996	      2.064	           	      0.000	    174.000	    208.112	    156.488	     -0.039	     -0.034	     -0.009	
 2014/01/16	   1.957	   1.957	   1.950	   1.951	          28347	      1.943	      1.957	      1.990	      2.062	           	      0.000	    283.470	    187.964	    184.835	     -0.038	     -0.035	     -0.005	
 2014/01/17	   1.951	   1.951	   1.951	   1.951	              0	      1.946	      1.951	      1.984	      2.058	           	      0.000	      0.000	    144.962	    156.603	     -0.036	     -0.035	     -0.002	
 2014/01/20	   1.951	   1.951	   1.951	   1.951	              0	      1.947	      1.950	      1.981	      2.055	           	      0.000	      0.000	     91.494	    133.603	     -0.035	     -0.035	      0.001	
 2014/01/21	   1.954	   1.960	   1.953	   1.956	          63015	      1.949	      1.948	      1.978	      2.053	           	      0.000	    630.150	    217.524	    195.618	     -0.033	     -0.035	      0.004	
 2014/01/22	   1.954	   2.000	   1.954	   1.999	         162776	      1.962	      1.953	      1.977	      2.052	           	      0.000	   1627.760	    508.276	    358.194	     -0.027	     -0.033	      0.012	
 2014/01/23	   1.982	   2.020	   1.980	   2.020	         226422	      1.975	      1.959	      1.978	      2.052	           	      0.000	   2264.220	    904.426	    546.195	     -0.021	     -0.031	      0.019	
 2014/01/24	   2.016	   2.016	   1.982	   1.982	          27664	      1.982	      1.964	      1.976	      2.051	           	      0.000	    276.640	    959.754	    552.358	     -0.019	     -0.028	      0.019	
 2014/01/27	   1.802	   2.040	   1.802	   1.960	          68294	      1.983	      1.965	      1.974	      2.049	           	      0.000	    682.940	   1096.342	    593.918	     -0.019	     -0.027	      0.015	
 2014/01/28	   1.960	   2.000	   1.956	   2.000	          31791	      1.992	      1.971	      1.973	      2.048	           	      0.000	    317.910	   1033.894	    625.709	     -0.016	     -0.024	      0.018	
 2014/01/29	   2.000	   2.000	   2.000	   2.000	         500000	      1.992	      1.977	      1.971	      2.047	           	      0.000	   5000.000	   1708.342	   1108.309	     -0.013	     -0.022	      0.019	
 2014/01/30	   2.000	   2.000	   1.934	   2.000	          13300	      1.988	      1.982	      1.969	      2.046	           	      0.000	    133.000	   1282.098	   1093.262	     -0.010	     -0.020	      0.019	
 2014/02/07	   1.964	   2.009	   1.916	   1.927	          27001	      1.977	      1.980	      1.965	      2.045	           	      0.000	    270.010	   1280.772	   1120.263	     -0.014	     -0.019	      0.009	
 2014/02/10	   1.951	   2.026	   1.951	   1.956	          79064	      1.977	      1.980	      1.965	      2.044	           	      0.000	    790.640	   1302.312	   1199.327	     -0.015	     -0.018	      0.006	
 2014/02/11	   1.956	   1.990	   1.956	   1.967	         174785	      1.970	      1.981	      1.964	      2.044	           	      0.000	   1747.850	   1588.300	   1311.097	     -0.014	     -0.017	      0.006	
 2014/02/12	   1.970	   2.000	   1.970	   2.000	         407486	      1.970	      1.981	      1.967	      2.043	           	      0.000	   4074.860	   1403.272	   1555.807	     -0.011	     -0.016	      0.010	
 2014/02/13	   2.007	   2.007	   1.980	   2.000	        1268160	      1.970	      1.979	      1.969	      2.043	           	      0.000	  12681.600	   3912.992	   2597.545	     -0.008	     -0.014	      0.012	
 2014/02/14	   2.000	   2.000	   1.981	   1.981	          33100	      1.981	      1.979	      1.972	      2.043	           	      0.000	    331.000	   3925.190	   2602.981	     -0.007	     -0.013	      0.011	
 2014/02/17	   2.002	   2.019	   2.000	   2.017	         119730	      1.993	      1.985	      1.975	      2.042	           	      0.000	   1197.300	   4006.522	   2654.417	     -0.004	     -0.011	      0.014	
 2014/02/18	   1.970	   2.023	   1.891	   2.000	          23401	      2.000	      1.985	      1.978	      2.039	           	      0.000	    234.010	   3703.754	   2646.027	     -0.002	     -0.009	      0.014	
 2014/02/19	   1.997	   1.997	   1.985	   1.989	          16799	      1.997	      1.984	      1.980	      2.036	           	      0.000	    167.990	   2922.380	   2162.826	     -0.002	     -0.008	      0.011	
 2014/02/20	   2.000	   2.001	   1.993	   1.993	         109056	      1.996	      1.983	      1.982	      2.034	           	      0.000	   1090.560	    604.172	   2258.582	     -0.001	     -0.007	      0.010	
 2014/02/21	   1.999	   2.020	   1.999	   2.015	        6006001	      2.003	      1.992	      1.986	      2.032	           	      0.000	  60060.012	  12549.975	   8237.582	      0.001	     -0.005	      0.012	
 2014/02/24	   1.915	   2.000	   1.915	   1.942	          15714	      1.988	      1.990	      1.985	      2.030	           	      0.000	    157.140	  12341.942	   8174.232	     -0.003	     -0.005	      0.003	
 2014/02/25	   1.984	   2.000	   1.905	   1.906	          28823	      1.969	      1.984	      1.983	      2.026	           	      0.000	    288.230	  12352.786	   8028.270	     -0.009	     -0.006	     -0.008	
 2014/02/26	   1.906	   1.975	   1.880	   1.975	          44320	      1.966	      1.982	      1.982	      2.024	           	      0.000	    443.200	  12407.828	   7665.104	     -0.009	     -0.006	     -0.005	
 2014/02/27	   1.975	   1.988	   1.883	   1.923	          72367	      1.952	      1.974	      1.977	      2.021	           	      0.000	    723.670	  12334.450	   6469.311	     -0.012	     -0.007	     -0.009	
 2014/02/28	   1.893	   1.920	   1.893	   1.902	          55220	      1.930	      1.966	      1.973	      2.017	           	      0.000	    552.200	    432.888	   6491.431	     -0.016	     -0.009	     -0.014	
 2014/03/03	   1.904	   1.955	   1.904	   1.940	          42332	      1.929	      1.959	      1.972	      2.014	           	      0.000	    423.320	    486.124	   6414.033	     -0.016	     -0.011	     -0.011	
 2014/03/04	   1.950	   1.950	   1.923	   1.950	          14700	      1.938	      1.954	      1.969	      2.011	           	      0.000	    147.000	    457.878	   6405.332	     -0.015	     -0.011	     -0.008	
 2014/03/05	   1.923	   1.944	   1.918	   1.918	           7620	      1.927	      1.946	      1.965	      2.007	           	      0.000	     76.200	    384.478	   6396.153	     -0.017	     -0.013	     -0.009	
 2014/03/06	   1.918	   1.918	   1.918	   1.918	              0	      1.926	      1.939	      1.961	      2.003	           	      0.000	      0.000	    239.744	   6287.097	     -0.018	     -0.014	     -0.009	
 2014/03/07	   1.918	   1.918	   1.918	   1.918	              0	      1.929	      1.929	      1.961	      1.998	           	      0.000	      0.000	    129.304	    281.096	     -0.019	     -0.015	     -0.008	
 2014/03/10	   1.905	   1.905	   1.841	   1.861	           8732	      1.913	      1.921	      1.956	      1.993	           	      0.000	     87.320	     62.104	    274.114	     -0.023	     -0.016	     -0.014	
 2014/03/11	   1.837	   1.837	   1.837	   1.837	            300	      1.890	      1.914	      1.949	      1.988	           	      0.000	      3.000	     33.304	    245.591	     -0.029	     -0.019	     -0.020	
 2014/03/12	   1.894	   1.894	   1.853	   1.853	           4500	      1.877	      1.902	      1.942	      1.983	           	      0.000	     45.000	     27.064	    205.771	     -0.032	     -0.021	     -0.020	
 2014/03/13	   1.866	   1.873	   1.866	   1.873	           4881	      1.868	      1.897	      1.936	      1.978	           	      0.000	     48.810	     36.826	    138.285	     -0.032	     -0.024	     -0.016	
 2014/03/14	   1.875	   1.875	   1.875	   1.875	          11181	      1.860	      1.894	      1.930	      1.974	           	      0.000	    111.810	     59.188	     94.246	     -0.031	     -0.025	     -0.012	
 2014/03/17	   1.876	   1.970	   1.876	   1.876	          18000	      1.863	      1.888	      1.923	      1.970	           	      0.000	    180.000	     77.724	     69.914	     -0.031	     -0.026	     -0.009	
 2014/03/18	   1.878	   1.890	   1.878	   1.890	          33624	      1.873	      1.882	      1.918	      1.966	           	      0.000	    336.240	    144.372	     88.838	     -0.028	     -0.027	     -0.004	
 2014/03/19	   1.865	   1.866	   1.851	   1.865	          19589	      1.876	      1.877	      1.911	      1.963	           	      0.000	    195.890	    174.550	    100.807	     -0.029	     -0.027	     -0.003	
 2014/03/20	   1.871	   1.871	   1.862	   1.862	          30014	      1.874	      1.871	      1.905	      1.959	           	      0.000	    300.140	    224.816	    130.821	     -0.028	     -0.027	     -0.002	
 2014/03/21	   1.850	   1.900	   1.846	   1.900	          34846	      1.879	      1.869	      1.899	      1.956	           	      0.000	    348.460	    272.146	    165.667	     -0.025	     -0.027	      0.004	
 2014/03/24	   1.908	   1.934	   1.907	   1.923	         175630	      1.888	      1.875	      1.898	      1.955	           	      0.000	   1756.300	    587.406	    332.565	     -0.020	     -0.026	      0.010	
 2014/03/25	   1.930	   1.960	   1.920	   1.948	          27132	      1.900	      1.887	      1.900	      1.954	           	      0.000	    271.320	    574.422	    359.397	     -0.014	     -0.023	      0.018	
 2014/03/26	   1.948	   1.948	   1.916	   1.939	          70264	      1.914	      1.895	      1.899	      1.952	           	      0.000	    702.640	    675.772	    425.161	     -0.010	     -0.021	      0.021	
 2014/03/27	   1.933	   1.959	   1.900	   1.949	         178354	      1.932	      1.903	      1.900	      1.951	           	      0.000	   1783.540	    972.452	    598.634	     -0.006	     -0.018	      0.023	
 2014/03/28	   1.919	   1.949	   1.919	   1.949	          21630	      1.942	      1.910	      1.902	      1.950	           	      0.000	    216.300	    946.020	    609.083	     -0.003	     -0.015	      0.024	
 2014/03/31	   1.949	   1.949	   1.949	   1.949	              0	      1.947	      1.917	      1.903	      1.949	           	      0.000	      0.000	    594.760	    591.083	     -0.000	     -0.012	      0.023	
 2014/04/01	   1.949	   1.949	   1.932	   1.932	          22396	      1.944	      1.922	      1.902	      1.948	           	      0.000	    223.960	    585.288	    579.855	      0.001	     -0.009	      0.020	
 2014/04/02	   1.973	   1.990	   1.955	   1.982	         352950	      1.952	      1.933	      1.905	      1.947	           	      0.000	   3529.500	   1150.660	    913.216	      0.005	     -0.006	      0.023	
 2014/04/03	   1.999	   2.000	   1.967	   1.976	         583600	      1.958	      1.945	      1.908	      1.946	           	      0.000	   5836.000	   1961.152	   1466.802	      0.008	     -0.004	      0.023	
 2014/04/04	   1.936	   1.945	   1.936	   1.945	          12150	      1.957	      1.949	      1.909	      1.945	           	      0.000	    121.500	   1942.192	   1444.106	      0.008	     -0.001	      0.018	
 2014/04/08	   1.990	   2.050	   1.980	   1.994	          44960	      1.966	      1.956	      1.916	      1.946	           	      0.000	    449.600	   2032.112	   1313.436	      0.012	      0.001	      0.021	
 2014/04/09	   2.000	   2.020	   1.995	   2.001	          37286	      1.980	      1.962	      1.924	      1.946	           	      0.000	    372.860	   2061.892	   1323.590	      0.015	      0.004	      0.022	
 2014/04/10	   2.014	   2.090	   1.986	   2.089	         146564	      2.001	      1.977	      1.936	      1.948	           	      0.000	   1465.640	   1649.120	   1399.890	      0.024	      0.008	      0.032	
 2014/04/11	   2.079	   2.097	   2.035	   2.046	         189302	      2.015	      1.986	      1.944	      1.950	           	      0.000	   1893.020	    860.524	   1410.838	      0.028	      0.012	      0.032	
 2014/04/14	   2.040	   2.047	   2.040	   2.047	          80860	      2.035	      1.996	      1.953	      1.952	           	      0.000	    808.600	    997.944	   1470.068	      0.031	      0.016	      0.030	
 2014/04/15	   2.026	   2.050	   2.005	   2.030	         544515	      2.043	      2.004	      1.961	      1.953	           	      0.000	   5445.150	   1997.054	   2014.583	      0.031	      0.019	      0.024	
 2014/04/16	   2.026	   2.040	   2.010	   2.035	         558721	      2.049	      2.014	      1.968	      1.955	           	      0.000	   5587.210	   3039.924	   2550.908	      0.031	      0.021	      0.020	
 2014/04/17	   2.009	   2.025	   2.009	   2.025	          46520	      2.037	      2.019	      1.976	      1.956	           	      0.000	    465.200	   2839.836	   2244.478	      0.030	      0.023	      0.015	
 2014/04/18	   1.991	   2.029	   1.991	   2.000	          90273	      2.027	      2.021	      1.983	      1.957	           	      0.000	    902.730	   2641.778	   1751.151	      0.027	      0.024	      0.007	
 2014/04/21	   1.999	   2.000	   1.962	   1.962	         103904	      2.010	      2.023	      1.986	      1.957	           	      0.000	   1039.040	   2687.866	   1842.905	      0.022	      0.024	     -0.004	
 2014/04/22	   1.978	   2.030	   1.971	   2.030	         320444	      2.010	      2.026	      1.991	      1.958	           	      0.000	   3204.440	   2239.724	   2118.389	      0.022	      0.023	     -0.002	
 2014/04/23	   1.980	   2.023	   1.980	   2.020	           4600	      2.007	      2.028	      1.995	      1.959	           	      0.000	     46.000	   1131.482	   2085.703	      0.022	      0.023	     -0.002	
 2014/04/24	   2.020	   2.100	   2.020	   2.020	         171616	      2.006	      2.022	      1.999	      1.960	           	      0.000	   1716.160	   1381.674	   2110.755	      0.021	      0.023	     -0.003	
 2014/04/25	   1.985	   1.985	   1.985	   1.985	            100	      2.003	      2.015	      2.001	      1.959	           	      0.000	      1.000	   1201.328	   1921.553	      0.018	      0.022	     -0.008	
 2014/04/28	   1.985	   1.985	   1.985	   1.985	              0	      2.008	      2.009	      2.003	      1.959	           	      0.000	      0.000	    993.520	   1840.693	      0.015	      0.020	     -0.011	
 2014/04/29	   1.971	   1.998	   1.971	   1.998	           3881	      2.002	      2.006	      2.005	      1.960	           	      0.000	     38.810	    360.394	   1300.059	      0.013	      0.019	     -0.011	
 2014/04/30	   1.998	   1.998	   1.998	   1.998	              0	      1.997	      2.002	      2.008	      1.960	           	      0.000	      0.000	    351.194	    741.338	      0.012	      0.017	     -0.011	
 2014/05/05	   1.979	   1.979	   1.942	   1.960	          31150	      1.985	      1.996	      2.007	      1.959	           	      0.000	    311.500	     70.262	    725.968	      0.008	      0.016	     -0.016	
 2014/05/06	   1.957	   1.957	   1.957	   1.957	           5460	      1.980	      1.992	      2.006	      1.958	           	      0.000	     54.600	     80.982	    641.155	      0.004	      0.013	     -0.018	
 2014/05/07	   1.948	   2.070	   1.948	   2.070	          38420	      1.997	      2.002	      2.013	      1.961	           	      0.000	    384.200	    157.822	    575.671	      0.010	      0.013	     -0.005	
 2014/05/08	   1.949	   2.005	   1.949	   2.005	          57026	      1.998	      2.000	      2.013	      1.962	           	      0.000	    570.260	    264.112	    312.253	      0.010	      0.012	     -0.005	
 2014/05/09	   1.952	   2.005	   1.952	   2.005	            200	      1.999	      1.998	      2.013	      1.962	           	      0.000	      2.000	    264.512	    307.853	      0.009	      0.012	     -0.004	
 2014/05/12	   1.971	   2.083	   1.971	   2.079	           8501	      2.023	      2.004	      2.013	      1.964	           	      0.000	     85.010	    219.214	    144.738	      0.015	      0.012	      0.005	
 2014/05/13	   1.983	   2.020	   1.983	   1.998	           2800	      2.031	      2.006	      2.010	      1.964	           	      0.000	     28.000	    213.894	    147.438	      0.012	      0.012	      0.000	
 2014/05/14	   1.980	   2.006	   1.980	   2.005	          30724	      2.018	      2.007	      2.008	      1.964	           	      0.000	    307.240	    198.502	    178.162	      0.011	      0.012	     -0.002	
 2014/05/15	   1.975	   1.989	   1.964	   1.989	          12700	      2.015	      2.007	      2.006	      1.963	           	      0.000	    127.000	    109.850	    186.981	      0.008	      0.011	     -0.006	
 2014/05/16	   1.957	   1.989	   1.957	   1.989	           8200	      2.012	      2.006	      2.004	      1.963	           	      0.000	     82.000	    125.850	    195.181	      0.006	      0.010	     -0.008	
 2014/05/19	   1.943	   1.979	   1.943	   1.963	          27996	      1.989	      2.006	      2.001	      1.963	           	      0.000	    279.960	    164.840	    192.027	      0.002	      0.009	     -0.012	
 2014/05/20	   1.947	   1.974	   1.947	   1.964	          17048	      1.982	      2.007	      1.999	      1.962	           	      0.000	    170.480	    193.336	    203.615	     -0.000	      0.007	     -0.015	
 2014/05/21	   1.964	   2.099	   1.941	   2.059	          25505	      1.993	      2.006	      2.004	      1.963	           	      0.000	    255.050	    182.898	    190.700	      0.005	      0.006	     -0.003	
 2014/05/22	   1.999	   2.040	   1.999	   2.030	          13000	      2.001	      2.008	      2.004	      1.965	           	      0.000	    130.000	    183.498	    146.674	      0.007	      0.006	      0.000	
 2014/05/23	   2.030	   2.035	   2.029	   2.035	          76300	      2.010	      2.011	      2.005	      1.967	           	      0.000	    763.000	    319.698	    222.774	      0.008	      0.007	      0.003	
 2014/05/26	   1.988	   2.090	   1.987	   2.079	          27408	      2.033	      2.011	      2.008	      1.968	           	      0.000	    274.080	    318.522	    241.681	      0.013	      0.008	      0.010	
 2014/05/27	   2.050	   2.050	   2.000	   2.014	          21350	      2.043	      2.013	      2.009	      1.970	           	      0.000	    213.500	    327.126	    260.231	      0.012	      0.009	      0.005	
 2014/05/28	   1.979	   2.035	   1.979	   2.023	           3900	      2.036	      2.014	      2.011	      1.972	           	      0.000	     39.000	    283.916	    233.407	      0.011	      0.009	      0.003	
 2014/05/29	   1.995	   2.018	   1.995	   2.018	          13420	      2.034	      2.017	      2.012	      1.973	           	      0.000	    134.200	    284.756	    234.127	      0.010	      0.009	      0.001	
 2014/05/30	   2.013	   2.015	   1.983	   2.015	           5499	      2.030	      2.020	      2.013	      1.974	           	      0.000	     54.990	    143.154	    231.426	      0.009	      0.009	     -0.001	
 2014/06/03	   2.021	   2.021	   2.000	   2.000	           1900	      2.014	      2.024	      2.015	      1.976	           	      0.000	     19.000	     92.138	    205.330	      0.006	      0.009	     -0.004	
 2014/06/04	   1.988	   2.000	   1.953	   2.000	          10814	      2.011	      2.027	      2.017	      1.977	           	      0.000	    108.140	     71.066	    199.096	      0.005	      0.008	     -0.006	
 2014/06/05	   1.963	   2.079	   1.963	   2.010	         121508	      2.009	      2.022	      2.014	      1.979	           	      0.000	   1215.080	    306.282	    295.099	      0.004	      0.007	     -0.006	
 2014/06/06	   1.999	   2.012	   1.964	   2.005	          81988	      2.006	      2.020	      2.014	      1.981	           	      0.000	    819.880	    443.418	    364.087	      0.003	      0.006	     -0.007	
 2014/06/09	   1.963	   1.998	   1.963	   1.998	          35300	      2.003	      2.016	      2.014	      1.984	           	      0.000	    353.000	    503.020	    323.087	      0.002	      0.005	     -0.007	
 2014/06/10	   1.981	   2.023	   1.981	   2.022	           6649	      2.007	      2.010	      2.011	      1.987	           	      0.000	     66.490	    512.518	    302.328	      0.002	      0.005	     -0.005	
 2014/06/11	   1.998	   2.018	   1.998	   2.018	           8949	      2.011	      2.011	      2.012	      1.989	           	      0.000	     89.490	    508.788	    289.927	      0.003	      0.004	     -0.003	
 2014/06/12	   1.990	   2.070	   1.990	   2.019	          73158	      2.012	      2.010	      2.013	      1.991	           	      0.000	    731.580	    412.088	    359.185	      0.003	      0.004	     -0.002	
 2014/06/13	   2.014	   2.047	   2.006	   2.047	          40626	      2.021	      2.013	      2.015	      1.994	           	      0.000	    406.260	    329.364	    386.391	      0.005	      0.004	      0.002	
 2014/06/16	   2.023	   2.051	   2.021	   2.034	          51420	      2.028	      2.015	      2.018	      1.997	           	      0.000	    514.200	    361.604	    432.312	      0.006	      0.005	      0.003	
 2014/06/17	   2.008	   2.033	   2.008	   2.033	           4752	      2.030	      2.019	      2.021	      1.999	           	      0.000	     47.520	    357.810	    435.164	      0.007	      0.005	      0.003	
 2014/06/18	   1.990	   2.079	   1.965	   2.045	          92299	      2.036	      2.023	      2.025	      2.002	           	      0.000	    922.990	    524.510	    516.649	      0.008	      0.006	      0.005	
 2014/06/19	   2.009	   2.045	   2.009	   2.020	          10400	      2.036	      2.024	      2.023	      2.004	           	      0.000	    104.000	    398.994	    405.541	      0.007	      0.006	      0.002	
 2014/06/20	   2.045	   2.045	   2.043	   2.043	            200	      2.035	      2.028	      2.024	      2.006	           	      0.000	      2.000	    318.142	    323.753	      0.008	      0.006	      0.003	
 2014/06/23	   2.065	   2.065	   1.966	   2.050	           4748	      2.038	      2.033	      2.025	      2.008	           	      0.000	     47.480	    224.798	    293.201	      0.009	      0.007	      0.004	
 2014/06/24	   2.000	   2.064	   1.977	   2.044	          38644	      2.040	      2.035	      2.023	      2.010	           	      0.000	    386.440	    292.582	    325.196	      0.009	      0.007	      0.004	
 2014/06/25	   2.020	   2.035	   2.000	   2.000	          99175	      2.031	      2.033	      2.022	      2.011	           	      0.000	    991.750	    306.334	    415.422	      0.006	      0.007	     -0.002	
 2014/06/26	   2.050	   2.050	   1.981	   2.015	          47148	      2.030	      2.033	      2.022	      2.012	           	      0.000	    471.480	    379.830	    389.412	      0.004	      0.007	     -0.004	
 2014/06/27	   2.030	   2.030	   1.983	   2.030	          15031	      2.028	      2.031	      2.022	      2.013	           	      0.000	    150.310	    409.492	    363.817	      0.004	      0.006	     -0.003	
 2014/06/30	   2.058	   2.058	   2.002	   2.050	          31383	      2.028	      2.033	      2.024	      2.015	           	      0.000	    313.830	    462.762	    343.780	      0.006	      0.006	     -0.000	
 2014/07/01	   2.027	   2.049	   2.027	   2.049	          21996	      2.029	      2.035	      2.027	      2.016	           	      0.000	    219.960	    429.466	    361.024	      0.007	      0.006	      0.001	
 2014/07/02	   2.040	   2.058	   2.040	   2.058	         105680	      2.040	      2.036	      2.030	      2.018	           	      0.000	   1056.800	    442.476	    374.405	      0.008	      0.007	      0.003	
 2014/07/03	   2.058	   2.088	   2.023	   2.087	          64316	      2.055	      2.043	      2.033	      2.020	           	      0.000	    643.160	    476.812	    428.321	      0.012	      0.008	      0.008	
 2014/07/04	   2.036	   2.055	   2.035	   2.037	          12807	      2.056	      2.042	      2.035	      2.021	           	      0.000	    128.070	    472.364	    440.928	      0.010	      0.008	      0.004	
 2014/07/07	   2.028	   2.050	   2.028	   2.050	            390	      2.056	      2.042	      2.038	      2.022	           	      0.000	      3.900	    410.378	    436.570	      0.010	      0.009	      0.003	
 2014/07/08	   2.050	   2.050	   2.050	   2.050	              0	      2.056	      2.043	      2.039	      2.021	           	      0.000	      0.000	    366.386	    397.926	      0.010	      0.009	      0.002	
 2014/07/09	   2.013	   2.025	   2.013	   2.025	           1200	      2.050	      2.045	      2.039	      2.021	           	      0.000	     12.000	    157.426	    299.951	      0.007	      0.009	     -0.002	
 2014/07/10	   1.993	   2.057	   1.993	   2.057	           5705	      2.044	      2.049	      2.041	      2.021	           	      0.000	     57.050	     40.204	    258.508	      0.008	      0.008	     -0.001	
 2014/07/11	   2.009	   2.048	   2.009	   2.048	           3799	      2.046	      2.051	      2.041	      2.021	           	      0.000	     37.990	     22.188	    247.276	      0.008	      0.008	     -0.001	
 2014/07/14	   2.004	   2.049	   2.004	   2.049	          24771	      2.046	      2.051	      2.042	      2.021	           	      0.000	    247.710	     70.950	    240.664	      0.007	      0.008	     -0.001	
 2014/07/15	   2.051	   2.051	   2.031	   2.031	          23772	      2.042	      2.049	      2.042	      2.021	           	      0.000	    237.720	    118.494	    242.440	      0.006	      0.008	     -0.004	
 2014/07/16	   2.022	   2.050	   2.011	   2.020	          26326	      2.041	      2.045	      2.041	      2.022	           	      0.000	    263.260	    168.746	    163.086	      0.003	      0.007	     -0.007	
 2014/07/17	   2.033	   2.033	   2.033	   2.033	            100	      2.036	      2.040	      2.041	      2.023	           	      0.000	      1.000	    157.536	     98.870	      0.003	      0.006	     -0.007	
 2014/07/18	   2.024	   2.042	   2.024	   2.042	          33600	      2.035	      2.040	      2.041	      2.023	           	      0.000	    336.000	    217.138	    119.663	      0.003	      0.005	     -0.005	
 2014/07/21	   2.042	   2.042	   2.042	   2.042	              0	      2.034	      2.040	      2.041	      2.023	           	      0.000	      0.000	    167.596	    119.273	      0.003	      0.005	     -0.004	
 2014/07/22	   2.042	   2.050	   2.032	   2.040	          72126	      2.035	      2.039	      2.041	      2.024	           	      0.000	    721.260	    264.304	    191.399	      0.003	      0.004	     -0.004	
 2014/07/23	   2.040	   2.043	   2.040	   2.043	          77422	      2.040	      2.040	      2.043	      2.025	           	      0.000	    774.220	    366.496	    267.621	      0.003	      0.004	     -0.003	
 2014/07/24	   2.055	   2.059	   2.033	   2.055	         295761	      2.044	      2.040	      2.045	      2.026	           	      0.000	   2957.610	    957.818	    557.677	      0.004	      0.004	     -0.001	
 2014/07/25	   2.061	   2.110	   2.056	   2.110	         529447	      2.058	      2.046	      2.049	      2.028	           	      0.000	   5294.470	   1949.512	   1083.325	      0.009	      0.005	      0.008	
 2014/07/28	   2.158	   2.158	   2.103	   2.133	         148341	      2.076	      2.055	      2.053	      2.030	           	      0.000	   1483.410	   2246.194	   1206.895	      0.014	      0.007	      0.015	
 2014/07/29	   2.114	   2.147	   2.114	   2.120	         106248	      2.092	      2.064	      2.056	      2.033	           	      0.000	   1062.480	   2314.438	   1289.371	      0.018	      0.009	      0.018	
 2014/07/30	   2.144	   2.155	   2.144	   2.154	         246465	      2.114	      2.077	      2.061	      2.036	           	      0.000	   2464.650	   2652.524	   1509.510	      0.023	      0.012	      0.022	
 2014/07/31	   2.154	   2.190	   2.120	   2.147	          16764	      2.133	      2.089	      2.064	      2.037	           	      0.000	    167.640	   2094.530	   1526.174	      0.026	      0.015	      0.023	
 2014/08/01	   2.139	   2.170	   2.139	   2.150	         105327	      2.141	      2.099	      2.070	      2.040	           	      0.000	   1053.270	   1246.290	   1597.901	      0.028	      0.017	      0.022	
 2014/08/04	   2.123	   2.168	   2.123	   2.168	          40715	      2.148	      2.112	      2.076	      2.042	           	      0.000	    407.150	   1031.038	   1638.616	      0.031	      0.020	      0.023	
 2014/08/05	   2.171	   2.188	   2.162	   2.180	         652794	      2.160	      2.126	      2.082	      2.044	           	      0.000	   6527.940	   2124.130	   2219.284	      0.034	      0.023	      0.023	
 2014/08/06	   2.153	   2.188	   2.153	   2.180	         185857	      2.165	      2.140	      2.090	      2.047	           	      0.000	   1858.570	   2002.914	   2327.719	      0.036	      0.026	      0.021	
 2014/08/07	   2.172	   2.210	   2.137	   2.206	         167785	      2.177	      2.155	      2.098	      2.050	           	      0.000	   1677.850	   2304.956	   2199.743	      0.040	      0.028	      0.022	
 2014/08/08	   2.001	   2.205	   2.001	   2.198	         109410	      2.186	      2.164	      2.105	      2.054	           	      0.000	   1094.100	   2313.122	   1779.706	      0.041	      0.031	      0.020	
 2014/08/11	   2.190	   2.208	   2.141	   2.206	         150661	      2.194	      2.171	      2.113	      2.058	           	      0.000	   1506.610	   2533.014	   1782.026	      0.042	      0.033	      0.018	
 2014/08/12	   2.182	   2.199	   2.155	   2.177	         155366	      2.193	      2.177	      2.120	      2.061	           	      0.000	   1553.660	   1538.158	   1831.144	      0.040	      0.035	      0.011	
 2014/08/13	   2.186	   2.198	   2.163	   2.197	         239823	      2.197	      2.181	      2.129	      2.065	           	      0.000	   2398.230	   1646.090	   1824.502	      0.040	      0.036	      0.009	
 2014/08/14	   2.196	   2.238	   2.166	   2.168	         667257	      2.189	      2.183	      2.136	      2.067	           	      0.000	   6672.570	   2645.034	   2474.995	      0.037	      0.036	      0.002	
 2014/08/15	   2.175	   2.199	   2.175	   2.199	          29500	      2.189	      2.188	      2.144	      2.070	           	      0.000	    295.000	   2485.214	   2399.168	      0.037	      0.036	      0.001	
 2014/08/18	   2.175	   2.200	   2.175	   2.200	          46741	      2.188	      2.191	      2.152	      2.072	           	      0.000	    467.410	   2277.374	   2405.194	      0.036	      0.036	      0.000	
 2014/08/19	   2.192	   2.210	   2.188	   2.188	          25159	      2.190	      2.192	      2.159	      2.074	           	      0.000	    251.590	   2016.960	   1777.559	      0.034	      0.036	     -0.003	
 2014/08/20	   2.200	   2.230	   2.182	   2.228	         193420	      2.197	      2.197	      2.168	      2.078	           	      0.000	   1934.200	   1924.154	   1785.122	      0.036	      0.036	     -0.000	
 2014/08/21	   2.215	   2.222	   2.186	   2.222	          39484	      2.207	      2.198	      2.177	      2.081	           	      0.000	    394.840	    668.608	   1656.821	      0.036	      0.036	      0.000	
 2014/08/22	   2.187	   2.290	   2.187	   2.230	         528045	      2.214	      2.201	      2.183	      2.085	           	      0.000	   5280.450	   1665.698	   2075.456	      0.036	      0.036	      0.001	
 2014/08/25	   2.210	   2.400	   2.200	   2.281	         145314	      2.230	      2.209	      2.190	      2.089	           	      0.000	   1453.140	   1862.844	   2070.109	      0.040	      0.037	      0.007	
 2014/08/26	   2.194	   2.218	   2.190	   2.190	          15717	      2.230	      2.210	      2.193	      2.092	           	      0.000	    157.170	   1843.960	   1930.460	      0.036	      0.037	     -0.002	
 2014/08/27	   2.155	   2.175	   2.155	   2.161	         192435	      2.217	      2.207	      2.194	      2.095	           	      0.000	   1924.350	   1841.990	   1883.072	      0.029	      0.035	     -0.012	
 2014/08/28	   2.184	   2.185	   2.165	   2.165	         169232	      2.205	      2.206	      2.195	      2.097	           	      0.000	   1692.320	   2101.486	   1385.047	      0.024	      0.033	     -0.017	
 2014/08/29	   2.153	   2.200	   2.153	   2.200	         314894	      2.199	      2.207	      2.197	      2.101	           	      0.000	   3148.940	   1675.184	   1670.441	      0.023	      0.031	     -0.016	
 2014/09/01	   2.206	   2.220	   2.200	   2.219	         239100	      2.187	      2.208	      2.200	      2.104	           	      0.000	   2391.000	   1862.756	   1862.800	      0.023	      0.029	     -0.013	
 2014/09/02	   2.220	   2.380	   2.220	   2.350	         310935	      2.219	      2.225	      2.208	      2.110	           	      0.000	   3109.350	   2453.192	   2148.576	      0.033	      0.030	      0.006	
 2014/09/03	   2.350	   2.351	   2.280	   2.282	         126201	      2.243	      2.230	      2.213	      2.114	           	      0.000	   1262.010	   2320.724	   2081.357	      0.036	      0.031	      0.009	
 2014/09/04	   2.330	   2.330	   2.281	   2.330	         130084	      2.276	      2.241	      2.220	      2.119	           	      0.000	   1300.840	   2242.428	   2171.957	      0.041	      0.033	      0.015	
 2014/09/05	   2.300	   2.400	   2.280	   2.395	        6154652	      2.315	      2.257	      2.229	      2.125	           	      0.000	  61546.520	  13921.944	   7798.564	      0.050	      0.037	      0.026	
 2014/09/09	   2.380	   2.395	   2.296	   2.360	        5577320	      2.343	      2.265	      2.237	      2.131	           	      0.000	  55773.199	  24598.383	  13230.570	      0.053	      0.040	      0.027	
 2014/09/10	   2.284	   2.330	   2.284	   2.319	        5107340	      2.337	      2.278	      2.244	      2.135	           	      0.000	  51073.398	  34191.195	  18322.193	      0.052	      0.042	      0.020	
 2014/09/11	   2.325	   2.325	   2.300	   2.301	          51701	      2.341	      2.292	      2.249	      2.140	           	      0.000	    517.010	  34042.195	  18181.459	      0.049	      0.044	      0.011	
 2014/09/12	   2.293	   2.293	   2.293	   2.293	           3832	      2.334	      2.305	      2.256	      2.144	           	      0.000	     38.320	  33789.688	  18016.059	      0.046	      0.044	      0.003	
 2014/09/15	   2.289	   2.314	   2.289	   2.301	         135349	      2.315	      2.315	      2.261	      2.149	           	      0.000	   1353.490	  21751.084	  17836.514	      0.043	      0.044	     -0.002	
 2014/09/16	   2.315	   2.330	   2.293	   2.293	         691080	      2.301	      2.322	      2.265	      2.153	           	      0.000	   6910.800	  11978.604	  18288.494	      0.040	      0.043	     -0.006	
 2014/09/17	   2.269	   2.284	   2.250	   2.274	          69320	      2.292	      2.315	      2.270	      2.156	           	      0.000	    693.200	   1902.564	  18046.879	      0.036	      0.042	     -0.012	
 2014/09/18	   2.245	   2.299	   2.245	   2.257	          13260	      2.284	      2.312	      2.271	      2.161	           	      0.000	    132.600	   1825.682	  17933.938	      0.030	      0.039	     -0.018	
 2014/09/19	   2.279	   2.299	   2.259	   2.299	          67942	      2.285	      2.309	      2.275	      2.165	           	      0.000	    679.420	   1953.902	  17871.795	      0.029	      0.037	     -0.016	
 2014/09/22	   2.242	   2.254	   2.242	   2.245	          34310	      2.274	      2.294	      2.276	      2.169	           	      0.000	    343.100	   1751.824	  11751.454	      0.024	      0.035	     -0.022	
 2014/09/23	   2.245	   2.282	   2.245	   2.270	         541806	      2.269	      2.285	      2.275	      2.173	           	      0.000	   5418.060	   1453.276	   6715.940	      0.021	      0.032	     -0.022	
 2014/09/24	   2.271	   2.300	   2.257	   2.289	         242047	      2.272	      2.282	      2.280	      2.177	           	      0.000	   2420.470	   1798.730	   1850.647	      0.020	      0.030	     -0.019	
 2014/09/25	   2.290	   2.329	   2.290	   2.315	         311239	      2.284	      2.284	      2.288	      2.181	           	      0.000	   3112.390	   2394.688	   2110.185	      0.022	      0.028	     -0.013	
 2014/09/26	   2.308	   2.330	   2.280	   2.329	         431770	      2.290	      2.287	      2.296	      2.185	           	      0.000	   4317.700	   3122.344	   2538.123	      0.023	      0.027	     -0.007	
 2014/09/29	   2.290	   2.390	   2.290	   2.380	         537533	      2.317	      2.295	      2.305	      2.191	           	      0.000	   5375.330	   4128.790	   2940.307	      0.029	      0.027	      0.003	
 2014/09/30	   2.350	   2.350	   2.321	   2.346	          33732	      2.332	      2.300	      2.311	      2.196	           	      0.000	    337.320	   3112.642	   2282.959	      0.030	      0.028	      0.004	
 2014/10/08	   2.325	   2.349	   2.325	   2.345	          50605	      2.343	      2.307	      2.311	      2.201	           	      0.000	    506.050	   2729.758	   2264.244	      0.030	      0.028	      0.004	
 2014/10/09	   2.331	   2.366	   2.325	   2.338	          85059	      2.348	      2.316	      2.314	      2.206	           	      0.000	    850.590	   2277.398	   2336.043	      0.030	      0.029	      0.002	
 2014/10/10	   2.323	   2.340	   2.317	   2.324	          62666	      2.347	      2.318	      2.314	      2.210	           	      0.000	    626.660	   1539.190	   2330.767	      0.028	      0.028	     -0.001	
 2014/10/13	   2.272	   2.319	   2.272	   2.310	          32900	      2.333	      2.325	      2.309	      2.215	           	      0.000	    329.000	    529.924	   2329.357	      0.025	      0.028	     -0.006	
 2014/10/14	   2.309	   2.318	   2.286	   2.289	          34586	      2.321	      2.326	      2.306	      2.219	           	      0.000	    345.860	    531.632	   1822.137	      0.021	      0.026	     -0.011	
 2014/10/15	   2.276	   2.314	   2.276	   2.314	         148112	      2.315	      2.329	      2.306	      2.223	           	      0.000	   1481.120	    726.646	   1728.202	      0.019	      0.025	     -0.012	
 2014/10/16	   2.315	   2.337	   2.306	   2.313	         264328	      2.310	      2.329	      2.306	      2.228	           	      0.000	   2643.280	   1085.184	   1681.291	      0.017	      0.023	     -0.012	
 2014/10/17	   2.309	   2.318	   2.203	   2.291	         134655	      2.303	      2.325	      2.306	      2.233	           	      0.000	   1346.550	   1229.162	   1384.176	      0.014	      0.022	     -0.014	
 2014/10/20	   2.290	   2.338	   2.290	   2.305	          70765	      2.302	      2.317	      2.306	      2.237	           	      0.000	    707.650	   1304.892	    917.408	      0.013	      0.020	     -0.014	
 2014/10/21	   2.301	   2.331	   2.301	   2.301	         149094	      2.305	      2.313	      2.307	      2.241	           	      0.000	   1490.940	   1533.908	   1032.770	      0.011	      0.018	     -0.014	
 2014/10/22	   2.356	   2.356	   2.273	   2.286	          39520	      2.299	      2.307	      2.307	      2.245	           	      0.000	    395.200	   1316.724	   1021.685	      0.009	      0.016	     -0.015	
 2014/10/23	   2.258	   2.258	   2.235	   2.235	           6632	      2.284	      2.297	      2.306	      2.249	           	      0.000	     66.320	    801.332	    943.258	      0.002	      0.013	     -0.022	
 2014/10/24	   2.244	   2.257	   2.234	   2.237	          27264	      2.273	      2.288	      2.303	      2.252	           	      0.000	    272.640	    586.550	    907.856	     -0.002	      0.010	     -0.025	
 2014/10/27	   2.237	   2.238	   2.216	   2.235	          18170	      2.259	      2.281	      2.303	      2.254	           	      0.000	    181.700	    481.360	    893.126	     -0.006	      0.007	     -0.026	
 2014/10/28	   2.235	   2.329	   2.235	   2.269	          96950	      2.252	      2.279	      2.303	      2.256	           	      0.000	    969.500	    377.072	    955.490	     -0.006	      0.004	     -0.021	
 2014/10/29	   2.280	   2.330	   2.280	   2.319	         122746	      2.259	      2.279	      2.304	      2.259	           	      0.000	   1227.460	    543.524	    930.124	     -0.003	      0.003	     -0.011	
 2014/10/30	   2.321	   2.345	   2.319	   2.320	         158482	      2.276	      2.280	      2.304	      2.262	           	      0.000	   1584.820	    847.224	    824.278	      0.001	      0.002	     -0.004	
 2014/10/31	   2.310	   2.358	   2.310	   2.358	          87255	      2.300	      2.286	      2.306	      2.266	           	      0.000	    872.550	    967.206	    776.878	      0.006	      0.003	      0.006	
 2014/11/03	   2.325	   2.359	   2.325	   2.348	         121687	      2.323	      2.291	      2.304	      2.269	           	      0.000	   1216.870	   1174.240	    827.800	      0.009	      0.004	      0.010	
 2014/11/04	   2.321	   2.354	   2.317	   2.346	         118911	      2.338	      2.295	      2.304	      2.272	           	      0.000	   1189.110	   1218.162	    797.617	      0.012	      0.006	      0.012	
 2014/11/05	   2.346	   2.354	   2.328	   2.328	          51544	      2.340	      2.299	      2.303	      2.274	           	      0.000	    515.440	   1075.758	    809.641	      0.012	      0.007	      0.010	
 2014/11/06	   2.328	   2.334	   2.306	   2.334	         134204	      2.343	      2.309	      2.303	      2.277	           	      0.000	   1342.040	   1027.202	    937.213	      0.013	      0.008	      0.009	
 2014/11/07	   2.335	   2.350	   2.333	   2.333	         223114	      2.338	      2.319	      2.304	      2.279	           	      0.000	   2231.140	   1298.920	   1133.063	      0.013	      0.009	      0.008	
 2014/11/10	   2.353	   2.450	   2.324	   2.434	         691161	      2.355	      2.339	      2.310	      2.283	           	      0.000	   6911.610	   2437.868	   1806.054	      0.021	      0.012	      0.019	
 2014/11/11	   2.434	   2.434	   2.386	   2.387	         549900	      2.363	      2.351	      2.315	      2.286	           	      0.000	   5499.000	   3299.846	   2259.004	      0.024	      0.014	      0.019	
 2014/11/12	   2.341	   2.360	   2.341	   2.360	           3700	      2.370	      2.355	      2.317	      2.289	           	      0.000	     37.000	   3204.158	   2139.958	      0.023	      0.016	      0.014	
 2014/11/13	   2.387	   2.400	   2.372	   2.399	          49364	      2.383	      2.363	      2.321	      2.292	           	      0.000	    493.640	   3034.478	   2030.840	      0.025	      0.018	      0.015	
 2014/11/14	   2.360	   2.399	   2.360	   2.394	          60347	      2.395	      2.366	      2.326	      2.296	           	      0.000	    603.470	   2708.944	   2003.932	      0.027	      0.019	      0.014	
 2014/11/17	   2.391	   2.415	   2.390	   2.400	          73254	      2.388	      2.372	      2.331	      2.299	           	      0.000	    732.540	   1473.130	   1955.499	      0.028	      0.021	      0.013	
 2014/11/18	   2.395	   2.400	   2.345	   2.352	          60731	      2.381	      2.372	      2.334	      2.302	           	      0.000	    607.310	    494.792	   1897.319	      0.024	      0.022	      0.005	
 2014/11/19	   2.361	   2.398	   2.361	   2.398	          46783	      2.389	      2.379	      2.339	      2.305	           	      0.000	    467.830	    580.958	   1892.558	      0.025	      0.022	      0.005	
 2014/11/20	   2.352	   2.387	   2.352	   2.387	          14629	      2.386	      2.384	      2.347	      2.308	           	      0.000	    146.290	    511.488	   1772.983	      0.025	      0.023	      0.004	
 2014/11/21	   2.358	   2.404	   2.358	   2.404	         539039	      2.388	      2.391	      2.355	      2.311	           	      0.000	   5390.390	   1468.872	   2088.908	      0.025	      0.023	      0.004	
 2014/11/24	   2.457	   2.550	   2.443	   2.466	         550795	      2.401	      2.395	      2.367	      2.315	           	      0.000	   5507.950	   2423.954	   1948.542	      0.031	      0.025	      0.011	
 2014/11/25	   2.494	   2.510	   2.468	   2.494	          76813	      2.430	      2.405	      2.378	      2.319	           	      0.000	    768.130	   2456.118	   1475.455	      0.036	      0.027	      0.019	
 2014/11/26	   2.487	   2.520	   2.487	   2.504	         621572	      2.451	      2.420	      2.387	      2.324	           	      0.000	   6215.720	   3605.696	   2093.327	      0.042	      0.030	      0.023	
 2014/11/27	   2.513	   2.546	   2.500	   2.545	         371437	      2.483	      2.434	      2.399	      2.330	           	      0.000	   3714.370	   4319.312	   2415.400	      0.048	      0.034	      0.029	
 2014/11/28	   2.539	   2.610	   2.523	   2.547	         586747	      2.511	      2.450	      2.408	      2.337	           	      0.000	   5867.470	   4414.728	   2941.800	      0.053	      0.038	      0.031	
 2014/12/01	   2.551	   2.599	   2.551	   2.560	         135582	      2.530	      2.466	      2.419	      2.343	           	      0.000	   1355.820	   3584.302	   3004.128	      0.057	      0.042	      0.032	
 2014/12/02	   2.559	   2.636	   2.559	   2.636	         374289	      2.558	      2.494	      2.433	      2.350	           	      0.000	   3742.890	   4179.254	   3317.686	      0.066	      0.046	      0.039	
 2014/12/03	   2.649	   2.689	   2.616	   2.660	        1515693	      2.590	      2.520	      2.450	      2.355	           	      0.000	  15156.930	   5967.496	   4786.596	      0.074	      0.052	      0.044	
 2014/12/04	   2.687	   2.780	   2.652	   2.779	        2527651	      2.636	      2.559	      2.472	      2.363	           	      0.000	  25276.510	  10279.924	   7299.618	      0.089	      0.059	      0.059	
 2014/12/05	   2.771	   2.850	   2.502	   2.655	         600279	      2.658	      2.585	      2.488	      2.368	           	      0.000	   6002.790	  10306.988	   7360.858	      0.090	      0.066	      0.049	
 2014/12/08	   2.664	   2.921	   2.654	   2.921	        1223964	      2.730	      2.630	      2.512	      2.377	           	      0.000	  12239.640	  12483.752	   8034.027	      0.111	      0.075	      0.072	
 2014/12/09	   2.919	   2.986	   2.750	   2.860	        1732514	      2.775	      2.667	      2.536	      2.386	           	      0.000	  17325.141	  15200.202	   9689.728	      0.121	      0.084	      0.074	
 2014/12/10	   2.693	   2.899	   2.693	   2.848	         553328	      2.813	      2.701	      2.560	      2.394	           	      0.000	   5533.280	  13275.472	   9621.484	      0.127	      0.092	      0.068	
 2014/12/11	   2.850	   2.866	   2.768	   2.811	        2563584	      2.819	      2.728	      2.581	      2.403	           	      0.000	  25635.840	  13347.338	  11813.631	      0.127	      0.099	      0.055	
 2014/12/12	   2.812	   2.899	   2.812	   2.860	        3191087	      2.860	      2.759	      2.604	      2.412	           	      0.000	  31910.869	  18528.953	  14417.971	      0.129	      0.105	      0.048	
 2014/12/15	   2.846	   2.895	   2.838	   2.895	        1313084	      2.855	      2.793	      2.629	      2.422	           	      0.000	  13130.840	  18707.193	  15595.473	      0.132	      0.111	      0.043	
 2014/12/16	   2.895	   2.910	   2.870	   2.900	        1541179	      2.863	      2.819	      2.657	      2.432	           	      0.000	  15411.790	  18324.523	  16762.363	      0.134	      0.115	      0.037	
 2014/12/17	   2.910	   2.940	   2.859	   2.900	        1541785	      2.873	      2.843	      2.682	      2.443	           	      0.000	  15417.850	  20301.438	  16788.455	      0.133	      0.119	      0.029	
 2014/12/18	   2.900	   2.930	   2.702	   2.900	        2090177	      2.891	      2.855	      2.707	      2.453	           	      0.000	  20901.770	  19354.623	  16350.980	      0.132	      0.121	      0.020	
 2014/12/19	   2.898	   2.931	   2.809	   2.910	        6291367	      2.901	      2.881	      2.733	      2.464	           	      0.000	  62913.672	  25555.184	  22042.068	      0.129	      0.123	      0.013	
 2014/12/22	   2.899	   2.934	   2.899	   2.910	         746420	      2.904	      2.879	      2.755	      2.475	           	      0.000	   7464.200	  24421.855	  21564.525	      0.126	      0.124	      0.005	
 2014/12/23	   2.810	   2.909	   2.810	   2.842	        1990667	      2.892	      2.878	      2.772	      2.484	           	      0.000	  19906.670	  25320.832	  21822.678	      0.117	      0.122	     -0.011	
 2014/12/24	   2.842	   2.842	   2.725	   2.800	        1323564	      2.872	      2.873	      2.787	      2.493	           	      0.000	  13235.640	  24884.391	  22592.914	      0.105	      0.119	     -0.028	
 2014/12/25	   2.812	   2.870	   2.810	   2.870	        1323366	      2.866	      2.879	      2.803	      2.502	           	      0.000	  13233.660	  23350.768	  21352.695	      0.100	      0.115	     -0.030	
 2014/12/26	   2.865	   2.942	   2.862	   2.920	        1511157	      2.868	      2.885	      2.822	      2.512	           	      0.000	  15111.570	  13790.348	  19672.766	      0.099	      0.112	     -0.026	
 2014/12/29	   2.925	   2.978	   2.907	   2.925	        1721888	      2.871	      2.888	      2.840	      2.521	           	      0.000	  17218.881	  15741.284	  20081.570	      0.097	      0.109	     -0.023	
 2014/12/30	   2.979	   2.979	   2.900	   2.909	        1835000	      2.885	      2.889	      2.854	      2.530	           	      0.000	  18350.000	  15429.950	  20375.391	      0.094	      0.106	     -0.024	
 2014/12/31	   2.909	   2.962	   2.902	   2.961	        1090132	      2.917	      2.895	      2.869	      2.541	           	      0.000	  10901.320	  14963.086	  19923.738	      0.094	      0.104	     -0.019	
 2015/01/05	   2.955	   3.110	   2.955	   3.098	         492136	      2.963	      2.914	      2.885	      2.553	           	      0.000	   4921.360	  13300.626	  18325.697	      0.104	      0.104	      0.001	
 2015/01/06	   3.088	   3.130	   3.070	   3.105	        6473931	      3.000	      2.934	      2.907	      2.566	           	      0.000	  64739.309	  23226.174	  18508.262	      0.111	      0.105	      0.012	
 2015/01/07	   3.080	   3.113	   3.080	   3.090	        1318463	      3.033	      2.952	      2.916	      2.579	           	      0.000	  13184.630	  22419.324	  19080.305	      0.114	      0.107	      0.015	
 2015/01/08	   3.088	   3.111	   3.043	   3.095	        1858796	      3.070	      2.977	      2.927	      2.593	           	      0.000	  18587.961	  22466.916	  18948.434	      0.116	      0.109	      0.015	
 2015/01/09	   3.052	   3.135	   3.052	   3.124	        1765329	      3.102	      3.010	      2.941	      2.606	           	      0.000	  17653.289	  23817.311	  19390.197	      0.118	      0.111	      0.015	
 2015/01/12	   3.058	   3.149	   3.001	   3.015	         611080	      3.086	      3.024	      2.951	      2.618	           	      0.000	   6110.800	  24055.197	  18677.912	      0.110	      0.111	     -0.001	
 2015/01/13	   3.017	   3.098	   2.858	   3.049	        1142810	      3.075	      3.037	      2.961	      2.631	           	      0.000	  11428.100	  13392.956	  18309.564	      0.105	      0.109	     -0.009	
 2015/01/14	   3.030	   3.091	   2.901	   3.034	         211410	      3.063	      3.048	      2.968	      2.643	           	      0.000	   2114.100	  11178.850	  16799.086	      0.099	      0.107	     -0.017	
 2015/01/15	   3.039	   3.102	   3.039	   3.102	         771336	      3.065	      3.067	      2.978	      2.656	           	      0.000	   7713.360	   9003.930	  15735.423	      0.098	      0.105	     -0.015	
 2015/01/16	   3.128	   3.198	   3.116	   3.183	         851552	      3.077	      3.089	      2.992	      2.671	           	      0.000	   8515.520	   7176.376	  15496.843	      0.103	      0.105	     -0.004	
 2015/01/19	   3.171	   3.171	   2.900	   2.900	         452497	      3.054	      3.070	      2.992	      2.682	           	      0.000	   4524.970	   6859.210	  15457.204	      0.083	      0.101	     -0.035	
 2015/01/20	   2.990	   3.150	   2.950	   3.050	        3415525	      3.054	      3.064	      2.999	      2.696	           	      0.000	  34155.250	  11404.640	  12398.798	      0.078	      0.096	     -0.036	
 2015/01/21	   3.098	   3.151	   3.054	   3.151	         502707	      3.077	      3.070	      3.011	      2.711	           	      0.000	   5027.070	  11987.234	  11583.042	      0.082	      0.093	     -0.023	
 2015/01/22	   3.147	   3.170	   3.076	   3.168	         222724	      3.090	      3.078	      3.027	      2.726	           	      0.000	   2227.240	  10890.010	   9946.970	      0.085	      0.092	     -0.013	
 2015/01/23	   3.168	   3.190	   3.110	   3.165	        1310150	      3.087	      3.082	      3.046	      2.740	           	      0.000	  13101.500	  11807.206	   9491.791	      0.086	      0.091	     -0.008	
 2015/01/26	   3.160	   3.196	   3.150	   3.191	        1228135	      3.145	      3.099	      3.062	      2.754	           	      0.000	  12281.350	  13358.481	  10108.846	      0.088	      0.090	     -0.003	
 2015/01/27	   3.200	   3.230	   3.132	   3.200	        1087438	      3.175	      3.114	      3.076	      2.769	           	      0.000	  10874.380	   8702.308	  10053.474	      0.090	      0.090	     -0.001	
 2015/01/28	   3.152	   3.200	   3.152	   3.161	         113566	      3.177	      3.127	      3.088	      2.782	           	      0.000	   1135.660	   7924.026	   9955.630	      0.087	      0.089	     -0.005	
 2015/01/29	   3.198	   3.198	   3.116	   3.174	        2354328	      3.178	      3.134	      3.101	      2.796	           	      0.000	  23543.279	  12187.233	  11538.622	      0.084	      0.088	     -0.008	
 2015/01/30	   3.135	   3.199	   3.102	   3.103	         537446	      3.166	      3.126	      3.108	      2.809	           	      0.000	   5374.460	  10641.826	  11224.516	      0.076	      0.086	     -0.020	
 2015/02/02	   3.098	   3.098	   3.015	   3.044	         203620	      3.136	      3.141	      3.105	      2.821	           	      0.000	   2036.200	   8592.796	  10975.639	      0.064	      0.081	     -0.036	
 2015/02/03	   3.039	   3.124	   3.039	   3.095	         538500	      3.115	      3.145	      3.105	      2.833	           	      0.000	   5385.000	   7494.920	   8098.614	      0.057	      0.077	     -0.038	
 2015/02/04	   3.107	   3.138	   2.927	   3.079	        1069356	      3.099	      3.138	      3.104	      2.844	           	      0.000	  10693.560	   9406.500	   8665.263	      0.051	      0.071	     -0.042	
 2015/02/05	   3.093	   3.124	   3.058	   3.058	         595906	      3.076	      3.127	      3.102	      2.855	           	      0.000	   5959.060	   5889.656	   9038.445	      0.043	      0.066	     -0.045	
 2015/02/06	   3.042	   3.050	   3.000	   3.013	          57672	      3.058	      3.112	      3.097	      2.866	           	      0.000	    576.720	   4930.108	   7785.967	      0.033	      0.059	     -0.052	
 2015/02/09	   3.009	   3.314	   3.000	   3.098	          49800	      3.069	      3.102	      3.101	      2.878	           	      0.000	    498.000	   4622.468	   6607.632	      0.032	      0.054	     -0.044	
 2015/02/10	   2.940	   3.098	   2.940	   3.045	         550916	      3.059	      3.087	      3.101	      2.889	           	      0.000	   5509.160	   4647.300	   6071.110	      0.026	      0.048	     -0.045	
 2015/02/11	   3.118	   3.118	   3.000	   3.080	          47500	      3.059	      3.079	      3.103	      2.900	           	      0.000	    475.000	   2603.588	   6005.044	      0.024	      0.043	     -0.039	
 2015/02/12	   3.079	   3.141	   3.079	   3.126	         580678	      3.072	      3.074	      3.104	      2.913	           	      0.000	   5806.780	   2573.132	   4231.394	      0.026	      0.040	     -0.028	
 2015/02/13	   3.153	   3.184	   3.140	   3.163	         150294	      3.102	      3.080	      3.103	      2.926	           	      0.000	   1502.940	   2758.376	   3844.242	      0.030	      0.038	     -0.016	
 2015/02/16	   3.141	   3.209	   3.141	   3.192	         119493	      3.121	      3.095	      3.118	      2.939	           	      0.000	   1194.930	   2897.762	   3760.115	      0.035	      0.037	     -0.004	
 2015/02/17	   3.227	   3.227	   3.203	   3.219	          84047	      3.156	      3.107	      3.126	      2.953	           	      0.000	    840.470	   1964.024	   3305.662	      0.041	      0.038	      0.006	
 2015/02/25	   3.208	   3.228	   3.155	   3.185	         143458	      3.177	      3.118	      3.128	      2.965	           	      0.000	   1434.580	   2155.940	   2379.764	      0.042	      0.039	      0.007	
 2015/02/26	   3.180	   3.277	   3.173	   3.277	        1108858	      3.207	      3.140	      3.133	      2.978	           	      0.000	  11088.580	   3212.300	   2892.716	      0.050	      0.041	      0.018	
 2015/02/27	   3.281	   3.281	   3.228	   3.270	        1978700	      3.229	      3.165	      3.139	      2.990	           	      0.000	  19787.000	   6869.112	   4813.744	      0.055	      0.044	      0.023	
 2015/03/02	   3.250	   3.285	   3.250	   3.280	          94535	      3.246	      3.184	      3.143	      3.003	           	      0.000	    945.350	   6819.196	   4858.479	      0.059	      0.047	      0.025	
 2015/03/03	   3.255	   3.270	   3.238	   3.238	        1265433	      3.250	      3.203	      3.145	      3.014	           	      0.000	  12654.330	   9181.968	   5572.996	      0.059	      0.049	      0.019	
 2015/03/04	   3.238	   3.251	   3.234	   3.251	         122760	      3.263	      3.220	      3.149	      3.026	           	      0.000	   1227.600	   9140.572	   5648.256	      0.058	      0.051	      0.014	
 2015/03/05	   3.270	   3.270	   3.215	   3.245	         527709	      3.257	      3.232	      3.153	      3.036	           	      0.000	   5277.090	   7978.274	   5595.287	      0.057	      0.052	      0.009	
 2015/03/06	   3.239	   3.270	   3.213	   3.249	          33000	      3.253	      3.241	      3.160	      3.046	           	      0.000	    330.000	   4086.874	   5477.993	      0.056	      0.053	      0.005	
 2015/03/09	   3.193	   3.248	   3.190	   3.242	          47762	      3.245	      3.246	      3.170	      3.053	           	      0.000	    477.620	   3993.328	   5406.262	      0.053	      0.053	      0.001	
 2015/03/10	   3.241	   3.275	   3.241	   3.273	         371290	      3.252	      3.251	      3.179	      3.064	           	      0.000	   3712.900	   2205.042	   5693.505	      0.054	      0.053	      0.001	
 2015/03/11	   3.300	   3.300	   3.262	   3.265	         535394	      3.255	      3.259	      3.188	      3.069	           	      0.000	   5353.940	   3030.310	   6085.441	      0.052	      0.053	     -0.001	
 2015/03/12	   3.257	   3.310	   3.256	   3.290	        1978264	      3.264	      3.260	      3.200	      3.077	           	      0.000	  19782.641	   5931.420	   6954.847	      0.053	      0.053	     -0.000	
 2015/03/13	   3.301	   3.330	   3.292	   3.300	         516305	      3.274	      3.263	      3.214	      3.084	           	      0.000	   5163.050	   6898.030	   5492.452	      0.053	      0.053	      0.001	
 2015/03/16	   3.323	   3.598	   3.316	   3.495	        1807017	      3.325	      3.285	      3.234	      3.096	           	      0.000	  18070.170	  10416.540	   7204.934	      0.069	      0.056	      0.025	
 2015/03/17	   3.491	   3.493	   3.384	   3.400	         151132	      3.350	      3.301	      3.252	      3.105	           	      0.000	   1511.320	   9976.224	   6090.633	      0.072	      0.059	      0.026	
 2015/03/18	   3.420	   3.510	   3.420	   3.510	         307592	      3.399	      3.327	      3.273	      3.115	           	      0.000	   3075.920	   9520.620	   6275.465	      0.083	      0.064	      0.038	
 2015/03/19	   3.500	   3.600	   3.490	   3.577	        2697863	      3.456	      3.360	      3.296	      3.126	           	      0.000	  26978.631	  10959.818	   8445.619	      0.096	      0.071	      0.051	
 2015/03/20	   3.613	   3.613	   3.524	   3.579	         682536	      3.512	      3.393	      3.317	      3.137	           	      0.000	   6825.360	  11292.280	   9095.155	      0.105	      0.078	      0.056	
 2015/03/23	   3.638	   3.650	   3.579	   3.625	         238541	      3.538	      3.431	      3.339	      3.149	           	      0.000	   2385.410	   8155.328	   9285.934	      0.115	      0.085	      0.060	
 2015/03/24	   3.640	   3.667	   3.501	   3.642	         248229	      3.587	      3.468	      3.360	      3.162	           	      0.000	   2482.290	   8349.522	   9162.873	      0.123	      0.093	      0.060	
 2015/03/25	   3.653	   3.669	   3.600	   3.643	        1649760	      3.613	      3.506	      3.383	      3.174	           	      0.000	  16497.600	  11033.858	  10277.239	      0.127	      0.100	      0.056	
 2015/03/26	   3.646	   3.675	   3.600	   3.621	        1055292	      3.622	      3.539	      3.400	      3.187	           	      0.000	  10552.920	   7748.716	   9354.267	      0.128	      0.105	      0.045	
 2015/03/27	   3.621	   3.677	   3.600	   3.665	        1024956	      3.639	      3.576	      3.419	      3.201	           	      0.000	  10249.560	   8433.556	   9862.918	      0.130	      0.110	      0.040	
 2015/03/30	   3.670	   3.788	   3.670	   3.750	         604241	      3.664	      3.601	      3.443	      3.216	           	      0.000	   6042.410	   9164.956	   8660.142	      0.137	      0.116	      0.043	
 2015/03/31	   3.750	   3.900	   3.750	   3.750	         209977	      3.686	      3.636	      3.469	      3.230	           	      0.000	   2099.770	   9088.452	   8718.987	      0.141	      0.121	      0.041	
 2015/04/01	   3.752	   3.800	   3.704	   3.780	        4244974	      3.713	      3.663	      3.495	      3.244	           	      0.000	  42449.738	  14278.880	  12656.369	      0.145	      0.126	      0.039	
 2015/04/02	   3.892	   3.892	   3.751	   3.874	        1308974	      3.764	      3.693	      3.526	      3.260	           	      0.000	  13089.740	  14786.244	  11267.479	      0.154	      0.131	      0.046	
 2015/04/03	   3.870	   3.874	   3.790	   3.865	         677439	      3.804	      3.721	      3.557	      3.275	           	      0.000	   6774.390	  14091.210	  11262.383	      0.159	      0.137	      0.044	
 2015/04/07	   3.882	   3.980	   3.843	   3.980	        1213694	      3.850	      3.757	      3.594	      3.290	           	      0.000	  12136.940	  15310.116	  12237.536	      0.170	      0.143	      0.053	
 2015/04/08	   3.980	   3.998	   3.900	   3.996	         558917	      3.899	      3.792	      3.630	      3.305	           	      0.000	   5589.170	  16007.996	  12548.224	      0.178	      0.150	      0.055	
 2015/04/09	   3.997	   3.997	   3.848	   3.982	        1109664	      3.939	      3.826	      3.666	      3.320	           	      0.000	  11096.640	   9737.376	  12008.128	      0.181	      0.156	      0.049	
 2015/04/10	   3.903	   4.150	   3.903	   4.150	         638033	      3.995	      3.879	      3.709	      3.337	           	      0.000	   6380.330	   8395.494	  11590.869	      0.194	      0.164	      0.061	
 2015/04/13	   4.150	   4.338	   4.140	   4.152	         225150	      4.052	      3.928	      3.752	      3.354	           	      0.000	   2251.500	   7490.916	  10791.063	      0.203	      0.172	      0.063	
 2015/04/14	   4.280	   4.345	   4.056	   4.189	         205878	      4.094	      3.972	      3.786	      3.374	           	      0.000	   2058.780	   5475.284	  10392.700	      0.210	      0.179	      0.062	
 2015/04/15	   4.002	   4.165	   4.002	   4.046	        1670214	      4.104	      4.001	      3.819	      3.391	           	      0.000	  16702.141	   7697.878	  11852.937	      0.203	      0.184	      0.037	
 2015/04/16	   3.904	   4.181	   3.904	   4.110	         636671	      4.129	      4.034	      3.849	      3.408	           	      0.000	   6366.710	   6751.892	   8244.634	      0.199	      0.187	      0.024	
 2015/04/17	   4.110	   4.280	   4.110	   4.275	        1717434	      4.154	      4.075	      3.884	      3.428	           	      0.000	  17174.340	   8910.694	   8653.094	      0.207	      0.191	      0.032	
 2015/04/20	   4.273	   4.408	   4.157	   4.188	        1073599	      4.162	      4.107	      3.914	      3.445	           	      0.000	  10735.990	  10607.592	   9049.254	      0.204	      0.194	      0.021	
 2015/04/21	   4.189	   4.289	   4.033	   4.165	         289781	      4.157	      4.125	      3.941	      3.466	           	      0.000	   2897.810	  10775.398	   8125.341	      0.198	      0.195	      0.007	
 2015/04/22	   4.246	   4.379	   4.170	   4.343	        2193379	      4.216	      4.160	      3.976	      3.487	           	      0.000	  21933.789	  11821.728	   9759.803	      0.205	      0.197	      0.016	
 2015/04/23	   4.343	   4.451	   4.343	   4.450	       12346967	      4.284	      4.207	      4.017	      3.509	           	      0.000	 123469.672	  35242.320	  20997.105	      0.217	      0.201	      0.032	
 2015/04/24	   4.448	   4.470	   4.300	   4.470	         270979	      4.323	      4.239	      4.059	      3.531	           	      0.000	   2709.790	  32349.410	  20630.053	      0.225	      0.205	      0.039	
 2015/04/27	   4.464	   4.560	   4.464	   4.559	         544966	      4.397	      4.280	      4.104	      3.554	           	      0.000	   5449.660	  31292.145	  20949.869	      0.236	      0.212	      0.048	
 2015/04/28	   4.522	   4.522	   4.400	   4.460	        1505481	      4.456	      4.307	      4.139	      3.575	           	      0.000	  15054.810	  33723.543	  22249.471	      0.234	      0.216	      0.036	
 2015/04/29	   4.454	   4.906	   4.251	   4.487	       67661624	      4.485	      4.351	      4.176	      3.597	           	      0.000	 676616.250	 164660.031	  88240.883	      0.232	      0.219	      0.025	
 2015/04/30	   4.469	   4.590	   4.469	   4.491	        1761513	      4.493	      4.389	      4.212	      3.619	           	      0.000	  17615.131	 143489.125	  89365.727	      0.228	      0.221	      0.014	
 2015/05/04	   4.492	   4.526	   4.321	   4.487	        3272273	      4.497	      4.410	      4.242	      3.641	           	      0.000	  32722.730	 149491.719	  90920.563	      0.222	      0.221	      0.001	
 2015/05/05	   4.499	   4.499	   4.384	   4.384	        4184561	      4.462	      4.430	      4.268	      3.662	           	      0.000	  41845.609	 156770.906	  94031.523	      0.206	      0.218	     -0.024	
 2015/05/06	   4.380	   4.466	   4.302	   4.303	        5131024	      4.430	      4.443	      4.284	      3.683	           	      0.000	  51310.238	 164021.984	  98872.766	      0.185	      0.212	     -0.052	
 2015/05/07	   4.238	   4.420	   4.150	   4.155	        6238162	      4.364	      4.425	      4.292	      3.701	           	      0.000	  62381.621	  41175.066	 102917.555	      0.155	      0.200	     -0.090	
 2015/05/08	   4.200	   4.297	   4.183	   4.288	         353900	      4.323	      4.408	      4.308	      3.721	           	      0.000	   3539.000	  38359.840	  90924.484	      0.140	      0.188	     -0.096	
 2015/05/11	   4.333	   4.521	   4.203	   4.446	        1198511	      4.315	      4.406	      4.322	      3.744	           	      0.000	  11985.110	  34212.316	  91852.016	      0.140	      0.179	     -0.078	
 2015/05/12	   4.437	   4.548	   4.410	   4.539	         257591	      4.346	      4.404	      4.342	      3.769	           	      0.000	   2575.910	  26358.375	  91564.641	      0.145	      0.172	     -0.054	
 2015/05/13	   4.410	   4.600	   4.410	   4.482	       14808706	      4.382	      4.406	      4.356	      3.792	           	      0.000	 148087.063	  45713.742	 104867.867	      0.143	      0.166	     -0.046	
 2015/05/14	   4.490	   4.538	   4.459	   4.498	       12201351	      4.451	      4.407	      4.379	      3.817	           	      0.000	 122013.508	  57640.117	  49407.594	      0.141	      0.161	     -0.040	
 2015/05/15	   4.428	   4.480	   4.303	   4.479	       19589742	      4.489	      4.406	      4.397	      3.840	           	      0.000	 195897.422	  96111.805	  67235.820	      0.136	      0.156	     -0.040	
 2015/05/18	   4.479	   4.479	   4.308	   4.387	       23939550	      4.477	      4.396	      4.403	      3.861	           	      0.000	 239395.500	 141593.875	  87903.102	      0.124	      0.150	     -0.052	
 2015/05/19	   4.331	   4.525	   4.331	   4.397	        8275737	      4.449	      4.397	      4.413	      3.882	           	      0.000	  82757.367	 157630.172	  91994.273	      0.113	      0.142	     -0.058	
 2015/05/20	   4.520	   4.697	   4.226	   4.532	       17727520	      4.459	      4.420	      4.432	      3.904	           	      0.000	 177275.203	 163467.797	 104590.773	      0.115	      0.137	     -0.044	
 2015/05/21	   4.535	   4.710	   4.535	   4.703	        9209516	      4.500	      4.475	      4.450	      3.929	           	      0.000	  92095.156	 157484.125	 107562.125	      0.128	      0.135	     -0.014	
 2015/05/22	   4.698	   4.774	   4.670	   4.708	        6574316	      4.545	      4.517	      4.463	      3.954	           	      0.000	  65743.156	 131453.281	 113782.539	      0.137	      0.135	      0.004	
 2015/05/25	   4.760	   5.179	   4.705	   5.089	        6677553	      4.686	      4.581	      4.494	      3.984	           	      0.000	  66775.531	  96929.281	 119261.578	      0.174	      0.143	      0.061	
 2015/05/26	   5.086	   5.086	   4.910	   4.998	       12496056	      4.806	      4.627	      4.516	      4.013	           	      0.000	 124960.563	 105369.922	 131500.047	      0.193	      0.153	      0.079	
 2015/05/27	   4.954	   5.100	   4.954	   5.000	       22367840	      4.900	      4.679	      4.543	      4.042	           	      0.000	 223678.406	 114650.563	 139059.188	      0.206	      0.163	      0.084	
 2015/05/28	   5.001	   5.098	   4.851	   4.900	        3519672	      4.939	      4.719	      4.563	      4.069	           	      0.000	  35196.719	 103270.875	 130377.500	      0.205	      0.172	      0.067	
 2015/05/29	   4.889	   4.889	   4.467	   4.830	       33587200	      4.963	      4.754	      4.580	      4.096	           	      0.000	 335872.000	 157296.641	 144374.953	      0.197	      0.177	      0.041	
 2015/06/01	   4.799	   5.050	   4.799	   5.049	        1299129	      4.955	      4.821	      4.608	      4.126	           	      0.000	  12991.290	 146539.797	 121734.539	      0.206	      0.183	      0.047	
 2015/06/02	   4.900	   5.175	   4.900	   5.170	        1710159	      4.990	      4.898	      4.648	      4.158	           	      0.000	  17101.590	 124968.000	 115168.961	      0.221	      0.190	      0.060	
 2015/06/03	   5.170	   5.170	   5.000	   5.053	       16946450	      5.000	      4.950	      4.685	      4.188	           	      0.000	 169464.500	 114125.219	 114387.891	      0.220	      0.196	      0.047	
 2015/06/04	   5.054	   5.200	   4.880	   5.149	        7745940	      5.050	      4.995	      4.735	      4.219	           	      0.000	  77459.398	 122577.758	 112924.313	      0.225	      0.202	      0.045	
 2015/06/05	   5.148	   5.300	   5.030	   5.199	       40157104	      5.124	      5.044	      4.780	      4.251	           	      0.000	 401571.031	 135717.563	 146507.109	      0.230	      0.207	      0.044	
 2015/06/08	   5.157	   5.302	   5.064	   5.220	       14207691	      5.158	      5.057	      4.819	      4.284	           	      0.000	 142076.906	 161534.688	 154037.234	      0.233	      0.212	      0.040	
 2015/06/09	   5.220	   5.220	   5.000	   5.194	       14130279	      5.163	      5.076	      4.852	      4.315	           	      0.000	 141302.797	 186374.922	 155671.469	      0.230	      0.216	      0.028	
 2015/06/10	   5.010	   5.228	   5.010	   5.228	        7170023	      5.198	      5.099	      4.889	      4.344	           	      0.000	  71700.227	 166822.078	 140473.641	      0.228	      0.219	      0.020	
 2015/06/11	   5.143	   5.197	   5.143	   5.195	        9108005	      5.207	      5.129	      4.924	      4.374	           	      0.000	  91080.047	 169546.203	 146061.984	      0.222	      0.219	      0.005	
 2015/06/12	   5.194	   5.228	   5.105	   5.200	        1668385	      5.207	      5.166	      4.960	      4.402	           	      0.000	  16683.850	  92568.766	 114143.164	      0.215	      0.218	     -0.007	
 2015/06/15	   5.200	   5.360	   5.151	   5.222	        4755230	      5.208	      5.183	      5.002	      4.430	           	      0.000	  47552.301	  73663.844	 117599.266	      0.208	      0.216	     -0.016	
 2015/06/16	   5.222	   5.222	   4.805	   5.025	        6939600	      5.174	      5.168	      5.033	      4.454	           	      0.000	  69396.000	  59282.484	 122828.703	      0.185	      0.210	     -0.050	
 2015/06/17	   4.877	   5.200	   4.840	   5.000	        8330093	      5.128	      5.163	      5.057	      4.477	           	      0.000	  83300.930	  61602.625	 114212.352	      0.163	      0.201	     -0.075	
 2015/06/18	   4.900	   5.042	   4.871	   4.899	        4561083	      5.069	      5.138	      5.066	      4.497	           	      0.000	  45610.828	  52508.781	 111027.492	      0.135	      0.188	     -0.104	
 2015/06/19	   4.860	   4.948	   4.600	   4.799	        6382101	      4.989	      5.098	      5.071	      4.517	           	      0.000	  63821.012	  61936.215	  77252.492	      0.105	      0.171	     -0.133	
 2015/06/23	   4.561	   4.770	   4.358	   4.753	       11944037	      4.895	      5.051	      5.054	      4.536	           	      0.000	 119440.367	  76313.828	  74988.836	      0.075	      0.152	     -0.153	
 2015/06/24	   4.730	   4.799	   4.600	   4.779	        6229668	      4.846	      5.010	      5.043	      4.554	           	      0.000	  62296.680	  74893.961	  67088.227	      0.054	      0.132	     -0.157	
 2015/06/25	   4.602	   4.790	   4.500	   4.750	        4585577	      4.796	      4.962	      5.031	      4.571	           	      0.000	  45855.770	  67404.930	  64503.777	      0.034	      0.113	     -0.157	
 2015/06/26	   4.371	   4.735	   4.300	   4.300	        9156252	      4.676	      4.873	      5.001	      4.580	           	      0.000	  91562.523	  76595.273	  64552.027	     -0.018	      0.087	     -0.209	
 2015/06/29	   4.199	   4.350	   3.870	   3.910	        8235062	      4.498	      4.744	      4.955	      4.582	           	      0.000	  82350.617	  80301.188	  71118.703	     -0.089	      0.051	     -0.281	
 2015/06/30	   4.000	   4.301	   3.677	   4.292	       11773305	      4.406	      4.651	      4.917	      4.589	           	      0.000	 117733.047	  79959.727	  78136.781	     -0.114	      0.018	     -0.264	
 2015/07/01	   4.292	   4.570	   4.150	   4.200	        9464864	      4.290	      4.568	      4.868	      4.595	           	      0.000	  94648.641	  86430.117	  80662.039	     -0.139	     -0.013	     -0.252	
 2015/07/02	   4.200	   4.314	   3.820	   4.000	        7765501	      4.140	      4.468	      4.816	      4.595	           	      0.000	  77655.008	  92789.969	  80097.453	     -0.173	     -0.045	     -0.256	
 2015/07/03	   3.850	   3.995	   3.600	   3.670	        9313428	      4.014	      4.345	      4.742	      4.590	           	      0.000	  93134.281	  93104.320	  84849.797	     -0.224	     -0.081	     -0.287	
 2015/07/06	   4.024	   4.037	   3.775	   3.959	        7594609	      4.024	      4.261	      4.680	      4.589	           	      0.000	  75946.094	  91823.414	  86062.305	     -0.239	     -0.113	     -0.252	
 2015/07/07	   3.969	   4.200	   3.651	   3.665	        4915477	      3.899	      4.153	      4.602	      4.581	           	      0.000	  49154.770	  78107.758	  79033.742	     -0.271	     -0.144	     -0.253	
 2015/07/08	   3.326	   4.032	   3.299	   3.304	        1630267	      3.720	      4.005	      4.508	      4.567	           	      0.000	  16302.670	  62438.563	  74434.344	     -0.322	     -0.180	     -0.284	
 2015/07/09	   3.014	   3.634	   3.014	   3.634	        2713222	      3.646	      3.893	      4.428	      4.558	           	      0.000	  27132.221	  52334.008	  72561.984	     -0.331	     -0.210	     -0.243	
 2015/07/10	   3.863	   3.997	   3.761	   3.997	         989216	      3.712	      3.863	      4.368	      4.557	           	      0.000	   9892.160	  35685.582	  64394.949	     -0.306	     -0.229	     -0.154	
 2015/07/13	   4.389	   4.389	   4.031	   4.349	        1439961	      3.790	      3.907	      4.325	      4.561	           	      0.000	  14399.610	  23376.285	  57599.852	     -0.255	     -0.235	     -0.041	
 2015/07/14	   4.500	   4.500	   4.120	   4.126	        1037655	      3.882	      3.890	      4.271	      4.558	           	      0.000	  10376.550	  15620.643	  46864.199	     -0.230	     -0.234	      0.007	
 2015/07/15	   4.185	   4.185	   3.822	   3.822	         270000	      3.986	      3.853	      4.210	      4.552	           	      0.000	   2700.000	  12900.108	  37669.336	     -0.232	     -0.233	      0.003	
 2015/07/16	   3.596	   3.910	   3.596	   3.880	       10601847	      4.035	      3.841	      4.154	      4.548	           	      0.000	 106018.469	  28677.357	  40505.684	     -0.226	     -0.232	      0.011	
 2015/07/17	   4.070	   4.200	   3.900	   4.188	        9515619	      4.073	      3.892	      4.119	      4.545	           	      0.000	  95156.188	  45730.164	  40707.875	     -0.194	     -0.224	      0.060	
 2015/07/20	   4.277	   4.314	   4.018	   4.113	         744300	      4.026	      3.908	      4.085	      4.539	           	      0.000	   7443.000	  44338.840	  33857.563	     -0.173	     -0.214	      0.082	
 2015/07/21	   3.900	   4.269	   3.900	   4.061	         231160	      4.013	      3.947	      4.050	      4.533	           	      0.000	   2311.600	  42725.852	  29173.246	     -0.159	     -0.203	      0.088	
 2015/07/22	   4.058	   4.168	   3.910	   4.095	         209783	      4.067	      4.026	      4.016	      4.525	           	      0.000	   2097.830	  42605.418	  27752.764	     -0.143	     -0.191	      0.096	
 2015/07/23	   3.916	   4.168	   3.916	   4.096	        7184567	      4.111	      4.073	      3.983	      4.519	           	      0.000	  71845.672	  35770.859	  32224.107	     -0.129	     -0.179	      0.099	
 2015/07/24	   4.110	   4.119	   3.990	   4.000	        3090800	      4.073	      4.073	      3.968	      4.511	           	      0.000	  30908.000	  22921.221	  34325.691	     -0.124	     -0.168	      0.087	
 2015/07/27	   4.070	   4.070	   3.623	   3.661	        6263600	      3.983	      4.004	      3.956	      4.497	           	      0.000	  62636.000	  33959.820	  39149.332	     -0.146	     -0.164	      0.035	
 2015/07/28	   3.661	   3.743	   3.476	   3.667	        7156939	      3.904	      3.958	      3.924	      4.483	           	      0.000	  71569.391	  47811.379	  45268.613	     -0.161	     -0.163	      0.004	
 2015/07/29	   3.640	   3.899	   3.621	   3.890	        7830896	      3.863	      3.965	      3.909	      4.475	           	      0.000	  78308.961	  63053.605	  52829.512	     -0.153	     -0.161	      0.016	
 2015/07/30	   3.819	   3.839	   3.665	   3.714	        7164560	      3.786	      3.948	      3.895	      4.465	           	      0.000	  71645.602	  63013.590	  49392.223	     -0.159	     -0.161	      0.003	
 2015/07/31	   3.530	   3.750	   3.530	   3.610	         536060	      3.708	      3.891	      3.892	      4.456	           	      0.000	   5360.600	  57904.109	  40412.664	     -0.171	     -0.163	     -0.016	
 2015/08/03	   3.680	   3.680	   3.450	   3.550	         319192	      3.686	      3.834	      3.871	      4.444	           	      0.000	   3191.920	  46015.293	  39987.559	     -0.182	     -0.167	     -0.031	
 2015/08/04	   3.570	   3.801	   3.570	   3.801	        8190641	      3.713	      3.808	      3.878	      4.433	           	      0.000	  81906.406	  48082.699	  47947.039	     -0.169	     -0.167	     -0.004	
 2015/08/05	   3.681	   3.853	   3.681	   3.697	          30996	      3.674	      3.769	      3.898	      4.419	           	      0.000	    309.960	  32482.898	  47768.250	     -0.166	     -0.167	      0.003	
 2015/08/06	   3.700	   3.809	   3.580	   3.700	         110000	      3.672	      3.729	      3.901	      4.406	           	      0.000	   1100.000	  18373.777	  40693.684	     -0.160	     -0.166	      0.010	
 2015/08/07	   3.700	   3.838	   3.615	   3.811	        3032033	      3.712	      3.710	      3.892	      4.394	           	      0.000	  30320.330	  23365.723	  40634.918	     -0.146	     -0.162	      0.032	
 2015/08/10	   3.691	   3.930	   3.691	   3.930	          77467	      3.788	      3.737	      3.871	      4.385	           	      0.000	    774.670	  22882.273	  34448.785	     -0.123	     -0.154	      0.062	
 2015/08/11	   3.930	   4.100	   3.900	   3.970	        6069550	      3.822	      3.767	      3.863	      4.378	           	      0.000	  60695.500	  18640.092	  33361.395	     -0.101	     -0.143	      0.085	
 2015/08/12	   3.930	   3.999	   3.900	   3.959	        6088100	      3.874	      3.774	      3.870	      4.371	           	      0.000	  60881.000	  30754.301	  31618.600	     -0.083	     -0.131	      0.096	
 2015/08/13	   4.040	   4.040	   3.752	   3.991	        7188769	      3.932	      3.802	      3.875	      4.362	           	      0.000	  71887.688	  44911.836	  31642.807	     -0.066	     -0.118	      0.105	
 2015/08/14	   3.968	   3.968	   3.881	   3.960	        1075900	      3.962	      3.837	      3.864	      4.350	           	      0.000	  10759.000	  40999.570	  32182.646	     -0.054	     -0.105	      0.103	
 2015/08/17	   3.958	   3.959	   3.822	   3.942	        5087632	      3.964	      3.876	      3.855	      4.337	           	      0.000	  50876.320	  51019.902	  36951.086	     -0.045	     -0.093	      0.096	
 2015/08/18	   3.852	   3.986	   3.763	   3.780	       10125541	      3.926	      3.874	      3.841	      4.315	           	      0.000	 101255.406	  59131.883	  38885.988	     -0.051	     -0.085	      0.068	
 2015/08/19	   3.640	   3.780	   3.640	   3.769	       10037900	      3.888	      3.881	      3.825	      4.295	           	      0.000	 100379.000	  67031.484	  48892.891	     -0.056	     -0.079	      0.047	
 2015/08/20	   3.628	   3.833	   3.628	   3.710	        9006283	      3.832	      3.882	      3.806	      4.273	           	      0.000	  90062.828	  70666.508	  57789.176	     -0.064	     -0.076	      0.025	
 2015/08/21	   3.600	   3.790	   3.600	   3.780	        9016800	      3.796	      3.879	      3.795	      4.254	           	      0.000	  90168.000	  86548.313	  63773.941	     -0.063	     -0.073	      0.020	
 2015/08/24	   3.603	   3.797	   3.402	   3.402	        4522464	      3.688	      3.826	      3.782	      4.231	           	      0.000	  45224.641	  85417.977	  68218.938	     -0.093	     -0.077	     -0.031	
 2015/08/25	   3.402	   3.402	   3.062	   3.062	        4251200	      3.545	      3.736	      3.751	      4.198	           	      0.000	  42512.000	  73669.297	  66400.586	     -0.142	     -0.090	     -0.103	
 2015/08/26	   3.102	   3.359	   2.761	   3.100	        9648040	      3.411	      3.650	      3.712	      4.163	           	      0.000	  96480.398	  72889.570	  69960.531	     -0.175	     -0.107	     -0.136	
 2015/08/27	   3.100	   3.120	   2.859	   3.060	        6661924	      3.281	      3.556	      3.679	      4.130	           	      0.000	  66619.242	  68200.859	  69433.688	     -0.203	     -0.126	     -0.153	
 2015/08/28	   3.060	   3.199	   3.000	   3.190	        9313220	      3.163	      3.480	      3.658	      4.097	           	      0.000	  93132.203	  68793.695	  77671.000	     -0.212	     -0.143	     -0.137	
 2015/08/31	   3.190	   3.190	   3.050	   3.137	        9102400	      3.110	      3.399	      3.638	      4.063	           	      0.000	  91024.000	  77953.570	  81685.773	     -0.221	     -0.159	     -0.124	
 2015/09/01	   3.173	   3.173	   2.965	   3.076	        9580744	      3.113	      3.329	      3.601	      4.027	           	      0.000	  95807.438	  88612.656	  81140.977	     -0.230	     -0.173	     -0.114	
 2015/09/02	   3.045	   3.100	   2.903	   3.100	       10202880	      3.113	      3.262	      3.571	      3.992	           	      0.000	 102028.797	  89722.336	  81305.953	     -0.233	     -0.185	     -0.095	
 2015/09/07	   3.191	   3.243	   3.101	   3.101	       10196900	      3.121	      3.201	      3.542	      3.957	           	      0.000	 101969.000	  96792.289	  82496.570	     -0.232	     -0.195	     -0.075	
 2015/09/08	   3.090	   3.150	   2.987	   3.150	          77962	      3.113	      3.138	      3.508	      3.923	           	      0.000	    779.620	  78321.773	  73557.734	     -0.225	     -0.201	     -0.049	
 2015/09/09	   3.247	   3.247	   3.100	   3.180	         252500	      3.121	      3.116	      3.471	      3.889	           	      0.000	   2525.000	  60621.973	  69287.773	     -0.215	     -0.204	     -0.023	
 2015/09/10	   3.165	   3.189	   3.134	   3.181	          32500	      3.142	      3.128	      3.431	      3.855	           	      0.000	    325.000	  41525.484	  65069.070	     -0.204	     -0.204	     -0.001	
 2015/09/11	   3.064	   3.195	   3.064	   3.169	         435771	      3.156	      3.134	      3.392	      3.824	           	      0.000	   4357.710	  21991.266	  55856.801	     -0.194	     -0.202	      0.015	
 2015/09/14	   3.079	   3.081	   2.916	   2.990	          67780	      3.134	      3.127	      3.342	      3.791	           	      0.000	    677.800	   1733.026	  49262.656	     -0.199	     -0.201	      0.005	
 2015/09/15	   2.999	   3.042	   2.906	   2.916	         205861	      3.087	      3.100	      3.290	      3.757	           	      0.000	   2058.610	   1988.824	  40155.297	     -0.206	     -0.202	     -0.007	
 2015/09/16	   2.899	   3.180	   2.899	   3.180	         137600	      3.087	      3.104	      3.252	      3.730	           	      0.000	   1376.000	   1759.024	  31190.498	     -0.188	     -0.199	      0.023	
 2015/09/17	   3.150	   3.182	   3.060	   3.067	         187131	      3.064	      3.103	      3.216	      3.702	           	      0.000	   1871.310	   2068.286	  21796.885	     -0.181	     -0.196	      0.029	
 2015/09/18	   3.080	   3.080	   3.028	   3.062	          10100	      3.043	      3.100	      3.181	      3.674	           	      0.000	    101.000	   1216.944	  11604.105	     -0.174	     -0.191	      0.035	
 2015/09/21	   3.075	   3.178	   3.005	   3.170	          20400	      3.079	      3.106	      3.154	      3.647	           	      0.000	    204.000	   1122.184	   1427.605	     -0.157	     -0.184	      0.054	
 2015/09/22	   3.159	   3.300	   3.140	   3.156	         538493	      3.127	      3.107	      3.122	      3.628	           	      0.000	   5384.930	   1787.448	   1888.136	     -0.144	     -0.176	      0.065	
 2015/09/23	   3.156	   3.156	   3.096	   3.145	           8400	      3.120	      3.104	      3.110	      3.616	           	      0.000	     84.000	   1529.048	   1644.036	     -0.133	     -0.168	      0.070	
 2015/09/24	   3.145	   3.145	   3.110	   3.110	          32315	      3.129	      3.096	      3.112	      3.596	           	      0.000	    323.150	   1219.416	   1643.851	     -0.125	     -0.159	      0.068	
 2015/09/25	   3.060	   3.104	   3.060	   3.075	           1100	      3.131	      3.087	      3.111	      3.577	           	      0.000	     11.000	   1201.416	   1209.180	     -0.121	     -0.151	      0.062	
 2015/09/28	   2.998	   3.068	   2.958	   3.068	            700	      3.111	      3.095	      3.111	      3.562	           	      0.000	      7.000	   1162.016	   1142.100	     -0.116	     -0.144	      0.056	
 2015/09/29	   2.919	   3.093	   2.919	   3.088	          10700	      3.097	      3.112	      3.106	      3.552	           	      0.000	    107.000	    106.430	    946.939	     -0.110	     -0.137	      0.055	
 2015/09/30	   3.234	   3.234	   2.954	   3.094	          12133	      3.087	      3.103	      3.104	      3.538	           	      0.000	    121.330	    113.896	    821.472	     -0.103	     -0.131	      0.055	
 2015/10/08	   3.098	   3.220	   3.098	   3.120	          29026	      3.089	      3.109	      3.106	      3.528	           	      0.000	    290.260	    107.318	    663.367	     -0.095	     -0.123	      0.058	
 2015/10/09	   3.124	   3.180	   3.101	   3.150	           9200	      3.104	      3.118	      3.109	      3.526	           	      0.000	     92.000	    123.518	    662.467	     -0.084	     -0.116	      0.062	
 2015/10/12	   3.224	   3.259	   3.199	   3.259	         128216	      3.142	      3.127	      3.116	      3.520	           	      0.000	   1282.160	    378.550	    770.283	     -0.067	     -0.106	      0.078	
 2015/10/13	   3.250	   3.255	   3.215	   3.249	          56300	      3.174	      3.136	      3.121	      3.507	           	      0.000	    563.000	    469.750	    288.090	     -0.053	     -0.095	      0.084	
 2015/10/14	   3.255	   3.255	   3.200	   3.235	          15766	      3.203	      3.145	      3.124	      3.489	           	      0.000	    157.660	    477.016	    295.456	     -0.043	     -0.085	      0.084	
 2015/10/15	   3.239	   3.333	   3.210	   3.325	          48000	      3.244	      3.166	      3.131	      3.475	           	      0.000	    480.000	    514.964	    311.141	     -0.027	     -0.073	      0.092	
 2015/10/16	   3.228	   3.333	   3.200	   3.314	          75100	      3.276	      3.190	      3.139	      3.467	           	      0.000	    751.000	    646.764	    385.141	     -0.015	     -0.062	      0.093	
 2015/10/19	   3.323	   3.333	   3.262	   3.271	         114214	      3.279	      3.211	      3.153	      3.457	           	      0.000	   1142.140	    618.760	    498.655	     -0.009	     -0.051	      0.084	
 2015/10/20	   3.345	   3.345	   3.272	   3.317	          49923	      3.292	      3.233	      3.173	      3.442	           	      0.000	    499.230	    606.006	    537.878	     -0.001	     -0.041	      0.080	
 2015/10/21	   3.231	   3.310	   3.231	   3.300	         165000	      3.305	      3.254	      3.179	      3.429	           	      0.000	   1650.000	    904.474	    690.745	      0.004	     -0.032	      0.073	
 2015/10/22	   3.185	   3.365	   3.185	   3.327	          10400	      3.306	      3.275	      3.192	      3.416	           	      0.000	    104.000	    829.274	    672.119	      0.010	     -0.024	      0.068	
 2015/10/23	   3.298	   3.398	   3.298	   3.346	          81700	      3.312	      3.294	      3.206	      3.404	           	      0.000	    817.000	    842.474	    744.619	      0.017	     -0.016	      0.065	
 2015/10/26	   3.329	   3.408	   3.319	   3.405	          22800	      3.339	      3.309	      3.218	      3.392	           	      0.000	    228.000	    659.646	    639.203	      0.026	     -0.007	      0.067	
 2015/10/27	   3.218	   3.406	   3.218	   3.401	          28872	      3.356	      3.324	      3.230	      3.382	           	      0.000	    288.720	    617.544	    611.775	      0.033	      0.001	      0.064	
 2015/10/28	   3.399	   3.399	   3.300	   3.307	          17000	      3.357	      3.331	      3.238	      3.376	           	      0.000	    170.000	    321.544	    613.009	      0.030	      0.007	      0.047	
 2015/10/29	   3.295	   3.378	   3.295	   3.378	          38300	      3.367	      3.337	      3.251	      3.372	           	      0.000	    383.000	    377.344	    603.309	      0.034	      0.012	      0.043	
 2015/10/30	   3.308	   3.361	   3.308	   3.320	          27890	      3.362	      3.337	      3.264	      3.362	           	      0.000	    278.900	    269.724	    556.099	      0.031	      0.016	      0.031	
 2015/11/02	   3.359	   3.359	   3.266	   3.349	           4200	      3.351	      3.345	      3.278	      3.356	           	      0.000	     42.000	    232.524	    446.085	      0.031	      0.019	      0.025	
 2015/11/03	   3.312	   3.312	   3.219	   3.288	          28272	      3.328	      3.342	      3.288	      3.351	           	      0.000	    282.720	    231.324	    424.434	      0.026	      0.020	      0.011	
 2015/11/04	   3.273	   3.386	   3.239	   3.385	          93187	      3.344	      3.351	      3.302	      3.348	           	      0.000	    931.870	    383.698	    352.621	      0.030	      0.022	      0.015	
 2015/11/05	   3.315	   3.465	   3.315	   3.435	         125366	      3.355	      3.361	      3.318	      3.342	           	      0.000	   1253.660	    557.830	    467.587	      0.036	      0.025	      0.022	
 2015/11/06	   3.464	   3.508	   3.382	   3.508	          60766	      3.393	      3.378	      3.336	      3.339	           	      0.000	    607.660	    623.582	    446.653	      0.046	      0.029	      0.034	
 2015/11/09	   3.598	   3.598	   3.530	   3.567	          52600	      3.437	      3.394	      3.351	      3.336	           	      0.000	    526.000	    720.382	    476.453	      0.058	      0.035	      0.047	
 2015/11/10	   3.602	   3.602	   3.500	   3.518	          29500	      3.483	      3.405	      3.365	      3.332	           	      0.000	    295.000	    722.838	    477.081	      0.064	      0.041	      0.046	
 2015/11/11	   3.518	   3.649	   3.510	   3.638	         539551	      3.533	      3.439	      3.385	      3.327	           	      0.000	   5395.510	   1615.566	    999.632	      0.076	      0.048	      0.057	
 2015/11/12	   3.640	   3.640	   3.545	   3.570	          90813	      3.560	      3.458	      3.397	      3.320	           	      0.000	    908.130	   1546.460	   1052.145	      0.080	      0.054	      0.052	
 2015/11/13	   3.549	   3.549	   3.511	   3.511	          46400	      3.561	      3.477	      3.407	      3.313	           	      0.000	    464.000	   1517.728	   1070.655	      0.077	      0.059	      0.037	
 2015/11/16	   3.509	   3.578	   3.509	   3.578	          32701	      3.563	      3.500	      3.422	      3.306	           	      0.000	    327.010	   1477.930	   1099.156	      0.080	      0.063	      0.033	
 2015/11/17	   3.595	   3.595	   3.538	   3.558	          35164	      3.571	      3.527	      3.434	      3.299	           	      0.000	    351.640	   1489.258	   1106.048	      0.079	      0.066	      0.026	
 2015/11/18	   3.558	   3.559	   3.529	   3.529	           7400	      3.549	      3.541	      3.446	      3.292	           	      0.000	     74.000	    424.956	   1020.261	      0.075	      0.068	      0.015	
 2015/11/19	   3.529	   3.579	   3.527	   3.579	          13451	      3.551	      3.556	      3.458	      3.289	           	      0.000	    134.510	    270.232	    908.346	      0.076	      0.070	      0.012	
 2015/11/20	   3.580	   3.580	   3.545	   3.578	          46200	      3.564	      3.563	      3.470	      3.286	           	      0.000	    462.000	    269.832	    893.780	      0.075	      0.071	      0.008	
 2015/11/23	   3.580	   3.580	   3.540	   3.577	          40600	      3.564	      3.564	      3.479	      3.283	           	      0.000	    406.000	    285.630	    881.780	      0.073	      0.071	      0.004	
 2015/11/24	   3.560	   3.585	   3.502	   3.582	          83558	      3.569	      3.570	      3.488	      3.280	           	      0.000	    835.580	    382.418	    935.838	      0.072	      0.071	      0.001	
 2015/11/25	   3.505	   3.549	   3.505	   3.547	           5032	      3.573	      3.561	      3.500	      3.282	           	      0.000	     50.320	    377.682	    401.319	      0.067	      0.070	     -0.007	
 2015/11/26	   3.547	   3.614	   3.535	   3.584	          42100	      3.574	      3.562	      3.510	      3.291	           	      0.000	    421.000	    434.980	    352.606	      0.065	      0.069	     -0.008	
 2015/11/27	   3.600	   3.600	   3.400	   3.400	          74544	      3.538	      3.551	      3.514	      3.296	           	      0.000	    745.440	    491.668	    380.750	      0.048	      0.065	     -0.033	
 2015/11/30	   3.450	   3.450	   3.301	   3.421	          20900	      3.507	      3.536	      3.518	      3.302	           	      0.000	    209.000	    452.268	    368.949	      0.036	      0.059	     -0.046	
 2015/12/01	   3.440	   3.440	   3.320	   3.432	          70676	      3.477	      3.523	      3.525	      3.306	           	      0.000	    706.760	    426.504	    404.461	      0.027	      0.053	     -0.051	
 2015/12/02	   3.472	   3.583	   3.401	   3.499	         191539	      3.467	      3.520	      3.531	      3.312	           	      0.000	   1915.390	    799.518	    588.600	      0.026	      0.047	     -0.044	
 2015/12/03	   3.535	   3.537	   3.535	   3.537	           3600	      3.458	      3.516	      3.536	      3.320	           	      0.000	     36.000	    722.518	    578.749	      0.027	      0.043	     -0.033	
 2015/12/04	   3.444	   3.444	   3.444	   3.444	           2200	      3.467	      3.502	      3.532	      3.326	           	      0.000	     22.000	    577.830	    534.749	      0.020	      0.039	     -0.037	
 2015/12/07	   3.485	   3.485	   3.446	   3.446	           4932	      3.472	      3.489	      3.526	      3.331	           	      0.000	     49.320	    545.894	    499.081	      0.015	      0.034	     -0.039	
 2015/12/08	   3.404	   3.404	   3.404	   3.404	            600	      3.466	      3.471	      3.521	      3.336	           	      0.000	      6.000	    405.742	    416.123	      0.007	      0.028	     -0.043	
 2015/12/09	   3.505	   3.507	   3.393	   3.494	           4300	      3.465	      3.466	      3.513	      3.341	           	      0.000	     43.000	     31.264	    415.391	      0.008	      0.024	     -0.033	
 2015/12/10	   3.518	   3.518	   3.518	   3.518	            300	      3.461	      3.460	      3.511	      3.346	           	      0.000	      3.000	     24.664	    373.591	      0.011	      0.022	     -0.022	
 2015/12/11	   3.396	   3.497	   3.396	   3.497	            600	      3.472	      3.469	      3.510	      3.352	           	      0.000	      6.000	     21.464	    299.647	      0.011	      0.019	     -0.017	
 2015/12/14	   3.374	   3.476	   3.374	   3.473	          32900	      3.477	      3.474	      3.505	      3.360	           	      0.000	    329.000	     77.400	    311.647	      0.009	      0.017	     -0.017	
 2015/12/15	   3.420	   3.528	   3.420	   3.528	          66528	      3.502	      3.484	      3.503	      3.370	           	      0.000	    665.280	    209.256	    307.499	      0.012	      0.016	     -0.009	
 2015/12/16	   3.463	   3.538	   3.461	   3.530	          18894	      3.509	      3.487	      3.503	      3.376	           	      0.000	    188.940	    238.444	    134.854	      0.014	      0.016	     -0.003	
 2015/12/17	   3.519	   3.550	   3.500	   3.505	          64000	      3.507	      3.484	      3.500	      3.383	           	      0.000	    640.000	    365.844	    195.254	      0.014	      0.015	     -0.003	
 2015/12/18	   3.504	   3.545	   3.504	   3.517	          41000	      3.511	      3.491	      3.497	      3.391	           	      0.000	    410.000	    446.644	    234.054	      0.014	      0.015	     -0.002	
 2015/12/21	   3.500	   3.665	   3.500	   3.660	         178372	      3.548	      3.513	      3.501	      3.399	           	      0.000	   1783.720	    737.588	    407.494	      0.026	      0.017	      0.017	
 2015/12/22	   3.592	   3.651	   3.592	   3.638	          21900	      3.570	      3.536	      3.504	      3.407	           	      0.000	    219.000	    648.332	    428.794	      0.033	      0.020	      0.025	
 2015/12/23	   3.650	   3.660	   3.613	   3.657	          29564	      3.595	      3.552	      3.509	      3.416	           	      0.000	    295.640	    669.672	    454.058	      0.040	      0.024	      0.031	
 2015/12/24	   3.553	   3.625	   3.551	   3.625	           8364	      3.619	      3.563	      3.511	      3.424	           	      0.000	     83.640	    558.400	    462.122	      0.042	      0.028	      0.028	
 2015/12/25	   3.562	   3.659	   3.562	   3.652	           1279	      3.646	      3.579	      3.524	      3.434	           	      0.000	     12.790	    478.958	    462.801	      0.045	      0.031	      0.028	
 2015/12/28	   3.570	   3.610	   3.562	   3.599	           8200	      3.634	      3.591	      3.533	      3.443	           	      0.000	     82.000	    138.614	    438.101	      0.043	      0.034	      0.019	
 2015/12/29	   3.525	   3.550	   3.525	   3.550	           1100	      3.617	      3.593	      3.539	      3.450	           	      0.000	     11.000	     97.014	    372.673	      0.037	      0.034	      0.006	
 2015/12/30	   3.520	   3.573	   3.518	   3.573	          13196	      3.600	      3.598	      3.542	      3.458	           	      0.000	    131.960	     64.278	    366.975	      0.034	      0.034	     -0.001	
 2015/12/31	   3.573	   3.573	   3.573	   3.573	            100	      3.589	      3.604	      3.544	      3.466	           	      0.000	      1.000	     47.750	    303.075	      0.031	      0.034	     -0.005	
 2016/01/04	   3.454	   3.455	   3.350	   3.350	          22660	      3.529	      3.588	      3.539	      3.469	           	      0.000	    226.600	     90.512	    284.735	      0.010	      0.029	     -0.037	
 2016/01/05	   3.270	   3.376	   3.270	   3.376	            739	      3.484	      3.559	      3.536	      3.471	           	      0.000	      7.390	     75.590	    107.102	     -0.004	      0.022	     -0.052	
 2016/01/06	   3.342	   3.342	   3.269	   3.340	          90139	      3.442	      3.530	      3.533	      3.473	           	      0.000	    901.390	    253.668	    175.341	     -0.018	      0.014	     -0.064	
 2016/01/07	   3.271	   3.271	   3.080	   3.190	           2300	      3.366	      3.483	      3.518	      3.472	           	      0.000	     23.000	    231.876	    148.077	     -0.040	      0.004	     -0.087	
 2016/01/08	   3.129	   3.274	   3.128	   3.274	          13583	      3.306	      3.448	      3.505	      3.471	           	      0.000	    135.830	    258.842	    153.296	     -0.051	     -0.007	     -0.087	
 2016/01/11	   3.295	   3.327	   3.072	   3.096	         197239	      3.255	      3.392	      3.485	      3.468	           	      0.000	   1972.390	    608.000	    349.256	     -0.073	     -0.020	     -0.104	
 2016/01/12	   3.070	   3.153	   2.962	   3.010	          99250	      3.182	      3.333	      3.462	      3.463	           	      0.000	    992.500	    805.022	    440.306	     -0.096	     -0.035	     -0.121	
 2016/01/13	   3.100	   3.100	   3.011	   3.011	          28648	      3.116	      3.279	      3.436	      3.458	           	      0.000	    286.480	    682.040	    467.854	     -0.113	     -0.051	     -0.124	
 2016/01/14	   2.722	   3.050	   2.722	   3.050	          24300	      3.088	      3.227	      3.412	      3.454	           	      0.000	    243.000	    726.040	    478.958	     -0.122	     -0.065	     -0.113	
 2016/01/15	   2.980	   3.030	   2.885	   2.885	           9300	      3.010	      3.158	      3.381	      3.447	           	      0.000	     93.000	    717.474	    488.158	     -0.140	     -0.080	     -0.121	
 2016/01/18	   3.051	   3.051	   2.900	   2.960	           9600	      2.983	      3.119	      3.353	      3.440	           	      0.000	     96.000	    342.196	    475.098	     -0.148	     -0.094	     -0.108	
 2016/01/19	   2.892	   3.060	   2.892	   3.025	          12849	      2.986	      3.084	      3.322	      3.434	           	      0.000	    128.490	    169.394	    487.208	     -0.146	     -0.104	     -0.084	
 2016/01/20	   3.000	   3.075	   3.000	   3.040	         139700	      2.992	      3.054	      3.292	      3.428	           	      0.000	   1397.000	    391.498	    536.769	     -0.142	     -0.112	     -0.061	
 2016/01/21	   3.050	   3.050	   2.847	   2.920	          32999	      2.966	      3.027	      3.255	      3.421	           	      0.000	    329.990	    408.896	    567.468	     -0.147	     -0.119	     -0.057	
 2016/01/22	   2.970	   2.970	   2.865	   2.946	          43900	      2.978	      2.994	      3.221	      3.414	           	      0.000	    439.000	    478.096	    597.785	     -0.147	     -0.125	     -0.046	
 2016/01/25	   2.996	   2.996	   2.910	   2.911	          19100	      2.968	      2.976	      3.184	      3.407	           	      0.000	    191.000	    497.096	    419.646	     -0.149	     -0.129	     -0.038	
 2016/01/26	   2.772	   3.000	   2.772	   2.860	           7100	      2.935	      2.961	      3.147	      3.399	           	      0.000	     71.000	    485.598	    327.496	     -0.152	     -0.134	     -0.036	
 2016/01/27	   2.859	   2.859	   2.640	   2.807	          28224	      2.889	      2.940	      3.110	      3.391	           	      0.000	    282.240	    262.646	    327.072	     -0.157	     -0.139	     -0.037	
 2016/01/28	   2.805	   2.849	   2.676	   2.676	          33700	      2.840	      2.903	      3.065	      3.379	           	      0.000	    337.000	    264.048	    336.472	     -0.170	     -0.145	     -0.050	
 2016/01/29	   2.766	   2.795	   2.620	   2.711	          18400	      2.793	      2.886	      3.022	      3.367	           	      0.000	    184.000	    213.048	    345.572	     -0.175	     -0.151	     -0.048	
 2016/02/01	   2.830	   2.830	   2.745	   2.745	           4100	      2.760	      2.864	      2.992	      3.355	           	      0.000	     41.000	    183.048	    340.072	     -0.174	     -0.155	     -0.037	
 2016/02/02	   2.775	   2.779	   2.709	   2.779	           9300	      2.744	      2.839	      2.962	      3.341	           	      0.000	     93.000	    187.448	    336.523	     -0.169	     -0.158	     -0.022	
 2016/02/03	   2.746	   2.760	   2.746	   2.760	           1500	      2.734	      2.812	      2.933	      3.329	           	      0.000	     15.000	    134.000	    198.323	     -0.165	     -0.159	     -0.010	
 2016/02/04	   2.798	   2.798	   2.798	   2.798	           3100	      2.759	      2.799	      2.913	      3.315	           	      0.000	     31.000	     72.800	    168.424	     -0.156	     -0.159	      0.005	
 2016/02/05	   2.820	   2.820	   2.818	   2.818	           9400	      2.780	      2.786	      2.890	      3.302	           	      0.000	     94.000	     54.800	    133.924	     -0.146	     -0.156	      0.020	
 2016/02/15	   2.741	   2.809	   2.741	   2.809	          45200	      2.793	      2.776	      2.876	      3.291	           	      0.000	    452.000	    137.000	    160.024	     -0.137	     -0.152	      0.030	
 2016/02/16	   2.898	   2.898	   2.780	   2.814	          34099	      2.800	      2.772	      2.866	      3.278	           	      0.000	    340.990	    186.598	    187.023	     -0.129	     -0.148	      0.038	
 2016/02/17	   2.830	   2.883	   2.801	   2.858	          57900	      2.819	      2.777	      2.859	      3.266	           	      0.000	    579.000	    299.398	    216.699	     -0.117	     -0.141	      0.050	
 2016/02/18	   2.873	   2.879	   2.814	   2.878	         103900	      2.835	      2.797	      2.850	      3.255	           	      0.000	   1039.000	    500.998	    286.899	     -0.104	     -0.134	      0.059	
 2016/02/19	   2.911	   2.911	   2.826	   2.826	           4100	      2.837	      2.809	      2.847	      3.243	           	      0.000	     41.000	    490.398	    272.599	     -0.098	     -0.127	      0.058	
 2016/02/22	   2.828	   2.908	   2.826	   2.869	           7500	      2.849	      2.821	      2.842	      3.231	           	      0.000	     75.000	    414.998	    275.999	     -0.088	     -0.119	      0.062	
 2016/02/23	   2.838	   2.970	   2.838	   2.871	          11500	      2.860	      2.830	      2.835	      3.219	           	      0.000	    115.000	    369.800	    278.199	     -0.079	     -0.111	      0.064	
 2016/02/24	   2.871	   2.943	   2.871	   2.892	          27300	      2.867	      2.843	      2.827	      3.208	           	      0.000	    273.000	    308.600	    303.999	     -0.070	     -0.103	      0.066	
 2016/02/25	   2.841	   2.846	   2.695	   2.780	          50200	      2.848	      2.842	      2.820	      3.195	           	      0.000	    502.000	    201.200	    351.099	     -0.070	     -0.096	      0.052	
 2016/02/26	   2.779	   2.779	   2.675	   2.773	          35864	      2.837	      2.837	      2.812	      3.181	           	      0.000	    358.640	    264.728	    377.563	     -0.071	     -0.091	      0.041	
 2016/02/29	   2.771	   2.771	   2.624	   2.683	           6300	      2.800	      2.824	      2.800	      3.169	           	      0.000	     63.000	    262.328	    338.663	     -0.077	     -0.088	      0.022	
 2016/03/01	   2.698	   2.721	   2.650	   2.721	          26000	      2.770	      2.815	      2.793	      3.158	           	      0.000	    260.000	    291.328	    330.564	     -0.079	     -0.087	      0.016	
 2016/03/02	   2.734	   2.770	   2.734	   2.769	          24600	      2.745	      2.806	      2.792	      3.147	           	      0.000	    246.000	    285.928	    297.264	     -0.075	     -0.084	      0.018	
 2016/03/03	   2.942	   2.942	   2.780	   2.842	           7000	      2.758	      2.803	      2.800	      3.136	           	      0.000	     70.000	    199.528	    200.364	     -0.065	     -0.080	      0.030	
 2016/03/04	   2.870	   2.897	   2.789	   2.808	          26300	      2.765	      2.801	      2.805	      3.124	           	      0.000	    263.000	    180.400	    222.564	     -0.060	     -0.076	      0.033	
 2016/03/07	   2.957	   2.957	   2.841	   2.876	          24248	      2.803	      2.802	      2.811	      3.114	           	      0.000	    242.480	    216.296	    239.312	     -0.049	     -0.071	      0.043	
 2016/03/08	   2.930	   2.930	   2.859	   2.859	           2416	      2.831	      2.800	      2.815	      3.104	           	      0.000	     24.160	    169.128	    230.228	     -0.042	     -0.065	      0.046	
 2016/03/09	   2.858	   2.925	   2.762	   2.863	           3100	      2.850	      2.797	      2.820	      3.095	           	      0.000	     31.000	    126.128	    206.028	     -0.035	     -0.059	      0.048	
 2016/03/10	   2.822	   2.837	   2.822	   2.837	           1300	      2.849	      2.803	      2.822	      3.084	           	      0.000	     13.000	    114.728	    157.128	     -0.032	     -0.054	      0.044	
 2016/03/11	   2.789	   2.830	   2.789	   2.830	           2100	      2.853	      2.809	      2.823	      3.073	           	      0.000	     21.000	     66.328	    123.364	     -0.029	     -0.049	      0.039	
 2016/03/14	   2.895	   2.915	   2.836	   2.842	           8200	      2.846	      2.825	      2.825	      3.062	           	      0.000	     82.000	     34.232	    125.264	     -0.026	     -0.044	      0.036	
 2016/03/15	   2.752	   2.890	   2.752	   2.826	           8200	      2.840	      2.835	      2.825	      3.051	           	      0.000	     82.000	     45.800	    107.464	     -0.024	     -0.040	      0.032	
 2016/03/16	   2.745	   2.940	   2.745	   2.910	          28960	      2.849	      2.849	      2.828	      3.041	           	      0.000	    289.600	     97.520	    111.824	     -0.016	     -0.036	      0.039	
 2016/03/17	   2.909	   2.934	   2.852	   2.934	          12900	      2.868	      2.859	      2.831	      3.031	           	      0.000	    129.000	    120.720	    117.724	     -0.008	     -0.030	      0.045	
 2016/03/18	   2.900	   2.993	   2.900	   2.993	          67400	      2.901	      2.877	      2.839	      3.022	           	      0.000	    674.000	    251.320	    158.824	      0.004	     -0.023	      0.054	
 2016/03/21	   2.979	   3.038	   2.958	   3.037	          33000	      2.940	      2.893	      2.847	      3.014	           	      0.000	    330.000	    300.920	    167.576	      0.016	     -0.015	      0.063	
 2016/03/22	   2.967	   2.976	   2.965	   2.970	           8216	      2.969	      2.904	      2.852	      3.003	           	      0.000	     82.160	    300.952	    173.376	      0.021	     -0.008	      0.057	
 2016/03/23	   3.043	   3.043	   2.960	   2.990	          38600	      2.985	      2.917	      2.857	      2.992	           	      0.000	    386.000	    320.232	    208.876	      0.025	     -0.001	      0.053	
 2016/03/24	   2.990	   2.990	   2.987	   2.989	           5900	      2.996	      2.932	      2.868	      2.981	           	      0.000	     59.000	    306.232	    213.476	      0.028	      0.005	      0.048	
 2016/03/25	   2.960	   2.960	   2.931	   2.938	           7200	      2.985	      2.943	      2.876	      2.970	           	      0.000	     72.000	    185.832	    218.576	      0.027	      0.009	      0.035	
 2016/03/28	   2.960	   2.966	   2.960	   2.966	           1700	      2.971	      2.955	      2.890	      2.958	           	      0.000	     17.000	    123.232	    212.076	      0.027	      0.013	      0.029	
 2016/03/29	   2.917	   3.005	   2.917	   3.005	           2200	      2.978	      2.973	      2.904	      2.948	           	      0.000	     22.000	    111.200	    206.076	      0.030	      0.016	      0.028	
 2016/03/30	   2.954	   3.032	   2.954	   3.024	          56400	      2.984	      2.985	      2.917	      2.939	           	      0.000	    564.000	    146.800	    233.516	      0.034	      0.020	      0.029	
 2016/03/31	   3.000	   3.010	   2.990	   3.000	         289700	      2.987	      2.991	      2.925	      2.930	           	      0.000	   2897.000	    714.400	    510.316	      0.035	      0.023	      0.024	
 2016/04/01	   2.997	   2.997	   2.997	   2.997	           1000	      2.998	      2.992	      2.934	      2.920	           	      0.000	     10.000	    702.000	    443.916	      0.034	      0.025	      0.019	
 2016/04/05	   2.980	   3.030	   2.980	   3.029	          22000	      3.011	      2.991	      2.942	      2.915	           	      0.000	    220.000	    742.600	    432.916	      0.037	      0.027	      0.018	
 2016/04/06	   3.030	   3.049	   3.030	   3.038	          26800	      3.018	      2.998	      2.951	      2.909	           	      0.000	    268.000	    791.800	    451.500	      0.038	      0.030	      0.018	
 2016/04/07	   2.993	   3.030	   2.948	   3.030	          26600	      3.019	      3.002	      2.959	      2.904	           	      0.000	    266.000	    732.200	    439.500	      0.039	      0.031	      0.015	
 2016/04/08	   2.950	   2.950	   2.945	   2.950	          96823	      3.009	      2.998	      2.965	      2.900	           	      0.000	    968.230	    346.446	    530.423	      0.032	      0.032	      0.001	
 2016/04/11	   3.010	   3.030	   3.000	   3.016	          30920	      3.013	      3.006	      2.974	      2.896	           	      0.000	    309.200	    406.286	    554.143	      0.032	      0.032	      0.001	
 2016/04/12	   3.033	   3.044	   3.001	   3.001	         317543	      3.007	      3.009	      2.982	      2.894	           	      0.000	   3175.430	    997.372	    869.986	      0.030	      0.031	     -0.002	
 2016/04/13	   3.003	   3.080	   3.003	   3.080	          15443	      3.015	      3.016	      2.995	      2.895	           	      0.000	    154.430	    974.658	    883.229	      0.035	      0.032	      0.006	
 2016/04/14	   3.065	   3.090	   3.038	   3.041	          24400	      3.018	      3.018	      3.001	      2.896	           	      0.000	    244.000	    970.258	    851.229	      0.035	      0.033	      0.005	
 2016/04/15	   3.017	   3.064	   3.017	   3.064	           4343	      3.040	      3.025	      3.008	      2.896	           	      0.000	     43.430	    785.298	    565.872	      0.037	      0.033	      0.006	
 2016/04/18	   3.008	   3.027	   3.001	   3.027	           5843	      3.043	      3.028	      3.010	      2.899	           	      0.000	     58.430	    735.144	    570.715	      0.034	      0.034	      0.001	
 2016/04/19	   2.920	   3.029	   2.920	   3.028	           2100	      3.048	      3.027	      3.009	      2.900	           	      0.000	     21.000	    104.258	    550.815	      0.032	      0.033	     -0.002	
 2016/04/20	   2.961	   2.984	   2.900	   2.984	          20900	      3.029	      3.022	      3.010	      2.899	           	      0.000	    209.000	    115.172	    544.915	      0.027	      0.032	     -0.010	
 2016/04/21	   2.984	   2.984	   2.984	   2.984	              0	      3.017	      3.017	      3.010	      2.898	           	      0.000	      0.000	     66.372	    518.315	      0.022	      0.030	     -0.016	
 2016/04/22	   2.926	   2.926	   2.919	   2.919	           3700	      2.988	      3.014	      3.006	      2.898	           	      0.000	     37.000	     65.086	    425.192	      0.013	      0.027	     -0.027	
 2016/04/25	   2.841	   2.919	   2.841	   2.919	          14100	      2.967	      3.005	      3.005	      2.898	           	      0.000	    141.000	     81.600	    408.372	      0.006	      0.023	     -0.033	
 2016/04/26	   2.861	   2.965	   2.861	   2.965	           6801	      2.954	      3.001	      3.005	      2.898	           	      0.000	     68.010	     91.002	     97.630	      0.004	      0.019	     -0.030	
 2016/04/27	   2.870	   2.970	   2.870	   2.970	           2200	      2.951	      2.990	      3.003	      2.900	           	      0.000	     22.000	     53.602	     84.387	      0.003	      0.016	     -0.026	
 2016/04/28	   2.974	   2.980	   2.950	   2.978	         238801	      2.950	      2.984	      3.001	      2.903	           	      0.000	   2388.010	    531.204	    298.788	      0.002	      0.013	     -0.021	
 2016/04/29	   2.891	   2.891	   2.891	   2.891	           9600	      2.945	      2.967	      2.996	      2.907	           	      0.000	     96.000	    543.004	    304.045	     -0.005	      0.009	     -0.029	
 2016/05/03	   2.975	   3.030	   2.975	   3.030	          16100	      2.967	      2.967	      2.997	      2.912	           	      0.000	    161.000	    547.004	    314.302	      0.001	      0.008	     -0.014	
 2016/05/04	   2.952	   3.028	   2.952	   3.020	          16100	      2.978	      2.966	      2.997	      2.917	           	      0.000	    161.000	    565.602	    328.302	      0.004	      0.007	     -0.006	
 2016/05/05	   3.030	   3.030	   3.028	   3.028	           1600	      2.989	      2.970	      2.996	      2.921	           	      0.000	     16.000	    564.402	    309.002	      0.007	      0.007	      0.001	
 2016/05/06	   2.957	   3.028	   2.956	   2.956	         513100	      2.985	      2.968	      2.993	      2.924	           	      0.000	   5131.000	   1113.000	    822.102	      0.004	      0.006	     -0.005	
 2016/05/09	   2.822	   2.899	   2.822	   2.865	           2600	      2.980	      2.962	      2.988	      2.925	           	      0.000	     26.000	   1099.000	    821.002	     -0.006	      0.004	     -0.019	
 2016/05/10	   2.865	   2.880	   2.678	   2.821	          43960	      2.938	      2.952	      2.979	      2.925	           	      0.000	    439.600	   1154.720	    850.862	     -0.017	     -0.000	     -0.033	
 2016/05/11	   2.820	   2.873	   2.820	   2.860	         201000	      2.906	      2.942	      2.971	      2.926	           	      0.000	   2010.000	   1524.520	   1045.061	     -0.022	     -0.005	     -0.035	
 2016/05/12	   2.853	   2.860	   2.850	   2.851	           5300	      2.871	      2.930	      2.960	      2.927	           	      0.000	     53.000	   1531.920	   1048.161	     -0.027	     -0.009	     -0.036	
 2016/05/13	   2.895	   2.899	   2.822	   2.828	          23900	      2.845	      2.915	      2.949	      2.926	           	      0.000	    239.000	    553.520	    833.260	     -0.032	     -0.014	     -0.037	
 2016/05/16	   2.804	   2.895	   2.725	   2.850	          11400	      2.842	      2.911	      2.939	      2.926	           	      0.000	    114.000	    571.120	    835.060	     -0.034	     -0.018	     -0.033	
 2016/05/17	   2.878	   2.878	   2.878	   2.878	            100	      2.853	      2.896	      2.931	      2.927	           	      0.000	      1.000	    483.400	    819.060	     -0.033	     -0.021	     -0.025	
 2016/05/18	   2.749	   2.839	   2.749	   2.832	           4200	      2.848	      2.877	      2.921	      2.926	           	      0.000	     42.000	     89.800	    807.160	     -0.036	     -0.024	     -0.024	
 2016/05/19	   2.852	   2.852	   2.848	   2.851	          14200	      2.848	      2.859	      2.915	      2.926	           	      0.000	    142.000	    107.600	    819.760	     -0.036	     -0.026	     -0.019	
 2016/05/20	   2.841	   2.841	   2.779	   2.802	          42300	      2.843	      2.844	      2.906	      2.924	           	      0.000	    423.000	    144.400	    348.960	     -0.039	     -0.029	     -0.021	
 2016/05/23	   2.802	   2.802	   2.802	   2.802	              0	      2.833	      2.838	      2.900	      2.924	           	      0.000	      0.000	    121.600	    346.360	     -0.041	     -0.031	     -0.020	
 2016/05/24	   2.751	   2.848	   2.751	   2.848	           2016	      2.827	      2.840	      2.896	      2.926	           	      0.000	     20.160	    125.432	    304.416	     -0.039	     -0.033	     -0.012	
 2016/05/25	   2.868	   2.868	   2.804	   2.830	         124500	      2.827	      2.837	      2.890	      2.928	           	      0.000	   1245.000	    366.032	    227.916	     -0.038	     -0.034	     -0.009	
 2016/05/26	   2.801	   2.832	   2.770	   2.829	          31381	      2.822	      2.835	      2.882	      2.930	           	      0.000	    313.810	    400.394	    253.997	     -0.037	     -0.035	     -0.005	
 2016/05/27	   2.830	   2.840	   2.817	   2.817	          10750	      2.825	      2.834	      2.874	      2.931	           	      0.000	    107.500	    337.294	    240.847	     -0.037	     -0.035	     -0.004	
 2016/05/30	   2.830	   2.850	   2.830	   2.830	           1400	      2.831	      2.832	      2.871	      2.931	           	      0.000	     14.000	    340.094	    230.847	     -0.035	     -0.035	     -0.000	
 2016/05/31	   2.821	   2.925	   2.821	   2.925	          54936	      2.846	      2.837	      2.866	      2.933	           	      0.000	    549.360	    445.934	    285.683	     -0.026	     -0.033	      0.015	
 2016/06/01	   2.934	   3.089	   2.930	   2.932	         190000	      2.867	      2.847	      2.862	      2.933	           	      0.000	   1900.000	    576.934	    471.483	     -0.018	     -0.030	      0.025	
 2016/06/02	   3.063	   3.063	   2.900	   2.970	           5400	      2.895	      2.859	      2.859	      2.935	           	      0.000	     54.000	    524.972	    462.683	     -0.008	     -0.026	      0.035	
 2016/06/03	   2.969	   2.969	   2.916	   2.950	          12000	      2.921	      2.873	      2.859	      2.937	           	      0.000	    120.000	    527.472	    432.383	     -0.002	     -0.021	      0.038	
 2016/06/06	   2.927	   2.998	   2.927	   2.998	           1000	      2.955	      2.893	      2.865	      2.939	           	      0.000	     10.000	    526.672	    433.383	      0.006	     -0.016	      0.044	
 2016/06/07	   3.070	   3.093	   2.937	   2.987	           9000	      2.967	      2.907	      2.873	      2.942	           	      0.000	     90.000	    434.800	    440.367	      0.012	     -0.010	      0.044	
 2016/06/08	   2.957	   2.983	   2.957	   2.983	            400	      2.978	      2.922	      2.880	      2.944	           	      0.000	      4.000	     55.600	    316.267	      0.016	     -0.005	      0.042	
 2016/06/13	   2.901	   2.975	   2.880	   2.880	          18100	      2.960	      2.927	      2.881	      2.945	           	      0.000	    181.000	     81.000	    302.986	      0.011	     -0.002	      0.025	
 2016/06/14	   2.816	   2.964	   2.813	   2.964	          20037	      2.962	      2.942	      2.888	      2.946	           	      0.000	    200.370	     97.074	    312.273	      0.013	      0.001	      0.024	
 2016/06/15	   2.911	   2.978	   2.910	   2.968	          10400	      2.956	      2.956	      2.894	      2.947	           	      0.000	    104.000	    115.874	    321.273	      0.016	      0.004	      0.023	
 2016/06/16	   2.972	   2.972	   2.867	   2.968	         100000	      2.953	      2.960	      2.898	      2.946	           	      0.000	   1000.000	    297.874	    366.337	      0.017	      0.007	      0.021	
 2016/06/17	   2.938	   2.966	   2.798	   2.906	          67800	      2.937	      2.957	      2.902	      2.944	           	      0.000	    678.000	    432.674	    244.137	      0.013	      0.008	      0.010	
 2016/06/20	   2.905	   2.927	   2.851	   2.891	           5900	      2.939	      2.950	      2.904	      2.943	           	      0.000	     59.000	    408.274	    244.637	      0.009	      0.008	      0.001	
 2016/06/21	   2.910	   2.910	   2.882	   2.882	          11000	      2.923	      2.943	      2.908	      2.941	           	      0.000	    110.000	    390.200	    243.637	      0.004	      0.007	     -0.006	
 2016/06/22	   2.800	   2.895	   2.800	   2.879	           2300	      2.905	      2.931	      2.912	      2.939	           	      0.000	     23.000	    374.000	    244.937	      0.001	      0.006	     -0.011	
 2016/06/23	   2.889	   2.889	   2.850	   2.851	          77260	      2.882	      2.917	      2.912	      2.938	           	      0.000	    772.600	    328.520	    313.197	     -0.005	      0.004	     -0.017	
 2016/06/24	   2.867	   2.899	   2.820	   2.840	          67300	      2.869	      2.903	      2.912	      2.936	           	      0.000	    673.000	    327.520	    380.097	     -0.009	      0.001	     -0.021	
 2016/06/27	   2.850	   2.878	   2.850	   2.852	           2400	      2.861	      2.900	      2.914	      2.933	           	      0.000	     24.000	    320.520	    364.397	     -0.012	     -0.001	     -0.021	
 2016/06/28	   2.868	   2.907	   2.865	   2.907	          29560	      2.866	      2.894	      2.918	      2.931	           	      0.000	    295.600	    357.640	    373.920	     -0.010	     -0.003	     -0.013	
 2016/06/29	   2.909	   2.910	   2.909	   2.910	           9400	      2.872	      2.889	      2.922	      2.930	           	      0.000	     94.000	    371.840	    372.920	     -0.007	     -0.004	     -0.007	
 2016/06/30	   2.924	   2.924	   2.924	   2.924	            600	      2.887	      2.884	      2.922	      2.928	           	      0.000	      6.000	    218.520	    273.520	     -0.005	     -0.004	     -0.001	
 2016/07/01	   2.858	   2.925	   2.858	   2.925	           7300	      2.904	      2.886	      2.922	      2.927	           	      0.000	     73.000	     98.520	    213.020	     -0.002	     -0.004	      0.003	
 2016/07/04	   2.923	   2.980	   2.923	   2.980	          40260	      2.929	      2.895	      2.922	      2.926	           	      0.000	    402.600	    174.240	    247.380	      0.004	     -0.002	      0.013	
 2016/07/05	   2.908	   2.982	   2.908	   2.969	           5500	      2.942	      2.904	      2.923	      2.925	           	      0.000	     55.000	    126.120	    241.880	      0.008	     -0.000	      0.017	
 2016/07/06	   2.911	   2.986	   2.911	   2.985	          23200	      2.957	      2.914	      2.923	      2.925	           	      0.000	    232.000	    153.720	    262.780	      0.013	      0.003	      0.020	
 2016/07/07	   2.936	   3.036	   2.936	   2.989	           5800	      2.970	      2.928	      2.923	      2.925	           	      0.000	     58.000	    164.120	    191.320	      0.016	      0.005	      0.022	
 2016/07/08	   2.986	   3.000	   2.970	   2.986	           7600	      2.982	      2.943	      2.923	      2.925	           	      0.000	     76.000	    164.720	    131.620	      0.019	      0.008	      0.021	
 2016/07/11	   2.986	   3.004	   2.974	   3.004	          29900	      2.987	      2.958	      2.929	      2.923	           	      0.000	    299.000	    144.000	    159.120	      0.022	      0.011	      0.022	
 2016/07/12	   2.924	   3.089	   2.924	   3.051	          32900	      3.003	      2.972	      2.933	      2.924	           	      0.000	    329.000	    198.800	    162.460	      0.028	      0.014	      0.027	
 2016/07/13	   3.092	   3.093	   3.091	   3.092	          13200	      3.024	      2.990	      2.940	      2.924	           	      0.000	    132.000	    178.800	    166.260	      0.035	      0.018	      0.034	
 2016/07/14	   3.118	   3.118	   3.110	   3.110	            900	      3.049	      3.009	      2.947	      2.925	           	      0.000	      9.000	    169.000	    166.560	      0.042	      0.023	      0.038	
 2016/07/15	   3.100	   3.130	   3.100	   3.128	           1200	      3.077	      3.029	      2.958	      2.927	           	      0.000	     12.000	    156.200	    160.460	      0.049	      0.028	      0.041	
 2016/07/18	   3.053	   3.135	   3.053	   3.122	          22200	      3.101	      3.044	      2.969	      2.929	           	      0.000	    222.000	    140.800	    142.400	      0.053	      0.033	      0.039	
 2016/07/19	   3.056	   3.057	   3.056	   3.057	           3900	      3.102	      3.052	      2.978	      2.931	           	      0.000	     39.000	     82.800	    140.800	      0.050	      0.036	      0.027	
 2016/07/20	   3.002	   3.123	   3.002	   3.059	           1100	      3.095	      3.060	      2.987	      2.933	           	      0.000	     11.000	     58.600	    118.700	      0.047	      0.039	      0.018	
 2016/07/21	   3.058	   3.107	   3.058	   3.090	           5600	      3.091	      3.070	      2.999	      2.936	           	      0.000	     56.000	     68.000	    118.500	      0.047	      0.040	      0.014	
 2016/07/22	   3.019	   3.127	   3.019	   3.080	          30200	      3.082	      3.079	      3.011	      2.938	           	      0.000	    302.000	    126.000	    141.100	      0.046	      0.042	      0.009	
 2016/07/25	   3.125	   3.125	   3.079	   3.086	         107400	      3.074	      3.088	      3.023	      2.940	           	      0.000	   1074.000	    296.400	    218.600	      0.045	      0.042	      0.006	
 2016/07/26	   3.084	   3.086	   3.084	   3.086	          12452	      3.080	      3.091	      3.032	      2.941	           	      0.000	    124.520	    313.504	    198.152	      0.044	      0.042	      0.002	
 2016/07/27	   3.084	   3.084	   3.001	   3.001	         128752	      3.069	      3.082	      3.036	      2.943	           	      0.000	   1287.520	    568.808	    313.704	      0.035	      0.041	     -0.012	
 2016/07/28	   3.085	   3.085	   3.031	   3.031	          26960	      3.057	      3.074	      3.042	      2.943	           	      0.000	    269.600	    611.528	    339.764	      0.031	      0.039	     -0.017	
 2016/07/29	   3.031	   3.031	   3.031	   3.031	              0	      3.047	      3.064	      3.047	      2.943	           	      0.000	      0.000	    551.128	    338.564	      0.027	      0.037	     -0.020	
 2016/08/01	   2.883	   2.961	   2.883	   2.961	            916	      3.022	      3.048	      3.046	      2.942	           	      0.000	      9.160	    338.160	    317.280	      0.018	      0.033	     -0.030	
 2016/08/02	   3.087	   3.087	   3.036	   3.036	           5400	      3.012	      3.046	      3.049	      2.944	           	      0.000	     54.000	    324.056	    318.780	      0.017	      0.030	     -0.026	
 2016/08/03	   3.002	   3.042	   3.002	   3.042	            700	      3.020	      3.044	      3.052	      2.947	           	      0.000	      7.000	     67.952	    318.380	      0.016	      0.027	     -0.022	
 2016/08/04	   3.019	   3.020	   3.019	   3.019	           1700	      3.018	      3.037	      3.054	      2.950	           	      0.000	     17.000	     17.432	    314.480	      0.013	      0.024	     -0.022	
 2016/08/05	   3.061	   3.075	   3.061	   3.075	            200	      3.027	      3.037	      3.058	      2.954	           	      0.000	      2.000	     17.832	    284.480	      0.016	      0.022	     -0.014	
 2016/08/08	   3.075	   3.075	   3.075	   3.075	              0	      3.049	      3.036	      3.062	      2.957	           	      0.000	      0.000	     16.000	    177.080	      0.017	      0.021	     -0.008	
 2016/08/09	   3.075	   3.075	   3.075	   3.075	           2100	      3.057	      3.035	      3.063	      2.961	           	      0.000	     21.000	      9.400	    166.728	      0.018	      0.021	     -0.005	
 2016/08/10	   3.075	   3.075	   3.075	   3.075	              0	      3.064	      3.042	      3.062	      2.965	           	      0.000	      0.000	      8.000	     37.976	      0.019	      0.020	     -0.003	
 2016/08/11	   3.071	   3.071	   3.071	   3.071	            200	      3.074	      3.046	      3.060	      2.968	           	      0.000	      2.000	      5.000	     11.216	      0.019	      0.020	     -0.002	
 2016/08/12	   3.051	   3.071	   3.051	   3.070	          10101	      3.073	      3.050	      3.057	      2.972	           	      0.000	    101.010	     24.802	     21.317	      0.019	      0.020	     -0.002	
 2016/08/15	   3.120	   3.160	   3.120	   3.159	          27290	      3.090	      3.070	      3.059	      2.977	           	      0.000	    272.900	     79.382	     47.691	      0.025	      0.021	      0.009	
 2016/08/16	   3.118	   3.160	   3.116	   3.140	          21303	      3.103	      3.080	      3.063	      2.983	           	      0.000	    213.030	    117.788	     63.594	      0.029	      0.022	      0.012	
 2016/08/17	   3.163	   3.170	   3.163	   3.169	          21900	      3.122	      3.093	      3.069	      2.989	           	      0.000	    219.000	    161.588	     84.794	      0.033	      0.025	      0.017	
 2016/08/18	   3.127	   3.191	   3.127	   3.173	          19843	      3.142	      3.108	      3.073	      2.995	           	      0.000	    198.430	    200.874	    102.937	      0.037	      0.027	      0.020	
 2016/08/19	   3.150	   3.162	   3.150	   3.162	           1714	      3.161	      3.117	      3.077	      3.000	           	      0.000	     17.140	    184.100	    104.451	      0.038	      0.029	      0.018	
 2016/08/22	   3.195	   3.195	   3.186	   3.186	            300	      3.166	      3.128	      3.082	      3.006	           	      0.000	      3.000	    130.120	    104.751	      0.041	      0.032	      0.019	
 2016/08/23	   3.200	   3.200	   3.150	   3.150	          10732	      3.168	      3.135	      3.085	      3.012	           	      0.000	    107.320	    108.978	    113.383	      0.040	      0.033	      0.013	
 2016/08/24	   3.150	   3.165	   3.150	   3.165	           4600	      3.167	      3.145	      3.093	      3.017	           	      0.000	     46.000	     74.378	    117.983	      0.040	      0.035	      0.010	
 2016/08/25	   3.138	   3.138	   3.137	   3.137	           2800	      3.160	      3.151	      3.099	      3.021	           	      0.000	     28.000	     40.292	    120.583	      0.037	      0.035	      0.003	
 2016/08/26	   3.034	   3.137	   3.034	   3.132	           8033	      3.154	      3.157	      3.104	      3.024	           	      0.000	     80.330	     52.930	    118.515	      0.034	      0.035	     -0.002	
 2016/08/29	   3.132	   3.132	   3.132	   3.132	              0	      3.143	      3.155	      3.112	      3.027	           	      0.000	      0.000	     52.330	     91.225	      0.031	      0.034	     -0.006	
 2016/08/30	   3.102	   3.102	   3.101	   3.101	           1300	      3.133	      3.151	      3.115	      3.029	           	      0.000	     13.000	     33.466	     71.222	      0.026	      0.032	     -0.013	
 2016/08/31	   3.033	   3.147	   3.030	   3.115	          10983	      3.123	      3.145	      3.119	      3.031	           	      0.000	    109.830	     46.232	     60.305	      0.023	      0.030	     -0.015	
 2016/09/01	   3.100	   3.100	   3.099	   3.100	           2783	      3.116	      3.138	      3.123	      3.033	           	      0.000	     27.830	     46.198	     43.245	      0.019	      0.028	     -0.019	
 2016/09/02	   3.063	   3.110	   3.063	   3.110	           2250	      3.112	      3.133	      3.125	      3.035	           	      0.000	     22.500	     34.632	     43.781	      0.016	      0.026	     -0.019	
 2016/09/05	   3.039	   3.107	   3.039	   3.107	          12900	      3.107	      3.125	      3.126	      3.039	           	      0.000	    129.000	     60.432	     56.381	      0.014	      0.023	     -0.019	
 2016/09/06	   3.090	   3.125	   3.035	   3.125	          10300	      3.111	      3.122	      3.129	      3.042	           	      0.000	    103.000	     78.432	     55.949	      0.013	      0.021	     -0.016	
 2016/09/07	   3.125	   3.137	   3.125	   3.125	          12083	      3.113	      3.118	      3.131	      3.044	           	      0.000	    120.830	     80.632	     63.432	      0.013	      0.020	     -0.014	
 2016/09/08	   3.134	   3.134	   3.134	   3.134	            100	      3.120	      3.118	      3.135	      3.047	           	      0.000	      1.000	     75.266	     60.732	      0.013	      0.018	     -0.011	
 2016/09/09	   3.134	   3.134	   3.105	   3.107	           1600	      3.120	      3.116	      3.136	      3.050	           	      0.000	     16.000	     73.966	     54.299	      0.011	      0.017	     -0.012	
 2016/09/12	   3.107	   3.107	   3.107	   3.107	              0	      3.120	      3.113	      3.134	      3.054	           	      0.000	      0.000	     48.166	     54.299	      0.009	      0.015	     -0.013	
 2016/09/13	   3.107	   3.107	   3.107	   3.107	              0	      3.116	      3.114	      3.132	      3.058	           	      0.000	      0.000	     27.566	     52.999	      0.007	      0.014	     -0.013	
 2016/09/14	   3.105	   3.105	   3.040	   3.041	           2783	      3.099	      3.106	      3.126	      3.060	           	      0.000	     27.830	      8.966	     44.799	      0.001	      0.011	     -0.021	
 2016/09/19	   3.044	   3.147	   3.044	   3.147	           2100	      3.102	      3.111	      3.125	      3.065	           	      0.000	     21.000	     12.966	     44.116	      0.004	      0.010	     -0.011	
 2016/09/20	   3.079	   3.087	   3.066	   3.079	           7900	      3.096	      3.108	      3.120	      3.069	           	      0.000	     79.000	     25.566	     49.766	      0.001	      0.008	     -0.014	
 2016/09/21	   3.050	   3.050	   3.050	   3.050	           1700	      3.085	      3.102	      3.114	      3.073	           	      0.000	     17.000	     28.966	     38.566	     -0.003	      0.006	     -0.018	
 2016/09/22	   3.109	   3.109	   3.091	   3.091	           2300	      3.082	      3.099	      3.111	      3.076	           	      0.000	     23.000	     33.566	     30.566	     -0.004	      0.004	     -0.015	
 2016/09/23	   3.089	   3.089	   3.089	   3.089	           2700	      3.091	      3.095	      3.107	      3.079	           	      0.000	     27.000	     33.400	     21.183	     -0.004	      0.002	     -0.013	
 2016/09/26	   3.055	   3.055	   3.046	   3.046	          27500	      3.071	      3.086	      3.102	      3.081	           	      0.000	    275.000	     84.200	     48.583	     -0.008	      0.000	     -0.016	
 2016/09/27	   3.040	   3.040	   3.040	   3.040	            400	      3.063	      3.080	      3.098	      3.083	           	      0.000	      4.000	     69.200	     47.383	     -0.011	     -0.002	     -0.018	
 2016/09/28	   3.040	   3.040	   3.039	   3.040	          19500	      3.061	      3.073	      3.093	      3.084	           	      0.000	    195.000	    104.800	     66.883	     -0.013	     -0.004	     -0.018	
 2016/09/29	   3.036	   3.070	   3.036	   3.070	           4300	      3.057	      3.069	      3.092	      3.085	           	      0.000	     43.000	    108.800	     71.183	     -0.013	     -0.006	     -0.014	
 2016/09/30	   3.180	   3.180	   3.017	   3.018	          26220	      3.043	      3.067	      3.087	      3.086	           	      0.000	    262.200	    155.840	     94.620	     -0.016	     -0.008	     -0.016	
 2016/10/10	   3.057	   3.087	   3.057	   3.084	          14200	      3.050	      3.061	      3.086	      3.088	           	      0.000	    142.000	    129.240	    106.720	     -0.014	     -0.009	     -0.009	
 2016/10/11	   3.107	   3.108	   3.091	   3.102	         104320	      3.063	      3.063	      3.085	      3.089	           	      0.000	   1043.200	    337.080	    203.140	     -0.010	     -0.009	     -0.001	
 2016/10/12	   3.041	   3.179	   3.041	   3.131	           4189	      3.081	      3.071	      3.087	      3.092	           	      0.000	     41.890	    306.458	    205.629	     -0.004	     -0.008	      0.008	
 2016/10/13	   3.141	   3.141	   3.141	   3.141	           1300	      3.095	      3.076	      3.087	      3.093	           	      0.000	     13.000	    300.458	    204.629	      0.001	     -0.007	      0.014	
 2016/10/14	   3.090	   3.090	   3.090	   3.090	           1100	      3.110	      3.076	      3.086	      3.093	           	      0.000	     11.000	    250.218	    203.029	      0.000	     -0.005	      0.011	
 2016/10/17	   3.118	   3.139	   3.118	   3.118	           1300	      3.116	      3.083	      3.085	      3.093	           	      0.000	     13.000	    224.418	    176.829	      0.003	     -0.004	      0.012	
 2016/10/18	   3.117	   3.118	   3.117	   3.118	           4300	      3.120	      3.091	      3.085	      3.093	           	      0.000	     43.000	     24.378	    180.729	      0.004	     -0.002	      0.012	
 2016/10/19	   3.140	   3.161	   3.065	   3.161	          64266	      3.126	      3.103	      3.088	      3.094	           	      0.000	    642.660	    144.532	    225.495	      0.009	      0.000	      0.017	
 2016/10/20	   3.155	   3.156	   3.110	   3.156	            800	      3.129	      3.112	      3.091	      3.095	           	      0.000	      8.000	    143.532	    221.995	      0.012	      0.003	      0.019	
 2016/10/21	   3.166	   3.166	   3.165	   3.165	            600	      3.144	      3.127	      3.097	      3.097	           	      0.000	      6.000	    142.532	    196.375	      0.015	      0.005	      0.020	
 2016/10/24	   3.125	   3.210	   3.125	   3.198	          50315	      3.160	      3.138	      3.099	      3.099	           	      0.000	    503.150	    240.562	    232.490	      0.020	      0.008	      0.024	
 2016/10/25	   3.197	   3.221	   3.197	   3.201	           4033	      3.176	      3.148	      3.105	      3.101	           	      0.000	     40.330	    240.028	    132.203	      0.024	      0.011	      0.025	
 2016/10/26	   3.134	   3.139	   3.133	   3.139	           7300	      3.172	      3.149	      3.110	      3.102	           	      0.000	     73.000	    126.096	    135.314	      0.021	      0.013	      0.017	
 2016/10/27	   3.144	   3.148	   3.141	   3.148	           5800	      3.170	      3.149	      3.113	      3.103	           	      0.000	     58.000	    136.096	    139.814	      0.020	      0.015	      0.011	
 2016/10/28	   3.168	   3.168	   3.103	   3.155	           1200	      3.168	      3.156	      3.116	      3.105	           	      0.000	     12.000	    137.296	    139.914	      0.020	      0.016	      0.008	
 2016/10/31	   3.109	   3.141	   3.109	   3.141	           4400	      3.157	      3.158	      3.121	      3.107	           	      0.000	     44.000	     45.466	    143.014	      0.018	      0.016	      0.003	
 2016/11/01	   3.126	   3.145	   3.126	   3.145	          11864	      3.146	      3.161	      3.126	      3.109	           	      0.000	    118.640	     61.128	    150.578	      0.016	      0.016	      0.001	
 2016/11/02	   3.140	   3.155	   3.139	   3.155	           2000	      3.149	      3.160	      3.132	      3.112	           	      0.000	     20.000	     50.528	     88.312	      0.016	      0.016	     -0.000	
 2016/11/03	   3.109	   3.160	   3.109	   3.140	          15297	      3.147	      3.159	      3.135	      3.114	           	      0.000	    152.970	     69.522	    102.809	      0.014	      0.016	     -0.003	
 2016/11/04	   3.141	   3.179	   3.140	   3.167	          19575	      3.150	      3.159	      3.143	      3.116	           	      0.000	    195.750	    106.272	    121.784	      0.015	      0.016	     -0.001	
 2016/11/07	   3.101	   3.182	   3.101	   3.165	           1000	      3.154	      3.156	      3.147	      3.119	           	      0.000	     10.000	     99.472	     72.469	      0.015	      0.015	     -0.001	
 2016/11/08	   3.136	   3.169	   3.136	   3.169	           6940	      3.159	      3.152	      3.150	      3.120	           	      0.000	     69.400	     89.624	     75.376	      0.015	      0.015	     -0.000	
 2016/11/09	   3.146	   3.221	   3.131	   3.221	           2600	      3.172	      3.161	      3.155	      3.123	           	      0.000	     26.000	     90.824	     70.676	      0.019	      0.016	      0.007	
 2016/11/10	   3.219	   3.261	   3.210	   3.250	          11700	      3.194	      3.171	      3.160	      3.125	           	      0.000	    117.000	     83.630	     76.576	      0.025	      0.018	      0.014	
 2016/11/11	   3.228	   3.228	   3.226	   3.226	           1000	      3.206	      3.178	      3.167	      3.128	           	      0.000	     10.000	     46.480	     76.376	      0.027	      0.020	      0.014	
 2016/11/14	   3.200	   3.280	   3.100	   3.228	           9398	      3.219	      3.187	      3.172	      3.131	           	      0.000	     93.980	     63.276	     81.374	      0.028	      0.021	      0.014	
 2016/11/15	   3.220	   3.220	   3.208	   3.209	           8940	      3.227	      3.193	      3.177	      3.133	           	      0.000	     89.400	     67.276	     78.450	      0.028	      0.023	      0.010	
 2016/11/16	   3.190	   3.225	   3.160	   3.225	           4800	      3.228	      3.200	      3.180	      3.134	           	      0.000	     48.000	     71.676	     81.250	      0.028	      0.024	      0.009	
 2016/11/17	   3.181	   3.223	   3.181	   3.223	           4200	      3.222	      3.208	      3.184	      3.135	           	      0.000	     42.000	     56.676	     70.153	      0.028	      0.025	      0.007	
 2016/11/18	   3.218	   3.218	   3.190	   3.190	           3500	      3.215	      3.211	      3.185	      3.136	           	      0.000	     35.000	     61.676	     54.078	      0.025	      0.025	      0.000	
 2016/11/21	   3.219	   3.250	   3.202	   3.202	           4900	      3.210	      3.214	      3.185	      3.136	           	      0.000	     49.000	     52.680	     57.978	      0.023	      0.024	     -0.003	
 2016/11/22	   3.230	   3.249	   3.207	   3.249	          11702	      3.218	      3.222	      3.187	      3.138	           	      0.000	    117.020	     58.204	     62.740	      0.025	      0.024	      0.001	
 2016/11/23	   3.278	   3.278	   3.220	   3.248	           7400	      3.222	      3.225	      3.193	      3.139	           	      0.000	     74.000	     63.404	     67.540	      0.026	      0.025	      0.003	
 2016/11/24	   3.276	   3.276	   3.269	   3.269	           6602	      3.232	      3.227	      3.199	      3.141	           	      0.000	     66.020	     68.208	     62.442	      0.029	      0.026	      0.006	
 2016/11/25	   3.200	   3.290	   3.200	   3.290	          14940	      3.252	      3.233	      3.206	      3.143	           	      0.000	    149.400	     91.088	     76.382	      0.032	      0.027	      0.010	
 2016/11/28	   3.288	   3.300	   3.249	   3.260	          21405	      3.263	      3.237	      3.212	      3.145	           	      0.000	    214.050	    124.098	     88.389	      0.032	      0.028	      0.008	
 2016/11/29	   3.278	   3.333	   3.272	   3.333	          18400	      3.280	      3.249	      3.221	      3.148	           	      0.000	    184.000	    137.494	     97.849	      0.037	      0.030	      0.015	
 2016/11/30	   3.340	   3.500	   3.340	   3.361	          64861	      3.303	      3.263	      3.231	      3.152	           	      0.000	    648.610	    252.416	    157.910	      0.043	      0.032	      0.021	
 2016/12/01	   3.362	   3.362	   3.271	   3.332	          23800	      3.315	      3.273	      3.241	      3.156	           	      0.000	    238.000	    286.812	    177.510	      0.045	      0.035	      0.020	
 2016/12/02	   3.334	   3.340	   3.284	   3.340	          16764	      3.325	      3.288	      3.250	      3.160	           	      0.000	    167.640	    290.460	    190.774	      0.046	      0.037	      0.019	
 2016/12/05	   3.194	   3.375	   3.194	   3.375	           2900	      3.348	      3.306	      3.260	      3.164	           	      0.000	     29.000	    253.450	    188.774	      0.050	      0.040	      0.020	
 2016/12/06	   3.316	   3.339	   3.280	   3.339	            400	      3.349	      3.315	      3.269	      3.168	           	      0.000	      4.000	    217.450	    177.472	      0.049	      0.042	      0.015	
 2016/12/07	   3.340	   3.375	   3.250	   3.298	           6464	      3.337	      3.320	      3.272	      3.171	           	      0.000	     64.640	    100.656	    176.536	      0.045	      0.042	      0.005	
 2016/12/08	   3.396	   3.396	   3.320	   3.320	          15100	      3.334	      3.325	      3.276	      3.174	           	      0.000	    151.000	     83.256	    185.034	      0.043	      0.042	      0.001	
 2016/12/09	   3.389	   3.389	   3.383	   3.383	          10100	      3.343	      3.334	      3.284	      3.179	           	      0.000	    101.000	     69.928	    180.194	      0.046	      0.043	      0.005	
 2016/12/12	   3.383	   3.383	   3.300	   3.300	           5701	      3.328	      3.338	      3.287	      3.182	           	      0.000	     57.010	     75.530	    164.490	      0.041	      0.043	     -0.004	
 2016/12/13	   3.230	   3.469	   3.230	   3.460	           4900	      3.352	      3.351	      3.300	      3.187	           	      0.000	     49.000	     84.530	    150.990	      0.049	      0.044	      0.010	
 2016/12/14	   3.232	   3.467	   3.232	   3.260	          76800	      3.345	      3.341	      3.302	      3.190	           	      0.000	    768.000	    225.202	    162.929	      0.039	      0.043	     -0.008	
 2016/12/15	   3.201	   3.328	   3.171	   3.300	           7700	      3.341	      3.338	      3.305	      3.193	           	      0.000	     77.000	    210.402	    146.829	      0.034	      0.041	     -0.014	
 2016/12/16	   3.081	   3.286	   3.080	   3.266	          29320	      3.317	      3.330	      3.309	      3.197	           	      0.000	    293.200	    248.842	    159.385	      0.027	      0.038	     -0.022	
 2016/12/19	   3.266	   3.270	   3.114	   3.168	          20800	      3.291	      3.309	      3.308	      3.197	           	      0.000	    208.000	    279.040	    177.285	      0.013	      0.033	     -0.040	
 2016/12/20	   3.150	   3.150	   3.115	   3.116	          32543	      3.222	      3.287	      3.301	      3.198	           	      0.000	    325.430	    334.326	    209.428	     -0.002	      0.026	     -0.056	
 2016/12/21	   3.116	   3.200	   3.116	   3.200	          22507	      3.210	      3.277	      3.299	      3.200	           	      0.000	    225.070	    225.740	    225.471	     -0.007	      0.020	     -0.053	
 2016/12/22	   3.170	   3.170	   3.170	   3.170	              9	      3.184	      3.262	      3.294	      3.202	           	      0.000	      0.090	    210.358	    210.380	     -0.013	      0.013	     -0.052	
 2016/12/23	   3.240	   3.240	   3.200	   3.240	           4009	      3.179	      3.248	      3.291	      3.204	           	      0.000	     40.090	    159.736	    204.289	     -0.012	      0.008	     -0.040	
 2016/12/26	   3.240	   3.240	   3.240	   3.240	              0	      3.193	      3.242	      3.290	      3.207	           	      0.000	      0.000	    118.136	    198.588	     -0.011	      0.004	     -0.031	
 2016/12/27	   3.240	   3.240	   3.240	   3.240	              0	      3.218	      3.220	      3.285	      3.211	           	      0.000	      0.000	     53.050	    193.688	     -0.010	      0.001	     -0.024	
 2016/12/28	   3.161	   3.161	   3.160	   3.160	           1200	      3.210	      3.210	      3.275	      3.213	           	      0.000	     12.000	     10.436	    118.088	     -0.016	     -0.002	     -0.028	
 2016/12/29	   3.142	   3.153	   3.110	   3.110	          10900	      3.198	      3.191	      3.264	      3.213	           	      0.000	    109.000	     32.218	    121.288	     -0.024	     -0.007	     -0.036	
 2016/12/30	   3.139	   3.233	   3.110	   3.150	          18500	      3.180	      3.179	      3.255	      3.216	           	      0.000	    185.000	     61.200	    110.468	     -0.027	     -0.011	     -0.033	
 2017/01/03	   3.165	   3.379	   3.151	   3.366	           1300	      3.205	      3.199	      3.254	      3.220	           	      0.000	     13.000	     63.800	     90.968	     -0.012	     -0.011	     -0.002	
 2017/01/04	   3.180	   3.343	   3.180	   3.338	          33000	      3.225	      3.221	      3.254	      3.224	           	      0.000	    330.000	    129.800	     91.425	     -0.002	     -0.009	      0.014	
 2017/01/05	   3.460	   3.460	   3.171	   3.330	           9400	      3.259	      3.234	      3.256	      3.228	           	      0.000	     94.000	    146.200	     78.318	      0.005	     -0.006	      0.022	
 2017/01/06	   3.221	   3.330	   3.204	   3.299	          24700	      3.297	      3.247	      3.255	      3.230	           	      0.000	    247.000	    173.800	    103.009	      0.008	     -0.004	      0.023	
 2017/01/09	   3.268	   3.268	   3.268	   3.268	           3200	      3.320	      3.250	      3.249	      3.233	           	      0.000	     32.000	    143.200	    102.200	      0.008	     -0.001	      0.018	
 2017/01/10	   3.229	   3.231	   3.229	   3.231	           2700	      3.293	      3.249	      3.246	      3.235	           	      0.000	     27.000	    146.000	    104.900	      0.004	     -0.000	      0.009	
 2017/01/11	   3.231	   3.231	   3.231	   3.231	              0	      3.272	      3.248	      3.234	      3.237	           	      0.000	      0.000	     80.000	    104.900	      0.002	      0.000	      0.003	
 2017/01/12	   3.231	   3.231	   3.231	   3.231	              0	      3.252	      3.255	      3.233	      3.238	           	      0.000	      0.000	     61.200	    103.700	     -0.000	      0.000	     -0.001	
 2017/01/13	   3.231	   3.231	   3.231	   3.231	              0	      3.238	      3.267	      3.229	      3.239	           	      0.000	      0.000	     11.800	     92.800	     -0.002	     -0.000	     -0.003	
 2017/01/16	   3.198	   3.198	   3.198	   3.198	           2064	      3.224	      3.272	      3.226	      3.240	           	      0.000	     20.640	      9.528	     76.364	     -0.006	     -0.001	     -0.009	
 2017/01/17	   3.198	   3.198	   3.198	   3.198	              0	      3.218	      3.255	      3.227	      3.240	           	      0.000	      0.000	      4.128	     75.064	     -0.009	     -0.003	     -0.012	
 2017/01/18	   3.185	   3.185	   3.141	   3.146	            900	      3.201	      3.236	      3.229	      3.239	           	      0.000	      9.000	      5.928	     42.964	     -0.015	     -0.005	     -0.019	
 2017/01/19	   3.146	   3.146	   3.146	   3.146	              0	      3.184	      3.218	      3.226	      3.239	           	      0.000	      0.000	      5.928	     33.564	     -0.020	     -0.008	     -0.023	
 2017/01/20	   3.199	   3.354	   3.150	   3.354	            400	      3.208	      3.223	      3.235	      3.243	           	      0.000	      4.000	      6.728	      9.264	     -0.007	     -0.008	      0.002	
 2017/01/23	   3.225	   3.327	   3.210	   3.327	           1900	      3.234	      3.229	      3.240	      3.245	           	      0.000	     19.000	      6.400	      7.964	      0.001	     -0.006	      0.015	
 2017/01/24	   3.220	   3.325	   3.211	   3.325	           1000	      3.260	      3.239	      3.244	      3.249	           	      0.000	     10.000	      8.400	      6.264	      0.008	     -0.003	      0.022	
 2017/01/25	   3.258	   3.258	   3.258	   3.258	            100	      3.282	      3.241	      3.245	      3.250	           	      0.000	      1.000	      6.800	      6.364	      0.007	     -0.001	      0.017	
 2017/01/26	   3.268	   3.268	   3.258	   3.268	           2900	      3.306	      3.245	      3.250	      3.252	           	      0.000	     29.000	     12.600	      9.264	      0.007	      0.000	      0.014	
 2017/02/03	   3.266	   3.266	   3.225	   3.225	            700	      3.281	      3.244	      3.256	      3.254	           	      0.000	      7.000	     13.200	      9.964	      0.004	      0.001	      0.006	
 2017/02/06	   3.225	   3.225	   3.225	   3.225	              0	      3.260	      3.247	      3.260	      3.255	           	      0.000	      0.000	      9.400	      7.900	      0.001	      0.001	      0.000	
 2017/02/07	   3.229	   3.343	   3.152	   3.343	          54500	      3.264	      3.262	      3.259	      3.258	           	      0.000	    545.000	    116.400	     62.400	      0.009	      0.003	      0.012	
 2017/02/08	   3.200	   3.298	   3.200	   3.298	          15800	      3.272	      3.277	      3.257	      3.260	           	      0.000	    158.000	    147.800	     77.300	      0.011	      0.004	      0.013	
 2017/02/09	   3.240	   3.298	   3.240	   3.297	           4500	      3.278	      3.292	      3.255	      3.261	           	      0.000	     45.000	    151.000	     81.800	      0.012	      0.006	      0.013	
 2017/02/10	   3.242	   3.290	   3.220	   3.290	           6900	      3.291	      3.286	      3.254	      3.262	           	      0.000	     69.000	    163.400	     88.300	      0.013	      0.007	      0.011	
 2017/02/13	   3.273	   3.273	   3.217	   3.217	           9900	      3.289	      3.275	      3.252	      3.262	           	      0.000	     99.000	    183.200	     96.300	      0.007	      0.007	     -0.000	
 2017/02/14	   3.242	   3.250	   3.200	   3.241	          17600	      3.269	      3.266	      3.252	      3.262	           	      0.000	    176.000	    109.400	    112.900	      0.004	      0.007	     -0.005	
 2017/02/15	   3.243	   3.243	   3.238	   3.238	            200	      3.257	      3.264	      3.253	      3.262	           	      0.000	      2.000	     78.200	    113.000	      0.002	      0.006	     -0.007	
 2017/02/16	   3.237	   3.238	   3.230	   3.237	           4300	      3.245	      3.261	      3.253	      3.262	           	      0.000	     43.000	     77.800	    114.400	      0.000	      0.005	     -0.009	
 2017/02/17	   3.230	   3.237	   3.179	   3.220	          20783	      3.231	      3.261	      3.253	      3.262	           	      0.000	    207.830	    105.566	    134.483	     -0.003	      0.003	     -0.012	
 2017/02/20	   3.219	   3.275	   3.152	   3.267	          51832	      3.241	      3.265	      3.256	      3.264	           	      0.000	    518.320	    189.430	    186.315	     -0.001	      0.002	     -0.007	
 2017/02/21	   3.266	   3.337	   3.260	   3.325	          49766	      3.257	      3.263	      3.262	      3.266	           	      0.000	    497.660	    253.762	    181.581	      0.005	      0.003	      0.004	
 2017/02/22	   3.243	   3.300	   3.243	   3.284	          45200	      3.267	      3.262	      3.269	      3.266	           	      0.000	    452.000	    343.762	    210.981	      0.006	      0.003	      0.005	
 2017/02/23	   3.284	   3.340	   3.245	   3.269	          21300	      3.273	      3.259	      3.275	      3.267	           	      0.000	    213.000	    377.762	    227.781	      0.006	      0.004	      0.004	
 2017/02/24	   3.272	   3.298	   3.265	   3.298	           7137	      3.289	      3.260	      3.273	      3.267	           	      0.000	     71.370	    350.470	    228.018	      0.008	      0.005	      0.006	
 2017/02/27	   3.278	   3.299	   3.224	   3.298	          25100	      3.295	      3.268	      3.271	      3.267	           	      0.000	    251.000	    297.006	    243.218	      0.009	      0.005	      0.007	
 2017/02/28	   3.277	   3.296	   3.277	   3.288	           8600	      3.287	      3.272	      3.269	      3.268	           	      0.000	     86.000	    214.674	    234.218	      0.009	      0.006	      0.006	
 2017/03/01	   3.277	   3.302	   3.226	   3.302	          27702	      3.291	      3.279	      3.272	      3.267	           	      0.000	    277.020	    179.678	    261.720	      0.011	      0.007	      0.007	
 2017/03/02	   3.269	   3.270	   3.225	   3.268	           7900	      3.291	      3.282	      3.272	      3.266	           	      0.000	     79.000	    152.878	    265.320	      0.009	      0.007	      0.003	
 2017/03/03	   3.265	   3.265	   3.230	   3.247	           1800	      3.281	      3.285	      3.273	      3.264	           	      0.000	     18.000	    142.204	    246.337	      0.006	      0.007	     -0.003	
 2017/03/06	   3.247	   3.250	   3.218	   3.218	          58103	      3.265	      3.280	      3.272	      3.262	           	      0.000	    581.030	    208.210	    252.608	      0.001	      0.006	     -0.010	
 2017/03/07	   3.218	   3.247	   3.218	   3.247	           3800	      3.256	      3.272	      3.267	      3.260	           	      0.000	     38.000	    198.610	    206.642	     -0.001	      0.004	     -0.011	
 2017/03/08	   3.221	   3.240	   3.221	   3.240	           2303	      3.244	      3.267	      3.265	      3.258	           	      0.000	     23.030	    147.812	    163.745	     -0.003	      0.003	     -0.011	
 2017/03/09	   3.181	   3.230	   3.181	   3.228	          11185	      3.236	      3.263	      3.261	      3.257	           	      0.000	    111.850	    154.382	    153.630	     -0.005	      0.001	     -0.013	
 2017/03/10	   3.227	   3.232	   3.222	   3.231	           8100	      3.233	      3.257	      3.258	      3.256	           	      0.000	     81.000	    166.982	    154.593	     -0.006	     -0.000	     -0.013	
 2017/03/13	   3.200	   3.215	   3.200	   3.215	          11100	      3.232	      3.248	      3.258	      3.253	           	      0.000	    111.000	     72.976	    140.593	     -0.009	     -0.002	     -0.014	
 2017/03/14	   3.251	   3.266	   3.251	   3.258	          24500	      3.234	      3.245	      3.259	      3.252	           	      0.000	    245.000	    114.376	    156.493	     -0.007	     -0.003	     -0.009	
 2017/03/15	   3.479	   3.479	   3.260	   3.320	           8695	      3.250	      3.247	      3.263	      3.250	           	      0.000	     86.950	    127.160	    137.486	     -0.001	     -0.003	      0.003	
 2017/03/16	   3.320	   3.333	   3.315	   3.333	           5700	      3.271	      3.254	      3.268	      3.251	           	      0.000	     57.000	    116.190	    135.286	      0.005	     -0.001	      0.012	
 2017/03/17	   3.290	   3.290	   3.252	   3.252	          13200	      3.276	      3.254	      3.269	      3.250	           	      0.000	    132.000	    126.390	    146.686	      0.003	     -0.000	      0.007	
 2017/03/20	   3.348	   3.348	   3.242	   3.325	           7600	      3.298	      3.265	      3.272	      3.251	           	      0.000	     76.000	    119.390	     96.183	      0.008	      0.001	      0.013	
 2017/03/21	   3.316	   3.316	   3.306	   3.306	           4700	      3.307	      3.271	      3.271	      3.254	           	      0.000	     47.000	     79.790	     97.083	      0.009	      0.003	      0.013	
 2017/03/22	   3.306	   3.306	   3.233	   3.295	          16664	      3.302	      3.276	      3.272	      3.257	           	      0.000	    166.640	     95.728	    111.444	      0.010	      0.004	      0.011	
 2017/03/23	   3.240	   3.310	   3.240	   3.298	           7700	      3.295	      3.283	      3.273	      3.258	           	      0.000	     77.000	     99.728	    107.959	      0.010	      0.006	      0.010	
 2017/03/24	   3.221	   3.319	   3.213	   3.307	          14199	      3.306	      3.291	      3.274	      3.261	           	      0.000	    141.990	    101.726	    114.058	      0.011	      0.007	      0.009	
 2017/03/27	   3.235	   3.303	   3.235	   3.303	           9635	      3.302	      3.300	      3.274	      3.262	           	      0.000	     96.350	    105.796	    112.593	      0.012	      0.008	      0.008	
 2017/03/28	   3.247	   3.297	   3.247	   3.297	           1700	      3.300	      3.304	      3.274	      3.263	           	      0.000	     17.000	     99.796	     89.793	      0.011	      0.008	      0.006	
 2017/03/29	   3.254	   3.290	   3.254	   3.290	           6000	      3.299	      3.301	      3.274	      3.263	           	      0.000	     60.000	     78.468	     87.098	      0.010	      0.009	      0.003	
 2017/03/30	   3.231	   3.270	   3.231	   3.270	           4300	      3.293	      3.294	      3.274	      3.265	           	      0.000	     43.000	     71.668	     85.698	      0.008	      0.009	     -0.002	
 2017/03/31	   3.182	   3.449	   3.182	   3.318	          12800	      3.296	      3.301	      3.278	      3.269	           	      0.000	    128.000	     68.870	     85.298	      0.010	      0.009	      0.002	
 2017/04/05	   3.320	   3.334	   3.241	   3.334	          14100	      3.302	      3.302	      3.283	      3.272	           	      0.000	    141.000	     77.800	     91.798	      0.012	      0.010	      0.005	
 2017/04/06	   3.299	   3.310	   3.273	   3.298	           8500	      3.302	      3.301	      3.286	      3.271	           	      0.000	     85.000	     91.400	     95.598	      0.011	      0.010	      0.003	
 2017/04/07	   3.329	   3.329	   3.253	   3.317	          15400	      3.307	      3.303	      3.290	      3.270	           	      0.000	    154.000	    110.200	     94.334	      0.012	      0.010	      0.003	
 2017/04/10	   3.283	   3.373	   3.283	   3.350	           2500	      3.323	      3.308	      3.296	      3.271	           	      0.000	     25.000	    106.600	     89.134	      0.015	      0.011	      0.007	
 2017/04/11	   3.302	   3.344	   3.281	   3.344	           2900	      3.329	      3.312	      3.302	      3.271	           	      0.000	     29.000	     86.800	     77.835	      0.016	      0.012	      0.009	
 2017/04/12	   3.342	   3.342	   3.270	   3.321	           3400	      3.326	      3.314	      3.307	      3.272	           	      0.000	     34.000	     65.400	     71.600	      0.016	      0.013	      0.006	
 2017/04/13	   3.246	   3.350	   3.246	   3.326	           3900	      3.332	      3.317	      3.310	      3.274	           	      0.000	     39.000	     56.200	     73.800	      0.015	      0.013	      0.004	
 2017/04/14	   3.325	   3.325	   3.246	   3.299	          21300	      3.328	      3.318	      3.309	      3.275	           	      0.000	    213.000	     68.000	     89.100	      0.013	      0.013	     -0.001	
 2017/04/17	   3.266	   3.267	   3.237	   3.238	           6900	      3.306	      3.315	      3.304	      3.275	           	      0.000	     69.000	     76.800	     91.700	      0.006	      0.012	     -0.012	
 2017/04/18	   3.239	   3.340	   3.239	   3.280	          20000	      3.293	      3.311	      3.306	      3.276	           	      0.000	    200.000	    111.000	     98.900	      0.004	      0.010	     -0.013	
 2017/04/19	   3.319	   3.319	   3.231	   3.270	           6666	      3.283	      3.304	      3.303	      3.277	           	      0.000	     66.660	    117.532	     91.466	      0.001	      0.008	     -0.015	
 2017/04/20	   3.313	   3.313	   3.231	   3.293	           6900	      3.276	      3.304	      3.302	      3.279	           	      0.000	     69.000	    123.532	     89.866	      0.001	      0.007	     -0.012	
 2017/04/21	   3.220	   3.318	   3.220	   3.291	           4300	      3.274	      3.301	      3.302	      3.281	           	      0.000	     43.000	     89.532	     78.766	      0.000	      0.006	     -0.010	
 2017/04/24	   3.186	   3.288	   3.186	   3.288	          10420	      3.284	      3.295	      3.302	      3.283	           	      0.000	    104.200	     96.572	     86.686	     -0.000	      0.004	     -0.009	
 2017/04/25	   3.253	   3.265	   3.242	   3.264	          11020	      3.281	      3.287	      3.300	      3.282	           	      0.000	    110.200	     78.612	     94.806	     -0.002	      0.003	     -0.011	
 2017/04/26	   3.207	   3.287	   3.207	   3.268	           3800	      3.281	      3.282	      3.298	      3.281	           	      0.000	     38.000	     72.880	     95.206	     -0.004	      0.002	     -0.011	
 2017/04/27	   3.181	   3.266	   3.181	   3.247	           9200	      3.272	      3.274	      3.295	      3.280	           	      0.000	     92.000	     77.480	    100.506	     -0.007	      0.000	     -0.013	
 2017/04/28	   3.209	   3.264	   3.209	   3.264	           7300	      3.266	      3.270	      3.294	      3.280	           	      0.000	     73.000	     83.480	     86.506	     -0.007	     -0.001	     -0.012	
 2017/05/02	   3.246	   3.246	   3.231	   3.232	           3500	      3.255	      3.270	      3.292	      3.279	           	      0.000	     35.000	     69.640	     83.106	     -0.010	     -0.003	     -0.014	
 2017/05/03	   3.255	   3.255	   3.199	   3.236	           8800	      3.249	      3.265	      3.288	      3.279	           	      0.000	     88.000	     65.200	     71.906	     -0.012	     -0.005	     -0.015	
 2017/05/04	   3.203	   3.241	   3.201	   3.241	          20900	      3.244	      3.262	      3.283	      3.280	           	      0.000	    209.000	     99.400	     86.140	     -0.013	     -0.007	     -0.013	
 2017/05/05	   3.203	   3.210	   3.203	   3.209	           6700	      3.236	      3.254	      3.279	      3.277	           	      0.000	     67.000	     94.400	     85.940	     -0.017	     -0.009	     -0.016	
 2017/05/08	   3.202	   3.214	   3.176	   3.188	          55700	      3.221	      3.244	      3.272	      3.276	           	      0.000	    557.000	    191.200	    137.340	     -0.020	     -0.011	     -0.019	
 2017/05/09	   3.192	   3.222	   3.190	   3.216	          16100	      3.218	      3.237	      3.266	      3.274	           	      0.000	    161.000	    216.400	    143.020	     -0.021	     -0.013	     -0.016	
 2017/05/10	   3.209	   3.214	   3.160	   3.214	         103101	      3.214	      3.231	      3.259	      3.273	           	      0.000	   1031.010	    405.002	    235.101	     -0.022	     -0.015	     -0.014	
 2017/05/11	   3.214	   3.214	   3.214	   3.214	              0	      3.208	      3.226	      3.254	      3.273	           	      0.000	      0.000	    363.202	    231.301	     -0.022	     -0.016	     -0.011	
 2017/05/12	   3.171	   3.216	   3.171	   3.216	           9701	      3.210	      3.223	      3.248	      3.273	           	      0.000	     97.010	    369.204	    231.802	     -0.021	     -0.017	     -0.008	
 2017/05/15	   3.207	   3.207	   3.200	   3.206	            702	      3.213	      3.217	      3.244	      3.272	           	      0.000	      7.020	    259.208	    225.204	     -0.022	     -0.018	     -0.007	
 2017/05/16	   3.200	   3.457	   3.190	   3.457	         123185	      3.261	      3.240	      3.255	      3.276	           	      0.000	   1231.850	    473.378	    344.889	     -0.002	     -0.015	      0.026	
 2017/05/17	   3.260	   3.293	   3.260	   3.293	         176586	      3.277	      3.245	      3.255	      3.277	           	      0.000	   1765.860	    620.348	    512.675	      0.001	     -0.012	      0.025	
 2017/05/18	   3.239	   3.246	   3.226	   3.246	           3120	      3.284	      3.246	      3.254	      3.276	           	      0.000	     31.200	    626.588	    494.895	     -0.001	     -0.009	      0.018	
 2017/05/19	   3.217	   3.217	   3.217	   3.217	            300	      3.284	      3.247	      3.250	      3.275	           	      0.000	      3.000	    607.786	    488.495	     -0.004	     -0.008	      0.008	
 2017/05/22	   3.228	   3.228	   3.223	   3.223	           1500	      3.287	      3.250	      3.247	      3.274	           	      0.000	     15.000	    609.382	    434.295	     -0.007	     -0.008	      0.003	
 2017/05/23	   3.240	   3.288	   3.232	   3.232	          11000	      3.242	      3.252	      3.244	      3.273	           	      0.000	    110.000	    385.012	    429.195	     -0.008	     -0.008	      0.001	
 2017/05/24	   3.228	   3.288	   3.223	   3.288	          55848	      3.241	      3.259	      3.245	      3.273	           	      0.000	    558.480	    143.536	    381.942	     -0.004	     -0.007	      0.007	
 2017/05/25	   3.287	   3.300	   3.274	   3.300	          22700	      3.252	      3.268	      3.247	      3.273	           	      0.000	    227.000	    182.696	    404.642	      0.000	     -0.006	      0.012	
 2017/05/26	   3.298	   3.300	   3.298	   3.299	           2621	      3.268	      3.276	      3.250	      3.273	           	      0.000	     26.210	    187.338	    397.562	      0.003	     -0.004	      0.014	
 2017/05/31	   3.455	   3.455	   3.225	   3.350	          14700	      3.294	      3.290	      3.254	      3.274	           	      0.000	    147.000	    213.738	    411.560	      0.009	     -0.001	      0.021	
 2017/06/01	   3.352	   3.352	   3.301	   3.301	          16400	      3.308	      3.275	      3.257	      3.274	           	      0.000	    164.000	    224.538	    304.775	      0.010	      0.001	      0.019	
 2017/06/02	   3.316	   3.316	   3.298	   3.300	          58900	      3.310	      3.276	      3.260	      3.275	           	      0.000	    589.000	    230.642	    187.089	      0.011	      0.003	      0.016	
 2017/06/05	   3.290	   3.290	   3.288	   3.290	            600	      3.308	      3.280	      3.263	      3.277	           	      0.000	      6.000	    186.442	    184.569	      0.011	      0.005	      0.012	
 2017/06/06	   3.281	   3.321	   3.280	   3.318	           7700	      3.312	      3.290	      3.268	      3.278	           	      0.000	     77.000	    196.600	    191.969	      0.012	      0.006	      0.012	
 2017/06/07	   3.302	   3.440	   3.302	   3.418	          39200	      3.325	      3.310	      3.280	      3.281	           	      0.000	    392.000	    245.600	    229.669	      0.022	      0.009	      0.025	
 2017/06/08	   3.351	   3.356	   3.333	   3.355	          29300	      3.336	      3.322	      3.287	      3.283	           	      0.000	    293.000	    271.400	    247.969	      0.023	      0.012	      0.023	
 2017/06/09	   3.356	   3.388	   3.350	   3.373	         253601	      3.351	      3.330	      3.295	      3.285	           	      0.000	   2536.010	    660.802	    445.722	      0.026	      0.015	      0.023	
 2017/06/12	   3.359	   3.424	   3.359	   3.410	          61600	      3.375	      3.341	      3.305	      3.288	           	      0.000	    616.000	    782.802	    484.622	      0.031	      0.018	      0.026	
 2017/06/13	   3.362	   3.425	   3.362	   3.425	          26664	      3.396	      3.354	      3.315	      3.291	           	      0.000	    266.640	    820.730	    508.665	      0.035	      0.022	      0.028	
 2017/06/14	   3.424	   3.429	   3.345	   3.429	         252365	      3.398	      3.362	      3.326	      3.293	           	      0.000	   2523.650	   1247.060	    746.330	      0.039	      0.025	      0.028	
 2017/06/15	   3.361	   3.427	   3.361	   3.427	          46147	      3.413	      3.375	      3.325	      3.295	           	      0.000	    461.470	   1280.754	    776.077	      0.041	      0.028	      0.026	
 2017/06/16	   3.427	   3.427	   3.427	   3.427	           3700	      3.424	      3.387	      3.331	      3.298	           	      0.000	     37.000	    780.952	    720.877	      0.042	      0.031	      0.022	
 2017/06/19	   3.368	   3.455	   3.368	   3.444	          21815	      3.430	      3.403	      3.341	      3.299	           	      0.000	    218.150	    701.382	    742.092	      0.044	      0.034	      0.021	
 2017/06/20	   3.439	   3.439	   3.390	   3.436	           5300	      3.433	      3.414	      3.352	      3.302	           	      0.000	     53.000	    658.654	    739.692	      0.044	      0.036	      0.017	
 2017/06/21	   3.455	   3.474	   3.455	   3.472	         168691	      3.441	      3.420	      3.365	      3.305	           	      0.000	   1686.910	    491.306	    869.183	      0.047	      0.038	      0.018	
 2017/06/22	   3.490	   3.601	   3.490	   3.595	          71128	      3.475	      3.444	      3.383	      3.310	           	      0.000	    711.280	    541.268	    911.011	      0.058	      0.042	      0.032	
 2017/06/23	   3.555	   3.618	   3.450	   3.603	          17300	      3.510	      3.467	      3.399	      3.315	           	      0.000	    173.000	    568.468	    674.710	      0.067	      0.047	      0.040	
 2017/06/26	   3.468	   3.603	   3.468	   3.600	           6400	      3.541	      3.486	      3.414	      3.319	           	      0.000	     64.000	    537.638	    619.510	      0.073	      0.052	      0.041	
 2017/06/27	   3.588	   3.650	   3.570	   3.570	          12700	      3.568	      3.500	      3.427	      3.324	           	      0.000	    127.000	    552.438	    605.546	      0.074	      0.057	      0.035	
 2017/06/28	   3.527	   3.630	   3.527	   3.570	          21914	      3.588	      3.514	      3.438	      3.329	           	      0.000	    219.140	    258.884	    375.095	      0.075	      0.060	      0.029	
 2017/06/29	   3.570	   3.608	   3.459	   3.608	          16900	      3.590	      3.533	      3.454	      3.334	           	      0.000	    169.000	    150.428	    345.848	      0.077	      0.064	      0.027	
 2017/06/30	   3.572	   3.636	   3.534	   3.537	          16400	      3.577	      3.543	      3.465	      3.338	           	      0.000	    164.000	    148.628	    358.548	      0.072	      0.065	      0.014	
 2017/07/03	   3.626	   3.626	   3.531	   3.533	           9300	      3.564	      3.552	      3.477	      3.341	           	      0.000	     93.000	    154.428	    346.033	      0.068	      0.066	      0.003	
 2017/07/04	   3.870	   3.872	   3.472	   3.574	          21214	      3.564	      3.566	      3.490	      3.346	           	      0.000	    212.140	    171.456	    361.947	      0.066	      0.066	      0.001	
 2017/07/05	   3.440	   3.682	   3.440	   3.635	          12900	      3.577	      3.582	      3.501	      3.351	           	      0.000	    129.000	    153.428	    206.156	      0.069	      0.067	      0.006	
 2017/07/06	   3.532	   3.587	   3.532	   3.551	           8597	      3.566	      3.578	      3.511	      3.355	           	      0.000	     85.970	    136.822	    143.625	      0.064	      0.066	     -0.004	
 2017/07/07	   3.480	   3.630	   3.480	   3.510	           4600	      3.561	      3.569	      3.518	      3.357	           	      0.000	     46.000	    113.222	    130.925	      0.056	      0.064	     -0.016	
 2017/07/10	   3.500	   3.500	   3.490	   3.500	           4100	      3.554	      3.559	      3.522	      3.360	           	      0.000	     41.000	    102.822	    128.625	      0.049	      0.061	     -0.025	
 2017/07/11	   3.500	   3.578	   3.500	   3.569	          24600	      3.553	      3.559	      3.530	      3.364	           	      0.000	    246.000	    109.594	    140.525	      0.048	      0.058	     -0.022	
 2017/07/12	   3.569	   3.569	   3.500	   3.569	           8800	      3.540	      3.559	      3.536	      3.369	           	      0.000	     88.000	    101.394	    127.411	      0.046	      0.056	     -0.019	
 2017/07/13	   3.600	   3.600	   3.491	   3.588	          11000	      3.547	      3.557	      3.545	      3.375	           	      0.000	    110.000	    106.200	    121.511	      0.046	      0.054	     -0.016	
 2017/07/14	   3.506	   3.587	   3.505	   3.587	           3800	      3.563	      3.562	      3.553	      3.380	           	      0.000	     38.000	    104.600	    108.911	      0.046	      0.052	     -0.014	
 2017/07/17	   3.473	   3.500	   3.312	   3.472	          17400	      3.557	      3.556	      3.554	      3.383	           	      0.000	    174.000	    131.200	    117.011	      0.035	      0.049	     -0.027	
 2017/07/18	   3.556	   3.557	   3.554	   3.555	          26300	      3.554	      3.554	      3.560	      3.388	           	      0.000	    263.000	    134.600	    122.097	      0.034	      0.046	     -0.025	
 2017/07/19	   3.480	   3.637	   3.470	   3.548	           7800	      3.550	      3.545	      3.564	      3.392	           	      0.000	     78.000	    132.600	    116.997	      0.031	      0.043	     -0.024	
 2017/07/20	   3.588	   3.588	   3.478	   3.587	          23717	      3.550	      3.549	      3.563	      3.397	           	      0.000	    237.170	    158.034	    132.117	      0.032	      0.041	     -0.017	
 2017/07/21	   3.512	   3.560	   3.512	   3.560	           3332	      3.544	      3.553	      3.561	      3.402	           	      0.000	     33.320	    157.098	    130.849	      0.030	      0.039	     -0.017	
 2017/07/24	   3.552	   3.552	   3.508	   3.546	          14800	      3.559	      3.558	      3.558	      3.406	           	      0.000	    148.000	    151.898	    141.549	      0.027	      0.036	     -0.018	
 2017/07/25	   3.515	   3.538	   3.470	   3.538	           7300	      3.556	      3.555	      3.557	      3.411	           	      0.000	     73.000	    113.898	    124.249	      0.024	      0.034	     -0.020	
 2017/07/26	   3.538	   3.538	   3.538	   3.538	              0	      3.554	      3.552	      3.555	      3.416	           	      0.000	      0.000	     98.298	    115.449	      0.021	      0.031	     -0.020	
 2017/07/27	   3.546	   3.546	   3.546	   3.546	            800	      3.546	      3.548	      3.552	      3.421	           	      0.000	      8.000	     52.464	    105.249	      0.020	      0.029	     -0.019	
 2017/07/28	   3.599	   3.599	   3.499	   3.576	           4000	      3.549	      3.547	      3.554	      3.427	           	      0.000	     40.000	     53.800	    105.449	      0.020	      0.027	     -0.014	
 2017/07/31	   3.498	   3.545	   3.490	   3.545	          24730	      3.549	      3.554	      3.555	      3.432	           	      0.000	    247.300	     73.660	    112.779	      0.018	      0.026	     -0.014	
 2017/08/01	   3.500	   3.510	   3.476	   3.490	          22200	      3.539	      3.547	      3.550	      3.436	           	      0.000	    222.000	    103.460	    108.679	      0.012	      0.023	     -0.022	
 2017/08/02	   3.485	   3.493	   3.480	   3.493	           3700	      3.530	      3.542	      3.543	      3.441	           	      0.000	     37.000	    110.860	    104.579	      0.007	      0.020	     -0.025	
 2017/08/03	   3.480	   3.493	   3.451	   3.451	          17200	      3.511	      3.528	      3.538	      3.445	           	      0.000	    172.000	    143.660	     98.062	      0.000	      0.016	     -0.031	
 2017/08/04	   3.488	   3.492	   3.456	   3.456	          20200	      3.487	      3.518	      3.536	      3.449	           	      0.000	    202.000	    176.060	    114.930	     -0.005	      0.012	     -0.034	
 2017/08/07	   3.440	   3.465	   3.414	   3.456	          22000	      3.469	      3.509	      3.533	      3.453	           	      0.000	    220.000	    170.600	    122.130	     -0.009	      0.007	     -0.033	
 2017/08/08	   3.455	   3.465	   3.440	   3.465	           2117	      3.464	      3.502	      3.528	      3.458	           	      0.000	     21.170	    130.434	    116.947	     -0.012	      0.004	     -0.030	
 2017/08/09	   3.458	   3.465	   3.427	   3.465	          21100	      3.459	      3.494	      3.523	      3.462	           	      0.000	    211.000	    165.234	    138.047	     -0.013	      0.000	     -0.027	
 2017/08/10	   3.450	   3.463	   3.426	   3.462	          10217	      3.461	      3.486	      3.517	      3.462	           	      0.000	    102.170	    151.268	    147.464	     -0.015	     -0.003	     -0.024	
 2017/08/11	   3.404	   3.445	   3.404	   3.422	          12900	      3.454	      3.470	      3.509	      3.464	           	      0.000	    129.000	    136.668	    156.364	     -0.019	     -0.006	     -0.026	
 2017/08/14	   3.411	   3.458	   3.411	   3.458	           8748	      3.454	      3.462	      3.508	      3.468	           	      0.000	     87.480	    110.164	    140.382	     -0.019	     -0.009	     -0.021	
 2017/08/15	   3.427	   3.473	   3.427	   3.471	          12717	      3.456	      3.460	      3.504	      3.472	           	      0.000	    127.170	    131.364	    130.899	     -0.018	     -0.010	     -0.015	
 2017/08/16	   3.460	   3.460	   3.430	   3.448	           1400	      3.452	      3.455	      3.499	      3.476	           	      0.000	     14.000	     91.964	    128.599	     -0.019	     -0.012	     -0.013	
 2017/08/17	   3.467	   3.484	   3.464	   3.466	          36931	      3.453	      3.457	      3.493	      3.480	           	      0.000	    369.310	    145.392	    148.330	     -0.018	     -0.013	     -0.009	
 2017/08/18	   3.465	   3.476	   3.465	   3.476	           2932	      3.464	      3.459	      3.488	      3.483	           	      0.000	     29.320	    125.456	    131.062	     -0.016	     -0.014	     -0.004	
 2017/08/21	   3.476	   3.514	   3.456	   3.507	          13648	      3.474	      3.464	      3.486	      3.486	           	      0.000	    136.480	    135.256	    122.710	     -0.012	     -0.013	      0.003	
 2017/08/22	   3.487	   3.518	   3.451	   3.511	          16100	      3.482	      3.469	      3.485	      3.490	           	      0.000	    161.000	    142.022	    136.693	     -0.008	     -0.012	      0.008	
 2017/08/23	   3.510	   3.510	   3.471	   3.505	         115316	      3.493	      3.473	      3.483	      3.492	           	      0.000	   1153.160	    369.854	    230.909	     -0.005	     -0.011	      0.011	
 2017/08/24	   3.492	   3.507	   3.471	   3.507	          18300	      3.501	      3.477	      3.481	      3.496	           	      0.000	    183.000	    332.592	    238.992	     -0.003	     -0.009	      0.012	
 2017/08/25	   3.479	   3.553	   3.479	   3.549	         199016	      3.516	      3.490	      3.480	      3.500	           	      0.000	   1990.160	    724.760	    425.108	      0.002	     -0.007	      0.018	
 2017/08/28	   3.531	   3.700	   3.520	   3.687	         312261	      3.552	      3.513	      3.487	      3.506	           	      0.000	   3122.610	   1321.986	    728.621	      0.017	     -0.002	      0.038	
 2017/08/29	   3.685	   3.705	   3.643	   3.705	          46039	      3.591	      3.536	      3.498	      3.513	           	      0.000	    460.390	   1381.864	    761.943	      0.030	      0.004	      0.051	
 2017/08/30	   3.701	   3.730	   3.644	   3.644	          53212	      3.618	      3.556	      3.506	      3.517	           	      0.000	    532.120	   1257.656	    813.755	      0.035	      0.010	      0.049	
 2017/08/31	   3.600	   3.830	   3.560	   3.776	           6000	      3.672	      3.587	      3.522	      3.524	           	      0.000	     60.000	   1233.056	    782.824	      0.049	      0.018	      0.062	
 2017/09/01	   3.761	   3.779	   3.702	   3.770	           5400	      3.716	      3.616	      3.537	      3.530	           	      0.000	     54.000	    845.824	    785.292	      0.059	      0.026	      0.065	
 2017/09/04	   3.780	   3.795	   3.780	   3.781	           9416	      3.735	      3.644	      3.554	      3.537	           	      0.000	     94.160	    240.134	    781.060	      0.067	      0.034	      0.065	
 2017/09/05	   3.771	   3.785	   3.771	   3.780	           1995	      3.750	      3.670	      3.569	      3.542	           	      0.000	     19.950	    152.046	    766.955	      0.072	      0.042	      0.061	
 2017/09/06	   3.700	   3.790	   3.700	   3.781	          17200	      3.778	      3.698	      3.585	      3.548	           	      0.000	    172.000	     80.022	    668.839	      0.076	      0.049	      0.054	
 2017/09/07	   3.735	   3.735	   3.735	   3.735	            100	      3.769	      3.721	      3.599	      3.553	           	      0.000	      1.000	     68.222	    650.639	      0.074	      0.054	      0.040	
 2017/09/08	   3.760	   3.760	   3.667	   3.667	           2416	      3.749	      3.733	      3.611	      3.557	           	      0.000	     24.160	     62.254	    454.039	      0.066	      0.056	      0.020	
 2017/09/11	   3.630	   3.795	   3.630	   3.780	          30200	      3.749	      3.742	      3.627	      3.563	           	      0.000	    302.000	    103.822	    171.978	      0.068	      0.059	      0.020	
 2017/09/12	   3.777	   3.802	   3.675	   3.796	          19230	      3.752	      3.751	      3.644	      3.569	           	      0.000	    192.300	    138.292	    145.169	      0.071	      0.061	      0.019	
 2017/09/13	   3.796	   3.796	   3.703	   3.703	            300	      3.736	      3.757	      3.656	      3.573	           	      0.000	      3.000	    104.492	     92.257	      0.064	      0.062	      0.005	
 2017/09/14	   3.705	   3.765	   3.705	   3.757	           5600	      3.741	      3.755	      3.671	      3.576	           	      0.000	     56.000	    115.492	     91.857	      0.063	      0.062	      0.002	
 2017/09/15	   3.702	   3.788	   3.618	   3.788	          12600	      3.765	      3.757	      3.686	      3.579	           	      0.000	    126.000	    135.860	     99.057	      0.063	      0.062	      0.002	
 2017/09/18	   3.768	   3.800	   3.705	   3.800	          26010	      3.769	      3.759	      3.701	      3.582	           	      0.000	    260.100	    127.480	    115.651	      0.064	      0.063	      0.003	
 2017/09/19	   3.775	   3.775	   3.728	   3.730	            700	      3.756	      3.754	      3.712	      3.585	           	      0.000	      7.000	     90.420	    114.356	      0.058	      0.062	     -0.007	
 2017/09/20	   3.710	   3.799	   3.693	   3.796	           2900	      3.774	      3.755	      3.727	      3.588	           	      0.000	     29.000	     95.620	    100.056	      0.058	      0.061	     -0.005	
 2017/09/21	   3.706	   3.747	   3.706	   3.742	           3800	      3.771	      3.756	      3.738	      3.591	           	      0.000	     38.000	     92.020	    103.756	      0.053	      0.060	     -0.012	
 2017/09/22	   3.778	   3.778	   3.706	   3.775	           2100	      3.769	      3.767	      3.750	      3.595	           	      0.000	     21.000	     71.020	    103.440	      0.052	      0.058	     -0.013	
 2017/09/25	   3.710	   3.710	   3.699	   3.710	           4900	      3.751	      3.760	      3.751	      3.598	           	      0.000	     49.000	     28.800	     78.140	      0.044	      0.055	     -0.022	
 2017/09/26	   3.665	   3.665	   3.665	   3.665	            110	      3.738	      3.747	      3.749	      3.599	           	      0.000	      1.100	     27.620	     59.020	      0.035	      0.051	     -0.033	
 2017/09/27	   3.668	   3.670	   3.667	   3.670	           2010	      3.712	      3.743	      3.750	      3.600	           	      0.000	     20.100	     25.840	     60.730	      0.027	      0.046	     -0.038	
 2017/09/28	   3.674	   3.744	   3.674	   3.744	          15133	      3.713	      3.742	      3.749	      3.603	           	      0.000	    151.330	     48.506	     70.263	      0.027	      0.042	     -0.031	
 2017/09/29	   3.678	   3.678	   3.678	   3.678	          31700	      3.693	      3.731	      3.744	      3.606	           	      0.000	    317.000	    107.706	     89.363	      0.021	      0.038	     -0.034	
 2017/10/09	   3.752	   3.756	   3.608	   3.749	          29433	      3.701	      3.726	      3.742	      3.610	           	      0.000	    294.330	    156.772	     92.786	      0.022	      0.035	     -0.026	
 2017/10/10	   3.740	   3.747	   3.671	   3.744	           4800	      3.717	      3.727	      3.740	      3.613	           	      0.000	     48.000	    166.152	     96.886	      0.022	      0.032	     -0.021	
 2017/10/11	   3.742	   3.742	   3.654	   3.739	           9700	      3.731	      3.722	      3.738	      3.616	           	      0.000	     97.000	    181.532	    103.686	      0.021	      0.030	     -0.018	
 2017/10/12	   3.675	   3.729	   3.658	   3.729	           6505	      3.728	      3.720	      3.738	      3.618	           	      0.000	     65.050	    164.276	    106.391	      0.020	      0.028	     -0.017	
 2017/10/13	   3.729	   3.729	   3.710	   3.710	           8800	      3.734	      3.714	      3.740	      3.620	           	      0.000	     88.000	    118.476	    113.091	      0.017	      0.026	     -0.018	
 2017/10/16	   3.744	   3.744	   3.680	   3.738	          10960	      3.732	      3.717	      3.738	      3.624	           	      0.000	    109.600	     81.530	    119.151	      0.016	      0.024	     -0.015	
 2017/10/17	   3.738	   3.738	   3.725	   3.725	            200	      3.728	      3.723	      3.735	      3.627	           	      0.000	      2.000	     72.330	    119.241	      0.015	      0.022	     -0.014	
 2017/10/18	   3.788	   3.788	   3.738	   3.739	          13970	      3.728	      3.730	      3.736	      3.630	           	      0.000	    139.700	     80.870	    131.201	      0.015	      0.021	     -0.012	
 2017/10/19	   3.700	   3.837	   3.700	   3.797	           9300	      3.742	      3.735	      3.738	      3.634	           	      0.000	     93.000	     86.460	    125.368	      0.019	      0.020	     -0.002	
 2017/10/20	   3.780	   3.799	   3.699	   3.797	          17470	      3.759	      3.747	      3.739	      3.638	           	      0.000	    174.700	    103.800	    111.138	      0.022	      0.021	      0.003	
 2017/10/23	   3.798	   3.798	   3.733	   3.798	          11600	      3.771	      3.752	      3.739	      3.642	           	      0.000	    116.000	    105.080	     93.305	      0.025	      0.021	      0.006	
 2017/10/24	   3.788	   3.790	   3.788	   3.790	           1100	      3.784	      3.756	      3.742	      3.646	           	      0.000	     11.000	    106.880	     89.605	      0.025	      0.022	      0.006	
 2017/10/25	   3.818	   3.818	   3.737	   3.795	          21770	      3.795	      3.762	      3.742	      3.651	           	      0.000	    217.700	    122.480	    101.675	      0.026	      0.023	      0.006	
 2017/10/26	   3.794	   3.795	   3.753	   3.794	          26270	      3.795	      3.768	      3.744	      3.655	           	      0.000	    262.700	    156.420	    121.440	      0.026	      0.024	      0.006	
 2017/10/27	   3.760	   3.791	   3.752	   3.791	           2500	      3.794	      3.776	      3.745	      3.658	           	      0.000	     25.000	    126.480	    115.140	      0.026	      0.024	      0.004	
 2017/10/30	   3.791	   3.839	   3.791	   3.830	          31600	      3.800	      3.786	      3.751	      3.663	           	      0.000	    316.000	    166.480	    135.780	      0.029	      0.025	      0.007	
 2017/10/31	   3.830	   3.840	   3.770	   3.801	          11400	      3.802	      3.793	      3.758	      3.668	           	      0.000	    114.000	    187.080	    146.980	      0.028	      0.026	      0.005	
 2017/11/01	   3.801	   3.801	   3.778	   3.799	           1300	      3.803	      3.799	      3.764	      3.673	           	      0.000	     13.000	    146.140	    134.310	      0.027	      0.026	      0.002	
 2017/11/02	   3.703	   3.842	   3.702	   3.842	          16714	      3.813	      3.804	      3.769	      3.680	           	      0.000	    167.140	    127.028	    141.724	      0.029	      0.027	      0.006	
 2017/11/03	   3.842	   3.842	   3.728	   3.729	          18883	      3.800	      3.797	      3.772	      3.684	           	      0.000	    188.830	    159.794	    143.137	      0.022	      0.026	     -0.008	
 2017/11/06	   3.713	   3.830	   3.713	   3.797	           5700	      3.794	      3.797	      3.774	      3.690	           	      0.000	     57.000	    107.994	    137.237	      0.021	      0.025	     -0.007	
 2017/11/07	   3.788	   3.790	   3.781	   3.789	           5400	      3.791	      3.797	      3.776	      3.695	           	      0.000	     54.000	     95.994	    141.537	      0.020	      0.024	     -0.008	
 2017/11/08	   3.789	   3.789	   3.779	   3.786	           9300	      3.789	      3.796	      3.779	      3.701	           	      0.000	     93.000	    111.994	    129.067	      0.018	      0.023	     -0.009	
 2017/11/09	   3.780	   3.888	   3.780	   3.870	          23261	      3.794	      3.803	      3.786	      3.708	           	      0.000	    232.610	    125.088	    126.058	      0.023	      0.023	      0.001	
 2017/11/10	   3.800	   3.885	   3.800	   3.885	          17782	      3.825	      3.813	      3.795	      3.715	           	      0.000	    177.820	    122.886	    141.340	      0.028	      0.024	      0.009	
 2017/11/13	   3.880	   3.890	   3.805	   3.890	          30202	      3.844	      3.819	      3.802	      3.723	           	      0.000	    302.020	    171.890	    139.942	      0.032	      0.026	      0.014	
 2017/11/14	   3.850	   3.850	   3.816	   3.846	          12520	      3.855	      3.823	      3.808	      3.729	           	      0.000	    125.200	    186.130	    141.062	      0.032	      0.027	      0.010	
 2017/11/15	   3.846	   3.846	   3.770	   3.829	          14700	      3.864	      3.826	      3.813	      3.735	           	      0.000	    147.000	    196.930	    154.462	      0.029	      0.027	      0.004	
 2017/11/16	   3.800	   3.840	   3.742	   3.840	          35120	      3.858	      3.826	      3.815	      3.741	           	      0.000	    351.200	    220.648	    172.868	      0.028	      0.028	      0.001	
 2017/11/17	   3.800	   3.828	   3.765	   3.793	          40246	      3.840	      3.832	      3.815	      3.747	           	      0.000	    402.460	    265.576	    194.231	      0.023	      0.027	     -0.007	
 2017/11/20	   3.752	   3.785	   3.752	   3.785	          11200	      3.819	      3.831	      3.814	      3.751	           	      0.000	    112.000	    227.572	    199.731	      0.018	      0.025	     -0.013	
 2017/11/21	   3.786	   3.918	   3.786	   3.870	          33732	      3.823	      3.839	      3.818	      3.757	           	      0.000	    337.320	    269.996	    228.063	      0.021	      0.024	     -0.006	
 2017/11/22	   3.870	   3.898	   3.772	   3.854	          21000	      3.828	      3.846	      3.821	      3.763	           	      0.000	    210.000	    282.596	    239.763	      0.022	      0.024	     -0.004	
 2017/11/23	   3.890	   3.890	   3.801	   3.802	           8600	      3.821	      3.839	      3.821	      3.768	           	      0.000	     86.000	    229.556	    225.102	      0.018	      0.023	     -0.009	
 2017/11/24	   3.800	   3.878	   3.675	   3.866	          15900	      3.835	      3.838	      3.825	      3.773	           	      0.000	    159.000	    180.864	    223.220	      0.020	      0.022	     -0.005	
 2017/11/27	   3.865	   3.865	   3.722	   3.723	          25500	      3.823	      3.821	      3.820	      3.774	           	      0.000	    255.000	    209.464	    218.518	      0.010	      0.019	     -0.020	
 2017/11/28	   3.773	   3.777	   3.702	   3.764	          18800	      3.802	      3.813	      3.818	      3.775	           	      0.000	    188.000	    179.600	    224.798	      0.005	      0.017	     -0.024	
 2017/11/29	   3.712	   3.753	   3.700	   3.749	           5300	      3.781	      3.805	      3.815	      3.777	           	      0.000	     53.000	    148.200	    215.398	     -0.000	      0.013	     -0.027	
 2017/11/30	   3.749	   3.749	   3.712	   3.721	           4900	      3.765	      3.793	      3.809	      3.776	           	      0.000	     49.000	    140.800	    185.178	     -0.006	      0.009	     -0.031	
 2017/12/01	   3.721	   3.769	   3.703	   3.769	           3600	      3.745	      3.790	      3.811	      3.776	           	      0.000	     36.000	    116.200	    148.532	     -0.007	      0.006	     -0.027	
 2017/12/04	   3.767	   3.768	   3.767	   3.768	           4900	      3.754	      3.789	      3.810	      3.775	           	      0.000	     49.000	     75.000	    142.232	     -0.008	      0.003	     -0.022	
 2017/12/05	   3.820	   3.820	   3.819	   3.820	          20200	      3.765	      3.784	      3.812	      3.776	           	      0.000	    202.000	     77.800	    128.700	     -0.004	      0.002	     -0.012	
 2017/12/06	   3.710	   3.862	   3.622	   3.859	           6800	      3.787	      3.784	      3.815	      3.777	           	      0.000	     68.000	     80.800	    114.500	      0.002	      0.002	      0.000	
 2017/12/07	   3.840	   3.840	   3.761	   3.763	           3600	      3.796	      3.780	      3.810	      3.778	           	      0.000	     36.000	     78.200	    109.500	     -0.001	      0.001	     -0.005	
 2017/12/08	   3.711	   3.797	   3.711	   3.762	           1900	      3.794	      3.770	      3.804	      3.780	           	      0.000	     19.000	     74.800	     95.500	     -0.004	      0.000	     -0.008	
 2017/12/11	   3.738	   3.800	   3.738	   3.800	           3300	      3.801	      3.777	      3.799	      3.780	           	      0.000	     33.000	     71.600	     73.300	     -0.003	     -0.000	     -0.004	
 2017/12/12	   3.776	   3.776	   3.743	   3.764	           6400	      3.790	      3.777	      3.795	      3.779	           	      0.000	     64.000	     44.000	     60.900	     -0.004	     -0.001	     -0.006	
 2017/12/13	   3.760	   3.760	   3.758	   3.758	          14900	      3.769	      3.778	      3.792	      3.780	           	      0.000	    149.000	     60.200	     70.500	     -0.006	     -0.002	     -0.008	
 2017/12/14	   3.745	   3.758	   3.707	   3.758	          11800	      3.768	      3.782	      3.787	      3.780	           	      0.000	    118.000	     76.600	     77.400	     -0.008	     -0.003	     -0.009	
 2017/12/15	   3.757	   3.757	   3.757	   3.757	            100	      3.767	      3.781	      3.786	      3.780	           	      0.000	      1.000	     73.000	     73.900	     -0.009	     -0.004	     -0.009	
 2017/12/18	   3.741	   3.741	   3.711	   3.722	           4000	      3.752	      3.776	      3.782	      3.778	           	      0.000	     40.000	     74.400	     73.000	     -0.012	     -0.006	     -0.013	
 2017/12/19	   3.700	   3.700	   3.670	   3.695	           7500	      3.738	      3.764	      3.774	      3.778	           	      0.000	     75.000	     76.600	     60.300	     -0.017	     -0.008	     -0.018	
 2017/12/20	   3.631	   3.690	   3.631	   3.689	            300	      3.724	      3.747	      3.765	      3.776	           	      0.000	      3.000	     47.400	     53.800	     -0.021	     -0.011	     -0.021	
 2017/12/21	   3.687	   3.745	   3.632	   3.745	          23361	      3.722	      3.745	      3.763	      3.776	           	      0.000	    233.610	     70.522	     73.561	     -0.020	     -0.013	     -0.014	
 2017/12/22	   3.715	   3.743	   3.699	   3.700	          17200	      3.710	      3.739	      3.754	      3.775	           	      0.000	    172.000	    104.722	     88.861	     -0.022	     -0.014	     -0.015	
 2017/12/25	   3.719	   3.719	   3.665	   3.684	           8282	      3.703	      3.727	      3.752	      3.774	           	      0.000	     82.820	    113.286	     93.843	     -0.025	     -0.016	     -0.016	
 2017/12/26	   3.670	   3.682	   3.667	   3.682	           4300	      3.700	      3.719	      3.748	      3.775	           	      0.000	     43.000	    106.886	     91.743	     -0.027	     -0.019	     -0.016	
 2017/12/27	   3.680	   3.732	   3.635	   3.647	          20700	      3.692	      3.708	      3.743	      3.774	           	      0.000	    207.000	    147.686	     97.543	     -0.031	     -0.021	     -0.019	
 2017/12/28	   3.647	   3.668	   3.620	   3.668	           9536	      3.676	      3.699	      3.740	      3.773	           	      0.000	     95.360	    120.036	     95.279	     -0.032	     -0.023	     -0.017	
 2017/12/29	   3.666	   3.677	   3.649	   3.664	          23600	      3.669	      3.690	      3.735	      3.773	           	      0.000	    236.000	    132.836	    118.779	     -0.033	     -0.025	     -0.015	
 2018/01/02	   3.666	   3.716	   3.660	   3.706	          42500	      3.673	      3.688	      3.732	      3.772	           	      0.000	    425.000	    201.272	    157.279	     -0.030	     -0.026	     -0.007	
 2018/01/03	   3.706	   3.721	   3.702	   3.708	          17224	      3.679	      3.689	      3.727	      3.771	           	      0.000	    172.240	    227.120	    167.003	     -0.027	     -0.026	     -0.001	
 2018/01/04	   3.752	   3.929	   3.740	   3.823	          90215	      3.714	      3.703	      3.725	      3.773	           	      0.000	    902.150	    366.150	    256.918	     -0.015	     -0.024	      0.018	
 2018/01/05	   3.795	   3.888	   3.777	   3.860	          92545	      3.752	      3.714	      3.730	      3.775	           	      0.000	    925.450	    532.168	    326.102	     -0.003	     -0.020	      0.034	
 2018/01/08	   3.857	   3.886	   3.849	   3.870	          44701	      3.793	      3.731	      3.735	      3.778	           	      0.000	    447.010	    574.370	    353.603	      0.008	     -0.014	      0.044	
 2018/01/09	   3.871	   3.894	   3.870	   3.890	          86600	      3.830	      3.752	      3.740	      3.780	           	      0.000	    866.000	    662.570	    431.921	      0.018	     -0.008	      0.051	
 2018/01/10	   3.884	   3.896	   3.862	   3.886	          29750	      3.866	      3.772	      3.746	      3.783	           	      0.000	    297.500	    687.622	    457.371	      0.025	     -0.001	      0.052	
 2018/01/11	   3.874	   3.886	   3.859	   3.883	           7261	      3.878	      3.796	      3.752	      3.785	           	      0.000	     72.610	    521.714	    443.932	      0.030	      0.005	      0.050	
 2018/01/12	   3.888	   3.892	   3.866	   3.880	          54800	      3.882	      3.817	      3.758	      3.787	           	      0.000	    548.000	    446.224	    489.196	      0.033	      0.010	      0.045	
 2018/01/15	   3.868	   3.879	   3.863	   3.865	          67866	      3.881	      3.837	      3.763	      3.788	           	      0.000	    678.660	    492.554	    533.462	      0.034	      0.015	      0.038	
 2018/01/16	   3.846	   3.863	   3.839	   3.849	         262492	      3.873	      3.851	      3.770	      3.789	           	      0.000	   2624.920	    844.338	    753.454	      0.033	      0.019	      0.029	
 2018/01/17	   3.866	   3.874	   3.847	   3.862	          93960	      3.868	      3.867	      3.778	      3.790	           	      0.000	    939.600	    972.758	    830.190	      0.033	      0.022	      0.023	
 2018/01/18	   3.848	   3.874	   3.848	   3.869	          70460	      3.865	      3.871	      3.787	      3.791	           	      0.000	    704.600	   1099.156	    810.435	      0.033	      0.024	      0.019	
 2018/01/19	   3.876	   3.907	   3.874	   3.878	         187853	      3.865	      3.873	      3.794	      3.793	           	      0.000	   1878.530	   1365.262	    905.743	      0.034	      0.026	      0.016	
 2018/01/22	   3.900	   3.943	   3.868	   3.942	         958100	      3.880	      3.880	      3.806	      3.795	           	      0.000	   9581.000	   3145.730	   1819.142	      0.039	      0.029	      0.021	
 2018/01/23	   3.954	   3.974	   3.949	   3.971	         183458	      3.904	      3.888	      3.820	      3.797	           	      0.000	   1834.580	   2987.662	   1916.000	      0.045	      0.032	      0.026	
 2018/01/24	   3.971	   3.994	   3.946	   3.994	         761400	      3.931	      3.899	      3.836	      3.801	           	      0.000	   7614.000	   4322.542	   2647.650	      0.051	      0.036	      0.030	
 2018/01/25	   3.991	   3.994	   3.971	   3.979	        1099900	      3.953	      3.909	      3.852	      3.804	           	      0.000	  10999.000	   6381.422	   3740.289	      0.054	      0.039	      0.029	
 2018/01/26	   3.979	   4.005	   3.979	   4.000	         776783	      3.977	      3.921	      3.869	      3.806	           	      0.000	   7767.830	   7559.282	   4462.272	      0.057	      0.043	      0.028	
 2018/01/29	   3.981	   4.008	   3.918	   3.918	          53400	      3.972	      3.926	      3.882	      3.809	           	      0.000	    534.000	   5749.882	   4447.806	      0.052	      0.045	      0.015	
 2018/01/30	   3.932	   3.953	   3.909	   3.909	          44683	      3.960	      3.932	      3.892	      3.811	           	      0.000	    446.830	   5472.332	   4229.997	      0.047	      0.045	      0.004	
 2018/01/31	   3.909	   3.916	   3.886	   3.899	          84800	      3.941	      3.936	      3.901	      3.813	           	      0.000	    848.000	   4119.132	   4220.837	      0.042	      0.045	     -0.005	
 2018/02/01	   3.886	   3.908	   3.851	   3.859	          55001	      3.917	      3.935	      3.903	      3.814	           	      0.000	    550.010	   2029.334	   4205.378	      0.035	      0.043	     -0.016	
 2018/02/02	   3.835	   3.897	   3.834	   3.895	          92700	      3.896	      3.937	      3.905	      3.815	           	      0.000	    927.000	    661.168	   4110.225	      0.031	      0.040	     -0.019	
 2018/02/05	   3.899	   3.899	   3.866	   3.892	          65946	      3.891	      3.932	      3.906	      3.815	           	      0.000	    659.460	    686.260	   3218.071	      0.028	      0.038	     -0.020	
 2018/02/06	   3.834	   3.838	   3.749	   3.751	          89299	      3.859	      3.910	      3.899	      3.813	           	      0.000	    892.990	    775.492	   3123.912	      0.013	      0.033	     -0.039	
 2018/02/07	   3.802	   3.808	   3.682	   3.689	          42400	      3.817	      3.879	      3.889	      3.810	           	      0.000	    424.000	    690.692	   2404.912	     -0.003	      0.026	     -0.057	
 2018/02/08	   3.670	   3.712	   3.646	   3.658	         143600	      3.777	      3.847	      3.878	      3.807	           	      0.000	   1436.000	    867.890	   1448.612	     -0.018	      0.017	     -0.070	
 2018/02/09	   3.600	   3.978	   3.438	   3.511	         158054	      3.700	      3.798	      3.859	      3.802	           	      0.000	   1580.540	    998.598	    829.883	     -0.042	      0.005	     -0.094	
 2018/02/12	   3.542	   3.568	   3.525	   3.562	         104400	      3.634	      3.763	      3.844	      3.798	           	      0.000	   1044.000	   1075.506	    880.883	     -0.055	     -0.007	     -0.097	
 2018/02/13	   3.512	   3.623	   3.512	   3.593	          48400	      3.603	      3.731	      3.832	      3.795	           	      0.000	    484.000	    993.708	    884.600	     -0.063	     -0.018	     -0.090	
 2018/02/14	   3.589	   3.608	   3.582	   3.603	          41500	      3.585	      3.701	      3.819	      3.790	           	      0.000	    415.000	    991.908	    841.300	     -0.068	     -0.028	     -0.079	
 2018/02/22	   3.667	   3.703	   3.665	   3.700	          73500	      3.594	      3.685	      3.810	      3.788	           	      0.000	    735.000	    851.708	    859.799	     -0.063	     -0.035	     -0.055	
 2018/02/23	   3.694	   3.721	   3.677	   3.706	          82520	      3.633	      3.667	      3.802	      3.786	           	      0.000	    825.200	    700.640	    849.619	     -0.057	     -0.039	     -0.036	
 2018/02/26	   3.728	   3.767	   3.706	   3.758	          67000	      3.672	      3.653	      3.792	      3.784	           	      0.000	    670.000	    625.840	    850.673	     -0.049	     -0.041	     -0.015	
 2018/02/27	   3.800	   3.800	   3.718	   3.723	          63800	      3.698	      3.650	      3.780	      3.784	           	      0.000	    638.000	    656.640	    825.174	     -0.044	     -0.042	     -0.004	
 2018/02/28	   3.679	   3.714	   3.671	   3.694	          30600	      3.716	      3.651	      3.765	      3.783	           	      0.000	    306.000	    634.840	    813.374	     -0.042	     -0.042	     -0.001	
 2018/03/01	   3.670	   3.727	   3.670	   3.723	           2000	      3.721	      3.657	      3.752	      3.783	           	      0.000	     20.000	    491.840	    671.774	     -0.038	     -0.041	      0.006	
 2018/03/02	   3.750	   3.750	   3.687	   3.688	          38800	      3.717	      3.675	      3.737	      3.782	           	      0.000	    388.000	    404.400	    552.520	     -0.037	     -0.040	      0.007	
 2018/03/05	   3.680	   3.682	   3.675	   3.682	          15200	      3.702	      3.687	      3.725	      3.781	           	      0.000	    152.000	    300.800	    463.320	     -0.036	     -0.040	      0.006	
 2018/03/06	   3.714	   3.742	   3.705	   3.742	          41300	      3.706	      3.702	      3.716	      3.780	           	      0.000	    413.000	    255.800	    456.220	     -0.031	     -0.038	      0.014	
 2018/03/07	   3.742	   3.747	   3.703	   3.708	          14100	      3.709	      3.712	      3.707	      3.778	           	      0.000	    141.000	    222.800	    428.820	     -0.028	     -0.036	      0.015	
 2018/03/08	   3.706	   3.732	   3.700	   3.732	          47581	      3.710	      3.716	      3.701	      3.776	           	      0.000	    475.810	    313.962	    402.901	     -0.025	     -0.034	      0.018	
 2018/03/09	   3.729	   3.763	   3.729	   3.763	          14200	      3.725	      3.721	      3.694	      3.776	           	      0.000	    142.000	    264.762	    334.581	     -0.019	     -0.031	      0.024	
 2018/03/12	   3.780	   3.800	   3.780	   3.796	         124300	      3.748	      3.725	      3.689	      3.777	           	      0.000	   1243.000	    482.962	    391.881	     -0.011	     -0.027	      0.031	
 2018/03/13	   3.786	   3.798	   3.771	   3.771	          80609	      3.754	      3.730	      3.690	      3.776	           	      0.000	    806.090	    561.580	    408.690	     -0.007	     -0.023	      0.031	
 2018/03/14	   3.702	   3.756	   3.702	   3.755	          25800	      3.763	      3.736	      3.693	      3.776	           	      0.000	    258.000	    584.980	    403.890	     -0.006	     -0.019	      0.028	
 2018/03/15	   3.742	   3.755	   3.733	   3.755	          14100	      3.768	      3.739	      3.698	      3.776	           	      0.000	    141.000	    518.018	    415.990	     -0.004	     -0.016	      0.025	
 2018/03/16	   3.761	   3.763	   3.738	   3.738	          34700	      3.763	      3.744	      3.710	      3.776	           	      0.000	    347.000	    559.018	    411.890	     -0.004	     -0.014	      0.020	
 2018/03/19	   3.837	   3.837	   3.720	   3.740	          26962	      3.752	      3.750	      3.718	      3.775	           	      0.000	    269.620	    364.342	    423.652	     -0.004	     -0.012	      0.016	
 2018/03/20	   3.714	   3.740	   3.709	   3.740	          40996	      3.746	      3.750	      3.726	      3.776	           	      0.000	    409.960	    285.116	    423.348	     -0.004	     -0.010	      0.013	
 2018/03/21	   3.760	   3.762	   3.745	   3.745	           3400	      3.744	      3.753	      3.733	      3.777	           	      0.000	     34.000	    240.316	    412.648	     -0.003	     -0.009	      0.011	
 2018/03/22	   3.680	   3.705	   3.680	   3.705	           8900	      3.734	      3.751	      3.733	      3.777	           	      0.000	     89.000	    229.916	    373.967	     -0.006	     -0.008	      0.005	
 2018/03/23	   3.615	   3.615	   3.525	   3.578	          54000	      3.702	      3.732	      3.727	      3.774	           	      0.000	    540.000	    268.516	    413.767	     -0.018	     -0.010	     -0.016	
 2018/03/26	   3.534	   3.551	   3.498	   3.537	          83100	      3.661	      3.706	      3.716	      3.771	           	      0.000	    831.000	    380.792	    372.567	     -0.031	     -0.014	     -0.033	
 2018/03/27	   3.591	   3.602	   3.580	   3.592	          98720	      3.631	      3.688	      3.709	      3.770	           	      0.000	    987.200	    496.240	    390.678	     -0.036	     -0.019	     -0.034	
 2018/03/28	   3.547	   3.573	   3.536	   3.539	          33300	      3.590	      3.667	      3.701	      3.767	           	      0.000	    333.000	    556.040	    398.178	     -0.044	     -0.024	     -0.040	
 2018/03/29	   3.533	   3.597	   3.516	   3.588	          83600	      3.567	      3.650	      3.695	      3.766	           	      0.000	    836.000	    705.440	    467.678	     -0.046	     -0.028	     -0.035	
 2018/03/30	   3.591	   3.604	   3.589	   3.596	          16399	      3.570	      3.636	      3.690	      3.765	           	      0.000	    163.990	    630.238	    449.377	     -0.046	     -0.032	     -0.028	
 2018/04/02	   3.596	   3.642	   3.596	   3.631	          39100	      3.589	      3.625	      3.688	      3.765	           	      0.000	    391.000	    542.238	    461.515	     -0.043	     -0.034	     -0.018	
 2018/04/03	   3.589	   3.593	   3.575	   3.593	           2900	      3.589	      3.610	      3.680	      3.763	           	      0.000	     29.000	    350.598	    423.419	     -0.043	     -0.036	     -0.014	
 2018/04/04	   3.599	   3.610	   3.584	   3.584	          30500	      3.598	      3.594	      3.674	      3.761	           	      0.000	    305.000	    344.998	    450.519	     -0.043	     -0.037	     -0.012	
 2018/04/09	   3.560	   3.565	   3.559	   3.565	          18696	      3.594	      3.580	      3.666	      3.756	           	      0.000	    186.960	    215.190	    460.315	     -0.044	     -0.038	     -0.011	
 2018/04/10	   3.571	   3.600	   3.571	   3.600	           3400	      3.595	      3.582	      3.657	      3.752	           	      0.000	     34.000	    189.192	    409.715	     -0.042	     -0.039	     -0.005	
 2018/04/11	   3.617	   3.630	   3.616	   3.616	           8800	      3.592	      3.590	      3.648	      3.748	           	      0.000	     88.000	    128.592	    335.415	     -0.038	     -0.039	      0.001	
 2018/04/12	   3.668	   3.668	   3.587	   3.587	          22500	      3.590	      3.590	      3.639	      3.743	           	      0.000	    225.000	    167.792	    259.195	     -0.037	     -0.039	      0.003	
 2018/04/13	   3.608	   3.608	   3.578	   3.580	          17100	      3.590	      3.594	      3.630	      3.738	           	      0.000	    171.000	    140.992	    242.995	     -0.037	     -0.038	      0.003	
 2018/04/16	   3.557	   3.560	   3.514	   3.543	          20100	      3.585	      3.589	      3.620	      3.732	           	      0.000	    201.000	    143.800	    179.495	     -0.039	     -0.038	     -0.001	
 2018/04/17	   3.542	   3.542	   3.471	   3.473	          30300	      3.560	      3.577	      3.607	      3.725	           	      0.000	    303.000	    197.600	    193.396	     -0.046	     -0.040	     -0.012	
 2018/04/18	   3.490	   3.502	   3.455	   3.500	          26600	      3.537	      3.564	      3.595	      3.719	           	      0.000	    266.000	    233.200	    180.896	     -0.048	     -0.042	     -0.013	
 2018/04/19	   3.532	   3.543	   3.528	   3.528	           8300	      3.525	      3.558	      3.584	      3.714	           	      0.000	     83.000	    204.800	    186.296	     -0.048	     -0.043	     -0.010	
 2018/04/20	   3.518	   3.518	   3.470	   3.478	          12700	      3.504	      3.547	      3.571	      3.707	           	      0.000	    127.000	    196.000	    168.496	     -0.050	     -0.044	     -0.012	
 2018/04/23	   3.479	   3.479	   3.451	   3.466	          14400	      3.489	      3.537	      3.559	      3.701	           	      0.000	    144.000	    184.600	    164.200	     -0.053	     -0.046	     -0.014	
 2018/04/24	   3.531	   3.546	   3.531	   3.546	          20800	      3.504	      3.532	      3.557	      3.695	           	      0.000	    208.000	    165.600	    181.600	     -0.048	     -0.046	     -0.003	
 2018/04/25	   3.542	   3.546	   3.542	   3.544	          17000	      3.512	      3.524	      3.557	      3.689	           	      0.000	    170.000	    146.400	    189.800	     -0.044	     -0.046	      0.004	
 2018/04/26	   3.580	   3.580	   3.489	   3.489	          55300	      3.505	      3.515	      3.552	      3.680	           	      0.000	    553.000	    240.400	    222.600	     -0.044	     -0.046	      0.002	
 2018/04/27	   3.495	   3.495	   3.483	   3.483	           6100	      3.506	      3.505	      3.549	      3.672	           	      0.000	     61.000	    227.200	    211.600	     -0.045	     -0.046	      0.001	
 2018/05/02	   3.493	   3.508	   3.488	   3.492	          25000	      3.511	      3.500	      3.545	      3.664	           	      0.000	    250.000	    248.400	    216.500	     -0.044	     -0.045	      0.002	
 2018/05/03	   3.490	   3.542	   3.483	   3.537	          13400	      3.509	      3.506	      3.542	      3.656	           	      0.000	    134.000	    233.600	    199.600	     -0.039	     -0.044	      0.010	
 2018/05/04	   3.500	   3.500	   3.500	   3.500	            200	      3.500	      3.506	      3.535	      3.649	           	      0.000	      2.000	    200.000	    173.200	     -0.038	     -0.043	      0.010	
 2018/05/07	   3.556	   3.575	   3.556	   3.574	          17800	      3.517	      3.511	      3.534	      3.644	           	      0.000	    178.000	    125.000	    182.700	     -0.031	     -0.040	      0.019	
 2018/05/08	   3.680	   3.680	   3.580	   3.592	           2900	      3.539	      3.522	      3.535	      3.638	           	      0.000	     29.000	    118.600	    172.900	     -0.023	     -0.037	      0.028	
 2018/05/09	   3.597	   3.597	   3.586	   3.589	            700	      3.558	      3.535	      3.536	      3.634	           	      0.000	      7.000	     70.000	    159.200	     -0.017	     -0.033	      0.032	
 2018/05/10	   3.603	   3.607	   3.586	   3.606	          33400	      3.572	      3.541	      3.536	      3.629	           	      0.000	    334.000	    110.000	    171.800	     -0.011	     -0.029	      0.035	
 2018/05/11	   3.680	   3.680	   3.582	   3.582	          81709	      3.589	      3.544	      3.534	      3.624	           	      0.000	    817.090	    273.018	    236.509	     -0.008	     -0.024	      0.033	
 2018/05/14	   3.600	   3.606	   3.593	   3.593	          62700	      3.592	      3.555	      3.535	      3.621	           	      0.000	    627.000	    362.818	    243.909	     -0.005	     -0.020	      0.032	
 2018/05/15	   3.594	   3.611	   3.573	   3.611	          18100	      3.596	      3.568	      3.536	      3.620	           	      0.000	    181.000	    393.218	    255.909	     -0.000	     -0.016	      0.032	
 2018/05/16	   3.597	   3.621	   3.595	   3.595	          18600	      3.597	      3.578	      3.539	      3.619	           	      0.000	    186.000	    429.018	    249.509	      0.002	     -0.013	      0.029	
 2018/05/17	   3.588	   3.588	   3.569	   3.569	          22000	      3.590	      3.581	      3.544	      3.620	           	      0.000	    220.000	    406.218	    258.109	      0.001	     -0.010	      0.022	
 2018/05/18	   3.571	   3.594	   3.571	   3.594	           5200	      3.592	      3.590	      3.548	      3.621	           	      0.000	     52.000	    253.200	    263.109	      0.003	     -0.008	      0.020	
 2018/05/21	   3.629	   3.642	   3.624	   3.633	          45400	      3.600	      3.596	      3.554	      3.621	           	      0.000	    454.000	    218.600	    290.709	      0.007	     -0.005	      0.023	
 2018/05/22	   3.663	   3.666	   3.624	   3.646	          28800	      3.607	      3.602	      3.562	      3.622	           	      0.000	    288.000	    240.000	    316.609	      0.011	     -0.002	      0.025	
 2018/05/23	   3.582	   3.628	   3.582	   3.600	          28100	      3.608	      3.603	      3.569	      3.620	           	      0.000	    281.000	    259.000	    344.009	      0.011	      0.001	      0.020	
 2018/05/24	   3.599	   3.599	   3.583	   3.583	           1200	      3.611	      3.601	      3.571	      3.618	           	      0.000	     12.000	    217.400	    311.809	      0.009	      0.003	      0.013	
 2018/05/25	   3.680	   3.680	   3.565	   3.574	          25400	      3.607	      3.600	      3.572	      3.615	           	      0.000	    254.000	    257.800	    255.500	      0.007	      0.003	      0.007	
 2018/05/28	   3.573	   3.587	   3.557	   3.582	          26800	      3.597	      3.599	      3.577	      3.613	           	      0.000	    268.000	    220.600	    219.600	      0.006	      0.004	      0.003	
 2018/05/29	   3.586	   3.586	   3.560	   3.581	           6100	      3.584	      3.596	      3.582	      3.611	           	      0.000	     61.000	    175.200	    207.600	      0.004	      0.004	      0.001	
 2018/05/30	   3.512	   3.534	   3.500	   3.511	          23800	      3.566	      3.587	      3.583	      3.607	           	      0.000	    238.000	    166.600	    212.800	     -0.002	      0.003	     -0.010	
 2018/05/31	   3.522	   3.563	   3.515	   3.563	          29000	      3.562	      3.587	      3.584	      3.605	           	      0.000	    290.000	    222.200	    219.800	     -0.003	      0.002	     -0.009	
 2018/06/01	   3.520	   3.597	   3.500	   3.593	          11300	      3.566	      3.587	      3.589	      3.604	           	      0.000	    113.000	    194.000	    225.900	     -0.001	      0.001	     -0.004	
 2018/06/04	   3.577	   3.577	   3.577	   3.577	            100	      3.565	      3.581	      3.589	      3.601	           	      0.000	      1.000	    140.600	    180.600	     -0.001	      0.001	     -0.003	
 2018/06/05	   3.574	   3.574	   3.526	   3.569	           1900	      3.563	      3.573	      3.588	      3.599	           	      0.000	     19.000	    132.200	    153.700	     -0.002	      0.000	     -0.004	
 2018/06/06	   3.550	   3.550	   3.550	   3.550	            200	      3.570	      3.568	      3.586	      3.596	           	      0.000	      2.000	     85.000	    125.800	     -0.004	     -0.001	     -0.006	
 2018/06/07	   3.530	   3.559	   3.452	   3.559	           8864	      3.570	      3.566	      3.583	      3.592	           	      0.000	     88.640	     44.728	    133.464	     -0.004	     -0.001	     -0.006	
 2018/06/08	   3.546	   3.546	   3.490	   3.539	           3200	      3.559	      3.562	      3.581	      3.588	           	      0.000	     32.000	     28.528	    111.264	     -0.007	     -0.002	     -0.008	
 2018/06/11	   3.468	   3.488	   3.420	   3.488	          56200	      3.541	      3.553	      3.576	      3.583	           	      0.000	    562.000	    140.728	    140.664	     -0.012	     -0.004	     -0.016	
 2018/06/12	   3.448	   3.524	   3.439	   3.523	          37101	      3.532	      3.547	      3.571	      3.579	           	      0.000	    371.010	    211.130	    171.665	     -0.014	     -0.006	     -0.015	
 2018/06/13	   3.470	   3.491	   3.440	   3.479	          10000	      3.518	      3.544	      3.566	      3.575	           	      0.000	    100.000	    230.730	    157.865	     -0.018	     -0.009	     -0.019	
 2018/06/14	   3.478	   3.478	   3.440	   3.445	           4300	      3.495	      3.532	      3.559	      3.570	           	      0.000	     43.000	    221.602	    133.165	     -0.024	     -0.012	     -0.025	
 2018/06/15	   3.420	   3.449	   3.333	   3.431	          14100	      3.473	      3.516	      3.551	      3.565	           	      0.000	    141.000	    243.402	    135.965	     -0.030	     -0.015	     -0.029	
 2018/06/19	   3.500	   3.500	   3.300	   3.300	          13900	      3.436	      3.488	      3.535	      3.557	           	      0.000	    139.000	    158.802	    149.765	     -0.044	     -0.021	     -0.046	
 2018/06/20	   3.286	   3.308	   3.202	   3.299	          17400	      3.391	      3.461	      3.517	      3.550	           	      0.000	    174.000	    119.400	    165.265	     -0.055	     -0.028	     -0.055	
 2018/06/21	   3.300	   3.300	   3.290	   3.290	           1400	      3.353	      3.435	      3.502	      3.543	           	      0.000	     14.000	    102.200	    166.465	     -0.064	     -0.035	     -0.058	
 2018/06/22	   3.370	   3.370	   3.250	   3.250	           3900	      3.314	      3.404	      3.485	      3.538	           	      0.000	     39.000	    101.400	    161.501	     -0.073	     -0.043	     -0.061	
 2018/06/25	   3.254	   3.254	   3.215	   3.215	           1900	      3.271	      3.372	      3.467	      3.532	           	      0.000	     19.000	     77.000	    160.201	     -0.082	     -0.051	     -0.063	
 2018/06/26	   3.255	   3.255	   3.038	   3.198	           4800	      3.250	      3.343	      3.448	      3.526	           	      0.000	     48.000	     58.800	    108.801	     -0.090	     -0.059	     -0.063	
 2018/06/27	   3.178	   3.230	   3.178	   3.200	           3500	      3.231	      3.311	      3.429	      3.520	           	      0.000	     35.000	     31.000	     75.200	     -0.095	     -0.066	     -0.058	
 2018/06/28	   3.200	   3.200	   3.200	   3.200	           1000	      3.213	      3.283	      3.413	      3.514	           	      0.000	     10.000	     30.200	     66.200	     -0.097	     -0.072	     -0.051	
 2018/06/29	   3.200	   3.387	   3.199	   3.386	           8301	      3.240	      3.277	      3.405	      3.510	           	      0.000	     83.010	     39.002	     70.201	     -0.084	     -0.074	     -0.018	
 2018/07/02	   3.191	   3.278	   3.191	   3.278	          18000	      3.252	      3.262	      3.389	      3.504	           	      0.000	    180.000	     71.202	     74.101	     -0.080	     -0.076	     -0.010	
 2018/07/03	   3.278	   3.278	   3.266	   3.270	          16300	      3.267	      3.259	      3.373	      3.499	           	      0.000	    163.000	     94.202	     76.501	     -0.078	     -0.076	     -0.003	
 2018/07/04	   3.270	   3.270	   3.270	   3.270	              0	      3.281	      3.256	      3.359	      3.494	           	      0.000	      0.000	     87.202	     59.101	     -0.075	     -0.076	      0.002	
 2018/07/05	   3.114	   3.474	   3.114	   3.474	          11116	      3.336	      3.274	      3.355	      3.492	           	      0.000	    111.160	    107.434	     68.817	     -0.055	     -0.072	      0.033	
 2018/07/06	   3.474	   3.474	   3.129	   3.320	          26416	      3.322	      3.281	      3.343	      3.487	           	      0.000	    264.160	    143.664	     91.333	     -0.051	     -0.068	      0.032	
 2018/07/09	   3.298	   3.298	   3.157	   3.170	          13200	      3.301	      3.277	      3.324	      3.480	           	      0.000	    132.000	    134.064	    102.633	     -0.060	     -0.066	      0.012	
 2018/07/10	   3.297	   3.390	   3.200	   3.211	          51400	      3.289	      3.278	      3.310	      3.474	           	      0.000	    514.000	    204.264	    149.233	     -0.063	     -0.065	      0.005	
 2018/07/11	   3.211	   3.300	   3.110	   3.140	          44100	      3.263	      3.272	      3.291	      3.466	           	      0.000	    441.000	    292.464	    189.833	     -0.070	     -0.066	     -0.007	
 2018/07/12	   3.100	   3.202	   3.100	   3.199	          40000	      3.208	      3.272	      3.277	      3.461	           	      0.000	    400.000	    350.232	    228.833	     -0.070	     -0.067	     -0.006	
 2018/07/13	   3.326	   3.326	   3.297	   3.297	           2400	      3.203	      3.263	      3.270	      3.458	           	      0.000	     24.000	    302.200	    222.932	     -0.061	     -0.066	      0.009	
 2018/07/16	   3.180	   3.200	   3.175	   3.200	           4400	      3.209	      3.255	      3.258	      3.453	           	      0.000	     44.000	    284.600	    209.332	     -0.062	     -0.065	      0.007	
 2018/07/17	   3.122	   3.180	   3.110	   3.180	          10100	      3.203	      3.246	      3.252	      3.447	           	      0.000	    101.000	    202.000	    203.132	     -0.063	     -0.064	      0.004	
 2018/07/18	   3.182	   3.228	   3.181	   3.199	          13200	      3.215	      3.239	      3.247	      3.442	           	      0.000	    132.000	    140.200	    216.332	     -0.061	     -0.064	      0.005	
 2018/07/19	   3.199	   3.199	   3.143	   3.199	           2900	      3.215	      3.211	      3.243	      3.438	           	      0.000	     29.000	     66.000	    208.116	     -0.060	     -0.063	      0.007	
 2018/07/20	   3.124	   3.220	   3.124	   3.220	           6500	      3.200	      3.201	      3.241	      3.432	           	      0.000	     65.000	     74.200	    188.200	     -0.056	     -0.062	      0.011	
 2018/07/23	   3.220	   3.220	   3.220	   3.220	              0	      3.204	      3.207	      3.242	      3.427	           	      0.000	      0.000	     65.400	    175.000	     -0.052	     -0.060	      0.015	
 2018/07/24	   3.221	   3.381	   3.221	   3.275	           8800	      3.223	      3.213	      3.245	      3.423	           	      0.000	     88.000	     62.800	    132.400	     -0.045	     -0.057	      0.024	
 2018/07/25	   3.260	   3.300	   3.260	   3.300	          23700	      3.243	      3.229	      3.250	      3.420	           	      0.000	    237.000	     83.800	    112.000	     -0.036	     -0.053	      0.033	
 2018/07/26	   3.300	   3.326	   3.300	   3.300	           1700	      3.263	      3.239	      3.255	      3.417	           	      0.000	     17.000	     81.400	     73.700	     -0.029	     -0.048	      0.038	
 2018/07/27	   3.300	   3.300	   3.300	   3.300	              0	      3.279	      3.239	      3.251	      3.413	           	      0.000	      0.000	     68.400	     71.300	     -0.023	     -0.043	      0.040	
 2018/07/30	   3.375	   3.375	   3.250	   3.250	           9900	      3.285	      3.244	      3.250	      3.409	           	      0.000	     99.000	     88.200	     76.800	     -0.022	     -0.039	      0.033	
 2018/07/31	   3.273	   3.273	   3.223	   3.223	           2300	      3.275	      3.249	      3.247	      3.403	           	      0.000	     23.000	     75.200	     69.000	     -0.023	     -0.036	      0.025	
 2018/08/01	   3.369	   3.369	   3.228	   3.236	           9100	      3.262	      3.252	      3.246	      3.397	           	      0.000	     91.000	     46.000	     64.900	     -0.023	     -0.033	      0.020	
 2018/08/02	   3.229	   3.229	   3.229	   3.229	            100	      3.248	      3.255	      3.233	      3.391	           	      0.000	      1.000	     42.800	     62.100	     -0.023	     -0.031	      0.016	
 2018/08/03	   3.227	   3.227	   3.133	   3.150	          23800	      3.218	      3.248	      3.225	      3.384	           	      0.000	    238.000	     90.400	     79.400	     -0.029	     -0.031	      0.003	
 2018/08/06	   3.042	   3.247	   3.042	   3.098	           6700	      3.187	      3.236	      3.221	      3.376	           	      0.000	     67.000	     84.000	     86.100	     -0.037	     -0.032	     -0.011	
 2018/08/07	   3.028	   3.100	   3.028	   3.100	          13700	      3.163	      3.219	      3.216	      3.367	           	      0.000	    137.000	    106.800	     91.000	     -0.044	     -0.034	     -0.019	
 2018/08/08	   3.090	   3.090	   3.070	   3.070	          11900	      3.129	      3.196	      3.212	      3.358	           	      0.000	    119.000	    112.400	     79.200	     -0.050	     -0.037	     -0.026	
 2018/08/09	   3.098	   3.101	   3.098	   3.101	            300	      3.104	      3.176	      3.207	      3.350	           	      0.000	      3.000	    112.800	     77.800	     -0.052	     -0.040	     -0.024	
 2018/08/10	   3.125	   3.125	   3.125	   3.125	           1000	      3.099	      3.158	      3.199	      3.343	           	      0.000	     10.000	     67.200	     78.800	     -0.052	     -0.043	     -0.018	
 2018/08/13	   3.122	   3.122	   3.086	   3.088	           2300	      3.097	      3.142	      3.193	      3.334	           	      0.000	     23.000	     58.400	     71.200	     -0.053	     -0.045	     -0.017	
 2018/08/14	   3.114	   3.114	   3.089	   3.090	           6501	      3.095	      3.129	      3.189	      3.325	           	      0.000	     65.010	     44.002	     75.401	     -0.054	     -0.047	     -0.015	
 2018/08/15	   3.090	   3.090	   3.090	   3.090	           5100	      3.099	      3.114	      3.183	      3.316	           	      0.000	     51.000	     30.402	     71.401	     -0.054	     -0.048	     -0.011	
 2018/08/16	   3.050	   3.180	   3.000	   3.030	           9100	      3.085	      3.094	      3.175	      3.306	           	      0.000	     91.000	     48.002	     80.401	     -0.058	     -0.050	     -0.016	
 2018/08/17	   3.045	   3.090	   3.043	   3.085	          21900	      3.077	      3.088	      3.168	      3.298	           	      0.000	    219.000	     89.802	     78.501	     -0.056	     -0.051	     -0.010	
 2018/08/20	   3.076	   3.076	   3.076	   3.076	           1900	      3.074	      3.086	      3.161	      3.290	           	      0.000	     19.000	     89.002	     73.701	     -0.055	     -0.052	     -0.005	
 2018/08/21	   3.030	   3.076	   2.990	   3.076	          23100	      3.071	      3.083	      3.151	      3.281	           	      0.000	    231.000	    122.200	     83.101	     -0.053	     -0.052	     -0.002	
 2018/08/22	   3.028	   3.031	   3.028	   3.028	           2900	      3.059	      3.079	      3.137	      3.272	           	      0.000	     29.000	    117.800	     74.101	     -0.055	     -0.053	     -0.004	
 2018/08/23	   3.022	   3.046	   3.017	   3.046	           1600	      3.062	      3.073	      3.125	      3.264	           	      0.000	     16.000	    102.800	     75.401	     -0.054	     -0.053	     -0.003	
 2018/08/24	   3.148	   3.148	   3.148	   3.148	            100	      3.075	      3.076	      3.117	      3.258	           	      0.000	      1.000	     59.200	     74.501	     -0.045	     -0.051	      0.013	
 2018/08/27	   3.050	   3.128	   3.044	   3.128	          23801	      3.085	      3.080	      3.111	      3.250	           	      0.000	    238.010	    103.002	     96.002	     -0.039	     -0.049	      0.020	
 2018/08/28	   3.090	   3.090	   3.080	   3.090	           1100	      3.088	      3.080	      3.104	      3.242	           	      0.000	     11.000	     59.002	     90.601	     -0.037	     -0.046	      0.020	
 2018/08/29	   3.070	   3.070	   3.060	   3.060	            300	      3.094	      3.077	      3.095	      3.233	           	      0.000	      3.000	     53.802	     85.801	     -0.037	     -0.045	      0.015	
 2018/08/30	   3.060	   3.092	   3.051	   3.092	           1200	      3.104	      3.083	      3.089	      3.226	           	      0.000	     12.000	     53.002	     77.901	     -0.034	     -0.042	      0.017	
 2018/08/31	   3.023	   3.092	   3.010	   3.087	           6900	      3.091	      3.083	      3.085	      3.218	           	      0.000	     69.000	     66.602	     62.901	     -0.032	     -0.040	      0.017	
 2018/09/03	   2.970	   3.017	   2.966	   3.017	           1600	      3.069	      3.077	      3.081	      3.209	           	      0.000	     16.000	     22.200	     62.601	     -0.035	     -0.039	      0.008	
 2018/09/04	   3.088	   3.088	   3.050	   3.060	           2200	      3.063	      3.076	      3.079	      3.202	           	      0.000	     22.000	     24.400	     41.701	     -0.034	     -0.038	      0.008	
 2018/09/05	   3.040	   3.088	   2.961	   3.036	           6501	      3.058	      3.076	      3.078	      3.194	           	      0.000	     65.010	     36.802	     45.302	     -0.035	     -0.038	      0.005	
 2018/09/06	   3.000	   3.017	   3.000	   3.000	           3401	      3.040	      3.072	      3.073	      3.186	           	      0.000	     34.010	     41.204	     47.103	     -0.038	     -0.038	     -0.001	
 2018/09/07	   3.002	   3.002	   3.000	   3.002	           6800	      3.023	      3.057	      3.066	      3.178	           	      0.000	     68.000	     41.004	     53.803	     -0.040	     -0.038	     -0.003	
 2018/09/10	   2.970	   3.009	   2.951	   3.009	          36400	      3.021	      3.045	      3.063	      3.171	           	      0.000	    364.000	    110.604	     66.402	     -0.040	     -0.039	     -0.003	
 2018/09/11	   2.990	   3.058	   2.936	   3.058	            800	      3.021	      3.042	      3.061	      3.167	           	      0.000	      8.000	    107.804	     66.102	     -0.036	     -0.038	      0.004	
 2018/09/12	   2.925	   3.026	   2.920	   3.026	           6900	      3.019	      3.039	      3.058	      3.163	           	      0.000	     69.000	    108.602	     72.702	     -0.035	     -0.038	      0.005	
 2018/09/13	   2.948	   2.975	   2.946	   2.975	           4000	      3.014	      3.027	      3.055	      3.158	           	      0.000	     40.000	    109.800	     75.502	     -0.038	     -0.038	     -0.001	
 2018/09/14	   3.015	   3.015	   2.960	   2.998	           2800	      3.013	      3.018	      3.051	      3.153	           	      0.000	     28.000	    101.800	     71.402	     -0.038	     -0.038	     -0.000	
 2018/09/17	   2.999	   2.999	   2.998	   2.998	            700	      3.011	      3.016	      3.047	      3.150	           	      0.000	      7.000	     30.400	     70.502	     -0.037	     -0.038	      0.000	
 2018/09/18	   2.910	   2.987	   2.910	   2.987	           3500	      2.997	      3.009	      3.042	      3.146	           	      0.000	     35.000	     35.800	     71.802	     -0.037	     -0.038	      0.000	
 2018/09/19	   2.995	   3.068	   2.995	   3.000	          14800	      2.992	      3.005	      3.041	      3.143	           	      0.000	    148.000	     51.600	     80.101	     -0.036	     -0.037	      0.002	
 2018/09/20	   2.950	   3.088	   2.950	   3.002	          12400	      2.997	      3.006	      3.039	      3.140	           	      0.000	    124.000	     68.400	     89.100	     -0.034	     -0.037	      0.005	
 2018/09/21	   3.077	   3.077	   2.987	   3.070	           6500	      3.011	      3.012	      3.035	      3.134	           	      0.000	     65.000	     75.800	     88.800	     -0.027	     -0.035	      0.015	
 2018/09/25	   3.050	   3.088	   3.050	   3.088	           7500	      3.029	      3.020	      3.033	      3.131	           	      0.000	     75.000	     89.400	     59.900	     -0.020	     -0.032	      0.024	
 2018/09/26	   3.087	   3.119	   3.066	   3.100	          52864	      3.052	      3.024	      3.033	      3.128	           	      0.000	    528.640	    188.128	    111.964	     -0.013	     -0.028	      0.030	
 2018/09/27	   3.103	   3.103	   3.075	   3.076	          15264	      3.067	      3.029	      3.034	      3.125	           	      0.000	    152.640	    189.056	    120.328	     -0.009	     -0.024	      0.030	
 2018/09/28	   3.060	   3.196	   3.001	   3.109	          23500	      3.089	      3.043	      3.035	      3.119	           	      0.000	    235.000	    211.256	    139.828	     -0.004	     -0.020	      0.033	
 2018/10/08	   3.095	   3.109	   2.967	   3.006	          23400	      3.076	      3.044	      3.031	      3.114	           	      0.000	    234.000	    245.056	    160.428	     -0.008	     -0.018	      0.020	
 2018/10/09	   3.197	   3.199	   2.913	   3.100	          13200	      3.078	      3.054	      3.035	      3.113	           	      0.000	    132.000	    256.456	    172.928	     -0.003	     -0.015	      0.024	
 2018/10/10	   3.050	   3.107	   3.000	   3.100	           7400	      3.078	      3.065	      3.037	      3.111	           	      0.000	     74.000	    165.528	    176.828	      0.001	     -0.012	      0.025	
 2018/10/11	   2.950	   2.961	   2.920	   2.960	          14300	      3.055	      3.061	      3.033	      3.108	           	      0.000	    143.000	    163.600	    176.328	     -0.008	     -0.011	      0.006	
 2018/10/12	   2.980	   3.212	   2.980	   3.148	          24500	      3.063	      3.076	      3.041	      3.107	           	      0.000	    245.000	    165.600	    188.428	      0.001	     -0.008	      0.019	
 2018/10/15	   3.197	   3.463	   3.100	   3.267	          79350	      3.115	      3.095	      3.054	      3.106	           	      0.000	    793.500	    277.500	    261.278	      0.017	     -0.003	      0.041	
 2018/10/16	   3.072	   3.184	   3.071	   3.100	          96800	      3.115	      3.097	      3.058	      3.105	           	      0.000	    968.000	    444.700	    350.578	      0.016	      0.001	      0.032	
 2018/10/17	   3.050	   3.100	   2.790	   3.073	         231000	      3.110	      3.094	      3.059	      3.103	           	      0.000	   2310.000	    891.900	    528.714	      0.013	      0.003	      0.020	
 2018/10/18	   2.904	   2.910	   2.766	   2.768	         340800	      3.071	      3.063	      3.046	      3.096	           	      0.000	   3408.000	   1544.900	    854.250	     -0.013	     -0.000	     -0.027	
 2018/10/19	   2.850	   2.851	   2.675	   2.839	          91600	      3.009	      3.036	      3.039	      3.090	           	      0.000	    916.000	   1679.100	    922.350	     -0.029	     -0.006	     -0.046	
 2018/10/22	   2.799	   2.920	   2.773	   2.887	         261400	      2.933	      3.024	      3.034	      3.084	           	      0.000	   2614.000	   2043.200	   1160.350	     -0.036	     -0.012	     -0.049	
 2018/10/23	   2.607	   2.955	   2.607	   2.828	          64000	      2.879	      2.997	      3.025	      3.078	           	      0.000	    640.000	   1977.600	   1211.150	     -0.047	     -0.019	     -0.056	
 2018/10/24	   2.779	   2.839	   2.700	   2.839	          43300	      2.832	      2.971	      3.018	      3.070	           	      0.000	    433.000	   1602.200	   1247.050	     -0.054	     -0.026	     -0.055	
 2018/10/25	   2.707	   2.820	   2.707	   2.810	           8400	      2.841	      2.956	      3.009	      3.062	           	      0.000	     84.000	    937.400	   1241.150	     -0.060	     -0.033	     -0.055	
 2018/10/26	   2.794	   2.858	   2.794	   2.833	          13700	      2.839	      2.924	      3.000	      3.054	           	      0.000	    137.000	    781.600	   1230.350	     -0.063	     -0.039	     -0.049	
 2018/10/29	   2.833	   2.833	   2.746	   2.808	          24600	      2.824	      2.878	      2.987	      3.046	           	      0.000	    246.000	    308.000	   1175.600	     -0.067	     -0.045	     -0.045	
 2018/10/30	   2.969	   2.969	   2.704	   2.793	          28100	      2.817	      2.848	      2.972	      3.039	           	      0.000	    281.000	    236.200	   1106.900	     -0.070	     -0.050	     -0.041	
 2018/10/31	   2.791	   2.799	   2.747	   2.759	          75040	      2.801	      2.816	      2.955	      3.031	           	      0.000	    750.400	    299.680	    950.940	     -0.075	     -0.055	     -0.040	
 2018/11/01	   2.804	   2.808	   2.799	   2.800	         123640	      2.799	      2.820	      2.941	      3.024	           	      0.000	   1236.400	    530.160	    733.780	     -0.074	     -0.059	     -0.031	
 2018/11/02	   2.999	   2.999	   2.790	   2.872	         169400	      2.806	      2.823	      2.930	      3.018	           	      0.000	   1694.000	    841.560	    811.580	     -0.067	     -0.060	     -0.013	
 2018/11/05	   2.779	   2.860	   2.779	   2.854	         115000	      2.816	      2.820	      2.922	      3.013	           	      0.000	   1150.000	   1022.360	    665.180	     -0.062	     -0.061	     -0.003	
 2018/11/06	   2.845	   2.868	   2.825	   2.861	          42100	      2.829	      2.823	      2.910	      3.009	           	      0.000	    421.000	   1050.360	    643.280	     -0.057	     -0.060	      0.006	
 2018/11/07	   2.878	   2.878	   2.843	   2.877	          44600	      2.853	      2.827	      2.899	      3.005	           	      0.000	    446.000	    989.480	    644.580	     -0.051	     -0.058	      0.014	
 2018/11/08	   2.876	   2.876	   2.851	   2.854	          19500	      2.864	      2.831	      2.894	      3.001	           	      0.000	    195.000	    781.200	    655.680	     -0.048	     -0.056	      0.017	
 2018/11/09	   2.831	   2.850	   2.800	   2.840	          81000	      2.857	      2.832	      2.878	      2.997	           	      0.000	    810.000	    604.400	    722.980	     -0.046	     -0.054	      0.017	
 2018/11/12	   2.822	   2.878	   2.810	   2.878	          27600	      2.862	      2.839	      2.859	      2.993	           	      0.000	    276.000	    429.600	    725.980	     -0.040	     -0.051	      0.022	
 2018/11/13	   2.810	   2.885	   2.810	   2.878	          57900	      2.865	      2.847	      2.848	      2.989	           	      0.000	    579.000	    461.200	    755.780	     -0.036	     -0.048	      0.025	
 2018/11/14	   2.840	   2.870	   2.840	   2.850	          22400	      2.860	      2.856	      2.836	      2.985	           	      0.000	    224.000	    416.800	    703.140	     -0.034	     -0.045	      0.022	
 2018/11/15	   2.866	   2.886	   2.861	   2.886	          52400	      2.866	      2.865	      2.842	      2.982	           	      0.000	    524.000	    482.600	    631.900	     -0.030	     -0.042	      0.025	
 2018/11/16	   2.919	   2.919	   2.900	   2.908	         129600	      2.880	      2.869	      2.846	      2.980	           	      0.000	   1296.000	    579.800	    592.100	     -0.024	     -0.039	      0.029	
 2018/11/19	   2.895	   2.928	   2.895	   2.927	          34100	      2.890	      2.876	      2.848	      2.977	           	      0.000	    341.000	    592.800	    511.200	     -0.018	     -0.034	      0.033	
 2018/11/20	   2.921	   2.925	   2.884	   2.884	          17100	      2.891	      2.878	      2.851	      2.974	           	      0.000	    171.000	    511.200	    486.200	     -0.016	     -0.031	      0.029	
 2018/11/21	   2.827	   2.880	   2.827	   2.879	          54600	      2.897	      2.878	      2.853	      2.971	           	      0.000	    546.000	    575.600	    496.200	     -0.015	     -0.027	      0.025	
 2018/11/22	   2.867	   2.886	   2.867	   2.886	           2900	      2.897	      2.882	      2.856	      2.969	           	      0.000	     29.000	    476.600	    479.600	     -0.013	     -0.025	      0.023	
 2018/11/23	   2.788	   2.886	   2.788	   2.836	          17200	      2.882	      2.881	      2.856	      2.965	           	      0.000	    172.000	    251.800	    415.800	     -0.016	     -0.023	      0.014	
 2018/11/26	   2.829	   2.829	   2.829	   2.829	           4100	      2.863	      2.876	      2.858	      2.960	           	      0.000	     41.000	    191.800	    392.300	     -0.018	     -0.022	      0.007	
 2018/11/27	   2.802	   2.822	   2.802	   2.822	           4700	      2.850	      2.871	      2.859	      2.955	           	      0.000	     47.000	    167.000	    339.100	     -0.021	     -0.022	      0.002	
 2018/11/28	   2.816	   2.865	   2.778	   2.860	          15700	      2.847	      2.872	      2.864	      2.951	           	      0.000	    157.000	     89.200	    332.400	     -0.019	     -0.021	      0.004	
 2018/11/29	   2.841	   2.843	   2.839	   2.839	          13200	      2.837	      2.867	      2.866	      2.947	           	      0.000	    132.000	    109.800	    293.200	     -0.019	     -0.021	      0.003	
 2018/11/30	   2.830	   2.839	   2.808	   2.808	           9400	      2.832	      2.857	      2.863	      2.942	           	      0.000	     94.000	     94.200	    173.000	     -0.022	     -0.021	     -0.002	
 2018/12/03	   2.875	   2.918	   2.840	   2.878	          11449	      2.841	      2.852	      2.864	      2.939	           	      0.000	    114.490	    108.898	    150.349	     -0.018	     -0.020	      0.005	
 2018/12/04	   2.879	   2.894	   2.863	   2.894	          15100	      2.856	      2.853	      2.866	      2.937	           	      0.000	    151.000	    129.698	    148.349	     -0.013	     -0.019	      0.011	
 2018/12/05	   2.886	   2.916	   2.886	   2.916	           2600	      2.867	      2.857	      2.868	      2.934	           	      0.000	     26.000	    103.498	     96.349	     -0.008	     -0.017	      0.018	
 2018/12/06	   2.886	   3.045	   2.858	   2.922	         332001	      2.884	      2.860	      2.871	      2.933	           	      0.000	   3320.010	    741.100	    425.450	     -0.003	     -0.014	      0.022	
 2018/12/07	   2.913	   2.925	   2.860	   2.860	           9600	      2.894	      2.863	      2.872	      2.930	           	      0.000	     96.000	    741.500	    417.850	     -0.004	     -0.012	      0.016	
 2018/12/10	   2.890	   2.896	   2.880	   2.890	          28400	      2.896	      2.869	      2.873	      2.928	           	      0.000	    284.000	    775.402	    442.150	     -0.003	     -0.010	      0.015	
 2018/12/11	   2.898	   2.898	   2.888	   2.897	          63883	      2.897	      2.876	      2.874	      2.927	           	      0.000	    638.830	    872.968	    501.333	     -0.001	     -0.008	      0.015	
 2018/12/12	   2.914	   2.916	   2.910	   2.916	          41949	      2.897	      2.882	      2.877	      2.924	           	      0.000	    419.490	    951.666	    527.582	      0.002	     -0.006	      0.017	
 2018/12/13	   2.941	   2.968	   2.941	   2.959	          20900	      2.904	      2.894	      2.881	      2.923	           	      0.000	    209.000	    329.464	    535.282	      0.008	     -0.003	      0.023	
 2018/12/14	   2.951	   2.951	   2.937	   2.937	           5400	      2.920	      2.907	      2.882	      2.922	           	      0.000	     54.000	    321.064	    531.282	      0.011	     -0.001	      0.022	
 2018/12/17	   2.900	   2.900	   2.864	   2.889	          83500	      2.920	      2.908	      2.880	      2.921	           	      0.000	    835.000	    431.264	    603.333	      0.009	      0.001	      0.015	
 2018/12/18	   2.886	   2.886	   2.855	   2.855	           2500	      2.911	      2.904	      2.879	      2.918	           	      0.000	     25.000	    308.498	    590.733	      0.004	      0.002	      0.005	
 2018/12/19	   2.865	   2.865	   2.825	   2.825	          20100	      2.893	      2.895	      2.876	      2.915	           	      0.000	    201.000	    264.800	    608.233	     -0.001	      0.001	     -0.005	
 2018/12/20	   2.826	   2.826	   2.800	   2.800	          35800	      2.861	      2.883	      2.872	      2.912	           	      0.000	    358.000	    294.600	    312.032	     -0.008	     -0.001	     -0.015	
 2018/12/21	   2.800	   2.800	   2.779	   2.781	          15500	      2.830	      2.875	      2.869	      2.908	           	      0.000	    155.000	    314.800	    317.932	     -0.015	     -0.003	     -0.022	
 2018/12/24	   2.794	   2.814	   2.794	   2.814	          20200	      2.815	      2.867	      2.868	      2.904	           	      0.000	    202.000	    188.200	    309.732	     -0.017	     -0.006	     -0.021	
 2018/12/25	   2.786	   2.795	   2.749	   2.795	          78600	      2.803	      2.857	      2.867	      2.899	           	      0.000	    786.000	    340.400	    324.449	     -0.020	     -0.009	     -0.022	
 2018/12/26	   2.787	   2.787	   2.780	   2.780	          16200	      2.794	      2.843	      2.863	      2.894	           	      0.000	    162.000	    332.600	    298.700	     -0.023	     -0.012	     -0.023	
 2018/12/27	   2.799	   2.799	   2.762	   2.763	         176900	      2.787	      2.824	      2.859	      2.889	           	      0.000	   1769.000	    614.800	    454.700	     -0.027	     -0.015	     -0.025	
 2018/12/28	   2.757	   2.998	   2.725	   2.727	          12300	      2.776	      2.803	      2.855	      2.882	           	      0.000	    123.000	    608.400	    461.600	     -0.033	     -0.018	     -0.029	
 2019/01/02	   2.750	   2.750	   2.716	   2.716	           9400	      2.756	      2.786	      2.847	      2.878	           	      0.000	     94.000	    586.800	    387.500	     -0.038	     -0.022	     -0.031	
 2019/01/03	   2.719	   2.750	   2.701	   2.704	          27800	      2.738	      2.770	      2.837	      2.871	           	      0.000	    278.000	    485.200	    412.800	     -0.042	     -0.026	     -0.031	
 2019/01/04	   2.714	   2.750	   2.688	   2.750	          15600	      2.732	      2.763	      2.829	      2.865	           	      0.000	    156.000	    484.000	    408.300	     -0.041	     -0.029	     -0.024	
 2019/01/07	   2.769	   2.789	   2.769	   2.789	          64500	      2.737	      2.762	      2.822	      2.862	           	      0.000	    645.000	    259.200	    437.000	     -0.037	     -0.031	     -0.012	
 2019/01/08	   2.774	   2.789	   2.774	   2.789	          14600	      2.750	      2.763	      2.819	      2.856	           	      0.000	    146.000	    263.800	    436.100	     -0.033	     -0.031	     -0.004	
 2019/01/09	   2.798	   2.840	   2.798	   2.824	          48200	      2.771	      2.764	      2.816	      2.849	           	      0.000	    482.000	    341.400	    464.100	     -0.027	     -0.030	      0.006	
 2019/01/10	   2.821	   2.821	   2.792	   2.792	          30400	      2.789	      2.763	      2.810	      2.844	           	      0.000	    304.000	    346.600	    415.900	     -0.025	     -0.029	      0.009	
 2019/01/11	   2.799	   2.813	   2.799	   2.813	         152500	      2.801	      2.767	      2.805	      2.839	           	      0.000	   1525.000	    620.400	    552.200	     -0.021	     -0.028	      0.014	
 2019/01/14	   2.817	   2.817	   2.802	   2.802	          18100	      2.804	      2.771	      2.797	      2.840	           	      0.000	    181.000	    527.600	    393.400	     -0.018	     -0.026	      0.015	
 2019/01/15	   2.798	   2.842	   2.796	   2.842	         202800	      2.815	      2.782	      2.793	      2.840	           	      0.000	   2028.000	    904.000	    583.900	     -0.013	     -0.023	      0.020	
 2019/01/16	   2.820	   2.879	   2.820	   2.852	          26650	      2.820	      2.796	      2.791	      2.839	           	      0.000	    266.500	    860.900	    601.150	     -0.008	     -0.020	      0.024	
 2019/01/17	   2.837	   2.844	   2.830	   2.843	          55400	      2.830	      2.810	      2.790	      2.840	           	      0.000	    554.000	    910.900	    628.750	     -0.005	     -0.017	      0.025	
 2019/01/18	   2.850	   2.873	   2.834	   2.867	          25100	      2.841	      2.821	      2.792	      2.840	           	      0.000	    251.000	    656.100	    638.250	      0.000	     -0.014	      0.027	
 2019/01/21	   2.882	   2.902	   2.869	   2.892	        1035400	      2.859	      2.832	      2.797	      2.842	           	      0.000	  10354.000	   2690.700	   1609.150	      0.006	     -0.010	      0.031	
 2019/01/22	   2.876	   2.876	   2.844	   2.852	          12340	      2.861	      2.838	      2.800	      2.842	           	      0.000	    123.400	   2309.780	   1606.890	      0.007	     -0.006	      0.026	
 2019/01/23	   2.846	   2.852	   2.846	   2.848	          10300	      2.860	      2.840	      2.802	      2.843	           	      0.000	    103.000	   2277.080	   1568.990	      0.007	     -0.004	      0.022	
 2019/01/24	   2.698	   3.099	   2.698	   2.867	           2600	      2.865	      2.848	      2.806	      2.844	           	      0.000	     26.000	   2171.480	   1541.190	      0.009	     -0.001	      0.020	
 2019/01/25	   2.715	   2.900	   2.709	   2.877	         856000	      2.867	      2.854	      2.810	      2.846	           	      0.000	   8560.000	   3833.280	   2244.690	      0.011	      0.001	      0.020	
 2019/01/28	   2.865	   2.910	   2.865	   2.872	         156600	      2.863	      2.861	      2.816	      2.847	           	      0.000	   1566.000	   2075.680	   2383.190	      0.012	      0.004	      0.018	
 2019/01/29	   2.867	   2.868	   2.835	   2.845	          22400	      2.862	      2.862	      2.822	      2.846	           	      0.000	    224.000	   2095.800	   2202.790	      0.011	      0.005	      0.012	
 2019/01/30	   2.866	   2.866	   2.851	   2.851	         302600	      2.862	      2.861	      2.829	      2.846	           	      0.000	   3026.000	   2680.400	   2478.740	      0.010	      0.006	      0.008	
 2019/01/31	   2.847	   2.878	   2.847	   2.855	          42100	      2.860	      2.863	      2.836	      2.846	           	      0.000	    421.000	   2759.400	   2465.440	      0.010	      0.007	      0.006	
 2019/02/01	   2.882	   2.909	   2.878	   2.909	          46000	      2.866	      2.867	      2.844	      2.847	           	      0.000	    460.000	   1139.400	   2486.340	      0.014	      0.008	      0.011	
 2019/02/11	   2.909	   2.968	   2.909	   2.968	          33100	      2.886	      2.874	      2.853	      2.849	           	      0.000	    331.000	    892.400	   1484.040	      0.021	      0.011	      0.021	
 2019/02/12	   2.960	   2.992	   2.960	   2.988	          29800	      2.914	      2.888	      2.863	      2.851	           	      0.000	    298.000	    907.200	   1501.500	      0.029	      0.014	      0.028	
 2019/02/13	   3.000	   3.068	   3.000	   3.061	          59100	      2.956	      2.909	      2.875	      2.854	           	      0.000	    591.000	    420.200	   1550.300	      0.040	      0.019	      0.041	
 2019/02/14	   3.051	   3.076	   3.047	   3.068	         256827	      2.999	      2.929	      2.889	      2.857	           	      0.000	   2568.270	    849.654	   1804.527	      0.049	      0.025	      0.047	
 2019/02/15	   3.051	   3.053	   3.028	   3.028	          46600	      3.023	      2.944	      2.899	      2.860	           	      0.000	    466.000	    850.854	    995.127	      0.052	      0.031	      0.043	
 2019/02/18	   3.018	   3.125	   3.018	   3.124	          83000	      3.054	      2.970	      2.915	      2.864	           	      0.000	    830.000	    950.654	    921.527	      0.062	      0.037	      0.049	
 2019/02/19	   3.075	   3.159	   3.075	   3.127	          98800	      3.082	      2.998	      2.930	      2.868	           	      0.000	    988.000	   1088.654	    997.927	      0.069	      0.043	      0.051	
 2019/02/20	   3.135	   3.138	   3.107	   3.133	          24300	      3.096	      3.026	      2.944	      2.871	           	      0.000	    243.000	   1019.054	    719.627	      0.074	      0.049	      0.049	
 2019/02/21	   3.130	   3.188	   3.130	   3.133	         136683	      3.109	      3.054	      2.958	      2.876	           	      0.000	   1366.830	    778.766	    814.210	      0.077	      0.055	      0.044	
 2019/02/22	   3.128	   3.210	   3.117	   3.210	         202353	      3.145	      3.084	      2.975	      2.881	           	      0.000	   2023.530	   1090.272	    970.563	      0.085	      0.061	      0.048	
 2019/02/25	   3.333	   3.387	   3.265	   3.386	         304200	      3.198	      3.126	      3.000	      2.889	           	      0.000	   3042.000	   1532.672	   1241.663	      0.104	      0.070	      0.069	
 2019/02/26	   3.386	   3.474	   3.333	   3.333	         215900	      3.239	      3.160	      3.024	      2.898	           	      0.000	   2159.000	   1766.872	   1427.763	      0.114	      0.078	      0.071	
 2019/02/27	   3.474	   3.570	   3.340	   3.360	        1722000	      3.284	      3.190	      3.050	      2.907	           	      0.000	  17220.000	   5162.272	   3090.663	      0.122	      0.087	      0.070	
 2019/02/28	   3.359	   3.368	   3.318	   3.328	         117200	      3.323	      3.216	      3.073	      2.915	           	      0.000	   1172.000	   5123.306	   2951.036	      0.125	      0.095	      0.060	
 2019/03/01	   3.328	   3.630	   3.272	   3.359	         219500	      3.353	      3.249	      3.097	      2.923	           	      0.000	   2195.000	   5157.600	   3123.936	      0.128	      0.101	      0.053	
 2019/03/04	   3.358	   3.500	   3.348	   3.475	        1326100	      3.371	      3.284	      3.127	      2.934	           	      0.000	  13261.000	   7201.400	   4367.036	      0.138	      0.109	      0.059	
 2019/03/05	   3.475	   3.475	   3.341	   3.470	        3505286	      3.398	      3.319	      3.158	      2.945	           	      0.000	  35052.859	  13780.172	   7773.522	      0.144	      0.116	      0.057	
 2019/03/06	   3.463	   3.470	   3.423	   3.470	        1368300	      3.420	      3.352	      3.189	      2.955	           	      0.000	  13683.000	  13072.771	   9117.521	      0.147	      0.122	      0.050	
 2019/03/07	   3.465	   3.500	   3.440	   3.478	         507941	      3.450	      3.387	      3.220	      2.965	           	      0.000	   5079.410	  13854.254	   9488.780	      0.149	      0.127	      0.043	
 2019/03/08	   3.376	   3.476	   3.340	   3.476	         315300	      3.474	      3.414	      3.249	      2.974	           	      0.000	   3153.000	  14045.854	   9601.727	      0.148	      0.131	      0.033	
 2019/03/11	   3.288	   3.472	   3.288	   3.399	         426400	      3.459	      3.415	      3.270	      2.982	           	      0.000	   4264.000	  12246.454	   9723.927	      0.139	      0.133	      0.013	
 2019/03/12	   3.438	   3.488	   3.400	   3.401	         758000	      3.445	      3.422	      3.291	      2.991	           	      0.000	   7580.000	   6751.882	  10266.027	      0.131	      0.133	     -0.003	
 2019/03/13	   3.401	   3.430	   3.365	   3.382	         216700	      3.427	      3.424	      3.307	      2.999	           	      0.000	   2167.000	   4448.682	   8760.727	      0.122	      0.131	     -0.017	
 2019/03/14	   3.389	   3.389	   3.301	   3.389	          98600	      3.409	      3.430	      3.323	      3.007	           	      0.000	    986.000	   3630.000	   8742.127	      0.114	      0.127	     -0.027	
 2019/03/15	   3.388	   3.406	   3.349	   3.399	        4073300	      3.394	      3.434	      3.342	      3.015	           	      0.000	  40733.000	  11146.000	  12595.927	      0.107	      0.123	     -0.032	
 2019/03/18	   3.398	   3.459	   3.360	   3.457	         442400	      3.406	      3.432	      3.358	      3.024	           	      0.000	   4424.000	  11178.000	  11712.227	      0.105	      0.120	     -0.029	
 2019/03/19	   3.470	   3.491	   3.449	   3.458	         156100	      3.417	      3.431	      3.375	      3.032	           	      0.000	   1561.000	   9974.200	   8363.041	      0.102	      0.116	     -0.027	
 2019/03/20	   3.443	   3.458	   3.421	   3.458	          70900	      3.432	      3.430	      3.391	      3.042	           	      0.000	    709.000	   9682.600	   7065.641	      0.099	      0.113	     -0.027	
 2019/03/21	   3.466	   3.497	   3.455	   3.482	         171800	      3.451	      3.430	      3.408	      3.052	           	      0.000	   1718.000	   9829.000	   6729.500	      0.097	      0.110	     -0.025	
 2019/03/22	   3.473	   3.479	   3.432	   3.473	          96500	      3.466	      3.430	      3.422	      3.063	           	      0.000	    965.000	   1875.400	   6510.700	      0.094	      0.107	     -0.025	
 2019/03/25	   3.445	   3.461	   3.410	   3.410	          38100	      3.456	      3.431	      3.423	      3.073	           	      0.000	    381.000	   1066.800	   6122.400	      0.086	      0.102	     -0.034	
 2019/03/26	   3.432	   3.432	   3.350	   3.350	         103800	      3.435	      3.426	      3.424	      3.083	           	      0.000	   1038.000	    962.200	   5468.200	      0.073	      0.097	     -0.047	
 2019/03/27	   3.362	   3.374	   3.342	   3.374	         192254	      3.418	      3.425	      3.424	      3.092	           	      0.000	   1922.540	   1204.908	   5443.754	      0.064	      0.090	     -0.051	
 2019/03/28	   3.367	   3.390	   3.332	   3.359	          51000	      3.393	      3.422	      3.426	      3.101	           	      0.000	    510.000	    963.308	   5396.154	      0.056	      0.083	     -0.055	
 2019/03/29	   3.377	   3.476	   3.364	   3.472	         143879	      3.393	      3.429	      3.432	      3.113	           	      0.000	   1438.790	   1058.066	   1466.733	      0.057	      0.078	     -0.042	
 2019/04/01	   3.472	   3.586	   3.472	   3.580	         158300	      3.427	      3.442	      3.437	      3.127	           	      0.000	   1583.000	   1298.466	   1182.633	      0.066	      0.076	     -0.019	
 2019/04/02	   3.588	   3.605	   3.568	   3.575	         170700	      3.472	      3.453	      3.442	      3.141	           	      0.000	   1707.000	   1432.266	   1197.233	      0.072	      0.075	     -0.005	
 2019/04/03	   3.564	   3.621	   3.564	   3.621	         120900	      3.521	      3.470	      3.450	      3.156	           	      0.000	   1209.000	   1289.558	   1247.233	      0.080	      0.076	      0.008	
 2019/04/04	   3.611	   3.648	   3.611	   3.629	          35500	      3.575	      3.484	      3.457	      3.171	           	      0.000	    355.000	   1258.558	   1110.933	      0.086	      0.078	      0.015	
 2019/04/08	   3.648	   3.648	   3.537	   3.628	         581700	      3.607	      3.500	      3.465	      3.186	           	      0.000	   5817.000	   2134.200	   1596.133	      0.089	      0.080	      0.018	
 2019/04/09	   3.489	   3.612	   3.488	   3.583	          87600	      3.607	      3.517	      3.474	      3.199	           	      0.000	    876.000	   1992.800	   1645.633	      0.087	      0.081	      0.011	
 2019/04/10	   3.491	   3.618	   3.491	   3.595	         429500	      3.611	      3.542	      3.484	      3.213	           	      0.000	   4295.000	   2510.400	   1971.333	      0.085	      0.082	      0.006	
 2019/04/11	   3.601	   3.615	   3.535	   3.535	         164300	      3.594	      3.558	      3.491	      3.224	           	      0.000	   1643.000	   2597.200	   1943.379	      0.078	      0.081	     -0.006	
 2019/04/12	   3.546	   3.549	   3.520	   3.540	         136200	      3.576	      3.576	      3.499	      3.237	           	      0.000	   1362.000	   2798.600	   2028.579	      0.072	      0.080	     -0.014	
 2019/04/15	   3.603	   3.612	   3.534	   3.535	         114500	      3.558	      3.582	      3.506	      3.249	           	      0.000	   1145.000	   1864.200	   1999.200	      0.066	      0.077	     -0.021	
 2019/04/16	   3.545	   3.689	   3.490	   3.594	         838500	      3.560	      3.583	      3.513	      3.262	           	      0.000	   8385.000	   3366.000	   2679.400	      0.066	      0.075	     -0.018	
 2019/04/17	   3.590	   3.686	   3.584	   3.621	          91900	      3.565	      3.588	      3.521	      3.275	           	      0.000	    919.000	   2690.800	   2600.600	      0.067	      0.073	     -0.013	
 2019/04/18	   3.612	   3.637	   3.599	   3.618	         106600	      3.582	      3.588	      3.529	      3.288	           	      0.000	   1066.000	   2575.400	   2586.300	      0.066	      0.072	     -0.011	
 2019/04/19	   3.617	   3.632	   3.602	   3.632	          68900	      3.600	      3.588	      3.536	      3.301	           	      0.000	    689.000	   2440.800	   2619.700	      0.066	      0.071	     -0.008	
 2019/04/22	   3.656	   3.656	   3.576	   3.576	         236430	      3.608	      3.583	      3.541	      3.313	           	      0.000	   2364.300	   2684.660	   2274.430	      0.061	      0.069	     -0.015	
 2019/04/23	   3.576	   3.576	   3.542	   3.554	          64900	      3.600	      3.580	      3.549	      3.324	           	      0.000	    649.000	   1137.460	   2251.730	      0.055	      0.066	     -0.022	
 2019/04/24	   3.544	   3.566	   3.506	   3.549	          53700	      3.586	      3.575	      3.559	      3.335	           	      0.000	    537.000	   1061.060	   1875.930	      0.049	      0.063	     -0.028	
 2019/04/25	   3.549	   3.549	   3.482	   3.486	          52800	      3.559	      3.570	      3.564	      3.346	           	      0.000	    528.000	    953.460	   1764.430	      0.038	      0.058	     -0.039	
 2019/04/26	   3.473	   3.600	   3.436	   3.436	         233200	      3.520	      3.560	      3.568	      3.356	           	      0.000	   2332.000	   1282.060	   1861.430	      0.026	      0.051	     -0.051	
 2019/04/29	   3.437	   3.466	   3.412	   3.412	         178800	      3.487	      3.548	      3.565	      3.364	           	      0.000	   1788.000	   1166.800	   1925.730	      0.014	      0.044	     -0.060	
 2019/04/30	   3.414	   3.443	   3.411	   3.426	          62000	      3.462	      3.531	      3.557	      3.374	           	      0.000	    620.000	   1161.000	   1149.230	      0.005	      0.036	     -0.062	
 2019/05/06	   3.267	   3.300	   3.182	   3.200	          94100	      3.392	      3.489	      3.539	      3.380	           	      0.000	    941.000	   1241.800	   1151.430	     -0.019	      0.025	     -0.089	
 2019/05/07	   3.489	   3.489	   3.211	   3.245	         159000	      3.344	      3.452	      3.520	      3.386	           	      0.000	   1590.000	   1454.200	   1203.830	     -0.035	      0.013	     -0.096	
 2019/05/08	   3.200	   3.256	   3.200	   3.210	          36900	      3.299	      3.409	      3.499	      3.392	           	      0.000	    369.000	   1061.600	   1171.830	     -0.050	      0.001	     -0.100	
 2019/05/09	   3.203	   3.207	   3.138	   3.161	          24000	      3.248	      3.368	      3.475	      3.396	           	      0.000	    240.000	    752.000	    959.400	     -0.064	     -0.012	     -0.104	
 2019/05/10	   3.412	   3.412	   3.152	   3.256	         118500	      3.214	      3.338	      3.459	      3.401	           	      0.000	   1185.000	    865.000	   1013.000	     -0.068	     -0.023	     -0.088	
 2019/05/13	   3.200	   3.232	   3.200	   3.202	          57000	      3.215	      3.303	      3.439	      3.405	           	      0.000	    570.000	    790.800	   1016.300	     -0.074	     -0.033	     -0.080	
 2019/05/14	   3.050	   3.212	   3.050	   3.185	          26300	      3.203	      3.273	      3.422	      3.407	           	      0.000	    263.000	    525.400	    989.800	     -0.079	     -0.043	     -0.073	
 2019/05/15	   3.183	   3.245	   3.183	   3.240	         137100	      3.209	      3.254	      3.407	      3.410	           	      0.000	   1371.000	    725.800	    893.700	     -0.078	     -0.050	     -0.056	
 2019/05/16	   3.250	   3.250	   3.227	   3.227	          24400	      3.222	      3.235	      3.391	      3.413	           	      0.000	    244.000	    726.600	    739.300	     -0.077	     -0.055	     -0.044	
 2019/05/17	   3.254	   3.254	   3.196	   3.196	           7400	      3.210	      3.212	      3.372	      3.414	           	      0.000	     74.000	    504.400	    684.700	     -0.078	     -0.060	     -0.037	
 2019/05/20	   3.159	   3.168	   3.112	   3.141	          77900	      3.198	      3.206	      3.348	      3.414	           	      0.000	    779.000	    546.200	    668.500	     -0.082	     -0.064	     -0.036	
 2019/05/21	   3.154	   3.201	   3.154	   3.187	          25700	      3.198	      3.201	      3.326	      3.415	           	      0.000	    257.000	    545.000	    535.200	     -0.081	     -0.068	     -0.027	
 2019/05/22	   3.174	   3.200	   3.169	   3.169	         260260	      3.184	      3.196	      3.303	      3.416	           	      0.000	   2602.600	    791.320	    758.560	     -0.081	     -0.070	     -0.021	
 2019/05/23	   3.139	   3.151	   3.102	   3.102	          28600	      3.159	      3.191	      3.279	      3.414	           	      0.000	    286.000	    799.720	    763.160	     -0.085	     -0.073	     -0.023	
 2019/05/24	   3.086	   3.412	   3.086	   3.110	          74100	      3.142	      3.176	      3.257	      3.409	    741.000	      1.000	    741.000	    933.120	    718.760	     -0.086	     -0.076	     -0.021	
数据来源:通达信
