                  消费行业 (510630)
      时间	    开盘	    最高	    最低	    收盘	         成交量	   MA.MA1   	   MA.MA2   	   MA.MA3   	   MA.MA4   	VOL-TDX.VVOL  	VOL-TDX.      	VOL-TDX.VOLUME	VOL-TDX.MAVOL1	VOL-TDX.MAVOL2	 MACD.DIF   	 MACD.DEA   	 MACD.MACD  	
 2013/05/08	   1.002	   1.010	   0.998	   1.007	      253293104	           	           	           	           	           	      0.000	2532931.000	           	           	      0.000	      0.000	      0.000	
 2013/05/09	   1.004	   1.017	   1.004	   1.013	       83157904	           	           	           	           	           	      0.000	 831579.063	           	           	      0.000	      0.000	      0.001	
 2013/05/10	   1.008	   1.022	   1.005	   1.013	       34904792	           	           	           	           	           	      0.000	 349047.906	           	           	      0.001	      0.000	      0.001	
 2013/05/13	   1.016	   1.019	   0.912	   1.013	       20323996	           	           	           	           	           	      0.000	 203239.953	           	           	      0.001	      0.000	      0.001	
 2013/05/14	   1.002	   1.012	   0.993	   0.999	       49586404	      1.009	           	           	           	           	      0.000	 495864.031	 882532.375	           	      0.000	      0.000	     -0.000	
 2013/05/15	   0.989	   0.996	   0.989	   0.994	       21941428	      1.006	           	           	           	           	      0.000	 219414.281	 419829.063	           	     -0.001	      0.000	     -0.002	
 2013/05/16	   0.994	   1.011	   0.987	   1.006	       17172216	      1.005	           	           	           	           	      0.000	 171722.156	 287857.656	           	     -0.001	     -0.000	     -0.001	
 2013/05/17	   1.004	   1.020	   1.004	   1.019	       11536164	      1.006	           	           	           	           	      0.000	 115361.641	 241120.406	           	      0.000	      0.000	      0.001	
 2013/05/20	   1.020	   1.028	   1.010	   1.027	       16302388	      1.009	           	           	           	           	      0.000	 163023.875	 233077.203	           	      0.002	      0.000	      0.003	
 2013/05/21	   1.023	   1.023	   1.008	   1.014	       16596675	      1.012	      1.010	           	           	           	      0.000	 165966.750	 167097.734	 524815.063	      0.002	      0.001	      0.003	
 2013/05/22	   1.014	   1.027	   1.009	   1.021	       21379896	      1.017	      1.012	           	           	           	      0.000	 213798.953	 165974.672	 292901.875	      0.003	      0.001	      0.003	
 2013/05/23	   1.011	   1.040	   1.011	   1.027	       23625468	      1.022	      1.013	           	           	           	      0.000	 236254.688	 178881.188	 233369.422	      0.004	      0.002	      0.004	
 2013/05/24	   1.030	   1.037	   1.019	   1.028	        8824336	      1.023	      1.015	           	           	           	      0.000	  88243.359	 173457.531	 207288.969	      0.004	      0.002	      0.004	
 2013/05/27	   1.022	   1.028	   1.018	   1.028	        5334400	      1.024	      1.016	           	           	           	      0.000	  53344.000	 151521.547	 192299.375	      0.005	      0.003	      0.004	
 2013/05/28	   1.023	   1.038	   1.022	   1.038	        3099452	      1.028	      1.020	           	           	           	      0.000	  30994.520	 124527.102	 145812.422	      0.006	      0.003	      0.005	
 2013/05/29	   1.038	   1.045	   1.037	   1.041	        3983269	      1.032	      1.025	           	           	           	      0.000	  39832.691	  89733.852	 127854.266	      0.007	      0.004	      0.006	
 2013/05/30	   1.038	   1.040	   1.031	   1.037	        7939014	      1.034	      1.028	           	           	           	      0.000	  79390.141	  58360.941	 118621.063	      0.008	      0.005	      0.006	
 2013/05/31	   1.037	   1.042	   1.030	   1.030	        1609133	      1.035	      1.029	           	           	           	      0.000	  16091.330	  43930.535	 108694.031	      0.007	      0.005	      0.004	
 2013/06/03	   1.029	   1.040	   1.029	   1.035	        1774120	      1.036	      1.030	           	           	           	      0.000	  17741.199	  36809.977	  94165.766	      0.007	      0.006	      0.003	
 2013/06/04	   1.030	   1.032	   1.016	   1.019	        5111199	      1.032	      1.030	      1.020	           	           	      0.000	  51111.988	  40833.469	  82680.289	      0.006	      0.006	      0.001	
 2013/06/05	   1.020	   1.025	   1.014	   1.023	        6112800	      1.029	      1.031	      1.021	           	           	      0.000	  61128.000	  45092.531	  67413.195	      0.005	      0.006	     -0.001	
 2013/06/06	   1.023	   1.030	   1.014	   1.015	        1305090	      1.024	      1.029	      1.021	           	           	      0.000	  13050.900	  31824.684	  45092.813	      0.004	      0.005	     -0.003	
 2013/06/07	   1.016	   1.018	   0.996	   1.000	        9963735	      1.018	      1.027	      1.021	           	           	      0.000	  99637.352	  48533.887	  46232.211	      0.002	      0.005	     -0.006	
 2013/06/13	   0.997	   0.997	   0.976	   0.985	       10283325	      1.008	      1.022	      1.019	           	           	      0.000	 102833.250	  65552.297	  51181.137	     -0.001	      0.004	     -0.009	
 2013/06/14	   0.985	   0.993	   0.984	   0.993	        2546100	      1.003	      1.018	      1.019	           	           	      0.000	  25461.000	  60422.102	  50627.785	     -0.003	      0.002	     -0.010	
 2013/06/17	   1.013	   1.013	   0.984	   0.990	        5571800	      0.997	      1.013	      1.019	           	           	      0.000	  55718.000	  59340.102	  52216.316	     -0.004	      0.001	     -0.011	
 2013/06/18	   1.010	   1.010	   0.996	   1.007	        4449282	      0.995	      1.010	      1.019	           	           	      0.000	  44492.820	  65628.484	  48726.586	     -0.004	     -0.000	     -0.008	
 2013/06/19	   1.007	   1.028	   1.000	   1.025	       17966248	      1.000	      1.009	      1.019	           	           	      0.000	 179662.484	  81633.508	  65083.699	     -0.003	     -0.001	     -0.004	
 2013/06/20	   1.022	   1.029	   1.003	   1.005	       14155948	      1.004	      1.006	      1.018	           	           	      0.000	 141559.484	  89378.758	  77465.531	     -0.003	     -0.001	     -0.004	
 2013/06/21	   0.987	   1.017	   0.987	   1.006	        6625433	      1.007	      1.005	      1.018	           	           	      0.000	  66254.328	  97537.422	  78979.766	     -0.003	     -0.001	     -0.003	
 2013/06/24	   0.987	   1.006	   0.963	   0.969	       11919290	      1.002	      0.999	      1.015	           	           	      0.000	 119192.898	 110232.406	  84786.250	     -0.006	     -0.002	     -0.007	
 2013/06/25	   0.950	   0.978	   0.912	   0.976	       22466204	      0.996	      0.996	      1.013	           	           	      0.000	 224662.047	 146266.250	 105947.367	     -0.008	     -0.003	     -0.009	
 2013/06/26	   0.970	   0.988	   0.969	   0.980	       11374300	      0.987	      0.994	      1.010	           	           	      0.000	 113743.000	 133082.344	 107357.930	     -0.009	     -0.004	     -0.008	
 2013/06/27	   0.999	   0.999	   0.969	   0.971	        7387613	      0.980	      0.992	      1.007	           	           	      0.000	  73876.133	 119545.680	 104462.219	     -0.010	     -0.006	     -0.009	
 2013/06/28	   0.970	   0.985	   0.963	   0.970	        1874100	      0.973	      0.990	      1.004	           	           	      0.000	  18741.000	 110043.016	 103790.219	     -0.011	     -0.007	     -0.009	
 2013/07/01	   0.953	   0.999	   0.953	   0.998	        3472100	      0.979	      0.991	      1.002	           	           	      0.000	  34721.000	  93148.633	 101690.516	     -0.009	     -0.007	     -0.005	
 2013/07/02	   0.992	   1.032	   0.992	   1.023	       26299738	      0.988	      0.992	      1.001	           	           	      0.000	 262997.375	 100815.703	 123540.977	     -0.006	     -0.007	      0.002	
 2013/07/03	   1.025	   1.038	   1.015	   1.035	       22309536	      0.999	      0.993	      1.001	           	           	      0.000	 223095.359	 122686.172	 127884.266	     -0.002	     -0.006	      0.007	
 2013/07/04	   1.030	   1.042	   1.015	   1.034	       12454200	      1.012	      0.996	      1.001	           	           	      0.000	 124542.000	 132819.344	 126182.516	      0.000	     -0.005	      0.010	
 2013/07/05	   1.034	   1.040	   1.029	   1.030	       18108390	      1.024	      0.999	      1.002	           	           	      0.000	 181083.906	 165287.922	 137665.469	      0.002	     -0.003	      0.011	
 2013/07/08	   1.020	   1.040	   1.005	   1.013	       11512100	      1.027	      1.003	      1.001	           	           	      0.000	 115121.000	 181367.922	 137258.281	      0.002	     -0.002	      0.009	
 2013/07/09	   1.012	   1.016	   1.001	   1.006	        9618899	      1.024	      1.006	      1.001	           	           	      0.000	  96188.992	 148006.250	 124410.977	      0.002	     -0.001	      0.006	
 2013/07/10	   1.010	   1.021	   0.996	   1.021	        1698235	      1.021	      1.010	      1.002	           	           	      0.000	  16982.350	 106783.648	 114734.914	      0.002	     -0.001	      0.006	
 2013/07/11	   1.026	   1.050	   1.020	   1.038	       14375546	      1.022	      1.017	      1.005	           	           	      0.000	 143755.453	 110626.344	 121722.844	      0.004	      0.000	      0.008	
 2013/07/12	   1.042	   1.055	   1.036	   1.039	       15417848	      1.023	      1.024	      1.007	           	           	      0.000	 154178.484	 105245.258	 135266.594	      0.006	      0.001	      0.009	
 2013/07/15	   1.040	   1.056	   1.035	   1.055	       14593699	      1.032	      1.029	      1.010	           	           	      0.000	 145936.984	 111408.453	 146388.188	      0.008	      0.003	      0.011	
 2013/07/16	   1.048	   1.061	   1.045	   1.060	       14448143	      1.043	      1.033	      1.013	           	           	      0.000	 144481.438	 121066.945	 134536.594	      0.011	      0.004	      0.012	
 2013/07/17	   1.051	   1.055	   1.030	   1.030	       14933862	      1.044	      1.033	      1.013	           	           	      0.000	 149338.625	 147538.203	 127160.922	      0.010	      0.005	      0.009	
 2013/07/18	   1.025	   1.034	   1.013	   1.024	        8316625	      1.042	      1.032	      1.014	           	           	      0.000	  83166.250	 135420.359	 123023.352	      0.009	      0.006	      0.005	
 2013/07/19	   1.023	   1.028	   1.007	   1.022	        7767825	      1.038	      1.031	      1.015	           	           	      0.000	  77678.250	 120120.313	 112682.781	      0.007	      0.006	      0.002	
 2013/07/22	   1.010	   1.019	   0.999	   1.019	        3720491	      1.031	      1.031	      1.017	           	           	      0.000	  37204.910	  98373.891	 104891.172	      0.006	      0.006	     -0.000	
 2013/07/23	   1.008	   1.043	   1.008	   1.042	        8960306	      1.027	      1.035	      1.021	           	           	      0.000	  89603.063	  87398.219	 104232.578	      0.007	      0.006	      0.001	
 2013/07/24	   1.042	   1.055	   1.032	   1.050	       15568407	      1.031	      1.038	      1.024	           	           	      0.000	 155684.063	  88667.305	 118102.750	      0.008	      0.007	      0.003	
 2013/07/25	   1.054	   1.063	   1.042	   1.051	       10323104	      1.037	      1.039	      1.028	           	           	      0.000	 103231.039	  92680.266	 114050.313	      0.009	      0.007	      0.004	
 2013/07/26	   1.045	   1.054	   1.035	   1.040	       14750350	      1.040	      1.039	      1.031	           	           	      0.000	 147503.500	 106645.313	 113382.813	      0.009	      0.007	      0.002	
 2013/07/29	   1.035	   1.035	   1.020	   1.024	       11056616	      1.041	      1.036	      1.033	           	           	      0.000	 110566.156	 121317.563	 109845.727	      0.007	      0.007	     -0.001	
 2013/07/30	   1.024	   1.032	   1.011	   1.019	        3598350	      1.037	      1.032	      1.033	           	           	      0.000	  35983.500	 110593.648	  98995.938	      0.005	      0.007	     -0.003	
 2013/07/31	   1.027	   1.040	   1.015	   1.016	        2453400	      1.030	      1.031	      1.032	           	           	      0.000	  24534.000	  84363.641	  86515.477	      0.004	      0.006	     -0.005	
 2013/08/01	   1.019	   1.031	   1.016	   1.031	        2599900	      1.026	      1.031	      1.031	           	           	      0.000	  25999.000	  68917.234	  80798.750	      0.004	      0.006	     -0.004	
 2013/08/02	   1.032	   1.047	   1.032	   1.040	       12218435	      1.026	      1.033	      1.032	      1.018	           	      0.000	 122184.352	  63853.402	  85249.359	      0.004	      0.005	     -0.003	
 2013/08/05	   1.044	   1.067	   1.044	   1.066	       14003105	      1.034	      1.038	      1.035	      1.019	           	      0.000	 140031.047	  69746.383	  95531.969	      0.007	      0.006	      0.002	
 2013/08/06	   1.067	   1.075	   1.061	   1.072	        3839745	      1.045	      1.041	      1.038	      1.020	           	      0.000	  38397.449	  70229.172	  90411.414	      0.009	      0.006	      0.005	
 2013/08/07	   1.072	   1.078	   1.063	   1.068	       12423255	      1.055	      1.043	      1.040	      1.021	           	      0.000	 124232.547	  90168.875	  87266.258	      0.010	      0.007	      0.006	
 2013/08/08	   1.070	   1.075	   1.063	   1.070	        4750800	      1.063	      1.045	      1.042	      1.022	           	      0.000	  47508.000	  94470.680	  81693.953	      0.011	      0.008	      0.007	
 2013/08/09	   1.070	   1.084	   1.064	   1.076	        2986940	      1.070	      1.048	      1.044	      1.023	           	      0.000	  29869.400	  76007.688	  69930.547	      0.013	      0.009	      0.008	
 2013/08/12	   1.086	   1.090	   1.077	   1.088	        8252754	      1.075	      1.055	      1.045	      1.025	           	      0.000	  82527.539	  64506.988	  67126.680	      0.015	      0.010	      0.009	
 2013/08/13	   1.086	   1.088	   1.075	   1.075	        6405200	      1.075	      1.060	      1.046	      1.026	           	      0.000	  64052.000	  69637.898	  69933.531	      0.015	      0.011	      0.007	
 2013/08/14	   1.078	   1.092	   1.066	   1.069	        7003108	      1.076	      1.066	      1.048	      1.027	           	      0.000	  70031.078	  58797.602	  74483.242	      0.014	      0.012	      0.005	
 2013/08/15	   1.067	   1.073	   1.056	   1.056	       12754360	      1.073	      1.068	      1.050	      1.027	           	      0.000	 127543.602	  74804.727	  84637.703	      0.013	      0.012	      0.002	
 2013/08/16	   1.056	   1.072	   1.035	   1.037	        8417773	      1.065	      1.068	      1.050	      1.028	           	      0.000	  84177.727	  85666.391	  80837.039	      0.010	      0.011	     -0.003	
 2013/08/19	   1.034	   1.059	   1.034	   1.059	       16403001	      1.059	      1.067	      1.052	      1.028	           	      0.000	 164030.016	 101966.883	  83236.938	      0.009	      0.011	     -0.004	
 2013/08/20	   1.059	   1.067	   1.049	   1.050	        5105866	      1.054	      1.065	      1.053	      1.029	           	      0.000	  51058.660	  99368.219	  84503.055	      0.008	      0.010	     -0.005	
 2013/08/21	   1.052	   1.054	   1.045	   1.050	        3734000	      1.050	      1.063	      1.053	      1.029	           	      0.000	  37340.000	  92830.000	  75813.805	      0.007	      0.010	     -0.006	
 2013/08/22	   1.051	   1.080	   1.050	   1.052	        4287374	      1.050	      1.061	      1.053	      1.029	           	      0.000	  42873.738	  75896.031	  75350.375	      0.006	      0.009	     -0.006	
 2013/08/23	   1.052	   1.060	   1.034	   1.048	        8054330	      1.052	      1.058	      1.053	      1.030	           	      0.000	  80543.297	  75169.141	  80417.766	      0.005	      0.008	     -0.006	
 2013/08/26	   1.048	   1.064	   1.047	   1.064	        5774400	      1.053	      1.056	      1.055	      1.030	           	      0.000	  57744.000	  53911.938	  77939.414	      0.005	      0.008	     -0.004	
 2013/08/27	   1.065	   1.067	   1.060	   1.066	        8306342	      1.056	      1.055	      1.058	      1.030	           	      0.000	  83063.422	  60312.891	  79840.555	      0.006	      0.007	     -0.003	
 2013/08/28	   1.062	   1.063	   1.050	   1.057	        8867742	      1.057	      1.054	      1.060	      1.031	           	      0.000	  88677.422	  70580.375	  81705.188	      0.005	      0.007	     -0.003	
 2013/08/29	   1.058	   1.061	   1.050	   1.056	        4174200	      1.058	      1.054	      1.061	      1.031	           	      0.000	  41742.000	  70354.031	  73125.031	      0.005	      0.006	     -0.003	
 2013/08/30	   1.055	   1.058	   1.046	   1.050	        6392489	      1.059	      1.055	      1.061	      1.032	           	      0.000	  63924.891	  67030.344	  71099.742	      0.004	      0.006	     -0.004	
 2013/09/02	   1.051	   1.064	   1.049	   1.054	       13493489	      1.057	      1.055	      1.061	      1.032	           	      0.000	 134934.891	  82468.523	  68190.234	      0.003	      0.005	     -0.004	
 2013/09/03	   1.055	   1.075	   1.055	   1.070	        6386700	      1.057	      1.057	      1.061	      1.033	           	      0.000	  63867.000	  78629.242	  69471.063	      0.004	      0.005	     -0.002	
 2013/09/04	   1.071	   1.075	   1.067	   1.074	        4154532	      1.061	      1.059	      1.061	      1.034	           	      0.000	  41545.320	  69202.820	  69891.602	      0.005	      0.005	      0.000	
 2013/09/05	   1.073	   1.094	   1.067	   1.090	        8798248	      1.068	      1.063	      1.062	      1.036	           	      0.000	  87982.477	  78450.914	  74402.469	      0.007	      0.006	      0.003	
 2013/09/06	   1.089	   1.095	   1.084	   1.087	        6435679	      1.075	      1.067	      1.063	      1.038	           	      0.000	  64356.789	  78537.297	  72783.820	      0.009	      0.006	      0.005	
 2013/09/09	   1.087	   1.097	   1.083	   1.095	       11464267	      1.083	      1.070	      1.063	      1.039	           	      0.000	 114642.672	  74478.852	  78473.688	      0.010	      0.007	      0.006	
 2013/09/10	   1.095	   1.112	   1.094	   1.107	       13142958	      1.091	      1.074	      1.065	      1.041	           	      0.000	 131429.578	  87991.367	  83310.305	      0.012	      0.008	      0.008	
 2013/09/11	   1.106	   1.111	   1.087	   1.110	       14904177	      1.098	      1.079	      1.067	      1.043	           	      0.000	 149041.766	 109490.656	  89346.734	      0.014	      0.009	      0.009	
 2013/09/12	   1.108	   1.108	   1.098	   1.103	        6321519	      1.100	      1.084	      1.069	      1.044	           	      0.000	  63215.191	 104537.203	  91494.055	      0.014	      0.010	      0.008	
 2013/09/13	   1.104	   1.126	   1.104	   1.120	        6680073	      1.107	      1.091	      1.073	      1.046	           	      0.000	  66800.727	 105025.984	  91781.641	      0.016	      0.011	      0.009	
 2013/09/16	   1.119	   1.127	   1.108	   1.108	        6527300	      1.110	      1.096	      1.076	      1.048	           	      0.000	  65273.000	  95152.055	  84815.453	      0.016	      0.012	      0.008	
 2013/09/17	   1.109	   1.109	   1.090	   1.091	        3390428	      1.106	      1.099	      1.078	      1.050	           	      0.000	  33904.281	  75646.992	  81819.180	      0.015	      0.013	      0.004	
 2013/09/18	   1.090	   1.094	   1.077	   1.088	       18440400	      1.102	      1.100	      1.079	      1.052	           	      0.000	 184404.000	  82719.438	  96105.047	      0.013	      0.013	      0.001	
 2013/09/23	   1.094	   1.109	   1.093	   1.108	       15909818	      1.103	      1.102	      1.082	      1.054	           	      0.000	 159098.188	 101896.039	 103216.617	      0.013	      0.013	      0.001	
 2013/09/24	   1.103	   1.126	   1.103	   1.125	        3938600	      1.104	      1.105	      1.086	      1.057	           	      0.000	  39386.000	  96413.094	 100719.539	      0.015	      0.013	      0.003	
 2013/09/25	   1.126	   1.135	   1.118	   1.124	        1940960	      1.107	      1.108	      1.089	      1.059	           	      0.000	  19409.600	  87240.414	  91196.234	      0.016	      0.014	      0.004	
 2013/09/26	   1.139	   1.158	   1.121	   1.129	       20267752	      1.115	      1.111	      1.092	      1.061	           	      0.000	 202677.516	 120995.063	  98321.023	      0.017	      0.014	      0.004	
 2013/09/27	   1.128	   1.142	   1.127	   1.128	        6720200	      1.123	      1.112	      1.096	      1.062	           	      0.000	  67202.000	  97554.664	  90137.047	      0.017	      0.015	      0.004	
 2013/09/30	   1.130	   1.143	   1.125	   1.141	         871300	      1.129	      1.116	      1.100	      1.064	           	      0.000	   8713.000	  67477.625	  84686.828	      0.018	      0.016	      0.005	
 2013/10/08	   1.140	   1.165	   1.140	   1.149	        4357447	      1.134	      1.119	      1.105	      1.066	           	      0.000	  43574.469	  68315.320	  82364.203	      0.020	      0.016	      0.006	
 2013/10/09	   1.150	   1.170	   1.140	   1.170	        4085300	      1.143	      1.125	      1.111	      1.069	           	      0.000	  40853.000	  72604.000	  79922.203	      0.022	      0.018	      0.009	
 2013/10/10	   1.169	   1.187	   1.163	   1.170	        8106646	      1.152	      1.133	      1.116	      1.072	           	      0.000	  81066.461	  48281.785	  84638.422	      0.024	      0.019	      0.010	
 2013/10/11	   1.172	   1.188	   1.172	   1.184	       14700787	      1.163	      1.143	      1.121	      1.074	           	      0.000	 147007.875	  64242.961	  80898.813	      0.026	      0.020	      0.012	
 2013/10/14	   1.185	   1.204	   1.185	   1.195	        7624731	      1.174	      1.151	      1.127	      1.077	           	      0.000	  76247.313	  77749.820	  72613.727	      0.028	      0.022	      0.013	
 2013/10/15	   1.197	   1.214	   1.196	   1.209	        7972596	      1.186	      1.160	      1.133	      1.080	           	      0.000	  79725.961	  84980.125	  76647.719	      0.031	      0.024	      0.014	
 2013/10/16	   1.210	   1.227	   1.180	   1.190	       20796608	      1.190	      1.166	      1.137	      1.082	           	      0.000	 207966.078	 118402.734	  95503.367	      0.031	      0.025	      0.012	
 2013/10/17	   1.200	   1.215	   1.174	   1.186	       18203394	      1.193	      1.172	      1.141	      1.084	           	      0.000	 182033.938	 138596.234	  93439.008	      0.031	      0.026	      0.009	
 2013/10/18	   1.182	   1.198	   1.180	   1.197	        6894090	      1.195	      1.179	      1.146	      1.087	           	      0.000	  68940.898	 122982.836	  93612.898	      0.031	      0.027	      0.007	
 2013/10/21	   1.200	   1.247	   1.200	   1.238	       14927316	      1.204	      1.189	      1.153	      1.090	           	      0.000	 149273.156	 137588.000	 107668.914	      0.034	      0.028	      0.010	
 2013/10/22	   1.240	   1.246	   1.220	   1.225	       15927200	      1.207	      1.196	      1.158	      1.094	           	      0.000	 159272.000	 153497.219	 119238.672	      0.035	      0.030	      0.010	
 2013/10/23	   1.225	   1.237	   1.173	   1.181	       17156100	      1.205	      1.197	      1.161	      1.096	           	      0.000	 171561.000	 146216.203	 132309.469	      0.031	      0.030	      0.003	
 2013/10/24	   1.178	   1.185	   1.155	   1.160	       18231000	      1.200	      1.197	      1.165	      1.098	           	      0.000	 182310.000	 146271.406	 142433.828	      0.027	      0.029	     -0.005	
 2013/10/25	   1.160	   1.167	   1.116	   1.130	       20578200	      1.187	      1.191	      1.167	      1.100	           	      0.000	 205782.000	 173639.625	 148311.234	      0.021	      0.028	     -0.014	
 2013/10/28	   1.130	   1.136	   1.115	   1.120	        9158254	      1.163	      1.184	      1.168	      1.101	           	      0.000	  91582.539	 162101.500	 149844.750	      0.015	      0.025	     -0.021	
 2013/10/29	   1.120	   1.133	   1.082	   1.109	       12208693	      1.140	      1.174	      1.167	      1.102	           	      0.000	 122086.930	 154664.500	 154080.859	      0.009	      0.022	     -0.026	
 2013/10/30	   1.109	   1.127	   1.104	   1.126	        8171600	      1.129	      1.167	      1.167	      1.104	           	      0.000	  81716.000	 136695.500	 141455.844	      0.006	      0.019	     -0.026	
 2013/10/31	   1.126	   1.126	   1.073	   1.074	       27119000	      1.112	      1.156	      1.164	      1.105	           	      0.000	 271190.000	 154471.500	 150371.453	     -0.001	      0.015	     -0.031	
 2013/11/01	   1.074	   1.084	   1.052	   1.071	       30643248	      1.100	      1.143	      1.161	      1.106	           	      0.000	 306432.469	 174601.594	 174120.609	     -0.006	      0.010	     -0.034	
 2013/11/04	   1.072	   1.085	   1.070	   1.070	        7342286	      1.090	      1.127	      1.158	      1.106	           	      0.000	  73422.859	 170969.656	 166535.578	     -0.011	      0.006	     -0.034	
 2013/11/05	   1.070	   1.083	   1.055	   1.082	        7386056	      1.085	      1.112	      1.154	      1.107	           	      0.000	  73860.563	 161324.375	 157994.438	     -0.013	      0.002	     -0.031	
 2013/11/06	   1.080	   1.087	   1.070	   1.072	       14801783	      1.074	      1.101	      1.149	      1.107	           	      0.000	 148017.828	 174584.750	 155640.125	     -0.015	     -0.001	     -0.029	
 2013/11/07	   1.071	   1.071	   1.050	   1.054	       27874566	      1.070	      1.091	      1.144	      1.107	           	      0.000	 278745.656	 176095.875	 165283.688	     -0.019	     -0.005	     -0.028	
 2013/11/08	   1.054	   1.055	   1.042	   1.043	        9411820	      1.064	      1.082	      1.137	      1.106	           	      0.000	  94118.203	 133633.016	 154117.313	     -0.022	     -0.008	     -0.027	
 2013/11/11	   1.042	   1.067	   1.042	   1.058	       13113176	      1.062	      1.076	      1.130	      1.106	           	      0.000	 131131.766	 145174.797	 158072.234	     -0.023	     -0.011	     -0.024	
 2013/11/12	   1.059	   1.080	   1.058	   1.074	       19206400	      1.060	      1.072	      1.123	      1.106	           	      0.000	 192064.000	 168815.484	 165069.938	     -0.022	     -0.013	     -0.018	
 2013/11/13	   1.075	   1.075	   1.058	   1.059	       17871430	      1.058	      1.066	      1.116	      1.106	           	      0.000	 178714.297	 174954.781	 174769.766	     -0.022	     -0.015	     -0.015	
 2013/11/14	   1.059	   1.086	   1.057	   1.085	       11573841	      1.064	      1.067	      1.111	      1.106	           	      0.000	 115738.406	 142353.328	 159224.609	     -0.020	     -0.016	     -0.009	
 2013/11/15	   1.085	   1.120	   1.083	   1.109	        8753223	      1.077	      1.071	      1.107	      1.106	           	      0.000	  87532.227	 141036.141	 137334.578	     -0.017	     -0.016	     -0.001	
 2013/11/18	   1.122	   1.138	   1.121	   1.138	        8785023	      1.093	      1.077	      1.102	      1.108	           	      0.000	  87850.227	 132379.828	 138777.313	     -0.011	     -0.015	      0.008	
 2013/11/19	   1.137	   1.137	   1.111	   1.114	       11250718	      1.101	      1.081	      1.096	      1.109	           	      0.000	 112507.180	 116468.469	 142641.984	     -0.009	     -0.014	      0.010	
 2013/11/20	   1.115	   1.121	   1.107	   1.118	       25180608	      1.113	      1.085	      1.093	      1.110	           	      0.000	 251806.078	 131086.828	 153020.797	     -0.006	     -0.012	      0.012	
 2013/11/21	   1.116	   1.116	   1.101	   1.109	       18006970	      1.118	      1.091	      1.091	      1.111	           	      0.000	 180069.703	 143953.078	 143153.203	     -0.005	     -0.011	      0.012	
 2013/11/22	   1.109	   1.111	   1.096	   1.101	       10855200	      1.116	      1.097	      1.089	      1.112	           	      0.000	 108552.000	 148157.031	 144596.594	     -0.005	     -0.010	      0.010	
 2013/11/25	   1.100	   1.108	   1.087	   1.097	       10625138	      1.108	      1.100	      1.088	      1.113	           	      0.000	 106251.383	 151837.266	 142108.547	     -0.005	     -0.009	      0.008	
 2013/11/26	   1.097	   1.103	   1.094	   1.098	        5353299	      1.105	      1.103	      1.088	      1.113	           	      0.000	  53532.988	 140042.438	 128255.445	     -0.005	     -0.008	      0.007	
 2013/11/27	   1.098	   1.107	   1.094	   1.105	        3998600	      1.102	      1.107	      1.087	      1.114	           	      0.000	  39986.000	  97678.414	 114382.617	     -0.004	     -0.007	      0.006	
 2013/11/28	   1.106	   1.130	   1.106	   1.122	       13085590	      1.105	      1.111	      1.089	      1.115	           	      0.000	 130855.898	  87835.656	 115894.367	     -0.002	     -0.006	      0.008	
 2013/11/29	   1.124	   1.124	   1.114	   1.122	       11170400	      1.109	      1.112	      1.092	      1.116	           	      0.000	 111704.000	  88466.055	 118311.547	     -0.000	     -0.005	      0.009	
 2013/12/02	   1.119	   1.119	   1.073	   1.076	        9324487	      1.105	      1.106	      1.092	      1.117	           	      0.000	  93244.867	  85864.750	 118851.008	     -0.003	     -0.005	      0.003	
 2013/12/03	   1.074	   1.101	   1.074	   1.097	        6695868	      1.104	      1.105	      1.093	      1.117	           	      0.000	  66958.680	  88549.891	 114296.156	     -0.003	     -0.004	      0.002	
 2013/12/04	   1.097	   1.121	   1.096	   1.116	        4477894	      1.107	      1.104	      1.095	      1.118	           	      0.000	  44778.941	  89508.477	  93593.445	     -0.002	     -0.004	      0.004	
 2013/12/05	   1.117	   1.123	   1.112	   1.114	        3166894	      1.105	      1.105	      1.098	      1.119	           	      0.000	  31668.939	  69671.086	  78753.367	     -0.001	     -0.003	      0.005	
 2013/12/06	   1.114	   1.115	   1.105	   1.108	       11223307	      1.102	      1.105	      1.101	      1.120	           	      0.000	 112233.070	  69776.898	  79121.477	     -0.000	     -0.003	      0.004	
 2013/12/09	   1.108	   1.115	   1.101	   1.114	        7076066	      1.110	      1.107	      1.104	      1.120	           	      0.000	  70760.656	  65280.059	  75572.406	      0.000	     -0.002	      0.005	
 2013/12/10	   1.115	   1.123	   1.111	   1.114	        7295049	      1.113	      1.109	      1.106	      1.120	           	      0.000	  72950.492	  66478.422	  77514.156	      0.001	     -0.001	      0.005	
 2013/12/11	   1.114	   1.114	   1.097	   1.106	       13026549	      1.111	      1.109	      1.108	      1.121	           	      0.000	 130265.492	  83575.727	  86542.102	      0.001	     -0.001	      0.003	
 2013/12/12	   1.105	   1.115	   1.100	   1.106	        6968500	      1.110	      1.107	      1.109	      1.121	           	      0.000	  69685.000	  91178.945	  80425.016	      0.000	     -0.001	      0.002	
 2013/12/13	   1.106	   1.110	   1.097	   1.104	        5493420	      1.109	      1.105	      1.109	      1.121	           	      0.000	  54934.199	  79719.172	  74748.031	      0.000	     -0.001	      0.001	
 2013/12/16	   1.104	   1.104	   1.082	   1.085	        8067501	      1.103	      1.106	      1.106	      1.120	           	      0.000	  80675.008	  81702.039	  73491.047	     -0.002	     -0.001	     -0.002	
 2013/12/17	   1.083	   1.085	   1.073	   1.074	       11669000	      1.095	      1.104	      1.104	      1.120	           	      0.000	 116690.000	  90449.938	  78464.180	     -0.004	     -0.001	     -0.005	
 2013/12/18	   1.075	   1.080	   1.073	   1.075	       10530800	      1.089	      1.100	      1.102	      1.119	           	      0.000	 105308.000	  85458.438	  84517.086	     -0.006	     -0.002	     -0.007	
 2013/12/19	   1.076	   1.082	   1.062	   1.062	       20220800	      1.080	      1.095	      1.100	      1.118	           	      0.000	 202208.000	 111963.039	 101570.992	     -0.008	     -0.003	     -0.009	
 2013/12/20	   1.063	   1.076	   1.057	   1.069	       12057500	      1.073	      1.091	      1.098	      1.118	           	      0.000	 120575.000	 125091.203	 102405.188	     -0.009	     -0.004	     -0.009	
 2013/12/23	   1.069	   1.069	   1.049	   1.063	       32559850	      1.069	      1.086	      1.097	      1.117	           	      0.000	 325598.500	 174075.906	 127888.969	     -0.010	     -0.006	     -0.009	
 2013/12/24	   1.063	   1.072	   1.050	   1.057	        5875850	      1.065	      1.080	      1.094	      1.116	           	      0.000	  58758.500	 162489.594	 126469.773	     -0.011	     -0.007	     -0.009	
 2013/12/25	   1.057	   1.068	   1.053	   1.068	        4379500	      1.064	      1.076	      1.093	      1.115	           	      0.000	  43795.000	 150187.000	 117822.719	     -0.012	     -0.008	     -0.008	
 2013/12/26	   1.068	   1.073	   1.056	   1.057	        6022250	      1.063	      1.071	      1.089	      1.114	           	      0.000	  60222.500	 121789.898	 116876.469	     -0.012	     -0.009	     -0.007	
 2013/12/27	   1.056	   1.071	   1.054	   1.066	       19506100	      1.062	      1.068	      1.087	      1.113	           	      0.000	 195061.000	 136687.094	 130889.148	     -0.012	     -0.009	     -0.005	
 2013/12/30	   1.066	   1.074	   1.066	   1.069	       36049900	      1.063	      1.066	      1.086	      1.112	           	      0.000	 360499.000	 143667.203	 158871.547	     -0.011	     -0.010	     -0.003	
 2013/12/31	   1.069	   1.078	   1.062	   1.076	       20272700	      1.067	      1.066	      1.085	      1.111	           	      0.000	 202727.000	 172460.906	 167475.250	     -0.010	     -0.010	     -0.001	
 2014/01/02	   1.075	   1.075	   1.058	   1.063	        9610143	      1.066	      1.065	      1.082	      1.109	           	      0.000	  96101.430	 182922.188	 166554.594	     -0.010	     -0.010	     -0.001	
 2014/01/03	   1.062	   1.062	   1.047	   1.049	        8468309	      1.065	      1.064	      1.079	      1.107	           	      0.000	  84683.094	 187814.313	 154802.109	     -0.011	     -0.010	     -0.002	
 2014/01/06	   1.049	   1.049	   1.020	   1.021	        8899200	      1.056	      1.059	      1.075	      1.104	           	      0.000	  88992.000	 166600.500	 151643.797	     -0.014	     -0.011	     -0.006	
 2014/01/07	   1.020	   1.026	   1.012	   1.026	       20579240	      1.047	      1.055	      1.071	      1.101	           	      0.000	 205792.406	 135659.188	 139663.188	     -0.016	     -0.012	     -0.008	
 2014/01/08	   1.027	   1.040	   1.026	   1.031	       34788028	      1.038	      1.053	      1.066	      1.098	           	      0.000	 347880.281	 164689.844	 168575.375	     -0.017	     -0.013	     -0.008	
 2014/01/09	   1.030	   1.042	   1.017	   1.019	       11033399	      1.029	      1.048	      1.062	      1.096	           	      0.000	 110333.992	 167536.359	 175229.266	     -0.018	     -0.014	     -0.008	
 2014/01/10	   1.018	   1.026	   1.016	   1.023	        4917700	      1.024	      1.044	      1.058	      1.093	           	      0.000	  49177.000	 160435.141	 174124.719	     -0.019	     -0.015	     -0.007	
 2014/01/13	   1.022	   1.029	   1.015	   1.018	       12893600	      1.023	      1.039	      1.054	      1.090	           	      0.000	 128936.000	 168423.938	 167512.219	     -0.019	     -0.016	     -0.007	
 2014/01/14	   1.019	   1.033	   1.017	   1.030	       13125500	      1.024	      1.036	      1.051	      1.086	           	      0.000	 131255.000	 153516.453	 144587.813	     -0.019	     -0.016	     -0.004	
 2014/01/15	   1.031	   1.032	   1.022	   1.028	        3495396	      1.024	      1.031	      1.049	      1.083	           	      0.000	  34953.961	  90931.188	 127810.516	     -0.018	     -0.017	     -0.003	
 2014/01/16	   1.027	   1.032	   1.025	   1.030	        5578039	      1.026	      1.028	      1.046	      1.081	           	      0.000	  55780.391	  80020.469	 123778.414	     -0.017	     -0.017	     -0.001	
 2014/01/17	   1.030	   1.030	   1.004	   1.004	        5787600	      1.022	      1.023	      1.043	      1.078	           	      0.000	  57876.000	  81760.273	 121097.703	     -0.018	     -0.017	     -0.003	
 2014/01/20	   1.004	   1.012	   0.996	   1.003	        8385900	      1.019	      1.021	      1.040	      1.076	           	      0.000	  83859.000	  72744.867	 120584.406	     -0.019	     -0.018	     -0.003	
 2014/01/21	   1.002	   1.010	   1.000	   1.003	        1654600	      1.014	      1.019	      1.037	      1.074	           	      0.000	  16546.000	  49803.070	 101659.766	     -0.020	     -0.018	     -0.003	
 2014/01/22	   1.003	   1.032	   1.003	   1.032	        4631100	      1.014	      1.019	      1.036	      1.073	           	      0.000	  46311.000	  52074.477	  71502.836	     -0.017	     -0.018	      0.001	
 2014/01/23	   1.033	   1.044	   1.033	   1.036	        4451402	      1.016	      1.021	      1.034	      1.071	           	      0.000	  44514.020	  49821.203	  64920.836	     -0.015	     -0.017	      0.004	
 2014/01/24	   1.035	   1.042	   1.034	   1.042	        1447900	      1.023	      1.023	      1.033	      1.071	           	      0.000	  14479.000	  41141.805	  61451.039	     -0.013	     -0.016	      0.007	
 2014/01/27	   1.041	   1.041	   1.031	   1.034	        2892400	      1.029	      1.024	      1.032	      1.070	           	      0.000	  28924.000	  30154.805	  51449.836	     -0.011	     -0.015	      0.008	
 2014/01/28	   1.034	   1.040	   1.019	   1.022	       14005100	      1.033	      1.023	      1.030	      1.069	           	      0.000	 140051.000	  54855.805	  52329.438	     -0.011	     -0.015	      0.007	
 2014/01/29	   1.022	   1.029	   1.003	   1.006	       43930176	      1.028	      1.021	      1.026	      1.068	           	      0.000	 439301.750	 133453.953	  92764.219	     -0.012	     -0.014	      0.004	
 2014/01/30	   1.006	   1.006	   0.987	   0.989	       14609889	      1.019	      1.017	      1.022	      1.067	           	      0.000	 146098.891	 153770.922	 101796.063	     -0.014	     -0.014	      0.000	
 2014/02/07	   0.987	   1.008	   0.983	   1.008	        8065002	      1.012	      1.018	      1.020	      1.066	           	      0.000	  80650.023	 167005.125	 104073.469	     -0.014	     -0.014	      0.000	
 2014/02/10	   1.009	   1.030	   1.009	   1.029	       21847268	      1.011	      1.020	      1.021	      1.066	           	      0.000	 218472.688	 204914.875	 117534.836	     -0.012	     -0.014	      0.003	
 2014/02/11	   1.031	   1.041	   1.026	   1.033	       13189499	      1.013	      1.023	      1.021	      1.065	           	      0.000	 131894.984	 203283.672	 129069.734	     -0.010	     -0.013	      0.006	
 2014/02/12	   1.034	   1.043	   1.026	   1.043	        3884001	      1.020	      1.024	      1.022	      1.065	           	      0.000	  38840.012	 123191.320	 128322.641	     -0.008	     -0.012	      0.009	
 2014/02/13	   1.042	   1.047	   1.031	   1.033	        6455800	      1.029	      1.024	      1.022	      1.064	           	      0.000	  64558.000	 106883.141	 130327.031	     -0.006	     -0.011	      0.009	
 2014/02/14	   1.032	   1.051	   1.032	   1.051	        7273400	      1.038	      1.025	      1.024	      1.064	           	      0.000	  72734.000	 105299.938	 136152.531	     -0.004	     -0.009	      0.011	
 2014/02/17	   1.052	   1.061	   1.050	   1.061	       13631517	      1.044	      1.028	      1.026	      1.063	           	      0.000	 136315.172	  88868.438	 146891.656	     -0.001	     -0.008	      0.013	
 2014/02/18	   1.060	   1.062	   1.052	   1.053	        8278700	      1.048	      1.031	      1.027	      1.061	           	      0.000	  82787.000	  79046.836	 141165.250	      0.000	     -0.006	      0.013	
 2014/02/19	   1.053	   1.060	   1.050	   1.060	       12090607	      1.052	      1.036	      1.029	      1.060	           	      0.000	 120906.070	  95460.047	 109325.688	      0.002	     -0.004	      0.013	
 2014/02/20	   1.059	   1.068	   1.050	   1.053	       11738432	      1.056	      1.042	      1.030	      1.059	           	      0.000	 117384.320	 106025.313	 106454.227	      0.003	     -0.003	      0.012	
 2014/02/21	   1.054	   1.055	   1.038	   1.043	        2182706	      1.054	      1.046	      1.032	      1.058	           	      0.000	  21827.061	  95843.922	 100571.930	      0.003	     -0.002	      0.009	
 2014/02/24	   1.038	   1.038	   1.022	   1.027	        8337316	      1.047	      1.046	      1.033	      1.057	           	      0.000	  83373.156	  85255.523	  87061.977	      0.001	     -0.001	      0.005	
 2014/02/25	   1.027	   1.037	   0.987	   0.992	       11875176	      1.035	      1.042	      1.032	      1.055	           	      0.000	 118751.758	  92448.477	  85747.656	     -0.003	     -0.001	     -0.002	
 2014/02/26	   0.993	   0.995	   0.978	   0.988	       10968297	      1.021	      1.036	      1.030	      1.053	           	      0.000	 109682.969	  90203.852	  92831.953	     -0.006	     -0.002	     -0.007	
 2014/02/27	   0.989	   0.997	   0.984	   0.984	       18896700	      1.007	      1.031	      1.028	      1.051	           	      0.000	 188967.000	 104520.391	 105272.852	     -0.009	     -0.004	     -0.011	
 2014/02/28	   0.983	   1.003	   0.981	   1.003	       18113312	      0.999	      1.026	      1.026	      1.049	           	      0.000	 181133.125	 136381.594	 116112.766	     -0.010	     -0.005	     -0.009	
 2014/03/03	   1.002	   1.028	   1.001	   1.025	        8967200	      0.998	      1.023	      1.025	      1.048	           	      0.000	  89672.000	 137641.375	 111448.445	     -0.008	     -0.006	     -0.005	
 2014/03/04	   1.012	   1.030	   1.012	   1.021	       16180100	      1.004	      1.020	      1.025	      1.047	           	      0.000	 161801.000	 146251.219	 119349.844	     -0.007	     -0.006	     -0.003	
 2014/03/05	   1.021	   1.029	   1.013	   1.022	       14417200	      1.011	      1.016	      1.026	      1.046	           	      0.000	 144172.000	 153149.031	 121676.438	     -0.007	     -0.006	     -0.001	
 2014/03/06	   1.021	   1.021	   1.005	   1.016	       10890700	      1.017	      1.012	      1.027	      1.044	           	      0.000	 108907.000	 137137.031	 120828.703	     -0.006	     -0.006	     -0.001	
 2014/03/07	   1.016	   1.029	   1.012	   1.025	       12028300	      1.022	      1.010	      1.028	      1.043	           	      0.000	 120283.000	 124967.000	 130674.297	     -0.005	     -0.006	      0.001	
 2014/03/10	   1.023	   1.028	   1.003	   1.005	       13159900	      1.018	      1.008	      1.027	      1.041	           	      0.000	 131599.000	 133352.406	 135496.891	     -0.006	     -0.006	     -0.000	
 2014/03/11	   1.005	   1.021	   1.005	   1.013	       36752700	      1.016	      1.010	      1.026	      1.039	           	      0.000	 367527.000	 174497.594	 160374.406	     -0.006	     -0.006	     -0.000	
 2014/03/12	   1.012	   1.020	   1.001	   1.008	       11627900	      1.013	      1.012	      1.024	      1.037	           	      0.000	 116279.000	 168919.000	 161034.016	     -0.006	     -0.006	     -0.000	
 2014/03/13	   1.008	   1.039	   1.008	   1.038	       16786980	      1.018	      1.018	      1.024	      1.036	           	      0.000	 167869.797	 180711.563	 158924.297	     -0.004	     -0.006	      0.003	
 2014/03/14	   1.037	   1.037	   1.022	   1.026	       12860600	      1.018	      1.020	      1.023	      1.035	           	      0.000	 128606.000	 182376.156	 153671.578	     -0.003	     -0.005	      0.004	
 2014/03/17	   1.027	   1.036	   1.021	   1.035	       11548000	      1.024	      1.021	      1.022	      1.034	           	      0.000	 115480.000	 179152.359	 156252.375	     -0.002	     -0.004	      0.005	
 2014/03/18	   1.035	   1.058	   1.035	   1.042	       29422600	      1.030	      1.023	      1.021	      1.033	           	      0.000	 294226.000	 164492.156	 169494.875	     -0.000	     -0.004	      0.007	
 2014/03/19	   1.042	   1.042	   1.021	   1.028	       15269200	      1.034	      1.024	      1.020	      1.032	           	      0.000	 152692.000	 171774.766	 170346.875	      0.000	     -0.003	      0.006	
 2014/03/20	   1.027	   1.028	   1.009	   1.009	        8328167	      1.028	      1.023	      1.018	      1.031	           	      0.000	  83281.672	 154857.141	 167784.344	     -0.001	     -0.002	      0.003	
 2014/03/21	   1.007	   1.030	   0.998	   1.028	       19399100	      1.028	      1.023	      1.017	      1.031	           	      0.000	 193991.000	 167934.141	 175155.141	     -0.001	     -0.002	      0.003	
 2014/03/24	   1.027	   1.034	   1.019	   1.027	        6218425	      1.027	      1.025	      1.017	      1.030	           	      0.000	  62184.250	 157274.984	 168213.672	     -0.000	     -0.002	      0.003	
 2014/03/25	   1.026	   1.026	   1.012	   1.023	        8841415	      1.023	      1.026	      1.018	      1.029	           	      0.000	  88414.148	 116112.617	 140302.391	     -0.000	     -0.002	      0.002	
 2014/03/26	   1.022	   1.026	   1.012	   1.014	        6809100	      1.020	      1.027	      1.020	      1.029	           	      0.000	  68091.000	  99192.414	 135483.594	     -0.001	     -0.001	      0.000	
 2014/03/27	   1.014	   1.015	   0.995	   0.996	       15639800	      1.018	      1.023	      1.020	      1.027	           	      0.000	 156398.000	 113815.680	 134336.406	     -0.003	     -0.002	     -0.003	
 2014/03/28	   0.996	   0.999	   0.980	   0.981	        8621899	      1.008	      1.018	      1.019	      1.026	           	      0.000	  86218.992	  92261.281	 130097.703	     -0.006	     -0.003	     -0.007	
 2014/03/31	   0.982	   0.990	   0.981	   0.984	       11898888	      1.000	      1.013	      1.017	      1.025	           	      0.000	 118988.883	 103622.203	 130448.594	     -0.008	     -0.004	     -0.008	
 2014/04/01	   0.984	   1.003	   0.980	   1.003	       15091500	      0.996	      1.009	      1.016	      1.024	           	      0.000	 150915.000	 116122.375	 116117.492	     -0.008	     -0.005	     -0.006	
 2014/04/02	   1.004	   1.008	   0.997	   1.000	       12494600	      0.993	      1.007	      1.015	      1.022	           	      0.000	 124946.000	 127493.375	 113342.891	     -0.008	     -0.005	     -0.005	
 2014/04/03	   1.001	   1.005	   0.996	   0.998	        6900600	      0.993	      1.005	      1.014	      1.021	           	      0.000	  69006.000	 110014.977	 111915.328	     -0.008	     -0.006	     -0.004	
 2014/04/04	   0.997	   1.008	   0.995	   1.008	        4131600	      0.999	      1.003	      1.013	      1.021	           	      0.000	  41316.000	 101034.375	  96647.828	     -0.007	     -0.006	     -0.002	
 2014/04/08	   1.008	   1.031	   1.007	   1.030	        6601100	      1.008	      1.004	      1.015	      1.021	           	      0.000	  66011.000	  90438.797	  97030.500	     -0.005	     -0.006	      0.002	
 2014/04/09	   1.031	   1.036	   1.027	   1.032	       19365382	      1.014	      1.005	      1.015	      1.021	           	      0.000	 193653.813	  98986.563	 107554.469	     -0.002	     -0.005	      0.005	
 2014/04/10	   1.032	   1.049	   1.022	   1.044	       17664500	      1.022	      1.008	      1.017	      1.021	           	      0.000	 176645.000	 109326.359	 118409.867	      0.000	     -0.004	      0.008	
 2014/04/11	   1.045	   1.072	   1.045	   1.058	       25904760	      1.034	      1.014	      1.018	      1.022	           	      0.000	 259047.594	 147334.688	 128674.828	      0.003	     -0.002	      0.012	
 2014/04/14	   1.058	   1.066	   1.057	   1.062	       35901056	      1.045	      1.022	      1.020	      1.022	           	      0.000	 359010.563	 210873.594	 155953.984	      0.006	     -0.001	      0.014	
 2014/04/15	   1.062	   1.062	   1.048	   1.049	       18918892	      1.049	      1.028	      1.021	      1.023	           	      0.000	 189188.922	 235509.172	 162973.984	      0.007	      0.001	      0.013	
 2014/04/16	   1.049	   1.052	   1.041	   1.044	        9498821	      1.051	      1.033	      1.021	      1.023	           	      0.000	  94988.211	 215776.063	 157381.313	      0.008	      0.002	      0.011	
 2014/04/17	   1.044	   1.050	   1.041	   1.043	       10951800	      1.051	      1.037	      1.022	      1.023	           	      0.000	 109518.000	 202350.656	 155838.516	      0.008	      0.003	      0.009	
 2014/04/18	   1.042	   1.048	   1.034	   1.047	       11111700	      1.049	      1.042	      1.024	      1.024	           	      0.000	 111117.000	 172764.531	 160049.609	      0.008	      0.004	      0.008	
 2014/04/21	   1.045	   1.045	   1.026	   1.029	       12052335	      1.042	      1.044	      1.024	      1.024	           	      0.000	 120523.352	 125067.094	 167970.344	      0.007	      0.005	      0.004	
 2014/04/22	   1.028	   1.033	   1.016	   1.026	       21335596	      1.038	      1.043	      1.024	      1.024	           	      0.000	 213355.953	 129900.500	 182704.844	      0.006	      0.005	      0.001	
 2014/04/23	   1.025	   1.033	   1.024	   1.027	       27854258	      1.034	      1.043	      1.024	      1.025	           	      0.000	 278542.594	 166611.375	 191193.719	      0.005	      0.005	     -0.001	
 2014/04/24	   1.028	   1.029	   1.022	   1.024	        3133300	      1.031	      1.041	      1.024	      1.025	           	      0.000	  31333.000	 150974.375	 176662.516	      0.003	      0.005	     -0.002	
 2014/04/25	   1.023	   1.023	   0.991	   0.991	       11606200	      1.019	      1.034	      1.024	      1.024	           	      0.000	 116062.000	 151963.375	 162363.953	     -0.000	      0.004	     -0.007	
 2014/04/28	   0.992	   0.994	   0.963	   0.963	       13621960	      1.006	      1.024	      1.023	      1.023	           	      0.000	 136219.594	 155102.625	 140084.859	     -0.005	      0.002	     -0.014	
 2014/04/29	   0.964	   0.985	   0.964	   0.985	       10804944	      0.998	      1.018	      1.023	      1.022	           	      0.000	 108049.438	 134041.328	 131970.906	     -0.007	      0.000	     -0.015	
 2014/04/30	   0.988	   1.003	   0.988	   1.002	        4625542	      0.993	      1.014	      1.023	      1.021	           	      0.000	  46255.422	  87583.891	 127097.633	     -0.007	     -0.001	     -0.012	
 2014/05/05	   1.001	   1.005	   0.990	   1.003	       10075150	      0.989	      1.010	      1.023	      1.021	           	      0.000	 100751.500	 101467.594	 126220.984	     -0.007	     -0.003	     -0.010	
 2014/05/06	   1.003	   1.012	   0.999	   1.003	        3318000	      0.991	      1.005	      1.023	      1.022	           	      0.000	  33180.000	  84891.188	 118427.281	     -0.007	     -0.004	     -0.008	
 2014/05/07	   1.002	   1.002	   0.989	   0.989	        3011426	      0.996	      1.001	      1.023	      1.021	           	      0.000	  30114.260	  63670.125	 109386.375	     -0.008	     -0.004	     -0.008	
 2014/05/08	   0.987	   0.999	   0.986	   0.986	        2971008	      0.997	      0.997	      1.020	      1.021	           	      0.000	  29710.080	  48002.254	  91021.789	     -0.009	     -0.005	     -0.007	
 2014/05/09	   0.987	   0.987	   0.972	   0.981	        6966098	      0.992	      0.993	      1.018	      1.020	           	      0.000	  69660.977	  52683.363	  70133.625	     -0.010	     -0.006	     -0.008	
 2014/05/12	   0.983	   1.000	   0.980	   0.996	        8082300	      0.991	      0.990	      1.015	      1.019	           	      0.000	  80823.000	  48697.664	  75082.625	     -0.010	     -0.007	     -0.005	
 2014/05/13	   0.997	   1.002	   0.995	   1.000	        7378955	      0.990	      0.991	      1.013	      1.018	           	      0.000	  73789.547	  56819.574	  70855.383	     -0.009	     -0.007	     -0.003	
 2014/05/14	   1.001	   1.001	   0.987	   0.988	        8255200	      0.990	      0.993	      1.009	      1.017	           	      0.000	  82552.000	  67307.117	  65488.621	     -0.009	     -0.008	     -0.003	
 2014/05/15	   0.987	   0.988	   0.970	   0.974	        7119600	      0.988	      0.992	      1.005	      1.016	           	      0.000	  71196.000	  75604.305	  61803.277	     -0.010	     -0.008	     -0.004	
 2014/05/16	   0.973	   0.973	   0.963	   0.970	        8090500	      0.986	      0.989	      1.001	      1.015	           	      0.000	  80905.000	  77853.109	  65268.234	     -0.011	     -0.009	     -0.005	
 2014/05/19	   0.971	   0.971	   0.954	   0.957	        6836310	      0.978	      0.984	      0.997	      1.013	           	      0.000	  68363.102	  75361.133	  62029.398	     -0.013	     -0.010	     -0.007	
 2014/05/20	   0.957	   0.966	   0.949	   0.950	        5829300	      0.968	      0.979	      0.992	      1.011	           	      0.000	  58293.000	  72261.820	  64540.695	     -0.015	     -0.011	     -0.008	
 2014/05/21	   0.950	   0.965	   0.945	   0.964	        8232176	      0.963	      0.977	      0.989	      1.010	           	      0.000	  82321.758	  72215.773	  69761.445	     -0.015	     -0.012	     -0.007	
 2014/05/22	   0.965	   0.976	   0.962	   0.963	        8505815	      0.961	      0.974	      0.986	      1.009	           	      0.000	  85058.148	  74988.203	  75296.250	     -0.015	     -0.012	     -0.006	
 2014/05/23	   0.962	   0.969	   0.959	   0.968	        2878200	      0.960	      0.973	      0.983	      1.008	           	      0.000	  28782.000	  64563.602	  71208.359	     -0.014	     -0.013	     -0.004	
 2014/05/26	   0.969	   0.976	   0.969	   0.974	        2409048	      0.964	      0.971	      0.980	      1.008	           	      0.000	  24090.480	  55709.078	  65535.102	     -0.013	     -0.013	     -0.001	
 2014/05/27	   0.974	   0.975	   0.965	   0.966	        3670500	      0.967	      0.967	      0.979	      1.008	           	      0.000	  36705.000	  51391.477	  61826.648	     -0.013	     -0.013	     -0.000	
 2014/05/28	   0.965	   0.973	   0.962	   0.971	        4174200	      0.968	      0.966	      0.979	      1.007	           	      0.000	  41742.000	  43275.527	  57745.648	     -0.012	     -0.013	      0.001	
 2014/05/29	   0.971	   0.982	   0.971	   0.972	        2443948	      0.970	      0.965	      0.979	      1.006	           	      0.000	  24439.480	  31151.793	  53069.996	     -0.011	     -0.012	      0.002	
 2014/05/30	   0.971	   0.975	   0.967	   0.971	        2297100	      0.971	      0.966	      0.977	      1.006	           	      0.000	  22971.000	  29989.592	  47276.598	     -0.011	     -0.012	      0.003	
 2014/06/03	   0.970	   0.970	   0.954	   0.954	        4680950	      0.967	      0.965	      0.975	      1.004	           	      0.000	  46809.500	  34533.395	  45121.238	     -0.011	     -0.012	      0.001	
 2014/06/04	   0.953	   0.955	   0.942	   0.948	        4826020	      0.963	      0.965	      0.972	      1.003	           	      0.000	  48260.199	  36844.438	  44117.957	     -0.012	     -0.012	     -0.000	
 2014/06/05	   0.947	   0.958	   0.943	   0.957	        9767507	      0.960	      0.964	      0.970	      1.002	           	      0.000	  97675.070	  48031.051	  45653.289	     -0.012	     -0.012	      0.000	
 2014/06/06	   0.957	   0.958	   0.940	   0.947	        8715096	      0.955	      0.963	      0.969	      1.001	           	      0.000	  87150.961	  60573.348	  45862.570	     -0.012	     -0.012	     -0.001	
 2014/06/09	   0.947	   0.949	   0.942	   0.943	        7008300	      0.950	      0.960	      0.967	      1.000	           	      0.000	  70083.000	  69995.750	  49992.668	     -0.013	     -0.012	     -0.002	
 2014/06/10	   0.944	   0.951	   0.938	   0.950	        6071800	      0.949	      0.958	      0.964	      0.999	           	      0.000	  60718.000	  72777.445	  53655.422	     -0.013	     -0.012	     -0.001	
 2014/06/11	   0.949	   0.954	   0.947	   0.954	        9257314	      0.950	      0.957	      0.962	      0.998	           	      0.000	  92573.141	  81640.031	  59242.234	     -0.012	     -0.012	      0.000	
 2014/06/12	   0.954	   0.957	   0.950	   0.955	        5861500	      0.950	      0.955	      0.960	      0.996	           	      0.000	  58615.000	  73828.023	  60929.535	     -0.011	     -0.012	      0.001	
 2014/06/13	   0.955	   0.961	   0.950	   0.955	        5907100	      0.951	      0.953	      0.959	      0.995	           	      0.000	  59071.000	  68212.031	  64392.688	     -0.011	     -0.012	      0.002	
 2014/06/16	   0.957	   0.963	   0.956	   0.963	        2449600	      0.955	      0.953	      0.959	      0.994	           	      0.000	  24496.000	  59094.629	  64545.188	     -0.009	     -0.011	      0.004	
 2014/06/17	   0.963	   0.963	   0.953	   0.953	        5757476	      0.956	      0.952	      0.959	      0.993	           	      0.000	  57574.762	  58465.980	  65621.711	     -0.009	     -0.011	      0.004	
 2014/06/18	   0.954	   0.956	   0.947	   0.947	        1835200	      0.955	      0.952	      0.959	      0.992	           	      0.000	  18352.000	  43621.754	  62630.895	     -0.009	     -0.011	      0.003	
 2014/06/19	   0.948	   0.950	   0.930	   0.933	        3976700	      0.950	      0.950	      0.957	      0.990	           	      0.000	  39767.000	  39852.152	  56840.086	     -0.010	     -0.010	      0.000	
 2014/06/20	   0.934	   0.935	   0.927	   0.935	       12683400	      0.946	      0.949	      0.956	      0.988	           	      0.000	 126834.000	  53404.754	  60808.391	     -0.011	     -0.011	     -0.001	
 2014/06/23	   0.936	   0.941	   0.934	   0.936	        6930200	      0.941	      0.948	      0.954	      0.987	           	      0.000	  69302.000	  62365.953	  60730.289	     -0.011	     -0.011	     -0.001	
 2014/06/24	   0.937	   0.954	   0.937	   0.954	       15796848	      0.941	      0.948	      0.953	      0.986	           	      0.000	 157968.484	  82444.695	  70455.336	     -0.010	     -0.010	      0.001	
 2014/06/25	   0.954	   0.954	   0.947	   0.949	        6056500	      0.941	      0.948	      0.952	      0.985	           	      0.000	  60565.000	  90887.297	  67254.523	     -0.009	     -0.010	      0.002	
 2014/06/26	   0.950	   0.958	   0.950	   0.957	        7372900	      0.946	      0.948	      0.952	      0.985	           	      0.000	  73729.000	  97679.695	  68765.922	     -0.008	     -0.010	      0.004	
 2014/06/27	   0.956	   0.962	   0.950	   0.958	        5861600	      0.951	      0.949	      0.951	      0.984	           	      0.000	  58616.000	  84036.094	  68720.422	     -0.006	     -0.009	      0.005	
 2014/06/30	   0.959	   0.968	   0.958	   0.966	       16247072	      0.957	      0.949	      0.951	      0.984	           	      0.000	 162470.719	 102669.844	  82517.898	     -0.005	     -0.008	      0.007	
 2014/07/01	   0.967	   0.970	   0.963	   0.967	        6437198	      0.959	      0.950	      0.951	      0.983	           	      0.000	  64371.980	  83950.539	  83197.617	     -0.003	     -0.007	      0.008	
 2014/07/02	   0.968	   0.970	   0.963	   0.968	        1372500	      0.963	      0.952	      0.952	      0.983	           	      0.000	  13725.000	  74582.539	  82734.922	     -0.002	     -0.006	      0.008	
 2014/07/03	   0.969	   0.977	   0.965	   0.973	        1964648	      0.966	      0.956	      0.953	      0.982	           	      0.000	  19646.480	  63766.035	  80722.867	     -0.001	     -0.005	      0.009	
 2014/07/04	   0.974	   0.979	   0.973	   0.977	       14222099	      0.970	      0.961	      0.955	      0.981	           	      0.000	 142220.984	  80487.031	  82261.563	      0.001	     -0.004	      0.009	
 2014/07/07	   0.977	   0.978	   0.969	   0.974	        5019707	      0.972	      0.964	      0.956	      0.980	           	      0.000	  50197.070	  58032.305	  80351.070	      0.002	     -0.003	      0.009	
 2014/07/08	   0.973	   0.977	   0.966	   0.975	        4208155	      0.973	      0.966	      0.957	      0.979	           	      0.000	  42081.551	  53574.219	  68762.375	      0.002	     -0.002	      0.008	
 2014/07/09	   0.975	   0.976	   0.958	   0.959	       13487900	      0.972	      0.967	      0.958	      0.977	           	      0.000	 134879.000	  77805.016	  76193.781	      0.002	     -0.001	      0.005	
 2014/07/10	   0.959	   0.962	   0.945	   0.947	        4270200	      0.966	      0.966	      0.957	      0.975	           	      0.000	  42702.000	  82416.125	  73091.078	      0.000	     -0.001	      0.002	
 2014/07/11	   0.947	   0.957	   0.947	   0.953	        5329700	      0.962	      0.966	      0.957	      0.974	           	      0.000	  53297.000	  64631.324	  72559.180	     -0.001	     -0.001	      0.000	
 2014/07/14	   0.954	   0.975	   0.951	   0.973	        4758976	      0.961	      0.967	      0.958	      0.973	           	      0.000	  47589.762	  64109.863	  61071.082	      0.000	     -0.001	      0.002	
 2014/07/15	   0.973	   0.998	   0.973	   0.991	       20180820	      0.965	      0.969	      0.960	      0.972	           	      0.000	 201808.203	  96055.195	  74814.703	      0.003	      0.000	      0.005	
 2014/07/16	   0.992	   0.998	   0.984	   0.988	       10390451	      0.970	      0.971	      0.962	      0.971	           	      0.000	 103904.508	  89860.297	  83832.656	      0.004	      0.001	      0.006	
 2014/07/17	   0.987	   0.987	   0.972	   0.977	        7250300	      0.976	      0.971	      0.964	      0.970	           	      0.000	  72503.000	  95820.492	  89118.305	      0.004	      0.002	      0.006	
 2014/07/18	   0.978	   1.003	   0.972	   0.995	       22079996	      0.985	      0.973	      0.967	      0.969	           	      0.000	 220799.953	 129321.086	  96976.203	      0.006	      0.002	      0.007	
 2014/07/21	   0.994	   1.001	   0.991	   1.000	        9349500	      0.990	      0.976	      0.970	      0.969	           	      0.000	  93495.000	 138502.125	 101306.000	      0.008	      0.003	      0.008	
 2014/07/22	   1.000	   1.010	   0.996	   1.007	        9969937	      0.993	      0.979	      0.973	      0.969	           	      0.000	  99699.367	 118080.367	 107067.781	      0.009	      0.005	      0.009	
 2014/07/23	   1.008	   1.012	   1.001	   1.004	       10788398	      0.997	      0.984	      0.975	      0.969	           	      0.000	 107883.977	 118876.258	 104368.273	      0.010	      0.006	      0.009	
 2014/07/24	   1.005	   1.017	   1.005	   1.014	        8318800	      1.004	      0.990	      0.978	      0.970	           	      0.000	  83188.000	 121013.258	 108416.875	      0.012	      0.007	      0.009	
 2014/07/25	   1.015	   1.021	   1.014	   1.020	        9462300	      1.009	      0.997	      0.981	      0.970	           	      0.000	  94623.000	  95777.867	 112549.477	      0.013	      0.008	      0.010	
 2014/07/28	   1.021	   1.038	   1.021	   1.035	        6894568	      1.016	      1.003	      0.985	      0.971	           	      0.000	  68945.680	  90868.008	 114685.070	      0.015	      0.010	      0.011	
 2014/07/29	   1.035	   1.038	   1.029	   1.037	        6562980	      1.022	      1.008	      0.988	      0.972	           	      0.000	  65629.797	  84054.094	 101067.227	      0.017	      0.011	      0.012	
 2014/07/30	   1.037	   1.040	   1.032	   1.038	       16801300	      1.029	      1.013	      0.992	      0.972	           	      0.000	 168013.000	  96079.898	 107478.078	      0.018	      0.013	      0.012	
 2014/07/31	   1.047	   1.058	   1.043	   1.058	        9555300	      1.038	      1.021	      0.996	      0.973	           	      0.000	  95553.000	  98552.898	 109783.078	      0.021	      0.014	      0.013	
 2014/08/01	   1.057	   1.074	   1.054	   1.059	        9081400	      1.045	      1.027	      1.000	      0.974	           	      0.000	  90814.000	  97791.094	  96784.484	      0.022	      0.016	      0.013	
 2014/08/04	   1.059	   1.074	   1.059	   1.073	        6793200	      1.053	      1.035	      1.005	      0.976	           	      0.000	  67932.000	  97588.359	  94228.180	      0.025	      0.018	      0.014	
 2014/08/05	   1.071	   1.075	   1.064	   1.074	        7164300	      1.060	      1.041	      1.010	      0.977	           	      0.000	  71643.000	  98791.000	  91422.547	      0.026	      0.019	      0.014	
 2014/08/06	   1.073	   1.073	   1.060	   1.067	        4448164	      1.066	      1.048	      1.015	      0.978	           	      0.000	  44481.641	  74084.727	  85082.313	      0.026	      0.021	      0.011	
 2014/08/07	   1.067	   1.068	   1.049	   1.050	        4366100	      1.065	      1.051	      1.021	      0.979	           	      0.000	  43661.000	  63706.328	  81129.609	      0.025	      0.022	      0.007	
 2014/08/08	   1.049	   1.056	   1.049	   1.056	        7876900	      1.064	      1.055	      1.026	      0.981	           	      0.000	  78769.000	  61297.328	  79544.211	      0.024	      0.022	      0.004	
 2014/08/11	   1.057	   1.068	   1.057	   1.067	        4734230	      1.063	      1.058	      1.030	      0.982	           	      0.000	  47342.301	  57179.387	  77383.875	      0.024	      0.022	      0.003	
 2014/08/12	   1.070	   1.075	   1.068	   1.074	        7712104	      1.063	      1.062	      1.035	      0.984	           	      0.000	  77121.039	  58274.996	  78533.000	      0.024	      0.023	      0.003	
 2014/08/13	   1.074	   1.082	   1.065	   1.071	       26640900	      1.064	      1.065	      1.039	      0.986	           	      0.000	 266409.000	 102660.469	  88372.602	      0.024	      0.023	      0.002	
 2014/08/14	   1.072	   1.072	   1.060	   1.060	        6505600	      1.066	      1.065	      1.043	      0.988	           	      0.000	  65056.000	 106939.469	  85322.898	      0.022	      0.023	     -0.001	
 2014/08/15	   1.059	   1.072	   1.059	   1.070	        7907900	      1.068	      1.066	      1.047	      0.990	           	      0.000	  79079.000	 107001.469	  84149.398	      0.022	      0.023	     -0.002	
 2014/08/18	   1.070	   1.076	   1.066	   1.073	        9126070	      1.070	      1.066	      1.050	      0.992	           	      0.000	  91260.703	 115785.148	  86482.266	      0.021	      0.022	     -0.002	
 2014/08/19	   1.074	   1.075	   1.069	   1.075	        5507849	      1.070	      1.066	      1.054	      0.993	           	      0.000	  55078.488	 111376.641	  84825.820	      0.021	      0.022	     -0.002	
 2014/08/20	   1.075	   1.081	   1.071	   1.076	       13686900	      1.071	      1.067	      1.057	      0.995	           	      0.000	 136869.000	  85468.641	  94064.555	      0.020	      0.022	     -0.003	
 2014/08/21	   1.076	   1.076	   1.062	   1.071	        5634800	      1.073	      1.069	      1.060	      0.997	           	      0.000	  56348.000	  83727.039	  95333.250	      0.019	      0.021	     -0.004	
 2014/08/22	   1.072	   1.075	   1.067	   1.071	        2947219	      1.073	      1.071	      1.063	      0.998	           	      0.000	  29472.189	  73805.680	  90403.570	      0.018	      0.021	     -0.005	
 2014/08/25	   1.070	   1.071	   1.064	   1.065	        4139400	      1.072	      1.071	      1.064	      1.000	           	      0.000	  41394.000	  63832.336	  89808.742	      0.017	      0.020	     -0.006	
 2014/08/26	   1.065	   1.069	   1.056	   1.059	        8706479	      1.068	      1.069	      1.065	      1.002	           	      0.000	  87064.789	  70229.594	  90803.117	      0.015	      0.019	     -0.008	
 2014/08/27	   1.060	   1.064	   1.056	   1.057	        5685800	      1.065	      1.068	      1.066	      1.003	           	      0.000	  56858.000	  54227.395	  69848.016	      0.013	      0.018	     -0.009	
 2014/08/28	   1.058	   1.066	   1.055	   1.056	       12289800	      1.062	      1.067	      1.066	      1.005	           	      0.000	 122898.000	  67537.398	  75632.219	      0.012	      0.017	     -0.010	
 2014/08/29	   1.057	   1.068	   1.056	   1.068	       26382368	      1.061	      1.067	      1.067	      1.007	           	      0.000	 263823.688	 114407.695	  94106.688	      0.011	      0.015	     -0.009	
 2014/09/01	   1.069	   1.073	   1.066	   1.073	        5636700	      1.063	      1.067	      1.067	      1.009	           	      0.000	  56367.000	 117402.297	  90617.313	      0.011	      0.015	     -0.007	
 2014/09/02	   1.074	   1.088	   1.071	   1.088	        5618428	      1.068	      1.068	      1.067	      1.012	           	      0.000	  56184.281	 111226.195	  90727.898	      0.012	      0.014	     -0.004	
 2014/09/03	   1.089	   1.100	   1.089	   1.099	       11666600	      1.077	      1.071	      1.069	      1.014	           	      0.000	 116666.000	 123187.797	  88707.594	      0.014	      0.014	     -0.001	
 2014/09/04	   1.098	   1.103	   1.095	   1.102	        2902607	      1.086	      1.074	      1.072	      1.016	           	      0.000	  29026.070	 104413.406	  85975.398	      0.015	      0.014	      0.001	
 2014/09/05	   1.102	   1.121	   1.102	   1.118	        7429501	      1.096	      1.079	      1.075	      1.019	           	      0.000	  74295.008	  66507.672	  90457.688	      0.017	      0.015	      0.005	
 2014/09/09	   1.118	   1.124	   1.118	   1.121	        6342000	      1.106	      1.084	      1.077	      1.022	           	      0.000	  63420.000	  67918.273	  92660.281	      0.019	      0.016	      0.006	
 2014/09/10	   1.121	   1.121	   1.110	   1.117	        6362220	      1.111	      1.090	      1.079	      1.025	           	      0.000	  63622.199	  69405.859	  90316.023	      0.020	      0.016	      0.006	
 2014/09/11	   1.116	   1.121	   1.100	   1.103	        3557700	      1.112	      1.095	      1.081	      1.027	           	      0.000	  35577.000	  53188.055	  88187.922	      0.019	      0.017	      0.004	
 2014/09/12	   1.102	   1.108	   1.098	   1.107	        1949200	      1.113	      1.100	      1.083	      1.030	           	      0.000	  19492.000	  51281.242	  77847.328	      0.018	      0.017	      0.002	
 2014/09/15	   1.107	   1.110	   1.103	   1.109	        6398000	      1.111	      1.104	      1.085	      1.033	           	      0.000	  63980.000	  49218.238	  57862.957	      0.018	      0.017	      0.001	
 2014/09/16	   1.110	   1.111	   1.078	   1.080	       12086200	      1.103	      1.104	      1.086	      1.035	           	      0.000	 120862.000	  60706.641	  64312.457	      0.015	      0.017	     -0.003	
 2014/09/17	   1.081	   1.088	   1.074	   1.088	        3453100	      1.097	      1.104	      1.086	      1.038	           	      0.000	  34531.000	  54888.398	  62147.129	      0.013	      0.016	     -0.006	
 2014/09/18	   1.087	   1.096	   1.084	   1.096	        4196200	      1.096	      1.104	      1.087	      1.040	           	      0.000	  41962.000	  56165.398	  54676.727	      0.012	      0.015	     -0.006	
 2014/09/19	   1.095	   1.108	   1.094	   1.107	        7950800	      1.096	      1.105	      1.089	      1.043	           	      0.000	  79508.000	  68168.602	  59724.922	      0.013	      0.015	     -0.005	
 2014/09/22	   1.107	   1.107	   1.089	   1.091	        5276900	      1.092	      1.102	      1.090	      1.045	           	      0.000	  52769.000	  65926.398	  57572.320	      0.011	      0.014	     -0.006	
 2014/09/23	   1.090	   1.102	   1.090	   1.102	        4908200	      1.097	      1.100	      1.092	      1.047	           	      0.000	  49082.000	  51570.398	  56138.520	      0.011	      0.013	     -0.005	
 2014/09/24	   1.102	   1.118	   1.098	   1.118	        2078500	      1.103	      1.100	      1.095	      1.050	           	      0.000	  20785.000	  48821.199	  51854.801	      0.012	      0.013	     -0.003	
 2014/09/25	   1.119	   1.126	   1.109	   1.113	        4233300	      1.106	      1.101	      1.098	      1.052	           	      0.000	  42333.000	  48895.398	  52530.398	      0.012	      0.013	     -0.002	
 2014/09/26	   1.112	   1.120	   1.105	   1.118	        5710200	      1.108	      1.102	      1.101	      1.054	           	      0.000	  57102.000	  44414.199	  56291.398	      0.012	      0.013	     -0.001	
 2014/09/29	   1.117	   1.125	   1.117	   1.125	        6575600	      1.115	      1.104	      1.104	      1.057	           	      0.000	  65756.000	  47011.602	  56469.000	      0.013	      0.013	      0.000	
 2014/09/30	   1.125	   1.125	   1.120	   1.124	        3490100	      1.120	      1.108	      1.106	      1.059	           	      0.000	  34901.000	  44175.398	  47872.898	      0.013	      0.013	      0.001	
 2014/10/08	   1.124	   1.135	   1.114	   1.135	        4545100	      1.123	      1.113	      1.109	      1.062	           	      0.000	  45451.000	  49108.602	  48964.898	      0.014	      0.013	      0.002	
 2014/10/09	   1.136	   1.140	   1.125	   1.134	        5809500	      1.127	      1.117	      1.110	      1.065	           	      0.000	  58095.000	  52261.000	  50578.199	      0.015	      0.013	      0.003	
 2014/10/10	   1.133	   1.133	   1.120	   1.123	        3546800	      1.128	      1.118	      1.111	      1.068	           	      0.000	  35468.000	  47934.199	  46174.199	      0.014	      0.014	      0.001	
 2014/10/13	   1.122	   1.122	   1.093	   1.107	        9308200	      1.125	      1.120	      1.111	      1.070	           	      0.000	  93082.000	  53399.398	  50205.500	      0.012	      0.013	     -0.002	
 2014/10/14	   1.106	   1.113	   1.100	   1.104	       11154929	      1.121	      1.120	      1.110	      1.073	           	      0.000	 111549.289	  68729.055	  56452.230	      0.010	      0.013	     -0.005	
 2014/10/15	   1.103	   1.113	   1.099	   1.111	        4822250	      1.116	      1.119	      1.110	      1.075	           	      0.000	  48222.500	  69283.359	  59195.980	      0.009	      0.012	     -0.005	
 2014/10/16	   1.110	   1.118	   1.099	   1.099	        3547700	      1.109	      1.118	      1.110	      1.076	           	      0.000	  35477.000	  64759.758	  58510.379	      0.007	      0.011	     -0.007	
 2014/10/17	   1.100	   1.102	   1.083	   1.099	       14901442	      1.104	      1.116	      1.109	      1.079	           	      0.000	 149014.422	  87469.039	  67701.625	      0.006	      0.010	     -0.008	
 2014/10/20	   1.100	   1.107	   1.099	   1.105	       12275600	      1.104	      1.114	      1.109	      1.080	           	      0.000	 122756.000	  93403.844	  73401.625	      0.005	      0.009	     -0.008	
 2014/10/21	   1.105	   1.106	   1.094	   1.096	       18642000	      1.102	      1.111	      1.110	      1.082	           	      0.000	 186420.000	 108377.984	  88553.523	      0.004	      0.008	     -0.009	
 2014/10/22	   1.097	   1.098	   1.081	   1.082	        6353500	      1.096	      1.106	      1.109	      1.083	           	      0.000	  63535.000	 111440.484	  90361.922	      0.001	      0.007	     -0.011	
 2014/10/23	   1.081	   1.082	   1.061	   1.065	        8018000	      1.089	      1.099	      1.108	      1.084	           	      0.000	  80180.000	 120381.086	  92570.422	     -0.002	      0.005	     -0.013	
 2014/10/24	   1.064	   1.074	   1.064	   1.072	       11153608	      1.084	      1.094	      1.106	      1.085	           	      0.000	 111536.078	 112885.414	 100177.227	     -0.004	      0.003	     -0.014	
 2014/10/27	   1.071	   1.076	   1.062	   1.076	       11828000	      1.078	      1.091	      1.105	      1.086	           	      0.000	 118280.000	 111990.219	 102697.031	     -0.005	      0.002	     -0.013	
 2014/10/28	   1.077	   1.084	   1.077	   1.084	        2766200	      1.076	      1.089	      1.105	      1.087	           	      0.000	  27662.000	  80238.617	  94308.297	     -0.005	      0.000	     -0.011	
 2014/10/29	   1.085	   1.093	   1.080	   1.092	       10526892	      1.078	      1.087	      1.103	      1.088	           	      0.000	 105268.922	  88585.398	 100012.945	     -0.004	     -0.001	     -0.008	
 2014/10/30	   1.096	   1.100	   1.089	   1.092	       13140100	      1.083	      1.086	      1.102	      1.089	           	      0.000	 131401.000	  98829.602	 109605.344	     -0.004	     -0.001	     -0.005	
 2014/10/31	   1.093	   1.094	   1.082	   1.092	        6173800	      1.087	      1.086	      1.101	      1.089	           	      0.000	  61738.000	  88869.984	 100877.703	     -0.003	     -0.002	     -0.004	
 2014/11/03	   1.092	   1.095	   1.088	   1.091	        3313500	      1.090	      1.084	      1.099	      1.090	           	      0.000	  33135.000	  71840.984	  91915.602	     -0.003	     -0.002	     -0.002	
 2014/11/04	   1.090	   1.090	   1.075	   1.077	       20787800	      1.089	      1.082	      1.097	      1.090	           	      0.000	 207878.000	 107884.188	  94061.398	     -0.004	     -0.002	     -0.003	
 2014/11/05	   1.077	   1.077	   1.066	   1.070	        8839263	      1.084	      1.081	      1.094	      1.090	           	      0.000	  88392.633	 104508.930	  96547.164	     -0.005	     -0.003	     -0.005	
 2014/11/06	   1.071	   1.073	   1.065	   1.072	        6927700	      1.080	      1.082	      1.090	      1.090	           	      0.000	  69277.000	  92084.125	  95456.859	     -0.006	     -0.004	     -0.005	
 2014/11/07	   1.073	   1.076	   1.063	   1.066	        5030800	      1.075	      1.081	      1.088	      1.090	           	      0.000	  50308.000	  89798.125	  89334.055	     -0.007	     -0.004	     -0.005	
 2014/11/10	   1.067	   1.094	   1.067	   1.094	       20759600	      1.076	      1.083	      1.087	      1.091	           	      0.000	 207596.000	 124690.328	  98265.656	     -0.005	     -0.004	     -0.002	
 2014/11/11	   1.095	   1.103	   1.082	   1.091	       12526600	      1.079	      1.084	      1.086	      1.091	           	      0.000	 125266.000	 108167.930	 108026.055	     -0.004	     -0.004	      0.000	
 2014/11/12	   1.091	   1.106	   1.087	   1.105	        8651500	      1.086	      1.085	      1.086	      1.092	           	      0.000	  86515.000	 107792.398	 106150.664	     -0.002	     -0.004	      0.003	
 2014/11/13	   1.106	   1.110	   1.096	   1.103	       13076359	      1.092	      1.086	      1.086	      1.092	           	      0.000	 130763.594	 120089.719	 106086.922	     -0.001	     -0.003	      0.005	
 2014/11/14	   1.104	   1.120	   1.100	   1.117	       26231308	      1.102	      1.089	      1.087	      1.093	           	      0.000	 262313.094	 162490.734	 126144.430	      0.001	     -0.002	      0.008	
 2014/11/17	   1.133	   1.141	   1.119	   1.121	       26343200	      1.107	      1.092	      1.088	      1.094	           	      0.000	 263432.000	 173657.938	 149174.125	      0.003	     -0.001	      0.009	
 2014/11/18	   1.120	   1.122	   1.104	   1.107	       12537700	      1.111	      1.095	      1.088	      1.095	           	      0.000	 125377.000	 173680.141	 140924.031	      0.004	     -0.000	      0.008	
 2014/11/19	   1.106	   1.109	   1.099	   1.104	        5205800	      1.110	      1.098	      1.090	      1.095	           	      0.000	  52058.000	 166788.734	 137290.563	      0.004	      0.001	      0.007	
 2014/11/20	   1.103	   1.103	   1.093	   1.097	        4441700	      1.109	      1.100	      1.091	      1.095	           	      0.000	  44417.000	 149519.422	 134804.563	      0.003	      0.001	      0.004	
 2014/11/21	   1.096	   1.110	   1.096	   1.110	        9496800	      1.108	      1.105	      1.093	      1.096	           	      0.000	  94968.000	 116050.398	 139270.563	      0.004	      0.002	      0.004	
 2014/11/24	   1.112	   1.120	   1.109	   1.115	       11883761	      1.107	      1.107	      1.095	      1.097	           	      0.000	 118837.609	  87131.523	 130394.727	      0.005	      0.002	      0.005	
 2014/11/25	   1.116	   1.130	   1.113	   1.130	        7964121	      1.111	      1.111	      1.097	      1.098	           	      0.000	  79641.211	  77984.367	 125832.250	      0.007	      0.003	      0.007	
 2014/11/26	   1.131	   1.137	   1.129	   1.137	        9222296	      1.118	      1.114	      1.100	      1.099	           	      0.000	  92222.961	  86017.359	 126403.047	      0.008	      0.004	      0.008	
 2014/11/27	   1.137	   1.141	   1.132	   1.139	        3724700	      1.126	      1.118	      1.102	      1.101	           	      0.000	  37247.000	  84583.359	 117051.391	      0.010	      0.005	      0.009	
 2014/11/28	   1.139	   1.139	   1.123	   1.134	       12831100	      1.131	      1.119	      1.104	      1.102	           	      0.000	 128311.000	  91251.953	 103651.180	      0.011	      0.006	      0.008	
 2014/12/01	   1.135	   1.157	   1.132	   1.156	       16754700	      1.139	      1.123	      1.107	      1.103	           	      0.000	 167547.000	 100993.836	  94062.680	      0.013	      0.008	      0.010	
 2014/12/02	   1.155	   1.171	   1.150	   1.170	        5037802	      1.147	      1.129	      1.112	      1.105	           	      0.000	  50378.020	  95141.195	  86562.781	      0.015	      0.009	      0.012	
 2014/12/03	   1.171	   1.196	   1.171	   1.192	        3621643	      1.158	      1.138	      1.118	      1.107	           	      0.000	  36216.430	  83939.891	  84978.625	      0.019	      0.011	      0.016	
 2014/12/04	   1.193	   1.218	   1.193	   1.217	        4919115	      1.174	      1.150	      1.125	      1.109	           	      0.000	  49191.148	  86328.719	  85456.039	      0.024	      0.014	      0.020	
 2014/12/05	   1.218	   1.227	   1.166	   1.185	        5975302	      1.184	      1.158	      1.131	      1.110	           	      0.000	  59753.020	  72617.125	  81934.539	      0.025	      0.016	      0.017	
 2014/12/08	   1.184	   1.210	   1.173	   1.201	       14072444	      1.193	      1.166	      1.137	      1.111	           	      0.000	 140724.438	  67252.609	  84123.219	      0.026	      0.018	      0.017	
 2014/12/09	   1.202	   1.279	   1.187	   1.207	       14573986	      1.200	      1.174	      1.142	      1.113	           	      0.000	 145739.859	  86324.977	  90733.086	      0.028	      0.020	      0.016	
 2014/12/10	   1.206	   1.245	   1.200	   1.245	        6961533	      1.211	      1.185	      1.149	      1.115	           	      0.000	  69615.328	  93004.758	  88472.328	      0.032	      0.022	      0.019	
 2014/12/11	   1.244	   1.250	   1.223	   1.237	       14932080	      1.215	      1.194	      1.156	      1.117	           	      0.000	 149320.797	 113030.688	  99679.703	      0.034	      0.025	      0.018	
 2014/12/12	   1.237	   1.246	   1.234	   1.243	        4943600	      1.227	      1.205	      1.162	      1.120	           	      0.000	  49436.000	 110967.281	  91792.203	      0.035	      0.027	      0.017	
 2014/12/15	   1.242	   1.259	   1.234	   1.258	        3492100	      1.238	      1.215	      1.169	      1.122	           	      0.000	  34921.000	  89806.594	  78529.602	      0.037	      0.029	      0.017	
 2014/12/16	   1.257	   1.260	   1.236	   1.246	        1921148	      1.246	      1.223	      1.176	      1.125	           	      0.000	  19211.480	  64500.922	  75412.953	      0.038	      0.031	      0.014	
 2014/12/17	   1.245	   1.245	   1.210	   1.223	        2605800	      1.241	      1.226	      1.182	      1.127	           	      0.000	  26058.000	  55789.457	  74397.109	      0.036	      0.032	      0.008	
 2014/12/18	   1.222	   1.233	   1.222	   1.227	        3100777	      1.239	      1.227	      1.189	      1.129	           	      0.000	  31007.770	  32126.850	  72578.766	      0.034	      0.032	      0.004	
 2014/12/19	   1.226	   1.227	   1.208	   1.226	        5479339	      1.236	      1.231	      1.194	      1.131	           	      0.000	  54793.391	  33198.328	  72082.805	      0.032	      0.032	      0.000	
 2014/12/22	   1.225	   1.226	   1.200	   1.222	        6827100	      1.229	      1.233	      1.200	      1.133	           	      0.000	  68271.000	  39868.328	  64837.461	      0.030	      0.032	     -0.003	
 2014/12/23	   1.222	   1.237	   1.218	   1.219	        3479200	      1.223	      1.235	      1.204	      1.135	           	      0.000	  34792.000	  42984.434	  53742.676	      0.028	      0.031	     -0.006	
 2014/12/24	   1.220	   1.227	   1.208	   1.217	        3775500	      1.222	      1.232	      1.208	      1.137	           	      0.000	  37755.000	  45323.832	  50556.645	      0.026	      0.030	     -0.008	
 2014/12/25	   1.216	   1.230	   1.216	   1.230	        3985400	      1.223	      1.231	      1.213	      1.139	           	      0.000	  39854.000	  47093.078	  39609.965	      0.025	      0.029	     -0.008	
 2014/12/26	   1.231	   1.240	   1.222	   1.239	        6295300	      1.225	      1.231	      1.218	      1.141	           	      0.000	  62953.000	  48725.000	  40961.664	      0.024	      0.028	     -0.007	
 2014/12/29	   1.239	   1.249	   1.227	   1.237	        2191500	      1.228	      1.229	      1.222	      1.143	           	      0.000	  21915.000	  39453.801	  39661.063	      0.024	      0.027	     -0.007	
 2014/12/30	   1.236	   1.240	   1.224	   1.227	        2802343	      1.230	      1.227	      1.225	      1.145	           	      0.000	  28023.430	  38100.086	  40542.258	      0.022	      0.026	     -0.008	
 2014/12/31	   1.226	   1.244	   1.223	   1.241	        5208200	      1.235	      1.229	      1.227	      1.146	           	      0.000	  52082.000	  40965.484	  43144.660	      0.022	      0.025	     -0.007	
 2015/01/05	   1.242	   1.294	   1.242	   1.287	       12642700	      1.246	      1.234	      1.231	      1.149	           	      0.000	 126427.000	  58280.086	  52686.582	      0.025	      0.025	     -0.001	
 2015/01/06	   1.287	   1.303	   1.275	   1.303	       11792780	      1.259	      1.242	      1.237	      1.152	           	      0.000	 117927.797	  69275.047	  59000.023	      0.028	      0.026	      0.005	
 2015/01/07	   1.302	   1.302	   1.273	   1.284	        8835135	      1.268	      1.248	      1.241	      1.155	           	      0.000	  88351.352	  82562.313	  61008.059	      0.029	      0.026	      0.005	
 2015/01/08	   1.284	   1.297	   1.280	   1.285	        5885908	      1.280	      1.255	      1.245	      1.158	           	      0.000	  58859.078	  88729.445	  63414.766	      0.029	      0.027	      0.005	
 2015/01/09	   1.284	   1.294	   1.263	   1.265	        6037398	      1.285	      1.260	      1.246	      1.160	           	      0.000	  60373.980	  90387.844	  65676.664	      0.028	      0.027	      0.001	
 2015/01/12	   1.264	   1.265	   1.245	   1.253	        1042200	      1.278	      1.262	      1.247	      1.163	           	      0.000	  10422.000	  67186.844	  62733.465	      0.025	      0.027	     -0.003	
 2015/01/13	   1.254	   1.264	   1.252	   1.259	        3761400	      1.269	      1.264	      1.247	      1.166	           	      0.000	  37614.000	  51124.082	  60199.563	      0.023	      0.026	     -0.005	
 2015/01/14	   1.260	   1.262	   1.240	   1.243	        1754400	      1.261	      1.265	      1.247	      1.168	           	      0.000	  17544.000	  36962.613	  59762.465	      0.021	      0.025	     -0.009	
 2015/01/15	   1.244	   1.255	   1.241	   1.254	        3770200	      1.255	      1.267	      1.247	      1.171	           	      0.000	  37702.000	  32731.195	  60730.320	      0.019	      0.024	     -0.010	
 2015/01/16	   1.255	   1.263	   1.255	   1.262	        1958600	      1.254	      1.270	      1.249	      1.174	           	      0.000	  19586.000	  24573.600	  57480.719	      0.018	      0.023	     -0.009	
 2015/01/19	   1.258	   1.258	   1.185	   1.224	       14554790	      1.248	      1.263	      1.249	      1.176	           	      0.000	 145547.906	  51598.781	  59392.813	      0.014	      0.021	     -0.014	
 2015/01/20	   1.223	   1.234	   1.211	   1.233	        5333000	      1.243	      1.256	      1.249	      1.179	           	      0.000	  53330.000	  54741.980	  52933.031	      0.012	      0.019	     -0.015	
 2015/01/21	   1.234	   1.261	   1.232	   1.261	        4543190	      1.247	      1.254	      1.251	      1.182	           	      0.000	  45431.898	  60319.563	  48641.086	      0.012	      0.018	     -0.012	
 2015/01/22	   1.262	   1.271	   1.257	   1.266	        5711900	      1.249	      1.252	      1.253	      1.185	           	      0.000	  57119.000	  64202.961	  48467.078	      0.012	      0.016	     -0.009	
 2015/01/23	   1.267	   1.271	   1.254	   1.259	        4365285	      1.249	      1.251	      1.256	      1.188	           	      0.000	  43652.852	  69016.328	  46794.965	      0.012	      0.015	     -0.008	
 2015/01/26	   1.261	   1.291	   1.261	   1.289	       13979800	      1.262	      1.255	      1.259	      1.191	           	      0.000	 139798.000	  67866.352	  59732.566	      0.014	      0.015	     -0.003	
 2015/01/27	   1.289	   1.290	   1.265	   1.282	        5676986	      1.271	      1.257	      1.261	      1.194	           	      0.000	  56769.859	  68554.320	  61648.152	      0.014	      0.015	     -0.001	
 2015/01/28	   1.281	   1.281	   1.266	   1.266	        2982200	      1.272	      1.260	      1.262	      1.197	           	      0.000	  29822.000	  65432.344	  62875.953	      0.014	      0.015	     -0.002	
 2015/01/29	   1.265	   1.265	   1.246	   1.253	        4774600	      1.270	      1.260	      1.263	      1.200	           	      0.000	  47746.000	  63557.742	  63880.352	      0.012	      0.014	     -0.005	
 2015/01/30	   1.254	   1.264	   1.244	   1.247	        5909600	      1.267	      1.258	      1.264	      1.203	           	      0.000	  59096.000	  66646.375	  67831.352	      0.010	      0.013	     -0.007	
 2015/02/02	   1.220	   1.244	   1.220	   1.228	        3000700	      1.255	      1.258	      1.261	      1.206	           	      0.000	  30007.000	  44688.172	  56277.262	      0.006	      0.012	     -0.011	
 2015/02/03	   1.229	   1.244	   1.229	   1.244	        4669900	      1.248	      1.260	      1.258	      1.209	           	      0.000	  46699.000	  42674.000	  55614.160	      0.005	      0.011	     -0.011	
 2015/02/04	   1.245	   1.253	   1.232	   1.233	        2458591	      1.241	      1.257	      1.255	      1.211	           	      0.000	  24585.910	  41626.781	  53529.563	      0.003	      0.009	     -0.012	
 2015/02/05	   1.234	   1.246	   1.218	   1.219	        8464500	      1.234	      1.252	      1.252	      1.213	           	      0.000	  84645.000	  49006.582	  56282.164	      0.000	      0.007	     -0.014	
 2015/02/06	   1.218	   1.229	   1.206	   1.211	        5365950	      1.227	      1.247	      1.249	      1.215	           	      0.000	  53659.500	  47919.281	  57282.828	     -0.002	      0.005	     -0.015	
 2015/02/09	   1.190	   1.229	   1.178	   1.224	        5472900	      1.226	      1.241	      1.248	      1.217	           	      0.000	  54729.000	  52863.684	  48775.926	     -0.003	      0.004	     -0.014	
 2015/02/10	   1.224	   1.234	   1.223	   1.233	        4982100	      1.224	      1.236	      1.247	      1.219	           	      0.000	  49821.000	  53488.082	  48081.039	     -0.003	      0.002	     -0.011	
 2015/02/11	   1.234	   1.253	   1.234	   1.251	        6630800	      1.228	      1.234	      1.247	      1.221	           	      0.000	  66308.000	  61832.500	  51729.641	     -0.002	      0.001	     -0.007	
 2015/02/12	   1.252	   1.263	   1.250	   1.261	        6382000	      1.236	      1.235	      1.247	      1.224	           	      0.000	  63820.000	  57667.500	  53337.039	     -0.000	      0.001	     -0.002	
 2015/02/13	   1.261	   1.289	   1.261	   1.277	        6607400	      1.249	      1.238	      1.248	      1.226	           	      0.000	  66074.000	  60150.398	  54034.840	      0.003	      0.001	      0.002	
 2015/02/16	   1.279	   1.295	   1.279	   1.295	        3722540	      1.263	      1.245	      1.252	      1.230	           	      0.000	  37225.398	  56649.680	  54756.680	      0.006	      0.002	      0.008	
 2015/02/17	   1.296	   1.303	   1.296	   1.297	        4034500	      1.276	      1.250	      1.255	      1.233	           	      0.000	  40345.000	  54754.480	  54121.281	      0.009	      0.004	      0.011	
 2015/02/25	   1.298	   1.302	   1.288	   1.297	        2812540	      1.285	      1.257	      1.257	      1.236	           	      0.000	  28125.400	  47117.961	  54475.230	      0.011	      0.005	      0.012	
 2015/02/26	   1.298	   1.309	   1.298	   1.309	        8423796	      1.295	      1.266	      1.259	      1.239	           	      0.000	  84237.961	  51201.551	  54434.527	      0.014	      0.007	      0.014	
 2015/02/27	   1.311	   1.320	   1.311	   1.317	        2336000	      1.303	      1.276	      1.262	      1.242	           	      0.000	  23360.000	  42658.750	  51404.574	      0.016	      0.009	      0.015	
 2015/03/02	   1.319	   1.331	   1.317	   1.331	        4144300	      1.310	      1.287	      1.264	      1.245	           	      0.000	  41443.000	  43502.273	  50075.977	      0.019	      0.011	      0.017	
 2015/03/03	   1.330	   1.330	   1.306	   1.308	        3434200	      1.312	      1.294	      1.265	      1.248	           	      0.000	  34342.000	  42301.672	  48528.074	      0.019	      0.013	      0.014	
 2015/03/04	   1.307	   1.331	   1.307	   1.330	        5738500	      1.319	      1.302	      1.268	      1.251	           	      0.000	  57385.000	  48153.594	  47635.777	      0.021	      0.014	      0.014	
 2015/03/05	   1.330	   1.350	   1.330	   1.342	       11725500	      1.326	      1.310	      1.273	      1.254	           	      0.000	 117255.000	  54757.000	  52979.277	      0.023	      0.016	      0.014	
 2015/03/06	   1.343	   1.355	   1.336	   1.336	        3493900	      1.329	      1.316	      1.277	      1.256	           	      0.000	  34939.000	  57072.801	  49865.777	      0.024	      0.018	      0.013	
 2015/03/09	   1.336	   1.370	   1.333	   1.367	        4212300	      1.337	      1.323	      1.284	      1.259	           	      0.000	  42123.000	  57208.801	  50355.535	      0.027	      0.019	      0.015	
 2015/03/10	   1.368	   1.378	   1.367	   1.377	        4407700	      1.350	      1.331	      1.291	      1.262	           	      0.000	  44077.000	  59155.801	  50728.734	      0.029	      0.021	      0.016	
 2015/03/11	   1.376	   1.394	   1.371	   1.372	        4814800	      1.359	      1.339	      1.298	      1.265	           	      0.000	  48148.000	  57308.398	  52730.996	      0.031	      0.023	      0.015	
 2015/03/12	   1.371	   1.378	   1.365	   1.374	        3904772	      1.365	      1.345	      1.305	      1.267	           	      0.000	  39047.719	  41666.945	  48211.973	      0.032	      0.025	      0.014	
 2015/03/13	   1.374	   1.388	   1.371	   1.387	        2592100	      1.375	      1.352	      1.314	      1.270	           	      0.000	  25921.000	  39863.344	  48468.070	      0.033	      0.027	      0.013	
 2015/03/16	   1.399	   1.426	   1.399	   1.424	        4382101	      1.387	      1.362	      1.324	      1.273	           	      0.000	  43821.012	  40202.945	  48705.875	      0.037	      0.029	      0.016	
 2015/03/17	   1.425	   1.440	   1.425	   1.437	        5170900	      1.399	      1.375	      1.334	      1.276	           	      0.000	  51709.000	  41729.348	  50442.574	      0.040	      0.031	      0.019	
 2015/03/18	   1.438	   1.461	   1.438	   1.461	        5039000	      1.417	      1.388	      1.345	      1.280	           	      0.000	  50390.000	  42177.746	  49743.074	      0.045	      0.034	      0.022	
 2015/03/19	   1.460	   1.461	   1.441	   1.449	        4239800	      1.432	      1.398	      1.354	      1.283	           	      0.000	  42398.000	  42847.801	  42257.375	      0.046	      0.036	      0.020	
 2015/03/20	   1.448	   1.460	   1.443	   1.448	        3550834	      1.444	      1.410	      1.363	      1.287	           	      0.000	  35508.340	  44765.270	  42314.309	      0.047	      0.038	      0.017	
 2015/03/23	   1.449	   1.479	   1.449	   1.478	       12189385	      1.455	      1.421	      1.372	      1.291	           	      0.000	 121893.852	  60379.840	  50291.391	      0.050	      0.041	      0.018	
 2015/03/24	   1.479	   1.479	   1.438	   1.464	        2374000	      1.460	      1.429	      1.380	      1.295	           	      0.000	  23740.000	  54786.039	  48257.691	      0.050	      0.043	      0.015	
 2015/03/25	   1.463	   1.492	   1.454	   1.482	        5857242	      1.464	      1.440	      1.390	      1.299	           	      0.000	  58572.422	  56422.523	  49300.133	      0.051	      0.044	      0.014	
 2015/03/26	   1.481	   1.501	   1.473	   1.495	       25310500	      1.473	      1.452	      1.399	      1.304	           	      0.000	 253105.000	  98563.922	  70705.859	      0.052	      0.046	      0.013	
 2015/03/27	   1.496	   1.505	   1.489	   1.496	        8351653	      1.483	      1.463	      1.408	      1.308	           	      0.000	  83516.531	 108165.563	  76465.414	      0.053	      0.047	      0.011	
 2015/03/30	   1.510	   1.579	   1.498	   1.513	        8630098	      1.490	      1.472	      1.417	      1.313	           	      0.000	  86300.977	 101046.984	  80713.414	      0.054	      0.049	      0.011	
 2015/03/31	   1.514	   1.527	   1.498	   1.513	       10240900	      1.500	      1.480	      1.427	      1.318	           	      0.000	 102409.000	 116780.789	  85783.414	      0.054	      0.050	      0.009	
 2015/04/01	   1.510	   1.529	   1.502	   1.523	       13082137	      1.508	      1.486	      1.437	      1.322	           	      0.000	 130821.367	 131230.578	  93826.547	      0.055	      0.051	      0.008	
 2015/04/02	   1.524	   1.555	   1.524	   1.539	       25847304	      1.517	      1.495	      1.447	      1.328	           	      0.000	 258473.047	 132304.188	 115434.055	      0.056	      0.052	      0.008	
 2015/04/03	   1.559	   1.559	   1.524	   1.554	       12550627	      1.528	      1.506	      1.458	      1.333	           	      0.000	 125506.273	 140702.125	 124433.844	      0.057	      0.053	      0.008	
 2015/04/07	   1.554	   1.597	   1.554	   1.597	       17045100	      1.545	      1.518	      1.469	      1.338	           	      0.000	 170451.000	 157532.141	 129289.563	      0.061	      0.054	      0.013	
 2015/04/08	   1.597	   1.626	   1.579	   1.610	       30071100	      1.565	      1.532	      1.481	      1.343	           	      0.000	 300711.000	 197192.531	 156986.656	      0.064	      0.056	      0.016	
 2015/04/09	   1.604	   1.611	   1.557	   1.605	       23622502	      1.581	      1.544	      1.492	      1.348	           	      0.000	 236225.016	 218273.266	 174751.922	      0.066	      0.058	      0.015	
 2015/04/10	   1.604	   1.650	   1.596	   1.650	        9202032	      1.603	      1.560	      1.506	      1.355	           	      0.000	  92020.320	 184982.719	 158643.453	      0.070	      0.060	      0.018	
 2015/04/13	   1.660	   1.739	   1.650	   1.668	        3533200	      1.626	      1.577	      1.520	      1.361	           	      0.000	  35332.000	 166947.875	 153825.000	      0.073	      0.063	      0.021	
 2015/04/14	   1.660	   1.686	   1.630	   1.664	       16698589	      1.639	      1.592	      1.532	      1.368	           	      0.000	 166985.891	 166254.844	 161893.484	      0.075	      0.065	      0.019	
 2015/04/15	   1.664	   1.664	   1.610	   1.611	        4470977	      1.640	      1.602	      1.541	      1.374	           	      0.000	  44709.770	 115054.602	 156123.563	      0.071	      0.067	      0.010	
 2015/04/16	   1.606	   1.710	   1.585	   1.694	        7356200	      1.657	      1.619	      1.553	      1.382	           	      0.000	  73562.000	  82522.000	 150397.625	      0.074	      0.068	      0.012	
 2015/04/17	   1.694	   1.728	   1.656	   1.670	       10746100	      1.661	      1.632	      1.564	      1.388	           	      0.000	 107461.000	  85610.133	 135296.422	      0.074	      0.069	      0.009	
 2015/04/20	   1.665	   1.699	   1.605	   1.655	        8659000	      1.659	      1.642	      1.574	      1.395	           	      0.000	  86590.000	  95861.734	 131404.797	      0.072	      0.070	      0.004	
 2015/04/21	   1.666	   1.745	   1.615	   1.745	       23525700	      1.675	      1.657	      1.587	      1.404	           	      0.000	 235257.000	 109515.953	 137885.406	      0.076	      0.071	      0.010	
 2015/04/22	   1.745	   1.830	   1.739	   1.760	       13630800	      1.705	      1.672	      1.602	      1.412	           	      0.000	 136308.000	 127835.602	 121445.102	      0.080	      0.073	      0.014	
 2015/04/23	   1.760	   1.760	   1.729	   1.737	       12010700	      1.713	      1.685	      1.615	      1.420	           	      0.000	 120107.000	 137144.594	 109833.297	      0.080	      0.074	      0.012	
 2015/04/24	   1.701	   1.769	   1.701	   1.748	       12008450	      1.729	      1.695	      1.628	      1.428	           	      0.000	 120084.500	 139669.297	 112639.719	      0.080	      0.075	      0.010	
 2015/04/27	   1.760	   1.814	   1.755	   1.785	        9161920	      1.755	      1.707	      1.642	      1.437	           	      0.000	  91619.203	 140675.141	 118268.438	      0.082	      0.077	      0.011	
 2015/04/28	   1.786	   1.786	   1.703	   1.725	       19829000	      1.751	      1.713	      1.653	      1.444	           	      0.000	 198290.000	 133281.734	 121398.844	      0.078	      0.077	      0.003	
 2015/04/29	   1.700	   1.750	   1.691	   1.748	        4819300	      1.749	      1.727	      1.664	      1.452	           	      0.000	  48193.000	 115658.742	 121747.172	      0.076	      0.077	     -0.002	
 2015/04/30	   1.748	   1.765	   1.739	   1.740	        5919495	      1.749	      1.731	      1.675	      1.460	           	      0.000	  59194.949	 103476.328	 120310.469	      0.073	      0.076	     -0.006	
 2015/05/04	   1.741	   1.748	   1.721	   1.746	       13651100	      1.749	      1.739	      1.686	      1.468	           	      0.000	 136511.000	 106761.633	 123215.469	      0.070	      0.075	     -0.010	
 2015/05/05	   1.746	   1.746	   1.660	   1.690	       23834100	      1.730	      1.742	      1.692	      1.476	           	      0.000	 238341.000	 136105.984	 138390.563	      0.063	      0.073	     -0.020	
 2015/05/06	   1.685	   1.717	   1.654	   1.663	        4018300	      1.717	      1.734	      1.696	      1.483	           	      0.000	  40183.000	 104484.594	 118883.164	      0.054	      0.069	     -0.030	
 2015/05/07	   1.628	   1.678	   1.628	   1.650	        2729200	      1.698	      1.723	      1.698	      1.490	           	      0.000	  27292.000	 100304.391	 107981.563	      0.045	      0.064	     -0.038	
 2015/05/08	   1.651	   1.699	   1.651	   1.682	        4854100	      1.686	      1.718	      1.702	      1.497	           	      0.000	  48541.000	  98173.602	 100824.969	      0.041	      0.059	     -0.037	
 2015/05/11	   1.682	   1.733	   1.678	   1.726	        5443100	      1.682	      1.715	      1.705	      1.506	           	      0.000	  54431.000	  81757.602	  94259.617	      0.040	      0.056	     -0.031	
 2015/05/12	   1.727	   1.749	   1.723	   1.745	        4960800	      1.693	      1.712	      1.709	      1.515	           	      0.000	  49608.000	  44011.000	  90058.492	      0.041	      0.053	     -0.024	
 2015/05/13	   1.745	   1.785	   1.745	   1.767	       12887200	      1.714	      1.716	      1.714	      1.524	           	      0.000	 128872.000	  61748.801	  83116.695	      0.042	      0.051	     -0.016	
 2015/05/14	   1.767	   1.767	   1.690	   1.754	        1388400	      1.735	      1.716	      1.722	      1.532	           	      0.000	  13884.000	  59067.199	  79685.797	      0.042	      0.049	     -0.013	
 2015/05/15	   1.754	   1.764	   1.711	   1.748	        1160663	      1.748	      1.717	      1.724	      1.541	           	      0.000	  11606.630	  51680.324	  74926.961	      0.041	      0.047	     -0.012	
 2015/05/18	   1.748	   1.748	   1.714	   1.732	         581700	      1.749	      1.716	      1.727	      1.548	           	      0.000	   5817.000	  41957.527	  61857.563	      0.039	      0.046	     -0.014	
 2015/05/19	   1.718	   1.776	   1.718	   1.770	        5063441	      1.754	      1.724	      1.733	      1.557	           	      0.000	  50634.410	  42162.809	  43086.902	      0.039	      0.044	     -0.010	
 2015/05/20	   1.776	   1.824	   1.775	   1.776	        5632600	      1.756	      1.735	      1.735	      1.565	           	      0.000	  56326.000	  27653.607	  44701.203	      0.040	      0.043	     -0.007	
 2015/05/21	   1.777	   1.880	   1.777	   1.880	        7050312	      1.781	      1.758	      1.741	      1.574	           	      0.000	  70503.117	  38977.430	  49022.316	      0.048	      0.044	      0.007	
 2015/05/22	   1.880	   1.900	   1.845	   1.900	        4446712	      1.812	      1.780	      1.749	      1.584	           	      0.000	  44467.121	  45549.531	  48614.930	      0.055	      0.047	      0.018	
 2015/05/25	   1.857	   1.980	   1.857	   1.975	        9021100	      1.860	      1.805	      1.760	      1.596	           	      0.000	  90211.000	  62428.328	  52192.930	      0.067	      0.051	      0.032	
 2015/05/26	   1.978	   2.020	   1.951	   2.012	        1480300	      1.909	      1.831	      1.771	      1.607	           	      0.000	  14803.000	  55262.047	  48712.430	      0.078	      0.056	      0.043	
 2015/05/27	   2.012	   2.036	   1.977	   2.021	        2195344	      1.958	      1.857	      1.786	      1.619	           	      0.000	  21953.439	  48387.535	  38020.570	      0.086	      0.062	      0.048	
 2015/05/28	   2.021	   2.050	   1.920	   1.920	        1053900	      1.966	      1.873	      1.795	      1.629	           	      0.000	  10539.000	  36394.711	  37686.070	      0.084	      0.066	      0.035	
 2015/05/29	   1.920	   1.920	   1.810	   1.858	        4146700	      1.957	      1.884	      1.801	      1.638	           	      0.000	  41467.000	  35794.688	  40672.109	      0.076	      0.068	      0.015	
 2015/06/01	   1.900	   1.982	   1.900	   1.974	        3206550	      1.957	      1.909	      1.812	      1.648	           	      0.000	  32065.500	  24165.588	  43296.957	      0.078	      0.070	      0.016	
 2015/06/02	   1.967	   2.053	   1.967	   2.053	        1135376	      1.965	      1.937	      1.830	      1.660	           	      0.000	  11353.760	  23475.740	  39368.895	      0.085	      0.073	      0.024	
 2015/06/03	   2.060	   2.125	   1.970	   2.011	        2210257	      1.963	      1.960	      1.848	      1.671	           	      0.000	  22102.570	  23505.566	  35946.551	      0.087	      0.076	      0.021	
 2015/06/04	   2.011	   2.011	   1.922	   1.988	         483357	      1.977	      1.971	      1.865	      1.681	           	      0.000	   4833.570	  22364.480	  29379.596	      0.085	      0.078	      0.014	
 2015/06/05	   1.998	   2.032	   1.990	   2.008	        3808828	      2.007	      1.982	      1.881	      1.692	           	      0.000	  38088.281	  21688.736	  28741.713	      0.084	      0.079	      0.010	
 2015/06/08	   2.008	   2.057	   1.987	   2.040	       19136078	      2.020	      1.988	      1.897	      1.703	           	      0.000	 191360.781	  53547.793	  38856.691	      0.085	      0.080	      0.010	
 2015/06/09	   2.040	   2.081	   2.030	   2.051	       44016000	      2.020	      1.992	      1.912	      1.714	           	      0.000	 440160.000	 139309.047	  81392.391	      0.086	      0.081	      0.009	
 2015/06/10	   2.030	   2.168	   2.026	   2.100	       11871405	      2.037	      2.000	      1.929	      1.725	           	      0.000	 118714.047	 158631.328	  91068.453	      0.089	      0.083	      0.013	
 2015/06/11	   2.100	   2.120	   2.077	   2.110	        4344678	      2.062	      2.019	      1.946	      1.736	           	      0.000	  43446.781	 166353.984	  94359.227	      0.092	      0.085	      0.014	
 2015/06/12	   2.110	   2.210	   2.110	   2.171	       16865240	      2.094	      2.051	      1.967	      1.748	           	      0.000	 168652.406	 192466.797	 107077.773	      0.097	      0.087	      0.021	
 2015/06/15	   2.171	   2.181	   2.096	   2.100	       58693500	      2.106	      2.063	      1.986	      1.759	           	      0.000	 586935.000	 271581.656	 162564.719	      0.095	      0.089	      0.013	
 2015/06/16	   2.100	   2.101	   2.038	   2.054	       10774201	      2.107	      2.063	      2.000	      1.769	           	      0.000	 107742.008	 205098.047	 172203.547	      0.089	      0.089	     -0.000	
 2015/06/17	   2.054	   2.074	   1.980	   2.071	        2658700	      2.101	      2.069	      2.015	      1.779	           	      0.000	  26587.000	 186672.641	 172651.984	      0.084	      0.088	     -0.008	
 2015/06/18	   2.071	   2.075	   1.986	   1.996	       40774872	      2.078	      2.070	      2.021	      1.788	           	      0.000	 407748.719	 259533.031	 212943.500	      0.073	      0.085	     -0.023	
 2015/06/19	   1.996	   2.000	   1.855	   1.866	       19348546	      2.017	      2.056	      2.019	      1.794	           	      0.000	 193485.453	 264499.625	 228483.219	      0.054	      0.079	     -0.050	
 2015/06/23	   1.876	   1.934	   1.779	   1.934	      102378376	      1.984	      2.045	      2.017	      1.802	           	      0.000	1023783.750	 351869.375	 311725.531	      0.043	      0.072	     -0.057	
 2015/06/24	   1.935	   1.978	   1.920	   1.975	      144127104	      1.968	      2.038	      2.015	      1.810	           	      0.000	1441271.000	 618575.188	 411836.625	      0.038	      0.065	     -0.054	
 2015/06/25	   1.985	   1.989	   1.888	   1.918	      100853600	      1.938	      2.020	      2.010	      1.816	           	      0.000	1008536.000	 814965.000	 500818.813	      0.028	      0.058	     -0.058	
 2015/06/26	   1.918	   1.918	   1.751	   1.870	      132132320	      1.913	      1.995	      2.007	      1.822	           	      0.000	1321323.250	 997679.875	 628606.438	      0.017	      0.049	     -0.065	
 2015/06/29	   1.870	   1.870	   1.683	   1.700	      149447824	      1.879	      1.948	      2.000	      1.825	           	      0.000	1494478.250	1257878.500	 761189.063	     -0.006	      0.038	     -0.088	
 2015/06/30	   1.700	   1.820	   1.640	   1.812	      143140976	      1.855	      1.920	      1.991	      1.830	           	      0.000	1431409.750	1339403.625	 845636.500	     -0.014	      0.028	     -0.085	
 2015/07/01	   1.813	   1.899	   1.744	   1.745	      153394976	      1.809	      1.889	      1.976	      1.833	           	      0.000	1533949.750	1357939.375	 988257.313	     -0.026	      0.017	     -0.087	
 2015/07/02	   1.747	   1.755	   1.595	   1.604	      130809904	      1.746	      1.842	      1.956	      1.833	           	      0.000	1308099.000	1417852.000	1116408.500	     -0.047	      0.004	     -0.102	
 2015/07/03	   1.600	   1.680	   1.520	   1.536	      143266224	      1.679	      1.796	      1.933	      1.832	           	      0.000	1432662.250	1440119.750	1218899.875	     -0.068	     -0.010	     -0.115	
 2015/07/06	   1.670	   1.689	   1.502	   1.615	       58070336	      1.662	      1.771	      1.913	      1.832	           	      0.000	 580703.375	1257364.875	1257621.625	     -0.077	     -0.024	     -0.107	
 2015/07/07	   1.587	   1.630	   1.462	   1.500	       60148800	      1.600	      1.727	      1.886	      1.829	           	      0.000	 601488.000	1091380.500	1215392.000	     -0.093	     -0.037	     -0.110	
 2015/07/08	   1.395	   1.425	   1.350	   1.350	        1605500	      1.521	      1.665	      1.851	      1.824	           	      0.000	  16055.000	 787801.500	1072870.500	     -0.116	     -0.053	     -0.125	
 2015/07/09	   1.350	   1.485	   1.215	   1.485	       14849892	      1.497	      1.622	      1.821	      1.821	           	      0.000	 148498.922	 555881.500	 986866.750	     -0.122	     -0.067	     -0.110	
 2015/07/10	   1.500	   1.634	   1.500	   1.634	        1536597	      1.517	      1.598	      1.797	      1.822	           	      0.000	  15365.970	 272422.250	 856271.000	     -0.113	     -0.076	     -0.074	
 2015/07/13	   1.750	   1.765	   1.640	   1.747	       11530718	      1.543	      1.603	      1.776	      1.822	           	      0.000	 115307.180	 179343.016	 718353.938	     -0.096	     -0.080	     -0.032	
 2015/07/14	   1.750	   1.750	   1.670	   1.690	       99777072	      1.581	      1.591	      1.755	      1.823	           	      0.000	 997770.750	 258599.563	 674990.000	     -0.086	     -0.081	     -0.010	
 2015/07/15	   1.600	   1.686	   1.580	   1.580	       47727500	      1.627	      1.574	      1.731	      1.822	           	      0.000	 477275.000	 350843.563	 569322.563	     -0.086	     -0.082	     -0.008	
 2015/07/16	   1.488	   1.660	   1.488	   1.615	       88340400	      1.653	      1.575	      1.709	      1.819	           	      0.000	 883404.000	 497824.594	 526853.063	     -0.083	     -0.082	     -0.000	
 2015/07/17	   1.600	   1.708	   1.575	   1.697	      110313504	      1.666	      1.591	      1.694	      1.818	           	      0.000	1103135.000	 715378.375	 493900.313	     -0.072	     -0.080	      0.016	
 2015/07/20	   1.691	   1.746	   1.652	   1.690	      131868144	      1.654	      1.599	      1.685	      1.818	           	      0.000	1318681.500	 956053.250	 567698.125	     -0.064	     -0.077	      0.027	
 2015/07/21	   1.735	   1.735	   1.660	   1.696	      132685760	      1.656	      1.618	      1.673	      1.817	           	      0.000	1326857.625	1021870.625	 640235.125	     -0.056	     -0.073	      0.034	
 2015/07/22	   1.683	   1.719	   1.650	   1.707	      111080712	      1.681	      1.654	      1.660	      1.815	           	      0.000	1110807.125	1148577.000	 749710.313	     -0.048	     -0.068	      0.039	
 2015/07/23	   1.671	   1.776	   1.671	   1.742	      131988664	      1.706	      1.680	      1.651	      1.816	           	      0.000	1319886.625	1235873.625	 866849.063	     -0.039	     -0.062	      0.046	
 2015/07/24	   1.742	   1.799	   1.709	   1.740	      155045552	      1.715	      1.690	      1.644	      1.816	           	      0.000	1550455.500	1325337.625	1020358.000	     -0.031	     -0.056	      0.049	
 2015/07/27	   1.685	   1.757	   1.570	   1.572	      149311808	      1.691	      1.673	      1.638	      1.813	           	      0.000	1493118.125	1360225.000	1158139.125	     -0.039	     -0.052	      0.028	
 2015/07/28	   1.478	   1.599	   1.430	   1.594	      144492336	      1.671	      1.663	      1.627	      1.810	           	      0.000	1444923.375	1383838.125	1202854.375	     -0.042	     -0.050	      0.017	
 2015/07/29	   1.593	   1.650	   1.537	   1.646	      145281296	      1.659	      1.670	      1.622	      1.809	           	      0.000	1452813.000	1452239.375	1300408.250	     -0.040	     -0.048	      0.017	
 2015/07/30	   1.645	   1.688	   1.600	   1.603	      142874160	      1.631	      1.669	      1.622	      1.808	           	      0.000	1428741.625	1474010.375	1354942.000	     -0.041	     -0.047	      0.011	
 2015/07/31	   1.573	   1.629	   1.530	   1.565	        4203361	      1.596	      1.656	      1.623	      1.807	           	      0.000	  42033.609	1172326.000	1248831.750	     -0.045	     -0.047	      0.003	
 2015/08/03	   1.535	   1.614	   1.535	   1.593	        4266661	      1.600	      1.646	      1.622	      1.806	           	      0.000	  42666.609	 882235.625	1121230.375	     -0.045	     -0.046	      0.002	
 2015/08/04	   1.596	   1.654	   1.596	   1.616	        1076901	      1.605	      1.638	      1.628	      1.804	           	      0.000	  10769.010	 595404.750	 989621.438	     -0.043	     -0.046	      0.005	
 2015/08/05	   1.616	   1.666	   1.616	   1.660	         996900	      1.607	      1.633	      1.644	      1.802	           	      0.000	   9969.000	 306835.969	 879537.625	     -0.037	     -0.044	      0.013	
 2015/08/06	   1.598	   1.638	   1.598	   1.618	          47235	      1.610	      1.621	      1.650	      1.800	           	      0.000	    472.350	  21182.115	 747596.250	     -0.036	     -0.042	      0.013	
 2015/08/07	   1.639	   1.658	   1.639	   1.651	         869044	      1.628	      1.612	      1.651	      1.798	           	      0.000	   8690.440	  14513.481	 593419.688	     -0.031	     -0.040	      0.018	
 2015/08/10	   1.651	   1.723	   1.651	   1.674	         716500	      1.644	      1.622	      1.647	      1.797	           	      0.000	   7165.000	   7413.160	 444824.406	     -0.026	     -0.037	      0.023	
 2015/08/11	   1.700	   1.763	   1.700	   1.700	       13127700	      1.661	      1.633	      1.648	      1.796	           	      0.000	 131277.000	  31514.758	 313459.750	     -0.019	     -0.034	      0.029	
 2015/08/12	   1.700	   1.756	   1.700	   1.700	       10764300	      1.669	      1.638	      1.654	      1.795	           	      0.000	 107643.000	  51049.559	 178942.766	     -0.014	     -0.030	      0.032	
 2015/08/13	   1.690	   1.744	   1.690	   1.740	       14628800	      1.693	      1.652	      1.660	      1.795	           	      0.000	 146288.000	  80212.688	  50697.402	     -0.006	     -0.025	      0.038	
 2015/08/14	   1.754	   1.765	   1.733	   1.744	       23043800	      1.712	      1.670	      1.663	      1.792	           	      0.000	 230438.000	 124562.203	  69537.844	      0.000	     -0.020	      0.040	
 2015/08/17	   1.744	   1.794	   1.740	   1.763	        9516322	      1.729	      1.687	      1.666	      1.790	           	      0.000	  95163.219	 142161.844	  74787.500	      0.007	     -0.014	      0.043	
 2015/08/18	   1.745	   1.775	   1.685	   1.688	        9292852	      1.727	      1.694	      1.666	      1.785	           	      0.000	  92928.523	 134492.156	  83003.453	      0.006	     -0.010	      0.033	
 2015/08/19	   1.646	   1.715	   1.560	   1.703	       20781100	      1.728	      1.698	      1.666	      1.780	           	      0.000	 207811.000	 154525.750	 102787.656	      0.006	     -0.007	      0.027	
 2015/08/20	   1.673	   1.689	   1.668	   1.683	        8110100	      1.716	      1.705	      1.663	      1.774	           	      0.000	  81101.000	 141488.344	 110850.516	      0.005	     -0.005	      0.019	
 2015/08/21	   1.682	   1.682	   1.577	   1.610	       17551400	      1.689	      1.701	      1.656	      1.769	           	      0.000	 175514.000	 130503.547	 127532.875	     -0.002	     -0.004	      0.004	
 2015/08/24	   1.579	   1.579	   1.449	   1.449	         210800	      1.627	      1.678	      1.650	      1.762	           	      0.000	   2108.000	 111892.508	 127027.172	     -0.020	     -0.007	     -0.026	
 2015/08/25	   1.305	   1.440	   1.304	   1.305	        6303552	      1.550	      1.638	      1.636	      1.751	           	      0.000	  63035.520	 105913.906	 120203.023	     -0.046	     -0.015	     -0.062	
 2015/08/26	   1.330	   1.436	   1.330	   1.389	       15766800	      1.487	      1.607	      1.623	      1.740	           	      0.000	 157668.000	  95885.305	 125205.523	     -0.059	     -0.024	     -0.070	
 2015/08/27	   1.410	   1.463	   1.388	   1.451	       19674090	      1.441	      1.579	      1.615	      1.731	           	      0.000	 196740.906	 119013.281	 130250.820	     -0.063	     -0.032	     -0.063	
 2015/08/28	   1.451	   1.505	   1.448	   1.504	       17809000	      1.420	      1.554	      1.612	      1.723	           	      0.000	 178090.000	 119528.484	 125016.016	     -0.062	     -0.038	     -0.048	
 2015/08/31	   1.475	   1.502	   1.443	   1.482	        3779800	      1.426	      1.526	      1.607	      1.714	           	      0.000	  37798.000	 126666.484	 119279.492	     -0.061	     -0.042	     -0.038	
 2015/09/01	   1.460	   1.460	   1.409	   1.453	         151200	      1.456	      1.503	      1.598	      1.704	           	      0.000	   1512.000	 114361.781	 110137.844	     -0.063	     -0.046	     -0.033	
 2015/09/02	   1.425	   1.441	   1.398	   1.417	        4042000	      1.461	      1.474	      1.586	      1.694	           	      0.000	  40420.000	  90912.180	  93398.742	     -0.066	     -0.050	     -0.032	
 2015/09/07	   1.405	   1.468	   1.405	   1.412	        4641801	      1.454	      1.447	      1.576	      1.682	           	      0.000	  46418.012	  60847.602	  89930.445	     -0.069	     -0.054	     -0.029	
 2015/09/08	   1.402	   1.435	   1.381	   1.435	       11315700	      1.440	      1.430	      1.565	      1.671	           	      0.000	 113157.000	  47861.004	  83694.742	     -0.068	     -0.057	     -0.022	
 2015/09/09	   1.441	   1.477	   1.441	   1.464	         220500	      1.436	      1.431	      1.555	      1.659	           	      0.000	   2205.000	  40742.402	  83704.445	     -0.064	     -0.058	     -0.012	
 2015/09/10	   1.455	   1.462	   1.440	   1.440	         128900	      1.434	      1.445	      1.542	      1.648	           	      0.000	   1289.000	  40697.801	  77529.789	     -0.062	     -0.059	     -0.006	
 2015/09/11	   1.444	   1.448	   1.439	   1.440	          75100	      1.438	      1.450	      1.529	      1.638	           	      0.000	    751.000	  32764.002	  61838.094	     -0.060	     -0.059	     -0.002	
 2015/09/14	   1.440	   1.440	   1.395	   1.414	         220600	      1.439	      1.446	      1.512	      1.627	           	      0.000	   2206.000	  23921.600	  42384.602	     -0.060	     -0.059	     -0.001	
 2015/09/15	   1.420	   1.420	   1.373	   1.374	        2018500	      1.426	      1.433	      1.494	      1.617	           	      0.000	  20185.000	   5327.200	  26594.102	     -0.062	     -0.060	     -0.005	
 2015/09/16	   1.374	   1.466	   1.367	   1.466	        1977439	      1.427	      1.431	      1.479	      1.610	           	      0.000	  19774.391	   8841.078	  24791.740	     -0.056	     -0.059	      0.006	
 2015/09/17	   1.466	   1.466	   1.419	   1.419	        1530700	      1.423	      1.428	      1.465	      1.601	           	      0.000	  15307.000	  11644.678	  26171.240	     -0.054	     -0.058	      0.008	
 2015/09/18	   1.402	   1.413	   1.398	   1.408	        1106700	      1.416	      1.427	      1.451	      1.592	           	      0.000	  11067.000	  13707.878	  23235.939	     -0.053	     -0.057	      0.008	
 2015/09/21	   1.380	   1.453	   1.372	   1.411	         105600	      1.416	      1.427	      1.437	      1.584	           	      0.000	   1056.000	  13477.878	  18699.738	     -0.051	     -0.056	      0.009	
 2015/09/22	   1.450	   1.450	   1.411	   1.422	          20300	      1.425	      1.426	      1.428	      1.576	           	      0.000	    203.000	   9481.479	   7404.339	     -0.049	     -0.055	      0.012	
 2015/09/23	   1.440	   1.440	   1.419	   1.423	         112400	      1.417	      1.422	      1.426	      1.571	           	      0.000	   1124.000	   5751.400	   7296.239	     -0.046	     -0.053	      0.014	
 2015/09/24	   1.420	   1.434	   1.419	   1.428	         110800	      1.418	      1.421	      1.433	      1.565	           	      0.000	   1108.000	   2911.600	   7278.139	     -0.043	     -0.051	      0.016	
 2015/09/25	   1.425	   1.427	   1.380	   1.380	          52100	      1.413	      1.414	      1.432	      1.559	           	      0.000	    521.000	    802.400	   7255.139	     -0.043	     -0.049	      0.012	
 2015/09/28	   1.400	   1.403	   1.385	   1.403	          56500	      1.411	      1.413	      1.430	      1.556	           	      0.000	    565.000	    704.200	   7091.039	     -0.042	     -0.048	      0.012	
 2015/09/29	   1.402	   1.402	   1.387	   1.387	          23800	      1.404	      1.415	      1.424	      1.553	           	      0.000	    238.000	    711.200	   5096.339	     -0.041	     -0.047	      0.010	
 2015/09/30	   1.389	   1.396	   1.389	   1.393	          35900	      1.398	      1.407	      1.419	      1.549	           	      0.000	    359.000	    558.200	   3154.800	     -0.040	     -0.045	      0.010	
 2015/10/08	   1.396	   1.452	   1.396	   1.445	         628786	      1.402	      1.410	      1.419	      1.549	           	      0.000	   6287.860	   1594.172	   2252.886	     -0.034	     -0.043	      0.017	
 2015/10/09	   1.440	   1.450	   1.432	   1.447	          67400	      1.415	      1.414	      1.421	      1.550	           	      0.000	    674.000	   1624.772	   1213.586	     -0.029	     -0.040	      0.022	
 2015/10/12	   1.447	   1.515	   1.447	   1.483	         750900	      1.431	      1.421	      1.424	      1.550	           	      0.000	   7509.000	   3013.572	   1858.886	     -0.022	     -0.037	      0.029	
 2015/10/13	   1.476	   1.494	   1.475	   1.483	         698100	      1.450	      1.427	      1.426	      1.548	           	      0.000	   6981.000	   4362.172	   2536.686	     -0.016	     -0.033	      0.032	
 2015/10/14	   1.485	   1.490	   1.465	   1.465	         239000	      1.465	      1.431	      1.427	      1.543	           	      0.000	   2390.000	   4768.372	   2663.286	     -0.013	     -0.029	      0.031	
 2015/10/15	   1.462	   1.512	   1.462	   1.508	         606200	      1.477	      1.439	      1.430	      1.540	           	      0.000	   6062.000	   4723.200	   3158.686	     -0.007	     -0.024	      0.035	
 2015/10/16	   1.512	   1.540	   1.512	   1.540	          73108	      1.496	      1.455	      1.435	      1.539	           	      0.000	    731.080	   4734.616	   3179.694	      0.000	     -0.019	      0.040	
 2015/10/19	   1.536	   1.550	   1.520	   1.522	         312600	      1.504	      1.467	      1.440	      1.538	           	      0.000	   3126.000	   3858.016	   3435.794	      0.005	     -0.015	      0.039	
 2015/10/20	   1.530	   1.534	   1.522	   1.534	         444400	      1.514	      1.482	      1.448	      1.535	           	      0.000	   4444.000	   3350.616	   3856.394	      0.009	     -0.010	      0.038	
 2015/10/21	   1.543	   1.554	   1.468	   1.481	         194300	      1.517	      1.491	      1.449	      1.531	           	      0.000	   1943.000	   3261.216	   4014.794	      0.008	     -0.006	      0.029	
 2015/10/22	   1.480	   1.531	   1.480	   1.527	         120600	      1.521	      1.499	      1.454	      1.529	           	      0.000	   1206.000	   2290.016	   3506.608	      0.011	     -0.003	      0.028	
 2015/10/23	   1.528	   1.561	   1.528	   1.551	         242901	      1.523	      1.509	      1.462	      1.526	           	      0.000	   2429.010	   2629.602	   3682.109	      0.015	      0.001	      0.029	
 2015/10/26	   1.555	   1.563	   1.546	   1.554	         261200	      1.529	      1.516	      1.469	      1.523	           	      0.000	   2612.000	   2526.802	   3192.409	      0.018	      0.004	      0.028	
 2015/10/27	   1.555	   1.555	   1.519	   1.546	         145900	      1.532	      1.523	      1.475	      1.520	           	      0.000	   1459.000	   1929.802	   2640.209	      0.020	      0.008	      0.025	
 2015/10/28	   1.545	   1.547	   1.520	   1.520	         615300	      1.540	      1.528	      1.480	      1.519	           	      0.000	   6153.000	   2771.802	   3016.509	      0.019	      0.010	      0.019	
 2015/10/29	   1.520	   1.537	   1.520	   1.530	         230500	      1.540	      1.530	      1.485	      1.518	           	      0.000	   2305.000	   2991.602	   2640.809	      0.019	      0.012	      0.015	
 2015/10/30	   1.534	   1.554	   1.534	   1.546	        1348000	      1.539	      1.531	      1.493	      1.516	           	      0.000	  13480.000	   5201.800	   3915.701	      0.020	      0.013	      0.013	
 2015/11/02	   1.533	   1.540	   1.505	   1.505	        1226800	      1.529	      1.529	      1.498	      1.514	           	      0.000	  12268.000	   7133.000	   4829.901	      0.017	      0.014	      0.006	
 2015/11/03	   1.505	   1.521	   1.492	   1.497	         529600	      1.520	      1.526	      1.504	      1.513	           	      0.000	   5296.000	   7900.400	   4915.101	      0.014	      0.014	     -0.000	
 2015/11/04	   1.501	   1.570	   1.500	   1.570	         918021	      1.530	      1.535	      1.513	      1.513	           	      0.000	   9180.210	   8505.842	   5638.822	      0.017	      0.015	      0.005	
 2015/11/05	   1.568	   1.595	   1.559	   1.569	         144800	      1.537	      1.539	      1.519	      1.512	           	      0.000	   1448.000	   8334.442	   5663.022	      0.020	      0.016	      0.008	
 2015/11/06	   1.570	   1.600	   1.570	   1.587	         784600	      1.546	      1.542	      1.526	      1.511	           	      0.000	   7846.000	   7207.642	   6204.721	      0.023	      0.017	      0.011	
 2015/11/09	   1.588	   1.626	   1.583	   1.610	         662800	      1.567	      1.548	      1.532	      1.511	           	      0.000	   6628.000	   6079.642	   6606.321	      0.027	      0.019	      0.015	
 2015/11/10	   1.609	   1.615	   1.601	   1.604	         600500	      1.588	      1.554	      1.538	      1.510	           	      0.000	   6005.000	   6221.442	   7060.921	      0.029	      0.021	      0.016	
 2015/11/11	   1.598	   1.608	   1.588	   1.602	        1619700	      1.594	      1.562	      1.545	      1.509	           	      0.000	  16197.000	   7624.800	   8065.321	      0.030	      0.023	      0.015	
 2015/11/12	   1.606	   1.609	   1.589	   1.596	          58300	      1.600	      1.569	      1.550	      1.507	           	      0.000	    583.000	   7451.800	   7893.121	      0.030	      0.024	      0.012	
 2015/11/13	   1.579	   1.580	   1.560	   1.562	          44400	      1.595	      1.570	      1.551	      1.505	           	      0.000	    444.000	   5971.400	   6589.521	      0.028	      0.025	      0.005	
 2015/11/16	   1.550	   1.565	   1.544	   1.565	         131600	      1.586	      1.576	      1.553	      1.502	           	      0.000	   1316.000	   4909.000	   5494.321	      0.025	      0.025	      0.000	
 2015/11/17	   1.566	   1.589	   1.564	   1.564	          23700	      1.578	      1.583	      1.554	      1.499	           	      0.000	    237.000	   3755.400	   4988.421	      0.023	      0.025	     -0.003	
 2015/11/18	   1.562	   1.571	   1.555	   1.555	          59100	      1.568	      1.581	      1.558	      1.495	           	      0.000	    591.000	    634.200	   4129.500	      0.020	      0.024	     -0.007	
 2015/11/19	   1.554	   1.568	   1.547	   1.568	         648700	      1.563	      1.581	      1.560	      1.493	           	      0.000	   6487.000	   1815.000	   4633.400	      0.019	      0.023	     -0.008	
 2015/11/20	   1.562	   1.570	   1.562	   1.562	          60502	      1.563	      1.579	      1.561	      1.491	           	      0.000	    605.020	   1847.204	   3909.302	      0.017	      0.022	     -0.009	
 2015/11/23	   1.563	   1.573	   1.563	   1.566	          17200	      1.563	      1.574	      1.561	      1.489	           	      0.000	    172.000	   1618.404	   3263.702	      0.016	      0.021	     -0.009	
 2015/11/24	   1.558	   1.558	   1.542	   1.557	          89600	      1.562	      1.570	      1.562	      1.488	           	      0.000	    896.000	   1750.204	   2752.802	      0.014	      0.019	     -0.010	
 2015/11/25	   1.558	   1.594	   1.558	   1.594	         549100	      1.569	      1.569	      1.565	      1.491	           	      0.000	   5491.000	   2730.204	   1682.202	      0.015	      0.019	     -0.006	
 2015/11/26	   1.599	   1.600	   1.589	   1.596	          94400	      1.575	      1.569	      1.569	      1.495	           	      0.000	    944.000	   1621.604	   1718.302	      0.017	      0.018	     -0.003	
 2015/11/27	   1.590	   1.590	   1.464	   1.528	        4153150	      1.568	      1.566	      1.568	      1.498	           	      0.000	  41531.500	   9806.900	   5827.052	      0.012	      0.017	     -0.010	
 2015/11/30	   1.524	   1.529	   1.480	   1.528	        1089800	      1.561	      1.562	      1.569	      1.499	           	      0.000	  10898.000	  11952.100	   6785.252	      0.008	      0.015	     -0.014	
 2015/12/01	   1.518	   1.539	   1.518	   1.534	        2353500	      1.556	      1.559	      1.571	      1.500	           	      0.000	  23535.000	  16479.900	   9115.052	      0.005	      0.013	     -0.016	
 2015/12/02	   1.535	   1.564	   1.535	   1.564	        1028000	      1.550	      1.560	      1.571	      1.501	           	      0.000	  10280.000	  17437.699	  10083.952	      0.005	      0.012	     -0.012	
 2015/12/03	   1.559	   1.564	   1.553	   1.557	        5005900	      1.542	      1.559	      1.570	      1.503	           	      0.000	  50059.000	  27260.699	  14441.152	      0.005	      0.010	     -0.010	
 2015/12/04	   1.570	   1.570	   1.554	   1.554	         519500	      1.547	      1.558	      1.568	      1.505	           	      0.000	   5195.000	  19993.400	  14900.150	      0.004	      0.009	     -0.009	
 2015/12/07	   1.555	   1.559	   1.550	   1.559	         352200	      1.554	      1.557	      1.566	      1.507	           	      0.000	   3522.000	  18518.199	  15235.150	      0.004	      0.008	     -0.008	
 2015/12/08	   1.557	   1.557	   1.524	   1.524	          56500	      1.552	      1.554	      1.562	      1.509	           	      0.000	    565.000	  13924.200	  15202.050	      0.001	      0.007	     -0.011	
 2015/12/09	   1.520	   1.530	   1.520	   1.523	          82500	      1.543	      1.547	      1.558	      1.510	           	      0.000	    825.000	  12033.200	  14735.450	     -0.001	      0.005	     -0.013	
 2015/12/10	   1.524	   1.534	   1.524	   1.533	           2100	      1.539	      1.540	      1.555	      1.511	           	      0.000	     21.000	   2025.600	  14643.150	     -0.002	      0.004	     -0.012	
 2015/12/11	   1.521	   1.521	   1.495	   1.502	         171500	      1.528	      1.538	      1.552	      1.512	           	      0.000	   1715.000	   1329.600	  10661.500	     -0.006	      0.002	     -0.015	
 2015/12/14	   1.489	   1.523	   1.487	   1.519	         226700	      1.520	      1.537	      1.549	      1.514	           	      0.000	   2267.000	   1078.600	   9798.400	     -0.007	      0.000	     -0.014	
 2015/12/15	   1.526	   1.526	   1.526	   1.526	           2500	      1.521	      1.536	      1.547	      1.517	           	      0.000	     25.000	    970.600	   7447.400	     -0.007	     -0.001	     -0.011	
 2015/12/16	   1.525	   1.527	   1.520	   1.520	          41100	      1.520	      1.532	      1.546	      1.518	           	      0.000	    411.000	    887.800	   6460.500	     -0.008	     -0.003	     -0.010	
 2015/12/17	   1.515	   1.543	   1.515	   1.542	          34400	      1.522	      1.530	      1.544	      1.520	           	      0.000	    344.000	    952.400	   1489.000	     -0.006	     -0.003	     -0.006	
 2015/12/18	   1.542	   1.567	   1.540	   1.567	         910500	      1.535	      1.531	      1.545	      1.522	           	      0.000	   9105.000	   2430.400	   1880.000	     -0.003	     -0.003	      0.000	
 2015/12/21	   1.565	   1.635	   1.565	   1.629	          96500	      1.557	      1.539	      1.548	      1.526	           	      0.000	    965.000	   2170.000	   1624.300	      0.004	     -0.002	      0.012	
 2015/12/22	   1.631	   1.660	   1.624	   1.638	        1045000	      1.579	      1.550	      1.552	      1.530	           	      0.000	  10450.000	   4255.000	   2612.800	      0.011	      0.001	      0.020	
 2015/12/23	   1.634	   1.645	   1.618	   1.618	          99700	      1.599	      1.559	      1.553	      1.533	           	      0.000	    997.000	   4372.200	   2630.000	      0.014	      0.003	      0.021	
 2015/12/24	   1.622	   1.622	   1.589	   1.603	         106000	      1.611	      1.566	      1.553	      1.536	           	      0.000	   1060.000	   4515.400	   2733.900	      0.015	      0.006	      0.019	
 2015/12/25	   1.606	   1.612	   1.605	   1.608	          23200	      1.619	      1.577	      1.557	      1.539	           	      0.000	    232.000	   2740.800	   2585.600	      0.017	      0.008	      0.017	
 2015/12/28	   1.611	   1.615	   1.570	   1.570	        1097900	      1.607	      1.582	      1.559	      1.542	           	      0.000	  10979.000	   4743.600	   3456.800	      0.014	      0.009	      0.010	
 2015/12/29	   1.571	   1.579	   1.567	   1.568	          18000	      1.593	      1.586	      1.561	      1.545	           	      0.000	    180.000	   2689.600	   3472.300	      0.012	      0.010	      0.005	
 2015/12/30	   1.584	   1.587	   1.579	   1.584	           8900	      1.587	      1.593	      1.562	      1.548	           	      0.000	     89.000	   2508.000	   3440.100	      0.012	      0.010	      0.003	
 2015/12/31	   1.588	   1.591	   1.579	   1.579	          35100	      1.582	      1.596	      1.563	      1.551	           	      0.000	    351.000	   2366.200	   3440.800	      0.011	      0.010	      0.001	
 2016/01/04	   1.573	   1.573	   1.458	   1.458	         228800	      1.552	      1.586	      1.559	      1.551	           	      0.000	   2288.000	   2777.400	   2759.100	      0.000	      0.008	     -0.016	
 2016/01/05	   1.458	   1.485	   1.422	   1.464	         846100	      1.531	      1.569	      1.554	      1.551	           	      0.000	   8461.000	   2273.800	   3508.700	     -0.007	      0.005	     -0.025	
 2016/01/06	   1.468	   1.483	   1.462	   1.482	         803800	      1.513	      1.553	      1.552	      1.551	           	      0.000	   8038.000	   3845.400	   3267.500	     -0.012	      0.002	     -0.027	
 2016/01/07	   1.485	   1.485	   1.423	   1.423	           8100	      1.481	      1.534	      1.547	      1.550	           	      0.000	     81.000	   3843.800	   3175.900	     -0.020	     -0.003	     -0.035	
 2016/01/08	   1.394	   1.530	   1.360	   1.408	         608200	      1.447	      1.514	      1.540	      1.548	           	      0.000	   6082.000	   4990.000	   3678.100	     -0.027	     -0.008	     -0.040	
 2016/01/11	   1.408	   1.482	   1.332	   1.332	         488600	      1.422	      1.487	      1.532	      1.545	           	      0.000	   4886.000	   5509.600	   4143.500	     -0.039	     -0.014	     -0.050	
 2016/01/12	   1.332	   1.350	   1.325	   1.335	         268198	      1.396	      1.463	      1.523	      1.542	           	      0.000	   2681.980	   4353.796	   3313.798	     -0.047	     -0.020	     -0.054	
 2016/01/13	   1.336	   1.362	   1.311	   1.311	         163801	      1.362	      1.438	      1.512	      1.538	           	      0.000	   1638.010	   3073.798	   3459.599	     -0.055	     -0.027	     -0.055	
 2016/01/14	   1.309	   1.343	   1.287	   1.338	        3102500	      1.345	      1.413	      1.503	      1.536	           	      0.000	  31025.000	   9262.598	   6553.199	     -0.059	     -0.034	     -0.050	
 2016/01/15	   1.337	   1.337	   1.251	   1.293	          64800	      1.322	      1.384	      1.490	      1.532	           	      0.000	    648.000	   8175.798	   6582.899	     -0.064	     -0.040	     -0.049	
 2016/01/18	   1.292	   1.313	   1.283	   1.302	          94100	      1.316	      1.369	      1.477	      1.527	           	      0.000	    941.000	   7386.798	   6448.199	     -0.067	     -0.045	     -0.044	
 2016/01/19	   1.313	   1.350	   1.311	   1.350	        1570000	      1.319	      1.357	      1.463	      1.524	           	      0.000	  15700.000	   9990.402	   7172.099	     -0.065	     -0.049	     -0.031	
 2016/01/20	   1.347	   1.347	   1.313	   1.321	          52500	      1.321	      1.341	      1.447	      1.520	           	      0.000	    525.000	   9767.800	   6420.799	     -0.065	     -0.052	     -0.025	
 2016/01/21	   1.318	   1.318	   1.293	   1.293	        1052300	      1.312	      1.328	      1.431	      1.517	           	      0.000	  10523.000	   5667.400	   7464.999	     -0.066	     -0.055	     -0.022	
 2016/01/22	   1.292	   1.303	   1.284	   1.298	          86500	      1.313	      1.317	      1.416	      1.513	           	      0.000	    865.000	   5710.800	   6943.299	     -0.066	     -0.057	     -0.017	
 2016/01/25	   1.303	   1.303	   1.303	   1.303	         200000	      1.313	      1.314	      1.401	      1.509	           	      0.000	   2000.000	   5922.600	   6654.699	     -0.065	     -0.059	     -0.012	
 2016/01/26	   1.311	   1.311	   1.230	   1.230	        2000800	      1.289	      1.304	      1.384	      1.504	           	      0.000	  20008.000	   6784.200	   8387.301	     -0.069	     -0.061	     -0.016	
 2016/01/27	   1.234	   1.240	   1.188	   1.233	        3216500	      1.271	      1.296	      1.367	      1.500	           	      0.000	  32165.000	  13112.200	  11440.000	     -0.071	     -0.063	     -0.016	
 2016/01/28	   1.231	   1.235	   1.200	   1.203	        4555200	      1.253	      1.283	      1.348	      1.494	           	      0.000	  45552.000	  20118.000	  12892.700	     -0.074	     -0.065	     -0.018	
 2016/01/29	   1.210	   1.245	   1.203	   1.245	        2165900	      1.243	      1.278	      1.331	      1.488	           	      0.000	  21659.000	  24276.801	  14993.800	     -0.073	     -0.066	     -0.012	
 2016/02/01	   1.245	   1.246	   1.220	   1.230	        1296300	      1.228	      1.271	      1.320	      1.482	           	      0.000	  12963.000	  26469.400	  16196.000	     -0.072	     -0.068	     -0.008	
 2016/02/02	   1.242	   1.259	   1.242	   1.256	         568300	      1.233	      1.261	      1.309	      1.476	           	      0.000	   5683.000	  23604.400	  15194.300	     -0.068	     -0.068	     -0.001	
 2016/02/03	   1.255	   1.255	   1.235	   1.254	          34000	      1.238	      1.255	      1.298	      1.470	           	      0.000	    340.000	  17239.400	  15175.800	     -0.065	     -0.067	      0.005	
 2016/02/04	   1.265	   1.271	   1.264	   1.269	        3070900	      1.251	      1.252	      1.290	      1.465	           	      0.000	  30709.000	  14270.800	  17194.400	     -0.060	     -0.066	      0.011	
 2016/02/05	   1.269	   1.276	   1.266	   1.266	        3221700	      1.255	      1.249	      1.283	      1.459	           	      0.000	  32217.000	  16382.400	  20329.600	     -0.056	     -0.064	      0.015	
 2016/02/15	   1.264	   1.264	   1.237	   1.260	        1245500	      1.261	      1.245	      1.280	      1.454	           	      0.000	  12455.000	  16280.800	  21375.100	     -0.053	     -0.062	      0.018	
 2016/02/16	   1.259	   1.298	   1.259	   1.294	        4661474	      1.269	      1.251	      1.277	      1.450	           	      0.000	  46614.738	  24467.148	  24035.773	     -0.047	     -0.059	      0.024	
 2016/02/17	   1.273	   1.303	   1.273	   1.302	          52300	      1.278	      1.258	      1.277	      1.445	           	      0.000	    523.000	  24503.748	  20871.574	     -0.041	     -0.055	      0.028	
 2016/02/18	   1.304	   1.309	   1.298	   1.298	        1536000	      1.284	      1.267	      1.275	      1.441	           	      0.000	  15360.000	  21433.947	  17852.373	     -0.036	     -0.051	      0.030	
 2016/02/19	   1.298	   1.301	   1.298	   1.300	         517000	      1.291	      1.273	      1.275	      1.437	           	      0.000	   5170.000	  16024.548	  16203.474	     -0.032	     -0.047	      0.031	
 2016/02/22	   1.304	   1.328	   1.304	   1.325	        1144500	      1.304	      1.282	      1.276	      1.433	           	      0.000	  11445.000	  15822.548	  16051.674	     -0.026	     -0.043	      0.034	
 2016/02/23	   1.326	   1.330	   1.313	   1.323	        1034600	      1.310	      1.289	      1.275	      1.429	           	      0.000	  10346.000	   8568.800	  16517.975	     -0.022	     -0.039	      0.034	
 2016/02/24	   1.323	   1.340	   1.321	   1.340	        5239600	      1.317	      1.298	      1.276	      1.425	           	      0.000	  52396.000	  18943.400	  21723.574	     -0.016	     -0.034	      0.036	
 2016/02/25	   1.341	   1.341	   1.255	   1.255	        2233600	      1.309	      1.296	      1.274	      1.419	           	      0.000	  22336.000	  20338.600	  20886.273	     -0.019	     -0.031	      0.025	
 2016/02/26	   1.260	   1.276	   1.250	   1.271	        2730600	      1.303	      1.297	      1.273	      1.414	           	      0.000	  27306.000	  24765.801	  20395.174	     -0.019	     -0.029	      0.019	
 2016/02/29	   1.270	   1.298	   1.220	   1.238	         590100	      1.285	      1.295	      1.270	      1.409	           	      0.000	   5901.000	  23657.000	  19739.773	     -0.022	     -0.028	      0.011	
 2016/03/01	   1.242	   1.258	   1.235	   1.258	        1586600	      1.272	      1.291	      1.271	      1.405	           	      0.000	  15866.000	  24761.000	  16664.900	     -0.023	     -0.027	      0.008	
 2016/03/02	   1.268	   1.305	   1.267	   1.305	        2074600	      1.265	      1.291	      1.275	      1.401	           	      0.000	  20746.000	  18431.000	  18687.199	     -0.019	     -0.025	      0.012	
 2016/03/03	   1.305	   1.321	   1.305	   1.319	        2063500	      1.278	      1.293	      1.280	      1.397	           	      0.000	  20635.000	  18090.801	  19214.699	     -0.015	     -0.023	      0.017	
 2016/03/04	   1.319	   1.351	   1.304	   1.345	        2688300	      1.293	      1.298	      1.285	      1.393	           	      0.000	  26883.000	  18006.199	  21386.000	     -0.009	     -0.020	      0.022	
 2016/03/07	   1.348	   1.360	   1.339	   1.345	        2538701	      1.314	      1.300	      1.291	      1.390	           	      0.000	  25387.010	  21903.402	  22780.201	     -0.004	     -0.017	      0.025	
 2016/03/08	   1.346	   1.346	   1.307	   1.339	        4681200	      1.331	      1.301	      1.295	      1.386	           	      0.000	  46812.000	  28092.602	  26426.801	     -0.001	     -0.014	      0.025	
 2016/03/09	   1.339	   1.339	   1.310	   1.321	        5073300	      1.334	      1.300	      1.299	      1.383	           	      0.000	  50733.000	  34090.000	  26260.500	     -0.000	     -0.011	      0.022	
 2016/03/10	   1.330	   1.337	   1.320	   1.320	        4081200	      1.334	      1.306	      1.301	      1.379	           	      0.000	  40812.000	  38125.402	  28108.102	      0.000	     -0.009	      0.018	
 2016/03/11	   1.313	   1.313	   1.299	   1.310	        1733100	      1.327	      1.310	      1.303	      1.376	           	      0.000	  17331.000	  36215.000	  27110.602	      0.000	     -0.007	      0.014	
 2016/03/14	   1.313	   1.345	   1.313	   1.320	        1435800	      1.322	      1.318	      1.306	      1.373	           	      0.000	  14358.000	  34009.199	  27956.301	      0.001	     -0.006	      0.012	
 2016/03/15	   1.318	   1.347	   1.316	   1.347	        1528200	      1.324	      1.327	      1.309	      1.370	           	      0.000	  15282.000	  27703.199	  27897.900	      0.003	     -0.004	      0.014	
 2016/03/16	   1.342	   1.352	   1.333	   1.340	        2552500	      1.327	      1.331	      1.311	      1.367	           	      0.000	  25525.000	  22661.600	  28375.801	      0.005	     -0.002	      0.014	
 2016/03/17	   1.336	   1.360	   1.336	   1.344	        3572500	      1.332	      1.333	      1.313	      1.364	           	      0.000	  35725.000	  21644.199	  29884.801	      0.006	     -0.000	      0.013	
 2016/03/18	   1.349	   1.375	   1.349	   1.360	        6400200	      1.342	      1.335	      1.316	      1.361	           	      0.000	  64002.000	  30978.400	  33596.699	      0.008	      0.001	      0.014	
 2016/03/21	   1.375	   1.390	   1.370	   1.388	        8220300	      1.356	      1.339	      1.319	      1.358	           	      0.000	  82203.000	  44547.398	  39278.301	      0.012	      0.004	      0.018	
 2016/03/22	   1.386	   1.396	   1.377	   1.383	        4832038	      1.363	      1.343	      1.322	      1.354	           	      0.000	  48320.379	  51155.074	  39429.137	      0.015	      0.006	      0.018	
 2016/03/23	   1.389	   1.389	   1.375	   1.375	        1523000	      1.370	      1.349	      1.324	      1.349	           	      0.000	  15230.000	  49096.074	  35878.836	      0.016	      0.008	      0.016	
 2016/03/24	   1.385	   1.390	   1.370	   1.379	        3146300	      1.377	      1.355	      1.330	      1.345	           	      0.000	  31463.000	  48243.676	  34943.938	      0.017	      0.010	      0.015	
 2016/03/25	   1.376	   1.410	   1.376	   1.386	         925400	      1.382	      1.362	      1.336	      1.342	           	      0.000	   9254.000	  37294.074	  34136.238	      0.018	      0.011	      0.014	
 2016/03/28	   1.393	   1.423	   1.393	   1.401	         442900	      1.385	      1.370	      1.344	      1.338	           	      0.000	   4429.000	  21739.275	  33143.336	      0.020	      0.013	      0.014	
 2016/03/29	   1.397	   1.397	   1.372	   1.372	         746000	      1.383	      1.373	      1.350	      1.335	           	      0.000	   7460.000	  13567.200	  32361.139	      0.019	      0.014	      0.010	
 2016/03/30	   1.372	   1.405	   1.372	   1.405	        1526300	      1.389	      1.379	      1.355	      1.332	           	      0.000	  15263.000	  13573.800	  31334.938	      0.021	      0.016	      0.010	
 2016/03/31	   1.405	   1.413	   1.401	   1.407	        2137300	      1.394	      1.386	      1.359	      1.329	           	      0.000	  21373.000	  11555.800	  29899.738	      0.022	      0.017	      0.010	
 2016/04/01	   1.405	   1.405	   1.383	   1.397	        1656800	      1.396	      1.389	      1.362	      1.326	           	      0.000	  16568.000	  13018.600	  25156.338	      0.022	      0.018	      0.008	
 2016/04/05	   1.397	   1.417	   1.397	   1.413	        2016200	      1.399	      1.392	      1.365	      1.325	           	      0.000	  20162.000	  16165.200	  18952.238	      0.023	      0.019	      0.008	
 2016/04/06	   1.415	   1.429	   1.415	   1.426	        3522400	      1.410	      1.396	      1.370	      1.325	           	      0.000	  35224.000	  21718.000	  17642.600	      0.024	      0.020	      0.009	
 2016/04/07	   1.424	   1.426	   1.408	   1.409	        1860000	      1.410	      1.400	      1.374	      1.324	           	      0.000	  18600.000	  22385.400	  17979.600	      0.024	      0.021	      0.006	
 2016/04/08	   1.403	   1.403	   1.380	   1.394	         526200	      1.408	      1.401	      1.378	      1.323	           	      0.000	   5262.000	  19163.199	  15359.500	      0.022	      0.021	      0.002	
 2016/04/11	   1.395	   1.410	   1.395	   1.405	         540900	      1.409	      1.403	      1.383	      1.323	           	      0.000	   5409.000	  16931.400	  14975.000	      0.021	      0.021	      0.000	
 2016/04/12	   1.404	   1.404	   1.394	   1.397	         514400	      1.406	      1.403	      1.386	      1.324	           	      0.000	   5144.000	  13927.800	  15046.500	      0.020	      0.021	     -0.002	
 2016/04/13	   1.397	   1.424	   1.397	   1.408	         638300	      1.403	      1.406	      1.389	      1.325	           	      0.000	   6383.000	   8159.600	  14938.800	      0.019	      0.021	     -0.003	
 2016/04/14	   1.406	   1.414	   1.404	   1.411	        1664800	      1.403	      1.407	      1.393	      1.327	           	      0.000	  16648.000	   7769.200	  15077.300	      0.019	      0.020	     -0.003	
 2016/04/15	   1.409	   1.411	   1.404	   1.410	         150600	      1.406	      1.407	      1.396	      1.328	           	      0.000	   1506.000	   7018.000	  13090.600	      0.018	      0.020	     -0.003	
 2016/04/18	   1.410	   1.410	   1.394	   1.396	        1251800	      1.404	      1.407	      1.398	      1.330	           	      0.000	  12518.000	   8439.800	  12685.600	      0.016	      0.019	     -0.005	
 2016/04/19	   1.400	   1.406	   1.397	   1.397	        1719600	      1.404	      1.405	      1.399	      1.331	           	      0.000	  17196.000	  10850.200	  12389.000	      0.015	      0.018	     -0.007	
 2016/04/20	   1.391	   1.391	   1.343	   1.366	        1046800	      1.396	      1.399	      1.398	      1.332	           	      0.000	  10468.000	  11667.200	   9913.400	      0.011	      0.017	     -0.012	
 2016/04/21	   1.362	   1.369	   1.355	   1.355	        2104000	      1.385	      1.394	      1.397	      1.332	           	      0.000	  21040.000	  12545.600	  10157.400	      0.007	      0.015	     -0.016	
 2016/04/22	   1.362	   1.363	   1.359	   1.360	        1107300	      1.375	      1.390	      1.396	      1.333	           	      0.000	  11073.000	  14459.000	  10738.500	      0.004	      0.013	     -0.017	
 2016/04/25	   1.350	   1.364	   1.350	   1.362	         571400	      1.368	      1.386	      1.395	      1.334	           	      0.000	   5714.000	  13098.200	  10769.000	      0.002	      0.011	     -0.017	
 2016/04/26	   1.362	   1.369	   1.357	   1.369	        3244400	      1.362	      1.383	      1.393	      1.336	           	      0.000	  32444.000	  16147.800	  13499.000	      0.001	      0.009	     -0.015	
 2016/04/27	   1.374	   1.375	   1.367	   1.367	        4676086	      1.363	      1.379	      1.393	      1.338	           	      0.000	  46760.859	  23406.371	  17536.785	      0.000	      0.007	     -0.014	
 2016/04/28	   1.367	   1.375	   1.364	   1.371	        1030300	      1.366	      1.375	      1.391	      1.340	           	      0.000	  10303.000	  21258.973	  16902.285	     -0.000	      0.005	     -0.012	
 2016/04/29	   1.379	   1.404	   1.379	   1.398	        3536800	      1.373	      1.374	      1.391	      1.343	           	      0.000	  35368.000	  26117.973	  20288.486	      0.001	      0.005	     -0.007	
 2016/05/03	   1.398	   1.443	   1.398	   1.443	        2411700	      1.390	      1.379	      1.393	      1.347	           	      0.000	  24117.000	  29798.572	  21448.387	      0.006	      0.005	      0.003	
 2016/05/04	   1.455	   1.455	   1.434	   1.435	        2411400	      1.403	      1.383	      1.394	      1.350	           	      0.000	  24114.000	  28132.572	  22140.186	      0.009	      0.006	      0.007	
 2016/05/05	   1.440	   1.443	   1.435	   1.440	        2543700	      1.417	      1.390	      1.395	      1.353	           	      0.000	  25437.000	  23867.801	  23637.086	      0.012	      0.007	      0.010	
 2016/05/06	   1.448	   1.448	   1.402	   1.402	        3934401	      1.424	      1.395	      1.394	      1.356	           	      0.000	  39344.012	  29676.002	  25467.486	      0.011	      0.008	      0.007	
 2016/05/09	   1.400	   1.400	   1.380	   1.381	        1726200	      1.420	      1.397	      1.394	      1.358	           	      0.000	  17262.000	  26054.803	  26086.387	      0.009	      0.008	      0.001	
 2016/05/10	   1.383	   1.464	   1.378	   1.402	        6358000	      1.412	      1.401	      1.393	      1.360	           	      0.000	  63580.000	  33947.402	  31872.986	      0.008	      0.008	      0.000	
 2016/05/11	   1.402	   1.451	   1.402	   1.432	        7721300	      1.411	      1.407	      1.395	      1.363	           	      0.000	  77213.000	  44567.203	  36349.887	      0.010	      0.009	      0.003	
 2016/05/12	   1.427	   1.427	   1.337	   1.422	        2719300	      1.408	      1.413	      1.396	      1.365	           	      0.000	  27193.000	  44918.402	  34393.102	      0.011	      0.009	      0.004	
 2016/05/13	   1.422	   1.444	   1.405	   1.408	        1709400	      1.409	      1.416	      1.396	      1.367	           	      0.000	  17094.000	  40468.398	  35072.203	      0.010	      0.009	      0.002	
 2016/05/16	   1.403	   1.424	   1.400	   1.424	        2682600	      1.418	      1.419	      1.396	      1.369	           	      0.000	  26826.000	  42381.199	  34218.000	      0.011	      0.009	      0.002	
 2016/05/17	   1.427	   1.427	   1.413	   1.421	        1663500	      1.421	      1.417	      1.398	      1.371	           	      0.000	  16635.000	  32992.199	  33469.801	      0.011	      0.010	      0.002	
 2016/05/18	   1.400	   1.404	   1.383	   1.389	          84100	      1.413	      1.412	      1.397	      1.372	           	      0.000	    841.000	  17717.801	  31142.502	      0.008	      0.009	     -0.003	
 2016/05/19	   1.391	   1.404	   1.391	   1.391	        2025800	      1.407	      1.407	      1.399	      1.373	           	      0.000	  20258.000	  16330.800	  30624.602	      0.006	      0.009	     -0.005	
 2016/05/20	   1.383	   1.400	   1.383	   1.397	        8014700	      1.404	      1.407	      1.401	      1.374	           	      0.000	  80147.000	  28941.400	  34704.898	      0.005	      0.008	     -0.006	
 2016/05/23	   1.401	   1.420	   1.401	   1.412	        1929000	      1.402	      1.410	      1.403	      1.376	           	      0.000	  19290.000	  27434.199	  34907.699	      0.005	      0.007	     -0.004	
 2016/05/24	   1.412	   1.412	   1.391	   1.400	        3943800	      1.398	      1.410	      1.405	      1.379	           	      0.000	  39438.000	  31994.801	  32493.500	      0.004	      0.007	     -0.005	
 2016/05/25	   1.406	   1.415	   1.390	   1.399	        6519600	      1.400	      1.406	      1.407	      1.381	           	      0.000	  65196.000	  44865.801	  31291.801	      0.004	      0.006	     -0.005	
 2016/05/26	   1.394	   1.394	   1.369	   1.382	        6062300	      1.398	      1.402	      1.407	      1.383	           	      0.000	  60623.000	  52938.801	  34634.801	      0.002	      0.005	     -0.007	
 2016/05/27	   1.388	   1.388	   1.378	   1.385	          54100	      1.396	      1.400	      1.408	      1.385	           	      0.000	    541.000	  37017.602	  32979.500	      0.000	      0.004	     -0.008	
 2016/05/30	   1.389	   1.389	   1.367	   1.385	        1543300	      1.390	      1.396	      1.408	      1.386	           	      0.000	  15433.000	  36246.199	  31840.199	     -0.001	      0.003	     -0.008	
 2016/05/31	   1.383	   1.432	   1.383	   1.432	        2147365	      1.397	      1.397	      1.407	      1.387	           	      0.000	  21473.650	  32653.330	  32324.064	      0.002	      0.003	     -0.002	
 2016/06/01	   1.430	   1.433	   1.425	   1.433	        1576800	      1.403	      1.402	      1.407	      1.389	           	      0.000	  15768.000	  22767.730	  33816.766	      0.004	      0.003	      0.002	
 2016/06/02	   1.434	   1.440	   1.433	   1.440	        3907700	      1.415	      1.406	      1.407	      1.390	           	      0.000	  39077.000	  18458.529	  35698.664	      0.007	      0.004	      0.006	
 2016/06/03	   1.448	   1.486	   1.446	   1.481	        8325900	      1.434	      1.415	      1.411	      1.393	           	      0.000	  83259.000	  35002.129	  36009.863	      0.012	      0.006	      0.013	
 2016/06/06	   1.478	   1.478	   1.455	   1.458	        1294400	      1.449	      1.419	      1.415	      1.395	           	      0.000	  12944.000	  34504.328	  35375.266	      0.014	      0.007	      0.013	
 2016/06/07	   1.460	   1.467	   1.458	   1.462	        1179200	      1.455	      1.426	      1.418	      1.398	           	      0.000	  11792.000	  32568.000	  32610.664	      0.016	      0.009	      0.013	
 2016/06/08	   1.464	   1.464	   1.450	   1.455	         218967	      1.459	      1.431	      1.419	      1.400	           	      0.000	   2189.670	  29852.334	  26310.031	      0.016	      0.010	      0.012	
 2016/06/13	   1.448	   1.450	   1.420	   1.420	         829800	      1.455	      1.435	      1.419	      1.401	           	      0.000	   8298.000	  23696.533	  21077.531	      0.014	      0.011	      0.005	
 2016/06/14	   1.414	   1.427	   1.408	   1.420	        1301200	      1.443	      1.439	      1.419	      1.403	           	      0.000	  13012.000	   9647.134	  22324.633	      0.012	      0.011	      0.001	
 2016/06/15	   1.420	   1.456	   1.420	   1.452	        1037500	      1.442	      1.445	      1.421	      1.405	           	      0.000	  10375.000	   9133.334	  21818.832	      0.012	      0.011	      0.002	
 2016/06/16	   1.447	   1.447	   1.440	   1.440	           9700	      1.437	      1.446	      1.422	      1.406	           	      0.000	     97.000	   6794.334	  19681.168	      0.012	      0.011	      0.001	
 2016/06/17	   1.454	   1.456	   1.441	   1.446	        1009200	      1.436	      1.447	      1.424	      1.407	           	      0.000	  10092.000	   8374.800	  19113.566	      0.012	      0.011	      0.000	
 2016/06/20	   1.446	   1.448	   1.440	   1.443	         517000	      1.440	      1.448	      1.427	      1.408	           	      0.000	   5170.000	   7749.200	  15722.867	      0.011	      0.011	     -0.000	
 2016/06/21	   1.455	   1.457	   1.436	   1.436	         547100	      1.443	      1.443	      1.429	      1.409	           	      0.000	   5471.000	   6241.000	   7944.067	      0.010	      0.011	     -0.002	
 2016/06/22	   1.436	   1.450	   1.430	   1.450	       10750300	      1.443	      1.442	      1.431	      1.410	           	      0.000	 107503.000	  25666.600	  17399.967	      0.011	      0.011	     -0.001	
 2016/06/23	   1.445	   1.445	   1.428	   1.438	         142800	      1.443	      1.440	      1.433	      1.411	           	      0.000	   1428.000	  25932.801	  16363.567	      0.010	      0.011	     -0.002	
 2016/06/24	   1.438	   1.438	   1.410	   1.420	         650600	      1.437	      1.436	      1.434	      1.411	           	      0.000	   6506.000	  25215.600	  16795.199	      0.007	      0.010	     -0.006	
 2016/06/27	   1.419	   1.449	   1.419	   1.444	         405700	      1.438	      1.439	      1.437	      1.412	           	      0.000	   4057.000	  24993.000	  16371.100	      0.007	      0.010	     -0.004	
 2016/06/28	   1.453	   1.460	   1.448	   1.458	        1672700	      1.442	      1.443	      1.441	      1.413	           	      0.000	  16727.000	  27244.199	  16742.600	      0.008	      0.009	     -0.002	
 2016/06/29	   1.461	   1.466	   1.457	   1.462	         536500	      1.444	      1.444	      1.444	      1.414	           	      0.000	   5365.000	   6816.600	  16241.600	      0.010	      0.009	      0.000	
 2016/06/30	   1.469	   1.478	   1.469	   1.473	        1581500	      1.451	      1.447	      1.447	      1.415	           	      0.000	  15815.000	   9694.000	  17813.400	      0.011	      0.010	      0.003	
 2016/07/01	   1.473	   1.485	   1.473	   1.478	         323400	      1.463	      1.450	      1.449	      1.417	           	      0.000	   3234.000	   9039.600	  17127.600	      0.013	      0.010	      0.005	
 2016/07/04	   1.477	   1.507	   1.475	   1.501	         730900	      1.474	      1.456	      1.452	      1.418	           	      0.000	   7309.000	   9690.000	  17341.500	      0.016	      0.011	      0.008	
 2016/07/05	   1.511	   1.516	   1.506	   1.513	         524900	      1.485	      1.464	      1.453	      1.420	           	      0.000	   5249.000	   7394.400	  17319.301	      0.019	      0.013	      0.012	
 2016/07/06	   1.507	   1.534	   1.500	   1.534	        1247000	      1.500	      1.472	      1.457	      1.422	           	      0.000	  12470.000	   8815.400	   7816.000	      0.022	      0.015	      0.015	
 2016/07/07	   1.543	   1.564	   1.543	   1.558	        3280800	      1.517	      1.484	      1.462	      1.424	           	      0.000	  32808.000	  12214.000	  10954.000	      0.027	      0.017	      0.020	
 2016/07/08	   1.550	   1.551	   1.538	   1.540	        1129057	      1.529	      1.496	      1.466	      1.427	           	      0.000	  11290.570	  13825.314	  11432.457	      0.029	      0.020	      0.019	
 2016/07/11	   1.549	   1.600	   1.548	   1.564	        4008100	      1.542	      1.508	      1.474	      1.429	           	      0.000	  40081.000	  20379.715	  15034.857	      0.032	      0.022	      0.020	
 2016/07/12	   1.565	   1.614	   1.565	   1.613	        4285700	      1.562	      1.524	      1.483	      1.433	           	      0.000	  42857.000	  27901.314	  17647.857	      0.038	      0.025	      0.026	
 2016/07/13	   1.613	   1.613	   1.593	   1.600	         788400	      1.575	      1.537	      1.491	      1.436	           	      0.000	   7884.000	  26984.113	  17899.758	      0.041	      0.029	      0.026	
 2016/07/14	   1.591	   1.610	   1.591	   1.591	        2056300	      1.582	      1.549	      1.498	      1.439	           	      0.000	  20563.000	  24535.113	  18374.557	      0.043	      0.031	      0.023	
 2016/07/15	   1.600	   1.604	   1.593	   1.601	         619100	      1.594	      1.561	      1.506	      1.443	           	      0.000	   6191.000	  23515.199	  18670.258	      0.044	      0.034	      0.020	
 2016/07/18	   1.599	   1.599	   1.586	   1.591	        1120100	      1.599	      1.571	      1.513	      1.446	           	      0.000	  11201.000	  17739.199	  19059.457	      0.044	      0.036	      0.016	
 2016/07/19	   1.582	   1.582	   1.556	   1.567	        1079400	      1.590	      1.576	      1.520	      1.450	           	      0.000	  10794.000	  11326.600	  19613.957	      0.041	      0.037	      0.008	
 2016/07/20	   1.575	   1.586	   1.572	   1.580	        2093600	      1.586	      1.581	      1.526	      1.454	           	      0.000	  20936.000	  13937.000	  20460.557	      0.040	      0.037	      0.004	
 2016/07/21	   1.584	   1.596	   1.581	   1.585	        1030300	      1.585	      1.583	      1.534	      1.457	           	      0.000	  10303.000	  11885.000	  18210.057	      0.038	      0.038	      0.002	
 2016/07/22	   1.585	   1.585	   1.556	   1.556	        2261700	      1.576	      1.585	      1.540	      1.460	           	      0.000	  22617.000	  15170.200	  19342.699	      0.035	      0.037	     -0.005	
 2016/07/25	   1.574	   1.577	   1.562	   1.566	        1009557	      1.571	      1.585	      1.547	      1.464	           	      0.000	  10095.570	  14949.114	  16344.157	      0.032	      0.036	     -0.008	
 2016/07/26	   1.566	   1.602	   1.566	   1.602	        4588400	      1.578	      1.584	      1.554	      1.468	           	      0.000	  45884.000	  21967.113	  16646.857	      0.033	      0.035	     -0.005	
 2016/07/27	   1.604	   1.615	   1.538	   1.575	        6618500	      1.577	      1.581	      1.559	      1.470	           	      0.000	  66185.000	  31016.914	  22476.957	      0.031	      0.034	     -0.008	
 2016/07/28	   1.563	   1.599	   1.562	   1.599	        7836900	      1.580	      1.582	      1.566	      1.473	           	      0.000	  78369.000	  44630.113	  28257.557	      0.031	      0.034	     -0.006	
 2016/07/29	   1.593	   1.605	   1.585	   1.590	        2851100	      1.586	      1.581	      1.571	      1.476	           	      0.000	  28511.000	  45808.914	  30489.557	      0.029	      0.033	     -0.007	
 2016/08/01	   1.557	   1.590	   1.550	   1.560	        2330800	      1.585	      1.578	      1.574	      1.478	           	      0.000	  23308.000	  48451.398	  31700.258	      0.026	      0.031	     -0.011	
 2016/08/02	   1.560	   1.560	   1.541	   1.551	         663700	      1.575	      1.576	      1.576	      1.480	           	      0.000	   6637.000	  40602.000	  31284.557	      0.022	      0.030	     -0.015	
 2016/08/03	   1.553	   1.590	   1.553	   1.562	        7142200	      1.572	      1.575	      1.578	      1.483	           	      0.000	  71422.000	  41649.398	  36333.156	      0.020	      0.028	     -0.016	
 2016/08/04	   1.572	   1.572	   1.556	   1.560	        2216000	      1.565	      1.572	      1.578	      1.486	           	      0.000	  22160.000	  30407.600	  37518.855	      0.017	      0.026	     -0.016	
 2016/08/05	   1.560	   1.571	   1.560	   1.565	        1021400	      1.560	      1.573	      1.579	      1.488	           	      0.000	  10214.000	  26748.199	  36278.559	      0.016	      0.024	     -0.016	
 2016/08/08	   1.555	   1.567	   1.555	   1.567	         764000	      1.561	      1.573	      1.579	      1.490	           	      0.000	   7640.000	  23614.600	  36033.000	      0.015	      0.022	     -0.014	
 2016/08/09	   1.567	   1.590	   1.567	   1.590	        1307500	      1.569	      1.572	      1.578	      1.493	           	      0.000	  13075.000	  24902.199	  32752.100	      0.015	      0.020	     -0.010	
 2016/08/10	   1.585	   1.585	   1.574	   1.577	         335100	      1.572	      1.572	      1.577	      1.496	           	      0.000	   3351.000	  11288.000	  26468.699	      0.015	      0.019	     -0.009	
 2016/08/11	   1.575	   1.582	   1.568	   1.568	          27400	      1.573	      1.569	      1.576	      1.498	           	      0.000	    274.000	   6910.800	  18659.199	      0.013	      0.018	     -0.010	
 2016/08/12	   1.569	   1.576	   1.560	   1.576	        1337900	      1.576	      1.568	      1.574	      1.502	           	      0.000	  13379.000	   7543.800	  17146.000	      0.013	      0.017	     -0.009	
 2016/08/15	   1.581	   1.611	   1.580	   1.606	         259900	      1.583	      1.572	      1.575	      1.505	           	      0.000	   2599.000	   6535.600	  15075.100	      0.014	      0.016	     -0.004	
 2016/08/16	   1.600	   1.616	   1.596	   1.598	         427700	      1.585	      1.577	      1.577	      1.508	           	      0.000	   4277.000	   4776.000	  14839.100	      0.015	      0.016	     -0.002	
 2016/08/17	   1.590	   1.600	   1.586	   1.597	         296200	      1.589	      1.580	      1.577	      1.512	           	      0.000	   2962.000	   4698.200	   7993.100	      0.015	      0.016	     -0.002	
 2016/08/18	   1.605	   1.605	   1.580	   1.585	         118096	      1.592	      1.583	      1.577	      1.515	           	      0.000	   1180.960	   4879.592	   5895.196	      0.014	      0.016	     -0.003	
 2016/08/19	   1.579	   1.586	   1.577	   1.580	          21600	      1.593	      1.584	      1.579	      1.518	           	      0.000	    216.000	   2246.992	   4895.396	      0.013	      0.015	     -0.004	
 2016/08/22	   1.591	   1.597	   1.583	   1.583	        2017500	      1.589	      1.586	      1.580	      1.521	           	      0.000	  20175.000	   5762.192	   6148.896	      0.012	      0.014	     -0.005	
 2016/08/23	   1.583	   1.589	   1.582	   1.588	         181600	      1.587	      1.586	      1.579	      1.524	           	      0.000	   1816.000	   5269.992	   5022.996	      0.011	      0.014	     -0.005	
 2016/08/24	   1.590	   1.594	   1.577	   1.581	         528000	      1.583	      1.586	      1.579	      1.528	           	      0.000	   5280.000	   5733.592	   5215.896	      0.010	      0.013	     -0.006	
 2016/08/25	   1.571	   1.581	   1.559	   1.578	         605900	      1.582	      1.587	      1.578	      1.530	           	      0.000	   6059.000	   6709.200	   5794.396	      0.009	      0.012	     -0.006	
 2016/08/26	   1.578	   1.583	   1.576	   1.576	           4000	      1.581	      1.587	      1.577	      1.533	           	      0.000	     40.000	   6674.000	   4460.496	      0.008	      0.011	     -0.007	
 2016/08/29	   1.571	   1.576	   1.561	   1.564	          72800	      1.577	      1.583	      1.578	      1.535	           	      0.000	    728.000	   2784.600	   4273.396	      0.006	      0.010	     -0.009	
 2016/08/30	   1.570	   1.570	   1.555	   1.561	          18100	      1.572	      1.579	      1.578	      1.536	           	      0.000	    181.000	   2457.600	   3863.796	      0.004	      0.009	     -0.010	
 2016/08/31	   1.558	   1.568	   1.558	   1.564	         888000	      1.569	      1.576	      1.578	      1.538	           	      0.000	   8880.000	   3177.600	   4455.596	      0.003	      0.008	     -0.010	
 2016/09/01	   1.573	   1.575	   1.563	   1.563	         698800	      1.566	      1.574	      1.578	      1.539	           	      0.000	   6988.000	   3363.400	   5036.300	      0.002	      0.007	     -0.010	
 2016/09/02	   1.558	   1.563	   1.551	   1.558	         240100	      1.562	      1.572	      1.578	      1.541	           	      0.000	   2401.000	   3835.600	   5254.800	      0.000	      0.005	     -0.010	
 2016/09/05	   1.561	   1.568	   1.560	   1.562	         170700	      1.562	      1.569	      1.578	      1.543	           	      0.000	   1707.000	   4031.400	   3408.000	     -0.000	      0.004	     -0.009	
 2016/09/06	   1.561	   1.577	   1.557	   1.577	         189500	      1.565	      1.568	      1.577	      1.546	           	      0.000	   1895.000	   4374.200	   3415.900	      0.000	      0.004	     -0.006	
 2016/09/07	   1.580	   1.580	   1.570	   1.570	         187000	      1.566	      1.567	      1.577	      1.548	           	      0.000	   1870.000	   2972.200	   3074.900	      0.000	      0.003	     -0.005	
 2016/09/08	   1.566	   1.567	   1.563	   1.563	         721700	      1.566	      1.566	      1.576	      1.550	           	      0.000	   7217.000	   3018.000	   3190.700	     -0.000	      0.002	     -0.005	
 2016/09/09	   1.569	   1.571	   1.557	   1.557	          48100	      1.566	      1.564	      1.576	      1.552	           	      0.000	    481.000	   2634.000	   3234.800	     -0.001	      0.002	     -0.005	
 2016/09/12	   1.533	   1.538	   1.523	   1.527	        1043300	      1.559	      1.560	      1.572	      1.553	           	      0.000	  10433.000	   4379.200	   4205.300	     -0.004	      0.000	     -0.009	
 2016/09/13	   1.539	   1.539	   1.528	   1.528	         107700	      1.549	      1.557	      1.568	      1.555	           	      0.000	   1077.000	   4215.600	   4294.900	     -0.007	     -0.001	     -0.011	
 2016/09/14	   1.528	   1.536	   1.528	   1.531	          26700	      1.541	      1.554	      1.565	      1.556	           	      0.000	    267.000	   3895.000	   3433.600	     -0.008	     -0.002	     -0.011	
 2016/09/19	   1.540	   1.540	   1.536	   1.540	         717700	      1.537	      1.551	      1.563	      1.558	           	      0.000	   7177.000	   3887.000	   3452.500	     -0.008	     -0.004	     -0.010	
 2016/09/20	   1.538	   1.540	   1.532	   1.539	         740100	      1.533	      1.549	      1.561	      1.560	           	      0.000	   7401.000	   5271.000	   3952.500	     -0.009	     -0.005	     -0.008	
 2016/09/21	   1.531	   1.540	   1.527	   1.538	        9419208	      1.535	      1.547	      1.558	      1.561	           	      0.000	  94192.078	  22022.816	  13201.008	     -0.009	     -0.005	     -0.007	
 2016/09/22	   1.543	   1.557	   1.540	   1.555	        4709510	      1.541	      1.545	      1.557	      1.563	           	      0.000	  47095.102	  31226.436	  17721.018	     -0.008	     -0.006	     -0.003	
 2016/09/23	   1.555	   1.555	   1.548	   1.550	        3211510	      1.544	      1.543	      1.555	      1.565	           	      0.000	  32115.100	  37596.055	  20745.527	     -0.007	     -0.006	     -0.002	
 2016/09/26	   1.547	   1.547	   1.522	   1.523	        2955200	      1.541	      1.539	      1.552	      1.565	           	      0.000	  29552.000	  42071.055	  22979.027	     -0.008	     -0.007	     -0.004	
 2016/09/27	   1.519	   1.524	   1.516	   1.521	         782300	      1.537	      1.535	      1.550	      1.566	           	      0.000	   7823.000	  42155.457	  23713.229	     -0.010	     -0.007	     -0.005	
 2016/09/28	   1.522	   1.528	   1.522	   1.526	         503700	      1.535	      1.535	      1.548	      1.566	           	      0.000	   5037.000	  24324.439	  23173.629	     -0.010	     -0.008	     -0.005	
 2016/09/29	   1.520	   1.532	   1.520	   1.525	        2284500	      1.529	      1.535	      1.546	      1.567	           	      0.000	  22845.000	  19474.420	  25350.428	     -0.010	     -0.008	     -0.004	
 2016/09/30	   1.526	   1.538	   1.524	   1.536	        2306600	      1.526	      1.535	      1.544	      1.567	           	      0.000	  23066.000	  17664.600	  27630.328	     -0.010	     -0.009	     -0.002	
 2016/10/10	   1.563	   1.563	   1.533	   1.561	        2530900	      1.534	      1.537	      1.544	      1.567	           	      0.000	  25309.000	  16816.000	  29443.527	     -0.007	     -0.008	      0.002	
 2016/10/11	   1.566	   1.571	   1.563	   1.571	         291100	      1.544	      1.541	      1.545	      1.567	           	      0.000	   2911.000	  15833.600	  28994.527	     -0.004	     -0.007	      0.007	
 2016/10/12	   1.571	   1.573	   1.570	   1.570	           7100	      1.553	      1.544	      1.545	      1.567	           	      0.000	     71.000	  14840.400	  19582.420	     -0.002	     -0.006	      0.009	
 2016/10/13	   1.566	   1.573	   1.566	   1.573	          19600	      1.562	      1.546	      1.545	      1.567	           	      0.000	    196.000	  10310.600	  14892.510	      0.000	     -0.005	      0.011	
 2016/10/14	   1.566	   1.575	   1.563	   1.570	        4261200	      1.569	      1.548	      1.545	      1.566	           	      0.000	  42612.000	  14219.800	  15942.200	      0.002	     -0.004	      0.011	
 2016/10/17	   1.574	   1.574	   1.560	   1.564	        2453300	      1.570	      1.552	      1.545	      1.566	           	      0.000	  24533.000	  14064.600	  15440.300	      0.002	     -0.002	      0.009	
 2016/10/18	   1.554	   1.585	   1.554	   1.584	        3878600	      1.572	      1.558	      1.547	      1.566	           	      0.000	  38786.000	  21239.600	  18536.600	      0.004	     -0.001	      0.011	
 2016/10/19	   1.583	   1.585	   1.578	   1.580	         880397	      1.574	      1.563	      1.549	      1.565	           	      0.000	   8803.970	  22986.193	  18913.297	      0.005	      0.000	      0.011	
 2016/10/20	   1.580	   1.582	   1.575	   1.578	         173500	      1.575	      1.569	      1.552	      1.566	           	      0.000	   1735.000	  23293.994	  16802.297	      0.006	      0.001	      0.010	
 2016/10/21	   1.573	   1.577	   1.566	   1.568	        2710100	      1.575	      1.572	      1.554	      1.565	           	      0.000	  27101.000	  20191.793	  17205.797	      0.006	      0.002	      0.007	
 2016/10/24	   1.574	   1.610	   1.571	   1.582	        3857500	      1.578	      1.574	      1.556	      1.565	           	      0.000	  38575.000	  23000.193	  18532.396	      0.007	      0.003	      0.007	
 2016/10/25	   1.580	   1.595	   1.580	   1.593	        1606000	      1.580	      1.576	      1.558	      1.566	           	      0.000	  16060.000	  18454.994	  19847.297	      0.008	      0.004	      0.008	
 2016/10/26	   1.581	   1.610	   1.561	   1.609	        2416924	      1.586	      1.580	      1.562	      1.567	           	      0.000	  24169.240	  21528.049	  22257.121	      0.010	      0.005	      0.010	
 2016/10/27	   1.587	   1.607	   1.587	   1.605	         909600	      1.591	      1.583	      1.564	      1.567	           	      0.000	   9096.000	  23000.248	  23147.121	      0.012	      0.007	      0.010	
 2016/10/28	   1.604	   1.608	   1.595	   1.600	         572400	      1.598	      1.586	      1.567	      1.567	           	      0.000	   5724.000	  18724.848	  19458.320	      0.012	      0.008	      0.009	
 2016/10/31	   1.596	   1.603	   1.594	   1.603	        1700100	      1.602	      1.590	      1.571	      1.567	           	      0.000	  17001.000	  14410.048	  18705.121	      0.013	      0.009	      0.008	
 2016/11/01	   1.603	   1.614	   1.601	   1.614	        1666200	      1.606	      1.593	      1.576	      1.568	           	      0.000	  16662.000	  14530.448	  16492.721	      0.014	      0.010	      0.008	
 2016/11/02	   1.606	   1.611	   1.603	   1.609	        1008100	      1.606	      1.596	      1.580	      1.568	           	      0.000	  10081.000	  11712.800	  16620.424	      0.014	      0.011	      0.007	
 2016/11/03	   1.602	   1.611	   1.602	   1.611	         763500	      1.607	      1.599	      1.584	      1.569	           	      0.000	   7635.000	  11420.600	  17210.424	      0.015	      0.012	      0.006	
 2016/11/04	   1.611	   1.617	   1.608	   1.608	         397000	      1.609	      1.603	      1.588	      1.570	           	      0.000	   3970.000	  11069.800	  14897.324	      0.014	      0.012	      0.005	
 2016/11/07	   1.608	   1.609	   1.602	   1.607	          44500	      1.610	      1.606	      1.590	      1.571	           	      0.000	    445.000	   7758.600	  11084.324	      0.014	      0.013	      0.003	
 2016/11/08	   1.615	   1.618	   1.612	   1.615	          15900	      1.610	      1.608	      1.592	      1.572	           	      0.000	    159.000	   4458.000	   9494.224	      0.014	      0.013	      0.003	
 2016/11/09	   1.615	   1.615	   1.595	   1.607	          25900	      1.610	      1.608	      1.594	      1.572	           	      0.000	    259.000	   2493.600	   7103.200	      0.014	      0.013	      0.001	
 2016/11/10	   1.611	   1.619	   1.611	   1.619	          80300	      1.611	      1.609	      1.596	      1.573	           	      0.000	    803.000	   1127.200	   6273.900	      0.014	      0.013	      0.001	
 2016/11/11	   1.616	   1.616	   1.615	   1.616	          88400	      1.613	      1.611	      1.599	      1.574	           	      0.000	    884.000	    510.000	   5789.900	      0.014	      0.013	      0.001	
 2016/11/14	   1.617	   1.617	   1.608	   1.608	           1500	      1.613	      1.611	      1.601	      1.574	           	      0.000	     15.000	    424.000	   4091.300	      0.013	      0.013	     -0.001	
 2016/11/15	   1.608	   1.623	   1.607	   1.623	          37100	      1.615	      1.612	      1.603	      1.575	           	      0.000	    371.000	    466.400	   2462.200	      0.013	      0.013	     -0.000	
 2016/11/16	   1.618	   1.623	   1.618	   1.623	           4500	      1.618	      1.614	      1.605	      1.575	           	      0.000	     45.000	    423.600	   1458.600	      0.013	      0.013	     -0.000	
 2016/11/17	   1.615	   1.620	   1.615	   1.620	          15400	      1.618	      1.615	      1.607	      1.576	           	      0.000	    154.000	    293.800	    710.500	      0.013	      0.013	     -0.000	
 2016/11/18	   1.619	   1.619	   1.613	   1.613	          27000	      1.617	      1.615	      1.609	      1.576	           	      0.000	    270.000	    171.000	    340.500	      0.012	      0.013	     -0.002	
 2016/11/21	   1.614	   1.616	   1.603	   1.608	          40500	      1.617	      1.615	      1.611	      1.576	           	      0.000	    405.000	    249.000	    336.500	      0.011	      0.012	     -0.004	
 2016/11/22	   1.607	   1.660	   1.603	   1.654	         270200	      1.624	      1.619	      1.614	      1.577	           	      0.000	   2702.000	    715.200	    590.800	      0.013	      0.013	      0.001	
 2016/11/23	   1.611	   1.617	   1.608	   1.608	         128400	      1.621	      1.619	      1.614	      1.578	           	      0.000	   1284.000	    963.000	    693.300	      0.011	      0.012	     -0.002	
 2016/11/24	   1.614	   1.644	   1.610	   1.635	         591000	      1.624	      1.621	      1.615	      1.579	           	      0.000	   5910.000	   2114.200	   1204.000	      0.012	      0.012	     -0.001	
 2016/11/25	   1.634	   1.641	   1.619	   1.641	         255200	      1.629	      1.623	      1.617	      1.580	           	      0.000	   2552.000	   2570.600	   1370.800	      0.013	      0.012	      0.001	
 2016/11/28	   1.650	   1.651	   1.636	   1.640	          41400	      1.636	      1.627	      1.619	      1.581	           	      0.000	    414.000	   2572.400	   1410.700	      0.013	      0.012	      0.001	
 2016/11/29	   1.652	   1.680	   1.652	   1.672	        1125309	      1.639	      1.631	      1.622	      1.582	           	      0.000	  11253.090	   4282.618	   2498.909	      0.016	      0.013	      0.005	
 2016/11/30	   1.658	   1.658	   1.642	   1.653	          43600	      1.648	      1.634	      1.624	      1.584	           	      0.000	    436.000	   4113.018	   2538.009	      0.016	      0.014	      0.005	
 2016/12/01	   1.654	   1.665	   1.648	   1.655	          45700	      1.652	      1.638	      1.626	      1.585	           	      0.000	    457.000	   3022.418	   2568.309	      0.017	      0.014	      0.005	
 2016/12/02	   1.655	   1.655	   1.635	   1.639	         149300	      1.652	      1.641	      1.628	      1.587	           	      0.000	   1493.000	   2810.618	   2690.609	      0.015	      0.015	      0.002	
 2016/12/05	   1.631	   1.631	   1.605	   1.611	          42600	      1.646	      1.641	      1.628	      1.587	           	      0.000	    426.000	   2813.018	   2692.709	      0.012	      0.014	     -0.004	
 2016/12/06	   1.614	   1.617	   1.611	   1.615	           9500	      1.635	      1.637	      1.628	      1.588	           	      0.000	     95.000	    581.400	   2432.009	      0.010	      0.013	     -0.007	
 2016/12/07	   1.620	   1.641	   1.620	   1.640	         566600	      1.632	      1.640	      1.630	      1.590	           	      0.000	   5666.000	   1627.400	   2870.209	      0.010	      0.012	     -0.006	
 2016/12/08	   1.643	   1.654	   1.643	   1.648	          14300	      1.631	      1.641	      1.631	      1.591	           	      0.000	    143.000	   1564.600	   2293.509	      0.010	      0.012	     -0.004	
 2016/12/09	   1.644	   1.653	   1.643	   1.650	         348251	      1.633	      1.642	      1.633	      1.592	           	      0.000	   3482.510	   1962.502	   2386.560	      0.010	      0.012	     -0.002	
 2016/12/12	   1.643	   1.645	   1.595	   1.626	         826800	      1.636	      1.641	      1.634	      1.593	           	      0.000	   8268.000	   3530.902	   3171.960	      0.009	      0.011	     -0.005	
 2016/12/13	   1.627	   1.660	   1.590	   1.620	        1057700	      1.637	      1.636	      1.634	      1.594	           	      0.000	  10577.000	   5627.302	   3104.351	      0.007	      0.010	     -0.007	
 2016/12/14	   1.619	   1.626	   1.613	   1.617	         512520	      1.632	      1.632	      1.633	      1.596	           	      0.000	   5125.200	   5519.142	   3573.271	      0.005	      0.009	     -0.008	
 2016/12/15	   1.608	   1.660	   1.602	   1.653	          15700	      1.633	      1.632	      1.635	      1.598	           	      0.000	    157.000	   5521.942	   3543.271	      0.006	      0.009	     -0.004	
 2016/12/16	   1.610	   1.622	   1.608	   1.619	          22000	      1.627	      1.630	      1.635	      1.599	           	      0.000	    220.000	   4869.440	   3415.971	      0.005	      0.008	     -0.006	
 2016/12/19	   1.624	   1.625	   1.615	   1.616	          18400	      1.625	      1.630	      1.636	      1.601	           	      0.000	    184.000	   3252.640	   3391.771	      0.003	      0.007	     -0.008	
 2016/12/20	   1.616	   1.616	   1.600	   1.605	         227567	      1.622	      1.629	      1.633	      1.602	           	      0.000	   2275.670	   1592.374	   3609.838	      0.001	      0.006	     -0.010	
 2016/12/21	   1.609	   1.621	   1.608	   1.621	         524600	      1.623	      1.628	      1.634	      1.603	           	      0.000	   5246.000	   1616.534	   3567.838	      0.001	      0.005	     -0.008	
 2016/12/22	   1.610	   1.623	   1.608	   1.621	          48800	      1.616	      1.625	      1.633	      1.604	           	      0.000	    488.000	   1682.734	   3602.338	      0.000	      0.004	     -0.007	
 2016/12/23	   1.612	   1.612	   1.597	   1.597	           2500	      1.612	      1.620	      1.631	      1.605	           	      0.000	     25.000	   1643.734	   3256.587	     -0.002	      0.003	     -0.009	
 2016/12/26	   1.595	   1.645	   1.584	   1.638	           3900	      1.616	      1.621	      1.631	      1.607	           	      0.000	     39.000	   1614.734	   2433.687	     -0.000	      0.002	     -0.005	
 2016/12/27	   1.609	   1.629	   1.609	   1.629	           8200	      1.621	      1.622	      1.629	      1.609	           	      0.000	     82.000	   1176.000	   1384.187	      0.000	      0.002	     -0.003	
 2016/12/28	   1.609	   1.610	   1.598	   1.598	          20600	      1.617	      1.620	      1.626	      1.610	           	      0.000	    206.000	    168.000	    892.267	     -0.002	      0.001	     -0.006	
 2016/12/29	   1.594	   1.618	   1.594	   1.618	          19500	      1.616	      1.616	      1.624	      1.611	           	      0.000	    195.000	    109.400	    896.067	     -0.002	      0.000	     -0.005	
 2016/12/30	   1.605	   1.615	   1.604	   1.615	          67800	      1.620	      1.616	      1.623	      1.613	           	      0.000	    678.000	    240.000	    941.867	     -0.002	     -0.000	     -0.004	
 2017/01/03	   1.619	   1.624	   1.619	   1.624	          26800	      1.617	      1.617	      1.623	      1.614	           	      0.000	    268.000	    285.800	    950.267	     -0.002	     -0.000	     -0.002	
 2017/01/04	   1.629	   1.656	   1.629	   1.651	         262081	      1.621	      1.621	      1.625	      1.615	           	      0.000	   2620.810	    793.562	    984.781	      0.001	     -0.000	      0.002	
 2017/01/05	   1.651	   1.651	   1.645	   1.651	         502500	      1.632	      1.624	      1.626	      1.617	           	      0.000	   5025.000	   1757.362	    962.681	      0.003	      0.000	      0.005	
 2017/01/06	   1.651	   1.652	   1.647	   1.652	           7900	      1.639	      1.627	      1.626	      1.618	           	      0.000	     79.000	   1734.162	    921.781	      0.005	      0.001	      0.007	
 2017/01/09	   1.639	   1.649	   1.639	   1.649	          45600	      1.645	      1.633	      1.626	      1.619	           	      0.000	    456.000	   1689.762	    964.881	      0.006	      0.002	      0.007	
 2017/01/10	   1.654	   1.662	   1.653	   1.653	         502400	      1.651	      1.634	      1.627	      1.621	           	      0.000	   5024.000	   2640.962	   1463.381	      0.007	      0.003	      0.007	
 2017/01/11	   1.646	   1.646	   1.634	   1.636	          11200	      1.648	      1.635	      1.628	      1.621	           	      0.000	    112.000	   2139.200	   1466.381	      0.006	      0.004	      0.005	
 2017/01/12	   1.635	   1.635	   1.625	   1.626	           7500	      1.643	      1.638	      1.629	      1.622	           	      0.000	     75.000	   1149.200	   1453.281	      0.005	      0.004	      0.002	
 2017/01/13	   1.625	   1.626	   1.609	   1.612	          31100	      1.635	      1.637	      1.627	      1.623	           	      0.000	    311.000	   1195.600	   1464.881	      0.003	      0.004	     -0.002	
 2017/01/16	   1.602	   1.603	   1.570	   1.595	         101700	      1.624	      1.635	      1.625	      1.623	           	      0.000	   1017.000	   1307.800	   1498.781	     -0.001	      0.003	     -0.007	
 2017/01/17	   1.602	   1.606	   1.597	   1.606	           4100	      1.615	      1.633	      1.625	      1.624	           	      0.000	     41.000	    311.200	   1476.081	     -0.002	      0.002	     -0.008	
 2017/01/18	   1.611	   1.630	   1.611	   1.619	          36400	      1.612	      1.630	      1.626	      1.624	           	      0.000	    364.000	    361.600	   1250.400	     -0.002	      0.001	     -0.007	
 2017/01/19	   1.625	   1.625	   1.616	   1.616	           6300	      1.610	      1.626	      1.625	      1.624	           	      0.000	     63.000	    359.200	    754.200	     -0.003	      0.000	     -0.006	
 2017/01/20	   1.626	   1.630	   1.626	   1.627	          18100	      1.613	      1.624	      1.626	      1.625	           	      0.000	    181.000	    333.200	    764.400	     -0.002	     -0.000	     -0.004	
 2017/01/23	   1.639	   1.643	   1.633	   1.633	           6700	      1.620	      1.622	      1.627	      1.625	           	      0.000	     67.000	    143.200	    725.500	     -0.001	     -0.000	     -0.001	
 2017/01/24	   1.632	   1.632	   1.626	   1.627	         374700	      1.624	      1.620	      1.627	      1.626	           	      0.000	   3747.000	    884.400	    597.800	     -0.001	     -0.000	     -0.001	
 2017/01/25	   1.626	   1.634	   1.626	   1.631	           2900	      1.627	      1.619	      1.627	      1.626	           	      0.000	     29.000	    817.400	    589.500	     -0.000	     -0.000	      0.000	
 2017/01/26	   1.636	   1.637	   1.633	   1.633	         130000	      1.630	      1.620	      1.629	      1.626	           	      0.000	   1300.000	   1064.800	    712.000	      0.000	     -0.000	      0.001	
 2017/02/03	   1.632	   1.632	   1.628	   1.632	         145800	      1.631	      1.622	      1.629	      1.627	           	      0.000	   1458.000	   1320.200	    826.700	      0.001	     -0.000	      0.002	
 2017/02/06	   1.630	   1.637	   1.629	   1.637	          14300	      1.632	      1.626	      1.630	      1.627	           	      0.000	    143.000	   1335.400	    739.300	      0.002	      0.000	      0.003	
 2017/02/07	   1.630	   1.631	   1.625	   1.626	           1500	      1.632	      1.628	      1.631	      1.627	           	      0.000	     15.000	    589.000	    736.700	      0.001	      0.000	      0.001	
 2017/02/08	   1.630	   1.638	   1.623	   1.636	          33024	      1.633	      1.630	      1.630	      1.628	           	      0.000	    330.240	    649.248	    733.324	      0.002	      0.001	      0.002	
 2017/02/09	   1.630	   1.651	   1.630	   1.650	          49800	      1.636	      1.633	      1.630	      1.628	           	      0.000	    498.000	    488.848	    776.824	      0.003	      0.001	      0.004	
 2017/02/10	   1.650	   1.657	   1.644	   1.644	          65400	      1.639	      1.635	      1.629	      1.629	           	      0.000	    654.000	    328.048	    824.124	      0.004	      0.002	      0.004	
 2017/02/13	   1.645	   1.668	   1.645	   1.667	        2122800	      1.645	      1.638	      1.630	      1.630	           	      0.000	  21228.000	   4545.048	   2940.224	      0.006	      0.003	      0.007	
 2017/02/14	   1.669	   1.669	   1.656	   1.661	          57400	      1.652	      1.642	      1.631	      1.631	           	      0.000	    574.000	   4656.848	   2622.924	      0.007	      0.004	      0.008	
 2017/02/15	   1.668	   1.668	   1.656	   1.656	         207800	      1.656	      1.644	      1.632	      1.631	           	      0.000	   2078.000	   5006.400	   2827.824	      0.008	      0.004	      0.007	
 2017/02/16	   1.655	   1.658	   1.653	   1.656	           8600	      1.657	      1.646	      1.633	      1.632	           	      0.000	     86.000	   4924.000	   2706.424	      0.008	      0.005	      0.006	
 2017/02/17	   1.661	   1.668	   1.610	   1.610	          37900	      1.650	      1.644	      1.633	      1.632	           	      0.000	    379.000	   4869.000	   2598.524	      0.005	      0.005	     -0.001	
 2017/02/20	   1.664	   1.698	   1.664	   1.698	         237200	      1.656	      1.650	      1.638	      1.633	           	      0.000	   2372.000	   1097.800	   2821.424	      0.009	      0.006	      0.006	
 2017/02/21	   1.701	   1.719	   1.701	   1.719	         843100	      1.668	      1.660	      1.644	      1.635	           	      0.000	   8431.000	   2669.200	   3663.024	      0.014	      0.007	      0.013	
 2017/02/22	   1.720	   1.739	   1.720	   1.739	        1397939	      1.684	      1.670	      1.650	      1.636	           	      0.000	  13979.390	   5049.478	   5027.939	      0.019	      0.010	      0.019	
 2017/02/23	   1.736	   1.737	   1.714	   1.723	          84000	      1.698	      1.677	      1.655	      1.638	           	      0.000	    840.000	   5200.278	   5062.139	      0.022	      0.012	      0.019	
 2017/02/24	   1.716	   1.722	   1.716	   1.719	          62300	      1.720	      1.685	      1.660	      1.640	           	      0.000	    623.000	   5249.078	   5059.039	      0.023	      0.014	      0.018	
 2017/02/27	   1.719	   1.720	   1.704	   1.704	          14300	      1.721	      1.689	      1.663	      1.641	           	      0.000	    143.000	   4803.278	   2950.539	      0.023	      0.016	      0.014	
 2017/02/28	   1.705	   1.705	   1.693	   1.695	          43400	      1.716	      1.692	      1.667	      1.641	           	      0.000	    434.000	   3203.878	   2936.539	      0.022	      0.017	      0.009	
 2017/03/01	   1.695	   1.705	   1.695	   1.704	         130400	      1.709	      1.697	      1.670	      1.642	           	      0.000	   1304.000	    668.800	   2859.139	      0.021	      0.018	      0.006	
 2017/03/02	   1.700	   1.703	   1.691	   1.695	         147400	      1.703	      1.701	      1.674	      1.643	           	      0.000	   1474.000	    795.600	   2997.939	      0.020	      0.018	      0.003	
 2017/03/03	   1.695	   1.699	   1.687	   1.696	          34500	      1.699	      1.709	      1.677	      1.643	           	      0.000	    345.000	    740.000	   2994.539	      0.019	      0.018	      0.000	
 2017/03/06	   1.696	   1.703	   1.696	   1.703	         150500	      1.699	      1.710	      1.680	      1.644	           	      0.000	   1505.000	   1012.400	   2907.839	      0.018	      0.018	     -0.001	
 2017/03/07	   1.700	   1.722	   1.700	   1.722	         242200	      1.704	      1.710	      1.685	      1.646	           	      0.000	   2422.000	   1410.000	   2306.939	      0.019	      0.018	      0.001	
 2017/03/08	   1.716	   1.717	   1.713	   1.717	         513300	      1.707	      1.708	      1.689	      1.648	           	      0.000	   5133.000	   2175.800	   1422.300	      0.019	      0.019	      0.001	
 2017/03/09	   1.706	   1.710	   1.699	   1.705	          15400	      1.709	      1.706	      1.692	      1.649	           	      0.000	    154.000	   1911.800	   1353.700	      0.018	      0.018	     -0.001	
 2017/03/10	   1.706	   1.726	   1.706	   1.720	         538100	      1.713	      1.706	      1.695	      1.650	           	      0.000	   5381.000	   2919.000	   1829.500	      0.018	      0.018	     -0.001	
 2017/03/13	   1.710	   1.725	   1.697	   1.720	         901800	      1.717	      1.708	      1.698	      1.651	           	      0.000	   9018.000	   4421.600	   2717.000	      0.018	      0.018	     -0.001	
 2017/03/14	   1.720	   1.730	   1.712	   1.717	          11300	      1.716	      1.710	      1.701	      1.653	           	      0.000	    113.000	   3959.800	   2684.900	      0.017	      0.018	     -0.001	
 2017/03/15	   1.718	   1.722	   1.708	   1.722	          13300	      1.717	      1.712	      1.704	      1.655	           	      0.000	    133.000	   2959.800	   2567.800	      0.017	      0.018	     -0.002	
 2017/03/16	   1.725	   1.731	   1.719	   1.726	          84900	      1.721	      1.715	      1.708	      1.656	           	      0.000	    849.000	   3098.800	   2505.300	      0.017	      0.018	     -0.001	
 2017/03/17	   1.728	   1.731	   1.723	   1.726	          77700	      1.722	      1.718	      1.714	      1.658	           	      0.000	    777.000	   2178.000	   2548.500	      0.017	      0.017	     -0.001	
 2017/03/20	   1.725	   1.770	   1.720	   1.770	         128400	      1.732	      1.724	      1.717	      1.660	           	      0.000	   1284.000	    631.200	   2526.400	      0.020	      0.018	      0.004	
 2017/03/21	   1.740	   1.770	   1.736	   1.759	        2214400	      1.741	      1.728	      1.719	      1.663	           	      0.000	  22144.000	   5037.400	   4498.600	      0.021	      0.019	      0.005	
 2017/03/22	   1.750	   1.759	   1.741	   1.758	         646900	      1.748	      1.732	      1.720	      1.665	           	      0.000	   6469.000	   6304.600	   4632.200	      0.022	      0.019	      0.005	
 2017/03/23	   1.753	   1.764	   1.738	   1.760	         131800	      1.755	      1.738	      1.722	      1.667	           	      0.000	   1318.000	   6398.400	   4748.600	      0.022	      0.020	      0.005	
 2017/03/24	   1.752	   1.763	   1.752	   1.759	         118200	      1.761	      1.742	      1.724	      1.670	           	      0.000	   1182.000	   6479.400	   4328.700	      0.023	      0.020	      0.004	
 2017/03/27	   1.762	   1.762	   1.739	   1.744	          78000	      1.756	      1.744	      1.726	      1.672	           	      0.000	    780.000	   6378.600	   3504.900	      0.021	      0.021	      0.001	
 2017/03/28	   1.740	   1.741	   1.734	   1.739	         555000	      1.752	      1.746	      1.728	      1.674	           	      0.000	   5550.000	   3059.800	   4048.600	      0.019	      0.020	     -0.002	
 2017/03/29	   1.734	   1.794	   1.733	   1.794	          20900	      1.759	      1.753	      1.733	      1.677	           	      0.000	    209.000	   1807.800	   4056.200	      0.022	      0.021	      0.003	
 2017/03/30	   1.720	   1.732	   1.709	   1.719	         173100	      1.751	      1.753	      1.734	      1.679	           	      0.000	   1731.000	   1890.400	   4144.400	      0.018	      0.020	     -0.004	
 2017/03/31	   1.716	   1.722	   1.713	   1.722	          24200	      1.744	      1.752	      1.735	      1.680	           	      0.000	    242.000	   1702.400	   4090.900	      0.015	      0.019	     -0.008	
 2017/04/05	   1.720	   1.745	   1.720	   1.722	          16796	      1.739	      1.748	      1.736	      1.682	           	      0.000	    167.960	   1579.992	   3979.296	      0.012	      0.018	     -0.011	
 2017/04/06	   1.740	   1.745	   1.732	   1.745	          29900	      1.740	      1.746	      1.737	      1.684	           	      0.000	    299.000	    529.792	   1794.796	      0.012	      0.017	     -0.009	
 2017/04/07	   1.745	   1.750	   1.742	   1.748	          12700	      1.731	      1.745	      1.739	      1.686	           	      0.000	    127.000	    513.392	   1160.596	      0.012	      0.016	     -0.008	
 2017/04/10	   1.740	   1.740	   1.734	   1.735	           4100	      1.734	      1.743	      1.740	      1.687	           	      0.000	     41.000	    175.392	   1032.896	      0.010	      0.015	     -0.008	
 2017/04/11	   1.730	   1.737	   1.719	   1.737	          41600	      1.737	      1.740	      1.741	      1.689	           	      0.000	    416.000	    210.192	    956.296	      0.010	      0.014	     -0.008	
 2017/04/12	   1.735	   1.746	   1.727	   1.743	          75700	      1.742	      1.740	      1.742	      1.690	           	      0.000	    757.000	    328.000	    953.996	      0.009	      0.013	     -0.007	
 2017/04/13	   1.749	   1.758	   1.749	   1.755	        1195600	      1.744	      1.742	      1.744	      1.692	           	      0.000	  11956.000	   2659.400	   1594.596	      0.010	      0.012	     -0.005	
 2017/04/14	   1.744	   1.744	   1.732	   1.737	          70800	      1.741	      1.736	      1.745	      1.694	           	      0.000	    708.000	   2775.600	   1644.496	      0.009	      0.011	     -0.006	
 2017/04/17	   1.729	   1.734	   1.728	   1.730	          10500	      1.740	      1.737	      1.745	      1.695	           	      0.000	    105.000	   2788.400	   1481.896	      0.007	      0.010	     -0.007	
 2017/04/18	   1.733	   1.757	   1.733	   1.748	         239900	      1.743	      1.740	      1.746	      1.698	           	      0.000	   2399.000	   3185.000	   1697.596	      0.007	      0.010	     -0.005	
 2017/04/19	   1.740	   1.741	   1.720	   1.741	         250100	      1.742	      1.742	      1.745	      1.700	           	      0.000	   2501.000	   3533.800	   1930.900	      0.007	      0.009	     -0.005	
 2017/04/20	   1.739	   1.780	   1.737	   1.767	         433300	      1.745	      1.744	      1.745	      1.703	           	      0.000	   4333.000	   2009.200	   2334.300	      0.008	      0.009	     -0.002	
 2017/04/21	   1.766	   1.773	   1.746	   1.752	         224000	      1.748	      1.745	      1.745	      1.705	           	      0.000	   2240.000	   2315.600	   2545.600	      0.008	      0.009	     -0.001	
 2017/04/24	   1.735	   1.735	   1.712	   1.728	          17400	      1.747	      1.744	      1.743	      1.707	           	      0.000	    174.000	   2329.400	   2558.900	      0.006	      0.008	     -0.004	
 2017/04/25	   1.732	   1.758	   1.731	   1.743	        1026500	      1.746	      1.744	      1.742	      1.709	           	      0.000	  10265.000	   3902.600	   3543.800	      0.006	      0.008	     -0.004	
 2017/04/26	   1.750	   1.766	   1.749	   1.766	         428400	      1.751	      1.747	      1.744	      1.711	           	      0.000	   4284.000	   4259.200	   3896.500	      0.007	      0.008	     -0.001	
 2017/04/27	   1.735	   1.749	   1.728	   1.743	         157200	      1.746	      1.745	      1.744	      1.713	           	      0.000	   1572.000	   3707.000	   2858.100	      0.006	      0.007	     -0.002	
 2017/04/28	   1.736	   1.736	   1.718	   1.721	        2165900	      1.740	      1.744	      1.740	      1.714	           	      0.000	  21659.000	   7590.800	   4953.200	      0.004	      0.007	     -0.006	
 2017/05/02	   1.720	   1.720	   1.713	   1.718	           7900	      1.738	      1.743	      1.740	      1.716	           	      0.000	     79.000	   7571.800	   4950.600	      0.002	      0.006	     -0.008	
 2017/05/03	   1.723	   1.727	   1.713	   1.716	          35100	      1.733	      1.740	      1.740	      1.717	           	      0.000	    351.000	   5589.000	   4745.800	     -0.000	      0.004	     -0.010	
 2017/05/04	   1.711	   1.725	   1.711	   1.720	        1990508	      1.724	      1.737	      1.740	      1.719	           	      0.000	  19905.080	   8713.216	   6486.208	     -0.002	      0.003	     -0.010	
 2017/05/05	   1.713	   1.715	   1.706	   1.707	         177900	      1.716	      1.731	      1.738	      1.720	           	      0.000	   1779.000	   8754.616	   6230.808	     -0.003	      0.002	     -0.011	
 2017/05/08	   1.700	   1.700	   1.682	   1.690	         377197	      1.710	      1.725	      1.735	      1.721	           	      0.000	   3771.970	   5177.210	   6384.005	     -0.006	      0.000	     -0.013	
 2017/05/09	   1.684	   1.684	   1.666	   1.683	          66400	      1.703	      1.721	      1.732	      1.721	           	      0.000	    664.000	   5294.210	   6433.005	     -0.009	     -0.002	     -0.015	
 2017/05/10	   1.689	   1.689	   1.665	   1.667	           7500	      1.693	      1.713	      1.729	      1.722	           	      0.000	     75.000	   5239.010	   5414.005	     -0.012	     -0.004	     -0.017	
 2017/05/11	   1.659	   1.685	   1.646	   1.685	         147200	      1.686	      1.705	      1.726	      1.722	           	      0.000	   1472.000	   1552.394	   5132.805	     -0.013	     -0.006	     -0.015	
 2017/05/12	   1.670	   1.673	   1.655	   1.671	         131900	      1.679	      1.698	      1.722	      1.722	           	      0.000	   1319.000	   1460.394	   5107.505	     -0.015	     -0.008	     -0.015	
 2017/05/15	   1.671	   1.690	   1.671	   1.690	          34900	      1.679	      1.695	      1.719	      1.723	           	      0.000	    349.000	    775.800	   2976.505	     -0.015	     -0.009	     -0.012	
 2017/05/16	   1.692	   1.720	   1.691	   1.720	          84710	      1.687	      1.695	      1.719	      1.724	           	      0.000	    847.100	    812.420	   3053.315	     -0.012	     -0.010	     -0.005	
 2017/05/17	   1.719	   1.719	   1.706	   1.706	          20200	      1.694	      1.694	      1.717	      1.725	           	      0.000	    202.000	    837.820	   3038.415	     -0.011	     -0.010	     -0.002	
 2017/05/18	   1.710	   1.715	   1.702	   1.703	        2747786	      1.698	      1.692	      1.715	      1.726	           	      0.000	  27477.859	   6038.992	   3795.693	     -0.010	     -0.010	     -0.000	
 2017/05/19	   1.708	   1.730	   1.708	   1.725	         121700	      1.709	      1.694	      1.713	      1.726	           	      0.000	   1217.000	   6018.592	   3739.493	     -0.007	     -0.009	      0.004	
 2017/05/22	   1.725	   1.744	   1.714	   1.716	        2841311	      1.714	      1.697	      1.711	      1.725	           	      0.000	  28413.109	  11631.414	   6203.607	     -0.006	     -0.009	      0.005	
 2017/05/23	   1.720	   1.738	   1.720	   1.730	        3790331	      1.716	      1.701	      1.711	      1.725	           	      0.000	  37903.309	  19042.656	   9927.538	     -0.004	     -0.008	      0.008	
 2017/05/24	   1.721	   1.721	   1.695	   1.704	         348700	      1.716	      1.705	      1.709	      1.725	           	      0.000	   3487.000	  19699.656	  10268.737	     -0.004	     -0.007	      0.006	
 2017/05/25	   1.707	   1.730	   1.701	   1.728	         195000	      1.721	      1.709	      1.707	      1.726	           	      0.000	   1950.000	  14594.084	  10316.538	     -0.002	     -0.006	      0.007	
 2017/05/26	   1.723	   1.723	   1.713	   1.722	         105300	      1.720	      1.714	      1.706	      1.726	           	      0.000	   1053.000	  14561.283	  10289.938	     -0.001	     -0.005	      0.007	
 2017/05/31	   1.711	   1.800	   1.705	   1.725	         217700	      1.722	      1.718	      1.706	      1.726	           	      0.000	   2177.000	   9314.062	  10472.737	     -0.000	     -0.004	      0.007	
 2017/06/01	   1.685	   1.786	   1.685	   1.740	        1536741	      1.724	      1.720	      1.707	      1.727	           	      0.000	  15367.410	   4806.882	  11924.769	      0.002	     -0.003	      0.009	
 2017/06/02	   1.738	   1.738	   1.688	   1.700	        1026694	      1.723	      1.719	      1.707	      1.727	           	      0.000	  10266.940	   6162.870	  12931.263	     -0.000	     -0.002	      0.005	
 2017/06/05	   1.701	   1.707	   1.700	   1.700	          74300	      1.717	      1.719	      1.706	      1.727	           	      0.000	    743.000	   5921.470	  10257.777	     -0.001	     -0.002	      0.002	
 2017/06/06	   1.705	   1.776	   1.679	   1.683	         472700	      1.710	      1.715	      1.704	      1.726	           	      0.000	   4727.000	   6656.270	  10608.777	     -0.004	     -0.003	     -0.002	
 2017/06/07	   1.720	   1.752	   1.720	   1.749	        2893865	      1.714	      1.718	      1.707	      1.727	           	      0.000	  28938.650	  12008.601	  10661.331	     -0.000	     -0.002	      0.004	
 2017/06/08	   1.750	   1.777	   1.743	   1.777	         498584	      1.722	      1.723	      1.712	      1.728	           	      0.000	   4985.840	   9932.286	   7369.584	      0.005	     -0.001	      0.011	
 2017/06/09	   1.775	   1.789	   1.775	   1.782	         151365	      1.738	      1.731	      1.718	      1.729	           	      0.000	   1513.650	   8181.628	   7172.249	      0.009	      0.001	      0.015	
 2017/06/12	   1.780	   1.818	   1.780	   1.786	         518101	      1.755	      1.736	      1.723	      1.730	           	      0.000	   5181.010	   9069.230	   7495.350	      0.012	      0.003	      0.018	
 2017/06/13	   1.788	   1.788	   1.778	   1.788	         103500	      1.776	      1.743	      1.729	      1.732	           	      0.000	   1035.000	   8330.830	   7493.550	      0.015	      0.006	      0.019	
 2017/06/14	   1.785	   1.793	   1.783	   1.783	          28765	      1.783	      1.749	      1.733	      1.733	           	      0.000	    287.650	   2600.630	   7304.615	      0.017	      0.008	      0.018	
 2017/06/15	   1.783	   1.783	   1.771	   1.771	         174700	      1.782	      1.752	      1.736	      1.733	           	      0.000	   1747.000	   1952.862	   5942.574	      0.017	      0.010	      0.014	
 2017/06/16	   1.777	   1.777	   1.762	   1.767	           3800	      1.779	      1.759	      1.739	      1.734	           	      0.000	     38.000	   1657.732	   4919.680	      0.016	      0.011	      0.011	
 2017/06/19	   1.767	   1.788	   1.767	   1.784	          88600	      1.779	      1.767	      1.743	      1.734	           	      0.000	    886.000	    798.730	   4933.980	      0.017	      0.012	      0.010	
 2017/06/20	   1.781	   1.783	   1.776	   1.776	          13800	      1.776	      1.776	      1.746	      1.734	           	      0.000	    138.000	    619.330	   4475.080	      0.017	      0.013	      0.008	
 2017/06/21	   1.787	   1.818	   1.787	   1.818	         100200	      1.783	      1.783	      1.751	      1.735	           	      0.000	   1002.000	    762.200	   1681.415	      0.020	      0.015	      0.011	
 2017/06/22	   1.813	   1.820	   1.800	   1.801	          38500	      1.789	      1.786	      1.754	      1.736	           	      0.000	    385.000	    489.800	   1221.331	      0.021	      0.016	      0.010	
 2017/06/23	   1.797	   1.825	   1.795	   1.816	         570600	      1.799	      1.789	      1.760	      1.737	           	      0.000	   5706.000	   1623.400	   1640.566	      0.022	      0.017	      0.011	
 2017/06/26	   1.816	   1.840	   1.816	   1.838	          71400	      1.810	      1.794	      1.765	      1.739	           	      0.000	    714.000	   1589.000	   1193.865	      0.025	      0.019	      0.013	
 2017/06/27	   1.845	   1.852	   1.832	   1.840	         592400	      1.823	      1.799	      1.771	      1.740	           	      0.000	   5924.000	   2746.200	   1682.765	      0.027	      0.020	      0.013	
 2017/06/28	   1.831	   1.837	   1.820	   1.820	          60600	      1.823	      1.803	      1.776	      1.741	           	      0.000	    606.000	   2667.000	   1714.600	      0.027	      0.022	      0.010	
 2017/06/29	   1.828	   1.837	   1.828	   1.828	          35800	      1.828	      1.809	      1.780	      1.743	           	      0.000	    358.000	   2661.600	   1575.700	      0.027	      0.023	      0.008	
 2017/06/30	   1.844	   1.851	   1.839	   1.850	          97200	      1.835	      1.817	      1.788	      1.745	           	      0.000	    972.000	   1714.800	   1669.100	      0.028	      0.024	      0.009	
 2017/07/03	   1.820	   1.849	   1.820	   1.845	         150900	      1.837	      1.823	      1.795	      1.747	           	      0.000	   1509.000	   1873.800	   1731.400	      0.029	      0.025	      0.008	
 2017/07/04	   1.835	   1.835	   1.814	   1.815	         663000	      1.832	      1.827	      1.802	      1.748	           	      0.000	   6630.000	   2015.000	   2380.600	      0.027	      0.025	      0.003	
 2017/07/05	   1.814	   1.829	   1.814	   1.829	          42700	      1.833	      1.828	      1.806	      1.749	           	      0.000	    427.000	   1979.200	   2323.100	      0.025	      0.025	      0.000	
 2017/07/06	   1.824	   1.824	   1.811	   1.820	          45300	      1.832	      1.830	      1.808	      1.751	           	      0.000	    453.000	   1998.200	   2329.900	      0.024	      0.025	     -0.003	
 2017/07/07	   1.812	   1.817	   1.812	   1.817	           7000	      1.825	      1.830	      1.810	      1.752	           	      0.000	     70.000	   1817.800	   1766.300	      0.022	      0.024	     -0.005	
 2017/07/10	   1.819	   1.832	   1.817	   1.832	          62000	      1.823	      1.830	      1.812	      1.754	           	      0.000	    620.000	   1640.000	   1756.900	      0.021	      0.024	     -0.005	
 2017/07/11	   1.830	   1.847	   1.830	   1.841	          21100	      1.828	      1.830	      1.815	      1.755	           	      0.000	    211.000	    356.200	   1185.600	      0.021	      0.023	     -0.004	
 2017/07/12	   1.836	   1.836	   1.820	   1.822	         120000	      1.826	      1.830	      1.817	      1.756	           	      0.000	   1200.000	    510.800	   1245.000	      0.019	      0.022	     -0.006	
 2017/07/13	   1.826	   1.827	   1.815	   1.815	           4900	      1.825	      1.829	      1.819	      1.758	           	      0.000	     49.000	    430.000	   1214.100	      0.017	      0.021	     -0.008	
 2017/07/14	   1.827	   1.836	   1.815	   1.834	        1427700	      1.829	      1.827	      1.822	      1.759	           	      0.000	  14277.000	   3271.400	   2544.600	      0.017	      0.021	     -0.007	
 2017/07/17	   1.819	   1.821	   1.774	   1.778	         174300	      1.818	      1.820	      1.822	      1.760	           	      0.000	   1743.000	   3496.000	   2568.000	      0.012	      0.019	     -0.014	
 2017/07/18	   1.778	   1.783	   1.760	   1.778	         104600	      1.805	      1.817	      1.822	      1.760	           	      0.000	   1046.000	   3663.000	   2009.600	      0.008	      0.017	     -0.017	
 2017/07/19	   1.783	   1.798	   1.783	   1.798	          14200	      1.801	      1.814	      1.821	      1.761	           	      0.000	    142.000	   3451.400	   1981.100	      0.006	      0.015	     -0.016	
 2017/07/20	   1.801	   1.825	   1.801	   1.823	          10235	      1.802	      1.814	      1.822	      1.762	           	      0.000	    102.350	   3462.070	   1946.035	      0.007	      0.013	     -0.012	
 2017/07/21	   1.822	   1.845	   1.822	   1.837	         100600	      1.803	      1.816	      1.823	      1.764	           	      0.000	   1006.000	    807.870	   2039.635	      0.009	      0.012	     -0.007	
 2017/07/24	   1.847	   1.865	   1.847	   1.859	         188500	      1.819	      1.819	      1.824	      1.765	           	      0.000	   1885.000	    836.270	   2166.135	      0.011	      0.012	     -0.001	
 2017/07/25	   1.860	   1.866	   1.849	   1.850	         107200	      1.833	      1.819	      1.825	      1.767	           	      0.000	   1072.000	    841.470	   2252.235	      0.013	      0.012	      0.001	
 2017/07/26	   1.862	   1.862	   1.827	   1.842	          38300	      1.842	      1.821	      1.826	      1.769	           	      0.000	    383.000	    889.670	   2170.535	      0.013	      0.012	      0.002	
 2017/07/27	   1.843	   1.844	   1.835	   1.844	           4300	      1.846	      1.824	      1.826	      1.771	           	      0.000	     43.000	    877.800	   2169.935	      0.013	      0.013	      0.002	
 2017/07/28	   1.850	   1.871	   1.850	   1.871	         102400	      1.853	      1.828	      1.827	      1.774	           	      0.000	   1024.000	    881.400	    844.635	      0.016	      0.013	      0.005	
 2017/07/31	   1.877	   1.908	   1.877	   1.897	          61100	      1.861	      1.840	      1.830	      1.777	           	      0.000	    611.000	    626.600	    731.435	      0.019	      0.014	      0.010	
 2017/08/01	   1.897	   1.904	   1.893	   1.900	          64400	      1.871	      1.852	      1.834	      1.780	           	      0.000	    644.000	    541.000	    691.235	      0.022	      0.016	      0.012	
 2017/08/02	   1.896	   1.896	   1.885	   1.885	          82700	      1.879	      1.861	      1.837	      1.783	           	      0.000	    827.000	    629.800	    759.735	      0.023	      0.017	      0.011	
 2017/08/03	   1.897	   1.897	   1.882	   1.884	          59900	      1.887	      1.867	      1.840	      1.787	           	      0.000	    599.000	    741.000	    809.400	      0.023	      0.018	      0.009	
 2017/08/04	   1.878	   1.881	   1.867	   1.867	          64700	      1.887	      1.870	      1.843	      1.790	           	      0.000	    647.000	    665.600	    773.500	      0.022	      0.019	      0.005	
 2017/08/07	   1.860	   1.901	   1.860	   1.901	         128100	      1.887	      1.874	      1.846	      1.794	           	      0.000	   1281.000	    799.600	    713.100	      0.023	      0.020	      0.006	
 2017/08/08	   1.910	   1.910	   1.899	   1.910	          31500	      1.889	      1.880	      1.850	      1.798	           	      0.000	    315.000	    733.800	    637.400	      0.025	      0.021	      0.008	
 2017/08/09	   1.910	   1.970	   1.910	   1.954	        1615500	      1.903	      1.891	      1.856	      1.802	           	      0.000	  16155.000	   3799.400	   2214.600	      0.029	      0.022	      0.013	
 2017/08/10	   1.955	   1.983	   1.939	   1.980	        1371500	      1.922	      1.905	      1.865	      1.806	           	      0.000	  13715.000	   6422.600	   3581.800	      0.034	      0.025	      0.019	
 2017/08/11	   1.936	   1.947	   1.909	   1.914	         211200	      1.932	      1.909	      1.869	      1.810	           	      0.000	   2112.000	   6715.600	   3690.600	      0.033	      0.026	      0.013	
 2017/08/14	   1.917	   1.960	   1.917	   1.953	        1968500	      1.942	      1.915	      1.877	      1.814	           	      0.000	  19685.000	  10396.400	   5598.000	      0.034	      0.028	      0.012	
 2017/08/15	   1.954	   1.962	   1.950	   1.950	          96100	      1.950	      1.920	      1.886	      1.818	           	      0.000	    961.000	  10525.600	   5629.700	      0.035	      0.029	      0.011	
 2017/08/16	   1.942	   1.971	   1.942	   1.971	          48000	      1.954	      1.928	      1.895	      1.822	           	      0.000	    480.000	   7390.600	   5595.000	      0.036	      0.031	      0.011	
 2017/08/17	   1.946	   1.955	   1.946	   1.955	         123700	      1.949	      1.936	      1.901	      1.826	           	      0.000	   1237.000	   4895.000	   5658.800	      0.036	      0.032	      0.009	
 2017/08/18	   1.955	   1.955	   1.947	   1.948	          16800	      1.955	      1.944	      1.907	      1.830	           	      0.000	    168.000	   4506.200	   5610.900	      0.035	      0.032	      0.005	
 2017/08/21	   1.963	   1.968	   1.953	   1.954	         152000	      1.956	      1.949	      1.911	      1.834	           	      0.000	   1520.000	    873.200	   5634.800	      0.034	      0.033	      0.002	
 2017/08/22	   1.950	   1.950	   1.942	   1.943	           7400	      1.954	      1.952	      1.916	      1.837	           	      0.000	     74.000	    695.800	   5610.700	      0.032	      0.033	     -0.001	
 2017/08/23	   1.950	   1.953	   1.945	   1.952	          34800	      1.950	      1.952	      1.922	      1.841	           	      0.000	    348.000	    669.400	   4030.000	      0.031	      0.032	     -0.003	
 2017/08/24	   1.935	   1.950	   1.913	   1.950	         117500	      1.949	      1.949	      1.927	      1.845	           	      0.000	   1175.000	    657.000	   2776.000	      0.029	      0.032	     -0.005	
 2017/08/25	   1.918	   1.946	   1.918	   1.944	         123400	      1.949	      1.952	      1.931	      1.849	           	      0.000	   1234.000	    870.200	   2688.200	      0.027	      0.031	     -0.007	
 2017/08/28	   1.950	   1.963	   1.948	   1.950	          32800	      1.948	      1.952	      1.933	      1.853	           	      0.000	    328.000	    631.800	    752.500	      0.026	      0.030	     -0.008	
 2017/08/29	   1.950	   1.959	   1.950	   1.950	          42400	      1.949	      1.952	      1.936	      1.857	           	      0.000	    424.000	    701.800	    698.800	      0.025	      0.029	     -0.008	
 2017/08/30	   1.951	   1.960	   1.951	   1.960	          25300	      1.951	      1.951	      1.939	      1.861	           	      0.000	    253.000	    682.800	    676.100	      0.024	      0.028	     -0.007	
 2017/08/31	   1.963	   1.968	   1.959	   1.968	          26700	      1.954	      1.952	      1.944	      1.864	           	      0.000	    267.000	    501.200	    579.100	      0.024	      0.027	     -0.006	
 2017/09/01	   1.966	   1.984	   1.966	   1.984	          62100	      1.962	      1.956	      1.950	      1.867	           	      0.000	    621.000	    378.600	    624.400	      0.025	      0.027	     -0.003	
 2017/09/04	   1.978	   1.988	   1.970	   1.982	         659800	      1.969	      1.958	      1.954	      1.871	           	      0.000	   6598.000	   1632.600	   1132.200	      0.025	      0.026	     -0.002	
 2017/09/05	   1.977	   1.990	   1.977	   1.985	          17000	      1.976	      1.962	      1.957	      1.874	           	      0.000	    170.000	   1581.800	   1141.800	      0.026	      0.026	     -0.001	
 2017/09/06	   1.990	   1.990	   1.980	   1.980	          30300	      1.980	      1.965	      1.959	      1.877	           	      0.000	    303.000	   1591.800	   1137.300	      0.025	      0.026	     -0.002	
 2017/09/07	   1.980	   1.980	   1.964	   1.966	          45400	      1.979	      1.967	      1.958	      1.880	           	      0.000	    454.000	   1629.200	   1065.200	      0.023	      0.025	     -0.005	
 2017/09/08	   1.961	   1.966	   1.955	   1.958	        1226700	      1.974	      1.968	      1.960	      1.884	           	      0.000	  12267.000	   3958.400	   2168.500	      0.021	      0.025	     -0.007	
 2017/09/11	   1.968	   1.969	   1.957	   1.959	         549500	      1.970	      1.969	      1.960	      1.887	           	      0.000	   5495.000	   3737.800	   2685.200	      0.019	      0.023	     -0.009	
 2017/09/12	   1.968	   1.983	   1.968	   1.978	          69600	      1.968	      1.972	      1.962	      1.890	           	      0.000	    696.000	   3843.000	   2712.400	      0.019	      0.022	     -0.008	
 2017/09/13	   1.987	   2.014	   1.987	   2.006	        1264000	      1.973	      1.977	      1.964	      1.893	           	      0.000	  12640.000	   6310.400	   3951.100	      0.020	      0.022	     -0.003	
 2017/09/14	   2.006	   2.015	   2.004	   2.015	          88700	      1.983	      1.981	      1.967	      1.897	           	      0.000	    887.000	   6397.000	   4013.100	      0.022	      0.022	      0.000	
 2017/09/15	   2.015	   2.026	   2.015	   2.018	         197100	      1.995	      1.985	      1.970	      1.900	           	      0.000	   1971.000	   4337.800	   4148.100	      0.024	      0.022	      0.003	
 2017/09/18	   2.025	   2.066	   2.025	   2.066	        1179100	      2.017	      1.993	      1.976	      1.904	           	      0.000	  11791.000	   5597.000	   4667.400	      0.029	      0.024	      0.010	
 2017/09/19	   2.058	   2.072	   2.058	   2.061	          53000	      2.033	      2.001	      1.982	      1.907	           	      0.000	    530.000	   5563.800	   4703.400	      0.031	      0.025	      0.013	
 2017/09/20	   2.065	   2.079	   2.065	   2.074	         113300	      2.047	      2.010	      1.988	      1.912	           	      0.000	   1133.000	   3262.400	   4786.400	      0.034	      0.027	      0.015	
 2017/09/21	   2.071	   2.077	   2.063	   2.073	          95100	      2.058	      2.021	      1.994	      1.916	           	      0.000	    951.000	   3275.200	   4836.100	      0.036	      0.029	      0.015	
 2017/09/22	   2.069	   2.070	   2.053	   2.064	         121900	      2.068	      2.031	      2.000	      1.919	           	      0.000	   1219.000	   3124.800	   3731.300	      0.037	      0.030	      0.012	
 2017/09/25	   2.077	   2.077	   2.065	   2.072	          69700	      2.069	      2.043	      2.006	      1.923	           	      0.000	    697.000	    906.000	   3251.500	      0.037	      0.032	      0.011	
 2017/09/26	   2.070	   2.125	   2.066	   2.125	          79300	      2.082	      2.057	      2.015	      1.928	           	      0.000	    793.000	    958.600	   3261.200	      0.041	      0.034	      0.015	
 2017/09/27	   2.072	   2.083	   2.068	   2.069	        1341600	      2.081	      2.064	      2.020	      1.932	           	      0.000	  13416.000	   3415.200	   3338.800	      0.040	      0.035	      0.010	
 2017/09/28	   2.070	   2.118	   2.070	   2.112	        2007200	      2.088	      2.073	      2.027	      1.937	           	      0.000	  20072.000	   7239.400	   5257.300	      0.041	      0.036	      0.010	
 2017/09/29	   2.110	   2.143	   2.100	   2.134	        1603500	      2.102	      2.085	      2.035	      1.942	           	      0.000	  16035.000	  10202.600	   6663.700	      0.044	      0.038	      0.012	
 2017/10/09	   2.150	   2.200	   2.136	   2.160	         225200	      2.120	      2.094	      2.044	      1.948	           	      0.000	   2252.000	  10513.600	   5709.800	      0.048	      0.040	      0.016	
 2017/10/10	   2.160	   2.240	   2.145	   2.170	         509800	      2.129	      2.105	      2.053	      1.953	           	      0.000	   5098.000	  11374.600	   6166.600	      0.051	      0.042	      0.018	
 2017/10/11	   2.170	   2.297	   2.170	   2.215	        1897900	      2.158	      2.119	      2.065	      1.960	           	      0.000	  18979.000	  12487.200	   7951.200	      0.056	      0.045	      0.023	
 2017/10/12	   2.210	   2.277	   2.185	   2.208	        1037500	      2.177	      2.133	      2.077	      1.966	           	      0.000	  10375.000	  10547.800	   8893.600	      0.059	      0.048	      0.023	
 2017/10/13	   2.210	   2.235	   2.208	   2.223	        2784100	      2.195	      2.149	      2.090	      1.973	           	      0.000	  27841.000	  12909.000	  11555.800	      0.062	      0.051	      0.023	
 2017/10/16	   2.229	   2.290	   2.188	   2.195	        4818500	      2.202	      2.161	      2.102	      1.980	           	      0.000	  48185.000	  22095.600	  16304.600	      0.061	      0.053	      0.017	
 2017/10/17	   2.195	   2.220	   2.179	   2.202	        2721800	      2.209	      2.169	      2.113	      1.987	           	      0.000	  27218.000	  26519.600	  18947.100	      0.061	      0.054	      0.013	
 2017/10/18	   2.199	   2.230	   2.190	   2.230	        1607600	      2.212	      2.185	      2.124	      1.994	           	      0.000	  16076.000	  25939.000	  19213.100	      0.062	      0.056	      0.012	
 2017/10/19	   2.230	   2.260	   2.222	   2.259	        1196000	      2.222	      2.200	      2.136	      2.001	           	      0.000	  11960.000	  26256.000	  18401.900	      0.064	      0.058	      0.013	
 2017/10/20	   2.289	   2.289	   2.220	   2.231	        1203700	      2.223	      2.209	      2.147	      2.008	           	      0.000	  12037.000	  23095.199	  18002.100	      0.063	      0.059	      0.009	
 2017/10/23	   2.220	   2.250	   2.219	   2.250	         670900	      2.234	      2.218	      2.156	      2.015	           	      0.000	   6709.000	  14800.000	  18447.801	      0.063	      0.060	      0.007	
 2017/10/24	   2.240	   2.290	   2.235	   2.242	         165800	      2.242	      2.226	      2.165	      2.021	           	      0.000	   1658.000	   9688.000	  18103.801	      0.062	      0.060	      0.003	
 2017/10/25	   2.240	   2.251	   2.230	   2.249	         512600	      2.246	      2.229	      2.174	      2.028	           	      0.000	   5126.000	   7498.000	  16718.500	      0.060	      0.060	      0.001	
 2017/10/26	   2.260	   2.330	   2.260	   2.283	        5509600	      2.251	      2.236	      2.185	      2.035	           	      0.000	  55096.000	  16125.200	  21190.600	      0.062	      0.060	      0.002	
 2017/10/27	   2.280	   2.326	   2.270	   2.321	        2724200	      2.269	      2.246	      2.197	      2.043	           	      0.000	  27242.000	  19166.199	  21130.699	      0.065	      0.061	      0.007	
 2017/10/30	   2.310	   2.330	   2.275	   2.308	        4712600	      2.281	      2.257	      2.209	      2.049	           	      0.000	  47126.000	  27249.600	  21024.801	      0.065	      0.062	      0.007	
 2017/10/31	   2.307	   2.309	   2.274	   2.305	        1049300	      2.293	      2.268	      2.218	      2.056	           	      0.000	  10493.000	  29016.600	  19352.301	      0.065	      0.063	      0.005	
 2017/11/01	   2.294	   2.312	   2.276	   2.279	        3303700	      2.299	      2.273	      2.229	      2.063	           	      0.000	  33037.000	  34598.801	  21048.400	      0.062	      0.062	     -0.001	
 2017/11/02	   2.275	   2.290	   2.270	   2.283	        1386900	      2.299	      2.275	      2.237	      2.069	           	      0.000	  13869.000	  26353.400	  21239.301	      0.059	      0.062	     -0.006	
 2017/11/03	   2.290	   2.306	   2.281	   2.293	       32272500	      2.294	      2.281	      2.245	      2.077	           	      0.000	 322725.000	  85450.000	  52308.102	      0.057	      0.061	     -0.008	
 2017/11/06	   2.290	   2.389	   2.290	   2.387	        6237998	      2.309	      2.295	      2.257	      2.085	           	      0.000	  62379.980	  88500.797	  57875.199	      0.062	      0.061	      0.002	
 2017/11/07	   2.378	   2.389	   2.347	   2.360	        1836200	      2.320	      2.307	      2.266	      2.092	           	      0.000	  18362.000	  90074.594	  59545.598	      0.063	      0.061	      0.004	
 2017/11/08	   2.354	   2.388	   2.345	   2.351	        2924800	      2.335	      2.317	      2.273	      2.099	           	      0.000	  29248.000	  89316.797	  61957.797	      0.063	      0.062	      0.002	
 2017/11/09	   2.347	   2.362	   2.330	   2.359	         541200	      2.350	      2.325	      2.280	      2.105	           	      0.000	   5412.000	  87625.398	  56989.398	      0.062	      0.062	      0.001	
 2017/11/10	   2.360	   2.420	   2.357	   2.419	        3018800	      2.375	      2.334	      2.290	      2.114	           	      0.000	  30188.000	  29117.996	  57284.000	      0.066	      0.063	      0.007	
 2017/11/13	   2.420	   2.421	   2.405	   2.408	         497400	      2.379	      2.344	      2.301	      2.121	           	      0.000	   4974.000	  17636.801	  53068.797	      0.067	      0.064	      0.007	
 2017/11/14	   2.407	   2.420	   2.362	   2.408	         664200	      2.389	      2.355	      2.311	      2.129	           	      0.000	   6642.000	  15292.800	  52683.699	      0.068	      0.064	      0.006	
 2017/11/15	   2.355	   2.383	   2.351	   2.383	         411200	      2.395	      2.365	      2.319	      2.136	           	      0.000	   4112.000	  10265.600	  49791.199	      0.065	      0.064	      0.001	
 2017/11/16	   2.383	   2.420	   2.378	   2.418	        2614000	      2.407	      2.379	      2.327	      2.143	           	      0.000	  26140.000	  14411.200	  51018.297	      0.065	      0.065	      0.001	
 2017/11/17	   2.415	   2.415	   2.345	   2.359	        2483700	      2.395	      2.385	      2.333	      2.150	           	      0.000	  24837.000	  13341.000	  21229.498	      0.060	      0.064	     -0.008	
 2017/11/20	   2.358	   2.358	   2.288	   2.348	       15898932	      2.383	      2.381	      2.338	      2.157	           	      0.000	 158989.313	  44144.063	  30890.432	      0.054	      0.062	     -0.016	
 2017/11/21	   2.346	   2.397	   2.338	   2.383	       10349200	      2.378	      2.384	      2.345	      2.164	           	      0.000	 103492.000	  63514.063	  39403.430	      0.051	      0.060	     -0.016	
 2017/11/22	   2.402	   2.402	   2.335	   2.349	        6012000	      2.371	      2.383	      2.350	      2.171	           	      0.000	  60120.000	  74715.664	  42490.633	      0.046	      0.057	     -0.021	
 2017/11/23	   2.327	   2.330	   2.200	   2.201	        4333000	      2.328	      2.368	      2.346	      2.175	           	      0.000	  43330.000	  78153.664	  46282.430	      0.030	      0.051	     -0.043	
 2017/11/24	   2.235	   2.264	   2.213	   2.247	        1141400	      2.306	      2.350	      2.342	      2.180	           	      0.000	  11414.000	  75469.063	  44405.031	      0.020	      0.045	     -0.050	
 2017/11/27	   2.240	   2.240	   2.189	   2.236	         913000	      2.283	      2.333	      2.339	      2.185	           	      0.000	   9130.000	  45497.199	  44820.633	      0.012	      0.039	     -0.054	
 2017/11/28	   2.200	   2.247	   2.200	   2.242	        1347300	      2.255	      2.317	      2.336	      2.190	           	      0.000	  13473.000	  27493.400	  45503.730	      0.005	      0.032	     -0.053	
 2017/11/29	   2.245	   2.256	   2.204	   2.216	        1340800	      2.228	      2.300	      2.332	      2.194	           	      0.000	  13408.000	  18151.000	  46433.332	     -0.002	      0.025	     -0.054	
 2017/11/30	   2.210	   2.230	   2.192	   2.192	         286000	      2.227	      2.277	      2.328	      2.198	           	      0.000	   2860.000	  10057.000	  44105.332	     -0.009	      0.018	     -0.055	
 2017/12/01	   2.192	   2.209	   2.187	   2.195	         859300	      2.216	      2.261	      2.323	      2.201	           	      0.000	   8593.000	   9492.800	  42480.930	     -0.015	      0.012	     -0.053	
 2017/12/04	   2.195	   2.250	   2.180	   2.237	        2354900	      2.216	      2.250	      2.316	      2.205	           	      0.000	  23549.000	  12376.600	  28936.900	     -0.015	      0.006	     -0.044	
 2017/12/05	   2.237	   2.255	   2.201	   2.203	        1795300	      2.209	      2.232	      2.308	      2.209	           	      0.000	  17953.000	  13272.600	  20383.000	     -0.019	      0.001	     -0.040	
 2017/12/06	   2.209	   2.214	   2.166	   2.197	        1629100	      2.205	      2.217	      2.300	      2.213	           	      0.000	  16291.000	  13849.200	  16000.100	     -0.021	     -0.003	     -0.036	
 2017/12/07	   2.192	   2.198	   2.173	   2.185	         601200	      2.203	      2.215	      2.291	      2.216	           	      0.000	   6012.000	  14479.600	  12268.300	     -0.024	     -0.007	     -0.034	
 2017/12/08	   2.171	   2.246	   2.171	   2.240	        6174100	      2.212	      2.214	      2.282	      2.221	           	      0.000	  61741.000	  25109.199	  17301.000	     -0.022	     -0.010	     -0.023	
 2017/12/11	   2.240	   2.300	   2.238	   2.300	        6499200	      2.225	      2.221	      2.277	      2.227	           	      0.000	  64992.000	  33397.801	  22887.199	     -0.015	     -0.011	     -0.007	
 2017/12/12	   2.299	   2.299	   2.277	   2.291	        4665700	      2.243	      2.226	      2.271	      2.232	           	      0.000	  46657.000	  39138.602	  26205.600	     -0.010	     -0.011	      0.002	
 2017/12/13	   2.278	   2.326	   2.270	   2.325	        1769000	      2.268	      2.237	      2.268	      2.237	           	      0.000	  17690.000	  39418.398	  26633.801	     -0.003	     -0.009	      0.012	
 2017/12/14	   2.319	   2.326	   2.301	   2.326	         999898	      2.296	      2.250	      2.264	      2.242	           	      0.000	   9998.980	  40215.797	  27347.697	      0.002	     -0.007	      0.018	
 2017/12/15	   2.326	   2.333	   2.306	   2.315	        3452900	      2.311	      2.262	      2.261	      2.247	           	      0.000	  34529.000	  34773.395	  29941.299	      0.005	     -0.005	      0.020	
 2017/12/18	   2.365	   2.365	   2.315	   2.325	        7669400	      2.316	      2.271	      2.260	      2.252	           	      0.000	  76694.000	  37113.797	  35255.797	      0.009	     -0.002	      0.021	
 2017/12/19	   2.325	   2.349	   2.300	   2.335	        1647400	      2.325	      2.284	      2.258	      2.256	           	      0.000	  16474.000	  31077.195	  35107.898	      0.012	      0.001	      0.022	
 2017/12/20	   2.340	   2.400	   2.335	   2.393	        4672798	      2.339	      2.303	      2.260	      2.261	           	      0.000	  46727.980	  36884.793	  38151.598	      0.019	      0.004	      0.029	
 2017/12/21	   2.390	   2.396	   2.356	   2.386	        9634000	      2.351	      2.324	      2.269	      2.267	           	      0.000	  96340.000	  54152.996	  47184.395	      0.024	      0.008	      0.031	
 2017/12/22	   2.380	   2.398	   2.368	   2.388	        1352300	      2.365	      2.338	      2.276	      2.272	           	      0.000	  13523.000	  49951.797	  42362.598	      0.027	      0.012	      0.030	
 2017/12/25	   2.390	   2.430	   2.371	   2.381	         753000	      2.377	      2.346	      2.284	      2.277	           	      0.000	   7530.000	  36118.996	  36616.395	      0.029	      0.016	      0.028	
 2017/12/26	   2.371	   2.378	   2.337	   2.361	        2832500	      2.382	      2.353	      2.290	      2.281	           	      0.000	  28325.000	  38489.195	  34783.195	      0.029	      0.018	      0.021	
 2017/12/27	   2.350	   2.356	   2.315	   2.317	         527500	      2.367	      2.353	      2.295	      2.285	           	      0.000	   5275.000	  30198.600	  33541.695	      0.025	      0.019	      0.011	
 2017/12/28	   2.325	   2.380	   2.316	   2.364	         587000	      2.362	      2.356	      2.303	      2.289	           	      0.000	   5870.000	  12104.600	  33128.797	      0.025	      0.021	      0.009	
 2017/12/29	   2.350	   2.387	   2.345	   2.354	         659300	      2.355	      2.360	      2.311	      2.293	           	      0.000	   6593.000	  10718.600	  30335.197	      0.024	      0.021	      0.006	
 2018/01/02	   2.350	   2.379	   2.342	   2.370	        1370200	      2.353	      2.365	      2.318	      2.297	           	      0.000	  13702.000	  11953.000	  24035.998	      0.024	      0.022	      0.005	
 2018/01/03	   2.371	   2.396	   2.371	   2.392	         987516	      2.359	      2.371	      2.327	      2.300	           	      0.000	   9875.160	   8263.032	  23376.113	      0.026	      0.023	      0.007	
 2018/01/04	   2.385	   2.443	   2.385	   2.437	        2759700	      2.383	      2.375	      2.339	      2.304	           	      0.000	  27597.000	  12727.432	  21463.016	      0.031	      0.024	      0.013	
 2018/01/05	   2.435	   2.450	   2.430	   2.433	         834100	      2.397	      2.380	      2.352	      2.308	           	      0.000	   8341.000	  13221.632	  12663.116	      0.034	      0.026	      0.015	
 2018/01/08	   2.423	   2.442	   2.351	   2.430	         750100	      2.412	      2.384	      2.361	      2.311	           	      0.000	   7501.000	  13403.232	  12060.916	      0.035	      0.028	      0.015	
 2018/01/09	   2.430	   2.480	   2.430	   2.480	        1947200	      2.434	      2.394	      2.370	      2.316	           	      0.000	  19472.000	  14557.232	  13255.116	      0.040	      0.030	      0.020	
 2018/01/10	   2.475	   2.492	   2.468	   2.490	         737700	      2.454	      2.407	      2.380	      2.321	           	      0.000	   7377.000	  14057.600	  11160.316	      0.044	      0.033	      0.022	
 2018/01/11	   2.485	   2.485	   2.461	   2.469	         858200	      2.460	      2.422	      2.387	      2.325	           	      0.000	   8582.000	  10254.600	  11491.016	      0.046	      0.036	      0.020	
 2018/01/12	   2.470	   2.485	   2.455	   2.484	         625300	      2.471	      2.434	      2.395	      2.329	           	      0.000	   6253.000	   9837.000	  11529.316	      0.047	      0.038	      0.018	
 2018/01/15	   2.489	   2.500	   2.460	   2.463	        1642500	      2.477	      2.445	      2.403	      2.332	           	      0.000	  16425.000	  11621.800	  12512.516	      0.046	      0.040	      0.013	
 2018/01/16	   2.463	   2.539	   2.456	   2.517	        1823300	      2.485	      2.460	      2.412	      2.337	           	      0.000	  18233.000	  11374.000	  12965.616	      0.049	      0.041	      0.015	
 2018/01/17	   2.522	   2.522	   2.479	   2.479	        1235200	      2.482	      2.468	      2.419	      2.341	           	      0.000	  12352.000	  12369.000	  13213.300	      0.048	      0.043	      0.010	
 2018/01/18	   2.485	   2.527	   2.485	   2.497	         707600	      2.488	      2.474	      2.425	      2.345	           	      0.000	   7076.000	  12067.800	  11161.200	      0.048	      0.044	      0.008	
 2018/01/19	   2.497	   2.540	   2.463	   2.480	         539200	      2.487	      2.479	      2.429	      2.348	           	      0.000	   5392.000	  11895.600	  10866.300	      0.046	      0.044	      0.003	
 2018/01/22	   2.484	   2.550	   2.476	   2.550	         867900	      2.505	      2.491	      2.437	      2.352	           	      0.000	   8679.000	  10346.400	  10984.100	      0.049	      0.045	      0.008	
 2018/01/23	   2.549	   2.555	   2.536	   2.553	         754200	      2.512	      2.498	      2.446	      2.356	           	      0.000	   7542.000	   8208.200	   9791.100	      0.052	      0.046	      0.010	
 2018/01/24	   2.537	   2.542	   2.526	   2.534	         262500	      2.523	      2.503	      2.455	      2.360	           	      0.000	   2625.000	   6262.800	   9315.900	      0.052	      0.048	      0.008	
 2018/01/25	   2.534	   2.545	   2.506	   2.519	         915800	      2.527	      2.508	      2.465	      2.364	           	      0.000	   9158.000	   6679.200	   9373.500	      0.050	      0.048	      0.003	
 2018/01/26	   2.510	   2.530	   2.510	   2.529	         874300	      2.537	      2.512	      2.473	      2.368	           	      0.000	   8743.000	   7349.400	   9622.500	      0.048	      0.048	      0.001	
 2018/01/29	   2.528	   2.528	   2.441	   2.466	        1695000	      2.520	      2.512	      2.479	      2.371	           	      0.000	  16950.000	   9003.600	   9675.000	      0.042	      0.047	     -0.010	
 2018/01/30	   2.455	   2.458	   2.436	   2.446	        1131600	      2.499	      2.505	      2.482	      2.372	           	      0.000	  11316.000	   9758.400	   8983.300	      0.035	      0.044	     -0.020	
 2018/01/31	   2.450	   2.479	   2.447	   2.477	         323000	      2.487	      2.505	      2.487	      2.374	           	      0.000	   3230.000	   9879.400	   8071.100	      0.031	      0.042	     -0.021	
 2018/02/01	   2.473	   2.479	   2.409	   2.417	         710500	      2.467	      2.497	      2.486	      2.375	           	      0.000	   7105.000	   9468.800	   8074.000	      0.023	      0.038	     -0.030	
 2018/02/02	   2.410	   2.412	   2.362	   2.409	         273400	      2.443	      2.490	      2.484	      2.376	           	      0.000	   2734.000	   8267.000	   7808.200	      0.016	      0.033	     -0.035	
 2018/02/05	   2.400	   2.430	   2.317	   2.334	         896000	      2.417	      2.468	      2.480	      2.374	           	      0.000	   8960.000	   6669.000	   7836.300	      0.004	      0.028	     -0.047	
 2018/02/06	   2.340	   2.340	   2.238	   2.259	         825500	      2.379	      2.439	      2.469	      2.372	           	      0.000	   8255.000	   6056.800	   7907.600	     -0.011	      0.020	     -0.062	
 2018/02/07	   2.277	   2.297	   2.217	   2.219	         311900	      2.328	      2.408	      2.455	      2.369	           	      0.000	   3119.000	   6034.600	   7957.000	     -0.026	      0.011	     -0.074	
 2018/02/08	   2.211	   2.260	   2.208	   2.245	         266600	      2.293	      2.380	      2.444	      2.366	           	      0.000	   2666.000	   5146.800	   7307.800	     -0.036	      0.001	     -0.074	
 2018/02/09	   2.240	   2.390	   2.122	   2.324	         343000	      2.276	      2.360	      2.436	      2.365	           	      0.000	   3430.000	   5286.000	   6776.500	     -0.036	     -0.006	     -0.060	
 2018/02/12	   2.221	   2.343	   2.206	   2.256	         699300	      2.261	      2.339	      2.425	      2.363	           	      0.000	   6993.000	   4892.600	   5780.800	     -0.042	     -0.013	     -0.057	
 2018/02/13	   2.260	   2.297	   2.260	   2.274	         556600	      2.264	      2.321	      2.413	      2.362	           	      0.000	   5566.000	   4354.800	   5205.800	     -0.044	     -0.019	     -0.049	
 2018/02/14	   2.277	   2.298	   2.277	   2.295	         386800	      2.279	      2.303	      2.404	      2.360	           	      0.000	   3868.000	   4504.600	   5269.600	     -0.044	     -0.024	     -0.039	
 2018/02/22	   2.299	   2.389	   2.299	   2.370	        1155900	      2.304	      2.299	      2.398	      2.361	           	      0.000	  11559.000	   6283.200	   5715.000	     -0.037	     -0.027	     -0.021	
 2018/02/23	   2.360	   2.379	   2.341	   2.360	        1082100	      2.311	      2.294	      2.392	      2.363	           	      0.000	  10821.000	   7761.400	   6523.700	     -0.032	     -0.028	     -0.009	
 2018/02/26	   2.370	   2.376	   2.338	   2.371	         528100	      2.334	      2.297	      2.383	      2.366	           	      0.000	   5281.000	   7419.000	   6155.800	     -0.027	     -0.028	      0.001	
 2018/02/27	   2.372	   2.372	   2.343	   2.346	         325600	      2.348	      2.306	      2.372	      2.367	           	      0.000	   3256.000	   6957.000	   5655.900	     -0.025	     -0.027	      0.005	
 2018/02/28	   2.306	   2.350	   2.303	   2.308	         187300	      2.351	      2.315	      2.361	      2.368	           	      0.000	   1873.000	   6558.000	   5531.300	     -0.026	     -0.027	      0.002	
 2018/03/01	   2.305	   2.338	   2.302	   2.326	         221600	      2.342	      2.323	      2.352	      2.370	           	      0.000	   2216.000	   4689.400	   5486.300	     -0.025	     -0.026	      0.003	
 2018/03/02	   2.330	   2.339	   2.314	   2.327	         109000	      2.336	      2.323	      2.341	      2.373	           	      0.000	   1090.000	   2743.200	   5252.300	     -0.024	     -0.026	      0.004	
 2018/03/05	   2.326	   2.330	   2.290	   2.295	         193900	      2.320	      2.327	      2.333	      2.374	           	      0.000	   1939.000	   2074.800	   4746.900	     -0.025	     -0.026	      0.001	
 2018/03/06	   2.276	   2.318	   2.274	   2.312	         478900	      2.314	      2.331	      2.326	      2.375	           	      0.000	   4789.000	   2381.400	   4669.200	     -0.025	     -0.026	      0.002	
 2018/03/07	   2.320	   2.333	   2.293	   2.293	         182400	      2.311	      2.331	      2.317	      2.377	           	      0.000	   1824.000	   2371.600	   4464.800	     -0.025	     -0.025	      0.000	
 2018/03/08	   2.290	   2.323	   2.288	   2.323	         106200	      2.310	      2.326	      2.312	      2.379	           	      0.000	   1062.000	   2140.800	   3415.100	     -0.023	     -0.025	      0.003	
 2018/03/09	   2.336	   2.348	   2.323	   2.348	         226800	      2.314	      2.325	      2.309	      2.382	           	      0.000	   2268.000	   2376.400	   2559.800	     -0.019	     -0.024	      0.009	
 2018/03/12	   2.350	   2.358	   2.338	   2.351	         121600	      2.325	      2.323	      2.310	      2.384	           	      0.000	   1216.000	   2231.800	   2153.300	     -0.016	     -0.022	      0.013	
 2018/03/13	   2.351	   2.360	   2.335	   2.336	         168600	      2.330	      2.322	      2.314	      2.384	           	      0.000	   1686.000	   1611.200	   1996.300	     -0.014	     -0.021	      0.013	
 2018/03/14	   2.325	   2.339	   2.320	   2.335	         302100	      2.339	      2.325	      2.320	      2.385	           	      0.000	   3021.000	   1850.600	   2111.100	     -0.013	     -0.019	      0.013	
 2018/03/15	   2.330	   2.381	   2.330	   2.379	        2168700	      2.350	      2.330	      2.326	      2.386	           	      0.000	  21687.000	   5975.600	   4058.200	     -0.008	     -0.017	      0.018	
 2018/03/16	   2.380	   2.390	   2.353	   2.354	         140600	      2.351	      2.333	      2.328	      2.386	           	      0.000	   1406.000	   5803.200	   4089.800	     -0.006	     -0.015	      0.017	
 2018/03/19	   2.360	   2.360	   2.339	   2.360	          36700	      2.353	      2.339	      2.333	      2.387	           	      0.000	    367.000	   5633.400	   3932.600	     -0.004	     -0.013	      0.017	
 2018/03/20	   2.355	   2.360	   2.333	   2.355	         317600	      2.357	      2.343	      2.337	      2.388	           	      0.000	   3176.000	   5931.400	   3771.300	     -0.003	     -0.011	      0.015	
 2018/03/21	   2.357	   2.375	   2.345	   2.345	          64800	      2.359	      2.349	      2.340	      2.388	           	      0.000	    648.000	   5456.800	   3653.700	     -0.003	     -0.009	      0.013	
 2018/03/22	   2.345	   2.345	   2.312	   2.312	         536300	      2.345	      2.348	      2.337	      2.386	           	      0.000	   5363.000	   2192.000	   4083.800	     -0.005	     -0.008	      0.006	
 2018/03/23	   2.300	   2.304	   2.240	   2.295	        4713200	      2.333	      2.342	      2.334	      2.385	           	      0.000	  47132.000	  11337.200	   8570.200	     -0.008	     -0.008	     -0.000	
 2018/03/26	   2.255	   2.273	   2.232	   2.268	        1300600	      2.315	      2.334	      2.328	      2.383	           	      0.000	  13006.000	  13865.000	   9749.200	     -0.013	     -0.009	     -0.007	
 2018/03/27	   2.270	   2.373	   2.270	   2.297	          99600	      2.303	      2.330	      2.326	      2.381	           	      0.000	    996.000	  13429.000	   9680.200	     -0.014	     -0.010	     -0.008	
 2018/03/28	   2.290	   2.290	   2.217	   2.263	        3698200	      2.287	      2.323	      2.324	      2.380	           	      0.000	  36982.000	  20695.801	  13076.300	     -0.018	     -0.012	     -0.012	
 2018/03/29	   2.240	   2.260	   2.187	   2.256	        3383900	      2.276	      2.310	      2.320	      2.379	           	      0.000	  33839.000	  26391.000	  14291.500	     -0.021	     -0.014	     -0.014	
 2018/03/30	   2.250	   2.275	   2.240	   2.257	         134000	      2.268	      2.301	      2.317	      2.377	           	      0.000	   1340.000	  17232.600	  14284.900	     -0.023	     -0.015	     -0.015	
 2018/04/02	   2.253	   2.266	   2.241	   2.247	         155676	      2.264	      2.289	      2.314	      2.375	           	      0.000	   1556.760	  14942.752	  14403.876	     -0.025	     -0.017	     -0.015	
 2018/04/03	   2.250	   2.265	   2.246	   2.265	         564000	      2.258	      2.280	      2.312	      2.374	           	      0.000	   5640.000	  15871.552	  14650.276	     -0.025	     -0.019	     -0.012	
 2018/04/04	   2.252	   2.344	   2.252	   2.321	         548200	      2.269	      2.278	      2.313	      2.372	           	      0.000	   5482.000	   9571.552	  15133.676	     -0.020	     -0.019	     -0.002	
 2018/04/09	   2.321	   2.321	   2.284	   2.288	         359600	      2.276	      2.276	      2.312	      2.370	           	      0.000	   3596.000	   3522.952	  14956.976	     -0.019	     -0.019	      0.000	
 2018/04/10	   2.280	   2.304	   2.275	   2.303	         195500	      2.285	      2.276	      2.309	      2.368	           	      0.000	   1955.000	   3645.952	  10439.276	     -0.016	     -0.018	      0.004	
 2018/04/11	   2.309	   2.321	   2.309	   2.320	          93900	      2.299	      2.282	      2.308	      2.366	           	      0.000	    939.000	   3522.400	   9232.576	     -0.013	     -0.017	      0.009	
 2018/04/12	   2.314	   2.316	   2.294	   2.294	          54600	      2.305	      2.281	      2.306	      2.363	           	      0.000	    546.000	   2503.600	   9187.576	     -0.012	     -0.016	      0.008	
 2018/04/13	   2.305	   2.305	   2.275	   2.285	          31900	      2.298	      2.284	      2.303	      2.359	           	      0.000	    319.000	   1471.000	   5521.276	     -0.012	     -0.015	      0.007	
 2018/04/16	   2.290	   2.291	   2.260	   2.266	          18900	      2.294	      2.285	      2.298	      2.356	           	      0.000	    189.000	    789.600	   2156.276	     -0.013	     -0.015	      0.003	
 2018/04/17	   2.275	   2.275	   2.240	   2.240	         135700	      2.281	      2.283	      2.292	      2.352	           	      0.000	   1357.000	    670.000	   2157.976	     -0.016	     -0.015	     -0.002	
 2018/04/18	   2.240	   2.300	   2.200	   2.299	         109100	      2.277	      2.288	      2.289	      2.349	           	      0.000	   1091.000	    700.400	   2111.400	     -0.014	     -0.015	      0.002	
 2018/04/19	   2.271	   2.288	   2.271	   2.288	        2006900	      2.276	      2.290	      2.285	      2.345	           	      0.000	  20069.000	   4605.000	   3554.300	     -0.013	     -0.014	      0.004	
 2018/04/20	   2.285	   2.293	   2.241	   2.292	          68800	      2.277	      2.287	      2.283	      2.342	           	      0.000	    688.000	   4678.800	   3074.900	     -0.011	     -0.014	      0.006	
 2018/04/23	   2.249	   2.267	   2.226	   2.250	         415900	      2.274	      2.284	      2.280	      2.338	           	      0.000	   4159.000	   5472.800	   3131.200	     -0.013	     -0.014	      0.001	
 2018/04/24	   2.260	   2.300	   2.260	   2.288	         286300	      2.283	      2.282	      2.279	      2.335	           	      0.000	   2863.000	   5774.000	   3222.000	     -0.012	     -0.013	      0.003	
 2018/04/25	   2.290	   2.299	   2.280	   2.299	          81000	      2.283	      2.280	      2.281	      2.331	           	      0.000	    810.000	   5717.800	   3209.100	     -0.009	     -0.012	      0.006	
 2018/04/26	   2.274	   2.274	   2.247	   2.249	          71900	      2.276	      2.276	      2.279	      2.326	           	      0.000	    719.000	   1847.800	   3226.400	     -0.011	     -0.012	      0.002	
 2018/04/27	   2.286	   2.286	   2.205	   2.234	         181700	      2.264	      2.270	      2.277	      2.321	           	      0.000	   1817.000	   2073.600	   3376.200	     -0.014	     -0.013	     -0.003	
 2018/05/02	   2.220	   2.235	   2.156	   2.235	         113100	      2.261	      2.267	      2.276	      2.316	           	      0.000	   1131.000	   1468.000	   3470.400	     -0.016	     -0.013	     -0.006	
 2018/05/03	   2.221	   2.261	   2.218	   2.260	         171900	      2.255	      2.269	      2.276	      2.311	           	      0.000	   1719.000	   1239.200	   3506.600	     -0.015	     -0.014	     -0.003	
 2018/05/04	   2.261	   2.277	   2.245	   2.260	          32800	      2.248	      2.266	      2.277	      2.308	           	      0.000	    328.000	   1142.800	   3430.300	     -0.015	     -0.014	     -0.002	
 2018/05/07	   2.256	   2.340	   2.256	   2.340	         739200	      2.266	      2.271	      2.281	      2.306	           	      0.000	   7392.000	   2477.400	   2162.600	     -0.008	     -0.013	      0.010	
 2018/05/08	   2.364	   2.373	   2.345	   2.373	         161100	      2.294	      2.279	      2.283	      2.305	           	      0.000	   1611.000	   2436.200	   2254.900	      0.001	     -0.010	      0.021	
 2018/05/09	   2.374	   2.388	   2.352	   2.354	         334300	      2.317	      2.289	      2.286	      2.303	           	      0.000	   3343.000	   2878.600	   2173.300	      0.006	     -0.007	      0.025	
 2018/05/10	   2.370	   2.390	   2.370	   2.390	         128900	      2.343	      2.299	      2.291	      2.303	           	      0.000	   1289.000	   2792.600	   2015.900	      0.012	     -0.003	      0.031	
 2018/05/11	   2.396	   2.408	   2.376	   2.392	          98200	      2.370	      2.309	      2.294	      2.304	           	      0.000	    982.000	   2923.400	   2033.100	      0.018	      0.001	      0.033	
 2018/05/14	   2.394	   2.416	   2.392	   2.416	         216500	      2.385	      2.325	      2.300	      2.307	           	      0.000	   2165.000	   1878.000	   2177.700	      0.023	      0.006	      0.036	
 2018/05/15	   2.420	   2.443	   2.406	   2.440	         723000	      2.398	      2.346	      2.308	      2.310	           	      0.000	   7230.000	   3001.800	   2719.000	      0.030	      0.010	      0.039	
 2018/05/16	   2.440	   2.476	   2.440	   2.457	        1425245	      2.419	      2.368	      2.318	      2.314	           	      0.000	  14252.450	   5183.690	   4031.145	      0.036	      0.015	      0.040	
 2018/05/17	   2.454	   2.488	   2.407	   2.488	         408445	      2.439	      2.391	      2.330	      2.317	           	      0.000	   4084.450	   5742.780	   4267.690	      0.042	      0.021	      0.043	
 2018/05/18	   2.420	   2.480	   2.386	   2.425	        1087700	      2.445	      2.408	      2.336	      2.319	           	      0.000	  10877.000	   7721.780	   5322.590	      0.042	      0.025	      0.034	
 2018/05/21	   2.421	   2.437	   2.420	   2.425	         171900	      2.447	      2.416	      2.343	      2.322	           	      0.000	   1719.000	   7632.580	   4755.290	      0.041	      0.028	      0.026	
 2018/05/22	   2.425	   2.452	   2.425	   2.452	         378000	      2.449	      2.424	      2.351	      2.325	           	      0.000	   3780.000	   6942.580	   4972.190	      0.042	      0.031	      0.023	
 2018/05/23	   2.452	   2.452	   2.410	   2.412	         180100	      2.440	      2.430	      2.359	      2.325	           	      0.000	   1801.000	   4452.290	   4817.990	      0.040	      0.033	      0.014	
 2018/05/24	   2.410	   2.411	   2.391	   2.405	         178300	      2.424	      2.431	      2.365	      2.326	           	      0.000	   1783.000	   3992.000	   4867.390	      0.036	      0.034	      0.006	
 2018/05/25	   2.395	   2.420	   2.395	   2.404	         121000	      2.420	      2.432	      2.371	      2.327	           	      0.000	   1210.000	   2058.600	   4890.190	      0.033	      0.034	     -0.000	
 2018/05/28	   2.413	   2.464	   2.400	   2.461	         260000	      2.427	      2.437	      2.381	      2.329	           	      0.000	   2600.000	   2234.800	   4933.690	      0.035	      0.034	      0.003	
 2018/05/29	   2.468	   2.504	   2.461	   2.493	        2966300	      2.435	      2.442	      2.394	      2.332	           	      0.000	  29663.000	   7411.400	   7176.990	      0.039	      0.035	      0.008	
 2018/05/30	   2.450	   2.490	   2.375	   2.478	         480300	      2.448	      2.444	      2.406	      2.334	           	      0.000	   4803.000	   8011.800	   6232.045	      0.040	      0.036	      0.008	
 2018/05/31	   2.465	   2.565	   2.465	   2.557	        2215218	      2.479	      2.451	      2.421	      2.338	           	      0.000	  22152.180	  12085.636	   8038.818	      0.047	      0.038	      0.017	
 2018/06/01	   2.550	   2.560	   2.434	   2.499	         623800	      2.498	      2.459	      2.433	      2.341	           	      0.000	   6238.000	  13091.236	   7574.918	      0.047	      0.040	      0.014	
 2018/06/04	   2.500	   2.554	   2.484	   2.545	        1033100	      2.514	      2.471	      2.443	      2.345	           	      0.000	  10331.000	  14637.436	   8436.118	      0.050	      0.042	      0.016	
 2018/06/05	   2.550	   2.572	   2.524	   2.570	        2067937	      2.530	      2.482	      2.453	      2.350	           	      0.000	  20679.369	  12840.710	  10126.055	      0.054	      0.044	      0.020	
 2018/06/06	   2.570	   2.582	   2.560	   2.580	        1326900	      2.550	      2.499	      2.464	      2.354	           	      0.000	  13269.000	  14533.910	  11272.854	      0.057	      0.047	      0.021	
 2018/06/07	   2.580	   2.580	   2.540	   2.557	         367100	      2.550	      2.514	      2.473	      2.358	           	      0.000	   3671.000	  10837.674	  11461.655	      0.058	      0.049	      0.017	
 2018/06/08	   2.540	   2.554	   2.505	   2.524	         624100	      2.555	      2.526	      2.479	      2.361	           	      0.000	   6241.000	  10838.273	  11964.755	      0.054	      0.050	      0.008	
 2018/06/11	   2.530	   2.530	   2.459	   2.474	         582000	      2.541	      2.528	      2.482	      2.363	           	      0.000	   5820.000	   9936.074	  12286.755	      0.047	      0.050	     -0.005	
 2018/06/12	   2.454	   2.545	   2.454	   2.542	        2697200	      2.535	      2.533	      2.487	      2.366	           	      0.000	  26972.000	  11194.600	  12017.655	      0.046	      0.049	     -0.005	
 2018/06/13	   2.542	   2.551	   2.509	   2.522	        1275500	      2.524	      2.537	      2.491	      2.369	           	      0.000	  12755.000	  11091.800	  12812.854	      0.044	      0.048	     -0.008	
 2018/06/14	   2.490	   2.511	   2.464	   2.485	        1162800	      2.509	      2.530	      2.490	      2.371	           	      0.000	  11628.000	  12683.200	  11760.437	      0.038	      0.046	     -0.015	
 2018/06/15	   2.472	   2.480	   2.444	   2.460	         629100	      2.497	      2.526	      2.492	      2.373	           	      0.000	   6291.000	  12693.200	  11765.737	      0.031	      0.043	     -0.023	
 2018/06/19	   2.459	   2.459	   2.315	   2.399	        1570400	      2.482	      2.511	      2.491	      2.373	           	      0.000	  15704.000	  14670.000	  12303.037	      0.021	      0.039	     -0.035	
 2018/06/20	   2.399	   2.399	   2.344	   2.394	         891200	      2.452	      2.494	      2.488	      2.374	           	      0.000	   8912.000	  11058.000	  11126.300	      0.012	      0.033	     -0.043	
 2018/06/21	   2.385	   2.429	   2.381	   2.383	        1109200	      2.424	      2.474	      2.487	      2.375	           	      0.000	  11092.000	  10725.400	  10908.600	      0.004	      0.027	     -0.047	
 2018/06/22	   2.365	   2.395	   2.347	   2.394	         793400	      2.406	      2.458	      2.486	      2.377	           	      0.000	   7934.000	   9986.600	  11334.900	     -0.001	      0.022	     -0.046	
 2018/06/25	   2.400	   2.432	   2.399	   2.406	         605500	      2.395	      2.446	      2.486	      2.379	           	      0.000	   6055.000	   9939.400	  11316.300	     -0.005	      0.016	     -0.042	
 2018/06/26	   2.400	   2.428	   2.340	   2.413	         735200	      2.398	      2.440	      2.484	      2.381	           	      0.000	   7352.000	   8269.000	  11469.500	     -0.007	      0.012	     -0.037	
 2018/06/27	   2.400	   2.400	   2.315	   2.327	         902300	      2.385	      2.418	      2.475	      2.382	           	      0.000	   9023.000	   8291.200	   9674.600	     -0.015	      0.006	     -0.043	
 2018/06/28	   2.305	   2.318	   2.265	   2.280	         367900	      2.364	      2.394	      2.466	      2.383	           	      0.000	   3679.000	   6808.600	   8767.000	     -0.025	      0.000	     -0.050	
 2018/06/29	   2.271	   2.346	   2.270	   2.341	        1168600	      2.353	      2.380	      2.455	      2.384	           	      0.000	  11686.000	   7559.000	   8772.800	     -0.028	     -0.005	     -0.045	
 2018/07/02	   2.340	   2.369	   2.287	   2.299	        2369700	      2.332	      2.364	      2.445	      2.385	           	      0.000	  23697.000	  11087.400	  10513.400	     -0.033	     -0.011	     -0.044	
 2018/07/03	   2.283	   2.303	   2.198	   2.276	         672000	      2.305	      2.351	      2.431	      2.385	           	      0.000	   6720.000	  10961.000	   9615.000	     -0.038	     -0.016	     -0.044	
 2018/07/04	   2.275	   2.283	   2.178	   2.263	         508800	      2.292	      2.338	      2.416	      2.384	           	      0.000	   5088.000	  10174.000	   9232.600	     -0.043	     -0.022	     -0.043	
 2018/07/05	   2.275	   2.297	   2.225	   2.235	         862700	      2.283	      2.323	      2.399	      2.383	           	      0.000	   8627.000	  11163.600	   8986.100	     -0.049	     -0.027	     -0.044	
 2018/07/06	   2.230	   2.277	   2.208	   2.261	        1926600	      2.267	      2.310	      2.384	      2.382	           	      0.000	  19266.000	  12679.600	  10119.300	     -0.051	     -0.032	     -0.038	
 2018/07/09	   2.261	   2.320	   2.261	   2.319	        1909700	      2.271	      2.301	      2.374	      2.382	           	      0.000	  19097.000	  11759.600	  11423.500	     -0.047	     -0.035	     -0.024	
 2018/07/10	   2.335	   2.335	   2.242	   2.326	         628500	      2.281	      2.293	      2.366	      2.383	           	      0.000	   6285.000	  11672.600	  11316.800	     -0.043	     -0.037	     -0.013	
 2018/07/11	   2.332	   2.332	   2.250	   2.310	         997400	      2.290	      2.291	      2.355	      2.383	           	      0.000	   9974.000	  12649.800	  11411.900	     -0.040	     -0.037	     -0.006	
 2018/07/12	   2.280	   2.370	   2.280	   2.359	        1048300	      2.315	      2.299	      2.346	      2.385	           	      0.000	  10483.000	  13021.000	  12092.300	     -0.034	     -0.037	      0.005	
 2018/07/13	   2.361	   2.396	   2.356	   2.391	         756500	      2.341	      2.304	      2.342	      2.388	           	      0.000	   7565.000	  10680.800	  11680.200	     -0.026	     -0.035	      0.017	
 2018/07/16	   2.378	   2.409	   2.378	   2.400	         600600	      2.357	      2.314	      2.339	      2.389	           	      0.000	   6006.000	   8062.600	   9911.100	     -0.019	     -0.032	      0.025	
 2018/07/17	   2.395	   2.395	   2.343	   2.364	         171600	      2.365	      2.323	      2.337	      2.390	           	      0.000	   1716.000	   7148.800	   9410.700	     -0.016	     -0.028	      0.025	
 2018/07/18	   2.365	   2.373	   2.350	   2.350	         172600	      2.373	      2.332	      2.335	      2.391	           	      0.000	   1726.000	   5499.200	   9074.500	     -0.015	     -0.026	      0.022	
 2018/07/19	   2.351	   2.357	   2.314	   2.325	         178800	      2.366	      2.340	      2.332	      2.393	           	      0.000	   1788.000	   3760.200	   8390.600	     -0.016	     -0.024	      0.016	
 2018/07/20	   2.335	   2.341	   2.313	   2.339	         275500	      2.356	      2.348	      2.329	      2.394	           	      0.000	   2755.000	   2798.200	   6739.500	     -0.015	     -0.022	      0.014	
 2018/07/23	   2.324	   2.347	   2.306	   2.347	         363200	      2.345	      2.351	      2.326	      2.394	           	      0.000	   3632.000	   2323.400	   5193.000	     -0.013	     -0.020	      0.014	
 2018/07/24	   2.321	   2.377	   2.314	   2.374	         590811	      2.347	      2.356	      2.324	      2.396	           	      0.000	   5908.110	   3161.822	   5155.311	     -0.010	     -0.018	      0.016	
 2018/07/25	   2.370	   2.381	   2.355	   2.365	         512400	      2.350	      2.361	      2.326	      2.399	           	      0.000	   5124.000	   3841.422	   4670.311	     -0.008	     -0.016	      0.016	
 2018/07/26	   2.359	   2.359	   2.331	   2.338	         251100	      2.353	      2.359	      2.329	      2.400	           	      0.000	   2511.000	   3986.022	   3873.111	     -0.008	     -0.015	      0.012	
 2018/07/27	   2.334	   2.362	   2.334	   2.355	         239700	      2.356	      2.356	      2.330	      2.402	           	      0.000	   2397.000	   3914.422	   3356.311	     -0.007	     -0.013	      0.012	
 2018/07/30	   2.340	   2.364	   2.297	   2.300	         347300	      2.346	      2.346	      2.330	      2.403	           	      0.000	   3473.000	   3882.622	   3103.011	     -0.011	     -0.013	      0.004	
 2018/07/31	   2.299	   2.342	   2.299	   2.341	         185100	      2.340	      2.343	      2.333	      2.403	           	      0.000	   1851.000	   3071.200	   3116.511	     -0.010	     -0.012	      0.004	
 2018/08/01	   2.320	   2.331	   2.273	   2.273	         644500	      2.321	      2.336	      2.334	      2.401	           	      0.000	   6445.000	   3335.400	   3588.411	     -0.015	     -0.013	     -0.004	
 2018/08/02	   2.270	   2.270	   2.184	   2.257	         711900	      2.305	      2.329	      2.335	      2.399	           	      0.000	   7119.000	   4257.000	   4121.511	     -0.020	     -0.014	     -0.011	
 2018/08/03	   2.218	   2.224	   2.178	   2.178	        1398900	      2.270	      2.313	      2.331	      2.396	           	      0.000	  13989.000	   6575.400	   5244.911	     -0.030	     -0.017	     -0.025	
 2018/08/06	   2.157	   2.180	   2.092	   2.128	        1017000	      2.235	      2.291	      2.321	      2.391	           	      0.000	  10170.000	   7914.800	   5898.711	     -0.041	     -0.022	     -0.038	
 2018/08/07	   2.138	   2.183	   2.110	   2.183	         366100	      2.204	      2.272	      2.314	      2.387	           	      0.000	   3661.000	   8276.800	   5674.000	     -0.045	     -0.027	     -0.037	
 2018/08/08	   2.170	   2.172	   2.126	   2.131	         502600	      2.175	      2.248	      2.305	      2.382	           	      0.000	   5026.000	   7993.000	   5664.200	     -0.052	     -0.032	     -0.040	
 2018/08/09	   2.148	   2.198	   2.123	   2.190	         287700	      2.162	      2.234	      2.296	      2.378	           	      0.000	   2877.000	   7144.600	   5700.800	     -0.052	     -0.036	     -0.032	
 2018/08/10	   2.198	   2.227	   2.193	   2.208	         120700	      2.168	      2.219	      2.287	      2.373	           	      0.000	   1207.000	   4588.200	   5581.800	     -0.050	     -0.039	     -0.023	
 2018/08/13	   2.200	   2.200	   2.102	   2.195	         113100	      2.181	      2.208	      2.277	      2.369	           	      0.000	   1131.000	   2780.400	   5347.600	     -0.049	     -0.041	     -0.016	
 2018/08/14	   2.202	   2.203	   2.181	   2.189	        1055380	      2.183	      2.193	      2.268	      2.365	           	      0.000	  10553.800	   4158.960	   6217.880	     -0.048	     -0.042	     -0.012	
 2018/08/15	   2.180	   2.180	   2.120	   2.130	         255400	      2.182	      2.179	      2.257	      2.360	           	      0.000	   2554.000	   3664.560	   5828.780	     -0.051	     -0.044	     -0.015	
 2018/08/16	   2.120	   2.136	   2.081	   2.100	         175300	      2.164	      2.163	      2.246	      2.355	           	      0.000	   1753.000	   3439.760	   5292.180	     -0.056	     -0.046	     -0.019	
 2018/08/17	   2.105	   2.119	   2.049	   2.057	         433600	      2.134	      2.151	      2.232	      2.349	           	      0.000	   4336.000	   4065.560	   4326.880	     -0.062	     -0.049	     -0.025	
 2018/08/20	   2.050	   2.056	   2.017	   2.054	         339500	      2.106	      2.144	      2.217	      2.343	           	      0.000	   3395.000	   4518.360	   3649.380	     -0.067	     -0.053	     -0.027	
 2018/08/21	   2.071	   2.124	   2.069	   2.113	         226900	      2.091	      2.137	      2.204	      2.337	           	      0.000	   2269.000	   2861.400	   3510.180	     -0.065	     -0.055	     -0.019	
 2018/08/22	   2.155	   2.155	   2.051	   2.105	         103900	      2.086	      2.134	      2.191	      2.331	           	      0.000	   1039.000	   2558.400	   3111.480	     -0.063	     -0.057	     -0.012	
 2018/08/23	   2.128	   2.128	   2.099	   2.125	         523800	      2.091	      2.128	      2.181	      2.325	           	      0.000	   5238.000	   3255.400	   3347.580	     -0.059	     -0.057	     -0.004	
 2018/08/24	   2.120	   2.125	   2.098	   2.122	         149500	      2.104	      2.119	      2.169	      2.318	           	      0.000	   1495.000	   2687.200	   3376.380	     -0.056	     -0.057	      0.002	
 2018/08/27	   2.115	   2.224	   2.111	   2.168	         557800	      2.127	      2.116	      2.162	      2.312	           	      0.000	   5578.000	   3123.800	   3821.080	     -0.049	     -0.056	      0.012	
 2018/08/28	   2.172	   2.175	   2.163	   2.166	         129700	      2.137	      2.114	      2.154	      2.306	           	      0.000	   1297.000	   2929.400	   2895.400	     -0.044	     -0.053	      0.019	
 2018/08/29	   2.170	   2.170	   2.152	   2.156	         100200	      2.147	      2.117	      2.148	      2.299	           	      0.000	   1002.000	   2922.000	   2740.200	     -0.039	     -0.050	      0.022	
 2018/08/30	   2.169	   2.170	   2.135	   2.141	         345000	      2.151	      2.121	      2.142	      2.292	           	      0.000	   3450.000	   2564.400	   2909.900	     -0.037	     -0.048	      0.022	
 2018/08/31	   2.135	   2.144	   2.073	   2.098	         839100	      2.146	      2.125	      2.138	      2.284	           	      0.000	   8391.000	   3943.600	   3315.400	     -0.038	     -0.046	      0.016	
 2018/09/03	   2.100	   2.100	   2.065	   2.089	          87700	      2.130	      2.128	      2.136	      2.277	           	      0.000	    877.000	   3003.400	   3063.600	     -0.039	     -0.044	      0.011	
 2018/09/04	   2.097	   2.111	   2.078	   2.105	         101500	      2.118	      2.128	      2.132	      2.271	           	      0.000	   1015.000	   2947.000	   2938.200	     -0.038	     -0.043	      0.010	
 2018/09/05	   2.100	   2.100	   2.068	   2.097	          51600	      2.106	      2.127	      2.130	      2.263	           	      0.000	    516.000	   2849.800	   2885.900	     -0.037	     -0.042	      0.009	
 2018/09/06	   2.065	   2.080	   2.027	   2.080	         802400	      2.094	      2.122	      2.125	      2.256	           	      0.000	   8024.000	   3764.600	   3164.500	     -0.038	     -0.041	      0.006	
 2018/09/07	   2.039	   2.079	   2.027	   2.042	         302800	      2.083	      2.114	      2.117	      2.249	           	      0.000	   3028.000	   2692.000	   3317.800	     -0.041	     -0.041	      0.000	
 2018/09/10	   2.040	   2.047	   2.015	   2.015	         863200	      2.068	      2.099	      2.108	      2.241	           	      0.000	   8632.000	   4243.000	   3623.200	     -0.045	     -0.042	     -0.006	
 2018/09/11	   2.030	   2.077	   2.014	   2.030	         105300	      2.053	      2.085	      2.100	      2.235	           	      0.000	   1053.000	   4250.600	   3598.800	     -0.047	     -0.043	     -0.007	
 2018/09/12	   2.034	   2.049	   2.005	   2.049	        1431816	      2.043	      2.075	      2.096	      2.229	           	      0.000	  14318.160	   7011.032	   4930.416	     -0.046	     -0.043	     -0.005	
 2018/09/13	   2.010	   2.046	   1.982	   2.019	         165200	      2.031	      2.062	      2.092	      2.223	           	      0.000	   1652.000	   5736.632	   4750.616	     -0.047	     -0.044	     -0.006	
 2018/09/14	   2.020	   2.049	   2.004	   2.029	        1818600	      2.028	      2.056	      2.090	      2.217	           	      0.000	  18186.000	   8768.232	   5730.116	     -0.046	     -0.045	     -0.004	
 2018/09/17	   2.030	   2.040	   2.020	   2.020	         928900	      2.029	      2.049	      2.088	      2.211	           	      0.000	   9289.000	   8899.632	   6571.316	     -0.046	     -0.045	     -0.003	
 2018/09/18	   2.020	   2.077	   2.009	   2.063	        1716500	      2.036	      2.044	      2.086	      2.205	           	      0.000	  17165.000	  12122.032	   8186.316	     -0.042	     -0.044	      0.004	
 2018/09/19	   2.069	   2.111	   2.005	   2.100	         769600	      2.046	      2.045	      2.086	      2.201	           	      0.000	   7696.000	  10797.600	   8904.316	     -0.036	     -0.043	      0.014	
 2018/09/20	   2.110	   2.122	   2.059	   2.065	         112700	      2.055	      2.043	      2.083	      2.197	           	      0.000	   1127.000	  10692.600	   8214.616	     -0.033	     -0.041	      0.016	
 2018/09/21	   2.110	   2.173	   2.110	   2.169	         710400	      2.083	      2.056	      2.085	      2.195	           	      0.000	   7104.000	   8476.200	   8622.216	     -0.022	     -0.037	      0.030	
 2018/09/25	   2.129	   2.176	   2.129	   2.164	         676600	      2.112	      2.071	      2.085	      2.192	           	      0.000	   6766.000	   7971.600	   8435.616	     -0.014	     -0.032	      0.037	
 2018/09/26	   2.170	   2.248	   2.170	   2.220	        1734100	      2.144	      2.090	      2.088	      2.191	           	      0.000	  17341.000	   8006.800	  10064.416	     -0.002	     -0.026	      0.048	
 2018/09/27	   2.243	   2.243	   2.200	   2.216	         317300	      2.167	      2.106	      2.091	      2.191	           	      0.000	   3173.000	   7102.200	   8949.900	      0.006	     -0.020	      0.052	
 2018/09/28	   2.239	   2.239	   2.202	   2.238	         412200	      2.201	      2.128	      2.095	      2.191	           	      0.000	   4122.000	   7701.200	   9196.900	      0.014	     -0.013	      0.055	
 2018/10/08	   2.200	   2.237	   2.143	   2.143	         606500	      2.196	      2.140	      2.098	      2.189	           	      0.000	   6065.000	   7493.400	   7984.800	      0.013	     -0.008	      0.042	
 2018/10/09	   2.165	   2.165	   2.131	   2.150	         314900	      2.193	      2.153	      2.101	      2.186	           	      0.000	   3149.000	   6770.000	   7370.800	      0.013	     -0.004	      0.033	
 2018/10/10	   2.145	   2.199	   2.104	   2.118	        1212400	      2.173	      2.158	      2.101	      2.182	           	      0.000	  12124.000	   5726.600	   6866.700	      0.009	     -0.001	      0.021	
 2018/10/11	   2.100	   2.108	   1.991	   2.012	        1281300	      2.132	      2.149	      2.097	      2.177	           	      0.000	  12813.000	   7654.600	   7378.400	     -0.002	     -0.001	     -0.001	
 2018/10/12	   2.012	   2.067	   2.002	   2.067	         379845	      2.098	      2.150	      2.096	      2.173	           	      0.000	   3798.450	   7589.890	   7645.545	     -0.006	     -0.002	     -0.007	
 2018/10/15	   2.070	   2.150	   2.028	   2.028	          82200	      2.075	      2.136	      2.096	      2.167	           	      0.000	    822.000	   6541.290	   7017.345	     -0.012	     -0.004	     -0.016	
 2018/10/16	   2.035	   2.065	   2.007	   2.018	         165300	      2.049	      2.121	      2.096	      2.160	           	      0.000	   1653.000	   6242.090	   6506.045	     -0.018	     -0.007	     -0.022	
 2018/10/17	   2.020	   2.048	   1.947	   1.983	         725600	      2.022	      2.097	      2.094	      2.154	           	      0.000	   7256.000	   5268.490	   5497.545	     -0.025	     -0.010	     -0.029	
 2018/10/18	   1.980	   1.986	   1.936	   1.950	         339900	      2.009	      2.071	      2.089	      2.147	           	      0.000	   3399.000	   3385.690	   5520.145	     -0.033	     -0.015	     -0.036	
 2018/10/19	   1.940	   2.028	   1.930	   2.024	         525100	      2.001	      2.049	      2.089	      2.142	           	      0.000	   5251.000	   3676.200	   5633.045	     -0.033	     -0.018	     -0.028	
 2018/10/22	   2.049	   2.120	   2.010	   2.110	         560000	      2.017	      2.046	      2.093	      2.138	           	      0.000	   5600.000	   4631.800	   5586.545	     -0.025	     -0.020	     -0.011	
 2018/10/23	   2.110	   2.133	   2.008	   2.028	         479700	      2.019	      2.034	      2.093	      2.133	           	      0.000	   4797.000	   5260.600	   5751.345	     -0.026	     -0.021	     -0.009	
 2018/10/24	   2.020	   2.023	   1.968	   1.990	        1260500	      2.020	      2.021	      2.090	      2.127	           	      0.000	  12605.000	   6330.400	   5799.445	     -0.029	     -0.023	     -0.013	
 2018/10/25	   1.958	   1.958	   1.916	   1.951	         835100	      2.021	      2.015	      2.082	      2.120	           	      0.000	   8351.000	   7320.800	   5353.245	     -0.034	     -0.025	     -0.018	
 2018/10/26	   1.955	   1.957	   1.887	   1.904	         435200	      1.997	      1.999	      2.074	      2.112	           	      0.000	   4352.000	   7141.000	   5408.600	     -0.042	     -0.028	     -0.027	
 2018/10/29	   1.890	   1.890	   1.715	   1.757	        3922000	      1.926	      1.972	      2.054	      2.103	           	      0.000	  39220.000	  13865.000	   9248.400	     -0.059	     -0.034	     -0.049	
 2018/10/30	   1.760	   1.777	   1.706	   1.760	         691200	      1.872	      1.946	      2.033	      2.094	           	      0.000	   6912.000	  14288.000	   9774.300	     -0.071	     -0.042	     -0.059	
 2018/10/31	   1.860	   1.860	   1.769	   1.819	         929600	      1.838	      1.929	      2.013	      2.085	           	      0.000	   9296.000	  13626.200	   9978.300	     -0.075	     -0.048	     -0.054	
 2018/11/01	   1.825	   1.877	   1.821	   1.833	         382700	      1.815	      1.918	      1.994	      2.077	           	      0.000	   3827.000	  12721.400	  10021.100	     -0.077	     -0.054	     -0.045	
 2018/11/02	   1.857	   1.934	   1.850	   1.930	        6442509	      1.820	      1.908	      1.979	      2.072	           	      0.000	  64425.090	  24736.018	  15938.509	     -0.069	     -0.057	     -0.024	
 2018/11/05	   1.948	   1.948	   1.892	   1.906	         339709	      1.850	      1.888	      1.967	      2.067	           	      0.000	   3397.090	  17571.436	  15718.218	     -0.064	     -0.059	     -0.012	
 2018/11/06	   1.910	   1.945	   1.872	   1.898	         157800	      1.877	      1.875	      1.954	      2.064	           	      0.000	   1578.000	  16504.637	  15396.318	     -0.061	     -0.059	     -0.003	
 2018/11/07	   1.900	   1.930	   1.881	   1.911	         179000	      1.896	      1.867	      1.944	      2.059	           	      0.000	   1790.000	  15003.436	  14314.818	     -0.056	     -0.058	      0.005	
 2018/11/08	   1.900	   1.924	   1.887	   1.887	          74400	      1.906	      1.860	      1.938	      2.055	           	      0.000	    744.000	  14386.836	  13554.118	     -0.053	     -0.057	      0.008	
 2018/11/09	   1.894	   1.894	   1.876	   1.886	          60100	      1.898	      1.859	      1.929	      2.050	           	      0.000	    601.000	   1622.018	  13179.018	     -0.051	     -0.056	      0.010	
 2018/11/12	   1.876	   1.900	   1.858	   1.900	         186100	      1.896	      1.873	      1.922	      2.045	           	      0.000	   1861.000	   1314.800	   9443.118	     -0.047	     -0.054	      0.014	
 2018/11/13	   1.880	   1.929	   1.875	   1.921	         256300	      1.901	      1.889	      1.917	      2.040	           	      0.000	   2563.000	   1511.800	   9008.218	     -0.042	     -0.052	      0.019	
 2018/11/14	   1.925	   1.949	   1.896	   1.905	         482400	      1.900	      1.898	      1.913	      2.036	           	      0.000	   4824.000	   2118.600	   8561.018	     -0.039	     -0.049	      0.020	
 2018/11/15	   1.895	   1.909	   1.895	   1.909	         151100	      1.904	      1.905	      1.911	      2.032	           	      0.000	   1511.000	   2272.000	   8329.418	     -0.036	     -0.047	      0.022	
 2018/11/16	   1.915	   1.933	   1.906	   1.915	         269000	      1.910	      1.904	      1.906	      2.029	           	      0.000	   2690.000	   2689.800	   2155.909	     -0.033	     -0.044	      0.023	
 2018/11/19	   1.915	   1.936	   1.915	   1.934	         108600	      1.917	      1.907	      1.897	      2.027	           	      0.000	   1086.000	   2534.800	   1924.800	     -0.028	     -0.041	      0.025	
 2018/11/20	   1.935	   1.935	   1.900	   1.900	         130000	      1.913	      1.907	      1.891	      2.024	           	      0.000	   1300.000	   2282.200	   1897.000	     -0.027	     -0.038	      0.022	
 2018/11/21	   1.895	   1.917	   1.872	   1.915	         271726	      1.915	      1.907	      1.887	      2.021	           	      0.000	   2717.260	   1860.852	   1989.726	     -0.024	     -0.035	      0.022	
 2018/11/22	   1.920	   1.935	   1.902	   1.902	         271200	      1.913	      1.909	      1.885	      2.017	           	      0.000	   2712.000	   2101.052	   2186.526	     -0.023	     -0.033	      0.019	
 2018/11/23	   1.910	   1.910	   1.868	   1.873	         170000	      1.905	      1.907	      1.883	      2.013	           	      0.000	   1700.000	   1903.052	   2296.426	     -0.024	     -0.031	      0.014	
 2018/11/26	   1.870	   1.878	   1.855	   1.866	          86000	      1.891	      1.904	      1.888	      2.009	           	      0.000	    860.000	   1857.852	   2196.326	     -0.026	     -0.030	      0.009	
 2018/11/27	   1.870	   1.887	   1.856	   1.887	          73400	      1.889	      1.901	      1.895	      2.004	           	      0.000	    734.000	   1744.652	   2013.426	     -0.024	     -0.029	      0.009	
 2018/11/28	   1.870	   1.958	   1.862	   1.891	          44300	      1.884	      1.899	      1.898	      2.000	           	      0.000	    443.000	   1289.800	   1575.326	     -0.023	     -0.028	      0.009	
 2018/11/29	   1.900	   1.917	   1.884	   1.884	         164800	      1.880	      1.897	      1.901	      1.995	           	      0.000	   1648.000	   1077.000	   1589.026	     -0.022	     -0.027	      0.009	
 2018/11/30	   1.886	   1.917	   1.882	   1.915	          76900	      1.889	      1.897	      1.900	      1.991	           	      0.000	    769.000	    890.800	   1396.926	     -0.019	     -0.025	      0.012	
 2018/12/03	   1.932	   1.993	   1.932	   1.979	         406200	      1.911	      1.901	      1.904	      1.989	           	      0.000	   4062.000	   1531.200	   1694.526	     -0.011	     -0.022	      0.023	
 2018/12/04	   1.980	   1.989	   1.969	   1.988	         569400	      1.931	      1.910	      1.908	      1.988	           	      0.000	   5694.000	   2523.200	   2133.926	     -0.004	     -0.019	      0.029	
 2018/12/05	   1.988	   2.010	   1.938	   2.003	         306900	      1.954	      1.919	      1.913	      1.986	           	      0.000	   3069.000	   3048.400	   2169.100	      0.003	     -0.014	      0.034	
 2018/12/06	   2.000	   2.000	   1.960	   1.965	         126100	      1.970	      1.925	      1.917	      1.984	           	      0.000	   1261.000	   2971.000	   2024.000	      0.005	     -0.010	      0.031	
 2018/12/07	   1.965	   1.972	   1.950	   1.958	          45800	      1.979	      1.934	      1.921	      1.982	           	      0.000	    458.000	   2908.800	   1899.800	      0.006	     -0.007	      0.027	
 2018/12/10	   1.950	   1.960	   1.938	   1.946	          66200	      1.972	      1.942	      1.923	      1.980	           	      0.000	    662.000	   2228.800	   1880.000	      0.006	     -0.004	      0.021	
 2018/12/11	   1.953	   1.958	   1.946	   1.950	          19700	      1.964	      1.948	      1.924	      1.979	           	      0.000	    197.000	   1129.400	   1826.300	      0.006	     -0.002	      0.017	
 2018/12/12	   1.970	   1.980	   1.964	   1.979	          80200	      1.960	      1.957	      1.928	      1.978	           	      0.000	    802.000	    676.000	   1862.200	      0.009	     -0.000	      0.018	
 2018/12/13	   1.981	   2.024	   1.973	   2.011	         433400	      1.969	      1.969	      1.933	      1.978	           	      0.000	   4334.000	   1290.600	   2130.800	      0.013	      0.003	      0.021	
 2018/12/14	   2.008	   2.008	   1.992	   1.992	         315700	      1.976	      1.977	      1.937	      1.977	           	      0.000	   3157.000	   1830.400	   2369.600	      0.015	      0.005	      0.019	
 2018/12/17	   1.987	   1.987	   1.970	   1.984	         158400	      1.983	      1.978	      1.939	      1.977	           	      0.000	   1584.000	   2014.800	   2121.800	      0.015	      0.007	      0.016	
 2018/12/18	   1.980	   1.980	   1.945	   1.962	         105000	      1.986	      1.975	      1.942	      1.976	           	      0.000	   1050.000	   2185.400	   1657.400	      0.014	      0.008	      0.011	
 2018/12/19	   1.956	   1.970	   1.928	   1.932	         160500	      1.976	      1.968	      1.943	      1.973	           	      0.000	   1605.000	   2346.000	   1511.000	      0.010	      0.009	      0.003	
 2018/12/20	   1.926	   1.937	   1.904	   1.932	         222500	      1.960	      1.965	      1.945	      1.971	           	      0.000	   2225.000	   1924.200	   1607.400	      0.007	      0.008	     -0.003	
 2018/12/21	   1.925	   1.925	   1.899	   1.914	         103100	      1.945	      1.960	      1.947	      1.968	           	      0.000	   1031.000	   1499.000	   1664.700	      0.003	      0.007	     -0.008	
 2018/12/24	   1.910	   1.939	   1.899	   1.939	         274100	      1.936	      1.959	      1.951	      1.964	           	      0.000	   2741.000	   1730.400	   1872.600	      0.002	      0.006	     -0.009	
 2018/12/25	   1.935	   1.943	   1.899	   1.932	         445000	      1.930	      1.958	      1.953	      1.960	           	      0.000	   4450.000	   2410.400	   2297.900	      0.001	      0.005	     -0.009	
 2018/12/26	   1.942	   1.942	   1.915	   1.926	         153500	      1.929	      1.952	      1.955	      1.955	           	      0.000	   1535.000	   2396.400	   2371.200	     -0.001	      0.004	     -0.010	
 2018/12/27	   1.925	   1.955	   1.925	   1.934	          45000	      1.929	      1.945	      1.957	      1.951	           	      0.000	    450.000	   2041.400	   1982.800	     -0.002	      0.003	     -0.009	
 2018/12/28	   1.939	   1.958	   1.919	   1.954	          39800	      1.937	      1.941	      1.959	      1.946	           	      0.000	    398.000	   1914.800	   1706.900	     -0.001	      0.002	     -0.005	
 2019/01/02	   1.959	   1.967	   1.933	   1.936	         247100	      1.936	      1.936	      1.957	      1.943	           	      0.000	   2471.000	   1860.800	   1795.600	     -0.001	      0.001	     -0.005	
 2019/01/03	   1.942	   1.942	   1.887	   1.892	         151400	      1.928	      1.929	      1.952	      1.938	           	      0.000	   1514.000	   1273.600	   1842.000	     -0.005	      0.000	     -0.010	
 2019/01/04	   1.890	   1.930	   1.885	   1.923	         670800	      1.928	      1.928	      1.948	      1.935	           	      0.000	   6708.000	   2308.200	   2352.300	     -0.006	     -0.001	     -0.009	
 2019/01/07	   1.935	   1.950	   1.929	   1.950	        1673200	      1.931	      1.930	      1.947	      1.934	           	      0.000	  16732.000	   5564.600	   3803.000	     -0.004	     -0.002	     -0.004	
 2019/01/08	   1.950	   1.950	   1.936	   1.940	           2900	      1.928	      1.933	      1.946	      1.932	           	      0.000	     29.000	   5490.800	   3702.800	     -0.003	     -0.002	     -0.003	
 2019/01/09	   1.956	   1.993	   1.956	   1.973	        1271700	      1.936	      1.936	      1.948	      1.931	           	      0.000	  12717.000	   7540.000	   4700.400	      0.000	     -0.001	      0.003	
 2019/01/10	   1.948	   1.965	   1.945	   1.960	          95300	      1.949	      1.939	      1.948	      1.930	           	      0.000	    953.000	   7427.800	   4350.700	      0.001	     -0.001	      0.005	
 2019/01/11	   1.969	   1.990	   1.912	   1.989	         112600	      1.962	      1.945	      1.949	      1.930	           	      0.000	   1126.000	   6311.400	   4309.800	      0.005	      0.000	      0.009	
 2019/01/14	   1.980	   1.980	   1.966	   1.966	          30000	      1.966	      1.948	      1.947	      1.930	           	      0.000	    300.000	   3025.000	   4294.800	      0.006	      0.001	      0.009	
 2019/01/15	   1.977	   2.059	   1.977	   2.058	         492300	      1.989	      1.959	      1.950	      1.931	           	      0.000	   4923.000	   4003.800	   4747.300	      0.014	      0.004	      0.020	
 2019/01/16	   2.060	   2.083	   2.045	   2.063	         183300	      2.007	      1.971	      1.954	      1.930	           	      0.000	   1833.000	   1827.000	   4683.500	      0.020	      0.007	      0.026	
 2019/01/17	   2.059	   2.080	   2.050	   2.061	         276200	      2.027	      1.988	      1.959	      1.931	           	      0.000	   2762.000	   2188.800	   4808.300	      0.025	      0.011	      0.028	
 2019/01/18	   2.064	   2.093	   2.064	   2.087	         458900	      2.047	      2.005	      1.966	      1.932	           	      0.000	   4589.000	   2881.400	   4596.400	      0.030	      0.015	      0.031	
 2019/01/21	   2.090	   2.134	   2.090	   2.106	         288600	      2.075	      2.020	      1.975	      1.935	           	      0.000	   2886.000	   3398.600	   3211.800	      0.036	      0.019	      0.034	
 2019/01/22	   2.100	   2.104	   2.071	   2.078	         230820	      2.079	      2.034	      1.983	      1.938	           	      0.000	   2308.200	   2875.640	   3439.720	      0.037	      0.022	      0.030	
 2019/01/23	   2.075	   2.088	   2.000	   2.075	         161800	      2.081	      2.044	      1.990	      1.943	           	      0.000	   1618.000	   2832.640	   2329.820	      0.038	      0.025	      0.025	
 2019/01/24	   2.091	   2.102	   2.070	   2.094	          75600	      2.088	      2.058	      1.998	      1.949	           	      0.000	    756.000	   2431.440	   2310.120	      0.039	      0.028	      0.022	
 2019/01/25	   2.100	   2.123	   2.090	   2.107	         122800	      2.092	      2.069	      2.007	      1.953	           	      0.000	   1228.000	   1759.240	   2320.320	      0.041	      0.031	      0.021	
 2019/01/28	   2.129	   2.144	   2.102	   2.103	         147300	      2.091	      2.083	      2.016	      1.958	           	      0.000	   1473.000	   1476.640	   2437.620	      0.042	      0.033	      0.018	
 2019/01/29	   2.092	   2.118	   2.085	   2.116	         231400	      2.099	      2.089	      2.024	      1.961	           	      0.000	   2314.000	   1477.800	   2176.720	      0.043	      0.035	      0.016	
 2019/01/30	   2.043	   2.116	   2.042	   2.096	         129800	      2.103	      2.092	      2.032	      1.964	           	      0.000	   1298.000	   1413.800	   2123.220	      0.042	      0.036	      0.011	
 2019/01/31	   2.096	   2.103	   2.083	   2.096	         104500	      2.104	      2.096	      2.042	      1.967	           	      0.000	   1045.000	   1471.600	   1951.520	      0.040	      0.037	      0.006	
 2019/02/01	   2.096	   2.130	   2.096	   2.130	         114100	      2.108	      2.100	      2.052	      1.971	           	      0.000	   1141.000	   1454.200	   1606.720	      0.041	      0.038	      0.007	
 2019/02/11	   2.139	   2.185	   2.130	   2.181	         308400	      2.124	      2.108	      2.064	      1.976	           	      0.000	   3084.000	   1776.400	   1626.520	      0.046	      0.039	      0.012	
 2019/02/12	   2.186	   2.198	   2.175	   2.188	         679700	      2.138	      2.119	      2.076	      1.981	           	      0.000	   6797.000	   2673.000	   2075.400	      0.049	      0.041	      0.016	
 2019/02/13	   2.181	   2.223	   2.181	   2.216	         327300	      2.162	      2.133	      2.089	      1.986	           	      0.000	   3273.000	   3068.000	   2240.900	      0.054	      0.044	      0.020	
 2019/02/14	   2.216	   2.253	   2.208	   2.249	         397100	      2.193	      2.148	      2.103	      1.992	           	      0.000	   3971.000	   3653.200	   2562.400	      0.059	      0.047	      0.025	
 2019/02/15	   2.248	   2.248	   2.213	   2.214	         368500	      2.210	      2.159	      2.114	      1.997	           	      0.000	   3685.000	   4162.000	   2808.100	      0.060	      0.050	      0.021	
 2019/02/18	   2.224	   2.279	   2.224	   2.278	         415100	      2.229	      2.176	      2.130	      2.003	           	      0.000	   4151.000	   4375.400	   3075.900	      0.065	      0.053	      0.025	
 2019/02/19	   2.278	   2.294	   2.222	   2.262	         437000	      2.244	      2.191	      2.140	      2.009	           	      0.000	   4370.000	   3890.000	   3281.500	      0.067	      0.056	      0.023	
 2019/02/20	   2.268	   2.273	   2.230	   2.249	         710200	      2.250	      2.206	      2.149	      2.014	           	      0.000	   7102.000	   4655.800	   3861.900	      0.067	      0.058	      0.018	
 2019/02/21	   2.249	   2.265	   2.220	   2.232	         298300	      2.247	      2.220	      2.158	      2.020	           	      0.000	   2983.000	   4458.200	   4055.700	      0.065	      0.059	      0.011	
 2019/02/22	   2.222	   2.256	   2.218	   2.256	         446200	      2.255	      2.233	      2.166	      2.025	           	      0.000	   4462.000	   4613.600	   4387.800	      0.064	      0.060	      0.008	
 2019/02/25	   2.266	   2.336	   2.258	   2.331	         671900	      2.266	      2.247	      2.178	      2.033	           	      0.000	   6719.000	   5127.200	   4751.300	      0.069	      0.062	      0.014	
 2019/02/26	   2.324	   2.336	   2.298	   2.298	         504500	      2.273	      2.259	      2.189	      2.040	           	      0.000	   5045.000	   5262.200	   4576.100	      0.069	      0.063	      0.011	
 2019/02/27	   2.308	   2.349	   2.290	   2.296	        1272100	      2.283	      2.266	      2.200	      2.047	           	      0.000	  12721.000	   6386.000	   5520.900	      0.068	      0.064	      0.008	
 2019/02/28	   2.296	   2.348	   2.296	   2.335	         536600	      2.303	      2.275	      2.212	      2.054	           	      0.000	   5366.000	   6862.600	   5660.400	      0.070	      0.065	      0.009	
 2019/03/01	   2.346	   2.390	   2.346	   2.388	         469100	      2.330	      2.293	      2.226	      2.063	           	      0.000	   4691.000	   6908.400	   5761.000	      0.075	      0.067	      0.015	
 2019/03/04	   2.390	   2.441	   2.378	   2.393	        1089500	      2.342	      2.304	      2.240	      2.071	           	      0.000	  10895.000	   7743.600	   6435.400	      0.078	      0.069	      0.017	
 2019/03/05	   2.392	   2.403	   2.379	   2.390	         414600	      2.360	      2.317	      2.254	      2.079	           	      0.000	   4146.000	   7563.800	   6413.000	      0.080	      0.071	      0.016	
 2019/03/06	   2.382	   2.386	   2.360	   2.382	         591900	      2.378	      2.330	      2.268	      2.086	           	      0.000	   5919.000	   6203.400	   6294.700	      0.079	      0.073	      0.012	
 2019/03/07	   2.363	   2.363	   2.325	   2.338	         554500	      2.378	      2.341	      2.280	      2.091	           	      0.000	   5545.000	   6239.200	   6550.900	      0.075	      0.073	      0.002	
 2019/03/08	   2.328	   2.328	   2.222	   2.286	         851900	      2.358	      2.344	      2.288	      2.096	           	      0.000	   8519.000	   7004.800	   6956.600	      0.066	      0.072	     -0.012	
 2019/03/11	   2.245	   2.354	   2.245	   2.354	         645100	      2.350	      2.346	      2.297	      2.103	           	      0.000	   6451.000	   6116.000	   6929.800	      0.064	      0.070	     -0.013	
 2019/03/12	   2.354	   2.365	   2.328	   2.338	         452000	      2.340	      2.350	      2.304	      2.109	           	      0.000	   4520.000	   6190.800	   6877.300	      0.060	      0.068	     -0.016	
 2019/03/13	   2.328	   2.347	   2.316	   2.320	         128900	      2.327	      2.352	      2.309	      2.115	           	      0.000	   1289.000	   5264.800	   5734.100	      0.055	      0.066	     -0.021	
 2019/03/14	   2.320	   2.357	   2.309	   2.335	         273200	      2.327	      2.352	      2.314	      2.122	           	      0.000	   2732.000	   4702.200	   5470.700	      0.052	      0.063	     -0.022	
 2019/03/15	   2.336	   2.389	   2.336	   2.375	         388900	      2.344	      2.351	      2.322	      2.128	           	      0.000	   3889.000	   3776.200	   5390.500	      0.052	      0.061	     -0.018	
 2019/03/18	   2.375	   2.498	   2.330	   2.498	        3098800	      2.373	      2.362	      2.333	      2.136	           	      0.000	  30988.000	   8683.600	   7399.800	      0.061	      0.061	      0.001	
 2019/03/19	   2.496	   2.496	   2.451	   2.472	         518900	      2.400	      2.370	      2.343	      2.144	           	      0.000	   5189.000	   8817.400	   7504.100	      0.065	      0.062	      0.008	
 2019/03/20	   2.469	   2.500	   2.442	   2.470	         392800	      2.430	      2.379	      2.354	      2.152	           	      0.000	   3928.000	   9345.200	   7305.000	      0.068	      0.063	      0.010	
 2019/03/21	   2.478	   2.479	   2.451	   2.466	         248200	      2.456	      2.391	      2.366	      2.161	           	      0.000	   2482.000	   9295.200	   6998.700	      0.069	      0.064	      0.010	
 2019/03/22	   2.469	   2.473	   2.439	   2.453	         582801	      2.472	      2.408	      2.376	      2.170	           	      0.000	   5828.010	   9683.002	   6729.601	      0.068	      0.065	      0.006	
 2019/03/25	   2.452	   2.452	   2.408	   2.408	         367800	      2.454	      2.414	      2.380	      2.177	           	      0.000	   3678.000	   4221.002	   6452.301	      0.063	      0.064	     -0.004	
 2019/03/26	   2.409	   2.433	   2.401	   2.420	         162700	      2.443	      2.422	      2.386	      2.186	           	      0.000	   1627.000	   3508.602	   6163.001	      0.059	      0.063	     -0.009	
 2019/03/27	   2.425	   2.464	   2.410	   2.464	         639500	      2.442	      2.436	      2.394	      2.195	           	      0.000	   6395.000	   4002.002	   6673.601	      0.058	      0.062	     -0.008	
 2019/03/28	   2.461	   2.482	   2.400	   2.465	         419400	      2.442	      2.449	      2.401	      2.204	           	      0.000	   4194.000	   4344.402	   6819.801	      0.058	      0.061	     -0.007	
 2019/03/29	   2.479	   2.589	   2.479	   2.562	        1536502	      2.464	      2.468	      2.409	      2.214	           	      0.000	  15365.020	   6251.804	   7967.403	      0.064	      0.062	      0.005	
 2019/04/01	   2.642	   2.642	   2.583	   2.633	         836900	      2.509	      2.481	      2.421	      2.226	           	      0.000	   8369.000	   7190.004	   5705.503	      0.074	      0.064	      0.020	
 2019/04/02	   2.698	   2.698	   2.591	   2.612	         978600	      2.547	      2.495	      2.433	      2.237	           	      0.000	   9786.000	   8821.804	   6165.203	      0.080	      0.067	      0.024	
 2019/04/03	   2.608	   2.628	   2.599	   2.619	        4390800	      2.578	      2.510	      2.444	      2.248	           	      0.000	  43908.000	  16324.404	  10163.203	      0.083	      0.071	      0.026	
 2019/04/04	   2.610	   2.660	   2.610	   2.653	        3562600	      2.616	      2.529	      2.460	      2.261	           	      0.000	  35626.000	  22610.805	  13477.603	      0.088	      0.074	      0.028	
 2019/04/08	   2.670	   2.715	   2.523	   2.658	        2248900	      2.635	      2.549	      2.479	      2.273	           	      0.000	  22489.000	  24035.600	  15143.702	      0.091	      0.078	      0.028	
 2019/04/09	   2.650	   2.686	   2.648	   2.679	         765800	      2.644	      2.576	      2.495	      2.285	           	      0.000	   7658.000	  23893.400	  15541.702	      0.094	      0.081	      0.027	
 2019/04/10	   2.669	   2.759	   2.662	   2.738	        1039300	      2.669	      2.608	      2.515	      2.299	           	      0.000	  10393.000	  24014.801	  16418.303	      0.101	      0.085	      0.031	
 2019/04/11	   2.728	   2.728	   2.635	   2.650	         792300	      2.676	      2.627	      2.532	      2.310	           	      0.000	   7923.000	  16817.801	  16571.102	      0.097	      0.087	      0.020	
 2019/04/12	   2.642	   2.656	   2.625	   2.640	         360800	      2.673	      2.644	      2.547	      2.321	           	      0.000	   3608.000	  10414.200	  16512.502	      0.092	      0.088	      0.008	
 2019/04/15	   2.650	   2.683	   2.610	   2.610	         569400	      2.663	      2.649	      2.559	      2.332	           	      0.000	   5694.000	   7055.200	  15545.400	      0.085	      0.088	     -0.005	
 2019/04/16	   2.607	   2.668	   2.595	   2.668	         592000	      2.661	      2.653	      2.567	      2.343	           	      0.000	   5920.000	   6707.600	  15300.500	      0.084	      0.087	     -0.007	
 2019/04/17	   2.670	   2.698	   2.657	   2.685	         520100	      2.651	      2.660	      2.578	      2.354	           	      0.000	   5201.000	   5669.200	  14842.000	      0.083	      0.086	     -0.007	
 2019/04/18	   2.686	   2.722	   2.685	   2.708	         446100	      2.662	      2.669	      2.590	      2.364	           	      0.000	   4461.000	   4976.800	  10897.300	      0.083	      0.085	     -0.006	
 2019/04/19	   2.712	   2.720	   2.679	   2.718	         715500	      2.678	      2.675	      2.602	      2.375	           	      0.000	   7155.000	   5686.200	   8050.200	      0.083	      0.085	     -0.005	
 2019/04/22	   2.728	   2.768	   2.694	   2.694	         509300	      2.695	      2.679	      2.614	      2.385	           	      0.000	   5093.000	   5566.000	   6310.600	      0.080	      0.084	     -0.008	
 2019/04/23	   2.694	   2.726	   2.674	   2.705	         770600	      2.702	      2.682	      2.629	      2.395	           	      0.000	   7706.000	   5923.200	   6315.400	      0.077	      0.082	     -0.010	
 2019/04/24	   2.715	   2.734	   2.665	   2.712	         757600	      2.707	      2.679	      2.644	      2.406	           	      0.000	   7576.000	   6398.200	   6033.700	      0.075	      0.081	     -0.012	
 2019/04/25	   2.713	   2.713	   2.657	   2.669	         509100	      2.700	      2.681	      2.654	      2.416	           	      0.000	   5091.000	   6524.200	   5750.500	      0.069	      0.079	     -0.019	
 2019/04/26	   2.679	   2.694	   2.650	   2.653	         422000	      2.687	      2.682	      2.663	      2.425	           	      0.000	   4220.000	   5937.200	   5811.700	      0.062	      0.075	     -0.026	
 2019/04/29	   2.644	   2.747	   2.644	   2.700	         689700	      2.688	      2.691	      2.670	      2.435	           	      0.000	   6897.000	   6298.000	   5932.000	      0.060	      0.072	     -0.024	
 2019/04/30	   2.710	   2.746	   2.699	   2.720	         340200	      2.691	      2.696	      2.675	      2.445	           	      0.000	   3402.000	   5437.200	   5680.200	      0.059	      0.070	     -0.021	
 2019/05/06	   2.730	   2.730	   2.565	   2.576	        1050300	      2.664	      2.685	      2.673	      2.453	           	      0.000	  10503.000	   6022.600	   6210.400	      0.046	      0.065	     -0.037	
 2019/05/07	   2.576	   2.690	   2.576	   2.675	         492700	      2.665	      2.682	      2.676	      2.463	           	      0.000	   4927.000	   5989.800	   6257.000	      0.044	      0.061	     -0.034	
 2019/05/08	   2.675	   2.688	   2.622	   2.644	         412500	      2.663	      2.675	      2.675	      2.472	           	      0.000	   4125.000	   5970.800	   5954.000	      0.039	      0.056	     -0.035	
 2019/05/09	   2.654	   2.654	   2.535	   2.579	         555100	      2.639	      2.663	      2.671	      2.479	           	      0.000	   5551.000	   5701.600	   5999.800	      0.029	      0.051	     -0.044	
 2019/05/10	   2.586	   2.687	   2.579	   2.685	         607600	      2.632	      2.661	      2.671	      2.488	           	      0.000	   6076.000	   6236.400	   5836.800	      0.030	      0.047	     -0.034	
 2019/05/13	   2.675	   2.699	   2.628	   2.681	        1354400	      2.653	      2.658	      2.669	      2.496	           	      0.000	  13544.000	   6844.600	   6433.600	      0.030	      0.043	     -0.027	
 2019/05/14	   2.656	   2.681	   2.638	   2.653	         352900	      2.648	      2.657	      2.669	      2.503	           	      0.000	   3529.000	   6565.000	   6277.400	      0.027	      0.040	     -0.026	
 2019/05/15	   2.663	   2.776	   2.663	   2.756	         946800	      2.671	      2.667	      2.675	      2.512	           	      0.000	   9468.000	   7633.600	   6802.200	      0.033	      0.039	     -0.012	
 2019/05/16	   2.756	   2.788	   2.730	   2.781	         697200	      2.711	      2.675	      2.683	      2.521	           	      0.000	   6972.000	   7917.800	   6809.700	      0.039	      0.039	      0.000	
 2019/05/17	   2.799	   2.799	   2.724	   2.735	         520700	      2.721	      2.677	      2.686	      2.529	           	      0.000	   5207.000	   7744.000	   6990.200	      0.039	      0.039	      0.001	
 2019/05/20	   2.725	   2.729	   2.635	   2.682	        2179700	      2.721	      2.687	      2.686	      2.536	           	      0.000	  21797.000	   9394.600	   8119.600	      0.035	      0.038	     -0.005	
 2019/05/21	   2.661	   2.725	   2.661	   2.700	         355100	      2.731	      2.690	      2.686	      2.543	           	      0.000	   3551.000	   9399.000	   7982.000	      0.033	      0.037	     -0.008	
 2019/05/22	   2.674	   2.718	   2.665	   2.690	         539600	      2.718	      2.694	      2.684	      2.551	           	      0.000	   5396.000	   8584.600	   8109.100	      0.030	      0.036	     -0.011	
 2019/05/23	   2.680	   2.681	   2.626	   2.635	         369100	      2.688	      2.700	      2.682	      2.557	           	      0.000	   3691.000	   7928.400	   7923.100	      0.023	      0.033	     -0.020	
 2019/05/24	   2.625	   2.676	   2.623	   2.649	         365000	      2.671	      2.696	      2.679	      2.563	   3650.000	      1.000	   3650.000	   7617.000	   7680.500	      0.019	      0.030	     -0.023	
数据来源:通达信
