                  红利ETF (510880)
      时间	    开盘	    最高	    最低	    收盘	         成交量	   MA.MA1   	   MA.MA2   	   MA.MA3   	   MA.MA4   	VOL-TDX.VVOL  	VOL-TDX.      	VOL-TDX.VOLUME	VOL-TDX.MAVOL1	VOL-TDX.MAVOL2	 MACD.DIF   	 MACD.DEA   	 MACD.MACD  	
 2010/09/02	   2.158	   2.158	   2.141	   2.156	       15647526	           	           	           	           	           	      0.000	 156475.266	           	           	      0.000	      0.000	      0.000	
 2010/09/03	   2.151	   2.157	   2.133	   2.144	        9345008	           	           	           	           	           	      0.000	  93450.078	           	           	     -0.001	     -0.000	     -0.002	
 2010/09/06	   2.156	   2.199	   2.150	   2.194	       18647430	           	           	           	           	           	      0.000	 186474.297	           	           	      0.002	      0.000	      0.004	
 2010/09/07	   2.199	   2.204	   2.181	   2.191	        9044573	           	           	           	           	           	      0.000	  90445.727	           	           	      0.005	      0.001	      0.007	
 2010/09/08	   2.181	   2.186	   2.170	   2.183	        7262467	      2.174	           	           	           	           	      0.000	  72624.672	 119894.008	           	      0.006	      0.002	      0.007	
 2010/09/09	   2.185	   2.185	   2.145	   2.154	       10648646	      2.173	           	           	           	           	      0.000	 106486.461	 109896.250	           	      0.004	      0.002	      0.003	
 2010/09/10	   2.155	   2.170	   2.127	   2.147	        6517595	      2.174	           	           	           	           	      0.000	  65175.949	 104241.422	           	      0.002	      0.002	     -0.000	
 2010/09/13	   2.146	   2.168	   2.139	   2.164	        8345734	      2.168	           	           	           	           	      0.000	  83457.344	  83638.031	           	      0.002	      0.002	     -0.000	
 2010/09/14	   2.164	   2.175	   2.150	   2.158	        8984861	      2.161	           	           	           	           	      0.000	  89848.609	  83518.609	           	      0.002	      0.002	     -0.001	
 2010/09/15	   2.156	   2.158	   2.131	   2.133	        3824827	      2.151	      2.162	           	           	           	      0.000	  38248.270	  76643.328	  98268.664	     -0.001	      0.002	     -0.005	
 2010/09/16	   2.129	   2.139	   2.072	   2.082	        8497632	      2.137	      2.155	           	           	           	      0.000	  84976.320	  72341.297	  91118.773	     -0.007	     -0.000	     -0.013	
 2010/09/17	   2.090	   2.097	   2.076	   2.078	        3153463	      2.123	      2.148	           	           	           	      0.000	  31534.631	  65613.031	  84927.227	     -0.012	     -0.002	     -0.019	
 2010/09/20	   2.085	   2.093	   2.071	   2.081	        4409644	      2.106	      2.137	           	           	           	      0.000	  44096.441	  57740.855	  70689.445	     -0.015	     -0.005	     -0.021	
 2010/09/21	   2.089	   2.090	   2.076	   2.082	        2705771	      2.091	      2.126	           	           	           	      0.000	  27057.711	  45182.676	  64350.641	     -0.018	     -0.007	     -0.020	
 2010/09/27	   2.083	   2.100	   2.082	   2.100	        3982055	      2.085	      2.118	           	           	           	      0.000	  39820.551	  45497.133	  61070.230	     -0.018	     -0.010	     -0.017	
 2010/09/28	   2.100	   2.100	   2.076	   2.079	        1656828	      2.084	      2.110	           	           	           	      0.000	  16568.279	  31815.523	  52078.410	     -0.020	     -0.012	     -0.016	
 2010/09/29	   2.080	   2.102	   2.079	   2.084	        3605537	      2.085	      2.104	           	           	           	      0.000	  36055.371	  32719.670	  49166.352	     -0.020	     -0.013	     -0.014	
 2010/09/30	   2.079	   2.130	   2.075	   2.121	        6884454	      2.093	      2.100	           	           	           	      0.000	  68844.539	  37669.289	  47705.070	     -0.018	     -0.014	     -0.007	
 2010/10/08	   2.140	   2.196	   2.131	   2.186	       10905850	      2.114	      2.103	           	           	           	      0.000	 109058.500	  54069.449	  49626.063	     -0.010	     -0.013	      0.006	
 2010/10/11	   2.190	   2.265	   2.190	   2.250	       23239536	      2.144	      2.114	      2.138	           	           	      0.000	 232395.359	  92584.406	  69040.773	      0.001	     -0.011	      0.023	
 2010/10/12	   2.248	   2.280	   2.232	   2.273	       16077043	      2.183	      2.133	      2.144	           	           	      0.000	 160770.438	 121424.844	  76620.180	      0.011	     -0.006	      0.035	
 2010/10/13	   2.274	   2.296	   2.260	   2.290	       12141761	      2.224	      2.155	      2.151	           	           	      0.000	 121417.609	 138497.281	  85608.477	      0.021	     -0.001	      0.043	
 2010/10/14	   2.303	   2.343	   2.302	   2.322	       19508060	      2.264	      2.179	      2.158	           	           	      0.000	 195080.594	 163744.500	 100706.898	      0.030	      0.005	      0.050	
 2010/10/15	   2.303	   2.416	   2.300	   2.415	       32683278	      2.310	      2.212	      2.169	           	           	      0.000	 326832.781	 207299.359	 130684.398	      0.045	      0.013	      0.063	
 2010/10/18	   2.429	   2.480	   2.400	   2.410	       87402728	      2.342	      2.243	      2.180	           	           	      0.000	 874027.250	 335625.750	 214105.078	      0.056	      0.022	      0.068	
 2010/10/19	   2.410	   2.445	   2.390	   2.445	       20387948	      2.376	      2.280	      2.195	           	           	      0.000	 203879.484	 344247.531	 232836.188	      0.066	      0.031	      0.071	
 2010/10/20	   2.410	   2.475	   2.398	   2.450	       77359064	      2.408	      2.316	      2.210	           	           	      0.000	 773590.625	 474682.156	 306589.719	      0.074	      0.039	      0.069	
 2010/10/21	   2.453	   2.465	   2.408	   2.422	       51231984	      2.428	      2.346	      2.223	           	           	      0.000	 512319.844	 538130.000	 350937.250	      0.077	      0.047	      0.060	
 2010/10/22	   2.400	   2.419	   2.388	   2.396	       13921724	      2.425	      2.367	      2.235	           	           	      0.000	 139217.234	 500606.875	 353953.125	      0.076	      0.053	      0.047	
 2010/10/25	   2.394	   2.452	   2.390	   2.451	       31763808	      2.433	      2.387	      2.251	           	           	      0.000	 317638.094	 389329.063	 362477.406	      0.080	      0.058	      0.043	
 2010/10/26	   2.452	   2.465	   2.419	   2.431	       14565755	      2.430	      2.403	      2.268	           	           	      0.000	 145657.547	 377684.656	 360966.094	      0.079	      0.062	      0.034	
 2010/10/27	   2.419	   2.453	   2.411	   2.417	       30495140	      2.423	      2.416	      2.285	           	           	      0.000	 304951.406	 283956.813	 379319.500	      0.077	      0.065	      0.024	
 2010/10/28	   2.407	   2.428	   2.400	   2.417	       15229484	      2.422	      2.425	      2.302	           	           	      0.000	 152294.844	 211951.828	 375040.906	      0.075	      0.067	      0.015	
 2010/10/29	   2.418	   2.425	   2.375	   2.381	       34481024	      2.419	      2.422	      2.317	           	           	      0.000	 344810.250	 253070.422	 376838.656	      0.069	      0.068	      0.003	
 2010/11/01	   2.382	   2.451	   2.382	   2.449	       40270028	      2.419	      2.426	      2.334	           	           	      0.000	 402700.281	 270082.875	 329705.969	      0.069	      0.068	      0.003	
 2010/11/02	   2.445	   2.472	   2.380	   2.436	       37476072	      2.420	      2.425	      2.352	           	           	      0.000	 374760.719	 315903.500	 346794.094	      0.068	      0.068	     -0.001	
 2010/11/03	   2.430	   2.450	   2.416	   2.419	       50121764	      2.420	      2.422	      2.369	           	           	      0.000	 501217.625	 355156.750	 319556.781	      0.064	      0.067	     -0.006	
 2010/11/04	   2.419	   2.460	   2.419	   2.453	       23368468	      2.428	      2.425	      2.386	           	           	      0.000	 233684.688	 371434.719	 291693.281	      0.063	      0.066	     -0.006	
 2010/11/05	   2.480	   2.496	   2.461	   2.478	       22289100	      2.447	      2.433	      2.400	           	           	      0.000	 222891.000	 347050.875	 300060.656	      0.064	      0.066	     -0.004	
 2010/11/08	   2.485	   2.514	   2.475	   2.508	       10075955	      2.459	      2.439	      2.413	           	           	      0.000	 100759.547	 286662.719	 278372.781	      0.066	      0.066	      0.001	
 2010/11/09	   2.509	   2.509	   2.473	   2.484	       16246336	      2.468	      2.444	      2.424	           	           	      0.000	 162463.359	 244203.250	 280053.375	      0.065	      0.066	     -0.001	
 2010/11/10	   2.477	   2.478	   2.446	   2.457	       27953816	      2.476	      2.448	      2.432	           	           	      0.000	 279538.156	 199867.344	 277512.063	      0.062	      0.065	     -0.007	
 2010/11/11	   2.454	   2.507	   2.451	   2.471	       31839020	      2.480	      2.454	      2.440	           	           	      0.000	 318390.188	 216808.453	 294121.594	      0.059	      0.064	     -0.009	
 2010/11/12	   2.469	   2.474	   2.348	   2.353	       37842108	      2.455	      2.451	      2.436	           	           	      0.000	 378421.094	 247914.469	 297482.656	      0.047	      0.061	     -0.027	
 2010/11/15	   2.366	   2.370	   2.309	   2.366	       48478944	      2.426	      2.442	      2.434	           	           	      0.000	 484789.438	 324720.438	 305691.594	      0.038	      0.056	     -0.035	
 2010/11/16	   2.361	   2.361	   2.265	   2.269	       12280402	      2.383	      2.426	      2.425	           	           	      0.000	 122804.023	 316788.594	 280495.906	      0.023	      0.050	     -0.053	
 2010/11/17	   2.258	   2.269	   2.228	   2.232	       27376302	      2.338	      2.407	      2.414	           	           	      0.000	 273763.031	 315633.563	 257750.453	      0.008	      0.041	     -0.066	
 2010/11/18	   2.247	   2.263	   2.230	   2.254	        8649569	      2.295	      2.387	      2.406	           	           	      0.000	  86495.688	 269254.656	 243031.547	     -0.002	      0.033	     -0.069	
 2010/11/19	   2.267	   2.275	   2.203	   2.274	        9146807	      2.279	      2.367	      2.400	           	           	      0.000	  91468.070	 211864.047	 229889.266	     -0.008	      0.025	     -0.066	
 2010/11/22	   2.257	   2.273	   2.233	   2.247	       28505392	      2.255	      2.341	      2.390	           	           	      0.000	 285053.906	 171916.938	 248318.688	     -0.015	      0.017	     -0.064	
 2010/11/23	   2.240	   2.240	   2.186	   2.217	       29461988	      2.245	      2.314	      2.379	           	           	      0.000	 294619.875	 206280.109	 261534.344	     -0.023	      0.009	     -0.063	
 2010/11/24	   2.195	   2.233	   2.195	   2.225	       10469769	      2.243	      2.291	      2.369	           	           	      0.000	 104697.688	 172467.047	 244050.297	     -0.028	      0.001	     -0.059	
 2010/11/25	   2.229	   2.254	   2.222	   2.250	        9309481	      2.243	      2.269	      2.361	           	           	      0.000	  93094.813	 173786.875	 221520.766	     -0.030	     -0.005	     -0.050	
 2010/11/26	   2.246	   2.259	   2.228	   2.240	       29449816	      2.236	      2.257	      2.354	           	           	      0.000	 294498.156	 214392.891	 213128.469	     -0.032	     -0.010	     -0.043	
 2010/11/29	   2.230	   2.234	   2.211	   2.220	        2394180	      2.230	      2.243	      2.343	           	           	      0.000	  23941.801	 162170.469	 167043.703	     -0.034	     -0.015	     -0.038	
 2010/11/30	   2.220	   2.237	   2.153	   2.194	       46922552	      2.226	      2.235	      2.331	           	           	      0.000	 469225.531	 197091.594	 201685.859	     -0.038	     -0.020	     -0.037	
 2010/12/01	   2.193	   2.209	   2.171	   2.200	        4326572	      2.221	      2.232	      2.320	           	           	      0.000	  43265.719	 184805.203	 178636.125	     -0.040	     -0.024	     -0.033	
 2010/12/02	   2.227	   2.249	   2.213	   2.213	       27081792	      2.213	      2.228	      2.308	           	           	      0.000	 270817.906	 220349.828	 197068.344	     -0.040	     -0.027	     -0.026	
 2010/12/03	   2.214	   2.218	   2.196	   2.209	        3895709	      2.207	      2.221	      2.294	           	           	      0.000	  38957.090	 169241.609	 191817.250	     -0.040	     -0.030	     -0.021	
 2010/12/06	   2.212	   2.225	   2.201	   2.216	        5571134	      2.206	      2.218	      2.280	      2.277	           	      0.000	  55711.340	 175595.516	 168882.984	     -0.039	     -0.032	     -0.015	
 2010/12/07	   2.201	   2.236	   2.180	   2.229	        5626881	      2.213	      2.220	      2.267	      2.278	           	      0.000	  56268.809	  93004.172	 145047.891	     -0.037	     -0.033	     -0.008	
 2010/12/08	   2.235	   2.235	   2.202	   2.205	       13099341	      2.214	      2.218	      2.254	      2.279	           	      0.000	 130993.406	 110549.711	 147677.453	     -0.036	     -0.033	     -0.006	
 2010/12/09	   2.210	   2.210	   2.180	   2.181	        5072688	      2.208	      2.211	      2.240	      2.279	           	      0.000	  50726.879	  66531.508	 143440.656	     -0.038	     -0.034	     -0.007	
 2010/12/10	   2.172	   2.204	   2.168	   2.192	       12081290	      2.205	      2.206	      2.232	      2.279	           	      0.000	 120812.898	  82902.664	 126072.141	     -0.037	     -0.035	     -0.005	
 2010/12/13	   2.191	   2.260	   2.191	   2.258	       27057640	      2.213	      2.210	      2.226	      2.280	           	      0.000	 270576.406	 125875.680	 150735.594	     -0.031	     -0.034	      0.006	
 2010/12/14	   2.263	   2.273	   2.251	   2.258	       26276876	      2.219	      2.216	      2.226	      2.282	           	      0.000	 262768.750	 167175.672	 130089.922	     -0.026	     -0.033	      0.012	
 2010/12/15	   2.256	   2.274	   2.248	   2.252	       30190780	      2.228	      2.221	      2.227	      2.284	           	      0.000	 301907.813	 201358.547	 155954.125	     -0.023	     -0.031	      0.016	
 2010/12/16	   2.250	   2.259	   2.246	   2.250	       24644546	      2.242	      2.225	      2.227	      2.285	           	      0.000	 246445.453	 240502.266	 153516.891	     -0.020	     -0.028	      0.018	
 2010/12/17	   2.240	   2.251	   2.238	   2.245	        1905126	      2.253	      2.229	      2.225	      2.287	           	      0.000	  19051.260	 220149.938	 151526.297	     -0.017	     -0.026	      0.018	
 2010/12/20	   2.252	   2.260	   2.177	   2.204	        7173164	      2.242	      2.227	      2.223	      2.288	           	      0.000	  71731.641	 180380.984	 153128.328	     -0.019	     -0.025	      0.012	
 2010/12/21	   2.216	   2.262	   2.201	   2.253	        4706119	      2.241	      2.230	      2.225	      2.291	           	      0.000	  47061.191	 137239.469	 152207.563	     -0.016	     -0.023	      0.014	
 2010/12/22	   2.244	   2.263	   2.226	   2.234	        2135028	      2.237	      2.233	      2.225	      2.293	           	      0.000	  21350.279	  81127.969	 141243.250	     -0.015	     -0.021	      0.013	
 2010/12/23	   2.237	   2.260	   2.227	   2.237	        3623567	      2.235	      2.238	      2.224	      2.296	           	      0.000	  36235.672	  39086.008	 139794.141	     -0.013	     -0.020	      0.013	
 2010/12/24	   2.228	   2.228	   2.205	   2.214	        2584611	      2.228	      2.240	      2.223	      2.298	           	      0.000	  25846.109	  40444.977	 130297.461	     -0.014	     -0.019	      0.009	
 2010/12/27	   2.220	   2.253	   2.180	   2.181	        4279144	      2.224	      2.233	      2.221	      2.299	           	      0.000	  42791.441	  34656.938	 107518.961	     -0.017	     -0.018	      0.002	
 2010/12/28	   2.165	   2.188	   2.150	   2.154	        8231619	      2.204	      2.222	      2.219	      2.301	           	      0.000	  82316.188	  41707.938	  89473.703	     -0.021	     -0.019	     -0.005	
 2010/12/29	   2.159	   2.160	   2.138	   2.151	        2561940	      2.187	      2.212	      2.217	      2.302	           	      0.000	  25619.400	  42561.762	  61844.863	     -0.025	     -0.020	     -0.009	
 2010/12/30	   2.151	   2.164	   2.135	   2.154	       27376156	      2.171	      2.203	      2.214	      2.302	           	      0.000	 273761.563	  90066.938	  64576.473	     -0.027	     -0.021	     -0.011	
 2010/12/31	   2.160	   2.179	   2.146	   2.178	       13264155	      2.164	      2.196	      2.212	      2.302	           	      0.000	 132641.547	 111426.031	  75935.500	     -0.026	     -0.022	     -0.008	
 2011/01/04	   2.182	   2.235	   2.182	   2.220	        4013813	      2.171	      2.198	      2.213	      2.302	           	      0.000	  40138.129	 110895.367	  72776.148	     -0.022	     -0.022	      0.000	
 2011/01/05	   2.208	   2.224	   2.198	   2.220	       23318194	      2.185	      2.194	      2.212	      2.301	           	      0.000	 233181.938	 141068.516	  91388.227	     -0.019	     -0.022	      0.006	
 2011/01/06	   2.220	   2.225	   2.205	   2.206	        1487420	      2.196	      2.191	      2.212	      2.299	           	      0.000	  14874.200	 138919.469	  90740.617	     -0.017	     -0.021	      0.007	
 2011/01/07	   2.201	   2.245	   2.193	   2.222	        6140966	      2.209	      2.190	      2.214	      2.298	           	      0.000	  61409.660	  96449.094	  93258.016	     -0.014	     -0.019	      0.011	
 2011/01/10	   2.208	   2.229	   2.184	   2.192	       26574136	      2.212	      2.188	      2.214	      2.294	           	      0.000	 265741.375	 123069.063	 117247.547	     -0.014	     -0.018	      0.008	
 2011/01/11	   2.188	   2.212	   2.183	   2.210	        4345967	      2.210	      2.191	      2.212	      2.291	           	      0.000	  43459.672	 123733.367	 117314.367	     -0.013	     -0.017	      0.009	
 2011/01/12	   2.215	   2.230	   2.201	   2.220	        2174463	      2.210	      2.197	      2.210	      2.287	           	      0.000	  21744.631	  81445.906	 111257.211	     -0.010	     -0.016	      0.011	
 2011/01/13	   2.228	   2.236	   2.216	   2.221	        2404627	      2.213	      2.204	      2.208	      2.283	           	      0.000	  24046.270	  83280.320	 111099.898	     -0.008	     -0.014	      0.012	
 2011/01/14	   2.224	   2.224	   2.193	   2.203	        2621183	      2.209	      2.209	      2.206	      2.280	           	      0.000	  26211.830	  76240.758	  86344.922	     -0.008	     -0.013	      0.010	
 2011/01/17	   2.202	   2.202	   2.133	   2.140	       31902632	      2.199	      2.205	      2.201	      2.275	           	      0.000	 319026.313	  86897.742	 104983.398	     -0.013	     -0.013	      0.000	
 2011/01/18	   2.139	   2.140	   2.123	   2.131	        2997531	      2.183	      2.197	      2.197	      2.270	           	      0.000	  29975.311	  84200.867	 103967.117	     -0.017	     -0.014	     -0.007	
 2011/01/19	   2.133	   2.175	   2.124	   2.169	        3046061	      2.173	      2.191	      2.193	      2.266	           	      0.000	  30460.609	  85944.063	  83694.984	     -0.018	     -0.015	     -0.006	
 2011/01/20	   2.165	   2.168	   2.109	   2.110	        4302946	      2.151	      2.182	      2.187	      2.260	           	      0.000	  43029.461	  89740.703	  86510.516	     -0.022	     -0.016	     -0.012	
 2011/01/21	   2.111	   2.163	   2.108	   2.136	        3161237	      2.137	      2.173	      2.182	      2.256	           	      0.000	  31612.369	  90820.813	  83530.781	     -0.023	     -0.018	     -0.012	
 2011/01/24	   2.138	   2.146	   2.118	   2.127	        2292563	      2.135	      2.167	      2.177	      2.252	           	      0.000	  22925.631	  31600.676	  59249.211	     -0.025	     -0.019	     -0.012	
 2011/01/25	   2.127	   2.134	   2.113	   2.120	        2017711	      2.132	      2.158	      2.174	      2.246	           	      0.000	  20177.109	  29641.035	  56920.953	     -0.026	     -0.021	     -0.012	
 2011/01/26	   2.120	   2.134	   2.120	   2.128	        1779403	      2.124	      2.148	      2.173	      2.241	           	      0.000	  17794.029	  27107.721	  56525.895	     -0.027	     -0.022	     -0.010	
 2011/01/27	   2.120	   2.170	   2.110	   2.163	        3385078	      2.135	      2.143	      2.174	      2.237	           	      0.000	  33850.781	  25271.984	  57506.344	     -0.024	     -0.022	     -0.003	
 2011/01/28	   2.160	   2.172	   2.151	   2.169	        2260738	      2.141	      2.139	      2.174	      2.232	           	      0.000	  22607.381	  23470.986	  57145.898	     -0.021	     -0.022	      0.003	
 2011/01/31	   2.168	   2.187	   2.165	   2.186	        1165725	      2.153	      2.144	      2.175	      2.227	           	      0.000	  11657.250	  21217.311	  26408.992	     -0.017	     -0.021	      0.008	
 2011/02/01	   2.190	   2.195	   2.182	   2.191	        2043036	      2.167	      2.150	      2.173	      2.222	           	      0.000	  20430.359	  21267.961	  25454.498	     -0.013	     -0.019	      0.013	
 2011/02/09	   2.183	   2.198	   2.169	   2.170	        2439088	      2.176	      2.150	      2.171	      2.217	           	      0.000	  24390.881	  22587.330	  24847.525	     -0.011	     -0.018	      0.012	
 2011/02/10	   2.170	   2.200	   2.155	   2.198	        5463496	      2.183	      2.159	      2.170	      2.212	           	      0.000	  54634.961	  26744.166	  26008.074	     -0.008	     -0.016	      0.015	
 2011/02/11	   2.197	   2.204	   2.185	   2.200	        2062862	      2.189	      2.165	      2.169	      2.208	           	      0.000	  20628.619	  26348.414	  24909.699	     -0.005	     -0.014	      0.017	
 2011/02/14	   2.200	   2.292	   2.200	   2.283	       34471028	      2.208	      2.181	      2.174	      2.207	           	      0.000	 344710.281	  92959.023	  57088.164	      0.004	     -0.010	      0.028	
 2011/02/15	   2.284	   2.305	   2.278	   2.278	       29873976	      2.226	      2.197	      2.177	      2.205	           	      0.000	 298739.750	 148620.906	  84944.430	      0.011	     -0.006	      0.033	
 2011/02/16	   2.275	   2.294	   2.268	   2.292	        6531857	      2.250	      2.213	      2.181	      2.205	           	      0.000	  65318.570	 156806.438	  89696.883	      0.017	     -0.001	      0.036	
 2011/02/17	   2.293	   2.305	   2.277	   2.288	        3604646	      2.268	      2.226	      2.184	      2.206	           	      0.000	  36046.461	 153088.734	  89916.453	      0.021	      0.003	      0.036	
 2011/02/18	   2.284	   2.288	   2.263	   2.270	       10001987	      2.282	      2.236	      2.187	      2.207	           	      0.000	 100019.867	 168966.984	  97657.703	      0.023	      0.007	      0.031	
 2011/02/21	   2.265	   2.305	   2.259	   2.305	        6791504	      2.287	      2.247	      2.196	      2.207	           	      0.000	  67915.039	 113607.938	 103283.477	      0.027	      0.011	      0.031	
 2011/02/22	   2.304	   2.310	   2.240	   2.243	       26142496	      2.280	      2.253	      2.201	      2.207	           	      0.000	 261424.953	 106144.977	 127382.938	      0.024	      0.014	      0.022	
 2011/02/23	   2.239	   2.246	   2.234	   2.243	        3267664	      2.270	      2.260	      2.205	      2.208	           	      0.000	  32676.641	  99616.594	 128211.516	      0.022	      0.015	      0.014	
 2011/02/24	   2.244	   2.266	   2.236	   2.257	        2857579	      2.264	      2.266	      2.212	      2.208	           	      0.000	  28575.789	  98122.461	 125605.594	      0.022	      0.017	      0.010	
 2011/02/25	   2.261	   2.275	   2.240	   2.264	        2485057	      2.262	      2.272	      2.219	      2.208	           	      0.000	  24850.570	  83088.602	 126027.789	      0.021	      0.018	      0.008	
 2011/02/28	   2.266	   2.288	   2.250	   2.285	        3829200	      2.258	      2.273	      2.227	      2.209	           	      0.000	  38292.000	  77163.992	  95385.961	      0.023	      0.019	      0.008	
 2011/03/01	   2.281	   2.310	   2.280	   2.295	       11677922	      2.269	      2.274	      2.235	      2.210	           	      0.000	 116779.219	  48234.844	  77189.914	      0.024	      0.020	      0.009	
 2011/03/02	   2.286	   2.297	   2.273	   2.281	        4841966	      2.276	      2.273	      2.243	      2.212	           	      0.000	  48419.660	  51383.449	  75500.023	      0.024	      0.021	      0.007	
 2011/03/03	   2.280	   2.313	   2.280	   2.290	       10949357	      2.283	      2.273	      2.249	      2.213	           	      0.000	 109493.570	  67567.000	  82844.734	      0.024	      0.021	      0.006	
 2011/03/04	   2.290	   2.328	   2.287	   2.323	       26829926	      2.295	      2.279	      2.257	      2.215	           	      0.000	 268299.250	 116256.742	  99672.672	      0.027	      0.022	      0.009	
 2011/03/07	   2.324	   2.384	   2.324	   2.383	       12233622	      2.314	      2.286	      2.267	      2.218	           	      0.000	 122336.219	 133065.578	 105114.789	      0.033	      0.025	      0.017	
 2011/03/08	   2.382	   2.388	   2.370	   2.380	       14977608	      2.331	      2.300	      2.276	      2.221	           	      0.000	 149776.078	 139664.953	  93949.898	      0.038	      0.027	      0.021	
 2011/03/09	   2.380	   2.388	   2.368	   2.369	       19583580	      2.349	      2.313	      2.286	      2.223	           	      0.000	 195835.797	 169148.188	 110265.813	      0.040	      0.030	      0.020	
 2011/03/10	   2.367	   2.367	   2.327	   2.330	        8552730	      2.357	      2.320	      2.293	      2.225	           	      0.000	  85527.297	 164354.922	 115960.969	      0.038	      0.031	      0.013	
 2011/03/11	   2.327	   2.336	   2.306	   2.308	       12976594	      2.354	      2.324	      2.298	      2.227	           	      0.000	 129765.938	 136648.266	 126452.500	      0.034	      0.032	      0.005	
 2011/03/14	   2.301	   2.317	   2.296	   2.310	        2857250	      2.339	      2.327	      2.300	      2.229	           	      0.000	  28572.500	 117895.523	 125480.555	      0.031	      0.032	     -0.001	
 2011/03/15	   2.312	   2.312	   2.240	   2.270	       17787204	      2.317	      2.324	      2.299	      2.229	           	      0.000	 177872.047	 123514.719	 131589.828	      0.025	      0.031	     -0.010	
 2011/03/16	   2.270	   2.309	   2.270	   2.302	        4704087	      2.304	      2.326	      2.300	      2.230	           	      0.000	  47040.871	  93755.734	 131451.953	      0.023	      0.029	     -0.012	
 2011/03/17	   2.285	   2.309	   2.271	   2.280	        7314041	      2.294	      2.326	      2.299	      2.231	           	      0.000	  73140.406	  91278.352	 127816.641	      0.019	      0.027	     -0.016	
 2011/03/18	   2.287	   2.304	   2.283	   2.286	        2692250	      2.290	      2.322	      2.300	      2.231	           	      0.000	  26922.500	  70709.664	 103678.969	      0.016	      0.025	     -0.017	
 2011/03/21	   2.287	   2.296	   2.269	   2.273	        2829983	      2.282	      2.311	      2.299	      2.232	           	      0.000	  28299.830	  70655.133	  94275.328	      0.013	      0.023	     -0.019	
 2011/03/22	   2.275	   2.296	   2.264	   2.290	       22177772	      2.286	      2.302	      2.301	      2.233	           	      0.000	 221777.719	  79436.266	 101475.492	      0.011	      0.020	     -0.018	
 2011/03/23	   2.288	   2.318	   2.282	   2.315	       24221896	      2.289	      2.296	      2.305	      2.234	           	      0.000	 242218.953	 118471.883	 106113.805	      0.012	      0.019	     -0.013	
 2011/03/24	   2.315	   2.322	   2.310	   2.315	        1794369	      2.296	      2.295	      2.307	      2.235	           	      0.000	  17943.689	 107432.539	  99355.445	      0.013	      0.017	     -0.010	
 2011/03/25	   2.311	   2.352	   2.311	   2.347	       32959534	      2.308	      2.299	      2.312	      2.237	           	      0.000	 329595.344	 167967.109	 119338.383	      0.015	      0.017	     -0.003	
 2011/03/28	   2.351	   2.360	   2.338	   2.339	        7221607	      2.321	      2.302	      2.314	      2.239	           	      0.000	  72216.070	 176750.359	 123702.742	      0.017	      0.017	     -0.001	
 2011/03/29	   2.333	   2.367	   2.330	   2.336	       26386892	      2.330	      2.308	      2.316	      2.242	           	      0.000	 263868.906	 185168.594	 132302.422	      0.017	      0.017	      0.000	
 2011/03/30	   2.331	   2.340	   2.318	   2.330	       44824840	      2.333	      2.311	      2.319	      2.245	           	      0.000	 448248.406	 226374.484	 172423.188	      0.017	      0.017	      0.000	
 2011/03/31	   2.330	   2.336	   2.308	   2.311	        2449000	      2.333	      2.314	      2.320	      2.248	           	      0.000	  24490.000	 227683.750	 167558.141	      0.015	      0.017	     -0.003	
 2011/04/01	   2.319	   2.347	   2.312	   2.345	       23153048	      2.332	      2.320	      2.321	      2.251	           	      0.000	 231530.484	 208070.781	 188018.938	      0.016	      0.017	     -0.001	
 2011/04/06	   2.333	   2.397	   2.326	   2.389	       32937340	      2.342	      2.332	      2.321	      2.254	           	      0.000	 329373.406	 259502.234	 218126.297	      0.020	      0.017	      0.006	
 2011/04/07	   2.387	   2.397	   2.378	   2.387	       13606817	      2.352	      2.341	      2.322	      2.257	           	      0.000	 136068.172	 233942.094	 209555.344	      0.023	      0.019	      0.010	
 2011/04/08	   2.390	   2.403	   2.381	   2.400	       26772316	      2.366	      2.350	      2.323	      2.260	           	      0.000	 267723.156	 197837.047	 212105.766	      0.026	      0.020	      0.012	
 2011/04/11	   2.401	   2.430	   2.397	   2.399	       30148710	      2.384	      2.358	      2.327	      2.263	           	      0.000	 301487.094	 253236.469	 240460.109	      0.028	      0.022	      0.013	
 2011/04/12	   2.395	   2.420	   2.383	   2.401	        5295974	      2.395	      2.364	      2.331	      2.266	           	      0.000	  52959.738	 217522.313	 212796.547	      0.030	      0.023	      0.013	
 2011/04/13	   2.390	   2.418	   2.383	   2.416	        2978728	      2.401	      2.371	      2.337	      2.270	           	      0.000	  29787.279	 157605.094	 208553.672	      0.032	      0.025	      0.013	
 2011/04/14	   2.417	   2.431	   2.413	   2.415	        7237475	      2.406	      2.379	      2.344	      2.273	           	      0.000	  72374.750	 144866.406	 189404.250	      0.033	      0.027	      0.012	
 2011/04/15	   2.407	   2.432	   2.402	   2.423	        2853676	      2.411	      2.389	      2.350	      2.277	           	      0.000	  28536.760	  97029.125	 147433.078	      0.034	      0.028	      0.012	
 2011/04/18	   2.406	   2.440	   2.406	   2.430	       42218480	      2.417	      2.401	      2.357	      2.280	           	      0.000	 422184.813	 121168.672	 187202.563	      0.035	      0.029	      0.011	
 2011/04/19	   2.420	   2.420	   2.373	   2.380	       46584520	      2.413	      2.404	      2.362	      2.283	           	      0.000	 465845.188	 203745.750	 210634.031	      0.031	      0.030	      0.003	
 2011/04/20	   2.382	   2.395	   2.367	   2.375	        5958770	      2.405	      2.403	      2.367	      2.287	           	      0.000	  59587.699	 209705.844	 183655.469	      0.028	      0.029	     -0.003	
 2011/04/21	   2.382	   2.405	   2.382	   2.398	        5295261	      2.401	      2.404	      2.373	      2.292	           	      0.000	  52952.609	 205821.406	 175343.906	      0.027	      0.029	     -0.005	
 2011/04/22	   2.398	   2.407	   2.379	   2.381	        2488395	      2.393	      2.402	      2.376	      2.295	           	      0.000	  24883.949	 205090.844	 151059.984	      0.024	      0.028	     -0.008	
 2011/04/25	   2.380	   2.380	   2.342	   2.342	       12587036	      2.375	      2.396	      2.377	      2.299	           	      0.000	 125870.359	 145827.969	 133498.313	      0.018	      0.026	     -0.015	
 2011/04/26	   2.341	   2.348	   2.322	   2.326	        2878111	      2.364	      2.389	      2.376	      2.302	           	      0.000	  28781.109	  58415.145	 131080.453	      0.013	      0.023	     -0.021	
 2011/04/27	   2.342	   2.346	   2.312	   2.322	        2728427	      2.354	      2.379	      2.375	      2.305	           	      0.000	  27284.270	  51954.461	 130830.148	      0.008	      0.020	     -0.025	
 2011/04/28	   2.323	   2.346	   2.298	   2.304	       12539031	      2.335	      2.368	      2.374	      2.308	           	      0.000	 125390.313	  66442.000	 136131.703	      0.002	      0.017	     -0.029	
 2011/04/29	   2.304	   2.322	   2.285	   2.322	       18629406	      2.323	      2.358	      2.373	      2.312	           	      0.000	 186294.063	  98724.023	 151907.438	     -0.001	      0.013	     -0.027	
 2011/05/03	   2.320	   2.330	   2.304	   2.329	        3615590	      2.321	      2.348	      2.374	      2.314	           	      0.000	  36155.898	  80781.133	 113304.547	     -0.002	      0.010	     -0.025	
 2011/05/04	   2.326	   2.326	   2.270	   2.274	       10459841	      2.310	      2.337	      2.371	      2.316	           	      0.000	 104598.406	  95944.594	  77179.867	     -0.008	      0.007	     -0.029	
 2011/05/05	   2.285	   2.285	   2.258	   2.273	        3825683	      2.300	      2.327	      2.365	      2.318	           	      0.000	  38256.828	  98139.102	  75046.781	     -0.012	      0.003	     -0.030	
 2011/05/06	   2.265	   2.283	   2.253	   2.270	        9156164	      2.294	      2.314	      2.359	      2.319	           	      0.000	  91561.641	  91373.367	  78907.688	     -0.016	     -0.001	     -0.030	
 2011/05/09	   2.276	   2.285	   2.268	   2.275	        2381547	      2.284	      2.304	      2.353	      2.321	           	      0.000	  23815.471	  58877.648	  78800.836	     -0.018	     -0.004	     -0.027	
 2011/05/10	   2.275	   2.288	   2.272	   2.288	        7402796	      2.276	      2.298	      2.347	      2.322	           	      0.000	  74027.961	  66452.063	  73616.594	     -0.019	     -0.007	     -0.023	
 2011/05/11	   2.288	   2.291	   2.275	   2.280	        1866756	      2.277	      2.294	      2.341	      2.324	           	      0.000	  18667.561	  49265.891	  72605.242	     -0.019	     -0.010	     -0.019	
 2011/05/12	   2.275	   2.275	   2.256	   2.258	        1993369	      2.274	      2.287	      2.333	      2.323	           	      0.000	  19933.689	  45601.266	  71870.180	     -0.022	     -0.012	     -0.019	
 2011/05/13	   2.260	   2.275	   2.248	   2.275	        1993250	      2.275	      2.284	      2.326	      2.323	           	      0.000	  19932.500	  31275.436	  61324.402	     -0.022	     -0.014	     -0.015	
 2011/05/16	   2.274	   2.274	   2.248	   2.249	        2079289	      2.270	      2.277	      2.318	      2.322	           	      0.000	  20792.891	  30670.920	  44774.285	     -0.024	     -0.016	     -0.015	
 2011/05/17	   2.240	   2.268	   2.228	   2.261	        2710403	      2.265	      2.270	      2.309	      2.322	           	      0.000	  27104.029	  21286.135	  43869.098	     -0.024	     -0.017	     -0.013	
 2011/05/18	   2.262	   2.278	   2.250	   2.271	        1909944	      2.263	      2.270	      2.304	      2.322	           	      0.000	  19099.439	  21372.510	  35319.199	     -0.023	     -0.019	     -0.009	
 2011/05/19	   2.264	   2.280	   2.257	   2.258	       17576316	      2.263	      2.269	      2.298	      2.321	           	      0.000	 175763.156	  52538.402	  49069.832	     -0.023	     -0.019	     -0.007	
 2011/05/20	   2.251	   2.265	   2.251	   2.252	        4437890	      2.258	      2.267	      2.290	      2.321	           	      0.000	  44378.898	  57427.684	  44351.559	     -0.023	     -0.020	     -0.006	
 2011/05/23	   2.249	   2.253	   2.186	   2.190	        7954476	      2.246	      2.258	      2.281	      2.320	           	      0.000	  79544.758	  69178.055	  49924.488	     -0.028	     -0.022	     -0.013	
 2011/05/24	   2.188	   2.188	   2.173	   2.180	        3140601	      2.230	      2.247	      2.273	      2.319	           	      0.000	  31406.010	  70038.453	  45662.293	     -0.033	     -0.024	     -0.017	
 2011/05/25	   2.182	   2.183	   2.158	   2.160	        2078126	      2.208	      2.235	      2.265	      2.317	           	      0.000	  20781.260	  70374.813	  45873.664	     -0.037	     -0.027	     -0.021	
 2011/05/26	   2.165	   2.179	   2.163	   2.167	        9108807	      2.190	      2.226	      2.257	      2.315	           	      0.000	  91088.070	  53439.801	  52989.102	     -0.040	     -0.029	     -0.021	
 2011/05/27	   2.170	   2.180	   2.158	   2.158	        2338802	      2.171	      2.215	      2.250	      2.313	           	      0.000	  23388.020	  49241.625	  53334.652	     -0.042	     -0.032	     -0.021	
 2011/05/30	   2.158	   2.172	   2.146	   2.161	        2251066	      2.165	      2.206	      2.241	      2.311	           	      0.000	  22510.660	  37834.805	  53506.430	     -0.043	     -0.034	     -0.018	
 2011/05/31	   2.168	   2.187	   2.159	   2.187	        9304154	      2.167	      2.198	      2.234	      2.309	           	      0.000	  93041.539	  50161.910	  60100.180	     -0.042	     -0.036	     -0.012	
 2011/06/01	   2.187	   2.187	   2.175	   2.181	        1569679	      2.171	      2.189	      2.230	      2.307	           	      0.000	  15696.790	  49145.016	  59759.918	     -0.040	     -0.037	     -0.007	
 2011/06/02	   2.169	   2.170	   2.132	   2.149	        3162917	      2.167	      2.178	      2.224	      2.303	           	      0.000	  31629.170	  37253.234	  45346.516	     -0.041	     -0.037	     -0.008	
 2011/06/03	   2.142	   2.167	   2.142	   2.165	        3549731	      2.169	      2.170	      2.218	      2.300	           	      0.000	  35497.309	  39675.094	  44458.359	     -0.040	     -0.038	     -0.005	
 2011/06/07	   2.163	   2.172	   2.155	   2.169	       18174224	      2.170	      2.168	      2.213	      2.296	           	      0.000	 181742.234	  71521.406	  54678.105	     -0.039	     -0.038	     -0.001	
 2011/06/08	   2.169	   2.169	   2.148	   2.167	        1766871	      2.166	      2.166	      2.207	      2.294	           	      0.000	  17668.711	  56446.844	  53304.375	     -0.037	     -0.038	      0.001	
 2011/06/09	   2.157	   2.165	   2.140	   2.142	        1692589	      2.158	      2.165	      2.200	      2.291	           	      0.000	  16925.891	  56692.664	  52918.840	     -0.038	     -0.038	      0.000	
 2011/06/10	   2.140	   2.155	   2.130	   2.149	        4830995	      2.158	      2.163	      2.195	      2.288	           	      0.000	  48309.949	  60028.820	  48641.027	     -0.037	     -0.038	      0.001	
 2011/06/13	   2.144	   2.145	   2.123	   2.143	       27390948	      2.154	      2.161	      2.188	      2.286	           	      0.000	 273909.469	 107711.250	  73693.172	     -0.037	     -0.038	      0.002	
 2011/06/14	   2.143	   2.167	   2.131	   2.156	        2055777	      2.151	      2.161	      2.183	      2.284	           	      0.000	  20557.770	  75474.359	  73497.883	     -0.035	     -0.037	      0.004	
 2011/06/15	   2.148	   2.162	   2.148	   2.149	        2198580	      2.148	      2.157	      2.178	      2.281	           	      0.000	  21985.801	  76337.773	  66392.313	     -0.034	     -0.036	      0.006	
 2011/06/16	   2.139	   2.139	   2.118	   2.125	        3485773	      2.144	      2.151	      2.170	      2.279	           	      0.000	  34857.730	  79924.141	  68308.406	     -0.034	     -0.036	      0.004	
 2011/06/17	   2.123	   2.132	   2.108	   2.110	        6683055	      2.137	      2.148	      2.163	      2.276	           	      0.000	  66830.547	  83628.266	  71828.539	     -0.035	     -0.036	      0.001	
 2011/06/20	   2.108	   2.110	   2.096	   2.103	        1934275	      2.129	      2.141	      2.156	      2.273	           	      0.000	  19342.750	  32714.920	  70213.086	     -0.037	     -0.036	     -0.001	
 2011/06/21	   2.101	   2.119	   2.101	   2.116	        2339796	      2.121	      2.136	      2.152	      2.270	           	      0.000	  23397.961	  33282.957	  54378.656	     -0.036	     -0.036	      0.000	
 2011/06/22	   2.117	   2.123	   2.110	   2.117	        1214961	      2.114	      2.131	      2.149	      2.266	           	      0.000	  12149.610	  31315.719	  53826.746	     -0.035	     -0.036	      0.002	
 2011/06/23	   2.115	   2.149	   2.105	   2.147	        2501642	      2.119	      2.132	      2.148	      2.263	           	      0.000	  25016.420	  29347.457	  54635.801	     -0.031	     -0.035	      0.007	
 2011/06/24	   2.145	   2.213	   2.138	   2.204	        6923322	      2.137	      2.137	      2.150	      2.261	           	      0.000	  69233.219	  29827.992	  56728.129	     -0.024	     -0.033	      0.018	
 2011/06/27	   2.195	   2.215	   2.192	   2.197	        7628543	      2.156	      2.142	      2.152	      2.258	           	      0.000	  76285.430	  41216.527	  36965.723	     -0.018	     -0.030	      0.023	
 2011/06/28	   2.200	   2.203	   2.181	   2.198	        1877790	      2.173	      2.147	      2.154	      2.256	           	      0.000	  18777.900	  40292.516	  36787.738	     -0.013	     -0.026	      0.026	
 2011/06/29	   2.198	   2.200	   2.176	   2.178	        1962075	      2.185	      2.149	      2.153	      2.254	           	      0.000	  19620.750	  41786.742	  36551.230	     -0.011	     -0.023	      0.025	
 2011/06/30	   2.176	   2.207	   2.176	   2.195	        1926307	      2.194	      2.156	      2.154	      2.251	           	      0.000	  19263.070	  40636.074	  34991.766	     -0.008	     -0.020	      0.025	
 2011/07/01	   2.183	   2.205	   2.182	   2.196	        1956762	      2.193	      2.165	      2.156	      2.248	           	      0.000	  19567.619	  30702.953	  30265.473	     -0.005	     -0.017	      0.024	
 2011/07/04	   2.205	   2.246	   2.200	   2.239	        4771001	      2.201	      2.179	      2.160	      2.246	           	      0.000	  47710.012	  24987.871	  33102.199	      0.001	     -0.014	      0.029	
 2011/07/05	   2.242	   2.244	   2.229	   2.237	        1985795	      2.209	      2.191	      2.163	      2.243	           	      0.000	  19857.949	  25203.881	  32748.197	      0.005	     -0.010	      0.030	
 2011/07/06	   2.237	   2.239	   2.213	   2.228	        1706287	      2.219	      2.202	      2.166	      2.240	           	      0.000	  17062.869	  24692.305	  33239.523	      0.007	     -0.006	      0.028	
 2011/07/07	   2.235	   2.243	   2.221	   2.228	        2354340	      2.226	      2.210	      2.171	      2.237	           	      0.000	  23543.400	  25548.369	  33092.223	      0.009	     -0.003	      0.025	
 2011/07/08	   2.221	   2.232	   2.216	   2.226	        1989014	      2.232	      2.212	      2.175	      2.234	           	      0.000	  19890.141	  25612.875	  28157.914	      0.011	     -0.001	      0.022	
 2011/07/11	   2.222	   2.226	   2.212	   2.222	        2860218	      2.228	      2.215	      2.179	      2.231	           	      0.000	  28602.180	  21791.309	  23389.590	      0.011	      0.002	      0.019	
 2011/07/12	   2.218	   2.218	   2.180	   2.182	        2355471	      2.217	      2.213	      2.180	      2.227	           	      0.000	  23554.711	  22530.660	  23867.270	      0.008	      0.003	      0.010	
 2011/07/13	   2.178	   2.211	   2.178	   2.207	        1567207	      2.213	      2.216	      2.183	      2.223	           	      0.000	  15672.070	  22252.500	  23472.402	      0.008	      0.004	      0.008	
 2011/07/14	   2.205	   2.220	   2.203	   2.215	        1535544	      2.210	      2.218	      2.187	      2.220	           	      0.000	  15355.440	  20614.908	  23081.639	      0.008	      0.005	      0.006	
 2011/07/15	   2.201	   2.223	   2.201	   2.220	        4324846	      2.209	      2.220	      2.193	      2.218	           	      0.000	  43248.461	  25286.572	  25449.723	      0.009	      0.006	      0.006	
 2011/07/18	   2.221	   2.226	   2.211	   2.217	        3221782	      2.208	      2.218	      2.198	      2.215	           	      0.000	  32217.820	  26009.701	  23900.504	      0.009	      0.006	      0.005	
 2011/07/19	   2.214	   2.215	   2.197	   2.200	        1679097	      2.212	      2.214	      2.203	      2.212	           	      0.000	  16790.971	  24656.953	  23593.807	      0.007	      0.006	      0.002	
 2011/07/20	   2.205	   2.215	   2.190	   2.193	        2068416	      2.209	      2.211	      2.206	      2.209	           	      0.000	  20684.160	  25659.371	  23955.936	      0.005	      0.006	     -0.001	
 2011/07/21	   2.200	   2.200	   2.179	   2.180	        1881637	      2.202	      2.206	      2.208	      2.207	           	      0.000	  18816.369	  26351.557	  23483.232	      0.003	      0.006	     -0.005	
 2011/07/22	   2.180	   2.190	   2.176	   2.177	        1127226	      2.193	      2.201	      2.207	      2.204	           	      0.000	  11272.260	  19956.316	  22621.443	      0.001	      0.005	     -0.008	
 2011/07/25	   2.180	   2.180	   2.111	   2.120	        4309515	      2.174	      2.191	      2.203	      2.201	           	      0.000	  43095.148	  22131.781	  24070.740	     -0.005	      0.003	     -0.016	
 2011/07/26	   2.120	   2.126	   2.108	   2.116	        1533518	      2.157	      2.184	      2.199	      2.198	           	      0.000	  15335.180	  21840.623	  23248.787	     -0.011	     -0.000	     -0.021	
 2011/07/27	   2.110	   2.127	   2.102	   2.125	        3844596	      2.144	      2.176	      2.196	      2.195	           	      0.000	  38445.961	  25392.984	  25526.178	     -0.014	     -0.003	     -0.022	
 2011/07/28	   2.115	   2.117	   2.098	   2.112	       11909894	      2.130	      2.166	      2.192	      2.192	           	      0.000	 119098.938	  45449.496	  35900.527	     -0.017	     -0.006	     -0.023	
 2011/07/29	   2.112	   2.134	   2.106	   2.118	        1699349	      2.118	      2.156	      2.188	      2.189	           	      0.000	  16993.490	  46593.742	  33275.031	     -0.019	     -0.008	     -0.022	
 2011/08/01	   2.115	   2.132	   2.108	   2.125	        1223975	      2.119	      2.147	      2.182	      2.187	           	      0.000	  12239.750	  40422.664	  31277.223	     -0.020	     -0.011	     -0.019	
 2011/08/02	   2.120	   2.120	   2.090	   2.110	        2174940	      2.118	      2.138	      2.176	      2.184	           	      0.000	  21749.400	  41705.508	  31773.066	     -0.022	     -0.013	     -0.017	
 2011/08/03	   2.108	   2.113	   2.093	   2.103	        1713797	      2.114	      2.129	      2.170	      2.181	           	      0.000	  17137.971	  37443.910	  31418.447	     -0.023	     -0.015	     -0.016	
 2011/08/04	   2.110	   2.119	   2.102	   2.107	         919128	      2.113	      2.121	      2.164	      2.178	           	      0.000	   9191.280	  15462.378	  30455.938	     -0.024	     -0.017	     -0.014	
 2011/08/05	   2.060	   2.080	   2.050	   2.061	        8931096	      2.101	      2.110	      2.155	      2.175	           	      0.000	  89310.961	  29925.873	  38259.809	     -0.028	     -0.019	     -0.018	
 2011/08/08	   2.058	   2.058	   1.966	   1.988	        4476943	      2.074	      2.096	      2.144	      2.170	           	      0.000	  44769.430	  36431.809	  38427.234	     -0.036	     -0.022	     -0.028	
 2011/08/09	   1.977	   2.008	   1.925	   1.989	        6588058	      2.050	      2.084	      2.134	      2.166	           	      0.000	  65880.578	  45258.043	  43481.777	     -0.042	     -0.026	     -0.032	
 2011/08/10	   2.003	   2.028	   2.003	   2.007	        2978385	      2.030	      2.072	      2.124	      2.162	           	      0.000	  29783.850	  47787.219	  42615.566	     -0.045	     -0.030	     -0.030	
 2011/08/11	   1.971	   2.032	   1.971	   2.032	        3714612	      2.015	      2.064	      2.115	      2.158	           	      0.000	  37146.121	  53378.188	  34420.281	     -0.045	     -0.033	     -0.024	
 2011/08/12	   2.034	   2.050	   2.033	   2.038	        1935462	      2.011	      2.056	      2.106	      2.154	           	      0.000	  19354.619	  39386.918	  34656.395	     -0.044	     -0.035	     -0.017	
 2011/08/15	   2.029	   2.067	   2.029	   2.066	        2272939	      2.026	      2.050	      2.098	      2.151	           	      0.000	  22729.391	  34978.910	  35705.359	     -0.040	     -0.036	     -0.008	
 2011/08/16	   2.066	   2.075	   2.054	   2.057	        1843106	      2.040	      2.045	      2.091	      2.149	           	      0.000	  18431.061	  25489.008	  35373.527	     -0.038	     -0.037	     -0.002	
 2011/08/17	   2.055	   2.065	   2.050	   2.059	        3891388	      2.050	      2.040	      2.085	      2.147	           	      0.000	  38913.879	  27315.014	  37551.117	     -0.035	     -0.036	      0.002	
 2011/08/18	   2.057	   2.057	   2.030	   2.034	        1450699	      2.051	      2.033	      2.077	      2.144	           	      0.000	  14506.990	  22787.188	  38082.688	     -0.035	     -0.036	      0.003	
 2011/08/19	   2.000	   2.016	   1.991	   2.008	        1789965	      2.045	      2.028	      2.069	      2.142	           	      0.000	  17899.650	  22496.193	  30941.557	     -0.036	     -0.036	     -0.000	
 2011/08/22	   2.010	   2.021	   1.989	   1.995	        1733904	      2.031	      2.029	      2.063	      2.139	           	      0.000	  17339.039	  21418.123	  28198.518	     -0.038	     -0.036	     -0.003	
 2011/08/23	   2.000	   2.024	   1.992	   2.024	        1807058	      2.024	      2.032	      2.058	      2.137	           	      0.000	  18070.580	  21346.027	  23417.518	     -0.036	     -0.036	      0.000	
 2011/08/24	   2.028	   2.037	   2.014	   2.017	        2214130	      2.016	      2.033	      2.053	      2.134	           	      0.000	  22141.301	  17991.512	  22653.264	     -0.035	     -0.036	      0.002	
 2011/08/25	   2.017	   2.087	   2.017	   2.085	        7614114	      2.026	      2.038	      2.051	      2.132	           	      0.000	  76141.141	  30318.342	  26552.766	     -0.029	     -0.035	      0.012	
 2011/08/26	   2.080	   2.082	   2.065	   2.079	        1664887	      2.040	      2.042	      2.049	      2.131	           	      0.000	  16648.869	  30068.186	  26282.189	     -0.024	     -0.032	      0.018	
 2011/08/29	   2.068	   2.068	   2.042	   2.049	        1391058	      2.051	      2.041	      2.045	      2.129	           	      0.000	  13910.580	  29382.494	  25400.309	     -0.022	     -0.030	      0.017	
 2011/08/30	   2.061	   2.081	   2.045	   2.047	        3670083	      2.055	      2.040	      2.042	      2.127	           	      0.000	  36700.828	  33108.543	  27227.285	     -0.020	     -0.028	      0.016	
 2011/08/31	   2.048	   2.053	   2.035	   2.047	        1685421	      2.061	      2.039	      2.039	      2.125	           	      0.000	  16854.211	  32051.125	  25021.318	     -0.019	     -0.026	      0.015	
 2011/09/01	   2.055	   2.063	   2.040	   2.041	        1567999	      2.053	      2.039	      2.036	      2.124	           	      0.000	  15679.990	  19958.896	  25138.619	     -0.018	     -0.025	      0.013	
 2011/09/02	   2.041	   2.043	   2.016	   2.019	        3917449	      2.041	      2.040	      2.034	      2.121	           	      0.000	  39174.488	  24464.020	  27266.104	     -0.019	     -0.024	      0.009	
 2011/09/05	   2.015	   2.016	   1.979	   1.980	        9403753	      2.027	      2.039	      2.034	      2.119	           	      0.000	  94037.531	  40489.410	  34935.953	     -0.023	     -0.023	      0.002	
 2011/09/06	   1.970	   1.980	   1.964	   1.966	        5833105	      2.011	      2.033	      2.033	      2.115	           	      0.000	  58331.051	  44815.453	  38962.000	     -0.026	     -0.024	     -0.005	
 2011/09/07	   1.980	   2.010	   1.973	   2.010	        2353212	      2.003	      2.032	      2.033	      2.113	           	      0.000	  23532.119	  46151.035	  39101.082	     -0.025	     -0.024	     -0.002	
 2011/09/08	   2.018	   2.018	   2.000	   2.000	        1286448	      1.995	      2.024	      2.031	      2.111	           	      0.000	  12864.480	  45587.934	  32773.414	     -0.025	     -0.024	     -0.001	
 2011/09/09	   2.008	   2.030	   1.995	   2.003	       16293642	      1.992	      2.016	      2.029	      2.109	           	      0.000	 162936.422	  70340.320	  47402.172	     -0.024	     -0.024	      0.000	
 2011/09/13	   1.996	   1.998	   1.977	   1.994	        3370300	      1.995	      2.011	      2.026	      2.108	           	      0.000	  33703.000	  58273.414	  49381.414	     -0.024	     -0.024	      0.000	
 2011/09/14	   1.999	   2.003	   1.972	   2.000	        2716098	      2.001	      2.006	      2.023	      2.106	           	      0.000	  27160.980	  52039.398	  48427.426	     -0.023	     -0.024	      0.002	
 2011/09/15	   2.007	   2.012	   1.997	   1.999	        1193797	      1.999	      2.001	      2.020	      2.104	           	      0.000	  11937.970	  49720.570	  47935.805	     -0.023	     -0.024	      0.003	
 2011/09/16	   2.000	   2.011	   1.995	   1.999	        1005856	      1.999	      1.997	      2.018	      2.101	           	      0.000	  10058.560	  49159.387	  47373.660	     -0.022	     -0.023	      0.004	
 2011/09/19	   1.990	   2.019	   1.967	   1.968	        9671155	      1.992	      1.992	      2.016	      2.097	           	      0.000	  96711.547	  35914.410	  53127.367	     -0.023	     -0.023	      0.000	
 2011/09/20	   1.967	   1.984	   1.960	   1.979	        2515211	      1.989	      1.992	      2.015	      2.094	           	      0.000	  25152.109	  34204.234	  46238.824	     -0.023	     -0.023	      0.000	
 2011/09/21	   1.979	   2.030	   1.971	   2.028	        3211929	      1.995	      1.998	      2.016	      2.091	           	      0.000	  32119.289	  35195.895	  43617.648	     -0.019	     -0.023	      0.007	
 2011/09/22	   2.018	   2.018	   1.970	   1.971	        2609100	      1.989	      1.994	      2.013	      2.087	           	      0.000	  26091.000	  38026.500	  43873.535	     -0.020	     -0.022	      0.004	
 2011/09/23	   1.961	   1.985	   1.945	   1.965	        2710490	      1.982	      1.991	      2.007	      2.083	           	      0.000	  27104.900	  41435.770	  45297.578	     -0.021	     -0.022	      0.001	
 2011/09/26	   1.965	   1.970	   1.930	   1.936	        2894852	      1.976	      1.984	      2.000	      2.079	           	      0.000	  28948.520	  27883.164	  31898.787	     -0.024	     -0.022	     -0.004	
 2011/09/27	   1.948	   1.961	   1.941	   1.951	        1951669	      1.970	      1.980	      1.995	      2.074	           	      0.000	  19516.689	  26756.080	  30480.156	     -0.025	     -0.023	     -0.004	
 2011/09/28	   1.960	   1.968	   1.937	   1.946	        1717463	      1.954	      1.974	      1.990	      2.069	           	      0.000	  17174.631	  23767.148	  29481.521	     -0.026	     -0.023	     -0.005	
 2011/09/29	   1.943	   1.946	   1.920	   1.936	        2409442	      1.947	      1.968	      1.985	      2.065	           	      0.000	  24094.420	  23367.832	  30697.166	     -0.027	     -0.024	     -0.005	
 2011/09/30	   1.932	   1.944	   1.928	   1.937	        2089718	      1.941	      1.962	      1.979	      2.060	           	      0.000	  20897.180	  22126.287	  31781.029	     -0.027	     -0.025	     -0.005	
 2011/10/10	   1.937	   1.945	   1.919	   1.927	        9412200	      1.939	      1.958	      1.975	      2.055	           	      0.000	  94122.000	  35160.984	  31522.074	     -0.028	     -0.025	     -0.005	
 2011/10/11	   1.960	   1.980	   1.904	   1.915	        3123550	      1.932	      1.951	      1.972	      2.050	           	      0.000	  31235.500	  37504.746	  32130.412	     -0.030	     -0.026	     -0.006	
 2011/10/12	   1.910	   1.970	   1.900	   1.968	        4511436	      1.937	      1.945	      1.972	      2.046	           	      0.000	  45114.359	  43092.691	  33429.922	     -0.026	     -0.026	      0.000	
 2011/10/13	   1.964	   1.978	   1.960	   1.973	        2129395	      1.944	      1.945	      1.970	      2.042	           	      0.000	  21293.949	  42532.598	  32950.215	     -0.023	     -0.025	      0.006	
 2011/10/14	   1.966	   1.978	   1.956	   1.973	        2678601	      1.951	      1.946	      1.968	      2.038	           	      0.000	  26786.010	  43710.363	  32918.324	     -0.020	     -0.024	      0.010	
 2011/10/17	   1.977	   1.988	   1.971	   1.974	        2502911	      1.961	      1.950	      1.967	      2.034	           	      0.000	  25029.109	  29891.785	  32526.385	     -0.017	     -0.023	      0.012	
 2011/10/18	   1.973	   1.973	   1.930	   1.932	        2834800	      1.964	      1.948	      1.964	      2.029	           	      0.000	  28348.000	  29314.285	  33409.516	     -0.018	     -0.022	      0.008	
 2011/10/19	   1.933	   1.945	   1.931	   1.937	        1179388	      1.958	      1.947	      1.961	      2.025	           	      0.000	  11793.880	  22650.189	  32871.441	     -0.018	     -0.021	      0.006	
 2011/10/20	   1.935	   1.935	   1.885	   1.892	        7137830	      1.942	      1.943	      1.955	      2.020	           	      0.000	  71378.297	  32667.059	  37599.828	     -0.022	     -0.021	     -0.001	
 2011/10/21	   1.887	   1.908	   1.887	   1.902	        1795710	      1.927	      1.939	      1.951	      2.015	           	      0.000	  17957.100	  30901.277	  37305.820	     -0.024	     -0.022	     -0.004	
 2011/10/24	   1.917	   1.940	   1.895	   1.935	        9978161	      1.920	      1.940	      1.949	      2.011	           	      0.000	  99781.609	  45851.777	  37871.781	     -0.022	     -0.022	     -0.001	
 2011/10/25	   1.936	   1.970	   1.929	   1.969	        3781232	      1.927	      1.946	      1.948	      2.009	           	      0.000	  37812.320	  47744.641	  38529.465	     -0.018	     -0.021	      0.006	
 2011/10/26	   1.955	   1.994	   1.950	   1.976	        3987552	      1.935	      1.946	      1.946	      2.006	           	      0.000	  39875.520	  53360.969	  38005.578	     -0.014	     -0.020	      0.011	
 2011/10/27	   1.983	   1.994	   1.975	   1.983	        2861826	      1.953	      1.947	      1.946	      2.004	           	      0.000	  28618.260	  44808.961	  38738.012	     -0.010	     -0.018	      0.015	
 2011/10/28	   1.993	   2.023	   1.993	   2.011	       27458362	      1.975	      1.951	      1.949	      2.002	           	      0.000	 274583.625	  96134.266	  63517.773	     -0.005	     -0.015	      0.021	
 2011/10/31	   2.011	   2.011	   1.992	   1.999	        1999099	      1.988	      1.954	      1.952	      2.000	           	      0.000	  19990.990	  80176.141	  63013.961	     -0.001	     -0.012	      0.022	
 2011/11/01	   1.991	   2.020	   1.988	   2.000	        4910708	      1.994	      1.960	      1.954	      1.998	           	      0.000	  49107.078	  82435.094	  65089.867	      0.001	     -0.010	      0.022	
 2011/11/02	   1.990	   2.029	   1.980	   2.026	        3619343	      2.004	      1.969	      1.958	      1.997	           	      0.000	  36193.430	  81698.680	  67529.820	      0.006	     -0.007	      0.024	
 2011/11/03	   2.035	   2.051	   2.030	   2.031	        4249277	      2.013	      1.983	      1.963	      1.996	           	      0.000	  42492.770	  84473.578	  64641.270	      0.009	     -0.003	      0.025	
 2011/11/04	   2.035	   2.050	   2.031	   2.038	        5580119	      2.019	      1.997	      1.968	      1.995	           	      0.000	  55801.191	  40717.094	  68425.680	      0.012	     -0.000	      0.025	
 2011/11/07	   2.033	   2.043	   2.026	   2.027	        3212056	      2.024	      2.006	      1.973	      1.994	           	      0.000	  32120.561	  43143.008	  61659.574	      0.014	      0.003	      0.023	
 2011/11/08	   2.027	   2.046	   2.027	   2.033	        2661602	      2.031	      2.012	      1.979	      1.995	           	      0.000	  26616.020	  38644.793	  60539.945	      0.015	      0.005	      0.021	
 2011/11/09	   2.038	   2.046	   2.025	   2.044	        2073401	      2.035	      2.019	      1.983	      1.996	           	      0.000	  20734.010	  35552.910	  58625.793	      0.017	      0.008	      0.020	
 2011/11/10	   2.031	   2.032	   2.013	   2.013	        3247700	      2.031	      2.022	      1.985	      1.996	           	      0.000	  32477.000	  33549.758	  59011.668	      0.016	      0.009	      0.014	
 2011/11/11	   2.015	   2.022	   2.006	   2.008	        2030016	      2.025	      2.022	      1.987	      1.995	           	      0.000	  20300.160	  26449.551	  33583.320	      0.015	      0.010	      0.009	
 2011/11/14	   2.024	   2.046	   2.022	   2.046	        4450506	      2.029	      2.027	      1.990	      1.995	           	      0.000	  44505.059	  28926.449	  36034.727	      0.016	      0.012	      0.010	
 2011/11/15	   2.041	   2.044	   2.036	   2.038	        1724021	      2.030	      2.030	      1.995	      1.995	           	      0.000	  17240.211	  27051.287	  32848.039	      0.017	      0.013	      0.008	
 2011/11/16	   2.036	   2.046	   1.985	   1.988	        4827102	      2.019	      2.027	      1.998	      1.994	           	      0.000	  48271.020	  32558.689	  34055.801	      0.013	      0.013	      0.001	
 2011/11/17	   1.988	   2.009	   1.987	   1.991	        1729908	      2.014	      2.023	      2.003	      1.993	           	      0.000	  17299.080	  29523.105	  31536.432	      0.010	      0.012	     -0.004	
 2011/11/18	   1.970	   2.005	   1.950	   1.955	        6825502	      2.004	      2.014	      2.006	      1.991	           	      0.000	  68255.023	  39114.078	  32781.813	      0.005	      0.011	     -0.012	
 2011/11/21	   1.953	   1.962	   1.945	   1.955	        2705081	      1.985	      2.007	      2.007	      1.990	           	      0.000	  27050.811	  35623.230	  32274.840	      0.001	      0.009	     -0.016	
 2011/11/22	   1.950	   1.955	   1.938	   1.952	        3114679	      1.968	      1.999	      2.006	      1.990	           	      0.000	  31146.789	  38404.543	  32727.916	     -0.003	      0.006	     -0.018	
 2011/11/23	   1.946	   1.962	   1.932	   1.937	        2875300	      1.958	      1.988	      2.004	      1.988	           	      0.000	  28753.000	  34500.941	  33529.816	     -0.007	      0.004	     -0.021	
 2011/11/24	   1.936	   1.945	   1.920	   1.931	        2025676	      1.946	      1.980	      2.001	      1.987	           	      0.000	  20256.760	  35092.477	  32307.791	     -0.010	      0.001	     -0.022	
 2011/11/25	   1.935	   1.943	   1.915	   1.926	       18282322	      1.940	      1.972	      1.997	      1.984	           	      0.000	 182823.219	  58006.117	  48560.098	     -0.013	     -0.002	     -0.023	
 2011/11/28	   1.926	   1.944	   1.918	   1.930	       27076100	      1.935	      1.960	      1.993	      1.982	           	      0.000	 270761.000	 106748.156	  71185.688	     -0.015	     -0.004	     -0.021	
 2011/11/29	   1.942	   1.957	   1.932	   1.955	        6261000	      1.936	      1.952	      1.991	      1.980	           	      0.000	  62610.000	 113040.797	  75722.672	     -0.014	     -0.006	     -0.016	
 2011/11/30	   1.954	   1.954	   1.885	   1.895	       11588700	      1.927	      1.943	      1.985	      1.978	           	      0.000	 115887.000	 130467.594	  82484.266	     -0.018	     -0.009	     -0.019	
 2011/12/01	   1.945	   1.960	   1.925	   1.931	       17388550	      1.927	      1.937	      1.980	      1.976	           	      0.000	 173885.500	 161193.344	  98142.906	     -0.019	     -0.011	     -0.016	
 2011/12/02	   1.926	   1.929	   1.901	   1.911	        9647810	      1.924	      1.932	      1.973	      1.974	           	      0.000	  96478.102	 143924.313	 100965.219	     -0.020	     -0.013	     -0.015	
 2011/12/05	   1.906	   1.906	   1.893	   1.893	       11300345	      1.917	      1.926	      1.967	      1.971	           	      0.000	 113003.453	 112372.813	 109560.484	     -0.022	     -0.015	     -0.016	
 2011/12/06	   1.895	   1.901	   1.886	   1.900	       12412200	      1.906	      1.921	      1.960	      1.970	           	      0.000	 124122.000	 124675.211	 118858.000	     -0.023	     -0.016	     -0.014	
 2011/12/07	   1.899	   1.907	   1.886	   1.900	       15794802	      1.907	      1.917	      1.953	      1.969	           	      0.000	 157948.016	 133087.406	 131777.500	     -0.024	     -0.018	     -0.012	
 2011/12/08	   1.896	   1.913	   1.882	   1.900	       14424284	      1.901	      1.914	      1.947	      1.967	           	      0.000	 144242.844	 127158.883	 144176.109	     -0.024	     -0.019	     -0.010	
 2011/12/09	   1.898	   1.900	   1.886	   1.893	       13803484	      1.897	      1.911	      1.941	      1.965	           	      0.000	 138034.844	 135470.234	 139697.281	     -0.025	     -0.020	     -0.009	
 2011/12/12	   1.887	   1.893	   1.877	   1.878	       15333026	      1.894	      1.906	      1.933	      1.963	           	      0.000	 153330.266	 143535.594	 127954.203	     -0.026	     -0.021	     -0.009	
 2011/12/13	   1.875	   1.878	   1.852	   1.854	       18596066	      1.885	      1.895	      1.924	      1.961	           	      0.000	 185960.656	 155903.328	 140289.266	     -0.028	     -0.023	     -0.011	
 2011/12/14	   1.848	   1.862	   1.836	   1.843	        8211761	      1.874	      1.890	      1.916	      1.958	           	      0.000	  82117.609	 140737.250	 136912.328	     -0.031	     -0.024	     -0.013	
 2011/12/15	   1.841	   1.841	   1.811	   1.811	        3447367	      1.856	      1.878	      1.908	      1.955	           	      0.000	  34473.672	 118783.406	 122971.148	     -0.035	     -0.027	     -0.017	
 2011/12/16	   1.813	   1.839	   1.794	   1.837	        4426951	      1.845	      1.871	      1.902	      1.953	           	      0.000	  44269.512	 100030.344	 117750.289	     -0.036	     -0.028	     -0.015	
 2011/12/19	   1.833	   1.833	   1.789	   1.825	       10603545	      1.834	      1.864	      1.895	      1.950	           	      0.000	 106035.453	  90571.383	 117053.484	     -0.037	     -0.030	     -0.014	
 2011/12/20	   1.816	   1.840	   1.815	   1.820	        4303963	      1.827	      1.856	      1.888	      1.948	           	      0.000	  43039.629	  61987.176	 108945.250	     -0.038	     -0.032	     -0.013	
 2011/12/21	   1.833	   1.835	   1.797	   1.797	        2161555	      1.818	      1.846	      1.882	      1.944	           	      0.000	  21615.551	  49886.762	  95312.000	     -0.040	     -0.033	     -0.014	
 2011/12/22	   1.794	   1.814	   1.775	   1.800	        4932326	      1.816	      1.836	      1.875	      1.941	           	      0.000	  49323.262	  52856.680	  85820.047	     -0.041	     -0.035	     -0.012	
 2011/12/23	   1.800	   1.822	   1.800	   1.814	        1738000	      1.811	      1.828	      1.869	      1.938	           	      0.000	  17380.000	  47478.777	  73754.563	     -0.040	     -0.036	     -0.009	
 2011/12/26	   1.813	   1.823	   1.802	   1.803	        3319956	      1.807	      1.820	      1.863	      1.936	           	      0.000	  33199.559	  32911.602	  61741.492	     -0.040	     -0.037	     -0.006	
 2011/12/27	   1.808	   1.810	   1.793	   1.797	        3869179	      1.802	      1.815	      1.855	      1.934	           	      0.000	  38691.789	  32042.031	  47014.602	     -0.040	     -0.037	     -0.005	
 2011/12/28	   1.791	   1.795	   1.775	   1.795	        1701278	      1.802	      1.810	      1.850	      1.931	           	      0.000	  17012.779	  31121.479	  40504.121	     -0.040	     -0.038	     -0.003	
 2011/12/29	   1.788	   1.801	   1.788	   1.798	        1425061	      1.801	      1.809	      1.843	      1.929	           	      0.000	  14250.610	  24106.947	  38481.813	     -0.039	     -0.038	     -0.001	
 2011/12/30	   1.798	   1.820	   1.798	   1.811	        2858859	      1.801	      1.806	      1.838	      1.927	           	      0.000	  28588.590	  26348.666	  36913.723	     -0.036	     -0.038	      0.003	
 2012/01/04	   1.822	   1.828	   1.793	   1.793	        3160200	      1.799	      1.803	      1.833	      1.924	           	      0.000	  31602.000	  26029.154	  29470.377	     -0.035	     -0.037	      0.004	
 2012/01/05	   1.776	   1.814	   1.776	   1.787	        7989700	      1.797	      1.799	      1.828	      1.922	           	      0.000	  79897.000	  34270.195	  33156.113	     -0.035	     -0.037	      0.004	
 2012/01/06	   1.780	   1.802	   1.780	   1.800	        6420546	      1.798	      1.800	      1.823	      1.919	           	      0.000	  64205.461	  43708.730	  37415.105	     -0.033	     -0.036	      0.006	
 2012/01/09	   1.811	   1.850	   1.792	   1.850	        9554662	      1.808	      1.805	      1.820	      1.917	           	      0.000	  95546.617	  59967.934	  42037.441	     -0.027	     -0.034	      0.014	
 2012/01/10	   1.845	   1.896	   1.837	   1.895	        9071103	      1.825	      1.813	      1.820	      1.916	           	      0.000	  90711.031	  72392.422	  49370.543	     -0.019	     -0.031	      0.025	
 2012/01/11	   1.910	   1.910	   1.878	   1.882	       13951303	      1.843	      1.821	      1.821	      1.915	           	      0.000	 139513.031	  93974.625	  60001.891	     -0.013	     -0.028	      0.029	
 2012/01/12	   1.873	   1.898	   1.870	   1.888	        6039192	      1.863	      1.830	      1.822	      1.914	           	      0.000	  60391.922	  90073.609	  62171.902	     -0.008	     -0.024	      0.032	
 2012/01/13	   1.882	   1.889	   1.856	   1.867	        2166070	      1.876	      1.837	      1.824	      1.913	           	      0.000	  21660.699	  81564.656	  62636.695	     -0.005	     -0.020	      0.029	
 2012/01/16	   1.874	   1.874	   1.849	   1.850	        1440601	      1.876	      1.842	      1.825	      1.912	           	      0.000	  14406.010	  65336.539	  62652.234	     -0.005	     -0.017	      0.024	
 2012/01/17	   1.851	   1.921	   1.837	   1.921	        6420608	      1.882	      1.853	      1.830	      1.912	           	      0.000	  64206.078	  60035.547	  66213.984	      0.001	     -0.013	      0.029	
 2012/01/18	   1.922	   1.929	   1.892	   1.896	        4613168	      1.884	      1.864	      1.833	      1.912	           	      0.000	  46131.680	  41359.277	  67666.953	      0.004	     -0.010	      0.028	
 2012/01/19	   1.893	   1.937	   1.893	   1.928	        3739261	      1.892	      1.878	      1.839	      1.911	           	      0.000	  37392.609	  36759.414	  63416.516	      0.009	     -0.006	      0.030	
 2012/01/20	   1.935	   1.955	   1.921	   1.949	        6438355	      1.909	      1.893	      1.846	      1.910	           	      0.000	  64383.551	  45303.984	  63434.324	      0.014	     -0.002	      0.033	
 2012/01/30	   1.955	   1.955	   1.915	   1.916	       16988040	      1.922	      1.899	      1.852	      1.909	           	      0.000	 169880.406	  76398.867	  70867.703	      0.016	      0.002	      0.028	
 2012/01/31	   1.920	   1.921	   1.908	   1.919	        2509677	      1.922	      1.902	      1.857	      1.908	           	      0.000	  25096.770	  68577.000	  64306.277	      0.017	      0.005	      0.024	
 2012/02/01	   1.905	   1.922	   1.893	   1.895	        2646066	      1.921	      1.903	      1.862	      1.906	           	      0.000	  26460.660	  64642.801	  53001.039	      0.016	      0.007	      0.017	
 2012/02/02	   1.893	   1.933	   1.893	   1.930	        2894710	      1.922	      1.907	      1.868	      1.905	           	      0.000	  28947.100	  62953.695	  49856.555	      0.017	      0.009	      0.017	
 2012/02/03	   1.930	   1.952	   1.915	   1.943	       19622372	      1.921	      1.915	      1.876	      1.904	           	      0.000	 196223.719	  89321.734	  67312.859	      0.019	      0.011	      0.017	
 2012/02/06	   1.944	   1.954	   1.933	   1.941	       26906128	      1.926	      1.924	      1.883	      1.902	           	      0.000	 269061.281	 109157.906	  92778.383	      0.021	      0.013	      0.015	
 2012/02/07	   1.935	   1.935	   1.898	   1.910	        3216151	      1.924	      1.923	      1.888	      1.900	           	      0.000	  32161.510	 110570.852	  89573.930	      0.019	      0.014	      0.010	
 2012/02/08	   1.908	   1.961	   1.905	   1.952	        8758542	      1.935	      1.928	      1.896	      1.899	           	      0.000	  87585.422	 122795.805	  93719.305	      0.021	      0.015	      0.011	
 2012/02/09	   1.945	   1.958	   1.938	   1.952	        3846559	      1.940	      1.931	      1.904	      1.897	           	      0.000	  38465.590	 124699.508	  93826.602	      0.022	      0.017	      0.010	
 2012/02/10	   1.952	   1.967	   1.939	   1.945	        5545687	      1.940	      1.930	      1.911	      1.896	           	      0.000	  55456.871	  96546.133	  92933.930	      0.022	      0.018	      0.008	
 2012/02/13	   1.942	   1.953	   1.927	   1.938	        3194600	      1.939	      1.933	      1.916	      1.894	           	      0.000	  31946.000	  49123.078	  79140.492	      0.021	      0.019	      0.006	
 2012/02/14	   1.938	   1.939	   1.923	   1.935	        2483740	      1.944	      1.934	      1.918	      1.893	           	      0.000	  24837.400	  47658.258	  79114.555	      0.020	      0.019	      0.003	
 2012/02/15	   1.937	   1.959	   1.923	   1.945	       11084231	      1.943	      1.939	      1.921	      1.892	           	      0.000	 110842.313	  52309.633	  87552.719	      0.020	      0.019	      0.002	
 2012/02/16	   1.947	   1.954	   1.933	   1.945	        5142941	      1.942	      1.941	      1.924	      1.890	           	      0.000	  51429.410	  54902.398	  89800.953	      0.020	      0.019	      0.001	
 2012/02/17	   1.948	   1.955	   1.938	   1.946	        2686036	      1.942	      1.941	      1.928	      1.889	           	      0.000	  26860.359	  49183.098	  72864.617	      0.019	      0.019	     -0.000	
 2012/02/20	   1.959	   1.968	   1.944	   1.944	        8320207	      1.943	      1.941	      1.933	      1.888	           	      0.000	  83202.070	  59434.313	  54278.695	      0.018	      0.019	     -0.001	
 2012/02/21	   1.944	   1.958	   1.935	   1.957	        8974218	      1.947	      1.946	      1.934	      1.889	           	      0.000	  89742.180	  72415.266	  60036.762	      0.019	      0.019	     -0.001	
 2012/02/22	   1.954	   1.977	   1.952	   1.976	        5284203	      1.954	      1.948	      1.938	      1.889	           	      0.000	  52842.031	  60815.211	  56562.422	      0.020	      0.019	      0.002	
 2012/02/23	   1.977	   1.987	   1.973	   1.977	        5313123	      1.960	      1.951	      1.941	      1.889	           	      0.000	  53131.230	  61155.574	  58028.988	      0.021	      0.020	      0.003	
 2012/02/24	   1.980	   2.007	   1.976	   2.006	       28419516	      1.972	      1.957	      1.944	      1.890	           	      0.000	 284195.156	 112622.531	  80902.813	      0.024	      0.020	      0.007	
 2012/02/27	   2.008	   2.034	   2.008	   2.018	       11605857	      1.987	      1.965	      1.949	      1.892	           	      0.000	 116058.570	 119193.836	  89314.070	      0.027	      0.022	      0.010	
 2012/02/28	   2.015	   2.026	   2.010	   2.025	        6754410	      2.000	      1.974	      1.954	      1.894	           	      0.000	  67544.102	 114754.219	  93584.742	      0.029	      0.023	      0.012	
 2012/02/29	   2.025	   2.025	   1.994	   1.996	        9426197	      2.004	      1.979	      1.959	      1.895	           	      0.000	  94261.969	 123038.203	  91926.711	      0.029	      0.024	      0.009	
 2012/03/01	   1.995	   2.011	   1.990	   2.004	        2914522	      2.010	      1.985	      1.963	      1.895	           	      0.000	  29145.221	 118241.000	  89698.289	      0.029	      0.025	      0.007	
 2012/03/02	   2.004	   2.025	   2.004	   2.025	        2862294	      2.014	      1.993	      1.967	      1.898	           	      0.000	  28622.939	  67126.563	  89874.547	      0.030	      0.026	      0.007	
 2012/03/05	   2.026	   2.035	   2.011	   2.015	        2783104	      2.013	      2.000	      1.971	      1.899	           	      0.000	  27831.039	  49481.055	  84337.445	      0.030	      0.027	      0.006	
 2012/03/06	   2.009	   2.013	   1.981	   1.986	        3396373	      2.005	      2.003	      1.974	      1.900	           	      0.000	  33963.730	  42764.980	  78759.602	      0.027	      0.027	     -0.000	
 2012/03/07	   1.978	   1.984	   1.969	   1.970	        1875900	      2.000	      2.002	      1.975	      1.902	           	      0.000	  18759.000	  27664.387	  75351.297	      0.023	      0.026	     -0.006	
 2012/03/08	   1.974	   1.995	   1.974	   1.987	        3470480	      1.997	      2.003	      1.977	      1.903	           	      0.000	  34704.801	  28776.303	  73508.656	      0.021	      0.025	     -0.008	
 2012/03/09	   1.995	   2.004	   1.984	   2.000	        3678630	      1.992	      2.003	      1.980	      1.905	           	      0.000	  36786.301	  30408.975	  48767.766	      0.020	      0.024	     -0.007	
 2012/03/12	   1.998	   2.009	   1.980	   1.990	        7273924	      1.987	      2.000	      1.982	      1.906	           	      0.000	  72739.242	  39390.613	  44435.836	      0.019	      0.023	     -0.008	
 2012/03/13	   1.992	   2.008	   1.984	   2.007	        9666937	      1.991	      1.998	      1.986	      1.908	           	      0.000	  96669.367	  51931.742	  47348.359	      0.019	      0.022	     -0.007	
 2012/03/14	   2.011	   2.021	   1.964	   1.965	        6011353	      1.990	      1.995	      1.987	      1.910	           	      0.000	  60113.531	  60202.648	  43933.516	      0.015	      0.021	     -0.011	
 2012/03/15	   1.967	   1.971	   1.941	   1.948	        5857850	      1.982	      1.989	      1.987	      1.911	           	      0.000	  58578.500	  64977.387	  46876.844	      0.011	      0.019	     -0.016	
 2012/03/16	   1.948	   1.969	   1.948	   1.965	        1958950	      1.975	      1.983	      1.988	      1.913	           	      0.000	  19589.500	  61538.027	  45973.500	      0.009	      0.017	     -0.016	
 2012/03/19	   1.965	   1.974	   1.955	   1.968	        2002590	      1.971	      1.979	      1.989	      1.916	           	      0.000	  20025.900	  50995.359	  45192.988	      0.007	      0.015	     -0.016	
 2012/03/20	   1.965	   1.970	   1.949	   1.953	        1823125	      1.960	      1.975	      1.989	      1.918	           	      0.000	  18231.250	  35307.734	  43619.738	      0.005	      0.013	     -0.016	
 2012/03/21	   1.948	   1.964	   1.940	   1.948	        1563300	      1.956	      1.973	      1.988	      1.920	           	      0.000	  15633.000	  26411.631	  43307.141	      0.002	      0.011	     -0.017	
 2012/03/22	   1.945	   1.957	   1.939	   1.952	        1075221	      1.957	      1.970	      1.986	      1.922	           	      0.000	  10752.210	  16846.371	  40911.879	      0.001	      0.009	     -0.016	
 2012/03/23	   1.945	   1.945	   1.930	   1.933	        2435592	      1.951	      1.963	      1.983	      1.924	           	      0.000	  24355.920	  17799.656	  39668.844	     -0.002	      0.006	     -0.017	
 2012/03/26	   1.933	   1.939	   1.930	   1.937	        5619639	      1.945	      1.958	      1.979	      1.926	           	      0.000	  56196.391	  25033.754	  38014.559	     -0.004	      0.004	     -0.017	
 2012/03/27	   1.938	   1.945	   1.932	   1.935	         922792	      1.941	      1.950	      1.974	      1.928	           	      0.000	   9227.920	  23233.088	  29270.412	     -0.006	      0.002	     -0.016	
 2012/03/28	   1.932	   1.933	   1.890	   1.898	       32337494	      1.931	      1.944	      1.969	      1.930	           	      0.000	 323374.938	  84781.477	  55596.555	     -0.010	     -0.000	     -0.019	
 2012/03/29	   1.896	   1.896	   1.872	   1.875	        1864876	      1.916	      1.936	      1.963	      1.931	           	      0.000	  18648.760	  86360.789	  51603.578	     -0.015	     -0.003	     -0.023	
 2012/03/30	   1.875	   1.893	   1.875	   1.883	        1216517	      1.906	      1.928	      1.956	      1.933	           	      0.000	  12165.170	  83922.633	  50861.145	     -0.018	     -0.006	     -0.024	
 2012/04/05	   1.884	   1.922	   1.877	   1.921	        2998231	      1.902	      1.923	      1.951	      1.935	           	      0.000	  29982.311	  78679.820	  51856.785	     -0.017	     -0.008	     -0.018	
 2012/04/06	   1.911	   1.922	   1.911	   1.915	        1079965	      1.898	      1.920	      1.947	      1.937	           	      0.000	  10799.650	  78994.164	  51113.625	     -0.017	     -0.010	     -0.013	
 2012/04/09	   1.910	   1.915	   1.887	   1.903	         743410	      1.899	      1.915	      1.944	      1.938	           	      0.000	   7434.100	  15805.998	  50293.738	     -0.017	     -0.011	     -0.012	
 2012/04/10	   1.896	   1.917	   1.886	   1.915	        2098611	      1.907	      1.911	      1.941	      1.941	           	      0.000	  20986.109	  16273.468	  51317.125	     -0.016	     -0.012	     -0.008	
 2012/04/11	   1.911	   1.925	   1.903	   1.913	        1273321	      1.913	      1.910	      1.936	      1.942	           	      0.000	  12733.210	  16387.076	  50154.855	     -0.016	     -0.013	     -0.005	
 2012/04/12	   1.915	   1.954	   1.915	   1.952	        3481382	      1.920	      1.911	      1.934	      1.944	           	      0.000	  34813.820	  17353.379	  48016.598	     -0.012	     -0.013	      0.002	
 2012/04/13	   1.954	   1.970	   1.949	   1.964	        2318409	      1.929	      1.914	      1.932	      1.945	           	      0.000	  23184.090	  19830.266	  49412.215	     -0.008	     -0.012	      0.008	
 2012/04/16	   1.959	   1.963	   1.946	   1.958	         717991	      1.940	      1.920	      1.932	      1.947	           	      0.000	   7179.910	  19779.428	  17792.713	     -0.005	     -0.010	      0.011	
 2012/04/17	   1.955	   1.959	   1.936	   1.937	        1225839	      1.945	      1.926	      1.931	      1.947	           	      0.000	  12258.390	  18033.885	  17153.676	     -0.004	     -0.009	      0.010	
 2012/04/18	   1.943	   1.975	   1.938	   1.973	        2429726	      1.957	      1.935	      1.932	      1.949	           	      0.000	  24297.260	  20346.693	  18366.885	     -0.001	     -0.008	      0.013	
 2012/04/19	   1.974	   1.978	   1.965	   1.975	        1762725	      1.961	      1.941	      1.932	      1.951	           	      0.000	  17627.250	  16909.379	  17131.379	      0.002	     -0.006	      0.015	
 2012/04/20	   1.969	   2.000	   1.969	   1.997	        2616900	      1.968	      1.949	      1.934	      1.953	           	      0.000	  26169.000	  17506.361	  18668.314	      0.006	     -0.003	      0.018	
 2012/04/23	   1.995	   2.000	   1.985	   1.985	        1770302	      1.973	      1.957	      1.936	      1.954	           	      0.000	  17703.020	  19610.984	  19695.205	      0.008	     -0.001	      0.018	
 2012/04/24	   1.978	   2.014	   1.965	   1.990	        6902667	      1.984	      1.964	      1.938	      1.955	           	      0.000	  69026.672	  30964.641	  24499.262	      0.010	      0.001	      0.017	
 2012/04/25	   1.989	   2.001	   1.976	   1.997	        2669351	      1.989	      1.973	      1.941	      1.956	           	      0.000	  26693.510	  31443.891	  25895.293	      0.012	      0.003	      0.017	
 2012/04/26	   1.998	   2.004	   1.988	   1.993	        2175495	      1.992	      1.977	      1.944	      1.957	           	      0.000	  21754.949	  32269.430	  24589.404	      0.013	      0.005	      0.015	
 2012/04/27	   1.993	   1.998	   1.987	   1.993	        2936661	      1.992	      1.980	      1.947	      1.958	           	      0.000	  29366.609	  32908.953	  25207.656	      0.013	      0.007	      0.013	
 2012/05/02	   2.011	   2.032	   2.005	   2.020	       12873832	      1.999	      1.986	      1.953	      1.960	           	      0.000	 128738.320	  55116.012	  37363.496	      0.016	      0.009	      0.015	
 2012/05/03	   2.020	   2.024	   2.013	   2.022	        1651701	      2.005	      1.995	      1.960	      1.962	           	      0.000	  16517.010	  44614.078	  37789.359	      0.018	      0.010	      0.015	
 2012/05/04	   2.024	   2.033	   2.013	   2.032	        6502531	      2.012	      2.000	      1.968	      1.963	           	      0.000	  65025.309	  52280.438	  41862.164	      0.020	      0.012	      0.015	
 2012/05/07	   2.027	   2.033	   2.021	   2.030	       13418715	      2.019	      2.006	      1.973	      1.965	           	      0.000	 134187.156	  74766.883	  53518.156	      0.021	      0.014	      0.014	
 2012/05/08	   2.028	   2.031	   2.014	   2.019	        1755799	      2.025	      2.008	      1.978	      1.967	           	      0.000	  17557.990	  72405.156	  52657.055	      0.021	      0.016	      0.011	
 2012/05/09	   2.014	   2.014	   1.989	   1.990	        3372140	      2.019	      2.009	      1.983	      1.967	           	      0.000	  33721.398	  53401.773	  54258.891	      0.019	      0.016	      0.005	
 2012/05/10	   1.987	   1.997	   1.987	   1.988	        2142396	      2.012	      2.008	      1.986	      1.968	           	      0.000	  21423.961	  54383.164	  49498.621	      0.016	      0.016	     -0.000	
 2012/05/11	   1.986	   2.001	   1.975	   1.975	        4395395	      2.000	      2.006	      1.990	      1.968	           	      0.000	  43953.949	  50168.891	  51224.664	      0.013	      0.016	     -0.005	
 2012/05/14	   1.988	   1.997	   1.966	   1.966	        2434364	      1.988	      2.003	      1.990	      1.969	           	      0.000	  24343.641	  28200.188	  51483.535	      0.010	      0.014	     -0.009	
 2012/05/15	   1.963	   1.964	   1.947	   1.964	        1774035	      1.977	      2.001	      1.990	      1.969	           	      0.000	  17740.350	  28236.660	  50320.910	      0.007	      0.013	     -0.012	
 2012/05/16	   1.962	   1.962	   1.931	   1.935	        1780900	      1.966	      1.992	      1.989	      1.969	           	      0.000	  17809.000	  25054.180	  39227.977	      0.002	      0.011	     -0.017	
 2012/05/17	   1.933	   1.966	   1.933	   1.961	        2685305	      1.960	      1.986	      1.990	      1.970	           	      0.000	  26853.051	  26139.998	  40261.582	      0.001	      0.009	     -0.016	
 2012/05/18	   1.954	   1.954	   1.935	   1.944	        2226384	      1.954	      1.977	      1.989	      1.969	           	      0.000	  22263.840	  21801.977	  35985.434	     -0.002	      0.007	     -0.017	
 2012/05/21	   1.938	   1.952	   1.936	   1.948	        2322712	      1.950	      1.969	      1.987	      1.970	           	      0.000	  23227.119	  21578.672	  24889.430	     -0.004	      0.005	     -0.016	
 2012/05/22	   1.955	   1.968	   1.948	   1.966	        2467003	      1.951	      1.964	      1.986	      1.970	           	      0.000	  24670.029	  22964.607	  25600.633	     -0.004	      0.003	     -0.013	
 2012/05/23	   1.964	   1.969	   1.945	   1.955	       36203240	      1.955	      1.960	      1.984	      1.969	           	      0.000	 362032.406	  91809.289	  58431.734	     -0.004	      0.001	     -0.011	
 2012/05/24	   1.961	   1.965	   1.946	   1.961	        1108878	      1.955	      1.957	      1.983	      1.969	           	      0.000	  11088.780	  88656.438	  57398.215	     -0.004	      0.000	     -0.009	
 2012/05/25	   1.954	   1.959	   1.925	   1.934	        2540001	      1.953	      1.953	      1.980	      1.968	           	      0.000	  25400.010	  89283.672	  55542.824	     -0.006	     -0.001	     -0.011	
 2012/05/28	   1.935	   1.957	   1.923	   1.956	        2193501	      1.954	      1.952	      1.978	      1.967	           	      0.000	  21935.010	  89025.250	  55301.961	     -0.006	     -0.002	     -0.008	
 2012/05/29	   1.955	   1.985	   1.947	   1.984	        3080904	      1.958	      1.954	      1.977	      1.966	           	      0.000	  30809.039	  90253.047	  56608.828	     -0.004	     -0.002	     -0.003	
 2012/05/30	   1.983	   1.983	   1.968	   1.970	         761900	      1.961	      1.958	      1.975	      1.966	           	      0.000	   7619.000	  19370.367	  55589.828	     -0.003	     -0.003	     -0.001	
 2012/05/31	   1.966	   1.973	   1.957	   1.965	        1674332	      1.962	      1.958	      1.972	      1.965	           	      0.000	  16743.320	  20501.275	  54578.855	     -0.003	     -0.003	     -0.000	
 2012/06/01	   1.966	   1.973	   1.959	   1.965	         833955	      1.968	      1.960	      1.969	      1.964	           	      0.000	   8339.550	  17089.184	  53186.426	     -0.002	     -0.003	      0.000	
 2012/06/04	   1.950	   1.950	   1.914	   1.921	        5409664	      1.961	      1.958	      1.963	      1.963	           	      0.000	  54096.641	  23521.510	  56273.379	     -0.006	     -0.003	     -0.005	
 2012/06/05	   1.916	   1.930	   1.913	   1.916	        1553931	      1.947	      1.953	      1.958	      1.961	           	      0.000	  15539.310	  20467.564	  55360.305	     -0.009	     -0.004	     -0.009	
 2012/06/06	   1.923	   1.924	   1.895	   1.909	        3136200	      1.935	      1.948	      1.954	      1.960	           	      0.000	  31362.000	  25216.164	  22293.266	     -0.011	     -0.006	     -0.011	
 2012/06/07	   1.922	   1.933	   1.900	   1.905	        1839955	      1.923	      1.942	      1.950	      1.959	           	      0.000	  18399.551	  25547.410	  23024.344	     -0.014	     -0.007	     -0.013	
 2012/06/08	   1.921	   1.921	   1.891	   1.895	        2133102	      1.909	      1.939	      1.946	      1.957	           	      0.000	  21331.020	  28145.703	  22617.443	     -0.016	     -0.009	     -0.014	
 2012/06/11	   1.900	   1.920	   1.894	   1.918	        1400209	      1.909	      1.935	      1.944	      1.956	           	      0.000	  14002.090	  20126.793	  21824.152	     -0.016	     -0.011	     -0.011	
 2012/06/12	   1.911	   1.911	   1.886	   1.894	        1911100	      1.904	      1.926	      1.940	      1.954	           	      0.000	  19111.000	  20841.133	  20654.348	     -0.018	     -0.012	     -0.012	
 2012/06/13	   1.896	   1.919	   1.892	   1.918	        1787003	      1.906	      1.921	      1.939	      1.953	           	      0.000	  17870.029	  18142.738	  21679.451	     -0.017	     -0.013	     -0.008	
 2012/06/14	   1.907	   1.918	   1.903	   1.903	        2055700	      1.906	      1.914	      1.936	      1.953	           	      0.000	  20557.000	  18574.229	  22060.818	     -0.017	     -0.014	     -0.007	
 2012/06/15	   1.912	   1.921	   1.903	   1.916	        3102398	      1.910	      1.910	      1.935	      1.952	           	      0.000	  31023.980	  20512.820	  24329.262	     -0.016	     -0.014	     -0.004	
 2012/06/18	   1.919	   1.934	   1.918	   1.924	        3342275	      1.911	      1.910	      1.934	      1.951	           	      0.000	  33422.750	  24396.951	  22261.873	     -0.015	     -0.014	     -0.001	
 2012/06/19	   1.918	   1.922	   1.913	   1.914	        1256828	      1.915	      1.910	      1.931	      1.950	           	      0.000	  12568.280	  23088.408	  21964.770	     -0.014	     -0.014	      0.000	
 2012/06/20	   1.915	   1.921	   1.910	   1.914	         942863	      1.914	      1.910	      1.929	      1.950	           	      0.000	   9428.630	  21400.129	  19771.434	     -0.014	     -0.014	      0.001	
 2012/06/21	   1.915	   1.915	   1.876	   1.879	        3798282	      1.909	      1.908	      1.925	      1.949	           	      0.000	  37982.820	  24885.293	  21729.760	     -0.016	     -0.015	     -0.002	
 2012/06/25	   1.873	   1.877	   1.853	   1.859	        2464031	      1.898	      1.904	      1.921	      1.947	           	      0.000	  24640.311	  23608.559	  22060.689	     -0.019	     -0.015	     -0.007	
 2012/06/26	   1.857	   1.857	   1.840	   1.853	        2378950	      1.884	      1.897	      1.916	      1.946	           	      0.000	  23789.500	  21681.908	  23039.430	     -0.022	     -0.017	     -0.010	
 2012/06/27	   1.851	   1.859	   1.845	   1.846	        1516600	      1.870	      1.893	      1.909	      1.945	           	      0.000	  15166.000	  22201.453	  22644.930	     -0.024	     -0.018	     -0.012	
 2012/06/28	   1.849	   1.855	   1.836	   1.836	        1765950	      1.855	      1.884	      1.903	      1.943	           	      0.000	  17659.500	  23847.627	  22623.877	     -0.026	     -0.020	     -0.013	
 2012/06/29	   1.837	   1.854	   1.827	   1.853	        1809206	      1.849	      1.879	      1.897	      1.943	           	      0.000	  18092.061	  19869.475	  22377.383	     -0.027	     -0.021	     -0.011	
 2012/07/02	   1.861	   1.861	   1.836	   1.845	        2319600	      1.847	      1.872	      1.891	      1.942	           	      0.000	  23196.000	  19580.611	  21594.586	     -0.027	     -0.022	     -0.010	
 2012/07/03	   1.845	   1.862	   1.844	   1.854	        1999700	      1.847	      1.865	      1.888	      1.941	           	      0.000	  19997.000	  18822.111	  20252.010	     -0.027	     -0.023	     -0.007	
 2012/07/04	   1.854	   1.858	   1.845	   1.852	        8090230	      1.848	      1.859	      1.884	      1.940	           	      0.000	  80902.297	  31969.371	  27085.412	     -0.026	     -0.024	     -0.004	
 2012/07/05	   1.848	   1.848	   1.827	   1.839	        2379300	      1.849	      1.852	      1.881	      1.939	           	      0.000	  23793.000	  33196.070	  28521.850	     -0.026	     -0.024	     -0.004	
 2012/07/06	   1.852	   1.853	   1.825	   1.849	        2990089	      1.848	      1.849	      1.878	      1.938	           	      0.000	  29900.891	  35557.836	  27713.656	     -0.025	     -0.024	     -0.002	
 2012/07/09	   1.840	   1.842	   1.807	   1.814	        3314000	      1.842	      1.844	      1.874	      1.936	           	      0.000	  33140.000	  37546.637	  28563.625	     -0.027	     -0.025	     -0.004	
 2012/07/10	   1.809	   1.814	   1.804	   1.811	        2043063	      1.833	      1.840	      1.869	      1.934	           	      0.000	  20430.631	  37633.363	  28227.738	     -0.028	     -0.026	     -0.006	
 2012/07/11	   1.809	   1.819	   1.805	   1.819	        2725361	      1.826	      1.837	      1.865	      1.932	           	      0.000	  27253.609	  26903.627	  29436.498	     -0.028	     -0.026	     -0.005	
 2012/07/12	   1.820	   1.838	   1.805	   1.833	       10501122	      1.825	      1.837	      1.861	      1.930	           	      0.000	 105011.219	  43147.270	  38171.672	     -0.027	     -0.026	     -0.001	
 2012/07/13	   1.833	   1.841	   1.826	   1.830	       13630498	      1.821	      1.835	      1.857	      1.928	           	      0.000	 136304.984	  64428.090	  49992.965	     -0.026	     -0.026	      0.001	
 2012/07/16	   1.832	   1.834	   1.807	   1.809	        1967440	      1.820	      1.831	      1.852	      1.925	           	      0.000	  19674.400	  61734.969	  49640.805	     -0.026	     -0.026	     -0.000	
 2012/07/17	   1.809	   1.825	   1.809	   1.822	        2894301	      1.823	      1.828	      1.847	      1.923	           	      0.000	  28943.010	  63437.445	  50535.402	     -0.025	     -0.026	      0.001	
 2012/07/18	   1.823	   1.832	   1.811	   1.830	        2313889	      1.825	      1.826	      1.842	      1.920	           	      0.000	  23138.891	  62614.500	  44759.063	     -0.024	     -0.026	      0.004	
 2012/07/19	   1.834	   1.854	   1.828	   1.837	       23644040	      1.826	      1.825	      1.839	      1.917	           	      0.000	 236440.406	  88900.336	  66023.805	     -0.022	     -0.025	      0.006	
 2012/07/20	   1.843	   1.843	   1.820	   1.822	        2913951	      1.824	      1.823	      1.836	      1.915	           	      0.000	  29139.510	  67467.242	  65947.664	     -0.021	     -0.024	      0.006	
 2012/07/23	   1.813	   1.813	   1.791	   1.796	        3576301	      1.821	      1.821	      1.832	      1.911	           	      0.000	  35763.012	  70684.969	  66209.969	     -0.022	     -0.024	      0.003	
 2012/07/24	   1.793	   1.801	   1.785	   1.798	        3245055	      1.817	      1.820	      1.830	      1.908	           	      0.000	  32450.551	  71386.477	  67411.961	     -0.023	     -0.024	      0.002	
 2012/07/25	   1.795	   1.799	   1.788	   1.794	        2034001	      1.809	      1.817	      1.827	      1.905	           	      0.000	  20340.010	  70826.695	  66720.602	     -0.023	     -0.023	      0.000	
 2012/07/26	   1.790	   1.793	   1.780	   1.782	        2378220	      1.798	      1.812	      1.824	      1.901	           	      0.000	  23782.199	  28295.057	  58597.695	     -0.024	     -0.024	     -0.001	
 2012/07/27	   1.788	   1.797	   1.785	   1.790	        2316003	      1.792	      1.808	      1.821	      1.897	           	      0.000	  23160.029	  27099.160	  47283.203	     -0.024	     -0.024	     -0.001	
 2012/07/30	   1.801	   1.801	   1.786	   1.787	        1918900	      1.790	      1.806	      1.818	      1.893	           	      0.000	  19189.000	  23784.357	  47234.660	     -0.024	     -0.024	     -0.001	
 2012/07/31	   1.787	   1.794	   1.787	   1.791	        1886220	      1.789	      1.803	      1.815	      1.889	           	      0.000	  18862.199	  21066.688	  46226.582	     -0.024	     -0.024	      0.000	
 2012/08/01	   1.793	   1.807	   1.791	   1.799	        4679682	      1.790	      1.800	      1.813	      1.885	           	      0.000	  46796.820	  26358.049	  48592.375	     -0.022	     -0.023	      0.003	
 2012/08/02	   1.799	   1.804	   1.789	   1.792	        2976102	      1.792	      1.795	      1.810	      1.882	           	      0.000	  29761.020	  27553.814	  27924.436	     -0.021	     -0.023	      0.003	
 2012/08/03	   1.795	   1.803	   1.791	   1.803	        2996361	      1.794	      1.793	      1.808	      1.879	           	      0.000	  29963.609	  28914.529	  28006.846	     -0.020	     -0.022	      0.006	
 2012/08/06	   1.806	   1.821	   1.803	   1.819	        4231124	      1.801	      1.796	      1.808	      1.876	           	      0.000	  42311.238	  33538.977	  28661.668	     -0.017	     -0.021	      0.009	
 2012/08/07	   1.813	   1.820	   1.811	   1.817	        2561558	      1.806	      1.797	      1.809	      1.874	           	      0.000	  25615.580	  34889.652	  27978.170	     -0.014	     -0.020	      0.011	
 2012/08/08	   1.820	   1.828	   1.817	   1.820	        2398090	      1.810	      1.800	      1.809	      1.871	           	      0.000	  23980.900	  30326.469	  28342.260	     -0.012	     -0.018	      0.012	
 2012/08/09	   1.822	   1.828	   1.808	   1.828	        2220251	      1.817	      1.805	      1.808	      1.869	           	      0.000	  22202.510	  28814.768	  28184.291	     -0.010	     -0.017	      0.014	
 2012/08/10	   1.827	   1.833	   1.820	   1.824	        3097399	      1.822	      1.808	      1.808	      1.867	           	      0.000	  30973.990	  29016.844	  28965.688	     -0.008	     -0.015	      0.014	
 2012/08/13	   1.825	   1.825	   1.785	   1.790	        4064832	      1.816	      1.808	      1.807	      1.865	           	      0.000	  40648.320	  28684.260	  31111.619	     -0.009	     -0.014	      0.009	
 2012/08/14	   1.787	   1.801	   1.777	   1.787	        3740512	      1.810	      1.808	      1.805	      1.862	           	      0.000	  37405.121	  31042.168	  32965.910	     -0.010	     -0.013	      0.005	
 2012/08/15	   1.785	   1.785	   1.769	   1.770	        2576600	      1.800	      1.805	      1.802	      1.859	           	      0.000	  25766.000	  31399.188	  30862.828	     -0.012	     -0.013	      0.001	
 2012/08/16	   1.770	   1.774	   1.765	   1.769	        2826300	      1.788	      1.803	      1.799	      1.855	           	      0.000	  28263.000	  32611.287	  30713.027	     -0.014	     -0.013	     -0.002	
 2012/08/17	   1.767	   1.776	   1.759	   1.765	        3215416	      1.776	      1.799	      1.796	      1.852	           	      0.000	  32154.160	  32847.320	  30932.082	     -0.015	     -0.014	     -0.004	
 2012/08/20	   1.760	   1.764	   1.749	   1.757	        3360526	      1.770	      1.793	      1.794	      1.849	           	      0.000	  33605.262	  31438.709	  30061.484	     -0.017	     -0.014	     -0.005	
 2012/08/21	   1.755	   1.770	   1.752	   1.766	        6756661	      1.765	      1.788	      1.793	      1.846	           	      0.000	  67566.609	  37471.008	  34256.586	     -0.017	     -0.015	     -0.005	
 2012/08/22	   1.761	   1.767	   1.750	   1.754	        3263112	      1.762	      1.781	      1.791	      1.842	           	      0.000	  32631.119	  38844.031	  35121.609	     -0.018	     -0.016	     -0.005	
 2012/08/23	   1.750	   1.766	   1.750	   1.759	       24344784	      1.760	      1.774	      1.789	      1.839	           	      0.000	 243447.844	  81881.000	  57246.141	     -0.019	     -0.016	     -0.005	
 2012/08/24	   1.756	   1.757	   1.745	   1.745	        3534600	      1.756	      1.766	      1.787	      1.835	           	      0.000	  35346.000	  82519.367	  57683.344	     -0.020	     -0.017	     -0.005	
 2012/08/27	   1.744	   1.744	   1.715	   1.716	        4451091	      1.748	      1.759	      1.784	      1.831	           	      0.000	  44510.910	  84700.500	  58069.602	     -0.022	     -0.018	     -0.009	
 2012/08/28	   1.717	   1.734	   1.715	   1.728	        3511353	      1.740	      1.753	      1.780	      1.828	           	      0.000	  35113.531	  78209.883	  57840.445	     -0.024	     -0.019	     -0.009	
 2012/08/29	   1.725	   1.733	   1.718	   1.719	        2905541	      1.733	      1.748	      1.776	      1.824	           	      0.000	  29055.410	  77494.742	  58169.383	     -0.025	     -0.020	     -0.009	
 2012/08/30	   1.717	   1.731	   1.713	   1.728	        3031970	      1.727	      1.744	      1.773	      1.821	           	      0.000	  30319.699	  34869.109	  58375.055	     -0.025	     -0.021	     -0.007	
 2012/08/31	   1.728	   1.731	   1.723	   1.726	        2363114	      1.723	      1.740	      1.769	      1.818	           	      0.000	  23631.141	  32526.139	  57522.754	     -0.025	     -0.022	     -0.006	
 2012/09/03	   1.734	   1.735	   1.719	   1.734	        3586469	      1.727	      1.737	      1.765	      1.816	           	      0.000	  35864.691	  30796.895	  57748.695	     -0.024	     -0.022	     -0.003	
 2012/09/04	   1.734	   1.735	   1.711	   1.717	        4158078	      1.725	      1.733	      1.760	      1.812	           	      0.000	  41580.781	  32090.344	  55150.113	     -0.024	     -0.023	     -0.003	
 2012/09/05	   1.717	   1.717	   1.702	   1.708	        3518027	      1.723	      1.728	      1.755	      1.809	           	      0.000	  35180.270	  33315.316	  55405.027	     -0.025	     -0.023	     -0.003	
 2012/09/06	   1.708	   1.717	   1.703	   1.711	        4546301	      1.719	      1.723	      1.749	      1.806	           	      0.000	  45463.012	  36343.980	  35606.543	     -0.025	     -0.023	     -0.003	
 2012/09/07	   1.720	   1.795	   1.720	   1.778	       10988622	      1.730	      1.727	      1.746	      1.804	           	      0.000	 109886.219	  53594.996	  43060.566	     -0.019	     -0.022	      0.007	
 2012/09/10	   1.788	   1.788	   1.773	   1.781	        3274579	      1.739	      1.733	      1.746	      1.802	           	      0.000	  32745.789	  52971.215	  41884.055	     -0.014	     -0.021	      0.013	
 2012/09/11	   1.782	   1.782	   1.758	   1.764	        3182377	      1.748	      1.737	      1.745	      1.799	           	      0.000	  31823.770	  51019.813	  41555.078	     -0.012	     -0.019	      0.015	
 2012/09/12	   1.774	   1.779	   1.757	   1.767	        2979242	      1.760	      1.741	      1.745	      1.796	           	      0.000	  29792.420	  49942.242	  41628.777	     -0.009	     -0.017	      0.016	
 2012/09/13	   1.765	   1.772	   1.760	   1.761	        2363649	      1.770	      1.745	      1.744	      1.794	           	      0.000	  23636.490	  45576.938	  40960.457	     -0.008	     -0.015	      0.015	
 2012/09/14	   1.765	   1.783	   1.763	   1.773	        4546389	      1.769	      1.749	      1.745	      1.792	           	      0.000	  45463.891	  32692.473	  43143.734	     -0.005	     -0.013	      0.016	
 2012/09/17	   1.772	   1.772	   1.742	   1.742	        3082900	      1.761	      1.750	      1.744	      1.790	           	      0.000	  30829.000	  32309.113	  42640.164	     -0.006	     -0.012	      0.011	
 2012/09/18	   1.739	   1.739	   1.718	   1.718	        2361500	      1.752	      1.750	      1.741	      1.788	           	      0.000	  23615.000	  30667.359	  40843.586	     -0.008	     -0.011	      0.005	
 2012/09/19	   1.723	   1.731	   1.718	   1.722	         470221	      1.743	      1.752	      1.740	      1.786	           	      0.000	   4702.210	  25649.318	  37795.781	     -0.010	     -0.011	      0.002	
 2012/09/20	   1.721	   1.721	   1.699	   1.700	        2011550	      1.731	      1.751	      1.737	      1.784	           	      0.000	  20115.500	  24945.121	  35261.027	     -0.013	     -0.011	     -0.003	
 2012/09/21	   1.696	   1.708	   1.695	   1.705	        2243993	      1.717	      1.743	      1.735	      1.781	           	      0.000	  22439.930	  20340.328	  26516.400	     -0.014	     -0.012	     -0.005	
 2012/09/24	   1.680	   1.708	   1.680	   1.700	        4915038	      1.709	      1.735	      1.734	      1.779	           	      0.000	  49150.379	  24004.604	  28156.859	     -0.016	     -0.013	     -0.006	
 2012/09/25	   1.698	   1.707	   1.695	   1.702	        1362065	      1.706	      1.729	      1.733	      1.776	           	      0.000	  13620.650	  22005.734	  26336.547	     -0.017	     -0.013	     -0.006	
 2012/09/26	   1.697	   1.705	   1.691	   1.693	         619600	      1.700	      1.722	      1.732	      1.773	           	      0.000	   6196.000	  22304.492	  23976.904	     -0.018	     -0.014	     -0.007	
 2012/09/27	   1.693	   1.755	   1.688	   1.730	        9832408	      1.706	      1.719	      1.732	      1.772	           	      0.000	  98324.078	  37946.207	  31445.664	     -0.016	     -0.015	     -0.002	
 2012/09/28	   1.727	   1.765	   1.724	   1.762	        5876840	      1.717	      1.717	      1.733	      1.770	           	      0.000	  58768.398	  45211.902	  32776.113	     -0.011	     -0.014	      0.006	
 2012/10/08	   1.761	   1.774	   1.741	   1.752	        1323130	      1.728	      1.718	      1.734	      1.769	           	      0.000	  13231.300	  38028.086	  31016.344	     -0.008	     -0.013	      0.009	
 2012/10/09	   1.751	   1.788	   1.751	   1.777	        8296901	      1.743	      1.724	      1.737	      1.769	           	      0.000	  82969.008	  51897.758	  36951.746	     -0.004	     -0.011	      0.014	
 2012/10/10	   1.777	   1.779	   1.769	   1.776	        1497454	      1.759	      1.730	      1.741	      1.768	           	      0.000	  14974.540	  53653.465	  37978.977	     -0.001	     -0.009	      0.017	
 2012/10/11	   1.779	   1.779	   1.766	   1.766	        2145720	      1.767	      1.736	      1.743	      1.767	           	      0.000	  21457.199	  38280.090	  38113.148	      0.001	     -0.007	      0.016	
 2012/10/12	   1.774	   1.784	   1.763	   1.773	        2479165	      1.769	      1.743	      1.743	      1.766	           	      0.000	  24791.650	  31484.740	  38348.320	      0.003	     -0.005	      0.016	
 2012/10/15	   1.765	   1.772	   1.757	   1.762	         877031	      1.771	      1.749	      1.742	      1.765	           	      0.000	   8770.310	  30592.541	  34310.313	      0.004	     -0.003	      0.014	
 2012/10/16	   1.770	   1.774	   1.759	   1.768	        2098230	      1.769	      1.756	      1.742	      1.764	           	      0.000	  20982.301	  18195.199	  35046.477	      0.005	     -0.002	      0.013	
 2012/10/17	   1.769	   1.777	   1.758	   1.769	        1594238	      1.768	      1.763	      1.743	      1.763	           	      0.000	  15942.380	  18388.768	  36021.117	      0.005	     -0.000	      0.011	
 2012/10/18	   1.773	   1.792	   1.772	   1.786	       20217364	      1.772	      1.769	      1.744	      1.762	           	      0.000	 202173.641	  54532.055	  46406.074	      0.007	      0.001	      0.012	
 2012/10/19	   1.776	   1.790	   1.776	   1.785	        6299551	      1.774	      1.771	      1.744	      1.762	           	      0.000	  62995.512	  62172.828	  46828.785	      0.009	      0.003	      0.012	
 2012/10/22	   1.779	   1.796	   1.775	   1.795	        1802882	      1.781	      1.776	      1.747	      1.762	           	      0.000	  18028.820	  64024.531	  47308.535	      0.010	      0.004	      0.012	
 2012/10/23	   1.796	   1.796	   1.775	   1.775	        1556189	      1.782	      1.776	      1.750	      1.761	           	      0.000	  15561.890	  62940.449	  40567.824	      0.010	      0.005	      0.009	
 2012/10/24	   1.771	   1.780	   1.768	   1.770	         674904	      1.782	      1.775	      1.752	      1.761	           	      0.000	   6749.040	  61101.781	  39745.273	      0.009	      0.006	      0.006	
 2012/10/25	   1.770	   1.779	   1.763	   1.763	        2396779	      1.778	      1.775	      1.755	      1.761	           	      0.000	  23967.789	  25460.609	  39996.332	      0.008	      0.007	      0.003	
 2012/10/26	   1.765	   1.765	   1.731	   1.735	        2500901	      1.768	      1.771	      1.757	      1.760	           	      0.000	  25009.010	  17863.311	  40018.070	      0.005	      0.006	     -0.003	
 2012/10/29	   1.730	   1.738	   1.726	   1.728	        1252500	      1.754	      1.767	      1.758	      1.759	           	      0.000	  12525.000	  16762.545	  40393.539	      0.001	      0.005	     -0.008	
 2012/10/30	   1.725	   1.740	   1.723	   1.731	        1553900	      1.745	      1.764	      1.760	      1.758	           	      0.000	  15539.000	  16757.969	  39849.207	     -0.001	      0.004	     -0.010	
 2012/10/31	   1.734	   1.735	   1.723	   1.733	        1104083	      1.738	      1.760	      1.762	      1.757	           	      0.000	  11040.830	  17616.326	  39359.055	     -0.003	      0.003	     -0.010	
 2012/11/01	   1.735	   1.769	   1.735	   1.764	        2721796	      1.738	      1.758	      1.763	      1.756	           	      0.000	  27217.961	  18266.359	  21863.484	     -0.001	      0.002	     -0.006	
 2012/11/02	   1.765	   1.779	   1.761	   1.777	        1651744	      1.747	      1.757	      1.764	      1.756	           	      0.000	  16517.439	  16568.047	  17215.678	      0.001	      0.002	     -0.002	
 2012/11/05	   1.774	   1.784	   1.774	   1.778	        1498339	      1.757	      1.755	      1.766	      1.755	           	      0.000	  14983.390	  17059.725	  16911.135	      0.002	      0.002	      0.001	
 2012/11/06	   1.783	   1.783	   1.750	   1.769	        2586400	      1.764	      1.755	      1.765	      1.754	           	      0.000	  25864.000	  19124.725	  17941.346	      0.003	      0.002	      0.002	
 2012/11/07	   1.771	   1.775	   1.757	   1.769	        1267701	      1.771	      1.755	      1.765	      1.753	           	      0.000	  12677.010	  19451.961	  18534.143	      0.003	      0.002	      0.002	
 2012/11/08	   1.763	   1.763	   1.746	   1.749	        1341000	      1.768	      1.753	      1.764	      1.752	           	      0.000	  13410.000	  16690.367	  17478.363	      0.002	      0.002	     -0.000	
 2012/11/09	   1.745	   1.748	   1.735	   1.737	        2104653	      1.760	      1.753	      1.762	      1.751	           	      0.000	  21046.529	  17596.186	  17082.115	     -0.000	      0.002	     -0.004	
 2012/11/12	   1.738	   1.751	   1.737	   1.750	        2355251	      1.755	      1.756	      1.762	      1.750	           	      0.000	  23552.510	  19310.010	  18184.867	     -0.001	      0.001	     -0.004	
 2012/11/13	   1.750	   1.750	   1.723	   1.724	        2949394	      1.746	      1.755	      1.759	      1.749	           	      0.000	  29493.939	  20035.998	  19580.361	     -0.003	      0.000	     -0.007	
 2012/11/14	   1.724	   1.735	   1.724	   1.732	        2517742	      1.738	      1.755	      1.758	      1.748	           	      0.000	  25177.420	  22536.080	  20994.020	     -0.004	     -0.001	     -0.008	
 2012/11/15	   1.731	   1.732	   1.717	   1.719	        1785190	      1.732	      1.750	      1.754	      1.747	           	      0.000	  17851.900	  23424.459	  20057.414	     -0.006	     -0.002	     -0.009	
 2012/11/16	   1.718	   1.718	   1.696	   1.697	        3381252	      1.724	      1.742	      1.750	      1.746	           	      0.000	  33812.520	  25977.658	  21786.922	     -0.010	     -0.003	     -0.013	
 2012/11/19	   1.698	   1.712	   1.693	   1.712	        2419399	      1.717	      1.736	      1.746	      1.745	           	      0.000	  24193.990	  26105.953	  22707.982	     -0.011	     -0.005	     -0.012	
 2012/11/20	   1.712	   1.714	   1.695	   1.696	        2147300	      1.711	      1.729	      1.742	      1.744	           	      0.000	  21473.000	  24501.766	  22268.883	     -0.013	     -0.006	     -0.013	
 2012/11/21	   1.702	   1.717	   1.695	   1.716	        3575000	      1.708	      1.723	      1.739	      1.744	           	      0.000	  35750.000	  26616.281	  24576.182	     -0.013	     -0.008	     -0.010	
 2012/11/22	   1.715	   1.715	   1.703	   1.707	        2211650	      1.706	      1.719	      1.736	      1.743	           	      0.000	  22116.500	  27469.201	  25446.830	     -0.013	     -0.009	     -0.009	
 2012/11/23	   1.705	   1.725	   1.705	   1.719	        3389689	      1.710	      1.717	      1.735	      1.742	           	      0.000	  33896.891	  27486.076	  26731.867	     -0.013	     -0.010	     -0.006	
 2012/11/26	   1.719	   1.719	   1.707	   1.715	        1840601	      1.711	      1.714	      1.735	      1.742	           	      0.000	  18406.010	  26328.480	  26217.217	     -0.012	     -0.010	     -0.004	
 2012/11/27	   1.707	   1.710	   1.702	   1.703	        3045540	      1.712	      1.712	      1.733	      1.742	           	      0.000	  30455.400	  28124.961	  26313.363	     -0.013	     -0.011	     -0.004	
 2012/11/28	   1.701	   1.701	   1.690	   1.692	        2655155	      1.707	      1.708	      1.731	      1.742	           	      0.000	  26551.551	  26285.270	  26450.775	     -0.014	     -0.011	     -0.005	
 2012/11/29	   1.695	   1.697	   1.685	   1.686	        2277200	      1.703	      1.704	      1.727	      1.741	           	      0.000	  22772.000	  26416.371	  26942.785	     -0.015	     -0.012	     -0.006	
 2012/11/30	   1.685	   1.691	   1.672	   1.690	        2717146	      1.697	      1.704	      1.723	      1.740	           	      0.000	  27171.461	  25071.285	  26278.680	     -0.016	     -0.013	     -0.006	
 2012/12/03	   1.685	   1.695	   1.677	   1.677	        2364950	      1.690	      1.700	      1.718	      1.739	           	      0.000	  23649.500	  26119.982	  26224.230	     -0.017	     -0.014	     -0.006	
 2012/12/04	   1.680	   1.690	   1.673	   1.688	        3303953	      1.687	      1.699	      1.714	      1.739	           	      0.000	  33039.531	  26636.809	  27380.885	     -0.017	     -0.014	     -0.005	
 2012/12/05	   1.688	   1.750	   1.683	   1.745	        6319133	      1.697	      1.702	      1.713	      1.739	           	      0.000	  63191.328	  33964.766	  30125.018	     -0.012	     -0.014	      0.004	
 2012/12/06	   1.744	   1.747	   1.737	   1.743	        3375774	      1.709	      1.706	      1.712	      1.740	           	      0.000	  33757.738	  36161.910	  31289.141	     -0.008	     -0.013	      0.009	
 2012/12/07	   1.740	   1.779	   1.738	   1.778	       29671044	      1.726	      1.712	      1.714	      1.740	           	      0.000	 296710.438	  90069.703	  57570.496	     -0.002	     -0.011	      0.017	
 2012/12/10	   1.778	   1.795	   1.778	   1.790	       89922640	      1.749	      1.719	      1.716	      1.740	           	      0.000	 899226.375	 265185.094	 145652.531	      0.003	     -0.008	      0.022	
 2012/12/11	   1.790	   1.796	   1.781	   1.784	        1880457	      1.768	      1.727	      1.719	      1.740	           	      0.000	  18804.570	 262338.094	 144487.453	      0.007	     -0.005	      0.024	
 2012/12/12	   1.784	   1.792	   1.780	   1.786	        2518308	      1.776	      1.737	      1.722	      1.741	           	      0.000	  25183.080	 254736.438	 144350.609	      0.010	     -0.002	      0.024	
 2012/12/13	   1.781	   1.785	   1.769	   1.770	       17516060	      1.782	      1.745	      1.725	      1.741	           	      0.000	 175160.594	 283017.000	 159589.469	      0.011	      0.001	      0.021	
 2012/12/14	   1.767	   1.858	   1.767	   1.857	       12891319	      1.797	      1.762	      1.733	      1.742	           	      0.000	 128913.188	 249457.563	 169763.641	      0.019	      0.004	      0.029	
 2012/12/17	   1.851	   1.878	   1.851	   1.871	        9836602	      1.814	      1.781	      1.741	      1.744	           	      0.000	  98366.023	  89285.492	 177235.281	      0.026	      0.009	      0.034	
 2012/12/18	   1.876	   1.896	   1.862	   1.876	        4361090	      1.832	      1.800	      1.750	      1.747	           	      0.000	  43610.898	  94246.758	 178292.422	      0.031	      0.013	      0.036	
 2012/12/19	   1.872	   1.883	   1.866	   1.872	        2124410	      1.849	      1.813	      1.757	      1.750	           	      0.000	  21244.100	  93458.961	 174097.703	      0.035	      0.017	      0.035	
 2012/12/20	   1.870	   1.888	   1.860	   1.884	        2048777	      1.872	      1.827	      1.766	      1.753	           	      0.000	  20487.770	  62524.395	 172770.703	      0.038	      0.022	      0.033	
 2012/12/21	   1.888	   1.895	   1.866	   1.868	        1582361	      1.874	      1.836	      1.774	      1.755	           	      0.000	  15823.610	  39906.480	 144682.016	      0.039	      0.025	      0.028	
 2012/12/24	   1.866	   1.884	   1.866	   1.872	        1668327	      1.874	      1.844	      1.782	      1.758	           	      0.000	  16683.270	  23569.930	  56427.711	      0.040	      0.028	      0.023	
 2012/12/25	   1.863	   1.932	   1.860	   1.924	        7225966	      1.884	      1.858	      1.793	      1.762	           	      0.000	  72259.656	  29299.682	  61773.219	      0.044	      0.031	      0.025	
 2012/12/26	   1.926	   1.932	   1.916	   1.923	        3531839	      1.894	      1.872	      1.804	      1.766	           	      0.000	  35318.391	  32114.539	  62786.750	      0.047	      0.034	      0.025	
 2012/12/27	   1.924	   1.940	   1.914	   1.917	        3429816	      1.901	      1.886	      1.816	      1.769	           	      0.000	  34298.160	  34876.617	  48700.508	      0.048	      0.037	      0.021	
 2012/12/28	   1.914	   1.952	   1.914	   1.950	        6019894	      1.917	      1.896	      1.829	      1.772	           	      0.000	  60198.941	  43751.684	  41829.082	      0.051	      0.040	      0.022	
 2012/12/31	   1.946	   1.976	   1.946	   1.976	        7279108	      1.938	      1.906	      1.844	      1.776	           	      0.000	  72791.078	  54973.246	  39271.586	      0.054	      0.043	      0.024	
 2013/01/04	   1.978	   2.014	   1.973	   1.985	        3244179	      1.950	      1.917	      1.859	      1.779	           	      0.000	  32441.789	  47009.672	  38154.676	      0.058	      0.046	      0.024	
 2013/01/07	   1.971	   2.015	   1.971	   2.003	        5463603	      1.966	      1.930	      1.871	      1.783	           	      0.000	  54636.031	  50873.199	  41493.871	      0.061	      0.049	      0.024	
 2013/01/08	   1.999	   2.006	   1.974	   1.987	        2833997	      1.980	      1.941	      1.884	      1.787	           	      0.000	  28339.971	  49681.563	  42279.090	      0.061	      0.051	      0.020	
 2013/01/09	   1.984	   1.986	   1.969	   1.976	        1898583	      1.985	      1.951	      1.894	      1.790	           	      0.000	  18985.830	  41438.941	  42595.313	      0.060	      0.053	      0.014	
 2013/01/10	   1.975	   1.999	   1.975	   1.983	        2662471	      1.987	      1.962	      1.903	      1.794	           	      0.000	  26624.711	  32205.666	  43589.457	      0.059	      0.054	      0.010	
 2013/01/11	   1.981	   1.988	   1.938	   1.944	        3586100	      1.979	      1.964	      1.911	      1.797	           	      0.000	  35861.000	  32889.508	  39949.590	      0.055	      0.054	      0.000	
 2013/01/14	   1.939	   2.029	   1.938	   2.025	        9254176	      1.983	      1.975	      1.923	      1.801	           	      0.000	  92541.758	  40470.652	  45671.926	      0.057	      0.055	      0.004	
 2013/01/15	   2.025	   2.034	   2.014	   2.027	        5689053	      1.991	      1.986	      1.936	      1.805	           	      0.000	  56890.531	  46180.766	  47931.164	      0.058	      0.055	      0.005	
 2013/01/16	   2.026	   2.028	   1.981	   2.000	        3157533	      1.996	      1.991	      1.943	      1.809	           	      0.000	  31575.330	  48698.664	  45068.805	      0.056	      0.056	      0.001	
 2013/01/17	   1.997	   2.000	   1.975	   1.988	        2550810	      1.997	      1.992	      1.949	      1.812	           	      0.000	  25508.100	  48475.344	  40340.504	      0.053	      0.055	     -0.004	
 2013/01/18	   1.987	   2.031	   1.987	   2.020	        3706906	      2.012	      1.995	      1.956	      1.816	           	      0.000	  37069.059	  48716.957	  40803.230	      0.053	      0.055	     -0.004	
 2013/01/21	   2.021	   2.039	   2.012	   2.039	        4165489	      2.015	      1.999	      1.965	      1.820	           	      0.000	  41654.891	  38539.582	  39505.117	      0.053	      0.054	     -0.002	
 2013/01/22	   2.039	   2.066	   2.022	   2.042	        5389023	      2.018	      2.004	      1.972	      1.825	           	      0.000	  53890.230	  37939.523	  42060.145	      0.053	      0.054	     -0.002	
 2013/01/23	   2.037	   2.056	   2.027	   2.055	        2753146	      2.029	      2.012	      1.982	      1.830	           	      0.000	  27531.461	  37130.750	  42914.707	      0.054	      0.054	     -0.000	
 2013/01/24	   2.046	   2.109	   2.036	   2.051	        8882100	      2.041	      2.019	      1.991	      1.836	           	      0.000	  88821.000	  49793.328	  49134.336	      0.053	      0.054	     -0.001	
 2013/01/25	   2.047	   2.055	   2.038	   2.042	        1433823	      2.046	      2.029	      1.997	      1.841	           	      0.000	  14338.230	  45247.164	  46982.059	      0.052	      0.054	     -0.004	
 2013/01/28	   2.036	   2.114	   2.036	   2.114	       12367560	      2.061	      2.038	      2.006	      1.847	           	      0.000	 123675.602	  61651.305	  50095.445	      0.055	      0.054	      0.003	
 2013/01/29	   2.110	   2.162	   2.108	   2.145	       11196682	      2.081	      2.050	      2.018	      1.854	           	      0.000	 111966.820	  73266.625	  55603.070	      0.060	      0.055	      0.010	
 2013/01/30	   2.151	   2.159	   2.133	   2.155	        3346044	      2.101	      2.065	      2.028	      1.860	           	      0.000	  33460.441	  74452.422	  55791.582	      0.064	      0.057	      0.014	
 2013/01/31	   2.159	   2.167	   2.147	   2.164	        4033482	      2.124	      2.083	      2.037	      1.866	           	      0.000	  40334.820	  64755.184	  57274.254	      0.067	      0.059	      0.016	
 2013/02/01	   2.157	   2.229	   2.152	   2.228	        6831113	      2.161	      2.104	      2.049	      1.874	           	      0.000	  68311.133	  75549.766	  60398.461	      0.074	      0.062	      0.024	
 2013/02/04	   2.230	   2.276	   2.228	   2.238	       11438489	      2.186	      2.123	      2.061	      1.882	           	      0.000	 114384.891	  73691.625	  67671.461	      0.079	      0.065	      0.027	
 2013/02/05	   2.226	   2.245	   2.209	   2.236	       13013596	      2.204	      2.143	      2.074	      1.890	           	      0.000	 130135.961	  77325.453	  75296.039	      0.082	      0.069	      0.027	
 2013/02/06	   2.232	   2.251	   2.230	   2.239	       14065302	      2.221	      2.161	      2.087	      1.898	           	      0.000	 140653.016	  98763.961	  86608.188	      0.084	      0.072	      0.024	
 2013/02/07	   2.235	   2.237	   2.167	   2.199	        8110155	      2.228	      2.176	      2.098	      1.906	           	      0.000	  81101.547	 106917.313	  85836.250	      0.081	      0.074	      0.015	
 2013/02/08	   2.199	   2.217	   2.174	   2.194	        5823936	      2.221	      2.191	      2.110	      1.914	           	      0.000	  58239.359	 104902.953	  90226.359	      0.077	      0.074	      0.006	
 2013/02/18	   2.196	   2.206	   2.172	   2.176	        3545551	      2.209	      2.197	      2.118	      1.921	           	      0.000	  35455.512	  89117.078	  81404.352	      0.072	      0.074	     -0.003	
 2013/02/19	   2.167	   2.176	   2.144	   2.146	      112770784	      2.191	      2.197	      2.124	      1.928	           	      0.000	1127707.875	 288631.469	 182978.453	      0.065	      0.072	     -0.014	
 2013/02/20	   2.146	   2.152	   2.111	   2.137	        5947515	      2.170	      2.196	      2.130	      1.935	           	      0.000	  59475.148	 272395.875	 185579.922	      0.058	      0.069	     -0.023	
 2013/02/21	   2.136	   2.136	   2.044	   2.057	        9687251	      2.142	      2.185	      2.134	      1.941	           	      0.000	  96872.508	 275550.094	 191233.688	      0.045	      0.065	     -0.038	
 2013/02/22	   2.051	   2.065	   2.028	   2.031	        5195028	      2.109	      2.165	      2.134	      1.947	           	      0.000	  51950.281	 274292.250	 189597.609	      0.033	      0.058	     -0.051	
 2013/02/25	   2.033	   2.065	   2.033	   2.052	        2542450	      2.085	      2.147	      2.135	      1.952	           	      0.000	  25424.500	 272286.063	 180701.578	      0.024	      0.051	     -0.054	
 2013/02/26	   2.050	   2.083	   2.030	   2.030	        5394046	      2.061	      2.126	      2.134	      1.958	           	      0.000	  53940.461	  57532.578	 173082.016	      0.016	      0.044	     -0.057	
 2013/02/27	   2.031	   2.071	   2.031	   2.054	        2577942	      2.045	      2.108	      2.134	      1.963	           	      0.000	  25779.420	  50793.434	 161594.656	      0.011	      0.038	     -0.054	
 2013/02/28	   2.063	   2.121	   2.056	   2.120	        7673620	      2.057	      2.100	      2.138	      1.970	           	      0.000	  76736.203	  46766.172	 161158.125	      0.012	      0.032	     -0.041	
 2013/03/01	   2.121	   2.130	   2.080	   2.113	        4965570	      2.074	      2.092	      2.141	      1.977	           	      0.000	  49655.699	  46307.258	 160299.766	      0.012	      0.028	     -0.033	
 2013/03/04	   2.098	   2.098	   2.002	   2.011	        9986743	      2.066	      2.075	      2.136	      1.982	           	      0.000	  99867.430	  61195.844	 166740.953	      0.004	      0.023	     -0.039	
 2013/03/05	   2.011	   2.103	   2.011	   2.095	        9122490	      2.079	      2.070	      2.134	      1.989	           	      0.000	  91224.898	  68652.727	  63092.656	      0.004	      0.020	     -0.031	
 2013/03/06	   2.102	   2.134	   2.091	   2.124	        5912579	      2.093	      2.069	      2.132	      1.996	           	      0.000	  59125.789	  75322.000	  63057.719	      0.007	      0.017	     -0.021	
 2013/03/07	   2.115	   2.131	   2.073	   2.096	        4746719	      2.088	      2.073	      2.129	      2.003	           	      0.000	  47467.191	  69468.203	  58117.188	      0.006	      0.015	     -0.017	
 2013/03/08	   2.097	   2.111	   2.082	   2.091	        2658942	      2.083	      2.079	      2.122	      2.010	           	      0.000	  26589.420	  64854.945	  55581.102	      0.006	      0.013	     -0.015	
 2013/03/11	   2.091	   2.091	   2.057	   2.070	        2336506	      2.095	      2.080	      2.114	      2.015	           	      0.000	  23365.061	  49554.473	  55375.156	      0.003	      0.011	     -0.016	
 2013/03/12	   2.071	   2.086	   2.019	   2.035	        5351499	      2.083	      2.081	      2.103	      2.020	           	      0.000	  53514.988	  42012.488	  55332.609	     -0.001	      0.009	     -0.020	
 2013/03/13	   2.036	   2.046	   2.011	   2.021	        4584801	      2.063	      2.078	      2.093	      2.024	           	      0.000	  45848.012	  39356.934	  57339.469	     -0.006	      0.006	     -0.023	
 2013/03/14	   2.014	   2.033	   2.006	   2.022	        3097508	      2.048	      2.068	      2.084	      2.028	           	      0.000	  30975.080	  36058.512	  52763.355	     -0.010	      0.003	     -0.024	
 2013/03/15	   2.024	   2.080	   2.004	   2.042	        4725703	      2.038	      2.061	      2.076	      2.032	           	      0.000	  47257.031	  40192.035	  52523.488	     -0.011	      0.000	     -0.021	
 2013/03/18	   2.026	   2.041	   2.008	   2.011	        3583967	      2.026	      2.061	      2.068	      2.036	           	      0.000	  35839.672	  42686.957	  46120.715	     -0.014	     -0.003	     -0.022	
 2013/03/19	   2.009	   2.031	   2.004	   2.027	        3302113	      2.025	      2.054	      2.062	      2.040	           	      0.000	  33021.129	  38588.184	  40300.336	     -0.015	     -0.005	     -0.019	
 2013/03/20	   2.028	   2.105	   2.028	   2.104	        9467398	      2.041	      2.052	      2.060	      2.045	           	      0.000	  94673.977	  48353.379	  43855.156	     -0.009	     -0.006	     -0.007	
 2013/03/21	   2.110	   2.115	   2.094	   2.100	        4066617	      2.057	      2.052	      2.062	      2.048	           	      0.000	  40666.172	  50291.598	  43175.055	     -0.005	     -0.006	      0.001	
 2013/03/22	   2.104	   2.114	   2.094	   2.107	        3539909	      2.070	      2.054	      2.066	      2.052	           	      0.000	  35399.090	  47920.008	  44056.020	     -0.002	     -0.005	      0.007	
 2013/03/25	   2.114	   2.129	   2.098	   2.102	        4935728	      2.088	      2.057	      2.069	      2.056	           	      0.000	  49357.281	  50623.531	  46655.242	      0.001	     -0.004	      0.010	
 2013/03/26	   2.096	   2.096	   2.045	   2.061	        6623258	      2.095	      2.060	      2.070	      2.059	           	      0.000	  66232.578	  57265.820	  47927.004	     -0.000	     -0.003	      0.006	
 2013/03/27	   2.060	   2.090	   2.054	   2.068	        4949478	      2.088	      2.064	      2.071	      2.062	           	      0.000	  49494.781	  48229.980	  48291.680	     -0.001	     -0.003	      0.004	
 2013/03/28	   2.054	   2.054	   1.969	   1.978	       13512549	      2.063	      2.060	      2.064	      2.064	           	      0.000	 135125.484	  67121.844	  58706.719	     -0.008	     -0.004	     -0.009	
 2013/03/29	   1.979	   1.988	   1.968	   1.978	        3852014	      2.037	      2.054	      2.057	      2.065	           	      0.000	  38520.141	  67746.055	  57833.031	     -0.014	     -0.006	     -0.016	
 2013/04/01	   1.978	   1.989	   1.975	   1.978	        1664563	      2.013	      2.050	      2.056	      2.066	           	      0.000	  16645.631	  61203.723	  55913.625	     -0.018	     -0.008	     -0.020	
 2013/04/02	   1.986	   1.996	   1.966	   1.977	        3277984	      1.996	      2.045	      2.050	      2.067	           	      0.000	  32779.840	  54513.176	  55889.496	     -0.022	     -0.011	     -0.021	
 2013/04/03	   1.980	   1.999	   1.976	   1.984	        4178851	      1.979	      2.033	      2.043	      2.068	           	      0.000	  41788.512	  52971.922	  50600.949	     -0.023	     -0.013	     -0.020	
 2013/04/08	   1.955	   1.973	   1.948	   1.970	        4813589	      1.977	      2.020	      2.036	      2.067	           	      0.000	  48135.891	  35574.004	  51347.922	     -0.026	     -0.016	     -0.019	
 2013/04/09	   1.976	   1.995	   1.975	   1.982	        3787285	      1.978	      2.008	      2.031	      2.067	           	      0.000	  37872.852	  35444.547	  51595.301	     -0.026	     -0.018	     -0.016	
 2013/04/10	   1.982	   1.983	   1.961	   1.969	        3448100	      1.976	      1.995	      2.026	      2.067	           	      0.000	  34481.000	  39011.617	  50107.672	     -0.027	     -0.020	     -0.015	
 2013/04/11	   1.984	   1.990	   1.968	   1.968	        4763055	      1.975	      1.985	      2.022	      2.067	           	      0.000	  47630.551	  41981.762	  48247.469	     -0.028	     -0.021	     -0.013	
 2013/04/12	   1.973	   1.975	   1.957	   1.961	        1653000	      1.970	      1.975	      2.019	      2.066	           	      0.000	  16530.000	  36930.059	  44950.988	     -0.029	     -0.023	     -0.012	
 2013/04/15	   1.961	   1.961	   1.941	   1.943	        3753543	      1.965	      1.971	      2.016	      2.066	           	      0.000	  37535.430	  34809.965	  35191.984	     -0.030	     -0.024	     -0.012	
 2013/04/16	   1.939	   1.947	   1.917	   1.946	        5946706	      1.957	      1.968	      2.011	      2.066	           	      0.000	  59467.059	  39128.809	  37286.676	     -0.031	     -0.026	     -0.011	
 2013/04/17	   1.946	   1.946	   1.914	   1.931	        6843142	      1.950	      1.963	      2.007	      2.064	           	      0.000	  68431.422	  45918.891	  42465.254	     -0.033	     -0.027	     -0.011	
 2013/04/18	   1.927	   1.939	   1.903	   1.938	       20638064	      1.944	      1.959	      2.002	      2.063	           	      0.000	 206380.641	  77668.906	  59825.336	     -0.033	     -0.028	     -0.009	
 2013/04/19	   1.935	   2.016	   1.935	   2.004	       18450148	      1.952	      1.961	      1.997	      2.063	           	      0.000	 184501.484	 111263.203	  74096.633	     -0.027	     -0.028	      0.002	
 2013/04/22	   1.997	   2.015	   1.995	   2.010	        6632853	      1.966	      1.965	      1.993	      2.063	           	      0.000	  66328.531	 117021.828	  75915.898	     -0.022	     -0.027	      0.009	
 2013/04/23	   2.007	   2.014	   1.927	   1.954	        8809743	      1.967	      1.962	      1.985	      2.062	           	      0.000	  88097.430	 122747.898	  80938.352	     -0.022	     -0.026	      0.007	
 2013/04/24	   1.953	   2.000	   1.949	   1.986	        6481298	      1.978	      1.964	      1.979	      2.061	           	      0.000	  64812.980	 122024.211	  83971.555	     -0.020	     -0.025	      0.010	
 2013/04/25	   1.984	   1.987	   1.956	   1.965	        3707620	      1.984	      1.964	      1.974	      2.060	           	      0.000	  37076.199	  88163.328	  82916.117	     -0.019	     -0.024	      0.009	
 2013/04/26	   1.966	   1.981	   1.956	   1.960	        3058791	      1.975	      1.964	      1.969	      2.058	           	      0.000	  30587.910	  57380.609	  84321.906	     -0.019	     -0.023	      0.008	
 2013/05/02	   1.952	   1.962	   1.940	   1.962	        3847234	      1.965	      1.966	      1.968	      2.057	           	      0.000	  38472.340	  51809.371	  84415.602	     -0.018	     -0.022	      0.007	
 2013/05/03	   1.962	   2.023	   1.962	   1.996	        7302614	      1.974	      1.971	      1.969	      2.056	           	      0.000	  73026.141	  48795.113	  85771.508	     -0.015	     -0.020	      0.011	
 2013/05/06	   2.008	   2.024	   2.001	   2.012	        4743901	      1.979	      1.979	      1.971	      2.054	           	      0.000	  47439.012	  45320.320	  83672.266	     -0.011	     -0.018	      0.015	
 2013/05/07	   2.011	   2.019	   1.999	   2.008	        4383000	      1.988	      1.986	      1.972	      2.052	           	      0.000	  43830.000	  46671.082	  67417.203	     -0.008	     -0.016	      0.017	
 2013/05/08	   2.021	   2.034	   2.007	   2.013	        3910079	      1.998	      1.987	      1.974	      2.050	           	      0.000	  39100.789	  48373.656	  52877.133	     -0.005	     -0.014	      0.018	
 2013/05/09	   2.016	   2.016	   1.994	   2.004	        3942641	      2.007	      1.986	      1.976	      2.047	           	      0.000	  39426.410	  48564.469	  50186.922	     -0.003	     -0.012	      0.017	
 2013/05/10	   2.002	   2.021	   1.997	   2.016	        2951758	      2.011	      1.992	      1.977	      2.043	           	      0.000	  29517.580	  39862.758	  44328.938	     -0.001	     -0.010	      0.017	
 2013/05/13	   2.015	   2.020	   2.001	   2.008	        2695036	      2.010	      1.994	      1.979	      2.040	           	      0.000	  26950.359	  35765.027	  40542.676	      0.000	     -0.008	      0.016	
 2013/05/14	   2.008	   2.008	   1.987	   1.991	        1361800	      2.006	      1.997	      1.980	      2.035	           	      0.000	  13618.000	  29722.627	  38196.855	     -0.000	     -0.006	      0.012	
 2013/05/15	   1.991	   2.005	   1.991	   2.004	        5798106	      2.005	      2.001	      1.983	      2.032	           	      0.000	  57981.059	  33498.680	  40936.168	      0.000	     -0.005	      0.010	
 2013/05/16	   2.001	   2.032	   1.987	   2.030	        4299553	      2.010	      2.008	      1.987	      2.029	           	      0.000	  42995.531	  34212.508	  41388.488	      0.003	     -0.003	      0.013	
 2013/05/17	   2.030	   2.058	   2.024	   2.055	        6003334	      2.018	      2.014	      1.992	      2.026	           	      0.000	  60033.340	  40315.656	  40089.207	      0.007	     -0.001	      0.016	
 2013/05/20	   2.055	   2.092	   2.055	   2.073	        9200550	      2.031	      2.020	      1.999	      2.025	           	      0.000	  92005.500	  53326.688	  44545.855	      0.011	      0.001	      0.020	
 2013/05/21	   2.071	   2.076	   2.056	   2.062	        6351653	      2.045	      2.026	      2.006	      2.023	           	      0.000	  63516.531	  63306.391	  46514.512	      0.014	      0.004	      0.020	
 2013/05/22	   2.062	   2.073	   2.027	   2.069	        3563638	      2.058	      2.031	      2.009	      2.022	           	      0.000	  35636.379	  58837.457	  46168.070	      0.016	      0.006	      0.020	
 2013/05/23	   2.056	   2.063	   2.033	   2.037	        3888864	      2.059	      2.034	      2.010	      2.022	           	      0.000	  38888.641	  58016.078	  46114.293	      0.015	      0.008	      0.015	
 2013/05/24	   2.037	   2.051	   2.028	   2.038	        3156510	      2.056	      2.037	      2.014	      2.022	           	      0.000	  31565.100	  52322.430	  46319.043	      0.015	      0.009	      0.010	
 2013/05/27	   2.038	   2.050	   2.031	   2.038	        1036040	      2.049	      2.040	      2.017	      2.022	           	      0.000	  10360.400	  35993.410	  44660.047	      0.014	      0.010	      0.007	
 2013/05/28	   2.040	   2.072	   2.029	   2.070	        6534005	      2.050	      2.048	      2.022	      2.022	           	      0.000	  65340.051	  36358.113	  49832.254	      0.016	      0.011	      0.009	
 2013/05/29	   2.071	   2.084	   2.068	   2.068	        3640710	      2.050	      2.054	      2.028	      2.023	           	      0.000	  36407.102	  36512.258	  47674.859	      0.017	      0.012	      0.009	
 2013/05/30	   2.064	   2.070	   2.057	   2.060	        4680800	      2.055	      2.057	      2.033	      2.022	           	      0.000	  46808.000	  38096.129	  48056.105	      0.017	      0.013	      0.007	
 2013/05/31	   2.059	   2.069	   2.047	   2.047	        3819050	      2.057	      2.056	      2.035	      2.020	           	      0.000	  38190.500	  39421.211	  45871.820	      0.015	      0.014	      0.003	
 2013/06/03	   2.050	   2.063	   2.043	   2.046	        4546901	      2.058	      2.053	      2.037	      2.021	           	      0.000	  45469.012	  46442.934	  41218.172	      0.014	      0.014	      0.001	
 2013/06/04	   2.040	   2.046	   2.030	   2.034	        2681497	      2.051	      2.051	      2.038	      2.020	           	      0.000	  26814.971	  38737.918	  37548.016	      0.012	      0.013	     -0.003	
 2013/06/05	   2.036	   2.036	   2.007	   2.016	        2010028	      2.041	      2.045	      2.038	      2.018	           	      0.000	  20100.279	  35476.551	  35994.406	      0.009	      0.012	     -0.007	
 2013/06/06	   2.015	   2.015	   1.993	   1.996	        4321654	      2.028	      2.041	      2.038	      2.017	           	      0.000	  43216.539	  34758.262	  36427.195	      0.005	      0.011	     -0.012	
 2013/06/07	   1.995	   2.006	   1.968	   1.975	        2815660	      2.013	      2.035	      2.036	      2.015	           	      0.000	  28156.600	  32751.480	  36086.344	     -0.000	      0.009	     -0.018	
 2013/06/13	   1.972	   1.972	   1.887	   1.910	        6020054	      1.986	      2.022	      2.031	      2.012	           	      0.000	  60200.539	  35697.785	  41070.359	     -0.009	      0.005	     -0.029	
 2013/06/14	   1.912	   1.923	   1.910	   1.916	        2657272	      1.963	      2.007	      2.027	      2.010	           	      0.000	  26572.721	  35649.336	  37193.625	     -0.016	      0.001	     -0.034	
 2013/06/17	   1.921	   1.926	   1.902	   1.903	        2029526	      1.940	      1.990	      2.022	      2.008	           	      0.000	  20295.260	  35688.332	  35582.441	     -0.022	     -0.004	     -0.037	
 2013/06/18	   1.907	   1.921	   1.903	   1.914	        3898028	      1.924	      1.976	      2.016	      2.006	           	      0.000	  38980.281	  34841.078	  34799.672	     -0.026	     -0.008	     -0.035	
 2013/06/19	   1.907	   1.907	   1.874	   1.893	        2943515	      1.907	      1.960	      2.008	      2.004	           	      0.000	  29435.150	  35096.789	  33924.137	     -0.030	     -0.012	     -0.035	
 2013/06/20	   1.885	   1.885	   1.834	   1.841	        3877888	      1.893	      1.940	      1.997	      2.001	           	      0.000	  38778.879	  30812.459	  33255.121	     -0.037	     -0.017	     -0.039	
 2013/06/21	   1.838	   1.840	   1.800	   1.837	        3988405	      1.878	      1.920	      1.985	      1.998	           	      0.000	  39884.051	  33474.723	  34562.031	     -0.042	     -0.022	     -0.040	
 2013/06/24	   1.831	   1.831	   1.726	   1.738	        6856079	      1.845	      1.892	      1.969	      1.992	           	      0.000	  68560.789	  43127.828	  39408.082	     -0.054	     -0.029	     -0.051	
 2013/06/25	   1.740	   1.740	   1.600	   1.716	        8719927	      1.805	      1.864	      1.953	      1.985	           	      0.000	  87199.273	  52771.629	  43806.355	     -0.064	     -0.036	     -0.057	
 2013/06/26	   1.724	   1.729	   1.684	   1.695	        3626650	      1.765	      1.836	      1.936	      1.978	           	      0.000	  36266.500	  54137.898	  44617.344	     -0.073	     -0.043	     -0.060	
 2013/06/27	   1.701	   1.732	   1.698	   1.713	        4593169	      1.740	      1.817	      1.919	      1.972	           	      0.000	  45931.691	  55568.461	  43190.461	     -0.078	     -0.050	     -0.056	
 2013/06/28	   1.709	   1.775	   1.699	   1.771	        6285830	      1.727	      1.802	      1.904	      1.967	           	      0.000	  62858.301	  60163.313	  46819.016	     -0.076	     -0.055	     -0.042	
 2013/07/01	   1.766	   1.771	   1.745	   1.770	        3565972	      1.733	      1.789	      1.890	      1.962	           	      0.000	  35659.719	  53583.098	  48355.465	     -0.074	     -0.059	     -0.030	
 2013/07/02	   1.771	   1.771	   1.748	   1.766	        4092152	      1.743	      1.774	      1.875	      1.959	           	      0.000	  40921.520	  44327.547	  48549.586	     -0.072	     -0.062	     -0.020	
 2013/07/03	   1.751	   1.755	   1.729	   1.750	        4102841	      1.754	      1.760	      1.860	      1.955	           	      0.000	  41028.410	  45279.930	  49708.914	     -0.071	     -0.063	     -0.014	
 2013/07/04	   1.746	   1.783	   1.734	   1.764	        6888653	      1.764	      1.752	      1.846	      1.951	           	      0.000	  68886.531	  49870.895	  52719.680	     -0.068	     -0.064	     -0.007	
 2013/07/05	   1.761	   1.774	   1.756	   1.762	        1947508	      1.762	      1.745	      1.832	      1.948	           	      0.000	  19475.080	  41194.250	  50678.781	     -0.065	     -0.064	     -0.001	
 2013/07/08	   1.747	   1.754	   1.731	   1.737	        3260628	      1.756	      1.744	      1.818	      1.944	           	      0.000	  32606.279	  40583.563	  47083.332	     -0.064	     -0.064	      0.001	
 2013/07/09	   1.737	   1.749	   1.733	   1.746	        2251800	      1.752	      1.747	      1.806	      1.940	           	      0.000	  22518.000	  36902.859	  40615.203	     -0.061	     -0.064	      0.004	
 2013/07/10	   1.748	   1.781	   1.744	   1.780	        2980741	      1.758	      1.756	      1.796	      1.936	           	      0.000	  29807.410	  34658.660	  39969.293	     -0.056	     -0.062	      0.012	
 2013/07/11	   1.784	   1.899	   1.784	   1.881	       10033060	      1.781	      1.773	      1.795	      1.935	           	      0.000	 100330.602	  40947.473	  45409.184	     -0.044	     -0.058	      0.030	
 2013/07/12	   1.875	   1.885	   1.828	   1.834	        4792018	      1.796	      1.779	      1.791	      1.933	           	      0.000	  47920.180	  46636.492	  43915.375	     -0.037	     -0.054	      0.035	
 2013/07/15	   1.832	   1.869	   1.829	   1.845	        2836202	      1.817	      1.786	      1.788	      1.931	           	      0.000	  28362.020	  45787.641	  43185.602	     -0.030	     -0.049	      0.038	
 2013/07/16	   1.842	   1.848	   1.821	   1.847	        3376084	      1.837	      1.795	      1.784	      1.929	           	      0.000	  33760.840	  48036.211	  42469.535	     -0.025	     -0.044	      0.040	
 2013/07/17	   1.841	   1.853	   1.826	   1.826	        3096036	      1.847	      1.802	      1.781	      1.927	           	      0.000	  30960.359	  48266.801	  41462.730	     -0.022	     -0.040	      0.037	
 2013/07/18	   1.826	   1.826	   1.786	   1.786	        3617554	      1.828	      1.804	      1.778	      1.925	           	      0.000	  36175.539	  35435.789	  38191.633	     -0.022	     -0.036	      0.028	
 2013/07/19	   1.800	   1.800	   1.754	   1.756	        4626900	      1.812	      1.804	      1.774	      1.922	           	      0.000	  46269.000	  35105.551	  40871.023	     -0.025	     -0.034	      0.019	
 2013/07/22	   1.749	   1.758	   1.731	   1.758	        4438594	      1.795	      1.806	      1.775	      1.918	           	      0.000	  44385.941	  38310.336	  42048.988	     -0.026	     -0.032	      0.012	
 2013/07/23	   1.759	   1.811	   1.747	   1.793	        4084366	      1.784	      1.811	      1.779	      1.914	           	      0.000	  40843.660	  39726.898	  43881.555	     -0.024	     -0.031	      0.013	
 2013/07/24	   1.789	   1.789	   1.751	   1.772	        6870194	      1.773	      1.810	      1.783	      1.911	           	      0.000	  68701.938	  47275.215	  47771.008	     -0.024	     -0.030	      0.010	
 2013/07/25	   1.778	   1.783	   1.759	   1.763	        3637296	      1.768	      1.798	      1.785	      1.907	           	      0.000	  36372.961	  47314.699	  41375.242	     -0.025	     -0.029	      0.008	
 2013/07/26	   1.757	   1.767	   1.748	   1.763	        3212524	      1.770	      1.791	      1.785	      1.904	           	      0.000	  32125.240	  44485.949	  39795.750	     -0.025	     -0.028	      0.006	
 2013/07/29	   1.751	   1.751	   1.715	   1.720	        5584241	      1.762	      1.778	      1.782	      1.900	           	      0.000	  55842.410	  46777.242	  42543.789	     -0.028	     -0.028	     -0.000	
 2013/07/30	   1.726	   1.766	   1.719	   1.739	        3685798	      1.751	      1.768	      1.781	      1.896	           	      0.000	  36857.980	  45980.105	  42853.504	     -0.029	     -0.028	     -0.001	
 2013/07/31	   1.746	   1.776	   1.741	   1.744	        3630186	      1.746	      1.759	      1.781	      1.892	           	      0.000	  36301.859	  39500.090	  43387.652	     -0.028	     -0.028	     -0.001	
 2013/08/01	   1.744	   1.776	   1.741	   1.773	        3833972	      1.748	      1.758	      1.781	      1.888	           	      0.000	  38339.719	  39893.441	  43604.070	     -0.026	     -0.028	      0.004	
 2013/08/02	   1.773	   1.792	   1.766	   1.768	        2828687	      1.749	      1.759	      1.782	      1.884	           	      0.000	  28286.869	  39125.766	  41805.859	     -0.024	     -0.027	      0.007	
 2013/08/05	   1.781	   1.785	   1.764	   1.782	        2398308	      1.761	      1.762	      1.784	      1.880	           	      0.000	  23983.080	  32753.902	  39765.570	     -0.020	     -0.026	      0.010	
 2013/08/06	   1.781	   1.796	   1.768	   1.791	        3752801	      1.772	      1.762	      1.786	      1.877	           	      0.000	  37528.012	  32887.906	  39434.008	     -0.017	     -0.024	      0.013	
 2013/08/07	   1.791	   1.803	   1.777	   1.780	        3244637	      1.779	      1.762	      1.786	      1.873	           	      0.000	  32446.369	  32116.811	  35808.449	     -0.015	     -0.022	      0.014	
 2013/08/08	   1.776	   1.790	   1.771	   1.774	        3712445	      1.779	      1.763	      1.781	      1.869	           	      0.000	  37124.449	  31873.756	  35883.598	     -0.014	     -0.021	      0.013	
 2013/08/09	   1.779	   1.791	   1.760	   1.772	        2224982	      1.780	      1.764	      1.778	      1.865	           	      0.000	  22249.820	  30666.346	  34896.059	     -0.013	     -0.019	      0.012	
 2013/08/12	   1.772	   1.837	   1.772	   1.836	        8725442	      1.791	      1.776	      1.777	      1.862	           	      0.000	  87254.422	  43320.613	  38037.258	     -0.007	     -0.017	      0.019	
 2013/08/13	   1.835	   1.855	   1.823	   1.850	        4596690	      1.802	      1.787	      1.777	      1.859	           	      0.000	  45966.898	  45008.391	  38948.148	     -0.001	     -0.014	      0.025	
 2013/08/14	   1.851	   1.881	   1.842	   1.846	        4503761	      1.816	      1.797	      1.778	      1.856	           	      0.000	  45037.609	  47526.641	  39821.727	      0.003	     -0.010	      0.027	
 2013/08/15	   1.846	   1.866	   1.840	   1.840	        2325600	      1.829	      1.804	      1.781	      1.852	           	      0.000	  23256.000	  44752.949	  38313.352	      0.006	     -0.007	      0.026	
 2013/08/16	   1.835	   1.926	   1.816	   1.837	        9311177	      1.842	      1.811	      1.785	      1.848	           	      0.000	  93111.773	  58925.340	  44795.844	      0.008	     -0.004	      0.024	
 2013/08/19	   1.822	   1.862	   1.822	   1.853	        4625993	      1.845	      1.818	      1.790	      1.845	           	      0.000	  46259.930	  50726.441	  47023.527	      0.011	     -0.001	      0.023	
 2013/08/20	   1.847	   1.882	   1.839	   1.850	        4550677	      1.845	      1.824	      1.793	      1.841	           	      0.000	  45506.770	  50634.418	  47821.402	      0.012	      0.002	      0.022	
 2013/08/21	   1.850	   1.855	   1.826	   1.838	        2829990	      1.844	      1.830	      1.796	      1.838	           	      0.000	  28299.900	  47286.875	  47406.758	      0.013	      0.004	      0.018	
 2013/08/22	   1.836	   1.866	   1.832	   1.837	        3361462	      1.843	      1.836	      1.800	      1.835	           	      0.000	  33614.621	  49358.598	  47055.773	      0.013	      0.006	      0.014	
 2013/08/23	   1.839	   1.855	   1.794	   1.819	        4687987	      1.839	      1.841	      1.802	      1.831	           	      0.000	  46879.871	  40112.219	  49518.781	      0.011	      0.007	      0.009	
 2013/08/26	   1.820	   1.853	   1.817	   1.851	        5737179	      1.839	      1.842	      1.809	      1.827	           	      0.000	  57371.789	  42334.590	  46530.516	      0.012	      0.008	      0.009	
 2013/08/27	   1.849	   1.861	   1.840	   1.852	        2755537	      1.839	      1.842	      1.815	      1.824	           	      0.000	  27555.369	  38744.309	  44689.363	      0.013	      0.009	      0.009	
 2013/08/28	   1.846	   1.853	   1.827	   1.843	        2697124	      1.840	      1.842	      1.820	      1.820	           	      0.000	  26971.240	  38478.578	  42882.727	      0.013	      0.010	      0.007	
 2013/08/29	   1.843	   1.853	   1.835	   1.841	        2072205	      1.841	      1.842	      1.823	      1.817	           	      0.000	  20722.051	  35900.063	  42629.332	      0.012	      0.010	      0.004	
 2013/08/30	   1.841	   1.852	   1.828	   1.840	        2109499	      1.845	      1.842	      1.827	      1.813	           	      0.000	  21094.990	  30743.088	  35427.652	      0.012	      0.011	      0.003	
 2013/09/02	   1.846	   1.855	   1.835	   1.844	        2771725	      1.844	      1.842	      1.830	      1.811	           	      0.000	  27717.250	  24812.180	  33573.387	      0.012	      0.011	      0.002	
 2013/09/03	   1.851	   1.874	   1.847	   1.872	        4553201	      1.848	      1.844	      1.834	      1.809	           	      0.000	  45532.012	  28407.508	  33575.910	      0.014	      0.011	      0.004	
 2013/09/04	   1.863	   1.879	   1.863	   1.871	        3298566	      1.854	      1.847	      1.838	      1.807	           	      0.000	  32985.660	  29610.393	  34044.484	      0.015	      0.012	      0.006	
 2013/09/05	   1.871	   1.878	   1.867	   1.869	        2614588	      1.859	      1.850	      1.843	      1.806	           	      0.000	  26145.881	  30695.158	  33297.609	      0.015	      0.013	      0.005	
 2013/09/06	   1.868	   1.891	   1.867	   1.882	        4195579	      1.868	      1.857	      1.849	      1.806	           	      0.000	  41955.789	  34867.320	  32805.203	      0.017	      0.013	      0.007	
 2013/09/09	   1.892	   1.994	   1.892	   1.988	       14743610	      1.896	      1.870	      1.856	      1.807	           	      0.000	 147436.094	  58811.086	  41811.633	      0.026	      0.016	      0.020	
 2013/09/10	   1.992	   2.002	   1.972	   2.000	        5075029	      1.922	      1.885	      1.864	      1.808	           	      0.000	  50750.289	  59854.742	  44131.125	      0.034	      0.020	      0.029	
 2013/09/11	   2.000	   2.031	   2.000	   2.007	        4907090	      1.949	      1.901	      1.872	      1.810	           	      0.000	  49070.898	  63071.789	  46341.090	      0.041	      0.024	      0.033	
 2013/09/12	   2.007	   2.068	   1.991	   2.037	        6398485	      1.983	      1.921	      1.882	      1.814	           	      0.000	  63984.852	  70639.586	  50667.371	      0.047	      0.029	      0.038	
 2013/09/13	   2.036	   2.036	   1.995	   2.005	        3078422	      2.007	      1.938	      1.890	      1.816	           	      0.000	  30784.221	  68405.273	  51636.293	      0.050	      0.033	      0.034	
 2013/09/16	   2.006	   2.019	   1.981	   1.994	        3421357	      2.009	      1.952	      1.897	      1.821	           	      0.000	  34213.570	  45760.766	  52285.926	      0.050	      0.036	      0.028	
 2013/09/17	   2.001	   2.011	   1.964	   1.965	        3868012	      2.002	      1.962	      1.903	      1.825	           	      0.000	  38680.121	  43346.734	  51600.738	      0.048	      0.039	      0.018	
 2013/09/18	   1.965	   1.974	   1.946	   1.965	        2417582	      1.993	      1.971	      1.909	      1.829	           	      0.000	  24175.820	  38367.719	  50719.754	      0.045	      0.040	      0.010	
 2013/09/23	   1.971	   1.983	   1.957	   1.973	        3610532	      1.980	      1.982	      1.916	      1.834	           	      0.000	  36105.320	  32791.813	  51715.699	      0.043	      0.041	      0.005	
 2013/09/24	   1.973	   1.973	   1.921	   1.930	        4962100	      1.965	      1.986	      1.921	      1.836	           	      0.000	  49621.000	  36559.168	  52482.219	      0.038	      0.040	     -0.004	
 2013/09/25	   1.933	   1.944	   1.919	   1.926	        3260716	      1.952	      1.980	      1.925	      1.839	           	      0.000	  32607.160	  36237.883	  40999.324	      0.033	      0.039	     -0.011	
 2013/09/26	   1.925	   1.925	   1.886	   1.895	        4572012	      1.938	      1.970	      1.927	      1.841	           	      0.000	  45720.121	  37645.883	  40496.309	      0.026	      0.036	     -0.020	
 2013/09/27	   1.894	   1.903	   1.885	   1.891	        3005231	      1.923	      1.958	      1.930	      1.843	           	      0.000	  30052.311	  38821.184	  38594.449	      0.020	      0.033	     -0.025	
 2013/09/30	   1.893	   1.908	   1.893	   1.906	        2527710	      1.910	      1.945	      1.933	      1.846	           	      0.000	  25277.100	  36655.539	  34723.676	      0.017	      0.030	     -0.026	
 2013/10/08	   1.896	   1.926	   1.881	   1.918	        3582532	      1.907	      1.936	      1.937	      1.848	           	      0.000	  35825.320	  33896.402	  35227.785	      0.014	      0.027	     -0.024	
 2013/10/09	   1.916	   1.933	   1.909	   1.926	        3476147	      1.907	      1.929	      1.941	      1.852	           	      0.000	  34761.469	  34327.266	  35282.574	      0.013	      0.024	     -0.021	
 2013/10/10	   1.927	   1.931	   1.895	   1.897	        4218353	      1.908	      1.923	      1.942	      1.854	           	      0.000	  42183.531	  33619.945	  35632.914	      0.010	      0.021	     -0.022	
 2013/10/11	   1.901	   1.933	   1.897	   1.926	        6169984	      1.915	      1.919	      1.945	      1.856	           	      0.000	  61699.840	  39949.453	  39385.316	      0.009	      0.019	     -0.019	
 2013/10/14	   1.926	   1.932	   1.917	   1.921	        4005755	      1.918	      1.914	      1.948	      1.857	           	      0.000	  40057.551	  42905.543	  39780.539	      0.009	      0.017	     -0.016	
 2013/10/15	   1.925	   1.925	   1.898	   1.906	        3229900	      1.915	      1.911	      1.949	      1.858	           	      0.000	  32299.000	  42200.277	  38048.340	      0.007	      0.015	     -0.016	
 2013/10/16	   1.905	   1.905	   1.879	   1.882	        4161300	      1.906	      1.907	      1.944	      1.859	           	      0.000	  41613.000	  43570.586	  38948.926	      0.003	      0.012	     -0.019	
 2013/10/17	   1.888	   1.895	   1.878	   1.881	        2988773	      1.903	      1.905	      1.938	      1.860	           	      0.000	  29887.730	  41111.426	  37365.684	      0.000	      0.010	     -0.019	
 2013/10/18	   1.886	   1.895	   1.879	   1.885	        1553298	      1.895	      1.905	      1.931	      1.860	           	      0.000	  15532.980	  31878.053	  35913.754	     -0.002	      0.008	     -0.019	
 2013/10/21	   1.887	   1.907	   1.876	   1.905	        3923255	      1.892	      1.905	      1.925	      1.862	           	      0.000	  39232.551	  31713.053	  37309.297	     -0.002	      0.006	     -0.015	
 2013/10/22	   1.905	   1.905	   1.885	   1.887	        3225226	      1.888	      1.902	      1.919	      1.865	           	      0.000	  32252.260	  31703.705	  36951.992	     -0.003	      0.004	     -0.014	
 2013/10/23	   1.893	   1.923	   1.885	   1.890	        4821044	      1.890	      1.898	      1.914	      1.867	           	      0.000	  48210.441	  33023.191	  38296.887	     -0.004	      0.002	     -0.012	
 2013/10/24	   1.888	   1.888	   1.866	   1.867	        4525709	      1.887	      1.895	      1.909	      1.868	           	      0.000	  45257.090	  36097.063	  38604.246	     -0.006	      0.001	     -0.014	
 2013/10/25	   1.867	   1.883	   1.851	   1.856	        3825228	      1.881	      1.888	      1.903	      1.869	           	      0.000	  38252.281	  40640.926	  36259.488	     -0.009	     -0.001	     -0.015	
 2013/10/28	   1.875	   1.876	   1.849	   1.856	        2134553	      1.871	      1.882	      1.898	      1.871	           	      0.000	  21345.529	  37063.520	  34388.285	     -0.011	     -0.003	     -0.015	
 2013/10/29	   1.857	   1.909	   1.857	   1.878	        5205872	      1.869	      1.879	      1.895	      1.873	           	      0.000	  52058.719	  41024.813	  36364.258	     -0.011	     -0.005	     -0.012	
 2013/10/30	   1.881	   1.907	   1.879	   1.904	        4683586	      1.872	      1.881	      1.894	      1.876	           	      0.000	  46835.859	  40749.895	  36886.543	     -0.008	     -0.005	     -0.006	
 2013/10/31	   1.910	   1.910	   1.882	   1.885	        2471616	      1.876	      1.881	      1.893	      1.878	           	      0.000	  24716.160	  36641.711	  36369.387	     -0.008	     -0.006	     -0.004	
 2013/11/01	   1.886	   1.909	   1.883	   1.900	        2830451	      1.885	      1.883	      1.894	      1.881	           	      0.000	  28304.510	  34652.156	  37646.539	     -0.006	     -0.006	     -0.000	
 2013/11/04	   1.906	   1.914	   1.894	   1.898	        1201600	      1.893	      1.882	      1.893	      1.883	           	      0.000	  12016.000	  32786.250	  34924.887	     -0.005	     -0.006	      0.002	
 2013/11/05	   1.892	   1.892	   1.865	   1.887	        2818910	      1.895	      1.882	      1.892	      1.885	           	      0.000	  28189.100	  28012.326	  34518.570	     -0.005	     -0.005	      0.002	
 2013/11/06	   1.887	   1.887	   1.866	   1.867	        3300460	      1.887	      1.880	      1.889	      1.887	           	      0.000	  33004.602	  25246.074	  32997.984	     -0.006	     -0.006	     -0.001	
 2013/11/07	   1.867	   1.873	   1.861	   1.867	        2665500	      1.884	      1.880	      1.887	      1.888	           	      0.000	  26655.000	  25633.842	  31137.775	     -0.007	     -0.006	     -0.003	
 2013/11/08	   1.866	   1.872	   1.848	   1.853	        3230306	      1.874	      1.880	      1.884	      1.889	           	      0.000	  32303.061	  26433.553	  30542.854	     -0.009	     -0.006	     -0.005	
 2013/11/11	   1.844	   1.853	   1.840	   1.846	        2339801	      1.864	      1.878	      1.880	      1.890	           	      0.000	  23398.010	  28709.955	  30748.102	     -0.011	     -0.007	     -0.007	
 2013/11/12	   1.851	   1.866	   1.844	   1.864	        1256420	      1.859	      1.877	      1.878	      1.892	           	      0.000	  12564.200	  25584.975	  26798.650	     -0.011	     -0.008	     -0.006	
 2013/11/13	   1.860	   1.860	   1.819	   1.821	        4992067	      1.850	      1.869	      1.875	      1.891	           	      0.000	  49920.672	  28968.188	  27107.131	     -0.014	     -0.009	     -0.010	
 2013/11/14	   1.821	   1.829	   1.803	   1.813	        5529095	      1.839	      1.862	      1.871	      1.891	           	      0.000	  55290.949	  34695.379	  30164.609	     -0.017	     -0.011	     -0.013	
 2013/11/15	   1.809	   1.862	   1.809	   1.844	       64797304	      1.838	      1.856	      1.869	      1.891	           	      0.000	 647973.063	 157829.375	  92131.469	     -0.017	     -0.012	     -0.010	
 2013/11/18	   1.849	   1.917	   1.846	   1.917	        9667895	      1.852	      1.858	      1.870	      1.892	           	      0.000	  96678.953	 172485.563	 100597.758	     -0.011	     -0.012	      0.002	
 2013/11/19	   1.917	   1.917	   1.886	   1.906	        5160300	      1.860	      1.860	      1.871	      1.893	           	      0.000	  51603.000	 180293.328	 102939.148	     -0.006	     -0.011	      0.008	
 2013/11/20	   1.911	   1.915	   1.890	   1.903	       53536252	      1.877	      1.863	      1.872	      1.894	           	      0.000	 535362.500	 277381.688	 153174.938	     -0.003	     -0.009	      0.012	
 2013/11/21	   1.897	   1.900	   1.876	   1.898	        4013550	      1.894	      1.867	      1.873	      1.895	           	      0.000	  40135.500	 274350.594	 154522.984	     -0.001	     -0.008	      0.013	
 2013/11/22	   1.902	   1.904	   1.890	   1.891	        4015665	      1.903	      1.870	      1.875	      1.896	           	      0.000	  40156.648	 152787.313	 155308.344	     -0.000	     -0.006	      0.012	
 2013/11/25	   1.890	   1.902	   1.879	   1.883	        3055018	      1.896	      1.874	      1.876	      1.897	           	      0.000	  30550.180	 139561.563	 156023.563	     -0.000	     -0.005	      0.010	
 2013/11/26	   1.881	   1.891	   1.874	   1.876	        2982097	      1.890	      1.875	      1.876	      1.898	           	      0.000	  29820.971	 135205.156	 157749.250	     -0.001	     -0.004	      0.007	
 2013/11/27	   1.874	   1.905	   1.873	   1.888	        4513244	      1.887	      1.882	      1.875	      1.898	           	      0.000	  45132.441	  37159.148	 157270.422	      0.000	     -0.003	      0.007	
 2013/11/28	   1.892	   1.917	   1.891	   1.901	        8189751	      1.888	      1.891	      1.876	      1.899	           	      0.000	  81897.508	  45511.551	 159931.078	      0.002	     -0.002	      0.008	
 2013/11/29	   1.903	   1.909	   1.900	   1.900	        2761802	      1.890	      1.896	      1.876	      1.900	           	      0.000	  27618.020	  43003.824	  97895.570	      0.003	     -0.001	      0.008	
 2013/12/02	   1.904	   1.936	   1.897	   1.923	        7392927	      1.898	      1.897	      1.877	      1.901	           	      0.000	  73929.273	  51679.641	  95620.602	      0.005	      0.000	      0.011	
 2013/12/03	   1.915	   1.934	   1.911	   1.931	        6154837	      1.909	      1.899	      1.880	      1.903	           	      0.000	  61548.371	  58025.121	  96615.141	      0.008	      0.002	      0.013	
 2013/12/04	   1.916	   1.950	   1.916	   1.939	        7989738	      1.919	      1.903	      1.883	      1.904	           	      0.000	  79897.383	  64978.109	  51068.629	      0.011	      0.004	      0.015	
 2013/12/05	   1.936	   1.940	   1.929	   1.935	        1706446	      1.926	      1.907	      1.887	      1.905	           	      0.000	  17064.461	  52011.500	  48761.527	      0.012	      0.005	      0.014	
 2013/12/06	   1.928	   1.931	   1.915	   1.921	        1877888	      1.930	      1.910	      1.890	      1.906	           	      0.000	  18778.881	  50243.672	  46623.750	      0.012	      0.007	      0.011	
 2013/12/09	   1.919	   1.930	   1.918	   1.921	        2429601	      1.929	      1.913	      1.894	      1.907	           	      0.000	  24296.010	  40317.020	  45998.332	      0.012	      0.008	      0.009	
 2013/12/10	   1.925	   1.929	   1.919	   1.924	        1277543	      1.928	      1.918	      1.897	      1.908	           	      0.000	  12775.430	  30562.434	  44293.777	      0.012	      0.009	      0.007	
 2013/12/11	   1.920	   1.920	   1.886	   1.894	        3064198	      1.919	      1.919	      1.900	      1.906	           	      0.000	  30641.980	  20711.352	  42844.730	      0.010	      0.009	      0.002	
 2013/12/12	   1.891	   1.896	   1.886	   1.886	        3519435	      1.909	      1.917	      1.904	      1.904	           	      0.000	  35194.352	  24337.330	  38174.414	      0.007	      0.009	     -0.003	
 2013/12/13	   1.883	   1.884	   1.869	   1.875	        5353396	      1.900	      1.915	      1.906	      1.902	           	      0.000	  53533.961	  31288.346	  40766.012	      0.004	      0.008	     -0.007	
 2013/12/16	   1.875	   1.876	   1.855	   1.856	        4394505	      1.887	      1.908	      1.903	      1.899	           	      0.000	  43945.051	  35218.156	  37767.586	     -0.000	      0.006	     -0.012	
 2013/12/17	   1.855	   1.862	   1.846	   1.850	        2723364	      1.872	      1.900	      1.900	      1.897	           	      0.000	  27233.641	  38109.797	  34336.113	     -0.004	      0.004	     -0.016	
 2013/12/18	   1.846	   1.853	   1.845	   1.845	        4761264	      1.862	      1.891	      1.897	      1.894	           	      0.000	  47612.641	  41503.930	  31107.641	     -0.007	      0.002	     -0.018	
 2013/12/19	   1.849	   1.854	   1.826	   1.827	        4107528	      1.851	      1.880	      1.893	      1.892	           	      0.000	  41075.281	  42680.113	  33508.723	     -0.011	     -0.001	     -0.020	
 2013/12/20	   1.827	   1.833	   1.796	   1.800	        5743467	      1.836	      1.868	      1.889	      1.889	           	      0.000	  57434.672	  43460.258	  37374.301	     -0.016	     -0.004	     -0.024	
 2013/12/23	   1.802	   1.806	   1.789	   1.799	        3645274	      1.824	      1.856	      1.885	      1.886	           	      0.000	  36452.738	  41961.793	  38589.977	     -0.020	     -0.007	     -0.026	
 2013/12/24	   1.798	   1.812	   1.789	   1.794	        3798600	      1.813	      1.843	      1.880	      1.884	           	      0.000	  37986.000	  44112.266	  41111.031	     -0.023	     -0.010	     -0.026	
 2013/12/25	   1.794	   1.805	   1.791	   1.804	        2299114	      1.805	      1.834	      1.876	      1.882	           	      0.000	  22991.141	  39187.965	  40345.949	     -0.024	     -0.013	     -0.023	
 2013/12/26	   1.798	   1.805	   1.774	   1.774	        3326900	      1.794	      1.822	      1.870	      1.880	           	      0.000	  33269.000	  37626.711	  40153.414	     -0.028	     -0.016	     -0.023	
 2013/12/27	   1.774	   1.813	   1.774	   1.801	        7462102	      1.794	      1.815	      1.865	      1.878	           	      0.000	  74621.023	  41063.980	  42262.117	     -0.028	     -0.018	     -0.019	
 2013/12/30	   1.802	   1.814	   1.797	   1.801	        3702102	      1.795	      1.809	      1.859	      1.877	           	      0.000	  37021.020	  41177.637	  41569.715	     -0.027	     -0.020	     -0.015	
 2013/12/31	   1.803	   1.821	   1.796	   1.817	        3467544	      1.799	      1.806	      1.853	      1.875	           	      0.000	  34675.441	  40515.523	  42313.895	     -0.026	     -0.021	     -0.009	
 2014/01/02	   1.814	   1.814	   1.803	   1.806	        1927218	      1.800	      1.802	      1.847	      1.873	           	      0.000	  19272.180	  39771.734	  39479.852	     -0.025	     -0.022	     -0.006	
 2014/01/03	   1.799	   1.800	   1.780	   1.783	        2263167	      1.802	      1.798	      1.839	      1.871	           	      0.000	  22631.670	  37644.266	  37635.488	     -0.026	     -0.023	     -0.006	
 2014/01/06	   1.783	   1.783	   1.744	   1.748	        4586956	      1.791	      1.793	      1.830	      1.868	           	      0.000	  45869.559	  31893.975	  36478.977	     -0.029	     -0.024	     -0.010	
 2014/01/07	   1.746	   1.758	   1.732	   1.747	        4409492	      1.780	      1.788	      1.822	      1.865	           	      0.000	  44094.922	  33308.754	  37243.195	     -0.031	     -0.025	     -0.012	
 2014/01/08	   1.747	   1.766	   1.738	   1.748	        1983542	      1.766	      1.783	      1.813	      1.862	           	      0.000	  19835.420	  30340.750	  35428.137	     -0.032	     -0.027	     -0.011	
 2014/01/09	   1.749	   1.754	   1.734	   1.736	        4074196	      1.752	      1.776	      1.805	      1.860	           	      0.000	  40741.961	  34634.707	  37203.219	     -0.034	     -0.028	     -0.012	
 2014/01/10	   1.729	   1.738	   1.725	   1.732	        1449228	      1.742	      1.772	      1.797	      1.858	           	      0.000	  14492.280	  33006.828	  35325.547	     -0.035	     -0.030	     -0.011	
 2014/01/13	   1.732	   1.741	   1.724	   1.729	        4937600	      1.738	      1.765	      1.790	      1.855	           	      0.000	  49376.000	  33708.117	  32801.047	     -0.036	     -0.031	     -0.010	
 2014/01/14	   1.729	   1.740	   1.724	   1.738	        2785156	      1.737	      1.758	      1.784	      1.852	           	      0.000	  27851.561	  30459.445	  31884.100	     -0.036	     -0.032	     -0.007	
 2014/01/15	   1.738	   1.741	   1.727	   1.739	        3326976	      1.735	      1.751	      1.778	      1.850	           	      0.000	  33269.762	  33146.313	  31743.531	     -0.035	     -0.032	     -0.005	
 2014/01/16	   1.739	   1.746	   1.727	   1.740	        6264396	      1.736	      1.744	      1.773	      1.847	           	      0.000	  62643.961	  37526.711	  36080.711	     -0.034	     -0.033	     -0.002	
 2014/01/17	   1.740	   1.740	   1.721	   1.725	        4509399	      1.734	      1.738	      1.768	      1.845	           	      0.000	  45093.988	  43647.055	  38326.941	     -0.033	     -0.033	     -0.001	
 2014/01/20	   1.722	   1.731	   1.706	   1.715	        4060000	      1.731	      1.735	      1.764	      1.842	           	      0.000	  40600.000	  41891.855	  37799.984	     -0.034	     -0.033	     -0.002	
 2014/01/21	   1.744	   1.744	   1.715	   1.716	        4882340	      1.727	      1.732	      1.760	      1.840	           	      0.000	  48823.398	  46086.223	  38272.832	     -0.034	     -0.033	     -0.001	
 2014/01/22	   1.716	   1.750	   1.716	   1.749	        6340769	      1.729	      1.732	      1.757	      1.838	           	      0.000	  63407.691	  52113.809	  42630.059	     -0.030	     -0.033	      0.004	
 2014/01/23	   1.750	   1.752	   1.741	   1.745	       10213480	      1.730	      1.733	      1.754	      1.835	           	      0.000	 102134.797	  60011.977	  48769.344	     -0.028	     -0.032	      0.007	
 2014/01/24	   1.743	   1.760	   1.741	   1.755	        5043559	      1.736	      1.735	      1.753	      1.833	           	      0.000	  50435.590	  61080.297	  52363.676	     -0.025	     -0.030	      0.011	
 2014/01/27	   1.751	   1.752	   1.739	   1.744	        3003970	      1.742	      1.737	      1.751	      1.831	           	      0.000	  30039.699	  58968.234	  50430.043	     -0.023	     -0.029	      0.012	
 2014/01/28	   1.745	   1.756	   1.739	   1.744	        4302271	      1.747	      1.737	      1.748	      1.828	           	      0.000	  43022.711	  57808.098	  51947.160	     -0.021	     -0.027	      0.012	
 2014/01/29	   1.747	   1.765	   1.746	   1.757	        2866857	      1.749	      1.739	      1.745	      1.826	           	      0.000	  28668.570	  50860.273	  51487.039	     -0.019	     -0.026	      0.014	
 2014/01/30	   1.755	   1.757	   1.745	   1.746	        2204899	      1.749	      1.740	      1.742	      1.824	           	      0.000	  22048.990	  34843.113	  47427.543	     -0.017	     -0.024	      0.013	
 2014/02/07	   1.745	   1.750	   1.732	   1.748	        3460520	      1.748	      1.742	      1.740	      1.822	           	      0.000	  34605.199	  31677.033	  46378.664	     -0.016	     -0.022	      0.013	
 2014/02/10	   1.754	   1.786	   1.750	   1.783	        4751505	      1.756	      1.749	      1.742	      1.821	           	      0.000	  47515.051	  35172.105	  47070.168	     -0.012	     -0.020	      0.017	
 2014/02/11	   1.783	   1.804	   1.776	   1.800	        5760431	      1.767	      1.757	      1.744	      1.820	           	      0.000	  57604.309	  38088.422	  47948.262	     -0.007	     -0.018	      0.021	
 2014/02/12	   1.797	   1.806	   1.795	   1.803	        9214503	      1.776	      1.763	      1.747	      1.819	           	      0.000	  92145.031	  50783.715	  50821.996	     -0.003	     -0.015	      0.023	
 2014/02/13	   1.802	   1.818	   1.796	   1.803	        4273684	      1.787	      1.768	      1.751	      1.819	           	      0.000	  42736.840	  54921.285	  44882.199	      0.000	     -0.012	      0.024	
 2014/02/14	   1.801	   1.817	   1.800	   1.817	        4251097	      1.801	      1.775	      1.755	      1.819	           	      0.000	  42510.969	  56502.441	  44089.738	      0.004	     -0.009	      0.025	
 2014/02/17	   1.818	   1.825	   1.810	   1.820	        3127968	      1.809	      1.782	      1.759	      1.818	           	      0.000	  31279.680	  53255.367	  44213.734	      0.007	     -0.006	      0.025	
 2014/02/18	   1.821	   1.821	   1.802	   1.804	        4690603	      1.809	      1.788	      1.763	      1.816	           	      0.000	  46906.031	  51115.711	  44602.066	      0.008	     -0.003	      0.021	
 2014/02/19	   1.804	   1.832	   1.801	   1.819	        3068938	      1.813	      1.794	      1.767	      1.815	           	      0.000	  30689.381	  38824.578	  44804.148	      0.010	     -0.000	      0.020	
 2014/02/20	   1.821	   1.853	   1.821	   1.831	        9891869	      1.818	      1.803	      1.771	      1.814	           	      0.000	  98918.688	  50060.949	  52491.117	      0.012	      0.002	      0.020	
 2014/02/21	   1.823	   1.829	   1.799	   1.812	        4306890	      1.817	      1.809	      1.776	      1.812	           	      0.000	  43068.898	  50172.535	  53337.488	      0.012	      0.004	      0.016	
 2014/02/24	   1.803	   1.803	   1.769	   1.783	        3314377	      1.810	      1.809	      1.779	      1.811	           	      0.000	  33143.770	  50545.352	  51900.359	      0.010	      0.005	      0.009	
 2014/02/25	   1.783	   1.790	   1.740	   1.751	        4028607	      1.799	      1.804	      1.781	      1.808	           	      0.000	  40286.070	  49221.359	  50168.535	      0.005	      0.005	      0.000	
 2014/02/26	   1.748	   1.752	   1.732	   1.750	        3848156	      1.785	      1.799	      1.781	      1.806	           	      0.000	  38481.559	  50779.797	  44802.188	      0.002	      0.005	     -0.006	
 2014/02/27	   1.750	   1.780	   1.750	   1.761	        4366599	      1.771	      1.795	      1.782	      1.804	           	      0.000	  43665.988	  39729.258	  44895.102	     -0.000	      0.004	     -0.008	
 2014/02/28	   1.757	   1.771	   1.742	   1.771	        2710116	      1.763	      1.790	      1.782	      1.802	           	      0.000	  27101.160	  36535.711	  43354.121	     -0.001	      0.003	     -0.007	
 2014/03/03	   1.768	   1.784	   1.757	   1.776	        4079153	      1.762	      1.786	      1.784	      1.800	           	      0.000	  40791.531	  38065.262	  44305.309	     -0.001	      0.002	     -0.006	
 2014/03/04	   1.774	   1.774	   1.755	   1.766	        3522501	      1.765	      1.782	      1.785	      1.797	           	      0.000	  35225.012	  37053.051	  43137.207	     -0.002	      0.001	     -0.006	
 2014/03/05	   1.766	   1.770	   1.758	   1.759	        2894377	      1.767	      1.776	      1.785	      1.794	           	      0.000	  28943.770	  35145.492	  42962.645	     -0.003	      0.000	     -0.007	
 2014/03/06	   1.756	   1.762	   1.741	   1.759	        3204670	      1.766	      1.769	      1.786	      1.791	           	      0.000	  32046.699	  32821.633	  36275.445	     -0.004	     -0.001	     -0.007	
 2014/03/07	   1.757	   1.767	   1.750	   1.754	        2213599	      1.763	      1.763	      1.786	      1.788	           	      0.000	  22135.990	  31828.600	  34182.156	     -0.005	     -0.002	     -0.008	
 2014/03/10	   1.746	   1.751	   1.703	   1.705	        5445439	      1.749	      1.755	      1.782	      1.785	           	      0.000	  54454.391	  34561.172	  36313.219	     -0.010	     -0.003	     -0.014	
 2014/03/11	   1.705	   1.713	   1.697	   1.704	        3336740	      1.736	      1.750	      1.777	      1.781	           	      0.000	  33367.398	  34189.648	  35621.352	     -0.014	     -0.005	     -0.017	
 2014/03/12	   1.704	   1.723	   1.695	   1.705	        6129756	      1.725	      1.746	      1.773	      1.777	           	      0.000	  61297.559	  40660.406	  37902.949	     -0.016	     -0.008	     -0.018	
 2014/03/13	   1.708	   1.737	   1.708	   1.728	        3518844	      1.719	      1.743	      1.769	      1.775	           	      0.000	  35188.441	  41288.758	  37055.195	     -0.016	     -0.009	     -0.014	
 2014/03/14	   1.721	   1.732	   1.718	   1.725	        2673841	      1.713	      1.738	      1.764	      1.772	           	      0.000	  26738.410	  42209.238	  37018.922	     -0.017	     -0.011	     -0.011	
 2014/03/17	   1.728	   1.740	   1.721	   1.740	        4545424	      1.720	      1.735	      1.760	      1.770	           	      0.000	  45454.238	  40409.211	  37485.191	     -0.015	     -0.012	     -0.007	
 2014/03/18	   1.740	   1.750	   1.728	   1.740	        2510038	      1.728	      1.732	      1.757	      1.768	           	      0.000	  25100.381	  38755.805	  36472.727	     -0.014	     -0.012	     -0.004	
 2014/03/19	   1.737	   1.737	   1.723	   1.732	        2443447	      1.733	      1.729	      1.753	      1.766	           	      0.000	  24434.471	  31383.188	  36021.797	     -0.014	     -0.012	     -0.002	
 2014/03/20	   1.726	   1.745	   1.716	   1.716	        3214300	      1.731	      1.725	      1.747	      1.764	           	      0.000	  32143.000	  30774.100	  36031.430	     -0.014	     -0.013	     -0.003	
 2014/03/21	   1.717	   1.756	   1.702	   1.752	        6772001	      1.736	      1.725	      1.744	      1.762	           	      0.000	  67720.008	  38970.418	  40589.828	     -0.012	     -0.013	      0.002	
 2014/03/24	   1.753	   1.775	   1.745	   1.765	        4553333	      1.741	      1.731	      1.743	      1.762	           	      0.000	  45533.328	  38986.238	  39697.723	     -0.009	     -0.012	      0.006	
 2014/03/25	   1.768	   1.783	   1.762	   1.770	        3164504	      1.747	      1.737	      1.744	      1.761	           	      0.000	  31645.039	  40295.168	  39525.488	     -0.006	     -0.011	      0.010	
 2014/03/26	   1.769	   1.774	   1.759	   1.765	        2827818	      1.754	      1.743	      1.745	      1.761	           	      0.000	  28278.180	  41063.910	  36223.551	     -0.004	     -0.009	      0.011	
 2014/03/27	   1.765	   1.771	   1.737	   1.757	        3883348	      1.762	      1.746	      1.744	      1.760	           	      0.000	  38833.480	  42402.008	  36588.055	     -0.003	     -0.008	      0.010	
 2014/03/28	   1.756	   1.762	   1.741	   1.750	        2795512	      1.761	      1.749	      1.743	      1.760	           	      0.000	  27955.119	  34449.031	  36709.723	     -0.003	     -0.007	      0.008	
 2014/03/31	   1.749	   1.753	   1.738	   1.742	        2446700	      1.757	      1.749	      1.742	      1.759	           	      0.000	  24467.000	  30235.764	  34611.000	     -0.003	     -0.006	      0.006	
 2014/04/01	   1.745	   1.757	   1.744	   1.754	        2224675	      1.754	      1.750	      1.741	      1.758	           	      0.000	  22246.750	  28356.105	  34325.637	     -0.003	     -0.005	      0.006	
 2014/04/02	   1.751	   1.769	   1.751	   1.764	        3053212	      1.753	      1.753	      1.741	      1.757	           	      0.000	  30532.119	  28806.895	  34935.402	     -0.001	     -0.005	      0.007	
 2014/04/03	   1.765	   1.771	   1.747	   1.750	        2428560	      1.752	      1.757	      1.741	      1.756	           	      0.000	  24285.600	  25897.318	  34149.664	     -0.001	     -0.004	      0.005	
 2014/04/04	   1.746	   1.758	   1.741	   1.756	        1939401	      1.753	      1.757	      1.741	      1.756	           	      0.000	  19394.010	  24185.096	  29317.063	     -0.001	     -0.003	      0.005	
 2014/04/08	   1.757	   1.797	   1.751	   1.790	        8191136	      1.763	      1.760	      1.745	      1.756	           	      0.000	  81911.359	  35673.969	  32954.867	      0.002	     -0.002	      0.009	
 2014/04/09	   1.793	   1.801	   1.790	   1.793	        4779594	      1.771	      1.762	      1.750	      1.757	           	      0.000	  47795.941	  40783.805	  34569.957	      0.005	     -0.001	      0.011	
 2014/04/10	   1.800	   1.828	   1.786	   1.817	        4802740	      1.781	      1.767	      1.755	      1.758	           	      0.000	  48027.398	  44282.863	  36544.879	      0.009	      0.001	      0.015	
 2014/04/11	   1.818	   1.825	   1.810	   1.821	        2803605	      1.795	      1.774	      1.760	      1.760	           	      0.000	  28036.051	  45032.953	  35465.133	      0.012	      0.003	      0.018	
 2014/04/14	   1.819	   1.830	   1.805	   1.815	        2319135	      1.807	      1.780	      1.764	      1.761	           	      0.000	  23191.350	  45792.422	  34988.758	      0.014	      0.005	      0.017	
 2014/04/15	   1.814	   1.814	   1.791	   1.794	        4789952	      1.808	      1.785	      1.767	      1.762	           	      0.000	  47899.520	  38990.051	  37332.008	      0.014	      0.007	      0.013	
 2014/04/16	   1.793	   1.799	   1.786	   1.793	        2335210	      1.808	      1.789	      1.770	      1.763	           	      0.000	  23352.100	  34101.285	  37442.543	      0.013	      0.008	      0.010	
 2014/04/17	   1.792	   1.798	   1.785	   1.788	        2972400	      1.802	      1.792	      1.773	      1.764	           	      0.000	  29724.000	  30440.604	  37361.734	      0.012	      0.009	      0.006	
 2014/04/18	   1.785	   1.796	   1.775	   1.788	        2686253	      1.796	      1.796	      1.776	      1.765	           	      0.000	  26862.529	  30205.900	  37619.426	      0.011	      0.010	      0.004	
 2014/04/21	   1.780	   1.790	   1.767	   1.768	        4347960	      1.786	      1.797	      1.777	      1.765	           	      0.000	  43479.602	  34263.551	  40027.984	      0.009	      0.009	     -0.001	
 2014/04/22	   1.766	   1.773	   1.756	   1.772	        5330710	      1.782	      1.795	      1.777	      1.766	           	      0.000	  53307.102	  35345.066	  37167.559	      0.007	      0.009	     -0.003	
 2014/04/23	   1.770	   1.772	   1.763	   1.769	        3936874	      1.777	      1.793	      1.777	      1.767	           	      0.000	  39368.738	  38548.395	  36324.840	      0.006	      0.008	     -0.005	
 2014/04/24	   1.769	   1.775	   1.764	   1.768	        2487753	      1.773	      1.788	      1.777	      1.768	           	      0.000	  24877.529	  37579.102	  34009.852	      0.004	      0.008	     -0.006	
 2014/04/25	   1.768	   1.773	   1.756	   1.758	        2999990	      1.767	      1.781	      1.778	      1.768	           	      0.000	  29999.900	  38206.574	  34206.238	      0.002	      0.007	     -0.008	
 2014/04/28	   1.757	   1.757	   1.735	   1.736	        3137934	      1.761	      1.773	      1.777	      1.768	           	      0.000	  31379.340	  35786.523	  35025.035	     -0.001	      0.005	     -0.012	
 2014/04/29	   1.737	   1.749	   1.736	   1.748	        2808574	      1.756	      1.769	      1.777	      1.768	           	      0.000	  28085.740	  30742.250	  33043.656	     -0.003	      0.004	     -0.012	
 2014/04/30	   1.748	   1.761	   1.744	   1.755	        2719031	      1.753	      1.765	      1.777	      1.768	           	      0.000	  27190.311	  28306.564	  33427.480	     -0.003	      0.002	     -0.011	
 2014/05/05	   1.752	   1.759	   1.741	   1.755	        4880317	      1.750	      1.762	      1.777	      1.768	           	      0.000	  48803.172	  33091.691	  35335.395	     -0.004	      0.001	     -0.009	
 2014/05/06	   1.752	   1.764	   1.752	   1.759	        2828710	      1.751	      1.759	      1.777	      1.768	           	      0.000	  28287.100	  32749.133	  35477.852	     -0.004	      0.000	     -0.008	
 2014/05/07	   1.758	   1.758	   1.747	   1.749	         676080	      1.753	      1.757	      1.777	      1.768	           	      0.000	   6760.800	  27825.424	  31805.973	     -0.005	     -0.001	     -0.007	
 2014/05/08	   1.745	   1.764	   1.745	   1.749	        2149575	      1.753	      1.755	      1.775	      1.767	           	      0.000	  21495.750	  26507.426	  28624.838	     -0.005	     -0.002	     -0.007	
 2014/05/09	   1.749	   1.752	   1.736	   1.742	        1203000	      1.751	      1.752	      1.772	      1.766	           	      0.000	  12030.000	  23475.363	  25890.965	     -0.006	     -0.003	     -0.007	
 2014/05/12	   1.747	   1.775	   1.745	   1.773	        3635376	      1.754	      1.752	      1.770	      1.766	           	      0.000	  36353.762	  20985.482	  27038.588	     -0.004	     -0.003	     -0.003	
 2014/05/13	   1.773	   1.775	   1.763	   1.770	         635189	      1.757	      1.754	      1.767	      1.765	           	      0.000	   6351.890	  16598.439	  24673.787	     -0.003	     -0.003	     -0.000	
 2014/05/14	   1.767	   1.772	   1.763	   1.769	        2891200	      1.761	      1.757	      1.765	      1.765	           	      0.000	  28912.000	  21028.680	  24427.053	     -0.002	     -0.003	      0.001	
 2014/05/15	   1.769	   1.769	   1.753	   1.754	        2204250	      1.762	      1.757	      1.763	      1.763	           	      0.000	  22042.500	  21138.031	  23822.729	     -0.003	     -0.003	      0.000	
 2014/05/16	   1.753	   1.756	   1.746	   1.753	        2175209	      1.764	      1.757	      1.761	      1.763	           	      0.000	  21752.090	  23082.449	  23278.906	     -0.003	     -0.003	     -0.000	
 2014/05/19	   1.748	   1.748	   1.736	   1.743	        2517342	      1.758	      1.756	      1.759	      1.761	           	      0.000	  25173.420	  20846.381	  20915.932	     -0.004	     -0.003	     -0.002	
 2014/05/20	   1.742	   1.749	   1.738	   1.740	        2198376	      1.752	      1.754	      1.757	      1.760	           	      0.000	  21983.760	  23972.754	  20285.598	     -0.005	     -0.003	     -0.003	
 2014/05/21	   1.740	   1.755	   1.730	   1.755	        3124903	      1.749	      1.755	      1.756	      1.759	           	      0.000	  31249.029	  24440.160	  22734.420	     -0.005	     -0.004	     -0.002	
 2014/05/22	   1.752	   1.766	   1.744	   1.749	        2075899	      1.748	      1.755	      1.755	      1.758	           	      0.000	  20758.990	  24183.457	  22660.744	     -0.005	     -0.004	     -0.002	
 2014/05/23	   1.749	   1.759	   1.745	   1.759	        2002800	      1.749	      1.757	      1.754	      1.758	           	      0.000	  20028.000	  23838.641	  23460.545	     -0.004	     -0.004	     -0.000	
 2014/05/26	   1.761	   1.770	   1.761	   1.768	        3964256	      1.754	      1.756	      1.754	      1.759	           	      0.000	  39642.559	  26732.467	  23789.424	     -0.003	     -0.004	      0.002	
 2014/05/27	   1.764	   1.772	   1.764	   1.769	        2107155	      1.760	      1.756	      1.755	      1.759	           	      0.000	  21071.551	  26550.025	  25261.391	     -0.001	     -0.003	      0.004	
 2014/05/28	   1.769	   1.778	   1.764	   1.777	        2028344	      1.764	      1.757	      1.757	      1.759	           	      0.000	  20283.439	  24356.908	  24398.533	      0.000	     -0.003	      0.005	
 2014/05/29	   1.775	   1.777	   1.763	   1.765	        2235500	      1.768	      1.758	      1.758	      1.759	           	      0.000	  22355.000	  24676.109	  24429.783	      0.000	     -0.002	      0.005	
 2014/05/30	   1.762	   1.769	   1.756	   1.764	        2953400	      1.769	      1.759	      1.758	      1.759	           	      0.000	  29534.000	  26577.311	  25207.975	      0.001	     -0.001	      0.004	
 2014/06/03	   1.764	   1.768	   1.758	   1.759	        3570460	      1.767	      1.760	      1.758	      1.759	           	      0.000	  35704.602	  25789.719	  26261.094	      0.000	     -0.001	      0.003	
 2014/06/04	   1.758	   1.759	   1.743	   1.747	        1010500	      1.762	      1.761	      1.758	      1.759	           	      0.000	  10105.000	  23596.408	  25073.217	     -0.001	     -0.001	      0.000	
 2014/06/05	   1.745	   1.759	   1.744	   1.759	        1331525	      1.759	      1.762	      1.758	      1.759	           	      0.000	  13315.250	  22202.770	  23279.840	     -0.001	     -0.001	      0.000	
 2014/06/06	   1.758	   1.758	   1.746	   1.749	        1165089	      1.756	      1.762	      1.758	      1.759	           	      0.000	  11650.890	  20061.949	  22369.029	     -0.002	     -0.001	     -0.001	
 2014/06/09	   1.745	   1.760	   1.745	   1.750	        2503411	      1.753	      1.761	      1.759	      1.760	           	      0.000	  25034.109	  19161.971	  22869.641	     -0.002	     -0.001	     -0.002	
 2014/06/10	   1.751	   1.769	   1.748	   1.764	        2355633	      1.754	      1.760	      1.758	      1.761	           	      0.000	  23556.330	  16732.316	  21261.018	     -0.001	     -0.001	     -0.000	
 2014/06/11	   1.764	   1.770	   1.758	   1.769	        3667072	      1.758	      1.760	      1.758	      1.762	           	      0.000	  36670.719	  22045.459	  22820.934	     -0.000	     -0.001	      0.002	
 2014/06/12	   1.764	   1.767	   1.760	   1.762	        1641000	      1.759	      1.759	      1.758	      1.762	           	      0.000	  16410.000	  22664.410	  22433.590	     -0.000	     -0.001	      0.002	
 2014/06/13	   1.760	   1.787	   1.757	   1.781	        6285958	      1.765	      1.760	      1.759	      1.763	           	      0.000	  62859.578	  32906.148	  26484.047	      0.002	     -0.000	      0.004	
 2014/06/16	   1.776	   1.796	   1.775	   1.794	        3873957	      1.774	      1.763	      1.761	      1.764	           	      0.000	  38739.570	  35647.238	  27404.605	      0.004	      0.000	      0.007	
 2014/06/17	   1.791	   1.791	   1.775	   1.783	        3151634	      1.778	      1.766	      1.763	      1.765	           	      0.000	  31516.340	  37239.242	  26985.779	      0.005	      0.001	      0.007	
 2014/06/18	   1.783	   1.783	   1.773	   1.774	        3203902	      1.779	      1.768	      1.765	      1.766	           	      0.000	  32039.020	  36312.902	  29179.180	      0.005	      0.002	      0.006	
 2014/06/19	   1.773	   1.776	   1.748	   1.752	        3427477	      1.777	      1.768	      1.765	      1.766	           	      0.000	  34274.770	  39885.855	  31275.133	      0.003	      0.002	      0.001	
 2014/06/20	   1.755	   1.761	   1.749	   1.759	        2723794	      1.772	      1.769	      1.765	      1.766	           	      0.000	  27237.939	  32761.527	  32833.836	      0.002	      0.002	     -0.000	
 2014/06/23	   1.756	   1.767	   1.756	   1.763	        3028527	      1.766	      1.770	      1.765	      1.766	           	      0.000	  30285.270	  31070.668	  33358.953	      0.002	      0.002	     -0.001	
 2014/06/24	   1.763	   1.765	   1.758	   1.764	        1368158	      1.762	      1.770	      1.765	      1.766	           	      0.000	  13681.580	  27503.715	  32371.479	      0.001	      0.002	     -0.001	
 2014/06/25	   1.764	   1.764	   1.756	   1.759	        1896709	      1.759	      1.769	      1.765	      1.766	           	      0.000	  18967.090	  24889.330	  30601.115	      0.001	      0.002	     -0.002	
 2014/06/26	   1.760	   1.767	   1.759	   1.765	        1097053	      1.762	      1.769	      1.764	      1.766	           	      0.000	  10970.530	  20228.482	  30057.168	      0.001	      0.001	     -0.002	
 2014/06/27	   1.763	   1.774	   1.760	   1.767	        3814383	      1.764	      1.768	      1.764	      1.766	           	      0.000	  38143.828	  22409.660	  27585.594	      0.001	      0.001	     -0.001	
 2014/06/30	   1.767	   1.783	   1.767	   1.779	        2960870	      1.767	      1.766	      1.765	      1.767	           	      0.000	  29608.699	  22274.346	  26672.506	      0.002	      0.001	      0.001	
 2014/07/01	   1.783	   1.785	   1.776	   1.780	        2379135	      1.770	      1.766	      1.766	      1.767	           	      0.000	  23791.350	  24296.299	  25900.008	      0.003	      0.002	      0.002	
 2014/07/02	   1.779	   1.790	   1.777	   1.788	        2200357	      1.776	      1.768	      1.768	      1.768	           	      0.000	  22003.570	  24903.596	  24896.463	      0.004	      0.002	      0.004	
 2014/07/03	   1.784	   1.798	   1.782	   1.791	        3459803	      1.781	      1.771	      1.770	      1.768	           	      0.000	  34598.031	  29629.096	  24928.789	      0.005	      0.003	      0.005	
 2014/07/04	   1.793	   1.796	   1.788	   1.792	        2037726	      1.786	      1.775	      1.772	      1.768	           	      0.000	  20377.260	  26075.781	  24242.721	      0.006	      0.003	      0.006	
 2014/07/07	   1.791	   1.793	   1.783	   1.789	        2678770	      1.788	      1.777	      1.774	      1.768	           	      0.000	  26787.699	  25511.582	  23892.963	      0.007	      0.004	      0.005	
 2014/07/08	   1.785	   1.798	   1.785	   1.795	        3679787	      1.791	      1.780	      1.775	      1.768	           	      0.000	  36797.871	  28112.887	  26204.594	      0.007	      0.005	      0.005	
 2014/07/09	   1.791	   1.797	   1.777	   1.779	        2195650	      1.789	      1.783	      1.776	      1.767	           	      0.000	  21956.500	  28103.473	  26503.533	      0.007	      0.005	      0.003	
 2014/07/10	   1.779	   1.782	   1.775	   1.778	        2484155	      1.787	      1.784	      1.777	      1.766	           	      0.000	  24841.551	  26152.176	  27890.637	      0.006	      0.005	      0.001	
 2014/07/11	   1.778	   1.787	   1.775	   1.785	        1574221	      1.785	      1.786	      1.777	      1.766	           	      0.000	  15742.210	  25225.166	  25650.475	      0.006	      0.005	      0.001	
 2014/07/14	   1.785	   1.807	   1.785	   1.806	        4227842	      1.789	      1.788	      1.777	      1.767	           	      0.000	  42278.422	  28323.311	  26917.447	      0.007	      0.006	      0.003	
 2014/07/15	   1.802	   1.807	   1.799	   1.805	        3683187	      1.791	      1.791	      1.778	      1.767	           	      0.000	  36831.871	  28330.111	  28221.498	      0.008	      0.006	      0.004	
 2014/07/16	   1.803	   1.816	   1.803	   1.804	        2285515	      1.796	      1.792	      1.780	      1.767	           	      0.000	  22855.150	  28509.840	  28306.656	      0.009	      0.007	      0.004	
 2014/07/17	   1.802	   1.805	   1.796	   1.800	        2098286	      1.800	      1.793	      1.782	      1.768	           	      0.000	  20982.859	  27738.102	  26945.139	      0.009	      0.007	      0.004	
 2014/07/18	   1.800	   1.812	   1.797	   1.803	        2410787	      1.804	      1.794	      1.785	      1.768	           	      0.000	  24107.869	  29411.234	  27318.201	      0.009	      0.008	      0.003	
 2014/07/21	   1.803	   1.805	   1.799	   1.801	        2248462	      1.803	      1.796	      1.786	      1.769	           	      0.000	  22484.619	  25452.475	  26887.893	      0.009	      0.008	      0.002	
 2014/07/22	   1.800	   1.833	   1.797	   1.821	        7055856	      1.806	      1.798	      1.789	      1.770	           	      0.000	  70558.563	  32197.813	  30263.961	      0.011	      0.008	      0.004	
 2014/07/23	   1.821	   1.833	   1.817	   1.825	        6243408	      1.810	      1.803	      1.793	      1.771	           	      0.000	  62434.078	  40113.598	  34311.719	      0.012	      0.009	      0.005	
 2014/07/24	   1.824	   1.855	   1.824	   1.851	        6564322	      1.820	      1.810	      1.797	      1.773	           	      0.000	  65643.219	  49045.668	  38391.887	      0.015	      0.010	      0.009	
 2014/07/25	   1.851	   1.869	   1.850	   1.867	        2873754	      1.833	      1.818	      1.802	      1.775	           	      0.000	  28737.539	  49971.602	  39691.418	      0.018	      0.012	      0.013	
 2014/07/28	   1.867	   1.916	   1.867	   1.905	        8328689	      1.854	      1.828	      1.808	      1.777	           	      0.000	  83286.891	  62132.059	  43792.266	      0.024	      0.014	      0.019	
 2014/07/29	   1.910	   1.925	   1.903	   1.915	        7175082	      1.873	      1.839	      1.815	      1.780	           	      0.000	  71750.820	  62370.508	  47284.160	      0.029	      0.017	      0.023	
 2014/07/30	   1.909	   1.919	   1.901	   1.906	        7698948	      1.889	      1.849	      1.821	      1.782	           	      0.000	  76989.477	  65281.590	  52697.594	      0.031	      0.020	      0.023	
 2014/07/31	   1.905	   1.932	   1.903	   1.931	        5167781	      1.905	      1.862	      1.828	      1.785	           	      0.000	  51677.809	  62488.508	  55767.090	      0.035	      0.023	      0.024	
 2014/08/01	   1.924	   1.947	   1.923	   1.923	        4409288	      1.916	      1.875	      1.834	      1.788	           	      0.000	  44092.879	  65559.578	  57765.590	      0.037	      0.026	      0.022	
 2014/08/04	   1.922	   1.947	   1.922	   1.946	        2442780	      1.924	      1.889	      1.842	      1.792	           	      0.000	  24427.801	  53787.758	  57959.906	      0.040	      0.029	      0.023	
 2014/08/05	   1.947	   1.949	   1.937	   1.945	        3010552	      1.930	      1.901	      1.850	      1.794	           	      0.000	  30105.520	  45458.695	  53914.602	      0.042	      0.031	      0.021	
 2014/08/06	   1.943	   1.949	   1.927	   1.943	        3756045	      1.938	      1.913	      1.858	      1.797	           	      0.000	  37560.449	  37572.891	  51427.242	      0.042	      0.033	      0.018	
 2014/08/07	   1.938	   1.945	   1.920	   1.924	        2832440	      1.936	      1.921	      1.865	      1.800	           	      0.000	  28324.400	  32902.211	  47695.359	      0.041	      0.035	      0.012	
 2014/08/08	   1.916	   1.931	   1.916	   1.925	        1999561	      1.937	      1.926	      1.872	      1.803	           	      0.000	  19995.609	  28082.756	  46821.164	      0.040	      0.036	      0.007	
 2014/08/11	   1.925	   1.957	   1.925	   1.956	        3601760	      1.939	      1.931	      1.880	      1.806	           	      0.000	  36017.602	  30400.717	  42094.238	      0.040	      0.037	      0.007	
 2014/08/12	   1.954	   1.958	   1.947	   1.955	        4163803	      1.941	      1.935	      1.887	      1.810	           	      0.000	  41638.031	  32707.219	  39082.957	      0.041	      0.038	      0.006	
 2014/08/13	   1.953	   1.961	   1.939	   1.952	        4976049	      1.942	      1.940	      1.895	      1.813	           	      0.000	  49760.488	  35147.227	  36360.059	      0.040	      0.038	      0.004	
 2014/08/14	   1.951	   1.957	   1.942	   1.944	        2551100	      1.946	      1.941	      1.902	      1.816	           	      0.000	  25511.000	  34584.547	  33743.379	      0.038	      0.038	      0.001	
 2014/08/15	   1.944	   1.957	   1.939	   1.955	        3801396	      1.952	      1.944	      1.910	      1.820	           	      0.000	  38013.961	  38188.215	  33135.484	      0.038	      0.038	     -0.001	
 2014/08/18	   1.952	   1.965	   1.949	   1.961	        5714352	      1.953	      1.946	      1.918	      1.823	           	      0.000	  57143.520	  42413.398	  36407.059	      0.037	      0.038	     -0.002	
 2014/08/19	   1.961	   1.965	   1.953	   1.962	        4193823	      1.955	      1.948	      1.925	      1.826	           	      0.000	  41938.230	  42473.441	  37590.328	      0.036	      0.037	     -0.003	
 2014/08/20	   1.960	   1.963	   1.952	   1.956	        4141401	      1.956	      1.949	      1.931	      1.829	           	      0.000	  41414.012	  40804.145	  37975.684	      0.035	      0.037	     -0.004	
 2014/08/21	   1.956	   1.956	   1.930	   1.943	        3739274	      1.955	      1.951	      1.936	      1.832	           	      0.000	  37392.738	  43180.492	  38882.520	      0.032	      0.036	     -0.008	
 2014/08/22	   1.939	   1.950	   1.935	   1.950	        6501544	      1.954	      1.953	      1.940	      1.835	           	      0.000	  65015.441	  48580.789	  43384.504	      0.030	      0.035	     -0.009	
 2014/08/25	   1.951	   1.951	   1.935	   1.939	        3448980	      1.950	      1.952	      1.942	      1.838	           	      0.000	  34489.801	  44050.043	  43231.723	      0.028	      0.033	     -0.012	
 2014/08/26	   1.935	   1.943	   1.921	   1.922	        3997163	      1.942	      1.948	      1.942	      1.841	           	      0.000	  39971.629	  43656.723	  43065.082	      0.024	      0.031	     -0.015	
 2014/08/27	   1.923	   1.933	   1.920	   1.923	        4928431	      1.935	      1.946	      1.943	      1.844	           	      0.000	  49284.309	  45230.785	  43017.465	      0.021	      0.029	     -0.017	
 2014/08/28	   1.923	   1.926	   1.905	   1.915	        5679344	      1.930	      1.943	      1.942	      1.847	           	      0.000	  56793.441	  49110.926	  46145.707	      0.017	      0.027	     -0.019	
 2014/08/29	   1.915	   1.933	   1.912	   1.932	        3499109	      1.926	      1.940	      1.942	      1.850	           	      0.000	  34991.090	  43106.055	  45843.422	      0.016	      0.025	     -0.018	
 2014/09/01	   1.937	   1.945	   1.928	   1.939	        2826611	      1.926	      1.938	      1.942	      1.853	           	      0.000	  28266.109	  41861.316	  42955.680	      0.015	      0.023	     -0.015	
 2014/09/02	   1.938	   1.964	   1.936	   1.963	        3985352	      1.934	      1.938	      1.943	      1.856	           	      0.000	  39853.520	  41837.695	  42747.211	      0.016	      0.021	     -0.010	
 2014/09/03	   1.963	   1.983	   1.963	   1.977	        4924567	      1.945	      1.940	      1.945	      1.859	           	      0.000	  49245.672	  41829.965	  43530.375	      0.018	      0.021	     -0.005	
 2014/09/04	   1.978	   1.992	   1.973	   1.991	        5533325	      1.960	      1.945	      1.948	      1.863	           	      0.000	  55333.250	  41537.930	  45324.426	      0.020	      0.021	     -0.001	
 2014/09/05	   1.991	   2.020	   1.991	   2.016	        6833196	      1.977	      1.952	      1.953	      1.867	           	      0.000	  68331.961	  48206.102	  45656.078	      0.024	      0.021	      0.005	
 2014/09/09	   2.015	   2.016	   2.005	   2.008	        6799827	      1.991	      1.959	      1.955	      1.871	           	      0.000	  67998.273	  56152.535	  49006.926	      0.026	      0.022	      0.007	
 2014/09/10	   2.007	   2.007	   1.996	   1.999	        3104891	      1.998	      1.966	      1.957	      1.874	           	      0.000	  31048.910	  54391.613	  48114.652	      0.026	      0.023	      0.007	
 2014/09/11	   1.999	   2.023	   1.995	   2.001	        4148671	      2.003	      1.974	      1.960	      1.878	           	      0.000	  41486.711	  52839.820	  47334.895	      0.027	      0.024	      0.006	
 2014/09/12	   1.996	   2.010	   1.991	   2.008	        4068580	      2.006	      1.983	      1.963	      1.882	           	      0.000	  40685.801	  49910.332	  45724.129	      0.027	      0.024	      0.005	
 2014/09/15	   2.008	   2.015	   1.999	   2.010	        6052209	      2.005	      1.991	      1.966	      1.887	           	      0.000	  60522.090	  48348.355	  48277.230	      0.027	      0.025	      0.004	
 2014/09/16	   2.013	   2.022	   1.985	   1.986	        4538521	      2.001	      1.996	      1.967	      1.890	           	      0.000	  45385.211	  43825.746	  49989.141	      0.025	      0.025	      0.000	
 2014/09/17	   1.988	   1.990	   1.975	   1.986	        3065577	      1.998	      1.998	      1.968	      1.894	           	      0.000	  30655.770	  43747.117	  49069.363	      0.023	      0.025	     -0.003	
 2014/09/18	   1.986	   2.011	   1.978	   1.991	        4830888	      1.996	      2.000	      1.970	      1.898	           	      0.000	  48308.879	  45111.551	  48975.688	      0.022	      0.024	     -0.004	
 2014/09/19	   1.989	   2.015	   1.988	   2.014	        3405288	      1.997	      2.002	      1.974	      1.902	           	      0.000	  34052.879	  43784.965	  46847.648	      0.022	      0.024	     -0.003	
 2014/09/22	   2.001	   2.001	   1.977	   1.979	        3409328	      1.991	      1.998	      1.975	      1.906	           	      0.000	  34093.281	  38499.203	  43423.781	      0.020	      0.023	     -0.006	
 2014/09/23	   1.979	   1.995	   1.979	   1.990	        3511253	      1.992	      1.996	      1.977	      1.909	           	      0.000	  35112.531	  36444.668	  40135.207	      0.018	      0.022	     -0.007	
 2014/09/24	   1.985	   2.020	   1.981	   2.016	        5635389	      1.998	      1.998	      1.982	      1.913	           	      0.000	  56353.891	  41584.293	  42665.703	      0.019	      0.021	     -0.005	
 2014/09/25	   2.022	   2.034	   2.010	   2.020	        4069518	      2.004	      2.000	      1.987	      1.917	           	      0.000	  40695.180	  40061.551	  42586.551	      0.020	      0.021	     -0.003	
 2014/09/26	   2.005	   2.024	   2.005	   2.017	        1340515	      2.004	      2.001	      1.992	      1.921	           	      0.000	  13405.150	  35932.008	  39858.484	      0.020	      0.021	     -0.002	
 2014/09/29	   2.015	   2.032	   2.015	   2.032	        3364208	      2.015	      2.003	      1.997	      1.925	           	      0.000	  33642.078	  35841.766	  37170.484	      0.021	      0.021	      0.000	
 2014/09/30	   2.033	   2.038	   2.030	   2.038	        2279987	      2.025	      2.008	      2.002	      1.929	           	      0.000	  22799.869	  33379.234	  34911.949	      0.022	      0.021	      0.002	
 2014/10/08	   2.035	   2.047	   2.028	   2.045	        4174633	      2.030	      2.014	      2.006	      1.933	           	      0.000	  41746.328	  30457.721	  36021.008	      0.023	      0.022	      0.003	
 2014/10/09	   2.045	   2.051	   2.036	   2.046	        5441181	      2.036	      2.020	      2.010	      1.937	           	      0.000	  54411.809	  33201.047	  36631.301	      0.024	      0.022	      0.004	
 2014/10/10	   2.045	   2.045	   2.027	   2.033	        3134013	      2.039	      2.022	      2.012	      1.942	           	      0.000	  31340.131	  36788.043	  36360.023	      0.023	      0.022	      0.002	
 2014/10/13	   2.025	   2.025	   2.005	   2.019	        3136403	      2.036	      2.026	      2.012	      1.946	           	      0.000	  31364.029	  36332.434	  36087.102	      0.021	      0.022	     -0.002	
 2014/10/14	   2.017	   2.043	   2.011	   2.021	        3768809	      2.033	      2.029	      2.013	      1.949	           	      0.000	  37688.090	  39310.078	  36344.656	      0.019	      0.021	     -0.004	
 2014/10/15	   2.021	   2.027	   2.007	   2.027	        3848046	      2.029	      2.030	      2.014	      1.953	           	      0.000	  38480.461	  38656.902	  34557.313	      0.018	      0.021	     -0.005	
 2014/10/16	   2.024	   2.045	   2.014	   2.023	        4794960	      2.025	      2.030	      2.015	      1.957	           	      0.000	  47949.602	  37364.461	  35282.754	      0.017	      0.020	     -0.006	
 2014/10/17	   2.020	   2.029	   1.995	   2.019	        3804706	      2.022	      2.030	      2.016	      1.960	           	      0.000	  38047.059	  38705.848	  37746.945	      0.016	      0.019	     -0.007	
 2014/10/20	   2.016	   2.028	   2.015	   2.028	        5129497	      2.024	      2.030	      2.016	      1.964	           	      0.000	  51294.969	  42692.035	  39512.234	      0.015	      0.018	     -0.007	
 2014/10/21	   2.028	   2.028	   2.010	   2.013	        2796842	      2.022	      2.027	      2.018	      1.967	           	      0.000	  27968.420	  40748.102	  40029.090	      0.013	      0.017	     -0.009	
 2014/10/22	   2.011	   2.017	   2.003	   2.004	        4954246	      2.017	      2.023	      2.019	      1.970	           	      0.000	  49542.461	  42960.500	  40808.703	      0.011	      0.016	     -0.011	
 2014/10/23	   2.003	   2.003	   1.977	   1.980	        3908506	      2.009	      2.017	      2.018	      1.973	           	      0.000	  39085.059	  41187.594	  39276.027	      0.007	      0.014	     -0.015	
 2014/10/24	   1.980	   1.986	   1.976	   1.979	        3180285	      2.001	      2.011	      2.016	      1.975	           	      0.000	  31802.850	  39938.750	  39322.301	      0.004	      0.012	     -0.017	
 2014/10/27	   1.978	   1.978	   1.957	   1.965	        3385463	      1.988	      2.006	      2.016	      1.977	           	      0.000	  33854.629	  36450.684	  39571.359	     -0.000	      0.010	     -0.019	
 2014/10/28	   1.967	   1.996	   1.967	   1.996	        3316997	      1.985	      2.003	      2.016	      1.978	           	      0.000	  33169.969	  37490.992	  39119.547	     -0.001	      0.008	     -0.016	
 2014/10/29	   1.997	   2.033	   1.997	   2.026	        4920542	      1.989	      2.003	      2.017	      1.980	           	      0.000	  49205.422	  37423.586	  40192.043	      0.002	      0.006	     -0.010	
 2014/10/30	   2.025	   2.061	   2.020	   2.054	        7069181	      2.004	      2.006	      2.018	      1.983	           	      0.000	  70691.813	  43744.938	  42466.266	      0.005	      0.006	     -0.001	
 2014/10/31	   2.060	   2.102	   2.056	   2.099	        8769142	      2.028	      2.014	      2.022	      1.985	           	      0.000	  87691.422	  54922.652	  47430.703	      0.012	      0.007	      0.009	
 2014/11/03	   2.100	   2.109	   2.091	   2.100	        5238176	      2.055	      2.022	      2.026	      1.988	           	      0.000	  52381.762	  58628.078	  47539.379	      0.017	      0.009	      0.016	
 2014/11/04	   2.096	   2.105	   2.087	   2.098	        3445524	      2.075	      2.030	      2.029	      1.991	           	      0.000	  34455.238	  58885.133	  48188.063	      0.021	      0.012	      0.018	
 2014/11/05	   2.104	   2.110	   2.085	   2.098	        3886081	      2.090	      2.039	      2.031	      1.994	           	      0.000	  38860.809	  56816.207	  47119.898	      0.023	      0.014	      0.019	
 2014/11/06	   2.097	   2.100	   2.080	   2.099	        2907428	      2.099	      2.051	      2.034	      1.996	           	      0.000	  29074.279	  48492.703	  46118.820	      0.025	      0.016	      0.018	
 2014/11/07	   2.099	   2.128	   2.091	   2.098	        4274563	      2.099	      2.063	      2.037	      1.999	           	      0.000	  42745.629	  39503.543	  47213.098	      0.026	      0.018	      0.016	
 2014/11/10	   2.101	   2.151	   2.101	   2.150	        7215406	      2.109	      2.082	      2.044	      2.003	           	      0.000	  72154.063	  43458.004	  51043.039	      0.031	      0.021	      0.020	
 2014/11/11	   2.166	   2.184	   2.121	   2.155	        7919343	      2.120	      2.098	      2.051	      2.006	           	      0.000	  79193.430	  52405.641	  55645.387	      0.035	      0.024	      0.022	
 2014/11/12	   2.137	   2.175	   2.126	   2.174	        4901255	      2.135	      2.112	      2.058	      2.010	           	      0.000	  49012.551	  54435.992	  55626.098	      0.039	      0.027	      0.024	
 2014/11/13	   2.180	   2.189	   2.160	   2.169	        6315866	      2.149	      2.124	      2.065	      2.013	           	      0.000	  63158.660	  61252.867	  54872.785	      0.041	      0.029	      0.023	
 2014/11/14	   2.168	   2.169	   2.148	   2.162	        3460937	      2.162	      2.130	      2.072	      2.017	           	      0.000	  34609.371	  59625.613	  49564.578	      0.042	      0.032	      0.020	
 2014/11/17	   2.180	   2.198	   2.160	   2.164	        5881532	      2.165	      2.137	      2.079	      2.020	           	      0.000	  58815.320	  56957.867	  50207.934	      0.042	      0.034	      0.016	
 2014/11/18	   2.159	   2.164	   2.133	   2.139	        4922864	      2.162	      2.141	      2.085	      2.023	           	      0.000	  49228.641	  50964.910	  51685.273	      0.040	      0.035	      0.009	
 2014/11/19	   2.133	   2.139	   2.127	   2.131	        3903668	      2.153	      2.144	      2.092	      2.026	           	      0.000	  39036.680	  48969.734	  51702.863	      0.037	      0.036	      0.003	
 2014/11/20	   2.125	   2.135	   2.118	   2.133	        3551273	      2.146	      2.148	      2.099	      2.029	           	      0.000	  35512.730	  43440.547	  52346.707	      0.035	      0.035	     -0.002	
 2014/11/21	   2.133	   2.174	   2.123	   2.165	        4910129	      2.146	      2.154	      2.109	      2.033	           	      0.000	  49101.289	  46338.934	  52982.273	      0.035	      0.035	     -0.001	
 2014/11/24	   2.179	   2.211	   2.165	   2.197	        9834703	      2.153	      2.159	      2.120	      2.037	           	      0.000	  98347.031	  54245.273	  55601.570	      0.037	      0.036	      0.003	
 2014/11/25	   2.197	   2.234	   2.192	   2.234	        8489389	      2.172	      2.167	      2.132	      2.042	           	      0.000	  84893.891	  61378.324	  56171.617	      0.041	      0.037	      0.009	
 2014/11/26	   2.234	   2.253	   2.233	   2.252	        7067710	      2.196	      2.175	      2.144	      2.047	           	      0.000	  70677.102	  67706.406	  58338.070	      0.046	      0.039	      0.014	
 2014/11/27	   2.253	   2.269	   2.244	   2.259	        6788865	      2.221	      2.184	      2.154	      2.053	           	      0.000	  67888.648	  74181.594	  58811.070	      0.049	      0.041	      0.017	
 2014/11/28	   2.259	   2.314	   2.246	   2.313	        9870730	      2.251	      2.199	      2.164	      2.060	           	      0.000	  98707.297	  84102.797	  65220.863	      0.056	      0.044	      0.024	
 2014/12/01	   2.319	   2.348	   2.317	   2.323	        7744776	      2.276	      2.215	      2.176	      2.066	           	      0.000	  77447.758	  79922.938	  67084.109	      0.061	      0.047	      0.028	
 2014/12/02	   2.321	   2.405	   2.305	   2.391	       10694625	      2.308	      2.240	      2.190	      2.074	           	      0.000	 106946.250	  84333.414	  72855.867	      0.070	      0.052	      0.036	
 2014/12/03	   2.392	   2.435	   2.350	   2.393	        9272516	      2.336	      2.266	      2.205	      2.081	           	      0.000	  92725.156	  88743.023	  78224.719	      0.076	      0.057	      0.039	
 2014/12/04	   2.397	   2.493	   2.383	   2.487	       13332036	      2.381	      2.301	      2.224	      2.089	           	      0.000	 133320.359	 101829.367	  88005.477	      0.088	      0.063	      0.050	
 2014/12/05	   2.494	   2.554	   2.415	   2.502	       15773818	      2.419	      2.335	      2.245	      2.098	           	      0.000	 157738.188	 113635.539	  98869.172	      0.097	      0.070	      0.055	
 2014/12/08	   2.476	   2.585	   2.455	   2.567	       16825014	      2.468	      2.372	      2.266	      2.107	           	      0.000	 168250.141	 131796.016	 105859.477	      0.108	      0.077	      0.062	
 2014/12/09	   2.553	   2.645	   2.465	   2.472	       16804604	      2.484	      2.396	      2.281	      2.115	           	      0.000	 168046.047	 144015.984	 114174.695	      0.108	      0.083	      0.049	
 2014/12/10	   2.475	   2.558	   2.427	   2.556	       13147928	      2.517	      2.426	      2.300	      2.124	           	      0.000	 131479.281	 151766.797	 120254.914	      0.114	      0.090	      0.048	
 2014/12/11	   2.535	   2.594	   2.520	   2.551	        7345489	      2.530	      2.455	      2.320	      2.133	           	      0.000	  73454.891	 139793.703	 120811.539	      0.116	      0.095	      0.043	
 2014/12/12	   2.550	   2.565	   2.523	   2.540	        5883279	      2.537	      2.478	      2.338	      2.142	           	      0.000	  58832.789	 120012.633	 116824.086	      0.116	      0.099	      0.034	
 2014/12/15	   2.539	   2.555	   2.501	   2.547	        8672618	      2.533	      2.501	      2.358	      2.151	           	      0.000	  86726.180	 103707.836	 117751.930	      0.115	      0.102	      0.026	
 2014/12/16	   2.536	   2.595	   2.525	   2.594	       10662402	      2.558	      2.521	      2.380	      2.161	           	      0.000	 106624.023	  91423.430	 117719.703	      0.117	      0.105	      0.024	
 2014/12/17	   2.597	   2.655	   2.574	   2.634	       13196263	      2.573	      2.545	      2.405	      2.172	           	      0.000	 131962.625	  91520.102	 121643.453	      0.120	      0.108	      0.024	
 2014/12/18	   2.633	   2.651	   2.599	   2.630	       10858316	      2.589	      2.559	      2.430	      2.183	           	      0.000	 108583.156	  98545.758	 119169.734	      0.121	      0.111	      0.021	
 2014/12/19	   2.626	   2.725	   2.616	   2.725	       16719428	      2.626	      2.582	      2.458	      2.195	           	      0.000	 167194.281	 120218.055	 120115.344	      0.128	      0.114	      0.027	
 2014/12/22	   2.733	   2.819	   2.725	   2.766	       18538512	      2.670	      2.602	      2.487	      2.208	           	      0.000	 185385.125	 139949.844	 121828.844	      0.135	      0.118	      0.033	
 2014/12/23	   2.755	   2.760	   2.647	   2.666	       21127556	      2.684	      2.621	      2.508	      2.219	           	      0.000	 211275.563	 160880.156	 126151.789	      0.131	      0.121	      0.020	
 2014/12/24	   2.653	   2.670	   2.565	   2.592	       15191268	      2.676	      2.625	      2.525	      2.228	           	      0.000	 151912.688	 164870.156	 128195.133	      0.121	      0.121	     -0.000	
 2014/12/25	   2.596	   2.685	   2.594	   2.682	        8869863	      2.686	      2.638	      2.547	      2.240	           	      0.000	  88698.633	 160893.250	 129719.508	      0.118	      0.120	     -0.004	
 2014/12/26	   2.691	   2.745	   2.668	   2.738	       15457751	      2.689	      2.657	      2.568	      2.252	           	      0.000	 154577.516	 158369.906	 139293.984	      0.120	      0.120	     -0.001	
 2014/12/29	   2.753	   2.780	   2.690	   2.727	       13430756	      2.681	      2.675	      2.588	      2.263	           	      0.000	 134307.563	 148154.391	 144052.125	      0.118	      0.120	     -0.003	
 2014/12/30	   2.719	   2.747	   2.676	   2.699	       13021784	      2.688	      2.686	      2.603	      2.274	           	      0.000	 130217.844	 131942.844	 146411.500	      0.114	      0.119	     -0.010	
 2014/12/31	   2.705	   2.770	   2.698	   2.760	       15697066	      2.721	      2.698	      2.622	      2.286	           	      0.000	 156970.656	 132954.438	 148912.297	      0.114	      0.118	     -0.008	
 2015/01/05	   2.763	   2.901	   2.761	   2.881	       22505544	      2.761	      2.724	      2.641	      2.300	           	      0.000	 225055.438	 160225.797	 160559.531	      0.122	      0.119	      0.007	
 2015/01/06	   2.865	   2.934	   2.830	   2.876	       26690304	      2.789	      2.739	      2.660	      2.314	           	      0.000	 266903.031	 182690.906	 170530.406	      0.127	      0.120	      0.013	
 2015/01/07	   2.865	   2.875	   2.833	   2.866	       11713380	      2.816	      2.749	      2.675	      2.328	           	      0.000	 117133.797	 179256.156	 163705.266	      0.128	      0.122	      0.013	
 2015/01/08	   2.865	   2.869	   2.795	   2.803	       31136760	      2.837	      2.762	      2.692	      2.341	           	      0.000	 311367.594	 215486.109	 173714.469	      0.123	      0.122	      0.002	
 2015/01/09	   2.797	   2.890	   2.765	   2.786	       13516129	      2.842	      2.782	      2.703	      2.354	           	      0.000	 135161.297	 211124.234	 172039.344	      0.116	      0.121	     -0.010	
 2015/01/12	   2.792	   2.792	   2.701	   2.732	       15042750	      2.813	      2.787	      2.712	      2.366	           	      0.000	 150427.500	 196198.641	 178212.219	      0.105	      0.118	     -0.025	
 2015/01/13	   2.724	   2.744	   2.716	   2.735	        7577085	      2.784	      2.786	      2.722	      2.378	           	      0.000	  75770.852	 157972.203	 170331.563	      0.095	      0.113	     -0.036	
 2015/01/14	   2.741	   2.764	   2.721	   2.726	        6563108	      2.756	      2.786	      2.731	      2.389	           	      0.000	  65631.078	 147671.656	 163463.906	      0.086	      0.108	     -0.044	
 2015/01/15	   2.726	   2.806	   2.717	   2.802	        7959819	      2.756	      2.797	      2.741	      2.402	           	      0.000	  79598.188	 101317.781	 158401.938	      0.084	      0.103	     -0.038	
 2015/01/16	   2.805	   2.850	   2.803	   2.827	        7846042	      2.764	      2.803	      2.751	      2.416	           	      0.000	  78460.422	  89977.609	 150550.922	      0.083	      0.099	     -0.032	
 2015/01/19	   2.755	   2.755	   2.566	   2.581	       22144464	      2.734	      2.773	      2.748	      2.426	           	      0.000	 221444.641	 104181.039	 150189.844	      0.062	      0.092	     -0.059	
 2015/01/20	   2.645	   2.661	   2.597	   2.641	       15052115	      2.715	      2.750	      2.744	      2.437	           	      0.000	 150521.156	 119131.094	 138551.656	      0.050	      0.083	     -0.067	
 2015/01/21	   2.641	   2.758	   2.641	   2.742	       10157432	      2.719	      2.737	      2.743	      2.450	           	      0.000	 101574.320	 126319.742	 136995.703	      0.047	      0.076	     -0.058	
 2015/01/22	   2.745	   2.755	   2.720	   2.743	        7913509	      2.707	      2.732	      2.747	      2.463	           	      0.000	  79135.094	 126227.125	 113772.453	      0.045	      0.070	     -0.050	
 2015/01/23	   2.746	   2.779	   2.733	   2.740	       10939561	      2.689	      2.727	      2.754	      2.474	           	      0.000	 109395.609	 132414.156	 111195.883	      0.042	      0.064	     -0.044	
 2015/01/26	   2.742	   2.773	   2.725	   2.771	        5093611	      2.727	      2.731	      2.759	      2.486	           	      0.000	  50936.109	  98312.461	 101246.750	      0.042	      0.060	     -0.035	
 2015/01/27	   2.765	   2.769	   2.708	   2.752	        6117315	      2.750	      2.733	      2.760	      2.497	           	      0.000	  61173.148	  80442.859	  99786.977	      0.041	      0.056	     -0.031	
 2015/01/28	   2.746	   2.760	   2.722	   2.734	        3415821	      2.748	      2.733	      2.760	      2.508	           	      0.000	  34158.211	  66959.633	  96639.688	      0.037	      0.052	     -0.030	
 2015/01/29	   2.725	   2.725	   2.688	   2.710	        6165059	      2.741	      2.724	      2.760	      2.518	           	      0.000	  61650.590	  63462.734	  94844.930	      0.032	      0.048	     -0.032	
 2015/01/30	   2.712	   2.731	   2.683	   2.692	        7411164	      2.732	      2.711	      2.757	      2.528	           	      0.000	  74111.641	  56405.941	  94410.055	      0.026	      0.044	     -0.035	
 2015/02/02	   2.683	   2.683	   2.615	   2.621	        6798160	      2.702	      2.715	      2.744	      2.537	           	      0.000	  67981.602	  59815.039	  79063.750	      0.016	      0.038	     -0.045	
 2015/02/03	   2.625	   2.660	   2.617	   2.657	        5448119	      2.683	      2.716	      2.733	      2.546	           	      0.000	  54481.191	  58476.648	  69459.750	      0.010	      0.033	     -0.045	
 2015/02/04	   2.664	   2.680	   2.637	   2.638	        4984381	      2.664	      2.706	      2.722	      2.554	           	      0.000	  49843.809	  61613.766	  64286.699	      0.004	      0.027	     -0.045	
 2015/02/05	   2.685	   2.714	   2.595	   2.601	        8081069	      2.642	      2.692	      2.712	      2.562	           	      0.000	  80810.688	  65445.785	  64454.258	     -0.003	      0.021	     -0.048	
 2015/02/06	   2.593	   2.593	   2.527	   2.540	        8090808	      2.611	      2.672	      2.699	      2.568	           	      0.000	  80908.078	  66805.070	  61605.508	     -0.014	      0.014	     -0.056	
 2015/02/09	   2.538	   2.561	   2.515	   2.541	        7984215	      2.595	      2.649	      2.690	      2.574	           	      0.000	  79842.148	  69177.180	  64496.109	     -0.022	      0.007	     -0.058	
 2015/02/10	   2.533	   2.591	   2.533	   2.588	        8541821	      2.582	      2.632	      2.682	      2.581	           	      0.000	  85418.211	  75364.586	  66920.617	     -0.025	      0.000	     -0.050	
 2015/02/11	   2.600	   2.603	   2.585	   2.593	        3825346	      2.573	      2.618	      2.676	      2.588	           	      0.000	  38253.461	  73046.516	  67330.141	     -0.026	     -0.005	     -0.042	
 2015/02/12	   2.595	   2.601	   2.574	   2.598	        3629494	      2.572	      2.607	      2.665	      2.596	           	      0.000	  36294.941	  64143.367	  64794.578	     -0.026	     -0.009	     -0.034	
 2015/02/13	   2.602	   2.651	   2.602	   2.625	        4442430	      2.589	      2.600	      2.655	      2.604	           	      0.000	  44424.301	  56846.613	  61825.844	     -0.024	     -0.012	     -0.024	
 2015/02/16	   2.628	   2.636	   2.617	   2.634	        8386902	      2.608	      2.602	      2.658	      2.612	           	      0.000	  83869.023	  57651.988	  63414.586	     -0.021	     -0.014	     -0.015	
 2015/02/17	   2.634	   2.663	   2.634	   2.657	       10445420	      2.621	      2.602	      2.659	      2.621	           	      0.000	 104454.203	  61459.188	  68411.883	     -0.017	     -0.015	     -0.005	
 2015/02/25	   2.663	   2.668	   2.635	   2.644	        4444081	      2.632	      2.602	      2.654	      2.628	           	      0.000	  44440.809	  62696.656	  67871.586	     -0.015	     -0.015	     -0.000	
 2015/02/26	   2.642	   2.720	   2.642	   2.718	        7443237	      2.656	      2.614	      2.653	      2.636	           	      0.000	  74432.367	  70324.141	  67233.758	     -0.007	     -0.013	      0.013	
 2015/02/27	   2.715	   2.728	   2.705	   2.718	        6656198	      2.674	      2.632	      2.652	      2.644	           	      0.000	  66561.977	  74751.672	  65799.141	     -0.000	     -0.011	      0.020	
 2015/03/02	   2.726	   2.745	   2.715	   2.742	       15739469	      2.696	      2.652	      2.650	      2.652	           	      0.000	 157394.688	  89456.813	  73554.398	      0.007	     -0.007	      0.027	
 2015/03/03	   2.741	   2.741	   2.709	   2.710	       10347201	      2.706	      2.664	      2.648	      2.658	           	      0.000	 103472.008	  89260.367	  75359.781	      0.009	     -0.004	      0.026	
 2015/03/04	   2.710	   2.722	   2.696	   2.713	        5680355	      2.720	      2.676	      2.647	      2.665	           	      0.000	  56803.551	  91732.922	  77214.789	      0.012	     -0.001	      0.025	
 2015/03/05	   2.710	   2.713	   2.660	   2.683	        6160221	      2.713	      2.684	      2.646	      2.670	           	      0.000	  61602.211	  89166.891	  79745.516	      0.011	      0.002	      0.019	
 2015/03/06	   2.686	   2.698	   2.675	   2.681	        5297217	      2.706	      2.690	      2.645	      2.675	           	      0.000	  52972.172	  86448.922	  80600.297	      0.010	      0.003	      0.014	
 2015/03/09	   2.645	   2.754	   2.645	   2.753	        8245538	      2.708	      2.702	      2.652	      2.679	           	      0.000	  82455.383	  71461.063	  80458.938	      0.015	      0.006	      0.019	
 2015/03/10	   2.750	   2.756	   2.717	   2.739	        7031814	      2.714	      2.710	      2.656	      2.683	           	      0.000	  70318.141	  64830.293	  77045.328	      0.018	      0.008	      0.019	
 2015/03/11	   2.744	   2.774	   2.730	   2.750	       10125894	      2.721	      2.721	      2.661	      2.686	           	      0.000	 101258.938	  73721.367	  82727.141	      0.020	      0.011	      0.020	
 2015/03/12	   2.755	   2.815	   2.755	   2.805	       13652071	      2.746	      2.729	      2.672	      2.692	           	      0.000	 136520.703	  88705.070	  88935.977	      0.027	      0.014	      0.026	
 2015/03/13	   2.815	   2.840	   2.807	   2.821	        7658970	      2.774	      2.740	      2.686	      2.696	           	      0.000	  76589.703	  93428.570	  89938.750	      0.033	      0.017	      0.030	
 2015/03/16	   2.831	   2.872	   2.825	   2.871	        8569450	      2.797	      2.753	      2.702	      2.701	           	      0.000	  85694.500	  94076.398	  82768.734	      0.041	      0.022	      0.037	
 2015/03/17	   2.880	   2.915	   2.878	   2.914	       11751432	      2.832	      2.773	      2.718	      2.708	           	      0.000	 117514.320	 103515.633	  84172.961	      0.050	      0.028	      0.045	
 2015/03/18	   2.921	   3.001	   2.921	   3.000	       62141224	      2.882	      2.802	      2.739	      2.715	           	      0.000	 621412.250	 207546.297	 140633.828	      0.064	      0.035	      0.058	
 2015/03/19	   3.000	   3.015	   2.985	   2.997	       16800588	      2.921	      2.833	      2.759	      2.722	           	      0.000	 168005.875	 213843.328	 151274.203	      0.074	      0.043	      0.062	
 2015/03/20	   3.005	   3.041	   2.997	   3.033	        9829485	      2.963	      2.868	      2.779	      2.728	           	      0.000	  98294.852	 218184.359	 155806.469	      0.083	      0.051	      0.065	
 2015/03/23	   3.043	   3.092	   3.043	   3.091	       10234552	      3.007	      2.902	      2.802	      2.736	           	      0.000	 102345.523	 221514.563	 157795.484	      0.095	      0.060	      0.070	
 2015/03/24	   3.090	   3.127	   3.037	   3.114	       16357570	      3.047	      2.940	      2.825	      2.743	           	      0.000	 163575.703	 230726.844	 167121.234	      0.104	      0.068	      0.071	
 2015/03/25	   3.095	   3.115	   3.079	   3.097	        7281902	      3.066	      2.974	      2.848	      2.748	           	      0.000	  72819.023	 121008.195	 164277.250	      0.109	      0.077	      0.065	
 2015/03/26	   3.083	   3.127	   3.051	   3.080	        8026645	      3.083	      3.002	      2.866	      2.755	           	      0.000	  80266.453	 103460.313	 158651.813	      0.110	      0.083	      0.054	
 2015/03/27	   3.081	   3.111	   3.065	   3.101	        5634888	      3.097	      3.030	      2.885	      2.764	           	      0.000	  56348.879	  95071.117	 156627.734	      0.112	      0.089	      0.045	
 2015/03/30	   3.105	   3.187	   3.105	   3.186	        8685695	      3.116	      3.061	      2.907	      2.772	           	      0.000	  86856.953	  91973.406	 156743.984	      0.118	      0.095	      0.047	
 2015/03/31	   3.196	   3.213	   3.143	   3.150	        8028795	      3.123	      3.085	      2.929	      2.779	           	      0.000	  80287.953	  75315.852	 153021.344	      0.119	      0.100	      0.039	
 2015/04/01	   3.149	   3.213	   3.146	   3.196	        7209311	      3.143	      3.105	      2.953	      2.787	           	      0.000	  72093.109	  75170.672	  98089.430	      0.122	      0.104	      0.036	
 2015/04/02	   3.215	   3.239	   3.185	   3.238	        9918541	      3.174	      3.129	      2.981	      2.796	           	      0.000	  99185.406	  78954.461	  91207.383	      0.127	      0.109	      0.036	
 2015/04/03	   3.235	   3.293	   3.215	   3.290	        8193486	      3.212	      3.154	      3.011	      2.804	           	      0.000	  81934.859	  84071.656	  89571.383	      0.133	      0.114	      0.039	
 2015/04/07	   3.315	   3.414	   3.315	   3.396	       10331692	      3.254	      3.185	      3.043	      2.813	           	      0.000	 103316.922	  87363.648	  89668.523	      0.145	      0.120	      0.050	
 2015/04/08	   3.398	   3.447	   3.367	   3.446	       12334018	      3.313	      3.218	      3.079	      2.823	           	      0.000	 123340.180	  95974.094	  85644.977	      0.156	      0.127	      0.058	
 2015/04/09	   3.446	   3.475	   3.360	   3.436	       12204941	      3.361	      3.252	      3.113	      2.832	           	      0.000	 122049.406	 105965.352	  90568.016	      0.163	      0.134	      0.057	
 2015/04/10	   3.424	   3.509	   3.397	   3.507	       46770064	      3.415	      3.295	      3.148	      2.844	           	      0.000	 467700.625	 179668.406	 129311.430	      0.171	      0.142	      0.060	
 2015/04/13	   3.545	   3.553	   3.501	   3.545	        9894291	      3.466	      3.339	      3.184	      2.856	           	      0.000	  98942.906	 183070.000	 133570.828	      0.180	      0.149	      0.061	
 2015/04/14	   3.517	   3.590	   3.505	   3.561	        8502758	      3.499	      3.377	      3.219	      2.870	           	      0.000	  85027.578	 179412.141	 133387.891	      0.185	      0.156	      0.057	
 2015/04/15	   3.558	   3.590	   3.515	   3.536	        8465671	      3.517	      3.415	      3.250	      2.884	           	      0.000	  84656.711	 171675.438	 133824.766	      0.185	      0.162	      0.046	
 2015/04/16	   3.495	   3.609	   3.461	   3.608	       11363699	      3.551	      3.456	      3.280	      2.898	           	      0.000	 113636.992	 169992.969	 137979.156	      0.189	      0.168	      0.043	
 2015/04/17	   3.635	   3.694	   3.630	   3.670	       12280072	      3.584	      3.500	      3.314	      2.913	           	      0.000	 122800.719	 101012.984	 140340.688	      0.195	      0.173	      0.044	
 2015/04/20	   3.640	   3.689	   3.559	   3.565	       16927564	      3.588	      3.527	      3.341	      2.925	           	      0.000	 169275.641	 115079.531	 149074.766	      0.189	      0.176	      0.025	
 2015/04/21	   3.575	   3.634	   3.550	   3.627	       10126525	      3.601	      3.550	      3.367	      2.943	           	      0.000	 101265.250	 118327.063	 148869.594	      0.187	      0.178	      0.017	
 2015/04/22	   3.637	   3.733	   3.637	   3.732	        8504043	      3.640	      3.579	      3.398	      2.961	           	      0.000	  85040.430	 118403.805	 145039.625	      0.192	      0.181	      0.021	
 2015/04/23	   3.745	   3.770	   3.715	   3.742	        9758024	      3.667	      3.609	      3.431	      2.977	           	      0.000	  97580.242	 115192.453	 142592.703	      0.194	      0.184	      0.021	
 2015/04/24	   3.725	   3.725	   3.635	   3.686	       10027216	      3.670	      3.627	      3.461	      2.993	           	      0.000	 100272.156	 110686.742	 105849.859	      0.189	      0.185	      0.009	
 2015/04/27	   3.690	   3.760	   3.690	   3.757	       11620193	      3.709	      3.648	      3.494	      3.010	           	      0.000	 116201.930	 100072.000	 107575.766	      0.189	      0.185	      0.006	
 2015/04/28	   3.755	   3.765	   3.665	   3.690	       10275898	      3.721	      3.661	      3.519	      3.025	           	      0.000	 102758.977	 100370.750	 109348.906	      0.181	      0.185	     -0.007	
 2015/04/29	   3.686	   3.715	   3.649	   3.693	        5590505	      3.714	      3.677	      3.546	      3.041	           	      0.000	  55905.051	  94543.672	 106473.742	      0.173	      0.182	     -0.018	
 2015/04/30	   3.703	   3.730	   3.685	   3.692	        5174611	      3.704	      3.685	      3.571	      3.057	           	      0.000	  51746.109	  85376.844	 100284.648	      0.165	      0.179	     -0.028	
 2015/05/04	   3.691	   3.745	   3.662	   3.742	        7641680	      3.715	      3.693	      3.596	      3.074	           	      0.000	  76416.797	  80605.773	  95646.258	      0.160	      0.175	     -0.029	
 2015/05/05	   3.742	   3.760	   3.565	   3.589	       10738139	      3.681	      3.695	      3.611	      3.089	           	      0.000	 107381.391	  78841.664	  89456.836	      0.143	      0.169	     -0.051	
 2015/05/06	   3.584	   3.635	   3.481	   3.514	        7787331	      3.646	      3.684	      3.617	      3.104	           	      0.000	  77873.313	  73864.531	  87117.641	      0.122	      0.159	     -0.075	
 2015/05/07	   3.505	   3.505	   3.398	   3.406	       11129754	      3.589	      3.651	      3.615	      3.117	           	      0.000	 111297.539	  84943.031	  89743.352	      0.095	      0.146	     -0.103	
 2015/05/08	   3.410	   3.483	   3.401	   3.473	        8003689	      3.545	      3.624	      3.617	      3.130	           	      0.000	  80036.891	  90601.188	  87989.016	      0.078	      0.133	     -0.109	
 2015/05/11	   3.486	   3.584	   3.465	   3.584	       14898299	      3.513	      3.614	      3.621	      3.147	           	      0.000	 148982.984	 105114.422	  92860.102	      0.073	      0.121	     -0.095	
 2015/05/12	   3.584	   3.631	   3.575	   3.627	        6430819	      3.521	      3.601	      3.625	      3.165	           	      0.000	  64308.191	  96499.781	  87670.727	      0.072	      0.111	     -0.078	
 2015/05/13	   3.625	   3.630	   3.590	   3.598	        7037182	      3.538	      3.592	      3.627	      3.183	           	      0.000	  70371.820	  94999.484	  84432.008	      0.068	      0.103	     -0.069	
 2015/05/14	   3.589	   3.632	   3.576	   3.613	        8952176	      3.579	      3.584	      3.630	      3.200	           	      0.000	  89521.758	  90644.328	  87793.680	      0.065	      0.095	     -0.060	
 2015/05/15	   3.597	   3.599	   3.535	   3.564	        5687894	      3.597	      3.571	      3.628	      3.216	           	      0.000	  56878.941	  86012.742	  88306.961	      0.058	      0.088	     -0.059	
 2015/05/18	   3.553	   3.570	   3.515	   3.522	        7263985	      3.585	      3.549	      3.621	      3.231	           	      0.000	  72639.852	  70744.109	  87929.266	      0.049	      0.080	     -0.062	
 2015/05/19	   3.515	   3.633	   3.515	   3.628	        8755375	      3.585	      3.553	      3.624	      3.248	           	      0.000	  87553.750	  75393.227	  85946.500	      0.049	      0.074	     -0.049	
 2015/05/20	   3.634	   3.718	   3.634	   3.646	        8196751	      3.595	      3.566	      3.625	      3.265	           	      0.000	  81967.508	  77712.359	  86355.922	      0.050	      0.069	     -0.037	
 2015/05/21	   3.648	   3.745	   3.648	   3.742	        8849292	      3.620	      3.600	      3.625	      3.283	           	      0.000	  88492.922	  77506.594	  84075.461	      0.058	      0.067	     -0.017	
 2015/05/22	   3.776	   3.833	   3.761	   3.831	       11633018	      3.674	      3.635	      3.630	      3.303	           	      0.000	 116330.180	  89396.844	  87704.789	      0.071	      0.068	      0.007	
 2015/05/25	   3.839	   3.958	   3.827	   3.957	        9064912	      3.761	      3.673	      3.643	      3.323	           	      0.000	  90649.117	  92998.695	  81871.406	      0.091	      0.072	      0.036	
 2015/05/26	   3.985	   4.010	   3.899	   4.009	       11404673	      3.837	      3.711	      3.656	      3.345	           	      0.000	 114046.727	  98297.289	  86845.258	      0.109	      0.080	      0.058	
 2015/05/27	   4.079	   4.079	   3.960	   4.009	       24892840	      3.910	      3.752	      3.672	      3.366	           	      0.000	 248928.406	 131689.469	 104700.914	      0.122	      0.088	      0.067	
 2015/05/28	   3.994	   4.037	   3.754	   3.785	       13196127	      3.918	      3.769	      3.677	      3.384	           	      0.000	 131961.266	 140383.141	 108944.867	      0.113	      0.093	      0.039	
 2015/05/29	   3.760	   3.875	   3.606	   3.748	       11927326	      3.902	      3.788	      3.679	      3.401	           	      0.000	 119273.258	 140971.750	 115184.297	      0.101	      0.095	      0.013	
 2015/06/01	   3.729	   4.017	   3.729	   4.000	        9025443	      3.910	      3.836	      3.692	      3.423	           	      0.000	  90254.430	 140892.813	 116945.758	      0.111	      0.098	      0.027	
 2015/06/02	   4.005	   4.060	   3.955	   4.055	       10989724	      3.919	      3.878	      3.716	      3.446	           	      0.000	 109897.242	 140062.922	 119180.109	      0.122	      0.103	      0.039	
 2015/06/03	   4.054	   4.055	   3.972	   4.037	       12928509	      3.925	      3.917	      3.742	      3.467	           	      0.000	 129285.094	 116134.258	 123911.867	      0.128	      0.108	      0.041	
 2015/06/04	   4.025	   4.095	   3.881	   4.089	       15897496	      3.986	      3.952	      3.776	      3.490	           	      0.000	 158974.953	 121536.992	 130960.070	      0.135	      0.113	      0.044	
 2015/06/05	   4.125	   4.254	   4.100	   4.175	       14279261	      4.071	      3.986	      3.811	      3.514	           	      0.000	 142792.609	 126240.867	 133606.313	      0.146	      0.120	      0.053	
 2015/06/08	   4.205	   4.294	   4.169	   4.268	       31961288	      4.125	      4.017	      3.845	      3.538	           	      0.000	 319612.875	 172112.563	 156502.688	      0.161	      0.128	      0.065	
 2015/06/09	   4.269	   4.285	   4.210	   4.282	       38857424	      4.170	      4.045	      3.878	      3.562	           	      0.000	 388574.250	 227847.953	 183955.438	      0.171	      0.137	      0.069	
 2015/06/10	   4.255	   4.305	   4.201	   4.270	       18406988	      4.217	      4.071	      3.911	      3.586	           	      0.000	 184069.875	 238804.906	 177469.578	      0.177	      0.145	      0.064	
 2015/06/11	   4.268	   4.273	   4.225	   4.261	       13084605	      4.251	      4.119	      3.944	      3.608	           	      0.000	 130846.047	 233179.125	 177358.063	      0.178	      0.151	      0.053	
 2015/06/12	   4.264	   4.374	   4.264	   4.369	       14143867	      4.290	      4.181	      3.984	      3.631	           	      0.000	 141438.672	 232908.344	 179574.609	      0.186	      0.158	      0.055	
 2015/06/15	   4.369	   4.423	   4.341	   4.347	       46337340	      4.306	      4.215	      4.025	      3.653	           	      0.000	 463373.406	 261660.453	 216886.500	      0.188	      0.164	      0.047	
 2015/06/16	   4.315	   4.336	   4.151	   4.190	       34540712	      4.287	      4.229	      4.054	      3.673	           	      0.000	 345407.125	 253027.031	 240437.484	      0.175	      0.166	      0.017	
 2015/06/17	   4.167	   4.290	   4.075	   4.284	       16587903	      4.290	      4.253	      4.085	      3.693	           	      0.000	 165879.031	 249388.859	 244096.891	      0.170	      0.167	      0.006	
 2015/06/18	   4.285	   4.312	   4.175	   4.195	      238170432	      4.277	      4.264	      4.108	      3.711	           	      0.000	2381704.250	 699560.500	 466369.813	      0.158	      0.165	     -0.015	
 2015/06/19	   4.183	   4.183	   3.905	   3.914	       52072604	      4.186	      4.238	      4.112	      3.724	           	      0.000	 520726.031	 775418.000	 504163.156	      0.124	      0.157	     -0.067	
 2015/06/23	   3.915	   3.970	   3.718	   3.970	      113607128	      4.111	      4.208	      4.113	      3.739	           	      0.000	1136071.250	 909957.563	 585809.000	      0.100	      0.146	     -0.091	
 2015/06/24	   3.981	   4.080	   3.965	   4.080	      207759920	      4.089	      4.188	      4.116	      3.755	           	      0.000	2077599.250	1256396.000	 754711.500	      0.089	      0.134	     -0.091	
 2015/06/25	   4.075	   4.105	   3.910	   3.953	      315412320	      4.022	      4.156	      4.114	      3.768	           	      0.000	3154123.250	1854044.750	1051716.875	      0.069	      0.121	     -0.104	
 2015/06/26	   3.910	   3.910	   3.579	   3.583	      464861120	      3.900	      4.089	      4.103	      3.775	           	      0.000	4648611.000	2307426.250	1503493.375	      0.023	      0.102	     -0.156	
 2015/06/29	   3.695	   3.748	   3.369	   3.554	      593227712	      3.828	      4.007	      4.094	      3.781	           	      0.000	5932277.000	3389736.250	2082577.125	     -0.015	      0.078	     -0.187	
 2015/06/30	   3.584	   3.765	   3.393	   3.761	      371966592	      3.786	      3.948	      4.082	      3.790	           	      0.000	3719666.000	3906455.250	2408206.500	     -0.028	      0.057	     -0.171	
 2015/07/01	   3.735	   3.775	   3.515	   3.529	      451250368	      3.676	      3.882	      4.056	      3.794	           	      0.000	4512503.500	4393436.000	2824916.000	     -0.057	      0.034	     -0.182	
 2015/07/02	   3.529	   3.563	   3.324	   3.376	      331038912	      3.561	      3.792	      4.023	      3.794	           	      0.000	3310389.000	4424689.500	3139367.000	     -0.091	      0.009	     -0.200	
 2015/07/03	   3.360	   3.405	   3.145	   3.155	      135516128	      3.475	      3.688	      3.976	      3.789	           	      0.000	1355161.250	3765999.250	3036712.750	     -0.134	     -0.020	     -0.230	
 2015/07/06	   3.449	   3.449	   3.121	   3.265	       50443684	      3.417	      3.623	      3.930	      3.786	           	      0.000	 504436.844	2680431.250	3035083.750	     -0.158	     -0.047	     -0.221	
 2015/07/07	   3.263	   3.263	   3.010	   3.157	       43209196	      3.296	      3.541	      3.875	      3.780	           	      0.000	 432091.969	2022916.500	2964686.000	     -0.183	     -0.074	     -0.218	
 2015/07/08	   2.863	   3.115	   2.863	   2.863	       19941816	      3.163	      3.420	      3.804	      3.769	           	      0.000	 199418.156	1160299.500	2776867.750	     -0.224	     -0.104	     -0.240	
 2015/07/09	   2.815	   3.128	   2.815	   3.128	       17171832	      3.114	      3.337	      3.747	      3.762	           	      0.000	 171718.313	 532565.313	2478627.250	     -0.233	     -0.130	     -0.206	
 2015/07/10	   3.245	   3.419	   3.235	   3.419	       23858400	      3.166	      3.321	      3.705	      3.760	           	      0.000	 238584.000	 309249.844	2037624.625	     -0.214	     -0.147	     -0.134	
 2015/07/13	   3.553	   3.610	   3.365	   3.608	       44872104	      3.235	      3.326	      3.667	      3.760	           	      0.000	 448721.031	 298106.688	1489269.000	     -0.181	     -0.154	     -0.055	
 2015/07/14	   3.545	   3.587	   3.395	   3.445	       99093032	      3.293	      3.294	      3.621	      3.756	           	      0.000	 990930.313	 409874.375	1216395.500	     -0.167	     -0.156	     -0.021	
 2015/07/15	   3.414	   3.445	   3.259	   3.270	       20121940	      3.374	      3.269	      3.575	      3.751	           	      0.000	 201219.406	 410234.625	 785267.000	     -0.167	     -0.159	     -0.018	
 2015/07/16	   3.217	   3.385	   3.216	   3.313	       41024804	      3.411	      3.262	      3.527	      3.746	           	      0.000	 410248.031	 457940.563	 495252.938	     -0.163	     -0.159	     -0.006	
 2015/07/17	   3.320	   3.470	   3.320	   3.453	      199733408	      3.418	      3.292	      3.490	      3.741	           	      0.000	1997334.125	 809690.563	 559470.250	     -0.146	     -0.157	      0.022	
 2015/07/20	   3.425	   3.484	   3.395	   3.440	      205432608	      3.384	      3.310	      3.466	      3.736	           	      0.000	2054326.125	1130811.625	 714459.125	     -0.132	     -0.152	      0.039	
 2015/07/21	   3.410	   3.495	   3.385	   3.471	      158615232	      3.389	      3.341	      3.441	      3.732	           	      0.000	1586152.375	1249856.000	 829865.188	     -0.117	     -0.145	      0.055	
 2015/07/22	   3.467	   3.484	   3.412	   3.451	      124997056	      3.426	      3.400	      3.410	      3.727	           	      0.000	1249970.500	1459606.250	 934920.438	     -0.106	     -0.137	      0.062	
 2015/07/23	   3.452	   3.541	   3.437	   3.540	       92601712	      3.471	      3.441	      3.389	      3.725	           	      0.000	 926017.125	1562760.000	1010350.313	     -0.089	     -0.127	      0.077	
 2015/07/24	   3.525	   3.575	   3.465	   3.474	      167605024	      3.475	      3.447	      3.384	      3.721	           	      0.000	1676050.250	1498503.250	1154096.875	     -0.080	     -0.118	      0.077	
 2015/07/27	   3.430	   3.460	   3.149	   3.171	      142259392	      3.421	      3.403	      3.364	      3.713	           	      0.000	1422593.875	1372156.875	1251484.250	     -0.096	     -0.113	      0.036	
 2015/07/28	   3.133	   3.259	   3.065	   3.185	      214490880	      3.364	      3.377	      3.336	      3.703	           	      0.000	2144908.750	1483908.125	1366882.000	     -0.106	     -0.112	      0.012	
 2015/07/29	   3.193	   3.329	   3.181	   3.309	       82547640	      3.336	      3.381	      3.325	      3.699	           	      0.000	 825476.375	1399009.250	1429307.750	     -0.103	     -0.110	      0.014	
 2015/07/30	   3.320	   3.351	   3.245	   3.245	       93478288	      3.277	      3.374	      3.318	      3.694	           	      0.000	 934782.875	1400762.375	1481761.250	     -0.105	     -0.109	      0.009	
 2015/07/31	   3.215	   3.305	   3.201	   3.233	       18018060	      3.229	      3.352	      3.322	      3.691	           	      0.000	 180180.594	1101588.500	1300045.875	     -0.106	     -0.108	      0.005	
 2015/08/03	   3.221	   3.315	   3.195	   3.314	       15540106	      3.257	      3.339	      3.324	      3.689	           	      0.000	 155401.063	 848149.938	1110153.375	     -0.099	     -0.106	      0.015	
 2015/08/04	   3.285	   3.394	   3.272	   3.372	       18365516	      3.295	      3.329	      3.335	      3.685	           	      0.000	 183655.156	 455899.219	 969903.625	     -0.088	     -0.103	      0.030	
 2015/08/05	   3.388	   3.393	   3.305	   3.305	       20595152	      3.294	      3.315	      3.357	      3.680	           	      0.000	 205951.516	 331994.250	 865501.750	     -0.083	     -0.099	      0.031	
 2015/08/06	   3.284	   3.315	   3.255	   3.275	       14448214	      3.300	      3.288	      3.365	      3.674	           	      0.000	 144482.141	 173934.094	 787348.250	     -0.081	     -0.095	      0.028	
 2015/08/07	   3.281	   3.353	   3.281	   3.335	       20797266	      3.320	      3.274	      3.360	      3.670	           	      0.000	 207972.656	 179492.500	 640540.500	     -0.074	     -0.091	      0.034	
 2015/08/10	   3.351	   3.495	   3.351	   3.479	       11417376	      3.353	      3.305	      3.354	      3.668	           	      0.000	 114173.758	 171247.047	 509698.500	     -0.056	     -0.084	      0.056	
 2015/08/11	   3.471	   3.501	   3.436	   3.463	       17247972	      3.371	      3.333	      3.355	      3.667	           	      0.000	 172479.719	 169011.953	 312455.594	     -0.043	     -0.076	      0.066	
 2015/08/12	   3.436	   3.463	   3.411	   3.412	       24720342	      3.393	      3.343	      3.362	      3.664	           	      0.000	 247203.422	 177262.344	 254628.297	     -0.036	     -0.068	      0.064	
 2015/08/13	   3.415	   3.457	   3.360	   3.456	       30650196	      3.429	      3.364	      3.369	      3.660	           	      0.000	 306501.969	 209666.313	 191800.203	     -0.026	     -0.059	      0.066	
 2015/08/14	   3.483	   3.488	   3.433	   3.453	       18062796	      3.453	      3.386	      3.369	      3.656	           	      0.000	 180627.953	 204197.359	 191844.938	     -0.019	     -0.051	      0.065	
 2015/08/17	   3.425	   3.481	   3.401	   3.480	       44198496	      3.453	      3.403	      3.371	      3.650	           	      0.000	 441984.969	 269759.594	 220503.328	     -0.011	     -0.043	      0.065	
 2015/08/18	   3.483	   3.504	   3.168	   3.318	       66631760	      3.424	      3.398	      3.364	      3.639	           	      0.000	 666317.625	 368527.188	 268769.563	     -0.017	     -0.038	      0.042	
 2015/08/19	   3.237	   3.352	   3.115	   3.335	      116803432	      3.408	      3.401	      3.358	      3.628	           	      0.000	1168034.375	 552693.375	 364977.844	     -0.020	     -0.034	      0.028	
 2015/08/20	   3.300	   3.300	   3.225	   3.228	       32095124	      3.363	      3.396	      3.342	      3.615	           	      0.000	 320951.250	 555583.250	 382624.781	     -0.031	     -0.034	      0.005	
 2015/08/21	   3.212	   3.220	   3.069	   3.094	       67399064	      3.291	      3.372	      3.323	      3.603	           	      0.000	 673990.625	 654255.750	 429226.563	     -0.050	     -0.037	     -0.027	
 2015/08/24	   3.045	   3.045	   2.806	   2.806	       12491014	      3.156	      3.305	      3.305	      3.588	           	      0.000	 124910.141	 590840.813	 430300.219	     -0.088	     -0.047	     -0.081	
 2015/08/25	   2.625	   2.737	   2.559	   2.569	       35275508	      3.006	      3.215	      3.274	      3.564	           	      0.000	 352755.094	 528128.313	 448327.750	     -0.135	     -0.065	     -0.140	
 2015/08/26	   2.665	   2.715	   2.520	   2.588	      217917728	      2.857	      3.133	      3.238	      3.539	           	      0.000	2179177.250	 730356.875	 641525.125	     -0.169	     -0.086	     -0.166	
 2015/08/27	   2.610	   2.745	   2.610	   2.741	      132979920	      2.760	      3.061	      3.213	      3.518	           	      0.000	1329799.250	 932126.500	 743854.875	     -0.181	     -0.105	     -0.153	
 2015/08/28	   2.748	   2.868	   2.748	   2.863	      129952112	      2.713	      3.002	      3.194	      3.497	           	      0.000	1299521.125	1057232.625	 855744.188	     -0.179	     -0.119	     -0.119	
 2015/08/31	   2.815	   2.875	   2.775	   2.853	      121366648	      2.723	      2.940	      3.171	      3.475	           	      0.000	1213666.500	1274983.875	 932912.313	     -0.176	     -0.131	     -0.091	
 2015/09/01	   2.845	   2.855	   2.738	   2.845	      124251544	      2.778	      2.892	      3.145	      3.452	           	      0.000	1242515.500	1452935.875	 990532.125	     -0.172	     -0.139	     -0.067	
 2015/09/02	   2.803	   2.890	   2.737	   2.865	      109473752	      2.833	      2.845	      3.123	      3.428	           	      0.000	1094737.500	1236048.000	 983202.438	     -0.166	     -0.144	     -0.043	
 2015/09/07	   2.840	   2.925	   2.715	   2.783	       84436416	      2.842	      2.801	      3.098	      3.403	           	      0.000	 844364.188	1138961.000	1035543.688	     -0.166	     -0.149	     -0.034	
 2015/09/08	   2.775	   2.865	   2.718	   2.860	       14613181	      2.841	      2.777	      3.075	      3.380	           	      0.000	 146131.813	 908283.125	 982757.813	     -0.157	     -0.150	     -0.014	
 2015/09/09	   2.865	   3.095	   2.845	   2.915	       13083184	      2.854	      2.788	      3.046	      3.356	           	      0.000	 130831.844	 691716.188	 983350.000	     -0.145	     -0.149	      0.009	
 2015/09/10	   2.883	   2.903	   2.855	   2.863	        4360286	      2.857	      2.818	      3.016	      3.331	           	      0.000	  43602.859	 451933.625	 952434.813	     -0.137	     -0.147	      0.019	
 2015/09/11	   2.855	   2.883	   2.813	   2.859	        1449198	      2.856	      2.845	      2.989	      3.309	           	      0.000	  14491.980	 235884.531	 735966.250	     -0.130	     -0.144	      0.027	
 2015/09/14	   2.865	   2.879	   2.759	   2.760	        2910200	      2.851	      2.847	      2.954	      3.283	           	      0.000	  29102.000	  72832.102	 605896.500	     -0.131	     -0.141	      0.020	
 2015/09/15	   2.745	   2.747	   2.670	   2.678	        3394008	      2.815	      2.828	      2.915	      3.258	           	      0.000	  33940.078	  50393.754	 479338.438	     -0.137	     -0.140	      0.007	
 2015/09/16	   2.679	   2.864	   2.675	   2.818	        3475807	      2.796	      2.825	      2.882	      3.240	           	      0.000	  34758.070	  31178.998	 361447.594	     -0.128	     -0.138	      0.019	
 2015/09/17	   2.729	   2.826	   2.729	   2.741	        6340800	      2.771	      2.814	      2.853	      3.219	           	      0.000	  63408.000	  35140.027	 243536.828	     -0.127	     -0.136	      0.018	
 2015/09/18	   2.770	   2.785	   2.726	   2.742	         947100	      2.748	      2.802	      2.824	      3.197	           	      0.000	   9471.000	  34135.828	 135010.188	     -0.124	     -0.133	      0.019	
 2015/09/21	   2.721	   2.775	   2.716	   2.773	        1060967	      2.750	      2.801	      2.801	      3.177	           	      0.000	  10609.670	  30437.363	  51634.730	     -0.118	     -0.130	      0.025	
 2015/09/22	   2.774	   2.801	   2.774	   2.791	        1890449	      2.773	      2.794	      2.786	      3.164	           	      0.000	  18904.490	  27430.246	  38912.000	     -0.110	     -0.126	      0.032	
 2015/09/23	   2.781	   2.781	   2.755	   2.769	         875400	      2.763	      2.779	      2.784	      3.151	           	      0.000	   8754.000	  22229.432	  26704.215	     -0.105	     -0.122	      0.034	
 2015/09/24	   2.754	   2.775	   2.715	   2.771	         665001	      2.769	      2.770	      2.794	      3.135	           	      0.000	   6650.010	  10877.834	  23008.930	     -0.099	     -0.117	      0.037	
 2015/09/25	   2.765	   2.771	   2.706	   2.732	         995800	      2.767	      2.757	      2.801	      3.121	           	      0.000	   9958.000	  10975.234	  22555.531	     -0.097	     -0.113	      0.033	
 2015/09/28	   2.711	   2.733	   2.711	   2.725	        1249400	      2.758	      2.754	      2.800	      3.110	           	      0.000	  12494.000	  11352.100	  20894.732	     -0.094	     -0.109	      0.030	
 2015/09/29	   2.716	   2.724	   2.690	   2.693	         693552	      2.738	      2.756	      2.792	      3.103	           	      0.000	   6935.520	   8958.306	  18194.275	     -0.094	     -0.106	      0.025	
 2015/09/30	   2.700	   2.714	   2.693	   2.706	         382001	      2.725	      2.744	      2.784	      3.093	           	      0.000	   3820.010	   7971.508	  15100.470	     -0.091	     -0.103	      0.024	
 2015/10/08	   2.781	   2.785	   2.746	   2.770	        2949810	      2.725	      2.747	      2.781	      3.087	           	      0.000	  29498.100	  12541.126	  11709.479	     -0.083	     -0.099	      0.032	
 2015/10/09	   2.767	   2.795	   2.760	   2.793	        3238410	      2.737	      2.752	      2.777	      3.086	           	      0.000	  32384.100	  17026.346	  14000.790	     -0.074	     -0.094	      0.040	
 2015/10/12	   2.793	   2.895	   2.792	   2.876	        2974382	      2.768	      2.763	      2.782	      3.082	           	      0.000	  29743.820	  20476.311	  15914.205	     -0.059	     -0.087	      0.055	
 2015/10/13	   2.876	   2.882	   2.865	   2.873	        1205730	      2.804	      2.771	      2.782	      3.072	           	      0.000	  12057.300	  21500.666	  15229.486	     -0.048	     -0.079	      0.063	
 2015/10/14	   2.882	   2.882	   2.846	   2.855	        1267151	      2.833	      2.779	      2.779	      3.060	           	      0.000	  12671.510	  23270.965	  15621.237	     -0.039	     -0.071	      0.064	
 2015/10/15	   2.848	   2.915	   2.847	   2.908	        1717733	      2.861	      2.793	      2.782	      3.051	           	      0.000	  17177.330	  20806.813	  16673.969	     -0.028	     -0.063	      0.069	
 2015/10/16	   2.895	   2.965	   2.895	   2.946	        2824497	      2.892	      2.815	      2.786	      3.046	           	      0.000	  28244.971	  19978.986	  18502.666	     -0.016	     -0.053	      0.075	
 2015/10/19	   2.949	   2.985	   2.939	   2.953	        1964511	      2.907	      2.837	      2.796	      3.040	           	      0.000	  19645.109	  17959.244	  19217.777	     -0.005	     -0.044	      0.076	
 2015/10/20	   2.975	   2.977	   2.947	   2.975	        1149650	      2.927	      2.865	      2.810	      3.032	           	      0.000	  11496.500	  17847.084	  19673.875	      0.004	     -0.034	      0.077	
 2015/10/21	   2.965	   2.997	   2.885	   2.893	        1716182	      2.935	      2.884	      2.814	      3.022	           	      0.000	  17161.820	  18745.146	  21008.057	      0.006	     -0.026	      0.063	
 2015/10/22	   2.898	   2.935	   2.865	   2.933	        1421250	      2.940	      2.901	      2.824	      3.014	           	      0.000	  14212.500	  18152.180	  19479.496	      0.010	     -0.019	      0.057	
 2015/10/23	   2.934	   2.985	   2.916	   2.972	        1177831	      2.945	      2.918	      2.835	      3.006	           	      0.000	  11778.310	  14858.848	  17418.918	      0.016	     -0.012	      0.056	
 2015/10/26	   2.990	   3.011	   2.985	   2.995	        1837739	      2.954	      2.930	      2.846	      2.996	           	      0.000	  18377.391	  14605.304	  16282.274	      0.022	     -0.005	      0.055	
 2015/10/27	   2.991	   3.005	   2.945	   3.003	        1199384	      2.959	      2.943	      2.857	      2.989	           	      0.000	  11993.840	  14704.772	  16275.928	      0.028	      0.001	      0.053	
 2015/10/28	   2.995	   3.005	   2.970	   2.971	         750200	      2.975	      2.955	      2.867	      2.985	           	      0.000	   7502.000	  12772.808	  15758.977	      0.029	      0.007	      0.044	
 2015/10/29	   2.978	   2.985	   2.956	   2.965	         656200	      2.981	      2.961	      2.877	      2.982	           	      0.000	   6562.000	  11242.708	  14697.444	      0.029	      0.011	      0.036	
 2015/10/30	   2.965	   2.975	   2.951	   2.965	         444400	      2.980	      2.962	      2.888	      2.976	           	      0.000	   4444.000	   9775.846	  12317.347	      0.029	      0.015	      0.029	
 2015/11/02	   2.965	   2.971	   2.931	   2.945	         540000	      2.970	      2.962	      2.899	      2.971	           	      0.000	   5400.000	   7180.368	  10892.836	      0.027	      0.017	      0.020	
 2015/11/03	   2.949	   2.949	   2.909	   2.914	         927700	      2.952	      2.956	      2.911	      2.966	           	      0.000	   9277.000	   6637.000	  10670.886	      0.023	      0.019	      0.009	
 2015/11/04	   2.915	   3.005	   2.912	   3.001	        1952303	      2.958	      2.966	      2.925	      2.960	           	      0.000	  19523.029	   9041.206	  10907.007	      0.026	      0.020	      0.012	
 2015/11/05	   3.012	   3.103	   2.995	   3.054	        3462015	      2.976	      2.978	      2.939	      2.955	           	      0.000	  34620.148	  14652.836	  12947.771	      0.033	      0.023	      0.020	
 2015/11/06	   3.056	   3.115	   3.055	   3.101	        2634280	      3.003	      2.991	      2.955	      2.952	           	      0.000	  26342.801	  19032.596	  14404.221	      0.041	      0.026	      0.030	
 2015/11/09	   3.116	   3.245	   3.116	   3.160	        5046685	      3.046	      3.008	      2.969	      2.950	           	      0.000	  50466.852	  28045.967	  17613.168	      0.052	      0.031	      0.041	
 2015/11/10	   3.152	   3.169	   3.126	   3.150	        4076743	      3.093	      3.023	      2.983	      2.947	           	      0.000	  40767.430	  34344.051	  20490.525	      0.059	      0.037	      0.044	
 2015/11/11	   3.135	   3.170	   3.115	   3.147	        1451718	      3.122	      3.040	      2.998	      2.941	           	      0.000	  14517.180	  33342.883	  21192.043	      0.064	      0.042	      0.043	
 2015/11/12	   3.147	   3.154	   3.115	   3.115	        1608502	      3.135	      3.055	      3.008	      2.935	           	      0.000	  16085.020	  29635.855	  22144.346	      0.064	      0.047	      0.035	
 2015/11/13	   3.115	   3.115	   3.091	   3.092	         791100	      3.133	      3.068	      3.015	      2.930	           	      0.000	   7911.000	  25949.496	  22491.047	      0.062	      0.050	      0.024	
 2015/11/16	   3.071	   3.101	   3.061	   3.101	         755531	      3.121	      3.083	      3.023	      2.924	           	      0.000	   7555.310	  17367.188	  22706.576	      0.060	      0.052	      0.017	
 2015/11/17	   3.111	   3.155	   3.111	   3.117	        1614151	      3.114	      3.104	      3.030	      2.918	           	      0.000	  16141.510	  12442.004	  23393.027	      0.059	      0.053	      0.012	
 2015/11/18	   3.116	   3.116	   3.091	   3.092	         689653	      3.103	      3.113	      3.040	      2.912	           	      0.000	   6896.530	  10917.874	  22130.379	      0.056	      0.054	      0.004	
 2015/11/19	   3.095	   3.124	   3.087	   3.121	         608990	      3.105	      3.120	      3.049	      2.909	           	      0.000	   6089.900	   8918.850	  19277.354	      0.055	      0.054	      0.002	
 2015/11/20	   3.121	   3.125	   3.102	   3.113	         836563	      3.109	      3.121	      3.056	      2.905	           	      0.000	   8365.630	   9009.775	  17479.637	      0.053	      0.054	     -0.002	
 2015/11/23	   3.105	   3.138	   3.093	   3.108	        1829800	      3.110	      3.116	      3.062	      2.903	           	      0.000	  18298.000	  11158.313	  14262.751	      0.051	      0.053	     -0.005	
 2015/11/24	   3.108	   3.115	   3.072	   3.104	         842766	      3.108	      3.111	      3.067	      2.903	           	      0.000	   8427.660	   9615.544	  11028.773	      0.048	      0.052	     -0.009	
 2015/11/25	   3.095	   3.140	   3.076	   3.133	        1858729	      3.116	      3.110	      3.075	      2.909	           	      0.000	  18587.289	  11953.695	  11435.785	      0.047	      0.051	     -0.008	
 2015/11/26	   3.141	   3.162	   3.127	   3.130	        1769894	      3.118	      3.111	      3.083	      2.918	           	      0.000	  17698.939	  14275.504	  11597.177	      0.046	      0.050	     -0.008	
 2015/11/27	   3.125	   3.125	   2.996	   3.047	        1389955	      3.104	      3.107	      3.087	      2.926	           	      0.000	  13899.550	  15382.288	  12196.032	      0.038	      0.048	     -0.019	
 2015/11/30	   3.015	   3.035	   2.956	   3.014	        1594075	      3.086	      3.098	      3.091	      2.930	           	      0.000	  15940.750	  14910.838	  13034.576	      0.029	      0.044	     -0.031	
 2015/12/01	   3.014	   3.014	   2.975	   2.993	         907344	      3.063	      3.086	      3.095	      2.932	           	      0.000	   9073.440	  15039.994	  12327.769	      0.019	      0.039	     -0.039	
 2015/12/02	   2.994	   3.080	   2.977	   3.066	        1322121	      3.050	      3.083	      3.098	      2.936	           	      0.000	  13221.210	  13966.778	  12960.237	      0.018	      0.035	     -0.034	
 2015/12/03	   3.067	   3.097	   3.048	   3.095	         942900	      3.043	      3.080	      3.100	      2.940	           	      0.000	   9429.000	  12312.790	  13294.146	      0.018	      0.031	     -0.026	
 2015/12/04	   3.075	   3.093	   3.035	   3.046	         905900	      3.043	      3.074	      3.097	      2.943	           	      0.000	   9059.000	  11344.680	  13363.484	      0.015	      0.028	     -0.027	
 2015/12/07	   3.046	   3.062	   3.018	   3.040	         332440	      3.048	      3.067	      3.091	      2.947	           	      0.000	   3324.400	   8821.410	  11866.124	      0.011	      0.025	     -0.027	
 2015/12/08	   3.035	   3.035	   2.995	   3.005	         672676	      3.050	      3.057	      3.084	      2.950	           	      0.000	   6726.760	   8352.074	  11696.034	      0.006	      0.021	     -0.030	
 2015/12/09	   2.992	   3.003	   2.983	   3.000	         547181	      3.037	      3.044	      3.077	      2.951	           	      0.000	   5471.810	   6802.194	  10384.486	      0.001	      0.017	     -0.032	
 2015/12/10	   3.000	   3.020	   2.983	   2.986	         418376	      3.015	      3.029	      3.070	      2.953	           	      0.000	   4183.760	   5753.146	   9032.968	     -0.004	      0.013	     -0.033	
 2015/12/11	   2.981	   2.994	   2.959	   2.968	         584907	      3.000	      3.021	      3.064	      2.955	           	      0.000	   5849.070	   5111.160	   8227.920	     -0.009	      0.008	     -0.035	
 2015/12/14	   2.967	   3.024	   2.931	   3.021	         844300	      2.996	      3.022	      3.060	      2.959	           	      0.000	   8443.000	   6134.880	   7478.145	     -0.009	      0.005	     -0.028	
 2015/12/15	   3.020	   3.020	   2.995	   3.003	         448700	      2.996	      3.023	      3.054	      2.965	           	      0.000	   4487.000	   5686.928	   7019.501	     -0.010	      0.002	     -0.024	
 2015/12/16	   3.005	   3.020	   2.995	   2.995	         528464	      2.995	      3.016	      3.049	      2.968	           	      0.000	   5284.640	   5649.494	   6225.844	     -0.012	     -0.001	     -0.022	
 2015/12/17	   3.011	   3.065	   3.011	   3.049	        1634400	      3.007	      3.011	      3.046	      2.973	           	      0.000	  16344.000	   8081.542	   6917.344	     -0.008	     -0.002	     -0.012	
 2015/12/18	   3.049	   3.073	   3.041	   3.050	        1017648	      3.024	      3.012	      3.043	      2.978	           	      0.000	  10176.480	   8947.024	   7029.092	     -0.006	     -0.003	     -0.005	
 2015/12/21	   3.050	   3.135	   3.041	   3.125	        3239683	      3.044	      3.020	      3.043	      2.984	           	      0.000	  32396.830	  13737.790	   9936.335	      0.003	     -0.002	      0.009	
 2015/12/22	   3.132	   3.143	   3.117	   3.124	        1267273	      3.069	      3.032	      3.044	      2.989	           	      0.000	  12672.730	  15374.937	  10530.932	      0.009	      0.000	      0.017	
 2015/12/23	   3.130	   3.165	   3.124	   3.142	        1815897	      3.098	      3.046	      3.045	      2.996	           	      0.000	  18158.971	  17949.803	  11799.648	      0.015	      0.003	      0.024	
 2015/12/24	   3.143	   3.143	   3.082	   3.111	        1467000	      3.110	      3.059	      3.044	      3.001	           	      0.000	  14670.000	  17615.002	  12848.272	      0.018	      0.006	      0.023	
 2015/12/25	   3.111	   3.120	   3.105	   3.114	         638176	      3.123	      3.073	      3.047	      3.008	           	      0.000	   6381.760	  16856.059	  12901.541	      0.019	      0.009	      0.021	
 2015/12/28	   3.115	   3.155	   3.045	   3.051	        2707534	      3.108	      3.076	      3.049	      3.013	           	      0.000	  27075.340	  15791.760	  14764.775	      0.016	      0.010	      0.011	
 2015/12/29	   3.054	   3.085	   3.043	   3.064	        1172492	      3.096	      3.082	      3.053	      3.019	           	      0.000	  11724.920	  15602.198	  15488.567	      0.013	      0.011	      0.005	
 2015/12/30	   3.074	   3.074	   3.055	   3.065	         436100	      3.081	      3.089	      3.053	      3.025	           	      0.000	   4361.000	  12842.604	  15396.203	      0.012	      0.011	      0.001	
 2015/12/31	   3.080	   3.081	   3.055	   3.068	         581000	      3.072	      3.091	      3.051	      3.030	           	      0.000	   5810.000	  11070.604	  14342.803	      0.010	      0.011	     -0.001	
 2016/01/04	   3.071	   3.076	   2.931	   2.941	        1875900	      3.038	      3.081	      3.046	      3.033	           	      0.000	  18759.000	  13546.052	  15201.055	     -0.001	      0.009	     -0.019	
 2016/01/05	   2.935	   2.935	   2.825	   2.901	        3296300	      3.008	      3.058	      3.039	      3.033	           	      0.000	  32963.000	  14723.584	  15257.672	     -0.013	      0.004	     -0.034	
 2016/01/06	   2.925	   2.944	   2.895	   2.944	        1974915	      2.984	      3.040	      3.036	      3.034	           	      0.000	  19749.150	  16328.430	  15965.314	     -0.019	     -0.000	     -0.037	
 2016/01/07	   2.901	   2.933	   2.778	   2.810	         312501	      2.933	      3.007	      3.027	      3.034	           	      0.000	   3125.010	  16081.232	  14461.918	     -0.034	     -0.007	     -0.053	
 2016/01/08	   2.815	   2.924	   2.775	   2.846	        4618500	      2.888	      2.980	      3.020	      3.033	           	      0.000	  46185.000	  24156.232	  17613.418	     -0.042	     -0.014	     -0.056	
 2016/01/11	   2.835	   2.835	   2.743	   2.752	        2284300	      2.851	      2.944	      3.009	      3.029	           	      0.000	  22843.000	  24973.031	  19259.543	     -0.056	     -0.022	     -0.067	
 2016/01/12	   2.755	   2.783	   2.677	   2.706	        2022300	      2.812	      2.910	      2.993	      3.025	           	      0.000	  20223.000	  22425.031	  18574.309	     -0.070	     -0.032	     -0.076	
 2016/01/13	   2.717	   2.731	   2.685	   2.685	        1236385	      2.760	      2.872	      2.977	      3.020	           	      0.000	  12363.850	  20947.973	  18638.201	     -0.081	     -0.042	     -0.079	
 2016/01/14	   2.663	   2.715	   2.617	   2.711	        1967300	      2.740	      2.836	      2.963	      3.017	           	      0.000	  19673.000	  24257.570	  20169.400	     -0.087	     -0.051	     -0.073	
 2016/01/15	   2.675	   2.705	   2.613	   2.631	        2439200	      2.697	      2.793	      2.942	      3.012	           	      0.000	  24392.000	  19898.971	  22027.602	     -0.098	     -0.060	     -0.075	
 2016/01/18	   2.625	   2.636	   2.590	   2.621	        1521411	      2.671	      2.761	      2.921	      3.006	           	      0.000	  15214.110	  18373.191	  21673.111	     -0.105	     -0.069	     -0.072	
 2016/01/19	   2.627	   2.693	   2.615	   2.692	        1956177	      2.668	      2.740	      2.899	      3.001	           	      0.000	  19561.770	  18240.945	  20332.988	     -0.104	     -0.076	     -0.056	
 2016/01/20	   2.703	   2.703	   2.632	   2.652	        2145301	      2.661	      2.711	      2.875	      2.996	           	      0.000	  21453.010	  20058.777	  20503.375	     -0.106	     -0.082	     -0.047	
 2016/01/21	   2.640	   2.666	   2.590	   2.602	        1237287	      2.640	      2.690	      2.848	      2.989	           	      0.000	  12372.870	  18598.752	  21428.160	     -0.110	     -0.088	     -0.044	
 2016/01/22	   2.600	   2.620	   2.582	   2.615	        1466134	      2.636	      2.667	      2.824	      2.984	           	      0.000	  14661.340	  16652.619	  18275.795	     -0.110	     -0.092	     -0.036	
 2016/01/25	   2.620	   2.636	   2.614	   2.629	         669300	      2.638	      2.654	      2.799	      2.978	           	      0.000	   6693.000	  14948.397	  16660.795	     -0.108	     -0.095	     -0.026	
 2016/01/26	   2.629	   2.629	   2.465	   2.495	        2371284	      2.599	      2.633	      2.772	      2.970	           	      0.000	  23712.840	  15778.612	  17009.779	     -0.117	     -0.100	     -0.034	
 2016/01/27	   2.490	   2.503	   2.415	   2.471	        2218903	      2.562	      2.612	      2.742	      2.963	           	      0.000	  22189.029	  15925.815	  17992.297	     -0.123	     -0.104	     -0.038	
 2016/01/28	   2.470	   2.482	   2.431	   2.440	         814500	      2.530	      2.585	      2.711	      2.954	           	      0.000	   8145.000	  15080.242	  16839.496	     -0.130	     -0.109	     -0.041	
 2016/01/29	   2.442	   2.495	   2.435	   2.485	        1237840	      2.504	      2.570	      2.681	      2.944	           	      0.000	  12378.400	  14623.654	  15638.137	     -0.130	     -0.114	     -0.033	
 2016/02/01	   2.486	   2.492	   2.434	   2.448	        1068000	      2.468	      2.553	      2.657	      2.933	           	      0.000	  10680.000	  15421.054	  15184.726	     -0.131	     -0.117	     -0.028	
 2016/02/02	   2.447	   2.492	   2.447	   2.487	         810001	      2.466	      2.532	      2.636	      2.922	           	      0.000	   8100.010	  12298.488	  14038.550	     -0.128	     -0.119	     -0.017	
 2016/02/03	   2.473	   2.480	   2.453	   2.476	         610600	      2.467	      2.515	      2.613	      2.911	           	      0.000	   6106.000	   9081.882	  12503.849	     -0.125	     -0.120	     -0.008	
 2016/02/04	   2.482	   2.504	   2.482	   2.497	        1470600	      2.479	      2.504	      2.597	      2.900	           	      0.000	  14706.000	  10394.082	  12737.162	     -0.119	     -0.120	      0.002	
 2016/02/05	   2.514	   2.514	   2.487	   2.497	         906800	      2.481	      2.493	      2.580	      2.890	           	      0.000	   9068.000	   9732.002	  12177.828	     -0.113	     -0.119	      0.011	
 2016/02/15	   2.465	   2.492	   2.453	   2.478	         921800	      2.487	      2.477	      2.566	      2.880	           	      0.000	   9218.000	   9439.602	  12430.328	     -0.109	     -0.117	      0.016	
 2016/02/16	   2.494	   2.534	   2.494	   2.534	        1191500	      2.496	      2.481	      2.557	      2.870	           	      0.000	  11915.000	  10202.600	  11250.544	     -0.100	     -0.113	      0.027	
 2016/02/17	   2.529	   2.555	   2.525	   2.553	         880500	      2.512	      2.490	      2.551	      2.861	           	      0.000	   8805.000	  10742.400	   9912.141	     -0.090	     -0.109	      0.037	
 2016/02/18	   2.565	   2.573	   2.555	   2.557	        1093200	      2.524	      2.501	      2.543	      2.852	           	      0.000	  10932.000	   9987.600	  10190.841	     -0.081	     -0.103	      0.044	
 2016/02/19	   2.557	   2.564	   2.545	   2.558	        1210556	      2.536	      2.509	      2.539	      2.842	           	      0.000	  12105.560	  10595.112	  10163.557	     -0.073	     -0.097	      0.048	
 2016/02/22	   2.565	   2.605	   2.565	   2.600	        1478552	      2.560	      2.524	      2.538	      2.834	           	      0.000	  14785.520	  11708.616	  10574.109	     -0.062	     -0.090	      0.055	
 2016/02/23	   2.603	   2.603	   2.565	   2.579	         535676	      2.569	      2.533	      2.533	      2.825	           	      0.000	   5356.760	  10396.968	  10299.784	     -0.055	     -0.083	      0.056	
 2016/02/24	   2.580	   2.598	   2.566	   2.588	         861701	      2.576	      2.544	      2.529	      2.816	           	      0.000	   8617.010	  10359.370	  10550.885	     -0.048	     -0.076	      0.056	
 2016/02/25	   2.583	   2.587	   2.454	   2.496	        1695100	      2.564	      2.544	      2.524	      2.806	           	      0.000	  16951.000	  11563.170	  10775.385	     -0.049	     -0.071	      0.043	
 2016/02/26	   2.499	   2.515	   2.443	   2.490	        2623400	      2.551	      2.543	      2.518	      2.795	           	      0.000	  26234.000	  14388.857	  12491.984	     -0.050	     -0.067	      0.033	
 2016/02/29	   2.490	   2.490	   2.413	   2.450	        2892053	      2.521	      2.540	      2.509	      2.785	           	      0.000	  28920.529	  17215.859	  14462.238	     -0.054	     -0.064	      0.021	
 2016/03/01	   2.466	   2.485	   2.447	   2.472	        1402224	      2.499	      2.534	      2.508	      2.776	           	      0.000	  14022.240	  18948.955	  14672.962	     -0.054	     -0.062	      0.016	
 2016/03/02	   2.483	   2.578	   2.483	   2.577	        2458950	      2.497	      2.537	      2.513	      2.769	           	      0.000	  24589.500	  22143.453	  16251.412	     -0.045	     -0.059	      0.027	
 2016/03/03	   2.594	   2.594	   2.572	   2.576	        1289829	      2.513	      2.539	      2.520	      2.761	           	      0.000	  12898.290	  21332.912	  16448.041	     -0.038	     -0.054	      0.033	
 2016/03/04	   2.584	   2.625	   2.555	   2.605	        2528751	      2.536	      2.543	      2.526	      2.753	           	      0.000	  25287.510	  21143.613	  17766.236	     -0.029	     -0.049	      0.040	
 2016/03/07	   2.624	   2.635	   2.607	   2.617	        1309702	      2.569	      2.545	      2.534	      2.746	           	      0.000	  13097.020	  17978.912	  17597.387	     -0.021	     -0.044	      0.045	
 2016/03/08	   2.616	   2.617	   2.565	   2.611	         852209	      2.597	      2.548	      2.541	      2.739	           	      0.000	   8522.090	  16878.883	  17913.918	     -0.015	     -0.038	      0.046	
 2016/03/09	   2.610	   2.610	   2.565	   2.583	         637881	      2.598	      2.548	      2.546	      2.732	           	      0.000	   6378.810	  13236.744	  17690.100	     -0.013	     -0.033	      0.041	
 2016/03/10	   2.593	   2.614	   2.568	   2.571	         443070	      2.597	      2.555	      2.550	      2.724	           	      0.000	   4430.700	  11543.226	  16438.068	     -0.011	     -0.029	      0.034	
 2016/03/11	   2.570	   2.580	   2.549	   2.573	         672338	      2.591	      2.563	      2.553	      2.718	           	      0.000	   6723.380	   7830.400	  14487.007	     -0.010	     -0.025	      0.030	
 2016/03/14	   2.575	   2.620	   2.574	   2.594	        2310057	      2.586	      2.578	      2.559	      2.711	           	      0.000	  23100.570	   9831.110	  13905.011	     -0.007	     -0.022	      0.028	
 2016/03/15	   2.595	   2.599	   2.569	   2.594	        1302004	      2.583	      2.590	      2.562	      2.704	           	      0.000	  13020.040	  10730.700	  13804.791	     -0.005	     -0.018	      0.026	
 2016/03/16	   2.594	   2.627	   2.594	   2.606	        1295202	      2.588	      2.593	      2.565	      2.698	           	      0.000	  12952.020	  12045.342	  12641.043	     -0.002	     -0.015	      0.025	
 2016/03/17	   2.608	   2.648	   2.606	   2.631	        1063334	      2.600	      2.599	      2.569	      2.691	           	      0.000	  10633.340	  13285.870	  12414.548	      0.002	     -0.012	      0.027	
 2016/03/18	   2.645	   2.670	   2.634	   2.665	         988646	      2.618	      2.605	      2.574	      2.685	           	      0.000	   9886.460	  13918.486	  10874.443	      0.008	     -0.008	      0.031	
 2016/03/21	   2.671	   2.697	   2.671	   2.689	        2296632	      2.637	      2.612	      2.578	      2.679	           	      0.000	  22966.320	  13891.636	  11861.373	      0.014	     -0.003	      0.035	
 2016/03/22	   2.689	   2.689	   2.675	   2.683	         926611	      2.655	      2.619	      2.584	      2.672	           	      0.000	   9266.110	  13140.850	  11935.775	      0.019	      0.001	      0.035	
 2016/03/23	   2.681	   2.691	   2.655	   2.674	        2088570	      2.668	      2.628	      2.588	      2.664	           	      0.000	  20885.699	  14727.586	  13386.464	      0.021	      0.005	      0.032	
 2016/03/24	   2.665	   2.669	   2.643	   2.644	        1839810	      2.671	      2.635	      2.595	      2.656	           	      0.000	  18398.100	  16280.538	  14783.204	      0.021	      0.008	      0.025	
 2016/03/25	   2.644	   2.664	   2.640	   2.647	         559771	      2.667	      2.643	      2.603	      2.648	           	      0.000	   5597.710	  15422.788	  14670.637	      0.020	      0.011	      0.019	
 2016/03/28	   2.648	   2.691	   2.627	   2.648	        1390760	      2.659	      2.648	      2.613	      2.640	           	      0.000	  13907.600	  13611.044	  13751.340	      0.020	      0.012	      0.015	
 2016/03/29	   2.635	   2.643	   2.603	   2.606	         902802	      2.644	      2.649	      2.620	      2.633	           	      0.000	   9028.020	  13563.426	  13352.138	      0.016	      0.013	      0.005	
 2016/03/30	   2.610	   2.671	   2.610	   2.669	        1293620	      2.643	      2.656	      2.624	      2.626	           	      0.000	  12936.200	  11973.525	  13350.556	      0.017	      0.014	      0.007	
 2016/03/31	   2.677	   2.684	   2.655	   2.669	        1679706	      2.648	      2.659	      2.629	      2.620	           	      0.000	  16797.061	  11653.318	  13966.928	      0.019	      0.015	      0.007	
 2016/04/01	   2.670	   2.673	   2.646	   2.673	         725040	      2.653	      2.660	      2.632	      2.613	           	      0.000	   7250.400	  11983.855	  13703.322	      0.020	      0.016	      0.008	
 2016/04/05	   2.673	   2.713	   2.664	   2.712	        2574628	      2.666	      2.662	      2.637	      2.609	           	      0.000	  25746.279	  14351.592	  13981.317	      0.023	      0.017	      0.012	
 2016/04/06	   2.695	   2.713	   2.695	   2.703	         907830	      2.685	      2.664	      2.642	      2.606	           	      0.000	   9078.300	  14361.648	  13962.537	      0.025	      0.019	      0.013	
 2016/04/07	   2.703	   2.714	   2.683	   2.683	         863006	      2.688	      2.665	      2.647	      2.602	           	      0.000	   8630.060	  13500.420	  12736.973	      0.025	      0.020	      0.009	
 2016/04/08	   2.673	   2.675	   2.663	   2.674	         795027	      2.689	      2.668	      2.652	      2.599	           	      0.000	   7950.270	  11731.062	  11692.189	      0.023	      0.021	      0.005	
 2016/04/11	   2.673	   2.711	   2.673	   2.701	        1851288	      2.695	      2.674	      2.658	      2.597	           	      0.000	  18512.881	  13983.558	  12983.707	      0.024	      0.021	      0.006	
 2016/04/12	   2.701	   2.701	   2.683	   2.690	         875241	      2.690	      2.678	      2.663	      2.596	           	      0.000	   8752.410	  10584.784	  12468.188	      0.024	      0.022	      0.004	
 2016/04/13	   2.696	   2.747	   2.665	   2.732	        2967481	      2.696	      2.691	      2.670	      2.596	           	      0.000	  29674.811	  14704.086	  14532.867	      0.027	      0.023	      0.007	
 2016/04/14	   2.736	   2.745	   2.720	   2.735	        1245254	      2.706	      2.697	      2.676	      2.597	           	      0.000	  12452.540	  15468.582	  14484.501	      0.029	      0.024	      0.009	
 2016/04/15	   2.744	   2.744	   2.724	   2.733	         971890	      2.718	      2.704	      2.681	      2.598	           	      0.000	   9718.900	  15822.309	  13776.686	      0.030	      0.025	      0.009	
 2016/04/18	   2.730	   2.730	   2.700	   2.716	         616585	      2.721	      2.708	      2.684	      2.599	           	      0.000	   6165.850	  13352.902	  13668.230	      0.029	      0.026	      0.006	
 2016/04/19	   2.718	   2.728	   2.698	   2.711	         970410	      2.725	      2.708	      2.685	      2.601	           	      0.000	   9704.100	  13543.240	  12064.012	      0.028	      0.026	      0.003	
 2016/04/20	   2.715	   2.866	   2.626	   2.674	        3857207	      2.714	      2.705	      2.685	      2.600	           	      0.000	  38572.070	  15322.692	  15013.389	      0.023	      0.026	     -0.005	
 2016/04/21	   2.673	   2.697	   2.648	   2.682	        2259290	      2.703	      2.705	      2.685	      2.601	           	      0.000	  22592.900	  17350.764	  16409.674	      0.020	      0.025	     -0.009	
 2016/04/22	   2.681	   2.681	   2.656	   2.681	         955196	      2.693	      2.706	      2.687	      2.602	           	      0.000	   9551.960	  17317.377	  16569.842	      0.018	      0.023	     -0.011	
 2016/04/25	   2.681	   2.681	   2.650	   2.665	         398176	      2.683	      2.702	      2.688	      2.603	           	      0.000	   3981.760	  16880.559	  15116.730	      0.014	      0.021	     -0.015	
 2016/04/26	   2.674	   2.685	   2.665	   2.677	         826564	      2.676	      2.701	      2.689	      2.604	           	      0.000	   8265.640	  16592.865	  15068.053	      0.012	      0.019	     -0.015	
 2016/04/27	   2.691	   2.691	   2.677	   2.681	        1162634	      2.677	      2.695	      2.693	      2.607	           	      0.000	  11626.340	  11203.720	  13263.206	      0.011	      0.018	     -0.014	
 2016/04/28	   2.685	   2.694	   2.655	   2.675	         733900	      2.676	      2.690	      2.693	      2.610	           	      0.000	   7339.000	   8152.940	  12751.852	      0.009	      0.016	     -0.014	
 2016/04/29	   2.676	   2.676	   2.665	   2.671	        1073000	      2.674	      2.683	      2.693	      2.614	           	      0.000	  10730.000	   8388.548	  12852.962	      0.007	      0.014	     -0.014	
 2016/05/03	   2.683	   2.700	   2.660	   2.697	        1530040	      2.680	      2.681	      2.695	      2.618	           	      0.000	  15300.400	  10652.276	  13766.417	      0.008	      0.013	     -0.010	
 2016/05/04	   2.697	   2.697	   2.676	   2.689	         635500	      2.683	      2.679	      2.694	      2.622	           	      0.000	   6355.000	  10270.148	  13431.507	      0.008	      0.012	     -0.009	
 2016/05/05	   2.688	   2.688	   2.669	   2.680	         422500	      2.682	      2.680	      2.692	      2.625	           	      0.000	   4225.000	   8789.880	   9996.800	      0.007	      0.011	     -0.008	
 2016/05/06	   2.680	   2.683	   2.626	   2.639	        1509411	      2.675	      2.675	      2.690	      2.628	           	      0.000	  15094.110	  10340.902	   9246.921	      0.002	      0.009	     -0.013	
 2016/05/09	   2.644	   2.644	   2.556	   2.569	        2699000	      2.655	      2.664	      2.685	      2.629	           	      0.000	  26990.000	  13592.902	  10990.725	     -0.006	      0.006	     -0.025	
 2016/05/10	   2.567	   2.595	   2.555	   2.560	        1144000	      2.627	      2.654	      2.678	      2.630	           	      0.000	  11440.000	  12820.822	  11736.549	     -0.014	      0.002	     -0.032	
 2016/05/11	   2.567	   2.573	   2.553	   2.561	         963969	      2.602	      2.642	      2.671	      2.631	           	      0.000	   9639.690	  13477.760	  11873.954	     -0.020	     -0.002	     -0.035	
 2016/05/12	   2.561	   2.582	   2.539	   2.570	         819485	      2.580	      2.631	      2.663	      2.632	           	      0.000	   8194.850	  14271.730	  11530.805	     -0.023	     -0.007	     -0.033	
 2016/05/13	   2.562	   2.581	   2.562	   2.571	         820100	      2.566	      2.621	      2.655	      2.632	           	      0.000	   8201.000	  12893.108	  11617.005	     -0.026	     -0.010	     -0.031	
 2016/05/16	   2.567	   2.581	   2.562	   2.581	        1111591	      2.569	      2.612	      2.648	      2.633	           	      0.000	  11115.910	   9718.290	  11655.596	     -0.026	     -0.014	     -0.026	
 2016/05/17	   2.582	   2.589	   2.574	   2.583	         807100	      2.573	      2.600	      2.641	      2.633	           	      0.000	   8071.000	   9044.490	  10932.656	     -0.027	     -0.016	     -0.021	
 2016/05/18	   2.582	   2.582	   2.542	   2.565	        1839900	      2.574	      2.588	      2.634	      2.632	           	      0.000	  18399.000	  10796.352	  12137.056	     -0.028	     -0.018	     -0.019	
 2016/05/19	   2.562	   2.573	   2.549	   2.557	         455900	      2.571	      2.576	      2.628	      2.632	           	      0.000	   4559.000	  10069.182	  12170.456	     -0.029	     -0.021	     -0.017	
 2016/05/20	   2.555	   2.564	   2.552	   2.559	         426660	      2.569	      2.568	      2.622	      2.632	           	      0.000	   4266.600	   9282.302	  11087.705	     -0.030	     -0.022	     -0.014	
 2016/05/23	   2.571	   2.585	   2.565	   2.570	         499500	      2.567	      2.568	      2.616	      2.633	           	      0.000	   4995.000	   8058.120	   8888.205	     -0.029	     -0.024	     -0.010	
 2016/05/24	   2.572	   2.572	   2.555	   2.564	         446800	      2.563	      2.568	      2.611	      2.634	           	      0.000	   4468.000	   7337.520	   8191.005	     -0.028	     -0.025	     -0.007	
 2016/05/25	   2.572	   2.575	   2.562	   2.562	         473290	      2.562	      2.568	      2.605	      2.636	           	      0.000	   4732.900	   4604.300	   7700.326	     -0.028	     -0.025	     -0.005	
 2016/05/26	   2.569	   2.569	   2.547	   2.562	        1039800	      2.563	      2.567	      2.599	      2.637	           	      0.000	  10398.000	   5772.100	   7920.641	     -0.027	     -0.026	     -0.003	
 2016/05/27	   2.562	   2.574	   2.481	   2.567	         358610	      2.565	      2.567	      2.594	      2.637	           	      0.000	   3586.100	   5636.000	   7459.151	     -0.026	     -0.026	     -0.000	
 2016/05/30	   2.562	   2.585	   2.556	   2.576	         893110	      2.566	      2.566	      2.589	      2.637	           	      0.000	   8931.100	   6423.220	   7240.670	     -0.024	     -0.025	      0.003	
 2016/05/31	   2.576	   2.645	   2.576	   2.642	        2061796	      2.582	      2.572	      2.586	      2.638	           	      0.000	  20617.961	   9653.212	   8495.366	     -0.017	     -0.024	      0.014	
 2016/06/01	   2.648	   2.648	   2.611	   2.636	         997235	      2.597	      2.579	      2.584	      2.638	           	      0.000	   9972.350	  10701.102	   7652.701	     -0.011	     -0.021	      0.019	
 2016/06/02	   2.642	   2.642	   2.627	   2.636	         462630	      2.611	      2.587	      2.582	      2.639	           	      0.000	   4626.300	   9546.762	   7659.431	     -0.007	     -0.018	      0.022	
 2016/06/03	   2.636	   2.644	   2.630	   2.640	         498740	      2.626	      2.595	      2.582	      2.639	           	      0.000	   4987.400	   9827.021	   7731.511	     -0.003	     -0.015	      0.024	
 2016/06/06	   2.646	   2.646	   2.637	   2.641	         463097	      2.639	      2.603	      2.585	      2.641	           	      0.000	   4630.970	   8966.996	   7695.108	     -0.000	     -0.012	      0.024	
 2016/06/07	   2.646	   2.647	   2.635	   2.641	         426900	      2.639	      2.610	      2.589	      2.642	           	      0.000	   4269.000	   5697.204	   7675.208	      0.002	     -0.009	      0.023	
 2016/06/08	   2.646	   2.646	   2.627	   2.629	        1178606	      2.637	      2.617	      2.593	      2.642	           	      0.000	  11786.060	   6059.946	   8380.524	      0.003	     -0.007	      0.020	
 2016/06/13	   2.629	   2.629	   2.575	   2.577	        1116100	      2.626	      2.618	      2.593	      2.642	           	      0.000	  11161.000	   7366.886	   8456.824	     -0.001	     -0.006	      0.010	
 2016/06/14	   2.579	   2.591	   2.565	   2.583	         593600	      2.614	      2.620	      2.594	      2.642	           	      0.000	   5936.000	   7556.606	   8691.814	     -0.003	     -0.005	      0.005	
 2016/06/15	   2.582	   2.605	   2.575	   2.603	         810800	      2.607	      2.623	      2.595	      2.641	           	      0.000	   8108.000	   8252.012	   8609.504	     -0.003	     -0.005	      0.004	
 2016/06/16	   2.603	   2.604	   2.585	   2.586	        1128700	      2.596	      2.617	      2.595	      2.640	           	      0.000	  11287.000	   9655.612	   7676.408	     -0.004	     -0.005	      0.001	
 2016/06/17	   2.586	   2.610	   2.586	   2.599	         791816	      2.590	      2.613	      2.596	      2.638	           	      0.000	   7918.160	   8882.032	   7470.989	     -0.004	     -0.005	      0.000	
 2016/06/20	   2.609	   2.613	   2.595	   2.605	         693864	      2.595	      2.610	      2.599	      2.637	           	      0.000	   6938.640	   8037.560	   7702.223	     -0.004	     -0.004	      0.001	
 2016/06/21	   2.606	   2.621	   2.604	   2.605	        1638146	      2.600	      2.607	      2.601	      2.636	           	      0.000	  16381.460	  10126.652	   8841.629	     -0.003	     -0.004	      0.002	
 2016/06/22	   2.615	   2.644	   2.604	   2.635	        1306446	      2.606	      2.606	      2.604	      2.636	           	      0.000	  13064.460	  11117.944	   9684.978	     -0.001	     -0.003	      0.006	
 2016/06/23	   2.629	   2.629	   2.612	   2.613	         776840	      2.611	      2.603	      2.607	      2.635	           	      0.000	   7768.400	  10414.224	  10034.918	     -0.000	     -0.003	      0.005	
 2016/06/24	   2.615	   2.621	   2.578	   2.592	        1389640	      2.610	      2.600	      2.608	      2.634	           	      0.000	  13896.400	  11609.872	  10245.952	     -0.002	     -0.003	      0.002	
 2016/06/27	   2.583	   2.615	   2.555	   2.613	        1979065	      2.612	      2.603	      2.611	      2.634	           	      0.000	  19790.650	  14180.274	  11108.917	     -0.001	     -0.002	      0.003	
 2016/06/28	   2.608	   2.612	   2.594	   2.609	        1265975	      2.612	      2.606	      2.613	      2.633	           	      0.000	  12659.750	  13435.932	  11781.292	     -0.001	     -0.002	      0.002	
 2016/06/29	   2.615	   2.625	   2.615	   2.623	         754391	      2.610	      2.608	      2.615	      2.633	           	      0.000	   7543.910	  12331.822	  11724.883	      0.001	     -0.001	      0.004	
 2016/06/30	   2.625	   2.643	   2.623	   2.631	         889817	      2.614	      2.612	      2.615	      2.632	           	      0.000	   8898.170	  12557.776	  11486.000	      0.002	     -0.001	      0.006	
 2016/07/01	   2.635	   2.646	   2.631	   2.637	         994572	      2.623	      2.616	      2.615	      2.631	           	      0.000	   9945.720	  11767.640	  11688.756	      0.004	      0.000	      0.007	
 2016/07/04	   2.640	   2.685	   2.637	   2.676	        1907121	      2.635	      2.623	      2.617	      2.630	           	      0.000	  19071.211	  11623.752	  12902.013	      0.008	      0.002	      0.013	
 2016/07/05	   2.676	   2.693	   2.675	   2.689	        1222331	      2.651	      2.632	      2.619	      2.630	           	      0.000	  12223.310	  11536.464	  12486.198	      0.013	      0.004	      0.017	
 2016/07/06	   2.687	   2.687	   2.673	   2.681	         804399	      2.663	      2.636	      2.621	      2.630	           	      0.000	   8043.990	  11636.480	  11984.151	      0.015	      0.006	      0.018	
 2016/07/07	   2.682	   2.685	   2.674	   2.683	         535604	      2.673	      2.643	      2.623	      2.630	           	      0.000	   5356.040	  10928.054	  11742.915	      0.018	      0.009	      0.018	
 2016/07/08	   2.677	   2.683	   2.672	   2.673	         773710	      2.680	      2.651	      2.626	      2.630	           	      0.000	   7737.100	  10486.330	  11126.985	      0.018	      0.010	      0.015	
 2016/07/11	   2.673	   2.695	   2.673	   2.683	        1420350	      2.682	      2.658	      2.631	      2.629	           	      0.000	  14203.500	   9512.788	  10568.271	      0.019	      0.012	      0.014	
 2016/07/12	   2.690	   2.743	   2.673	   2.741	        2004461	      2.692	      2.672	      2.639	      2.629	           	      0.000	  20044.609	  11077.048	  11306.756	      0.024	      0.015	      0.020	
 2016/07/13	   2.741	   2.772	   2.741	   2.756	        1070861	      2.707	      2.685	      2.647	      2.630	           	      0.000	  10708.610	  11609.972	  11623.226	      0.030	      0.018	      0.024	
 2016/07/14	   2.756	   2.760	   2.743	   2.748	         729761	      2.720	      2.697	      2.655	      2.630	           	      0.000	   7297.610	  11998.286	  11463.170	      0.032	      0.021	      0.024	
 2016/07/15	   2.747	   2.765	   2.747	   2.755	        1287352	      2.737	      2.708	      2.662	      2.631	           	      0.000	  12873.520	  13025.570	  11755.950	      0.035	      0.024	      0.023	
 2016/07/18	   2.754	   2.768	   2.749	   2.764	        1098232	      2.753	      2.717	      2.670	      2.632	           	      0.000	  10982.320	  12381.334	  10947.061	      0.037	      0.026	      0.022	
 2016/07/19	   2.764	   2.764	   2.741	   2.750	        1447549	      2.755	      2.723	      2.678	      2.633	           	      0.000	  14475.490	  11267.510	  11172.279	      0.038	      0.029	      0.018	
 2016/07/20	   2.750	   2.758	   2.745	   2.751	         623359	      2.754	      2.730	      2.683	      2.635	           	      0.000	   6233.590	  10372.506	  10991.239	      0.037	      0.030	      0.014	
 2016/07/21	   2.751	   2.773	   2.751	   2.768	         754600	      2.758	      2.739	      2.691	      2.636	           	      0.000	   7546.000	  10422.184	  11210.235	      0.038	      0.032	      0.013	
 2016/07/22	   2.767	   2.768	   2.744	   2.751	         934400	      2.757	      2.747	      2.699	      2.638	           	      0.000	   9344.000	   9716.280	  11370.925	      0.037	      0.033	      0.008	
 2016/07/25	   2.758	   2.760	   2.741	   2.756	         603806	      2.755	      2.754	      2.706	      2.639	           	      0.000	   6038.060	   8727.428	  10554.381	      0.036	      0.034	      0.005	
 2016/07/26	   2.755	   2.785	   2.754	   2.785	        1402280	      2.762	      2.758	      2.715	      2.641	           	      0.000	  14022.800	   8636.890	   9952.200	      0.037	      0.034	      0.006	
 2016/07/27	   2.789	   2.800	   2.735	   2.763	        2226468	      2.765	      2.759	      2.722	      2.642	           	      0.000	  22264.680	  11843.107	  11107.807	      0.036	      0.035	      0.003	
 2016/07/28	   2.755	   2.793	   2.747	   2.781	        1297534	      2.767	      2.762	      2.730	      2.644	           	      0.000	  12975.340	  12928.976	  11675.580	      0.036	      0.035	      0.002	
 2016/07/29	   2.784	   2.800	   2.780	   2.790	        1130100	      2.775	      2.766	      2.737	      2.645	           	      0.000	  11301.000	  13320.376	  11518.328	      0.036	      0.035	      0.002	
 2016/08/01	   2.795	   2.795	   2.757	   2.774	        1816320	      2.779	      2.767	      2.742	      2.647	           	      0.000	  18163.199	  15745.403	  12236.416	      0.035	      0.035	     -0.000	
 2016/08/02	   2.783	   2.783	   2.758	   2.776	        1111400	      2.777	      2.770	      2.746	      2.649	           	      0.000	  11114.000	  15163.644	  11900.267	      0.034	      0.035	     -0.002	
 2016/08/03	   2.776	   2.779	   2.764	   2.773	         634685	      2.779	      2.772	      2.751	      2.653	           	      0.000	   6346.850	  11980.078	  11911.593	      0.032	      0.034	     -0.005	
 2016/08/04	   2.774	   2.779	   2.765	   2.773	         707600	      2.777	      2.772	      2.756	      2.656	           	      0.000	   7076.000	  10800.210	  11864.593	      0.030	      0.033	     -0.006	
 2016/08/05	   2.773	   2.789	   2.773	   2.785	         776753	      2.776	      2.776	      2.761	      2.660	           	      0.000	   7767.530	  10093.516	  11706.946	      0.030	      0.033	     -0.006	
 2016/08/08	   2.785	   2.797	   2.770	   2.797	        1004700	      2.781	      2.780	      2.767	      2.664	           	      0.000	  10047.000	   8470.276	  12107.840	      0.030	      0.032	     -0.005	
 2016/08/09	   2.797	   2.823	   2.797	   2.822	        1232214	      2.790	      2.783	      2.771	      2.668	           	      0.000	  12322.140	   8711.904	  11937.773	      0.031	      0.032	     -0.001	
 2016/08/10	   2.822	   2.843	   2.815	   2.819	        2346800	      2.799	      2.789	      2.774	      2.672	           	      0.000	  23468.000	  12136.134	  12058.105	      0.032	      0.032	      0.000	
 2016/08/11	   2.820	   2.846	   2.810	   2.810	        4570430	      2.807	      2.792	      2.777	      2.676	           	      0.000	  45704.301	  19861.795	  15331.002	      0.032	      0.032	     -0.001	
 2016/08/12	   2.810	   2.869	   2.810	   2.863	        3927517	      2.822	      2.799	      2.783	      2.680	           	      0.000	  39275.172	  26163.322	  18128.420	      0.035	      0.033	      0.005	
 2016/08/15	   2.868	   2.944	   2.868	   2.922	        9632444	      2.847	      2.814	      2.790	      2.687	           	      0.000	  96324.438	  43418.809	  25944.543	      0.042	      0.034	      0.015	
 2016/08/16	   2.925	   2.940	   2.893	   2.898	        7796948	      2.862	      2.826	      2.798	      2.692	           	      0.000	  77969.477	  56548.277	  32630.090	      0.045	      0.037	      0.017	
 2016/08/17	   2.900	   2.920	   2.893	   2.909	        2011553	      2.880	      2.840	      2.806	      2.698	           	      0.000	  20115.529	  55877.781	  34006.957	      0.048	      0.039	      0.018	
 2016/08/18	   2.909	   2.920	   2.894	   2.896	        2050654	      2.898	      2.852	      2.812	      2.703	           	      0.000	  20506.539	  50838.230	  35350.012	      0.049	      0.041	      0.016	
 2016/08/19	   2.896	   2.910	   2.885	   2.906	        1721318	      2.906	      2.864	      2.820	      2.709	           	      0.000	  17213.180	  46425.832	  36294.578	      0.049	      0.043	      0.014	
 2016/08/22	   2.908	   2.909	   2.885	   2.894	         932508	      2.901	      2.874	      2.827	      2.715	           	      0.000	   9325.080	  29025.961	  36222.387	      0.048	      0.044	      0.009	
 2016/08/23	   2.894	   2.900	   2.883	   2.891	        1023163	      2.899	      2.881	      2.832	      2.720	           	      0.000	  10231.630	  15478.392	  36013.336	      0.047	      0.044	      0.005	
 2016/08/24	   2.898	   2.903	   2.878	   2.884	        2045852	      2.894	      2.887	      2.838	      2.725	           	      0.000	  20458.520	  15546.989	  35712.387	      0.045	      0.044	      0.000	
 2016/08/25	   2.882	   2.884	   2.855	   2.871	        1388992	      2.889	      2.893	      2.843	      2.729	           	      0.000	  13889.920	  14223.666	  32530.949	      0.041	      0.044	     -0.005	
 2016/08/26	   2.873	   2.884	   2.861	   2.868	         774861	      2.882	      2.894	      2.847	      2.733	           	      0.000	   7748.610	  12330.752	  29378.293	      0.038	      0.043	     -0.009	
 2016/08/29	   2.868	   2.874	   2.857	   2.872	         428111	      2.877	      2.889	      2.851	      2.737	           	      0.000	   4281.110	  11321.958	  20173.959	      0.035	      0.041	     -0.012	
 2016/08/30	   2.871	   2.884	   2.865	   2.869	        1386753	      2.873	      2.886	      2.856	      2.741	           	      0.000	  13867.530	  12049.138	  13763.765	      0.032	      0.039	     -0.014	
 2016/08/31	   2.870	   2.889	   2.867	   2.882	        1075200	      2.872	      2.883	      2.862	      2.745	           	      0.000	  10752.000	  10107.834	  12827.412	      0.031	      0.038	     -0.014	
 2016/09/01	   2.887	   2.887	   2.866	   2.867	        1653335	      2.872	      2.880	      2.866	      2.748	           	      0.000	  16533.350	  10636.520	  12430.093	      0.028	      0.036	     -0.015	
 2016/09/02	   2.869	   2.878	   2.856	   2.874	         769135	      2.873	      2.877	      2.871	      2.753	           	      0.000	   7691.350	  10625.068	  11477.910	      0.026	      0.034	     -0.015	
 2016/09/05	   2.874	   2.890	   2.874	   2.887	        3974033	      2.876	      2.877	      2.875	      2.758	           	      0.000	  39740.328	  17716.912	  14519.435	      0.025	      0.032	     -0.013	
 2016/09/06	   2.888	   2.897	   2.880	   2.896	        1860700	      2.881	      2.877	      2.879	      2.763	           	      0.000	  18607.000	  18664.805	  15356.972	      0.025	      0.031	     -0.011	
 2016/09/07	   2.896	   2.915	   2.896	   2.903	        1991406	      2.885	      2.879	      2.883	      2.768	           	      0.000	  19914.061	  20497.217	  15302.525	      0.025	      0.030	     -0.009	
 2016/09/08	   2.903	   2.910	   2.894	   2.902	        1693300	      2.892	      2.882	      2.888	      2.773	           	      0.000	  16933.000	  20577.148	  15606.834	      0.025	      0.029	     -0.007	
 2016/09/09	   2.902	   2.910	   2.894	   2.895	        2087700	      2.897	      2.885	      2.889	      2.778	           	      0.000	  20877.000	  23214.277	  16919.672	      0.024	      0.028	     -0.007	
 2016/09/12	   2.890	   2.890	   2.824	   2.834	        4314201	      2.886	      2.881	      2.885	      2.782	           	      0.000	  43142.012	  23894.615	  20805.764	      0.018	      0.026	     -0.016	
 2016/09/13	   2.839	   2.867	   2.825	   2.833	        2286982	      2.873	      2.877	      2.882	      2.786	           	      0.000	  22869.820	  24747.178	  21705.992	      0.013	      0.023	     -0.020	
 2016/09/14	   2.832	   2.832	   2.817	   2.822	        1700642	      2.857	      2.871	      2.877	      2.789	           	      0.000	  17006.420	  24165.650	  22331.434	      0.008	      0.020	     -0.024	
 2016/09/19	   2.825	   2.841	   2.825	   2.836	        1431300	      2.844	      2.868	      2.874	      2.793	           	      0.000	  14313.000	  23641.650	  22109.398	      0.006	      0.017	     -0.024	
 2016/09/20	   2.837	   2.840	   2.825	   2.838	        1298634	      2.833	      2.865	      2.871	      2.797	           	      0.000	  12986.340	  22063.518	  22638.898	      0.003	      0.015	     -0.022	
 2016/09/21	   2.838	   2.847	   2.838	   2.844	        1648274	      2.835	      2.860	      2.868	      2.800	           	      0.000	  16482.740	  16731.664	  20313.139	      0.002	      0.012	     -0.020	
 2016/09/22	   2.852	   2.875	   2.851	   2.865	        1504775	      2.841	      2.857	      2.867	      2.805	           	      0.000	  15047.750	  15167.250	  19957.215	      0.003	      0.010	     -0.015	
 2016/09/23	   2.871	   2.875	   2.848	   2.856	         743900	      2.848	      2.852	      2.866	      2.809	           	      0.000	   7439.000	  13253.766	  18709.709	      0.003	      0.009	     -0.012	
 2016/09/26	   2.848	   2.851	   2.819	   2.822	        1294000	      2.845	      2.845	      2.863	      2.812	           	      0.000	  12940.000	  12979.166	  18310.408	     -0.000	      0.007	     -0.014	
 2016/09/27	   2.817	   2.824	   2.804	   2.819	        1967200	      2.841	      2.837	      2.861	      2.815	           	      0.000	  19672.000	  14316.298	  18189.908	     -0.003	      0.005	     -0.016	
 2016/09/28	   2.828	   2.828	   2.813	   2.816	         712400	      2.836	      2.835	      2.858	      2.817	           	      0.000	   7124.000	  12444.550	  14588.107	     -0.005	      0.003	     -0.016	
 2016/09/29	   2.818	   2.832	   2.818	   2.826	         816061	      2.828	      2.834	      2.856	      2.819	           	      0.000	   8160.610	  11067.122	  13117.186	     -0.006	      0.001	     -0.014	
 2016/09/30	   2.825	   2.835	   2.823	   2.835	        1023832	      2.824	      2.836	      2.854	      2.822	           	      0.000	  10238.320	  11626.986	  12440.376	     -0.006	     -0.000	     -0.011	
 2016/10/10	   2.835	   2.875	   2.835	   2.865	        2407090	      2.832	      2.839	      2.853	      2.825	           	      0.000	  24070.900	  13853.166	  13416.166	     -0.003	     -0.001	     -0.005	
 2016/10/11	   2.866	   2.872	   2.861	   2.869	        1486101	      2.842	      2.842	      2.853	      2.828	           	      0.000	  14861.010	  12890.968	  13603.633	     -0.001	     -0.001	     -0.000	
 2016/10/12	   2.868	   2.868	   2.858	   2.862	         871028	      2.851	      2.843	      2.852	      2.831	           	      0.000	   8710.280	  13208.225	  12826.387	      0.001	     -0.000	      0.002	
 2016/10/13	   2.862	   2.875	   2.861	   2.874	        1203959	      2.861	      2.844	      2.851	      2.834	           	      0.000	  12039.590	  13984.021	  12525.571	      0.002	      0.000	      0.005	
 2016/10/14	   2.874	   2.875	   2.861	   2.874	        1148994	      2.869	      2.846	      2.849	      2.836	           	      0.000	  11489.940	  14234.344	  12930.665	      0.004	      0.001	      0.006	
 2016/10/17	   2.884	   2.884	   2.855	   2.859	        1826015	      2.868	      2.850	      2.847	      2.837	           	      0.000	  18260.150	  13072.194	  13462.680	      0.004	      0.002	      0.005	
 2016/10/18	   2.859	   2.891	   2.857	   2.890	        1939606	      2.872	      2.857	      2.847	      2.840	           	      0.000	  19396.061	  13979.204	  13435.086	      0.006	      0.002	      0.008	
 2016/10/19	   2.890	   2.905	   2.888	   2.891	        1252506	      2.878	      2.865	      2.850	      2.842	           	      0.000	  12525.060	  14742.160	  13975.192	      0.008	      0.004	      0.009	
 2016/10/20	   2.890	   2.895	   2.885	   2.890	        1738700	      2.881	      2.871	      2.853	      2.844	           	      0.000	  17387.000	  15811.643	  14897.831	      0.009	      0.005	      0.009	
 2016/10/21	   2.893	   2.913	   2.890	   2.908	        2140097	      2.888	      2.878	      2.857	      2.847	           	      0.000	  21400.971	  17793.848	  16014.096	      0.012	      0.006	      0.011	
 2016/10/24	   2.908	   2.951	   2.908	   2.944	        3335620	      2.905	      2.886	      2.862	      2.850	           	      0.000	  33356.199	  20813.059	  16942.627	      0.016	      0.008	      0.016	
 2016/10/25	   2.944	   2.947	   2.935	   2.944	        1757476	      2.915	      2.894	      2.868	      2.853	           	      0.000	  17574.760	  20448.797	  17214.002	      0.020	      0.011	      0.018	
 2016/10/26	   2.941	   2.944	   2.920	   2.923	        3827174	      2.922	      2.900	      2.872	      2.856	           	      0.000	  38271.738	  25598.133	  20170.146	      0.021	      0.013	      0.016	
 2016/10/27	   2.925	   2.926	   2.911	   2.923	        2007192	      2.928	      2.905	      2.875	      2.858	           	      0.000	  20071.920	  26135.117	  20973.379	      0.021	      0.014	      0.013	
 2016/10/28	   2.923	   2.932	   2.910	   2.915	        1877749	      2.930	      2.909	      2.877	      2.860	           	      0.000	  18777.490	  25610.422	  21702.135	      0.020	      0.015	      0.010	
 2016/10/31	   2.922	   2.922	   2.899	   2.909	        1449158	      2.923	      2.914	      2.882	      2.863	           	      0.000	  14491.580	  21837.498	  21325.277	      0.019	      0.016	      0.006	
 2016/11/01	   2.910	   2.923	   2.907	   2.922	        1307600	      2.918	      2.917	      2.887	      2.865	           	      0.000	  13076.000	  20937.746	  20693.271	      0.019	      0.017	      0.005	
 2016/11/02	   2.923	   2.923	   2.899	   2.904	        6282483	      2.915	      2.918	      2.891	      2.867	           	      0.000	  62824.828	  25848.363	  25723.248	      0.017	      0.017	      0.001	
 2016/11/03	   2.900	   2.927	   2.895	   2.921	        3045117	      2.914	      2.921	      2.896	      2.869	           	      0.000	  30451.170	  27924.213	  27029.666	      0.017	      0.017	      0.000	
 2016/11/04	   2.921	   2.934	   2.915	   2.918	        4661666	      2.915	      2.922	      2.900	      2.872	           	      0.000	  46616.660	  33492.047	  29551.234	      0.017	      0.017	     -0.001	
 2016/11/07	   2.917	   2.943	   2.915	   2.930	        6594650	      2.919	      2.921	      2.904	      2.874	           	      0.000	  65946.500	  43783.031	  32810.266	      0.017	      0.017	     -0.000	
 2016/11/08	   2.941	   2.950	   2.930	   2.942	        5301006	      2.923	      2.921	      2.907	      2.877	           	      0.000	  53010.059	  51769.844	  36353.793	      0.018	      0.017	      0.002	
 2016/11/09	   2.942	   2.942	   2.903	   2.923	       11169203	      2.927	      2.921	      2.910	      2.879	           	      0.000	 111692.031	  61543.285	  43695.824	      0.017	      0.017	     -0.000	
 2016/11/10	   2.926	   2.961	   2.926	   2.956	        2571511	      2.934	      2.924	      2.914	      2.881	           	      0.000	  25715.109	  60596.070	  44260.145	      0.019	      0.017	      0.003	
 2016/11/11	   2.960	   2.978	   2.954	   2.973	        3308898	      2.945	      2.930	      2.919	      2.884	           	      0.000	  33088.980	  57890.535	  45691.293	      0.021	      0.018	      0.006	
 2016/11/14	   2.972	   2.993	   2.965	   2.979	        3435100	      2.955	      2.937	      2.925	      2.887	           	      0.000	  34351.000	  51571.438	  47677.234	      0.023	      0.019	      0.008	
 2016/11/15	   2.979	   2.980	   2.965	   2.970	        1375559	      2.960	      2.942	      2.929	      2.888	           	      0.000	  13755.590	  43720.543	  47745.191	      0.024	      0.020	      0.008	
 2016/11/16	   2.971	   2.979	   2.966	   2.976	        1966626	      2.971	      2.949	      2.934	      2.889	           	      0.000	  19666.260	  25315.389	  43429.336	      0.025	      0.021	      0.007	
 2016/11/17	   2.975	   2.983	   2.964	   2.980	        1679074	      2.976	      2.955	      2.938	      2.891	           	      0.000	  16790.740	  23530.514	  42063.293	      0.025	      0.022	      0.007	
 2016/11/18	   2.979	   2.991	   2.970	   2.972	        1423506	      2.975	      2.960	      2.941	      2.892	           	      0.000	  14235.060	  19759.730	  38825.133	      0.025	      0.023	      0.005	
 2016/11/21	   2.974	   3.014	   2.972	   2.997	        2815439	      2.979	      2.967	      2.944	      2.894	           	      0.000	  28154.391	  18520.408	  35045.922	      0.026	      0.023	      0.006	
 2016/11/22	   3.001	   3.026	   2.997	   3.024	        2538541	      2.990	      2.975	      2.948	      2.895	           	      0.000	  25385.410	  20846.371	  32283.457	      0.029	      0.025	      0.010	
 2016/11/23	   3.024	   3.049	   3.020	   3.029	        3289785	      3.000	      2.986	      2.953	      2.898	           	      0.000	  32897.852	  23492.691	  24404.039	      0.032	      0.026	      0.011	
 2016/11/24	   3.030	   3.049	   3.024	   3.035	        1863225	      3.011	      2.993	      2.959	      2.900	           	      0.000	  18632.250	  23860.992	  23695.754	      0.034	      0.027	      0.012	
 2016/11/25	   3.036	   3.066	   3.026	   3.065	        3493070	      3.030	      3.003	      2.966	      2.903	           	      0.000	  34930.699	  28000.121	  23879.926	      0.037	      0.029	      0.016	
 2016/11/28	   3.068	   3.107	   3.068	   3.085	        5315701	      3.048	      3.013	      2.975	      2.907	           	      0.000	  53157.012	  33000.645	  25760.525	      0.041	      0.032	      0.019	
 2016/11/29	   3.089	   3.131	   3.074	   3.097	        6353093	      3.062	      3.026	      2.984	      2.911	           	      0.000	  63530.930	  40629.750	  30738.061	      0.045	      0.034	      0.021	
 2016/11/30	   3.097	   3.097	   3.055	   3.061	        4276600	      3.069	      3.035	      2.992	      2.914	           	      0.000	  42766.000	  42603.379	  33048.035	      0.044	      0.036	      0.016	
 2016/12/01	   3.061	   3.096	   3.061	   3.093	        5797901	      3.080	      3.046	      3.000	      2.917	           	      0.000	  57979.012	  50472.730	  37166.863	      0.046	      0.038	      0.015	
 2016/12/02	   3.087	   3.103	   3.062	   3.073	        4011607	      3.082	      3.056	      3.008	      2.921	           	      0.000	  40116.070	  51509.805	  39754.961	      0.045	      0.040	      0.011	
 2016/12/05	   3.065	   3.065	   3.030	   3.037	        3450563	      3.072	      3.060	      3.013	      2.923	           	      0.000	  34505.629	  47779.527	  40390.086	      0.041	      0.040	      0.002	
 2016/12/06	   3.025	   3.054	   3.025	   3.030	        2060829	      3.059	      3.060	      3.018	      2.926	           	      0.000	  20608.289	  39195.000	  39912.375	      0.037	      0.039	     -0.005	
 2016/12/07	   3.032	   3.043	   3.017	   3.042	        1989900	      3.055	      3.062	      3.024	      2.929	           	      0.000	  19899.000	  34621.602	  38612.488	      0.034	      0.038	     -0.008	
 2016/12/08	   3.043	   3.054	   3.043	   3.049	        1348300	      3.046	      3.063	      3.028	      2.931	           	      0.000	  13483.000	  25722.398	  38097.563	      0.032	      0.037	     -0.010	
 2016/12/09	   3.050	   3.081	   3.040	   3.073	        3749600	      3.046	      3.064	      3.033	      2.934	           	      0.000	  37496.000	  25198.383	  38354.094	      0.032	      0.036	     -0.008	
 2016/12/12	   3.070	   3.076	   3.006	   3.024	        8338220	      3.044	      3.058	      3.036	      2.936	           	      0.000	  83382.203	  34973.699	  41376.613	      0.028	      0.034	     -0.013	
 2016/12/13	   3.013	   3.018	   2.987	   3.007	        3313261	      3.039	      3.049	      3.037	      2.938	           	      0.000	  33132.609	  37478.563	  38336.781	      0.023	      0.032	     -0.019	
 2016/12/14	   3.003	   3.018	   2.992	   2.992	        3408801	      3.029	      3.042	      3.038	      2.941	           	      0.000	  34088.012	  40316.363	  37468.984	      0.017	      0.029	     -0.024	
 2016/12/15	   2.992	   2.992	   2.932	   2.940	        6002100	      3.007	      3.027	      3.036	      2.942	           	      0.000	  60021.000	  49623.965	  37673.180	      0.009	      0.025	     -0.033	
 2016/12/16	   2.953	   2.953	   2.935	   2.945	        2376200	      2.982	      3.014	      3.035	      2.944	           	      0.000	  23762.000	  46877.164	  36037.773	      0.002	      0.020	     -0.036	
 2016/12/19	   2.945	   2.952	   2.937	   2.941	        1682400	      2.965	      3.004	      3.032	      2.946	           	      0.000	  16824.000	  33565.523	  34269.609	     -0.003	      0.016	     -0.038	
 2016/12/20	   2.944	   2.944	   2.905	   2.920	        4481100	      2.948	      2.993	      3.027	      2.947	           	      0.000	  44811.000	  35901.203	  36689.883	     -0.009	      0.011	     -0.039	
 2016/12/21	   2.924	   2.949	   2.924	   2.947	        2338810	      2.939	      2.984	      3.023	      2.949	           	      0.000	  23388.100	  33761.219	  37038.793	     -0.011	      0.006	     -0.035	
 2016/12/22	   2.948	   2.956	   2.941	   2.952	        2010571	      2.941	      2.974	      3.019	      2.951	           	      0.000	  20105.711	  25778.162	  37701.063	     -0.013	      0.003	     -0.030	
 2016/12/23	   2.953	   2.953	   2.920	   2.924	        2620100	      2.937	      2.959	      3.012	      2.952	           	      0.000	  26201.000	  26265.963	  36571.563	     -0.016	     -0.001	     -0.029	
 2016/12/26	   2.927	   2.935	   2.898	   2.934	        3261900	      2.935	      2.950	      3.004	      2.954	           	      0.000	  32619.000	  29424.963	  31495.242	     -0.017	     -0.004	     -0.026	
 2016/12/27	   2.935	   2.940	   2.930	   2.933	        1513200	      2.938	      2.943	      2.996	      2.956	           	      0.000	  15132.000	  23489.162	  29695.182	     -0.018	     -0.007	     -0.022	
 2016/12/28	   2.933	   2.936	   2.915	   2.921	        2090400	      2.933	      2.936	      2.989	      2.957	           	      0.000	  20904.000	  22992.342	  28376.781	     -0.020	     -0.010	     -0.020	
 2016/12/29	   2.920	   2.928	   2.916	   2.922	        5245800	      2.927	      2.934	      2.980	      2.959	           	      0.000	  52458.000	  29462.801	  27620.480	     -0.021	     -0.012	     -0.018	
 2016/12/30	   2.923	   2.931	   2.919	   2.928	        4962500	      2.928	      2.932	      2.973	      2.960	           	      0.000	  49625.000	  34147.602	  30206.781	     -0.021	     -0.014	     -0.014	
 2017/01/03	   2.931	   2.957	   2.931	   2.952	        2885428	      2.931	      2.933	      2.969	      2.962	           	      0.000	  28854.279	  33394.656	  31409.809	     -0.018	     -0.015	     -0.008	
 2017/01/04	   2.955	   2.976	   2.950	   2.972	        2678834	      2.939	      2.938	      2.966	      2.964	           	      0.000	  26788.340	  35725.922	  29607.543	     -0.015	     -0.015	     -0.001	
 2017/01/05	   2.975	   2.978	   2.966	   2.975	        2109600	      2.950	      2.941	      2.963	      2.965	           	      0.000	  21096.000	  35764.324	  29378.332	     -0.012	     -0.014	      0.004	
 2017/01/06	   2.978	   2.985	   2.966	   2.974	        2373301	      2.960	      2.944	      2.959	      2.967	           	      0.000	  23733.010	  30019.326	  29741.063	     -0.009	     -0.013	      0.008	
 2017/01/09	   2.974	   2.986	   2.970	   2.985	        2068487	      2.972	      2.950	      2.954	      2.969	           	      0.000	  20684.869	  24231.299	  29189.449	     -0.006	     -0.012	      0.011	
 2017/01/10	   2.983	   2.986	   2.971	   2.976	        2413700	      2.976	      2.954	      2.952	      2.971	           	      0.000	  24137.000	  23287.844	  28341.250	     -0.005	     -0.010	      0.011	
 2017/01/11	   2.976	   2.976	   2.956	   2.959	        2148400	      2.974	      2.956	      2.950	      2.972	           	      0.000	  21484.000	  22226.977	  28976.449	     -0.005	     -0.009	      0.009	
 2017/01/12	   2.960	   2.964	   2.947	   2.951	        3964876	      2.969	      2.959	      2.948	      2.973	           	      0.000	  39648.762	  25937.527	  30850.926	     -0.005	     -0.008	      0.006	
 2017/01/13	   2.951	   2.960	   2.942	   2.960	        3370518	      2.966	      2.963	      2.949	      2.974	           	      0.000	  33705.180	  27931.963	  28975.645	     -0.005	     -0.008	      0.006	
 2017/01/16	   2.960	   2.994	   2.939	   2.987	        6000201	      2.967	      2.969	      2.951	      2.976	           	      0.000	  60002.012	  35795.391	  30013.346	     -0.002	     -0.007	      0.008	
 2017/01/17	   2.971	   2.985	   2.970	   2.985	        1793300	      2.968	      2.972	      2.953	      2.976	           	      0.000	  17933.000	  34554.590	  28921.217	     -0.001	     -0.005	      0.010	
 2017/01/18	   2.984	   3.002	   2.981	   2.998	        2750700	      2.976	      2.975	      2.957	      2.977	           	      0.000	  27507.000	  35759.191	  28993.084	      0.002	     -0.004	      0.012	
 2017/01/19	   2.998	   3.009	   2.990	   2.990	        3209700	      2.984	      2.977	      2.959	      2.978	           	      0.000	  32097.000	  34248.840	  30093.184	      0.003	     -0.003	      0.011	
 2017/01/20	   2.992	   3.011	   2.992	   3.009	        1939300	      2.994	      2.980	      2.962	      2.980	           	      0.000	  19393.000	  31386.402	  29659.182	      0.006	     -0.001	      0.013	
 2017/01/23	   3.086	   3.086	   3.005	   3.008	        4351600	      2.998	      2.982	      2.966	      2.981	           	      0.000	  43516.000	  28089.199	  31942.295	      0.007	      0.001	      0.013	
 2017/01/24	   3.010	   3.025	   3.006	   3.022	        2025800	      3.005	      2.987	      2.970	      2.983	           	      0.000	  20258.000	  28554.199	  31554.395	      0.010	      0.002	      0.015	
 2017/01/25	   3.024	   3.031	   3.017	   3.028	        2348000	      3.011	      2.994	      2.975	      2.985	           	      0.000	  23480.000	  27748.801	  31753.996	      0.012	      0.004	      0.015	
 2017/01/26	   3.029	   3.042	   3.029	   3.032	        7669800	      3.020	      3.002	      2.981	      2.987	           	      0.000	  76698.000	  36669.000	  35458.918	      0.014	      0.006	      0.015	
 2017/02/03	   3.040	   3.040	   3.013	   3.014	        4448900	      3.021	      3.007	      2.985	      2.989	           	      0.000	  44489.000	  41688.199	  36537.301	      0.014	      0.008	      0.012	
 2017/02/06	   3.012	   3.025	   3.011	   3.018	        4324200	      3.023	      3.010	      2.990	      2.990	           	      0.000	  43242.000	  41633.398	  34861.301	      0.014	      0.009	      0.010	
 2017/02/07	   3.023	   3.026	   3.011	   3.017	        3075300	      3.022	      3.014	      2.993	      2.992	           	      0.000	  30753.000	  43732.398	  36143.301	      0.014	      0.010	      0.008	
 2017/02/08	   3.018	   3.025	   3.004	   3.024	        3150100	      3.021	      3.016	      2.996	      2.993	           	      0.000	  31501.000	  45336.602	  36542.699	      0.014	      0.011	      0.007	
 2017/02/09	   3.024	   3.039	   3.022	   3.034	        4062595	      3.021	      3.021	      2.999	      2.995	           	      0.000	  40625.949	  38122.191	  37395.594	      0.015	      0.012	      0.007	
 2017/02/10	   3.034	   3.056	   3.034	   3.050	        5956000	      3.029	      3.025	      3.002	      2.997	           	      0.000	  59560.000	  41136.391	  41412.297	      0.017	      0.013	      0.008	
 2017/02/13	   3.054	   3.065	   3.050	   3.060	        5195786	      3.037	      3.030	      3.006	      2.998	           	      0.000	  51957.859	  42879.563	  42256.480	      0.019	      0.014	      0.010	
 2017/02/14	   3.060	   3.062	   3.049	   3.056	        3493410	      3.045	      3.033	      3.010	      2.999	           	      0.000	  34934.102	  43715.781	  43724.090	      0.020	      0.015	      0.009	
 2017/02/15	   3.056	   3.081	   3.056	   3.061	       17863270	      3.052	      3.037	      3.015	      3.001	           	      0.000	 178632.703	  73142.125	  59239.359	      0.021	      0.016	      0.009	
 2017/02/16	   3.060	   3.074	   3.060	   3.073	       12195900	      3.060	      3.041	      3.021	      3.002	           	      0.000	 121959.000	  89408.734	  63765.461	      0.022	      0.017	      0.010	
 2017/02/17	   3.073	   3.076	   3.052	   3.055	       14190010	      3.061	      3.045	      3.026	      3.004	           	      0.000	 141900.094	 105876.750	  73506.570	      0.022	      0.018	      0.007	
 2017/02/20	   3.054	   3.091	   3.054	   3.091	        5247400	      3.067	      3.052	      3.031	      3.006	           	      0.000	  52474.000	 105979.977	  74429.773	      0.024	      0.019	      0.009	
 2017/02/21	   3.092	   3.108	   3.090	   3.097	        3695314	      3.075	      3.060	      3.037	      3.007	           	      0.000	  36953.141	 106383.789	  75049.781	      0.026	      0.021	      0.010	
 2017/02/22	   3.096	   3.113	   3.091	   3.111	       10485700	      3.085	      3.069	      3.043	      3.009	           	      0.000	 104857.000	  91628.648	  82385.383	      0.028	      0.022	      0.012	
 2017/02/23	   3.107	   3.113	   3.056	   3.098	        7402500	      3.090	      3.075	      3.048	      3.010	           	      0.000	  74025.000	  82041.844	  85725.289	      0.029	      0.024	      0.010	
 2017/02/24	   3.098	   3.101	   3.084	   3.095	        4198400	      3.098	      3.080	      3.052	      3.011	           	      0.000	  41984.000	  62058.629	  83967.688	      0.029	      0.025	      0.008	
 2017/02/27	   3.094	   3.094	   3.074	   3.078	        4938800	      3.096	      3.082	      3.056	      3.011	           	      0.000	  49388.000	  61441.430	  83710.703	      0.027	      0.025	      0.003	
 2017/02/28	   3.066	   3.089	   3.066	   3.086	        6306093	      3.094	      3.085	      3.059	      3.011	           	      0.000	  63060.930	  66662.984	  86523.391	      0.026	      0.025	      0.001	
 2017/03/01	   3.090	   3.097	   3.082	   3.087	       14411600	      3.089	      3.087	      3.062	      3.011	           	      0.000	 144116.000	  74514.789	  83071.719	      0.025	      0.025	     -0.001	
 2017/03/02	   3.088	   3.092	   3.068	   3.071	        8182201	      3.083	      3.087	      3.064	      3.011	           	      0.000	  81822.008	  76074.188	  79058.016	      0.022	      0.024	     -0.005	
 2017/03/03	   3.071	   3.072	   3.057	   3.068	        5370100	      3.078	      3.088	      3.066	      3.011	           	      0.000	  53701.000	  78417.586	  70238.109	      0.020	      0.024	     -0.007	
 2017/03/06	   3.066	   3.079	   3.066	   3.077	        8582100	      3.078	      3.087	      3.069	      3.011	           	      0.000	  85821.000	  85704.188	  73572.805	      0.018	      0.022	     -0.008	
 2017/03/07	   3.076	   3.076	   3.065	   3.074	        6354501	      3.075	      3.085	      3.072	      3.011	           	      0.000	  63545.012	  85801.000	  76231.992	      0.017	      0.021	     -0.009	
 2017/03/08	   3.073	   3.075	   3.066	   3.069	        5080800	      3.072	      3.080	      3.075	      3.012	           	      0.000	  50808.000	  67139.406	  70827.094	      0.015	      0.020	     -0.010	
 2017/03/09	   3.068	   3.068	   3.045	   3.050	        9006500	      3.068	      3.076	      3.075	      3.012	           	      0.000	  90065.000	  68788.000	  72431.094	      0.012	      0.019	     -0.013	
 2017/03/10	   3.052	   3.054	   3.044	   3.050	        5521054	      3.064	      3.071	      3.075	      3.012	           	      0.000	  55210.539	  69089.906	  73753.750	      0.009	      0.017	     -0.014	
 2017/03/13	   3.049	   3.078	   3.042	   3.076	        4660864	      3.064	      3.071	      3.076	      3.012	           	      0.000	  46608.641	  61247.438	  73475.813	      0.009	      0.015	     -0.012	
 2017/03/14	   3.077	   3.082	   3.070	   3.080	        4245311	      3.065	      3.070	      3.077	      3.013	           	      0.000	  42453.109	  57029.059	  71415.031	      0.010	      0.014	     -0.009	
 2017/03/15	   3.078	   3.086	   3.067	   3.085	        5713600	      3.068	      3.070	      3.079	      3.014	           	      0.000	  57136.000	  58294.656	  62717.031	      0.010	      0.013	     -0.006	
 2017/03/16	   3.086	   3.101	   3.086	   3.094	       12983151	      3.077	      3.072	      3.080	      3.016	           	      0.000	 129831.508	  66247.961	  67517.984	      0.011	      0.013	     -0.004	
 2017/03/17	   3.096	   3.096	   3.059	   3.065	       10419700	      3.080	      3.072	      3.080	      3.018	           	      0.000	 104197.000	  76045.250	  72567.578	      0.009	      0.012	     -0.006	
 2017/03/20	   3.074	   3.091	   3.064	   3.084	        9848150	      3.082	      3.073	      3.080	      3.021	           	      0.000	  98481.500	  86419.820	  73833.633	      0.009	      0.012	     -0.004	
 2017/03/21	   3.082	   3.093	   3.074	   3.092	        5887472	      3.084	      3.075	      3.079	      3.023	           	      0.000	  58874.719	  89704.148	  73366.602	      0.010	      0.011	     -0.003	
 2017/03/22	   3.086	   3.087	   3.068	   3.071	        4638041	      3.081	      3.075	      3.078	      3.026	           	      0.000	  46380.410	  87553.031	  72923.844	      0.009	      0.011	     -0.004	
 2017/03/23	   3.072	   3.090	   3.065	   3.073	        4254006	      3.077	      3.077	      3.076	      3.028	           	      0.000	  42540.059	  70094.734	  68171.352	      0.008	      0.010	     -0.005	
 2017/03/24	   3.076	   3.108	   3.074	   3.102	        6166184	      3.084	      3.082	      3.077	      3.030	           	      0.000	  61661.840	  61587.707	  68816.477	      0.009	      0.010	     -0.002	
 2017/03/27	   3.103	   3.121	   3.102	   3.107	        4871164	      3.089	      3.085	      3.078	      3.033	           	      0.000	  48711.641	  51633.734	  69026.781	      0.011	      0.010	      0.001	
 2017/03/28	   3.107	   3.108	   3.089	   3.094	        3345200	      3.089	      3.087	      3.078	      3.036	           	      0.000	  33452.000	  46549.191	  68126.664	      0.011	      0.010	      0.001	
 2017/03/29	   3.094	   3.103	   3.085	   3.092	        2890166	      3.094	      3.087	      3.079	      3.039	           	      0.000	  28901.660	  43053.441	  65303.234	      0.010	      0.010	      0.000	
 2017/03/30	   3.087	   3.096	   3.069	   3.086	        4091550	      3.096	      3.087	      3.079	      3.041	           	      0.000	  40915.500	  42728.527	  56411.633	      0.009	      0.010	     -0.001	
 2017/03/31	   3.091	   3.109	   3.085	   3.107	        4322550	      3.097	      3.091	      3.081	      3.044	           	      0.000	  43225.500	  39041.262	  50314.484	      0.010	      0.010	      0.000	
 2017/04/05	   3.116	   3.140	   3.116	   3.139	        6322454	      3.104	      3.096	      3.085	      3.048	           	      0.000	  63224.539	  41943.840	  46788.785	      0.013	      0.011	      0.005	
 2017/04/06	   3.140	   3.147	   3.135	   3.143	        6542000	      3.113	      3.101	      3.088	      3.051	           	      0.000	  65420.000	  48337.441	  47443.316	      0.016	      0.012	      0.009	
 2017/04/07	   3.143	   3.149	   3.132	   3.148	        5934354	      3.125	      3.109	      3.092	      3.054	           	      0.000	  59343.539	  54425.816	  48739.629	      0.018	      0.013	      0.010	
 2017/04/10	   3.148	   3.154	   3.140	   3.146	        5144810	      3.137	      3.116	      3.097	      3.057	           	      0.000	  51448.102	  56532.336	  49630.434	      0.020	      0.014	      0.011	
 2017/04/11	   3.145	   3.151	   3.116	   3.148	        8170902	      3.145	      3.121	      3.102	      3.060	           	      0.000	  81709.023	  64229.039	  51635.148	      0.021	      0.016	      0.010	
 2017/04/12	   3.156	   3.156	   3.131	   3.136	        5468502	      3.144	      3.124	      3.105	      3.062	           	      0.000	  54685.020	  62521.137	  52232.488	      0.020	      0.017	      0.008	
 2017/04/13	   3.136	   3.147	   3.131	   3.144	        2876500	      3.144	      3.129	      3.108	      3.065	           	      0.000	  28765.000	  55190.137	  51763.789	      0.021	      0.017	      0.006	
 2017/04/14	   3.144	   3.149	   3.115	   3.120	        7245900	      3.139	      3.132	      3.110	      3.068	           	      0.000	  72459.000	  57813.230	  56119.523	      0.019	      0.018	      0.002	
 2017/04/17	   3.120	   3.120	   3.093	   3.110	        7670730	      3.132	      3.134	      3.110	      3.070	           	      0.000	  76707.297	  62865.066	  59698.703	      0.016	      0.017	     -0.003	
 2017/04/18	   3.109	   3.119	   3.096	   3.096	        7849000	      3.121	      3.133	      3.112	      3.073	           	      0.000	  78490.000	  62221.262	  63225.152	      0.013	      0.016	     -0.008	
 2017/04/19	   3.092	   3.092	   3.060	   3.078	        9835900	      3.110	      3.127	      3.112	      3.074	           	      0.000	  98359.000	  70956.063	  66738.602	      0.008	      0.015	     -0.013	
 2017/04/20	   3.077	   3.090	   3.074	   3.086	        4739900	      3.098	      3.121	      3.111	      3.076	           	      0.000	  47399.000	  74682.859	  64936.500	      0.006	      0.013	     -0.015	
 2017/04/21	   3.087	   3.108	   3.084	   3.105	        5474901	      3.095	      3.117	      3.113	      3.078	           	      0.000	  54749.012	  71140.859	  64477.047	      0.005	      0.011	     -0.013	
 2017/04/24	   3.104	   3.104	   3.061	   3.082	       10193306	      3.089	      3.110	      3.113	      3.079	           	      0.000	 101933.063	  76186.016	  69525.539	      0.002	      0.010	     -0.014	
 2017/04/25	   3.084	   3.093	   3.076	   3.089	        4503800	      3.088	      3.105	      3.113	      3.081	           	      0.000	  45038.000	  69495.617	  65858.438	      0.001	      0.008	     -0.014	
 2017/04/26	   3.090	   3.101	   3.086	   3.092	        5411000	      3.091	      3.100	      3.112	      3.082	           	      0.000	  54110.000	  60645.816	  65800.938	      0.000	      0.006	     -0.012	
 2017/04/27	   3.093	   3.093	   3.064	   3.090	       10425700	      3.092	      3.095	      3.112	      3.083	           	      0.000	 104257.000	  72017.414	  73350.141	     -0.001	      0.005	     -0.011	
 2017/04/28	   3.090	   3.090	   3.066	   3.076	        8009900	      3.086	      3.090	      3.111	      3.084	           	      0.000	  80099.000	  77087.414	  74114.141	     -0.002	      0.003	     -0.012	
 2017/05/02	   3.075	   3.076	   3.057	   3.061	        8812000	      3.082	      3.086	      3.110	      3.084	           	      0.000	  88120.000	  74324.797	  75255.406	     -0.005	      0.002	     -0.013	
 2017/05/03	   3.060	   3.066	   3.045	   3.048	        7769800	      3.073	      3.081	      3.107	      3.085	           	      0.000	  77698.000	  80856.797	  75176.211	     -0.008	     -0.000	     -0.016	
 2017/05/04	   3.050	   3.055	   3.034	   3.041	        4432600	      3.063	      3.077	      3.102	      3.085	           	      0.000	  44326.000	  78900.000	  69772.906	     -0.011	     -0.002	     -0.017	
 2017/05/05	   3.043	   3.043	   3.016	   3.035	        8342771	      3.052	      3.072	      3.097	      3.086	           	      0.000	  83427.711	  74734.141	  73375.781	     -0.013	     -0.004	     -0.018	
 2017/05/08	   3.034	   3.038	   3.016	   3.035	        6869100	      3.044	      3.065	      3.091	      3.086	           	      0.000	  68691.000	  72452.539	  74769.977	     -0.015	     -0.007	     -0.017	
 2017/05/09	   3.031	   3.045	   3.021	   3.039	        3894600	      3.040	      3.061	      3.086	      3.086	           	      0.000	  38946.000	  62617.742	  68471.273	     -0.016	     -0.009	     -0.015	
 2017/05/10	   3.036	   3.042	   3.018	   3.021	        6260500	      3.034	      3.054	      3.079	      3.085	           	      0.000	  62605.000	  59599.141	  70227.969	     -0.018	     -0.010	     -0.015	
 2017/05/11	   3.022	   3.040	   3.008	   3.034	        7303100	      3.033	      3.048	      3.074	      3.085	           	      0.000	  73031.000	  65340.141	  72120.070	     -0.018	     -0.012	     -0.013	
 2017/05/12	   3.035	   3.062	   3.031	   3.061	        6018200	      3.038	      3.045	      3.070	      3.085	           	      0.000	  60182.000	  60691.000	  67712.570	     -0.016	     -0.013	     -0.007	
 2017/05/15	   3.061	   3.077	   3.061	   3.077	        5957598	      3.046	      3.045	      3.068	      3.085	           	      0.000	  59575.980	  58867.996	  65660.266	     -0.013	     -0.013	     -0.000	
 2017/05/16	   3.075	   3.087	   3.053	   3.086	        6459400	      3.056	      3.048	      3.067	      3.086	           	      0.000	  64594.000	  63997.598	  63307.668	     -0.010	     -0.012	      0.005	
 2017/05/17	   3.082	   3.095	   3.075	   3.079	        4755110	      3.067	      3.051	      3.066	      3.086	           	      0.000	  47551.102	  60986.816	  60292.980	     -0.008	     -0.011	      0.007	
 2017/05/18	   3.077	   3.077	   3.053	   3.063	        4701500	      3.073	      3.053	      3.065	      3.085	           	      0.000	  47015.000	  55783.617	  60561.879	     -0.007	     -0.011	      0.007	
 2017/05/19	   3.063	   3.070	   3.056	   3.068	        6263487	      3.075	      3.056	      3.064	      3.085	           	      0.000	  62634.871	  56274.191	  58482.594	     -0.006	     -0.010	      0.007	
 2017/05/22	   3.066	   3.081	   3.052	   3.066	        8514300	      3.072	      3.059	      3.062	      3.084	           	      0.000	  85143.000	  61387.594	  60127.797	     -0.006	     -0.009	      0.006	
 2017/05/23	   3.060	   3.091	   3.060	   3.089	        7912631	      3.073	      3.064	      3.063	      3.084	           	      0.000	  79126.313	  64294.059	  64145.828	     -0.003	     -0.008	      0.009	
 2017/05/24	   3.088	   3.088	   3.067	   3.086	        7390143	      3.074	      3.071	      3.062	      3.084	           	      0.000	  73901.430	  69564.125	  65275.469	     -0.002	     -0.007	      0.010	
 2017/05/25	   3.085	   3.144	   3.078	   3.136	       17229164	      3.089	      3.081	      3.065	      3.085	           	      0.000	 172291.641	  94619.453	  75201.531	      0.004	     -0.005	      0.016	
 2017/05/26	   3.136	   3.149	   3.126	   3.143	        8351509	      3.104	      3.089	      3.067	      3.086	           	      0.000	  83515.094	  98795.492	  77534.844	      0.008	     -0.002	      0.020	
 2017/05/31	   3.147	   3.161	   3.135	   3.156	        7117011	      3.122	      3.097	      3.071	      3.087	           	      0.000	  71170.109	  96000.914	  78694.258	      0.013	      0.001	      0.024	
 2017/06/01	   3.154	   3.164	   3.144	   3.163	        4446454	      3.137	      3.105	      3.076	      3.089	           	      0.000	  44464.539	  89068.563	  76681.313	      0.017	      0.004	      0.025	
 2017/06/02	   3.162	   3.172	   3.156	   3.164	        3835800	      3.152	      3.113	      3.082	      3.090	           	      0.000	  38358.000	  81959.875	  75762.000	      0.020	      0.007	      0.025	
 2017/06/05	   3.162	   3.166	   3.136	   3.140	        6034100	      3.153	      3.121	      3.087	      3.091	           	      0.000	  60341.000	  59569.750	  77094.602	      0.020	      0.010	      0.021	
 2017/06/06	   3.140	   3.148	   3.130	   3.148	        4668201	      3.154	      3.129	      3.093	      3.092	           	      0.000	  46682.012	  52203.133	  75499.313	      0.021	      0.012	      0.017	
 2017/06/07	   3.148	   3.174	   3.148	   3.173	        4070200	      3.158	      3.140	      3.100	      3.094	           	      0.000	  40702.000	  46109.512	  71055.211	      0.023	      0.014	      0.017	
 2017/06/08	   3.175	   3.207	   3.172	   3.204	        5477754	      3.166	      3.151	      3.108	      3.097	           	      0.000	  54777.539	  48172.109	  68620.336	      0.027	      0.017	      0.020	
 2017/06/09	   3.203	   3.222	   3.196	   3.208	        6162376	      3.175	      3.164	      3.117	      3.099	           	      0.000	  61623.762	  52825.262	  67392.570	      0.030	      0.019	      0.021	
 2017/06/12	   3.210	   3.238	   3.197	   3.213	        5985654	      3.189	      3.171	      3.126	      3.102	           	      0.000	  59856.539	  52728.371	  56149.059	      0.032	      0.022	      0.021	
 2017/06/13	   3.221	   3.223	   3.202	   3.221	        5080900	      3.204	      3.179	      3.134	      3.104	           	      0.000	  50809.000	  53553.770	  52878.449	      0.035	      0.025	      0.020	
 2017/06/14	   3.221	   3.221	   3.181	   3.185	        8059729	      3.206	      3.182	      3.140	      3.106	           	      0.000	  80597.289	  61532.824	  53821.168	      0.033	      0.026	      0.014	
 2017/06/15	   3.187	   3.190	   3.164	   3.170	        5318793	      3.199	      3.183	      3.144	      3.107	           	      0.000	  53187.930	  61214.902	  54693.508	      0.030	      0.027	      0.007	
 2017/06/16	   3.170	   3.176	   3.156	   3.160	        4259600	      3.190	      3.182	      3.148	      3.108	           	      0.000	  42596.000	  57409.352	  55117.309	      0.027	      0.027	     -0.000	
 2017/06/19	   3.162	   3.182	   3.152	   3.177	        3932610	      3.183	      3.186	      3.154	      3.110	           	      0.000	  39326.102	  53303.266	  53015.816	      0.026	      0.027	     -0.002	
 2017/06/20	   3.181	   3.184	   3.166	   3.166	        5380092	      3.172	      3.188	      3.158	      3.111	           	      0.000	  53800.922	  53901.648	  53727.707	      0.023	      0.026	     -0.006	
 2017/06/21	   3.178	   3.199	   3.164	   3.198	        5233853	      3.174	      3.190	      3.165	      3.113	           	      0.000	  52338.531	  48249.898	  54891.359	      0.024	      0.026	     -0.004	
 2017/06/22	   3.197	   3.233	   3.191	   3.207	        9088467	      3.182	      3.191	      3.171	      3.116	           	      0.000	  90884.672	  55789.246	  58502.074	      0.024	      0.025	     -0.002	
 2017/06/23	   3.206	   3.229	   3.191	   3.228	        4857944	      3.195	      3.193	      3.178	      3.118	           	      0.000	  48579.441	  56985.934	  57197.641	      0.026	      0.026	      0.002	
 2017/06/26	   3.226	   3.258	   3.226	   3.252	        5365277	      3.210	      3.196	      3.184	      3.120	           	      0.000	  53652.770	  59851.266	  56577.266	      0.030	      0.026	      0.006	
 2017/06/27	   3.251	   3.257	   3.238	   3.253	        3405521	      3.228	      3.200	      3.189	      3.123	           	      0.000	  34055.211	  55902.125	  54901.887	      0.032	      0.027	      0.009	
 2017/06/28	   3.247	   3.267	   3.242	   3.245	        3178627	      3.237	      3.206	      3.194	      3.125	           	      0.000	  31786.270	  51791.672	  50020.785	      0.033	      0.028	      0.008	
 2017/06/29	   3.245	   3.262	   3.244	   3.259	        3991784	      3.247	      3.214	      3.199	      3.128	           	      0.000	  39917.840	  41598.305	  48693.777	      0.034	      0.030	      0.009	
 2017/06/30	   3.256	   3.271	   3.241	   3.267	        5264911	      3.255	      3.225	      3.204	      3.131	           	      0.000	  52649.109	  42412.238	  49699.086	      0.035	      0.031	      0.009	
 2017/07/03	   3.268	   3.273	   3.251	   3.269	        4962000	      3.259	      3.234	      3.210	      3.133	           	      0.000	  49620.000	  41605.688	  50728.477	      0.036	      0.032	      0.008	
 2017/07/04	   3.259	   3.267	   3.244	   3.255	        4795222	      3.259	      3.243	      3.216	      3.135	           	      0.000	  47952.219	  44385.086	  50143.605	      0.035	      0.032	      0.005	
 2017/07/05	   3.250	   3.275	   3.246	   3.272	        4294300	      3.264	      3.251	      3.220	      3.137	           	      0.000	  42943.000	  46616.434	  49204.055	      0.035	      0.033	      0.005	
 2017/07/06	   3.272	   3.288	   3.266	   3.284	        5161229	      3.269	      3.258	      3.224	      3.139	           	      0.000	  51612.289	  48955.324	  45276.816	      0.036	      0.034	      0.005	
 2017/07/07	   3.286	   3.295	   3.276	   3.295	        5151677	      3.275	      3.265	      3.229	      3.142	           	      0.000	  51516.770	  48728.855	  45570.547	      0.037	      0.034	      0.006	
 2017/07/10	   3.295	   3.306	   3.286	   3.294	        3137000	      3.280	      3.269	      3.233	      3.144	           	      0.000	  31370.000	  45078.855	  43342.270	      0.037	      0.035	      0.005	
 2017/07/11	   3.294	   3.325	   3.291	   3.311	        5486805	      3.291	      3.275	      3.237	      3.147	           	      0.000	  54868.051	  46462.023	  45423.555	      0.039	      0.036	      0.006	
 2017/07/12	   3.310	   3.322	   3.282	   3.294	        6122664	      3.296	      3.280	      3.243	      3.150	           	      0.000	  61226.641	  50118.750	  48367.594	      0.038	      0.036	      0.003	
 2017/07/13	   3.294	   3.320	   3.293	   3.319	        4235400	      3.303	      3.286	      3.250	      3.154	           	      0.000	  42354.000	  48267.094	  48611.207	      0.039	      0.037	      0.004	
 2017/07/14	   3.319	   3.349	   3.319	   3.348	        4170533	      3.313	      3.294	      3.260	      3.158	           	      0.000	  41705.328	  46304.805	  47516.828	      0.041	      0.037	      0.007	
 2017/07/17	   3.349	   3.366	   3.298	   3.331	        9965000	      3.321	      3.300	      3.267	      3.162	           	      0.000	  99650.000	  59960.805	  52519.828	      0.041	      0.038	      0.006	
 2017/07/18	   3.336	   3.341	   3.304	   3.331	        6293369	      3.325	      3.308	      3.276	      3.166	           	      0.000	  62933.691	  61573.934	  54017.977	      0.041	      0.039	      0.004	
 2017/07/19	   3.332	   3.361	   3.329	   3.360	        6482780	      3.338	      3.317	      3.284	      3.170	           	      0.000	  64827.801	  62294.164	  56206.457	      0.043	      0.040	      0.006	
 2017/07/20	   3.357	   3.375	   3.347	   3.375	        8376901	      3.349	      3.326	      3.292	      3.175	           	      0.000	  83769.008	  70577.164	  59422.129	      0.045	      0.041	      0.008	
 2017/07/21	   3.374	   3.383	   3.367	   3.376	        3751307	      3.355	      3.334	      3.299	      3.180	           	      0.000	  37513.070	  69738.711	  58021.758	      0.046	      0.042	      0.008	
 2017/07/24	   3.381	   3.397	   3.366	   3.390	        4813353	      3.366	      3.344	      3.306	      3.185	           	      0.000	  48133.531	  59435.422	  59698.113	      0.047	      0.043	      0.009	
 2017/07/25	   3.391	   3.392	   3.371	   3.376	        5983573	      3.375	      3.350	      3.313	      3.190	           	      0.000	  59835.730	  58815.828	  60194.879	      0.047	      0.043	      0.006	
 2017/07/26	   3.381	   3.404	   3.342	   3.361	        8277053	      3.376	      3.357	      3.318	      3.194	           	      0.000	  82770.531	  62404.375	  62349.270	      0.044	      0.044	      0.002	
 2017/07/27	   3.361	   3.361	   3.342	   3.361	        3780310	      3.373	      3.361	      3.323	      3.199	           	      0.000	  37803.102	  53211.191	  61894.180	      0.042	      0.043	     -0.002	
 2017/07/28	   3.359	   3.362	   3.346	   3.359	        2741410	      3.369	      3.362	      3.328	      3.205	           	      0.000	  27414.100	  51191.398	  60465.055	      0.040	      0.043	     -0.005	
 2017/07/31	   3.359	   3.366	   3.353	   3.363	        5076000	      3.364	      3.365	      3.333	      3.210	           	      0.000	  50760.000	  51716.691	  55576.055	      0.038	      0.042	     -0.008	
 2017/08/01	   3.365	   3.383	   3.363	   3.382	        6017900	      3.365	      3.370	      3.339	      3.216	           	      0.000	  60179.000	  51785.348	  55300.586	      0.038	      0.041	     -0.007	
 2017/08/02	   3.384	   3.398	   3.079	   3.376	        3859010	      3.368	      3.372	      3.344	      3.221	           	      0.000	  38590.102	  42949.262	  52676.816	      0.036	      0.040	     -0.007	
 2017/08/03	   3.376	   3.384	   3.341	   3.353	        6268911	      3.367	      3.370	      3.348	      3.227	           	      0.000	  62689.109	  47926.461	  50568.828	      0.033	      0.039	     -0.011	
 2017/08/04	   3.346	   3.358	   3.340	   3.341	        9116753	      3.363	      3.366	      3.350	      3.232	           	      0.000	  91167.531	  60677.148	  55934.273	      0.029	      0.037	     -0.015	
 2017/08/07	   3.346	   3.351	   3.321	   3.350	        5428169	      3.360	      3.362	      3.353	      3.237	           	      0.000	  54281.691	  61381.488	  56549.090	      0.027	      0.035	     -0.016	
 2017/08/08	   3.348	   3.350	   3.333	   3.336	        4130840	      3.351	      3.358	      3.354	      3.242	           	      0.000	  41308.398	  57607.367	  54696.355	      0.023	      0.032	     -0.019	
 2017/08/09	   3.337	   3.338	   3.326	   3.331	        3120140	      3.342	      3.355	      3.356	      3.246	           	      0.000	  31201.400	  56129.625	  49539.445	      0.020	      0.030	     -0.020	
 2017/08/10	   3.330	   3.336	   3.304	   3.323	        5612479	      3.336	      3.351	      3.356	      3.250	           	      0.000	  56124.789	  54816.762	  51371.613	      0.016	      0.027	     -0.022	
 2017/08/11	   3.319	   3.319	   3.272	   3.276	       10182100	      3.323	      3.343	      3.353	      3.253	           	      0.000	 101821.000	  56947.457	  58812.301	      0.009	      0.024	     -0.028	
 2017/08/14	   3.266	   3.295	   3.266	   3.289	        3994286	      3.311	      3.336	      3.350	      3.257	           	      0.000	  39942.859	  54079.688	  57730.590	      0.005	      0.020	     -0.030	
 2017/08/15	   3.289	   3.321	   3.286	   3.306	        5252302	      3.305	      3.328	      3.349	      3.261	           	      0.000	  52523.020	  56322.613	  56964.988	      0.003	      0.016	     -0.027	
 2017/08/16	   3.306	   3.306	   3.293	   3.299	        3009901	      3.299	      3.320	      3.346	      3.265	           	      0.000	  30099.010	  56102.137	  56115.883	      0.001	      0.013	     -0.025	
 2017/08/17	   3.300	   3.318	   3.299	   3.313	        2582731	      3.297	      3.316	      3.343	      3.269	           	      0.000	  25827.311	  50042.641	  52429.699	      0.000	      0.011	     -0.021	
 2017/08/18	   3.306	   3.323	   3.296	   3.317	        3132007	      3.305	      3.314	      3.340	      3.273	           	      0.000	  31320.070	  35942.453	  46444.953	     -0.000	      0.009	     -0.017	
 2017/08/21	   3.316	   3.329	   3.314	   3.326	        2971270	      3.312	      3.312	      3.337	      3.276	           	      0.000	  29712.699	  33896.422	  43988.055	      0.001	      0.007	     -0.013	
 2017/08/22	   3.326	   3.339	   3.323	   3.329	        4050201	      3.317	      3.311	      3.335	      3.279	           	      0.000	  40502.012	  31492.221	  43907.418	      0.001	      0.006	     -0.009	
 2017/08/23	   3.328	   3.347	   3.328	   3.340	        4243812	      3.325	      3.312	      3.333	      3.282	           	      0.000	  42438.121	  33960.043	  45031.090	      0.003	      0.005	     -0.005	
 2017/08/24	   3.340	   3.351	   3.333	   3.334	        3270300	      3.329	      3.313	      3.332	      3.285	           	      0.000	  32703.000	  35335.180	  42688.910	      0.003	      0.005	     -0.003	
 2017/08/25	   3.334	   3.386	   3.333	   3.384	        8236420	      3.343	      3.324	      3.333	      3.288	           	      0.000	  82364.203	  45544.008	  40743.230	      0.008	      0.005	      0.005	
 2017/08/28	   3.384	   3.415	   3.384	   3.393	        4685658	      3.356	      3.334	      3.335	      3.293	           	      0.000	  46856.578	  48972.781	  41434.602	      0.012	      0.007	      0.010	
 2017/08/29	   3.390	   3.401	   3.386	   3.395	        4149600	      3.369	      3.343	      3.336	      3.297	           	      0.000	  41496.000	  49171.582	  40331.898	      0.015	      0.008	      0.013	
 2017/08/30	   3.400	   3.409	   3.384	   3.388	        3010100	      3.379	      3.352	      3.336	      3.300	           	      0.000	  30101.000	  46704.156	  40332.098	      0.017	      0.010	      0.014	
 2017/08/31	   3.390	   3.400	   3.356	   3.371	        5385842	      3.386	      3.358	      3.337	      3.303	           	      0.000	  53858.422	  50935.242	  43135.211	      0.017	      0.011	      0.011	
 2017/09/01	   3.371	   3.388	   3.363	   3.370	        5723700	      3.383	      3.363	      3.339	      3.306	           	      0.000	  57237.000	  45909.801	  45726.902	      0.016	      0.012	      0.008	
 2017/09/04	   3.371	   3.378	   3.361	   3.374	        5877950	      3.380	      3.368	      3.340	      3.308	           	      0.000	  58779.500	  48294.383	  48633.582	      0.016	      0.013	      0.006	
 2017/09/05	   3.375	   3.388	   3.368	   3.382	        3508050	      3.377	      3.373	      3.342	      3.311	           	      0.000	  35080.500	  47011.285	  48091.434	      0.016	      0.014	      0.005	
 2017/09/06	   3.379	   3.381	   3.369	   3.379	        2547100	      3.375	      3.377	      3.344	      3.314	           	      0.000	  25471.000	  46085.285	  46394.719	      0.016	      0.014	      0.004	
 2017/09/07	   3.379	   3.384	   3.368	   3.369	        4014600	      3.375	      3.381	      3.347	      3.318	           	      0.000	  40146.000	  43342.801	  47139.020	      0.015	      0.014	      0.001	
 2017/09/08	   3.369	   3.379	   3.364	   3.371	        3780701	      3.375	      3.379	      3.351	      3.321	           	      0.000	  37807.012	  39456.801	  42683.301	      0.014	      0.014	     -0.000	
 2017/09/11	   3.371	   3.389	   3.368	   3.375	        4883400	      3.375	      3.377	      3.356	      3.325	           	      0.000	  48834.000	  37467.703	  42881.043	      0.014	      0.014	     -0.001	
 2017/09/12	   3.376	   3.386	   3.373	   3.381	        3415200	      3.375	      3.376	      3.359	      3.328	           	      0.000	  34152.000	  37282.004	  42146.645	      0.014	      0.014	     -0.001	
 2017/09/13	   3.381	   3.384	   3.372	   3.380	        1785300	      3.375	      3.375	      3.364	      3.331	           	      0.000	  17853.000	  35758.402	  40921.844	      0.013	      0.014	     -0.001	
 2017/09/14	   3.380	   3.383	   3.359	   3.362	        5879630	      3.374	      3.374	      3.366	      3.334	           	      0.000	  58796.301	  39488.461	  41415.633	      0.011	      0.013	     -0.004	
 2017/09/15	   3.363	   3.365	   3.349	   3.353	        3636897	      3.370	      3.373	      3.368	      3.336	           	      0.000	  36368.969	  39200.855	  39328.828	      0.009	      0.013	     -0.007	
 2017/09/18	   3.355	   3.372	   3.353	   3.366	        3580793	      3.368	      3.372	      3.370	      3.338	           	      0.000	  35807.930	  36595.641	  37031.672	      0.008	      0.012	     -0.007	
 2017/09/19	   3.367	   3.381	   3.356	   3.360	        3205291	      3.364	      3.370	      3.371	      3.339	           	      0.000	  32052.910	  36175.820	  36728.914	      0.007	      0.011	     -0.007	
 2017/09/20	   3.361	   3.381	   3.356	   3.376	        4077960	      3.363	      3.369	      3.373	      3.342	           	      0.000	  40779.602	  40761.141	  38259.773	      0.007	      0.010	     -0.006	
 2017/09/21	   3.376	   3.390	   3.369	   3.385	        2625947	      3.368	      3.371	      3.376	      3.344	           	      0.000	  26259.471	  34253.777	  36871.121	      0.008	      0.010	     -0.003	
 2017/09/22	   3.384	   3.391	   3.374	   3.389	        5008994	      3.375	      3.373	      3.376	      3.346	           	      0.000	  50089.941	  36997.969	  38099.414	      0.009	      0.010	     -0.001	
 2017/09/25	   3.388	   3.389	   3.377	   3.386	        3851109	      3.379	      3.374	      3.376	      3.348	           	      0.000	  38511.090	  37538.602	  37067.121	      0.009	      0.010	     -0.000	
 2017/09/26	   3.381	   3.389	   3.376	   3.382	        2376307	      3.384	      3.374	      3.375	      3.350	           	      0.000	  23763.070	  35880.633	  36028.227	      0.009	      0.009	     -0.001	
 2017/09/27	   3.382	   3.390	   3.379	   3.386	        1788615	      3.386	      3.375	      3.375	      3.352	           	      0.000	  17886.150	  31301.945	  36031.543	      0.009	      0.009	     -0.000	
 2017/09/28	   3.380	   3.385	   3.377	   3.382	        2143500	      3.385	      3.376	      3.375	      3.353	           	      0.000	  21435.000	  30337.051	  32295.414	      0.009	      0.009	     -0.001	
 2017/09/29	   3.382	   3.393	   3.382	   3.392	        2841344	      3.386	      3.380	      3.376	      3.355	           	      0.000	  28413.439	  26001.750	  31499.859	      0.009	      0.009	     -0.000	
 2017/10/09	   3.426	   3.444	   3.411	   3.414	        4447771	      3.391	      3.385	      3.378	      3.357	           	      0.000	  44477.711	  27195.074	  32366.838	      0.011	      0.010	      0.003	
 2017/10/10	   3.414	   3.424	   3.388	   3.406	        5232655	      3.396	      3.390	      3.380	      3.359	           	      0.000	  52326.551	  32907.770	  34394.203	      0.012	      0.010	      0.004	
 2017/10/11	   3.408	   3.424	   3.397	   3.418	        3228728	      3.402	      3.394	      3.382	      3.361	           	      0.000	  32287.279	  35787.996	  33544.969	      0.013	      0.011	      0.005	
 2017/10/12	   3.418	   3.428	   3.413	   3.424	        2604200	      3.411	      3.398	      3.384	      3.362	           	      0.000	  26042.000	  36709.395	  33523.223	      0.015	      0.012	      0.007	
 2017/10/13	   3.425	   3.431	   3.418	   3.425	        4905533	      3.417	      3.401	      3.387	      3.364	           	      0.000	  49055.328	  40837.773	  33419.762	      0.016	      0.012	      0.007	
 2017/10/16	   3.425	   3.425	   3.416	   3.421	        3157000	      3.419	      3.405	      3.389	      3.365	           	      0.000	  31570.000	  38256.230	  32725.652	      0.016	      0.013	      0.006	
 2017/10/17	   3.420	   3.421	   3.410	   3.417	        2248800	      3.421	      3.408	      3.391	      3.367	           	      0.000	  22488.000	  32288.521	  32598.146	      0.016	      0.014	      0.004	
 2017/10/18	   3.416	   3.433	   3.415	   3.432	        3030900	      3.424	      3.413	      3.394	      3.368	           	      0.000	  30309.000	  31892.865	  33840.430	      0.017	      0.014	      0.005	
 2017/10/19	   3.432	   3.444	   3.432	   3.439	        4773376	      3.427	      3.419	      3.398	      3.369	           	      0.000	  47733.762	  36231.219	  36470.309	      0.018	      0.015	      0.005	
 2017/10/20	   3.437	   3.451	   3.432	   3.449	        4030617	      3.432	      3.424	      3.402	      3.370	           	      0.000	  40306.172	  34481.387	  37659.582	      0.019	      0.016	      0.007	
 2017/10/23	   3.448	   3.449	   3.442	   3.445	        2423163	      3.436	      3.428	      3.406	      3.371	           	      0.000	  24231.631	  33013.711	  35634.973	      0.020	      0.017	      0.006	
 2017/10/24	   3.443	   3.463	   3.438	   3.462	        3549799	      3.445	      3.433	      3.411	      3.372	           	      0.000	  35497.988	  35615.711	  33952.117	      0.021	      0.018	      0.007	
 2017/10/25	   3.463	   3.467	   3.458	   3.467	        2174300	      3.452	      3.438	      3.416	      3.374	           	      0.000	  21743.000	  33902.512	  32897.688	      0.023	      0.019	      0.008	
 2017/10/26	   3.467	   3.480	   3.455	   3.460	        4709220	      3.457	      3.442	      3.420	      3.376	           	      0.000	  47092.199	  33774.199	  35002.707	      0.023	      0.019	      0.007	
 2017/10/27	   3.472	   3.476	   3.462	   3.475	        3473700	      3.462	      3.447	      3.424	      3.378	           	      0.000	  34737.000	  32660.363	  33570.875	      0.024	      0.020	      0.007	
 2017/10/30	   3.476	   3.481	   3.441	   3.468	        6399132	      3.466	      3.451	      3.428	      3.380	           	      0.000	  63991.320	  40612.301	  36813.008	      0.024	      0.021	      0.006	
 2017/10/31	   3.464	   3.464	   3.444	   3.456	        4849269	      3.465	      3.455	      3.432	      3.381	           	      0.000	  48492.691	  43211.242	  39413.477	      0.023	      0.022	      0.003	
 2017/11/01	   3.456	   3.460	   3.431	   3.431	        5582300	      3.458	      3.455	      3.434	      3.382	           	      0.000	  55823.000	  50027.242	  41964.875	      0.020	      0.021	     -0.003	
 2017/11/02	   3.430	   3.434	   3.413	   3.428	        4783901	      3.452	      3.454	      3.436	      3.383	           	      0.000	  47839.012	  50176.605	  41975.402	      0.017	      0.020	     -0.007	
 2017/11/03	   3.428	   3.428	   3.399	   3.419	        6149200	      3.440	      3.451	      3.438	      3.384	           	      0.000	  61492.000	  55527.605	  44093.984	      0.014	      0.019	     -0.011	
 2017/11/06	   3.418	   3.431	   3.405	   3.431	        3242400	      3.433	      3.450	      3.439	      3.386	           	      0.000	  32424.000	  49214.141	  44913.223	      0.012	      0.018	     -0.011	
 2017/11/07	   3.431	   3.461	   3.431	   3.449	        5073087	      3.432	      3.448	      3.441	      3.388	           	      0.000	  50730.871	  49661.777	  46436.508	      0.012	      0.016	     -0.009	
 2017/11/08	   3.449	   3.477	   3.447	   3.457	        4126000	      3.437	      3.447	      3.443	      3.390	           	      0.000	  41260.000	  46749.176	  48388.211	      0.012	      0.016	     -0.007	
 2017/11/09	   3.460	   3.475	   3.456	   3.473	        2696037	      3.446	      3.449	      3.445	      3.392	           	      0.000	  26960.369	  42573.449	  46375.027	      0.014	      0.015	     -0.003	
 2017/11/10	   3.475	   3.494	   3.456	   3.492	        4611796	      3.460	      3.450	      3.449	      3.396	           	      0.000	  46117.961	  39498.641	  47513.121	      0.016	      0.015	      0.002	
 2017/11/13	   3.492	   3.523	   3.492	   3.515	        3957353	      3.477	      3.455	      3.453	      3.399	           	      0.000	  39573.531	  40928.547	  45071.344	      0.020	      0.016	      0.007	
 2017/11/14	   3.514	   3.520	   3.493	   3.499	        4350665	      3.487	      3.459	      3.457	      3.403	           	      0.000	  43506.648	  39483.703	  44572.738	      0.021	      0.017	      0.008	
 2017/11/15	   3.499	   3.499	   3.475	   3.480	        4098639	      3.492	      3.464	      3.460	      3.406	           	      0.000	  40986.391	  39428.980	  43089.078	      0.021	      0.018	      0.005	
 2017/11/16	   3.479	   3.482	   3.469	   3.479	        3588400	      3.493	      3.469	      3.462	      3.408	           	      0.000	  35884.000	  41213.707	  41893.578	      0.020	      0.018	      0.003	
 2017/11/17	   3.479	   3.517	   3.477	   3.514	        5266620	      3.497	      3.479	      3.465	      3.412	           	      0.000	  52666.199	  42523.355	  41010.996	      0.022	      0.019	      0.005	
 2017/11/20	   3.511	   3.541	   3.484	   3.537	        6773800	      3.502	      3.490	      3.470	      3.415	           	      0.000	  67738.000	  48156.246	  44542.398	      0.025	      0.020	      0.009	
 2017/11/21	   3.537	   3.577	   3.528	   3.563	        6674155	      3.515	      3.501	      3.475	      3.419	           	      0.000	  66741.547	  52803.227	  46143.465	      0.029	      0.022	      0.014	
 2017/11/22	   3.566	   3.600	   3.561	   3.577	        4287488	      3.534	      3.513	      3.480	      3.423	           	      0.000	  42874.879	  53180.926	  46304.953	      0.033	      0.024	      0.018	
 2017/11/23	   3.576	   3.588	   3.494	   3.511	        8449668	      3.540	      3.517	      3.483	      3.426	           	      0.000	  84496.680	  62903.461	  52058.582	      0.030	      0.025	      0.010	
 2017/11/24	   3.508	   3.516	   3.478	   3.506	       10001300	      3.539	      3.518	      3.484	      3.428	           	      0.000	 100013.000	  72372.820	  57448.086	      0.028	      0.026	      0.004	
 2017/11/27	   3.506	   3.506	   3.460	   3.477	        9300600	      3.527	      3.514	      3.485	      3.429	           	      0.000	  93006.000	  77426.422	  62791.336	      0.023	      0.025	     -0.004	
 2017/11/28	   3.468	   3.479	   3.451	   3.469	        6112000	      3.508	      3.511	      3.485	      3.431	           	      0.000	  61120.000	  76302.109	  64552.668	      0.019	      0.024	     -0.011	
 2017/11/29	   3.470	   3.486	   3.447	   3.468	        3801000	      3.486	      3.510	      3.487	      3.432	           	      0.000	  38010.000	  75329.133	  64255.031	      0.015	      0.022	     -0.015	
 2017/11/30	   3.467	   3.472	   3.445	   3.449	        6137000	      3.474	      3.507	      3.488	      3.433	           	      0.000	  61370.000	  70703.797	  66803.633	      0.010	      0.020	     -0.020	
 2017/12/01	   3.449	   3.454	   3.433	   3.446	        5788500	      3.462	      3.500	      3.490	      3.435	           	      0.000	  57885.000	  62278.199	  67325.508	      0.006	      0.017	     -0.022	
 2017/12/04	   3.446	   3.454	   3.432	   3.445	        5338500	      3.455	      3.491	      3.490	      3.436	           	      0.000	  53385.000	  54354.000	  65890.211	      0.003	      0.014	     -0.023	
 2017/12/05	   3.445	   3.488	   3.444	   3.480	        9323582	      3.458	      3.483	      3.492	      3.437	           	      0.000	  93235.820	  60777.164	  68539.641	      0.003	      0.012	     -0.018	
 2017/12/06	   3.479	   3.479	   3.426	   3.452	        6029510	      3.454	      3.470	      3.492	      3.439	           	      0.000	  60295.102	  65234.184	  70281.656	      0.001	      0.009	     -0.018	
 2017/12/07	   3.449	   3.451	   3.417	   3.427	        6341553	      3.450	      3.462	      3.489	      3.440	           	      0.000	  63415.531	  65643.289	  68173.547	     -0.003	      0.007	     -0.020	
 2017/12/08	   3.424	   3.427	   3.406	   3.423	        5795253	      3.445	      3.454	      3.486	      3.441	           	      0.000	  57952.531	  65656.797	  63967.500	     -0.006	      0.004	     -0.021	
 2017/12/11	   3.421	   3.453	   3.410	   3.453	        5174854	      3.447	      3.451	      3.483	      3.442	           	      0.000	  51748.539	  65329.504	  59841.754	     -0.006	      0.002	     -0.017	
 2017/12/12	   3.445	   3.446	   3.409	   3.411	        6319900	      3.433	      3.445	      3.478	      3.442	           	      0.000	  63199.000	  59322.141	  60049.652	     -0.010	     -0.000	     -0.019	
 2017/12/13	   3.411	   3.425	   3.398	   3.424	        5041900	      3.428	      3.441	      3.476	      3.443	           	      0.000	  50419.000	  57346.922	  61290.551	     -0.011	     -0.002	     -0.017	
 2017/12/14	   3.424	   3.430	   3.408	   3.412	        5366839	      3.425	      3.437	      3.472	      3.444	           	      0.000	  53668.391	  55397.492	  60520.391	     -0.013	     -0.004	     -0.017	
 2017/12/15	   3.407	   3.412	   3.387	   3.388	        6500300	      3.418	      3.431	      3.466	      3.444	           	      0.000	  65003.000	  56807.586	  61232.191	     -0.016	     -0.007	     -0.019	
 2017/12/18	   3.392	   3.398	   3.383	   3.392	        4613577	      3.405	      3.426	      3.459	      3.445	           	      0.000	  46135.770	  55685.031	  60507.270	     -0.018	     -0.009	     -0.018	
 2017/12/19	   3.393	   3.417	   3.393	   3.417	        4822776	      3.407	      3.420	      3.451	      3.446	           	      0.000	  48227.762	  52690.785	  56006.461	     -0.018	     -0.011	     -0.014	
 2017/12/20	   3.417	   3.426	   3.409	   3.418	        4828000	      3.405	      3.417	      3.443	      3.447	           	      0.000	  48280.000	  52262.984	  54804.953	     -0.017	     -0.012	     -0.010	
 2017/12/21	   3.421	   3.434	   3.401	   3.425	        6203976	      3.408	      3.416	      3.439	      3.447	           	      0.000	  62039.762	  53937.258	  54667.375	     -0.016	     -0.013	     -0.006	
 2017/12/22	   3.427	   3.434	   3.422	   3.423	        6684608	      3.415	      3.416	      3.435	      3.448	           	      0.000	  66846.078	  54305.875	  55556.730	     -0.015	     -0.013	     -0.003	
 2017/12/25	   3.422	   3.451	   3.421	   3.426	        8479976	      3.422	      3.414	      3.432	      3.448	           	      0.000	  84799.758	  62038.672	  58861.852	     -0.013	     -0.013	     -0.000	
 2017/12/26	   3.426	   3.446	   3.423	   3.445	        6775073	      3.427	      3.417	      3.431	      3.449	           	      0.000	  67750.727	  65943.266	  59317.023	     -0.011	     -0.013	      0.004	
 2017/12/27	   3.446	   3.454	   3.421	   3.426	        5808000	      3.429	      3.417	      3.429	      3.450	           	      0.000	  58080.000	  67903.266	  60083.125	     -0.010	     -0.012	      0.004	
 2017/12/28	   3.428	   3.446	   3.420	   3.442	        5289393	      3.432	      3.420	      3.429	      3.451	           	      0.000	  52893.930	  66074.102	  60005.680	     -0.008	     -0.011	      0.006	
 2017/12/29	   3.443	   3.458	   3.442	   3.458	        9553582	      3.439	      3.427	      3.429	      3.452	           	      0.000	  95535.820	  71812.047	  63058.961	     -0.005	     -0.010	      0.010	
 2018/01/02	   3.459	   3.506	   3.459	   3.503	        7375182	      3.455	      3.438	      3.432	      3.454	           	      0.000	  73751.820	  69602.461	  65820.563	      0.001	     -0.008	      0.017	
 2018/01/03	   3.504	   3.533	   3.496	   3.518	        5740300	      3.469	      3.448	      3.434	      3.456	           	      0.000	  57403.000	  67532.914	  66738.086	      0.006	     -0.005	      0.023	
 2018/01/04	   3.517	   3.527	   3.510	   3.519	        3981050	      3.488	      3.458	      3.438	      3.457	           	      0.000	  39810.500	  63879.016	  65891.141	      0.011	     -0.002	      0.026	
 2018/01/05	   3.519	   3.559	   3.514	   3.551	        6048310	      3.510	      3.471	      3.444	      3.459	           	      0.000	  60483.102	  65396.848	  65735.477	      0.017	      0.002	      0.030	
 2018/01/08	   3.550	   3.591	   3.549	   3.573	        7769900	      3.533	      3.486	      3.451	      3.462	           	      0.000	  77699.000	  61829.484	  66820.766	      0.023	      0.006	      0.034	
 2018/01/09	   3.575	   3.579	   3.563	   3.572	        4207601	      3.547	      3.501	      3.457	      3.464	           	      0.000	  42076.012	  55494.324	  62548.391	      0.028	      0.010	      0.035	
 2018/01/10	   3.572	   3.591	   3.563	   3.582	       11343290	      3.559	      3.514	      3.466	      3.467	           	      0.000	 113432.898	  66700.305	  67116.609	      0.032	      0.015	      0.034	
 2018/01/11	   3.581	   3.588	   3.560	   3.574	        7610445	      3.570	      3.529	      3.473	      3.470	           	      0.000	  76104.453	  73959.094	  68919.055	      0.034	      0.019	      0.031	
 2018/01/12	   3.573	   3.593	   3.568	   3.582	        4950455	      3.577	      3.543	      3.482	      3.472	           	      0.000	  49504.551	  71763.383	  68580.117	      0.036	      0.022	      0.028	
 2018/01/15	   3.583	   3.605	   3.571	   3.577	        5113502	      3.577	      3.555	      3.491	      3.474	           	      0.000	  51135.020	  66450.586	  64140.035	      0.037	      0.025	      0.023	
 2018/01/16	   3.575	   3.601	   3.571	   3.600	        4910000	      3.583	      3.565	      3.502	      3.477	           	      0.000	  49100.000	  67855.383	  61674.852	      0.039	      0.028	      0.022	
 2018/01/17	   3.606	   3.640	   3.591	   3.610	        9093756	      3.589	      3.574	      3.511	      3.479	           	      0.000	  90937.563	  63356.316	  65028.309	      0.041	      0.030	      0.021	
 2018/01/18	   3.611	   3.640	   3.611	   3.638	        6850700	      3.601	      3.586	      3.522	      3.482	           	      0.000	  68507.000	  61836.828	  67897.961	      0.044	      0.033	      0.022	
 2018/01/19	   3.642	   3.673	   3.641	   3.654	        8048902	      3.616	      3.596	      3.534	      3.485	           	      0.000	  80489.023	  68033.719	  69898.555	      0.047	      0.036	      0.023	
 2018/01/22	   3.652	   3.679	   3.649	   3.675	        6677000	      3.635	      3.606	      3.546	      3.488	           	      0.000	  66770.000	  71160.719	  68805.648	      0.051	      0.039	      0.024	
 2018/01/23	   3.682	   3.725	   3.677	   3.724	        9785600	      3.660	      3.622	      3.561	      3.493	           	      0.000	  97856.000	  80911.914	  74383.648	      0.057	      0.043	      0.029	
 2018/01/24	   3.726	   3.752	   3.714	   3.734	        6029000	      3.685	      3.637	      3.576	      3.497	           	      0.000	  60290.000	  74782.406	  69069.359	      0.062	      0.046	      0.032	
 2018/01/25	   3.733	   3.740	   3.694	   3.720	        6791600	      3.701	      3.651	      3.590	      3.502	           	      0.000	  67916.000	  74664.203	  68250.516	      0.064	      0.050	      0.029	
 2018/01/26	   3.717	   3.765	   3.711	   3.756	        6069443	      3.722	      3.669	      3.606	      3.508	           	      0.000	  60694.430	  70705.289	  69369.500	      0.068	      0.054	      0.029	
 2018/01/29	   3.749	   3.789	   3.705	   3.724	       10040400	      3.732	      3.684	      3.619	      3.513	           	      0.000	 100404.000	  77432.086	  74296.398	      0.068	      0.057	      0.023	
 2018/01/30	   3.723	   3.729	   3.686	   3.693	        8259138	      3.725	      3.693	      3.629	      3.517	           	      0.000	  82591.383	  74379.164	  77645.539	      0.064	      0.058	      0.013	
 2018/01/31	   3.687	   3.697	   3.661	   3.690	        6493850	      3.717	      3.701	      3.637	      3.521	           	      0.000	  64938.500	  75308.859	  75045.633	      0.061	      0.059	      0.004	
 2018/02/01	   3.692	   3.709	   3.662	   3.687	        6944264	      3.710	      3.706	      3.646	      3.525	           	      0.000	  69442.641	  75614.188	  75139.195	      0.057	      0.058	     -0.003	
 2018/02/02	   3.677	   3.722	   3.646	   3.718	        6507830	      3.702	      3.712	      3.654	      3.529	           	      0.000	  65078.301	  76490.969	  73598.125	      0.056	      0.058	     -0.004	
 2018/02/05	   3.695	   3.771	   3.685	   3.768	        6163901	      3.711	      3.721	      3.664	      3.534	           	      0.000	  61639.012	  68737.969	  73085.023	      0.058	      0.058	      0.000	
 2018/02/06	   3.733	   3.734	   3.665	   3.680	       15387423	      3.709	      3.717	      3.669	      3.536	           	      0.000	 153874.234	  82994.539	  78686.852	      0.052	      0.057	     -0.009	
 2018/02/07	   3.715	   3.737	   3.611	   3.617	       12718300	      3.694	      3.705	      3.671	      3.538	           	      0.000	 127183.000	  95443.438	  85376.148	      0.042	      0.054	     -0.023	
 2018/02/08	   3.611	   3.613	   3.525	   3.559	       12625900	      3.668	      3.689	      3.670	      3.540	           	      0.000	 126259.000	 106806.711	  91210.453	      0.029	      0.049	     -0.040	
 2018/02/09	   3.514	   3.514	   3.373	   3.443	       20763664	      3.613	      3.658	      3.663	      3.539	           	      0.000	 207636.641	 135318.375	 105904.672	      0.009	      0.041	     -0.063	
 2018/02/12	   3.448	   3.465	   3.425	   3.449	        9925400	      3.550	      3.630	      3.657	      3.538	           	      0.000	  99254.000	 142841.375	 105789.672	     -0.006	      0.032	     -0.075	
 2018/02/13	   3.458	   3.519	   3.458	   3.488	        7455700	      3.511	      3.610	      3.651	      3.537	           	      0.000	  74557.000	 126977.930	 104986.234	     -0.015	      0.022	     -0.074	
 2018/02/14	   3.488	   3.500	   3.465	   3.497	        7699894	      3.487	      3.591	      3.646	      3.536	           	      0.000	  76998.938	 116941.117	 106192.273	     -0.021	      0.014	     -0.069	
 2018/02/22	   3.535	   3.555	   3.521	   3.555	        6312600	      3.486	      3.577	      3.642	      3.536	           	      0.000	  63126.000	 104314.516	 105560.609	     -0.020	      0.007	     -0.054	
 2018/02/23	   3.555	   3.577	   3.542	   3.569	        6777700	      3.512	      3.563	      3.637	      3.537	           	      0.000	  67777.000	  76342.586	 105830.484	     -0.019	      0.002	     -0.041	
 2018/02/26	   3.578	   3.601	   3.551	   3.588	        7587300	      3.539	      3.545	      3.633	      3.538	           	      0.000	  75873.000	  71666.391	 107253.883	     -0.016	     -0.002	     -0.028	
 2018/02/27	   3.595	   3.599	   3.543	   3.549	        8972005	      3.552	      3.531	      3.624	      3.539	           	      0.000	  89720.047	  74699.000	 100838.461	     -0.017	     -0.005	     -0.024	
 2018/02/28	   3.536	   3.536	   3.500	   3.521	        6735700	      3.556	      3.522	      3.614	      3.540	           	      0.000	  67357.000	  72770.609	  94855.859	     -0.019	     -0.008	     -0.023	
 2018/03/01	   3.514	   3.535	   3.492	   3.515	        6424593	      3.548	      3.517	      3.603	      3.541	           	      0.000	  64245.930	  72994.594	  88654.555	     -0.021	     -0.010	     -0.022	
 2018/03/02	   3.506	   3.522	   3.488	   3.513	        5898811	      3.537	      3.524	      3.591	      3.542	           	      0.000	  58988.109	  71236.820	  73789.703	     -0.023	     -0.013	     -0.020	
 2018/03/05	   3.513	   3.535	   3.500	   3.515	        3777486	      3.523	      3.531	      3.581	      3.543	           	      0.000	  37774.859	  63617.188	  67641.789	     -0.024	     -0.015	     -0.018	
 2018/03/06	   3.526	   3.544	   3.504	   3.540	        5390467	      3.521	      3.536	      3.573	      3.545	           	      0.000	  53904.672	  56454.113	  65576.555	     -0.022	     -0.017	     -0.012	
 2018/03/07	   3.541	   3.567	   3.533	   3.536	        6324467	      3.524	      3.540	      3.565	      3.546	           	      0.000	  63244.672	  55631.648	  64201.129	     -0.021	     -0.017	     -0.007	
 2018/03/08	   3.535	   3.553	   3.531	   3.549	        2588000	      3.531	      3.539	      3.558	      3.547	           	      0.000	  25880.000	  47958.461	  60476.527	     -0.019	     -0.018	     -0.002	
 2018/03/09	   3.559	   3.559	   3.542	   3.551	        5372600	      3.538	      3.538	      3.550	      3.549	           	      0.000	  53726.000	  46906.039	  59071.430	     -0.017	     -0.018	      0.001	
 2018/03/12	   3.560	   3.569	   3.553	   3.557	        4854900	      3.547	      3.535	      3.540	      3.552	           	      0.000	  48549.000	  49060.867	  56339.027	     -0.015	     -0.017	      0.005	
 2018/03/13	   3.557	   3.566	   3.542	   3.545	        4732500	      3.548	      3.534	      3.533	      3.553	           	      0.000	  47325.000	  47744.934	  52099.523	     -0.014	     -0.016	      0.005	
 2018/03/14	   3.544	   3.544	   3.527	   3.537	        3070711	      3.548	      3.536	      3.529	      3.555	           	      0.000	  30707.109	  41237.422	  48434.535	     -0.013	     -0.016	      0.005	
 2018/03/15	   3.535	   3.542	   3.523	   3.531	        4999449	      3.544	      3.537	      3.527	      3.557	           	      0.000	  49994.488	  46060.320	  47009.391	     -0.013	     -0.015	      0.004	
 2018/03/16	   3.532	   3.540	   3.510	   3.514	        3808000	      3.537	      3.537	      3.531	      3.559	           	      0.000	  38080.000	  42931.121	  44918.578	     -0.015	     -0.015	      0.001	
 2018/03/19	   3.513	   3.515	   3.489	   3.499	        4954400	      3.525	      3.536	      3.533	      3.561	           	      0.000	  49544.000	  43130.121	  46095.492	     -0.017	     -0.015	     -0.002	
 2018/03/20	   3.499	   3.505	   3.479	   3.505	        4160650	      3.517	      3.532	      3.534	      3.562	           	      0.000	  41606.500	  41986.418	  44865.676	     -0.018	     -0.016	     -0.003	
 2018/03/21	   3.511	   3.522	   3.490	   3.495	        3903500	      3.509	      3.528	      3.534	      3.564	           	      0.000	  39035.000	  43651.996	  42444.711	     -0.019	     -0.016	     -0.005	
 2018/03/22	   3.504	   3.504	   3.461	   3.475	        6250200	      3.498	      3.521	      3.530	      3.565	           	      0.000	  62502.000	  46153.500	  46106.910	     -0.021	     -0.017	     -0.008	
 2018/03/23	   3.433	   3.433	   3.370	   3.408	       17086612	      3.476	      3.507	      3.522	      3.564	           	      0.000	 170866.125	  72710.727	  57820.922	     -0.028	     -0.020	     -0.017	
 2018/03/26	   3.400	   3.400	   3.342	   3.378	       11061200	      3.452	      3.489	      3.512	      3.564	           	      0.000	 110612.000	  84924.328	  64027.223	     -0.036	     -0.023	     -0.026	
 2018/03/27	   3.389	   3.445	   3.367	   3.378	        7754901	      3.427	      3.472	      3.503	      3.563	           	      0.000	  77549.008	  92112.828	  67049.625	     -0.041	     -0.027	     -0.030	
 2018/03/28	   3.367	   3.384	   3.342	   3.342	        8968963	      3.396	      3.452	      3.494	      3.561	           	      0.000	  89689.633	 102243.750	  72947.875	     -0.048	     -0.031	     -0.034	
 2018/03/29	   3.343	   3.399	   3.326	   3.393	        6576701	      3.380	      3.439	      3.488	      3.561	           	      0.000	  65767.008	 102896.758	  74525.125	     -0.049	     -0.034	     -0.029	
 2018/03/30	   3.393	   3.399	   3.378	   3.386	        4786200	      3.375	      3.426	      3.482	      3.560	           	      0.000	  47862.000	  78295.930	  75503.328	     -0.049	     -0.037	     -0.024	
 2018/04/02	   3.386	   3.400	   3.368	   3.370	        6174700	      3.374	      3.413	      3.474	      3.558	           	      0.000	  61747.000	  68522.930	  76723.625	     -0.050	     -0.040	     -0.021	
 2018/04/03	   3.356	   3.357	   3.325	   3.330	        9279300	      3.364	      3.395	      3.464	      3.555	           	      0.000	  92793.000	  71571.727	  81842.281	     -0.054	     -0.043	     -0.022	
 2018/04/04	   3.332	   3.355	   3.330	   3.331	        5976300	      3.362	      3.379	      3.454	      3.552	           	      0.000	  59763.000	  65586.398	  83915.078	     -0.056	     -0.045	     -0.021	
 2018/04/09	   3.329	   3.339	   3.313	   3.329	        4427600	      3.349	      3.365	      3.443	      3.549	           	      0.000	  44276.000	  61288.199	  82092.477	     -0.057	     -0.048	     -0.019	
 2018/04/10	   3.330	   3.382	   3.330	   3.381	        5986600	      3.348	      3.362	      3.434	      3.546	           	      0.000	  59866.000	  63689.000	  70992.469	     -0.053	     -0.049	     -0.009	
 2018/04/11	   3.384	   3.414	   3.381	   3.403	        5616255	      3.355	      3.364	      3.427	      3.543	           	      0.000	  56162.551	  62572.109	  65547.523	     -0.048	     -0.049	      0.002	
 2018/04/12	   3.403	   3.403	   3.371	   3.373	        4811400	      3.363	      3.364	      3.418	      3.540	           	      0.000	  48114.000	  53636.309	  62604.020	     -0.045	     -0.048	      0.005	
 2018/04/13	   3.398	   3.398	   3.357	   3.360	        3290053	      3.369	      3.366	      3.409	      3.536	           	      0.000	  32900.531	  48263.816	  56925.109	     -0.044	     -0.047	      0.006	
 2018/04/16	   3.360	   3.360	   3.298	   3.307	        9955000	      3.365	      3.357	      3.398	      3.532	           	      0.000	  99550.000	  59318.617	  60303.406	     -0.047	     -0.047	      0.001	
 2018/04/17	   3.315	   3.317	   3.275	   3.283	        6669700	      3.345	      3.347	      3.386	      3.527	           	      0.000	  66697.000	  60684.816	  62186.906	     -0.050	     -0.048	     -0.005	
 2018/04/18	   3.298	   3.310	   3.253	   3.285	        9178900	      3.322	      3.338	      3.376	      3.522	           	      0.000	  91789.000	  67810.109	  65191.109	     -0.052	     -0.048	     -0.007	
 2018/04/19	   3.285	   3.305	   3.280	   3.303	        4768901	      3.308	      3.336	      3.365	      3.517	           	      0.000	  47689.012	  67725.109	  60680.711	     -0.052	     -0.049	     -0.005	
 2018/04/20	   3.301	   3.311	   3.260	   3.268	        5574600	      3.289	      3.329	      3.354	      3.511	           	      0.000	  55746.000	  72294.203	  60279.008	     -0.053	     -0.050	     -0.007	
 2018/04/23	   3.266	   3.281	   3.255	   3.268	        4645463	      3.281	      3.323	      3.344	      3.505	           	      0.000	  46454.629	  61675.129	  60496.871	     -0.054	     -0.051	     -0.007	
 2018/04/24	   3.267	   3.343	   3.267	   3.323	        7532907	      3.289	      3.317	      3.340	      3.500	           	      0.000	  75329.070	  63401.543	  62043.180	     -0.050	     -0.051	      0.002	
 2018/04/25	   3.315	   3.320	   3.302	   3.306	        3952000	      3.294	      3.308	      3.336	      3.494	           	      0.000	  39520.000	  52947.742	  60378.926	     -0.047	     -0.050	      0.005	
 2018/04/26	   3.309	   3.313	   3.262	   3.266	        6655700	      3.286	      3.297	      3.330	      3.486	           	      0.000	  66557.000	  56721.340	  62223.223	     -0.048	     -0.049	      0.003	
 2018/04/27	   3.273	   3.281	   3.238	   3.271	        8672181	      3.287	      3.288	      3.327	      3.478	           	      0.000	  86721.813	  62916.504	  67605.352	     -0.047	     -0.049	      0.003	
 2018/05/02	   3.277	   3.287	   3.271	   3.283	        5243686	      3.290	      3.286	      3.321	      3.471	           	      0.000	  52436.859	  64112.949	  62894.039	     -0.045	     -0.048	      0.006	
 2018/05/03	   3.283	   3.306	   3.274	   3.300	        5562040	      3.285	      3.287	      3.317	      3.463	           	      0.000	  55620.398	  60171.215	  61786.379	     -0.042	     -0.047	      0.010	
 2018/05/04	   3.300	   3.307	   3.295	   3.299	        3166900	      3.284	      3.289	      3.313	      3.456	           	      0.000	  31669.000	  58601.016	  55774.379	     -0.039	     -0.045	      0.013	
 2018/05/07	   3.299	   3.331	   3.296	   3.330	        4175500	      3.297	      3.291	      3.313	      3.450	           	      0.000	  41755.000	  53640.613	  55180.977	     -0.034	     -0.043	      0.019	
 2018/05/08	   3.330	   3.359	   3.325	   3.355	        5860300	      3.313	      3.300	      3.315	      3.445	           	      0.000	  58603.000	  48016.852	  55466.676	     -0.027	     -0.040	      0.025	
 2018/05/09	   3.361	   3.361	   3.344	   3.349	        4171301	      3.327	      3.308	      3.316	      3.439	           	      0.000	  41713.012	  45872.082	  54992.516	     -0.022	     -0.036	      0.028	
 2018/05/10	   3.352	   3.372	   3.352	   3.370	        3217100	      3.341	      3.313	      3.315	      3.433	           	      0.000	  32171.000	  41182.203	  50676.707	     -0.017	     -0.032	      0.032	
 2018/05/11	   3.370	   3.378	   3.361	   3.364	        3025000	      3.354	      3.319	      3.313	      3.426	           	      0.000	  30250.000	  40898.402	  49749.707	     -0.012	     -0.028	      0.032	
 2018/05/14	   3.367	   3.382	   3.365	   3.370	        3404600	      3.362	      3.329	      3.313	      3.421	           	      0.000	  34046.000	  39356.602	  46498.609	     -0.008	     -0.024	      0.032	
 2018/05/15	   3.376	   3.381	   3.366	   3.380	        3658412	      3.367	      3.340	      3.314	      3.417	           	      0.000	  36584.121	  34952.828	  41484.840	     -0.004	     -0.020	      0.032	
 2018/05/16	   3.377	   3.381	   3.367	   3.369	        3267272	      3.371	      3.349	      3.317	      3.414	           	      0.000	  32672.721	  33144.770	  39508.426	     -0.002	     -0.017	      0.029	
 2018/05/17	   3.366	   3.374	   3.359	   3.363	        2855772	      3.369	      3.355	      3.321	      3.413	           	      0.000	  28557.721	  32422.113	  36802.156	     -0.001	     -0.014	      0.026	
 2018/05/18	   3.363	   3.394	   3.354	   3.393	        4204300	      3.375	      3.364	      3.326	      3.412	           	      0.000	  42043.000	  34780.711	  37839.559	      0.003	     -0.010	      0.026	
 2018/05/21	   3.400	   3.414	   3.398	   3.402	        5841200	      3.381	      3.372	      3.331	      3.410	           	      0.000	  58412.000	  39653.914	  39505.258	      0.006	     -0.007	      0.026	
 2018/05/22	   3.402	   3.404	   3.381	   3.388	        2938600	      3.383	      3.375	      3.337	      3.409	           	      0.000	  29386.000	  38214.289	  36583.559	      0.008	     -0.004	      0.023	
 2018/05/23	   3.385	   3.387	   3.365	   3.365	        4640900	      3.382	      3.376	      3.342	      3.405	           	      0.000	  46409.000	  40961.543	  37053.156	      0.007	     -0.002	      0.017	
 2018/05/24	   3.365	   3.366	   3.340	   3.342	        5297800	      3.378	      3.374	      3.343	      3.402	           	      0.000	  52978.000	  45845.602	  39133.855	      0.004	     -0.001	      0.010	
 2018/05/25	   3.341	   3.350	   3.330	   3.346	        4878300	      3.369	      3.372	      3.345	      3.398	           	      0.000	  48783.000	  47193.602	  40987.156	      0.003	     -0.000	      0.005	
 2018/05/28	   3.343	   3.350	   3.330	   3.341	        4187400	      3.356	      3.369	      3.349	      3.394	           	      0.000	  41874.000	  43886.000	  41769.957	      0.001	      0.000	      0.001	
 2018/05/29	   3.339	   3.347	   3.330	   3.338	        3939159	      3.346	      3.365	      3.352	      3.391	           	      0.000	  39391.590	  45887.117	  42050.703	     -0.001	     -0.000	     -0.002	
 2018/05/30	   3.329	   3.329	   3.293	   3.299	        7643300	      3.333	      3.358	      3.353	      3.388	           	      0.000	  76433.000	  51891.918	  46426.730	     -0.005	     -0.001	     -0.008	
 2018/05/31	   3.307	   3.344	   3.307	   3.340	        4947732	      3.333	      3.355	      3.355	      3.385	           	      0.000	  49477.320	  51191.781	  48518.691	     -0.005	     -0.002	     -0.007	
 2018/06/01	   3.336	   3.348	   3.318	   3.329	        3653000	      3.329	      3.349	      3.357	      3.382	           	      0.000	  36530.000	  48741.184	  47967.391	     -0.006	     -0.003	     -0.007	
 2018/06/04	   3.334	   3.350	   3.334	   3.346	        3491900	      3.330	      3.343	      3.357	      3.378	           	      0.000	  34919.000	  47350.184	  45618.090	     -0.005	     -0.003	     -0.004	
 2018/06/05	   3.349	   3.363	   3.336	   3.360	        3222102	      3.335	      3.341	      3.358	      3.375	           	      0.000	  32221.020	  45916.066	  45901.594	     -0.004	     -0.003	     -0.001	
 2018/06/06	   3.358	   3.358	   3.347	   3.353	        2514953	      3.346	      3.339	      3.358	      3.372	           	      0.000	  25149.529	  35659.375	  43775.645	     -0.003	     -0.003	      0.001	
 2018/06/07	   3.354	   3.362	   3.343	   3.343	        3965600	      3.346	      3.339	      3.357	      3.369	           	      0.000	  39656.000	  33695.109	  42443.445	     -0.003	     -0.003	      0.001	
 2018/06/08	   3.342	   3.342	   3.300	   3.309	        6082000	      3.342	      3.336	      3.354	      3.364	           	      0.000	  60820.000	  38553.109	  43647.145	     -0.006	     -0.004	     -0.004	
 2018/06/11	   3.307	   3.308	   3.292	   3.305	        5209100	      3.334	      3.332	      3.351	      3.360	           	      0.000	  52091.000	  41987.508	  44668.848	     -0.008	     -0.005	     -0.007	
 2018/06/12	   3.306	   3.334	   3.298	   3.325	        3616428	      3.327	      3.331	      3.348	      3.357	           	      0.000	  36164.281	  42776.164	  44346.113	     -0.008	     -0.005	     -0.006	
 2018/06/13	   3.324	   3.331	   3.319	   3.322	        1989368	      3.321	      3.333	      3.345	      3.353	           	      0.000	  19893.680	  41724.992	  38692.184	     -0.009	     -0.006	     -0.005	
 2018/06/14	   3.317	   3.330	   3.306	   3.320	        2056100	      3.316	      3.331	      3.343	      3.350	           	      0.000	  20561.000	  37905.992	  35800.551	     -0.009	     -0.007	     -0.005	
 2018/06/15	   3.320	   3.329	   3.310	   3.318	        4138100	      3.318	      3.330	      3.340	      3.347	           	      0.000	  41381.000	  34018.191	  36285.652	     -0.009	     -0.007	     -0.004	
 2018/06/19	   3.314	   3.315	   3.215	   3.251	       12437206	      3.307	      3.321	      3.332	      3.343	           	      0.000	 124372.063	  48474.406	  45230.957	     -0.015	     -0.009	     -0.012	
 2018/06/20	   3.241	   3.250	   3.223	   3.246	        6913895	      3.291	      3.309	      3.325	      3.339	           	      0.000	  69138.953	  55069.340	  48922.750	     -0.019	     -0.011	     -0.017	
 2018/06/21	   3.246	   3.265	   3.223	   3.226	        6141000	      3.272	      3.296	      3.318	      3.335	           	      0.000	  61410.000	  63372.602	  52548.797	     -0.024	     -0.013	     -0.021	
 2018/06/22	   3.223	   3.226	   3.198	   3.221	        4569300	      3.252	      3.284	      3.312	      3.332	           	      0.000	  45693.000	  68399.000	  53152.496	     -0.028	     -0.016	     -0.023	
 2018/06/25	   3.227	   3.241	   3.200	   3.201	        5455100	      3.229	      3.273	      3.305	      3.329	           	      0.000	  54551.000	  71033.000	  52525.598	     -0.032	     -0.020	     -0.026	
 2018/06/26	   3.185	   3.185	   3.138	   3.168	       12324300	      3.212	      3.260	      3.296	      3.325	           	      0.000	 123243.000	  70807.188	  59640.797	     -0.038	     -0.023	     -0.030	
 2018/06/27	   3.168	   3.177	   3.124	   3.136	       12193700	      3.190	      3.241	      3.286	      3.322	           	      0.000	 121937.000	  81366.797	  68218.070	     -0.045	     -0.028	     -0.034	
 2018/06/28	   3.139	   3.140	   3.104	   3.109	        8967355	      3.167	      3.220	      3.276	      3.317	           	      0.000	  89673.547	  87019.508	  75196.055	     -0.052	     -0.032	     -0.038	
 2018/06/29	   3.112	   3.158	   3.111	   3.155	        9904010	      3.154	      3.203	      3.267	      3.313	           	      0.000	  99040.102	  97688.930	  83043.969	     -0.053	     -0.036	     -0.032	
 2018/07/02	   3.156	   3.156	   3.064	   3.080	       26136160	      3.130	      3.179	      3.255	      3.308	           	      0.000	 261361.594	 139051.047	 105042.023	     -0.059	     -0.041	     -0.036	
 2018/07/03	   3.086	   3.089	   3.029	   3.085	       10353300	      3.113	      3.163	      3.242	      3.304	           	      0.000	 103533.000	 135109.047	 102958.117	     -0.063	     -0.045	     -0.035	
 2018/07/04	   3.084	   3.098	   3.075	   3.078	        5321300	      3.101	      3.146	      3.228	      3.300	           	      0.000	  53213.000	 121364.250	 101365.523	     -0.065	     -0.049	     -0.032	
 2018/07/05	   3.079	   3.093	   3.055	   3.064	        5840100	      3.092	      3.130	      3.213	      3.296	           	      0.000	  58401.000	 115109.742	 101064.625	     -0.068	     -0.053	     -0.030	
 2018/07/06	   3.067	   3.095	   3.038	   3.081	        8090900	      3.078	      3.116	      3.200	      3.291	           	      0.000	  80909.000	 111483.516	 104586.227	     -0.068	     -0.056	     -0.024	
 2018/07/09	   3.085	   3.138	   3.084	   3.136	        9678700	      3.089	      3.109	      3.191	      3.286	           	      0.000	  96787.000	  78568.602	 108809.828	     -0.063	     -0.057	     -0.011	
 2018/07/10	   3.136	   3.151	   3.125	   3.146	        6783500	      3.101	      3.107	      3.183	      3.282	           	      0.000	  67835.000	  71429.000	 103269.023	     -0.057	     -0.057	      0.000	
 2018/07/11	   3.105	   3.117	   3.091	   3.108	        8627200	      3.107	      3.104	      3.173	      3.278	           	      0.000	  86272.000	  78040.797	  99702.523	     -0.055	     -0.057	      0.004	
 2018/07/12	   3.105	   3.165	   3.105	   3.153	        8567700	      3.125	      3.109	      3.164	      3.276	           	      0.000	  85677.000	  83496.000	  99302.867	     -0.049	     -0.055	      0.012	
 2018/07/13	   3.159	   3.164	   3.145	   3.150	        3198626	      3.139	      3.108	      3.156	      3.273	           	      0.000	  31986.260	  73711.453	  92597.484	     -0.044	     -0.053	      0.018	
 2018/07/16	   3.151	   3.159	   3.125	   3.140	        4868764	      3.139	      3.114	      3.147	      3.271	           	      0.000	  48687.641	  64091.578	  71330.094	     -0.041	     -0.051	      0.020	
 2018/07/17	   3.128	   3.139	   3.111	   3.127	        5556664	      3.136	      3.118	      3.141	      3.268	           	      0.000	  55566.641	  61637.906	  66533.453	     -0.039	     -0.048	      0.019	
 2018/07/18	   3.127	   3.160	   3.127	   3.141	        4578400	      3.142	      3.125	      3.135	      3.266	           	      0.000	  45784.000	  53540.309	  65790.555	     -0.035	     -0.046	      0.021	
 2018/07/19	   3.142	   3.155	   3.130	   3.130	        4812800	      3.138	      3.131	      3.130	      3.264	           	      0.000	  48128.000	  46030.508	  64763.254	     -0.033	     -0.043	      0.020	
 2018/07/20	   3.131	   3.205	   3.123	   3.197	        7376800	      3.147	      3.143	      3.129	      3.261	           	      0.000	  73768.000	  54386.855	  64049.152	     -0.026	     -0.040	      0.028	
 2018/07/23	   3.191	   3.239	   3.184	   3.234	        6593000	      3.166	      3.153	      3.131	      3.260	           	      0.000	  65930.000	  57835.328	  60963.453	     -0.017	     -0.035	      0.037	
 2018/07/24	   3.235	   3.267	   3.235	   3.256	        6886100	      3.192	      3.164	      3.135	      3.260	           	      0.000	  68861.000	  60494.199	  61066.055	     -0.008	     -0.030	      0.044	
 2018/07/25	   3.264	   3.264	   3.246	   3.255	        3917600	      3.214	      3.178	      3.141	      3.260	           	      0.000	  39176.000	  59172.602	  56356.453	     -0.001	     -0.024	      0.046	
 2018/07/26	   3.255	   3.267	   3.233	   3.238	        4102900	      3.236	      3.187	      3.148	      3.259	           	      0.000	  41029.000	  57752.801	  51891.652	      0.003	     -0.019	      0.044	
 2018/07/27	   3.238	   3.245	   3.227	   3.230	        2993800	      3.243	      3.195	      3.151	      3.258	           	      0.000	  29938.000	  48986.801	  51686.828	      0.006	     -0.014	      0.039	
 2018/07/30	   3.230	   3.258	   3.221	   3.235	        5002300	      3.243	      3.204	      3.159	      3.257	           	      0.000	  50023.000	  45805.398	  51820.363	      0.008	     -0.009	      0.035	
 2018/07/31	   3.234	   3.259	   3.224	   3.252	        4866700	      3.242	      3.217	      3.168	      3.256	           	      0.000	  48667.000	  41766.602	  51130.398	      0.011	     -0.005	      0.033	
 2018/08/01	   3.254	   3.263	   3.199	   3.201	        6998541	      3.231	      3.223	      3.174	      3.253	           	      0.000	  69985.406	  47928.480	  53550.539	      0.010	     -0.002	      0.024	
 2018/08/02	   3.195	   3.195	   3.118	   3.144	       11246100	      3.212	      3.224	      3.178	      3.250	           	      0.000	 112461.000	  62214.883	  59983.840	      0.004	     -0.001	      0.009	
 2018/08/03	   3.147	   3.162	   3.130	   3.131	        6574000	      3.193	      3.218	      3.180	      3.246	           	      0.000	  65740.000	  69375.281	  59181.039	     -0.002	     -0.001	     -0.002	
 2018/08/06	   3.136	   3.154	   3.104	   3.115	        6654600	      3.169	      3.206	      3.179	      3.241	           	      0.000	  66546.000	  72679.883	  59242.641	     -0.008	     -0.003	     -0.011	
 2018/08/07	   3.118	   3.171	   3.107	   3.171	        7626900	      3.152	      3.197	      3.180	      3.238	           	      0.000	  76269.000	  78200.281	  59983.441	     -0.008	     -0.004	     -0.009	
 2018/08/08	   3.169	   3.169	   3.136	   3.136	        5076500	      3.139	      3.185	      3.182	      3.234	           	      0.000	  50765.000	  74356.203	  61142.340	     -0.011	     -0.005	     -0.011	
 2018/08/09	   3.135	   3.188	   3.128	   3.180	        5045661	      3.147	      3.180	      3.183	      3.231	           	      0.000	  50456.609	  61955.320	  62085.102	     -0.009	     -0.006	     -0.007	
 2018/08/10	   3.183	   3.188	   3.153	   3.170	        4151000	      3.154	      3.174	      3.184	      3.228	           	      0.000	  41510.000	  57109.320	  63242.301	     -0.009	     -0.006	     -0.004	
 2018/08/13	   3.155	   3.155	   3.117	   3.149	        7313148	      3.161	      3.165	      3.185	      3.224	           	      0.000	  73131.477	  58426.418	  65553.148	     -0.010	     -0.007	     -0.005	
 2018/08/14	   3.149	   3.154	   3.137	   3.143	        3864700	      3.156	      3.154	      3.185	      3.219	           	      0.000	  38647.000	  50902.016	  64551.148	     -0.011	     -0.008	     -0.006	
 2018/08/15	   3.145	   3.149	   3.096	   3.097	        9480848	      3.148	      3.144	      3.183	      3.214	           	      0.000	  94808.477	  59710.711	  67033.453	     -0.016	     -0.009	     -0.012	
 2018/08/16	   3.088	   3.105	   3.057	   3.087	        7776800	      3.129	      3.138	      3.181	      3.210	           	      0.000	  77768.000	  65172.992	  63564.156	     -0.020	     -0.012	     -0.017	
 2018/08/17	   3.102	   3.107	   3.060	   3.062	        6771400	      3.108	      3.131	      3.174	      3.205	           	      0.000	  67714.000	  70413.789	  63761.555	     -0.025	     -0.014	     -0.021	
 2018/08/20	   3.065	   3.090	   3.060	   3.088	        5841400	      3.095	      3.128	      3.167	      3.201	           	      0.000	  58414.000	  67470.297	  62948.355	     -0.026	     -0.017	     -0.020	
 2018/08/21	   3.090	   3.123	   3.090	   3.114	        4651300	      3.090	      3.123	      3.160	      3.197	           	      0.000	  46513.000	  69043.492	  59972.758	     -0.025	     -0.018	     -0.014	
 2018/08/22	   3.114	   3.119	   3.098	   3.103	        2793428	      3.091	      3.119	      3.152	      3.193	           	      0.000	  27934.279	  55668.656	  57689.684	     -0.025	     -0.020	     -0.011	
 2018/08/23	   3.103	   3.124	   3.090	   3.112	        3817500	      3.096	      3.112	      3.146	      3.190	           	      0.000	  38175.000	  47750.055	  56461.523	     -0.024	     -0.021	     -0.007	
 2018/08/24	   3.111	   3.140	   3.098	   3.122	        4820853	      3.108	      3.108	      3.141	      3.186	           	      0.000	  48208.531	  43848.961	  57131.375	     -0.022	     -0.021	     -0.002	
 2018/08/27	   3.125	   3.176	   3.125	   3.174	        6179955	      3.125	      3.110	      3.138	      3.184	           	      0.000	  61799.551	  44526.070	  55998.184	     -0.016	     -0.020	      0.008	
 2018/08/28	   3.174	   3.182	   3.168	   3.172	        4588505	      3.137	      3.113	      3.134	      3.181	           	      0.000	  45885.051	  44400.484	  56721.988	     -0.011	     -0.018	      0.014	
 2018/08/29	   3.170	   3.174	   3.152	   3.169	        6572533	      3.150	      3.120	      3.132	      3.178	           	      0.000	  65725.328	  51958.691	  53813.676	     -0.008	     -0.016	      0.017	
 2018/08/30	   3.160	   3.174	   3.145	   3.151	        7604901	      3.158	      3.127	      3.132	      3.174	           	      0.000	  76049.008	  59533.492	  53641.773	     -0.006	     -0.014	      0.016	
 2018/08/31	   3.144	   3.156	   3.127	   3.141	        4637645	      3.161	      3.135	      3.133	      3.171	           	      0.000	  46376.449	  59167.078	  51508.020	     -0.006	     -0.012	      0.013	
 2018/09/03	   3.143	   3.147	   3.115	   3.137	        5063274	      3.154	      3.139	      3.134	      3.168	           	      0.000	  50632.738	  56933.715	  50729.895	     -0.006	     -0.011	      0.011	
 2018/09/04	   3.138	   3.167	   3.131	   3.161	        5183200	      3.152	      3.144	      3.133	      3.166	           	      0.000	  51832.000	  58123.105	  51261.793	     -0.004	     -0.009	      0.012	
 2018/09/05	   3.156	   3.159	   3.118	   3.125	        5887600	      3.143	      3.146	      3.133	      3.162	           	      0.000	  58876.000	  56753.238	  54355.965	     -0.005	     -0.009	      0.008	
 2018/09/06	   3.113	   3.128	   3.098	   3.100	        4998300	      3.133	      3.145	      3.129	      3.159	           	      0.000	  49983.000	  51540.039	  55536.766	     -0.008	     -0.008	      0.001	
 2018/09/07	   3.105	   3.132	   3.095	   3.112	        5627400	      3.127	      3.144	      3.126	      3.155	           	      0.000	  56274.000	  53519.547	  56343.313	     -0.009	     -0.008	     -0.001	
 2018/09/10	   3.108	   3.115	   3.095	   3.100	        9481100	      3.120	      3.137	      3.123	      3.152	           	      0.000	  94811.000	  62355.199	  59644.457	     -0.011	     -0.009	     -0.004	
 2018/09/11	   3.099	   3.100	   3.078	   3.089	        5542000	      3.105	      3.128	      3.121	      3.149	           	      0.000	  55420.000	  63072.801	  60597.953	     -0.013	     -0.010	     -0.006	
 2018/09/12	   3.092	   3.099	   3.071	   3.085	        5634000	      3.097	      3.120	      3.120	      3.146	           	      0.000	  56340.000	  62565.602	  59659.418	     -0.015	     -0.011	     -0.008	
 2018/09/13	   3.100	   3.115	   3.088	   3.114	        5455200	      3.100	      3.116	      3.122	      3.144	           	      0.000	  54552.000	  63479.398	  57509.719	     -0.014	     -0.011	     -0.005	
 2018/09/14	   3.115	   3.124	   3.108	   3.117	        3881600	      3.101	      3.114	      3.124	      3.143	           	      0.000	  38816.000	  59987.801	  56753.672	     -0.013	     -0.012	     -0.002	
 2018/09/17	   3.114	   3.114	   3.097	   3.103	        6726400	      3.102	      3.111	      3.125	      3.141	           	      0.000	  67264.000	  54478.398	  58416.801	     -0.013	     -0.012	     -0.002	
 2018/09/18	   3.099	   3.142	   3.095	   3.141	        4775300	      3.112	      3.109	      3.126	      3.141	           	      0.000	  47753.000	  52945.000	  58008.898	     -0.010	     -0.011	      0.004	
 2018/09/19	   3.141	   3.184	   3.134	   3.176	       10988606	      3.130	      3.114	      3.130	      3.141	           	      0.000	 109886.063	  63654.211	  63109.906	     -0.004	     -0.010	      0.012	
 2018/09/20	   3.179	   3.182	   3.164	   3.167	        4293500	      3.141	      3.120	      3.133	      3.142	           	      0.000	  42935.000	  61330.813	  62405.105	     -0.001	     -0.008	      0.015	
 2018/09/21	   3.173	   3.245	   3.167	   3.243	        9006400	      3.166	      3.134	      3.139	      3.144	           	      0.000	  90064.000	  71580.414	  65784.109	      0.008	     -0.005	      0.026	
 2018/09/25	   3.220	   3.228	   3.212	   3.220	        6366018	      3.189	      3.145	      3.141	      3.146	           	      0.000	  63660.180	  70859.648	  62669.023	      0.013	     -0.001	      0.029	
 2018/09/26	   3.225	   3.274	   3.223	   3.240	        8113300	      3.209	      3.161	      3.145	      3.149	           	      0.000	  81133.000	  77535.648	  65240.324	      0.019	      0.003	      0.032	
 2018/09/27	   3.237	   3.248	   3.233	   3.244	        3875900	      3.223	      3.177	      3.148	      3.151	           	      0.000	  38759.000	  63310.234	  63482.223	      0.023	      0.007	      0.032	
 2018/09/28	   3.244	   3.270	   3.244	   3.266	        5636900	      3.243	      3.192	      3.154	      3.155	           	      0.000	  56369.000	  65997.039	  63663.926	      0.028	      0.011	      0.034	
 2018/10/08	   3.234	   3.234	   3.168	   3.172	       13441500	      3.228	      3.197	      3.156	      3.156	           	      0.000	 134415.000	  74867.234	  73223.828	      0.024	      0.014	      0.020	
 2018/10/09	   3.172	   3.182	   3.161	   3.164	        7593100	      3.217	      3.203	      3.157	      3.157	           	      0.000	  75931.000	  77321.398	  74090.523	      0.020	      0.015	      0.010	
 2018/10/10	   3.168	   3.188	   3.154	   3.174	        5351600	      3.204	      3.207	      3.158	      3.157	           	      0.000	  53516.000	  71798.000	  74666.828	      0.017	      0.015	      0.004	
 2018/10/11	   3.110	   3.140	   3.036	   3.063	       35491100	      3.168	      3.195	      3.155	      3.156	           	      0.000	 354911.000	 135028.406	  99169.320	      0.006	      0.013	     -0.015	
 2018/10/12	   3.062	   3.089	   3.026	   3.079	       17905500	      3.130	      3.187	      3.153	      3.155	           	      0.000	 179055.000	 159565.594	 112781.320	     -0.001	      0.010	     -0.024	
 2018/10/15	   3.088	   3.089	   3.032	   3.040	       11822900	      3.104	      3.166	      3.150	      3.153	           	      0.000	 118229.000	 156328.406	 115597.820	     -0.010	      0.006	     -0.033	
 2018/10/16	   3.038	   3.055	   3.015	   3.019	       10769400	      3.075	      3.146	      3.146	      3.151	           	      0.000	 107694.000	 162681.000	 120001.203	     -0.019	      0.001	     -0.040	
 2018/10/17	   3.036	   3.052	   3.007	   3.039	       10681100	      3.048	      3.126	      3.143	      3.150	           	      0.000	 106811.000	 173340.000	 122569.000	     -0.024	     -0.004	     -0.040	
 2018/10/18	   3.030	   3.030	   2.990	   2.995	       16203200	      3.034	      3.101	      3.139	      3.147	           	      0.000	 162032.000	 134764.203	 134896.297	     -0.031	     -0.009	     -0.043	
 2018/10/19	   2.984	   3.054	   2.965	   3.052	       13352853	      3.029	      3.080	      3.136	      3.146	           	      0.000	 133528.531	 125658.906	 142612.250	     -0.032	     -0.014	     -0.036	
 2018/10/22	   3.067	   3.160	   3.067	   3.140	       20200500	      3.049	      3.076	      3.137	      3.145	           	      0.000	 202005.000	 142414.109	 149371.250	     -0.025	     -0.016	     -0.018	
 2018/10/23	   3.141	   3.141	   3.070	   3.077	       19162000	      3.061	      3.068	      3.136	      3.143	           	      0.000	 191620.000	 159199.313	 160940.156	     -0.024	     -0.018	     -0.013	
 2018/10/24	   3.076	   3.121	   3.068	   3.089	       11226400	      3.071	      3.059	      3.133	      3.140	           	      0.000	 112264.000	 160289.906	 166814.953	     -0.022	     -0.019	     -0.008	
 2018/10/25	   3.045	   3.090	   3.019	   3.086	       12246800	      3.089	      3.062	      3.128	      3.137	           	      0.000	 122468.000	 152377.109	 143570.656	     -0.021	     -0.019	     -0.004	
 2018/10/26	   3.095	   3.110	   3.074	   3.090	        5333628	      3.096	      3.063	      3.125	      3.134	           	      0.000	  53336.281	 136338.656	 130998.781	     -0.019	     -0.019	     -0.001	
 2018/10/29	   3.090	   3.096	   3.027	   3.039	       13526900	      3.076	      3.063	      3.114	      3.131	           	      0.000	 135269.000	 122991.453	 132702.781	     -0.022	     -0.020	     -0.005	
 2018/10/30	   3.034	   3.080	   3.026	   3.053	        8594701	      3.071	      3.066	      3.106	      3.128	           	      0.000	  85947.008	 101856.859	 130528.078	     -0.023	     -0.020	     -0.005	
 2018/10/31	   3.063	   3.087	   3.057	   3.081	        9701300	      3.070	      3.070	      3.098	      3.125	           	      0.000	  97013.000	  98806.656	 129548.281	     -0.021	     -0.020	     -0.001	
 2018/11/01	   3.086	   3.105	   3.075	   3.078	        8981263	      3.068	      3.079	      3.090	      3.123	           	      0.000	  89812.633	  92275.586	 122326.344	     -0.019	     -0.020	      0.002	
 2018/11/02	   3.117	   3.140	   3.098	   3.140	       13401676	      3.078	      3.087	      3.083	      3.123	           	      0.000	 134016.766	 108411.680	 122375.172	     -0.013	     -0.019	      0.012	
 2018/11/05	   3.126	   3.136	   3.100	   3.125	        8988300	      3.095	      3.086	      3.081	      3.123	           	      0.000	  89883.000	  99334.484	 111162.969	     -0.009	     -0.017	      0.016	
 2018/11/06	   3.124	   3.125	   3.105	   3.121	        4352100	      3.109	      3.090	      3.079	      3.123	           	      0.000	  43521.000	  90849.281	  96353.070	     -0.006	     -0.014	      0.017	
 2018/11/07	   3.121	   3.138	   3.103	   3.106	        6971400	      3.114	      3.092	      3.076	      3.122	           	      0.000	  69714.000	  85389.477	  92098.070	     -0.005	     -0.012	      0.016	
 2018/11/08	   3.116	   3.128	   3.099	   3.108	        9558400	      3.120	      3.094	      3.078	      3.122	           	      0.000	  95584.000	  86543.750	  89409.672	     -0.004	     -0.011	      0.014	
 2018/11/09	   3.097	   3.098	   3.070	   3.071	        8721400	      3.106	      3.092	      3.077	      3.120	           	      0.000	  87214.000	  77183.203	  92797.438	     -0.006	     -0.010	      0.008	
 2018/11/12	   3.068	   3.101	   3.065	   3.101	        5522601	      3.101	      3.098	      3.081	      3.119	           	      0.000	  55226.012	  70251.805	  84793.141	     -0.005	     -0.009	      0.008	
 2018/11/13	   3.084	   3.125	   3.076	   3.115	        6374402	      3.100	      3.105	      3.085	      3.118	           	      0.000	  63744.020	  74296.406	  82572.844	     -0.003	     -0.008	      0.009	
 2018/11/14	   3.115	   3.121	   3.087	   3.090	        6158100	      3.097	      3.105	      3.088	      3.117	           	      0.000	  61581.000	  72669.805	  79029.641	     -0.004	     -0.007	      0.007	
 2018/11/15	   3.090	   3.113	   3.090	   3.109	        5025000	      3.097	      3.109	      3.094	      3.118	           	      0.000	  50250.000	  63603.008	  75073.383	     -0.002	     -0.006	      0.007	
 2018/11/16	   3.115	   3.130	   3.103	   3.115	        7173676	      3.106	      3.106	      3.097	      3.118	           	      0.000	  71736.758	  60507.559	  68845.375	     -0.001	     -0.005	      0.008	
 2018/11/19	   3.116	   3.140	   3.116	   3.139	        6831539	      3.114	      3.108	      3.097	      3.119	           	      0.000	  68315.391	  63125.434	  66688.617	      0.002	     -0.004	      0.011	
 2018/11/20	   3.130	   3.136	   3.090	   3.094	        9643800	      3.109	      3.105	      3.098	      3.119	           	      0.000	  96438.000	  69664.227	  71980.320	      0.001	     -0.003	      0.007	
 2018/11/21	   3.083	   3.098	   3.072	   3.094	        4723600	      3.110	      3.104	      3.098	      3.119	           	      0.000	  47236.000	  66795.227	  69732.516	     -0.000	     -0.002	      0.004	
 2018/11/22	   3.097	   3.101	   3.075	   3.085	        4042200	      3.105	      3.101	      3.098	      3.119	           	      0.000	  40422.000	  64829.629	  64216.316	     -0.002	     -0.002	      0.001	
 2018/11/23	   3.084	   3.084	   3.035	   3.040	       15488500	      3.090	      3.098	      3.095	      3.118	           	      0.000	 154885.000	  81459.281	  70983.422	     -0.006	     -0.003	     -0.007	
 2018/11/26	   3.040	   3.056	   3.032	   3.043	        6314500	      3.071	      3.092	      3.095	      3.116	           	      0.000	  63145.000	  80425.203	  71775.320	     -0.010	     -0.004	     -0.011	
 2018/11/27	   3.045	   3.052	   3.029	   3.037	        5631700	      3.060	      3.085	      3.095	      3.114	           	      0.000	  56317.000	  72401.000	  71032.617	     -0.013	     -0.006	     -0.014	
 2018/11/28	   3.035	   3.054	   3.023	   3.053	        4698200	      3.052	      3.081	      3.093	      3.112	           	      0.000	  46982.000	  72350.203	  69572.719	     -0.014	     -0.008	     -0.012	
 2018/11/29	   3.063	   3.063	   3.035	   3.036	        5192238	      3.042	      3.074	      3.091	      3.110	           	      0.000	  51922.379	  74650.273	  69739.953	     -0.016	     -0.009	     -0.013	
 2018/11/30	   3.035	   3.053	   3.029	   3.052	        5190000	      3.044	      3.067	      3.087	      3.108	           	      0.000	  51900.000	  54053.277	  67756.273	     -0.016	     -0.011	     -0.011	
 2018/12/03	   3.093	   3.119	   3.087	   3.108	       12109743	      3.057	      3.064	      3.086	      3.108	           	      0.000	 121097.430	  65643.766	  73034.484	     -0.011	     -0.011	     -0.001	
 2018/12/04	   3.109	   3.118	   3.095	   3.114	        5634244	      3.073	      3.066	      3.086	      3.107	           	      0.000	  56342.441	  65648.852	  69024.922	     -0.007	     -0.010	      0.006	
 2018/12/05	   3.094	   3.117	   3.089	   3.107	        4729300	      3.083	      3.068	      3.086	      3.106	           	      0.000	  47293.000	  65711.047	  69030.625	     -0.004	     -0.009	      0.009	
 2018/12/06	   3.090	   3.095	   3.070	   3.076	        7176400	      3.091	      3.067	      3.084	      3.105	           	      0.000	  71764.000	  69679.375	  72164.828	     -0.004	     -0.008	      0.007	
 2018/12/07	   3.076	   3.088	   3.075	   3.086	        2562100	      3.098	      3.071	      3.085	      3.105	           	      0.000	  25621.000	  64423.574	  59238.426	     -0.004	     -0.007	      0.007	
 2018/12/10	   3.080	   3.085	   3.065	   3.072	        5301700	      3.091	      3.074	      3.083	      3.105	           	      0.000	  53017.000	  50807.488	  58225.625	     -0.004	     -0.006	      0.004	
 2018/12/11	   3.076	   3.080	   3.069	   3.074	        2951200	      3.083	      3.078	      3.081	      3.104	           	      0.000	  29512.000	  45441.398	  55545.125	     -0.004	     -0.006	      0.003	
 2018/12/12	   3.080	   3.095	   3.080	   3.090	        3181200	      3.080	      3.082	      3.081	      3.104	           	      0.000	  31812.000	  42345.199	  54028.125	     -0.003	     -0.006	      0.004	
 2018/12/13	   3.094	   3.128	   3.091	   3.117	       11186100	      3.088	      3.090	      3.082	      3.105	           	      0.000	 111861.000	  50364.602	  60021.988	     -0.000	     -0.004	      0.009	
 2018/12/14	   3.115	   3.118	   3.099	   3.101	       10001700	      3.091	      3.095	      3.081	      3.104	           	      0.000	 100017.000	  65243.801	  64833.688	      0.001	     -0.003	      0.009	
 2018/12/17	   3.098	   3.116	   3.094	   3.115	        4467700	      3.099	      3.095	      3.080	      3.104	           	      0.000	  44677.000	  63575.801	  57191.645	      0.003	     -0.002	      0.010	
 2018/12/18	   3.108	   3.115	   3.084	   3.099	        6665600	      3.104	      3.094	      3.080	      3.104	           	      0.000	  66656.000	  71004.602	  58223.000	      0.003	     -0.001	      0.009	
 2018/12/19	   3.096	   3.108	   3.082	   3.084	        5137000	      3.103	      3.091	      3.079	      3.103	           	      0.000	  51370.000	  74916.203	  58630.699	      0.002	     -0.000	      0.005	
 2018/12/20	   3.081	   3.095	   3.054	   3.069	       10276300	      3.094	      3.091	      3.079	      3.102	           	      0.000	 102763.000	  73096.602	  61730.602	      0.000	     -0.000	      0.001	
 2018/12/21	   3.065	   3.067	   3.041	   3.055	       10693700	      3.084	      3.088	      3.079	      3.100	           	      0.000	 106937.000	  74480.602	  69862.203	     -0.003	     -0.001	     -0.004	
 2018/12/24	   3.050	   3.070	   3.044	   3.070	        5376500	      3.075	      3.087	      3.081	      3.097	           	      0.000	  53765.000	  76298.203	  69937.000	     -0.003	     -0.001	     -0.004	
 2018/12/25	   3.059	   3.059	   3.012	   3.045	       16294200	      3.065	      3.085	      3.081	      3.094	           	      0.000	 162942.000	  95555.398	  83280.000	     -0.006	     -0.002	     -0.008	
 2018/12/26	   3.043	   3.054	   3.039	   3.047	        4250900	      3.057	      3.080	      3.081	      3.091	           	      0.000	  42509.000	  93783.203	  84349.703	     -0.008	     -0.003	     -0.009	
 2018/12/27	   3.066	   3.078	   3.034	   3.044	        6200100	      3.052	      3.073	      3.081	      3.087	           	      0.000	  62001.000	  85630.797	  79363.703	     -0.010	     -0.005	     -0.010	
 2018/12/28	   3.043	   3.052	   3.034	   3.048	        6062700	      3.051	      3.068	      3.081	      3.084	           	      0.000	  60627.000	  76368.797	  75424.703	     -0.010	     -0.006	     -0.009	
 2019/01/02	   3.052	   3.055	   2.994	   3.004	       16917500	      3.038	      3.056	      3.076	      3.081	           	      0.000	 169175.000	  99450.797	  87874.500	     -0.014	     -0.008	     -0.014	
 2019/01/03	   3.000	   3.022	   2.994	   2.997	        8427900	      3.028	      3.046	      3.070	      3.078	           	      0.000	  84279.000	  83718.203	  89636.797	     -0.018	     -0.010	     -0.017	
 2019/01/04	   2.985	   3.032	   2.977	   3.031	        9693101	      3.025	      3.041	      3.066	      3.076	           	      0.000	  96931.008	  94602.602	  94192.898	     -0.018	     -0.011	     -0.013	
 2019/01/07	   3.040	   3.059	   3.037	   3.056	        7740301	      3.027	      3.040	      3.065	      3.076	           	      0.000	  77403.008	  97683.000	  91656.898	     -0.016	     -0.012	     -0.007	
 2019/01/08	   3.055	   3.062	   3.044	   3.061	        7366301	      3.030	      3.040	      3.064	      3.075	           	      0.000	  73663.008	 100290.203	  88329.500	     -0.013	     -0.012	     -0.002	
 2019/01/09	   3.061	   3.104	   3.061	   3.073	       11184900	      3.044	      3.041	      3.064	      3.076	           	      0.000	 111849.000	  88825.008	  94137.906	     -0.010	     -0.012	      0.003	
 2019/01/10	   3.075	   3.082	   3.065	   3.065	        8166901	      3.057	      3.043	      3.064	      3.077	           	      0.000	  81669.008	  88303.008	  86010.602	     -0.008	     -0.011	      0.006	
 2019/01/11	   3.067	   3.081	   3.064	   3.076	        5189100	      3.066	      3.046	      3.063	      3.077	           	      0.000	  51891.000	  79295.008	  86948.805	     -0.006	     -0.010	      0.008	
 2019/01/14	   3.077	   3.085	   3.075	   3.078	        6062000	      3.071	      3.049	      3.061	      3.079	           	      0.000	  60620.000	  75938.406	  86810.703	     -0.004	     -0.009	      0.010	
 2019/01/15	   3.079	   3.100	   3.070	   3.096	        9463800	      3.078	      3.054	      3.061	      3.079	           	      0.000	  94638.000	  80133.398	  90211.805	     -0.001	     -0.007	      0.013	
 2019/01/16	   3.101	   3.102	   3.094	   3.098	        7205000	      3.083	      3.063	      3.060	      3.079	           	      0.000	  72050.000	  72173.602	  80499.305	      0.002	     -0.005	      0.015	
 2019/01/17	   3.099	   3.110	   3.091	   3.091	        6874701	      3.088	      3.072	      3.059	      3.079	           	      0.000	  68747.008	  69589.203	  78946.102	      0.003	     -0.004	      0.014	
 2019/01/18	   3.093	   3.125	   3.093	   3.123	        7131301	      3.097	      3.082	      3.061	      3.080	           	      0.000	  71313.008	  73473.602	  76384.305	      0.007	     -0.002	      0.017	
 2019/01/21	   3.128	   3.141	   3.125	   3.134	       10495800	      3.108	      3.089	      3.065	      3.080	           	      0.000	 104958.000	  82341.203	  79139.805	      0.011	      0.001	      0.020	
 2019/01/22	   3.133	   3.140	   3.102	   3.109	       11872700	      3.111	      3.094	      3.067	      3.081	           	      0.000	 118727.000	  87159.000	  83646.203	      0.011	      0.003	      0.017	
 2019/01/23	   3.106	   3.118	   3.101	   3.112	        3688827	      3.114	      3.098	      3.069	      3.082	           	      0.000	  36888.270	  80126.656	  76150.133	      0.012	      0.005	      0.015	
 2019/01/24	   3.108	   3.123	   3.101	   3.121	        8090000	      3.120	      3.104	      3.073	      3.083	           	      0.000	  80900.000	  82557.258	  76073.227	      0.013	      0.006	      0.013	
 2019/01/25	   3.121	   3.139	   3.121	   3.129	        8392100	      3.121	      3.109	      3.077	      3.084	           	      0.000	  83921.000	  85078.852	  79276.227	      0.015	      0.008	      0.013	
 2019/01/28	   3.137	   3.158	   3.127	   3.130	       10107490	      3.120	      3.114	      3.082	      3.085	           	      0.000	 101074.898	  84302.234	  83321.719	      0.016	      0.010	      0.012	
 2019/01/29	   3.122	   3.146	   3.105	   3.141	       11570455	      3.127	      3.119	      3.086	      3.085	           	      0.000	 115704.547	  83697.742	  85428.375	      0.017	      0.011	      0.012	
 2019/01/30	   3.137	   3.147	   3.123	   3.132	        5942684	      3.131	      3.122	      3.093	      3.085	           	      0.000	  59426.840	  88205.453	  84166.055	      0.017	      0.012	      0.010	
 2019/01/31	   3.134	   3.157	   3.134	   3.148	        7331076	      3.136	      3.128	      3.100	      3.085	           	      0.000	  73310.758	  86687.609	  84622.430	      0.019	      0.014	      0.010	
 2019/02/01	   3.151	   3.171	   3.143	   3.170	       11730062	      3.144	      3.133	      3.107	      3.086	           	      0.000	 117300.617	  93363.531	  89221.195	      0.021	      0.015	      0.012	
 2019/02/11	   3.170	   3.193	   3.163	   3.185	       16877560	      3.155	      3.138	      3.114	      3.088	           	      0.000	 168775.594	 106903.672	  95602.953	      0.024	      0.017	      0.014	
 2019/02/12	   3.195	   3.213	   3.185	   3.204	       13756101	      3.168	      3.147	      3.121	      3.090	           	      0.000	 137561.016	 111274.969	  97486.352	      0.028	      0.019	      0.017	
 2019/02/13	   3.206	   3.252	   3.203	   3.235	       18872602	      3.188	      3.160	      3.129	      3.092	           	      0.000	 188726.016	 137134.797	 112670.125	      0.033	      0.022	      0.022	
 2019/02/14	   3.236	   3.248	   3.228	   3.240	        8770497	      3.207	      3.171	      3.138	      3.094	           	      0.000	  87704.969	 140013.641	 113350.625	      0.036	      0.025	      0.024	
 2019/02/15	   3.237	   3.237	   3.197	   3.201	       12139166	      3.213	      3.179	      3.144	      3.096	           	      0.000	 121391.656	 140831.844	 117097.688	      0.036	      0.027	      0.018	
 2019/02/18	   3.210	   3.261	   3.210	   3.261	       10353918	      3.228	      3.192	      3.153	      3.099	           	      0.000	 103539.180	 127784.570	 117344.117	      0.040	      0.030	      0.021	
 2019/02/19	   3.263	   3.279	   3.245	   3.257	       11884218	      3.239	      3.203	      3.161	      3.101	           	      0.000	 118842.180	 124040.797	 117657.883	      0.042	      0.032	      0.020	
 2019/02/20	   3.259	   3.265	   3.245	   3.260	        8753127	      3.244	      3.216	      3.169	      3.103	           	      0.000	  87531.273	 103801.852	 120468.328	      0.044	      0.034	      0.019	
 2019/02/21	   3.260	   3.274	   3.238	   3.242	       11398376	      3.244	      3.226	      3.177	      3.105	           	      0.000	 113983.758	 109057.609	 124535.625	      0.043	      0.036	      0.014	
 2019/02/22	   3.243	   3.271	   3.230	   3.270	       11249053	      3.258	      3.235	      3.184	      3.108	           	      0.000	 112490.531	 107277.383	 124054.617	      0.044	      0.038	      0.013	
 2019/02/25	   3.276	   3.390	   3.276	   3.388	       32200990	      3.283	      3.256	      3.197	      3.113	           	      0.000	 322009.906	 150971.531	 139378.047	      0.054	      0.041	      0.026	
 2019/02/26	   3.381	   3.417	   3.363	   3.371	       22776076	      3.306	      3.273	      3.210	      3.119	           	      0.000	 227760.766	 172755.250	 148398.031	      0.060	      0.045	      0.030	
 2019/02/27	   3.363	   3.411	   3.355	   3.369	       14709501	      3.328	      3.286	      3.223	      3.124	           	      0.000	 147095.016	 184668.000	 144234.922	      0.064	      0.049	      0.030	
 2019/02/28	   3.368	   3.390	   3.363	   3.370	       10027700	      3.354	      3.299	      3.235	      3.130	           	      0.000	 100277.000	 181926.641	 145492.125	      0.066	      0.052	      0.028	
 2019/03/01	   3.379	   3.399	   3.362	   3.398	       11799176	      3.379	      3.319	      3.249	      3.136	           	      0.000	 117991.758	 183026.891	 145152.141	      0.069	      0.056	      0.027	
 2019/03/04	   3.403	   3.473	   3.403	   3.432	       18469336	      3.388	      3.336	      3.264	      3.142	           	      0.000	 184693.359	 155563.578	 153267.563	      0.074	      0.059	      0.029	
 2019/03/05	   3.429	   3.448	   3.415	   3.447	       12732900	      3.403	      3.355	      3.279	      3.149	           	      0.000	 127329.000	 135477.219	 154116.234	      0.077	      0.063	      0.029	
 2019/03/06	   3.447	   3.490	   3.430	   3.482	       18930662	      3.426	      3.377	      3.296	      3.155	           	      0.000	 189306.625	 143919.547	 164293.766	      0.082	      0.067	      0.031	
 2019/03/07	   3.479	   3.489	   3.448	   3.473	       20191302	      3.446	      3.400	      3.313	      3.161	           	      0.000	 201913.016	 164246.750	 173086.703	      0.085	      0.070	      0.029	
 2019/03/08	   3.450	   3.450	   3.353	   3.356	       26531764	      3.438	      3.409	      3.322	      3.165	           	      0.000	 265317.625	 193711.922	 188369.406	      0.076	      0.071	      0.009	
 2019/03/11	   3.352	   3.399	   3.348	   3.393	       12995614	      3.430	      3.409	      3.332	      3.170	           	      0.000	 129956.141	 182764.484	 169164.031	      0.071	      0.071	     -0.000	
 2019/03/12	   3.413	   3.451	   3.397	   3.421	       12646164	      3.425	      3.414	      3.343	      3.176	           	      0.000	 126461.641	 182591.016	 159034.125	      0.069	      0.071	     -0.004	
 2019/03/13	   3.421	   3.427	   3.396	   3.400	       11096063	      3.409	      3.417	      3.352	      3.181	           	      0.000	 110960.633	 166921.813	 155420.688	      0.065	      0.070	     -0.010	
 2019/03/14	   3.399	   3.421	   3.354	   3.368	       12391324	      3.388	      3.417	      3.358	      3.186	           	      0.000	 123913.242	 151321.859	 157784.297	      0.058	      0.068	     -0.018	
 2019/03/15	   3.367	   3.415	   3.367	   3.395	        9808619	      3.395	      3.417	      3.368	      3.191	           	      0.000	  98086.188	 117875.570	 155793.750	      0.055	      0.065	     -0.020	
 2019/03/18	   3.397	   3.473	   3.393	   3.470	       15883929	      3.411	      3.421	      3.378	      3.197	           	      0.000	 158839.297	 123652.203	 153208.344	      0.057	      0.063	     -0.012	
 2019/03/19	   3.472	   3.490	   3.454	   3.467	       11000228	      3.420	      3.423	      3.389	      3.203	           	      0.000	 110002.281	 120360.328	 151475.672	      0.058	      0.062	     -0.008	
 2019/03/20	   3.456	   3.477	   3.429	   3.465	        9572310	      3.433	      3.421	      3.399	      3.209	           	      0.000	  95723.102	 117312.820	 142117.313	      0.058	      0.062	     -0.007	
 2019/03/21	   3.468	   3.495	   3.468	   3.480	       12837328	      3.455	      3.421	      3.411	      3.216	           	      0.000	 128373.281	 118204.828	 134763.344	      0.059	      0.061	     -0.004	
 2019/03/22	   3.479	   3.489	   3.443	   3.482	        9566437	      3.473	      3.434	      3.421	      3.222	           	      0.000	  95664.367	 117720.469	 117798.016	      0.059	      0.061	     -0.004	
 2019/03/25	   3.434	   3.476	   3.434	   3.439	       11010600	      3.467	      3.439	      3.424	      3.228	           	      0.000	 110106.000	 107973.805	 115813.000	      0.055	      0.059	     -0.010	
 2019/03/26	   3.441	   3.455	   3.388	   3.393	       15089900	      3.452	      3.436	      3.425	      3.234	           	      0.000	 150899.000	 116153.148	 118256.742	      0.047	      0.057	     -0.020	
 2019/03/27	   3.408	   3.441	   3.404	   3.438	        9794400	      3.446	      3.440	      3.428	      3.240	           	      0.000	  97944.000	 116597.328	 116955.078	      0.044	      0.054	     -0.020	
 2019/03/28	   3.438	   3.452	   3.416	   3.425	       11554663	      3.435	      3.445	      3.431	      3.247	           	      0.000	 115546.633	 114032.000	 116118.414	      0.040	      0.052	     -0.022	
 2019/03/29	   3.425	   3.489	   3.408	   3.482	       18476300	      3.435	      3.454	      3.435	      3.254	           	      0.000	 184763.000	 131851.719	 124786.094	      0.041	      0.050	     -0.016	
 2019/04/01	   3.485	   3.563	   3.485	   3.559	       19981368	      3.459	      3.463	      3.442	      3.262	           	      0.000	 199813.688	 149793.266	 128883.531	      0.048	      0.049	     -0.002	
 2019/04/02	   3.570	   3.577	   3.551	   3.557	       11909066	      3.492	      3.472	      3.447	      3.271	           	      0.000	 119090.656	 143431.594	 129792.375	      0.052	      0.050	      0.005	
 2019/04/03	   3.553	   3.593	   3.525	   3.589	       10899463	      3.522	      3.484	      3.453	      3.281	           	      0.000	 108994.633	 145641.719	 131119.531	      0.058	      0.051	      0.013	
 2019/04/04	   3.606	   3.631	   3.593	   3.624	       11513230	      3.562	      3.499	      3.460	      3.291	           	      0.000	 115132.297	 145558.859	 129795.430	      0.064	      0.054	      0.020	
 2019/04/08	   3.633	   3.656	   3.594	   3.639	       17567868	      3.594	      3.514	      3.474	      3.301	           	      0.000	 175678.688	 143742.000	 137796.859	      0.070	      0.057	      0.025	
 2019/04/09	   3.633	   3.643	   3.618	   3.632	        7148706	      3.608	      3.534	      3.486	      3.311	           	      0.000	  71487.063	 118076.664	 133934.969	      0.073	      0.060	      0.025	
 2019/04/10	   3.623	   3.645	   3.600	   3.625	        7483800	      3.622	      3.557	      3.496	      3.320	           	      0.000	  74838.000	 109226.133	 126328.867	      0.074	      0.063	      0.021	
 2019/04/11	   3.625	   3.640	   3.584	   3.598	        9470800	      3.624	      3.573	      3.506	      3.329	           	      0.000	  94708.000	 106368.813	 126005.266	      0.071	      0.065	      0.013	
 2019/04/12	   3.593	   3.594	   3.556	   3.574	        9970400	      3.614	      3.588	      3.517	      3.337	           	      0.000	  99704.000	 103283.148	 124421.000	      0.067	      0.065	      0.003	
 2019/04/15	   3.623	   3.628	   3.564	   3.568	       12220583	      3.599	      3.596	      3.525	      3.346	           	      0.000	 122205.828	  92588.578	 118165.281	      0.062	      0.064	     -0.005	
 2019/04/16	   3.562	   3.608	   3.528	   3.608	       16714339	      3.595	      3.601	      3.532	      3.354	           	      0.000	 167143.391	 111719.844	 114898.258	      0.061	      0.064	     -0.006	
 2019/04/17	   3.607	   3.622	   3.585	   3.612	       12241800	      3.592	      3.607	      3.539	      3.363	           	      0.000	 122418.000	 121235.844	 115230.992	      0.059	      0.063	     -0.007	
 2019/04/18	   3.613	   3.613	   3.585	   3.588	        6874500	      3.590	      3.607	      3.546	      3.371	           	      0.000	  68745.000	 116043.242	 111206.023	      0.056	      0.061	     -0.011	
 2019/04/19	   3.588	   3.603	   3.565	   3.595	        7292400	      3.594	      3.604	      3.551	      3.380	           	      0.000	  72924.000	 110687.242	 106985.195	      0.053	      0.060	     -0.014	
 2019/04/22	   3.598	   3.601	   3.533	   3.535	       15326600	      3.588	      3.594	      3.554	      3.386	           	      0.000	 153266.000	 116899.281	 104743.930	      0.045	      0.057	     -0.023	
 2019/04/23	   3.533	   3.537	   3.504	   3.508	       14316900	      3.568	      3.581	      3.557	      3.393	           	      0.000	 143169.000	 112104.398	 111912.125	      0.036	      0.053	     -0.033	
 2019/04/24	   3.508	   3.532	   3.496	   3.529	       10377706	      3.551	      3.572	      3.564	      3.400	           	      0.000	 103777.063	 108376.211	 114806.031	      0.031	      0.048	     -0.035	
 2019/04/25	   3.528	   3.528	   3.459	   3.462	       17306100	      3.526	      3.558	      3.565	      3.406	           	      0.000	 173061.000	 129239.414	 122641.328	      0.021	      0.043	     -0.044	
 2019/04/26	   3.461	   3.461	   3.424	   3.428	       17183004	      3.492	      3.543	      3.566	      3.411	           	      0.000	 171830.047	 149020.625	 129853.930	      0.010	      0.036	     -0.053	
 2019/04/29	   3.428	   3.446	   3.409	   3.410	       14758370	      3.467	      3.527	      3.562	      3.415	           	      0.000	 147583.703	 147884.156	 132391.719	     -0.000	      0.029	     -0.058	
 2019/04/30	   3.412	   3.440	   3.408	   3.437	        9953701	      3.453	      3.510	      3.556	      3.420	           	      0.000	  99537.008	 139157.766	 125631.078	     -0.006	      0.022	     -0.056	
 2019/05/06	   3.394	   3.398	   3.273	   3.304	       37469300	      3.408	      3.480	      3.543	      3.423	           	      0.000	 374693.000	 193340.953	 150858.578	     -0.021	      0.013	     -0.068	
 2019/05/07	   3.309	   3.342	   3.309	   3.334	       15909220	      3.383	      3.454	      3.530	      3.427	           	      0.000	 159092.203	 190547.188	 159893.297	     -0.030	      0.005	     -0.069	
 2019/05/08	   3.304	   3.336	   3.283	   3.304	       15231121	      3.358	      3.425	      3.514	      3.429	           	      0.000	 152311.203	 186643.422	 167832.016	     -0.039	     -0.004	     -0.070	
 2019/05/09	   3.290	   3.299	   3.261	   3.263	       18154000	      3.328	      3.398	      3.496	      3.431	           	      0.000	 181540.000	 193434.688	 170659.422	     -0.049	     -0.013	     -0.072	
 2019/05/10	   3.278	   3.326	   3.240	   3.323	       20818606	      3.306	      3.379	      3.480	      3.433	           	      0.000	 208186.063	 215164.500	 177161.125	     -0.052	     -0.021	     -0.062	
 2019/05/13	   3.283	   3.302	   3.278	   3.285	       11791900	      3.302	      3.355	      3.463	      3.434	           	      0.000	 117919.000	 163809.688	 178575.328	     -0.056	     -0.028	     -0.057	
 2019/05/14	   3.275	   3.285	   3.262	   3.269	       11340800	      3.289	      3.336	      3.447	      3.435	           	      0.000	 113408.000	 154672.859	 172610.016	     -0.060	     -0.034	     -0.052	
 2019/05/15	   3.282	   3.316	   3.281	   3.310	       11277200	      3.290	      3.324	      3.434	      3.436	           	      0.000	 112772.000	 146765.016	 166704.219	     -0.059	     -0.039	     -0.040	
 2019/05/16	   3.310	   3.326	   3.284	   3.323	        8048200	      3.302	      3.315	      3.421	      3.438	           	      0.000	  80482.000	 126553.414	 159994.047	     -0.057	     -0.043	     -0.028	
 2019/05/17	   3.323	   3.330	   3.264	   3.267	       13760800	      3.291	      3.298	      3.404	      3.438	           	      0.000	 137608.000	 112437.797	 163801.141	     -0.059	     -0.046	     -0.026	
 2019/05/20	   3.267	   3.278	   3.235	   3.254	       11411600	      3.285	      3.293	      3.386	      3.438	           	      0.000	 114116.000	 111677.203	 137743.453	     -0.061	     -0.049	     -0.024	
 2019/05/21	   3.259	   3.296	   3.252	   3.281	        9076000	      3.287	      3.288	      3.371	      3.438	           	      0.000	  90760.000	 107147.602	 130910.227	     -0.060	     -0.051	     -0.017	
 2019/05/22	   3.280	   3.288	   3.266	   3.278	        5255600	      3.281	      3.285	      3.355	      3.439	           	      0.000	  52556.000	  95104.398	 120934.703	     -0.058	     -0.053	     -0.011	
 2019/05/23	   3.272	   3.272	   3.248	   3.250	       12771400	      3.266	      3.284	      3.341	      3.439	           	      0.000	 127714.000	 104550.797	 115552.109	     -0.059	     -0.054	     -0.010	
 2019/05/24	   3.252	   3.263	   3.243	   3.250	        9506101	      3.263	      3.277	      3.328	      3.436	  95061.008	      1.000	  95061.008	  96041.398	 104239.602	     -0.058	     -0.055	     -0.007	
数据来源:通达信
