                  380ETF (510290)
      时间	    开盘	    最高	    最低	    收盘	         成交量	   MA.MA1   	   MA.MA2   	   MA.MA3   	   MA.MA4   	VOL-TDX.VVOL  	VOL-TDX.      	VOL-TDX.VOLUME	VOL-TDX.MAVOL1	VOL-TDX.MAVOL2	 MACD.DIF   	 MACD.DEA   	 MACD.MACD  	
 2011/11/08	   0.991	   0.999	   0.983	   0.984	       56500608	           	           	           	           	           	      0.000	 565006.063	           	           	      0.000	      0.000	      0.000	
 2011/11/09	   0.984	   0.999	   0.966	   0.999	       29337368	           	           	           	           	           	      0.000	 293373.688	           	           	      0.001	      0.000	      0.002	
 2011/11/10	   0.992	   0.997	   0.982	   0.984	       18097320	           	           	           	           	           	      0.000	 180973.203	           	           	      0.001	      0.000	      0.001	
 2011/11/11	   0.984	   0.993	   0.980	   0.983	       10325175	           	           	           	           	           	      0.000	 103251.750	           	           	      0.001	      0.000	      0.000	
 2011/11/14	   0.992	   1.012	   0.992	   1.008	       29101012	      0.992	           	           	           	           	      0.000	 291010.125	 286722.969	           	      0.002	      0.001	      0.003	
 2011/11/15	   1.002	   1.013	   1.002	   1.010	       16195583	      0.997	           	           	           	           	      0.000	 161955.828	 206112.922	           	      0.004	      0.001	      0.005	
 2011/11/16	   1.010	   1.012	   0.985	   0.990	       19427458	      0.995	           	           	           	           	      0.000	 194274.578	 186293.094	           	      0.003	      0.002	      0.003	
 2011/11/17	   0.987	   0.996	   0.986	   0.987	       15156341	      0.996	           	           	           	           	      0.000	 151563.406	 180411.141	           	      0.003	      0.002	      0.002	
 2011/11/18	   0.986	   0.986	   0.954	   0.955	        7037761	      0.990	           	           	           	           	      0.000	  70377.609	 173836.313	           	     -0.000	      0.002	     -0.004	
 2011/11/21	   0.959	   0.962	   0.953	   0.962	        2418362	      0.981	      0.986	           	           	           	      0.000	  24183.619	 120471.008	 203596.984	     -0.002	      0.001	     -0.006	
 2011/11/22	   0.959	   0.961	   0.936	   0.960	        4085198	      0.971	      0.984	           	           	           	      0.000	  40851.980	  96250.242	 151181.578	     -0.004	     -0.000	     -0.007	
 2011/11/23	   0.961	   0.963	   0.950	   0.958	        6457976	      0.964	      0.980	           	           	           	      0.000	  64579.762	  70311.273	 128302.188	     -0.005	     -0.001	     -0.008	
 2011/11/24	   0.954	   0.963	   0.941	   0.959	        3482142	      0.959	      0.977	           	           	           	      0.000	  34821.422	  46962.879	 113687.008	     -0.006	     -0.002	     -0.008	
 2011/11/25	   0.951	   0.960	   0.946	   0.950	        3130200	      0.958	      0.974	           	           	           	      0.000	  31302.000	  39147.758	 106492.031	     -0.007	     -0.003	     -0.009	
 2011/11/28	   0.863	   0.990	   0.863	   0.949	        1158700	      0.955	      0.968	           	           	           	      0.000	  11587.000	  36628.434	  78549.719	     -0.009	     -0.004	     -0.009	
 2011/11/29	   0.949	   0.970	   0.949	   0.970	        3873040	      0.957	      0.964	           	           	           	      0.000	  38730.398	  36204.117	  66227.180	     -0.008	     -0.005	     -0.005	
 2011/11/30	   0.966	   0.966	   0.916	   0.928	        1720900	      0.951	      0.958	           	           	           	      0.000	  17209.000	  26729.965	  48520.621	     -0.010	     -0.006	     -0.008	
 2011/12/01	   0.939	   0.960	   0.939	   0.944	        1635026	      0.948	      0.953	           	           	           	      0.000	  16350.260	  23035.732	  34999.305	     -0.011	     -0.007	     -0.008	
 2011/12/02	   0.940	   0.940	   0.921	   0.922	        2751548	      0.943	      0.950	           	           	           	      0.000	  27515.480	  22278.428	  30713.092	     -0.013	     -0.008	     -0.009	
 2011/12/05	   0.917	   0.921	   0.904	   0.907	        3926900	      0.934	      0.945	      0.965	           	           	      0.000	  39269.000	  27814.828	  32221.631	     -0.015	     -0.010	     -0.012	
 2011/12/06	   0.899	   0.905	   0.885	   0.901	         635100	      0.920	      0.939	      0.961	           	           	      0.000	   6351.000	  21338.947	  28771.531	     -0.018	     -0.011	     -0.013	
 2011/12/07	   0.886	   0.898	   0.886	   0.898	         149700	      0.914	      0.933	      0.956	           	           	      0.000	   1497.000	  18196.549	  22463.256	     -0.020	     -0.013	     -0.014	
 2011/12/08	   0.890	   0.910	   0.875	   0.902	        8159448	      0.906	      0.927	      0.952	           	           	      0.000	  81594.477	  31245.391	  27140.563	     -0.021	     -0.015	     -0.013	
 2011/12/09	   0.902	   0.902	   0.882	   0.883	          97100	      0.898	      0.920	      0.947	           	           	      0.000	    971.000	  25936.496	  24107.461	     -0.023	     -0.016	     -0.013	
 2011/12/12	   0.871	   0.888	   0.871	   0.872	         516800	      0.891	      0.913	      0.940	           	           	      0.000	   5168.000	  19116.295	  23465.563	     -0.025	     -0.018	     -0.014	
 2011/12/13	   0.870	   0.870	   0.848	   0.851	         529580	      0.881	      0.901	      0.932	           	           	      0.000	   5295.800	  18905.256	  20122.102	     -0.028	     -0.020	     -0.016	
 2011/12/14	   0.848	   0.852	   0.832	   0.833	         319850	      0.868	      0.891	      0.925	           	           	      0.000	   3198.500	  19245.555	  18721.051	     -0.032	     -0.022	     -0.019	
 2011/12/15	   0.774	   0.826	   0.774	   0.810	         202320	      0.850	      0.878	      0.916	           	           	      0.000	   2023.200	   3331.300	  17288.346	     -0.036	     -0.025	     -0.022	
 2011/12/16	   0.810	   0.835	   0.810	   0.832	         204450	      0.840	      0.869	      0.910	           	           	      0.000	   2044.500	   3546.000	  14741.248	     -0.037	     -0.027	     -0.019	
 2011/12/19	   0.816	   0.828	   0.795	   0.828	         266600	      0.831	      0.861	      0.903	           	           	      0.000	   2666.000	   3045.600	  11080.947	     -0.038	     -0.030	     -0.017	
 2011/12/20	   0.832	   0.845	   0.821	   0.821	         704648	      0.825	      0.853	      0.896	           	           	      0.000	   7046.480	   3395.736	  11150.496	     -0.039	     -0.031	     -0.015	
 2011/12/21	   0.839	   0.839	   0.813	   0.827	        6210253	      0.824	      0.846	      0.889	           	           	      0.000	  62102.531	  15176.542	  17211.049	     -0.038	     -0.033	     -0.011	
 2011/12/22	   0.827	   0.827	   0.791	   0.803	        2079686	      0.822	      0.836	      0.882	           	           	      0.000	  20796.859	  18931.273	  11131.287	     -0.040	     -0.034	     -0.011	
 2011/12/23	   0.790	   0.833	   0.790	   0.822	        3401847	      0.820	      0.830	      0.875	           	           	      0.000	  34018.469	  25326.068	  14436.034	     -0.039	     -0.035	     -0.007	
 2011/12/26	   0.822	   0.830	   0.819	   0.819	         156615	      0.818	      0.825	      0.869	           	           	      0.000	   1566.150	  25106.098	  14075.849	     -0.038	     -0.036	     -0.004	
 2011/12/27	   0.813	   0.815	   0.800	   0.800	         105200	      0.814	      0.820	      0.860	           	           	      0.000	   1052.000	  23907.201	  13651.469	     -0.038	     -0.036	     -0.004	
 2011/12/28	   0.787	   0.793	   0.780	   0.793	          69812	      0.807	      0.816	      0.853	           	           	      0.000	    698.120	  11626.319	  13401.431	     -0.038	     -0.037	     -0.004	
 2011/12/29	   0.795	   0.803	   0.795	   0.802	         115116	      0.807	      0.815	      0.846	           	           	      0.000	   1151.160	   7697.180	  13314.227	     -0.037	     -0.037	     -0.002	
 2011/12/30	   0.803	   0.809	   0.803	   0.809	        5176200	      0.805	      0.812	      0.841	           	           	      0.000	  51762.000	  11245.886	  18285.977	     -0.036	     -0.037	      0.001	
 2012/01/04	   0.812	   0.813	   0.792	   0.792	         314300	      0.799	      0.809	      0.835	           	           	      0.000	   3143.000	  11561.256	  18333.678	     -0.035	     -0.036	      0.002	
 2012/01/05	   0.782	   0.787	   0.763	   0.766	        1228500	      0.792	      0.803	      0.828	           	           	      0.000	  12285.000	  13807.856	  18857.529	     -0.037	     -0.036	     -0.001	
 2012/01/06	   0.763	   0.769	   0.749	   0.769	        3255000	      0.788	      0.798	      0.822	           	           	      0.000	  32550.000	  20178.232	  15902.275	     -0.037	     -0.037	     -0.001	
 2012/01/09	   0.763	   0.795	   0.763	   0.793	         379656	      0.786	      0.796	      0.816	           	           	      0.000	   3796.560	  20707.313	  14202.246	     -0.035	     -0.036	      0.002	
 2012/01/10	   0.790	   0.832	   0.790	   0.830	        1180988	      0.790	      0.797	      0.814	           	           	      0.000	  11809.880	  12716.888	  11981.387	     -0.030	     -0.035	      0.010	
 2012/01/11	   0.820	   0.834	   0.820	   0.830	         581000	      0.798	      0.798	      0.812	           	           	      0.000	   5810.000	  13250.288	  12405.772	     -0.026	     -0.033	      0.014	
 2012/01/12	   0.824	   0.832	   0.824	   0.831	         180200	      0.811	      0.801	      0.811	           	           	      0.000	   1802.000	  11153.688	  12480.772	     -0.022	     -0.031	      0.017	
 2012/01/13	   0.830	   0.830	   0.794	   0.804	         232618	      0.818	      0.803	      0.809	           	           	      0.000	   2326.180	   5108.924	  12643.578	     -0.021	     -0.029	      0.015	
 2012/01/16	   0.770	   0.796	   0.770	   0.775	         178500	      0.814	      0.800	      0.807	           	           	      0.000	   1785.000	   4706.612	  12706.962	     -0.023	     -0.028	      0.010	
 2012/01/17	   0.785	   0.820	   0.775	   0.820	         263800	      0.812	      0.801	      0.807	           	           	      0.000	   2638.000	   2872.236	   7794.562	     -0.020	     -0.026	      0.013	
 2012/01/18	   0.820	   0.820	   0.800	   0.800	         127500	      0.806	      0.802	      0.805	           	           	      0.000	   1275.000	   1965.236	   7607.762	     -0.019	     -0.025	      0.012	
 2012/01/19	   0.870	   0.870	   0.791	   0.800	         156600	      0.800	      0.805	      0.804	           	           	      0.000	   1566.000	   1918.036	   6535.862	     -0.018	     -0.024	      0.011	
 2012/01/20	   0.847	   0.847	   0.797	   0.810	        2956600	      0.801	      0.809	      0.803	           	           	      0.000	  29566.000	   7366.000	   6237.462	     -0.017	     -0.022	      0.011	
 2012/01/30	   0.818	   0.823	   0.813	   0.818	         672900	      0.810	      0.812	      0.804	           	           	      0.000	   6729.000	   8354.800	   6530.706	     -0.014	     -0.021	      0.012	
 2012/01/31	   0.810	   0.811	   0.808	   0.809	          57100	      0.807	      0.810	      0.803	           	           	      0.000	    571.000	   7941.400	   5406.818	     -0.013	     -0.019	      0.012	
 2012/02/01	   0.778	   0.819	   0.778	   0.809	        3130600	      0.809	      0.808	      0.803	           	           	      0.000	  31306.000	  13947.600	   7956.418	     -0.012	     -0.018	      0.011	
 2012/02/02	   0.800	   0.820	   0.800	   0.819	        4838802	      0.813	      0.806	      0.804	           	           	      0.000	  48388.020	  23312.004	  12615.020	     -0.010	     -0.016	      0.012	
 2012/02/03	   0.823	   0.835	   0.822	   0.835	         553926	      0.818	      0.809	      0.806	           	           	      0.000	   5539.260	  18506.656	  12936.328	     -0.008	     -0.015	      0.014	
 2012/02/06	   0.835	   0.842	   0.835	   0.840	         483610	      0.822	      0.816	      0.808	           	           	      0.000	   4836.100	  18128.076	  13241.438	     -0.005	     -0.013	      0.015	
 2012/02/07	   0.829	   0.829	   0.823	   0.828	         121790	      0.826	      0.817	      0.809	           	           	      0.000	   1217.900	  18257.455	  13099.428	     -0.004	     -0.011	      0.014	
 2012/02/08	   0.830	   0.848	   0.820	   0.845	        2957532	      0.833	      0.821	      0.812	      0.871	           	      0.000	  29575.320	  17911.320	  15929.460	     -0.002	     -0.009	      0.015	
 2012/02/09	   0.849	   0.858	   0.848	   0.852	         592999	      0.840	      0.826	      0.816	      0.868	           	      0.000	   5929.990	   9419.714	  16365.859	      0.001	     -0.007	      0.016	
 2012/02/10	   0.848	   0.860	   0.848	   0.855	         325000	      0.844	      0.831	      0.820	      0.866	           	      0.000	   3250.000	   8961.862	  13734.259	      0.003	     -0.005	      0.016	
 2012/02/13	   0.852	   0.867	   0.846	   0.862	         312600	      0.848	      0.835	      0.824	      0.864	           	      0.000	   3126.000	   8619.842	  13373.959	      0.005	     -0.003	      0.016	
 2012/02/14	   0.862	   0.863	   0.858	   0.862	         233869	      0.855	      0.841	      0.825	      0.862	           	      0.000	   2338.690	   8844.000	  13550.728	      0.007	     -0.001	      0.016	
 2012/02/15	   0.858	   0.877	   0.858	   0.877	         156951	      0.862	      0.847	      0.828	      0.860	           	      0.000	   1569.510	   3242.838	  10577.079	      0.009	      0.001	      0.016	
 2012/02/16	   0.878	   0.880	   0.868	   0.874	         178074	      0.866	      0.853	      0.830	      0.858	           	      0.000	   1780.740	   2412.988	   5916.351	      0.011	      0.003	      0.016	
 2012/02/17	   0.873	   0.875	   0.866	   0.874	          82500	      0.870	      0.857	      0.833	      0.856	           	      0.000	    825.000	   1927.988	   5444.925	      0.012	      0.005	      0.014	
 2012/02/20	   0.880	   0.885	   0.872	   0.872	         465500	      0.872	      0.860	      0.838	      0.854	           	      0.000	   4655.000	   2233.788	   5426.815	      0.012	      0.006	      0.012	
 2012/02/21	   0.872	   0.880	   0.866	   0.880	         165216	      0.875	      0.865	      0.841	      0.852	           	      0.000	   1652.160	   2096.482	   5470.241	      0.013	      0.008	      0.011	
 2012/02/22	   0.860	   0.895	   0.860	   0.895	        1530651	      0.879	      0.870	      0.846	      0.851	           	      0.000	  15306.510	   4843.882	   4043.360	      0.015	      0.009	      0.012	
 2012/02/23	   0.899	   0.902	   0.892	   0.902	         563144	      0.885	      0.875	      0.851	      0.850	           	      0.000	   5631.440	   5614.022	   4013.505	      0.017	      0.011	      0.012	
 2012/02/24	   0.901	   0.911	   0.900	   0.909	         501903	      0.892	      0.881	      0.856	      0.850	           	      0.000	   5019.030	   6452.828	   4190.408	      0.019	      0.012	      0.013	
 2012/02/27	   0.912	   0.994	   0.912	   0.916	        1121400	      0.900	      0.886	      0.861	      0.849	           	      0.000	  11214.000	   7764.628	   4999.208	      0.020	      0.014	      0.013	
 2012/02/28	   0.916	   0.945	   0.901	   0.911	         504900	      0.907	      0.891	      0.866	      0.848	           	      0.000	   5049.000	   8443.996	   5270.239	      0.021	      0.015	      0.011	
 2012/02/29	   0.930	   0.930	   0.903	   0.903	         208700	      0.908	      0.894	      0.871	      0.847	           	      0.000	   2087.000	   5800.094	   5321.988	      0.021	      0.016	      0.009	
 2012/03/01	   0.903	   0.909	   0.900	   0.906	         301600	      0.909	      0.897	      0.875	      0.846	           	      0.000	   3016.000	   5277.006	   5445.514	      0.021	      0.017	      0.007	
 2012/03/02	   0.909	   0.920	   0.909	   0.920	         608999	      0.911	      0.901	      0.879	      0.846	           	      0.000	   6089.990	   5491.198	   5972.013	      0.021	      0.018	      0.006	
 2012/03/05	   0.920	   0.931	   0.920	   0.923	         405700	      0.913	      0.906	      0.883	      0.846	           	      0.000	   4057.000	   4059.798	   5912.213	      0.022	      0.019	      0.006	
 2012/03/06	   0.920	   0.920	   0.907	   0.910	         431935	      0.912	      0.910	      0.887	      0.846	           	      0.000	   4319.350	   3913.868	   6178.932	      0.021	      0.019	      0.003	
 2012/03/07	   0.870	   0.911	   0.870	   0.890	         609833	      0.910	      0.909	      0.890	      0.845	           	      0.000	   6098.330	   4716.134	   5258.114	      0.018	      0.019	     -0.001	
 2012/03/08	   0.900	   0.920	   0.897	   0.920	        1360970	      0.913	      0.911	      0.893	      0.846	           	      0.000	  13609.700	   6834.874	   6055.940	      0.019	      0.019	     -0.001	
 2012/03/09	   0.922	   0.932	   0.920	   0.931	         609532	      0.915	      0.913	      0.897	      0.846	           	      0.000	   6095.320	   6835.940	   6163.569	      0.019	      0.019	      0.001	
 2012/03/12	   0.936	   0.943	   0.935	   0.940	         459900	      0.918	      0.915	      0.901	      0.847	           	      0.000	   4599.000	   6944.340	   5502.069	      0.021	      0.019	      0.002	
 2012/03/13	   0.940	   0.950	   0.939	   0.950	         473207	      0.926	      0.919	      0.905	      0.848	           	      0.000	   4732.070	   7026.884	   5470.376	      0.022	      0.020	      0.004	
 2012/03/14	   0.980	   0.980	   0.904	   0.917	        1003996	      0.932	      0.921	      0.907	      0.849	           	      0.000	  10039.960	   7815.210	   6265.672	      0.020	      0.020	      0.001	
 2012/03/15	   0.918	   0.919	   0.893	   0.909	         499592	      0.929	      0.921	      0.909	      0.850	           	      0.000	   4995.920	   6092.454	   6463.664	      0.018	      0.020	     -0.003	
 2012/03/16	   0.912	   0.926	   0.907	   0.925	         246026	      0.928	      0.921	      0.911	      0.851	           	      0.000	   2460.260	   5365.442	   6100.691	      0.017	      0.019	     -0.004	
 2012/03/19	   0.926	   0.934	   0.925	   0.934	         267132	      0.927	      0.923	      0.915	      0.853	           	      0.000	   2671.320	   4979.906	   5962.123	      0.017	      0.019	     -0.003	
 2012/03/20	   0.928	   0.932	   0.913	   0.913	         354099	      0.920	      0.923	      0.916	      0.855	           	      0.000	   3540.990	   4741.690	   5884.287	      0.016	      0.018	     -0.005	
 2012/03/21	   0.911	   0.921	   0.905	   0.914	         307800	      0.919	      0.925	      0.917	      0.856	           	      0.000	   3078.000	   3349.298	   5582.254	      0.014	      0.017	     -0.007	
 2012/03/22	   0.917	   0.920	   0.908	   0.911	         258308	      0.919	      0.924	      0.918	      0.858	           	      0.000	   2583.080	   2866.730	   4479.592	      0.012	      0.016	     -0.008	
 2012/03/23	   0.905	   0.907	   0.892	   0.894	         593900	      0.913	      0.921	      0.917	      0.859	           	      0.000	   5939.000	   3562.478	   4463.960	      0.010	      0.015	     -0.011	
 2012/03/26	   0.894	   0.896	   0.890	   0.893	         695844	      0.905	      0.916	      0.916	      0.860	           	      0.000	   6958.440	   4419.902	   4699.904	      0.007	      0.013	     -0.012	
 2012/03/27	   0.894	   0.902	   0.890	   0.894	         599174	      0.901	      0.910	      0.915	      0.861	           	      0.000	   5991.740	   4910.052	   4825.871	      0.005	      0.012	     -0.013	
 2012/03/28	   0.862	   0.888	   0.854	   0.858	         699800	      0.890	      0.905	      0.913	      0.862	           	      0.000	   6998.000	   5694.052	   4521.675	      0.001	      0.010	     -0.017	
 2012/03/29	   0.851	   0.852	   0.836	   0.846	         258300	      0.877	      0.898	      0.910	      0.863	           	      0.000	   2583.000	   5694.036	   4280.383	     -0.003	      0.007	     -0.021	
 2012/03/30	   0.833	   0.847	   0.833	   0.840	         501023	      0.866	      0.890	      0.906	      0.864	           	      0.000	   5010.230	   5508.282	   4535.380	     -0.007	      0.004	     -0.023	
 2012/04/05	   0.840	   0.862	   0.840	   0.862	         759599	      0.860	      0.882	      0.903	      0.865	           	      0.000	   7595.990	   5635.792	   5027.847	     -0.009	      0.002	     -0.020	
 2012/04/06	   0.869	   0.875	   0.867	   0.868	         445200	      0.855	      0.878	      0.900	      0.866	           	      0.000	   4452.000	   5327.844	   5118.948	     -0.009	     -0.001	     -0.017	
 2012/04/09	   0.867	   0.870	   0.864	   0.868	         132800	      0.857	      0.873	      0.899	      0.867	           	      0.000	   1328.000	   4193.844	   4943.948	     -0.009	     -0.002	     -0.014	
 2012/04/10	   0.855	   0.869	   0.844	   0.869	         138300	      0.861	      0.869	      0.897	      0.869	           	      0.000	   1383.000	   3953.844	   4823.940	     -0.009	     -0.004	     -0.011	
 2012/04/11	   0.856	   0.876	   0.856	   0.872	         101978	      0.868	      0.867	      0.894	      0.870	           	      0.000	   1019.780	   3155.754	   4332.018	     -0.009	     -0.005	     -0.008	
 2012/04/12	   0.876	   0.894	   0.875	   0.892	        1749655	      0.874	      0.867	      0.891	      0.872	           	      0.000	  17496.551	   5135.866	   5385.829	     -0.007	     -0.005	     -0.003	
 2012/04/13	   0.889	   0.900	   0.889	   0.895	        1047200	      0.879	      0.867	      0.889	      0.873	           	      0.000	  10472.000	   6339.866	   5833.855	     -0.005	     -0.005	      0.000	
 2012/04/16	   0.899	   0.902	   0.888	   0.898	         544854	      0.885	      0.871	      0.888	      0.874	           	      0.000	   5448.540	   7163.974	   5678.909	     -0.003	     -0.005	      0.003	
 2012/04/17	   0.900	   0.900	   0.889	   0.889	         216064	      0.889	      0.875	      0.887	      0.875	           	      0.000	   2160.640	   7319.502	   5636.673	     -0.002	     -0.004	      0.004	
 2012/04/18	   0.890	   0.907	   0.890	   0.907	         121260	      0.896	      0.882	      0.886	      0.877	           	      0.000	   1212.600	   7358.066	   5256.910	     -0.000	     -0.003	      0.006	
 2012/04/19	   0.908	   0.910	   0.903	   0.905	         135800	      0.899	      0.886	      0.884	      0.879	           	      0.000	   1358.000	   4130.356	   4633.111	      0.001	     -0.003	      0.007	
 2012/04/20	   0.895	   0.914	   0.895	   0.913	         126900	      0.902	      0.891	      0.884	      0.881	           	      0.000	   1269.000	   2289.756	   4314.811	      0.003	     -0.001	      0.008	
 2012/04/23	   0.911	   0.916	   0.900	   0.904	         647200	      0.904	      0.894	      0.884	      0.882	           	      0.000	   6472.000	   2494.448	   4829.211	      0.003	     -0.000	      0.008	
 2012/04/24	   0.899	   0.908	   0.878	   0.903	        1071400	      0.906	      0.898	      0.883	      0.884	           	      0.000	  10714.000	   4205.120	   5762.311	      0.004	      0.000	      0.007	
 2012/04/25	   0.904	   0.915	   0.895	   0.913	        2844687	      0.908	      0.902	      0.884	      0.886	           	      0.000	  28446.869	   9651.974	   8505.020	      0.005	      0.001	      0.007	
 2012/04/26	   0.915	   0.920	   0.909	   0.912	         834100	      0.909	      0.904	      0.885	      0.887	           	      0.000	   8341.000	  11048.574	   7589.465	      0.005	      0.002	      0.007	
 2012/04/27	   0.906	   0.910	   0.903	   0.906	         318400	      0.908	      0.905	      0.886	      0.889	           	      0.000	   3184.000	  11431.574	   6860.665	      0.005	      0.003	      0.005	
 2012/05/02	   0.908	   0.935	   0.908	   0.916	         821988	      0.910	      0.907	      0.889	      0.891	           	      0.000	   8219.880	  11781.149	   7137.799	      0.006	      0.003	      0.005	
 2012/05/03	   0.919	   0.923	   0.913	   0.923	         394000	      0.914	      0.910	      0.893	      0.892	           	      0.000	   3940.000	  10426.350	   7315.735	      0.007	      0.004	      0.006	
 2012/05/04	   0.923	   0.928	   0.920	   0.926	         137200	      0.917	      0.912	      0.897	      0.894	           	      0.000	   1372.000	   5011.376	   7331.675	      0.008	      0.005	      0.006	
 2012/05/07	   0.926	   0.933	   0.924	   0.933	         231313	      0.921	      0.915	      0.901	      0.895	           	      0.000	   2313.130	   3805.802	   7427.188	      0.009	      0.006	      0.007	
 2012/05/08	   0.933	   0.933	   0.926	   0.930	         120600	      0.926	      0.917	      0.904	      0.897	           	      0.000	   1206.000	   3410.202	   7420.888	      0.010	      0.007	      0.007	
 2012/05/09	   0.920	   0.923	   0.915	   0.918	        1221800	      0.926	      0.918	      0.906	      0.898	           	      0.000	  12218.000	   4209.826	   7995.488	      0.010	      0.007	      0.004	
 2012/05/10	   0.915	   0.919	   0.913	   0.917	         774123	      0.925	      0.919	      0.909	      0.899	           	      0.000	   7741.230	   4970.072	   7698.211	      0.009	      0.008	      0.003	
 2012/05/11	   0.918	   0.921	   0.912	   0.916	         209400	      0.923	      0.920	      0.911	      0.900	           	      0.000	   2094.000	   5114.472	   5062.924	      0.008	      0.008	      0.001	
 2012/05/14	   0.918	   0.921	   0.910	   0.910	         326700	      0.918	      0.919	      0.912	      0.901	           	      0.000	   3267.000	   5305.246	   4555.524	      0.007	      0.008	     -0.001	
 2012/05/15	   0.908	   0.908	   0.898	   0.907	         233001	      0.914	      0.920	      0.912	      0.902	           	      0.000	   2330.010	   5530.048	   4470.125	      0.006	      0.007	     -0.003	
 2012/05/16	   0.904	   0.907	   0.903	   0.903	         197600	      0.911	      0.918	      0.913	      0.902	           	      0.000	   1976.000	   3481.648	   3845.737	      0.005	      0.007	     -0.004	
 2012/05/17	   0.905	   0.911	   0.898	   0.910	          91400	      0.909	      0.917	      0.914	      0.903	           	      0.000	    914.000	   2116.202	   3543.137	      0.004	      0.006	     -0.004	
 2012/05/18	   0.895	   0.910	   0.895	   0.896	          24900	      0.905	      0.914	      0.913	      0.903	           	      0.000	    249.000	   1747.202	   3430.837	      0.002	      0.005	     -0.006	
 2012/05/21	   0.896	   0.900	   0.890	   0.896	          36818	      0.902	      0.910	      0.913	      0.904	           	      0.000	    368.180	   1167.438	   3236.342	      0.001	      0.005	     -0.007	
 2012/05/22	   0.900	   0.908	   0.899	   0.908	         287812	      0.903	      0.908	      0.912	      0.904	           	      0.000	   2878.120	   1277.060	   3403.554	      0.001	      0.004	     -0.005	
 2012/05/23	   0.906	   0.909	   0.905	   0.909	         162100	      0.904	      0.907	      0.913	      0.905	           	      0.000	   1621.000	   1206.060	   2343.854	      0.001	      0.003	     -0.004	
 2012/05/24	   0.908	   0.912	   0.895	   0.896	         459400	      0.901	      0.905	      0.912	      0.904	           	      0.000	   4594.000	   1942.060	   2029.131	      0.000	      0.003	     -0.005	
 2012/05/25	   0.896	   0.896	   0.888	   0.892	         427900	      0.900	      0.903	      0.911	      0.904	           	      0.000	   4279.000	   2748.060	   2247.631	     -0.001	      0.002	     -0.006	
 2012/05/28	   0.892	   0.901	   0.880	   0.901	         339950	      0.901	      0.902	      0.911	      0.904	           	      0.000	   3399.500	   3354.324	   2260.881	     -0.001	      0.001	     -0.005	
 2012/05/29	   0.906	   0.918	   0.906	   0.918	         565000	      0.903	      0.903	      0.911	      0.904	           	      0.000	   5650.000	   3908.700	   2592.880	      0.000	      0.001	     -0.002	
 2012/05/30	   0.915	   0.920	   0.915	   0.916	         167600	      0.905	      0.904	      0.911	      0.904	           	      0.000	   1676.000	   3919.700	   2562.880	      0.001	      0.001	     -0.000	
 2012/05/31	   0.910	   0.920	   0.909	   0.918	         240200	      0.909	      0.905	      0.911	      0.904	           	      0.000	   2402.000	   3481.300	   2711.680	      0.002	      0.001	      0.001	
 2012/06/01	   0.920	   0.920	   0.910	   0.914	          90915	      0.913	      0.907	      0.910	      0.904	           	      0.000	    909.150	   2807.330	   2777.695	      0.002	      0.001	      0.001	
 2012/06/04	   0.917	   0.917	   0.885	   0.888	         227318	      0.911	      0.906	      0.908	      0.904	           	      0.000	   2273.180	   2582.066	   2968.195	      0.000	      0.001	     -0.002	
 2012/06/05	   0.892	   0.892	   0.886	   0.886	         115350	      0.904	      0.904	      0.906	      0.903	           	      0.000	   1153.500	   1682.766	   2795.733	     -0.001	      0.001	     -0.004	
 2012/06/06	   0.890	   0.890	   0.880	   0.880	         147400	      0.897	      0.901	      0.904	      0.903	           	      0.000	   1474.000	   1642.366	   2781.033	     -0.003	     -0.000	     -0.006	
 2012/06/07	   0.890	   0.890	   0.875	   0.875	         477400	      0.889	      0.899	      0.902	      0.902	           	      0.000	   4774.000	   2116.766	   2799.033	     -0.005	     -0.001	     -0.008	
 2012/06/08	   0.875	   0.883	   0.870	   0.870	         302600	      0.880	      0.897	      0.900	      0.901	           	      0.000	   3026.000	   2540.136	   2673.733	     -0.007	     -0.002	     -0.009	
 2012/06/11	   0.871	   0.888	   0.871	   0.883	         274300	      0.879	      0.895	      0.898	      0.900	           	      0.000	   2743.000	   2634.100	   2608.083	     -0.007	     -0.003	     -0.007	
 2012/06/12	   0.881	   0.884	   0.879	   0.881	          42100	      0.878	      0.891	      0.897	      0.899	           	      0.000	    421.000	   2487.600	   2085.183	     -0.007	     -0.004	     -0.006	
 2012/06/13	   0.883	   0.898	   0.883	   0.898	         109100	      0.881	      0.889	      0.897	      0.899	           	      0.000	   1091.000	   2411.000	   2026.683	     -0.006	     -0.004	     -0.003	
 2012/06/14	   0.880	   0.929	   0.880	   0.890	          69800	      0.884	      0.887	      0.896	      0.899	           	      0.000	    698.000	   1595.800	   1856.283	     -0.005	     -0.005	     -0.002	
 2012/06/15	   0.877	   0.897	   0.877	   0.891	          88917	      0.889	      0.884	      0.896	      0.898	           	      0.000	    889.170	   1168.434	   1854.285	     -0.005	     -0.005	     -0.001	
 2012/06/18	   0.898	   0.900	   0.897	   0.900	         317699	      0.892	      0.885	      0.896	      0.898	           	      0.000	   3176.990	   1255.232	   1944.666	     -0.004	     -0.005	      0.001	
 2012/06/19	   0.899	   0.900	   0.891	   0.892	          26099	      0.894	      0.886	      0.895	      0.897	           	      0.000	    260.990	   1223.230	   1855.415	     -0.004	     -0.004	      0.001	
 2012/06/20	   0.900	   0.900	   0.888	   0.891	         167300	      0.893	      0.887	      0.894	      0.897	           	      0.000	   1673.000	   1339.630	   1875.315	     -0.003	     -0.004	      0.001	
 2012/06/21	   0.886	   0.886	   0.875	   0.879	        3550300	      0.891	      0.887	      0.893	      0.896	           	      0.000	  35503.000	   8300.630	   4948.215	     -0.004	     -0.004	     -0.000	
 2012/06/25	   0.870	   0.874	   0.862	   0.865	         177700	      0.885	      0.887	      0.892	      0.896	           	      0.000	   1777.000	   8478.196	   4823.315	     -0.006	     -0.004	     -0.003	
 2012/06/26	   0.855	   0.857	   0.847	   0.857	         153694	      0.877	      0.884	      0.890	      0.895	           	      0.000	   1536.940	   8150.186	   4702.709	     -0.008	     -0.005	     -0.005	
 2012/06/27	   0.856	   0.862	   0.855	   0.855	         218900	      0.869	      0.882	      0.886	      0.895	           	      0.000	   2189.000	   8535.788	   4879.509	     -0.009	     -0.006	     -0.007	
 2012/06/28	   0.855	   0.858	   0.842	   0.842	         331515	      0.860	      0.876	      0.883	      0.894	           	      0.000	   3315.150	   8864.218	   5101.924	     -0.011	     -0.007	     -0.009	
 2012/06/29	   0.840	   0.853	   0.838	   0.853	         152900	      0.854	      0.873	      0.879	      0.894	           	      0.000	   1529.000	   2069.418	   5185.024	     -0.012	     -0.008	     -0.008	
 2012/07/02	   0.821	   0.891	   0.821	   0.859	          98600	      0.853	      0.869	      0.877	      0.895	           	      0.000	    986.000	   1911.218	   5194.707	     -0.012	     -0.009	     -0.006	
 2012/07/03	   0.861	   0.867	   0.861	   0.867	          39100	      0.855	      0.866	      0.876	      0.895	           	      0.000	    391.000	   1682.030	   4916.108	     -0.011	     -0.009	     -0.004	
 2012/07/04	   0.860	   0.860	   0.854	   0.855	         132800	      0.855	      0.862	      0.874	      0.895	           	      0.000	   1328.000	   1509.830	   5022.809	     -0.011	     -0.010	     -0.003	
 2012/07/05	   0.847	   0.847	   0.770	   0.843	         123500	      0.855	      0.858	      0.872	      0.894	           	      0.000	   1235.000	   1093.800	   4979.009	     -0.012	     -0.010	     -0.004	
 2012/07/06	   0.845	   0.857	   0.839	   0.857	          60900	      0.856	      0.855	      0.871	      0.894	           	      0.000	    609.000	    909.800	   1489.609	     -0.012	     -0.011	     -0.002	
 2012/07/09	   0.848	   0.849	   0.845	   0.845	        1275742	      0.853	      0.853	      0.870	      0.894	           	      0.000	  12757.420	   3264.084	   2587.651	     -0.012	     -0.011	     -0.003	
 2012/07/10	   0.838	   0.838	   0.830	   0.830	         176000	      0.846	      0.851	      0.868	      0.892	           	      0.000	   1760.000	   3537.884	   2609.957	     -0.014	     -0.011	     -0.004	
 2012/07/11	   0.832	   0.836	   0.832	   0.836	         132600	      0.842	      0.849	      0.865	      0.892	           	      0.000	   1326.000	   3537.484	   2523.657	     -0.014	     -0.012	     -0.004	
 2012/07/12	   0.839	   0.852	   0.837	   0.852	         110200	      0.844	      0.850	      0.863	      0.891	           	      0.000	   1102.000	   3510.884	   2302.342	     -0.013	     -0.012	     -0.002	
 2012/07/13	   0.826	   0.850	   0.826	   0.850	         346400	      0.843	      0.849	      0.861	      0.890	           	      0.000	   3464.000	   4081.884	   2495.842	     -0.012	     -0.012	      0.000	
 2012/07/16	   0.838	   0.838	   0.823	   0.824	          62300	      0.838	      0.846	      0.858	      0.889	           	      0.000	    623.000	   1655.000	   2459.542	     -0.013	     -0.012	     -0.002	
 2012/07/17	   0.817	   0.824	   0.817	   0.821	          87200	      0.837	      0.841	      0.854	      0.887	           	      0.000	    872.000	   1477.400	   2507.642	     -0.015	     -0.013	     -0.003	
 2012/07/18	   0.827	   0.827	   0.820	   0.826	         130600	      0.835	      0.838	      0.850	      0.886	           	      0.000	   1306.000	   1473.400	   2505.442	     -0.015	     -0.013	     -0.003	
 2012/07/19	   0.832	   0.845	   0.832	   0.841	         174600	      0.832	      0.838	      0.848	      0.885	           	      0.000	   1746.000	   1602.200	   2556.542	     -0.014	     -0.013	     -0.001	
 2012/07/20	   0.841	   0.841	   0.833	   0.833	          58100	      0.829	      0.836	      0.846	      0.884	           	      0.000	    581.000	   1025.600	   2553.742	     -0.013	     -0.013	      0.000	
 2012/07/23	   0.825	   0.826	   0.823	   0.824	         256900	      0.829	      0.834	      0.844	      0.882	           	      0.000	   2569.000	   1414.800	   1534.900	     -0.014	     -0.013	     -0.000	
 2012/07/24	   0.823	   0.831	   0.823	   0.830	          92900	      0.831	      0.834	      0.842	      0.881	           	      0.000	    929.000	   1426.200	   1451.800	     -0.013	     -0.013	      0.000	
 2012/07/25	   0.826	   0.831	   0.824	   0.824	         144800	      0.830	      0.832	      0.841	      0.879	           	      0.000	   1448.000	   1454.600	   1464.000	     -0.013	     -0.013	      0.000	
 2012/07/26	   0.815	   0.826	   0.810	   0.817	         286800	      0.826	      0.829	      0.839	      0.878	           	      0.000	   2868.000	   1679.000	   1640.600	     -0.013	     -0.013	     -0.000	
 2012/07/27	   0.818	   0.818	   0.810	   0.814	         265300	      0.822	      0.825	      0.837	      0.876	           	      0.000	   2653.000	   2093.400	   1559.500	     -0.014	     -0.013	     -0.001	
 2012/07/30	   0.815	   0.817	   0.800	   0.803	          95400	      0.818	      0.823	      0.835	      0.874	           	      0.000	    954.000	   1770.400	   1592.600	     -0.015	     -0.014	     -0.002	
 2012/07/31	   0.797	   0.797	   0.788	   0.790	          31200	      0.810	      0.820	      0.831	      0.872	           	      0.000	    312.000	   1647.000	   1536.600	     -0.017	     -0.014	     -0.005	
 2012/08/01	   0.795	   0.806	   0.795	   0.802	         315400	      0.805	      0.818	      0.828	      0.869	           	      0.000	   3154.000	   1988.200	   1721.400	     -0.017	     -0.015	     -0.004	
 2012/08/02	   0.804	   0.806	   0.796	   0.798	         822686	      0.801	      0.813	      0.826	      0.867	           	      0.000	   8226.860	   3059.972	   2369.486	     -0.017	     -0.015	     -0.004	
 2012/08/03	   0.807	   0.810	   0.805	   0.810	          67000	      0.801	      0.811	      0.823	      0.866	           	      0.000	    670.000	   2663.372	   2378.386	     -0.016	     -0.015	     -0.001	
 2012/08/06	   0.812	   0.830	   0.812	   0.829	         540774	      0.806	      0.812	      0.823	      0.864	           	      0.000	   5407.740	   3554.120	   2662.260	     -0.014	     -0.015	      0.003	
 2012/08/07	   0.829	   0.835	   0.829	   0.835	         135600	      0.815	      0.812	      0.823	      0.863	           	      0.000	   1356.000	   3762.920	   2704.960	     -0.011	     -0.014	      0.006	
 2012/08/08	   0.837	   0.837	   0.832	   0.832	          16200	      0.821	      0.813	      0.823	      0.862	           	      0.000	    162.000	   3164.520	   2576.360	     -0.009	     -0.013	      0.008	
 2012/08/09	   0.830	   0.843	   0.827	   0.842	         412800	      0.830	      0.816	      0.822	      0.861	           	      0.000	   4128.000	   2344.748	   2702.360	     -0.007	     -0.012	      0.010	
 2012/08/10	   0.844	   0.844	   0.837	   0.841	          19600	      0.836	      0.818	      0.822	      0.859	           	      0.000	    196.000	   2249.948	   2456.660	     -0.005	     -0.011	      0.011	
 2012/08/13	   0.835	   0.840	   0.826	   0.826	          77100	      0.835	      0.821	      0.822	      0.858	           	      0.000	    771.000	   1322.600	   2438.360	     -0.005	     -0.009	      0.009	
 2012/08/14	   0.826	   0.829	   0.815	   0.829	         451800	      0.834	      0.824	      0.822	      0.857	           	      0.000	   4518.000	   1955.000	   2858.960	     -0.004	     -0.008	      0.008	
 2012/08/15	   0.824	   0.825	   0.820	   0.820	          61354	      0.832	      0.826	      0.822	      0.856	           	      0.000	    613.540	   2045.308	   2604.914	     -0.004	     -0.007	      0.006	
 2012/08/16	   0.820	   0.820	   0.816	   0.816	          63600	      0.826	      0.828	      0.821	      0.854	           	      0.000	    636.000	   1346.908	   1845.828	     -0.005	     -0.007	      0.004	
 2012/08/17	   0.816	   0.816	   0.808	   0.812	         267700	      0.821	      0.828	      0.820	      0.853	           	      0.000	   2677.000	   1843.108	   2046.528	     -0.005	     -0.007	      0.002	
 2012/08/20	   0.806	   0.810	   0.790	   0.800	       20026688	      0.815	      0.825	      0.818	      0.851	           	      0.000	 200266.875	  41742.281	  21532.441	     -0.007	     -0.007	     -0.000	
 2012/08/21	   0.813	   0.827	   0.812	   0.824	        1409997	      0.814	      0.824	      0.818	      0.850	           	      0.000	  14099.970	  43658.676	  22806.838	     -0.006	     -0.007	      0.001	
 2012/08/22	   0.824	   0.824	   0.815	   0.815	         138300	      0.813	      0.822	      0.818	      0.848	           	      0.000	   1383.000	  43812.570	  22928.938	     -0.006	     -0.006	      0.001	
 2012/08/23	   0.819	   0.822	   0.815	   0.822	          44900	      0.815	      0.821	      0.818	      0.847	           	      0.000	    449.000	  43775.168	  22561.039	     -0.005	     -0.006	      0.002	
 2012/08/24	   0.817	   0.817	   0.806	   0.806	          42400	      0.813	      0.817	      0.818	      0.845	           	      0.000	    424.000	  43324.570	  22583.838	     -0.006	     -0.006	      0.000	
 2012/08/27	   0.791	   0.795	   0.789	   0.789	          42300	      0.811	      0.813	      0.817	      0.843	           	      0.000	    423.000	   3355.794	  22549.039	     -0.008	     -0.006	     -0.003	
 2012/08/28	   0.792	   0.795	   0.785	   0.794	          10700	      0.805	      0.810	      0.817	      0.841	           	      0.000	    107.000	    557.200	  22107.938	     -0.009	     -0.007	     -0.004	
 2012/08/29	   0.788	   0.790	   0.788	   0.790	          42100	      0.800	      0.807	      0.817	      0.840	           	      0.000	    421.000	    364.800	  22088.684	     -0.010	     -0.007	     -0.004	
 2012/08/30	   0.786	   0.786	   0.768	   0.775	         609300	      0.791	      0.803	      0.815	      0.838	           	      0.000	   6093.000	   1493.600	  22634.385	     -0.011	     -0.008	     -0.006	
 2012/08/31	   0.774	   0.780	   0.774	   0.776	          63500	      0.785	      0.799	      0.814	      0.836	           	      0.000	    635.000	   1535.800	  22430.184	     -0.013	     -0.009	     -0.007	
 2012/09/03	   0.785	   0.789	   0.784	   0.786	          13000	      0.784	      0.798	      0.812	      0.835	           	      0.000	    130.000	   1477.200	   2416.497	     -0.013	     -0.010	     -0.006	
 2012/09/04	   0.788	   0.788	   0.782	   0.783	          13900	      0.782	      0.794	      0.809	      0.833	           	      0.000	    139.000	   1483.600	   1020.400	     -0.013	     -0.010	     -0.005	
 2012/09/05	   0.780	   0.784	   0.780	   0.784	          21300	      0.781	      0.790	      0.807	      0.831	           	      0.000	    213.000	   1442.000	    903.400	     -0.013	     -0.011	     -0.004	
 2012/09/06	   0.788	   0.791	   0.786	   0.789	           8700	      0.784	      0.787	      0.804	      0.830	           	      0.000	     87.000	    240.800	    867.200	     -0.012	     -0.011	     -0.002	
 2012/09/07	   0.805	   0.828	   0.805	   0.822	         957990	      0.793	      0.789	      0.803	      0.829	           	      0.000	   9579.900	   2029.780	   1782.790	     -0.009	     -0.011	      0.004	
 2012/09/10	   0.821	   0.827	   0.821	   0.824	          60700	      0.800	      0.792	      0.803	      0.827	           	      0.000	    607.000	   2125.180	   1801.190	     -0.006	     -0.010	      0.008	
 2012/09/11	   0.823	   0.826	   0.819	   0.826	         422700	      0.809	      0.795	      0.803	      0.826	           	      0.000	   4227.000	   2942.780	   2213.190	     -0.003	     -0.008	      0.010	
 2012/09/12	   0.831	   0.831	   0.822	   0.829	          87056	      0.818	      0.799	      0.803	      0.825	           	      0.000	    870.560	   3074.292	   2258.146	     -0.001	     -0.007	      0.011	
 2012/09/13	   0.829	   0.833	   0.822	   0.822	         275400	      0.825	      0.804	      0.803	      0.824	           	      0.000	   2754.000	   3607.692	   1924.246	     -0.000	     -0.006	      0.011	
 2012/09/14	   0.823	   0.823	   0.779	   0.807	         111300	      0.822	      0.807	      0.803	      0.823	           	      0.000	   1113.000	   1914.312	   1972.046	     -0.000	     -0.005	      0.008	
 2012/09/17	   0.817	   0.820	   0.785	   0.785	         353500	      0.814	      0.807	      0.802	      0.821	           	      0.000	   3535.000	   2499.912	   2312.546	     -0.002	     -0.004	      0.004	
 2012/09/18	   0.785	   0.794	   0.780	   0.790	          95700	      0.807	      0.808	      0.801	      0.820	           	      0.000	    957.000	   1845.912	   2394.346	     -0.003	     -0.004	      0.001	
 2012/09/19	   0.787	   0.800	   0.777	   0.786	         331400	      0.798	      0.808	      0.799	      0.819	           	      0.000	   3314.000	   2334.600	   2704.446	     -0.005	     -0.004	     -0.001	
 2012/09/20	   0.770	   0.783	   0.761	   0.770	         184800	      0.788	      0.806	      0.797	      0.818	           	      0.000	   1848.000	   2153.400	   2880.546	     -0.007	     -0.005	     -0.004	
 2012/09/21	   0.775	   0.775	   0.750	   0.760	          50000	      0.778	      0.800	      0.794	      0.816	           	      0.000	    500.000	   2030.800	   1972.556	     -0.009	     -0.006	     -0.007	
 2012/09/24	   0.770	   0.799	   0.750	   0.753	         111100	      0.772	      0.793	      0.793	      0.815	           	      0.000	   1111.000	   1546.000	   2022.956	     -0.011	     -0.007	     -0.009	
 2012/09/25	   0.760	   0.768	   0.750	   0.768	          75000	      0.767	      0.787	      0.791	      0.813	           	      0.000	    750.000	   1504.600	   1675.256	     -0.012	     -0.008	     -0.008	
 2012/09/26	   0.767	   0.767	   0.760	   0.760	          24500	      0.762	      0.780	      0.790	      0.811	           	      0.000	    245.000	    890.800	   1612.700	     -0.013	     -0.009	     -0.008	
 2012/09/27	   0.786	   0.786	   0.746	   0.760	          45100	      0.760	      0.774	      0.789	      0.810	           	      0.000	    451.000	    611.400	   1382.400	     -0.013	     -0.010	     -0.007	
 2012/09/28	   0.751	   0.779	   0.751	   0.779	         386109	      0.764	      0.771	      0.789	      0.809	           	      0.000	   3861.090	   1283.618	   1657.209	     -0.012	     -0.010	     -0.004	
 2012/10/08	   0.779	   0.799	   0.724	   0.753	         486384	      0.764	      0.768	      0.788	      0.807	           	      0.000	   4863.840	   2034.186	   1790.093	     -0.013	     -0.011	     -0.005	
 2012/10/09	   0.781	   0.790	   0.780	   0.790	         165300	      0.768	      0.768	      0.788	      0.807	           	      0.000	   1653.000	   2214.786	   1859.693	     -0.011	     -0.011	      0.000	
 2012/10/10	   0.797	   0.798	   0.796	   0.796	         162184	      0.776	      0.769	      0.788	      0.806	           	      0.000	   1621.840	   2490.154	   1690.477	     -0.008	     -0.010	      0.004	
 2012/10/11	   0.796	   0.796	   0.796	   0.796	              0	      0.783	      0.771	      0.789	      0.805	           	      0.000	      0.000	   2399.954	   1505.677	     -0.006	     -0.010	      0.006	
 2012/10/12	   0.767	   0.780	   0.767	   0.769	         166900	      0.781	      0.772	      0.786	      0.804	           	      0.000	   1669.000	   1961.536	   1622.577	     -0.007	     -0.009	      0.004	
 2012/10/15	   0.783	   0.796	   0.767	   0.767	         227100	      0.784	      0.774	      0.783	      0.803	           	      0.000	   2271.000	   1442.968	   1738.577	     -0.007	     -0.009	      0.003	
 2012/10/16	   0.784	   0.788	   0.783	   0.783	          21300	      0.782	      0.775	      0.781	      0.802	           	      0.000	    213.000	   1154.968	   1684.877	     -0.006	     -0.008	      0.004	
 2012/10/17	   0.753	   0.778	   0.753	   0.778	          41600	      0.779	      0.777	      0.779	      0.801	           	      0.000	    416.000	    913.800	   1701.977	     -0.006	     -0.008	      0.004	
 2012/10/18	   0.765	   0.810	   0.765	   0.809	         630984	      0.781	      0.782	      0.778	      0.801	           	      0.000	   6309.840	   2175.768	   2287.861	     -0.003	     -0.007	      0.008	
 2012/10/19	   0.806	   0.806	   0.785	   0.803	         302200	      0.788	      0.784	      0.778	      0.800	           	      0.000	   3022.000	   2446.368	   2203.952	     -0.001	     -0.006	      0.009	
 2012/10/22	   0.780	   0.802	   0.768	   0.802	         115500	      0.795	      0.789	      0.779	      0.800	           	      0.000	   1155.000	   2223.168	   1833.068	      0.000	     -0.005	      0.009	
 2012/10/23	   0.801	   0.811	   0.782	   0.782	         180800	      0.795	      0.789	      0.778	      0.799	           	      0.000	   1808.000	   2542.168	   1848.568	     -0.000	     -0.004	      0.007	
 2012/10/24	   0.795	   0.805	   0.781	   0.785	        1504700	      0.796	      0.787	      0.778	      0.798	           	      0.000	  15047.000	   5468.368	   3191.084	     -0.001	     -0.003	      0.005	
 2012/10/25	   0.795	   0.795	   0.770	   0.771	         104900	      0.789	      0.785	      0.778	      0.798	           	      0.000	   1049.000	   4416.200	   3295.984	     -0.002	     -0.003	      0.002	
 2012/10/26	   0.775	   0.791	   0.771	   0.771	         300000	      0.782	      0.785	      0.779	      0.797	           	      0.000	   3000.000	   4411.800	   3429.084	     -0.003	     -0.003	      0.000	
 2012/10/29	   0.779	   0.779	   0.776	   0.776	            600	      0.777	      0.786	      0.780	      0.796	           	      0.000	      6.000	   4182.000	   3202.584	     -0.003	     -0.003	     -0.000	
 2012/10/30	   0.768	   0.780	   0.768	   0.771	          69300	      0.775	      0.785	      0.780	      0.796	           	      0.000	    693.000	   3959.000	   3250.584	     -0.004	     -0.003	     -0.001	
 2012/10/31	   0.770	   0.770	   0.765	   0.765	          60800	      0.771	      0.784	      0.780	      0.796	           	      0.000	    608.000	   1071.200	   3269.784	     -0.005	     -0.003	     -0.003	
 2012/11/01	   0.766	   0.786	   0.766	   0.776	         137900	      0.772	      0.780	      0.781	      0.795	           	      0.000	   1379.000	   1137.200	   2776.700	     -0.004	     -0.004	     -0.002	
 2012/11/02	   0.783	   0.794	   0.778	   0.782	         112200	      0.774	      0.778	      0.781	      0.795	           	      0.000	   1122.000	    761.600	   2586.700	     -0.004	     -0.004	     -0.000	
 2012/11/05	   0.773	   0.775	   0.773	   0.775	          42900	      0.774	      0.775	      0.782	      0.794	           	      0.000	    429.000	    846.200	   2514.100	     -0.004	     -0.004	     -0.000	
 2012/11/06	   0.770	   0.773	   0.766	   0.773	         140700	      0.774	      0.775	      0.781	      0.793	           	      0.000	   1407.000	    989.000	   2474.000	     -0.004	     -0.004	     -0.000	
 2012/11/07	   0.771	   0.788	   0.771	   0.779	         407600	      0.777	      0.774	      0.781	      0.792	           	      0.000	   4076.000	   1682.600	   1376.900	     -0.003	     -0.004	      0.000	
 2012/11/08	   0.769	   0.776	   0.769	   0.772	          96900	      0.776	      0.774	      0.779	      0.791	           	      0.000	    969.000	   1600.600	   1368.900	     -0.003	     -0.004	      0.000	
 2012/11/09	   0.768	   0.769	   0.768	   0.769	          20800	      0.774	      0.774	      0.779	      0.789	           	      0.000	    208.000	   1417.800	   1089.700	     -0.004	     -0.004	     -0.000	
 2012/11/12	   0.760	   0.772	   0.756	   0.772	          20500	      0.773	      0.773	      0.780	      0.789	           	      0.000	    205.000	   1373.000	   1109.600	     -0.004	     -0.004	     -0.000	
 2012/11/13	   0.757	   0.765	   0.745	   0.745	          86300	      0.767	      0.771	      0.778	      0.787	           	      0.000	    863.000	   1264.200	   1126.600	     -0.006	     -0.004	     -0.004	
 2012/11/14	   0.732	   0.752	   0.732	   0.752	          60000	      0.762	      0.770	      0.776	      0.786	           	      0.000	    600.000	    569.000	   1125.800	     -0.007	     -0.005	     -0.005	
 2012/11/15	   0.749	   0.750	   0.732	   0.746	          63900	      0.757	      0.766	      0.773	      0.785	           	      0.000	    639.000	    503.000	   1051.800	     -0.008	     -0.005	     -0.006	
 2012/11/16	   0.721	   0.738	   0.720	   0.738	          51500	      0.751	      0.762	      0.770	      0.784	           	      0.000	    515.000	    564.400	    991.100	     -0.010	     -0.006	     -0.007	
 2012/11/19	   0.737	   0.738	   0.720	   0.738	         132200	      0.744	      0.758	      0.767	      0.783	           	      0.000	   1322.000	    787.800	   1080.400	     -0.011	     -0.007	     -0.007	
 2012/11/20	   0.742	   0.744	   0.725	   0.739	           4100	      0.743	      0.755	      0.765	      0.781	           	      0.000	     41.000	    623.400	    943.800	     -0.011	     -0.008	     -0.007	
 2012/11/21	   0.738	   0.746	   0.723	   0.746	        1693100	      0.741	      0.752	      0.763	      0.780	           	      0.000	  16931.000	   3889.600	   2229.300	     -0.011	     -0.009	     -0.005	
 2012/11/22	   0.746	   0.746	   0.746	   0.746	              0	      0.741	      0.749	      0.762	      0.779	           	      0.000	      0.000	   3761.800	   2132.400	     -0.011	     -0.009	     -0.004	
 2012/11/23	   0.721	   0.746	   0.721	   0.745	          36700	      0.743	      0.747	      0.760	      0.778	           	      0.000	    367.000	   3732.200	   2148.300	     -0.011	     -0.009	     -0.002	
 2012/11/26	   0.732	   0.737	   0.730	   0.737	          23500	      0.743	      0.743	      0.758	      0.777	           	      0.000	    235.000	   3514.800	   2151.300	     -0.011	     -0.010	     -0.002	
 2012/11/27	   0.720	   0.720	   0.713	   0.713	          41200	      0.737	      0.740	      0.755	      0.776	           	      0.000	    412.000	   3589.000	   2106.200	     -0.013	     -0.010	     -0.005	
 2012/11/28	   0.700	   0.702	   0.695	   0.698	          55300	      0.728	      0.735	      0.752	      0.774	           	      0.000	    553.000	    313.400	   2101.500	     -0.016	     -0.011	     -0.008	
 2012/11/29	   0.693	   0.693	   0.693	   0.693	           1000	      0.717	      0.729	      0.748	      0.773	           	      0.000	     10.000	    315.400	   2038.600	     -0.018	     -0.013	     -0.010	
 2012/11/30	   0.695	   0.697	   0.693	   0.697	         117300	      0.708	      0.725	      0.744	      0.771	           	      0.000	   1173.000	    476.600	   2104.400	     -0.019	     -0.014	     -0.010	
 2012/12/03	   0.696	   0.696	   0.667	   0.680	         214900	      0.696	      0.719	      0.739	      0.770	           	      0.000	   2149.000	    859.400	   2187.100	     -0.021	     -0.015	     -0.012	
 2012/12/04	   0.681	   0.683	   0.652	   0.668	         367150	      0.687	      0.712	      0.734	      0.768	           	      0.000	   3671.500	   1511.300	   2550.150	     -0.024	     -0.017	     -0.013	
 2012/12/05	   0.678	   0.718	   0.663	   0.705	         425450	      0.689	      0.708	      0.730	      0.766	           	      0.000	   4254.500	   2251.600	   1282.500	     -0.022	     -0.018	     -0.008	
 2012/12/06	   0.705	   0.707	   0.688	   0.689	         120600	      0.688	      0.702	      0.726	      0.765	           	      0.000	   1206.000	   2490.800	   1403.100	     -0.022	     -0.019	     -0.007	
 2012/12/07	   0.692	   0.717	   0.692	   0.717	         187000	      0.692	      0.700	      0.723	      0.763	           	      0.000	   1870.000	   2630.200	   1553.400	     -0.020	     -0.019	     -0.001	
 2012/12/10	   0.700	   0.720	   0.700	   0.720	         482184	      0.700	      0.698	      0.721	      0.761	           	      0.000	   4821.840	   3164.768	   2012.084	     -0.017	     -0.019	      0.003	
 2012/12/11	   0.720	   0.727	   0.713	   0.727	         271984	      0.712	      0.699	      0.720	      0.760	           	      0.000	   2719.840	   2974.436	   2242.868	     -0.015	     -0.018	      0.007	
 2012/12/12	   0.715	   0.719	   0.688	   0.713	         409800	      0.713	      0.701	      0.718	      0.758	           	      0.000	   4098.000	   2943.136	   2597.368	     -0.013	     -0.017	      0.007	
 2012/12/13	   0.711	   0.715	   0.703	   0.703	         169900	      0.716	      0.702	      0.716	      0.756	           	      0.000	   1699.000	   3041.736	   2766.268	     -0.013	     -0.016	      0.006	
 2012/12/14	   0.708	   0.746	   0.708	   0.733	         557250	      0.719	      0.706	      0.715	      0.754	           	      0.000	   5572.500	   3782.236	   3206.218	     -0.011	     -0.015	      0.009	
 2012/12/17	   0.726	   0.755	   0.726	   0.755	         934534	      0.726	      0.713	      0.716	      0.754	           	      0.000	   9345.340	   4686.936	   3925.852	     -0.006	     -0.013	      0.014	
 2012/12/18	   0.710	   0.768	   0.710	   0.768	         127000	      0.734	      0.723	      0.718	      0.754	           	      0.000	   1270.000	   4396.968	   3685.702	     -0.002	     -0.011	      0.018	
 2012/12/19	   0.757	   0.764	   0.756	   0.764	          71000	      0.745	      0.729	      0.719	      0.753	           	      0.000	    710.000	   3719.368	   3331.252	      0.001	     -0.009	      0.019	
 2012/12/20	   0.755	   0.760	   0.744	   0.760	        1037000	      0.756	      0.736	      0.719	      0.753	           	      0.000	  10370.000	   5453.568	   4247.652	      0.003	     -0.006	      0.019	
 2012/12/21	   0.760	   0.767	   0.745	   0.745	          47300	      0.758	      0.739	      0.719	      0.753	           	      0.000	    473.000	   4433.668	   4107.952	      0.003	     -0.004	      0.015	
 2012/12/24	   0.762	   0.762	   0.740	   0.760	          58200	      0.759	      0.743	      0.720	      0.753	           	      0.000	    582.000	   2681.000	   3683.968	      0.005	     -0.003	      0.015	
 2012/12/25	   0.760	   0.776	   0.738	   0.770	         216200	      0.760	      0.747	      0.723	      0.753	           	      0.000	   2162.000	   2859.400	   3628.184	      0.007	     -0.001	      0.015	
 2012/12/26	   0.750	   0.770	   0.750	   0.770	          44400	      0.761	      0.753	      0.727	      0.753	           	      0.000	    444.000	   2806.200	   3262.784	      0.008	      0.001	      0.014	
 2012/12/27	   0.773	   0.776	   0.756	   0.774	          88800	      0.764	      0.760	      0.731	      0.753	           	      0.000	    888.000	    909.800	   3181.684	      0.009	      0.003	      0.013	
 2012/12/28	   0.770	   0.779	   0.760	   0.779	         144500	      0.771	      0.765	      0.735	      0.753	           	      0.000	   1445.000	   1104.200	   2768.934	      0.011	      0.004	      0.013	
 2012/12/31	   0.780	   0.806	   0.780	   0.805	        1098332	      0.780	      0.770	      0.741	      0.754	           	      0.000	  10983.320	   3184.464	   2932.732	      0.014	      0.006	      0.015	
 2013/01/04	   0.798	   0.801	   0.774	   0.794	         108100	      0.784	      0.772	      0.748	      0.754	           	      0.000	   1081.000	   2968.264	   2913.832	      0.015	      0.008	      0.014	
 2013/01/07	   0.797	   0.805	   0.773	   0.776	         194900	      0.786	      0.773	      0.751	      0.754	           	      0.000	   1949.000	   3269.264	   3037.732	      0.014	      0.009	      0.010	
 2013/01/08	   0.789	   0.811	   0.778	   0.811	         216800	      0.793	      0.778	      0.757	      0.754	           	      0.000	   2168.000	   3525.264	   2217.532	      0.017	      0.011	      0.012	
 2013/01/09	   0.781	   0.816	   0.781	   0.816	         870500	      0.800	      0.785	      0.762	      0.755	           	      0.000	   8705.000	   4977.264	   3040.732	      0.018	      0.012	      0.013	
 2013/01/10	   0.783	   0.815	   0.783	   0.815	          42700	      0.802	      0.791	      0.767	      0.756	           	      0.000	    427.000	   2866.000	   3025.232	      0.020	      0.014	      0.012	
 2013/01/11	   0.818	   0.818	   0.799	   0.799	          24800	      0.803	      0.794	      0.771	      0.756	           	      0.000	    248.000	   2699.400	   2833.832	      0.019	      0.015	      0.009	
 2013/01/14	   0.809	   0.823	   0.790	   0.820	          71226	      0.812	      0.799	      0.776	      0.757	           	      0.000	    712.260	   2452.052	   2860.658	      0.020	      0.016	      0.009	
 2013/01/15	   0.808	   0.830	   0.808	   0.829	         364065	      0.816	      0.804	      0.782	      0.757	           	      0.000	   3640.650	   2746.582	   3135.923	      0.021	      0.017	      0.009	
 2013/01/16	   0.822	   0.840	   0.818	   0.828	         223000	      0.818	      0.809	      0.787	      0.757	           	      0.000	   2230.000	   1451.582	   3214.423	      0.022	      0.018	      0.008	
 2013/01/17	   0.820	   0.836	   0.805	   0.830	         121932	      0.821	      0.812	      0.791	      0.758	           	      0.000	   1219.320	   1610.046	   2238.023	      0.023	      0.019	      0.007	
 2013/01/18	   0.830	   0.834	   0.829	   0.833	          86332	      0.828	      0.816	      0.794	      0.759	           	      0.000	    863.320	   1733.110	   2216.255	      0.023	      0.020	      0.006	
 2013/01/21	   0.840	   0.840	   0.824	   0.840	         187700	      0.832	      0.822	      0.798	      0.760	           	      0.000	   1877.000	   1966.058	   2209.055	      0.023	      0.020	      0.006	
 2013/01/22	   0.825	   0.837	   0.818	   0.836	         129700	      0.833	      0.825	      0.802	      0.761	           	      0.000	   1297.000	   1497.328	   2121.955	      0.023	      0.021	      0.005	
 2013/01/23	   0.831	   0.840	   0.817	   0.817	          87000	      0.831	      0.825	      0.805	      0.762	           	      0.000	    870.000	   1225.328	   1338.455	      0.021	      0.021	      0.001	
 2013/01/24	   0.821	   0.835	   0.811	   0.829	         216100	      0.831	      0.826	      0.809	      0.762	           	      0.000	   2161.000	   1413.664	   1511.855	      0.021	      0.021	     -0.001	
 2013/01/25	   0.820	   0.826	   0.809	   0.825	         231194	      0.829	      0.829	      0.811	      0.763	           	      0.000	   2311.940	   1703.388	   1718.249	      0.019	      0.021	     -0.002	
 2013/01/28	   0.804	   0.840	   0.804	   0.840	        2012694	      0.829	      0.831	      0.815	      0.765	           	      0.000	  20126.939	   5353.376	   3659.717	      0.020	      0.020	     -0.002	
 2013/01/29	   0.825	   0.840	   0.825	   0.826	         141994	      0.827	      0.830	      0.817	      0.765	           	      0.000	   1419.940	   5377.964	   3437.646	      0.018	      0.020	     -0.004	
 2013/01/30	   0.780	   0.840	   0.780	   0.840	         420400	      0.832	      0.832	      0.820	      0.766	           	      0.000	   4204.000	   6044.764	   3635.046	      0.018	      0.020	     -0.003	
 2013/01/31	   0.833	   0.855	   0.833	   0.840	        2303000	      0.834	      0.833	      0.822	      0.767	           	      0.000	  23030.000	  10218.563	   5816.114	      0.018	      0.019	     -0.003	
 2013/02/01	   0.821	   0.857	   0.821	   0.840	        1832600	      0.837	      0.833	      0.824	      0.769	           	      0.000	  18326.000	  13421.376	   7562.382	      0.017	      0.019	     -0.003	
 2013/02/04	   0.842	   0.846	   0.839	   0.842	          42500	      0.838	      0.833	      0.828	      0.770	           	      0.000	    425.000	   9480.988	   7417.182	      0.017	      0.019	     -0.003	
 2013/02/05	   0.850	   0.850	   0.838	   0.849	         180200	      0.842	      0.835	      0.830	      0.771	           	      0.000	   1802.000	   9557.400	   7467.682	      0.017	      0.018	     -0.002	
 2013/02/06	   0.849	   0.860	   0.849	   0.860	          95000	      0.846	      0.839	      0.832	      0.772	           	      0.000	    950.000	   8906.600	   7475.682	      0.018	      0.018	     -0.001	
 2013/02/07	   0.844	   0.859	   0.844	   0.858	         100200	      0.850	      0.842	      0.834	      0.774	           	      0.000	   1002.000	   4501.000	   7359.782	      0.018	      0.018	     -0.000	
 2013/02/08	   0.858	   0.886	   0.858	   0.883	         460800	      0.858	      0.848	      0.838	      0.776	           	      0.000	   4608.000	   1757.400	   7589.388	      0.020	      0.019	      0.003	
 2013/02/18	   0.880	   0.887	   0.872	   0.887	         105500	      0.867	      0.852	      0.842	      0.778	           	      0.000	   1055.000	   1883.400	   5682.194	      0.022	      0.019	      0.005	
 2013/02/19	   0.862	   0.888	   0.860	   0.873	         253614	      0.872	      0.857	      0.844	      0.781	           	      0.000	   2536.140	   2030.228	   5793.814	      0.022	      0.020	      0.004	
 2013/02/20	   0.870	   0.888	   0.861	   0.887	         382615	      0.878	      0.862	      0.847	      0.783	           	      0.000	   3826.150	   2605.458	   5756.029	      0.022	      0.020	      0.004	
 2013/02/21	   0.885	   0.885	   0.860	   0.865	         166500	      0.879	      0.864	      0.849	      0.785	           	      0.000	   1665.000	   2738.058	   3619.529	      0.021	      0.020	      0.001	
 2013/02/22	   0.849	   0.871	   0.849	   0.851	         260500	      0.873	      0.866	      0.849	      0.787	           	      0.000	   2605.000	   2337.458	   2047.429	      0.019	      0.020	     -0.003	
 2013/02/25	   0.859	   0.875	   0.851	   0.875	         287800	      0.870	      0.869	      0.851	      0.789	           	      0.000	   2878.000	   2702.058	   2292.729	      0.018	      0.020	     -0.003	
 2013/02/26	   0.794	   0.878	   0.794	   0.866	         198600	      0.869	      0.871	      0.853	      0.791	           	      0.000	   1986.000	   2592.030	   2311.129	      0.017	      0.019	     -0.004	
 2013/02/27	   0.845	   0.863	   0.836	   0.858	          51445	      0.863	      0.870	      0.855	      0.793	           	      0.000	    514.450	   1929.690	   2267.574	      0.016	      0.018	     -0.006	
 2013/02/28	   0.860	   0.878	   0.860	   0.874	         179945	      0.865	      0.872	      0.857	      0.795	           	      0.000	   1799.450	   1956.580	   2347.319	      0.015	      0.018	     -0.005	
 2013/03/01	   0.878	   0.889	   0.878	   0.888	         626600	      0.872	      0.872	      0.860	      0.798	           	      0.000	   6266.000	   2688.780	   2513.119	      0.016	      0.017	     -0.003	
 2013/03/04	   0.872	   0.874	   0.845	   0.858	         158740	      0.869	      0.869	      0.861	      0.801	           	      0.000	   1587.400	   2430.660	   2566.359	      0.014	      0.017	     -0.005	
 2013/03/05	   0.857	   0.875	   0.850	   0.875	          40100	      0.871	      0.870	      0.863	      0.804	           	      0.000	    401.000	   2113.660	   2352.845	      0.014	      0.016	     -0.005	
 2013/03/06	   0.941	   0.941	   0.865	   0.880	         523560	      0.875	      0.869	      0.865	      0.807	           	      0.000	   5235.600	   3057.890	   2493.790	      0.014	      0.016	     -0.004	
 2013/03/07	   0.870	   0.878	   0.823	   0.861	          31200	      0.872	      0.869	      0.867	      0.810	           	      0.000	    312.000	   2760.400	   2358.490	      0.012	      0.015	     -0.006	
 2013/03/08	   0.860	   0.861	   0.860	   0.861	           5400	      0.867	      0.870	      0.868	      0.813	           	      0.000	     54.000	   1518.000	   2103.390	      0.011	      0.014	     -0.007	
 2013/03/11	   0.848	   0.860	   0.848	   0.856	         248900	      0.867	      0.868	      0.868	      0.816	           	      0.000	   2489.000	   1698.320	   2064.490	      0.009	      0.013	     -0.008	
 2013/03/12	   0.852	   0.866	   0.830	   0.834	         212400	      0.858	      0.864	      0.868	      0.818	           	      0.000	   2124.000	   2042.920	   2078.290	      0.006	      0.012	     -0.012	
 2013/03/13	   0.834	   0.834	   0.816	   0.830	          40700	      0.848	      0.862	      0.866	      0.820	           	      0.000	    407.000	   1077.200	   2067.545	      0.003	      0.010	     -0.014	
 2013/03/14	   0.817	   0.832	   0.816	   0.818	         987356	      0.840	      0.856	      0.864	      0.822	           	      0.000	   9873.560	   2989.512	   2874.956	     -0.000	      0.008	     -0.016	
 2013/03/15	   0.815	   0.865	   0.809	   0.858	        4279826	      0.839	      0.853	      0.863	      0.824	           	      0.000	  42798.262	  11538.364	   6528.182	      0.000	      0.006	     -0.012	
 2013/03/18	   0.851	   0.851	   0.824	   0.825	         111026	      0.833	      0.850	      0.860	      0.826	           	      0.000	   1110.260	  11262.616	   6480.468	     -0.002	      0.005	     -0.013	
 2013/03/19	   0.839	   0.839	   0.822	   0.838	         105700	      0.834	      0.846	      0.858	      0.828	           	      0.000	   1057.000	  11049.216	   6546.068	     -0.002	      0.003	     -0.011	
 2013/03/20	   0.845	   0.857	   0.845	   0.857	         127623	      0.839	      0.844	      0.856	      0.830	           	      0.000	   1276.230	  11223.063	   6150.131	     -0.001	      0.002	     -0.007	
 2013/03/21	   0.841	   0.860	   0.841	   0.853	         187083	      0.846	      0.843	      0.856	      0.832	           	      0.000	   1870.830	   9622.517	   6306.014	     -0.001	      0.002	     -0.005	
 2013/03/22	   0.851	   0.859	   0.850	   0.859	          71500	      0.846	      0.843	      0.856	      0.833	           	      0.000	    715.000	   1205.864	   6372.114	      0.000	      0.001	     -0.003	
 2013/03/25	   0.842	   0.856	   0.840	   0.855	         186600	      0.852	      0.843	      0.855	      0.835	           	      0.000	   1866.000	   1357.012	   6309.814	      0.000	      0.001	     -0.001	
 2013/03/26	   0.852	   0.870	   0.852	   0.860	        2400441	      0.857	      0.845	      0.855	      0.836	           	      0.000	  24004.410	   5946.494	   8497.855	      0.001	      0.001	     -0.000	
 2013/03/27	   0.846	   0.870	   0.846	   0.855	          49300	      0.856	      0.848	      0.855	      0.838	           	      0.000	    493.000	   5789.848	   8506.455	      0.001	      0.001	      0.000	
 2013/03/28	   0.835	   0.835	   0.831	   0.831	          82300	      0.852	      0.849	      0.853	      0.839	           	      0.000	    823.000	   5580.282	   7601.399	     -0.000	      0.001	     -0.003	
 2013/03/29	   0.842	   0.842	   0.837	   0.838	         167000	      0.848	      0.847	      0.850	      0.840	           	      0.000	   1670.000	   5771.282	   3488.573	     -0.001	      0.000	     -0.004	
 2013/04/01	   0.846	   0.850	   0.840	   0.840	          50500	      0.845	      0.849	      0.849	      0.842	           	      0.000	    505.000	   5499.082	   3428.047	     -0.002	     -0.000	     -0.004	
 2013/04/02	   0.836	   0.855	   0.836	   0.845	          60700	      0.842	      0.849	      0.848	      0.843	           	      0.000	    607.000	    819.600	   3383.047	     -0.002	     -0.000	     -0.003	
 2013/04/03	   0.838	   0.838	   0.835	   0.835	          16000	      0.838	      0.847	      0.845	      0.844	           	      0.000	    160.000	    753.000	   3271.424	     -0.003	     -0.001	     -0.004	
 2013/04/08	   0.820	   0.829	   0.818	   0.829	          93500	      0.837	      0.845	      0.844	      0.844	           	      0.000	    935.000	    775.400	   3177.841	     -0.004	     -0.001	     -0.004	
 2013/04/09	   0.821	   0.839	   0.821	   0.839	        8053000	      0.838	      0.843	      0.843	      0.845	           	      0.000	  80530.000	  16547.400	  11159.341	     -0.004	     -0.002	     -0.004	
 2013/04/10	   0.826	   0.832	   0.825	   0.829	          30400	      0.835	      0.840	      0.841	      0.846	           	      0.000	    304.000	  16507.199	  11003.141	     -0.004	     -0.002	     -0.004	
 2013/04/11	   0.836	   0.836	   0.821	   0.821	          84200	      0.831	      0.836	      0.841	      0.846	           	      0.000	    842.000	  16554.199	   8686.900	     -0.006	     -0.003	     -0.005	
 2013/04/12	   0.821	   0.832	   0.820	   0.822	           9000	      0.828	      0.833	      0.840	      0.846	           	      0.000	     90.000	  16540.199	   8646.600	     -0.006	     -0.004	     -0.005	
 2013/04/15	   0.800	   0.810	   0.800	   0.810	          28300	      0.824	      0.831	      0.840	      0.846	           	      0.000	    283.000	  16409.801	   8592.600	     -0.008	     -0.004	     -0.007	
 2013/04/16	   0.809	   0.824	   0.809	   0.824	          35400	      0.821	      0.829	      0.838	      0.846	           	      0.000	    354.000	    374.600	   8461.000	     -0.008	     -0.005	     -0.005	
 2013/04/17	   0.772	   0.809	   0.772	   0.809	         128900	      0.817	      0.826	      0.837	      0.846	           	      0.000	   1289.000	    571.600	   8539.400	     -0.009	     -0.006	     -0.006	
 2013/04/18	   0.810	   0.821	   0.810	   0.813	          98300	      0.816	      0.823	      0.836	      0.846	           	      0.000	    983.000	    599.800	   8577.000	     -0.009	     -0.007	     -0.005	
 2013/04/19	   0.824	   0.838	   0.819	   0.838	          61200	      0.819	      0.823	      0.835	      0.846	           	      0.000	    612.000	    704.200	   8622.200	     -0.007	     -0.007	     -0.002	
 2013/04/22	   0.800	   0.837	   0.800	   0.834	          95400	      0.824	      0.824	      0.834	      0.846	           	      0.000	    954.000	    838.400	   8624.100	     -0.006	     -0.007	      0.001	
 2013/04/23	   0.815	   0.818	   0.815	   0.815	           4500	      0.822	      0.822	      0.832	      0.846	           	      0.000	     45.000	    776.600	    575.600	     -0.007	     -0.007	     -0.000	
 2013/04/24	   0.815	   0.840	   0.815	   0.840	        2535800	      0.828	      0.823	      0.831	      0.846	           	      0.000	  25358.000	   5590.400	   3081.000	     -0.005	     -0.006	      0.002	
 2013/04/25	   0.810	   0.840	   0.810	   0.833	         758000	      0.832	      0.824	      0.830	      0.846	           	      0.000	   7580.000	   6909.800	   3754.800	     -0.004	     -0.006	      0.003	
 2013/04/26	   0.833	   0.833	   0.814	   0.814	          59300	      0.827	      0.823	      0.828	      0.846	           	      0.000	    593.000	   6906.000	   3805.100	     -0.005	     -0.006	      0.001	
 2013/05/02	   0.812	   0.814	   0.800	   0.814	          40800	      0.823	      0.823	      0.827	      0.846	           	      0.000	    408.000	   6796.800	   3817.600	     -0.006	     -0.006	     -0.000	
 2013/05/03	   0.829	   0.837	   0.815	   0.815	        2001100	      0.823	      0.822	      0.826	      0.845	           	      0.000	  20011.000	  10790.000	   5783.300	     -0.006	     -0.006	     -0.001	
 2013/05/06	   0.822	   0.828	   0.822	   0.828	          18300	      0.821	      0.824	      0.825	      0.845	           	      0.000	    183.000	   5755.000	   5672.700	     -0.005	     -0.006	      0.001	
 2013/05/07	   0.828	   0.828	   0.828	   0.828	          13900	      0.820	      0.826	      0.825	      0.845	           	      0.000	    139.000	   4266.800	   5588.300	     -0.005	     -0.006	      0.002	
 2013/05/08	   0.830	   0.849	   0.824	   0.833	         150110	      0.824	      0.825	      0.824	      0.845	           	      0.000	   1501.100	   4448.420	   5677.210	     -0.004	     -0.005	      0.003	
 2013/05/09	   0.830	   0.832	   0.830	   0.832	         121310	      0.827	      0.825	      0.825	      0.845	           	      0.000	   1213.100	   4609.440	   5703.120	     -0.003	     -0.005	      0.004	
 2013/05/10	   0.827	   0.863	   0.827	   0.861	         989124	      0.836	      0.830	      0.826	      0.845	           	      0.000	   9891.240	   2585.488	   6687.744	      0.000	     -0.004	      0.008	
 2013/05/13	   0.861	   0.862	   0.846	   0.859	        1211499	      0.843	      0.832	      0.827	      0.846	           	      0.000	  12114.990	   4971.886	   5363.443	      0.002	     -0.003	      0.010	
 2013/05/14	   0.850	   0.859	   0.836	   0.837	        2008300	      0.844	      0.832	      0.828	      0.845	           	      0.000	  20083.000	   8960.687	   6613.743	      0.002	     -0.002	      0.008	
 2013/05/15	   0.836	   0.840	   0.836	   0.840	          22200	      0.846	      0.835	      0.829	      0.845	           	      0.000	    222.000	   8704.866	   6576.643	      0.002	     -0.001	      0.006	
 2013/05/16	   0.840	   0.862	   0.840	   0.862	         178291	      0.852	      0.840	      0.831	      0.845	           	      0.000	   1782.910	   8818.828	   6714.134	      0.004	      0.000	      0.008	
 2013/05/17	   0.850	   0.882	   0.850	   0.880	        2166314	      0.856	      0.846	      0.834	      0.845	           	      0.000	  21663.141	  11173.208	   6879.348	      0.007	      0.002	      0.011	
 2013/05/20	   0.873	   0.884	   0.868	   0.875	         166900	      0.859	      0.851	      0.838	      0.845	           	      0.000	   1669.000	   9084.010	   7027.948	      0.009	      0.003	      0.011	
 2013/05/21	   0.862	   0.893	   0.862	   0.887	        2184332	      0.869	      0.857	      0.841	      0.845	           	      0.000	  21843.320	   9436.074	   9198.380	      0.011	      0.005	      0.013	
 2013/05/22	   0.870	   0.877	   0.870	   0.875	         116000	      0.876	      0.861	      0.843	      0.845	           	      0.000	   1160.000	   9623.674	   9164.271	      0.012	      0.006	      0.011	
 2013/05/23	   0.884	   0.897	   0.868	   0.886	         371276	      0.881	      0.866	      0.846	      0.845	           	      0.000	   3712.760	  10009.645	   9414.236	      0.013	      0.007	      0.011	
 2013/05/24	   0.886	   0.892	   0.874	   0.892	        1756522	      0.883	      0.869	      0.850	      0.846	           	      0.000	  17565.221	   9190.061	  10181.634	      0.014	      0.009	      0.011	
 2013/05/27	   0.892	   0.892	   0.880	   0.883	          37700	      0.885	      0.872	      0.852	      0.846	           	      0.000	    377.000	   8931.660	   9007.835	      0.014	      0.010	      0.009	
 2013/05/28	   0.868	   0.908	   0.868	   0.891	        2035800	      0.885	      0.877	      0.855	      0.846	           	      0.000	  20358.000	   8634.596	   9035.335	      0.015	      0.011	      0.008	
 2013/05/29	   0.907	   0.907	   0.892	   0.900	          92600	      0.890	      0.883	      0.859	      0.847	           	      0.000	    926.000	   8587.796	   9105.735	      0.016	      0.012	      0.008	
 2013/05/30	   0.910	   0.928	   0.901	   0.905	         315500	      0.894	      0.887	      0.863	      0.848	           	      0.000	   3155.000	   8476.244	   9242.944	      0.017	      0.013	      0.008	
 2013/05/31	   0.905	   0.923	   0.905	   0.908	        3851868	      0.897	      0.890	      0.868	      0.848	           	      0.000	  38518.680	  12666.936	  10928.498	      0.018	      0.014	      0.008	
 2013/06/03	   0.893	   0.903	   0.893	   0.903	          60847	      0.901	      0.893	      0.872	      0.849	           	      0.000	    608.470	  12713.229	  10822.445	      0.018	      0.015	      0.006	
 2013/06/04	   0.895	   0.895	   0.875	   0.880	         133900	      0.899	      0.892	      0.874	      0.849	           	      0.000	   1339.000	   8909.430	   8772.013	      0.016	      0.015	      0.002	
 2013/06/05	   0.887	   0.891	   0.877	   0.885	         264065	      0.896	      0.893	      0.877	      0.849	           	      0.000	   2640.650	   9252.360	   8920.078	      0.014	      0.015	     -0.001	
 2013/06/06	   0.880	   0.886	   0.878	   0.878	          33900	      0.891	      0.892	      0.879	      0.849	           	      0.000	    339.000	   8689.160	   8582.702	      0.013	      0.014	     -0.003	
 2013/06/07	   0.871	   0.877	   0.861	   0.861	         165600	      0.881	      0.889	      0.879	      0.849	           	      0.000	   1656.000	   1316.624	   6991.780	      0.010	      0.013	     -0.007	
 2013/06/13	   0.832	   0.840	   0.831	   0.832	          36900	      0.867	      0.884	      0.878	      0.849	           	      0.000	    369.000	   1268.730	   6990.980	      0.005	      0.012	     -0.013	
 2013/06/14	   0.832	   0.832	   0.832	   0.832	              0	      0.858	      0.878	      0.878	      0.849	           	      0.000	      0.000	   1000.930	   4955.180	      0.001	      0.010	     -0.017	
 2013/06/17	   0.821	   0.847	   0.818	   0.847	          52104	      0.850	      0.873	      0.878	      0.849	           	      0.000	    521.040	    577.008	   4914.684	     -0.000	      0.008	     -0.016	
 2013/06/18	   0.820	   0.848	   0.820	   0.848	         270404	      0.844	      0.867	      0.877	      0.850	           	      0.000	   2704.040	   1050.016	   4869.588	     -0.002	      0.006	     -0.015	
 2013/06/19	   0.835	   0.843	   0.824	   0.832	         258300	      0.838	      0.860	      0.875	      0.849	           	      0.000	   2583.000	   1235.416	   1276.020	     -0.004	      0.004	     -0.016	
 2013/06/20	   0.830	   0.832	   0.826	   0.826	           5500	      0.837	      0.852	      0.873	      0.849	           	      0.000	     55.000	   1172.616	   1220.673	     -0.006	      0.002	     -0.016	
 2013/06/21	   0.800	   0.820	   0.800	   0.820	         405200	      0.835	      0.846	      0.869	      0.849	           	      0.000	   4052.000	   1983.016	   1491.973	     -0.008	     -0.000	     -0.016	
 2013/06/24	   0.810	   0.810	   0.740	   0.777	         425900	      0.821	      0.835	      0.864	      0.848	           	      0.000	   4259.000	   2730.608	   1653.808	     -0.013	     -0.003	     -0.021	
 2013/06/25	   0.768	   0.768	   0.711	   0.757	         173400	      0.802	      0.823	      0.858	      0.846	           	      0.000	   1734.000	   2536.600	   1793.308	     -0.019	     -0.006	     -0.025	
 2013/06/26	   0.757	   0.778	   0.747	   0.772	         156500	      0.790	      0.814	      0.852	      0.845	           	      0.000	   1565.000	   2333.000	   1784.208	     -0.021	     -0.009	     -0.025	
 2013/06/27	   0.776	   0.797	   0.776	   0.783	         213700	      0.782	      0.809	      0.847	      0.843	           	      0.000	   2137.000	   2749.400	   1961.008	     -0.022	     -0.012	     -0.022	
 2013/06/28	   0.785	   0.785	   0.770	   0.770	          10300	      0.772	      0.803	      0.841	      0.842	           	      0.000	    103.000	   1959.600	   1971.308	     -0.024	     -0.014	     -0.020	
 2013/07/01	   0.773	   0.783	   0.773	   0.783	        2000004	      0.773	      0.797	      0.835	      0.841	           	      0.000	  20000.039	   5107.808	   3919.208	     -0.024	     -0.016	     -0.016	
 2013/07/02	   0.790	   0.790	   0.775	   0.775	          51890	      0.777	      0.789	      0.828	      0.840	           	      0.000	    518.900	   4864.788	   3700.694	     -0.024	     -0.018	     -0.013	
 2013/07/03	   0.767	   0.775	   0.767	   0.775	          31000	      0.777	      0.784	      0.822	      0.839	           	      0.000	    310.000	   4613.788	   3473.394	     -0.024	     -0.019	     -0.011	
 2013/07/04	   0.807	   0.807	   0.802	   0.802	         130400	      0.781	      0.781	      0.817	      0.838	           	      0.000	   1304.000	   4447.188	   3598.294	     -0.022	     -0.020	     -0.004	
 2013/07/05	   0.806	   0.806	   0.800	   0.800	          17600	      0.787	      0.779	      0.813	      0.837	           	      0.000	    176.000	   4461.788	   3210.694	     -0.020	     -0.020	     -0.000	
 2013/07/08	   0.800	   0.800	   0.800	   0.800	              0	      0.790	      0.782	      0.808	      0.837	           	      0.000	      0.000	    461.780	   2784.794	     -0.018	     -0.019	      0.003	
 2013/07/09	   0.800	   0.800	   0.800	   0.800	              0	      0.795	      0.786	      0.805	      0.836	           	      0.000	      0.000	    358.000	   2611.394	     -0.017	     -0.019	      0.005	
 2013/07/10	   0.785	   0.800	   0.785	   0.800	          40100	      0.800	      0.789	      0.802	      0.836	           	      0.000	    401.000	    376.200	   2494.994	     -0.015	     -0.018	      0.006	
 2013/07/11	   0.798	   0.825	   0.798	   0.818	         196780	      0.804	      0.792	      0.801	      0.835	           	      0.000	   1967.800	    508.960	   2478.074	     -0.012	     -0.017	      0.009	
 2013/07/12	   0.800	   0.815	   0.780	   0.780	          57300	      0.800	      0.793	      0.798	      0.835	           	      0.000	    573.000	    588.360	   2525.074	     -0.013	     -0.016	      0.006	
 2013/07/15	   0.810	   0.818	   0.800	   0.810	          29600	      0.802	      0.796	      0.796	      0.834	           	      0.000	    296.000	    647.560	    554.670	     -0.011	     -0.015	      0.008	
 2013/07/16	   0.800	   0.825	   0.800	   0.821	          36800	      0.806	      0.801	      0.795	      0.835	           	      0.000	    368.000	    721.160	    539.580	     -0.009	     -0.014	      0.011	
 2013/07/17	   0.821	   0.830	   0.821	   0.827	          49300	      0.811	      0.806	      0.795	      0.835	           	      0.000	    493.000	    739.560	    557.880	     -0.006	     -0.012	      0.013	
 2013/07/18	   0.805	   0.805	   0.802	   0.803	          82500	      0.808	      0.806	      0.794	      0.835	           	      0.000	    825.000	    511.000	    509.980	     -0.006	     -0.011	      0.010	
 2013/07/19	   0.803	   0.824	   0.802	   0.802	        6626000	      0.813	      0.806	      0.793	      0.834	           	      0.000	  66260.000	  13648.400	   7118.380	     -0.006	     -0.010	      0.008	
 2013/07/22	   0.790	   0.806	   0.790	   0.806	         415900	      0.812	      0.807	      0.794	      0.834	           	      0.000	   4159.000	  14421.000	   7534.280	     -0.005	     -0.009	      0.008	
 2013/07/23	   0.802	   0.829	   0.800	   0.816	        1801600	      0.811	      0.808	      0.797	      0.834	           	      0.000	  18016.000	  17950.600	   9335.880	     -0.004	     -0.008	      0.008	
 2013/07/24	   0.812	   0.816	   0.800	   0.815	         100911	      0.808	      0.810	      0.799	      0.834	           	      0.000	   1009.110	  18053.822	   9396.691	     -0.003	     -0.007	      0.008	
 2013/07/25	   0.820	   0.820	   0.806	   0.817	          55400	      0.811	      0.810	      0.801	      0.833	           	      0.000	    554.000	  17999.621	   9255.311	     -0.002	     -0.006	      0.008	
 2013/07/26	   0.800	   0.814	   0.800	   0.810	          63011	      0.813	      0.813	      0.803	      0.833	           	      0.000	    630.110	   4873.644	   9261.022	     -0.002	     -0.005	      0.007	
 2013/07/29	   0.804	   0.804	   0.804	   0.804	          20000	      0.812	      0.812	      0.804	      0.833	           	      0.000	    200.000	   4081.844	   9251.422	     -0.002	     -0.005	      0.005	
 2013/07/30	   0.808	   0.808	   0.790	   0.800	          12100	      0.809	      0.810	      0.805	      0.832	           	      0.000	    121.000	    502.844	   9226.722	     -0.003	     -0.004	      0.003	
 2013/07/31	   0.810	   0.810	   0.800	   0.800	           2200	      0.806	      0.807	      0.807	      0.832	           	      0.000	     22.000	    305.422	   9179.622	     -0.003	     -0.004	      0.002	
 2013/08/01	   0.814	   0.824	   0.800	   0.824	         733454	      0.808	      0.809	      0.808	      0.832	           	      0.000	   7334.540	   1661.530	   9830.576	     -0.002	     -0.004	      0.004	
 2013/08/02	   0.827	   0.833	   0.815	   0.826	        2077669	      0.811	      0.812	      0.809	      0.832	           	      0.000	  20776.689	   5690.846	   5282.245	     -0.000	     -0.003	      0.006	
 2013/08/05	   0.809	   0.838	   0.808	   0.827	         217361	      0.815	      0.814	      0.810	      0.832	           	      0.000	   2173.610	   6085.568	   5083.706	      0.001	     -0.002	      0.006	
 2013/08/06	   0.819	   0.839	   0.819	   0.835	          78800	      0.822	      0.816	      0.812	      0.832	           	      0.000	    788.000	   6218.968	   3360.906	      0.003	     -0.001	      0.008	
 2013/08/07	   0.834	   0.845	   0.834	   0.845	         222959	      0.831	      0.819	      0.814	      0.832	           	      0.000	   2229.590	   6660.486	   3482.954	      0.005	      0.000	      0.009	
 2013/08/08	   0.826	   0.845	   0.826	   0.834	         178400	      0.833	      0.821	      0.815	      0.831	           	      0.000	   1784.000	   5550.378	   3605.954	      0.005	      0.001	      0.009	
 2013/08/09	   0.844	   0.855	   0.842	   0.854	        2016059	      0.839	      0.825	      0.819	      0.832	           	      0.000	  20160.590	   5427.158	   5559.002	      0.007	      0.002	      0.010	
 2013/08/12	   0.860	   0.860	   0.860	   0.860	          17059	      0.846	      0.831	      0.821	      0.832	           	      0.000	    170.590	   5026.554	   5556.061	      0.009	      0.004	      0.011	
 2013/08/13	   0.853	   0.870	   0.832	   0.870	         199800	      0.853	      0.837	      0.824	      0.832	           	      0.000	   1998.000	   5268.554	   5743.761	      0.012	      0.005	      0.013	
 2013/08/14	   0.853	   0.858	   0.848	   0.853	         184900	      0.854	      0.843	      0.825	      0.832	           	      0.000	   1849.000	   5192.436	   5926.461	      0.012	      0.007	      0.011	
 2013/08/15	   0.850	   0.860	   0.850	   0.856	          60700	      0.859	      0.846	      0.828	      0.831	           	      0.000	    607.000	   4957.036	   5253.707	      0.012	      0.008	      0.009	
 2013/08/16	   0.849	   0.867	   0.833	   0.843	          97800	      0.856	      0.848	      0.830	      0.831	           	      0.000	    978.000	   1120.518	   3273.838	      0.011	      0.009	      0.006	
 2013/08/19	   0.812	   0.854	   0.812	   0.838	           8300	      0.852	      0.849	      0.831	      0.830	           	      0.000	     83.000	   1103.000	   3064.777	      0.010	      0.009	      0.003	
 2013/08/20	   0.842	   0.842	   0.836	   0.836	          36200	      0.845	      0.849	      0.832	      0.829	           	      0.000	    362.000	    775.800	   3022.177	      0.009	      0.009	     -0.000	
 2013/08/21	   0.833	   0.856	   0.825	   0.839	          58600	      0.842	      0.848	      0.834	      0.828	           	      0.000	    586.000	    523.200	   2857.818	      0.008	      0.009	     -0.001	
 2013/08/22	   0.855	   0.855	   0.840	   0.842	          39941	      0.840	      0.849	      0.835	      0.828	           	      0.000	    399.410	    481.682	   2719.359	      0.007	      0.008	     -0.002	
 2013/08/23	   0.835	   0.855	   0.835	   0.847	        2040441	      0.840	      0.848	      0.837	      0.827	           	      0.000	  20404.410	   4366.964	   2743.741	      0.007	      0.008	     -0.002	
 2013/08/26	   0.861	   0.881	   0.855	   0.880	       23641160	      0.849	      0.850	      0.840	      0.826	           	      0.000	 236411.594	  51632.684	  26367.842	      0.010	      0.009	      0.003	
 2013/08/27	   0.881	   0.882	   0.860	   0.866	       20976760	      0.855	      0.850	      0.844	      0.826	           	      0.000	 209767.594	  93513.805	  47144.801	      0.011	      0.009	      0.003	
 2013/08/28	   0.866	   0.885	   0.866	   0.868	           2500	      0.861	      0.851	      0.847	      0.825	           	      0.000	     25.000	  93401.602	  46962.402	      0.011	      0.009	      0.004	
 2013/08/29	   0.868	   0.868	   0.862	   0.866	          41559	      0.865	      0.853	      0.849	      0.825	           	      0.000	    415.590	  93404.836	  46943.258	      0.011	      0.010	      0.003	
 2013/08/30	   0.877	   0.891	   0.877	   0.877	          61700	      0.871	      0.856	      0.852	      0.825	           	      0.000	    617.000	  89447.359	  46907.160	      0.012	      0.010	      0.004	
 2013/09/02	   0.885	   0.885	   0.875	   0.882	         301086	      0.872	      0.860	      0.855	      0.824	           	      0.000	   3010.860	  42767.207	  47199.945	      0.013	      0.011	      0.005	
 2013/09/03	   0.882	   0.892	   0.881	   0.892	         225799	      0.877	      0.866	      0.857	      0.825	           	      0.000	   2257.990	   1265.288	  47389.543	      0.015	      0.012	      0.006	
 2013/09/04	   0.894	   0.899	   0.894	   0.899	         291200	      0.883	      0.872	      0.860	      0.825	           	      0.000	   2912.000	   1842.688	  47622.145	      0.016	      0.013	      0.007	
 2013/09/05	   0.891	   0.900	   0.891	   0.899	         172400	      0.890	      0.878	      0.863	      0.826	           	      0.000	   1724.000	   2104.370	  47754.605	      0.017	      0.013	      0.007	
 2013/09/06	   0.899	   0.908	   0.896	   0.908	         149600	      0.896	      0.884	      0.866	      0.828	           	      0.000	   1496.000	   2280.170	  45863.762	      0.018	      0.014	      0.008	
 2013/09/09	   0.909	   0.918	   0.908	   0.918	         823405	      0.903	      0.887	      0.869	      0.829	           	      0.000	   8234.050	   3324.808	  23046.008	      0.020	      0.016	      0.009	
 2013/09/10	   0.921	   0.932	   0.921	   0.932	        2726300	      0.911	      0.894	      0.872	      0.830	           	      0.000	  27263.000	   8325.810	   4795.549	      0.022	      0.017	      0.011	
 2013/09/11	   0.936	   0.936	   0.923	   0.929	        2891800	      0.917	      0.900	      0.876	      0.832	           	      0.000	  28918.000	  13527.010	   7684.849	      0.023	      0.018	      0.010	
 2013/09/12	   0.924	   0.931	   0.924	   0.930	        1171799	      0.923	      0.907	      0.880	      0.834	           	      0.000	  11717.990	  15525.808	   8815.089	      0.024	      0.019	      0.009	
 2013/09/13	   0.929	   0.932	   0.923	   0.928	        4082300	      0.927	      0.912	      0.884	      0.835	           	      0.000	  40823.000	  23391.207	  12835.689	      0.024	      0.020	      0.008	
 2013/09/16	   0.928	   0.934	   0.927	   0.930	         324460	      0.930	      0.916	      0.888	      0.838	           	      0.000	   3244.600	  22393.318	  12859.063	      0.024	      0.021	      0.006	
 2013/09/17	   0.925	   0.925	   0.910	   0.911	         275221	      0.926	      0.918	      0.892	      0.841	           	      0.000	   2752.210	  17491.160	  12908.485	      0.022	      0.021	      0.002	
 2013/09/18	   0.912	   0.919	   0.912	   0.918	          82689	      0.923	      0.920	      0.896	      0.843	           	      0.000	    826.890	  11872.938	  12699.974	      0.021	      0.021	     -0.000	
 2013/09/23	   0.929	   0.938	   0.924	   0.938	         985328	      0.925	      0.924	      0.901	      0.846	           	      0.000	   9853.280	  11499.996	  13512.902	      0.022	      0.021	      0.001	
 2013/09/24	   0.935	   0.946	   0.930	   0.943	        6724683	      0.928	      0.928	      0.906	      0.848	           	      0.000	  67246.828	  16784.762	  20087.984	      0.022	      0.022	      0.001	
 2013/09/25	   0.940	   0.950	   0.940	   0.940	         234415	      0.930	      0.930	      0.909	      0.851	           	      0.000	   2344.150	  16604.672	  19498.994	      0.022	      0.022	      0.001	
 2013/09/26	   0.930	   0.930	   0.920	   0.921	         135200	      0.932	      0.929	      0.911	      0.854	           	      0.000	   1352.000	  16324.630	  16907.895	      0.020	      0.021	     -0.002	
 2013/09/27	   0.906	   0.927	   0.906	   0.923	        2247537	      0.933	      0.928	      0.914	      0.856	           	      0.000	  22475.369	  20654.326	  16263.632	      0.019	      0.021	     -0.004	
 2013/09/30	   0.926	   0.934	   0.926	   0.934	         119601	      0.932	      0.929	      0.918	      0.858	           	      0.000	   1196.010	  18922.871	  15211.434	      0.018	      0.020	     -0.004	
 2013/10/08	   0.933	   1.022	   0.933	   0.945	        2194700	      0.933	      0.930	      0.921	      0.861	           	      0.000	  21947.000	   9862.906	  13323.834	      0.019	      0.020	     -0.003	
 2013/10/09	   0.946	   0.961	   0.946	   0.960	         323890	      0.937	      0.933	      0.925	      0.863	           	      0.000	   3238.900	  10041.855	  13323.264	      0.020	      0.020	     -0.000	
 2013/10/10	   0.962	   0.965	   0.952	   0.955	        4227800	      0.943	      0.938	      0.928	      0.866	           	      0.000	  42278.000	  18227.057	  17275.842	      0.020	      0.020	      0.000	
 2013/10/11	   0.967	   0.976	   0.963	   0.976	        7106095	      0.954	      0.943	      0.932	      0.869	           	      0.000	  71060.953	  27944.172	  24299.250	      0.022	      0.020	      0.003	
 2013/10/14	   0.979	   0.987	   0.979	   0.984	         373665	      0.964	      0.948	      0.936	      0.872	           	      0.000	   3736.650	  28452.301	  23687.586	      0.024	      0.021	      0.005	
 2013/10/15	   0.987	   0.990	   0.984	   0.990	        4343200	      0.973	      0.953	      0.940	      0.875	           	      0.000	  43432.000	  32749.301	  21306.104	      0.025	      0.022	      0.006	
 2013/10/16	   0.983	   0.986	   0.955	   0.962	        7064200	      0.973	      0.955	      0.942	      0.878	           	      0.000	  70642.000	  46229.922	  28135.889	      0.024	      0.022	      0.003	
 2013/10/17	   0.970	   0.970	   0.954	   0.954	         816400	      0.973	      0.958	      0.944	      0.880	           	      0.000	   8164.000	  39407.121	  28817.088	      0.022	      0.022	     -0.001	
 2013/10/18	   0.952	   0.963	   0.952	   0.959	        2143700	      0.970	      0.962	      0.945	      0.882	           	      0.000	  21437.000	  29482.330	  28713.252	      0.021	      0.022	     -0.003	
 2013/10/21	   0.962	   0.986	   0.962	   0.986	        4317400	      0.970	      0.967	      0.948	      0.885	           	      0.000	  43174.000	  37369.801	  32911.051	      0.021	      0.022	     -0.001	
 2013/10/22	   0.987	   0.992	   0.974	   0.974	         363146	      0.967	      0.970	      0.950	      0.888	           	      0.000	   3631.460	  29409.691	  31079.496	      0.021	      0.022	     -0.001	
 2013/10/23	   0.975	   0.981	   0.947	   0.952	         685900	      0.965	      0.969	      0.951	      0.890	           	      0.000	   6859.000	  16653.092	  31441.506	      0.018	      0.021	     -0.005	
 2013/10/24	   0.952	   0.952	   0.945	   0.945	         153076	      0.963	      0.968	      0.953	      0.892	           	      0.000	   1530.760	  15326.444	  27366.783	      0.016	      0.020	     -0.008	
 2013/10/25	   0.949	   0.949	   0.920	   0.924	         393800	      0.956	      0.963	      0.953	      0.894	           	      0.000	   3938.000	  11826.644	  20654.486	      0.012	      0.018	     -0.013	
 2013/10/28	   0.926	   0.926	   0.920	   0.925	         112300	      0.944	      0.957	      0.953	      0.896	           	      0.000	   1123.000	   3416.444	  20393.121	      0.009	      0.016	     -0.015	
 2013/10/29	   0.924	   0.930	   0.881	   0.903	         287610	      0.930	      0.948	      0.951	      0.898	           	      0.000	   2876.100	   3265.372	  16337.532	      0.004	      0.014	     -0.019	
 2013/10/30	   0.901	   0.918	   0.901	   0.918	         407500	      0.923	      0.944	      0.950	      0.900	           	      0.000	   4075.000	   2708.572	   9680.832	      0.002	      0.012	     -0.019	
 2013/10/31	   0.911	   0.916	   0.906	   0.908	       10078600	      0.916	      0.939	      0.949	      0.901	           	      0.000	 100786.000	  22559.619	  18943.031	     -0.000	      0.009	     -0.019	
 2013/11/01	   0.903	   0.906	   0.897	   0.902	          78000	      0.911	      0.934	      0.948	      0.903	           	      0.000	    780.000	  21928.020	  16877.332	     -0.003	      0.007	     -0.019	
 2013/11/04	   0.903	   0.908	   0.903	   0.906	        6040800	      0.907	      0.926	      0.946	      0.904	           	      0.000	  60408.000	  33785.020	  18600.732	     -0.005	      0.005	     -0.018	
 2013/11/05	   0.898	   0.917	   0.895	   0.917	        8159600	      0.910	      0.920	      0.945	      0.906	           	      0.000	  81596.000	  49529.000	  26397.186	     -0.005	      0.003	     -0.015	
 2013/11/06	   0.918	   0.921	   0.908	   0.908	        6074000	      0.908	      0.916	      0.942	      0.907	           	      0.000	  60740.000	  60862.000	  31785.285	     -0.006	      0.001	     -0.013	
 2013/11/07	   0.897	   0.906	   0.895	   0.899	        6053260	      0.906	      0.911	      0.940	      0.908	           	      0.000	  60532.602	  52811.320	  37685.469	     -0.007	     -0.001	     -0.013	
 2013/11/08	   0.896	   0.896	   0.882	   0.882	          28800	      0.902	      0.907	      0.935	      0.909	           	      0.000	    288.000	  52712.922	  37320.469	     -0.009	     -0.002	     -0.014	
 2013/11/11	   0.879	   0.888	   0.877	   0.888	        8117700	      0.899	      0.903	      0.930	      0.910	           	      0.000	  81177.000	  56866.719	  45325.871	     -0.011	     -0.004	     -0.013	
 2013/11/12	   0.891	   0.894	   0.885	   0.892	          75536	      0.894	      0.902	      0.925	      0.910	           	      0.000	    755.360	  40698.594	  45113.797	     -0.011	     -0.006	     -0.011	
 2013/11/13	   0.892	   0.892	   0.878	   0.878	        4555100	      0.888	      0.898	      0.921	      0.911	           	      0.000	  45551.000	  37660.793	  49261.395	     -0.013	     -0.007	     -0.011	
 2013/11/14	   0.870	   0.893	   0.870	   0.893	        6553000	      0.887	      0.896	      0.918	      0.911	           	      0.000	  65530.000	  38660.273	  45735.797	     -0.012	     -0.008	     -0.009	
 2013/11/15	   0.893	   0.913	   0.891	   0.907	         211300	      0.892	      0.897	      0.915	      0.912	           	      0.000	   2113.000	  39025.273	  45869.098	     -0.011	     -0.009	     -0.005	
 2013/11/18	   0.907	   0.929	   0.907	   0.928	         313640	      0.900	      0.899	      0.912	      0.913	           	      0.000	   3136.400	  23417.152	  40141.938	     -0.008	     -0.009	      0.001	
 2013/11/19	   0.928	   0.930	   0.923	   0.929	         214600	      0.907	      0.900	      0.910	      0.915	           	      0.000	   2146.000	  23695.279	  32196.936	     -0.006	     -0.008	      0.005	
 2013/11/20	   0.927	   0.938	   0.925	   0.936	         108200	      0.919	      0.903	      0.909	      0.916	           	      0.000	   1082.000	  14801.480	  26231.137	     -0.003	     -0.007	      0.008	
 2013/11/21	   0.931	   0.937	   0.929	   0.937	         208100	      0.927	      0.907	      0.909	      0.918	           	      0.000	   2081.000	   2111.680	  20385.977	     -0.001	     -0.006	      0.010	
 2013/11/22	   0.934	   0.938	   0.930	   0.930	         128800	      0.932	      0.912	      0.909	      0.920	           	      0.000	   1288.000	   1946.680	  20485.977	      0.000	     -0.005	      0.009	
 2013/11/25	   0.930	   0.938	   0.930	   0.932	          59300	      0.933	      0.916	      0.910	      0.921	           	      0.000	    593.000	   1438.000	  12427.576	      0.001	     -0.003	      0.009	
 2013/11/26	   0.932	   0.935	   0.929	   0.934	        2269611	      0.934	      0.920	      0.911	      0.923	           	      0.000	  22696.109	   5548.022	  14621.651	      0.002	     -0.002	      0.009	
 2013/11/27	   0.935	   0.944	   0.933	   0.943	         177518	      0.935	      0.927	      0.912	      0.924	           	      0.000	   1775.180	   5686.658	  10244.069	      0.004	     -0.001	      0.009	
 2013/11/28	   0.951	   0.956	   0.948	   0.950	         149775	      0.938	      0.933	      0.915	      0.925	           	      0.000	   1497.750	   5570.008	   3840.844	      0.005	      0.000	      0.010	
 2013/11/29	   0.952	   0.955	   0.951	   0.954	         233900	      0.943	      0.937	      0.917	      0.926	           	      0.000	   2339.000	   5780.208	   3863.444	      0.007	      0.001	      0.011	
 2013/12/02	   0.937	   0.938	   0.910	   0.916	        5627200	      0.939	      0.936	      0.918	      0.927	           	      0.000	  56272.000	  16916.008	   9177.004	      0.005	      0.002	      0.005	
 2013/12/03	   0.916	   0.935	   0.916	   0.935	        9564500	      0.940	      0.937	      0.919	      0.928	           	      0.000	  95645.000	  31505.785	  18526.904	      0.005	      0.003	      0.004	
 2013/12/04	   0.947	   0.962	   0.947	   0.954	         265400	      0.942	      0.938	      0.921	      0.929	           	      0.000	   2654.000	  31681.551	  18684.104	      0.006	      0.003	      0.006	
 2013/12/05	   0.958	   0.960	   0.953	   0.955	         186549	      0.943	      0.940	      0.924	      0.930	           	      0.000	   1865.490	  31755.098	  18662.553	      0.007	      0.004	      0.006	
 2013/12/06	   0.954	   0.957	   0.954	   0.954	          47500	      0.943	      0.943	      0.927	      0.931	           	      0.000	    475.000	  31382.299	  18581.254	      0.008	      0.005	      0.006	
 2013/12/09	   0.958	   0.959	   0.954	   0.954	        2127200	      0.950	      0.945	      0.931	      0.932	           	      0.000	  21272.000	  24382.299	  20649.152	      0.009	      0.006	      0.006	
 2013/12/10	   0.959	   0.965	   0.957	   0.961	        6146900	      0.956	      0.948	      0.934	      0.933	           	      0.000	  61469.000	  17547.098	  24526.441	      0.009	      0.006	      0.006	
 2013/12/11	   0.953	   0.953	   0.942	   0.943	         127600	      0.953	      0.948	      0.937	      0.934	           	      0.000	   1276.000	  17271.498	  24476.523	      0.009	      0.007	      0.003	
 2013/12/12	   0.947	   0.957	   0.947	   0.950	        4176541	      0.952	      0.948	      0.940	      0.934	           	      0.000	  41765.410	  25251.482	  28503.289	      0.008	      0.007	      0.002	
 2013/12/13	   0.881	   0.952	   0.880	   0.951	        6067841	      0.952	      0.947	      0.942	      0.934	           	      0.000	  60678.410	  37292.164	  34337.230	      0.008	      0.007	      0.002	
 2013/12/16	   0.947	   0.949	   0.933	   0.933	        2698100	      0.948	      0.949	      0.943	      0.934	           	      0.000	  26981.000	  38433.965	  31408.131	      0.006	      0.007	     -0.001	
 2013/12/17	   0.934	   0.934	   0.926	   0.931	        2530200	      0.942	      0.949	      0.943	      0.934	           	      0.000	  25302.000	  31200.564	  24373.830	      0.005	      0.007	     -0.004	
 2013/12/18	   0.922	   0.932	   0.922	   0.925	        5022400	      0.938	      0.946	      0.942	      0.934	           	      0.000	  50224.000	  40990.164	  29130.830	      0.003	      0.006	     -0.006	
 2013/12/19	   0.930	   0.930	   0.916	   0.916	        5033900	      0.931	      0.942	      0.941	      0.934	           	      0.000	  50339.000	  42704.883	  33978.184	      0.001	      0.005	     -0.008	
 2013/12/20	   0.918	   0.919	   0.902	   0.903	        4259267	      0.922	      0.937	      0.940	      0.934	           	      0.000	  42592.672	  39087.734	  38189.949	     -0.002	      0.004	     -0.011	
 2013/12/23	   0.904	   0.992	   0.890	   0.903	        8097500	      0.916	      0.932	      0.938	      0.933	           	      0.000	  80975.000	  49886.535	  44160.250	     -0.004	      0.002	     -0.012	
 2013/12/24	   0.907	   0.914	   0.903	   0.908	        6044800	      0.911	      0.926	      0.937	      0.933	           	      0.000	  60448.000	  56915.734	  44058.148	     -0.005	      0.001	     -0.012	
 2013/12/25	   0.911	   0.914	   0.911	   0.913	        2042000	      0.909	      0.923	      0.935	      0.932	           	      0.000	  20420.000	  50954.934	  45972.551	     -0.006	     -0.001	     -0.010	
 2013/12/26	   0.913	   0.915	   0.904	   0.904	        4091900	      0.906	      0.919	      0.933	      0.932	           	      0.000	  40919.000	  49070.934	  45887.906	     -0.007	     -0.002	     -0.010	
 2013/12/27	   0.900	   0.911	   0.900	   0.911	        2167100	      0.908	      0.915	      0.931	      0.932	           	      0.000	  21671.000	  44886.602	  41987.168	     -0.007	     -0.003	     -0.008	
 2013/12/30	   0.914	   0.916	   0.914	   0.914	        3326900	      0.910	      0.913	      0.931	      0.932	           	      0.000	  33269.000	  35345.398	  42615.969	     -0.007	     -0.003	     -0.006	
 2013/12/31	   0.914	   0.917	   0.909	   0.916	        4061900	      0.912	      0.911	      0.930	      0.931	           	      0.000	  40619.000	  31379.600	  44147.668	     -0.006	     -0.004	     -0.004	
 2014/01/02	   0.915	   0.921	   0.915	   0.921	        4414200	      0.913	      0.911	      0.928	      0.931	           	      0.000	  44142.000	  36124.000	  43539.469	     -0.005	     -0.004	     -0.002	
 2014/01/03	   0.916	   0.919	   0.907	   0.910	        2337800	      0.914	      0.910	      0.926	      0.930	           	      0.000	  23378.000	  32615.801	  40843.367	     -0.006	     -0.005	     -0.002	
 2014/01/06	   0.895	   0.895	   0.886	   0.886	        2040500	      0.909	      0.909	      0.923	      0.928	           	      0.000	  20405.000	  32362.600	  38624.602	     -0.008	     -0.005	     -0.005	
 2014/01/07	   0.886	   0.889	   0.878	   0.884	        7170700	      0.903	      0.907	      0.919	      0.927	           	      0.000	  71707.000	  40050.199	  37697.801	     -0.009	     -0.006	     -0.007	
 2014/01/08	   0.887	   0.893	   0.883	   0.885	        5290300	      0.897	      0.904	      0.915	      0.925	           	      0.000	  52903.000	  42507.000	  36943.301	     -0.010	     -0.007	     -0.007	
 2014/01/09	   0.885	   0.890	   0.879	   0.879	        4603900	      0.889	      0.901	      0.912	      0.923	           	      0.000	  46039.000	  42886.398	  39505.199	     -0.012	     -0.008	     -0.008	
 2014/01/10	   0.873	   0.873	   0.862	   0.863	         589500	      0.879	      0.897	      0.908	      0.922	           	      0.000	   5895.000	  39389.801	  36002.801	     -0.014	     -0.009	     -0.009	
 2014/01/13	   0.866	   0.866	   0.854	   0.857	        4125100	      0.874	      0.891	      0.903	      0.920	           	      0.000	  41251.000	  43559.000	  37960.801	     -0.016	     -0.010	     -0.011	
 2014/01/14	   0.860	   0.871	   0.857	   0.871	        6507900	      0.871	      0.887	      0.900	      0.918	           	      0.000	  65079.000	  42233.398	  41141.801	     -0.016	     -0.012	     -0.009	
 2014/01/15	   0.871	   0.873	   0.868	   0.873	        4010000	      0.869	      0.883	      0.897	      0.917	           	      0.000	  40100.000	  39672.801	  41089.898	     -0.016	     -0.012	     -0.007	
 2014/01/16	   0.874	   0.883	   0.874	   0.879	        4746800	      0.869	      0.879	      0.895	      0.915	           	      0.000	  47468.000	  39958.602	  41422.500	     -0.015	     -0.013	     -0.004	
 2014/01/17	   0.878	   0.878	   0.865	   0.870	        2606000	      0.870	      0.875	      0.892	      0.914	           	      0.000	  26060.000	  43991.602	  41690.699	     -0.015	     -0.013	     -0.003	
 2014/01/20	   0.865	   0.866	   0.857	   0.862	        4127000	      0.871	      0.872	      0.890	      0.913	           	      0.000	  41270.000	  43995.398	  43777.199	     -0.015	     -0.014	     -0.003	
 2014/01/21	   0.866	   0.871	   0.866	   0.871	        4015300	      0.871	      0.871	      0.889	      0.912	           	      0.000	  40153.000	  39010.199	  40621.801	     -0.015	     -0.014	     -0.002	
 2014/01/22	   0.873	   0.896	   0.873	   0.896	        6081200	      0.876	      0.872	      0.888	      0.912	           	      0.000	  60812.000	  43152.602	  41412.699	     -0.012	     -0.014	      0.003	
 2014/01/23	   0.896	   0.901	   0.894	   0.901	         232700	      0.880	      0.874	      0.888	      0.912	           	      0.000	   2327.000	  34124.398	  37041.500	     -0.010	     -0.013	      0.006	
 2014/01/24	   0.900	   0.909	   0.820	   0.907	        2569700	      0.887	      0.879	      0.888	      0.912	           	      0.000	  25697.000	  34051.801	  39021.699	     -0.007	     -0.012	      0.009	
 2014/01/27	   0.906	   0.908	   0.899	   0.903	        4102000	      0.896	      0.883	      0.887	      0.912	           	      0.000	  41020.000	  34001.801	  38998.602	     -0.005	     -0.010	      0.010	
 2014/01/28	   0.904	   0.904	   0.900	   0.903	        2044400	      0.902	      0.887	      0.887	      0.912	           	      0.000	  20444.000	  30060.000	  34535.102	     -0.004	     -0.009	      0.011	
 2014/01/29	   0.903	   0.908	   0.903	   0.906	        2028700	      0.904	      0.890	      0.886	      0.912	           	      0.000	  20287.000	  21955.000	  32553.801	     -0.002	     -0.008	      0.011	
 2014/01/30	   0.906	   0.906	   0.900	   0.900	         175300	      0.904	      0.892	      0.885	      0.911	           	      0.000	   1753.000	  21840.199	  27982.301	     -0.002	     -0.007	      0.010	
 2014/02/07	   0.902	   0.916	   0.901	   0.916	        4189100	      0.906	      0.896	      0.886	      0.912	           	      0.000	  41891.000	  25079.000	  29565.400	      0.000	     -0.005	      0.011	
 2014/02/10	   0.919	   0.942	   0.919	   0.942	         379700	      0.913	      0.905	      0.888	      0.913	           	      0.000	   3797.000	  17634.400	  25818.100	      0.004	     -0.003	      0.014	
 2014/02/11	   0.944	   0.948	   0.944	   0.944	        4467800	      0.922	      0.912	      0.891	      0.914	           	      0.000	  44678.000	  22481.199	  26270.600	      0.007	     -0.001	      0.016	
 2014/02/12	   0.945	   0.955	   0.945	   0.955	         280300	      0.931	      0.918	      0.895	      0.915	           	      0.000	   2803.000	  18984.400	  20469.699	      0.010	      0.001	      0.018	
 2014/02/13	   0.957	   0.957	   0.950	   0.950	        2289100	      0.941	      0.923	      0.898	      0.916	           	      0.000	  22891.000	  23212.000	  22526.100	      0.011	      0.003	      0.017	
 2014/02/14	   0.946	   0.960	   0.946	   0.960	        2074100	      0.950	      0.928	      0.903	      0.917	           	      0.000	  20741.000	  18982.000	  22030.500	      0.014	      0.005	      0.017	
 2014/02/17	   0.960	   0.976	   0.960	   0.976	        2209300	      0.957	      0.935	      0.909	      0.918	           	      0.000	  22093.000	  22641.199	  20137.801	      0.016	      0.007	      0.018	
 2014/02/18	   0.979	   0.980	   0.970	   0.975	        4992610	      0.963	      0.942	      0.914	      0.919	           	      0.000	  49926.102	  23690.820	  23086.010	      0.018	      0.009	      0.018	
 2014/02/19	   0.976	   0.981	   0.970	   0.976	         277620	      0.967	      0.949	      0.920	      0.920	           	      0.000	   2776.200	  23685.461	  21334.930	      0.020	      0.012	      0.016	
 2014/02/20	   0.982	   0.984	   0.970	   0.970	         172600	      0.971	      0.956	      0.924	      0.920	           	      0.000	   1726.000	  19452.461	  21332.230	      0.020	      0.013	      0.014	
 2014/02/21	   0.966	   0.970	   0.961	   0.962	          79548	      0.972	      0.961	      0.929	      0.921	           	      0.000	    795.480	  15463.356	  17222.678	      0.019	      0.014	      0.010	
 2014/02/24	   0.947	   0.953	   0.945	   0.952	        2137100	      0.967	      0.962	      0.933	      0.921	           	      0.000	  21371.000	  15318.956	  18980.078	      0.018	      0.015	      0.006	
 2014/02/25	   0.952	   0.961	   0.918	   0.924	         856882	      0.957	      0.960	      0.936	      0.921	           	      0.000	   8568.820	   7047.500	  15369.160	      0.014	      0.015	     -0.001	
 2014/02/26	   0.870	   0.924	   0.870	   0.921	        2313900	      0.946	      0.957	      0.937	      0.921	           	      0.000	  23139.000	  11120.061	  17402.760	      0.011	      0.014	     -0.006	
 2014/02/27	   0.929	   0.942	   0.918	   0.920	        2168500	      0.936	      0.954	      0.938	      0.920	           	      0.000	  21685.000	  15111.860	  17282.160	      0.008	      0.013	     -0.009	
 2014/02/28	   0.865	   0.927	   0.864	   0.926	        6299500	      0.929	      0.950	      0.939	      0.920	           	      0.000	  62995.000	  27551.764	  21507.561	      0.007	      0.012	     -0.010	
 2014/03/03	   0.927	   0.948	   0.927	   0.948	        4079700	      0.928	      0.947	      0.941	      0.920	           	      0.000	  40797.000	  31436.965	  23377.961	      0.007	      0.011	     -0.008	
 2014/03/04	   0.945	   0.946	   0.938	   0.942	        2072000	      0.931	      0.944	      0.943	      0.920	           	      0.000	  20720.000	  33867.199	  20457.350	      0.007	      0.010	     -0.007	
 2014/03/05	   0.945	   0.949	   0.938	   0.938	        3515200	      0.935	      0.940	      0.945	      0.920	           	      0.000	  35152.000	  36269.801	  23694.930	      0.006	      0.009	     -0.006	
 2014/03/06	   0.932	   0.940	   0.929	   0.940	        7539500	      0.939	      0.937	      0.947	      0.920	           	      0.000	  75395.000	  47011.801	  31061.830	      0.006	      0.009	     -0.006	
 2014/03/07	   0.940	   0.942	   0.934	   0.936	        6084000	      0.941	      0.935	      0.948	      0.920	           	      0.000	  60840.000	  46580.801	  37066.281	      0.005	      0.008	     -0.006	
 2014/03/10	   0.931	   0.931	   0.901	   0.904	          89100	      0.932	      0.930	      0.946	      0.919	           	      0.000	    891.000	  38599.602	  35018.281	      0.002	      0.007	     -0.010	
 2014/03/11	   0.904	   0.910	   0.897	   0.902	        4310200	      0.924	      0.928	      0.944	      0.918	           	      0.000	  43102.000	  43076.000	  38471.602	     -0.001	      0.005	     -0.012	
 2014/03/12	   0.902	   0.908	   0.891	   0.891	        2146100	      0.915	      0.925	      0.941	      0.917	           	      0.000	  21461.000	  40337.801	  38303.801	     -0.004	      0.003	     -0.014	
 2014/03/13	   0.906	   0.914	   0.906	   0.914	         264400	      0.909	      0.924	      0.939	      0.916	           	      0.000	   2644.000	  25787.600	  36399.699	     -0.004	      0.002	     -0.012	
 2014/03/14	   0.923	   0.923	   0.906	   0.906	          18200	      0.903	      0.922	      0.936	      0.916	           	      0.000	    182.000	  13656.000	  30118.400	     -0.005	      0.000	     -0.011	
 2014/03/17	   0.917	   0.925	   0.917	   0.925	         107900	      0.908	      0.920	      0.934	      0.915	           	      0.000	   1079.000	  13693.600	  26146.600	     -0.004	     -0.001	     -0.008	
 2014/03/18	   0.925	   0.934	   0.925	   0.929	         260200	      0.913	      0.919	      0.931	      0.915	           	      0.000	   2602.000	   5593.600	  24334.801	     -0.003	     -0.001	     -0.004	
 2014/03/19	   0.920	   0.940	   0.919	   0.930	        3393800	      0.921	      0.918	      0.929	      0.915	           	      0.000	  33938.000	   8089.000	  24213.400	     -0.002	     -0.001	     -0.002	
 2014/03/20	   0.926	   0.934	   0.912	   0.912	        5529392	      0.920	      0.915	      0.926	      0.915	           	      0.000	  55293.922	  18618.984	  22203.293	     -0.003	     -0.002	     -0.003	
 2014/03/21	   0.902	   0.926	   0.901	   0.926	        2368500	      0.924	      0.914	      0.924	      0.915	           	      0.000	  23685.000	  23319.584	  18487.793	     -0.002	     -0.002	     -0.001	
 2014/03/24	   0.933	   0.939	   0.931	   0.938	        6110700	      0.927	      0.917	      0.924	      0.916	           	      0.000	  61107.000	  35325.184	  24509.393	     -0.001	     -0.002	      0.001	
 2014/03/25	   0.940	   0.945	   0.936	   0.938	        4928300	      0.929	      0.921	      0.924	      0.916	           	      0.000	  49283.000	  44661.383	  25127.492	      0.000	     -0.001	      0.003	
 2014/03/26	   0.943	   0.943	   0.937	   0.939	        4642900	      0.931	      0.926	      0.925	      0.917	           	      0.000	  46429.000	  47159.586	  27624.293	      0.001	     -0.001	      0.004	
 2014/03/27	   0.937	   0.941	   0.932	   0.932	        6399600	      0.935	      0.928	      0.926	      0.917	           	      0.000	  63996.000	  48900.000	  33759.492	      0.001	     -0.000	      0.003	
 2014/03/28	   0.932	   0.932	   0.914	   0.914	        4111100	      0.932	      0.928	      0.925	      0.917	           	      0.000	  41111.000	  52385.199	  37852.391	      0.000	     -0.000	      0.001	
 2014/03/31	   0.910	   0.916	   0.905	   0.908	        2384100	      0.926	      0.927	      0.923	      0.917	           	      0.000	  23841.000	  44932.000	  40128.594	     -0.001	     -0.001	     -0.002	
 2014/04/01	   0.911	   0.918	   0.911	   0.918	        2026500	      0.922	      0.925	      0.922	      0.917	           	      0.000	  20265.000	  39128.398	  41894.891	     -0.002	     -0.001	     -0.002	
 2014/04/02	   0.918	   0.921	   0.916	   0.916	        4010100	      0.918	      0.924	      0.921	      0.917	           	      0.000	  40101.000	  37862.801	  42511.191	     -0.002	     -0.001	     -0.002	
 2014/04/03	   0.918	   0.920	   0.912	   0.915	        2651300	      0.914	      0.924	      0.920	      0.917	           	      0.000	  26513.000	  30366.199	  39633.102	     -0.003	     -0.001	     -0.002	
 2014/04/04	   0.915	   0.923	   0.913	   0.923	        3225000	      0.916	      0.924	      0.919	      0.917	           	      0.000	  32250.000	  28594.000	  40489.602	     -0.002	     -0.002	     -0.001	
 2014/04/08	   0.923	   0.936	   0.923	   0.936	        4751400	      0.922	      0.924	      0.921	      0.918	           	      0.000	  47514.000	  33328.602	  39130.301	     -0.001	     -0.001	      0.001	
 2014/04/09	   0.940	   0.943	   0.940	   0.943	        4197600	      0.927	      0.924	      0.923	      0.919	           	      0.000	  41976.000	  37670.801	  38399.602	      0.001	     -0.001	      0.003	
 2014/04/10	   0.944	   0.952	   0.943	   0.950	        4188312	      0.933	      0.925	      0.926	      0.920	           	      0.000	  41883.121	  38027.223	  37945.012	      0.003	     -0.000	      0.006	
 2014/04/11	   0.955	   0.990	   0.944	   0.950	        7053900	      0.940	      0.927	      0.927	      0.922	           	      0.000	  70539.000	  46832.426	  38599.313	      0.004	      0.001	      0.007	
 2014/04/14	   0.948	   0.955	   0.947	   0.953	        2275106	      0.946	      0.931	      0.930	      0.923	           	      0.000	  22751.061	  44932.637	  36763.316	      0.005	      0.002	      0.007	
 2014/04/15	   0.953	   0.953	   0.945	   0.946	        6150273	      0.948	      0.935	      0.931	      0.925	           	      0.000	  61502.730	  47730.383	  40529.492	      0.006	      0.002	      0.007	
 2014/04/16	   0.946	   0.950	   0.941	   0.948	        4135200	      0.949	      0.938	      0.932	      0.926	           	      0.000	  41352.000	  47605.582	  42638.191	      0.006	      0.003	      0.006	
 2014/04/17	   0.948	   0.950	   0.945	   0.947	        6037400	      0.949	      0.941	      0.933	      0.927	           	      0.000	  60374.000	  51303.758	  44665.492	      0.006	      0.004	      0.005	
 2014/04/18	   0.942	   0.950	   0.942	   0.950	        4046340	      0.949	      0.945	      0.934	      0.928	           	      0.000	  40463.398	  45288.637	  46060.531	      0.007	      0.004	      0.004	
 2014/04/21	   0.946	   0.948	   0.933	   0.933	        2126500	      0.945	      0.946	      0.935	      0.929	           	      0.000	  21265.000	  44991.426	  44962.031	      0.005	      0.005	      0.002	
 2014/04/22	   0.934	   0.934	   0.922	   0.924	        6158500	      0.940	      0.944	      0.934	      0.930	           	      0.000	  61585.000	  45007.879	  46369.133	      0.004	      0.004	     -0.001	
 2014/04/23	   0.931	   0.932	   0.926	   0.926	        4023500	      0.936	      0.943	      0.934	      0.931	           	      0.000	  40235.000	  44784.480	  46195.031	      0.002	      0.004	     -0.003	
 2014/04/24	   0.923	   0.924	   0.919	   0.919	        4072500	      0.930	      0.940	      0.933	      0.932	           	      0.000	  40725.000	  40854.680	  46079.219	      0.001	      0.003	     -0.005	
 2014/04/25	   0.916	   0.920	   0.903	   0.903	        2147100	      0.921	      0.935	      0.931	      0.932	           	      0.000	  21471.000	  37056.199	  41172.418	     -0.002	      0.002	     -0.008	
 2014/04/28	   0.900	   0.900	   0.877	   0.877	        1616300	      0.910	      0.927	      0.929	      0.931	           	      0.000	  16163.000	  36035.801	  40513.613	     -0.006	      0.001	     -0.013	
 2014/04/29	   0.881	   0.890	   0.881	   0.890	        3676000	      0.903	      0.922	      0.928	      0.931	           	      0.000	  36760.000	  31070.801	  38039.340	     -0.008	     -0.001	     -0.013	
 2014/04/30	   0.892	   0.898	   0.890	   0.897	        2115000	      0.897	      0.917	      0.927	      0.931	           	      0.000	  21150.000	  27253.801	  36019.141	     -0.009	     -0.002	     -0.012	
 2014/05/05	   0.893	   0.902	   0.893	   0.902	        2035300	      0.894	      0.912	      0.927	      0.931	           	      0.000	  20353.000	  23179.400	  32017.039	     -0.009	     -0.004	     -0.010	
 2014/05/06	   0.906	   0.910	   0.904	   0.906	         162600	      0.894	      0.908	      0.926	      0.931	           	      0.000	   1626.000	  19210.400	  28133.301	     -0.009	     -0.005	     -0.008	
 2014/05/07	   0.901	   0.901	   0.892	   0.893	          77800	      0.898	      0.904	      0.925	      0.931	           	      0.000	    778.000	  16133.400	  26084.600	     -0.009	     -0.006	     -0.007	
 2014/05/08	   0.890	   0.904	   0.890	   0.895	        2147500	      0.899	      0.901	      0.923	      0.930	           	      0.000	  21475.000	  13076.400	  22073.600	     -0.010	     -0.007	     -0.007	
 2014/05/09	   0.895	   0.895	   0.880	   0.889	        4043900	      0.897	      0.897	      0.920	      0.929	           	      0.000	  40439.000	  16934.199	  22094.000	     -0.010	     -0.007	     -0.006	
 2014/05/12	   0.894	   0.910	   0.893	   0.910	        2150800	      0.899	      0.896	      0.918	      0.928	           	      0.000	  21508.000	  17165.199	  20172.301	     -0.009	     -0.008	     -0.003	
 2014/05/13	   0.911	   0.912	   0.905	   0.908	        2139700	      0.899	      0.897	      0.916	      0.927	           	      0.000	  21397.000	  21119.400	  20164.900	     -0.008	     -0.008	     -0.001	
 2014/05/14	   0.910	   0.910	   0.905	   0.906	         661000	      0.902	      0.900	      0.913	      0.926	           	      0.000	   6610.000	  22285.801	  19209.600	     -0.007	     -0.008	      0.000	
 2014/05/15	   0.902	   0.902	   0.890	   0.890	         792100	      0.901	      0.900	      0.911	      0.925	           	      0.000	   7921.000	  19575.000	  16325.700	     -0.008	     -0.008	     -0.001	
 2014/05/16	   0.889	   0.889	   0.882	   0.888	         444000	      0.900	      0.899	      0.908	      0.924	           	      0.000	   4440.000	  12375.200	  14654.700	     -0.009	     -0.008	     -0.001	
 2014/05/19	   0.888	   0.888	   0.877	   0.883	        6180300	      0.895	      0.897	      0.904	      0.922	           	      0.000	  61803.000	  20434.199	  18799.699	     -0.009	     -0.008	     -0.002	
 2014/05/20	   0.885	   0.891	   0.882	   0.884	        2029750	      0.890	      0.895	      0.901	      0.921	           	      0.000	  20297.500	  20214.301	  20666.850	     -0.010	     -0.009	     -0.003	
 2014/05/21	   0.882	   0.890	   0.848	   0.890	        4032500	      0.887	      0.894	      0.899	      0.919	           	      0.000	  40325.000	  26957.301	  24621.551	     -0.010	     -0.009	     -0.002	
 2014/05/22	   0.895	   0.898	   0.888	   0.888	        4669100	      0.887	      0.894	      0.897	      0.918	           	      0.000	  46691.000	  34711.301	  27143.150	     -0.009	     -0.009	     -0.001	
 2014/05/23	   0.888	   0.895	   0.888	   0.895	         193800	      0.888	      0.894	      0.896	      0.918	           	      0.000	   1938.000	  34210.898	  23293.051	     -0.009	     -0.009	      0.000	
 2014/05/26	   0.904	   0.904	   0.900	   0.904	         109900	      0.892	      0.894	      0.895	      0.918	           	      0.000	   1099.000	  22070.100	  21252.150	     -0.007	     -0.008	      0.003	
 2014/05/27	   0.902	   0.904	   0.902	   0.902	         712000	      0.896	      0.893	      0.895	      0.917	           	      0.000	   7120.000	  19434.600	  19824.449	     -0.006	     -0.008	      0.004	
 2014/05/28	   0.904	   0.909	   0.904	   0.909	          13400	      0.900	      0.893	      0.896	      0.917	           	      0.000	    134.000	  11396.400	  19176.850	     -0.005	     -0.007	      0.005	
 2014/05/29	   0.908	   0.909	   0.901	   0.901	         106702	      0.902	      0.894	      0.897	      0.916	           	      0.000	   1067.020	   2271.604	  18491.451	     -0.004	     -0.007	      0.005	
 2014/05/30	   0.900	   0.905	   0.898	   0.905	          42700	      0.904	      0.896	      0.897	      0.916	           	      0.000	    427.000	   1969.404	  18090.152	     -0.003	     -0.006	      0.005	
 2014/06/03	   0.903	   0.903	   0.901	   0.901	          86700	      0.904	      0.898	      0.897	      0.915	           	      0.000	    867.000	   1923.004	  11996.552	     -0.003	     -0.005	      0.005	
 2014/06/04	   0.895	   0.895	   0.890	   0.891	          96448	      0.901	      0.899	      0.897	      0.914	           	      0.000	    964.480	    691.900	  10063.250	     -0.003	     -0.005	      0.003	
 2014/06/05	   0.893	   0.900	   0.893	   0.900	          52800	      0.900	      0.900	      0.897	      0.914	           	      0.000	    528.000	    770.700	   6083.550	     -0.003	     -0.005	      0.003	
 2014/06/06	   0.900	   0.900	   0.900	   0.900	          25000	      0.899	      0.901	      0.897	      0.913	           	      0.000	    250.000	    607.296	   1439.450	     -0.003	     -0.004	      0.003	
 2014/06/09	   0.898	   0.900	   0.895	   0.895	         271300	      0.897	      0.901	      0.897	      0.913	           	      0.000	   2713.000	   1064.496	   1516.950	     -0.003	     -0.004	      0.002	
 2014/06/10	   0.900	   0.902	   0.900	   0.902	          19000	      0.898	      0.901	      0.897	      0.914	           	      0.000	    190.000	    929.096	   1426.050	     -0.002	     -0.004	      0.003	
 2014/06/11	   0.904	   0.907	   0.904	   0.907	        4090350	      0.901	      0.901	      0.897	      0.913	           	      0.000	  40903.500	   8916.900	   4804.400	     -0.002	     -0.003	      0.003	
 2014/06/12	   0.907	   0.910	   0.907	   0.910	        4000000	      0.903	      0.901	      0.897	      0.913	           	      0.000	  40000.000	  16811.301	   8791.000	     -0.001	     -0.003	      0.004	
 2014/06/13	   0.910	   0.916	   0.910	   0.915	          13200	      0.906	      0.903	      0.899	      0.913	           	      0.000	    132.000	  16787.699	   8697.498	      0.000	     -0.002	      0.005	
 2014/06/16	   0.919	   0.921	   0.919	   0.920	          67500	      0.911	      0.904	      0.900	      0.913	           	      0.000	    675.000	  16380.100	   8722.298	      0.002	     -0.001	      0.006	
 2014/06/17	   0.918	   0.918	   0.915	   0.915	          13200	      0.913	      0.905	      0.902	      0.913	           	      0.000	    132.000	  16368.500	   8648.798	      0.002	     -0.001	      0.006	
 2014/06/18	   0.911	   0.911	   0.909	   0.909	         318078	      0.914	      0.907	      0.903	      0.913	           	      0.000	   3180.780	   8823.956	   8870.428	      0.002	     -0.000	      0.005	
 2014/06/19	   0.905	   0.906	   0.890	   0.890	         136800	      0.910	      0.906	      0.903	      0.912	           	      0.000	   1368.000	   1097.556	   8954.428	      0.001	      0.000	      0.001	
 2014/06/20	   0.891	   0.895	   0.888	   0.895	          32600	      0.906	      0.906	      0.903	      0.912	           	      0.000	    326.000	   1136.356	   8962.028	     -0.000	      0.000	     -0.000	
 2014/06/23	   0.900	   0.902	   0.900	   0.900	          31099	      0.902	      0.906	      0.904	      0.911	           	      0.000	    310.990	   1063.554	   8721.827	     -0.000	     -0.000	     -0.001	
 2014/06/24	   0.902	   0.902	   0.902	   0.902	          17000	      0.899	      0.906	      0.903	      0.910	           	      0.000	    170.000	   1071.154	   8719.827	     -0.001	     -0.000	     -0.001	
 2014/06/25	   0.902	   0.903	   0.901	   0.901	          22601	      0.898	      0.906	      0.903	      0.910	           	      0.000	    226.010	    480.200	   4652.078	     -0.001	     -0.000	     -0.001	
 2014/06/26	   0.904	   0.910	   0.904	   0.907	       14804000	      0.901	      0.905	      0.903	      0.910	           	      0.000	 148040.000	  29814.600	  15456.078	     -0.000	     -0.000	      0.000	
 2014/06/27	   0.914	   0.920	   0.914	   0.918	          47700	      0.906	      0.906	      0.904	      0.910	           	      0.000	    477.000	  29844.801	  15490.578	      0.001	      0.000	      0.002	
 2014/06/30	   0.918	   0.926	   0.918	   0.925	          84900	      0.911	      0.906	      0.905	      0.910	           	      0.000	    849.000	  29952.402	  15507.978	      0.002	      0.000	      0.004	
 2014/07/01	   0.928	   0.928	   0.924	   0.927	         110200	      0.916	      0.907	      0.906	      0.910	           	      0.000	   1102.000	  30138.803	  15604.978	      0.004	      0.001	      0.005	
 2014/07/02	   0.930	   0.935	   0.927	   0.935	          51100	      0.922	      0.910	      0.909	      0.910	           	      0.000	    511.000	  30195.801	  15338.000	      0.005	      0.002	      0.007	
 2014/07/03	   0.936	   0.946	   0.936	   0.945	          59600	      0.930	      0.915	      0.911	      0.911	           	      0.000	    596.000	    707.000	  15260.800	      0.007	      0.003	      0.009	
 2014/07/04	   0.945	   0.945	   0.939	   0.941	         352000	      0.935	      0.920	      0.913	      0.911	           	      0.000	   3520.000	   1315.600	  15580.200	      0.009	      0.004	      0.009	
 2014/07/07	   0.938	   0.939	   0.938	   0.939	         123000	      0.937	      0.924	      0.915	      0.911	           	      0.000	   1230.000	   1391.800	  15672.101	      0.009	      0.005	      0.008	
 2014/07/08	   0.938	   0.945	   0.938	   0.945	         122300	      0.941	      0.928	      0.917	      0.911	           	      0.000	   1223.000	   1416.000	  15777.401	      0.010	      0.006	      0.008	
 2014/07/09	   0.945	   0.945	   0.933	   0.933	          22000	      0.941	      0.932	      0.919	      0.910	           	      0.000	    220.000	   1357.800	  15776.800	      0.010	      0.007	      0.006	
 2014/07/10	   0.932	   0.937	   0.930	   0.937	          84500	      0.939	      0.934	      0.920	      0.910	           	      0.000	    845.000	   1407.600	   1057.300	      0.010	      0.007	      0.004	
 2014/07/11	   0.937	   0.943	   0.937	   0.941	         121800	      0.939	      0.937	      0.921	      0.910	           	      0.000	   1218.000	    947.200	   1131.400	      0.010	      0.008	      0.004	
 2014/07/14	   0.944	   0.956	   0.943	   0.956	        1803171	      0.942	      0.940	      0.923	      0.910	           	      0.000	  18031.711	   4307.542	   2849.671	      0.011	      0.008	      0.005	
 2014/07/15	   0.955	   0.958	   0.953	   0.955	        1709500	      0.944	      0.943	      0.925	      0.910	           	      0.000	  17095.000	   7481.942	   4448.971	      0.012	      0.009	      0.005	
 2014/07/16	   0.961	   0.961	   0.950	   0.952	        1669500	      0.948	      0.944	      0.927	      0.910	           	      0.000	  16695.000	  10776.942	   6067.371	      0.012	      0.010	      0.004	
 2014/07/17	   0.915	   0.951	   0.915	   0.946	        3654800	      0.950	      0.944	      0.930	      0.911	           	      0.000	  36548.000	  17917.543	   9662.571	      0.011	      0.010	      0.003	
 2014/07/18	   0.944	   0.954	   0.944	   0.948	          25001	      0.951	      0.945	      0.933	      0.911	           	      0.000	    250.010	  17723.943	   9335.572	      0.011	      0.010	      0.002	
 2014/07/21	   0.951	   0.951	   0.943	   0.945	         100558	      0.949	      0.946	      0.935	      0.911	           	      0.000	   1005.580	  14318.718	   9313.130	      0.010	      0.010	      0.000	
 2014/07/22	   0.954	   0.959	   0.954	   0.959	          58700	      0.950	      0.947	      0.938	      0.912	           	      0.000	    587.000	  11017.118	   9249.530	      0.011	      0.010	      0.001	
 2014/07/23	   0.959	   0.960	   0.956	   0.958	         154200	      0.951	      0.950	      0.941	      0.913	           	      0.000	   1542.000	   7986.518	   9381.730	      0.011	      0.011	      0.001	
 2014/07/24	   0.954	   0.957	   0.951	   0.954	         153100	      0.953	      0.951	      0.943	      0.914	           	      0.000	   1531.000	    983.118	   9450.330	      0.011	      0.011	      0.000	
 2014/07/25	   0.957	   0.965	   0.957	   0.965	         151939	      0.956	      0.954	      0.945	      0.915	           	      0.000	   1519.390	   1236.994	   9480.469	      0.011	      0.011	      0.001	
 2014/07/28	   0.970	   0.983	   0.970	   0.980	         214400	      0.963	      0.956	      0.948	      0.917	           	      0.000	   2144.000	   1464.678	   7891.698	      0.013	      0.011	      0.003	
 2014/07/29	   0.984	   0.991	   0.982	   0.985	         521530	      0.968	      0.959	      0.951	      0.918	           	      0.000	   5215.300	   2390.338	   6703.728	      0.014	      0.012	      0.005	
 2014/07/30	   0.989	   0.991	   0.986	   0.990	         360495	      0.975	      0.963	      0.954	      0.920	           	      0.000	   3604.950	   2802.928	   5394.723	      0.016	      0.013	      0.006	
 2014/07/31	   0.990	   0.999	   0.989	   0.999	         658200	      0.984	      0.968	      0.956	      0.921	           	      0.000	   6582.000	   3813.128	   2398.123	      0.017	      0.014	      0.007	
 2014/08/01	   1.002	   1.005	   0.990	   0.990	        4824791	      0.989	      0.973	      0.959	      0.923	           	      0.000	  48247.910	  13158.832	   7197.913	      0.018	      0.014	      0.006	
 2014/08/04	   0.990	   1.005	   0.990	   1.004	        2002382	      0.994	      0.978	      0.962	      0.925	           	      0.000	  20023.820	  16734.797	   9099.737	      0.019	      0.015	      0.007	
 2014/08/05	   1.004	   1.008	   1.002	   1.008	        2619897	      0.998	      0.983	      0.965	      0.927	           	      0.000	  26198.971	  20931.529	  11660.935	      0.020	      0.016	      0.007	
 2014/08/06	   1.008	   1.015	   0.947	   1.013	         417787	      1.003	      0.989	      0.969	      0.928	           	      0.000	   4177.870	  21046.113	  11924.521	      0.021	      0.017	      0.007	
 2014/08/07	   1.014	   1.018	   1.003	   1.005	         204988	      1.004	      0.994	      0.973	      0.930	           	      0.000	   2049.880	  20139.689	  11976.409	      0.021	      0.018	      0.006	
 2014/08/08	   1.003	   1.009	   1.003	   1.008	          84000	      1.008	      0.998	      0.976	      0.932	           	      0.000	    840.000	  10658.108	  11908.470	      0.021	      0.018	      0.004	
 2014/08/11	   1.011	   1.026	   1.011	   1.026	        1155436	      1.012	      1.003	      0.979	      0.934	           	      0.000	  11554.360	   8964.216	  12849.506	      0.022	      0.019	      0.005	
 2014/08/12	   1.026	   1.029	   1.022	   1.029	         468000	      1.016	      1.007	      0.983	      0.937	           	      0.000	   4680.000	   4660.422	  12795.977	      0.023	      0.020	      0.006	
 2014/08/13	   1.028	   1.030	   1.017	   1.027	         988400	      1.019	      1.011	      0.987	      0.939	           	      0.000	   9884.000	   5801.648	  13423.881	      0.023	      0.020	      0.005	
 2014/08/14	   1.027	   1.033	   1.020	   1.020	         744353	      1.022	      1.013	      0.991	      0.941	           	      0.000	   7443.530	   6880.378	  13510.034	      0.022	      0.021	      0.003	
 2014/08/15	   1.022	   1.032	   1.021	   1.031	         338800	      1.027	      1.017	      0.995	      0.944	           	      0.000	   3388.000	   7389.978	   9024.043	      0.022	      0.021	      0.003	
 2014/08/18	   1.040	   1.043	   1.036	   1.043	         925763	      1.030	      1.021	      1.000	      0.946	           	      0.000	   9257.630	   6930.632	   7947.424	      0.023	      0.021	      0.003	
 2014/08/19	   1.043	   1.048	   1.040	   1.048	        1221600	      1.034	      1.025	      1.004	      0.948	           	      0.000	  12216.000	   8437.832	   6549.127	      0.024	      0.022	      0.004	
 2014/08/20	   1.047	   1.053	   1.047	   1.048	        4673300	      1.038	      1.028	      1.009	      0.951	           	      0.000	  46733.000	  15807.632	  10804.640	      0.024	      0.022	      0.004	
 2014/08/21	   1.046	   1.047	   1.033	   1.045	        2775180	      1.043	      1.033	      1.013	      0.953	           	      0.000	  27751.801	  19869.285	  13374.832	      0.024	      0.023	      0.003	
 2014/08/22	   1.045	   1.052	   1.044	   1.052	        5041500	      1.047	      1.037	      1.018	      0.956	           	      0.000	  50415.000	  29274.686	  18332.332	      0.024	      0.023	      0.002	
 2014/08/25	   1.053	   1.057	   1.048	   1.053	        1458194	      1.049	      1.040	      1.021	      0.958	           	      0.000	  14581.940	  30339.549	  18635.090	      0.024	      0.023	      0.002	
 2014/08/26	   1.023	   1.049	   1.023	   1.028	         683945	      1.045	      1.039	      1.023	      0.960	           	      0.000	   6839.450	  29264.238	  18851.035	      0.022	      0.023	     -0.003	
 2014/08/27	   1.028	   1.033	   1.028	   1.030	         487000	      1.042	      1.040	      1.025	      0.963	           	      0.000	   4870.000	  20891.639	  18349.635	      0.020	      0.022	     -0.005	
 2014/08/28	   1.028	   1.031	   1.020	   1.026	        4281600	      1.038	      1.040	      1.027	      0.965	           	      0.000	  42816.000	  23904.479	  21886.883	      0.018	      0.021	     -0.007	
 2014/08/29	   1.020	   1.031	   1.019	   1.031	        2234400	      1.034	      1.040	      1.029	      0.967	           	      0.000	  22344.000	  18290.277	  23782.482	      0.016	      0.020	     -0.008	
 2014/09/01	   1.033	   1.048	   1.033	   1.048	         493300	      1.033	      1.041	      1.031	      0.969	           	      0.000	   4933.000	  16360.490	  23350.020	      0.016	      0.020	     -0.006	
 2014/09/02	   1.054	   1.067	   1.050	   1.067	         446565	      1.040	      1.043	      1.034	      0.972	           	      0.000	   4465.650	  15885.730	  22574.984	      0.018	      0.019	     -0.003	
 2014/09/03	   1.070	   1.075	   1.065	   1.072	        2154530	      1.049	      1.045	      1.037	      0.975	           	      0.000	  21545.301	  19220.791	  20056.215	      0.019	      0.019	     -0.000	
 2014/09/04	   1.073	   1.110	   1.071	   1.103	        2152596	      1.064	      1.051	      1.042	      0.978	           	      0.000	  21525.961	  14962.782	  19433.631	      0.022	      0.020	      0.005	
 2014/09/05	   1.103	   1.103	   1.078	   1.086	       15181200	      1.075	      1.054	      1.046	      0.981	           	      0.000	 151812.000	  40856.383	  29573.330	      0.023	      0.020	      0.005	
 2014/09/09	   1.091	   1.097	   1.084	   1.097	       12130500	      1.085	      1.059	      1.049	      0.984	           	      0.000	 121305.000	  64130.781	  40245.637	      0.024	      0.021	      0.007	
 2014/09/10	   1.097	   1.100	   1.087	   1.097	        4874100	      1.091	      1.066	      1.053	      0.987	           	      0.000	  48741.000	  72985.852	  44435.793	      0.025	      0.022	      0.006	
 2014/09/11	   1.099	   1.112	   1.089	   1.093	        4561500	      1.095	      1.072	      1.056	      0.990	           	      0.000	  45615.000	  77799.789	  48510.293	      0.025	      0.023	      0.005	
 2014/09/12	   1.092	   1.111	   1.092	   1.110	       12880400	      1.097	      1.080	      1.060	      0.994	           	      0.000	 128804.000	  99255.398	  57109.090	      0.026	      0.023	      0.006	
 2014/09/15	   1.109	   1.125	   1.109	   1.125	        9428500	      1.104	      1.090	      1.065	      0.998	           	      0.000	  94285.000	  87750.000	  64303.191	      0.028	      0.024	      0.007	
 2014/09/16	   1.130	   1.130	   1.087	   1.091	        3584900	      1.103	      1.094	      1.067	      1.001	           	      0.000	  35849.000	  70658.797	  67394.789	      0.026	      0.025	      0.003	
 2014/09/17	   1.091	   1.199	   1.079	   1.097	        1875500	      1.103	      1.097	      1.070	      1.004	           	      0.000	  18755.000	  64661.602	  68823.727	      0.025	      0.025	      0.001	
 2014/09/18	   1.096	   1.107	   1.096	   1.106	         726788	      1.106	      1.100	      1.073	      1.007	           	      0.000	   7267.880	  56992.176	  67395.984	      0.025	      0.025	     -0.000	
 2014/09/19	   1.110	   1.121	   1.107	   1.120	        2387900	      1.108	      1.102	      1.077	      1.011	           	      0.000	  23879.000	  36007.176	  67631.289	      0.025	      0.025	      0.001	
 2014/09/22	   1.120	   1.120	   1.102	   1.103	         867200	      1.103	      1.104	      1.079	      1.014	           	      0.000	   8672.000	  18884.576	  53317.289	      0.024	      0.025	     -0.001	
 2014/09/23	   1.104	   1.118	   1.104	   1.118	        3536800	      1.109	      1.106	      1.082	      1.017	           	      0.000	  35368.000	  18788.375	  44723.590	      0.024	      0.025	     -0.001	
 2014/09/24	   1.117	   1.133	   1.117	   1.132	        6069600	      1.116	      1.110	      1.088	      1.021	           	      0.000	  60696.000	  27176.576	  45919.090	      0.025	      0.025	      0.000	
 2014/09/25	   1.137	   1.144	   1.130	   1.133	        1320593	      1.121	      1.113	      1.093	      1.024	           	      0.000	  13205.930	  28364.186	  42678.180	      0.025	      0.025	      0.001	
 2014/09/26	   1.131	   1.140	   1.129	   1.140	        3505900	      1.125	      1.117	      1.098	      1.027	           	      0.000	  35059.000	  30600.186	  33303.680	      0.026	      0.025	      0.002	
 2014/09/29	   1.143	   1.151	   1.143	   1.150	        2153300	      1.135	      1.119	      1.104	      1.031	           	      0.000	  21533.000	  33172.387	  26028.480	      0.027	      0.025	      0.003	
 2014/09/30	   1.158	   1.158	   1.149	   1.156	        2052500	      1.142	      1.125	      1.110	      1.034	           	      0.000	  20525.000	  30203.785	  24496.080	      0.028	      0.026	      0.004	
 2014/10/08	   1.169	   1.174	   1.153	   1.173	        2023800	      1.150	      1.133	      1.115	      1.038	           	      0.000	  20238.000	  22112.186	  24644.381	      0.029	      0.026	      0.006	
 2014/10/09	   1.173	   1.180	   1.162	   1.176	        6040100	      1.159	      1.140	      1.120	      1.042	           	      0.000	  60401.000	  31551.199	  29957.693	      0.031	      0.027	      0.007	
 2014/10/10	   1.172	   1.177	   1.162	   1.170	        3702400	      1.165	      1.145	      1.124	      1.046	           	      0.000	  37024.000	  31944.199	  31272.193	      0.031	      0.028	      0.006	
 2014/10/13	   1.168	   1.172	   1.154	   1.172	        4243100	      1.169	      1.152	      1.128	      1.050	           	      0.000	  42431.000	  36123.801	  34648.094	      0.031	      0.029	      0.004	
 2014/10/14	   1.173	   1.181	   1.160	   1.167	       13464400	      1.172	      1.157	      1.131	      1.053	           	      0.000	 134644.000	  58947.602	  44575.691	      0.030	      0.029	      0.002	
 2014/10/15	   1.169	   1.176	   1.159	   1.175	        5430400	      1.172	      1.161	      1.135	      1.057	           	      0.000	  54304.000	  65760.797	  43936.492	      0.030	      0.029	      0.001	
 2014/10/16	   1.176	   1.186	   1.159	   1.161	        6795400	      1.169	      1.164	      1.139	      1.061	           	      0.000	  67954.000	  67271.398	  49411.301	      0.028	      0.029	     -0.002	
 2014/10/17	   1.157	   1.161	   1.125	   1.144	        3485528	      1.164	      1.164	      1.140	      1.064	           	      0.000	  34855.281	  66837.656	  49390.930	      0.025	      0.028	     -0.006	
 2014/10/20	   1.142	   1.160	   1.142	   1.160	        5214065	      1.161	      1.165	      1.142	      1.067	           	      0.000	  52140.648	  68779.586	  52451.691	      0.024	      0.027	     -0.007	
 2014/10/21	   1.158	   1.163	   1.146	   1.148	        3601299	      1.158	      1.165	      1.145	      1.071	           	      0.000	  36012.988	  49053.383	  54000.492	      0.021	      0.026	     -0.009	
 2014/10/22	   1.150	   1.153	   1.132	   1.133	        6074247	      1.149	      1.161	      1.147	      1.074	           	      0.000	  60742.469	  50341.078	  58050.938	      0.018	      0.024	     -0.013	
 2014/10/23	   1.135	   1.135	   1.112	   1.114	        6497612	      1.140	      1.154	      1.147	      1.076	           	      0.000	  64976.121	  49745.500	  58508.449	      0.014	      0.022	     -0.017	
 2014/10/24	   1.120	   1.125	   1.114	   1.117	        3266527	      1.134	      1.149	      1.147	      1.079	           	      0.000	  32665.270	  49307.500	  58072.578	      0.011	      0.020	     -0.019	
 2014/10/27	   1.083	   1.130	   1.083	   1.126	        6605429	      1.128	      1.145	      1.148	      1.082	           	      0.000	  66054.289	  52090.227	  60434.906	      0.009	      0.018	     -0.018	
 2014/10/28	   1.134	   1.159	   1.134	   1.159	        3746600	      1.130	      1.144	      1.150	      1.085	           	      0.000	  37466.000	  52380.828	  50717.105	      0.010	      0.016	     -0.013	
 2014/10/29	   1.179	   1.183	   1.160	   1.179	        1889500	      1.139	      1.144	      1.153	      1.088	           	      0.000	  18895.000	  44011.336	  47176.207	      0.012	      0.015	     -0.007	
 2014/10/30	   1.179	   1.190	   1.126	   1.183	        2137700	      1.153	      1.146	      1.155	      1.091	           	      0.000	  21377.000	  35291.512	  42518.508	      0.014	      0.015	     -0.002	
 2014/10/31	   1.183	   1.194	   1.168	   1.190	        5636595	      1.167	      1.151	      1.158	      1.094	           	      0.000	  56365.949	  40031.648	  44669.574	      0.016	      0.015	      0.001	
 2014/11/03	   1.194	   1.204	   1.186	   1.200	        1651800	      1.182	      1.155	      1.160	      1.098	           	      0.000	  16518.000	  30124.391	  41107.309	      0.018	      0.016	      0.004	
 2014/11/04	   1.188	   1.205	   1.188	   1.196	        5524033	      1.190	      1.160	      1.162	      1.101	           	      0.000	  55240.328	  33679.254	  43030.043	      0.019	      0.016	      0.005	
 2014/11/05	   1.198	   1.205	   1.191	   1.193	        2194703	      1.192	      1.166	      1.163	      1.104	           	      0.000	  21947.029	  34289.660	  39150.500	      0.020	      0.017	      0.005	
 2014/11/06	   1.194	   1.200	   1.183	   1.200	       14204200	      1.196	      1.174	      1.164	      1.107	           	      0.000	 142042.000	  58422.660	  46857.086	      0.020	      0.018	      0.005	
 2014/11/07	   1.210	   1.213	   1.185	   1.188	        6544900	      1.195	      1.181	      1.165	      1.110	           	      0.000	  65449.000	  60239.273	  50135.461	      0.020	      0.018	      0.003	
 2014/11/10	   1.202	   1.210	   1.188	   1.210	        5123700	      1.197	      1.190	      1.167	      1.114	           	      0.000	  51237.000	  67183.070	  48653.730	      0.021	      0.019	      0.004	
 2014/11/11	   1.210	   1.327	   1.170	   1.174	        6829500	      1.193	      1.191	      1.168	      1.116	           	      0.000	  68295.000	  69794.008	  51736.629	      0.018	      0.018	     -0.000	
 2014/11/12	   1.170	   1.200	   1.166	   1.197	        2401700	      1.194	      1.193	      1.169	      1.119	           	      0.000	  24017.000	  70208.000	  52248.832	      0.018	      0.018	     -0.001	
 2014/11/13	   1.197	   1.199	   1.178	   1.193	        4576800	      1.192	      1.194	      1.170	      1.122	           	      0.000	  45768.000	  50953.199	  54687.930	      0.017	      0.018	     -0.002	
 2014/11/14	   1.187	   1.189	   1.176	   1.188	        4942400	      1.192	      1.194	      1.172	      1.124	           	      0.000	  49424.000	  47748.199	  53993.734	      0.016	      0.018	     -0.003	
 2014/11/17	   1.208	   1.208	   1.181	   1.194	        6504600	      1.189	      1.193	      1.174	      1.127	           	      0.000	  65046.000	  50510.000	  58846.535	      0.016	      0.017	     -0.003	
 2014/11/18	   1.192	   1.198	   1.190	   1.195	        3065600	      1.193	      1.193	      1.176	      1.130	           	      0.000	  30656.000	  42982.199	  56388.102	      0.015	      0.017	     -0.004	
 2014/11/19	   1.201	   1.205	   1.192	   1.195	        4573156	      1.193	      1.193	      1.180	      1.132	           	      0.000	  45731.559	  47325.113	  58766.555	      0.015	      0.016	     -0.004	
 2014/11/20	   1.192	   1.199	   1.191	   1.195	        5454500	      1.193	      1.193	      1.184	      1.135	           	      0.000	  54545.000	  49080.512	  50016.855	      0.014	      0.016	     -0.004	
 2014/11/21	   1.198	   1.210	   1.193	   1.210	        8713545	      1.198	      1.195	      1.188	      1.137	           	      0.000	  87135.453	  56622.801	  52185.500	      0.014	      0.016	     -0.002	
 2014/11/24	   1.212	   1.230	   1.212	   1.227	        5331300	      1.204	      1.197	      1.193	      1.140	           	      0.000	  53313.000	  54276.203	  52393.102	      0.016	      0.016	      0.001	
 2014/11/25	   1.226	   1.299	   1.226	   1.254	        7063300	      1.216	      1.205	      1.198	      1.144	           	      0.000	  70633.000	  62271.602	  52626.902	      0.019	      0.016	      0.006	
 2014/11/26	   1.290	   1.290	   1.242	   1.254	        4218700	      1.228	      1.211	      1.202	      1.147	           	      0.000	  42187.000	  61562.691	  54443.902	      0.022	      0.017	      0.008	
 2014/11/27	   1.256	   1.269	   1.250	   1.260	        5210799	      1.241	      1.217	      1.206	      1.151	           	      0.000	  52107.988	  61075.289	  55077.898	      0.024	      0.019	      0.010	
 2014/11/28	   1.261	   1.269	   1.245	   1.260	        3261899	      1.251	      1.224	      1.209	      1.155	           	      0.000	  32618.990	  50171.996	  53397.398	      0.025	      0.020	      0.010	
 2014/12/01	   1.260	   1.270	   1.253	   1.257	        5007600	      1.257	      1.231	      1.212	      1.159	           	      0.000	  50076.000	  49524.594	  51900.398	      0.026	      0.021	      0.009	
 2014/12/02	   1.257	   1.289	   1.257	   1.275	        5387622	      1.261	      1.239	      1.216	      1.163	           	      0.000	  53876.219	  46173.238	  54222.422	      0.027	      0.022	      0.010	
 2014/12/03	   1.282	   1.299	   1.272	   1.288	        2724300	      1.268	      1.248	      1.221	      1.166	           	      0.000	  27243.000	  43184.438	  52373.566	      0.029	      0.024	      0.011	
 2014/12/04	   1.250	   1.316	   1.250	   1.316	        3212300	      1.279	      1.260	      1.227	      1.170	           	      0.000	  32123.000	  39187.441	  50131.363	      0.032	      0.025	      0.014	
 2014/12/05	   1.316	   1.316	   1.250	   1.288	        5467509	      1.285	      1.268	      1.232	      1.173	           	      0.000	  54675.090	  43598.660	  46885.328	      0.033	      0.027	      0.011	
 2014/12/08	   1.291	   1.321	   1.279	   1.318	        2795200	      1.297	      1.277	      1.237	      1.177	           	      0.000	  27952.000	  39173.863	  44349.230	      0.035	      0.028	      0.012	
 2014/12/09	   1.300	   1.343	   1.260	   1.267	        3404212	      1.295	      1.278	      1.242	      1.180	           	      0.000	  34042.121	  35207.043	  40690.141	      0.032	      0.029	      0.005	
 2014/12/10	   1.264	   1.340	   1.260	   1.329	        6540133	      1.304	      1.286	      1.248	      1.184	           	      0.000	  65401.328	  42838.707	  43011.574	      0.034	      0.030	      0.008	
 2014/12/11	   1.320	   1.350	   1.315	   1.345	        2392000	      1.309	      1.294	      1.256	      1.188	           	      0.000	  23920.000	  41198.109	  40192.773	      0.037	      0.031	      0.011	
 2014/12/12	   1.350	   1.351	   1.336	   1.351	        4276660	      1.322	      1.303	      1.264	      1.192	           	      0.000	  42766.602	  38816.410	  41207.535	      0.039	      0.033	      0.012	
 2014/12/15	   1.350	   1.390	   1.343	   1.389	        6080300	      1.336	      1.317	      1.274	      1.197	           	      0.000	  60803.000	  45386.609	  42280.234	      0.043	      0.035	      0.017	
 2014/12/16	   1.385	   1.385	   1.359	   1.375	        6070660	      1.358	      1.327	      1.283	      1.201	           	      0.000	  60706.602	  50719.508	  42963.273	      0.045	      0.037	      0.016	
 2014/12/17	   1.370	   1.370	   1.340	   1.357	        2707100	      1.363	      1.334	      1.291	      1.206	           	      0.000	  27071.000	  43053.441	  42946.074	      0.045	      0.039	      0.012	
 2014/12/18	   1.358	   1.380	   1.350	   1.365	        4608160	      1.367	      1.338	      1.299	      1.210	           	      0.000	  46081.602	  47485.762	  44341.934	      0.044	      0.040	      0.009	
 2014/12/19	   1.365	   1.375	   1.338	   1.372	        2039388	      1.372	      1.347	      1.307	      1.214	           	      0.000	  20393.881	  43011.219	  40913.813	      0.044	      0.041	      0.007	
 2014/12/22	   1.372	   1.377	   1.324	   1.333	        1884759	      1.360	      1.348	      1.313	      1.218	           	      0.000	  18847.590	  34620.133	  40003.371	      0.040	      0.041	     -0.000	
 2014/12/23	   1.328	   1.331	   1.292	   1.294	        1398650	      1.344	      1.351	      1.315	      1.221	           	      0.000	  13986.500	  25276.115	  37997.809	      0.034	      0.039	     -0.011	
 2014/12/24	   1.295	   1.310	   1.294	   1.308	       36073800	      1.334	      1.349	      1.317	      1.224	           	      0.000	 360738.000	  92009.516	  67531.477	      0.029	      0.037	     -0.016	
 2014/12/25	   1.308	   1.345	   1.308	   1.341	        2575800	      1.330	      1.349	      1.321	      1.227	           	      0.000	  25758.000	  87944.797	  67715.281	      0.028	      0.035	     -0.014	
 2014/12/26	   1.341	   1.353	   1.332	   1.352	        6060600	      1.326	      1.349	      1.326	      1.231	           	      0.000	  60606.000	  95987.219	  69499.219	      0.028	      0.034	     -0.012	
 2014/12/29	   1.359	   1.359	   1.333	   1.342	        1629300	      1.327	      1.344	      1.330	      1.234	           	      0.000	  16293.000	  95476.297	  65048.219	      0.027	      0.032	     -0.012	
 2014/12/30	   1.335	   1.339	   1.312	   1.316	         608500	      1.332	      1.338	      1.332	      1.237	           	      0.000	   6085.000	  93896.000	  59586.059	      0.023	      0.031	     -0.015	
 2014/12/31	   1.310	   1.331	   1.310	   1.330	        1254200	      1.336	      1.335	      1.334	      1.239	           	      0.000	  12542.000	  24256.801	  58133.156	      0.021	      0.029	     -0.015	
 2015/01/05	   1.320	   1.369	   1.320	   1.365	        4298899	      1.341	      1.335	      1.337	      1.243	           	      0.000	  42988.988	  27702.998	  57823.895	      0.022	      0.027	     -0.010	
 2015/01/06	   1.364	   1.379	   1.354	   1.379	       62278556	      1.346	      1.336	      1.341	      1.246	           	      0.000	 622785.563	 140138.906	 118063.063	      0.024	      0.027	     -0.005	
 2015/01/07	   1.385	   1.434	   1.367	   1.388	        5731600	      1.356	      1.342	      1.345	      1.250	           	      0.000	  57316.000	 148343.516	 121909.906	      0.026	      0.027	     -0.001	
 2015/01/08	   1.388	   1.392	   1.365	   1.365	        2465806	      1.365	      1.349	      1.350	      1.253	           	      0.000	  24658.061	 152058.125	 122977.063	      0.025	      0.026	     -0.002	
 2015/01/09	   1.365	   1.388	   1.360	   1.366	         462300	      1.373	      1.354	      1.352	      1.256	           	      0.000	   4623.000	 150474.328	  87365.563	      0.024	      0.026	     -0.003	
 2015/01/12	   1.333	   1.366	   1.316	   1.348	        2692600	      1.369	      1.355	      1.352	      1.259	           	      0.000	  26926.000	 147261.719	  87482.359	      0.022	      0.025	     -0.006	
 2015/01/13	   1.335	   1.345	   1.328	   1.336	      156814592	      1.361	      1.354	      1.351	      1.262	           	      0.000	1568145.875	 336333.781	 238236.344	      0.019	      0.024	     -0.010	
 2015/01/14	   1.336	   1.338	   1.324	   1.324	        3837700	      1.348	      1.352	      1.348	      1.265	           	      0.000	  38377.000	 332546.000	 240444.750	      0.016	      0.022	     -0.014	
 2015/01/15	   1.325	   1.355	   1.325	   1.347	        3069600	      1.344	      1.355	      1.346	      1.268	           	      0.000	  30696.000	 333753.563	 242905.844	      0.014	      0.021	     -0.013	
 2015/01/16	   1.351	   1.359	   1.345	   1.356	        3281800	      1.342	      1.357	      1.346	      1.272	           	      0.000	  32818.000	 339392.563	 244933.453	      0.014	      0.019	     -0.011	
 2015/01/19	   1.360	   1.360	   1.228	   1.299	        4404000	      1.332	      1.351	      1.343	      1.275	           	      0.000	  44040.000	 342815.375	 245038.547	      0.009	      0.017	     -0.016	
 2015/01/20	   1.298	   1.338	   1.224	   1.338	        1805206	      1.333	      1.347	      1.341	      1.279	           	      0.000	  18052.061	  32796.613	 184565.203	      0.008	      0.015	     -0.015	
 2015/01/21	   1.325	   1.370	   1.325	   1.370	        1973874	      1.342	      1.345	      1.343	      1.283	           	      0.000	  19738.740	  29068.961	 180807.469	      0.010	      0.014	     -0.009	
 2015/01/22	   1.370	   1.393	   1.370	   1.391	         550410	      1.351	      1.347	      1.348	      1.287	           	      0.000	   5504.100	  24030.580	 178892.078	      0.013	      0.014	     -0.002	
 2015/01/23	   1.415	   1.415	   1.378	   1.382	         497678	      1.356	      1.349	      1.352	      1.290	           	      0.000	   4976.780	  18462.336	 178927.453	      0.014	      0.014	      0.000	
 2015/01/26	   1.384	   1.418	   1.384	   1.417	        1715126	      1.380	      1.356	      1.356	      1.294	           	      0.000	  17151.260	  13084.588	 177949.984	      0.018	      0.015	      0.006	
 2015/01/27	   1.418	   1.425	   1.396	   1.424	        3711300	      1.397	      1.365	      1.359	      1.298	           	      0.000	  37113.000	  16896.775	  24846.693	      0.021	      0.016	      0.010	
 2015/01/28	   1.417	   1.430	   1.413	   1.417	        1856600	      1.406	      1.374	      1.363	      1.302	           	      0.000	  18566.000	  16662.229	  22865.594	      0.023	      0.018	      0.011	
 2015/01/29	   1.401	   1.417	   1.401	   1.407	         460400	      1.409	      1.380	      1.367	      1.305	           	      0.000	   4604.000	  16482.207	  20256.395	      0.024	      0.019	      0.009	
 2015/01/30	   1.400	   1.415	   1.387	   1.387	         383500	      1.410	      1.383	      1.370	      1.308	           	      0.000	   3835.000	  16253.852	  17358.094	      0.022	      0.019	      0.005	
 2015/02/02	   1.377	   1.380	   1.360	   1.368	        1012500	      1.401	      1.390	      1.370	      1.311	           	      0.000	  10125.000	  14848.600	  13966.594	      0.019	      0.019	     -0.001	
 2015/02/03	   1.381	   1.389	   1.374	   1.388	         775500	      1.393	      1.395	      1.371	      1.315	           	      0.000	   7755.000	   8977.000	  12936.888	      0.018	      0.019	     -0.002	
 2015/02/04	   1.391	   1.398	   1.384	   1.384	         557700	      1.387	      1.396	      1.371	      1.317	           	      0.000	   5577.000	   6379.200	  11520.714	      0.017	      0.019	     -0.004	
 2015/02/05	   1.388	   1.389	   1.368	   1.368	         399100	      1.379	      1.394	      1.371	      1.321	           	      0.000	   3991.000	   6256.600	  11369.404	      0.014	      0.018	     -0.007	
 2015/02/06	   1.371	   1.371	   1.334	   1.339	         677700	      1.369	      1.390	      1.370	      1.323	           	      0.000	   6777.000	   6845.000	  11549.426	      0.010	      0.016	     -0.013	
 2015/02/09	   1.337	   1.341	   1.327	   1.327	         474300	      1.361	      1.381	      1.368	      1.325	           	      0.000	   4743.000	   5768.600	  10308.600	      0.005	      0.014	     -0.017	
 2015/02/10	   1.330	   1.343	   1.330	   1.343	        2364700	      1.352	      1.373	      1.369	      1.328	           	      0.000	  23647.000	   8947.000	   8962.000	      0.003	      0.012	     -0.018	
 2015/02/11	   1.351	   1.362	   1.351	   1.359	        2111000	      1.347	      1.367	      1.371	      1.331	           	      0.000	  21110.000	  12053.600	   9216.400	      0.002	      0.010	     -0.015	
 2015/02/12	   1.360	   1.373	   1.360	   1.370	        2105400	      1.348	      1.363	      1.372	      1.334	           	      0.000	  21054.000	  15466.200	  10861.400	      0.003	      0.008	     -0.011	
 2015/02/13	   1.383	   1.396	   1.383	   1.390	         792550	      1.358	      1.364	      1.373	      1.337	           	      0.000	   7925.500	  15695.900	  11270.450	      0.005	      0.008	     -0.006	
 2015/02/16	   1.395	   1.413	   1.395	   1.413	         320945	      1.375	      1.368	      1.379	      1.340	           	      0.000	   3209.450	  15389.190	  10578.895	      0.008	      0.008	      0.000	
 2015/02/17	   1.418	   1.430	   1.418	   1.430	         421500	      1.392	      1.372	      1.384	      1.344	           	      0.000	   4215.000	  11502.790	  10224.895	      0.012	      0.008	      0.006	
 2015/02/25	   1.426	   1.442	   1.426	   1.426	         583300	      1.406	      1.377	      1.387	      1.347	           	      0.000	   5833.000	   8447.390	  10250.495	      0.014	      0.010	      0.009	
 2015/02/26	   1.433	   1.452	   1.430	   1.452	        1019700	      1.422	      1.385	      1.390	      1.351	           	      0.000	  10197.000	   6275.990	  10871.095	      0.018	      0.011	      0.014	
 2015/02/27	   1.454	   1.464	   1.453	   1.461	        2812500	      1.436	      1.397	      1.393	      1.354	           	      0.000	  28125.000	  10315.890	  13005.895	      0.022	      0.013	      0.017	
 2015/03/02	   1.607	   1.607	   1.463	   1.489	        3907300	      1.452	      1.413	      1.397	      1.358	           	      0.000	  39073.000	  17488.600	  16438.895	      0.026	      0.016	      0.021	
 2015/03/03	   1.492	   1.506	   1.480	   1.484	        2158900	      1.462	      1.427	      1.400	      1.362	           	      0.000	  21589.000	  20963.400	  16233.095	      0.029	      0.019	      0.022	
 2015/03/04	   1.487	   1.503	   1.483	   1.503	        1406600	      1.478	      1.442	      1.404	      1.366	           	      0.000	  14066.000	  22610.000	  15528.695	      0.033	      0.022	      0.023	
 2015/03/05	   1.498	   1.506	   1.492	   1.503	        1487000	      1.488	      1.455	      1.409	      1.370	           	      0.000	  14870.000	  23544.600	  14910.295	      0.035	      0.024	      0.022	
 2015/03/06	   1.504	   1.507	   1.485	   1.491	         506400	      1.494	      1.465	      1.414	      1.373	           	      0.000	   5064.000	  18932.400	  14624.145	      0.036	      0.027	      0.019	
 2015/03/09	   1.480	   1.510	   1.479	   1.510	        4732100	      1.498	      1.475	      1.421	      1.376	           	      0.000	  47321.000	  20582.000	  19035.301	      0.037	      0.029	      0.017	
 2015/03/10	   1.511	   1.560	   1.422	   1.522	        7061792	      1.506	      1.484	      1.428	      1.380	           	      0.000	  70617.922	  30387.785	  25675.592	      0.039	      0.031	      0.017	
 2015/03/11	   1.518	   1.531	   1.513	   1.518	        1271300	      1.509	      1.493	      1.435	      1.383	           	      0.000	  12713.000	  30117.184	  26363.592	      0.040	      0.033	      0.014	
 2015/03/12	   1.524	   1.530	   1.514	   1.522	         500900	      1.513	      1.500	      1.443	      1.388	           	      0.000	   5009.000	  28144.984	  25844.793	      0.040	      0.034	      0.012	
 2015/03/13	   1.532	   1.544	   1.531	   1.544	        4340800	      1.523	      1.509	      1.453	      1.391	           	      0.000	  43408.000	  35813.785	  27373.092	      0.042	      0.036	      0.012	
 2015/03/16	   1.544	   1.606	   1.544	   1.596	        7410891	      1.540	      1.519	      1.466	      1.396	           	      0.000	  74108.906	  41171.367	  30876.684	      0.047	      0.038	      0.017	
 2015/03/17	   1.599	   1.625	   1.598	   1.618	        1597796	      1.560	      1.533	      1.480	      1.400	           	      0.000	  15977.960	  30243.373	  30315.578	      0.052	      0.041	      0.022	
 2015/03/18	   1.660	   1.660	   1.620	   1.649	       31197938	      1.586	      1.547	      1.495	      1.404	           	      0.000	 311979.375	  90096.648	  60106.918	      0.057	      0.044	      0.027	
 2015/03/19	   1.649	   1.663	   1.620	   1.660	        3264448	      1.613	      1.563	      1.509	      1.409	           	      0.000	  32644.480	  95623.742	  61884.363	      0.062	      0.048	      0.029	
 2015/03/20	   1.661	   1.681	   1.660	   1.675	        7417600	      1.640	      1.581	      1.523	      1.414	           	      0.000	  74176.000	 101777.344	  68795.563	      0.067	      0.051	      0.030	
 2015/03/23	   1.675	   1.742	   1.675	   1.709	        5142700	      1.662	      1.601	      1.538	      1.420	           	      0.000	  51427.000	  97240.961	  69206.164	      0.072	      0.055	      0.033	
 2015/03/24	   1.709	   1.768	   1.610	   1.721	       35629908	      1.683	      1.621	      1.553	      1.426	           	      0.000	 356299.094	 165305.188	  97774.281	      0.076	      0.060	      0.033	
 2015/03/25	   1.721	   1.738	   1.700	   1.730	       19450800	      1.699	      1.642	      1.568	      1.433	           	      0.000	 194508.000	 141810.922	 115953.781	      0.079	      0.064	      0.031	
 2015/03/26	   1.697	   1.735	   1.697	   1.718	       14537300	      1.711	      1.662	      1.581	      1.440	           	      0.000	 145373.000	 164356.625	 129990.180	      0.080	      0.067	      0.026	
 2015/03/27	   1.718	   1.738	   1.715	   1.733	        3038004	      1.722	      1.681	      1.595	      1.447	           	      0.000	  30380.039	 155597.422	 128687.383	      0.081	      0.070	      0.022	
 2015/03/30	   1.738	   1.766	   1.738	   1.764	        3181700	      1.733	      1.698	      1.609	      1.454	           	      0.000	  31817.000	 151675.422	 124458.195	      0.083	      0.072	      0.021	
 2015/03/31	   1.790	   1.790	   1.745	   1.749	        6056400	      1.739	      1.711	      1.622	      1.460	           	      0.000	  60564.000	  92528.406	 128916.797	      0.082	      0.074	      0.016	
 2015/04/01	   1.740	   1.795	   1.740	   1.795	        2194100	      1.752	      1.725	      1.636	      1.468	           	      0.000	  21941.000	  58015.008	  99912.961	      0.085	      0.076	      0.017	
 2015/04/02	   1.794	   1.850	   1.794	   1.828	        3803025	      1.774	      1.742	      1.653	      1.476	           	      0.000	  38030.250	  36546.457	 100451.539	      0.088	      0.079	      0.019	
 2015/04/03	   1.834	   1.855	   1.800	   1.855	        5543092	      1.798	      1.760	      1.671	      1.485	           	      0.000	  55430.922	  41556.633	  98577.031	      0.092	      0.082	      0.022	
 2015/04/07	   1.856	   1.899	   1.856	   1.898	        2989600	      1.825	      1.779	      1.690	      1.494	           	      0.000	  29896.000	  41172.434	  96423.930	      0.098	      0.085	      0.026	
 2015/04/08	   1.885	   1.911	   1.850	   1.883	       22396500	      1.852	      1.795	      1.708	      1.502	           	      0.000	 223965.000	  73852.633	  83190.523	      0.100	      0.088	      0.024	
 2015/04/09	   1.878	   1.884	   1.800	   1.859	       65616504	      1.865	      1.808	      1.725	      1.510	           	      0.000	 656165.063	 200697.453	 129356.227	      0.098	      0.090	      0.017	
 2015/04/10	   1.851	   1.920	   1.850	   1.915	       34382400	      1.882	      1.828	      1.745	      1.519	           	      0.000	 343824.000	 261856.203	 149201.328	      0.100	      0.092	      0.017	
 2015/04/13	   1.915	   2.000	   1.915	   1.968	        1706100	      1.905	      1.851	      1.766	      1.530	           	      0.000	  17061.000	 254182.219	 147869.422	      0.105	      0.095	      0.021	
 2015/04/14	   1.967	   2.000	   1.957	   1.980	       39306800	      1.921	      1.873	      1.785	      1.540	           	      0.000	 393068.000	 326816.625	 183994.531	      0.109	      0.097	      0.022	
 2015/04/15	   1.980	   2.048	   1.904	   1.915	       28256432	      1.927	      1.890	      1.800	      1.550	           	      0.000	 282564.313	 338536.469	 206194.563	      0.105	      0.099	      0.012	
 2015/04/16	   1.828	   1.958	   1.828	   1.940	       51905400	      1.944	      1.904	      1.815	      1.560	           	      0.000	 519054.000	 311114.250	 255905.859	      0.103	      0.100	      0.006	
 2015/04/17	   1.953	   1.975	   1.951	   1.959	        8387200	      1.952	      1.917	      1.830	      1.570	           	      0.000	  83872.000	 259123.859	 260490.031	      0.102	      0.100	      0.003	
 2015/04/20	   1.973	   1.992	   1.851	   1.935	      103152064	      1.946	      1.925	      1.843	      1.580	           	      0.000	1031520.625	 462015.781	 358099.000	      0.097	      0.100	     -0.004	
 2015/04/21	   1.935	   1.994	   1.933	   1.994	       40084400	      1.949	      1.935	      1.857	      1.591	           	      0.000	 400844.000	 463571.000	 395193.813	      0.098	      0.099	     -0.003	
 2015/04/22	   2.000	   2.056	   2.000	   2.056	       12985200	      1.977	      1.952	      1.874	      1.603	           	      0.000	 129852.000	 433028.531	 385782.500	      0.102	      0.100	      0.004	
 2015/04/23	   2.058	   2.097	   2.042	   2.070	       57635500	      2.003	      1.973	      1.891	      1.615	           	      0.000	 576355.000	 444488.719	 377801.500	      0.105	      0.101	      0.009	
 2015/04/24	   2.070	   2.153	   2.001	   2.069	       97596816	      2.025	      1.989	      1.908	      1.626	           	      0.000	 975968.188	 622907.938	 441015.906	      0.106	      0.102	      0.009	
 2015/04/27	   2.068	   2.138	   2.052	   2.100	       38081724	      2.058	      2.002	      1.927	      1.638	           	      0.000	 380817.250	 492767.281	 477391.531	      0.109	      0.103	      0.011	
 2015/04/28	   2.096	   2.103	   2.025	   2.047	       39701424	      2.068	      2.008	      1.941	      1.649	           	      0.000	 397014.250	 492001.344	 477786.156	      0.105	      0.104	      0.003	
 2015/04/29	   2.010	   2.084	   2.010	   2.076	       49454500	      2.072	      2.025	      1.957	      1.660	           	      0.000	 494545.000	 564939.938	 498984.219	      0.103	      0.104	     -0.001	
 2015/04/30	   2.076	   2.100	   2.072	   2.072	       37365412	      2.073	      2.038	      1.971	      1.671	           	      0.000	 373654.125	 524399.750	 484444.250	      0.100	      0.103	     -0.005	
 2015/05/04	   2.072	   2.100	   2.050	   2.094	       83645000	      2.078	      2.051	      1.984	      1.682	           	      0.000	 836450.000	 496496.125	 559702.063	      0.099	      0.102	     -0.007	
 2015/05/05	   2.090	   2.099	   2.003	   2.008	       98127208	      2.059	      2.059	      1.992	      1.692	           	      0.000	 981272.063	 616587.063	 554677.188	      0.089	      0.099	     -0.020	
 2015/05/06	   2.008	   2.099	   1.965	   1.978	       53929200	      2.046	      2.057	      1.996	      1.703	           	      0.000	 539292.000	 645042.625	 568522.000	      0.079	      0.095	     -0.033	
 2015/05/07	   1.961	   1.974	   1.902	   1.905	       47951696	      2.011	      2.042	      1.997	      1.711	           	      0.000	 479516.969	 642037.000	 603488.500	      0.064	      0.089	     -0.051	
 2015/05/08	   1.910	   1.964	   1.910	   1.964	      101253984	      1.990	      2.031	      2.002	      1.721	           	      0.000	1012539.813	 769814.188	 647106.938	      0.056	      0.082	     -0.053	
 2015/05/11	   2.000	   2.052	   1.971	   2.050	       45570600	      1.981	      2.029	      2.009	      1.732	           	      0.000	 455706.000	 693665.375	 595080.750	      0.056	      0.077	     -0.042	
 2015/05/12	   2.052	   2.172	   2.052	   2.138	       59437700	      2.007	      2.033	      2.017	      1.745	           	      0.000	 594377.000	 616286.375	 616436.750	      0.062	      0.074	     -0.024	
 2015/05/13	   2.130	   2.170	   2.090	   2.116	      105546064	      2.035	      2.040	      2.024	      1.759	           	      0.000	1055460.625	 719520.063	 682281.375	      0.065	      0.072	     -0.015	
 2015/05/14	   2.113	   2.133	   2.055	   2.091	      107946496	      2.072	      2.042	      2.033	      1.771	           	      0.000	1079465.000	 839509.688	 740773.375	      0.064	      0.071	     -0.013	
 2015/05/15	   2.091	   2.114	   2.049	   2.081	      105649400	      2.095	      2.043	      2.040	      1.783	           	      0.000	1056494.000	 848300.500	 809057.375	      0.062	      0.069	     -0.014	
 2015/05/18	   2.077	   2.280	   2.076	   2.121	       55040664	      2.109	      2.045	      2.048	      1.796	           	      0.000	 550406.625	 867240.625	 780453.000	      0.063	      0.068	     -0.010	
 2015/05/19	   2.083	   2.279	   2.083	   2.191	       37309552	      2.120	      2.063	      2.061	      1.809	           	      0.000	 373095.531	 822984.375	 719635.375	      0.068	      0.068	      0.001	
 2015/05/20	   2.196	   2.268	   2.191	   2.204	       26011120	      2.138	      2.086	      2.072	      1.822	           	      0.000	 260111.203	 663914.500	 691717.250	      0.073	      0.069	      0.008	
 2015/05/21	   2.204	   2.278	   2.204	   2.277	       82469016	      2.175	      2.123	      2.083	      1.836	           	      0.000	 824690.188	 612959.500	 726234.625	      0.082	      0.071	      0.020	
 2015/05/22	   2.350	   2.350	   2.265	   2.327	       69857768	      2.224	      2.160	      2.095	      1.851	           	      0.000	 698577.688	 541376.250	 694838.375	      0.091	      0.075	      0.032	
 2015/05/25	   2.327	   2.460	   2.220	   2.412	       59501452	      2.282	      2.196	      2.113	      1.867	           	      0.000	 595014.500	 550297.813	 708769.250	      0.105	      0.081	      0.047	
 2015/05/26	   2.456	   2.520	   2.363	   2.520	       85218800	      2.348	      2.234	      2.134	      1.885	           	      0.000	 852188.000	 646116.313	 734550.313	      0.123	      0.090	      0.066	
 2015/05/27	   2.528	   2.750	   2.450	   2.524	       80210600	      2.412	      2.275	      2.157	      1.902	           	      0.000	 802106.000	 754515.250	 709214.875	      0.136	      0.099	      0.074	
 2015/05/28	   2.524	   2.588	   2.350	   2.361	       87507352	      2.429	      2.302	      2.172	      1.917	           	      0.000	 875073.500	 764591.938	 688775.750	      0.131	      0.105	      0.052	
 2015/05/29	   2.362	   2.430	   2.254	   2.377	       88451104	      2.439	      2.331	      2.187	      1.931	           	      0.000	 884511.063	 801778.625	 671577.438	      0.128	      0.110	      0.036	
 2015/06/01	   2.378	   2.520	   2.378	   2.515	       89205504	      2.459	      2.371	      2.208	      1.948	           	      0.000	 892055.063	 861186.750	 705742.250	      0.134	      0.115	      0.039	
 2015/06/02	   2.522	   2.620	   2.522	   2.609	       73941904	      2.477	      2.413	      2.238	      1.967	           	      0.000	 739419.063	 838632.938	 742374.625	      0.146	      0.121	      0.049	
 2015/06/03	   2.650	   2.679	   2.542	   2.611	       79917296	      2.495	      2.453	      2.270	      1.985	           	      0.000	 799172.938	 838046.313	 796280.813	      0.153	      0.127	      0.051	
 2015/06/04	   2.613	   2.670	   2.438	   2.617	       79896200	      2.546	      2.487	      2.305	      2.004	           	      0.000	 798962.000	 822824.000	 793708.000	      0.157	      0.133	      0.048	
 2015/06/05	   2.676	   2.690	   2.610	   2.672	       83516304	      2.605	      2.522	      2.341	      2.023	           	      0.000	 835163.063	 812954.438	 807366.500	      0.163	      0.139	      0.048	
 2015/06/08	   2.674	   2.740	   2.620	   2.666	       88627104	      2.635	      2.547	      2.372	      2.042	           	      0.000	 886271.063	 811797.625	 836492.188	      0.166	      0.145	      0.042	
 2015/06/09	   2.700	   2.730	   2.629	   2.667	       96451384	      2.647	      2.562	      2.398	      2.061	           	      0.000	 964513.813	 856816.563	 847724.750	      0.166	      0.149	      0.034	
 2015/06/10	   2.667	   2.744	   2.602	   2.729	       88816592	      2.670	      2.582	      2.429	      2.079	           	      0.000	 888165.938	 874615.188	 856330.750	      0.169	      0.153	      0.032	
 2015/06/11	   2.755	   2.755	   2.695	   2.750	       80750496	      2.697	      2.621	      2.462	      2.098	           	      0.000	 807504.938	 876323.750	 849573.875	      0.171	      0.156	      0.029	
 2015/06/12	   2.751	   2.827	   2.751	   2.771	       94897192	      2.717	      2.661	      2.496	      2.117	           	      0.000	 948971.938	 899085.563	 856020.000	      0.173	      0.160	      0.026	
 2015/06/15	   2.779	   2.815	   2.721	   2.759	       87304304	      2.735	      2.685	      2.528	      2.135	           	      0.000	 873043.063	 896439.938	 854118.750	      0.171	      0.162	      0.018	
 2015/06/16	   2.759	   2.759	   2.588	   2.615	       79312096	      2.725	      2.686	      2.549	      2.151	           	      0.000	 793120.938	 862161.375	 859489.000	      0.156	      0.161	     -0.010	
 2015/06/17	   2.615	   2.688	   2.509	   2.684	       89077904	      2.716	      2.693	      2.573	      2.167	           	      0.000	 890779.063	 862684.000	 868649.563	      0.148	      0.158	     -0.020	
 2015/06/18	   2.661	   2.696	   2.590	   2.593	       90794800	      2.684	      2.691	      2.589	      2.182	           	      0.000	 907948.000	 882772.625	 879548.188	      0.133	      0.153	     -0.040	
 2015/06/19	   2.593	   2.593	   2.398	   2.437	       77138800	      2.618	      2.667	      2.594	      2.194	           	      0.000	 771388.000	 847255.813	 873170.688	      0.107	      0.144	     -0.074	
 2015/06/23	   2.392	   2.428	   2.220	   2.420	       88765504	      2.550	      2.642	      2.595	      2.205	           	      0.000	 887655.063	 850178.188	 873309.063	      0.084	      0.132	     -0.095	
 2015/06/24	   2.410	   2.484	   2.400	   2.481	       90218904	      2.523	      2.624	      2.593	      2.218	           	      0.000	 902189.063	 871991.813	 867076.625	      0.070	      0.120	     -0.099	
 2015/06/25	   2.492	   2.530	   2.360	   2.391	       88702000	      2.464	      2.590	      2.586	      2.228	           	      0.000	 887020.000	 871240.000	 866962.000	      0.051	      0.106	     -0.109	
 2015/06/26	   2.300	   2.318	   2.152	   2.153	       79727200	      2.376	      2.530	      2.576	      2.235	           	      0.000	 797272.000	 849104.813	 865938.688	      0.017	      0.088	     -0.142	
 2015/06/29	   2.161	   2.268	   1.940	   2.036	      109379600	      2.296	      2.457	      2.559	      2.239	           	      0.000	1093796.000	 913586.438	 880421.125	     -0.019	      0.067	     -0.172	
 2015/06/30	   2.036	   2.146	   1.881	   2.143	       83767800	      2.241	      2.395	      2.540	      2.244	           	      0.000	 837678.000	 903591.000	 876884.625	     -0.039	      0.046	     -0.170	
 2015/07/01	   2.145	   2.187	   2.002	   2.012	       80020896	      2.147	      2.335	      2.510	      2.247	           	      0.000	 800208.938	 883195.000	 877593.438	     -0.065	      0.023	     -0.176	
 2015/07/02	   2.020	   2.060	   1.811	   1.812	       89966200	      2.031	      2.248	      2.470	      2.245	           	      0.000	 899662.000	 885723.375	 878481.688	     -0.100	     -0.001	     -0.198	
 2015/07/03	   1.812	   1.860	   1.690	   1.709	       84639504	      1.942	      2.159	      2.425	      2.242	           	      0.000	 846395.063	 895548.000	 872326.438	     -0.135	     -0.028	     -0.213	
 2015/07/06	   1.880	   1.880	   1.550	   1.619	       82369504	      1.859	      2.078	      2.372	      2.238	           	      0.000	 823695.063	 841527.813	 877557.125	     -0.167	     -0.056	     -0.223	
 2015/07/07	   1.500	   1.612	   1.457	   1.457	       82855200	      1.722	      1.981	      2.312	      2.231	           	      0.000	 828552.000	 839702.625	 871646.813	     -0.204	     -0.086	     -0.237	
 2015/07/08	   1.311	   1.385	   1.311	   1.311	       30100394	      1.582	      1.864	      2.244	      2.220	           	      0.000	 301003.938	 739861.625	 811528.313	     -0.242	     -0.117	     -0.251	
 2015/07/09	   1.283	   1.442	   1.210	   1.442	        5069400	      1.508	      1.769	      2.180	      2.211	           	      0.000	  50694.000	 570068.000	 727895.688	     -0.259	     -0.145	     -0.227	
 2015/07/10	   1.517	   1.586	   1.507	   1.586	       21239600	      1.483	      1.713	      2.122	      2.205	           	      0.000	 212396.000	 443268.188	 669408.125	     -0.258	     -0.168	     -0.180	
 2015/07/13	   1.720	   1.745	   1.705	   1.745	       44761096	      1.508	      1.684	      2.070	      2.202	           	      0.000	 447610.969	 368051.375	 604789.625	     -0.241	     -0.182	     -0.117	
 2015/07/14	   1.900	   1.900	   1.790	   1.890	        5434594	      1.595	      1.658	      2.027	      2.201	           	      0.000	  54345.941	 213210.172	 526456.375	     -0.213	     -0.189	     -0.050	
 2015/07/15	   1.810	   1.880	   1.701	   1.733	       80254496	      1.679	      1.630	      1.983	      2.198	           	      0.000	 802544.938	 313518.375	 526690.000	     -0.202	     -0.191	     -0.022	
 2015/07/16	   1.601	   1.800	   1.570	   1.709	       80084592	      1.733	      1.620	      1.934	      2.193	           	      0.000	 800845.938	 463548.750	 516808.375	     -0.193	     -0.192	     -0.002	
 2015/07/17	   1.720	   1.839	   1.720	   1.839	       86544992	      1.783	      1.633	      1.896	      2.189	           	      0.000	 865449.938	 594159.563	 518713.875	     -0.173	     -0.188	      0.030	
 2015/07/20	   1.839	   1.929	   1.802	   1.903	       76644592	      1.815	      1.661	      1.870	      2.186	           	      0.000	 766445.938	 657926.563	 512988.969	     -0.150	     -0.180	      0.060	
 2015/07/21	   1.857	   1.950	   1.830	   1.904	       87245592	      1.818	      1.706	      1.844	      2.184	           	      0.000	 872455.938	 821548.563	 517379.344	     -0.131	     -0.170	      0.079	
 2015/07/22	   1.904	   1.945	   1.818	   1.942	       88979904	      1.859	      1.769	      1.817	      2.181	           	      0.000	 889799.063	 838999.375	 576258.875	     -0.111	     -0.158	      0.095	
 2015/07/23	   1.940	   2.018	   1.908	   2.016	       70039000	      1.921	      1.827	      1.798	      2.181	           	      0.000	 700390.000	 818908.188	 641228.438	     -0.088	     -0.144	      0.112	
 2015/07/24	   2.016	   2.050	   1.960	   1.981	       68387504	      1.949	      1.866	      1.789	      2.179	           	      0.000	 683875.063	 782593.188	 688376.375	     -0.072	     -0.130	      0.116	
 2015/07/27	   1.918	   1.989	   1.800	   1.805	       75949552	      1.930	      1.872	      1.778	      2.175	           	      0.000	 759495.500	 781203.125	 719564.813	     -0.073	     -0.119	      0.091	
 2015/07/28	   1.643	   1.818	   1.643	   1.767	       79529184	      1.902	      1.860	      1.759	      2.169	           	      0.000	 795291.813	 765770.313	 793659.438	     -0.076	     -0.110	      0.069	
 2015/07/29	   1.780	   1.851	   1.710	   1.851	       73610704	      1.884	      1.872	      1.751	      2.166	           	      0.000	 736107.063	 735031.875	 787015.625	     -0.070	     -0.102	      0.064	
 2015/07/30	   1.850	   1.894	   1.789	   1.802	       82400048	      1.841	      1.881	      1.751	      2.164	           	      0.000	 824000.500	 759754.000	 789331.063	     -0.069	     -0.095	      0.053	
 2015/07/31	   1.780	   1.820	   1.753	   1.772	       24826600	      1.799	      1.874	      1.754	      2.161	           	      0.000	 248266.000	 672632.188	 727612.688	     -0.070	     -0.090	      0.041	
 2015/08/03	   1.750	   1.759	   1.675	   1.712	       32146600	      1.781	      1.855	      1.758	      2.157	           	      0.000	 321466.000	 585026.250	 683114.688	     -0.074	     -0.087	      0.026	
 2015/08/04	   1.718	   1.850	   1.714	   1.850	       27576200	      1.797	      1.850	      1.778	      2.154	           	      0.000	 275762.000	 481120.313	 623445.313	     -0.066	     -0.083	      0.034	
 2015/08/05	   1.840	   1.880	   1.782	   1.816	       66219932	      1.790	      1.837	      1.803	      2.148	           	      0.000	 662199.313	 466338.750	 600685.313	     -0.061	     -0.079	      0.034	
 2015/08/06	   1.777	   1.816	   1.735	   1.788	       73320304	      1.788	      1.814	      1.821	      2.143	           	      0.000	 733203.063	 448179.281	 603966.625	     -0.059	     -0.075	      0.031	
 2015/08/07	   1.773	   1.877	   1.773	   1.850	       33557900	      1.803	      1.801	      1.834	      2.139	           	      0.000	 335579.000	 465641.875	 569137.000	     -0.052	     -0.070	      0.036	
 2015/08/10	   1.866	   1.985	   1.866	   1.980	       20429000	      1.857	      1.819	      1.845	      2.137	           	      0.000	 204290.000	 442206.688	 513616.469	     -0.036	     -0.063	      0.055	
 2015/08/11	   1.991	   2.007	   1.951	   1.975	       37436152	      1.882	      1.840	      1.850	      2.135	           	      0.000	 374361.531	 461926.594	 471523.438	     -0.023	     -0.055	      0.065	
 2015/08/12	   1.930	   1.998	   1.930	   1.969	       52548600	      1.912	      1.851	      1.862	      2.131	           	      0.000	 525486.000	 434583.906	 450461.344	     -0.013	     -0.047	      0.068	
 2015/08/13	   1.936	   2.028	   1.933	   2.027	       57995800	      1.960	      1.874	      1.877	      2.128	           	      0.000	 579958.000	 403934.906	 426057.094	     -0.000	     -0.037	      0.075	
 2015/08/14	   2.030	   2.080	   2.025	   2.039	       21417500	      1.998	      1.901	      1.887	      2.124	           	      0.000	 214175.000	 379654.094	 422648.000	      0.011	     -0.028	      0.077	
 2015/08/17	   2.036	   2.130	   2.012	   2.124	       48959300	      2.027	      1.942	      1.898	      2.121	           	      0.000	 489593.000	 436714.719	 439460.688	      0.026	     -0.017	      0.086	
 2015/08/18	   2.140	   2.149	   1.931	   1.945	       32605300	      2.021	      1.951	      1.901	      2.113	           	      0.000	 326053.000	 427053.000	 444489.781	      0.023	     -0.009	      0.064	
 2015/08/19	   1.863	   2.005	   1.812	   1.989	       53335300	      2.025	      1.969	      1.903	      2.104	           	      0.000	 533353.000	 428626.406	 431605.156	      0.024	     -0.002	      0.053	
 2015/08/20	   1.961	   1.993	   1.912	   1.920	       78945800	      2.003	      1.982	      1.898	      2.094	           	      0.000	 789458.000	 470526.406	 437230.656	      0.019	      0.002	      0.035	
 2015/08/21	   1.888	   1.919	   1.803	   1.822	       73616000	      1.960	      1.979	      1.890	      2.085	           	      0.000	 736160.000	 574923.375	 477288.750	      0.008	      0.003	      0.009	
 2015/08/24	   1.790	   1.790	   1.640	   1.640	       14920600	      1.863	      1.945	      1.882	      2.073	           	      0.000	 149206.000	 506846.000	 471780.344	     -0.016	     -0.001	     -0.031	
 2015/08/25	   1.480	   1.597	   1.476	   1.476	       19037000	      1.769	      1.895	      1.867	      2.056	           	      0.000	 190370.000	 479709.406	 453381.188	     -0.048	     -0.010	     -0.076	
 2015/08/26	   1.485	   1.574	   1.430	   1.484	       71709800	      1.668	      1.847	      1.849	      2.037	           	      0.000	 717098.000	 516458.406	 472542.406	     -0.072	     -0.023	     -0.098	
 2015/08/27	   1.518	   1.533	   1.422	   1.525	       15139800	      1.589	      1.796	      1.835	      2.019	           	      0.000	 151398.000	 388846.406	 429686.406	     -0.086	     -0.035	     -0.102	
 2015/08/28	   1.554	   1.640	   1.533	   1.635	       31421416	      1.552	      1.756	      1.828	      2.002	           	      0.000	 314214.156	 304457.219	 439690.313	     -0.088	     -0.046	     -0.084	
 2015/08/31	   1.630	   1.635	   1.575	   1.579	       74553888	      1.540	      1.701	      1.822	      1.984	           	      0.000	 745538.875	 423723.813	 465284.906	     -0.092	     -0.055	     -0.074	
 2015/09/01	   1.566	   1.566	   1.467	   1.479	       65334196	      1.540	      1.655	      1.803	      1.964	           	      0.000	 653341.938	 516318.188	 498013.813	     -0.103	     -0.065	     -0.076	
 2015/09/02	   1.445	   1.514	   1.380	   1.448	       75888128	      1.533	      1.601	      1.785	      1.944	           	      0.000	 758881.250	 524674.875	 520566.625	     -0.112	     -0.074	     -0.077	
 2015/09/07	   1.457	   1.520	   1.456	   1.466	       32681616	      1.521	      1.555	      1.769	      1.923	           	      0.000	 326816.156	 559758.500	 474302.438	     -0.117	     -0.083	     -0.069	
 2015/09/08	   1.438	   1.539	   1.438	   1.535	       41761916	      1.501	      1.527	      1.753	      1.903	           	      0.000	 417619.156	 580439.500	 442448.344	     -0.114	     -0.089	     -0.050	
 2015/09/09	   1.548	   1.595	   1.540	   1.586	       58334500	      1.503	      1.521	      1.733	      1.883	           	      0.000	 583345.000	 548000.688	 485862.250	     -0.106	     -0.092	     -0.028	
 2015/09/10	   1.570	   1.586	   1.543	   1.550	       76505600	      1.517	      1.529	      1.712	      1.863	           	      0.000	 765056.000	 570343.500	 543330.875	     -0.102	     -0.094	     -0.015	
 2015/09/11	   1.552	   1.570	   1.518	   1.566	       23393800	      1.541	      1.537	      1.692	      1.845	           	      0.000	 233938.000	 465354.875	 495014.844	     -0.096	     -0.095	     -0.003	
 2015/09/14	   1.582	   1.588	   1.450	   1.452	        6391000	      1.538	      1.530	      1.663	      1.825	           	      0.000	  63910.000	 412773.625	 486266.063	     -0.099	     -0.096	     -0.007	
 2015/09/15	   1.446	   1.450	   1.372	   1.373	        5979900	      1.505	      1.503	      1.630	      1.804	           	      0.000	  59799.000	 341209.594	 460824.531	     -0.107	     -0.098	     -0.018	
 2015/09/16	   1.377	   1.495	   1.374	   1.490	        2969900	      1.486	      1.494	      1.598	      1.789	           	      0.000	  29699.000	 230480.406	 389240.563	     -0.103	     -0.099	     -0.008	
 2015/09/17	   1.487	   1.524	   1.456	   1.457	        3026400	      1.468	      1.492	      1.574	      1.773	           	      0.000	  30264.000	  83522.000	 326932.750	     -0.101	     -0.099	     -0.003	
 2015/09/18	   1.480	   1.480	   1.441	   1.464	        1438400	      1.447	      1.494	      1.547	      1.756	           	      0.000	  14384.000	  39611.199	 252483.031	     -0.097	     -0.099	      0.003	
 2015/09/21	   1.432	   1.527	   1.432	   1.523	        2209100	      1.461	      1.500	      1.528	      1.741	           	      0.000	  22091.000	  31247.400	 222010.516	     -0.089	     -0.097	      0.016	
 2015/09/22	   1.535	   1.554	   1.513	   1.533	        2101300	      1.493	      1.499	      1.513	      1.731	           	      0.000	  21013.000	  23490.199	 182349.906	     -0.081	     -0.094	      0.026	
 2015/09/23	   1.518	   1.532	   1.496	   1.511	        1591300	      1.498	      1.492	      1.507	      1.722	           	      0.000	  15913.000	  20733.000	 125606.703	     -0.075	     -0.090	      0.030	
 2015/09/24	   1.506	   1.530	   1.506	   1.527	        1233900	      1.512	      1.490	      1.509	      1.712	           	      0.000	  12339.000	  17148.000	  50335.000	     -0.068	     -0.086	      0.035	
 2015/09/25	   1.535	   1.536	   1.470	   1.475	        1709700	      1.514	      1.480	      1.509	      1.703	           	      0.000	  17097.000	  17690.600	  28650.900	     -0.066	     -0.082	      0.031	
 2015/09/28	   1.475	   1.502	   1.457	   1.500	        1083400	      1.509	      1.485	      1.507	      1.698	           	      0.000	  10834.000	  15439.200	  23343.301	     -0.062	     -0.078	      0.031	
 2015/09/29	   1.481	   1.489	   1.457	   1.461	        1006200	      1.495	      1.494	      1.499	      1.694	           	      0.000	  10062.000	  13249.000	  18369.600	     -0.061	     -0.075	      0.026	
 2015/09/30	   1.478	   1.479	   1.453	   1.467	         966650	      1.486	      1.492	      1.493	      1.691	           	      0.000	   9666.500	  11999.700	  16366.350	     -0.060	     -0.072	      0.024	
 2015/10/08	   1.508	   1.570	   1.508	   1.535	        6980200	      1.488	      1.500	      1.496	      1.692	           	      0.000	  69802.000	  23492.301	  20320.150	     -0.052	     -0.068	      0.031	
 2015/10/09	   1.521	   1.561	   1.521	   1.560	        1087901	      1.505	      1.509	      1.502	      1.696	           	      0.000	  10879.010	  22248.701	  19969.650	     -0.043	     -0.063	      0.039	
 2015/10/12	   1.560	   1.643	   1.560	   1.638	        5851401	      1.532	      1.521	      1.510	      1.700	           	      0.000	  58514.012	  31784.705	  23611.953	     -0.030	     -0.056	      0.052	
 2015/10/13	   1.628	   1.654	   1.613	   1.648	        5683900	      1.570	      1.532	      1.516	      1.701	           	      0.000	  56839.000	  41140.105	  27194.553	     -0.018	     -0.049	      0.060	
 2015/10/14	   1.638	   1.658	   1.628	   1.634	        1651698	      1.603	      1.544	      1.518	      1.699	           	      0.000	  16516.980	  42510.199	  27254.949	     -0.010	     -0.041	      0.062	
 2015/10/15	   1.630	   1.682	   1.629	   1.682	        8380300	      1.632	      1.560	      1.525	      1.695	           	      0.000	  83803.000	  45310.398	  34401.352	      0.000	     -0.033	      0.066	
 2015/10/16	   1.700	   1.729	   1.673	   1.718	        1910836	      1.664	      1.584	      1.532	      1.695	           	      0.000	  19108.359	  46956.270	  34602.484	      0.011	     -0.024	      0.070	
 2015/10/19	   1.733	   1.750	   1.693	   1.717	        1271200	      1.680	      1.606	      1.546	      1.695	           	      0.000	  12712.000	  37795.867	  34790.285	      0.020	     -0.015	      0.070	
 2015/10/20	   1.695	   1.768	   1.690	   1.764	        2752000	      1.703	      1.636	      1.565	      1.694	           	      0.000	  27520.000	  31932.068	  36536.086	      0.030	     -0.006	      0.072	
 2015/10/21	   1.764	   1.798	   1.626	   1.629	        1755700	      1.702	      1.653	      1.572	      1.690	           	      0.000	  17557.000	  32140.072	  37325.137	      0.026	      0.000	      0.052	
 2015/10/22	   1.629	   1.686	   1.620	   1.679	        1330800	      1.701	      1.667	      1.583	      1.686	           	      0.000	  13308.000	  18041.072	  31675.736	      0.028	      0.006	      0.044	
 2015/10/23	   1.684	   1.731	   1.684	   1.723	        1191544	      1.702	      1.683	      1.596	      1.682	           	      0.000	  11915.440	  16602.488	  31779.379	      0.032	      0.011	      0.042	
 2015/10/26	   1.786	   1.786	   1.718	   1.738	        1196800	      1.707	      1.693	      1.607	      1.678	           	      0.000	  11968.000	  16453.688	  27124.777	      0.036	      0.016	      0.040	
 2015/10/27	   1.732	   1.761	   1.675	   1.752	        1043800	      1.704	      1.704	      1.618	      1.674	           	      0.000	  10438.000	  13037.288	  22484.678	      0.040	      0.021	      0.038	
 2015/10/28	   1.741	   1.761	   1.701	   1.708	         962300	      1.720	      1.711	      1.628	      1.672	           	      0.000	   9623.000	  11450.488	  21795.279	      0.039	      0.024	      0.029	
 2015/10/29	   1.708	   1.743	   1.702	   1.722	         658100	      1.729	      1.715	      1.638	      1.671	           	      0.000	   6581.000	  10105.088	  14073.080	      0.039	      0.027	      0.023	
 2015/10/30	   1.720	   1.742	   1.698	   1.715	         762241	      1.727	      1.715	      1.650	      1.669	           	      0.000	   7622.410	   9246.482	  12924.485	      0.038	      0.029	      0.017	
 2015/11/02	   1.700	   1.736	   1.680	   1.691	        3129686	      1.718	      1.712	      1.659	      1.667	           	      0.000	  31296.859	  13112.254	  14782.971	      0.035	      0.030	      0.008	
 2015/11/03	   1.689	   1.712	   1.666	   1.678	         593766	      1.703	      1.704	      1.670	      1.666	           	      0.000	   5937.660	  12212.186	  12624.737	      0.031	      0.030	      0.001	
 2015/11/04	   1.686	   1.781	   1.686	   1.780	        2889600	      1.717	      1.719	      1.686	      1.667	           	      0.000	  28896.000	  16066.786	  13758.637	      0.035	      0.031	      0.008	
 2015/11/05	   1.776	   1.830	   1.771	   1.779	        2343200	      1.729	      1.729	      1.698	      1.666	           	      0.000	  23432.000	  19436.986	  14771.037	      0.039	      0.033	      0.012	
 2015/11/06	   1.784	   1.819	   1.781	   1.814	        1315300	      1.748	      1.738	      1.710	      1.666	           	      0.000	  13153.000	  20543.104	  14894.793	      0.044	      0.035	      0.017	
 2015/11/09	   1.827	   1.848	   1.790	   1.829	        7831401	      1.776	      1.747	      1.720	      1.666	           	      0.000	  78314.008	  29946.533	  21529.395	      0.048	      0.038	      0.021	
 2015/11/10	   1.827	   1.852	   1.729	   1.841	       20029500	      1.809	      1.756	      1.730	      1.666	           	      0.000	 200295.000	  68818.000	  40515.094	      0.052	      0.041	      0.023	
 2015/11/11	   1.836	   1.863	   1.828	   1.863	        2305900	      1.825	      1.771	      1.741	      1.664	           	      0.000	  23059.000	  67650.602	  41858.695	      0.056	      0.044	      0.025	
 2015/11/12	   1.868	   1.872	   1.836	   1.856	        3102736	      1.841	      1.785	      1.750	      1.662	           	      0.000	  31027.359	  69169.672	  44303.328	      0.058	      0.047	      0.024	
 2015/11/13	   1.838	   1.857	   1.811	   1.833	         751000	      1.844	      1.796	      1.756	      1.660	           	      0.000	   7510.000	  68041.070	  44292.090	      0.058	      0.049	      0.018	
 2015/11/16	   1.833	   1.868	   1.807	   1.867	        1841100	      1.852	      1.814	      1.763	      1.657	           	      0.000	  18411.000	  56060.473	  43003.504	      0.059	      0.051	      0.016	
 2015/11/17	   1.868	   1.994	   1.850	   1.851	        2342000	      1.854	      1.831	      1.767	      1.654	           	      0.000	  23420.000	  20685.473	  44751.738	      0.058	      0.052	      0.012	
 2015/11/18	   1.830	   1.865	   1.820	   1.820	         455000	      1.845	      1.835	      1.777	      1.649	           	      0.000	   4550.000	  16983.672	  42317.137	      0.054	      0.053	      0.003	
 2015/11/19	   1.830	   1.865	   1.823	   1.862	        1211800	      1.847	      1.844	      1.786	      1.648	           	      0.000	  12118.000	  13201.800	  41185.738	      0.054	      0.053	      0.002	
 2015/11/20	   1.864	   1.893	   1.864	   1.883	        2315000	      1.857	      1.850	      1.794	      1.646	           	      0.000	  23150.000	  16329.800	  42185.438	      0.055	      0.053	      0.003	
 2015/11/23	   1.893	   1.900	   1.862	   1.868	        1219576	      1.857	      1.854	      1.801	      1.645	           	      0.000	  12195.760	  15086.752	  35573.613	      0.054	      0.053	      0.001	
 2015/11/24	   1.866	   1.877	   1.845	   1.877	         283700	      1.862	      1.858	      1.807	      1.646	           	      0.000	   2837.000	  10970.152	  15827.812	      0.053	      0.053	     -0.001	
 2015/11/25	   1.888	   1.900	   1.876	   1.899	         570100	      1.878	      1.862	      1.816	      1.650	           	      0.000	   5701.000	  11200.352	  14092.012	      0.054	      0.053	      0.000	
 2015/11/26	   1.908	   1.915	   1.892	   1.893	         677900	      1.884	      1.865	      1.825	      1.657	           	      0.000	   6779.000	  10132.552	  11667.176	      0.053	      0.053	     -0.001	
 2015/11/27	   1.888	   1.893	   1.755	   1.775	        1997900	      1.862	      1.860	      1.828	      1.662	           	      0.000	  19979.000	   9498.352	  12914.076	      0.042	      0.051	     -0.018	
 2015/11/30	   1.784	   1.796	   1.691	   1.778	        1186100	      1.844	      1.851	      1.832	      1.666	           	      0.000	  11861.000	   9431.400	  12259.076	      0.034	      0.048	     -0.028	
 2015/12/01	   1.778	   1.800	   1.725	   1.776	        1024400	      1.824	      1.843	      1.837	      1.669	           	      0.000	  10244.000	  10912.800	  10941.476	      0.027	      0.043	     -0.034	
 2015/12/02	   1.777	   1.787	   1.725	   1.775	         850300	      1.799	      1.839	      1.837	      1.672	           	      0.000	   8503.000	  11473.200	  11336.776	      0.021	      0.039	     -0.037	
 2015/12/03	   1.782	   1.819	   1.782	   1.819	         708400	      1.785	      1.834	      1.839	      1.678	           	      0.000	   7084.000	  11534.200	  10833.376	      0.019	      0.035	     -0.032	
 2015/12/04	   1.805	   1.819	   1.790	   1.795	         418100	      1.789	      1.826	      1.838	      1.683	           	      0.000	   4181.000	   8374.600	   8936.476	      0.016	      0.031	     -0.030	
 2015/12/07	   1.786	   1.820	   1.786	   1.814	        3173400	      1.796	      1.820	      1.837	      1.689	           	      0.000	  31734.000	  12349.200	  10890.300	      0.015	      0.028	     -0.026	
 2015/12/08	   1.804	   1.810	   1.773	   1.809	        3138300	      1.802	      1.813	      1.836	      1.694	           	      0.000	  31383.000	  16577.000	  13744.900	      0.013	      0.025	     -0.024	
 2015/12/09	   1.795	   1.795	   1.755	   1.779	        1077500	      1.803	      1.801	      1.831	      1.697	           	      0.000	  10775.000	  17031.400	  14252.300	      0.009	      0.022	     -0.025	
 2015/12/10	   1.763	   1.786	   1.761	   1.761	         384500	      1.792	      1.788	      1.827	      1.700	           	      0.000	   3845.000	  16383.600	  13958.900	      0.005	      0.018	     -0.027	
 2015/12/11	   1.722	   1.761	   1.722	   1.749	         260300	      1.782	      1.786	      1.822	      1.703	           	      0.000	   2603.000	  16068.000	  12221.300	      0.000	      0.015	     -0.029	
 2015/12/14	   1.744	   1.789	   1.738	   1.789	         764700	      1.777	      1.787	      1.819	      1.709	           	      0.000	   7647.000	  11250.600	  11799.900	      0.000	      0.012	     -0.024	
 2015/12/15	   1.790	   1.807	   1.790	   1.801	         606300	      1.776	      1.789	      1.816	      1.716	           	      0.000	   6063.000	   6186.600	  11381.800	      0.001	      0.010	     -0.018	
 2015/12/16	   1.808	   1.813	   1.799	   1.800	         259000	      1.780	      1.792	      1.815	      1.721	           	      0.000	   2590.000	   4549.600	  10790.500	      0.001	      0.008	     -0.014	
 2015/12/17	   1.820	   1.849	   1.817	   1.849	        1137300	      1.798	      1.795	      1.814	      1.728	           	      0.000	  11373.000	   6055.200	  11219.400	      0.005	      0.007	     -0.004	
 2015/12/18	   1.852	   1.860	   1.833	   1.840	        1993900	      1.816	      1.799	      1.812	      1.734	           	      0.000	  19939.000	   9522.400	  12795.200	      0.008	      0.008	      0.001	
 2015/12/21	   1.835	   1.872	   1.835	   1.871	         424800	      1.832	      1.805	      1.812	      1.740	           	      0.000	   4248.000	   8842.600	  10046.600	      0.012	      0.009	      0.008	
 2015/12/22	   1.877	   1.885	   1.859	   1.883	         493000	      1.849	      1.812	      1.813	      1.746	           	      0.000	   4930.000	   8616.000	   7401.300	      0.017	      0.010	      0.013	
 2015/12/23	   1.878	   1.888	   1.859	   1.862	         678434	      1.861	      1.821	      1.811	      1.752	           	      0.000	   6784.340	   9454.868	   7002.234	      0.018	      0.012	      0.013	
 2015/12/24	   1.862	   1.863	   1.835	   1.859	         434700	      1.863	      1.830	      1.809	      1.757	           	      0.000	   4347.000	   8049.668	   7052.434	      0.019	      0.013	      0.011	
 2015/12/25	   1.862	   1.871	   1.859	   1.867	         597700	      1.868	      1.842	      1.814	      1.764	           	      0.000	   5977.000	   5257.268	   7389.834	      0.020	      0.014	      0.011	
 2015/12/28	   1.876	   1.886	   1.830	   1.830	         560400	      1.860	      1.846	      1.816	      1.769	           	      0.000	   5604.000	   5528.468	   7185.534	      0.017	      0.015	      0.005	
 2015/12/29	   1.825	   1.846	   1.819	   1.846	        1866800	      1.853	      1.851	      1.820	      1.776	           	      0.000	  18668.000	   8276.068	   8446.034	      0.016	      0.015	      0.002	
 2015/12/30	   1.851	   1.866	   1.847	   1.861	         625400	      1.853	      1.857	      1.824	      1.782	           	      0.000	   6254.000	   8170.000	   8812.434	      0.017	      0.016	      0.002	
 2015/12/31	   1.863	   1.871	   1.821	   1.836	         351900	      1.848	      1.855	      1.825	      1.787	           	      0.000	   3519.000	   8004.400	   8027.034	      0.015	      0.015	     -0.001	
 2016/01/04	   1.820	   1.820	   1.691	   1.694	         776900	      1.813	      1.841	      1.820	      1.789	           	      0.000	   7769.000	   8362.800	   6810.034	      0.002	      0.013	     -0.022	
 2016/01/05	   1.689	   1.704	   1.603	   1.675	        1093500	      1.782	      1.821	      1.813	      1.790	           	      0.000	  10935.000	   9429.000	   7478.734	     -0.010	      0.008	     -0.036	
 2016/01/06	   1.678	   1.718	   1.675	   1.718	         856800	      1.757	      1.805	      1.809	      1.791	           	      0.000	   8568.000	   7409.000	   7842.534	     -0.015	      0.004	     -0.038	
 2016/01/07	   1.713	   1.713	   1.600	   1.602	         280100	      1.705	      1.779	      1.800	      1.791	           	      0.000	   2801.000	   6718.400	   7444.200	     -0.029	     -0.003	     -0.052	
 2016/01/08	   1.689	   1.689	   1.521	   1.600	        1997900	      1.658	      1.753	      1.792	      1.789	           	      0.000	  19979.000	  10010.400	   9007.400	     -0.039	     -0.010	     -0.058	
 2016/01/11	   1.550	   1.586	   1.494	   1.494	        2087300	      1.618	      1.716	      1.779	      1.786	           	      0.000	  20873.000	  12631.200	  10497.000	     -0.055	     -0.019	     -0.072	
 2016/01/12	   1.497	   1.516	   1.465	   1.486	         577400	      1.580	      1.681	      1.764	      1.782	           	      0.000	   5774.000	  11599.000	  10514.000	     -0.068	     -0.029	     -0.078	
 2016/01/13	   1.505	   1.518	   1.443	   1.452	         741700	      1.527	      1.642	      1.746	      1.777	           	      0.000	   7417.000	  11368.800	   9388.900	     -0.080	     -0.039	     -0.081	
 2016/01/14	   1.448	   1.494	   1.395	   1.490	        2000900	      1.504	      1.605	      1.731	      1.774	           	      0.000	  20009.000	  14810.400	  10764.400	     -0.085	     -0.048	     -0.074	
 2016/01/15	   1.460	   1.485	   1.416	   1.427	        2048900	      1.470	      1.564	      1.710	      1.770	           	      0.000	  20489.000	  14912.400	  12461.400	     -0.094	     -0.057	     -0.072	
 2016/01/18	   1.438	   1.470	   1.409	   1.460	        1491400	      1.463	      1.540	      1.691	      1.766	           	      0.000	  14914.000	  13720.600	  13175.900	     -0.096	     -0.065	     -0.062	
 2016/01/19	   1.460	   1.504	   1.441	   1.498	         732800	      1.465	      1.523	      1.672	      1.762	           	      0.000	   7328.000	  14031.400	  12815.200	     -0.094	     -0.071	     -0.047	
 2016/01/20	   1.500	   1.512	   1.478	   1.487	         320600	      1.472	      1.500	      1.652	      1.757	           	      0.000	   3206.000	  13189.200	  12279.000	     -0.093	     -0.075	     -0.034	
 2016/01/21	   1.483	   1.502	   1.438	   1.438	        9279100	      1.462	      1.483	      1.631	      1.753	           	      0.000	  92791.000	  27745.600	  21278.000	     -0.094	     -0.079	     -0.030	
 2016/01/22	   1.443	   1.455	   1.405	   1.453	       13888600	      1.467	      1.469	      1.611	      1.748	           	      0.000	 138886.000	  51425.000	  33168.699	     -0.093	     -0.082	     -0.022	
 2016/01/25	   1.456	   1.476	   1.455	   1.465	         352100	      1.468	      1.466	      1.591	      1.744	           	      0.000	   3521.000	  49146.398	  31433.500	     -0.090	     -0.084	     -0.013	
 2016/01/26	   1.454	   1.454	   1.353	   1.356	        1065500	      1.440	      1.453	      1.567	      1.739	           	      0.000	  10655.000	  49811.801	  31921.600	     -0.096	     -0.086	     -0.019	
 2016/01/27	   1.358	   1.358	   1.281	   1.341	         553100	      1.411	      1.441	      1.542	      1.733	           	      0.000	   5531.000	  50276.801	  31733.000	     -0.100	     -0.089	     -0.022	
 2016/01/28	   1.329	   1.345	   1.283	   1.283	         333300	      1.380	      1.421	      1.513	      1.725	           	      0.000	   3333.000	  32385.199	  30065.400	     -0.107	     -0.092	     -0.029	
 2016/01/29	   1.285	   1.340	   1.279	   1.330	        1371100	      1.355	      1.411	      1.487	      1.717	           	      0.000	  13711.000	   7350.200	  29387.600	     -0.107	     -0.095	     -0.024	
 2016/02/01	   1.358	   1.358	   1.292	   1.310	         829000	      1.324	      1.396	      1.468	      1.709	           	      0.000	   8290.000	   8304.000	  28725.199	     -0.108	     -0.098	     -0.020	
 2016/02/02	   1.312	   1.354	   1.312	   1.350	        6678700	      1.323	      1.381	      1.452	      1.701	           	      0.000	  66787.000	  19530.400	  34671.102	     -0.104	     -0.099	     -0.010	
 2016/02/03	   1.346	   1.357	   1.314	   1.355	        6411900	      1.326	      1.368	      1.434	      1.693	           	      0.000	  64119.000	  31248.000	  40762.398	     -0.099	     -0.099	     -0.001	
 2016/02/04	   1.351	   1.384	   1.351	   1.381	         407500	      1.345	      1.362	      1.423	      1.685	           	      0.000	   4075.000	  31396.400	  31890.801	     -0.093	     -0.098	      0.010	
 2016/02/05	   1.382	   1.386	   1.368	   1.374	         285000	      1.354	      1.355	      1.411	      1.677	           	      0.000	   2850.000	  29224.199	  18287.199	     -0.087	     -0.096	      0.018	
 2016/02/15	   1.333	   1.372	   1.322	   1.372	         661000	      1.366	      1.345	      1.405	      1.669	           	      0.000	   6610.000	  28888.199	  18596.100	     -0.081	     -0.093	      0.023	
 2016/02/16	   1.376	   1.422	   1.376	   1.422	         732100	      1.381	      1.352	      1.402	      1.661	           	      0.000	   7321.000	  16995.000	  18262.699	     -0.072	     -0.089	      0.033	
 2016/02/17	   1.422	   1.438	   1.412	   1.438	         369500	      1.397	      1.362	      1.401	      1.655	           	      0.000	   3695.000	   4910.200	  18079.100	     -0.063	     -0.084	      0.041	
 2016/02/18	   1.451	   1.451	   1.432	   1.436	         304200	      1.408	      1.377	      1.399	      1.648	           	      0.000	   3042.000	   4703.600	  18050.000	     -0.055	     -0.078	      0.045	
 2016/02/19	   1.431	   1.442	   1.426	   1.441	          99900	      1.422	      1.388	      1.400	      1.641	           	      0.000	    999.000	   4333.400	  16778.801	     -0.048	     -0.072	      0.048	
 2016/02/22	   1.443	   1.475	   1.443	   1.470	         143800	      1.441	      1.404	      1.400	      1.634	           	      0.000	   1438.000	   3299.000	  16093.600	     -0.040	     -0.065	      0.052	
 2016/02/23	   1.470	   1.470	   1.439	   1.461	         380400	      1.449	      1.415	      1.398	      1.628	           	      0.000	   3804.000	   2595.600	   9795.300	     -0.033	     -0.059	      0.052	
 2016/02/24	   1.458	   1.474	   1.440	   1.473	         228300	      1.456	      1.427	      1.397	      1.621	           	      0.000	   2283.000	   2313.200	   3611.700	     -0.027	     -0.053	      0.051	
 2016/02/25	   1.464	   1.464	   1.355	   1.361	         426600	      1.441	      1.425	      1.394	      1.612	           	      0.000	   4266.000	   2558.000	   3630.800	     -0.031	     -0.048	      0.035	
 2016/02/26	   1.363	   1.398	   1.341	   1.375	         200300	      1.428	      1.425	      1.390	      1.603	           	      0.000	   2003.000	   2758.800	   3546.100	     -0.032	     -0.045	      0.026	
 2016/02/29	   1.372	   1.372	   1.286	   1.303	         594300	      1.395	      1.418	      1.382	      1.595	           	      0.000	   5943.000	   3659.800	   3479.400	     -0.038	     -0.044	      0.010	
 2016/03/01	   1.306	   1.335	   1.294	   1.330	         742500	      1.368	      1.409	      1.380	      1.588	           	      0.000	   7425.000	   4384.000	   3489.800	     -0.041	     -0.043	      0.004	
 2016/03/02	   1.327	   1.397	   1.327	   1.394	         660500	      1.353	      1.404	      1.383	      1.582	           	      0.000	   6605.000	   5248.400	   3780.800	     -0.037	     -0.042	      0.009	
 2016/03/03	   1.396	   1.419	   1.396	   1.404	         850300	      1.361	      1.401	      1.389	      1.575	           	      0.000	   8503.000	   6095.800	   4326.900	     -0.033	     -0.040	      0.014	
 2016/03/04	   1.390	   1.404	   1.350	   1.364	         880500	      1.359	      1.393	      1.391	      1.568	           	      0.000	   8805.000	   7456.200	   5107.500	     -0.033	     -0.039	      0.012	
 2016/03/07	   1.366	   1.399	   1.366	   1.395	        1013400	      1.377	      1.386	      1.395	      1.561	           	      0.000	  10134.000	   8294.400	   5977.100	     -0.030	     -0.037	      0.014	
 2016/03/08	   1.386	   1.396	   1.344	   1.396	         667600	      1.391	      1.380	      1.397	      1.554	           	      0.000	   6676.000	   8144.600	   6264.300	     -0.027	     -0.035	      0.016	
 2016/03/09	   1.352	   1.396	   1.350	   1.364	        4301700	      1.385	      1.369	      1.398	      1.547	           	      0.000	  43017.000	  15427.000	  10337.700	     -0.027	     -0.033	      0.013	
 2016/03/10	   1.361	   1.370	   1.343	   1.345	         164900	      1.373	      1.367	      1.396	      1.539	           	      0.000	   1649.000	  14056.200	  10076.000	     -0.028	     -0.032	      0.008	
 2016/03/11	   1.345	   1.351	   1.323	   1.342	         267500	      1.368	      1.364	      1.394	      1.532	           	      0.000	   2675.000	  12830.200	  10143.200	     -0.029	     -0.032	      0.005	
 2016/03/14	   1.344	   1.394	   1.344	   1.379	         832200	      1.365	      1.371	      1.395	      1.526	           	      0.000	   8322.000	  12467.800	  10381.100	     -0.026	     -0.031	      0.008	
 2016/03/15	   1.376	   1.378	   1.361	   1.375	         264700	      1.361	      1.376	      1.392	      1.519	           	      0.000	   2647.000	  11662.000	   9903.300	     -0.024	     -0.029	      0.010	
 2016/03/16	   1.384	   1.384	   1.350	   1.357	         413500	      1.360	      1.372	      1.388	      1.512	           	      0.000	   4135.000	   3885.600	   9656.300	     -0.024	     -0.028	      0.009	
 2016/03/17	   1.359	   1.398	   1.359	   1.393	         420500	      1.369	      1.371	      1.386	      1.505	           	      0.000	   4205.000	   4396.800	   9226.500	     -0.020	     -0.027	      0.012	
 2016/03/18	   1.395	   1.443	   1.395	   1.433	         692200	      1.387	      1.378	      1.386	      1.498	           	      0.000	   6922.000	   5246.200	   9038.200	     -0.014	     -0.024	      0.020	
 2016/03/21	   1.435	   1.475	   1.435	   1.471	         359700	      1.406	      1.385	      1.386	      1.492	           	      0.000	   3597.000	   4301.200	   8384.500	     -0.006	     -0.021	      0.029	
 2016/03/22	   1.468	   1.474	   1.435	   1.467	         181500	      1.424	      1.393	      1.386	      1.485	           	      0.000	   1815.000	   4134.800	   7898.400	     -0.000	     -0.017	      0.033	
 2016/03/23	   1.466	   1.470	   1.430	   1.470	         171700	      1.447	      1.403	      1.386	      1.479	           	      0.000	   1717.000	   3651.200	   3768.400	      0.005	     -0.012	      0.034	
 2016/03/24	   1.444	   1.477	   1.444	   1.450	         247100	      1.458	      1.414	      1.390	      1.472	           	      0.000	   2471.000	   3304.400	   3850.600	      0.007	     -0.008	      0.031	
 2016/03/25	   1.416	   1.460	   1.415	   1.460	         320900	      1.464	      1.426	      1.395	      1.465	           	      0.000	   3209.000	   2561.800	   3904.000	      0.009	     -0.005	      0.029	
 2016/03/28	   1.462	   1.489	   1.454	   1.454	        1022500	      1.460	      1.433	      1.402	      1.458	           	      0.000	  10225.000	   3887.400	   4094.300	      0.011	     -0.002	      0.025	
 2016/03/29	   1.437	   1.439	   1.420	   1.434	          97800	      1.454	      1.439	      1.407	      1.452	           	      0.000	    978.000	   3720.000	   3927.400	      0.010	      0.001	      0.019	
 2016/03/30	   1.434	   1.537	   1.434	   1.472	         378700	      1.454	      1.450	      1.411	      1.445	           	      0.000	   3787.000	   4134.000	   3892.600	      0.013	      0.003	      0.019	
 2016/03/31	   1.474	   1.493	   1.474	   1.476	         338200	      1.459	      1.459	      1.415	      1.439	           	      0.000	   3382.000	   4316.200	   3810.300	      0.015	      0.005	      0.018	
 2016/04/01	   1.478	   1.478	   1.457	   1.478	         191600	      1.463	      1.463	      1.421	      1.433	           	      0.000	   1916.000	   4057.600	   3309.700	      0.016	      0.008	      0.017	
 2016/04/05	   1.485	   1.522	   1.483	   1.511	        4714000	      1.474	      1.467	      1.426	      1.430	           	      0.000	  47140.000	  11440.600	   7664.000	      0.020	      0.010	      0.020	
 2016/04/06	   1.520	   1.523	   1.507	   1.520	         319100	      1.491	      1.472	      1.433	      1.427	           	      0.000	   3191.000	  11883.200	   7801.600	      0.023	      0.013	      0.021	
 2016/04/07	   1.522	   1.528	   1.501	   1.501	        2343400	      1.497	      1.476	      1.439	      1.424	           	      0.000	  23434.000	  15812.600	   9973.300	      0.024	      0.015	      0.018	
 2016/04/08	   1.480	   1.490	   1.467	   1.488	         561500	      1.500	      1.479	      1.447	      1.422	           	      0.000	   5615.000	  16259.200	  10287.700	      0.024	      0.017	      0.014	
 2016/04/11	   1.485	   1.524	   1.450	   1.513	        2797300	      1.507	      1.485	      1.455	      1.420	           	      0.000	  27973.000	  21470.600	  12764.100	      0.025	      0.018	      0.013	
 2016/04/12	   1.550	   1.550	   1.490	   1.498	         250500	      1.504	      1.489	      1.461	      1.420	           	      0.000	   2505.000	  12543.600	  11992.100	      0.024	      0.020	      0.010	
 2016/04/13	   1.497	   1.542	   1.497	   1.523	         667500	      1.505	      1.498	      1.468	      1.421	           	      0.000	   6675.000	  13240.400	  12561.800	      0.026	      0.021	      0.010	
 2016/04/14	   1.523	   1.540	   1.522	   1.540	         202400	      1.512	      1.505	      1.478	      1.422	           	      0.000	   2024.000	   8958.400	  12385.500	      0.028	      0.022	      0.011	
 2016/04/15	   1.540	   1.545	   1.529	   1.534	         148100	      1.522	      1.511	      1.485	      1.423	           	      0.000	   1481.000	   8131.600	  12195.400	      0.029	      0.023	      0.010	
 2016/04/18	   1.530	   1.530	   1.502	   1.517	        2341800	      1.522	      1.515	      1.489	      1.425	           	      0.000	  23418.000	   7220.600	  14345.600	      0.028	      0.024	      0.007	
 2016/04/19	   1.518	   1.520	   1.503	   1.518	         465800	      1.526	      1.515	      1.491	      1.426	           	      0.000	   4658.000	   7651.200	  10097.400	      0.026	      0.025	      0.004	
 2016/04/20	   1.520	   1.520	   1.421	   1.452	         805600	      1.512	      1.508	      1.490	      1.425	           	      0.000	   8056.000	   7927.400	  10583.900	      0.020	      0.024	     -0.007	
 2016/04/21	   1.449	   1.467	   1.435	   1.435	         375900	      1.491	      1.502	      1.489	      1.424	           	      0.000	   3759.000	   8274.400	   8616.400	      0.014	      0.022	     -0.016	
 2016/04/22	   1.435	   1.450	   1.430	   1.447	         744500	      1.474	      1.498	      1.489	      1.424	           	      0.000	   7445.000	   9467.200	   8799.400	      0.009	      0.019	     -0.020	
 2016/04/25	   1.441	   1.447	   1.426	   1.444	        2271800	      1.459	      1.491	      1.488	      1.424	           	      0.000	  22718.000	   9327.200	   8273.900	      0.005	      0.016	     -0.022	
 2016/04/26	   1.450	   1.458	   1.436	   1.458	         130900	      1.447	      1.487	      1.488	      1.424	           	      0.000	   1309.000	   8657.400	   8154.300	      0.004	      0.014	     -0.021	
 2016/04/27	   1.459	   1.462	   1.446	   1.446	         191000	      1.446	      1.479	      1.489	      1.425	           	      0.000	   1910.000	   7428.200	   7677.800	      0.001	      0.011	     -0.020	
 2016/04/28	   1.448	   1.448	   1.419	   1.441	         242600	      1.447	      1.469	      1.487	      1.427	           	      0.000	   2426.000	   7161.600	   7718.000	     -0.001	      0.009	     -0.020	
 2016/04/29	   1.438	   1.447	   1.438	   1.442	          80000	      1.446	      1.460	      1.485	      1.430	           	      0.000	    800.000	   5832.600	   7649.900	     -0.003	      0.006	     -0.019	
 2016/05/03	   1.441	   1.481	   1.440	   1.481	         787800	      1.454	      1.456	      1.485	      1.432	           	      0.000	   7878.000	   2864.600	   6095.900	     -0.001	      0.005	     -0.012	
 2016/05/04	   1.481	   1.491	   1.479	   1.479	         142466	      1.458	      1.452	      1.484	      1.435	           	      0.000	   1424.660	   2887.732	   5772.566	      0.000	      0.004	     -0.008	
 2016/05/05	   1.480	   1.489	   1.477	   1.489	         335500	      1.466	      1.456	      1.482	      1.437	           	      0.000	   3355.000	   3176.732	   5302.466	      0.002	      0.003	     -0.003	
 2016/05/06	   1.490	   1.494	   1.435	   1.435	        4106200	      1.465	      1.456	      1.479	      1.439	           	      0.000	  41062.000	  10903.932	   9032.766	     -0.001	      0.003	     -0.007	
 2016/05/09	   1.429	   1.429	   1.374	   1.379	        1494434	      1.453	      1.449	      1.474	      1.439	           	      0.000	  14944.340	  13732.800	   9782.700	     -0.008	      0.000	     -0.017	
 2016/05/10	   1.381	   1.389	   1.373	   1.379	         432100	      1.432	      1.443	      1.467	      1.439	           	      0.000	   4321.000	  13021.400	   7943.000	     -0.013	     -0.002	     -0.022	
 2016/05/11	   1.387	   1.396	   1.377	   1.386	         738200	      1.414	      1.436	      1.461	      1.439	           	      0.000	   7382.000	  14212.868	   8550.300	     -0.016	     -0.005	     -0.023	
 2016/05/12	   1.383	   1.383	   1.340	   1.374	         738600	      1.391	      1.428	      1.454	      1.438	           	      0.000	   7386.000	  15019.068	   9097.900	     -0.020	     -0.008	     -0.024	
 2016/05/13	   1.389	   1.389	   1.370	   1.370	         313000	      1.378	      1.421	      1.445	      1.437	           	      0.000	   3130.000	   7432.668	   9168.300	     -0.023	     -0.011	     -0.023	
 2016/05/16	   1.364	   1.391	   1.364	   1.391	         670700	      1.380	      1.416	      1.438	      1.436	           	      0.000	   6707.000	   5785.200	   9759.000	     -0.023	     -0.013	     -0.019	
 2016/05/17	   1.390	   1.402	   1.382	   1.385	         161700	      1.381	      1.407	      1.432	      1.435	           	      0.000	   1617.000	   5244.400	   9132.900	     -0.023	     -0.015	     -0.016	
 2016/05/18	   1.375	   1.375	   1.337	   1.345	         273200	      1.373	      1.393	      1.423	      1.433	           	      0.000	   2732.000	   4314.400	   9263.634	     -0.027	     -0.018	     -0.018	
 2016/05/19	   1.340	   1.374	   1.340	   1.354	         151400	      1.369	      1.380	      1.418	      1.431	           	      0.000	   1514.000	   3140.000	   9079.534	     -0.028	     -0.020	     -0.017	
 2016/05/20	   1.356	   1.367	   1.349	   1.367	         127200	      1.368	      1.373	      1.415	      1.430	           	      0.000	   1272.000	   2768.400	   5100.534	     -0.028	     -0.021	     -0.013	
 2016/05/23	   1.385	   1.388	   1.378	   1.382	         107200	      1.367	      1.373	      1.411	      1.430	           	      0.000	   1072.000	   1641.400	   3713.300	     -0.026	     -0.022	     -0.008	
 2016/05/24	   1.379	   1.380	   1.365	   1.369	         125800	      1.363	      1.372	      1.408	      1.430	           	      0.000	   1258.000	   1569.600	   3407.000	     -0.026	     -0.023	     -0.005	
 2016/05/25	   1.382	   1.385	   1.359	   1.370	         158300	      1.368	      1.371	      1.403	      1.431	           	      0.000	   1583.000	   1339.800	   2827.100	     -0.025	     -0.023	     -0.003	
 2016/05/26	   1.360	   1.368	   1.340	   1.368	         331100	      1.371	      1.370	      1.399	      1.432	           	      0.000	   3311.000	   1699.200	   2419.600	     -0.024	     -0.024	     -0.001	
 2016/05/27	   1.395	   1.395	   1.365	   1.374	         415600	      1.373	      1.370	      1.396	      1.431	           	      0.000	   4156.000	   2276.000	   2522.200	     -0.023	     -0.023	      0.001	
 2016/05/30	   1.375	   1.375	   1.355	   1.368	          54200	      1.370	      1.368	      1.392	      1.431	           	      0.000	    542.000	   2170.000	   1905.700	     -0.022	     -0.023	      0.002	
 2016/05/31	   1.365	   1.420	   1.365	   1.418	         506299	      1.380	      1.372	      1.389	      1.432	           	      0.000	   5062.990	   2930.998	   2250.299	     -0.017	     -0.022	      0.010	
 2016/06/01	   1.419	   1.431	   1.417	   1.426	         456100	      1.391	      1.380	      1.386	      1.432	           	      0.000	   4561.000	   3526.598	   2433.199	     -0.012	     -0.020	      0.015	
 2016/06/02	   1.430	   1.436	   1.422	   1.436	         384300	      1.404	      1.388	      1.384	      1.433	           	      0.000	   3843.000	   3632.998	   2666.099	     -0.008	     -0.018	      0.019	
 2016/06/03	   1.438	   1.445	   1.430	   1.440	         219200	      1.418	      1.395	      1.384	      1.434	           	      0.000	   2192.000	   3240.198	   2758.099	     -0.004	     -0.015	      0.022	
 2016/06/06	   1.442	   1.450	   1.437	   1.437	         185300	      1.431	      1.401	      1.387	      1.436	           	      0.000	   1853.000	   3502.398	   2836.199	     -0.001	     -0.012	      0.022	
 2016/06/07	   1.441	   1.443	   1.436	   1.441	         439500	      1.436	      1.408	      1.390	      1.437	           	      0.000	   4395.000	   3368.800	   3149.899	      0.002	     -0.009	      0.022	
 2016/06/08	   1.436	   1.444	   1.427	   1.438	         121700	      1.438	      1.415	      1.393	      1.438	           	      0.000	   1217.000	   2700.000	   3113.299	      0.004	     -0.007	      0.021	
 2016/06/13	   1.413	   1.428	   1.376	   1.376	         393300	      1.426	      1.415	      1.393	      1.438	           	      0.000	   3933.000	   2718.000	   3175.499	      0.000	     -0.005	      0.011	
 2016/06/14	   1.350	   1.436	   1.350	   1.377	         210400	      1.414	      1.416	      1.393	      1.439	           	      0.000	   2104.000	   2700.400	   2970.299	     -0.003	     -0.005	      0.004	
 2016/06/15	   1.369	   1.425	   1.369	   1.425	         390700	      1.411	      1.421	      1.395	      1.439	           	      0.000	   3907.000	   3111.200	   3306.799	     -0.001	     -0.004	      0.006	
 2016/06/16	   1.422	   1.429	   1.416	   1.418	         250400	      1.407	      1.421	      1.396	      1.439	           	      0.000	   2504.000	   2733.000	   3050.900	     -0.000	     -0.003	      0.006	
 2016/06/17	   1.424	   1.437	   1.421	   1.428	         152200	      1.405	      1.422	      1.401	      1.438	           	      0.000	   1522.000	   2794.000	   2747.000	      0.001	     -0.002	      0.007	
 2016/06/20	   1.424	   1.434	   1.422	   1.434	          67800	      1.416	      1.421	      1.405	      1.438	           	      0.000	    678.000	   2143.000	   2430.500	      0.003	     -0.001	      0.008	
 2016/06/21	   1.434	   1.450	   1.417	   1.417	         270400	      1.424	      1.419	      1.407	      1.437	           	      0.000	   2704.000	   2263.000	   2481.700	      0.003	     -0.001	      0.006	
 2016/06/22	   1.427	   1.440	   1.426	   1.440	          19700	      1.427	      1.419	      1.410	      1.437	           	      0.000	    197.000	   1521.000	   2316.100	      0.004	      0.000	      0.008	
 2016/06/23	   1.435	   1.441	   1.428	   1.435	          40800	      1.431	      1.419	      1.413	      1.436	           	      0.000	    408.000	   1101.800	   1917.400	      0.005	      0.001	      0.008	
 2016/06/24	   1.439	   1.442	   1.399	   1.418	         154400	      1.429	      1.417	      1.416	      1.436	           	      0.000	   1544.000	   1106.200	   1950.100	      0.005	      0.002	      0.005	
 2016/06/27	   1.377	   1.450	   1.377	   1.450	         297700	      1.432	      1.424	      1.420	      1.436	           	      0.000	   2977.000	   1566.000	   1854.500	      0.006	      0.003	      0.007	
 2016/06/28	   1.440	   1.463	   1.440	   1.461	         507496	      1.441	      1.433	      1.424	      1.436	           	      0.000	   5074.960	   2040.192	   2151.596	      0.009	      0.004	      0.009	
 2016/06/29	   1.465	   1.469	   1.462	   1.468	         577900	      1.446	      1.437	      1.429	      1.436	           	      0.000	   5779.000	   3156.592	   2338.796	      0.011	      0.006	      0.011	
 2016/06/30	   1.471	   1.471	   1.459	   1.464	         148100	      1.452	      1.441	      1.431	      1.435	           	      0.000	   1481.000	   3371.192	   2236.496	      0.012	      0.007	      0.011	
 2016/07/01	   1.468	   1.472	   1.463	   1.463	          71600	      1.461	      1.445	      1.433	      1.435	           	      0.000	    716.000	   3205.592	   2155.896	      0.013	      0.008	      0.010	
 2016/07/04	   1.468	   1.499	   1.468	   1.497	         405483	      1.471	      1.451	      1.436	      1.434	           	      0.000	   4054.830	   3421.158	   2493.579	      0.016	      0.010	      0.013	
 2016/07/05	   1.499	   1.519	   1.499	   1.506	          97500	      1.480	      1.460	      1.440	      1.434	           	      0.000	    975.000	   2601.166	   2320.679	      0.019	      0.012	      0.015	
 2016/07/06	   1.501	   1.516	   1.501	   1.516	         179400	      1.489	      1.468	      1.444	      1.435	           	      0.000	   1794.000	   1804.166	   2480.379	      0.022	      0.014	      0.017	
 2016/07/07	   1.515	   1.525	   1.507	   1.518	         845500	      1.500	      1.476	      1.447	      1.435	           	      0.000	   8455.000	   3198.966	   3285.079	      0.025	      0.016	      0.017	
 2016/07/08	   1.517	   1.521	   1.507	   1.510	         203000	      1.509	      1.485	      1.451	      1.435	           	      0.000	   2030.000	   3461.766	   3333.679	      0.025	      0.018	      0.015	
 2016/07/11	   1.511	   1.532	   1.511	   1.514	        1077200	      1.513	      1.492	      1.458	      1.435	           	      0.000	  10772.000	   4805.200	   4113.179	      0.026	      0.020	      0.013	
 2016/07/12	   1.514	   1.538	   1.508	   1.538	         955900	      1.519	      1.499	      1.466	      1.435	           	      0.000	   9559.000	   6522.000	   4561.583	      0.028	      0.021	      0.014	
 2016/07/13	   1.540	   1.548	   1.537	   1.545	          84700	      1.525	      1.507	      1.472	      1.435	           	      0.000	    847.000	   6332.600	   4068.383	      0.030	      0.023	      0.014	
 2016/07/14	   1.542	   1.545	   1.538	   1.545	          44700	      1.530	      1.515	      1.478	      1.435	           	      0.000	    447.000	   4731.000	   3964.983	      0.031	      0.025	      0.013	
 2016/07/15	   1.550	   1.550	   1.538	   1.546	          52600	      1.538	      1.523	      1.484	      1.436	           	      0.000	    526.000	   4430.200	   3945.983	      0.032	      0.026	      0.012	
 2016/07/18	   1.542	   1.547	   1.520	   1.534	         162500	      1.542	      1.527	      1.489	      1.437	           	      0.000	   1625.000	   2600.800	   3703.000	      0.031	      0.027	      0.008	
 2016/07/19	   1.534	   1.538	   1.526	   1.538	          98300	      1.542	      1.530	      1.495	      1.439	           	      0.000	    983.000	    885.600	   3703.800	      0.030	      0.028	      0.005	
 2016/07/20	   1.538	   1.542	   1.531	   1.539	          43900	      1.540	      1.533	      1.500	      1.441	           	      0.000	    439.000	    804.000	   3568.300	      0.030	      0.028	      0.003	
 2016/07/21	   1.541	   1.553	   1.538	   1.547	          71000	      1.541	      1.536	      1.506	      1.442	           	      0.000	    710.000	    856.600	   2793.800	      0.029	      0.028	      0.002	
 2016/07/22	   1.542	   1.543	   1.533	   1.533	          28400	      1.538	      1.538	      1.512	      1.444	           	      0.000	    284.000	    808.200	   2619.200	      0.028	      0.028	     -0.001	
 2016/07/25	   1.534	   1.541	   1.532	   1.535	          87900	      1.538	      1.540	      1.516	      1.445	           	      0.000	    879.000	    659.000	   1629.900	      0.026	      0.028	     -0.003	
 2016/07/26	   1.535	   1.559	   1.535	   1.557	         118000	      1.542	      1.542	      1.521	      1.447	           	      0.000	   1180.000	    698.400	    792.000	      0.026	      0.028	     -0.002	
 2016/07/27	   1.560	   1.564	   1.483	   1.506	         651400	      1.536	      1.538	      1.523	      1.448	           	      0.000	   6514.000	   1913.400	   1358.700	      0.022	      0.027	     -0.008	
 2016/07/28	   1.508	   1.519	   1.495	   1.517	         188300	      1.530	      1.535	      1.525	      1.449	           	      0.000	   1883.000	   2148.000	   1502.300	      0.020	      0.025	     -0.011	
 2016/07/29	   1.515	   1.519	   1.501	   1.505	         205700	      1.524	      1.531	      1.527	      1.449	           	      0.000	   2057.000	   2502.600	   1655.400	      0.016	      0.023	     -0.014	
 2016/08/01	   1.480	   1.496	   1.466	   1.485	         120400	      1.514	      1.526	      1.527	      1.449	           	      0.000	   1204.000	   2567.600	   1613.300	      0.012	      0.021	     -0.018	
 2016/08/02	   1.482	   1.492	   1.479	   1.492	          62200	      1.501	      1.522	      1.526	      1.450	           	      0.000	    622.000	   2456.000	   1577.200	      0.009	      0.019	     -0.019	
 2016/08/03	   1.498	   1.504	   1.495	   1.500	         290000	      1.500	      1.518	      1.525	      1.452	           	      0.000	   2900.000	   1733.200	   1823.300	      0.007	      0.016	     -0.018	
 2016/08/04	   1.501	   1.511	   1.497	   1.508	          81000	      1.498	      1.514	      1.525	      1.454	           	      0.000	    810.000	   1518.600	   1833.300	      0.007	      0.014	     -0.016	
 2016/08/05	   1.514	   1.515	   1.508	   1.509	          43900	      1.499	      1.511	      1.525	      1.456	           	      0.000	    439.000	   1195.000	   1848.800	      0.006	      0.013	     -0.014	
 2016/08/08	   1.500	   1.527	   1.500	   1.527	         270500	      1.507	      1.511	      1.525	      1.459	           	      0.000	   2705.000	   1495.200	   2031.400	      0.007	      0.012	     -0.010	
 2016/08/09	   1.527	   1.540	   1.526	   1.540	         296900	      1.517	      1.509	      1.525	      1.462	           	      0.000	   2969.000	   1964.600	   2210.300	      0.008	      0.011	     -0.005	
 2016/08/10	   1.545	   1.547	   1.535	   1.536	         241900	      1.524	      1.512	      1.525	      1.464	           	      0.000	   2419.000	   1868.400	   1800.800	      0.009	      0.011	     -0.003	
 2016/08/11	   1.532	   1.535	   1.512	   1.512	         263300	      1.525	      1.511	      1.523	      1.466	           	      0.000	   2633.000	   2233.000	   1875.800	      0.008	      0.010	     -0.004	
 2016/08/12	   1.513	   1.530	   1.511	   1.529	         163000	      1.529	      1.514	      1.522	      1.469	           	      0.000	   1630.000	   2471.200	   1833.100	      0.008	      0.010	     -0.003	
 2016/08/15	   1.534	   1.564	   1.529	   1.564	         812300	      1.536	      1.522	      1.524	      1.473	           	      0.000	   8123.000	   3554.800	   2525.000	      0.011	      0.010	      0.002	
 2016/08/16	   1.565	   1.572	   1.565	   1.568	         363500	      1.542	      1.529	      1.525	      1.476	           	      0.000	   3635.000	   3688.000	   2826.300	      0.013	      0.011	      0.006	
 2016/08/17	   1.585	   1.585	   1.562	   1.571	         148900	      1.549	      1.536	      1.527	      1.479	           	      0.000	   1489.000	   3502.000	   2685.200	      0.015	      0.012	      0.008	
 2016/08/18	   1.574	   1.576	   1.566	   1.568	          88600	      1.560	      1.542	      1.528	      1.482	           	      0.000	    886.000	   3152.600	   2692.800	      0.017	      0.013	      0.008	
 2016/08/19	   1.567	   1.572	   1.557	   1.572	         214100	      1.569	      1.549	      1.530	      1.486	           	      0.000	   2141.000	   3254.800	   2863.000	      0.018	      0.014	      0.008	
 2016/08/22	   1.571	   1.571	   1.553	   1.553	          65400	      1.566	      1.551	      1.531	      1.489	           	      0.000	    654.000	   1761.000	   2657.900	      0.017	      0.014	      0.005	
 2016/08/23	   1.553	   1.557	   1.543	   1.554	         237500	      1.564	      1.553	      1.531	      1.492	           	      0.000	   2375.000	   1509.000	   2598.500	      0.016	      0.014	      0.003	
 2016/08/24	   1.554	   1.559	   1.551	   1.559	         113700	      1.561	      1.555	      1.533	      1.495	           	      0.000	   1137.000	   1438.600	   2470.300	      0.015	      0.015	      0.001	
 2016/08/25	   1.540	   1.542	   1.527	   1.538	         358800	      1.555	      1.558	      1.535	      1.497	           	      0.000	   3588.000	   1979.000	   2565.800	      0.013	      0.014	     -0.002	
 2016/08/26	   1.546	   1.560	   1.546	   1.548	         337300	      1.550	      1.559	      1.537	      1.499	           	      0.000	   3373.000	   2225.400	   2740.100	      0.012	      0.014	     -0.004	
 2016/08/29	   1.547	   1.553	   1.547	   1.550	         112600	      1.550	      1.558	      1.540	      1.501	           	      0.000	   1126.000	   2319.800	   2040.400	      0.011	      0.013	     -0.004	
 2016/08/30	   1.551	   1.557	   1.548	   1.548	          59600	      1.549	      1.556	      1.543	      1.503	           	      0.000	    596.000	   1964.000	   1736.500	      0.010	      0.013	     -0.005	
 2016/08/31	   1.548	   1.554	   1.543	   1.553	         193900	      1.547	      1.554	      1.545	      1.505	           	      0.000	   1939.000	   2124.400	   1781.500	      0.010	      0.012	     -0.005	
 2016/09/01	   1.556	   1.556	   1.540	   1.540	          44700	      1.548	      1.551	      1.547	      1.506	           	      0.000	    447.000	   1496.200	   1737.600	      0.008	      0.012	     -0.006	
 2016/09/02	   1.540	   1.543	   1.529	   1.532	         216600	      1.545	      1.548	      1.548	      1.508	           	      0.000	   2166.000	   1254.800	   1740.100	      0.007	      0.011	     -0.008	
 2016/09/05	   1.541	   1.545	   1.540	   1.540	         685100	      1.543	      1.546	      1.549	      1.511	           	      0.000	   6851.000	   2399.800	   2359.800	      0.006	      0.010	     -0.008	
 2016/09/06	   1.534	   1.564	   1.532	   1.562	          41000	      1.545	      1.547	      1.550	      1.514	           	      0.000	    410.000	   2362.600	   2163.300	      0.007	      0.009	     -0.005	
 2016/09/07	   1.562	   1.573	   1.562	   1.567	         812000	      1.548	      1.548	      1.551	      1.516	           	      0.000	   8120.000	   3598.800	   2861.600	      0.008	      0.009	     -0.002	
 2016/09/08	   1.563	   1.569	   1.563	   1.564	         149600	      1.553	      1.550	      1.554	      1.519	           	      0.000	   1496.000	   3808.600	   2652.400	      0.008	      0.009	     -0.001	
 2016/09/09	   1.572	   1.574	   1.564	   1.564	         733700	      1.559	      1.552	      1.556	      1.521	           	      0.000	   7337.000	   4842.800	   3048.800	      0.009	      0.009	     -0.000	
 2016/09/12	   1.530	   1.540	   1.515	   1.517	        1349100	      1.555	      1.549	      1.553	      1.522	           	      0.000	  13491.000	   6170.800	   4285.300	      0.005	      0.008	     -0.006	
 2016/09/13	   1.526	   1.527	   1.518	   1.524	         233800	      1.547	      1.546	      1.551	      1.524	           	      0.000	   2338.000	   6556.400	   4459.500	      0.003	      0.007	     -0.008	
 2016/09/14	   1.516	   1.524	   1.513	   1.514	        1214900	      1.537	      1.542	      1.548	      1.525	           	      0.000	  12149.000	   7362.200	   5480.500	     -0.000	      0.005	     -0.011	
 2016/09/19	   1.523	   1.532	   1.523	   1.532	         345100	      1.530	      1.542	      1.547	      1.527	           	      0.000	   3451.000	   7753.200	   5780.900	     -0.001	      0.004	     -0.010	
 2016/09/20	   1.531	   1.532	   1.528	   1.531	        1522800	      1.524	      1.541	      1.544	      1.529	           	      0.000	  15228.000	   9331.400	   7087.100	     -0.001	      0.003	     -0.009	
 2016/09/21	   1.531	   1.573	   1.531	   1.532	          38700	      1.527	      1.541	      1.543	      1.530	           	      0.000	    387.000	   6710.600	   6440.700	     -0.002	      0.002	     -0.008	
 2016/09/22	   1.542	   1.544	   1.540	   1.540	         115300	      1.530	      1.538	      1.543	      1.531	           	      0.000	   1153.000	   6473.600	   6515.000	     -0.001	      0.001	     -0.005	
 2016/09/23	   1.541	   1.541	   1.536	   1.536	         682000	      1.534	      1.535	      1.542	      1.533	           	      0.000	   6820.000	   5407.800	   6385.000	     -0.001	      0.001	     -0.004	
 2016/09/26	   1.538	   1.538	   1.502	   1.502	        1047200	      1.528	      1.529	      1.540	      1.533	           	      0.000	  10472.000	   6812.000	   7282.600	     -0.004	     -0.000	     -0.008	
 2016/09/27	   1.505	   1.512	   1.493	   1.512	         114200	      1.524	      1.524	      1.538	      1.534	           	      0.000	   1142.000	   3994.800	   6663.100	     -0.005	     -0.001	     -0.008	
 2016/09/28	   1.511	   1.514	   1.508	   1.508	        1323000	      1.520	      1.523	      1.536	      1.534	           	      0.000	  13230.000	   6563.400	   6637.000	     -0.006	     -0.002	     -0.009	
 2016/09/29	   1.515	   1.518	   1.514	   1.514	         152200	      1.514	      1.522	      1.534	      1.534	           	      0.000	   1522.000	   6637.200	   6555.400	     -0.007	     -0.003	     -0.008	
 2016/09/30	   1.511	   1.520	   1.511	   1.519	          52800	      1.511	      1.523	      1.533	      1.534	           	      0.000	    528.000	   5378.800	   5393.300	     -0.007	     -0.004	     -0.006	
 2016/10/10	   1.521	   1.545	   1.466	   1.543	         227000	      1.519	      1.524	      1.533	      1.535	           	      0.000	   2270.000	   3738.400	   5275.200	     -0.005	     -0.004	     -0.001	
 2016/10/11	   1.552	   1.558	   1.550	   1.558	        3762000	      1.528	      1.526	      1.534	      1.536	           	      0.000	  37620.000	  11034.000	   7514.400	     -0.002	     -0.004	      0.004	
 2016/10/12	   1.558	   1.559	   1.553	   1.559	        1733200	      1.539	      1.529	      1.535	      1.536	           	      0.000	  17332.000	  11854.400	   9208.900	      0.001	     -0.003	      0.007	
 2016/10/13	   1.561	   1.561	   1.560	   1.560	          92400	      1.548	      1.531	      1.535	      1.537	           	      0.000	    924.000	  11734.800	   9186.000	      0.003	     -0.002	      0.008	
 2016/10/14	   1.558	   1.558	   1.548	   1.558	           7900	      1.556	      1.533	      1.534	      1.537	           	      0.000	     79.000	  11645.000	   8511.900	      0.004	     -0.001	      0.009	
 2016/10/17	   1.559	   1.560	   1.545	   1.545	          25300	      1.556	      1.538	      1.533	      1.537	           	      0.000	    253.000	  11241.600	   7490.000	      0.004	      0.000	      0.007	
 2016/10/18	   1.549	   1.567	   1.549	   1.565	         120700	      1.557	      1.543	      1.533	      1.537	           	      0.000	   1207.000	   3959.000	   7496.500	      0.005	      0.001	      0.008	
 2016/10/19	   1.573	   1.573	   1.565	   1.566	         278400	      1.559	      1.549	      1.536	      1.538	           	      0.000	   2784.000	   1049.400	   6451.900	      0.007	      0.002	      0.008	
 2016/10/20	   1.560	   1.568	   1.560	   1.568	          46300	      1.560	      1.554	      1.538	      1.538	           	      0.000	    463.000	    957.200	   6346.000	      0.008	      0.003	      0.008	
 2016/10/21	   1.566	   1.566	   1.547	   1.558	          90900	      1.560	      1.558	      1.540	      1.539	           	      0.000	    909.000	   1123.200	   6384.100	      0.007	      0.004	      0.007	
 2016/10/24	   1.560	   1.578	   1.559	   1.575	        2573000	      1.566	      1.561	      1.542	      1.539	           	      0.000	  25730.000	   6218.600	   8730.100	      0.009	      0.005	      0.007	
 2016/10/25	   1.579	   1.581	   1.575	   1.581	          53400	      1.570	      1.563	      1.545	      1.540	           	      0.000	    534.000	   6084.000	   5021.500	      0.010	      0.006	      0.008	
 2016/10/26	   1.580	   1.580	   1.570	   1.573	         531300	      1.571	      1.565	      1.547	      1.540	           	      0.000	   5313.000	   6589.800	   3819.600	      0.010	      0.007	      0.007	
 2016/10/27	   1.569	   1.573	   1.569	   1.571	          45700	      1.572	      1.566	      1.549	      1.541	           	      0.000	    457.000	   6588.600	   3772.900	      0.010	      0.008	      0.005	
 2016/10/28	   1.571	   1.571	   1.561	   1.561	          99000	      1.572	      1.566	      1.550	      1.542	           	      0.000	    990.000	   6604.800	   3864.000	      0.009	      0.008	      0.003	
 2016/10/31	   1.554	   1.561	   1.550	   1.557	        2071600	      1.569	      1.567	      1.553	      1.542	           	      0.000	  20716.000	   5602.000	   5910.300	      0.008	      0.008	      0.000	
 2016/11/01	   1.563	   1.571	   1.563	   1.568	          79800	      1.566	      1.568	      1.555	      1.543	           	      0.000	    798.000	   5654.800	   5869.400	      0.008	      0.008	      0.000	
 2016/11/02	   1.568	   1.568	   1.557	   1.558	          67300	      1.563	      1.567	      1.558	      1.545	           	      0.000	    673.000	   4726.800	   5658.300	      0.007	      0.008	     -0.002	
 2016/11/03	   1.559	   1.572	   1.559	   1.572	          30200	      1.563	      1.567	      1.561	      1.546	           	      0.000	    302.000	   4695.800	   5642.200	      0.007	      0.008	     -0.001	
 2016/11/04	   1.570	   1.570	   1.564	   1.565	          11100	      1.564	      1.568	      1.563	      1.547	           	      0.000	    111.000	   4520.000	   5562.400	      0.007	      0.008	     -0.001	
 2016/11/07	   1.561	   1.566	   1.560	   1.564	          19400	      1.565	      1.567	      1.564	      1.548	           	      0.000	    194.000	    415.600	   3008.800	      0.006	      0.007	     -0.002	
 2016/11/08	   1.567	   1.576	   1.566	   1.572	          78700	      1.566	      1.566	      1.565	      1.549	           	      0.000	    787.000	    413.400	   3034.100	      0.006	      0.007	     -0.001	
 2016/11/09	   1.570	   1.570	   1.556	   1.560	         391100	      1.567	      1.565	      1.565	      1.549	           	      0.000	   3911.000	   1061.000	   2893.900	      0.006	      0.007	     -0.002	
 2016/11/10	   1.574	   1.581	   1.574	   1.579	         170400	      1.568	      1.566	      1.566	      1.550	           	      0.000	   1704.000	   1341.400	   3018.600	      0.006	      0.007	     -0.001	
 2016/11/11	   1.582	   1.594	   1.581	   1.592	        2223700	      1.573	      1.569	      1.567	      1.551	           	      0.000	  22237.000	   5766.600	   5143.300	      0.008	      0.007	      0.002	
 2016/11/14	   1.595	   1.604	   1.590	   1.603	         226000	      1.581	      1.573	      1.570	      1.553	           	      0.000	   2260.000	   6179.800	   3297.700	      0.010	      0.008	      0.005	
 2016/11/15	   1.605	   1.606	   1.601	   1.605	         138300	      1.588	      1.577	      1.572	      1.554	           	      0.000	   1383.000	   6299.000	   3356.200	      0.012	      0.008	      0.006	
 2016/11/16	   1.607	   1.609	   1.603	   1.609	          75300	      1.598	      1.582	      1.575	      1.555	           	      0.000	    753.000	   5667.400	   3364.200	      0.013	      0.009	      0.007	
 2016/11/17	   1.606	   1.609	   1.601	   1.607	          73400	      1.603	      1.586	      1.576	      1.555	           	      0.000	    734.000	   5473.400	   3407.400	      0.014	      0.010	      0.007	
 2016/11/18	   1.603	   1.608	   1.599	   1.599	         102100	      1.605	      1.589	      1.579	      1.556	           	      0.000	   1021.000	   1230.200	   3498.400	      0.014	      0.011	      0.006	
 2016/11/21	   1.607	   1.607	   1.601	   1.601	          83900	      1.604	      1.593	      1.580	      1.556	           	      0.000	    839.000	    946.000	   3562.900	      0.014	      0.011	      0.004	
 2016/11/22	   1.610	   1.618	   1.607	   1.618	         762500	      1.607	      1.597	      1.582	      1.557	           	      0.000	   7625.000	   2194.400	   4246.700	      0.015	      0.012	      0.005	
 2016/11/23	   1.618	   1.618	   1.610	   1.610	         732500	      1.607	      1.602	      1.584	      1.558	           	      0.000	   7325.000	   3508.800	   4588.100	      0.015	      0.013	      0.004	
 2016/11/24	   1.606	   1.611	   1.603	   1.603	         362800	      1.606	      1.605	      1.585	      1.559	           	      0.000	   3628.000	   4087.600	   4780.500	      0.014	      0.013	      0.002	
 2016/11/25	   1.605	   1.611	   1.585	   1.611	         113100	      1.609	      1.607	      1.588	      1.560	           	      0.000	   1131.000	   4109.600	   2669.900	      0.014	      0.013	      0.002	
 2016/11/28	   1.612	   1.619	   1.612	   1.618	          34500	      1.612	      1.608	      1.591	      1.561	           	      0.000	    345.000	   4010.800	   2478.400	      0.014	      0.013	      0.002	
 2016/11/29	   1.618	   1.619	   1.610	   1.610	          73100	      1.610	      1.609	      1.593	      1.562	           	      0.000	    731.000	   2632.000	   2413.200	      0.014	      0.013	      0.001	
 2016/11/30	   1.602	   1.602	   1.594	   1.594	          71700	      1.607	      1.607	      1.595	      1.563	           	      0.000	    717.000	   1310.400	   2409.600	      0.012	      0.013	     -0.002	
 2016/12/01	   1.606	   1.606	   1.601	   1.606	          30900	      1.608	      1.607	      1.596	      1.564	           	      0.000	    309.000	    646.600	   2367.100	      0.011	      0.013	     -0.003	
 2016/12/02	   1.605	   1.605	   1.580	   1.580	          61200	      1.602	      1.605	      1.597	      1.564	           	      0.000	    612.000	    542.800	   2326.200	      0.009	      0.012	     -0.007	
 2016/12/05	   1.580	   1.580	   1.568	   1.568	          73100	      1.592	      1.602	      1.597	      1.565	           	      0.000	    731.000	    620.000	   2315.400	      0.006	      0.011	     -0.010	
 2016/12/06	   1.576	   1.578	   1.573	   1.574	          48900	      1.584	      1.597	      1.597	      1.565	           	      0.000	    489.000	    571.600	   1601.800	      0.003	      0.009	     -0.012	
 2016/12/07	   1.573	   1.588	   1.573	   1.588	        1443200	      1.583	      1.595	      1.599	      1.566	           	      0.000	  14432.000	   3314.600	   2312.500	      0.003	      0.008	     -0.010	
 2016/12/08	   1.589	   1.593	   1.580	   1.580	        2036600	      1.578	      1.593	      1.599	      1.566	           	      0.000	  20366.000	   7326.000	   3986.300	      0.002	      0.007	     -0.010	
 2016/12/09	   1.581	   1.583	   1.576	   1.583	          42100	      1.579	      1.590	      1.598	      1.567	           	      0.000	    421.000	   7287.800	   3915.300	      0.001	      0.006	     -0.009	
 2016/12/12	   1.580	   1.580	   1.517	   1.517	         198000	      1.568	      1.580	      1.594	      1.566	           	      0.000	   1980.000	   7537.600	   4078.800	     -0.005	      0.004	     -0.016	
 2016/12/13	   1.517	   1.526	   1.510	   1.526	          53300	      1.559	      1.572	      1.590	      1.565	           	      0.000	    533.000	   7546.400	   4059.000	     -0.008	      0.001	     -0.019	
 2016/12/14	   1.524	   1.528	   1.520	   1.523	           7300	      1.546	      1.564	      1.586	      1.565	           	      0.000	     73.000	   4674.600	   3994.600	     -0.011	     -0.001	     -0.020	
 2016/12/15	   1.520	   1.534	   1.520	   1.528	         582700	      1.535	      1.557	      1.582	      1.565	           	      0.000	   5827.000	   1766.800	   4546.400	     -0.013	     -0.004	     -0.019	
 2016/12/16	   1.528	   1.538	   1.525	   1.535	         595700	      1.526	      1.552	      1.579	      1.566	           	      0.000	   5957.000	   2874.000	   5080.900	     -0.014	     -0.006	     -0.017	
 2016/12/19	   1.538	   1.541	   1.536	   1.538	          40900	      1.530	      1.549	      1.576	      1.566	           	      0.000	    409.000	   2559.800	   5048.700	     -0.014	     -0.007	     -0.014	
 2016/12/20	   1.541	   1.541	   1.531	   1.536	          21600	      1.532	      1.545	      1.571	      1.566	           	      0.000	    216.000	   2496.400	   5021.400	     -0.014	     -0.009	     -0.011	
 2016/12/21	   1.544	   1.551	   1.544	   1.551	          92400	      1.538	      1.542	      1.568	      1.566	           	      0.000	    924.000	   2666.600	   3670.600	     -0.013	     -0.010	     -0.007	
 2016/12/22	   1.549	   1.554	   1.549	   1.552	          23900	      1.542	      1.539	      1.566	      1.567	           	      0.000	    239.000	   1549.000	   1657.900	     -0.012	     -0.010	     -0.004	
 2016/12/23	   1.552	   1.552	   1.538	   1.539	        1217100	      1.543	      1.535	      1.562	      1.567	           	      0.000	  12171.000	   2791.800	   2832.900	     -0.012	     -0.011	     -0.003	
 2016/12/26	   1.527	   1.538	   1.522	   1.538	        1216400	      1.543	      1.537	      1.558	      1.567	           	      0.000	  12164.000	   5142.800	   3851.300	     -0.012	     -0.011	     -0.002	
 2016/12/27	   1.541	   1.547	   1.541	   1.542	          58100	      1.544	      1.538	      1.555	      1.568	           	      0.000	    581.000	   5215.800	   3856.100	     -0.011	     -0.011	     -0.001	
 2016/12/28	   1.541	   1.541	   1.537	   1.537	           1600	      1.542	      1.540	      1.552	      1.568	           	      0.000	     16.000	   5034.200	   3850.400	     -0.011	     -0.011	     -0.000	
 2016/12/29	   1.536	   1.536	   1.536	   1.536	           6000	      1.538	      1.540	      1.549	      1.569	           	      0.000	     60.000	   4998.400	   3273.700	     -0.011	     -0.011	     -0.000	
 2016/12/30	   1.536	   1.536	   1.536	   1.536	          20000	      1.538	      1.541	      1.546	      1.569	           	      0.000	    200.000	   2604.200	   2698.000	     -0.011	     -0.011	      0.000	
 2017/01/03	   1.545	   1.552	   1.545	   1.551	          27500	      1.540	      1.542	      1.546	      1.569	           	      0.000	    275.000	    226.400	   2684.600	     -0.009	     -0.011	      0.003	
 2017/01/04	   1.553	   1.569	   1.553	   1.569	          80100	      1.546	      1.545	      1.545	      1.569	           	      0.000	    801.000	    270.400	   2743.100	     -0.007	     -0.010	      0.007	
 2017/01/05	   1.571	   1.574	   1.571	   1.574	        2332100	      1.553	      1.547	      1.545	      1.569	           	      0.000	  23321.000	   4931.400	   4982.800	     -0.004	     -0.009	      0.009	
 2017/01/06	   1.574	   1.574	   1.569	   1.569	        2003600	      1.560	      1.549	      1.544	      1.570	           	      0.000	  20036.000	   8926.600	   6962.500	     -0.002	     -0.007	      0.010	
 2017/01/09	   1.568	   1.579	   1.568	   1.579	        1134400	      1.568	      1.553	      1.544	      1.570	           	      0.000	  11344.000	  11155.400	   6879.800	     -0.000	     -0.006	      0.012	
 2017/01/10	   1.577	   1.581	   1.574	   1.575	         896500	      1.573	      1.557	      1.547	      1.570	           	      0.000	   8965.000	  12893.400	   6559.900	      0.001	     -0.004	      0.011	
 2017/01/11	   1.573	   1.573	   1.559	   1.562	          51000	      1.572	      1.559	      1.549	      1.570	           	      0.000	    510.000	  12835.200	   6552.800	      0.001	     -0.003	      0.009	
 2017/01/12	   1.558	   1.561	   1.545	   1.550	          46700	      1.567	      1.560	      1.550	      1.570	           	      0.000	    467.000	   8264.400	   6597.900	      0.000	     -0.003	      0.006	
 2017/01/13	   1.545	   1.545	   1.525	   1.531	         192300	      1.559	      1.560	      1.550	      1.569	           	      0.000	   1923.000	   4641.800	   6784.200	     -0.002	     -0.002	      0.001	
 2017/01/16	   1.523	   1.525	   1.469	   1.505	         311000	      1.545	      1.556	      1.549	      1.569	           	      0.000	   3110.000	   2995.000	   7075.200	     -0.006	     -0.003	     -0.005	
 2017/01/17	   1.502	   1.509	   1.487	   1.509	         126200	      1.531	      1.552	      1.547	      1.567	           	      0.000	   1262.000	   1454.400	   7173.900	     -0.008	     -0.004	     -0.008	
 2017/01/18	   1.510	   1.519	   1.510	   1.514	         119200	      1.522	      1.547	      1.546	      1.566	           	      0.000	   1192.000	   1590.800	   7213.000	     -0.010	     -0.005	     -0.009	
 2017/01/19	   1.511	   1.514	   1.509	   1.510	          49200	      1.514	      1.540	      1.544	      1.565	           	      0.000	    492.000	   1595.800	   4930.100	     -0.011	     -0.007	     -0.010	
 2017/01/20	   1.520	   1.525	   1.520	   1.525	          28600	      1.513	      1.536	      1.543	      1.565	           	      0.000	    286.000	   1268.400	   2955.100	     -0.011	     -0.007	     -0.007	
 2017/01/23	   1.535	   1.538	   1.531	   1.531	          46200	      1.518	      1.531	      1.542	      1.564	           	      0.000	    462.000	    738.800	   1866.900	     -0.010	     -0.008	     -0.005	
 2017/01/24	   1.533	   1.535	   1.531	   1.535	          18200	      1.523	      1.527	      1.542	      1.564	           	      0.000	    182.000	    522.800	    988.600	     -0.009	     -0.008	     -0.002	
 2017/01/25	   1.532	   1.535	   1.532	   1.533	          58500	      1.527	      1.524	      1.542	      1.563	           	      0.000	    585.000	    401.400	    996.100	     -0.009	     -0.008	     -0.000	
 2017/01/26	   1.538	   1.544	   1.538	   1.544	          23900	      1.534	      1.524	      1.542	      1.563	           	      0.000	    239.000	    350.800	    973.300	     -0.007	     -0.008	      0.002	
 2017/02/03	   1.541	   1.545	   1.536	   1.545	          17900	      1.538	      1.525	      1.542	      1.562	           	      0.000	    179.000	    329.400	    798.900	     -0.006	     -0.008	      0.004	
 2017/02/06	   1.541	   1.553	   1.541	   1.553	          86800	      1.542	      1.530	      1.543	      1.562	           	      0.000	    868.000	    410.600	    574.700	     -0.004	     -0.007	      0.006	
 2017/02/07	   1.553	   1.555	   1.546	   1.555	        2035000	      1.546	      1.535	      1.543	      1.562	           	      0.000	  20350.000	   4444.200	   2483.500	     -0.002	     -0.006	      0.007	
 2017/02/08	   1.545	   1.561	   1.545	   1.559	        2033800	      1.551	      1.539	      1.543	      1.562	           	      0.000	  20338.000	   8394.800	   4398.100	     -0.001	     -0.005	      0.008	
 2017/02/09	   1.560	   1.571	   1.560	   1.567	        2016400	      1.556	      1.545	      1.543	      1.562	           	      0.000	  20164.000	  12379.800	   6365.300	      0.001	     -0.004	      0.010	
 2017/02/10	   1.569	   1.577	   1.569	   1.572	         120700	      1.561	      1.549	      1.543	      1.562	           	      0.000	   1207.000	  12585.400	   6457.400	      0.003	     -0.002	      0.011	
 2017/02/13	   1.576	   1.581	   1.576	   1.579	        1478000	      1.566	      1.554	      1.543	      1.562	           	      0.000	  14780.000	  15367.800	   7889.200	      0.005	     -0.001	      0.012	
 2017/02/14	   1.580	   1.580	   1.577	   1.579	        1477800	      1.571	      1.559	      1.543	      1.561	           	      0.000	  14778.000	  14253.400	   9348.800	      0.007	      0.001	      0.012	
 2017/02/15	   1.582	   1.597	   1.569	   1.569	          92100	      1.573	      1.562	      1.543	      1.561	           	      0.000	    921.000	  10370.000	   9382.400	      0.007	      0.002	      0.010	
 2017/02/16	   1.569	   1.580	   1.569	   1.578	          53000	      1.575	      1.566	      1.545	      1.560	           	      0.000	    530.000	   6443.200	   9411.500	      0.008	      0.003	      0.009	
 2017/02/17	   1.583	   1.583	   1.569	   1.570	          86900	      1.575	      1.568	      1.547	      1.559	           	      0.000	    869.000	   6375.600	   9480.500	      0.008	      0.004	      0.007	
 2017/02/20	   1.572	   1.590	   1.572	   1.589	         762100	      1.577	      1.572	      1.551	      1.559	           	      0.000	   7621.000	   4943.800	  10155.800	      0.009	      0.005	      0.008	
 2017/02/21	   1.589	   1.599	   1.589	   1.599	         841100	      1.581	      1.576	      1.555	      1.559	           	      0.000	   8411.000	   3670.400	   8961.900	      0.011	      0.006	      0.009	
 2017/02/22	   1.600	   1.606	   1.600	   1.606	         253300	      1.588	      1.581	      1.560	      1.559	           	      0.000	   2533.000	   3992.800	   7181.400	      0.013	      0.008	      0.010	
 2017/02/23	   1.608	   1.610	   1.601	   1.604	         128100	      1.594	      1.584	      1.565	      1.559	           	      0.000	   1281.000	   4143.000	   5293.100	      0.014	      0.009	      0.010	
 2017/02/24	   1.605	   1.608	   1.603	   1.608	          44500	      1.601	      1.588	      1.569	      1.559	           	      0.000	    445.000	   4058.200	   5216.900	      0.015	      0.010	      0.010	
 2017/02/27	   1.606	   1.609	   1.601	   1.602	          24400	      1.604	      1.590	      1.572	      1.559	           	      0.000	    244.000	   2582.800	   3763.300	      0.015	      0.011	      0.008	
 2017/02/28	   1.598	   1.602	   1.597	   1.599	         733600	      1.604	      1.592	      1.576	      1.559	           	      0.000	   7336.000	   2367.800	   3019.100	      0.015	      0.012	      0.006	
 2017/03/01	   1.609	   1.609	   1.605	   1.605	         718700	      1.604	      1.596	      1.579	      1.559	           	      0.000	   7187.000	   3298.600	   3645.700	      0.015	      0.012	      0.005	
 2017/03/02	   1.610	   1.610	   1.599	   1.599	          52600	      1.603	      1.598	      1.582	      1.559	           	      0.000	    526.000	   3147.600	   3645.300	      0.014	      0.013	      0.003	
 2017/03/03	   1.591	   1.601	   1.591	   1.599	         112500	      1.601	      1.601	      1.585	      1.558	           	      0.000	   1125.000	   3283.600	   3670.900	      0.014	      0.013	      0.001	
 2017/03/06	   1.611	   1.615	   1.610	   1.615	         113700	      1.603	      1.604	      1.588	      1.559	           	      0.000	   1137.000	   3462.200	   3022.500	      0.014	      0.013	      0.002	
 2017/03/07	   1.617	   1.617	   1.610	   1.615	          66000	      1.607	      1.605	      1.591	      1.560	           	      0.000	    660.000	   2127.000	   2247.400	      0.015	      0.014	      0.002	
 2017/03/08	   1.616	   1.616	   1.612	   1.613	         726000	      1.608	      1.606	      1.593	      1.561	           	      0.000	   7260.000	   2141.600	   2720.100	      0.015	      0.014	      0.002	
 2017/03/09	   1.601	   1.601	   1.596	   1.598	        2080900	      1.608	      1.605	      1.595	      1.561	           	      0.000	  20809.000	   6198.200	   4672.900	      0.013	      0.014	     -0.001	
 2017/03/10	   1.602	   1.603	   1.597	   1.601	        3877900	      1.608	      1.605	      1.596	      1.561	           	      0.000	  38779.000	  13729.000	   8506.300	      0.012	      0.013	     -0.002	
 2017/03/13	   1.598	   1.611	   1.592	   1.611	        1219900	      1.608	      1.605	      1.598	      1.561	           	      0.000	  12199.000	  15941.400	   9701.800	      0.012	      0.013	     -0.002	
 2017/03/14	   1.618	   1.620	   1.614	   1.614	         652600	      1.607	      1.607	      1.600	      1.563	           	      0.000	   6526.000	  17114.600	   9620.800	      0.012	      0.013	     -0.002	
 2017/03/15	   1.609	   1.611	   1.605	   1.610	         642600	      1.607	      1.607	      1.602	      1.564	           	      0.000	   6426.000	  16947.801	   9544.700	      0.012	      0.013	     -0.002	
 2017/03/16	   1.616	   1.622	   1.615	   1.622	         633800	      1.612	      1.610	      1.604	      1.566	           	      0.000	   6338.000	  14053.600	  10125.900	      0.012	      0.013	     -0.001	
 2017/03/17	   1.626	   1.626	   1.610	   1.610	          89300	      1.613	      1.611	      1.606	      1.568	           	      0.000	    893.000	   6476.400	  10102.700	      0.011	      0.012	     -0.002	
 2017/03/20	   1.609	   1.612	   1.606	   1.609	          31700	      1.613	      1.610	      1.607	      1.569	           	      0.000	    317.000	   4100.000	  10020.700	      0.011	      0.012	     -0.003	
 2017/03/21	   1.616	   1.620	   1.616	   1.617	          77921	      1.614	      1.610	      1.608	      1.570	           	      0.000	    779.210	   2950.642	  10032.621	      0.010	      0.012	     -0.002	
 2017/03/22	   1.612	   1.615	   1.610	   1.610	          37400	      1.614	      1.610	      1.608	      1.571	           	      0.000	    374.000	   1740.242	   9344.021	      0.010	      0.011	     -0.003	
 2017/03/23	   1.627	   1.627	   1.608	   1.620	         215500	      1.613	      1.612	      1.609	      1.572	           	      0.000	   2155.000	    903.642	   7478.621	      0.010	      0.011	     -0.002	
 2017/03/24	   1.621	   1.633	   1.620	   1.632	          83900	      1.618	      1.615	      1.610	      1.574	           	      0.000	    839.000	    892.842	   3684.621	      0.011	      0.011	     -0.000	
 2017/03/27	   1.638	   1.638	   1.630	   1.630	          96500	      1.622	      1.617	      1.611	      1.575	           	      0.000	    965.000	   1022.442	   2561.221	      0.011	      0.011	      0.000	
 2017/03/28	   1.630	   1.630	   1.623	   1.623	          22300	      1.623	      1.618	      1.613	      1.577	           	      0.000	    223.000	    911.200	   1930.921	      0.011	      0.011	     -0.000	
 2017/03/29	   1.624	   1.632	   1.615	   1.630	          53900	      1.627	      1.620	      1.614	      1.578	           	      0.000	    539.000	    944.200	   1342.221	      0.011	      0.011	      0.000	
 2017/03/30	   1.626	   1.626	   1.600	   1.600	         131400	      1.623	      1.618	      1.614	      1.579	           	      0.000	   1314.000	    776.000	    839.821	      0.009	      0.010	     -0.004	
 2017/03/31	   1.600	   1.605	   1.596	   1.604	          42700	      1.617	      1.617	      1.614	      1.580	           	      0.000	    427.000	    693.600	    793.221	      0.007	      0.010	     -0.006	
 2017/04/05	   1.606	   1.640	   1.606	   1.640	        4058100	      1.619	      1.621	      1.615	      1.582	           	      0.000	  40581.000	   8616.800	   4819.621	      0.008	      0.010	     -0.002	
 2017/04/06	   1.647	   1.648	   1.638	   1.641	        2039100	      1.623	      1.623	      1.617	      1.584	           	      0.000	  20391.000	  12650.400	   6780.800	      0.010	      0.010	      0.000	
 2017/04/07	   1.643	   1.656	   1.643	   1.651	        2142935	      1.627	      1.627	      1.619	      1.585	           	      0.000	  21429.350	  16828.471	   8886.335	      0.011	      0.010	      0.003	
 2017/04/10	   1.654	   1.657	   1.650	   1.655	        3623700	      1.638	      1.631	      1.622	      1.586	           	      0.000	  36237.000	  23813.070	  12294.535	      0.013	      0.010	      0.004	
 2017/04/11	   1.652	   1.668	   1.649	   1.668	        4477800	      1.651	      1.634	      1.625	      1.588	           	      0.000	  44778.000	  32683.270	  16688.436	      0.015	      0.011	      0.007	
 2017/04/12	   1.664	   1.666	   1.657	   1.657	         461100	      1.654	      1.637	      1.627	      1.589	           	      0.000	   4611.000	  25489.270	  17053.035	      0.015	      0.012	      0.006	
 2017/04/13	   1.657	   1.666	   1.656	   1.661	        2295500	      1.658	      1.641	      1.630	      1.591	           	      0.000	  22955.000	  26002.070	  19326.234	      0.016	      0.013	      0.006	
 2017/04/14	   1.665	   1.665	   1.641	   1.645	        4148600	      1.657	      1.642	      1.631	      1.592	           	      0.000	  41486.000	  30013.400	  23420.936	      0.015	      0.013	      0.003	
 2017/04/17	   1.639	   1.639	   1.622	   1.624	        2122900	      1.651	      1.645	      1.631	      1.593	           	      0.000	  21229.000	  27011.801	  25412.436	      0.012	      0.013	     -0.002	
 2017/04/18	   1.627	   1.634	   1.619	   1.619	          29600	      1.641	      1.646	      1.632	      1.595	           	      0.000	    296.000	  18115.400	  25399.336	      0.010	      0.012	     -0.006	
 2017/04/19	   1.612	   1.612	   1.589	   1.596	         126700	      1.629	      1.642	      1.631	      1.596	           	      0.000	   1267.000	  17446.600	  21467.936	      0.006	      0.011	     -0.011	
 2017/04/20	   1.598	   1.603	   1.589	   1.597	        2078600	      1.616	      1.637	      1.630	      1.598	           	      0.000	  20786.000	  17012.801	  21507.436	      0.002	      0.009	     -0.014	
 2017/04/21	   1.598	   1.601	   1.587	   1.589	        2142300	      1.605	      1.631	      1.629	      1.599	           	      0.000	  21423.000	  13000.200	  21506.801	     -0.001	      0.007	     -0.016	
 2017/04/24	   1.585	   1.617	   1.549	   1.549	        6354400	      1.590	      1.620	      1.626	      1.600	           	      0.000	  63544.000	  21463.199	  24237.500	     -0.006	      0.005	     -0.022	
 2017/04/25	   1.551	   1.560	   1.547	   1.550	        2045100	      1.576	      1.609	      1.621	      1.600	           	      0.000	  20451.000	  25494.199	  21804.801	     -0.010	      0.002	     -0.024	
 2017/04/26	   1.556	   1.561	   1.555	   1.559	         155300	      1.569	      1.599	      1.618	      1.601	           	      0.000	   1553.000	  25551.400	  21499.000	     -0.013	     -0.001	     -0.023	
 2017/04/27	   1.560	   1.565	   1.533	   1.565	         224000	      1.562	      1.589	      1.615	      1.601	           	      0.000	   2240.000	  21842.199	  19427.500	     -0.014	     -0.004	     -0.021	
 2017/04/28	   1.560	   1.566	   1.560	   1.566	         147300	      1.558	      1.581	      1.612	      1.602	           	      0.000	   1473.000	  17852.199	  15426.200	     -0.015	     -0.006	     -0.018	
 2017/05/02	   1.560	   1.561	   1.560	   1.561	          30700	      1.560	      1.575	      1.610	      1.602	           	      0.000	    307.000	   5204.800	  13334.000	     -0.016	     -0.008	     -0.016	
 2017/05/03	   1.564	   1.580	   1.552	   1.555	        2104100	      1.561	      1.569	      1.607	      1.602	           	      0.000	  21041.000	   5322.800	  15408.500	     -0.017	     -0.010	     -0.014	
 2017/05/04	   1.549	   1.560	   1.547	   1.550	          42100	      1.559	      1.564	      1.603	      1.602	           	      0.000	    421.000	   5096.400	  15323.900	     -0.018	     -0.011	     -0.013	
 2017/05/05	   1.543	   1.543	   1.526	   1.526	          90200	      1.552	      1.557	      1.597	      1.602	           	      0.000	    902.000	   4828.800	  13335.500	     -0.020	     -0.013	     -0.014	
 2017/05/08	   1.521	   1.521	   1.496	   1.496	        2264800	      1.538	      1.548	      1.589	      1.600	           	      0.000	  22648.000	   9063.800	  13458.000	     -0.024	     -0.015	     -0.018	
 2017/05/09	   1.498	   1.504	   1.484	   1.494	        2227300	      1.524	      1.542	      1.581	      1.599	           	      0.000	  22273.000	  13457.000	   9330.900	     -0.028	     -0.018	     -0.019	
 2017/05/10	   1.496	   1.511	   1.474	   1.479	          46100	      1.509	      1.535	      1.572	      1.598	           	      0.000	    461.000	   9341.000	   7331.900	     -0.031	     -0.020	     -0.021	
 2017/05/11	   1.479	   1.479	   1.439	   1.473	         193100	      1.494	      1.526	      1.563	      1.596	           	      0.000	   1931.000	   9643.000	   7369.700	     -0.034	     -0.023	     -0.021	
 2017/05/12	   1.469	   1.476	   1.464	   1.469	          50800	      1.482	      1.517	      1.553	      1.594	           	      0.000	    508.000	   9564.200	   7196.500	     -0.036	     -0.026	     -0.020	
 2017/05/15	   1.472	   1.484	   1.472	   1.481	         391600	      1.479	      1.508	      1.545	      1.593	           	      0.000	   3916.000	   5817.800	   7440.800	     -0.036	     -0.028	     -0.016	
 2017/05/16	   1.479	   1.507	   1.469	   1.507	         389700	      1.482	      1.503	      1.539	      1.591	           	      0.000	   3897.000	   2142.600	   7799.800	     -0.034	     -0.029	     -0.009	
 2017/05/17	   1.509	   1.518	   1.508	   1.516	        2092200	      1.489	      1.499	      1.534	      1.591	           	      0.000	  20922.000	   6234.800	   7787.900	     -0.031	     -0.029	     -0.003	
 2017/05/18	   1.512	   1.512	   1.500	   1.503	          45400	      1.495	      1.494	      1.529	      1.589	           	      0.000	    454.000	   5939.400	   7791.200	     -0.029	     -0.029	      0.000	
 2017/05/19	   1.500	   1.503	   1.498	   1.501	          42200	      1.502	      1.492	      1.524	      1.587	           	      0.000	    422.000	   5922.200	   7743.200	     -0.028	     -0.029	      0.002	
 2017/05/22	   1.501	   1.503	   1.480	   1.480	          47300	      1.501	      1.490	      1.519	      1.585	           	      0.000	    473.000	   5233.600	   5525.700	     -0.028	     -0.029	      0.001	
 2017/05/23	   1.470	   1.480	   1.449	   1.449	        2086100	      1.490	      1.486	      1.514	      1.583	           	      0.000	  20861.000	   8626.400	   5384.500	     -0.030	     -0.029	     -0.003	
 2017/05/24	   1.450	   1.457	   1.429	   1.457	         228500	      1.478	      1.484	      1.509	      1.580	           	      0.000	   2285.000	   4899.000	   5566.900	     -0.031	     -0.029	     -0.003	
 2017/05/25	   1.460	   1.472	   1.444	   1.472	         373200	      1.472	      1.484	      1.505	      1.578	           	      0.000	   3732.000	   5554.600	   5747.000	     -0.030	     -0.030	     -0.001	
 2017/05/26	   1.475	   1.475	   1.466	   1.466	         198878	      1.465	      1.483	      1.500	      1.576	           	      0.000	   1988.780	   5867.956	   5895.078	     -0.030	     -0.030	     -0.000	
 2017/05/31	   1.468	   1.485	   1.466	   1.466	          69700	      1.462	      1.482	      1.495	      1.574	           	      0.000	    697.000	   5912.756	   5573.178	     -0.029	     -0.029	      0.001	
 2017/06/01	   1.461	   1.461	   1.441	   1.441	          75200	      1.460	      1.475	      1.489	      1.571	           	      0.000	    752.000	   1890.956	   5258.678	     -0.030	     -0.030	     -0.001	
 2017/06/02	   1.443	   1.455	   1.430	   1.451	          68100	      1.459	      1.469	      1.484	      1.568	           	      0.000	    681.000	   1570.156	   3234.578	     -0.030	     -0.030	     -0.000	
 2017/06/05	   1.453	   1.469	   1.453	   1.466	          50200	      1.458	      1.465	      1.480	      1.566	           	      0.000	    502.000	    924.156	   3239.378	     -0.028	     -0.029	      0.003	
 2017/06/06	   1.467	   1.475	   1.463	   1.475	          71300	      1.460	      1.462	      1.477	      1.564	           	      0.000	    713.000	    669.000	   3268.478	     -0.026	     -0.029	      0.006	
 2017/06/07	   1.474	   1.502	   1.474	   1.501	          79500	      1.467	      1.464	      1.477	      1.562	           	      0.000	    795.000	    688.600	   3300.678	     -0.021	     -0.027	      0.012	
 2017/06/08	   1.501	   1.508	   1.501	   1.507	          98300	      1.480	      1.470	      1.478	      1.560	           	      0.000	    983.000	    734.800	   1312.878	     -0.017	     -0.025	      0.016	
 2017/06/09	   1.504	   1.509	   1.500	   1.509	          27000	      1.492	      1.475	      1.480	      1.559	           	      0.000	    270.000	    652.600	   1111.378	     -0.014	     -0.023	      0.018	
 2017/06/12	   1.498	   1.505	   1.491	   1.492	         133001	      1.497	      1.477	      1.480	      1.557	           	      0.000	   1330.010	    818.202	    871.179	     -0.012	     -0.021	      0.017	
 2017/06/13	   1.504	   1.512	   1.504	   1.510	          58900	      1.504	      1.482	      1.482	      1.555	           	      0.000	    589.000	    793.402	    731.201	     -0.009	     -0.018	      0.018	
 2017/06/14	   1.514	   1.514	   1.503	   1.503	           5600	      1.504	      1.485	      1.484	      1.553	           	      0.000	     56.000	    645.602	    667.101	     -0.008	     -0.016	      0.017	
 2017/06/15	   1.506	   1.517	   1.506	   1.514	          41600	      1.506	      1.493	      1.484	      1.551	           	      0.000	    416.000	    532.202	    633.501	     -0.005	     -0.014	      0.018	
 2017/06/16	   1.513	   1.514	   1.509	   1.511	          61000	      1.506	      1.499	      1.484	      1.550	           	      0.000	    610.000	    600.202	    626.401	     -0.004	     -0.012	      0.017	
 2017/06/19	   1.517	   1.520	   1.517	   1.520	          33600	      1.512	      1.504	      1.485	      1.548	           	      0.000	    336.000	    401.400	    609.801	     -0.001	     -0.010	      0.017	
 2017/06/20	   1.527	   1.529	   1.523	   1.524	          41600	      1.514	      1.509	      1.486	      1.547	           	      0.000	    416.000	    366.800	    580.101	      0.000	     -0.008	      0.016	
 2017/06/21	   1.524	   1.528	   1.524	   1.528	         134700	      1.519	      1.512	      1.488	      1.545	           	      0.000	   1347.000	    625.000	    635.301	      0.002	     -0.006	      0.016	
 2017/06/22	   1.531	   1.535	   1.517	   1.518	         142700	      1.520	      1.513	      1.492	      1.544	           	      0.000	   1427.000	    827.200	    679.701	      0.003	     -0.004	      0.014	
 2017/06/23	   1.509	   1.513	   1.494	   1.513	         185400	      1.521	      1.513	      1.494	      1.542	           	      0.000	   1854.000	   1076.000	    838.101	      0.003	     -0.003	      0.011	
 2017/06/26	   1.518	   1.538	   1.518	   1.535	         202700	      1.524	      1.518	      1.497	      1.540	           	      0.000	   2027.000	   1414.200	    907.800	      0.005	     -0.001	      0.012	
 2017/06/27	   1.536	   1.545	   1.535	   1.540	         785500	      1.527	      1.521	      1.501	      1.539	           	      0.000	   7855.000	   2902.000	   1634.400	      0.006	      0.000	      0.012	
 2017/06/28	   1.538	   1.540	   1.534	   1.534	          93000	      1.528	      1.524	      1.505	      1.537	           	      0.000	    930.000	   2818.600	   1721.800	      0.007	      0.002	      0.011	
 2017/06/29	   1.530	   1.547	   1.530	   1.546	        1245300	      1.534	      1.527	      1.510	      1.536	           	      0.000	  12453.000	   5023.800	   2925.500	      0.009	      0.003	      0.011	
 2017/06/30	   1.542	   1.546	   1.538	   1.544	         380900	      1.540	      1.530	      1.515	      1.535	           	      0.000	   3809.000	   5414.800	   3245.400	      0.010	      0.004	      0.010	
 2017/07/03	   1.544	   1.552	   1.543	   1.552	          55800	      1.543	      1.533	      1.519	      1.534	           	      0.000	    558.000	   5121.000	   3267.600	      0.011	      0.006	      0.010	
 2017/07/04	   1.547	   1.547	   1.542	   1.542	          38600	      1.544	      1.535	      1.522	      1.532	           	      0.000	    386.000	   3627.200	   3264.600	      0.011	      0.007	      0.008	
 2017/07/05	   1.542	   1.553	   1.542	   1.553	         406900	      1.547	      1.538	      1.525	      1.531	           	      0.000	   4069.000	   4255.000	   3536.800	      0.012	      0.008	      0.008	
 2017/07/06	   1.560	   1.560	   1.547	   1.554	          71400	      1.549	      1.541	      1.527	      1.529	           	      0.000	    714.000	   1907.200	   3465.500	      0.012	      0.009	      0.007	
 2017/07/07	   1.554	   1.563	   1.553	   1.558	          15400	      1.552	      1.546	      1.530	      1.527	           	      0.000	    154.000	   1176.200	   3295.500	      0.013	      0.010	      0.007	
 2017/07/10	   1.561	   1.561	   1.551	   1.552	          98200	      1.552	      1.548	      1.533	      1.525	           	      0.000	    982.000	   1261.000	   3191.000	      0.013	      0.010	      0.005	
 2017/07/11	   1.552	   1.555	   1.544	   1.544	          80700	      1.552	      1.548	      1.534	      1.523	           	      0.000	    807.000	   1345.200	   2486.200	      0.012	      0.011	      0.003	
 2017/07/12	   1.543	   1.543	   1.521	   1.536	         153100	      1.549	      1.548	      1.536	      1.521	           	      0.000	   1531.000	    837.600	   2546.300	      0.010	      0.011	     -0.000	
 2017/07/13	   1.536	   1.546	   1.536	   1.541	         158100	      1.546	      1.548	      1.537	      1.520	           	      0.000	   1581.000	   1011.000	   1459.100	      0.010	      0.010	     -0.002	
 2017/07/14	   1.541	   1.542	   1.535	   1.539	         337100	      1.542	      1.547	      1.539	      1.519	           	      0.000	   3371.000	   1654.400	   1415.300	      0.009	      0.010	     -0.003	
 2017/07/17	   1.539	   1.539	   1.483	   1.483	         191100	      1.529	      1.540	      1.537	      1.517	           	      0.000	   1911.000	   1840.200	   1550.600	      0.003	      0.009	     -0.011	
 2017/07/18	   1.486	   1.503	   1.483	   1.503	         123900	      1.520	      1.536	      1.536	      1.515	           	      0.000	   1239.000	   1926.600	   1635.900	      0.001	      0.007	     -0.013	
 2017/07/19	   1.509	   1.530	   1.509	   1.529	         152100	      1.519	      1.534	      1.536	      1.514	           	      0.000	   1521.000	   1924.600	   1381.100	      0.001	      0.006	     -0.010	
 2017/07/20	   1.533	   1.544	   1.533	   1.542	         195200	      1.519	      1.533	      1.537	      1.514	           	      0.000	   1952.000	   1998.800	   1504.900	      0.002	      0.005	     -0.006	
 2017/07/21	   1.542	   1.545	   1.541	   1.544	          43300	      1.520	      1.531	      1.539	      1.514	           	      0.000	    433.000	   1411.200	   1532.800	      0.003	      0.005	     -0.004	
 2017/07/24	   1.544	   1.557	   1.543	   1.555	          83800	      1.535	      1.532	      1.540	      1.514	           	      0.000	    838.000	   1196.600	   1518.400	      0.004	      0.004	     -0.000	
 2017/07/25	   1.552	   1.555	   1.544	   1.549	          53300	      1.544	      1.532	      1.540	      1.514	           	      0.000	    533.000	   1055.400	   1491.000	      0.005	      0.005	      0.001	
 2017/07/26	   1.541	   1.549	   1.540	   1.546	          25500	      1.547	      1.533	      1.541	      1.513	           	      0.000	    255.000	    802.200	   1363.400	      0.005	      0.005	      0.001	
 2017/07/27	   1.542	   1.553	   1.538	   1.553	          34100	      1.549	      1.534	      1.541	      1.513	           	      0.000	    341.000	    480.000	   1239.400	      0.006	      0.005	      0.002	
 2017/07/28	   1.551	   1.559	   1.551	   1.559	         252400	      1.552	      1.536	      1.542	      1.513	           	      0.000	   2524.000	    898.200	   1154.700	      0.007	      0.005	      0.003	
 2017/07/31	   1.550	   1.578	   1.550	   1.578	         523100	      1.557	      1.546	      1.543	      1.514	           	      0.000	   5231.000	   1776.800	   1486.700	      0.009	      0.006	      0.006	
 2017/08/01	   1.580	   1.580	   1.573	   1.578	         275100	      1.563	      1.553	      1.545	      1.515	           	      0.000	   2751.000	   2220.400	   1637.900	      0.011	      0.007	      0.007	
 2017/08/02	   1.580	   1.580	   1.567	   1.568	         436600	      1.567	      1.557	      1.546	      1.516	           	      0.000	   4366.000	   3042.600	   1922.400	      0.011	      0.008	      0.006	
 2017/08/03	   1.563	   1.572	   1.563	   1.568	         168400	      1.570	      1.560	      1.546	      1.517	           	      0.000	   1684.000	   3311.200	   1895.600	      0.011	      0.009	      0.005	
 2017/08/04	   1.568	   1.578	   1.566	   1.566	         313600	      1.572	      1.562	      1.547	      1.519	           	      0.000	   3136.000	   3433.600	   2165.900	      0.011	      0.009	      0.004	
 2017/08/07	   1.561	   1.579	   1.561	   1.579	         298300	      1.572	      1.564	      1.548	      1.520	           	      0.000	   2983.000	   2984.000	   2380.400	      0.012	      0.010	      0.004	
 2017/08/08	   1.582	   1.582	   1.576	   1.576	         152100	      1.571	      1.567	      1.550	      1.522	           	      0.000	   1521.000	   2738.000	   2479.200	      0.012	      0.010	      0.004	
 2017/08/09	   1.580	   1.585	   1.579	   1.585	         144000	      1.575	      1.571	      1.552	      1.524	           	      0.000	   1440.000	   2152.800	   2597.700	      0.013	      0.011	      0.004	
 2017/08/10	   1.587	   1.590	   1.567	   1.575	          22400	      1.576	      1.573	      1.554	      1.525	           	      0.000	    224.000	   1860.800	   2586.000	      0.013	      0.011	      0.003	
 2017/08/11	   1.570	   1.570	   1.545	   1.545	         123900	      1.572	      1.572	      1.554	      1.525	           	      0.000	   1239.000	   1481.400	   2457.500	      0.010	      0.011	     -0.002	
 2017/08/14	   1.547	   1.570	   1.547	   1.570	          74100	      1.570	      1.571	      1.558	      1.527	           	      0.000	    741.000	   1033.000	   2008.500	      0.009	      0.011	     -0.002	
 2017/08/15	   1.575	   1.576	   1.574	   1.574	          23000	      1.570	      1.571	      1.562	      1.528	           	      0.000	    230.000	    774.800	   1756.400	      0.009	      0.010	     -0.002	
 2017/08/16	   1.535	   1.574	   1.535	   1.574	          12400	      1.568	      1.571	      1.564	      1.529	           	      0.000	    124.000	    511.600	   1332.200	      0.009	      0.010	     -0.002	
 2017/08/17	   1.570	   1.591	   1.570	   1.591	         103800	      1.571	      1.574	      1.567	      1.532	           	      0.000	   1038.000	    674.400	   1267.600	      0.010	      0.010	      0.000	
 2017/08/18	   1.583	   1.592	   1.583	   1.590	         208200	      1.580	      1.576	      1.569	      1.534	           	      0.000	   2082.000	    843.000	   1162.200	      0.011	      0.010	      0.002	
 2017/08/21	   1.592	   1.602	   1.592	   1.600	          49400	      1.586	      1.578	      1.571	      1.536	           	      0.000	    494.000	    793.600	    913.300	      0.012	      0.011	      0.003	
 2017/08/22	   1.597	   1.601	   1.552	   1.595	          74200	      1.590	      1.580	      1.574	      1.538	           	      0.000	    742.000	    896.000	    835.400	      0.013	      0.011	      0.003	
 2017/08/23	   1.591	   1.593	   1.578	   1.580	          29300	      1.591	      1.579	      1.575	      1.540	           	      0.000	    293.000	    929.800	    720.700	      0.012	      0.011	      0.001	
 2017/08/24	   1.575	   1.580	   1.573	   1.576	          42900	      1.588	      1.579	      1.576	      1.542	           	      0.000	    429.000	    808.000	    741.200	      0.010	      0.011	     -0.001	
 2017/08/25	   1.576	   1.588	   1.576	   1.586	          78200	      1.587	      1.584	      1.578	      1.545	           	      0.000	    782.000	    548.000	    695.500	      0.010	      0.011	     -0.001	
 2017/08/28	   1.585	   1.604	   1.585	   1.599	         149700	      1.587	      1.587	      1.579	      1.547	           	      0.000	   1497.000	    748.600	    771.100	      0.011	      0.011	     -0.000	
 2017/08/29	   1.601	   1.604	   1.593	   1.596	         908000	      1.587	      1.589	      1.580	      1.549	           	      0.000	   9080.000	   2416.200	   1656.100	      0.011	      0.011	      0.000	
 2017/08/30	   1.600	   1.608	   1.599	   1.606	         142100	      1.593	      1.592	      1.582	      1.551	           	      0.000	   1421.000	   2641.800	   1785.800	      0.012	      0.011	      0.001	
 2017/08/31	   1.608	   1.610	   1.600	   1.608	          22900	      1.599	      1.594	      1.584	      1.552	           	      0.000	    229.000	   2601.800	   1704.900	      0.012	      0.011	      0.002	
 2017/09/01	   1.611	   1.622	   1.611	   1.619	          81700	      1.606	      1.597	      1.586	      1.554	           	      0.000	    817.000	   2608.800	   1578.400	      0.014	      0.012	      0.004	
 2017/09/04	   1.619	   1.628	   1.619	   1.628	         370900	      1.611	      1.599	      1.589	      1.556	           	      0.000	   3709.000	   3051.200	   1899.900	      0.015	      0.013	      0.005	
 2017/09/05	   1.631	   1.631	   1.626	   1.629	          35800	      1.618	      1.603	      1.591	      1.558	           	      0.000	    358.000	   1306.800	   1861.500	      0.016	      0.013	      0.006	
 2017/09/06	   1.630	   1.638	   1.629	   1.636	        1012000	      1.624	      1.608	      1.594	      1.561	           	      0.000	  10120.000	   3046.600	   2844.200	      0.018	      0.014	      0.007	
 2017/09/07	   1.638	   1.638	   1.630	   1.630	         108200	      1.628	      1.614	      1.597	      1.563	           	      0.000	   1082.000	   3217.200	   2909.500	      0.018	      0.015	      0.006	
 2017/09/08	   1.634	   1.638	   1.631	   1.631	          36600	      1.631	      1.618	      1.601	      1.565	           	      0.000	    366.000	   3127.000	   2867.900	      0.018	      0.016	      0.005	
 2017/09/11	   1.640	   1.647	   1.637	   1.647	         146900	      1.635	      1.623	      1.605	      1.567	           	      0.000	   1469.000	   2679.000	   2865.100	      0.019	      0.016	      0.006	
 2017/09/12	   1.648	   1.655	   1.643	   1.644	          54300	      1.638	      1.628	      1.608	      1.569	           	      0.000	    543.000	   2716.000	   2011.400	      0.020	      0.017	      0.005	
 2017/09/13	   1.646	   1.652	   1.644	   1.652	          19300	      1.641	      1.632	      1.612	      1.571	           	      0.000	    193.000	    730.600	   1888.600	      0.020	      0.018	      0.006	
 2017/09/14	   1.658	   1.659	   1.651	   1.651	          62800	      1.645	      1.637	      1.615	      1.573	           	      0.000	    628.000	    639.800	   1928.500	      0.021	      0.018	      0.005	
 2017/09/15	   1.651	   1.651	   1.644	   1.644	         146500	      1.648	      1.639	      1.618	      1.575	           	      0.000	   1465.000	    859.600	   1993.300	      0.020	      0.019	      0.003	
 2017/09/18	   1.648	   1.654	   1.647	   1.654	          71500	      1.649	      1.642	      1.621	      1.577	           	      0.000	    715.000	    708.800	   1693.900	      0.020	      0.019	      0.003	
 2017/09/19	   1.654	   1.657	   1.652	   1.655	          18200	      1.651	      1.644	      1.624	      1.579	           	      0.000	    182.000	    636.600	   1676.300	      0.020	      0.019	      0.002	
 2017/09/20	   1.648	   1.660	   1.646	   1.660	          98200	      1.653	      1.647	      1.628	      1.581	           	      0.000	    982.000	    794.400	    762.500	      0.020	      0.019	      0.002	
 2017/09/21	   1.655	   1.658	   1.647	   1.647	          12800	      1.652	      1.648	      1.631	      1.583	           	      0.000	    128.000	    694.400	    667.100	      0.019	      0.019	     -0.000	
 2017/09/22	   1.638	   1.638	   1.630	   1.635	          58400	      1.650	      1.649	      1.634	      1.584	           	      0.000	    584.000	    518.200	    688.900	      0.017	      0.019	     -0.004	
 2017/09/25	   1.634	   1.634	   1.616	   1.616	          82900	      1.643	      1.646	      1.634	      1.585	           	      0.000	    829.000	    541.000	    624.900	      0.014	      0.018	     -0.008	
 2017/09/26	   1.619	   1.620	   1.616	   1.620	          16200	      1.636	      1.643	      1.636	      1.587	           	      0.000	    162.000	    537.000	    586.800	      0.011	      0.017	     -0.011	
 2017/09/27	   1.637	   1.638	   1.637	   1.638	          24000	      1.631	      1.642	      1.637	      1.588	           	      0.000	    240.000	    388.600	    591.500	      0.011	      0.015	     -0.009	
 2017/09/28	   1.639	   1.643	   1.637	   1.637	          23900	      1.629	      1.641	      1.639	      1.589	           	      0.000	    239.000	    410.800	    552.600	      0.010	      0.014	     -0.009	
 2017/09/29	   1.644	   1.647	   1.643	   1.647	          45800	      1.632	      1.641	      1.640	      1.591	           	      0.000	    458.000	    385.600	    451.900	      0.010	      0.013	     -0.007	
 2017/10/09	   1.652	   1.673	   1.652	   1.670	         915700	      1.642	      1.642	      1.642	      1.593	           	      0.000	   9157.000	   2051.200	   1296.100	      0.012	      0.013	     -0.002	
 2017/10/10	   1.670	   1.670	   1.667	   1.670	          47300	      1.652	      1.644	      1.644	      1.595	           	      0.000	    473.000	   2113.400	   1325.200	      0.013	      0.013	      0.000	
 2017/10/11	   1.676	   1.680	   1.676	   1.680	          10600	      1.661	      1.646	      1.646	      1.597	           	      0.000	    106.000	   2086.600	   1237.600	      0.015	      0.013	      0.003	
 2017/10/12	   1.675	   1.675	   1.670	   1.674	          19700	      1.668	      1.649	      1.649	      1.600	           	      0.000	    197.000	   2078.200	   1244.500	      0.016	      0.014	      0.003	
 2017/10/13	   1.675	   1.682	   1.675	   1.682	         934100	      1.675	      1.653	      1.651	      1.602	           	      0.000	   9341.000	   3854.800	   2120.200	      0.017	      0.014	      0.004	
 2017/10/16	   1.678	   1.678	   1.659	   1.661	        4022200	      1.673	      1.658	      1.652	      1.605	           	      0.000	  40222.000	  10067.800	   6059.500	      0.015	      0.015	      0.002	
 2017/10/17	   1.656	   1.661	   1.650	   1.657	         111000	      1.671	      1.662	      1.653	      1.608	           	      0.000	   1110.000	  10195.200	   6154.300	      0.014	      0.015	     -0.001	
 2017/10/18	   1.658	   1.658	   1.647	   1.647	          92900	      1.664	      1.663	      1.652	      1.610	           	      0.000	    929.000	  10359.800	   6223.200	      0.012	      0.014	     -0.004	
 2017/10/19	   1.645	   1.648	   1.633	   1.633	          19100	      1.656	      1.662	      1.651	      1.611	           	      0.000	    191.000	  10358.600	   6218.400	      0.009	      0.013	     -0.008	
 2017/10/20	   1.639	   1.653	   1.639	   1.653	        4439700	      1.650	      1.663	      1.652	      1.613	           	      0.000	  44397.000	  17369.801	  10612.300	      0.008	      0.012	     -0.007	
 2017/10/23	   1.655	   1.666	   1.655	   1.666	        2147200	      1.651	      1.662	      1.652	      1.615	           	      0.000	  21472.000	  13619.800	  11843.800	      0.009	      0.011	     -0.005	
 2017/10/24	   1.660	   1.660	   1.648	   1.652	          25100	      1.650	      1.661	      1.652	      1.616	           	      0.000	    251.000	  13448.000	  11821.600	      0.008	      0.011	     -0.006	
 2017/10/25	   1.656	   1.667	   1.656	   1.662	         902300	      1.653	      1.659	      1.652	      1.618	           	      0.000	   9023.000	  15066.800	  12713.300	      0.008	      0.010	     -0.005	
 2017/10/26	   1.669	   1.677	   1.666	   1.675	         385900	      1.662	      1.659	      1.654	      1.620	           	      0.000	   3859.000	  15800.400	  13079.500	      0.009	      0.010	     -0.002	
 2017/10/27	   1.674	   1.676	   1.668	   1.669	          55100	      1.665	      1.658	      1.655	      1.622	           	      0.000	    551.000	   7031.200	  12200.500	      0.009	      0.010	     -0.002	
 2017/10/30	   1.639	   1.644	   1.637	   1.638	          21500	      1.659	      1.655	      1.657	      1.623	           	      0.000	    215.000	   2779.800	   8199.800	      0.007	      0.009	     -0.005	
 2017/10/31	   1.638	   1.650	   1.637	   1.650	          10100	      1.659	      1.655	      1.658	      1.624	           	      0.000	    101.000	   2749.800	   8098.900	      0.005	      0.008	     -0.006	
 2017/11/01	   1.659	   1.659	   1.651	   1.651	           1400	      1.657	      1.655	      1.659	      1.626	           	      0.000	     14.000	    948.000	   8007.400	      0.005	      0.008	     -0.006	
 2017/11/02	   1.648	   1.648	   1.638	   1.638	          31500	      1.649	      1.655	      1.659	      1.627	           	      0.000	    315.000	    239.200	   8019.800	      0.003	      0.007	     -0.007	
 2017/11/03	   1.641	   1.781	   1.618	   1.625	         744600	      1.640	      1.653	      1.658	      1.628	           	      0.000	   7446.000	   1618.200	   4324.700	      0.001	      0.005	     -0.010	
 2017/11/06	   1.628	   1.648	   1.625	   1.646	         331000	      1.642	      1.651	      1.656	      1.629	           	      0.000	   3310.000	   2237.200	   2508.500	      0.000	      0.004	     -0.008	
 2017/11/07	   1.654	   1.660	   1.649	   1.660	         565200	      1.644	      1.651	      1.656	      1.630	           	      0.000	   5652.000	   3347.400	   3048.600	      0.001	      0.004	     -0.005	
 2017/11/08	   1.660	   1.670	   1.658	   1.661	         509100	      1.646	      1.651	      1.655	      1.632	           	      0.000	   5091.000	   4362.800	   2655.400	      0.002	      0.003	     -0.003	
 2017/11/09	   1.662	   1.674	   1.662	   1.674	         168800	      1.653	      1.651	      1.655	      1.633	           	      0.000	   1688.000	   4637.400	   2438.300	      0.004	      0.003	      0.000	
 2017/11/10	   1.673	   1.681	   1.673	   1.680	        2076900	      1.664	      1.652	      1.655	      1.636	           	      0.000	  20769.000	   7302.000	   4460.100	      0.005	      0.004	      0.003	
 2017/11/13	   1.682	   1.695	   1.682	   1.692	        2192000	      1.673	      1.658	      1.656	      1.638	           	      0.000	  21920.000	  11024.000	   6630.600	      0.008	      0.005	      0.006	
 2017/11/14	   1.695	   1.695	   1.677	   1.681	          92800	      1.678	      1.661	      1.658	      1.639	           	      0.000	    928.000	  10079.200	   6713.300	      0.008	      0.005	      0.006	
 2017/11/15	   1.674	   1.679	   1.654	   1.660	         153300	      1.677	      1.662	      1.658	      1.641	           	      0.000	   1533.000	   9367.600	   6865.200	      0.007	      0.006	      0.003	
 2017/11/16	   1.656	   1.671	   1.656	   1.670	          36600	      1.677	      1.665	      1.660	      1.642	           	      0.000	    366.000	   9103.200	   6870.300	      0.007	      0.006	      0.002	
 2017/11/17	   1.665	   1.665	   1.616	   1.616	         193200	      1.664	      1.664	      1.658	      1.643	           	      0.000	   1932.000	   5335.800	   6318.900	      0.003	      0.005	     -0.006	
 2017/11/20	   1.618	   1.633	   1.592	   1.633	         155000	      1.652	      1.663	      1.657	      1.643	           	      0.000	   1550.000	   1261.800	   6142.900	      0.000	      0.004	     -0.008	
 2017/11/21	   1.639	   1.644	   1.629	   1.639	          70500	      1.644	      1.661	      1.656	      1.644	           	      0.000	    705.000	   1217.200	   5648.200	     -0.001	      0.003	     -0.008	
 2017/11/22	   1.639	   1.647	   1.624	   1.633	          62200	      1.638	      1.658	      1.655	      1.645	           	      0.000	    622.000	   1035.000	   5201.300	     -0.002	      0.002	     -0.009	
 2017/11/23	   1.628	   1.629	   1.595	   1.595	          64400	      1.623	      1.650	      1.651	      1.645	           	      0.000	    644.000	   1090.600	   5096.900	     -0.007	      0.000	     -0.014	
 2017/11/24	   1.597	   1.602	   1.589	   1.598	          65400	      1.620	      1.642	      1.647	      1.645	           	      0.000	    654.000	    835.000	   3085.400	     -0.009	     -0.002	     -0.016	
 2017/11/27	   1.592	   1.592	   1.574	   1.574	         163500	      1.608	      1.630	      1.644	      1.645	           	      0.000	   1635.000	    852.000	   1056.900	     -0.014	     -0.004	     -0.019	
 2017/11/28	   1.578	   1.597	   1.578	   1.597	          49200	      1.599	      1.622	      1.641	      1.645	           	      0.000	    492.000	    809.400	   1013.300	     -0.015	     -0.006	     -0.017	
 2017/11/29	   1.597	   1.598	   1.588	   1.596	         255600	      1.592	      1.615	      1.638	      1.645	           	      0.000	   2556.000	   1196.200	   1115.600	     -0.016	     -0.008	     -0.015	
 2017/11/30	   1.602	   1.604	   1.590	   1.590	          21500	      1.591	      1.607	      1.636	      1.644	           	      0.000	    215.000	   1110.400	   1100.500	     -0.017	     -0.010	     -0.014	
 2017/12/01	   1.593	   1.605	   1.592	   1.603	          46100	      1.592	      1.606	      1.635	      1.644	           	      0.000	    461.000	   1071.800	    953.400	     -0.016	     -0.011	     -0.010	
 2017/12/04	   1.603	   1.606	   1.598	   1.603	          15800	      1.598	      1.603	      1.633	      1.644	           	      0.000	    158.000	    776.400	    814.200	     -0.016	     -0.012	     -0.007	
 2017/12/05	   1.589	   1.589	   1.556	   1.561	         666800	      1.591	      1.595	      1.628	      1.643	           	      0.000	   6668.000	   2011.600	   1410.500	     -0.018	     -0.013	     -0.010	
 2017/12/06	   1.562	   1.571	   1.549	   1.571	         178800	      1.586	      1.589	      1.623	      1.642	           	      0.000	   1788.000	   1858.000	   1527.100	     -0.020	     -0.015	     -0.010	
 2017/12/07	   1.571	   1.576	   1.571	   1.574	          68600	      1.582	      1.587	      1.618	      1.641	           	      0.000	    686.000	   1952.200	   1531.300	     -0.020	     -0.016	     -0.009	
 2017/12/08	   1.575	   1.586	   1.571	   1.579	        4144100	      1.578	      1.585	      1.613	      1.640	           	      0.000	  41441.000	  10148.200	   5610.000	     -0.020	     -0.016	     -0.007	
 2017/12/11	   1.585	   1.603	   1.585	   1.602	         676600	      1.577	      1.588	      1.609	      1.639	           	      0.000	   6766.000	  11469.800	   6123.100	     -0.017	     -0.017	     -0.002	
 2017/12/12	   1.601	   1.601	   1.595	   1.600	          76700	      1.585	      1.588	      1.605	      1.638	           	      0.000	    767.000	  10289.600	   6150.600	     -0.016	     -0.016	      0.002	
 2017/12/13	   1.596	   1.604	   1.589	   1.604	          69000	      1.592	      1.589	      1.602	      1.637	           	      0.000	    690.000	  10070.000	   5964.000	     -0.014	     -0.016	      0.004	
 2017/12/14	   1.590	   1.606	   1.590	   1.605	          93700	      1.598	      1.590	      1.599	      1.637	           	      0.000	    937.000	  10120.200	   6036.200	     -0.012	     -0.015	      0.006	
 2017/12/15	   1.607	   1.607	   1.595	   1.595	          55200	      1.601	      1.589	      1.598	      1.636	           	      0.000	    552.000	   1942.400	   6045.300	     -0.011	     -0.014	      0.006	
 2017/12/18	   1.596	   1.596	   1.586	   1.586	         138600	      1.598	      1.588	      1.595	      1.635	           	      0.000	   1386.000	    866.400	   6168.100	     -0.011	     -0.014	      0.005	
 2017/12/19	   1.586	   1.586	   1.586	   1.586	              0	      1.595	      1.590	      1.593	      1.634	           	      0.000	      0.000	    713.000	   5501.300	     -0.011	     -0.013	      0.004	
 2017/12/20	   1.599	   1.599	   1.592	   1.592	           4700	      1.593	      1.592	      1.591	      1.632	           	      0.000	     47.000	    584.400	   5327.200	     -0.010	     -0.013	      0.004	
 2017/12/21	   1.585	   1.605	   1.585	   1.603	          13400	      1.592	      1.595	      1.591	      1.632	           	      0.000	    134.000	    423.800	   5272.000	     -0.009	     -0.012	      0.006	
 2017/12/22	   1.609	   1.613	   1.606	   1.606	         136700	      1.595	      1.598	      1.591	      1.631	           	      0.000	   1367.000	    586.800	   1264.600	     -0.007	     -0.011	      0.007	
 2017/12/25	   1.606	   1.606	   1.586	   1.591	          27700	      1.596	      1.597	      1.592	      1.631	           	      0.000	    277.000	    365.000	    615.700	     -0.007	     -0.010	      0.006	
 2017/12/26	   1.591	   1.597	   1.585	   1.596	           7900	      1.598	      1.596	      1.592	      1.630	           	      0.000	     79.000	    380.800	    546.900	     -0.007	     -0.010	      0.006	
 2017/12/27	   1.595	   1.598	   1.587	   1.589	          16900	      1.597	      1.595	      1.592	      1.630	           	      0.000	    169.000	    405.200	    494.800	     -0.007	     -0.009	      0.004	
 2017/12/28	   1.594	   1.596	   1.594	   1.595	          32400	      1.595	      1.594	      1.592	      1.629	           	      0.000	    324.000	    443.200	    433.500	     -0.006	     -0.008	      0.004	
 2017/12/29	   1.601	   1.606	   1.598	   1.606	          24600	      1.595	      1.595	      1.592	      1.628	           	      0.000	    246.000	    219.000	    402.900	     -0.005	     -0.008	      0.006	
 2018/01/02	   1.608	   1.633	   1.608	   1.633	          46600	      1.604	      1.600	      1.594	      1.628	           	      0.000	    466.000	    256.800	    310.900	     -0.002	     -0.007	      0.010	
 2018/01/03	   1.635	   1.645	   1.635	   1.643	          45600	      1.613	      1.605	      1.598	      1.627	           	      0.000	    456.000	    332.200	    356.500	      0.002	     -0.005	      0.013	
 2018/01/04	   1.649	   1.654	   1.649	   1.654	          42100	      1.626	      1.612	      1.602	      1.627	           	      0.000	    421.000	    382.600	    393.900	      0.005	     -0.003	      0.016	
 2018/01/05	   1.654	   1.659	   1.652	   1.653	         187600	      1.638	      1.617	      1.606	      1.626	           	      0.000	   1876.000	    693.000	    568.100	      0.008	     -0.001	      0.017	
 2018/01/08	   1.657	   1.661	   1.654	   1.660	         109200	      1.649	      1.622	      1.610	      1.626	           	      0.000	   1092.000	    862.200	    540.600	      0.010	      0.002	      0.018	
 2018/01/09	   1.656	   1.659	   1.656	   1.659	          11800	      1.654	      1.629	      1.613	      1.626	           	      0.000	    118.000	    792.600	    524.700	      0.012	      0.004	      0.017	
 2018/01/10	   1.659	   1.659	   1.639	   1.649	         200900	      1.655	      1.634	      1.615	      1.626	           	      0.000	   2009.000	   1103.200	    717.700	      0.013	      0.005	      0.014	
 2018/01/11	   1.645	   1.653	   1.643	   1.653	         246800	      1.655	      1.641	      1.618	      1.626	           	      0.000	   2468.000	   1512.600	    947.600	      0.013	      0.007	      0.012	
 2018/01/12	   1.649	   1.652	   1.642	   1.643	         109900	      1.653	      1.645	      1.620	      1.626	           	      0.000	   1099.000	   1357.200	   1025.100	      0.013	      0.008	      0.009	
 2018/01/15	   1.630	   1.632	   1.569	   1.607	          80400	      1.642	      1.645	      1.620	      1.625	           	      0.000	    804.000	   1299.600	   1080.900	      0.009	      0.008	      0.002	
 2018/01/16	   1.609	   1.623	   1.607	   1.622	         648000	      1.635	      1.644	      1.622	      1.625	           	      0.000	   6480.000	   2572.000	   1682.300	      0.008	      0.008	     -0.001	
 2018/01/17	   1.613	   1.616	   1.603	   1.615	         180760	      1.628	      1.641	      1.623	      1.624	           	      0.000	   1807.600	   2531.720	   1817.460	      0.006	      0.008	     -0.004	
 2018/01/18	   1.615	   1.621	   1.615	   1.620	           6800	      1.621	      1.638	      1.625	      1.623	           	      0.000	     68.000	   2051.720	   1782.160	      0.005	      0.007	     -0.005	
 2018/01/19	   1.619	   1.631	   1.619	   1.619	         353937	      1.617	      1.635	      1.626	      1.622	           	      0.000	   3539.370	   2539.794	   1948.497	      0.003	      0.006	     -0.006	
 2018/01/22	   1.621	   1.638	   1.621	   1.638	          63700	      1.623	      1.633	      1.627	      1.622	           	      0.000	    637.000	   2506.394	   1902.997	      0.004	      0.006	     -0.003	
 2018/01/23	   1.640	   1.645	   1.637	   1.639	         109400	      1.626	      1.630	      1.630	      1.622	           	      0.000	   1094.000	   1429.194	   2000.597	      0.005	      0.006	     -0.002	
 2018/01/24	   1.635	   1.647	   1.635	   1.645	          70400	      1.632	      1.630	      1.632	      1.622	           	      0.000	    704.000	   1208.474	   1870.097	      0.006	      0.006	     -0.000	
 2018/01/25	   1.645	   1.655	   1.645	   1.647	         165900	      1.638	      1.630	      1.635	      1.622	           	      0.000	   1659.000	   1526.674	   1789.197	      0.006	      0.006	      0.001	
 2018/01/26	   1.644	   1.650	   1.644	   1.646	         127000	      1.643	      1.630	      1.638	      1.622	           	      0.000	   1270.000	   1072.800	   1806.297	      0.007	      0.006	      0.002	
 2018/01/29	   1.649	   1.649	   1.617	   1.619	        1176400	      1.639	      1.631	      1.638	      1.622	           	      0.000	  11764.000	   3298.200	   2902.297	      0.005	      0.006	     -0.002	
 2018/01/30	   1.622	   1.623	   1.617	   1.617	          48600	      1.635	      1.630	      1.637	      1.621	           	      0.000	    486.000	   3176.600	   2302.897	      0.003	      0.005	     -0.004	
 2018/01/31	   1.610	   1.610	   1.594	   1.595	         310000	      1.625	      1.628	      1.635	      1.620	           	      0.000	   3100.000	   3655.800	   2432.137	      0.000	      0.004	     -0.008	
 2018/02/01	   1.597	   1.597	   1.540	   1.540	         285400	      1.603	      1.620	      1.629	      1.618	           	      0.000	   2854.000	   3894.800	   2710.737	     -0.007	      0.002	     -0.018	
 2018/02/02	   1.532	   1.553	   1.509	   1.553	         567900	      1.585	      1.614	      1.624	      1.616	           	      0.000	   5679.000	   4776.600	   2924.700	     -0.011	     -0.001	     -0.021	
 2018/02/05	   1.549	   1.556	   1.535	   1.548	         208900	      1.571	      1.605	      1.619	      1.614	           	      0.000	   2089.000	   2841.600	   3069.900	     -0.015	     -0.003	     -0.022	
 2018/02/06	   1.537	   1.537	   1.476	   1.476	         495600	      1.542	      1.589	      1.610	      1.610	           	      0.000	   4956.000	   3735.600	   3456.100	     -0.023	     -0.007	     -0.031	
 2018/02/07	   1.478	   1.505	   1.455	   1.472	         120000	      1.518	      1.571	      1.601	      1.607	           	      0.000	   1200.000	   3355.600	   3505.700	     -0.030	     -0.012	     -0.036	
 2018/02/08	   1.474	   1.490	   1.474	   1.487	          58000	      1.507	      1.555	      1.592	      1.604	           	      0.000	    580.000	   2900.800	   3397.800	     -0.033	     -0.016	     -0.034	
 2018/02/09	   1.472	   1.472	   1.413	   1.430	         313000	      1.483	      1.534	      1.582	      1.600	           	      0.000	   3130.000	   2391.000	   3583.800	     -0.040	     -0.021	     -0.039	
 2018/02/12	   1.430	   1.476	   1.430	   1.476	         332900	      1.468	      1.519	      1.575	      1.598	           	      0.000	   3329.000	   2639.000	   2740.300	     -0.042	     -0.025	     -0.033	
 2018/02/13	   1.485	   1.495	   1.482	   1.482	         322200	      1.469	      1.506	      1.568	      1.595	           	      0.000	   3222.000	   2292.200	   3013.900	     -0.042	     -0.028	     -0.027	
 2018/02/14	   1.478	   1.489	   1.478	   1.489	          42900	      1.473	      1.495	      1.562	      1.593	           	      0.000	    429.000	   2138.000	   2746.800	     -0.041	     -0.031	     -0.020	
 2018/02/22	   1.505	   1.521	   1.505	   1.521	         116000	      1.480	      1.493	      1.557	      1.591	           	      0.000	   1160.000	   2254.000	   2577.400	     -0.037	     -0.032	     -0.010	
 2018/02/23	   1.521	   1.529	   1.515	   1.526	         294800	      1.499	      1.491	      1.552	      1.590	           	      0.000	   2948.000	   2217.600	   2304.300	     -0.033	     -0.032	     -0.002	
 2018/02/26	   1.526	   1.558	   1.526	   1.557	         137800	      1.515	      1.492	      1.548	      1.589	           	      0.000	   1378.000	   1827.400	   2233.200	     -0.028	     -0.031	      0.008	
 2018/02/27	   1.560	   1.560	   1.553	   1.553	          72600	      1.529	      1.499	      1.544	      1.589	           	      0.000	    726.000	   1328.200	   1810.200	     -0.023	     -0.030	      0.013	
 2018/02/28	   1.549	   1.558	   1.539	   1.557	         197400	      1.543	      1.508	      1.540	      1.588	           	      0.000	   1974.000	   1637.200	   1887.600	     -0.019	     -0.028	      0.017	
 2018/03/01	   1.553	   1.570	   1.553	   1.567	          78700	      1.552	      1.516	      1.536	      1.587	           	      0.000	    787.000	   1562.600	   1908.300	     -0.015	     -0.025	      0.021	
 2018/03/02	   1.568	   1.568	   1.563	   1.563	         989100	      1.559	      1.529	      1.531	      1.587	           	      0.000	   9891.000	   2951.200	   2584.400	     -0.011	     -0.022	      0.022	
 2018/03/05	   1.562	   1.567	   1.562	   1.567	          20200	      1.561	      1.538	      1.529	      1.586	           	      0.000	    202.000	   2716.000	   2271.700	     -0.009	     -0.020	      0.022	
 2018/03/06	   1.571	   1.588	   1.571	   1.588	          72100	      1.568	      1.549	      1.527	      1.586	           	      0.000	    721.000	   2715.000	   2021.600	     -0.004	     -0.017	      0.024	
 2018/03/07	   1.585	   1.589	   1.571	   1.571	         104600	      1.571	      1.557	      1.526	      1.586	           	      0.000	   1046.000	   2529.400	   2083.300	     -0.003	     -0.014	      0.022	
 2018/03/08	   1.578	   1.578	   1.578	   1.578	           2000	      1.573	      1.563	      1.528	      1.586	           	      0.000	     20.000	   2376.000	   1969.300	     -0.000	     -0.011	      0.021	
 2018/03/09	   1.590	   1.601	   1.590	   1.599	         423500	      1.581	      1.570	      1.530	      1.587	           	      0.000	   4235.000	   1244.800	   2098.000	      0.003	     -0.008	      0.022	
 2018/03/12	   1.607	   1.623	   1.607	   1.623	         112700	      1.592	      1.577	      1.534	      1.588	           	      0.000	   1127.000	   1429.800	   2072.900	      0.007	     -0.005	      0.025	
 2018/03/13	   1.620	   1.620	   1.609	   1.610	          93600	      1.596	      1.582	      1.541	      1.588	           	      0.000	    936.000	   1472.800	   2093.900	      0.010	     -0.002	      0.024	
 2018/03/14	   1.607	   1.608	   1.594	   1.594	         108700	      1.601	      1.586	      1.547	      1.588	           	      0.000	   1087.000	   1481.000	   2005.200	      0.010	      0.000	      0.020	
 2018/03/15	   1.595	   1.595	   1.582	   1.590	         275900	      1.603	      1.588	      1.552	      1.587	           	      0.000	   2759.000	   2028.800	   2202.400	      0.010	      0.002	      0.016	
 2018/03/16	   1.599	   1.599	   1.590	   1.590	           5300	      1.601	      1.591	      1.560	      1.587	           	      0.000	     53.000	   1192.400	   1218.600	      0.010	      0.004	      0.012	
 2018/03/19	   1.579	   1.589	   1.579	   1.589	           5900	      1.595	      1.593	      1.566	      1.587	           	      0.000	     59.000	    978.800	   1204.300	      0.010	      0.005	      0.009	
 2018/03/20	   1.579	   1.581	   1.579	   1.581	          24700	      1.589	      1.592	      1.571	      1.587	           	      0.000	    247.000	    841.000	   1156.900	      0.009	      0.006	      0.006	
 2018/03/21	   1.583	   1.601	   1.583	   1.585	          33700	      1.587	      1.594	      1.575	      1.587	           	      0.000	    337.000	    691.000	   1086.000	      0.008	      0.006	      0.004	
 2018/03/22	   1.587	   1.587	   1.570	   1.577	          55500	      1.584	      1.594	      1.578	      1.587	           	      0.000	    555.000	    250.200	   1139.500	      0.007	      0.006	      0.001	
 2018/03/23	   1.561	   1.561	   1.479	   1.490	         249500	      1.564	      1.583	      1.576	      1.585	           	      0.000	   2495.000	    738.600	    965.500	     -0.001	      0.005	     -0.012	
 2018/03/26	   1.492	   1.520	   1.488	   1.520	          95300	      1.551	      1.573	      1.575	      1.583	           	      0.000	    953.000	    917.400	    948.100	     -0.005	      0.003	     -0.016	
 2018/03/27	   1.541	   1.556	   1.541	   1.556	          24100	      1.546	      1.567	      1.575	      1.583	           	      0.000	    241.000	    916.200	    878.600	     -0.005	      0.001	     -0.012	
 2018/03/28	   1.537	   1.550	   1.537	   1.537	          41300	      1.536	      1.561	      1.574	      1.582	           	      0.000	    413.000	    931.400	    811.200	     -0.006	     -0.000	     -0.012	
 2018/03/29	   1.546	   1.546	   1.546	   1.546	           5000	      1.530	      1.557	      1.573	      1.581	           	      0.000	     50.000	    830.400	    540.300	     -0.007	     -0.002	     -0.011	
 2018/03/30	   1.555	   1.568	   1.555	   1.564	          35000	      1.545	      1.554	      1.573	      1.581	           	      0.000	    350.000	    401.400	    570.000	     -0.006	     -0.002	     -0.007	
 2018/04/02	   1.567	   1.581	   1.567	   1.570	          48400	      1.555	      1.553	      1.573	      1.580	           	      0.000	    484.000	    307.600	    612.500	     -0.004	     -0.003	     -0.003	
 2018/04/03	   1.566	   1.566	   1.547	   1.552	         131700	      1.554	      1.550	      1.571	      1.579	           	      0.000	   1317.000	    522.800	    719.500	     -0.004	     -0.003	     -0.003	
 2018/04/04	   1.559	   1.568	   1.553	   1.553	          14700	      1.557	      1.546	      1.570	      1.577	           	      0.000	    147.000	    469.600	    700.500	     -0.004	     -0.003	     -0.002	
 2018/04/09	   1.550	   1.550	   1.540	   1.550	          12100	      1.558	      1.544	      1.569	      1.575	           	      0.000	    121.000	    483.800	    657.100	     -0.005	     -0.004	     -0.002	
 2018/04/10	   1.549	   1.563	   1.549	   1.563	          76400	      1.558	      1.551	      1.567	      1.574	           	      0.000	    764.000	    566.600	    484.000	     -0.004	     -0.004	     -0.000	
 2018/04/11	   1.570	   1.577	   1.570	   1.571	          88200	      1.558	      1.556	      1.564	      1.572	           	      0.000	    882.000	    646.200	    476.900	     -0.002	     -0.003	      0.002	
 2018/04/12	   1.566	   1.566	   1.566	   1.566	           4000	      1.561	      1.557	      1.562	      1.571	           	      0.000	     40.000	    390.800	    456.800	     -0.002	     -0.003	      0.003	
 2018/04/13	   1.560	   1.565	   1.558	   1.559	          42200	      1.562	      1.559	      1.560	      1.569	           	      0.000	    422.000	    445.800	    457.700	     -0.002	     -0.003	      0.002	
 2018/04/16	   1.556	   1.556	   1.540	   1.540	          84600	      1.560	      1.559	      1.558	      1.567	           	      0.000	    846.000	    590.800	    537.300	     -0.003	     -0.003	     -0.001	
 2018/04/17	   1.542	   1.542	   1.514	   1.514	         158000	      1.550	      1.554	      1.554	      1.565	           	      0.000	   1580.000	    754.000	    660.300	     -0.006	     -0.003	     -0.006	
 2018/04/18	   1.514	   1.525	   1.503	   1.525	         285400	      1.541	      1.549	      1.551	      1.564	           	      0.000	   2854.000	   1148.400	    897.300	     -0.008	     -0.004	     -0.007	
 2018/04/19	   1.540	   1.544	   1.540	   1.544	           4800	      1.536	      1.548	      1.549	      1.563	           	      0.000	     48.000	   1150.000	    770.400	     -0.007	     -0.005	     -0.005	
 2018/04/20	   1.546	   1.546	   1.512	   1.512	          16900	      1.527	      1.544	      1.545	      1.561	           	      0.000	    169.000	   1099.400	    772.600	     -0.010	     -0.006	     -0.007	
 2018/04/23	   1.510	   1.510	   1.488	   1.499	          36200	      1.519	      1.539	      1.542	      1.559	           	      0.000	    362.000	   1002.600	    796.700	     -0.012	     -0.007	     -0.010	
 2018/04/24	   1.508	   1.533	   1.508	   1.533	          48600	      1.523	      1.536	      1.544	      1.557	           	      0.000	    486.000	    783.800	    768.900	     -0.011	     -0.008	     -0.007	
 2018/04/25	   1.533	   1.542	   1.533	   1.542	          29500	      1.526	      1.533	      1.545	      1.556	           	      0.000	    295.000	    272.000	    710.200	     -0.010	     -0.008	     -0.003	
 2018/04/26	   1.530	   1.530	   1.514	   1.514	          85200	      1.520	      1.528	      1.543	      1.554	           	      0.000	    852.000	    432.800	    791.400	     -0.011	     -0.009	     -0.004	
 2018/04/27	   1.507	   1.514	   1.507	   1.512	          19601	      1.520	      1.523	      1.541	      1.552	           	      0.000	    196.010	    438.202	    768.801	     -0.012	     -0.009	     -0.005	
 2018/05/02	   1.514	   1.514	   1.506	   1.506	            800	      1.521	      1.520	      1.539	      1.549	           	      0.000	      8.000	    367.402	    685.001	     -0.013	     -0.010	     -0.005	
 2018/05/03	   1.500	   1.527	   1.500	   1.527	          17200	      1.520	      1.521	      1.538	      1.547	           	      0.000	    172.000	    304.602	    544.201	     -0.012	     -0.010	     -0.002	
 2018/05/04	   1.530	   1.532	   1.530	   1.532	           1300	      1.518	      1.522	      1.536	      1.546	           	      0.000	     13.000	    248.202	    260.101	     -0.010	     -0.010	      0.000	
 2018/05/07	   1.539	   1.555	   1.539	   1.555	          24200	      1.526	      1.523	      1.536	      1.545	           	      0.000	    242.000	    126.202	    279.501	     -0.007	     -0.010	      0.005	
 2018/05/08	   1.560	   1.560	   1.556	   1.557	          21900	      1.535	      1.528	      1.536	      1.544	           	      0.000	    219.000	    130.800	    284.501	     -0.005	     -0.009	      0.008	
 2018/05/09	   1.556	   1.560	   1.554	   1.554	         185300	      1.545	      1.533	      1.536	      1.544	           	      0.000	   1853.000	    499.800	    433.601	     -0.003	     -0.008	      0.010	
 2018/05/10	   1.563	   1.566	   1.562	   1.566	           9000	      1.553	      1.536	      1.536	      1.545	           	      0.000	     90.000	    483.400	    394.001	     -0.000	     -0.006	      0.012	
 2018/05/11	   1.571	   1.571	   1.562	   1.563	          20700	      1.559	      1.539	      1.536	      1.545	           	      0.000	    207.000	    522.200	    385.201	      0.001	     -0.005	      0.012	
 2018/05/14	   1.564	   1.564	   1.564	   1.564	           5600	      1.561	      1.544	      1.536	      1.546	           	      0.000	     56.000	    485.000	    305.601	      0.003	     -0.003	      0.012	
 2018/05/15	   1.559	   1.569	   1.559	   1.569	          28100	      1.563	      1.549	      1.536	      1.548	           	      0.000	    281.000	    497.400	    314.100	      0.004	     -0.002	      0.012	
 2018/05/16	   1.572	   1.581	   1.570	   1.570	          92800	      1.566	      1.556	      1.538	      1.549	           	      0.000	    928.000	    312.400	    406.100	      0.005	     -0.000	      0.011	
 2018/05/17	   1.570	   1.573	   1.566	   1.566	          15700	      1.566	      1.560	      1.541	      1.552	           	      0.000	    157.000	    325.800	    404.600	      0.006	      0.001	      0.010	
 2018/05/18	   1.571	   1.577	   1.561	   1.577	          20700	      1.569	      1.564	      1.543	      1.553	           	      0.000	    207.000	    325.800	    424.000	      0.007	      0.002	      0.010	
 2018/05/21	   1.579	   1.599	   1.579	   1.596	         681900	      1.576	      1.568	      1.546	      1.555	           	      0.000	   6819.000	   1678.400	   1081.700	      0.010	      0.004	      0.012	
 2018/05/22	   1.596	   1.606	   1.596	   1.606	          31800	      1.583	      1.573	      1.550	      1.557	           	      0.000	    318.000	   1685.800	   1091.600	      0.012	      0.005	      0.013	
 2018/05/23	   1.606	   1.606	   1.588	   1.589	         602400	      1.587	      1.577	      1.555	      1.558	           	      0.000	   6024.000	   2705.000	   1508.700	      0.013	      0.007	      0.012	
 2018/05/24	   1.585	   1.587	   1.580	   1.580	          31100	      1.590	      1.578	      1.557	      1.559	           	      0.000	    311.000	   2735.800	   1530.800	      0.012	      0.008	      0.009	
 2018/05/25	   1.582	   1.582	   1.564	   1.576	         183300	      1.589	      1.579	      1.559	      1.559	           	      0.000	   1833.000	   3061.000	   1693.400	      0.011	      0.009	      0.006	
 2018/05/28	   1.560	   1.571	   1.554	   1.571	         114100	      1.584	      1.580	      1.562	      1.560	           	      0.000	   1141.000	   1925.400	   1801.900	      0.010	      0.009	      0.003	
 2018/05/29	   1.571	   1.571	   1.554	   1.554	          64900	      1.574	      1.579	      1.564	      1.560	           	      0.000	    649.000	   1991.600	   1838.700	      0.008	      0.009	     -0.002	
 2018/05/30	   1.549	   1.549	   1.514	   1.514	          79200	      1.559	      1.573	      1.564	      1.559	           	      0.000	    792.000	    945.200	   1825.100	      0.003	      0.007	     -0.010	
 2018/05/31	   1.528	   1.540	   1.521	   1.540	          27300	      1.551	      1.570	      1.565	      1.558	           	      0.000	    273.000	    937.600	   1836.700	      0.001	      0.006	     -0.011	
 2018/06/01	   1.535	   1.537	   1.517	   1.517	          82800	      1.539	      1.564	      1.564	      1.558	           	      0.000	    828.000	    736.600	   1898.800	     -0.003	      0.004	     -0.014	
 2018/06/04	   1.515	   1.520	   1.515	   1.519	          16600	      1.529	      1.557	      1.562	      1.556	           	      0.000	    166.000	    541.600	   1233.500	     -0.005	      0.002	     -0.015	
 2018/06/05	   1.527	   1.540	   1.527	   1.540	          11300	      1.526	      1.550	      1.562	      1.556	           	      0.000	    113.000	    434.400	   1213.000	     -0.005	      0.001	     -0.013	
 2018/06/06	   1.552	   1.552	   1.549	   1.550	          25300	      1.533	      1.546	      1.561	      1.555	           	      0.000	    253.000	    326.600	    635.900	     -0.005	     -0.000	     -0.009	
 2018/06/07	   1.551	   1.555	   1.540	   1.542	          98500	      1.534	      1.542	      1.560	      1.555	           	      0.000	    985.000	    469.000	    703.300	     -0.005	     -0.001	     -0.007	
 2018/06/08	   1.535	   1.535	   1.518	   1.522	          51900	      1.535	      1.537	      1.558	      1.553	           	      0.000	    519.000	    407.200	    571.900	     -0.006	     -0.002	     -0.008	
 2018/06/11	   1.517	   1.517	   1.506	   1.510	          22800	      1.533	      1.531	      1.555	      1.551	           	      0.000	    228.000	    419.600	    480.600	     -0.008	     -0.003	     -0.010	
 2018/06/12	   1.510	   1.529	   1.510	   1.529	           5200	      1.531	      1.528	      1.553	      1.550	           	      0.000	     52.000	    407.400	    420.900	     -0.008	     -0.004	     -0.008	
 2018/06/13	   1.515	   1.515	   1.515	   1.515	           9400	      1.524	      1.528	      1.551	      1.549	           	      0.000	     94.000	    375.600	    351.100	     -0.010	     -0.005	     -0.008	
 2018/06/14	   1.504	   1.506	   1.498	   1.498	          70100	      1.515	      1.524	      1.547	      1.547	           	      0.000	    701.000	    318.800	    393.900	     -0.012	     -0.007	     -0.010	
 2018/06/15	   1.488	   1.489	   1.470	   1.476	          58100	      1.506	      1.520	      1.542	      1.545	           	      0.000	    581.000	    331.200	    369.200	     -0.015	     -0.008	     -0.013	
 2018/06/19	   1.471	   1.471	   1.370	   1.400	         553000	      1.484	      1.508	      1.532	      1.542	           	      0.000	   5530.000	   1391.600	    905.600	     -0.023	     -0.011	     -0.024	
 2018/06/20	   1.390	   1.411	   1.380	   1.411	         276700	      1.460	      1.495	      1.523	      1.539	           	      0.000	   2767.000	   1934.600	   1171.000	     -0.029	     -0.015	     -0.028	
 2018/06/21	   1.413	   1.420	   1.380	   1.380	         167300	      1.433	      1.478	      1.512	      1.536	           	      0.000	   1673.000	   2250.400	   1313.000	     -0.035	     -0.019	     -0.033	
 2018/06/22	   1.379	   1.399	   1.360	   1.399	          85700	      1.413	      1.464	      1.503	      1.535	           	      0.000	    857.000	   2281.600	   1300.200	     -0.038	     -0.023	     -0.031	
 2018/06/25	   1.400	   1.409	   1.393	   1.393	          19100	      1.397	      1.451	      1.494	      1.533	           	      0.000	    191.000	   2203.600	   1267.400	     -0.041	     -0.026	     -0.029	
 2018/06/26	   1.380	   1.399	   1.373	   1.391	         103800	      1.395	      1.439	      1.485	      1.530	           	      0.000	   1038.000	   1305.200	   1348.400	     -0.042	     -0.030	     -0.026	
 2018/06/27	   1.400	   1.400	   1.376	   1.380	          20800	      1.389	      1.424	      1.476	      1.527	           	      0.000	    208.000	    793.400	   1364.000	     -0.044	     -0.033	     -0.023	
 2018/06/28	   1.377	   1.385	   1.365	   1.365	          45000	      1.386	      1.409	      1.469	      1.524	           	      0.000	    450.000	    548.800	   1399.600	     -0.046	     -0.035	     -0.022	
 2018/06/29	   1.365	   1.401	   1.365	   1.401	          72600	      1.386	      1.400	      1.462	      1.521	           	      0.000	    726.000	    522.600	   1402.100	     -0.044	     -0.037	     -0.015	
 2018/07/02	   1.401	   1.403	   1.370	   1.378	         107700	      1.383	      1.390	      1.455	      1.518	           	      0.000	   1077.000	    699.800	   1451.700	     -0.044	     -0.038	     -0.011	
 2018/07/03	   1.370	   1.386	   1.355	   1.386	         123800	      1.382	      1.388	      1.448	      1.516	           	      0.000	   1238.000	    739.800	   1022.500	     -0.043	     -0.039	     -0.007	
 2018/07/04	   1.382	   1.382	   1.369	   1.369	          13700	      1.380	      1.384	      1.440	      1.512	           	      0.000	    137.000	    725.600	    759.500	     -0.043	     -0.040	     -0.006	
 2018/07/05	   1.357	   1.362	   1.328	   1.331	         185900	      1.373	      1.379	      1.429	      1.509	           	      0.000	   1859.000	   1007.400	    778.100	     -0.045	     -0.041	     -0.008	
 2018/07/06	   1.330	   1.349	   1.310	   1.336	         184900	      1.360	      1.373	      1.418	      1.505	           	      0.000	   1849.000	   1232.000	    877.300	     -0.046	     -0.042	     -0.008	
 2018/07/09	   1.356	   1.370	   1.356	   1.370	          55200	      1.358	      1.371	      1.411	      1.502	           	      0.000	    552.000	   1127.000	    913.400	     -0.044	     -0.043	     -0.003	
 2018/07/10	   1.370	   1.383	   1.370	   1.377	          23700	      1.357	      1.369	      1.404	      1.499	           	      0.000	    237.000	    926.800	    833.300	     -0.041	     -0.042	      0.003	
 2018/07/11	   1.350	   1.363	   1.340	   1.355	          60800	      1.354	      1.367	      1.396	      1.495	           	      0.000	    608.000	   1021.000	    873.300	     -0.040	     -0.042	      0.004	
 2018/07/12	   1.363	   1.394	   1.363	   1.394	          65800	      1.366	      1.370	      1.390	      1.493	           	      0.000	    658.000	    780.800	    894.100	     -0.036	     -0.041	      0.010	
 2018/07/13	   1.394	   1.400	   1.394	   1.400	          11000	      1.379	      1.370	      1.385	      1.491	           	      0.000	    110.000	    433.000	    832.500	     -0.031	     -0.039	      0.015	
 2018/07/16	   1.404	   1.405	   1.398	   1.403	          45300	      1.386	      1.372	      1.381	      1.489	           	      0.000	    453.000	    413.200	    770.100	     -0.027	     -0.036	      0.018	
 2018/07/17	   1.398	   1.400	   1.387	   1.400	          39300	      1.390	      1.373	      1.381	      1.486	           	      0.000	    393.000	    444.400	    685.600	     -0.024	     -0.034	      0.020	
 2018/07/18	   1.410	   1.410	   1.396	   1.396	           9000	      1.399	      1.376	      1.380	      1.484	           	      0.000	     90.000	    340.800	    680.900	     -0.022	     -0.031	      0.020	
 2018/07/19	   1.397	   1.397	   1.380	   1.383	          35700	      1.396	      1.381	      1.380	      1.482	           	      0.000	    357.000	    280.600	    530.700	     -0.021	     -0.029	      0.018	
 2018/07/20	   1.388	   1.400	   1.388	   1.399	          34300	      1.396	      1.388	      1.380	      1.480	           	      0.000	    343.000	    327.200	    380.100	     -0.018	     -0.027	      0.018	
 2018/07/23	   1.400	   1.401	   1.397	   1.401	          39700	      1.396	      1.391	      1.381	      1.478	           	      0.000	    397.000	    316.000	    364.600	     -0.016	     -0.025	      0.018	
 2018/07/24	   1.412	   1.437	   1.412	   1.437	          84500	      1.403	      1.397	      1.383	      1.477	           	      0.000	    845.000	    406.400	    425.400	     -0.011	     -0.022	      0.022	
 2018/07/25	   1.434	   1.438	   1.433	   1.433	          22700	      1.411	      1.405	      1.386	      1.475	           	      0.000	    227.000	    433.800	    387.300	     -0.007	     -0.019	      0.023	
 2018/07/26	   1.428	   1.430	   1.422	   1.422	          59000	      1.418	      1.407	      1.389	      1.474	           	      0.000	    590.000	    480.400	    380.500	     -0.005	     -0.016	      0.022	
 2018/07/27	   1.423	   1.428	   1.417	   1.420	         740600	      1.423	      1.409	      1.390	      1.472	           	      0.000	   7406.000	   1893.000	   1110.100	     -0.004	     -0.014	      0.020	
 2018/07/30	   1.419	   1.419	   1.399	   1.399	         749200	      1.422	      1.409	      1.391	      1.470	           	      0.000	   7492.000	   3312.000	   1814.000	     -0.004	     -0.012	      0.015	
 2018/07/31	   1.412	   1.412	   1.406	   1.407	          36700	      1.416	      1.410	      1.392	      1.467	           	      0.000	    367.000	   3216.400	   1811.400	     -0.004	     -0.010	      0.013	
 2018/08/01	   1.415	   1.419	   1.385	   1.385	          71800	      1.407	      1.409	      1.392	      1.465	           	      0.000	    718.000	   3314.600	   1874.200	     -0.006	     -0.009	      0.008	
 2018/08/02	   1.377	   1.377	   1.330	   1.352	        2129500	      1.393	      1.406	      1.393	      1.461	           	      0.000	  21295.000	   7455.600	   3968.000	     -0.009	     -0.009	      0.000	
 2018/08/03	   1.348	   1.357	   1.341	   1.341	        2120200	      1.377	      1.400	      1.394	      1.457	           	      0.000	  21202.000	  10214.800	   6053.900	     -0.013	     -0.010	     -0.006	
 2018/08/06	   1.322	   1.333	   1.301	   1.306	         243600	      1.358	      1.390	      1.390	      1.453	           	      0.000	   2436.000	   9203.600	   6257.800	     -0.019	     -0.012	     -0.013	
 2018/08/07	   1.319	   1.335	   1.300	   1.335	         102400	      1.344	      1.380	      1.388	      1.449	           	      0.000	   1024.000	   9335.000	   6275.700	     -0.020	     -0.014	     -0.014	
 2018/08/08	   1.341	   1.341	   1.322	   1.324	          35600	      1.332	      1.369	      1.387	      1.445	           	      0.000	    356.000	   9262.600	   6288.600	     -0.022	     -0.015	     -0.014	
 2018/08/09	   1.328	   1.360	   1.328	   1.357	          46900	      1.333	      1.363	      1.385	      1.442	           	      0.000	    469.000	   5097.400	   6276.500	     -0.021	     -0.016	     -0.009	
 2018/08/10	   1.359	   1.361	   1.356	   1.361	          34200	      1.337	      1.357	      1.383	      1.438	           	      0.000	    342.000	    925.400	   5570.100	     -0.020	     -0.017	     -0.005	
 2018/08/13	   1.356	   1.366	   1.346	   1.366	          23500	      1.349	      1.353	      1.381	      1.435	           	      0.000	    235.000	    485.200	   4844.400	     -0.018	     -0.017	     -0.001	
 2018/08/14	   1.369	   1.369	   1.358	   1.361	          11700	      1.354	      1.349	      1.379	      1.431	           	      0.000	    117.000	    303.800	   4819.400	     -0.016	     -0.017	      0.001	
 2018/08/15	   1.359	   1.359	   1.333	   1.333	          64000	      1.356	      1.344	      1.376	      1.426	           	      0.000	    640.000	    360.600	   4811.600	     -0.018	     -0.017	     -0.001	
 2018/08/16	   1.330	   1.335	   1.311	   1.320	          58200	      1.348	      1.340	      1.373	      1.422	           	      0.000	    582.000	    383.200	   2740.300	     -0.019	     -0.018	     -0.003	
 2018/08/17	   1.322	   1.328	   1.295	   1.297	         129300	      1.335	      1.336	      1.368	      1.417	           	      0.000	   1293.000	    573.400	    749.400	     -0.022	     -0.018	     -0.007	
 2018/08/20	   1.297	   1.300	   1.279	   1.300	         141700	      1.322	      1.335	      1.363	      1.413	           	      0.000	   1417.000	    809.800	    647.500	     -0.024	     -0.020	     -0.009	
 2018/08/21	   1.305	   1.323	   1.304	   1.321	          82100	      1.314	      1.334	      1.357	      1.408	           	      0.000	    821.000	    950.600	    627.200	     -0.023	     -0.020	     -0.006	
 2018/08/22	   1.316	   1.316	   1.307	   1.309	          10400	      1.309	      1.332	      1.351	      1.404	           	      0.000	    104.000	    843.400	    602.000	     -0.024	     -0.021	     -0.005	
 2018/08/23	   1.307	   1.314	   1.303	   1.313	          25800	      1.308	      1.328	      1.345	      1.401	           	      0.000	    258.000	    778.600	    580.900	     -0.023	     -0.021	     -0.004	
 2018/08/24	   1.309	   1.315	   1.307	   1.309	          44600	      1.310	      1.323	      1.340	      1.397	           	      0.000	    446.000	    609.200	    591.300	     -0.023	     -0.022	     -0.003	
 2018/08/27	   1.319	   1.334	   1.319	   1.334	          72200	      1.317	      1.320	      1.337	      1.394	           	      0.000	    722.000	    470.200	    640.000	     -0.021	     -0.022	      0.002	
 2018/08/28	   1.340	   1.342	   1.338	   1.338	          34400	      1.321	      1.317	      1.333	      1.391	           	      0.000	    344.000	    374.800	    662.700	     -0.018	     -0.021	      0.005	
 2018/08/29	   1.333	   1.333	   1.333	   1.333	           5800	      1.325	      1.317	      1.331	      1.388	           	      0.000	     58.000	    365.600	    604.500	     -0.016	     -0.020	      0.007	
 2018/08/30	   1.325	   1.325	   1.314	   1.314	          11200	      1.326	      1.317	      1.329	      1.384	           	      0.000	    112.000	    336.400	    557.500	     -0.016	     -0.019	      0.006	
 2018/08/31	   1.306	   1.309	   1.299	   1.299	          97000	      1.324	      1.317	      1.326	      1.380	           	      0.000	    970.000	    441.200	    525.200	     -0.017	     -0.019	      0.003	
 2018/09/03	   1.301	   1.301	   1.281	   1.300	          73700	      1.317	      1.317	      1.326	      1.376	           	      0.000	    737.000	    444.200	    457.200	     -0.018	     -0.019	      0.002	
 2018/09/04	   1.303	   1.313	   1.298	   1.313	          63400	      1.312	      1.316	      1.325	      1.373	           	      0.000	    634.000	    502.200	    438.500	     -0.017	     -0.018	      0.003	
 2018/09/05	   1.307	   1.311	   1.297	   1.297	          23000	      1.305	      1.315	      1.324	      1.369	           	      0.000	    230.000	    536.600	    451.100	     -0.017	     -0.018	      0.001	
 2018/09/06	   1.289	   1.298	   1.280	   1.282	          77400	      1.298	      1.312	      1.320	      1.365	           	      0.000	    774.000	    669.000	    502.700	     -0.019	     -0.018	     -0.001	
 2018/09/07	   1.289	   1.303	   1.280	   1.286	         109400	      1.296	      1.310	      1.316	      1.361	           	      0.000	   1094.000	    693.800	    567.500	     -0.019	     -0.018	     -0.002	
 2018/09/10	   1.282	   1.282	   1.265	   1.265	         139600	      1.289	      1.303	      1.311	      1.358	           	      0.000	   1396.000	    825.600	    634.900	     -0.021	     -0.019	     -0.004	
 2018/09/11	   1.265	   1.267	   1.253	   1.261	          65000	      1.278	      1.295	      1.306	      1.355	           	      0.000	    650.000	    828.800	    665.500	     -0.023	     -0.020	     -0.006	
 2018/09/12	   1.261	   1.265	   1.256	   1.260	          98500	      1.271	      1.288	      1.303	      1.353	           	      0.000	    985.000	    979.800	    758.200	     -0.024	     -0.020	     -0.006	
 2018/09/13	   1.271	   1.271	   1.252	   1.265	         128000	      1.267	      1.283	      1.300	      1.351	           	      0.000	   1280.000	   1081.000	    875.000	     -0.024	     -0.021	     -0.005	
 2018/09/14	   1.266	   1.266	   1.266	   1.266	           4200	      1.263	      1.280	      1.298	      1.349	           	      0.000	     42.000	    870.600	    782.200	     -0.023	     -0.022	     -0.004	
 2018/09/17	   1.263	   1.263	   1.245	   1.246	         139700	      1.260	      1.274	      1.296	      1.346	           	      0.000	   1397.000	    870.800	    848.200	     -0.025	     -0.022	     -0.005	
 2018/09/18	   1.244	   1.264	   1.242	   1.264	          84200	      1.260	      1.269	      1.293	      1.344	           	      0.000	    842.000	    909.200	    869.000	     -0.024	     -0.023	     -0.003	
 2018/09/19	   1.264	   1.293	   1.264	   1.286	         195700	      1.265	      1.268	      1.292	      1.343	           	      0.000	   1957.000	   1103.600	   1041.700	     -0.021	     -0.022	      0.002	
 2018/09/20	   1.283	   1.285	   1.279	   1.279	          20600	      1.268	      1.268	      1.290	      1.341	           	      0.000	    206.000	    888.800	    984.900	     -0.019	     -0.022	      0.005	
 2018/09/21	   1.285	   1.303	   1.285	   1.300	          71800	      1.275	      1.269	      1.289	      1.340	           	      0.000	    718.000	   1024.000	    947.300	     -0.016	     -0.021	      0.009	
 2018/09/25	   1.297	   1.304	   1.296	   1.300	          24900	      1.286	      1.273	      1.288	      1.338	           	      0.000	    249.000	    794.400	    832.600	     -0.013	     -0.019	      0.012	
 2018/09/26	   1.311	   1.316	   1.309	   1.309	          29400	      1.295	      1.278	      1.286	      1.337	           	      0.000	    294.000	    684.800	    797.000	     -0.010	     -0.017	      0.014	
 2018/09/27	   1.307	   1.311	   1.299	   1.299	          39000	      1.297	      1.281	      1.285	      1.336	           	      0.000	    390.000	    371.400	    737.500	     -0.009	     -0.016	      0.014	
 2018/09/28	   1.300	   1.308	   1.300	   1.308	          10100	      1.303	      1.286	      1.284	      1.335	           	      0.000	    101.000	    350.400	    619.600	     -0.006	     -0.014	      0.015	
 2018/10/08	   1.287	   1.290	   1.266	   1.266	          62700	      1.296	      1.286	      1.283	      1.334	           	      0.000	    627.000	    332.200	    678.100	     -0.008	     -0.013	      0.009	
 2018/10/09	   1.271	   1.271	   1.259	   1.259	          41700	      1.288	      1.287	      1.281	      1.332	           	      0.000	    417.000	    365.800	    580.100	     -0.010	     -0.012	      0.005	
 2018/10/10	   1.259	   1.261	   1.256	   1.261	          10600	      1.279	      1.287	      1.278	      1.330	           	      0.000	    106.000	    328.200	    506.500	     -0.011	     -0.012	      0.002	
 2018/10/11	   1.175	   1.283	   1.175	   1.181	         605000	      1.255	      1.276	      1.272	      1.328	           	      0.000	   6050.000	   1460.200	    915.800	     -0.018	     -0.013	     -0.010	
 2018/10/12	   1.177	   1.182	   1.150	   1.180	         135200	      1.229	      1.266	      1.267	      1.324	           	      0.000	   1352.000	   1710.400	   1030.400	     -0.023	     -0.015	     -0.017	
 2018/10/15	   1.180	   1.186	   1.153	   1.154	         222800	      1.207	      1.252	      1.260	      1.320	           	      0.000	   2228.000	   2030.600	   1181.400	     -0.029	     -0.018	     -0.023	
 2018/10/16	   1.157	   1.157	   1.120	   1.125	         721600	      1.180	      1.234	      1.253	      1.315	           	      0.000	   7216.000	   3390.400	   1878.100	     -0.036	     -0.022	     -0.029	
 2018/10/17	   1.130	   1.136	   1.109	   1.131	         725900	      1.154	      1.216	      1.247	      1.311	           	      0.000	   7259.000	   4821.000	   2574.600	     -0.041	     -0.025	     -0.030	
 2018/10/18	   1.114	   1.115	   1.100	   1.102	         267000	      1.138	      1.197	      1.239	      1.306	           	      0.000	   2670.000	   4145.000	   2802.600	     -0.046	     -0.029	     -0.033	
 2018/10/19	   1.102	   1.127	   1.086	   1.127	         584600	      1.128	      1.179	      1.232	      1.302	           	      0.000	   5846.000	   5043.800	   3377.100	     -0.047	     -0.033	     -0.029	
 2018/10/22	   1.129	   1.194	   1.129	   1.182	        1144900	      1.133	      1.170	      1.228	      1.298	           	      0.000	  11449.000	   6888.000	   4459.300	     -0.044	     -0.035	     -0.017	
 2018/10/23	   1.177	   1.187	   1.152	   1.155	          80400	      1.139	      1.160	      1.223	      1.294	           	      0.000	    804.000	   5605.600	   4498.000	     -0.043	     -0.037	     -0.012	
 2018/10/24	   1.157	   1.169	   1.147	   1.157	          50300	      1.145	      1.149	      1.218	      1.289	           	      0.000	    503.000	   4254.400	   4537.700	     -0.041	     -0.038	     -0.007	
 2018/10/25	   1.145	   1.150	   1.125	   1.147	         207000	      1.154	      1.146	      1.211	      1.284	           	      0.000	   2070.000	   4134.400	   4139.700	     -0.040	     -0.038	     -0.004	
 2018/10/26	   1.156	   1.161	   1.145	   1.147	         236900	      1.158	      1.143	      1.204	      1.280	           	      0.000	   2369.000	   3439.000	   4241.400	     -0.039	     -0.038	     -0.001	
 2018/10/29	   1.144	   1.144	   1.123	   1.123	          55200	      1.146	      1.140	      1.196	      1.275	           	      0.000	    552.000	   1259.600	   4073.800	     -0.039	     -0.038	     -0.002	
 2018/10/30	   1.123	   1.134	   1.104	   1.130	          87600	      1.141	      1.140	      1.187	      1.270	           	      0.000	    876.000	   1274.000	   3439.800	     -0.039	     -0.039	     -0.001	
 2018/10/31	   1.136	   1.160	   1.136	   1.156	          94700	      1.141	      1.143	      1.179	      1.266	           	      0.000	    947.000	   1362.800	   2808.600	     -0.036	     -0.038	      0.004	
 2018/11/01	   1.166	   1.173	   1.162	   1.163	          56100	      1.144	      1.149	      1.173	      1.263	           	      0.000	    561.000	   1061.000	   2597.700	     -0.033	     -0.037	      0.009	
 2018/11/02	   1.165	   1.199	   1.165	   1.198	         494300	      1.154	      1.156	      1.167	      1.260	           	      0.000	   4943.000	   1575.800	   2507.400	     -0.027	     -0.035	      0.016	
 2018/11/05	   1.195	   1.205	   1.187	   1.201	         199700	      1.170	      1.158	      1.164	      1.258	           	      0.000	   1997.000	   1864.800	   1562.200	     -0.022	     -0.032	      0.021	
 2018/11/06	   1.202	   1.202	   1.190	   1.190	          19000	      1.182	      1.161	      1.161	      1.256	           	      0.000	    190.000	   1727.600	   1500.800	     -0.019	     -0.030	      0.022	
 2018/11/07	   1.195	   1.207	   1.193	   1.193	          55800	      1.189	      1.165	      1.157	      1.253	           	      0.000	    558.000	   1649.800	   1506.300	     -0.015	     -0.027	      0.023	
 2018/11/08	   1.200	   1.200	   1.185	   1.185	          11400	      1.193	      1.169	      1.157	      1.251	           	      0.000	    114.000	   1560.400	   1310.700	     -0.014	     -0.024	      0.021	
 2018/11/09	   1.180	   1.180	   1.178	   1.178	          40000	      1.189	      1.172	      1.157	      1.248	           	      0.000	    400.000	    651.800	   1113.800	     -0.012	     -0.022	      0.019	
 2018/11/12	   1.196	   1.209	   1.196	   1.209	        1258700	      1.191	      1.180	      1.160	      1.246	           	      0.000	  12587.000	   2769.800	   2317.300	     -0.009	     -0.019	      0.021	
 2018/11/13	   1.206	   1.229	   1.194	   1.228	        1200800	      1.199	      1.190	      1.165	      1.243	           	      0.000	  12008.000	   5133.400	   3430.500	     -0.005	     -0.016	      0.023	
 2018/11/14	   1.220	   1.229	   1.215	   1.215	           8800	      1.203	      1.196	      1.169	      1.241	           	      0.000	     88.000	   5039.400	   3344.600	     -0.002	     -0.013	      0.023	
 2018/11/15	   1.220	   1.238	   1.217	   1.238	          26300	      1.214	      1.204	      1.176	      1.239	           	      0.000	    263.000	   5069.200	   3314.800	      0.002	     -0.010	      0.024	
 2018/11/16	   1.239	   1.253	   1.239	   1.245	         141600	      1.227	      1.208	      1.182	      1.238	           	      0.000	   1416.000	   5272.400	   2962.100	      0.005	     -0.007	      0.025	
 2018/11/19	   1.243	   1.255	   1.240	   1.255	         125400	      1.236	      1.214	      1.186	      1.237	           	      0.000	   1254.000	   3005.800	   2887.800	      0.009	     -0.004	      0.025	
 2018/11/20	   1.237	   1.239	   1.221	   1.222	          82600	      1.235	      1.217	      1.189	      1.236	           	      0.000	    826.000	    769.400	   2951.400	      0.009	     -0.002	      0.020	
 2018/11/21	   1.219	   1.223	   1.206	   1.223	         851800	      1.237	      1.220	      1.192	      1.234	           	      0.000	   8518.000	   2455.400	   3747.400	      0.009	      0.000	      0.016	
 2018/11/22	   1.222	   1.229	   1.217	   1.229	        1949000	      1.235	      1.224	      1.196	      1.233	           	      0.000	  19490.000	   6300.800	   5685.000	      0.009	      0.002	      0.014	
 2018/11/23	   1.211	   1.211	   1.183	   1.183	         651900	      1.222	      1.225	      1.198	      1.231	           	      0.000	   6519.000	   7321.400	   6296.900	      0.005	      0.003	      0.005	
 2018/11/26	   1.184	   1.184	   1.183	   1.183	          21700	      1.208	      1.222	      1.201	      1.229	           	      0.000	    217.000	   7114.000	   5059.900	      0.003	      0.003	     -0.000	
 2018/11/27	   1.187	   1.187	   1.181	   1.181	           9700	      1.200	      1.217	      1.204	      1.226	           	      0.000	     97.000	   6968.200	   3868.800	      0.000	      0.002	     -0.004	
 2018/11/28	   1.175	   1.198	   1.175	   1.198	         124200	      1.195	      1.216	      1.206	      1.224	           	      0.000	   1242.000	   5513.000	   3984.200	     -0.000	      0.002	     -0.004	
 2018/11/29	   1.200	   1.200	   1.178	   1.178	         215900	      1.185	      1.210	      1.207	      1.221	           	      0.000	   2159.000	   2046.800	   4173.800	     -0.002	      0.001	     -0.006	
 2018/11/30	   1.176	   1.186	   1.168	   1.186	          62800	      1.185	      1.204	      1.206	      1.219	           	      0.000	    628.000	    868.600	   4095.000	     -0.003	      0.000	     -0.007	
 2018/12/03	   1.188	   1.230	   1.188	   1.222	         309100	      1.193	      1.201	      1.207	      1.218	           	      0.000	   3091.000	   1443.400	   4278.700	     -0.001	     -0.000	     -0.002	
 2018/12/04	   1.222	   1.230	   1.222	   1.230	          56800	      1.203	      1.201	      1.209	      1.217	           	      0.000	    568.000	   1537.600	   4252.900	      0.001	      0.000	      0.002	
 2018/12/05	   1.227	   1.229	   1.212	   1.223	         163400	      1.208	      1.201	      1.211	      1.215	           	      0.000	   1634.000	   1616.000	   3564.500	      0.003	      0.001	      0.004	
 2018/12/06	   1.215	   1.215	   1.200	   1.200	          47200	      1.212	      1.198	      1.211	      1.214	           	      0.000	    472.000	   1278.600	   1662.700	      0.002	      0.001	      0.002	
 2018/12/07	   1.204	   1.204	   1.198	   1.198	          22400	      1.215	      1.200	      1.212	      1.212	           	      0.000	    224.000	   1197.800	   1033.200	      0.001	      0.001	      0.000	
 2018/12/10	   1.197	   1.197	   1.186	   1.186	          13400	      1.207	      1.200	      1.211	      1.211	           	      0.000	    134.000	    606.400	   1024.900	     -0.001	      0.001	     -0.003	
 2018/12/11	   1.190	   1.194	   1.190	   1.192	           1500	      1.200	      1.201	      1.209	      1.209	           	      0.000	     15.000	    495.800	   1016.700	     -0.001	      0.000	     -0.003	
 2018/12/12	   1.200	   1.200	   1.194	   1.196	          54700	      1.194	      1.201	      1.208	      1.208	           	      0.000	    547.000	    278.400	    947.200	     -0.002	     -0.000	     -0.003	
 2018/12/13	   1.203	   1.218	   1.203	   1.212	          16700	      1.197	      1.204	      1.207	      1.207	           	      0.000	    167.000	    217.400	    748.000	     -0.001	     -0.000	     -0.001	
 2018/12/14	   1.204	   1.205	   1.192	   1.194	         118300	      1.196	      1.205	      1.205	      1.206	           	      0.000	   1183.000	    409.200	    803.500	     -0.001	     -0.000	     -0.002	
 2018/12/17	   1.179	   1.185	   1.173	   1.183	          49700	      1.195	      1.201	      1.201	      1.205	           	      0.000	    497.000	    481.800	    544.100	     -0.003	     -0.001	     -0.003	
 2018/12/18	   1.185	   1.185	   1.170	   1.180	         228700	      1.193	      1.196	      1.199	      1.204	           	      0.000	   2287.000	    936.200	    716.000	     -0.004	     -0.001	     -0.005	
 2018/12/19	   1.169	   1.171	   1.161	   1.163	          76262	      1.186	      1.190	      1.196	      1.202	           	      0.000	    762.620	    979.324	    628.862	     -0.006	     -0.002	     -0.007	
 2018/12/20	   1.164	   1.166	   1.156	   1.165	         130900	      1.177	      1.187	      1.193	      1.200	           	      0.000	   1309.000	   1207.724	    712.562	     -0.008	     -0.003	     -0.008	
 2018/12/21	   1.158	   1.158	   1.149	   1.151	          74000	      1.168	      1.182	      1.191	      1.198	           	      0.000	    740.000	   1119.124	    764.162	     -0.010	     -0.005	     -0.010	
 2018/12/24	   1.162	   1.168	   1.162	   1.168	          44800	      1.165	      1.180	      1.190	      1.196	           	      0.000	    448.000	   1109.324	    795.562	     -0.010	     -0.006	     -0.009	
 2018/12/25	   1.170	   1.170	   1.133	   1.146	          89000	      1.159	      1.176	      1.189	      1.193	           	      0.000	    890.000	    829.924	    883.062	     -0.012	     -0.007	     -0.010	
 2018/12/26	   1.148	   1.152	   1.148	   1.148	          54900	      1.156	      1.171	      1.186	      1.190	           	      0.000	    549.000	    787.200	    883.262	     -0.013	     -0.008	     -0.010	
 2018/12/27	   1.150	   1.159	   1.143	   1.143	          15600	      1.151	      1.164	      1.184	      1.188	           	      0.000	    156.000	    556.600	    882.162	     -0.014	     -0.010	     -0.010	
 2018/12/28	   1.143	   1.143	   1.132	   1.140	         119800	      1.149	      1.159	      1.182	      1.185	           	      0.000	   1198.000	    648.200	    883.662	     -0.015	     -0.011	     -0.009	
 2019/01/02	   1.141	   1.141	   1.126	   1.126	           7700	      1.141	      1.153	      1.177	      1.183	           	      0.000	     77.000	    574.000	    841.662	     -0.017	     -0.012	     -0.010	
 2019/01/03	   1.129	   1.132	   1.120	   1.120	          91800	      1.135	      1.147	      1.172	      1.180	           	      0.000	    918.000	    579.600	    704.762	     -0.019	     -0.013	     -0.011	
 2019/01/04	   1.120	   1.145	   1.120	   1.145	           6800	      1.135	      1.145	      1.168	      1.178	           	      0.000	     68.000	    483.400	    635.300	     -0.018	     -0.014	     -0.007	
 2019/01/07	   1.155	   1.168	   1.155	   1.168	          11700	      1.140	      1.145	      1.166	      1.178	           	      0.000	    117.000	    475.600	    516.100	     -0.015	     -0.014	     -0.001	
 2019/01/08	   1.162	   1.164	   1.161	   1.162	          13600	      1.144	      1.147	      1.164	      1.178	           	      0.000	    136.000	    263.200	    455.700	     -0.013	     -0.014	      0.002	
 2019/01/09	   1.172	   1.182	   1.170	   1.170	         322500	      1.153	      1.147	      1.164	      1.178	           	      0.000	   3225.000	    892.800	    733.400	     -0.011	     -0.014	      0.005	
 2019/01/10	   1.165	   1.174	   1.164	   1.164	          30600	      1.162	      1.149	      1.162	      1.179	           	      0.000	    306.000	    770.400	    675.000	     -0.010	     -0.013	      0.006	
 2019/01/11	   1.164	   1.175	   1.164	   1.175	          12300	      1.168	      1.151	      1.161	      1.180	           	      0.000	    123.000	    781.400	    632.400	     -0.007	     -0.012	      0.008	
 2019/01/14	   1.172	   1.172	   1.167	   1.169	          59700	      1.168	      1.154	      1.159	      1.181	           	      0.000	    597.000	    877.400	    676.500	     -0.006	     -0.011	      0.009	
 2019/01/15	   1.170	   1.181	   1.170	   1.181	         188800	      1.172	      1.158	      1.158	      1.182	           	      0.000	   1888.000	   1227.800	    745.500	     -0.004	     -0.009	      0.010	
 2019/01/16	   1.186	   1.186	   1.182	   1.182	         170100	      1.174	      1.164	      1.158	      1.182	           	      0.000	   1701.000	    923.000	    907.900	     -0.003	     -0.008	      0.011	
 2019/01/17	   1.174	   1.174	   1.174	   1.174	         170000	      1.176	      1.169	      1.158	      1.182	           	      0.000	   1700.000	   1201.800	    986.100	     -0.002	     -0.007	      0.010	
 2019/01/18	   1.185	   1.191	   1.180	   1.191	         308000	      1.179	      1.174	      1.159	      1.183	           	      0.000	   3080.000	   1793.200	   1287.300	      0.000	     -0.005	      0.011	
 2019/01/21	   1.193	   1.196	   1.193	   1.195	          58500	      1.185	      1.176	      1.161	      1.183	           	      0.000	    585.000	   1790.800	   1334.100	      0.002	     -0.004	      0.012	
 2019/01/22	   1.193	   1.193	   1.178	   1.180	          28100	      1.184	      1.178	      1.162	      1.184	           	      0.000	    281.000	   1469.400	   1348.600	      0.002	     -0.003	      0.010	
 2019/01/23	   1.179	   1.181	   1.177	   1.177	          40900	      1.183	      1.179	      1.163	      1.185	           	      0.000	    409.000	   1211.000	   1067.000	      0.002	     -0.002	      0.008	
 2019/01/24	   1.181	   1.191	   1.181	   1.190	         148900	      1.187	      1.181	      1.165	      1.186	           	      0.000	   1489.000	   1168.800	   1185.300	      0.003	     -0.001	      0.008	
 2019/01/25	   1.190	   1.192	   1.184	   1.184	          49200	      1.185	      1.182	      1.167	      1.186	           	      0.000	    492.000	    651.200	   1222.200	      0.003	      0.000	      0.006	
 2019/01/28	   1.194	   1.196	   1.183	   1.183	          11500	      1.183	      1.184	      1.169	      1.187	           	      0.000	    115.000	    557.200	   1174.000	      0.003	      0.001	      0.005	
 2019/01/29	   1.176	   1.176	   1.154	   1.169	         107200	      1.181	      1.183	      1.170	      1.186	           	      0.000	   1072.000	    715.400	   1092.400	      0.002	      0.001	      0.002	
 2019/01/30	   1.163	   1.163	   1.157	   1.157	          34400	      1.177	      1.180	      1.172	      1.185	           	      0.000	    344.000	    702.400	    956.700	      0.000	      0.001	     -0.001	
 2019/01/31	   1.159	   1.159	   1.145	   1.147	          75600	      1.168	      1.177	      1.173	      1.185	           	      0.000	    756.000	    555.800	    862.300	     -0.002	      0.000	     -0.004	
 2019/02/01	   1.155	   1.176	   1.155	   1.176	          99300	      1.166	      1.176	      1.175	      1.184	           	      0.000	    993.000	    656.000	    653.600	     -0.001	      0.000	     -0.003	
 2019/02/11	   1.176	   1.204	   1.176	   1.204	          15000	      1.171	      1.177	      1.176	      1.185	           	      0.000	    150.000	    663.000	    610.100	      0.001	      0.000	      0.002	
 2019/02/12	   1.206	   1.218	   1.203	   1.211	         125600	      1.179	      1.180	      1.179	      1.185	           	      0.000	   1256.000	    699.800	    707.600	      0.004	      0.001	      0.006	
 2019/02/13	   1.215	   1.237	   1.215	   1.237	         164200	      1.195	      1.186	      1.182	      1.186	           	      0.000	   1642.000	    959.400	    830.900	      0.008	      0.002	      0.011	
 2019/02/14	   1.237	   1.241	   1.234	   1.240	         350600	      1.214	      1.191	      1.186	      1.186	           	      0.000	   3506.000	   1509.400	   1032.600	      0.012	      0.004	      0.014	
 2019/02/15	   1.240	   1.240	   1.229	   1.229	          57300	      1.224	      1.195	      1.189	      1.186	           	      0.000	    573.000	   1425.400	   1040.700	      0.013	      0.006	      0.014	
 2019/02/18	   1.229	   1.266	   1.229	   1.266	         321600	      1.237	      1.204	      1.194	      1.187	           	      0.000	   3216.000	   2038.600	   1350.800	      0.017	      0.008	      0.018	
 2019/02/19	   1.271	   1.281	   1.255	   1.266	        1923500	      1.248	      1.213	      1.198	      1.187	           	      0.000	  19235.000	   5634.400	   3167.100	      0.020	      0.011	      0.019	
 2019/02/20	   1.266	   1.268	   1.258	   1.268	          63600	      1.254	      1.224	      1.202	      1.187	           	      0.000	    636.000	   5433.200	   3196.300	      0.022	      0.013	      0.019	
 2019/02/21	   1.272	   1.286	   1.265	   1.265	         639300	      1.259	      1.236	      1.207	      1.188	           	      0.000	   6393.000	   6010.600	   3760.000	      0.024	      0.015	      0.017	
 2019/02/22	   1.266	   1.293	   1.262	   1.293	         380000	      1.272	      1.248	      1.212	      1.189	           	      0.000	   3800.000	   6656.000	   4040.700	      0.027	      0.017	      0.019	
 2019/02/25	   1.295	   1.359	   1.295	   1.359	         482900	      1.290	      1.263	      1.220	      1.191	           	      0.000	   4829.000	   6978.600	   4508.600	      0.034	      0.021	      0.026	
 2019/02/26	   1.350	   1.380	   1.350	   1.354	         635200	      1.308	      1.278	      1.229	      1.194	           	      0.000	   6352.000	   4402.000	   5018.200	      0.039	      0.024	      0.029	
 2019/02/27	   1.361	   1.370	   1.339	   1.346	         323700	      1.323	      1.289	      1.237	      1.197	           	      0.000	   3237.000	   4922.200	   5177.700	      0.042	      0.028	      0.028	
 2019/02/28	   1.343	   1.364	   1.343	   1.354	         415400	      1.341	      1.300	      1.245	      1.200	           	      0.000	   4154.000	   4474.400	   5242.500	      0.044	      0.031	      0.026	
 2019/03/01	   1.354	   1.366	   1.345	   1.366	         389600	      1.356	      1.314	      1.255	      1.202	           	      0.000	   3896.000	   4493.600	   5574.800	      0.046	      0.034	      0.024	
 2019/03/04	   1.368	   1.411	   1.368	   1.386	         781700	      1.361	      1.326	      1.265	      1.206	           	      0.000	   7817.000	   5091.200	   6034.900	      0.049	      0.037	      0.024	
 2019/03/05	   1.389	   1.417	   1.381	   1.417	         421000	      1.374	      1.341	      1.277	      1.210	           	      0.000	   4210.000	   4662.800	   4532.400	      0.053	      0.040	      0.026	
 2019/03/06	   1.414	   1.442	   1.411	   1.442	        2383600	      1.393	      1.358	      1.291	      1.213	           	      0.000	  23836.000	   8782.600	   6852.400	      0.058	      0.044	      0.028	
 2019/03/07	   1.439	   1.471	   1.437	   1.460	        4489800	      1.414	      1.378	      1.307	      1.217	           	      0.000	  44898.000	  16931.400	  10702.900	      0.062	      0.048	      0.030	
 2019/03/08	   1.457	   1.457	   1.400	   1.400	         237300	      1.421	      1.388	      1.318	      1.220	           	      0.000	   2373.000	  16626.801	  10560.200	      0.060	      0.050	      0.020	
 2019/03/11	   1.400	   1.439	   1.394	   1.439	        1319200	      1.432	      1.396	      1.330	      1.224	           	      0.000	  13192.000	  17701.801	  11396.500	      0.061	      0.052	      0.018	
 2019/03/12	   1.440	   1.480	   1.440	   1.467	         977000	      1.442	      1.408	      1.343	      1.229	           	      0.000	   9770.000	  18813.801	  11738.300	      0.063	      0.055	      0.018	
 2019/03/13	   1.465	   1.476	   1.444	   1.445	        4500200	      1.442	      1.418	      1.353	      1.233	           	      0.000	  45002.000	  23047.000	  15914.800	      0.063	      0.056	      0.013	
 2019/03/14	   1.447	   1.447	   1.403	   1.416	         161400	      1.433	      1.424	      1.362	      1.237	           	      0.000	   1614.000	  14390.200	  15660.800	      0.059	      0.057	      0.004	
 2019/03/15	   1.427	   1.453	   1.424	   1.442	         112200	      1.442	      1.431	      1.373	      1.241	           	      0.000	   1122.000	  14140.000	  15383.400	      0.058	      0.057	      0.001	
 2019/03/18	   1.444	   1.483	   1.444	   1.483	        4337700	      1.451	      1.441	      1.383	      1.245	           	      0.000	  43377.000	  20177.000	  18939.400	      0.059	      0.057	      0.003	
 2019/03/19	   1.478	   1.491	   1.477	   1.483	        2135900	      1.454	      1.448	      1.394	      1.250	           	      0.000	  21359.000	  22494.801	  20654.301	      0.060	      0.058	      0.003	
 2019/03/20	   1.485	   1.489	   1.460	   1.486	         263400	      1.462	      1.452	      1.405	      1.255	           	      0.000	   2634.000	  14021.200	  18534.100	      0.059	      0.058	      0.003	
 2019/03/21	   1.483	   1.508	   1.458	   1.495	         513800	      1.478	      1.456	      1.417	      1.260	           	      0.000	   5138.000	  14726.000	  14558.100	      0.059	      0.058	      0.002	
 2019/03/22	   1.496	   1.510	   1.482	   1.510	         323500	      1.491	      1.467	      1.428	      1.266	           	      0.000	   3235.000	  15148.600	  14644.300	      0.060	      0.059	      0.003	
 2019/03/25	   1.500	   1.515	   1.491	   1.493	         957000	      1.493	      1.472	      1.434	      1.272	           	      0.000	   9570.000	   8387.200	  14282.100	      0.058	      0.059	     -0.001	
 2019/03/26	   1.495	   1.504	   1.451	   1.456	         899000	      1.488	      1.471	      1.439	      1.277	           	      0.000	   8990.000	   5913.400	  14204.100	      0.053	      0.058	     -0.008	
 2019/03/27	   1.460	   1.472	   1.445	   1.471	         305800	      1.485	      1.474	      1.446	      1.282	           	      0.000	   3058.000	   5998.200	  10009.700	      0.050	      0.056	     -0.012	
 2019/03/28	   1.468	   1.480	   1.457	   1.457	         102300	      1.477	      1.478	      1.451	      1.287	           	      0.000	   1023.000	   5175.200	   9950.600	      0.046	      0.054	     -0.016	
 2019/03/29	   1.454	   1.495	   1.445	   1.492	         238700	      1.474	      1.483	      1.457	      1.293	           	      0.000	   2387.000	   5005.600	  10077.100	      0.045	      0.052	     -0.015	
 2019/04/01	   1.504	   1.547	   1.469	   1.547	         601600	      1.485	      1.489	      1.465	      1.299	           	      0.000	   6016.000	   4294.800	   6341.000	      0.048	      0.051	     -0.007	
 2019/04/02	   1.552	   1.561	   1.544	   1.550	         427600	      1.503	      1.496	      1.472	      1.306	           	      0.000	   4276.000	   3352.000	   4632.700	      0.050	      0.051	     -0.002	
 2019/04/03	   1.550	   1.571	   1.541	   1.571	         269100	      1.523	      1.504	      1.478	      1.314	           	      0.000	   2691.000	   3278.600	   4638.400	      0.053	      0.051	      0.003	
 2019/04/04	   1.580	   1.586	   1.565	   1.583	         617700	      1.549	      1.513	      1.484	      1.321	           	      0.000	   6177.000	   4309.400	   4742.300	      0.055	      0.052	      0.006	
 2019/04/08	   1.587	   1.602	   1.561	   1.583	         760400	      1.567	      1.520	      1.493	      1.329	           	      0.000	   7604.000	   5352.800	   5179.200	      0.057	      0.053	      0.007	
 2019/04/09	   1.552	   1.600	   1.552	   1.576	         246200	      1.573	      1.529	      1.500	      1.336	           	      0.000	   2462.000	   4642.000	   4468.400	      0.056	      0.054	      0.005	
 2019/04/10	   1.575	   1.595	   1.565	   1.582	          73200	      1.579	      1.541	      1.506	      1.343	           	      0.000	    732.000	   3933.200	   3642.600	      0.056	      0.054	      0.004	
 2019/04/11	   1.583	   1.583	   1.556	   1.558	        1073300	      1.576	      1.550	      1.512	      1.349	           	      0.000	  10733.000	   5541.600	   4410.100	      0.053	      0.054	     -0.001	
 2019/04/12	   1.549	   1.550	   1.535	   1.546	          45200	      1.569	      1.559	      1.518	      1.355	           	      0.000	    452.000	   4396.600	   4353.000	      0.050	      0.053	     -0.007	
 2019/04/15	   1.556	   1.573	   1.535	   1.535	         371100	      1.559	      1.563	      1.523	      1.361	           	      0.000	   3711.000	   3618.000	   4485.400	      0.045	      0.052	     -0.013	
 2019/04/16	   1.532	   1.558	   1.510	   1.558	        1761100	      1.556	      1.564	      1.527	      1.368	           	      0.000	  17611.000	   6647.800	   5644.900	      0.043	      0.050	     -0.014	
 2019/04/17	   1.558	   1.569	   1.551	   1.567	         118500	      1.553	      1.566	      1.531	      1.374	           	      0.000	   1185.000	   6738.400	   5335.800	      0.042	      0.048	     -0.013	
 2019/04/18	   1.559	   1.583	   1.559	   1.560	        1014300	      1.553	      1.565	      1.535	      1.381	           	      0.000	  10143.000	   6620.400	   6081.000	      0.040	      0.047	     -0.014	
 2019/04/19	   1.551	   1.561	   1.543	   1.561	        2086100	      1.556	      1.563	      1.538	      1.387	           	      0.000	  20861.000	  10702.200	   7549.400	      0.038	      0.045	     -0.014	
 2019/04/22	   1.566	   1.566	   1.539	   1.546	         187600	      1.558	      1.559	      1.540	      1.393	           	      0.000	   1876.000	  10335.200	   6976.600	      0.034	      0.043	     -0.017	
 2019/04/23	   1.536	   1.543	   1.517	   1.522	          61100	      1.551	      1.553	      1.541	      1.398	           	      0.000	    611.000	   6935.200	   6791.500	      0.029	      0.040	     -0.021	
 2019/04/24	   1.522	   1.533	   1.509	   1.532	          41100	      1.544	      1.548	      1.545	      1.404	           	      0.000	    411.000	   6780.400	   6759.400	      0.026	      0.037	     -0.022	
 2019/04/25	   1.528	   1.528	   1.475	   1.476	         624500	      1.527	      1.540	      1.545	      1.409	           	      0.000	   6245.000	   6000.800	   6310.600	      0.019	      0.034	     -0.030	
 2019/04/26	   1.472	   1.478	   1.460	   1.460	        1015900	      1.507	      1.532	      1.545	      1.414	           	      0.000	  10159.000	   3860.400	   7281.300	      0.011	      0.029	     -0.035	
 2019/04/29	   1.461	   1.461	   1.423	   1.423	         205500	      1.483	      1.520	      1.542	      1.418	           	      0.000	   2055.000	   3896.200	   7115.700	      0.003	      0.024	     -0.042	
 2019/04/30	   1.435	   1.520	   1.433	   1.441	          34500	      1.466	      1.509	      1.536	      1.422	           	      0.000	    345.000	   3843.000	   5389.100	     -0.003	      0.019	     -0.043	
 2019/05/06	   1.431	   1.431	   1.332	   1.340	        1715500	      1.428	      1.486	      1.526	      1.425	           	      0.000	  17155.000	   7191.800	   6986.100	     -0.015	      0.012	     -0.054	
 2019/05/07	   1.349	   1.362	   1.340	   1.361	         228300	      1.405	      1.466	      1.515	      1.428	           	      0.000	   2283.000	   6399.400	   6200.100	     -0.023	      0.005	     -0.055	
 2019/05/08	   1.363	   1.368	   1.339	   1.350	        1109800	      1.383	      1.445	      1.504	      1.432	           	      0.000	  11098.000	   6587.200	   5223.800	     -0.030	     -0.002	     -0.055	
 2019/05/09	   1.341	   1.349	   1.328	   1.332	         461500	      1.365	      1.424	      1.491	      1.434	           	      0.000	   4615.000	   7099.200	   5497.700	     -0.036	     -0.009	     -0.054	
 2019/05/10	   1.343	   1.375	   1.322	   1.374	         484400	      1.351	      1.409	      1.481	      1.437	           	      0.000	   4844.000	   7999.000	   5921.000	     -0.037	     -0.015	     -0.045	
 2019/05/13	   1.360	   1.366	   1.357	   1.362	         118200	      1.356	      1.392	      1.470	      1.440	           	      0.000	   1182.000	   4804.400	   5998.100	     -0.039	     -0.019	     -0.039	
 2019/05/14	   1.348	   1.364	   1.348	   1.353	          67200	      1.354	      1.380	      1.460	      1.442	           	      0.000	    672.000	   4482.200	   5440.800	     -0.040	     -0.024	     -0.033	
 2019/05/15	   1.363	   1.383	   1.363	   1.381	          81400	      1.360	      1.372	      1.452	      1.444	           	      0.000	    814.000	   2425.400	   4506.300	     -0.039	     -0.027	     -0.024	
 2019/05/16	   1.385	   1.395	   1.385	   1.394	         119000	      1.373	      1.369	      1.445	      1.447	           	      0.000	   1190.000	   1740.400	   4419.800	     -0.036	     -0.028	     -0.015	
 2019/05/17	   1.386	   1.386	   1.348	   1.348	         450600	      1.368	      1.360	      1.434	      1.448	           	      0.000	   4506.000	   1672.800	   4835.900	     -0.037	     -0.030	     -0.014	
 2019/05/20	   1.345	   1.346	   1.324	   1.340	         649800	      1.363	      1.360	      1.423	      1.449	           	      0.000	   6498.000	   2736.000	   3770.200	     -0.038	     -0.032	     -0.013	
 2019/05/21	   1.325	   1.371	   1.325	   1.371	         147000	      1.367	      1.360	      1.413	      1.451	           	      0.000	   1470.000	   2895.600	   3688.900	     -0.036	     -0.033	     -0.007	
 2019/05/22	   1.363	   1.372	   1.360	   1.360	         170700	      1.363	      1.362	      1.403	      1.453	           	      0.000	   1707.000	   3074.200	   2749.800	     -0.035	     -0.033	     -0.004	
 2019/05/23	   1.354	   1.354	   1.335	   1.335	         448900	      1.351	      1.362	      1.393	      1.453	           	      0.000	   4489.000	   3734.000	   2737.200	     -0.036	     -0.034	     -0.004	
 2019/05/24	   1.343	   1.343	   1.326	   1.326	         149400	      1.346	      1.357	      1.383	      1.453	   1494.000	      1.000	   1494.000	   3131.600	   2402.200	     -0.037	     -0.034	     -0.005	
数据来源:通达信
