                  创业板 (159915)
      时间	    开盘	    最高	    最低	    收盘	         成交量	   MA.MA1   	   MA.MA2   	   MA.MA3   	   MA.MA4   	VOL-TDX.VVOL  	VOL-TDX.      	VOL-TDX.VOLUME	VOL-TDX.MAVOL1	VOL-TDX.MAVOL2	 MACD.DIF   	 MACD.DEA   	 MACD.MACD  	
 2011/12/09	   0.795	   0.814	   0.795	   0.797	      106177232	           	           	           	           	           	      0.000	1061772.375	           	           	      0.000	      0.000	      0.000	
 2011/12/12	   0.790	   0.803	   0.790	   0.790	       31106508	           	           	           	           	           	      0.000	 311065.094	           	           	     -0.001	     -0.000	     -0.001	
 2011/12/13	   0.788	   0.788	   0.763	   0.768	       96744368	           	           	           	           	           	      0.000	 967443.688	           	           	     -0.003	     -0.001	     -0.004	
 2011/12/14	   0.768	   0.777	   0.755	   0.760	       81609472	           	           	           	           	           	      0.000	 816094.750	           	           	     -0.005	     -0.002	     -0.007	
 2011/12/15	   0.755	   0.764	   0.747	   0.752	       41700500	      0.773	           	           	           	           	      0.000	 417005.000	 714676.188	           	     -0.007	     -0.003	     -0.010	
 2011/12/16	   0.750	   0.784	   0.748	   0.781	       82938440	      0.770	           	           	           	           	      0.000	 829384.375	 668198.563	           	     -0.007	     -0.004	     -0.007	
 2011/12/19	   0.775	   0.795	   0.766	   0.795	      106873520	      0.771	           	           	           	           	      0.000	1068735.250	 819732.625	           	     -0.005	     -0.004	     -0.003	
 2011/12/20	   0.795	   0.800	   0.780	   0.780	       65199184	      0.774	           	           	           	           	      0.000	 651991.813	 756642.250	           	     -0.005	     -0.004	     -0.002	
 2011/12/21	   0.786	   0.791	   0.766	   0.766	       48542544	      0.775	           	           	           	           	      0.000	 485425.438	 690508.375	           	     -0.006	     -0.005	     -0.003	
 2011/12/22	   0.756	   0.768	   0.730	   0.757	       70938408	      0.776	      0.775	           	           	           	      0.000	 709384.063	 748984.188	 731830.188	     -0.008	     -0.005	     -0.005	
 2011/12/23	   0.750	   0.773	   0.749	   0.761	      101360320	      0.772	      0.771	           	           	           	      0.000	1013603.188	 785827.938	 727013.250	     -0.008	     -0.006	     -0.005	
 2011/12/26	   0.759	   0.773	   0.751	   0.755	       45685476	      0.764	      0.767	           	           	           	      0.000	 456854.750	 663451.875	 741592.250	     -0.009	     -0.006	     -0.005	
 2011/12/27	   0.750	   0.754	   0.727	   0.729	      109915968	      0.754	      0.764	           	           	           	      0.000	1099159.625	 752885.438	 754763.813	     -0.012	     -0.008	     -0.009	
 2011/12/28	   0.720	   0.724	   0.703	   0.719	      115703880	      0.744	      0.759	           	           	           	      0.000	1157038.750	 887208.063	 788858.250	     -0.015	     -0.009	     -0.011	
 2011/12/29	   0.713	   0.726	   0.711	   0.718	       33972048	      0.736	      0.756	           	           	           	      0.000	 339720.469	 813275.375	 781129.750	     -0.017	     -0.011	     -0.012	
 2011/12/30	   0.723	   0.732	   0.722	   0.729	       77257520	      0.730	      0.751	           	           	           	      0.000	 772575.188	 765069.750	 775448.875	     -0.017	     -0.012	     -0.011	
 2012/01/04	   0.735	   0.739	   0.708	   0.708	       36049352	      0.721	      0.742	           	           	           	      0.000	 360493.531	 745797.500	 704624.688	     -0.019	     -0.013	     -0.012	
 2012/01/05	   0.705	   0.705	   0.666	   0.672	       66382216	      0.709	      0.731	           	           	           	      0.000	 663822.188	 658730.000	 705807.750	     -0.023	     -0.015	     -0.016	
 2012/01/06	   0.668	   0.676	   0.647	   0.670	      138794080	      0.699	      0.722	           	           	           	      0.000	1387940.750	 704910.438	 796059.250	     -0.027	     -0.018	     -0.018	
 2012/01/09	   0.667	   0.698	   0.658	   0.696	      177847072	      0.695	      0.716	      0.745	           	           	      0.000	1778470.750	 992660.500	 902967.938	     -0.027	     -0.019	     -0.014	
 2012/01/10	   0.696	   0.722	   0.691	   0.720	       75556136	      0.693	      0.712	      0.741	           	           	      0.000	 755561.375	 989257.750	 877163.750	     -0.024	     -0.020	     -0.008	
 2012/01/11	   0.717	   0.731	   0.711	   0.723	      125941376	      0.696	      0.708	      0.738	           	           	      0.000	1259413.750	1169041.750	 957419.625	     -0.022	     -0.021	     -0.003	
 2012/01/12	   0.717	   0.730	   0.710	   0.711	       79838624	      0.704	      0.707	      0.735	           	           	      0.000	 798386.250	1195954.625	 927342.313	     -0.021	     -0.021	     -0.001	
 2012/01/13	   0.709	   0.711	   0.666	   0.668	      211204112	      0.704	      0.701	      0.730	           	           	      0.000	2112041.000	1340774.625	1022842.500	     -0.024	     -0.021	     -0.004	
 2012/01/16	   0.656	   0.660	   0.635	   0.635	       92503552	      0.691	      0.693	      0.725	           	           	      0.000	 925035.500	1170087.625	1081374.000	     -0.028	     -0.023	     -0.010	
 2012/01/17	   0.635	   0.670	   0.627	   0.666	      226998256	      0.681	      0.687	      0.719	           	           	      0.000	2269982.500	1472971.750	1231114.750	     -0.028	     -0.024	     -0.009	
 2012/01/18	   0.665	   0.669	   0.624	   0.624	       87704160	      0.661	      0.678	      0.710	           	           	      0.000	 877041.625	1396497.375	1282769.625	     -0.032	     -0.025	     -0.013	
 2012/01/19	   0.619	   0.639	   0.615	   0.635	      101084632	      0.646	      0.675	      0.703	           	           	      0.000	1010846.313	1438989.375	1317472.000	     -0.033	     -0.027	     -0.013	
 2012/01/20	   0.634	   0.653	   0.634	   0.648	      107639896	      0.642	      0.673	      0.697	           	           	      0.000	1076399.000	1231861.000	1286317.750	     -0.033	     -0.028	     -0.010	
 2012/01/30	   0.649	   0.663	   0.645	   0.655	       92379696	      0.646	      0.669	      0.692	           	           	      0.000	 923796.938	1231613.250	1200850.375	     -0.032	     -0.029	     -0.006	
 2012/01/31	   0.652	   0.655	   0.638	   0.650	       62003252	      0.642	      0.661	      0.687	           	           	      0.000	 620032.500	 901623.250	1187297.500	     -0.031	     -0.029	     -0.003	
 2012/02/01	   0.651	   0.666	   0.648	   0.653	      150784768	      0.648	      0.655	      0.681	           	           	      0.000	1507847.625	1027784.500	1212140.875	     -0.030	     -0.029	     -0.001	
 2012/02/02	   0.654	   0.670	   0.653	   0.670	       73896736	      0.655	      0.650	      0.678	           	           	      0.000	 738967.375	 973408.688	1206199.000	     -0.027	     -0.029	      0.004	
 2012/02/03	   0.669	   0.685	   0.664	   0.682	      103945856	      0.662	      0.652	      0.677	           	           	      0.000	1039458.563	 966020.625	1098940.750	     -0.024	     -0.028	      0.008	
 2012/02/06	   0.683	   0.693	   0.683	   0.690	      129940592	      0.669	      0.657	      0.675	           	           	      0.000	1299405.875	1041142.375	1136377.875	     -0.020	     -0.026	      0.012	
 2012/02/07	   0.683	   0.685	   0.671	   0.675	      109232272	      0.674	      0.658	      0.673	           	           	      0.000	1092322.750	1135600.500	1018611.875	     -0.018	     -0.025	      0.013	
 2012/02/08	   0.677	   0.697	   0.671	   0.696	      200855440	      0.683	      0.665	      0.672	           	           	      0.000	2008554.375	1235741.750	1131763.125	     -0.015	     -0.023	      0.016	
 2012/02/09	   0.694	   0.708	   0.693	   0.701	      116409288	      0.689	      0.672	      0.673	           	           	      0.000	1164092.875	1320766.875	1147087.750	     -0.012	     -0.021	      0.018	
 2012/02/10	   0.700	   0.708	   0.695	   0.701	      113099856	      0.693	      0.677	      0.675	           	           	      0.000	1130998.500	1339074.875	1152547.750	     -0.009	     -0.018	      0.018	
 2012/02/13	   0.694	   0.721	   0.691	   0.718	      117284664	      0.698	      0.684	      0.676	           	           	      0.000	1172846.625	1313763.000	1177452.750	     -0.006	     -0.016	      0.020	
 2012/02/14	   0.715	   0.719	   0.708	   0.715	       58079240	      0.706	      0.690	      0.676	           	           	      0.000	 580792.375	1211457.000	1173528.750	     -0.003	     -0.013	      0.020	
 2012/02/15	   0.714	   0.727	   0.708	   0.726	       79149856	      0.712	      0.697	      0.676	           	           	      0.000	 791498.563	 968045.813	1101893.750	     -0.000	     -0.011	      0.021	
 2012/02/16	   0.723	   0.734	   0.715	   0.723	       50055724	      0.717	      0.703	      0.677	           	           	      0.000	 500557.250	 835338.688	1078052.750	      0.002	     -0.008	      0.020	
 2012/02/17	   0.726	   0.728	   0.710	   0.719	       67987776	      0.720	      0.706	      0.679	           	           	      0.000	 679877.750	 745114.500	1042094.688	      0.003	     -0.006	      0.018	
 2012/02/20	   0.725	   0.734	   0.722	   0.723	       39183956	      0.721	      0.710	      0.683	           	           	      0.000	 391839.563	 588913.125	 951338.063	      0.004	     -0.004	      0.016	
 2012/02/21	   0.721	   0.739	   0.716	   0.738	       77306936	      0.726	      0.716	      0.687	           	           	      0.000	 773069.375	 627368.500	 919412.750	      0.007	     -0.002	      0.017	
 2012/02/22	   0.738	   0.767	   0.737	   0.762	      193157648	      0.733	      0.723	      0.694	           	           	      0.000	1931576.500	 855384.063	 911714.938	      0.010	      0.001	      0.019	
 2012/02/23	   0.765	   0.768	   0.750	   0.760	      124234296	      0.740	      0.729	      0.700	           	           	      0.000	1242343.000	1003741.250	 919539.938	      0.013	      0.003	      0.019	
 2012/02/24	   0.758	   0.768	   0.755	   0.764	      136445088	      0.749	      0.735	      0.706	           	           	      0.000	1364450.875	1140655.875	 942885.188	      0.015	      0.005	      0.019	
 2012/02/27	   0.764	   0.774	   0.761	   0.763	      110213496	      0.757	      0.739	      0.711	           	           	      0.000	1102135.000	1282715.000	 935814.000	      0.016	      0.007	      0.017	
 2012/02/28	   0.758	   0.759	   0.740	   0.750	       93806672	      0.760	      0.743	      0.716	           	           	      0.000	 938066.750	1315714.375	 971541.438	      0.016	      0.009	      0.014	
 2012/02/29	   0.745	   0.751	   0.734	   0.737	       82783744	      0.755	      0.744	      0.721	           	           	      0.000	 827837.438	1094966.625	 975175.375	      0.015	      0.010	      0.009	
 2012/03/01	   0.733	   0.750	   0.733	   0.743	       82547416	      0.751	      0.746	      0.724	           	           	      0.000	 825474.188	1011592.875	1007667.063	      0.014	      0.011	      0.006	
 2012/03/02	   0.744	   0.759	   0.743	   0.759	       64597656	      0.750	      0.750	      0.728	           	           	      0.000	 645976.563	 867898.000	1004276.938	      0.015	      0.012	      0.006	
 2012/03/05	   0.760	   0.769	   0.758	   0.761	       47158412	      0.750	      0.754	      0.732	           	           	      0.000	 471584.125	 741787.813	1012251.375	      0.015	      0.012	      0.005	
 2012/03/06	   0.756	   0.760	   0.744	   0.752	       54151724	      0.750	      0.755	      0.736	           	           	      0.000	 541517.250	 662477.938	 989096.188	      0.014	      0.013	      0.003	
 2012/03/07	   0.743	   0.761	   0.740	   0.749	       61384480	      0.753	      0.754	      0.738	           	           	      0.000	 613844.813	 619679.375	 857323.000	      0.014	      0.013	      0.001	
 2012/03/08	   0.750	   0.766	   0.750	   0.765	       40179180	      0.757	      0.754	      0.741	           	           	      0.000	 401791.813	 534942.938	 773267.875	      0.014	      0.013	      0.002	
 2012/03/09	   0.767	   0.780	   0.765	   0.779	      122944480	      0.761	      0.756	      0.745	           	           	      0.000	1229444.750	 651636.563	 759767.250	      0.015	      0.014	      0.004	
 2012/03/12	   0.783	   0.787	   0.779	   0.786	      107803776	      0.766	      0.758	      0.749	      0.723	           	      0.000	1078037.750	 772927.250	 757357.563	      0.017	      0.014	      0.005	
 2012/03/13	   0.787	   0.794	   0.783	   0.793	       35307492	      0.774	      0.762	      0.753	      0.723	           	      0.000	 353074.906	 735238.813	 698858.375	      0.018	      0.015	      0.006	
 2012/03/14	   0.800	   0.802	   0.751	   0.756	      125620704	      0.776	      0.764	      0.754	      0.723	           	      0.000	1256207.000	 863711.250	 741695.313	      0.016	      0.015	      0.002	
 2012/03/15	   0.759	   0.762	   0.735	   0.747	      129150600	      0.772	      0.765	      0.755	      0.722	           	      0.000	1291506.000	1041654.063	 788298.500	      0.014	      0.015	     -0.002	
 2012/03/16	   0.749	   0.769	   0.747	   0.767	       98307632	      0.770	      0.766	      0.758	      0.722	           	      0.000	 983076.313	 992380.375	 822008.500	      0.013	      0.015	     -0.003	
 2012/03/19	   0.764	   0.783	   0.763	   0.780	       65436560	      0.769	      0.767	      0.761	      0.723	           	      0.000	 654365.625	 907646.000	 840286.625	      0.014	      0.014	     -0.001	
 2012/03/20	   0.775	   0.776	   0.755	   0.756	       89051864	      0.761	      0.768	      0.761	      0.722	           	      0.000	 890518.625	1015134.688	 875186.750	      0.012	      0.014	     -0.004	
 2012/03/21	   0.759	   0.763	   0.738	   0.750	       68199856	      0.760	      0.768	      0.761	      0.722	           	      0.000	 681998.563	 900293.000	 882002.125	      0.010	      0.013	     -0.006	
 2012/03/22	   0.750	   0.759	   0.743	   0.752	       51353588	      0.761	      0.767	      0.760	      0.721	           	      0.000	 513535.875	 744699.000	 893176.563	      0.009	      0.012	     -0.007	
 2012/03/23	   0.750	   0.752	   0.735	   0.740	       77648840	      0.756	      0.763	      0.759	      0.721	           	      0.000	 776488.375	 703381.438	 847880.875	      0.006	      0.011	     -0.009	
 2012/03/26	   0.738	   0.744	   0.732	   0.739	       21587764	      0.747	      0.758	      0.758	      0.721	           	      0.000	 215877.641	 615683.813	 761664.875	      0.005	      0.010	     -0.010	
 2012/03/27	   0.746	   0.748	   0.735	   0.737	       37273852	      0.744	      0.752	      0.757	      0.720	           	      0.000	 372738.531	 512127.813	 763631.250	      0.003	      0.008	     -0.011	
 2012/03/28	   0.733	   0.733	   0.699	   0.700	       46298272	      0.734	      0.747	      0.756	      0.719	           	      0.000	 462982.719	 468324.625	 684308.813	     -0.001	      0.006	     -0.016	
 2012/03/29	   0.698	   0.698	   0.678	   0.686	       64397460	      0.720	      0.741	      0.753	      0.719	           	      0.000	 643974.625	 494412.375	 619555.688	     -0.006	      0.004	     -0.020	
 2012/03/30	   0.686	   0.690	   0.677	   0.683	       27879706	      0.709	      0.732	      0.749	      0.718	           	      0.000	 278797.063	 394874.125	 549127.750	     -0.010	      0.001	     -0.022	
 2012/04/05	   0.680	   0.702	   0.678	   0.701	       64860940	      0.701	      0.724	      0.746	      0.718	           	      0.000	 648609.375	 481420.469	 548552.125	     -0.011	     -0.001	     -0.020	
 2012/04/06	   0.700	   0.708	   0.695	   0.703	       50509288	      0.695	      0.719	      0.743	      0.717	           	      0.000	 505092.875	 507891.344	 510009.563	     -0.012	     -0.003	     -0.017	
 2012/04/09	   0.701	   0.705	   0.691	   0.691	       25538368	      0.693	      0.713	      0.741	      0.717	           	      0.000	 255383.688	 466371.531	 467348.063	     -0.013	     -0.005	     -0.016	
 2012/04/10	   0.691	   0.701	   0.675	   0.700	       43221724	      0.696	      0.708	      0.737	      0.717	           	      0.000	 432217.250	 424020.063	 459216.219	     -0.013	     -0.007	     -0.013	
 2012/04/11	   0.690	   0.704	   0.688	   0.701	       40536952	      0.699	      0.704	      0.733	      0.718	           	      0.000	 405369.531	 449334.531	 422104.344	     -0.013	     -0.008	     -0.010	
 2012/04/12	   0.701	   0.718	   0.699	   0.718	       71346336	      0.703	      0.702	      0.730	      0.718	           	      0.000	 713463.375	 462305.344	 471862.906	     -0.012	     -0.009	     -0.006	
 2012/04/13	   0.719	   0.728	   0.716	   0.722	       63592248	      0.706	      0.701	      0.726	      0.718	           	      0.000	 635922.500	 488471.281	 498181.313	     -0.010	     -0.009	     -0.002	
 2012/04/16	   0.715	   0.723	   0.713	   0.719	       37035196	      0.712	      0.702	      0.725	      0.718	           	      0.000	 370351.969	 511464.938	 488918.219	     -0.009	     -0.009	      0.000	
 2012/04/17	   0.719	   0.721	   0.708	   0.710	       35016344	      0.714	      0.705	      0.723	      0.718	           	      0.000	 350163.438	 495054.156	 459537.094	     -0.009	     -0.009	      0.001	
 2012/04/18	   0.713	   0.730	   0.712	   0.728	      124734696	      0.719	      0.709	      0.721	      0.719	           	      0.000	1247347.000	 663449.625	 556392.125	     -0.007	     -0.009	      0.003	
 2012/04/19	   0.726	   0.732	   0.724	   0.728	       61837904	      0.721	      0.712	      0.718	      0.721	           	      0.000	 618379.063	 644432.813	 553369.063	     -0.005	     -0.008	      0.005	
 2012/04/20	   0.726	   0.732	   0.723	   0.729	       54608148	      0.723	      0.715	      0.717	      0.722	           	      0.000	 546081.500	 626464.625	 557467.938	     -0.004	     -0.007	      0.006	
 2012/04/23	   0.725	   0.725	   0.686	   0.686	      141603360	      0.716	      0.714	      0.714	      0.723	           	      0.000	1416033.625	 835600.938	 673532.938	     -0.006	     -0.007	      0.001	
 2012/04/24	   0.681	   0.691	   0.664	   0.683	       68260112	      0.711	      0.712	      0.710	      0.724	           	      0.000	 682601.125	 902088.438	 698571.313	     -0.008	     -0.007	     -0.002	
 2012/04/25	   0.681	   0.688	   0.676	   0.684	       34922140	      0.702	      0.711	      0.707	      0.724	           	      0.000	 349221.406	 722463.375	 692956.500	     -0.010	     -0.008	     -0.004	
 2012/04/26	   0.689	   0.689	   0.676	   0.681	       36139008	      0.693	      0.707	      0.705	      0.725	           	      0.000	 361390.094	 671065.563	 657749.188	     -0.011	     -0.008	     -0.005	
 2012/04/27	   0.680	   0.693	   0.678	   0.688	       44496472	      0.684	      0.704	      0.702	      0.725	           	      0.000	 444964.719	 650842.188	 638653.375	     -0.011	     -0.009	     -0.005	
 2012/05/02	   0.696	   0.701	   0.689	   0.698	       66155100	      0.687	      0.701	      0.702	      0.726	           	      0.000	 661551.000	 499945.656	 667773.313	     -0.011	     -0.009	     -0.003	
 2012/05/03	   0.697	   0.704	   0.694	   0.703	       58050456	      0.691	      0.701	      0.703	      0.727	           	      0.000	 580504.563	 479526.344	 690807.438	     -0.010	     -0.009	     -0.000	
 2012/05/04	   0.703	   0.719	   0.703	   0.719	       84968456	      0.698	      0.700	      0.705	      0.727	           	      0.000	 849684.563	 579619.000	 651041.188	     -0.007	     -0.009	      0.003	
 2012/05/07	   0.717	   0.737	   0.714	   0.737	       96135400	      0.709	      0.701	      0.706	      0.728	           	      0.000	 961354.000	 699611.750	 685338.688	     -0.004	     -0.008	      0.008	
 2012/05/08	   0.739	   0.743	   0.734	   0.734	      115937728	      0.718	      0.701	      0.708	      0.729	           	      0.000	1159377.250	 842494.250	 746668.250	     -0.002	     -0.007	      0.010	
 2012/05/09	   0.729	   0.733	   0.722	   0.724	       64441568	      0.723	      0.705	      0.710	      0.729	           	      0.000	 644415.688	 839067.188	 669506.438	     -0.001	     -0.006	      0.010	
 2012/05/10	   0.725	   0.735	   0.723	   0.732	       75957656	      0.729	      0.710	      0.711	      0.730	           	      0.000	 759576.563	 874881.625	 677204.000	      0.001	     -0.004	      0.010	
 2012/05/11	   0.730	   0.735	   0.722	   0.722	       58180736	      0.730	      0.714	      0.712	      0.730	           	      0.000	 581807.375	 821306.188	 700462.563	      0.001	     -0.003	      0.009	
 2012/05/14	   0.728	   0.735	   0.721	   0.722	       88465800	      0.727	      0.718	      0.712	      0.730	           	      0.000	 884658.000	 805967.000	 752789.375	      0.001	     -0.002	      0.007	
 2012/05/15	   0.718	   0.725	   0.713	   0.724	       43185328	      0.725	      0.721	      0.713	      0.731	           	      0.000	 431853.281	 660462.188	 751478.250	      0.002	     -0.001	      0.007	
 2012/05/16	   0.723	   0.727	   0.714	   0.714	       60953168	      0.723	      0.723	      0.712	      0.730	           	      0.000	 609531.688	 653485.375	 746276.313	      0.001	     -0.001	      0.004	
 2012/05/17	   0.715	   0.724	   0.707	   0.720	       51216976	      0.720	      0.725	      0.713	      0.730	           	      0.000	 512169.750	 604004.000	 739442.813	      0.001	     -0.000	      0.004	
 2012/05/18	   0.715	   0.722	   0.709	   0.712	       31018236	      0.718	      0.724	      0.712	      0.730	           	      0.000	 310182.375	 549679.000	 685492.625	      0.001	     -0.000	      0.002	
 2012/05/21	   0.712	   0.717	   0.703	   0.708	       62550840	      0.716	      0.721	      0.711	      0.730	           	      0.000	 625508.375	 497849.094	 651908.063	     -0.000	     -0.000	      0.000	
 2012/05/22	   0.711	   0.722	   0.711	   0.721	       42735560	      0.715	      0.720	      0.711	      0.730	           	      0.000	 427355.594	 496949.563	 578705.875	      0.000	     -0.000	      0.001	
 2012/05/23	   0.720	   0.722	   0.710	   0.716	       19088100	      0.715	      0.719	      0.712	      0.729	           	      0.000	 190881.000	 413219.406	 533352.375	      0.000	     -0.000	      0.000	
 2012/05/24	   0.715	   0.723	   0.714	   0.716	       60866808	      0.715	      0.718	      0.714	      0.728	           	      0.000	 608668.063	 432519.094	 518261.563	      0.000	     -0.000	      0.000	
 2012/05/25	   0.718	   0.720	   0.705	   0.706	       35070004	      0.713	      0.716	      0.715	      0.727	           	      0.000	 350700.031	 440622.625	 495150.813	     -0.001	     -0.000	     -0.001	
 2012/05/28	   0.701	   0.714	   0.690	   0.712	       86387112	      0.714	      0.715	      0.716	      0.726	           	      0.000	 863871.125	 488295.156	 493072.125	     -0.001	     -0.000	     -0.001	
 2012/05/29	   0.709	   0.733	   0.708	   0.725	       57021352	      0.715	      0.715	      0.718	      0.726	           	      0.000	 570213.500	 516866.750	 506908.156	     -0.000	     -0.000	      0.000	
 2012/05/30	   0.725	   0.737	   0.723	   0.732	       50587200	      0.718	      0.717	      0.720	      0.726	           	      0.000	 505872.000	 579864.938	 496542.188	      0.001	      0.000	      0.002	
 2012/05/31	   0.730	   0.747	   0.728	   0.740	       85139504	      0.723	      0.719	      0.722	      0.726	           	      0.000	 851395.063	 628410.375	 530464.688	      0.003	      0.001	      0.005	
 2012/06/01	   0.739	   0.746	   0.735	   0.739	       42483792	      0.730	      0.722	      0.723	      0.725	           	      0.000	 424837.906	 643237.938	 541930.250	      0.004	      0.001	      0.005	
 2012/06/04	   0.727	   0.741	   0.723	   0.723	       39990180	      0.732	      0.723	      0.722	      0.725	           	      0.000	 399901.813	 550444.063	 519369.625	      0.004	      0.002	      0.004	
 2012/06/05	   0.724	   0.730	   0.718	   0.721	       24605532	      0.731	      0.723	      0.721	      0.724	           	      0.000	 246055.313	 485612.406	 501239.594	      0.003	      0.002	      0.002	
 2012/06/06	   0.723	   0.729	   0.716	   0.720	       18724092	      0.729	      0.723	      0.721	      0.724	           	      0.000	 187240.922	 421886.188	 500875.563	      0.003	      0.002	      0.001	
 2012/06/07	   0.725	   0.732	   0.715	   0.717	       17286572	      0.724	      0.724	      0.720	      0.723	           	      0.000	 172865.719	 286180.344	 457295.344	      0.002	      0.002	     -0.000	
 2012/06/08	   0.724	   0.728	   0.715	   0.721	       60689408	      0.720	      0.725	      0.720	      0.722	           	      0.000	 606894.063	 322591.563	 482914.750	      0.002	      0.002	     -0.001	
 2012/06/11	   0.721	   0.744	   0.720	   0.744	       88951616	      0.725	      0.728	      0.722	      0.721	           	      0.000	 889516.188	 420514.438	 485479.250	      0.003	      0.002	      0.002	
 2012/06/12	   0.740	   0.746	   0.738	   0.741	      161794368	      0.729	      0.730	      0.722	      0.720	           	      0.000	1617943.625	 694892.125	 590252.250	      0.004	      0.003	      0.003	
 2012/06/13	   0.743	   0.753	   0.742	   0.752	       62582188	      0.735	      0.732	      0.724	      0.720	           	      0.000	 625821.875	 782608.313	 602247.250	      0.006	      0.003	      0.005	
 2012/06/14	   0.751	   0.757	   0.744	   0.745	       57417836	      0.741	      0.732	      0.726	      0.720	           	      0.000	 574178.375	 862870.813	 574525.563	      0.007	      0.004	      0.005	
 2012/06/15	   0.748	   0.753	   0.739	   0.747	       42084328	      0.746	      0.733	      0.727	      0.720	           	      0.000	 420843.281	 825660.688	 574126.125	      0.007	      0.005	      0.005	
 2012/06/18	   0.755	   0.763	   0.751	   0.759	       41460876	      0.749	      0.737	      0.730	      0.720	           	      0.000	 414608.750	 730679.188	 575596.813	      0.008	      0.005	      0.006	
 2012/06/19	   0.758	   0.758	   0.751	   0.752	       39424948	      0.751	      0.740	      0.731	      0.720	           	      0.000	 394249.469	 485940.344	 590416.250	      0.009	      0.006	      0.006	
 2012/06/20	   0.755	   0.758	   0.751	   0.754	       79528528	      0.751	      0.743	      0.733	      0.720	           	      0.000	 795285.250	 519833.031	 651220.688	      0.009	      0.007	      0.005	
 2012/06/21	   0.753	   0.753	   0.737	   0.744	       35010048	      0.751	      0.746	      0.735	      0.720	           	      0.000	 350100.469	 475017.438	 668944.125	      0.009	      0.007	      0.003	
 2012/06/25	   0.740	   0.742	   0.729	   0.730	       24872658	      0.748	      0.747	      0.736	      0.719	           	      0.000	 248726.578	 440594.094	 633127.375	      0.007	      0.007	     -0.000	
 2012/06/26	   0.725	   0.727	   0.710	   0.721	       97951240	      0.740	      0.744	      0.736	      0.719	           	      0.000	 979512.375	 553574.813	 642127.000	      0.005	      0.007	     -0.004	
 2012/06/27	   0.720	   0.736	   0.719	   0.725	       53839932	      0.735	      0.743	      0.736	      0.719	           	      0.000	 538399.313	 582404.813	 534172.563	      0.003	      0.006	     -0.005	
 2012/06/28	   0.726	   0.735	   0.716	   0.716	       38871860	      0.727	      0.739	      0.736	      0.719	           	      0.000	 388718.594	 501091.469	 510462.250	      0.001	      0.005	     -0.007	
 2012/06/29	   0.713	   0.734	   0.712	   0.734	      103093480	      0.725	      0.738	      0.735	      0.720	           	      0.000	1030934.813	 637258.313	 556137.875	      0.001	      0.004	     -0.006	
 2012/07/02	   0.740	   0.753	   0.735	   0.750	       48454872	      0.729	      0.738	      0.736	      0.721	           	      0.000	 484548.719	 684422.750	 562508.438	      0.003	      0.004	     -0.003	
 2012/07/03	   0.747	   0.758	   0.745	   0.749	       41713708	      0.735	      0.738	      0.737	      0.722	           	      0.000	 417137.094	 571947.688	 562761.250	      0.004	      0.004	     -0.001	
 2012/07/04	   0.752	   0.753	   0.742	   0.743	       26566940	      0.738	      0.737	      0.738	      0.723	           	      0.000	 265669.406	 517401.719	 549903.250	      0.004	      0.004	     -0.000	
 2012/07/05	   0.741	   0.741	   0.726	   0.728	       77129888	      0.741	      0.734	      0.739	      0.723	           	      0.000	 771298.875	 593917.750	 547504.625	      0.003	      0.004	     -0.002	
 2012/07/06	   0.732	   0.745	   0.718	   0.745	      166487200	      0.743	      0.734	      0.740	      0.724	           	      0.000	1664872.000	 720705.250	 678981.750	      0.003	      0.003	     -0.001	
 2012/07/09	   0.740	   0.743	   0.725	   0.725	       67771600	      0.738	      0.734	      0.740	      0.724	           	      0.000	 677716.000	 759338.688	 721880.750	      0.002	      0.003	     -0.003	
 2012/07/10	   0.724	   0.727	   0.716	   0.720	       63100580	      0.732	      0.734	      0.739	      0.724	           	      0.000	 631005.813	 802112.438	 687030.063	      0.000	      0.003	     -0.004	
 2012/07/11	   0.719	   0.726	   0.713	   0.726	       42700396	      0.729	      0.734	      0.738	      0.724	           	      0.000	 427003.969	 834379.313	 675890.500	     -0.000	      0.002	     -0.005	
 2012/07/12	   0.723	   0.742	   0.721	   0.738	       64080636	      0.731	      0.736	      0.738	      0.725	           	      0.000	 640806.375	 808280.813	 701099.313	      0.000	      0.002	     -0.003	
 2012/07/13	   0.737	   0.741	   0.726	   0.730	       43571788	      0.728	      0.735	      0.737	      0.725	           	      0.000	 435717.875	 562450.000	 641577.625	     -0.000	      0.001	     -0.003	
 2012/07/16	   0.730	   0.730	   0.696	   0.697	       28504680	      0.722	      0.730	      0.734	      0.725	           	      0.000	 285046.813	 483916.156	 621627.438	     -0.003	      0.000	     -0.007	
 2012/07/17	   0.688	   0.702	   0.688	   0.702	       41081540	      0.719	      0.725	      0.731	      0.724	           	      0.000	 410815.406	 439878.094	 620995.250	     -0.005	     -0.001	     -0.008	
 2012/07/18	   0.698	   0.708	   0.690	   0.707	       64955096	      0.715	      0.722	      0.729	      0.724	           	      0.000	 649550.938	 484387.469	 659383.375	     -0.006	     -0.002	     -0.008	
 2012/07/19	   0.704	   0.720	   0.704	   0.714	       71316488	      0.710	      0.720	      0.727	      0.724	           	      0.000	 713164.875	 498859.188	 653570.000	     -0.006	     -0.002	     -0.007	
 2012/07/20	   0.714	   0.719	   0.709	   0.710	       28183284	      0.706	      0.717	      0.725	      0.725	           	      0.000	 281832.844	 468082.188	 515266.094	     -0.006	     -0.003	     -0.006	
 2012/07/23	   0.701	   0.714	   0.701	   0.711	       25423084	      0.709	      0.715	      0.725	      0.725	           	      0.000	 254230.844	 461918.969	 472917.563	     -0.006	     -0.004	     -0.005	
 2012/07/24	   0.707	   0.718	   0.702	   0.711	       49017204	      0.711	      0.715	      0.724	      0.726	           	      0.000	 490172.031	 477790.313	 458834.188	     -0.006	     -0.004	     -0.004	
 2012/07/25	   0.711	   0.721	   0.708	   0.713	       37004948	      0.712	      0.713	      0.723	      0.726	           	      0.000	 370049.469	 421890.000	 453138.750	     -0.006	     -0.005	     -0.003	
 2012/07/26	   0.712	   0.723	   0.709	   0.712	       39628936	      0.711	      0.711	      0.723	      0.726	           	      0.000	 396289.375	 358514.906	 428687.063	     -0.006	     -0.005	     -0.002	
 2012/07/27	   0.715	   0.716	   0.704	   0.709	       19343650	      0.711	      0.709	      0.722	      0.726	           	      0.000	 193436.500	 340835.656	 404458.906	     -0.006	     -0.005	     -0.002	
 2012/07/30	   0.708	   0.714	   0.692	   0.694	       12982138	      0.708	      0.708	      0.719	      0.726	           	      0.000	 129821.383	 315953.750	 388936.375	     -0.007	     -0.006	     -0.003	
 2012/07/31	   0.691	   0.693	   0.678	   0.683	      139290880	      0.702	      0.706	      0.716	      0.725	           	      0.000	1392908.750	 496501.094	 487145.688	     -0.009	     -0.006	     -0.005	
 2012/08/01	   0.682	   0.701	   0.682	   0.695	       81192448	      0.699	      0.705	      0.714	      0.724	           	      0.000	 811924.500	 584876.125	 503383.063	     -0.009	     -0.007	     -0.005	
 2012/08/02	   0.694	   0.700	   0.689	   0.695	       39625856	      0.695	      0.703	      0.712	      0.724	           	      0.000	 396258.563	 584869.938	 471692.438	     -0.009	     -0.007	     -0.004	
 2012/08/03	   0.697	   0.719	   0.695	   0.719	       59682184	      0.697	      0.704	      0.711	      0.724	           	      0.000	 596821.813	 665547.000	 503191.313	     -0.007	     -0.007	     -0.000	
 2012/08/06	   0.714	   0.738	   0.712	   0.736	       84642688	      0.706	      0.707	      0.711	      0.724	           	      0.000	 846426.875	 808868.125	 562410.938	     -0.004	     -0.007	      0.005	
 2012/08/07	   0.736	   0.743	   0.735	   0.741	       39016528	      0.717	      0.710	      0.712	      0.724	           	      0.000	 390165.281	 608319.375	 552410.250	     -0.002	     -0.006	      0.008	
 2012/08/08	   0.741	   0.741	   0.728	   0.735	       28718712	      0.725	      0.712	      0.713	      0.724	           	      0.000	 287187.125	 503371.938	 544124.000	      0.000	     -0.005	      0.009	
 2012/08/09	   0.736	   0.749	   0.732	   0.748	       62206316	      0.736	      0.715	      0.713	      0.725	           	      0.000	 622063.188	 548532.875	 566701.375	      0.002	     -0.003	      0.011	
 2012/08/10	   0.747	   0.750	   0.739	   0.748	       26009580	      0.742	      0.719	      0.714	      0.725	           	      0.000	 260095.797	 481187.656	 573367.313	      0.004	     -0.002	      0.012	
 2012/08/13	   0.746	   0.747	   0.732	   0.732	       20254524	      0.741	      0.723	      0.716	      0.726	           	      0.000	 202545.234	 352411.313	 580639.688	      0.004	     -0.000	      0.010	
 2012/08/14	   0.730	   0.743	   0.717	   0.742	       80927152	      0.741	      0.729	      0.718	      0.726	           	      0.000	 809271.500	 436232.563	 522276.000	      0.005	      0.001	      0.009	
 2012/08/15	   0.739	   0.742	   0.733	   0.734	       40284760	      0.741	      0.733	      0.719	      0.727	           	      0.000	 402847.594	 459364.656	 481368.313	      0.005	      0.002	      0.007	
 2012/08/16	   0.732	   0.736	   0.727	   0.729	       17266144	      0.737	      0.736	      0.720	      0.727	           	      0.000	 172661.438	 369484.313	 459008.594	      0.005	      0.002	      0.005	
 2012/08/17	   0.727	   0.729	   0.718	   0.727	       42804460	      0.733	      0.737	      0.721	      0.727	           	      0.000	 428044.594	 403074.063	 442130.875	      0.004	      0.003	      0.003	
 2012/08/20	   0.719	   0.738	   0.717	   0.736	       73989320	      0.734	      0.737	      0.722	      0.727	           	      0.000	 739893.188	 510543.656	 431477.500	      0.004	      0.003	      0.003	
 2012/08/21	   0.735	   0.758	   0.734	   0.753	       95965896	      0.736	      0.738	      0.724	      0.728	           	      0.000	 959658.938	 540621.125	 488426.875	      0.006	      0.003	      0.005	
 2012/08/22	   0.753	   0.762	   0.747	   0.752	       69073992	      0.739	      0.740	      0.726	      0.729	           	      0.000	 690739.938	 598199.625	 528782.125	      0.007	      0.004	      0.005	
 2012/08/23	   0.751	   0.758	   0.748	   0.755	       68160336	      0.745	      0.741	      0.728	      0.729	           	      0.000	 681603.375	 699988.000	 534736.188	      0.008	      0.005	      0.006	
 2012/08/24	   0.753	   0.756	   0.739	   0.739	       34891508	      0.747	      0.740	      0.730	      0.729	           	      0.000	 348915.094	 684162.125	 543618.063	      0.007	      0.005	      0.004	
 2012/08/27	   0.736	   0.736	   0.726	   0.728	       57511584	      0.745	      0.739	      0.731	      0.729	           	      0.000	 575115.813	 651206.625	 580875.125	      0.006	      0.005	      0.001	
 2012/08/28	   0.727	   0.740	   0.722	   0.733	      104145512	      0.741	      0.739	      0.734	      0.729	           	      0.000	1041455.125	 667565.875	 604093.500	      0.005	      0.005	     -0.001	
 2012/08/29	   0.730	   0.741	   0.727	   0.731	       71466952	      0.737	      0.738	      0.736	      0.729	           	      0.000	 714669.500	 672351.750	 635275.688	      0.004	      0.005	     -0.002	
 2012/08/30	   0.727	   0.734	   0.697	   0.707	      209821632	      0.728	      0.736	      0.736	      0.729	           	      0.000	2098216.250	 955674.375	 827831.188	      0.001	      0.004	     -0.006	
 2012/08/31	   0.704	   0.715	   0.702	   0.713	       70363448	      0.722	      0.735	      0.736	      0.729	           	      0.000	 703634.500	1026618.250	 855390.188	     -0.000	      0.003	     -0.007	
 2012/09/03	   0.710	   0.730	   0.705	   0.729	       91480048	      0.723	      0.734	      0.736	      0.729	           	      0.000	 914800.500	1094555.125	 872880.875	     -0.000	      0.003	     -0.006	
 2012/09/04	   0.729	   0.737	   0.725	   0.728	       41094528	      0.722	      0.731	      0.735	      0.729	           	      0.000	 410945.281	 968453.188	 818009.563	     -0.000	      0.002	     -0.005	
 2012/09/05	   0.724	   0.738	   0.722	   0.736	       63744296	      0.723	      0.730	      0.735	      0.729	           	      0.000	 637442.938	 953007.875	 812679.813	      0.000	      0.002	     -0.003	
 2012/09/06	   0.738	   0.745	   0.732	   0.744	       50469348	      0.730	      0.729	      0.735	      0.728	           	      0.000	 504693.469	 634303.313	 794988.875	      0.001	      0.002	     -0.000	
 2012/09/07	   0.748	   0.776	   0.748	   0.766	      131526752	      0.741	      0.731	      0.736	      0.729	           	      0.000	1315267.500	 756629.938	 891624.063	      0.004	      0.002	      0.004	
 2012/09/10	   0.768	   0.770	   0.760	   0.767	       77966840	      0.748	      0.735	      0.737	      0.729	           	      0.000	 779668.375	 729603.500	 912079.375	      0.006	      0.003	      0.006	
 2012/09/11	   0.764	   0.768	   0.760	   0.766	       26411000	      0.756	      0.739	      0.739	      0.729	           	      0.000	 264110.000	 700236.438	 834344.813	      0.008	      0.004	      0.007	
 2012/09/12	   0.768	   0.771	   0.758	   0.766	       56721060	      0.762	      0.742	      0.740	      0.730	           	      0.000	 567210.625	 686190.000	 819598.938	      0.009	      0.005	      0.008	
 2012/09/13	   0.766	   0.771	   0.751	   0.751	       26380696	      0.763	      0.747	      0.741	      0.729	           	      0.000	 263806.969	 638012.688	 636158.000	      0.008	      0.006	      0.005	
 2012/09/14	   0.755	   0.759	   0.745	   0.748	       51715084	      0.760	      0.750	      0.742	      0.730	           	      0.000	 517150.844	 478389.375	 617509.625	      0.008	      0.006	      0.003	
 2012/09/17	   0.746	   0.746	   0.727	   0.727	       35880316	      0.752	      0.750	      0.742	      0.729	           	      0.000	 358803.156	 394216.313	 561909.938	      0.005	      0.006	     -0.001	
 2012/09/18	   0.723	   0.736	   0.723	   0.729	       64704368	      0.744	      0.750	      0.741	      0.730	           	      0.000	 647043.688	 470803.063	 585519.750	      0.004	      0.005	     -0.004	
 2012/09/19	   0.729	   0.736	   0.727	   0.734	       88320520	      0.738	      0.750	      0.740	      0.730	           	      0.000	 883205.188	 534002.000	 610096.000	      0.003	      0.005	     -0.004	
 2012/09/20	   0.733	   0.733	   0.707	   0.712	       26999672	      0.730	      0.747	      0.738	      0.730	           	      0.000	 269996.719	 535239.938	 586626.313	      0.000	      0.004	     -0.008	
 2012/09/21	   0.712	   0.713	   0.694	   0.694	      104414496	      0.719	      0.739	      0.735	      0.729	           	      0.000	1044144.938	 640638.750	 559514.063	     -0.003	      0.002	     -0.012	
 2012/09/24	   0.690	   0.702	   0.682	   0.696	      121017824	      0.713	      0.732	      0.734	      0.728	           	      0.000	1210178.250	 810913.750	 602565.063	     -0.006	      0.001	     -0.013	
 2012/09/25	   0.690	   0.699	   0.684	   0.684	       22457642	      0.704	      0.724	      0.731	      0.727	           	      0.000	 224576.422	 726420.313	 598611.688	     -0.009	     -0.001	     -0.015	
 2012/09/26	   0.686	   0.687	   0.664	   0.666	       29980188	      0.690	      0.714	      0.728	      0.726	           	      0.000	 299801.875	 609739.625	 571870.813	     -0.012	     -0.003	     -0.018	
 2012/09/27	   0.670	   0.686	   0.668	   0.683	      126248936	      0.685	      0.707	      0.727	      0.725	           	      0.000	1262489.375	 808238.188	 671739.063	     -0.014	     -0.005	     -0.016	
 2012/09/28	   0.677	   0.696	   0.674	   0.696	      181137392	      0.685	      0.702	      0.726	      0.724	           	      0.000	1811373.875	 961683.938	 801161.375	     -0.013	     -0.007	     -0.013	
 2012/10/08	   0.690	   0.697	   0.680	   0.697	       21813652	      0.685	      0.699	      0.725	      0.724	           	      0.000	 218136.516	 763275.625	 787094.688	     -0.013	     -0.008	     -0.010	
 2012/10/09	   0.698	   0.718	   0.693	   0.717	       68931520	      0.692	      0.698	      0.724	      0.724	           	      0.000	 689315.188	 856223.375	 791321.813	     -0.011	     -0.009	     -0.004	
 2012/10/10	   0.716	   0.727	   0.711	   0.725	       62208752	      0.704	      0.697	      0.723	      0.724	           	      0.000	 622087.500	 920680.500	 765210.063	     -0.009	     -0.009	      0.000	
 2012/10/11	   0.725	   0.729	   0.715	   0.717	       33641228	      0.710	      0.697	      0.722	      0.723	           	      0.000	 336412.281	 735465.063	 771851.625	     -0.007	     -0.008	      0.002	
 2012/10/12	   0.717	   0.726	   0.703	   0.711	       54610744	      0.713	      0.699	      0.719	      0.723	           	      0.000	 546107.438	 482411.781	 722047.875	     -0.007	     -0.008	      0.003	
 2012/10/15	   0.712	   0.712	   0.697	   0.708	       17288698	      0.716	      0.700	      0.716	      0.723	           	      0.000	 172886.984	 473361.875	 618318.750	     -0.006	     -0.008	      0.003	
 2012/10/16	   0.707	   0.716	   0.702	   0.709	       66098144	      0.714	      0.703	      0.714	      0.723	           	      0.000	 660981.438	 467695.125	 661959.250	     -0.006	     -0.007	      0.003	
 2012/10/17	   0.709	   0.715	   0.704	   0.713	       58684160	      0.712	      0.708	      0.711	      0.723	           	      0.000	 586841.625	 460645.938	 690663.250	     -0.005	     -0.007	      0.003	
 2012/10/18	   0.713	   0.727	   0.713	   0.724	       66079964	      0.713	      0.712	      0.710	      0.724	           	      0.000	 660799.625	 525523.438	 630494.250	     -0.004	     -0.006	      0.005	
 2012/10/19	   0.724	   0.727	   0.719	   0.723	       20099900	      0.715	      0.714	      0.708	      0.724	           	      0.000	 200999.000	 456501.750	 469456.750	     -0.003	     -0.006	      0.006	
 2012/10/22	   0.717	   0.729	   0.717	   0.728	       17094578	      0.719	      0.717	      0.708	      0.724	           	      0.000	 170945.781	 456113.500	 464737.688	     -0.001	     -0.005	      0.007	
 2012/10/23	   0.729	   0.730	   0.712	   0.713	       25588520	      0.720	      0.717	      0.707	      0.724	           	      0.000	 255885.203	 375094.250	 421394.688	     -0.001	     -0.004	      0.005	
 2012/10/24	   0.708	   0.718	   0.708	   0.711	       18770734	      0.720	      0.716	      0.706	      0.724	           	      0.000	 187707.344	 295267.375	 377956.688	     -0.002	     -0.004	      0.004	
 2012/10/25	   0.710	   0.717	   0.699	   0.699	       30746804	      0.715	      0.714	      0.706	      0.724	           	      0.000	 307468.031	 224601.078	 375062.250	     -0.003	     -0.003	      0.001	
 2012/10/26	   0.699	   0.699	   0.683	   0.688	       22324010	      0.708	      0.712	      0.705	      0.724	           	      0.000	 223240.094	 229049.297	 342775.500	     -0.005	     -0.004	     -0.002	
 2012/10/29	   0.688	   0.695	   0.685	   0.692	       13186491	      0.701	      0.710	      0.705	      0.723	           	      0.000	 131864.906	 221233.109	 338673.313	     -0.006	     -0.004	     -0.003	
 2012/10/30	   0.691	   0.700	   0.690	   0.692	       25852028	      0.696	      0.708	      0.706	      0.724	           	      0.000	 258520.281	 221760.125	 298427.188	     -0.006	     -0.005	     -0.004	
 2012/10/31	   0.692	   0.696	   0.688	   0.695	       10835526	      0.693	      0.706	      0.707	      0.724	           	      0.000	 108355.258	 205889.719	 250578.547	     -0.007	     -0.005	     -0.003	
 2012/11/01	   0.697	   0.708	   0.695	   0.706	       24939042	      0.695	      0.705	      0.708	      0.724	           	      0.000	 249390.422	 194274.188	 209437.625	     -0.006	     -0.005	     -0.001	
 2012/11/02	   0.704	   0.707	   0.700	   0.705	       13404026	      0.698	      0.703	      0.709	      0.724	           	      0.000	 134040.266	 176434.219	 202741.766	     -0.005	     -0.005	     -0.000	
 2012/11/05	   0.705	   0.707	   0.694	   0.696	       14044895	      0.699	      0.700	      0.709	      0.723	           	      0.000	 140448.953	 178151.031	 199692.078	     -0.005	     -0.005	     -0.000	
 2012/11/06	   0.693	   0.696	   0.683	   0.693	       11802459	      0.699	      0.698	      0.707	      0.722	           	      0.000	 118024.594	 150051.906	 185906.016	     -0.006	     -0.005	     -0.001	
 2012/11/07	   0.694	   0.697	   0.690	   0.692	        9188159	      0.698	      0.696	      0.706	      0.721	           	      0.000	  91881.594	 146757.172	 176323.438	     -0.006	     -0.005	     -0.001	
 2012/11/08	   0.687	   0.689	   0.679	   0.679	       10300303	      0.693	      0.694	      0.704	      0.720	           	      0.000	 103003.031	 117479.688	 155876.938	     -0.007	     -0.006	     -0.003	
 2012/11/09	   0.678	   0.683	   0.676	   0.678	        6268742	      0.688	      0.693	      0.702	      0.719	           	      0.000	  62687.422	 103209.117	 139821.672	     -0.008	     -0.006	     -0.004	
 2012/11/12	   0.679	   0.685	   0.675	   0.682	       12094975	      0.685	      0.692	      0.701	      0.718	           	      0.000	 120949.750	  99309.281	 138730.156	     -0.008	     -0.007	     -0.004	
 2012/11/13	   0.682	   0.682	   0.669	   0.671	        7374979	      0.680	      0.690	      0.699	      0.717	           	      0.000	  73749.789	  90454.320	 120253.109	     -0.009	     -0.007	     -0.004	
 2012/11/14	   0.671	   0.672	   0.661	   0.669	        9047809	      0.676	      0.687	      0.697	      0.716	           	      0.000	  90478.094	  90173.617	 118465.391	     -0.010	     -0.008	     -0.005	
 2012/11/15	   0.667	   0.671	   0.661	   0.663	        7733907	      0.673	      0.683	      0.694	      0.715	           	      0.000	  77339.070	  85040.828	 101260.258	     -0.011	     -0.009	     -0.006	
 2012/11/16	   0.663	   0.664	   0.658	   0.661	        9828079	      0.669	      0.678	      0.691	      0.714	           	      0.000	  98280.789	  92159.500	  97684.313	     -0.012	     -0.009	     -0.006	
 2012/11/19	   0.661	   0.661	   0.650	   0.661	       14123938	      0.665	      0.675	      0.687	      0.713	           	      0.000	 141239.375	  96217.422	  97763.352	     -0.013	     -0.010	     -0.005	
 2012/11/20	   0.662	   0.666	   0.658	   0.661	       12409853	      0.663	      0.672	      0.685	      0.711	           	      0.000	 124098.531	 106287.172	  98370.742	     -0.013	     -0.011	     -0.005	
 2012/11/21	   0.661	   0.668	   0.650	   0.666	       46270640	      0.662	      0.669	      0.682	      0.710	           	      0.000	 462706.406	 180732.828	 135453.219	     -0.013	     -0.011	     -0.003	
 2012/11/22	   0.662	   0.662	   0.653	   0.655	        8140957	      0.661	      0.667	      0.680	      0.708	           	      0.000	  81409.570	 181546.938	 133293.875	     -0.013	     -0.011	     -0.003	
 2012/11/23	   0.657	   0.660	   0.652	   0.656	        8437833	      0.660	      0.664	      0.679	      0.706	           	      0.000	  84378.328	 178766.438	 135462.969	     -0.013	     -0.012	     -0.003	
 2012/11/26	   0.656	   0.656	   0.642	   0.643	        8113600	      0.656	      0.661	      0.676	      0.705	           	      0.000	  81136.000	 166745.766	 131481.594	     -0.014	     -0.012	     -0.004	
 2012/11/27	   0.644	   0.644	   0.619	   0.620	       28968508	      0.648	      0.655	      0.673	      0.703	           	      0.000	 289685.094	 199863.078	 153075.125	     -0.017	     -0.013	     -0.007	
 2012/11/28	   0.617	   0.620	   0.609	   0.611	       31301540	      0.637	      0.650	      0.668	      0.701	           	      0.000	 313015.406	 169924.875	 175328.859	     -0.019	     -0.014	     -0.010	
 2012/11/29	   0.613	   0.616	   0.606	   0.607	       22792600	      0.627	      0.644	      0.663	      0.700	           	      0.000	 227926.000	 199228.172	 190387.547	     -0.021	     -0.016	     -0.011	
 2012/11/30	   0.605	   0.613	   0.604	   0.608	       42381936	      0.618	      0.639	      0.659	      0.698	           	      0.000	 423819.375	 267116.375	 222941.406	     -0.022	     -0.017	     -0.011	
 2012/12/03	   0.608	   0.611	   0.597	   0.598	       15245044	      0.609	      0.632	      0.654	      0.696	           	      0.000	 152450.438	 281379.250	 224062.516	     -0.024	     -0.018	     -0.011	
 2012/12/04	   0.597	   0.607	   0.589	   0.603	       64427684	      0.605	      0.627	      0.649	      0.694	           	      0.000	 644276.813	 352297.594	 276080.344	     -0.024	     -0.020	     -0.010	
 2012/12/05	   0.603	   0.632	   0.600	   0.627	       85507088	      0.609	      0.623	      0.646	      0.692	           	      0.000	 855070.875	 460708.688	 315316.781	     -0.023	     -0.020	     -0.005	
 2012/12/06	   0.627	   0.633	   0.622	   0.626	       24512200	      0.612	      0.620	      0.643	      0.690	           	      0.000	 245122.000	 464147.906	 331688.031	     -0.021	     -0.020	     -0.001	
 2012/12/07	   0.626	   0.642	   0.623	   0.641	       58498592	      0.619	      0.618	      0.641	      0.688	           	      0.000	 584985.938	 496381.219	 381748.781	     -0.018	     -0.020	      0.003	
 2012/12/10	   0.641	   0.652	   0.638	   0.649	       41943840	      0.629	      0.619	      0.640	      0.686	           	      0.000	 419438.406	 549778.813	 415579.031	     -0.016	     -0.019	      0.007	
 2012/12/11	   0.647	   0.649	   0.641	   0.642	       14042117	      0.637	      0.621	      0.638	      0.684	           	      0.000	 140421.172	 449007.688	 400652.656	     -0.014	     -0.018	      0.009	
 2012/12/12	   0.641	   0.644	   0.633	   0.642	       21108548	      0.640	      0.624	      0.637	      0.682	           	      0.000	 211085.484	 320210.594	 390459.656	     -0.012	     -0.017	      0.010	
 2012/12/13	   0.640	   0.644	   0.632	   0.633	       10948357	      0.641	      0.627	      0.636	      0.680	           	      0.000	 109483.570	 293082.906	 378615.406	     -0.011	     -0.016	      0.009	
 2012/12/14	   0.633	   0.663	   0.633	   0.661	      142672432	      0.645	      0.632	      0.636	      0.678	           	      0.000	1426724.375	 461430.594	 478905.906	     -0.008	     -0.014	      0.012	
 2012/12/17	   0.661	   0.663	   0.647	   0.654	       27717358	      0.646	      0.638	      0.635	      0.677	           	      0.000	 277173.594	 432977.625	 491378.219	     -0.006	     -0.013	      0.012	
 2012/12/18	   0.652	   0.659	   0.647	   0.649	       33036352	      0.648	      0.642	      0.635	      0.676	           	      0.000	 330363.531	 470966.125	 459986.906	     -0.005	     -0.011	      0.012	
 2012/12/19	   0.650	   0.658	   0.647	   0.654	       43081640	      0.650	      0.645	      0.634	      0.674	           	      0.000	 430816.406	 514912.281	 417561.438	     -0.004	     -0.010	      0.011	
 2012/12/20	   0.651	   0.661	   0.650	   0.661	       32403816	      0.656	      0.649	      0.634	      0.673	           	      0.000	 324038.156	 557823.188	 425453.063	     -0.002	     -0.008	      0.012	
 2012/12/21	   0.661	   0.674	   0.656	   0.671	       45646144	      0.658	      0.652	      0.635	      0.673	           	      0.000	 456461.438	 363770.625	 412600.625	     -0.000	     -0.007	      0.013	
 2012/12/24	   0.668	   0.683	   0.667	   0.683	       32731848	      0.664	      0.655	      0.637	      0.673	           	      0.000	 327318.469	 373799.594	 403388.625	      0.002	     -0.005	      0.014	
 2012/12/25	   0.678	   0.699	   0.678	   0.697	       43877428	      0.673	      0.660	      0.641	      0.673	           	      0.000	 438774.281	 395481.750	 433223.938	      0.005	     -0.003	      0.017	
 2012/12/26	   0.697	   0.713	   0.692	   0.711	       29809132	      0.685	      0.667	      0.646	      0.674	           	      0.000	 298091.313	 368936.719	 441924.500	      0.009	     -0.000	      0.019	
 2012/12/27	   0.712	   0.715	   0.700	   0.703	       64055608	      0.693	      0.674	      0.651	      0.674	           	      0.000	 640556.063	 432240.313	 495031.750	      0.011	      0.002	      0.018	
 2012/12/28	   0.701	   0.709	   0.696	   0.709	       40372972	      0.701	      0.679	      0.656	      0.674	           	      0.000	 403729.719	 421693.969	 392732.313	      0.013	      0.004	      0.018	
 2012/12/31	   0.711	   0.713	   0.705	   0.713	       46928032	      0.707	      0.685	      0.661	      0.675	           	      0.000	 469280.313	 450086.344	 411942.969	      0.015	      0.006	      0.017	
 2013/01/04	   0.720	   0.721	   0.700	   0.708	       19537488	      0.709	      0.691	      0.667	      0.674	           	      0.000	 195374.875	 401406.469	 398444.094	      0.015	      0.008	      0.015	
 2013/01/07	   0.703	   0.721	   0.702	   0.721	       41333844	      0.711	      0.698	      0.671	      0.674	           	      0.000	 413338.438	 424455.875	 396696.313	      0.017	      0.010	      0.014	
 2013/01/08	   0.720	   0.740	   0.717	   0.737	       80299896	      0.718	      0.705	      0.677	      0.675	           	      0.000	 802998.938	 456944.469	 444592.375	      0.019	      0.012	      0.015	
 2013/01/09	   0.734	   0.742	   0.728	   0.735	       46482288	      0.723	      0.712	      0.682	      0.675	           	      0.000	 464822.875	 469163.094	 445428.531	      0.020	      0.013	      0.014	
 2013/01/10	   0.734	   0.746	   0.731	   0.743	       37349808	      0.729	      0.718	      0.686	      0.676	           	      0.000	 373498.094	 450006.656	 450046.500	      0.022	      0.015	      0.014	
 2013/01/11	   0.744	   0.747	   0.730	   0.731	       40108612	      0.733	      0.721	      0.691	      0.676	           	      0.000	 401086.125	 491148.906	 446277.688	      0.022	      0.016	      0.011	
 2013/01/14	   0.730	   0.764	   0.730	   0.762	       58161764	      0.742	      0.726	      0.697	      0.677	           	      0.000	 581617.625	 524804.750	 474630.313	      0.024	      0.018	      0.012	
 2013/01/15	   0.766	   0.784	   0.765	   0.780	       66524536	      0.750	      0.734	      0.704	      0.678	           	      0.000	 665245.375	 497254.031	 477099.250	      0.027	      0.020	      0.014	
 2013/01/16	   0.780	   0.780	   0.761	   0.774	       33589732	      0.758	      0.740	      0.710	      0.679	           	      0.000	 335897.313	 471468.906	 470316.000	      0.028	      0.021	      0.014	
 2013/01/17	   0.774	   0.777	   0.767	   0.768	       40274816	      0.763	      0.746	      0.715	      0.679	           	      0.000	 402748.156	 477318.906	 463662.781	      0.029	      0.023	      0.012	
 2013/01/18	   0.772	   0.790	   0.772	   0.790	       88875824	      0.775	      0.754	      0.723	      0.681	           	      0.000	 888758.250	 574853.375	 533001.125	      0.030	      0.024	      0.012	
 2013/01/21	   0.790	   0.795	   0.783	   0.794	       32288052	      0.781	      0.761	      0.730	      0.682	           	      0.000	 322880.531	 523105.938	 523955.313	      0.032	      0.026	      0.012	
 2013/01/22	   0.792	   0.793	   0.769	   0.774	       63626044	      0.780	      0.765	      0.735	      0.683	           	      0.000	 636260.438	 517308.938	 507281.469	      0.031	      0.027	      0.008	
 2013/01/23	   0.774	   0.783	   0.764	   0.781	       36537188	      0.781	      0.770	      0.741	      0.685	           	      0.000	 365371.875	 523203.844	 497336.375	      0.030	      0.028	      0.005	
 2013/01/24	   0.780	   0.788	   0.752	   0.759	       64338132	      0.780	      0.771	      0.744	      0.686	           	      0.000	 643381.313	 571330.500	 524324.688	      0.028	      0.028	      0.000	
 2013/01/25	   0.755	   0.768	   0.755	   0.763	       31868316	      0.774	      0.775	      0.748	      0.687	           	      0.000	 318683.156	 457315.469	 516084.406	      0.026	      0.027	     -0.003	
 2013/01/28	   0.764	   0.786	   0.764	   0.786	       43137968	      0.773	      0.777	      0.752	      0.689	           	      0.000	 431379.688	 479015.281	 501060.625	      0.026	      0.027	     -0.002	
 2013/01/29	   0.788	   0.797	   0.786	   0.792	       42708716	      0.776	      0.778	      0.756	      0.690	           	      0.000	 427087.156	 437180.625	 477244.781	      0.026	      0.027	     -0.002	
 2013/01/30	   0.793	   0.793	   0.777	   0.784	       37624396	      0.777	      0.779	      0.760	      0.691	           	      0.000	 376243.969	 439355.063	 481279.438	      0.025	      0.026	     -0.002	
 2013/01/31	   0.784	   0.786	   0.771	   0.780	       23784124	      0.781	      0.780	      0.763	      0.693	           	      0.000	 237841.234	 358247.031	 464788.750	      0.024	      0.026	     -0.004	
 2013/02/01	   0.778	   0.787	   0.774	   0.783	       43191948	      0.785	      0.780	      0.767	      0.694	           	      0.000	 431919.469	 380894.313	 419104.875	      0.023	      0.025	     -0.005	
 2013/02/04	   0.784	   0.788	   0.766	   0.771	       37895108	      0.782	      0.777	      0.769	      0.696	           	      0.000	 378951.094	 370408.594	 424711.938	      0.021	      0.024	     -0.007	
 2013/02/05	   0.767	   0.785	   0.766	   0.784	       43681444	      0.780	      0.778	      0.772	      0.697	           	      0.000	 436814.438	 372354.031	 404767.344	      0.020	      0.024	     -0.007	
 2013/02/06	   0.782	   0.796	   0.780	   0.791	       81640392	      0.782	      0.779	      0.775	      0.699	           	      0.000	 816403.938	 460386.031	 449870.531	      0.020	      0.023	     -0.006	
 2013/02/07	   0.790	   0.807	   0.788	   0.806	       80922160	      0.787	      0.784	      0.778	      0.701	           	      0.000	 809221.625	 574662.125	 466454.563	      0.021	      0.022	     -0.004	
 2013/02/08	   0.806	   0.825	   0.805	   0.822	      111725792	      0.795	      0.790	      0.782	      0.704	           	      0.000	1117257.875	 711729.813	 546312.063	      0.022	      0.022	     -0.000	
 2013/02/18	   0.827	   0.834	   0.823	   0.832	       82244056	      0.807	      0.794	      0.786	      0.706	           	      0.000	 822440.563	 800427.688	 585418.125	      0.024	      0.023	      0.003	
 2013/02/19	   0.833	   0.833	   0.814	   0.818	       72587336	      0.814	      0.797	      0.788	      0.709	           	      0.000	 725873.375	 858239.500	 615296.750	      0.024	      0.023	      0.002	
 2013/02/20	   0.816	   0.851	   0.815	   0.851	      105582760	      0.826	      0.804	      0.791	      0.712	           	      0.000	1055827.625	 906124.188	 683255.125	      0.027	      0.024	      0.006	
 2013/02/21	   0.845	   0.853	   0.827	   0.838	       82168672	      0.832	      0.810	      0.795	      0.715	           	      0.000	 821686.750	 908617.250	 741639.688	      0.027	      0.024	      0.005	
 2013/02/22	   0.837	   0.848	   0.833	   0.835	       45380772	      0.835	      0.815	      0.797	      0.718	           	      0.000	 453807.719	 775927.188	 743828.500	      0.027	      0.025	      0.004	
 2013/02/25	   0.833	   0.857	   0.833	   0.854	       68782256	      0.839	      0.823	      0.800	      0.721	           	      0.000	 687822.563	 749003.625	 774715.625	      0.028	      0.026	      0.005	
 2013/02/26	   0.851	   0.864	   0.844	   0.850	       85234320	      0.846	      0.830	      0.804	      0.724	           	      0.000	 852343.188	 774297.563	 816268.500	      0.028	      0.026	      0.004	
 2013/02/27	   0.850	   0.855	   0.833	   0.842	       53116092	      0.844	      0.835	      0.807	      0.728	           	      0.000	 531160.938	 669364.250	 787744.250	      0.028	      0.026	      0.002	
 2013/02/28	   0.843	   0.861	   0.840	   0.860	       47931872	      0.848	      0.840	      0.812	      0.731	           	      0.000	 479318.719	 600890.625	 754753.938	      0.028	      0.027	      0.003	
 2013/03/01	   0.860	   0.885	   0.858	   0.885	       80017352	      0.858	      0.846	      0.818	      0.736	           	      0.000	 800173.500	 670163.750	 723045.500	      0.030	      0.027	      0.005	
 2013/03/04	   0.878	   0.886	   0.849	   0.863	       94783160	      0.860	      0.850	      0.822	      0.740	           	      0.000	 947831.625	 722165.625	 735584.625	      0.030	      0.028	      0.004	
 2013/03/05	   0.863	   0.887	   0.854	   0.887	       72876976	      0.867	      0.857	      0.827	      0.744	           	      0.000	 728769.750	 697450.875	 735874.250	      0.031	      0.028	      0.005	
 2013/03/06	   0.888	   0.904	   0.886	   0.902	       63877916	      0.879	      0.862	      0.833	      0.749	           	      0.000	 638779.188	 718974.563	 694169.375	      0.033	      0.029	      0.007	
 2013/03/07	   0.899	   0.900	   0.865	   0.880	       69540440	      0.883	      0.866	      0.838	      0.754	           	      0.000	 695404.375	 762191.688	 681541.125	      0.032	      0.030	      0.004	
 2013/03/08	   0.878	   0.883	   0.858	   0.863	       53878700	      0.879	      0.869	      0.842	      0.758	           	      0.000	 538787.000	 709914.375	 690039.063	      0.030	      0.030	     -0.000	
 2013/03/11	   0.859	   0.871	   0.854	   0.867	       20808464	      0.880	      0.870	      0.846	      0.762	           	      0.000	 208084.641	 561965.000	 642065.313	      0.028	      0.029	     -0.003	
 2013/03/12	   0.867	   0.871	   0.825	   0.836	       80640880	      0.870	      0.868	      0.849	      0.766	           	      0.000	 806408.813	 577492.813	 637471.875	      0.024	      0.028	     -0.009	
 2013/03/13	   0.832	   0.836	   0.817	   0.832	       37738744	      0.856	      0.868	      0.851	      0.769	           	      0.000	 377387.438	 525214.438	 622094.500	      0.020	      0.027	     -0.014	
 2013/03/14	   0.829	   0.845	   0.825	   0.840	       44790476	      0.848	      0.865	      0.853	      0.772	           	      0.000	 447904.750	 475714.531	 618953.125	      0.017	      0.025	     -0.015	
 2013/03/15	   0.837	   0.868	   0.834	   0.853	       64648248	      0.846	      0.862	      0.854	      0.776	           	      0.000	 646482.500	 497253.625	 603584.000	      0.016	      0.023	     -0.014	
 2013/03/18	   0.848	   0.861	   0.845	   0.850	       66070984	      0.842	      0.861	      0.855	      0.779	           	      0.000	 660709.813	 587778.688	 574871.813	      0.014	      0.021	     -0.013	
 2013/03/19	   0.847	   0.853	   0.826	   0.841	       26053384	      0.843	      0.856	      0.856	      0.783	           	      0.000	 260533.844	 478603.656	 528048.250	      0.013	      0.019	     -0.014	
 2013/03/20	   0.841	   0.865	   0.838	   0.864	       80971336	      0.850	      0.853	      0.857	      0.786	           	      0.000	 809713.375	 565068.875	 545141.625	      0.013	      0.018	     -0.011	
 2013/03/21	   0.865	   0.886	   0.865	   0.880	       69038104	      0.858	      0.853	      0.859	      0.790	           	      0.000	 690381.063	 613564.125	 544639.313	      0.014	      0.017	     -0.007	
 2013/03/22	   0.878	   0.883	   0.872	   0.878	       32516964	      0.863	      0.854	      0.861	      0.794	           	      0.000	 325169.625	 549301.563	 523277.594	      0.015	      0.017	     -0.004	
 2013/03/25	   0.882	   0.884	   0.870	   0.880	       33123224	      0.869	      0.855	      0.863	      0.797	           	      0.000	 331232.250	 483406.031	 535592.375	      0.015	      0.016	     -0.003	
 2013/03/26	   0.875	   0.879	   0.856	   0.872	       50471456	      0.875	      0.859	      0.864	      0.801	           	      0.000	 504714.563	 532242.188	 505422.938	      0.015	      0.016	     -0.003	
 2013/03/27	   0.872	   0.884	   0.870	   0.882	       30565500	      0.878	      0.864	      0.866	      0.804	           	      0.000	 305655.000	 431430.500	 498249.688	      0.015	      0.016	     -0.002	
 2013/03/28	   0.870	   0.877	   0.855	   0.864	       41656096	      0.875	      0.866	      0.866	      0.808	           	      0.000	 416560.969	 376666.469	 495115.313	      0.014	      0.015	     -0.004	
 2013/03/29	   0.865	   0.870	   0.857	   0.860	       33970608	      0.872	      0.867	      0.865	      0.810	           	      0.000	 339706.094	 379573.781	 464437.656	      0.012	      0.015	     -0.005	
 2013/04/01	   0.861	   0.880	   0.850	   0.875	       19252320	      0.871	      0.870	      0.865	      0.813	           	      0.000	 192523.203	 351831.969	 417619.000	      0.012	      0.014	     -0.004	
 2013/04/02	   0.877	   0.884	   0.839	   0.847	       39050376	      0.866	      0.870	      0.863	      0.815	           	      0.000	 390503.750	 328989.813	 430616.000	      0.009	      0.013	     -0.008	
 2013/04/03	   0.840	   0.848	   0.825	   0.829	       21859608	      0.855	      0.867	      0.860	      0.817	           	      0.000	 218596.078	 311578.031	 371504.250	      0.006	      0.012	     -0.012	
 2013/04/08	   0.821	   0.854	   0.815	   0.854	       35171044	      0.853	      0.864	      0.858	      0.820	           	      0.000	 351710.438	 298607.906	 337637.188	      0.005	      0.010	     -0.011	
 2013/04/09	   0.853	   0.864	   0.848	   0.860	       19785932	      0.853	      0.862	      0.858	      0.822	           	      0.000	 197859.313	 270238.563	 324906.156	      0.005	      0.009	     -0.009	
 2013/04/10	   0.857	   0.860	   0.839	   0.849	       22429188	      0.848	      0.859	      0.857	      0.824	           	      0.000	 224291.875	 276592.281	 314212.125	      0.004	      0.008	     -0.009	
 2013/04/11	   0.850	   0.856	   0.845	   0.849	       11417311	      0.848	      0.857	      0.858	      0.826	           	      0.000	 114173.109	 221326.156	 275157.969	      0.003	      0.007	     -0.009	
 2013/04/12	   0.835	   0.851	   0.835	   0.844	        8120409	      0.851	      0.853	      0.859	      0.828	           	      0.000	  81204.094	 193847.766	 252712.891	      0.002	      0.006	     -0.009	
 2013/04/15	   0.844	   0.844	   0.830	   0.834	       29175772	      0.847	      0.850	      0.858	      0.830	           	      0.000	 291757.719	 181857.219	 240232.563	      0.000	      0.005	     -0.010	
 2013/04/16	   0.827	   0.843	   0.821	   0.842	       14293558	      0.844	      0.848	      0.858	      0.831	           	      0.000	 142935.578	 170872.469	 220555.516	     -0.001	      0.004	     -0.009	
 2013/04/17	   0.842	   0.867	   0.838	   0.866	       26830428	      0.847	      0.847	      0.859	      0.833	           	      0.000	 268304.281	 179674.953	 228133.625	      0.001	      0.003	     -0.005	
 2013/04/18	   0.861	   0.876	   0.857	   0.871	       22591232	      0.851	      0.850	      0.860	      0.835	           	      0.000	 225912.313	 202022.797	 211674.484	      0.002	      0.003	     -0.002	
 2013/04/19	   0.872	   0.897	   0.871	   0.891	       60732016	      0.861	      0.856	      0.861	      0.837	           	      0.000	 607320.188	 307246.000	 250546.891	      0.005	      0.003	      0.003	
 2013/04/22	   0.891	   0.915	   0.888	   0.915	       54564664	      0.877	      0.862	      0.863	      0.839	           	      0.000	 545646.625	 358023.813	 269940.500	      0.009	      0.004	      0.009	
 2013/04/23	   0.919	   0.919	   0.887	   0.892	       38997560	      0.887	      0.865	      0.864	      0.841	           	      0.000	 389975.594	 407431.813	 289152.125	      0.010	      0.006	      0.009	
 2013/04/24	   0.892	   0.926	   0.890	   0.926	       60407976	      0.899	      0.873	      0.866	      0.843	           	      0.000	 604079.750	 474586.906	 327130.938	      0.014	      0.007	      0.013	
 2013/04/25	   0.923	   0.937	   0.898	   0.898	       71162632	      0.904	      0.878	      0.867	      0.845	           	      0.000	 711626.313	 571729.688	 386876.250	      0.014	      0.009	      0.011	
 2013/04/26	   0.892	   0.902	   0.882	   0.890	       49671496	      0.904	      0.882	      0.868	      0.847	           	      0.000	 496714.969	 549608.625	 428427.344	      0.013	      0.010	      0.008	
 2013/05/02	   0.887	   0.914	   0.878	   0.914	       34646148	      0.904	      0.891	      0.870	      0.849	           	      0.000	 346461.469	 509771.625	 433897.719	      0.015	      0.011	      0.008	
 2013/05/03	   0.916	   0.939	   0.914	   0.938	       55373000	      0.913	      0.900	      0.874	      0.852	           	      0.000	 553730.000	 542522.500	 474977.156	      0.018	      0.012	      0.011	
 2013/05/06	   0.940	   0.962	   0.938	   0.953	       48196096	      0.919	      0.909	      0.878	      0.855	           	      0.000	 481960.969	 518098.750	 496342.813	      0.021	      0.014	      0.014	
 2013/05/07	   0.951	   0.963	   0.944	   0.950	       39309864	      0.929	      0.917	      0.883	      0.858	           	      0.000	 393098.625	 454393.219	 513061.438	      0.023	      0.016	      0.015	
 2013/05/08	   0.956	   0.982	   0.955	   0.982	       43483108	      0.947	      0.926	      0.891	      0.861	           	      0.000	 434831.094	 442016.438	 495812.531	      0.027	      0.018	      0.018	
 2013/05/09	   0.979	   0.993	   0.972	   0.990	       51813260	      0.963	      0.933	      0.898	      0.865	           	      0.000	 518132.594	 476350.656	 493061.125	      0.030	      0.020	      0.020	
 2013/05/10	   0.986	   0.993	   0.970	   0.987	       50611636	      0.972	      0.943	      0.904	      0.868	           	      0.000	 506116.375	 466827.938	 504675.219	      0.032	      0.023	      0.019	
 2013/05/13	   0.985	   0.992	   0.974	   0.991	      111349088	      0.980	      0.949	      0.911	      0.872	           	      0.000	1113490.875	 593133.938	 555616.313	      0.034	      0.025	      0.018	
 2013/05/14	   0.990	   0.990	   0.964	   0.971	       36797076	      0.984	      0.957	      0.917	      0.875	           	      0.000	 367970.750	 588108.313	 521250.781	      0.033	      0.027	      0.013	
 2013/05/15	   0.971	   1.010	   0.971	   1.010	       96960368	      0.990	      0.969	      0.926	      0.878	           	      0.000	 969603.688	 695062.875	 568539.625	      0.035	      0.028	      0.014	
 2013/05/16	   1.011	   1.034	   0.992	   1.007	      148043712	      0.993	      0.978	      0.934	      0.882	           	      0.000	1480437.125	 887523.750	 681937.188	      0.036	      0.030	      0.013	
 2013/05/17	   1.005	   1.027	   0.998	   1.017	       57993640	      0.999	      0.986	      0.943	      0.885	           	      0.000	 579936.375	 902287.750	 684557.875	      0.037	      0.031	      0.012	
 2013/05/20	   1.017	   1.050	   1.016	   1.048	       65189112	      1.011	      0.995	      0.952	      0.889	           	      0.000	 651891.125	 809967.813	 701550.875	      0.040	      0.033	      0.014	
 2013/05/21	   1.047	   1.074	   1.040	   1.073	       66453204	      1.031	      1.008	      0.962	      0.893	           	      0.000	 664532.063	 869280.063	 728694.188	      0.044	      0.035	      0.018	
 2013/05/22	   1.072	   1.072	   1.031	   1.039	       96895584	      1.037	      1.013	      0.970	      0.896	           	      0.000	 968955.813	 869150.500	 782106.688	      0.044	      0.037	      0.014	
 2013/05/23	   1.026	   1.059	   1.026	   1.043	      107334064	      1.044	      1.019	      0.976	      0.899	           	      0.000	1073340.625	 787731.188	 837627.500	      0.044	      0.038	      0.011	
 2013/05/24	   1.043	   1.072	   1.043	   1.070	       56049552	      1.055	      1.027	      0.985	      0.903	           	      0.000	 560495.500	 783843.000	 843065.375	      0.045	      0.040	      0.011	
 2013/05/27	   1.066	   1.089	   1.066	   1.085	       72546984	      1.062	      1.036	      0.993	      0.907	           	      0.000	 725469.813	 798558.750	 804263.313	      0.047	      0.041	      0.011	
 2013/05/28	   1.084	   1.084	   1.046	   1.054	       66214516	      1.058	      1.045	      1.001	      0.911	           	      0.000	 662145.188	 798081.375	 833680.750	      0.045	      0.042	      0.007	
 2013/05/29	   1.053	   1.064	   1.047	   1.064	       66232192	      1.063	      1.050	      1.009	      0.914	           	      0.000	 662321.938	 736754.625	 802952.563	      0.044	      0.043	      0.004	
 2013/05/30	   1.059	   1.075	   1.053	   1.068	       55901596	      1.068	      1.056	      1.017	      0.918	           	      0.000	 559015.938	 633889.688	 710810.438	      0.043	      0.043	      0.001	
 2013/05/31	   1.066	   1.084	   1.063	   1.067	       53609300	      1.068	      1.061	      1.023	      0.921	           	      0.000	 536093.000	 629009.188	 706426.125	      0.042	      0.043	     -0.001	
 2013/06/03	   1.060	   1.070	   1.045	   1.046	       50084056	      1.060	      1.061	      1.028	      0.924	           	      0.000	 500840.563	 584083.313	 691321.063	      0.039	      0.042	     -0.006	
 2013/06/04	   1.046	   1.046	   1.007	   1.020	       45372644	      1.053	      1.056	      1.032	      0.926	           	      0.000	 453726.438	 542399.563	 670240.500	      0.034	      0.040	     -0.013	
 2013/06/05	   1.019	   1.037	   1.019	   1.035	       59763504	      1.047	      1.055	      1.034	      0.928	           	      0.000	 597635.063	 529462.188	 633108.375	      0.031	      0.038	     -0.015	
 2013/06/06	   1.025	   1.030	   1.018	   1.018	       24087468	      1.037	      1.053	      1.036	      0.931	           	      0.000	 240874.688	 465833.938	 549861.813	      0.027	      0.036	     -0.019	
 2013/06/07	   1.020	   1.038	   1.014	   1.032	       56256496	      1.030	      1.049	      1.038	      0.933	           	      0.000	 562564.938	 471128.344	 550068.750	      0.024	      0.034	     -0.019	
 2013/06/13	   1.018	   1.028	   0.981	   1.024	       53575348	      1.026	      1.043	      1.040	      0.936	           	      0.000	 535753.500	 478110.938	 531097.125	      0.021	      0.031	     -0.020	
 2013/06/14	   1.027	   1.070	   1.013	   1.069	       81222552	      1.036	      1.044	      1.044	      0.940	           	      0.000	 812225.500	 549810.750	 546105.125	      0.022	      0.029	     -0.014	
 2013/06/17	   1.073	   1.090	   1.064	   1.067	      100966688	      1.042	      1.045	      1.047	      0.944	           	      0.000	1009666.875	 632217.125	 580839.625	      0.023	      0.028	     -0.010	
 2013/06/18	   1.067	   1.076	   1.047	   1.068	       62766124	      1.052	      1.045	      1.050	      0.948	           	      0.000	 627661.250	 709574.438	 587704.188	      0.023	      0.027	     -0.008	
 2013/06/19	   1.060	   1.069	   1.049	   1.064	       88571312	      1.058	      1.044	      1.053	      0.951	           	      0.000	 885713.125	 774204.063	 622666.188	      0.023	      0.026	     -0.007	
 2013/06/20	   1.055	   1.067	   1.023	   1.023	       72636688	      1.058	      1.042	      1.051	      0.954	           	      0.000	 726366.875	 812326.750	 645218.813	      0.019	      0.025	     -0.012	
 2013/06/21	   1.000	   1.032	   0.985	   1.027	       69520464	      1.050	      1.043	      1.049	      0.957	           	      0.000	 695204.625	 788922.563	 669366.625	      0.016	      0.023	     -0.014	
 2013/06/24	   1.016	   1.018	   0.954	   0.963	       87046232	      1.029	      1.036	      1.045	      0.959	           	      0.000	 870462.313	 761081.625	 696649.375	      0.008	      0.020	     -0.023	
 2013/06/25	   0.946	   0.994	   0.902	   0.986	      126076280	      1.013	      1.032	      1.043	      0.961	           	      0.000	1260762.750	 887701.938	 798638.188	      0.004	      0.017	     -0.025	
 2013/06/26	   0.982	   1.045	   0.978	   1.045	      168099536	      1.009	      1.034	      1.041	      0.963	           	      0.000	1680995.375	1046758.375	 910481.250	      0.005	      0.015	     -0.018	
 2013/06/27	   1.045	   1.064	   1.016	   1.020	      143409840	      1.008	      1.033	      1.038	      0.966	           	      0.000	1434098.375	1188304.750	1000315.688	      0.004	      0.013	     -0.016	
 2013/06/28	   1.003	   1.044	   0.996	   1.003	       76332000	      1.003	      1.027	      1.035	      0.968	           	      0.000	 763320.000	1201927.750	 995425.125	      0.002	      0.011	     -0.016	
 2013/07/01	   1.002	   1.060	   1.000	   1.060	      188146368	      1.023	      1.026	      1.035	      0.971	           	      0.000	1881463.625	1404128.000	1082604.875	      0.005	      0.009	     -0.009	
 2013/07/02	   1.059	   1.084	   1.055	   1.083	      325397152	      1.042	      1.027	      1.036	      0.974	           	      0.000	3253971.500	1802769.750	1345235.875	      0.009	      0.009	     -0.001	
 2013/07/03	   1.072	   1.107	   1.060	   1.100	      320637824	      1.053	      1.031	      1.038	      0.978	           	      0.000	3206378.250	2107846.250	1577302.375	      0.013	      0.010	      0.007	
 2013/07/04	   1.093	   1.103	   1.082	   1.087	      217787312	      1.067	      1.037	      1.040	      0.982	           	      0.000	2177873.000	2256601.250	1722453.000	      0.016	      0.011	      0.009	
 2013/07/05	   1.086	   1.089	   1.052	   1.052	      110469680	      1.076	      1.040	      1.041	      0.985	           	      0.000	1104696.750	2324876.500	1763402.250	      0.015	      0.012	      0.005	
 2013/07/08	   1.024	   1.055	   1.011	   1.027	      217386032	      1.070	      1.046	      1.041	      0.989	           	      0.000	2173860.250	2383356.000	1893742.000	      0.011	      0.012	     -0.001	
 2013/07/09	   1.026	   1.052	   1.020	   1.048	      215988768	      1.063	      1.053	      1.042	      0.992	           	      0.000	2159887.750	2164539.250	1983654.500	      0.010	      0.012	     -0.002	
 2013/07/10	   1.046	   1.069	   1.044	   1.069	      155114112	      1.057	      1.055	      1.044	      0.995	           	      0.000	1551141.125	1833491.750	1970669.000	      0.011	      0.012	     -0.000	
 2013/07/11	   1.068	   1.082	   1.050	   1.082	       68092112	      1.056	      1.061	      1.047	      0.999	           	      0.000	 680921.125	1534101.375	1895351.375	      0.013	      0.012	      0.002	
 2013/07/12	   1.081	   1.119	   1.075	   1.092	      180800896	      1.064	      1.070	      1.048	      1.003	           	      0.000	1808009.000	1674763.875	1999820.250	      0.015	      0.012	      0.005	
 2013/07/15	   1.088	   1.140	   1.088	   1.138	      224485824	      1.086	      1.078	      1.052	      1.008	           	      0.000	2244858.250	1688963.500	2036159.750	      0.020	      0.014	      0.012	
 2013/07/16	   1.140	   1.150	   1.126	   1.137	      272521792	      1.104	      1.083	      1.055	      1.013	           	      0.000	2725218.000	1802029.500	1983284.375	      0.023	      0.016	      0.015	
 2013/07/17	   1.135	   1.147	   1.115	   1.126	      165319872	      1.115	      1.086	      1.058	      1.018	           	      0.000	1653198.750	1822441.000	1827966.375	      0.025	      0.018	      0.015	
 2013/07/18	   1.119	   1.136	   1.111	   1.124	      214376224	      1.123	      1.089	      1.063	      1.022	           	      0.000	2143762.250	2115009.250	1824555.375	      0.026	      0.019	      0.013	
 2013/07/19	   1.124	   1.153	   1.106	   1.106	      284660288	      1.126	      1.095	      1.067	      1.026	           	      0.000	2846603.000	2322728.000	1998746.000	      0.025	      0.020	      0.009	
 2013/07/22	   1.099	   1.154	   1.099	   1.154	      257060512	      1.129	      1.108	      1.077	      1.031	           	      0.000	2570605.000	2387877.500	2038420.375	      0.028	      0.022	      0.011	
 2013/07/23	   1.156	   1.180	   1.156	   1.173	      217372784	      1.137	      1.120	      1.086	      1.035	           	      0.000	2173727.750	2277579.250	2039804.375	      0.031	      0.024	      0.015	
 2013/07/24	   1.174	   1.203	   1.170	   1.200	      373226880	      1.151	      1.133	      1.094	      1.040	           	      0.000	3732268.750	2693393.250	2257917.250	      0.035	      0.026	      0.019	
 2013/07/25	   1.198	   1.200	   1.140	   1.147	      235604768	      1.156	      1.140	      1.100	      1.044	           	      0.000	2356047.750	2735850.500	2425429.750	      0.034	      0.028	      0.013	
 2013/07/26	   1.140	   1.156	   1.122	   1.152	      262661632	      1.165	      1.146	      1.108	      1.048	           	      0.000	2626616.250	2691853.000	2507290.500	      0.033	      0.029	      0.009	
 2013/07/29	   1.143	   1.158	   1.123	   1.124	      281027424	      1.159	      1.144	      1.111	      1.052	           	      0.000	2810274.250	2739787.000	2563832.250	      0.030	      0.029	      0.002	
 2013/07/30	   1.124	   1.135	   1.084	   1.110	      231429040	      1.147	      1.142	      1.112	      1.055	           	      0.000	2314290.500	2767899.500	2522739.500	      0.026	      0.028	     -0.005	
 2013/07/31	   1.111	   1.130	   1.103	   1.122	      229175200	      1.131	      1.141	      1.113	      1.058	           	      0.000	2291752.000	2479796.250	2586594.750	      0.023	      0.027	     -0.008	
 2013/08/01	   1.123	   1.182	   1.121	   1.177	      368474176	      1.137	      1.146	      1.118	      1.062	           	      0.000	3684741.750	2745535.000	2740692.750	      0.025	      0.027	     -0.003	
 2013/08/02	   1.182	   1.193	   1.168	   1.169	      302862464	      1.140	      1.153	      1.124	      1.066	           	      0.000	3028624.750	2825936.750	2758895.000	      0.026	      0.027	     -0.001	
 2013/08/05	   1.167	   1.193	   1.166	   1.193	      208614416	      1.154	      1.157	      1.132	      1.069	           	      0.000	2086144.125	2681110.500	2710448.750	      0.028	      0.027	      0.003	
 2013/08/06	   1.186	   1.206	   1.184	   1.196	      195885680	      1.171	      1.159	      1.140	      1.073	           	      0.000	1958856.750	2610024.000	2688961.750	      0.030	      0.028	      0.005	
 2013/08/07	   1.196	   1.196	   1.158	   1.162	      197447376	      1.179	      1.155	      1.144	      1.075	           	      0.000	1974473.750	2546568.250	2513182.250	      0.028	      0.028	      0.001	
 2013/08/08	   1.155	   1.184	   1.151	   1.171	      216354256	      1.178	      1.158	      1.149	      1.078	           	      0.000	2163542.500	2242328.500	2493931.750	      0.027	      0.028	     -0.001	
 2013/08/09	   1.171	   1.181	   1.137	   1.161	      181530192	      1.177	      1.158	      1.152	      1.082	           	      0.000	1815301.875	1999663.750	2412800.250	      0.025	      0.027	     -0.004	
 2013/08/12	   1.159	   1.172	   1.132	   1.152	      129442152	      1.168	      1.161	      1.153	      1.084	           	      0.000	1294421.500	1841319.250	2261215.000	      0.023	      0.026	     -0.007	
 2013/08/13	   1.153	   1.169	   1.138	   1.163	      178080192	      1.162	      1.167	      1.154	      1.087	           	      0.000	1780801.875	1805708.250	2207866.000	      0.022	      0.025	     -0.008	
 2013/08/14	   1.160	   1.172	   1.145	   1.172	      232477408	      1.164	      1.172	      1.156	      1.089	           	      0.000	2324774.000	1875768.375	2211168.250	      0.021	      0.025	     -0.007	
 2013/08/15	   1.165	   1.172	   1.151	   1.151	      240583888	      1.160	      1.169	      1.158	      1.091	           	      0.000	2405839.000	1924227.625	2083278.000	      0.019	      0.023	     -0.009	
 2013/08/16	   1.142	   1.163	   1.117	   1.117	      163515856	      1.151	      1.164	      1.158	      1.092	           	      0.000	1635158.500	1888199.000	1943931.375	      0.014	      0.022	     -0.015	
 2013/08/19	   1.112	   1.164	   1.110	   1.164	      225059552	      1.153	      1.161	      1.159	      1.094	           	      0.000	2250595.500	2079433.750	1960376.500	      0.014	      0.020	     -0.012	
 2013/08/20	   1.160	   1.168	   1.150	   1.160	      164253408	      1.153	      1.157	      1.158	      1.096	           	      0.000	1642534.125	2051780.250	1928744.250	      0.013	      0.019	     -0.011	
 2013/08/21	   1.159	   1.172	   1.155	   1.164	      171215088	      1.151	      1.158	      1.156	      1.097	           	      0.000	1712150.875	1929255.625	1902512.000	      0.013	      0.017	     -0.009	
 2013/08/22	   1.163	   1.191	   1.163	   1.181	      141517408	      1.157	      1.158	      1.158	      1.099	           	      0.000	1415174.125	1731122.625	1827675.125	      0.014	      0.017	     -0.006	
 2013/08/23	   1.186	   1.211	   1.173	   1.198	      262451776	      1.173	      1.162	      1.160	      1.101	           	      0.000	2624517.750	1928994.500	1908596.750	      0.016	      0.017	     -0.001	
 2013/08/26	   1.202	   1.226	   1.200	   1.220	      153237904	      1.185	      1.169	      1.165	      1.104	           	      0.000	1532379.000	1785351.125	1932392.500	      0.019	      0.017	      0.004	
 2013/08/27	   1.218	   1.233	   1.207	   1.229	      159495248	      1.198	      1.176	      1.171	      1.107	           	      0.000	1594952.500	1775834.875	1913807.500	      0.022	      0.018	      0.008	
 2013/08/28	   1.225	   1.234	   1.207	   1.209	      134259040	      1.207	      1.179	      1.175	      1.109	           	      0.000	1342590.375	1701922.750	1815589.125	      0.022	      0.019	      0.007	
 2013/08/29	   1.207	   1.219	   1.200	   1.207	      123774920	      1.213	      1.185	      1.177	      1.112	           	      0.000	1237749.250	1666437.750	1698780.250	      0.022	      0.020	      0.005	
 2013/08/30	   1.201	   1.207	   1.162	   1.171	      151588576	      1.207	      1.190	      1.177	      1.114	           	      0.000	1515885.750	1444711.375	1686852.875	      0.019	      0.019	     -0.001	
 2013/09/02	   1.170	   1.197	   1.164	   1.197	      129163664	      1.203	      1.194	      1.177	      1.117	           	      0.000	1291636.625	1396562.875	1590957.000	      0.018	      0.019	     -0.002	
 2013/09/03	   1.196	   1.217	   1.195	   1.214	       98270792	      1.200	      1.199	      1.178	      1.120	           	      0.000	 982707.938	1274114.000	1524974.375	      0.019	      0.019	     -0.000	
 2013/09/04	   1.214	   1.228	   1.208	   1.215	      100494056	      1.201	      1.204	      1.181	      1.123	           	      0.000	1004940.563	1206584.000	1454253.375	      0.020	      0.019	      0.000	
 2013/09/05	   1.215	   1.250	   1.211	   1.248	      109500096	      1.209	      1.211	      1.185	      1.127	           	      0.000	1095001.000	1178034.375	1422236.125	      0.022	      0.020	      0.005	
 2013/09/06	   1.248	   1.269	   1.235	   1.262	      116055552	      1.227	      1.217	      1.190	      1.130	           	      0.000	1160555.500	1106968.375	1275839.875	      0.025	      0.021	      0.009	
 2013/09/09	   1.262	   1.265	   1.236	   1.255	       85388528	      1.239	      1.221	      1.195	      1.133	           	      0.000	 853885.250	1019418.063	1207990.500	      0.027	      0.022	      0.009	
 2013/09/10	   1.253	   1.259	   1.233	   1.244	       61448124	      1.245	      1.222	      1.199	      1.136	           	      0.000	 614481.250	 945772.688	1109943.375	      0.027	      0.023	      0.007	
 2013/09/11	   1.242	   1.242	   1.197	   1.202	      112918856	      1.242	      1.222	      1.200	      1.138	           	      0.000	1129188.500	 970622.313	1088603.125	      0.023	      0.023	      0.000	
 2013/09/12	   1.201	   1.219	   1.189	   1.207	      174059552	      1.234	      1.222	      1.203	      1.141	           	      0.000	1740595.500	1099741.250	1138887.750	      0.020	      0.022	     -0.004	
 2013/09/13	   1.210	   1.242	   1.188	   1.235	      182089248	      1.229	      1.228	      1.209	      1.145	           	      0.000	1820892.500	1231808.625	1169388.500	      0.020	      0.022	     -0.004	
 2013/09/16	   1.231	   1.276	   1.231	   1.257	      265073376	      1.229	      1.234	      1.214	      1.150	           	      0.000	2650733.750	1591178.250	1305298.125	      0.022	      0.022	     -0.001	
 2013/09/17	   1.254	   1.265	   1.245	   1.246	      126368600	      1.229	      1.237	      1.218	      1.154	           	      0.000	1263686.000	1721019.250	1333396.000	      0.022	      0.022	     -0.001	
 2013/09/18	   1.246	   1.272	   1.241	   1.265	      132695000	      1.242	      1.242	      1.223	      1.158	           	      0.000	1326950.000	1760571.500	1365596.875	      0.023	      0.022	      0.002	
 2013/09/23	   1.266	   1.306	   1.266	   1.300	      138680640	      1.261	      1.247	      1.229	      1.163	           	      0.000	1386806.375	1689813.750	1394777.500	      0.026	      0.023	      0.007	
 2013/09/24	   1.303	   1.318	   1.288	   1.305	      177328544	      1.275	      1.252	      1.234	      1.168	           	      0.000	1773285.500	1680292.375	1456050.500	      0.029	      0.024	      0.010	
 2013/09/25	   1.303	   1.324	   1.296	   1.299	      127497112	      1.283	      1.256	      1.238	      1.172	           	      0.000	1274971.125	1405139.750	1498159.000	      0.031	      0.025	      0.010	
 2013/09/26	   1.296	   1.312	   1.277	   1.281	      113632632	      1.290	      1.260	      1.241	      1.175	           	      0.000	1136326.375	1379667.875	1550343.500	      0.030	      0.026	      0.007	
 2013/09/27	   1.280	   1.310	   1.280	   1.308	      115155184	      1.299	      1.270	      1.246	      1.178	           	      0.000	1151551.875	1344588.250	1552579.875	      0.031	      0.027	      0.008	
 2013/09/30	   1.314	   1.350	   1.310	   1.346	       96413992	      1.308	      1.284	      1.253	      1.183	           	      0.000	 964139.938	1260055.000	1474934.375	      0.035	      0.029	      0.012	
 2013/10/08	   1.350	   1.365	   1.337	   1.360	      155293984	      1.319	      1.297	      1.262	      1.188	           	      0.000	1552939.875	1215985.875	1448139.125	      0.039	      0.031	      0.015	
 2013/10/09	   1.356	   1.393	   1.352	   1.390	      138640672	      1.337	      1.310	      1.272	      1.194	           	      0.000	1386406.750	1238273.000	1321706.375	      0.043	      0.033	      0.020	
 2013/10/10	   1.395	   1.399	   1.348	   1.349	      138756160	      1.351	      1.320	      1.279	      1.199	           	      0.000	1387561.625	1288520.000	1334094.000	      0.043	      0.035	      0.016	
 2013/10/11	   1.350	   1.363	   1.333	   1.360	       80565584	      1.361	      1.330	      1.286	      1.204	           	      0.000	 805655.813	1219340.750	1281964.500	      0.044	      0.037	      0.013	
 2013/10/14	   1.360	   1.373	   1.345	   1.373	      118467144	      1.366	      1.337	      1.292	      1.209	           	      0.000	1184671.500	1263447.125	1261751.000	      0.044	      0.038	      0.012	
 2013/10/15	   1.372	   1.387	   1.353	   1.365	      140371120	      1.367	      1.343	      1.297	      1.213	           	      0.000	1403711.250	1233601.375	1224793.625	      0.044	      0.040	      0.009	
 2013/10/16	   1.365	   1.367	   1.301	   1.312	      179833856	      1.352	      1.344	      1.300	      1.216	           	      0.000	1798338.500	1315987.750	1277130.375	      0.039	      0.039	     -0.001	
 2013/10/17	   1.314	   1.335	   1.294	   1.299	      116732968	      1.342	      1.346	      1.303	      1.219	           	      0.000	1167329.625	1271941.375	1280230.625	      0.033	      0.038	     -0.010	
 2013/10/18	   1.301	   1.332	   1.301	   1.332	      128419024	      1.336	      1.349	      1.309	      1.222	           	      0.000	1284190.250	1367648.250	1293494.500	      0.031	      0.037	     -0.011	
 2013/10/21	   1.333	   1.379	   1.333	   1.376	      136993472	      1.337	      1.352	      1.318	      1.226	           	      0.000	1369934.750	1404700.875	1334074.000	      0.033	      0.036	     -0.006	
 2013/10/22	   1.373	   1.382	   1.318	   1.318	      201733136	      1.327	      1.347	      1.322	      1.230	           	      0.000	2017331.375	1527424.875	1380513.125	      0.029	      0.035	     -0.011	
 2013/10/23	   1.313	   1.313	   1.268	   1.289	      177368272	      1.323	      1.337	      1.324	      1.232	           	      0.000	1773682.750	1522493.750	1419240.750	      0.023	      0.032	     -0.018	
 2013/10/24	   1.280	   1.295	   1.264	   1.268	      123876112	      1.317	      1.329	      1.325	      1.234	           	      0.000	1238761.125	1536780.000	1404360.750	      0.017	      0.029	     -0.024	
 2013/10/25	   1.267	   1.283	   1.231	   1.252	      142229632	      1.301	      1.318	      1.324	      1.235	           	      0.000	1422296.375	1564401.250	1466024.750	      0.011	      0.026	     -0.030	
 2013/10/28	   1.252	   1.264	   1.237	   1.255	      155347488	      1.276	      1.307	      1.322	      1.236	           	      0.000	1553474.875	1601109.250	1502905.125	      0.006	      0.022	     -0.032	
 2013/10/29	   1.251	   1.269	   1.184	   1.234	      256558208	      1.260	      1.293	      1.318	      1.238	           	      0.000	2565582.000	1710759.375	1619092.125	      0.000	      0.017	     -0.034	
 2013/10/30	   1.233	   1.252	   1.223	   1.252	      125651392	      1.252	      1.288	      1.316	      1.240	           	      0.000	1256513.875	1607325.625	1564909.750	     -0.003	      0.013	     -0.032	
 2013/10/31	   1.243	   1.245	   1.207	   1.211	      122514008	      1.241	      1.279	      1.312	      1.242	           	      0.000	1225140.125	1604601.500	1570690.750	     -0.008	      0.009	     -0.035	
 2013/11/01	   1.206	   1.210	   1.176	   1.199	      142773312	      1.230	      1.265	      1.307	      1.243	           	      0.000	1427733.125	1605688.750	1585045.000	     -0.014	      0.004	     -0.036	
 2013/11/04	   1.195	   1.219	   1.190	   1.202	      122639680	      1.220	      1.248	      1.300	      1.243	           	      0.000	1226396.750	1540273.125	1570691.250	     -0.017	      0.000	     -0.035	
 2013/11/05	   1.192	   1.238	   1.183	   1.236	      176710256	      1.220	      1.240	      1.294	      1.244	           	      0.000	1767102.500	1380577.250	1545668.375	     -0.017	     -0.003	     -0.028	
 2013/11/06	   1.230	   1.254	   1.219	   1.220	      218191648	      1.214	      1.233	      1.285	      1.245	           	      0.000	2181916.500	1565657.750	1586491.750	     -0.018	     -0.006	     -0.024	
 2013/11/07	   1.211	   1.227	   1.197	   1.200	      170211360	      1.211	      1.226	      1.278	      1.245	           	      0.000	1702113.625	1661052.500	1632827.000	     -0.021	     -0.009	     -0.023	
 2013/11/08	   1.188	   1.204	   1.181	   1.189	      168914816	      1.209	      1.220	      1.269	      1.245	           	      0.000	1689148.125	1713335.500	1659512.125	     -0.023	     -0.012	     -0.022	
 2013/11/11	   1.185	   1.203	   1.168	   1.190	      111833280	      1.207	      1.213	      1.260	      1.246	           	      0.000	1118332.750	1691722.750	1615998.000	     -0.024	     -0.014	     -0.020	
 2013/11/12	   1.190	   1.215	   1.186	   1.206	      106082152	      1.201	      1.211	      1.252	      1.246	           	      0.000	1060821.500	1550466.500	1465521.875	     -0.024	     -0.016	     -0.015	
 2013/11/13	   1.200	   1.214	   1.188	   1.189	      141277872	      1.195	      1.204	      1.246	      1.247	           	      0.000	1412778.750	1396639.000	1481148.375	     -0.025	     -0.018	     -0.014	
 2013/11/14	   1.180	   1.230	   1.178	   1.225	      225249744	      1.200	      1.206	      1.242	      1.248	           	      0.000	2252497.500	1506715.750	1583884.125	     -0.022	     -0.019	     -0.007	
 2013/11/15	   1.227	   1.264	   1.225	   1.247	      158039936	      1.211	      1.210	      1.238	      1.249	           	      0.000	1580399.375	1484966.000	1599150.750	     -0.018	     -0.019	      0.001	
 2013/11/18	   1.251	   1.273	   1.249	   1.268	      110270864	      1.227	      1.217	      1.232	      1.251	           	      0.000	1102708.625	1481841.125	1586781.875	     -0.013	     -0.018	      0.009	
 2013/11/19	   1.267	   1.288	   1.262	   1.276	      122213408	      1.241	      1.221	      1.230	      1.254	           	      0.000	1222134.125	1514103.625	1532285.125	     -0.009	     -0.016	      0.015	
 2013/11/20	   1.275	   1.279	   1.258	   1.274	      128128448	      1.258	      1.226	      1.230	      1.256	           	      0.000	1281284.500	1487804.875	1442221.875	     -0.005	     -0.014	      0.017	
 2013/11/21	   1.265	   1.281	   1.263	   1.272	      104454352	      1.267	      1.234	      1.230	      1.258	           	      0.000	1044543.500	1246214.000	1376464.875	     -0.002	     -0.011	      0.018	
 2013/11/22	   1.269	   1.278	   1.258	   1.268	       78575568	      1.272	      1.242	      1.231	      1.259	           	      0.000	 785755.688	1087285.250	1286125.625	     -0.000	     -0.009	      0.018	
 2013/11/25	   1.260	   1.281	   1.259	   1.272	       62494584	      1.272	      1.250	      1.232	      1.261	           	      0.000	 624945.813	 991732.750	1236787.000	      0.001	     -0.007	      0.017	
 2013/11/26	   1.263	   1.275	   1.255	   1.265	       64142616	      1.270	      1.256	      1.233	      1.262	           	      0.000	 641426.188	 875591.125	1194847.375	      0.002	     -0.005	      0.015	
 2013/11/27	   1.262	   1.315	   1.262	   1.308	      139028224	      1.277	      1.268	      1.236	      1.263	           	      0.000	1390282.250	 897390.688	1192597.750	      0.006	     -0.003	      0.018	
 2013/11/28	   1.308	   1.318	   1.302	   1.311	       67398352	      1.285	      1.276	      1.241	      1.265	           	      0.000	 673983.500	 823278.688	1034746.375	      0.010	     -0.000	      0.020	
 2013/11/29	   1.310	   1.344	   1.308	   1.341	      121733280	      1.299	      1.286	      1.248	      1.267	           	      0.000	1217332.750	 909594.125	 998439.688	      0.014	      0.003	      0.024	
 2013/12/02	   1.270	   1.293	   1.207	   1.208	      283370848	      1.287	      1.280	      1.248	      1.267	           	      0.000	2833708.500	1351346.625	1171539.625	      0.008	      0.004	      0.008	
 2013/12/03	   1.181	   1.237	   1.176	   1.227	      256085872	      1.279	      1.275	      1.248	      1.268	           	      0.000	2560858.750	1735233.125	1305412.125	      0.004	      0.004	     -0.000	
 2013/12/04	   1.219	   1.254	   1.212	   1.220	      103354784	      1.261	      1.269	      1.248	      1.268	           	      0.000	1033547.813	1663886.250	1280638.500	     -0.000	      0.003	     -0.006	
 2013/12/05	   1.208	   1.213	   1.178	   1.180	       88898808	      1.235	      1.260	      1.247	      1.268	           	      0.000	 888988.063	1706887.125	1265082.875	     -0.006	      0.001	     -0.015	
 2013/12/06	   1.176	   1.194	   1.172	   1.186	       94811904	      1.204	      1.252	      1.247	      1.267	           	      0.000	 948119.063	1653044.500	1281319.250	     -0.011	     -0.001	     -0.018	
 2013/12/09	   1.187	   1.219	   1.186	   1.217	      140312176	      1.206	      1.246	      1.248	      1.267	           	      0.000	1403121.750	1366927.125	1359136.875	     -0.011	     -0.003	     -0.016	
 2013/12/10	   1.220	   1.227	   1.203	   1.208	       94671624	      1.202	      1.241	      1.248	      1.266	           	      0.000	 946716.250	1044098.563	1389665.875	     -0.012	     -0.005	     -0.015	
 2013/12/11	   1.205	   1.233	   1.203	   1.228	       96167896	      1.204	      1.233	      1.250	      1.265	           	      0.000	 961678.938	1029724.813	1346805.500	     -0.012	     -0.006	     -0.010	
 2013/12/12	   1.221	   1.261	   1.218	   1.252	      175294432	      1.218	      1.227	      1.251	      1.265	           	      0.000	1752944.375	1202516.125	1454701.625	     -0.009	     -0.007	     -0.004	
 2013/12/13	   1.243	   1.262	   1.243	   1.251	      110660792	      1.231	      1.218	      1.252	      1.266	           	      0.000	1106607.875	1234213.875	1443629.125	     -0.007	     -0.007	      0.000	
 2013/12/16	   1.252	   1.269	   1.240	   1.255	      117900288	      1.239	      1.222	      1.251	      1.267	           	      0.000	1179002.875	1189390.000	1278158.625	     -0.005	     -0.006	      0.003	
 2013/12/17	   1.251	   1.256	   1.223	   1.239	      175936896	      1.245	      1.224	      1.249	      1.267	           	      0.000	1759369.000	1351920.625	1198009.625	     -0.004	     -0.006	      0.003	
 2013/12/18	   1.240	   1.241	   1.220	   1.228	       64845784	      1.245	      1.224	      1.247	      1.267	           	      0.000	 648457.813	1289276.375	1159500.625	     -0.005	     -0.006	      0.002	
 2013/12/19	   1.230	   1.258	   1.229	   1.234	      144145776	      1.241	      1.230	      1.245	      1.266	           	      0.000	1441457.750	1226979.000	1214747.625	     -0.005	     -0.006	      0.002	
 2013/12/20	   1.232	   1.242	   1.221	   1.230	      113968368	      1.237	      1.234	      1.243	      1.266	           	      0.000	1139683.625	1233594.250	1233904.000	     -0.005	     -0.005	      0.001	
 2013/12/23	   1.225	   1.229	   1.200	   1.215	       65720432	      1.229	      1.234	      1.240	      1.265	           	      0.000	 657204.313	1129234.500	1159312.250	     -0.006	     -0.006	     -0.001	
 2013/12/24	   1.215	   1.242	   1.210	   1.236	       90223000	      1.229	      1.237	      1.239	      1.263	           	      0.000	 902230.000	 957806.688	1154863.625	     -0.005	     -0.006	      0.000	
 2013/12/25	   1.238	   1.266	   1.230	   1.262	      138721360	      1.235	      1.240	      1.236	      1.263	           	      0.000	1387213.625	1105557.875	1197417.125	     -0.003	     -0.005	      0.005	
 2013/12/26	   1.261	   1.269	   1.238	   1.243	      153325312	      1.237	      1.239	      1.233	      1.262	           	      0.000	1533253.125	1123917.000	1175448.000	     -0.002	     -0.004	      0.005	
 2013/12/27	   1.236	   1.275	   1.236	   1.273	      112310224	      1.246	      1.242	      1.230	      1.262	           	      0.000	1123102.250	1120600.625	1177097.500	      0.001	     -0.003	      0.008	
 2013/12/30	   1.273	   1.281	   1.266	   1.280	      131775152	      1.259	      1.244	      1.233	      1.260	           	      0.000	1317751.500	1252710.125	1190972.250	      0.004	     -0.002	      0.011	
 2013/12/31	   1.277	   1.282	   1.260	   1.274	       62999504	      1.266	      1.247	      1.236	      1.259	           	      0.000	 629995.063	1198263.125	1078034.875	      0.005	     -0.000	      0.012	
 2014/01/02	   1.273	   1.307	   1.273	   1.306	      137141456	      1.275	      1.255	      1.240	      1.258	           	      0.000	1371414.500	1195103.250	1150330.625	      0.009	      0.002	      0.016	
 2014/01/03	   1.300	   1.328	   1.298	   1.325	      154965664	      1.292	      1.264	      1.247	      1.257	           	      0.000	1549656.625	1198384.000	1161150.500	      0.014	      0.004	      0.019	
 2014/01/06	   1.324	   1.326	   1.292	   1.299	      147459664	      1.297	      1.271	      1.253	      1.256	           	      0.000	1474596.625	1268682.875	1194641.750	      0.015	      0.006	      0.018	
 2014/01/07	   1.290	   1.328	   1.285	   1.324	      164313264	      1.306	      1.282	      1.258	      1.255	           	      0.000	1643132.625	1333759.125	1293234.625	      0.018	      0.008	      0.018	
 2014/01/08	   1.342	   1.384	   1.332	   1.375	      223675488	      1.326	      1.296	      1.266	      1.256	           	      0.000	2236755.000	1655111.125	1426687.125	      0.024	      0.012	      0.024	
 2014/01/09	   1.370	   1.394	   1.343	   1.348	      166187456	      1.334	      1.305	      1.272	      1.256	           	      0.000	1661874.500	1713203.125	1454153.125	      0.026	      0.014	      0.023	
 2014/01/10	   1.338	   1.362	   1.318	   1.324	      112777832	      1.334	      1.313	      1.276	      1.257	           	      0.000	1127778.375	1628827.375	1413605.750	      0.026	      0.017	      0.018	
 2014/01/13	   1.323	   1.350	   1.321	   1.336	       68706048	      1.341	      1.319	      1.280	      1.257	           	      0.000	 687060.500	1471320.250	1370001.500	      0.026	      0.019	      0.015	
 2014/01/14	   1.336	   1.377	   1.330	   1.377	      101357600	      1.352	      1.329	      1.286	      1.257	           	      0.000	1013576.000	1345408.875	1339584.000	      0.029	      0.021	      0.017	
 2014/01/15	   1.378	   1.395	   1.371	   1.390	      179409184	      1.355	      1.340	      1.294	      1.258	           	      0.000	1794091.875	1256876.250	1455993.625	      0.032	      0.023	      0.019	
 2014/01/16	   1.387	   1.399	   1.362	   1.371	      101153832	      1.360	      1.347	      1.301	      1.259	           	      0.000	1011538.313	1126809.000	1420006.000	      0.033	      0.025	      0.016	
 2014/01/17	   1.365	   1.383	   1.360	   1.367	      136466768	      1.368	      1.351	      1.308	      1.261	           	      0.000	1364667.625	1174186.875	1401507.125	      0.033	      0.027	      0.013	
 2014/01/20	   1.361	   1.371	   1.332	   1.342	      110493080	      1.369	      1.355	      1.313	      1.262	           	      0.000	1104930.750	1257760.875	1364540.500	      0.030	      0.027	      0.006	
 2014/01/21	   1.340	   1.381	   1.339	   1.381	      140723888	      1.370	      1.361	      1.322	      1.264	           	      0.000	1407238.875	1336493.500	1340951.125	      0.031	      0.028	      0.006	
 2014/01/22	   1.384	   1.403	   1.375	   1.399	      191460688	      1.372	      1.363	      1.330	      1.267	           	      0.000	1914606.875	1360596.500	1308736.375	      0.033	      0.029	      0.008	
 2014/01/23	   1.400	   1.443	   1.400	   1.430	      249642448	      1.384	      1.372	      1.338	      1.270	           	      0.000	2496424.500	1657573.750	1392191.375	      0.036	      0.031	      0.012	
 2014/01/24	   1.424	   1.464	   1.422	   1.453	      162057008	      1.401	      1.385	      1.349	      1.274	           	      0.000	1620570.125	1708754.250	1441470.500	      0.041	      0.033	      0.016	
 2014/01/27	   1.448	   1.469	   1.430	   1.445	      182934864	      1.422	      1.395	      1.357	      1.278	           	      0.000	1829348.625	1853637.750	1555699.375	      0.043	      0.035	      0.016	
 2014/01/28	   1.443	   1.453	   1.413	   1.441	      222916688	      1.434	      1.402	      1.365	      1.282	           	      0.000	2229167.000	2018023.375	1677258.500	      0.043	      0.036	      0.014	
 2014/01/29	   1.441	   1.466	   1.435	   1.466	       99943184	      1.447	      1.410	      1.375	      1.286	           	      0.000	 999431.813	1834988.375	1597792.500	      0.046	      0.038	      0.015	
 2014/01/30	   1.464	   1.480	   1.448	   1.463	       75507640	      1.454	      1.419	      1.383	      1.290	           	      0.000	 755076.375	1486718.750	1572146.250	      0.047	      0.040	      0.013	
 2014/02/07	   1.451	   1.500	   1.450	   1.498	      144614288	      1.463	      1.432	      1.391	      1.295	           	      0.000	1446142.875	1451833.375	1580293.750	      0.050	      0.042	      0.016	
 2014/02/10	   1.505	   1.523	   1.491	   1.516	      142459856	      1.477	      1.449	      1.402	      1.301	           	      0.000	1424598.500	1370883.250	1612260.500	      0.053	      0.044	      0.018	
 2014/02/11	   1.515	   1.526	   1.473	   1.492	      185547664	      1.487	      1.460	      1.411	      1.306	           	      0.000	1855476.625	1296145.250	1657084.375	      0.053	      0.046	      0.014	
 2014/02/12	   1.488	   1.508	   1.478	   1.506	      146044336	      1.495	      1.471	      1.417	      1.311	           	      0.000	1460443.375	1388347.500	1611668.000	      0.053	      0.047	      0.012	
 2014/02/13	   1.499	   1.508	   1.450	   1.450	      199937360	      1.492	      1.473	      1.422	      1.315	           	      0.000	1999373.625	1637207.000	1561962.875	      0.049	      0.048	      0.002	
 2014/02/14	   1.449	   1.481	   1.441	   1.479	      231239312	      1.489	      1.476	      1.430	      1.319	           	      0.000	2312393.000	1810457.000	1631145.125	      0.047	      0.047	     -0.001	
 2014/02/17	   1.483	   1.523	   1.483	   1.521	      233667120	      1.490	      1.483	      1.439	      1.324	           	      0.000	2336671.250	1992871.625	1681877.500	      0.048	      0.048	      0.001	
 2014/02/18	   1.521	   1.524	   1.500	   1.507	      245828880	      1.493	      1.490	      1.446	      1.328	           	      0.000	2458288.750	2113434.000	1704789.625	      0.047	      0.048	     -0.000	
 2014/02/19	   1.505	   1.513	   1.487	   1.506	      209316160	      1.493	      1.494	      1.452	      1.332	           	      0.000	2093161.625	2239977.750	1814162.625	      0.046	      0.047	     -0.002	
 2014/02/20	   1.501	   1.507	   1.467	   1.483	      246442992	      1.499	      1.496	      1.457	      1.335	           	      0.000	2464430.000	2332989.000	1985098.000	      0.043	      0.046	     -0.007	
 2014/02/21	   1.470	   1.490	   1.467	   1.483	      216814160	      1.500	      1.494	      1.463	      1.339	           	      0.000	2168141.500	2304138.500	2057297.875	      0.040	      0.045	     -0.010	
 2014/02/24	   1.481	   1.507	   1.472	   1.505	      259606976	      1.497	      1.493	      1.471	      1.343	           	      0.000	2596069.750	2356018.250	2174445.000	      0.039	      0.044	     -0.010	
 2014/02/25	   1.505	   1.534	   1.421	   1.432	      379390464	      1.482	      1.487	      1.474	      1.345	           	      0.000	3793904.750	2623141.500	2368287.750	      0.032	      0.042	     -0.019	
 2014/02/26	   1.406	   1.431	   1.380	   1.431	      391533760	      1.467	      1.480	      1.475	      1.348	           	      0.000	3915337.500	2987576.750	2613777.250	      0.026	      0.038	     -0.025	
 2014/02/27	   1.432	   1.461	   1.373	   1.385	      204574672	      1.447	      1.473	      1.473	      1.349	           	      0.000	2045746.750	2903840.000	2618414.500	      0.017	      0.034	     -0.034	
 2014/02/28	   1.380	   1.405	   1.360	   1.400	      303751424	      1.431	      1.465	      1.470	      1.351	           	      0.000	3037514.250	3077714.500	2690926.500	      0.011	      0.030	     -0.036	
 2014/03/03	   1.400	   1.433	   1.390	   1.430	      222295904	      1.416	      1.456	      1.470	      1.352	           	      0.000	2222959.000	3003092.500	2679555.500	      0.009	      0.026	     -0.033	
 2014/03/04	   1.420	   1.438	   1.408	   1.421	      227967584	      1.413	      1.448	      1.469	      1.356	           	      0.000	2279675.750	2700246.750	2661694.000	      0.007	      0.022	     -0.030	
 2014/03/05	   1.425	   1.433	   1.414	   1.427	      143103536	      1.413	      1.440	      1.467	      1.359	           	      0.000	1431035.375	2203386.250	2595481.500	      0.005	      0.018	     -0.027	
 2014/03/06	   1.418	   1.427	   1.389	   1.426	      202756032	      1.421	      1.434	      1.465	      1.363	           	      0.000	2027560.375	2199749.000	2551794.500	      0.004	      0.015	     -0.024	
 2014/03/07	   1.425	   1.441	   1.413	   1.428	      111726184	      1.426	      1.428	      1.461	      1.367	           	      0.000	1117261.875	1815698.500	2446706.500	      0.003	      0.013	     -0.021	
 2014/03/10	   1.408	   1.408	   1.368	   1.370	      207178480	      1.414	      1.415	      1.454	      1.370	           	      0.000	2071784.750	1785463.625	2394278.000	     -0.003	      0.010	     -0.025	
 2014/03/11	   1.367	   1.376	   1.346	   1.363	      122344872	      1.403	      1.408	      1.448	      1.372	           	      0.000	1223448.750	1574218.250	2137232.500	     -0.008	      0.006	     -0.028	
 2014/03/12	   1.358	   1.382	   1.344	   1.364	      289914624	      1.390	      1.401	      1.441	      1.375	           	      0.000	2899146.250	1867840.375	2035613.250	     -0.011	      0.003	     -0.028	
 2014/03/13	   1.365	   1.407	   1.363	   1.405	      196571824	      1.386	      1.403	      1.438	      1.378	           	      0.000	1965718.250	1855472.000	2027610.500	     -0.011	      0.000	     -0.021	
 2014/03/14	   1.396	   1.412	   1.387	   1.398	      226244736	      1.380	      1.403	      1.434	      1.380	           	      0.000	2262447.250	2084509.000	1950103.750	     -0.011	     -0.002	     -0.017	
 2014/03/17	   1.401	   1.441	   1.395	   1.438	      170949344	      1.394	      1.404	      1.430	      1.383	           	      0.000	1709493.500	2012050.750	1898757.250	     -0.007	     -0.003	     -0.008	
 2014/03/18	   1.441	   1.456	   1.439	   1.444	      218282224	      1.410	      1.406	      1.427	      1.386	           	      0.000	2182822.250	2203925.500	1889071.875	     -0.004	     -0.003	     -0.002	
 2014/03/19	   1.440	   1.444	   1.418	   1.427	      193961120	      1.422	      1.406	      1.423	      1.390	           	      0.000	1939611.250	2012018.500	1939929.500	     -0.003	     -0.003	      0.001	
 2014/03/20	   1.426	   1.429	   1.380	   1.382	      147412544	      1.418	      1.402	      1.418	      1.392	           	      0.000	1474125.500	1913700.000	1884586.000	     -0.006	     -0.004	     -0.004	
 2014/03/21	   1.373	   1.390	   1.346	   1.382	      265692480	      1.415	      1.397	      1.413	      1.395	           	      0.000	2656924.750	1992595.500	2038552.250	     -0.008	     -0.005	     -0.006	
 2014/03/24	   1.375	   1.382	   1.351	   1.359	      109332200	      1.399	      1.396	      1.406	      1.397	           	      0.000	1093322.000	1869361.125	1940706.000	     -0.011	     -0.006	     -0.010	
 2014/03/25	   1.354	   1.376	   1.346	   1.359	      153889424	      1.382	      1.396	      1.402	      1.399	           	      0.000	1538894.250	1740575.500	1972250.500	     -0.013	     -0.007	     -0.012	
 2014/03/26	   1.360	   1.389	   1.360	   1.385	      203938624	      1.373	      1.398	      1.400	      1.402	           	      0.000	2039386.250	1760530.500	1886274.500	     -0.013	     -0.008	     -0.009	
 2014/03/27	   1.375	   1.379	   1.332	   1.332	      150204112	      1.363	      1.391	      1.397	      1.403	           	      0.000	1502041.125	1766113.625	1839906.750	     -0.017	     -0.010	     -0.014	
 2014/03/28	   1.326	   1.330	   1.283	   1.292	      167909184	      1.345	      1.380	      1.392	      1.404	           	      0.000	1679091.875	1570547.125	1781571.250	     -0.023	     -0.013	     -0.020	
 2014/03/31	   1.293	   1.306	   1.280	   1.297	      154167696	      1.333	      1.366	      1.385	      1.404	           	      0.000	1541677.000	1660218.125	1764789.625	     -0.027	     -0.016	     -0.023	
 2014/04/01	   1.298	   1.324	   1.294	   1.321	      216807168	      1.325	      1.354	      1.380	      1.405	           	      0.000	2168071.750	1786053.625	1763314.625	     -0.028	     -0.018	     -0.020	
 2014/04/02	   1.323	   1.327	   1.284	   1.292	      148374192	      1.307	      1.340	      1.373	      1.405	           	      0.000	1483741.875	1674924.750	1717727.625	     -0.031	     -0.021	     -0.020	
 2014/04/03	   1.290	   1.311	   1.285	   1.294	      188949360	      1.299	      1.331	      1.367	      1.405	           	      0.000	1889493.625	1752415.250	1759264.500	     -0.032	     -0.023	     -0.019	
 2014/04/04	   1.290	   1.315	   1.280	   1.314	      221864384	      1.304	      1.324	      1.361	      1.405	           	      0.000	2218643.750	1860325.625	1715436.375	     -0.032	     -0.025	     -0.014	
 2014/04/08	   1.295	   1.318	   1.291	   1.318	      128520352	      1.308	      1.320	      1.358	      1.405	           	      0.000	1285203.500	1809030.875	1734624.500	     -0.030	     -0.026	     -0.009	
 2014/04/09	   1.316	   1.344	   1.316	   1.336	      217988736	      1.311	      1.318	      1.357	      1.405	           	      0.000	2179887.250	1811394.000	1798723.750	     -0.028	     -0.026	     -0.003	
 2014/04/10	   1.340	   1.363	   1.339	   1.347	      185670976	      1.322	      1.314	      1.356	      1.405	           	      0.000	1856709.750	1885987.625	1780456.125	     -0.024	     -0.026	      0.003	
 2014/04/11	   1.342	   1.342	   1.318	   1.329	      163787120	      1.329	      1.314	      1.352	      1.404	           	      0.000	1637871.250	1835663.125	1794039.125	     -0.023	     -0.025	      0.005	
 2014/04/14	   1.329	   1.344	   1.329	   1.339	      112118952	      1.334	      1.319	      1.349	      1.405	           	      0.000	1121189.500	1616172.250	1738248.875	     -0.021	     -0.024	      0.007	
 2014/04/15	   1.337	   1.345	   1.330	   1.333	       75496656	      1.337	      1.322	      1.344	      1.405	           	      0.000	 754966.563	1510124.875	1659577.875	     -0.019	     -0.023	      0.008	
 2014/04/16	   1.327	   1.335	   1.317	   1.328	       51995460	      1.335	      1.323	      1.338	      1.404	           	      0.000	 519954.594	1178138.375	1494766.125	     -0.018	     -0.022	      0.008	
 2014/04/17	   1.325	   1.340	   1.325	   1.337	       84335488	      1.333	      1.327	      1.334	      1.403	           	      0.000	 843354.875	 975467.375	1430727.500	     -0.017	     -0.021	      0.009	
 2014/04/18	   1.331	   1.346	   1.325	   1.344	       76858512	      1.336	      1.332	      1.332	      1.402	           	      0.000	 768585.125	 801610.125	1318636.625	     -0.015	     -0.020	      0.011	
 2014/04/21	   1.330	   1.351	   1.326	   1.329	       89462528	      1.334	      1.334	      1.329	      1.402	           	      0.000	 894625.250	 756297.250	1186234.750	     -0.014	     -0.019	      0.009	
 2014/04/22	   1.326	   1.335	   1.286	   1.303	       74842664	      1.328	      1.332	      1.326	      1.401	           	      0.000	 748426.625	 754989.313	1132557.125	     -0.015	     -0.018	      0.005	
 2014/04/23	   1.298	   1.307	   1.286	   1.297	       34656160	      1.322	      1.329	      1.323	      1.400	           	      0.000	 346561.594	 720310.688	 949224.500	     -0.017	     -0.018	      0.002	
 2014/04/24	   1.295	   1.300	   1.271	   1.284	       77910608	      1.311	      1.322	      1.318	      1.398	           	      0.000	 779106.063	 707460.938	 841464.125	     -0.019	     -0.018	     -0.002	
 2014/04/25	   1.282	   1.287	   1.256	   1.260	      156444224	      1.295	      1.315	      1.315	      1.395	           	      0.000	1564442.250	 866632.375	 834121.250	     -0.022	     -0.019	     -0.006	
 2014/04/28	   1.255	   1.258	   1.225	   1.228	      233311616	      1.274	      1.304	      1.311	      1.391	           	      0.000	2333116.250	1154330.500	 955313.938	     -0.027	     -0.020	     -0.013	
 2014/04/29	   1.225	   1.244	   1.220	   1.235	      161721712	      1.261	      1.294	      1.308	      1.388	           	      0.000	1617217.125	1328088.625	1041539.000	     -0.030	     -0.022	     -0.015	
 2014/04/30	   1.234	   1.257	   1.230	   1.254	      126769032	      1.252	      1.287	      1.305	      1.385	           	      0.000	1267690.375	1512314.375	1116312.500	     -0.030	     -0.024	     -0.013	
 2014/05/05	   1.253	   1.274	   1.250	   1.272	      192622464	      1.250	      1.281	      1.304	      1.381	           	      0.000	1926224.625	1741738.125	1224599.500	     -0.029	     -0.025	     -0.008	
 2014/05/06	   1.272	   1.296	   1.270	   1.285	      163296928	      1.255	      1.275	      1.304	      1.378	           	      0.000	1632969.250	1755443.500	1311038.000	     -0.026	     -0.025	     -0.002	
 2014/05/07	   1.278	   1.279	   1.256	   1.257	       54294860	      1.261	      1.268	      1.301	      1.374	           	      0.000	 542948.625	1397410.000	1275870.250	     -0.026	     -0.025	     -0.002	
 2014/05/08	   1.251	   1.273	   1.248	   1.252	      113237640	      1.264	      1.262	      1.297	      1.370	           	      0.000	1132376.375	1300441.875	1314265.250	     -0.026	     -0.026	     -0.002	
 2014/05/09	   1.250	   1.252	   1.220	   1.230	      119935112	      1.259	      1.256	      1.292	      1.366	           	      0.000	1199351.125	1286774.000	1399544.250	     -0.028	     -0.026	     -0.004	
 2014/05/12	   1.236	   1.252	   1.222	   1.252	      132303928	      1.255	      1.252	      1.287	      1.361	           	      0.000	1323039.250	1166136.875	1453937.500	     -0.027	     -0.026	     -0.002	
 2014/05/13	   1.251	   1.264	   1.240	   1.245	      159661200	      1.247	      1.251	      1.283	      1.358	           	      0.000	1596612.000	1158865.500	1457154.500	     -0.027	     -0.026	     -0.001	
 2014/05/14	   1.241	   1.254	   1.240	   1.253	       80900592	      1.246	      1.253	      1.279	      1.354	           	      0.000	 809005.938	1212077.000	1304743.500	     -0.025	     -0.026	      0.002	
 2014/05/15	   1.248	   1.256	   1.223	   1.223	      116337152	      1.241	      1.252	      1.273	      1.349	           	      0.000	1163371.500	1218276.000	1259358.875	     -0.026	     -0.026	     -0.000	
 2014/05/16	   1.218	   1.227	   1.186	   1.202	      119142528	      1.235	      1.247	      1.267	      1.344	           	      0.000	1191425.250	1216690.750	1251732.375	     -0.029	     -0.027	     -0.004	
 2014/05/19	   1.195	   1.210	   1.188	   1.203	      111782352	      1.225	      1.240	      1.260	      1.339	           	      0.000	1117823.500	1175647.625	1170892.250	     -0.030	     -0.027	     -0.005	
 2014/05/20	   1.218	   1.236	   1.212	   1.220	      147457344	      1.220	      1.234	      1.254	      1.335	           	      0.000	1474573.500	1151240.000	1155052.750	     -0.029	     -0.028	     -0.003	
 2014/05/21	   1.210	   1.234	   1.205	   1.234	      107850872	      1.216	      1.231	      1.249	      1.331	           	      0.000	1078508.750	1205140.500	1208608.750	     -0.027	     -0.028	      0.001	
 2014/05/22	   1.234	   1.261	   1.233	   1.242	      191610720	      1.220	      1.230	      1.246	      1.326	           	      0.000	1916107.250	1355687.625	1286981.750	     -0.025	     -0.027	      0.004	
 2014/05/23	   1.241	   1.272	   1.234	   1.270	      132810912	      1.234	      1.234	      1.245	      1.323	           	      0.000	1328109.125	1383024.375	1299857.625	     -0.020	     -0.026	      0.011	
 2014/05/26	   1.275	   1.297	   1.274	   1.289	      209501904	      1.251	      1.238	      1.245	      1.321	           	      0.000	2095019.000	1578463.500	1377055.625	     -0.015	     -0.024	      0.017	
 2014/05/27	   1.288	   1.290	   1.275	   1.277	      140558352	      1.262	      1.241	      1.246	      1.319	           	      0.000	1405583.500	1564665.500	1357952.750	     -0.012	     -0.021	      0.019	
 2014/05/28	   1.278	   1.314	   1.275	   1.314	      190813392	      1.278	      1.247	      1.250	      1.318	           	      0.000	1908133.875	1730590.500	1467865.500	     -0.006	     -0.018	      0.024	
 2014/05/29	   1.314	   1.321	   1.285	   1.287	      217267360	      1.287	      1.254	      1.253	      1.315	           	      0.000	2172673.500	1781903.750	1568795.750	     -0.004	     -0.015	      0.023	
 2014/05/30	   1.283	   1.296	   1.272	   1.291	      182912224	      1.292	      1.263	      1.255	      1.313	           	      0.000	1829122.250	1882106.375	1632565.375	     -0.002	     -0.013	      0.022	
 2014/06/03	   1.291	   1.305	   1.287	   1.287	      172929648	      1.291	      1.271	      1.256	      1.311	           	      0.000	1729296.500	1808961.875	1693712.750	     -0.000	     -0.010	      0.020	
 2014/06/04	   1.285	   1.295	   1.275	   1.295	      185461408	      1.295	      1.279	      1.256	      1.309	           	      0.000	1854614.125	1898768.000	1731716.750	      0.002	     -0.008	      0.019	
 2014/06/05	   1.294	   1.329	   1.290	   1.325	      253917888	      1.297	      1.288	      1.260	      1.307	           	      0.000	2539179.000	2024977.125	1877783.750	      0.005	     -0.005	      0.021	
 2014/06/06	   1.326	   1.335	   1.312	   1.321	      245424976	      1.304	      1.296	      1.263	      1.306	           	      0.000	2454249.750	2081292.375	1931598.000	      0.008	     -0.003	      0.021	
 2014/06/09	   1.315	   1.321	   1.294	   1.294	      106173888	      1.304	      1.298	      1.266	      1.305	           	      0.000	1061738.875	1927815.625	1904961.000	      0.008	     -0.000	      0.016	
 2014/06/10	   1.299	   1.329	   1.287	   1.324	      254028928	      1.312	      1.301	      1.270	      1.304	           	      0.000	2540289.250	2090014.250	1949488.000	      0.010	      0.002	      0.017	
 2014/06/11	   1.318	   1.343	   1.316	   1.337	      208283248	      1.320	      1.308	      1.274	      1.303	           	      0.000	2082832.500	2135658.000	2017213.000	      0.012	      0.004	      0.017	
 2014/06/12	   1.337	   1.347	   1.326	   1.334	      150082144	      1.322	      1.309	      1.278	      1.302	           	      0.000	1500821.500	1927986.375	1976481.750	      0.014	      0.006	      0.017	
 2014/06/13	   1.329	   1.359	   1.327	   1.350	      184779904	      1.328	      1.316	      1.285	      1.301	           	      0.000	1847799.000	1806696.250	1943994.250	      0.016	      0.008	      0.017	
 2014/06/16	   1.352	   1.368	   1.352	   1.363	      164677840	      1.342	      1.323	      1.293	      1.299	           	      0.000	1646778.375	1923704.125	1925759.875	      0.019	      0.010	      0.018	
 2014/06/17	   1.360	   1.363	   1.347	   1.350	      172675952	      1.347	      1.329	      1.300	      1.298	           	      0.000	1726759.500	1760998.125	1925506.250	      0.020	      0.012	      0.016	
 2014/06/18	   1.351	   1.355	   1.330	   1.337	      137914112	      1.347	      1.334	      1.306	      1.297	           	      0.000	1379141.125	1620259.875	1877958.875	      0.020	      0.014	      0.012	
 2014/06/19	   1.332	   1.342	   1.281	   1.291	      234300816	      1.338	      1.330	      1.309	      1.296	           	      0.000	2343008.250	1788697.250	1858341.750	      0.015	      0.014	      0.002	
 2014/06/20	   1.290	   1.307	   1.285	   1.305	      228947184	      1.329	      1.329	      1.312	      1.295	           	      0.000	2289471.750	1877031.750	1841864.000	      0.013	      0.014	     -0.002	
 2014/06/23	   1.305	   1.337	   1.305	   1.332	      205076224	      1.323	      1.332	      1.315	      1.295	           	      0.000	2050762.250	1957828.625	1940766.375	      0.013	      0.014	     -0.001	
 2014/06/24	   1.329	   1.344	   1.327	   1.342	      135753600	      1.321	      1.334	      1.318	      1.294	           	      0.000	1357536.000	1883983.875	1822491.000	      0.014	      0.014	     -0.000	
 2014/06/25	   1.341	   1.341	   1.317	   1.328	      162587696	      1.320	      1.333	      1.320	      1.294	           	      0.000	1625877.000	1933331.000	1776795.500	      0.013	      0.013	     -0.001	
 2014/06/26	   1.332	   1.362	   1.330	   1.355	      286513312	      1.332	      1.335	      1.322	      1.295	           	      0.000	2865133.000	2037756.000	1913226.625	      0.014	      0.014	      0.001	
 2014/06/27	   1.355	   1.368	   1.351	   1.357	      181090112	      1.343	      1.336	      1.326	      1.296	           	      0.000	1810901.125	1942041.875	1909536.875	      0.015	      0.014	      0.003	
 2014/06/30	   1.357	   1.375	   1.343	   1.372	      213277136	      1.351	      1.337	      1.330	      1.297	           	      0.000	2132771.250	1958443.625	1958136.125	      0.017	      0.015	      0.005	
 2014/07/01	   1.376	   1.385	   1.368	   1.381	      198905488	      1.359	      1.340	      1.335	      1.298	           	      0.000	1989054.875	2084747.500	1984365.625	      0.019	      0.016	      0.008	
 2014/07/02	   1.380	   1.395	   1.370	   1.389	      156538880	      1.371	      1.345	      1.339	      1.300	           	      0.000	1565388.750	2072649.750	2002990.375	      0.021	      0.017	      0.009	
 2014/07/03	   1.388	   1.398	   1.379	   1.389	       93079928	      1.378	      1.355	      1.343	      1.301	           	      0.000	 930799.250	1685783.000	1861769.500	      0.023	      0.018	      0.010	
 2014/07/04	   1.388	   1.392	   1.375	   1.381	      116254032	      1.382	      1.363	      1.346	      1.302	           	      0.000	1162540.375	1556110.875	1749076.375	      0.023	      0.019	      0.008	
 2014/07/07	   1.375	   1.378	   1.350	   1.364	      167348016	      1.381	      1.366	      1.349	      1.302	           	      0.000	1673480.125	1464252.625	1711348.125	      0.021	      0.019	      0.004	
 2014/07/08	   1.360	   1.381	   1.348	   1.381	      189986752	      1.381	      1.370	      1.352	      1.303	           	      0.000	1899867.500	1446415.250	1765581.375	      0.021	      0.020	      0.003	
 2014/07/09	   1.378	   1.387	   1.350	   1.353	      226780736	      1.374	      1.372	      1.353	      1.303	           	      0.000	2267807.250	1586898.875	1829774.375	      0.019	      0.020	     -0.002	
 2014/07/10	   1.351	   1.359	   1.330	   1.332	      150463456	      1.362	      1.370	      1.353	      1.303	           	      0.000	1504634.500	1701666.000	1693724.500	      0.015	      0.019	     -0.008	
 2014/07/11	   1.328	   1.342	   1.321	   1.329	      123269936	      1.352	      1.367	      1.352	      1.303	           	      0.000	1232699.375	1715697.750	1635904.375	      0.011	      0.017	     -0.012	
 2014/07/14	   1.329	   1.338	   1.313	   1.338	      196471872	      1.347	      1.364	      1.350	      1.303	           	      0.000	1964718.750	1773945.500	1619099.125	      0.009	      0.016	     -0.013	
 2014/07/15	   1.334	   1.336	   1.303	   1.311	      165520128	      1.333	      1.357	      1.348	      1.303	           	      0.000	1655201.250	1725012.250	1585713.750	      0.005	      0.014	     -0.016	
 2014/07/16	   1.310	   1.315	   1.280	   1.289	      165901664	      1.320	      1.347	      1.346	      1.302	           	      0.000	1659016.625	1603254.125	1595076.500	      0.000	      0.011	     -0.021	
 2014/07/17	   1.287	   1.296	   1.276	   1.282	      238885536	      1.310	      1.336	      1.345	      1.301	           	      0.000	2388855.250	1780098.250	1740882.125	     -0.004	      0.008	     -0.024	
 2014/07/18	   1.282	   1.294	   1.273	   1.279	      152278944	      1.300	      1.326	      1.344	      1.301	           	      0.000	1522789.500	1838116.250	1776907.000	     -0.008	      0.005	     -0.025	
 2014/07/21	   1.280	   1.287	   1.260	   1.278	      210482720	      1.288	      1.317	      1.342	      1.301	           	      0.000	2104827.250	1866138.000	1820041.750	     -0.010	      0.002	     -0.024	
 2014/07/22	   1.275	   1.303	   1.274	   1.301	      208304032	      1.286	      1.309	      1.339	      1.301	           	      0.000	2083040.375	1951705.750	1838359.000	     -0.011	     -0.001	     -0.020	
 2014/07/23	   1.301	   1.303	   1.260	   1.263	      216782928	      1.281	      1.300	      1.336	      1.301	           	      0.000	2167829.250	2053468.375	1828361.250	     -0.014	     -0.003	     -0.021	
 2014/07/24	   1.261	   1.263	   1.228	   1.242	      242756816	      1.273	      1.291	      1.331	      1.301	           	      0.000	2427568.250	2061210.875	1920654.625	     -0.018	     -0.006	     -0.023	
 2014/07/25	   1.242	   1.261	   1.237	   1.257	      210829424	      1.268	      1.284	      1.326	      1.301	           	      0.000	2108294.250	2178312.000	2008214.125	     -0.019	     -0.009	     -0.021	
 2014/07/28	   1.258	   1.288	   1.255	   1.285	      212461584	      1.270	      1.279	      1.321	      1.302	           	      0.000	2124615.750	2182269.500	2024203.750	     -0.018	     -0.011	     -0.015	
 2014/07/29	   1.287	   1.309	   1.281	   1.300	      209333616	      1.269	      1.278	      1.317	      1.302	           	      0.000	2093336.125	2184328.750	2068017.250	     -0.016	     -0.012	     -0.008	
 2014/07/30	   1.298	   1.316	   1.295	   1.313	      173408944	      1.279	      1.280	      1.313	      1.303	           	      0.000	1734089.500	2097580.750	2075524.500	     -0.013	     -0.012	     -0.002	
 2014/07/31	   1.312	   1.318	   1.302	   1.313	      148205696	      1.294	      1.283	      1.310	      1.304	           	      0.000	1482057.000	1908478.500	1984844.750	     -0.011	     -0.012	      0.002	
 2014/08/01	   1.310	   1.314	   1.290	   1.290	      182826688	      1.300	      1.284	      1.305	      1.305	           	      0.000	1828266.875	1852473.000	2015392.500	     -0.010	     -0.011	      0.002	
 2014/08/04	   1.285	   1.302	   1.285	   1.299	      132469704	      1.303	      1.286	      1.302	      1.306	           	      0.000	1324697.000	1692489.250	1937379.500	     -0.009	     -0.011	      0.004	
 2014/08/05	   1.301	   1.335	   1.289	   1.332	      339983040	      1.309	      1.289	      1.299	      1.307	           	      0.000	3399830.500	1953788.125	2069058.500	     -0.006	     -0.010	      0.008	
 2014/08/06	   1.326	   1.338	   1.321	   1.335	      255724928	      1.314	      1.297	      1.298	      1.309	           	      0.000	2557249.250	2118420.000	2108000.500	     -0.003	     -0.008	      0.012	
 2014/08/07	   1.334	   1.351	   1.329	   1.332	      226420576	      1.318	      1.306	      1.298	      1.310	           	      0.000	2264205.750	2274850.000	2091664.250	     -0.000	     -0.007	      0.013	
 2014/08/08	   1.335	   1.351	   1.335	   1.347	       92430088	      1.329	      1.315	      1.299	      1.312	           	      0.000	 924300.875	2094056.625	1973264.875	      0.003	     -0.005	      0.015	
 2014/08/11	   1.348	   1.369	   1.347	   1.366	      142473040	      1.342	      1.323	      1.301	      1.315	           	      0.000	1424730.375	2114063.250	1903276.375	      0.006	     -0.003	      0.018	
 2014/08/12	   1.364	   1.371	   1.359	   1.364	      134788112	      1.349	      1.329	      1.303	      1.317	           	      0.000	1347881.125	1703673.500	1828730.875	      0.009	     -0.000	      0.019	
 2014/08/13	   1.360	   1.364	   1.336	   1.350	      104729872	      1.352	      1.333	      1.306	      1.319	           	      0.000	1047298.750	1401683.375	1760051.750	      0.010	      0.002	      0.017	
 2014/08/14	   1.351	   1.363	   1.342	   1.346	       99095120	      1.355	      1.336	      1.310	      1.321	           	      0.000	 990951.188	1147032.500	1710941.125	      0.010	      0.003	      0.014	
 2014/08/15	   1.346	   1.360	   1.344	   1.360	       64521492	      1.357	      1.343	      1.314	      1.323	           	      0.000	 645214.938	1091215.250	1592636.000	      0.011	      0.005	      0.013	
 2014/08/18	   1.360	   1.396	   1.360	   1.396	      211049376	      1.363	      1.353	      1.320	      1.325	           	      0.000	2110493.750	1228368.000	1671215.625	      0.015	      0.007	      0.016	
 2014/08/19	   1.402	   1.414	   1.391	   1.404	      143720656	      1.371	      1.360	      1.325	      1.327	           	      0.000	1437206.500	1246233.000	1474953.250	      0.019	      0.009	      0.018	
 2014/08/20	   1.418	   1.418	   1.385	   1.392	       94449312	      1.380	      1.366	      1.331	      1.329	           	      0.000	 944493.125	1225671.875	1313677.625	      0.020	      0.011	      0.017	
 2014/08/21	   1.390	   1.416	   1.386	   1.415	      160857760	      1.393	      1.374	      1.340	      1.331	           	      0.000	1608577.625	1349197.250	1248114.875	      0.023	      0.014	      0.018	
 2014/08/22	   1.417	   1.435	   1.413	   1.429	      125333176	      1.407	      1.382	      1.348	      1.333	           	      0.000	1253331.750	1470820.500	1281017.875	      0.026	      0.016	      0.019	
 2014/08/25	   1.426	   1.428	   1.403	   1.408	      174833200	      1.410	      1.386	      1.355	      1.335	           	      0.000	1748332.000	1398388.250	1313378.125	      0.026	      0.018	      0.016	
 2014/08/26	   1.403	   1.410	   1.371	   1.377	      177918288	      1.404	      1.388	      1.358	      1.337	           	      0.000	1779182.875	1466783.500	1356508.250	      0.024	      0.019	      0.009	
 2014/08/27	   1.376	   1.394	   1.373	   1.388	      132630440	      1.403	      1.391	      1.362	      1.338	           	      0.000	1326304.375	1543145.750	1384408.750	      0.022	      0.020	      0.005	
 2014/08/28	   1.388	   1.390	   1.365	   1.370	      173462256	      1.394	      1.394	      1.365	      1.339	           	      0.000	1734622.500	1568354.750	1458776.000	      0.020	      0.020	     -0.000	
 2014/08/29	   1.371	   1.396	   1.370	   1.394	      121567376	      1.387	      1.397	      1.370	      1.340	           	      0.000	1215673.750	1560823.125	1515821.875	      0.019	      0.020	     -0.001	
 2014/09/01	   1.395	   1.421	   1.395	   1.417	      123037408	      1.389	      1.399	      1.376	      1.342	           	      0.000	1230374.125	1457231.500	1427809.875	      0.020	      0.020	      0.001	
 2014/09/02	   1.422	   1.432	   1.414	   1.430	      135060368	      1.400	      1.402	      1.381	      1.344	           	      0.000	1350603.625	1371515.625	1419149.625	      0.022	      0.020	      0.004	
 2014/09/03	   1.428	   1.443	   1.422	   1.439	      135360704	      1.410	      1.407	      1.386	      1.346	           	      0.000	1353607.000	1376976.250	1460061.000	      0.024	      0.021	      0.006	
 2014/09/04	   1.437	   1.460	   1.434	   1.457	      111749936	      1.427	      1.411	      1.392	      1.348	           	      0.000	1117499.375	1253551.625	1410953.125	      0.027	      0.022	      0.009	
 2014/09/05	   1.456	   1.466	   1.442	   1.460	      102708728	      1.441	      1.414	      1.398	      1.350	           	      0.000	1027087.250	1215834.250	1388328.750	      0.029	      0.024	      0.010	
 2014/09/09	   1.453	   1.458	   1.438	   1.458	      132901488	      1.449	      1.419	      1.403	      1.351	           	      0.000	1329014.875	1235562.375	1346397.000	      0.030	      0.025	      0.010	
 2014/09/10	   1.454	   1.469	   1.447	   1.467	      136359904	      1.456	      1.428	      1.408	      1.353	           	      0.000	1363599.000	1238161.500	1304838.625	      0.031	      0.026	      0.010	
 2014/09/11	   1.466	   1.493	   1.460	   1.471	      219630976	      1.463	      1.436	      1.414	      1.355	           	      0.000	2196309.750	1406702.000	1391839.125	      0.032	      0.027	      0.009	
 2014/09/12	   1.469	   1.486	   1.463	   1.483	      122378928	      1.468	      1.448	      1.421	      1.359	           	      0.000	1223789.250	1427960.000	1340755.750	      0.033	      0.028	      0.010	
 2014/09/15	   1.478	   1.489	   1.470	   1.483	      125212624	      1.472	      1.457	      1.427	      1.362	           	      0.000	1252126.250	1472967.875	1344401.000	      0.034	      0.030	      0.009	
 2014/09/16	   1.485	   1.490	   1.432	   1.438	      164337776	      1.468	      1.459	      1.429	      1.363	           	      0.000	1643377.750	1535840.375	1385701.375	      0.030	      0.030	      0.001	
 2014/09/17	   1.439	   1.442	   1.418	   1.440	      175372464	      1.463	      1.460	      1.431	      1.365	           	      0.000	1753724.625	1613865.500	1426013.500	      0.028	      0.029	     -0.003	
 2014/09/18	   1.439	   1.457	   1.433	   1.456	      162208624	      1.460	      1.461	      1.434	      1.367	           	      0.000	1622086.250	1499020.875	1452861.500	      0.026	      0.029	     -0.005	
 2014/09/19	   1.457	   1.465	   1.447	   1.460	       88239552	      1.455	      1.462	      1.436	      1.369	           	      0.000	 882395.500	1430742.125	1429351.000	      0.025	      0.028	     -0.006	
 2014/09/22	   1.452	   1.454	   1.440	   1.442	      123909216	      1.447	      1.460	      1.437	      1.370	           	      0.000	1239092.125	1428135.250	1450551.500	      0.023	      0.027	     -0.008	
 2014/09/23	   1.442	   1.464	   1.442	   1.461	      104993360	      1.452	      1.460	      1.440	      1.372	           	      0.000	1049933.625	1309446.375	1422643.375	      0.022	      0.026	     -0.008	
 2014/09/24	   1.459	   1.481	   1.455	   1.479	       71967152	      1.460	      1.461	      1.445	      1.373	           	      0.000	 719671.500	1102635.750	1358250.625	      0.023	      0.025	     -0.005	
 2014/09/25	   1.484	   1.486	   1.464	   1.469	       64567068	      1.462	      1.461	      1.449	      1.375	           	      0.000	 645670.688	 907352.688	1203186.750	      0.022	      0.025	     -0.005	
 2014/09/26	   1.462	   1.474	   1.461	   1.472	       61374948	      1.465	      1.460	      1.454	      1.376	           	      0.000	 613749.500	 853623.500	1142182.750	      0.022	      0.024	     -0.005	
 2014/09/29	   1.472	   1.489	   1.472	   1.489	       68281248	      1.474	      1.461	      1.459	      1.378	           	      0.000	 682812.500	 742367.563	1085251.375	      0.022	      0.024	     -0.003	
 2014/09/30	   1.488	   1.501	   1.483	   1.500	       59102064	      1.482	      1.467	      1.463	      1.380	           	      0.000	 591020.625	 650584.938	 980015.688	      0.024	      0.024	     -0.000	
 2014/10/08	   1.501	   1.517	   1.493	   1.515	       59633384	      1.489	      1.474	      1.467	      1.382	           	      0.000	 596333.813	 625917.438	 864276.625	      0.025	      0.024	      0.003	
 2014/10/09	   1.515	   1.524	   1.496	   1.519	      103714320	      1.499	      1.481	      1.471	      1.385	           	      0.000	1037143.188	 704211.938	 805782.313	      0.027	      0.025	      0.005	
 2014/10/10	   1.513	   1.520	   1.502	   1.512	       91865088	      1.507	      1.486	      1.474	      1.388	           	      0.000	 918650.875	 765192.188	 809407.875	      0.027	      0.025	      0.004	
 2014/10/13	   1.502	   1.508	   1.484	   1.505	      127065664	      1.510	      1.492	      1.476	      1.391	           	      0.000	1270656.625	 882761.000	 812564.313	      0.027	      0.025	      0.002	
 2014/10/14	   1.503	   1.521	   1.490	   1.493	      140868656	      1.509	      1.495	      1.478	      1.394	           	      0.000	1408686.500	1046294.188	 848439.563	      0.025	      0.025	     -0.001	
 2014/10/15	   1.493	   1.505	   1.483	   1.502	       93798224	      1.506	      1.498	      1.479	      1.397	           	      0.000	 937982.250	1114623.875	 870270.625	      0.024	      0.025	     -0.002	
 2014/10/16	   1.492	   1.510	   1.481	   1.482	       90641328	      1.499	      1.499	      1.480	      1.400	           	      0.000	 906413.250	1088477.875	 896344.938	      0.021	      0.024	     -0.006	
 2014/10/17	   1.482	   1.488	   1.441	   1.470	      130524640	      1.490	      1.499	      1.479	      1.403	           	      0.000	1305246.375	1165797.000	 965494.625	      0.018	      0.023	     -0.010	
 2014/10/20	   1.465	   1.495	   1.465	   1.495	       78958224	      1.488	      1.499	      1.480	      1.407	           	      0.000	 789582.250	1069582.125	 976171.563	      0.017	      0.022	     -0.009	
 2014/10/21	   1.495	   1.497	   1.474	   1.474	       91127376	      1.485	      1.497	      1.482	      1.410	           	      0.000	 911273.750	 970099.563	1008196.875	      0.015	      0.021	     -0.011	
 2014/10/22	   1.470	   1.487	   1.460	   1.464	       73940272	      1.477	      1.492	      1.483	      1.413	           	      0.000	 739402.750	 930383.688	1022503.750	      0.012	      0.019	     -0.014	
 2014/10/23	   1.459	   1.461	   1.433	   1.438	      114280616	      1.468	      1.484	      1.482	      1.416	           	      0.000	1142806.125	 977662.250	1033070.063	      0.008	      0.017	     -0.018	
 2014/10/24	   1.439	   1.455	   1.435	   1.441	       83080192	      1.462	      1.476	      1.481	      1.419	           	      0.000	 830801.938	 882773.375	1024285.188	      0.004	      0.014	     -0.020	
 2014/10/27	   1.438	   1.453	   1.429	   1.453	       87568976	      1.454	      1.471	      1.482	      1.422	           	      0.000	 875689.750	 899994.875	 984788.500	      0.002	      0.012	     -0.019	
 2014/10/28	   1.456	   1.485	   1.455	   1.483	       97228816	      1.456	      1.470	      1.483	      1.426	           	      0.000	 972288.188	 912197.750	 941148.688	      0.003	      0.010	     -0.013	
 2014/10/29	   1.488	   1.494	   1.481	   1.489	       65894336	      1.461	      1.469	      1.483	      1.429	           	      0.000	 658943.375	 896105.875	 913244.750	      0.005	      0.009	     -0.009	
 2014/10/30	   1.489	   1.497	   1.479	   1.481	       57393888	      1.469	      1.469	      1.484	      1.432	           	      0.000	 573938.875	 782332.438	 879997.313	      0.005	      0.008	     -0.006	
 2014/10/31	   1.481	   1.486	   1.462	   1.473	       89843760	      1.476	      1.469	      1.484	      1.434	           	      0.000	 898437.625	 795859.563	 839316.438	      0.005	      0.007	     -0.006	
 2014/11/03	   1.475	   1.493	   1.471	   1.491	      152172608	      1.483	      1.469	      1.484	      1.438	           	      0.000	1521726.125	 925066.813	 912530.875	      0.006	      0.007	     -0.003	
 2014/11/04	   1.491	   1.496	   1.470	   1.470	      120613280	      1.481	      1.468	      1.482	      1.440	           	      0.000	1206132.750	 971835.750	 942016.750	      0.005	      0.007	     -0.004	
 2014/11/05	   1.471	   1.479	   1.464	   1.471	      108953232	      1.477	      1.469	      1.480	      1.443	           	      0.000	1089532.375	1057953.500	 977029.688	      0.004	      0.006	     -0.004	
 2014/11/06	   1.473	   1.493	   1.469	   1.492	      131831040	      1.479	      1.474	      1.479	      1.445	           	      0.000	1318310.375	1206827.875	 994580.125	      0.005	      0.006	     -0.002	
 2014/11/07	   1.490	   1.503	   1.476	   1.477	      156292384	      1.480	      1.478	      1.477	      1.448	           	      0.000	1562923.875	1339725.125	1067792.375	      0.005	      0.006	     -0.002	
 2014/11/10	   1.480	   1.483	   1.462	   1.476	       68892288	      1.477	      1.480	      1.476	      1.450	           	      0.000	 688922.875	1173164.500	1049115.625	      0.004	      0.005	     -0.002	
 2014/11/11	   1.476	   1.476	   1.412	   1.425	      103987248	      1.468	      1.474	      1.472	      1.451	           	      0.000	1039872.500	1139912.375	1055874.125	     -0.000	      0.004	     -0.009	
 2014/11/12	   1.423	   1.441	   1.418	   1.440	      120608176	      1.462	      1.470	      1.469	      1.452	           	      0.000	1206081.750	1163222.250	1110587.875	     -0.003	      0.003	     -0.011	
 2014/11/13	   1.433	   1.433	   1.395	   1.407	      198927424	      1.445	      1.462	      1.465	      1.453	           	      0.000	1989274.250	1297415.000	1252121.500	     -0.007	      0.001	     -0.016	
 2014/11/14	   1.400	   1.414	   1.397	   1.406	      163129952	      1.431	      1.456	      1.462	      1.454	           	      0.000	1631299.500	1311090.125	1325407.625	     -0.011	     -0.001	     -0.018	
 2014/11/17	   1.401	   1.439	   1.398	   1.432	      228832448	      1.422	      1.450	      1.459	      1.455	           	      0.000	2288324.500	1630970.500	1402067.500	     -0.011	     -0.003	     -0.015	
 2014/11/18	   1.430	   1.445	   1.425	   1.441	      223519936	      1.425	      1.447	      1.457	      1.456	           	      0.000	2235199.250	1870035.875	1504974.125	     -0.011	     -0.005	     -0.012	
 2014/11/19	   1.447	   1.469	   1.446	   1.464	      189338576	      1.430	      1.446	      1.457	      1.457	           	      0.000	1893385.750	2007496.625	1585359.500	     -0.008	     -0.006	     -0.006	
 2014/11/20	   1.458	   1.459	   1.425	   1.451	       89374304	      1.439	      1.442	      1.458	      1.458	           	      0.000	 893743.063	1788390.375	1542902.750	     -0.007	     -0.006	     -0.003	
 2014/11/21	   1.450	   1.467	   1.450	   1.462	      139230928	      1.450	      1.440	      1.459	      1.459	           	      0.000	1392309.250	1740592.375	1525841.250	     -0.006	     -0.006	      0.000	
 2014/11/24	   1.483	   1.483	   1.452	   1.470	       51524208	      1.458	      1.440	      1.460	      1.460	           	      0.000	 515242.094	1385975.875	1508473.250	     -0.004	     -0.005	      0.003	
 2014/11/25	   1.469	   1.500	   1.466	   1.496	      176335072	      1.469	      1.447	      1.461	      1.461	           	      0.000	1763350.750	1291606.125	1580821.000	     -0.000	     -0.004	      0.009	
 2014/11/26	   1.495	   1.516	   1.495	   1.510	       99698496	      1.478	      1.454	      1.462	      1.463	           	      0.000	 996984.938	1112326.000	1559911.375	      0.004	     -0.003	      0.013	
 2014/11/27	   1.508	   1.520	   1.498	   1.518	       92576832	      1.491	      1.465	      1.464	      1.465	           	      0.000	 925768.313	1118731.125	1453560.750	      0.008	     -0.001	      0.017	
 2014/11/28	   1.517	   1.537	   1.505	   1.524	      146091376	      1.504	      1.477	      1.466	      1.468	           	      0.000	1460913.750	1132452.000	1436522.125	      0.011	      0.002	      0.019	
 2014/12/01	   1.520	   1.520	   1.495	   1.505	       63822616	      1.511	      1.484	      1.467	      1.470	           	      0.000	 638226.188	1157048.750	1271512.375	      0.012	      0.004	      0.016	
 2014/12/02	   1.497	   1.523	   1.497	   1.517	      100828792	      1.515	      1.492	      1.469	      1.471	           	      0.000	1008287.938	1006036.250	1148821.250	      0.013	      0.006	      0.016	
 2014/12/03	   1.517	   1.560	   1.486	   1.559	      363452128	      1.525	      1.501	      1.474	      1.474	           	      0.000	3634521.250	1533543.500	1322934.750	      0.018	      0.008	      0.020	
 2014/12/04	   1.563	   1.586	   1.553	   1.579	      357951008	      1.537	      1.514	      1.478	      1.476	           	      0.000	3579510.000	2064291.875	1591511.500	      0.023	      0.011	      0.023	
 2014/12/05	   1.570	   1.570	   1.492	   1.529	      160214432	      1.538	      1.521	      1.481	      1.477	           	      0.000	1602144.375	2092538.000	1612495.000	      0.022	      0.013	      0.018	
 2014/12/08	   1.522	   1.553	   1.510	   1.518	      156144544	      1.540	      1.526	      1.483	      1.478	           	      0.000	1561445.500	2277181.750	1717115.250	      0.021	      0.015	      0.012	
 2014/12/09	   1.509	   1.530	   1.460	   1.464	      148317584	      1.530	      1.522	      1.485	      1.478	           	      0.000	1483175.875	2372159.500	1689097.750	      0.015	      0.015	      0.001	
 2014/12/10	   1.460	   1.538	   1.455	   1.536	      165209984	      1.525	      1.525	      1.489	      1.479	           	      0.000	1652099.875	1975675.125	1754609.250	      0.016	      0.015	      0.002	
 2014/12/11	   1.536	   1.548	   1.510	   1.546	      175803776	      1.519	      1.528	      1.496	      1.481	           	      0.000	1758037.750	1611380.625	1837836.250	      0.018	      0.016	      0.004	
 2014/12/12	   1.549	   1.577	   1.531	   1.569	      355597184	      1.527	      1.532	      1.505	      1.482	           	      0.000	3555971.750	2002146.125	2047342.000	      0.020	      0.017	      0.008	
 2014/12/15	   1.572	   1.611	   1.567	   1.601	      311928224	      1.543	      1.542	      1.513	      1.484	           	      0.000	3119282.250	2313713.500	2295447.750	      0.025	      0.018	      0.013	
 2014/12/16	   1.604	   1.617	   1.575	   1.590	      227519376	      1.568	      1.549	      1.520	      1.487	           	      0.000	2275193.750	2472117.000	2422138.250	      0.027	      0.020	      0.015	
 2014/12/17	   1.580	   1.600	   1.559	   1.595	      160165424	      1.580	      1.553	      1.527	      1.489	           	      0.000	1601654.250	2462028.000	2218851.500	      0.029	      0.022	      0.015	
 2014/12/18	   1.582	   1.610	   1.572	   1.577	      169356960	      1.586	      1.553	      1.533	      1.491	           	      0.000	1693569.625	2449134.250	2030257.500	      0.029	      0.023	      0.011	
 2014/12/19	   1.561	   1.570	   1.518	   1.541	      148417984	      1.581	      1.554	      1.537	      1.492	           	      0.000	1484179.875	2034776.000	2018461.000	      0.026	      0.024	      0.004	
 2014/12/22	   1.534	   1.534	   1.465	   1.470	      225597376	      1.555	      1.549	      1.537	      1.493	           	      0.000	2255973.750	1862114.250	2087913.875	      0.017	      0.022	     -0.011	
 2014/12/23	   1.455	   1.504	   1.445	   1.461	      220334880	      1.529	      1.549	      1.535	      1.493	           	      0.000	2203348.750	1847745.250	2159931.250	      0.009	      0.020	     -0.021	
 2014/12/24	   1.468	   1.482	   1.450	   1.480	      190473952	      1.506	      1.543	      1.534	      1.493	           	      0.000	1904739.500	1908362.250	2185195.000	      0.005	      0.017	     -0.024	
 2014/12/25	   1.475	   1.486	   1.463	   1.480	      146251136	      1.486	      1.536	      1.532	      1.493	           	      0.000	1462511.375	1862150.625	2155642.500	      0.001	      0.014	     -0.025	
 2014/12/26	   1.475	   1.493	   1.475	   1.488	       74934208	      1.476	      1.528	      1.530	      1.493	           	      0.000	 749342.063	1715183.125	1874979.500	     -0.001	      0.011	     -0.024	
 2014/12/29	   1.489	   1.489	   1.446	   1.463	       98771512	      1.474	      1.515	      1.528	      1.493	           	      0.000	 987715.125	1461531.375	1661822.750	     -0.005	      0.008	     -0.025	
 2014/12/30	   1.458	   1.458	   1.411	   1.423	       67070000	      1.467	      1.498	      1.523	      1.492	           	      0.000	 670700.000	1155001.625	1501373.375	     -0.011	      0.004	     -0.030	
 2014/12/31	   1.426	   1.438	   1.413	   1.430	      185928592	      1.457	      1.481	      1.517	      1.490	           	      0.000	1859285.875	1145910.875	1527136.625	     -0.015	      0.000	     -0.030	
 2015/01/05	   1.424	   1.432	   1.393	   1.424	      222700160	      1.446	      1.466	      1.509	      1.489	           	      0.000	2227001.500	1298808.875	1580479.750	     -0.018	     -0.004	     -0.030	
 2015/01/06	   1.422	   1.506	   1.409	   1.502	      527302752	      1.448	      1.462	      1.508	      1.489	           	      0.000	5273027.500	2203546.000	1959364.500	     -0.015	     -0.006	     -0.018	
 2015/01/07	   1.500	   1.504	   1.470	   1.474	      582000256	      1.451	      1.462	      1.506	      1.488	           	      0.000	5820002.500	3170003.500	2315767.500	     -0.014	     -0.007	     -0.013	
 2015/01/08	   1.467	   1.518	   1.467	   1.493	      378982144	      1.465	      1.466	      1.507	      1.488	           	      0.000	3789821.500	3793827.750	2474414.750	     -0.012	     -0.008	     -0.007	
 2015/01/09	   1.485	   1.536	   1.480	   1.503	      386942016	      1.479	      1.468	      1.505	      1.488	           	      0.000	3869420.250	4195854.500	2670882.750	     -0.009	     -0.008	     -0.001	
 2015/01/12	   1.495	   1.542	   1.475	   1.540	      335834336	      1.502	      1.474	      1.505	      1.489	           	      0.000	3358343.250	4422123.000	2860466.000	     -0.004	     -0.007	      0.008	
 2015/01/13	   1.538	   1.562	   1.526	   1.551	      225385168	      1.512	      1.480	      1.504	      1.490	           	      0.000	2253851.750	3818287.750	3010917.000	      0.001	     -0.006	      0.014	
 2015/01/14	   1.546	   1.554	   1.526	   1.536	      141370160	      1.525	      1.488	      1.501	      1.491	           	      0.000	1413701.625	2937027.750	3053515.500	      0.004	     -0.004	      0.016	
 2015/01/15	   1.534	   1.558	   1.526	   1.534	      196626064	      1.533	      1.499	      1.498	      1.492	           	      0.000	1966260.625	2572315.500	3183071.750	      0.006	     -0.002	      0.016	
 2015/01/16	   1.528	   1.596	   1.528	   1.592	      233018064	      1.551	      1.515	      1.498	      1.494	           	      0.000	2330180.750	2264467.500	3230161.000	      0.012	      0.001	      0.022	
 2015/01/19	   1.576	   1.637	   1.548	   1.579	      797703744	      1.558	      1.530	      1.498	      1.497	           	      0.000	7977037.500	3188206.500	3805164.750	      0.016	      0.004	      0.023	
 2015/01/20	   1.581	   1.657	   1.581	   1.657	      522303360	      1.580	      1.546	      1.504	      1.500	           	      0.000	5223033.500	3782042.750	3800165.250	      0.024	      0.008	      0.033	
 2015/01/21	   1.662	   1.673	   1.636	   1.668	      353965184	      1.606	      1.565	      1.514	      1.504	           	      0.000	3539651.750	4207233.000	3572130.250	      0.032	      0.013	      0.038	
 2015/01/22	   1.661	   1.686	   1.655	   1.683	      322768160	      1.636	      1.584	      1.525	      1.507	           	      0.000	3227681.500	4459517.000	3515916.250	      0.039	      0.018	      0.041	
 2015/01/23	   1.682	   1.683	   1.632	   1.638	      163289616	      1.645	      1.598	      1.533	      1.510	           	      0.000	1632896.125	4320060.000	3292263.750	      0.040	      0.022	      0.035	
 2015/01/26	   1.639	   1.686	   1.639	   1.686	      334561344	      1.666	      1.612	      1.543	      1.513	           	      0.000	3345613.500	3393775.250	3290990.750	      0.044	      0.027	      0.035	
 2015/01/27	   1.686	   1.698	   1.651	   1.688	      266479648	      1.673	      1.626	      1.553	      1.517	           	      0.000	2664796.500	2882128.000	3332085.250	      0.047	      0.031	      0.033	
 2015/01/28	   1.672	   1.700	   1.662	   1.668	      259146912	      1.673	      1.639	      1.563	      1.519	           	      0.000	2591469.000	2692491.250	3449862.000	      0.048	      0.034	      0.027	
 2015/01/29	   1.655	   1.676	   1.648	   1.652	      134822512	      1.666	      1.651	      1.575	      1.523	           	      0.000	1348225.125	2316600.000	3388058.500	      0.046	      0.037	      0.019	
 2015/01/30	   1.651	   1.661	   1.614	   1.623	       92230560	      1.663	      1.654	      1.585	      1.525	           	      0.000	 922305.625	2174482.000	3247271.000	      0.042	      0.038	      0.009	
 2015/02/02	   1.609	   1.653	   1.604	   1.639	      225932848	      1.654	      1.660	      1.595	      1.528	           	      0.000	2259328.500	1957225.000	2675500.000	      0.039	      0.038	      0.003	
 2015/02/03	   1.647	   1.701	   1.640	   1.693	      262827728	      1.655	      1.664	      1.605	      1.531	           	      0.000	2628277.250	1949921.125	2416024.500	      0.041	      0.039	      0.006	
 2015/02/04	   1.693	   1.708	   1.676	   1.698	      226856544	      1.661	      1.667	      1.616	      1.535	           	      0.000	2268565.500	1885340.375	2288915.750	      0.043	      0.040	      0.007	
 2015/02/05	   1.685	   1.746	   1.680	   1.709	      365219968	      1.672	      1.669	      1.627	      1.540	           	      0.000	3652199.750	2346135.250	2331367.750	      0.044	      0.041	      0.008	
 2015/02/06	   1.708	   1.719	   1.661	   1.661	      214536144	      1.680	      1.672	      1.635	      1.543	           	      0.000	2145361.500	2590746.500	2382614.250	      0.041	      0.041	      0.001	
 2015/02/09	   1.661	   1.693	   1.642	   1.645	      190073712	      1.681	      1.668	      1.640	      1.547	           	      0.000	1900737.125	2519028.250	2238126.500	      0.037	      0.040	     -0.006	
 2015/02/10	   1.640	   1.687	   1.638	   1.685	      199941680	      1.680	      1.667	      1.647	      1.552	           	      0.000	1999416.750	2393256.000	2171588.500	      0.037	      0.039	     -0.005	
 2015/02/11	   1.684	   1.717	   1.681	   1.705	      227823696	      1.681	      1.671	      1.655	      1.556	           	      0.000	2278237.000	2395190.500	2140265.500	      0.037	      0.039	     -0.003	
 2015/02/12	   1.706	   1.734	   1.706	   1.720	      273783072	      1.683	      1.678	      1.664	      1.561	           	      0.000	2737830.750	2212316.500	2279226.000	      0.039	      0.039	     -0.000	
 2015/02/13	   1.728	   1.763	   1.725	   1.761	      289476288	      1.703	      1.692	      1.673	      1.566	           	      0.000	2894763.000	2362197.000	2476471.750	      0.043	      0.040	      0.006	
 2015/02/16	   1.767	   1.830	   1.766	   1.830	      243171440	      1.740	      1.711	      1.685	      1.572	           	      0.000	2431714.500	2468392.500	2493710.250	      0.051	      0.042	      0.018	
 2015/02/17	   1.839	   1.839	   1.798	   1.820	      265423856	      1.767	      1.723	      1.694	      1.578	           	      0.000	2654238.500	2599356.750	2496306.500	      0.056	      0.045	      0.022	
 2015/02/25	   1.825	   1.837	   1.795	   1.803	      270911584	      1.787	      1.734	      1.700	      1.584	           	      0.000	2709115.750	2685532.500	2540361.500	      0.058	      0.047	      0.021	
 2015/02/26	   1.803	   1.823	   1.780	   1.814	      234880528	      1.806	      1.744	      1.707	      1.589	           	      0.000	2348805.250	2607727.500	2410022.000	      0.059	      0.050	      0.019	
 2015/02/27	   1.812	   1.863	   1.809	   1.863	      311136128	      1.826	      1.765	      1.718	      1.595	           	      0.000	3111361.250	2651047.000	2506622.000	      0.064	      0.052	      0.023	
 2015/03/02	   1.868	   1.918	   1.863	   1.914	      317260640	      1.843	      1.791	      1.730	      1.602	           	      0.000	3172606.500	2799225.500	2633809.000	      0.071	      0.056	      0.029	
 2015/03/03	   1.913	   1.929	   1.882	   1.883	      499466560	      1.855	      1.811	      1.739	      1.608	           	      0.000	4994665.500	3267310.750	2933333.750	      0.073	      0.059	      0.027	
 2015/03/04	   1.881	   1.942	   1.881	   1.940	      342300672	      1.883	      1.835	      1.753	      1.615	           	      0.000	3423006.750	3410089.000	3047810.750	      0.078	      0.063	      0.030	
 2015/03/05	   1.940	   1.958	   1.919	   1.938	      348730848	      1.908	      1.857	      1.767	      1.622	           	      0.000	3487308.500	3637789.750	3122758.500	      0.081	      0.067	      0.029	
 2015/03/06	   1.937	   1.939	   1.872	   1.880	      322851904	      1.911	      1.868	      1.780	      1.627	           	      0.000	3228519.000	3661221.250	3156134.250	      0.078	      0.069	      0.018	
 2015/03/09	   1.855	   1.928	   1.855	   1.927	      397867488	      1.914	      1.878	      1.794	      1.633	           	      0.000	3978675.000	3822435.000	3310830.250	      0.079	      0.071	      0.015	
 2015/03/10	   1.920	   1.974	   1.914	   1.972	      432549504	      1.931	      1.893	      1.808	      1.640	           	      0.000	4325495.000	3688600.750	3477955.750	      0.082	      0.073	      0.017	
 2015/03/11	   1.971	   1.977	   1.940	   1.960	      314462720	      1.935	      1.909	      1.822	      1.648	           	      0.000	3144627.250	3632925.000	3521507.000	      0.082	      0.075	      0.015	
 2015/03/12	   1.953	   1.976	   1.908	   1.940	      356043040	      1.936	      1.922	      1.833	      1.656	           	      0.000	3560430.500	3647549.250	3642669.500	      0.080	      0.076	      0.008	
 2015/03/13	   1.945	   1.996	   1.932	   1.992	      416889280	      1.958	      1.935	      1.850	      1.663	           	      0.000	4168892.750	3835624.000	3748422.750	      0.082	      0.077	      0.009	
 2015/03/16	   2.005	   2.070	   2.001	   2.061	      400718944	      1.985	      1.949	      1.870	      1.672	           	      0.000	4007189.500	3841327.000	3831881.000	      0.088	      0.079	      0.017	
 2015/03/17	   2.063	   2.080	   2.035	   2.053	      341138656	      2.001	      1.966	      1.889	      1.680	           	      0.000	3411386.500	3658505.250	3673553.000	      0.090	      0.082	      0.018	
 2015/03/18	   2.049	   2.104	   2.037	   2.099	      499147808	      2.029	      1.982	      1.909	      1.688	           	      0.000	4991478.000	4027875.500	3830400.250	      0.095	      0.084	      0.022	
 2015/03/19	   2.090	   2.103	   2.070	   2.095	      317108096	      2.060	      1.998	      1.927	      1.697	           	      0.000	3171081.000	3950005.500	3798777.500	      0.098	      0.087	      0.022	
 2015/03/20	   2.094	   2.145	   2.091	   2.126	      533573664	      2.087	      2.023	      1.946	      1.706	           	      0.000	5335736.500	4183374.250	4009499.250	      0.101	      0.090	      0.023	
 2015/03/23	   2.130	   2.209	   2.126	   2.206	      472474304	      2.116	      2.050	      1.964	      1.716	           	      0.000	4724743.000	4326885.000	4084106.000	      0.109	      0.094	      0.030	
 2015/03/24	   2.210	   2.286	   2.156	   2.273	      704747072	      2.160	      2.081	      1.987	      1.728	           	      0.000	7047470.500	5054102.000	4356303.500	      0.119	      0.099	      0.041	
 2015/03/25	   2.269	   2.311	   2.248	   2.288	      744660864	      2.198	      2.113	      2.011	      1.742	           	      0.000	7446608.500	5545128.000	4786501.500	      0.127	      0.104	      0.045	
 2015/03/26	   2.260	   2.278	   2.170	   2.190	      363620192	      2.217	      2.138	      2.030	      1.754	           	      0.000	3636202.000	5638152.000	4794079.000	      0.124	      0.108	      0.031	
 2015/03/27	   2.180	   2.233	   2.170	   2.228	      677576896	      2.237	      2.162	      2.048	      1.766	           	      0.000	6775769.000	5926158.500	5054766.500	      0.123	      0.111	      0.024	
 2015/03/30	   2.210	   2.236	   2.165	   2.193	      370390880	      2.234	      2.175	      2.062	      1.778	           	      0.000	3703908.750	5721992.000	5024438.500	      0.118	      0.113	      0.011	
 2015/03/31	   2.190	   2.264	   2.190	   2.247	      587371072	      2.229	      2.194	      2.080	      1.791	           	      0.000	5873710.500	5487240.000	5270671.000	      0.117	      0.114	      0.008	
 2015/04/01	   2.241	   2.301	   2.240	   2.296	      525741728	      2.231	      2.214	      2.098	      1.805	           	      0.000	5257417.500	5049401.500	5297264.500	      0.119	      0.115	      0.009	
 2015/04/02	   2.330	   2.377	   2.306	   2.369	      519559008	      2.267	      2.242	      2.120	      1.821	           	      0.000	5195590.000	5361279.000	5499715.500	      0.125	      0.117	      0.017	
 2015/04/03	   2.357	   2.406	   2.347	   2.391	      632172224	      2.299	      2.268	      2.145	      1.837	           	      0.000	6321722.000	5270470.000	5598314.000	      0.130	      0.119	      0.021	
 2015/04/07	   2.402	   2.443	   2.390	   2.438	      392764512	      2.348	      2.291	      2.171	      1.854	           	      0.000	3927645.000	5315217.000	5518604.500	      0.136	      0.123	      0.027	
 2015/04/08	   2.439	   2.444	   2.328	   2.377	      564112128	      2.374	      2.302	      2.191	      1.868	           	      0.000	5641121.500	5268699.000	5377969.500	      0.135	      0.125	      0.019	
 2015/04/09	   2.346	   2.480	   2.240	   2.466	      593466624	      2.408	      2.319	      2.216	      1.885	           	      0.000	5934666.000	5404149.000	5226775.000	      0.139	      0.128	      0.022	
 2015/04/10	   2.361	   2.453	   2.341	   2.424	      654687424	      2.419	      2.343	      2.241	      1.900	           	      0.000	6546874.000	5674405.500	5517842.500	      0.138	      0.130	      0.015	
 2015/04/13	   2.435	   2.476	   2.400	   2.451	      394722656	      2.431	      2.365	      2.264	      1.916	           	      0.000	3947226.500	5199506.500	5234988.000	      0.137	      0.131	      0.011	
 2015/04/14	   2.455	   2.476	   2.400	   2.440	      401289408	      2.432	      2.390	      2.283	      1.931	           	      0.000	4012894.000	5216556.500	5265886.500	      0.134	      0.132	      0.004	
 2015/04/15	   2.430	   2.437	   2.320	   2.330	      544784128	      2.422	      2.398	      2.296	      1.944	           	      0.000	5447841.500	5177900.500	5223300.000	      0.121	      0.130	     -0.017	
 2015/04/16	   2.309	   2.423	   2.304	   2.375	      538560000	      2.404	      2.406	      2.310	      1.958	           	      0.000	5385600.000	5068087.000	5236118.000	      0.114	      0.127	     -0.026	
 2015/04/17	   2.391	   2.405	   2.345	   2.368	      353435488	      2.393	      2.406	      2.324	      1.972	           	      0.000	3534355.000	4465583.500	5069994.500	      0.106	      0.122	     -0.033	
 2015/04/20	   2.355	   2.395	   2.305	   2.318	      508712224	      2.366	      2.399	      2.333	      1.984	           	      0.000	5087122.000	4693562.500	4946534.500	      0.095	      0.117	     -0.045	
 2015/04/21	   2.330	   2.496	   2.330	   2.496	      465402464	      2.377	      2.405	      2.348	      1.999	           	      0.000	4654024.500	4821788.500	5019172.500	      0.099	      0.113	     -0.029	
 2015/04/22	   2.497	   2.550	   2.497	   2.524	      453316160	      2.416	      2.419	      2.360	      2.014	           	      0.000	4533161.500	4638852.500	4908376.500	      0.103	      0.111	     -0.016	
 2015/04/23	   2.530	   2.611	   2.530	   2.598	      468781280	      2.461	      2.432	      2.376	      2.029	           	      0.000	4687813.000	4499295.000	4783691.000	      0.111	      0.111	      0.000	
 2015/04/24	   2.566	   2.652	   2.558	   2.645	      451185760	      2.516	      2.454	      2.399	      2.045	           	      0.000	4511857.500	4694795.500	4580189.500	      0.120	      0.113	      0.014	
 2015/04/27	   2.670	   2.700	   2.623	   2.650	      335476192	      2.583	      2.474	      2.420	      2.062	           	      0.000	3354762.000	4348323.500	4520943.000	      0.126	      0.116	      0.021	
 2015/04/28	   2.670	   2.693	   2.555	   2.583	      530901536	      2.600	      2.489	      2.439	      2.077	           	      0.000	5309015.500	4479322.000	4650555.000	      0.124	      0.117	      0.014	
 2015/04/29	   2.561	   2.723	   2.561	   2.723	      403454080	      2.640	      2.528	      2.463	      2.094	           	      0.000	4034540.750	4379598.000	4509225.000	      0.132	      0.120	      0.024	
 2015/04/30	   2.720	   2.810	   2.709	   2.748	      701680960	      2.670	      2.565	      2.486	      2.112	           	      0.000	7016809.500	4845397.000	4672346.000	      0.139	      0.124	      0.030	
 2015/05/04	   2.758	   2.777	   2.691	   2.740	      672800320	      2.689	      2.602	      2.504	      2.130	           	      0.000	6728003.000	5288626.000	4991711.000	      0.142	      0.128	      0.029	
 2015/05/05	   2.731	   2.737	   2.641	   2.670	      504135616	      2.693	      2.638	      2.518	      2.148	           	      0.000	5041356.000	5625945.000	4987134.500	      0.138	      0.130	      0.016	
 2015/05/06	   2.700	   2.845	   2.700	   2.738	      759777536	      2.724	      2.662	      2.533	      2.166	           	      0.000	7597775.500	6083697.000	5281509.500	      0.138	      0.131	      0.013	
 2015/05/07	   2.710	   2.766	   2.680	   2.686	      639602496	      2.716	      2.678	      2.549	      2.183	           	      0.000	6396025.000	6555994.000	5467796.000	      0.132	      0.132	      0.001	
 2015/05/08	   2.720	   2.910	   2.720	   2.894	      585159872	      2.746	      2.708	      2.570	      2.203	           	      0.000	5851598.500	6322951.500	5584174.500	      0.143	      0.134	      0.018	
 2015/05/11	   2.908	   3.078	   2.866	   3.050	      569228800	      2.808	      2.748	      2.601	      2.225	           	      0.000	5692288.000	6115808.500	5702217.500	      0.162	      0.139	      0.045	
 2015/05/12	   3.063	   3.147	   3.002	   3.129	      876827456	      2.899	      2.796	      2.635	      2.249	           	      0.000	8768275.000	6861192.500	6243568.500	      0.181	      0.148	      0.067	
 2015/05/13	   3.050	   3.115	   2.987	   3.036	      730238656	      2.959	      2.841	      2.665	      2.273	           	      0.000	7302386.500	6802114.500	6442906.000	      0.187	      0.156	      0.063	
 2015/05/14	   3.030	   3.095	   2.999	   3.008	      667815680	      3.023	      2.870	      2.699	      2.295	           	      0.000	6678157.000	6858541.000	6707267.500	      0.187	      0.162	      0.051	
 2015/05/15	   2.971	   3.050	   2.928	   3.016	      966989888	      3.048	      2.897	      2.731	      2.317	           	      0.000	9669899.000	7622201.000	6972576.500	      0.186	      0.167	      0.038	
 2015/05/18	   3.043	   3.157	   3.043	   3.157	      533217120	      3.069	      2.938	      2.770	      2.341	           	      0.000	5332171.000	7550177.500	6832993.000	      0.194	      0.172	      0.044	
 2015/05/19	   3.176	   3.208	   3.064	   3.185	      804229696	      3.080	      2.990	      2.814	      2.364	           	      0.000	8042297.000	7404982.000	7133087.000	      0.200	      0.178	      0.045	
 2015/05/20	   3.192	   3.339	   3.192	   3.264	      608122560	      3.126	      3.043	      2.852	      2.388	           	      0.000	6081225.500	7160750.000	6981432.000	      0.209	      0.184	      0.050	
 2015/05/21	   3.270	   3.411	   3.270	   3.410	      591439616	      3.206	      3.115	      2.897	      2.415	           	      0.000	5914396.000	7007997.500	6933269.500	      0.226	      0.193	      0.066	
 2015/05/22	   3.456	   3.499	   3.300	   3.382	      872178176	      3.280	      3.164	      2.936	      2.441	           	      0.000	8721782.000	6818374.500	7220287.500	      0.234	      0.201	      0.066	
 2015/05/25	   3.271	   3.355	   3.225	   3.327	      793681280	      3.314	      3.191	      2.970	      2.466	           	      0.000	7936813.000	7339302.500	7444740.000	      0.233	      0.207	      0.051	
 2015/05/26	   3.313	   3.465	   3.310	   3.463	      706468544	      3.369	      3.225	      3.010	      2.493	           	      0.000	7064685.500	7143780.500	7274381.000	      0.240	      0.214	      0.053	
 2015/05/27	   3.475	   3.500	   3.377	   3.463	      664978944	      3.409	      3.267	      3.054	      2.519	           	      0.000	6649789.500	7257493.000	7209121.500	      0.244	      0.220	      0.048	
 2015/05/28	   3.445	   3.508	   3.265	   3.290	      972450112	      3.385	      3.296	      3.083	      2.542	           	      0.000	9724501.000	8019514.000	7513756.000	      0.230	      0.222	      0.016	
 2015/05/29	   3.300	   3.437	   3.158	   3.384	     1102958848	      3.385	      3.332	      3.115	      2.566	           	      0.000	11029588.000	8481075.000	7649725.000	      0.223	      0.222	      0.003	
 2015/06/01	   3.398	   3.568	   3.398	   3.568	      690552192	      3.434	      3.374	      3.156	      2.593	           	      0.000	6905522.000	8274817.000	7807060.000	      0.231	      0.224	      0.014	
 2015/06/02	   3.583	   3.769	   3.567	   3.768	      940844800	      3.495	      3.432	      3.211	      2.625	           	      0.000	9408448.000	8743570.000	7943675.000	      0.250	      0.229	      0.042	
 2015/06/03	   3.772	   3.828	   3.654	   3.790	     1131207040	      3.560	      3.484	      3.263	      2.656	           	      0.000	11312070.000	9676026.000	8466760.000	      0.264	      0.236	      0.055	
 2015/06/04	   3.798	   3.825	   3.510	   3.751	     1083801728	      3.652	      3.519	      3.317	      2.685	           	      0.000	10838017.000	9898729.000	8959122.000	      0.268	      0.242	      0.052	
 2015/06/05	   3.801	   3.845	   3.645	   3.703	      785346752	      3.716	      3.551	      3.357	      2.715	           	      0.000	7853467.500	9263505.000	8872290.000	      0.265	      0.247	      0.036	
 2015/06/08	   3.650	   3.679	   3.418	   3.533	      700436736	      3.709	      3.571	      3.381	      2.741	           	      0.000	7004367.500	9283274.000	8779046.000	      0.246	      0.247	     -0.001	
 2015/06/09	   3.475	   3.610	   3.460	   3.526	      802467584	      3.661	      3.578	      3.401	      2.767	           	      0.000	8024676.000	9006520.000	8875045.000	      0.228	      0.243	     -0.030	
 2015/06/10	   3.505	   3.704	   3.484	   3.660	      831577536	      3.635	      3.597	      3.432	      2.793	           	      0.000	8315775.500	8407261.000	9041643.000	      0.221	      0.239	     -0.034	
 2015/06/11	   3.652	   3.690	   3.620	   3.666	      825589248	      3.618	      3.635	      3.465	      2.820	           	      0.000	8255892.500	7890836.000	8894782.000	      0.215	      0.234	     -0.039	
 2015/06/12	   3.692	   3.729	   3.657	   3.704	      765087232	      3.618	      3.667	      3.500	      2.847	           	      0.000	7650872.500	7850317.000	8556911.000	      0.210	      0.229	     -0.039	
 2015/06/15	   3.712	   3.725	   3.492	   3.512	      669333184	      3.614	      3.661	      3.517	      2.871	           	      0.000	6693332.000	7788109.500	8535692.000	      0.188	      0.221	     -0.065	
 2015/06/16	   3.450	   3.475	   3.295	   3.402	      790781376	      3.589	      3.625	      3.528	      2.892	           	      0.000	7907814.000	7764737.500	8385628.500	      0.160	      0.209	     -0.097	
 2015/06/17	   3.390	   3.550	   3.327	   3.545	      946738688	      3.566	      3.600	      3.542	      2.914	           	      0.000	9467387.000	7995059.500	8201160.000	      0.148	      0.197	     -0.097	
 2015/06/18	   3.545	   3.558	   3.300	   3.320	      796993472	      3.497	      3.557	      3.538	      2.932	           	      0.000	7969934.500	7937868.000	7914352.000	      0.119	      0.181	     -0.124	
 2015/06/19	   3.220	   3.313	   3.142	   3.150	      774059072	      3.386	      3.502	      3.526	      2.946	           	      0.000	7740590.500	7955811.500	7903064.000	      0.081	      0.161	     -0.160	
 2015/06/23	   3.150	   3.302	   2.951	   3.208	      864715904	      3.325	      3.469	      3.520	      2.963	           	      0.000	8647159.000	8346577.000	8067343.500	      0.055	      0.140	     -0.169	
 2015/06/24	   3.220	   3.276	   3.130	   3.199	      739008000	      3.284	      3.437	      3.507	      2.979	           	      0.000	7390080.000	8243030.000	8003884.000	      0.034	      0.119	     -0.170	
 2015/06/25	   3.215	   3.223	   3.017	   3.030	      418357344	      3.181	      3.374	      3.485	      2.993	           	      0.000	4183573.500	7186267.500	7590663.500	      0.003	      0.096	     -0.185	
 2015/06/26	   2.947	   2.948	   2.727	   2.767	      418687424	      3.071	      3.284	      3.459	      3.002	           	      0.000	4186874.250	6429655.500	7183761.500	     -0.042	      0.068	     -0.221	
 2015/06/29	   2.760	   2.786	   2.490	   2.490	      302560960	      2.939	      3.162	      3.415	      3.005	           	      0.000	3025609.500	5486659.000	6721235.500	     -0.099	      0.035	     -0.268	
 2015/06/30	   2.440	   2.739	   2.250	   2.733	      549847872	      2.844	      3.084	      3.373	      3.011	           	      0.000	5498478.500	4856923.000	6601750.000	     -0.123	      0.003	     -0.253	
 2015/07/01	   2.660	   2.843	   2.560	   2.560	      851371456	      2.716	      3.000	      3.312	      3.014	           	      0.000	8513715.000	5081650.000	6662340.000	     -0.155	     -0.029	     -0.252	
 2015/07/02	   2.550	   2.669	   2.321	   2.470	      908206592	      2.604	      2.893	      3.246	      3.014	           	      0.000	9082066.000	6061348.500	6623808.000	     -0.185	     -0.060	     -0.250	
 2015/07/03	   2.400	   2.640	   2.296	   2.457	     1015051712	      2.542	      2.806	      3.182	      3.016	           	      0.000	10150517.000	7254077.000	6841866.500	     -0.207	     -0.089	     -0.236	
 2015/07/06	   2.700	   2.700	   2.228	   2.330	      677830336	      2.510	      2.724	      3.113	      3.013	           	      0.000	6778303.500	8004616.000	6745637.500	     -0.232	     -0.118	     -0.229	
 2015/07/07	   2.245	   2.252	   2.097	   2.097	      202770352	      2.383	      2.613	      3.041	      3.008	           	      0.000	2027703.500	7310461.000	6083692.000	     -0.268	     -0.148	     -0.240	
 2015/07/08	   1.887	   2.027	   1.887	   1.899	      395661312	      2.251	      2.483	      2.960	      2.999	           	      0.000	3956613.000	6399040.500	5740345.500	     -0.309	     -0.180	     -0.258	
 2015/07/09	   1.901	   2.089	   1.898	   2.089	      146670096	      2.174	      2.389	      2.881	      2.993	           	      0.000	1466701.000	4875967.500	5468658.000	     -0.322	     -0.209	     -0.227	
 2015/07/10	   2.290	   2.298	   2.241	   2.298	       57171784	      2.143	      2.342	      2.813	      2.992	           	      0.000	 571717.813	2960207.750	5107142.500	     -0.312	     -0.229	     -0.166	
 2015/07/13	   2.524	   2.528	   2.420	   2.528	      183571952	      2.182	      2.346	      2.754	      2.995	           	      0.000	1835719.500	1971691.000	4988153.500	     -0.282	     -0.240	     -0.085	
 2015/07/14	   2.500	   2.781	   2.492	   2.657	      401574016	      2.294	      2.339	      2.711	      3.000	           	      0.000	4015740.250	2369298.250	4839879.500	     -0.246	     -0.241	     -0.009	
 2015/07/15	   2.607	   2.612	   2.400	   2.405	      374726720	      2.395	      2.323	      2.662	      3.001	           	      0.000	3747267.250	2327429.250	4363235.000	     -0.234	     -0.240	      0.011	
 2015/07/16	   2.302	   2.574	   2.261	   2.489	      425314048	      2.475	      2.325	      2.609	      3.001	           	      0.000	4253140.500	2884717.000	3880342.250	     -0.216	     -0.235	      0.038	
 2015/07/17	   2.515	   2.725	   2.499	   2.688	      615250240	      2.553	      2.348	      2.577	      3.004	           	      0.000	6152502.500	4000874.000	3480541.000	     -0.183	     -0.225	      0.083	
 2015/07/20	   2.670	   2.780	   2.620	   2.690	      816441728	      2.586	      2.384	      2.554	      3.005	           	      0.000	8164417.500	5266613.500	3619152.250	     -0.155	     -0.211	      0.111	
 2015/07/21	   2.640	   2.758	   2.625	   2.707	      787507840	      2.596	      2.445	      2.529	      3.006	           	      0.000	7875078.500	6038481.000	4203890.000	     -0.130	     -0.195	      0.129	
 2015/07/22	   2.715	   2.779	   2.651	   2.754	      902541184	      2.666	      2.530	      2.507	      3.008	           	      0.000	9025412.000	7094110.000	4710769.500	     -0.105	     -0.177	      0.143	
 2015/07/23	   2.748	   2.833	   2.712	   2.820	      596383232	      2.732	      2.604	      2.496	      3.012	           	      0.000	5963832.500	7436248.500	5160483.000	     -0.079	     -0.157	      0.156	
 2015/07/24	   2.819	   2.858	   2.682	   2.740	      643245632	      2.742	      2.648	      2.495	      3.012	           	      0.000	6432456.500	7492239.500	5746556.500	     -0.065	     -0.139	      0.148	
 2015/07/27	   2.670	   2.759	   2.466	   2.466	      686593472	      2.697	      2.642	      2.494	      3.008	           	      0.000	6865934.500	7232543.000	6249578.000	     -0.074	     -0.126	      0.103	
 2015/07/28	   2.380	   2.559	   2.328	   2.395	      667925568	      2.635	      2.615	      2.477	      3.002	           	      0.000	6679255.500	6993378.000	6515929.500	     -0.086	     -0.118	      0.063	
 2015/07/29	   2.441	   2.573	   2.253	   2.573	      752922624	      2.599	      2.632	      2.478	      3.000	           	      0.000	7529226.000	6694141.000	6894125.500	     -0.081	     -0.111	      0.059	
 2015/07/30	   2.520	   2.564	   2.399	   2.400	      698725952	      2.515	      2.623	      2.474	      2.995	           	      0.000	6987259.500	6898826.500	7167537.500	     -0.089	     -0.106	      0.034	
 2015/07/31	   2.360	   2.470	   2.309	   2.368	      516981920	      2.440	      2.591	      2.470	      2.989	           	      0.000	5169819.000	6646299.000	7069269.000	     -0.098	     -0.105	      0.014	
 2015/08/03	   2.325	   2.355	   2.221	   2.240	      222780704	      2.395	      2.546	      2.465	      2.978	           	      0.000	2227807.000	5718673.500	6475608.000	     -0.113	     -0.106	     -0.014	
 2015/08/04	   2.256	   2.445	   2.245	   2.442	      302909216	      2.405	      2.520	      2.482	      2.968	           	      0.000	3029092.250	4988641.000	5991009.500	     -0.108	     -0.107	     -0.003	
 2015/08/05	   2.417	   2.448	   2.321	   2.358	      265862352	      2.362	      2.480	      2.505	      2.955	           	      0.000	2658623.500	4014520.250	5354330.500	     -0.109	     -0.107	     -0.004	
 2015/08/06	   2.295	   2.382	   2.282	   2.350	      225345264	      2.352	      2.433	      2.518	      2.944	           	      0.000	2253452.750	3067759.000	4983292.500	     -0.110	     -0.108	     -0.004	
 2015/08/07	   2.386	   2.460	   2.368	   2.459	      256242400	      2.370	      2.405	      2.526	      2.935	           	      0.000	2562424.000	2546280.000	4596289.500	     -0.100	     -0.106	      0.012	
 2015/08/10	   2.475	   2.645	   2.460	   2.622	      376288256	      2.446	      2.421	      2.531	      2.928	           	      0.000	3762882.500	2853295.000	4285984.000	     -0.078	     -0.101	      0.044	
 2015/08/11	   2.614	   2.619	   2.533	   2.565	      363773024	      2.471	      2.438	      2.527	      2.918	           	      0.000	3637730.250	2975022.500	3981831.750	     -0.065	     -0.094	      0.057	
 2015/08/12	   2.520	   2.568	   2.487	   2.489	      331729312	      2.497	      2.429	      2.531	      2.907	           	      0.000	3317293.000	3106756.500	3560638.500	     -0.060	     -0.087	      0.054	
 2015/08/13	   2.483	   2.562	   2.442	   2.558	      425321664	      2.539	      2.445	      2.534	      2.895	           	      0.000	4253216.500	3506709.250	3287234.000	     -0.050	     -0.079	      0.059	
 2015/08/14	   2.580	   2.590	   2.523	   2.525	      339229056	      2.552	      2.461	      2.526	      2.880	           	      0.000	3392290.500	3672682.500	3109481.250	     -0.044	     -0.072	      0.057	
 2015/08/17	   2.520	   2.556	   2.474	   2.505	      367898848	      2.528	      2.487	      2.517	      2.866	           	      0.000	3678988.500	3655903.750	3254599.500	     -0.040	     -0.066	      0.051	
 2015/08/18	   2.531	   2.585	   2.290	   2.343	      384936576	      2.484	      2.477	      2.499	      2.849	           	      0.000	3849365.750	3698230.750	3336626.750	     -0.050	     -0.063	      0.025	
 2015/08/19	   2.282	   2.445	   2.226	   2.422	      379863616	      2.471	      2.484	      2.482	      2.832	           	      0.000	3798636.250	3794499.500	3450628.000	     -0.051	     -0.060	      0.019	
 2015/08/20	   2.415	   2.470	   2.360	   2.362	      352015744	      2.431	      2.485	      2.459	      2.814	           	      0.000	3520157.500	3647887.750	3577298.500	     -0.056	     -0.059	      0.008	
 2015/08/21	   2.328	   2.344	   2.220	   2.226	      361202240	      2.372	      2.462	      2.433	      2.796	           	      0.000	3612022.500	3691834.000	3682258.250	     -0.070	     -0.061	     -0.016	
 2015/08/24	   2.112	   2.124	   2.003	   2.003	      274995008	      2.271	      2.400	      2.410	      2.773	           	      0.000	2749950.000	3506026.500	3580965.000	     -0.097	     -0.069	     -0.058	
 2015/08/25	   1.859	   1.903	   1.803	   1.803	      194899888	      2.163	      2.324	      2.381	      2.743	           	      0.000	1948998.875	3125953.000	3412092.000	     -0.134	     -0.082	     -0.105	
 2015/08/26	   1.780	   1.892	   1.715	   1.740	      235364048	      2.027	      2.249	      2.339	      2.710	           	      0.000	2353640.500	2836954.000	3315726.750	     -0.166	     -0.099	     -0.136	
 2015/08/27	   1.780	   1.825	   1.702	   1.801	      252713216	      1.915	      2.173	      2.309	      2.677	           	      0.000	2527132.250	2638348.750	3143118.250	     -0.185	     -0.116	     -0.138	
 2015/08/28	   1.825	   1.955	   1.785	   1.941	      251252304	      1.858	      2.115	      2.288	      2.646	           	      0.000	2512523.000	2418449.000	3055141.500	     -0.186	     -0.130	     -0.112	
 2015/08/31	   1.901	   1.909	   1.811	   1.830	      216058992	      1.823	      2.047	      2.267	      2.615	           	      0.000	2160590.000	2300577.000	2903301.750	     -0.194	     -0.143	     -0.102	
 2015/09/01	   1.797	   1.810	   1.719	   1.725	      152396240	      1.807	      1.985	      2.231	      2.585	           	      0.000	1523962.375	2215569.500	2670761.250	     -0.206	     -0.155	     -0.101	
 2015/09/02	   1.646	   1.804	   1.638	   1.690	      177155616	      1.797	      1.912	      2.198	      2.554	           	      0.000	1771556.125	2099152.750	2468053.250	     -0.216	     -0.168	     -0.097	
 2015/09/07	   1.741	   1.825	   1.726	   1.763	      196420192	      1.790	      1.852	      2.169	      2.523	           	      0.000	1964201.875	1986566.625	2312457.750	     -0.216	     -0.177	     -0.077	
 2015/09/08	   1.745	   1.888	   1.723	   1.888	      332088672	      1.779	      1.818	      2.140	      2.493	           	      0.000	3320886.750	2148239.500	2283344.250	     -0.203	     -0.182	     -0.041	
 2015/09/09	   1.910	   1.975	   1.880	   1.943	      451608864	      1.802	      1.812	      2.106	      2.464	           	      0.000	4516088.500	2619339.000	2459958.000	     -0.186	     -0.183	     -0.006	
 2015/09/10	   1.895	   1.945	   1.879	   1.899	      316232832	      1.837	      1.822	      2.073	      2.437	           	      0.000	3162328.250	2947012.250	2581291.000	     -0.174	     -0.181	      0.014	
 2015/09/11	   1.905	   1.942	   1.890	   1.922	      222366672	      1.883	      1.840	      2.044	      2.412	           	      0.000	2223666.750	3037434.500	2568293.500	     -0.161	     -0.177	      0.032	
 2015/09/14	   1.926	   1.937	   1.730	   1.730	      258683552	      1.876	      1.833	      2.003	      2.382	           	      0.000	2586835.500	3161961.250	2574264.000	     -0.165	     -0.175	      0.020	
 2015/09/15	   1.687	   1.734	   1.621	   1.633	      228803776	      1.825	      1.802	      1.958	      2.354	           	      0.000	2288037.750	2955391.250	2551815.500	     -0.173	     -0.175	      0.003	
 2015/09/16	   1.655	   1.796	   1.650	   1.796	      242136624	      1.796	      1.799	      1.923	      2.331	           	      0.000	2421366.250	2536447.000	2577893.000	     -0.165	     -0.173	      0.016	
 2015/09/17	   1.808	   1.868	   1.750	   1.763	      250852704	      1.769	      1.803	      1.894	      2.307	           	      0.000	2508527.000	2405686.750	2676349.500	     -0.159	     -0.170	      0.022	
 2015/09/18	   1.775	   1.843	   1.737	   1.825	      176914416	      1.749	      1.816	      1.864	      2.284	           	      0.000	1769144.125	2314782.000	2676108.250	     -0.148	     -0.165	      0.035	
 2015/09/21	   1.796	   1.965	   1.770	   1.965	      330109152	      1.796	      1.836	      1.844	      2.267	           	      0.000	3301091.500	2457633.250	2809797.250	     -0.126	     -0.158	      0.063	
 2015/09/22	   1.965	   2.004	   1.903	   1.939	      369510848	      1.858	      1.842	      1.830	      2.253	           	      0.000	3695108.500	2739047.500	2847219.500	     -0.110	     -0.148	      0.077	
 2015/09/23	   1.874	   1.958	   1.874	   1.915	      217192656	      1.881	      1.839	      1.826	      2.243	           	      0.000	2171926.500	2689159.500	2612803.250	     -0.097	     -0.138	      0.081	
 2015/09/24	   1.936	   1.982	   1.910	   1.933	      223686896	      1.915	      1.842	      1.832	      2.230	           	      0.000	2236869.000	2634828.000	2520257.250	     -0.085	     -0.127	      0.084	
 2015/09/25	   1.924	   1.933	   1.803	   1.845	      197856688	      1.919	      1.834	      1.837	      2.218	           	      0.000	1978566.875	2676712.500	2495747.250	     -0.082	     -0.118	      0.073	
 2015/09/28	   1.849	   1.983	   1.810	   1.979	      216232864	      1.922	      1.859	      1.846	      2.210	           	      0.000	2162328.750	2448960.000	2453296.500	     -0.068	     -0.108	      0.081	
 2015/09/29	   1.935	   1.977	   1.911	   1.952	      196369360	      1.925	      1.891	      1.847	      2.201	           	      0.000	1963693.625	2102677.000	2420862.250	     -0.058	     -0.098	      0.080	
 2015/09/30	   1.963	   1.976	   1.890	   1.935	      158367728	      1.929	      1.905	      1.852	      2.195	           	      0.000	1583677.250	1985027.125	2337093.250	     -0.051	     -0.089	      0.076	
 2015/10/08	   2.035	   2.095	   1.993	   2.080	      229800480	      1.958	      1.937	      1.870	      2.194	           	      0.000	2298004.750	1997254.250	2316041.000	     -0.033	     -0.078	      0.089	
 2015/10/09	   2.060	   2.121	   2.056	   2.103	      180350976	      2.010	      1.965	      1.890	      2.198	           	      0.000	1803509.750	1962242.875	2319477.750	     -0.017	     -0.066	      0.097	
 2015/10/12	   2.113	   2.266	   2.103	   2.220	      430940448	      2.058	      1.990	      1.913	      2.200	           	      0.000	4309404.500	2391658.000	2420309.000	      0.005	     -0.051	      0.113	
 2015/10/13	   2.185	   2.242	   2.177	   2.226	      194278144	      2.113	      2.019	      1.930	      2.199	           	      0.000	1942781.500	2387475.500	2245076.250	      0.023	     -0.037	      0.118	
 2015/10/14	   2.220	   2.228	   2.170	   2.182	      191401200	      2.162	      2.046	      1.942	      2.193	           	      0.000	1914012.000	2453542.500	2219284.750	      0.033	     -0.023	      0.111	
 2015/10/15	   2.173	   2.303	   2.163	   2.298	      239176768	      2.206	      2.082	      1.962	      2.187	           	      0.000	2391767.750	2472295.000	2234774.750	      0.050	     -0.008	      0.116	
 2015/10/16	   2.307	   2.340	   2.267	   2.329	      300423680	      2.251	      2.130	      1.982	      2.186	           	      0.000	3004236.750	2712440.500	2337341.750	      0.065	      0.006	      0.117	
 2015/10/19	   2.328	   2.336	   2.259	   2.294	      316637760	      2.266	      2.162	      2.011	      2.183	           	      0.000	3166377.500	2483835.000	2437746.500	      0.073	      0.020	      0.107	
 2015/10/20	   2.280	   2.391	   2.280	   2.391	      247890176	      2.299	      2.206	      2.049	      2.178	           	      0.000	2478901.750	2591059.250	2489267.250	      0.086	      0.033	      0.107	
 2015/10/21	   2.390	   2.401	   2.215	   2.220	      424240672	      2.306	      2.234	      2.070	      2.170	           	      0.000	4242406.500	3056738.000	2755140.250	      0.082	      0.043	      0.079	
 2015/10/22	   2.225	   2.348	   2.225	   2.348	      370030432	      2.316	      2.261	      2.099	      2.164	           	      0.000	3700304.250	3318445.250	2895370.250	      0.088	      0.052	      0.073	
 2015/10/23	   2.353	   2.437	   2.326	   2.427	      356789280	      2.336	      2.293	      2.129	      2.158	           	      0.000	3567892.750	3431176.500	3071808.500	      0.098	      0.061	      0.074	
 2015/10/26	   2.443	   2.445	   2.366	   2.398	      283233760	      2.357	      2.311	      2.151	      2.151	           	      0.000	2832337.500	3364368.500	2924101.750	      0.103	      0.069	      0.066	
 2015/10/27	   2.366	   2.474	   2.296	   2.444	      316052096	      2.367	      2.333	      2.176	      2.146	           	      0.000	3160521.000	3500692.500	3045875.750	      0.109	      0.077	      0.063	
 2015/10/28	   2.409	   2.455	   2.351	   2.360	      269297760	      2.395	      2.351	      2.198	      2.145	           	      0.000	2692977.500	3190806.500	3123772.250	      0.105	      0.083	      0.045	
 2015/10/29	   2.370	   2.409	   2.313	   2.352	      272533600	      2.396	      2.356	      2.219	      2.144	           	      0.000	2725336.000	2995813.000	3157129.250	      0.101	      0.086	      0.029	
 2015/10/30	   2.346	   2.404	   2.308	   2.349	      354397504	      2.381	      2.358	      2.244	      2.140	           	      0.000	3543975.000	2991029.500	3211103.000	      0.096	      0.088	      0.015	
 2015/11/02	   2.273	   2.386	   2.273	   2.311	      236741728	      2.363	      2.360	      2.261	      2.139	           	      0.000	2367417.250	2898045.250	3131207.000	      0.088	      0.088	     -0.000	
 2015/11/03	   2.303	   2.330	   2.281	   2.305	      202636288	      2.335	      2.351	      2.279	      2.138	           	      0.000	2026362.875	2671213.750	3085953.000	      0.081	      0.087	     -0.013	
 2015/11/04	   2.323	   2.491	   2.323	   2.489	      330447872	      2.361	      2.378	      2.306	      2.142	           	      0.000	3304478.750	2793514.000	2992160.250	      0.088	      0.087	      0.002	
 2015/11/05	   2.485	   2.508	   2.421	   2.443	      442490272	      2.379	      2.388	      2.324	      2.142	           	      0.000	4424902.500	3133427.250	3064620.000	      0.090	      0.088	      0.004	
 2015/11/06	   2.444	   2.558	   2.444	   2.548	      328086656	      2.419	      2.400	      2.347	      2.145	           	      0.000	3280866.500	3080805.500	3035917.500	      0.098	      0.090	      0.017	
 2015/11/09	   2.521	   2.617	   2.478	   2.583	      314662272	      2.474	      2.418	      2.365	      2.149	           	      0.000	3146622.750	3236646.750	3067346.000	      0.106	      0.093	      0.027	
 2015/11/10	   2.558	   2.640	   2.558	   2.609	      315936896	      2.534	      2.435	      2.384	      2.151	           	      0.000	3159369.000	3463248.000	3067230.750	      0.114	      0.097	      0.033	
 2015/11/11	   2.603	   2.680	   2.590	   2.680	      245236384	      2.573	      2.467	      2.409	      2.152	           	      0.000	2452363.750	3292825.000	3043169.500	      0.124	      0.103	      0.043	
 2015/11/12	   2.674	   2.688	   2.605	   2.648	      265455680	      2.614	      2.497	      2.426	      2.154	           	      0.000	2654556.750	2938755.750	3036091.500	      0.128	      0.108	      0.041	
 2015/11/13	   2.606	   2.630	   2.548	   2.580	      284547264	      2.620	      2.520	      2.439	      2.155	           	      0.000	2845472.750	2851677.000	2966241.250	      0.124	      0.111	      0.026	
 2015/11/16	   2.523	   2.670	   2.520	   2.670	      273482432	      2.637	      2.556	      2.458	      2.157	           	      0.000	2734824.250	2769317.250	3002982.000	      0.127	      0.114	      0.026	
 2015/11/17	   2.688	   2.699	   2.555	   2.569	      340945312	      2.629	      2.582	      2.467	      2.158	           	      0.000	3409453.000	2819334.000	3141291.000	      0.120	      0.115	      0.009	
 2015/11/18	   2.575	   2.594	   2.511	   2.516	      294260640	      2.597	      2.585	      2.481	      2.158	           	      0.000	2942606.500	2917382.750	3105103.750	      0.108	      0.114	     -0.011	
 2015/11/19	   2.526	   2.630	   2.526	   2.624	      362591936	      2.592	      2.603	      2.495	      2.163	           	      0.000	3625919.250	3111655.250	3025205.500	      0.107	      0.112	     -0.011	
 2015/11/20	   2.624	   2.666	   2.606	   2.645	      321089600	      2.605	      2.612	      2.506	      2.166	           	      0.000	3210896.000	3184739.750	3018208.500	      0.106	      0.111	     -0.010	
 2015/11/23	   2.628	   2.684	   2.601	   2.619	      302255264	      2.595	      2.616	      2.517	      2.171	           	      0.000	3022552.750	3242285.500	3005801.500	      0.102	      0.109	     -0.014	
 2015/11/24	   2.610	   2.665	   2.593	   2.663	      283607328	      2.613	      2.621	      2.528	      2.178	           	      0.000	2836073.250	3127609.500	2973471.750	      0.102	      0.108	     -0.012	
 2015/11/25	   2.654	   2.755	   2.650	   2.746	      334548192	      2.659	      2.628	      2.547	      2.190	           	      0.000	3345482.000	3208184.750	3062783.750	      0.107	      0.108	     -0.002	
 2015/11/26	   2.748	   2.754	   2.672	   2.674	      329000384	      2.669	      2.631	      2.564	      2.205	           	      0.000	3290003.750	3141001.500	3126328.250	      0.103	      0.107	     -0.007	
 2015/11/27	   2.655	   2.685	   2.471	   2.496	      505639616	      2.640	      2.622	      2.571	      2.218	           	      0.000	5056396.000	3510101.500	3347420.750	      0.086	      0.103	     -0.034	
 2015/11/30	   2.505	   2.538	   2.369	   2.520	      520356352	      2.620	      2.607	      2.581	      2.230	           	      0.000	5203563.500	3946303.750	3594294.500	      0.073	      0.097	     -0.048	
 2015/12/01	   2.510	   2.545	   2.449	   2.507	      335153888	      2.589	      2.601	      2.591	      2.239	           	      0.000	3351539.000	4049396.750	3588503.250	      0.061	      0.089	     -0.057	
 2015/12/02	   2.494	   2.511	   2.384	   2.454	      319775392	      2.530	      2.595	      2.590	      2.249	           	      0.000	3197754.000	4019851.250	3614018.000	      0.046	      0.081	     -0.069	
 2015/12/03	   2.461	   2.563	   2.460	   2.561	      381240512	      2.508	      2.589	      2.596	      2.263	           	      0.000	3812405.000	4124331.500	3632666.500	      0.043	      0.073	     -0.060	
 2015/12/04	   2.540	   2.585	   2.512	   2.530	      257653664	      2.514	      2.577	      2.595	      2.277	           	      0.000	2576536.750	3628359.750	3569230.500	      0.038	      0.066	     -0.057	
 2015/12/07	   2.534	   2.591	   2.527	   2.571	      255282096	      2.525	      2.572	      2.594	      2.291	           	      0.000	2552821.000	3098211.250	3522257.500	      0.036	      0.060	     -0.048	
 2015/12/08	   2.556	   2.571	   2.516	   2.531	      241519344	      2.529	      2.559	      2.590	      2.301	           	      0.000	2415193.500	2910942.000	3480169.500	      0.031	      0.054	     -0.046	
 2015/12/09	   2.515	   2.540	   2.493	   2.510	      242762112	      2.541	      2.535	      2.582	      2.311	           	      0.000	2427621.000	2756915.500	3388383.250	      0.026	      0.049	     -0.046	
 2015/12/10	   2.514	   2.566	   2.501	   2.526	      272203200	      2.534	      2.521	      2.576	      2.321	           	      0.000	2722032.000	2538840.750	3331586.250	      0.022	      0.043	     -0.042	
 2015/12/11	   2.519	   2.541	   2.502	   2.510	      197036688	      2.530	      2.522	      2.572	      2.331	           	      0.000	1970366.875	2417607.000	3022983.250	      0.018	      0.038	     -0.041	
 2015/12/14	   2.489	   2.555	   2.463	   2.555	      250407536	      2.526	      2.526	      2.566	      2.345	           	      0.000	2504075.250	2407857.750	2753034.500	      0.018	      0.034	     -0.033	
 2015/12/15	   2.551	   2.598	   2.547	   2.577	      263600768	      2.536	      2.533	      2.567	      2.361	           	      0.000	2636007.750	2452020.500	2681481.250	      0.019	      0.031	     -0.024	
 2015/12/16	   2.588	   2.625	   2.576	   2.593	      253719840	      2.552	      2.546	      2.571	      2.374	           	      0.000	2537198.500	2473936.000	2615425.750	      0.022	      0.029	     -0.015	
 2015/12/17	   2.611	   2.674	   2.611	   2.674	      270735808	      2.582	      2.558	      2.573	      2.389	           	      0.000	2707358.000	2471001.250	2504921.000	      0.030	      0.029	      0.001	
 2015/12/18	   2.670	   2.675	   2.630	   2.668	      211762096	      2.613	      2.572	      2.574	      2.403	           	      0.000	2117621.000	2500452.000	2459029.500	      0.035	      0.030	      0.009	
 2015/12/21	   2.654	   2.669	   2.631	   2.663	      229700176	      2.635	      2.581	      2.576	      2.415	           	      0.000	2297001.750	2459037.500	2433447.500	      0.039	      0.032	      0.013	
 2015/12/22	   2.675	   2.679	   2.637	   2.656	      179878960	      2.651	      2.593	      2.576	      2.427	           	      0.000	1798789.625	2291593.750	2371807.250	      0.040	      0.034	      0.013	
 2015/12/23	   2.658	   2.666	   2.599	   2.600	      242433408	      2.652	      2.602	      2.569	      2.438	           	      0.000	2424334.000	2269021.000	2371478.500	      0.037	      0.034	      0.005	
 2015/12/24	   2.597	   2.633	   2.565	   2.624	      249435904	      2.642	      2.612	      2.566	      2.450	           	      0.000	2494359.000	2226421.000	2348711.250	      0.035	      0.035	      0.002	
 2015/12/25	   2.623	   2.644	   2.598	   2.620	      223670416	      2.633	      2.623	      2.572	      2.463	           	      0.000	2236704.250	2250237.750	2375345.000	      0.034	      0.034	     -0.001	
 2015/12/28	   2.623	   2.643	   2.551	   2.551	      186599648	      2.610	      2.623	      2.574	      2.472	           	      0.000	1865996.500	2164036.750	2311537.000	      0.026	      0.033	     -0.013	
 2015/12/29	   2.547	   2.584	   2.539	   2.580	      186528416	      2.595	      2.623	      2.578	      2.483	           	      0.000	1865284.125	2177335.500	2234464.750	      0.023	      0.031	     -0.016	
 2015/12/30	   2.581	   2.608	   2.560	   2.605	      163122352	      2.596	      2.624	      2.585	      2.494	           	      0.000	1631223.500	2018713.500	2143867.250	      0.022	      0.029	     -0.015	
 2015/12/31	   2.606	   2.612	   2.539	   2.539	      134376848	      2.579	      2.611	      2.584	      2.501	           	      0.000	1343768.500	1788595.375	2007508.250	      0.015	      0.026	     -0.022	
 2016/01/04	   2.531	   2.538	   2.301	   2.306	      187580064	      2.516	      2.574	      2.573	      2.505	           	      0.000	1875800.625	1716414.625	1983326.250	     -0.009	      0.019	     -0.056	
 2016/01/05	   2.240	   2.336	   2.200	   2.275	      386728960	      2.461	      2.536	      2.558	      2.506	           	      0.000	3867289.500	2116673.250	2140355.000	     -0.030	      0.009	     -0.078	
 2016/01/06	   2.291	   2.330	   2.250	   2.321	      341799168	      2.409	      2.502	      2.548	      2.507	           	      0.000	3417991.750	2427214.750	2302275.250	     -0.042	     -0.001	     -0.082	
 2016/01/07	   2.272	   2.280	   2.090	   2.096	      120379800	      2.307	      2.452	      2.527	      2.506	           	      0.000	1203798.000	2341729.750	2180221.500	     -0.069	     -0.015	     -0.109	
 2016/01/08	   2.170	   2.190	   2.030	   2.125	      417490112	      2.225	      2.402	      2.507	      2.503	           	      0.000	4174901.000	2907956.250	2348275.750	     -0.087	     -0.029	     -0.117	
 2016/01/11	   2.067	   2.109	   1.990	   1.999	      464373184	      2.163	      2.340	      2.481	      2.497	           	      0.000	4643732.000	3461542.500	2588978.500	     -0.111	     -0.045	     -0.131	
 2016/01/12	   2.011	   2.067	   1.979	   2.036	      260903536	      2.115	      2.288	      2.455	      2.493	           	      0.000	2609035.250	3209891.500	2663282.500	     -0.125	     -0.061	     -0.127	
 2016/01/13	   2.048	   2.057	   1.936	   1.964	      205516640	      2.044	      2.227	      2.425	      2.486	           	      0.000	2055166.375	2937326.500	2682270.750	     -0.140	     -0.077	     -0.126	
 2016/01/14	   1.904	   2.079	   1.885	   2.072	      221844752	      2.039	      2.173	      2.399	      2.484	           	      0.000	2218447.500	3140256.500	2740993.000	     -0.142	     -0.090	     -0.104	
 2016/01/15	   2.041	   2.070	   1.980	   1.997	      257490336	      2.014	      2.119	      2.365	      2.478	           	      0.000	2574903.250	2820257.000	2864106.500	     -0.148	     -0.102	     -0.092	
 2016/01/18	   1.966	   2.097	   1.964	   2.070	      291285728	      2.028	      2.095	      2.335	      2.472	           	      0.000	2912857.250	2474082.000	2967812.250	     -0.145	     -0.110	     -0.069	
 2016/01/19	   2.050	   2.129	   2.030	   2.126	      352749472	      2.046	      2.081	      2.308	      2.467	           	      0.000	3527494.750	2657773.750	2933832.750	     -0.136	     -0.116	     -0.042	
 2016/01/20	   2.102	   2.129	   2.069	   2.085	      313166176	      2.070	      2.057	      2.280	      2.461	           	      0.000	3131661.750	2873073.000	2905199.750	     -0.131	     -0.119	     -0.026	
 2016/01/21	   2.059	   2.126	   2.006	   2.006	      287312512	      2.057	      2.048	      2.250	      2.455	           	      0.000	2873125.000	3004008.500	3072132.500	     -0.132	     -0.121	     -0.022	
 2016/01/22	   2.027	   2.047	   1.971	   2.042	      314738880	      2.066	      2.040	      2.221	      2.450	           	      0.000	3147388.750	3118505.500	2969381.250	     -0.129	     -0.123	     -0.012	
 2016/01/25	   2.055	   2.070	   2.020	   2.040	      179524992	      2.060	      2.044	      2.192	      2.445	           	      0.000	1795249.875	2894984.000	2684533.000	     -0.125	     -0.123	     -0.003	
 2016/01/26	   2.010	   2.024	   1.845	   1.888	      404445856	      2.012	      2.029	      2.159	      2.438	           	      0.000	4044458.500	2998376.750	2828075.250	     -0.132	     -0.125	     -0.014	
 2016/01/27	   1.899	   1.907	   1.794	   1.887	      430385888	      1.973	      2.021	      2.124	      2.431	           	      0.000	4303859.000	3232816.250	3052944.500	     -0.137	     -0.127	     -0.018	
 2016/01/28	   1.869	   1.883	   1.799	   1.808	      262948640	      1.933	      1.995	      2.084	      2.420	           	      0.000	2629486.500	3184088.500	3094048.500	     -0.145	     -0.131	     -0.028	
 2016/01/29	   1.807	   1.905	   1.801	   1.879	      291176576	      1.900	      1.983	      2.051	      2.410	           	      0.000	2911765.750	3136964.000	3127734.750	     -0.144	     -0.133	     -0.021	
 2016/02/01	   1.875	   1.902	   1.850	   1.895	      248121104	      1.871	      1.966	      2.031	      2.399	           	      0.000	2481211.000	3274156.250	3084570.000	     -0.140	     -0.135	     -0.011	
 2016/02/02	   1.897	   1.986	   1.894	   1.972	      304571232	      1.888	      1.950	      2.015	      2.389	           	      0.000	3045712.250	3074407.000	3036391.750	     -0.130	     -0.134	      0.008	
 2016/02/03	   1.949	   2.005	   1.924	   1.988	      288567392	      1.908	      1.941	      1.999	      2.379	           	      0.000	2885674.000	2790770.000	3011793.000	     -0.119	     -0.131	      0.024	
 2016/02/04	   1.997	   2.036	   1.991	   2.024	      566915136	      1.952	      1.942	      1.995	      2.368	           	      0.000	5669151.500	3398703.000	3291395.750	     -0.106	     -0.126	      0.040	
 2016/02/05	   2.029	   2.037	   1.997	   1.999	      461543200	      1.976	      1.938	      1.989	      2.357	           	      0.000	4615432.000	3739436.250	3438200.000	     -0.096	     -0.120	      0.047	
 2016/02/15	   1.933	   2.027	   1.921	   2.017	      416772544	      2.000	      1.936	      1.990	      2.348	           	      0.000	4167725.500	4076739.000	3675447.500	     -0.087	     -0.113	      0.053	
 2016/02/16	   2.022	   2.106	   2.022	   2.099	      425079520	      2.025	      1.957	      1.993	      2.338	           	      0.000	4250795.000	4317755.500	3696081.250	     -0.071	     -0.105	      0.067	
 2016/02/17	   2.099	   2.116	   2.070	   2.109	      434546336	      2.050	      1.979	      2.000	      2.331	           	      0.000	4345463.500	4609713.500	3700241.750	     -0.058	     -0.095	      0.075	
 2016/02/18	   2.126	   2.135	   2.085	   2.090	      421481280	      2.063	      2.007	      2.001	      2.323	           	      0.000	4214813.000	4318846.000	3858774.250	     -0.048	     -0.086	      0.076	
 2016/02/19	   2.081	   2.123	   2.079	   2.106	      569471808	      2.084	      2.030	      2.007	      2.315	           	      0.000	5694718.000	4534703.000	4137069.500	     -0.039	     -0.077	      0.076	
 2016/02/22	   2.134	   2.142	   2.108	   2.142	      431431360	      2.109	      2.055	      2.010	      2.306	           	      0.000	4314313.500	4564020.500	4320380.000	     -0.028	     -0.067	      0.078	
 2016/02/23	   2.140	   2.145	   2.088	   2.117	      399319168	      2.113	      2.069	      2.010	      2.298	           	      0.000	3993191.750	4512500.000	4415128.000	     -0.021	     -0.058	      0.073	
 2016/02/24	   2.102	   2.124	   2.049	   2.097	      407063200	      2.110	      2.080	      2.010	      2.289	           	      0.000	4070632.000	4457533.500	4533623.500	     -0.017	     -0.050	      0.065	
 2016/02/25	   2.094	   2.095	   1.888	   1.896	      833419904	      2.072	      2.067	      2.005	      2.274	           	      0.000	8334199.000	5281411.000	4800128.500	     -0.030	     -0.046	      0.031	
 2016/02/26	   1.930	   1.947	   1.872	   1.902	      594337792	      2.031	      2.057	      1.998	      2.262	           	      0.000	5943378.000	5331143.000	4932923.000	     -0.039	     -0.044	      0.010	
 2016/02/29	   1.886	   1.897	   1.755	   1.770	      458813728	      1.956	      2.033	      1.984	      2.250	           	      0.000	4588137.500	5385907.500	4974964.000	     -0.057	     -0.047	     -0.019	
 2016/03/01	   1.776	   1.844	   1.736	   1.824	      471912448	      1.898	      2.005	      1.981	      2.238	           	      0.000	4719124.500	5531094.000	5021797.000	     -0.065	     -0.051	     -0.029	
 2016/03/02	   1.823	   1.918	   1.813	   1.912	      572737792	      1.861	      1.986	      1.982	      2.228	           	      0.000	5727378.000	5862443.500	5159988.500	     -0.064	     -0.053	     -0.022	
 2016/03/03	   1.907	   1.959	   1.901	   1.902	      607392000	      1.862	      1.967	      1.987	      2.219	           	      0.000	6073920.000	5410387.500	5345899.000	     -0.063	     -0.055	     -0.016	
 2016/03/04	   1.890	   1.900	   1.795	   1.810	      632874752	      1.844	      1.937	      1.984	      2.206	           	      0.000	6328747.500	5487461.500	5409302.000	     -0.069	     -0.058	     -0.023	
 2016/03/07	   1.840	   1.893	   1.832	   1.853	      620523776	      1.860	      1.908	      1.981	      2.195	           	      0.000	6205238.000	5810881.500	5598394.500	     -0.070	     -0.060	     -0.019	
 2016/03/08	   1.847	   1.895	   1.761	   1.888	      758368384	      1.873	      1.885	      1.977	      2.184	           	      0.000	7583684.000	6383793.500	5957444.000	     -0.067	     -0.062	     -0.010	
 2016/03/09	   1.852	   1.911	   1.832	   1.848	      579879616	      1.860	      1.860	      1.970	      2.172	           	      0.000	5798796.000	6398077.000	6130260.000	     -0.067	     -0.063	     -0.008	
 2016/03/10	   1.865	   1.889	   1.833	   1.835	      502145792	      1.847	      1.854	      1.961	      2.161	           	      0.000	5021458.000	6187584.500	5798986.000	     -0.067	     -0.063	     -0.007	
 2016/03/11	   1.800	   1.846	   1.800	   1.834	      402236864	      1.852	      1.848	      1.953	      2.149	           	      0.000	4022368.750	5726309.000	5606885.000	     -0.066	     -0.064	     -0.005	
 2016/03/14	   1.860	   1.948	   1.858	   1.925	      653985984	      1.866	      1.863	      1.948	      2.140	           	      0.000	6539860.000	5793233.500	5802057.500	     -0.058	     -0.063	      0.010	
 2016/03/15	   1.917	   1.932	   1.889	   1.891	      513304544	      1.867	      1.870	      1.938	      2.129	           	      0.000	5133045.500	5303105.500	5843449.500	     -0.053	     -0.061	      0.015	
 2016/03/16	   1.927	   1.934	   1.863	   1.878	      575916288	      1.873	      1.866	      1.926	      2.117	           	      0.000	5759163.000	5295179.000	5846628.000	     -0.050	     -0.059	      0.017	
 2016/03/17	   1.880	   1.991	   1.879	   1.991	     1120405888	      1.904	      1.875	      1.921	      2.107	           	      0.000	11204059.000	6531699.000	6359642.000	     -0.038	     -0.055	      0.033	
 2016/03/18	   2.015	   2.095	   1.992	   2.076	     1022792064	      1.952	      1.902	      1.920	      2.097	           	      0.000	10227921.000	7772809.500	6749559.500	     -0.022	     -0.048	      0.053	
 2016/03/21	   2.100	   2.120	   2.080	   2.116	      643854336	      1.990	      1.928	      1.918	      2.088	           	      0.000	6438543.500	7752546.500	6772890.000	     -0.005	     -0.039	      0.069	
 2016/03/22	   2.090	   2.135	   2.082	   2.099	      673078336	      2.032	      1.949	      1.917	      2.078	           	      0.000	6730783.500	8072094.000	6687600.000	      0.007	     -0.030	      0.074	
 2016/03/23	   2.100	   2.152	   2.091	   2.148	      724549568	      2.086	      1.979	      1.920	      2.070	           	      0.000	7245495.500	8369360.500	6832270.000	      0.019	     -0.020	      0.080	
 2016/03/24	   2.122	   2.160	   2.093	   2.100	      728205760	      2.108	      2.006	      1.930	      2.062	           	      0.000	7282057.500	7584960.000	7058329.500	      0.026	     -0.011	      0.073	
 2016/03/25	   2.092	   2.117	   2.067	   2.099	      618115520	      2.112	      2.032	      1.940	      2.053	           	      0.000	6181155.000	6775607.000	7274208.500	      0.030	     -0.003	      0.066	
 2016/03/28	   2.117	   2.143	   2.071	   2.073	      550709568	      2.104	      2.047	      1.955	      2.044	           	      0.000	5507095.500	6589317.500	7170932.000	      0.031	      0.004	      0.054	
 2016/03/29	   2.072	   2.081	   2.010	   2.039	      543819136	      2.092	      2.062	      1.966	      2.035	           	      0.000	5438191.500	6330799.000	7201446.500	      0.029	      0.009	      0.040	
 2016/03/30	   2.058	   2.135	   2.050	   2.134	      562706432	      2.089	      2.088	      1.977	      2.028	           	      0.000	5627064.500	6007113.000	7188236.500	      0.034	      0.014	      0.041	
 2016/03/31	   2.140	   2.158	   2.118	   2.119	      515302112	      2.093	      2.100	      1.988	      2.020	           	      0.000	5153021.000	5581305.500	6583133.000	      0.037	      0.018	      0.037	
 2016/04/01	   2.109	   2.116	   2.060	   2.097	      573062400	      2.092	      2.102	      2.002	      2.012	           	      0.000	5730624.000	5491199.500	6133403.000	      0.037	      0.022	      0.029	
 2016/04/05	   2.093	   2.175	   2.092	   2.168	      679025984	      2.111	      2.108	      2.018	      2.010	           	      0.000	6790260.000	5747832.000	6168575.000	      0.042	      0.026	      0.032	
 2016/04/06	   2.168	   2.193	   2.160	   2.181	      604214784	      2.140	      2.116	      2.033	      2.008	           	      0.000	6042148.000	5868623.500	6099711.000	      0.047	      0.030	      0.033	
 2016/04/07	   2.199	   2.205	   2.139	   2.145	      466840384	      2.142	      2.115	      2.047	      2.005	           	      0.000	4668404.000	5676891.500	5842002.000	      0.047	      0.034	      0.027	
 2016/04/08	   2.121	   2.131	   2.084	   2.125	      475933504	      2.143	      2.118	      2.062	      2.006	           	      0.000	4759335.000	5598154.000	5589730.000	      0.045	      0.036	      0.018	
 2016/04/11	   2.148	   2.193	   2.145	   2.170	      479740512	      2.158	      2.125	      2.079	      2.007	           	      0.000	4797405.000	5411510.500	5451355.000	      0.046	      0.038	      0.017	
 2016/04/12	   2.170	   2.179	   2.129	   2.162	      484606048	      2.157	      2.134	      2.091	      2.009	           	      0.000	4846060.500	5022670.500	5385251.500	      0.047	      0.040	      0.014	
 2016/04/13	   2.170	   2.221	   2.170	   2.177	      586152832	      2.156	      2.148	      2.105	      2.012	           	      0.000	5861528.500	4986546.500	5427585.000	      0.047	      0.041	      0.012	
 2016/04/14	   2.197	   2.217	   2.181	   2.212	      558526848	      2.169	      2.156	      2.122	      2.016	           	      0.000	5585268.500	5169919.500	5423405.500	      0.050	      0.043	      0.014	
 2016/04/15	   2.214	   2.217	   2.189	   2.195	      339535296	      2.183	      2.163	      2.132	      2.018	           	      0.000	3395353.000	4897123.000	5247638.500	      0.050	      0.044	      0.012	
 2016/04/18	   2.176	   2.178	   2.139	   2.160	      474352704	      2.181	      2.169	      2.136	      2.021	           	      0.000	4743527.000	4886347.500	5148929.000	      0.047	      0.045	      0.004	
 2016/04/19	   2.170	   2.178	   2.142	   2.161	      471287200	      2.181	      2.169	      2.138	      2.022	           	      0.000	4712872.000	4859710.000	4941190.000	      0.044	      0.045	     -0.001	
 2016/04/20	   2.168	   2.173	   2.012	   2.030	      769553408	      2.152	      2.154	      2.135	      2.021	           	      0.000	7695534.000	5226511.000	5106529.000	      0.031	      0.042	     -0.022	
 2016/04/21	   2.030	   2.053	   1.998	   2.003	      463000512	      2.110	      2.139	      2.128	      2.019	           	      0.000	4630005.000	5035458.000	5102689.000	      0.018	      0.037	     -0.038	
 2016/04/22	   1.989	   2.038	   1.983	   2.038	      364460224	      2.078	      2.131	      2.124	      2.020	           	      0.000	3644602.250	5085308.000	4991215.500	      0.011	      0.032	     -0.043	
 2016/04/25	   2.027	   2.027	   1.980	   2.023	      298027040	      2.051	      2.116	      2.121	      2.019	           	      0.000	2980270.500	4732657.000	4809502.000	      0.003	      0.026	     -0.046	
 2016/04/26	   2.016	   2.055	   2.013	   2.054	      317010560	      2.030	      2.105	      2.120	      2.020	           	      0.000	3170105.500	4424103.500	4641906.500	      0.000	      0.021	     -0.042	
 2016/04/27	   2.058	   2.068	   2.036	   2.041	      319701120	      2.032	      2.092	      2.120	      2.022	           	      0.000	3197011.250	3524399.000	4375455.000	     -0.003	      0.016	     -0.039	
 2016/04/28	   2.041	   2.054	   2.004	   2.048	      304585792	      2.041	      2.075	      2.115	      2.025	           	      0.000	3045858.000	3207569.500	4121513.750	     -0.006	      0.012	     -0.035	
 2016/04/29	   2.036	   2.057	   2.030	   2.033	      246514800	      2.040	      2.059	      2.111	      2.029	           	      0.000	2465148.000	2971678.750	4028493.250	     -0.008	      0.008	     -0.032	
 2016/05/03	   2.036	   2.112	   2.018	   2.112	      574673792	      2.058	      2.054	      2.112	      2.033	           	      0.000	5746738.000	3524972.250	4128814.500	     -0.004	      0.005	     -0.019	
 2016/05/04	   2.105	   2.124	   2.096	   2.102	      406783136	      2.067	      2.048	      2.109	      2.036	           	      0.000	4067831.250	3704517.250	4064310.500	     -0.002	      0.004	     -0.011	
 2016/05/05	   2.098	   2.119	   2.091	   2.116	      396182752	      2.082	      2.057	      2.105	      2.038	           	      0.000	3961827.500	3857480.500	3690939.750	      0.001	      0.003	     -0.004	
 2016/05/06	   2.119	   2.127	   2.018	   2.018	      631179072	      2.076	      2.059	      2.099	      2.039	           	      0.000	6311790.500	4510667.000	3859118.250	     -0.004	      0.002	     -0.012	
 2016/05/09	   2.002	   2.002	   1.948	   1.955	      444574144	      2.061	      2.050	      2.090	      2.038	           	      0.000	4445741.500	4906786.000	3939232.250	     -0.013	     -0.001	     -0.024	
 2016/05/10	   1.950	   1.966	   1.941	   1.950	      333978400	      2.028	      2.043	      2.079	      2.037	           	      0.000	3339784.000	4425395.000	3975183.500	     -0.021	     -0.005	     -0.031	
 2016/05/11	   1.963	   1.970	   1.930	   1.930	      364915904	      1.994	      2.030	      2.068	      2.035	           	      0.000	3649159.000	4341660.500	4023089.000	     -0.028	     -0.010	     -0.037	
 2016/05/12	   1.909	   1.936	   1.879	   1.932	      322081504	      1.957	      2.020	      2.056	      2.033	           	      0.000	3220815.000	4193458.000	4025469.250	     -0.033	     -0.014	     -0.038	
 2016/05/13	   1.925	   1.954	   1.910	   1.920	      292520032	      1.937	      2.007	      2.041	      2.030	           	      0.000	2925200.250	3516140.000	4013403.500	     -0.038	     -0.019	     -0.037	
 2016/05/16	   1.914	   1.955	   1.907	   1.953	      314301504	      1.937	      1.999	      2.029	      2.027	           	      0.000	3143015.000	3255594.750	4081190.250	     -0.038	     -0.023	     -0.031	
 2016/05/17	   1.954	   2.002	   1.932	   1.977	      456761792	      1.942	      1.985	      2.020	      2.025	           	      0.000	4567618.000	3501161.500	3963278.250	     -0.036	     -0.026	     -0.022	
 2016/05/18	   1.962	   1.963	   1.902	   1.921	      325050752	      1.941	      1.967	      2.008	      2.021	           	      0.000	3250507.500	3421431.250	3881545.750	     -0.039	     -0.028	     -0.021	
 2016/05/19	   1.921	   1.972	   1.920	   1.938	      309264800	      1.942	      1.949	      2.003	      2.018	           	      0.000	3092648.000	3395797.750	3794628.000	     -0.039	     -0.030	     -0.017	
 2016/05/20	   1.929	   1.965	   1.911	   1.961	      371879744	      1.950	      1.944	      2.001	      2.016	           	      0.000	3718797.500	3554517.250	3535328.500	     -0.037	     -0.032	     -0.011	
 2016/05/23	   1.967	   2.004	   1.967	   1.992	      358026528	      1.958	      1.947	      1.999	      2.018	           	      0.000	3580265.250	3641967.250	3448781.000	     -0.032	     -0.032	     -0.001	
 2016/05/24	   1.988	   2.000	   1.960	   1.975	      334792768	      1.957	      1.950	      1.996	      2.019	           	      0.000	3347927.750	3398029.250	3449595.250	     -0.030	     -0.031	      0.003	
 2016/05/25	   1.998	   2.010	   1.961	   1.965	      298224288	      1.966	      1.953	      1.992	      2.022	           	      0.000	2982243.000	3344376.250	3382903.750	     -0.028	     -0.031	      0.005	
 2016/05/26	   1.959	   1.986	   1.920	   1.985	      462103328	      1.976	      1.959	      1.989	      2.025	           	      0.000	4621033.500	3650053.500	3522925.500	     -0.025	     -0.030	      0.009	
 2016/05/27	   1.975	   1.989	   1.963	   1.968	      319370592	      1.977	      1.964	      1.985	      2.026	           	      0.000	3193706.000	3545035.000	3549776.250	     -0.024	     -0.029	      0.009	
 2016/05/30	   1.964	   1.983	   1.934	   1.959	      248189664	      1.970	      1.964	      1.981	      2.027	           	      0.000	2481896.750	3325361.500	3483664.250	     -0.023	     -0.027	      0.009	
 2016/05/31	   1.956	   2.070	   1.956	   2.069	      527262688	      1.989	      1.973	      1.979	      2.031	           	      0.000	5272627.000	3710301.250	3554165.250	     -0.014	     -0.025	      0.022	
 2016/06/01	   2.067	   2.086	   2.056	   2.067	      422559296	      2.010	      1.988	      1.978	      2.035	           	      0.000	4225593.000	3958971.250	3651673.750	     -0.006	     -0.021	      0.030	
 2016/06/02	   2.065	   2.090	   2.060	   2.088	      305693504	      2.030	      2.003	      1.976	      2.038	           	      0.000	3056935.000	3646151.500	3648102.500	      0.002	     -0.016	      0.036	
 2016/06/03	   2.080	   2.136	   2.077	   2.109	      525102080	      2.058	      2.018	      1.981	      2.042	           	      0.000	5251021.000	4057614.500	3801324.750	      0.009	     -0.011	      0.041	
 2016/06/06	   2.109	   2.119	   2.087	   2.102	      306337728	      2.087	      2.029	      1.988	      2.047	           	      0.000	3063377.250	4173910.750	3749636.000	      0.014	     -0.006	      0.041	
 2016/06/07	   2.100	   2.109	   2.084	   2.098	      273196416	      2.093	      2.041	      1.995	      2.051	           	      0.000	2731964.250	3665778.000	3688039.750	      0.018	     -0.001	      0.039	
 2016/06/08	   2.091	   2.106	   2.072	   2.092	      313899680	      2.098	      2.054	      2.004	      2.054	           	      0.000	3138996.750	3448458.750	3703715.000	      0.020	      0.003	      0.035	
 2016/06/13	   2.065	   2.072	   1.967	   1.967	      437677760	      2.074	      2.052	      2.005	      2.055	           	      0.000	4376777.500	3712427.250	3679289.500	      0.012	      0.005	      0.014	
 2016/06/14	   1.958	   1.980	   1.947	   1.967	      392535328	      2.045	      2.052	      2.008	      2.057	           	      0.000	3925353.250	3447293.750	3752454.250	      0.005	      0.005	      0.000	
 2016/06/15	   1.951	   2.057	   1.950	   2.040	      517433056	      2.033	      2.060	      2.012	      2.058	           	      0.000	5174330.500	3869484.500	4021697.500	      0.005	      0.005	      0.001	
 2016/06/16	   2.034	   2.047	   2.005	   2.009	      344765152	      2.015	      2.054	      2.014	      2.056	           	      0.000	3447651.500	4012622.000	3839200.000	      0.003	      0.005	     -0.003	
 2016/06/17	   2.020	   2.065	   2.015	   2.034	      431703744	      2.003	      2.051	      2.019	      2.055	           	      0.000	4317037.500	4248230.000	3848344.500	      0.004	      0.004	     -0.002	
 2016/06/20	   2.033	   2.042	   1.997	   2.030	      329248800	      2.016	      2.045	      2.024	      2.054	           	      0.000	3292488.000	4031372.250	3871899.750	      0.003	      0.004	     -0.002	
 2016/06/21	   2.045	   2.065	   1.999	   2.007	      381856544	      2.024	      2.035	      2.026	      2.052	           	      0.000	3818565.500	4010014.500	3728654.250	      0.001	      0.004	     -0.005	
 2016/06/22	   1.998	   2.060	   1.998	   2.055	      426631776	      2.027	      2.030	      2.029	      2.051	           	      0.000	4266318.000	3828412.000	3848948.250	      0.004	      0.004	     -0.000	
 2016/06/23	   2.055	   2.066	   2.032	   2.051	      385356288	      2.035	      2.025	      2.033	      2.050	           	      0.000	3853563.000	3909594.500	3961108.250	      0.005	      0.004	      0.002	
 2016/06/24	   2.047	   2.070	   1.979	   2.043	      649808256	      2.037	      2.020	      2.037	      2.050	           	      0.000	6498082.500	4345803.500	4297016.500	      0.005	      0.004	      0.002	
 2016/06/27	   2.030	   2.109	   2.025	   2.109	      549211136	      2.053	      2.035	      2.043	      2.051	           	      0.000	5492111.500	4785728.000	4408550.000	      0.011	      0.006	      0.011	
 2016/06/28	   2.095	   2.132	   2.085	   2.128	      517155744	      2.077	      2.051	      2.051	      2.051	           	      0.000	5171557.500	5056326.500	4533170.500	      0.017	      0.008	      0.018	
 2016/06/29	   2.137	   2.149	   2.115	   2.121	      337275648	      2.090	      2.059	      2.059	      2.051	           	      0.000	3372756.500	4877614.000	4353013.000	      0.020	      0.010	      0.020	
 2016/06/30	   2.122	   2.142	   2.116	   2.132	      303606144	      2.107	      2.071	      2.062	      2.051	           	      0.000	3036061.500	4714114.000	4311854.000	      0.024	      0.013	      0.022	
 2016/07/01	   2.137	   2.148	   2.112	   2.116	      333412480	      2.121	      2.079	      2.065	      2.050	           	      0.000	3334124.750	4081322.250	4213563.000	      0.025	      0.015	      0.019	
 2016/07/04	   2.103	   2.161	   2.101	   2.153	      397136000	      2.130	      2.092	      2.068	      2.050	           	      0.000	3971360.000	3777172.000	4281450.000	      0.029	      0.018	      0.021	
 2016/07/05	   2.155	   2.164	   2.134	   2.148	      325129568	      2.134	      2.106	      2.070	      2.050	           	      0.000	3251295.750	3393119.750	4224723.000	      0.031	      0.021	      0.021	
 2016/07/06	   2.145	   2.152	   2.135	   2.148	      191919904	      2.139	      2.115	      2.072	      2.050	           	      0.000	1919199.000	3102408.250	3990011.250	      0.032	      0.023	      0.019	
 2016/07/07	   2.145	   2.152	   2.116	   2.141	      217519168	      2.141	      2.124	      2.075	      2.050	           	      0.000	2175191.750	2930234.250	3822174.000	      0.032	      0.025	      0.015	
 2016/07/08	   2.137	   2.160	   2.127	   2.145	      269298112	      2.147	      2.134	      2.077	      2.050	           	      0.000	2692981.000	2802005.500	3441664.000	      0.032	      0.026	      0.012	
 2016/07/11	   2.147	   2.157	   2.120	   2.125	      187731824	      2.141	      2.136	      2.085	      2.049	           	      0.000	1877318.250	2383197.250	3080184.500	      0.030	      0.027	      0.007	
 2016/07/12	   2.123	   2.155	   2.092	   2.155	      365527968	      2.143	      2.138	      2.095	      2.048	           	      0.000	3655279.750	2463994.000	2928556.750	      0.031	      0.028	      0.006	
 2016/07/13	   2.160	   2.201	   2.151	   2.188	      423604416	      2.151	      2.145	      2.102	      2.048	           	      0.000	4236044.000	2927363.000	3014885.500	      0.034	      0.029	      0.009	
 2016/07/14	   2.188	   2.194	   2.173	   2.190	      333947872	      2.161	      2.151	      2.111	      2.048	           	      0.000	3339478.750	3160220.250	3045227.250	      0.036	      0.030	      0.010	
 2016/07/15	   2.190	   2.192	   2.160	   2.164	      313897056	      2.164	      2.156	      2.117	      2.048	           	      0.000	3138970.500	3249418.250	3025712.000	      0.035	      0.031	      0.007	
 2016/07/18	   2.162	   2.168	   2.136	   2.148	      376967232	      2.169	      2.155	      2.123	      2.050	           	      0.000	3769672.250	3627889.000	3005543.000	      0.032	      0.031	      0.001	
 2016/07/19	   2.148	   2.176	   2.138	   2.173	      345159744	      2.173	      2.158	      2.132	      2.053	           	      0.000	3451597.500	3587152.500	3025573.250	      0.032	      0.031	      0.001	
 2016/07/20	   2.174	   2.188	   2.165	   2.165	      269747168	      2.168	      2.159	      2.137	      2.055	           	      0.000	2697471.750	3279438.250	3103400.500	      0.031	      0.031	     -0.001	
 2016/07/21	   2.164	   2.189	   2.160	   2.167	      241205872	      2.163	      2.162	      2.143	      2.057	           	      0.000	2412058.750	3093954.250	3127087.250	      0.029	      0.031	     -0.003	
 2016/07/22	   2.163	   2.169	   2.150	   2.154	      209215824	      2.161	      2.163	      2.148	      2.059	           	      0.000	2092158.250	2884591.750	3067005.000	      0.027	      0.030	     -0.006	
 2016/07/25	   2.147	   2.165	   2.139	   2.146	      168328656	      2.161	      2.165	      2.150	      2.061	           	      0.000	1683286.500	2467314.500	3047601.750	      0.024	      0.029	     -0.009	
 2016/07/26	   2.147	   2.182	   2.146	   2.182	      230850480	      2.163	      2.168	      2.153	      2.063	           	      0.000	2308504.750	2238696.000	2912924.250	      0.025	      0.028	     -0.007	
 2016/07/27	   2.181	   2.185	   2.048	   2.061	      651448256	      2.142	      2.155	      2.150	      2.064	           	      0.000	6514482.500	3002098.250	3140768.250	      0.015	      0.026	     -0.021	
 2016/07/28	   2.060	   2.075	   2.023	   2.044	      395670336	      2.117	      2.140	      2.146	      2.062	           	      0.000	3956703.250	3311027.000	3202490.500	      0.006	      0.022	     -0.031	
 2016/07/29	   2.053	   2.055	   2.017	   2.031	      235132576	      2.093	      2.127	      2.141	      2.061	           	      0.000	2351325.750	3362860.500	3123726.000	     -0.002	      0.017	     -0.038	
 2016/08/01	   2.024	   2.028	   1.981	   2.013	      394398368	      2.066	      2.114	      2.134	      2.060	           	      0.000	3943983.750	3815000.000	3141157.250	     -0.010	      0.012	     -0.043	
 2016/08/02	   2.012	   2.027	   2.008	   2.025	      217984128	      2.035	      2.099	      2.128	      2.060	           	      0.000	2179841.250	3789267.250	3013981.750	     -0.015	      0.006	     -0.042	
 2016/08/03	   2.021	   2.031	   2.009	   2.017	      179720208	      2.026	      2.084	      2.122	      2.061	           	      0.000	1797202.125	2845811.250	2923954.750	     -0.019	      0.001	     -0.041	
 2016/08/04	   2.017	   2.044	   2.013	   2.040	      179540816	      2.025	      2.071	      2.117	      2.062	           	      0.000	1795408.125	2413552.250	2862289.500	     -0.021	     -0.003	     -0.035	
 2016/08/05	   2.036	   2.040	   2.020	   2.022	      147487632	      2.023	      2.058	      2.111	      2.064	           	      0.000	1474876.375	2238262.250	2800561.500	     -0.023	     -0.007	     -0.032	
 2016/08/08	   2.019	   2.042	   1.996	   2.041	      215686640	      2.029	      2.048	      2.106	      2.066	           	      0.000	2156866.500	1880838.875	2847919.500	     -0.023	     -0.010	     -0.025	
 2016/08/09	   2.041	   2.062	   2.035	   2.061	      234351744	      2.036	      2.036	      2.102	      2.068	           	      0.000	2343517.500	1913574.125	2851420.750	     -0.021	     -0.012	     -0.017	
 2016/08/10	   2.063	   2.071	   2.043	   2.043	      268811456	      2.041	      2.034	      2.094	      2.069	           	      0.000	2688114.500	2091756.625	2468784.000	     -0.021	     -0.014	     -0.014	
 2016/08/11	   2.040	   2.047	   2.015	   2.017	      198986032	      2.037	      2.031	      2.086	      2.070	           	      0.000	1989860.375	2130647.000	2272099.500	     -0.023	     -0.016	     -0.013	
 2016/08/12	   2.013	   2.035	   2.010	   2.035	      167124736	      2.039	      2.031	      2.079	      2.072	           	      0.000	1671247.375	2169921.250	2204091.750	     -0.022	     -0.017	     -0.010	
 2016/08/15	   2.035	   2.109	   2.020	   2.103	      559411392	      2.052	      2.040	      2.077	      2.075	           	      0.000	5594114.000	2857370.750	2369104.750	     -0.016	     -0.017	      0.001	
 2016/08/16	   2.101	   2.116	   2.097	   2.105	      296246080	      2.061	      2.048	      2.074	      2.077	           	      0.000	2962460.750	2981159.500	2447366.750	     -0.011	     -0.016	      0.009	
 2016/08/17	   2.106	   2.122	   2.099	   2.112	      238191216	      2.074	      2.058	      2.071	      2.079	           	      0.000	2381912.250	2919919.000	2505837.750	     -0.007	     -0.014	      0.015	
 2016/08/18	   2.108	   2.119	   2.097	   2.108	      205927680	      2.093	      2.065	      2.068	      2.081	           	      0.000	2059276.750	2933802.250	2532224.750	     -0.003	     -0.012	      0.017	
 2016/08/19	   2.108	   2.116	   2.099	   2.112	      142776320	      2.108	      2.074	      2.066	      2.084	           	      0.000	1427763.250	2885105.500	2527513.250	     -0.000	     -0.009	      0.019	
 2016/08/22	   2.112	   2.119	   2.072	   2.072	      181929200	      2.102	      2.077	      2.062	      2.085	           	      0.000	1819292.000	2130141.000	2493756.000	     -0.001	     -0.008	      0.014	
 2016/08/23	   2.073	   2.093	   2.058	   2.084	      217001056	      2.098	      2.079	      2.057	      2.087	           	      0.000	2170010.500	1971651.000	2476405.250	     -0.001	     -0.006	      0.011	
 2016/08/24	   2.084	   2.108	   2.082	   2.098	      255087072	      2.095	      2.085	      2.059	      2.089	           	      0.000	2550870.750	2005442.625	2462680.750	      0.001	     -0.005	      0.011	
 2016/08/25	   2.089	   2.089	   2.061	   2.088	      263616288	      2.091	      2.092	      2.061	      2.090	           	      0.000	2636163.000	2120820.000	2527311.000	      0.001	     -0.004	      0.009	
 2016/08/26	   2.091	   2.117	   2.087	   2.095	      200732960	      2.087	      2.098	      2.065	      2.090	           	      0.000	2007329.625	2236733.250	2560919.250	      0.002	     -0.003	      0.009	
 2016/08/29	   2.089	   2.116	   2.088	   2.101	      132536224	      2.093	      2.098	      2.069	      2.091	           	      0.000	1325362.250	2137947.250	2134044.000	      0.003	     -0.002	      0.009	
 2016/08/30	   2.103	   2.115	   2.097	   2.104	      128523896	      2.097	      2.097	      2.073	      2.090	           	      0.000	1285239.000	1960992.875	1966322.000	      0.004	     -0.000	      0.009	
 2016/08/31	   2.099	   2.104	   2.081	   2.099	      167285296	      2.097	      2.096	      2.077	      2.090	           	      0.000	1672853.000	1785389.375	1895416.000	      0.004	      0.000	      0.007	
 2016/09/01	   2.099	   2.107	   2.084	   2.084	      153777296	      2.097	      2.094	      2.079	      2.090	           	      0.000	1537773.000	1565711.375	1843265.625	      0.003	      0.001	      0.004	
 2016/09/02	   2.079	   2.093	   2.068	   2.081	      125471120	      2.094	      2.091	      2.082	      2.090	           	      0.000	1254711.250	1415187.750	1825960.500	      0.002	      0.001	      0.002	
 2016/09/05	   2.081	   2.105	   2.081	   2.088	      142201056	      2.091	      2.092	      2.085	      2.092	           	      0.000	1422010.500	1434517.375	1786232.250	      0.002	      0.001	      0.001	
 2016/09/06	   2.086	   2.133	   2.069	   2.128	      297089760	      2.096	      2.097	      2.088	      2.095	           	      0.000	2970897.500	1771649.000	1866321.000	      0.005	      0.002	      0.006	
 2016/09/07	   2.126	   2.135	   2.109	   2.114	      312435264	      2.099	      2.098	      2.091	      2.096	           	      0.000	3124352.750	2061949.000	1923669.250	      0.006	      0.003	      0.006	
 2016/09/08	   2.115	   2.128	   2.112	   2.128	      123286400	      2.108	      2.102	      2.097	      2.098	           	      0.000	1232864.000	2000967.250	1783339.250	      0.008	      0.004	      0.008	
 2016/09/09	   2.127	   2.131	   2.107	   2.109	      115294192	      2.113	      2.104	      2.101	      2.099	           	      0.000	1152941.875	1980613.375	1697900.500	      0.008	      0.005	      0.006	
 2016/09/12	   2.075	   2.087	   2.054	   2.060	      353016576	      2.108	      2.099	      2.099	      2.100	           	      0.000	3530165.750	2402244.500	1918380.875	      0.004	      0.005	     -0.001	
 2016/09/13	   2.066	   2.072	   2.050	   2.055	      156222864	      2.093	      2.095	      2.096	      2.100	           	      0.000	1562228.625	2120510.500	1946079.875	      0.000	      0.004	     -0.007	
 2016/09/14	   2.046	   2.065	   2.040	   2.051	      132687048	      2.081	      2.090	      2.093	      2.100	           	      0.000	1326870.500	1761014.125	1911481.625	     -0.003	      0.002	     -0.011	
 2016/09/19	   2.054	   2.083	   2.054	   2.072	      117523776	      2.069	      2.089	      2.091	      2.101	           	      0.000	1175237.750	1749488.875	1875228.000	     -0.004	      0.001	     -0.010	
 2016/09/20	   2.070	   2.075	   2.062	   2.066	       74112920	      2.061	      2.087	      2.089	      2.101	           	      0.000	 741129.188	1667126.375	1823869.875	     -0.005	     -0.000	     -0.009	
 2016/09/21	   2.068	   2.080	   2.063	   2.068	       71891360	      2.062	      2.085	      2.089	      2.100	           	      0.000	 718913.625	1104876.000	1753560.125	     -0.005	     -0.001	     -0.008	
 2016/09/22	   2.080	   2.085	   2.070	   2.072	       91252240	      2.066	      2.079	      2.088	      2.099	           	      0.000	 912522.375	 974934.688	1547722.625	     -0.005	     -0.002	     -0.007	
 2016/09/23	   2.076	   2.078	   2.065	   2.065	       64953540	      2.069	      2.075	      2.086	      2.099	           	      0.000	 649535.375	 839467.688	1300240.875	     -0.006	     -0.003	     -0.006	
 2016/09/26	   2.061	   2.070	   2.029	   2.032	      141423936	      2.061	      2.065	      2.084	      2.097	           	      0.000	1414239.375	 887268.000	1318378.500	     -0.009	     -0.004	     -0.010	
 2016/09/27	   2.031	   2.051	   2.025	   2.049	      185472992	      2.057	      2.059	      2.081	      2.096	           	      0.000	1854729.875	1109988.125	1388557.250	     -0.010	     -0.005	     -0.009	
 2016/09/28	   2.052	   2.053	   2.040	   2.050	      115193800	      2.054	      2.058	      2.079	      2.094	           	      0.000	1151938.000	1196593.000	1150734.500	     -0.010	     -0.006	     -0.008	
 2016/09/29	   2.052	   2.065	   2.049	   2.058	       77650416	      2.051	      2.058	      2.076	      2.093	           	      0.000	 776504.188	1169389.375	1072162.000	     -0.010	     -0.007	     -0.006	
 2016/09/30	   2.057	   2.063	   2.054	   2.062	       51211044	      2.050	      2.059	      2.075	      2.091	           	      0.000	 512110.438	1141904.375	 990686.000	     -0.009	     -0.007	     -0.004	
 2016/10/10	   2.071	   2.120	   2.068	   2.119	      176030592	      2.068	      2.064	      2.076	      2.091	           	      0.000	1760305.875	1211117.625	1049192.875	     -0.004	     -0.007	      0.005	
 2016/10/11	   2.119	   2.119	   2.106	   2.118	      103759048	      2.081	      2.069	      2.078	      2.090	           	      0.000	1037590.500	1047689.813	1078839.000	     -0.000	     -0.005	      0.011	
 2016/10/12	   2.111	   2.125	   2.108	   2.116	       89365592	      2.095	      2.074	      2.080	      2.090	           	      0.000	 893655.938	 996033.375	1096313.250	      0.003	     -0.004	      0.013	
 2016/10/13	   2.117	   2.122	   2.107	   2.113	      110935384	      2.106	      2.078	      2.079	      2.089	           	      0.000	1109353.875	1062603.375	1115996.375	      0.005	     -0.002	      0.014	
 2016/10/14	   2.114	   2.114	   2.088	   2.104	       89425800	      2.114	      2.082	      2.078	      2.088	           	      0.000	 894258.000	1139032.875	1140468.625	      0.006	     -0.000	      0.013	
 2016/10/17	   2.104	   2.106	   2.068	   2.079	      117462976	      2.106	      2.087	      2.076	      2.086	           	      0.000	1174629.750	1021897.625	1116507.625	      0.004	      0.001	      0.008	
 2016/10/18	   2.078	   2.108	   2.076	   2.107	      153436608	      2.104	      2.093	      2.076	      2.085	           	      0.000	1534366.125	1121252.750	1084471.250	      0.006	      0.002	      0.008	
 2016/10/19	   2.107	   2.108	   2.089	   2.092	      105878832	      2.099	      2.097	      2.077	      2.084	           	      0.000	1058788.375	1154279.250	1075156.250	      0.005	      0.002	      0.006	
 2016/10/20	   2.093	   2.107	   2.092	   2.101	       78952376	      2.097	      2.101	      2.080	      2.083	           	      0.000	 789523.750	1090313.250	1076458.250	      0.006	      0.003	      0.005	
 2016/10/21	   2.102	   2.110	   2.079	   2.090	      101366352	      2.094	      2.104	      2.082	      2.082	           	      0.000	1013663.500	1114194.250	1126613.625	      0.005	      0.003	      0.003	
 2016/10/24	   2.090	   2.116	   2.086	   2.109	      220241776	      2.100	      2.103	      2.083	      2.081	           	      0.000	2202417.750	1319751.875	1170824.750	      0.006	      0.004	      0.004	
 2016/10/25	   2.111	   2.117	   2.104	   2.109	      103745088	      2.100	      2.102	      2.086	      2.080	           	      0.000	1037450.875	1220368.875	1170810.750	      0.006	      0.004	      0.004	
 2016/10/26	   2.106	   2.112	   2.088	   2.094	      115214872	      2.101	      2.100	      2.087	      2.079	           	      0.000	1152148.750	1239040.875	1196660.125	      0.006	      0.005	      0.002	
 2016/10/27	   2.092	   2.095	   2.081	   2.092	       66624880	      2.099	      2.098	      2.088	      2.078	           	      0.000	 666248.813	1214386.000	1152349.625	      0.005	      0.005	      0.000	
 2016/10/28	   2.090	   2.105	   2.071	   2.071	      148941824	      2.095	      2.094	      2.088	      2.078	           	      0.000	1489418.250	1309536.875	1211865.625	      0.003	      0.004	     -0.003	
 2016/10/31	   2.070	   2.074	   2.057	   2.071	      123852336	      2.087	      2.094	      2.090	      2.078	           	      0.000	1238523.375	1116758.000	1218255.000	      0.001	      0.004	     -0.006	
 2016/11/01	   2.071	   2.087	   2.069	   2.082	      134030832	      2.082	      2.091	      2.092	      2.079	           	      0.000	1340308.375	1177329.500	1198849.125	      0.000	      0.003	     -0.006	
 2016/11/02	   2.079	   2.081	   2.053	   2.054	      133670192	      2.074	      2.087	      2.092	      2.080	           	      0.000	1336701.875	1214240.125	1226640.500	     -0.003	      0.002	     -0.009	
 2016/11/03	   2.045	   2.076	   2.045	   2.062	      210573760	      2.068	      2.083	      2.092	      2.081	           	      0.000	2105737.500	1502137.875	1358261.875	     -0.004	      0.001	     -0.009	
 2016/11/04	   2.059	   2.080	   2.050	   2.056	      168728784	      2.065	      2.080	      2.092	      2.081	           	      0.000	1687287.875	1541711.750	1425624.375	     -0.006	     -0.001	     -0.010	
 2016/11/07	   2.054	   2.057	   2.038	   2.043	      110871704	      2.059	      2.073	      2.088	      2.081	           	      0.000	1108717.000	1515750.500	1316254.250	     -0.008	     -0.002	     -0.012	
 2016/11/08	   2.048	   2.068	   2.046	   2.063	      159279104	      2.056	      2.069	      2.085	      2.082	           	      0.000	1592791.000	1566247.000	1371788.250	     -0.008	     -0.003	     -0.009	
 2016/11/09	   2.062	   2.066	   2.012	   2.032	      181459856	      2.051	      2.063	      2.081	      2.082	           	      0.000	1814598.500	1661826.375	1438033.250	     -0.010	     -0.005	     -0.011	
 2016/11/10	   2.052	   2.062	   2.051	   2.053	      172397424	      2.049	      2.059	      2.078	      2.082	           	      0.000	1723974.250	1585473.750	1543805.750	     -0.010	     -0.006	     -0.009	
 2016/11/11	   2.051	   2.062	   2.037	   2.060	      168673808	      2.050	      2.058	      2.076	      2.082	           	      0.000	1686738.125	1585363.750	1563537.750	     -0.010	     -0.007	     -0.006	
 2016/11/14	   2.057	   2.087	   2.057	   2.070	      213528896	      2.056	      2.057	      2.076	      2.083	           	      0.000	2135289.000	1790678.125	1653214.375	     -0.008	     -0.007	     -0.003	
 2016/11/15	   2.070	   2.089	   2.061	   2.089	      203741200	      2.061	      2.058	      2.075	      2.084	           	      0.000	2037412.000	1879602.375	1722924.750	     -0.006	     -0.007	      0.002	
 2016/11/16	   2.096	   2.118	   2.090	   2.091	      266278096	      2.073	      2.062	      2.075	      2.083	           	      0.000	2662781.000	2049238.875	1855532.625	     -0.003	     -0.006	      0.005	
 2016/11/17	   2.085	   2.085	   2.067	   2.074	      123415552	      2.077	      2.063	      2.073	      2.083	           	      0.000	1234155.500	1951275.125	1768374.375	     -0.003	     -0.005	      0.005	
 2016/11/18	   2.074	   2.081	   2.065	   2.070	       86281992	      2.079	      2.064	      2.072	      2.082	           	      0.000	 862819.938	1786491.500	1685927.625	     -0.003	     -0.005	      0.004	
 2016/11/21	   2.065	   2.075	   2.056	   2.061	      114539816	      2.077	      2.066	      2.070	      2.082	           	      0.000	1145398.125	1588513.250	1689595.750	     -0.003	     -0.005	      0.002	
 2016/11/22	   2.064	   2.086	   2.059	   2.086	      215068864	      2.076	      2.069	      2.069	      2.081	           	      0.000	2150688.750	1611168.625	1745385.500	     -0.002	     -0.004	      0.004	
 2016/11/23	   2.090	   2.100	   2.073	   2.075	      243643760	      2.073	      2.073	      2.068	      2.081	           	      0.000	2436437.500	1565900.000	1807569.375	     -0.001	     -0.004	      0.004	
 2016/11/24	   2.067	   2.080	   2.054	   2.054	      155916592	      2.069	      2.073	      2.066	      2.081	           	      0.000	1559165.875	1630902.000	1791088.625	     -0.003	     -0.003	      0.001	
 2016/11/25	   2.052	   2.078	   2.030	   2.076	      205885664	      2.070	      2.075	      2.066	      2.080	           	      0.000	2058856.625	1870109.375	1828300.375	     -0.002	     -0.003	      0.002	
 2016/11/28	   2.079	   2.086	   2.067	   2.071	      160587040	      2.072	      2.075	      2.066	      2.080	           	      0.000	1605870.375	1962203.875	1775358.625	     -0.002	     -0.003	      0.002	
 2016/11/29	   2.068	   2.086	   2.064	   2.073	      205993760	      2.070	      2.073	      2.066	      2.080	           	      0.000	2059937.625	1944053.625	1777611.125	     -0.002	     -0.003	      0.002	
 2016/11/30	   2.068	   2.110	   2.063	   2.092	      304228704	      2.073	      2.073	      2.068	      2.079	           	      0.000	3042287.000	2065223.500	1815561.750	      0.000	     -0.002	      0.005	
 2016/12/01	   2.090	   2.097	   2.083	   2.089	      133825056	      2.080	      2.075	      2.069	      2.079	           	      0.000	1338250.500	2021040.375	1825971.250	      0.001	     -0.001	      0.005	
 2016/12/02	   2.087	   2.096	   2.055	   2.055	      222767664	      2.076	      2.073	      2.069	      2.078	           	      0.000	2227676.750	2054804.500	1962456.875	     -0.000	     -0.001	      0.001	
 2016/12/05	   2.045	   2.071	   2.038	   2.055	      191026864	      2.073	      2.073	      2.069	      2.078	           	      0.000	1910268.625	2115684.000	2038944.000	     -0.002	     -0.001	     -0.001	
 2016/12/06	   2.058	   2.066	   2.033	   2.036	      166237408	      2.065	      2.068	      2.068	      2.077	           	      0.000	1662374.125	2036171.375	1990112.500	     -0.004	     -0.002	     -0.005	
 2016/12/07	   2.040	   2.045	   2.025	   2.044	      104324336	      2.056	      2.065	      2.069	      2.076	           	      0.000	1043243.375	1636362.625	1850793.125	     -0.006	     -0.003	     -0.006	
 2016/12/08	   2.044	   2.045	   2.026	   2.028	      108834992	      2.044	      2.062	      2.067	      2.075	           	      0.000	1088349.875	1586382.500	1803711.500	     -0.008	     -0.004	     -0.009	
 2016/12/09	   2.025	   2.029	   2.011	   2.013	      147766864	      2.035	      2.056	      2.065	      2.073	           	      0.000	1477668.625	1436380.875	1745592.750	     -0.011	     -0.005	     -0.011	
 2016/12/12	   2.010	   2.011	   1.895	   1.902	      358086720	      2.005	      2.039	      2.057	      2.069	           	      0.000	3580867.250	1770500.625	1943092.375	     -0.022	     -0.009	     -0.027	
 2016/12/13	   1.900	   1.911	   1.879	   1.900	      256592096	      1.977	      2.021	      2.047	      2.066	           	      0.000	2565921.000	1951210.000	1993690.750	     -0.031	     -0.013	     -0.035	
 2016/12/14	   1.898	   1.905	   1.873	   1.880	      145580192	      1.945	      2.000	      2.037	      2.063	           	      0.000	1455801.875	2033721.750	1835042.250	     -0.038	     -0.018	     -0.041	
 2016/12/15	   1.877	   1.908	   1.873	   1.893	      155387856	      1.918	      1.981	      2.028	      2.060	           	      0.000	1553878.500	2126827.500	1856605.000	     -0.043	     -0.023	     -0.040	
 2016/12/16	   1.888	   1.922	   1.886	   1.908	      154420528	      1.897	      1.966	      2.020	      2.058	           	      0.000	1544205.250	2140134.750	1788257.875	     -0.045	     -0.028	     -0.035	
 2016/12/19	   1.907	   1.909	   1.891	   1.896	       57697632	      1.895	      1.950	      2.011	      2.055	           	      0.000	 576976.313	1539356.625	1654928.625	     -0.047	     -0.031	     -0.032	
 2016/12/20	   1.897	   1.906	   1.890	   1.897	       96609936	      1.895	      1.936	      2.002	      2.052	           	      0.000	 966099.375	1219392.250	1585301.125	     -0.048	     -0.035	     -0.027	
 2016/12/21	   1.899	   1.912	   1.897	   1.904	       87211512	      1.900	      1.922	      1.993	      2.049	           	      0.000	 872115.125	1102654.875	1568188.375	     -0.048	     -0.037	     -0.021	
 2016/12/22	   1.903	   1.904	   1.889	   1.897	       53397472	      1.900	      1.909	      1.985	      2.046	           	      0.000	 533974.750	 898674.188	1512750.750	     -0.048	     -0.039	     -0.016	
 2016/12/23	   1.893	   1.903	   1.874	   1.874	       67552328	      1.894	      1.895	      1.975	      2.043	           	      0.000	 675523.250	 724937.750	1432536.250	     -0.049	     -0.041	     -0.015	
 2016/12/26	   1.869	   1.887	   1.848	   1.886	       93858600	      1.892	      1.893	      1.966	      2.041	           	      0.000	 938586.000	 797259.688	1168308.125	     -0.048	     -0.043	     -0.011	
 2016/12/27	   1.883	   1.892	   1.879	   1.881	       70009472	      1.888	      1.892	      1.957	      2.038	           	      0.000	 700094.750	 744058.750	 981725.500	     -0.047	     -0.044	     -0.008	
 2016/12/28	   1.879	   1.884	   1.861	   1.870	       59814312	      1.882	      1.891	      1.945	      2.035	           	      0.000	 598143.125	 689264.375	 895959.625	     -0.047	     -0.044	     -0.006	
 2016/12/29	   1.869	   1.887	   1.866	   1.876	       59737740	      1.877	      1.889	      1.935	      2.032	           	      0.000	 597377.375	 701944.875	 800309.500	     -0.046	     -0.045	     -0.003	
 2016/12/30	   1.878	   1.885	   1.871	   1.881	      120816480	      1.879	      1.886	      1.926	      2.029	           	      0.000	1208164.750	 808473.188	 766705.500	     -0.044	     -0.045	      0.001	
 2017/01/03	   1.882	   1.890	   1.876	   1.881	       56914196	      1.878	      1.885	      1.917	      2.025	           	      0.000	 569141.938	 734584.375	 765922.063	     -0.042	     -0.044	      0.004	
 2017/01/04	   1.882	   1.909	   1.876	   1.907	      126843336	      1.883	      1.886	      1.911	      2.021	           	      0.000	1268433.375	 848252.125	 796155.438	     -0.038	     -0.043	      0.009	
 2017/01/05	   1.904	   1.908	   1.897	   1.901	       80878520	      1.889	      1.885	      1.904	      2.018	           	      0.000	 808785.188	 890380.500	 789822.438	     -0.035	     -0.041	      0.013	
 2017/01/06	   1.897	   1.897	   1.880	   1.886	       63727268	      1.891	      1.884	      1.897	      2.014	           	      0.000	 637272.688	 898359.563	 800152.250	     -0.033	     -0.040	      0.013	
 2017/01/09	   1.883	   1.889	   1.869	   1.878	       45554568	      1.891	      1.885	      1.890	      2.010	           	      0.000	 455545.688	 747835.750	 778154.500	     -0.032	     -0.038	      0.012	
 2017/01/10	   1.877	   1.885	   1.868	   1.869	       63724464	      1.888	      1.883	      1.888	      2.007	           	      0.000	 637244.625	 761456.313	 748020.375	     -0.032	     -0.037	      0.010	
 2017/01/11	   1.863	   1.877	   1.853	   1.857	       97710512	      1.878	      1.881	      1.886	      2.003	           	      0.000	 977105.125	 703190.688	 775721.375	     -0.032	     -0.036	      0.008	
 2017/01/12	   1.851	   1.867	   1.849	   1.849	      106476704	      1.868	      1.878	      1.885	      1.999	           	      0.000	1064767.000	 754387.000	 822383.750	     -0.032	     -0.035	      0.006	
 2017/01/13	   1.849	   1.854	   1.816	   1.820	      110122288	      1.855	      1.873	      1.881	      1.994	           	      0.000	1101222.875	 847177.063	 872768.313	     -0.035	     -0.035	      0.001	
 2017/01/16	   1.820	   1.820	   1.711	   1.756	      257160032	      1.830	      1.860	      1.873	      1.988	           	      0.000	2571600.250	1270388.000	1009111.875	     -0.041	     -0.036	     -0.010	
 2017/01/17	   1.748	   1.797	   1.730	   1.787	      290781632	      1.814	      1.851	      1.868	      1.983	           	      0.000	2907816.250	1724502.250	1242979.250	     -0.043	     -0.038	     -0.011	
 2017/01/18	   1.780	   1.785	   1.763	   1.767	      150593024	      1.796	      1.837	      1.861	      1.977	           	      0.000	1505930.250	1830267.375	1266729.000	     -0.046	     -0.039	     -0.013	
 2017/01/19	   1.765	   1.775	   1.756	   1.768	      116728824	      1.780	      1.824	      1.855	      1.972	           	      0.000	1167288.250	1850771.625	1302579.250	     -0.048	     -0.041	     -0.013	
 2017/01/20	   1.762	   1.813	   1.762	   1.801	      182148096	      1.776	      1.815	      1.850	      1.967	           	      0.000	1821481.000	1994823.250	1421000.125	     -0.046	     -0.042	     -0.008	
 2017/01/23	   1.798	   1.818	   1.797	   1.807	       62670424	      1.786	      1.808	      1.846	      1.963	           	      0.000	 626704.250	1605844.000	1438116.000	     -0.043	     -0.042	     -0.002	
 2017/01/24	   1.807	   1.807	   1.780	   1.786	       70805944	      1.786	      1.800	      1.841	      1.958	           	      0.000	 708059.438	1165892.625	1445197.500	     -0.043	     -0.042	     -0.000	
 2017/01/25	   1.780	   1.798	   1.777	   1.794	       47382556	      1.791	      1.793	      1.837	      1.953	           	      0.000	 473825.563	 959471.688	1394869.500	     -0.041	     -0.042	      0.003	
 2017/01/26	   1.794	   1.810	   1.794	   1.804	       43082576	      1.798	      1.789	      1.834	      1.949	           	      0.000	 430825.750	 812179.188	1331475.375	     -0.038	     -0.041	      0.006	
 2017/02/03	   1.806	   1.809	   1.794	   1.802	       41205100	      1.799	      1.787	      1.830	      1.945	           	      0.000	 412051.000	 530293.188	1262558.250	     -0.036	     -0.040	      0.009	
 2017/02/06	   1.799	   1.825	   1.796	   1.820	       92886432	      1.801	      1.794	      1.827	      1.941	           	      0.000	 928864.313	 590725.188	1098284.625	     -0.032	     -0.039	      0.013	
 2017/02/07	   1.816	   1.822	   1.803	   1.807	       71348800	      1.805	      1.796	      1.823	      1.937	           	      0.000	 713488.000	 591810.938	 878851.750	     -0.030	     -0.037	      0.014	
 2017/02/08	   1.806	   1.825	   1.803	   1.822	       91902024	      1.811	      1.801	      1.819	      1.933	           	      0.000	 919020.250	 680849.875	 820160.750	     -0.027	     -0.035	      0.016	
 2017/02/09	   1.822	   1.840	   1.821	   1.833	      104992528	      1.817	      1.808	      1.816	      1.929	           	      0.000	1049925.250	 804669.750	 808424.500	     -0.023	     -0.032	      0.019	
 2017/02/10	   1.833	   1.835	   1.821	   1.824	       70252584	      1.821	      1.810	      1.813	      1.926	           	      0.000	 702525.813	 862764.750	 696528.938	     -0.020	     -0.030	      0.019	
 2017/02/13	   1.820	   1.842	   1.815	   1.833	       93869440	      1.824	      1.813	      1.810	      1.922	           	      0.000	 938694.375	 864730.750	 727728.000	     -0.018	     -0.028	      0.020	
 2017/02/14	   1.831	   1.839	   1.826	   1.827	       89703208	      1.828	      1.817	      1.808	      1.918	           	      0.000	 897032.063	 901439.563	 746625.250	     -0.016	     -0.025	      0.019	
 2017/02/15	   1.828	   1.842	   1.810	   1.812	       65994848	      1.826	      1.818	      1.806	      1.913	           	      0.000	 659948.500	 849625.188	 765237.500	     -0.015	     -0.023	      0.016	
 2017/02/16	   1.808	   1.822	   1.807	   1.817	       67677888	      1.823	      1.820	      1.804	      1.909	           	      0.000	 676778.875	 774995.938	 789832.875	     -0.014	     -0.021	      0.015	
 2017/02/17	   1.817	   1.826	   1.800	   1.801	       84723016	      1.818	      1.820	      1.803	      1.904	           	      0.000	 847230.188	 803936.813	 833350.750	     -0.014	     -0.020	      0.011	
 2017/02/20	   1.804	   1.817	   1.798	   1.817	       98991400	      1.815	      1.819	      1.806	      1.900	           	      0.000	 989914.000	 814180.750	 839455.750	     -0.013	     -0.019	      0.011	
 2017/02/21	   1.817	   1.845	   1.815	   1.842	      115299296	      1.818	      1.823	      1.809	      1.896	           	      0.000	1152993.000	 865372.938	 883406.250	     -0.010	     -0.017	      0.014	
 2017/02/22	   1.844	   1.845	   1.830	   1.838	      102132704	      1.823	      1.824	      1.813	      1.892	           	      0.000	1021327.063	 937648.625	 893636.938	     -0.008	     -0.015	      0.014	
 2017/02/23	   1.838	   1.848	   1.825	   1.848	      111345008	      1.829	      1.826	      1.817	      1.888	           	      0.000	1113450.125	1024982.875	 899989.375	     -0.005	     -0.013	      0.016	
 2017/02/24	   1.846	   1.859	   1.841	   1.859	      104411288	      1.841	      1.829	      1.820	      1.885	           	      0.000	1044112.875	1064359.375	 934148.125	     -0.002	     -0.011	      0.017	
 2017/02/27	   1.859	   1.864	   1.841	   1.847	       87968224	      1.847	      1.831	      1.822	      1.881	           	      0.000	 879682.250	1042313.063	 928246.875	     -0.001	     -0.009	      0.016	
 2017/02/28	   1.847	   1.850	   1.836	   1.846	       86510208	      1.848	      1.833	      1.825	      1.877	           	      0.000	 865102.063	 984734.875	 925053.875	      0.000	     -0.007	      0.015	
 2017/03/01	   1.842	   1.860	   1.842	   1.850	       87185728	      1.850	      1.837	      1.827	      1.874	           	      0.000	 871857.250	 954840.938	 946244.750	      0.001	     -0.006	      0.013	
 2017/03/02	   1.851	   1.856	   1.840	   1.841	       54704268	      1.849	      1.839	      1.829	      1.869	           	      0.000	 547042.688	 841559.438	 933271.125	      0.001	     -0.004	      0.011	
 2017/03/03	   1.836	   1.852	   1.829	   1.849	       73707528	      1.847	      1.844	      1.832	      1.865	           	      0.000	 737075.250	 780151.875	 922255.625	      0.002	     -0.003	      0.010	
 2017/03/06	   1.848	   1.884	   1.847	   1.883	      146407136	      1.854	      1.850	      1.835	      1.863	           	      0.000	1464071.375	 897029.750	 969671.375	      0.005	     -0.001	      0.013	
 2017/03/07	   1.885	   1.896	   1.875	   1.895	      108800896	      1.864	      1.856	      1.839	      1.860	           	      0.000	1088009.000	 941611.125	 963173.000	      0.009	      0.001	      0.016	
 2017/03/08	   1.895	   1.895	   1.879	   1.884	       77968272	      1.870	      1.860	      1.842	      1.857	           	      0.000	 779682.750	 923176.188	 939008.563	      0.011	      0.003	      0.016	
 2017/03/09	   1.877	   1.881	   1.867	   1.869	       84952696	      1.876	      1.862	      1.844	      1.855	           	      0.000	 849526.938	 983673.063	 912616.250	      0.011	      0.004	      0.013	
 2017/03/10	   1.868	   1.876	   1.863	   1.868	       59048160	      1.880	      1.863	      1.846	      1.852	           	      0.000	 590481.625	 954354.313	 867253.125	      0.010	      0.006	      0.010	
 2017/03/13	   1.864	   1.890	   1.857	   1.890	      121581648	      1.881	      1.867	      1.849	      1.850	           	      0.000	1215816.500	 904703.375	 900866.563	      0.012	      0.007	      0.010	
 2017/03/14	   1.888	   1.888	   1.868	   1.875	      112481168	      1.877	      1.870	      1.852	      1.849	           	      0.000	1124811.625	 912063.875	 926837.500	      0.012	      0.008	      0.008	
 2017/03/15	   1.871	   1.882	   1.863	   1.876	       77193224	      1.876	      1.873	      1.855	      1.849	           	      0.000	 771932.250	 910513.813	 916845.000	      0.012	      0.009	      0.006	
 2017/03/16	   1.875	   1.886	   1.875	   1.882	       72198688	      1.878	      1.877	      1.858	      1.849	           	      0.000	 721986.875	 885005.750	 934339.438	      0.012	      0.009	      0.005	
 2017/03/17	   1.883	   1.900	   1.862	   1.862	      111707368	      1.877	      1.878	      1.861	      1.848	           	      0.000	1117073.625	 990324.188	 972339.250	      0.010	      0.009	      0.002	
 2017/03/20	   1.863	   1.871	   1.856	   1.870	       89270832	      1.873	      1.877	      1.864	      1.848	           	      0.000	 892708.313	 925702.563	 915202.938	      0.010	      0.009	      0.000	
 2017/03/21	   1.869	   1.879	   1.866	   1.879	       51569948	      1.874	      1.875	      1.866	      1.848	           	      0.000	 515699.469	 803880.125	 857972.000	      0.010	      0.009	      0.000	
 2017/03/22	   1.870	   1.879	   1.858	   1.864	      152980384	      1.871	      1.873	      1.867	      1.847	           	      0.000	1529803.875	 955454.438	 932984.125	      0.008	      0.009	     -0.002	
 2017/03/23	   1.866	   1.879	   1.850	   1.865	      173110592	      1.868	      1.873	      1.868	      1.846	           	      0.000	1731105.875	1157278.250	1021142.000	      0.007	      0.009	     -0.003	
 2017/03/24	   1.865	   1.884	   1.863	   1.882	       72559720	      1.872	      1.875	      1.869	      1.846	           	      0.000	 725597.188	1078983.000	1034653.563	      0.008	      0.009	     -0.002	
 2017/03/27	   1.878	   1.885	   1.863	   1.864	       66547808	      1.871	      1.872	      1.870	      1.846	           	      0.000	 665478.063	1033536.875	 979619.688	      0.007	      0.008	     -0.003	
 2017/03/28	   1.863	   1.871	   1.859	   1.863	       41869668	      1.868	      1.871	      1.871	      1.846	           	      0.000	 418696.688	1014136.313	 909008.250	      0.006	      0.008	     -0.004	
 2017/03/29	   1.865	   1.869	   1.844	   1.845	      100764296	      1.864	      1.868	      1.870	      1.845	           	      0.000	1007642.938	 909704.125	 932579.313	      0.003	      0.007	     -0.007	
 2017/03/30	   1.841	   1.845	   1.811	   1.813	      147410240	      1.853	      1.861	      1.869	      1.844	           	      0.000	1474102.375	 858303.438	1007790.813	     -0.001	      0.005	     -0.013	
 2017/03/31	   1.814	   1.827	   1.814	   1.826	       90151088	      1.842	      1.857	      1.868	      1.843	           	      0.000	 901510.875	 893486.188	 986234.563	     -0.004	      0.003	     -0.014	
 2017/04/05	   1.831	   1.861	   1.831	   1.861	       66562772	      1.842	      1.856	      1.867	      1.843	           	      0.000	 665627.750	 893516.125	 963526.500	     -0.003	      0.002	     -0.010	
 2017/04/06	   1.863	   1.869	   1.855	   1.859	       50145608	      1.841	      1.854	      1.865	      1.842	           	      0.000	 501456.094	 910068.000	 962102.188	     -0.002	      0.001	     -0.007	
 2017/04/07	   1.859	   1.871	   1.852	   1.865	       54122396	      1.845	      1.854	      1.864	      1.842	           	      0.000	 541223.938	 816784.188	 863244.188	     -0.001	      0.001	     -0.004	
 2017/04/10	   1.865	   1.865	   1.828	   1.832	       47698500	      1.849	      1.851	      1.862	      1.841	           	      0.000	 476985.000	 617360.750	 737832.063	     -0.003	      0.000	     -0.006	
 2017/04/11	   1.829	   1.840	   1.810	   1.836	      112788312	      1.851	      1.846	      1.860	      1.840	           	      0.000	1127883.125	 662635.188	 778060.688	     -0.004	     -0.001	     -0.007	
 2017/04/12	   1.832	   1.834	   1.815	   1.819	       57701852	      1.842	      1.842	      1.857	      1.839	           	      0.000	 577018.500	 644913.313	 769214.750	     -0.006	     -0.002	     -0.009	
 2017/04/13	   1.819	   1.840	   1.814	   1.835	       68769248	      1.837	      1.839	      1.855	      1.838	           	      0.000	 687692.500	 682160.625	 796114.313	     -0.006	     -0.003	     -0.008	
 2017/04/14	   1.829	   1.834	   1.808	   1.810	       86270928	      1.826	      1.836	      1.852	      1.837	           	      0.000	 862709.250	 746457.688	 781620.938	     -0.009	     -0.004	     -0.010	
 2017/04/17	   1.806	   1.809	   1.785	   1.790	      129957832	      1.818	      1.833	      1.847	      1.836	           	      0.000	1299578.375	 910976.375	 764168.563	     -0.012	     -0.005	     -0.013	
 2017/04/18	   1.790	   1.799	   1.770	   1.772	       83239552	      1.805	      1.828	      1.842	      1.836	           	      0.000	 832395.500	 851878.813	 757257.000	     -0.016	     -0.008	     -0.016	
 2017/04/19	   1.767	   1.770	   1.738	   1.763	      150086688	      1.794	      1.818	      1.837	      1.836	           	      0.000	1500866.875	1036648.500	 840780.938	     -0.019	     -0.010	     -0.019	
 2017/04/20	   1.765	   1.778	   1.758	   1.770	      100361088	      1.781	      1.809	      1.832	      1.835	           	      0.000	1003610.875	1099832.125	 890996.375	     -0.021	     -0.012	     -0.018	
 2017/04/21	   1.770	   1.784	   1.756	   1.761	       88033152	      1.771	      1.799	      1.827	      1.835	           	      0.000	 880331.500	1103356.625	 924907.125	     -0.023	     -0.014	     -0.018	
 2017/04/24	   1.759	   1.759	   1.723	   1.737	      132422888	      1.761	      1.789	      1.820	      1.835	           	      0.000	1324228.875	1108286.750	1009631.563	     -0.027	     -0.017	     -0.019	
 2017/04/25	   1.736	   1.755	   1.732	   1.742	       79240464	      1.755	      1.780	      1.813	      1.834	           	      0.000	 792404.625	1100288.500	 976083.688	     -0.028	     -0.019	     -0.018	
 2017/04/26	   1.740	   1.747	   1.734	   1.743	       36364320	      1.751	      1.772	      1.807	      1.833	           	      0.000	 363643.188	 872843.813	 954746.125	     -0.029	     -0.021	     -0.016	
 2017/04/27	   1.739	   1.774	   1.721	   1.764	      150260400	      1.749	      1.765	      1.802	      1.832	           	      0.000	1502604.000	 972642.438	1036237.313	     -0.028	     -0.023	     -0.011	
 2017/04/28	   1.760	   1.779	   1.758	   1.777	       86699216	      1.753	      1.762	      1.799	      1.832	           	      0.000	 866992.188	 969974.563	1036665.625	     -0.026	     -0.023	     -0.005	
 2017/05/02	   1.775	   1.778	   1.766	   1.773	       50128408	      1.760	      1.760	      1.797	      1.832	           	      0.000	 501284.094	 805385.625	 956836.188	     -0.024	     -0.023	     -0.001	
 2017/05/03	   1.767	   1.778	   1.755	   1.763	       51127880	      1.764	      1.759	      1.794	      1.831	           	      0.000	 511278.813	 749160.438	 924724.500	     -0.023	     -0.023	      0.000	
 2017/05/04	   1.761	   1.781	   1.753	   1.769	      108463728	      1.769	      1.760	      1.789	      1.830	           	      0.000	1084637.250	 893359.250	 883101.563	     -0.022	     -0.023	      0.002	
 2017/05/05	   1.760	   1.765	   1.743	   1.743	      155391104	      1.765	      1.757	      1.783	      1.829	           	      0.000	1553911.000	 903620.688	 938131.563	     -0.023	     -0.023	      0.001	
 2017/05/08	   1.735	   1.750	   1.715	   1.716	      172897824	      1.753	      1.753	      1.776	      1.827	           	      0.000	1728978.250	1076017.875	1022996.250	     -0.025	     -0.023	     -0.003	
 2017/05/09	   1.709	   1.730	   1.699	   1.726	      217147904	      1.743	      1.752	      1.770	      1.826	           	      0.000	2171479.000	1410056.875	1107721.250	     -0.026	     -0.024	     -0.004	
 2017/05/10	   1.725	   1.740	   1.699	   1.700	      239347728	      1.731	      1.747	      1.764	      1.823	           	      0.000	2393477.250	1786496.500	1267828.500	     -0.028	     -0.025	     -0.007	
 2017/05/11	   1.690	   1.698	   1.657	   1.696	      334857408	      1.716	      1.743	      1.758	      1.821	           	      0.000	3348574.000	2239284.000	1566321.625	     -0.030	     -0.026	     -0.009	
 2017/05/12	   1.692	   1.700	   1.677	   1.698	      163612976	      1.707	      1.736	      1.751	      1.819	           	      0.000	1636129.750	2255727.750	1579674.125	     -0.031	     -0.027	     -0.009	
 2017/05/15	   1.701	   1.713	   1.698	   1.704	       89594784	      1.705	      1.729	      1.745	      1.817	           	      0.000	 895947.813	2089121.500	1582569.750	     -0.031	     -0.028	     -0.007	
 2017/05/16	   1.698	   1.741	   1.690	   1.741	      179443008	      1.708	      1.726	      1.743	      1.816	           	      0.000	1794430.125	2013711.750	1711884.375	     -0.028	     -0.028	     -0.000	
 2017/05/17	   1.740	   1.759	   1.737	   1.743	      172884176	      1.716	      1.724	      1.741	      1.815	           	      0.000	1728841.750	1880784.750	1833640.625	     -0.025	     -0.027	      0.005	
 2017/05/18	   1.734	   1.752	   1.731	   1.738	      131522232	      1.725	      1.720	      1.740	      1.814	           	      0.000	1315222.375	1474114.375	1856699.125	     -0.022	     -0.026	      0.008	
 2017/05/19	   1.737	   1.739	   1.719	   1.725	       98246536	      1.730	      1.719	      1.738	      1.812	           	      0.000	 982465.375	1343381.500	1799554.625	     -0.021	     -0.025	      0.008	
 2017/05/22	   1.723	   1.738	   1.702	   1.711	      128838240	      1.732	      1.718	      1.735	      1.810	           	      0.000	1288382.375	1421868.375	1755495.000	     -0.021	     -0.024	      0.006	
 2017/05/23	   1.706	   1.714	   1.681	   1.681	      204940896	      1.720	      1.714	      1.733	      1.807	           	      0.000	2049409.000	1472864.125	1743288.000	     -0.024	     -0.024	      0.001	
 2017/05/24	   1.676	   1.703	   1.658	   1.703	      287080704	      1.712	      1.714	      1.731	      1.804	           	      0.000	2870807.000	1701257.250	1791021.000	     -0.023	     -0.024	      0.002	
 2017/05/25	   1.698	   1.713	   1.671	   1.703	      405808160	      1.705	      1.715	      1.729	      1.802	           	      0.000	4058081.500	2249829.000	1861971.750	     -0.023	     -0.024	      0.002	
 2017/05/26	   1.696	   1.705	   1.684	   1.689	      265576192	      1.697	      1.714	      1.725	      1.799	           	      0.000	2655762.000	2584488.500	1963934.875	     -0.023	     -0.024	      0.001	
 2017/05/31	   1.719	   1.719	   1.692	   1.692	      318902848	      1.694	      1.713	      1.721	      1.797	           	      0.000	3189028.500	2964617.500	2193243.000	     -0.023	     -0.024	      0.001	
 2017/06/01	   1.687	   1.688	   1.660	   1.661	      166342896	      1.690	      1.705	      1.715	      1.794	           	      0.000	1663429.000	2887421.500	2180143.000	     -0.025	     -0.024	     -0.003	
 2017/06/02	   1.652	   1.687	   1.643	   1.678	      350769408	      1.685	      1.698	      1.711	      1.791	           	      0.000	3507694.000	3014799.000	2358028.000	     -0.025	     -0.024	     -0.002	
 2017/06/05	   1.681	   1.699	   1.680	   1.689	      220706416	      1.682	      1.693	      1.707	      1.788	           	      0.000	2207064.250	2644595.500	2447212.250	     -0.024	     -0.024	      0.000	
 2017/06/06	   1.686	   1.702	   1.684	   1.692	      131403512	      1.682	      1.690	      1.704	      1.784	           	      0.000	1314035.125	2376250.250	2480369.250	     -0.023	     -0.024	      0.002	
 2017/06/07	   1.692	   1.733	   1.689	   1.730	      314669824	      1.690	      1.692	      1.705	      1.782	           	      0.000	3146698.250	2367784.000	2666200.750	     -0.018	     -0.023	      0.009	
 2017/06/08	   1.728	   1.733	   1.718	   1.722	      168923744	      1.702	      1.696	      1.705	      1.779	           	      0.000	1689237.500	2372945.750	2630183.750	     -0.015	     -0.021	      0.012	
 2017/06/09	   1.718	   1.726	   1.710	   1.725	      166267152	      1.712	      1.698	      1.706	      1.777	           	      0.000	1662671.500	2003941.375	2509370.250	     -0.012	     -0.019	      0.014	
 2017/06/12	   1.715	   1.718	   1.700	   1.702	      160871952	      1.714	      1.698	      1.706	      1.774	           	      0.000	1608719.500	1884272.375	2264434.000	     -0.012	     -0.018	      0.012	
 2017/06/13	   1.702	   1.728	   1.699	   1.723	      218076160	      1.720	      1.701	      1.708	      1.771	           	      0.000	2180761.500	2057617.625	2216934.000	     -0.010	     -0.016	      0.013	
 2017/06/14	   1.721	   1.726	   1.713	   1.720	      133308016	      1.718	      1.704	      1.708	      1.768	           	      0.000	1333080.125	1694894.000	2031339.125	     -0.008	     -0.015	      0.013	
 2017/06/15	   1.719	   1.753	   1.717	   1.744	      335244672	      1.723	      1.712	      1.709	      1.766	           	      0.000	3352446.750	2027535.875	2200240.750	     -0.005	     -0.013	      0.016	
 2017/06/16	   1.744	   1.747	   1.736	   1.739	      131849456	      1.726	      1.719	      1.708	      1.764	           	      0.000	1318494.500	1958700.500	1981320.875	     -0.003	     -0.011	      0.016	
 2017/06/19	   1.737	   1.747	   1.736	   1.746	      113784168	      1.734	      1.724	      1.709	      1.762	           	      0.000	1137841.625	1864524.875	1874398.625	     -0.000	     -0.009	      0.017	
 2017/06/20	   1.747	   1.763	   1.745	   1.748	      181570176	      1.739	      1.730	      1.710	      1.760	           	      0.000	1815701.750	1791513.000	1924565.250	      0.002	     -0.007	      0.016	
 2017/06/21	   1.756	   1.758	   1.737	   1.753	      111186000	      1.746	      1.732	      1.712	      1.758	           	      0.000	1111860.000	1747268.875	1721081.500	      0.004	     -0.005	      0.016	
 2017/06/22	   1.752	   1.758	   1.721	   1.725	      106756184	      1.742	      1.733	      1.714	      1.756	           	      0.000	1067561.875	1290292.000	1658913.875	      0.003	     -0.003	      0.012	
 2017/06/23	   1.724	   1.737	   1.706	   1.737	      186122768	      1.742	      1.734	      1.716	      1.753	           	      0.000	1861227.625	1398838.625	1678769.500	      0.003	     -0.002	      0.010	
 2017/06/26	   1.734	   1.750	   1.725	   1.749	      147628368	      1.742	      1.738	      1.718	      1.751	           	      0.000	1476283.625	1466527.000	1665526.000	      0.004	     -0.001	      0.010	
 2017/06/27	   1.749	   1.758	   1.743	   1.746	      132441760	      1.742	      1.741	      1.721	      1.749	           	      0.000	1324417.625	1368270.125	1579891.500	      0.005	      0.000	      0.009	
 2017/06/28	   1.743	   1.745	   1.730	   1.734	      109378352	      1.738	      1.742	      1.723	      1.748	           	      0.000	1093783.500	1364654.875	1555961.875	      0.004	      0.001	      0.006	
 2017/06/29	   1.733	   1.751	   1.731	   1.742	      106699160	      1.742	      1.742	      1.727	      1.746	           	      0.000	1066991.625	1364540.750	1327416.375	      0.005	      0.002	      0.005	
 2017/06/30	   1.737	   1.748	   1.731	   1.748	      118410560	      1.744	      1.743	      1.731	      1.745	           	      0.000	1184105.625	1229116.375	1313977.500	      0.005	      0.003	      0.005	
 2017/07/03	   1.747	   1.764	   1.743	   1.764	      161459584	      1.747	      1.745	      1.734	      1.743	           	      0.000	1614595.875	1256778.875	1361652.875	      0.007	      0.003	      0.007	
 2017/07/04	   1.764	   1.764	   1.749	   1.755	      112042056	      1.749	      1.745	      1.738	      1.742	           	      0.000	1120420.500	1215979.375	1292124.750	      0.007	      0.004	      0.006	
 2017/07/05	   1.753	   1.763	   1.745	   1.761	      109474584	      1.754	      1.746	      1.739	      1.740	           	      0.000	1094745.875	1216171.875	1290413.375	      0.008	      0.005	      0.006	
 2017/07/06	   1.760	   1.766	   1.743	   1.753	      133570680	      1.756	      1.749	      1.741	      1.739	           	      0.000	1335706.750	1269914.875	1317227.875	      0.008	      0.006	      0.005	
 2017/07/07	   1.747	   1.752	   1.743	   1.750	       71699824	      1.757	      1.750	      1.742	      1.737	           	      0.000	 716998.250	1176493.500	1202804.875	      0.008	      0.006	      0.003	
 2017/07/10	   1.745	   1.745	   1.715	   1.716	      153869600	      1.747	      1.747	      1.743	      1.735	           	      0.000	1538696.000	1161313.500	1209046.125	      0.004	      0.006	     -0.002	
 2017/07/11	   1.712	   1.719	   1.696	   1.696	      146193344	      1.735	      1.742	      1.741	      1.733	           	      0.000	1461933.500	1229616.125	1222797.750	      0.000	      0.005	     -0.008	
 2017/07/12	   1.694	   1.703	   1.678	   1.697	      189194608	      1.722	      1.738	      1.740	      1.731	           	      0.000	1891946.125	1389056.125	1302614.000	     -0.003	      0.003	     -0.012	
 2017/07/13	   1.693	   1.696	   1.680	   1.686	      120706552	      1.709	      1.733	      1.737	      1.730	           	      0.000	1207065.500	1363327.875	1316621.375	     -0.006	      0.001	     -0.015	
 2017/07/14	   1.680	   1.682	   1.661	   1.662	      196398992	      1.691	      1.724	      1.733	      1.728	           	      0.000	1963989.875	1612726.250	1394609.875	     -0.010	     -0.001	     -0.019	
 2017/07/17	   1.647	   1.648	   1.569	   1.570	      356188864	      1.662	      1.705	      1.725	      1.725	           	      0.000	3561888.750	2017364.750	1589339.125	     -0.021	     -0.005	     -0.032	
 2017/07/18	   1.561	   1.589	   1.554	   1.579	      221334160	      1.639	      1.687	      1.716	      1.721	           	      0.000	2213341.500	2167646.250	1698631.250	     -0.029	     -0.010	     -0.038	
 2017/07/19	   1.573	   1.595	   1.561	   1.593	      162813104	      1.618	      1.670	      1.708	      1.719	           	      0.000	1628131.000	2114883.250	1751969.750	     -0.033	     -0.014	     -0.037	
 2017/07/20	   1.590	   1.617	   1.587	   1.590	      162074912	      1.599	      1.654	      1.701	      1.716	           	      0.000	1620749.125	2197620.000	1780474.000	     -0.036	     -0.019	     -0.035	
 2017/07/21	   1.588	   1.602	   1.586	   1.591	       74724776	      1.585	      1.638	      1.694	      1.714	           	      0.000	 747247.750	1954271.625	1783498.875	     -0.038	     -0.023	     -0.031	
 2017/07/24	   1.589	   1.602	   1.582	   1.599	       94649784	      1.590	      1.626	      1.687	      1.711	           	      0.000	 946497.813	1431193.500	1724279.125	     -0.039	     -0.026	     -0.026	
 2017/07/25	   1.598	   1.606	   1.590	   1.599	       73577776	      1.594	      1.617	      1.679	      1.708	           	      0.000	 735777.750	1135680.750	1651663.500	     -0.039	     -0.029	     -0.021	
 2017/07/26	   1.597	   1.600	   1.586	   1.588	       73534680	      1.593	      1.606	      1.672	      1.705	           	      0.000	 735346.813	 957123.875	1536003.625	     -0.039	     -0.031	     -0.017	
 2017/07/27	   1.588	   1.665	   1.584	   1.665	      295904416	      1.608	      1.604	      1.668	      1.703	           	      0.000	2959044.250	1224782.875	1711201.500	     -0.033	     -0.031	     -0.004	
 2017/07/28	   1.659	   1.662	   1.643	   1.647	      192426464	      1.620	      1.602	      1.663	      1.702	           	      0.000	1924264.625	1460186.250	1707229.000	     -0.029	     -0.031	      0.003	
 2017/07/31	   1.645	   1.654	   1.636	   1.652	      101128840	      1.630	      1.610	      1.657	      1.700	           	      0.000	1011288.375	1473144.375	1452168.875	     -0.025	     -0.030	      0.008	
 2017/08/01	   1.651	   1.654	   1.639	   1.650	      119031136	      1.640	      1.617	      1.652	      1.698	           	      0.000	1190311.375	1564051.125	1349865.875	     -0.022	     -0.028	      0.012	
 2017/08/02	   1.650	   1.658	   1.638	   1.638	      137166144	      1.650	      1.622	      1.646	      1.697	           	      0.000	1371661.500	1691314.000	1324219.000	     -0.021	     -0.027	      0.012	
 2017/08/03	   1.634	   1.672	   1.630	   1.651	      199833984	      1.648	      1.628	      1.641	      1.695	           	      0.000	1998339.875	1499173.125	1361978.000	     -0.018	     -0.025	      0.014	
 2017/08/04	   1.648	   1.650	   1.635	   1.636	      103183048	      1.645	      1.632	      1.635	      1.694	           	      0.000	1031830.500	1320686.375	1390436.250	     -0.017	     -0.023	      0.013	
 2017/08/07	   1.636	   1.660	   1.635	   1.651	      107092064	      1.645	      1.638	      1.632	      1.694	           	      0.000	1070920.625	1332612.750	1402878.625	     -0.015	     -0.022	      0.014	
 2017/08/08	   1.652	   1.679	   1.646	   1.678	      219925216	      1.651	      1.646	      1.631	      1.693	           	      0.000	2199252.250	1534401.000	1549226.000	     -0.011	     -0.020	      0.017	
 2017/08/09	   1.677	   1.688	   1.668	   1.675	      139226560	      1.658	      1.654	      1.630	      1.693	           	      0.000	1392265.625	1538521.750	1614917.875	     -0.008	     -0.017	      0.019	
 2017/08/10	   1.674	   1.690	   1.661	   1.669	      110894488	      1.662	      1.655	      1.629	      1.692	           	      0.000	1108944.875	1360642.750	1429908.000	     -0.006	     -0.015	      0.018	
 2017/08/11	   1.661	   1.678	   1.656	   1.659	      171893248	      1.666	      1.656	      1.629	      1.690	           	      0.000	1718932.500	1498063.125	1409374.750	     -0.005	     -0.013	      0.016	
 2017/08/14	   1.664	   1.702	   1.662	   1.702	      236429600	      1.677	      1.661	      1.636	      1.690	           	      0.000	2364296.000	1756738.250	1544675.500	     -0.001	     -0.010	      0.019	
 2017/08/15	   1.704	   1.710	   1.695	   1.706	      149696528	      1.682	      1.666	      1.642	      1.689	           	      0.000	1496965.250	1616280.875	1575340.875	      0.003	     -0.008	      0.021	
 2017/08/16	   1.704	   1.745	   1.701	   1.735	      192410160	      1.694	      1.676	      1.649	      1.690	           	      0.000	1924101.625	1722648.000	1630584.875	      0.008	     -0.005	      0.025	
 2017/08/17	   1.728	   1.753	   1.725	   1.746	      253653200	      1.710	      1.686	      1.657	      1.691	           	      0.000	2536532.000	2008165.500	1684404.125	      0.013	     -0.001	      0.028	
 2017/08/18	   1.738	   1.746	   1.728	   1.733	      141786192	      1.724	      1.695	      1.664	      1.691	           	      0.000	1417861.875	1947951.375	1723007.250	      0.015	      0.002	      0.026	
 2017/08/21	   1.737	   1.743	   1.728	   1.737	      126474600	      1.731	      1.704	      1.671	      1.692	           	      0.000	1264746.000	1728041.375	1742389.750	      0.017	      0.005	      0.024	
 2017/08/22	   1.737	   1.742	   1.720	   1.726	      116243736	      1.735	      1.709	      1.677	      1.692	           	      0.000	1162437.375	1661135.750	1638708.250	      0.018	      0.008	      0.021	
 2017/08/23	   1.722	   1.732	   1.714	   1.717	      123091440	      1.732	      1.713	      1.684	      1.693	           	      0.000	1230914.375	1522498.375	1622573.250	      0.018	      0.010	      0.016	
 2017/08/24	   1.716	   1.726	   1.705	   1.705	      127975776	      1.724	      1.717	      1.686	      1.694	           	      0.000	1279757.750	1271143.500	1639654.500	      0.016	      0.011	      0.010	
 2017/08/25	   1.702	   1.729	   1.702	   1.723	      145457136	      1.722	      1.723	      1.689	      1.694	           	      0.000	1454571.375	1278485.375	1613218.375	      0.016	      0.012	      0.008	
 2017/08/28	   1.729	   1.772	   1.727	   1.755	      240290864	      1.725	      1.728	      1.695	      1.696	           	      0.000	2402908.750	1506117.875	1617079.625	      0.019	      0.013	      0.010	
 2017/08/29	   1.753	   1.766	   1.743	   1.743	      153501840	      1.729	      1.732	      1.699	      1.696	           	      0.000	1535018.375	1580634.125	1620885.000	      0.019	      0.014	      0.010	
 2017/08/30	   1.745	   1.768	   1.743	   1.756	      161367936	      1.736	      1.734	      1.705	      1.697	           	      0.000	1613679.375	1657187.125	1589842.750	      0.021	      0.016	      0.010	
 2017/08/31	   1.758	   1.767	   1.755	   1.765	      134371312	      1.748	      1.736	      1.711	      1.697	           	      0.000	1343713.125	1669978.250	1470560.875	      0.022	      0.017	      0.010	
 2017/09/01	   1.768	   1.780	   1.755	   1.776	      175343504	      1.759	      1.740	      1.718	      1.698	           	      0.000	1753435.000	1729750.875	1504118.125	      0.024	      0.018	      0.011	
 2017/09/04	   1.773	   1.799	   1.769	   1.796	      145584192	      1.767	      1.746	      1.725	      1.700	           	      0.000	1455841.875	1540337.500	1523227.750	      0.027	      0.020	      0.013	
 2017/09/05	   1.795	   1.804	   1.785	   1.796	      139420496	      1.778	      1.753	      1.731	      1.701	           	      0.000	1394205.000	1512174.875	1546404.500	      0.029	      0.022	      0.014	
 2017/09/06	   1.792	   1.814	   1.790	   1.813	      161186304	      1.789	      1.763	      1.738	      1.703	           	      0.000	1611863.000	1511811.625	1584499.375	      0.031	      0.024	      0.015	
 2017/09/07	   1.813	   1.828	   1.797	   1.800	      163236976	      1.796	      1.772	      1.744	      1.704	           	      0.000	1632369.750	1569542.875	1619760.500	      0.032	      0.025	      0.013	
 2017/09/08	   1.797	   1.807	   1.783	   1.791	      139855664	      1.799	      1.779	      1.751	      1.704	           	      0.000	1398556.625	1498567.250	1614159.125	      0.031	      0.026	      0.009	
 2017/09/11	   1.790	   1.807	   1.788	   1.807	      102314752	      1.801	      1.784	      1.756	      1.706	           	      0.000	1023147.500	1412028.375	1476183.000	      0.032	      0.028	      0.008	
 2017/09/12	   1.811	   1.815	   1.792	   1.793	      122254664	      1.801	      1.789	      1.761	      1.706	           	      0.000	1222546.625	1377696.750	1444935.750	      0.030	      0.028	      0.005	
 2017/09/13	   1.792	   1.798	   1.784	   1.797	       97223928	      1.798	      1.793	      1.764	      1.707	           	      0.000	 972239.250	1249772.000	1380791.750	      0.029	      0.028	      0.002	
 2017/09/14	   1.797	   1.803	   1.783	   1.787	       83901216	      1.795	      1.796	      1.766	      1.708	           	      0.000	 839012.188	1091100.500	1330321.625	      0.028	      0.028	     -0.001	
 2017/09/15	   1.785	   1.792	   1.780	   1.782	       89552944	      1.793	      1.796	      1.768	      1.709	           	      0.000	 895529.438	 990495.000	1244531.125	      0.025	      0.028	     -0.004	
 2017/09/18	   1.782	   1.808	   1.780	   1.808	      114135840	      1.793	      1.797	      1.772	      1.710	           	      0.000	1141358.375	1014137.188	1213082.750	      0.026	      0.027	     -0.003	
 2017/09/19	   1.807	   1.811	   1.785	   1.790	      115082520	      1.793	      1.797	      1.775	      1.710	           	      0.000	1150825.250	 999792.875	1188744.750	      0.024	      0.027	     -0.005	
 2017/09/20	   1.788	   1.803	   1.786	   1.801	       76199680	      1.794	      1.796	      1.779	      1.712	           	      0.000	 761996.813	 957744.438	1103758.125	      0.023	      0.026	     -0.005	
 2017/09/21	   1.802	   1.808	   1.780	   1.780	       76490376	      1.792	      1.794	      1.783	      1.712	           	      0.000	 764903.750	 942922.750	1017011.563	      0.021	      0.025	     -0.008	
 2017/09/22	   1.775	   1.780	   1.762	   1.773	      107924896	      1.790	      1.792	      1.785	      1.713	           	      0.000	1079249.000	 979666.625	 985080.813	      0.018	      0.023	     -0.011	
 2017/09/25	   1.770	   1.778	   1.748	   1.750	       80722304	      1.779	      1.786	      1.785	      1.712	           	      0.000	 807223.063	 912839.563	 963488.375	      0.014	      0.022	     -0.016	
 2017/09/26	   1.749	   1.758	   1.734	   1.746	       96642520	      1.770	      1.781	      1.785	      1.712	           	      0.000	 966425.188	 875959.563	 937876.250	      0.010	      0.019	     -0.018	
 2017/09/27	   1.750	   1.766	   1.748	   1.757	       81579352	      1.761	      1.777	      1.785	      1.712	           	      0.000	 815793.500	 886718.875	 922231.625	      0.008	      0.017	     -0.018	
 2017/09/28	   1.758	   1.771	   1.757	   1.761	       73049064	      1.757	      1.775	      1.785	      1.712	           	      0.000	 730490.625	 879836.250	 911379.500	      0.006	      0.015	     -0.017	
 2017/09/29	   1.764	   1.780	   1.764	   1.780	       57051436	      1.759	      1.775	      1.785	      1.713	           	      0.000	 570514.375	 778089.375	 878878.000	      0.007	      0.013	     -0.013	
 2017/10/09	   1.797	   1.810	   1.790	   1.800	       90255320	      1.769	      1.774	      1.786	      1.714	           	      0.000	 902553.188	 797155.375	 854997.500	      0.008	      0.012	     -0.008	
 2017/10/10	   1.798	   1.828	   1.797	   1.828	      128346408	      1.785	      1.778	      1.787	      1.716	           	      0.000	1283464.125	 860563.188	 868261.375	      0.012	      0.012	     -0.001	
 2017/10/11	   1.830	   1.835	   1.811	   1.814	      114773240	      1.797	      1.779	      1.787	      1.718	           	      0.000	1147732.375	 926950.938	 906834.938	      0.013	      0.012	      0.002	
 2017/10/12	   1.812	   1.819	   1.799	   1.811	       78569256	      1.807	      1.782	      1.788	      1.720	           	      0.000	 785692.563	 937991.313	 908913.813	      0.014	      0.013	      0.003	
 2017/10/13	   1.811	   1.840	   1.806	   1.840	      118863824	      1.819	      1.789	      1.790	      1.723	           	      0.000	1188638.250	1061616.125	 919852.750	      0.017	      0.014	      0.007	
 2017/10/16	   1.840	   1.840	   1.795	   1.796	      219489296	      1.818	      1.793	      1.790	      1.727	           	      0.000	2194893.000	1320084.000	1058619.750	      0.015	      0.014	      0.003	
 2017/10/17	   1.791	   1.798	   1.781	   1.786	       92273880	      1.809	      1.797	      1.789	      1.731	           	      0.000	 922738.813	1247939.000	1054251.125	      0.013	      0.014	     -0.001	
 2017/10/18	   1.789	   1.800	   1.778	   1.778	       84606240	      1.802	      1.799	      1.788	      1.734	           	      0.000	 846062.375	1187605.000	1057278.000	      0.011	      0.013	     -0.005	
 2017/10/19	   1.777	   1.787	   1.767	   1.775	       85996224	      1.795	      1.801	      1.788	      1.737	           	      0.000	 859962.250	1202459.000	1070225.125	      0.008	      0.012	     -0.008	
 2017/10/20	   1.773	   1.795	   1.771	   1.794	       71227688	      1.786	      1.802	      1.788	      1.740	           	      0.000	 712276.875	1107186.625	1084401.375	      0.008	      0.011	     -0.007	
 2017/10/23	   1.791	   1.812	   1.788	   1.806	      120425032	      1.788	      1.803	      1.788	      1.744	           	      0.000	1204250.375	 909058.125	1114571.125	      0.009	      0.011	     -0.005	
 2017/10/24	   1.805	   1.812	   1.791	   1.812	       75079576	      1.793	      1.801	      1.789	      1.747	           	      0.000	 750795.750	 874669.500	1061304.250	      0.009	      0.011	     -0.002	
 2017/10/25	   1.808	   1.822	   1.802	   1.818	       77526128	      1.801	      1.802	      1.790	      1.751	           	      0.000	 775261.250	 860509.313	1024057.125	      0.010	      0.010	     -0.000	
 2017/10/26	   1.819	   1.826	   1.808	   1.823	       94733296	      1.811	      1.803	      1.792	      1.754	           	      0.000	 947332.938	 877983.438	1040221.188	      0.011	      0.011	      0.002	
 2017/10/27	   1.821	   1.822	   1.801	   1.801	       70848888	      1.812	      1.799	      1.794	      1.756	           	      0.000	 708488.875	 877225.813	 992206.250	      0.010	      0.011	     -0.000	
 2017/10/30	   1.801	   1.807	   1.759	   1.764	      157910608	      1.804	      1.796	      1.794	      1.758	           	      0.000	1579106.125	 952197.000	 930627.563	      0.007	      0.010	     -0.007	
 2017/10/31	   1.764	   1.778	   1.762	   1.773	       89869904	      1.796	      1.794	      1.796	      1.760	           	      0.000	 898699.063	 981777.625	 928223.563	      0.004	      0.009	     -0.009	
 2017/11/01	   1.773	   1.781	   1.768	   1.769	       92927768	      1.786	      1.793	      1.796	      1.762	           	      0.000	 929277.688	1012580.938	 936545.125	      0.002	      0.007	     -0.011	
 2017/11/02	   1.766	   1.767	   1.745	   1.745	       84463408	      1.770	      1.791	      1.796	      1.764	           	      0.000	 844634.063	 992041.188	 935012.313	     -0.002	      0.005	     -0.015	
 2017/11/03	   1.742	   1.757	   1.726	   1.732	      134118176	      1.757	      1.784	      1.793	      1.765	           	      0.000	1341181.750	1118579.750	 997902.813	     -0.006	      0.003	     -0.018	
 2017/11/06	   1.732	   1.754	   1.719	   1.754	       77044576	      1.755	      1.779	      1.791	      1.767	           	      0.000	 770445.750	 956847.688	 954522.313	     -0.007	      0.001	     -0.016	
 2017/11/07	   1.753	   1.760	   1.742	   1.760	       71643560	      1.752	      1.774	      1.788	      1.769	           	      0.000	 716435.625	 920395.000	 951086.313	     -0.007	     -0.001	     -0.014	
 2017/11/08	   1.758	   1.783	   1.755	   1.765	      103865096	      1.751	      1.769	      1.785	      1.770	           	      0.000	1038650.938	 942269.625	 977425.250	     -0.007	     -0.002	     -0.011	
 2017/11/09	   1.764	   1.783	   1.755	   1.779	       68347928	      1.758	      1.764	      1.783	      1.772	           	      0.000	 683479.250	 910038.688	 951039.938	     -0.006	     -0.003	     -0.006	
 2017/11/10	   1.778	   1.800	   1.775	   1.800	      101993992	      1.772	      1.764	      1.781	      1.774	           	      0.000	1019939.938	 845790.313	 982185.000	     -0.003	     -0.003	     -0.001	
 2017/11/13	   1.799	   1.807	   1.794	   1.799	       62901304	      1.781	      1.768	      1.782	      1.776	           	      0.000	 629013.063	 817503.750	 887175.688	     -0.001	     -0.002	      0.003	
 2017/11/14	   1.800	   1.808	   1.781	   1.788	       83959984	      1.786	      1.769	      1.782	      1.777	           	      0.000	 839599.813	 842136.625	 881265.813	     -0.000	     -0.002	      0.004	
 2017/11/15	   1.786	   1.789	   1.755	   1.758	       89609504	      1.785	      1.768	      1.781	      1.778	           	      0.000	 896095.063	 813625.438	 877947.500	     -0.002	     -0.002	      0.000	
 2017/11/16	   1.756	   1.771	   1.751	   1.765	       90713744	      1.782	      1.770	      1.780	      1.778	           	      0.000	 907137.438	 858357.063	 884197.875	     -0.003	     -0.002	     -0.001	
 2017/11/17	   1.762	   1.771	   1.722	   1.723	      144411296	      1.767	      1.769	      1.777	      1.778	           	      0.000	1444113.000	 943191.688	 894491.000	     -0.007	     -0.003	     -0.007	
 2017/11/20	   1.719	   1.755	   1.697	   1.755	      132603328	      1.758	      1.769	      1.774	      1.778	           	      0.000	1326033.250	1082595.750	 950049.750	     -0.007	     -0.004	     -0.007	
 2017/11/21	   1.747	   1.759	   1.737	   1.750	      108058944	      1.750	      1.768	      1.771	      1.778	           	      0.000	1080589.500	1130793.625	 986465.125	     -0.008	     -0.005	     -0.006	
 2017/11/22	   1.748	   1.762	   1.732	   1.744	      115199176	      1.747	      1.766	      1.767	      1.779	           	      0.000	1151991.750	1181973.000	 997799.188	     -0.009	     -0.005	     -0.007	
 2017/11/23	   1.737	   1.740	   1.691	   1.692	      135930464	      1.733	      1.757	      1.761	      1.779	           	      0.000	1359304.625	1272406.375	1065381.750	     -0.014	     -0.007	     -0.013	
 2017/11/24	   1.687	   1.695	   1.678	   1.678	       99767616	      1.724	      1.745	      1.755	      1.778	           	      0.000	 997676.188	1183119.000	1063155.375	     -0.018	     -0.009	     -0.018	
 2017/11/27	   1.671	   1.692	   1.657	   1.660	      106821648	      1.705	      1.731	      1.749	      1.776	           	      0.000	1068216.500	1131555.750	1107075.750	     -0.023	     -0.012	     -0.022	
 2017/11/28	   1.660	   1.686	   1.658	   1.682	      135676192	      1.691	      1.721	      1.745	      1.775	           	      0.000	1356761.875	1186790.250	1158791.875	     -0.025	     -0.015	     -0.021	
 2017/11/29	   1.682	   1.684	   1.661	   1.674	       78718168	      1.677	      1.712	      1.740	      1.774	           	      0.000	 787181.688	1113828.125	1147900.625	     -0.027	     -0.017	     -0.019	
 2017/11/30	   1.673	   1.681	   1.657	   1.663	       64833304	      1.671	      1.702	      1.736	      1.772	           	      0.000	 648333.063	 971633.875	1122020.125	     -0.029	     -0.019	     -0.019	
 2017/12/01	   1.665	   1.695	   1.662	   1.687	      146677888	      1.673	      1.699	      1.734	      1.771	           	      0.000	1466778.875	1065454.375	1124286.750	     -0.028	     -0.021	     -0.014	
 2017/12/04	   1.683	   1.692	   1.673	   1.676	      115624176	      1.676	      1.691	      1.730	      1.769	           	      0.000	1156241.750	1083059.500	1107307.625	     -0.028	     -0.023	     -0.011	
 2017/12/05	   1.674	   1.679	   1.632	   1.644	      120939696	      1.669	      1.680	      1.724	      1.766	           	      0.000	1209397.000	1053586.500	1120188.375	     -0.030	     -0.024	     -0.012	
 2017/12/06	   1.647	   1.664	   1.631	   1.663	      272513184	      1.667	      1.672	      1.719	      1.764	           	      0.000	2725131.750	1441176.500	1277502.375	     -0.030	     -0.025	     -0.010	
 2017/12/07	   1.662	   1.673	   1.654	   1.656	      132784056	      1.665	      1.668	      1.713	      1.761	           	      0.000	1327840.500	1577078.000	1274355.875	     -0.030	     -0.026	     -0.008	
 2017/12/08	   1.656	   1.688	   1.654	   1.675	      108858416	      1.663	      1.668	      1.707	      1.759	           	      0.000	1088584.125	1501439.000	1283446.750	     -0.029	     -0.027	     -0.004	
 2017/12/11	   1.682	   1.698	   1.678	   1.698	      117463040	      1.667	      1.672	      1.702	      1.758	           	      0.000	1174630.375	1505116.750	1294088.125	     -0.025	     -0.026	      0.003	
 2017/12/12	   1.698	   1.699	   1.675	   1.675	       70796408	      1.673	      1.671	      1.696	      1.756	           	      0.000	 707964.063	1404830.125	1229208.375	     -0.024	     -0.026	      0.004	
 2017/12/13	   1.679	   1.692	   1.670	   1.691	       78622272	      1.679	      1.673	      1.693	      1.754	           	      0.000	 786222.750	1017048.375	1229112.375	     -0.021	     -0.025	      0.007	
 2017/12/14	   1.689	   1.692	   1.674	   1.680	       74136648	      1.684	      1.674	      1.688	      1.752	           	      0.000	 741366.500	 899753.563	1238415.750	     -0.020	     -0.024	      0.008	
 2017/12/15	   1.681	   1.684	   1.666	   1.673	       95779056	      1.683	      1.673	      1.686	      1.750	           	      0.000	 957790.563	 873594.875	1187517.000	     -0.019	     -0.023	      0.008	
 2017/12/18	   1.673	   1.676	   1.660	   1.667	       57002740	      1.677	      1.672	      1.681	      1.748	           	      0.000	 570027.375	 752674.250	1128895.500	     -0.019	     -0.022	      0.007	
 2017/12/19	   1.668	   1.688	   1.668	   1.683	      122098944	      1.679	      1.676	      1.678	      1.746	           	      0.000	1220989.500	 855279.313	1130054.750	     -0.017	     -0.021	      0.008	
 2017/12/20	   1.680	   1.682	   1.661	   1.661	       66801992	      1.673	      1.676	      1.674	      1.744	           	      0.000	 668019.938	 831638.750	 924343.563	     -0.017	     -0.020	      0.006	
 2017/12/21	   1.659	   1.680	   1.647	   1.668	       87827904	      1.670	      1.677	      1.673	      1.742	           	      0.000	 878279.063	 859021.313	 879387.438	     -0.017	     -0.020	      0.006	
 2017/12/22	   1.669	   1.676	   1.662	   1.663	       55883400	      1.668	      1.676	      1.672	      1.740	           	      0.000	 558834.000	 779230.000	 826412.438	     -0.017	     -0.019	      0.005	
 2017/12/25	   1.662	   1.663	   1.634	   1.642	      103744944	      1.663	      1.670	      1.671	      1.738	           	      0.000	1037449.438	 872714.375	 812694.313	     -0.018	     -0.019	      0.002	
 2017/12/26	   1.642	   1.646	   1.631	   1.644	      106696096	      1.656	      1.667	      1.669	      1.737	           	      0.000	1066961.000	 841908.688	 848594.000	     -0.019	     -0.019	      0.001	
 2017/12/27	   1.644	   1.647	   1.626	   1.630	       87337568	      1.649	      1.661	      1.667	      1.735	           	      0.000	 873375.688	 882979.813	 857309.313	     -0.020	     -0.019	     -0.002	
 2017/12/28	   1.629	   1.647	   1.627	   1.637	       98456040	      1.643	      1.657	      1.666	      1.732	           	      0.000	 984560.375	 904236.125	 881628.688	     -0.020	     -0.019	     -0.002	
 2017/12/29	   1.638	   1.644	   1.632	   1.644	       93502032	      1.639	      1.654	      1.663	      1.730	           	      0.000	 935020.313	 979473.375	 879351.688	     -0.020	     -0.019	     -0.001	
 2018/01/02	   1.650	   1.676	   1.646	   1.665	       98312760	      1.644	      1.654	      1.663	      1.728	           	      0.000	 983127.625	 968609.000	 920661.688	     -0.017	     -0.019	      0.003	
 2018/01/03	   1.666	   1.693	   1.663	   1.689	      191228336	      1.653	      1.654	      1.665	      1.726	           	      0.000	1912283.375	1137673.500	 989791.063	     -0.013	     -0.018	      0.009	
 2018/01/04	   1.686	   1.693	   1.682	   1.693	       92557784	      1.666	      1.658	      1.667	      1.724	           	      0.000	 925577.813	1148113.875	1015546.875	     -0.010	     -0.016	      0.013	
 2018/01/05	   1.693	   1.700	   1.691	   1.696	       89040712	      1.677	      1.660	      1.669	      1.722	           	      0.000	 890407.125	1129283.250	1016759.688	     -0.007	     -0.014	      0.015	
 2018/01/08	   1.694	   1.701	   1.682	   1.701	       70612864	      1.689	      1.664	      1.670	      1.719	           	      0.000	 706128.625	1083504.875	1031489.125	     -0.004	     -0.012	      0.017	
 2018/01/09	   1.699	   1.702	   1.694	   1.699	       57703484	      1.696	      1.670	      1.670	      1.718	           	      0.000	 577034.813	1002286.375	 985447.688	     -0.002	     -0.010	      0.017	
 2018/01/10	   1.695	   1.699	   1.679	   1.689	       71580224	      1.696	      1.674	      1.671	      1.716	           	      0.000	 715802.250	 762990.125	 950331.813	     -0.001	     -0.008	      0.015	
 2018/01/11	   1.686	   1.707	   1.675	   1.701	      146851952	      1.697	      1.681	      1.671	      1.715	           	      0.000	1468519.500	 871578.438	1009846.188	      0.001	     -0.006	      0.015	
 2018/01/12	   1.700	   1.700	   1.684	   1.685	       80490944	      1.695	      1.686	      1.671	      1.713	           	      0.000	 804909.438	 854478.938	 991881.063	      0.001	     -0.005	      0.012	
 2018/01/15	   1.680	   1.681	   1.630	   1.634	      198965568	      1.682	      1.685	      1.670	      1.711	           	      0.000	1989655.625	1111184.375	1097344.625	     -0.003	     -0.005	      0.003	
 2018/01/16	   1.632	   1.642	   1.621	   1.631	      144113280	      1.668	      1.682	      1.668	      1.708	           	      0.000	1441132.750	1284003.875	1143145.125	     -0.006	     -0.005	     -0.003	
 2018/01/17	   1.628	   1.647	   1.601	   1.639	      328903616	      1.658	      1.677	      1.666	      1.705	           	      0.000	3289036.250	1798650.750	1280820.375	     -0.008	     -0.006	     -0.005	
 2018/01/18	   1.633	   1.651	   1.631	   1.636	      199395840	      1.645	      1.671	      1.664	      1.702	           	      0.000	1993958.375	1903738.500	1387658.500	     -0.010	     -0.006	     -0.007	
 2018/01/19	   1.640	   1.648	   1.629	   1.630	      183248544	      1.634	      1.664	      1.662	      1.699	           	      0.000	1832485.500	2109253.750	1481866.250	     -0.012	     -0.008	     -0.008	
 2018/01/22	   1.623	   1.674	   1.616	   1.670	      294823872	      1.641	      1.661	      1.663	      1.696	           	      0.000	2948238.750	2300970.250	1706077.375	     -0.010	     -0.008	     -0.003	
 2018/01/23	   1.668	   1.676	   1.661	   1.667	      204067264	      1.648	      1.658	      1.664	      1.695	           	      0.000	2040672.625	2420878.250	1852441.125	     -0.008	     -0.008	     -0.000	
 2018/01/24	   1.672	   1.723	   1.653	   1.714	      585031616	      1.663	      1.661	      1.668	      1.694	           	      0.000	5850316.000	2933134.250	2365892.500	     -0.003	     -0.007	      0.008	
 2018/01/25	   1.714	   1.751	   1.705	   1.708	      704903232	      1.678	      1.661	      1.671	      1.693	           	      0.000	7049032.500	3944149.000	2923943.750	      0.000	     -0.006	      0.012	
 2018/01/26	   1.708	   1.733	   1.705	   1.720	      358647744	      1.696	      1.665	      1.676	      1.692	           	      0.000	3586477.500	4294947.500	3202100.500	      0.004	     -0.004	      0.015	
 2018/01/29	   1.720	   1.725	   1.692	   1.701	      496578784	      1.702	      1.672	      1.678	      1.692	           	      0.000	4965788.000	4698457.500	3499713.750	      0.005	     -0.002	      0.014	
 2018/01/30	   1.698	   1.709	   1.681	   1.687	      404914240	      1.706	      1.677	      1.679	      1.691	           	      0.000	4049142.500	5100151.500	3760514.750	      0.005	     -0.001	      0.011	
 2018/01/31	   1.680	   1.680	   1.632	   1.633	      528166080	      1.690	      1.677	      1.677	      1.689	           	      0.000	5281661.000	4986420.500	3959777.250	      0.001	     -0.000	      0.002	
 2018/02/01	   1.634	   1.647	   1.602	   1.603	      562271936	      1.669	      1.673	      1.672	      1.686	           	      0.000	5622719.500	4701157.500	4322653.500	     -0.005	     -0.001	     -0.008	
 2018/02/02	   1.593	   1.627	   1.582	   1.607	      498830208	      1.646	      1.671	      1.668	      1.683	           	      0.000	4988302.000	4981522.500	4638235.000	     -0.010	     -0.003	     -0.013	
 2018/02/05	   1.586	   1.601	   1.582	   1.594	      326021632	      1.625	      1.663	      1.662	      1.680	           	      0.000	3260216.250	4640408.000	4669433.000	     -0.014	     -0.005	     -0.017	
 2018/02/06	   1.570	   1.578	   1.502	   1.505	      614877376	      1.588	      1.647	      1.653	      1.675	           	      0.000	6148774.000	5060334.500	5080243.000	     -0.024	     -0.009	     -0.030	
 2018/02/07	   1.539	   1.543	   1.480	   1.523	      633294784	      1.566	      1.628	      1.644	      1.670	           	      0.000	6332948.000	5270592.000	5128506.000	     -0.030	     -0.013	     -0.034	
 2018/02/08	   1.515	   1.556	   1.512	   1.548	      419542016	      1.555	      1.612	      1.637	      1.667	           	      0.000	4195420.000	4985132.000	4843145.000	     -0.033	     -0.017	     -0.032	
 2018/02/09	   1.510	   1.535	   1.482	   1.502	      580171328	      1.534	      1.590	      1.628	      1.662	           	      0.000	5801713.500	5147814.500	5064668.500	     -0.038	     -0.021	     -0.034	
 2018/02/12	   1.515	   1.562	   1.510	   1.553	      516794304	      1.526	      1.576	      1.624	      1.660	           	      0.000	5167943.000	5529359.500	5084884.000	     -0.038	     -0.025	     -0.027	
 2018/02/13	   1.561	   1.574	   1.547	   1.557	      320840192	      1.537	      1.563	      1.620	      1.656	           	      0.000	3208402.000	4941285.500	5000810.000	     -0.037	     -0.027	     -0.020	
 2018/02/14	   1.555	   1.556	   1.539	   1.549	      191300304	      1.542	      1.554	      1.615	      1.653	           	      0.000	1913003.000	4057296.250	4663944.000	     -0.037	     -0.029	     -0.015	
 2018/02/22	   1.563	   1.581	   1.554	   1.580	      303028800	      1.548	      1.552	      1.613	      1.650	           	      0.000	3030288.000	3824270.000	4404701.000	     -0.033	     -0.030	     -0.007	
 2018/02/23	   1.576	   1.584	   1.561	   1.572	      188053936	      1.562	      1.548	      1.610	      1.648	           	      0.000	1880539.375	3040035.000	4093924.750	     -0.031	     -0.030	     -0.001	
 2018/02/26	   1.585	   1.633	   1.575	   1.630	      517519840	      1.578	      1.552	      1.608	      1.647	           	      0.000	5175198.500	3041486.250	4285423.000	     -0.024	     -0.029	      0.010	
 2018/02/27	   1.630	   1.656	   1.625	   1.639	      462852320	      1.594	      1.565	      1.606	      1.647	           	      0.000	4628523.000	3325510.500	4133397.750	     -0.018	     -0.027	      0.018	
 2018/02/28	   1.628	   1.672	   1.622	   1.651	      419762816	      1.614	      1.578	      1.603	      1.647	           	      0.000	4197628.000	3782435.500	3919865.750	     -0.012	     -0.024	      0.024	
 2018/03/01	   1.640	   1.687	   1.632	   1.687	      367858784	      1.636	      1.592	      1.602	      1.647	           	      0.000	3678587.750	3912095.250	3868182.500	     -0.004	     -0.020	      0.032	
 2018/03/02	   1.680	   1.699	   1.664	   1.669	      451540352	      1.655	      1.609	      1.600	      1.647	           	      0.000	4515403.500	4439068.000	3739551.500	      0.001	     -0.016	      0.033	
 2018/03/05	   1.678	   1.693	   1.665	   1.690	      294983552	      1.667	      1.622	      1.599	      1.647	           	      0.000	2949835.500	3993995.500	3517740.750	      0.006	     -0.011	      0.035	
 2018/03/06	   1.693	   1.705	   1.685	   1.693	      337391040	      1.678	      1.636	      1.599	      1.647	           	      0.000	3373910.500	3743073.000	3534291.750	      0.011	     -0.007	      0.035	
 2018/03/07	   1.691	   1.695	   1.675	   1.679	      221732448	      1.684	      1.649	      1.602	      1.648	           	      0.000	2217324.500	3347012.250	3564723.750	      0.013	     -0.003	      0.031	
 2018/03/08	   1.679	   1.692	   1.674	   1.686	      227474736	      1.683	      1.660	      1.606	      1.648	           	      0.000	2274747.250	3066244.250	3489169.750	      0.015	      0.001	      0.029	
 2018/03/09	   1.688	   1.755	   1.685	   1.755	      787841472	      1.701	      1.678	      1.613	      1.650	           	      0.000	7878414.500	3738846.500	4088957.250	      0.022	      0.005	      0.034	
 2018/03/12	   1.773	   1.795	   1.763	   1.777	      686706432	      1.718	      1.693	      1.622	      1.652	           	      0.000	6867064.500	4522292.000	4258144.000	      0.029	      0.010	      0.038	
 2018/03/13	   1.772	   1.791	   1.758	   1.767	      368588064	      1.733	      1.705	      1.635	      1.653	           	      0.000	3685880.750	4584686.500	4163879.750	      0.033	      0.014	      0.038	
 2018/03/14	   1.761	   1.767	   1.735	   1.741	      446805216	      1.745	      1.714	      1.646	      1.654	           	      0.000	4468052.000	5034832.000	4190922.000	      0.034	      0.018	      0.032	
 2018/03/15	   1.730	   1.743	   1.707	   1.742	      670145920	      1.756	      1.720	      1.656	      1.655	           	      0.000	6701459.000	5920174.000	4493209.000	      0.035	      0.022	      0.026	
 2018/03/16	   1.740	   1.750	   1.715	   1.716	      429846816	      1.749	      1.725	      1.667	      1.655	           	      0.000	4298468.000	5204185.000	4471515.500	      0.033	      0.024	      0.017	
 2018/03/19	   1.712	   1.754	   1.711	   1.736	      414509888	      1.740	      1.729	      1.676	      1.656	           	      0.000	4145099.000	4659792.000	4591042.000	      0.032	      0.026	      0.013	
 2018/03/20	   1.721	   1.762	   1.719	   1.760	      531453408	      1.739	      1.736	      1.686	      1.658	           	      0.000	5314534.000	4985522.500	4785104.500	      0.033	      0.027	      0.013	
 2018/03/21	   1.760	   1.768	   1.718	   1.720	      414258272	      1.735	      1.740	      1.694	      1.658	           	      0.000	4142582.750	4920428.500	4977630.000	      0.031	      0.028	      0.006	
 2018/03/22	   1.726	   1.735	   1.710	   1.711	      365848096	      1.729	      1.742	      1.701	      1.659	           	      0.000	3658481.000	4311833.000	5116003.500	      0.028	      0.028	     -0.000	
 2018/03/23	   1.666	   1.688	   1.610	   1.622	     1143222400	      1.710	      1.729	      1.704	      1.659	           	      0.000	11432224.000	5738584.000	5471384.500	      0.018	      0.026	     -0.016	
 2018/03/26	   1.609	   1.679	   1.595	   1.673	      832862400	      1.697	      1.719	      1.706	      1.659	           	      0.000	8328624.000	6575289.000	5617540.500	      0.014	      0.023	     -0.019	
 2018/03/27	   1.690	   1.740	   1.686	   1.738	      848697280	      1.693	      1.716	      1.711	      1.660	           	      0.000	8486973.000	7209777.000	6097649.500	      0.016	      0.022	     -0.012	
 2018/03/28	   1.717	   1.748	   1.714	   1.730	      682959232	      1.695	      1.715	      1.715	      1.662	           	      0.000	6829592.500	7747179.000	6333803.500	      0.017	      0.021	     -0.008	
 2018/03/29	   1.736	   1.750	   1.719	   1.739	      424298368	      1.700	      1.714	      1.717	      1.664	           	      0.000	4242983.500	7864079.500	6087956.000	      0.018	      0.020	     -0.005	
 2018/03/30	   1.744	   1.791	   1.739	   1.791	      855265216	      1.734	      1.722	      1.723	      1.666	           	      0.000	8552652.000	7288165.000	6513374.500	      0.023	      0.021	      0.004	
 2018/04/02	   1.805	   1.810	   1.781	   1.788	      730246336	      1.757	      1.727	      1.728	      1.669	           	      0.000	7302463.500	7082933.000	6829111.000	      0.026	      0.022	      0.008	
 2018/04/03	   1.765	   1.778	   1.744	   1.764	      697130496	      1.762	      1.728	      1.732	      1.670	           	      0.000	6971305.000	6779799.500	6994788.000	      0.026	      0.023	      0.007	
 2018/04/04	   1.773	   1.779	   1.732	   1.732	      526926112	      1.763	      1.729	      1.734	      1.671	           	      0.000	5269261.000	6467733.000	7107456.000	      0.024	      0.023	      0.002	
 2018/04/09	   1.732	   1.757	   1.716	   1.737	      559984000	      1.762	      1.731	      1.737	      1.672	           	      0.000	5599840.000	6739104.500	7301592.000	      0.022	      0.023	     -0.002	
 2018/04/10	   1.733	   1.738	   1.710	   1.732	      578306944	      1.751	      1.742	      1.736	      1.672	           	      0.000	5783069.500	6185188.000	6736676.500	      0.020	      0.022	     -0.005	
 2018/04/11	   1.737	   1.753	   1.728	   1.729	      480965056	      1.739	      1.748	      1.733	      1.673	           	      0.000	4809650.500	5686625.000	6384779.000	      0.017	      0.021	     -0.007	
 2018/04/12	   1.725	   1.745	   1.720	   1.720	      366597536	      1.730	      1.746	      1.731	      1.673	           	      0.000	3665975.250	5025559.000	5902679.500	      0.015	      0.020	     -0.010	
 2018/04/13	   1.736	   1.743	   1.720	   1.721	      397837632	      1.728	      1.745	      1.730	      1.674	           	      0.000	3978376.250	4767382.500	5617557.500	      0.013	      0.018	     -0.011	
 2018/04/16	   1.722	   1.748	   1.714	   1.736	      556054080	      1.728	      1.745	      1.730	      1.674	           	      0.000	5560541.000	4759522.500	5749313.500	      0.012	      0.017	     -0.010	
 2018/04/17	   1.737	   1.745	   1.681	   1.683	      749272064	      1.718	      1.734	      1.728	      1.674	           	      0.000	7492720.500	5101452.500	5643320.000	      0.007	      0.015	     -0.016	
 2018/04/18	   1.692	   1.732	   1.659	   1.718	      947569472	      1.716	      1.727	      1.727	      1.676	           	      0.000	9475695.000	6034661.500	5860643.500	      0.006	      0.013	     -0.014	
 2018/04/19	   1.711	   1.735	   1.707	   1.715	      575756352	      1.715	      1.722	      1.725	      1.677	           	      0.000	5757563.500	6452979.000	5739269.000	      0.005	      0.012	     -0.013	
 2018/04/20	   1.711	   1.726	   1.679	   1.684	      575746432	      1.707	      1.717	      1.723	      1.678	           	      0.000	5757464.500	6808797.000	5788089.500	      0.002	      0.010	     -0.016	
 2018/04/23	   1.684	   1.692	   1.631	   1.653	      567570432	      1.691	      1.709	      1.720	      1.678	           	      0.000	5675704.500	6831829.500	5795676.000	     -0.004	      0.007	     -0.021	
 2018/04/24	   1.653	   1.705	   1.651	   1.705	      620201664	      1.695	      1.706	      1.724	      1.679	           	      0.000	6202016.500	6573689.000	5837571.000	     -0.003	      0.005	     -0.017	
 2018/04/25	   1.698	   1.724	   1.695	   1.715	      535302688	      1.694	      1.705	      1.727	      1.680	           	      0.000	5353027.000	5749155.000	5891908.500	     -0.002	      0.003	     -0.012	
 2018/04/26	   1.713	   1.716	   1.680	   1.681	      444548128	      1.688	      1.701	      1.724	      1.680	           	      0.000	4445481.500	5486739.000	5969859.000	     -0.004	      0.002	     -0.013	
 2018/04/27	   1.689	   1.711	   1.681	   1.707	      433807936	      1.692	      1.700	      1.722	      1.680	           	      0.000	4338079.500	5202862.000	6005829.500	     -0.004	      0.001	     -0.009	
 2018/05/02	   1.711	   1.729	   1.687	   1.701	      426639936	      1.702	      1.696	      1.721	      1.680	           	      0.000	4266399.500	4921001.000	5876415.000	     -0.004	     -0.000	     -0.007	
 2018/05/03	   1.697	   1.726	   1.668	   1.726	      679398144	      1.706	      1.701	      1.717	      1.680	           	      0.000	6793981.500	5039394.000	5806541.500	     -0.002	     -0.000	     -0.003	
 2018/05/04	   1.720	   1.728	   1.710	   1.712	      459861568	      1.705	      1.700	      1.714	      1.680	           	      0.000	4598615.500	4888511.500	5318833.500	     -0.001	     -0.001	     -0.001	
 2018/05/07	   1.717	   1.753	   1.715	   1.749	      559069184	      1.719	      1.703	      1.713	      1.681	           	      0.000	5590692.000	5117553.500	5302146.000	      0.002	     -0.000	      0.004	
 2018/05/08	   1.751	   1.753	   1.736	   1.753	      387121152	      1.728	      1.710	      1.714	      1.683	           	      0.000	3871211.500	5024180.000	5113521.000	      0.005	      0.001	      0.008	
 2018/05/09	   1.750	   1.756	   1.741	   1.749	      301520544	      1.738	      1.720	      1.714	      1.686	           	      0.000	3015205.500	4773941.000	4847471.000	      0.007	      0.002	      0.010	
 2018/05/10	   1.751	   1.763	   1.743	   1.762	      407074496	      1.745	      1.725	      1.716	      1.688	           	      0.000	4070745.000	4229294.000	4634344.000	      0.009	      0.004	      0.012	
 2018/05/11	   1.762	   1.765	   1.732	   1.734	      485143072	      1.749	      1.727	      1.716	      1.691	           	      0.000	4851430.500	4279857.000	4584184.000	      0.009	      0.005	      0.009	
 2018/05/14	   1.732	   1.741	   1.724	   1.728	      294356256	      1.745	      1.732	      1.717	      1.694	           	      0.000	2943562.500	3750431.000	4433992.500	      0.008	      0.005	      0.006	
 2018/05/15	   1.726	   1.757	   1.724	   1.756	      432216448	      1.746	      1.737	      1.718	      1.698	           	      0.000	4322164.500	3840621.500	4432401.000	      0.010	      0.006	      0.007	
 2018/05/16	   1.749	   1.758	   1.742	   1.745	      394382912	      1.745	      1.741	      1.719	      1.702	           	      0.000	3943829.000	4026346.250	4400144.000	      0.010	      0.007	      0.006	
 2018/05/17	   1.742	   1.747	   1.725	   1.729	      313917792	      1.738	      1.742	      1.721	      1.705	           	      0.000	3139178.000	3840033.000	4034663.500	      0.008	      0.007	      0.002	
 2018/05/18	   1.726	   1.736	   1.712	   1.731	      463373664	      1.738	      1.744	      1.722	      1.708	           	      0.000	4633736.500	3796494.000	4038175.500	      0.008	      0.007	      0.000	
 2018/05/21	   1.742	   1.767	   1.742	   1.757	      561853376	      1.744	      1.744	      1.724	      1.712	           	      0.000	5618534.000	4331488.500	4040959.750	      0.009	      0.008	      0.002	
 2018/05/22	   1.757	   1.772	   1.752	   1.770	      437853120	      1.746	      1.746	      1.728	      1.715	           	      0.000	4378531.000	4342761.500	4091691.750	      0.011	      0.008	      0.005	
 2018/05/23	   1.764	   1.771	   1.744	   1.745	      332778912	      1.746	      1.746	      1.733	      1.718	           	      0.000	3327789.000	4219553.500	4122950.000	      0.010	      0.009	      0.003	
 2018/05/24	   1.744	   1.752	   1.735	   1.737	      284684640	      1.748	      1.743	      1.734	      1.721	           	      0.000	2846846.500	4161087.500	4000560.250	      0.009	      0.009	      0.000	
 2018/05/25	   1.736	   1.739	   1.704	   1.705	      506406816	      1.743	      1.740	      1.734	      1.722	           	      0.000	5064068.000	4247153.500	4021824.000	      0.005	      0.008	     -0.005	
 2018/05/28	   1.702	   1.716	   1.690	   1.698	      323826272	      1.731	      1.737	      1.735	      1.723	           	      0.000	3238262.750	3771099.500	4051294.000	      0.002	      0.007	     -0.010	
 2018/05/29	   1.698	   1.713	   1.677	   1.678	      415286592	      1.713	      1.729	      1.733	      1.723	           	      0.000	4152866.000	3725966.500	4034364.000	     -0.003	      0.005	     -0.015	
 2018/05/30	   1.659	   1.662	   1.626	   1.633	      597313920	      1.690	      1.718	      1.730	      1.723	           	      0.000	5973139.000	4255036.500	4237295.000	     -0.010	      0.002	     -0.023	
 2018/05/31	   1.646	   1.652	   1.621	   1.649	      565048896	      1.673	      1.710	      1.726	      1.722	           	      0.000	5650489.000	4815765.000	4488426.000	     -0.014	     -0.001	     -0.025	
 2018/06/01	   1.641	   1.648	   1.609	   1.620	      450119776	      1.656	      1.699	      1.721	      1.721	           	      0.000	4501198.000	4703191.000	4475172.500	     -0.019	     -0.005	     -0.028	
 2018/06/04	   1.624	   1.627	   1.602	   1.613	      422886752	      1.639	      1.685	      1.715	      1.720	           	      0.000	4228867.500	4901312.000	4336205.500	     -0.023	     -0.008	     -0.030	
 2018/06/05	   1.615	   1.655	   1.613	   1.653	      563908672	      1.634	      1.673	      1.710	      1.719	           	      0.000	5639086.500	5198556.000	4462261.000	     -0.024	     -0.011	     -0.024	
 2018/06/06	   1.648	   1.656	   1.642	   1.650	      321752672	      1.637	      1.664	      1.705	      1.719	           	      0.000	3217526.750	4647433.500	4451235.000	     -0.024	     -0.014	     -0.019	
 2018/06/07	   1.653	   1.657	   1.634	   1.636	      222724896	      1.634	      1.653	      1.698	      1.717	           	      0.000	2227249.000	3962785.500	4389275.000	     -0.024	     -0.016	     -0.017	
 2018/06/08	   1.630	   1.633	   1.607	   1.620	      380528576	      1.634	      1.645	      1.693	      1.714	           	      0.000	3805285.750	3823603.000	4263397.000	     -0.026	     -0.018	     -0.016	
 2018/06/11	   1.617	   1.618	   1.596	   1.601	      378494240	      1.632	      1.635	      1.686	      1.711	           	      0.000	3784942.500	3734818.000	4318065.000	     -0.029	     -0.020	     -0.017	
 2018/06/12	   1.602	   1.624	   1.592	   1.619	      483000448	      1.625	      1.629	      1.679	      1.709	           	      0.000	4830004.500	3573001.750	4385779.000	     -0.029	     -0.022	     -0.014	
 2018/06/13	   1.616	   1.618	   1.596	   1.597	      334701152	      1.615	      1.626	      1.672	      1.707	           	      0.000	3347011.500	3598898.750	4123166.000	     -0.030	     -0.024	     -0.014	
 2018/06/14	   1.591	   1.613	   1.581	   1.587	      465149024	      1.605	      1.620	      1.665	      1.705	           	      0.000	4651490.000	4083746.750	4023266.250	     -0.032	     -0.025	     -0.014	
 2018/06/15	   1.586	   1.593	   1.550	   1.554	      540017792	      1.592	      1.613	      1.656	      1.702	           	      0.000	5400178.000	4402725.500	4113164.250	     -0.036	     -0.027	     -0.017	
 2018/06/19	   1.535	   1.540	   1.449	   1.467	      796738560	      1.565	      1.598	      1.642	      1.697	           	      0.000	7967385.500	5239214.000	4487016.000	     -0.045	     -0.031	     -0.028	
 2018/06/20	   1.461	   1.492	   1.444	   1.478	      752133632	      1.537	      1.581	      1.627	      1.693	           	      0.000	7521336.500	5777480.500	4675241.000	     -0.051	     -0.035	     -0.032	
 2018/06/21	   1.475	   1.486	   1.441	   1.441	      617408832	      1.505	      1.560	      1.612	      1.688	           	      0.000	6174088.500	6342895.500	4970897.000	     -0.058	     -0.040	     -0.037	
 2018/06/22	   1.434	   1.473	   1.427	   1.466	      650918912	      1.481	      1.543	      1.598	      1.686	           	      0.000	6509189.000	6714435.500	5399091.000	     -0.061	     -0.044	     -0.034	
 2018/06/25	   1.479	   1.482	   1.454	   1.455	      423709536	      1.461	      1.526	      1.586	      1.682	           	      0.000	4237095.500	6481819.000	5442272.000	     -0.063	     -0.048	     -0.031	
 2018/06/26	   1.444	   1.488	   1.437	   1.485	      666832640	      1.465	      1.515	      1.575	      1.678	           	      0.000	6668326.500	6222007.000	5730610.500	     -0.062	     -0.051	     -0.023	
 2018/06/27	   1.479	   1.489	   1.462	   1.466	      515196864	      1.463	      1.500	      1.564	      1.673	           	      0.000	5151968.500	5748133.500	5762807.000	     -0.062	     -0.053	     -0.018	
 2018/06/28	   1.463	   1.487	   1.459	   1.462	      466106304	      1.467	      1.486	      1.556	      1.669	           	      0.000	4661063.000	5445528.500	5894212.000	     -0.061	     -0.055	     -0.014	
 2018/06/29	   1.464	   1.527	   1.464	   1.524	      674812544	      1.478	      1.480	      1.550	      1.664	           	      0.000	6748125.500	5493316.000	6103875.500	     -0.055	     -0.055	     -0.001	
 2018/07/02	   1.522	   1.526	   1.489	   1.503	      561923840	      1.488	      1.475	      1.544	      1.660	           	      0.000	5619238.500	5769744.500	6125781.500	     -0.052	     -0.054	      0.005	
 2018/07/03	   1.507	   1.531	   1.477	   1.520	      793799744	      1.495	      1.480	      1.539	      1.656	           	      0.000	7937997.500	6023678.500	6122843.000	     -0.047	     -0.053	      0.012	
 2018/07/04	   1.511	   1.514	   1.476	   1.486	      481575008	      1.499	      1.481	      1.531	      1.651	           	      0.000	4815750.000	5956435.000	5852284.000	     -0.045	     -0.051	      0.012	
 2018/07/05	   1.479	   1.496	   1.451	   1.452	      532649088	      1.497	      1.482	      1.521	      1.647	           	      0.000	5326491.000	6089520.500	5767524.500	     -0.046	     -0.050	      0.008	
 2018/07/06	   1.451	   1.493	   1.443	   1.464	      765353856	      1.485	      1.482	      1.512	      1.642	           	      0.000	7653538.500	6270603.000	5881959.500	     -0.045	     -0.049	      0.008	
 2018/07/09	   1.474	   1.505	   1.470	   1.504	      656216512	      1.485	      1.487	      1.507	      1.638	           	      0.000	6562165.000	6459188.500	6114466.500	     -0.041	     -0.048	      0.013	
 2018/07/10	   1.505	   1.517	   1.500	   1.516	      465350080	      1.484	      1.490	      1.502	      1.635	           	      0.000	4653501.000	5802289.000	5912984.000	     -0.036	     -0.045	      0.018	
 2018/07/11	   1.490	   1.500	   1.468	   1.488	      705609024	      1.485	      1.492	      1.496	      1.631	           	      0.000	7056090.000	6250357.000	6103396.000	     -0.034	     -0.043	      0.018	
 2018/07/12	   1.490	   1.545	   1.489	   1.540	      773575296	      1.502	      1.500	      1.493	      1.628	           	      0.000	7735753.000	6732209.500	6410865.000	     -0.028	     -0.040	      0.024	
 2018/07/13	   1.537	   1.548	   1.532	   1.542	      469487328	      1.518	      1.502	      1.491	      1.626	           	      0.000	4694873.500	6140476.500	6205540.000	     -0.023	     -0.037	      0.027	
 2018/07/16	   1.536	   1.546	   1.528	   1.542	      291748512	      1.526	      1.505	      1.490	      1.623	           	      0.000	2917485.000	5411540.500	5935364.500	     -0.019	     -0.033	      0.029	
 2018/07/17	   1.540	   1.545	   1.521	   1.543	      378066976	      1.531	      1.508	      1.494	      1.620	           	      0.000	3780669.750	5236974.000	5519631.500	     -0.015	     -0.030	      0.029	
 2018/07/18	   1.545	   1.557	   1.531	   1.532	      398545856	      1.540	      1.512	      1.497	      1.617	           	      0.000	3985458.500	4622848.000	5436602.500	     -0.013	     -0.026	      0.027	
 2018/07/19	   1.532	   1.543	   1.508	   1.514	      442370048	      1.535	      1.518	      1.500	      1.615	           	      0.000	4423700.500	3960437.500	5346323.500	     -0.012	     -0.023	      0.022	
 2018/07/20	   1.511	   1.540	   1.505	   1.535	      501005760	      1.533	      1.526	      1.504	      1.612	           	      0.000	5010057.500	4023474.250	5081975.500	     -0.010	     -0.021	      0.021	
 2018/07/23	   1.534	   1.541	   1.515	   1.540	      516696288	      1.533	      1.529	      1.508	      1.609	           	      0.000	5166963.000	4473370.000	4942455.000	     -0.008	     -0.018	      0.020	
 2018/07/24	   1.540	   1.562	   1.530	   1.549	      565866112	      1.534	      1.533	      1.511	      1.607	           	      0.000	5658661.000	4848968.000	5042971.000	     -0.006	     -0.016	      0.020	
 2018/07/25	   1.549	   1.567	   1.547	   1.551	      460327168	      1.538	      1.539	      1.515	      1.604	           	      0.000	4603271.500	4972530.500	4797689.500	     -0.003	     -0.013	      0.020	
 2018/07/26	   1.551	   1.557	   1.526	   1.534	      418610720	      1.542	      1.538	      1.519	      1.602	           	      0.000	4186107.250	4925012.000	4442725.000	     -0.003	     -0.011	      0.017	
 2018/07/27	   1.529	   1.532	   1.515	   1.518	      446220576	      1.538	      1.536	      1.519	      1.598	           	      0.000	4462206.000	4815442.000	4419458.000	     -0.004	     -0.010	      0.012	
 2018/07/30	   1.514	   1.520	   1.482	   1.484	      627848768	      1.527	      1.530	      1.518	      1.594	           	      0.000	6278487.500	5037746.500	4755558.000	     -0.007	     -0.009	      0.004	
 2018/07/31	   1.483	   1.499	   1.481	   1.489	      424435040	      1.515	      1.525	      1.516	      1.590	           	      0.000	4244350.500	4754884.500	4801926.500	     -0.009	     -0.009	     -0.000	
 2018/08/01	   1.494	   1.507	   1.471	   1.471	      447031648	      1.499	      1.518	      1.515	      1.585	           	      0.000	4470316.500	4728293.500	4850412.000	     -0.012	     -0.010	     -0.005	
 2018/08/02	   1.465	   1.467	   1.415	   1.440	      812704576	      1.480	      1.511	      1.515	      1.580	           	      0.000	8127046.000	5516481.500	5220746.500	     -0.017	     -0.011	     -0.012	
 2018/08/03	   1.440	   1.450	   1.411	   1.414	      734884800	      1.460	      1.499	      1.512	      1.574	           	      0.000	7348848.000	6093809.500	5454625.500	     -0.023	     -0.014	     -0.018	
 2018/08/06	   1.405	   1.416	   1.368	   1.374	     1201911296	      1.438	      1.482	      1.506	      1.568	           	      0.000	12019113.000	7241935.000	6139840.500	     -0.030	     -0.017	     -0.026	
 2018/08/07	   1.381	   1.412	   1.369	   1.412	      923415360	      1.422	      1.469	      1.501	      1.563	           	      0.000	9234154.000	8239895.500	6497390.000	     -0.032	     -0.020	     -0.025	
 2018/08/08	   1.403	   1.408	   1.379	   1.381	      686612928	      1.404	      1.452	      1.495	      1.557	           	      0.000	6866129.500	8719058.000	6723676.000	     -0.036	     -0.023	     -0.026	
 2018/08/09	   1.379	   1.437	   1.376	   1.426	     1002565184	      1.401	      1.441	      1.490	      1.551	           	      0.000	10025652.000	9098779.000	7307630.500	     -0.035	     -0.026	     -0.019	
 2018/08/10	   1.424	   1.441	   1.421	   1.437	      570060992	      1.406	      1.433	      1.484	      1.547	           	      0.000	5700610.000	8769132.000	7431470.500	     -0.033	     -0.027	     -0.012	
 2018/08/13	   1.422	   1.460	   1.420	   1.458	      664620224	      1.423	      1.430	      1.480	      1.542	           	      0.000	6646202.000	7694549.500	7468242.000	     -0.030	     -0.028	     -0.004	
 2018/08/14	   1.454	   1.458	   1.440	   1.446	      520563808	      1.430	      1.426	      1.475	      1.537	           	      0.000	5205638.000	6888846.500	7564371.000	     -0.028	     -0.028	      0.000	
 2018/08/15	   1.445	   1.446	   1.403	   1.409	      709061440	      1.435	      1.420	      1.469	      1.531	           	      0.000	7090614.500	6933743.500	7826400.500	     -0.028	     -0.028	     -0.001	
 2018/08/16	   1.391	   1.419	   1.381	   1.396	      783364928	      1.429	      1.415	      1.463	      1.525	           	      0.000	7833649.500	6495343.000	7797061.000	     -0.030	     -0.028	     -0.003	
 2018/08/17	   1.407	   1.410	   1.366	   1.369	      912050624	      1.416	      1.411	      1.455	      1.519	           	      0.000	9120506.000	7179322.000	7974227.000	     -0.033	     -0.029	     -0.007	
 2018/08/20	   1.363	   1.376	   1.340	   1.367	     1016869120	      1.397	      1.410	      1.446	      1.513	           	      0.000	10168691.000	7883820.000	7789184.500	     -0.035	     -0.030	     -0.009	
 2018/08/21	   1.366	   1.393	   1.363	   1.387	      854749312	      1.386	      1.408	      1.438	      1.508	           	      0.000	8547493.000	8552191.000	7720518.500	     -0.034	     -0.031	     -0.007	
 2018/08/22	   1.385	   1.389	   1.370	   1.375	      448810080	      1.379	      1.407	      1.429	      1.503	           	      0.000	4488101.000	8031688.000	7482715.500	     -0.035	     -0.032	     -0.006	
 2018/08/23	   1.376	   1.395	   1.373	   1.388	      605913792	      1.377	      1.403	      1.422	      1.499	           	      0.000	6059138.000	7676786.000	7086064.500	     -0.034	     -0.032	     -0.003	
 2018/08/24	   1.380	   1.394	   1.376	   1.382	      389629184	      1.380	      1.398	      1.415	      1.495	           	      0.000	3896291.750	6631943.000	6905632.500	     -0.033	     -0.032	     -0.001	
 2018/08/27	   1.387	   1.426	   1.385	   1.426	      823742144	      1.392	      1.395	      1.412	      1.491	           	      0.000	8237421.500	6245689.000	7064754.500	     -0.028	     -0.031	      0.007	
 2018/08/28	   1.425	   1.429	   1.416	   1.423	      408248000	      1.399	      1.392	      1.409	      1.488	           	      0.000	4082480.000	5352686.500	6952438.500	     -0.024	     -0.030	      0.011	
 2018/08/29	   1.420	   1.421	   1.405	   1.411	      386606272	      1.406	      1.392	      1.406	      1.484	           	      0.000	3866062.750	5228279.000	6629983.500	     -0.022	     -0.029	      0.012	
 2018/08/30	   1.410	   1.415	   1.389	   1.389	      514406592	      1.406	      1.392	      1.403	      1.480	           	      0.000	5144066.000	5045264.500	6361025.000	     -0.022	     -0.027	      0.010	
 2018/08/31	   1.383	   1.387	   1.366	   1.369	      561449344	      1.404	      1.392	      1.401	      1.475	           	      0.000	5614493.500	5388905.000	6010424.000	     -0.023	     -0.026	      0.006	
 2018/09/03	   1.364	   1.379	   1.350	   1.375	      583682496	      1.393	      1.393	      1.401	      1.471	           	      0.000	5836825.000	4908785.500	5577237.000	     -0.023	     -0.026	      0.005	
 2018/09/04	   1.373	   1.394	   1.365	   1.385	      674041024	      1.386	      1.392	      1.400	      1.468	           	      0.000	6740410.000	5440371.500	5396529.000	     -0.023	     -0.025	      0.005	
 2018/09/05	   1.380	   1.387	   1.363	   1.363	      513193728	      1.376	      1.391	      1.399	      1.463	           	      0.000	5131937.500	5693546.500	5460912.500	     -0.023	     -0.025	      0.003	
 2018/09/06	   1.358	   1.377	   1.351	   1.355	      699445824	      1.369	      1.388	      1.395	      1.459	           	      0.000	6994458.000	6063625.000	5554444.500	     -0.024	     -0.025	      0.001	
 2018/09/07	   1.360	   1.386	   1.351	   1.360	      861288256	      1.368	      1.386	      1.392	      1.456	           	      0.000	8612883.000	6663302.500	6026103.500	     -0.024	     -0.025	      0.001	
 2018/09/10	   1.353	   1.360	   1.325	   1.327	      835087808	      1.358	      1.376	      1.385	      1.452	           	      0.000	8350878.000	7166113.500	6037449.500	     -0.027	     -0.025	     -0.003	
 2018/09/11	   1.327	   1.342	   1.320	   1.332	      571735296	      1.347	      1.367	      1.379	      1.449	           	      0.000	5717353.000	6961502.000	6200936.500	     -0.028	     -0.026	     -0.005	
 2018/09/12	   1.331	   1.341	   1.320	   1.320	      714772160	      1.339	      1.358	      1.375	      1.447	           	      0.000	7147721.500	7364658.500	6529102.500	     -0.030	     -0.026	     -0.006	
 2018/09/13	   1.336	   1.341	   1.307	   1.326	     1102697088	      1.333	      1.351	      1.371	      1.445	           	      0.000	11026971.000	8171161.500	7117393.000	     -0.030	     -0.027	     -0.006	
 2018/09/14	   1.326	   1.332	   1.304	   1.304	      811994432	      1.322	      1.345	      1.368	      1.442	           	      0.000	8119944.500	8072573.500	7367938.000	     -0.032	     -0.028	     -0.007	
 2018/09/17	   1.296	   1.302	   1.282	   1.288	      713533504	      1.314	      1.336	      1.364	      1.439	           	      0.000	7135335.000	7829465.000	7497789.000	     -0.034	     -0.029	     -0.010	
 2018/09/18	   1.286	   1.314	   1.283	   1.312	      790501504	      1.310	      1.329	      1.360	      1.437	           	      0.000	7905015.000	8266997.500	7614249.500	     -0.034	     -0.030	     -0.007	
 2018/09/19	   1.308	   1.339	   1.303	   1.324	      987834304	      1.311	      1.325	      1.358	      1.434	           	      0.000	9878343.000	8813122.000	8088890.000	     -0.032	     -0.030	     -0.003	
 2018/09/20	   1.321	   1.333	   1.319	   1.320	      445515328	      1.310	      1.321	      1.355	      1.432	           	      0.000	4455153.500	7498758.000	7834960.000	     -0.030	     -0.030	      0.000	
 2018/09/21	   1.325	   1.346	   1.317	   1.343	      768413888	      1.317	      1.320	      1.353	      1.429	           	      0.000	7684139.000	7411597.000	7742085.500	     -0.027	     -0.030	      0.005	
 2018/09/25	   1.333	   1.347	   1.331	   1.338	      690189568	      1.327	      1.321	      1.348	      1.426	           	      0.000	6901895.500	7364909.000	7597187.000	     -0.025	     -0.029	      0.008	
 2018/09/26	   1.339	   1.361	   1.334	   1.352	      676744000	      1.335	      1.323	      1.345	      1.423	           	      0.000	6767440.000	7137394.000	7702196.000	     -0.021	     -0.027	      0.012	
 2018/09/27	   1.350	   1.353	   1.332	   1.333	      522258368	      1.337	      1.324	      1.341	      1.421	           	      0.000	5222583.500	6206242.500	7509682.000	     -0.020	     -0.026	      0.012	
 2018/09/28	   1.337	   1.346	   1.327	   1.346	      612598592	      1.342	      1.326	      1.339	      1.419	           	      0.000	6125986.000	6540409.000	7019583.500	     -0.018	     -0.024	      0.013	
 2018/10/08	   1.317	   1.322	   1.286	   1.289	      721193472	      1.332	      1.324	      1.335	      1.416	           	      0.000	7211934.500	6445968.000	6928782.500	     -0.020	     -0.023	      0.006	
 2018/10/09	   1.294	   1.301	   1.275	   1.283	      641496576	      1.321	      1.324	      1.330	      1.412	           	      0.000	6414966.000	6348582.000	6856745.500	     -0.022	     -0.023	      0.002	
 2018/10/10	   1.284	   1.293	   1.271	   1.282	      567926976	      1.307	      1.321	      1.325	      1.408	           	      0.000	5679270.000	6130948.000	6634171.000	     -0.024	     -0.023	     -0.001	
 2018/10/11	   1.243	   1.249	   1.190	   1.196	     1113368704	      1.279	      1.308	      1.316	      1.404	           	      0.000	11133687.000	7313168.500	6759705.500	     -0.032	     -0.025	     -0.014	
 2018/10/12	   1.192	   1.215	   1.173	   1.206	      992660608	      1.251	      1.297	      1.309	      1.398	           	      0.000	9926606.000	8073292.500	7306851.000	     -0.037	     -0.027	     -0.019	
 2018/10/15	   1.205	   1.220	   1.189	   1.190	      574788864	      1.231	      1.281	      1.301	      1.392	           	      0.000	5747888.500	7780483.500	7113225.500	     -0.041	     -0.030	     -0.023	
 2018/10/16	   1.192	   1.195	   1.154	   1.160	      949381056	      1.207	      1.264	      1.292	      1.386	           	      0.000	9493811.000	8396252.000	7372417.000	     -0.047	     -0.034	     -0.027	
 2018/10/17	   1.173	   1.182	   1.149	   1.174	     1251677312	      1.185	      1.246	      1.284	      1.380	           	      0.000	12516773.000	9763753.000	7947350.500	     -0.050	     -0.037	     -0.026	
 2018/10/18	   1.163	   1.173	   1.151	   1.153	     1250452864	      1.177	      1.228	      1.276	      1.373	           	      0.000	12504529.000	10037922.000	8675545.000	     -0.053	     -0.040	     -0.026	
 2018/10/19	   1.141	   1.197	   1.136	   1.189	     1397131776	      1.173	      1.212	      1.269	      1.368	           	      0.000	13971318.000	10846864.000	9460078.000	     -0.052	     -0.043	     -0.019	
 2018/10/22	   1.220	   1.268	   1.211	   1.260	     1808360192	      1.187	      1.209	      1.267	      1.363	           	      0.000	18083602.000	13314007.000	10547245.000	     -0.045	     -0.043	     -0.004	
 2018/10/23	   1.260	   1.263	   1.222	   1.231	     1124307456	      1.201	      1.204	      1.264	      1.358	           	      0.000	11243075.000	13663859.000	11030056.000	     -0.042	     -0.043	      0.002	
 2018/10/24	   1.231	   1.246	   1.220	   1.226	      866827904	      1.212	      1.199	      1.260	      1.353	           	      0.000	8668279.000	12894161.000	11328957.000	     -0.039	     -0.042	      0.007	
 2018/10/25	   1.190	   1.224	   1.183	   1.216	     1347196416	      1.224	      1.201	      1.254	      1.347	           	      0.000	13471964.000	13087648.000	11562785.000	     -0.037	     -0.041	      0.008	
 2018/10/26	   1.221	   1.233	   1.198	   1.203	      820054656	      1.227	      1.200	      1.248	      1.342	           	      0.000	8200546.500	11933493.000	11390179.000	     -0.036	     -0.040	      0.008	
 2018/10/29	   1.205	   1.213	   1.188	   1.192	      823147776	      1.214	      1.200	      1.241	      1.336	           	      0.000	8231478.000	9963068.000	11638538.000	     -0.036	     -0.039	      0.007	
 2018/10/30	   1.189	   1.221	   1.168	   1.204	     1158494848	      1.208	      1.205	      1.234	      1.332	           	      0.000	11584948.000	10031443.000	11847651.000	     -0.034	     -0.038	      0.008	
 2018/10/31	   1.205	   1.229	   1.201	   1.216	     1136081408	      1.206	      1.209	      1.227	      1.327	           	      0.000	11360814.000	10569950.000	11732055.000	     -0.031	     -0.037	      0.011	
 2018/11/01	   1.231	   1.253	   1.227	   1.227	     1394336384	      1.208	      1.216	      1.222	      1.323	           	      0.000	13943364.000	10664230.000	11875939.000	     -0.028	     -0.035	      0.014	
 2018/11/02	   1.280	   1.292	   1.257	   1.291	     1939605888	      1.226	      1.227	      1.219	      1.321	           	      0.000	19396058.000	12903332.000	12418413.000	     -0.020	     -0.032	      0.024	
 2018/11/05	   1.284	   1.308	   1.261	   1.287	     1678620928	      1.245	      1.229	      1.219	      1.318	           	      0.000	16786210.000	14614279.000	12288674.000	     -0.014	     -0.028	      0.029	
 2018/11/06	   1.278	   1.287	   1.263	   1.286	      935563776	      1.261	      1.235	      1.219	      1.317	           	      0.000	9355638.000	14168417.000	12099930.000	     -0.009	     -0.025	      0.031	
 2018/11/07	   1.287	   1.303	   1.280	   1.282	      910579328	      1.275	      1.240	      1.219	      1.315	           	      0.000	9105793.000	13717413.000	12143681.000	     -0.006	     -0.021	      0.030	
 2018/11/08	   1.293	   1.295	   1.264	   1.265	      660807168	      1.282	      1.245	      1.223	      1.313	           	      0.000	6608071.500	12250354.000	11457292.000	     -0.004	     -0.017	      0.027	
 2018/11/09	   1.256	   1.272	   1.252	   1.260	      701614976	      1.276	      1.251	      1.226	      1.310	           	      0.000	7016150.000	9774372.000	11338852.000	     -0.003	     -0.015	      0.023	
 2018/11/12	   1.258	   1.307	   1.256	   1.305	     1201553536	      1.280	      1.262	      1.231	      1.308	           	      0.000	12015535.000	8820238.000	11717258.000	      0.001	     -0.011	      0.025	
 2018/11/13	   1.293	   1.333	   1.291	   1.326	     1761875328	      1.288	      1.275	      1.240	      1.306	           	      0.000	17618754.000	10472861.000	12320639.000	      0.006	     -0.008	      0.028	
 2018/11/14	   1.321	   1.333	   1.315	   1.320	      753617984	      1.295	      1.285	      1.247	      1.304	           	      0.000	7536180.000	10158938.000	11938175.000	      0.010	     -0.004	      0.028	
 2018/11/15	   1.315	   1.338	   1.314	   1.336	      678250944	      1.309	      1.296	      1.256	      1.302	           	      0.000	6782509.500	10193826.000	11222090.000	      0.013	     -0.001	      0.028	
 2018/11/16	   1.337	   1.345	   1.322	   1.332	      907042112	      1.324	      1.300	      1.263	      1.301	           	      0.000	9070421.000	10604680.000	10189526.000	      0.016	      0.003	      0.027	
 2018/11/19	   1.328	   1.332	   1.310	   1.325	     1007134080	      1.328	      1.304	      1.266	      1.301	           	      0.000	10071341.000	10215841.000	9518039.000	      0.017	      0.005	      0.023	
 2018/11/20	   1.316	   1.317	   1.282	   1.291	      870246976	      1.321	      1.304	      1.270	      1.299	           	      0.000	8702470.000	8432584.000	9452722.000	      0.015	      0.007	      0.016	
 2018/11/21	   1.285	   1.296	   1.274	   1.294	      823944064	      1.316	      1.305	      1.273	      1.298	           	      0.000	8239440.500	8573236.000	9366087.000	      0.014	      0.009	      0.010	
 2018/11/22	   1.294	   1.302	   1.282	   1.285	      643584448	      1.305	      1.307	      1.276	      1.296	           	      0.000	6435844.500	8503903.000	9348865.000	      0.012	      0.009	      0.005	
 2018/11/23	   1.289	   1.289	   1.244	   1.248	      905606080	      1.289	      1.306	      1.279	      1.294	           	      0.000	9056061.000	8501031.000	9552856.000	      0.007	      0.009	     -0.004	
 2018/11/26	   1.247	   1.254	   1.234	   1.244	      440778496	      1.272	      1.300	      1.281	      1.292	           	      0.000	4407785.000	7368320.000	8792081.000	      0.003	      0.008	     -0.009	
 2018/11/27	   1.251	   1.259	   1.245	   1.253	      513019712	      1.265	      1.293	      1.284	      1.289	           	      0.000	5130197.000	6653865.500	7543225.000	      0.001	      0.006	     -0.011	
 2018/11/28	   1.253	   1.277	   1.243	   1.277	      653465920	      1.261	      1.288	      1.287	      1.286	           	      0.000	6534659.000	6312909.500	7443073.000	      0.001	      0.005	     -0.009	
 2018/11/29	   1.284	   1.287	   1.245	   1.247	      726823616	      1.254	      1.280	      1.288	      1.284	           	      0.000	7268236.000	6479387.500	7491645.500	     -0.002	      0.004	     -0.011	
 2018/11/30	   1.244	   1.269	   1.241	   1.264	      661689152	      1.257	      1.273	      1.286	      1.281	           	      0.000	6616891.500	5991553.500	7246292.500	     -0.002	      0.002	     -0.010	
 2018/12/03	   1.301	   1.316	   1.292	   1.310	      930341888	      1.270	      1.271	      1.288	      1.280	           	      0.000	9303419.000	6970680.500	7169500.500	      0.001	      0.002	     -0.003	
 2018/12/04	   1.308	   1.315	   1.303	   1.315	      534553312	      1.283	      1.274	      1.289	      1.279	           	      0.000	5345533.000	7013747.500	6833806.500	      0.004	      0.002	      0.003	
 2018/12/05	   1.297	   1.326	   1.293	   1.315	      807198016	      1.290	      1.276	      1.291	      1.278	           	      0.000	8071980.000	7321212.000	6817060.500	      0.006	      0.003	      0.006	
 2018/12/06	   1.305	   1.313	   1.277	   1.280	      660117632	      1.297	      1.275	      1.291	      1.277	           	      0.000	6601176.500	7187800.000	6833594.000	      0.005	      0.004	      0.003	
 2018/12/07	   1.284	   1.287	   1.273	   1.275	      369263808	      1.299	      1.278	      1.292	      1.276	           	      0.000	3692638.000	6602949.500	6297251.500	      0.004	      0.004	      0.000	
 2018/12/10	   1.269	   1.277	   1.263	   1.264	      388018816	      1.290	      1.280	      1.290	      1.274	           	      0.000	3880188.250	5518303.000	6244492.000	      0.002	      0.003	     -0.003	
 2018/12/11	   1.269	   1.277	   1.266	   1.277	      381090656	      1.282	      1.282	      1.288	      1.273	           	      0.000	3810906.500	5211378.000	6112563.000	      0.001	      0.003	     -0.003	
 2018/12/12	   1.283	   1.286	   1.273	   1.276	      379547936	      1.274	      1.282	      1.285	      1.272	           	      0.000	3795479.250	4356077.500	5838645.000	      0.001	      0.002	     -0.003	
 2018/12/13	   1.277	   1.295	   1.265	   1.286	      708338048	      1.276	      1.286	      1.283	      1.272	           	      0.000	7083380.500	4452518.500	5820159.000	      0.001	      0.002	     -0.002	
 2018/12/14	   1.282	   1.283	   1.247	   1.248	      786251584	      1.270	      1.285	      1.279	      1.270	           	      0.000	7862516.000	5286494.000	5944721.500	     -0.002	      0.001	     -0.006	
 2018/12/17	   1.242	   1.247	   1.227	   1.240	      742826240	      1.265	      1.278	      1.274	      1.269	           	      0.000	7428262.500	5996109.000	5757206.000	     -0.004	      0.000	     -0.009	
 2018/12/18	   1.232	   1.248	   1.224	   1.232	      834971840	      1.256	      1.269	      1.271	      1.268	           	      0.000	8349718.500	6903871.500	6057624.500	     -0.007	     -0.001	     -0.012	
 2018/12/19	   1.234	   1.235	   1.207	   1.209	      641367808	      1.243	      1.259	      1.267	      1.267	           	      0.000	6413678.000	7427511.000	5891794.500	     -0.011	     -0.003	     -0.016	
 2018/12/20	   1.209	   1.223	   1.206	   1.219	      623531776	      1.230	      1.253	      1.264	      1.265	           	      0.000	6235318.000	7257898.500	5855208.500	     -0.013	     -0.005	     -0.016	
 2018/12/21	   1.216	   1.220	   1.203	   1.213	      638417344	      1.223	      1.246	      1.262	      1.263	           	      0.000	6384173.500	6962230.000	6124362.000	     -0.015	     -0.007	     -0.016	
 2018/12/24	   1.212	   1.228	   1.206	   1.226	      691322368	      1.220	      1.243	      1.261	      1.261	           	      0.000	6913223.500	6859222.500	6427665.500	     -0.015	     -0.009	     -0.013	
 2018/12/25	   1.216	   1.224	   1.191	   1.217	      932652608	      1.217	      1.237	      1.260	      1.259	           	      0.000	9326526.000	7054584.000	6979227.500	     -0.016	     -0.010	     -0.012	
 2018/12/26	   1.216	   1.225	   1.209	   1.211	      553874688	      1.217	      1.230	      1.256	      1.257	           	      0.000	5538747.000	6879597.500	7153554.500	     -0.017	     -0.012	     -0.011	
 2018/12/27	   1.229	   1.232	   1.191	   1.192	      645376384	      1.212	      1.221	      1.253	      1.254	           	      0.000	6453764.000	6923287.000	7090592.500	     -0.019	     -0.013	     -0.012	
 2018/12/28	   1.194	   1.202	   1.186	   1.194	      515985632	      1.208	      1.215	      1.250	      1.252	           	      0.000	5159856.500	6678423.500	6820327.000	     -0.021	     -0.015	     -0.012	
 2019/01/02	   1.198	   1.199	   1.176	   1.178	      600162240	      1.198	      1.209	      1.243	      1.250	           	      0.000	6001622.500	6496103.000	6677663.000	     -0.023	     -0.016	     -0.013	
 2019/01/03	   1.176	   1.189	   1.163	   1.164	      678406016	      1.188	      1.202	      1.236	      1.248	           	      0.000	6784060.000	5987610.000	6521097.000	     -0.025	     -0.018	     -0.014	
 2019/01/04	   1.155	   1.195	   1.152	   1.195	     1184044032	      1.185	      1.201	      1.230	      1.247	           	      0.000	11840440.000	7247948.500	7063773.000	     -0.024	     -0.019	     -0.010	
 2019/01/07	   1.197	   1.218	   1.193	   1.214	      979774272	      1.189	      1.200	      1.227	      1.247	           	      0.000	9797743.000	7916744.500	7420015.500	     -0.022	     -0.020	     -0.004	
 2019/01/08	   1.210	   1.217	   1.207	   1.211	      469910048	      1.192	      1.200	      1.223	      1.247	           	      0.000	4699100.500	7824593.000	7251508.500	     -0.020	     -0.020	     -0.000	
 2019/01/09	   1.212	   1.232	   1.207	   1.210	      737043328	      1.199	      1.199	      1.221	      1.247	           	      0.000	7370433.500	8098355.500	7297229.500	     -0.018	     -0.019	      0.003	
 2019/01/10	   1.208	   1.219	   1.203	   1.207	      424488160	      1.207	      1.198	      1.217	      1.248	           	      0.000	4244881.500	7590519.500	6789065.000	     -0.017	     -0.019	      0.004	
 2019/01/11	   1.207	   1.214	   1.201	   1.209	      430608576	      1.210	      1.197	      1.214	      1.249	           	      0.000	4306086.000	6083649.000	6665799.000	     -0.015	     -0.018	      0.005	
 2019/01/14	   1.210	   1.212	   1.193	   1.195	      423797760	      1.206	      1.198	      1.209	      1.249	           	      0.000	4237977.500	4971696.000	6444220.000	     -0.015	     -0.018	      0.005	
 2019/01/15	   1.194	   1.216	   1.189	   1.216	      672499904	      1.207	      1.200	      1.208	      1.250	           	      0.000	6724999.000	5376875.500	6600734.500	     -0.013	     -0.017	      0.007	
 2019/01/16	   1.214	   1.224	   1.210	   1.214	      589714240	      1.208	      1.204	      1.206	      1.249	           	      0.000	5897142.500	5082217.500	6590286.500	     -0.012	     -0.016	      0.008	
 2019/01/17	   1.215	   1.215	   1.198	   1.198	      590628096	      1.206	      1.207	      1.205	      1.249	           	      0.000	5906281.000	5414497.000	6502508.500	     -0.012	     -0.015	      0.006	
 2019/01/18	   1.203	   1.218	   1.198	   1.216	      640024128	      1.208	      1.209	      1.205	      1.248	           	      0.000	6400241.500	5833328.500	5958488.500	     -0.010	     -0.014	      0.008	
 2019/01/21	   1.218	   1.231	   1.213	   1.222	      660416640	      1.213	      1.210	      1.205	      1.248	           	      0.000	6604166.500	6306566.000	5639131.000	     -0.008	     -0.013	      0.009	
 2019/01/22	   1.219	   1.220	   1.196	   1.201	      568673536	      1.210	      1.209	      1.204	      1.248	           	      0.000	5686735.500	6098913.500	5737894.500	     -0.009	     -0.012	      0.007	
 2019/01/23	   1.198	   1.204	   1.194	   1.197	      332900864	      1.207	      1.207	      1.203	      1.249	           	      0.000	3329008.750	5585286.500	5333752.000	     -0.009	     -0.011	      0.005	
 2019/01/24	   1.199	   1.221	   1.197	   1.211	      684433728	      1.209	      1.208	      1.203	      1.249	           	      0.000	6844337.500	5772898.000	5593697.500	     -0.008	     -0.011	      0.006	
 2019/01/25	   1.212	   1.224	   1.209	   1.214	      622312896	      1.209	      1.208	      1.203	      1.249	           	      0.000	6223129.000	5737475.500	5785402.000	     -0.007	     -0.010	      0.006	
 2019/01/28	   1.220	   1.227	   1.205	   1.208	      548522048	      1.206	      1.210	      1.204	      1.248	           	      0.000	5485220.500	5513686.000	5910126.000	     -0.006	     -0.009	      0.006	
 2019/01/29	   1.205	   1.207	   1.180	   1.192	      762072576	      1.204	      1.207	      1.204	      1.247	           	      0.000	7620726.000	5900484.500	5999699.000	     -0.007	     -0.009	      0.003	
 2019/01/30	   1.183	   1.197	   1.182	   1.183	      456277280	      1.202	      1.204	      1.204	      1.245	           	      0.000	4562773.000	6147237.000	5866262.000	     -0.008	     -0.009	      0.000	
 2019/01/31	   1.183	   1.194	   1.172	   1.178	      747624448	      1.195	      1.202	      1.205	      1.243	           	      0.000	7476244.500	6273618.500	6023258.500	     -0.010	     -0.009	     -0.002	
 2019/02/01	   1.182	   1.222	   1.182	   1.221	     1038576448	      1.196	      1.203	      1.206	      1.242	           	      0.000	10385764.000	7106145.500	6421810.500	     -0.007	     -0.009	      0.003	
 2019/02/11	   1.223	   1.266	   1.223	   1.264	     1099841024	      1.208	      1.207	      1.208	      1.242	           	      0.000	10998410.000	8208783.500	6861235.000	     -0.002	     -0.007	      0.011	
 2019/02/12	   1.262	   1.281	   1.259	   1.278	      842474688	      1.225	      1.215	      1.212	      1.242	           	      0.000	8424747.000	8369587.500	7135036.000	      0.004	     -0.005	      0.017	
 2019/02/13	   1.279	   1.305	   1.277	   1.301	      878525312	      1.248	      1.225	      1.216	      1.242	           	      0.000	8785253.000	9214084.000	7680660.500	      0.010	     -0.002	      0.024	
 2019/02/14	   1.300	   1.313	   1.293	   1.304	      618071424	      1.274	      1.234	      1.221	      1.242	           	      0.000	6180714.000	8954978.000	7614298.000	      0.015	      0.001	      0.027	
 2019/02/15	   1.301	   1.314	   1.299	   1.302	      831774272	      1.290	      1.243	      1.226	      1.242	           	      0.000	8317742.500	8541373.000	7823759.500	      0.018	      0.005	      0.027	
 2019/02/18	   1.310	   1.357	   1.308	   1.357	      862815488	      1.308	      1.258	      1.234	      1.242	           	      0.000	8628155.000	8067322.500	8138053.000	      0.025	      0.009	      0.033	
 2019/02/19	   1.359	   1.368	   1.333	   1.346	     1218171136	      1.322	      1.273	      1.240	      1.242	           	      0.000	12181711.000	8818715.000	8594151.000	      0.029	      0.013	      0.033	
 2019/02/20	   1.346	   1.357	   1.330	   1.348	      695576128	      1.331	      1.290	      1.247	      1.243	           	      0.000	6955761.500	8452817.000	8833450.000	      0.032	      0.017	      0.031	
 2019/02/21	   1.344	   1.391	   1.340	   1.355	     1125811456	      1.342	      1.308	      1.255	      1.244	           	      0.000	11258115.000	9468297.000	9211637.000	      0.035	      0.020	      0.029	
 2019/02/22	   1.348	   1.406	   1.347	   1.406	     1008246528	      1.362	      1.326	      1.264	      1.246	           	      0.000	10082465.000	9821242.000	9181307.000	      0.041	      0.024	      0.033	
 2019/02/25	   1.432	   1.495	   1.416	   1.492	     1132208640	      1.389	      1.349	      1.278	      1.249	           	      0.000	11322086.000	10360028.000	9213675.000	      0.052	      0.030	      0.044	
 2019/02/26	   1.487	   1.519	   1.459	   1.479	     1418302720	      1.416	      1.369	      1.292	      1.253	           	      0.000	14183027.000	10760291.000	9789503.000	      0.059	      0.036	      0.046	
 2019/02/27	   1.475	   1.491	   1.436	   1.458	     1247473536	      1.438	      1.385	      1.305	      1.256	           	      0.000	12474735.000	11864086.000	10158451.000	      0.062	      0.041	      0.042	
 2019/02/28	   1.456	   1.482	   1.454	   1.470	      799775488	      1.461	      1.401	      1.318	      1.260	           	      0.000	7997755.000	11212014.000	10340155.000	      0.064	      0.046	      0.038	
 2019/03/01	   1.489	   1.502	   1.466	   1.500	      941094912	      1.480	      1.421	      1.332	      1.264	           	      0.000	9410949.000	11077710.000	10449476.000	      0.068	      0.050	      0.036	
 2019/03/04	   1.526	   1.582	   1.525	   1.556	     1237655552	      1.493	      1.441	      1.349	      1.269	           	      0.000	12376556.000	11288604.000	10824316.000	      0.075	      0.055	      0.039	
 2019/03/05	   1.548	   1.615	   1.526	   1.615	     1146040192	      1.520	      1.468	      1.371	      1.275	           	      0.000	11460402.000	10744079.000	10752185.000	      0.084	      0.061	      0.046	
 2019/03/06	   1.624	   1.641	   1.590	   1.635	     1425000576	      1.555	      1.497	      1.393	      1.280	           	      0.000	14250006.000	11099134.000	11481610.000	      0.091	      0.067	      0.049	
 2019/03/07	   1.628	   1.648	   1.597	   1.621	     1410782976	      1.585	      1.523	      1.415	      1.285	           	      0.000	14107830.000	12321149.000	11766581.000	      0.095	      0.073	      0.046	
 2019/03/08	   1.572	   1.644	   1.564	   1.584	     2008767488	      1.602	      1.541	      1.434	      1.290	           	      0.000	20087674.000	14456494.000	12767102.000	      0.094	      0.077	      0.035	
 2019/03/11	   1.600	   1.658	   1.581	   1.658	     1702480512	      1.623	      1.558	      1.453	      1.296	           	      0.000	17024806.000	15386144.000	13337374.000	      0.098	      0.081	      0.034	
 2019/03/12	   1.675	   1.715	   1.659	   1.696	     2281453312	      1.639	      1.579	      1.474	      1.303	           	      0.000	22814534.000	17656970.000	14200525.000	      0.104	      0.086	      0.036	
 2019/03/13	   1.690	   1.690	   1.608	   1.618	     2168807936	      1.635	      1.595	      1.490	      1.309	           	      0.000	21688080.000	19144584.000	15121859.000	      0.100	      0.089	      0.023	
 2019/03/14	   1.604	   1.625	   1.556	   1.583	     1837918464	      1.628	      1.607	      1.504	      1.314	           	      0.000	18379184.000	19998856.000	16160002.000	      0.094	      0.090	      0.008	
 2019/03/15	   1.596	   1.612	   1.572	   1.589	     1319889792	      1.629	      1.615	      1.518	      1.319	           	      0.000	13198898.000	18621100.000	16538797.000	      0.088	      0.089	     -0.003	
 2019/03/18	   1.598	   1.634	   1.581	   1.634	     1211471616	      1.624	      1.623	      1.532	      1.325	           	      0.000	12114716.000	17639082.000	16512613.000	      0.086	      0.089	     -0.005	
 2019/03/19	   1.633	   1.655	   1.619	   1.633	     1038336896	      1.611	      1.625	      1.546	      1.331	           	      0.000	10383369.000	15152849.000	16404910.000	      0.083	      0.087	     -0.008	
 2019/03/20	   1.628	   1.632	   1.583	   1.613	      969631040	      1.610	      1.623	      1.560	      1.338	           	      0.000	9696310.000	12754495.000	15949540.000	      0.079	      0.086	     -0.014	
 2019/03/21	   1.610	   1.643	   1.604	   1.627	     1169111040	      1.619	      1.623	      1.573	      1.344	           	      0.000	11691110.000	11416881.000	15707868.000	      0.075	      0.084	     -0.017	
 2019/03/22	   1.628	   1.629	   1.589	   1.621	     1307300864	      1.626	      1.627	      1.584	      1.351	           	      0.000	13073009.000	11391703.000	15006402.000	      0.071	      0.081	     -0.020	
 2019/03/25	   1.594	   1.622	   1.588	   1.598	      837728640	      1.618	      1.621	      1.589	      1.357	           	      0.000	8377286.500	10644217.000	14141650.000	      0.066	      0.078	     -0.025	
 2019/03/26	   1.608	   1.610	   1.554	   1.556	      783021312	      1.603	      1.607	      1.593	      1.363	           	      0.000	7830213.000	10133586.000	12643218.000	      0.057	      0.074	     -0.034	
 2019/03/27	   1.567	   1.574	   1.546	   1.568	      752600704	      1.594	      1.602	      1.599	      1.369	           	      0.000	7526007.000	9699525.000	11227010.000	      0.051	      0.069	     -0.037	
 2019/03/28	   1.557	   1.588	   1.553	   1.556	      755926080	      1.580	      1.599	      1.603	      1.375	           	      0.000	7559261.000	8873155.000	10145018.000	      0.044	      0.064	     -0.040	
 2019/03/29	   1.564	   1.627	   1.559	   1.624	     1187684480	      1.580	      1.603	      1.609	      1.381	           	      0.000	11876845.000	8633922.000	10012813.000	      0.044	      0.060	     -0.033	
 2019/04/01	   1.635	   1.695	   1.635	   1.694	     1059745728	      1.600	      1.609	      1.616	      1.390	           	      0.000	10597457.000	9077957.000	9861087.000	      0.049	      0.058	     -0.018	
 2019/04/02	   1.696	   1.704	   1.675	   1.682	      884264896	      1.625	      1.614	      1.620	      1.398	           	      0.000	8842649.000	9280444.000	9707015.000	      0.051	      0.056	     -0.011	
 2019/04/03	   1.673	   1.701	   1.669	   1.700	      662340096	      1.651	      1.623	      1.623	      1.407	           	      0.000	6623401.000	9099923.000	9399724.000	      0.054	      0.056	     -0.004	
 2019/04/04	   1.704	   1.710	   1.688	   1.701	      682736064	      1.680	      1.630	      1.627	      1.416	           	      0.000	6827360.500	8953542.000	8913349.000	      0.055	      0.056	     -0.001	
 2019/04/08	   1.709	   1.716	   1.645	   1.665	      854767616	      1.688	      1.634	      1.631	      1.423	           	      0.000	8547676.000	8287708.500	8460816.000	      0.053	      0.055	     -0.004	
 2019/04/09	   1.657	   1.677	   1.646	   1.667	      652720192	      1.683	      1.641	      1.631	      1.431	           	      0.000	6527202.000	7473657.500	8275807.000	      0.051	      0.054	     -0.007	
 2019/04/10	   1.657	   1.668	   1.639	   1.654	      610680064	      1.677	      1.651	      1.629	      1.438	           	      0.000	6106800.500	6926488.000	8103466.000	      0.047	      0.053	     -0.011	
 2019/04/11	   1.655	   1.657	   1.616	   1.619	      724528192	      1.661	      1.656	      1.629	      1.445	           	      0.000	7245282.000	7050864.000	8075393.500	      0.041	      0.051	     -0.018	
 2019/04/12	   1.616	   1.630	   1.611	   1.624	      589209536	      1.646	      1.663	      1.631	      1.452	           	      0.000	5892095.500	6863811.000	7908677.000	      0.037	      0.048	     -0.022	
 2019/04/15	   1.647	   1.651	   1.594	   1.596	      659602176	      1.632	      1.660	      1.632	      1.459	           	      0.000	6596022.000	6473480.500	7380594.500	      0.030	      0.044	     -0.028	
 2019/04/16	   1.586	   1.629	   1.568	   1.629	      968538496	      1.624	      1.654	      1.631	      1.466	           	      0.000	9685385.000	7105117.000	7289387.500	      0.028	      0.041	     -0.027	
 2019/04/17	   1.623	   1.655	   1.621	   1.642	      867652928	      1.622	      1.650	      1.632	      1.473	           	      0.000	8676529.000	7619062.500	7272775.500	      0.026	      0.038	     -0.024	
 2019/04/18	   1.637	   1.645	   1.629	   1.629	      384124224	      1.624	      1.643	      1.633	      1.480	           	      0.000	3841242.250	6938255.000	6994559.500	      0.024	      0.035	     -0.023	
 2019/04/19	   1.630	   1.645	   1.617	   1.645	      412543872	      1.628	      1.637	      1.633	      1.487	           	      0.000	4125438.750	6584923.500	6724367.500	      0.023	      0.033	     -0.020	
 2019/04/22	   1.645	   1.649	   1.617	   1.624	      526563936	      1.634	      1.633	      1.634	      1.494	           	      0.000	5265639.500	6318847.000	6396163.500	      0.020	      0.030	     -0.020	
 2019/04/23	   1.619	   1.636	   1.603	   1.610	      435621440	      1.630	      1.627	      1.634	      1.501	           	      0.000	4356214.500	5253013.000	6179065.000	      0.017	      0.028	     -0.021	
 2019/04/24	   1.616	   1.648	   1.603	   1.646	      808834816	      1.631	      1.626	      1.639	      1.508	           	      0.000	8088348.000	5135376.500	6377219.500	      0.017	      0.025	     -0.017	
 2019/04/25	   1.635	   1.649	   1.596	   1.598	      832796736	      1.625	      1.624	      1.640	      1.515	           	      0.000	8327967.500	6032721.500	6485488.000	      0.013	      0.023	     -0.020	
 2019/04/26	   1.591	   1.610	   1.584	   1.589	      639889216	      1.613	      1.621	      1.642	      1.521	           	      0.000	6398892.000	6487412.500	6536168.000	      0.009	      0.020	     -0.023	
 2019/04/29	   1.589	   1.594	   1.541	   1.549	      914815104	      1.598	      1.616	      1.638	      1.526	           	      0.000	9148151.000	7263914.500	6791381.000	      0.002	      0.017	     -0.028	
 2019/04/30	   1.546	   1.565	   1.540	   1.553	      522653568	      1.587	      1.609	      1.631	      1.532	           	      0.000	5226535.500	7437979.000	6345496.000	     -0.002	      0.013	     -0.030	
 2019/05/06	   1.496	   1.497	   1.421	   1.424	     1421437184	      1.543	      1.587	      1.618	      1.536	           	      0.000	14214372.000	8663184.000	6899280.000	     -0.016	      0.007	     -0.047	
 2019/05/07	   1.442	   1.460	   1.413	   1.438	      988560384	      1.511	      1.568	      1.605	      1.540	           	      0.000	9885604.000	8974711.000	7503716.500	     -0.026	      0.000	     -0.053	
 2019/05/08	   1.410	   1.450	   1.405	   1.419	      948146752	      1.477	      1.545	      1.591	      1.544	           	      0.000	9481468.000	9591226.000	8039319.000	     -0.035	     -0.007	     -0.056	
 2019/05/09	   1.410	   1.429	   1.405	   1.409	      874863168	      1.449	      1.523	      1.578	      1.548	           	      0.000	8748632.000	9511322.000	8387618.500	     -0.042	     -0.014	     -0.057	
 2019/05/10	   1.427	   1.473	   1.402	   1.465	     1432141056	      1.431	      1.509	      1.568	      1.551	           	      0.000	14321411.000	11330297.000	9384138.000	     -0.043	     -0.020	     -0.047	
 2019/05/13	   1.448	   1.457	   1.430	   1.441	      756719168	      1.434	      1.488	      1.557	      1.554	           	      0.000	7567191.500	10000861.000	9332022.000	     -0.045	     -0.025	     -0.040	
 2019/05/14	   1.432	   1.453	   1.430	   1.431	      684159744	      1.433	      1.472	      1.548	      1.556	           	      0.000	6841597.500	9392060.000	9183385.000	     -0.047	     -0.029	     -0.035	
 2019/05/15	   1.444	   1.469	   1.438	   1.462	      669114560	      1.442	      1.459	      1.540	      1.558	           	      0.000	6691145.500	8833996.000	9212611.000	     -0.045	     -0.032	     -0.026	
 2019/05/16	   1.461	   1.472	   1.451	   1.468	      464914016	      1.453	      1.451	      1.534	      1.561	           	      0.000	4649140.000	8014097.000	8762710.000	     -0.043	     -0.034	     -0.017	
 2019/05/17	   1.469	   1.471	   1.411	   1.416	      631317120	      1.444	      1.437	      1.523	      1.562	           	      0.000	6313171.000	6412449.000	8871373.000	     -0.045	     -0.037	     -0.017	
 2019/05/20	   1.412	   1.418	   1.391	   1.407	      755009984	      1.437	      1.436	      1.511	      1.563	           	      0.000	7550100.000	6409031.000	8204946.000	     -0.047	     -0.039	     -0.016	
 2019/05/21	   1.409	   1.441	   1.405	   1.430	      613807808	      1.437	      1.435	      1.501	      1.565	           	      0.000	6138078.000	6268327.000	7830193.500	     -0.046	     -0.040	     -0.011	
 2019/05/22	   1.428	   1.440	   1.415	   1.427	      460394336	      1.430	      1.436	      1.490	      1.566	           	      0.000	4603943.500	5850886.500	7342441.000	     -0.045	     -0.041	     -0.007	
 2019/05/23	   1.420	   1.422	   1.389	   1.392	      738402752	      1.414	      1.434	      1.479	      1.565	7384027.500	      1.000	7384027.500	6397864.000	7205980.500	     -0.046	     -0.042	     -0.008	
数据来源:通达信
