                  中盘ETF (510130)
      时间	    开盘	    最高	    最低	    收盘	         成交量	   MA.MA1   	   MA.MA2   	   MA.MA3   	   MA.MA4   	VOL-TDX.VVOL  	VOL-TDX.      	VOL-TDX.VOLUME	VOL-TDX.MAVOL1	VOL-TDX.MAVOL2	 MACD.DIF   	 MACD.DEA   	 MACD.MACD  	
 2010/09/02	   2.787	   2.825	   2.780	   2.817	        9696868	           	           	           	           	           	      0.000	  96968.680	           	           	      0.000	      0.000	      0.000	
 2010/09/03	   2.818	   2.828	   2.790	   2.815	        9748434	           	           	           	           	           	      0.000	  97484.344	           	           	     -0.000	     -0.000	     -0.000	
 2010/09/06	   2.816	   2.866	   2.816	   2.860	       12557434	           	           	           	           	           	      0.000	 125574.344	           	           	      0.003	      0.001	      0.005	
 2010/09/07	   2.858	   2.880	   2.853	   2.880	       11172579	           	           	           	           	           	      0.000	 111725.789	           	           	      0.008	      0.002	      0.011	
 2010/09/08	   2.857	   2.901	   2.857	   2.897	        7139130	      2.854	           	           	           	           	      0.000	  71391.297	 100628.891	           	      0.012	      0.004	      0.016	
 2010/09/09	   2.899	   2.908	   2.853	   2.854	       11621298	      2.861	           	           	           	           	      0.000	 116212.977	 104477.750	           	      0.012	      0.006	      0.013	
 2010/09/10	   2.850	   2.868	   2.818	   2.848	        5014342	      2.868	           	           	           	           	      0.000	  50143.422	  95009.563	           	      0.012	      0.007	      0.010	
 2010/09/13	   2.850	   2.902	   2.850	   2.890	        8766581	      2.874	           	           	           	           	      0.000	  87665.813	  87427.859	           	      0.014	      0.008	      0.012	
 2010/09/14	   2.899	   2.914	   2.885	   2.899	       10595114	      2.878	           	           	           	           	      0.000	 105951.141	  86272.930	           	      0.017	      0.010	      0.014	
 2010/09/15	   2.890	   2.899	   2.843	   2.849	        6832324	      2.868	      2.861	           	           	           	      0.000	  68323.242	  85659.320	  93144.102	      0.015	      0.011	      0.008	
 2010/09/16	   2.847	   2.868	   2.780	   2.799	        5783746	      2.857	      2.859	           	           	           	      0.000	  57837.461	  73984.219	  89230.984	      0.009	      0.011	     -0.003	
 2010/09/17	   2.813	   2.824	   2.791	   2.805	        3380923	      2.848	      2.858	           	           	           	      0.000	  33809.230	  70717.375	  82863.469	      0.005	      0.010	     -0.009	
 2010/09/20	   2.808	   2.816	   2.760	   2.763	        4392581	      2.823	      2.848	           	           	           	      0.000	  43925.809	  61969.375	  74698.617	     -0.001	      0.007	     -0.018	
 2010/09/21	   2.773	   2.785	   2.755	   2.773	        5864798	      2.798	      2.838	           	           	           	      0.000	  58647.980	  52508.746	  69390.836	     -0.006	      0.005	     -0.021	
 2010/09/27	   2.781	   2.841	   2.781	   2.840	        4567082	      2.796	      2.832	           	           	           	      0.000	  45670.820	  47978.262	  66818.789	     -0.004	      0.003	     -0.014	
 2010/09/28	   2.840	   2.848	   2.818	   2.828	        2245331	      2.802	      2.829	           	           	           	      0.000	  22453.311	  40901.430	  57442.824	     -0.003	      0.002	     -0.010	
 2010/09/29	   2.813	   2.846	   2.808	   2.810	        3128590	      2.803	      2.826	           	           	           	      0.000	  31285.900	  40396.766	  55557.070	     -0.004	      0.001	     -0.010	
 2010/09/30	   2.800	   2.857	   2.781	   2.854	        5805790	      2.821	      2.822	           	           	           	      0.000	  58057.898	  43223.184	  52596.281	     -0.001	      0.000	     -0.003	
 2010/10/08	   2.871	   2.968	   2.871	   2.956	       51371208	      2.858	      2.828	           	           	           	      0.000	 513712.094	 134236.000	  93372.375	      0.009	      0.002	      0.014	
 2010/10/11	   2.961	   3.039	   2.961	   3.013	       39208584	      2.892	      2.844	      2.852	           	           	      0.000	 392085.844	 203519.016	 125748.633	      0.022	      0.006	      0.031	
 2010/10/12	   3.013	   3.085	   2.990	   3.065	       98071000	      2.940	      2.871	      2.865	           	           	      0.000	 980710.000	 395170.344	 218035.891	      0.035	      0.012	      0.047	
 2010/10/13	   3.065	   3.106	   3.051	   3.101	       38636648	      2.998	      2.900	      2.879	           	           	      0.000	 386366.469	 466186.469	 253291.609	      0.049	      0.019	      0.059	
 2010/10/14	   3.106	   3.133	   3.065	   3.079	       49510488	      3.043	      2.932	      2.890	           	           	      0.000	 495104.875	 553595.875	 298409.531	      0.057	      0.027	      0.060	
 2010/10/15	   3.065	   3.148	   3.042	   3.146	       45906104	      3.081	      2.969	      2.903	           	           	      0.000	 459061.031	 542665.625	 338450.813	      0.068	      0.035	      0.066	
 2010/10/18	   3.151	   3.186	   3.090	   3.128	       61187576	      3.104	      2.998	      2.915	           	           	      0.000	 611875.750	 586623.625	 395071.313	      0.074	      0.043	      0.063	
 2010/10/19	   3.108	   3.220	   3.108	   3.214	       68241680	      3.134	      3.037	      2.933	           	           	      0.000	 682416.813	 526965.000	 461067.656	      0.085	      0.051	      0.068	
 2010/10/20	   3.200	   3.271	   3.140	   3.232	       61578084	      3.160	      3.079	      2.952	           	           	      0.000	 615780.813	 572847.875	 519517.156	      0.094	      0.060	      0.069	
 2010/10/21	   3.225	   3.279	   3.198	   3.246	       87129896	      3.193	      3.118	      2.970	           	           	      0.000	 871298.938	 648086.688	 600841.250	      0.101	      0.068	      0.067	
 2010/10/22	   3.231	   3.289	   3.230	   3.269	       38640368	      3.218	      3.149	      2.989	           	           	      0.000	 386403.688	 633555.188	 588110.438	      0.108	      0.076	      0.063	
 2010/10/25	   3.288	   3.365	   3.266	   3.362	       29853498	      3.265	      3.184	      3.014	           	           	      0.000	 298534.969	 570887.063	 578755.313	      0.119	      0.085	      0.069	
 2010/10/26	   3.361	   3.390	   3.331	   3.367	       30175686	      3.295	      3.214	      3.043	           	           	      0.000	 301756.875	 494755.063	 510860.031	      0.127	      0.093	      0.067	
 2010/10/27	   3.360	   3.385	   3.319	   3.320	       49410676	      3.313	      3.236	      3.068	           	           	      0.000	 494106.750	 470420.250	 521634.063	      0.128	      0.100	      0.055	
 2010/10/28	   3.301	   3.329	   3.279	   3.294	       40694120	      3.322	      3.258	      3.095	           	           	      0.000	 406941.188	 377548.688	 512817.688	      0.125	      0.105	      0.040	
 2010/10/29	   3.286	   3.322	   3.270	   3.311	       41156120	      3.331	      3.274	      3.122	           	           	      0.000	 411561.188	 382580.188	 508067.688	      0.122	      0.108	      0.028	
 2010/11/01	   3.301	   3.423	   3.301	   3.421	       15793893	      3.343	      3.304	      3.151	           	           	      0.000	 157938.938	 354461.000	 462674.000	      0.128	      0.112	      0.031	
 2010/11/02	   3.423	   3.489	   3.411	   3.415	       42848504	      3.352	      3.324	      3.180	           	           	      0.000	 428485.031	 379806.625	 437280.844	      0.131	      0.116	      0.029	
 2010/11/03	   3.401	   3.419	   3.351	   3.357	       43583392	      3.360	      3.336	      3.207	           	           	      0.000	 435833.906	 368152.063	 419286.156	      0.126	      0.118	      0.017	
 2010/11/04	   3.362	   3.442	   3.360	   3.439	       19740734	      3.389	      3.355	      3.237	           	           	      0.000	 197407.344	 326245.281	 351897.000	      0.128	      0.120	      0.016	
 2010/11/05	   3.471	   3.510	   3.461	   3.475	       10599861	      3.421	      3.376	      3.263	           	           	      0.000	 105998.609	 265132.750	 323856.469	      0.131	      0.122	      0.017	
 2010/11/08	   3.481	   3.528	   3.475	   3.526	       21240076	      3.442	      3.392	      3.288	           	           	      0.000	 212400.766	 276025.125	 315243.063	      0.136	      0.125	      0.022	
 2010/11/09	   3.527	   3.545	   3.508	   3.535	       23449200	      3.466	      3.409	      3.312	           	           	      0.000	 234492.000	 237226.531	 308516.563	      0.139	      0.128	      0.022	
 2010/11/10	   3.530	   3.530	   3.487	   3.515	       52629472	      3.498	      3.429	      3.333	           	           	      0.000	 526294.750	 255318.688	 311735.375	      0.138	      0.130	      0.016	
 2010/11/11	   3.500	   3.595	   3.500	   3.505	       35152060	      3.511	      3.450	      3.354	           	           	      0.000	 351520.594	 286141.344	 306193.313	      0.135	      0.131	      0.008	
 2010/11/12	   3.495	   3.581	   3.265	   3.266	       66364848	      3.469	      3.445	      3.360	           	           	      0.000	 663648.500	 397671.313	 331402.031	      0.112	      0.127	     -0.030	
 2010/11/15	   3.275	   3.340	   3.262	   3.333	       42937376	      3.431	      3.437	      3.370	           	           	      0.000	 429373.750	 441065.906	 358545.531	      0.098	      0.121	     -0.047	
 2010/11/16	   3.302	   3.349	   3.170	   3.189	      126803696	      3.362	      3.414	      3.369	           	           	      0.000	1268037.000	 647774.938	 442500.719	      0.074	      0.112	     -0.075	
 2010/11/17	   3.170	   3.194	   3.091	   3.106	       74338960	      3.280	      3.389	      3.363	           	           	      0.000	 743389.625	 691193.875	 473256.281	      0.048	      0.099	     -0.101	
 2010/11/18	   3.140	   3.170	   3.093	   3.142	       80303496	      3.207	      3.359	      3.357	           	           	      0.000	 803034.938	 781496.750	 533819.063	      0.030	      0.085	     -0.110	
 2010/11/19	   3.155	   3.235	   3.100	   3.198	       92892408	      3.194	      3.332	      3.354	           	           	      0.000	 928924.063	 834551.875	 616111.625	      0.020	      0.072	     -0.104	
 2010/11/22	   3.165	   3.260	   3.150	   3.206	       47471104	      3.168	      3.299	      3.346	           	           	      0.000	 474711.031	 843619.313	 642342.625	      0.013	      0.060	     -0.095	
 2010/11/23	   3.162	   3.226	   3.081	   3.125	       80213768	      3.155	      3.259	      3.334	           	           	      0.000	 802137.688	 750439.500	 699107.188	      0.001	      0.049	     -0.096	
 2010/11/24	   3.100	   3.220	   3.100	   3.218	       48942016	      3.178	      3.229	      3.329	           	           	      0.000	 489420.156	 699645.563	 695419.750	     -0.002	      0.038	     -0.080	
 2010/11/25	   3.222	   3.265	   3.221	   3.264	       38994460	      3.202	      3.205	      3.327	           	           	      0.000	 389944.594	 617027.500	 699262.125	      0.000	      0.031	     -0.061	
 2010/11/26	   3.260	   3.261	   3.212	   3.227	       47786392	      3.208	      3.201	      3.323	           	           	      0.000	 477863.906	 526815.500	 680683.688	     -0.001	      0.024	     -0.051	
 2010/11/29	   3.210	   3.257	   3.195	   3.232	       54589424	      3.213	      3.191	      3.314	           	           	      0.000	 545894.250	 541052.125	 692335.750	     -0.002	      0.019	     -0.042	
 2010/11/30	   3.230	   3.270	   3.096	   3.186	      102724752	      3.225	      3.190	      3.302	           	           	      0.000	1027247.500	 586074.063	 668256.750	     -0.006	      0.014	     -0.041	
 2010/12/01	   3.172	   3.192	   3.155	   3.180	       49919112	      3.218	      3.198	      3.293	           	           	      0.000	 499191.125	 588028.250	 643836.938	     -0.010	      0.009	     -0.038	
 2010/12/02	   3.214	   3.250	   3.196	   3.196	       27445996	      3.204	      3.203	      3.281	           	           	      0.000	 274459.969	 564931.375	 590979.438	     -0.012	      0.005	     -0.033	
 2010/12/03	   3.190	   3.215	   3.150	   3.174	       28472924	      3.194	      3.201	      3.266	           	           	      0.000	 284729.250	 526304.438	 526559.938	     -0.014	      0.001	     -0.031	
 2010/12/06	   3.190	   3.197	   3.152	   3.168	       19604400	      3.181	      3.197	      3.248	      3.130	           	      0.000	 196044.000	 456334.375	 498693.250	     -0.017	     -0.002	     -0.029	
 2010/12/07	   3.149	   3.218	   3.100	   3.201	       24071152	      3.184	      3.205	      3.232	      3.136	           	      0.000	 240711.516	 299027.188	 442550.625	     -0.016	     -0.005	     -0.022	
 2010/12/08	   3.187	   3.227	   3.181	   3.182	       36794820	      3.184	      3.201	      3.215	      3.142	           	      0.000	 367948.188	 272778.594	 430403.438	     -0.017	     -0.007	     -0.018	
 2010/12/09	   3.171	   3.188	   3.130	   3.137	       23195010	      3.172	      3.188	      3.197	      3.147	           	      0.000	 231950.094	 264276.625	 414603.969	     -0.021	     -0.010	     -0.021	
 2010/12/10	   3.130	   3.181	   3.113	   3.174	       24196572	      3.172	      3.183	      3.192	      3.152	           	      0.000	 241965.719	 255723.906	 391014.156	     -0.020	     -0.012	     -0.017	
 2010/12/13	   3.181	   3.305	   3.181	   3.292	       41263768	      3.197	      3.189	      3.190	      3.158	           	      0.000	 412637.688	 299042.625	 377688.500	     -0.011	     -0.012	      0.002	
 2010/12/14	   3.294	   3.330	   3.286	   3.310	       39266128	      3.219	      3.201	      3.196	      3.166	           	      0.000	 392661.281	 329432.594	 314229.875	     -0.002	     -0.010	      0.016	
 2010/12/15	   3.305	   3.328	   3.280	   3.283	       31645040	      3.239	      3.212	      3.205	      3.173	           	      0.000	 316450.406	 319133.031	 295955.813	      0.003	     -0.007	      0.021	
 2010/12/16	   3.281	   3.314	   3.265	   3.275	       17596484	      3.267	      3.220	      3.211	      3.180	           	      0.000	 175964.844	 307936.000	 286106.313	      0.007	     -0.004	      0.022	
 2010/12/17	   3.286	   3.290	   3.262	   3.277	       13938332	      3.287	      3.230	      3.215	      3.186	           	      0.000	 139383.313	 287419.500	 271571.719	      0.009	     -0.002	      0.022	
 2010/12/20	   3.302	   3.314	   3.154	   3.225	       60988564	      3.274	      3.236	      3.216	      3.192	           	      0.000	 609885.625	 326869.094	 312955.875	      0.007	      0.000	      0.014	
 2010/12/21	   3.221	   3.300	   3.221	   3.295	       32192736	      3.271	      3.245	      3.225	      3.200	           	      0.000	 321927.375	 312722.313	 321077.438	      0.011	      0.002	      0.017	
 2010/12/22	   3.297	   3.316	   3.270	   3.280	       38708220	      3.270	      3.255	      3.228	      3.208	           	      0.000	 387082.188	 326848.656	 322990.844	      0.013	      0.004	      0.017	
 2010/12/23	   3.279	   3.286	   3.223	   3.229	       33400702	      3.261	      3.264	      3.226	      3.216	           	      0.000	 334007.031	 358457.094	 333196.563	      0.010	      0.005	      0.009	
 2010/12/24	   3.202	   3.226	   3.171	   3.192	       24596550	      3.244	      3.266	      3.224	      3.223	           	      0.000	 245965.500	 379773.531	 333596.531	      0.004	      0.005	     -0.002	
 2010/12/27	   3.192	   3.259	   3.111	   3.133	       49049864	      3.226	      3.250	      3.219	      3.228	           	      0.000	 490498.625	 355896.156	 341382.625	     -0.005	      0.003	     -0.016	
 2010/12/28	   3.090	   3.190	   3.045	   3.063	       38605672	      3.179	      3.225	      3.213	      3.232	           	      0.000	 386056.719	 368722.000	 340722.156	     -0.017	     -0.001	     -0.033	
 2010/12/29	   3.060	   3.099	   3.047	   3.097	       20161876	      3.143	      3.207	      3.209	      3.237	           	      0.000	 201618.766	 331629.313	 329239.000	     -0.024	     -0.005	     -0.037	
 2010/12/30	   3.098	   3.139	   3.068	   3.094	       17522616	      3.116	      3.188	      3.204	      3.241	           	      0.000	 175226.156	 299873.156	 329165.125	     -0.029	     -0.010	     -0.038	
 2010/12/31	   3.100	   3.150	   3.100	   3.148	       13244102	      3.107	      3.176	      3.203	      3.244	           	      0.000	 132441.016	 277168.250	 328470.906	     -0.029	     -0.014	     -0.030	
 2011/01/04	   3.180	   3.230	   3.180	   3.228	       16128810	      3.126	      3.176	      3.206	      3.247	           	      0.000	 161288.094	 211326.156	 283611.156	     -0.022	     -0.016	     -0.013	
 2011/01/05	   3.212	   3.260	   3.203	   3.230	       34887084	      3.159	      3.169	      3.207	      3.250	           	      0.000	 348870.844	 203888.969	 286305.500	     -0.016	     -0.016	     -0.001	
 2011/01/06	   3.231	   3.260	   3.222	   3.226	       28061200	      3.185	      3.164	      3.209	      3.252	           	      0.000	 280612.000	 219687.625	 275658.469	     -0.011	     -0.015	      0.007	
 2011/01/07	   3.219	   3.256	   3.187	   3.211	       17665994	      3.209	      3.162	      3.213	      3.254	           	      0.000	 176659.938	 219974.375	 259923.766	     -0.009	     -0.014	      0.009	
 2011/01/10	   3.211	   3.226	   3.140	   3.147	       13755500	      3.208	      3.158	      3.212	      3.254	           	      0.000	 137555.000	 220997.172	 249082.719	     -0.012	     -0.013	      0.002	
 2011/01/11	   3.140	   3.156	   3.115	   3.146	        7651207	      3.192	      3.159	      3.204	      3.255	           	      0.000	  76512.070	 204041.969	 207684.063	     -0.014	     -0.014	     -0.002	
 2011/01/12	   3.146	   3.180	   3.115	   3.170	       16981144	      3.180	      3.170	      3.197	      3.254	           	      0.000	 169811.438	 168230.094	 186059.531	     -0.014	     -0.014	     -0.001	
 2011/01/13	   3.188	   3.188	   3.153	   3.162	        8669751	      3.167	      3.176	      3.191	      3.253	           	      0.000	  86697.508	 129447.188	 174567.406	     -0.014	     -0.014	     -0.001	
 2011/01/14	   3.126	   3.167	   3.106	   3.110	       20949974	      3.147	      3.178	      3.183	      3.251	           	      0.000	 209499.734	 136015.156	 177994.766	     -0.019	     -0.015	     -0.008	
 2011/01/17	   3.097	   3.098	   2.980	   2.994	       33448148	      3.116	      3.162	      3.169	      3.246	           	      0.000	 334481.469	 175400.438	 198198.813	     -0.031	     -0.018	     -0.026	
 2011/01/18	   2.984	   2.984	   2.953	   2.977	        3418471	      3.083	      3.137	      3.157	      3.240	           	      0.000	  34184.711	 166934.969	 185488.469	     -0.042	     -0.023	     -0.038	
 2011/01/19	   2.976	   3.060	   2.970	   3.059	        4675476	      3.060	      3.120	      3.145	      3.234	           	      0.000	  46754.762	 142323.641	 155276.859	     -0.043	     -0.027	     -0.032	
 2011/01/20	   3.041	   3.057	   2.960	   2.972	        2433435	      3.022	      3.095	      3.129	      3.229	           	      0.000	  24334.350	 129851.008	 129649.102	     -0.051	     -0.032	     -0.038	
 2011/01/21	   2.963	   3.035	   2.950	   2.990	       21653280	      2.998	      3.073	      3.117	      3.224	           	      0.000	 216532.797	 131257.625	 133636.391	     -0.054	     -0.036	     -0.037	
 2011/01/24	   2.994	   3.022	   2.956	   2.958	       15590269	      2.991	      3.054	      3.106	      3.218	           	      0.000	 155902.688	  95541.859	 135471.156	     -0.059	     -0.041	     -0.037	
 2011/01/25	   2.950	   2.957	   2.910	   2.919	        6799684	      2.980	      3.031	      3.095	      3.209	           	      0.000	  67996.844	 102304.289	 134619.625	     -0.066	     -0.046	     -0.040	
 2011/01/26	   2.919	   2.997	   2.919	   2.983	       10807468	      2.964	      3.012	      3.091	      3.202	           	      0.000	 108074.680	 114568.273	 128445.953	     -0.065	     -0.050	     -0.030	
 2011/01/27	   2.977	   3.076	   2.932	   3.037	       17030112	      2.977	      3.000	      3.088	      3.197	           	      0.000	 170301.125	 143761.625	 136806.313	     -0.059	     -0.051	     -0.015	
 2011/01/28	   3.039	   3.095	   3.036	   3.062	        8024469	      2.992	      2.995	      3.086	      3.191	           	      0.000	  80244.688	 116504.008	 123880.813	     -0.052	     -0.052	     -0.001	
 2011/01/31	   3.057	   3.125	   3.040	   3.125	        5405447	      3.025	      3.008	      3.085	      3.185	           	      0.000	  54054.469	  96134.359	  95838.109	     -0.041	     -0.049	      0.017	
 2011/02/01	   3.155	   3.159	   3.104	   3.127	        4171568	      3.067	      3.023	      3.080	      3.178	           	      0.000	  41715.680	  90878.125	  96591.211	     -0.031	     -0.046	      0.029	
 2011/02/09	   3.110	   3.120	   3.075	   3.098	       15746951	      3.090	      3.027	      3.074	      3.171	           	      0.000	 157469.516	 100757.094	 107662.680	     -0.026	     -0.042	      0.032	
 2011/02/10	   3.090	   3.270	   3.062	   3.180	        7585955	      3.118	      3.048	      3.071	      3.165	           	      0.000	  75859.547	  81868.781	 112815.203	     -0.015	     -0.036	      0.043	
 2011/02/11	   3.149	   3.189	   3.132	   3.179	       13820630	      3.142	      3.067	      3.070	      3.160	           	      0.000	 138206.297	  93461.102	 104982.555	     -0.006	     -0.030	      0.049	
 2011/02/14	   3.180	   3.258	   3.173	   3.250	       44588208	      3.167	      3.096	      3.075	      3.160	           	      0.000	 445882.094	 171826.625	 133980.500	      0.007	     -0.023	      0.059	
 2011/02/15	   3.232	   3.307	   3.232	   3.252	       27249358	      3.192	      3.129	      3.080	      3.158	           	      0.000	 272493.594	 217982.203	 154430.172	      0.017	     -0.015	      0.063	
 2011/02/16	   3.252	   3.300	   3.239	   3.287	       32992446	      3.230	      3.160	      3.086	      3.160	           	      0.000	 329924.469	 252473.203	 176615.141	      0.027	     -0.007	      0.067	
 2011/02/17	   3.291	   3.302	   3.250	   3.290	       20917960	      3.252	      3.185	      3.092	      3.163	           	      0.000	 209179.594	 279137.219	 180503.000	      0.035	      0.002	      0.067	
 2011/02/18	   3.290	   3.290	   3.245	   3.260	       22153764	      3.268	      3.205	      3.100	      3.165	           	      0.000	 221537.641	 295803.469	 194632.297	      0.039	      0.009	      0.059	
 2011/02/21	   3.257	   3.306	   3.241	   3.305	       24384124	      3.279	      3.223	      3.115	      3.167	           	      0.000	 243841.234	 255395.313	 213610.969	      0.045	      0.016	      0.057	
 2011/02/22	   3.301	   3.317	   3.210	   3.211	       27334744	      3.271	      3.231	      3.127	      3.167	           	      0.000	 273347.438	 255566.078	 236774.141	      0.041	      0.021	      0.040	
 2011/02/23	   3.201	   3.234	   3.190	   3.223	        6725183	      3.258	      3.244	      3.135	      3.168	           	      0.000	  67251.828	 203031.547	 227752.375	      0.039	      0.025	      0.029	
 2011/02/24	   3.229	   3.256	   3.210	   3.249	        9835185	      3.250	      3.251	      3.149	      3.169	           	      0.000	  98351.852	 180866.000	 230001.609	      0.039	      0.028	      0.023	
 2011/02/25	   3.228	   3.267	   3.215	   3.254	       18365340	      3.248	      3.258	      3.162	      3.169	           	      0.000	 183653.406	 173289.156	 234546.313	      0.039	      0.030	      0.018	
 2011/02/28	   3.245	   3.308	   3.242	   3.305	       18919160	      3.248	      3.264	      3.180	      3.170	           	      0.000	 189191.594	 162359.219	 208877.266	      0.042	      0.032	      0.020	
 2011/03/01	   3.291	   3.340	   3.291	   3.316	       20326196	      3.269	      3.270	      3.200	      3.171	           	      0.000	 203261.953	 148342.125	 201954.094	      0.046	      0.035	      0.021	
 2011/03/02	   3.295	   3.314	   3.251	   3.288	       14669291	      3.282	      3.270	      3.215	      3.173	           	      0.000	 146692.906	 164230.344	 183630.938	      0.045	      0.037	      0.017	
 2011/03/03	   3.286	   3.308	   3.241	   3.246	       10169765	      3.282	      3.266	      3.225	      3.174	           	      0.000	 101697.648	 164899.500	 172882.750	      0.041	      0.038	      0.007	
 2011/03/04	   3.241	   3.305	   3.240	   3.302	        6099342	      3.291	      3.270	      3.237	      3.176	           	      0.000	  60993.422	 140367.500	 156828.328	      0.042	      0.039	      0.007	
 2011/03/07	   3.305	   3.365	   3.305	   3.362	       15890249	      3.303	      3.276	      3.249	      3.179	           	      0.000	 158902.484	 134309.688	 148334.453	      0.047	      0.040	      0.013	
 2011/03/08	   3.360	   3.372	   3.348	   3.370	        8000454	      3.314	      3.292	      3.261	      3.182	           	      0.000	  80004.539	 109658.203	 129000.164	      0.051	      0.043	      0.017	
 2011/03/09	   3.380	   3.412	   3.363	   3.380	        5020509	      3.332	      3.307	      3.275	      3.185	           	      0.000	  50205.090	  90360.641	 127295.492	      0.054	      0.045	      0.019	
 2011/03/10	   3.372	   3.379	   3.302	   3.332	       12843469	      3.349	      3.316	      3.283	      3.188	           	      0.000	 128434.688	  95708.047	 130303.773	      0.053	      0.046	      0.012	
 2011/03/11	   3.323	   3.343	   3.294	   3.299	        6982164	      3.349	      3.320	      3.289	      3.191	           	      0.000	  69821.641	  97473.688	 118920.594	      0.048	      0.047	      0.002	
 2011/03/14	   3.290	   3.330	   3.225	   3.300	        4726341	      3.336	      3.319	      3.292	      3.193	           	      0.000	  47263.410	  75145.875	 104727.781	      0.044	      0.046	     -0.005	
 2011/03/15	   3.292	   3.292	   3.160	   3.243	       26447060	      3.311	      3.312	      3.291	      3.192	           	      0.000	 264470.594	 112039.086	 110848.641	      0.035	      0.044	     -0.017	
 2011/03/16	   3.240	   3.292	   3.234	   3.288	        8114543	      3.292	      3.312	      3.291	      3.192	           	      0.000	  81145.430	 118227.156	 104293.891	      0.032	      0.042	     -0.019	
 2011/03/17	   3.276	   3.280	   3.226	   3.240	       11353607	      3.274	      3.312	      3.289	      3.191	           	      0.000	 113536.070	 115247.430	 105477.734	      0.025	      0.038	     -0.026	
 2011/03/18	   3.278	   3.278	   3.242	   3.253	        1988385	      3.265	      3.307	      3.288	      3.190	           	      0.000	  19883.850	 105259.867	 101366.781	      0.021	      0.035	     -0.028	
 2011/03/21	   3.246	   3.273	   3.232	   3.243	       12457008	      3.253	      3.295	      3.285	      3.190	           	      0.000	 124570.078	 120721.203	  97933.539	      0.016	      0.031	     -0.030	
 2011/03/22	   3.269	   3.270	   3.200	   3.243	        4716167	      3.253	      3.282	      3.287	      3.190	           	      0.000	  47161.672	  77259.422	  94649.250	      0.012	      0.027	     -0.030	
 2011/03/23	   3.245	   3.303	   3.235	   3.302	       17940278	      3.256	      3.274	      3.291	      3.190	           	      0.000	 179402.781	  96910.891	 107569.023	      0.014	      0.025	     -0.021	
 2011/03/24	   3.303	   3.321	   3.285	   3.289	        7673157	      3.266	      3.270	      3.293	      3.190	           	      0.000	  76731.570	  89549.992	 102398.711	      0.014	      0.023	     -0.017	
 2011/03/25	   3.285	   3.331	   3.285	   3.325	        4371175	      3.280	      3.273	      3.296	      3.192	           	      0.000	  43711.750	  94315.570	  99787.719	      0.017	      0.021	     -0.009	
 2011/03/28	   3.322	   3.350	   3.315	   3.319	        4002674	      3.296	      3.275	      3.297	      3.194	           	      0.000	  40026.738	  77406.906	  99064.055	      0.018	      0.021	     -0.005	
 2011/03/29	   3.310	   3.331	   3.266	   3.275	        4484813	      3.302	      3.278	      3.295	      3.197	           	      0.000	  44848.129	  76944.195	  77101.805	      0.016	      0.020	     -0.008	
 2011/03/30	   3.277	   3.283	   3.240	   3.254	        3579806	      3.292	      3.274	      3.293	      3.200	           	      0.000	  35798.059	  48223.250	  72567.070	      0.012	      0.018	     -0.013	
 2011/03/31	   3.252	   3.270	   3.210	   3.221	        2992233	      3.279	      3.272	      3.292	      3.202	           	      0.000	  29922.330	  38861.402	  64205.695	      0.006	      0.016	     -0.019	
 2011/04/01	   3.239	   3.273	   3.210	   3.270	        2595474	      3.268	      3.274	      3.290	      3.205	           	      0.000	  25954.740	  35310.000	  64812.785	      0.005	      0.014	     -0.017	
 2011/04/06	   3.243	   3.276	   3.240	   3.266	        2380110	      3.257	      3.276	      3.286	      3.207	           	      0.000	  23801.100	  32064.871	  54735.887	      0.004	      0.012	     -0.015	
 2011/04/07	   3.266	   3.288	   3.260	   3.288	        2216255	      3.260	      3.281	      3.282	      3.208	           	      0.000	  22162.551	  27527.756	  52235.977	      0.005	      0.011	     -0.010	
 2011/04/08	   3.282	   3.327	   3.282	   3.327	        3231313	      3.274	      3.283	      3.279	      3.209	           	      0.000	  32313.131	  26830.770	  37527.008	      0.009	      0.010	     -0.002	
 2011/04/11	   3.328	   3.340	   3.293	   3.301	        2727134	      3.290	      3.285	      3.277	      3.211	           	      0.000	  27271.340	  26300.572	  32580.986	      0.010	      0.010	     -0.000	
 2011/04/12	   3.271	   3.326	   3.271	   3.306	        2776065	      3.298	      3.283	      3.278	      3.212	           	      0.000	  27760.650	  26661.754	  30985.877	      0.011	      0.010	      0.001	
 2011/04/13	   3.310	   3.380	   3.270	   3.345	        4638552	      3.313	      3.285	      3.280	      3.215	           	      0.000	  46385.520	  31178.639	  31621.754	      0.015	      0.011	      0.007	
 2011/04/14	   3.344	   3.360	   3.311	   3.319	        6204502	      3.320	      3.290	      3.284	      3.218	           	      0.000	  62045.020	  39155.133	  33341.445	      0.015	      0.012	      0.007	
 2011/04/15	   3.290	   3.331	   3.286	   3.320	        6654088	      3.318	      3.296	      3.285	      3.221	           	      0.000	  66540.883	  46000.684	  36415.727	      0.016	      0.013	      0.006	
 2011/04/18	   3.320	   3.330	   3.281	   3.320	       10254438	      3.322	      3.306	      3.289	      3.223	           	      0.000	 102544.383	  61055.289	  43677.930	      0.016	      0.013	      0.005	
 2011/04/19	   3.311	   3.311	   3.260	   3.270	        6521433	      3.315	      3.306	      3.290	      3.226	           	      0.000	  65214.328	  68546.023	  47603.891	      0.012	      0.013	     -0.002	
 2011/04/20	   3.263	   3.290	   3.263	   3.274	        2746550	      3.301	      3.307	      3.292	      3.231	           	      0.000	  27465.500	  64762.023	  47970.332	      0.009	      0.012	     -0.007	
 2011/04/21	   3.280	   3.320	   3.280	   3.302	        3553067	      3.297	      3.308	      3.295	      3.236	           	      0.000	  35530.672	  59459.152	  49307.141	      0.009	      0.012	     -0.006	
 2011/04/22	   3.287	   3.306	   3.271	   3.274	        1593522	      3.288	      3.303	      3.293	      3.240	           	      0.000	  15935.220	  49338.020	  47669.352	      0.006	      0.010	     -0.009	
 2011/04/25	   3.258	   3.270	   3.222	   3.226	        3101781	      3.269	      3.296	      3.290	      3.244	           	      0.000	  31017.811	  35032.707	  48044.000	      0.000	      0.008	     -0.016	
 2011/04/26	   3.216	   3.225	   3.178	   3.189	        3694908	      3.253	      3.284	      3.283	      3.247	           	      0.000	  36949.078	  29379.656	  48962.840	     -0.007	      0.005	     -0.025	
 2011/04/27	   3.192	   3.228	   3.148	   3.165	       10923171	      3.231	      3.266	      3.276	      3.251	           	      0.000	 109231.711	  45732.898	  55247.461	     -0.015	      0.001	     -0.032	
 2011/04/28	   3.170	   3.170	   3.052	   3.067	        5108281	      3.184	      3.241	      3.265	      3.253	           	      0.000	  51082.809	  48843.324	  54151.238	     -0.029	     -0.005	     -0.048	
 2011/04/29	   3.067	   3.128	   3.067	   3.123	       11142122	      3.154	      3.221	      3.259	      3.256	           	      0.000	 111421.219	  67940.523	  58639.273	     -0.035	     -0.011	     -0.048	
 2011/05/03	   3.123	   3.154	   3.093	   3.153	        4067138	      3.139	      3.204	      3.255	      3.258	           	      0.000	  40671.379	  69871.242	  52451.973	     -0.037	     -0.016	     -0.041	
 2011/05/04	   3.152	   3.152	   3.077	   3.082	        3936722	      3.118	      3.185	      3.246	      3.258	           	      0.000	  39367.219	  70354.867	  49867.262	     -0.043	     -0.021	     -0.044	
 2011/05/05	   3.072	   3.108	   3.072	   3.105	        2265373	      3.106	      3.169	      3.238	      3.258	           	      0.000	  22653.730	  53039.270	  49386.086	     -0.046	     -0.026	     -0.040	
 2011/05/06	   3.093	   3.110	   3.052	   3.105	        5106678	      3.114	      3.149	      3.229	      3.257	           	      0.000	  51066.781	  53036.066	  50939.695	     -0.048	     -0.031	     -0.035	
 2011/05/09	   3.105	   3.135	   3.105	   3.112	        2073474	      3.111	      3.133	      3.218	      3.257	           	      0.000	  20734.740	  34898.770	  51419.648	     -0.048	     -0.034	     -0.028	
 2011/05/10	   3.139	   3.139	   3.099	   3.125	       22447040	      3.106	      3.123	      3.209	      3.256	           	      0.000	 224470.406	  71658.578	  70764.906	     -0.047	     -0.037	     -0.020	
 2011/05/11	   3.125	   3.144	   3.095	   3.113	        7012819	      3.112	      3.115	      3.199	      3.255	           	      0.000	  70128.188	  77810.766	  74082.820	     -0.046	     -0.039	     -0.015	
 2011/05/12	   3.110	   3.120	   3.078	   3.080	        2128931	      3.107	      3.106	      3.186	      3.253	           	      0.000	  21289.311	  77537.883	  65288.578	     -0.048	     -0.040	     -0.015	
 2011/05/13	   3.080	   3.119	   3.053	   3.103	        8753827	      3.107	      3.110	      3.175	      3.250	           	      0.000	  87538.273	  84832.188	  68934.125	     -0.047	     -0.042	     -0.010	
 2011/05/16	   3.100	   3.119	   3.080	   3.083	        7601175	      3.101	      3.106	      3.164	      3.247	           	      0.000	  76011.750	  95887.586	  65393.180	     -0.047	     -0.043	     -0.008	
 2011/05/17	   3.083	   3.110	   3.060	   3.095	        4159345	      3.095	      3.100	      3.152	      3.243	           	      0.000	  41593.449	  59312.195	  65485.383	     -0.046	     -0.043	     -0.004	
 2011/05/18	   3.085	   3.114	   3.085	   3.114	        2109895	      3.095	      3.103	      3.145	      3.241	           	      0.000	  21098.949	  49506.348	  63658.559	     -0.042	     -0.043	      0.001	
 2011/05/19	   3.112	   3.120	   3.088	   3.090	        2015232	      3.097	      3.102	      3.135	      3.237	           	      0.000	  20152.320	  49278.949	  63408.418	     -0.041	     -0.043	      0.003	
 2011/05/20	   3.089	   3.092	   3.060	   3.072	        2390173	      3.091	      3.099	      3.124	      3.235	           	      0.000	  23901.730	  36551.641	  60691.910	     -0.042	     -0.043	      0.002	
 2011/05/23	   3.067	   3.067	   2.964	   2.965	        2175283	      3.067	      3.084	      3.108	      3.231	           	      0.000	  21752.830	  25699.855	  60793.719	     -0.050	     -0.044	     -0.012	
 2011/05/24	   2.961	   2.976	   2.946	   2.973	        3358436	      3.043	      3.069	      3.096	      3.226	           	      0.000	  33584.359	  24098.037	  41705.117	     -0.055	     -0.046	     -0.018	
 2011/05/25	   2.953	   2.987	   2.931	   2.940	        1051654	      3.008	      3.052	      3.083	      3.221	           	      0.000	  10516.540	  21981.557	  35743.953	     -0.061	     -0.049	     -0.024	
 2011/05/26	   2.960	   2.978	   2.928	   2.928	       14245411	      2.976	      3.036	      3.071	      3.215	           	      0.000	 142454.109	  46441.914	  47860.430	     -0.066	     -0.053	     -0.027	
 2011/05/27	   2.926	   2.931	   2.870	   2.870	        3426716	      2.935	      3.013	      3.062	      3.207	           	      0.000	  34267.160	  48515.000	  42533.320	     -0.074	     -0.057	     -0.034	
 2011/05/30	   2.868	   2.884	   2.845	   2.850	        2909589	      2.912	      2.990	      3.048	      3.200	           	      0.000	  29095.891	  49983.613	  37841.734	     -0.081	     -0.062	     -0.038	
 2011/05/31	   2.851	   2.898	   2.843	   2.895	        2056108	      2.897	      2.970	      3.035	      3.194	           	      0.000	  20561.080	  47378.957	  35738.496	     -0.082	     -0.066	     -0.032	
 2011/06/01	   2.890	   2.910	   2.874	   2.902	        1850444	      2.889	      2.948	      3.026	      3.187	           	      0.000	  18504.439	  48976.535	  35479.047	     -0.081	     -0.069	     -0.024	
 2011/06/02	   2.890	   2.890	   2.844	   2.889	        2297296	      2.881	      2.928	      3.015	      3.180	           	      0.000	  22972.961	  25080.307	  35761.109	     -0.080	     -0.071	     -0.019	
 2011/06/03	   2.889	   2.915	   2.880	   2.912	        1051117	      2.890	      2.912	      3.006	      3.172	           	      0.000	  10511.170	  20329.107	  34422.055	     -0.077	     -0.072	     -0.010	
 2011/06/07	   2.912	   2.928	   2.900	   2.928	        1396973	      2.905	      2.909	      2.996	      3.164	           	      0.000	  13969.730	  17303.877	  33643.742	     -0.073	     -0.072	     -0.001	
 2011/06/08	   2.922	   2.940	   2.890	   2.938	         669334	      2.914	      2.905	      2.987	      3.158	           	      0.000	   6693.340	  14530.328	  30954.643	     -0.067	     -0.071	      0.008	
 2011/06/09	   2.931	   2.940	   2.882	   2.885	        1132004	      2.910	      2.900	      2.976	      3.151	           	      0.000	  11320.040	  13093.448	  31034.992	     -0.067	     -0.070	      0.007	
 2011/06/10	   2.880	   2.896	   2.870	   2.891	        1845815	      2.911	      2.896	      2.966	      3.144	           	      0.000	  18458.150	  12190.486	  18635.396	     -0.065	     -0.069	      0.009	
 2011/06/13	   2.885	   2.909	   2.861	   2.898	         989193	      2.908	      2.899	      2.956	      3.138	           	      0.000	   9891.930	  12066.638	  16197.873	     -0.062	     -0.068	      0.011	
 2011/06/14	   2.898	   2.932	   2.888	   2.930	        1138141	      2.908	      2.907	      2.948	      3.132	           	      0.000	  11381.410	  11548.974	  14426.425	     -0.057	     -0.066	      0.018	
 2011/06/15	   2.930	   2.935	   2.895	   2.900	       13668864	      2.901	      2.907	      2.938	      3.127	           	      0.000	 136688.641	  37548.035	  26039.182	     -0.055	     -0.064	      0.018	
 2011/06/16	   2.865	   2.880	   2.845	   2.849	        1847816	      2.894	      2.902	      2.925	      3.120	           	      0.000	  18478.160	  38979.656	  26036.553	     -0.056	     -0.062	      0.012	
 2011/06/17	   2.849	   2.879	   2.822	   2.822	         789696	      2.880	      2.895	      2.912	      3.113	           	      0.000	   7896.960	  36867.422	  24528.953	     -0.059	     -0.061	      0.005	
 2011/06/20	   2.850	   2.850	   2.790	   2.824	         740723	      2.865	      2.886	      2.899	      3.106	           	      0.000	   7407.230	  36370.480	  24218.559	     -0.060	     -0.061	      0.002	
 2011/06/21	   2.830	   2.837	   2.800	   2.833	         479703	      2.846	      2.877	      2.893	      3.098	           	      0.000	   4797.030	  35053.605	  23301.289	     -0.060	     -0.061	      0.002	
 2011/06/22	   2.827	   2.847	   2.820	   2.832	         428094	      2.832	      2.866	      2.886	      3.091	           	      0.000	   4280.940	   8572.064	  23060.049	     -0.059	     -0.060	      0.003	
 2011/06/23	   2.808	   2.888	   2.803	   2.877	         978737	      2.838	      2.866	      2.883	      3.083	           	      0.000	   9787.370	   6833.906	  22906.781	     -0.054	     -0.059	      0.011	
 2011/06/24	   2.876	   2.977	   2.855	   2.955	        2351303	      2.864	      2.872	      2.884	      3.077	           	      0.000	  23513.029	   9957.120	  23412.270	     -0.043	     -0.056	      0.026	
 2011/06/27	   2.960	   3.000	   2.941	   2.976	        1719939	      2.895	      2.880	      2.889	      3.072	           	      0.000	  17199.391	  11915.552	  24143.016	     -0.032	     -0.051	      0.037	
 2011/06/28	   2.978	   3.000	   2.960	   2.995	        2933548	      2.927	      2.886	      2.897	      3.068	           	      0.000	  29335.480	  16823.242	  25938.424	     -0.022	     -0.045	      0.046	
 2011/06/29	   2.984	   2.992	   2.958	   2.961	        1645113	      2.953	      2.892	      2.900	      3.063	           	      0.000	  16451.131	  19257.281	  13914.672	     -0.017	     -0.040	      0.046	
 2011/06/30	   2.943	   3.004	   2.943	   2.993	        1625076	      2.976	      2.907	      2.904	      3.059	           	      0.000	  16250.760	  20549.959	  13691.932	     -0.010	     -0.034	      0.048	
 2011/07/01	   2.989	   3.035	   2.980	   3.002	        3909131	      2.985	      2.925	      2.910	      3.054	           	      0.000	  39091.309	  23665.613	  16811.367	     -0.003	     -0.028	      0.049	
 2011/07/04	   3.009	   3.067	   3.009	   3.066	        2138757	      3.003	      2.949	      2.918	      3.051	           	      0.000	  21387.570	  24503.250	  18209.400	      0.007	     -0.021	      0.055	
 2011/07/05	   3.070	   3.084	   3.056	   3.084	         749024	      3.021	      2.974	      2.926	      3.047	           	      0.000	   7490.240	  20134.201	  18478.723	      0.016	     -0.013	      0.059	
 2011/07/06	   3.082	   3.086	   3.054	   3.081	        8897540	      3.045	      2.999	      2.933	      3.043	           	      0.000	  88975.398	  34639.055	  26948.168	      0.023	     -0.006	      0.058	
 2011/07/07	   3.083	   3.110	   3.065	   3.074	       19981040	      3.061	      3.019	      2.942	      3.039	           	      0.000	 199810.406	  71350.984	  45950.473	      0.027	      0.001	      0.054	
 2011/07/08	   3.023	   3.080	   3.023	   3.064	        1636131	      3.074	      3.030	      2.951	      3.034	           	      0.000	  16361.310	  66804.984	  45235.301	      0.030	      0.006	      0.047	
 2011/07/11	   3.032	   3.081	   3.031	   3.070	         734294	      3.075	      3.039	      2.959	      3.030	           	      0.000	   7342.940	  63996.059	  44249.656	      0.032	      0.012	      0.041	
 2011/07/12	   2.810	   3.059	   2.810	   3.028	        1526207	      3.063	      3.042	      2.964	      3.025	           	      0.000	  15262.070	  65550.422	  42842.313	      0.030	      0.015	      0.029	
 2011/07/13	   3.020	   3.090	   3.020	   3.070	        1271431	      3.061	      3.053	      2.973	      3.021	           	      0.000	  12714.310	  50298.207	  42468.633	      0.031	      0.018	      0.026	
 2011/07/14	   3.072	   3.095	   3.068	   3.090	        1620930	      3.064	      3.063	      2.985	      3.018	           	      0.000	  16209.300	  13577.986	  42464.484	      0.034	      0.021	      0.024	
 2011/07/15	   3.080	   3.105	   3.072	   3.100	        1787167	      3.072	      3.073	      2.999	      3.015	           	      0.000	  17871.670	  13880.058	  40342.520	      0.036	      0.024	      0.023	
 2011/07/18	   3.108	   3.127	   3.015	   3.116	        3187876	      3.081	      3.078	      3.013	      3.012	           	      0.000	  31878.760	  18787.223	  41391.641	      0.038	      0.027	      0.023	
 2011/07/19	   3.060	   3.104	   3.060	   3.081	        1465830	      3.091	      3.077	      3.026	      3.009	           	      0.000	  14658.300	  18666.469	  42108.445	      0.037	      0.029	      0.016	
 2011/07/20	   3.086	   3.110	   3.062	   3.074	        2221654	      3.092	      3.077	      3.038	      3.006	           	      0.000	  22216.539	  20566.914	  35432.559	      0.035	      0.030	      0.010	
 2011/07/21	   3.070	   3.083	   3.035	   3.038	        2361201	      3.082	      3.073	      3.046	      3.004	           	      0.000	  23612.010	  22047.455	  17812.721	      0.031	      0.030	      0.000	
 2011/07/22	   3.060	   3.062	   3.040	   3.042	         393409	      3.070	      3.071	      3.050	      3.002	           	      0.000	   3934.090	  19259.939	  16569.998	      0.027	      0.030	     -0.006	
 2011/07/25	   3.015	   3.029	   2.940	   2.951	         947373	      3.037	      3.059	      3.049	      3.000	           	      0.000	   9473.730	  14778.934	  16783.078	      0.016	      0.027	     -0.021	
 2011/07/26	   2.958	   2.958	   2.927	   2.937	         513170	      3.008	      3.050	      3.046	      2.997	           	      0.000	   5131.700	  12873.614	  15770.041	      0.007	      0.023	     -0.032	
 2011/07/27	   2.911	   2.977	   2.911	   2.976	        1886284	      2.989	      3.040	      3.047	      2.994	           	      0.000	  18862.840	  12202.874	  16384.895	      0.002	      0.019	     -0.033	
 2011/07/28	   2.925	   2.969	   2.925	   2.951	         274925	      2.971	      3.027	      3.045	      2.992	           	      0.000	   2749.250	   8030.322	  15038.889	     -0.003	      0.014	     -0.035	
 2011/07/29	   2.951	   2.978	   2.926	   2.940	        1416438	      2.951	      3.011	      3.042	      2.989	           	      0.000	  14164.380	  10076.380	  14668.160	     -0.008	      0.010	     -0.036	
 2011/08/01	   2.940	   2.959	   2.923	   2.948	         906096	      2.950	      2.994	      3.036	      2.986	           	      0.000	   9060.960	   9993.826	  12386.380	     -0.012	      0.006	     -0.034	
 2011/08/02	   2.948	   2.948	   2.882	   2.936	        1511487	      2.950	      2.979	      3.028	      2.983	           	      0.000	  15114.870	  11990.460	  12432.037	     -0.015	      0.001	     -0.033	
 2011/08/03	   2.896	   2.936	   2.890	   2.920	         941352	      2.939	      2.964	      3.020	      2.980	           	      0.000	   9413.520	  10100.596	  11151.735	     -0.019	     -0.003	     -0.032	
 2011/08/04	   2.930	   2.948	   2.924	   2.928	         832600	      2.934	      2.953	      3.013	      2.977	           	      0.000	   8326.000	  11215.946	   9623.134	     -0.021	     -0.006	     -0.029	
 2011/08/05	   2.880	   2.892	   2.820	   2.888	        4469349	      2.924	      2.938	      3.004	      2.974	           	      0.000	  44693.488	  17321.768	  13699.074	     -0.026	     -0.010	     -0.031	
 2011/08/08	   2.830	   2.860	   2.703	   2.769	        3556321	      2.888	      2.919	      2.989	      2.968	           	      0.000	  35563.211	  22622.219	  16308.021	     -0.038	     -0.016	     -0.045	
 2011/08/09	   2.723	   2.760	   2.631	   2.749	        4380870	      2.851	      2.901	      2.975	      2.963	           	      0.000	  43808.699	  28360.984	  20175.723	     -0.050	     -0.023	     -0.054	
 2011/08/10	   2.830	   2.830	   2.759	   2.759	        3655623	      2.819	      2.879	      2.960	      2.957	           	      0.000	  36556.230	  33789.527	  21945.061	     -0.057	     -0.029	     -0.055	
 2011/08/11	   2.701	   2.812	   2.701	   2.805	        1609217	      2.794	      2.864	      2.945	      2.952	           	      0.000	  16092.170	  35342.758	  23279.354	     -0.058	     -0.035	     -0.046	
 2011/08/12	   2.816	   2.845	   2.816	   2.832	        1236446	      2.783	      2.853	      2.932	      2.948	           	      0.000	  12364.460	  28876.953	  23099.361	     -0.057	     -0.040	     -0.034	
 2011/08/15	   2.810	   2.861	   2.810	   2.859	        1857744	      2.801	      2.845	      2.919	      2.944	           	      0.000	  18577.439	  25479.801	  24051.008	     -0.053	     -0.042	     -0.021	
 2011/08/16	   2.860	   2.878	   2.835	   2.837	        2440797	      2.818	      2.835	      2.907	      2.942	           	      0.000	  24407.971	  21599.654	  24980.318	     -0.051	     -0.044	     -0.014	
 2011/08/17	   2.771	   2.852	   2.771	   2.829	         154018	      2.832	      2.826	      2.895	      2.939	           	      0.000	   1540.180	  14596.444	  24192.984	     -0.049	     -0.045	     -0.008	
 2011/08/18	   2.820	   2.820	   2.781	   2.786	        1046471	      2.829	      2.811	      2.882	      2.937	           	      0.000	  10464.710	  13470.952	  24406.855	     -0.051	     -0.046	     -0.009	
 2011/08/19	   2.740	   2.746	   2.735	   2.746	        1258940	      2.811	      2.797	      2.867	      2.934	           	      0.000	  12589.400	  13515.940	  21196.447	     -0.055	     -0.048	     -0.014	
 2011/08/22	   2.760	   2.780	   2.722	   2.724	         999175	      2.784	      2.793	      2.856	      2.931	           	      0.000	   9991.750	  11798.802	  18639.301	     -0.059	     -0.050	     -0.018	
 2011/08/23	   2.820	   2.825	   2.726	   2.767	         572673	      2.770	      2.794	      2.847	      2.930	           	      0.000	   5726.730	   8062.554	  14831.104	     -0.058	     -0.052	     -0.013	
 2011/08/24	   2.774	   2.820	   2.760	   2.769	         931889	      2.758	      2.795	      2.837	      2.928	           	      0.000	   9318.890	   9618.296	  12107.370	     -0.057	     -0.053	     -0.008	
 2011/08/25	   2.755	   2.835	   2.755	   2.834	        1230011	      2.768	      2.798	      2.831	      2.927	           	      0.000	  12300.110	   9985.376	  11728.164	     -0.050	     -0.052	      0.005	
 2011/08/26	   2.834	   2.840	   2.805	   2.840	        1881564	      2.787	      2.799	      2.826	      2.926	           	      0.000	  18815.641	  11230.624	  12373.282	     -0.043	     -0.050	      0.014	
 2011/08/29	   2.833	   2.833	   2.796	   2.797	         708246	      2.801	      2.793	      2.819	      2.924	           	      0.000	   7082.460	  10648.766	  11223.784	     -0.041	     -0.048	      0.015	
 2011/08/30	   2.818	   2.835	   2.770	   2.770	        4639935	      2.802	      2.786	      2.810	      2.921	           	      0.000	  46399.352	  18783.291	  13422.922	     -0.041	     -0.047	      0.012	
 2011/08/31	   2.771	   2.780	   2.758	   2.776	        1969890	      2.803	      2.781	      2.803	      2.919	           	      0.000	  19698.900	  20859.293	  15238.794	     -0.040	     -0.046	      0.011	
 2011/09/01	   2.760	   2.795	   2.751	   2.757	        1543232	      2.788	      2.778	      2.795	      2.917	           	      0.000	  15432.320	  21485.734	  15735.556	     -0.040	     -0.044	      0.008	
 2011/09/02	   2.737	   2.756	   2.719	   2.719	        1894955	      2.764	      2.775	      2.786	      2.914	           	      0.000	  18949.551	  21512.516	  16371.570	     -0.043	     -0.044	      0.002	
 2011/09/05	   2.690	   2.700	   2.664	   2.667	        1003068	      2.738	      2.770	      2.781	      2.910	           	      0.000	  10030.680	  22102.160	  16375.463	     -0.049	     -0.045	     -0.008	
 2011/09/06	   2.668	   2.689	   2.639	   2.677	         499548	      2.719	      2.761	      2.777	      2.906	           	      0.000	   4995.480	  13821.387	  16302.338	     -0.052	     -0.047	     -0.011	
 2011/09/07	   2.677	   2.700	   2.658	   2.695	        4576042	      2.703	      2.753	      2.774	      2.902	           	      0.000	  45760.422	  19033.691	  19946.492	     -0.053	     -0.048	     -0.010	
 2011/09/08	   2.733	   2.733	   2.681	   2.681	        1318447	      2.688	      2.738	      2.768	      2.899	           	      0.000	  13184.470	  18584.121	  20034.928	     -0.054	     -0.049	     -0.009	
 2011/09/09	   2.690	   2.700	   2.658	   2.662	         386223	      2.676	      2.720	      2.760	      2.897	           	      0.000	   3862.230	  15566.656	  18539.586	     -0.055	     -0.050	     -0.010	
 2011/09/13	   2.631	   2.637	   2.619	   2.625	         427825	      2.668	      2.703	      2.748	      2.893	           	      0.000	   4278.250	  14416.170	  18259.166	     -0.059	     -0.052	     -0.014	
 2011/09/14	   2.625	   2.647	   2.617	   2.646	         691013	      2.662	      2.691	      2.738	      2.890	           	      0.000	   6910.130	  14799.101	  14310.243	     -0.059	     -0.053	     -0.012	
 2011/09/15	   2.647	   2.669	   2.647	   2.662	         586000	      2.655	      2.679	      2.730	      2.888	           	      0.000	   5860.000	   6819.016	  12926.354	     -0.058	     -0.054	     -0.007	
 2011/09/16	   2.700	   2.700	   2.643	   2.653	        1838067	      2.650	      2.669	      2.723	      2.884	           	      0.000	  18380.670	   7858.256	  13221.188	     -0.057	     -0.055	     -0.004	
 2011/09/19	   2.648	   2.653	   2.608	   2.609	         519655	      2.639	      2.658	      2.717	      2.878	           	      0.000	   5196.550	   8125.120	  11845.888	     -0.058	     -0.055	     -0.006	
 2011/09/20	   2.607	   2.628	   2.583	   2.605	       13165533	      2.635	      2.651	      2.711	      2.872	           	      0.000	 131655.328	  33600.535	  24008.354	     -0.060	     -0.056	     -0.007	
 2011/09/21	   2.600	   2.700	   2.596	   2.698	        7992032	      2.645	      2.654	      2.707	      2.867	           	      0.000	  79920.320	  48202.574	  31500.838	     -0.052	     -0.056	      0.006	
 2011/09/22	   2.673	   2.680	   2.610	   2.616	        1747176	      2.636	      2.646	      2.699	      2.861	           	      0.000	  17471.760	  50524.926	  28671.971	     -0.053	     -0.055	      0.004	
 2011/09/23	   2.607	   2.614	   2.560	   2.611	        1879698	      2.628	      2.639	      2.688	      2.855	           	      0.000	  18796.980	  50608.188	  29233.223	     -0.053	     -0.055	      0.003	
 2011/09/26	   2.601	   2.624	   2.564	   2.569	        1500014	      2.620	      2.629	      2.675	      2.848	           	      0.000	  15000.140	  52568.906	  30347.014	     -0.056	     -0.055	     -0.002	
 2011/09/27	   2.610	   2.610	   2.575	   2.606	        1058167	      2.620	      2.628	      2.665	      2.840	           	      0.000	  10581.670	  28354.174	  30977.355	     -0.054	     -0.055	      0.001	
 2011/09/28	   2.605	   2.617	   2.566	   2.568	        1141396	      2.594	      2.620	      2.655	      2.831	           	      0.000	  11413.960	  14652.902	  31427.738	     -0.056	     -0.055	     -0.001	
 2011/09/29	   2.565	   2.565	   2.542	   2.546	         166919	      2.580	      2.608	      2.644	      2.822	           	      0.000	   1669.190	  11492.388	  31008.656	     -0.058	     -0.055	     -0.005	
 2011/09/30	   2.546	   2.565	   2.500	   2.549	         660455	      2.568	      2.598	      2.633	      2.814	           	      0.000	   6604.550	   9053.902	  29831.045	     -0.058	     -0.056	     -0.005	
 2011/10/10	   2.549	   2.549	   2.491	   2.497	        1145084	      2.553	      2.586	      2.622	      2.804	           	      0.000	  11450.840	   8344.042	  30456.475	     -0.063	     -0.057	     -0.010	
 2011/10/11	   2.540	   2.580	   2.480	   2.481	         649356	      2.528	      2.574	      2.613	      2.794	           	      0.000	   6493.560	   7526.420	  17940.297	     -0.066	     -0.059	     -0.014	
 2011/10/12	   2.470	   2.570	   2.450	   2.564	        1468600	      2.527	      2.561	      2.607	      2.787	           	      0.000	  14686.000	   8180.828	  11416.865	     -0.062	     -0.060	     -0.004	
 2011/10/13	   2.558	   2.597	   2.558	   2.583	        1396620	      2.535	      2.557	      2.602	      2.779	           	      0.000	  13966.200	  10640.230	  11066.309	     -0.056	     -0.059	      0.006	
 2011/10/14	   2.580	   2.584	   2.554	   2.570	         363521	      2.539	      2.553	      2.596	      2.770	           	      0.000	   3635.210	  10046.362	   9550.132	     -0.052	     -0.058	      0.011	
 2011/10/17	   2.575	   2.596	   2.570	   2.576	         295570	      2.555	      2.554	      2.592	      2.761	           	      0.000	   2955.700	   8347.334	   8345.688	     -0.048	     -0.056	      0.016	
 2011/10/18	   2.567	   2.567	   2.511	   2.515	         412018	      2.562	      2.545	      2.586	      2.751	           	      0.000	   4120.180	   7872.658	   7699.539	     -0.049	     -0.054	      0.011	
 2011/10/19	   2.538	   2.538	   2.490	   2.492	        1873513	      2.547	      2.537	      2.579	      2.741	           	      0.000	  18735.131	   8682.484	   8431.656	     -0.051	     -0.054	      0.005	
 2011/10/20	   2.492	   2.492	   2.428	   2.439	        1331100	      2.518	      2.527	      2.567	      2.731	           	      0.000	  13311.000	   8551.444	   9595.837	     -0.056	     -0.054	     -0.004	
 2011/10/21	   2.434	   2.440	   2.421	   2.424	         160878	      2.489	      2.514	      2.556	      2.720	           	      0.000	   1608.780	   8146.158	   9096.260	     -0.061	     -0.056	     -0.011	
 2011/10/24	   2.460	   2.469	   2.393	   2.462	        1106971	      2.466	      2.511	      2.549	      2.711	           	      0.000	  11069.710	   9768.960	   9058.147	     -0.061	     -0.057	     -0.008	
 2011/10/25	   2.451	   2.534	   2.450	   2.528	        1763643	      2.469	      2.515	      2.545	      2.704	           	      0.000	  17636.430	  12472.210	  10172.434	     -0.055	     -0.056	      0.003	
 2011/10/26	   2.526	   2.577	   2.511	   2.545	         743378	      2.480	      2.513	      2.537	      2.697	           	      0.000	   7433.780	  10211.939	   9447.212	     -0.048	     -0.055	      0.013	
 2011/10/27	   2.555	   2.578	   2.540	   2.549	         378694	      2.502	      2.510	      2.534	      2.690	           	      0.000	   3786.940	   8307.128	   8429.286	     -0.042	     -0.052	      0.020	
 2011/10/28	   2.560	   2.608	   2.560	   2.607	        2625511	      2.538	      2.514	      2.533	      2.684	           	      0.000	  26255.109	  13236.394	  10691.276	     -0.032	     -0.048	      0.032	
 2011/10/31	   2.607	   2.650	   2.530	   2.598	        4328726	      2.565	      2.516	      2.535	      2.679	           	      0.000	  43287.262	  19679.904	  14724.433	     -0.025	     -0.043	      0.037	
 2011/11/01	   2.560	   2.630	   2.560	   2.605	        1675756	      2.581	      2.525	      2.535	      2.673	           	      0.000	  16757.561	  19504.131	  15988.170	     -0.018	     -0.038	      0.041	
 2011/11/02	   2.551	   2.666	   2.550	   2.635	         945189	      2.599	      2.539	      2.538	      2.668	           	      0.000	   9451.890	  19907.752	  15059.846	     -0.010	     -0.033	      0.045	
 2011/11/03	   2.660	   2.697	   2.658	   2.665	        1552577	      2.622	      2.562	      2.544	      2.664	           	      0.000	  15525.770	  22255.518	  15281.323	     -0.002	     -0.027	      0.050	
 2011/11/04	   2.688	   2.696	   2.669	   2.685	        1259887	      2.638	      2.588	      2.551	      2.660	           	      0.000	  12598.870	  19524.270	  16380.332	      0.007	     -0.020	      0.053	
 2011/11/07	   2.670	   2.696	   2.656	   2.665	         387994	      2.651	      2.608	      2.559	      2.656	           	      0.000	   3879.940	  11642.806	  15661.355	      0.012	     -0.014	      0.050	
 2011/11/08	   2.662	   2.678	   2.646	   2.646	         440465	      2.659	      2.620	      2.568	      2.654	           	      0.000	   4404.650	   9172.224	  14338.177	      0.014	     -0.008	      0.044	
 2011/11/09	   2.677	   2.677	   2.635	   2.674	        1127431	      2.667	      2.633	      2.573	      2.653	           	      0.000	  11274.310	   9536.708	  14722.230	      0.018	     -0.003	      0.041	
 2011/11/10	   2.650	   2.668	   2.635	   2.635	        1184795	      2.661	      2.641	      2.576	      2.651	           	      0.000	  11847.950	   8801.144	  15528.331	      0.017	      0.001	      0.032	
 2011/11/11	   2.634	   2.656	   2.617	   2.632	        1037129	      2.650	      2.644	      2.579	      2.648	           	      0.000	  10371.290	   8355.628	  13939.949	      0.016	      0.004	      0.025	
 2011/11/14	   2.670	   2.690	   2.636	   2.675	        1025201	      2.652	      2.652	      2.584	      2.645	           	      0.000	  10252.010	   9630.042	  10636.424	      0.019	      0.007	      0.024	
 2011/11/15	   2.650	   2.694	   2.650	   2.674	         139426	      2.658	      2.659	      2.592	      2.642	           	      0.000	   1394.260	   9027.964	   9100.094	      0.021	      0.010	      0.022	
 2011/11/16	   2.670	   2.671	   2.608	   2.608	         754472	      2.645	      2.656	      2.598	      2.638	           	      0.000	   7544.720	   8282.046	   8909.377	      0.017	      0.011	      0.011	
 2011/11/17	   2.608	   2.646	   2.596	   2.596	         840530	      2.637	      2.649	      2.605	      2.634	           	      0.000	   8405.300	   7593.516	   8197.330	      0.013	      0.012	      0.002	
 2011/11/18	   2.598	   2.598	   2.531	   2.541	         523527	      2.619	      2.635	      2.611	      2.630	           	      0.000	   5235.270	   6566.312	   7460.970	      0.005	      0.010	     -0.011	
 2011/11/21	   2.541	   2.543	   2.521	   2.539	         222547	      2.592	      2.622	      2.615	      2.627	           	      0.000	   2225.470	   4961.004	   7295.523	     -0.002	      0.008	     -0.019	
 2011/11/22	   2.538	   2.540	   2.501	   2.528	         590980	      2.562	      2.610	      2.615	      2.623	           	      0.000	   5909.800	   5864.112	   7446.038	     -0.008	      0.005	     -0.025	
 2011/11/23	   2.541	   2.547	   2.512	   2.512	         203619	      2.543	      2.594	      2.613	      2.619	           	      0.000	   2036.190	   4762.406	   6522.226	     -0.014	      0.001	     -0.029	
 2011/11/24	   2.510	   2.527	   2.490	   2.509	         314596	      2.526	      2.581	      2.611	      2.615	           	      0.000	   3145.960	   3710.538	   5652.027	     -0.018	     -0.003	     -0.031	
 2011/11/25	   2.509	   2.529	   2.490	   2.491	         521655	      2.516	      2.567	      2.606	      2.609	           	      0.000	   5216.550	   3706.794	   5136.553	     -0.023	     -0.007	     -0.032	
 2011/11/28	   2.509	   2.510	   2.486	   2.500	         841858	      2.508	      2.550	      2.601	      2.603	           	      0.000	   8418.580	   4945.416	   4953.210	     -0.026	     -0.011	     -0.030	
 2011/11/29	   2.502	   2.533	   2.497	   2.532	         245881	      2.509	      2.536	      2.597	      2.599	           	      0.000	   2458.810	   4255.218	   5059.665	     -0.025	     -0.014	     -0.023	
 2011/11/30	   2.513	   2.519	   2.431	   2.459	         431425	      2.498	      2.521	      2.588	      2.594	           	      0.000	   4314.250	   4710.830	   4736.618	     -0.030	     -0.017	     -0.027	
 2011/12/01	   2.548	   2.548	   2.484	   2.487	        2606110	      2.494	      2.510	      2.579	      2.589	           	      0.000	  26061.100	   9293.857	   6502.198	     -0.032	     -0.020	     -0.024	
 2011/12/02	   2.486	   2.486	   2.441	   2.445	         224702	      2.485	      2.500	      2.567	      2.584	           	      0.000	   2247.020	   8699.952	   6203.373	     -0.036	     -0.023	     -0.025	
 2011/12/05	   2.445	   2.445	   2.415	   2.415	         196504	      2.468	      2.488	      2.555	      2.579	           	      0.000	   1965.040	   7409.244	   6177.330	     -0.041	     -0.027	     -0.029	
 2011/12/06	   2.415	   2.415	   2.390	   2.412	         260493	      2.444	      2.476	      2.543	      2.575	           	      0.000	   2604.930	   7438.468	   5846.843	     -0.045	     -0.030	     -0.029	
 2011/12/07	   2.412	   2.417	   2.396	   2.415	         187667	      2.435	      2.467	      2.530	      2.570	           	      0.000	   1876.670	   6950.952	   5830.891	     -0.047	     -0.034	     -0.027	
 2011/12/08	   2.402	   2.419	   2.375	   2.413	         264359	      2.420	      2.457	      2.519	      2.565	           	      0.000	   2643.590	   2267.450	   5780.654	     -0.048	     -0.037	     -0.024	
 2011/12/09	   2.371	   2.400	   2.371	   2.388	         210967	      2.409	      2.447	      2.507	      2.561	           	      0.000	   2109.670	   2239.980	   5469.966	     -0.051	     -0.039	     -0.023	
 2011/12/12	   2.388	   2.388	   2.359	   2.361	         270873	      2.398	      2.433	      2.491	      2.556	           	      0.000	   2708.730	   2388.718	   4898.981	     -0.054	     -0.042	     -0.024	
 2011/12/13	   2.348	   2.348	   2.280	   2.280	         789764	      2.371	      2.408	      2.472	      2.550	           	      0.000	   7897.640	   3447.260	   5442.864	     -0.063	     -0.047	     -0.033	
 2011/12/14	   2.280	   2.285	   2.232	   2.233	       10936660	      2.335	      2.385	      2.453	      2.543	           	      0.000	 109366.602	  24945.246	  15948.100	     -0.073	     -0.052	     -0.042	
 2011/12/15	   2.229	   2.229	   2.178	   2.198	        1052875	      2.292	      2.356	      2.433	      2.535	           	      0.000	  10528.750	  26522.277	  14394.864	     -0.082	     -0.058	     -0.049	
 2011/12/16	   2.170	   2.234	   2.170	   2.231	        1594305	      2.261	      2.335	      2.417	      2.528	           	      0.000	  15943.050	  29288.955	  15764.467	     -0.086	     -0.064	     -0.046	
 2011/12/19	   2.211	   2.230	   2.160	   2.229	       22152398	      2.234	      2.316	      2.402	      2.522	           	      0.000	 221523.984	  73052.008	  37720.363	     -0.089	     -0.069	     -0.040	
 2011/12/20	   2.225	   2.246	   2.212	   2.220	       11085432	      2.222	      2.297	      2.387	      2.515	           	      0.000	 110854.320	  93643.344	  48545.301	     -0.090	     -0.073	     -0.035	
 2011/12/21	   2.220	   2.250	   2.182	   2.190	         677475	      2.214	      2.274	      2.370	      2.507	           	      0.000	   6774.750	  73124.969	  49035.109	     -0.093	     -0.077	     -0.032	
 2011/12/22	   2.165	   2.185	   2.113	   2.167	       10512237	      2.207	      2.250	      2.353	      2.499	           	      0.000	 105122.367	  92043.695	  59282.984	     -0.096	     -0.081	     -0.030	
 2011/12/23	   2.174	   2.218	   2.160	   2.189	        1767789	      2.199	      2.230	      2.338	      2.492	           	      0.000	  17677.891	  92390.664	  60839.809	     -0.095	     -0.083	     -0.023	
 2011/12/26	   2.170	   2.210	   2.163	   2.166	         544245	      2.186	      2.210	      2.322	      2.486	           	      0.000	   5442.450	  49174.355	  61113.180	     -0.095	     -0.086	     -0.019	
 2011/12/27	   2.170	   2.170	   2.130	   2.130	         247755	      2.168	      2.195	      2.301	      2.478	           	      0.000	   2477.550	  27499.002	  60571.172	     -0.097	     -0.088	     -0.018	
 2011/12/28	   2.122	   2.132	   2.096	   2.128	        1093533	      2.156	      2.185	      2.285	      2.470	           	      0.000	  10935.330	  28331.117	  50728.043	     -0.098	     -0.090	     -0.015	
 2011/12/29	   2.102	   2.146	   2.102	   2.135	         900978	      2.150	      2.178	      2.267	      2.464	           	      0.000	   9009.780	   9108.601	  50576.148	     -0.096	     -0.091	     -0.010	
 2011/12/30	   2.150	   2.168	   2.148	   2.167	         285859	      2.145	      2.172	      2.253	      2.457	           	      0.000	   2858.590	   6144.740	  49267.703	     -0.092	     -0.091	     -0.001	
 2012/01/04	   2.188	   2.231	   2.124	   2.128	         297021	      2.138	      2.162	      2.239	      2.451	           	      0.000	   2970.210	   5650.292	  27412.324	     -0.090	     -0.091	      0.002	
 2012/01/05	   2.126	   2.147	   2.070	   2.074	         776900	      2.126	      2.147	      2.222	      2.444	           	      0.000	   7769.000	   6708.582	  17103.791	     -0.092	     -0.091	     -0.002	
 2012/01/06	   2.070	   2.097	   2.053	   2.093	         117631	      2.119	      2.138	      2.206	      2.436	           	      0.000	   1176.310	   4756.778	  16543.947	     -0.091	     -0.091	     -0.000	
 2012/01/09	   2.095	   2.177	   2.080	   2.176	         244607	      2.128	      2.139	      2.194	      2.430	           	      0.000	   2446.070	   3444.036	   6276.318	     -0.083	     -0.090	      0.013	
 2012/01/10	   2.176	   2.252	   2.176	   2.250	         759674	      2.144	      2.145	      2.187	      2.424	           	      0.000	   7596.740	   4391.666	   5268.203	     -0.070	     -0.086	      0.032	
 2012/01/11	   2.255	   2.255	   2.217	   2.245	         639757	      2.168	      2.153	      2.181	      2.419	           	      0.000	   6397.570	   5077.138	   5363.715	     -0.059	     -0.080	      0.043	
 2012/01/12	   2.215	   2.257	   2.212	   2.230	         329814	      2.199	      2.163	      2.179	      2.414	           	      0.000	   3298.140	   4182.966	   5445.774	     -0.051	     -0.074	      0.047	
 2012/01/13	   2.226	   2.250	   2.154	   2.164	        1809105	      2.213	      2.166	      2.175	      2.409	           	      0.000	  18091.051	   7565.914	   6161.346	     -0.049	     -0.069	      0.041	
 2012/01/16	   2.115	   2.180	   2.115	   2.130	         182035	      2.204	      2.166	      2.172	      2.403	           	      0.000	   1820.350	   7440.770	   5442.403	     -0.050	     -0.065	      0.031	
 2012/01/17	   2.125	   2.277	   2.121	   2.240	         783718	      2.202	      2.173	      2.173	      2.400	           	      0.000	   7837.180	   7488.858	   5940.262	     -0.041	     -0.061	      0.039	
 2012/01/18	   2.237	   2.262	   2.150	   2.182	        1085201	      2.189	      2.178	      2.170	      2.396	           	      0.000	  10852.010	   8379.746	   6728.442	     -0.039	     -0.056	      0.035	
 2012/01/19	   2.196	   2.246	   2.182	   2.238	         261271	      2.191	      2.195	      2.171	      2.391	           	      0.000	   2612.710	   8242.660	   6212.813	     -0.032	     -0.051	      0.039	
 2012/01/20	   2.241	   2.330	   2.235	   2.280	        1126324	      2.214	      2.214	      2.176	      2.386	           	      0.000	  11263.240	   6877.098	   7221.506	     -0.023	     -0.046	      0.046	
 2012/01/30	   2.297	   2.300	   2.232	   2.250	         718338	      2.238	      2.221	      2.180	      2.382	           	      0.000	   7183.380	   7949.704	   7695.237	     -0.018	     -0.040	      0.045	
 2012/01/31	   2.250	   2.256	   2.227	   2.233	         479318	      2.237	      2.219	      2.182	      2.375	           	      0.000	   4793.180	   7340.904	   7414.881	     -0.015	     -0.035	      0.040	
 2012/02/01	   2.230	   2.253	   2.206	   2.212	         251886	      2.243	      2.216	      2.184	      2.369	           	      0.000	   2518.860	   5674.274	   7027.010	     -0.014	     -0.031	      0.033	
 2012/02/02	   2.210	   2.250	   2.210	   2.247	         151736	      2.244	      2.218	      2.190	      2.363	           	      0.000	   1517.360	   5455.204	   6848.932	     -0.011	     -0.027	      0.032	
 2012/02/03	   2.244	   2.277	   2.242	   2.271	         524800	      2.243	      2.228	      2.197	      2.357	           	      0.000	   5248.000	   4252.156	   5564.627	     -0.006	     -0.023	      0.033	
 2012/02/06	   2.289	   2.290	   2.269	   2.281	         715893	      2.249	      2.243	      2.205	      2.350	           	      0.000	   7158.930	   4247.266	   6098.485	     -0.001	     -0.018	      0.034	
 2012/02/07	   2.261	   2.261	   2.224	   2.235	         204391	      2.249	      2.243	      2.208	      2.343	           	      0.000	   2043.910	   3697.412	   5519.158	     -0.001	     -0.015	      0.027	
 2012/02/08	   2.200	   2.307	   2.200	   2.307	         800037	      2.268	      2.255	      2.217	      2.337	           	      0.000	   8000.370	   4793.714	   5233.994	      0.004	     -0.011	      0.031	
 2012/02/09	   2.286	   2.328	   2.286	   2.312	        3502656	      2.281	      2.263	      2.229	      2.331	           	      0.000	  35026.559	  11495.554	   8475.379	      0.009	     -0.007	      0.032	
 2012/02/10	   2.300	   2.338	   2.300	   2.310	        4224583	      2.289	      2.266	      2.240	      2.325	           	      0.000	  42245.828	  18895.119	  11573.638	      0.013	     -0.003	      0.032	
 2012/02/13	   2.309	   2.335	   2.288	   2.321	         631847	      2.297	      2.273	      2.247	      2.320	           	      0.000	   6318.470	  18727.027	  11487.146	      0.016	      0.001	      0.031	
 2012/02/14	   2.323	   2.332	   2.308	   2.315	         152935	      2.313	      2.281	      2.250	      2.315	           	      0.000	   1529.350	  18624.115	  11160.764	      0.018	      0.004	      0.028	
 2012/02/15	   2.329	   2.360	   2.306	   2.348	        2510858	      2.321	      2.295	      2.255	      2.309	           	      0.000	  25108.580	  22045.758	  13419.735	      0.022	      0.008	      0.029	
 2012/02/16	   2.348	   2.363	   2.322	   2.354	        2745367	      2.330	      2.305	      2.261	      2.304	           	      0.000	  27453.670	  20531.180	  16013.367	      0.026	      0.012	      0.029	
 2012/02/17	   2.350	   2.365	   2.330	   2.349	         151781	      2.337	      2.313	      2.271	      2.300	           	      0.000	   1517.810	  12385.576	  15640.348	      0.028	      0.015	      0.026	
 2012/02/20	   2.368	   2.376	   2.355	   2.355	        1622110	      2.344	      2.321	      2.282	      2.296	           	      0.000	  16221.100	  14366.102	  16546.564	      0.029	      0.018	      0.023	
 2012/02/21	   2.342	   2.370	   2.326	   2.368	         728751	      2.355	      2.334	      2.288	      2.293	           	      0.000	   7287.510	  15517.734	  17070.924	      0.031	      0.020	      0.022	
 2012/02/22	   2.383	   2.410	   2.363	   2.402	        1144495	      2.366	      2.343	      2.299	      2.290	           	      0.000	  11444.950	  12785.008	  17415.383	      0.035	      0.023	      0.024	
 2012/02/23	   2.402	   2.429	   2.402	   2.413	         649191	      2.377	      2.354	      2.308	      2.289	           	      0.000	   6491.910	   8592.656	  14561.918	      0.039	      0.027	      0.025	
 2012/02/24	   2.413	   2.457	   2.413	   2.457	         430954	      2.399	      2.368	      2.317	      2.288	           	      0.000	   4309.540	   9151.002	  10768.289	      0.045	      0.030	      0.029	
 2012/02/27	   2.468	   2.513	   2.468	   2.474	         902958	      2.423	      2.384	      2.328	      2.287	           	      0.000	   9029.580	   7712.698	  11039.400	      0.050	      0.034	      0.032	
 2012/02/28	   2.457	   2.490	   2.456	   2.480	        1398934	      2.445	      2.400	      2.341	      2.287	           	      0.000	  13989.340	   9053.064	  12285.399	      0.054	      0.038	      0.032	
 2012/02/29	   2.460	   2.482	   2.451	   2.451	        1093221	      2.455	      2.410	      2.352	      2.286	           	      0.000	  10932.210	   8950.516	  10867.762	      0.055	      0.042	      0.026	
 2012/03/01	   2.430	   2.471	   2.411	   2.452	         684800	      2.463	      2.420	      2.363	      2.285	           	      0.000	   6848.000	   9021.734	   8807.195	      0.054	      0.044	      0.021	
 2012/03/02	   2.464	   2.508	   2.453	   2.505	        3381714	      2.472	      2.436	      2.374	      2.286	           	      0.000	  33817.141	  14923.254	  12037.128	      0.058	      0.047	      0.022	
 2012/03/05	   2.556	   2.556	   2.488	   2.497	         682846	      2.477	      2.450	      2.385	      2.286	           	      0.000	   6828.460	  14483.030	  11097.864	      0.059	      0.049	      0.020	
 2012/03/06	   2.472	   2.476	   2.446	   2.446	        2060351	      2.470	      2.458	      2.396	      2.286	           	      0.000	  20603.510	  15805.864	  12429.464	      0.056	      0.051	      0.010	
 2012/03/07	   2.424	   2.471	   2.415	   2.440	        3770742	      2.468	      2.461	      2.402	      2.286	           	      0.000	  37707.422	  21160.906	  15055.711	      0.052	      0.051	      0.002	
 2012/03/08	   2.450	   2.487	   2.450	   2.479	         503122	      2.473	      2.468	      2.411	      2.287	           	      0.000	   5031.220	  20797.551	  14909.643	      0.051	      0.051	      0.000	
 2012/03/09	   2.476	   2.506	   2.470	   2.506	         528534	      2.474	      2.473	      2.421	      2.289	           	      0.000	   5285.340	  15091.190	  15007.223	      0.052	      0.051	      0.002	
 2012/03/12	   2.508	   2.512	   2.481	   2.510	         915855	      2.476	      2.477	      2.430	      2.290	           	      0.000	   9158.550	  15557.208	  15020.119	      0.053	      0.051	      0.002	
 2012/03/13	   2.499	   2.532	   2.499	   2.528	        1498178	      2.493	      2.481	      2.441	      2.293	           	      0.000	  14981.780	  14432.862	  15119.363	      0.054	      0.052	      0.004	
 2012/03/14	   2.539	   2.556	   2.438	   2.453	        1508239	      2.495	      2.482	      2.446	      2.294	           	      0.000	  15082.390	   9907.855	  15534.381	      0.048	      0.051	     -0.006	
 2012/03/15	   2.450	   2.464	   2.403	   2.422	         912436	      2.484	      2.479	      2.449	      2.297	           	      0.000	   9124.360	  10726.484	  15762.018	      0.041	      0.049	     -0.016	
 2012/03/16	   2.422	   2.458	   2.418	   2.458	         449559	      2.474	      2.474	      2.455	      2.300	           	      0.000	   4495.590	  10568.534	  12829.862	      0.038	      0.047	     -0.019	
 2012/03/19	   2.455	   2.475	   2.446	   2.474	         343062	      2.467	      2.472	      2.461	      2.305	           	      0.000	   3430.620	   9422.948	  12490.078	      0.036	      0.045	     -0.018	
 2012/03/20	   2.462	   2.466	   2.426	   2.431	         907263	      2.448	      2.470	      2.464	      2.308	           	      0.000	   9072.630	   8241.118	  11336.990	      0.030	      0.042	     -0.023	
 2012/03/21	   2.432	   2.458	   2.407	   2.430	         503187	      2.443	      2.469	      2.465	      2.312	           	      0.000	   5031.870	   6231.014	   8069.435	      0.026	      0.039	     -0.025	
 2012/03/22	   2.426	   2.439	   2.411	   2.420	         133893	      2.443	      2.463	      2.466	      2.315	           	      0.000	   1338.930	   4673.928	   7700.206	      0.021	      0.035	     -0.028	
 2012/03/23	   2.405	   2.418	   2.376	   2.388	         319043	      2.429	      2.451	      2.462	      2.318	           	      0.000	   3190.430	   4412.896	   7490.715	      0.015	      0.031	     -0.032	
 2012/03/26	   2.388	   2.390	   2.363	   2.379	         280409	      2.410	      2.438	      2.457	      2.322	           	      0.000	   2804.090	   4287.590	   6855.269	      0.009	      0.027	     -0.035	
 2012/03/27	   2.396	   2.397	   2.375	   2.375	         135839	      2.398	      2.423	      2.452	      2.325	           	      0.000	   1358.390	   2744.742	   5492.930	      0.004	      0.022	     -0.036	
 2012/03/28	   2.370	   2.370	   2.293	   2.305	        1207852	      2.373	      2.408	      2.445	      2.327	           	      0.000	  12078.520	   4154.072	   5192.543	     -0.006	      0.017	     -0.045	
 2012/03/29	   2.296	   2.296	   2.251	   2.268	        1918646	      2.343	      2.393	      2.436	      2.330	           	      0.000	  19186.461	   7723.578	   6198.753	     -0.016	      0.010	     -0.052	
 2012/03/30	   2.282	   2.282	   2.253	   2.265	         665554	      2.318	      2.374	      2.424	      2.332	           	      0.000	   6655.540	   8416.601	   6414.748	     -0.024	      0.003	     -0.055	
 2012/04/05	   2.256	   2.321	   2.250	   2.316	         938901	      2.306	      2.358	      2.415	      2.335	           	      0.000	   9389.010	   9733.584	   7010.587	     -0.026	     -0.003	     -0.047	
 2012/04/06	   2.314	   2.333	   2.310	   2.322	         148700	      2.295	      2.347	      2.408	      2.337	           	      0.000	   1487.000	   9759.306	   6252.024	     -0.027	     -0.008	     -0.039	
 2012/04/09	   2.320	   2.320	   2.295	   2.295	         185239	      2.293	      2.333	      2.401	      2.340	           	      0.000	   1852.390	   7714.080	   5934.076	     -0.030	     -0.012	     -0.035	
 2012/04/10	   2.295	   2.320	   2.266	   2.320	         238407	      2.304	      2.323	      2.393	      2.344	           	      0.000	   2384.070	   4353.602	   6038.590	     -0.029	     -0.016	     -0.028	
 2012/04/11	   2.311	   2.348	   2.304	   2.323	         208027	      2.315	      2.317	      2.384	      2.348	           	      0.000	   2080.270	   3438.548	   5927.574	     -0.029	     -0.018	     -0.021	
 2012/04/12	   2.323	   2.375	   2.319	   2.367	         830218	      2.325	      2.316	      2.377	      2.351	           	      0.000	   8302.180	   3221.182	   6477.383	     -0.024	     -0.019	     -0.009	
 2012/04/13	   2.371	   2.397	   2.371	   2.391	         636233	      2.339	      2.317	      2.370	      2.354	           	      0.000	   6362.330	   4196.248	   6977.777	     -0.018	     -0.019	      0.002	
 2012/04/16	   2.366	   2.411	   2.366	   2.401	        2873757	      2.360	      2.327	      2.368	      2.356	           	      0.000	  28737.570	   9573.284	   8643.682	     -0.013	     -0.018	      0.010	
 2012/04/17	   2.396	   2.397	   2.358	   2.359	        1661831	      2.368	      2.336	      2.364	      2.358	           	      0.000	  16618.311	  12420.132	   8386.867	     -0.012	     -0.017	      0.010	
 2012/04/18	   2.368	   2.420	   2.366	   2.419	        1273078	      2.387	      2.351	      2.362	      2.363	           	      0.000	  12730.780	  14550.234	   8994.391	     -0.006	     -0.015	      0.017	
 2012/04/19	   2.418	   2.418	   2.400	   2.418	         229996	      2.398	      2.362	      2.360	      2.367	           	      0.000	   2299.960	  13349.790	   8285.486	     -0.001	     -0.012	      0.021	
 2012/04/20	   2.419	   2.438	   2.409	   2.437	         300462	      2.407	      2.373	      2.360	      2.371	           	      0.000	   3004.620	  12678.248	   8437.248	      0.004	     -0.009	      0.025	
 2012/04/23	   2.447	   2.447	   2.415	   2.424	         235466	      2.411	      2.386	      2.360	      2.375	           	      0.000	   2354.660	   7401.666	   8487.475	      0.006	     -0.006	      0.025	
 2012/04/24	   2.412	   2.450	   2.364	   2.414	         628052	      2.422	      2.395	      2.359	      2.378	           	      0.000	   6280.520	   5334.108	   8877.120	      0.008	     -0.003	      0.022	
 2012/04/25	   2.360	   2.450	   2.360	   2.435	         871385	      2.426	      2.407	      2.362	      2.380	           	      0.000	   8713.850	   4530.722	   9540.479	      0.011	     -0.000	      0.022	
 2012/04/26	   2.450	   2.450	   2.425	   2.436	        2769034	      2.429	      2.413	      2.365	      2.383	           	      0.000	  27690.340	   9608.798	  11479.294	      0.013	      0.002	      0.021	
 2012/04/27	   2.436	   2.443	   2.421	   2.428	         844359	      2.427	      2.417	      2.367	      2.387	           	      0.000	   8443.590	  10696.592	  11687.420	      0.013	      0.005	      0.018	
 2012/05/02	   2.450	   2.480	   2.440	   2.480	         606365	      2.439	      2.425	      2.376	      2.391	           	      0.000	   6063.650	  11438.390	   9420.028	      0.018	      0.007	      0.022	
 2012/05/03	   2.466	   2.486	   2.466	   2.481	         661500	      2.452	      2.437	      2.387	      2.395	           	      0.000	   6615.000	  11505.286	   8419.697	      0.022	      0.010	      0.023	
 2012/05/04	   2.471	   2.515	   2.470	   2.509	         839323	      2.467	      2.446	      2.399	      2.399	           	      0.000	   8393.230	  11441.162	   7985.942	      0.026	      0.013	      0.026	
 2012/05/07	   2.515	   2.521	   2.500	   2.521	        1788044	      2.484	      2.457	      2.409	      2.403	           	      0.000	  17880.439	   9479.182	   9543.990	      0.031	      0.017	      0.028	
 2012/05/08	   2.522	   2.522	   2.500	   2.512	         785635	      2.501	      2.464	      2.418	      2.408	           	      0.000	   7856.350	   9361.734	  10029.163	      0.033	      0.020	      0.026	
 2012/05/09	   2.502	   2.502	   2.465	   2.465	         469966	      2.498	      2.468	      2.427	      2.410	           	      0.000	   4699.660	   9088.936	  10263.663	      0.031	      0.022	      0.017	
 2012/05/10	   2.465	   2.486	   2.465	   2.469	        1747233	      2.495	      2.474	      2.434	      2.413	           	      0.000	  17472.330	  11260.402	  11382.844	      0.029	      0.024	      0.011	
 2012/05/11	   2.465	   2.485	   2.461	   2.461	        1772177	      2.486	      2.476	      2.441	      2.415	           	      0.000	  17721.770	  13126.109	  12283.636	      0.027	      0.024	      0.005	
 2012/05/14	   2.467	   2.476	   2.440	   2.443	         339478	      2.470	      2.477	      2.445	      2.417	           	      0.000	   3394.780	  10228.978	   9854.080	      0.023	      0.024	     -0.002	
 2012/05/15	   2.420	   2.433	   2.411	   2.433	         208675	      2.454	      2.477	      2.447	      2.419	           	      0.000	   2086.750	   9075.058	   9218.396	      0.019	      0.023	     -0.008	
 2012/05/16	   2.431	   2.431	   2.406	   2.406	         159639	      2.442	      2.470	      2.447	      2.420	           	      0.000	   1596.390	   8454.404	   8771.670	      0.014	      0.021	     -0.015	
 2012/05/17	   2.412	   2.440	   2.398	   2.434	         266095	      2.435	      2.465	      2.451	      2.422	           	      0.000	   2660.950	   5492.128	   8376.265	      0.012	      0.019	     -0.015	
 2012/05/18	   2.434	   2.434	   2.403	   2.404	         208200	      2.424	      2.455	      2.451	      2.423	           	      0.000	   2082.000	   2364.174	   7745.142	      0.007	      0.017	     -0.019	
 2012/05/21	   2.403	   2.422	   2.391	   2.406	        1821381	      2.417	      2.443	      2.450	      2.423	           	      0.000	  18213.811	   5327.980	   7778.479	      0.004	      0.014	     -0.020	
 2012/05/22	   2.424	   2.449	   2.423	   2.447	         704984	      2.419	      2.437	      2.450	      2.425	           	      0.000	   7049.840	   6320.598	   7697.828	      0.005	      0.012	     -0.015	
 2012/05/23	   2.436	   2.447	   2.423	   2.440	         209717	      2.426	      2.434	      2.451	      2.425	           	      0.000	   2097.170	   6420.754	   7437.579	      0.005	      0.011	     -0.012	
 2012/05/24	   2.438	   2.440	   2.425	   2.428	         299188	      2.425	      2.430	      2.452	      2.426	           	      0.000	   2991.880	   6486.940	   5989.534	      0.004	      0.009	     -0.012	
 2012/05/25	   2.421	   2.430	   2.405	   2.409	         646290	      2.426	      2.425	      2.451	      2.425	           	      0.000	   6462.900	   7363.120	   4863.647	      0.001	      0.008	     -0.013	
 2012/05/28	   2.385	   2.443	   2.365	   2.426	        1252200	      2.430	      2.423	      2.450	      2.424	           	      0.000	  12522.000	   6224.758	   5776.369	      0.001	      0.006	     -0.011	
 2012/05/29	   2.423	   2.487	   2.423	   2.480	         399855	      2.437	      2.428	      2.453	      2.424	           	      0.000	   3998.550	   5614.500	   5967.549	      0.005	      0.006	     -0.003	
 2012/05/30	   2.479	   2.484	   2.464	   2.474	         220025	      2.443	      2.435	      2.452	      2.424	           	      0.000	   2200.250	   5635.116	   6027.935	      0.007	      0.006	      0.002	
 2012/05/31	   2.472	   2.484	   2.440	   2.470	        1319983	      2.452	      2.438	      2.452	      2.425	           	      0.000	  13199.830	   7676.706	   7081.823	      0.009	      0.007	      0.004	
 2012/06/01	   2.485	   2.491	   2.461	   2.468	        2264896	      2.464	      2.445	      2.450	      2.424	           	      0.000	  22648.961	  10913.918	   9138.520	      0.010	      0.007	      0.005	
 2012/06/04	   2.440	   2.440	   2.406	   2.406	         483275	      2.460	      2.445	      2.444	      2.423	           	      0.000	   4832.750	   9376.068	   7800.413	      0.005	      0.007	     -0.003	
 2012/06/05	   2.406	   2.406	   2.386	   2.386	         564929	      2.441	      2.439	      2.438	      2.422	           	      0.000	   5649.290	   9706.216	   7660.358	      0.000	      0.006	     -0.011	
 2012/06/06	   2.392	   2.397	   2.381	   2.389	          75270	      2.424	      2.434	      2.434	      2.421	           	      0.000	    752.700	   9416.706	   7525.911	     -0.003	      0.004	     -0.014	
 2012/06/07	   2.420	   2.420	   2.374	   2.380	         200836	      2.406	      2.429	      2.430	      2.419	           	      0.000	   2008.360	   7178.412	   7427.559	     -0.007	      0.002	     -0.017	
 2012/06/08	   2.378	   2.393	   2.363	   2.365	        1098704	      2.385	      2.424	      2.425	      2.417	           	      0.000	  10987.040	   4846.028	   7879.973	     -0.011	     -0.001	     -0.020	
 2012/06/11	   2.368	   2.404	   2.367	   2.399	        1299460	      2.384	      2.422	      2.422	      2.415	           	      0.000	  12994.600	   6478.398	   7927.233	     -0.011	     -0.003	     -0.016	
 2012/06/12	   2.405	   2.405	   2.372	   2.375	         870700	      2.382	      2.411	      2.420	      2.412	           	      0.000	   8707.000	   7089.940	   8398.078	     -0.013	     -0.005	     -0.016	
 2012/06/13	   2.399	   2.420	   2.390	   2.420	         591637	      2.388	      2.406	      2.420	      2.412	           	      0.000	   5916.370	   8122.674	   8769.690	     -0.011	     -0.006	     -0.010	
 2012/06/14	   2.421	   2.431	   2.399	   2.402	         269927	      2.392	      2.399	      2.419	      2.411	           	      0.000	   2699.270	   8260.855	   7719.634	     -0.010	     -0.007	     -0.007	
 2012/06/15	   2.414	   2.419	   2.376	   2.400	         469093	      2.399	      2.392	      2.418	      2.410	           	      0.000	   4690.930	   7001.634	   5923.831	     -0.010	     -0.008	     -0.005	
 2012/06/18	   2.407	   2.421	   2.405	   2.410	         974738	      2.401	      2.393	      2.419	      2.409	           	      0.000	   9747.380	   6352.190	   6415.294	     -0.009	     -0.008	     -0.002	
 2012/06/19	   2.403	   2.409	   2.387	   2.395	         198100	      2.405	      2.394	      2.416	      2.409	           	      0.000	   1981.000	   5006.990	   6048.465	     -0.009	     -0.008	     -0.002	
 2012/06/20	   2.395	   2.398	   2.382	   2.382	         101535	      2.398	      2.393	      2.413	      2.408	           	      0.000	   1015.350	   4026.786	   6074.730	     -0.010	     -0.009	     -0.003	
 2012/06/21	   2.382	   2.382	   2.341	   2.352	        1116300	      2.388	      2.390	      2.409	      2.407	           	      0.000	  11163.000	   5719.532	   6990.194	     -0.014	     -0.010	     -0.008	
 2012/06/25	   2.331	   2.339	   2.292	   2.298	         174692	      2.367	      2.383	      2.404	      2.405	           	      0.000	   1746.920	   5130.730	   6066.182	     -0.020	     -0.012	     -0.017	
 2012/06/26	   2.274	   2.290	   2.272	   2.283	         164407	      2.342	      2.372	      2.397	      2.404	           	      0.000	   1644.070	   3510.068	   4931.129	     -0.026	     -0.015	     -0.023	
 2012/06/27	   2.291	   2.302	   2.281	   2.281	          83619	      2.319	      2.362	      2.387	      2.402	           	      0.000	    836.190	   3281.106	   4144.048	     -0.031	     -0.018	     -0.026	
 2012/06/28	   2.306	   2.306	   2.261	   2.266	         655771	      2.296	      2.347	      2.376	      2.402	           	      0.000	   6557.710	   4389.578	   4208.182	     -0.035	     -0.021	     -0.028	
 2012/06/29	   2.261	   2.284	   2.251	   2.284	          73357	      2.282	      2.335	      2.367	      2.402	           	      0.000	    733.570	   2303.692	   4011.612	     -0.037	     -0.025	     -0.025	
 2012/07/02	   2.284	   2.305	   2.284	   2.296	          82971	      2.282	      2.325	      2.358	      2.402	           	      0.000	    829.710	   2120.250	   3625.490	     -0.037	     -0.027	     -0.020	
 2012/07/03	   2.289	   2.318	   2.281	   2.281	          85745	      2.282	      2.312	      2.352	      2.402	           	      0.000	    857.450	   1962.926	   2736.497	     -0.038	     -0.029	     -0.017	
 2012/07/04	   2.282	   2.290	   2.270	   2.289	         205594	      2.283	      2.301	      2.347	      2.401	           	      0.000	   2055.940	   2206.876	   2743.991	     -0.037	     -0.031	     -0.013	
 2012/07/05	   2.263	   2.263	   2.231	   2.240	         196818	      2.278	      2.287	      2.340	      2.400	           	      0.000	   1968.180	   1288.970	   2839.274	     -0.040	     -0.033	     -0.015	
 2012/07/06	   2.254	   2.286	   2.235	   2.286	         385105	      2.278	      2.280	      2.335	      2.400	           	      0.000	   3851.050	   1912.466	   2108.079	     -0.039	     -0.034	     -0.010	
 2012/07/09	   2.286	   2.286	   2.238	   2.238	          46435	      2.267	      2.274	      2.329	      2.398	           	      0.000	    464.350	   1839.394	   1979.822	     -0.041	     -0.035	     -0.011	
 2012/07/10	   2.233	   2.237	   2.216	   2.220	         250598	      2.255	      2.268	      2.320	      2.396	           	      0.000	   2505.980	   2169.100	   2066.013	     -0.043	     -0.037	     -0.013	
 2012/07/11	   2.219	   2.229	   2.219	   2.229	          57678	      2.243	      2.263	      2.313	      2.393	           	      0.000	    576.780	   1873.268	   2040.072	     -0.044	     -0.038	     -0.012	
 2012/07/12	   2.230	   2.273	   2.219	   2.255	         171517	      2.246	      2.262	      2.304	      2.391	           	      0.000	   1715.170	   1822.666	   1555.818	     -0.042	     -0.039	     -0.006	
 2012/07/13	   2.255	   2.274	   2.250	   2.253	         182736	      2.239	      2.259	      2.297	      2.389	           	      0.000	   1827.360	   1417.928	   1665.197	     -0.040	     -0.039	     -0.002	
 2012/07/16	   2.253	   2.253	   2.208	   2.209	          97286	      2.233	      2.250	      2.287	      2.385	           	      0.000	    972.860	   1519.630	   1679.512	     -0.042	     -0.040	     -0.004	
 2012/07/17	   2.185	   2.225	   2.185	   2.213	         118617	      2.232	      2.243	      2.277	      2.382	           	      0.000	   1186.170	   1255.668	   1712.384	     -0.042	     -0.040	     -0.004	
 2012/07/18	   2.200	   2.237	   2.200	   2.226	         215018	      2.231	      2.237	      2.269	      2.379	           	      0.000	   2150.180	   1570.348	   1721.808	     -0.041	     -0.041	     -0.001	
 2012/07/19	   2.231	   2.270	   2.230	   2.244	         334842	      2.229	      2.237	      2.262	      2.376	           	      0.000	   3348.420	   1896.998	   1859.832	     -0.038	     -0.040	      0.003	
 2012/07/20	   2.244	   2.244	   2.231	   2.234	          75000	      2.225	      2.232	      2.256	      2.373	           	      0.000	    750.000	   1681.526	   1549.727	     -0.037	     -0.039	      0.006	
 2012/07/23	   2.219	   2.223	   2.200	   2.223	         136132	      2.228	      2.231	      2.253	      2.369	           	      0.000	   1361.320	   1759.218	   1639.424	     -0.036	     -0.039	      0.006	
 2012/07/24	   2.222	   2.245	   2.208	   2.220	         143500	      2.229	      2.231	      2.249	      2.365	           	      0.000	   1435.000	   1808.984	   1532.326	     -0.035	     -0.038	      0.006	
 2012/07/25	   2.220	   2.228	   2.199	   2.201	          81839	      2.224	      2.228	      2.245	      2.362	           	      0.000	    818.390	   1542.626	   1556.487	     -0.035	     -0.037	      0.004	
 2012/07/26	   2.196	   2.212	   2.188	   2.188	         245644	      2.213	      2.221	      2.241	      2.357	           	      0.000	   2456.440	   1364.230	   1630.614	     -0.036	     -0.037	      0.002	
 2012/07/27	   2.187	   2.190	   2.171	   2.173	          87040	      2.201	      2.213	      2.236	      2.352	           	      0.000	    870.400	   1388.310	   1534.918	     -0.038	     -0.037	     -0.001	
 2012/07/30	   2.162	   2.170	   2.154	   2.154	          92900	      2.187	      2.208	      2.229	      2.346	           	      0.000	    929.000	   1301.846	   1530.532	     -0.040	     -0.038	     -0.004	
 2012/07/31	   2.162	   2.162	   2.132	   2.135	        1112502	      2.170	      2.200	      2.221	      2.339	           	      0.000	  11125.020	   3239.850	   2524.417	     -0.043	     -0.039	     -0.008	
 2012/08/01	   2.135	   2.172	   2.135	   2.155	         608700	      2.161	      2.193	      2.215	      2.333	           	      0.000	   6087.000	   4293.572	   2918.099	     -0.043	     -0.039	     -0.007	
 2012/08/02	   2.153	   2.169	   2.120	   2.140	        1937759	      2.151	      2.182	      2.210	      2.328	           	      0.000	  19377.590	   7677.802	   4521.016	     -0.044	     -0.040	     -0.007	
 2012/08/03	   2.144	   2.167	   2.134	   2.163	        1018414	      2.149	      2.175	      2.204	      2.323	           	      0.000	  10184.140	   9540.550	   5464.430	     -0.042	     -0.041	     -0.003	
 2012/08/06	   2.163	   2.203	   2.162	   2.203	         750302	      2.159	      2.173	      2.202	      2.318	           	      0.000	   7503.020	  10855.354	   6078.600	     -0.037	     -0.040	      0.006	
 2012/08/07	   2.189	   2.202	   2.186	   2.202	         984013	      2.173	      2.171	      2.201	      2.314	           	      0.000	   9840.130	  10598.376	   6919.113	     -0.033	     -0.038	      0.012	
 2012/08/08	   2.199	   2.210	   2.190	   2.198	        1093810	      2.181	      2.171	      2.199	      2.311	           	      0.000	  10938.100	  11568.596	   7931.084	     -0.029	     -0.037	      0.015	
 2012/08/09	   2.180	   2.220	   2.180	   2.213	         654386	      2.196	      2.174	      2.197	      2.307	           	      0.000	   6543.860	   9001.850	   8339.826	     -0.025	     -0.034	      0.018	
 2012/08/10	   2.205	   2.218	   2.205	   2.209	         290762	      2.205	      2.177	      2.195	      2.304	           	      0.000	   2907.620	   7546.546	   8543.548	     -0.022	     -0.032	      0.020	
 2012/08/13	   2.190	   2.204	   2.176	   2.176	          98800	      2.200	      2.179	      2.194	      2.300	           	      0.000	    988.000	   6243.542	   8549.448	     -0.022	     -0.030	      0.016	
 2012/08/14	   2.163	   2.176	   2.142	   2.170	          69854	      2.193	      2.183	      2.191	      2.296	           	      0.000	    698.540	   4415.224	   7506.800	     -0.022	     -0.028	      0.013	
 2012/08/15	   2.141	   2.156	   2.141	   2.148	          99400	      2.183	      2.182	      2.187	      2.291	           	      0.000	    994.000	   2426.404	   6997.500	     -0.023	     -0.027	      0.008	
 2012/08/16	   2.143	   2.151	   2.134	   2.138	         690777	      2.168	      2.182	      2.182	      2.286	           	      0.000	   6907.770	   2499.186	   5750.518	     -0.025	     -0.027	      0.003	
 2012/08/17	   2.143	   2.143	   2.112	   2.131	         380500	      2.153	      2.179	      2.177	      2.281	           	      0.000	   3805.000	   2678.662	   5112.604	     -0.027	     -0.027	     -0.000	
 2012/08/20	   2.112	   2.127	   2.099	   2.119	         924644	      2.141	      2.170	      2.172	      2.276	           	      0.000	   9246.440	   4330.350	   5286.946	     -0.029	     -0.027	     -0.003	
 2012/08/21	   2.126	   2.154	   2.126	   2.135	         348388	      2.134	      2.164	      2.168	      2.271	           	      0.000	   3483.880	   4887.418	   4651.321	     -0.029	     -0.028	     -0.002	
 2012/08/22	   2.140	   2.141	   2.114	   2.130	          57886	      2.131	      2.157	      2.164	      2.265	           	      0.000	    578.860	   4804.390	   3615.397	     -0.029	     -0.028	     -0.002	
 2012/08/23	   2.110	   2.139	   2.110	   2.139	          83200	      2.131	      2.150	      2.162	      2.260	           	      0.000	    832.000	   3589.236	   3044.211	     -0.028	     -0.028	      0.000	
 2012/08/24	   2.118	   2.120	   2.101	   2.109	          35300	      2.126	      2.140	      2.158	      2.254	           	      0.000	    353.000	   2898.836	   2788.749	     -0.029	     -0.028	     -0.002	
 2012/08/27	   2.097	   2.097	   2.055	   2.056	         414000	      2.114	      2.128	      2.153	      2.247	           	      0.000	   4140.000	   1877.548	   3103.949	     -0.034	     -0.029	     -0.009	
 2012/08/28	   2.055	   2.077	   2.050	   2.063	          86908	      2.099	      2.117	      2.150	      2.241	           	      0.000	    869.080	   1354.588	   3121.003	     -0.037	     -0.031	     -0.012	
 2012/08/29	   2.052	   2.066	   2.043	   2.043	         668771	      2.082	      2.106	      2.144	      2.235	           	      0.000	   6687.710	   2576.358	   3690.374	     -0.040	     -0.033	     -0.015	
 2012/08/30	   2.036	   2.043	   2.015	   2.026	         522211	      2.059	      2.095	      2.139	      2.229	           	      0.000	   5222.110	   3454.380	   3521.808	     -0.044	     -0.035	     -0.018	
 2012/08/31	   2.030	   2.033	   2.023	   2.028	          42744	      2.043	      2.085	      2.132	      2.224	           	      0.000	    427.440	   3469.268	   3184.052	     -0.046	     -0.037	     -0.018	
 2012/09/03	   2.034	   2.063	   2.034	   2.063	          80100	      2.045	      2.079	      2.125	      2.219	           	      0.000	    801.000	   2801.468	   2339.508	     -0.044	     -0.039	     -0.012	
 2012/09/04	   2.052	   2.060	   2.025	   2.026	         148797	      2.037	      2.068	      2.116	      2.212	           	      0.000	   1487.970	   2925.246	   2139.917	     -0.045	     -0.040	     -0.011	
 2012/09/05	   2.010	   2.048	   2.010	   2.030	          82570	      2.035	      2.058	      2.108	      2.207	           	      0.000	    825.700	   1752.844	   2164.601	     -0.046	     -0.041	     -0.009	
 2012/09/06	   2.052	   2.054	   2.042	   2.054	          93311	      2.040	      2.050	      2.100	      2.200	           	      0.000	    933.110	    895.044	   2174.712	     -0.043	     -0.041	     -0.003	
 2012/09/07	   2.054	   2.166	   2.054	   2.149	         706097	      2.064	      2.054	      2.097	      2.196	           	      0.000	   7060.970	   2221.750	   2845.509	     -0.033	     -0.040	      0.013	
 2012/09/10	   2.159	   2.162	   2.141	   2.160	         196818	      2.084	      2.064	      2.096	      2.192	           	      0.000	   1968.180	   2455.186	   2628.327	     -0.024	     -0.037	      0.025	
 2012/09/11	   2.140	   2.151	   2.132	   2.147	         107317	      2.108	      2.073	      2.095	      2.188	           	      0.000	   1073.170	   2372.226	   2648.736	     -0.018	     -0.033	      0.030	
 2012/09/12	   2.248	   2.248	   2.144	   2.166	         840679	      2.135	      2.085	      2.096	      2.184	           	      0.000	   8406.790	   3888.444	   2820.644	     -0.011	     -0.029	      0.035	
 2012/09/13	   2.166	   2.167	   2.135	   2.144	        1711100	      2.153	      2.097	      2.096	      2.180	           	      0.000	  17111.000	   7124.022	   4009.533	     -0.008	     -0.024	      0.034	
 2012/09/14	   2.149	   2.165	   2.130	   2.151	        1409817	      2.154	      2.109	      2.097	      2.177	           	      0.000	  14098.170	   8531.462	   5376.606	     -0.004	     -0.020	      0.032	
 2012/09/17	   2.143	   2.143	   2.084	   2.084	        1031500	      2.138	      2.111	      2.095	      2.173	           	      0.000	  10315.000	  10200.826	   6328.006	     -0.007	     -0.018	      0.022	
 2012/09/18	   2.084	   2.084	   2.061	   2.067	         181515	      2.122	      2.115	      2.092	      2.170	           	      0.000	   1815.150	  10349.222	   6360.724	     -0.010	     -0.016	      0.012	
 2012/09/19	   2.066	   2.087	   2.066	   2.077	          35301	      2.105	      2.120	      2.089	      2.166	           	      0.000	    353.010	   8738.466	   6313.455	     -0.012	     -0.015	      0.007	
 2012/09/20	   2.063	   2.063	   2.031	   2.035	         243100	      2.083	      2.118	      2.084	      2.162	           	      0.000	   2431.000	   5802.466	   6463.244	     -0.016	     -0.015	     -0.002	
 2012/09/21	   2.030	   2.120	   2.026	   2.037	         128512	      2.060	      2.107	      2.080	      2.158	           	      0.000	   1285.120	   3239.856	   5885.659	     -0.019	     -0.016	     -0.006	
 2012/09/24	   2.030	   2.051	   2.007	   2.051	        1202696	      2.053	      2.096	      2.080	      2.154	           	      0.000	  12026.960	   3582.248	   6891.537	     -0.021	     -0.017	     -0.007	
 2012/09/25	   2.039	   2.042	   2.035	   2.039	          42000	      2.048	      2.085	      2.079	      2.150	           	      0.000	    420.000	   3303.218	   6826.220	     -0.022	     -0.018	     -0.008	
 2012/09/26	   2.043	   2.043	   2.009	   2.009	        1208499	      2.034	      2.069	      2.077	      2.145	           	      0.000	  12084.990	   5649.614	   7194.040	     -0.026	     -0.020	     -0.012	
 2012/09/27	   2.010	   2.079	   2.010	   2.060	        1447061	      2.039	      2.061	      2.079	      2.142	           	      0.000	  14470.610	   8057.536	   6930.001	     -0.024	     -0.021	     -0.007	
 2012/09/28	   2.001	   2.100	   2.001	   2.095	        1074206	      2.051	      2.055	      2.082	      2.139	           	      0.000	  10742.060	   9948.924	   6594.390	     -0.020	     -0.020	      0.001	
 2012/10/08	   2.100	   2.110	   2.082	   2.084	        1254399	      2.057	      2.055	      2.083	      2.137	           	      0.000	  12543.990	  10052.330	   6817.289	     -0.017	     -0.020	      0.006	
 2012/10/09	   2.116	   2.144	   2.103	   2.138	         535439	      2.077	      2.063	      2.089	      2.135	           	      0.000	   5354.390	  11039.208	   7171.213	     -0.010	     -0.018	      0.015	
 2012/10/10	   2.134	   2.145	   2.134	   2.144	         158397	      2.104	      2.069	      2.095	      2.134	           	      0.000	   1583.970	   8939.004	   7294.309	     -0.004	     -0.015	      0.021	
 2012/10/11	   2.135	   2.135	   2.122	   2.122	         103736	      2.117	      2.078	      2.098	      2.132	           	      0.000	   1037.360	   6252.354	   7154.945	     -0.002	     -0.012	      0.022	
 2012/10/12	   2.136	   2.149	   2.105	   2.119	          88420	      2.121	      2.086	      2.096	      2.129	           	      0.000	    884.200	   4280.782	   7114.853	      0.001	     -0.010	      0.021	
 2012/10/15	   2.122	   2.122	   2.098	   2.106	          77299	      2.126	      2.092	      2.094	      2.128	           	      0.000	    772.990	   1926.582	   5989.456	      0.001	     -0.008	      0.017	
 2012/10/16	   2.106	   2.135	   2.106	   2.122	          60839	      2.123	      2.100	      2.092	      2.126	           	      0.000	    608.390	    977.382	   6008.295	      0.003	     -0.006	      0.017	
 2012/10/17	   2.120	   2.132	   2.099	   2.121	          37076	      2.118	      2.111	      2.090	      2.124	           	      0.000	    370.760	    734.740	   4836.872	      0.004	     -0.004	      0.015	
 2012/10/18	   2.113	   2.155	   2.113	   2.150	         136601	      2.124	      2.120	      2.091	      2.123	           	      0.000	   1366.010	    800.470	   3526.412	      0.007	     -0.001	      0.017	
 2012/10/19	   2.144	   2.154	   2.144	   2.147	          34000	      2.129	      2.125	      2.090	      2.121	           	      0.000	    340.000	    691.630	   2486.206	      0.009	      0.001	      0.017	
 2012/10/22	   2.140	   2.158	   2.133	   2.158	          41614	      2.140	      2.133	      2.094	      2.120	           	      0.000	    416.140	    620.260	   1273.421	      0.012	      0.003	      0.018	
 2012/10/23	   2.122	   2.157	   2.122	   2.129	         117900	      2.141	      2.132	      2.097	      2.119	           	      0.000	   1179.000	    734.382	    855.882	      0.011	      0.005	      0.014	
 2012/10/24	   2.126	   2.130	   2.112	   2.126	          97950	      2.142	      2.130	      2.100	      2.118	           	      0.000	    979.500	    856.130	    795.435	      0.011	      0.006	      0.010	
 2012/10/25	   2.135	   2.135	   2.102	   2.105	          49896	      2.133	      2.128	      2.103	      2.116	           	      0.000	    498.960	    682.720	    741.595	      0.008	      0.006	      0.004	
 2012/10/26	   2.105	   2.105	   2.061	   2.069	         352300	      2.117	      2.123	      2.105	      2.114	           	      0.000	   3523.000	   1319.320	   1005.475	      0.003	      0.006	     -0.005	
 2012/10/29	   2.072	   2.072	   2.049	   2.050	         141701	      2.096	      2.118	      2.105	      2.113	           	      0.000	   1417.010	   1519.494	   1069.877	     -0.002	      0.004	     -0.012	
 2012/10/30	   2.054	   2.074	   2.052	   2.056	         194458	      2.081	      2.111	      2.105	      2.111	           	      0.000	   1944.580	   1672.610	   1203.496	     -0.006	      0.002	     -0.016	
 2012/10/31	   2.060	   2.070	   2.055	   2.070	          55000	      2.070	      2.106	      2.109	      2.110	           	      0.000	    550.000	   1586.710	   1221.420	     -0.007	      0.000	     -0.015	
 2012/11/01	   2.085	   2.116	   2.085	   2.109	         164297	      2.071	      2.102	      2.111	      2.109	           	      0.000	   1642.970	   1815.512	   1249.116	     -0.005	     -0.001	     -0.009	
 2012/11/02	   2.110	   2.120	   2.096	   2.119	         201469	      2.081	      2.099	      2.112	      2.109	           	      0.000	   2014.690	   1513.850	   1416.585	     -0.003	     -0.001	     -0.004	
 2012/11/05	   2.127	   2.130	   2.106	   2.114	         147623	      2.094	      2.095	      2.114	      2.107	           	      0.000	   1476.230	   1525.694	   1522.594	     -0.002	     -0.001	     -0.001	
 2012/11/06	   2.105	   2.105	   2.074	   2.101	          66050	      2.103	      2.092	      2.112	      2.106	           	      0.000	    660.500	   1268.878	   1470.744	     -0.002	     -0.001	     -0.000	
 2012/11/07	   2.103	   2.108	   2.092	   2.104	          64957	      2.109	      2.090	      2.110	      2.104	           	      0.000	    649.570	   1288.792	   1437.751	     -0.001	     -0.001	      0.000	
 2012/11/08	   2.074	   2.095	   2.060	   2.060	         136100	      2.100	      2.085	      2.107	      2.101	           	      0.000	   1361.000	   1232.398	   1523.955	     -0.004	     -0.002	     -0.005	
 2012/11/09	   2.060	   2.060	   2.046	   2.051	         189800	      2.086	      2.083	      2.103	      2.099	           	      0.000	   1898.000	   1209.060	   1361.455	     -0.008	     -0.003	     -0.009	
 2012/11/12	   2.058	   2.058	   2.045	   2.057	        1001740	      2.075	      2.084	      2.101	      2.097	           	      0.000	  10017.400	   2917.294	   2221.494	     -0.010	     -0.004	     -0.010	
 2012/11/13	   2.051	   2.054	   2.026	   2.026	        4496139	      2.060	      2.081	      2.096	      2.094	           	      0.000	  44961.391	  11777.473	   6523.175	     -0.013	     -0.006	     -0.014	
 2012/11/14	   2.022	   2.032	   2.018	   2.027	         849538	      2.044	      2.077	      2.091	      2.092	           	      0.000	   8495.380	  13346.634	   7317.713	     -0.016	     -0.008	     -0.016	
 2012/11/15	   2.023	   2.023	   2.002	   2.003	        1801000	      2.033	      2.066	      2.084	      2.090	           	      0.000	  18010.000	  16676.434	   8954.416	     -0.020	     -0.011	     -0.019	
 2012/11/16	   1.998	   1.998	   1.977	   1.978	        2015940	      2.018	      2.052	      2.076	      2.088	           	      0.000	  20159.400	  20328.715	  10768.887	     -0.025	     -0.014	     -0.023	
 2012/11/19	   1.983	   1.996	   1.976	   1.990	         105939	      2.005	      2.040	      2.067	      2.085	           	      0.000	   1059.390	  18537.111	  10727.203	     -0.028	     -0.016	     -0.023	
 2012/11/20	   1.999	   1.999	   1.986	   1.986	         862101	      1.997	      2.028	      2.060	      2.083	           	      0.000	   8621.010	  11269.036	  11523.254	     -0.030	     -0.019	     -0.021	
 2012/11/21	   1.994	   2.009	   1.978	   2.008	         571997	      1.993	      2.019	      2.054	      2.081	           	      0.000	   5719.970	  10713.954	  12030.294	     -0.029	     -0.021	     -0.016	
 2012/11/22	   1.995	   1.999	   1.988	   1.995	         114336	      1.991	      2.012	      2.049	      2.079	           	      0.000	   1143.360	   7340.626	  12008.530	     -0.029	     -0.023	     -0.013	
 2012/11/23	   2.015	   2.015	   2.005	   2.005	         407300	      1.997	      2.007	      2.045	      2.077	           	      0.000	   4073.000	   4123.346	  12226.030	     -0.028	     -0.024	     -0.009	
 2012/11/26	   1.996	   2.002	   1.990	   1.994	          94293	      1.998	      2.001	      2.043	      2.076	           	      0.000	    942.930	   4100.054	  11318.583	     -0.028	     -0.025	     -0.007	
 2012/11/27	   1.978	   1.980	   1.957	   1.957	         192681	      1.992	      1.994	      2.038	      2.074	           	      0.000	   1926.810	   2761.214	   7015.125	     -0.031	     -0.026	     -0.010	
 2012/11/28	   1.955	   1.955	   1.920	   1.928	         449510	      1.976	      1.984	      2.031	      2.072	           	      0.000	   4495.100	   2516.240	   6615.097	     -0.035	     -0.028	     -0.014	
 2012/11/29	   1.934	   1.935	   1.907	   1.913	          20300	      1.959	      1.975	      2.021	      2.070	           	      0.000	    203.000	   2328.168	   4834.397	     -0.039	     -0.030	     -0.017	
 2012/11/30	   1.907	   1.935	   1.907	   1.935	         137086	      1.945	      1.971	      2.012	      2.069	           	      0.000	   1370.860	   1787.740	   2955.543	     -0.039	     -0.032	     -0.015	
 2012/12/03	   1.935	   1.940	   1.915	   1.915	          40800	      1.930	      1.964	      2.002	      2.066	           	      0.000	    408.000	   1680.754	   2890.404	     -0.041	     -0.034	     -0.015	
 2012/12/04	   1.913	   1.934	   1.900	   1.934	          56530	      1.925	      1.958	      1.993	      2.065	           	      0.000	    565.300	   1408.452	   2084.833	     -0.041	     -0.035	     -0.011	
 2012/12/05	   1.925	   2.009	   1.925	   1.995	        9862120	      1.938	      1.957	      1.988	      2.064	           	      0.000	  98621.203	  20233.672	  11374.956	     -0.035	     -0.035	      0.000	
 2012/12/06	   1.989	   2.010	   1.989	   1.996	        2266394	      1.955	      1.957	      1.985	      2.063	           	      0.000	  22663.939	  24725.861	  13527.015	     -0.030	     -0.034	      0.008	
 2012/12/07	   1.987	   2.039	   1.987	   2.035	         575897	      1.975	      1.960	      1.984	      2.061	           	      0.000	   5758.970	  25603.482	  13695.611	     -0.023	     -0.032	      0.018	
 2012/12/10	   2.048	   2.058	   2.045	   2.053	        7575514	      2.003	      1.966	      1.984	      2.059	           	      0.000	  75755.141	  40672.910	  21176.832	     -0.015	     -0.028	      0.027	
 2012/12/11	   2.052	   2.053	   2.036	   2.041	         263201	      2.024	      1.974	      1.984	      2.058	           	      0.000	   2632.010	  41086.254	  21247.352	     -0.010	     -0.025	      0.029	
 2012/12/12	   2.052	   2.052	   2.031	   2.044	        2206601	      2.034	      1.986	      1.985	      2.056	           	      0.000	  22066.010	  25775.215	  23004.443	     -0.006	     -0.021	      0.030	
 2012/12/13	   2.040	   2.041	   2.026	   2.035	         207539	      2.042	      1.998	      1.987	      2.054	           	      0.000	   2075.390	  21657.504	  23191.682	     -0.003	     -0.017	      0.029	
 2012/12/14	   2.030	   2.128	   2.030	   2.121	        1499799	      2.059	      2.017	      1.994	      2.053	           	      0.000	  14997.990	  23505.309	  24554.395	      0.006	     -0.013	      0.037	
 2012/12/17	   2.121	   2.140	   2.120	   2.130	         163588	      2.074	      2.038	      2.001	      2.054	           	      0.000	   1635.880	   8681.456	  24677.184	      0.014	     -0.007	      0.042	
 2012/12/18	   2.133	   2.151	   2.126	   2.131	         131313	      2.092	      2.058	      2.008	      2.055	           	      0.000	   1313.130	   8417.680	  24751.967	      0.020	     -0.002	      0.043	
 2012/12/19	   2.117	   2.132	   2.117	   2.130	         148638	      2.109	      2.072	      2.014	      2.056	           	      0.000	   1486.380	   4301.754	  15038.484	      0.024	      0.003	      0.042	
 2012/12/20	   2.122	   2.146	   2.103	   2.146	         189187	      2.132	      2.087	      2.022	      2.058	           	      0.000	   1891.870	   4265.050	  12961.277	      0.029	      0.008	      0.040	
 2012/12/21	   2.155	   2.167	   2.130	   2.130	         279227	      2.133	      2.096	      2.028	      2.059	           	      0.000	   2792.270	   1823.906	  12664.607	      0.030	      0.013	      0.035	
 2012/12/24	   2.133	   2.151	   2.110	   2.144	         128909	      2.136	      2.105	      2.036	      2.061	           	      0.000	   1289.090	   1754.548	   5218.002	      0.033	      0.017	      0.032	
 2012/12/25	   2.135	   2.200	   2.128	   2.196	         494599	      2.149	      2.121	      2.048	      2.064	           	      0.000	   4945.990	   2481.120	   5449.400	      0.038	      0.021	      0.034	
 2012/12/26	   2.196	   2.200	   2.182	   2.200	         241327	      2.163	      2.136	      2.061	      2.067	           	      0.000	   2413.270	   2666.498	   3484.126	      0.042	      0.025	      0.034	
 2012/12/27	   2.200	   2.216	   2.188	   2.195	         161617	      2.173	      2.152	      2.075	      2.069	           	      0.000	   1616.170	   2611.358	   3438.204	      0.045	      0.029	      0.031	
 2012/12/28	   2.199	   2.219	   2.192	   2.219	        1006499	      2.191	      2.162	      2.089	      2.071	           	      0.000	  10064.990	   4065.902	   2944.904	      0.048	      0.033	      0.030	
 2012/12/31	   2.229	   2.259	   2.227	   2.254	        2546435	      2.213	      2.174	      2.106	      2.074	           	      0.000	  25464.350	   8900.954	   5327.751	      0.053	      0.037	      0.032	
 2013/01/04	   2.278	   2.278	   2.223	   2.242	       11680319	      2.222	      2.186	      2.122	      2.076	           	      0.000	 116803.188	  31272.393	  16876.756	      0.055	      0.041	      0.029	
 2013/01/07	   2.238	   2.265	   2.238	   2.252	       12597834	      2.232	      2.198	      2.135	      2.077	           	      0.000	 125978.344	  55985.410	  29325.953	      0.057	      0.044	      0.026	
 2013/01/08	   2.252	   2.268	   2.235	   2.257	         410260	      2.245	      2.209	      2.148	      2.080	           	      0.000	   4102.600	  56482.695	  29547.025	      0.058	      0.047	      0.023	
 2013/01/09	   2.259	   2.269	   2.238	   2.254	         116629	      2.252	      2.221	      2.159	      2.082	           	      0.000	   1166.290	  54702.953	  29384.428	      0.058	      0.049	      0.019	
 2013/01/10	   2.260	   2.279	   2.257	   2.263	         212763	      2.254	      2.233	      2.169	      2.085	           	      0.000	   2127.630	  50035.609	  29468.281	      0.059	      0.051	      0.015	
 2013/01/11	   2.268	   2.268	   2.213	   2.220	         132997	      2.249	      2.236	      2.178	      2.086	           	      0.000	   1329.970	  26940.967	  29106.680	      0.055	      0.052	      0.006	
 2013/01/14	   2.212	   2.308	   2.212	   2.300	       21074612	      2.259	      2.246	      2.191	      2.089	           	      0.000	 210746.125	  43894.523	  49939.965	      0.057	      0.053	      0.009	
 2013/01/15	   2.285	   2.325	   2.285	   2.317	       21422364	      2.271	      2.258	      2.205	      2.092	           	      0.000	 214223.641	  85918.734	  71200.711	      0.060	      0.054	      0.011	
 2013/01/16	   2.290	   2.325	   2.275	   2.306	         206222	      2.281	      2.266	      2.214	      2.095	           	      0.000	   2062.220	  86097.914	  70400.438	      0.060	      0.055	      0.010	
 2013/01/17	   2.308	   2.321	   2.289	   2.296	        4184885	      2.288	      2.271	      2.223	      2.097	           	      0.000	  41848.852	  94042.164	  72038.883	      0.059	      0.056	      0.006	
 2013/01/18	   2.300	   2.343	   2.300	   2.336	         237537	      2.311	      2.280	      2.233	      2.100	           	      0.000	   2375.370	  94251.242	  60596.105	      0.061	      0.057	      0.008	
 2013/01/21	   2.329	   2.354	   2.329	   2.335	        2756964	      2.318	      2.288	      2.243	      2.104	           	      0.000	  27569.641	  57615.945	  50755.234	      0.062	      0.058	      0.007	
 2013/01/22	   2.330	   2.334	   2.300	   2.307	         218549	      2.316	      2.293	      2.251	      2.107	           	      0.000	   2185.490	  15208.314	  50563.523	      0.059	      0.058	      0.002	
 2013/01/23	   2.303	   2.316	   2.280	   2.308	         160705	      2.316	      2.299	      2.260	      2.111	           	      0.000	   1607.050	  15117.280	  50607.598	      0.057	      0.058	     -0.003	
 2013/01/24	   2.311	   2.349	   2.266	   2.280	         396170	      2.313	      2.300	      2.267	      2.115	           	      0.000	   3961.700	   7539.850	  50791.004	      0.052	      0.057	     -0.010	
 2013/01/25	   2.280	   2.287	   2.270	   2.270	        3109973	      2.300	      2.306	      2.271	      2.119	           	      0.000	  31099.730	  13284.723	  53767.980	      0.047	      0.055	     -0.016	
 2013/01/28	   2.290	   2.334	   2.290	   2.334	         309541	      2.300	      2.309	      2.277	      2.123	           	      0.000	   3095.410	   8389.876	  33002.910	      0.047	      0.053	     -0.012	
 2013/01/29	   2.338	   2.348	   2.330	   2.343	         308994	      2.307	      2.312	      2.285	      2.127	           	      0.000	   3089.940	   8570.766	  11889.540	      0.048	      0.052	     -0.009	
 2013/01/30	   2.346	   2.357	   2.335	   2.357	         385289	      2.317	      2.317	      2.292	      2.131	           	      0.000	   3852.890	   9019.934	  12068.607	      0.049	      0.051	     -0.005	
 2013/01/31	   2.352	   2.366	   2.350	   2.358	         462876	      2.332	      2.323	      2.297	      2.135	           	      0.000	   4628.760	   9153.346	   8346.598	      0.049	      0.051	     -0.004	
 2013/02/01	   2.351	   2.385	   2.351	   2.385	         748413	      2.355	      2.328	      2.304	      2.140	           	      0.000	   7484.130	   4430.226	   8857.474	      0.051	      0.051	     -0.000	
 2013/02/04	   2.435	   2.435	   2.356	   2.388	         376812	      2.366	      2.333	      2.311	      2.144	           	      0.000	   3768.120	   4564.768	   6477.322	      0.052	      0.051	      0.002	
 2013/02/05	   2.382	   2.420	   2.382	   2.414	         362782	      2.380	      2.344	      2.319	      2.150	           	      0.000	   3627.820	   4672.344	   6621.555	      0.054	      0.052	      0.005	
 2013/02/06	   2.418	   2.430	   2.410	   2.411	        2133158	      2.391	      2.354	      2.326	      2.156	           	      0.000	  21331.580	   8168.082	   8594.008	      0.055	      0.052	      0.006	
 2013/02/07	   2.415	   2.424	   2.399	   2.413	         358881	      2.402	      2.367	      2.334	      2.162	           	      0.000	   3588.810	   7960.092	   8556.719	      0.056	      0.053	      0.005	
 2013/02/08	   2.437	   2.438	   2.413	   2.427	         108770	      2.411	      2.383	      2.344	      2.169	           	      0.000	   1087.700	   6680.806	   5555.516	      0.056	      0.054	      0.005	
 2013/02/18	   2.440	   2.440	   2.400	   2.416	         223828	      2.416	      2.391	      2.350	      2.175	           	      0.000	   2238.280	   6374.838	   5469.803	      0.055	      0.054	      0.003	
 2013/02/19	   2.401	   2.420	   2.364	   2.367	         617608	      2.407	      2.394	      2.353	      2.181	           	      0.000	   6176.080	   6884.490	   5778.417	      0.050	      0.053	     -0.006	
 2013/02/20	   2.372	   2.400	   2.368	   2.400	         185537	      2.405	      2.398	      2.357	      2.189	           	      0.000	   1855.370	   2989.248	   5578.665	      0.048	      0.052	     -0.008	
 2013/02/21	   2.317	   2.373	   2.317	   2.329	       41807796	      2.388	      2.395	      2.359	      2.194	           	      0.000	 418077.969	  85887.078	  46923.586	      0.040	      0.050	     -0.019	
 2013/02/22	   2.251	   2.354	   2.250	   2.322	         103222	      2.367	      2.389	      2.358	      2.200	           	      0.000	   1032.220	  85875.984	  46278.395	      0.033	      0.046	     -0.027	
 2013/02/25	   2.325	   2.356	   2.324	   2.334	         138876	      2.350	      2.383	      2.358	      2.205	           	      0.000	   1388.760	  85706.078	  46040.457	      0.028	      0.043	     -0.030	
 2013/02/26	   2.322	   2.349	   2.300	   2.305	       42502084	      2.338	      2.372	      2.358	      2.210	           	      0.000	 425020.844	 169475.031	  88179.758	      0.021	      0.038	     -0.034	
 2013/02/27	   2.315	   2.333	   2.296	   2.310	        9185334	      2.320	      2.362	      2.358	      2.215	           	      0.000	  91853.344	 187474.625	  95231.938	      0.016	      0.034	     -0.035	
 2013/02/28	   2.310	   2.370	   2.310	   2.370	         133882	      2.328	      2.358	      2.363	      2.222	           	      0.000	   1338.820	 104126.797	  95006.938	      0.017	      0.031	     -0.027	
 2013/03/01	   2.358	   2.377	   2.340	   2.368	        2093673	      2.337	      2.352	      2.368	      2.229	           	      0.000	  20936.730	 108107.703	  96991.844	      0.017	      0.028	     -0.021	
 2013/03/04	   2.302	   2.349	   2.271	   2.280	         188601	      2.327	      2.339	      2.365	      2.234	           	      0.000	   1886.010	 108207.148	  96956.617	      0.010	      0.024	     -0.028	
 2013/03/05	   2.289	   2.333	   2.285	   2.330	         178982	      2.332	      2.335	      2.364	      2.241	           	      0.000	   1789.820	  23560.945	  96517.992	      0.009	      0.021	     -0.025	
 2013/03/06	   2.342	   2.366	   2.340	   2.363	         114503	      2.342	      2.331	      2.365	      2.249	           	      0.000	   1145.030	   5419.282	  96446.953	      0.010	      0.019	     -0.018	
 2013/03/07	   2.363	   2.368	   2.318	   2.354	        2100479	      2.339	      2.334	      2.364	      2.256	           	      0.000	  21004.789	   9352.476	  56739.637	      0.010	      0.017	     -0.014	
 2013/03/08	   2.354	   2.354	   2.327	   2.344	        1072413	      2.334	      2.336	      2.362	      2.263	           	      0.000	  10724.130	   7309.956	  57708.828	      0.009	      0.016	     -0.013	
 2013/03/11	   2.344	   2.344	   2.318	   2.322	          62855	      2.343	      2.335	      2.359	      2.268	           	      0.000	    628.550	   7058.464	  57632.809	      0.007	      0.014	     -0.014	
 2013/03/12	   2.328	   2.342	   2.270	   2.285	         255578	      2.334	      2.333	      2.352	      2.273	           	      0.000	   2555.780	   7211.656	  15386.301	      0.002	      0.011	     -0.019	
 2013/03/13	   2.270	   2.277	   2.250	   2.268	         117344	      2.315	      2.328	      2.345	      2.277	           	      0.000	   1173.440	   7217.338	   6318.310	     -0.004	      0.008	     -0.024	
 2013/03/14	   2.250	   2.276	   2.250	   2.261	          40369	      2.296	      2.318	      2.338	      2.280	           	      0.000	    403.690	   3097.118	   6224.797	     -0.008	      0.005	     -0.027	
 2013/03/15	   2.250	   2.314	   2.250	   2.265	         107766	      2.280	      2.307	      2.330	      2.284	           	      0.000	   1077.660	   1167.824	   4238.890	     -0.012	      0.002	     -0.026	
 2013/03/18	   2.340	   2.340	   2.241	   2.241	         117197	      2.264	      2.303	      2.321	      2.287	           	      0.000	   1171.970	   1276.508	   4167.486	     -0.016	     -0.002	     -0.028	
 2013/03/19	   2.228	   2.260	   2.228	   2.256	         100544	      2.258	      2.296	      2.315	      2.291	           	      0.000	   1005.440	    966.440	   4089.048	     -0.018	     -0.005	     -0.026	
 2013/03/20	   2.245	   2.324	   2.245	   2.313	         182519	      2.267	      2.291	      2.311	      2.294	           	      0.000	   1825.190	   1096.790	   4157.064	     -0.015	     -0.007	     -0.015	
 2013/03/21	   2.317	   2.341	   2.317	   2.335	         239780	      2.282	      2.289	      2.311	      2.298	           	      0.000	   2397.800	   1495.612	   2296.365	     -0.010	     -0.008	     -0.005	
 2013/03/22	   2.322	   2.339	   2.319	   2.330	        3561388	      2.295	      2.288	      2.312	      2.301	           	      0.000	  35613.879	   8402.855	   4785.340	     -0.007	     -0.008	      0.001	
 2013/03/25	   2.333	   2.340	   2.323	   2.335	        2273968	      2.314	      2.289	      2.312	      2.304	           	      0.000	  22739.680	  12716.397	   6996.453	     -0.004	     -0.007	      0.005	
 2013/03/26	   2.300	   2.331	   2.281	   2.306	       13335952	      2.324	      2.291	      2.312	      2.307	           	      0.000	 133359.516	  39187.211	  20076.826	     -0.004	     -0.006	      0.004	
 2013/03/27	   2.306	   2.335	   2.306	   2.312	         270052	      2.324	      2.295	      2.312	      2.310	           	      0.000	   2700.520	  39362.277	  20229.535	     -0.003	     -0.006	      0.004	
 2013/03/28	   2.276	   2.278	   2.258	   2.258	         206681	      2.308	      2.295	      2.306	      2.312	           	      0.000	   2066.810	  39296.082	  20395.846	     -0.007	     -0.006	     -0.003	
 2013/03/29	   2.441	   2.441	   2.250	   2.251	          72553	      2.292	      2.294	      2.300	      2.313	           	      0.000	    725.530	  32318.410	  20360.633	     -0.011	     -0.007	     -0.008	
 2013/04/01	   2.329	   2.330	   2.242	   2.254	          82400	      2.276	      2.295	      2.299	      2.314	           	      0.000	    824.000	  27935.275	  20325.836	     -0.013	     -0.008	     -0.010	
 2013/04/02	   2.264	   2.276	   2.236	   2.236	         111527	      2.262	      2.293	      2.294	      2.314	           	      0.000	   1115.270	   1486.426	  20336.820	     -0.016	     -0.010	     -0.013	
 2013/04/03	   2.240	   2.256	   2.224	   2.235	          81896	      2.247	      2.285	      2.288	      2.315	           	      0.000	    818.960	   1110.114	  20236.197	     -0.019	     -0.012	     -0.014	
 2013/04/08	   2.194	   2.277	   2.190	   2.224	         173100	      2.240	      2.274	      2.282	      2.314	           	      0.000	   1731.000	   1042.952	  20169.516	     -0.021	     -0.013	     -0.015	
 2013/04/09	   2.231	   2.244	   2.231	   2.241	          60500	      2.238	      2.265	      2.276	      2.314	           	      0.000	    605.000	   1018.846	  16668.629	     -0.021	     -0.015	     -0.013	
 2013/04/10	   2.240	   2.241	   2.219	   2.240	         173361	      2.235	      2.256	      2.272	      2.314	           	      0.000	   1733.610	   1200.768	  14568.021	     -0.022	     -0.016	     -0.010	
 2013/04/11	   2.246	   2.249	   2.226	   2.226	          88700	      2.233	      2.248	      2.269	      2.313	           	      0.000	    887.000	   1155.114	   1320.770	     -0.023	     -0.018	     -0.010	
 2013/04/12	   2.226	   2.226	   2.213	   2.214	          36278	      2.229	      2.238	      2.267	      2.313	           	      0.000	    362.780	   1063.878	   1086.996	     -0.024	     -0.019	     -0.010	
 2013/04/15	   2.210	   2.210	   2.190	   2.191	          55230	      2.222	      2.231	      2.263	      2.312	           	      0.000	    552.300	    828.138	    935.545	     -0.027	     -0.020	     -0.013	
 2013/04/16	   2.178	   2.209	   2.178	   2.209	          81441	      2.216	      2.227	      2.260	      2.311	           	      0.000	    814.410	    870.020	    944.433	     -0.027	     -0.022	     -0.011	
 2013/04/17	   2.210	   2.220	   2.210	   2.215	          34697	      2.211	      2.223	      2.259	      2.310	           	      0.000	    346.970	    592.692	    896.730	     -0.027	     -0.023	     -0.008	
 2013/04/18	   2.220	   2.244	   2.220	   2.232	        9360775	      2.212	      2.223	      2.258	      2.309	           	      0.000	  93607.750	  19136.842	  10145.978	     -0.025	     -0.023	     -0.003	
 2013/04/19	   2.240	   2.284	   2.240	   2.273	         253772	      2.224	      2.227	      2.256	      2.308	           	      0.000	   2537.720	  19571.830	  10317.854	     -0.019	     -0.022	      0.006	
 2013/04/22	   2.278	   2.278	   2.263	   2.267	          43514	      2.239	      2.231	      2.252	      2.308	           	      0.000	    435.140	  19548.398	  10188.268	     -0.016	     -0.021	      0.011	
 2013/04/23	   2.258	   2.258	   2.211	   2.211	         142500	      2.240	      2.228	      2.247	      2.305	           	      0.000	   1425.000	  19670.516	  10270.268	     -0.017	     -0.020	      0.007	
 2013/04/24	   2.216	   2.255	   2.205	   2.255	         312282	      2.248	      2.229	      2.243	      2.304	           	      0.000	   3122.820	  20225.686	  10409.189	     -0.014	     -0.019	      0.009	
 2013/04/25	   2.233	   2.266	   2.224	   2.239	         260748	      2.249	      2.231	      2.239	      2.303	           	      0.000	   2607.480	   2025.632	  10581.237	     -0.013	     -0.018	      0.009	
 2013/04/26	   2.240	   2.240	   2.205	   2.205	          44400	      2.235	      2.230	      2.234	      2.301	           	      0.000	    444.000	   1606.888	  10589.359	     -0.015	     -0.017	      0.004	
 2013/05/02	   2.207	   2.230	   2.207	   2.213	          57463	      2.225	      2.232	      2.232	      2.300	           	      0.000	    574.630	   1634.786	  10591.592	     -0.016	     -0.017	      0.003	
 2013/05/03	   2.240	   2.271	   2.240	   2.264	          87700	      2.235	      2.237	      2.232	      2.300	           	      0.000	    877.000	   1525.186	  10597.851	     -0.012	     -0.016	      0.008	
 2013/05/06	   2.273	   2.298	   2.273	   2.289	         224000	      2.242	      2.245	      2.234	      2.299	           	      0.000	   2240.000	   1348.622	  10787.154	     -0.007	     -0.014	      0.015	
 2013/05/07	   2.289	   2.304	   2.281	   2.291	         370111	      2.252	      2.251	      2.237	      2.298	           	      0.000	   3701.110	   1567.348	   1796.490	     -0.003	     -0.012	      0.018	
 2013/05/08	   2.300	   2.312	   2.298	   2.304	         136482	      2.272	      2.254	      2.240	      2.298	           	      0.000	   1364.820	   1751.512	   1679.200	      0.002	     -0.009	      0.022	
 2013/05/09	   2.304	   2.313	   2.278	   2.300	         191391	      2.290	      2.257	      2.244	      2.297	           	      0.000	   1913.910	   2019.368	   1827.077	      0.005	     -0.006	      0.022	
 2013/05/10	   2.283	   2.313	   2.283	   2.310	        1958321	      2.299	      2.267	      2.247	      2.295	           	      0.000	  19583.211	   5760.610	   3642.898	      0.008	     -0.003	      0.023	
 2013/05/13	   2.301	   2.317	   2.298	   2.305	          66317	      2.302	      2.272	      2.251	      2.294	           	      0.000	    663.170	   5445.244	   3396.933	      0.010	     -0.001	      0.022	
 2013/05/14	   2.296	   2.296	   2.262	   2.276	         349295	      2.299	      2.276	      2.253	      2.292	           	      0.000	   3492.950	   5403.612	   3485.480	      0.009	      0.001	      0.016	
 2013/05/15	   2.276	   2.296	   2.276	   2.295	         128434	      2.297	      2.285	      2.257	      2.290	           	      0.000	   1284.340	   5387.516	   3569.514	      0.010	      0.003	      0.014	
 2013/05/16	   2.299	   2.336	   2.299	   2.333	         424698	      2.304	      2.297	      2.264	      2.288	           	      0.000	   4246.980	   5854.130	   3936.749	      0.013	      0.005	      0.017	
 2013/05/17	   2.325	   2.388	   2.325	   2.386	        2490659	      2.319	      2.309	      2.273	      2.288	           	      0.000	  24906.590	   6918.806	   6339.708	      0.020	      0.008	      0.024	
 2013/05/20	   2.387	   2.414	   2.386	   2.391	       10413085	      2.336	      2.319	      2.282	      2.287	           	      0.000	 104130.852	  27612.342	  16528.793	      0.026	      0.012	      0.028	
 2013/05/21	   2.393	   2.408	   2.393	   2.404	         612812	      2.362	      2.330	      2.291	      2.288	           	      0.000	   6128.120	  28139.377	  16771.494	      0.031	      0.015	      0.031	
 2013/05/22	   2.380	   2.429	   2.380	   2.408	        9131012	      2.384	      2.341	      2.297	      2.288	           	      0.000	  91310.117	  46144.531	  25766.023	      0.035	      0.019	      0.031	
 2013/05/23	   2.390	   2.419	   2.380	   2.392	         221660	      2.396	      2.350	      2.304	      2.289	           	      0.000	   2216.600	  45738.457	  25796.293	      0.036	      0.023	      0.027	
 2013/05/24	   2.400	   2.410	   2.393	   2.409	         163293	      2.401	      2.360	      2.313	      2.291	           	      0.000	   1632.930	  41083.723	  24001.266	      0.038	      0.026	      0.025	
 2013/05/27	   2.410	   2.428	   2.410	   2.417	         201695	      2.406	      2.371	      2.322	      2.292	           	      0.000	   2016.950	  20660.943	  24136.643	      0.040	      0.029	      0.023	
 2013/05/28	   2.410	   2.444	   2.410	   2.444	         571597	      2.414	      2.388	      2.332	      2.294	           	      0.000	   5715.970	  20578.514	  24358.945	      0.043	      0.031	      0.023	
 2013/05/29	   2.444	   2.463	   2.440	   2.452	         238647	      2.423	      2.404	      2.344	      2.297	           	      0.000	   2386.470	   2793.784	  24469.158	      0.046	      0.034	      0.023	
 2013/05/30	   2.450	   2.457	   2.442	   2.457	         539593	      2.436	      2.416	      2.356	      2.298	           	      0.000	   5395.930	   3429.650	  24584.053	      0.048	      0.037	      0.021	
 2013/05/31	   2.445	   2.447	   2.410	   2.410	         235021	      2.436	      2.418	      2.364	      2.299	           	      0.000	   2350.210	   3573.106	  22328.414	      0.045	      0.039	      0.012	
 2013/06/03	   2.410	   2.420	   2.405	   2.405	          92548	      2.434	      2.420	      2.369	      2.301	           	      0.000	    925.480	   3354.812	  12007.878	      0.042	      0.039	      0.005	
 2013/06/04	   2.404	   2.404	   2.357	   2.366	         156471	      2.418	      2.416	      2.373	      2.301	           	      0.000	   1564.710	   2524.560	  11551.537	      0.036	      0.038	     -0.006	
 2013/06/05	   2.365	   2.375	   2.361	   2.368	        1080219	      2.401	      2.412	      2.376	      2.302	           	      0.000	  10802.190	   4207.704	   3500.744	      0.031	      0.037	     -0.012	
 2013/06/06	   2.368	   2.368	   2.347	   2.347	          62133	      2.379	      2.408	      2.379	      2.301	           	      0.000	    621.330	   3252.784	   3341.217	      0.025	      0.034	     -0.019	
 2013/06/07	   2.343	   2.352	   2.289	   2.300	         139739	      2.357	      2.397	      2.378	      2.301	           	      0.000	   1397.390	   3062.220	   3317.663	      0.016	      0.031	     -0.029	
 2013/06/13	   2.250	   2.250	   2.198	   2.234	         662743	      2.323	      2.378	      2.375	      2.299	           	      0.000	   6627.430	   4202.610	   3778.711	      0.004	      0.025	     -0.043	
 2013/06/14	   2.242	   2.246	   2.237	   2.246	          49878	      2.299	      2.359	      2.373	      2.299	           	      0.000	    498.780	   3989.424	   3256.992	     -0.005	      0.019	     -0.048	
 2013/06/17	   2.254	   2.266	   2.234	   2.255	         249497	      2.276	      2.339	      2.371	      2.298	           	      0.000	   2494.970	   2327.980	   3267.842	     -0.011	      0.013	     -0.048	
 2013/06/18	   2.280	   2.280	   2.240	   2.258	         171787	      2.259	      2.319	      2.367	      2.298	           	      0.000	   1717.870	   2547.288	   2900.036	     -0.015	      0.008	     -0.046	
 2013/06/19	   2.240	   2.248	   2.220	   2.242	         196735	      2.247	      2.302	      2.360	      2.298	           	      0.000	   1967.350	   2661.280	   2861.750	     -0.020	      0.002	     -0.044	
 2013/06/20	   2.230	   2.230	   2.180	   2.184	         312625	      2.237	      2.280	      2.350	      2.297	           	      0.000	   3126.250	   1961.044	   3081.827	     -0.028	     -0.004	     -0.048	
 2013/06/21	   2.129	   2.195	   2.129	   2.179	         198878	      2.224	      2.261	      2.339	      2.296	           	      0.000	   1988.780	   2259.044	   3124.234	     -0.034	     -0.010	     -0.048	
 2013/06/24	   2.158	   2.158	   2.045	   2.059	         273433	      2.184	      2.230	      2.321	      2.291	           	      0.000	   2734.330	   2306.916	   2317.448	     -0.048	     -0.017	     -0.061	
 2013/06/25	   2.022	   2.065	   1.924	   2.063	         697725	      2.145	      2.202	      2.305	      2.287	           	      0.000	   6977.250	   3358.792	   2953.040	     -0.058	     -0.026	     -0.065	
 2013/06/26	   2.060	   2.146	   2.041	   2.082	        5224207	      2.113	      2.180	      2.288	      2.283	           	      0.000	  52242.070	  13413.736	   8037.508	     -0.064	     -0.033	     -0.062	
 2013/06/27	   2.100	   2.108	   2.065	   2.065	        4763243	      2.090	      2.163	      2.271	      2.278	           	      0.000	  47632.430	  22314.973	  12138.008	     -0.069	     -0.041	     -0.057	
 2013/06/28	   2.092	   2.101	   2.060	   2.070	          48400	      2.068	      2.146	      2.252	      2.274	           	      0.000	    484.000	  22014.016	  12136.530	     -0.072	     -0.047	     -0.051	
 2013/07/01	   2.073	   2.105	   2.065	   2.105	         105257	      2.077	      2.131	      2.235	      2.271	           	      0.000	   1052.570	  21677.664	  11992.290	     -0.071	     -0.052	     -0.038	
 2013/07/02	   2.108	   2.135	   2.100	   2.131	         436885	      2.091	      2.118	      2.218	      2.269	           	      0.000	   4368.850	  21155.984	  12257.388	     -0.067	     -0.055	     -0.024	
 2013/07/03	   2.121	   2.124	   2.100	   2.124	         101846	      2.099	      2.106	      2.204	      2.267	           	      0.000	   1018.460	  10911.262	  12162.499	     -0.064	     -0.056	     -0.014	
 2013/07/04	   2.122	   2.160	   2.108	   2.150	         121888	      2.116	      2.103	      2.191	      2.265	           	      0.000	   1218.880	   1628.552	  11971.762	     -0.058	     -0.057	     -0.003	
 2013/07/05	   2.148	   2.160	   2.131	   2.143	         142397	      2.131	      2.099	      2.180	      2.263	           	      0.000	   1423.970	   1816.546	  11915.281	     -0.054	     -0.056	      0.005	
 2013/07/08	   2.100	   2.100	   2.070	   2.075	         251278	      2.125	      2.101	      2.166	      2.261	           	      0.000	   2512.780	   2108.588	  11893.126	     -0.055	     -0.056	      0.002	
 2013/07/09	   2.082	   2.082	   2.054	   2.070	        1032175	      2.112	      2.102	      2.152	      2.258	           	      0.000	  10321.750	   3299.168	  12227.576	     -0.056	     -0.056	     -0.000	
 2013/07/10	   2.074	   2.127	   2.074	   2.127	         122727	      2.113	      2.106	      2.143	      2.256	           	      0.000	   1227.270	   3340.930	   7126.096	     -0.052	     -0.055	      0.007	
 2013/07/11	   2.143	   2.219	   2.143	   2.210	         103640	      2.125	      2.121	      2.142	      2.256	           	      0.000	   1036.400	   3304.434	   2466.493	     -0.041	     -0.052	      0.023	
 2013/07/12	   2.207	   2.212	   2.179	   2.181	        1750072	      2.133	      2.132	      2.139	      2.255	           	      0.000	  17500.721	   6519.784	   4168.165	     -0.034	     -0.049	      0.029	
 2013/07/15	   2.198	   2.230	   2.188	   2.207	         608805	      2.159	      2.142	      2.136	      2.255	           	      0.000	   6088.050	   7234.838	   4671.713	     -0.027	     -0.044	      0.035	
 2013/07/16	   2.205	   2.230	   2.196	   2.228	         118324	      2.191	      2.151	      2.135	      2.256	           	      0.000	   1183.240	   5407.136	   4353.152	     -0.019	     -0.039	      0.041	
 2013/07/17	   2.228	   2.238	   2.208	   2.211	          90401	      2.207	      2.160	      2.133	      2.256	           	      0.000	    904.010	   5342.484	   4341.707	     -0.014	     -0.034	      0.041	
 2013/07/18	   2.181	   2.197	   2.171	   2.195	       10240500	      2.204	      2.165	      2.134	      2.255	           	      0.000	 102405.000	  25616.203	  14460.319	     -0.011	     -0.029	      0.037	
 2013/07/19	   2.190	   2.206	   2.152	   2.152	       10617503	      2.199	      2.166	      2.132	      2.254	           	      0.000	 106175.031	  43351.066	  24935.426	     -0.012	     -0.026	      0.028	
 2013/07/22	   2.160	   2.171	   2.125	   2.162	        8164811	      2.190	      2.174	      2.138	      2.252	           	      0.000	  81648.109	  58463.078	  32848.957	     -0.012	     -0.023	      0.023	
 2013/07/23	   2.171	   2.220	   2.171	   2.219	        2704096	      2.188	      2.189	      2.145	      2.251	           	      0.000	  27040.961	  63634.621	  34520.879	     -0.007	     -0.020	      0.026	
 2013/07/24	   2.210	   2.211	   2.191	   2.211	          47997	      2.188	      2.198	      2.152	      2.251	           	      0.000	    479.970	  63549.813	  34446.148	     -0.004	     -0.017	      0.026	
 2013/07/25	   2.215	   2.240	   2.215	   2.220	         116288	      2.193	      2.199	      2.160	      2.251	           	      0.000	   1162.880	  43301.391	  34458.797	     -0.001	     -0.014	      0.026	
 2013/07/26	   2.199	   2.204	   2.181	   2.204	          65740	      2.203	      2.201	      2.166	      2.250	           	      0.000	    657.400	  22197.863	  32774.465	      0.001	     -0.011	      0.023	
 2013/07/29	   2.180	   2.180	   2.160	   2.171	         141143	      2.205	      2.197	      2.170	      2.249	           	      0.000	   1411.430	   6150.528	  32306.803	     -0.001	     -0.009	      0.015	
 2013/07/30	   2.156	   2.185	   2.141	   2.180	          55700	      2.197	      2.193	      2.172	      2.249	           	      0.000	    557.000	    853.736	  32244.180	     -0.002	     -0.007	      0.011	
 2013/07/31	   2.186	   2.187	   2.165	   2.165	         141677	      2.188	      2.188	      2.174	      2.247	           	      0.000	   1416.770	   1041.096	  32295.455	     -0.003	     -0.006	      0.007	
 2013/08/01	   2.166	   2.213	   2.166	   2.208	         371874	      2.186	      2.189	      2.177	      2.246	           	      0.000	   3718.740	   1552.268	  22426.830	     -0.001	     -0.005	      0.009	
 2013/08/02	   2.200	   2.312	   2.200	   2.210	        3377169	      2.187	      2.195	      2.180	      2.245	           	      0.000	  33771.691	   8175.126	  15186.495	      0.001	     -0.004	      0.010	
 2013/08/05	   2.200	   2.242	   2.200	   2.241	         109207	      2.201	      2.203	      2.189	      2.244	           	      0.000	   1092.070	   8111.254	   7130.891	      0.005	     -0.002	      0.014	
 2013/08/06	   2.237	   2.275	   2.231	   2.272	         231875	      2.219	      2.208	      2.199	      2.243	           	      0.000	   2318.750	   8463.604	   4658.670	      0.010	      0.000	      0.020	
 2013/08/07	   2.222	   2.270	   2.220	   2.246	          81139	      2.235	      2.212	      2.205	      2.242	           	      0.000	    811.390	   8342.528	   4691.812	      0.012	      0.003	      0.020	
 2013/08/08	   2.240	   2.253	   2.228	   2.240	          63939	      2.242	      2.214	      2.206	      2.241	           	      0.000	    639.390	   7726.658	   4639.463	      0.014	      0.005	      0.017	
 2013/08/09	   2.248	   2.256	   2.220	   2.239	         227060	      2.248	      2.217	      2.209	      2.240	           	      0.000	   2270.600	   1426.440	   4800.783	      0.014	      0.007	      0.015	
 2013/08/12	   2.262	   2.290	   2.260	   2.290	         463016	      2.257	      2.229	      2.213	      2.240	           	      0.000	   4630.160	   2134.058	   5122.656	      0.018	      0.009	      0.019	
 2013/08/13	   2.281	   2.290	   2.279	   2.289	          40156	      2.261	      2.240	      2.216	      2.239	           	      0.000	    401.560	   1750.620	   5107.112	      0.022	      0.012	      0.020	
 2013/08/14	   2.296	   2.309	   2.274	   2.283	         258626	      2.268	      2.252	      2.220	      2.238	           	      0.000	   2586.260	   2105.594	   5224.061	      0.023	      0.014	      0.019	
 2013/08/15	   2.285	   2.292	   2.264	   2.264	          32937	      2.273	      2.257	      2.223	      2.236	           	      0.000	    329.370	   2043.590	   4885.124	      0.023	      0.016	      0.014	
 2013/08/16	   2.230	   2.350	   2.230	   2.240	         422789	      2.273	      2.260	      2.228	      2.233	           	      0.000	   4227.890	   2435.048	   1930.744	      0.020	      0.017	      0.007	
 2013/08/19	   2.240	   2.266	   2.227	   2.266	           6374	      2.268	      2.263	      2.233	      2.231	           	      0.000	     63.740	   1521.764	   1827.911	      0.020	      0.017	      0.006	
 2013/08/20	   2.266	   2.266	   2.238	   2.243	         165216	      2.259	      2.260	      2.234	      2.228	           	      0.000	   1652.160	   1771.884	   1761.252	      0.018	      0.018	      0.001	
 2013/08/21	   2.237	   2.248	   2.233	   2.246	          77078	      2.252	      2.260	      2.236	      2.225	           	      0.000	    770.780	   1408.788	   1757.191	      0.016	      0.017	     -0.002	
 2013/08/22	   2.255	   2.261	   2.243	   2.243	         156846	      2.248	      2.260	      2.237	      2.222	           	      0.000	   1568.460	   1656.606	   1850.098	      0.015	      0.017	     -0.004	
 2013/08/23	   2.253	   2.253	   2.198	   2.237	         229473	      2.247	      2.260	      2.239	      2.219	           	      0.000	   2294.730	   1269.974	   1852.511	      0.013	      0.016	     -0.007	
 2013/08/26	   2.270	   2.300	   2.239	   2.287	         290206	      2.251	      2.260	      2.244	      2.216	           	      0.000	   2902.060	   1837.638	   1679.701	      0.015	      0.016	     -0.002	
 2013/08/27	   2.280	   2.296	   2.280	   2.296	          41330	      2.262	      2.260	      2.250	      2.214	           	      0.000	    413.300	   1589.866	   1680.875	      0.017	      0.016	      0.002	
 2013/08/28	   2.276	   2.306	   2.276	   2.296	         193372	      2.272	      2.262	      2.257	      2.212	           	      0.000	   1933.720	   1822.454	   1615.621	      0.019	      0.017	      0.005	
 2013/08/29	   2.296	   2.296	   2.282	   2.282	         137158	      2.280	      2.264	      2.260	      2.210	           	      0.000	   1371.580	   1783.078	   1719.842	      0.019	      0.017	      0.004	
 2013/08/30	   2.279	   2.296	   2.268	   2.270	          93798	      2.286	      2.267	      2.263	      2.208	           	      0.000	    937.980	   1511.728	   1390.851	      0.018	      0.017	      0.001	
 2013/09/02	   2.284	   2.284	   2.263	   2.275	         105327	      2.284	      2.267	      2.265	      2.206	           	      0.000	   1053.270	   1141.970	   1489.804	      0.017	      0.017	     -0.000	
 2013/09/03	   2.280	   2.319	   2.280	   2.318	        1271464	      2.288	      2.275	      2.267	      2.206	           	      0.000	  12714.640	   3602.238	   2596.052	      0.020	      0.018	      0.004	
 2013/09/04	   2.314	   2.316	   2.301	   2.307	        1132134	      2.290	      2.281	      2.271	      2.206	           	      0.000	  11321.340	   5479.762	   3651.108	      0.021	      0.018	      0.005	
 2013/09/05	   2.207	   2.309	   2.207	   2.308	        2072011	      2.296	      2.288	      2.274	      2.207	           	      0.000	  20720.109	   9349.468	   5566.273	      0.021	      0.019	      0.005	
 2013/09/06	   2.307	   2.318	   2.300	   2.318	         365704	      2.305	      2.296	      2.278	      2.209	           	      0.000	   3657.040	   9893.279	   5702.504	      0.022	      0.019	      0.005	
 2013/09/09	   2.317	   2.370	   2.317	   2.363	         231051	      2.323	      2.303	      2.282	      2.210	           	      0.000	   2310.510	  10144.728	   5643.349	      0.026	      0.021	      0.011	
 2013/09/10	   2.368	   2.392	   2.368	   2.391	         513990	      2.337	      2.313	      2.287	      2.213	           	      0.000	   5139.900	   8629.780	   6116.009	      0.032	      0.023	      0.017	
 2013/09/11	   2.400	   2.406	   2.379	   2.391	        1327520	      2.354	      2.322	      2.292	      2.215	           	      0.000	  13275.200	   9020.552	   7250.157	      0.035	      0.025	      0.020	
 2013/09/12	   2.303	   2.420	   2.202	   2.412	         720744	      2.375	      2.335	      2.299	      2.219	           	      0.000	   7207.440	   6318.018	   7833.743	      0.039	      0.028	      0.022	
 2013/09/13	   2.400	   2.412	   2.389	   2.405	         455189	      2.392	      2.349	      2.308	      2.223	           	      0.000	   4551.890	   6496.988	   8195.134	      0.042	      0.031	      0.021	
 2013/09/16	   2.400	   2.415	   2.397	   2.397	         123976	      2.399	      2.361	      2.314	      2.228	           	      0.000	   1239.760	   6282.838	   8213.783	      0.042	      0.033	      0.018	
 2013/09/17	   2.379	   2.391	   2.356	   2.356	          88335	      2.392	      2.365	      2.320	      2.233	           	      0.000	    883.350	   5431.528	   7030.654	      0.039	      0.034	      0.009	
 2013/09/18	   2.348	   2.360	   2.348	   2.360	          72790	      2.386	      2.370	      2.326	      2.238	           	      0.000	    727.900	   2922.068	   5971.310	      0.036	      0.035	      0.003	
 2013/09/23	   2.370	   2.420	   2.260	   2.420	        1508226	      2.388	      2.381	      2.334	      2.244	           	      0.000	  15082.260	   4497.032	   5407.525	      0.039	      0.036	      0.006	
 2013/09/24	   2.329	   2.416	   2.329	   2.411	          77947	      2.389	      2.391	      2.343	      2.249	           	      0.000	    779.470	   3742.548	   5119.768	      0.039	      0.036	      0.006	
 2013/09/25	   2.411	   2.425	   2.408	   2.408	          96464	      2.391	      2.395	      2.349	      2.254	           	      0.000	    964.640	   3687.524	   4985.181	      0.039	      0.037	      0.005	
 2013/09/26	   2.400	   2.400	   2.362	   2.369	         602600	      2.394	      2.393	      2.353	      2.258	           	      0.000	   6026.000	   4716.054	   5073.791	      0.035	      0.037	     -0.002	
 2013/09/27	   2.375	   2.379	   2.365	   2.371	          73932	      2.396	      2.391	      2.357	      2.262	           	      0.000	    739.320	   4718.338	   3820.203	      0.032	      0.036	     -0.007	
 2013/09/30	   2.396	   2.398	   2.380	   2.397	         475606	      2.391	      2.389	      2.362	      2.267	           	      0.000	   4756.060	   2653.098	   3575.065	      0.032	      0.035	     -0.007	
 2013/10/08	   2.400	   2.432	   2.390	   2.420	         627512	      2.393	      2.391	      2.370	      2.271	           	      0.000	   6275.120	   3752.228	   3747.388	      0.032	      0.034	     -0.004	
 2013/10/09	   2.421	   2.426	   2.407	   2.426	         782246	      2.397	      2.394	      2.377	      2.277	           	      0.000	   7822.460	   5123.792	   4405.658	      0.033	      0.034	     -0.002	
 2013/10/10	   2.426	   2.442	   2.420	   2.426	        2278026	      2.408	      2.401	      2.383	      2.283	           	      0.000	  22780.260	   8474.644	   6595.349	      0.033	      0.034	     -0.001	
 2013/10/11	   2.435	   2.466	   2.435	   2.465	        1090371	      2.427	      2.411	      2.391	      2.289	           	      0.000	  10903.710	  10507.521	   7612.930	      0.036	      0.034	      0.004	
 2013/10/14	   2.465	   2.488	   2.465	   2.476	        1420982	      2.443	      2.417	      2.399	      2.293	           	      0.000	  14209.820	  12398.274	   7525.686	      0.039	      0.035	      0.007	
 2013/10/15	   2.479	   2.488	   2.467	   2.478	        1440067	      2.454	      2.424	      2.407	      2.298	           	      0.000	  14400.670	  14023.384	   8887.806	      0.041	      0.037	      0.009	
 2013/10/16	   2.458	   2.458	   2.411	   2.422	         238393	      2.453	      2.425	      2.410	      2.302	           	      0.000	   2383.930	  12935.678	   9029.735	      0.038	      0.037	      0.002	
 2013/10/17	   2.432	   2.440	   2.408	   2.422	         220545	      2.453	      2.430	      2.412	      2.305	           	      0.000	   2205.450	   8820.716	   8647.680	      0.034	      0.036	     -0.004	
 2013/10/18	   2.422	   2.426	   2.410	   2.418	        1163179	      2.443	      2.435	      2.413	      2.308	           	      0.000	  11631.790	   8966.332	   9736.927	      0.031	      0.035	     -0.008	
 2013/10/21	   2.415	   2.490	   2.415	   2.474	         502164	      2.443	      2.443	      2.416	      2.313	           	      0.000	   5021.640	   7128.696	   9763.485	      0.033	      0.035	     -0.004	
 2013/10/22	   2.475	   2.479	   2.447	   2.449	        1107984	      2.437	      2.446	      2.418	      2.318	           	      0.000	  11079.840	   6464.530	  10243.957	      0.032	      0.034	     -0.005	
 2013/10/23	   2.473	   2.473	   2.400	   2.410	         493252	      2.435	      2.444	      2.419	      2.322	           	      0.000	   4932.520	   6974.248	   9954.963	      0.027	      0.033	     -0.011	
 2013/10/24	   2.410	   2.413	   2.390	   2.390	         302848	      2.428	      2.440	      2.421	      2.325	           	      0.000	   3028.480	   7138.854	   7979.785	      0.022	      0.031	     -0.017	
 2013/10/25	   2.330	   2.420	   2.200	   2.345	        1303425	      2.414	      2.428	      2.420	      2.327	           	      0.000	  13034.250	   7419.346	   8192.839	      0.014	      0.027	     -0.026	
 2013/10/28	   2.346	   2.351	   2.335	   2.336	         510357	      2.386	      2.414	      2.416	      2.329	           	      0.000	   5103.570	   7435.732	   7282.214	      0.007	      0.023	     -0.033	
 2013/10/29	   2.348	   2.358	   2.275	   2.308	         139199	      2.358	      2.397	      2.411	      2.331	           	      0.000	   1391.990	   5498.162	   5981.346	     -0.001	      0.018	     -0.039	
 2013/10/30	   2.293	   2.350	   2.293	   2.342	         177571	      2.344	      2.389	      2.407	      2.334	           	      0.000	   1775.710	   4866.800	   5920.524	     -0.004	      0.014	     -0.037	
 2013/10/31	   2.325	   2.335	   2.316	   2.316	         132100	      2.329	      2.379	      2.405	      2.336	           	      0.000	   1321.000	   4525.304	   5832.079	     -0.009	      0.009	     -0.037	
 2013/11/01	   2.310	   2.330	   2.309	   2.328	          48058	      2.326	      2.370	      2.402	      2.339	           	      0.000	    480.580	   2014.570	   4716.958	     -0.012	      0.005	     -0.034	
 2013/11/04	   2.340	   2.340	   2.325	   2.325	          10200	      2.324	      2.355	      2.399	      2.341	           	      0.000	    102.000	   1014.256	   4224.994	     -0.014	      0.001	     -0.030	
 2013/11/05	   2.298	   2.340	   2.290	   2.327	          54642	      2.328	      2.343	      2.394	      2.342	           	      0.000	    546.420	    845.142	   3171.652	     -0.015	     -0.002	     -0.027	
 2013/11/06	   2.327	   2.336	   2.316	   2.316	          40199	      2.322	      2.333	      2.389	      2.344	           	      0.000	    401.990	    570.398	   2718.599	     -0.017	     -0.005	     -0.024	
 2013/11/07	   2.288	   2.314	   2.287	   2.299	          79901	      2.319	      2.324	      2.382	      2.344	           	      0.000	    799.010	    466.000	   2495.652	     -0.020	     -0.008	     -0.023	
 2013/11/08	   2.288	   2.288	   2.260	   2.266	         100200	      2.307	      2.316	      2.372	      2.345	           	      0.000	   1002.000	    570.284	   1292.427	     -0.024	     -0.011	     -0.026	
 2013/11/11	   2.268	   2.284	   2.260	   2.280	          62100	      2.298	      2.311	      2.363	      2.345	           	      0.000	    621.000	    674.084	    844.170	     -0.026	     -0.014	     -0.024	
 2013/11/12	   2.282	   2.295	   2.280	   2.295	          24945	      2.291	      2.309	      2.353	      2.346	           	      0.000	    249.450	    614.690	    729.916	     -0.026	     -0.017	     -0.019	
 2013/11/13	   2.274	   2.279	   2.260	   2.262	         122690	      2.280	      2.301	      2.345	      2.346	           	      0.000	   1226.900	    779.672	    675.035	     -0.029	     -0.019	     -0.019	
 2013/11/14	   2.266	   2.284	   2.254	   2.280	        1072831	      2.277	      2.298	      2.338	      2.346	           	      0.000	  10728.310	   2765.532	   1615.766	     -0.029	     -0.021	     -0.016	
 2013/11/15	   2.292	   2.363	   2.292	   2.339	       36923568	      2.291	      2.299	      2.334	      2.346	           	      0.000	 369235.688	  76412.266	  38491.277	     -0.024	     -0.022	     -0.005	
 2013/11/18	   2.344	   2.389	   2.344	   2.389	         896539	      2.313	      2.305	      2.330	      2.349	           	      0.000	   8965.390	  78081.148	  39377.617	     -0.016	     -0.021	      0.009	
 2013/11/19	   2.390	   2.399	   2.374	   2.388	        2090611	      2.332	      2.311	      2.327	      2.351	           	      0.000	  20906.109	  82212.477	  41413.586	     -0.009	     -0.018	      0.018	
 2013/11/20	   2.399	   2.410	   2.381	   2.409	       32551904	      2.361	      2.321	      2.327	      2.353	           	      0.000	 325519.031	 147070.906	  73925.289	     -0.003	     -0.015	      0.025	
 2013/11/21	   2.390	   2.408	   2.387	   2.400	        1114808	      2.385	      2.331	      2.328	      2.356	           	      0.000	  11148.080	 147154.859	  74960.195	      0.002	     -0.012	      0.028	
 2013/11/22	   2.419	   2.419	   2.385	   2.386	          81287	      2.394	      2.343	      2.330	      2.358	           	      0.000	    812.870	  73470.297	  74941.281	      0.005	     -0.008	      0.026	
 2013/11/25	   2.386	   2.404	   2.374	   2.377	         129097	      2.392	      2.352	      2.332	      2.361	           	      0.000	   1290.970	  71935.414	  75008.281	      0.006	     -0.006	      0.023	
 2013/11/26	   2.335	   2.383	   2.335	   2.375	         862736	      2.389	      2.361	      2.335	      2.363	           	      0.000	   8627.360	  69479.664	  75846.070	      0.007	     -0.003	      0.019	
 2013/11/27	   2.389	   2.416	   2.389	   2.409	         496153	      2.389	      2.375	      2.338	      2.365	           	      0.000	   4961.530	   5368.162	  76219.531	      0.010	     -0.001	      0.021	
 2013/11/28	   2.416	   2.452	   2.414	   2.444	         217163	      2.398	      2.392	      2.345	      2.367	           	      0.000	   2171.630	   3572.872	  75363.867	      0.015	      0.003	      0.025	
 2013/11/29	   2.435	   2.450	   2.435	   2.437	         286648	      2.408	      2.401	      2.350	      2.370	           	      0.000	   2866.480	   3983.594	  38726.945	      0.018	      0.006	      0.025	
 2013/12/02	   2.382	   2.444	   2.366	   2.390	         426073	      2.411	      2.401	      2.353	      2.372	           	      0.000	   4260.730	   4577.546	  38256.480	      0.017	      0.008	      0.018	
 2013/12/03	   2.385	   2.440	   2.385	   2.434	         227689	      2.423	      2.406	      2.359	      2.374	           	      0.000	   2276.890	   3307.452	  36393.559	      0.019	      0.010	      0.018	
 2013/12/04	   2.444	   2.484	   2.444	   2.464	         918767	      2.434	      2.412	      2.366	      2.377	           	      0.000	   9187.670	   4152.680	   4760.421	      0.023	      0.013	      0.021	
 2013/12/05	   2.469	   2.475	   2.457	   2.475	         140496	      2.440	      2.419	      2.375	      2.380	           	      0.000	   1404.960	   3999.346	   3786.109	      0.027	      0.016	      0.023	
 2013/12/06	   2.480	   2.481	   2.448	   2.448	         188248	      2.442	      2.425	      2.384	      2.382	           	      0.000	   1882.480	   3802.546	   3893.070	      0.027	      0.018	      0.019	
 2013/12/09	   2.467	   2.470	   2.456	   2.468	         518004	      2.458	      2.434	      2.393	      2.385	           	      0.000	   5180.040	   3986.408	   4281.977	      0.029	      0.020	      0.018	
 2013/12/10	   2.471	   2.480	   2.458	   2.458	         581514	      2.463	      2.443	      2.402	      2.387	           	      0.000	   5815.140	   4694.058	   4000.755	      0.029	      0.022	      0.014	
 2013/12/11	   2.442	   2.444	   2.419	   2.420	         228195	      2.454	      2.444	      2.409	      2.388	           	      0.000	   2281.950	   3312.914	   3732.797	      0.026	      0.023	      0.006	
 2013/12/12	   2.428	   2.446	   2.428	   2.441	          45008	      2.447	      2.444	      2.418	      2.389	           	      0.000	    450.080	   3121.938	   3560.642	      0.025	      0.023	      0.003	
 2013/12/13	   2.420	   2.443	   2.420	   2.430	          60339	      2.443	      2.443	      2.422	      2.390	           	      0.000	    603.390	   2866.120	   3334.333	      0.023	      0.023	     -0.001	
 2013/12/16	   2.430	   2.430	   2.390	   2.391	         436331	      2.428	      2.443	      2.422	      2.389	           	      0.000	   4363.310	   2702.774	   3344.591	      0.018	      0.022	     -0.009	
 2013/12/17	   2.375	   2.380	   2.370	   2.370	         142829	      2.410	      2.437	      2.421	      2.389	           	      0.000	   1428.290	   1825.404	   3259.731	      0.012	      0.020	     -0.016	
 2013/12/18	   2.364	   2.377	   2.364	   2.377	         109300	      2.402	      2.428	      2.420	      2.389	           	      0.000	   1093.000	   1587.614	   2450.264	      0.008	      0.017	     -0.019	
 2013/12/19	   2.357	   2.380	   2.345	   2.346	         104703	      2.383	      2.415	      2.417	      2.388	           	      0.000	   1047.030	   1707.004	   2414.471	      0.002	      0.014	     -0.025	
 2013/12/20	   2.349	   2.349	   2.299	   2.299	         150748	      2.357	      2.400	      2.413	      2.387	           	      0.000	   1507.480	   1887.822	   2376.971	     -0.006	      0.010	     -0.033	
 2013/12/23	   2.306	   2.310	   2.286	   2.303	         304159	      2.339	      2.384	      2.409	      2.385	           	      0.000	   3041.590	   1623.478	   2163.126	     -0.012	      0.006	     -0.036	
 2013/12/24	   2.310	   2.332	   2.299	   2.300	          73297	      2.325	      2.368	      2.405	      2.384	           	      0.000	    732.970	   1484.414	   1654.909	     -0.017	      0.001	     -0.037	
 2013/12/25	   2.350	   2.350	   2.311	   2.338	          86257	      2.317	      2.359	      2.402	      2.382	           	      0.000	    862.570	   1438.328	   1512.971	     -0.018	     -0.003	     -0.030	
 2013/12/26	   2.321	   2.321	   2.290	   2.291	          90656	      2.306	      2.345	      2.394	      2.381	           	      0.000	    906.560	   1410.234	   1558.619	     -0.022	     -0.007	     -0.031	
 2013/12/27	   2.300	   2.332	   2.300	   2.321	         135750	      2.311	      2.334	      2.388	      2.380	           	      0.000	   1357.500	   1380.238	   1634.030	     -0.022	     -0.010	     -0.025	
 2013/12/30	   2.360	   2.360	   2.320	   2.332	          16517	      2.316	      2.328	      2.385	      2.379	           	      0.000	    165.170	    804.954	   1214.216	     -0.022	     -0.012	     -0.019	
 2013/12/31	   2.332	   2.335	   2.277	   2.335	         262805	      2.323	      2.324	      2.380	      2.378	           	      0.000	   2628.050	   1183.970	   1334.192	     -0.021	     -0.014	     -0.014	
 2014/01/02	   2.329	   2.343	   2.328	   2.332	         267620	      2.322	      2.320	      2.374	      2.376	           	      0.000	   2676.200	   1546.696	   1492.512	     -0.020	     -0.015	     -0.010	
 2014/01/03	   2.327	   2.338	   2.299	   2.303	         173856	      2.325	      2.315	      2.365	      2.374	           	      0.000	   1738.560	   1713.096	   1561.665	     -0.021	     -0.016	     -0.010	
 2014/01/06	   2.278	   2.280	   2.241	   2.241	         301300	      2.309	      2.310	      2.355	      2.370	           	      0.000	   3013.000	   2044.196	   1712.217	     -0.027	     -0.018	     -0.017	
 2014/01/07	   2.231	   2.251	   2.231	   2.242	         920080	      2.291	      2.303	      2.343	      2.366	           	      0.000	   9200.800	   3851.322	   2328.138	     -0.031	     -0.021	     -0.021	
 2014/01/08	   2.265	   2.265	   2.240	   2.244	          52432	      2.272	      2.298	      2.333	      2.363	           	      0.000	    524.320	   3430.576	   2307.273	     -0.034	     -0.024	     -0.021	
 2014/01/09	   2.253	   2.265	   2.230	   2.230	         199161	      2.252	      2.287	      2.323	      2.359	           	      0.000	   1991.610	   3293.658	   2420.177	     -0.037	     -0.026	     -0.021	
 2014/01/10	   2.225	   2.229	   2.201	   2.210	         126247	      2.233	      2.279	      2.312	      2.356	           	      0.000	   1262.470	   3198.440	   2455.768	     -0.040	     -0.029	     -0.023	
 2014/01/13	   2.210	   2.214	   2.196	   2.198	          88500	      2.225	      2.267	      2.300	      2.352	           	      0.000	    885.000	   2772.840	   2408.518	     -0.044	     -0.032	     -0.023	
 2014/01/14	   2.186	   2.221	   2.183	   2.217	        1211844	      2.220	      2.255	      2.291	      2.348	           	      0.000	  12118.440	   3356.368	   3603.845	     -0.044	     -0.034	     -0.019	
 2014/01/15	   2.232	   2.238	   2.219	   2.230	         597510	      2.217	      2.245	      2.284	      2.344	           	      0.000	   5975.100	   4446.524	   3938.550	     -0.043	     -0.036	     -0.014	
 2014/01/16	   2.230	   2.245	   2.230	   2.242	         267161	      2.219	      2.236	      2.278	      2.341	           	      0.000	   2671.610	   4582.524	   3938.091	     -0.041	     -0.037	     -0.007	
 2014/01/17	   2.220	   2.220	   2.203	   2.203	          13900	      2.218	      2.226	      2.271	      2.338	           	      0.000	    139.000	   4357.830	   3778.135	     -0.041	     -0.038	     -0.007	
 2014/01/20	   2.200	   2.203	   2.179	   2.180	          97927	      2.214	      2.220	      2.265	      2.336	           	      0.000	    979.270	   4376.684	   3574.762	     -0.043	     -0.039	     -0.009	
 2014/01/21	   2.208	   2.211	   2.198	   2.211	         126119	      2.213	      2.217	      2.260	      2.334	           	      0.000	   1261.190	   2205.234	   2780.801	     -0.042	     -0.040	     -0.005	
 2014/01/22	   2.209	   2.271	   2.209	   2.266	         159342	      2.220	      2.219	      2.258	      2.333	           	      0.000	   1593.420	   1328.898	   2887.711	     -0.036	     -0.039	      0.006	
 2014/01/23	   2.270	   2.276	   2.267	   2.268	          80995	      2.226	      2.223	      2.255	      2.332	           	      0.000	    809.950	    956.566	   2769.545	     -0.031	     -0.037	      0.013	
 2014/01/24	   2.264	   2.295	   2.264	   2.284	          68533	      2.242	      2.230	      2.254	      2.331	           	      0.000	    685.330	   1065.832	   2711.831	     -0.025	     -0.035	      0.020	
 2014/01/27	   2.280	   2.288	   2.263	   2.263	        1346660	      2.258	      2.236	      2.252	      2.330	           	      0.000	  13466.600	   3563.298	   3969.991	     -0.022	     -0.032	      0.021	
 2014/01/28	   2.273	   2.273	   2.260	   2.263	          32665	      2.269	      2.241	      2.248	      2.329	           	      0.000	    326.650	   3376.390	   2790.812	     -0.019	     -0.030	      0.021	
 2014/01/29	   2.266	   2.280	   2.266	   2.280	          18760	      2.272	      2.246	      2.245	      2.328	           	      0.000	    187.600	   3095.226	   2212.062	     -0.016	     -0.027	      0.022	
 2014/01/30	   2.269	   2.271	   2.259	   2.259	           3200	      2.270	      2.248	      2.242	      2.327	           	      0.000	     32.000	   2939.636	   1948.101	     -0.014	     -0.024	      0.020	
 2014/02/07	   2.253	   2.292	   2.250	   2.292	         128877	      2.271	      2.257	      2.241	      2.327	           	      0.000	   1288.770	   3060.324	   2063.078	     -0.010	     -0.021	      0.022	
 2014/02/10	   2.298	   2.348	   2.298	   2.343	         169629	      2.287	      2.273	      2.246	      2.328	           	      0.000	   1696.290	    706.262	   2134.780	     -0.003	     -0.018	      0.029	
 2014/02/11	   2.343	   2.358	   2.336	   2.345	         307880	      2.304	      2.286	      2.251	      2.329	           	      0.000	   3078.800	   1256.692	   2316.541	      0.003	     -0.014	      0.033	
 2014/02/12	   2.352	   2.352	   2.332	   2.351	         228896	      2.318	      2.295	      2.257	      2.330	           	      0.000	   2288.960	   1676.964	   2386.095	      0.008	     -0.009	      0.034	
 2014/02/13	   2.341	   2.361	   2.325	   2.325	        1204616	      2.331	      2.300	      2.262	      2.331	           	      0.000	  12046.160	   4079.796	   3509.716	      0.010	     -0.006	      0.030	
 2014/02/14	   2.334	   2.351	   2.324	   2.348	        1195335	      2.342	      2.307	      2.268	      2.333	           	      0.000	  11953.350	   6212.712	   4636.518	      0.013	     -0.002	      0.029	
 2014/02/17	   2.353	   2.380	   2.353	   2.375	         201861	      2.349	      2.318	      2.277	      2.333	           	      0.000	   2018.610	   6277.176	   3491.719	      0.017	      0.002	      0.031	
 2014/02/18	   2.370	   2.378	   2.366	   2.368	         222746	      2.353	      2.329	      2.285	      2.333	           	      0.000	   2227.460	   6106.908	   3681.800	      0.020	      0.006	      0.029	
 2014/02/19	   2.370	   2.395	   2.358	   2.381	         914111	      2.359	      2.339	      2.292	      2.333	           	      0.000	   9141.110	   7477.338	   4577.151	      0.023	      0.009	      0.028	
 2014/02/20	   2.408	   2.408	   2.360	   2.360	         685122	      2.366	      2.349	      2.298	      2.332	           	      0.000	   6851.220	   6438.350	   5259.073	      0.023	      0.012	      0.023	
 2014/02/21	   2.361	   2.365	   2.330	   2.333	        1141118	      2.363	      2.353	      2.305	      2.331	           	      0.000	  11411.180	   6329.916	   6271.314	      0.021	      0.014	      0.015	
 2014/02/24	   2.316	   2.316	   2.274	   2.308	         205473	      2.350	      2.349	      2.311	      2.329	           	      0.000	   2054.730	   6337.140	   6307.158	      0.017	      0.014	      0.006	
 2014/02/25	   2.319	   2.319	   2.211	   2.218	        1243604	      2.320	      2.337	      2.312	      2.327	           	      0.000	  12436.040	   8378.856	   7242.882	      0.007	      0.013	     -0.012	
 2014/02/26	   2.213	   2.236	   2.194	   2.231	        1327891	      2.290	      2.325	      2.310	      2.324	           	      0.000	  13278.910	   9206.416	   8341.877	     -0.000	      0.010	     -0.021	
 2014/02/27	   2.237	   2.249	   2.210	   2.210	         130902	      2.260	      2.313	      2.307	      2.321	           	      0.000	   1309.020	   8097.976	   7268.163	     -0.008	      0.007	     -0.029	
 2014/02/28	   2.215	   2.237	   2.188	   2.237	         648577	      2.241	      2.302	      2.305	      2.318	           	      0.000	   6485.770	   7112.894	   6721.405	     -0.011	      0.003	     -0.029	
 2014/03/03	   2.228	   2.260	   2.228	   2.260	        2164889	      2.231	      2.291	      2.304	      2.315	           	      0.000	  21648.891	  11031.727	   8684.434	     -0.012	      0.000	     -0.024	
 2014/03/04	   2.240	   2.252	   2.228	   2.248	         483739	      2.237	      2.279	      2.304	      2.312	           	      0.000	   4837.390	   9511.996	   8945.426	     -0.013	     -0.003	     -0.022	
 2014/03/05	   2.254	   2.254	   2.229	   2.229	         320975	      2.237	      2.263	      2.301	      2.309	           	      0.000	   3209.750	   7498.164	   8352.290	     -0.016	     -0.005	     -0.021	
 2014/03/06	   2.220	   2.234	   2.198	   2.228	         375726	      2.240	      2.250	      2.299	      2.305	           	      0.000	   3757.260	   7987.812	   8042.894	     -0.018	     -0.008	     -0.020	
 2014/03/07	   2.237	   2.245	   2.220	   2.233	         176057	      2.240	      2.240	      2.297	      2.301	           	      0.000	   1760.570	   7042.772	   7077.833	     -0.019	     -0.010	     -0.017	
 2014/03/10	   2.225	   2.225	   2.155	   2.155	         273881	      2.219	      2.225	      2.287	      2.296	           	      0.000	   2738.810	   3260.756	   7146.241	     -0.025	     -0.013	     -0.025	
 2014/03/11	   2.157	   2.181	   2.151	   2.161	          99541	      2.201	      2.219	      2.278	      2.291	           	      0.000	    995.410	   2492.360	   6002.178	     -0.030	     -0.016	     -0.027	
 2014/03/12	   2.163	   2.183	   2.150	   2.162	         115914	      2.188	      2.212	      2.269	      2.286	           	      0.000	   1159.140	   2082.238	   4790.201	     -0.033	     -0.020	     -0.026	
 2014/03/13	   2.179	   2.202	   2.179	   2.186	          48369	      2.179	      2.210	      2.262	      2.282	           	      0.000	    483.690	   1427.524	   4707.668	     -0.033	     -0.022	     -0.021	
 2014/03/14	   2.173	   2.180	   2.162	   2.170	         212091	      2.167	      2.203	      2.253	      2.278	           	      0.000	   2120.910	   1499.592	   4271.182	     -0.034	     -0.025	     -0.019	
 2014/03/17	   2.170	   2.201	   2.170	   2.201	          38492	      2.176	      2.197	      2.244	      2.274	           	      0.000	    384.920	   1028.814	   2144.785	     -0.032	     -0.026	     -0.012	
 2014/03/18	   2.205	   2.216	   2.204	   2.206	          75116	      2.185	      2.193	      2.236	      2.271	           	      0.000	    751.160	    979.964	   1736.162	     -0.029	     -0.027	     -0.005	
 2014/03/19	   2.181	   2.195	   2.171	   2.195	          50120	      2.192	      2.190	      2.227	      2.268	           	      0.000	    501.200	    848.376	   1465.307	     -0.028	     -0.027	     -0.002	
 2014/03/20	   2.206	   2.206	   2.150	   2.150	         182100	      2.184	      2.182	      2.216	      2.264	           	      0.000	   1821.000	   1115.838	   1271.681	     -0.030	     -0.028	     -0.005	
 2014/03/21	   2.145	   2.210	   2.135	   2.210	         165194	      2.192	      2.180	      2.210	      2.262	           	      0.000	   1651.940	   1022.044	   1260.818	     -0.027	     -0.028	      0.001	
 2014/03/24	   2.229	   2.230	   2.198	   2.230	         162551	      2.198	      2.187	      2.206	      2.261	           	      0.000	   1625.510	   1270.162	   1149.488	     -0.022	     -0.027	      0.008	
 2014/03/25	   2.230	   2.244	   2.224	   2.230	          60486	      2.203	      2.194	      2.207	      2.259	           	      0.000	    604.860	   1240.902	   1110.433	     -0.019	     -0.025	      0.013	
 2014/03/26	   2.230	   2.237	   2.224	   2.231	          31812	      2.210	      2.201	      2.207	      2.258	           	      0.000	    318.120	   1204.286	   1026.331	     -0.015	     -0.023	      0.015	
 2014/03/27	   2.223	   2.247	   2.215	   2.245	          74100	      2.229	      2.207	      2.208	      2.257	           	      0.000	    741.000	    988.286	   1052.062	     -0.011	     -0.021	      0.019	
 2014/03/28	   2.216	   2.217	   2.193	   2.200	          75378	      2.227	      2.210	      2.207	      2.255	           	      0.000	    753.780	    808.654	    915.349	     -0.012	     -0.019	      0.014	
 2014/03/31	   2.188	   2.194	   2.184	   2.190	          55801	      2.219	      2.209	      2.203	      2.253	           	      0.000	    558.010	    595.154	    932.658	     -0.013	     -0.018	      0.010	
 2014/04/01	   2.190	   2.210	   2.190	   2.196	          32796	      2.212	      2.208	      2.200	      2.251	           	      0.000	    327.960	    539.774	    890.338	     -0.013	     -0.017	      0.008	
 2014/04/02	   2.199	   2.220	   2.199	   2.209	          71676	      2.208	      2.209	      2.199	      2.249	           	      0.000	    716.760	    619.502	    911.894	     -0.012	     -0.016	      0.008	
 2014/04/03	   2.212	   2.231	   2.190	   2.194	         904504	      2.198	      2.214	      2.198	      2.246	           	      0.000	   9045.040	   2280.310	   1634.298	     -0.012	     -0.015	      0.006	
 2014/04/04	   2.196	   2.220	   2.196	   2.216	          30639	      2.201	      2.214	      2.197	      2.245	           	      0.000	    306.390	   2190.832	   1499.743	     -0.010	     -0.014	      0.007	
 2014/04/08	   2.223	   2.262	   2.102	   2.260	         137699	      2.215	      2.217	      2.202	      2.245	           	      0.000	   1376.990	   2354.628	   1474.891	     -0.005	     -0.012	      0.014	
 2014/04/09	   2.265	   2.275	   2.265	   2.268	         589814	      2.229	      2.221	      2.207	      2.246	           	      0.000	   5898.140	   3468.664	   2004.219	     -0.001	     -0.010	      0.018	
 2014/04/10	   2.275	   2.302	   2.262	   2.290	        1419008	      2.246	      2.227	      2.214	      2.246	           	      0.000	  14190.080	   6163.328	   3391.415	      0.004	     -0.007	      0.023	
 2014/04/11	   2.283	   2.295	   2.279	   2.295	         360115	      2.266	      2.232	      2.219	      2.247	           	      0.000	   3601.150	   5074.550	   3677.430	      0.009	     -0.004	      0.026	
 2014/04/14	   2.290	   2.294	   2.282	   2.293	         927735	      2.281	      2.241	      2.225	      2.249	           	      0.000	   9277.350	   6868.742	   4529.787	      0.012	     -0.001	      0.026	
 2014/04/15	   2.280	   2.283	   2.270	   2.270	          15449	      2.283	      2.249	      2.229	      2.250	           	      0.000	    154.490	   6624.242	   4489.435	      0.013	      0.002	      0.022	
 2014/04/16	   2.228	   2.285	   2.228	   2.270	          62925	      2.284	      2.257	      2.232	      2.251	           	      0.000	    629.250	   5570.464	   4519.564	      0.013	      0.004	      0.018	
 2014/04/17	   2.271	   2.276	   2.262	   2.276	          66878	      2.281	      2.263	      2.236	      2.252	           	      0.000	    668.780	   2866.204	   4514.766	      0.014	      0.006	      0.015	
 2014/04/18	   2.255	   2.263	   2.251	   2.252	         132227	      2.272	      2.269	      2.241	      2.252	           	      0.000	   1322.270	   2410.428	   3742.489	      0.012	      0.007	      0.010	
 2014/04/21	   2.247	   2.248	   2.232	   2.235	          19810	      2.261	      2.271	      2.243	      2.252	           	      0.000	    198.100	    594.578	   3731.660	      0.009	      0.008	      0.003	
 2014/04/22	   2.236	   2.237	   2.188	   2.210	         765100	      2.249	      2.266	      2.241	      2.253	           	      0.000	   7651.000	   2093.880	   4359.061	      0.005	      0.007	     -0.004	
 2014/04/23	   2.213	   2.218	   2.198	   2.210	        1163201	      2.237	      2.260	      2.240	      2.253	           	      0.000	  11632.010	   4294.432	   4932.448	      0.002	      0.006	     -0.009	
 2014/04/24	   2.214	   2.214	   2.195	   2.197	         155158	      2.221	      2.251	      2.239	      2.252	           	      0.000	   1551.580	   4470.992	   3668.598	     -0.002	      0.005	     -0.013	
 2014/04/25	   2.205	   2.205	   2.170	   2.170	         105692	      2.204	      2.238	      2.235	      2.250	           	      0.000	   1056.920	   4417.922	   3414.175	     -0.007	      0.002	     -0.018	
 2014/04/28	   2.170	   2.170	   2.120	   2.120	         214200	      2.181	      2.221	      2.231	      2.247	           	      0.000	   2142.000	   4806.702	   2700.640	     -0.015	     -0.001	     -0.027	
 2014/04/29	   2.126	   2.149	   2.125	   2.149	          54378	      2.169	      2.209	      2.229	      2.245	           	      0.000	    543.780	   3385.258	   2739.569	     -0.018	     -0.005	     -0.028	
 2014/04/30	   2.144	   2.160	   2.144	   2.150	           9130	      2.157	      2.197	      2.227	      2.244	           	      0.000	     91.300	   1077.116	   2685.774	     -0.021	     -0.008	     -0.026	
 2014/05/05	   2.140	   2.152	   2.140	   2.152	          63600	      2.148	      2.184	      2.224	      2.241	           	      0.000	    636.000	    894.000	   2682.496	     -0.023	     -0.011	     -0.024	
 2014/05/06	   2.153	   2.170	   2.153	   2.160	          89202	      2.146	      2.175	      2.222	      2.240	           	      0.000	    892.020	    861.020	   2639.471	     -0.023	     -0.013	     -0.020	
 2014/05/07	   2.156	   2.159	   2.143	   2.143	          75239	      2.151	      2.166	      2.218	      2.237	           	      0.000	    752.390	    583.098	   2694.900	     -0.024	     -0.016	     -0.018	
 2014/05/08	   2.140	   2.170	   2.140	   2.149	         172673	      2.151	      2.160	      2.213	      2.234	           	      0.000	   1726.730	    819.688	   2102.473	     -0.025	     -0.017	     -0.015	
 2014/05/09	   2.125	   2.133	   2.125	   2.125	          17700	      2.146	      2.151	      2.206	      2.230	           	      0.000	    177.000	    836.828	    956.972	     -0.027	     -0.019	     -0.015	
 2014/05/12	   2.143	   2.180	   2.135	   2.179	         221594	      2.151	      2.150	      2.200	      2.228	           	      0.000	   2215.940	   1152.816	   1023.408	     -0.024	     -0.020	     -0.007	
 2014/05/13	   2.179	   2.191	   2.179	   2.184	          47300	      2.156	      2.151	      2.195	      2.225	           	      0.000	    473.000	   1069.012	    965.016	     -0.020	     -0.020	     -0.001	
 2014/05/14	   2.184	   2.191	   2.174	   2.174	          25118	      2.162	      2.156	      2.189	      2.222	           	      0.000	    251.180	    968.770	    775.934	     -0.019	     -0.020	      0.003	
 2014/05/15	   2.170	   2.170	   2.148	   2.148	          39732	      2.162	      2.156	      2.183	      2.218	           	      0.000	    397.320	    702.888	    761.288	     -0.019	     -0.020	      0.001	
 2014/05/16	   2.148	   2.150	   2.130	   2.141	         607939	      2.165	      2.155	      2.176	      2.215	           	      0.000	   6079.390	   1883.366	   1360.097	     -0.020	     -0.020	      0.000	
 2014/05/19	   2.138	   2.138	   2.124	   2.124	         134300	      2.154	      2.153	      2.169	      2.210	           	      0.000	   1343.000	   1708.778	   1430.797	     -0.021	     -0.020	     -0.003	
 2014/05/20	   2.124	   2.144	   2.124	   2.125	         105018	      2.142	      2.149	      2.162	      2.207	           	      0.000	   1050.180	   1824.214	   1446.613	     -0.022	     -0.020	     -0.004	
 2014/05/21	   2.120	   2.145	   2.110	   2.145	          61878	      2.137	      2.149	      2.158	      2.203	           	      0.000	    618.780	   1897.734	   1433.252	     -0.021	     -0.021	     -0.001	
 2014/05/22	   2.142	   2.165	   2.142	   2.142	          26339	      2.135	      2.149	      2.154	      2.201	           	      0.000	    263.390	   1870.948	   1286.918	     -0.020	     -0.021	      0.000	
 2014/05/23	   2.145	   2.157	   2.140	   2.157	          32200	      2.139	      2.152	      2.152	      2.200	           	      0.000	    322.000	    719.470	   1301.418	     -0.018	     -0.020	      0.004	
 2014/05/26	   2.171	   2.171	   2.165	   2.167	         161340	      2.147	      2.151	      2.150	      2.199	           	      0.000	   1613.400	    773.550	   1241.164	     -0.016	     -0.019	      0.007	
 2014/05/27	   2.175	   2.175	   2.159	   2.159	         106500	      2.154	      2.148	      2.150	      2.198	           	      0.000	   1065.000	    776.514	   1300.364	     -0.014	     -0.018	      0.008	
 2014/05/28	   2.159	   2.185	   2.159	   2.185	         356134	      2.162	      2.149	      2.153	      2.197	           	      0.000	   3561.340	   1365.026	   1631.380	     -0.010	     -0.017	      0.012	
 2014/05/29	   2.185	   2.185	   2.165	   2.166	         829700	      2.167	      2.151	      2.154	      2.195	           	      0.000	   8297.000	   2971.748	   2421.348	     -0.009	     -0.015	      0.012	
 2014/05/30	   2.176	   2.176	   2.168	   2.169	          31075	      2.169	      2.154	      2.155	      2.194	           	      0.000	    310.750	   2969.498	   1844.484	     -0.008	     -0.014	      0.012	
 2014/06/03	   2.170	   2.180	   2.165	   2.165	          85683	      2.169	      2.158	      2.155	      2.193	           	      0.000	    856.830	   2818.184	   1795.867	     -0.007	     -0.012	      0.011	
 2014/06/04	   2.148	   2.148	   2.126	   2.127	          36694	      2.162	      2.158	      2.154	      2.191	           	      0.000	    366.940	   2678.572	   1727.543	     -0.009	     -0.012	      0.005	
 2014/06/05	   2.127	   2.154	   2.127	   2.154	          96135	      2.156	      2.159	      2.154	      2.190	           	      0.000	    961.350	   2158.574	   1761.800	     -0.009	     -0.011	      0.005	
 2014/06/06	   2.147	   2.148	   2.142	   2.142	          27037	      2.151	      2.159	      2.154	      2.190	           	      0.000	    270.370	    553.248	   1762.498	     -0.009	     -0.011	      0.003	
 2014/06/09	   2.141	   2.152	   2.135	   2.137	         510600	      2.145	      2.157	      2.155	      2.189	           	      0.000	   5106.000	   1512.298	   2240.898	     -0.010	     -0.010	      0.001	
 2014/06/10	   2.124	   2.158	   2.124	   2.158	         513239	      2.144	      2.156	      2.153	      2.189	           	      0.000	   5132.390	   2367.410	   2592.797	     -0.009	     -0.010	      0.003	
 2014/06/11	   2.171	   2.171	   2.154	   2.163	         337174	      2.151	      2.157	      2.152	      2.189	           	      0.000	   3371.740	   2968.370	   2823.471	     -0.007	     -0.009	      0.005	
 2014/06/12	   2.160	   2.172	   2.158	   2.162	           7978	      2.152	      2.154	      2.152	      2.189	           	      0.000	     79.780	   2792.056	   2475.315	     -0.006	     -0.009	      0.006	
 2014/06/13	   2.160	   2.185	   2.160	   2.185	          75014	      2.161	      2.156	      2.154	      2.188	           	      0.000	    750.140	   2888.010	   1720.629	     -0.003	     -0.008	      0.009	
 2014/06/16	   2.150	   2.190	   2.150	   2.185	         213378	      2.171	      2.158	      2.156	      2.188	           	      0.000	   2133.780	   2293.566	   1902.932	     -0.001	     -0.006	      0.011	
 2014/06/17	   2.165	   2.178	   2.160	   2.170	         111099	      2.173	      2.158	      2.158	      2.188	           	      0.000	   1110.990	   1489.286	   1928.348	     -0.000	     -0.005	      0.010	
 2014/06/18	   2.170	   2.170	   2.159	   2.160	        1161767	      2.172	      2.162	      2.160	      2.188	           	      0.000	  11617.670	   3138.472	   3053.421	     -0.001	     -0.004	      0.007	
 2014/06/19	   2.159	   2.159	   2.120	   2.132	         117631	      2.166	      2.159	      2.159	      2.187	           	      0.000	   1176.310	   3357.778	   3074.917	     -0.003	     -0.004	      0.002	
 2014/06/20	   2.149	   2.149	   2.105	   2.131	         505601	      2.156	      2.158	      2.159	      2.185	           	      0.000	   5056.010	   4218.952	   3553.481	     -0.005	     -0.004	     -0.002	
 2014/06/23	   2.142	   2.142	   2.136	   2.140	         201640	      2.147	      2.159	      2.158	      2.183	           	      0.000	   2016.400	   4195.476	   3244.521	     -0.006	     -0.005	     -0.003	
 2014/06/24	   2.138	   2.150	   2.138	   2.150	         143207	      2.143	      2.158	      2.157	      2.182	           	      0.000	   1432.070	   4259.692	   2874.489	     -0.006	     -0.005	     -0.002	
 2014/06/25	   2.146	   2.146	   2.139	   2.144	         700547	      2.139	      2.156	      2.156	      2.180	           	      0.000	   7005.470	   3337.252	   3237.862	     -0.006	     -0.005	     -0.002	
 2014/06/26	   2.160	   2.165	   2.150	   2.161	         656751	      2.145	      2.156	      2.155	      2.180	           	      0.000	   6567.510	   4415.492	   3886.635	     -0.005	     -0.005	      0.001	
 2014/06/27	   2.159	   2.180	   2.138	   2.180	          50599	      2.155	      2.155	      2.156	      2.180	           	      0.000	    505.990	   3505.488	   3862.220	     -0.002	     -0.004	      0.005	
 2014/06/30	   2.174	   2.196	   2.150	   2.195	          75520	      2.166	      2.156	      2.157	      2.179	           	      0.000	    755.200	   3253.248	   3724.362	      0.001	     -0.003	      0.009	
 2014/07/01	   2.193	   2.209	   2.193	   2.208	        1406900	      2.178	      2.160	      2.159	      2.179	           	      0.000	  14069.000	   5780.634	   5020.163	      0.005	     -0.002	      0.013	
 2014/07/02	   2.197	   2.210	   2.191	   2.210	        1342524	      2.191	      2.165	      2.163	      2.180	           	      0.000	  13425.240	   7064.588	   5200.920	      0.008	      0.000	      0.015	
 2014/07/03	   2.209	   2.225	   2.207	   2.220	         501920	      2.203	      2.174	      2.167	      2.180	           	      0.000	   5019.200	   6754.926	   5585.209	      0.011	      0.002	      0.017	
 2014/07/04	   2.200	   2.218	   2.200	   2.214	          68808	      2.209	      2.182	      2.170	      2.179	           	      0.000	    688.080	   6791.344	   5148.416	      0.012	      0.004	      0.016	
 2014/07/07	   2.221	   2.221	   2.208	   2.215	         153258	      2.213	      2.190	      2.174	      2.178	           	      0.000	   1532.580	   6946.820	   5100.034	      0.014	      0.006	      0.015	
 2014/07/08	   2.220	   2.220	   2.201	   2.219	         114078	      2.216	      2.197	      2.177	      2.177	           	      0.000	   1140.780	   4361.176	   5070.905	      0.015	      0.008	      0.014	
 2014/07/09	   2.215	   2.220	   2.194	   2.197	         165447	      2.213	      2.202	      2.179	      2.175	           	      0.000	   1654.470	   2007.022	   4535.805	      0.014	      0.009	      0.009	
 2014/07/10	   2.175	   2.208	   2.175	   2.190	          42555	      2.207	      2.205	      2.180	      2.174	           	      0.000	    425.550	   1088.292	   3921.609	      0.012	      0.010	      0.005	
 2014/07/11	   2.210	   2.210	   2.203	   2.203	           7300	      2.205	      2.207	      2.181	      2.172	           	      0.000	     73.000	    965.276	   3878.310	      0.012	      0.010	      0.004	
 2014/07/14	   2.208	   2.233	   2.120	   2.233	         133875	      2.208	      2.211	      2.184	      2.172	           	      0.000	   1338.750	    926.510	   3936.665	      0.014	      0.011	      0.006	
 2014/07/15	   2.232	   2.236	   2.224	   2.234	         226493	      2.211	      2.214	      2.187	      2.171	           	      0.000	   2264.930	   1151.340	   2756.258	      0.016	      0.012	      0.007	
 2014/07/16	   2.250	   2.250	   2.232	   2.233	          24815	      2.219	      2.216	      2.190	      2.171	           	      0.000	    248.150	    870.076	   1438.549	      0.016	      0.013	      0.007	
 2014/07/17	   2.225	   2.225	   2.214	   2.220	          54066	      2.225	      2.216	      2.195	      2.171	           	      0.000	    540.660	    893.098	    990.695	      0.016	      0.013	      0.005	
 2014/07/18	   2.219	   2.235	   2.219	   2.231	         249389	      2.230	      2.217	      2.200	      2.171	           	      0.000	   2493.890	   1377.276	   1171.276	      0.016	      0.014	      0.005	
 2014/07/21	   2.228	   2.228	   2.225	   2.227	          42818	      2.229	      2.219	      2.204	      2.171	           	      0.000	    428.180	   1195.162	   1060.836	      0.016	      0.014	      0.003	
 2014/07/22	   2.200	   2.257	   2.200	   2.251	        1555429	      2.232	      2.222	      2.209	      2.172	           	      0.000	  15554.290	   3853.034	   2502.187	      0.018	      0.015	      0.005	
 2014/07/23	   2.248	   2.268	   2.248	   2.248	          94487	      2.235	      2.227	      2.214	      2.173	           	      0.000	    944.870	   3992.378	   2431.227	      0.018	      0.016	      0.005	
 2014/07/24	   2.255	   2.284	   2.255	   2.280	         293628	      2.247	      2.236	      2.220	      2.176	           	      0.000	   2936.280	   4471.502	   2682.300	      0.021	      0.017	      0.009	
 2014/07/25	   2.288	   2.308	   2.287	   2.308	         461654	      2.263	      2.247	      2.227	      2.179	           	      0.000	   4616.540	   4896.032	   3136.654	      0.026	      0.019	      0.014	
 2014/07/28	   2.305	   2.362	   2.233	   2.355	        2280584	      2.288	      2.259	      2.235	      2.182	           	      0.000	  22805.840	   9371.564	   5283.363	      0.032	      0.021	      0.022	
 2014/07/29	   2.351	   2.376	   2.351	   2.374	         628531	      2.313	      2.273	      2.243	      2.186	           	      0.000	   6285.310	   7517.768	   5685.401	      0.039	      0.025	      0.028	
 2014/07/30	   2.373	   2.373	   2.358	   2.365	         320797	      2.336	      2.286	      2.251	      2.189	           	      0.000	   3207.970	   7970.388	   5981.383	      0.043	      0.028	      0.029	
 2014/07/31	   2.364	   2.393	   2.364	   2.393	        1201228	      2.359	      2.303	      2.260	      2.193	           	      0.000	  12012.280	   9785.588	   7128.545	      0.048	      0.032	      0.031	
 2014/08/01	   2.399	   2.405	   2.370	   2.370	         878510	      2.371	      2.317	      2.267	      2.197	           	      0.000	   8785.100	  10619.300	   7757.666	      0.049	      0.036	      0.027	
 2014/08/04	   2.398	   2.412	   2.377	   2.412	         230902	      2.383	      2.336	      2.277	      2.202	           	      0.000	   2309.020	   6519.936	   7945.750	      0.053	      0.039	      0.028	
 2014/08/05	   2.411	   2.413	   2.406	   2.413	         165996	      2.391	      2.352	      2.287	      2.206	           	      0.000	   1659.960	   5594.866	   6556.317	      0.055	      0.042	      0.026	
 2014/08/06	   2.399	   2.428	   2.399	   2.420	         308826	      2.402	      2.369	      2.298	      2.210	           	      0.000	   3088.260	   5570.924	   6770.656	      0.057	      0.045	      0.024	
 2014/08/07	   2.426	   2.426	   2.384	   2.385	        1145982	      2.400	      2.379	      2.308	      2.213	           	      0.000	  11459.820	   5460.432	   7623.010	      0.055	      0.047	      0.016	
 2014/08/08	   2.390	   2.411	   2.387	   2.392	          19635	      2.404	      2.388	      2.317	      2.217	           	      0.000	    196.350	   3742.682	   7180.991	      0.054	      0.049	      0.010	
 2014/08/11	   2.412	   2.428	   2.412	   2.428	         179834	      2.408	      2.395	      2.327	      2.222	           	      0.000	   1798.340	   3640.546	   5080.241	      0.055	      0.050	      0.010	
 2014/08/12	   2.420	   2.432	   2.416	   2.432	        1300300	      2.411	      2.401	      2.337	      2.227	           	      0.000	  13003.000	   5909.154	   5752.010	      0.055	      0.051	      0.009	
 2014/08/13	   2.425	   2.436	   2.419	   2.431	         184324	      2.414	      2.408	      2.347	      2.232	           	      0.000	   1843.240	   5660.150	   5615.537	      0.055	      0.052	      0.006	
 2014/08/14	   2.419	   2.440	   2.418	   2.418	         146821	      2.420	      2.410	      2.357	      2.237	           	      0.000	   1468.210	   3661.828	   4561.130	      0.053	      0.052	      0.002	
 2014/08/15	   2.425	   2.448	   2.425	   2.432	         193755	      2.428	      2.416	      2.367	      2.242	           	      0.000	   1937.550	   4010.068	   3876.375	      0.052	      0.052	      0.000	
 2014/08/18	   2.442	   2.460	   2.442	   2.460	         202037	      2.435	      2.421	      2.378	      2.247	           	      0.000	   2020.370	   4054.474	   3847.510	      0.053	      0.052	      0.001	
 2014/08/19	   2.458	   2.477	   2.457	   2.466	         564176	      2.441	      2.426	      2.389	      2.252	           	      0.000	   5641.760	   2582.226	   4245.690	      0.053	      0.052	      0.002	
 2014/08/20	   2.464	   2.476	   2.461	   2.461	         196275	      2.447	      2.431	      2.400	      2.257	           	      0.000	   1962.750	   2606.128	   4133.139	      0.053	      0.052	      0.001	
 2014/08/21	   2.456	   2.460	   2.433	   2.453	        3725932	      2.454	      2.437	      2.408	      2.261	           	      0.000	  37259.320	   9764.350	   6713.089	      0.051	      0.052	     -0.002	
 2014/08/22	   2.428	   2.465	   2.428	   2.465	         340349	      2.461	      2.445	      2.416	      2.266	           	      0.000	   3403.490	  10057.538	   7033.803	      0.050	      0.052	     -0.003	
 2014/08/25	   2.459	   2.460	   2.442	   2.459	         141725	      2.461	      2.448	      2.421	      2.271	           	      0.000	   1417.250	   9936.914	   6995.694	      0.048	      0.051	     -0.005	
 2014/08/26	   2.433	   2.450	   2.409	   2.412	         220915	      2.450	      2.446	      2.423	      2.275	           	      0.000	   2209.150	   9250.392	   5916.309	      0.043	      0.049	     -0.014	
 2014/08/27	   2.422	   2.432	   2.419	   2.419	        1046591	      2.442	      2.444	      2.426	      2.280	           	      0.000	  10465.910	  10951.024	   6778.576	      0.038	      0.047	     -0.018	
 2014/08/28	   2.400	   2.428	   2.400	   2.409	         242987	      2.433	      2.444	      2.427	      2.284	           	      0.000	   2429.870	   3985.134	   6874.742	      0.034	      0.044	     -0.022	
 2014/08/29	   2.412	   2.437	   2.412	   2.437	         435225	      2.427	      2.444	      2.430	      2.289	           	      0.000	   4352.250	   4174.886	   7116.212	      0.032	      0.042	     -0.020	
 2014/09/01	   2.455	   2.465	   2.455	   2.456	         185795	      2.427	      2.444	      2.432	      2.295	           	      0.000	   1857.950	   4263.026	   7099.970	      0.032	      0.040	     -0.017	
 2014/09/02	   2.461	   2.500	   2.461	   2.500	        1134757	      2.444	      2.447	      2.437	      2.300	           	      0.000	  11347.570	   6090.710	   7670.551	      0.034	      0.039	     -0.009	
 2014/09/03	   2.500	   2.526	   2.500	   2.519	         575183	      2.464	      2.453	      2.442	      2.306	           	      0.000	   5751.830	   5147.894	   8049.459	      0.038	      0.039	     -0.001	
 2014/09/04	   2.520	   2.542	   2.514	   2.542	         260140	      2.491	      2.462	      2.450	      2.313	           	      0.000	   2601.400	   5182.200	   4583.667	      0.042	      0.039	      0.005	
 2014/09/05	   2.539	   2.562	   2.520	   2.562	        1876849	      2.516	      2.471	      2.458	      2.319	           	      0.000	  18768.490	   8065.448	   6120.167	      0.046	      0.041	      0.011	
 2014/09/09	   2.545	   2.570	   2.545	   2.563	        1772854	      2.537	      2.482	      2.465	      2.325	           	      0.000	  17728.539	  11239.566	   7751.296	      0.049	      0.042	      0.014	
 2014/09/10	   2.545	   2.569	   2.545	   2.557	          69115	      2.549	      2.496	      2.471	      2.332	           	      0.000	    691.150	   9108.282	   7599.496	      0.050	      0.044	      0.013	
 2014/09/11	   2.559	   2.599	   2.555	   2.555	         422565	      2.556	      2.510	      2.477	      2.338	           	      0.000	   4225.650	   8803.046	   6975.470	      0.051	      0.045	      0.011	
 2014/09/12	   2.561	   2.588	   2.553	   2.588	         342367	      2.565	      2.528	      2.486	      2.346	           	      0.000	   3423.670	   8967.500	   7074.850	      0.053	      0.047	      0.012	
 2014/09/15	   2.580	   2.600	   2.577	   2.591	         276743	      2.571	      2.543	      2.494	      2.353	           	      0.000	   2767.430	   5767.288	   6916.368	      0.054	      0.048	      0.012	
 2014/09/16	   2.604	   2.609	   2.535	   2.535	         194100	      2.565	      2.551	      2.497	      2.360	           	      0.000	   1941.000	   2609.780	   6924.673	      0.050	      0.049	      0.003	
 2014/09/17	   2.547	   2.559	   2.522	   2.554	         235282	      2.565	      2.557	      2.502	      2.367	           	      0.000	   2352.820	   2942.114	   6025.198	      0.048	      0.049	     -0.001	
 2014/09/18	   2.550	   2.562	   2.542	   2.561	         153203	      2.566	      2.561	      2.507	      2.374	           	      0.000	   1532.030	   2403.390	   5603.218	      0.047	      0.048	     -0.003	
 2014/09/19	   2.536	   2.588	   2.536	   2.578	        1421369	      2.564	      2.564	      2.513	      2.381	           	      0.000	  14213.690	   4561.394	   6764.447	      0.046	      0.048	     -0.004	
 2014/09/22	   2.567	   2.567	   2.530	   2.532	         327087	      2.552	      2.561	      2.516	      2.387	           	      0.000	   3270.870	   4662.082	   5214.685	      0.041	      0.047	     -0.010	
 2014/09/23	   2.545	   2.570	   2.542	   2.560	        1094867	      2.557	      2.561	      2.522	      2.393	           	      0.000	  10948.670	   6463.616	   4536.698	      0.040	      0.045	     -0.011	
 2014/09/24	   2.566	   2.615	   2.566	   2.603	         373530	      2.567	      2.566	      2.531	      2.399	           	      0.000	   3735.300	   6740.112	   4841.113	      0.041	      0.044	     -0.006	
 2014/09/25	   2.620	   2.631	   2.596	   2.596	         233825	      2.574	      2.570	      2.540	      2.406	           	      0.000	   2338.250	   6901.356	   4652.373	      0.041	      0.044	     -0.005	
 2014/09/26	   2.578	   2.614	   2.578	   2.614	          78388	      2.581	      2.572	      2.550	      2.412	           	      0.000	    783.880	   4215.394	   4388.394	      0.042	      0.043	     -0.002	
 2014/09/29	   2.604	   2.630	   2.604	   2.627	         267659	      2.600	      2.576	      2.560	      2.419	           	      0.000	   2676.590	   4096.538	   4379.310	      0.044	      0.044	      0.001	
 2014/09/30	   2.622	   2.645	   2.622	   2.632	        2425989	      2.614	      2.586	      2.568	      2.426	           	      0.000	  24259.891	   6758.782	   6611.199	      0.045	      0.044	      0.002	
 2014/10/08	   2.641	   2.670	   2.637	   2.664	         532801	      2.627	      2.597	      2.577	      2.433	           	      0.000	   5328.010	   7077.324	   6908.718	      0.048	      0.045	      0.006	
 2014/10/09	   2.670	   2.688	   2.657	   2.674	         224756	      2.642	      2.608	      2.584	      2.441	           	      0.000	   2247.560	   7059.186	   6980.271	      0.050	      0.046	      0.009	
 2014/10/10	   2.664	   2.686	   2.655	   2.669	        1217077	      2.653	      2.617	      2.591	      2.449	           	      0.000	  12170.770	   9336.564	   6775.979	      0.051	      0.047	      0.009	
 2014/10/13	   2.655	   2.656	   2.626	   2.653	         553968	      2.658	      2.629	      2.595	      2.457	           	      0.000	   5539.680	   9909.182	   7002.860	      0.050	      0.047	      0.005	
 2014/10/14	   2.653	   2.675	   2.640	   2.648	        1897049	      2.662	      2.638	      2.600	      2.464	           	      0.000	  18970.490	   8851.302	   7805.042	      0.048	      0.048	      0.001	
 2014/10/15	   2.640	   2.672	   2.622	   2.660	        1805399	      2.661	      2.644	      2.605	      2.471	           	      0.000	  18053.990	  11396.498	   9236.911	      0.047	      0.047	     -0.001	
 2014/10/16	   2.679	   2.680	   2.640	   2.640	        1593301	      2.654	      2.648	      2.609	      2.478	           	      0.000	  15933.010	  14133.588	  10596.387	      0.044	      0.047	     -0.005	
 2014/10/17	   2.628	   2.643	   2.588	   2.638	        1292269	      2.648	      2.651	      2.611	      2.485	           	      0.000	  12922.690	  14283.973	  11810.269	      0.041	      0.046	     -0.009	
 2014/10/20	   2.648	   2.651	   2.632	   2.644	         443143	      2.646	      2.652	      2.614	      2.491	           	      0.000	   4431.430	  14062.322	  11985.752	      0.039	      0.044	     -0.011	
 2014/10/21	   2.645	   2.650	   2.603	   2.630	        1280925	      2.642	      2.652	      2.619	      2.498	           	      0.000	  12809.250	  12830.074	  10840.688	      0.036	      0.043	     -0.014	
 2014/10/22	   2.617	   2.640	   2.601	   2.601	        1381272	      2.631	      2.646	      2.621	      2.504	           	      0.000	  13812.720	  11981.820	  11689.159	      0.030	      0.040	     -0.020	
 2014/10/23	   2.604	   2.615	   2.562	   2.576	         260418	      2.618	      2.636	      2.622	      2.510	           	      0.000	   2604.180	   9316.054	  11724.821	      0.024	      0.037	     -0.026	
 2014/10/24	   2.580	   2.584	   2.571	   2.576	          85371	      2.605	      2.627	      2.622	      2.514	           	      0.000	    853.710	   6902.258	  10593.115	      0.018	      0.033	     -0.030	
 2014/10/27	   2.562	   2.572	   2.553	   2.553	         186039	      2.587	      2.617	      2.623	      2.519	           	      0.000	   1860.390	   6388.050	  10225.187	      0.012	      0.029	     -0.034	
 2014/10/28	   2.591	   2.629	   2.579	   2.628	         212353	      2.587	      2.615	      2.626	      2.523	           	      0.000	   2123.530	   4250.906	   8540.490	      0.013	      0.026	     -0.026	
 2014/10/29	   2.643	   2.678	   2.630	   2.662	         353715	      2.599	      2.615	      2.629	      2.528	           	      0.000	   3537.150	   2195.792	   7088.806	      0.016	      0.024	     -0.015	
 2014/10/30	   2.663	   2.706	   2.663	   2.685	         435014	      2.621	      2.619	      2.634	      2.533	           	      0.000	   4350.140	   2544.984	   5930.519	      0.020	      0.023	     -0.005	
 2014/10/31	   2.699	   2.714	   2.678	   2.714	         642277	      2.648	      2.627	      2.639	      2.539	           	      0.000	   6422.770	   3658.796	   5280.527	      0.026	      0.024	      0.004	
 2014/11/03	   2.717	   2.745	   2.714	   2.722	         309872	      2.682	      2.635	      2.643	      2.544	           	      0.000	   3098.720	   3906.462	   5147.256	      0.030	      0.025	      0.011	
 2014/11/04	   2.744	   2.744	   2.720	   2.729	         156401	      2.702	      2.645	      2.648	      2.550	           	      0.000	   1564.010	   3794.558	   4022.732	      0.034	      0.027	      0.015	
 2014/11/05	   2.723	   2.740	   2.723	   2.729	         642992	      2.716	      2.657	      2.652	      2.555	           	      0.000	   6429.920	   4373.112	   3284.452	      0.037	      0.029	      0.016	
 2014/11/06	   2.735	   2.740	   2.706	   2.727	         438087	      2.724	      2.672	      2.654	      2.560	           	      0.000	   4380.870	   4379.258	   3462.121	      0.038	      0.031	      0.015	
 2014/11/07	   2.736	   2.760	   2.720	   2.720	         810036	      2.725	      2.687	      2.657	      2.566	           	      0.000	   8100.360	   4714.776	   4186.786	      0.038	      0.032	      0.012	
 2014/11/10	   2.720	   2.777	   2.710	   2.777	         522763	      2.736	      2.709	      2.663	      2.572	           	      0.000	   5227.630	   5140.558	   4523.510	      0.043	      0.034	      0.017	
 2014/11/11	   2.790	   2.798	   2.703	   2.750	        1009294	      2.741	      2.721	      2.668	      2.577	           	      0.000	  10092.940	   6846.344	   5320.451	      0.043	      0.036	      0.014	
 2014/11/12	   2.730	   2.798	   2.730	   2.798	        1009040	      2.754	      2.735	      2.675	      2.584	           	      0.000	  10090.400	   7578.440	   5975.776	      0.047	      0.038	      0.018	
 2014/11/13	   2.790	   2.804	   2.770	   2.779	         464661	      2.765	      2.744	      2.682	      2.589	           	      0.000	   4646.610	   7631.588	   6005.423	      0.048	      0.040	      0.016	
 2014/11/14	   2.773	   2.784	   2.750	   2.764	        1982759	      2.774	      2.750	      2.688	      2.595	           	      0.000	  19827.590	   9977.034	   7345.905	      0.047	      0.042	      0.011	
 2014/11/17	   2.773	   2.815	   2.767	   2.792	         450101	      2.777	      2.757	      2.696	      2.601	           	      0.000	   4501.010	   9831.710	   7486.134	      0.048	      0.043	      0.010	
 2014/11/18	   2.780	   2.790	   2.758	   2.767	        1117185	      2.780	      2.760	      2.702	      2.606	           	      0.000	  11171.850	  10047.492	   8446.918	      0.046	      0.044	      0.005	
 2014/11/19	   2.769	   2.790	   2.768	   2.790	        1185797	      2.778	      2.766	      2.712	      2.612	           	      0.000	  11857.970	  10401.006	   8989.723	      0.046	      0.044	      0.004	
 2014/11/20	   2.765	   2.779	   2.763	   2.763	        2190223	      2.775	      2.770	      2.721	      2.617	           	      0.000	  21902.230	  13852.130	  10741.859	      0.043	      0.044	     -0.001	
 2014/11/21	   2.767	   2.818	   2.762	   2.818	        1955773	      2.786	      2.780	      2.733	      2.623	           	      0.000	  19557.730	  13798.158	  11887.596	      0.045	      0.044	      0.002	
 2014/11/24	   2.844	   2.900	   2.818	   2.889	        1170120	      2.805	      2.791	      2.750	      2.630	           	      0.000	  11701.200	  15238.196	  12534.953	      0.052	      0.046	      0.012	
 2014/11/25	   2.890	   2.934	   2.890	   2.924	        4700605	      2.837	      2.808	      2.765	      2.638	           	      0.000	  47006.051	  22405.037	  16226.264	      0.059	      0.048	      0.021	
 2014/11/26	   2.930	   2.970	   2.930	   2.965	        2529810	      2.872	      2.825	      2.780	      2.647	           	      0.000	  25298.100	  25093.063	  17747.033	      0.067	      0.052	      0.030	
 2014/11/27	   2.969	   2.980	   2.950	   2.979	        1125083	      2.915	      2.845	      2.795	      2.656	           	      0.000	  11250.830	  22962.781	  18407.457	      0.074	      0.056	      0.035	
 2014/11/28	   2.983	   3.004	   2.960	   3.004	        1300762	      2.952	      2.869	      2.809	      2.666	           	      0.000	  13007.620	  21652.760	  17725.459	      0.081	      0.061	      0.039	
 2014/12/01	   2.998	   3.034	   2.976	   2.999	        2109756	      2.974	      2.890	      2.823	      2.675	           	      0.000	  21097.561	  23532.031	  19385.113	      0.084	      0.066	      0.037	
 2014/12/02	   2.976	   3.075	   2.976	   3.030	        5004243	      2.995	      2.916	      2.838	      2.685	           	      0.000	  50042.430	  24139.309	  23272.172	      0.089	      0.070	      0.037	
 2014/12/03	   3.077	   3.150	   3.051	   3.112	        1835916	      3.025	      2.948	      2.857	      2.695	           	      0.000	  18359.160	  22751.520	  23922.291	      0.098	      0.076	      0.044	
 2014/12/04	   3.200	   3.230	   3.116	   3.229	        5089304	      3.075	      2.995	      2.882	      2.707	           	      0.000	  50893.039	  30679.961	  26821.371	      0.113	      0.083	      0.060	
 2014/12/05	   3.220	   3.350	   2.910	   3.211	        2048046	      3.116	      3.034	      2.907	      2.718	           	      0.000	  20480.461	  32174.529	  26913.645	      0.122	      0.091	      0.062	
 2014/12/08	   3.211	   3.364	   2.908	   3.345	        5585764	      3.185	      3.080	      2.935	      2.731	           	      0.000	  55857.641	  39126.547	  31329.289	      0.139	      0.101	      0.076	
 2014/12/09	   3.339	   3.456	   3.123	   3.200	        2648926	      3.219	      3.107	      2.958	      2.742	           	      0.000	  26489.260	  34415.914	  29277.609	      0.139	      0.108	      0.061	
 2014/12/10	   3.031	   3.340	   3.020	   3.335	       10743760	      3.264	      3.144	      2.985	      2.755	           	      0.000	 107437.602	  52231.602	  37491.559	      0.148	      0.116	      0.063	
 2014/12/11	   3.334	   3.374	   3.272	   3.329	        6472546	      3.284	      3.179	      3.012	      2.768	           	      0.000	  64725.461	  54998.086	  42839.023	      0.153	      0.124	      0.058	
 2014/12/12	   3.338	   3.359	   3.320	   3.350	         895668	      3.312	      3.214	      3.042	      2.780	           	      0.000	   8956.680	  52693.328	  42433.930	      0.157	      0.130	      0.053	
 2014/12/15	   3.336	   3.398	   3.326	   3.398	        2162320	      3.322	      3.254	      3.072	      2.794	           	      0.000	  21623.199	  45846.441	  42486.492	      0.162	      0.136	      0.050	
 2014/12/16	   3.398	   3.447	   3.380	   3.447	         995772	      3.372	      3.296	      3.106	      2.809	           	      0.000	   9957.720	  42540.133	  38478.023	      0.168	      0.143	      0.050	
 2014/12/17	   3.447	   3.468	   3.375	   3.443	         876358	      3.393	      3.329	      3.138	      2.824	           	      0.000	   8763.580	  22805.328	  37518.465	      0.170	      0.148	      0.044	
 2014/12/18	   3.401	   3.498	   3.401	   3.468	         836508	      3.421	      3.353	      3.174	      2.839	           	      0.000	   8365.080	  11533.252	  33265.668	      0.172	      0.153	      0.038	
 2014/12/19	   3.349	   3.528	   3.349	   3.526	         804244	      3.456	      3.384	      3.209	      2.855	           	      0.000	   8042.440	  11350.404	  32021.865	      0.176	      0.158	      0.037	
 2014/12/22	   3.515	   3.593	   3.472	   3.496	        1463787	      3.476	      3.399	      3.240	      2.871	           	      0.000	  14637.870	   9953.338	  27899.889	      0.175	      0.161	      0.028	
 2014/12/23	   3.496	   3.536	   3.250	   3.412	        3172856	      3.469	      3.420	      3.264	      2.885	           	      0.000	  31728.561	  14307.506	  28423.818	      0.166	      0.162	      0.007	
 2014/12/24	   3.412	   3.440	   3.332	   3.375	        1621972	      3.455	      3.424	      3.284	      2.898	           	      0.000	  16219.720	  15798.734	  19302.031	      0.153	      0.160	     -0.014	
 2014/12/25	   3.375	   3.499	   3.330	   3.499	        1544421	      3.462	      3.441	      3.310	      2.913	           	      0.000	  15444.210	  17214.561	  14373.906	      0.152	      0.159	     -0.014	
 2014/12/26	   3.493	   3.590	   3.493	   3.588	        1336272	      3.474	      3.465	      3.340	      2.929	           	      0.000	  13362.720	  18278.615	  14814.510	      0.156	      0.158	     -0.004	
 2014/12/29	   3.590	   3.630	   3.532	   3.577	        1478568	      3.490	      3.483	      3.368	      2.945	           	      0.000	  14785.680	  18308.178	  14130.758	      0.157	      0.158	     -0.002	
 2014/12/30	   3.577	   3.577	   3.520	   3.522	         980559	      3.512	      3.491	      3.393	      2.960	           	      0.000	   9805.590	  13923.584	  14115.545	      0.151	      0.156	     -0.011	
 2014/12/31	   3.588	   3.609	   3.382	   3.605	         438189	      3.558	      3.507	      3.418	      2.976	           	      0.000	   4381.890	  11556.018	  13677.376	      0.151	      0.155	     -0.008	
 2015/01/05	   3.590	   3.725	   3.590	   3.699	        2557632	      3.598	      3.530	      3.441	      2.993	           	      0.000	  25576.320	  13582.439	  15398.500	      0.158	      0.156	      0.003	
 2015/01/06	   3.700	   3.716	   3.600	   3.700	        2870974	      3.621	      3.547	      3.466	      3.010	           	      0.000	  28709.740	  16651.844	  17465.230	      0.161	      0.157	      0.008	
 2015/01/07	   3.675	   3.720	   3.610	   3.712	         327001	      3.648	      3.569	      3.484	      3.027	           	      0.000	   3270.010	  14348.710	  16328.444	      0.162	      0.158	      0.009	
 2015/01/08	   3.706	   3.706	   3.613	   3.617	        3344905	      3.667	      3.589	      3.505	      3.044	           	      0.000	  33449.051	  19077.402	  16500.492	      0.154	      0.157	     -0.006	
 2015/01/09	   3.614	   3.708	   3.600	   3.600	         472860	      3.666	      3.612	      3.518	      3.059	           	      0.000	   4728.600	  19146.744	  15351.381	      0.144	      0.155	     -0.020	
 2015/01/12	   3.600	   3.600	   3.460	   3.549	        2731941	      3.636	      3.617	      3.529	      3.074	           	      0.000	  27319.410	  19495.361	  16538.900	      0.131	      0.150	     -0.037	
 2015/01/13	   3.571	   3.590	   3.520	   3.539	        2162134	      3.603	      3.612	      3.539	      3.089	           	      0.000	  21621.340	  18077.682	  17364.764	      0.119	      0.144	     -0.050	
 2015/01/14	   3.554	   3.589	   3.490	   3.559	        2439579	      3.573	      3.610	      3.547	      3.105	           	      0.000	  24395.789	  22302.838	  18325.773	      0.109	      0.137	     -0.056	
 2015/01/15	   3.519	   3.613	   3.518	   3.613	        1053610	      3.572	      3.619	      3.555	      3.121	           	      0.000	  10536.100	  17720.248	  18398.824	      0.104	      0.130	     -0.052	
 2015/01/16	   3.647	   3.675	   3.600	   3.655	         336810	      3.583	      3.624	      3.566	      3.139	           	      0.000	   3368.100	  17448.148	  18297.445	      0.103	      0.125	     -0.043	
 2015/01/19	   3.580	   3.580	   3.290	   3.330	        1538173	      3.539	      3.587	      3.559	      3.151	           	      0.000	  15381.730	  15060.611	  17277.986	      0.075	      0.115	     -0.080	
 2015/01/20	   3.418	   3.520	   3.416	   3.501	        2578726	      3.532	      3.567	      3.557	      3.167	           	      0.000	  25787.260	  15893.796	  16985.738	      0.066	      0.105	     -0.079	
 2015/01/21	   3.505	   3.632	   3.505	   3.627	         984982	      3.545	      3.559	      3.564	      3.185	           	      0.000	   9849.820	  12984.602	  17643.721	      0.068	      0.097	     -0.060	
 2015/01/22	   3.627	   3.679	   3.627	   3.660	         379959	      3.555	      3.563	      3.576	      3.202	           	      0.000	   3799.590	  11637.300	  14678.774	      0.071	      0.092	     -0.042	
 2015/01/23	   3.680	   3.700	   3.629	   3.650	        2933219	      3.554	      3.568	      3.590	      3.218	           	      0.000	  29332.189	  16830.117	  17139.133	      0.072	      0.088	     -0.032	
 2015/01/26	   3.635	   3.715	   3.635	   3.715	        2560194	      3.631	      3.585	      3.601	      3.235	           	      0.000	  25601.939	  18874.160	  16967.387	      0.077	      0.086	     -0.017	
 2015/01/27	   3.714	   3.715	   3.632	   3.714	        1310725	      3.673	      3.602	      3.607	      3.252	           	      0.000	  13107.250	  16338.158	  16115.977	      0.081	      0.085	     -0.009	
 2015/01/28	   3.670	   3.698	   3.650	   3.660	         276503	      3.680	      3.612	      3.611	      3.268	           	      0.000	   2765.030	  14921.200	  13952.901	      0.078	      0.084	     -0.011	
 2015/01/29	   3.630	   3.643	   3.607	   3.624	         691414	      3.673	      3.614	      3.616	      3.283	           	      0.000	   6914.140	  15544.109	  13590.705	      0.072	      0.081	     -0.019	
 2015/01/30	   3.624	   3.695	   3.571	   3.581	        1287012	      3.659	      3.606	      3.615	      3.297	           	      0.000	  12870.120	  12251.696	  14540.907	      0.063	      0.078	     -0.029	
 2015/02/02	   3.512	   3.568	   3.510	   3.550	         337963	      3.626	      3.628	      3.608	      3.310	           	      0.000	   3379.630	   7807.234	  13340.697	      0.053	      0.073	     -0.040	
 2015/02/03	   3.557	   3.576	   3.511	   3.570	         348622	      3.597	      3.635	      3.601	      3.325	           	      0.000	   3486.220	   5883.028	  11110.593	      0.046	      0.067	     -0.043	
 2015/02/04	   3.570	   3.601	   3.556	   3.571	         480856	      3.579	      3.629	      3.594	      3.338	           	      0.000	   4808.560	   6291.734	  10606.467	      0.040	      0.062	     -0.044	
 2015/02/05	   3.625	   3.625	   3.520	   3.521	        2226867	      3.559	      3.616	      3.589	      3.351	           	      0.000	  22268.670	   9362.640	  12453.375	      0.031	      0.056	     -0.049	
 2015/02/06	   3.518	   3.518	   3.386	   3.450	         621227	      3.532	      3.596	      3.582	      3.362	           	      0.000	   6212.270	   8031.070	  10141.383	      0.018	      0.048	     -0.061	
 2015/02/09	   3.432	   3.550	   3.432	   3.451	         458135	      3.513	      3.569	      3.577	      3.373	           	      0.000	   4581.350	   8271.414	   8039.324	      0.007	      0.040	     -0.065	
 2015/02/10	   3.472	   3.505	   3.465	   3.500	         300847	      3.499	      3.548	      3.575	      3.385	           	      0.000	   3008.470	   8175.864	   7029.446	      0.003	      0.032	     -0.059	
 2015/02/11	   3.533	   3.558	   3.527	   3.537	         175772	      3.492	      3.536	      3.574	      3.398	           	      0.000	   1757.720	   7565.696	   6928.715	      0.003	      0.027	     -0.048	
 2015/02/12	   3.542	   3.580	   3.534	   3.571	         176824	      3.502	      3.530	      3.572	      3.411	           	      0.000	   1768.240	   3465.610	   6414.125	      0.005	      0.022	     -0.035	
 2015/02/13	   3.600	   3.630	   3.583	   3.600	        1504093	      3.532	      3.532	      3.569	      3.424	           	      0.000	  15040.930	   5231.342	   6631.206	      0.009	      0.020	     -0.021	
 2015/02/16	   3.565	   3.645	   3.530	   3.640	         234786	      3.570	      3.541	      3.585	      3.439	           	      0.000	   2347.860	   4784.644	   6528.029	      0.015	      0.019	     -0.007	
 2015/02/17	   3.659	   3.685	   3.600	   3.681	         784295	      3.606	      3.552	      3.594	      3.453	           	      0.000	   7842.950	   5751.540	   6963.702	      0.023	      0.020	      0.007	
 2015/02/25	   3.660	   3.682	   3.623	   3.652	        1125795	      3.629	      3.560	      3.595	      3.466	           	      0.000	  11257.950	   7651.586	   7608.641	      0.027	      0.021	      0.012	
 2015/02/26	   3.700	   3.733	   3.600	   3.721	         642126	      3.659	      3.580	      3.598	      3.479	           	      0.000	   6421.260	   8582.190	   6023.900	      0.035	      0.024	      0.022	
 2015/02/27	   3.735	   3.759	   3.721	   3.747	        1450110	      3.688	      3.610	      3.603	      3.492	           	      0.000	  14501.100	   8474.224	   6852.783	      0.043	      0.028	      0.031	
 2015/03/02	   3.773	   3.783	   3.759	   3.783	         340164	      3.717	      3.643	      3.606	      3.506	           	      0.000	   3401.640	   8684.979	   6734.812	      0.052	      0.032	      0.038	
 2015/03/03	   3.761	   3.765	   3.720	   3.729	        1540068	      3.726	      3.666	      3.607	      3.518	           	      0.000	  15400.680	  10196.525	   7974.033	      0.054	      0.037	      0.034	
 2015/03/04	   3.720	   3.757	   3.719	   3.754	         264991	      3.747	      3.688	      3.612	      3.530	           	      0.000	   2649.910	   8474.918	   8063.252	      0.056	      0.041	      0.032	
 2015/03/05	   3.755	   3.755	   3.693	   3.718	        2362152	      3.746	      3.702	      3.616	      3.542	           	      0.000	  23621.520	  11914.970	  10248.580	      0.055	      0.044	      0.023	
 2015/03/06	   3.700	   3.728	   3.685	   3.685	        1142095	      3.734	      3.711	      3.622	      3.552	           	      0.000	  11420.950	  11298.939	   9886.582	      0.051	      0.045	      0.012	
 2015/03/09	   3.621	   3.729	   3.621	   3.722	          57101	      3.722	      3.719	      3.630	      3.560	           	      0.000	    571.010	  10732.813	   9708.896	      0.050	      0.046	      0.008	
 2015/03/10	   3.720	   3.750	   3.700	   3.700	         159158	      3.716	      3.721	      3.637	      3.568	           	      0.000	   1591.580	   7970.994	   9083.760	      0.047	      0.046	      0.001	
 2015/03/11	   3.734	   3.768	   3.714	   3.714	        1918154	      3.708	      3.727	      3.644	      3.574	           	      0.000	  19181.539	  11277.319	   9876.119	      0.045	      0.046	     -0.002	
 2015/03/12	   3.714	   3.780	   3.701	   3.772	        1775098	      3.719	      3.732	      3.656	      3.584	           	      0.000	  17750.980	  10103.212	  11009.091	      0.048	      0.046	      0.003	
 2015/03/13	   3.788	   3.811	   3.785	   3.797	        1739736	      3.741	      3.737	      3.674	      3.591	           	      0.000	  17397.359	  11298.494	  11298.717	      0.051	      0.047	      0.008	
 2015/03/16	   3.820	   3.903	   3.797	   3.894	        1178810	      3.775	      3.748	      3.696	      3.601	           	      0.000	  11788.100	  13541.912	  12137.362	      0.061	      0.050	      0.022	
 2015/03/17	   3.900	   3.975	   3.900	   3.964	        3246336	      3.828	      3.772	      3.719	      3.611	           	      0.000	  32463.359	  19716.268	  13843.631	      0.074	      0.055	      0.038	
 2015/03/18	   3.965	   4.045	   3.962	   4.045	        1652085	      3.894	      3.801	      3.744	      3.622	           	      0.000	  16520.850	  19184.129	  15230.725	      0.089	      0.062	      0.055	
 2015/03/19	   4.045	   4.080	   4.010	   4.058	        3771230	      3.952	      3.835	      3.769	      3.632	           	      0.000	  37712.301	  23176.395	  16639.803	      0.102	      0.070	      0.064	
 2015/03/20	   4.048	   4.120	   4.048	   4.110	         813955	      4.014	      3.878	      3.794	      3.643	           	      0.000	   8139.550	  21324.832	  16311.663	      0.114	      0.079	      0.071	
 2015/03/23	   4.112	   4.221	   4.112	   4.221	        3192657	      4.080	      3.928	      3.823	      3.656	           	      0.000	  31926.570	  25352.525	  19447.219	      0.132	      0.089	      0.085	
 2015/03/24	   4.229	   4.269	   4.141	   4.267	       10013807	      4.140	      3.984	      3.853	      3.668	           	      0.000	 100138.070	  38887.469	  29301.867	      0.147	      0.101	      0.093	
 2015/03/25	   4.277	   4.308	   4.208	   4.255	        9093119	      4.182	      4.038	      3.883	      3.681	           	      0.000	  90931.188	  53769.535	  36476.832	      0.157	      0.112	      0.090	
 2015/03/26	   4.254	   4.255	   4.190	   4.210	        4711808	      4.213	      4.082	      3.907	      3.694	           	      0.000	  47118.078	  55650.691	  39413.543	      0.159	      0.122	      0.076	
 2015/03/27	   4.213	   4.260	   4.200	   4.241	        4387572	      4.239	      4.127	      3.932	      3.708	           	      0.000	  43875.719	  62797.926	  42061.379	      0.162	      0.130	      0.064	
 2015/03/30	   4.272	   4.375	   4.272	   4.368	         530260	      4.268	      4.174	      3.961	      3.723	           	      0.000	   5302.600	  57473.133	  41412.828	      0.172	      0.138	      0.068	
 2015/03/31	   4.368	   4.580	   4.299	   4.322	        4075794	      4.279	      4.210	      3.991	      3.735	           	      0.000	  40757.941	  45597.105	  42242.285	      0.174	      0.145	      0.058	
 2015/04/01	   4.247	   4.400	   4.247	   4.379	        1864221	      4.304	      4.243	      4.022	      3.748	           	      0.000	  18642.211	  31139.311	  42454.422	      0.179	      0.152	      0.053	
 2015/04/02	   4.390	   4.414	   4.340	   4.383	        3952011	      4.339	      4.276	      4.055	      3.763	           	      0.000	  39520.109	  29619.717	  42635.203	      0.180	      0.158	      0.045	
 2015/04/03	   4.390	   4.429	   4.330	   4.425	         254034	      4.375	      4.307	      4.092	      3.776	           	      0.000	   2540.340	  21352.641	  42075.281	      0.183	      0.163	      0.041	
 2015/04/07	   4.426	   4.494	   4.425	   4.494	         859996	      4.401	      4.334	      4.131	      3.790	           	      0.000	   8599.960	  22012.113	  39742.621	      0.189	      0.168	      0.041	
 2015/04/08	   4.495	   4.538	   4.300	   4.510	       12017230	      4.438	      4.359	      4.171	      3.803	           	      0.000	 120172.297	  37894.984	  41746.043	      0.192	      0.173	      0.039	
 2015/04/09	   4.430	   4.510	   4.358	   4.453	        6100562	      4.453	      4.378	      4.208	      3.815	           	      0.000	  61005.621	  46367.664	  38753.488	      0.188	      0.176	      0.024	
 2015/04/10	   4.460	   4.552	   4.460	   4.542	        4009592	      4.485	      4.412	      4.247	      3.831	           	      0.000	  40095.922	  46482.828	  38051.273	      0.190	      0.179	      0.022	
 2015/04/13	   4.539	   4.649	   4.515	   4.637	        6642907	      4.527	      4.451	      4.289	      3.848	           	      0.000	  66429.070	  59260.574	  40306.605	      0.197	      0.182	      0.029	
 2015/04/14	   4.637	   4.700	   4.605	   4.683	        9402945	      4.565	      4.483	      4.328	      3.867	           	      0.000	  94029.453	  76346.469	  49179.293	      0.203	      0.186	      0.034	
 2015/04/15	   4.660	   4.693	   4.593	   4.597	        8247882	      4.582	      4.510	      4.360	      3.885	           	      0.000	  82478.820	  68807.781	  53351.379	      0.199	      0.189	      0.021	
 2015/04/16	   4.506	   4.696	   4.500	   4.660	       10422628	      4.624	      4.538	      4.391	      3.903	           	      0.000	 104226.281	  77451.906	  61909.789	      0.199	      0.191	      0.016	
 2015/04/17	   4.548	   4.820	   4.548	   4.772	        1105858	      4.670	      4.577	      4.426	      3.922	           	      0.000	  11058.580	  71644.438	  59063.633	      0.206	      0.194	      0.023	
 2015/04/20	   4.772	   4.886	   4.700	   4.745	       45070176	      4.691	      4.609	      4.458	      3.941	           	      0.000	 450701.750	 148498.984	 103879.773	      0.206	      0.196	      0.020	
 2015/04/21	   4.745	   4.835	   4.737	   4.835	        6709430	      4.722	      4.643	      4.489	      3.966	           	      0.000	  67094.297	 143111.953	 109729.211	      0.211	      0.199	      0.024	
 2015/04/22	   4.900	   4.990	   4.835	   4.969	        4911929	      4.796	      4.689	      4.524	      3.990	           	      0.000	  49119.289	 136440.047	 102623.906	      0.224	      0.204	      0.039	
 2015/04/23	   4.969	   5.010	   4.933	   4.997	       19929178	      4.864	      4.744	      4.561	      4.013	           	      0.000	 199291.781	 155453.141	 116452.523	      0.233	      0.210	      0.046	
 2015/04/24	   4.912	   5.012	   4.895	   5.000	       14725896	      4.909	      4.790	      4.601	      4.035	           	      0.000	 147258.953	 182693.219	 127168.828	      0.238	      0.216	      0.045	
 2015/04/27	   5.010	   5.137	   4.801	   5.135	        2109745	      4.987	      4.839	      4.645	      4.060	           	      0.000	  21097.449	  96772.352	 122635.664	      0.250	      0.223	      0.055	
 2015/04/28	   5.105	   5.136	   5.000	   5.049	       32036672	      5.030	      4.876	      4.679	      4.082	           	      0.000	 320366.719	 147426.844	 145269.391	      0.250	      0.228	      0.043	
 2015/04/29	   4.996	   5.095	   4.990	   5.080	        4773873	      5.052	      4.924	      4.717	      4.105	           	      0.000	  47738.730	 147150.719	 141795.391	      0.249	      0.232	      0.034	
 2015/04/30	   5.100	   5.177	   5.100	   5.104	        6270134	      5.074	      4.969	      4.753	      4.129	           	      0.000	  62701.340	 119832.641	 137642.891	      0.248	      0.235	      0.025	
 2015/05/04	   5.104	   5.180	   5.045	   5.159	       12304524	      5.105	      5.007	      4.792	      4.155	           	      0.000	 123045.242	 114989.898	 148841.563	      0.248	      0.238	      0.020	
 2015/05/05	   5.162	   5.190	   4.781	   4.972	       48020104	      5.073	      5.030	      4.820	      4.178	           	      0.000	 480201.031	 206810.609	 151791.484	      0.231	      0.236	     -0.011	
 2015/05/06	   4.995	   5.024	   4.603	   4.879	       19108624	      5.039	      5.034	      4.839	      4.200	           	      0.000	 191086.234	 180954.516	 164190.672	      0.207	      0.231	     -0.047	
 2015/05/07	   4.860	   4.860	   4.701	   4.730	       57453432	      4.969	      5.010	      4.850	      4.219	           	      0.000	 574534.313	 286313.625	 216732.172	      0.174	      0.219	     -0.090	
 2015/05/08	   4.730	   4.880	   4.730	   4.872	       26929344	      4.922	      4.998	      4.871	      4.241	           	      0.000	 269293.438	 327632.063	 223732.344	      0.158	      0.207	     -0.098	
 2015/05/11	   4.990	   5.066	   4.899	   5.065	        7584452	      4.904	      5.004	      4.897	      4.267	           	      0.000	  75844.523	 318191.906	 216590.906	      0.159	      0.197	     -0.077	
 2015/05/12	   5.100	   5.170	   5.010	   5.158	       38323464	      4.941	      5.007	      4.923	      4.295	           	      0.000	 383234.625	 298798.625	 252804.625	      0.165	      0.191	     -0.052	
 2015/05/13	   5.150	   5.189	   5.100	   5.138	       24909518	      4.993	      5.016	      4.946	      4.323	           	      0.000	 249095.188	 310400.406	 245677.469	      0.166	      0.186	     -0.039	
 2015/05/14	   5.138	   5.150	   5.021	   5.135	       50394712	      5.074	      5.021	      4.973	      4.351	           	      0.000	 503947.125	 296282.969	 291298.313	      0.165	      0.182	     -0.033	
 2015/05/15	   5.109	   5.121	   5.020	   5.063	       30783076	      5.112	      5.017	      4.993	      4.376	           	      0.000	 307830.750	 303990.438	 315811.250	      0.157	      0.177	     -0.040	
 2015/05/18	   5.040	   5.269	   4.980	   5.065	       27108284	      5.112	      5.008	      5.008	      4.401	           	      0.000	 271082.844	 343038.094	 330615.000	      0.149	      0.171	     -0.045	
 2015/05/19	   5.020	   5.200	   5.000	   5.200	       14304468	      5.120	      5.030	      5.030	      4.428	           	      0.000	 143044.688	 295000.125	 296899.375	      0.151	      0.167	     -0.032	
 2015/05/20	   5.298	   5.320	   5.150	   5.235	        2967187	      5.140	      5.066	      5.050	      4.454	           	      0.000	  29671.869	 251115.453	 280757.938	      0.154	      0.165	     -0.021	
 2015/05/21	   5.260	   5.315	   5.225	   5.312	        6061974	      5.175	      5.124	      5.067	      4.481	           	      0.000	  60619.738	 162449.984	 229366.484	      0.161	      0.164	     -0.006	
 2015/05/22	   5.350	   5.450	   5.300	   5.448	       17014242	      5.252	      5.182	      5.090	      4.511	           	      0.000	 170142.422	 134912.313	 219451.375	      0.175	      0.166	      0.019	
 2015/05/25	   5.456	   5.625	   5.440	   5.592	        4421782	      5.357	      5.235	      5.120	      4.542	           	      0.000	  44217.820	  89539.305	 216288.703	      0.196	      0.172	      0.048	
 2015/05/26	   5.612	   5.785	   5.566	   5.737	       27633204	      5.465	      5.293	      5.150	      4.576	           	      0.000	 276332.031	 116196.773	 205598.453	      0.222	      0.182	      0.079	
 2015/05/27	   5.739	   5.800	   5.600	   5.721	       34878368	      5.562	      5.351	      5.183	      4.608	           	      0.000	 348783.688	 180019.141	 215567.297	      0.238	      0.193	      0.089	
 2015/05/28	   5.721	   5.797	   5.400	   5.418	       81411624	      5.583	      5.379	      5.200	      4.636	           	      0.000	 814116.250	 330718.438	 246584.203	      0.224	      0.199	      0.049	
 2015/05/29	   5.300	   5.550	   5.140	   5.350	       78636568	      5.564	      5.408	      5.212	      4.663	           	      0.000	 786365.688	 453963.094	 294437.719	      0.205	      0.201	      0.009	
 2015/06/01	   5.350	   5.800	   5.349	   5.728	       78535248	      5.591	      5.474	      5.241	      4.696	           	      0.000	 785352.500	 602190.000	 345864.656	      0.218	      0.204	      0.028	
 2015/06/02	   5.728	   5.900	   5.600	   5.790	       65816424	      5.601	      5.533	      5.282	      4.731	           	      0.000	 658164.250	 678556.500	 397376.625	      0.230	      0.209	      0.042	
 2015/06/03	   5.750	   5.880	   5.700	   5.807	       59144404	      5.619	      5.590	      5.328	      4.766	           	      0.000	 591444.063	 727088.563	 453553.844	      0.239	      0.215	      0.047	
 2015/06/04	   5.770	   5.890	   5.300	   5.761	       43930628	      5.687	      5.635	      5.380	      4.800	           	      0.000	 439306.281	 652126.563	 491422.500	      0.239	      0.220	      0.038	
 2015/06/05	   5.665	   6.200	   5.665	   5.950	       57344612	      5.807	      5.685	      5.434	      4.838	           	      0.000	 573446.125	 609542.625	 531752.875	      0.252	      0.226	      0.051	
 2015/06/08	   5.950	   6.280	   5.760	   6.133	       57509400	      5.888	      5.740	      5.487	      4.877	           	      0.000	 575094.000	 567490.938	 584840.500	      0.273	      0.236	      0.075	
 2015/06/09	   6.100	   6.100	   5.951	   6.000	       58147644	      5.930	      5.766	      5.529	      4.914	           	      0.000	 581476.438	 552153.375	 615354.938	      0.277	      0.244	      0.065	
 2015/06/10	   5.900	   6.150	   5.800	   6.070	       55448144	      5.983	      5.801	      5.576	      4.950	           	      0.000	 554481.438	 544760.875	 635924.688	      0.281	      0.251	      0.060	
 2015/06/11	   6.040	   6.080	   5.967	   6.026	       58881344	      6.036	      5.861	      5.620	      4.984	           	      0.000	 588813.438	 574662.313	 613394.438	      0.279	      0.257	      0.044	
 2015/06/12	   6.095	   6.125	   6.014	   6.071	       30489996	      6.060	      5.934	      5.671	      5.018	           	      0.000	 304899.969	 520953.063	 565247.875	      0.277	      0.261	      0.032	
 2015/06/15	   6.100	   6.150	   5.852	   5.990	       63026032	      6.031	      5.960	      5.717	      5.050	           	      0.000	 630260.313	 531986.313	 549738.625	      0.266	      0.262	      0.008	
 2015/06/16	   5.980	   5.980	   5.700	   5.750	       56694628	      5.981	      5.956	      5.744	      5.078	           	      0.000	 566946.250	 529080.250	 540616.813	      0.235	      0.256	     -0.043	
 2015/06/17	   5.750	   5.944	   5.512	   5.820	       59371572	      5.931	      5.957	      5.774	      5.104	           	      0.000	 593715.750	 536927.125	 540844.000	      0.214	      0.248	     -0.068	
 2015/06/18	   5.750	   5.931	   5.700	   5.703	       60562640	      5.867	      5.951	      5.793	      5.128	           	      0.000	 605626.375	 540289.750	 557476.000	      0.185	      0.235	     -0.100	
 2015/06/19	   5.586	   5.680	   5.300	   5.310	       61101096	      5.715	      5.887	      5.786	      5.146	           	      0.000	 611010.938	 601511.938	 561232.500	      0.130	      0.214	     -0.169	
 2015/06/23	   5.310	   5.488	   5.000	   5.450	       61188388	      5.607	      5.819	      5.779	      5.166	           	      0.000	 611883.875	 597836.625	 564911.500	      0.096	      0.191	     -0.190	
 2015/06/24	   5.460	   5.590	   5.268	   5.590	       59297308	      5.575	      5.778	      5.772	      5.189	           	      0.000	 592973.063	 603042.000	 566061.125	      0.079	      0.168	     -0.178	
 2015/06/25	   5.590	   5.590	   5.320	   5.405	       61429876	      5.492	      5.712	      5.756	      5.206	           	      0.000	 614298.750	 607158.625	 572042.875	      0.050	      0.145	     -0.188	
 2015/06/26	   5.300	   5.300	   4.886	   4.928	       62607160	      5.337	      5.602	      5.732	      5.216	           	      0.000	 626071.625	 611247.625	 575768.688	     -0.011	      0.114	     -0.248	
 2015/06/29	   5.100	   5.100	   4.521	   4.718	       58697016	      5.218	      5.466	      5.700	      5.222	           	      0.000	 586970.188	 606439.500	 603975.688	     -0.075	      0.076	     -0.302	
 2015/06/30	   4.685	   5.170	   4.408	   5.010	       59071672	      5.130	      5.368	      5.664	      5.232	           	      0.000	 590716.750	 602206.063	 600021.375	     -0.101	      0.040	     -0.284	
 2015/07/01	   4.728	   5.095	   4.728	   4.731	       59587292	      4.958	      5.266	      5.611	      5.238	           	      0.000	 595872.938	 602786.063	 602914.000	     -0.143	      0.004	     -0.294	
 2015/07/02	   4.765	   5.050	   4.400	   4.422	       55508560	      4.762	      5.127	      5.542	      5.236	           	      0.000	 555085.625	 590943.438	 599051.000	     -0.199	     -0.037	     -0.324	
 2015/07/03	   4.350	   4.831	   4.104	   4.195	       56690104	      4.615	      4.976	      5.464	      5.231	           	      0.000	 566901.063	 579109.313	 595178.500	     -0.258	     -0.081	     -0.355	
 2015/07/06	   4.580	   4.615	   4.000	   4.250	       51452340	      4.522	      4.870	      5.379	      5.228	           	      0.000	 514523.406	 564619.938	 585529.750	     -0.298	     -0.124	     -0.346	
 2015/07/07	   4.240	   4.298	   3.825	   3.835	       35529112	      4.287	      4.708	      5.264	      5.216	           	      0.000	 355291.125	 517534.844	 559870.438	     -0.358	     -0.171	     -0.374	
 2015/07/08	   3.452	   3.625	   3.452	   3.452	         474165	      4.031	      4.495	      5.136	      5.196	           	      0.000	   4741.650	 399308.563	 501047.313	     -0.432	     -0.223	     -0.417	
 2015/07/09	   3.370	   3.797	   3.200	   3.797	        2953003	      3.906	      4.334	      5.023	      5.181	           	      0.000	  29530.029	 294197.469	 442570.438	     -0.457	     -0.270	     -0.375	
 2015/07/10	   3.810	   4.177	   3.810	   4.177	        2019430	      3.902	      4.259	      4.930	      5.174	           	      0.000	  20194.301	 184856.109	 381982.719	     -0.442	     -0.304	     -0.275	
 2015/07/13	   4.220	   4.595	   4.220	   4.595	         612241	      3.971	      4.246	      4.856	      5.173	           	      0.000	   6122.410	  83175.906	 323897.938	     -0.391	     -0.322	     -0.139	
 2015/07/14	   4.610	   5.010	   4.500	   4.691	       34494176	      4.142	      4.214	      4.791	      5.172	           	      0.000	 344941.750	  81106.031	 299320.438	     -0.339	     -0.325	     -0.028	
 2015/07/15	   4.500	   4.689	   4.222	   4.222	       22856120	      4.296	      4.164	      4.715	      5.163	           	      0.000	 228561.203	 125869.938	 262589.250	     -0.332	     -0.327	     -0.011	
 2015/07/16	   3.851	   4.290	   3.800	   4.200	       37948276	      4.377	      4.141	      4.634	      5.153	           	      0.000	 379482.750	 195860.484	 245028.969	     -0.325	     -0.326	      0.003	
 2015/07/17	   4.200	   4.579	   4.160	   4.422	       44245420	      4.426	      4.164	      4.570	      5.144	           	      0.000	 442454.188	 280312.469	 232584.281	     -0.298	     -0.321	      0.046	
 2015/07/20	   4.500	   4.500	   4.340	   4.420	       40340296	      4.391	      4.181	      4.525	      5.134	           	      0.000	 403402.969	 359768.563	 221472.234	     -0.273	     -0.311	      0.076	
 2015/07/21	   4.380	   4.536	   4.216	   4.429	       37737136	      4.339	      4.240	      4.474	      5.124	           	      0.000	 377371.375	 366254.500	 223680.266	     -0.250	     -0.299	      0.098	
 2015/07/22	   4.600	   4.600	   4.380	   4.568	       38358136	      4.408	      4.352	      4.423	      5.115	           	      0.000	 383581.375	 397258.531	 261564.234	     -0.218	     -0.283	      0.130	
 2015/07/23	   4.600	   4.673	   4.501	   4.668	       39146312	      4.501	      4.439	      4.386	      5.109	           	      0.000	 391463.125	 399654.594	 297757.531	     -0.182	     -0.263	      0.161	
 2015/07/24	   4.750	   4.784	   4.600	   4.601	       38416824	      4.537	      4.482	      4.370	      5.101	           	      0.000	 384168.250	 387997.406	 334154.938	     -0.158	     -0.242	      0.168	
 2015/07/27	   4.555	   4.600	   4.143	   4.200	       39496248	      4.493	      4.442	      4.344	      5.086	           	      0.000	 394962.469	 386309.313	 373038.938	     -0.169	     -0.227	      0.117	
 2015/07/28	   3.870	   4.320	   3.870	   4.253	       38581792	      4.458	      4.398	      4.306	      5.070	           	      0.000	 385817.906	 387998.625	 377126.563	     -0.171	     -0.216	      0.090	
 2015/07/29	   4.451	   4.451	   4.188	   4.410	       39438448	      4.426	      4.417	      4.290	      5.061	           	      0.000	 394384.469	 390159.250	 393708.875	     -0.158	     -0.204	      0.092	
 2015/07/30	   4.388	   4.520	   4.387	   4.395	       48134192	      4.372	      4.437	      4.289	      5.053	           	      0.000	 481341.906	 408135.000	 403894.813	     -0.148	     -0.193	      0.090	
 2015/07/31	   4.650	   4.650	   4.130	   4.250	         113089	      4.302	      4.419	      4.292	      5.045	           	      0.000	   1130.890	 331527.531	 359762.469	     -0.150	     -0.184	      0.070	
 2015/08/03	   4.010	   4.250	   4.010	   4.122	          73847	      4.286	      4.390	      4.285	      5.033	           	      0.000	    738.470	 252682.734	 319496.031	     -0.159	     -0.179	      0.040	
 2015/08/04	   4.097	   4.310	   4.097	   4.302	          53302	      4.296	      4.377	      4.309	      5.020	           	      0.000	    533.020	 175625.750	 281812.188	     -0.151	     -0.174	      0.045	
 2015/08/05	   4.438	   4.438	   4.215	   4.342	          58530	      4.282	      4.354	      4.353	      5.006	           	      0.000	    585.300	  96865.914	 243512.578	     -0.139	     -0.167	      0.055	
 2015/08/06	   4.289	   4.289	   4.196	   4.265	          19531	      4.256	      4.314	      4.377	      4.992	           	      0.000	    195.310	    636.598	 204385.797	     -0.135	     -0.160	      0.051	
 2015/08/07	   4.265	   4.335	   4.265	   4.308	          77440	      4.268	      4.285	      4.383	      4.978	           	      0.000	    774.400	    565.300	 166046.406	     -0.126	     -0.154	      0.054	
 2015/08/10	   4.308	   4.600	   4.308	   4.575	        1298450	      4.358	      4.322	      4.382	      4.970	           	      0.000	  12984.500	   3014.506	 127848.617	     -0.097	     -0.142	      0.091	
 2015/08/11	   4.501	   4.690	   4.500	   4.648	         652317	      4.428	      4.362	      4.380	      4.963	           	      0.000	   6523.170	   4212.536	  89919.141	     -0.067	     -0.127	      0.120	
 2015/08/12	   4.740	   4.740	   4.509	   4.596	         468700	      4.478	      4.380	      4.399	      4.953	           	      0.000	   4687.000	   5032.876	  50949.398	     -0.047	     -0.111	      0.128	
 2015/08/13	   4.490	   4.650	   4.490	   4.647	          50351	      4.555	      4.405	      4.421	      4.943	           	      0.000	    503.510	   5094.516	   2865.557	     -0.027	     -0.094	      0.135	
 2015/08/14	   4.680	   4.680	   4.601	   4.639	          91573	      4.621	      4.444	      4.432	      4.932	           	      0.000	    915.730	   5122.782	   2844.041	     -0.011	     -0.078	      0.133	
 2015/08/17	   4.910	   4.910	   4.513	   4.719	         213201	      4.650	      4.504	      4.447	      4.920	           	      0.000	   2132.010	   2952.284	   2983.395	      0.008	     -0.061	      0.137	
 2015/08/18	   4.651	   4.720	   4.412	   4.420	         234800	      4.604	      4.516	      4.446	      4.900	           	      0.000	   2348.000	   2117.250	   3164.893	     -0.002	     -0.049	      0.094	
 2015/08/19	   4.354	   4.481	   4.194	   4.474	         298839	      4.580	      4.529	      4.442	      4.879	           	      0.000	   2988.390	   1777.528	   3405.202	     -0.004	     -0.040	      0.071	
 2015/08/20	   4.429	   4.473	   4.360	   4.360	          39200	      4.522	      4.539	      4.426	      4.856	           	      0.000	    392.000	   1755.226	   3424.871	     -0.016	     -0.035	      0.039	
 2015/08/21	   4.340	   4.340	   4.128	   4.128	         178953	      4.420	      4.521	      4.403	      4.835	           	      0.000	   1789.530	   1929.986	   3526.384	     -0.043	     -0.037	     -0.013	
 2015/08/24	   4.400	   4.400	   3.715	   3.715	         154806	      4.219	      4.435	      4.378	      4.808	           	      0.000	   1548.060	   1813.196	   2382.740	     -0.097	     -0.049	     -0.096	
 2015/08/25	   3.392	   3.690	   3.344	   3.344	         279300	      4.004	      4.304	      4.333	      4.768	           	      0.000	   2793.000	   1902.196	   2009.723	     -0.167	     -0.072	     -0.190	
 2015/08/26	   3.444	   3.592	   3.302	   3.420	         173135	      3.793	      4.187	      4.283	      4.728	           	      0.000	   1731.350	   1650.788	   1714.158	     -0.215	     -0.101	     -0.228	
 2015/08/27	   3.420	   3.720	   3.321	   3.547	         204183	      3.631	      4.077	      4.241	      4.691	           	      0.000	   2041.830	   1980.754	   1867.990	     -0.239	     -0.129	     -0.221	
 2015/08/28	   3.555	   3.847	   3.555	   3.748	         114836	      3.555	      3.987	      4.216	      4.657	           	      0.000	   1148.360	   1852.520	   1891.253	     -0.240	     -0.151	     -0.178	
 2015/08/31	   3.980	   3.980	   3.559	   3.860	         334586	      3.584	      3.902	      4.203	      4.622	           	      0.000	   3345.860	   2212.080	   2012.638	     -0.228	     -0.166	     -0.124	
 2015/09/01	   3.858	   3.858	   3.611	   3.650	          45478	      3.645	      3.825	      4.170	      4.581	           	      0.000	    454.780	   1744.436	   1823.316	     -0.234	     -0.180	     -0.108	
 2015/09/02	   3.650	   3.700	   3.500	   3.566	          28500	      3.674	      3.734	      4.131	      4.540	           	      0.000	    285.000	   1455.166	   1552.977	     -0.242	     -0.192	     -0.099	
 2015/09/07	   3.848	   3.850	   3.630	   3.650	          27046	      3.695	      3.663	      4.101	      4.500	           	      0.000	    270.460	   1100.892	   1540.823	     -0.239	     -0.202	     -0.075	
 2015/09/08	   3.655	   3.790	   3.550	   3.695	          19200	      3.684	      3.619	      4.070	      4.461	           	      0.000	    192.000	    909.620	   1381.070	     -0.230	     -0.207	     -0.046	
 2015/09/09	   3.695	   3.795	   3.695	   3.790	          48333	      3.670	      3.627	      4.031	      4.423	           	      0.000	    483.330	    337.114	   1274.597	     -0.213	     -0.208	     -0.009	
 2015/09/10	   3.716	   3.783	   3.708	   3.728	          13600	      3.686	      3.665	      3.985	      4.385	           	      0.000	    136.000	    273.358	   1008.897	     -0.202	     -0.207	      0.010	
 2015/09/11	   3.810	   3.810	   3.676	   3.696	          10100	      3.712	      3.693	      3.940	      4.351	           	      0.000	    101.000	    236.558	    845.862	     -0.194	     -0.205	      0.021	
 2015/09/14	   3.698	   3.707	   3.539	   3.606	         139217	      3.703	      3.699	      3.888	      4.314	           	      0.000	   1392.170	    460.900	    780.896	     -0.193	     -0.202	      0.019	
 2015/09/15	   3.595	   3.595	   3.438	   3.438	          26400	      3.652	      3.668	      3.828	      4.277	           	      0.000	    264.000	    475.300	    692.460	     -0.203	     -0.202	     -0.001	
 2015/09/16	   3.438	   3.660	   3.374	   3.592	          48109	      3.612	      3.641	      3.771	      4.248	           	      0.000	    481.090	    474.852	    405.983	     -0.196	     -0.201	      0.010	
 2015/09/17	   3.577	   3.686	   3.447	   3.510	          85446	      3.568	      3.627	      3.726	      4.216	           	      0.000	    854.460	    618.544	    445.951	     -0.195	     -0.200	      0.010	
 2015/09/18	   3.527	   3.581	   3.520	   3.556	          33468	      3.540	      3.626	      3.680	      4.182	           	      0.000	    334.680	    665.280	    450.919	     -0.188	     -0.198	      0.018	
 2015/09/21	   3.544	   3.616	   3.544	   3.616	          87102	      3.542	      3.623	      3.643	      4.152	           	      0.000	    871.020	    561.050	    510.975	     -0.176	     -0.193	      0.034	
 2015/09/22	   3.616	   3.780	   3.508	   3.647	          54148	      3.584	      3.618	      3.619	      4.130	           	      0.000	    541.480	    616.546	    545.923	     -0.162	     -0.187	      0.050	
 2015/09/23	   3.460	   3.618	   3.460	   3.565	         126300	      3.579	      3.595	      3.611	      4.111	           	      0.000	   1263.000	    772.928	    623.890	     -0.156	     -0.181	      0.050	
 2015/09/24	   3.644	   3.688	   3.587	   3.600	          21510	      3.597	      3.583	      3.624	      4.088	           	      0.000	    215.100	    645.056	    631.800	     -0.146	     -0.174	      0.055	
 2015/09/25	   3.593	   3.595	   3.500	   3.550	          65700	      3.596	      3.568	      3.631	      4.068	           	      0.000	    657.000	    709.520	    687.400	     -0.141	     -0.167	      0.052	
 2015/09/28	   3.499	   3.544	   3.499	   3.543	           8700	      3.581	      3.562	      3.630	      4.053	           	      0.000	     87.000	    552.716	    556.883	     -0.136	     -0.161	      0.050	
 2015/09/29	   3.525	   3.542	   3.460	   3.511	           3600	      3.554	      3.569	      3.618	      4.042	           	      0.000	     36.000	    451.620	    534.083	     -0.133	     -0.156	      0.045	
 2015/09/30	   3.474	   3.520	   3.460	   3.498	          13900	      3.540	      3.560	      3.600	      4.030	           	      0.000	    139.000	    226.820	    499.874	     -0.131	     -0.151	      0.040	
 2015/10/08	   3.798	   3.798	   3.626	   3.640	          76000	      3.548	      3.573	      3.600	      4.026	           	      0.000	    760.000	    335.800	    490.428	     -0.116	     -0.144	      0.056	
 2015/10/09	   3.633	   3.667	   3.633	   3.667	          15000	      3.572	      3.584	      3.605	      4.030	           	      0.000	    150.000	    234.400	    471.960	     -0.100	     -0.135	      0.069	
 2015/10/12	   3.688	   3.832	   3.688	   3.781	          46000	      3.619	      3.600	      3.611	      4.030	           	      0.000	    460.000	    309.000	    430.858	     -0.078	     -0.124	      0.091	
 2015/10/13	   3.781	   3.800	   3.700	   3.786	         179300	      3.674	      3.614	      3.616	      4.023	           	      0.000	   1793.000	    660.400	    556.010	     -0.059	     -0.111	      0.103	
 2015/10/14	   3.803	   3.803	   3.786	   3.794	          78400	      3.734	      3.637	      3.616	      4.010	           	      0.000	    784.000	    789.400	    508.110	     -0.044	     -0.097	      0.108	
 2015/10/15	   3.800	   3.836	   3.800	   3.836	         172539	      3.773	      3.661	      3.622	      3.995	           	      0.000	   1725.390	    982.478	    659.139	     -0.027	     -0.083	      0.112	
 2015/10/16	   3.830	   3.940	   3.790	   3.940	         161728	      3.827	      3.700	      3.634	      3.991	           	      0.000	   1617.280	   1275.934	    755.167	     -0.006	     -0.068	      0.124	
 2015/10/19	   3.914	   3.950	   3.899	   3.914	         256139	      3.854	      3.737	      3.649	      3.986	           	      0.000	   2561.390	   1696.212	   1002.606	      0.009	     -0.052	      0.123	
 2015/10/20	   3.945	   3.945	   3.911	   3.945	          19200	      3.886	      3.780	      3.675	      3.978	           	      0.000	    192.000	   1376.012	   1018.206	      0.023	     -0.037	      0.121	
 2015/10/21	   3.966	   3.988	   3.797	   3.800	          57000	      3.887	      3.810	      3.685	      3.968	           	      0.000	    570.000	   1333.212	   1061.306	      0.022	     -0.026	      0.095	
 2015/10/22	   3.800	   3.857	   3.800	   3.856	          57800	      3.891	      3.832	      3.702	      3.958	           	      0.000	    578.000	   1103.734	   1043.106	      0.025	     -0.015	      0.082	
 2015/10/23	   3.911	   4.188	   3.892	   3.935	         757400	      3.890	      3.859	      3.721	      3.948	           	      0.000	   7574.000	   2295.078	   1785.506	      0.034	     -0.005	      0.079	
 2015/10/26	   4.000	   4.179	   3.960	   3.963	          51700	      3.900	      3.877	      3.739	      3.936	           	      0.000	    517.000	   1886.200	   1791.206	      0.043	      0.004	      0.077	
 2015/10/27	   3.921	   4.012	   3.851	   4.012	          26300	      3.913	      3.899	      3.757	      3.926	           	      0.000	    263.000	   1900.400	   1638.206	      0.053	      0.014	      0.078	
 2015/10/28	   3.852	   3.995	   3.852	   3.913	          34000	      3.936	      3.911	      3.774	      3.921	           	      0.000	    340.000	   1854.400	   1593.806	      0.053	      0.022	      0.062	
 2015/10/29	   3.911	   3.927	   3.871	   3.900	          66654	      3.945	      3.918	      3.789	      3.915	           	      0.000	    666.540	   1872.108	   1487.921	      0.051	      0.028	      0.046	
 2015/10/30	   3.891	   3.900	   3.888	   3.900	          24500	      3.938	      3.914	      3.807	      3.907	           	      0.000	    245.000	    406.308	   1350.693	      0.049	      0.032	      0.034	
 2015/11/02	   3.890	   3.890	   3.798	   3.800	         140519	      3.905	      3.902	      3.820	      3.897	           	      0.000	   1405.190	    583.946	   1235.073	      0.038	      0.033	      0.010	
 2015/11/03	   3.820	   3.857	   3.800	   3.850	          45739	      3.873	      3.893	      3.836	      3.890	           	      0.000	    457.390	    622.824	   1261.612	      0.034	      0.033	      0.001	
 2015/11/04	   3.894	   3.992	   3.860	   3.990	         124800	      3.888	      3.912	      3.861	      3.888	           	      0.000	   1248.000	    804.424	   1329.412	      0.041	      0.035	      0.013	
 2015/11/05	   3.898	   4.151	   3.893	   4.079	         135638	      3.924	      3.934	      3.883	      3.884	           	      0.000	   1356.380	    942.392	   1407.250	      0.053	      0.039	      0.030	
 2015/11/06	   4.009	   4.143	   4.009	   4.143	         190425	      3.972	      3.955	      3.907	      3.881	           	      0.000	   1904.250	   1274.242	    840.275	      0.068	      0.044	      0.047	
 2015/11/09	   4.101	   4.228	   4.101	   4.180	         615961	      4.048	      3.977	      3.927	      3.880	           	      0.000	   6159.610	   2225.126	   1404.536	      0.081	      0.052	      0.059	
 2015/11/10	   4.152	   4.194	   4.150	   4.180	          33500	      4.114	      3.993	      3.947	      3.878	           	      0.000	    335.000	   2200.648	   1411.736	      0.090	      0.059	      0.062	
 2015/11/11	   4.195	   4.195	   4.124	   4.168	         104454	      4.150	      4.019	      3.965	      3.871	           	      0.000	   1044.540	   2159.956	   1482.190	      0.096	      0.067	      0.058	
 2015/11/12	   4.180	   4.281	   4.146	   4.172	          25700	      4.169	      4.046	      3.982	      3.863	           	      0.000	    257.000	   1940.080	   1441.236	      0.099	      0.073	      0.052	
 2015/11/13	   4.166	   4.200	   4.074	   4.141	          40597	      4.168	      4.070	      3.992	      3.855	           	      0.000	    405.970	   1640.424	   1457.333	      0.098	      0.078	      0.040	
 2015/11/16	   4.109	   4.124	   4.066	   4.124	          42538	      4.157	      4.103	      4.003	      3.846	           	      0.000	    425.380	    493.578	   1359.352	      0.095	      0.082	      0.027	
 2015/11/17	   4.200	   4.210	   4.045	   4.126	         178207	      4.146	      4.130	      4.012	      3.838	           	      0.000	   1782.070	    782.992	   1491.820	      0.092	      0.084	      0.016	
 2015/11/18	   4.126	   4.126	   4.109	   4.109	         107300	      4.134	      4.142	      4.027	      3.828	           	      0.000	   1073.000	    788.684	   1474.320	      0.087	      0.084	      0.005	
 2015/11/19	   4.065	   4.108	   4.065	   4.108	          50056	      4.122	      4.145	      4.040	      3.823	           	      0.000	    500.560	    837.396	   1388.738	      0.082	      0.084	     -0.004	
 2015/11/20	   4.056	   4.161	   4.056	   4.123	          32773	      4.118	      4.143	      4.049	      3.817	           	      0.000	    327.730	    821.748	   1231.086	      0.078	      0.083	     -0.009	
 2015/11/23	   4.050	   4.169	   4.050	   4.140	          19457	      4.121	      4.139	      4.058	      3.813	           	      0.000	    194.570	    775.586	    634.582	      0.076	      0.081	     -0.011	
 2015/11/24	   4.086	   4.117	   4.040	   4.090	         743219	      4.114	      4.130	      4.062	      3.812	           	      0.000	   7432.190	   1905.610	   1344.301	      0.069	      0.079	     -0.020	
 2015/11/25	   4.135	   4.145	   4.093	   4.128	        1568402	      4.118	      4.126	      4.073	      3.819	           	      0.000	  15684.020	   4827.814	   2808.249	      0.066	      0.076	     -0.021	
 2015/11/26	   4.135	   4.164	   4.045	   4.107	         957959	      4.118	      4.120	      4.083	      3.832	           	      0.000	   9579.590	   6643.620	   3740.508	      0.061	      0.073	     -0.024	
 2015/11/27	   4.080	   4.085	   3.848	   3.897	         453787	      4.072	      4.095	      4.083	      3.840	           	      0.000	   4537.870	   7485.648	   4153.698	      0.040	      0.067	     -0.053	
 2015/11/30	   3.888	   3.933	   3.780	   3.880	         315010	      4.020	      4.071	      4.087	      3.846	           	      0.000	   3150.100	   8076.754	   4426.170	      0.021	      0.058	     -0.072	
 2015/12/01	   3.872	   3.920	   3.872	   3.911	        1049998	      3.985	      4.049	      4.090	      3.848	           	      0.000	  10499.980	   8690.313	   5297.961	      0.009	      0.048	     -0.077	
 2015/12/02	   3.911	   4.002	   3.911	   4.000	          98900	      3.959	      4.038	      4.090	      3.851	           	      0.000	    989.000	   5751.308	   5289.561	      0.007	      0.040	     -0.066	
 2015/12/03	   4.015	   4.120	   4.015	   4.031	          10500	      3.944	      4.031	      4.088	      3.857	           	      0.000	    105.000	   3856.390	   5250.005	      0.007	      0.033	     -0.052	
 2015/12/04	   3.915	   4.042	   3.915	   4.020	         108429	      3.968	      4.020	      4.082	      3.865	           	      0.000	   1084.290	   3165.674	   5325.661	      0.006	      0.028	     -0.043	
 2015/12/07	   4.019	   4.042	   3.970	   3.994	         120097	      3.991	      4.006	      4.072	      3.870	           	      0.000	   1200.970	   2775.848	   5426.301	      0.004	      0.023	     -0.038	
 2015/12/08	   3.983	   3.983	   3.925	   3.925	          57000	      3.994	      3.989	      4.060	      3.874	           	      0.000	    570.000	    789.852	   4740.082	     -0.004	      0.018	     -0.043	
 2015/12/09	   3.952	   3.952	   3.928	   3.942	           8937	      3.982	      3.971	      4.048	      3.877	           	      0.000	     89.370	    609.926	   3180.617	     -0.008	      0.012	     -0.042	
 2015/12/10	   3.987	   3.987	   3.937	   3.939	          10400	      3.964	      3.954	      4.037	      3.880	           	      0.000	    104.000	    609.726	   2233.058	     -0.012	      0.007	     -0.039	
 2015/12/11	   3.803	   3.936	   3.803	   3.936	          24895	      3.947	      3.958	      4.027	      3.884	           	      0.000	    248.950	    442.658	   1804.166	     -0.015	      0.003	     -0.036	
 2015/12/14	   3.960	   4.000	   3.924	   3.988	          28000	      3.946	      3.969	      4.020	      3.890	           	      0.000	    280.000	    258.464	   1517.156	     -0.013	     -0.000	     -0.026	
 2015/12/15	   4.013	   4.013	   4.013	   4.013	           2500	      3.964	      3.979	      4.014	      3.900	           	      0.000	     25.000	    149.464	    469.658	     -0.010	     -0.002	     -0.015	
 2015/12/16	   4.006	   4.035	   4.004	   4.019	          12839	      3.979	      3.981	      4.010	      3.907	           	      0.000	    128.390	    157.268	    383.597	     -0.006	     -0.003	     -0.006	
 2015/12/17	   4.037	   4.099	   4.001	   4.075	          36097	      4.006	      3.985	      4.008	      3.917	           	      0.000	    360.970	    208.662	    409.194	      0.001	     -0.002	      0.007	
 2015/12/18	   4.075	   4.094	   4.058	   4.090	          59644	      4.037	      3.992	      4.006	      3.925	           	      0.000	    596.440	    278.160	    360.409	      0.008	     -0.000	      0.016	
 2015/12/21	   4.116	   4.170	   4.112	   4.170	         211811	      4.073	      4.010	      4.008	      3.935	           	      0.000	   2118.110	    645.782	    452.123	      0.020	      0.004	      0.032	
 2015/12/22	   4.170	   4.170	   4.129	   4.164	           8700	      4.104	      4.034	      4.011	      3.943	           	      0.000	     87.000	    658.182	    403.823	      0.028	      0.009	      0.039	
 2015/12/23	   4.150	   4.200	   4.088	   4.192	         524600	      4.138	      4.059	      4.015	      3.954	           	      0.000	   5246.000	   1681.704	    919.486	      0.037	      0.014	      0.045	
 2015/12/24	   4.153	   4.153	   4.070	   4.130	          71500	      4.149	      4.078	      4.016	      3.963	           	      0.000	    715.000	   1752.510	    980.586	      0.038	      0.019	      0.038	
 2015/12/25	   4.130	   4.139	   4.115	   4.134	          27675	      4.158	      4.097	      4.028	      3.972	           	      0.000	    276.750	   1688.572	    983.366	      0.039	      0.023	      0.032	
 2015/12/28	   4.140	   4.140	   4.051	   4.110	          33397	      4.146	      4.110	      4.039	      3.982	           	      0.000	    333.970	   1331.744	    988.763	      0.037	      0.026	      0.023	
 2015/12/29	   4.043	   4.043	   4.003	   4.014	         166900	      4.116	      4.110	      4.044	      3.990	           	      0.000	   1669.000	   1648.144	   1153.163	      0.028	      0.026	      0.003	
 2015/12/30	   4.028	   4.039	   4.006	   4.033	         583588	      4.084	      4.111	      4.046	      3.999	           	      0.000	   5835.880	   1766.120	   1723.912	      0.022	      0.025	     -0.007	
 2015/12/31	   4.060	   4.060	   4.020	   4.020	          14900	      4.062	      4.106	      4.045	      4.005	           	      0.000	    149.000	   1652.920	   1702.715	      0.016	      0.023	     -0.016	
 2016/01/04	   3.860	   3.880	   3.810	   3.810	          31200	      3.997	      4.078	      4.035	      4.008	           	      0.000	    312.000	   1659.970	   1674.271	     -0.006	      0.017	     -0.047	
 2016/01/05	   3.752	   3.758	   3.600	   3.665	         107546	      3.908	      4.027	      4.018	      4.006	           	      0.000	   1075.460	   1808.268	   1570.006	     -0.035	      0.007	     -0.083	
 2016/01/06	   3.729	   3.778	   3.724	   3.778	          11100	      3.861	      3.989	      4.011	      4.006	           	      0.000	    111.000	   1496.668	   1572.406	     -0.048	     -0.004	     -0.087	
 2016/01/07	   3.595	   3.595	   3.595	   3.595	           2000	      3.774	      3.929	      3.994	      4.002	           	      0.000	     20.000	    333.492	   1049.806	     -0.072	     -0.017	     -0.109	
 2016/01/08	   3.576	   3.622	   3.442	   3.600	          36700	      3.690	      3.876	      3.977	      3.999	           	      0.000	    367.000	    377.092	   1015.006	     -0.089	     -0.032	     -0.115	
 2016/01/11	   3.560	   3.560	   3.390	   3.390	          81400	      3.606	      3.802	      3.950	      3.989	           	      0.000	    814.000	    477.492	   1068.731	     -0.119	     -0.049	     -0.140	
 2016/01/12	   3.427	   3.427	   3.370	   3.391	          20687	      3.551	      3.730	      3.920	      3.981	           	      0.000	    206.870	    303.774	   1056.021	     -0.141	     -0.068	     -0.146	
 2016/01/13	   3.430	   3.430	   3.350	   3.350	          30000	      3.465	      3.663	      3.886	      3.971	           	      0.000	    300.000	    341.574	    919.121	     -0.160	     -0.086	     -0.147	
 2016/01/14	   3.252	   3.390	   3.252	   3.380	          56599	      3.422	      3.598	      3.855	      3.964	           	      0.000	    565.990	    450.772	    392.132	     -0.170	     -0.103	     -0.134	
 2016/01/15	   3.349	   3.349	   3.250	   3.250	           7057	      3.352	      3.521	      3.813	      3.954	           	      0.000	     70.570	    391.486	    384.289	     -0.187	     -0.120	     -0.134	
 2016/01/18	   3.250	   3.322	   3.250	   3.285	          50200	      3.331	      3.468	      3.773	      3.943	           	      0.000	    502.000	    329.086	    403.289	     -0.195	     -0.135	     -0.120	
 2016/01/19	   3.285	   3.395	   3.285	   3.389	           7200	      3.331	      3.441	      3.734	      3.933	           	      0.000	     72.000	    302.112	    302.943	     -0.191	     -0.146	     -0.090	
 2016/01/20	   3.361	   3.370	   3.361	   3.361	          22200	      3.333	      3.399	      3.694	      3.922	           	      0.000	    222.000	    286.512	    314.043	     -0.187	     -0.154	     -0.067	
 2016/01/21	   3.300	   3.300	   3.256	   3.256	           2000	      3.308	      3.365	      3.647	      3.911	           	      0.000	     20.000	    177.314	    314.043	     -0.191	     -0.162	     -0.059	
 2016/01/22	   3.258	   3.258	   3.205	   3.257	          13874	      3.310	      3.331	      3.603	      3.901	           	      0.000	    138.740	    190.948	    291.217	     -0.192	     -0.168	     -0.048	
 2016/01/25	   3.274	   3.304	   3.274	   3.280	         416300	      3.309	      3.320	      3.561	      3.890	           	      0.000	   4163.000	    923.148	    626.117	     -0.188	     -0.172	     -0.033	
 2016/01/26	   3.226	   3.262	   3.066	   3.066	          11000	      3.244	      3.287	      3.509	      3.878	           	      0.000	    110.000	    930.748	    616.430	     -0.200	     -0.177	     -0.046	
 2016/01/27	   3.090	   3.090	   2.916	   2.953	          74594	      3.162	      3.248	      3.455	      3.863	           	      0.000	    745.940	   1035.536	    661.024	     -0.217	     -0.185	     -0.063	
 2016/01/28	   3.022	   3.024	   2.988	   2.988	          48025	      3.109	      3.208	      3.403	      3.846	           	      0.000	    480.250	   1127.586	    652.450	     -0.224	     -0.193	     -0.062	
 2016/01/29	   2.961	   3.088	   2.938	   3.030	          21600	      3.063	      3.187	      3.354	      3.829	           	      0.000	    216.000	   1143.038	    666.993	     -0.224	     -0.199	     -0.050	
 2016/02/01	   3.005	   3.030	   2.972	   2.973	          10300	      3.002	      3.155	      3.312	      3.809	           	      0.000	    103.000	    331.038	    627.093	     -0.226	     -0.205	     -0.043	
 2016/02/02	   3.022	   3.046	   3.022	   3.042	          13383	      2.997	      3.121	      3.281	      3.791	           	      0.000	    133.830	    335.804	    633.276	     -0.220	     -0.208	     -0.024	
 2016/02/03	   3.012	   3.028	   3.000	   3.028	          25327	      3.012	      3.087	      3.243	      3.771	           	      0.000	    253.270	    237.270	    636.403	     -0.213	     -0.209	     -0.009	
 2016/02/04	   3.058	   3.113	   3.058	   3.110	          39700	      3.037	      3.073	      3.219	      3.754	           	      0.000	    397.000	    220.620	    674.103	     -0.199	     -0.207	      0.016	
 2016/02/05	   3.087	   3.103	   3.081	   3.081	          16400	      3.047	      3.055	      3.193	      3.736	           	      0.000	    164.000	    210.220	    676.629	     -0.188	     -0.203	      0.030	
 2016/02/15	   3.008	   3.068	   3.002	   3.068	          61658	      3.066	      3.034	      3.177	      3.718	           	      0.000	    616.580	    312.936	    321.987	     -0.178	     -0.198	      0.040	
 2016/02/16	   3.106	   3.162	   3.106	   3.162	          23600	      3.090	      3.043	      3.165	      3.702	           	      0.000	    236.000	    333.370	    334.587	     -0.161	     -0.191	      0.059	
 2016/02/17	   3.187	   3.192	   3.167	   3.184	          13400	      3.121	      3.067	      3.157	      3.686	           	      0.000	    134.000	    309.516	    273.393	     -0.144	     -0.181	      0.074	
 2016/02/18	   3.234	   3.234	   3.178	   3.178	           9200	      3.135	      3.086	      3.147	      3.670	           	      0.000	     92.000	    248.516	    234.568	     -0.130	     -0.171	      0.083	
 2016/02/19	   3.178	   3.178	   3.178	   3.178	              0	      3.154	      3.100	      3.143	      3.655	           	      0.000	      0.000	    215.716	    212.968	     -0.117	     -0.160	      0.087	
 2016/02/22	   3.212	   3.250	   3.210	   3.250	          30300	      3.190	      3.128	      3.142	      3.640	           	      0.000	    303.000	    153.000	    232.968	     -0.100	     -0.148	      0.097	
 2016/02/23	   3.212	   3.212	   3.212	   3.212	           1400	      3.200	      3.145	      3.133	      3.625	           	      0.000	     14.000	    108.600	    220.985	     -0.088	     -0.136	      0.096	
 2016/02/24	   3.215	   3.252	   3.212	   3.252	          57000	      3.214	      3.168	      3.127	      3.611	           	      0.000	    570.000	    195.800	    252.658	     -0.075	     -0.124	      0.098	
 2016/02/25	   3.235	   3.235	   3.066	   3.066	          44191	      3.192	      3.163	      3.118	      3.593	           	      0.000	    441.910	    265.782	    257.149	     -0.079	     -0.115	      0.073	
 2016/02/26	   3.086	   3.172	   3.045	   3.045	          12000	      3.165	      3.160	      3.107	      3.576	           	      0.000	    120.000	    289.782	    252.749	     -0.082	     -0.108	      0.052	
 2016/02/29	   3.012	   3.012	   2.916	   2.957	          20000	      3.106	      3.148	      3.091	      3.560	           	      0.000	    200.000	    269.182	    211.091	     -0.091	     -0.105	      0.028	
 2016/03/01	   2.956	   3.021	   2.956	   3.021	          13600	      3.068	      3.134	      3.089	      3.546	           	      0.000	    136.000	    293.582	    201.091	     -0.092	     -0.102	      0.021	
 2016/03/02	   3.060	   3.160	   3.060	   3.160	          21800	      3.050	      3.132	      3.099	      3.533	           	      0.000	    218.000	    223.182	    209.491	     -0.080	     -0.098	      0.035	
 2016/03/03	   3.198	   3.198	   3.163	   3.192	           7300	      3.075	      3.133	      3.109	      3.520	           	      0.000	     73.000	    149.400	    207.591	     -0.068	     -0.092	      0.048	
 2016/03/04	   3.190	   3.190	   3.168	   3.168	           3500	      3.100	      3.132	      3.116	      3.505	           	      0.000	     35.000	    132.400	    211.091	     -0.059	     -0.085	      0.052	
 2016/03/07	   3.198	   3.218	   3.128	   3.210	         620747	      3.150	      3.128	      3.128	      3.492	           	      0.000	   6207.470	   1333.894	    801.538	     -0.049	     -0.078	      0.059	
 2016/03/08	   3.118	   3.120	   3.099	   3.120	           7200	      3.170	      3.119	      3.132	      3.477	           	      0.000	     72.000	   1321.094	    807.338	     -0.047	     -0.072	      0.050	
 2016/03/09	   3.140	   3.140	   3.012	   3.012	           8197	      3.140	      3.095	      3.131	      3.462	           	      0.000	     81.970	   1293.888	    758.535	     -0.053	     -0.068	      0.029	
 2016/03/10	   3.098	   3.141	   3.089	   3.089	          27297	      3.120	      3.097	      3.130	      3.448	           	      0.000	    272.970	   1333.882	    741.641	     -0.052	     -0.065	      0.026	
 2016/03/11	   3.061	   3.072	   3.061	   3.061	          13197	      3.098	      3.099	      3.129	      3.433	           	      0.000	    131.970	   1353.276	    742.838	     -0.052	     -0.062	      0.020	
 2016/03/14	   3.181	   3.181	   3.157	   3.157	           5200	      3.088	      3.119	      3.134	      3.420	           	      0.000	     52.000	    122.182	    728.038	     -0.044	     -0.059	      0.029	
 2016/03/15	   3.157	   3.157	   3.157	   3.157	              0	      3.095	      3.133	      3.133	      3.406	           	      0.000	      0.000	    107.782	    714.438	     -0.038	     -0.055	      0.034	
 2016/03/16	   3.150	   3.158	   3.138	   3.150	          42959	      3.123	      3.132	      3.132	      3.392	           	      0.000	    429.590	    177.306	    735.597	     -0.033	     -0.050	      0.035	
 2016/03/17	   3.170	   3.218	   3.145	   3.218	         407418	      3.149	      3.134	      3.134	      3.378	           	      0.000	   4074.180	    937.548	   1135.715	     -0.023	     -0.045	      0.044	
 2016/03/18	   3.284	   3.291	   3.278	   3.278	          34984	      3.192	      3.145	      3.139	      3.365	           	      0.000	    349.840	    981.122	   1167.199	     -0.010	     -0.038	      0.055	
 2016/03/21	   3.312	   3.359	   3.312	   3.350	          41601	      3.231	      3.159	      3.144	      3.353	           	      0.000	    416.010	   1053.924	    588.053	      0.006	     -0.029	      0.070	
 2016/03/22	   3.339	   3.350	   3.335	   3.339	          22495	      3.267	      3.181	      3.150	      3.339	           	      0.000	    224.950	   1098.914	    603.348	      0.017	     -0.020	      0.074	
 2016/03/23	   3.328	   3.350	   3.306	   3.350	         650295	      3.307	      3.215	      3.155	      3.325	           	      0.000	   6502.950	   2313.586	   1245.446	      0.027	     -0.010	      0.075	
 2016/03/24	   3.330	   3.330	   3.310	   3.310	          17386	      3.325	      3.237	      3.167	      3.311	           	      0.000	    173.860	   1533.522	   1235.535	      0.031	     -0.002	      0.066	
 2016/03/25	   3.275	   3.298	   3.275	   3.297	           8461	      3.329	      3.261	      3.180	      3.297	           	      0.000	     84.610	   1480.476	   1230.799	      0.033	      0.005	      0.056	
 2016/03/28	   3.310	   3.357	   3.305	   3.305	          28987	      3.320	      3.275	      3.197	      3.283	           	      0.000	    289.870	   1455.248	   1254.586	      0.034	      0.011	      0.047	
 2016/03/29	   3.233	   3.246	   3.222	   3.234	          18200	      3.299	      3.283	      3.208	      3.268	           	      0.000	    182.000	   1446.658	   1272.786	      0.030	      0.015	      0.030	
 2016/03/30	   3.291	   3.312	   3.290	   3.312	          46731	      3.292	      3.299	      3.215	      3.257	           	      0.000	    467.310	    239.530	   1276.558	      0.032	      0.018	      0.028	
 2016/03/31	   3.345	   3.356	   3.345	   3.345	          32500	      3.299	      3.312	      3.223	      3.245	           	      0.000	    325.000	    269.758	    901.640	      0.036	      0.022	      0.029	
 2016/04/01	   3.312	   3.312	   3.296	   3.296	           5100	      3.298	      3.314	      3.230	      3.233	           	      0.000	     51.000	    263.036	    871.756	      0.035	      0.024	      0.021	
 2016/04/05	   3.343	   3.400	   3.343	   3.400	          64250	      3.317	      3.319	      3.239	      3.226	           	      0.000	    642.500	    333.562	    894.405	      0.042	      0.028	      0.028	
 2016/04/06	   3.400	   3.400	   3.400	   3.400	              0	      3.351	      3.325	      3.253	      3.222	           	      0.000	      0.000	    297.162	    871.910	      0.047	      0.031	      0.030	
 2016/04/07	   3.372	   3.386	   3.356	   3.386	         601700	      3.365	      3.329	      3.272	      3.215	           	      0.000	   6017.000	   1407.100	    823.315	      0.049	      0.035	      0.028	
 2016/04/08	   3.328	   3.328	   3.300	   3.304	          15700	      3.357	      3.328	      3.282	      3.211	           	      0.000	    157.000	   1373.500	    821.629	      0.043	      0.037	      0.014	
 2016/04/11	   3.363	   3.389	   3.356	   3.389	          19621	      3.376	      3.337	      3.299	      3.207	           	      0.000	    196.210	   1402.542	    832.789	      0.046	      0.038	      0.014	
 2016/04/12	   3.338	   3.338	   3.338	   3.338	           2000	      3.363	      3.340	      3.308	      3.206	           	      0.000	     20.000	   1278.042	    805.802	      0.043	      0.039	      0.007	
 2016/04/13	   3.403	   3.430	   3.402	   3.402	          70239	      3.364	      3.357	      3.320	      3.206	           	      0.000	    702.390	   1418.520	    857.841	      0.045	      0.040	      0.009	
 2016/04/14	   3.400	   3.425	   3.400	   3.408	          14857	      3.368	      3.367	      3.333	      3.207	           	      0.000	    148.570	    244.834	    825.967	      0.047	      0.042	      0.010	
 2016/04/15	   3.404	   3.424	   3.398	   3.424	          33018	      3.392	      3.375	      3.343	      3.208	           	      0.000	    330.180	    279.470	    826.485	      0.049	      0.043	      0.012	
 2016/04/18	   3.380	   3.420	   3.206	   3.377	           2218	      3.390	      3.383	      3.348	      3.210	           	      0.000	     22.180	    244.664	    823.603	      0.046	      0.044	      0.005	
 2016/04/19	   3.340	   3.392	   3.340	   3.365	          12218	      3.395	      3.379	      3.349	      3.211	           	      0.000	    122.180	    265.100	    771.571	      0.043	      0.044	     -0.002	
 2016/04/20	   3.374	   3.374	   3.211	   3.290	          34300	      3.373	      3.368	      3.347	      3.210	           	      0.000	    343.000	    193.222	    805.871	      0.033	      0.042	     -0.016	
 2016/04/21	   3.268	   3.307	   3.265	   3.274	         524200	      3.346	      3.357	      3.343	      3.208	           	      0.000	   5242.000	   1211.908	    728.371	      0.025	      0.038	     -0.027	
 2016/04/22	   3.227	   3.262	   3.227	   3.262	          16000	      3.314	      3.353	      3.340	      3.208	           	      0.000	    160.000	   1177.872	    728.671	      0.016	      0.034	     -0.035	
 2016/04/25	   3.240	   3.240	   3.240	   3.240	           5100	      3.286	      3.338	      3.338	      3.208	           	      0.000	     51.000	   1183.636	    714.150	      0.008	      0.029	     -0.041	
 2016/04/26	   3.250	   3.250	   3.221	   3.250	          72289	      3.263	      3.329	      3.335	      3.208	           	      0.000	    722.890	   1303.778	    784.439	      0.002	      0.023	     -0.042	
 2016/04/27	   3.252	   3.252	   3.252	   3.252	          13300	      3.256	      3.314	      3.336	      3.211	           	      0.000	    133.000	   1261.778	    727.500	     -0.002	      0.018	     -0.041	
 2016/04/28	   3.214	   3.216	   3.210	   3.216	          23500	      3.244	      3.295	      3.331	      3.215	           	      0.000	    235.000	    260.378	    736.143	     -0.009	      0.013	     -0.043	
 2016/04/29	   3.236	   3.236	   3.225	   3.225	           4400	      3.237	      3.275	      3.325	      3.219	           	      0.000	     44.000	    237.178	    707.525	     -0.013	      0.008	     -0.041	
 2016/05/03	   3.340	   3.340	   3.340	   3.340	            100	      3.257	      3.271	      3.327	      3.224	           	      0.000	      1.000	    227.178	    705.407	     -0.007	      0.005	     -0.023	
 2016/05/04	   3.298	   3.310	   3.298	   3.310	          52937	      3.269	      3.266	      3.323	      3.230	           	      0.000	    529.370	    188.474	    746.126	     -0.004	      0.003	     -0.015	
 2016/05/05	   3.319	   3.319	   3.310	   3.319	          10917	      3.282	      3.269	      3.319	      3.235	           	      0.000	    109.170	    183.708	    722.743	     -0.002	      0.002	     -0.007	
 2016/05/06	   3.308	   3.308	   3.250	   3.250	           8900	      3.289	      3.266	      3.312	      3.238	           	      0.000	     89.000	    154.508	    207.443	     -0.005	      0.001	     -0.011	
 2016/05/09	   3.164	   3.172	   3.134	   3.137	           4500	      3.271	      3.254	      3.303	      3.239	           	      0.000	     45.000	    154.708	    195.943	     -0.017	     -0.003	     -0.028	
 2016/05/10	   3.137	   3.137	   3.137	   3.137	              0	      3.231	      3.244	      3.291	      3.240	           	      0.000	      0.000	    154.508	    190.843	     -0.026	     -0.007	     -0.036	
 2016/05/11	   3.137	   3.137	   3.137	   3.137	              0	      3.196	      3.232	      3.281	      3.241	           	      0.000	      0.000	     48.634	    118.554	     -0.032	     -0.012	     -0.040	
 2016/05/12	   3.128	   3.172	   3.128	   3.172	          14300	      3.167	      3.224	      3.269	      3.241	           	      0.000	    143.000	     55.400	    119.554	     -0.034	     -0.017	     -0.035	
 2016/05/13	   3.158	   3.169	   3.141	   3.141	          42453	      3.145	      3.217	      3.256	      3.240	           	      0.000	    424.530	    122.506	    138.507	     -0.038	     -0.021	     -0.034	
 2016/05/16	   3.168	   3.168	   3.146	   3.168	          99000	      3.151	      3.211	      3.243	      3.240	           	      0.000	    990.000	    311.506	    233.107	     -0.038	     -0.024	     -0.028	
 2016/05/17	   3.166	   3.166	   3.164	   3.164	          18300	      3.156	      3.194	      3.232	      3.240	           	      0.000	    183.000	    348.106	    251.307	     -0.038	     -0.027	     -0.022	
 2016/05/18	   3.136	   3.136	   3.136	   3.136	          10000	      3.156	      3.176	      3.221	      3.238	           	      0.000	    100.000	    368.106	    208.370	     -0.040	     -0.030	     -0.021	
 2016/05/19	   3.130	   3.130	   3.129	   3.129	           9900	      3.148	      3.157	      3.213	      3.237	           	      0.000	     99.000	    359.306	    207.353	     -0.042	     -0.032	     -0.019	
 2016/05/20	   3.116	   3.151	   3.098	   3.151	          30154	      3.150	      3.147	      3.207	      3.235	           	      0.000	    301.540	    334.708	    228.607	     -0.041	     -0.034	     -0.014	
 2016/05/23	   3.164	   3.170	   3.152	   3.152	          21600	      3.146	      3.149	      3.201	      3.236	           	      0.000	    216.000	    179.908	    245.707	     -0.040	     -0.035	     -0.009	
 2016/05/24	   3.154	   3.154	   3.129	   3.129	          19400	      3.139	      3.148	      3.196	      3.238	           	      0.000	    194.000	    182.108	    265.107	     -0.040	     -0.036	     -0.008	
 2016/05/25	   3.153	   3.157	   3.120	   3.137	          11800	      3.140	      3.148	      3.190	      3.241	           	      0.000	    118.000	    185.708	    276.907	     -0.039	     -0.037	     -0.005	
 2016/05/26	   3.073	   3.080	   3.073	   3.080	          23503	      3.130	      3.139	      3.181	      3.242	           	      0.000	    235.030	    212.914	    286.110	     -0.043	     -0.038	     -0.009	
 2016/05/27	   3.098	   3.120	   3.098	   3.115	          34139	      3.123	      3.136	      3.176	      3.241	           	      0.000	    341.390	    220.884	    277.796	     -0.042	     -0.039	     -0.007	
 2016/05/30	   3.109	   3.124	   3.109	   3.124	           4100	      3.117	      3.132	      3.171	      3.240	           	      0.000	     41.000	    185.884	    182.896	     -0.040	     -0.039	     -0.003	
 2016/05/31	   3.150	   3.215	   3.149	   3.215	          94299	      3.134	      3.137	      3.165	      3.241	           	      0.000	    942.990	    335.682	    258.895	     -0.031	     -0.038	      0.012	
 2016/06/01	   3.220	   3.220	   3.220	   3.220	           3000	      3.151	      3.145	      3.161	      3.241	           	      0.000	     30.000	    318.082	    251.895	     -0.024	     -0.035	      0.022	
 2016/06/02	   3.221	   3.233	   3.220	   3.233	           9100	      3.181	      3.156	      3.156	      3.243	           	      0.000	     91.000	    289.276	    251.095	     -0.016	     -0.031	      0.030	
 2016/06/03	   3.243	   3.269	   3.243	   3.258	           7000	      3.210	      3.166	      3.157	      3.247	           	      0.000	     70.000	    234.998	    227.941	     -0.008	     -0.026	      0.037	
 2016/06/06	   3.258	   3.258	   3.258	   3.258	              0	      3.237	      3.177	      3.163	      3.250	           	      0.000	      0.000	    226.798	    206.341	     -0.002	     -0.022	      0.039	
 2016/06/07	   3.479	   3.479	   3.230	   3.250	          14600	      3.244	      3.189	      3.168	      3.253	           	      0.000	    146.000	     67.400	    201.541	      0.003	     -0.017	      0.039	
 2016/06/08	   3.227	   3.249	   3.227	   3.249	           1131	      3.250	      3.200	      3.174	      3.254	           	      0.000	     11.310	     63.662	    190.872	      0.006	     -0.012	      0.036	
 2016/06/13	   3.249	   3.249	   3.249	   3.249	              0	      3.253	      3.217	      3.178	      3.256	           	      0.000	      0.000	     45.462	    167.369	      0.008	     -0.008	      0.033	
 2016/06/14	   3.135	   3.135	   3.100	   3.120	          57500	      3.225	      3.218	      3.177	      3.255	           	      0.000	    575.000	    146.462	    190.730	     -0.000	     -0.006	      0.013	
 2016/06/15	   3.130	   3.189	   3.128	   3.180	           9500	      3.210	      3.223	      3.177	      3.255	           	      0.000	     95.000	    165.462	    196.130	     -0.002	     -0.006	      0.007	
 2016/06/16	   3.163	   3.163	   3.163	   3.163	          10000	      3.192	      3.218	      3.177	      3.253	           	      0.000	    100.000	    156.262	    111.831	     -0.005	     -0.005	      0.002	
 2016/06/17	   3.192	   3.192	   3.060	   3.190	          18339	      3.180	      3.215	      3.180	      3.250	           	      0.000	    183.390	    190.678	    127.170	     -0.004	     -0.005	      0.001	
 2016/06/20	   3.162	   3.162	   3.162	   3.162	           2100	      3.163	      3.208	      3.182	      3.247	           	      0.000	     21.000	    194.878	    120.170	     -0.007	     -0.005	     -0.002	
 2016/06/21	   3.162	   3.210	   3.162	   3.177	          24500	      3.174	      3.200	      3.183	      3.244	           	      0.000	    245.000	    128.878	    137.670	     -0.007	     -0.006	     -0.003	
 2016/06/22	   3.165	   3.176	   3.162	   3.175	         216700	      3.173	      3.191	      3.184	      3.242	           	      0.000	   2167.000	    543.278	    354.370	     -0.007	     -0.006	     -0.003	
 2016/06/23	   3.177	   3.188	   3.175	   3.188	          19045	      3.178	      3.185	      3.187	      3.240	           	      0.000	    190.450	    561.368	    358.815	     -0.007	     -0.006	     -0.001	
 2016/06/24	   3.142	   3.165	   3.099	   3.147	          20343	      3.170	      3.175	      3.188	      3.238	           	      0.000	    203.430	    565.376	    378.027	     -0.009	     -0.007	     -0.005	
 2016/06/27	   3.170	   3.191	   3.141	   3.190	         438376	      3.175	      3.169	      3.193	      3.237	           	      0.000	   4383.760	   1437.928	    816.403	     -0.008	     -0.007	     -0.001	
 2016/06/28	   3.198	   3.216	   3.190	   3.206	          51600	      3.181	      3.178	      3.198	      3.235	           	      0.000	    516.000	   1492.128	    810.503	     -0.005	     -0.007	      0.003	
 2016/06/29	   3.202	   3.244	   3.202	   3.215	          30538	      3.189	      3.181	      3.202	      3.233	           	      0.000	    305.380	   1119.804	    831.541	     -0.002	     -0.006	      0.007	
 2016/06/30	   3.220	   3.226	   3.212	   3.225	          80100	      3.197	      3.188	      3.203	      3.232	           	      0.000	    801.000	   1241.914	    901.641	      0.001	     -0.004	      0.010	
 2016/07/01	   3.243	   3.243	   3.223	   3.237	            700	      3.215	      3.192	      3.204	      3.229	           	      0.000	      7.000	   1202.628	    884.002	      0.004	     -0.003	      0.014	
 2016/07/04	   3.249	   3.293	   3.249	   3.293	           7800	      3.235	      3.205	      3.207	      3.227	           	      0.000	     78.000	    341.476	    889.702	      0.011	     -0.000	      0.022	
 2016/07/05	   3.295	   3.327	   3.295	   3.316	           6100	      3.257	      3.219	      3.210	      3.226	           	      0.000	     61.000	    250.476	    871.302	      0.018	      0.004	      0.029	
 2016/07/06	   3.302	   3.328	   3.302	   3.323	           7400	      3.279	      3.234	      3.213	      3.226	           	      0.000	     74.000	    204.200	    662.002	      0.024	      0.008	      0.033	
 2016/07/07	   3.332	   3.350	   3.320	   3.350	          46091	      3.304	      3.250	      3.218	      3.226	           	      0.000	    460.910	    136.182	    689.048	      0.031	      0.012	      0.037	
 2016/07/08	   3.335	   3.335	   3.326	   3.326	          47900	      3.322	      3.268	      3.222	      3.225	           	      0.000	    479.000	    230.582	    716.605	      0.034	      0.017	      0.034	
 2016/07/11	   3.346	   3.379	   3.346	   3.377	          54010	      3.338	      3.287	      3.228	      3.225	           	      0.000	    540.100	    323.002	    332.239	      0.040	      0.021	      0.037	
 2016/07/12	   3.380	   3.410	   3.364	   3.402	          26719	      3.356	      3.306	      3.242	      3.225	           	      0.000	    267.190	    364.240	    307.358	      0.046	      0.026	      0.039	
 2016/07/13	   3.447	   3.447	   3.427	   3.427	          18131	      3.376	      3.328	      3.254	      3.225	           	      0.000	    181.310	    385.702	    294.951	      0.052	      0.031	      0.042	
 2016/07/14	   3.413	   3.426	   3.413	   3.425	          11100	      3.391	      3.348	      3.268	      3.226	           	      0.000	    111.000	    315.720	    225.951	      0.056	      0.036	      0.040	
 2016/07/15	   3.418	   3.438	   3.340	   3.438	          50336	      3.414	      3.368	      3.280	      3.227	           	      0.000	    503.360	    320.592	    275.587	      0.060	      0.041	      0.038	
 2016/07/18	   3.415	   3.431	   3.407	   3.428	        1424700	      3.424	      3.381	      3.293	      3.229	           	      0.000	  14247.000	   3061.972	   1692.487	      0.061	      0.045	      0.033	
 2016/07/19	   3.416	   3.416	   3.399	   3.402	          20597	      3.424	      3.390	      3.305	      3.231	           	      0.000	    205.970	   3049.728	   1706.984	      0.060	      0.048	      0.023	
 2016/07/20	   3.402	   3.402	   3.402	   3.402	            687	      3.419	      3.398	      3.316	      3.234	           	      0.000	      6.870	   3014.840	   1700.271	      0.058	      0.050	      0.016	
 2016/07/21	   3.423	   3.436	   3.423	   3.428	          14819	      3.420	      3.405	      3.328	      3.237	           	      0.000	    148.190	   3022.278	   1668.999	      0.058	      0.052	      0.012	
 2016/07/22	   3.406	   3.406	   3.397	   3.399	           3919	      3.412	      3.413	      3.340	      3.239	           	      0.000	     39.190	   2929.444	   1625.018	      0.055	      0.052	      0.005	
 2016/07/25	   3.412	   3.412	   3.395	   3.395	           9659	      3.405	      3.415	      3.351	      3.242	           	      0.000	     96.590	     99.362	   1580.667	      0.051	      0.052	     -0.002	
 2016/07/26	   3.395	   3.440	   3.395	   3.440	          15718	      3.413	      3.418	      3.362	      3.246	           	      0.000	    157.180	     89.604	   1569.666	      0.052	      0.052	     -0.001	
 2016/07/27	   3.453	   3.456	   3.342	   3.364	          99000	      3.405	      3.412	      3.370	      3.248	           	      0.000	    990.000	    286.230	   1650.535	      0.045	      0.051	     -0.011	
 2016/07/28	   3.397	   3.397	   3.372	   3.396	          16900	      3.399	      3.409	      3.378	      3.249	           	      0.000	    169.000	    290.392	   1656.335	      0.042	      0.049	     -0.013	
 2016/07/29	   3.236	   3.422	   3.236	   3.386	          12200	      3.396	      3.404	      3.386	      3.250	           	      0.000	    122.000	    306.954	   1618.199	      0.039	      0.047	     -0.016	
 2016/08/01	   3.374	   3.376	   3.340	   3.340	          21100	      3.385	      3.395	      3.388	      3.250	           	      0.000	    211.000	    329.836	    214.599	      0.032	      0.044	     -0.024	
 2016/08/02	   3.342	   3.363	   3.342	   3.363	          70000	      3.370	      3.391	      3.391	      3.252	           	      0.000	    700.000	    438.400	    264.002	      0.028	      0.041	     -0.026	
 2016/08/03	   3.365	   3.396	   3.364	   3.396	         244368	      3.376	      3.391	      3.394	      3.257	           	      0.000	   2443.680	    729.136	    507.683	      0.027	      0.038	     -0.022	
 2016/08/04	   3.396	   3.396	   3.396	   3.396	              0	      3.376	      3.388	      3.396	      3.261	           	      0.000	      0.000	    695.336	    492.864	      0.026	      0.036	     -0.019	
 2016/08/05	   3.382	   3.404	   3.382	   3.385	           1800	      3.376	      3.386	      3.399	      3.265	           	      0.000	     18.000	    674.536	    490.745	      0.024	      0.033	     -0.018	
 2016/08/08	   3.380	   3.388	   3.380	   3.388	          11000	      3.386	      3.385	      3.400	      3.269	           	      0.000	    110.000	    654.336	    492.086	      0.023	      0.031	     -0.017	
 2016/08/09	   3.411	   3.420	   3.411	   3.420	           7100	      3.397	      3.383	      3.401	      3.273	           	      0.000	     71.000	    528.536	    483.468	      0.024	      0.030	     -0.012	
 2016/08/10	   3.430	   3.436	   3.430	   3.436	            900	      3.405	      3.391	      3.401	      3.278	           	      0.000	      9.000	     41.600	    385.368	      0.026	      0.029	     -0.006	
 2016/08/11	   3.403	   3.421	   3.398	   3.398	          18824	      3.405	      3.391	      3.400	      3.282	           	      0.000	    188.240	     79.248	    387.292	      0.024	      0.028	     -0.008	
 2016/08/12	   3.398	   3.436	   3.328	   3.435	           7443	      3.415	      3.396	      3.400	      3.287	           	      0.000	     74.430	     90.534	    382.535	      0.025	      0.027	     -0.005	
 2016/08/15	   3.477	   3.552	   3.477	   3.536	          85096	      3.445	      3.415	      3.405	      3.293	           	      0.000	    850.960	    238.726	    446.531	      0.034	      0.029	      0.010	
 2016/08/16	   3.556	   3.556	   3.523	   3.524	          13540	      3.466	      3.431	      3.411	      3.300	           	      0.000	    135.400	    251.606	    390.071	      0.039	      0.031	      0.017	
 2016/08/17	   3.516	   3.530	   3.516	   3.523	           8400	      3.483	      3.444	      3.417	      3.306	           	      0.000	     84.000	    266.606	    154.103	      0.043	      0.033	      0.020	
 2016/08/18	   3.540	   3.546	   3.527	   3.528	          16924	      3.509	      3.457	      3.422	      3.312	           	      0.000	    169.240	    262.806	    171.027	      0.046	      0.036	      0.020	
 2016/08/19	   3.508	   3.508	   3.507	   3.507	          12000	      3.524	      3.470	      3.428	      3.319	           	      0.000	    120.000	    271.920	    181.227	      0.046	      0.038	      0.016	
 2016/08/22	   3.517	   3.517	   3.517	   3.517	            700	      3.520	      3.482	      3.434	      3.326	           	      0.000	      7.000	    103.128	    170.927	      0.046	      0.039	      0.014	
 2016/08/23	   3.498	   3.506	   3.486	   3.486	         311000	      3.512	      3.489	      3.436	      3.332	           	      0.000	   3110.000	    698.048	    474.827	      0.044	      0.040	      0.006	
 2016/08/24	   3.502	   3.505	   3.502	   3.505	          11000	      3.509	      3.496	      3.443	      3.338	           	      0.000	    110.000	    703.248	    484.927	      0.042	      0.041	      0.003	
 2016/08/25	   3.478	   3.478	   3.446	   3.448	         112099	      3.493	      3.501	      3.446	      3.342	           	      0.000	   1120.990	    893.598	    578.202	      0.036	      0.040	     -0.007	
 2016/08/26	   3.478	   3.482	   3.465	   3.465	         203000	      3.484	      3.504	      3.450	      3.346	           	      0.000	   2030.000	   1275.598	    773.759	      0.033	      0.038	     -0.011	
 2016/08/29	   3.485	   3.485	   3.468	   3.468	          18463	      3.474	      3.497	      3.456	      3.350	           	      0.000	    184.630	   1311.124	    707.126	      0.030	      0.037	     -0.014	
 2016/08/30	   3.472	   3.476	   3.472	   3.476	          15300	      3.472	      3.492	      3.462	      3.354	           	      0.000	    153.000	    719.724	    708.886	      0.028	      0.035	     -0.014	
 2016/08/31	   3.474	   3.474	   3.469	   3.469	           2500	      3.465	      3.487	      3.466	      3.357	           	      0.000	     25.000	    702.724	    702.986	      0.025	      0.033	     -0.016	
 2016/09/01	   3.463	   3.463	   3.463	   3.463	           1375	      3.468	      3.480	      3.469	      3.361	           	      0.000	     13.750	    481.276	    687.437	      0.022	      0.031	     -0.017	
 2016/09/02	   3.463	   3.463	   3.463	   3.463	              0	      3.468	      3.476	      3.473	      3.365	           	      0.000	      0.000	     75.276	    675.437	      0.020	      0.029	     -0.017	
 2016/09/05	   3.475	   3.475	   3.475	   3.475	           2200	      3.469	      3.472	      3.477	      3.368	           	      0.000	     22.000	     42.750	    676.937	      0.019	      0.027	     -0.016	
 2016/09/06	   3.476	   3.498	   3.476	   3.498	           9000	      3.474	      3.473	      3.481	      3.375	           	      0.000	     90.000	     30.150	    374.937	      0.020	      0.025	     -0.011	
 2016/09/07	   3.509	   3.511	   3.509	   3.511	           1300	      3.482	      3.474	      3.485	      3.380	           	      0.000	     13.000	     27.750	    365.237	      0.021	      0.024	     -0.007	
 2016/09/08	   3.511	   3.511	   3.511	   3.511	              0	      3.492	      3.480	      3.490	      3.386	           	      0.000	      0.000	     25.000	    253.138	      0.022	      0.024	     -0.004	
 2016/09/09	   3.511	   3.511	   3.511	   3.511	              0	      3.501	      3.484	      3.494	      3.391	           	      0.000	      0.000	     25.000	     50.138	      0.022	      0.024	     -0.003	
 2016/09/12	   3.428	   3.429	   3.391	   3.391	          10300	      3.484	      3.477	      3.487	      3.395	           	      0.000	    103.000	     41.200	     41.975	      0.013	      0.021	     -0.017	
 2016/09/13	   3.419	   3.423	   3.419	   3.423	           2400	      3.469	      3.471	      3.482	      3.399	           	      0.000	     24.000	     28.000	     29.075	      0.008	      0.019	     -0.022	
 2016/09/14	   3.423	   3.423	   3.423	   3.423	              0	      3.452	      3.467	      3.477	      3.403	           	      0.000	      0.000	     25.400	     26.575	      0.004	      0.016	     -0.024	
 2016/09/19	   3.407	   3.407	   3.407	   3.407	            700	      3.431	      3.461	      3.471	      3.407	           	      0.000	      7.000	     26.800	     25.900	     -0.001	      0.012	     -0.026	
 2016/09/20	   3.419	   3.422	   3.419	   3.422	          15200	      3.413	      3.457	      3.467	      3.412	           	      0.000	    152.000	     57.200	     41.100	     -0.003	      0.009	     -0.025	
 2016/09/21	   3.416	   3.416	   3.415	   3.415	          12143	      3.418	      3.451	      3.461	      3.415	           	      0.000	    121.430	     60.886	     51.043	     -0.005	      0.006	     -0.024	
 2016/09/22	   3.422	   3.452	   3.422	   3.447	          53280	      3.423	      3.446	      3.460	      3.419	           	      0.000	    532.800	    162.646	     95.323	     -0.005	      0.004	     -0.018	
 2016/09/23	   3.459	   3.459	   3.440	   3.440	          12600	      3.426	      3.439	      3.456	      3.423	           	      0.000	    126.000	    187.846	    106.623	     -0.005	      0.002	     -0.014	
 2016/09/26	   3.410	   3.411	   3.410	   3.410	           1600	      3.427	      3.429	      3.454	      3.426	           	      0.000	     16.000	    189.646	    108.223	     -0.007	      0.001	     -0.015	
 2016/09/27	   3.367	   3.436	   3.367	   3.370	          17863	      3.416	      3.415	      3.450	      3.428	           	      0.000	    178.630	    194.972	    126.086	     -0.012	     -0.002	     -0.020	
 2016/09/28	   3.370	   3.370	   3.370	   3.370	              0	      3.407	      3.413	      3.445	      3.430	           	      0.000	      0.000	    170.686	    115.786	     -0.015	     -0.005	     -0.022	
 2016/09/29	   3.390	   3.398	   3.390	   3.390	           5719	      3.396	      3.409	      3.440	      3.431	           	      0.000	     57.190	     75.564	    119.105	     -0.016	     -0.007	     -0.019	
 2016/09/30	   3.385	   3.405	   3.385	   3.405	           3000	      3.389	      3.408	      3.437	      3.432	           	      0.000	     30.000	     56.364	    122.105	     -0.016	     -0.009	     -0.014	
 2016/10/10	   3.416	   3.428	   3.416	   3.428	           5000	      3.393	      3.410	      3.435	      3.434	           	      0.000	     50.000	     63.164	    126.405	     -0.014	     -0.010	     -0.008	
 2016/10/11	   3.444	   3.458	   3.444	   3.458	          13433	      3.410	      3.413	      3.435	      3.436	           	      0.000	    134.330	     54.304	    124.638	     -0.009	     -0.010	      0.001	
 2016/10/12	   3.440	   3.440	   3.440	   3.440	              1	      3.424	      3.416	      3.434	      3.437	           	      0.000	      0.010	     54.306	    112.496	     -0.007	     -0.009	      0.004	
 2016/10/13	   3.455	   3.455	   3.452	   3.452	           8458	      3.437	      3.416	      3.431	      3.438	           	      0.000	     84.580	     59.784	     67.674	     -0.004	     -0.008	      0.008	
 2016/10/14	   3.456	   3.456	   3.436	   3.456	          20178	      3.447	      3.418	      3.428	      3.438	           	      0.000	    201.780	     94.140	     75.252	     -0.002	     -0.007	      0.010	
 2016/10/17	   3.462	   3.462	   3.431	   3.431	          21500	      3.447	      3.420	      3.424	      3.438	           	      0.000	    215.000	    127.140	     95.152	     -0.002	     -0.006	      0.008	
 2016/10/18	   3.440	   3.467	   3.433	   3.467	          35770	      3.449	      3.430	      3.422	      3.439	           	      0.000	    357.700	    171.814	    113.059	      0.001	     -0.004	      0.011	
 2016/10/19	   3.496	   3.498	   3.486	   3.486	          25100	      3.458	      3.441	      3.427	      3.440	           	      0.000	    251.000	    222.012	    138.159	      0.005	     -0.003	      0.015	
 2016/10/20	   3.474	   3.474	   3.474	   3.474	           1031	      3.463	      3.450	      3.430	      3.441	           	      0.000	     10.310	    207.158	    133.471	      0.007	     -0.001	      0.015	
 2016/10/21	   3.467	   3.484	   3.440	   3.484	         202900	      3.468	      3.458	      3.433	      3.442	           	      0.000	   2029.000	    572.602	    333.371	      0.009	      0.001	      0.016	
 2016/10/24	   3.498	   3.528	   3.498	   3.513	          34160	      3.485	      3.466	      3.438	      3.444	           	      0.000	    341.600	    597.922	    362.531	      0.013	      0.004	      0.019	
 2016/10/25	   3.498	   3.498	   3.498	   3.498	           3200	      3.491	      3.470	      3.442	      3.445	           	      0.000	     32.000	    532.782	    352.298	      0.015	      0.006	      0.018	
 2016/10/26	   3.498	   3.498	   3.498	   3.498	              0	      3.493	      3.476	      3.446	      3.447	           	      0.000	      0.000	    482.582	    352.297	      0.016	      0.008	      0.016	
 2016/10/27	   3.501	   3.507	   3.414	   3.414	          10339	      3.481	      3.472	      3.444	      3.447	           	      0.000	    103.390	    501.198	    354.178	      0.010	      0.008	      0.003	
 2016/10/28	   3.494	   3.526	   3.488	   3.506	         487400	      3.486	      3.477	      3.447	      3.449	           	      0.000	   4874.000	   1070.198	    821.400	      0.013	      0.009	      0.007	
 2016/10/31	   3.485	   3.485	   3.485	   3.485	            200	      3.480	      3.483	      3.451	      3.451	           	      0.000	      2.000	   1002.278	    800.100	      0.013	      0.010	      0.006	
 2016/11/01	   3.487	   3.500	   3.487	   3.497	          28803	      3.480	      3.485	      3.458	      3.452	           	      0.000	    288.030	   1053.484	    793.133	      0.014	      0.011	      0.006	
 2016/11/02	   3.496	   3.496	   3.496	   3.496	           8000	      3.480	      3.487	      3.464	      3.455	           	      0.000	     80.000	   1069.484	    776.033	      0.014	      0.011	      0.006	
 2016/11/03	   3.496	   3.532	   3.496	   3.509	         418257	      3.499	      3.490	      3.470	      3.457	           	      0.000	   4182.570	   1885.320	   1193.259	      0.016	      0.012	      0.007	
 2016/11/04	   3.519	   3.519	   3.490	   3.490	          44918	      3.495	      3.491	      3.474	      3.459	           	      0.000	    449.180	   1000.356	   1035.277	      0.015	      0.013	      0.004	
 2016/11/07	   3.491	   3.501	   3.491	   3.501	          94394	      3.499	      3.489	      3.478	      3.461	           	      0.000	    943.940	   1188.744	   1095.511	      0.015	      0.013	      0.004	
 2016/11/08	   3.507	   3.520	   3.507	   3.520	          12246	      3.503	      3.492	      3.481	      3.463	           	      0.000	    122.460	   1155.630	   1104.557	      0.017	      0.014	      0.005	
 2016/11/09	   3.512	   3.512	   3.512	   3.512	          22538	      3.506	      3.493	      3.484	      3.465	           	      0.000	    225.380	   1184.706	   1127.095	      0.017	      0.014	      0.005	
 2016/11/10	   3.528	   3.558	   3.527	   3.558	         468119	      3.516	      3.507	      3.490	      3.467	           	      0.000	   4681.190	   1284.430	   1584.875	      0.021	      0.016	      0.010	
 2016/11/11	   3.540	   3.580	   3.540	   3.580	          50204	      3.534	      3.515	      3.496	      3.470	           	      0.000	    502.040	   1295.002	   1147.679	      0.025	      0.018	      0.015	
 2016/11/14	   3.600	   3.618	   3.589	   3.600	         818800	      3.554	      3.526	      3.504	      3.473	           	      0.000	   8188.000	   2743.814	   1966.279	      0.030	      0.020	      0.020	
 2016/11/15	   3.600	   3.600	   3.585	   3.586	            351	      3.567	      3.535	      3.510	      3.476	           	      0.000	      3.510	   2720.024	   1937.827	      0.032	      0.022	      0.019	
 2016/11/16	   3.605	   3.605	   3.600	   3.600	         401300	      3.585	      3.546	      3.516	      3.477	           	      0.000	   4013.000	   3477.548	   2331.127	      0.035	      0.025	      0.020	
 2016/11/17	   3.606	   3.606	   3.590	   3.600	           1200	      3.593	      3.555	      3.522	      3.478	           	      0.000	     12.000	   2543.710	   1914.070	      0.036	      0.027	      0.018	
 2016/11/18	   3.594	   3.602	   3.585	   3.586	           2901	      3.594	      3.564	      3.527	      3.479	           	      0.000	     29.010	   2449.104	   1872.053	      0.036	      0.029	      0.014	
 2016/11/21	   3.599	   3.615	   3.597	   3.598	          25478	      3.594	      3.574	      3.532	      3.480	           	      0.000	    254.780	    862.460	   1803.137	      0.036	      0.030	      0.012	
 2016/11/22	   3.621	   3.626	   3.619	   3.626	         226465	      3.602	      3.585	      3.538	      3.482	           	      0.000	   2264.650	   1314.688	   2017.356	      0.038	      0.032	      0.013	
 2016/11/23	   3.636	   3.640	   3.611	   3.611	         829719	      3.604	      3.595	      3.544	      3.484	           	      0.000	   8297.190	   2171.526	   2824.537	      0.038	      0.033	      0.010	
 2016/11/24	   3.615	   3.660	   3.615	   3.649	         146083	      3.614	      3.604	      3.556	      3.486	           	      0.000	   1460.830	   2461.292	   2502.501	      0.041	      0.035	      0.012	
 2016/11/25	   3.660	   3.670	   3.620	   3.670	         119770	      3.631	      3.613	      3.564	      3.489	           	      0.000	   1197.700	   2695.030	   2572.067	      0.044	      0.037	      0.015	
 2016/11/28	   3.690	   3.704	   3.690	   3.704	         228699	      3.652	      3.623	      3.575	      3.493	           	      0.000	   2286.990	   3101.472	   1981.966	      0.049	      0.039	      0.020	
 2016/11/29	   3.699	   3.720	   3.696	   3.696	          16724	      3.666	      3.634	      3.585	      3.497	           	      0.000	    167.240	   2681.990	   1998.339	      0.052	      0.042	      0.020	
 2016/11/30	   3.683	   3.683	   3.650	   3.651	          28043	      3.674	      3.639	      3.592	      3.500	           	      0.000	    280.430	   1078.638	   1625.082	      0.049	      0.043	      0.012	
 2016/12/01	   3.677	   3.690	   3.677	   3.690	           1600	      3.682	      3.648	      3.601	      3.504	           	      0.000	     16.000	    789.672	   1625.482	      0.050	      0.045	      0.011	
 2016/12/02	   3.711	   3.711	   3.654	   3.662	          25870	      3.681	      3.656	      3.610	      3.507	           	      0.000	    258.700	    601.872	   1648.451	      0.048	      0.045	      0.005	
 2016/12/05	   3.615	   3.615	   3.615	   3.615	           9000	      3.663	      3.657	      3.616	      3.510	           	      0.000	     90.000	    162.474	   1631.973	      0.042	      0.045	     -0.005	
 2016/12/06	   3.631	   3.631	   3.606	   3.606	          16000	      3.645	      3.655	      3.620	      3.512	           	      0.000	    160.000	    161.026	   1421.508	      0.036	      0.043	     -0.014	
 2016/12/07	   3.600	   3.600	   3.596	   3.596	         510100	      3.634	      3.654	      3.624	      3.514	           	      0.000	   5101.000	   1125.140	   1101.889	      0.030	      0.040	     -0.020	
 2016/12/08	   3.630	   3.630	   3.620	   3.620	         110200	      3.620	      3.651	      3.627	      3.516	           	      0.000	   1102.000	   1342.340	   1066.006	      0.027	      0.038	     -0.021	
 2016/12/09	   3.638	   3.638	   3.638	   3.638	            400	      3.615	      3.648	      3.630	      3.518	           	      0.000	      4.000	   1291.400	    946.636	      0.026	      0.035	     -0.019	
 2016/12/12	   3.571	   3.574	   3.536	   3.536	          16157	      3.599	      3.631	      3.627	      3.519	           	      0.000	    161.570	   1305.714	    734.094	      0.017	      0.032	     -0.030	
 2016/12/13	   3.515	   3.561	   3.515	   3.557	           4200	      3.589	      3.617	      3.626	      3.519	           	      0.000	     42.000	   1282.114	    721.570	      0.011	      0.027	     -0.033	
 2016/12/14	   3.530	   3.530	   3.530	   3.530	            500	      3.576	      3.605	      3.622	      3.522	           	      0.000	      5.000	    262.914	    694.027	      0.004	      0.023	     -0.038	
 2016/12/15	   3.501	   3.501	   3.500	   3.500	         403219	      3.552	      3.586	      3.617	      3.523	           	      0.000	   4032.190	    848.952	   1095.646	     -0.004	      0.017	     -0.043	
 2016/12/16	   3.520	   3.539	   3.520	   3.529	         403100	      3.530	      3.573	      3.614	      3.525	           	      0.000	   4031.000	   1654.352	   1472.876	     -0.008	      0.012	     -0.040	
 2016/12/19	   3.510	   3.510	   3.510	   3.510	          30000	      3.525	      3.562	      3.610	      3.526	           	      0.000	    300.000	   1682.038	   1493.876	     -0.012	      0.008	     -0.039	
 2016/12/20	   3.508	   3.508	   3.485	   3.485	           9283	      3.511	      3.550	      3.603	      3.528	           	      0.000	     92.830	   1692.204	   1487.159	     -0.017	      0.003	     -0.040	
 2016/12/21	   3.496	   3.527	   3.496	   3.523	           1200	      3.509	      3.543	      3.598	      3.529	           	      0.000	     12.000	   1693.604	    978.259	     -0.018	     -0.002	     -0.033	
 2016/12/22	   3.541	   3.541	   3.541	   3.541	            600	      3.518	      3.535	      3.593	      3.531	           	      0.000	      6.000	    888.366	    868.659	     -0.017	     -0.005	     -0.025	
 2016/12/23	   3.504	   3.504	   3.504	   3.504	           3800	      3.513	      3.521	      3.585	      3.532	           	      0.000	     38.000	     89.766	    872.059	     -0.019	     -0.008	     -0.023	
 2016/12/26	   3.479	   3.503	   3.479	   3.503	          10400	      3.511	      3.518	      3.575	      3.533	           	      0.000	    104.000	     50.566	    866.302	     -0.021	     -0.010	     -0.021	
 2016/12/27	   3.488	   3.488	   3.488	   3.488	            300	      3.512	      3.511	      3.564	      3.535	           	      0.000	      3.000	     32.600	    862.402	     -0.023	     -0.013	     -0.020	
 2016/12/28	   3.480	   3.480	   3.480	   3.480	           5000	      3.503	      3.506	      3.556	      3.537	           	      0.000	     50.000	     40.200	    866.902	     -0.025	     -0.015	     -0.019	
 2016/12/29	   3.480	   3.480	   3.480	   3.480	              0	      3.491	      3.504	      3.545	      3.539	           	      0.000	      0.000	     39.000	    463.683	     -0.026	     -0.017	     -0.018	
 2016/12/30	   3.480	   3.487	   3.480	   3.487	         234594	      3.488	      3.500	      3.536	      3.540	           	      0.000	   2345.940	    500.588	    295.177	     -0.026	     -0.019	     -0.014	
 2017/01/03	   3.507	   3.514	   3.506	   3.512	         266394	      3.489	      3.500	      3.531	      3.542	           	      0.000	   2663.940	   1012.576	    531.571	     -0.024	     -0.020	     -0.008	
 2017/01/04	   3.520	   3.566	   3.520	   3.550	          30861	      3.502	      3.507	      3.528	      3.543	           	      0.000	    308.610	   1073.698	    553.149	     -0.019	     -0.020	      0.002	
 2017/01/05	   3.550	   3.564	   3.550	   3.560	          56800	      3.518	      3.510	      3.527	      3.545	           	      0.000	    568.000	   1177.298	    608.749	     -0.014	     -0.019	      0.009	
 2017/01/06	   3.560	   3.560	   3.560	   3.560	              0	      3.534	      3.512	      3.524	      3.547	           	      0.000	      0.000	   1177.298	    608.149	     -0.010	     -0.017	      0.014	
 2017/01/09	   3.562	   3.565	   3.562	   3.562	           1000	      3.549	      3.518	      3.520	      3.549	           	      0.000	     10.000	    710.110	    605.349	     -0.007	     -0.015	      0.017	
 2017/01/10	   3.562	   3.562	   3.562	   3.562	              0	      3.559	      3.524	      3.521	      3.551	           	      0.000	      0.000	    177.322	    594.949	     -0.004	     -0.013	      0.018	
 2017/01/11	   3.562	   3.562	   3.532	   3.534	          13578	      3.556	      3.529	      3.520	      3.552	           	      0.000	    135.780	    142.756	    608.227	     -0.004	     -0.011	      0.014	
 2017/01/12	   3.549	   3.549	   3.535	   3.535	          10208	      3.551	      3.534	      3.520	      3.553	           	      0.000	    102.080	     49.572	    613.435	     -0.004	     -0.010	      0.011	
 2017/01/13	   3.503	   3.503	   3.502	   3.502	            400	      3.539	      3.536	      3.520	      3.553	           	      0.000	      4.000	     50.372	    613.835	     -0.006	     -0.009	      0.005	
 2017/01/16	   3.472	   3.501	   3.472	   3.497	          56847	      3.526	      3.537	      3.519	      3.553	           	      0.000	    568.470	    162.066	    436.088	     -0.009	     -0.009	      0.000	
 2017/01/17	   3.497	   3.497	   3.497	   3.497	              0	      3.513	      3.536	      3.518	      3.553	           	      0.000	      0.000	    162.066	    169.694	     -0.010	     -0.009	     -0.002	
 2017/01/18	   3.539	   3.539	   3.539	   3.539	           6078	      3.514	      3.535	      3.521	      3.554	           	      0.000	     60.780	    147.066	    144.911	     -0.008	     -0.009	      0.002	
 2017/01/19	   3.539	   3.539	   3.539	   3.539	              0	      3.515	      3.533	      3.522	      3.555	           	      0.000	      0.000	    126.650	     88.111	     -0.006	     -0.009	      0.004	
 2017/01/20	   3.552	   3.567	   3.538	   3.555	          19200	      3.525	      3.532	      3.522	      3.557	           	      0.000	    192.000	    164.250	    107.311	     -0.004	     -0.008	      0.008	
 2017/01/23	   3.578	   3.578	   3.578	   3.578	           1500	      3.542	      3.534	      3.526	      3.558	           	      0.000	     15.000	     53.556	    107.811	      0.000	     -0.006	      0.013	
 2017/01/24	   3.586	   3.586	   3.586	   3.586	          70300	      3.559	      3.536	      3.530	      3.560	           	      0.000	    703.000	    194.156	    178.111	      0.004	     -0.004	      0.016	
 2017/01/25	   3.586	   3.596	   3.586	   3.596	           4439	      3.571	      3.542	      3.536	      3.561	           	      0.000	     44.390	    190.878	    168.972	      0.008	     -0.002	      0.019	
 2017/01/26	   3.600	   3.600	   3.600	   3.600	           2500	      3.583	      3.549	      3.542	      3.563	           	      0.000	     25.000	    195.878	    161.264	      0.011	      0.001	      0.020	
 2017/02/03	   3.600	   3.600	   3.600	   3.600	              0	      3.592	      3.559	      3.548	      3.565	           	      0.000	      0.000	    157.478	    160.864	      0.013	      0.003	      0.020	
 2017/02/06	   3.596	   3.596	   3.584	   3.585	         501000	      3.593	      3.568	      3.552	      3.566	           	      0.000	   5010.000	   1156.478	    605.017	      0.014	      0.005	      0.017	
 2017/02/07	   3.585	   3.585	   3.585	   3.585	              0	      3.593	      3.576	      3.556	      3.568	           	      0.000	      0.000	   1015.878	    605.017	      0.014	      0.007	      0.014	
 2017/02/08	   3.585	   3.602	   3.585	   3.602	          58969	      3.594	      3.583	      3.559	      3.569	           	      0.000	    589.690	   1124.938	    657.908	      0.015	      0.009	      0.013	
 2017/02/09	   3.619	   3.625	   3.619	   3.625	           3800	      3.599	      3.591	      3.562	      3.571	           	      0.000	     38.000	   1127.538	    661.708	      0.018	      0.011	      0.015	
 2017/02/10	   3.636	   3.650	   3.634	   3.645	          43336	      3.608	      3.600	      3.566	      3.572	           	      0.000	    433.360	   1214.210	    685.844	      0.022	      0.013	      0.018	
 2017/02/13	   3.656	   3.656	   3.656	   3.656	           1200	      3.623	      3.608	      3.571	      3.574	           	      0.000	     12.000	    214.610	    685.544	      0.025	      0.015	      0.019	
 2017/02/14	   3.655	   3.655	   3.654	   3.654	          57400	      3.636	      3.615	      3.576	      3.575	           	      0.000	    574.000	    329.410	    672.644	      0.027	      0.018	      0.019	
 2017/02/15	   3.674	   3.680	   3.674	   3.680	           2500	      3.652	      3.623	      3.583	      3.576	           	      0.000	     25.000	    216.472	    670.705	      0.031	      0.020	      0.021	
 2017/02/16	   3.674	   3.674	   3.674	   3.674	            900	      3.662	      3.631	      3.590	      3.577	           	      0.000	      9.000	    210.672	    669.105	      0.033	      0.023	      0.020	
 2017/02/17	   3.660	   3.660	   3.648	   3.653	          27695	      3.663	      3.636	      3.597	      3.578	           	      0.000	    276.950	    179.390	    696.800	      0.032	      0.025	      0.015	
 2017/02/20	   3.668	   3.688	   3.668	   3.688	          18157	      3.670	      3.646	      3.607	      3.580	           	      0.000	    181.570	    213.304	    213.957	      0.034	      0.027	      0.015	
 2017/02/21	   3.741	   3.741	   3.713	   3.713	         510097	      3.682	      3.659	      3.618	      3.582	           	      0.000	   5100.970	   1118.698	    724.054	      0.037	      0.029	      0.017	
 2017/02/22	   3.718	   3.726	   3.713	   3.726	         105839	      3.691	      3.671	      3.627	      3.584	           	      0.000	   1058.390	   1325.376	    770.924	      0.040	      0.031	      0.019	
 2017/02/23	   3.720	   3.724	   3.708	   3.711	          20900	      3.698	      3.680	      3.636	      3.585	           	      0.000	    209.000	   1365.376	    788.024	      0.041	      0.033	      0.016	
 2017/02/24	   3.711	   3.711	   3.701	   3.711	          18414	      3.710	      3.687	      3.643	      3.586	           	      0.000	    184.140	   1346.814	    763.102	      0.041	      0.035	      0.013	
 2017/02/27	   3.711	   3.720	   3.692	   3.692	         407500	      3.711	      3.690	      3.649	      3.587	           	      0.000	   4075.000	   2125.500	   1169.402	      0.039	      0.036	      0.008	
 2017/02/28	   3.710	   3.710	   3.699	   3.699	           3300	      3.708	      3.695	      3.655	      3.586	           	      0.000	     33.000	   1111.906	   1115.302	      0.038	      0.036	      0.004	
 2017/03/01	   3.728	   3.728	   3.714	   3.714	          16000	      3.705	      3.698	      3.661	      3.587	           	      0.000	    160.000	    932.228	   1128.802	      0.038	      0.036	      0.003	
 2017/03/02	   3.716	   3.716	   3.716	   3.716	          10000	      3.706	      3.702	      3.666	      3.588	           	      0.000	    100.000	    910.428	   1137.902	      0.037	      0.037	      0.001	
 2017/03/03	   3.679	   3.679	   3.671	   3.677	          16197	      3.700	      3.705	      3.670	      3.588	           	      0.000	    161.970	    905.994	   1126.404	      0.033	      0.036	     -0.005	
 2017/03/06	   3.677	   3.677	   3.677	   3.677	              0	      3.697	      3.704	      3.675	      3.588	           	      0.000	      0.000	     90.994	   1108.247	      0.030	      0.035	     -0.010	
 2017/03/07	   3.697	   3.697	   3.685	   3.685	          33436	      3.694	      3.701	      3.680	      3.589	           	      0.000	    334.360	    151.266	    631.586	      0.027	      0.033	     -0.012	
 2017/03/08	   3.699	   3.699	   3.699	   3.699	           8897	      3.691	      3.698	      3.685	      3.591	           	      0.000	     88.970	    137.060	    534.644	      0.026	      0.032	     -0.011	
 2017/03/09	   3.671	   3.676	   3.664	   3.676	         416439	      3.683	      3.695	      3.687	      3.592	           	      0.000	   4164.390	    949.938	    930.183	      0.023	      0.030	     -0.014	
 2017/03/10	   3.675	   3.683	   3.671	   3.683	         315100	      3.684	      3.692	      3.689	      3.593	           	      0.000	   3151.000	   1547.744	   1226.869	      0.021	      0.028	     -0.014	
 2017/03/13	   3.683	   3.683	   3.683	   3.683	              0	      3.685	      3.691	      3.691	      3.594	           	      0.000	      0.000	   1547.744	    819.369	      0.019	      0.027	     -0.014	
 2017/03/14	   3.709	   3.709	   3.702	   3.702	          24482	      3.689	      3.691	      3.693	      3.597	           	      0.000	    244.820	   1529.836	    840.551	      0.019	      0.025	     -0.012	
 2017/03/15	   3.709	   3.728	   3.707	   3.723	          42161	      3.693	      3.692	      3.695	      3.599	           	      0.000	    421.610	   1596.364	    866.712	      0.021	      0.024	     -0.007	
 2017/03/16	   3.739	   3.742	   3.737	   3.737	          15200	      3.706	      3.694	      3.698	      3.603	           	      0.000	    152.000	    793.886	    871.912	      0.023	      0.024	     -0.003	
 2017/03/17	   3.731	   3.731	   3.726	   3.726	           2100	      3.714	      3.699	      3.702	      3.607	           	      0.000	     21.000	    167.886	    857.815	      0.023	      0.024	     -0.002	
 2017/03/20	   3.697	   3.706	   3.692	   3.702	           7619	      3.718	      3.702	      3.703	      3.609	           	      0.000	     76.190	    183.124	    865.434	      0.021	      0.023	     -0.004	
 2017/03/21	   3.705	   3.710	   3.705	   3.710	          47736	      3.720	      3.704	      3.702	      3.613	           	      0.000	    477.360	    229.632	    879.734	      0.020	      0.023	     -0.005	
 2017/03/22	   3.695	   3.700	   3.695	   3.700	          21800	      3.715	      3.704	      3.701	      3.616	           	      0.000	    218.000	    188.910	    892.637	      0.018	      0.022	     -0.007	
 2017/03/23	   3.712	   3.716	   3.679	   3.692	          63281	      3.706	      3.706	      3.700	      3.619	           	      0.000	    632.810	    285.072	    539.479	      0.016	      0.020	     -0.009	
 2017/03/24	   3.712	   3.728	   3.712	   3.728	         419678	      3.706	      3.710	      3.701	      3.622	           	      0.000	   4196.780	   1120.228	    644.057	      0.017	      0.020	     -0.006	
 2017/03/27	   3.749	   3.750	   3.729	   3.729	           6844	      3.712	      3.715	      3.703	      3.626	           	      0.000	     68.440	   1118.678	    650.901	      0.017	      0.019	     -0.004	
 2017/03/28	   3.761	   3.761	   3.702	   3.720	         702400	      3.714	      3.717	      3.704	      3.630	           	      0.000	   7024.000	   2428.006	   1328.819	      0.017	      0.019	     -0.004	
 2017/03/29	   3.720	   3.732	   3.713	   3.713	          40492	      3.716	      3.716	      3.704	      3.633	           	      0.000	    404.920	   2465.390	   1327.150	      0.016	      0.018	     -0.005	
 2017/03/30	   3.686	   3.686	   3.669	   3.671	          11500	      3.712	      3.709	      3.702	      3.637	           	      0.000	    115.000	   2361.828	   1323.450	      0.011	      0.017	     -0.011	
 2017/03/31	   3.688	   3.689	   3.685	   3.685	          39994	      3.704	      3.705	      3.702	      3.640	           	      0.000	    399.940	   1602.460	   1361.344	      0.009	      0.015	     -0.013	
 2017/04/05	   3.725	   3.760	   3.725	   3.756	         702661	      3.709	      3.710	      3.706	      3.644	           	      0.000	   7026.610	   2994.094	   2056.386	      0.012	      0.015	     -0.004	
 2017/04/06	   3.757	   3.769	   3.751	   3.767	         246378	      3.718	      3.716	      3.710	      3.649	           	      0.000	   2463.780	   2082.050	   2255.028	      0.016	      0.015	      0.002	
 2017/04/07	   3.774	   3.783	   3.774	   3.780	          12565	      3.732	      3.724	      3.714	      3.653	           	      0.000	    125.650	   2026.196	   2245.793	      0.020	      0.016	      0.008	
 2017/04/10	   3.788	   3.791	   3.788	   3.788	          10100	      3.755	      3.734	      3.720	      3.656	           	      0.000	    101.000	   2023.396	   2192.612	      0.023	      0.017	      0.011	
 2017/04/11	   3.779	   3.798	   3.766	   3.798	         497265	      3.778	      3.741	      3.726	      3.660	           	      0.000	   4972.650	   2937.938	   2270.199	      0.026	      0.019	      0.014	
 2017/04/12	   3.798	   3.798	   3.798	   3.798	              0	      3.786	      3.748	      3.731	      3.664	           	      0.000	      0.000	   1532.616	   2263.355	      0.028	      0.021	      0.015	
 2017/04/13	   3.802	   3.802	   3.802	   3.802	           2500	      3.793	      3.756	      3.736	      3.668	           	      0.000	     25.000	   1044.860	   1563.455	      0.030	      0.023	      0.014	
 2017/04/14	   3.802	   3.807	   3.802	   3.807	           1100	      3.799	      3.765	      3.740	      3.673	           	      0.000	     11.000	   1021.930	   1524.063	      0.031	      0.024	      0.014	
 2017/04/17	   3.766	   3.766	   3.738	   3.749	         708100	      3.791	      3.773	      3.741	      3.676	           	      0.000	   7081.000	   2417.930	   2220.663	      0.027	      0.025	      0.005	
 2017/04/18	   3.766	   3.766	   3.751	   3.751	          51043	      3.781	      3.780	      3.742	      3.681	           	      0.000	    510.430	   1525.486	   2231.712	      0.024	      0.025	     -0.001	
 2017/04/19	   3.721	   3.721	   3.701	   3.701	           9100	      3.762	      3.774	      3.742	      3.684	           	      0.000	     91.000	   1543.686	   1538.151	      0.017	      0.023	     -0.012	
 2017/04/20	   3.721	   3.721	   3.721	   3.721	          17197	      3.746	      3.770	      3.743	      3.688	           	      0.000	    171.970	   1573.080	   1308.970	      0.013	      0.021	     -0.016	
 2017/04/21	   3.737	   3.737	   3.716	   3.728	          16539	      3.730	      3.764	      3.744	      3.691	           	      0.000	    165.390	   1603.958	   1312.944	      0.011	      0.019	     -0.017	
 2017/04/24	   3.728	   3.728	   3.728	   3.728	              0	      3.726	      3.758	      3.746	      3.694	           	      0.000	      0.000	    187.758	   1302.844	      0.009	      0.017	     -0.017	
 2017/04/25	   3.687	   3.687	   3.684	   3.687	           2200	      3.713	      3.747	      3.744	      3.696	           	      0.000	     22.000	     90.072	    807.779	      0.003	      0.014	     -0.022	
 2017/04/26	   3.683	   3.683	   3.682	   3.682	          12800	      3.709	      3.736	      3.742	      3.698	           	      0.000	    128.000	     97.472	    820.579	     -0.001	      0.011	     -0.025	
 2017/04/27	   3.635	   3.680	   3.635	   3.680	          26914	      3.701	      3.723	      3.740	      3.699	           	      0.000	    269.140	    116.906	    844.993	     -0.005	      0.008	     -0.025	
 2017/04/28	   3.719	   3.719	   3.670	   3.673	          10400	      3.690	      3.710	      3.738	      3.701	           	      0.000	    104.000	    104.628	    854.293	     -0.008	      0.005	     -0.026	
 2017/05/02	   3.657	   3.657	   3.656	   3.656	           3500	      3.676	      3.701	      3.737	      3.702	           	      0.000	     35.000	    111.628	    149.693	     -0.012	      0.002	     -0.027	
 2017/05/03	   3.656	   3.656	   3.656	   3.656	              0	      3.669	      3.691	      3.735	      3.703	           	      0.000	      0.000	    107.228	     98.650	     -0.015	     -0.002	     -0.026	
 2017/05/04	   3.647	   3.647	   3.631	   3.638	          21756	      3.661	      3.685	      3.730	      3.703	           	      0.000	    217.560	    125.140	    111.306	     -0.018	     -0.005	     -0.027	
 2017/05/05	   3.637	   3.637	   3.607	   3.618	          19900	      3.648	      3.675	      3.722	      3.704	           	      0.000	    199.000	    111.112	    114.009	     -0.022	     -0.008	     -0.028	
 2017/05/08	   3.601	   3.601	   3.601	   3.601	          10000	      3.634	      3.662	      3.713	      3.704	           	      0.000	    100.000	    110.312	    107.470	     -0.027	     -0.012	     -0.029	
 2017/05/09	   3.570	   3.587	   3.560	   3.587	          18939	      3.620	      3.648	      3.703	      3.703	           	      0.000	    189.390	    141.190	    126.409	     -0.031	     -0.016	     -0.030	
 2017/05/10	   3.579	   3.579	   3.533	   3.533	          11300	      3.595	      3.632	      3.690	      3.701	           	      0.000	    113.000	    163.790	    135.509	     -0.038	     -0.020	     -0.036	
 2017/05/11	   3.505	   3.505	   3.496	   3.496	          40100	      3.567	      3.614	      3.675	      3.699	           	      0.000	    401.000	    200.478	    162.809	     -0.047	     -0.026	     -0.042	
 2017/05/12	   3.536	   3.562	   3.533	   3.545	          25694	      3.552	      3.600	      3.662	      3.697	           	      0.000	    256.940	    212.066	    161.589	     -0.049	     -0.030	     -0.037	
 2017/05/15	   3.559	   3.559	   3.556	   3.556	           1800	      3.543	      3.589	      3.649	      3.695	           	      0.000	     18.000	    195.666	    152.989	     -0.049	     -0.034	     -0.030	
 2017/05/16	   3.556	   3.578	   3.540	   3.578	           9200	      3.542	      3.581	      3.641	      3.693	           	      0.000	     92.000	    176.188	    158.689	     -0.046	     -0.036	     -0.020	
 2017/05/17	   3.593	   3.596	   3.593	   3.596	          72100	      3.554	      3.575	      3.633	      3.692	           	      0.000	    721.000	    297.788	    230.789	     -0.043	     -0.038	     -0.010	
 2017/05/18	   3.581	   3.587	   3.581	   3.585	          13800	      3.572	      3.569	      3.627	      3.691	           	      0.000	    138.000	    245.188	    222.833	     -0.040	     -0.038	     -0.004	
 2017/05/19	   3.585	   3.585	   3.557	   3.564	          47994	      3.576	      3.564	      3.619	      3.688	           	      0.000	    479.940	    289.788	    250.927	     -0.039	     -0.038	     -0.002	
 2017/05/22	   3.545	   3.545	   3.545	   3.545	          10000	      3.574	      3.559	      3.610	      3.685	           	      0.000	    100.000	    306.188	    250.927	     -0.040	     -0.039	     -0.002	
 2017/05/23	   3.545	   3.545	   3.545	   3.545	              0	      3.567	      3.554	      3.601	      3.682	           	      0.000	      0.000	    287.788	    231.988	     -0.040	     -0.039	     -0.002	
 2017/05/24	   3.540	   3.540	   3.535	   3.535	          10500	      3.555	      3.555	      3.593	      3.679	           	      0.000	    105.000	    164.588	    231.188	     -0.040	     -0.039	     -0.002	
 2017/05/25	   3.554	   3.586	   3.554	   3.586	          30500	      3.555	      3.563	      3.589	      3.678	           	      0.000	    305.000	    197.988	    221.588	     -0.036	     -0.039	      0.005	
 2017/05/26	   3.593	   3.606	   3.593	   3.599	          16355	      3.562	      3.569	      3.585	      3.676	           	      0.000	    163.550	    134.710	    212.249	     -0.031	     -0.037	      0.012	
 2017/05/31	   3.538	   3.621	   3.538	   3.610	          17000	      3.575	      3.574	      3.581	      3.674	           	      0.000	    170.000	    148.710	    227.449	     -0.026	     -0.035	      0.018	
 2017/06/01	   3.610	   3.610	   3.600	   3.602	          15601	      3.586	      3.577	      3.579	      3.672	           	      0.000	    156.010	    179.912	    233.850	     -0.022	     -0.032	      0.020	
 2017/06/02	   3.597	   3.597	   3.597	   3.597	           7005	      3.599	      3.577	      3.576	      3.671	           	      0.000	     70.050	    172.922	    168.755	     -0.020	     -0.030	      0.020	
 2017/06/05	   3.601	   3.601	   3.601	   3.601	           5900	      3.602	      3.578	      3.574	      3.670	           	      0.000	     59.000	    123.722	    160.855	     -0.017	     -0.027	      0.020	
 2017/06/06	   3.596	   3.624	   3.596	   3.622	          23200	      3.606	      3.584	      3.574	      3.669	           	      0.000	    232.000	    137.412	    136.061	     -0.013	     -0.025	      0.023	
 2017/06/07	   3.623	   3.642	   3.623	   3.641	          27897	      3.613	      3.594	      3.576	      3.668	           	      0.000	    278.970	    159.206	    153.958	     -0.008	     -0.021	      0.026	
 2017/06/08	   3.657	   3.668	   3.657	   3.668	          16300	      3.626	      3.606	      3.580	      3.668	           	      0.000	    163.000	    160.604	    170.258	     -0.003	     -0.018	      0.030	
 2017/06/09	   3.677	   3.677	   3.677	   3.677	           5000	      3.642	      3.620	      3.587	      3.668	           	      0.000	     50.000	    156.594	    164.758	      0.003	     -0.013	      0.033	
 2017/06/12	   3.676	   3.690	   3.666	   3.666	          13301	      3.655	      3.628	      3.596	      3.667	           	      0.000	    133.010	    171.396	    147.559	      0.006	     -0.010	      0.032	
 2017/06/13	   3.679	   3.679	   3.679	   3.679	           4400	      3.666	      3.636	      3.603	      3.667	           	      0.000	     44.000	    133.796	    135.604	      0.010	     -0.006	      0.031	
 2017/06/14	   3.681	   3.681	   3.660	   3.660	           7900	      3.670	      3.641	      3.608	      3.666	           	      0.000	     79.000	     93.802	    126.504	      0.011	     -0.002	      0.027	
 2017/06/15	   3.658	   3.658	   3.658	   3.658	           1322	      3.668	      3.647	      3.612	      3.665	           	      0.000	     13.220	     63.846	    112.225	      0.012	      0.000	      0.022	
 2017/06/16	   3.658	   3.658	   3.657	   3.657	           7300	      3.664	      3.653	      3.615	      3.663	           	      0.000	     73.000	     68.446	    112.520	      0.012	      0.003	      0.018	
 2017/06/19	   3.657	   3.657	   3.657	   3.657	              0	      3.662	      3.658	      3.618	      3.663	           	      0.000	      0.000	     41.844	    106.620	      0.012	      0.005	      0.015	
 2017/06/20	   3.678	   3.678	   3.678	   3.678	            343	      3.662	      3.664	      3.624	      3.662	           	      0.000	      3.430	     33.730	     83.763	      0.014	      0.006	      0.014	
 2017/06/21	   3.697	   3.700	   3.697	   3.700	          28089	      3.670	      3.670	      3.632	      3.662	           	      0.000	    280.890	     74.108	     83.955	      0.016	      0.008	      0.016	
 2017/06/22	   3.720	   3.737	   3.720	   3.731	           3400	      3.685	      3.676	      3.641	      3.663	           	      0.000	     34.000	     78.264	     71.055	      0.021	      0.011	      0.020	
 2017/06/23	   3.708	   3.715	   3.687	   3.715	           3488	      3.696	      3.680	      3.650	      3.663	           	      0.000	     34.880	     70.640	     69.543	      0.023	      0.013	      0.019	
 2017/06/26	   3.732	   3.770	   3.732	   3.769	          62697	      3.719	      3.690	      3.659	      3.663	           	      0.000	    626.970	    196.034	    118.939	      0.029	      0.016	      0.024	
 2017/06/27	   3.778	   3.778	   3.768	   3.771	          17219	      3.737	      3.700	      3.668	      3.664	           	      0.000	    172.190	    229.786	    131.758	      0.033	      0.020	      0.026	
 2017/06/28	   3.771	   3.775	   3.752	   3.752	          24432	      3.748	      3.709	      3.675	      3.665	           	      0.000	    244.320	    222.472	    148.290	      0.034	      0.023	      0.023	
 2017/06/29	   3.770	   3.773	   3.770	   3.773	           1100	      3.756	      3.720	      3.684	      3.666	           	      0.000	     11.000	    217.872	    148.068	      0.037	      0.025	      0.023	
 2017/06/30	   3.776	   3.788	   3.772	   3.777	          28922	      3.768	      3.732	      3.693	      3.668	           	      0.000	    289.220	    268.740	    169.690	      0.039	      0.028	      0.021	
 2017/07/03	   3.769	   3.788	   3.766	   3.788	         617297	      3.772	      3.745	      3.702	      3.668	           	      0.000	   6172.970	   1377.940	    786.987	      0.040	      0.031	      0.020	
 2017/07/04	   3.758	   3.758	   3.758	   3.758	            100	      3.770	      3.753	      3.709	      3.668	           	      0.000	      1.000	   1343.702	    786.744	      0.039	      0.032	      0.013	
 2017/07/05	   3.778	   3.782	   3.777	   3.782	           8800	      3.776	      3.762	      3.716	      3.668	           	      0.000	     88.000	   1312.438	    767.455	      0.039	      0.034	      0.011	
 2017/07/06	   3.787	   3.787	   3.781	   3.781	           7087	      3.777	      3.767	      3.721	      3.668	           	      0.000	     70.870	   1324.412	    771.142	      0.039	      0.035	      0.009	
 2017/07/07	   3.781	   3.802	   3.781	   3.802	          20173	      3.782	      3.775	      3.728	      3.668	           	      0.000	    201.730	   1306.914	    787.827	      0.040	      0.036	      0.009	
 2017/07/10	   3.802	   3.802	   3.802	   3.802	              0	      3.785	      3.779	      3.734	      3.668	           	      0.000	      0.000	     72.320	    725.130	      0.041	      0.037	      0.007	
 2017/07/11	   3.812	   3.820	   3.812	   3.820	          27797	      3.797	      3.783	      3.742	      3.669	           	      0.000	    277.970	    127.714	    735.708	      0.042	      0.038	      0.008	
 2017/07/12	   3.801	   3.801	   3.763	   3.768	          10643	      3.795	      3.785	      3.747	      3.668	           	      0.000	    106.430	    131.400	    721.919	      0.038	      0.038	      0.001	
 2017/07/13	   3.792	   3.813	   3.792	   3.805	           2000	      3.799	      3.788	      3.754	      3.669	           	      0.000	     20.000	    121.226	    722.819	      0.038	      0.038	     -0.000	
 2017/07/14	   3.708	   3.810	   3.708	   3.810	           2300	      3.801	      3.792	      3.762	      3.670	           	      0.000	     23.000	     85.480	    696.197	      0.037	      0.038	     -0.001	
 2017/07/17	   3.756	   3.776	   3.756	   3.761	          77300	      3.793	      3.789	      3.767	      3.671	           	      0.000	    773.000	    240.080	    156.200	      0.033	      0.037	     -0.008	
 2017/07/18	   3.746	   3.746	   3.746	   3.746	          74100	      3.778	      3.788	      3.771	      3.671	           	      0.000	    741.000	    332.686	    230.200	      0.028	      0.035	     -0.014	
 2017/07/19	   3.801	   3.830	   3.801	   3.830	         198169	      3.790	      3.793	      3.777	      3.673	           	      0.000	   1981.690	    707.738	    419.569	      0.030	      0.034	     -0.008	
 2017/07/20	   3.851	   3.860	   3.849	   3.860	          46100	      3.801	      3.800	      3.783	      3.675	           	      0.000	    461.000	    795.938	    458.582	      0.034	      0.034	     -0.000	
 2017/07/21	   3.860	   3.866	   3.851	   3.851	           8000	      3.810	      3.805	      3.790	      3.678	           	      0.000	     80.000	    807.338	    446.409	      0.036	      0.034	      0.003	
 2017/07/24	   3.866	   3.877	   3.866	   3.877	          14634	      3.833	      3.813	      3.796	      3.681	           	      0.000	    146.340	    682.006	    461.043	      0.039	      0.035	      0.008	
 2017/07/25	   3.881	   3.881	   3.848	   3.849	          19598	      3.853	      3.816	      3.800	      3.684	           	      0.000	    195.980	    573.002	    452.844	      0.039	      0.036	      0.006	
 2017/07/26	   3.866	   3.867	   3.857	   3.857	          51064	      3.859	      3.825	      3.805	      3.687	           	      0.000	    510.640	    278.792	    493.265	      0.039	      0.037	      0.005	
 2017/07/27	   3.838	   3.860	   3.838	   3.854	          20175	      3.858	      3.829	      3.809	      3.690	           	      0.000	    201.750	    226.942	    511.440	      0.038	      0.037	      0.003	
 2017/07/28	   3.865	   3.874	   3.865	   3.874	          11031	      3.862	      3.836	      3.814	      3.694	           	      0.000	    110.310	    233.004	    520.171	      0.039	      0.037	      0.003	
 2017/07/31	   3.883	   3.906	   3.883	   3.906	          47963	      3.868	      3.850	      3.820	      3.699	           	      0.000	    479.630	    299.662	    490.834	      0.042	      0.038	      0.007	
 2017/08/01	   3.910	   3.926	   3.910	   3.919	           7778	      3.882	      3.868	      3.828	      3.704	           	      0.000	     77.780	    276.022	    424.512	      0.044	      0.039	      0.010	
 2017/08/02	   3.927	   3.936	   3.927	   3.932	           5262	      3.897	      3.878	      3.835	      3.709	           	      0.000	     52.620	    184.418	    231.605	      0.047	      0.041	      0.012	
 2017/08/03	   3.932	   3.932	   3.932	   3.932	              0	      3.913	      3.885	      3.843	      3.715	           	      0.000	      0.000	    144.068	    185.505	      0.048	      0.042	      0.012	
 2017/08/04	   3.940	   3.941	   3.940	   3.941	           2300	      3.926	      3.894	      3.850	      3.722	           	      0.000	     23.000	    126.606	    179.805	      0.050	      0.044	      0.012	
 2017/08/07	   3.928	   3.928	   3.928	   3.928	          17197	      3.930	      3.899	      3.856	      3.729	           	      0.000	    171.970	     65.074	    182.368	      0.049	      0.045	      0.008	
 2017/08/08	   3.950	   3.957	   3.950	   3.950	           2800	      3.937	      3.909	      3.862	      3.736	           	      0.000	     28.000	     55.118	    165.570	      0.050	      0.046	      0.008	
 2017/08/09	   3.932	   3.944	   3.932	   3.944	           4100	      3.939	      3.918	      3.871	      3.742	           	      0.000	     41.000	     52.794	    118.606	      0.049	      0.047	      0.006	
 2017/08/10	   3.910	   3.910	   3.909	   3.910	          36700	      3.935	      3.924	      3.877	      3.748	           	      0.000	    367.000	    126.194	    135.131	      0.046	      0.046	     -0.001	
 2017/08/11	   3.899	   3.899	   3.860	   3.860	          22200	      3.918	      3.922	      3.879	      3.752	           	      0.000	    222.000	    165.994	    146.300	      0.038	      0.045	     -0.013	
 2017/08/14	   3.860	   3.898	   3.860	   3.898	          10501	      3.912	      3.921	      3.886	      3.757	           	      0.000	    105.010	    152.602	    108.838	      0.035	      0.043	     -0.015	
 2017/08/15	   3.895	   3.895	   3.895	   3.895	            343	      3.901	      3.919	      3.893	      3.763	           	      0.000	      3.430	    147.688	    101.403	      0.032	      0.041	     -0.017	
 2017/08/16	   3.873	   3.883	   3.873	   3.883	          46794	      3.889	      3.914	      3.896	      3.768	           	      0.000	    467.940	    233.076	    142.935	      0.028	      0.038	     -0.020	
 2017/08/17	   3.906	   3.922	   3.906	   3.922	          22472	      3.892	      3.913	      3.899	      3.775	           	      0.000	    224.720	    204.620	    165.407	      0.028	      0.036	     -0.016	
 2017/08/18	   3.916	   3.922	   3.912	   3.912	           5700	      3.902	      3.910	      3.902	      3.781	           	      0.000	     57.000	    171.620	    168.807	      0.027	      0.034	     -0.015	
 2017/08/21	   3.931	   3.940	   3.931	   3.940	          33255	      3.910	      3.911	      3.905	      3.787	           	      0.000	    332.550	    217.128	    184.865	      0.028	      0.033	     -0.010	
 2017/08/22	   3.936	   3.945	   3.936	   3.941	           6619	      3.920	      3.911	      3.910	      3.792	           	      0.000	     66.190	    229.680	    188.684	      0.028	      0.032	     -0.008	
 2017/08/23	   3.941	   3.941	   3.941	   3.941	              0	      3.931	      3.910	      3.914	      3.798	           	      0.000	      0.000	    136.092	    184.584	      0.028	      0.031	     -0.006	
 2017/08/24	   3.888	   3.895	   3.888	   3.888	          22200	      3.924	      3.908	      3.916	      3.803	           	      0.000	    222.000	    135.548	    170.084	      0.024	      0.030	     -0.012	
 2017/08/25	   3.903	   3.948	   3.903	   3.934	          39618	      3.929	      3.915	      3.919	      3.808	           	      0.000	    396.180	    203.384	    187.502	      0.024	      0.029	     -0.010	
 2017/08/28	   3.974	   3.990	   3.974	   3.988	          34931	      3.938	      3.924	      3.923	      3.815	           	      0.000	    349.310	    206.736	    211.932	      0.028	      0.029	     -0.001	
 2017/08/29	   3.988	   3.994	   3.988	   3.994	           7020	      3.949	      3.934	      3.927	      3.821	           	      0.000	     70.200	    207.538	    218.609	      0.031	      0.029	      0.004	
 2017/08/30	   3.984	   3.994	   3.980	   3.994	           5500	      3.960	      3.945	      3.930	      3.827	           	      0.000	     55.000	    218.538	    177.315	      0.033	      0.030	      0.007	
 2017/08/31	   3.965	   3.979	   3.964	   3.979	         400407	      3.978	      3.951	      3.932	      3.832	           	      0.000	   4004.070	    974.952	    555.250	      0.033	      0.031	      0.006	
 2017/09/01	   4.004	   4.017	   4.004	   4.011	          14897	      3.993	      3.961	      3.936	      3.838	           	      0.000	    148.970	    925.510	    564.447	      0.036	      0.032	      0.008	
 2017/09/04	   4.025	   4.033	   4.018	   4.018	          99555	      3.999	      3.969	      3.940	      3.844	           	      0.000	    995.550	   1054.758	    630.747	      0.038	      0.033	      0.010	
 2017/09/05	   4.026	   4.027	   4.022	   4.022	          30934	      4.005	      3.977	      3.944	      3.849	           	      0.000	    309.340	   1102.586	    655.062	      0.039	      0.034	      0.010	
 2017/09/06	   4.034	   4.034	   4.027	   4.027	           2100	      4.011	      3.986	      3.948	      3.855	           	      0.000	     21.000	   1095.786	    657.162	      0.040	      0.035	      0.010	
 2017/09/07	   4.040	   4.042	   4.013	   4.013	          10793	      4.018	      3.998	      3.953	      3.861	           	      0.000	    107.930	    316.558	    645.755	      0.039	      0.036	      0.007	
 2017/09/08	   4.033	   4.040	   4.014	   4.018	         114244	      4.020	      4.006	      3.961	      3.867	           	      0.000	   1142.440	    515.252	    720.381	      0.039	      0.037	      0.004	
 2017/09/11	   4.021	   4.021	   4.021	   4.021	          47400	      4.020	      4.010	      3.967	      3.873	           	      0.000	    474.000	    410.942	    732.850	      0.038	      0.037	      0.002	
 2017/09/12	   4.050	   4.066	   4.047	   4.065	          17454	      4.029	      4.017	      3.976	      3.880	           	      0.000	    174.540	    383.982	    743.284	      0.041	      0.038	      0.006	
 2017/09/13	   4.053	   4.053	   4.053	   4.053	           5000	      4.034	      4.023	      3.984	      3.886	           	      0.000	     50.000	    389.782	    742.784	      0.041	      0.038	      0.006	
 2017/09/14	   4.069	   4.069	   4.042	   4.051	           2907	      4.042	      4.030	      3.990	      3.891	           	      0.000	     29.070	    374.010	    345.284	      0.041	      0.039	      0.004	
 2017/09/15	   4.051	   4.051	   4.051	   4.051	              0	      4.048	      4.034	      3.997	      3.897	           	      0.000	      0.000	    145.522	    330.387	      0.040	      0.039	      0.002	
 2017/09/18	   4.033	   4.033	   4.033	   4.033	           1719	      4.051	      4.035	      4.002	      3.901	           	      0.000	     17.190	     54.160	    232.551	      0.038	      0.039	     -0.002	
 2017/09/19	   4.031	   4.031	   4.023	   4.023	           9151	      4.042	      4.036	      4.006	      3.905	           	      0.000	     91.510	     37.554	    210.768	      0.035	      0.038	     -0.006	
 2017/09/20	   4.012	   4.038	   4.012	   4.038	          10100	      4.039	      4.037	      4.011	      3.910	           	      0.000	    101.000	     47.754	    218.768	      0.033	      0.037	     -0.008	
 2017/09/21	   4.023	   4.033	   4.017	   4.032	           4600	      4.035	      4.038	      4.018	      3.914	           	      0.000	     46.000	     51.140	    212.575	      0.031	      0.036	     -0.010	
 2017/09/22	   3.981	   3.981	   3.980	   3.980	           2500	      4.021	      4.035	      4.021	      3.918	           	      0.000	     25.000	     56.140	    100.831	      0.025	      0.034	     -0.018	
 2017/09/25	   3.971	   3.971	   3.971	   3.971	            100	      4.009	      4.030	      4.020	      3.921	           	      0.000	      1.000	     52.902	     53.531	      0.019	      0.031	     -0.023	
 2017/09/26	   4.005	   4.005	   3.960	   3.960	          10500	      3.996	      4.019	      4.018	      3.924	           	      0.000	    105.000	     55.600	     46.577	      0.013	      0.027	     -0.028	
 2017/09/27	   3.960	   3.960	   3.960	   3.960	              0	      3.981	      4.010	      4.016	      3.927	           	      0.000	      0.000	     35.400	     41.577	      0.009	      0.024	     -0.030	
 2017/09/28	   3.984	   3.984	   3.981	   3.983	         405878	      3.971	      4.003	      4.016	      3.930	           	      0.000	   4058.780	    837.956	    444.548	      0.007	      0.020	     -0.027	
 2017/09/29	   3.983	   3.983	   3.983	   3.983	              0	      3.971	      3.996	      4.015	      3.933	           	      0.000	      0.000	    832.956	    444.548	      0.005	      0.017	     -0.024	
 2017/10/09	   4.040	   4.066	   4.040	   4.066	           5000	      3.990	      4.000	      4.017	      3.938	           	      0.000	     50.000	    842.756	    447.829	      0.011	      0.016	     -0.010	
 2017/10/10	   4.066	   4.066	   4.066	   4.066	              0	      4.012	      4.004	      4.020	      3.942	           	      0.000	      0.000	    821.756	    438.678	      0.015	      0.016	     -0.002	
 2017/10/11	   4.024	   4.028	   4.024	   4.028	         199200	      4.025	      4.003	      4.020	      3.946	           	      0.000	   1992.000	   1220.156	    627.778	      0.015	      0.016	     -0.001	
 2017/10/12	   4.028	   4.028	   4.028	   4.028	           1300	      4.034	      4.003	      4.021	      3.950	           	      0.000	     13.000	    411.000	    624.478	      0.015	      0.015	     -0.001	
 2017/10/13	   4.028	   4.028	   4.028	   4.028	              0	      4.043	      4.007	      4.021	      3.954	           	      0.000	      0.000	    411.000	    621.978	      0.014	      0.015	     -0.002	
 2017/10/16	   4.070	   4.070	   4.030	   4.030	           1000	      4.036	      4.013	      4.021	      3.958	           	      0.000	     10.000	    403.000	    622.878	      0.014	      0.015	     -0.002	
 2017/10/17	   4.028	   4.048	   4.020	   4.048	          37283	      4.032	      4.022	      4.021	      3.963	           	      0.000	    372.830	    477.566	    649.661	      0.015	      0.015	      0.000	
 2017/10/18	   4.039	   4.039	   4.027	   4.027	          24940	      4.032	      4.029	      4.019	      3.966	           	      0.000	    249.400	    129.046	    674.601	      0.014	      0.015	     -0.001	
 2017/10/19	   4.028	   4.028	   4.028	   4.028	           1000	      4.032	      4.033	      4.018	      3.969	           	      0.000	     10.000	    128.446	    269.723	      0.013	      0.015	     -0.002	
 2017/10/20	   4.028	   4.066	   4.025	   4.066	         202400	      4.040	      4.042	      4.019	      3.973	           	      0.000	   2024.000	    533.246	    472.123	      0.016	      0.015	      0.002	
 2017/10/23	   4.000	   4.065	   4.000	   4.065	          18100	      4.047	      4.041	      4.021	      3.976	           	      0.000	    181.000	    567.446	    485.223	      0.017	      0.015	      0.004	
 2017/10/24	   4.065	   4.065	   4.065	   4.065	           5300	      4.050	      4.041	      4.023	      3.980	           	      0.000	     53.000	    503.480	    490.523	      0.018	      0.016	      0.004	
 2017/10/25	   4.000	   4.097	   4.000	   4.097	           9100	      4.064	      4.048	      4.026	      3.984	           	      0.000	     91.000	    471.800	    300.423	      0.021	      0.017	      0.008	
 2017/10/26	   4.108	   4.109	   4.010	   4.030	           6600	      4.065	      4.048	      4.025	      3.987	           	      0.000	     66.000	    483.000	    305.723	      0.018	      0.017	      0.002	
 2017/10/27	   4.037	   4.037	   4.030	   4.036	           3200	      4.059	      4.049	      4.028	      3.989	           	      0.000	     32.000	     84.600	    308.923	      0.016	      0.017	     -0.002	
 2017/10/30	   4.036	   4.036	   4.036	   4.036	              0	      4.053	      4.050	      4.031	      3.991	           	      0.000	      0.000	     48.400	    307.923	      0.014	      0.016	     -0.005	
 2017/10/31	   4.036	   4.036	   4.036	   4.036	              0	      4.047	      4.049	      4.035	      3.993	           	      0.000	      0.000	     37.800	    270.640	      0.012	      0.015	     -0.006	
 2017/11/01	   4.070	   4.116	   4.070	   4.105	          17600	      4.049	      4.056	      4.043	      3.996	           	      0.000	    176.000	     54.800	    263.300	      0.016	      0.016	      0.001	
 2017/11/02	   4.025	   4.071	   4.001	   4.071	          12531	      4.057	      4.061	      4.047	      3.999	           	      0.000	    125.310	     66.662	    274.831	      0.017	      0.016	      0.002	
 2017/11/03	   4.002	   4.050	   4.002	   4.050	           5400	      4.060	      4.059	      4.050	      4.000	           	      0.000	     54.000	     71.062	     77.831	      0.015	      0.016	     -0.001	
 2017/11/06	   4.002	   4.089	   4.002	   4.089	          10480	      4.070	      4.062	      4.051	      4.003	           	      0.000	    104.800	     92.022	     70.211	      0.017	      0.016	      0.002	
 2017/11/07	   4.100	   4.100	   4.022	   4.100	          61300	      4.083	      4.065	      4.053	      4.006	           	      0.000	    613.000	    214.622	    126.211	      0.019	      0.016	      0.004	
 2017/11/08	   4.128	   4.140	   4.113	   4.113	         344596	      4.085	      4.067	      4.057	      4.008	           	      0.000	   3445.960	    868.614	    461.707	      0.021	      0.017	      0.007	
 2017/11/09	   4.113	   4.133	   4.112	   4.133	          38087	      4.097	      4.077	      4.063	      4.012	           	      0.000	    380.870	    919.726	    493.194	      0.024	      0.019	      0.011	
 2017/11/10	   4.146	   4.153	   4.146	   4.152	          15000	      4.117	      4.089	      4.069	      4.017	           	      0.000	    150.000	    938.926	    504.994	      0.028	      0.020	      0.015	
 2017/11/13	   4.164	   4.164	   4.159	   4.160	          15548	      4.132	      4.101	      4.075	      4.021	           	      0.000	    155.480	    949.062	    520.542	      0.031	      0.023	      0.017	
 2017/11/14	   4.171	   4.171	   4.123	   4.123	          51387	      4.136	      4.110	      4.079	      4.025	           	      0.000	    513.870	    929.236	    571.929	      0.030	      0.024	      0.013	
 2017/11/15	   4.105	   4.105	   4.105	   4.105	            500	      4.135	      4.110	      4.083	      4.029	           	      0.000	      5.000	    241.044	    554.829	      0.028	      0.025	      0.006	
 2017/11/16	   4.105	   4.120	   4.105	   4.120	           2218	      4.132	      4.115	      4.088	      4.032	           	      0.000	     22.180	    169.306	    544.516	      0.027	      0.025	      0.003	
 2017/11/17	   4.094	   4.100	   4.091	   4.100	           9105	      4.122	      4.120	      4.089	      4.035	           	      0.000	     91.050	    157.516	    548.221	      0.024	      0.025	     -0.002	
 2017/11/20	   4.064	   4.117	   4.064	   4.117	          40362	      4.113	      4.122	      4.092	      4.038	           	      0.000	    403.620	    207.144	    578.103	      0.023	      0.025	     -0.003	
 2017/11/21	   4.152	   4.152	   4.152	   4.152	          10000	      4.119	      4.128	      4.096	      4.042	           	      0.000	    100.000	    124.370	    526.803	      0.025	      0.025	      0.000	
 2017/11/22	   4.171	   4.183	   4.170	   4.170	          41794	      4.132	      4.133	      4.100	      4.045	           	      0.000	    417.940	    206.958	    224.001	      0.028	      0.025	      0.004	
 2017/11/23	   4.108	   4.108	   4.061	   4.061	           8300	      4.120	      4.126	      4.101	      4.048	           	      0.000	     83.000	    219.122	    194.214	      0.021	      0.024	     -0.008	
 2017/11/24	   4.050	   4.093	   4.043	   4.065	         132787	      4.113	      4.117	      4.103	      4.051	           	      0.000	   1327.870	    466.486	    312.001	      0.015	      0.023	     -0.015	
 2017/11/27	   4.050	   4.050	   4.035	   4.035	          40394	      4.097	      4.105	      4.103	      4.051	           	      0.000	    403.940	    466.550	    336.847	      0.008	      0.020	     -0.023	
 2017/11/28	   4.038	   4.039	   4.030	   4.033	          25300	      4.073	      4.096	      4.103	      4.052	           	      0.000	    253.000	    497.150	    310.760	      0.003	      0.016	     -0.027	
 2017/11/29	   4.063	   4.072	   4.040	   4.072	         371094	      4.053	      4.092	      4.101	      4.053	           	      0.000	   3710.940	   1155.750	    681.354	      0.001	      0.013	     -0.024	
 2017/11/30	   4.066	   4.066	   4.037	   4.037	         300878	      4.048	      4.084	      4.099	      4.054	           	      0.000	   3008.780	   1740.906	    980.014	     -0.002	      0.010	     -0.025	
 2017/12/01	   4.037	   4.037	   4.037	   4.037	              0	      4.043	      4.078	      4.099	      4.055	           	      0.000	      0.000	   1475.332	    970.909	     -0.005	      0.007	     -0.025	
 2017/12/04	   4.037	   4.037	   4.037	   4.037	              2	      4.043	      4.070	      4.096	      4.055	           	      0.000	      0.020	   1394.548	    930.549	     -0.008	      0.004	     -0.024	
 2017/12/05	   4.043	   4.043	   4.036	   4.036	         110154	      4.044	      4.058	      4.093	      4.055	           	      0.000	   1101.540	   1564.256	   1030.703	     -0.009	      0.001	     -0.022	
 2017/12/06	   4.015	   4.015	   3.999	   3.999	          10877	      4.029	      4.041	      4.087	      4.055	           	      0.000	    108.770	    843.822	    999.786	     -0.014	     -0.002	     -0.024	
 2017/12/07	   4.007	   4.007	   4.005	   4.005	           4439	      4.023	      4.036	      4.081	      4.055	           	      0.000	     44.390	    250.944	    995.925	     -0.016	     -0.005	     -0.024	
 2017/12/08	   4.037	   4.037	   4.037	   4.037	            100	      4.023	      4.033	      4.075	      4.055	           	      0.000	      1.000	    251.144	    863.238	     -0.016	     -0.007	     -0.018	
 2017/12/11	   4.037	   4.037	   4.037	   4.037	              0	      4.023	      4.033	      4.069	      4.055	           	      0.000	      0.000	    251.140	    822.844	     -0.015	     -0.008	     -0.013	
 2017/12/12	   4.055	   4.055	   4.023	   4.023	          20293	      4.020	      4.032	      4.064	      4.055	           	      0.000	    202.930	     71.418	    817.837	     -0.015	     -0.010	     -0.011	
 2017/12/13	   4.016	   4.039	   4.016	   4.039	          12196	      4.028	      4.029	      4.061	      4.054	           	      0.000	    121.960	     74.056	    458.939	     -0.014	     -0.011	     -0.007	
 2017/12/14	   4.046	   4.046	   4.046	   4.046	           2000	      4.036	      4.030	      4.057	      4.054	           	      0.000	     20.000	     69.178	    160.061	     -0.013	     -0.011	     -0.003	
 2017/12/15	   4.029	   4.029	   4.029	   4.029	            100	      4.035	      4.029	      4.053	      4.054	           	      0.000	      1.000	     69.178	    160.161	     -0.013	     -0.011	     -0.002	
 2017/12/18	   4.005	   4.005	   3.985	   3.985	           5531	      4.024	      4.024	      4.047	      4.053	           	      0.000	     55.310	     80.240	    165.690	     -0.016	     -0.012	     -0.007	
 2017/12/19	   4.000	   4.028	   4.000	   4.028	         401900	      4.025	      4.023	      4.041	      4.053	           	      0.000	   4019.000	    843.454	    457.436	     -0.015	     -0.013	     -0.004	
 2017/12/20	   4.028	   4.028	   4.028	   4.028	              0	      4.023	      4.026	      4.033	      4.053	           	      0.000	      0.000	    819.062	    446.559	     -0.014	     -0.013	     -0.002	
 2017/12/21	   4.014	   4.038	   4.014	   4.038	           2000	      4.022	      4.029	      4.032	      4.053	           	      0.000	     20.000	    819.062	    444.120	     -0.012	     -0.013	      0.001	
 2017/12/22	   4.039	   4.039	   4.025	   4.026	         163485	      4.021	      4.028	      4.030	      4.054	           	      0.000	   1634.850	   1145.832	    607.505	     -0.012	     -0.013	      0.002	
 2017/12/25	   4.052	   4.052	   3.994	   3.994	           2500	      4.023	      4.024	      4.028	      4.054	           	      0.000	     25.000	   1139.770	    610.005	     -0.014	     -0.013	     -0.002	
 2017/12/26	   3.999	   3.999	   3.989	   3.989	          31023	      4.015	      4.020	      4.026	      4.055	           	      0.000	    310.230	    398.016	    620.735	     -0.016	     -0.013	     -0.004	
 2017/12/27	   4.011	   4.011	   3.980	   3.980	          53056	      4.005	      4.014	      4.022	      4.055	           	      0.000	    530.560	    504.128	    661.595	     -0.018	     -0.014	     -0.007	
 2017/12/28	   3.954	   4.001	   3.954	   3.992	          30378	      3.996	      4.009	      4.019	      4.055	           	      0.000	    303.780	    560.884	    689.973	     -0.018	     -0.015	     -0.006	
 2017/12/29	   4.007	   4.030	   4.007	   4.030	          41900	      3.997	      4.009	      4.019	      4.056	           	      0.000	    419.000	    317.714	    731.773	     -0.015	     -0.015	     -0.000	
 2018/01/02	   4.052	   4.052	   4.052	   4.052	            200	      4.009	      4.016	      4.020	      4.056	           	      0.000	      2.000	    313.114	    726.442	     -0.011	     -0.014	      0.007	
 2018/01/03	   4.088	   4.096	   4.032	   4.032	          51528	      4.017	      4.016	      4.019	      4.055	           	      0.000	    515.280	    354.124	    376.070	     -0.009	     -0.013	      0.008	
 2018/01/04	   4.102	   4.118	   4.102	   4.110	          18800	      4.043	      4.024	      4.025	      4.057	           	      0.000	    188.000	    285.612	    394.870	     -0.001	     -0.011	      0.019	
 2018/01/05	   4.115	   4.122	   4.108	   4.108	          15000	      4.066	      4.031	      4.030	      4.058	           	      0.000	    150.000	    254.856	    407.870	      0.005	     -0.008	      0.025	
 2018/01/08	   4.121	   4.155	   4.121	   4.145	          22336	      4.089	      4.043	      4.036	      4.060	           	      0.000	    223.360	    215.728	    266.721	      0.012	     -0.004	      0.032	
 2018/01/09	   4.143	   4.156	   4.143	   4.152	           7959	      4.109	      4.059	      4.041	      4.062	           	      0.000	     79.590	    231.246	    272.180	      0.019	      0.001	      0.036	
 2018/01/10	   4.158	   4.158	   4.140	   4.140	           1343	      4.131	      4.074	      4.047	      4.063	           	      0.000	     13.430	    130.876	    242.500	      0.022	      0.005	      0.035	
 2018/01/11	   4.140	   4.140	   4.140	   4.140	              0	      4.137	      4.090	      4.052	      4.065	           	      0.000	      0.000	     93.276	    189.444	      0.025	      0.009	      0.032	
 2018/01/12	   4.139	   4.139	   4.123	   4.123	           1787	      4.140	      4.103	      4.056	      4.067	           	      0.000	     17.870	     66.850	    160.853	      0.026	      0.012	      0.026	
 2018/01/15	   4.115	   4.115	   4.070	   4.070	           9602	      4.125	      4.107	      4.058	      4.067	           	      0.000	     96.020	     41.382	    128.555	      0.021	      0.014	      0.014	
 2018/01/16	   4.091	   4.106	   4.091	   4.106	          18197	      4.116	      4.113	      4.064	      4.068	           	      0.000	    181.970	     61.858	    146.552	      0.021	      0.016	      0.011	
 2018/01/17	   4.113	   4.113	   4.113	   4.113	            731	      4.110	      4.121	      4.068	      4.068	           	      0.000	      7.310	     60.634	     95.755	      0.021	      0.017	      0.008	
 2018/01/18	   4.136	   4.136	   4.112	   4.117	          28466	      4.106	      4.121	      4.073	      4.069	           	      0.000	    284.660	    117.566	    105.421	      0.021	      0.017	      0.007	
 2018/01/19	   4.147	   4.153	   4.146	   4.148	          46472	      4.111	      4.125	      4.078	      4.071	           	      0.000	    464.720	    206.936	    136.893	      0.023	      0.018	      0.009	
 2018/01/22	   4.156	   4.186	   4.156	   4.185	         421318	      4.134	      4.129	      4.086	      4.073	           	      0.000	   4213.180	   1030.368	    535.875	      0.027	      0.020	      0.014	
 2018/01/23	   4.197	   4.218	   4.197	   4.218	          17100	      4.156	      4.136	      4.097	      4.076	           	      0.000	    171.000	   1028.174	    545.016	      0.033	      0.023	      0.020	
 2018/01/24	   4.219	   4.238	   4.219	   4.238	         211600	      4.181	      4.146	      4.110	      4.080	           	      0.000	   2116.000	   1449.912	    755.273	      0.039	      0.026	      0.026	
 2018/01/25	   4.246	   4.260	   4.243	   4.260	          33100	      4.210	      4.158	      4.124	      4.082	           	      0.000	    331.000	   1459.180	    788.373	      0.045	      0.030	      0.030	
 2018/01/26	   4.244	   4.267	   4.244	   4.267	          10418	      4.234	      4.172	      4.138	      4.085	           	      0.000	    104.180	   1387.072	    797.004	      0.049	      0.034	      0.031	
 2018/01/29	   4.268	   4.268	   4.184	   4.184	          46678	      4.233	      4.184	      4.145	      4.088	           	      0.000	    466.780	    637.792	    834.080	      0.046	      0.036	      0.019	
 2018/01/30	   4.184	   4.184	   4.184	   4.184	              0	      4.227	      4.191	      4.152	      4.089	           	      0.000	      0.000	    603.592	    815.883	      0.042	      0.037	      0.010	
 2018/01/31	   4.148	   4.177	   4.148	   4.177	           1900	      4.214	      4.198	      4.159	      4.091	           	      0.000	     19.000	    184.192	    817.052	      0.039	      0.038	      0.002	
 2018/02/01	   4.110	   4.110	   4.091	   4.100	          12600	      4.182	      4.196	      4.159	      4.090	           	      0.000	    126.000	    143.192	    801.186	      0.029	      0.036	     -0.013	
 2018/02/02	   4.115	   4.144	   4.115	   4.144	          29100	      4.158	      4.196	      4.161	      4.090	           	      0.000	    291.000	    180.556	    783.814	      0.025	      0.034	     -0.017	
 2018/02/05	   4.125	   4.144	   4.125	   4.144	          19863	      4.150	      4.192	      4.161	      4.090	           	      0.000	    198.630	    126.926	    382.359	      0.021	      0.031	     -0.020	
 2018/02/06	   4.067	   4.067	   3.994	   3.995	          53400	      4.112	      4.169	      4.153	      4.088	           	      0.000	    534.000	    233.726	    418.659	      0.007	      0.026	     -0.040	
 2018/02/07	   3.995	   3.995	   3.940	   3.940	          34000	      4.065	      4.140	      4.143	      4.085	           	      0.000	    340.000	    297.926	    241.059	     -0.010	      0.019	     -0.058	
 2018/02/08	   3.941	   3.950	   3.900	   3.900	          11600	      4.025	      4.103	      4.131	      4.081	           	      0.000	    116.000	    295.926	    219.559	     -0.025	      0.010	     -0.071	
 2018/02/09	   3.900	   3.900	   3.734	   3.749	          33900	      3.946	      4.052	      4.112	      4.075	           	      0.000	    339.000	    305.526	    243.041	     -0.049	     -0.002	     -0.096	
 2018/02/12	   3.795	   3.833	   3.790	   3.821	           4300	      3.881	      4.015	      4.100	      4.070	           	      0.000	     43.000	    274.400	    200.663	     -0.062	     -0.014	     -0.097	
 2018/02/13	   3.849	   3.874	   3.849	   3.862	           2100	      3.854	      3.983	      4.087	      4.066	           	      0.000	     21.000	    171.800	    202.763	     -0.068	     -0.025	     -0.087	
 2018/02/14	   3.865	   3.875	   3.865	   3.875	          20000	      3.841	      3.953	      4.075	      4.061	           	      0.000	    200.000	    143.800	    220.863	     -0.071	     -0.034	     -0.074	
 2018/02/22	   3.901	   3.901	   3.889	   3.901	         201200	      3.842	      3.933	      4.065	      4.057	           	      0.000	   2012.000	    523.000	    409.463	     -0.070	     -0.041	     -0.058	
 2018/02/23	   3.933	   3.941	   3.919	   3.939	          23939	      3.880	      3.913	      4.054	      4.055	           	      0.000	    239.390	    503.078	    404.302	     -0.066	     -0.046	     -0.039	
 2018/02/26	   3.980	   4.018	   3.950	   4.013	          25000	      3.918	      3.899	      4.046	      4.054	           	      0.000	    250.000	    544.478	    409.439	     -0.056	     -0.048	     -0.015	
 2018/02/27	   3.997	   3.997	   3.955	   3.971	         102750	      3.940	      3.897	      4.033	      4.053	           	      0.000	   1027.500	    745.778	    458.789	     -0.050	     -0.048	     -0.004	
 2018/02/28	   3.939	   3.951	   3.936	   3.951	          20400	      3.955	      3.898	      4.019	      4.052	           	      0.000	    204.000	    746.578	    445.189	     -0.047	     -0.048	      0.002	
 2018/03/01	   3.951	   3.956	   3.951	   3.956	           9498	      3.966	      3.904	      4.004	      4.050	           	      0.000	     94.980	    363.174	    443.087	     -0.044	     -0.047	      0.007	
 2018/03/02	   3.931	   3.938	   3.931	   3.936	          21000	      3.965	      3.923	      3.987	      4.048	           	      0.000	    210.000	    357.296	    430.187	     -0.043	     -0.046	      0.008	
 2018/03/05	   3.936	   3.936	   3.936	   3.936	              0	      3.950	      3.934	      3.975	      4.046	           	      0.000	      0.000	    307.296	    425.887	     -0.041	     -0.045	      0.009	
 2018/03/06	   3.974	   3.974	   3.974	   3.974	            100	      3.951	      3.945	      3.964	      4.045	           	      0.000	      1.000	    101.996	    423.887	     -0.036	     -0.043	      0.015	
 2018/03/07	   3.997	   3.997	   3.970	   3.970	           3000	      3.954	      3.955	      3.954	      4.044	           	      0.000	     30.000	     67.196	    406.887	     -0.032	     -0.041	      0.018	
 2018/03/08	   4.000	   4.000	   4.000	   4.000	           2000	      3.963	      3.965	      3.949	      4.044	           	      0.000	     20.000	     52.200	    207.687	     -0.026	     -0.038	      0.024	
 2018/03/09	   3.999	   4.025	   3.999	   4.025	           1030	      3.981	      3.973	      3.943	      4.045	           	      0.000	     10.300	     12.260	    184.778	     -0.020	     -0.035	      0.030	
 2018/03/12	   4.050	   4.050	   4.050	   4.050	          19437	      4.004	      3.977	      3.938	      4.045	           	      0.000	    194.370	     51.134	    179.215	     -0.012	     -0.030	      0.036	
 2018/03/13	   4.038	   4.038	   4.037	   4.037	           5600	      4.016	      3.984	      3.940	      4.045	           	      0.000	     56.000	     62.134	     82.065	     -0.007	     -0.025	      0.037	
 2018/03/14	   4.014	   4.025	   4.014	   4.025	           7000	      4.027	      3.991	      3.945	      4.045	           	      0.000	     70.000	     70.134	     68.665	     -0.004	     -0.021	      0.034	
 2018/03/15	   4.012	   4.022	   4.002	   4.022	           9318	      4.032	      3.997	      3.951	      4.044	           	      0.000	     93.180	     84.770	     68.485	     -0.002	     -0.017	      0.031	
 2018/03/16	   4.006	   4.006	   4.006	   4.006	            400	      4.028	      4.004	      3.964	      4.044	           	      0.000	      4.000	     83.510	     47.885	     -0.001	     -0.014	      0.026	
 2018/03/19	   3.995	   3.997	   3.993	   3.993	           6118	      4.017	      4.010	      3.972	      4.043	           	      0.000	     61.180	     56.872	     54.003	     -0.002	     -0.012	      0.019	
 2018/03/20	   3.993	   3.999	   3.993	   3.999	          12836	      4.009	      4.013	      3.979	      4.043	           	      0.000	    128.360	     71.344	     66.739	     -0.002	     -0.010	      0.015	
 2018/03/21	   4.017	   4.022	   4.017	   4.018	           5000	      4.008	      4.017	      3.986	      4.043	           	      0.000	     50.000	     67.344	     68.739	     -0.000	     -0.008	      0.015	
 2018/03/22	   3.985	   3.985	   3.985	   3.985	            500	      4.000	      4.016	      3.990	      4.043	           	      0.000	      5.000	     49.708	     67.239	     -0.002	     -0.007	      0.010	
 2018/03/23	   3.821	   3.882	   3.821	   3.848	          25700	      3.969	      3.998	      3.986	      4.039	           	      0.000	    257.000	    100.308	     91.909	     -0.014	     -0.008	     -0.012	
 2018/03/26	   3.833	   3.845	   3.833	   3.845	          12000	      3.939	      3.978	      3.977	      4.036	           	      0.000	    120.000	    112.072	     84.472	     -0.023	     -0.011	     -0.024	
 2018/03/27	   3.893	   3.893	   3.890	   3.890	           4000	      3.917	      3.963	      3.973	      4.035	           	      0.000	     40.000	     94.400	     82.872	     -0.027	     -0.014	     -0.025	
 2018/03/28	   3.853	   3.853	   3.853	   3.853	          60000	      3.884	      3.946	      3.968	      4.032	           	      0.000	    600.000	    204.400	    135.872	     -0.032	     -0.018	     -0.029	
 2018/03/29	   3.842	   3.880	   3.842	   3.880	           7243	      3.863	      3.932	      3.965	      4.031	           	      0.000	     72.430	    217.886	    133.797	     -0.034	     -0.021	     -0.026	
 2018/03/30	   3.895	   3.903	   3.871	   3.903	          43419	      3.874	      3.921	      3.963	      4.029	           	      0.000	    434.190	    253.324	    176.816	     -0.033	     -0.024	     -0.019	
 2018/04/02	   3.924	   3.945	   3.924	   3.945	          40691	      3.894	      3.917	      3.963	      4.028	           	      0.000	    406.910	    310.706	    211.389	     -0.029	     -0.025	     -0.009	
 2018/04/03	   3.860	   3.878	   3.860	   3.878	           4000	      3.892	      3.905	      3.959	      4.025	           	      0.000	     40.000	    310.706	    202.553	     -0.031	     -0.026	     -0.009	
 2018/04/04	   3.894	   3.894	   3.873	   3.873	          28200	      3.896	      3.890	      3.954	      4.022	           	      0.000	    282.000	    247.106	    225.753	     -0.032	     -0.027	     -0.010	
 2018/04/09	   3.873	   3.873	   3.873	   3.873	              0	      3.894	      3.879	      3.947	      4.018	           	      0.000	      0.000	    232.620	    225.253	     -0.032	     -0.028	     -0.009	
 2018/04/10	   3.870	   3.879	   3.858	   3.879	          91043	      3.890	      3.882	      3.940	      4.015	           	      0.000	    910.430	    327.868	    290.596	     -0.032	     -0.029	     -0.006	
 2018/04/11	   3.928	   3.928	   3.913	   3.913	           1701	      3.883	      3.889	      3.933	      4.011	           	      0.000	     17.010	    249.888	    280.297	     -0.029	     -0.029	      0.000	
 2018/04/12	   3.901	   3.901	   3.901	   3.901	           1600	      3.888	      3.890	      3.926	      4.006	           	      0.000	     16.000	    245.088	    277.897	     -0.027	     -0.028	      0.003	
 2018/04/13	   3.886	   3.886	   3.886	   3.886	           1000	      3.890	      3.893	      3.920	      4.002	           	      0.000	     10.000	    190.688	    218.897	     -0.026	     -0.028	      0.004	
 2018/04/16	   3.815	   3.815	   3.815	   3.815	            389	      3.879	      3.887	      3.909	      3.997	           	      0.000	      3.890	    191.466	    212.043	     -0.031	     -0.029	     -0.005	
 2018/04/17	   3.830	   3.830	   3.776	   3.776	          37900	      3.858	      3.874	      3.898	      3.991	           	      0.000	    379.000	     85.180	    206.524	     -0.037	     -0.030	     -0.014	
 2018/04/18	   3.736	   3.784	   3.736	   3.784	           4000	      3.832	      3.858	      3.887	      3.986	           	      0.000	     40.000	     89.778	    169.833	     -0.042	     -0.033	     -0.018	
 2018/04/19	   3.812	   3.812	   3.812	   3.812	             19	      3.815	      3.851	      3.878	      3.981	           	      0.000	      0.190	     86.616	    165.852	     -0.042	     -0.034	     -0.015	
 2018/04/20	   3.812	   3.812	   3.812	   3.812	              0	      3.800	      3.845	      3.868	      3.976	           	      0.000	      0.000	     84.616	    137.652	     -0.042	     -0.036	     -0.012	
 2018/04/23	   3.740	   3.740	   3.740	   3.740	            300	      3.785	      3.832	      3.855	      3.970	           	      0.000	      3.000	     84.438	    137.952	     -0.047	     -0.038	     -0.018	
 2018/04/24	   3.820	   3.826	   3.820	   3.826	           1600	      3.795	      3.826	      3.854	      3.965	           	      0.000	     16.000	     11.838	     48.509	     -0.044	     -0.039	     -0.009	
 2018/04/25	   3.826	   3.826	   3.826	   3.826	              0	      3.803	      3.818	      3.853	      3.959	           	      0.000	      0.000	      3.838	     46.808	     -0.041	     -0.040	     -0.002	
 2018/04/26	   3.784	   3.784	   3.761	   3.763	          53194	      3.793	      3.804	      3.847	      3.951	           	      0.000	    531.940	    110.188	     98.402	     -0.043	     -0.040	     -0.005	
 2018/04/27	   3.793	   3.793	   3.761	   3.776	          33300	      3.786	      3.793	      3.843	      3.943	           	      0.000	    333.000	    176.788	    130.702	     -0.043	     -0.041	     -0.004	
 2018/05/02	   3.790	   3.790	   3.787	   3.788	          27000	      3.796	      3.790	      3.838	      3.936	           	      0.000	    270.000	    230.188	    157.313	     -0.042	     -0.041	     -0.001	
 2018/05/03	   3.770	   3.770	   3.770	   3.770	            300	      3.785	      3.790	      3.832	      3.927	           	      0.000	      3.000	    227.588	    119.713	     -0.041	     -0.041	     -0.001	
 2018/05/04	   3.840	   3.840	   3.825	   3.825	           7100	      3.784	      3.794	      3.826	      3.921	           	      0.000	     71.000	    241.788	    122.813	     -0.037	     -0.040	      0.007	
 2018/05/07	   3.816	   3.859	   3.816	   3.859	          38900	      3.804	      3.799	      3.825	      3.916	           	      0.000	    389.000	    213.200	    161.694	     -0.030	     -0.038	      0.017	
 2018/05/08	   3.877	   3.883	   3.877	   3.883	           1183	      3.825	      3.806	      3.825	      3.911	           	      0.000	     11.830	    148.966	    162.877	     -0.022	     -0.035	      0.026	
 2018/05/09	   3.909	   3.909	   3.909	   3.909	           5000	      3.849	      3.822	      3.827	      3.908	           	      0.000	     50.000	    104.966	    167.577	     -0.013	     -0.031	      0.034	
 2018/05/10	   3.898	   3.927	   3.898	   3.927	           5800	      3.881	      3.833	      3.830	      3.904	           	      0.000	     58.000	    115.966	    171.777	     -0.005	     -0.025	      0.040	
 2018/05/11	   3.907	   3.907	   3.907	   3.907	          56588	      3.897	      3.841	      3.829	      3.900	           	      0.000	    565.880	    214.942	    228.365	     -0.000	     -0.020	      0.040	
 2018/05/14	   3.909	   3.927	   3.909	   3.927	         429400	      3.911	      3.857	      3.831	      3.899	           	      0.000	   4294.000	    995.942	    604.571	      0.005	     -0.015	      0.041	
 2018/05/15	   3.930	   3.948	   3.930	   3.948	           5400	      3.924	      3.874	      3.834	      3.899	           	      0.000	     54.000	   1004.376	    576.671	      0.011	     -0.010	      0.042	
 2018/05/16	   3.948	   3.966	   3.948	   3.958	          64635	      3.933	      3.891	      3.841	      3.900	           	      0.000	    646.350	   1123.646	    614.306	      0.016	     -0.005	      0.042	
 2018/05/17	   3.958	   3.958	   3.958	   3.958	              0	      3.940	      3.910	      3.850	      3.904	           	      0.000	      0.000	   1112.046	    614.006	      0.020	      0.000	      0.040	
 2018/05/18	   3.958	   3.958	   3.958	   3.958	              0	      3.950	      3.923	      3.859	      3.906	           	      0.000	      0.000	    998.870	    606.906	      0.023	      0.005	      0.036	
 2018/05/21	   3.967	   3.967	   3.967	   3.967	           1597	      3.958	      3.934	      3.866	      3.908	           	      0.000	     15.970	    143.264	    569.603	      0.026	      0.009	      0.033	
 2018/05/22	   3.973	   3.973	   3.955	   3.965	          10500	      3.961	      3.942	      3.874	      3.909	           	      0.000	    105.000	    153.464	    578.920	      0.027	      0.012	      0.029	
 2018/05/23	   3.955	   3.955	   3.955	   3.955	           3439	      3.961	      3.947	      3.885	      3.910	           	      0.000	     34.390	     31.072	    577.359	      0.027	      0.015	      0.024	
 2018/05/24	   3.942	   3.942	   3.942	   3.942	           2000	      3.957	      3.948	      3.891	      3.910	           	      0.000	     20.000	     35.072	    573.559	      0.026	      0.018	      0.017	
 2018/05/25	   3.942	   3.942	   3.942	   3.942	              0	      3.954	      3.952	      3.896	      3.909	           	      0.000	      0.000	     35.072	    516.971	      0.025	      0.019	      0.012	
 2018/05/28	   3.907	   3.908	   3.907	   3.908	           5339	      3.942	      3.950	      3.904	      3.908	           	      0.000	     53.390	     42.556	     92.910	      0.021	      0.019	      0.003	
 2018/05/29	   3.913	   3.913	   3.880	   3.880	          15800	      3.925	      3.943	      3.909	      3.907	           	      0.000	    158.000	     53.156	    103.310	      0.015	      0.019	     -0.006	
 2018/05/30	   3.854	   3.854	   3.812	   3.815	           4000	      3.897	      3.929	      3.910	      3.904	           	      0.000	     40.000	     54.278	     42.675	      0.006	      0.016	     -0.021	
 2018/05/31	   3.853	   3.853	   3.853	   3.853	           2200	      3.880	      3.918	      3.914	      3.903	           	      0.000	     22.000	     54.678	     44.875	      0.001	      0.013	     -0.024	
 2018/06/01	   3.854	   3.854	   3.820	   3.820	          10661	      3.855	      3.905	      3.914	      3.901	           	      0.000	    106.610	     76.000	     55.536	     -0.005	      0.009	     -0.029	
 2018/06/04	   3.838	   3.838	   3.837	   3.837	           5300	      3.841	      3.892	      3.913	      3.899	           	      0.000	     53.000	     75.922	     59.239	     -0.009	      0.006	     -0.029	
 2018/06/05	   3.869	   3.869	   3.869	   3.869	              1	      3.839	      3.882	      3.912	      3.897	           	      0.000	      0.010	     44.324	     48.740	     -0.009	      0.003	     -0.023	
 2018/06/06	   3.879	   3.879	   3.879	   3.879	            100	      3.852	      3.875	      3.911	      3.895	           	      0.000	      1.000	     36.524	     45.401	     -0.008	      0.001	     -0.017	
 2018/06/07	   3.904	   3.907	   3.904	   3.907	           1697	      3.862	      3.871	      3.910	      3.893	           	      0.000	     16.970	     35.518	     45.098	     -0.005	     -0.001	     -0.009	
 2018/06/08	   3.907	   3.907	   3.847	   3.847	           7830	      3.868	      3.862	      3.907	      3.890	           	      0.000	     78.300	     29.856	     52.928	     -0.008	     -0.002	     -0.011	
 2018/06/11	   3.815	   3.815	   3.815	   3.815	           2000	      3.863	      3.852	      3.901	      3.886	           	      0.000	     20.000	     23.256	     49.589	     -0.012	     -0.004	     -0.016	
 2018/06/12	   3.815	   3.815	   3.815	   3.815	              0	      3.853	      3.846	      3.895	      3.883	           	      0.000	      0.000	     23.254	     33.789	     -0.015	     -0.006	     -0.018	
 2018/06/13	   3.815	   3.815	   3.815	   3.815	              0	      3.840	      3.846	      3.887	      3.879	           	      0.000	      0.000	     23.054	     29.789	     -0.018	     -0.008	     -0.018	
 2018/06/14	   3.815	   3.815	   3.815	   3.815	              0	      3.821	      3.842	      3.880	      3.876	           	      0.000	      0.000	     19.660	     27.589	     -0.019	     -0.011	     -0.017	
 2018/06/15	   3.777	   3.777	   3.777	   3.777	           4000	      3.807	      3.838	      3.871	      3.872	           	      0.000	     40.000	     12.000	     20.928	     -0.023	     -0.013	     -0.020	
 2018/06/19	   3.736	   3.736	   3.647	   3.647	          64921	      3.774	      3.819	      3.855	      3.866	           	      0.000	    649.210	    137.842	     80.549	     -0.037	     -0.018	     -0.038	
 2018/06/20	   3.632	   3.659	   3.605	   3.659	          36100	      3.743	      3.798	      3.840	      3.860	           	      0.000	    361.000	    210.042	    116.648	     -0.046	     -0.023	     -0.045	
 2018/06/21	   3.697	   3.697	   3.653	   3.653	           5900	      3.710	      3.775	      3.825	      3.855	           	      0.000	     59.000	    221.842	    122.448	     -0.053	     -0.029	     -0.047	
 2018/06/22	   3.600	   3.658	   3.600	   3.658	         404900	      3.679	      3.750	      3.811	      3.852	           	      0.000	   4049.000	   1031.642	    525.651	     -0.057	     -0.035	     -0.045	
 2018/06/25	   3.668	   3.668	   3.632	   3.632	          10000	      3.650	      3.729	      3.795	      3.848	           	      0.000	    100.000	   1043.642	    527.821	     -0.062	     -0.040	     -0.044	
 2018/06/26	   3.586	   3.586	   3.583	   3.586	          34200	      3.638	      3.706	      3.779	      3.843	           	      0.000	    342.000	    982.200	    560.021	     -0.069	     -0.046	     -0.046	
 2018/06/27	   3.563	   3.563	   3.563	   3.563	           2000	      3.618	      3.681	      3.763	      3.838	           	      0.000	     20.000	    914.000	    562.021	     -0.076	     -0.052	     -0.047	
 2018/06/28	   3.564	   3.568	   3.564	   3.568	          14584	      3.601	      3.656	      3.751	      3.833	           	      0.000	    145.840	    931.368	    576.605	     -0.079	     -0.057	     -0.044	
 2018/06/29	   3.591	   3.591	   3.591	   3.591	            100	      3.588	      3.633	      3.738	      3.828	           	      0.000	      1.000	    121.768	    576.705	     -0.080	     -0.062	     -0.035	
 2018/07/02	   3.585	   3.585	   3.533	   3.533	          21397	      3.568	      3.609	      3.723	      3.821	           	      0.000	    213.970	    144.562	    594.102	     -0.083	     -0.066	     -0.034	
 2018/07/03	   3.530	   3.530	   3.501	   3.501	          43619	      3.551	      3.594	      3.707	      3.815	           	      0.000	    436.190	    163.400	    572.800	     -0.088	     -0.071	     -0.035	
 2018/07/04	   3.501	   3.501	   3.501	   3.501	              0	      3.539	      3.579	      3.688	      3.809	           	      0.000	      0.000	    159.400	    536.700	     -0.091	     -0.075	     -0.032	
 2018/07/05	   3.498	   3.498	   3.498	   3.498	           3300	      3.525	      3.563	      3.669	      3.802	           	      0.000	     33.000	    136.832	    534.100	     -0.092	     -0.078	     -0.028	
 2018/07/06	   3.460	   3.460	   3.458	   3.458	         203439	      3.498	      3.543	      3.647	      3.795	           	      0.000	   2034.390	    543.510	    332.639	     -0.095	     -0.082	     -0.027	
 2018/07/09	   3.534	   3.547	   3.534	   3.547	            800	      3.501	      3.535	      3.632	      3.789	           	      0.000	      8.000	    502.316	    323.439	     -0.089	     -0.083	     -0.013	
 2018/07/10	   3.547	   3.547	   3.547	   3.547	              0	      3.510	      3.531	      3.618	      3.783	           	      0.000	      0.000	    415.078	    289.239	     -0.084	     -0.083	     -0.001	
 2018/07/11	   3.504	   3.504	   3.504	   3.504	           7000	      3.511	      3.525	      3.603	      3.777	           	      0.000	     70.000	    429.078	    294.239	     -0.082	     -0.083	      0.002	
 2018/07/12	   3.504	   3.504	   3.504	   3.504	              0	      3.512	      3.518	      3.587	      3.772	           	      0.000	      0.000	    422.478	    279.655	     -0.080	     -0.082	      0.005	
 2018/07/13	   3.600	   3.605	   3.600	   3.605	           6700	      3.541	      3.520	      3.577	      3.769	           	      0.000	     67.000	     29.000	    286.255	     -0.069	     -0.080	      0.022	
 2018/07/16	   3.605	   3.605	   3.605	   3.605	              0	      3.553	      3.527	      3.568	      3.766	           	      0.000	      0.000	     27.400	    264.858	     -0.060	     -0.076	      0.032	
 2018/07/17	   3.605	   3.605	   3.605	   3.605	              0	      3.565	      3.537	      3.566	      3.762	           	      0.000	      0.000	     27.400	    221.239	     -0.052	     -0.071	      0.038	
 2018/07/18	   3.605	   3.605	   3.605	   3.605	              0	      3.585	      3.548	      3.563	      3.759	           	      0.000	      0.000	     13.400	    221.239	     -0.045	     -0.066	      0.042	
 2018/07/19	   3.605	   3.605	   3.605	   3.605	              0	      3.605	      3.559	      3.561	      3.757	           	      0.000	      0.000	     13.400	    217.939	     -0.039	     -0.060	      0.043	
 2018/07/20	   3.609	   3.624	   3.609	   3.624	          34894	      3.609	      3.575	      3.559	      3.753	           	      0.000	    348.940	     69.788	     49.394	     -0.032	     -0.055	      0.045	
 2018/07/23	   3.630	   3.630	   3.630	   3.630	          23400	      3.614	      3.583	      3.559	      3.750	           	      0.000	    234.000	    116.588	     71.994	     -0.026	     -0.049	      0.045	
 2018/07/24	   3.671	   3.702	   3.671	   3.691	          70390	      3.631	      3.598	      3.564	      3.749	           	      0.000	    703.900	    257.368	    142.384	     -0.017	     -0.043	      0.052	
 2018/07/25	   3.636	   3.652	   3.636	   3.650	           7878	      3.640	      3.612	      3.569	      3.747	           	      0.000	     78.780	    273.124	    143.262	     -0.012	     -0.036	      0.049	
 2018/07/26	   3.650	   3.650	   3.650	   3.650	              0	      3.649	      3.627	      3.573	      3.745	           	      0.000	      0.000	    273.124	    143.262	     -0.008	     -0.031	      0.045	
 2018/07/27	   3.541	   3.658	   3.541	   3.658	           9198	      3.656	      3.632	      3.576	      3.743	           	      0.000	     91.980	    221.732	    145.760	     -0.005	     -0.026	      0.042	
 2018/07/30	   3.645	   3.645	   3.645	   3.645	            500	      3.659	      3.636	      3.582	      3.740	           	      0.000	      5.000	    175.932	    146.260	     -0.003	     -0.021	      0.037	
 2018/07/31	   3.581	   3.630	   3.581	   3.622	          14909	      3.645	      3.638	      3.588	      3.736	           	      0.000	    149.090	     64.970	    161.169	     -0.003	     -0.017	      0.029	
 2018/08/01	   3.646	   3.657	   3.623	   3.623	           3100	      3.640	      3.640	      3.594	      3.731	           	      0.000	     31.000	     55.414	    164.269	     -0.003	     -0.015	      0.023	
 2018/08/02	   3.520	   3.520	   3.463	   3.463	          34500	      3.602	      3.626	      3.592	      3.724	           	      0.000	    345.000	    124.414	    198.769	     -0.016	     -0.015	     -0.002	
 2018/08/03	   3.478	   3.499	   3.478	   3.480	         504000	      3.567	      3.611	      3.593	      3.717	           	      0.000	   5040.000	   1114.018	    667.875	     -0.024	     -0.017	     -0.015	
 2018/08/06	   3.396	   3.396	   3.396	   3.396	            200	      3.517	      3.588	      3.586	      3.708	           	      0.000	      2.000	   1113.418	    644.675	     -0.038	     -0.021	     -0.033	
 2018/08/07	   3.378	   3.451	   3.370	   3.451	          44000	      3.483	      3.564	      3.581	      3.700	           	      0.000	    440.000	   1171.600	    618.285	     -0.043	     -0.025	     -0.035	
 2018/08/08	   3.457	   3.457	   3.457	   3.457	           4400	      3.449	      3.544	      3.578	      3.692	           	      0.000	     44.000	   1174.200	    614.807	     -0.046	     -0.030	     -0.034	
 2018/08/09	   3.457	   3.457	   3.457	   3.457	              0	      3.448	      3.525	      3.576	      3.684	           	      0.000	      0.000	   1105.200	    614.807	     -0.048	     -0.033	     -0.030	
 2018/08/10	   3.457	   3.457	   3.457	   3.457	              0	      3.444	      3.505	      3.569	      3.675	           	      0.000	      0.000	     97.200	    605.609	     -0.049	     -0.037	     -0.026	
 2018/08/13	   3.466	   3.466	   3.460	   3.461	         460000	      3.457	      3.487	      3.562	      3.667	           	      0.000	   4600.000	   1016.800	   1065.109	     -0.049	     -0.039	     -0.021	
 2018/08/14	   3.461	   3.461	   3.461	   3.461	              0	      3.459	      3.471	      3.554	      3.658	           	      0.000	      0.000	    928.800	   1050.200	     -0.049	     -0.041	     -0.015	
 2018/08/15	   3.467	   3.687	   3.447	   3.447	          13495	      3.457	      3.453	      3.546	      3.650	           	      0.000	    134.950	    946.990	   1060.595	     -0.049	     -0.043	     -0.013	
 2018/08/16	   3.226	   3.490	   3.226	   3.490	           6300	      3.463	      3.456	      3.541	      3.642	           	      0.000	     63.000	    959.590	   1032.395	     -0.045	     -0.043	     -0.004	
 2018/08/17	   3.400	   3.400	   3.341	   3.341	         265600	      3.440	      3.442	      3.526	      3.632	           	      0.000	   2656.000	   1490.790	    793.995	     -0.053	     -0.045	     -0.016	
 2018/08/20	   3.330	   3.364	   3.310	   3.364	         131300	      3.421	      3.439	      3.513	      3.622	           	      0.000	   1313.000	    833.390	    925.095	     -0.057	     -0.048	     -0.020	
 2018/08/21	   3.382	   3.406	   3.382	   3.406	           5500	      3.410	      3.434	      3.499	      3.614	           	      0.000	     55.000	    844.390	    886.595	     -0.056	     -0.049	     -0.014	
 2018/08/22	   3.408	   3.408	   3.394	   3.394	          50100	      3.399	      3.428	      3.486	      3.606	           	      0.000	    501.000	    917.600	    932.295	     -0.056	     -0.051	     -0.011	
 2018/08/23	   3.401	   3.404	   3.399	   3.399	         180200	      3.381	      3.422	      3.474	      3.599	           	      0.000	   1802.000	   1265.400	   1112.495	     -0.055	     -0.052	     -0.007	
 2018/08/24	   3.399	   3.399	   3.399	   3.399	              0	      3.392	      3.416	      3.461	      3.591	           	      0.000	      0.000	    734.200	   1112.495	     -0.053	     -0.052	     -0.003	
 2018/08/27	   3.427	   3.481	   3.427	   3.481	         102700	      3.416	      3.418	      3.452	      3.586	           	      0.000	   1027.000	    677.000	    755.195	     -0.045	     -0.050	      0.011	
 2018/08/28	   3.487	   3.489	   3.477	   3.488	          41118	      3.432	      3.421	      3.446	      3.580	           	      0.000	    411.180	    748.236	    796.313	     -0.037	     -0.048	      0.021	
 2018/08/29	   3.488	   3.488	   3.488	   3.488	              0	      3.451	      3.425	      3.439	      3.574	           	      0.000	      0.000	    648.036	    782.818	     -0.031	     -0.044	      0.027	
 2018/08/30	   3.488	   3.488	   3.488	   3.488	              0	      3.469	      3.425	      3.440	      3.567	           	      0.000	      0.000	    287.636	    776.518	     -0.025	     -0.041	      0.031	
 2018/08/31	   3.418	   3.418	   3.418	   3.418	         100000	      3.473	      3.432	      3.437	      3.559	           	      0.000	   1000.000	    487.636	    610.918	     -0.026	     -0.038	      0.023	
 2018/09/03	   3.418	   3.418	   3.418	   3.418	            800	      3.460	      3.438	      3.438	      3.552	           	      0.000	      8.000	    283.836	    480.418	     -0.027	     -0.036	      0.017	
 2018/09/04	   3.426	   3.446	   3.426	   3.446	          20127	      3.452	      3.442	      3.438	      3.546	           	      0.000	    201.270	    241.854	    495.045	     -0.025	     -0.033	      0.017	
 2018/09/05	   3.433	   3.445	   3.418	   3.418	          97000	      3.438	      3.444	      3.436	      3.539	           	      0.000	    970.000	    435.854	    541.945	     -0.025	     -0.032	      0.013	
 2018/09/06	   3.403	   3.403	   3.393	   3.393	           7200	      3.419	      3.444	      3.433	      3.532	           	      0.000	     72.000	    450.254	    368.945	     -0.027	     -0.031	      0.008	
 2018/09/07	   3.396	   3.396	   3.396	   3.396	              1	      3.414	      3.443	      3.430	      3.525	           	      0.000	      0.010	    250.256	    368.946	     -0.028	     -0.030	      0.004	
 2018/09/10	   3.364	   3.364	   3.337	   3.337	            800	      3.398	      3.429	      3.424	      3.518	           	      0.000	      8.000	    250.256	    267.046	     -0.033	     -0.031	     -0.005	
 2018/09/11	   3.335	   3.335	   3.335	   3.335	          30000	      3.376	      3.414	      3.417	      3.513	           	      0.000	    300.000	    270.002	    255.928	     -0.037	     -0.032	     -0.010	
 2018/09/12	   3.342	   3.342	   3.342	   3.342	            500	      3.361	      3.399	      3.412	      3.507	           	      0.000	      5.000	     77.002	    256.428	     -0.039	     -0.033	     -0.011	
 2018/09/13	   3.342	   3.342	   3.342	   3.342	              0	      3.350	      3.385	      3.405	      3.502	           	      0.000	      0.000	     62.602	    256.428	     -0.040	     -0.035	     -0.011	
 2018/09/14	   3.342	   3.342	   3.342	   3.342	              0	      3.340	      3.377	      3.405	      3.497	           	      0.000	      0.000	     62.600	    156.428	     -0.041	     -0.036	     -0.009	
 2018/09/17	   3.342	   3.342	   3.342	   3.342	              0	      3.341	      3.369	      3.404	      3.492	           	      0.000	      0.000	     61.000	    155.628	     -0.040	     -0.037	     -0.007	
 2018/09/18	   3.299	   3.357	   3.299	   3.357	           5800	      3.345	      3.360	      3.401	      3.488	           	      0.000	     58.000	     12.600	    141.301	     -0.039	     -0.037	     -0.003	
 2018/09/19	   3.396	   3.399	   3.396	   3.399	          78400	      3.356	      3.359	      3.401	      3.485	           	      0.000	    784.000	    168.400	    122.701	     -0.033	     -0.036	      0.006	
 2018/09/20	   3.397	   3.397	   3.397	   3.397	          10318	      3.367	      3.359	      3.401	      3.483	           	      0.000	    103.180	    189.036	    125.819	     -0.029	     -0.035	      0.012	
 2018/09/21	   3.472	   3.475	   3.463	   3.475	           8500	      3.394	      3.367	      3.405	      3.481	           	      0.000	     85.000	    206.036	    134.318	     -0.019	     -0.032	      0.025	
 2018/09/25	   3.488	   3.488	   3.455	   3.455	            200	      3.417	      3.379	      3.404	      3.479	           	      0.000	      2.000	    206.436	    133.718	     -0.013	     -0.028	      0.030	
 2018/09/26	   3.480	   3.500	   3.480	   3.500	           7400	      3.445	      3.395	      3.404	      3.479	           	      0.000	     74.000	    209.636	    111.118	     -0.004	     -0.023	      0.038	
 2018/09/27	   3.478	   3.498	   3.478	   3.489	           7354	      3.463	      3.410	      3.404	      3.479	           	      0.000	     73.540	     67.544	    117.972	      0.002	     -0.018	      0.040	
 2018/09/28	   3.508	   3.508	   3.508	   3.508	           5000	      3.485	      3.426	      3.405	      3.479	           	      0.000	     50.000	     56.908	    122.972	      0.008	     -0.013	      0.042	
 2018/10/08	   3.408	   3.408	   3.408	   3.408	          11694	      3.472	      3.433	      3.405	      3.478	           	      0.000	    116.940	     63.296	    134.666	      0.005	     -0.009	      0.029	
 2018/10/09	   3.379	   3.379	   3.379	   3.379	            100	      3.457	      3.437	      3.403	      3.476	           	      0.000	      1.000	     63.096	    134.766	     -0.000	     -0.008	      0.015	
 2018/10/10	   3.379	   3.379	   3.379	   3.379	              0	      3.433	      3.439	      3.400	      3.473	           	      0.000	      0.000	     48.296	    128.966	     -0.004	     -0.007	      0.006	
 2018/10/11	   3.275	   3.275	   3.199	   3.199	          44300	      3.375	      3.419	      3.389	      3.468	           	      0.000	    443.000	    122.188	     94.866	     -0.021	     -0.010	     -0.023	
 2018/10/12	   3.129	   3.141	   3.129	   3.141	           1900	      3.301	      3.393	      3.376	      3.462	           	      0.000	     19.000	    115.988	     86.448	     -0.039	     -0.016	     -0.047	
 2018/10/15	   3.141	   3.141	   3.141	   3.141	              0	      3.248	      3.360	      3.363	      3.454	           	      0.000	      0.000	     92.600	     77.948	     -0.053	     -0.023	     -0.059	
 2018/10/16	   3.108	   3.108	   3.088	   3.088	           9300	      3.190	      3.323	      3.351	      3.445	           	      0.000	     93.000	    111.000	     87.048	     -0.067	     -0.032	     -0.070	
 2018/10/17	   3.126	   3.126	   3.093	   3.105	          46339	      3.135	      3.284	      3.339	      3.437	           	      0.000	    463.390	    203.678	    125.987	     -0.076	     -0.041	     -0.071	
 2018/10/18	   3.054	   3.054	   3.027	   3.027	          37800	      3.100	      3.237	      3.324	      3.427	           	      0.000	    378.000	    190.678	    156.433	     -0.089	     -0.050	     -0.077	
 2018/10/19	   2.998	   3.100	   2.998	   3.100	           2800	      3.092	      3.197	      3.312	      3.419	           	      0.000	     28.000	    192.478	    154.233	     -0.092	     -0.059	     -0.066	
 2018/10/22	   3.184	   3.269	   3.184	   3.253	          19700	      3.115	      3.181	      3.307	      3.413	           	      0.000	    197.000	    231.878	    162.239	     -0.081	     -0.063	     -0.035	
 2018/10/23	   3.241	   3.241	   3.167	   3.167	          17400	      3.130	      3.160	      3.298	      3.405	           	      0.000	    174.000	    248.078	    179.539	     -0.078	     -0.066	     -0.024	
 2018/10/24	   3.167	   3.193	   3.167	   3.193	           1600	      3.148	      3.141	      3.290	      3.397	           	      0.000	     16.000	    158.600	    181.139	     -0.073	     -0.067	     -0.011	
 2018/10/25	   3.169	   3.202	   3.169	   3.202	           7000	      3.183	      3.142	      3.280	      3.389	           	      0.000	     70.000	     97.000	    143.839	     -0.067	     -0.067	     -0.000	
 2018/10/26	   3.202	   3.202	   3.202	   3.202	              0	      3.203	      3.148	      3.271	      3.382	           	      0.000	      0.000	     91.400	    141.939	     -0.062	     -0.066	      0.008	
 2018/10/29	   3.134	   3.134	   3.105	   3.107	          36000	      3.174	      3.144	      3.252	      3.373	           	      0.000	    360.000	    124.000	    177.939	     -0.065	     -0.066	      0.002	
 2018/10/30	   3.097	   3.120	   3.097	   3.120	           8600	      3.165	      3.148	      3.235	      3.364	           	      0.000	     86.000	    106.400	    177.239	     -0.066	     -0.066	      0.001	
 2018/10/31	   3.120	   3.120	   3.120	   3.120	              0	      3.150	      3.149	      3.216	      3.356	           	      0.000	      0.000	    103.200	    130.900	     -0.065	     -0.066	      0.001	
 2018/11/01	   3.250	   3.250	   3.247	   3.247	           1300	      3.159	      3.171	      3.204	      3.349	           	      0.000	     13.000	     91.800	     94.400	     -0.054	     -0.064	      0.019	
 2018/11/02	   3.266	   3.308	   3.266	   3.308	          11600	      3.180	      3.192	      3.194	      3.347	           	      0.000	    116.000	    115.000	    103.200	     -0.040	     -0.059	      0.038	
 2018/11/05	   3.294	   3.308	   3.280	   3.280	           9500	      3.215	      3.195	      3.188	      3.343	           	      0.000	     95.000	     62.000	     93.000	     -0.031	     -0.053	      0.045	
 2018/11/06	   3.275	   3.280	   3.275	   3.280	           3900	      3.247	      3.206	      3.183	      3.341	           	      0.000	     39.000	     52.600	     79.500	     -0.023	     -0.047	      0.048	
 2018/11/07	   3.302	   3.302	   3.302	   3.302	            100	      3.283	      3.217	      3.179	      3.339	           	      0.000	      1.000	     52.800	     78.000	     -0.015	     -0.041	      0.052	
 2018/11/08	   3.243	   3.243	   3.243	   3.243	           3439	      3.283	      3.221	      3.181	      3.335	           	      0.000	     34.390	     57.078	     74.439	     -0.013	     -0.035	      0.044	
 2018/11/09	   3.243	   3.243	   3.243	   3.243	              0	      3.270	      3.225	      3.186	      3.332	           	      0.000	      0.000	     33.878	     74.439	     -0.012	     -0.030	      0.038	
 2018/11/12	   3.268	   3.268	   3.268	   3.268	           1000	      3.267	      3.241	      3.193	      3.329	           	      0.000	     10.000	     16.878	     39.439	     -0.008	     -0.026	      0.036	
 2018/11/13	   3.259	   3.259	   3.259	   3.259	           1000	      3.263	      3.255	      3.201	      3.325	           	      0.000	     10.000	     11.078	     31.839	     -0.006	     -0.022	      0.032	
 2018/11/14	   3.259	   3.259	   3.259	   3.259	              0	      3.254	      3.269	      3.209	      3.322	           	      0.000	      0.000	     10.878	     31.839	     -0.005	     -0.019	      0.028	
 2018/11/15	   3.317	   3.323	   3.317	   3.323	           2700	      3.270	      3.276	      3.224	      3.320	           	      0.000	     27.000	      9.400	     33.239	      0.002	     -0.015	      0.033	
 2018/11/16	   3.341	   3.341	   3.331	   3.331	           6200	      3.288	      3.279	      3.235	      3.317	           	      0.000	     62.000	     21.800	     27.839	      0.007	     -0.010	      0.035	
 2018/11/19	   3.350	   3.376	   3.350	   3.376	          46600	      3.310	      3.288	      3.241	      3.318	           	      0.000	    466.000	    113.000	     64.939	      0.015	     -0.005	      0.041	
 2018/11/20	   3.353	   3.353	   3.333	   3.333	          11000	      3.324	      3.294	      3.250	      3.317	           	      0.000	    110.000	    133.000	     72.039	      0.018	     -0.000	      0.037	
 2018/11/21	   3.287	   3.316	   3.287	   3.310	          11200	      3.335	      3.294	      3.256	      3.316	           	      0.000	    112.000	    155.400	     83.139	      0.018	      0.003	      0.029	
 2018/11/22	   3.310	   3.310	   3.310	   3.310	              0	      3.332	      3.301	      3.261	      3.314	           	      0.000	      0.000	    150.000	     79.700	      0.018	      0.006	      0.023	
 2018/11/23	   3.299	   3.299	   3.228	   3.228	          26100	      3.311	      3.300	      3.262	      3.311	           	      0.000	    261.000	    189.800	    105.800	      0.011	      0.007	      0.008	
 2018/11/26	   3.233	   3.233	   3.233	   3.233	            700	      3.283	      3.296	      3.269	      3.309	           	      0.000	      7.000	     98.000	    105.500	      0.006	      0.007	     -0.002	
 2018/11/27	   3.233	   3.233	   3.233	   3.233	              0	      3.263	      3.294	      3.274	      3.305	           	      0.000	      0.000	     76.000	    104.500	      0.002	      0.006	     -0.008	
 2018/11/28	   3.264	   3.264	   3.264	   3.264	          20000	      3.254	      3.294	      3.282	      3.301	           	      0.000	    200.000	     93.600	    124.500	      0.001	      0.005	     -0.008	
 2018/11/29	   3.264	   3.264	   3.264	   3.264	              0	      3.244	      3.288	      3.282	      3.297	           	      0.000	      0.000	     93.600	    121.800	      0.000	      0.004	     -0.007	
 2018/11/30	   3.218	   3.218	   3.216	   3.216	           6000	      3.242	      3.277	      3.278	      3.293	           	      0.000	     60.000	     53.400	    121.600	     -0.004	      0.002	     -0.013	
 2018/12/03	   3.216	   3.216	   3.216	   3.216	              0	      3.239	      3.261	      3.275	      3.289	           	      0.000	      0.000	     52.000	     75.000	     -0.007	      0.000	     -0.015	
 2018/12/04	   3.310	   3.333	   3.310	   3.332	          75478	      3.258	      3.261	      3.277	      3.288	           	      0.000	    754.780	    202.956	    139.478	     -0.001	      0.000	     -0.002	
 2018/12/05	   3.294	   3.294	   3.294	   3.294	           7700	      3.264	      3.259	      3.277	      3.285	           	      0.000	     77.000	    178.356	    135.978	      0.002	      0.001	      0.002	
 2018/12/06	   3.323	   3.323	   3.262	   3.262	          81897	      3.264	      3.254	      3.278	      3.283	           	      0.000	    818.970	    342.150	    217.875	      0.001	      0.001	      0.001	
 2018/12/07	   3.263	   3.263	   3.263	   3.263	           2600	      3.273	      3.258	      3.279	      3.280	           	      0.000	     26.000	    335.350	    194.375	      0.000	      0.001	     -0.000	
 2018/12/10	   3.250	   3.250	   3.240	   3.240	         156100	      3.278	      3.258	      3.277	      3.278	           	      0.000	   1561.000	    647.550	    349.775	     -0.002	      0.000	     -0.004	
 2018/12/11	   3.240	   3.240	   3.240	   3.240	              0	      3.260	      3.259	      3.276	      3.276	           	      0.000	      0.000	    496.594	    349.775	     -0.004	     -0.001	     -0.006	
 2018/12/12	   3.240	   3.240	   3.240	   3.240	              0	      3.249	      3.257	      3.275	      3.275	           	      0.000	      0.000	    481.194	    329.775	     -0.005	     -0.002	     -0.007	
 2018/12/13	   3.305	   3.311	   3.305	   3.311	          21100	      3.259	      3.261	      3.275	      3.274	           	      0.000	    211.000	    359.600	    350.875	     -0.000	     -0.001	      0.002	
 2018/12/14	   3.289	   3.289	   3.270	   3.270	           3407	      3.260	      3.267	      3.272	      3.273	           	      0.000	     34.070	    361.214	    348.282	     -0.000	     -0.001	      0.002	
 2018/12/17	   3.236	   3.237	   3.236	   3.237	           5100	      3.260	      3.269	      3.265	      3.271	           	      0.000	     51.000	     59.214	    353.382	     -0.002	     -0.001	     -0.002	
 2018/12/18	   3.237	   3.237	   3.237	   3.237	              0	      3.259	      3.259	      3.260	      3.269	           	      0.000	      0.000	     59.214	    277.904	     -0.004	     -0.002	     -0.004	
 2018/12/19	   3.201	   3.208	   3.201	   3.208	           5800	      3.253	      3.251	      3.255	      3.267	           	      0.000	     58.000	     70.814	    276.004	     -0.008	     -0.003	     -0.009	
 2018/12/20	   3.170	   3.170	   3.170	   3.170	           3263	      3.224	      3.242	      3.248	      3.263	           	      0.000	     32.630	     35.140	    197.370	     -0.014	     -0.005	     -0.017	
 2018/12/21	   3.163	   3.163	   3.149	   3.149	           1600	      3.200	      3.230	      3.244	      3.259	           	      0.000	     16.000	     31.526	    196.370	     -0.020	     -0.008	     -0.023	
 2018/12/24	   3.170	   3.170	   3.165	   3.165	          11000	      3.186	      3.223	      3.241	      3.254	           	      0.000	    110.000	     43.326	     51.270	     -0.023	     -0.011	     -0.024	
 2018/12/25	   3.119	   3.119	   3.089	   3.089	           7000	      3.156	      3.208	      3.233	      3.248	           	      0.000	     70.000	     57.326	     58.270	     -0.031	     -0.015	     -0.032	
 2018/12/26	   3.130	   3.144	   3.130	   3.144	           7000	      3.143	      3.198	      3.227	      3.242	           	      0.000	     70.000	     59.726	     65.270	     -0.033	     -0.019	     -0.029	
 2018/12/27	   3.150	   3.150	   3.150	   3.150	            100	      3.139	      3.182	      3.222	      3.236	           	      0.000	      1.000	     53.400	     44.270	     -0.034	     -0.022	     -0.024	
 2018/12/28	   3.150	   3.150	   3.150	   3.150	              0	      3.140	      3.170	      3.218	      3.230	           	      0.000	      0.000	     50.200	     40.863	     -0.034	     -0.024	     -0.019	
 2019/01/02	   3.150	   3.150	   3.150	   3.150	              0	      3.137	      3.161	      3.215	      3.226	           	      0.000	      0.000	     28.200	     35.763	     -0.033	     -0.026	     -0.015	
 2019/01/03	   3.084	   3.084	   3.084	   3.084	           2000	      3.136	      3.146	      3.203	      3.221	           	      0.000	     20.000	     18.200	     37.763	     -0.038	     -0.028	     -0.019	
 2019/01/04	   3.107	   3.107	   3.107	   3.107	            500	      3.128	      3.136	      3.193	      3.216	           	      0.000	      5.000	      5.200	     32.463	     -0.039	     -0.031	     -0.018	
 2019/01/07	   3.189	   3.203	   3.189	   3.195	         455194	      3.137	      3.138	      3.190	      3.216	           	      0.000	   4551.940	    915.388	    484.394	     -0.033	     -0.031	     -0.004	
 2019/01/08	   3.198	   3.198	   3.196	   3.196	          55000	      3.146	      3.143	      3.187	      3.217	           	      0.000	    550.000	   1025.388	    537.794	     -0.027	     -0.030	      0.006	
 2019/01/09	   3.231	   3.231	   3.231	   3.231	            500	      3.163	      3.150	      3.186	      3.219	           	      0.000	      5.000	   1026.388	    527.294	     -0.020	     -0.028	      0.016	
 2019/01/10	   3.215	   3.215	   3.210	   3.210	          53500	      3.188	      3.162	      3.185	      3.221	           	      0.000	    535.000	   1129.388	    573.794	     -0.016	     -0.026	      0.020	
 2019/01/11	   3.194	   3.206	   3.194	   3.206	          54000	      3.208	      3.168	      3.183	      3.222	           	      0.000	    540.000	   1236.388	    620.794	     -0.012	     -0.023	      0.021	
 2019/01/14	   3.206	   3.206	   3.206	   3.206	              0	      3.210	      3.174	      3.178	      3.225	           	      0.000	      0.000	    326.000	    620.694	     -0.010	     -0.020	      0.021	
 2019/01/15	   3.204	   3.228	   3.204	   3.228	          26800	      3.216	      3.181	      3.176	      3.228	           	      0.000	    268.000	    269.600	    647.494	     -0.006	     -0.017	      0.023	
 2019/01/16	   3.242	   3.242	   3.234	   3.234	          11201	      3.217	      3.190	      3.175	      3.227	           	      0.000	    112.010	    291.002	    658.695	     -0.002	     -0.014	      0.025	
 2019/01/17	   3.238	   3.238	   3.238	   3.238	            343	      3.222	      3.205	      3.175	      3.228	           	      0.000	      3.430	    184.688	    657.038	      0.001	     -0.011	      0.025	
 2019/01/18	   3.252	   3.268	   3.250	   3.268	          17800	      3.235	      3.221	      3.178	      3.230	           	      0.000	    178.000	    112.288	    674.338	      0.006	     -0.008	      0.028	
 2019/01/21	   3.278	   3.288	   3.278	   3.284	          56400	      3.250	      3.230	      3.184	      3.231	           	      0.000	    564.000	    225.088	    275.544	      0.011	     -0.004	      0.030	
 2019/01/22	   3.267	   3.267	   3.267	   3.267	          16000	      3.258	      3.237	      3.190	      3.232	           	      0.000	    160.000	    203.488	    236.544	      0.014	     -0.001	      0.028	
 2019/01/23	   3.237	   3.237	   3.237	   3.237	           1000	      3.259	      3.238	      3.194	      3.234	           	      0.000	     10.000	    183.086	    237.044	      0.013	      0.002	      0.022	
 2019/01/24	   3.268	   3.268	   3.268	   3.268	          17187	      3.265	      3.244	      3.203	      3.237	           	      0.000	    171.870	    216.774	    200.731	      0.015	      0.005	      0.020	
 2019/01/25	   3.272	   3.288	   3.272	   3.288	         201287	      3.269	      3.252	      3.210	      3.240	           	      0.000	   2012.870	    583.748	    348.018	      0.018	      0.007	      0.021	
 2019/01/28	   3.302	   3.302	   3.302	   3.302	           2800	      3.272	      3.261	      3.217	      3.240	           	      0.000	     28.000	    476.548	    350.818	      0.021	      0.010	      0.022	
 2019/01/29	   3.249	   3.265	   3.249	   3.265	           9000	      3.272	      3.265	      3.223	      3.240	           	      0.000	     90.000	    462.548	    333.018	      0.020	      0.012	      0.016	
 2019/01/30	   3.255	   3.255	   3.255	   3.255	           2600	      3.276	      3.267	      3.228	      3.239	           	      0.000	     26.000	    465.748	    324.417	      0.019	      0.013	      0.010	
 2019/01/31	   3.263	   3.263	   3.231	   3.231	          50100	      3.268	      3.266	      3.236	      3.239	           	      0.000	    501.000	    531.574	    374.174	      0.015	      0.014	      0.003	
 2019/02/01	   3.258	   3.288	   3.258	   3.288	          91300	      3.268	      3.269	      3.245	      3.238	           	      0.000	    913.000	    311.600	    447.674	      0.017	      0.014	      0.005	
 2019/02/11	   3.305	   3.355	   3.305	   3.355	           7900	      3.279	      3.276	      3.253	      3.240	           	      0.000	     79.000	    321.800	    399.174	      0.023	      0.016	      0.015	
 2019/02/12	   3.350	   3.373	   3.350	   3.373	           1100	      3.300	      3.286	      3.262	      3.242	           	      0.000	     11.000	    306.000	    384.274	      0.030	      0.019	      0.022	
 2019/02/13	   3.440	   3.455	   3.440	   3.455	          16700	      3.340	      3.308	      3.273	      3.245	           	      0.000	    167.000	    334.200	    399.974	      0.041	      0.023	      0.035	
 2019/02/14	   3.455	   3.455	   3.455	   3.455	           1000	      3.385	      3.327	      3.285	      3.249	           	      0.000	     10.000	    236.000	    383.787	      0.049	      0.028	      0.041	
 2019/02/15	   3.448	   3.448	   3.440	   3.440	           2600	      3.416	      3.342	      3.297	      3.252	           	      0.000	     26.000	     58.600	    185.100	      0.054	      0.033	      0.041	
 2019/02/18	   3.490	   3.514	   3.490	   3.514	          10000	      3.447	      3.363	      3.312	      3.255	           	      0.000	    100.000	     62.800	    192.300	      0.063	      0.039	      0.047	
 2019/02/19	   3.550	   3.554	   3.509	   3.509	          30861	      3.475	      3.388	      3.326	      3.258	           	      0.000	    308.610	    122.322	    214.161	      0.069	      0.045	      0.047	
 2019/02/20	   3.516	   3.516	   3.498	   3.498	           5100	      3.483	      3.412	      3.339	      3.260	           	      0.000	     51.000	     99.122	    216.661	      0.072	      0.050	      0.042	
 2019/02/21	   3.451	   3.569	   3.451	   3.527	           7800	      3.498	      3.441	      3.354	      3.263	           	      0.000	     78.000	    112.722	    174.361	      0.075	      0.055	      0.040	
 2019/02/22	   3.525	   3.640	   3.525	   3.640	           7400	      3.538	      3.477	      3.373	      3.269	           	      0.000	     74.000	    122.322	     90.461	      0.087	      0.062	      0.050	
 2019/02/25	   3.720	   3.860	   3.720	   3.857	          71700	      3.606	      3.527	      3.401	      3.278	           	      0.000	    717.000	    245.722	    154.261	      0.112	      0.072	      0.080	
 2019/02/26	   3.864	   3.962	   3.860	   3.860	          70401	      3.676	      3.576	      3.431	      3.288	           	      0.000	    704.010	    324.802	    223.562	      0.130	      0.083	      0.094	
 2019/02/27	   3.833	   3.834	   3.800	   3.800	          48300	      3.737	      3.610	      3.459	      3.298	           	      0.000	    483.000	    411.202	    255.162	      0.139	      0.094	      0.088	
 2019/02/28	   3.789	   3.789	   3.789	   3.789	            600	      3.789	      3.643	      3.485	      3.307	           	      0.000	      6.000	    396.802	    254.762	      0.143	      0.104	      0.077	
 2019/03/01	   3.831	   3.831	   3.792	   3.831	           7687	      3.827	      3.682	      3.512	      3.316	           	      0.000	     76.870	    397.376	    259.849	      0.148	      0.113	      0.070	
 2019/03/04	   3.856	   3.980	   3.856	   3.877	          99800	      3.831	      3.719	      3.541	      3.327	           	      0.000	    998.000	    453.576	    349.649	      0.153	      0.121	      0.065	
 2019/03/05	   3.877	   3.914	   3.877	   3.914	          34400	      3.842	      3.759	      3.573	      3.338	           	      0.000	    344.000	    381.574	    353.188	      0.159	      0.129	      0.061	
 2019/03/06	   3.947	   3.996	   3.914	   3.995	          32600	      3.881	      3.809	      3.610	      3.351	           	      0.000	    326.000	    350.174	    380.688	      0.168	      0.136	      0.064	
 2019/03/07	   3.997	   4.066	   3.977	   4.020	          67783	      3.927	      3.858	      3.650	      3.363	           	      0.000	    677.830	    484.540	    440.671	      0.176	      0.144	      0.062	
 2019/03/08	   3.921	   3.940	   3.833	   3.840	          16630	      3.929	      3.878	      3.677	      3.372	           	      0.000	    166.300	    502.426	    449.901	      0.165	      0.148	      0.033	
 2019/03/11	   3.900	   3.919	   3.892	   3.919	          50500	      3.938	      3.885	      3.706	      3.383	           	      0.000	    505.000	    403.826	    428.701	      0.161	      0.151	      0.020	
 2019/03/12	   3.962	   4.015	   3.946	   3.946	          54294	      3.944	      3.893	      3.734	      3.394	           	      0.000	    542.940	    443.614	    412.594	      0.158	      0.152	      0.012	
 2019/03/13	   3.956	   3.956	   3.952	   3.953	           6501	      3.936	      3.908	      3.759	      3.406	           	      0.000	     65.010	    391.416	    370.795	      0.155	      0.153	      0.004	
 2019/03/14	   3.898	   3.898	   3.827	   3.830	          19100	      3.898	      3.912	      3.778	      3.416	           	      0.000	    191.000	    294.050	    389.295	      0.141	      0.150	     -0.020	
 2019/03/15	   3.896	   3.912	   3.877	   3.877	           5301	      3.905	      3.917	      3.800	      3.427	           	      0.000	     53.010	    271.392	    386.909	      0.131	      0.147	     -0.030	
 2019/03/18	   3.919	   3.997	   3.711	   3.711	          14197	      3.863	      3.901	      3.810	      3.433	           	      0.000	    141.970	    198.786	    301.306	      0.110	      0.139	     -0.059	
 2019/03/19	   4.018	   4.028	   3.987	   3.991	         168523	      3.872	      3.908	      3.834	      3.445	           	      0.000	   1685.230	    427.244	    435.429	      0.114	      0.134	     -0.041	
 2019/03/20	   3.988	   4.120	   3.954	   4.120	           8800	      3.906	      3.921	      3.865	      3.460	           	      0.000	     88.000	    431.842	    411.629	      0.126	      0.132	     -0.013	
 2019/03/21	   4.025	   4.054	   3.995	   4.020	          82100	      3.944	      3.921	      3.889	      3.473	           	      0.000	    821.000	    557.842	    425.946	      0.126	      0.131	     -0.010	
 2019/03/22	   4.007	   4.010	   3.960	   4.007	          60800	      3.970	      3.937	      3.908	      3.486	           	      0.000	    608.000	    668.840	    470.116	      0.124	      0.130	     -0.012	
 2019/03/25	   3.960	   3.991	   3.935	   3.935	          11800	      4.015	      3.939	      3.912	      3.499	           	      0.000	    118.000	    664.046	    431.416	      0.114	      0.127	     -0.024	
 2019/03/26	   3.935	   3.935	   3.871	   3.872	          61600	      3.991	      3.932	      3.912	      3.511	           	      0.000	    616.000	    450.200	    438.722	      0.101	      0.121	     -0.041	
 2019/03/27	   3.872	   3.879	   3.872	   3.875	          11700	      3.942	      3.924	      3.916	      3.523	           	      0.000	    117.000	    456.000	    443.921	      0.090	      0.115	     -0.051	
 2019/03/28	   3.893	   3.893	   3.869	   3.869	           6000	      3.912	      3.928	      3.920	      3.536	           	      0.000	     60.000	    303.800	    430.821	      0.079	      0.108	     -0.057	
 2019/03/29	   3.889	   4.014	   3.889	   4.010	          73076	      3.912	      3.941	      3.929	      3.550	           	      0.000	    730.760	    328.352	    498.596	      0.081	      0.103	     -0.042	
 2019/04/01	   4.060	   4.138	   4.060	   4.135	         122320	      3.952	      3.983	      3.942	      3.567	           	      0.000	   1223.200	    549.392	    606.719	      0.092	      0.101	     -0.017	
 2019/04/02	   4.131	   4.180	   4.131	   4.152	          21800	      4.008	      4.000	      3.954	      3.583	           	      0.000	    218.000	    469.792	    459.996	      0.101	      0.101	      0.000	
 2019/04/03	   4.161	   4.232	   4.161	   4.232	          18602	      4.080	      4.011	      3.966	      3.602	           	      0.000	    186.020	    483.596	    469.798	      0.113	      0.103	      0.020	
 2019/04/04	   4.239	   4.280	   4.239	   4.278	          27700	      4.161	      4.036	      3.979	      3.621	           	      0.000	    277.000	    526.996	    415.398	      0.125	      0.107	      0.035	
 2019/04/08	   4.293	   4.323	   4.224	   4.256	          39447	      4.211	      4.061	      3.999	      3.641	           	      0.000	    394.470	    459.738	    394.045	      0.131	      0.112	      0.038	
 2019/04/09	   4.248	   4.249	   4.213	   4.239	          45800	      4.231	      4.092	      4.015	      3.658	           	      0.000	    458.000	    306.698	    428.045	      0.133	      0.116	      0.033	
 2019/04/10	   4.192	   4.265	   4.192	   4.246	         140700	      4.250	      4.129	      4.030	      3.675	           	      0.000	   1407.000	    544.498	    507.145	      0.133	      0.120	      0.027	
 2019/04/11	   4.179	   4.197	   4.171	   4.171	           3600	      4.238	      4.159	      4.041	      3.691	           	      0.000	     36.000	    514.494	    499.045	      0.126	      0.121	      0.011	
 2019/04/12	   4.163	   4.163	   4.145	   4.163	           2100	      4.215	      4.188	      4.058	      3.707	           	      0.000	     21.000	    463.294	    495.145	      0.119	      0.121	     -0.004	
 2019/04/15	   4.183	   4.236	   4.127	   4.127	           6543	      4.189	      4.200	      4.070	      3.722	           	      0.000	     65.430	    397.486	    428.612	      0.108	      0.118	     -0.019	
 2019/04/16	   4.105	   4.182	   4.095	   4.182	          28500	      4.178	      4.205	      4.094	      3.739	           	      0.000	    285.000	    362.886	    334.792	      0.104	      0.115	     -0.023	
 2019/04/17	   4.188	   4.218	   4.188	   4.203	          44964	      4.169	      4.210	      4.105	      3.755	           	      0.000	    449.640	    171.414	    357.956	      0.100	      0.112	     -0.024	
 2019/04/18	   4.212	   4.222	   4.212	   4.217	          26078	      4.178	      4.208	      4.109	      3.771	           	      0.000	    260.780	    216.370	    365.432	      0.098	      0.109	     -0.023	
 2019/04/19	   4.197	   4.216	   4.168	   4.216	           5341	      4.189	      4.202	      4.119	      3.788	           	      0.000	     53.410	    222.852	    343.073	      0.094	      0.106	     -0.024	
 2019/04/22	   4.224	   4.224	   4.163	   4.163	            300	      4.196	      4.193	      4.127	      3.802	           	      0.000	      3.000	    210.366	    303.926	      0.087	      0.102	     -0.032	
 2019/04/23	   4.150	   4.150	   4.150	   4.150	           1000	      4.190	      4.184	      4.138	      3.817	           	      0.000	     10.000	    155.366	    259.126	      0.078	      0.098	     -0.038	
 2019/04/24	   4.150	   4.150	   4.150	   4.150	              0	      4.179	      4.174	      4.152	      3.832	           	      0.000	      0.000	     65.438	    118.426	      0.071	      0.092	     -0.042	
 2019/04/25	   4.060	   4.081	   4.010	   4.010	           8800	      4.138	      4.158	      4.158	      3.845	           	      0.000	     88.000	     30.882	    123.626	      0.054	      0.085	     -0.062	
 2019/04/26	   4.000	   4.015	   4.000	   4.000	          75400	      4.095	      4.142	      4.165	      3.857	           	      0.000	    754.000	    171.000	    196.926	      0.038	      0.075	     -0.074	
 2019/04/29	   3.962	   3.980	   3.953	   3.953	          70200	      4.053	      4.124	      4.162	      3.868	           	      0.000	    702.000	    310.800	    260.583	      0.022	      0.065	     -0.085	
 2019/04/30	   3.953	   3.953	   3.953	   3.953	              0	      4.013	      4.102	      4.153	      3.879	           	      0.000	      0.000	    308.800	    232.083	      0.009	      0.054	     -0.089	
 2019/05/06	   3.850	   3.850	   3.800	   3.810	          70539	      3.945	      4.062	      4.136	      3.888	           	      0.000	    705.390	    449.878	    257.658	     -0.012	      0.040	     -0.106	
 2019/05/07	   3.907	   4.189	   3.731	   3.731	           4300	      3.889	      4.014	      4.111	      3.896	           	      0.000	     43.000	    440.878	    235.880	     -0.036	      0.025	     -0.121	
 2019/05/08	   3.708	   3.709	   3.708	   3.708	           3800	      3.831	      3.963	      4.082	      3.904	           	      0.000	     38.000	    297.678	    234.339	     -0.055	      0.009	     -0.128	
 2019/05/09	   3.740	   3.740	   3.740	   3.740	            800	      3.788	      3.921	      4.057	      3.911	           	      0.000	      8.000	    158.878	    234.839	     -0.067	     -0.006	     -0.122	
 2019/05/10	   3.740	   3.740	   3.740	   3.740	              0	      3.746	      3.879	      4.032	      3.918	           	      0.000	      0.000	    158.878	    233.839	     -0.076	     -0.020	     -0.112	
 2019/05/13	   3.740	   3.740	   3.740	   3.740	              0	      3.732	      3.839	      4.006	      3.924	           	      0.000	      0.000	     17.800	    233.839	     -0.082	     -0.032	     -0.099	
 2019/05/14	   3.740	   3.740	   3.740	   3.740	              0	      3.734	      3.812	      3.985	      3.928	           	      0.000	      0.000	      9.200	    225.039	     -0.086	     -0.043	     -0.085	
 2019/05/15	   3.740	   3.740	   3.740	   3.740	              0	      3.740	      3.786	      3.964	      3.933	           	      0.000	      0.000	      1.600	    149.639	     -0.088	     -0.052	     -0.071	
 2019/05/16	   3.751	   3.751	   3.751	   3.751	            100	      3.742	      3.765	      3.945	      3.938	           	      0.000	      1.000	      0.200	     79.539	     -0.087	     -0.059	     -0.056	
 2019/05/17	   3.708	   3.716	   3.708	   3.716	           8100	      3.737	      3.742	      3.922	      3.942	           	      0.000	     81.000	     16.400	     87.639	     -0.089	     -0.065	     -0.048	
 2019/05/20	   3.704	   3.716	   3.641	   3.642	          10000	      3.718	      3.725	      3.894	      3.944	           	      0.000	    100.000	     36.400	     27.100	     -0.095	     -0.071	     -0.048	
 2019/05/21	   3.680	   3.725	   3.680	   3.725	          10343	      3.715	      3.724	      3.869	      3.948	           	      0.000	    103.430	     57.086	     33.143	     -0.092	     -0.075	     -0.034	
 2019/05/22	   3.760	   3.760	   3.723	   3.723	          34800	      3.711	      3.726	      3.844	      3.951	           	      0.000	    348.000	    126.686	     64.143	     -0.089	     -0.078	     -0.022	
 2019/05/23	   3.636	   3.696	   3.636	   3.696	           1100	      3.700	      3.721	      3.821	      3.952	           	      0.000	     11.000	    128.686	     64.443	     -0.087	     -0.080	     -0.015	
 2019/05/24	   3.664	   3.664	   3.664	   3.664	            100	      3.690	      3.714	      3.797	      3.949	           	      0.000	      1.000	    112.686	     64.543	     -0.088	     -0.081	     -0.013	
数据来源:通达信
