Strategy,Final Value,Total Return,Total Trades,Win Rate,Annual Return,Sharpe Ratio,Excess Return,Time in Market
Strategy 2: SF12Re,55118705.45048831,5510.8705450488305,16,0.5625,,,,
Strategy 1: Bull Rise,25485.77769136813,1.548577769136813,106,0.4339622641509434,,,,
Strategy 4: ETF Rotation,16969.83601122521,0.6969836011225209,N/A,N/A,0.10751991769753633,0.5903406907162853,,
Strategy 3: 10-Day Low,10020.764284909286,0.002076428490928629,17,0.4117647058823529,,,,
Strategy 5: VIX Fix,730.5042476206099,-0.9269495752379389,13,0.3076923076923077,,,0.04441163934309467,0.7862068965517242
