´úÂë,¼ò³Æ,ÈÕÆÚ,¿ªÅÌ¼Û(Ôª),×î¸ß¼Û(Ôª),×îµÍ¼Û(Ôª),ÊÕÅÌ¼Û(Ôª),³É½»Á¿(¹É),»»ÊÖÂÊ(%),A¹ÉÁ÷Í¨ÊÐÖµ(Ôª),×ÜÊÐÖµ(Ôª),ÊÐÓ¯ÂÊ,
600202.SH,¹þ¿Õµ÷,1999-06-03,2.5965,2.8807,2.54,2.7013,19980200,66.6007,402000000,1496726400,44.7557,
600202.SH,¹þ¿Õµ÷,1999-06-04,2.6247,2.9714,2.5904,2.9714,10046800,33.4893,442200000,1646399040,49.2313,
600202.SH,¹þ¿Õµ÷,1999-06-07,3.0662,3.2254,2.9996,3.1045,11945100,39.817,462000000,1720118400,51.4357,
600202.SH,¹þ¿Õµ÷,1999-06-08,3.1045,3.1811,2.9835,3.0601,4003100,13.3437,455400000,1695545280,50.7009,
600202.SH,¹þ¿Õµ÷,1999-06-09,3.0541,3.1045,2.9634,2.9795,2988700,9.9623,443400000,1650866880,49.3649,
600202.SH,¹þ¿Õµ÷,1999-06-10,3.0238,3.0642,2.923,2.9432,3243800,10.8127,438000000,1630761600,48.7637,
600202.SH,¹þ¿Õµ÷,1999-06-11,2.9251,2.9855,2.8424,2.8747,2828900,9.4297,427800000,1592784960,47.6281,
600202.SH,¹þ¿Õµ÷,1999-06-14,2.8787,3.0017,2.8525,2.9734,1797000,5.99,442500000,1647516000,49.2647,
600202.SH,¹þ¿Õµ÷,1999-06-15,2.9835,3.0642,2.7819,2.8323,2266000,7.5533,421500000,1569328800,46.9267,
600202.SH,¹þ¿Õµ÷,1999-06-16,2.8323,3.0138,2.8323,2.9613,2053600,6.8453,440700000,1640814240,49.0643,
600202.SH,¹þ¿Õµ÷,1999-06-17,3.0037,3.2577,2.9835,3.1891,5138100,17.127,474600000,1767030720,52.8385,
600202.SH,¹þ¿Õµ÷,1999-06-18,3.2254,3.2456,3.0621,3.1045,2484800,8.2827,462000000,1720118400,51.4357,
600202.SH,¹þ¿Õµ÷,1999-06-21,3.0823,3.1851,3.04,3.1347,1895400,6.318,466500000,1736872800,51.9367,
600202.SH,¹þ¿Õµ÷,1999-06-22,3.0843,3.2012,3.0541,3.0944,1582000,5.2733,460500000,1714533600,51.2687,
600202.SH,¹þ¿Õµ÷,1999-06-23,3.0944,3.3867,3.0944,3.2557,3655000,12.1833,484500000,1803890400,53.9407,
600202.SH,¹þ¿Õµ÷,1999-06-24,3.2637,3.3161,3.1952,3.2436,2618300,8.7277,482700000,1797188640,53.7403,
600202.SH,¹þ¿Õµ÷,1999-06-25,3.2617,3.3968,2.9634,3.0238,4238600,14.1287,450000000,1675440000,50.0997,
600202.SH,¹þ¿Õµ÷,1999-06-28,3.0742,3.2254,3.0642,3.2214,3487600,11.6253,479400000,1784902080,53.3729,
600202.SH,¹þ¿Õµ÷,1999-06-29,3.2456,3.3464,3.1206,3.2053,3021900,10.073,477000000,1775966400,53.1057,
600202.SH,¹þ¿Õµ÷,1999-06-30,3.1831,3.1952,2.9634,3.044,2624200,8.7473,453000000,1686609600,50.4337,
600202.SH,¹þ¿Õµ÷,1999-07-01,2.9432,2.9432,2.7396,2.8021,1459200,4.864,417000000,1552574400,46.4257,
600202.SH,¹þ¿Õµ÷,1999-07-02,2.8626,3.0238,2.7819,2.9936,1356400,4.5213,445500000,1658685600,49.5987,
600202.SH,¹þ¿Õµ÷,1999-07-05,3.0198,3.0238,2.8827,2.8989,826500,2.755,431400000,1606188480,48.0289,
600202.SH,¹þ¿Õµ÷,1999-07-06,2.913,3.0037,2.7981,2.8404,1131400,3.7713,422700000,1573796640,47.0603,
600202.SH,¹þ¿Õµ÷,1999-07-07,2.8827,2.9472,2.8222,2.9392,769600,2.5653,437400000,1628527680,48.6969,
600202.SH,¹þ¿Õµ÷,1999-07-08,2.9392,3.0541,2.9029,3.0138,1248800,4.1627,448500000,1669855200,49.9327,
600202.SH,¹þ¿Õµ÷,1999-07-09,3.0097,3.0843,2.9331,3.0138,954000,3.18,448500000,1669855200,49.9327,
600202.SH,¹þ¿Õµ÷,1999-07-12,3.0037,3.0803,2.9634,3.0702,854600,2.8487,456900000,1701130080,50.8679,
600202.SH,¹þ¿Õµ÷,1999-07-13,3.0702,3.0702,2.923,2.9331,670900,2.2363,436500000,1625176800,48.5967,
600202.SH,¹þ¿Õµ÷,1999-07-14,2.923,3.0642,2.8928,3.0238,718700,2.3957,450000000,1675440000,50.0997,
600202.SH,¹þ¿Õµ÷,1999-07-15,3.0037,3.044,2.9634,2.9916,581000,1.9367,445200000,1657568640,49.5653,
600202.SH,¹þ¿Õµ÷,1999-07-16,2.9835,2.9956,2.8888,2.9029,551800,1.8393,432000000,1608422400,48.0957,
600202.SH,¹þ¿Õµ÷,1999-07-19,2.8323,2.8868,2.8222,2.8626,475840,1.5861,426000000,1586083200,47.4277,
600202.SH,¹þ¿Õµ÷,1999-07-20,2.8384,3.0218,2.8384,2.9835,505400,1.6847,444000000,1653100800,49.4317,
600202.SH,¹þ¿Õµ÷,1999-07-21,2.9936,3.1105,2.9593,3.04,1508700,5.029,452400000,1684375680,50.3669,
600202.SH,¹þ¿Õµ÷,1999-07-22,3.0238,3.044,2.8626,2.915,635800,2.1193,433800000,1615124160,48.2961,
600202.SH,¹þ¿Õµ÷,1999-07-23,2.919,3.0037,2.919,2.9775,452800,1.5093,443100000,1649749920,49.3315,
600202.SH,¹þ¿Õµ÷,1999-07-26,2.9755,3.1105,2.9634,3.0279,731100,2.437,450600000,1677673920,50.1665,
600202.SH,¹þ¿Õµ÷,1999-07-27,3.0843,3.0843,2.9956,3.0158,404200,1.3473,448800000,1670972160,49.9661,
600202.SH,¹þ¿Õµ÷,1999-07-28,3.0238,3.0642,2.9634,2.9734,390900,1.303,442500000,1647516000,49.2647,
600202.SH,¹þ¿Õµ÷,1999-07-29,2.9291,3.0198,2.9291,2.9513,412100,1.3737,439200000,1635229440,48.8973,
600202.SH,¹þ¿Õµ÷,1999-07-30,2.9432,3.0037,2.9432,2.9996,171500,0.5717,446400000,1662036480,49.6989,
600202.SH,¹þ¿Õµ÷,1999-08-02,2.9996,2.9996,2.9996,2.9996,--,--,446400000,1662036480,49.6989,
600202.SH,¹þ¿Õµ÷,1999-08-03,3.05,3.2436,3.0158,3.1811,1906300,6.3543,473400000,1762562880,52.7049,
600202.SH,¹þ¿Õµ÷,1999-08-04,3.1871,3.1992,3.1125,3.1347,1046600,3.4887,466500000,1736872800,51.9367,
600202.SH,¹þ¿Õµ÷,1999-08-05,3.1488,3.175,3.0783,3.0843,582500,1.9417,459000000,1708948800,51.1017,
600202.SH,¹þ¿Õµ÷,1999-08-06,3.1045,3.1408,3.0541,3.1166,923100,3.077,463800000,1726820160,51.6361,
600202.SH,¹þ¿Õµ÷,1999-08-09,3.1246,3.1529,3.0037,3.0238,514500,1.715,450000000,1675440000,50.0997,
600202.SH,¹þ¿Õµ÷,1999-08-10,3.0238,3.0238,2.9452,2.9734,545500,1.8183,442500000,1647516000,49.2647,
600202.SH,¹þ¿Õµ÷,1999-08-11,2.9734,3.0037,2.9029,2.913,357800,1.1927,433500000,1614007200,48.2627,
600202.SH,¹þ¿Õµ÷,1999-08-12,2.915,2.9634,2.8928,2.913,228100,0.7603,433500000,1614007200,48.2627,
600202.SH,¹þ¿Õµ÷,1999-08-13,2.9351,2.9553,2.9009,2.9251,161800,0.5393,435300000,1620708960,48.4631,
600202.SH,¹þ¿Õµ÷,1999-08-16,2.9029,2.9755,2.9029,2.9432,236200,0.7873,438000000,1630761600,48.7637,
600202.SH,¹þ¿Õµ÷,1999-08-17,2.9493,2.9795,2.8626,2.8626,320900,1.0697,426000000,1586083200,47.4277,
600202.SH,¹þ¿Õµ÷,1999-08-18,2.9009,2.9009,2.8061,2.8323,386500,1.2883,421500000,1569328800,46.9267,
600202.SH,¹þ¿Õµ÷,1999-08-19,2.8444,2.9593,2.8323,2.9412,425000,1.4167,437700000,1629644640,48.7303,
600202.SH,¹þ¿Õµ÷,1999-08-20,2.9412,2.9412,2.8626,2.8626,453500,1.5117,426000000,1586083200,47.4277,
600202.SH,¹þ¿Õµ÷,1999-08-23,2.7235,2.788,2.6449,2.7235,1075100,3.5837,405300000,1509012960,45.1231,
600202.SH,¹þ¿Õµ÷,1999-08-24,2.7013,2.7981,2.7013,2.7739,533400,1.778,412800000,1536936960,45.9581,
600202.SH,¹þ¿Õµ÷,1999-08-25,2.7719,2.7739,2.6912,2.7114,492900,1.643,403500000,1502311200,44.9227,
600202.SH,¹þ¿Õµ÷,1999-08-26,2.7094,2.7396,2.667,2.7295,349100,1.1637,406200000,1512363840,45.2233,
600202.SH,¹þ¿Õµ÷,1999-08-27,2.7497,2.7658,2.7235,2.7577,268100,0.8937,410400000,1528001280,45.6909,
600202.SH,¹þ¿Õµ÷,1999-08-30,2.7013,2.7598,2.7013,2.7376,296900,0.9897,407400000,1516831680,45.3569,
600202.SH,¹þ¿Õµ÷,1999-08-31,2.7416,2.8162,2.7275,2.8021,378900,1.263,417000000,1552574400,46.4257,
600202.SH,¹þ¿Õµ÷,1999-09-01,2.8021,2.8021,2.7577,2.7678,187900,0.6263,411900000,1533586080,45.8579,
600202.SH,¹þ¿Õµ÷,1999-09-02,2.7779,2.8222,2.7376,2.8222,160900,0.5363,420000000,1563744000,46.7597,
600202.SH,¹þ¿Õµ÷,1999-09-03,2.8222,2.8525,2.7517,2.8303,432100,1.4403,421200000,1568211840,46.8933,
600202.SH,¹þ¿Õµ÷,1999-09-06,2.8323,2.8585,2.792,2.8444,331800,1.106,423300000,1576030560,47.1271,
600202.SH,¹þ¿Õµ÷,1999-09-07,2.8323,2.8525,2.786,2.792,199300,0.6643,415500000,1546989600,46.2587,
600202.SH,¹þ¿Õµ÷,1999-09-08,2.792,2.8364,2.7819,2.7981,151700,0.5057,416400000,1550340480,46.3589,
600202.SH,¹þ¿Õµ÷,1999-09-09,2.8847,3.0238,2.8424,2.9493,896200,2.9873,438900000,1634112480,48.8639,
600202.SH,¹þ¿Õµ÷,1999-09-10,2.9493,2.9835,2.8827,2.8847,656300,2.1877,429300000,1598369760,47.7951,
600202.SH,¹þ¿Õµ÷,1999-09-13,2.9029,2.9634,2.8827,2.9573,390300,1.301,440100000,1638580320,48.9975,
600202.SH,¹þ¿Õµ÷,1999-09-14,2.9634,2.9795,2.923,2.9331,220100,0.7337,436500000,1625176800,48.5967,
600202.SH,¹þ¿Õµ÷,1999-09-15,2.921,2.9452,2.8827,2.8888,238800,0.796,429900000,1600603680,47.8619,
600202.SH,¹þ¿Õµ÷,1999-09-16,2.8827,2.8827,2.8263,2.8364,233600,0.7787,422100000,1571562720,46.9935,
600202.SH,¹þ¿Õµ÷,1999-09-17,2.8283,2.8787,2.8243,2.8384,140500,0.4683,422400000,1572679680,47.0269,
600202.SH,¹þ¿Õµ÷,1999-09-20,2.8424,2.8424,2.7819,2.792,158700,0.529,415500000,1546989600,46.2587,
600202.SH,¹þ¿Õµ÷,1999-09-21,2.7719,2.8202,2.7719,2.8061,96300,0.321,417600000,1554808320,46.4925,
600202.SH,¹þ¿Õµ÷,1999-09-22,2.8222,2.8424,2.7981,2.8041,78900,0.263,417300000,1553691360,46.4591,
600202.SH,¹þ¿Õµ÷,1999-09-23,2.8021,2.8222,2.7819,2.786,132800,0.4427,414600000,1543638720,46.1585,
600202.SH,¹þ¿Õµ÷,1999-09-24,2.8021,2.8827,2.792,2.8424,162500,0.5417,423000000,1574913600,47.0937,
600202.SH,¹þ¿Õµ÷,1999-09-27,2.8424,2.9029,2.8263,2.8989,161700,0.539,431400000,1606188480,48.0289,
600202.SH,¹þ¿Õµ÷,1999-09-28,2.8989,2.923,2.8626,2.9029,281400,0.938,432000000,1608422400,48.0957,
600202.SH,¹þ¿Õµ÷,1999-09-29,2.8928,2.923,2.8525,2.8545,133150,0.4438,424800000,1581615360,47.2941,
600202.SH,¹þ¿Õµ÷,1999-09-30,2.8666,2.8686,2.8021,2.8142,154100,0.5137,418800000,1559276160,46.6261,
600202.SH,¹þ¿Õµ÷,1999-10-08,2.8182,2.8182,2.7819,2.794,102000,0.34,415800000,1548106560,46.2921,
600202.SH,¹þ¿Õµ÷,1999-10-11,2.8827,2.921,2.7215,2.8041,61600,0.2053,417300000,1553691360,46.4591,
600202.SH,¹þ¿Õµ÷,1999-10-12,2.8142,2.8222,2.7839,2.8202,58400,0.1947,419700000,1562627040,46.7263,
600202.SH,¹þ¿Õµ÷,1999-10-13,2.7981,2.8303,2.7618,2.7618,108600,0.362,411000000,1530235200,45.7577,
600202.SH,¹þ¿Õµ÷,1999-10-14,2.7819,2.8222,2.7618,2.7839,107600,0.3587,414300000,1542521760,46.1251,
600202.SH,¹þ¿Õµ÷,1999-10-15,2.8182,2.8787,2.8182,2.8485,154200,0.514,423900000,1578264480,47.1939,
600202.SH,¹þ¿Õµ÷,1999-10-18,2.8384,2.8626,2.786,2.786,117600,0.392,414600000,1543638720,46.1585,
600202.SH,¹þ¿Õµ÷,1999-10-19,2.7779,2.788,2.7416,2.7618,91700,0.3057,411000000,1530235200,45.7577,
600202.SH,¹þ¿Õµ÷,1999-10-20,2.7819,2.8424,2.7658,2.8222,134000,0.4467,420000000,1563744000,46.7597,
600202.SH,¹þ¿Õµ÷,1999-10-21,2.8263,2.8545,2.7839,2.8505,265900,0.8863,424200000,1579381440,47.2273,
600202.SH,¹þ¿Õµ÷,1999-10-22,2.8525,3.0238,2.8525,2.9432,1279900,4.2663,438000000,1630761600,48.7637,
600202.SH,¹þ¿Õµ÷,1999-10-25,2.9613,2.9835,2.9049,2.9472,566600,1.8887,438600000,1632995520,48.8305,
600202.SH,¹þ¿Õµ÷,1999-10-26,2.9593,3.0279,2.9452,2.9734,471200,1.5707,442500000,1647516000,49.2647,
600202.SH,¹þ¿Õµ÷,1999-10-27,3.0238,3.04,2.9472,2.9996,724600,2.4153,446400000,1662036480,49.6989,
600202.SH,¹þ¿Õµ÷,1999-10-28,3.0198,3.0238,2.9331,2.9351,389700,1.299,436800000,1626293760,48.6301,
600202.SH,¹þ¿Õµ÷,1999-10-29,2.923,2.9634,2.8928,2.915,253700,0.8457,433800000,1615124160,48.2961,
600202.SH,¹þ¿Õµ÷,1999-11-01,2.9009,2.9392,2.8868,2.8989,119900,0.3997,431400000,1606188480,48.0289,
600202.SH,¹þ¿Õµ÷,1999-11-02,2.8888,2.923,2.8646,2.8989,158800,0.5293,431400000,1606188480,48.0289,
600202.SH,¹þ¿Õµ÷,1999-11-03,2.9069,2.923,2.8626,2.8747,129500,0.4317,427800000,1592784960,47.6281,
600202.SH,¹þ¿Õµ÷,1999-11-04,2.8827,2.8827,2.8384,2.8626,120400,0.4013,426000000,1586083200,47.4277,
600202.SH,¹þ¿Õµ÷,1999-11-05,2.8827,2.919,2.8626,2.8767,101700,0.339,428100000,1593901920,47.6615,
600202.SH,¹þ¿Õµ÷,1999-11-08,2.8646,2.9432,2.8646,2.923,169900,0.5663,435000000,1619592000,48.4297,
600202.SH,¹þ¿Õµ÷,1999-11-09,2.9271,2.9412,2.9029,2.9029,117200,0.3907,432000000,1608422400,48.0957,
600202.SH,¹þ¿Õµ÷,1999-11-10,2.9029,2.9029,2.8404,2.8646,135500,0.4517,426300000,1587200160,47.4611,
600202.SH,¹þ¿Õµ÷,1999-11-11,2.8585,2.8989,2.8485,2.8646,77300,0.2577,426300000,1587200160,47.4611,
600202.SH,¹þ¿Õµ÷,1999-11-12,2.8646,2.9331,2.8646,2.913,128100,0.427,433500000,1614007200,48.2627,
600202.SH,¹þ¿Õµ÷,1999-11-15,2.9351,2.9573,2.8948,2.9472,196000,0.6533,438600000,1632995520,48.8305,
600202.SH,¹þ¿Õµ÷,1999-11-16,2.9734,2.9835,2.8021,2.8021,292400,0.9747,417000000,1552574400,46.4257,
600202.SH,¹þ¿Õµ÷,1999-11-17,2.8041,2.8989,2.8041,2.8787,175500,0.585,428400000,1595018880,47.6949,
600202.SH,¹þ¿Õµ÷,1999-11-18,2.8928,2.9251,2.8424,2.8726,290100,0.967,427500000,1591668000,47.5947,
600202.SH,¹þ¿Õµ÷,1999-11-19,2.8726,2.9029,2.8545,2.8626,194200,0.6473,426000000,1586083200,47.4277,
600202.SH,¹þ¿Õµ÷,1999-11-22,2.8626,2.8626,2.8061,2.8142,257900,0.8597,418800000,1559276160,46.6261,
600202.SH,¹þ¿Õµ÷,1999-11-23,2.8162,2.8404,2.8142,2.8323,100400,0.3347,421500000,1569328800,46.9267,
600202.SH,¹þ¿Õµ÷,1999-11-24,2.8222,2.8505,2.8222,2.8222,111600,0.372,420000000,1563744000,46.7597,
600202.SH,¹þ¿Õµ÷,1999-11-25,2.8222,2.8525,2.8182,2.8384,106400,0.3547,422400000,1572679680,47.0269,
600202.SH,¹þ¿Õµ÷,1999-11-26,2.8283,2.8726,2.8283,2.8464,51700,0.1723,423600000,1577147520,47.1605,
600202.SH,¹þ¿Õµ÷,1999-11-29,2.8585,2.8928,2.8565,2.8626,106700,0.3557,426000000,1586083200,47.4277,
600202.SH,¹þ¿Õµ÷,1999-11-30,2.8787,2.9089,2.8626,2.8989,181300,0.6043,431400000,1606188480,48.0289,
600202.SH,¹þ¿Õµ÷,1999-12-01,2.9029,2.923,2.8747,2.9029,145900,0.4863,432000000,1608422400,48.0957,
600202.SH,¹þ¿Õµ÷,1999-12-02,2.9109,2.923,2.8545,2.8827,186000,0.62,429000000,1597252800,47.7617,
600202.SH,¹þ¿Õµ÷,1999-12-03,2.8626,2.8847,2.8243,2.8485,90900,0.303,423900000,1578264480,47.1939,
600202.SH,¹þ¿Õµ÷,1999-12-06,2.8525,2.8525,2.8122,2.8222,160500,0.535,420000000,1563744000,46.7597,
600202.SH,¹þ¿Õµ÷,1999-12-07,2.8182,2.8525,2.8182,2.8222,49000,0.1633,420000000,1563744000,46.7597,
600202.SH,¹þ¿Õµ÷,1999-12-08,2.8243,2.8847,2.8222,2.8787,124100,0.4137,428400000,1595018880,47.6949,
600202.SH,¹þ¿Õµ÷,1999-12-09,2.8888,2.8908,2.8485,2.8545,60500,0.2017,424800000,1581615360,47.2941,
600202.SH,¹þ¿Õµ÷,1999-12-10,2.8384,2.8807,2.8343,2.8787,63956,0.2132,428400000,1595018880,47.6949,
600202.SH,¹þ¿Õµ÷,1999-12-13,2.8626,2.919,2.8626,2.8928,142800,0.476,430500000,1602837600,47.9287,
600202.SH,¹þ¿Õµ÷,1999-12-14,2.8646,2.9109,2.8606,2.9069,104200,0.3473,432600000,1610656320,48.1625,
600202.SH,¹þ¿Õµ÷,1999-12-15,2.919,2.9835,2.8928,2.9331,474600,1.582,436500000,1625176800,48.5967,
600202.SH,¹þ¿Õµ÷,1999-12-16,2.9573,2.9573,2.913,2.919,184900,0.6163,434400000,1617358080,48.3629,
600202.SH,¹þ¿Õµ÷,1999-12-17,2.9049,2.923,2.8827,2.8847,123400,0.4113,429300000,1598369760,47.7951,
600202.SH,¹þ¿Õµ÷,1999-12-21,2.8767,2.8928,2.8626,2.8666,138500,0.4617,426600000,1588317120,47.4945,
600202.SH,¹þ¿Õµ÷,1999-12-22,2.8666,2.8787,2.8303,2.8303,119000,0.3967,421200000,1568211840,46.8933,
600202.SH,¹þ¿Õµ÷,1999-12-23,2.8263,2.8606,2.7577,2.7759,315100,1.0503,413100000,1538053920,45.9915,
600202.SH,¹þ¿Õµ÷,1999-12-24,2.7759,2.7819,2.6852,2.7315,182600,0.6087,406500000,1513480800,45.2567,
600202.SH,¹þ¿Õµ÷,1999-12-27,2.6912,2.7336,2.6549,2.6549,204600,0.682,395100000,1471036320,43.9875,
600202.SH,¹þ¿Õµ÷,1999-12-28,2.6408,2.7114,2.6186,2.6811,375000,1.25,399000000,1485556800,44.4217,
600202.SH,¹þ¿Õµ÷,1999-12-29,2.6912,2.7013,2.6569,2.6731,96800,0.3227,397800000,1481088960,44.2881,
600202.SH,¹þ¿Õµ÷,1999-12-30,2.6811,2.7194,2.6811,2.6952,45300,0.151,401100000,1493375520,44.6555,
600202.SH,¹þ¿Õµ÷,2000-01-04,2.7053,2.7416,2.6469,2.7376,210400,0.7013,407400000,1516831680,45.3569,
600202.SH,¹þ¿Õµ÷,2000-01-05,2.7416,2.7819,2.6771,2.7215,295500,0.985,405000000,1507896000,45.0897,
600202.SH,¹þ¿Õµ÷,2000-01-06,2.7013,2.8021,2.6811,2.792,301700,1.0057,415500000,1546989600,46.2587,
600202.SH,¹þ¿Õµ÷,2000-01-07,2.8021,2.8868,2.7819,2.8444,969500,3.2317,423300000,1576030560,47.1271,
600202.SH,¹þ¿Õµ÷,2000-01-10,2.8485,2.9009,2.8061,2.8747,582700,1.9423,427800000,1592784960,47.6281,
600202.SH,¹þ¿Õµ÷,2000-01-11,2.8827,2.8827,2.6832,2.7416,461700,1.539,408000000,1519065600,45.4237,
600202.SH,¹þ¿Õµ÷,2000-01-12,2.7416,2.7618,2.659,2.6711,350200,1.1673,397500000,1479972000,44.2547,
600202.SH,¹þ¿Õµ÷,2000-01-13,2.6368,2.7013,2.6368,2.661,175400,0.5847,396000000,1474387200,44.0877,
600202.SH,¹þ¿Õµ÷,2000-01-14,2.6227,2.6811,2.5844,2.5864,335500,1.1183,384900000,1433059680,42.8519,
600202.SH,¹þ¿Õµ÷,2000-01-17,2.5864,2.6166,2.5158,2.5501,352900,1.1763,379500000,1412954400,42.2507,
600202.SH,¹þ¿Õµ÷,2000-01-18,2.5501,2.6207,2.5501,2.6207,319700,1.0657,390000000,1452048000,43.4197,
600202.SH,¹þ¿Õµ÷,2000-01-19,2.6207,2.6469,2.5904,2.6207,187300,0.6243,390000000,1452048000,43.4197,
600202.SH,¹þ¿Õµ÷,2000-01-20,2.6388,2.6408,2.5803,2.6207,368500,1.2283,390000000,1452048000,43.4197,
600202.SH,¹þ¿Õµ÷,2000-01-21,2.6207,2.6408,2.5521,2.5682,551400,1.838,382200000,1423007040,42.5513,
600202.SH,¹þ¿Õµ÷,2000-01-24,2.5703,2.5703,2.4755,2.5158,671000,2.2367,374400000,1393966080,41.6829,
600202.SH,¹þ¿Õµ÷,2000-01-25,2.54,2.6207,2.5037,2.5763,465200,1.5507,383400000,1427474880,42.6849,
600202.SH,¹þ¿Õµ÷,2000-01-26,2.5803,2.5803,2.5602,2.5703,254100,0.847,382500000,1424124000,42.5847,
600202.SH,¹þ¿Õµ÷,2000-01-27,2.6186,2.8202,2.5602,2.8202,850000,2.8333,419700000,1562627040,46.7263,
600202.SH,¹þ¿Õµ÷,2000-01-28,2.8222,2.8565,2.7215,2.7235,674500,2.2483,405300000,1509012960,45.1231,
600202.SH,¹þ¿Õµ÷,2000-02-14,2.7416,2.9432,2.7416,2.8989,1423900,4.7463,431400000,1606188480,48.0289,
600202.SH,¹þ¿Õµ÷,2000-02-15,2.8989,2.919,2.7497,2.7537,1311000,4.37,409800000,1525767360,45.6241,
600202.SH,¹þ¿Õµ÷,2000-02-16,2.7537,2.7618,2.6449,2.6811,841900,2.8063,399000000,1485556800,44.4217,
600202.SH,¹þ¿Õµ÷,2000-02-17,2.6973,2.7577,2.5844,2.6166,1088300,3.6277,389400000,1449814080,43.3529,
600202.SH,¹þ¿Õµ÷,2000-02-18,2.6045,2.6912,2.542,2.6449,531100,1.7703,393600000,1465451520,43.8205,
600202.SH,¹þ¿Õµ÷,2000-02-21,2.6267,2.661,2.5582,2.661,705200,2.3507,396000000,1474387200,44.0877,
600202.SH,¹þ¿Õµ÷,2000-02-22,2.6811,2.7618,2.5965,2.5965,440200,1.4673,386400000,1438644480,43.0189,
600202.SH,¹þ¿Õµ÷,2000-02-23,2.5904,2.6207,2.5602,2.6005,351400,1.1713,387000000,1440878400,43.0857,
600202.SH,¹þ¿Õµ÷,2000-02-24,2.5844,2.6509,2.5803,2.6368,199500,0.665,392400000,1460983680,43.6869,
600202.SH,¹þ¿Õµ÷,2000-02-25,2.6207,2.6368,2.5904,2.6005,274700,0.9157,387000000,1440878400,43.0857,
600202.SH,¹þ¿Õµ÷,2000-02-28,2.6005,2.6489,2.5824,2.6307,447700,1.4923,391500000,1457632800,43.5867,
600202.SH,¹þ¿Õµ÷,2000-02-29,2.6408,2.7215,2.6005,2.6771,650300,2.1677,398400000,1483322880,44.3549,
600202.SH,¹þ¿Õµ÷,2000-03-01,2.6973,2.7154,2.6449,2.6892,503400,1.678,400200000,1490024640,44.5553,
600202.SH,¹þ¿Õµ÷,2000-03-02,2.7114,2.7154,2.6509,2.661,384100,1.2803,396000000,1474387200,44.0877,
600202.SH,¹þ¿Õµ÷,2000-03-03,2.661,2.7215,2.6428,2.6751,575200,1.9173,398100000,1482205920,44.3215,
600202.SH,¹þ¿Õµ÷,2000-03-06,2.6912,2.7819,2.6751,2.6751,698200,2.3273,398100000,1482205920,44.3215,
600202.SH,¹þ¿Õµ÷,2000-03-07,2.6771,2.7154,2.6227,2.6711,351600,1.172,397500000,1479972000,44.2547,
600202.SH,¹þ¿Õµ÷,2000-03-08,2.6811,2.6973,2.6408,2.6952,307100,1.0237,401100000,1493375520,44.6555,
600202.SH,¹þ¿Õµ÷,2000-03-09,2.6912,2.6952,2.6227,2.6549,348300,1.161,395100000,1471036320,43.9875,
600202.SH,¹þ¿Õµ÷,2000-03-10,2.6549,2.6549,2.5602,2.6005,479000,1.5967,387000000,1440878400,43.0857,
600202.SH,¹þ¿Õµ÷,2000-03-13,2.5803,2.6408,2.5763,2.6408,273700,0.9123,393000000,1463217600,43.7537,
600202.SH,¹þ¿Õµ÷,2000-03-14,2.6227,2.665,2.5803,2.661,473400,1.578,396000000,1474387200,44.0877,
600202.SH,¹þ¿Õµ÷,2000-03-15,2.7215,2.8827,2.7215,2.8263,2428900,8.0963,420600000,1565977920,46.8265,
600202.SH,¹þ¿Õµ÷,2000-03-16,2.8041,2.8182,2.6711,2.6932,759100,2.5303,400800000,1492258560,44.6221,
600202.SH,¹þ¿Õµ÷,2000-03-17,2.6811,2.8122,2.6771,2.7618,596600,1.9887,411000000,1530235200,45.7577,
600202.SH,¹þ¿Õµ÷,2000-03-20,2.7618,2.8606,2.7456,2.8444,1081100,3.6037,423300000,1576030560,47.1271,
600202.SH,¹þ¿Õµ÷,2000-03-21,2.8444,2.9835,2.8444,2.8626,1430200,4.7673,426000000,1586083200,47.4277,
600202.SH,¹þ¿Õµ÷,2000-03-22,2.8646,2.8646,2.786,2.8202,738200,2.4607,419700000,1562627040,46.7263,
600202.SH,¹þ¿Õµ÷,2000-03-23,2.8182,2.8726,2.7819,2.8626,505300,1.6843,426000000,1586083200,47.4277,
600202.SH,¹þ¿Õµ÷,2000-03-24,2.8747,2.9029,2.7819,2.8021,705500,2.3517,417000000,1552574400,46.4257,
600202.SH,¹þ¿Õµ÷,2000-03-27,2.8061,2.9392,2.8021,2.923,995200,3.3173,435000000,1619592000,48.4297,
600202.SH,¹þ¿Õµ÷,2000-03-28,2.9593,3.0621,2.8928,3.0017,1807900,6.0263,446700000,1663153440,49.7323,
600202.SH,¹þ¿Õµ÷,2000-03-29,3.0037,3.0138,2.921,2.9553,627800,2.0927,439800000,1637463360,48.9641,
600202.SH,¹þ¿Õµ÷,2000-03-30,2.9553,3.0037,2.9432,2.9916,642700,2.1423,445200000,1657568640,49.5653,
600202.SH,¹þ¿Õµ÷,2000-03-31,2.9996,3.0017,2.923,2.9432,603800,2.0127,438000000,1630761600,48.7637,
600202.SH,¹þ¿Õµ÷,2000-04-03,2.9432,2.9533,2.8726,2.8726,550900,1.8363,427500000,1591668000,47.5947,
600202.SH,¹þ¿Õµ÷,2000-04-04,2.8525,2.8626,2.8222,2.8222,475400,1.5847,420000000,1563744000,46.7597,
600202.SH,¹þ¿Õµ÷,2000-04-05,2.8222,2.9009,2.8222,2.8585,272100,0.907,425400000,1583849280,47.3609,
600202.SH,¹þ¿Õµ÷,2000-04-06,2.8626,2.921,2.8626,2.9089,359500,1.1983,432900000,1611773280,48.1959,
600202.SH,¹þ¿Õµ÷,2000-04-07,2.919,2.9432,2.8626,2.9331,416400,1.388,436500000,1625176800,48.5967,
600202.SH,¹þ¿Õµ÷,2000-04-10,2.9613,3.0541,2.9493,2.9916,895700,2.9857,445200000,1657568640,49.5653,
600202.SH,¹þ¿Õµ÷,2000-04-11,3.0037,3.0037,2.9432,2.9593,294400,0.9813,440400000,1639697280,49.0309,
600202.SH,¹þ¿Õµ÷,2000-04-12,2.9432,2.9634,2.8787,2.9009,412300,1.3743,431700000,1607305440,48.0623,
600202.SH,¹þ¿Õµ÷,2000-04-13,2.9533,3.0238,2.9432,2.9835,673000,2.2433,444000000,1653100800,55.9779,
600202.SH,¹þ¿Õµ÷,2000-04-14,2.9835,3.0158,2.917,2.9513,604200,2.014,439200000,1635229440,55.3727,
600202.SH,¹þ¿Õµ÷,2000-04-17,2.923,2.9452,2.8424,2.8989,708100,2.3603,431400000,1606188480,54.3893,
600202.SH,¹þ¿Õµ÷,2000-04-18,2.8787,3.0138,2.8585,2.9876,953300,3.1777,444600000,1655334720,56.0535,
600202.SH,¹þ¿Õµ÷,2000-04-19,3.0037,3.1146,2.9896,3.0662,2080000,6.9333,456300000,1698896160,57.5286,
600202.SH,¹þ¿Õµ÷,2000-04-20,3.0803,3.1246,3.0259,3.0682,947300,3.1577,456600000,1700013120,57.5664,
600202.SH,¹þ¿Õµ÷,2000-04-21,3.0763,3.0944,3.0138,3.0259,826600,2.7553,450300000,1676556960,56.7721,
600202.SH,¹þ¿Õµ÷,2000-04-24,3.0279,3.2254,3.0238,3.1811,1787800,5.9593,473400000,1762562880,59.6845,
600202.SH,¹þ¿Õµ÷,2000-04-25,3.1851,3.1851,3.0742,3.1246,612500,2.0417,465000000,1731288000,58.6255,
600202.SH,¹þ¿Õµ÷,2000-04-26,3.1287,3.1428,3.048,3.0763,566300,1.8877,457800000,1704480960,57.7177,
600202.SH,¹þ¿Õµ÷,2000-04-27,3.0843,3.1045,2.9876,2.9956,706500,2.355,445800000,1659802560,56.2048,
600202.SH,¹þ¿Õµ÷,2000-04-28,2.9956,3.0843,2.9775,3.0662,612800,2.0427,456300000,1698896160,57.5286,
600202.SH,¹þ¿Õµ÷,2000-05-08,3.0642,3.1045,3.0158,3.046,404700,1.349,453300000,1687726560,57.1504,
600202.SH,¹þ¿Õµ÷,2000-05-09,3.046,3.1025,3.0238,3.0521,523400,1.7447,454200000,1691077440,57.2638,
600202.SH,¹þ¿Õµ÷,2000-05-10,3.0521,3.0561,2.917,2.921,492200,1.6407,434700000,1618475040,54.8054,
600202.SH,¹þ¿Õµ÷,2000-05-11,2.913,2.9331,2.8424,2.8686,438900,1.463,426900000,1589434080,53.822,
600202.SH,¹þ¿Õµ÷,2000-05-12,2.919,2.9533,2.8847,2.923,497900,1.6597,435000000,1619592000,54.8432,
600202.SH,¹þ¿Õµ÷,2000-05-15,2.9271,2.9331,2.8787,2.9049,136800,0.456,432300000,1609539360,54.5028,
600202.SH,¹þ¿Õµ÷,2000-05-16,2.9049,2.9634,2.9049,2.9251,157400,0.5247,435300000,1620708960,54.881,
600202.SH,¹þ¿Õµ÷,2000-05-17,2.9271,2.9936,2.9251,2.9493,275400,0.918,438900000,1634112480,55.3349,
600202.SH,¹þ¿Õµ÷,2000-05-18,2.9634,3.05,2.9331,3.04,572700,1.909,452400000,1684375680,57.0369,
600202.SH,¹þ¿Õµ÷,2000-05-19,3.04,3.0682,3.0057,3.0682,818900,2.7297,456600000,1700013120,57.5664,
600202.SH,¹þ¿Õµ÷,2000-05-22,3.0944,3.2012,3.0601,3.1448,1442200,4.8073,468000000,1742457600,59.0037,
600202.SH,¹þ¿Õµ÷,2000-05-23,3.1851,3.1851,3.0883,3.177,941300,3.1377,472800000,1760328960,59.6089,
600202.SH,¹þ¿Õµ÷,2000-05-24,3.1851,3.4028,3.1448,3.296,2808100,9.3603,490500000,1826229600,61.8404,
600202.SH,¹þ¿Õµ÷,2000-05-25,3.2799,3.3464,3.2557,3.3061,1325200,4.4173,492000000,1831814400,62.0295,
600202.SH,¹þ¿Õµ÷,2000-05-26,3.3061,3.3061,3.3061,3.3061,--,--,492000000,1831814400,62.0295,
600202.SH,¹þ¿Õµ÷,2000-05-29,3.3061,3.4169,3.2678,3.3867,1968700,6.5623,504000000,1876492800,63.5424,
600202.SH,¹þ¿Õµ÷,2000-05-30,3.3867,3.3948,3.2254,3.2355,1277200,4.2573,481500000,1792720800,60.7057,
600202.SH,¹þ¿Õµ÷,2000-05-31,3.2053,3.3907,3.1871,3.3363,2210300,7.3677,496500000,1848568800,62.5969,
600202.SH,¹þ¿Õµ÷,2000-06-01,3.3363,3.3726,3.2859,3.3363,485200,1.6173,496500000,1848568800,62.5969,
600202.SH,¹þ¿Õµ÷,2000-06-02,3.3363,3.5278,3.2617,3.4472,1833600,6.112,513000000,1910001600,64.6771,
600202.SH,¹þ¿Õµ÷,2000-06-05,3.427,3.5843,3.419,3.4895,2373200,7.9107,519300000,1933457760,65.4714,
600202.SH,¹þ¿Õµ÷,2000-06-06,3.4895,3.6226,3.427,3.548,1772500,5.9083,528000000,1965849600,66.5683,
600202.SH,¹þ¿Õµ÷,2000-06-07,3.6044,3.6185,3.5077,3.548,723500,2.4117,528000000,1965849600,66.5683,
600202.SH,¹þ¿Õµ÷,2000-06-08,3.5419,3.5419,3.427,3.4875,779400,2.598,519000000,1932340800,65.4336,
600202.SH,¹þ¿Õµ÷,2000-06-09,3.429,3.5984,3.429,3.5681,1321800,4.406,531000000,1977019200,66.9465,
600202.SH,¹þ¿Õµ÷,2000-06-12,3.548,3.5782,3.4633,3.5218,462100,1.5403,524100000,1951329120,66.0766,
600202.SH,¹þ¿Õµ÷,2000-06-13,3.5661,3.5883,3.5077,3.5077,400500,1.335,522000000,1943510400,65.8118,
600202.SH,¹þ¿Õµ÷,2000-06-14,3.5077,3.548,3.4512,3.4573,634400,2.1147,514500000,1915586400,64.8662,
600202.SH,¹þ¿Õµ÷,2000-06-15,3.4573,3.5439,3.429,3.5439,576300,1.921,527400000,1963615680,66.4926,
600202.SH,¹þ¿Õµ÷,2000-06-16,3.5439,3.6165,3.4996,3.5641,812400,2.708,530400000,1974785280,66.8709,
600202.SH,¹þ¿Õµ÷,2000-06-19,3.4573,3.5379,3.4431,3.4573,333900,1.113,514500000,1915586400,64.8662,
600202.SH,¹þ¿Õµ÷,2000-06-20,3.4371,3.4754,3.3282,3.3444,498200,1.6607,497700000,1853036640,62.7482,
600202.SH,¹þ¿Õµ÷,2000-06-21,3.3363,3.4573,3.296,3.3665,690800,2.3027,501000000,1865323200,63.1642,
600202.SH,¹þ¿Õµ÷,2000-06-22,3.3262,3.4915,3.3262,3.4472,374600,1.2487,513000000,1910001600,64.6771,
600202.SH,¹þ¿Õµ÷,2000-06-23,3.4774,3.6205,3.4472,3.5984,1072600,3.5753,535500000,1993773600,67.5138,
600202.SH,¹þ¿Õµ÷,2000-06-26,3.6588,3.7475,3.6084,3.6669,814400,2.7147,545700000,2031750240,68.7998,
600202.SH,¹þ¿Õµ÷,2000-06-27,3.679,3.7092,3.5943,3.6871,506000,1.6867,548700000,2042919840,69.178,
600202.SH,¹þ¿Õµ÷,2000-06-28,3.7052,3.7052,3.6488,3.6609,250700,0.8357,544800000,2028399360,68.6864,
600202.SH,¹þ¿Õµ÷,2000-06-29,3.675,3.7092,3.5883,3.6084,279100,0.9303,537000000,1999358400,67.703,
600202.SH,¹þ¿Õµ÷,2000-06-30,3.6084,3.7294,3.5601,3.683,647500,2.1583,548100000,2040685920,69.1024,
600202.SH,¹þ¿Õµ÷,2000-07-03,3.6286,3.6548,3.5681,3.5722,337900,1.1263,531600000,1979253120,67.0221,
600202.SH,¹þ¿Õµ÷,2000-07-04,3.548,3.6084,3.5278,3.5883,266800,0.8893,534000000,1988188800,67.3247,
600202.SH,¹þ¿Õµ÷,2000-07-05,3.5883,3.8282,3.5681,3.7979,828200,2.7607,565200000,2104352640,71.2583,
600202.SH,¹þ¿Õµ÷,2000-07-06,3.7899,3.9511,3.7576,3.9471,1909000,6.3633,587400000,2187007680,74.0572,
600202.SH,¹þ¿Õµ÷,2000-07-07,3.9471,4.0782,3.931,4.0701,3096300,10.321,605700000,2255142240,76.3644,
600202.SH,¹þ¿Õµ÷,2000-07-10,4.0822,4.1729,4.0318,4.1729,2170800,7.236,621000000,2312107200,78.2934,
600202.SH,¹þ¿Õµ÷,2000-07-11,4.187,4.5902,4.1326,4.5902,3207500,10.6917,683100000,2543317920,86.1227,
600202.SH,¹þ¿Õµ÷,2000-07-12,4.5902,4.7313,4.4047,4.5741,1776100,5.9203,680700000,2534382240,85.8201,
600202.SH,¹þ¿Õµ÷,2000-07-13,4.5358,4.5559,4.3322,4.4753,1028000,3.4267,666000000,2479651200,83.9668,
600202.SH,¹þ¿Õµ÷,2000-07-14,4.4551,4.562,4.3563,4.5499,930500,3.1017,677100000,2520978720,85.3662,
600202.SH,¹þ¿Õµ÷,2000-07-17,4.5962,4.5962,4.4047,4.5559,697600,2.3253,678000000,2524329600,85.4797,
600202.SH,¹þ¿Õµ÷,2000-07-18,4.4793,4.6567,4.4551,4.6567,813500,2.7117,693000000,2580177600,87.3709,
600202.SH,¹þ¿Õµ÷,2000-07-19,4.6366,5.0397,4.6325,4.949,1325000,4.4167,736500000,2742136800,92.8552,
600202.SH,¹þ¿Õµ÷,2000-07-20,5.0397,5.1768,4.7736,4.8381,2010000,6.7,720000000,2680704000,90.7749,
600202.SH,¹þ¿Õµ÷,2000-07-21,4.7777,4.9389,4.5962,4.8986,872600,2.9087,729000000,2714212800,91.9096,
600202.SH,¹þ¿Õµ÷,2000-07-24,4.8381,5.1567,4.7373,5.1204,752500,2.5083,762000000,2837078400,96.0701,
600202.SH,¹þ¿Õµ÷,2000-07-25,5.08,5.1546,4.9994,5.1103,846000,2.82,760500000,2831493600,95.881,
600202.SH,¹þ¿Õµ÷,2000-07-26,5.0599,5.1405,4.9289,4.9994,345500,1.1517,744000000,2770060800,93.8008,
600202.SH,¹þ¿Õµ÷,2000-07-27,4.9591,5.0397,4.5116,4.6083,1203900,4.013,685800000,2553370560,86.4631,
600202.SH,¹þ¿Õµ÷,2000-07-28,4.5559,4.7071,4.445,4.6366,572900,1.9097,690000000,2569008000,86.9926,
600202.SH,¹þ¿Õµ÷,2000-07-31,4.6063,4.6366,4.2394,4.5337,1175000,3.9167,674700000,2512043040,82.0225,
600202.SH,¹þ¿Õµ÷,2000-08-01,4.5358,4.6668,4.5337,4.5841,601500,2.005,682200000,2539967040,82.9343,
600202.SH,¹þ¿Õµ÷,2000-08-02,4.5962,4.6325,4.4712,4.5257,335400,1.118,673500000,2507575200,81.8766,
600202.SH,¹þ¿Õµ÷,2000-08-03,4.5358,4.5741,4.3342,4.4088,474700,1.5823,656100000,2442791520,79.7613,
600202.SH,¹þ¿Õµ÷,2000-08-04,4.3483,4.4652,4.316,4.3342,452600,1.5087,645000000,2401464000,78.4119,
600202.SH,¹þ¿Õµ÷,2000-08-07,4.3362,4.3705,4.1386,4.2737,708700,2.3623,636000000,2367955200,77.3178,
600202.SH,¹þ¿Õµ÷,2000-08-08,4.2838,4.5257,4.2334,4.4712,332400,1.108,665400000,2477417280,80.8919,
600202.SH,¹þ¿Õµ÷,2000-08-09,4.4551,4.6366,4.441,4.5539,415000,1.3833,677700000,2523212640,82.3872,
600202.SH,¹þ¿Õµ÷,2000-08-10,4.5559,4.6124,4.5156,4.5761,153700,0.5123,681000000,2535499200,82.7884,
600202.SH,¹þ¿Õµ÷,2000-08-11,4.5761,4.5962,4.4551,4.5257,308000,1.0267,673500000,2507575200,81.8766,
600202.SH,¹þ¿Õµ÷,2000-08-14,4.5156,4.5761,4.435,4.435,158000,0.5267,660000000,2457312000,80.2355,
600202.SH,¹þ¿Õµ÷,2000-08-15,4.4894,4.572,4.4672,4.5257,288100,0.9603,673500000,2507575200,81.8766,
600202.SH,¹þ¿Õµ÷,2000-08-16,4.5257,4.6124,4.4652,4.5257,289700,0.9657,673500000,2507575200,81.8766,
600202.SH,¹þ¿Õµ÷,2000-08-17,4.5358,4.6164,4.435,4.6144,498900,1.663,686700000,2556721440,83.4814,
600202.SH,¹þ¿Õµ÷,2000-08-18,4.6668,4.7172,4.5156,4.5962,397800,1.326,684000000,2546668800,83.1531,
600202.SH,¹þ¿Õµ÷,2000-08-21,4.568,4.6668,4.5257,4.6406,191700,0.639,690600000,2571241920,83.9555,
600202.SH,¹þ¿Õµ÷,2000-08-22,4.6366,4.6527,4.5559,4.6265,168100,0.5603,688500000,2563423200,83.7002,
600202.SH,¹þ¿Õµ÷,2000-08-23,4.568,4.6325,4.2777,4.6285,255300,0.851,688800000,2564540160,83.7366,
600202.SH,¹þ¿Õµ÷,2000-08-24,4.5418,4.6305,4.5398,4.5942,443800,1.4793,683700000,2545551840,83.1166,
600202.SH,¹þ¿Õµ÷,2000-08-25,4.6265,4.6265,4.562,4.6063,88100,0.2937,685500000,2552253600,83.3355,
600202.SH,¹þ¿Õµ÷,2000-08-28,4.6063,4.6265,4.566,4.6063,159200,0.5307,685500000,2552253600,83.3355,
600202.SH,¹þ¿Õµ÷,2000-08-29,4.5962,4.7333,4.5962,4.7273,461600,1.5387,703500000,2619271200,85.5237,
600202.SH,¹þ¿Õµ÷,2000-08-30,4.7273,4.7938,4.6769,4.7273,307600,1.0253,703500000,2619271200,85.5237,
600202.SH,¹þ¿Õµ÷,2000-08-31,4.6769,4.7373,4.6366,4.7353,220700,0.7357,704700000,2623739040,85.6696,
600202.SH,¹þ¿Õµ÷,2000-09-01,4.7293,4.7293,4.6366,4.6648,150900,0.503,694200000,2584645440,84.3931,
600202.SH,¹þ¿Õµ÷,2000-09-04,4.6648,4.7132,4.5257,4.6124,154400,0.5147,686400000,2555604480,83.4449,
600202.SH,¹þ¿Õµ÷,2000-09-05,4.5358,4.6285,4.4753,4.5337,315100,1.0503,674700000,2512043040,82.0225,
600202.SH,¹þ¿Õµ÷,2000-09-06,4.562,4.562,4.4148,4.4753,292300,0.9743,666000000,2479651200,80.9649,
600202.SH,¹þ¿Õµ÷,2000-09-07,4.5761,4.5761,4.435,4.5156,146000,0.4867,672000000,2501990400,81.6943,
600202.SH,¹þ¿Õµ÷,2000-09-08,4.5156,4.5741,4.4793,4.5257,102600,0.342,673500000,2507575200,81.8766,
600202.SH,¹þ¿Õµ÷,2000-09-11,4.5358,4.572,4.4793,4.5156,170100,0.567,672000000,2501990400,81.6943,
600202.SH,¹þ¿Õµ÷,2000-09-12,4.4854,4.5458,4.435,4.5277,389600,1.2987,673800000,2508692160,81.9131,
600202.SH,¹þ¿Õµ÷,2000-09-13,4.5257,4.5962,4.4954,4.5237,117000,0.39,673200000,2506458240,81.8402,
600202.SH,¹þ¿Õµ÷,2000-09-14,4.4954,4.5559,4.445,4.5317,152400,0.508,674400000,2510926080,81.9861,
600202.SH,¹þ¿Õµ÷,2000-09-15,4.4652,4.5499,4.4551,4.5337,105300,0.351,674700000,2512043040,82.0225,
600202.SH,¹þ¿Õµ÷,2000-09-18,4.4551,4.5579,4.4551,4.5579,136700,0.4557,678300000,2525446560,82.4602,
600202.SH,¹þ¿Õµ÷,2000-09-19,4.4652,4.5761,4.4652,4.5761,125100,0.417,681000000,2535499200,82.7884,
600202.SH,¹þ¿Õµ÷,2000-09-20,4.5075,4.6063,4.5075,4.6063,118600,0.3953,685500000,2552253600,83.3355,
600202.SH,¹þ¿Õµ÷,2000-09-21,4.568,4.9954,4.568,4.8039,410400,1.368,714900000,2661715680,86.9096,
600202.SH,¹þ¿Õµ÷,2000-09-22,4.7938,4.9289,4.7394,4.8643,483400,1.6113,723900000,2695224480,88.0037,
600202.SH,¹þ¿Õµ÷,2000-09-25,4.8583,4.8885,4.7575,4.816,171300,0.571,716700000,2668417440,87.1284,
600202.SH,¹þ¿Õµ÷,2000-09-26,4.818,4.9389,4.7877,4.8926,254300,0.8477,728100000,2710861920,88.5143,
600202.SH,¹þ¿Õµ÷,2000-09-27,4.8986,4.9369,4.8381,4.9067,217200,0.724,730200000,2718680640,88.7696,
600202.SH,¹þ¿Õµ÷,2000-09-28,4.8381,4.9389,4.8381,4.8865,203100,0.677,727200000,2707511040,88.4049,
600202.SH,¹þ¿Õµ÷,2000-09-29,4.7998,4.9349,4.7998,4.9188,118900,0.3963,732000000,2725382400,88.9884,
600202.SH,¹þ¿Õµ÷,2000-10-09,4.9208,4.9591,4.8805,4.9147,50700,0.169,731400000,2723148480,88.9155,
600202.SH,¹þ¿Õµ÷,2000-10-10,4.9087,5.0337,4.8684,4.9591,65100,0.217,738000000,2747721600,89.7178,
600202.SH,¹þ¿Õµ÷,2000-10-11,4.9389,4.9793,4.8966,4.9369,79600,0.2653,734700000,2735435040,89.3167,
600202.SH,¹þ¿Õµ÷,2000-10-12,4.8563,4.9591,4.8563,4.8865,139800,0.466,727200000,2707511040,88.4049,
600202.SH,¹þ¿Õµ÷,2000-10-13,4.8583,4.9289,4.8543,4.9228,170500,0.5683,732600000,2727616320,89.0614,
600202.SH,¹þ¿Õµ÷,2000-10-16,4.4309,4.9571,4.4309,4.8341,148800,0.496,719400000,2678470080,87.4567,
600202.SH,¹þ¿Õµ÷,2000-10-17,4.8381,4.8865,4.7273,4.818,121900,0.4063,717000000,2669534400,87.1649,
600202.SH,¹þ¿Õµ÷,2000-10-18,4.818,4.8381,4.7394,4.82,68000,0.2267,717300000,2670651360,87.2014,
600202.SH,¹þ¿Õµ÷,2000-10-19,4.82,4.8926,4.7676,4.8119,49600,0.1653,716100000,2666183520,87.0555,
600202.SH,¹þ¿Õµ÷,2000-10-20,4.814,4.8724,4.7373,4.8724,124000,0.4133,725100000,2699692320,88.1496,
600202.SH,¹þ¿Õµ÷,2000-10-23,4.8381,4.949,4.8381,4.947,144900,0.483,736200000,2741019840,89.499,
600202.SH,¹þ¿Õµ÷,2000-10-24,4.8764,5.2353,4.8764,5.1204,789200,2.6307,762000000,2837078400,92.6355,
600202.SH,¹þ¿Õµ÷,2000-10-25,5.1204,5.2171,5.0619,5.201,254000,0.8467,774000000,2881756800,94.0943,
600202.SH,¹þ¿Õµ÷,2000-10-26,5.1405,5.2333,5.1405,5.2191,102200,0.3407,776700000,2891809440,94.4226,
600202.SH,¹þ¿Õµ÷,2000-10-27,5.2171,5.449,5.1929,5.4409,364200,1.214,809700000,3014675040,98.4343,
600202.SH,¹þ¿Õµ÷,2000-10-30,5.451,5.8219,5.451,5.7655,526400,1.7547,858000000,3194505600,104.3061,
600202.SH,¹þ¿Õµ÷,2000-10-31,5.8058,6.0275,5.6445,5.8038,745600,2.4853,863700000,3215727840,104.999,
600202.SH,¹þ¿Õµ÷,2000-11-01,5.8461,5.9066,5.6888,5.8058,267500,0.8917,864000000,3216844800,105.0355,
600202.SH,¹þ¿Õµ÷,2000-11-02,5.7312,5.8965,5.7251,5.8038,289500,0.965,863700000,3215727840,104.999,
600202.SH,¹þ¿Õµ÷,2000-11-03,5.7453,5.8441,5.7251,5.8259,199200,0.664,867000000,3228014400,105.4002,
600202.SH,¹þ¿Õµ÷,2000-11-06,5.8058,5.8965,5.7856,5.8259,95300,0.3177,867000000,3228014400,105.4002,
600202.SH,¹þ¿Õµ÷,2000-11-07,5.8461,5.8461,5.7292,5.8259,241400,0.8047,867000000,3228014400,105.4002,
600202.SH,¹þ¿Õµ÷,2000-11-08,5.7655,5.836,5.7614,5.8058,97800,0.326,864000000,3216844800,105.0355,
600202.SH,¹þ¿Õµ÷,2000-11-09,5.7655,5.8239,5.7655,5.8219,133300,0.4443,866400000,3225780480,105.3273,
600202.SH,¹þ¿Õµ÷,2000-11-10,5.8058,5.8461,5.7755,5.8259,145900,0.4863,867000000,3228014400,105.4002,
600202.SH,¹þ¿Õµ÷,2000-11-13,5.8259,6.0416,5.8259,5.9106,225800,0.7527,879600000,3274926720,106.932,
600202.SH,¹þ¿Õµ÷,2000-11-14,5.9106,5.967,5.9025,5.965,159400,0.5313,887700000,3305084640,107.9167,
600202.SH,¹þ¿Õµ÷,2000-11-15,5.965,6.1061,5.965,6.1001,163500,0.545,907800000,3379920960,110.3602,
600202.SH,¹þ¿Õµ÷,2000-11-16,6.1082,6.1686,6.1082,6.1283,159700,0.5323,912000000,3395558400,110.8708,
600202.SH,¹þ¿Õµ÷,2000-11-17,6.1888,6.2089,5.9308,5.9469,106100,0.3537,885000000,3295032000,107.5885,
600202.SH,¹þ¿Õµ÷,2000-11-20,5.9368,5.9368,5.7473,5.8219,136712,0.4557,866400000,3225780480,105.3273,
600202.SH,¹þ¿Õµ÷,2000-11-21,5.7755,6.0255,5.2413,5.963,554007,1.8467,887400000,3303967680,107.8802,
600202.SH,¹þ¿Õµ÷,2000-11-22,5.963,6.0033,5.8461,5.9872,151660,0.5055,891000000,3317371200,108.3179,
600202.SH,¹þ¿Õµ÷,2000-11-23,5.967,6.088,5.967,6.0336,126438,0.4215,897900000,3343061280,109.1567,
600202.SH,¹þ¿Õµ÷,2000-11-24,5.9489,6.0477,5.8158,6.0074,531030,1.7701,894000000,3328540800,108.6826,
600202.SH,¹þ¿Õµ÷,2000-11-27,6.0074,6.0436,5.967,6.0235,128547,0.4285,896400000,3337476480,108.9743,
600202.SH,¹þ¿Õµ÷,2000-11-28,6.1444,6.2452,6.0174,6.2251,309941,1.0331,926400000,3449172480,112.6214,
600202.SH,¹þ¿Õµ÷,2000-11-29,6.2251,6.3299,6.1888,6.2856,93315,0.311,935400000,3482681280,113.7155,
600202.SH,¹þ¿Õµ÷,2000-11-30,6.2493,6.6524,6.2493,6.6484,520003,1.7333,989400000,3683734080,120.2803,
600202.SH,¹þ¿Õµ÷,2000-12-01,6.6625,6.9347,6.6585,6.7129,461932,1.5398,999000000,3719476800,121.4473,
600202.SH,¹þ¿Õµ÷,2000-12-04,6.8137,6.8137,6.5557,6.7129,173424,0.5781,999000000,3719476800,121.4473,
600202.SH,¹þ¿Õµ÷,2000-12-05,6.6524,6.8016,6.6524,6.729,67300,0.2243,1001400000,3728412480,121.7391,
600202.SH,¹þ¿Õµ÷,2000-12-06,6.6726,6.7734,6.5758,6.729,128900,0.4297,1001400000,3728412480,121.7391,
600202.SH,¹þ¿Õµ÷,2000-12-07,6.6928,6.7633,6.594,6.7633,205904,0.6863,1006500000,3747400800,122.3591,
600202.SH,¹þ¿Õµ÷,2000-12-08,6.7129,6.854,6.7129,6.8399,75658,0.2522,1017900000,3789845280,123.745,
600202.SH,¹þ¿Õµ÷,2000-12-11,6.8339,6.9548,6.8339,6.8742,225495,0.7516,1023000000,3808833600,124.365,
600202.SH,¹þ¿Õµ÷,2000-12-12,6.8742,6.9649,6.8238,6.854,346050,1.1535,1020000000,3797664000,124.0003,
600202.SH,¹þ¿Õµ÷,2000-12-13,6.7532,6.854,6.6928,6.7633,379250,1.2642,1006500000,3747400800,122.3591,
600202.SH,¹þ¿Õµ÷,2000-12-14,6.7633,6.7694,6.3319,6.4025,744280,2.4809,952800000,3547464960,115.8308,
600202.SH,¹þ¿Õµ÷,2000-12-15,6.4206,6.4206,5.9469,6.0436,1016788,3.3893,899400000,3348646080,109.3391,
600202.SH,¹þ¿Õµ÷,2000-12-18,6.0477,6.2432,5.705,6.2392,547146,1.8238,928500000,3456991200,112.8767,
600202.SH,¹þ¿Õµ÷,2000-12-19,6.1706,6.3501,6.0457,6.1666,687494,2.2916,917700000,3416780640,111.5638,
600202.SH,¹þ¿Õµ÷,2000-12-20,6.1686,6.2493,6.0477,6.2089,238360,0.7945,924000000,3440236800,112.3297,
600202.SH,¹þ¿Õµ÷,2000-12-21,6.1706,6.4509,6.1706,6.4065,471491,1.5716,953400000,3549698880,115.9038,
600202.SH,¹þ¿Õµ÷,2000-12-22,6.3702,6.469,6.2291,6.348,491248,1.6375,944700000,3517307040,114.8461,
600202.SH,¹þ¿Õµ÷,2000-12-25,6.342,6.4448,6.2493,6.3198,298079,0.9936,940500000,3501669600,114.3355,
600202.SH,¹þ¿Õµ÷,2000-12-26,6.3198,6.3259,6.1323,6.2392,237257,0.7909,928500000,3456991200,112.8767,
600202.SH,¹þ¿Õµ÷,2000-12-27,6.2896,6.2896,6.0759,6.1586,111620,0.3721,916500000,3412312800,111.4179,
600202.SH,¹þ¿Õµ÷,2000-12-28,6.2392,6.2392,6.1505,6.2009,60200,0.2007,922800000,3435768960,112.1838,
600202.SH,¹þ¿Õµ÷,2000-12-29,6.2291,6.3662,6.1848,6.3057,95255,0.3175,938400000,3493850880,114.0802,
600202.SH,¹þ¿Õµ÷,2001-01-02,6.3057,6.4468,6.2896,6.4206,112700,0.3757,955500000,3557517600,116.1591,
600202.SH,¹þ¿Õµ÷,2001-01-03,6.4206,6.4408,6.2916,6.346,70600,0.2353,944400000,3516190080,114.8097,
600202.SH,¹þ¿Õµ÷,2001-01-04,6.344,6.6101,6.344,6.4488,291050,0.9702,959700000,3573155040,116.6697,
600202.SH,¹þ¿Õµ÷,2001-01-05,6.4509,6.5476,6.3501,6.4428,187200,0.624,958800000,3569804160,116.5602,
600202.SH,¹þ¿Õµ÷,2001-01-08,6.4428,6.5496,6.3319,6.4045,175700,0.5857,953100000,3548581920,115.8673,
600202.SH,¹þ¿Õµ÷,2001-01-09,6.4509,6.4509,6.34,6.4267,72400,0.2413,956400000,3560868480,116.2685,
600202.SH,¹þ¿Õµ÷,2001-01-10,6.4871,6.4871,6.3501,6.471,91218,0.3041,963000000,3585441600,117.0708,
600202.SH,¹þ¿Õµ÷,2001-01-11,6.5194,6.5194,6.3702,6.5073,299093,0.997,968400000,3605546880,117.7273,
600202.SH,¹þ¿Õµ÷,2001-01-12,6.5073,6.5073,6.5073,6.5073,--,--,968400000,3605546880,117.7273,
600202.SH,¹þ¿Õµ÷,2001-01-15,6.3501,6.4831,6.0578,6.2493,295400,0.9847,930000000,3462576000,113.0591,
600202.SH,¹þ¿Õµ÷,2001-01-16,6.2493,6.4105,6.0981,6.3863,198700,0.6623,950400000,3538529280,115.5391,
600202.SH,¹þ¿Õµ÷,2001-01-17,6.3863,6.5073,6.3863,6.4509,251600,0.8387,960000000,3574272000,116.7061,
600202.SH,¹þ¿Õµ÷,2001-01-18,6.4509,6.473,6.3702,6.4388,49117,0.1637,958200000,3567570240,116.4873,
600202.SH,¹þ¿Õµ÷,2001-01-19,6.4307,6.471,6.4005,6.4468,71760,0.2392,959400000,3572038080,116.6332,
600202.SH,¹þ¿Õµ÷,2001-02-05,6.4509,6.5678,6.1807,6.3299,57900,0.193,942000000,3507254400,114.5179,
600202.SH,¹þ¿Õµ÷,2001-02-06,6.4105,6.4105,6.0678,6.2291,119600,0.3987,927000000,3451406400,112.6944,
600202.SH,¹þ¿Õµ÷,2001-02-07,6.2291,6.4287,6.1082,6.2352,57900,0.193,927900000,3454757280,112.8038,
600202.SH,¹þ¿Õµ÷,2001-02-08,6.2392,6.2493,6.0719,6.1646,62540,0.2085,917400000,3415663680,111.5273,
600202.SH,¹þ¿Õµ÷,2001-02-09,6.1787,6.2089,6.1182,6.1525,60900,0.203,915600000,3408961920,111.3085,
600202.SH,¹þ¿Õµ÷,2001-02-12,6.1686,6.2069,6.1082,6.1989,117500,0.3917,922500000,3434652000,112.1473,
600202.SH,¹þ¿Õµ÷,2001-02-13,6.2069,6.219,6.1485,6.2049,39621,0.1321,923400000,3438002880,112.2567,
600202.SH,¹þ¿Õµ÷,2001-02-14,6.1485,6.34,6.1485,6.2493,40470,0.1349,930000000,3462576000,113.0591,
600202.SH,¹þ¿Õµ÷,2001-02-15,6.1888,6.2896,6.1888,6.2392,21200,0.0707,928500000,3456991200,112.8767,
600202.SH,¹þ¿Õµ÷,2001-02-16,6.1989,6.2493,6.1485,6.2049,155200,0.5173,923400000,3438002880,112.2567,
600202.SH,¹þ¿Õµ÷,2001-02-19,6.1989,6.2452,6.1485,6.2069,62030,0.2068,923700000,3439119840,112.2932,
600202.SH,¹þ¿Õµ÷,2001-02-20,6.2069,6.2291,6.1505,6.1888,54800,0.1827,921000000,3429067200,111.965,
600202.SH,¹þ¿Õµ÷,2001-02-21,6.1686,6.2089,6.0477,6.2029,70693,0.2356,923100000,3436885920,112.2202,
600202.SH,¹þ¿Õµ÷,2001-02-22,6.1686,6.2029,6.1525,6.1888,36500,0.1217,921000000,3429067200,111.965,
600202.SH,¹þ¿Õµ÷,2001-02-23,6.1686,6.2049,6.1444,6.1888,78400,0.2613,921000000,3429067200,111.965,
600202.SH,¹þ¿Õµ÷,2001-02-26,6.1686,6.2049,6.1323,6.2049,53600,0.1787,923400000,3438002880,112.2567,
600202.SH,¹þ¿Õµ÷,2001-02-27,6.1888,6.2069,6.1586,6.2049,52735,0.1758,923400000,3438002880,112.2567,
600202.SH,¹þ¿Õµ÷,2001-02-28,6.1888,6.1888,6.1384,6.1827,51600,0.172,920100000,3425716320,111.8555,
600202.SH,¹þ¿Õµ÷,2001-03-01,6.1686,6.2251,6.1586,6.1827,41410,0.138,920100000,3425716320,111.8555,
600202.SH,¹þ¿Õµ÷,2001-03-02,6.1686,6.1989,6.1485,6.1989,66300,0.221,922500000,3434652000,112.1473,
600202.SH,¹þ¿Õµ÷,2001-03-05,6.1989,6.4468,6.1989,6.4428,172428,0.5748,958800000,3569804160,116.5602,
600202.SH,¹þ¿Õµ÷,2001-03-06,6.4509,6.5517,6.4005,6.4146,117600,0.392,954600000,3554166720,116.0497,
600202.SH,¹þ¿Õµ÷,2001-03-07,6.4851,6.4851,6.4146,6.471,107400,0.358,963000000,3585441600,117.0708,
600202.SH,¹þ¿Õµ÷,2001-03-08,6.471,6.5275,6.4327,6.5093,125032,0.4168,968700000,3606663840,117.7638,
600202.SH,¹þ¿Õµ÷,2001-03-09,6.7331,6.8097,6.5738,6.6081,221542,0.7385,983400000,3661394880,64.8207,
600202.SH,¹þ¿Õµ÷,2001-03-12,6.6081,6.6101,6.4509,6.4912,109220,0.3641,966000000,3596611200,63.6738,
600202.SH,¹þ¿Õµ÷,2001-03-13,6.4912,6.5194,6.4509,6.4831,41100,0.137,964800000,3592143360,63.5947,
600202.SH,¹þ¿Õµ÷,2001-03-14,6.4509,6.4851,6.4448,6.471,93100,0.3103,963000000,3585441600,63.4761,
600202.SH,¹þ¿Õµ÷,2001-03-15,6.471,6.471,6.4105,6.471,66098,0.2203,963000000,3585441600,63.4761,
600202.SH,¹þ¿Õµ÷,2001-03-16,6.4468,6.4509,6.3904,6.4468,340024,1.1334,959400000,3572038080,63.2388,
600202.SH,¹þ¿Õµ÷,2001-03-19,6.4307,6.4509,6.2493,6.3501,153300,0.511,945000000,3518424000,62.2896,
600202.SH,¹þ¿Õµ÷,2001-03-20,6.3501,6.3501,6.1586,6.2291,531660,1.7722,927000000,3451406400,61.1031,
600202.SH,¹þ¿Õµ÷,2001-03-21,6.2291,6.2291,6.1082,6.1868,824846,2.7495,920700000,3427950240,60.6879,
600202.SH,¹þ¿Õµ÷,2001-03-22,6.1989,6.2392,6.1182,6.1787,1486977,4.9566,919500000,3423482400,60.6088,
600202.SH,¹þ¿Õµ÷,2001-03-23,6.1485,6.1989,6.0174,6.1787,841341,2.8045,919500000,3423482400,60.6088,
600202.SH,¹þ¿Õµ÷,2001-03-26,6.1686,6.3622,6.1102,6.348,1594418,5.3147,944700000,3517307040,62.2698,
600202.SH,¹þ¿Õµ÷,2001-03-27,6.348,6.5617,6.2896,6.5617,303504,1.0117,976500000,3635704800,64.3659,
600202.SH,¹þ¿Õµ÷,2001-03-28,6.5617,6.6283,6.4912,6.6121,148730,0.4958,984000000,3663628800,64.8603,
600202.SH,¹þ¿Õµ÷,2001-03-29,6.6121,6.6847,6.6081,6.6081,230740,0.7691,983400000,3661394880,64.8207,
600202.SH,¹þ¿Õµ÷,2001-03-30,6.592,6.6827,6.5517,6.6827,220540,0.7351,994500000,3702722400,65.5524,
600202.SH,¹þ¿Õµ÷,2001-04-02,6.6827,6.7633,6.6827,6.7331,141239,0.4708,1002000000,3730646400,66.0467,
600202.SH,¹þ¿Õµ÷,2001-04-03,6.7331,6.7532,6.6524,6.7049,143100,0.477,997800000,3715008960,65.7699,
600202.SH,¹þ¿Õµ÷,2001-04-04,6.6867,6.7532,6.6524,6.6827,174519,0.5817,994500000,3702722400,65.5524,
600202.SH,¹þ¿Õµ÷,2001-04-05,6.6827,6.7532,6.6424,6.7331,166321,0.5544,1002000000,3730646400,66.0467,
600202.SH,¹þ¿Õµ÷,2001-04-06,6.723,6.8399,6.723,6.8399,169695,0.5656,1017900000,3789845280,67.0948,
600202.SH,¹þ¿Õµ÷,2001-04-09,6.8399,6.8399,6.8399,6.8399,--,--,1017900000,3789845280,67.0948,
600202.SH,¹þ¿Õµ÷,2001-04-10,7.0556,7.0556,6.854,7.0536,184517,0.6151,1049700000,3908243040,69.1909,
600202.SH,¹þ¿Õµ÷,2001-04-11,7.0556,7.1161,7.0153,7.0576,131989,0.44,1050300000,3910476960,69.2304,
600202.SH,¹þ¿Õµ÷,2001-04-12,7.0597,7.0939,7.0274,7.0556,163760,0.5459,1050000000,3909360000,69.2107,
600202.SH,¹þ¿Õµ÷,2001-04-13,7.0576,7.1564,6.9951,7.1564,443588,1.4786,1065000000,3965208000,70.1994,
600202.SH,¹þ¿Õµ÷,2001-04-16,7.1766,7.3237,7.1766,7.2895,523078,1.7436,1084800000,4038927360,71.5045,
600202.SH,¹þ¿Õµ÷,2001-04-17,7.5003,7.5003,7.2165,7.3057,486290,0.8105,1081200000,4025523840,71.2672,
600202.SH,¹þ¿Õµ÷,2001-04-18,7.3057,7.4922,7.2165,7.2408,334480,0.5575,1071600000,3989781120,70.6344,
600202.SH,¹þ¿Õµ÷,2001-04-19,7.2408,7.257,7.0138,7.253,1159464,1.9324,1073400000,3996482880,70.7531,
600202.SH,¹þ¿Õµ÷,2001-04-20,7.2489,7.2773,7.1476,7.2084,321209,0.5353,1066800000,3971909760,70.318,
600202.SH,¹þ¿Õµ÷,2001-04-23,7.1962,7.1962,6.9003,7.0138,500500,0.8342,1038000000,3864681600,68.4197,
600202.SH,¹þ¿Õµ÷,2001-04-24,7.0949,7.1881,7.0543,7.1881,220416,0.3674,1063800000,3960740160,70.1203,
600202.SH,¹þ¿Õµ÷,2001-04-25,7.2084,7.2084,7.0543,7.0949,163600,0.2727,1050000000,3909360000,69.2107,
600202.SH,¹þ¿Õµ÷,2001-04-26,7.0138,7.2165,6.9935,7.1759,258094,0.4302,1062000000,3954038400,70.0016,
600202.SH,¹þ¿Õµ÷,2001-04-27,7.1759,7.1962,7.0949,7.1557,116200,0.1937,1059000000,3942868800,69.8039,
600202.SH,¹þ¿Õµ÷,2001-04-30,7.1557,7.2165,7.1151,7.2043,139350,0.2322,1066200000,3969675840,70.2785,
600202.SH,¹þ¿Õµ÷,2001-05-08,7.2043,7.2043,7.0746,7.1759,128610,0.2143,1062000000,3954038400,70.0016,
600202.SH,¹þ¿Õµ÷,2001-05-09,7.1759,7.2043,7.0057,7.0259,386870,0.6448,1039800000,3871383360,68.5383,
600202.SH,¹þ¿Õµ÷,2001-05-10,7.0949,7.1151,6.9935,7.0341,340438,0.5674,1041000000,3875851200,68.6174,
600202.SH,¹þ¿Õµ÷,2001-05-11,7.0543,7.0949,7.0097,7.0543,138900,0.2315,1044000000,3887020800,68.8152,
600202.SH,¹þ¿Õµ÷,2001-05-14,7.0422,7.0868,6.9732,7.0503,231316,0.3855,1043400000,3884786880,68.7756,
600202.SH,¹þ¿Õµ÷,2001-05-15,7.0503,7.0746,6.953,7.0381,153752,0.2563,1041600000,3878085120,68.657,
600202.SH,¹þ¿Õµ÷,2001-05-16,7.0138,7.253,7.0057,7.2084,339574,0.566,1066800000,3971909760,70.318,
600202.SH,¹þ¿Õµ÷,2001-05-17,7.2084,7.2368,7.0219,7.0746,474408,0.7907,1047000000,3898190400,69.0129,
600202.SH,¹þ¿Õµ÷,2001-05-18,7.0746,7.1557,7.0138,7.0624,367991,0.6133,1045200000,3891488640,68.8943,
600202.SH,¹þ¿Õµ÷,2001-05-21,7.0543,7.0543,6.7097,6.73,1013900,1.6898,996000000,3708307200,65.6513,
600202.SH,¹þ¿Õµ÷,2001-05-22,6.6408,6.7097,6.4948,6.6489,715845,1.1931,984000000,3663628800,64.8603,
600202.SH,¹þ¿Õµ÷,2001-05-23,6.6327,6.6611,6.5192,6.5638,464799,0.7747,971400000,3616716480,64.0297,
600202.SH,¹þ¿Õµ÷,2001-05-24,6.5638,6.5638,6.3935,6.4056,470675,0.7845,948000000,3529593600,62.4873,
600202.SH,¹þ¿Õµ÷,2001-05-25,6.4056,6.4056,6.2232,6.2516,630750,1.0513,925200000,3444704640,60.9845,
600202.SH,¹þ¿Õµ÷,2001-05-28,6.2516,6.6813,6.2232,6.507,1705286,2.8421,963000000,3585441600,63.4761,
600202.SH,¹þ¿Õµ÷,2001-05-29,6.5273,7.1597,6.5273,7.1597,2370510,3.9508,1059600000,3945102720,69.8434,
600202.SH,¹þ¿Õµ÷,2001-05-30,7.2814,7.407,7.0219,7.1719,2054852,3.4248,1061400000,3951804480,69.9621,
600202.SH,¹þ¿Õµ÷,2001-05-31,7.1719,7.257,6.9732,7.0827,742754,1.2379,1048200000,3902658240,69.092,
600202.SH,¹þ¿Õµ÷,2001-06-01,7.0868,7.2165,6.9327,6.953,1143075,1.9051,1029000000,3831172800,67.8264,
600202.SH,¹þ¿Õµ÷,2001-06-04,6.9732,7.0949,6.8111,6.8516,442981,0.7383,1014000000,3775324800,66.8377,
600202.SH,¹þ¿Õµ÷,2001-06-05,6.8516,7.0341,6.8476,6.884,383839,0.6397,1018800000,3793196160,67.1541,
600202.SH,¹þ¿Õµ÷,2001-06-06,6.884,6.9935,6.8111,6.8719,323610,0.5393,1017000000,3786494400,67.0355,
600202.SH,¹þ¿Õµ÷,2001-06-07,6.8719,6.9043,6.7543,6.8922,447790,0.7463,1020000000,3797664000,67.2332,
600202.SH,¹þ¿Õµ÷,2001-06-08,6.8922,6.9935,6.7705,6.9246,347300,0.5788,1024800000,3815535360,67.5496,
600202.SH,¹þ¿Õµ÷,2001-06-11,6.9327,6.9935,6.7989,6.8922,206800,0.3447,1020000000,3797664000,67.2332,
600202.SH,¹þ¿Õµ÷,2001-06-12,6.9124,6.9611,6.7705,6.9327,416087,0.6935,1026000000,3820003200,67.6287,
600202.SH,¹þ¿Õµ÷,2001-06-13,6.9327,7.0746,6.7908,7.0422,869400,1.449,1042200000,3880319040,68.6965,
600202.SH,¹þ¿Õµ÷,2001-06-14,7.0949,7.0949,6.8111,6.8516,220252,0.3671,1014000000,3775324800,66.8377,
600202.SH,¹þ¿Õµ÷,2001-06-15,7.0138,7.0138,6.7908,6.8922,75550,0.1259,1020000000,3797664000,67.2332,
600202.SH,¹þ¿Õµ÷,2001-06-18,6.9327,6.9327,6.7949,6.8516,116942,0.1949,1014000000,3775324800,66.8377,
600202.SH,¹þ¿Õµ÷,2001-06-19,6.9246,6.9246,6.6894,6.8435,136170,0.2269,1012800000,3770856960,66.7586,
600202.SH,¹þ¿Õµ÷,2001-06-20,6.8192,6.8719,6.73,6.8435,118246,0.1971,1012800000,3770856960,66.7586,
600202.SH,¹þ¿Õµ÷,2001-06-21,6.8922,7.0057,6.8111,6.957,640996,1.0683,1029600000,3833406720,67.866,
600202.SH,¹þ¿Õµ÷,2001-06-22,6.9732,7.0827,6.8597,6.8922,361511,0.6025,1020000000,3797664000,67.2332,
600202.SH,¹þ¿Õµ÷,2001-06-25,6.8922,6.8922,6.6894,6.8881,736849,1.2281,1019400000,3795430080,67.1937,
600202.SH,¹þ¿Õµ÷,2001-06-26,6.8719,6.8719,6.6854,6.6854,643100,1.0718,989400000,3683734080,65.2162,
600202.SH,¹þ¿Õµ÷,2001-06-27,6.8719,6.8719,6.6894,6.6894,355200,0.592,990000000,3685968000,65.2558,
600202.SH,¹þ¿Õµ÷,2001-06-28,6.8313,6.8678,6.6894,6.8516,483360,0.8056,1014000000,3775324800,66.8377,
600202.SH,¹þ¿Õµ÷,2001-06-29,6.8516,6.8922,6.7908,6.8232,735550,1.2259,1009800000,3759687360,66.5609,
600202.SH,¹þ¿Õµ÷,2001-07-02,6.8111,6.8476,6.7219,6.7503,123370,0.2056,999000000,3719476800,65.849,
600202.SH,¹þ¿Õµ÷,2001-07-03,6.73,6.7746,6.7138,6.7503,108570,0.181,999000000,3719476800,65.849,
600202.SH,¹þ¿Õµ÷,2001-07-04,6.7624,6.8111,6.73,6.7746,128160,0.2136,1002600000,3732880320,66.0863,
600202.SH,¹þ¿Õµ÷,2001-07-05,6.7746,6.9732,6.7746,6.9205,1311480,2.1858,1024200000,3813301440,67.5101,
600202.SH,¹þ¿Õµ÷,2001-07-06,6.9327,7.0462,6.9084,6.957,1132299,1.8872,1029600000,3833406720,67.866,
600202.SH,¹þ¿Õµ÷,2001-07-09,6.953,6.953,6.88,6.8922,248800,0.4147,1020000000,3797664000,67.2332,
600202.SH,¹þ¿Õµ÷,2001-07-10,6.8922,7.03,6.7908,6.9489,795151,1.3253,1028400000,3828938880,67.7869,
600202.SH,¹þ¿Õµ÷,2001-07-11,6.953,6.9732,6.8922,6.9327,74350,0.1239,1026000000,3820003200,67.6287,
600202.SH,¹þ¿Õµ÷,2001-07-12,6.9327,6.9611,6.8516,6.9408,96505,0.1608,1027200000,3824471040,67.7078,
600202.SH,¹þ¿Õµ÷,2001-07-13,6.953,6.953,6.8719,6.9124,702400,1.1707,1023000000,3808833600,67.431,
600202.SH,¹þ¿Õµ÷,2001-07-16,6.9124,7.0422,6.8719,6.9165,198703,0.3312,1023600000,3811067520,67.4705,
600202.SH,¹þ¿Õµ÷,2001-07-17,6.9165,7.0057,6.8516,6.9124,261500,0.4358,1023000000,3808833600,67.431,
600202.SH,¹þ¿Õµ÷,2001-07-18,6.9124,6.9732,6.803,6.9124,124351,0.2073,1023000000,3808833600,67.431,
600202.SH,¹þ¿Õµ÷,2001-07-19,6.9327,6.9327,6.803,6.8516,152400,0.254,1014000000,3775324800,66.8377,
600202.SH,¹þ¿Õµ÷,2001-07-20,6.9327,6.9327,6.8151,6.8597,156500,0.2608,1015200000,3779792640,66.9168,
600202.SH,¹þ¿Õµ÷,2001-07-23,6.9327,6.9327,6.803,6.8922,266740,0.4446,1020000000,3797664000,67.2332,
600202.SH,¹þ¿Õµ÷,2001-07-24,6.9327,6.9327,6.803,6.807,119200,0.1987,1007400000,3750751680,66.4027,
600202.SH,¹þ¿Õµ÷,2001-07-25,6.807,6.8516,6.6935,6.807,143950,0.2399,1007400000,3750751680,66.4027,
600202.SH,¹þ¿Õµ÷,2001-07-26,6.807,6.8516,6.6894,6.7705,94480,0.1575,1002000000,3730646400,66.0467,
600202.SH,¹þ¿Õµ÷,2001-07-27,6.8476,6.8516,6.6813,6.7989,43400,0.0723,1006200000,3746283840,44.3968,
600202.SH,¹þ¿Õµ÷,2001-07-30,6.7705,6.7705,6.1178,6.1178,734671,1.2245,905400000,3370985280,39.9492,
600202.SH,¹þ¿Õµ÷,2001-07-31,6.0002,6.6813,5.5137,6.0975,387311,0.6455,902400000,3359815680,39.8168,
600202.SH,¹þ¿Õµ÷,2001-08-01,6.0813,6.3165,5.8786,6.3083,311984,0.52,933600000,3475979520,41.1935,
600202.SH,¹þ¿Õµ÷,2001-08-02,6.2029,6.3246,6.0529,6.1624,136800,0.228,912000000,3395558400,40.2404,
600202.SH,¹þ¿Õµ÷,2001-08-03,6.1624,6.1989,6.0043,6.1219,53600,0.0893,906000000,3373219200,39.9757,
600202.SH,¹þ¿Õµ÷,2001-08-06,6.1137,6.1989,5.8786,6.0286,138160,0.2303,892200000,3321839040,39.3668,
600202.SH,¹þ¿Õµ÷,2001-08-07,6.0408,6.1543,5.9394,6.1421,107404,0.179,909000000,3384388800,40.108,
600202.SH,¹þ¿Õµ÷,2001-08-08,6.1219,6.1219,6.0002,6.1016,68280,0.1138,903000000,3362049600,39.8433,
600202.SH,¹þ¿Õµ÷,2001-08-09,6.0935,6.1908,6.0813,6.1624,41805,0.0697,912000000,3395558400,40.2404,
600202.SH,¹þ¿Õµ÷,2001-08-10,6.1421,6.1989,6.1421,6.1786,227850,0.3798,914400000,3404494080,40.3463,
600202.SH,¹þ¿Õµ÷,2001-08-13,6.1664,6.3975,6.1664,6.3975,538390,0.8973,946800000,3525125760,41.7759,
600202.SH,¹þ¿Õµ÷,2001-08-14,6.3975,6.3975,6.284,6.357,106101,0.1768,940800000,3502786560,41.5112,
600202.SH,¹þ¿Õµ÷,2001-08-15,6.3043,6.3854,6.2638,6.3651,48294,0.0805,942000000,3507254400,41.5641,
600202.SH,¹þ¿Õµ÷,2001-08-16,6.3165,6.3813,6.2516,6.3205,57000,0.095,935400000,3482681280,41.2729,
600202.SH,¹þ¿Õµ÷,2001-08-17,6.2921,6.3408,6.2435,6.3205,64800,0.108,935400000,3482681280,41.2729,
600202.SH,¹þ¿Õµ÷,2001-08-20,6.3205,6.357,6.2638,6.3448,65900,0.1098,939000000,3496084800,41.4317,
600202.SH,¹þ¿Õµ÷,2001-08-21,6.3854,6.4056,6.3165,6.357,48700,0.0812,940800000,3502786560,41.5112,
600202.SH,¹þ¿Õµ÷,2001-08-22,6.357,6.357,6.2435,6.2638,35000,0.0583,927000000,3451406400,40.9023,
600202.SH,¹þ¿Õµ÷,2001-08-23,6.284,6.4867,6.2232,6.2962,44300,0.0738,931800000,3469277760,41.114,
600202.SH,¹þ¿Õµ÷,2001-08-24,6.284,6.3813,6.2029,6.3246,41800,0.0697,936000000,3484915200,41.2994,
600202.SH,¹þ¿Õµ÷,2001-08-27,6.3043,6.3043,6.0813,6.1746,46800,0.078,913800000,3402260160,40.3198,
600202.SH,¹þ¿Õµ÷,2001-08-28,6.1746,6.2759,6.0854,6.1624,55900,0.0932,912000000,3395558400,40.2404,
600202.SH,¹þ¿Õµ÷,2001-08-29,6.1624,6.3165,6.1624,6.2313,79200,0.132,922200000,3433535040,40.6905,
600202.SH,¹þ¿Õµ÷,2001-08-30,6.2313,6.3043,6.1583,6.1989,63400,0.1057,917400000,3415663680,40.4787,
600202.SH,¹þ¿Õµ÷,2001-08-31,6.1989,6.28,6.134,6.1827,35100,0.0585,915000000,3406728000,40.3728,
600202.SH,¹þ¿Õµ÷,2001-09-03,6.1827,6.2597,6.13,6.1705,356500,0.5942,913200000,3400026240,40.2934,
600202.SH,¹þ¿Õµ÷,2001-09-04,6.1705,6.3002,6.1624,6.2029,348500,0.5808,918000000,3417897600,40.5051,
600202.SH,¹þ¿Õµ÷,2001-09-05,6.2759,6.2759,6.2029,6.2313,41100,0.0685,922200000,3433535040,40.6905,
600202.SH,¹þ¿Õµ÷,2001-09-06,6.2313,6.2354,6.2029,6.2313,42711,0.0712,922200000,3433535040,40.6905,
600202.SH,¹þ¿Õµ÷,2001-09-07,6.2313,6.2759,6.1219,6.1705,29100,0.0485,913200000,3400026240,40.2934,
600202.SH,¹þ¿Õµ÷,2001-09-10,6.1624,6.2192,6.1219,6.2192,70651,0.1178,920400000,3426833280,40.611,
600202.SH,¹þ¿Õµ÷,2001-09-11,6.2192,6.2638,6.1827,6.2232,40298,0.0672,921000000,3429067200,40.6375,
600202.SH,¹þ¿Õµ÷,2001-09-12,6.2029,6.2232,6.0773,6.1624,102500,0.1708,912000000,3395558400,40.2404,
600202.SH,¹þ¿Õµ÷,2001-09-13,6.1624,6.3002,6.1624,6.1867,447862,0.7464,915600000,3408961920,40.3992,
600202.SH,¹þ¿Õµ÷,2001-09-14,6.1867,6.2354,6.0813,6.1219,174581,0.291,906000000,3373219200,39.9757,
600202.SH,¹þ¿Õµ÷,2001-09-17,6.1219,6.1583,6.0002,6.0773,58500,0.0975,899400000,3348646080,39.6844,
600202.SH,¹þ¿Õµ÷,2001-09-18,6.0408,6.1178,5.9394,6.0043,48400,0.0807,888600000,3308435520,39.2079,
600202.SH,¹þ¿Õµ÷,2001-09-19,6.0043,6.0327,5.8786,6.0286,95971,0.16,892200000,3321839040,39.3668,
600202.SH,¹þ¿Õµ÷,2001-09-20,6.0286,6.1421,6.0002,6.0083,126364,0.2106,889200000,3310669440,39.2344,
600202.SH,¹þ¿Õµ÷,2001-09-21,6.0083,6.0813,5.98,6.0124,315500,0.5258,889800000,3312903360,39.2609,
600202.SH,¹þ¿Õµ÷,2001-09-24,6.0124,6.0813,5.9516,5.9962,336890,0.5615,887400000,3303967680,39.155,
600202.SH,¹þ¿Õµ÷,2001-09-25,5.9962,6.0651,5.8786,5.984,39350,0.0656,885600000,3297265920,39.0756,
600202.SH,¹þ¿Õµ÷,2001-09-26,5.98,6.0002,5.7772,5.834,98700,0.1645,863400000,3214610880,38.096,
600202.SH,¹þ¿Õµ÷,2001-09-27,5.8381,5.8786,5.7367,5.7935,56900,0.0948,857400000,3192271680,37.8313,
600202.SH,¹þ¿Õµ÷,2001-09-28,5.7975,5.8178,5.7367,5.7894,22530,0.0376,856800000,3190037760,37.8048,
600202.SH,¹þ¿Õµ÷,2001-10-08,5.7894,5.9191,5.7164,5.757,22600,0.0377,852000000,3172166400,37.593,
600202.SH,¹þ¿Õµ÷,2001-10-09,5.757,5.7975,5.6962,5.7732,19800,0.033,854400000,3181102080,37.6989,
600202.SH,¹þ¿Õµ÷,2001-10-10,5.7732,5.8502,5.5948,5.6556,18400,0.0307,837000000,3116318400,36.9312,
600202.SH,¹þ¿Õµ÷,2001-10-11,5.757,5.757,5.5137,5.6678,85850,0.1431,838800000,3123020160,37.0106,
600202.SH,¹þ¿Õµ÷,2001-10-12,5.9191,6.0205,5.5178,5.7975,76181,0.127,858000000,3194505600,37.8577,
600202.SH,¹þ¿Õµ÷,2001-10-15,5.7975,5.7975,5.6556,5.7367,33050,0.0551,849000000,3160996800,37.4606,
600202.SH,¹þ¿Õµ÷,2001-10-16,5.7367,5.7935,5.6394,5.7935,65440,0.1091,857400000,3192271680,37.8313,
600202.SH,¹þ¿Õµ÷,2001-10-17,5.7935,5.7935,5.607,5.757,41600,0.0693,852000000,3172166400,37.593,
600202.SH,¹þ¿Õµ÷,2001-10-18,5.7489,5.757,5.5543,5.6759,152540,0.2542,840000000,3127488000,37.0635,
600202.SH,¹þ¿Õµ÷,2001-10-19,5.6759,5.6759,5.5137,5.5421,53200,0.0887,820200000,3053768640,36.1899,
600202.SH,¹þ¿Õµ÷,2001-10-22,5.7002,5.7002,5.5137,5.5299,57000,0.095,818400000,3047066880,36.1105,
600202.SH,¹þ¿Õµ÷,2001-10-23,5.6759,6.0813,5.6759,6.0813,552981,0.9216,900000000,3350880000,39.7109,
600202.SH,¹þ¿Õµ÷,2001-10-24,6.1462,6.1462,5.6759,5.7894,233259,0.3888,856800000,3190037760,37.8048,
600202.SH,¹þ¿Õµ÷,2001-10-25,5.7894,5.7894,5.4894,5.5462,191580,0.3193,820800000,3056002560,36.2164,
600202.SH,¹þ¿Õµ÷,2001-10-26,5.684,5.684,5.4935,5.5948,102000,0.17,828000000,3082809600,36.534,
600202.SH,¹þ¿Õµ÷,2001-10-29,5.5948,5.7408,5.5543,5.7408,167620,0.2794,849600000,3163230720,37.4871,
600202.SH,¹þ¿Õµ÷,2001-10-30,5.7408,5.8462,5.7164,5.7894,942870,1.5715,856800000,3190037760,37.8048,
600202.SH,¹þ¿Õµ÷,2001-10-31,5.7894,5.8381,5.7164,5.7975,915882,1.5265,858000000,3194505600,37.8577,
600202.SH,¹þ¿Õµ÷,2001-11-01,5.7975,5.8786,5.757,5.7975,111070,0.1851,858000000,3194505600,37.8577,
600202.SH,¹þ¿Õµ÷,2001-11-02,5.7367,5.8056,5.7367,5.7975,35900,0.0598,858000000,3194505600,37.8577,
600202.SH,¹þ¿Õµ÷,2001-11-05,5.7975,5.7975,5.7367,5.7489,138100,0.2302,850800000,3167698560,37.5401,
600202.SH,¹þ¿Õµ÷,2001-11-06,5.7489,5.7529,5.6435,5.6759,159700,0.2662,840000000,3127488000,37.0635,
600202.SH,¹þ¿Õµ÷,2001-11-07,5.6759,5.7286,5.5745,5.5948,223900,0.3732,828000000,3082809600,36.534,
600202.SH,¹þ¿Õµ÷,2001-11-08,5.6151,5.6678,5.5543,5.6475,488607,0.8143,835800000,3111850560,36.8782,
600202.SH,¹þ¿Õµ÷,2001-11-09,5.6475,5.7367,5.6353,5.6759,727700,1.2128,840000000,3127488000,37.0635,
600202.SH,¹þ¿Õµ÷,2001-11-12,5.6759,5.8218,5.6759,5.7772,337500,0.5625,855000000,3183336000,37.7254,
600202.SH,¹þ¿Õµ÷,2001-11-13,5.7772,5.7975,5.7367,5.7732,399100,0.6652,854400000,3181102080,37.6989,
600202.SH,¹þ¿Õµ÷,2001-11-14,5.757,5.8583,5.757,5.7975,425200,0.7087,858000000,3194505600,37.8577,
600202.SH,¹þ¿Õµ÷,2001-11-15,5.8137,5.8381,5.7691,5.8097,96830,0.1614,859800000,3201207360,37.9372,
600202.SH,¹þ¿Õµ÷,2001-11-16,5.8786,6.0246,5.8178,5.8543,224003,0.3733,866400000,3225780480,38.2284,
600202.SH,¹þ¿Õµ÷,2001-11-19,5.8786,5.8786,5.7975,5.7975,52300,0.0872,858000000,3194505600,37.8577,
600202.SH,¹þ¿Õµ÷,2001-11-20,5.7975,5.8624,5.5137,5.834,174853,0.2914,863400000,3214610880,38.096,
600202.SH,¹þ¿Õµ÷,2001-11-21,5.8381,5.8867,5.7975,5.8827,494892,0.8248,870600000,3241417920,38.4137,
600202.SH,¹þ¿Õµ÷,2001-11-22,5.8745,6.0083,5.8745,5.9516,743856,1.2398,880800000,3279394560,38.8638,
600202.SH,¹þ¿Õµ÷,2001-11-23,5.9759,6.0205,5.9597,6.0205,296385,0.494,891000000,3317371200,39.3138,
600202.SH,¹þ¿Õµ÷,2001-11-26,6.0205,6.0205,5.8989,5.9354,137055,0.2284,878400000,3270458880,38.7579,
600202.SH,¹þ¿Õµ÷,2001-11-27,5.9597,6.1543,5.9597,6.0367,390150,0.6502,893400000,3326306880,39.4197,
600202.SH,¹þ¿Õµ÷,2001-11-28,6.0083,6.0083,5.8989,5.9394,340922,0.5682,879000000,3272692800,38.7843,
600202.SH,¹þ¿Õµ÷,2001-11-29,5.9597,5.9637,5.7975,5.8583,258250,0.4304,867000000,3228014400,38.2549,
600202.SH,¹þ¿Õµ÷,2001-11-30,5.8786,5.8867,5.7854,5.8583,199789,0.333,867000000,3228014400,38.2549,
600202.SH,¹þ¿Õµ÷,2001-12-03,5.8583,5.8664,5.761,5.7975,402147,0.6702,858000000,3194505600,37.8577,
600202.SH,¹þ¿Õµ÷,2001-12-04,5.8624,5.8827,5.7408,5.7691,317750,0.5296,853800000,3178868160,37.6724,
600202.SH,¹þ¿Õµ÷,2001-12-05,5.7772,5.8664,5.7529,5.8056,304072,0.5068,859200000,3198973440,37.9107,
600202.SH,¹þ¿Õµ÷,2001-12-06,5.8056,5.8056,5.5908,5.6191,654280,1.0905,831600000,3096213120,36.6929,
600202.SH,¹þ¿Õµ÷,2001-12-07,5.6151,5.6678,5.5745,5.5908,328039,0.5467,827400000,3080575680,36.5076,
600202.SH,¹þ¿Õµ÷,2001-12-10,5.5786,5.6962,5.5705,5.6272,275861,0.4598,832800000,3100680960,36.7458,
600202.SH,¹þ¿Õµ÷,2001-12-11,5.6313,5.6394,5.534,5.538,260700,0.4345,819600000,3051534720,36.1634,
600202.SH,¹þ¿Õµ÷,2001-12-12,5.5948,5.5948,5.5137,5.5218,180801,0.3013,817200000,3042599040,36.0575,
600202.SH,¹þ¿Õµ÷,2001-12-13,5.6353,5.6353,5.5259,5.534,208440,0.3474,819000000,3049300800,36.1369,
600202.SH,¹þ¿Õµ÷,2001-12-14,5.534,5.5502,5.1934,5.2097,267010,0.445,771000000,2870587200,34.019,
600202.SH,¹þ¿Õµ÷,2001-12-17,5.1975,5.2299,4.784,4.8448,782992,1.305,717000000,2669534400,31.6364,
600202.SH,¹þ¿Õµ÷,2001-12-18,4.8286,4.8448,4.5326,4.7961,759010,1.265,709800000,2642727360,31.3187,
600202.SH,¹þ¿Õµ÷,2001-12-19,4.9664,5.0272,4.8042,4.8367,558330,0.9305,715800000,2665066560,31.5834,
600202.SH,¹þ¿Õµ÷,2001-12-20,4.8326,4.8326,4.6421,4.6664,297200,0.4953,690600000,2571241920,30.4715,
600202.SH,¹þ¿Õµ÷,2001-12-21,4.6623,4.6623,4.5569,4.5853,267590,0.446,678600000,2526563520,29.942,
600202.SH,¹þ¿Õµ÷,2001-12-24,4.5853,4.6948,4.5326,4.5448,155300,0.2588,672600000,2504224320,29.6773,
600202.SH,¹þ¿Õµ÷,2001-12-25,4.6137,4.6137,4.1758,4.2285,628789,1.048,625800000,2329978560,27.6123,
600202.SH,¹þ¿Õµ÷,2001-12-26,4.2164,4.2975,4.1556,4.2123,808974,1.3483,623400000,2321042880,27.5064,
600202.SH,¹þ¿Õµ÷,2001-12-27,4.2164,4.2772,4.0866,4.1434,999596,1.666,613200000,2283066240,27.0564,
600202.SH,¹þ¿Õµ÷,2001-12-28,4.1961,4.1961,3.9731,4.1921,1188492,1.9808,620400000,2309873280,27.3741,
600202.SH,¹þ¿Õµ÷,2001-12-31,4.1677,4.2285,4.0947,4.2083,935597,1.5593,622800000,2318808960,27.48,
600202.SH,¹þ¿Õµ÷,2002-01-04,4.1718,4.1758,4.0339,4.0907,351380,0.5856,605400000,2254025280,26.7122,
600202.SH,¹þ¿Õµ÷,2002-01-07,4.0866,4.1839,4.0137,4.1758,231580,0.386,618000000,2300937600,27.2682,
600202.SH,¹þ¿Õµ÷,2002-01-08,4.1758,4.1921,4.0947,4.115,270500,0.4508,609000000,2267428800,26.8711,
600202.SH,¹þ¿Õµ÷,2002-01-09,4.1029,4.1677,4.0339,4.111,277428,0.4624,608400000,2265194880,26.8446,
600202.SH,¹þ¿Õµ÷,2002-01-10,4.1069,4.1556,3.9731,4.1475,315550,0.5259,613800000,2285300160,27.0828,
600202.SH,¹þ¿Õµ÷,2002-01-11,4.1434,4.1434,4.0745,4.0947,269000,0.4483,606000000,2256259200,26.7387,
600202.SH,¹þ¿Õµ÷,2002-01-14,4.0785,4.0785,3.6853,3.6853,307200,0.512,545400000,2030633280,24.0648,
600202.SH,¹þ¿Õµ÷,2002-01-15,3.4501,3.5069,3.3163,3.369,2659634,4.4327,498600000,1856387520,21.9999,
600202.SH,¹þ¿Õµ÷,2002-01-16,3.2515,3.4055,3.2474,3.3772,840401,1.4007,499800000,1860855360,22.0528,
600202.SH,¹þ¿Õµ÷,2002-01-17,3.365,3.365,3.0893,3.0893,806009,1.3433,457200000,1702247040,20.1731,
600202.SH,¹þ¿Õµ÷,2002-01-18,3.0609,3.2434,2.8785,3.1744,2033740,3.3896,469800000,1749159360,20.7291,
600202.SH,¹þ¿Õµ÷,2002-01-21,3.0285,3.1177,2.9069,2.9434,433842,0.7231,435600000,1621825920,19.2201,
600202.SH,¹þ¿Õµ÷,2002-01-22,2.919,3.0812,2.8907,2.9596,483047,0.8051,438000000,1630761600,19.326,
600202.SH,¹þ¿Õµ÷,2002-01-23,2.9271,3.2555,2.9109,3.215,689536,1.1492,475800000,1771498560,20.9938,
600202.SH,¹þ¿Õµ÷,2002-01-24,3.1988,3.3285,3.0853,3.2677,870248,1.4504,483600000,1800539520,21.338,
600202.SH,¹þ¿Õµ÷,2002-01-25,3.2231,3.3285,3.2109,3.3001,466469,0.7774,488400000,1818410880,21.5498,
600202.SH,¹þ¿Õµ÷,2002-01-28,3.3285,3.3447,2.9798,3.0042,739910,1.2332,444600000,1655334720,19.6172,
600202.SH,¹þ¿Õµ÷,2002-01-29,2.9109,3.1582,2.8947,3.1217,408640,0.6811,462000000,1720118400,20.3849,
600202.SH,¹þ¿Õµ÷,2002-01-30,3.0771,3.2231,3.0771,3.1907,343758,0.5729,472200000,1758095040,20.835,
600202.SH,¹þ¿Õµ÷,2002-01-31,3.2555,3.4866,3.2434,3.438,1128686,1.8811,508800000,1894364160,22.4499,
600202.SH,¹þ¿Õµ÷,2002-02-01,3.4461,3.5191,3.3853,3.4136,894358,1.4906,505200000,1880960640,22.2911,
600202.SH,¹þ¿Õµ÷,2002-02-04,3.3974,3.5596,3.3731,3.5515,602405,1.004,525600000,1956913920,23.1912,
600202.SH,¹þ¿Õµ÷,2002-02-05,3.5677,3.6082,3.4947,3.5515,474993,0.7917,525600000,1956913920,23.1912,
600202.SH,¹þ¿Õµ÷,2002-02-06,3.5515,3.5677,3.369,3.3974,505910,0.8432,502800000,1872024960,22.1852,
600202.SH,¹þ¿Õµ÷,2002-02-07,3.3447,3.5434,3.3447,3.5069,322206,0.537,519000000,1932340800,22.9,
600202.SH,¹þ¿Õµ÷,2002-02-08,3.5069,3.5393,3.4055,3.4501,535511,0.8925,510600000,1901065920,22.5293,
600202.SH,¹þ¿Õµ÷,2002-02-25,3.5596,3.5677,3.4136,3.5474,819737,1.3662,525000000,1954680000,23.1647,
600202.SH,¹þ¿Õµ÷,2002-02-26,3.5596,3.8028,3.5109,3.7866,1461560,2.4359,560400000,2086481280,24.7267,
600202.SH,¹þ¿Õµ÷,2002-02-27,3.7866,3.8028,3.6893,3.742,698126,1.1635,553800000,2061908160,24.4355,
600202.SH,¹þ¿Õµ÷,2002-02-28,3.7623,3.7623,3.6285,3.6893,574400,0.9573,546000000,2032867200,24.0913,
600202.SH,¹þ¿Õµ÷,2002-03-01,3.6812,3.6812,3.5393,3.5555,460625,0.7677,526200000,1959147840,23.2177,
600202.SH,¹þ¿Õµ÷,2002-03-04,3.5272,3.6407,3.5191,3.6245,318450,0.5307,536400000,1997124480,23.6677,
600202.SH,¹þ¿Õµ÷,2002-03-05,3.6366,3.738,3.6366,3.6812,962626,1.6044,544800000,2028399360,24.0383,
600202.SH,¹þ¿Õµ÷,2002-03-06,3.7542,3.8312,3.6974,3.7299,1704672,2.8411,552000000,2055206400,24.356,
600202.SH,¹þ¿Õµ÷,2002-03-07,3.7299,3.8799,3.7299,3.8799,971860,1.6198,574200000,2137861440,25.3356,
600202.SH,¹þ¿Õµ÷,2002-03-08,3.9083,4.1272,3.8799,4.0907,2646119,4.4102,605400000,2254025280,26.7122,
600202.SH,¹þ¿Õµ÷,2002-03-11,4.0947,4.2002,4.0461,4.1677,2389494,3.9825,616800000,2296469760,27.2152,
600202.SH,¹þ¿Õµ÷,2002-03-12,4.1596,4.5407,4.1556,4.3299,8239469,13.7324,640800000,2385826560,28.2742,
600202.SH,¹þ¿Õµ÷,2002-03-13,4.2975,4.338,4.1353,4.1434,2140673,3.5678,613200000,2283066240,27.0564,
600202.SH,¹þ¿Õµ÷,2002-03-14,4.1434,4.2812,4.0542,4.2488,1787936,2.9799,628800000,2341148160,27.7447,
600202.SH,¹þ¿Õµ÷,2002-03-15,4.2894,4.338,4.0137,4.0299,2037956,3.3966,596400000,2220516480,26.3151,
600202.SH,¹þ¿Õµ÷,2002-03-18,4.1475,4.2164,3.8515,3.9407,2052721,3.4212,583200000,2171370240,25.7327,
600202.SH,¹þ¿Õµ÷,2002-03-19,3.9812,4.1434,3.8839,4.1393,1664648,2.7744,612600000,2280832320,27.0299,
600202.SH,¹þ¿Õµ÷,2002-03-20,4.2569,4.3299,4.1475,4.2042,3460158,5.7669,622200000,2316575040,36.1512,
600202.SH,¹þ¿Õµ÷,2002-03-21,4.2366,4.2488,4.1556,4.1961,2544748,4.2412,621000000,2312107200,36.0815,
600202.SH,¹þ¿Õµ÷,2002-03-22,4.2083,4.2772,4.1799,4.2366,3630747,6.0512,627000000,2334446400,36.4301,
600202.SH,¹þ¿Õµ÷,2002-03-25,4.2366,4.4191,4.2366,4.4191,6628092,11.0468,654000000,2434972800,37.9989,
600202.SH,¹þ¿Õµ÷,2002-03-26,4.4515,4.4596,4.2569,4.3137,3502754,5.8379,638400000,2376890880,37.0925,
600202.SH,¹þ¿Õµ÷,2002-03-27,4.2975,4.3299,4.2164,4.3218,1609953,2.6833,639600000,2381358720,37.1622,
600202.SH,¹þ¿Õµ÷,2002-03-28,4.2975,4.3785,4.2366,4.3015,2132059,3.5534,636600000,2370189120,36.9879,
600202.SH,¹þ¿Õµ÷,2002-03-29,4.2772,4.2894,4.0664,4.0947,2633344,4.3889,606000000,2256259200,35.21,
600202.SH,¹þ¿Õµ÷,2002-04-01,4.0988,4.1799,4.0096,4.1475,1473592,2.456,613800000,2285300160,35.6632,
600202.SH,¹þ¿Õµ÷,2002-04-02,4.1069,4.1393,4.0137,4.0258,1493636,2.4894,595800000,2218282560,34.6173,
600202.SH,¹þ¿Õµ÷,2002-04-03,4.0542,4.115,4.0137,4.0664,979133,1.6319,601800000,2240621760,34.9659,
600202.SH,¹þ¿Õµ÷,2002-04-04,4.0704,4.2691,3.9812,4.2366,1832044,3.0534,627000000,2334446400,36.4301,
600202.SH,¹þ¿Õµ÷,2002-04-05,4.2366,4.2853,4.1677,4.1839,1404562,2.3409,619200000,2305405440,35.9769,
600202.SH,¹þ¿Õµ÷,2002-04-08,4.1839,4.3177,4.1637,4.2934,1707477,2.8458,635400000,2365721280,36.9182,
600202.SH,¹þ¿Õµ÷,2002-04-09,4.2894,4.3988,4.2731,4.3421,3769832,6.2831,642600000,2392528320,37.3365,
600202.SH,¹þ¿Õµ÷,2002-04-10,4.4596,4.5813,4.3785,4.4921,12078734,20.1312,664800000,2475183360,38.6264,
600202.SH,¹þ¿Õµ÷,2002-04-11,4.5204,4.5245,4.3988,4.415,3577184,5.962,653400000,2432738880,37.964,
600202.SH,¹þ¿Õµ÷,2002-04-12,4.4029,4.4596,4.3785,4.4272,1439361,2.3989,655200000,2439440640,38.0686,
600202.SH,¹þ¿Õµ÷,2002-04-15,4.4191,4.4799,4.3177,4.411,1472502,2.4542,652800000,2430504960,37.9291,
600202.SH,¹þ¿Õµ÷,2002-04-16,4.4029,4.411,4.3137,4.3339,1137120,1.8952,641400000,2388060480,37.2668,
600202.SH,¹þ¿Õµ÷,2002-04-17,4.3218,4.3704,4.2934,4.3502,697044,1.1617,643800000,2396996160,37.4062,
600202.SH,¹þ¿Õµ÷,2002-04-18,4.3096,4.3583,4.2083,4.2285,1019310,1.6988,625800000,2329978560,36.3604,
600202.SH,¹þ¿Õµ÷,2002-04-19,4.2164,4.2529,4.0907,4.2002,2111748,3.5196,621600000,2314341120,36.1164,
600202.SH,¹þ¿Õµ÷,2002-04-22,4.1758,4.1758,4.0623,4.0745,1567471,2.6125,603000000,2245089600,35.0356,
600202.SH,¹þ¿Õµ÷,2002-04-23,4.0542,4.0866,3.9934,4.042,1247960,2.0799,598200000,2227218240,34.7568,
600202.SH,¹þ¿Õµ÷,2002-04-24,4.0339,4.0502,3.8961,3.9123,1568095,2.6135,579000000,2155732800,33.6412,
600202.SH,¹þ¿Õµ÷,2002-04-25,3.892,3.9042,3.8191,3.8758,1491863,2.4864,573600000,2135627520,33.3274,
600202.SH,¹þ¿Õµ÷,2002-04-26,3.8312,4.0947,3.7745,4.0461,4800813,5.2401,914327680,2229452160,34.7916,
600202.SH,¹þ¿Õµ÷,2002-04-29,4.0502,4.0947,3.9366,4.0866,2540709,2.7732,923489280,2251791360,35.1402,
600202.SH,¹þ¿Õµ÷,2002-04-30,4.0866,4.0947,3.9934,4.0177,1664571,1.8169,907914560,2213814720,34.5476,
600202.SH,¹þ¿Õµ÷,2002-05-08,4.0177,4.0461,3.9772,3.9934,530199,0.5787,902417600,2200411200,34.3384,
600202.SH,¹þ¿Õµ÷,2002-05-09,3.9731,3.9853,3.9366,3.9812,780475,0.8519,899669120,2193709440,34.2338,
600202.SH,¹þ¿Õµ÷,2002-05-10,3.9812,3.9812,3.8637,3.8758,957150,1.0447,875848960,2135627520,33.3274,
600202.SH,¹þ¿Õµ÷,2002-05-13,3.8515,3.8515,3.7826,3.7988,934830,1.0204,858441920,2093183040,32.6651,
600202.SH,¹þ¿Õµ÷,2002-05-14,3.7745,3.8393,3.7704,3.7866,598950,0.6538,855693440,2086481280,32.5605,
600202.SH,¹þ¿Õµ÷,2002-05-15,3.7785,3.8393,3.7704,3.7826,539200,0.5885,854777280,2084247360,32.5256,
600202.SH,¹þ¿Õµ÷,2002-05-16,3.6488,3.7664,3.6204,3.6285,958100,1.0458,819963200,1999358400,31.2009,
600202.SH,¹þ¿Õµ÷,2002-05-17,3.6204,3.7015,3.5758,3.6488,914330,0.998,824544000,2010528000,31.3752,
600202.SH,¹þ¿Õµ÷,2002-05-20,3.6488,3.6488,3.4866,3.5555,727472,0.794,803472320,1959147840,30.5734,
600202.SH,¹þ¿Õµ÷,2002-05-21,3.6893,3.8515,3.6326,3.7055,1246303,1.3604,837370240,2041802880,31.8633,
600202.SH,¹þ¿Õµ÷,2002-05-22,3.7055,3.7055,3.7055,3.7055,--,--,837370240,2041802880,31.8633,
600202.SH,¹þ¿Õµ÷,2002-05-23,3.6082,3.7218,3.6082,3.6326,619200,0.6759,820879360,2001592320,31.2358,
600202.SH,¹þ¿Õµ÷,2002-05-24,3.6326,3.6326,3.5109,3.5191,476600,0.5202,795226880,1939042560,30.2596,
600202.SH,¹þ¿Õµ÷,2002-05-27,3.5596,3.6001,3.4988,3.5272,329729,0.3599,797059200,1943510400,30.3294,
600202.SH,¹þ¿Õµ÷,2002-05-28,3.5474,3.592,3.5393,3.5677,367802,0.4015,806220800,1965849600,30.678,
600202.SH,¹þ¿Õµ÷,2002-05-29,3.3245,3.5474,3.3245,3.4015,1134833,1.2387,768658240,1874258880,29.2487,
600202.SH,¹þ¿Õµ÷,2002-05-30,3.4218,3.4299,3.3285,3.3447,628109,0.6856,755832000,1842984000,28.7606,
600202.SH,¹þ¿Õµ÷,2002-05-31,3.3609,3.3974,3.3204,3.3245,456900,0.4987,751251200,1831814400,28.5863,
600202.SH,¹þ¿Õµ÷,2002-06-03,3.3042,3.3082,3.1704,3.1826,549053,0.5993,719185600,1753627200,27.3662,
600202.SH,¹þ¿Õµ÷,2002-06-04,3.2028,3.2636,3.1826,3.2474,522500,0.5703,733844160,1789369920,27.9239,
600202.SH,¹þ¿Õµ÷,2002-06-05,3.2474,3.2596,3.1623,3.1744,367200,0.4008,717353280,1749159360,27.2964,
600202.SH,¹þ¿Õµ÷,2002-06-06,3.1907,3.4907,3.1704,3.438,1514631,1.6532,776903680,1894364160,29.5624,
600202.SH,¹þ¿Õµ÷,2002-06-07,3.4258,3.5272,3.3853,3.4663,1643121,1.7935,783316800,1910001600,29.8064,
600202.SH,¹þ¿Õµ÷,2002-06-10,3.4663,3.4663,3.3569,3.3853,565401,0.6171,764993600,1865323200,29.1092,
600202.SH,¹þ¿Õµ÷,2002-06-11,3.369,3.4501,3.369,3.4258,465060,0.5076,774155200,1887662400,29.4578,
600202.SH,¹þ¿Õµ÷,2002-06-12,3.4258,3.4258,3.3528,3.365,494150,0.5394,760412800,1854153600,28.9349,
600202.SH,¹þ¿Õµ÷,2002-06-13,3.3853,3.4663,3.365,3.3731,396405,0.4327,762245120,1858621440,29.0046,
600202.SH,¹þ¿Õµ÷,2002-06-14,3.3285,3.365,3.2636,3.2717,508870,0.5554,739341120,1802773440,28.1331,
600202.SH,¹þ¿Õµ÷,2002-06-17,3.2434,3.3042,3.1866,3.2596,286216,0.3124,736592640,1796071680,28.0285,
600202.SH,¹þ¿Õµ÷,2002-06-18,3.2839,3.3853,3.2839,3.365,702826,0.7671,760412800,1854153600,28.9349,
600202.SH,¹þ¿Õµ÷,2002-06-19,3.3528,3.3893,3.3042,3.3163,581050,0.6342,749418880,1827346560,28.5166,
600202.SH,¹þ¿Õµ÷,2002-06-20,3.3245,3.3893,3.3245,3.3285,919332,1.0035,752167360,1834048320,28.6212,
600202.SH,¹þ¿Õµ÷,2002-06-21,3.3285,3.4866,3.3285,3.4663,1279548,1.3966,783316800,1910001600,29.8064,
600202.SH,¹þ¿Õµ÷,2002-06-24,3.815,3.815,3.665,3.815,4392150,4.7941,862106560,2102118720,32.8045,
600202.SH,¹þ¿Õµ÷,2002-06-25,3.8839,3.9123,3.7096,3.7299,2899015,3.1643,842867200,2055206400,32.0724,
600202.SH,¹þ¿Õµ÷,2002-06-26,3.7096,3.7866,3.6569,3.7501,1305139,1.4246,847448000,2066376000,32.2467,
600202.SH,¹þ¿Õµ÷,2002-06-27,3.7583,3.7785,3.6974,3.7258,978845,1.0684,841951040,2052972480,32.0376,
600202.SH,¹þ¿Õµ÷,2002-06-28,3.7218,3.7501,3.6001,3.6569,1954561,2.1334,826376320,2014995840,31.4449,
600202.SH,¹þ¿Õµ÷,2002-07-01,3.6893,3.6893,3.6042,3.6082,723951,0.7902,815382400,1988188800,31.0266,
600202.SH,¹þ¿Õµ÷,2002-07-02,3.6001,3.6731,3.588,3.6691,647835,0.7071,829124800,2021697600,31.5495,
600202.SH,¹þ¿Õµ÷,2002-07-03,3.6893,3.965,3.6893,3.9245,6191270,6.7578,886842880,2162434560,33.7458,
600202.SH,¹þ¿Õµ÷,2002-07-04,3.9123,3.9245,3.8312,3.9123,2934674,3.2032,884094400,2155732800,33.6412,
600202.SH,¹þ¿Õµ÷,2002-07-05,3.892,3.9731,3.8556,3.9691,3721378,4.0619,896920640,2187007680,34.1293,
600202.SH,¹þ¿Õµ÷,2002-07-08,3.9731,4.0096,3.9123,3.9326,2252075,2.4582,888675200,2166902400,33.8155,
600202.SH,¹þ¿Õµ÷,2002-07-09,4.0002,4.0092,3.8965,3.9056,1067800,1.0596,873741792,2130489504,33.2473,
600202.SH,¹þ¿Õµ÷,2002-07-10,3.874,3.9146,3.7524,3.7974,1347462,1.3371,849555168,2071514016,32.3269,
600202.SH,¹þ¿Õµ÷,2002-07-11,3.7569,3.8065,3.7209,3.7479,877719,0.8709,838469632,2044483584,31.9051,
600202.SH,¹þ¿Õµ÷,2002-07-12,3.7479,3.8019,3.7389,3.7794,462566,0.459,845524064,2061684768,32.1735,
600202.SH,¹þ¿Õµ÷,2002-07-15,3.838,3.838,3.7884,3.82,598310,0.5937,854594048,2083800576,32.5187,
600202.SH,¹þ¿Õµ÷,2002-07-16,3.829,3.8425,3.7479,3.7614,523690,0.5196,841492960,2051855520,32.0201,
600202.SH,¹þ¿Õµ÷,2002-07-17,3.7524,3.8019,3.7389,3.7884,383425,0.3805,847539616,2066599392,32.2502,
600202.SH,¹þ¿Õµ÷,2002-07-18,3.82,3.838,3.7749,3.7929,378470,0.3755,848547392,2069056704,32.2886,
600202.SH,¹þ¿Õµ÷,2002-07-19,3.7974,3.8245,3.7434,3.8065,452474,0.449,851570720,2076428640,32.4036,
600202.SH,¹þ¿Õµ÷,2002-07-22,3.82,3.82,3.7254,3.7254,689850,0.6845,833430752,2032197024,31.7134,
600202.SH,¹þ¿Õµ÷,2002-07-23,3.7073,3.7299,3.6668,3.6713,555065,0.5508,821337440,2002709280,31.2532,
600202.SH,¹þ¿Õµ÷,2002-07-24,3.6713,3.7028,3.6533,3.6623,453280,0.4498,819321888,1997794656,31.1765,
600202.SH,¹þ¿Õµ÷,2002-07-25,3.6713,3.7389,3.6713,3.6848,635190,0.6303,824360768,2010081216,31.3682,
600202.SH,¹þ¿Õµ÷,2002-07-26,3.6938,3.7569,3.6893,3.7209,404338,0.4012,832422976,2029739712,31.675,
600202.SH,¹þ¿Õµ÷,2002-07-29,3.7299,3.7389,3.6623,3.7073,402121,0.399,829399648,2022367776,31.56,
600202.SH,¹þ¿Õµ÷,2002-07-30,3.7164,3.7164,3.6713,3.6893,215027,0.2134,825368544,2012538528,31.4066,
600202.SH,¹þ¿Õµ÷,2002-07-31,3.6893,3.7028,3.6398,3.6578,344299,0.3416,818314112,1995337344,31.1382,
600202.SH,¹þ¿Õµ÷,2002-08-01,3.6713,3.6713,3.5992,3.6263,464646,0.4611,811259680,1978136160,30.8697,
600202.SH,¹þ¿Õµ÷,2002-08-02,3.6398,3.6668,3.6037,3.6623,292083,0.2898,819321888,1997794656,31.1765,
600202.SH,¹þ¿Õµ÷,2002-08-05,3.6488,3.6578,3.6173,3.6173,199178,0.1976,809244128,1973221536,30.793,
600202.SH,¹þ¿Õµ÷,2002-08-06,3.6037,3.6668,3.6037,3.6488,532658,0.5285,816298560,1990422720,31.0615,
600202.SH,¹þ¿Õµ÷,2002-08-07,3.6578,3.6578,3.6128,3.6263,344749,0.3421,811259680,1978136160,30.8697,
600202.SH,¹þ¿Õµ÷,2002-08-08,3.6308,3.6398,3.5767,3.5812,638560,0.6336,801181920,1953563040,30.4862,
600202.SH,¹þ¿Õµ÷,2002-08-09,3.5812,3.5812,3.5136,3.5362,583762,0.5793,791104160,1928989920,30.1028,
600202.SH,¹þ¿Õµ÷,2002-08-12,3.5362,3.5542,3.4911,3.5136,426410,0.4231,786065280,1916703360,29.911,
600202.SH,¹þ¿Õµ÷,2002-08-13,3.5136,3.5542,3.4866,3.5542,173090,0.1718,795135264,1938819168,30.2562,
600202.SH,¹þ¿Õµ÷,2002-08-14,3.5497,3.5812,3.5136,3.5587,713050,0.7075,796143040,1941276480,30.2945,
600202.SH,¹þ¿Õµ÷,2002-08-15,3.5587,3.5587,3.4686,3.5046,413706,0.4105,784049728,1911788736,29.8343,
600202.SH,¹þ¿Õµ÷,2002-08-16,3.4731,3.5677,3.4596,3.5452,595546,0.591,793119712,1933904544,30.1795,
600202.SH,¹þ¿Õµ÷,2002-08-19,3.5227,3.5542,3.5001,3.5272,137220,0.1362,789088608,1924075296,30.0261,
600202.SH,¹þ¿Õµ÷,2002-08-20,3.5272,3.5992,3.5272,3.5812,573664,0.5692,801181920,1953563040,30.4862,
600202.SH,¹þ¿Õµ÷,2002-08-21,3.5857,3.5947,3.5497,3.5812,316478,0.314,801181920,1953563040,30.4862,
600202.SH,¹þ¿Õµ÷,2002-08-22,3.5812,3.6848,3.5587,3.6353,708940,0.7035,813275232,1983050784,30.9464,
600202.SH,¹þ¿Õµ÷,2002-08-23,3.5947,3.6668,3.5902,3.6443,497782,0.4939,815290784,1987965408,57.6245,
600202.SH,¹þ¿Õµ÷,2002-08-26,3.6443,3.6623,3.6173,3.6218,450128,0.4467,810251904,1975678848,57.2684,
600202.SH,¹þ¿Õµ÷,2002-08-27,3.6037,3.6263,3.5812,3.6082,403076,0.4,807228576,1968306912,57.0547,
600202.SH,¹þ¿Õµ÷,2002-08-28,3.6082,3.6082,3.5722,3.5857,375591,0.3727,802189696,1956020352,56.6985,
600202.SH,¹þ¿Õµ÷,2002-08-29,3.5947,3.5947,3.5272,3.5272,536990,0.5328,789088608,1924075296,55.7725,
600202.SH,¹þ¿Õµ÷,2002-08-30,3.5272,3.6218,3.5227,3.5947,1285700,1.2758,804205248,1960934976,56.841,
600202.SH,¹þ¿Õµ÷,2002-09-02,3.5902,3.6218,3.5587,3.5902,226930,0.2252,803197472,1958477664,56.7698,
600202.SH,¹þ¿Õµ÷,2002-09-03,3.5812,3.6173,3.5767,3.5992,302100,0.2998,805213024,1963392288,56.9122,
600202.SH,¹þ¿Õµ÷,2002-09-04,3.6037,3.6082,3.5587,3.5632,284030,0.2818,797150816,1943733792,56.3424,
600202.SH,¹þ¿Õµ÷,2002-09-05,3.5857,3.5857,3.4821,3.4911,652600,0.6476,781026400,1904416800,55.2027,
600202.SH,¹þ¿Õµ÷,2002-09-06,3.4956,3.5091,3.4596,3.4641,532980,0.5289,774979744,1889672928,54.7753,
600202.SH,¹þ¿Õµ÷,2002-09-09,3.4641,3.5001,3.4145,3.419,418602,0.4154,764901984,1865099808,54.063,
600202.SH,¹þ¿Õµ÷,2002-09-10,3.419,3.4686,3.419,3.4596,265810,0.2638,773971968,1887215616,54.7041,
600202.SH,¹þ¿Õµ÷,2002-09-11,3.4911,3.4911,3.3785,3.4281,1154920,1.146,766917536,1870014432,54.2055,
600202.SH,¹þ¿Õµ÷,2002-09-12,3.4281,3.4776,3.401,3.4596,238210,0.2364,773971968,1887215616,54.7041,
600202.SH,¹þ¿Õµ÷,2002-09-13,3.4596,3.4596,3.4236,3.4416,184816,0.1834,769940864,1877386368,54.4192,
600202.SH,¹þ¿Õµ÷,2002-09-16,3.4416,3.4416,3.3425,3.3515,349755,0.3471,749785344,1828240128,52.9946,
600202.SH,¹þ¿Õµ÷,2002-09-17,3.3515,3.4371,3.3245,3.3605,172080,0.1708,751800896,1833154752,53.1371,
600202.SH,¹þ¿Õµ÷,2002-09-18,3.3695,3.3695,3.3109,3.3245,137060,0.136,743738688,1813496256,52.5672,
600202.SH,¹þ¿Õµ÷,2002-09-19,3.3019,3.401,3.2569,3.3875,626757,0.6219,757847552,1847898624,53.5644,
600202.SH,¹þ¿Õµ÷,2002-09-20,3.3335,3.3605,3.3154,3.3425,224442,0.2227,747769792,1823325504,52.8521,
600202.SH,¹þ¿Õµ÷,2002-09-23,3.3245,3.3425,3.2974,3.3199,149730,0.1486,742730912,1811038944,52.496,
600202.SH,¹þ¿Õµ÷,2002-09-24,3.3199,3.338,3.3109,3.3154,242750,0.2409,741723136,1808581632,52.4248,
600202.SH,¹þ¿Õµ÷,2002-09-25,3.3109,3.374,3.3109,3.3515,328913,0.3264,749785344,1828240128,52.9946,
600202.SH,¹þ¿Õµ÷,2002-09-26,3.356,3.365,3.3109,3.3154,291040,0.2888,741723136,1808581632,52.4248,
600202.SH,¹þ¿Õµ÷,2002-09-27,3.3199,3.329,3.2659,3.2704,376010,0.3731,731645376,1784008512,51.7125,
600202.SH,¹þ¿Õµ÷,2002-10-08,3.2704,3.2839,3.1938,3.2614,226916,0.2252,729629824,1779093888,51.57,
600202.SH,¹þ¿Õµ÷,2002-10-09,3.2208,3.2794,3.2118,3.2479,227251,0.2255,726606496,1771721952,51.3563,
600202.SH,¹þ¿Õµ÷,2002-10-10,3.2344,3.3335,3.2344,3.2659,571361,0.567,730637600,1781551200,51.6412,
600202.SH,¹þ¿Õµ÷,2002-10-11,3.2749,3.2929,3.2479,3.2659,265581,0.2635,730637600,1781551200,51.6412,
600202.SH,¹þ¿Õµ÷,2002-10-14,3.2794,3.3245,3.2253,3.3064,231416,0.2296,739707584,1803667008,52.2823,
600202.SH,¹þ¿Õµ÷,2002-10-15,3.3064,3.3245,3.2749,3.2884,183947,0.1825,735676480,1793837760,51.9974,
600202.SH,¹þ¿Õµ÷,2002-10-16,3.3064,3.3335,3.2974,3.329,534629,0.5305,744746464,1815953568,52.6385,
600202.SH,¹þ¿Õµ÷,2002-10-17,3.3335,3.3515,3.2118,3.2253,756690,0.7509,721567616,1759435392,51.0002,
600202.SH,¹þ¿Õµ÷,2002-10-18,3.2163,3.2299,3.1668,3.2163,558950,0.5546,719552064,1754520768,50.8577,
600202.SH,¹þ¿Õµ÷,2002-10-21,3.1983,3.2073,3.1082,3.1488,666677,0.6615,704435424,1717661088,49.7893,
600202.SH,¹þ¿Õµ÷,2002-10-22,3.1488,3.2434,3.1262,3.2118,474846,0.4712,718544288,1752063456,50.7865,
600202.SH,¹þ¿Õµ÷,2002-10-23,3.2208,3.2659,3.1893,3.2659,445186,0.4418,730637600,1781551200,51.6412,
600202.SH,¹þ¿Õµ÷,2002-10-24,3.2884,3.4371,3.2839,3.3695,3074532,3.0508,753816448,1838069376,53.2795,
600202.SH,¹þ¿Õµ÷,2002-10-25,3.356,3.3695,3.2659,3.2704,877998,0.8712,731645376,1784008512,51.7125,
600202.SH,¹þ¿Õµ÷,2002-10-28,3.2704,3.2704,3.1623,3.1848,721470,0.7159,712497632,1737319584,50.3591,
600202.SH,¹þ¿Õµ÷,2002-10-29,3.1623,3.2659,3.1443,3.2659,482615,0.4789,730637600,1781551200,51.6412,
600202.SH,¹þ¿Õµ÷,2002-10-30,3.2884,3.2884,3.2073,3.2253,308239,0.3059,721567616,1759435392,51.0002,
600202.SH,¹þ¿Õµ÷,2002-10-31,3.1533,3.2569,3.1533,3.1983,293132,0.2909,715520960,1744691520,50.5728,
600202.SH,¹þ¿Õµ÷,2002-11-01,3.1983,3.2299,3.1803,3.2163,194300,0.1928,719552064,1754520768,50.8577,
600202.SH,¹þ¿Õµ÷,2002-11-04,3.1983,3.2704,3.1983,3.2389,334400,0.3318,724590944,1766807328,51.2139,
600202.SH,¹þ¿Õµ÷,2002-11-05,3.2479,3.3335,3.2208,3.3109,715406,0.7099,740715360,1806124320,52.3535,
600202.SH,¹þ¿Õµ÷,2002-11-06,3.3335,3.3335,3.2659,3.2659,421472,0.4182,730637600,1781551200,51.6412,
600202.SH,¹þ¿Õµ÷,2002-11-07,3.329,3.41,3.3245,3.329,1767750,1.7541,744746464,1815953568,52.6385,
600202.SH,¹þ¿Õµ÷,2002-11-08,3.3515,3.365,3.1983,3.2163,742780,0.737,719552064,1754520768,50.8577,
600202.SH,¹þ¿Õµ÷,2002-11-11,3.2163,3.2569,3.1983,3.2028,279210,0.2771,716528736,1747148832,50.644,
600202.SH,¹þ¿Õµ÷,2002-11-12,3.2118,3.2208,3.0767,3.0947,723383,0.7178,692342112,1688173344,48.9345,
600202.SH,¹þ¿Õµ÷,2002-11-13,3.0677,3.0992,2.9731,3.0947,510055,0.5061,692342112,1688173344,48.9345,
600202.SH,¹þ¿Õµ÷,2002-11-14,3.0947,3.0992,2.9596,2.9686,494769,0.491,664124384,1619368608,46.9401,
600202.SH,¹þ¿Õµ÷,2002-11-15,2.928,3.0181,2.883,2.91,687299,0.682,651023296,1587423552,46.0141,
600202.SH,¹þ¿Õµ÷,2002-11-18,2.919,2.928,2.8199,2.847,737147,0.7315,636914432,1553021184,45.0169,
600202.SH,¹þ¿Õµ÷,2002-11-19,2.8379,2.9055,2.8334,2.8965,394511,0.3915,647999968,1580051616,45.8004,
600202.SH,¹þ¿Õµ÷,2002-11-20,2.8605,2.8605,2.7659,2.7704,356423,0.3537,619782240,1511246880,43.806,
600202.SH,¹þ¿Õµ÷,2002-11-21,2.7479,2.7704,2.6623,2.6668,649120,0.6441,596603392,1454728704,42.1677,
600202.SH,¹þ¿Õµ÷,2002-11-22,2.6668,2.7388,2.6172,2.6533,602495,0.5978,593580064,1447356768,41.9541,
600202.SH,¹þ¿Õµ÷,2002-11-25,2.6533,2.7028,2.5812,2.6803,359173,0.3564,599626720,1462100640,42.3814,
600202.SH,¹þ¿Õµ÷,2002-11-26,2.6848,2.7118,2.5992,2.5992,428960,0.4257,581486752,1417869024,41.0993,
600202.SH,¹þ¿Õµ÷,2002-11-27,2.5722,2.6803,2.5001,2.6262,674850,0.6696,587533408,1432612896,41.5267,
600202.SH,¹þ¿Õµ÷,2002-11-28,2.6127,2.8154,2.5767,2.7749,1144933,1.1361,620790016,1513704192,43.8773,
600202.SH,¹þ¿Õµ÷,2002-11-29,2.7884,2.91,2.7524,2.8515,3049516,3.026,637922208,1555478496,45.0882,
600202.SH,¹þ¿Õµ÷,2002-12-02,2.8334,2.8334,2.7073,2.7163,1039180,1.0312,607688928,1481759136,42.9513,
600202.SH,¹þ¿Õµ÷,2002-12-03,2.6803,2.7794,2.6713,2.7794,545798,0.5416,621797792,1516161504,43.9485,
600202.SH,¹þ¿Õµ÷,2002-12-04,2.8334,2.8379,2.7704,2.7749,505240,0.5013,620790016,1513704192,43.8773,
600202.SH,¹þ¿Õµ÷,2002-12-05,2.7749,2.7749,2.7208,2.7388,430555,0.4272,612727808,1494045696,43.3074,
600202.SH,¹þ¿Õµ÷,2002-12-06,2.7749,2.7839,2.7298,2.7433,314490,0.3121,613735584,1496503008,43.3786,
600202.SH,¹þ¿Õµ÷,2002-12-09,2.7298,2.7659,2.7208,2.7343,181810,0.1804,611720032,1491588384,43.2362,
600202.SH,¹þ¿Õµ÷,2002-12-10,2.7343,2.7569,2.6533,2.6623,562200,0.5579,595595616,1452271392,42.0965,
600202.SH,¹þ¿Õµ÷,2002-12-11,2.6352,2.6623,2.6037,2.6533,454050,0.4505,593580064,1447356768,41.9541,
600202.SH,¹þ¿Õµ÷,2002-12-12,2.6578,2.7253,2.6397,2.6623,301960,0.2996,595595616,1452271392,42.0965,
600202.SH,¹þ¿Õµ÷,2002-12-13,2.6488,2.7569,2.6352,2.7298,414189,0.411,610712256,1489131072,43.165,
600202.SH,¹þ¿Õµ÷,2002-12-16,2.7208,2.7704,2.7208,2.7433,595470,0.5909,613735584,1496503008,43.3786,
600202.SH,¹þ¿Õµ÷,2002-12-17,2.7388,2.9055,2.7253,2.8515,3532442,3.5052,637922208,1555478496,45.0882,
600202.SH,¹þ¿Õµ÷,2002-12-18,2.8515,2.8605,2.7839,2.7929,1207018,1.1977,624821120,1523533440,44.1622,
600202.SH,¹þ¿Õµ÷,2002-12-19,2.7839,2.8289,2.7479,2.7929,779396,0.7734,624821120,1523533440,44.1622,
600202.SH,¹þ¿Õµ÷,2002-12-20,2.7839,2.883,2.7749,2.8334,821559,0.8152,633891104,1545649248,44.8032,
600202.SH,¹þ¿Õµ÷,2002-12-23,2.8289,2.91,2.8289,2.8425,1401289,1.3905,635906656,1550563872,44.9457,
600202.SH,¹þ¿Õµ÷,2002-12-24,2.8379,2.856,2.8109,2.8425,352369,0.3497,635906656,1550563872,44.9457,
600202.SH,¹þ¿Õµ÷,2002-12-25,2.8425,2.874,2.8154,2.8154,320568,0.3181,629860000,1535820000,44.5183,
600202.SH,¹þ¿Õµ÷,2002-12-26,2.7929,2.8019,2.6938,2.6938,927052,0.9199,602650048,1469472576,42.5951,
600202.SH,¹þ¿Õµ÷,2002-12-27,2.6803,2.7118,2.6262,2.6668,637822,0.6329,596603392,1454728704,42.1677,
600202.SH,¹þ¿Õµ÷,2002-12-30,2.6668,2.6668,2.6127,2.6172,447378,0.4439,585517856,1427698272,41.3842,
600202.SH,¹þ¿Õµ÷,2002-12-31,2.6172,2.6442,2.5451,2.5587,587710,0.5832,572416768,1395753216,40.4582,
600202.SH,¹þ¿Õµ÷,2003-01-02,2.5451,2.5902,2.5046,2.5271,447761,0.4443,565362336,1378552032,39.9596,
600202.SH,¹þ¿Õµ÷,2003-01-03,2.5226,2.5632,2.5181,2.5587,378578,0.3757,572416768,1395753216,40.4582,
600202.SH,¹þ¿Õµ÷,2003-01-06,2.5677,2.7794,2.5677,2.7614,3495504,3.4685,617766688,1506332256,43.6636,
600202.SH,¹þ¿Õµ÷,2003-01-07,2.7704,2.7704,2.6623,2.7028,1580105,1.5679,604665600,1474387200,42.7376,
600202.SH,¹þ¿Õµ÷,2003-01-08,2.7028,2.7884,2.6668,2.7884,1453998,1.4428,623813344,1521076128,44.0909,
600202.SH,¹þ¿Õµ÷,2003-01-09,2.7884,2.8515,2.7343,2.8154,2462772,2.4438,629860000,1535820000,44.5183,
600202.SH,¹þ¿Õµ÷,2003-01-10,2.8064,2.847,2.7388,2.7433,1680436,1.6675,613735584,1496503008,43.3786,
600202.SH,¹þ¿Õµ÷,2003-01-13,2.7298,2.7659,2.7118,2.7569,654399,0.6493,616758912,1503874944,43.5923,
600202.SH,¹þ¿Õµ÷,2003-01-14,2.7524,2.9325,2.7388,2.883,3179310,3.1548,644976640,1572679680,45.5868,
600202.SH,¹þ¿Õµ÷,2003-01-15,2.8965,3.1082,2.8965,2.937,3545495,3.5181,657069952,1602167424,46.4415,
600202.SH,¹þ¿Õµ÷,2003-01-16,2.937,2.9956,2.8965,2.9956,1685224,1.6722,670171040,1634112480,47.3675,
600202.SH,¹þ¿Õµ÷,2003-01-17,3.0091,3.0091,2.928,2.9416,1241181,1.2316,658077728,1604624736,46.5127,
600202.SH,¹þ¿Õµ÷,2003-01-20,2.9416,2.9686,2.892,2.9596,1179659,1.1706,662108832,1614453984,46.7977,
600202.SH,¹þ¿Õµ÷,2003-01-21,2.9596,2.9731,2.8605,2.8605,907470,0.9005,639937760,1560393120,45.2306,
600202.SH,¹þ¿Õµ÷,2003-01-22,2.856,2.892,2.8199,2.865,803935,0.7977,640945536,1562850432,45.3018,
600202.SH,¹þ¿Õµ÷,2003-01-23,2.8785,2.9055,2.8425,2.8425,635286,0.6304,635906656,1550563872,44.9457,
600202.SH,¹þ¿Õµ÷,2003-01-24,2.8425,2.9235,2.8425,2.9235,1433278,1.4222,654046624,1594795488,46.2278,
600202.SH,¹þ¿Õµ÷,2003-01-27,2.9506,2.9731,2.9055,2.9461,795786,0.7896,659085504,1607082048,46.584,
600202.SH,¹þ¿Õµ÷,2003-01-28,2.9506,2.9686,2.901,2.9551,738806,0.7331,661101056,1611996672,46.7264,
600202.SH,¹þ¿Õµ÷,2003-01-29,2.9866,3.0812,2.9821,3.0136,3140696,3.1165,674202144,1643941728,47.6524,
600202.SH,¹þ¿Õµ÷,2003-02-10,3.0001,3.0046,2.937,2.9641,748507,0.7427,663116608,1616911296,46.8689,
600202.SH,¹þ¿Õµ÷,2003-02-11,2.9551,3.0091,2.9416,3.0091,464477,0.4609,673194368,1641484416,47.5812,
600202.SH,¹þ¿Õµ÷,2003-02-12,3.0001,3.0632,2.9551,3.0587,1116510,1.1079,684279904,1668514848,48.3647,
600202.SH,¹þ¿Õµ÷,2003-02-13,3.0632,3.0677,3.0091,3.0181,1029215,1.0213,675209920,1646399040,47.7236,
600202.SH,¹þ¿Õµ÷,2003-02-14,3.0136,3.0316,2.9776,3.0091,557654,0.5534,673194368,1641484416,47.5812,
600202.SH,¹þ¿Õµ÷,2003-02-17,3.0091,3.0226,2.9506,2.9641,1099417,1.0909,663116608,1616911296,46.8689,
600202.SH,¹þ¿Õµ÷,2003-02-18,2.9731,3.0542,2.937,3.0497,1089540,1.0811,682264352,1663600224,48.2222,
600202.SH,¹þ¿Õµ÷,2003-02-19,3.0632,3.0812,3.0271,3.0812,2012514,1.997,689318784,1680801408,48.7208,
600202.SH,¹þ¿Õµ÷,2003-02-20,3.1082,3.1893,3.0767,3.0812,3254239,3.2291,689318784,1680801408,48.7208,
600202.SH,¹þ¿Õµ÷,2003-02-21,3.0812,3.0812,2.9821,2.9956,1135806,1.127,670171040,1634112480,47.3675,
600202.SH,¹þ¿Õµ÷,2003-02-24,2.9596,3.0091,2.9596,2.9731,652819,0.6478,665132160,1621825920,47.0113,
600202.SH,¹þ¿Õµ÷,2003-02-25,2.9776,3.0407,2.9731,3.0407,573882,0.5695,680248800,1658685600,48.0798,
600202.SH,¹þ¿Õµ÷,2003-02-26,3.0452,3.0452,3.0091,3.0181,429490,0.4262,675209920,1646399040,47.7236,
600202.SH,¹þ¿Õµ÷,2003-02-27,3.0091,3.0632,3.0001,3.0136,526200,0.5221,674202144,1643941728,47.6524,
600202.SH,¹þ¿Õµ÷,2003-02-28,3.0091,3.0407,2.9776,3.0091,388628,0.3856,673194368,1641484416,47.5812,
600202.SH,¹þ¿Õµ÷,2003-03-03,3.0136,3.0542,2.9821,3.0542,613500,0.6088,683272128,1666057536,48.2935,
600202.SH,¹þ¿Õµ÷,2003-03-04,3.0632,3.0767,3.0271,3.0497,509980,0.506,682264352,1663600224,48.2222,
600202.SH,¹þ¿Õµ÷,2003-03-05,3.0542,3.0587,3.0001,3.0091,338500,0.3359,673194368,1641484416,47.5812,
600202.SH,¹þ¿Õµ÷,2003-03-06,3.0091,3.0091,2.928,2.937,748077,0.7423,657069952,1602167424,46.4415,
600202.SH,¹þ¿Õµ÷,2003-03-07,2.937,2.9551,2.919,2.928,411410,0.4082,655054400,1597252800,46.299,
600202.SH,¹þ¿Õµ÷,2003-03-10,2.928,2.9461,2.8605,2.865,928531,0.9214,640945536,1562850432,45.3018,
600202.SH,¹þ¿Õµ÷,2003-03-11,2.8605,2.8785,2.847,2.856,365910,0.3631,638929984,1557935808,45.1594,
600202.SH,¹þ¿Õµ÷,2003-03-12,2.847,2.883,2.8199,2.883,342941,0.3403,644976640,1572679680,45.5868,
600202.SH,¹þ¿Õµ÷,2003-03-13,2.883,2.883,2.8379,2.8379,265520,0.2635,634898880,1548106560,44.8745,
600202.SH,¹þ¿Õµ÷,2003-03-14,2.8379,2.8515,2.8154,2.8289,306980,0.3046,632883328,1543191936,44.732,
600202.SH,¹þ¿Õµ÷,2003-03-17,2.8154,2.8334,2.7929,2.8334,482101,0.4784,633891104,1545649248,44.8032,
600202.SH,¹þ¿Õµ÷,2003-03-18,2.8334,2.883,2.8289,2.847,844949,0.8384,636914432,1553021184,45.0169,
600202.SH,¹þ¿Õµ÷,2003-03-19,2.847,2.8785,2.7929,2.8019,952206,0.9449,626836672,1528448064,44.3046,
600202.SH,¹þ¿Õµ÷,2003-03-20,2.8109,2.8289,2.7749,2.7929,410771,0.4076,624821120,1523533440,44.1622,
600202.SH,¹þ¿Õµ÷,2003-03-21,2.8154,2.8289,2.7839,2.8244,178525,0.1771,631875552,1540734624,44.6608,
600202.SH,¹þ¿Õµ÷,2003-03-24,2.8154,2.856,2.8154,2.8379,253520,0.2516,634898880,1548106560,44.8745,
600202.SH,¹þ¿Õµ÷,2003-03-25,2.847,2.8515,2.7749,2.7839,264287,0.2622,622805568,1518618816,44.0197,
600202.SH,¹þ¿Õµ÷,2003-03-26,2.7749,2.7929,2.7208,2.7253,416150,0.4129,609704480,1486673760,43.0937,
600202.SH,¹þ¿Õµ÷,2003-03-27,2.7253,2.8379,2.6578,2.7884,1048706,1.0406,623813344,1521076128,44.0909,
600202.SH,¹þ¿Õµ÷,2003-03-28,2.7704,2.8605,2.7704,2.8605,2142218,2.1257,639937760,1560393120,45.2306,
600202.SH,¹þ¿Õµ÷,2003-03-31,2.874,2.919,2.865,2.9145,2834946,2.8131,652031072,1589880864,46.0854,
600202.SH,¹þ¿Õµ÷,2003-04-01,2.919,2.928,2.883,2.91,752729,0.7469,651023296,1587423552,46.0141,
600202.SH,¹þ¿Õµ÷,2003-04-02,2.928,2.928,2.883,2.9055,520085,0.5161,650015520,1584966240,45.9429,
600202.SH,¹þ¿Õµ÷,2003-04-03,2.9145,2.9145,2.8605,2.865,443236,0.4398,640945536,1562850432,45.3018,
600202.SH,¹þ¿Õµ÷,2003-04-04,2.8605,2.865,2.8289,2.8425,615472,0.6107,635906656,1550563872,44.9457,
600202.SH,¹þ¿Õµ÷,2003-04-07,2.8379,2.8875,2.7794,2.7839,684940,0.6797,622805568,1518618816,44.0197,
600202.SH,¹þ¿Õµ÷,2003-04-08,2.7929,2.8064,2.7433,2.7614,756564,0.7507,617766688,1506332256,43.6636,
600202.SH,¹þ¿Õµ÷,2003-04-09,2.7614,2.7974,2.6938,2.7929,1076789,1.0685,624821120,1523533440,44.1622,
600202.SH,¹þ¿Õµ÷,2003-04-10,2.7839,2.8199,2.7208,2.7794,1185510,1.1764,621797792,1516161504,43.9485,
600202.SH,¹þ¿Õµ÷,2003-04-11,2.7794,2.8064,2.7253,2.7974,1497720,1.4862,625828896,1525990752,44.2334,
600202.SH,¹þ¿Õµ÷,2003-04-14,2.7974,2.901,2.7524,2.865,2033215,2.0175,640945536,1562850432,45.3018,
600202.SH,¹þ¿Õµ÷,2003-04-15,2.874,2.9731,2.8379,2.9731,3273640,3.2484,665132160,1621825920,47.0113,
600202.SH,¹þ¿Õµ÷,2003-04-16,2.9956,2.9956,2.7524,2.8154,2821621,2.7998,629860000,1535820000,415.8066,
600202.SH,¹þ¿Õµ÷,2003-04-17,2.8064,2.8379,2.7614,2.8244,1434068,1.423,631875552,1540734624,417.1372,
600202.SH,¹þ¿Õµ÷,2003-04-18,2.8334,2.8334,2.7704,2.8109,900103,0.8932,628852224,1533362688,415.1413,
600202.SH,¹þ¿Õµ÷,2003-04-21,2.8064,2.8064,2.7524,2.7929,855521,0.8489,624821120,1523533440,412.4802,
600202.SH,¹þ¿Õµ÷,2003-04-22,2.8109,2.8109,2.7614,2.7659,559163,0.5548,618774464,1508789568,408.4884,
600202.SH,¹þ¿Õµ÷,2003-04-23,2.7659,2.7704,2.7163,2.7253,915819,0.9088,609704480,1486673760,402.5008,
600202.SH,¹þ¿Õµ÷,2003-04-24,2.6983,2.7433,2.6578,2.6758,909375,0.9024,598618944,1459643328,395.1826,
600202.SH,¹þ¿Õµ÷,2003-04-25,2.6623,2.7298,2.6623,2.7118,586708,0.5822,606681152,1479301824,400.5049,
600202.SH,¹þ¿Õµ÷,2003-04-28,2.7073,2.7839,2.6488,2.7749,933760,0.9266,620790016,1513704192,409.819,
600202.SH,¹þ¿Õµ÷,2003-04-29,2.7839,2.7839,2.7118,2.7479,1077868,1.0696,614743360,1498960320,405.8273,
600202.SH,¹þ¿Õµ÷,2003-04-30,2.8244,2.8244,2.6127,2.6352,2940300,2.9176,589548960,1437527520,-20668.6992,
600202.SH,¹þ¿Õµ÷,2003-05-12,2.6488,2.6893,2.5271,2.5587,926419,0.9193,572416768,1395753216,-20068.0703,
600202.SH,¹þ¿Õµ÷,2003-05-13,2.5451,2.5496,2.5001,2.5451,1008155,1.0004,569393440,1388381280,-19962.0781,
600202.SH,¹þ¿Õµ÷,2003-05-14,2.5136,2.6217,2.5136,2.6037,614538,0.6098,582494528,1420326336,-20421.3828,
600202.SH,¹þ¿Õµ÷,2003-05-15,2.6262,2.7118,2.6172,2.6758,979926,0.9724,598618944,1459643328,-20986.6797,
600202.SH,¹þ¿Õµ÷,2003-05-16,2.7028,2.7073,2.6127,2.6262,624595,0.6198,587533408,1432612896,-20598.0371,
600202.SH,¹þ¿Õµ÷,2003-05-19,2.6262,2.6262,2.6262,2.6262,--,--,587533408,1432612896,-20598.0371,
600202.SH,¹þ¿Õµ÷,2003-05-20,2.7028,2.7794,2.6262,2.6668,825032,0.8187,596603392,1454728704,-20916.0176,
600202.SH,¹þ¿Õµ÷,2003-05-21,2.6668,2.7118,2.6488,2.6578,474326,0.4707,594587840,1449814080,-20845.3555,
600202.SH,¹þ¿Õµ÷,2003-05-22,2.6803,2.6803,2.6172,2.6352,306331,0.304,589548960,1437527520,-20668.6992,
600202.SH,¹þ¿Õµ÷,2003-05-23,2.6533,2.6533,2.6082,2.6307,678720,0.6735,588541184,1435070208,-20633.3691,
600202.SH,¹þ¿Õµ÷,2003-05-26,2.6352,2.6758,2.6262,2.6533,553686,0.5494,593580064,1447356768,-20810.0254,
600202.SH,¹þ¿Õµ÷,2003-05-27,2.6533,2.6533,2.5992,2.6262,679297,0.6741,587533408,1432612896,-20598.0371,
600202.SH,¹þ¿Õµ÷,2003-05-28,2.6307,2.6668,2.6127,2.6307,627545,0.6227,588541184,1435070208,-20633.3691,
600202.SH,¹þ¿Õµ÷,2003-05-29,2.6352,2.6578,2.6127,2.6533,655298,0.6502,593580064,1447356768,-20810.0254,
600202.SH,¹þ¿Õµ÷,2003-05-30,2.6533,2.7253,2.6533,2.7028,1534833,1.523,604665600,1474387200,-21198.666,
600202.SH,¹þ¿Õµ÷,2003-06-02,2.7028,2.7253,2.6488,2.6983,779220,0.7732,603657824,1471929888,-21163.3359,
600202.SH,¹þ¿Õµ÷,2003-06-03,2.7028,2.8019,2.6803,2.7479,2328084,2.3101,614743360,1498960320,-21551.9785,
600202.SH,¹þ¿Õµ÷,2003-06-04,2.7479,2.7569,2.7118,2.7479,903337,0.8964,614743360,1498960320,-21551.9785,
600202.SH,¹þ¿Õµ÷,2003-06-05,2.7433,2.7794,2.7253,2.7433,786418,0.7803,613735584,1496503008,-21516.6465,
600202.SH,¹þ¿Õµ÷,2003-06-06,2.7163,2.7479,2.6803,2.7073,728255,0.7226,605673376,1476844512,-21233.998,
600202.SH,¹þ¿Õµ÷,2003-06-09,2.7028,2.7343,2.6578,2.6758,483990,0.4803,598618944,1459643328,-20986.6797,
600202.SH,¹þ¿Õµ÷,2003-06-10,2.7028,2.7208,2.6668,2.7073,440951,0.4375,605673376,1476844512,-21233.998,
600202.SH,¹þ¿Õµ÷,2003-06-11,2.7118,2.7343,2.6938,2.7253,615230,0.6105,609704480,1486673760,-21375.3223,
600202.SH,¹þ¿Õµ÷,2003-06-12,2.7208,2.7253,2.6803,2.6893,501730,0.4979,601642272,1467015264,-21092.6738,
600202.SH,¹þ¿Õµ÷,2003-06-13,2.7028,2.7479,2.6848,2.7343,653605,0.6486,611720032,1491588384,-21445.9844,
600202.SH,¹þ¿Õµ÷,2003-06-16,2.7343,2.7388,2.6938,2.7208,464670,0.4611,608696704,1484216448,-21339.9902,
600202.SH,¹þ¿Õµ÷,2003-06-17,2.7073,2.7388,2.6803,2.7118,173510,0.1722,606681152,1479301824,-21269.3281,
600202.SH,¹þ¿Õµ÷,2003-06-18,2.6848,2.7118,2.6803,2.6893,218695,0.217,601642272,1467015264,-21092.6738,
600202.SH,¹þ¿Õµ÷,2003-06-19,2.6758,2.6893,2.6172,2.6488,511455,0.5075,592572288,1444899456,-20774.6934,
600202.SH,¹þ¿Õµ÷,2003-06-20,2.6217,2.6758,2.6217,2.6488,137430,0.1364,592572288,1444899456,-20774.6934,
600202.SH,¹þ¿Õµ÷,2003-06-23,2.6442,2.6578,2.6127,2.6217,267730,0.2657,586525632,1430155584,-20562.707,
600202.SH,¹þ¿Õµ÷,2003-06-24,2.6127,2.6442,2.6127,2.6262,125630,0.1247,587533408,1432612896,-20598.0371,
600202.SH,¹þ¿Õµ÷,2003-06-25,2.6488,2.6488,2.6037,2.6127,143540,0.1424,584510080,1425240960,-20492.0449,
600202.SH,¹þ¿Õµ÷,2003-06-26,2.6037,2.6127,2.5722,2.5902,284615,0.2824,579471200,1412954400,-20315.3887,
600202.SH,¹þ¿Õµ÷,2003-06-27,2.5902,2.5902,2.5271,2.5271,288051,0.2858,565362336,1378552032,-19820.7539,
600202.SH,¹þ¿Õµ÷,2003-06-30,2.5091,2.6037,2.4911,2.5587,263954,0.2619,572416768,1395753216,-20068.0703,
600202.SH,¹þ¿Õµ÷,2003-07-01,2.6083,2.6083,2.518,2.5541,215287,0.2136,570401216,1390838592,-19997.4082,
600202.SH,¹þ¿Õµ÷,2003-07-02,2.5496,2.5677,2.5271,2.5406,153143,0.152,567377888,1383466656,-19891.416,
600202.SH,¹þ¿Õµ÷,2003-07-03,2.5632,2.5632,2.5045,2.5271,253530,0.2516,564354560,1376094720,-19785.4219,
600202.SH,¹þ¿Õµ÷,2003-07-04,2.5271,2.5271,2.491,2.518,328240,0.3257,562339008,1371180096,-19714.7598,
600202.SH,¹þ¿Õµ÷,2003-07-07,2.518,2.518,2.4368,2.4413,726960,0.7214,545206816,1329405792,-19114.1309,
600202.SH,¹þ¿Õµ÷,2003-07-08,2.4233,2.509,2.4233,2.5,477776,0.4741,558307904,1361350848,-19573.4355,
600202.SH,¹þ¿Õµ÷,2003-07-09,2.4774,2.491,2.4368,2.4594,254981,0.253,549237920,1339235040,-19255.4551,
600202.SH,¹þ¿Õµ÷,2003-07-10,2.4774,2.5226,2.4639,2.4955,374469,0.3716,557300128,1358893536,-19538.1055,
600202.SH,¹þ¿Õµ÷,2003-07-11,2.4819,2.5496,2.4729,2.5361,580850,0.5764,566370112,1381009344,-19856.084,
600202.SH,¹þ¿Õµ÷,2003-07-14,2.5271,2.5857,2.5271,2.5541,629439,0.6246,570401216,1390838592,-19997.4082,
600202.SH,¹þ¿Õµ÷,2003-07-15,2.6173,2.6173,2.509,2.518,300188,0.2979,562339008,1371180096,-19714.7598,
600202.SH,¹þ¿Õµ÷,2003-07-16,2.5722,2.5722,2.518,2.5361,161370,0.1601,566370112,1381009344,-19856.084,
600202.SH,¹þ¿Õµ÷,2003-07-17,2.5361,2.5361,2.4684,2.5,440230,0.4368,558307904,1361350848,-19573.4355,
600202.SH,¹þ¿Õµ÷,2003-07-18,2.518,2.5226,2.4233,2.4549,755530,0.7497,548230144,1336777728,-19220.125,
600202.SH,¹þ¿Õµ÷,2003-07-21,2.4549,2.4549,2.3691,2.3782,385165,0.3822,531097952,1295003424,-18619.4961,
600202.SH,¹þ¿Õµ÷,2003-07-22,2.4143,2.4458,2.3691,2.4052,302501,0.3002,537144608,1309747296,-18831.4824,
600202.SH,¹þ¿Õµ÷,2003-07-23,2.4278,2.4594,2.3917,2.4458,195881,0.1944,546214592,1331863104,-19149.4629,
600202.SH,¹þ¿Õµ÷,2003-07-24,2.4458,2.6173,2.4413,2.5902,1924843,1.91,578463424,1410497088,-20280.0586,
600202.SH,¹þ¿Õµ÷,2003-07-25,2.5632,2.5632,2.4819,2.509,741210,0.7355,560323456,1366265472,-19644.0977,
600202.SH,¹þ¿Õµ÷,2003-07-28,2.5045,2.5316,2.4458,2.4549,315780,0.3133,548230144,1336777728,-19220.125,
600202.SH,¹þ¿Õµ÷,2003-07-29,2.4368,2.4684,2.4233,2.4368,308565,0.3062,544199040,1326948480,-19078.8008,
600202.SH,¹þ¿Õµ÷,2003-07-30,2.5045,2.5587,2.4368,2.5316,929242,0.9221,565362336,1378552032,-19820.7539,
600202.SH,¹þ¿Õµ÷,2003-07-31,2.509,2.5316,2.4819,2.5045,359310,0.3565,559315680,1363808160,-19608.7676,
600202.SH,¹þ¿Õµ÷,2003-08-01,2.5496,2.5587,2.4819,2.5271,554683,0.5504,564354560,1376094720,-19785.4219,
600202.SH,¹þ¿Õµ÷,2003-08-04,2.5451,2.6038,2.491,2.5812,1023324,1.0154,576447872,1405582464,-20209.3965,
600202.SH,¹þ¿Õµ÷,2003-08-05,2.5812,2.7256,2.5812,2.6579,3582293,3.5547,593580064,1447356768,-20810.0254,
600202.SH,¹þ¿Õµ÷,2003-08-06,2.6579,2.685,2.6218,2.6444,938857,0.9316,590556736,1439984832,260.3016,
600202.SH,¹þ¿Õµ÷,2003-08-07,2.6579,2.7076,2.6444,2.6895,1123110,1.1144,600634496,1464557952,264.7436,
600202.SH,¹þ¿Õµ÷,2003-08-08,2.7211,2.7301,2.6624,2.676,1189144,1.18,597611168,1457186016,263.411,
600202.SH,¹þ¿Õµ÷,2003-08-11,2.6985,2.6985,2.6218,2.6489,552014,0.5478,591564512,1442442144,260.7458,
600202.SH,¹þ¿Õµ÷,2003-08-12,2.6489,2.6805,2.6263,2.6444,362718,0.3599,590556736,1439984832,260.3016,
600202.SH,¹þ¿Õµ÷,2003-08-13,2.6624,2.6624,2.6218,2.6263,218188,0.2165,586525632,1430155584,258.5248,
600202.SH,¹þ¿Õµ÷,2003-08-14,2.6399,2.6534,2.6128,2.6399,601052,0.5964,589548960,1437527520,259.8574,
600202.SH,¹þ¿Õµ÷,2003-08-15,2.6399,2.6805,2.6083,2.676,627990,0.6231,597611168,1457186016,263.411,
600202.SH,¹þ¿Õµ÷,2003-08-18,2.676,2.7256,2.6399,2.6985,902078,0.8951,602650048,1469472576,265.632,
600202.SH,¹þ¿Õµ÷,2003-08-19,2.6895,2.7256,2.6805,2.7211,742769,0.737,607688928,1481759136,267.853,
600202.SH,¹þ¿Õµ÷,2003-08-20,2.7301,2.7933,2.7211,2.7437,2601328,2.5813,612727808,1494045696,270.074,
600202.SH,¹þ¿Õµ÷,2003-08-21,2.7437,2.7482,2.7211,2.7346,581117,0.5766,610712256,1489131072,269.1856,
600202.SH,¹þ¿Õµ÷,2003-08-22,2.7256,2.7617,2.676,2.694,728588,0.723,601642272,1467015264,265.1878,
600202.SH,¹þ¿Õµ÷,2003-08-25,2.685,2.7301,2.676,2.7076,458150,0.4546,604665600,1474387200,266.5204,
600202.SH,¹þ¿Õµ÷,2003-08-26,2.7031,2.7301,2.6895,2.7076,301970,0.2996,604665600,1474387200,266.5204,
600202.SH,¹þ¿Õµ÷,2003-08-27,2.694,2.7031,2.6263,2.6534,522540,0.5185,592572288,1444899456,261.19,
600202.SH,¹þ¿Õµ÷,2003-08-28,2.6263,2.676,2.6173,2.6534,341210,0.3386,592572288,1444899456,261.19,
600202.SH,¹þ¿Õµ÷,2003-08-29,2.7076,2.7076,2.6309,2.6579,263128,0.2611,593580064,1447356768,261.6342,
600202.SH,¹þ¿Õµ÷,2003-09-01,2.676,2.7482,2.6715,2.7346,677620,0.6724,610712256,1489131072,269.1856,
600202.SH,¹þ¿Õµ÷,2003-09-02,2.7346,2.7798,2.685,2.7527,1085138,1.0768,614743360,1498960320,270.9624,
600202.SH,¹þ¿Õµ÷,2003-09-03,2.7346,2.7662,2.7301,2.7527,434006,0.4307,614743360,1498960320,270.9624,
600202.SH,¹þ¿Õµ÷,2003-09-04,2.7753,2.8294,2.7346,2.7662,1188380,1.1792,617766688,1506332256,272.295,
600202.SH,¹þ¿Õµ÷,2003-09-05,2.7707,2.7707,2.7076,2.7392,685354,0.6801,611720032,1491588384,269.6298,
600202.SH,¹þ¿Õµ÷,2003-09-08,2.7301,2.7978,2.7166,2.7617,963280,0.9558,616758912,1503874944,271.8508,
600202.SH,¹þ¿Õµ÷,2003-09-09,2.7798,2.8159,2.7617,2.7843,926257,0.9191,621797792,1516161504,274.0718,
600202.SH,¹þ¿Õµ÷,2003-09-10,2.7888,2.8069,2.7617,2.7798,240540,0.2387,620790016,1513704192,273.6276,
600202.SH,¹þ¿Õµ÷,2003-09-11,2.7888,2.7888,2.7076,2.7211,1175362,1.1663,607688928,1481759136,267.853,
600202.SH,¹þ¿Õµ÷,2003-09-12,2.7482,2.7482,2.667,2.685,886830,0.88,599626720,1462100640,264.2994,
600202.SH,¹þ¿Õµ÷,2003-09-15,2.667,2.7076,2.6309,2.6399,474327,0.4707,589548960,1437527520,259.8574,
600202.SH,¹þ¿Õµ÷,2003-09-16,2.667,2.7482,2.6444,2.6985,428720,0.4254,602650048,1469472576,265.632,
600202.SH,¹þ¿Õµ÷,2003-09-17,2.6985,2.8069,2.685,2.7572,1590148,1.5779,615751136,1501417632,271.4066,
600202.SH,¹þ¿Õµ÷,2003-09-18,2.7572,2.8204,2.7392,2.7933,1212444,1.2031,623813344,1521076128,274.9602,
600202.SH,¹þ¿Õµ÷,2003-09-19,2.8159,2.8159,2.7753,2.7978,817610,0.8113,624821120,1523533440,275.4044,
600202.SH,¹þ¿Õµ÷,2003-09-22,2.7978,2.87,2.7798,2.852,1762267,1.7487,636914432,1553021184,280.7349,
600202.SH,¹þ¿Õµ÷,2003-09-23,2.8655,2.9332,2.8475,2.9197,3593119,3.5654,652031072,1589880864,287.3979,
600202.SH,¹þ¿Õµ÷,2003-09-24,2.9197,2.9242,2.8791,2.9152,1080053,1.0717,651023296,1587423552,286.9537,
600202.SH,¹þ¿Õµ÷,2003-09-25,2.9106,2.9152,2.8339,2.8339,1160870,1.1519,632883328,1543191936,278.958,
600202.SH,¹þ¿Õµ÷,2003-09-26,2.8339,2.9152,2.8069,2.8926,1487590,1.4761,645984416,1575136992,284.7327,
600202.SH,¹þ¿Õµ÷,2003-09-29,2.8791,2.8926,2.843,2.8745,756299,0.7505,641953312,1565307744,282.9558,
600202.SH,¹þ¿Õµ÷,2003-09-30,2.87,2.9106,2.8249,2.852,1763140,1.7495,636914432,1553021184,280.7349,
600202.SH,¹þ¿Õµ÷,2003-10-08,2.8204,3.0641,2.8204,3.0054,3950310,3.9198,671178816,1636569792,295.8377,
600202.SH,¹þ¿Õµ÷,2003-10-09,2.9783,3.046,2.9558,3.0189,2035919,2.0202,674202144,1643941728,297.1703,
600202.SH,¹þ¿Õµ÷,2003-10-10,3.0505,3.1047,2.9919,3.0596,3653697,3.6255,683272128,1666057536,301.1681,
600202.SH,¹þ¿Õµ÷,2003-10-13,3.0776,3.0957,3.0235,3.0505,1804809,1.7909,681256576,1661142912,300.2797,
600202.SH,¹þ¿Õµ÷,2003-10-14,3.0505,3.0686,2.9738,3.0009,1829912,1.8158,670171040,1634112480,295.3935,
600202.SH,¹þ¿Õµ÷,2003-10-15,3.0054,3.028,2.9648,2.9738,1874487,1.86,664124384,1619368608,292.7283,
600202.SH,¹þ¿Õµ÷,2003-10-16,2.9828,3.0144,2.9152,2.9513,1653827,1.6411,659085504,1607082048,290.5073,
600202.SH,¹þ¿Õµ÷,2003-10-17,2.9332,2.9919,2.9332,2.9558,825934,0.8196,660093280,1609539360,290.9515,
600202.SH,¹þ¿Õµ÷,2003-10-20,2.9422,3.0054,2.9242,2.9603,813304,0.807,661101056,1611996672,291.3957,
600202.SH,¹þ¿Õµ÷,2003-10-21,2.9603,3.0144,2.9467,2.9919,841719,0.8352,668155488,1629197856,294.5051,
600202.SH,¹þ¿Õµ÷,2003-10-22,2.9919,3.055,2.9332,2.9919,2724394,2.7034,668155488,1629197856,294.5051,
600202.SH,¹þ¿Õµ÷,2003-10-23,2.9874,2.9874,2.8159,2.8204,4165796,4.1337,629860000,1535820000,277.6255,
600202.SH,¹þ¿Õµ÷,2003-10-24,2.7978,2.8339,2.6624,2.7662,3389442,3.3633,617766688,1506332256,272.295,
600202.SH,¹þ¿Õµ÷,2003-10-27,2.7572,2.7572,2.6805,2.7076,1122359,1.1137,604665600,1474387200,266.5204,
600202.SH,¹þ¿Õµ÷,2003-10-28,2.7437,2.7798,2.6895,2.7753,1047410,1.0393,619782240,1511246880,273.1834,
600202.SH,¹þ¿Õµ÷,2003-10-29,2.8069,2.8159,2.6985,2.7256,1100613,1.0921,608696704,1484216448,46.9812,
600202.SH,¹þ¿Õµ÷,2003-10-30,2.7301,2.7301,2.4549,2.5045,3658669,3.6304,559315680,1363808160,43.1698,
600202.SH,¹þ¿Õµ÷,2003-10-31,2.5226,2.6173,2.5045,2.5587,2196366,2.1794,571408992,1393295904,44.1032,
600202.SH,¹þ¿Õµ÷,2003-11-03,2.5451,2.5496,2.4549,2.4819,1843078,1.8289,554276800,1351521600,42.7809,
600202.SH,¹þ¿Õµ÷,2003-11-04,2.5361,2.5632,2.4729,2.5406,2395036,2.3766,567377888,1383466656,43.792,
600202.SH,¹þ¿Õµ÷,2003-11-05,2.5406,2.5857,2.5045,2.5632,1605601,1.5932,572416768,1395753216,44.181,
600202.SH,¹þ¿Õµ÷,2003-11-06,2.5812,2.5857,2.4774,2.4819,1325735,1.3155,554276800,1351521600,42.7809,
600202.SH,¹þ¿Õµ÷,2003-11-07,2.5587,2.5722,2.4819,2.5451,1421382,1.4104,568385664,1385923968,43.8698,
600202.SH,¹þ¿Õµ÷,2003-11-10,2.6083,2.6083,2.4955,2.5406,1232344,1.2228,567377888,1383466656,43.792,
600202.SH,¹þ¿Õµ÷,2003-11-11,2.5632,2.5632,2.4865,2.5406,806204,0.8,567377888,1383466656,43.792,
600202.SH,¹þ¿Õµ÷,2003-11-12,2.5271,2.5316,2.4819,2.491,559173,0.5549,556292352,1356436224,42.9364,
600202.SH,¹þ¿Õµ÷,2003-11-13,2.5045,2.5496,2.4865,2.5496,1046344,1.0383,569393440,1388381280,43.9476,
600202.SH,¹þ¿Õµ÷,2003-11-14,2.5587,2.6218,2.5541,2.6083,2479699,2.4606,582494528,1420326336,44.9588,
600202.SH,¹þ¿Õµ÷,2003-11-17,2.6083,2.6083,2.5632,2.5722,611414,0.6067,574432320,1400667840,44.3365,
600202.SH,¹þ¿Õµ÷,2003-11-18,2.5722,2.5722,2.4819,2.4955,662650,0.6575,557300128,1358893536,43.0142,
600202.SH,¹þ¿Õµ÷,2003-11-19,2.5496,2.5496,2.4955,2.5316,519642,0.5156,565362336,1378552032,43.6365,
600202.SH,¹þ¿Õµ÷,2003-11-20,2.518,2.6399,2.518,2.5993,1599398,1.5871,580478976,1415411712,44.8032,
600202.SH,¹þ¿Õµ÷,2003-11-21,2.6173,2.6534,2.5541,2.5632,1361459,1.351,572416768,1395753216,44.181,
600202.SH,¹þ¿Õµ÷,2003-11-24,2.5948,2.6263,2.5271,2.6263,1232928,1.2234,586525632,1430155584,45.2699,
600202.SH,¹þ¿Õµ÷,2003-11-25,2.6173,2.7346,2.5993,2.667,2527701,2.5082,595595616,1452271392,45.97,
600202.SH,¹þ¿Õµ÷,2003-11-26,2.6444,2.7031,2.6399,2.685,1192238,1.183,599626720,1462100640,46.2811,
600202.SH,¹þ¿Õµ÷,2003-11-27,2.6985,2.7076,2.5993,2.6173,1050600,1.0425,584510080,1425240960,45.1144,
600202.SH,¹þ¿Õµ÷,2003-11-28,2.6038,2.6263,2.5812,2.5948,670945,0.6658,579471200,1412954400,44.7254,
600202.SH,¹þ¿Õµ÷,2003-12-01,2.6624,2.6624,2.5948,2.6399,974581,0.9671,589548960,1437527520,45.5033,
600202.SH,¹þ¿Õµ÷,2003-12-02,2.6624,2.685,2.6218,2.676,1277790,1.2679,597611168,1457186016,46.1255,
600202.SH,¹þ¿Õµ÷,2003-12-03,2.685,2.694,2.6263,2.6805,1331972,1.3217,598618944,1459643328,46.2033,
600202.SH,¹þ¿Õµ÷,2003-12-04,2.676,2.7256,2.6399,2.7211,1915611,1.9008,607688928,1481759136,46.9034,
600202.SH,¹þ¿Õµ÷,2003-12-05,2.7482,2.7933,2.7076,2.7301,2309796,2.292,609704480,1486673760,47.0589,
600202.SH,¹þ¿Õµ÷,2003-12-08,2.7301,2.7753,2.7076,2.7166,1197367,1.1881,606681152,1479301824,46.8256,
600202.SH,¹þ¿Õµ÷,2003-12-09,2.7166,2.7166,2.6715,2.6985,591865,0.5873,602650048,1469472576,46.5145,
600202.SH,¹þ¿Õµ÷,2003-12-10,2.7437,2.7482,2.6985,2.7211,1096593,1.0881,607688928,1481759136,46.9034,
600202.SH,¹þ¿Õµ÷,2003-12-11,2.7301,2.7437,2.676,2.685,1007482,0.9997,599626720,1462100640,46.2811,
600202.SH,¹þ¿Õµ÷,2003-12-12,2.7166,2.7166,2.6624,2.694,653111,0.6481,601642272,1467015264,46.4367,
600202.SH,¹þ¿Õµ÷,2003-12-15,2.694,2.7392,2.6715,2.7031,548500,0.5443,603657824,1471929888,46.5922,
600202.SH,¹þ¿Õµ÷,2003-12-16,2.7256,2.7256,2.6309,2.6489,685890,0.6806,591564512,1442442144,45.6588,
600202.SH,¹þ¿Õµ÷,2003-12-17,2.6985,2.6985,2.6263,2.6263,791654,0.7855,586525632,1430155584,45.2699,
600202.SH,¹þ¿Õµ÷,2003-12-18,2.6263,2.6399,2.5045,2.5226,1396997,1.3862,563346784,1373637408,43.4809,
600202.SH,¹þ¿Õµ÷,2003-12-19,2.6083,2.6083,2.4368,2.4549,1260265,1.2505,548230144,1336777728,42.3142,
600202.SH,¹þ¿Õµ÷,2003-12-22,2.5135,2.518,2.3646,2.5045,2125523,2.1091,559315680,1363808160,43.1698,
600202.SH,¹þ¿Õµ÷,2003-12-23,2.5045,2.5812,2.491,2.5451,1819977,1.8059,568385664,1385923968,43.8698,
600202.SH,¹þ¿Õµ÷,2003-12-24,2.5496,2.5632,2.5045,2.5361,1075139,1.0668,566370112,1381009344,43.7143,
600202.SH,¹þ¿Õµ÷,2003-12-25,2.5361,2.5948,2.4729,2.5316,1566898,1.5548,565362336,1378552032,43.6365,
600202.SH,¹þ¿Õµ÷,2003-12-26,2.5316,2.6218,2.4955,2.5361,3220824,3.196,566370112,1381009344,43.7143,
600202.SH,¹þ¿Õµ÷,2003-12-29,2.5271,2.5767,2.4774,2.4819,1498758,1.4872,554276800,1351521600,42.7809,
600202.SH,¹þ¿Õµ÷,2003-12-30,2.4819,2.5135,2.4323,2.4594,1131589,1.1229,549237920,1339235040,42.3919,
600202.SH,¹þ¿Õµ÷,2003-12-31,2.4819,2.4819,2.4368,2.4504,420372,0.4171,547222368,1334320416,42.2364,
600202.SH,¹þ¿Õµ÷,2004-01-02,2.4549,2.4955,2.4368,2.4819,731710,0.7261,554276800,1351521600,42.7809,
600202.SH,¹þ¿Õµ÷,2004-01-05,2.4639,2.4684,2.3827,2.4188,1884241,1.8697,540167936,1317119232,41.6919,
600202.SH,¹þ¿Õµ÷,2004-01-06,2.4007,2.4143,2.1751,2.2202,3786421,3.7572,495825792,1208997504,38.2694,
600202.SH,¹þ¿Õµ÷,2004-01-07,2.2337,2.3556,2.2337,2.3195,2636766,2.6164,517996864,1263058368,39.9807,
600202.SH,¹þ¿Õµ÷,2004-01-08,2.3195,2.4729,2.3195,2.4594,2026873,2.0112,549237920,1339235040,42.3919,
600202.SH,¹þ¿Õµ÷,2004-01-09,2.4458,2.6263,2.4368,2.509,2694954,2.6742,560323456,1366265472,43.2476,
600202.SH,¹þ¿Õµ÷,2004-01-12,2.5045,2.5541,2.4504,2.5406,1432241,1.4212,567377888,1383466656,43.792,
600202.SH,¹þ¿Õµ÷,2004-01-13,2.6218,2.7933,2.6173,2.7933,9660098,9.5856,623813344,1521076128,48.1479,
600202.SH,¹þ¿Õµ÷,2004-01-14,2.8249,2.8249,2.7076,2.7211,3876051,3.8461,607688928,1481759136,46.9034,
600202.SH,¹þ¿Õµ÷,2004-01-15,2.7121,2.9783,2.676,2.8294,4786563,4.7496,631875552,1540734624,48.7702,
600202.SH,¹þ¿Õµ÷,2004-01-16,2.8339,2.8881,2.7617,2.8339,2305462,2.2877,632883328,1543191936,48.848,
600202.SH,¹þ¿Õµ÷,2004-01-29,2.8339,2.9783,2.8339,2.9422,2330252,2.3123,657069952,1602167424,50.7148,
600202.SH,¹þ¿Õµ÷,2004-01-30,2.9558,2.9693,2.7888,2.8069,2037750,2.022,626836672,1528448064,48.3813,
600202.SH,¹þ¿Õµ÷,2004-02-02,2.8339,2.9377,2.7346,2.8384,3011839,2.9886,633891104,1545649248,48.9257,
600202.SH,¹þ¿Õµ÷,2004-02-03,2.8339,2.9197,2.8204,2.8836,1804547,1.7906,643968864,1570222368,49.7036,
600202.SH,¹þ¿Õµ÷,2004-02-04,2.8926,3.0686,2.8881,3.055,5017005,4.9783,682264352,1663600224,52.6593,
600202.SH,¹þ¿Õµ÷,2004-02-05,3.046,3.046,2.9648,3.0099,2378246,2.3599,672186592,1639027104,51.8815,
600202.SH,¹þ¿Õµ÷,2004-02-06,3.0099,3.1588,2.9332,3.0776,5770206,5.7257,687303232,1675886784,53.0483,
600202.SH,¹þ¿Õµ÷,2004-02-09,3.0325,3.204,3.0325,3.1047,3664786,3.6365,693349888,1690630656,53.515,
600202.SH,¹þ¿Õµ÷,2004-02-10,3.0731,3.1408,3.0189,3.028,2673378,2.6528,676217696,1648856352,52.1926,
600202.SH,¹þ¿Õµ÷,2004-02-11,3.0235,3.1318,3.0009,3.1272,3597768,3.57,698388768,1702917216,53.9039,
600202.SH,¹þ¿Õµ÷,2004-02-12,3.1272,3.2626,3.1272,3.1949,5575594,5.5326,713505408,1739776896,55.0706,
600202.SH,¹þ¿Õµ÷,2004-02-13,3.1588,3.2491,3.1002,3.1092,2417970,2.3993,694357664,1693087968,53.5927,
600202.SH,¹þ¿Õµ÷,2004-02-16,3.1092,3.1588,3.0911,3.1182,2288590,2.2709,696373216,1698002592,53.7483,
600202.SH,¹þ¿Õµ÷,2004-02-17,3.1408,3.3619,3.1137,3.3123,6742948,6.6909,739707584,1803667008,57.093,
600202.SH,¹þ¿Õµ÷,2004-02-18,3.3078,3.3664,3.2626,3.2762,3511008,3.4839,731645376,1784008512,56.4707,
600202.SH,¹þ¿Õµ÷,2004-02-19,3.2762,3.3754,3.231,3.2536,3267394,3.2422,726606496,1771721952,56.0818,
600202.SH,¹þ¿Õµ÷,2004-02-20,3.2536,3.3303,3.2536,3.2807,2039445,2.0237,732653152,1786465824,56.5485,
600202.SH,¹þ¿Õµ÷,2004-02-23,3.3168,3.3935,3.2401,3.2446,2540523,2.5209,724590944,1766807328,55.9262,
600202.SH,¹þ¿Õµ÷,2004-02-24,3.2085,3.2762,3.1227,3.1679,3017703,2.9944,707458752,1725033024,54.6039,
600202.SH,¹þ¿Õµ÷,2004-02-25,3.1543,3.2085,2.9783,3.0009,2725390,2.7044,670171040,1634112480,51.7259,
600202.SH,¹þ¿Õµ÷,2004-02-26,3.0054,3.0821,2.9874,3.0596,2420581,2.4019,683272128,1666057536,52.7371,
600202.SH,¹þ¿Õµ÷,2004-02-27,3.0686,3.0866,2.9783,3.0596,1851405,1.8371,683272128,1666057536,52.7371,
600202.SH,¹þ¿Õµ÷,2004-03-01,3.0596,3.1363,3.0099,3.1137,1555048,1.543,695365440,1695545280,53.6705,
600202.SH,¹þ¿Õµ÷,2004-03-02,3.1137,3.1363,3.0596,3.1047,1306568,1.2965,693349888,1690630656,53.515,
600202.SH,¹þ¿Õµ÷,2004-03-03,3.0957,3.1047,2.9332,2.9738,1903682,1.889,664124384,1619368608,51.2592,
600202.SH,¹þ¿Õµ÷,2004-03-04,2.9558,3.0189,2.9332,3.0099,1694346,1.6813,672186592,1639027104,51.8815,
600202.SH,¹þ¿Õµ÷,2004-03-05,3.0189,3.0235,2.9783,3.0009,1140465,1.1317,670171040,1634112480,51.7259,
600202.SH,¹þ¿Õµ÷,2004-03-08,3.0144,3.0911,2.9377,2.9422,841430,0.8349,657069952,1602167424,50.7148,
600202.SH,¹þ¿Õµ÷,2004-03-09,2.9422,2.9738,2.8745,2.8745,925560,0.9184,641953312,1565307744,49.548,
600202.SH,¹þ¿Õµ÷,2004-03-10,2.843,3.0009,2.8339,2.9738,1144924,1.1361,664124384,1619368608,51.2592,
600202.SH,¹þ¿Õµ÷,2004-03-11,2.9783,3.0596,2.9287,3.0189,2446348,2.4275,674202144,1643941728,52.0371,
600202.SH,¹þ¿Õµ÷,2004-03-12,3.0505,3.0596,2.9783,3.0144,970575,0.9631,673194368,1641484416,51.9593,
600202.SH,¹þ¿Õµ÷,2004-03-15,2.9919,3.0686,2.9738,3.037,1872407,1.858,678233248,1653770976,52.3482,
600202.SH,¹þ¿Õµ÷,2004-03-16,3.046,3.1363,3.0325,3.1318,2527169,2.5077,699396544,1705374528,53.9817,
600202.SH,¹þ¿Õµ÷,2004-03-17,3.1498,3.1859,3.1182,3.1318,1890746,1.8762,699396544,1705374528,53.9817,
600202.SH,¹þ¿Õµ÷,2004-03-18,3.1318,3.1363,3.0189,3.0189,1412740,1.4018,674202144,1643941728,52.0371,
600202.SH,¹þ¿Õµ÷,2004-03-19,3.0099,3.055,2.9964,3.0325,1241315,1.2317,677225472,1651313664,52.2704,
600202.SH,¹þ¿Õµ÷,2004-03-22,3.046,3.1137,2.9828,3.0731,1143716,1.1349,686295456,1673429472,52.9705,
600202.SH,¹þ¿Õµ÷,2004-03-23,3.0776,3.0776,3.0144,3.0325,903684,0.8967,677225472,1651313664,52.2704,
600202.SH,¹þ¿Õµ÷,2004-03-24,3.0009,3.1814,2.9964,3.1363,3943175,3.9127,700404320,1707831840,54.0594,
600202.SH,¹þ¿Õµ÷,2004-03-25,3.0911,3.2265,3.0911,3.1904,4296943,4.2638,712497632,1737319584,54.9928,
600202.SH,¹þ¿Õµ÷,2004-03-26,3.204,3.2987,3.1949,3.213,5047920,5.009,717536512,1749606144,55.3818,
600202.SH,¹þ¿Õµ÷,2004-03-29,3.213,3.3484,3.1814,3.2852,5552042,5.5092,733660928,1788923136,56.6263,
600202.SH,¹þ¿Õµ÷,2004-03-30,3.2987,3.3348,3.2265,3.3123,2913181,2.8907,739707584,1803667008,57.093,
600202.SH,¹þ¿Õµ÷,2004-03-31,3.3303,3.3393,3.2085,3.2355,3313908,3.2883,722575392,1761892704,55.7707,
600202.SH,¹þ¿Õµ÷,2004-04-01,3.2355,3.3258,3.2085,3.3258,3934224,3.9039,742730912,1811038944,57.3263,
600202.SH,¹þ¿Õµ÷,2004-04-02,3.3258,3.3845,3.2536,3.2717,4030389,3.9993,730637600,1781551200,56.3929,
600202.SH,¹þ¿Õµ÷,2004-04-05,3.2852,3.407,3.2536,3.389,6293411,6.2449,756839776,1845441312,58.4153,
600202.SH,¹þ¿Õµ÷,2004-04-06,3.2807,3.3213,3.1137,3.231,7350305,7.2936,721567616,1759435392,87.4082,
600202.SH,¹þ¿Õµ÷,2004-04-07,3.2401,3.2807,3.204,3.2671,3232802,3.2079,729629824,1779093888,88.3849,
600202.SH,¹þ¿Õµ÷,2004-04-08,3.2671,3.2717,3.1859,3.204,2685200,2.6645,715520960,1744691520,86.6758,
600202.SH,¹þ¿Õµ÷,2004-04-09,3.1994,3.1994,3.0596,3.1047,3391559,3.3654,693349888,1690630656,83.99,
600202.SH,¹þ¿Õµ÷,2004-04-12,3.0731,3.231,3.0686,3.213,2218890,2.2018,717536512,1749606144,86.9199,
600202.SH,¹þ¿Õµ÷,2004-04-13,3.2265,3.2762,3.213,3.2265,1936023,1.9211,720559840,1756978080,87.2861,
600202.SH,¹þ¿Õµ÷,2004-04-14,3.2265,3.3213,3.2085,3.3123,4406257,4.3723,739707584,1803667008,89.6056,
600202.SH,¹þ¿Õµ÷,2004-04-15,3.3393,3.4747,3.3032,3.3348,8669176,8.6023,744746464,1815953568,90.216,
600202.SH,¹þ¿Õµ÷,2004-04-16,3.3393,3.38,3.2491,3.3754,3034187,3.0108,753816448,1838069376,91.3147,
600202.SH,¹þ¿Õµ÷,2004-04-19,3.3709,3.5289,3.3619,3.4296,5409433,5.3677,765909760,1867557120,92.7797,
600202.SH,¹þ¿Õµ÷,2004-04-20,3.4296,3.6281,3.4296,3.574,7195301,7.1398,798158592,1946191104,96.6862,
600202.SH,¹þ¿Õµ÷,2004-04-21,3.5875,3.6236,3.4115,3.4702,3570186,3.5426,774979744,1889672928,93.8784,
600202.SH,¹þ¿Õµ÷,2004-04-22,3.4657,3.5514,3.3754,3.4296,2252455,2.2351,765909760,1867557120,92.7797,
600202.SH,¹þ¿Õµ÷,2004-04-23,3.4296,3.5875,3.3935,3.565,3086421,3.0626,796143040,1941276480,96.442,
600202.SH,¹þ¿Õµ÷,2004-04-26,3.565,3.6507,3.4296,3.4792,3229281,3.2044,776995296,1894587552,94.1226,
600202.SH,¹þ¿Õµ÷,2004-04-27,3.5334,3.5605,3.4251,3.4973,1691842,1.6788,781026400,1904416800,94.6109,
600202.SH,¹þ¿Õµ÷,2004-04-28,3.5018,3.5018,3.1498,3.222,4858317,4.8208,719552064,1754520768,87.1641,
600202.SH,¹þ¿Õµ÷,2004-04-29,3.1814,3.3168,3.1182,3.2626,4460345,4.4259,728622048,1776636576,88.2628,
600202.SH,¹þ¿Õµ÷,2004-04-30,3.2626,3.2807,3.1137,3.204,2044655,2.0289,715520960,1744691520,112.2783,
600202.SH,¹þ¿Õµ÷,2004-05-10,3.2491,3.2491,3.1227,3.1498,978543,0.971,703427648,1715203776,110.3806,
600202.SH,¹þ¿Õµ÷,2004-05-11,3.1363,3.2897,3.1363,3.2807,1242493,1.2329,732653152,1786465824,114.9666,
600202.SH,¹þ¿Õµ÷,2004-05-12,3.2807,3.3619,3.2446,3.3529,1138381,1.1296,748777568,1825782816,117.4968,
600202.SH,¹þ¿Õµ÷,2004-05-13,3.3529,3.389,3.2942,3.3754,751945,0.7461,753816448,1838069376,118.2875,
600202.SH,¹þ¿Õµ÷,2004-05-14,3.3754,3.4522,3.3303,3.4115,2181302,2.1645,761878656,1857727872,119.5526,
600202.SH,¹þ¿Õµ÷,2004-05-17,3.4115,3.4115,3.4115,3.4115,--,--,761878656,1857727872,119.5526,
600202.SH,¹þ¿Õµ÷,2004-05-18,3.4115,3.4837,3.3574,3.4747,2399336,2.3808,775987520,1892130240,121.7666,
600202.SH,¹þ¿Õµ÷,2004-05-19,3.4702,3.5379,3.4657,3.4657,2124696,2.1083,773971968,1887215616,121.4503,
600202.SH,¹þ¿Õµ÷,2004-05-20,3.4296,3.5424,3.38,3.4386,1361544,1.351,767925312,1872471744,120.5015,
600202.SH,¹þ¿Õµ÷,2004-05-21,3.4386,3.4567,3.3168,3.3619,1544707,1.5328,750793120,1830697440,117.8131,
600202.SH,¹þ¿Õµ÷,2004-05-24,3.3529,3.3574,3.2671,3.2852,731161,0.7255,733660928,1788923136,115.1248,
600202.SH,¹þ¿Õµ÷,2004-05-25,3.2762,3.3393,3.2581,3.3393,642541,0.6376,745754240,1818410880,117.0224,
600202.SH,¹þ¿Õµ÷,2004-05-26,3.3393,3.4657,3.3213,3.4522,1515356,1.5037,770948640,1879843680,120.9759,
600202.SH,¹þ¿Õµ÷,2004-05-27,3.4702,3.5334,3.4567,3.4657,2361874,2.3436,773971968,1887215616,121.4503,
600202.SH,¹þ¿Õµ÷,2004-05-28,3.4747,3.5424,3.407,3.5424,1974195,1.959,791104160,1928989920,124.1386,
600202.SH,¹þ¿Õµ÷,2004-05-31,3.565,3.6327,3.5424,3.574,4017431,3.9864,798158592,1946191104,125.2456,
600202.SH,¹þ¿Õµ÷,2004-06-01,3.5785,3.6778,3.5514,3.6417,4995529,4.957,813275232,1983050784,127.6177,
600202.SH,¹þ¿Õµ÷,2004-06-02,3.6462,3.6778,3.565,3.574,2698572,2.6777,798158592,1946191104,125.2456,
600202.SH,¹þ¿Õµ÷,2004-06-03,3.5559,3.565,3.4161,3.4296,2543647,2.524,765909760,1867557120,120.1852,
600202.SH,¹þ¿Õµ÷,2004-06-04,3.389,3.5198,3.389,3.4883,1219183,1.2098,779010848,1899502176,122.241,
600202.SH,¹þ¿Õµ÷,2004-06-07,3.4657,3.5424,3.4522,3.5379,830333,0.8239,790096384,1926532608,123.9805,
600202.SH,¹þ¿Õµ÷,2004-06-08,3.5424,3.6101,3.398,3.4251,2296218,2.2785,764901984,1865099808,120.027,
600202.SH,¹þ¿Õµ÷,2004-06-09,3.407,3.4612,3.3168,3.3529,2812930,2.7912,748777568,1825782816,117.4968,
600202.SH,¹þ¿Õµ÷,2004-06-10,3.3393,3.4341,3.3168,3.4296,1311239,1.3011,765909760,1867557120,120.1852,
600202.SH,¹þ¿Õµ÷,2004-06-11,3.4522,3.5153,3.4206,3.4702,1624489,1.612,774979744,1889672928,121.6084,
600202.SH,¹þ¿Õµ÷,2004-06-14,3.4567,3.4657,3.3439,3.398,1487830,1.4763,758855328,1850355936,119.0782,
600202.SH,¹þ¿Õµ÷,2004-06-15,3.3439,3.4251,3.3393,3.407,880352,0.8736,760870880,1855270560,119.3945,
600202.SH,¹þ¿Õµ÷,2004-06-16,3.389,3.4341,3.3709,3.4115,595533,0.5909,761878656,1857727872,119.5526,
600202.SH,¹þ¿Õµ÷,2004-06-17,3.4206,3.4206,3.0731,3.1949,2853584,2.8316,713505408,1739776896,111.962,
600202.SH,¹þ¿Õµ÷,2004-06-18,3.1588,3.213,3.1453,3.1633,1092503,1.0841,706450976,1722575712,110.855,
600202.SH,¹þ¿Õµ÷,2004-06-21,3.1588,3.1588,3.1182,3.1363,432296,0.429,700404320,1707831840,109.9062,
600202.SH,¹þ¿Õµ÷,2004-06-22,3.1453,3.231,3.1453,3.222,1235894,1.2264,719552064,1754520768,112.9108,
600202.SH,¹þ¿Õµ÷,2004-06-23,3.2085,3.2401,3.204,3.2355,703003,0.6976,722575392,1761892704,113.3852,
600202.SH,¹þ¿Õµ÷,2004-06-24,3.2355,3.3213,3.231,3.2807,1309159,1.2991,732653152,1786465824,114.9666,
600202.SH,¹þ¿Õµ÷,2004-06-25,3.2762,3.3393,3.2265,3.2491,1108090,1.0995,725598720,1769264640,113.8596,
600202.SH,¹þ¿Õµ÷,2004-06-28,3.2446,3.3168,3.204,3.3078,713710,0.7082,738699808,1801209696,115.9155,
600202.SH,¹þ¿Õµ÷,2004-06-29,3.6056,3.6056,3.1859,3.2265,529060,0.525,720559840,1756978080,113.069,
600202.SH,¹þ¿Õµ÷,2004-06-30,3.231,3.2355,3.1769,3.1769,294560,0.2923,709474304,1729947648,111.3294,
600202.SH,¹þ¿Õµ÷,2004-07-01,3.1859,3.2807,3.1724,3.2581,499510,0.4957,727614272,1774179264,114.1759,
600202.SH,¹þ¿Õµ÷,2004-07-02,3.2581,3.2626,3.1814,3.204,424122,0.4208,715520960,1744691520,112.2783,
600202.SH,¹þ¿Õµ÷,2004-07-05,3.1814,3.1904,3.1543,3.1543,469200,0.4656,704435424,1717661088,110.5387,
600202.SH,¹þ¿Õµ÷,2004-07-06,3.1137,3.231,3.1137,3.1588,426800,0.4235,705443200,1720118400,110.6969,
600202.SH,¹þ¿Õµ÷,2004-07-07,3.1498,3.204,3.1318,3.1408,233420,0.2316,701412096,1710289152,110.0643,
600202.SH,¹þ¿Õµ÷,2004-07-08,3.1318,3.1588,2.9919,3.0641,1412990,1.4021,684279904,1668514848,107.376,
600202.SH,¹þ¿Õµ÷,2004-07-09,3.046,3.1137,3.0099,3.0189,929000,0.9218,674202144,1643941728,105.7946,
600202.SH,¹þ¿Õµ÷,2004-07-12,3.0009,3.0776,2.843,3.0776,752134,0.7463,687303232,1675886784,107.8504,
600202.SH,¹þ¿Õµ÷,2004-07-13,3.0686,3.0866,3.0144,3.0505,273720,0.2716,681256576,1661142912,106.9016,
600202.SH,¹þ¿Õµ÷,2004-07-14,3.046,3.1363,3.0009,3.1227,415834,0.4126,697380992,1700459904,109.4318,
600202.SH,¹þ¿Õµ÷,2004-07-15,3.1092,3.1588,3.046,3.0957,370886,0.368,691334336,1685716032,108.4829,
600202.SH,¹þ¿Õµ÷,2004-07-16,3.1138,3.182,3.0911,3.1684,659112,0.654,702419872,1712746464,110.2225,
600202.SH,¹þ¿Õµ÷,2004-07-19,3.0911,3.1684,3.0502,3.132,700040,0.6946,694357664,1693087968,108.9574,
600202.SH,¹þ¿Õµ÷,2004-07-20,3.1229,3.1229,3.0547,3.0547,301855,0.2995,677225472,1651313664,106.269,
600202.SH,¹þ¿Õµ÷,2004-07-21,3.0457,3.0866,3.0002,3.0684,480614,0.4769,680248800,1658685600,106.7434,
600202.SH,¹þ¿Õµ÷,2004-07-22,3.0138,3.0684,3.0047,3.0184,625700,0.6209,669163264,1631655168,105.0039,
600202.SH,¹þ¿Õµ÷,2004-07-23,3.0366,3.0866,3.0002,3.082,297873,0.2956,683272128,1666057536,107.2178,
600202.SH,¹þ¿Õµ÷,2004-07-26,3.082,3.082,3.0047,3.0457,139150,0.1381,675209920,1646399040,105.9527,
600202.SH,¹þ¿Õµ÷,2004-07-27,3.0138,3.0547,2.9547,3.032,228290,0.2265,672186592,1639027104,105.4783,
600202.SH,¹þ¿Õµ÷,2004-07-28,3.0093,3.0366,2.9002,2.9138,489212,0.4854,645984416,1575136992,101.3667,
600202.SH,¹þ¿Õµ÷,2004-07-29,2.9366,2.9957,2.8684,2.9456,540450,0.5363,653038848,1592338176,102.4737,
600202.SH,¹þ¿Õµ÷,2004-07-30,2.9638,2.9684,2.8866,2.8956,208615,0.207,641953312,1565307744,100.7342,
600202.SH,¹þ¿Õµ÷,2004-08-02,2.7638,2.8866,2.7411,2.7456,393400,0.3904,608696704,1484216448,95.5156,
600202.SH,¹þ¿Õµ÷,2004-08-03,2.7411,2.8547,2.7411,2.8093,337912,0.3353,622805568,1518618816,97.7295,
600202.SH,¹þ¿Õµ÷,2004-08-04,2.8184,2.9229,2.8184,2.8729,366372,0.3635,636914432,1553021184,99.9435,
600202.SH,¹þ¿Õµ÷,2004-08-05,2.9002,2.9002,2.782,2.8184,394140,0.3911,624821120,1523533440,98.0458,
600202.SH,¹þ¿Õµ÷,2004-08-06,2.782,2.8638,2.7684,2.8002,182700,0.1813,620790016,1513704192,97.4133,
600202.SH,¹þ¿Õµ÷,2004-08-09,2.8184,2.8502,2.782,2.8184,151200,0.15,624821120,1523533440,98.0458,
600202.SH,¹þ¿Õµ÷,2004-08-10,2.8184,2.8729,2.8184,2.8729,241317,0.2395,636914432,1553021184,99.9435,
600202.SH,¹þ¿Õµ÷,2004-08-11,2.8729,2.8729,2.8184,2.8229,42431,0.0421,625828896,1525990752,98.2039,
600202.SH,¹þ¿Õµ÷,2004-08-12,2.7729,2.8638,2.7638,2.832,308363,0.306,627844448,1530905376,98.5202,
600202.SH,¹þ¿Õµ÷,2004-08-13,2.8184,2.8638,2.8184,2.8275,85800,0.0851,626836672,1528448064,98.3621,
600202.SH,¹þ¿Õµ÷,2004-08-16,2.7684,2.8138,2.7684,2.7911,88080,0.0874,618774464,1508789568,97.097,
600202.SH,¹þ¿Õµ÷,2004-08-17,2.7729,2.8502,2.7729,2.832,118390,0.1175,627844448,1530905376,98.5202,
600202.SH,¹þ¿Õµ÷,2004-08-18,2.8093,2.8502,2.8093,2.8275,202600,0.201,626836672,1528448064,98.3621,
600202.SH,¹þ¿Õµ÷,2004-08-19,2.6365,2.8184,2.6365,2.7275,778419,0.7724,604665600,1474387200,76.4288,
600202.SH,¹þ¿Õµ÷,2004-08-20,2.6956,2.7684,2.6684,2.7411,263040,0.261,607688928,1481759136,76.811,
600202.SH,¹þ¿Õµ÷,2004-08-23,2.6638,2.7956,2.6638,2.7411,44039,0.0437,607688928,1481759136,76.811,
600202.SH,¹þ¿Õµ÷,2004-08-24,2.7547,2.7684,2.6865,2.7456,115370,0.1145,608696704,1484216448,76.9383,
600202.SH,¹þ¿Õµ÷,2004-08-25,2.7456,2.7593,2.7275,2.7275,49070,0.0487,604665600,1474387200,76.4288,
600202.SH,¹þ¿Õµ÷,2004-08-26,2.7093,2.7229,2.6911,2.7184,88115,0.0874,602650048,1469472576,76.174,
600202.SH,¹þ¿Õµ÷,2004-08-27,2.7275,2.732,2.6911,2.7275,126037,0.1251,604665600,1474387200,76.4288,
600202.SH,¹þ¿Õµ÷,2004-08-30,2.6956,2.7275,2.6638,2.7275,180760,0.1794,604665600,1474387200,76.4288,
600202.SH,¹þ¿Õµ÷,2004-08-31,2.7638,2.8138,2.7638,2.7775,848800,0.8423,615751136,1501417632,77.83,
600202.SH,¹þ¿Õµ÷,2004-09-01,2.7684,2.7684,2.732,2.7456,169186,0.1679,608696704,1484216448,76.9383,
600202.SH,¹þ¿Õµ÷,2004-09-02,2.7365,2.7911,2.7275,2.7729,444299,0.4409,614743360,1498960320,77.7026,
600202.SH,¹þ¿Õµ÷,2004-09-03,2.7729,2.7956,2.7547,2.782,349133,0.3464,616758912,1503874944,77.9574,
600202.SH,¹þ¿Õµ÷,2004-09-06,2.682,2.7956,2.682,2.7775,117120,0.1162,615751136,1501417632,77.83,
600202.SH,¹þ¿Õµ÷,2004-09-07,2.7775,2.7911,2.7547,2.782,70430,0.0699,616758912,1503874944,77.9574,
600202.SH,¹þ¿Õµ÷,2004-09-08,2.7775,2.782,2.7502,2.782,65975,0.0655,616758912,1503874944,77.9574,
600202.SH,¹þ¿Õµ÷,2004-09-09,2.7547,2.7865,2.7138,2.7729,159492,0.1583,614743360,1498960320,77.7026,
600202.SH,¹þ¿Õµ÷,2004-09-10,2.7638,2.8138,2.7002,2.7911,120580,0.1196,618774464,1508789568,78.2121,
600202.SH,¹þ¿Õµ÷,2004-09-13,2.8138,2.8138,2.7184,2.7638,117086,0.1162,612727808,1494045696,77.4479,
600202.SH,¹þ¿Õµ÷,2004-09-14,2.7502,2.8047,2.7502,2.7911,424263,0.421,618774464,1508789568,78.2121,
600202.SH,¹þ¿Õµ÷,2004-09-15,2.7729,2.9593,2.7729,2.9229,1528275,1.5165,647999968,1580051616,81.9062,
600202.SH,¹þ¿Õµ÷,2004-09-16,2.9275,2.9911,2.8638,2.9547,783197,0.7772,655054400,1597252800,82.7979,
600202.SH,¹þ¿Õµ÷,2004-09-17,2.9138,2.9729,2.9093,2.9684,1796926,1.7831,658077728,1604624736,83.18,
600202.SH,¹þ¿Õµ÷,2004-09-20,2.9638,3.1138,2.9456,3.0911,3519741,3.4926,685287680,1670972160,86.6193,
600202.SH,¹þ¿Õµ÷,2004-09-21,3.0911,3.0911,3.0229,3.0457,1772321,1.7586,675209920,1646399040,85.3455,
600202.SH,¹þ¿Õµ÷,2004-09-22,3.032,3.0457,2.9502,2.9684,1337200,1.3269,658077728,1604624736,83.18,
600202.SH,¹þ¿Õµ÷,2004-09-23,2.9593,3.0229,2.9093,3.0047,1102514,1.094,666139936,1624283232,84.1991,
600202.SH,¹þ¿Õµ÷,2004-09-24,3.0229,3.0684,2.9547,2.9593,1542002,1.5301,656062176,1599710112,82.9253,
600202.SH,¹þ¿Õµ÷,2004-09-27,2.932,3.0775,2.8411,2.8593,347245,0.3446,633891104,1545649248,80.1229,
600202.SH,¹þ¿Õµ÷,2004-09-28,2.8866,2.8911,2.8365,2.8729,336820,0.3342,636914432,1553021184,80.505,
600202.SH,¹þ¿Õµ÷,2004-09-29,2.8547,2.8956,2.8093,2.8956,368966,0.3661,641953312,1565307744,81.1419,
600202.SH,¹þ¿Õµ÷,2004-09-30,2.9411,2.9411,2.8547,2.8956,205315,0.2037,641953312,1565307744,81.1419,
600202.SH,¹þ¿Õµ÷,2004-10-08,2.9093,2.9411,2.7865,2.8593,1268150,1.2584,633891104,1545649248,80.1229,
600202.SH,¹þ¿Õµ÷,2004-10-11,2.8411,2.8502,2.7047,2.832,1492471,1.481,627844448,1530905376,79.3586,
600202.SH,¹þ¿Õµ÷,2004-10-12,2.8365,2.8365,2.7184,2.7275,436060,0.4327,604665600,1474387200,76.4288,
600202.SH,¹þ¿Õµ÷,2004-10-13,2.6911,2.832,2.6911,2.8229,575002,0.5706,625828896,1525990752,79.1038,
600202.SH,¹þ¿Õµ÷,2004-10-14,2.8275,2.8275,2.7047,2.7365,664400,0.6593,606681152,1479301824,76.6836,
600202.SH,¹þ¿Õµ÷,2004-10-15,2.7138,2.8229,2.7093,2.8093,541268,0.5371,622805568,1518618816,78.7217,
600202.SH,¹þ¿Õµ÷,2004-10-18,2.8093,2.8275,2.7547,2.8047,276625,0.2745,621797792,1516161504,78.5943,
600202.SH,¹þ¿Õµ÷,2004-10-19,2.8184,2.8184,2.7729,2.7729,148610,0.1475,614743360,1498960320,77.7026,
600202.SH,¹þ¿Õµ÷,2004-10-20,2.7729,2.7956,2.7002,2.7729,751700,0.7459,614743360,1498960320,77.7026,
600202.SH,¹þ¿Õµ÷,2004-10-21,2.732,2.7593,2.6365,2.6456,477535,0.4739,586525632,1430155584,74.1359,
600202.SH,¹þ¿Õµ÷,2004-10-22,2.5002,2.732,2.4547,2.6274,1159801,1.1509,582494528,1420326336,73.6264,
600202.SH,¹þ¿Õµ÷,2004-10-25,2.6274,2.682,2.5911,2.6684,940200,0.9329,591564512,1442442144,74.7729,
600202.SH,¹þ¿Õµ÷,2004-10-26,2.6684,2.7184,2.6093,2.7093,462576,0.459,600634496,1464557952,75.9193,
600202.SH,¹þ¿Õµ÷,2004-10-27,2.7093,2.9184,2.6638,2.9093,1335487,1.3252,644976640,1572679680,81.5241,
600202.SH,¹þ¿Õµ÷,2004-10-28,2.9138,2.9638,2.8684,2.9593,920275,0.9132,656062176,1599710112,-198.021,
600202.SH,¹þ¿Õµ÷,2004-10-29,2.9138,2.9593,2.8593,2.9047,415784,0.4126,643968864,1570222368,-194.3708,
600202.SH,¹þ¿Õµ÷,2004-11-01,2.8775,3.0366,2.8729,2.9866,1087271,1.0789,662108832,1614453984,-199.8461,
600202.SH,¹þ¿Õµ÷,2004-11-02,3.0775,3.2048,3.0002,3.1911,2366502,2.3482,707458752,1725033024,-213.5342,
600202.SH,¹þ¿Õµ÷,2004-11-03,3.1911,3.2275,3.1366,3.1866,1271736,1.2619,706450976,1722575712,-213.23,
600202.SH,¹þ¿Õµ÷,2004-11-04,3.1866,3.3457,3.1638,3.2048,3056491,3.0329,710482080,1732404960,-214.4467,
600202.SH,¹þ¿Õµ÷,2004-11-05,3.2048,3.2729,3.1411,3.1729,1591149,1.5789,703427648,1715203776,-212.3174,
600202.SH,¹þ¿Õµ÷,2004-11-08,3.1729,3.2229,3.1184,3.1957,1005200,0.9974,708466528,1727490336,-213.8383,
600202.SH,¹þ¿Õµ÷,2004-11-09,3.2002,3.3184,3.1729,3.2366,1013515,1.0057,717536512,1749606144,-216.576,
600202.SH,¹þ¿Õµ÷,2004-11-10,3.2411,3.3366,3.2229,3.3093,1394621,1.3839,733660928,1788923136,-221.4428,
600202.SH,¹þ¿Õµ÷,2004-11-11,3.3184,3.3502,3.2639,3.2729,1303458,1.2934,725598720,1769264640,-219.0094,
600202.SH,¹þ¿Õµ÷,2004-11-12,3.2729,3.3093,3.2048,3.2548,913429,0.9064,721567616,1759435392,-217.7927,
600202.SH,¹þ¿Õµ÷,2004-11-15,3.2911,3.432,3.2639,3.4002,1360173,1.3497,753816448,1838069376,-227.5264,
600202.SH,¹þ¿Õµ÷,2004-11-16,3.4002,3.432,3.3411,3.423,912890,0.9058,758855328,1850355936,-229.0473,
600202.SH,¹þ¿Õµ÷,2004-11-17,3.4548,3.4548,3.332,3.3411,672196,0.667,740715360,1806124320,-223.5721,
600202.SH,¹þ¿Õµ÷,2004-11-18,3.3411,3.4366,3.3411,3.432,747449,0.7417,760870880,1855270560,-229.6557,
600202.SH,¹þ¿Õµ÷,2004-11-19,3.4457,3.4548,3.3639,3.423,989653,0.982,758855328,1850355936,-229.0473,
600202.SH,¹þ¿Õµ÷,2004-11-22,3.423,3.423,3.3184,3.3457,1078147,1.0698,741723136,1808581632,-223.8763,
600202.SH,¹þ¿Õµ÷,2004-11-23,3.3457,3.382,3.2593,3.2729,925124,0.918,725598720,1769264640,-219.0094,
600202.SH,¹þ¿Õµ÷,2004-11-24,3.2639,3.282,3.2229,3.2502,1074575,1.0663,720559840,1756978080,-217.4885,
600202.SH,¹þ¿Õµ÷,2004-11-25,3.2639,3.4002,3.2639,3.3639,1288174,1.2782,745754240,1818410880,-225.093,
600202.SH,¹þ¿Õµ÷,2004-11-26,3.3866,3.423,3.3002,3.3457,615460,0.6107,741723136,1808581632,-223.8763,
600202.SH,¹þ¿Õµ÷,2004-11-29,3.3139,3.3139,3.2275,3.2411,459570,0.456,718544288,1752063456,-216.8801,
600202.SH,¹þ¿Õµ÷,2004-11-30,3.2411,3.3139,3.2411,3.2911,277180,0.275,729629824,1779093888,-220.2261,
600202.SH,¹þ¿Õµ÷,2004-12-01,3.3184,3.3548,3.2457,3.2639,357844,0.3551,723583168,1764350016,-218.401,
600202.SH,¹þ¿Õµ÷,2004-12-02,3.2639,3.2729,3.2184,3.2548,740450,0.7347,721567616,1759435392,-217.7927,
600202.SH,¹þ¿Õµ÷,2004-12-03,3.2366,3.3275,3.2366,3.2729,311215,0.3088,725598720,1769264640,-219.0094,
600202.SH,¹þ¿Õµ÷,2004-12-06,3.2411,3.2775,3.2411,3.2639,207472,0.2059,723583168,1764350016,-218.401,
600202.SH,¹þ¿Õµ÷,2004-12-07,3.2775,3.4048,3.2684,3.3457,1271606,1.2618,741723136,1808581632,-223.8763,
600202.SH,¹þ¿Õµ÷,2004-12-08,3.3639,3.3729,3.2502,3.2957,599810,0.5952,730637600,1781551200,-220.5303,
600202.SH,¹þ¿Õµ÷,2004-12-09,3.282,3.3411,3.2411,3.3184,249465,0.2475,735676480,1793837760,-222.0512,
600202.SH,¹þ¿Õµ÷,2004-12-10,3.2957,3.3548,3.2593,3.3002,234869,0.2331,731645376,1784008512,-220.8345,
600202.SH,¹þ¿Õµ÷,2004-12-13,3.2275,3.2729,3.1138,3.2184,573772,0.5693,713505408,1739776896,-215.3592,
600202.SH,¹þ¿Õµ÷,2004-12-14,3.2184,3.2684,3.1866,3.2366,161210,0.16,717536512,1749606144,-216.576,
600202.SH,¹þ¿Õµ÷,2004-12-15,3.2411,3.2411,3.2002,3.2048,158345,0.1571,710482080,1732404960,-214.4467,
600202.SH,¹þ¿Õµ÷,2004-12-16,3.2048,3.2093,3.1638,3.1684,368240,0.3654,702419872,1712746464,-212.0133,
600202.SH,¹þ¿Õµ÷,2004-12-17,3.1593,3.1957,3.1548,3.1548,231419,0.2296,699396544,1705374528,-211.1007,
600202.SH,¹þ¿Õµ÷,2004-12-20,3.1366,3.1775,3.1093,3.1411,346560,0.3439,696373216,1698002592,-210.1882,
600202.SH,¹þ¿Õµ÷,2004-12-21,3.182,3.182,3.1184,3.1457,344040,0.3414,697380992,1700459904,-210.4924,
600202.SH,¹þ¿Õµ÷,2004-12-22,3.1366,3.2457,3.1366,3.2366,364759,0.3619,717536512,1749606144,-216.576,
600202.SH,¹þ¿Õµ÷,2004-12-23,3.2275,3.2275,3.1138,3.1502,362900,0.3601,698388768,1702917216,-210.7965,
600202.SH,¹þ¿Õµ÷,2004-12-24,3.0911,3.1593,3.0911,3.1002,278405,0.2763,687303232,1675886784,-207.4506,
600202.SH,¹þ¿Õµ÷,2004-12-27,3.0684,3.1593,3.0684,3.1457,176865,0.1755,697380992,1700459904,-210.4924,
600202.SH,¹þ¿Õµ÷,2004-12-28,3.1593,3.1593,3.1184,3.1502,116800,0.1159,698388768,1702917216,-210.7965,
600202.SH,¹þ¿Õµ÷,2004-12-29,3.1593,3.1911,3.1138,3.1866,334810,0.3322,706450976,1722575712,-213.23,
600202.SH,¹þ¿Õµ÷,2004-12-30,3.1866,3.3048,3.182,3.2548,1057072,1.0489,721567616,1759435392,-217.7927,
600202.SH,¹þ¿Õµ÷,2004-12-31,3.4093,3.4093,3.1729,3.1911,485970,0.4822,707458752,1725033024,-213.5342,
600202.SH,¹þ¿Õµ÷,2005-01-04,3.1775,3.2093,3.1366,3.1957,154939,0.1537,708466528,1727490336,-213.8383,
600202.SH,¹þ¿Õµ÷,2005-01-05,3.2275,3.2639,3.1775,3.2411,219845,0.2181,718544288,1752063456,-216.8801,
600202.SH,¹þ¿Õµ÷,2005-01-06,3.2184,3.3184,3.2048,3.2684,280900,0.2787,724590944,1766807328,-218.7052,
600202.SH,¹þ¿Õµ÷,2005-01-07,3.2729,3.3093,3.2184,3.2411,217925,0.2162,718544288,1752063456,-216.8801,
600202.SH,¹þ¿Õµ÷,2005-01-10,3.2639,3.2639,3.1911,3.2093,154370,0.1532,711489856,1734862272,-214.7509,
600202.SH,¹þ¿Õµ÷,2005-01-11,3.2093,3.2275,3.182,3.2093,153360,0.1522,711489856,1734862272,-214.7509,
600202.SH,¹þ¿Õµ÷,2005-01-12,3.2093,3.2275,3.1275,3.1684,216700,0.215,702419872,1712746464,-212.0133,
600202.SH,¹þ¿Õµ÷,2005-01-13,3.1593,3.1729,3.1366,3.1593,174059,0.1727,700404320,1707831840,-211.4049,
600202.SH,¹þ¿Õµ÷,2005-01-14,3.1593,3.1729,3.0957,3.1366,417580,0.4144,695365440,1695545280,-209.884,
600202.SH,¹þ¿Õµ÷,2005-01-17,3.0911,3.132,3.0002,3.0138,636600,0.6317,668155488,1629197856,-201.6712,
600202.SH,¹þ¿Õµ÷,2005-01-18,3.0911,3.0911,3.0047,3.0184,189300,0.1878,669163264,1631655168,-201.9753,
600202.SH,¹þ¿Õµ÷,2005-01-19,3.0184,3.0184,2.8365,2.8684,560089,0.5558,635906656,1550563872,-191.9374,
600202.SH,¹þ¿Õµ÷,2005-01-20,2.8638,2.9229,2.8002,2.8729,247130,0.2452,636914432,1553021184,-192.2416,
600202.SH,¹þ¿Õµ÷,2005-01-21,2.8275,3.0911,2.8275,3.032,698141,0.6928,672186592,1639027104,-202.8879,
600202.SH,¹þ¿Õµ÷,2005-01-24,3.1593,3.1729,3.0457,3.0729,423401,0.4201,681256576,1661142912,-205.6255,
600202.SH,¹þ¿Õµ÷,2005-01-25,3.0457,3.0729,3.0002,3.0229,126800,0.1258,670171040,1634112480,-202.2795,
600202.SH,¹þ¿Õµ÷,2005-01-26,3.0366,3.0366,2.8911,2.9366,516950,0.513,651023296,1587423552,-196.5001,
600202.SH,¹þ¿Õµ÷,2005-01-27,2.9547,2.9547,2.8866,2.9002,70775,0.0702,642961088,1567765056,-194.0667,
600202.SH,¹þ¿Õµ÷,2005-01-28,2.9184,2.9184,2.832,2.8365,230500,0.2287,628852224,1533362688,-189.8081,
600202.SH,¹þ¿Õµ÷,2005-01-31,2.8411,2.8638,2.6774,2.7502,626544,0.6217,609704480,1486673760,-184.0287,
600202.SH,¹þ¿Õµ÷,2005-02-01,2.7047,2.8184,2.7047,2.7275,374240,0.3714,604665600,1474387200,-182.5078,
600202.SH,¹þ¿Õµ÷,2005-02-02,2.782,2.932,2.7684,2.9138,525094,0.521,645984416,1575136992,-194.9792,
600202.SH,¹þ¿Õµ÷,2005-02-03,2.9775,3.0047,2.8547,2.9456,836600,0.8301,653038848,1592338176,-197.1085,
600202.SH,¹þ¿Õµ÷,2005-02-04,2.9138,3.1729,2.9138,3.1275,894385,0.8875,693349888,1690630656,-209.2757,
600202.SH,¹þ¿Õµ÷,2005-02-16,3.1275,3.2366,3.0911,3.2138,882675,0.8759,712497632,1737319584,-215.0551,
600202.SH,¹þ¿Õµ÷,2005-02-17,3.1957,3.2275,3.1593,3.2093,214919,0.2133,711489856,1734862272,-214.7509,
600202.SH,¹þ¿Õµ÷,2005-02-18,3.0729,3.2411,3.0729,3.2138,529855,0.5258,712497632,1737319584,-215.0551,
600202.SH,¹þ¿Õµ÷,2005-02-21,3.2048,3.2366,3.1548,3.2229,353990,0.3513,714513184,1742234208,-215.6634,
600202.SH,¹þ¿Õµ÷,2005-02-22,3.2275,3.3593,3.2184,3.282,1545002,1.5331,727614272,1774179264,-219.6178,
600202.SH,¹þ¿Õµ÷,2005-02-23,3.282,3.3093,3.2048,3.2548,909010,0.902,721567616,1759435392,-217.7927,
600202.SH,¹þ¿Õµ÷,2005-02-24,3.2457,3.3548,3.2275,3.3184,1395169,1.3844,735676480,1793837760,-222.0512,
600202.SH,¹þ¿Õµ÷,2005-02-25,3.3866,3.3866,3.3048,3.3093,1661936,1.6491,733660928,1788923136,-221.4428,
600202.SH,¹þ¿Õµ÷,2005-02-28,3.2957,3.3411,3.2502,3.2639,1184950,1.1758,723583168,1764350016,-218.401,
600202.SH,¹þ¿Õµ÷,2005-03-01,3.2639,3.3002,3.2275,3.2457,654370,0.6493,719552064,1754520768,-217.1843,
600202.SH,¹þ¿Õµ÷,2005-03-02,3.2457,3.3139,3.1957,3.2093,478304,0.4746,711489856,1734862272,-214.7509,
600202.SH,¹þ¿Õµ÷,2005-03-03,3.182,3.2639,3.1638,3.2229,834553,0.8281,714513184,1742234208,-215.6634,
600202.SH,¹þ¿Õµ÷,2005-03-04,3.2366,3.2866,3.2048,3.2275,284240,0.282,715520960,1744691520,-215.9676,
600202.SH,¹þ¿Õµ÷,2005-03-07,3.2366,3.2366,3.1866,3.232,279050,0.2769,716528736,1747148832,-216.2718,
600202.SH,¹þ¿Õµ÷,2005-03-08,3.2411,3.3093,3.2229,3.2729,681132,0.6759,725598720,1769264640,-219.0094,
600202.SH,¹þ¿Õµ÷,2005-03-09,3.2639,3.3366,3.2457,3.3184,532658,0.5285,735676480,1793837760,-222.0512,
600202.SH,¹þ¿Õµ÷,2005-03-10,3.3184,3.3184,3.1729,3.2366,646744,0.6418,717536512,1749606144,-216.576,
600202.SH,¹þ¿Õµ÷,2005-03-11,3.2275,3.2366,3.1275,3.132,994340,0.9867,694357664,1693087968,-209.5798,
600202.SH,¹þ¿Õµ÷,2005-03-14,3.1275,3.1729,3.0457,3.1593,508857,0.5049,700404320,1707831840,-211.4049,
600202.SH,¹þ¿Õµ÷,2005-03-15,3.1411,3.1593,3.0457,3.0457,364738,0.3619,675209920,1646399040,-203.8004,
600202.SH,¹þ¿Õµ÷,2005-03-16,3.032,3.0457,2.8547,2.8593,1300907,1.2909,633891104,1545649248,-191.329,
600202.SH,¹þ¿Õµ÷,2005-03-17,2.8411,2.8729,2.782,2.8684,720057,0.7145,635906656,1550563872,-191.9374,
600202.SH,¹þ¿Õµ÷,2005-03-18,2.8684,2.8684,2.7275,2.8502,367990,0.3652,631875552,1540734624,-190.7207,
600202.SH,¹þ¿Õµ÷,2005-03-21,2.8184,2.8411,2.782,2.8411,238960,0.2371,629860000,1535820000,-190.1123,
600202.SH,¹þ¿Õµ÷,2005-03-22,2.8184,2.8638,2.7275,2.7456,898015,0.8911,608696704,1484216448,-183.7245,
600202.SH,¹þ¿Õµ÷,2005-03-23,2.7456,2.8456,2.7456,2.7865,372500,0.3696,617766688,1506332256,-186.4622,
600202.SH,¹þ¿Õµ÷,2005-03-24,2.7865,2.8502,2.7502,2.8456,317350,0.3149,630867776,1538277312,-190.4165,
600202.SH,¹þ¿Õµ÷,2005-03-25,2.8456,2.8593,2.7729,2.7956,393310,0.3903,619782240,1511246880,-187.0705,
600202.SH,¹þ¿Õµ÷,2005-03-28,2.7411,2.7956,2.7411,2.7775,178320,0.1769,615751136,1501417632,-185.8538,
600202.SH,¹þ¿Õµ÷,2005-03-29,2.7729,2.7956,2.732,2.7411,378133,0.3752,607688928,1481759136,-183.4204,
600202.SH,¹þ¿Õµ÷,2005-03-30,2.732,2.7502,2.6365,2.7275,482074,0.4784,604665600,1474387200,-182.5078,
600202.SH,¹þ¿Õµ÷,2005-03-31,2.7275,2.7865,2.6865,2.7865,201379,0.1998,617766688,1506332256,-186.4622,
600202.SH,¹þ¿Õµ÷,2005-04-01,2.782,2.9547,2.782,2.9456,481420,0.4777,653038848,1592338176,-197.1085,
600202.SH,¹þ¿Õµ÷,2005-04-04,2.9366,2.9366,2.8184,2.8502,293008,0.2907,631875552,1540734624,-190.7207,
600202.SH,¹þ¿Õµ÷,2005-04-05,2.832,2.8866,2.8184,2.832,165920,0.1646,627844448,1530905376,-189.504,
600202.SH,¹þ¿Õµ÷,2005-04-06,2.5593,2.9366,2.5593,2.8411,1636508,1.6239,629860000,1535820000,140.1518,
600202.SH,¹þ¿Õµ÷,2005-04-07,2.8411,3.0184,2.8411,2.8866,1902559,1.8879,639937760,1560393120,142.3942,
600202.SH,¹þ¿Õµ÷,2005-04-08,2.932,3.0411,2.9002,3.0366,1044156,1.0361,673194368,1641484416,149.7942,
600202.SH,¹þ¿Õµ÷,2005-04-11,3.0229,3.2184,2.982,3.0957,1721298,1.708,686295456,1673429472,152.7094,
600202.SH,¹þ¿Õµ÷,2005-04-12,3.1275,3.1548,3.082,3.1229,936221,0.929,692342112,1688173344,154.0548,
600202.SH,¹þ¿Õµ÷,2005-04-13,3.132,3.1866,3.1093,3.1275,1693015,1.68,693349888,1690630656,154.2791,
600202.SH,¹þ¿Õµ÷,2005-04-14,3.1366,3.1593,3.1138,3.1275,874043,0.8673,693349888,1690630656,154.2791,
600202.SH,¹þ¿Õµ÷,2005-04-15,3.1138,3.2138,3.0366,3.0684,1142300,1.1335,680248800,1658685600,151.3639,
600202.SH,¹þ¿Õµ÷,2005-04-18,3.0457,3.082,2.9229,2.9593,770420,0.7645,656062176,1599710112,145.9821,
600202.SH,¹þ¿Õµ÷,2005-04-19,2.9411,3.0138,2.9411,2.9729,543672,0.5395,659085504,1607082048,146.6548,
600202.SH,¹þ¿Õµ÷,2005-04-20,2.9547,2.9547,2.8638,2.9547,470960,0.4673,655054400,1597252800,145.7579,
600202.SH,¹þ¿Õµ÷,2005-04-21,2.932,2.9775,2.9138,2.9138,241920,0.2401,645984416,1575136992,143.7397,
600202.SH,¹þ¿Õµ÷,2005-04-22,2.9638,2.9638,2.8911,2.8911,329800,0.3273,640945536,1562850432,142.6185,
600202.SH,¹þ¿Õµ÷,2005-04-25,2.8638,2.882,2.7547,2.782,556171,0.5519,616758912,1503874944,137.2366,
600202.SH,¹þ¿Õµ÷,2005-04-26,2.8593,2.8593,2.7729,2.8093,796756,0.7906,622805568,1518618816,138.5821,
600202.SH,¹þ¿Õµ÷,2005-04-27,2.8547,3.0911,2.8002,3.0411,1385411,1.3747,674202144,1643941728,150.0185,
600202.SH,¹þ¿Õµ÷,2005-04-28,3.0229,3.182,2.982,3.1229,1445811,1.4347,692342112,1688173344,53.7754,
600202.SH,¹þ¿Õµ÷,2005-04-29,3.1275,3.1502,3.0411,3.0502,686680,0.6814,676217696,1648856352,52.523,
600202.SH,¹þ¿Õµ÷,2005-05-09,3.1047,3.1229,2.982,3.0275,785581,0.7795,671178816,1636569792,52.1316,
600202.SH,¹þ¿Õµ÷,2005-05-10,3.0275,3.1729,2.982,3.1457,804481,0.7983,697380992,1700459904,54.1668,
600202.SH,¹þ¿Õµ÷,2005-05-11,3.182,3.232,3.0957,3.1184,1280643,1.2708,691334336,1685716032,53.6972,
600202.SH,¹þ¿Õµ÷,2005-05-12,3.0866,3.1457,3.0366,3.1047,536739,0.5326,688311008,1678344096,53.4623,
600202.SH,¹þ¿Õµ÷,2005-05-13,3.0866,3.182,3.0866,3.1366,667303,0.6622,695365440,1695545280,54.0103,
600202.SH,¹þ¿Õµ÷,2005-05-16,3.1138,3.1729,3.0911,3.1138,725010,0.7194,690326560,1683258720,53.6189,
600202.SH,¹þ¿Õµ÷,2005-05-17,3.1138,3.1366,3.0411,3.0547,836800,0.8303,677225472,1651313664,52.6013,
600202.SH,¹þ¿Õµ÷,2005-05-18,3.0593,3.1047,3.0047,3.0547,706230,0.7008,677225472,1651313664,52.6013,
600202.SH,¹þ¿Õµ÷,2005-05-19,3.0457,3.1093,3.0275,3.0911,528170,0.5241,685287680,1670972160,53.2275,
600202.SH,¹þ¿Õµ÷,2005-05-20,3.0911,3.2093,3.0866,3.1502,1430560,1.4195,698388768,1702917216,54.2451,
600202.SH,¹þ¿Õµ÷,2005-05-23,3.1502,3.1502,3.1502,3.1502,--,--,698388768,1702917216,54.2451,
600202.SH,¹þ¿Õµ÷,2005-05-24,3.1275,3.1866,3.0593,3.182,1081096,1.0728,705443200,1720118400,54.793,
600202.SH,¹þ¿Õµ÷,2005-05-25,3.1775,3.2411,3.1411,3.1411,1189536,1.1804,696373216,1698002592,54.0885,
600202.SH,¹þ¿Õµ÷,2005-05-26,3.1229,3.1684,2.8275,2.8547,2503026,2.4837,632883328,1543191936,49.1572,
600202.SH,¹þ¿Õµ÷,2005-05-27,2.8184,2.9411,2.8002,2.9047,1473230,1.4619,643968864,1570222368,50.0182,
600202.SH,¹þ¿Õµ÷,2005-05-30,2.9002,2.9093,2.8502,2.9002,433090,0.4297,642961088,1567765056,49.9399,
600202.SH,¹þ¿Õµ÷,2005-05-31,2.9138,2.9547,2.9093,2.9229,419200,0.416,647999968,1580051616,50.3313,
600202.SH,¹þ¿Õµ÷,2005-06-01,2.9275,2.932,2.8411,2.8729,294602,0.2923,636914432,1553021184,49.4703,
600202.SH,¹þ¿Õµ÷,2005-06-02,2.8775,2.9502,2.8093,2.9275,461850,0.4583,649007744,1582508928,50.4096,
600202.SH,¹þ¿Õµ÷,2005-06-03,2.8638,2.9093,2.8275,2.8684,317098,0.3147,635906656,1550563872,49.392,
600202.SH,¹þ¿Õµ÷,2005-06-06,2.8411,2.9093,2.8184,2.9002,509940,0.506,642961088,1567765056,49.9399,
600202.SH,¹þ¿Õµ÷,2005-06-07,2.9093,3.1047,2.9093,3.0229,1014931,1.0071,670171040,1634112480,52.0534,
600202.SH,¹þ¿Õµ÷,2005-06-08,3.0002,3.3093,3.0002,3.2957,3692984,3.6645,730637600,1781551200,56.7499,
600202.SH,¹þ¿Õµ÷,2005-06-09,3.2729,3.3457,3.2457,3.3184,3475945,3.4491,735676480,1793837760,57.1413,
600202.SH,¹þ¿Õµ÷,2005-06-10,3.3411,3.3639,3.1957,3.2639,2052655,2.0368,723583168,1764350016,56.202,
600202.SH,¹þ¿Õµ÷,2005-06-13,3.2502,3.3048,3.2093,3.282,1221609,1.2122,727614272,1774179264,56.5151,
600202.SH,¹þ¿Õµ÷,2005-06-14,3.282,3.3411,3.182,3.2002,1469506,1.4582,709474304,1729947648,55.1061,
600202.SH,¹þ¿Õµ÷,2005-06-15,3.2002,3.2229,3.132,3.2138,872122,0.8654,712497632,1737319584,55.3409,
600202.SH,¹þ¿Õµ÷,2005-06-16,3.2229,3.3229,3.1957,3.3184,1850816,1.8365,735676480,1793837760,57.1413,
600202.SH,¹þ¿Õµ÷,2005-06-17,3.3548,3.3548,3.2457,3.282,1028355,1.0204,727614272,1774179264,56.5151,
600202.SH,¹þ¿Õµ÷,2005-06-20,3.2957,3.4002,3.1638,3.4002,3638236,3.6102,753816448,1838069376,58.5503,
600202.SH,¹þ¿Õµ÷,2005-06-21,3.4048,3.4048,3.3093,3.3593,1920599,1.9058,744746464,1815953568,57.8458,
600202.SH,¹þ¿Õµ÷,2005-06-22,3.3366,3.3411,3.2639,3.3093,1075007,1.0667,733660928,1788923136,56.9847,
600202.SH,¹þ¿Õµ÷,2005-06-23,3.282,3.3048,3.2457,3.2593,668700,0.6635,722575392,1761892704,56.1237,
600202.SH,¹þ¿Õµ÷,2005-06-24,3.2457,3.3639,3.2457,3.3548,1255668,1.246,743738688,1813496256,57.7675,
600202.SH,¹þ¿Õµ÷,2005-06-27,3.4002,3.6457,3.3684,3.5502,4990616,4.9521,787073056,1919160672,61.1334,
600202.SH,¹þ¿Õµ÷,2005-06-28,3.5457,3.6139,3.4957,3.5548,3484381,3.4575,788080832,1921617984,61.2116,
600202.SH,¹þ¿Õµ÷,2005-06-29,3.5548,3.5911,3.4775,3.5139,1398799,1.388,779010848,1899502176,60.5071,
600202.SH,¹þ¿Õµ÷,2005-06-30,3.4911,3.523,3.4093,3.4502,1999392,1.984,764901984,1865099808,59.4113,
600202.SH,¹þ¿Õµ÷,2005-07-01,3.4502,3.5184,3.3684,3.4457,1817402,1.8034,763894208,1862642496,59.333,
600202.SH,¹þ¿Õµ÷,2005-07-04,3.4457,3.5911,3.3866,3.5866,2305236,2.2874,795135264,1938819168,61.7596,
600202.SH,¹þ¿Õµ÷,2005-07-05,3.5866,3.623,3.2275,3.2275,6196441,6.1486,715520960,1744691520,55.5758,
600202.SH,¹þ¿Õµ÷,2005-07-06,3.1638,3.3093,3.1366,3.2593,3221049,3.1962,722575392,1761892704,56.1237,
600202.SH,¹þ¿Õµ÷,2005-07-07,3.2457,3.2684,3.2002,3.2548,793180,0.7871,721567616,1759435392,56.0454,
600202.SH,¹þ¿Õµ÷,2005-07-08,3.232,3.282,3.182,3.2138,697870,0.6925,712497632,1737319584,55.3409,
600202.SH,¹þ¿Õµ÷,2005-07-11,3.2275,3.3093,3.1957,3.2002,663480,0.6584,709474304,1729947648,55.1061,
600202.SH,¹þ¿Õµ÷,2005-07-12,3.182,3.4502,3.182,3.423,2178722,2.1619,758855328,1850355936,58.9416,
600202.SH,¹þ¿Õµ÷,2005-07-13,3.4139,3.4366,3.3502,3.4048,1096766,1.0883,754824224,1840526688,58.6285,
600202.SH,¹þ¿Õµ÷,2005-07-14,3.3729,3.432,3.3184,3.3411,850635,0.8441,740715360,1806124320,57.5327,
600202.SH,¹þ¿Õµ÷,2005-07-15,3.3184,3.3866,3.3184,3.3639,1111086,1.1025,745754240,1818410880,57.924,
600202.SH,¹þ¿Õµ÷,2005-07-18,3.3639,3.3866,3.232,3.2866,882875,0.8761,728622048,1776636576,56.5934,
600202.SH,¹þ¿Õµ÷,2005-07-19,3.2366,3.3184,3.2366,3.2957,414217,0.411,730637600,1781551200,56.7499,
600202.SH,¹þ¿Õµ÷,2005-07-20,3.2957,3.3548,3.2411,3.332,1224352,1.2149,738699808,1801209696,57.3761,
600202.SH,¹þ¿Õµ÷,2005-07-21,3.3002,3.3593,3.2729,3.3184,558886,0.5546,735676480,1793837760,57.1413,
600202.SH,¹þ¿Õµ÷,2005-07-22,3.3457,3.3639,3.2048,3.3093,2088872,2.0728,733660928,1788923136,56.9847,
600202.SH,¹þ¿Õµ÷,2005-07-25,3.2502,3.2957,3.2366,3.2593,779936,0.7739,722575392,1761892704,56.1237,
600202.SH,¹þ¿Õµ÷,2005-07-26,3.2275,3.4048,3.2275,3.3639,1836647,1.8225,745754240,1818410880,57.924,
600202.SH,¹þ¿Õµ÷,2005-07-27,3.3866,3.4957,3.3684,3.423,1742777,1.7293,758855328,1850355936,58.9416,
600202.SH,¹þ¿Õµ÷,2005-07-28,3.4184,3.4457,3.3593,3.3957,2251367,2.234,752808672,1835612064,58.472,
600202.SH,¹þ¿Õµ÷,2005-07-29,3.3639,3.3866,3.2275,3.3093,2207846,2.1908,733660928,1788923136,56.9847,
600202.SH,¹þ¿Õµ÷,2005-08-01,3.3093,3.3275,3.2548,3.2957,885547,0.8787,730637600,1781551200,56.7499,
600202.SH,¹þ¿Õµ÷,2005-08-02,3.2957,3.3911,3.2729,3.3866,1364118,1.3536,750793120,1830697440,58.3154,
600202.SH,¹þ¿Õµ÷,2005-08-03,3.3866,3.473,3.3684,3.3957,2151628,2.135,752808672,1835612064,58.472,
600202.SH,¹þ¿Õµ÷,2005-08-04,3.3775,3.4639,3.3729,3.423,2033408,2.0177,758855328,1850355936,58.9416,
600202.SH,¹þ¿Õµ÷,2005-08-05,3.4275,3.523,3.4184,3.5139,2950032,2.9273,779010848,1899502176,60.5071,
600202.SH,¹þ¿Õµ÷,2005-08-08,3.5866,3.6139,3.4411,3.5139,3831476,3.8019,779010848,1899502176,48.7739,
600202.SH,¹þ¿Õµ÷,2005-08-09,3.5184,3.573,3.4457,3.5457,2547656,2.528,786065280,1916703360,49.2156,
600202.SH,¹þ¿Õµ÷,2005-08-10,3.5502,3.5866,3.5002,3.5821,2591489,2.5715,794127488,1936361856,49.7204,
600202.SH,¹þ¿Õµ÷,2005-08-11,3.5866,3.7184,3.5684,3.6639,5131987,5.0924,812267456,1980593472,50.8561,
600202.SH,¹þ¿Õµ÷,2005-08-12,3.6639,3.6639,3.4911,3.5411,3022836,2.9995,785057504,1914246048,49.1525,
600202.SH,¹þ¿Õµ÷,2005-08-15,3.5321,3.7093,3.5048,3.7048,2349672,2.3315,821337440,2002709280,51.424,
600202.SH,¹þ¿Õµ÷,2005-08-16,3.6957,3.8366,3.6821,3.7093,3385500,3.3594,822345216,2005166592,51.4871,
600202.SH,¹þ¿Õµ÷,2005-08-17,3.7093,3.773,3.6593,3.7502,2002189,1.9867,831415200,2027282400,52.0549,
600202.SH,¹þ¿Õµ÷,2005-08-18,3.7412,3.873,3.6411,3.6775,3403593,3.3773,815290784,1987965408,51.0454,
600202.SH,¹þ¿Õµ÷,2005-08-19,3.6593,3.7048,3.5593,3.6366,2235539,2.2183,806220800,1965849600,50.4775,
600202.SH,¹þ¿Õµ÷,2005-08-22,3.6366,3.7593,3.6048,3.7548,1018300,1.0104,832422976,2029739712,52.118,
600202.SH,¹þ¿Õµ÷,2005-08-23,3.7866,3.7912,3.6548,3.7548,941592,0.9343,832422976,2029739712,52.118,
600202.SH,¹þ¿Õµ÷,2005-08-24,3.7412,3.7912,3.6912,3.7502,961930,0.9545,831415200,2027282400,52.0549,
600202.SH,¹þ¿Õµ÷,2005-08-25,3.7548,3.773,3.6457,3.7321,1529009,1.5172,827384096,2017453152,51.8026,
600202.SH,¹þ¿Õµ÷,2005-08-26,3.6866,3.7093,3.6457,3.6639,630174,0.6253,812267456,1980593472,50.8561,
600202.SH,¹þ¿Õµ÷,2005-08-29,3.6684,3.6821,3.5321,3.5411,1469671,1.4583,785057504,1914246048,49.1525,
600202.SH,¹þ¿Õµ÷,2005-08-30,3.5275,3.6093,3.5184,3.5911,765292,0.7594,796143040,1941276480,49.8466,
600202.SH,¹þ¿Õµ÷,2005-08-31,3.5502,3.6184,3.5184,3.6002,848360,0.8418,798158592,1946191104,49.9727,
600202.SH,¹þ¿Õµ÷,2005-09-01,3.5821,3.7093,3.5457,3.6821,1501051,1.4895,816298560,1990422720,51.1085,
600202.SH,¹þ¿Õµ÷,2005-09-02,3.7048,3.7366,3.6321,3.7184,1700841,1.6877,824360768,2010081216,51.6133,
600202.SH,¹þ¿Õµ÷,2005-09-05,3.7184,3.8821,3.7184,3.8548,4179086,4.1468,854594048,2083800576,53.5062,
600202.SH,¹þ¿Õµ÷,2005-09-06,3.8639,3.873,3.7502,3.7502,2358460,2.3403,831415200,2027282400,52.0549,
600202.SH,¹þ¿Õµ÷,2005-09-07,3.7275,3.9457,3.7275,3.9321,3826515,3.797,871726240,2125574880,54.5788,
600202.SH,¹þ¿Õµ÷,2005-09-08,3.9321,3.9821,3.8548,3.923,3035421,3.012,869710688,2120660256,54.4526,
600202.SH,¹þ¿Õµ÷,2005-09-09,3.9003,3.9639,3.8139,3.8321,1476939,1.4655,849555168,2071514016,53.1907,
600202.SH,¹þ¿Õµ÷,2005-09-12,3.8321,3.8457,3.7866,3.7912,1369358,1.3588,840485184,2049398208,52.6228,
600202.SH,¹þ¿Õµ÷,2005-09-13,3.8184,3.9366,3.8139,3.8866,2673530,2.6529,861648480,2101001760,53.9479,
600202.SH,¹þ¿Õµ÷,2005-09-14,3.9093,3.9093,3.8002,3.823,3085000,3.0612,847539616,2066599392,53.0645,
600202.SH,¹þ¿Õµ÷,2005-09-15,3.8139,3.9275,3.8048,3.9184,3158421,3.1341,868702912,2118202944,54.3895,
600202.SH,¹þ¿Õµ÷,2005-09-16,3.9184,4.0048,3.8639,3.9412,2758835,2.7375,873741792,2130489504,54.705,
600202.SH,¹þ¿Õµ÷,2005-09-19,3.9503,3.9912,3.9275,3.9594,1033087,1.0251,877772896,2140318752,54.9574,
600202.SH,¹þ¿Õµ÷,2005-09-20,3.9594,3.9594,3.8093,3.8593,2628476,2.6082,855601824,2086257888,53.5693,
600202.SH,¹þ¿Õµ÷,2005-09-21,3.8548,3.8866,3.6457,3.6912,3243410,3.2184,818314112,1995337344,51.2347,
600202.SH,¹þ¿Õµ÷,2005-09-22,3.7184,3.7593,3.6275,3.7139,2982500,2.9595,823352992,2007623904,51.5502,
600202.SH,¹þ¿Õµ÷,2005-09-23,3.7048,3.7548,3.673,3.7002,977744,0.9702,820329664,2000251968,51.3609,
600202.SH,¹þ¿Õµ÷,2005-09-26,3.7048,3.7321,3.6548,3.6957,660530,0.6554,819321888,1997794656,51.2978,
600202.SH,¹þ¿Õµ÷,2005-09-27,3.6912,3.7275,3.5093,3.5684,2915692,2.8932,791104160,1928989920,49.5311,
600202.SH,¹þ¿Õµ÷,2005-09-28,3.5275,3.6093,3.523,3.5911,1049740,1.0416,796143040,1941276480,49.8466,
600202.SH,¹þ¿Õµ÷,2005-09-29,3.5821,3.7002,3.5639,3.6548,1093333,1.0849,810251904,1975678848,50.7299,
600202.SH,¹þ¿Õµ÷,2005-09-30,3.6866,3.7457,3.5911,3.6457,1099697,1.0912,808236352,1970764224,50.6037,
600202.SH,¹þ¿Õµ÷,2005-10-10,3.6457,3.6502,3.5002,3.5639,836935,0.8305,790096384,1926532608,49.468,
600202.SH,¹þ¿Õµ÷,2005-10-11,3.5139,3.6593,3.5139,3.6548,841378,0.8349,810251904,1975678848,50.7299,
600202.SH,¹þ¿Õµ÷,2005-10-12,3.6366,3.7548,3.6275,3.6912,1467641,1.4563,818314112,1995337344,51.2347,
600202.SH,¹þ¿Õµ÷,2005-10-13,3.673,3.7366,3.6366,3.7048,982740,0.9752,821337440,2002709280,51.424,
600202.SH,¹þ¿Õµ÷,2005-10-14,3.7048,3.7048,3.6275,3.6411,966038,0.9586,807228576,1968306912,50.5406,
600202.SH,¹þ¿Õµ÷,2005-10-17,3.6457,3.6684,3.6093,3.6548,632497,0.6276,810251904,1975678848,50.7299,
600202.SH,¹þ¿Õµ÷,2005-10-18,3.6502,3.923,3.6411,3.9093,2830231,2.8084,866687360,2113288320,54.2633,
600202.SH,¹þ¿Õµ÷,2005-10-19,3.9093,3.9093,3.8275,3.8412,1484439,1.473,851570720,2076428640,53.3169,
600202.SH,¹þ¿Õµ÷,2005-10-20,3.8184,3.9684,3.8184,3.9321,1538750,1.5269,871726240,2125574880,54.5788,
600202.SH,¹þ¿Õµ÷,2005-10-21,3.9093,3.9639,3.8684,3.9093,1384769,1.3741,866687360,2113288320,54.2633,
600202.SH,¹þ¿Õµ÷,2005-10-24,3.9139,4.0775,3.9093,4.0139,2788726,2.7672,889866208,2169806496,55.7146,
600202.SH,¹þ¿Õµ÷,2005-10-25,4.0003,4.0775,3.9548,3.9594,2059013,2.0431,877772896,2140318752,54.9574,
600202.SH,¹þ¿Õµ÷,2005-10-26,3.9594,3.9639,3.7912,3.8184,1706185,1.693,846531840,2064142080,53.0014,
600202.SH,¹þ¿Õµ÷,2005-10-27,3.8093,3.9093,3.773,3.8775,2088836,2.0727,859632928,2096087136,38.3502,
600202.SH,¹þ¿Õµ÷,2005-10-28,3.9003,4.023,3.8866,3.9775,2106983,2.0907,881804000,2150148000,39.3393,
600202.SH,¹þ¿Õµ÷,2005-10-31,3.9639,4.0957,3.923,3.9457,2097514,2.0813,874749568,2132946816,39.0246,
600202.SH,¹þ¿Õµ÷,2005-11-01,3.9184,3.9184,3.7457,3.7957,1621079,1.6086,841492960,2051855520,37.541,
600202.SH,¹þ¿Õµ÷,2005-11-02,3.8412,3.8684,3.7912,3.8503,1404483,1.3936,853586272,2081343264,38.0805,
600202.SH,¹þ¿Õµ÷,2005-11-03,3.8412,3.8957,3.7139,3.8821,2033785,2.0181,860640704,2098544448,38.3952,
600202.SH,¹þ¿Õµ÷,2005-11-04,3.8457,3.9775,3.7957,3.9412,929540,0.9224,873741792,2130489504,38.9797,
600202.SH,¹þ¿Õµ÷,2005-11-07,3.9366,3.9457,3.8457,3.8639,1102300,1.0938,856609600,2088715200,38.2154,
600202.SH,¹þ¿Õµ÷,2005-11-08,3.8775,4.0094,3.8639,3.9503,1195171,1.1859,875757344,2135404128,39.0696,
600202.SH,¹þ¿Õµ÷,2005-11-09,3.923,4.0003,3.8639,3.9184,873910,0.8672,868702912,2118202944,38.7549,
600202.SH,¹þ¿Õµ÷,2005-11-10,3.9048,3.9048,3.7957,3.8912,1186944,1.1778,862656256,2103459072,38.4851,
600202.SH,¹þ¿Õµ÷,2005-11-11,3.8912,3.8912,3.7366,3.8366,1453493,1.4423,850562944,2073971328,37.9456,
600202.SH,¹þ¿Õµ÷,2005-11-14,3.7866,3.8366,3.723,3.8321,495220,0.4914,849555168,2071514016,37.9006,
600202.SH,¹þ¿Õµ÷,2005-11-15,3.7821,3.8548,3.7366,3.8048,692400,0.6871,843508512,2056770144,37.6309,
600202.SH,¹þ¿Õµ÷,2005-11-16,3.8093,3.8093,3.7457,3.8048,316000,0.3136,843508512,2056770144,37.6309,
600202.SH,¹þ¿Õµ÷,2005-11-17,3.7821,3.8002,3.7502,3.7548,371050,0.3682,832422976,2029739712,37.1363,
600202.SH,¹þ¿Õµ÷,2005-11-18,3.7502,3.9139,3.7502,3.8593,1373866,1.3633,855601824,2086257888,38.1704,
600202.SH,¹þ¿Õµ÷,2005-11-21,3.8593,3.8957,3.8321,3.8912,468450,0.4648,862656256,2103459072,38.4851,
600202.SH,¹þ¿Õµ÷,2005-11-22,3.873,3.9048,3.823,3.8457,309710,0.3073,852578496,2078885952,38.0355,
600202.SH,¹þ¿Õµ÷,2005-11-23,3.8275,3.8593,3.7866,3.8503,299940,0.2976,853586272,2081343264,38.0805,
600202.SH,¹þ¿Õµ÷,2005-11-24,3.8412,3.8866,3.7957,3.8412,222350,0.2206,851570720,2076428640,37.9906,
600202.SH,¹þ¿Õµ÷,2005-11-25,3.8412,3.8412,3.7548,3.7684,315650,0.3132,835446304,2037111648,37.2712,
600202.SH,¹þ¿Õµ÷,2005-11-28,3.7275,3.7684,3.6321,3.7412,1235058,1.2255,829399648,2022367776,37.0014,
600202.SH,¹þ¿Õµ÷,2005-11-29,3.7093,3.7548,3.6593,3.723,381107,0.3782,825368544,2012538528,36.8216,
600202.SH,¹þ¿Õµ÷,2005-11-30,3.6821,3.7321,3.6275,3.7275,820671,0.8143,826376320,2014995840,36.8666,
600202.SH,¹þ¿Õµ÷,2005-12-01,3.7275,3.8002,3.673,3.773,475228,0.4716,836454080,2039568960,37.3162,
600202.SH,¹þ¿Õµ÷,2005-12-02,3.7957,3.8412,3.7048,3.7093,453701,0.4502,822345216,2005166592,36.6867,
600202.SH,¹þ¿Õµ÷,2005-12-05,3.6957,3.6957,3.6366,3.6366,360400,0.3576,806220800,1965849600,35.9674,
600202.SH,¹þ¿Õµ÷,2005-12-06,3.6139,3.6411,3.5139,3.5866,574316,0.5699,795135264,1938819168,35.4728,
600202.SH,¹þ¿Õµ÷,2005-12-07,3.5866,3.6275,3.573,3.6002,195900,0.1944,798158592,1946191104,35.6077,
600202.SH,¹þ¿Õµ÷,2005-12-08,3.6411,3.6502,3.5548,3.573,181508,0.1801,792111936,1931447232,35.338,
600202.SH,¹þ¿Õµ÷,2005-12-09,3.5639,3.623,3.5002,3.5684,1891718,1.8771,791104160,1928989920,35.293,
600202.SH,¹þ¿Õµ÷,2005-12-12,3.5684,3.5684,3.5275,3.5457,587495,0.583,786065280,1916703360,35.0682,
600202.SH,¹þ¿Õµ÷,2005-12-13,3.5457,3.5639,3.3093,3.3184,4123122,4.0913,735676480,1793837760,32.8202,
600202.SH,¹þ¿Õµ÷,2005-12-14,3.332,3.4184,3.282,3.3684,1857901,1.8436,746762016,1820868192,33.3148,
600202.SH,¹þ¿Õµ÷,2005-12-15,3.3593,3.4002,3.3457,3.3775,1534190,1.5224,748777568,1825782816,33.4047,
600202.SH,¹þ¿Õµ÷,2005-12-16,3.3775,3.4093,3.3457,3.3957,1324533,1.3143,752808672,1835612064,33.5845,
600202.SH,¹þ¿Õµ÷,2005-12-19,3.3911,3.4593,3.3866,3.4184,944868,0.9376,757847552,1847898624,33.8093,
600202.SH,¹þ¿Õµ÷,2005-12-20,3.4093,3.4457,3.3911,3.4139,481011,0.4773,756839776,1845441312,33.7644,
600202.SH,¹þ¿Õµ÷,2005-12-21,3.4139,3.4184,3.3411,3.3457,856485,0.8499,741723136,1808581632,33.09,
600202.SH,¹þ¿Õµ÷,2005-12-22,3.3411,3.4002,3.2866,3.3729,1785621,1.7718,747769792,1823325504,33.3598,
600202.SH,¹þ¿Õµ÷,2005-12-23,3.3866,3.4866,3.3548,3.4593,1669558,1.6567,766917536,1870014432,34.214,
600202.SH,¹þ¿Õµ÷,2005-12-26,3.4593,3.5093,3.4366,3.4593,1592122,1.5798,766917536,1870014432,34.214,
600202.SH,¹þ¿Õµ÷,2005-12-27,3.473,3.4957,3.4411,3.4866,895044,0.8881,772964192,1884758304,34.4837,
600202.SH,¹þ¿Õµ÷,2005-12-28,3.4866,3.5275,3.4457,3.5184,1079546,1.0712,780018624,1901959488,34.7984,
600202.SH,¹þ¿Õµ÷,2005-12-29,3.5093,3.5502,3.4866,3.523,1414509,1.4036,781026400,1904416800,34.8434,
600202.SH,¹þ¿Õµ÷,2005-12-30,3.5457,3.5548,3.4275,3.432,2064004,2.0481,760870880,1855270560,33.9442,
600202.SH,¹þ¿Õµ÷,2006-01-04,3.432,3.4957,3.3729,3.4866,1161190,1.1522,772964192,1884758304,34.4837,
600202.SH,¹þ¿Õµ÷,2006-01-05,3.4639,3.6275,3.4457,3.6139,2823918,2.8021,801181920,1953563040,35.7426,
600202.SH,¹þ¿Õµ÷,2006-01-06,3.6002,3.6821,3.5548,3.6093,1914036,1.8993,800174144,1951105728,35.6976,
600202.SH,¹þ¿Õµ÷,2006-01-09,3.6184,3.6184,3.5502,3.6002,1458333,1.4471,798158592,1946191104,35.6077,
600202.SH,¹þ¿Õµ÷,2006-01-10,3.5866,3.6821,3.5548,3.6366,2308883,2.2911,806220800,1965849600,35.9674,
600202.SH,¹þ¿Õµ÷,2006-01-11,3.6366,3.7048,3.623,3.6684,2640698,2.6203,813275232,1983050784,36.2821,
600202.SH,¹þ¿Õµ÷,2006-01-12,3.6684,3.6684,3.5821,3.6411,2723423,2.7024,807228576,1968306912,36.0123,
600202.SH,¹þ¿Õµ÷,2006-01-13,3.6321,3.7412,3.6139,3.7184,2218841,2.2017,824360768,2010081216,36.7767,
600202.SH,¹þ¿Õµ÷,2006-01-16,3.723,3.8139,3.6593,3.6684,2023201,2.0076,813275232,1983050784,36.2821,
600202.SH,¹þ¿Õµ÷,2006-01-17,3.6548,3.7002,3.5775,3.6411,1245668,1.2361,807228576,1968306912,36.0123,
600202.SH,¹þ¿Õµ÷,2006-01-18,3.6548,3.7002,3.6321,3.6821,1343546,1.3332,816298560,1990422720,36.417,
600202.SH,¹þ¿Õµ÷,2006-01-19,3.7184,3.7957,3.6866,3.7502,3648634,3.6205,831415200,2027282400,37.0914,
600202.SH,¹þ¿Õµ÷,2006-01-20,3.7502,3.7502,3.6821,3.7139,1940145,1.9252,823352992,2007623904,36.7317,
600202.SH,¹þ¿Õµ÷,2006-01-23,3.7139,3.723,3.6366,3.7139,1576838,1.5647,823352992,2007623904,36.7317,
600202.SH,¹þ¿Õµ÷,2006-01-24,3.7093,3.7093,3.5548,3.5684,2548567,2.5289,791104160,1928989920,35.293,
600202.SH,¹þ¿Õµ÷,2006-01-25,3.5684,3.5684,3.4593,3.523,1988750,1.9734,781026400,1904416800,34.8434,
600202.SH,¹þ¿Õµ÷,2006-02-06,3.5457,3.7275,3.4548,3.6821,3302863,3.2774,816298560,1990422720,36.417,
600202.SH,¹þ¿Õµ÷,2006-02-07,3.673,3.7139,3.5639,3.5957,2665820,2.6453,797150816,1943733792,35.5628,
600202.SH,¹þ¿Õµ÷,2006-02-08,3.5911,3.5911,3.5139,3.5639,1224258,1.2148,790096384,1926532608,35.248,
600202.SH,¹þ¿Õµ÷,2006-02-09,3.5957,3.723,3.5957,3.6366,3026567,3.0032,806220800,1965849600,35.9674,
600202.SH,¹þ¿Õµ÷,2006-02-10,3.6366,3.7866,3.6275,3.7412,3138060,3.1138,829399648,2022367776,37.0014,
600202.SH,¹þ¿Õµ÷,2006-02-13,3.7502,3.9412,3.7457,3.9048,5126886,5.0873,865679584,2110831008,38.62,
600202.SH,¹þ¿Õµ÷,2006-02-14,3.9093,3.9912,3.8457,3.8912,3025782,3.0024,862656256,2103459072,38.4851,
600202.SH,¹þ¿Õµ÷,2006-02-15,3.8912,3.9184,3.8184,3.8593,2223088,2.2059,855601824,2086257888,38.1704,
600202.SH,¹þ¿Õµ÷,2006-02-16,3.8639,3.8639,3.7184,3.8048,2769697,2.7483,843508512,2056770144,37.6309,
600202.SH,¹þ¿Õµ÷,2006-02-17,3.7775,3.823,3.7457,3.7866,1784199,1.7704,839477408,2046940896,37.451,
600202.SH,¹þ¿Õµ÷,2006-02-20,3.773,3.7866,3.6639,3.6639,1867038,1.8526,812267456,1980593472,36.2371,
600202.SH,¹þ¿Õµ÷,2006-02-21,3.6411,3.8639,3.6093,3.7866,1345686,1.3353,839477408,2046940896,37.451,
600202.SH,¹þ¿Õµ÷,2006-02-22,3.7957,3.8093,3.7321,3.7457,1168299,1.1593,830407424,2024825088,37.0464,
600202.SH,¹þ¿Õµ÷,2006-02-23,3.7457,3.7457,3.6139,3.6775,1514873,1.5032,815290784,1987965408,36.372,
600202.SH,¹þ¿Õµ÷,2006-02-24,3.6775,3.7275,3.6366,3.673,802539,0.7963,814283008,1985508096,36.3271,
600202.SH,¹þ¿Õµ÷,2006-02-27,3.6821,3.7184,3.6411,3.7002,1488676,1.4772,820329664,2000251968,36.5968,
600202.SH,¹þ¿Õµ÷,2006-02-28,3.7002,3.7139,3.6275,3.7048,946140,0.9388,821337440,2002709280,36.6418,
600202.SH,¹þ¿Õµ÷,2006-03-01,3.7002,3.8002,3.6593,3.7548,2150906,2.1343,832422976,2029739712,37.1363,
600202.SH,¹þ¿Õµ÷,2006-03-02,3.7639,3.773,3.623,3.6411,1712561,1.6993,807228576,1968306912,36.0123,
600202.SH,¹þ¿Õµ÷,2006-03-03,3.6275,3.6684,3.5048,3.5548,1730052,1.7167,788080832,1921617984,35.1581,
600202.SH,¹þ¿Õµ÷,2006-03-06,3.5457,3.6321,3.5275,3.5593,575260,0.5708,789088608,1924075296,35.2031,
600202.SH,¹þ¿Õµ÷,2006-03-07,3.5684,3.5684,3.4639,3.473,1158939,1.15,769940864,1877386368,34.3489,
600202.SH,¹þ¿Õµ÷,2006-03-08,3.4684,3.523,3.4457,3.4866,629647,0.6248,772964192,1884758304,34.4837,
600202.SH,¹þ¿Õµ÷,2006-03-09,3.4957,3.5002,3.4048,3.4139,807165,0.8009,756839776,1845441312,33.7644,
600202.SH,¹þ¿Õµ÷,2006-03-10,3.4139,3.4411,3.4048,3.4184,606600,0.6019,757847552,1847898624,33.8093,
600202.SH,¹þ¿Õµ÷,2006-03-13,3.4184,3.4866,3.4184,3.473,356756,0.354,769940864,1877386368,34.3489,
600202.SH,¹þ¿Õµ÷,2006-03-14,3.4775,3.4911,3.4275,3.4866,369100,0.3663,772964192,1884758304,34.4837,
600202.SH,¹þ¿Õµ÷,2006-03-15,3.4775,3.573,3.4548,3.5684,1670051,1.6572,791104160,1928989920,35.293,
600202.SH,¹þ¿Õµ÷,2006-03-16,3.5639,3.5911,3.5139,3.523,638700,0.6338,781026400,1904416800,34.8434,
600202.SH,¹þ¿Õµ÷,2006-03-17,3.5139,3.5457,3.4957,3.5139,879324,0.8725,779010848,1899502176,34.7535,
600202.SH,¹þ¿Õµ÷,2006-03-20,3.5139,3.5684,3.5139,3.5366,791481,0.7854,784049728,1911788736,34.9783,
600202.SH,¹þ¿Õµ÷,2006-03-21,3.5548,3.5593,3.4911,3.5457,996343,0.9887,786065280,1916703360,35.0682,
600202.SH,¹þ¿Õµ÷,2006-03-22,3.5366,3.5684,3.4866,3.5457,855455,0.8489,786065280,1916703360,35.0682,
600202.SH,¹þ¿Õµ÷,2006-03-23,3.5457,3.5684,3.473,3.5593,1924692,1.9098,789088608,1924075296,35.2031,
600202.SH,¹þ¿Õµ÷,2006-03-24,3.5502,3.5639,3.4548,3.4639,2456290,2.4373,767925312,1872471744,34.2589,
600202.SH,¹þ¿Õµ÷,2006-03-27,3.4775,3.5275,3.4548,3.5139,789141,0.7831,779010848,1899502176,34.7535,
600202.SH,¹þ¿Õµ÷,2006-03-28,3.5002,3.5139,3.4775,3.4957,861277,0.8546,774979744,1889672928,34.5737,
600202.SH,¹þ¿Õµ÷,2006-03-29,3.5002,3.6048,3.4957,3.5639,2757443,2.7362,790096384,1926532608,35.248,
600202.SH,¹þ¿Õµ÷,2006-03-30,3.5775,3.5775,3.4866,3.4911,1406800,1.3959,773971968,1887215616,34.5287,
600202.SH,¹þ¿Õµ÷,2006-03-31,3.4548,3.5775,3.4548,3.5275,3061762,3.0381,782034176,1906874112,34.8884,
600202.SH,¹þ¿Õµ÷,2006-04-03,3.5548,3.6821,3.4957,3.6457,4443384,4.4091,808236352,1970764224,36.0573,
600202.SH,¹þ¿Õµ÷,2006-04-04,3.673,3.7548,3.6366,3.6912,3516671,3.4895,818314112,1995337344,36.5069,
600202.SH,¹þ¿Õµ÷,2006-04-05,3.6957,3.7457,3.6411,3.6821,2132128,2.1157,816298560,1990422720,36.417,
600202.SH,¹þ¿Õµ÷,2006-04-06,3.6957,3.8184,3.673,3.7002,3081922,3.0581,820329664,2000251968,36.5968,
600202.SH,¹þ¿Õµ÷,2006-04-07,3.7048,3.7957,3.6912,3.7912,2574541,2.5547,840485184,2049398208,37.496,
600202.SH,¹þ¿Õµ÷,2006-04-10,3.7957,3.9412,3.7957,3.9093,3381820,3.3557,866687360,2113288320,38.6649,
600202.SH,¹þ¿Õµ÷,2006-04-11,3.923,3.9548,3.8184,3.8639,2988633,2.9656,856609600,2088715200,38.2154,
600202.SH,¹þ¿Õµ÷,2006-04-12,3.6411,4.2503,3.6411,4.2503,8181948,8.1188,942270560,2297586720,42.0369,
600202.SH,¹þ¿Õµ÷,2006-04-13,4.2503,4.4276,4.0912,4.0912,6014369,5.968,906998400,2211580800,40.4633,
600202.SH,¹þ¿Õµ÷,2006-04-14,4.0821,4.4776,4.0003,4.3912,6433551,6.3839,973511616,2373763392,43.4306,
600202.SH,¹þ¿Õµ÷,2006-04-17,4.3639,4.5458,4.2866,4.3412,5932799,5.887,962426080,2346732960,42.9361,
600202.SH,¹þ¿Õµ÷,2006-04-18,4.3912,4.523,4.2957,4.3957,4014502,3.9835,974519392,2376220704,25.3925,
600202.SH,¹þ¿Õµ÷,2006-04-19,4.373,4.4094,4.1821,4.2685,4163734,4.1316,946301664,2307415968,24.6572,
600202.SH,¹þ¿Õµ÷,2006-04-20,4.2776,4.3957,4.1912,4.2685,3679658,3.6513,946301664,2307415968,24.6572,
600202.SH,¹þ¿Õµ÷,2006-04-21,4.2412,4.5185,4.2003,4.3685,5521810,5.4792,968472736,2361476832,25.2349,
600202.SH,¹þ¿Õµ÷,2006-04-24,4.3685,4.6776,4.3185,4.5821,6313768,6.2651,1015838208,2476970496,26.4691,
600202.SH,¹þ¿Õµ÷,2006-04-25,4.5594,4.6821,4.4321,4.5412,4542664,4.5076,1006768224,2454854688,26.2327,
600202.SH,¹þ¿Õµ÷,2006-04-26,4.5367,4.9094,4.4957,4.673,5654596,5.611,1035993728,2526116736,26.9943,
600202.SH,¹þ¿Õµ÷,2006-04-27,4.6821,4.8185,4.6276,4.7458,2728779,2.7077,1052118144,2565433728,27.4144,
600202.SH,¹þ¿Õµ÷,2006-04-28,4.5458,4.7958,4.4867,4.6412,3912097,3.8819,1028939296,2508915552,25.716,
600202.SH,¹þ¿Õµ÷,2006-05-08,4.6412,5.0003,4.6139,4.9049,4237231,4.2045,1087390304,2651439648,27.1768,
600202.SH,¹þ¿Õµ÷,2006-05-09,4.8958,5.0912,4.8185,4.8958,5023161,4.9844,1085374752,2646525024,27.1264,
600202.SH,¹þ¿Õµ÷,2006-05-10,4.9321,5.0912,4.7549,4.9185,4403387,4.3694,1090413632,2658811584,27.2524,
600202.SH,¹þ¿Õµ÷,2006-05-11,4.9094,5.1822,4.773,4.823,5223980,5.1837,1069250336,2607208032,26.7234,
600202.SH,¹þ¿Õµ÷,2006-05-12,5.0412,5.1049,4.8549,4.9867,4973633,4.9353,1105530272,2695671264,27.6302,
600202.SH,¹þ¿Õµ÷,2006-05-15,5.0003,5.4867,4.7503,5.4549,8924954,8.8561,1209331200,2948774400,30.2244,
600202.SH,¹þ¿Õµ÷,2006-05-16,5.3867,5.4458,4.9094,4.9867,6322376,6.2736,1105530272,2695671264,27.6302,
600202.SH,¹þ¿Õµ÷,2006-05-17,4.9685,5.1367,4.7821,5.0003,3337254,3.3115,1108553600,2703043200,27.7057,
600202.SH,¹þ¿Õµ÷,2006-05-18,4.9458,4.9867,4.7958,4.873,2312725,2.2949,1080335872,2634238464,27.0005,
600202.SH,¹þ¿Õµ÷,2006-05-19,4.864,5.2503,4.8094,5.2094,6077530,6.0306,1154911296,2816079552,28.8643,
600202.SH,¹þ¿Õµ÷,2006-05-22,5.2094,5.2094,5.2094,5.2094,--,--,1154911296,2816079552,28.8643,
600202.SH,¹þ¿Õµ÷,2006-05-23,5.114,5.114,4.864,4.9912,4631664,4.5959,1106538048,2698128576,27.6554,
600202.SH,¹þ¿Õµ÷,2006-05-24,4.9912,5.0912,4.7549,4.914,3407271,3.381,1089405856,2656354272,27.2272,
600202.SH,¹þ¿Õµ÷,2006-05-25,4.9094,4.9367,4.7776,4.8912,1378362,1.3677,1084366976,2644067712,27.1012,
600202.SH,¹þ¿Õµ÷,2006-05-26,4.9458,5.2231,4.9003,5.1367,4665089,4.6291,1138786880,2776762560,28.4613,
600202.SH,¹þ¿Õµ÷,2006-05-29,5.164,5.3276,5.0276,5.2822,2842840,2.8209,1171035712,2855396544,29.2673,
600202.SH,¹þ¿Õµ÷,2006-05-30,5.2822,5.4549,5.1822,5.2776,2773209,2.7518,1170027936,2852939232,29.2421,
600202.SH,¹þ¿Õµ÷,2006-05-31,5.3049,5.4958,5.2276,5.3231,3078674,3.0549,1180105696,2877512352,29.494,
600202.SH,¹þ¿Õµ÷,2006-06-01,5.2958,5.6186,5.2958,5.5913,3779765,3.7506,1239564480,3022493760,30.98,
600202.SH,¹þ¿Õµ÷,2006-06-02,5.614,5.6776,5.3413,5.4094,3614144,3.5863,1199253440,2924201280,29.9726,
600202.SH,¹þ¿Õµ÷,2006-06-05,5.4094,5.5413,5.1276,5.464,2365645,2.3474,1211346752,2953689024,30.2748,
600202.SH,¹þ¿Õµ÷,2006-06-06,5.4049,5.7504,5.364,5.664,3857660,3.8279,1255688896,3061810752,31.383,
600202.SH,¹þ¿Õµ÷,2006-06-07,5.6367,5.8277,5.2503,5.2776,4634740,4.599,1170027936,2852939232,29.2421,
600202.SH,¹þ¿Õµ÷,2006-06-08,5.0776,5.2731,4.9912,5.0867,2401020,2.3825,1127701344,2749732128,28.1843,
600202.SH,¹þ¿Õµ÷,2006-06-09,5.1367,5.2231,4.8185,4.8776,2129165,2.1127,1081343648,2636695776,27.0257,
600202.SH,¹þ¿Õµ÷,2006-06-12,4.8549,4.9503,4.7367,4.8867,1422159,1.4112,1083359200,2641610400,27.0761,
600202.SH,¹þ¿Õµ÷,2006-06-13,4.864,4.9549,4.7503,4.814,1712790,1.6996,1067234784,2602293408,26.6731,
600202.SH,¹þ¿Õµ÷,2006-06-14,4.8094,4.9503,4.7458,4.9094,1542858,1.531,1088398080,2653896960,27.202,
600202.SH,¹þ¿Õµ÷,2006-06-15,4.9049,5.0185,4.8185,4.8776,1210725,1.2014,1081343648,2636695776,27.0257,
600202.SH,¹þ¿Õµ÷,2006-06-16,4.9458,5.0776,4.8776,5.0231,1291590,1.2816,1113592480,2715329760,27.8317,
600202.SH,¹þ¿Õµ÷,2006-06-19,5.0912,5.3003,4.964,5.2594,2424735,2.406,1165996832,2843109984,29.1414,
600202.SH,¹þ¿Õµ÷,2006-06-20,5.1323,5.3206,5.0899,5.2218,1192536,1.1833,1117623584,2725159008,27.9324,
600202.SH,¹þ¿Õµ÷,2006-06-21,5.1794,5.4572,5.1794,5.283,2043296,2.0275,1130724672,2757104064,28.2598,
600202.SH,¹þ¿Õµ÷,2006-06-22,5.2265,5.3583,5.1794,5.2547,766578,0.7607,1124678016,2742360192,28.1087,
600202.SH,¹þ¿Õµ÷,2006-06-23,5.2406,5.2689,5.1606,5.1653,1500214,1.4886,1105530272,2695671264,27.6302,
600202.SH,¹þ¿Õµ÷,2006-06-26,5.2029,5.3536,5.1794,5.3348,1627085,1.6145,1141810208,2784134496,28.5369,
600202.SH,¹þ¿Õµ÷,2006-06-27,5.3206,5.3583,5.1841,5.3159,1195320,1.1861,1137779104,2774305248,28.4362,
600202.SH,¹þ¿Õµ÷,2006-06-28,5.2971,5.3536,5.2312,5.3489,1585207,1.573,1144833536,2791506432,28.6125,
600202.SH,¹þ¿Õµ÷,2006-06-29,5.5608,5.8386,5.5608,5.702,4264602,4.2317,1220416736,2975804832,30.5015,
600202.SH,¹þ¿Õµ÷,2006-06-30,5.6973,5.8198,5.5137,5.7303,4016116,3.9851,1226463392,2990548704,30.6526,
600202.SH,¹þ¿Õµ÷,2006-07-03,5.7303,5.7303,5.7303,5.7303,--,--,1226463392,2990548704,30.6526,
600202.SH,¹þ¿Õµ÷,2006-07-04,5.7303,5.7303,5.7303,5.7303,--,--,1226463392,2990548704,30.6526,
600202.SH,¹þ¿Õµ÷,2006-07-05,5.7303,5.7303,5.7303,5.7303,--,--,1226463392,2990548704,30.6526,
600202.SH,¹þ¿Õµ÷,2006-07-06,5.7303,5.7303,5.7303,5.7303,--,--,1226463392,2990548704,30.6526,
600202.SH,¹þ¿Õµ÷,2006-07-07,5.7303,5.7303,5.7303,5.7303,--,--,1226463392,2990548704,30.6526,
600202.SH,¹þ¿Õµ÷,2006-07-10,5.7303,5.7303,5.7303,5.7303,--,--,1226463392,2990548704,30.6526,
600202.SH,¹þ¿Õµ÷,2006-07-11,5.7303,5.7303,5.7303,5.7303,--,--,1226463392,2990548704,30.6526,
600202.SH,¹þ¿Õµ÷,2006-07-12,5.7303,5.7303,5.7303,5.7303,--,--,1226463392,2990548704,30.6526,
600202.SH,¹þ¿Õµ÷,2006-07-13,5.8386,6.3,5.8386,5.9233,7172796,7.1175,1267782208,3091298496,31.6853,
600202.SH,¹þ¿Õµ÷,2006-07-14,5.8386,5.8998,5.509,5.7256,3542627,3.5153,1225455616,2988091392,30.6274,
600202.SH,¹þ¿Õµ÷,2006-07-17,5.6879,5.8621,5.6032,5.7397,2230340,2.2131,1228478944,2995463328,30.703,
600202.SH,¹þ¿Õµ÷,2006-07-18,5.6973,5.735,5.5655,5.6597,1104440,1.0959,1211346752,2953689024,30.2748,
600202.SH,¹þ¿Õµ÷,2006-07-19,5.6267,5.8292,5.5749,5.7209,1603890,1.5915,1224447840,2985634080,30.6022,
600202.SH,¹þ¿Õµ÷,2006-07-20,5.7444,5.7491,5.4902,5.4949,2243460,2.2261,1176074592,2867683104,29.3933,
600202.SH,¹þ¿Õµ÷,2006-07-21,5.4996,5.5467,5.2736,5.3206,3908424,3.8783,1138786880,2776762560,28.4613,
600202.SH,¹þ¿Õµ÷,2006-07-24,5.3206,5.3206,5.3206,5.3206,--,--,1138786880,2776762560,28.4613,
600202.SH,¹þ¿Õµ÷,2006-07-25,5.3206,5.3206,5.3206,5.3206,--,--,1138786880,2776762560,28.4613,
600202.SH,¹þ¿Õµ÷,2006-07-26,5.3206,5.3206,5.3206,5.3206,--,--,1138786880,2776762560,28.4613,
600202.SH,¹þ¿Õµ÷,2006-07-27,5.3206,5.3206,5.3206,5.3206,--,--,1138786880,2776762560,28.4613,
600202.SH,¹þ¿Õµ÷,2006-07-28,5.3206,5.3206,5.3206,5.3206,--,--,1138786880,2776762560,28.4613,
600202.SH,¹þ¿Õµ÷,2006-07-31,5.3206,5.3206,5.3206,5.3206,--,--,1138786880,2776762560,28.4613,
600202.SH,¹þ¿Õµ÷,2006-08-01,5.3206,5.3206,5.3206,5.3206,--,--,1138786880,2776762560,28.4613,
600202.SH,¹þ¿Õµ÷,2006-08-02,5.3206,5.3206,5.3206,5.3206,--,--,1138786880,2776762560,28.4613,
600202.SH,¹þ¿Õµ÷,2006-08-03,5.3206,5.3206,5.3206,5.3206,--,--,1138786880,2776762560,28.4613,
600202.SH,¹þ¿Õµ÷,2006-08-04,5.3206,5.3206,5.3206,5.3206,--,--,1138786880,2776762560,28.4613,
600202.SH,¹þ¿Õµ÷,2006-08-07,5.3206,5.3206,5.3206,5.3206,--,--,1138786880,2776762560,28.4613,
600202.SH,¹þ¿Õµ÷,2006-08-08,5.3206,5.3206,5.3206,5.3206,--,--,1138786880,2776762560,28.4613,
600202.SH,¹þ¿Õµ÷,2006-08-09,5.3206,5.3206,5.3206,5.3206,--,--,1138786880,2776762560,28.4613,
600202.SH,¹þ¿Õµ÷,2006-08-10,5.3206,5.3206,5.3206,5.3206,--,--,1138786880,2776762560,28.4613,
600202.SH,¹þ¿Õµ÷,2006-08-11,5.3206,5.3206,5.3206,5.3206,--,--,1138786880,2776762560,28.4613,
600202.SH,¹þ¿Õµ÷,2006-08-14,5.3206,5.3206,5.3206,5.3206,--,--,1138786880,2776762560,28.4613,
600202.SH,¹þ¿Õµ÷,2006-08-15,5.3206,5.3206,5.3206,5.3206,--,--,1138786880,2776762560,28.4613,
600202.SH,¹þ¿Õµ÷,2006-08-16,5.3206,5.3206,5.3206,5.3206,--,--,1138786880,2776762560,28.4613,
600202.SH,¹þ¿Õµ÷,2006-08-17,5.3206,5.3206,5.3206,5.3206,--,--,1138786880,2776762560,28.4613,
600202.SH,¹þ¿Õµ÷,2006-08-18,5.3206,5.3206,5.3206,5.3206,--,--,1138786880,2776762560,28.4613,
600202.SH,¹þ¿Õµ÷,2006-08-21,5.3206,5.3206,5.3206,5.3206,--,--,1138786880,2776762560,28.4613,
600202.SH,¹þ¿Õµ÷,2006-08-22,5.3206,5.3206,5.3206,5.3206,--,--,1138786880,2776762560,28.4613,
600202.SH,¹þ¿Õµ÷,2006-08-23,5.3206,5.3206,5.3206,5.3206,--,--,1138786880,2776762560,28.4613,
600202.SH,¹þ¿Õµ÷,2006-08-24,5.3206,5.3206,5.3206,5.3206,--,--,1138786880,2776762560,28.4613,
600202.SH,¹þ¿Õµ÷,2006-08-25,5.3206,5.3206,5.3206,5.3206,--,--,1138786880,2776762560,28.4613,
600202.SH,¹þ¿Õµ÷,2006-08-28,5.3206,5.3206,5.3206,5.3206,--,--,1138786880,2776762560,28.4613,
600202.SH,¹þ¿Õµ÷,2006-08-29,5.3206,5.3206,5.3206,5.3206,--,--,1138786880,2776762560,31.2513,
600202.SH,¹þ¿Õµ÷,2006-08-30,5.3206,5.3206,5.3206,5.3206,--,--,1138786880,2776762560,31.2513,
600202.SH,¹þ¿Õµ÷,2006-08-31,5.3206,5.3206,5.3206,5.3206,--,--,1138786880,2776762560,31.2513,
600202.SH,¹þ¿Õµ÷,2006-09-01,5.3206,5.3206,5.3206,5.3206,--,--,1138786880,2776762560,31.2513,
600202.SH,¹þ¿Õµ÷,2006-09-04,5.3206,5.3206,5.3206,5.3206,--,--,1138786880,2776762560,31.2513,
600202.SH,¹þ¿Õµ÷,2006-09-05,5.3254,5.3866,5.1417,5.2091,7716401,5.8899,1114902588.8,2091172512,23.5353,
600202.SH,¹þ¿Õµ÷,2006-09-06,5.1417,5.1723,5.0254,5.0621,3980660,3.0384,1083459977.6,2032197024,22.8715,
600202.SH,¹þ¿Õµ÷,2006-09-07,5.0683,5.1356,5.0315,5.0928,2348674,1.7927,1090010521.6,2044483584,23.0098,
600202.SH,¹þ¿Õµ÷,2006-09-08,5.0928,5.0928,4.8663,4.9152,3068188,2.3419,1052017366.4,1973221536,22.2078,
600202.SH,¹þ¿Õµ÷,2006-09-11,4.903,4.9826,4.8479,4.9397,2408089,1.8381,1057257801.6,1983050784,22.3184,
600202.SH,¹þ¿Õµ÷,2006-09-12,4.9336,4.9397,4.7989,4.8479,4111772,3.1385,1037606169.6,1946191104,21.9036,
600202.SH,¹þ¿Õµ÷,2006-09-13,4.8418,4.8724,4.6826,4.7316,5783342,4.4144,1012714102.4,1899502176,21.3781,
600202.SH,¹þ¿Õµ÷,2006-09-14,4.7255,4.7622,4.5969,4.6459,2944510,2.2475,994372579.2,1865099808,20.9909,
600202.SH,¹þ¿Õµ÷,2006-09-15,4.6459,4.7439,4.6214,4.6704,5178618,3.9528,999613014.4,1874929056,21.1016,
600202.SH,¹þ¿Õµ÷,2006-09-18,4.701,4.8051,4.652,4.7928,5200224,3.9693,1025815190.4,1924075296,21.6547,
600202.SH,¹þ¿Õµ÷,2006-09-19,4.7867,4.8479,4.7377,4.8051,3264874,2.4921,1028435408,1928989920,21.71,
600202.SH,¹þ¿Õµ÷,2006-09-20,4.8051,4.8602,4.7439,4.7867,3255377,2.4848,1024505081.6,1921617984,21.627,
600202.SH,¹þ¿Õµ÷,2006-09-21,4.7561,4.7745,4.6582,4.6582,3913227,2.9869,996992796.8,1870014432,21.0462,
600202.SH,¹þ¿Õµ÷,2006-09-22,4.6582,4.6643,4.4378,4.4439,6347209,4.8448,951138988.8,1784008512,20.0783,
600202.SH,¹þ¿Õµ÷,2006-09-25,4.45,4.5725,4.3766,4.548,3814210,2.9114,973410838.4,1825782816,20.5484,
600202.SH,¹þ¿Õµ÷,2006-09-26,4.5296,4.5847,4.4317,4.4439,2525505,1.9277,951138988.8,1784008512,20.0783,
600202.SH,¹þ¿Õµ÷,2006-09-27,4.4439,4.5602,4.4194,4.5112,2163005,1.651,965550185.6,1811038944,20.3825,
600202.SH,¹þ¿Õµ÷,2006-09-28,4.5051,4.6092,4.4868,4.5786,2404087,1.835,979961382.4,1838069376,20.6867,
600202.SH,¹þ¿Õµ÷,2006-09-29,4.5663,4.6582,4.5235,4.5969,3090915,2.3593,983891708.8,1845441312,20.7697,
600202.SH,¹þ¿Õµ÷,2006-10-09,4.6092,4.6704,4.5969,4.652,2839723,2.1675,995682688,1867557120,21.0186,
600202.SH,¹þ¿Õµ÷,2006-10-10,4.652,4.652,4.4868,4.5541,4205372,3.2099,974720947.2,1828240128,20.5761,
600202.SH,¹þ¿Õµ÷,2006-10-11,4.5419,4.7683,4.499,4.7561,5996812,4.5773,1017954537.6,1909331424,21.4887,
600202.SH,¹þ¿Õµ÷,2006-10-12,4.7377,4.8418,4.6949,4.75,6061822,4.627,1016644428.8,1906874112,21.4611,
600202.SH,¹þ¿Õµ÷,2006-10-13,4.7255,4.7683,4.6582,4.7194,2267281,1.7306,1010093884.8,1894587552,21.3228,
600202.SH,¹þ¿Õµ÷,2006-10-16,4.7194,4.8051,4.6398,4.6582,2213542,1.6896,996992796.8,1870014432,21.0462,
600202.SH,¹þ¿Õµ÷,2006-10-17,4.6398,4.6398,4.5357,4.5357,2033637,1.5523,970790620.8,1820868192,20.4931,
600202.SH,¹þ¿Õµ÷,2006-10-18,4.5357,4.6153,4.4868,4.5725,2177412,1.662,978651273.6,1835612064,20.6591,
600202.SH,¹þ¿Õµ÷,2006-10-19,4.5908,4.6643,4.5357,4.652,2893783,2.2088,995682688,1867557120,21.0186,
600202.SH,¹þ¿Õµ÷,2006-10-20,4.652,4.75,4.6398,4.6704,3303787,2.5218,999613014.4,1874929056,21.1016,
600202.SH,¹þ¿Õµ÷,2006-10-23,4.6643,4.7316,4.5357,4.5908,3637198,2.7763,982581600,1842984000,20.742,
600202.SH,¹þ¿Õµ÷,2006-10-24,4.5786,4.75,4.5786,4.7194,6063717,4.6284,1010093884.8,1894587552,21.3228,
600202.SH,¹þ¿Õµ÷,2006-10-25,4.7377,4.7928,4.6704,4.701,5481217,4.1838,1006163558.4,1887215616,21.2398,
600202.SH,¹þ¿Õµ÷,2006-10-26,4.6826,4.701,4.6153,4.6276,2051213,1.5657,990442252.8,1857727872,20.908,
600202.SH,¹þ¿Õµ÷,2006-10-27,4.6214,4.6398,4.1623,4.1623,7547023,5.7606,890873984,1670972160,18.8061,
600202.SH,¹þ¿Õµ÷,2006-10-30,3.9971,3.9971,3.7461,3.7461,3839000,2.9303,801786585.6,1503874944,16.9255,
600202.SH,¹þ¿Õµ÷,2006-10-31,3.6727,3.8808,3.5502,3.8379,8624041,6.5827,821438217.6,1540734624,18.7293,
600202.SH,¹þ¿Õµ÷,2006-11-01,3.7828,3.8134,3.6421,3.7033,6023276,4.5975,792615824,1486673760,18.0722,
600202.SH,¹þ¿Õµ÷,2006-11-02,3.7033,3.7277,3.587,3.6298,5186771,3.959,776894518.4,1457186016,17.7137,
600202.SH,¹þ¿Õµ÷,2006-11-03,3.6237,3.6971,3.6176,3.6482,3617265,2.761,780824844.8,1464557952,17.8033,
600202.SH,¹þ¿Õµ÷,2006-11-06,3.6421,3.6604,3.4523,3.4645,9068633,6.922,741521580.8,1390838592,16.9072,
600202.SH,¹þ¿Õµ÷,2006-11-07,3.4645,3.5135,3.4033,3.4707,7245864,5.5307,742831689.6,1393295904,16.937,
600202.SH,¹þ¿Õµ÷,2006-11-08,3.4768,3.5319,3.4401,3.5135,5329846,4.0682,752002451.2,1410497088,17.1461,
600202.SH,¹þ¿Õµ÷,2006-11-09,3.5258,3.6053,3.4768,3.5931,7519093,5.7393,769033865.6,1442442144,17.5345,
600202.SH,¹þ¿Õµ÷,2006-11-10,3.5808,3.5931,3.4829,3.538,7349846,5.6101,757242886.4,1420326336,17.2656,
600202.SH,¹þ¿Õµ÷,2006-11-13,3.538,3.5747,3.2687,3.2993,5075230,3.8739,706148643.2,1324491168,16.1007,
600202.SH,¹þ¿Õµ÷,2006-11-14,3.3054,3.6298,3.2197,3.6298,10706466,8.1722,776894518.4,1457186016,17.7137,
600202.SH,¹þ¿Õµ÷,2006-11-15,3.6421,3.8196,3.5747,3.7339,15312541,11.688,799166368,1498960320,18.2215,
600202.SH,¹þ¿Õµ÷,2006-11-16,3.7216,3.8073,3.6114,3.6604,8580249,6.5493,783445062.4,1469472576,17.8631,
600202.SH,¹þ¿Õµ÷,2006-11-17,3.6604,3.7522,3.6176,3.6604,5184980,3.9577,783445062.4,1469472576,17.8631,
600202.SH,¹þ¿Õµ÷,2006-11-20,3.6665,3.6971,3.5502,3.6298,5070202,3.8701,776894518.4,1457186016,17.7137,
600202.SH,¹þ¿Õµ÷,2006-11-21,3.6482,3.6604,3.489,3.5196,4357541,3.3261,753312560,1412954400,17.176,
600202.SH,¹þ¿Õµ÷,2006-11-22,3.5196,3.6053,3.4156,3.538,4442071,3.3906,757242886.4,1420326336,17.2656,
600202.SH,¹þ¿Õµ÷,2006-11-23,3.5013,3.7951,3.4584,3.7522,8027329,6.1272,803096694.4,1506332256,18.3111,
600202.SH,¹þ¿Õµ÷,2006-11-24,3.7094,3.7277,3.6176,3.6971,5236401,3.9969,791305715.2,1484216448,18.0423,
600202.SH,¹þ¿Õµ÷,2006-11-27,3.7706,3.8502,3.7216,3.7951,6577487,5.0206,812267456,1523533440,18.5202,
600202.SH,¹þ¿Õµ÷,2006-11-28,3.7645,3.8502,3.7461,3.8196,4454881,3.4004,817507891.2,1533362688,18.6397,
600202.SH,¹þ¿Õµ÷,2006-11-29,3.7951,3.9971,3.7033,3.893,8156681,6.226,833229196.8,1562850432,18.9982,
600202.SH,¹þ¿Õµ÷,2006-11-30,3.8808,3.9787,3.8685,3.8747,6354883,4.8507,829298870.4,1555478496,18.9086,
600202.SH,¹þ¿Õµ÷,2006-12-01,3.9053,3.9053,3.8257,3.8869,7332746,5.5971,831919088,1560393120,18.9683,
600202.SH,¹þ¿Õµ÷,2006-12-04,3.8563,4.0828,3.8563,4.0216,9556752,7.2946,860741481.6,1614453984,19.6255,
600202.SH,¹þ¿Õµ÷,2006-12-05,4.0338,4.0767,3.9665,4.0216,7084398,5.4075,860741481.6,1614453984,19.6255,
600202.SH,¹þ¿Õµ÷,2006-12-06,4.0889,4.346,4.046,4.193,17352537,13.2451,897424528,1683258720,20.4619,
600202.SH,¹þ¿Õµ÷,2006-12-07,4.1807,4.3766,4.1011,4.2542,8649773,6.6023,910525616,1707831840,20.7606,
600202.SH,¹þ¿Õµ÷,2006-12-08,4.2236,4.2236,3.8379,3.8624,6620246,5.0532,826678652.8,1550563872,18.8488,
600202.SH,¹þ¿Õµ÷,2006-12-11,3.8257,3.9665,3.8257,3.942,3816543,2.9131,843710067.2,1582508928,19.2371,
600202.SH,¹þ¿Õµ÷,2006-12-12,3.9665,3.9726,3.8563,3.9359,4108973,3.1364,842399958.4,1580051616,19.2073,
600202.SH,¹þ¿Õµ÷,2006-12-13,3.9175,4.0032,3.8991,3.991,4032743,3.0782,854190937.6,1602167424,19.4761,
600202.SH,¹þ¿Õµ÷,2006-12-14,4.1623,4.2603,4.0767,4.1134,9722514,7.4212,880393113.6,1651313664,20.0735,
600202.SH,¹þ¿Õµ÷,2006-12-15,4.1011,4.1685,4.0154,4.1623,5476858,4.1805,890873984,1670972160,20.3125,
600202.SH,¹þ¿Õµ÷,2006-12-18,4.1379,4.1868,4.0767,4.1623,7340728,5.6031,890873984,1670972160,20.3125,
600202.SH,¹þ¿Õµ÷,2006-12-19,4.193,4.3827,4.1685,4.3582,13547696,10.3409,932797465.6,1749606144,21.2684,
600202.SH,¹þ¿Õµ÷,2006-12-20,4.3766,4.4378,4.2113,4.4011,7659673,5.8466,941968227.2,1766807328,21.4775,
600202.SH,¹þ¿Õµ÷,2006-12-21,4.3827,4.4072,4.1991,4.2236,8138632,6.2122,903975072,1695545280,20.6112,
600202.SH,¹þ¿Õµ÷,2006-12-22,4.193,4.2297,4.1011,4.1317,4610525,3.5192,884323440,1658685600,20.1632,
600202.SH,¹þ¿Õµ÷,2006-12-25,4.1073,4.2236,4.1073,4.1501,3156541,2.4094,888253766.4,1666057536,20.2528,
600202.SH,¹þ¿Õµ÷,2006-12-26,4.1501,4.1562,3.9848,4.0154,3884671,2.9652,859431372.8,1611996672,19.5956,
600202.SH,¹þ¿Õµ÷,2006-12-27,4.0093,4.1317,3.9787,4.0889,3189895,2.4348,875152678.4,1641484416,19.9541,
600202.SH,¹þ¿Õµ÷,2006-12-28,4.1256,4.1256,3.844,4.0705,4122779,3.1469,871222352,1634112480,19.8644,
600202.SH,¹þ¿Õµ÷,2006-12-29,4.0828,4.1501,4.0154,4.0277,4564419,3.484,862051590.4,1616911296,19.6553,
600202.SH,¹þ¿Õµ÷,2007-01-04,4.0277,4.0705,3.9053,3.9114,5511678,4.207,837159523.2,1570222368,19.0878,
600202.SH,¹þ¿Õµ÷,2007-01-05,3.8991,4.0154,3.8563,3.9787,3782288,2.887,851570720,1597252800,19.4164,
600202.SH,¹þ¿Õµ÷,2007-01-08,3.9848,4.2052,3.9848,4.1991,5474517,4.1787,898734636.8,1685716032,20.4917,
600202.SH,¹þ¿Õµ÷,2007-01-09,4.2725,4.3154,4.2174,4.2848,6761837,5.1613,917076160,1720118400,20.9099,
600202.SH,¹þ¿Õµ÷,2007-01-10,4.2909,4.4378,4.1807,4.4194,8722774,6.6581,945898553.6,1774179264,21.5671,
600202.SH,¹þ¿Õµ÷,2007-01-11,4.4317,4.7255,4.4194,4.499,11180287,8.5339,962929968,1806124320,21.9554,
600202.SH,¹þ¿Õµ÷,2007-01-12,4.4806,4.5725,4.2113,4.2236,6845847,5.2254,903975072,1695545280,20.6112,
600202.SH,¹þ¿Õµ÷,2007-01-15,4.1807,4.4072,4.1807,4.4011,5349794,4.0835,941968227.2,1766807328,21.4775,
600202.SH,¹þ¿Õµ÷,2007-01-16,4.4378,4.6643,4.4256,4.6214,8745158,6.6751,989132144,1855270560,22.5529,
600202.SH,¹þ¿Õµ÷,2007-01-17,4.6459,4.8295,4.4378,4.6031,11301405,8.6263,985201817.6,1847898624,22.4632,
600202.SH,¹þ¿Õµ÷,2007-01-18,4.6031,4.8051,4.5112,4.7928,7655581,5.8435,1025815190.4,1924075296,23.3893,
600202.SH,¹þ¿Õµ÷,2007-01-19,4.7928,5.1111,4.7928,5.0744,13882417,10.5964,1086080195.2,2037111648,24.7633,
600202.SH,¹þ¿Õµ÷,2007-01-22,5.2519,5.3743,5.0989,5.3009,11848390,9.0438,1134554220.8,2128032192,25.8686,
600202.SH,¹þ¿Õµ÷,2007-01-23,5.3254,5.356,5.0683,5.2274,10089674,7.7014,1118832915.2,2098544448,25.5101,
600202.SH,¹þ¿Õµ÷,2007-01-24,5.2029,5.5029,5.1172,5.4355,9768216,7.456,1163376614.4,2182093056,26.5258,
600202.SH,¹þ¿Õµ÷,2007-01-25,5.4294,5.4355,4.9581,4.9703,8907871,6.7993,1063808345.6,1995337344,24.2555,
600202.SH,¹þ¿Õµ÷,2007-01-26,4.8969,5.0193,4.6092,4.8724,8427185,6.4324,1042846604.8,1956020352,23.7776,
600202.SH,¹þ¿Õµ÷,2007-01-29,4.8663,5.0377,4.8663,4.9581,7279945,5.5567,1061188128,1990422720,24.1958,
600202.SH,¹þ¿Õµ÷,2007-01-30,5.0071,5.0193,4.7928,4.8479,6940801,5.2979,1037606169.6,1946191104,23.6581,
600202.SH,¹þ¿Õµ÷,2007-01-31,4.8479,4.9887,4.6888,4.7745,6392699,4.8795,1021884864,1916703360,23.2996,
600202.SH,¹þ¿Õµ÷,2007-02-01,4.701,4.9948,4.6949,4.9703,9335334,7.1256,1063808345.6,1995337344,24.2555,
600202.SH,¹þ¿Õµ÷,2007-02-02,5.0132,5.0132,4.7622,4.7683,4332306,3.3068,1020574755.2,1914246048,23.2698,
600202.SH,¹þ¿Õµ÷,2007-02-05,4.75,4.903,4.7316,4.8112,2550872,1.9471,1029745516.8,1931447232,23.4789,
600202.SH,¹þ¿Õµ÷,2007-02-06,4.8295,5.0683,4.8234,5.0621,5636866,4.3026,1083459977.6,2032197024,24.7036,
600202.SH,¹þ¿Õµ÷,2007-02-07,5.1111,5.1417,5.0009,5.0621,5530854,4.2217,1083459977.6,2032197024,24.7036,
600202.SH,¹þ¿Õµ÷,2007-02-08,5.0621,5.2397,5.0621,5.1723,5888907,4.495,1107041936,2076428640,25.2413,
600202.SH,¹þ¿Õµ÷,2007-02-09,5.1784,5.2029,5.0254,5.0866,4445124,3.3929,1088700412.8,2042026272,24.8231,
600202.SH,¹þ¿Õµ÷,2007-02-12,5.0866,5.2213,5.0866,5.1478,4068016,3.1051,1101801500.8,2066599392,25.1218,
600202.SH,¹þ¿Õµ÷,2007-02-13,5.1478,5.2641,5.1478,5.2213,4656602,3.5544,1117522806.4,2096087136,25.4803,
600202.SH,¹þ¿Õµ÷,2007-02-14,5.2703,5.4233,5.2213,5.3866,6139297,4.6861,1152895744,2162434560,26.2868,
600202.SH,¹þ¿Õµ÷,2007-02-15,5.3988,5.558,5.3866,5.5396,8241385,6.2906,1185648464,2223867360,27.0336,
600202.SH,¹þ¿Õµ÷,2007-02-16,5.5763,6.0966,5.5763,5.9926,15359575,11.7239,1282596515.2,2405708448,29.244,
600202.SH,¹þ¿Õµ÷,2007-02-26,5.8763,6.317,5.8456,6.1639,10295276,7.8583,1319279561.6,2474513184,30.0804,
600202.SH,¹þ¿Õµ÷,2007-02-27,6.1639,6.2129,5.5457,5.5457,9532233,7.2759,1186958572.8,2226324672,27.0634,
600202.SH,¹þ¿Õµ÷,2007-02-28,5.4355,5.6926,5.1907,5.6069,12607885,9.6235,1200059660.8,2250897792,27.3621,
600202.SH,¹þ¿Õµ÷,2007-03-01,5.6314,5.815,5.258,5.7171,10333783,7.8877,1223641619.2,2295129408,27.8998,
600202.SH,¹þ¿Õµ÷,2007-03-02,5.6008,6.2864,5.5886,6.2864,25446956,19.4235,1345481737.6,2523659424,30.6779,
600202.SH,¹þ¿Õµ÷,2007-03-05,6.5496,6.5496,5.9191,6.47,21747232,16.5996,1384785001.6,2597378784,31.574,
600202.SH,¹þ¿Õµ÷,2007-03-06,6.4272,6.4578,6.1701,6.317,7916361,6.0425,1352032281.6,2535945984,30.8272,
600202.SH,¹þ¿Õµ÷,2007-03-07,6.317,6.7148,6.3047,6.5618,8293831,6.3306,1404436633.6,2634238464,32.0221,
600202.SH,¹þ¿Õµ÷,2007-03-08,6.5802,6.7455,6.3843,6.5618,7172136,5.4745,1404436633.6,2634238464,32.0221,
600202.SH,¹þ¿Õµ÷,2007-03-09,6.5618,6.721,6.3353,6.4394,9285782,7.0878,1378234457.6,2585092224,31.4247,
600202.SH,¹þ¿Õµ÷,2007-03-12,6.4088,6.6659,6.3353,6.6598,7004658,5.3466,1425398374.4,2673555456,32.5,
600202.SH,¹þ¿Õµ÷,2007-03-13,6.672,6.8924,6.672,6.7638,7578972,5.785,1447670224,2715329760,33.0078,
600202.SH,¹þ¿Õµ÷,2007-03-14,6.672,6.7332,6.4272,6.5985,7243541,5.529,1412297286.4,2648982336,32.2013,
600202.SH,¹þ¿Õµ÷,2007-03-15,6.5557,6.7699,6.5496,6.7148,7043565,5.3763,1437189353.6,2695671264,32.7689,
600202.SH,¹þ¿Õµ÷,2007-03-16,6.7148,6.8556,6.4884,6.5251,9227615,7.0434,1396575980.8,2619494592,31.8428,
600202.SH,¹þ¿Õµ÷,2007-03-19,6.2435,6.5679,6.1211,6.47,5781010,4.4126,1384785001.6,2597378784,31.574,
600202.SH,¹þ¿Õµ÷,2007-03-20,6.4884,6.672,6.4884,6.519,3676719,2.8064,1395265872,2617037280,31.813,
600202.SH,¹þ¿Õµ÷,2007-03-21,6.5496,6.8434,6.5435,6.8128,6369409,4.8617,1458151094.4,2734988256,33.2468,
600202.SH,¹þ¿Õµ÷,2007-03-22,6.8618,7.027,6.7516,6.8556,8884889,6.7818,1467321856,2752189440,33.4559,
600202.SH,¹þ¿Õµ÷,2007-03-23,6.7944,6.9046,6.5496,6.721,5836448,4.4549,1438499462.4,2698128576,32.7987,
600202.SH,¹þ¿Õµ÷,2007-03-26,6.7332,7.1311,6.7332,6.9964,6854534,5.232,1497454358.4,2808707616,34.1429,
600202.SH,¹þ¿Õµ÷,2007-03-27,7.2229,7.2841,7.0087,7.1678,6152709,4.6963,1534137404.8,2877512352,26.9539,
600202.SH,¹þ¿Õµ÷,2007-03-28,7.2107,7.6146,6.7699,7.5963,14311309,10.9238,1625845020.8,3049524192,28.5651,
600202.SH,¹þ¿Õµ÷,2007-03-29,7.584,7.884,7.2719,7.3392,9826641,7.5006,1570820451.2,2946317088,27.5984,
600202.SH,¹þ¿Õµ÷,2007-03-30,7.2841,7.5534,7.2596,7.3453,5279002,4.0294,1572130560,2948774400,27.6214,
600202.SH,¹þ¿Õµ÷,2007-04-02,7.3637,7.5534,7.3453,7.4616,3785940,2.8898,1597022627.2,2995463328,28.0587,
600202.SH,¹þ¿Õµ÷,2007-04-03,7.4983,7.529,7.3453,7.4494,4545533,3.4696,1594402409.6,2990548704,28.0127,
600202.SH,¹þ¿Õµ÷,2007-04-04,7.4371,7.6391,7.4127,7.4983,5448857,4.1591,1604883280,3010207200,28.1968,
600202.SH,¹þ¿Õµ÷,2007-04-05,7.4983,7.7493,7.3453,7.7432,8984698,6.858,1657287632,3108499680,29.1175,
600202.SH,¹þ¿Õµ÷,2007-04-06,7.7677,7.9268,7.7003,7.8595,9818684,7.4946,1682179699.2,3155188608,29.5549,
600202.SH,¹þ¿Õµ÷,2007-04-09,7.9452,7.988,7.7922,7.8656,6235590,4.7596,1683489808,3157645920,29.5779,
600202.SH,¹þ¿Õµ÷,2007-04-10,7.8656,7.8656,7.5228,7.7003,7200664,5.4962,1648116870.4,3091298496,28.9564,
600202.SH,¹þ¿Õµ÷,2007-04-11,7.7248,7.884,7.5963,7.7677,5938269,4.5327,1662528067.2,3118328928,29.2096,
600202.SH,¹þ¿Õµ÷,2007-04-12,7.7677,7.9329,7.6514,7.9146,8224546,6.2778,1693970678.4,3177304416,29.762,
600202.SH,¹þ¿Õµ÷,2007-04-13,7.8534,8.1105,7.7187,7.786,9680004,7.3887,1666458393.6,3125700864,29.2787,
600202.SH,¹þ¿Õµ÷,2007-04-16,7.7493,7.8962,7.7432,7.8411,6613317,5.0479,1678249372.8,3147816672,29.4858,
600202.SH,¹þ¿Õµ÷,2007-04-17,7.8717,8.0186,7.6514,8.0003,8555996,6.5308,1712312201.6,3211706784,30.0843,
600202.SH,¹þ¿Õµ÷,2007-04-18,8.0186,8.19,7.835,8.1778,11169692,8.5258,1750305356.8,3282968832,30.7518,
600202.SH,¹þ¿Õµ÷,2007-04-19,8.1411,8.1411,7.3576,7.4739,9131216,6.9698,1599642844.8,3000377952,28.1048,
600202.SH,¹þ¿Õµ÷,2007-04-20,7.5106,7.8044,7.5106,7.7309,6080239,4.641,1654667414.4,3103585056,29.0715,
600202.SH,¹þ¿Õµ÷,2007-04-23,7.8289,8.1227,7.8289,8.0554,7903501,6.0327,1724103180.8,3233822592,30.2915,
600202.SH,¹þ¿Õµ÷,2007-04-24,8.1288,8.6614,7.9574,8.4043,11684054,8.9184,1798779382.4,3373889376,31.5584,
600202.SH,¹þ¿Õµ÷,2007-04-25,8.4226,8.5695,8.037,8.3737,7009809,5.3506,1792228838.4,3361602816,31.4435,
600202.SH,¹þ¿Õµ÷,2007-04-26,8.3614,8.4471,8.2268,8.4043,5206917,3.9744,1798779382.4,3373889376,31.5584,
600202.SH,¹þ¿Õµ÷,2007-04-27,8.4471,8.6124,8.2696,8.3798,5668267,4.3266,1793538947.2,3364060128,31.4665,
600202.SH,¹þ¿Õµ÷,2007-04-30,8.2635,8.4471,8.1288,8.2512,6564876,5.0109,1766026662.4,3312456576,30.9838,
600202.SH,¹þ¿Õµ÷,2007-05-08,8.3737,8.7164,8.2941,8.6614,8774673,6.6977,1853803952,3477096480,32.5238,
600202.SH,¹þ¿Õµ÷,2007-05-09,8.692,8.8266,8.1411,8.5512,8158333,6.2272,1830221993.6,3432864864,32.1101,
600202.SH,¹þ¿Õµ÷,2007-05-10,8.692,9.1327,8.6307,8.9919,11390710,8.6945,1924549827.2,3609791328,33.765,
600202.SH,¹þ¿Õµ÷,2007-05-11,8.9062,8.9368,8.5695,8.7042,10118934,7.7237,1862974713.6,3494297664,32.6847,
600202.SH,¹þ¿Õµ÷,2007-05-14,8.6246,8.9246,8.5206,8.7287,8634942,6.591,1868215148.8,3504126912,32.7766,
600202.SH,¹þ¿Õµ÷,2007-05-15,8.8266,8.845,8.1472,8.2084,11183215,8.5361,1756855900.8,3295255392,30.8229,
600202.SH,¹þ¿Õµ÷,2007-05-16,8.1962,8.3553,7.9635,8.3431,9442189,7.2072,1785678294.4,3349316256,31.3286,
600202.SH,¹þ¿Õµ÷,2007-05-17,8.3981,8.5695,8.3431,8.49,6907663,5.2726,1817120905.6,3408291744,31.8802,
600202.SH,¹þ¿Õµ÷,2007-05-18,8.4532,8.692,8.3247,8.5512,6934416,5.293,1830221993.6,3432864864,32.1101,
600202.SH,¹þ¿Õµ÷,2007-05-21,8.1717,8.6736,8.1105,8.594,8793599,6.7121,1839392755.2,3450066048,32.271,
600202.SH,¹þ¿Õµ÷,2007-05-22,8.6552,9.1143,8.5757,8.9613,14883388,11.3604,1917999283.2,3597504768,33.6501,
600202.SH,¹þ¿Õµ÷,2007-05-23,9.855,9.855,9.7325,9.855,20445594,15.606,2109275168,3956272320,37.0059,
600202.SH,¹þ¿Õµ÷,2007-05-24,9.2,9.7693,9.0592,9.4081,20991657,16.0228,2013637225.6,3776888544,35.328,
600202.SH,¹þ¿Õµ÷,2007-05-25,9.4081,9.7081,9.2306,9.4632,11593947,8.8496,2025428204.8,3799004352,35.5348,
600202.SH,¹þ¿Õµ÷,2007-05-28,9.5183,9.6713,9.3653,9.4999,11138457,8.5019,2033288857.6,3813748224,35.6727,
600202.SH,¹þ¿Õµ÷,2007-05-29,9.5183,9.5918,9.3653,9.5795,10971636,8.3746,2050320272,3845693280,35.9715,
600202.SH,¹þ¿Õµ÷,2007-05-30,8.998,9.4081,8.6246,8.6246,12047380,9.1957,1845943299.2,3462352608,32.3859,
600202.SH,¹þ¿Õµ÷,2007-05-31,8.3798,8.5328,7.7616,8.1349,11943141,9.1161,1741134595.2,3265767648,30.5471,
600202.SH,¹þ¿Õµ÷,2007-06-01,8.2268,8.4471,7.4065,7.5228,9682794,7.3908,1610123715.2,3020036448,28.2486,
600202.SH,¹þ¿Õµ÷,2007-06-04,7.6881,8.0798,7.4677,7.6146,15316288,11.6909,1629775347.2,3056896128,28.5933,
600202.SH,¹þ¿Õµ÷,2007-06-05,7.7371,8.3737,7.5902,8.3737,13329000,10.174,1792228838.4,3361602816,31.4435,
600202.SH,¹þ¿Õµ÷,2007-06-06,8.5695,8.8695,8.2635,8.5389,13324944,10.1709,1827601776,3427950240,32.0641,
600202.SH,¹þ¿Õµ÷,2007-06-07,8.5451,8.8634,8.4349,8.7777,9491583,7.2449,1878696019.2,3523785408,32.9605,
600202.SH,¹þ¿Õµ÷,2007-06-08,8.7532,9.1694,8.6307,8.9184,10150110,7.7475,1908828521.6,3580303584,33.4892,
600202.SH,¹þ¿Õµ÷,2007-06-11,8.8327,9.3592,8.8327,9.2612,11552038,8.8176,1982194614.4,3717913056,34.7763,
600202.SH,¹þ¿Õµ÷,2007-06-12,9.353,10.1855,9.2,9.9958,16017519,12.2261,2139407670.4,4012790496,37.5345,
600202.SH,¹þ¿Õµ÷,2007-06-13,10.0998,10.1121,9.7938,9.8917,11261109,8.5956,2117135820.8,3971016192,37.1438,
600202.SH,¹þ¿Õµ÷,2007-06-14,9.7999,10.1916,9.5795,9.7448,8729949,6.6635,2085693209.6,3912040704,36.5921,
600202.SH,¹þ¿Õµ÷,2007-06-15,9.6958,9.9101,9.4755,9.7142,7622345,5.8181,2079142665.6,3899754144,36.4772,
600202.SH,¹þ¿Õµ÷,2007-06-18,9.9223,10.2834,9.8795,9.8978,8770950,6.6948,2118445929.6,3973473504,37.1668,
600202.SH,¹þ¿Õµ÷,2007-06-19,9.7938,10.008,9.5367,9.7938,6095617,4.6528,2096174080,3931699200,36.776,
600202.SH,¹þ¿Õµ÷,2007-06-20,9.8733,10.2834,9.7815,10.0264,12417522,9.4782,2145958214.4,4025077056,37.6494,
600202.SH,¹þ¿Õµ÷,2007-06-21,10.1304,10.7119,10.1121,10.5589,15623259,11.9252,2259937680,4238863200,39.6491,
600202.SH,¹þ¿Õµ÷,2007-06-22,10.565,10.5834,9.5061,9.5489,12530716,9.5646,2043769728,3833406720,35.8566,
600202.SH,¹þ¿Õµ÷,2007-06-25,9.5489,9.5489,9.5489,9.5489,--,--,2043769728,3833406720,35.8566,
600202.SH,¹þ¿Õµ÷,2007-06-26,8.6307,9.151,8.594,9.1082,9817853,7.4939,1949441894.4,3656480256,34.2017,
600202.SH,¹þ¿Õµ÷,2007-06-27,9.6713,9.959,9.4755,9.855,9806000,7.4849,2109275168,3956272320,37.0059,
600202.SH,¹þ¿Õµ÷,2007-06-28,9.8244,9.8795,9.0715,9.1082,6222022,4.7492,1949441894.4,3656480256,34.2017,
600202.SH,¹þ¿Õµ÷,2007-06-29,8.692,9.4755,8.6307,9.1327,6045445,4.6145,1954682329.6,3666309504,34.2936,
600202.SH,¹þ¿Õµ÷,2007-07-02,9.1327,9.604,9.0653,9.4265,5735790,4.3781,2017567552,3784260480,35.3969,
600202.SH,¹þ¿Õµ÷,2007-07-03,9.5183,9.5856,9.1388,9.4387,3027714,2.311,2020187769.6,3789175104,35.4429,
600202.SH,¹þ¿Õµ÷,2007-07-04,9.4326,9.8244,9.1878,9.4877,5824523,4.4458,2030668640,3808833600,35.6268,
600202.SH,¹þ¿Õµ÷,2007-07-05,9.2429,9.4693,8.6797,8.7287,4626905,3.5317,1868215148.8,3504126912,32.7766,
600202.SH,¹þ¿Õµ÷,2007-07-06,8.6797,9.1816,8.2023,9.1388,7005471,5.3472,1955992438.4,3668766816,34.3166,
600202.SH,¹þ¿Õµ÷,2007-07-09,9.1816,9.451,8.998,9.3163,4662845,3.5591,1993985593.6,3740028864,34.9832,
600202.SH,¹þ¿Õµ÷,2007-07-10,9.3041,9.3653,8.894,8.9674,2998333,2.2886,1919309392,3599962080,33.673,
600202.SH,¹þ¿Õµ÷,2007-07-11,8.998,9.1388,8.8878,9.0653,1831030,1.3976,1940271132.8,3639279072,34.0408,
600202.SH,¹þ¿Õµ÷,2007-07-12,9.1816,9.402,9.0776,9.3224,3559379,2.7169,1995295702.4,3742486176,35.0062,
600202.SH,¹þ¿Õµ÷,2007-07-13,9.3836,9.7264,9.2735,9.6224,6438165,4.9142,2059491033.6,3862894464,36.1324,
600202.SH,¹þ¿Õµ÷,2007-07-16,9.6713,9.8427,9.3102,9.3163,5114565,3.9039,1993985593.6,3740028864,34.9832,
600202.SH,¹þ¿Õµ÷,2007-07-17,9.1816,9.5918,8.9919,9.4449,2847759,2.1737,2021497878.4,3791632416,35.4659,
600202.SH,¹þ¿Õµ÷,2007-07-18,9.4877,9.7203,9.2367,9.5795,3522583,2.6888,2050320272,3845693280,35.9715,
600202.SH,¹þ¿Õµ÷,2007-07-19,9.555,9.8488,9.555,9.8244,5802340,4.4289,2102724624,3943985760,36.8909,
600202.SH,¹þ¿Õµ÷,2007-07-20,9.8611,10.1304,9.7019,10.0325,6514421,4.9724,2147268323.2,4027534368,37.6724,
600202.SH,¹þ¿Õµ÷,2007-07-23,10.0019,10.5283,10.0019,10.4242,8397055,6.4094,2231115286.4,4184802336,39.1435,
600202.SH,¹þ¿Õµ÷,2007-07-24,10.4365,10.7731,10.3202,10.4793,8199142,6.2584,2242906265.6,4206918144,39.3503,
600202.SH,¹þ¿Õµ÷,2007-07-25,10.4548,11.2261,10.4365,10.9874,8954364,6.8348,2351645296,4410875040,41.2581,
600202.SH,¹þ¿Õµ÷,2007-07-26,10.8956,11.1282,10.8405,11.0425,5087135,3.883,2363436275.2,4432990848,41.465,
600202.SH,¹þ¿Õµ÷,2007-07-27,10.8956,11.0547,10.7609,10.9935,5389605,4.1139,2352955404.8,4413332352,41.2811,
600202.SH,¹þ¿Õµ÷,2007-07-30,10.9568,11.6056,10.9568,11.2077,5686707,4.3406,2398809212.8,4499338272,42.0855,
600202.SH,¹þ¿Õµ÷,2007-07-31,11.1098,11.1832,10.5895,11.018,5828796,4.4491,2358195840,4423161600,27.0279,
600202.SH,¹þ¿Õµ÷,2007-08-01,11.0241,11.2016,10.3324,10.3569,6883671,5.2543,2216704089.6,4157771904,25.4062,
600202.SH,¹þ¿Õµ÷,2007-08-02,10.3324,10.9384,10.3324,10.7303,5866251,4.4777,2296620726.4,4307667936,26.3222,
600202.SH,¹þ¿Õµ÷,2007-08-03,10.8037,11.1282,10.8037,11.018,6047371,4.6159,2358195840,4423161600,27.0279,
600202.SH,¹þ¿Õµ÷,2007-08-06,11.1465,11.5995,11.0853,11.3791,7724313,5.8959,2435492259.2,4568143008,27.9138,
600202.SH,¹þ¿Õµ÷,2007-08-07,11.4158,11.4281,11.0914,11.1343,5631303,4.2983,2383087907.2,4469850528,27.3132,
600202.SH,¹þ¿Õµ÷,2007-08-08,11.4587,12.2483,11.4587,12.2483,22322037,17.0383,2621527708.8,4917081312,30.046,
600202.SH,¹þ¿Õµ÷,2007-08-09,12.5972,12.7931,12.0035,12.181,12906771,9.8517,2607116512,4890050880,29.8809,
600202.SH,¹þ¿Õµ÷,2007-08-10,12.1932,12.23,11.4403,12.0402,7650036,5.8392,2576984009.6,4833532704,29.5355,
600202.SH,¹þ¿Õµ÷,2007-08-13,12.1198,12.5972,11.6607,12.4564,7001537,5.3442,2666071408,5000629920,30.5566,
600202.SH,¹þ¿Õµ÷,2007-08-14,12.4752,12.5501,12.0506,12.2566,3795278,2.8969,2571743574.4,4823703456,29.4754,
600202.SH,¹þ¿Õµ÷,2007-08-15,12.2379,12.3565,11.9132,12.1255,3499259,2.671,2544231289.6,4772099904,29.1601,
600202.SH,¹þ¿Õµ÷,2007-08-16,12.0194,12.0818,11.651,11.7883,4989680,3.8086,2473485414.4,4639405056,28.3493,
600202.SH,¹þ¿Õµ÷,2007-08-17,11.7384,11.9881,11.6135,11.7259,3005606,2.2942,2460384326.4,4614831936,28.1991,
600202.SH,¹þ¿Õµ÷,2007-08-20,12.0506,12.4252,11.882,12.344,5014626,3.8276,2590085097.6,4858105824,29.6857,
600202.SH,¹þ¿Õµ÷,2007-08-21,12.6125,13.3306,12.6125,12.6625,5892762,4.4979,2656900646.4,4983428736,30.4514,
600202.SH,¹þ¿Õµ÷,2007-08-22,12.3628,13.112,12.2254,12.8498,5622940,4.292,2696203910.4,5057148096,30.9019,
600202.SH,¹þ¿Õµ÷,2007-08-23,12.9872,12.9872,12.5813,12.7499,2954861,2.2554,2675242169.6,5017831104,30.6617,
600202.SH,¹þ¿Õµ÷,2007-08-24,12.7686,12.9684,12.7124,12.8311,3085897,2.3555,2692273584,5049776160,30.8569,
600202.SH,¹þ¿Õµ÷,2007-08-27,12.9872,13.2369,12.5376,12.6188,4187995,3.1967,2647729884.8,4966227552,30.3463,
600202.SH,¹þ¿Õµ÷,2007-08-28,12.7187,12.7187,12.163,12.3878,3726279,2.8443,2599255859.2,4875307008,29.7908,
600202.SH,¹þ¿Õµ÷,2007-08-29,12.3003,12.4627,11.9881,12.113,2798680,2.1362,2541611072,4767185280,29.1301,
600202.SH,¹þ¿Õµ÷,2007-08-30,12.3003,12.881,12.1942,12.8061,3749746,2.8622,2687033148.8,5039946912,30.7968,
600202.SH,¹þ¿Õµ÷,2007-08-31,12.8061,12.8061,12.4065,12.6375,3058251,2.3343,2651660211.2,4973599488,30.3914,
600202.SH,¹þ¿Õµ÷,2007-09-03,12.6937,13.0309,12.4877,12.881,4409264,3.3656,2702754454.4,5069434656,30.977,
600202.SH,¹þ¿Õµ÷,2007-09-04,12.8873,13.5366,12.6375,13.2432,7385247,5.6371,2778740764.8,5211958752,31.8479,
600202.SH,¹þ¿Õµ÷,2007-09-05,13.2244,13.8925,13.1433,13.6428,4056551,2.8309,3131049064,5369226720,32.8089,
600202.SH,¹þ¿Õµ÷,2007-09-06,13.7552,13.8613,13.4242,13.443,2861850,1.9971,3085193883.2,5290592736,32.3284,
600202.SH,¹þ¿Õµ÷,2007-09-07,13.2307,13.4055,12.8498,12.9372,4438532,3.0974,2969122956.8,5091550464,31.1121,
600202.SH,¹þ¿Õµ÷,2007-09-10,12.7998,13.9799,12.7062,13.7989,5153002,3.596,3166873424,5430659520,33.1843,
600202.SH,¹þ¿Õµ÷,2007-09-11,13.8363,14.4108,12.9247,13.0933,6759240,4.7169,3004947316.8,5152983264,31.4875,
600202.SH,¹þ¿Õµ÷,2007-09-12,13.162,14.0486,13.162,13.93,6392236,4.4608,3196965886.4,5482263072,33.4996,
600202.SH,¹þ¿Õµ÷,2007-09-13,14.0986,14.6605,13.93,14.5169,5671695,3.958,3331665480,5713250400,34.9111,
600202.SH,¹þ¿Õµ÷,2007-09-14,14.673,14.7354,14.136,14.6168,4497905,3.1389,3354593070.4,5752567392,35.1513,
600202.SH,¹þ¿Õµ÷,2007-09-17,14.5918,15.9592,14.4357,15.5222,4869027,3.3978,3562374358.4,6108877632,37.3285,
600202.SH,¹þ¿Õµ÷,2007-09-18,15.5971,16.0903,15.2974,15.953,3279640,2.2887,3661249592,6278432160,38.3646,
600202.SH,¹þ¿Õµ÷,2007-09-19,15.9218,15.953,14.9852,15.0788,3087468,2.1546,3460633176,5934408480,36.2624,
600202.SH,¹þ¿Õµ÷,2007-09-20,14.9914,15.3348,14.5856,15.3036,4430410,3.0918,3512220254.4,6022871712,36.803,
600202.SH,¹þ¿Õµ÷,2007-09-21,15.3348,15.416,14.417,14.7667,2381041,1.6616,3388984456,5811542880,35.5117,
600202.SH,¹þ¿Õµ÷,2007-09-24,14.6792,15.1101,14.1111,14.954,2708975,1.8905,3431973688,5885262240,35.9621,
600202.SH,¹þ¿Õµ÷,2007-09-25,14.8915,14.9352,14.2547,14.3546,1672985,1.1675,3294408145.6,5649360288,34.5206,
600202.SH,¹þ¿Õµ÷,2007-09-26,14.3296,14.6855,14.2047,14.2609,1323984,0.9239,3272913529.6,5612500608,34.2954,
600202.SH,¹þ¿Õµ÷,2007-09-27,14.3296,14.673,14.1797,14.4669,1884805,1.3153,3320201684.8,5693591904,34.7909,
600202.SH,¹þ¿Õµ÷,2007-09-28,14.5793,15.2225,14.5793,14.9977,2897001,2.0217,3442004508.8,5902463424,36.0672,
600202.SH,¹þ¿Õµ÷,2007-10-08,15.4722,15.4722,15.0039,15.0414,2306942,1.6099,3452035329.6,5919664608,36.1724,
600202.SH,¹þ¿Õµ÷,2007-10-09,14.9852,15.2974,14.6792,15.1663,1306970,0.9121,3480694817.6,5968810848,36.4727,
600202.SH,¹þ¿Õµ÷,2007-10-10,15.1725,15.3348,14.2984,14.3983,3193885,2.2289,3304438966.4,5666561472,34.6258,
600202.SH,¹þ¿Õµ÷,2007-10-11,15.3286,15.6096,14.879,15.2412,4386872,3.0614,3497890510.4,5998298592,36.6529,
600202.SH,¹þ¿Õµ÷,2007-10-12,15.2349,15.2974,14.0986,15.0102,3684739,2.5714,3444870457.6,5907378048,36.0973,
600202.SH,¹þ¿Õµ÷,2007-10-15,15.0476,15.1725,14.7417,14.9227,3123472,2.1797,3424808816,5872975680,35.8871,
600202.SH,¹þ¿Õµ÷,2007-10-16,14.9227,15.9405,14.7417,15.8094,4722678,3.2957,3628291180.8,6221913984,38.0193,
600202.SH,¹þ¿Õµ÷,2007-10-17,15.5971,15.9218,15.2974,15.6221,2146778,1.4981,3585301948.8,6148194624,37.5688,
600202.SH,¹þ¿Õµ÷,2007-10-18,15.5784,15.6221,14.9914,15.0726,2076998,1.4494,3459200201.6,5931951168,36.2474,
600202.SH,¹þ¿Õµ÷,2007-10-19,15.1288,15.3036,14.7354,14.7667,1383467,0.9655,3388984456,5811542880,35.5117,
600202.SH,¹þ¿Õµ÷,2007-10-22,14.4232,14.698,13.7989,13.8176,1859446,1.2976,3171172347.2,5438031456,33.2293,
600202.SH,¹þ¿Õµ÷,2007-10-23,13.7989,14.4794,13.7739,14.3233,1917397,1.3381,3287243273.6,5637073728,34.4456,
600202.SH,¹þ¿Õµ÷,2007-10-24,14.4857,14.5419,13.9237,13.9362,1511660,1.0549,3198398860.8,5484720384,33.5146,
600202.SH,¹þ¿Õµ÷,2007-10-25,13.8613,13.8613,12.5501,12.6812,2742072,1.9136,2910371006.4,4990800672,30.4965,
600202.SH,¹þ¿Õµ÷,2007-10-26,12.6,12.9372,12.2254,12.8373,1690036,1.1794,2946195366.4,5052233472,30.8719,
600202.SH,¹þ¿Õµ÷,2007-10-29,12.8997,13.2931,12.7374,13.2869,1243465,0.8678,3049369523.2,5229159936,31.953,
600202.SH,¹þ¿Õµ÷,2007-10-30,13.4242,13.9737,13.0621,13.9237,1679427,1.172,3195532912,5479805760,33.4846,
600202.SH,¹þ¿Õµ÷,2007-10-31,14.1485,14.3296,13.7427,14.0736,2384094,1.6637,3229924297.6,5538781248,26.7504,
600202.SH,¹þ¿Õµ÷,2007-11-01,13.8613,14.0673,13.3618,13.443,1466238,1.0232,3085193883.2,5290592736,25.5517,
600202.SH,¹þ¿Õµ÷,2007-11-02,13.112,13.1433,12.4127,12.5251,2481229,1.7315,2874546646.4,4929367872,23.8071,
600202.SH,¹þ¿Õµ÷,2007-11-05,12.6687,13.0309,12.4315,12.6625,1347870,0.9406,2906072083.2,4983428736,24.0682,
600202.SH,¹þ¿Õµ÷,2007-11-06,12.8498,13.0496,12.5626,12.9185,944788,0.6593,2964824033.6,5084178528,24.5548,
600202.SH,¹þ¿Õµ÷,2007-11-07,12.9372,13.2369,12.7062,12.9122,1314719,0.9175,2963391059.2,5081721216,24.5429,
600202.SH,¹þ¿Õµ÷,2007-11-08,12.7686,12.8311,12.0631,12.1005,1779649,1.2419,2777104387.2,4762270656,23.0001,
600202.SH,¹þ¿Õµ÷,2007-11-09,12.0818,12.2254,11.7446,11.882,1316845,0.919,2726950283.2,4676264736,22.5847,
600202.SH,¹þ¿Õµ÷,2007-11-12,11.5573,11.8321,11.0266,11.4699,1662229,1.16,2632373972.8,4514082144,21.8014,
600202.SH,¹þ¿Õµ÷,2007-11-13,11.7384,11.9881,11.4949,11.8133,2289474,1.5977,2711187564.8,4649234304,22.4542,
600202.SH,¹þ¿Õµ÷,2007-11-14,11.9382,12.2691,11.7759,12.138,1081834,0.755,2785702233.6,4777014528,23.0713,
600202.SH,¹þ¿Õµ÷,2007-11-15,12.1755,12.1755,11.7009,11.7072,1091687,0.7618,2686827000,4607460000,22.2524,
600202.SH,¹þ¿Õµ÷,2007-11-16,11.6947,11.6947,11.3013,11.6073,938112,0.6547,2663899409.6,4568143008,22.0625,
600202.SH,¹þ¿Õµ÷,2007-11-19,11.6323,12.1068,11.6323,12.0443,887369,0.6192,2764207617.6,4740154848,22.8933,
600202.SH,¹þ¿Õµ÷,2007-11-20,11.8945,12.5626,11.8695,12.4939,1725185,1.2039,2867381774.4,4917081312,23.7478,
600202.SH,¹þ¿Õµ÷,2007-11-21,12.5501,12.6125,12.2067,12.2816,999346,0.6974,2818660644.8,4833532704,23.3443,
600202.SH,¹þ¿Õµ÷,2007-11-22,12.0381,12.1755,11.7883,11.8258,872213,0.6087,2714053513.6,4654148928,22.4779,
600202.SH,¹þ¿Õµ÷,2007-11-23,11.7883,12.1692,11.5511,12.1567,583210,0.407,2790001156.8,4784386464,23.1069,
600202.SH,¹þ¿Õµ÷,2007-11-26,12.394,12.4564,11.932,11.9382,851529,0.5942,2739847052.8,4698380544,22.6915,
600202.SH,¹þ¿Õµ÷,2007-11-27,11.9757,12.0693,11.7384,11.7634,579161,0.4042,2699723769.6,4629575808,22.3592,
600202.SH,¹þ¿Õµ÷,2007-11-28,12.0069,12.0069,11.5511,11.6323,648156,0.4523,2669631307.2,4577972256,22.11,
600202.SH,¹þ¿Õµ÷,2007-11-29,11.7696,12.113,11.651,12.0631,943922,0.6587,2768506540.8,4747526784,22.9289,
600202.SH,¹þ¿Õµ÷,2007-11-30,12.0568,12.0568,11.7384,11.7883,578204,0.4035,2705455667.2,4639405056,22.4067,
600202.SH,¹þ¿Õµ÷,2007-12-03,11.6447,12.113,11.6447,12.0319,543380,0.3792,2761341668.8,4735240224,22.8695,
600202.SH,¹þ¿Õµ÷,2007-12-04,12.0506,12.3128,12.0319,12.113,572039,0.3992,2779970336,4767185280,23.0238,
600202.SH,¹þ¿Õµ÷,2007-12-05,12.1755,12.4002,12.0568,12.3753,1071750,0.7479,2840155260.8,4870392384,23.5223,
600202.SH,¹þ¿Õµ÷,2007-12-06,12.3753,12.4564,12.1755,12.3503,878481,0.613,2834423363.2,4860563136,23.4748,
600202.SH,¹þ¿Õµ÷,2007-12-07,12.394,12.5501,12.2129,12.5376,1729032,1.2066,2877412595.2,4934282496,23.8309,
600202.SH,¹þ¿Õµ÷,2007-12-10,12.3628,13.1058,12.2754,13.0309,2087130,1.4565,2990617572.8,5128410144,24.7684,
600202.SH,¹þ¿Õµ÷,2007-12-11,13.0434,13.2994,12.7437,13.137,1674839,1.1688,3014978137.6,5170184448,24.9702,
600202.SH,¹þ¿Õµ÷,2007-12-12,12.9622,13.2057,12.8123,13.0558,1252408,0.874,2996349470.4,5138239392,24.8159,
600202.SH,¹þ¿Õµ÷,2007-12-13,13.0996,13.6677,12.9872,13.0309,3170743,2.2127,2990617572.8,5128410144,24.7684,
600202.SH,¹þ¿Õµ÷,2007-12-14,12.8061,13.3618,12.4752,13.2369,1213882,0.8471,3037905728,5209501440,25.1601,
600202.SH,¹þ¿Õµ÷,2007-12-17,13.3618,13.5366,13.0558,13.162,1595080,1.1131,3020710035.2,5180013696,25.0176,
600202.SH,¹þ¿Õµ÷,2007-12-18,12.9247,13.2369,12.9247,12.9372,830090,0.5793,2969122956.8,5091550464,24.5904,
600202.SH,¹þ¿Õµ÷,2007-12-19,13.1058,13.3493,12.9872,13.3056,1414884,0.9874,3053668446.4,5236531872,25.2906,
600202.SH,¹þ¿Õµ÷,2007-12-20,13.4117,13.674,13.2681,13.5429,2347129,1.6379,3108121473.6,5329909728,25.7416,
600202.SH,¹þ¿Õµ÷,2007-12-21,13.5491,13.7864,13.4367,13.699,1734249,1.2102,3143945833.6,5391342528,26.0383,
600202.SH,¹þ¿Õµ÷,2007-12-24,13.9862,14.4295,13.7364,13.7739,4991660,3.4834,3161141526.4,5420830272,26.1807,
600202.SH,¹þ¿Õµ÷,2007-12-25,13.7239,14.0424,13.5116,13.6553,2726870,1.9029,3133915012.8,5374141344,25.9552,
600202.SH,¹þ¿Õµ÷,2007-12-26,13.5928,14.2547,13.5554,14.2359,4086678,2.8519,3267181632,5602671360,27.0589,
600202.SH,¹þ¿Õµ÷,2007-12-27,14.3296,14.3296,14.0549,14.1797,2993775,2.0892,3254284862.4,5580555552,26.9521,
600202.SH,¹þ¿Õµ÷,2007-12-28,14.2671,14.2671,13.112,13.7364,3392261,2.3673,3152543680,5406086400,26.1095,
600202.SH,¹þ¿Õµ÷,2008-01-02,13.7364,14.0736,13.5991,14.0549,2868909,2.0021,3225625374.4,5531409312,26.7148,
600202.SH,¹þ¿Õµ÷,2008-01-03,14.1111,14.9914,13.7864,14.7542,6428008,4.4858,3386118507.2,5806628256,28.044,
600202.SH,¹þ¿Õµ÷,2008-01-04,14.7229,15.21,14.6106,14.9914,5869388,4.0959,3440571534.4,5900006112,28.495,
600202.SH,¹þ¿Õµ÷,2008-01-07,15.1413,16.2964,15.1413,16.0591,8602508,6.0033,3685610156.8,6320206464,30.5244,
600202.SH,¹þ¿Õµ÷,2008-01-08,16.0841,16.9333,15.9904,16.2277,11667335,8.142,3724300465.6,6386553888,30.8448,
600202.SH,¹þ¿Õµ÷,2008-01-09,16.4213,16.7647,15.8281,16.7272,4039980,2.8193,3838938417.6,6583138848,31.7943,
600202.SH,¹þ¿Õµ÷,2008-01-10,16.8271,17.3266,16.6086,16.7522,3884845,2.711,3844670315.2,6592968096,31.8417,
600202.SH,¹þ¿Õµ÷,2008-01-11,16.5961,17.1081,16.39,16.7897,3883885,2.7104,3853268161.6,6607711968,31.9129,
600202.SH,¹þ¿Õµ÷,2008-01-14,16.6898,16.9832,15.9218,16.2964,4764402,3.3248,3740063184,6413584320,30.9754,
600202.SH,¹þ¿Õµ÷,2008-01-15,16.2714,16.4712,16.1028,16.209,4415679,3.0815,3720001542.4,6379181952,30.8092,
600202.SH,¹þ¿Õµ÷,2008-01-16,16.2901,16.6523,15.7657,16.6023,5171785,3.6091,3810278929.6,6533992608,31.5569,
600202.SH,¹þ¿Õµ÷,2008-01-17,16.721,16.721,15.1413,15.5721,4169514,2.9097,3573838153.6,6128536128,29.5987,
600202.SH,¹þ¿Õµ÷,2008-01-18,15.4847,15.672,15.1725,15.4784,2565285,1.7902,3552343537.6,6091676448,29.4207,
600202.SH,¹þ¿Õµ÷,2008-01-21,15.5471,15.8905,14.7229,14.7417,3037183,2.1195,3383252558.4,5801713632,28.0202,
600202.SH,¹þ¿Õµ÷,2008-01-22,14.4232,14.5169,13.2681,13.2994,4462386,3.1141,3052235472,5234074560,25.2787,
600202.SH,¹þ¿Õµ÷,2008-01-23,13.4242,14.6293,13.4242,14.6293,5238558,3.6557,3357459019.2,5757482016,27.8066,
600202.SH,¹þ¿Õµ÷,2008-01-24,14.7979,15.4847,14.6293,14.9165,3341431,2.3318,3423375841.6,5870518368,28.3525,
600202.SH,¹þ¿Õµ÷,2008-01-25,14.9852,15.9904,14.7042,15.6907,4348586,3.0347,3601064667.2,6175225056,29.8242,
600202.SH,¹þ¿Õµ÷,2008-01-28,15.6907,16.5774,15.4847,15.6096,5054511,3.5273,3582436000,6143280000,29.6699,
600202.SH,¹þ¿Õµ÷,2008-01-29,15.9717,16.5461,15.7344,16.3651,4094619,2.8574,3755825902.4,6440614752,31.1059,
600202.SH,¹þ¿Õµ÷,2008-01-30,16.5461,17.1331,15.9842,16.1278,4426635,3.0891,3701372875.2,6347236896,30.6549,
600202.SH,¹þ¿Õµ÷,2008-01-31,16.3588,16.3588,15.4847,15.4972,2210469,1.5426,3556642460.8,6099048384,29.4563,
600202.SH,¹þ¿Õµ÷,2008-02-01,15.4098,15.6096,14.6792,15.4285,2553770,1.7821,3540879742.4,6072017952,29.3257,
600202.SH,¹þ¿Õµ÷,2008-02-04,16.0154,16.8209,15.672,16.7959,2448835,1.7089,3854701136,6610169280,31.9248,
600202.SH,¹þ¿Õµ÷,2008-02-05,16.671,17.0269,16.1778,16.5274,1904257,1.3289,3793083236.8,6504504864,31.4145,
600202.SH,¹þ¿Õµ÷,2008-02-13,16.2027,17.1081,15.953,17.0207,2715873,1.8953,3906288214.4,6698632512,32.352,
600202.SH,¹þ¿Õµ÷,2008-02-14,17.4827,17.6575,16.8583,17.3828,3136015,2.1885,3989400729.6,6841156608,33.0404,
600202.SH,¹þ¿Õµ÷,2008-02-15,17.1705,18.0821,16.9895,17.67,4820699,3.3641,4055317552,6954192960,33.5863,
600202.SH,¹þ¿Õµ÷,2008-02-18,17.9697,18.5254,17.9635,18.3381,6763817,4.7201,4208645812.8,7217125344,34.8562,
600202.SH,¹þ¿Õµ÷,2008-02-19,18.5941,18.5941,17.7013,17.8511,5612187,3.9165,4096873809.6,7025455008,33.9305,
600202.SH,¹þ¿Õµ÷,2008-02-20,17.9822,18.5129,17.0457,18.0322,8614361,6.0115,4138430067.2,7096717056,34.2747,
600202.SH,¹þ¿Õµ÷,2008-02-21,17.67,18.3256,17.3578,17.8136,3639811,2.54,4088275963.2,7010711136,33.8593,
600202.SH,¹þ¿Õµ÷,2008-02-22,17.6388,17.7949,16.7834,16.927,3950529,2.7569,3884793598.4,6661772832,32.174,
600202.SH,¹þ¿Õµ÷,2008-02-25,16.8583,17.1893,15.6096,15.7782,3593826,2.5079,3621126308.8,6209627424,29.9903,
600202.SH,¹þ¿Õµ÷,2008-02-26,16.4712,16.5399,15.185,15.391,3612240,2.5208,3532281896,6057274080,29.2545,
600202.SH,¹þ¿Õµ÷,2008-02-27,15.5346,16.5461,15.5284,16.2901,3690321,2.5753,3738630209.6,6411127008,30.9635,
600202.SH,¹þ¿Õµ÷,2008-02-28,16.3463,16.7335,16.1153,16.5649,2196606,1.5329,3801681083.2,6519248736,31.4857,
600202.SH,¹þ¿Õµ÷,2008-02-29,16.3651,16.7335,16.1091,16.5024,2457072,1.7147,3787351339.2,6494675616,31.367,
600202.SH,¹þ¿Õµ÷,2008-03-03,16.4213,17.158,16.0466,16.927,1932226,1.3484,3884793598.4,6661772832,32.174,
600202.SH,¹þ¿Õµ÷,2008-03-04,16.9333,17.2829,16.234,16.3339,2095577,1.4624,3748661030.4,6428328192,31.0466,
600202.SH,¹þ¿Õµ÷,2008-03-05,16.2589,16.4837,15.6096,16.0341,1480771,1.0334,3679878259.2,6310377216,30.4769,
600202.SH,¹þ¿Õµ÷,2008-03-06,16.0779,16.6148,15.8593,16.5149,1096950,0.7655,3790217288,6499590240,31.3907,
600202.SH,¹þ¿Õµ÷,2008-03-07,16.4837,16.8958,16.1715,16.646,1276084,0.8905,3820309750.4,6551193792,31.64,
600202.SH,¹þ¿Õµ÷,2008-03-10,16.6086,16.6086,15.8593,16.1028,2313373,1.6144,3695640977.6,6337407648,30.6075,
600202.SH,¹þ¿Õµ÷,2008-03-11,16.1653,17.0769,15.8718,16.8521,4403182,3.0728,3867597905.6,6632285088,28.1528,
600202.SH,¹þ¿Õµ÷,2008-03-12,17.1643,17.2642,16.2402,16.4837,3251465,2.269,3783052416,6487303680,27.5374,
600202.SH,¹þ¿Õµ÷,2008-03-13,16.3089,16.5961,15.4535,15.5471,3306196,2.3072,3568106256,6118706880,25.9728,
600202.SH,¹þ¿Õµ÷,2008-03-14,15.7344,15.7344,14.9227,14.9665,2089530,1.4582,3434839636.8,5890176864,25.0027,
600202.SH,¹þ¿Õµ÷,2008-03-17,14.9477,14.9477,13.4679,13.5554,3261905,2.2763,3110987422.4,5334824352,22.6453,
600202.SH,¹þ¿Õµ÷,2008-03-18,13.6053,14.2359,12.5563,13.1058,2352239,1.6415,3007813265.6,5157897888,21.8943,
600202.SH,¹þ¿Õµ÷,2008-03-19,13.4117,14.0361,13.1745,13.8426,2233210,1.5584,3176904244.8,5447860704,23.1252,
600202.SH,¹þ¿Õµ÷,2008-03-20,13.6115,14.7354,12.5563,14.4732,2009139,1.4021,3321634659.2,5696049216,24.1787,
600202.SH,¹þ¿Õµ÷,2008-03-21,14.4919,14.7105,14.0486,14.2547,2333630,1.6285,3271480555.2,5610043296,23.8136,
600202.SH,¹þ¿Õµ÷,2008-03-24,14.4232,14.7979,13.9237,13.9799,1239084,0.8647,3208429681.6,5501921568,23.3546,
600202.SH,¹þ¿Õµ÷,2008-03-25,13.6115,14.3608,13.4242,14.0611,831651,0.5804,3227058348.8,5533866624,23.4902,
600202.SH,¹þ¿Õµ÷,2008-03-26,14.1735,14.4732,13.8738,14.0174,682314,0.4762,3217027528,5516665440,23.4172,
600202.SH,¹þ¿Õµ÷,2008-03-27,13.7489,13.9862,13.5491,13.6802,1026219,0.7161,3139646910.4,5383970592,22.8539,
600202.SH,¹þ¿Õµ÷,2008-03-28,13.6615,14.4232,13.1308,14.392,1468598,1.0249,3303005992,5664104160,24.0431,
600202.SH,¹þ¿Õµ÷,2008-03-31,13.9862,14.3546,13.6802,13.8551,969199,0.6764,3179770193.6,5452775328,23.146,
600202.SH,¹þ¿Õµ÷,2008-04-01,14.0174,14.1672,12.4689,12.4689,2728501,1.9041,2861649876.8,4907252064,20.8304,
600202.SH,¹þ¿Õµ÷,2008-04-02,12.4939,12.8623,11.2202,11.4137,1709693,1.1931,2619477203.2,4491966336,19.0676,
600202.SH,¹þ¿Õµ÷,2008-04-03,11.4075,12.1755,10.8018,12.1692,3229765,2.2539,2792867105.6,4789301088,20.3297,
600202.SH,¹þ¿Õµ÷,2008-04-07,11.8633,12.9747,11.3638,12.6562,2148501,1.4993,2904639108.8,4980971424,21.1433,
600202.SH,¹þ¿Õµ÷,2008-04-08,12.7374,13.5554,12.7374,13.2307,2361234,1.6478,3036472753.6,5207044128,22.1029,
600202.SH,¹þ¿Õµ÷,2008-04-09,12.9934,13.7989,12.9872,13.0496,2735942,1.9093,2994916496,5135782080,21.8004,
600202.SH,¹þ¿Õµ÷,2008-04-10,12.7998,13.7364,12.7998,13.7114,1345901,0.9392,3146811782.4,5396257152,22.9061,
600202.SH,¹þ¿Õµ÷,2008-04-11,13.9487,14.0424,13.6178,13.8113,1020817,0.7124,3169739372.8,5435574144,23.073,
600202.SH,¹þ¿Õµ÷,2008-04-14,13.5366,13.6053,12.4315,12.4939,2445596,1.7067,2867381774.4,4917081312,20.8721,
600202.SH,¹þ¿Õµ÷,2008-04-15,12.4877,13.2057,12.188,13.0808,1485446,1.0366,3002081368,5148068640,21.8526,
600202.SH,¹þ¿Õµ÷,2008-04-16,13.1058,13.2556,12.6937,12.8186,684922,0.478,2941896443.2,5044861536,21.4145,
600202.SH,¹þ¿Õµ÷,2008-04-17,13.0121,13.2369,12.4002,12.6,1268819,0.8854,2891742339.2,4958855616,21.0494,
600202.SH,¹þ¿Õµ÷,2008-04-18,12.2379,12.6313,11.8508,11.8633,1634263,1.1405,2722651360,4668892800,19.8186,
600202.SH,¹þ¿Õµ÷,2008-04-21,13.0496,13.0496,11.1952,11.7509,2762031,1.9275,2696857820.8,4624661184,19.6308,
600202.SH,¹þ¿Õµ÷,2008-04-22,11.7384,11.7384,10.577,10.9454,3805481,2.6557,2512004123.2,4307667936,15.7559,
600202.SH,¹þ¿Õµ÷,2008-04-23,10.9329,11.6135,10.4896,11.5511,4792298,3.3443,2651002640,4546027200,16.6277,
600202.SH,¹þ¿Õµ÷,2008-04-24,12.5376,12.7062,12.2441,12.7062,4970064,3.4684,2916102904,5000629920,18.2905,
600202.SH,¹þ¿Õµ÷,2008-04-25,12.6125,13.2869,12.4252,12.6999,2907757,2.0292,2914669929.6,4998172608,18.2815,
600202.SH,¹þ¿Õµ÷,2008-04-28,12.4939,12.9185,12.2691,12.4252,1703809,1.189,2851619056,4890050880,17.886,
600202.SH,¹þ¿Õµ÷,2008-04-29,12.3128,12.9122,12.3128,12.8248,1370811,0.9566,2943329417.6,5047318848,18.4613,
600202.SH,¹þ¿Õµ÷,2008-04-30,12.931,13.5866,12.7998,13.4242,2012610,1.4045,3080894960,5283220800,19.3241,
600202.SH,¹þ¿Õµ÷,2008-05-05,13.6115,13.7114,13.2494,13.6615,2106548,1.4701,3135347987.2,5376598656,19.6657,
600202.SH,¹þ¿Õµ÷,2008-05-06,13.443,13.674,13.1183,13.3555,1776770,1.2399,3065132241.6,5256190368,19.2253,
600202.SH,¹þ¿Õµ÷,2008-05-07,13.5179,13.5179,12.8123,12.9247,2096292,1.4629,2966257008,5086635840,18.6051,
600202.SH,¹þ¿Õµ÷,2008-05-08,12.9247,12.9247,12.9247,12.9247,--,--,2966257008,5086635840,18.6051,
600202.SH,¹þ¿Õµ÷,2008-05-09,13.3493,13.7239,12.9122,13.2057,1816245,1.2675,3030740856,5197214880,19.0095,
600202.SH,¹þ¿Õµ÷,2008-05-12,12.9872,13.5491,12.7499,13.5116,1907572,1.3312,3100956601.6,5317623168,19.45,
600202.SH,¹þ¿Õµ÷,2008-05-13,13.0496,13.5179,13.0496,13.2057,1845044,1.2876,3030740856,5197214880,19.0095,
600202.SH,¹þ¿Õµ÷,2008-05-14,13.1245,13.9737,13.1245,13.7926,2473979,1.7265,3165440449.6,5428202208,19.8544,
600202.SH,¹þ¿Õµ÷,2008-05-15,13.9175,14.4295,13.7364,13.93,3512532,2.4512,3196965886.4,5482263072,20.0521,
600202.SH,¹þ¿Õµ÷,2008-05-16,14.1111,14.2234,13.6303,13.8551,2634243,1.8383,3179770193.6,5452775328,19.9443,
600202.SH,¹þ¿Õµ÷,2008-05-19,14.0798,14.4857,13.8925,14.3296,1769998,1.2352,3288676248,5639531040,20.6274,
600202.SH,¹þ¿Õµ÷,2008-05-20,14.4232,14.6418,13.1745,13.3181,2060088,1.4376,3056534395.2,5241446496,19.1713,
600202.SH,¹þ¿Õµ÷,2008-05-21,13.112,13.6865,12.8623,13.5866,1588831,1.1088,3118152294.4,5347110912,19.5578,
600202.SH,¹þ¿Õµ÷,2008-05-22,13.2869,13.5866,13.0996,13.112,1157377,0.8077,3009246240,5160355200,18.8747,
600202.SH,¹þ¿Õµ÷,2008-05-23,12.906,13.2057,12.7998,12.7998,1189281,0.8299,2937597520,5037489600,18.4253,
600202.SH,¹þ¿Õµ÷,2008-05-26,12.7374,12.7374,12.2816,12.3753,930841,0.6496,2840155260.8,4870392384,17.8141,
600202.SH,¹þ¿Õµ÷,2008-05-27,12.3628,12.4877,12.1755,12.3628,1005816,0.7019,2837289312,4865477760,17.7962,
600202.SH,¹þ¿Õµ÷,2008-05-28,12.394,12.7499,12.3628,12.675,1416945,0.9888,2908938032,4988343360,18.2456,
600202.SH,¹þ¿Õµ÷,2008-05-29,12.6625,12.6625,11.882,11.9132,1548080,1.0803,2734115155.2,4688551296,17.149,
600202.SH,¹þ¿Õµ÷,2008-05-30,12.0818,12.2317,11.6822,11.9507,1042276,0.7274,2742713001.6,4703295168,17.203,
600202.SH,¹þ¿Õµ÷,2008-06-02,11.9507,11.9507,11.9507,11.9507,--,--,2742713001.6,4703295168,17.203,
600202.SH,¹þ¿Õµ÷,2008-06-03,11.9881,12.1755,11.7134,11.8071,1022724,0.7137,2709754590.4,4646776992,16.9962,
600202.SH,¹þ¿Õµ÷,2008-06-04,11.8508,12.0818,11.5199,11.6135,1300715,0.9077,2665332384,4570600320,16.7176,
600202.SH,¹þ¿Õµ÷,2008-06-05,11.6447,11.7946,11.5261,11.7259,671117,0.4683,2691125923.2,4614831936,16.8794,
600202.SH,¹þ¿Õµ÷,2008-06-06,11.8133,11.8633,11.5261,11.857,596193,0.4161,2721218385.6,4666435488,17.0681,
600202.SH,¹þ¿Õµ÷,2008-06-10,11.2451,11.4262,10.6707,10.7394,1512673,1.0556,2464715968,4226576640,15.4593,
600202.SH,¹þ¿Õµ÷,2008-06-11,10.5583,10.7956,10.0401,10.3023,1441846,1.0062,2364407760,4054564800,14.8301,
600202.SH,¹þ¿Õµ÷,2008-06-12,10.0713,10.5333,9.7591,10.0026,1305097,0.9108,2295624988.8,3936613824,14.3987,
600202.SH,¹þ¿Õµ÷,2008-06-13,10.2399,10.2399,9.4969,9.5968,1044947,0.7292,2202481652.8,3776888544,13.8145,
600202.SH,¹þ¿Õµ÷,2008-06-16,9.6779,9.7404,8.9162,8.9911,1519627,1.0605,2063483136,3538529280,12.9427,
600202.SH,¹þ¿Õµ÷,2008-06-17,8.9911,9.1472,8.2731,8.3917,2412947,1.6839,1925917593.6,3302627328,12.0798,
600202.SH,¹þ¿Õµ÷,2008-06-18,8.3667,8.9911,8.0296,8.86,7487580,5.2252,2033390673.6,3486925728,12.7539,
600202.SH,¹þ¿Õµ÷,2008-06-19,8.8038,8.8537,7.9734,7.9734,3077331,2.1475,1829908308.8,3137987424,11.4776,
600202.SH,¹þ¿Õµ÷,2008-06-20,7.9921,8.6539,7.6237,8.2668,2449043,1.7091,1897258105.6,3253481088,11.9001,
600202.SH,¹þ¿Õµ÷,2008-06-23,8.1232,8.5416,7.9359,8.0108,1984909,1.3852,1838506155.2,3152731296,11.5316,
600202.SH,¹þ¿Õµ÷,2008-06-24,8.0982,8.2231,7.7111,8.0545,4820725,3.3641,1848536976,3169932480,11.5945,
600202.SH,¹þ¿Õµ÷,2008-06-25,8.1359,8.6729,7.8105,8.6159,5533127,2.9702,1972775856.48,3382981430.4,12.3737,
600202.SH,¹þ¿Õµ÷,2008-06-26,8.4207,8.9169,8.2661,8.7135,5603649,3.0081,1995130257.12,3421315497.6,12.5139,
600202.SH,¹þ¿Õµ÷,2008-06-27,8.2986,8.3881,7.843,7.9244,4958603,2.6618,1814432185.28,3111448454.4,11.3806,
600202.SH,¹þ¿Õµ÷,2008-06-30,7.8105,8.2498,7.7291,8.0789,2641694,1.4181,1849826652.96,3172144060.8,11.6026,
600202.SH,¹þ¿Õµ÷,2008-07-01,8.1766,8.4776,8.0627,8.0952,4018805,2.1573,1853552386.4,3178533072,11.6259,
600202.SH,¹þ¿Õµ÷,2008-07-02,8.2173,8.4288,8.1359,8.3149,2606152,1.399,1903849787.84,3264784723.2,11.9414,
600202.SH,¹þ¿Õµ÷,2008-07-03,8.1522,9.0146,8.1359,8.8519,5493404,2.9489,2026798991.36,3475622092.8,12.7126,
600202.SH,¹þ¿Õµ÷,2008-07-04,9.3726,9.4783,8.9739,9.1203,8635168,4.6354,2088273593.12,3581040777.6,13.0982,
600202.SH,¹þ¿Õµ÷,2008-07-07,9.2912,10.0316,9.2017,10.0316,9128449,4.9002,2296914665.76,3938825404.8,14.4068,
600202.SH,¹þ¿Õµ÷,2008-07-08,10.1536,10.3163,9.8038,10.1129,7402653,3.9738,2315543332.96,3970770460.8,14.5237,
600202.SH,¹þ¿Õµ÷,2008-07-09,10.1861,10.479,9.9746,10.3326,7613830,4.0872,2365840734.4,4057022112,14.8391,
600202.SH,¹þ¿Õµ÷,2008-07-10,10.0072,10.8858,10.0072,10.2675,7409066,3.9772,2350937800.64,4031466067.2,14.7457,
600202.SH,¹þ¿Õµ÷,2008-07-11,10.357,10.536,9.9909,10.2675,4506726,2.4192,2350937800.64,4031466067.2,14.7457,
600202.SH,¹þ¿Õµ÷,2008-07-14,10.2105,10.8126,10.178,10.7719,4392439,2.3579,2466435537.28,4229525414.4,15.4701,
600202.SH,¹þ¿Õµ÷,2008-07-15,10.658,10.6824,9.7712,9.8363,16799970,9.0183,2252205864.48,3862157270.4,12.426,
600202.SH,¹þ¿Õµ÷,2008-07-16,9.5597,9.698,9.1936,9.6329,7382767,3.9631,2205634196.48,3782294630.4,12.1691,
600202.SH,¹þ¿Õµ÷,2008-07-17,9.7549,9.8444,9.1529,9.2831,4228720,2.27,2125530927.52,3644930889.6,11.7271,
600202.SH,¹þ¿Õµ÷,2008-07-18,9.4376,9.6654,9.1529,9.5678,3252933,1.7462,2190731262.72,3756738585.6,12.0869,
600202.SH,¹þ¿Õµ÷,2008-07-21,9.5597,10.0072,9.462,9.9177,5468457,2.9355,2270834531.68,3894102326.4,12.5288,
600202.SH,¹þ¿Õµ÷,2008-07-22,9.9095,10.3814,9.8444,10.1861,7332064,3.9359,2332309133.44,3999521011.2,12.868,
600202.SH,¹þ¿Õµ÷,2008-07-23,10.2024,10.7231,10.2024,10.3895,9747816,5.2327,2378880801.44,4079383651.2,13.1249,
600202.SH,¹þ¿Õµ÷,2008-07-24,10.4139,10.6499,10.2431,10.479,5329449,2.8609,2399372335.36,4114523212.8,13.238,
600202.SH,¹þ¿Õµ÷,2008-07-25,10.4058,10.6987,10.2512,10.479,4426582,2.3762,2399372335.36,4114523212.8,13.238,
600202.SH,¹þ¿Õµ÷,2008-07-28,10.5116,10.7801,10.4139,10.4872,3272299,1.7566,2401235202.08,4117717718.4,13.2483,
600202.SH,¹þ¿Õµ÷,2008-07-29,10.235,10.5278,10.1699,10.3895,2948704,1.5829,2378880801.44,4079383651.2,13.1249,
600202.SH,¹þ¿Õµ÷,2008-07-30,10.4953,10.5767,10.0885,10.2512,2314963,1.2427,2347212067.2,4025077056,12.9502,
600202.SH,¹þ¿Õµ÷,2008-07-31,10.3326,10.3651,9.6654,9.6899,2214056,1.1885,2218674263.52,3804656169.6,12.241,
600202.SH,¹þ¿Õµ÷,2008-08-01,9.5434,9.7224,9.1773,9.6899,4669732,2.5067,2218674263.52,3804656169.6,12.241,
600202.SH,¹þ¿Õµ÷,2008-08-04,9.6899,9.6899,9.6899,9.6899,--,--,2218674263.52,3804656169.6,12.241,
600202.SH,¹þ¿Õµ÷,2008-08-05,9.2749,9.4295,9.1122,9.1854,2813795,1.5105,2103176526.88,3606596822.4,11.6038,
600202.SH,¹þ¿Õµ÷,2008-08-06,9.2017,9.4214,9.0797,9.3319,1611398,0.865,2136708127.84,3664097923.2,11.7888,
600202.SH,¹þ¿Õµ÷,2008-08-07,9.2749,9.34,8.9495,9.1692,1894193,1.0168,2099450793.44,3600207811.2,11.5833,
600202.SH,¹þ¿Õµ÷,2008-08-08,9.2749,9.2749,8.2498,8.5346,2817088,1.5122,1954147189.28,3351036374.4,10.7816,
600202.SH,¹þ¿Õµ÷,2008-08-11,8.1603,8.4613,7.7291,7.9569,2403149,1.29,1821883652.16,3124226476.8,10.0518,
600202.SH,¹þ¿Õµ÷,2008-08-12,7.965,8.2742,7.7779,8.2335,2454886,1.3178,1885221120.64,3232839667.2,10.4013,
600202.SH,¹þ¿Õµ÷,2008-08-13,8.201,8.3637,7.8674,8.2254,1946608,1.045,1883358253.92,3229645161.6,10.391,
600202.SH,¹þ¿Õµ÷,2008-08-14,8.1359,8.6729,8.0301,8.5427,3944659,2.1175,1956010056,3354230880,10.7918,
600202.SH,¹þ¿Õµ÷,2008-08-15,8.5101,8.7949,8.2254,8.6647,2890512,1.5516,1983953056.8,3402148464,10.946,
600202.SH,¹þ¿Õµ÷,2008-08-18,8.7461,8.7868,8.2335,8.2579,2142217,1.15,1890809720.8,3242423184,10.4321,
600202.SH,¹þ¿Õµ÷,2008-08-19,8.1928,8.6647,7.9813,8.624,2013200,1.0807,1974638723.2,3386175936,10.8946,
600202.SH,¹þ¿Õµ÷,2008-08-20,8.5834,9.4051,8.4451,9.3726,4937902,2.6507,2146022461.44,3680070451.2,11.8402,
600202.SH,¹þ¿Õµ÷,2008-08-21,9.1122,9.3563,8.7786,8.8356,2751100,1.4768,2023073257.92,3469233081.6,11.1619,
600202.SH,¹þ¿Õµ÷,2008-08-22,8.6647,8.8925,8.1359,8.2742,3578372,1.9209,1894535454.24,3248812195.2,10.4527,
600202.SH,¹þ¿Õµ÷,2008-08-25,8.1359,8.7868,8.1359,8.6403,2737479,1.4695,1978364456.64,3392564947.2,10.9152,
600202.SH,¹þ¿Õµ÷,2008-08-26,8.4451,8.5834,8.0545,8.2091,1840310,0.9879,1879632520.48,3223256150.4,10.3705,
600202.SH,¹þ¿Õµ÷,2008-08-27,8.2335,8.3718,8.0139,8.2335,1301159,0.6985,1885221120.64,3232839667.2,10.4013,
600202.SH,¹þ¿Õµ÷,2008-08-28,8.2742,8.4288,8.201,8.323,875391,0.4699,1905712654.56,3267979228.8,10.5143,
600202.SH,¹þ¿Õµ÷,2008-08-29,8.3149,8.38,7.8267,8.1359,4102546,2.2023,1862866720,3194505600,10.278,
600202.SH,¹þ¿Õµ÷,2008-09-01,7.965,8.022,7.3223,7.3223,3190090,1.7125,1676580048,2875055040,9.2502,
600202.SH,¹þ¿Õµ÷,2008-09-02,7.2003,7.3955,7.0701,7.2084,1578660,0.8474,1650499913.92,2830331961.6,9.1063,
600202.SH,¹þ¿Õµ÷,2008-09-03,7.306,7.3549,7.1596,7.3142,1243428,0.6675,1674717181.28,2871860534.4,9.2399,
600202.SH,¹þ¿Õµ÷,2008-09-04,7.2409,7.5582,7.1026,7.4688,2147863,1.153,1710111648.96,2932556140.8,9.4352,
600202.SH,¹þ¿Õµ÷,2008-09-05,7.4769,7.6966,7.3223,7.3793,4968037,2.4563,1834490944,2897416579.2,9.3221,
600202.SH,¹þ¿Õµ÷,2008-09-08,7.1677,7.3223,6.7365,6.7609,2512399,1.2422,1680773952,2654634153.6,8.541,
600202.SH,¹þ¿Õµ÷,2008-09-09,6.7528,6.9481,6.6714,6.883,1064725,0.5264,1711112832,2702551737.6,8.6951,
600202.SH,¹þ¿Õµ÷,2008-09-10,6.883,7.2084,6.7365,6.9887,1405941,0.6951,1737406528,2744080310.4,8.8288,
600202.SH,¹þ¿Õµ÷,2008-09-11,6.9887,7.1921,6.8748,6.9643,979921,0.4845,1731338752,2734496793.6,8.7979,
600202.SH,¹þ¿Õµ÷,2008-09-12,6.9155,7.1108,6.8911,6.9481,1053063,0.5207,1727293568,2728107782.4,8.7774,
600202.SH,¹þ¿Õµ÷,2008-09-16,6.7609,7.062,6.6714,6.8342,1363510,0.6741,1698977280,2683384704,8.6335,
600202.SH,¹þ¿Õµ÷,2008-09-17,6.9318,7.127,6.883,6.9806,1897422,0.9381,1735383936,2740885804.8,8.8185,
600202.SH,¹þ¿Õµ÷,2008-09-18,6.7609,6.9806,6.3541,6.8179,2440452,1.2066,1694932096,2676995692.8,8.6129,
600202.SH,¹þ¿Õµ÷,2008-09-19,7.4932,7.5013,7.3223,7.5013,2968433,1.4676,1864829824,2945334163.2,9.4763,
600202.SH,¹þ¿Õµ÷,2008-09-22,8.0383,8.2498,7.485,7.8674,6138523,3.035,1955846464,3089086915.2,9.9388,
600202.SH,¹þ¿Õµ÷,2008-09-23,7.4443,7.6803,7.2816,7.4281,3235279,1.5996,1846626496,2916583612.8,9.3838,
600202.SH,¹þ¿Õµ÷,2008-09-24,7.3223,7.5338,7.1596,7.5257,1329426,0.6573,1870897600,2954917680,9.5071,
600202.SH,¹þ¿Õµ÷,2008-09-25,7.5501,7.8349,7.4606,7.6477,2837945,1.4031,1901236480,3002835264,9.6613,
600202.SH,¹þ¿Õµ÷,2008-09-26,7.7047,7.7454,7.5013,7.6559,1935112,0.9567,1903259072,3006029769.6,9.6716,
600202.SH,¹þ¿Õµ÷,2008-10-06,7.485,7.485,7.2247,7.2572,1204648,0.5956,1804152064,2849498995.2,9.1679,
600202.SH,¹þ¿Õµ÷,2008-10-07,7.1596,7.2003,6.9643,7.1433,1377326,0.681,1775835776,2804775916.8,9.024,
600202.SH,¹þ¿Õµ÷,2008-10-08,7.0131,7.0945,6.7121,6.7447,1009255,0.499,1676728768,2648245142.4,8.5204,
600202.SH,¹þ¿Õµ÷,2008-10-09,6.7935,6.8586,6.4843,6.5169,2158780,1.0673,1620096192,2558798985.6,8.2326,
600202.SH,¹þ¿Õµ÷,2008-10-10,6.1263,6.3053,5.9636,6.1345,1817690,0.8987,1525034368,2408657222.4,7.7496,
600202.SH,¹þ¿Õµ÷,2008-10-13,6.0287,6.4111,5.7765,6.3541,1969830,0.9739,1579644352,2494908873.6,8.0271,
600202.SH,¹þ¿Õµ÷,2008-10-14,6.5169,6.6063,5.9473,5.9799,2084011,1.0304,1486605120,2347961616,7.5543,
600202.SH,¹þ¿Õµ÷,2008-10-15,6.0612,6.0612,5.8172,5.9229,1052774,0.5205,1472446976,2325600076.8,7.4823,
600202.SH,¹þ¿Õµ÷,2008-10-16,5.6789,5.7277,5.4348,5.4429,1650514,0.816,1353114048,2137124246.4,6.8759,
600202.SH,¹þ¿Õµ÷,2008-10-17,5.5731,5.8334,5.4673,5.7521,2371424,1.1725,1429972544,2258515459.2,7.2665,
600202.SH,¹þ¿Õµ÷,2008-10-20,5.8172,6.0043,5.5324,5.9311,1239106,0.6126,1474469568,2328794582.4,7.4926,
600202.SH,¹þ¿Õµ÷,2008-10-21,5.8741,6.1182,5.8741,5.9148,2426083,1.1995,1470424384,2322405571.2,7.4721,
600202.SH,¹þ¿Õµ÷,2008-10-22,5.8578,6.0206,5.8253,5.8578,1024789,0.5067,1456266240,2300044032,7.4001,
600202.SH,¹þ¿Õµ÷,2008-10-23,5.6951,5.9962,5.6138,5.9717,1191586,0.5891,1484582528,2344767110.4,7.544,
600202.SH,¹þ¿Õµ÷,2008-10-24,5.9799,6.0206,5.6544,5.7277,1135743,0.5615,1423904768,2248931942.4,7.2357,
600202.SH,¹þ¿Õµ÷,2008-10-27,5.6138,5.6626,5.1663,5.1744,1521583,0.7523,1286368512,2031705561.6,6.5368,
600202.SH,¹þ¿Õµ÷,2008-10-28,4.971,5.3697,4.971,5.3209,2115837,1.0461,1322775168,2089206662.4,6.7218,
600202.SH,¹þ¿Õµ÷,2008-10-29,5.4348,5.508,5.3127,5.329,2112620,1.0445,1324797760,2092401168,6.8766,
600202.SH,¹þ¿Õµ÷,2008-10-30,5.3371,5.4429,5.1663,5.3616,2448281,1.2105,1332888128,2105179190.4,6.9186,
600202.SH,¹þ¿Õµ÷,2008-10-31,5.3534,5.4348,5.1256,5.3453,1281721,0.6337,1328842944,2098790179.2,6.8976,
600202.SH,¹þ¿Õµ÷,2008-11-03,5.2965,5.4185,5.2477,5.3534,574330,0.284,1330865536,2101984684.8,6.9081,
600202.SH,¹þ¿Õµ÷,2008-11-04,5.3453,5.3453,5.0931,5.1663,874231,0.4322,1284345920,2028511056,6.6666,
600202.SH,¹þ¿Õµ÷,2008-11-05,5.207,5.4266,5.207,5.3534,1820801,0.9002,1330865536,2101984684.8,6.9081,
600202.SH,¹þ¿Õµ÷,2008-11-06,5.2477,5.2477,5.0931,5.1663,832866,0.4118,1284345920,2028511056,6.6666,
600202.SH,¹þ¿Õµ÷,2008-11-07,5.1256,5.2721,5.0443,5.2151,936970,0.4633,1296481472,2047678089.6,6.7296,
600202.SH,¹þ¿Õµ÷,2008-11-10,5.3616,5.6544,5.2477,5.6138,3763366,1.8607,1395588480,2204208864,7.244,
600202.SH,¹þ¿Õµ÷,2008-11-11,5.5568,5.7684,5.4673,5.5405,2546468,1.259,1377385152,2175458313.6,7.1495,
600202.SH,¹þ¿Õµ÷,2008-11-12,5.5324,5.6707,5.4592,5.6544,1921409,0.95,1405701440,2220181392,7.2965,
600202.SH,¹þ¿Õµ÷,2008-11-13,5.6544,6.224,5.6544,6.224,4574439,2.2617,1547282880,2443796784,8.0314,
600202.SH,¹þ¿Õµ÷,2008-11-14,6.8423,6.8504,6.525,6.8504,16846358,8.3291,1703022464,2689773715.2,8.8398,
600202.SH,¹þ¿Õµ÷,2008-11-17,6.8504,6.8504,6.8504,6.8504,--,--,1703022464,2689773715.2,8.8398,
600202.SH,¹þ¿Õµ÷,2008-11-18,7.4362,7.4525,6.7772,6.8179,20292169,10.0328,1694932096,2676995692.8,8.7978,
600202.SH,¹þ¿Õµ÷,2008-11-19,6.9155,7.2898,6.3867,7.2735,15292833,7.561,1808197248,2855888006.4,9.3857,
600202.SH,¹þ¿Õµ÷,2008-11-20,6.9155,7.4037,6.8342,6.9562,10280133,5.0827,1729316160,2731302288,8.9763,
600202.SH,¹þ¿Õµ÷,2008-11-21,6.6714,7.0213,6.3541,6.5169,9553425,4.7234,1620096192,2558798985.6,8.4093,
600202.SH,¹þ¿Õµ÷,2008-11-24,6.5494,7.0538,6.4192,6.6877,8395855,4.151,1662570624,2625883603.2,8.6298,
600202.SH,¹þ¿Õµ÷,2008-11-25,6.8179,6.8342,6.0206,6.346,6673531,3.2995,1577621760,2491714368,8.1889,
600202.SH,¹þ¿Õµ÷,2008-11-26,6.2646,6.5575,6.1101,6.525,5671890,2.8043,1622118784,2561993491.2,8.4198,
600202.SH,¹þ¿Õµ÷,2008-11-27,6.9969,7.0457,6.6958,6.6958,11427080,5.6497,1664593216,2629078108.8,8.6403,
600202.SH,¹þ¿Õµ÷,2008-11-28,6.5901,6.9969,6.5657,6.8911,7216492,3.5679,1713135424,2705746243.2,8.8923,
600202.SH,¹þ¿Õµ÷,2008-12-01,6.9155,7.4281,6.8748,7.363,10788256,5.3339,1830445760,2891027568,9.5012,
600202.SH,¹þ¿Õµ÷,2008-12-02,7.1026,7.6071,7.0457,7.3142,11911929,5.8894,1818310208,2871860534.4,9.4382,
600202.SH,¹þ¿Õµ÷,2008-12-03,7.3793,7.6884,7.2165,7.664,10050176,4.969,1905281664,3009224275.2,9.8896,
600202.SH,¹þ¿Õµ÷,2008-12-04,7.664,7.9081,7.5745,7.5908,10780653,5.3301,1887078336,2980473724.8,9.7952,
600202.SH,¹þ¿Õµ÷,2008-12-05,7.5176,7.6315,7.2816,7.5582,8175411,4.042,1878987968,2967695702.4,9.7532,
600202.SH,¹þ¿Õµ÷,2008-12-08,7.5664,7.9895,7.5094,7.965,12044901,5.9552,1980117568,3127420982.4,10.2781,
600202.SH,¹þ¿Õµ÷,2008-12-09,8.1115,8.2091,7.7454,7.8918,11738632,5.8038,1961914240,3098670432,10.1836,
600202.SH,¹þ¿Õµ÷,2008-12-10,7.8511,8.624,7.7698,8.5101,9880566,4.8851,2115631232,3341452857.6,10.9815,
600202.SH,¹þ¿Õµ÷,2008-12-11,8.5183,8.559,8.1115,8.3556,7483429,3.6999,2077201984,3280757251.2,10.782,
600202.SH,¹þ¿Õµ÷,2008-12-12,8.201,8.2986,7.7291,8.1034,6074178,3.0032,2014501632,3181727577.6,10.4566,
600202.SH,¹þ¿Õµ÷,2008-12-15,8.2173,8.2742,7.7861,8.1196,4884783,2.4151,2018546816,3188116588.8,10.4776,
600202.SH,¹þ¿Õµ÷,2008-12-16,7.9081,8.1034,7.7698,8.0301,4510290,2.23,1996298304,3152977027.2,10.3621,
600202.SH,¹þ¿Õµ÷,2008-12-17,8.0708,8.5427,8.022,8.144,5143038,2.5428,2024614592,3197700105.6,10.5091,
600202.SH,¹þ¿Õµ÷,2008-12-18,8.0952,8.3718,7.9406,8.3149,4413944,2.1823,2067089024,3264784723.2,10.7295,
600202.SH,¹þ¿Õµ÷,2008-12-19,8.5264,8.9495,8.3474,8.7298,8556083,4.2303,2170241216,3427704508.8,11.265,
600202.SH,¹þ¿Õµ÷,2008-12-22,8.624,8.9495,8.6078,8.8112,6048492,2.9905,2190467136,3459649564.8,11.3699,
600202.SH,¹þ¿Õµ÷,2008-12-23,8.7868,8.9332,8.0708,8.1847,7799309,3.8561,2034727552,3213672633.6,10.5616,
600202.SH,¹þ¿Õµ÷,2008-12-24,8.0545,8.4532,7.9488,8.323,5500944,2.7197,2069111616,3267979228.8,10.74,
600202.SH,¹þ¿Õµ÷,2008-12-25,8.3149,8.4532,8.0952,8.323,2916495,1.442,2069111616,3267979228.8,10.74,
600202.SH,¹þ¿Õµ÷,2008-12-26,8.2905,8.4207,8.144,8.3067,2187628,1.0816,2065066432,3261590217.6,10.719,
600202.SH,¹þ¿Õµ÷,2008-12-29,8.2173,8.2579,7.7942,8.0789,3981649,1.9686,2008433856,3172144060.8,10.4251,
600202.SH,¹þ¿Õµ÷,2008-12-30,7.9813,8.3393,7.8186,8.2417,3743688,1.8509,2048885696,3236034172.8,10.635,
600202.SH,¹þ¿Õµ÷,2008-12-31,8.2173,8.38,8.0139,8.2091,3468189,1.7147,2040795328,3223256150.4,10.593,
600202.SH,¹þ¿Õµ÷,2009-01-05,8.3067,9.0308,8.2579,8.8925,10776642,5.3281,2210693056,3491594620.8,11.4749,
600202.SH,¹þ¿Õµ÷,2009-01-06,8.9658,9.4376,8.7054,9.3888,7966518,3.9388,2334071168,3686459462.4,12.1153,
600202.SH,¹þ¿Õµ÷,2009-01-07,9.2831,9.4132,9.1529,9.2912,4503001,2.2264,2309800064,3648125395.2,11.9894,
600202.SH,¹þ¿Õµ÷,2009-01-08,9.1122,9.2261,8.7868,8.8356,3002400,1.4844,2196534912,3469233081.6,11.4014,
600202.SH,¹þ¿Õµ÷,2009-01-09,8.7298,9.4783,8.7298,9.3481,4339718,2.1456,2323958208,3670486934.4,12.0628,
600202.SH,¹þ¿Õµ÷,2009-01-12,9.3644,9.5841,9.1529,9.5515,3498541,1.7297,2374523008,3750349574.4,12.3253,
600202.SH,¹þ¿Õµ÷,2009-01-13,9.4214,9.5841,9.1041,9.2424,3012637,1.4895,2297664512,3628958361.6,11.9264,
600202.SH,¹þ¿Õµ÷,2009-01-14,9.2749,9.7224,9.218,9.6248,3627720,1.7936,2392726336,3779100124.8,12.4198,
600202.SH,¹þ¿Õµ÷,2009-01-15,9.6492,9.8851,9.5434,9.5759,3226644,1.5953,2380590784,3759933091.2,12.3568,
600202.SH,¹þ¿Õµ÷,2009-01-16,9.6329,10.0722,9.6329,9.9177,8656327,4.2798,2465539648,3894102326.4,12.7977,
600202.SH,¹þ¿Õµ÷,2009-01-19,9.999,10.536,9.999,10.4058,10210019,5.048,2586895168,4085772662.4,13.4277,
600202.SH,¹þ¿Õµ÷,2009-01-20,10.2675,10.3977,10.1292,10.3163,4911808,2.4285,2564646656,4050633100.8,13.3122,
600202.SH,¹þ¿Õµ÷,2009-01-21,10.1699,10.4546,10.1048,10.2431,2092429,1.0345,2546443328,4021882550.4,13.2177,
600202.SH,¹þ¿Õµ÷,2009-01-22,10.1699,10.4302,10.1699,10.2675,3306580,1.6348,2552511104,4031466067.2,13.2492,
600202.SH,¹þ¿Õµ÷,2009-01-23,10.2594,10.3,9.9177,9.9665,3863471,1.9102,2477675200,3913269360,12.8607,
600202.SH,¹þ¿Õµ÷,2009-02-02,9.9746,10.1292,9.7712,10.0072,2312463,1.1433,2487788160,3929241888,12.9132,
600202.SH,¹þ¿Õµ÷,2009-02-03,10.0397,10.4953,9.9909,10.4465,3685098,1.822,2597008128,4101745190.4,13.4802,
600202.SH,¹þ¿Õµ÷,2009-02-04,10.5767,11.1869,10.5767,11.1299,9208017,4.5526,2766905856,4370083660.8,14.362,
600202.SH,¹þ¿Õµ÷,2009-02-05,11.1055,11.6994,10.9102,11.5123,12255794,6.0594,2861967680,4520225424,14.8555,
600202.SH,¹þ¿Õµ÷,2009-02-06,11.553,11.8784,11.3821,11.7076,10772394,5.326,2910509888,4596893558.4,15.1074,
600202.SH,¹þ¿Õµ÷,2009-02-09,11.8784,11.9598,11.3903,11.8052,8880465,4.3906,2934780992,4635227625.6,15.2334,
600202.SH,¹þ¿Õµ÷,2009-02-10,11.6587,11.7889,11.553,11.7645,4884374,2.4149,2924668032,4619255097.6,15.1809,
600202.SH,¹þ¿Õµ÷,2009-02-11,11.6262,12.2852,11.5611,11.9923,4628058,2.2882,2981300608,4708701254.4,15.4749,
600202.SH,¹þ¿Õµ÷,2009-02-12,12.0004,12.0411,11.5123,11.9272,2816133,1.3923,2965119872,4683145209.6,15.3909,
600202.SH,¹þ¿Õµ÷,2009-02-13,11.9598,12.5049,11.8621,12.4805,4382728,2.1669,3102656128,4900371590.4,16.1048,
600202.SH,¹þ¿Õµ÷,2009-02-16,12.692,13.6683,12.6269,13.6602,9061412,4.4801,3395931968,5363574902.4,17.6271,
600202.SH,¹þ¿Õµ÷,2009-02-17,13.9937,14.2378,12.9279,13.0256,14393911,7.1166,3238169792,5114403465.6,16.0476,
600202.SH,¹þ¿Õµ÷,2009-02-18,12.7083,13.2615,12.6839,12.8059,6449285,3.1886,3183559808,5028151814.4,15.777,
600202.SH,¹þ¿Õµ÷,2009-02-19,13.0418,13.9531,12.8547,13.8392,7661356,3.7879,3440428992,5433854025.6,17.05,
600202.SH,¹þ¿Õµ÷,2009-02-20,13.9449,14.4819,13.5707,13.8636,8931131,4.4157,3446496768,5443437542.4,17.0801,
600202.SH,¹þ¿Õµ÷,2009-02-23,13.7741,14.0588,13.4242,13.9287,6830443,3.3771,3462677504,5468993587.2,17.1603,
600202.SH,¹þ¿Õµ÷,2009-02-24,13.7497,13.831,12.5374,13.1395,10049004,4.9684,3266486080,5159126544,16.188,
600202.SH,¹þ¿Õµ÷,2009-02-25,13.2615,13.3429,12.692,13.1313,6750631,3.3376,3264463488,5155932038.4,16.178,
600202.SH,¹þ¿Õµ÷,2009-02-26,13.0174,13.1313,11.8215,12.0737,6647114,3.2864,3001526528,4740646310.4,14.8749,
600202.SH,¹þ¿Õµ÷,2009-02-27,11.9435,12.0249,11.3903,11.4309,7293517,3.606,2841741760,4488280368,14.083,
600202.SH,¹þ¿Õµ÷,2009-03-02,11.2438,12.0004,11.2275,11.7726,3513813,1.7373,2926690624,4622449603.2,14.504,
600202.SH,¹þ¿Õµ÷,2009-03-03,11.3496,12.0899,11.3089,11.8703,3412342,1.6871,2950961728,4660783670.4,14.6243,
600202.SH,¹þ¿Õµ÷,2009-03-04,11.8865,12.9279,11.8784,12.8466,5610694,2.774,3193672768,5044124342.4,15.8271,
600202.SH,¹þ¿Õµ÷,2009-03-05,12.9686,13.1476,12.3828,12.692,4661570,2.3048,3155243520,4983428736,15.6367,
600202.SH,¹þ¿Õµ÷,2009-03-06,12.391,12.6025,12.2201,12.3422,3159662,1.5622,3068272064,4846064995.2,15.2057,
600202.SH,¹þ¿Õµ÷,2009-03-09,12.4154,12.4642,12.0249,12.212,3784913,1.8713,3035910592,4794952905.6,15.0453,
600202.SH,¹þ¿Õµ÷,2009-03-10,12.0737,12.8222,11.797,12.7164,4298665,2.1253,3161311296,4993012252.8,15.6668,
600202.SH,¹þ¿Õµ÷,2009-03-11,12.8873,13.0581,12.4479,12.635,4867923,2.4068,3141085376,4961067196.8,15.5665,
600202.SH,¹þ¿Õµ÷,2009-03-12,12.5293,12.6106,12.0574,12.3747,5220018,2.5809,3076362432,4858843017.6,15.2458,
600202.SH,¹þ¿Õµ÷,2009-03-13,12.4886,12.6025,12.0818,12.1062,3094155,1.5298,3009616896,4753424332.8,14.915,
600202.SH,¹þ¿Õµ÷,2009-03-16,12.033,12.0411,11.5204,12.0249,3282724,1.623,2989390976,4721479276.8,14.8148,
600202.SH,¹þ¿Õµ÷,2009-03-17,11.9598,12.4072,11.8133,12.3584,4146403,2.05,3072317248,4852454006.4,15.2257,
600202.SH,¹þ¿Õµ÷,2009-03-18,12.4154,12.9361,12.3422,12.6025,4591170,2.2699,3132995008,4948289174.4,15.5264,
600202.SH,¹þ¿Õµ÷,2009-03-19,12.7164,12.8547,12.5537,12.7734,4003037,1.9792,3175469440,5015373792,15.7369,
600202.SH,¹þ¿Õµ÷,2009-03-20,12.7734,13.4975,12.6106,13.3835,9837981,4.864,3327163840,5254961712,16.4887,
600202.SH,¹þ¿Õµ÷,2009-03-23,13.709,13.9124,13.3835,13.4812,10509803,5.1962,3351434944,5293295779.2,16.609,
600202.SH,¹þ¿Õµ÷,2009-03-24,13.5869,13.652,13.3591,13.473,6386465,3.1576,3349412352,5290101273.6,16.5989,
600202.SH,¹þ¿Õµ÷,2009-03-25,13.4242,13.4242,12.6757,12.7164,5217230,2.5795,3161311296,4993012252.8,15.6668,
600202.SH,¹þ¿Õµ÷,2009-03-26,12.7164,13.1883,12.5049,13.1069,4770433,2.3586,3258395712,5146348521.6,16.1479,
600202.SH,¹þ¿Õµ÷,2009-03-27,13.1802,13.7497,13.0581,13.2371,6954409,3.4384,3290757184,5197460611.2,16.3083,
600202.SH,¹þ¿Õµ÷,2009-03-30,13.351,13.9531,13.3429,13.7578,9543293,4.7183,3420203072,5401908969.6,16.9498,
600202.SH,¹þ¿Õµ÷,2009-03-31,13.2208,13.7903,13.2046,13.7415,5021436,2.4827,3416157888,5395519958.4,16.9297,
600202.SH,¹þ¿Õµ÷,2009-04-01,13.8717,14.2785,13.6683,13.7008,10353970,5.1192,3406044928,5379547430.4,16.8796,
600202.SH,¹þ¿Õµ÷,2009-04-02,13.7008,13.8066,13.3998,13.473,5887127,2.9107,3349412352,5290101273.6,16.5989,
600202.SH,¹þ¿Õµ÷,2009-04-03,13.5056,13.5219,12.8791,13.0256,7337282,3.6277,3238169792,5114403465.6,16.0476,
600202.SH,¹þ¿Õµ÷,2009-04-07,12.9523,13.2371,12.8222,13.1802,4294243,2.1231,3276599040,5175099072,16.2381,
600202.SH,¹þ¿Õµ÷,2009-04-08,13.0581,13.2371,12.8303,12.8547,4525882,2.2377,3195695360,5047318848,15.8372,
600202.SH,¹þ¿Õµ÷,2009-04-09,12.8222,13.0581,12.7083,12.9849,2104098,1.0403,3228056832,5098430937.6,15.9975,
600202.SH,¹þ¿Õµ÷,2009-04-10,13.05,13.4812,13.0012,13.3022,4669485,2.3087,3306937920,5223016656,16.3884,
600202.SH,¹þ¿Õµ÷,2009-04-13,13.5137,13.7008,13.3591,13.5869,5569294,2.7535,3377728640,5334824352,16.7393,
600202.SH,¹þ¿Õµ÷,2009-04-14,13.5951,13.8066,13.4242,13.6276,3589575,1.7747,3387841600,5350796880,16.7894,
600202.SH,¹þ¿Õµ÷,2009-04-15,13.5137,13.831,13.4242,13.7903,5648776,2.7928,3428293440,5414686992,16.9899,
600202.SH,¹þ¿Õµ÷,2009-04-16,13.8392,14.8724,13.831,14.5877,10451508,5.1674,3626507456,5727748540.8,17.9722,
600202.SH,¹þ¿Õµ÷,2009-04-17,14.5226,14.5633,13.7497,14.1402,6237319,3.0838,3515264896,5552050732.8,17.4209,
600202.SH,¹þ¿Õµ÷,2009-04-20,14.2541,14.8887,14.2541,14.6853,7142630,3.5314,3650778560,5766082608,18.0924,
600202.SH,¹þ¿Õµ÷,2009-04-21,14.4819,14.8806,14.3192,14.6121,6793977,3.359,3632575232,5737332057.6,18.0022,
600202.SH,¹þ¿Õµ÷,2009-04-22,14.6446,14.7504,13.6764,13.9937,7412651,3.6649,3478858240,5494549632,17.2404,
600202.SH,¹þ¿Õµ÷,2009-04-23,13.5219,14.0181,13.3591,13.7822,3468745,1.715,3426270848,5411492486.4,16.9798,
600202.SH,¹þ¿Õµ÷,2009-04-24,13.7822,13.7822,13.7822,13.7822,--,--,3426270848,5411492486.4,16.9798,
600202.SH,¹þ¿Õµ÷,2009-04-27,13.5869,13.7497,13.2452,13.5869,2874207,1.4211,3377728640,5334824352,16.7393,
600202.SH,¹þ¿Õµ÷,2009-04-28,13.6276,13.9937,13.473,13.9368,2931572,1.4494,3464700096,5472188092.8,16.683,
600202.SH,¹þ¿Õµ÷,2009-04-29,13.9368,14.6283,13.7741,14.4656,5432753,2.686,3596168576,5679830956.8,17.316,
600202.SH,¹þ¿Õµ÷,2009-04-30,14.4494,14.6365,14.2704,14.3192,3515462,1.7381,3559761920,5622329856,17.1407,
600202.SH,¹þ¿Õµ÷,2009-05-04,14.4819,14.8724,14.3029,14.8561,5835754,2.8853,3693252992,5833167225.6,17.7835,
600202.SH,¹þ¿Õµ÷,2009-05-05,14.9294,15.865,14.9294,15.3768,11583452,5.727,3822698880,6037615584,18.4068,
600202.SH,¹þ¿Õµ÷,2009-05-06,15.3524,15.743,15.1409,15.5721,8159184,4.034,3871241088,6114283718.4,18.6405,
600202.SH,¹þ¿Õµ÷,2009-05-07,15.7836,16.0684,15.1734,15.3443,6358946,3.144,3814608512,6024837561.6,18.3678,
600202.SH,¹þ¿Õµ÷,2009-05-08,15.3687,15.5314,14.6446,15.0758,4776330,2.3615,3747862976,5919418876.8,18.0465,
600202.SH,¹þ¿Õµ÷,2009-05-11,14.9486,15.1541,13.9011,14.2437,3803020,1.5669,3531445632,5577606777.6,17.0044,
600202.SH,¹þ¿Õµ÷,2009-05-12,13.999,14.5374,13.9207,14.4982,3419245,1.4088,3594550502.4,5677275352.32,17.3082,
600202.SH,¹þ¿Õµ÷,2009-05-13,14.5178,14.5766,14.1948,14.371,3634649,1.4975,3562998067.2,5627441064.96,17.1563,
600202.SH,¹þ¿Õµ÷,2009-05-14,14.2731,14.6647,14.0577,14.508,2934687,1.2091,3596977612.8,5681108759.04,17.3199,
600202.SH,¹þ¿Õµ÷,2009-05-15,14.6549,14.6549,14.1556,14.2829,4599754,1.8952,3541154073.6,5592940404.48,17.0511,
600202.SH,¹þ¿Õµ÷,2009-05-18,14.3318,14.3318,13.7347,14.1752,6399986,2.6369,3514455859.2,5550772930.56,16.9226,
600202.SH,¹þ¿Õµ÷,2009-05-19,14.2339,14.3122,13.9304,14.0577,5126821,2.1123,3485330534.4,5504772049.92,16.7823,
600202.SH,¹þ¿Õµ÷,2009-05-20,14.1948,14.4493,13.9794,14.3612,7549810,3.1106,3560570956.8,5623607658.24,17.1446,
600202.SH,¹þ¿Õµ÷,2009-05-21,14.2829,14.5374,14.1458,14.1752,5607205,2.3102,3514455859.2,5550772930.56,16.9226,
600202.SH,¹þ¿Õµ÷,2009-05-22,14.2241,14.6255,14.136,14.3906,3946754,1.6261,3567852288,5635107878.4,17.1797,
600202.SH,¹þ¿Õµ÷,2009-05-25,14.0773,14.6353,13.9598,14.4982,4640112,1.9118,3594550502.4,5677275352.32,17.3082,
600202.SH,¹þ¿Õµ÷,2009-05-26,14.4395,15.9177,14.4395,15.1835,11650856,4.8003,3764448230.4,5945613822.72,18.1263,
600202.SH,¹þ¿Õµ÷,2009-05-27,15.0758,15.2716,14.9877,15.1248,4158900,1.7135,3749885568,5922613382.4,18.0562,
600202.SH,¹þ¿Õµ÷,2009-06-01,15.1737,15.4576,15.0367,15.1541,5017821,2.0674,3757166899.2,5934113602.56,18.0913,
600202.SH,¹þ¿Õµ÷,2009-06-02,15.438,15.4478,15.0269,15.0954,3947598,1.6265,3742604236.8,5911113162.24,18.0211,
600202.SH,¹þ¿Õµ÷,2009-06-03,14.9779,15.1443,14.5766,14.6647,9492708,3.9111,3635811379.2,5742443266.56,17.5069,
600202.SH,¹þ¿Õµ÷,2009-06-04,14.7136,14.743,14.1948,14.3906,5279625,2.1753,3567852288,5635107878.4,17.1797,
600202.SH,¹þ¿Õµ÷,2009-06-05,14.4395,14.4787,14.0577,14.2339,11373623,4.6861,3529018521.6,5573773370.88,16.9927,
600202.SH,¹þ¿Õµ÷,2009-06-08,14.2339,14.2339,14.2339,14.2339,--,--,3529018521.6,5573773370.88,16.9927,
600202.SH,¹þ¿Õµ÷,2009-06-09,14.1948,14.2046,13.5095,13.8423,9130656,3.7619,3431934105.6,5420437102.08,16.5252,
600202.SH,¹þ¿Õµ÷,2009-06-10,13.8913,14.0773,13.7836,14.0186,8280762,3.4118,3475622092.8,5489438423.04,16.7356,
600202.SH,¹þ¿Õµ÷,2009-06-11,13.9696,14.0577,13.8326,13.8815,4219529,1.7385,3441642547.2,5435770728.96,16.572,
600202.SH,¹þ¿Õµ÷,2009-06-12,13.8913,13.9696,13.4606,13.5976,5130513,2.1138,3371256345.6,5324601934.08,16.233,
600202.SH,¹þ¿Õµ÷,2009-06-15,13.6759,13.7934,13.5095,13.7542,2592499,1.0681,3410090112,5385936441.6,16.42,
600202.SH,¹þ¿Õµ÷,2009-06-16,13.6955,13.6955,13.5193,13.6368,2507309,1.033,3380964787.2,5339935560.96,16.2798,
600202.SH,¹þ¿Õµ÷,2009-06-17,13.5878,13.8717,13.578,13.8326,3288981,1.3551,3429506995.2,5416603695.36,16.5135,
600202.SH,¹þ¿Õµ÷,2009-06-18,13.8815,14.1556,13.8717,14.0969,4873004,2.0077,3495038976,5520105676.8,16.8291,
600202.SH,¹þ¿Õµ÷,2009-06-19,14.1067,14.1458,13.7053,13.8619,4096777,1.6879,3436788326.4,5428103915.52,16.5486,
600202.SH,¹þ¿Õµ÷,2009-06-22,13.8913,13.9696,13.5389,13.6661,4338524,1.7875,3388246118.4,5351435781.12,16.3149,
600202.SH,¹þ¿Õµ÷,2009-06-23,13.4899,13.7151,13.4116,13.5487,4855755,2.0006,3359120793.6,5305434900.48,16.1746,
600202.SH,¹þ¿Õµ÷,2009-06-24,13.5487,13.7444,13.5487,13.7053,2702176,1.1133,3397954560,5366769408,16.3616,
600202.SH,¹þ¿Õµ÷,2009-06-25,13.8032,13.8423,13.5389,13.5976,2653885,1.0934,3371256345.6,5324601934.08,16.233,
600202.SH,¹þ¿Õµ÷,2009-06-26,13.6172,13.6955,13.5291,13.6172,3522433,1.4513,3376110566.4,5332268747.52,16.2564,
600202.SH,¹þ¿Õµ÷,2009-06-29,13.6172,13.9794,13.6074,13.9109,6442147,2.6542,3448923878.4,5447270949.12,16.607,
600202.SH,¹þ¿Õµ÷,2009-06-30,13.9109,14.1458,13.7836,13.8521,5612841,2.3126,3434361216,5424270508.8,16.5369,
600202.SH,¹þ¿Õµ÷,2009-07-01,13.8521,13.9011,13.4116,13.5389,8988334,3.7033,3356693683.2,5301601493.76,16.1629,
600202.SH,¹þ¿Õµ÷,2009-07-02,13.4703,13.5584,13.2648,13.4899,7507262,3.0931,3344558131.2,5282434460.16,16.1045,
600202.SH,¹þ¿Õµ÷,2009-07-03,13.392,13.6074,13.3235,13.4801,6074379,2.5027,3342131020.8,5278601053.44,16.0928,
600202.SH,¹þ¿Õµ÷,2009-07-06,13.5095,13.7542,13.2941,13.7053,11857259,4.8853,3397954560,5366769408,16.3616,
600202.SH,¹þ¿Õµ÷,2009-07-07,13.6857,13.813,13.5193,13.5976,8194794,3.3764,3371256345.6,5324601934.08,16.233,
600202.SH,¹þ¿Õµ÷,2009-07-08,13.5584,13.5878,13.3724,13.5095,5164811,2.128,3349412352,5290101273.6,16.1279,
600202.SH,¹þ¿Õµ÷,2009-07-09,13.5584,13.95,13.4606,13.9304,14180726,5.8426,3453778099.2,5454937762.56,16.6304,
600202.SH,¹þ¿Õµ÷,2009-07-10,13.999,14.4689,13.8521,14.0871,14468554,5.9612,3492611865.6,5516272270.08,16.8174,
600202.SH,¹þ¿Õµ÷,2009-07-13,14.1164,14.4493,14.0773,14.4101,11020101,4.5404,3572706508.8,5642774691.84,17.2031,
600202.SH,¹þ¿Õµ÷,2009-07-14,14.4689,14.8115,14.2927,14.8017,13384898,5.5147,3669790924.8,5796110960.64,17.6705,
600202.SH,¹þ¿Õµ÷,2009-07-15,14.8604,14.929,14.5668,14.6255,11070029,4.561,3626102937.6,5727109639.68,17.4602,
600202.SH,¹þ¿Õµ÷,2009-07-16,14.6647,14.7332,14.3122,14.5766,13252157,5.4601,3613967385.6,5707942606.08,17.4017,
600202.SH,¹þ¿Õµ÷,2009-07-17,14.4884,14.7626,14.4395,14.4787,13659863,5.628,3589696281.6,5669608538.88,17.2849,
600202.SH,¹þ¿Õµ÷,2009-07-20,14.5472,14.8409,14.3906,14.694,13962467,5.7527,3643092710.4,5753943486.72,17.542,
600202.SH,¹þ¿Õµ÷,2009-07-21,14.694,15.5359,14.5472,15.1835,22852979,9.4157,3764448230.4,5945613822.72,18.1263,
600202.SH,¹þ¿Õµ÷,2009-07-22,15.1248,15.6142,14.9877,15.1248,17557384,7.2339,3749885568,5922613382.4,18.0562,
600202.SH,¹þ¿Õµ÷,2009-07-23,15.0758,15.3206,14.8604,15.1248,11749150,4.8408,3749885568,5922613382.4,18.0562,
600202.SH,¹þ¿Õµ÷,2009-07-24,15.1737,15.1737,14.3024,14.7038,13087272,5.3921,3645519820.8,5757776893.44,17.5537,
600202.SH,¹þ¿Õµ÷,2009-07-27,14.4787,14.6353,14.2731,14.5668,12872223,5.3035,3611540275.2,5704109199.36,17.39,
600202.SH,¹þ¿Õµ÷,2009-07-28,14.5668,15.1248,14.3808,14.9681,15339817,6.3202,3711051801.6,5861278874.88,17.8692,
600202.SH,¹þ¿Õµ÷,2009-07-29,14.8898,15.0073,13.4703,13.8326,12077287,4.976,3429506995.2,5416603695.36,16.5135,
600202.SH,¹þ¿Õµ÷,2009-07-30,13.8228,14.0577,13.3822,13.6955,7005859,2.8865,3395527449.6,5362936001.28,16.3499,
600202.SH,¹þ¿Õµ÷,2009-07-31,13.8032,14.2927,13.7738,14.2731,6490928,2.6743,3538726963.2,5589106997.76,17.0394,
600202.SH,¹þ¿Õµ÷,2009-08-03,14.2046,14.2437,13.8032,14.0969,9603742,3.9569,3495038976,5520105676.8,16.8291,
600202.SH,¹þ¿Õµ÷,2009-08-04,14.136,14.185,13.6955,13.9304,16138547,6.6493,3453778099.2,5454937762.56,16.6304,
600202.SH,¹þ¿Õµ÷,2009-08-05,13.8815,14.8604,13.8228,14.8115,20214750,8.3287,3672218035.2,5799944367.36,17.6822,
600202.SH,¹þ¿Õµ÷,2009-08-06,14.8507,15.9373,14.5863,15.2618,39074268,16.0991,3783865113.6,5976281076.48,18.2198,
600202.SH,¹þ¿Õµ÷,2009-08-07,15.2227,15.673,14.7136,14.8507,19096620,7.868,3681926476.8,5815277994.24,17.729,
600202.SH,¹þ¿Õµ÷,2009-08-10,15.1248,15.4185,14.743,15.2129,11743412,4.8384,3771729561.6,5957114042.88,18.1614,
600202.SH,¹þ¿Õµ÷,2009-08-11,15.3499,15.3597,14.88,15.1933,8712689,3.5897,3766875340.8,5949447229.44,18.138,
600202.SH,¹þ¿Õµ÷,2009-08-12,15.1737,15.2227,14.1948,14.3808,7793891,3.2112,3565425177.6,5631274471.68,17.168,
600202.SH,¹þ¿Õµ÷,2009-08-13,14.4884,14.5668,14.0479,14.371,6444258,2.6551,3562998067.2,5627441064.96,17.1563,
600202.SH,¹þ¿Õµ÷,2009-08-14,14.4199,14.4199,13.4116,13.4899,8552956,3.5239,3344558131.2,5282434460.16,16.1045,
600202.SH,¹þ¿Õµ÷,2009-08-17,13.4899,13.4899,13.4899,13.4899,--,--,3344558131.2,5282434460.16,16.1045,
600202.SH,¹þ¿Õµ÷,2009-08-18,12.4816,12.9417,12.1879,12.7655,7619475,3.1393,3164951961.6,4998762362.88,15.2397,
600202.SH,¹þ¿Õµ÷,2009-08-19,12.7068,13.5389,12.3641,12.4229,9223003,3.8,3080003097.6,4864593127.68,14.8306,
600202.SH,¹þ¿Õµ÷,2009-08-20,12.4522,12.9123,12.3543,12.8144,4685307,1.9304,3177087513.6,5017929396.48,15.2981,
600202.SH,¹þ¿Õµ÷,2009-08-21,12.8242,12.9907,12.6774,12.9417,5483105,2.2591,3208639948.8,5067763683.84,15.45,
600202.SH,¹þ¿Õµ÷,2009-08-24,13.02,13.3627,12.8242,13.3137,6788371,2.7969,3300870144,5213433139.2,15.8941,
600202.SH,¹þ¿Õµ÷,2009-08-25,13.4116,13.764,12.9123,13.6074,12752882,5.2543,3373683456,5328435340.8,17.0036,
600202.SH,¹þ¿Õµ÷,2009-08-26,13.392,14.3416,13.2941,13.9794,10987836,4.5271,3465913651.2,5474104796.16,17.4685,
600202.SH,¹þ¿Õµ÷,2009-08-27,13.7053,14.5766,13.6857,14.2046,11781027,4.8539,3521737190.4,5562273150.72,17.7498,
600202.SH,¹þ¿Õµ÷,2009-08-28,14.1948,14.3416,13.7151,13.8032,5083605,2.0945,3422225664,5405103475.2,17.2483,
600202.SH,¹þ¿Õµ÷,2009-08-31,13.6661,13.6857,12.4229,12.4816,6829203,2.8137,3094565760,4887593568,15.5969,
600202.SH,¹þ¿Õµ÷,2009-09-01,12.462,12.9026,12.2858,12.6872,4222490,1.7397,3145535078.4,4968095109.12,15.8537,
600202.SH,¹þ¿Õµ÷,2009-09-02,12.6872,12.8732,12.4327,12.8242,2861336,1.1789,3179514624,5021762803.2,16.025,
600202.SH,¹þ¿Õµ÷,2009-09-03,12.7655,13.6074,12.6382,13.5584,8876857,3.6574,3361547904,5309268307.2,16.9425,
600202.SH,¹þ¿Õµ÷,2009-09-04,13.4606,13.8032,13.3627,13.6661,7135741,2.94,3388246118.4,5351435781.12,17.077,
600202.SH,¹þ¿Õµ÷,2009-09-07,13.6661,13.8619,13.5095,13.6074,5811409,1.516,5328435340.8,5328435340.8,17.0036,
600202.SH,¹þ¿Õµ÷,2009-09-08,13.5487,13.5976,13.1767,13.441,9902903,2.5833,5263267426.56,5263267426.56,16.7957,
600202.SH,¹þ¿Õµ÷,2009-09-09,13.5095,13.9304,13.441,13.7444,7816170,2.039,5382103034.88,5382103034.88,17.1749,
600202.SH,¹þ¿Õµ÷,2009-09-10,13.7444,13.7444,13.7444,13.7444,--,--,5382103034.88,5382103034.88,17.1749,
600202.SH,¹þ¿Õµ÷,2009-09-11,13.5095,13.6563,13.2354,13.5095,8306060,2.1668,5290101273.6,5290101273.6,16.8813,
600202.SH,¹þ¿Õµ÷,2009-09-14,13.5193,14.0381,13.4899,14.0186,9413181,2.4556,5489438423.04,5489438423.04,17.5174,
600202.SH,¹þ¿Õµ÷,2009-09-15,14.0381,14.5374,13.813,14.2731,11778583,3.0726,5589106997.76,5589106997.76,17.8355,
600202.SH,¹þ¿Õµ÷,2009-09-16,14.2927,14.5374,13.8913,14.2339,7915029,2.0648,5573773370.88,5573773370.88,17.7865,
600202.SH,¹þ¿Õµ÷,2009-09-17,14.2927,14.8017,14.2437,14.6842,11462088,2.9901,5750110080,5750110080,18.3492,
600202.SH,¹þ¿Õµ÷,2009-09-18,14.9779,15.3401,14.1752,14.2731,20519247,5.3527,5589106997.76,5589106997.76,17.8355,
600202.SH,¹þ¿Õµ÷,2009-09-21,14.2633,15.7023,14.1067,15.7023,21714500,5.6645,6148784378.88,6148784378.88,19.6215,
600202.SH,¹þ¿Õµ÷,2009-09-22,16.0548,16.4463,15.5261,15.8492,33072904,8.6275,6206285479.68,6206285479.68,19.8049,
600202.SH,¹þ¿Õµ÷,2009-09-23,16.1233,16.8379,15.2129,15.4185,31780200,8.2903,6037615584,6037615584,19.2667,
600202.SH,¹þ¿Õµ÷,2009-09-24,15.1933,16.0058,14.88,15.5555,21058259,5.4934,6091283278.08,6091283278.08,19.438,
600202.SH,¹þ¿Õµ÷,2009-09-25,15.301,15.6045,14.929,15.2422,12066230,3.1477,5968614263.04,5968614263.04,19.0465,
600202.SH,¹þ¿Õµ÷,2009-09-28,15.2129,15.4674,14.2143,14.4101,9416478,2.4564,5642774691.84,5642774691.84,18.0067,
600202.SH,¹þ¿Õµ÷,2009-09-29,14.322,14.7528,13.95,14.5668,5379068,1.4032,5704109199.36,5704109199.36,18.2024,
600202.SH,¹þ¿Õµ÷,2009-09-30,14.6353,14.7821,14.3906,14.508,3873407,1.0104,5681108759.04,5681108759.04,18.129,
600202.SH,¹þ¿Õµ÷,2009-10-09,14.8017,15.301,14.5863,15.0856,7007452,1.828,5907279755.52,5907279755.52,18.8508,
600202.SH,¹þ¿Õµ÷,2009-10-12,15.0171,15.7807,15.0171,15.4968,8003244,2.0878,6068282837.76,6068282837.76,19.3646,
600202.SH,¹þ¿Õµ÷,2009-10-13,15.4282,15.7317,15.3695,15.5849,5564616,1.4516,6102783498.24,6102783498.24,19.4747,
600202.SH,¹þ¿Õµ÷,2009-10-14,15.6338,16.0058,15.3891,15.4478,6820133,1.7791,6049115804.16,6049115804.16,19.3034,
600202.SH,¹þ¿Õµ÷,2009-10-15,15.4674,15.7415,15.1737,15.301,5047535,1.3167,5991614703.36,5991614703.36,19.1199,
600202.SH,¹þ¿Õµ÷,2009-10-16,15.3499,15.8981,15.1541,15.859,7322155,1.9101,6210118886.4,6210118886.4,19.8172,
600202.SH,¹þ¿Õµ÷,2009-10-19,15.859,16.1233,15.5653,16.0841,9558769,2.4935,6298287240.96,6298287240.96,20.0985,
600202.SH,¹þ¿Õµ÷,2009-10-20,16.1625,16.3485,15.8883,16.2799,8926828,2.3287,6374955375.36,6374955375.36,20.3432,
600202.SH,¹þ¿Õµ÷,2009-10-21,16.1527,16.3778,15.7611,15.81,6366835,1.6609,6190951852.8,6190951852.8,19.756,
600202.SH,¹þ¿Õµ÷,2009-10-22,15.7513,15.8688,15.5751,15.7807,3266999,0.8522,6179451632.64,6179451632.64,19.7193,
600202.SH,¹þ¿Õµ÷,2009-10-23,15.81,16.1135,15.7611,15.9275,3979545,1.0381,6236952733.44,6236952733.44,19.9028,
600202.SH,¹þ¿Õµ÷,2009-10-26,15.7807,16.0352,15.4282,16.0156,4976242,1.2981,6271453393.92,6271453393.92,20.0129,
600202.SH,¹þ¿Õµ÷,2009-10-27,15.8198,16.3485,15.6632,15.8002,7223479,1.8843,6187118446.08,6187118446.08,18.0349,
600202.SH,¹þ¿Õµ÷,2009-10-28,15.7219,15.9079,15.252,15.6142,5397611,1.408,6114283718.4,6114283718.4,17.8225,
600202.SH,¹þ¿Õµ÷,2009-10-29,15.438,15.8002,15.2716,15.4282,4932028,1.2866,6041448990.72,6041448990.72,17.6102,
600202.SH,¹þ¿Õµ÷,2009-10-30,15.6436,16.0646,15.5261,15.6926,4762348,1.2423,6144950972.16,6144950972.16,17.9119,
600202.SH,¹þ¿Õµ÷,2009-11-02,15.3891,16.2114,15.3597,16.1722,6196043,1.6163,6332787901.44,6332787901.44,18.4595,
600202.SH,¹þ¿Õµ÷,2009-11-03,16.2701,17.2882,16.2701,17.2099,14613830,3.8122,6739129013.76,6739129013.76,19.6439,
600202.SH,¹þ¿Õµ÷,2009-11-04,17.0533,17.5819,17.0337,17.2393,10685763,2.7875,6750629233.92,6750629233.92,19.6774,
600202.SH,¹þ¿Õµ÷,2009-11-05,17.1512,17.3274,16.9358,17.1512,6199808,1.6173,6716128573.44,6716128573.44,19.5769,
600202.SH,¹þ¿Õµ÷,2009-11-06,17.2785,17.7875,17.2785,17.4938,10146649,2.6469,6850297808.64,6850297808.64,19.968,
600202.SH,¹þ¿Õµ÷,2009-11-09,17.4351,17.719,17.1414,17.347,6425807,1.6763,6792796707.84,6792796707.84,19.8004,
600202.SH,¹þ¿Õµ÷,2009-11-10,17.4253,17.6309,17.1316,17.3861,5137101,1.3401,6808130334.72,6808130334.72,19.845,
600202.SH,¹þ¿Õµ÷,2009-11-11,17.3372,18.0812,17.3078,18.0029,7285509,1.9005,7049634958.08,7049634958.08,20.549,
600202.SH,¹þ¿Õµ÷,2009-11-12,17.8169,18.6294,17.8169,18.1106,7378617,1.9248,7091802432,7091802432,20.6719,
600202.SH,¹þ¿Õµ÷,2009-11-13,18.1106,18.786,17.8658,18.7665,5812565,1.5163,7348640682.24,7348640682.24,21.4206,
600202.SH,¹þ¿Õµ÷,2009-11-16,18.9329,19.9216,18.7958,19.0504,12629332,3.2945,7459809477.12,7459809477.12,21.7446,
600202.SH,¹þ¿Õµ÷,2009-11-17,18.9916,19.6671,18.8546,19.4909,9665783,2.5215,7632312779.52,7632312779.52,22.2475,
600202.SH,¹þ¿Õµ÷,2009-11-18,19.4713,19.9412,19.1385,19.4909,5240793,1.3671,7632312779.52,7632312779.52,22.2475,
600202.SH,¹þ¿Õµ÷,2009-11-19,19.3832,19.3832,18.6,19.0699,11792135,3.0762,7467476290.56,7467476290.56,21.767,
600202.SH,¹þ¿Õµ÷,2009-11-20,19.0308,19.1678,18.6196,18.9231,7346645,1.9165,7409975189.76,7409975189.76,21.5994,
600202.SH,¹þ¿Õµ÷,2009-11-23,18.8448,19.3734,18.8448,19.2657,6514702,1.6995,7544144424.96,7544144424.96,21.9905,
600202.SH,¹þ¿Õµ÷,2009-11-24,19.2755,19.6867,18.1106,18.1987,9715632,2.5345,7126303092.48,7126303092.48,20.7725,
600202.SH,¹þ¿Õµ÷,2009-11-25,18.1301,18.5805,17.8854,18.5511,7360082,1.92,7264305734.4,7264305734.4,21.1748,
600202.SH,¹þ¿Õµ÷,2009-11-26,18.5511,18.5511,17.0337,17.2589,10284634,2.6829,6758296047.36,6758296047.36,19.6998,
600202.SH,¹þ¿Õµ÷,2009-11-27,17.2001,17.7973,17.1316,17.2295,8461491,2.2073,6746795827.2,6746795827.2,19.6663,
600202.SH,¹þ¿Õµ÷,2009-11-30,17.67,18.1008,17.4057,18.0029,8598077,2.2429,7049634958.08,7049634958.08,20.549,
600202.SH,¹þ¿Õµ÷,2009-12-01,18.0127,18.5021,17.8658,18.3945,7725250,2.0152,7202971226.88,7202971226.88,20.996,
600202.SH,¹þ¿Õµ÷,2009-12-02,18.4042,18.7762,18.3553,18.6686,7169041,1.8701,7310306615.04,7310306615.04,21.3088,
600202.SH,¹þ¿Õµ÷,2009-12-03,18.6,19.1482,18.3749,18.9427,7842796,2.0459,7417642003.2,7417642003.2,21.6217,
600202.SH,¹þ¿Õµ÷,2009-12-04,18.8937,19.3636,18.0127,18.2672,11484843,2.996,7153136939.52,7153136939.52,20.8507,
600202.SH,¹þ¿Õµ÷,2009-12-07,18.3847,18.5119,17.9931,18.3259,5508182,1.4369,7176137379.84,7176137379.84,20.9178,
600202.SH,¹þ¿Õµ÷,2009-12-08,18.3064,18.8937,18.2085,18.7175,6609375,1.7242,7329473648.64,7329473648.64,21.3647,
600202.SH,¹þ¿Õµ÷,2009-12-09,18.7371,19.3245,18.5511,18.8839,9094314,2.3724,7394641562.88,7394641562.88,21.5547,
600202.SH,¹þ¿Õµ÷,2009-12-10,18.972,19.7062,18.8448,18.9622,9181735,2.3952,7425308816.64,7425308816.64,21.6441,
600202.SH,¹þ¿Õµ÷,2009-12-11,18.8154,19.6475,18.8154,19.4811,9830081,2.5643,7628479372.8,7628479372.8,22.2363,
600202.SH,¹þ¿Õµ÷,2009-12-14,19.5007,19.7846,19.0895,19.5496,7594517,1.9811,7655313219.84,7655313219.84,22.3145,
600202.SH,¹þ¿Õµ÷,2009-12-15,19.5496,19.5496,19.5496,19.5496,--,--,7655313219.84,7655313219.84,22.3145,
600202.SH,¹þ¿Õµ÷,2009-12-16,19.4811,20.0685,19.3342,19.4517,7297972,1.9038,7616979152.64,7616979152.64,22.2028,
600202.SH,¹þ¿Õµ÷,2009-12-17,19.5594,19.5594,18.0812,18.1595,7363702,1.9209,7110969465.6,7110969465.6,20.7278,
600202.SH,¹þ¿Õµ÷,2009-12-18,18.0616,18.3553,17.5721,17.6211,4836223,1.2616,6900132096,6900132096,20.1132,
600202.SH,¹þ¿Õµ÷,2009-12-21,17.67,18.7175,17.6407,17.9148,3356394,0.8756,7015134297.6,7015134297.6,20.4484,
600202.SH,¹þ¿Õµ÷,2009-12-22,17.9931,18.2868,16.9456,16.9652,5021148,1.3098,6643293845.76,6643293845.76,19.3646,
600202.SH,¹þ¿Õµ÷,2009-12-23,17.0729,17.2295,16.4953,17.0043,5807461,1.515,6658627472.64,6658627472.64,19.4093,
600202.SH,¹þ¿Õµ÷,2009-12-24,17.0239,17.8854,16.789,17.7777,7633181,1.9912,6961466603.52,6961466603.52,20.292,
600202.SH,¹þ¿Õµ÷,2009-12-25,17.6602,17.9148,17.4449,17.5036,6199488,1.6172,6854131215.36,6854131215.36,19.9791,
600202.SH,¹þ¿Õµ÷,2009-12-28,17.5819,17.9539,17.5819,17.8658,6273992,1.6367,6995967264,6995967264,20.3926,
600202.SH,¹þ¿Õµ÷,2009-12-29,17.6211,17.8169,17.3274,17.6798,5138017,1.3403,6923132536.32,6923132536.32,20.1803,
600202.SH,¹þ¿Õµ÷,2009-12-30,17.6309,17.8952,17.5232,17.5917,6217024,1.6218,6888631875.84,6888631875.84,20.0797,
600202.SH,¹þ¿Õµ÷,2009-12-31,17.5623,18.5902,17.5623,18.4434,12617965,3.2916,7222138260.48,7222138260.48,21.0518,
600202.SH,¹þ¿Õµ÷,2010-01-04,18.5511,19.3342,18.5511,18.9035,13402159,3.4961,7402308376.32,7402308376.32,21.577,
600202.SH,¹þ¿Õµ÷,2010-01-05,18.9329,19.6475,18.9329,19.5594,13578959,3.5423,7659146626.56,7659146626.56,22.3257,
600202.SH,¹þ¿Õµ÷,2010-01-06,19.6084,20.2838,19.393,19.579,14662975,3.8251,7666813440,7666813440,22.348,
600202.SH,¹þ¿Õµ÷,2010-01-07,19.4811,19.7258,18.8839,18.9916,8618669,2.2483,7436809036.8,7436809036.8,21.6776,
600202.SH,¹þ¿Õµ÷,2010-01-08,18.972,20.274,18.9231,20.1174,8781530,2.2908,7877650809.6,7877650809.6,22.9626,
600202.SH,¹þ¿Õµ÷,2010-01-11,20.2447,20.832,19.7748,20.3524,14492843,3.7807,7969652570.88,7969652570.88,23.2308,
600202.SH,¹þ¿Õµ÷,2010-01-12,20.2642,20.5579,19.7846,20.137,8749377,2.2824,7885317623.04,7885317623.04,22.9849,
600202.SH,¹þ¿Õµ÷,2010-01-13,19.5105,19.9706,18.9525,19.1776,13367631,3.4871,7509643764.48,7509643764.48,21.8899,
600202.SH,¹þ¿Õµ÷,2010-01-14,19.1678,20.5971,19.1678,20.5286,14554784,3.7968,8038653891.84,8038653891.84,23.4319,
600202.SH,¹þ¿Õµ÷,2010-01-15,20.5677,21.5369,20.5677,21.1551,13748714,3.5866,8283991921.92,8283991921.92,24.147,
600202.SH,¹þ¿Õµ÷,2010-01-18,21.2432,22.369,21.0474,22.2124,15105722,3.9405,8697999847.68,8697999847.68,25.3538,
600202.SH,¹þ¿Õµ÷,2010-01-19,22.1928,22.7116,21.8306,22.0949,11378450,2.9682,8651998967.04,8651998967.04,25.2197,
600202.SH,¹þ¿Õµ÷,2010-01-20,22.1732,23.113,21.5369,22.0361,14176200,3.6981,8628998526.72,8628998526.72,25.1527,
600202.SH,¹þ¿Õµ÷,2010-01-21,22.0459,22.9368,22.0361,22.4865,10039532,2.619,8805335235.84,8805335235.84,25.6667,
600202.SH,¹þ¿Õµ÷,2010-01-22,22.0753,22.1634,20.2349,21.2432,10625426,2.7718,8318492582.4,8318492582.4,24.2476,
600202.SH,¹þ¿Õµ÷,2010-01-25,20.9495,21.6837,20.2642,20.3915,5835631,1.5223,7984986197.76,7984986197.76,23.2755,
600202.SH,¹þ¿Õµ÷,2010-01-26,20.2642,20.7831,19.1972,19.3342,10576586,2.7591,7570978272,7570978272,22.0687,
600202.SH,¹þ¿Õµ÷,2010-01-27,19.4126,20.0489,19.2951,19.5007,6241310,1.6281,7636146186.24,7636146186.24,22.2586,
600202.SH,¹þ¿Õµ÷,2010-01-28,19.2657,20.3132,19.1874,19.8237,14069535,3.6702,7762648608,7762648608,22.6274,
600202.SH,¹þ¿Õµ÷,2010-01-29,19.5986,20.3719,19.4224,19.6671,10863730,2.834,7701314100.48,7701314100.48,22.4486,
600202.SH,¹þ¿Õµ÷,2010-02-01,19.4811,19.4811,18.5021,18.6686,8819044,2.3006,7310306615.04,7310306615.04,21.3088,
600202.SH,¹þ¿Õµ÷,2010-02-02,18.8448,19.4615,18.8448,19.0112,8533978,2.2262,7444475850.24,7444475850.24,21.6999,
600202.SH,¹þ¿Õµ÷,2010-02-03,19.2461,19.6181,18.1693,19.5594,7776951,2.0287,7659146626.56,7659146626.56,22.3257,
600202.SH,¹þ¿Õµ÷,2010-02-04,19.4321,20.5971,19.1482,20.3132,7663319,1.9991,7954318944,7954318944,23.1861,
600202.SH,¹þ¿Õµ÷,2010-02-05,19.579,21.39,19.2853,20.7439,10781511,2.8125,8122988839.68,8122988839.68,23.6777,
600202.SH,¹þ¿Õµ÷,2010-02-08,20.6558,20.9985,20.2447,20.3524,3597243,0.9384,7969652570.88,7969652570.88,23.2308,
600202.SH,¹þ¿Õµ÷,2010-02-09,20.3621,20.6558,19.7356,19.9999,3415730,0.891,7831649928.96,7831649928.96,22.8285,
600202.SH,¹þ¿Õµ÷,2010-02-10,20.2545,20.6167,20.0685,20.5579,3711095,0.9681,8050154112,8050154112,23.4654,
600202.SH,¹þ¿Õµ÷,2010-02-11,20.5579,20.8027,20.2936,20.509,3074043,0.8019,8030987078.4,8030987078.4,23.4096,
600202.SH,¹þ¿Õµ÷,2010-02-12,20.6069,20.6558,20.2447,20.3817,2469585,0.6442,7981152791.04,7981152791.04,23.2643,
600202.SH,¹þ¿Õµ÷,2010-02-22,20.4502,20.7439,20.088,20.5775,3225886,0.8415,8057820925.44,8057820925.44,23.4878,
600202.SH,¹þ¿Õµ÷,2010-02-23,20.5775,20.8223,19.9804,20.7929,3249173,0.8476,8142155873.28,8142155873.28,23.7336,
600202.SH,¹þ¿Õµ÷,2010-02-24,20.7146,21.5663,20.3817,21.5271,5537193,1.4445,8429661377.28,8429661377.28,24.5717,
600202.SH,¹þ¿Õµ÷,2010-02-25,21.5565,21.9872,21.253,21.6054,4779387,1.2468,8460328631.04,8460328631.04,24.661,
600202.SH,¹þ¿Õµ÷,2010-02-26,21.5369,21.7816,21.1453,21.5075,4960940,1.2941,8421994563.84,8421994563.84,24.5493,
600202.SH,¹þ¿Õµ÷,2010-03-01,21.3803,22.0264,21.2921,21.7327,4557392,1.1889,8510162918.4,8510162918.4,24.8063,
600202.SH,¹þ¿Õµ÷,2010-03-02,21.7327,22.7606,21.6348,22.6725,8589991,2.2408,8878169963.52,8878169963.52,25.879,
600202.SH,¹þ¿Õµ÷,2010-03-03,22.692,23.671,22.3396,22.8585,10580528,2.7601,8951004691.2,8951004691.2,26.0913,
600202.SH,¹þ¿Õµ÷,2010-03-04,22.927,23.3479,21.8795,21.9872,10340012,2.6973,8609831493.12,8609831493.12,25.0968,
600202.SH,¹þ¿Õµ÷,2010-03-05,21.9872,22.3298,21.3313,21.5956,4594013,1.1984,8456495224.32,8456495224.32,24.6499,
600202.SH,¹þ¿Õµ÷,2010-03-08,21.4586,22.2221,21.39,21.5369,6239733,1.6277,8433494784,8433494784,24.5828,
600202.SH,¹þ¿Õµ÷,2010-03-09,21.7131,21.7131,21.2432,21.5075,3593738,0.9375,8421994563.84,8421994563.84,24.5493,
600202.SH,¹þ¿Õµ÷,2010-03-10,21.439,21.6446,21.0474,21.2432,2964849,0.7734,8318492582.4,8318492582.4,24.2476,
600202.SH,¹þ¿Õµ÷,2010-03-11,21.0964,21.5075,20.8516,21.1649,3450614,0.9001,8287825328.64,8287825328.64,24.1582,
600202.SH,¹þ¿Õµ÷,2010-03-12,21.1159,21.3998,21.0474,21.1061,3776574,0.9852,8264824888.32,8264824888.32,24.0912,
600202.SH,¹þ¿Õµ÷,2010-03-15,21.1061,21.2138,20.2447,20.4307,5291274,1.3803,8000319824.64,8000319824.64,23.3202,
600202.SH,¹þ¿Õµ÷,2010-03-16,20.4307,20.5579,20.0978,20.5188,3501408,0.9134,8034820485.12,8034820485.12,23.4207,
600202.SH,¹þ¿Õµ÷,2010-03-17,20.6754,21.4292,20.4405,21.3117,4035951,1.0528,8345326429.44,8345326429.44,24.3258,
600202.SH,¹þ¿Õµ÷,2010-03-18,21.204,21.7914,21.1453,21.3705,4766729,1.2435,8368326869.76,8368326869.76,24.3929,
600202.SH,¹þ¿Õµ÷,2010-03-19,21.439,21.5173,20.9299,21.1453,2952056,0.7701,8280158515.2,8280158515.2,24.1359,
600202.SH,¹þ¿Õµ÷,2010-03-22,21.1453,21.1453,20.46,21.0572,4338130,1.1317,8245657854.72,8245657854.72,24.0353,
600202.SH,¹þ¿Õµ÷,2010-03-23,20.7733,21.1453,20.7733,20.9789,4137979,1.0795,8214990600.96,8214990600.96,23.9459,
600202.SH,¹þ¿Õµ÷,2010-03-24,21.1453,22.2417,21.0474,21.8404,7786568,2.0312,8552330392.32,8552330392.32,24.9292,
600202.SH,¹þ¿Õµ÷,2010-03-25,21.9089,22.0949,21.6348,21.9187,5375855,1.4024,8582997646.08,8582997646.08,25.0186,
600202.SH,¹þ¿Õµ÷,2010-03-26,21.9089,22.4865,21.6641,22.4277,6069848,1.5834,8782334795.52,8782334795.52,25.5997,
600202.SH,¹þ¿Õµ÷,2010-03-29,22.3788,22.4865,21.8991,22.1634,6491892,1.6935,8678832814.08,8678832814.08,25.298,
600202.SH,¹þ¿Õµ÷,2010-03-30,20.0195,21.1943,20.0195,20.3621,34641847,9.0368,7973485977.6,7973485977.6,56.2802,
600202.SH,¹þ¿Õµ÷,2010-03-31,20.0195,20.5971,19.3734,20.5286,24578224,6.4116,8038653891.84,8038653891.84,56.7402,
600202.SH,¹þ¿Õµ÷,2010-04-01,20.1664,20.7537,20.1664,20.5971,16558911,4.3196,8065487738.88,8065487738.88,56.9296,
600202.SH,¹þ¿Õµ÷,2010-04-02,20.5775,20.5873,19.8727,20.0978,13456528,3.5103,7869983996.16,7869983996.16,55.5496,
600202.SH,¹þ¿Õµ÷,2010-04-06,20.0195,20.3524,19.951,20.1174,5723901,1.4932,7877650809.6,7877650809.6,55.6037,
600202.SH,¹þ¿Õµ÷,2010-04-07,20.1174,20.1174,20.1174,20.1174,--,--,7877650809.6,7877650809.6,55.6037,
600202.SH,¹þ¿Õµ÷,2010-04-08,20.1174,20.1468,19.0895,19.5888,18025414,4.7022,7670646846.72,7670646846.72,54.1426,
600202.SH,¹þ¿Õµ÷,2010-04-09,19.4517,19.6769,19.2461,19.5692,11231752,2.93,7662980033.28,7662980033.28,54.0885,
600202.SH,¹þ¿Õµ÷,2010-04-12,19.4811,19.6671,19.0699,19.2461,10973628,2.8626,7536477611.52,7536477611.52,53.1956,
600202.SH,¹þ¿Õµ÷,2010-04-13,19.2461,19.2461,17.6113,18.3161,17815185,4.6474,7172303973.12,7172303973.12,50.6251,
600202.SH,¹þ¿Õµ÷,2010-04-14,18.1595,18.9916,17.9246,18.8448,9479380,2.4728,7379307936,7379307936,52.0862,
600202.SH,¹þ¿Õµ÷,2010-04-15,18.8644,19.4028,18.6,19.344,12080494,3.1514,7574811678.72,7574811678.72,53.4662,
600202.SH,¹þ¿Õµ÷,2010-04-16,19.344,19.6573,19.0895,19.158,5712629,1.4902,7501976951.04,7501976951.04,52.9521,
600202.SH,¹þ¿Õµ÷,2010-04-19,19.158,19.158,19.158,19.158,--,--,7501976951.04,7501976951.04,52.9521,
600202.SH,¹þ¿Õµ÷,2010-04-20,17.4253,17.9735,17.2393,17.2393,7400046,1.9304,6750629233.92,6750629233.92,55.4578,
600202.SH,¹þ¿Õµ÷,2010-04-21,16.7596,16.789,15.5163,16.3485,35820436,9.3443,6401789222.4,6401789222.4,52.592,
600202.SH,¹þ¿Õµ÷,2010-04-22,16.0058,16.1331,15.5261,15.6436,25598683,6.6778,6125783938.56,6125783938.56,50.3245,
600202.SH,¹þ¿Õµ÷,2010-04-23,15.6436,16.1429,15.0269,15.7121,23131450,6.0342,6152617785.6,6152617785.6,50.545,
600202.SH,¹þ¿Õµ÷,2010-04-26,15.7219,16.3876,15.7219,16.0841,17728200,4.6247,6298287240.96,6298287240.96,51.7417,
600202.SH,¹þ¿Õµ÷,2010-04-27,16.1527,16.5051,15.4674,15.7807,15158974,3.9544,6179451632.64,6179451632.64,50.7654,
600202.SH,¹þ¿Õµ÷,2010-04-28,15.6436,15.7905,15.0464,15.2912,8258208,2.1543,5987781296.64,5987781296.64,49.1908,
600202.SH,¹þ¿Õµ÷,2010-04-29,15.3499,16.0352,15.3499,15.7317,14139911,3.6886,6160284599.04,6160284599.04,50.608,
600202.SH,¹þ¿Õµ÷,2010-04-30,15.7415,16.1037,15.5653,16.0743,14543357,3.7938,6294453834.24,6294453834.24,51.7102,
600202.SH,¹þ¿Õµ÷,2010-05-04,15.7807,16.0058,15.3206,15.6045,9372523,2.445,6110450311.68,6110450311.68,50.1986,
600202.SH,¹þ¿Õµ÷,2010-05-05,15.3499,15.5653,14.7723,15.5555,11755248,3.0665,6091283278.08,6091283278.08,50.0411,
600202.SH,¹þ¿Õµ÷,2010-05-06,15.3793,16.368,15.2716,15.8002,23995126,6.2595,6187118446.08,6187118446.08,50.8284,
600202.SH,¹þ¿Õµ÷,2010-05-07,15.5653,16.231,14.9779,16.1625,17929826,4.6773,6328954494.72,6328954494.72,51.9936,
600202.SH,¹þ¿Õµ÷,2010-05-10,16.0058,16.3093,15.5751,15.9373,13085820,3.4136,6240786140.16,6240786140.16,51.2693,
600202.SH,¹þ¿Õµ÷,2010-05-11,16.231,16.3191,15.4674,15.5359,11149260,2.9084,6083616464.64,6083616464.64,49.9781,
600202.SH,¹þ¿Õµ÷,2010-05-12,15.2227,15.2227,13.9794,14.9388,18927341,4.9375,5849778654.72,5849778654.72,48.0571,
600202.SH,¹þ¿Õµ÷,2010-05-13,14.6255,15.115,14.4884,15.066,10279069,2.6814,5899612942.08,5899612942.08,48.4665,
600202.SH,¹þ¿Õµ÷,2010-05-14,14.8898,14.9681,14.4884,14.7234,6977414,1.8202,5765443706.88,5765443706.88,47.3643,
600202.SH,¹þ¿Õµ÷,2010-05-17,14.6353,14.6353,13.2941,13.4508,8745069,2.2813,5267100833.28,5267100833.28,43.2703,
600202.SH,¹þ¿Õµ÷,2010-05-18,13.6172,13.95,13.2256,13.8423,8944655,2.3333,5420437102.08,5420437102.08,44.53,
600202.SH,¹þ¿Õµ÷,2010-05-19,13.6661,13.95,13.5193,13.6074,6110499,1.594,5328435340.8,5328435340.8,43.7742,
600202.SH,¹þ¿Õµ÷,2010-05-20,13.5095,13.9892,13.3235,13.578,7299177,1.9041,5316935120.64,5316935120.64,43.6797,
600202.SH,¹þ¿Õµ÷,2010-05-21,13.206,13.8815,12.7949,13.8423,11549912,3.013,5420437102.08,5420437102.08,44.53,
600202.SH,¹þ¿Õµ÷,2010-05-24,13.8521,14.5276,13.7738,14.3024,15229323,3.9728,5600607217.92,5600607217.92,46.0101,
600202.SH,¹þ¿Õµ÷,2010-05-25,14.1458,14.2633,13.7738,13.9011,7968605,2.0787,5443437542.4,5443437542.4,44.7189,
600202.SH,¹þ¿Õµ÷,2010-05-26,13.9011,14.4395,13.9011,14.1948,9444347,2.4637,5558439744,5558439744,45.6637,
600202.SH,¹þ¿Õµ÷,2010-05-27,14.1556,14.5374,13.8032,14.4003,11616221,3.0303,5638941285.12,5638941285.12,46.325,
600202.SH,¹þ¿Õµ÷,2010-05-28,14.4884,14.7528,14.3122,14.3906,10437678,2.7228,5635107878.4,5635107878.4,46.2935,
600202.SH,¹þ¿Õµ÷,2010-05-31,14.3906,14.3906,14.3906,14.3906,--,--,5635107878.4,5635107878.4,46.2935,
600202.SH,¹þ¿Õµ÷,2010-06-01,13.8913,13.9794,13.5095,13.8913,7989161,2.0841,5439604135.68,5439604135.68,44.6874,
600202.SH,¹þ¿Õµ÷,2010-06-02,13.7444,14.4101,13.6074,14.3122,8020679,2.0923,5604440624.64,5604440624.64,46.0416,
600202.SH,¹þ¿Õµ÷,2010-06-03,14.3906,14.4982,14.1262,14.185,6635652,1.731,5554606337.28,5554606337.28,45.6322,
600202.SH,¹þ¿Õµ÷,2010-06-04,14.1948,14.2731,13.8423,14.1948,4429465,1.1555,5558439744,5558439744,45.6637,
600202.SH,¹þ¿Õµ÷,2010-06-07,13.7151,14.185,13.6857,14.0577,4167837,1.0872,5504772049.92,5504772049.92,45.2228,
600202.SH,¹þ¿Õµ÷,2010-06-08,14.0283,14.4297,13.9696,14.3906,5348468,1.3952,5635107878.4,5635107878.4,46.2935,
600202.SH,¹þ¿Õµ÷,2010-06-09,14.5374,15.1639,14.2437,14.7136,11262049,2.9379,5761610300.16,5761610300.16,47.3328,
600202.SH,¹þ¿Õµ÷,2010-06-10,14.5953,15.3645,14.5361,15.2264,12389434,3.232,5918779975.68,5918779975.68,48.624,
600202.SH,¹þ¿Õµ÷,2010-06-11,15.256,15.2856,14.9404,15.1771,4489481,1.1711,5899612942.08,5899612942.08,48.4665,
600202.SH,¹þ¿Õµ÷,2010-06-17,15.325,15.3349,14.6939,14.7037,3868523,1.0092,5715609419.52,5715609419.52,46.9549,
600202.SH,¹þ¿Õµ÷,2010-06-18,14.6544,14.8813,13.9049,14.0529,5216465,1.3608,5462604576,5462604576,44.8764,
600202.SH,¹þ¿Õµ÷,2010-06-21,14.0529,14.5755,13.8359,14.4769,3709841,0.9678,5627441064.96,5627441064.96,46.2305,
600202.SH,¹þ¿Õµ÷,2010-06-22,14.4572,14.9404,14.3389,14.7333,4614525,1.2038,5727109639.68,5727109639.68,47.0493,
600202.SH,¹þ¿Õµ÷,2010-06-23,14.6544,14.8221,14.398,14.6939,3244774,0.8464,5711776012.8,5711776012.8,46.9234,
600202.SH,¹þ¿Õµ÷,2010-06-24,14.684,14.7432,14.4079,14.546,2917443,0.7611,5654274912,5654274912,46.451,
600202.SH,¹þ¿Õµ÷,2010-06-25,14.546,14.6939,14.1515,14.329,2674008,0.6976,5569939964.16,5569939964.16,45.7582,
600202.SH,¹þ¿Õµ÷,2010-06-28,14.2008,14.3882,13.5598,13.7669,4641737,1.2109,5351435781.12,5351435781.12,43.9631,
600202.SH,¹þ¿Õµ÷,2010-06-29,13.757,13.7965,12.3863,12.3961,8694169,2.268,4818592247.04,4818592247.04,39.5857,
600202.SH,¹þ¿Õµ÷,2010-06-30,12.0115,12.3271,11.8143,12.1989,7440419,1.9409,4741924112.64,4741924112.64,38.9558,
600202.SH,¹þ¿Õµ÷,2010-07-01,12.1101,12.5243,11.6565,11.8932,5088988,1.3275,4623088504.32,4623088504.32,37.9796,
600202.SH,¹þ¿Õµ÷,2010-07-02,11.834,12.1003,11.262,12.0115,4611478,1.203,4669089384.96,4669089384.96,38.3575,
600202.SH,¹þ¿Õµ÷,2010-07-05,11.6664,11.8143,11.4987,11.6466,3110368,0.8114,4527253336.32,4527253336.32,37.1923,
600202.SH,¹þ¿Õµ÷,2010-07-06,11.6466,11.9721,11.548,11.903,4860495,1.2679,4626921911.04,4626921911.04,38.0111,
600202.SH,¹þ¿Õµ÷,2010-07-07,11.9326,12.2778,11.7452,12.2285,5815930,1.5172,4753424332.8,4753424332.8,39.0503,
600202.SH,¹þ¿Õµ÷,2010-07-08,12.2285,12.2679,11.8636,11.9523,5077965,1.3247,4646088944.64,4646088944.64,38.1685,
600202.SH,¹þ¿Õµ÷,2010-07-09,11.9523,12.3863,11.903,12.2581,6096149,1.5903,4764924552.96,4764924552.96,39.1448,
600202.SH,¹þ¿Õµ÷,2010-07-12,12.2876,12.7018,12.2285,12.5736,9120574,2.3792,4887593568,4887593568,40.1526,
600202.SH,¹þ¿Õµ÷,2010-07-13,12.406,12.406,12.1496,12.2285,5354170,1.3967,4753424332.8,4753424332.8,39.0503,
600202.SH,¹þ¿Õµ÷,2010-07-14,12.1298,12.3172,11.7354,12.12,18359771,4.7894,4711256858.88,4711256858.88,38.7039,
600202.SH,¹þ¿Õµ÷,2010-07-15,11.9523,12.0312,11.4987,11.5579,9212643,2.4033,4492752675.84,4492752675.84,36.9089,
600202.SH,¹þ¿Õµ÷,2010-07-16,11.479,11.4987,11.124,11.4494,5593641,1.4592,4450585201.92,4450585201.92,36.5624,
600202.SH,¹þ¿Õµ÷,2010-07-19,11.2916,11.6959,11.2423,11.6565,5747696,1.4994,4531086743.04,4531086743.04,37.2238,
600202.SH,¹þ¿Õµ÷,2010-07-20,11.6664,12.1792,11.6269,12.1397,12353451,3.2226,4718923672.32,4718923672.32,38.7669,
600202.SH,¹þ¿Õµ÷,2010-07-21,12.2285,12.7018,12.1397,12.3172,20759466,5.4154,4787924993.28,4787924993.28,39.3338,
600202.SH,¹þ¿Õµ÷,2010-07-22,12.2482,12.6328,12.2285,12.5342,9880943,2.5776,4872259941.12,4872259941.12,40.0266,
600202.SH,¹þ¿Õµ÷,2010-07-23,12.5342,12.5933,12.2087,12.4651,10125655,2.6414,4845426094.08,4845426094.08,39.8061,
600202.SH,¹þ¿Õµ÷,2010-07-26,12.5145,12.7807,12.4257,12.6229,10257527,2.6758,4906760601.6,4906760601.6,40.31,
600202.SH,¹þ¿Õµ÷,2010-07-27,12.6229,12.6229,12.3764,12.4651,6924852,1.8064,4845426094.08,4845426094.08,39.8061,
600202.SH,¹þ¿Õµ÷,2010-07-28,12.3764,12.9484,12.3074,12.9089,12618434,3.2917,5017929396.48,5017929396.48,41.2233,
600202.SH,¹þ¿Õµ÷,2010-07-29,12.9681,13.2442,12.761,13.1357,12402429,3.2354,5106097751.04,5106097751.04,41.9476,
600202.SH,¹þ¿Õµ÷,2010-07-30,13.0174,13.0273,12.7511,12.9286,10075620,2.6284,5025596209.92,5025596209.92,41.2863,
600202.SH,¹þ¿Õµ÷,2010-08-02,12.9188,13.2935,12.8793,13.2541,10888265,2.8404,5152098631.68,5152098631.68,42.3255,
600202.SH,¹þ¿Õµ÷,2010-08-03,13.3428,13.6683,13.2146,13.2837,19883443,5.1869,5163598851.84,5163598851.84,86.4694,
600202.SH,¹þ¿Õµ÷,2010-08-04,13.2245,13.7866,13.2245,13.7472,17372994,4.532,5343768967.68,5343768967.68,89.4865,
600202.SH,¹þ¿Õµ÷,2010-08-05,13.7373,14.0036,13.5598,13.8261,11268568,2.9396,5374436221.44,5374436221.44,90,
600202.SH,¹þ¿Õµ÷,2010-08-06,13.8556,14.3389,13.6091,14.2797,11398539,2.9735,5550772930.56,5550772930.56,92.9529,
600202.SH,¹þ¿Õµ÷,2010-08-09,14.2994,14.7925,14.1022,14.5065,12090542,3.154,5638941285.12,5638941285.12,94.4294,
600202.SH,¹þ¿Õµ÷,2010-08-10,14.5065,14.5065,13.5598,13.5795,11038648,2.8796,5278601053.44,5278601053.44,88.3952,
600202.SH,¹þ¿Õµ÷,2010-08-11,13.5006,13.8951,13.4217,13.8261,5508091,1.4369,5374436221.44,5374436221.44,90,
600202.SH,¹þ¿Õµ÷,2010-08-12,13.6091,14.112,13.5203,13.9345,8511725,2.2204,5416603695.36,5416603695.36,90.7062,
600202.SH,¹þ¿Õµ÷,2010-08-13,13.9049,14.0233,13.4908,13.9543,5204574,1.3577,5424270508.8,5424270508.8,90.8345,
600202.SH,¹þ¿Õµ÷,2010-08-16,14.0036,14.3684,13.8556,14.1022,9859847,2.5721,5481771609.6,5481771609.6,91.7975,
600202.SH,¹þ¿Õµ÷,2010-08-17,14.0529,14.1909,13.8063,14.0134,7510305,1.9592,5447270949.12,5447270949.12,91.2197,
600202.SH,¹þ¿Õµ÷,2010-08-18,14.2994,14.4966,13.9838,14.0331,11078258,2.8899,5454937762.56,5454937762.56,91.3481,
600202.SH,¹þ¿Õµ÷,2010-08-19,13.9148,14.1811,13.6584,14.0529,10416032,2.7172,5462604576,5462604576,91.4765,
600202.SH,¹þ¿Õµ÷,2010-08-20,13.8951,13.9148,13.5105,13.7866,6952398,1.8136,5359102594.56,5359102594.56,89.7432,
600202.SH,¹þ¿Õµ÷,2010-08-23,13.688,13.8458,13.4217,13.5598,6345051,1.6552,5270934240,5270934240,88.2668,
600202.SH,¹þ¿Õµ÷,2010-08-24,13.5105,13.5992,13.1949,13.5006,11905494,3.1057,5247933799.68,5247933799.68,87.8816,
600202.SH,¹þ¿Õµ÷,2010-08-25,13.3921,13.4414,12.7018,12.761,13951403,3.6394,4960428295.68,4960428295.68,83.0671,
600202.SH,¹þ¿Õµ÷,2010-08-26,12.7906,12.8991,12.5046,12.7807,9699632,2.5303,4968095109.12,4968095109.12,83.1955,
600202.SH,¹þ¿Õµ÷,2010-08-27,12.6722,12.8498,12.5835,12.7018,8004066,2.088,4937427855.36,4937427855.36,82.6819,
600202.SH,¹þ¿Õµ÷,2010-08-30,12.7709,13.1259,12.7215,13.0766,13106353,3.419,5083097310.72,5083097310.72,85.1213,
600202.SH,¹þ¿Õµ÷,2010-08-31,13.185,13.185,12.8202,13.047,12918060,3.3699,5071597090.56,5071597090.56,84.9287,
600202.SH,¹þ¿Õµ÷,2010-09-01,13.0371,13.4414,12.9484,13.0568,13556654,3.5365,5075430497.28,5075430497.28,84.9929,
600202.SH,¹þ¿Õµ÷,2010-09-02,13.2146,13.4119,13.0568,13.1259,14380914,3.7515,5102264344.32,5102264344.32,85.4423,
600202.SH,¹þ¿Õµ÷,2010-09-03,13.116,13.4119,13.0273,13.3527,15196704,3.9643,5190432698.88,5190432698.88,86.9187,
600202.SH,¹þ¿Õµ÷,2010-09-06,13.471,13.5006,13.1752,13.2344,13840417,3.6105,5144431818.24,5144431818.24,86.1484,
600202.SH,¹þ¿Õµ÷,2010-09-07,13.2344,13.2344,13.2344,13.2344,--,--,5144431818.24,5144431818.24,86.1484,
600202.SH,¹þ¿Õµ÷,2010-09-08,13.2738,13.402,13.1062,13.1456,16869234,4.4006,5109931157.76,5109931157.76,85.5706,
600202.SH,¹þ¿Õµ÷,2010-09-09,13.2146,13.3823,12.5342,12.6328,18395489,4.7987,4910594008.32,4910594008.32,82.2326,
600202.SH,¹þ¿Õµ÷,2010-09-10,12.5638,12.6229,12.189,12.4356,13771472,3.5925,4833925873.92,4833925873.92,80.9487,
600202.SH,¹þ¿Õµ÷,2010-09-13,12.4257,12.9385,12.3468,12.8991,10474351,2.7324,5014095989.76,5014095989.76,83.9658,
600202.SH,¹þ¿Õµ÷,2010-09-14,12.9484,13.185,12.8498,13.0568,14071991,3.6709,5075430497.28,5075430497.28,84.9929,
600202.SH,¹þ¿Õµ÷,2010-09-15,13.0667,13.8063,13.0075,13.4908,33501225,8.7393,5244100392.96,5244100392.96,87.8174,
600202.SH,¹þ¿Õµ÷,2010-09-16,13.4316,14.0825,13.1456,13.9247,38790061,10.119,5412770288.64,5412770288.64,90.642,
600202.SH,¹þ¿Õµ÷,2010-09-17,13.8458,14.1712,13.5598,13.5894,28664973,7.4777,5282434460.16,5282434460.16,88.4594,
600202.SH,¹þ¿Õµ÷,2010-09-20,13.5499,13.9543,13.1555,13.333,20474229,5.341,5182765885.44,5182765885.44,86.7903,
600202.SH,¹þ¿Õµ÷,2010-09-21,13.3921,13.4809,12.8399,12.8695,13944273,3.6376,5002595769.6,5002595769.6,83.7732,
600202.SH,¹þ¿Õµ÷,2010-09-27,12.8695,13.4809,12.7413,13.4414,13090403,3.4148,5224933359.36,5224933359.36,87.4965,
600202.SH,¹þ¿Õµ÷,2010-09-28,13.4612,13.7767,13.3231,13.6288,16978817,4.4292,5297768087.04,5297768087.04,88.7161,
600202.SH,¹þ¿Õµ÷,2010-09-29,13.6485,13.7077,12.9977,13.1259,14921537,3.8925,5102264344.32,5102264344.32,85.4423,
600202.SH,¹þ¿Õµ÷,2010-09-30,12.9385,13.2146,12.8004,13.1357,9354268,2.4402,5106097751.04,5106097751.04,85.5064,
600202.SH,¹þ¿Õµ÷,2010-10-08,13.2442,13.8556,13.1456,13.8162,21074611,5.4976,5370602814.72,5370602814.72,89.9358,
600202.SH,¹þ¿Õµ÷,2010-10-11,14.0036,14.2994,13.7866,13.9148,33333981,8.6957,5408936881.92,5408936881.92,90.5778,
600202.SH,¹þ¿Õµ÷,2010-10-12,13.8162,14.6248,13.7373,14.4966,28463457,7.4251,5635107878.4,5635107878.4,94.3652,
600202.SH,¹þ¿Õµ÷,2010-10-13,14.546,15.0489,14.1318,14.9207,31132256,8.1213,5799944367.36,5799944367.36,97.1256,
600202.SH,¹þ¿Õµ÷,2010-10-14,14.97,15.2757,14.3586,14.684,29600053,7.7216,5707942606.08,5707942606.08,95.5849,
600202.SH,¹þ¿Õµ÷,2010-10-15,14.4868,15.9562,14.398,15.4828,33677499,8.7853,6018448550.4,6018448550.4,100.7846,
600202.SH,¹þ¿Õµ÷,2010-10-18,15.6307,15.7589,14.901,15.187,27623825,7.2061,5903446348.8,5903446348.8,98.8588,
600202.SH,¹þ¿Õµ÷,2010-10-19,15.039,15.4138,14.6939,15.2461,22978800,5.9944,5926446789.12,5926446789.12,99.244,
600202.SH,¹þ¿Õµ÷,2010-10-20,14.8024,15.6505,14.7826,15.1771,19938336,5.2012,5899612942.08,5899612942.08,98.7946,
600202.SH,¹þ¿Õµ÷,2010-10-21,15.1672,15.2264,14.7925,14.9897,14766654,3.8521,5826778214.4,5826778214.4,97.5749,
600202.SH,¹þ¿Õµ÷,2010-10-22,14.9799,14.9799,14.5953,14.7235,14713561,3.8382,5723276232.96,5723276232.96,95.8417,
600202.SH,¹þ¿Õµ÷,2010-10-25,14.8319,15.3842,14.7432,15.2461,16392333,4.2762,5926446789.12,5926446789.12,99.244,
600202.SH,¹þ¿Õµ÷,2010-10-26,15.325,15.325,14.6544,14.9601,20128851,5.2509,5815277994.24,5815277994.24,1391.9246,
600202.SH,¹þ¿Õµ÷,2010-10-27,14.8221,14.9207,14.615,14.684,15705200,4.0969,5707942606.08,5707942606.08,1366.2332,
600202.SH,¹þ¿Õµ÷,2010-10-28,14.5953,14.8418,14.4966,14.7235,10432331,2.7214,5723276232.96,5723276232.96,1369.9034,
600202.SH,¹þ¿Õµ÷,2010-10-29,14.7136,15.3349,14.7037,15.2165,21486509,5.6051,5914946568.96,5914946568.96,1415.7809,
600202.SH,¹þ¿Õµ÷,2010-11-01,15.187,15.9069,15.0883,15.8674,27183233,7.0911,6167951412.48,6167951412.48,1476.3392,
600202.SH,¹þ¿Õµ÷,2010-11-02,15.8674,16.5577,15.3842,15.4532,35201918,9.1829,6006948330.24,6006948330.24,1437.8021,
600202.SH,¹þ¿Õµ÷,2010-11-03,15.4138,15.8773,15.1968,15.2954,17799787,4.6433,5945613822.72,5945613822.72,1423.1213,
600202.SH,¹þ¿Õµ÷,2010-11-04,15.2954,15.5814,15.1377,15.473,13865216,3.6169,6014615143.68,6014615143.68,1439.6372,
600202.SH,¹þ¿Õµ÷,2010-11-05,15.5617,16.1929,15.2363,16.0745,25512842,6.6554,6248452953.6,6248452953.6,1495.6079,
600202.SH,¹þ¿Õµ÷,2010-11-08,16.1731,16.252,15.8181,16.0647,19550846,5.1001,6244619546.88,6244619546.88,1494.6903,
600202.SH,¹þ¿Õµ÷,2010-11-09,16.0844,16.6564,15.9858,16.4591,25597391,6.6775,6397955815.68,6397955815.68,1531.3923,
600202.SH,¹þ¿Õµ÷,2010-11-10,16.3605,16.3605,16.0055,16.1633,15888846,4.1448,6282953614.08,6282953614.08,1503.8658,
600202.SH,¹þ¿Õµ÷,2010-11-11,16.0055,16.538,15.7688,15.7984,23152849,6.0398,6141117565.44,6141117565.44,1469.9164,
600202.SH,¹þ¿Õµ÷,2010-11-12,15.5913,15.7589,14.2205,14.3586,24228916,6.3205,5581440184.32,5581440184.32,1335.954,
600202.SH,¹þ¿Õµ÷,2010-11-15,14.398,14.8319,14.0529,14.615,13330888,3.4776,5681108759.04,5681108759.04,1359.8103,
600202.SH,¹þ¿Õµ÷,2010-11-16,14.5558,14.6051,13.5302,13.5992,12531873,3.2691,5286267866.88,5286267866.88,1265.3026,
600202.SH,¹þ¿Õµ÷,2010-11-17,13.5105,13.7373,13.1653,13.2935,8002019,2.0874,5167432258.56,5167432258.56,1236.8585,
600202.SH,¹þ¿Õµ÷,2010-11-18,13.4119,13.5992,13.1062,13.4119,7078823,1.8466,5213433139.2,5213433139.2,1247.8691,
600202.SH,¹þ¿Õµ÷,2010-11-19,13.4414,13.6584,13.0273,13.6485,9673311,2.5234,5305434900.48,5305434900.48,1269.8904,
600202.SH,¹þ¿Õµ÷,2010-11-22,13.5006,14.1022,13.3921,13.8359,10291217,2.6846,5378269628.16,5378269628.16,1287.3239,
600202.SH,¹þ¿Õµ÷,2010-11-23,13.7274,13.7767,13.2048,13.3231,7456638,1.9452,5178932478.72,5178932478.72,1239.6112,
600202.SH,¹þ¿Õµ÷,2010-11-24,13.2935,13.7373,13.2639,13.7176,7630267,1.9905,5332268747.52,5332268747.52,1276.3132,
600202.SH,¹þ¿Õµ÷,2010-11-25,13.7669,14.0036,13.7472,13.9444,8622332,2.2493,5420437102.08,5420437102.08,1297.4169,
600202.SH,¹þ¿Õµ÷,2010-11-26,13.9444,13.9444,13.5795,13.6584,6949940,1.813,5309268307.2,5309268307.2,1270.8079,
600202.SH,¹þ¿Õµ÷,2010-11-29,13.5894,13.6584,13.3132,13.5598,6953903,1.814,5270934240,5270934240,1261.6324,
600202.SH,¹þ¿Õµ÷,2010-11-30,13.4316,13.6683,12.6131,12.8695,10387939,2.7098,5002595769.6,5002595769.6,1197.4038,
600202.SH,¹þ¿Õµ÷,2010-12-01,12.9188,12.978,12.7215,12.8892,4543231,1.1852,5010262583.04,5010262583.04,1199.2389,
600202.SH,¹þ¿Õµ÷,2010-12-02,13.0766,13.471,12.9484,13.2245,9961704,2.5987,5140598411.52,5140598411.52,1230.4357,
600202.SH,¹þ¿Õµ÷,2010-12-03,13.1456,13.3428,13.0075,13.0963,4407062,1.1496,5090764124.16,5090764124.16,1218.5076,
600202.SH,¹þ¿Õµ÷,2010-12-06,13.2048,13.2541,12.7906,13.2442,8175336,2.1327,5148265224.96,5148265224.96,1232.2708,
600202.SH,¹þ¿Õµ÷,2010-12-07,13.116,13.2541,12.8991,13.1456,6795459,1.7727,5109931157.76,5109931157.76,1223.0952,
600202.SH,¹þ¿Õµ÷,2010-12-08,13.1456,13.1456,13.1456,13.1456,--,--,5109931157.76,5109931157.76,1223.0952,
600202.SH,¹þ¿Õµ÷,2010-12-09,12.9286,12.9681,12.6328,12.6427,6442173,1.6805,4914427415.04,4914427415.04,1176.3002,
600202.SH,¹þ¿Õµ÷,2010-12-10,12.5736,12.8596,12.5243,12.7511,4756496,1.2408,4956594888.96,4956594888.96,1186.3932,
600202.SH,¹þ¿Õµ÷,2010-12-13,12.8202,13.1949,12.7906,13.1357,7652284,1.9962,5106097751.04,5106097751.04,1222.1777,
600202.SH,¹þ¿Õµ÷,2010-12-14,13.1653,13.4316,13.1062,13.3132,7944852,2.0725,5175099072,5175099072,1238.6936,
600202.SH,¹þ¿Õµ÷,2010-12-15,13.3034,13.402,13.116,13.1555,7538233,1.9665,5113764564.48,5113764564.48,1224.0128,
600202.SH,¹þ¿Õµ÷,2010-12-16,13.116,13.2146,12.9385,13.0075,5448644,1.4214,5056263463.68,5056263463.68,1210.2495,
600202.SH,¹þ¿Õµ÷,2010-12-17,12.9977,13.0766,12.9089,13.0568,4131595,1.0778,5075430497.28,5075430497.28,1214.8373,
600202.SH,¹þ¿Õµ÷,2010-12-20,13.1456,13.2541,12.5539,12.83,6838596,1.7839,4987262142.72,4987262142.72,1193.7336,
600202.SH,¹þ¿Õµ÷,2010-12-21,12.8695,12.9878,12.7215,12.9484,5869300,1.5311,5033263023.36,5033263023.36,1204.7443,
600202.SH,¹þ¿Õµ÷,2010-12-22,12.9582,13.047,12.83,12.9188,5505386,1.4362,5021762803.2,5021762803.2,1201.9916,
600202.SH,¹þ¿Õµ÷,2010-12-23,12.8596,12.9385,12.6032,12.6328,4240298,1.1061,4910594008.32,4910594008.32,1175.3826,
600202.SH,¹þ¿Õµ÷,2010-12-24,12.6229,12.6229,12.2482,12.3271,5112352,1.3336,4791758400,4791758400,1146.9386,
600202.SH,¹þ¿Õµ÷,2010-12-27,12.3468,12.5539,11.834,11.903,4008638,1.0457,4626921911.04,4626921911.04,1107.4839,
600202.SH,¹þ¿Õµ÷,2010-12-28,11.8734,12.0115,11.4593,11.4987,4263796,1.1123,4469752235.52,4469752235.52,1069.8643,
600202.SH,¹þ¿Õµ÷,2010-12-29,11.5184,11.7354,11.5184,11.7058,2543359,0.6635,4550253776.64,4550253776.64,1089.1328,
600202.SH,¹þ¿Õµ÷,2010-12-30,11.6762,11.9228,11.548,11.8044,2806834,0.7322,4588587843.84,4588587843.84,1098.3083,
600202.SH,¹þ¿Õµ÷,2010-12-31,11.8439,11.9819,11.7847,11.9721,4556413,1.1886,4653755758.08,4653755758.08,1113.9067,
600202.SH,¹þ¿Õµ÷,2011-01-04,12.0312,12.1298,11.9129,12.0707,3921094,1.0229,4692089825.28,4692089825.28,1123.0823,
600202.SH,¹þ¿Õµ÷,2011-01-05,11.9819,12.4651,11.9622,12.4553,7398362,1.93,4841592687.36,4841592687.36,1158.8667,
600202.SH,¹þ¿Õµ÷,2011-01-06,12.3567,12.3764,12.1792,12.189,3779140,0.9858,4738090705.92,4738090705.92,1134.0928,
600202.SH,¹þ¿Õµ÷,2011-01-07,12.0312,12.2581,11.9819,12.0904,3519186,0.918,4699756638.72,4699756638.72,1124.9174,
600202.SH,¹þ¿Õµ÷,2011-01-10,12.1101,12.1298,11.6861,11.7157,3736897,0.9748,4554087183.36,4554087183.36,1090.0504,
600202.SH,¹þ¿Õµ÷,2011-01-11,11.6861,11.7255,11.4888,11.6664,3113016,0.8121,4534920149.76,4534920149.76,1085.4626,
600202.SH,¹þ¿Õµ÷,2011-01-12,11.6664,11.834,11.617,11.7847,2387712,0.6229,4580921030.4,4580921030.4,1096.4733,
600202.SH,¹þ¿Õµ÷,2011-01-13,11.7452,11.8833,11.6959,11.8241,1980667,0.5167,4596254657.28,4596254657.28,1100.1434,
600202.SH,¹þ¿Õµ÷,2011-01-14,11.7847,11.7847,11.4987,11.5776,2268602,0.5918,4500419489.28,4500419489.28,1077.2047,
600202.SH,¹þ¿Õµ÷,2011-01-17,11.4593,11.5677,11.124,11.1535,3809456,0.9938,4335583000.32,4335583000.32,1037.75,
600202.SH,¹þ¿Õµ÷,2011-01-18,11.1437,11.2127,11.0451,11.1831,1847628,0.482,4347083220.48,4347083220.48,1040.5027,
600202.SH,¹þ¿Õµ÷,2011-01-19,11.1831,11.4395,11.1437,11.4297,5462649,1.425,4442918388.48,4442918388.48,1063.4414,
600202.SH,¹þ¿Õµ÷,2011-01-20,11.4099,11.4099,10.8182,10.8478,4361278,1.1377,4216747392,4216747392,1009.3059,
600202.SH,¹þ¿Õµ÷,2011-01-21,10.7492,11.0155,10.7295,10.8971,2998468,0.7822,4235914425.6,4235914425.6,1013.8937,
600202.SH,¹þ¿Õµ÷,2011-01-24,10.9859,11.0944,10.8084,10.8774,2815987,0.7346,4228247612.16,4228247612.16,1012.0586,
600202.SH,¹þ¿Õµ÷,2011-01-25,10.8281,10.838,10.6407,10.7295,2747969,0.7168,4170746511.36,4170746511.36,998.2953,
600202.SH,¹þ¿Õµ÷,2011-01-26,10.7098,10.8873,10.6703,10.8478,2834600,0.7394,4216747392,4216747392,1009.3059,
600202.SH,¹þ¿Õµ÷,2011-01-27,10.7591,11.3804,10.7098,11.1831,5664241,1.4776,4347083220.48,4347083220.48,1040.5027,
600202.SH,¹þ¿Õµ÷,2011-01-28,11.1437,11.4888,11.124,11.3409,4554116,1.188,4408417728,4408417728,1055.1835,
600202.SH,¹þ¿Õµ÷,2011-01-31,11.2324,11.4987,11.1733,11.4888,4494301,1.1724,4465918828.8,4465918828.8,1068.9468,
600202.SH,¹þ¿Õµ÷,2011-02-01,11.4494,11.4691,11.3311,11.3902,3237618,0.8446,4427584761.6,4427584761.6,1059.7712,
600202.SH,¹þ¿Õµ÷,2011-02-09,11.3212,11.4297,11.2029,11.2817,2745412,0.7162,4385417287.68,4385417287.68,1049.6781,
600202.SH,¹þ¿Õµ÷,2011-02-10,11.2817,11.6664,11.1437,11.6269,4929405,1.2859,4519586522.88,4519586522.88,1081.7925,
600202.SH,¹þ¿Õµ÷,2011-02-11,11.5776,11.834,11.5381,11.7748,4928100,1.2856,4577087623.68,4577087623.68,1095.5557,
600202.SH,¹þ¿Õµ÷,2011-02-14,11.8241,11.9523,11.7551,11.8932,5221515,1.3621,4623088504.32,4623088504.32,1106.5663,
600202.SH,¹þ¿Õµ÷,2011-02-15,11.8734,12.1989,11.834,11.9523,7149843,1.8651,4646088944.64,4646088944.64,1112.0717,
600202.SH,¹þ¿Õµ÷,2011-02-16,11.9326,12.12,11.834,12.1101,4829417,1.2598,4707423452.16,4707423452.16,1126.7524,
600202.SH,¹þ¿Õµ÷,2011-02-17,12.1101,12.2285,11.9721,12.1989,5231126,1.3646,4741924112.64,4741924112.64,1135.0104,
600202.SH,¹þ¿Õµ÷,2011-02-18,12.1397,12.1693,11.9721,12.12,5300735,1.3828,4711256858.88,4711256858.88,1127.6699,
600202.SH,¹þ¿Õµ÷,2011-02-21,12.0608,12.4356,11.9425,12.3764,8439088,2.2015,4810925433.6,4810925433.6,1151.5262,
600202.SH,¹þ¿Õµ÷,2011-02-22,12.3271,12.3665,11.8636,11.9819,7262368,1.8945,4657589164.8,4657589164.8,1114.8242,
600202.SH,¹þ¿Õµ÷,2011-02-23,11.8636,12.2383,11.8636,12.1101,4945204,1.29,4707423452.16,4707423452.16,1126.7524,
600202.SH,¹þ¿Õµ÷,2011-02-24,12.0411,12.12,11.8734,12.1003,4706823,1.2278,4703590045.44,4703590045.44,1125.8348,
600202.SH,¹þ¿Õµ÷,2011-02-25,12.0312,12.1003,11.8537,12.0904,5090208,1.3279,4699756638.72,4699756638.72,1124.9174,
600202.SH,¹þ¿Õµ÷,2011-02-28,12.0707,12.3764,12.0312,12.3567,7963970,2.0775,4803258620.16,4803258620.16,1149.6912,
600202.SH,¹þ¿Õµ÷,2011-03-01,12.4356,12.4356,12.2087,12.3172,6096496,1.5904,4787924993.28,4787924993.28,1146.021,
600202.SH,¹þ¿Õµ÷,2011-03-02,12.1792,12.3172,12.0904,12.3074,4841292,1.2629,4784091586.56,4784091586.56,1145.1034,
600202.SH,¹þ¿Õµ÷,2011-03-03,12.2482,12.5736,12.2383,12.3468,9068231,2.3656,4799425213.44,4799425213.44,1148.7737,
600202.SH,¹þ¿Õµ÷,2011-03-04,12.2778,12.4553,12.1003,12.4454,5229210,1.3641,4837759280.64,4837759280.64,1157.9491,
600202.SH,¹þ¿Õµ÷,2011-03-07,12.475,12.7413,12.3764,12.7215,10975402,2.8631,4945094668.8,4945094668.8,1183.6406,
600202.SH,¹þ¿Õµ÷,2011-03-08,12.7018,12.9188,12.6032,12.7314,8901287,2.322,4948928075.52,4948928075.52,1184.5581,
600202.SH,¹þ¿Õµ÷,2011-03-09,12.761,12.7807,12.4947,12.5638,6707847,1.7498,4883760161.28,4883760161.28,1168.9597,
600202.SH,¹þ¿Õµ÷,2011-03-10,12.5736,12.5835,12.3074,12.3369,6287965,1.6403,4795591806.72,4795591806.72,1147.8561,
600202.SH,¹þ¿Õµ÷,2011-03-11,12.2679,12.406,12.2285,12.2482,5250482,1.3697,4761091146.24,4761091146.24,1139.5981,
600202.SH,¹þ¿Õµ÷,2011-03-14,12.3863,12.5342,12.1594,12.3369,4914680,1.2821,4795591806.72,4795591806.72,1147.8561,
600202.SH,¹þ¿Õµ÷,2011-03-15,12.2778,13.0174,12.0312,12.8399,20117501,5.2479,4991095549.44,4991095549.44,1194.6512,
600202.SH,¹þ¿Õµ÷,2011-03-16,12.7117,12.9977,12.6525,12.83,14229754,3.712,4987262142.72,4987262142.72,1193.7336,
600202.SH,¹þ¿Õµ÷,2011-03-17,12.5243,12.5243,12.0608,12.2087,13196652,3.4425,4745757519.36,4745757519.36,1135.928,
600202.SH,¹þ¿Õµ÷,2011-03-18,12.1792,12.3172,12.0312,12.1496,5206285,1.3581,4722757079.04,4722757079.04,1130.4226,
600202.SH,¹þ¿Õµ÷,2011-03-21,12.051,12.2482,12.0214,12.12,4230086,1.1035,4711256858.88,4711256858.88,1127.6699,
600202.SH,¹þ¿Õµ÷,2011-03-22,12.12,12.1792,11.5973,11.7058,8804969,2.2969,4550253776.64,4550253776.64,42.0403,
600202.SH,¹þ¿Õµ÷,2011-03-23,11.7157,11.834,11.5677,11.8241,6206819,1.6191,4596254657.28,4596254657.28,42.4653,
600202.SH,¹þ¿Õµ÷,2011-03-24,11.8241,11.8241,11.8241,11.8241,--,--,4596254657.28,4596254657.28,42.4653,
600202.SH,¹þ¿Õµ÷,2011-03-25,11.8439,11.9228,11.7551,11.8537,6816261,1.7781,4607754877.44,4607754877.44,42.5716,
600202.SH,¹þ¿Õµ÷,2011-03-28,11.8636,12.0312,11.834,11.8537,5809732,1.5156,4607754877.44,4607754877.44,42.5716,
600202.SH,¹þ¿Õµ÷,2011-03-29,11.8439,12.2383,11.7847,12.1792,11281694,2.943,4734257299.2,4734257299.2,43.7403,
600202.SH,¹þ¿Õµ÷,2011-03-30,12.3074,12.4454,12.0411,12.2087,12138852,3.1666,4745757519.36,4745757519.36,43.8466,
600202.SH,¹þ¿Õµ÷,2011-03-31,12.0608,12.12,11.3212,11.4198,9382005,2.4474,4439084981.76,4439084981.76,41.0132,
600202.SH,¹þ¿Õµ÷,2011-04-01,11.4001,11.5579,11.3311,11.548,3091322,0.8064,4488919269.12,4488919269.12,41.4736,
600202.SH,¹þ¿Õµ÷,2011-04-06,11.5086,11.548,11.4198,11.479,3414374,0.8907,4462085422.08,4462085422.08,41.2257,
600202.SH,¹þ¿Õµ÷,2011-04-07,11.4691,11.8734,11.3804,11.834,4701003,1.2263,4600088064,4600088064,42.5007,
600202.SH,¹þ¿Õµ÷,2011-04-08,11.7157,11.8833,11.6368,11.7255,3524196,0.9193,4557920590.08,4557920590.08,42.1112,
600202.SH,¹þ¿Õµ÷,2011-04-11,11.7847,11.8439,11.5677,11.7058,3416530,0.8913,4550253776.64,4550253776.64,42.0403,
600202.SH,¹þ¿Õµ÷,2011-04-12,11.6269,11.834,11.548,11.6959,3375579,0.8806,4546420369.92,4546420369.92,42.0049,
600202.SH,¹þ¿Õµ÷,2011-04-13,11.6664,11.834,11.5381,11.7847,4167042,1.087,4580921030.4,4580921030.4,42.3237,
600202.SH,¹þ¿Õµ÷,2011-04-14,11.7847,11.7946,11.6565,11.7255,3172137,0.8275,4557920590.08,4557920590.08,42.1112,
600202.SH,¹þ¿Õµ÷,2011-04-15,11.6368,11.8537,11.617,11.8439,5081315,1.3255,4603921470.72,4603921470.72,42.5362,
600202.SH,¹þ¿Õµ÷,2011-04-18,11.8439,11.8439,11.8439,11.8439,--,--,4603921470.72,4603921470.72,42.5362,
600202.SH,¹þ¿Õµ÷,2011-04-19,11.765,12.1101,11.617,11.9523,13969380,3.6441,4646088944.64,4646088944.64,42.9258,
600202.SH,¹þ¿Õµ÷,2011-04-20,11.9523,12.1693,11.8833,12.0904,10421187,2.7185,4699756638.72,4699756638.72,43.4216,
600202.SH,¹þ¿Õµ÷,2011-04-21,12.1298,12.1594,11.9523,11.9918,6372107,1.6623,4661422571.52,4661422571.52,43.0674,
600202.SH,¹þ¿Õµ÷,2011-04-22,12.0016,12.12,11.9622,12.0214,5349616,1.3955,4672922791.68,4672922791.68,43.1737,
600202.SH,¹þ¿Õµ÷,2011-04-25,11.6565,11.6762,10.8182,10.8182,14900879,3.8871,4205247171.84,4205247171.84,65.0798,
600202.SH,¹þ¿Õµ÷,2011-04-26,10.6013,10.621,10.0589,10.1871,8792496,2.2937,3959909141.76,3959909141.76,61.283,
600202.SH,¹þ¿Õµ÷,2011-04-27,10.197,10.3547,10.197,10.266,4901634,1.2787,3990576395.52,3990576395.52,61.7576,
600202.SH,¹þ¿Õµ÷,2011-04-28,10.3054,10.3547,9.8518,9.8617,6062341,1.5814,3833406720,3833406720,59.3253,
600202.SH,¹þ¿Õµ÷,2011-04-29,9.8518,10.335,9.7828,10.2364,4231929,1.104,3979076175.36,3979076175.36,61.5796,
600202.SH,¹þ¿Õµ÷,2011-05-03,10.2364,10.3449,10.0983,10.3153,3011394,0.7856,4009743429.12,4009743429.12,62.0542,
600202.SH,¹þ¿Õµ÷,2011-05-04,10.3252,10.3252,10.0293,10.197,3147325,0.821,3963742548.48,3963742548.48,61.3423,
600202.SH,¹þ¿Õµ÷,2011-05-05,10.1575,10.4731,10.1181,10.4336,11312714,2.9511,4055744309.76,4055744309.76,62.7661,
600202.SH,¹þ¿Õµ÷,2011-05-06,10.4731,10.7295,10.266,10.3054,9470447,2.4705,4005910022.4,4005910022.4,61.9949,
600202.SH,¹þ¿Õµ÷,2011-05-09,10.2167,10.4534,10.1477,10.2561,5518704,1.4396,3986742988.8,3986742988.8,61.6983,
600202.SH,¹þ¿Õµ÷,2011-05-10,10.2561,10.3054,9.98,10.1082,5820224,1.5183,3929241888,3929241888,60.8084,
600202.SH,¹þ¿Õµ÷,2011-05-11,10.1082,10.1477,9.9997,10.0885,3407246,0.8888,3921575074.56,3921575074.56,60.6898,
600202.SH,¹þ¿Õµ÷,2011-05-12,10.049,10.0786,9.911,9.9307,3536186,0.9225,3860240567.04,3860240567.04,59.7406,
600202.SH,¹þ¿Õµ÷,2011-05-13,9.9208,10.0589,9.8617,10.0195,4166250,1.0868,3894741227.52,3894741227.52,60.2745,
600202.SH,¹þ¿Õµ÷,2011-05-16,10.0195,10.1181,9.9899,10.0293,4121024,1.075,3898574634.24,3898574634.24,60.3338,
600202.SH,¹þ¿Õµ÷,2011-05-17,10.0589,10.1871,9.8814,10.0983,4227929,1.1029,3925408481.28,3925408481.28,60.7491,
600202.SH,¹þ¿Õµ÷,2011-05-18,10.0885,10.1674,9.9899,10.1378,3038338,0.7926,3940742108.16,3940742108.16,60.9864,
600202.SH,¹þ¿Õµ÷,2011-05-19,10.1575,10.2068,10.0392,10.049,3007279,0.7845,3906241447.68,3906241447.68,60.4525,
600202.SH,¹þ¿Õµ÷,2011-05-20,10.0392,10.1082,9.9603,10.0392,2368304,0.6178,3902408040.96,3902408040.96,60.3931,
600202.SH,¹þ¿Õµ÷,2011-05-23,10.0786,10.0786,9.5954,9.6743,4228370,1.103,3760571992.32,3760571992.32,58.1981,
600202.SH,¹þ¿Õµ÷,2011-05-24,9.625,9.6644,9.3193,9.6053,3140799,0.8193,3733738145.28,3733738145.28,57.7828,
600202.SH,¹þ¿Õµ÷,2011-05-25,9.5954,9.7729,9.4771,9.6644,3742223,0.9762,3756738585.6,3756738585.6,58.1388,
600202.SH,¹þ¿Õµ÷,2011-05-26,9.6546,9.763,9.4968,9.5658,1990996,0.5194,3718404518.4,3718404518.4,57.5455,
600202.SH,¹þ¿Õµ÷,2011-05-27,9.5165,9.5658,9.3489,9.4475,3932591,1.0259,3672403637.76,3672403637.76,56.8336,
600202.SH,¹þ¿Õµ÷,2011-05-30,9.3489,9.5066,9.2305,9.27,1694887,0.4421,3603402316.8,3603402316.8,55.7658,
600202.SH,¹þ¿Õµ÷,2011-05-31,9.27,9.4376,9.122,9.4179,2675935,0.6981,3660903417.6,3660903417.6,56.6556,
600202.SH,¹þ¿Õµ÷,2011-06-01,9.4179,9.4869,9.3291,9.4672,1839566,0.4799,3680070451.2,3680070451.2,56.9523,
600202.SH,¹þ¿Õµ÷,2011-06-02,9.3686,9.5461,9.1516,9.4376,4256498,1.1104,3668570231.04,3668570231.04,56.7743,
600202.SH,¹þ¿Õµ÷,2011-06-03,9.3686,9.5954,9.27,9.5362,4921973,1.284,3706904298.24,3706904298.24,57.3675,
600202.SH,¹þ¿Õµ÷,2011-06-07,9.5658,9.5658,9.4278,9.5264,3436087,0.8964,3703070891.52,3703070891.52,57.3082,
600202.SH,¹þ¿Õµ÷,2011-06-08,9.5264,9.5461,9.27,9.4376,2742196,0.7153,3668570231.04,3668570231.04,56.7743,
600202.SH,¹þ¿Õµ÷,2011-06-09,9.3686,9.5362,9.3587,9.3784,9240944,2.4106,3645569790.72,3645569790.72,56.4183,
600202.SH,¹þ¿Õµ÷,2011-06-10,9.2502,9.27,8.9149,9.1319,5612256,1.464,3549734622.72,3549734622.72,54.9352,
600202.SH,¹þ¿Õµ÷,2011-06-13,9.053,9.4179,8.9248,9.3291,3970667,1.0358,3626402757.12,3626402757.12,56.1217,
600202.SH,¹þ¿Õµ÷,2011-06-14,9.4672,9.5461,9.27,9.2996,8684323,2.2654,3614902536.96,3614902536.96,55.9437,
600202.SH,¹þ¿Õµ÷,2011-06-15,9.1812,9.2404,9.0234,9.0333,3532401,0.9215,3511400555.52,3511400555.52,54.3419,
600202.SH,¹þ¿Õµ÷,2011-06-16,9.0234,9.0234,8.7276,8.7374,4508665,1.1762,3396398353.92,3396398353.92,52.5622,
600202.SH,¹þ¿Õµ÷,2011-06-17,8.7374,8.8065,8.5796,8.5895,2473168,0.6452,3338897253.12,3338897253.12,51.6723,
600202.SH,¹þ¿Õµ÷,2011-06-20,8.5599,8.6191,8.3726,8.4514,2520913,0.6576,3285229559.04,3285229559.04,50.8418,
600202.SH,¹þ¿Õµ÷,2011-06-21,8.4514,8.5501,8.412,8.5303,2228366,0.5813,3315896812.8,3315896812.8,51.3164,
600202.SH,¹þ¿Õµ÷,2011-06-22,8.5698,8.6388,8.481,8.5106,1781988,0.4649,3308229999.36,3308229999.36,51.1977,
600202.SH,¹þ¿Õµ÷,2011-06-23,8.4317,8.698,8.3232,8.629,3380299,0.8818,3354230880,3354230880,51.9096,
600202.SH,¹þ¿Õµ÷,2011-06-24,8.8262,9.0629,8.7572,8.8952,7308490,1.9065,3457732861.44,3457732861.44,53.5114,
600202.SH,¹þ¿Õµ÷,2011-06-27,8.8558,9.053,8.8262,9.0037,4745719,1.238,3499900335.36,3499900335.36,54.164,
600202.SH,¹þ¿Õµ÷,2011-06-28,8.9643,9.0136,8.8656,8.9347,3444863,0.8986,3473066488.32,3473066488.32,53.7487,
600202.SH,¹þ¿Õµ÷,2011-06-29,8.9544,8.9544,8.7374,8.7572,2719272,0.7094,3404065167.36,3404065167.36,52.6808,
600202.SH,¹þ¿Õµ÷,2011-06-30,8.7572,8.9347,8.7473,8.8755,2558806,0.6675,3450066048,3450066048,53.3927,
600202.SH,¹þ¿Õµ÷,2011-07-01,8.9149,9.1516,8.8361,9.0727,5948524,1.5518,3526734182.4,3526734182.4,54.5793,
600202.SH,¹þ¿Õµ÷,2011-07-04,9.1023,9.98,9.0333,9.98,14966660,3.9043,3879407600.64,3879407600.64,60.0372,
600202.SH,¹þ¿Õµ÷,2011-07-05,10.1477,10.3449,9.8518,9.9208,20607053,5.3757,3856407160.32,3856407160.32,59.6812,
600202.SH,¹þ¿Õµ÷,2011-07-06,9.6743,9.8222,9.5954,9.7532,8751348,2.2829,3791239246.08,3791239246.08,58.6727,
600202.SH,¹þ¿Õµ÷,2011-07-07,9.7137,9.8321,9.625,9.6447,5764534,1.5038,3749071772.16,3749071772.16,58.0201,
600202.SH,¹þ¿Õµ÷,2011-07-08,9.6546,9.7137,9.5165,9.5855,3633985,0.948,3726071331.84,3726071331.84,57.6642,
600202.SH,¹þ¿Õµ÷,2011-07-11,9.6151,9.9011,9.5658,9.7335,5137337,1.3401,3783572432.64,3783572432.64,58.554,
600202.SH,¹þ¿Õµ÷,2011-07-12,9.6644,9.6743,9.5165,9.5461,3671677,0.9578,3710737704.96,3710737704.96,57.4269,
600202.SH,¹þ¿Õµ÷,2011-07-13,9.5757,9.8222,9.5461,9.7828,4140991,1.0802,3802739466.24,3802739466.24,58.8507,
600202.SH,¹þ¿Õµ÷,2011-07-14,9.8124,9.98,9.7335,9.8617,4393177,1.146,3833406720,3833406720,59.3253,
600202.SH,¹þ¿Õµ÷,2011-07-15,9.8222,9.911,9.7433,9.7729,4020691,1.0489,3798906059.52,3798906059.52,58.7913,
600202.SH,¹þ¿Õµ÷,2011-07-18,9.7729,9.8814,9.7137,9.7335,3415403,0.891,3783572432.64,3783572432.64,58.554,
600202.SH,¹þ¿Õµ÷,2011-07-19,9.7137,9.7828,9.5658,9.6053,3464481,0.9038,3733738145.28,3733738145.28,57.7828,
600202.SH,¹þ¿Õµ÷,2011-07-20,9.6348,9.7335,9.6053,9.7039,2559440,0.6677,3772072212.48,3772072212.48,58.3761,
600202.SH,¹þ¿Õµ÷,2011-07-21,9.7433,9.7926,9.4968,9.5461,2525928,0.6589,3710737704.96,3710737704.96,57.4269,
600202.SH,¹þ¿Õµ÷,2011-07-22,9.5461,9.6842,9.5461,9.6644,2297709,0.5994,3756738585.6,3756738585.6,58.1388,
600202.SH,¹þ¿Õµ÷,2011-07-25,9.6151,9.6348,8.8952,8.9741,4388398,1.1448,3488400115.2,3488400115.2,53.986,
600202.SH,¹þ¿Õµ÷,2011-07-26,8.9643,9.1615,8.9643,9.1418,2700083,0.7044,3553568029.44,3553568029.44,54.9945,
600202.SH,¹þ¿Õµ÷,2011-07-27,9.122,9.3094,9.0333,9.27,2597292,0.6775,3603402316.8,3603402316.8,55.7658,
600202.SH,¹þ¿Õµ÷,2011-07-28,9.2305,9.3587,9.1418,9.2798,2394640,0.6247,3607235723.52,3607235723.52,55.8251,
600202.SH,¹þ¿Õµ÷,2011-07-29,9.2502,9.3193,9.0727,9.2996,2867138,0.7479,3614902536.96,3614902536.96,55.9437,
600202.SH,¹þ¿Õµ÷,2011-08-01,9.2601,9.4869,9.2108,9.4672,5576878,1.4548,3680070451.2,3680070451.2,56.9523,
600202.SH,¹þ¿Õµ÷,2011-08-02,9.4179,9.6151,9.2798,9.5855,3077680,0.8029,3726071331.84,3726071331.84,57.6642,
600202.SH,¹þ¿Õµ÷,2011-08-03,9.556,9.7137,9.3686,9.5362,9125817,2.3806,3706904298.24,3706904298.24,57.3675,
600202.SH,¹þ¿Õµ÷,2011-08-04,9.4869,9.694,9.2207,9.2798,6525759,1.7023,3607235723.52,3607235723.52,55.8251,
600202.SH,¹þ¿Õµ÷,2011-08-05,8.8558,9.0431,8.7374,8.9248,3901682,1.0178,3469233081.6,3469233081.6,53.6894,
600202.SH,¹þ¿Õµ÷,2011-08-08,8.8558,8.8558,8.0373,8.3134,5071465,1.323,3231561864.96,3231561864.96,50.0112,
600202.SH,¹þ¿Õµ÷,2011-08-09,7.8992,8.2542,7.7414,8.1162,3680363,0.9601,3154893730.56,3154893730.56,48.8247,
600202.SH,¹þ¿Õµ÷,2011-08-10,8.2444,8.4021,8.1359,8.1457,2719712,0.7095,3166393950.72,3166393950.72,49.0027,
600202.SH,¹þ¿Õµ÷,2011-08-11,7.8893,8.2641,7.8893,8.2148,2527783,0.6594,3193227797.76,3193227797.76,49.418,
600202.SH,¹þ¿Õµ÷,2011-08-12,8.2739,8.5106,8.2345,8.3134,2813237,0.7339,3231561864.96,3231561864.96,50.0112,
600202.SH,¹þ¿Õµ÷,2011-08-15,8.3824,8.5205,8.2739,8.5106,3160961,0.8246,3308229999.36,3308229999.36,51.1977,
600202.SH,¹þ¿Õµ÷,2011-08-16,8.3824,8.5402,8.343,8.343,2785055,0.7265,3243062085.12,3243062085.12,94.9327,
600202.SH,¹þ¿Õµ÷,2011-08-17,8.3134,8.3726,8.2049,8.3331,1789586,0.4668,3239228678.4,3239228678.4,94.8205,
600202.SH,¹þ¿Õµ÷,2011-08-18,8.3134,8.4219,8.1359,8.1556,2035186,0.5309,3170227357.44,3170227357.44,92.8006,
600202.SH,¹þ¿Õµ÷,2011-08-19,7.9189,8.0175,7.8893,7.9781,2663998,0.6949,3101226036.48,3101226036.48,90.7808,
600202.SH,¹þ¿Õµ÷,2011-08-22,7.9584,8.0471,7.9091,7.9386,1280787,0.3341,3085892409.6,3085892409.6,90.3319,
600202.SH,¹þ¿Õµ÷,2011-08-23,7.9485,8.1457,7.9485,8.1359,2007500,0.5237,3162560544,3162560544,92.5762,
600202.SH,¹þ¿Õµ÷,2011-08-24,8.1753,8.2148,8.1063,8.1162,1597449,0.4167,3154893730.56,3154893730.56,92.3518,
600202.SH,¹þ¿Õµ÷,2011-08-25,8.1162,8.3331,8.1162,8.3232,2676822,0.6983,3235395271.68,3235395271.68,94.7083,
600202.SH,¹þ¿Õµ÷,2011-08-26,8.2838,8.4219,8.2641,8.3923,2498067,0.6517,3262229118.72,3262229118.72,95.4938,
600202.SH,¹þ¿Õµ÷,2011-08-29,8.2937,8.4317,8.2937,8.3824,1976838,0.5157,3258395712,3258395712,95.3816,
600202.SH,¹þ¿Õµ÷,2011-08-30,8.4021,8.7079,8.3824,8.5599,5992018,1.5631,3327397032.96,3327397032.96,97.4014,
600202.SH,¹þ¿Õµ÷,2011-08-31,8.5205,8.7473,8.2542,8.7177,4851475,1.2656,3388731540.48,3388731540.48,99.1968,
600202.SH,¹þ¿Õµ÷,2011-09-01,8.6684,8.9741,8.5994,8.9445,14519548,3.7876,3476899895.04,3476899895.04,101.7777,
600202.SH,¹þ¿Õµ÷,2011-09-02,8.8755,8.9445,8.6585,8.8163,7619490,1.9877,3427065607.68,3427065607.68,100.3189,
600202.SH,¹þ¿Õµ÷,2011-09-05,8.8163,8.8163,8.8163,8.8163,--,--,3427065607.68,3427065607.68,100.3189,
600202.SH,¹þ¿Õµ÷,2011-09-06,8.6487,8.7966,8.4021,8.7374,6335626,1.6527,3396398353.92,3396398353.92,99.4212,
600202.SH,¹þ¿Õµ÷,2011-09-07,8.767,9.2305,8.629,9.2207,12783359,3.3347,3584235283.2,3584235283.2,104.9197,
600202.SH,¹þ¿Õµ÷,2011-09-08,9.1122,9.4672,8.9938,9.1319,13698454,3.5734,3549734622.72,3549734622.72,103.9098,
600202.SH,¹þ¿Õµ÷,2011-09-09,9.0727,9.2502,8.9544,9.0826,13524721,3.5281,3530567589.12,3530567589.12,103.3487,
600202.SH,¹þ¿Õµ÷,2011-09-13,8.9741,9.3094,8.7769,9.2502,5917509,1.5437,3595735503.36,3595735503.36,105.2563,
600202.SH,¹þ¿Õµ÷,2011-09-14,9.0727,9.2108,8.698,8.8656,16451637,4.2916,3446232641.28,3446232641.28,100.88,
600202.SH,¹þ¿Õµ÷,2011-09-15,8.8558,8.8558,8.481,8.5698,6482590,1.6911,3331230439.68,3331230439.68,97.5136,
600202.SH,¹þ¿Õµ÷,2011-09-16,8.5796,8.629,8.4219,8.5599,4378004,1.1421,3327397032.96,3327397032.96,97.4014,
600202.SH,¹þ¿Õµ÷,2011-09-19,8.5205,8.5205,8.2641,8.3627,2832494,0.7389,3250728898.56,3250728898.56,95.1571,
600202.SH,¹þ¿Õµ÷,2011-09-20,8.3134,8.4317,8.2739,8.4021,1559966,0.4069,3266062525.44,3266062525.44,95.606,
600202.SH,¹þ¿Õµ÷,2011-09-21,8.4021,8.698,8.4021,8.6585,4342834,1.1329,3365731100.16,3365731100.16,98.5235,
600202.SH,¹þ¿Õµ÷,2011-09-22,8.6783,8.7276,8.2641,8.2739,3544210,0.9246,3216228238.08,3216228238.08,94.1472,
600202.SH,¹þ¿Õµ÷,2011-09-23,8.0866,8.343,7.9485,8.3232,2235392,0.5831,3235395271.68,3235395271.68,94.7083,
600202.SH,¹þ¿Õµ÷,2011-09-26,8.3134,8.3528,8.126,8.1457,2323802,0.6062,3166393950.72,3166393950.72,92.6884,
600202.SH,¹þ¿Õµ÷,2011-09-27,8.1655,8.3331,8.1655,8.2937,1546215,0.4034,3223895051.52,3223895051.52,94.3716,
600202.SH,¹þ¿Õµ÷,2011-09-28,8.3331,8.4021,8.057,8.126,2129741,0.5556,3158727137.28,3158727137.28,92.464,
600202.SH,¹þ¿Õµ÷,2011-09-29,8.0767,8.0964,7.8696,8.0274,1839562,0.4799,3120393070.08,3120393070.08,91.3419,
600202.SH,¹þ¿Õµ÷,2011-09-30,8.1359,8.1359,7.8795,8.0767,2604016,0.6793,3139560103.68,3139560103.68,91.9029,
600202.SH,¹þ¿Õµ÷,2011-10-10,8.0471,8.1063,7.9189,7.9485,1143116,0.2982,3089725816.32,3089725816.32,90.4442,
600202.SH,¹þ¿Õµ÷,2011-10-11,8.0866,8.2641,7.9386,8.0373,1385057,0.3613,3124226476.8,3124226476.8,91.4541,
600202.SH,¹þ¿Õµ÷,2011-10-12,8.0274,8.3035,7.8696,8.2937,2724220,0.7107,3223895051.52,3223895051.52,94.3716,
600202.SH,¹þ¿Õµ÷,2011-10-13,8.3035,8.412,8.2542,8.3331,2586737,0.6748,3239228678.4,3239228678.4,94.8205,
600202.SH,¹þ¿Õµ÷,2011-10-14,8.3331,8.5205,8.2838,8.4909,3750688,0.9784,3300563185.92,3300563185.92,96.6159,
600202.SH,¹þ¿Õµ÷,2011-10-17,8.481,8.698,8.4021,8.6783,5516343,1.439,3373397913.6,3373397913.6,98.748,
600202.SH,¹þ¿Õµ÷,2011-10-18,8.5698,8.8656,8.5303,8.5599,11303478,2.9487,3327397032.96,3327397032.96,97.4014,
600202.SH,¹þ¿Õµ÷,2011-10-19,8.5402,8.5796,8.3134,8.5303,3542882,0.9242,3315896812.8,3315896812.8,97.0648,
600202.SH,¹þ¿Õµ÷,2011-10-20,8.5008,8.5008,8.1852,8.3134,9711468,2.5334,3231561864.96,3231561864.96,94.5961,
600202.SH,¹þ¿Õµ÷,2011-10-21,8.2345,8.5599,8.1359,8.1359,8088982,2.1101,3162560544,3162560544,92.5762,
600202.SH,¹þ¿Õµ÷,2011-10-24,8.195,8.2641,7.9584,8.1162,6855139,1.7883,3154893730.56,3154893730.56,222.6104,
600202.SH,¹þ¿Õµ÷,2011-10-25,8.1162,8.3824,8.0175,8.2739,8766974,2.287,3216228238.08,3216228238.08,226.9382,
600202.SH,¹þ¿Õµ÷,2011-10-26,8.2049,8.3528,8.1162,8.2246,5859114,1.5284,3197061204.48,3197061204.48,225.5858,
600202.SH,¹þ¿Õµ÷,2011-10-27,8.1852,8.3331,8.1556,8.3035,4561494,1.1899,3227728458.24,3227728458.24,227.7497,
600202.SH,¹þ¿Õµ÷,2011-10-28,8.4021,8.5402,8.2838,8.5106,6283160,1.6391,3308229999.36,3308229999.36,233.4299,
600202.SH,¹þ¿Õµ÷,2011-10-31,8.5402,8.5698,8.3528,8.4613,4666204,1.2172,3289062965.76,3289062965.76,232.0775,
600202.SH,¹þ¿Õµ÷,2011-11-01,8.3923,8.4317,8.2641,8.3824,4425117,1.1544,3258395712,3258395712,229.9136,
600202.SH,¹þ¿Õµ÷,2011-11-02,8.1852,8.4219,8.126,8.4021,3898560,1.017,3266062525.44,3266062525.44,230.4545,
600202.SH,¹þ¿Õµ÷,2011-11-03,8.412,8.7276,8.4021,8.5501,6999739,1.826,3323563626.24,3323563626.24,234.5118,
600202.SH,¹þ¿Õµ÷,2011-11-04,8.5599,8.7374,8.5303,8.6684,5734405,1.4959,3369564506.88,3369564506.88,237.7577,
600202.SH,¹þ¿Õµ÷,2011-11-07,8.6487,8.8361,8.5501,8.5599,5114571,1.3342,3327397032.96,3327397032.96,234.7823,
600202.SH,¹þ¿Õµ÷,2011-11-08,8.6191,8.6487,8.481,8.5205,3006070,0.7842,3312063406.08,3312063406.08,233.7004,
600202.SH,¹þ¿Õµ÷,2011-11-09,8.5501,8.8163,8.4909,8.8065,6852127,1.7875,3423232200.96,3423232200.96,241.5445,
600202.SH,¹þ¿Õµ÷,2011-11-10,8.7177,8.7769,8.629,8.6585,4464186,1.1645,3365731100.16,3365731100.16,237.4872,
600202.SH,¹þ¿Õµ÷,2011-11-11,8.6783,8.7374,8.5303,8.6191,3133674,0.8175,3350397473.28,3350397473.28,236.4052,
600202.SH,¹þ¿Õµ÷,2011-11-14,8.6783,8.7966,8.6487,8.7374,5694189,1.4854,3396398353.92,3396398353.92,239.6511,
600202.SH,¹þ¿Õµ÷,2011-11-15,8.7473,8.7966,8.6487,8.7572,3976184,1.0372,3404065167.36,3404065167.36,240.192,
600202.SH,¹þ¿Õµ÷,2011-11-16,8.767,8.7867,8.4219,8.4909,4701215,1.2264,3300563185.92,3300563185.92,232.8889,
600202.SH,¹þ¿Õµ÷,2011-11-17,8.4712,8.5303,8.3035,8.3134,3631072,0.9472,3231561864.96,3231561864.96,228.0202,
600202.SH,¹þ¿Õµ÷,2011-11-18,8.2345,8.2937,8.0077,8.057,3708731,0.9675,3131893290.24,3131893290.24,220.9875,
600202.SH,¹þ¿Õµ÷,2011-11-21,8.0274,8.1753,8.0175,8.1457,1605858,0.4189,3166393950.72,3166393950.72,223.4219,
600202.SH,¹þ¿Õµ÷,2011-11-22,8.0668,8.1852,8.0274,8.1753,1707413,0.4454,3177894170.88,3177894170.88,224.2333,
600202.SH,¹þ¿Õµ÷,2011-11-23,8.2345,8.3232,8.1753,8.2444,2168626,0.5657,3204728017.92,3204728017.92,226.1268,
600202.SH,¹þ¿Õµ÷,2011-11-24,8.0964,8.2246,8.0668,8.1753,1519684,0.3964,3177894170.88,3177894170.88,224.2333,
600202.SH,¹þ¿Õµ÷,2011-11-25,8.195,8.2246,8.0471,8.0767,1490828,0.3889,3139560103.68,3139560103.68,221.5285,
600202.SH,¹þ¿Õµ÷,2011-11-28,8.0471,8.1359,7.9682,8.126,1522053,0.397,3158727137.28,3158727137.28,222.8809,
600202.SH,¹þ¿Õµ÷,2011-11-29,8.1457,8.2246,8.1063,8.2049,1903364,0.4965,3189394391.04,3189394391.04,225.0448,
600202.SH,¹þ¿Õµ÷,2011-11-30,8.1753,8.2246,7.6132,7.8992,3565217,0.93,3070558782.72,3070558782.72,216.6597,
600202.SH,¹þ¿Õµ÷,2011-12-01,8.0668,8.1852,7.9781,8.0767,3268533,0.8526,3139560103.68,3139560103.68,221.5285,
600202.SH,¹þ¿Õµ÷,2011-12-02,8.0373,8.1359,7.9189,8.0175,1855352,0.484,3116559663.36,3116559663.36,219.9056,
600202.SH,¹þ¿Õµ÷,2011-12-05,8.0175,8.0175,7.6625,7.7118,1231011,0.3211,2997724055.04,2997724055.04,211.5205,
600202.SH,¹þ¿Õµ÷,2011-12-06,7.9879,7.9879,7.5146,7.6822,1472199,0.384,2986223834.88,2986223834.88,210.709,
600202.SH,¹þ¿Õµ÷,2011-12-07,7.6428,7.7414,7.6329,7.6822,883744,0.2305,2986223834.88,2986223834.88,210.709,
600202.SH,¹þ¿Õµ÷,2011-12-08,7.6921,7.7907,7.4456,7.7611,1624654,0.4238,3016891088.64,3016891088.64,212.8729,
600202.SH,¹þ¿Õµ÷,2011-12-09,7.6921,7.9091,7.5639,7.84,2878005,0.7508,3047558342.4,3047558342.4,215.0368,
600202.SH,¹þ¿Õµ÷,2011-12-12,7.7907,8.1063,7.7118,7.8499,4145302,1.0814,3051391749.12,3051391749.12,215.3073,
600202.SH,¹þ¿Õµ÷,2011-12-13,7.7907,7.7907,7.5343,7.7513,2625479,0.6849,3013057681.92,3013057681.92,212.6024,
600202.SH,¹þ¿Õµ÷,2011-12-14,7.5935,8.0274,7.5442,7.7217,5610562,1.4636,3001557461.76,3001557461.76,211.791,
600202.SH,¹þ¿Õµ÷,2011-12-15,7.6428,7.8499,7.2187,7.554,4168195,1.0873,2936389547.52,2936389547.52,207.1927,
600202.SH,¹þ¿Õµ÷,2011-12-16,7.416,7.6921,7.2385,7.3864,6170235,1.6096,2871221633.28,2871221633.28,202.5944,
600202.SH,¹þ¿Õµ÷,2011-12-19,7.2779,7.2779,6.6468,6.8539,6126386,1.5982,2664217670.4,2664217670.4,187.9881,
600202.SH,¹þ¿Õµ÷,2011-12-20,6.7158,6.8144,6.627,6.6961,2201217,0.5742,2602883162.88,2602883162.88,183.6604,
600202.SH,¹þ¿Õµ÷,2011-12-21,6.9328,7.0116,6.627,6.6566,2451011,0.6394,2587549536,2587549536,182.5784,
600202.SH,¹þ¿Õµ÷,2011-12-22,6.5186,6.558,6.0945,6.3312,3550155,0.9261,2461047114.24,2461047114.24,173.6524,
600202.SH,¹þ¿Õµ÷,2011-12-23,6.2622,6.4495,6.2326,6.3608,1369292,0.3572,2472547334.4,2472547334.4,174.4638,
600202.SH,¹þ¿Õµ÷,2011-12-26,6.3904,6.4397,6.3411,6.3608,1161816,0.3031,2472547334.4,2472547334.4,174.4638,
600202.SH,¹þ¿Õµ÷,2011-12-27,6.3115,6.4101,6.1438,6.1635,1477768,0.3855,2395879200,2395879200,169.0541,
600202.SH,¹þ¿Õµ÷,2011-12-28,6.1833,6.1833,5.9466,6.0846,1389828,0.3626,2365211946.24,2365211946.24,166.8902,
600202.SH,¹þ¿Õµ÷,2011-12-29,6.0649,6.1241,6.0058,6.0255,1278091,0.3334,2342211505.92,2342211505.92,165.2673,
600202.SH,¹þ¿Õµ÷,2011-12-30,6.1241,6.1241,6.0452,6.0748,1546902,0.4035,2361378539.52,2361378539.52,166.6197,
600202.SH,¹þ¿Õµ÷,2012-01-04,6.1241,6.134,5.9367,5.9466,1093807,0.2853,2311544252.16,2311544252.16,163.1034,
600202.SH,¹þ¿Õµ÷,2012-01-05,5.917,5.917,5.4831,5.5423,2169839,0.566,2154374576.64,2154374576.64,152.0134,
600202.SH,¹þ¿Õµ÷,2012-01-06,5.5423,5.6902,5.4042,5.6606,1748647,0.4562,2200375457.28,2200375457.28,155.2593,
600202.SH,¹þ¿Õµ÷,2012-01-09,5.6211,5.8578,5.6014,5.848,2053452,0.5357,2273210184.96,2273210184.96,160.3985,
600202.SH,¹þ¿Õµ÷,2012-01-10,5.848,6.1044,5.7987,6.0748,12451501,3.2482,2361378539.52,2361378539.52,166.6197,
600202.SH,¹þ¿Õµ÷,2012-01-11,6.0452,6.1044,5.9269,6.0255,6348732,1.6562,2342211505.92,2342211505.92,165.2673,
600202.SH,¹þ¿Õµ÷,2012-01-12,6.0255,6.1734,5.9466,6.0945,7305469,1.9057,2369045352.96,2369045352.96,167.1607,
600202.SH,¹þ¿Õµ÷,2012-01-13,6.1044,6.134,5.7395,5.7789,4248050,1.1082,2246376337.92,2246376337.92,158.5051,
600202.SH,¹þ¿Õµ÷,2012-01-16,5.7789,5.7789,5.7789,5.7789,--,--,2246376337.92,2246376337.92,158.5051,
600202.SH,¹þ¿Õµ÷,2012-01-17,5.5718,5.9663,5.5028,5.9564,5118980,1.3354,2315377658.88,2315377658.88,163.3739,
600202.SH,¹þ¿Õµ÷,2012-01-18,5.9663,6.1044,5.848,5.8677,3966297,1.0347,2280876998.4,2280876998.4,160.9395,
600202.SH,¹þ¿Õµ÷,2012-01-19,5.8381,5.9367,5.7494,5.8578,3011795,0.7857,2277043591.68,2277043591.68,160.669,
600202.SH,¹þ¿Õµ÷,2012-01-20,5.8973,5.9762,5.848,5.9269,2619968,0.6835,2303877438.72,2303877438.72,162.5624,
600202.SH,¹þ¿Õµ÷,2012-01-30,5.9663,5.9959,5.8677,5.8874,1952792,0.5094,2288543811.84,2288543811.84,161.4805,
600202.SH,¹þ¿Õµ÷,2012-01-31,5.7691,5.7987,5.5718,5.7395,4696202,1.2251,2231042711.04,2231042711.04,157.4232,
600202.SH,¹þ¿Õµ÷,2012-02-01,5.6902,5.9663,5.6803,5.9466,5029178,1.3119,2311544252.16,2311544252.16,163.1034,
600202.SH,¹þ¿Õµ÷,2012-02-02,5.917,6.2227,5.8973,6.2128,11070794,2.888,2415046233.6,2415046233.6,170.4065,
600202.SH,¹þ¿Õµ÷,2012-02-03,6.1635,6.7947,6.1241,6.5284,15814264,4.1254,2537715248.64,2537715248.64,179.0621,
600202.SH,¹þ¿Õµ÷,2012-02-06,6.4495,6.558,6.3411,6.3904,21427550,5.5897,2484047554.56,2484047554.56,175.2753,
600202.SH,¹þ¿Õµ÷,2012-02-07,6.3312,6.3312,6.1833,6.203,6243881,1.6288,2411212826.88,2411212826.88,170.136,
600202.SH,¹þ¿Õµ÷,2012-02-08,6.203,6.4397,6.1635,6.3805,5610929,1.4637,2480214147.84,2480214147.84,175.0048,
600202.SH,¹þ¿Õµ÷,2012-02-09,6.3312,6.4791,6.2622,6.3115,15096374,3.9381,2453380300.8,2453380300.8,173.1114,
600202.SH,¹þ¿Õµ÷,2012-02-10,6.2622,6.3411,6.2326,6.3016,4584720,1.196,2449546894.08,2449546894.08,172.8409,
600202.SH,¹þ¿Õµ÷,2012-02-13,6.2326,6.4101,6.2326,6.3706,5388682,1.4057,2476380741.12,2476380741.12,174.7343,
600202.SH,¹þ¿Õµ÷,2012-02-14,6.4002,6.558,5.9663,6.4693,10903094,2.8442,2514714808.32,2514714808.32,177.4392,
600202.SH,¹þ¿Õµ÷,2012-02-15,6.4397,6.5383,6.2819,6.5186,10115770,2.6388,2533881841.92,2533881841.92,178.7916,
600202.SH,¹þ¿Õµ÷,2012-02-16,6.5481,6.6172,6.4298,6.5186,8744917,2.2812,2533881841.92,2533881841.92,178.7916,
600202.SH,¹þ¿Õµ÷,2012-02-17,6.4988,6.5679,6.3706,6.4298,5358511,1.3978,2499381181.44,2499381181.44,176.3572,
600202.SH,¹þ¿Õµ÷,2012-02-20,6.4693,6.5186,6.4101,6.4298,5285265,1.3787,2499381181.44,2499381181.44,176.3572,
600202.SH,¹þ¿Õµ÷,2012-02-21,6.4199,6.6566,6.2622,6.558,9165485,2.391,2549215468.8,2549215468.8,179.8736,
600202.SH,¹þ¿Õµ÷,2012-02-22,6.5284,6.627,6.489,6.6073,8290594,2.1627,2568382502.4,2568382502.4,181.226,
600202.SH,¹þ¿Õµ÷,2012-02-23,6.6172,6.7059,6.5481,6.6763,8036734,2.0965,2595216349.44,2595216349.44,183.1194,
600202.SH,¹þ¿Õµ÷,2012-02-24,6.6763,6.8045,6.6073,6.7651,7890239,2.0583,2629717009.92,2629717009.92,185.5538,
600202.SH,¹þ¿Õµ÷,2012-02-27,6.7552,6.9623,6.7158,6.7257,8824563,2.302,2614383383.04,2614383383.04,184.4718,
600202.SH,¹þ¿Õµ÷,2012-02-28,6.6665,6.7257,6.5284,6.627,6524384,1.702,2576049315.84,2576049315.84,181.767,
600202.SH,¹þ¿Õµ÷,2012-02-29,6.6369,6.7059,6.5087,6.5186,4333136,1.1304,2533881841.92,2533881841.92,178.7916,
600202.SH,¹þ¿Õµ÷,2012-03-01,6.5087,6.6073,6.489,6.5383,3625154,0.9457,2541548655.36,2541548655.36,179.3326,
600202.SH,¹þ¿Õµ÷,2012-03-02,6.558,6.6961,6.5284,6.6862,5316891,1.387,2599049756.16,2599049756.16,183.3899,
600202.SH,¹þ¿Õµ÷,2012-03-05,6.7158,6.7651,6.6566,6.6763,6317949,1.6481,2595216349.44,2595216349.44,183.1194,
600202.SH,¹þ¿Õµ÷,2012-03-06,6.6073,6.6566,6.4693,6.6468,4827210,1.2592,2583716129.28,2583716129.28,182.3079,
600202.SH,¹þ¿Õµ÷,2012-03-07,6.5777,7.0215,6.5284,6.844,12593632,3.2852,2660384263.68,2660384263.68,187.7177,
600202.SH,¹þ¿Õµ÷,2012-03-08,6.8045,6.9821,6.8045,6.9623,7941161,2.0716,2706385144.32,2706385144.32,190.9635,
600202.SH,¹þ¿Õµ÷,2012-03-09,6.9821,7.0314,6.9229,7.0018,6286449,1.6399,2721718771.2,2721718771.2,192.0454,
600202.SH,¹þ¿Õµ÷,2012-03-12,7.0314,7.1793,6.9229,7.0412,5657402,1.4758,2737052398.08,2737052398.08,193.1274,
600202.SH,¹þ¿Õµ÷,2012-03-13,7.0511,7.2483,7.0412,7.1793,8274879,2.1586,2790720092.16,2790720092.16,196.9142,
600202.SH,¹þ¿Õµ÷,2012-03-14,7.199,7.2286,6.7059,6.7257,9222812,2.4059,2614383383.04,2614383383.04,184.4718,
600202.SH,¹þ¿Õµ÷,2012-03-15,6.7158,6.7947,6.4298,6.5481,4934220,1.2872,2545382062.08,2545382062.08,179.6031,
600202.SH,¹þ¿Õµ÷,2012-03-16,6.5186,6.7355,6.5186,6.7158,3531384,0.9212,2610549976.32,2610549976.32,184.2013,
600202.SH,¹þ¿Õµ÷,2012-03-19,6.7158,6.9426,6.6566,6.8933,4587655,1.1968,2679551297.28,2679551297.28,189.0701,
600202.SH,¹þ¿Õµ÷,2012-03-20,6.8341,6.8736,6.6369,6.6468,3293520,0.8592,2583716129.28,2583716129.28,182.3079,
600202.SH,¹þ¿Õµ÷,2012-03-21,6.6172,6.7355,6.5284,6.7158,2214489,0.5777,2610549976.32,2610549976.32,184.2013,
600202.SH,¹þ¿Õµ÷,2012-03-22,6.7059,6.7552,6.627,6.7059,1908594,0.4979,2606716569.6,2606716569.6,183.9308,
600202.SH,¹þ¿Õµ÷,2012-03-23,6.6862,6.6862,6.5087,6.558,1765833,0.4606,2549215468.8,2549215468.8,179.8736,
600202.SH,¹þ¿Õµ÷,2012-03-26,6.5383,6.6073,6.3904,6.4988,1548897,0.4041,2526215028.48,2526215028.48,178.2506,
600202.SH,¹þ¿Õµ÷,2012-03-27,6.5186,6.5975,6.4298,6.5186,1251445,0.3265,2533881841.92,2533881841.92,178.7916,
600202.SH,¹þ¿Õµ÷,2012-03-28,6.5087,6.5975,6.0452,6.0846,3642875,0.9503,2365211946.24,2365211946.24,166.8902,
600202.SH,¹þ¿Õµ÷,2012-03-29,6.0846,6.0846,5.8184,5.848,2588567,0.6753,2273210184.96,2273210184.96,160.3985,
600202.SH,¹þ¿Õµ÷,2012-03-30,5.8184,5.9564,5.7691,5.8085,1943618,0.507,2257876558.08,2257876558.08,159.3166,
600202.SH,¹þ¿Õµ÷,2012-04-05,5.8282,6.0452,5.8184,5.9959,1831894,0.4779,2330711285.76,2330711285.76,164.4558,
600202.SH,¹þ¿Õµ÷,2012-04-06,6.0353,6.0452,5.9466,6.0058,1427255,0.3723,2334544692.48,2334544692.48,164.7263,
600202.SH,¹þ¿Õµ÷,2012-04-09,5.9663,6.0649,5.917,5.9367,1361331,0.3551,2307710845.44,2307710845.44,162.8329,
600202.SH,¹þ¿Õµ÷,2012-04-10,5.9367,5.9959,5.7691,5.986,2716289,0.7086,2326877879.04,2326877879.04,164.1853,
600202.SH,¹þ¿Õµ÷,2012-04-11,5.917,6.0156,5.848,6.0156,2686063,0.7007,2338378099.2,2338378099.2,164.9968,
600202.SH,¹þ¿Õµ÷,2012-04-12,6.0156,6.1537,5.9564,6.134,5019904,1.3095,2384378979.84,2384378979.84,168.2426,
600202.SH,¹þ¿Õµ÷,2012-04-13,6.1142,6.4988,6.0748,6.4495,9312359,2.4293,2507047994.88,2507047994.88,176.8982,
600202.SH,¹þ¿Õµ÷,2012-04-16,6.3509,6.8637,6.3312,6.5481,12606363,3.2886,2545382062.08,2545382062.08,179.6031,
600202.SH,¹þ¿Õµ÷,2012-04-17,6.4298,6.5383,6.1931,6.203,8935301,2.3309,2411212826.88,2411212826.88,170.136,
600202.SH,¹þ¿Õµ÷,2012-04-18,6.2128,6.3509,6.134,6.3509,5246869,1.3687,2468713927.68,2468713927.68,174.1933,
600202.SH,¹þ¿Õµ÷,2012-04-19,6.3509,6.3706,6.2622,6.3213,3221844,0.8405,2457213707.52,2457213707.52,173.3819,
600202.SH,¹þ¿Õµ÷,2012-04-20,6.2917,6.4199,6.2622,6.3509,3760022,0.9809,2468713927.68,2468713927.68,174.1933,
600202.SH,¹þ¿Õµ÷,2012-04-23,6.3411,6.3805,6.1931,6.203,3378316,0.8813,2411212826.88,2411212826.88,170.136,
600202.SH,¹þ¿Õµ÷,2012-04-24,6.134,6.2424,5.9367,6.1241,3945117,1.0291,2380545573.12,2380545573.12,167.9721,
600202.SH,¹þ¿Õµ÷,2012-04-25,6.0945,6.3608,6.0945,6.3312,3954512,1.0316,2461047114.24,2461047114.24,173.6524,
600202.SH,¹þ¿Õµ÷,2012-04-26,6.3312,6.3411,6.2128,6.2622,3875462,1.011,2434213267.2,2434213267.2,-12.0823,
600202.SH,¹þ¿Õµ÷,2012-04-27,6.2424,6.3016,6.1241,6.1635,2593481,0.6765,2395879200,2395879200,-11.892,
600202.SH,¹þ¿Õµ÷,2012-05-02,6.2523,6.4101,6.203,6.272,3142701,0.8198,2438046673.92,2438046673.92,-12.1013,
600202.SH,¹þ¿Õµ÷,2012-05-03,6.2917,6.3509,6.2227,6.3312,2478469,0.6465,2461047114.24,2461047114.24,-12.2154,
600202.SH,¹þ¿Õµ÷,2012-05-04,6.3016,6.4101,6.2819,6.3904,3516334,0.9173,2484047554.56,2484047554.56,-12.3296,
600202.SH,¹þ¿Õµ÷,2012-05-07,6.3706,6.3706,6.2523,6.3411,3023557,0.7887,2464880520.96,2464880520.96,-12.2345,
600202.SH,¹þ¿Õµ÷,2012-05-08,6.3213,6.3213,6.2227,6.3016,3144546,0.8203,2449546894.08,2449546894.08,-12.1584,
600202.SH,¹þ¿Õµ÷,2012-05-09,6.2819,6.2819,6.0945,6.0945,2734299,0.7133,2369045352.96,2369045352.96,-11.7588,
600202.SH,¹þ¿Õµ÷,2012-05-10,6.1142,6.1931,6.0353,6.1241,1921003,0.5011,2380545573.12,2380545573.12,-11.8159,
600202.SH,¹þ¿Õµ÷,2012-05-11,6.1537,6.1931,6.0748,6.0846,1581485,0.4126,2365211946.24,2365211946.24,-11.7398,
600202.SH,¹þ¿Õµ÷,2012-05-14,6.1537,6.1833,6.0353,6.0452,1635835,0.4267,2349878319.36,2349878319.36,-11.6637,
600202.SH,¹þ¿Õµ÷,2012-05-15,6.0058,6.1142,5.9367,6.0945,2034090,0.5306,2369045352.96,2369045352.96,-11.7588,
600202.SH,¹þ¿Õµ÷,2012-05-16,6.0846,6.1142,5.9466,5.9466,1330231,0.347,2311544252.16,2311544252.16,-11.4734,
600202.SH,¹þ¿Õµ÷,2012-05-17,5.9663,6.0945,5.9564,6.0846,1436112,0.3746,2365211946.24,2365211946.24,-11.7398,
600202.SH,¹þ¿Õµ÷,2012-05-18,6.0452,6.0846,5.9762,6.0058,1712119,0.4466,2334544692.48,2334544692.48,-11.5875,
600202.SH,¹þ¿Õµ÷,2012-05-21,6.0058,6.0058,6.0058,6.0058,--,--,2334544692.48,2334544692.48,-11.5875,
600202.SH,¹þ¿Õµ÷,2012-05-22,6.0156,6.1438,6.0156,6.1241,1780276,0.4644,2380545573.12,2380545573.12,-11.8159,
600202.SH,¹þ¿Õµ÷,2012-05-23,6.0748,6.1142,5.9959,6.0551,1484692,0.3873,2353711726.08,2353711726.08,-11.6827,
600202.SH,¹þ¿Õµ÷,2012-05-24,6.0353,6.1044,5.9959,6.0353,1197860,0.3125,2346044912.64,2346044912.64,-11.6446,
600202.SH,¹þ¿Õµ÷,2012-05-25,6.0551,6.0551,5.8677,5.8677,2165648,0.5649,2280876998.4,2280876998.4,-11.3212,
600202.SH,¹þ¿Õµ÷,2012-05-28,5.8381,5.9762,5.7296,5.9466,2010995,0.5246,2311544252.16,2311544252.16,-11.4734,
600202.SH,¹þ¿Õµ÷,2012-05-29,5.9269,6.1734,5.917,6.134,4042226,1.0545,2384378979.84,2384378979.84,-11.8349,
600202.SH,¹þ¿Õµ÷,2012-05-30,6.1537,6.3016,6.0649,6.2227,3641436,0.9499,2418879640.32,2418879640.32,-12.0061,
600202.SH,¹þ¿Õµ÷,2012-05-31,6.1931,6.2326,6.1241,6.1537,2337676,0.6098,2392045793.28,2392045793.28,-11.873,
600202.SH,¹þ¿Õµ÷,2012-06-01,6.2128,6.2523,6.1142,6.1438,2119782,0.553,2388212386.56,2388212386.56,-11.8539,
600202.SH,¹þ¿Õµ÷,2012-06-04,6.0748,6.0748,5.9071,5.917,1901857,0.4961,2300044032,2300044032,-11.4163,
600202.SH,¹þ¿Õµ÷,2012-06-05,5.9663,5.9663,5.8776,5.9269,1210747,0.3158,2303877438.72,2303877438.72,-11.4353,
600202.SH,¹þ¿Õµ÷,2012-06-06,5.9269,6.0058,5.8381,5.8776,1177486,0.3072,2284710405.12,2284710405.12,-11.3402,
600202.SH,¹þ¿Õµ÷,2012-06-07,5.9466,5.9663,5.8085,5.8282,1306370,0.3408,2265543371.52,2265543371.52,-11.2451,
600202.SH,¹þ¿Õµ÷,2012-06-08,5.8677,5.9071,5.7789,5.7987,1212133,0.3162,2254043151.36,2254043151.36,-11.188,
600202.SH,¹þ¿Õµ÷,2012-06-11,5.8282,5.9071,5.7888,5.9071,1697687,0.4429,2296210625.28,2296210625.28,-11.3973,
600202.SH,¹þ¿Õµ÷,2012-06-12,5.9071,5.9071,5.7987,5.8776,1103079,0.2878,2284710405.12,2284710405.12,-11.3402,
600202.SH,¹þ¿Õµ÷,2012-06-13,5.8874,5.9564,5.8578,5.9466,1614408,0.4211,2311544252.16,2311544252.16,-11.4734,
600202.SH,¹þ¿Õµ÷,2012-06-14,5.917,5.9367,5.8578,5.8677,1220695,0.3184,2280876998.4,2280876998.4,-11.3212,
600202.SH,¹þ¿Õµ÷,2012-06-15,5.8874,5.917,5.8282,5.8776,1007979,0.2629,2284710405.12,2284710405.12,-11.3402,
600202.SH,¹þ¿Õµ÷,2012-06-18,5.8874,5.9564,5.8874,5.9269,2051411,0.5351,2303877438.72,2303877438.72,-11.4353,
600202.SH,¹þ¿Õµ÷,2012-06-19,5.9367,5.9367,5.8282,5.8578,1268209,0.3308,2277043591.68,2277043591.68,-11.3021,
600202.SH,¹þ¿Õµ÷,2012-06-20,5.8874,5.8874,5.7987,5.8184,1230458,0.321,2261709964.8,2261709964.8,-11.226,
600202.SH,¹þ¿Õµ÷,2012-06-21,5.8184,5.8184,5.6409,5.6705,1775227,0.4631,2204208864,2204208864,-10.9406,
600202.SH,¹þ¿Õµ÷,2012-06-25,5.6705,5.7099,5.4929,5.5028,1424450,0.3716,2139040949.76,2139040949.76,-10.6172,
600202.SH,¹þ¿Õµ÷,2012-06-26,5.4831,5.5423,5.4338,5.5028,1478092,0.3856,2139040949.76,2139040949.76,-10.6172,
600202.SH,¹þ¿Õµ÷,2012-06-27,5.5225,5.5521,5.3943,5.4042,1649329,0.4303,2100706882.56,2100706882.56,-10.4269,
600202.SH,¹þ¿Õµ÷,2012-06-28,5.4042,5.4436,5.2267,5.2563,1982952,0.5173,2043205781.76,2043205781.76,-10.1415,
600202.SH,¹þ¿Õµ÷,2012-06-29,5.2464,5.3056,5.1182,5.276,2286013,0.5963,2050872595.2,2050872595.2,-10.1795,
600202.SH,¹þ¿Õµ÷,2012-07-02,5.2859,5.3746,5.276,5.3154,1580173,0.4122,2066206222.08,2066206222.08,-10.2556,
600202.SH,¹þ¿Õµ÷,2012-07-03,5.3056,5.3549,5.2464,5.2859,1405942,0.3668,2054706001.92,2054706001.92,-10.1986,
600202.SH,¹þ¿Õµ÷,2012-07-04,5.2859,5.4141,5.2168,5.3549,2690892,0.702,2081539848.96,2081539848.96,-10.3318,
600202.SH,¹þ¿Õµ÷,2012-07-05,5.3154,5.3154,5.1182,5.1281,2229557,0.5816,1993371494.4,1993371494.4,-9.8941,
600202.SH,¹þ¿Õµ÷,2012-07-06,5.1675,5.207,5.0886,5.1872,1696842,0.4426,2016371934.72,2016371934.72,-10.0083,
600202.SH,¹þ¿Õµ÷,2012-07-09,5.1872,5.2563,4.9703,4.9999,1680500,0.4384,1943537207.04,1943537207.04,-9.6468,
600202.SH,¹þ¿Õµ÷,2012-07-10,4.99,5.0294,4.9111,4.9407,1869021,0.4876,1920536766.72,1920536766.72,-9.5326,
600202.SH,¹þ¿Õµ÷,2012-07-11,4.921,4.9703,4.921,4.9703,1900226,0.4957,1932036986.88,1932036986.88,-9.5897,
600202.SH,¹þ¿Õµ÷,2012-07-12,4.9308,5.0393,4.8914,4.9999,1818978,0.4745,1943537207.04,1943537207.04,-9.6468,
600202.SH,¹þ¿Õµ÷,2012-07-13,5.0097,5.0097,4.9506,4.9506,1274045,0.3324,1924370173.44,1924370173.44,-9.5516,
600202.SH,¹þ¿Õµ÷,2012-07-16,4.9407,4.9506,4.6054,4.6448,2827743,0.7377,1805534565.12,1805534565.12,-8.9618,
600202.SH,¹þ¿Õµ÷,2012-07-17,4.6448,4.7632,4.5857,4.7435,1382040,0.3605,1843868632.32,1843868632.32,-9.1521,
600202.SH,¹þ¿Õµ÷,2012-07-18,4.6843,4.7829,4.6547,4.7632,1545611,0.4032,1851535445.76,1851535445.76,-9.1901,
600202.SH,¹þ¿Õµ÷,2012-07-19,4.7435,5.1478,4.7435,4.9506,4363074,1.1382,1924370173.44,1924370173.44,-9.5516,
600202.SH,¹þ¿Õµ÷,2012-07-20,4.9308,4.9999,4.8914,4.9308,1875416,0.4892,1916703360,1916703360,-9.5136,
600202.SH,¹þ¿Õµ÷,2012-07-23,4.9012,5.0294,4.8618,4.9012,1673789,0.4366,1905203139.84,1905203139.84,-9.4565,
600202.SH,¹þ¿Õµ÷,2012-07-24,4.8421,4.99,4.8421,4.9604,1719633,0.4486,1928203580.16,1928203580.16,-9.5707,
600202.SH,¹þ¿Õµ÷,2012-07-25,4.9604,4.9999,4.8815,4.9012,1025540,0.2675,1905203139.84,1905203139.84,-9.4565,
600202.SH,¹þ¿Õµ÷,2012-07-26,4.9012,4.9506,4.8421,4.8519,858951,0.2241,1886036106.24,1886036106.24,-9.3614,
600202.SH,¹þ¿Õµ÷,2012-07-27,4.8815,4.9604,4.8519,4.8717,677600,0.1768,1893702919.68,1893702919.68,-9.3994,
600202.SH,¹þ¿Õµ÷,2012-07-30,4.8519,4.8519,4.6054,4.6448,1903311,0.4965,1805534565.12,1805534565.12,-8.9618,
600202.SH,¹þ¿Õµ÷,2012-07-31,4.6448,4.6744,4.4871,4.5364,1237899,0.3229,1763367091.2,1763367091.2,-8.7525,
600202.SH,¹þ¿Õµ÷,2012-08-01,4.5364,4.6843,4.5166,4.635,1025491,0.2675,1801701158.4,1801701158.4,-8.9428,
600202.SH,¹þ¿Õµ÷,2012-08-02,4.6547,4.6646,4.5462,4.5857,837586,0.2185,1782534124.8,1782534124.8,-8.8476,
600202.SH,¹þ¿Õµ÷,2012-08-03,4.5758,4.7139,4.566,4.704,1339344,0.3494,1828535005.44,1828535005.44,-9.076,
600202.SH,¹þ¿Õµ÷,2012-08-06,4.7139,4.8224,4.6646,4.7829,1789106,0.4667,1859202259.2,1859202259.2,-9.2282,
600202.SH,¹þ¿Õµ÷,2012-08-07,4.7829,4.8519,4.7632,4.8125,1658053,0.4325,1870702479.36,1870702479.36,-9.2853,
600202.SH,¹þ¿Õµ÷,2012-08-08,4.8125,4.8519,4.7533,4.7928,1347423,0.3515,1863035665.92,1863035665.92,-9.2472,
600202.SH,¹þ¿Õµ÷,2012-08-09,4.7829,4.8717,4.7435,4.8519,1764414,0.4603,1886036106.24,1886036106.24,-9.3614,
600202.SH,¹þ¿Õµ÷,2012-08-10,4.921,4.921,4.7928,4.8421,1498010,0.3908,1882202699.52,1882202699.52,-9.3423,
600202.SH,¹þ¿Õµ÷,2012-08-13,4.8421,4.8421,4.6942,4.704,1432594,0.3737,1828535005.44,1828535005.44,-9.076,
600202.SH,¹þ¿Õµ÷,2012-08-14,4.704,5.1774,4.6744,5.1774,5402837,1.4094,2012538528,2012538528,-10.2122,
600202.SH,¹þ¿Õµ÷,2012-08-15,5.3549,5.5521,5.059,5.1379,14605247,3.81,1997204901.12,1997204901.12,-10.1344,
600202.SH,¹þ¿Õµ÷,2012-08-16,4.9506,5.1281,4.9506,4.9801,5301245,1.3829,1935870393.6,1935870393.6,-9.8231,
600202.SH,¹þ¿Õµ÷,2012-08-17,4.9703,5.0492,4.8815,4.9111,3481487,0.9082,1909036546.56,1909036546.56,-9.687,
600202.SH,¹þ¿Õµ÷,2012-08-20,4.9111,4.9308,4.8026,4.9111,3169253,0.8267,1909036546.56,1909036546.56,-9.687,
600202.SH,¹þ¿Õµ÷,2012-08-21,4.9111,4.9999,4.8914,4.9703,3838736,1.0014,1932036986.88,1932036986.88,-9.8037,
600202.SH,¹þ¿Õµ÷,2012-08-22,4.9506,4.9801,4.8815,4.9308,2806917,0.7322,1916703360,1916703360,-9.7259,
600202.SH,¹þ¿Õµ÷,2012-08-23,4.9012,5.0788,4.9012,5.0196,4104956,1.0708,1951204020.48,1951204020.48,-9.9009,
600202.SH,¹þ¿Õµ÷,2012-08-24,5.0196,5.0492,4.8914,4.9111,2128096,0.5551,1909036546.56,1909036546.56,-9.687,
600202.SH,¹þ¿Õµ÷,2012-08-27,4.8914,4.9111,4.7435,4.8125,1902566,0.4963,1870702479.36,1870702479.36,-9.4925,
600202.SH,¹þ¿Õµ÷,2012-08-28,4.8026,4.8815,4.773,4.8125,1246450,0.3252,1870702479.36,1870702479.36,-9.4925,
600202.SH,¹þ¿Õµ÷,2012-08-29,4.7928,4.8322,4.704,4.7237,1529796,0.3991,1836201818.88,1836201818.88,-9.3174,
600202.SH,¹þ¿Õµ÷,2012-08-30,4.7632,4.921,4.704,4.8519,3119230,0.8137,1886036106.24,1886036106.24,-9.5703,
600202.SH,¹þ¿Õµ÷,2012-08-31,4.8519,4.9604,4.773,4.9407,2432175,0.6345,1920536766.72,1920536766.72,-9.7453,
600202.SH,¹þ¿Õµ÷,2012-09-03,4.9407,4.9801,4.8914,4.9407,2299605,0.5999,1920536766.72,1920536766.72,-9.7453,
600202.SH,¹þ¿Õµ÷,2012-09-04,4.9801,4.9801,4.8421,4.8717,1878253,0.49,1893702919.68,1893702919.68,-9.6092,
600202.SH,¹þ¿Õµ÷,2012-09-05,4.8717,4.8717,4.7237,4.8618,2131556,0.556,1889869512.96,1889869512.96,-9.5897,
600202.SH,¹þ¿Õµ÷,2012-09-06,4.8322,4.8914,4.8026,4.8815,1836838,0.4792,1897536326.4,1897536326.4,-9.6286,
600202.SH,¹þ¿Õµ÷,2012-09-07,4.8914,5.0985,4.8914,5.0788,4870279,1.2705,1974204460.8,1974204460.8,-10.0177,
600202.SH,¹þ¿Õµ÷,2012-09-10,5.0788,5.1379,5.0294,5.0886,3202194,0.8353,1978037867.52,1978037867.52,-10.0371,
600202.SH,¹þ¿Õµ÷,2012-09-11,5.0689,5.345,5.0294,5.1675,4993869,1.3027,2008705121.28,2008705121.28,-10.1927,
600202.SH,¹þ¿Õµ÷,2012-09-12,5.1577,5.1971,5.0886,5.1774,2820233,0.7357,2012538528,2012538528,-10.2122,
600202.SH,¹þ¿Õµ÷,2012-09-13,5.1577,5.2365,5.0985,5.1083,3012700,0.7859,1985704680.96,1985704680.96,-10.076,
600202.SH,¹þ¿Õµ÷,2012-09-14,5.1083,5.2464,5.0788,5.1675,4111666,1.0726,2008705121.28,2008705121.28,-10.1927,
600202.SH,¹þ¿Õµ÷,2012-09-17,5.1577,5.207,4.9506,4.9604,2989986,0.78,1928203580.16,1928203580.16,-9.7842,
600202.SH,¹þ¿Õµ÷,2012-09-18,4.9407,5.0788,4.8717,4.9703,1852008,0.4831,1932036986.88,1932036986.88,-9.8037,
600202.SH,¹þ¿Õµ÷,2012-09-19,4.9801,5.0294,4.9308,5.0097,1352375,0.3528,1947370613.76,1947370613.76,-9.8815,
600202.SH,¹þ¿Õµ÷,2012-09-20,5.0097,5.0097,4.7928,4.8224,2164056,0.5645,1874535886.08,1874535886.08,-9.5119,
600202.SH,¹þ¿Õµ÷,2012-09-21,4.8519,4.8519,4.7829,4.7829,2088823,0.5449,1859202259.2,1859202259.2,-9.4341,
600202.SH,¹þ¿Õµ÷,2012-09-24,4.7928,4.8026,4.6843,4.7829,1034102,0.2698,1859202259.2,1859202259.2,-9.4341,
600202.SH,¹þ¿Õµ÷,2012-09-25,4.7829,4.8224,4.7336,4.7928,1068491,0.2787,1863035665.92,1863035665.92,-9.4536,
600202.SH,¹þ¿Õµ÷,2012-09-26,4.8322,4.8618,4.6843,4.7139,1328362,0.3465,1832368412.16,1832368412.16,-9.2979,
600202.SH,¹þ¿Õµ÷,2012-09-27,4.6942,4.8519,4.6744,4.8026,2012994,0.5251,1866869072.64,1866869072.64,-9.473,
600202.SH,¹þ¿Õµ÷,2012-09-28,4.8026,4.8815,4.7632,4.8618,1429487,0.3729,1889869512.96,1889869512.96,-9.5897,
600202.SH,¹þ¿Õµ÷,2012-10-08,4.8618,5.0196,4.8618,4.9703,2543199,0.6634,1932036986.88,1932036986.88,-9.8037,
600202.SH,¹þ¿Õµ÷,2012-10-09,5.0294,5.4634,4.99,5.4634,9685486,2.5266,2123707322.88,2123707322.88,-10.7763,
600202.SH,¹þ¿Õµ÷,2012-10-10,5.6211,5.6211,5.2859,5.3746,16211941,4.2291,2089206662.4,2089206662.4,-10.6012,
600202.SH,¹þ¿Õµ÷,2012-10-11,5.2661,5.4141,5.2267,5.2365,8089715,2.1103,2035538968.32,2035538968.32,-10.3289,
600202.SH,¹þ¿Õµ÷,2012-10-12,5.2267,5.3746,5.1478,5.2365,7690452,2.0062,2035538968.32,2035538968.32,-10.3289,
600202.SH,¹þ¿Õµ÷,2012-10-15,5.2267,5.2365,5.0788,5.1774,3576437,0.933,2012538528,2012538528,-10.2122,
600202.SH,¹þ¿Õµ÷,2012-10-16,5.1675,5.2563,5.0985,5.1577,2710626,0.7071,2004871714.56,2004871714.56,-10.1733,
600202.SH,¹þ¿Õµ÷,2012-10-17,5.2168,5.3253,5.1577,5.2267,4043354,1.0548,2031705561.6,2031705561.6,-10.3094,
600202.SH,¹þ¿Õµ÷,2012-10-18,5.2168,5.4436,5.2168,5.3352,7290028,1.9017,2073873035.52,2073873035.52,-10.5234,
600202.SH,¹þ¿Õµ÷,2012-10-19,5.4436,5.5718,5.2464,5.2661,7256062,1.8928,2047039188.48,2047039188.48,-10.3872,
600202.SH,¹þ¿Õµ÷,2012-10-22,5.1774,5.2563,5.0985,5.2168,3588757,0.9362,2027872154.88,2027872154.88,-10.29,
600202.SH,¹þ¿Õµ÷,2012-10-23,5.2168,5.3647,5.1675,5.1971,4181604,1.0908,2020205341.44,2020205341.44,-10.2511,
600202.SH,¹þ¿Õµ÷,2012-10-24,5.1478,5.2267,5.1083,5.1577,2652698,0.692,2004871714.56,2004871714.56,-10.1733,
600202.SH,¹þ¿Õµ÷,2012-10-25,5.3253,5.6211,5.2168,5.2464,10929024,2.851,2039372375.04,2039372375.04,-10.3483,
600202.SH,¹þ¿Õµ÷,2012-10-26,5.1379,5.1971,4.9308,4.99,6156295,1.606,1939703800.32,1939703800.32,-9.8426,
600202.SH,¹þ¿Õµ÷,2012-10-29,4.99,5.0196,4.8914,4.9604,2126435,0.5547,1928203580.16,1928203580.16,-9.7842,
600202.SH,¹þ¿Õµ÷,2012-10-30,4.9506,5.0492,4.9308,4.9801,2015220,0.5257,1935870393.6,1935870393.6,-9.8608,
600202.SH,¹þ¿Õµ÷,2012-10-31,5.0097,5.0294,4.9506,5.0097,1315717,0.3432,1947370613.76,1947370613.76,-9.9194,
600202.SH,¹þ¿Õµ÷,2012-11-01,5.0097,5.1182,5.0097,5.1083,2689019,0.7015,1985704680.96,1985704680.96,-10.1146,
600202.SH,¹þ¿Õµ÷,2012-11-02,5.1083,5.1281,5.0393,5.1182,1755052,0.4578,1989538087.68,1989538087.68,-10.1341,
600202.SH,¹þ¿Õµ÷,2012-11-05,5.1379,5.2563,5.1281,5.1774,2424220,0.6324,2012538528,2012538528,-10.2513,
600202.SH,¹þ¿Õµ÷,2012-11-06,5.1478,5.1774,5.0393,5.1083,2232944,0.5825,1985704680.96,1985704680.96,-10.1146,
600202.SH,¹þ¿Õµ÷,2012-11-07,5.0985,5.1971,5.0788,5.1182,1767108,0.461,1989538087.68,1989538087.68,-10.1341,
600202.SH,¹þ¿Õµ÷,2012-11-08,5.0886,5.0886,4.9604,4.9604,1884618,0.4916,1928203580.16,1928203580.16,-9.8217,
600202.SH,¹þ¿Õµ÷,2012-11-09,4.9604,4.9801,4.9012,4.9308,1273200,0.3321,1916703360,1916703360,-9.7631,
600202.SH,¹þ¿Õµ÷,2012-11-12,4.9506,4.99,4.8815,4.9703,1306530,0.3408,1932036986.88,1932036986.88,-9.8413,
600202.SH,¹þ¿Õµ÷,2012-11-13,4.9703,4.9703,4.8717,4.8914,987329,0.2576,1901369733.12,1901369733.12,-9.685,
600202.SH,¹þ¿Õµ÷,2012-11-14,4.8717,4.921,4.8519,4.9111,814366,0.2124,1909036546.56,1909036546.56,-9.7241,
600202.SH,¹þ¿Õµ÷,2012-11-15,4.9012,4.9012,4.773,4.7829,1341428,0.3499,1859202259.2,1859202259.2,-9.4703,
600202.SH,¹þ¿Õµ÷,2012-11-16,4.773,4.773,4.6744,4.7237,1207910,0.3151,1836201818.88,1836201818.88,-9.3531,
600202.SH,¹þ¿Õµ÷,2012-11-19,4.704,4.7829,4.6744,4.7829,1005558,0.2623,1859202259.2,1859202259.2,-9.4703,
600202.SH,¹þ¿Õµ÷,2012-11-20,4.7829,4.8717,4.7829,4.8125,830017,0.2165,1870702479.36,1870702479.36,-9.5288,
600202.SH,¹þ¿Õµ÷,2012-11-21,4.8125,4.9012,4.7533,4.8914,1153343,0.3009,1901369733.12,1901369733.12,-9.685,
600202.SH,¹þ¿Õµ÷,2012-11-22,4.8914,4.8914,4.8125,4.8224,1046880,0.2731,1874535886.08,1874535886.08,-9.5484,
600202.SH,¹þ¿Õµ÷,2012-11-23,4.8322,4.8717,4.7928,4.8322,1241295,0.3238,1878369292.8,1878369292.8,-9.5679,
600202.SH,¹þ¿Õµ÷,2012-11-26,4.8519,4.8618,4.7435,4.7533,875373,0.2284,1847702039.04,1847702039.04,-9.4117,
600202.SH,¹þ¿Õµ÷,2012-11-27,4.7533,4.7632,4.4871,4.5462,1754218,0.4576,1767200497.92,1767200497.92,-9.0016,
600202.SH,¹þ¿Õµ÷,2012-11-28,4.5364,4.5364,4.4377,4.4673,1113895,0.2906,1736533244.16,1736533244.16,-8.8454,
600202.SH,¹þ¿Õµ÷,2012-11-29,4.5166,4.5364,4.3786,4.3983,836110,0.2181,1709699397.12,1709699397.12,-8.7087,
600202.SH,¹þ¿Õµ÷,2012-11-30,4.4969,4.4969,4.3391,4.4377,757309,0.1976,1725033024,1725033024,-8.7868,
600202.SH,¹þ¿Õµ÷,2012-12-03,4.4377,4.4871,4.3687,4.3983,959074,0.2502,1709699397.12,1709699397.12,-8.7087,
600202.SH,¹þ¿Õµ÷,2012-12-04,4.3687,4.4673,4.349,4.4575,1151882,0.3005,1732699837.44,1732699837.44,-8.8259,
600202.SH,¹þ¿Õµ÷,2012-12-05,4.4575,4.6547,4.4377,4.6448,1907776,0.4977,1805534565.12,1805534565.12,-9.1969,
600202.SH,¹þ¿Õµ÷,2012-12-06,4.5955,4.6843,4.5955,4.6054,1173784,0.3062,1790200938.24,1790200938.24,-9.1188,
600202.SH,¹þ¿Õµ÷,2012-12-07,4.635,4.7139,4.5955,4.6942,1850577,0.4827,1824701598.72,1824701598.72,-9.2945,
600202.SH,¹þ¿Õµ÷,2012-12-10,4.6942,4.8815,4.6547,4.7829,2428354,0.6335,1859202259.2,1859202259.2,-9.4703,
600202.SH,¹þ¿Õµ÷,2012-12-11,4.773,4.773,4.6942,4.704,1583192,0.413,1828535005.44,1828535005.44,-9.314,
600202.SH,¹þ¿Õµ÷,2012-12-12,4.7237,4.7336,4.6251,4.7139,1682680,0.439,1832368412.16,1832368412.16,-9.3336,
600202.SH,¹þ¿Õµ÷,2012-12-13,4.7928,4.8914,4.6744,4.6744,2254459,0.5881,1817034785.28,1817034785.28,-9.2555,
600202.SH,¹þ¿Õµ÷,2012-12-14,4.6448,4.8717,4.635,4.8519,3397053,0.8862,1886036106.24,1886036106.24,-9.6069,
600202.SH,¹þ¿Õµ÷,2012-12-17,4.9012,4.9308,4.8322,4.8815,3058400,0.7978,1897536326.4,1897536326.4,-9.6655,
600202.SH,¹þ¿Õµ÷,2012-12-18,4.8815,4.9012,4.8125,4.8618,2520179,0.6574,1889869512.96,1889869512.96,-9.6265,
600202.SH,¹þ¿Õµ÷,2012-12-19,4.8322,4.8717,4.8125,4.8618,1913754,0.4992,1889869512.96,1889869512.96,-9.6265,
600202.SH,¹þ¿Õµ÷,2012-12-20,4.8421,4.8618,4.7533,4.8125,2030398,0.5297,1870702479.36,1870702479.36,-9.5288,
600202.SH,¹þ¿Õµ÷,2012-12-21,4.8322,4.8815,4.7632,4.7928,1892499,0.4937,1863035665.92,1863035665.92,-9.4898,
600202.SH,¹þ¿Õµ÷,2012-12-24,4.7829,4.8421,4.773,4.8026,1194251,0.3115,1866869072.64,1866869072.64,-9.5093,
600202.SH,¹þ¿Õµ÷,2012-12-25,4.7632,4.9012,4.7435,4.8914,2802380,0.731,1901369733.12,1901369733.12,-9.685,
600202.SH,¹þ¿Õµ÷,2012-12-26,4.8815,4.9703,4.8717,4.9604,2742940,0.7155,1928203580.16,1928203580.16,-9.8217,
600202.SH,¹þ¿Õµ÷,2012-12-27,4.9604,4.9801,4.9012,4.921,2904465,0.7577,1912869953.28,1912869953.28,-9.7436,
600202.SH,¹þ¿Õµ÷,2012-12-28,4.9308,4.9999,4.8717,4.99,2842057,0.7414,1939703800.32,1939703800.32,-9.8803,
600202.SH,¹þ¿Õµ÷,2012-12-31,5.0196,5.0689,4.9801,4.9999,2320400,0.6053,1943537207.04,1943537207.04,-9.8998,
600202.SH,¹þ¿Õµ÷,2013-01-04,5.0196,5.0492,4.9111,4.9407,2754046,0.7184,1920536766.72,1920536766.72,-9.7827,
600202.SH,¹þ¿Õµ÷,2013-01-07,4.921,5.0393,4.9111,5.0294,2484320,0.6481,1955037427.2,1955037427.2,-9.9584,
600202.SH,¹þ¿Õµ÷,2013-01-08,5.0294,5.1182,5.0097,5.0886,4373865,1.141,1978037867.52,1978037867.52,-10.0756,
600202.SH,¹þ¿Õµ÷,2013-01-09,5.0788,5.1774,5.0492,5.1182,5106055,1.332,1989538087.68,1989538087.68,-10.1341,
600202.SH,¹þ¿Õµ÷,2013-01-10,5.1379,5.3647,5.1083,5.2168,6879946,1.7947,2027872154.88,2027872154.88,-10.3294,
600202.SH,¹þ¿Õµ÷,2013-01-11,5.207,5.2168,4.9801,5.0492,5215767,1.3606,1962704240.64,1962704240.64,-9.9975,
600202.SH,¹þ¿Õµ÷,2013-01-14,5.0689,5.1971,5.0097,5.1971,4078141,1.0638,2020205341.44,2020205341.44,-10.2904,
600202.SH,¹þ¿Õµ÷,2013-01-15,5.1872,5.4042,5.1774,5.3154,6309710,1.646,2066206222.08,2066206222.08,-10.5247,
600202.SH,¹þ¿Õµ÷,2013-01-16,5.3253,5.5718,5.1872,5.3746,9041191,2.3585,2089206662.4,2089206662.4,-10.6418,
600202.SH,¹þ¿Õµ÷,2013-01-17,5.3549,5.3746,5.2365,5.2563,3895198,1.0161,2043205781.76,2043205781.76,-10.4075,
600202.SH,¹þ¿Õµ÷,2013-01-18,5.2464,5.3253,5.2168,5.3056,3040213,0.7931,2062372815.36,2062372815.36,-10.5051,
600202.SH,¹þ¿Õµ÷,2013-01-21,5.3056,5.3352,5.2563,5.3154,2236200,0.5833,2066206222.08,2066206222.08,-10.5247,
600202.SH,¹þ¿Õµ÷,2013-01-22,5.3154,5.3154,5.2267,5.2365,3657261,0.954,2035538968.32,2035538968.32,-10.3685,
600202.SH,¹þ¿Õµ÷,2013-01-23,5.2267,5.2365,5.1083,5.1774,3274543,0.8542,2012538528,2012538528,-10.2513,
600202.SH,¹þ¿Õµ÷,2013-01-24,5.1675,5.2365,5.0393,5.0492,4364448,1.1385,1962704240.64,1962704240.64,-9.9975,
600202.SH,¹þ¿Õµ÷,2013-01-25,5.0788,5.1379,5.0393,5.0985,2273063,0.593,1981871274.24,1981871274.24,-10.0951,
600202.SH,¹þ¿Õµ÷,2013-01-28,5.1281,5.276,5.0985,5.2365,3750465,0.9784,2035538968.32,2035538968.32,-10.3685,
600202.SH,¹þ¿Õµ÷,2013-01-29,5.2365,5.5324,5.2267,5.4634,11551920,3.0135,2123707322.88,2123707322.88,-10.8176,
600202.SH,¹þ¿Õµ÷,2013-01-30,5.4831,5.5324,5.3549,5.4239,5339700,1.3929,2108373696,2108373696,-10.7395,
600202.SH,¹þ¿Õµ÷,2013-01-31,5.4634,5.5521,5.3845,5.5423,5265026,1.3735,2154374576.64,2154374576.64,-10.9738,
600202.SH,¹þ¿Õµ÷,2013-02-01,5.5225,5.7691,5.4831,5.7,8473006,2.2103,2215709084.16,2215709084.16,-11.2862,
600202.SH,¹þ¿Õµ÷,2013-02-04,5.7494,5.7691,5.6113,5.6902,4916516,1.2825,2211875677.44,2211875677.44,-11.2667,
600202.SH,¹þ¿Õµ÷,2013-02-05,5.631,5.7296,5.6113,5.7,2970395,0.7749,2215709084.16,2215709084.16,-11.2862,
600202.SH,¹þ¿Õµ÷,2013-02-06,5.8184,6.272,5.7099,6.2128,15856360,4.1364,2415046233.6,2415046233.6,-12.3016,
600202.SH,¹þ¿Õµ÷,2013-02-07,6.1142,6.2917,6.0649,6.2424,14616600,3.813,2426546453.76,2426546453.76,-12.3601,
600202.SH,¹þ¿Õµ÷,2013-02-08,6.2227,6.3411,6.1438,6.2128,10877803,2.8376,2415046233.6,2415046233.6,-12.3016,
600202.SH,¹þ¿Õµ÷,2013-02-18,6.1537,6.6665,6.1537,6.5876,24717369,6.4479,2560715688.96,2560715688.96,-13.0436,
600202.SH,¹þ¿Õµ÷,2013-02-19,6.5383,6.6665,6.3706,6.489,18156984,4.7365,2522381621.76,2522381621.76,-12.8483,
600202.SH,¹þ¿Õµ÷,2013-02-20,6.5186,6.627,6.4002,6.5777,14453127,3.7703,2556882282.24,2556882282.24,-13.024,
600202.SH,¹þ¿Õµ÷,2013-02-21,6.5975,6.6468,6.4002,6.5186,17322229,4.5188,2533881841.92,2533881841.92,-12.9069,
600202.SH,¹þ¿Õµ÷,2013-02-22,6.5186,6.558,6.4002,6.4693,12605889,3.2884,2514714808.32,2514714808.32,-12.8093,
600202.SH,¹þ¿Õµ÷,2013-02-25,6.4495,6.558,6.3411,6.5186,12483713,3.2566,2533881841.92,2533881841.92,-12.9069,
600202.SH,¹þ¿Õµ÷,2013-02-26,6.5284,6.6468,6.4298,6.4693,15614510,4.0733,2514714808.32,2514714808.32,-12.8093,
600202.SH,¹þ¿Õµ÷,2013-02-27,6.5087,6.6763,6.4594,6.5876,16312583,4.2554,2560715688.96,2560715688.96,-13.0436,
600202.SH,¹þ¿Õµ÷,2013-02-28,6.5975,6.8539,6.5284,6.7848,29208462,7.6195,2637383823.36,2637383823.36,-13.4341,
600202.SH,¹þ¿Õµ÷,2013-03-01,6.7848,6.8736,6.6665,6.7651,20816891,5.4304,2629717009.92,2629717009.92,-13.395,
600202.SH,¹þ¿Õµ÷,2013-03-04,6.6763,6.8243,6.4791,6.6566,22799226,5.9475,2587549536,2587549536,-13.1803,
600202.SH,¹þ¿Õµ÷,2013-03-05,6.5975,6.7355,6.5284,6.6665,14000657,3.6523,2591382942.72,2591382942.72,-13.1998,
600202.SH,¹þ¿Õµ÷,2013-03-06,6.7059,7.0905,6.6566,7.0511,29463789,7.6861,2740885804.8,2740885804.8,-13.9613,
600202.SH,¹þ¿Õµ÷,2013-03-07,7.0018,7.5738,6.9032,7.5047,34596271,9.0249,2917222513.92,2917222513.92,-14.8595,
600202.SH,¹þ¿Õµ÷,2013-03-08,7.4456,7.8795,7.1201,7.1892,20734479,5.4089,2794553498.88,2794553498.88,-14.2347,
600202.SH,¹þ¿Õµ÷,2013-03-11,7.0511,7.1694,6.7651,6.7947,12280883,3.2036,2641217230.08,2641217230.08,-13.4536,
600202.SH,¹þ¿Õµ÷,2013-03-12,6.7355,6.844,6.3608,6.5284,10757633,2.8063,2537715248.64,2537715248.64,-12.9264,
600202.SH,¹þ¿Õµ÷,2013-03-13,6.4988,6.627,6.4693,6.4988,5283950,1.3784,2526215028.48,2526215028.48,-12.8678,
600202.SH,¹þ¿Õµ÷,2013-03-14,6.4693,6.6665,6.3706,6.6172,4669688,1.2182,2572215909.12,2572215909.12,-13.1021,
600202.SH,¹þ¿Õµ÷,2013-03-15,6.627,6.6468,6.4199,6.4693,4713127,1.2295,2514714808.32,2514714808.32,-12.8093,
600202.SH,¹þ¿Õµ÷,2013-03-18,6.4199,6.4791,6.2523,6.3016,5295709,1.3815,2449546894.08,2449546894.08,-12.4773,
600202.SH,¹þ¿Õµ÷,2013-03-19,6.2917,6.5481,6.2917,6.4594,4469724,1.166,2510881401.6,2510881401.6,-12.7897,
600202.SH,¹þ¿Õµ÷,2013-03-20,6.4298,6.6862,6.4298,6.6763,4144186,1.0811,2595216349.44,2595216349.44,-13.2193,
600202.SH,¹þ¿Õµ÷,2013-03-21,6.6763,6.9032,6.6566,6.7454,6313562,1.647,2622050196.48,2622050196.48,-13.356,
600202.SH,¹þ¿Õµ÷,2013-03-22,6.7454,6.8243,6.627,6.6566,3024887,0.7891,2587549536,2587549536,-13.1803,
600202.SH,¹þ¿Õµ÷,2013-03-25,6.6566,7.13,6.6172,7.0807,7653400,1.9965,2752386024.96,2752386024.96,-14.0199,
600202.SH,¹þ¿Õµ÷,2013-03-26,7.0807,7.3371,6.9229,6.9328,8924842,2.3282,2694884924.16,2694884924.16,-13.727,
600202.SH,¹þ¿Õµ÷,2013-03-27,6.9229,7.0511,6.7947,6.913,4291482,1.1195,2687218110.72,2687218110.72,-13.6879,
600202.SH,¹þ¿Õµ÷,2013-03-28,6.8539,6.9328,6.4199,6.4594,4309716,1.1243,2510881401.6,2510881401.6,-12.7897,
600202.SH,¹þ¿Õµ÷,2013-03-29,6.4397,6.5777,6.3213,6.4791,3042629,0.7937,2518548215.04,2518548215.04,-12.8288,
600202.SH,¹þ¿Õµ÷,2013-04-01,6.4988,6.6369,6.4101,6.5481,1619264,0.4224,2545382062.08,2545382062.08,-12.9655,
600202.SH,¹þ¿Õµ÷,2013-04-02,6.5679,6.627,6.3608,6.3608,2103158,0.5486,2472547334.4,2472547334.4,-12.5945,
600202.SH,¹þ¿Õµ÷,2013-04-03,6.3509,6.4397,6.0551,6.1241,3677965,0.9595,2380545573.12,2380545573.12,-12.1258,
600202.SH,¹þ¿Õµ÷,2013-04-08,6.0748,6.3312,5.8874,6.3115,3343320,0.8722,2453380300.8,2453380300.8,-12.4968,
600202.SH,¹þ¿Õµ÷,2013-04-09,6.2622,6.3411,6.1142,6.2128,2092519,0.5459,2415046233.6,2415046233.6,-12.3016,
600202.SH,¹þ¿Õµ÷,2013-04-10,6.2424,6.3312,6.1833,6.2424,2077608,0.542,2426546453.76,2426546453.76,-12.3601,
600202.SH,¹þ¿Õµ÷,2013-04-11,6.272,6.3016,5.986,6.0156,3562702,0.9294,2338378099.2,2338378099.2,-11.911,
600202.SH,¹þ¿Õµ÷,2013-04-12,6.0255,6.0452,5.8874,5.8973,2030061,0.5296,2292377218.56,2292377218.56,-11.6767,
600202.SH,¹þ¿Õµ÷,2013-04-15,5.917,5.9663,5.7099,5.7296,2172620,0.5668,2227209304.32,2227209304.32,-11.3448,
600202.SH,¹þ¿Õµ÷,2013-04-16,5.7198,5.8381,5.5916,5.8085,4342688,1.1329,2257876558.08,2257876558.08,-11.501,
600202.SH,¹þ¿Õµ÷,2013-04-17,5.7691,6.0846,5.7198,6.0452,3364756,0.8777,2349878319.36,2349878319.36,-11.9696,
600202.SH,¹þ¿Õµ÷,2013-04-18,5.9959,6.2622,5.9269,6.1931,8090026,2.1104,2407379420.16,2407379420.16,-12.2625,
600202.SH,¹þ¿Õµ÷,2013-04-19,6.1833,6.4495,6.1537,6.2326,8211008,2.142,2422713047.04,2422713047.04,-12.3406,
600202.SH,¹þ¿Õµ÷,2013-04-22,6.203,6.2128,5.9762,5.986,6765701,1.7649,2326877879.04,2326877879.04,-11.8525,
600202.SH,¹þ¿Õµ÷,2013-04-23,6.0353,6.0649,5.6014,5.631,6807181,1.7758,2188875237.12,2188875237.12,-11.1495,
600202.SH,¹þ¿Õµ÷,2013-04-24,5.6507,5.7099,5.6014,5.6211,10446709,2.7252,2185041830.4,2185041830.4,-11.13,
600202.SH,¹þ¿Õµ÷,2013-04-25,5.6211,5.631,5.2859,5.3845,14394006,3.7549,2093040069.12,2093040069.12,-10.6614,
600202.SH,¹þ¿Õµ÷,2013-04-26,5.4535,5.4535,5.1675,5.2464,8497421,2.2167,2039372375.04,2039372375.04,95.513,
600202.SH,¹þ¿Õµ÷,2013-05-02,5.2267,5.345,5.1971,5.2957,3374673,0.8803,2058539408.64,2058539408.64,96.4107,
600202.SH,¹þ¿Õµ÷,2013-05-03,5.3056,5.4535,5.3056,5.4141,4128784,1.0771,2104540289.28,2104540289.28,98.5651,
600202.SH,¹þ¿Õµ÷,2013-05-06,5.4239,5.5028,5.4042,5.4436,3868592,1.0092,2116040509.44,2116040509.44,99.1037,
600202.SH,¹þ¿Õµ÷,2013-05-07,5.4042,5.4634,5.3549,5.4535,3316188,0.8651,2119873916.16,2119873916.16,99.2832,
600202.SH,¹þ¿Õµ÷,2013-05-08,5.4732,5.4929,5.3746,5.4732,4357752,1.1368,2127540729.6,2127540729.6,99.6423,
600202.SH,¹þ¿Õµ÷,2013-05-09,5.4634,5.5225,5.3845,5.4732,4493934,1.1723,2127540729.6,2127540729.6,99.6423,
600202.SH,¹þ¿Õµ÷,2013-05-10,5.4634,5.6507,5.4338,5.5817,5590962,1.4585,2169708203.52,2169708203.52,101.6172,
600202.SH,¹þ¿Õµ÷,2013-05-13,5.6113,5.6113,5.5127,5.5817,3080246,0.8035,2169708203.52,2169708203.52,101.6172,
600202.SH,¹þ¿Õµ÷,2013-05-14,5.5817,5.5817,5.4338,5.4634,3553487,0.927,2123707322.88,2123707322.88,99.4628,
600202.SH,¹þ¿Õµ÷,2013-05-15,5.4732,5.6014,5.4732,5.5324,3441193,0.8977,2150541169.92,2150541169.92,100.7195,
600202.SH,¹þ¿Õµ÷,2013-05-16,5.5324,5.6211,5.4732,5.5916,4217887,1.1003,2173541610.24,2173541610.24,101.7967,
600202.SH,¹þ¿Õµ÷,2013-05-17,5.5817,5.7494,5.5521,5.6606,5663741,1.4775,2200375457.28,2200375457.28,103.0535,
600202.SH,¹þ¿Õµ÷,2013-05-20,5.6705,5.917,5.6705,5.917,6845832,1.7858,2300044032,2300044032,107.7214,
600202.SH,¹þ¿Õµ÷,2013-05-21,5.917,6.1044,5.8776,5.9663,9036152,2.3572,2319211065.6,2319211065.6,108.6191,
600202.SH,¹þ¿Õµ÷,2013-05-22,5.9663,5.9959,5.7987,5.8184,6065277,1.5822,2261709964.8,2261709964.8,105.9261,
600202.SH,¹þ¿Õµ÷,2013-05-23,5.8973,6.1537,5.8184,5.8381,9509048,2.4806,2269376778.24,2269376778.24,106.2851,
600202.SH,¹þ¿Õµ÷,2013-05-24,5.848,6.0353,5.848,6.0058,6396494,1.6686,2334544692.48,2334544692.48,109.3372,
600202.SH,¹þ¿Õµ÷,2013-05-27,6.0255,6.0945,5.9762,6.0255,4684786,1.2221,2342211505.92,2342211505.92,109.6963,
600202.SH,¹þ¿Õµ÷,2013-05-28,6.0353,6.3509,6.0353,6.3411,10277515,2.681,2464880520.96,2464880520.96,115.4415,
600202.SH,¹þ¿Õµ÷,2013-05-29,6.3706,6.4594,6.2128,6.2917,7352737,1.9181,2445713487.36,2445713487.36,114.5438,
600202.SH,¹þ¿Õµ÷,2013-05-30,6.2523,6.3411,6.1734,6.2917,5732510,1.4954,2445713487.36,2445713487.36,114.5438,
600202.SH,¹þ¿Õµ÷,2013-05-31,6.2819,6.4002,6.2227,6.2227,5253846,1.3705,2418879640.32,2418879640.32,113.287,
600202.SH,¹þ¿Õµ÷,2013-06-03,6.2326,6.2622,6.1142,6.1142,3950050,1.0304,2376712166.4,2376712166.4,111.3121,
600202.SH,¹þ¿Õµ÷,2013-06-04,6.0945,6.0945,5.8677,5.917,5382652,1.4041,2300044032,2300044032,107.7214,
600202.SH,¹þ¿Õµ÷,2013-06-05,5.9367,6.0846,5.9367,6.0353,4064430,1.0603,2346044912.64,2346044912.64,109.8759,
600202.SH,¹þ¿Õµ÷,2013-06-06,5.9959,5.9959,5.8973,5.9071,2554389,0.6663,2296210625.28,2296210625.28,107.5419,
600202.SH,¹þ¿Õµ÷,2013-06-07,5.8677,5.9564,5.5916,5.6902,4580891,1.195,2211875677.44,2211875677.44,103.5921,
600202.SH,¹þ¿Õµ÷,2013-06-13,5.5225,5.6113,5.3253,5.4338,2500805,0.6524,2112207102.72,2112207102.72,98.9242,
600202.SH,¹þ¿Õµ÷,2013-06-14,5.4239,5.5718,5.4141,5.4929,3189013,0.8319,2135207543.04,2135207543.04,100.0014,
600202.SH,¹þ¿Õµ÷,2013-06-17,5.5028,5.5718,5.4239,5.5127,2072634,0.5407,2142874356.48,2142874356.48,100.3605,
600202.SH,¹þ¿Õµ÷,2013-06-18,5.5423,5.5817,5.4732,5.5127,1900825,0.4959,2142874356.48,2142874356.48,100.3605,
600202.SH,¹þ¿Õµ÷,2013-06-19,5.4732,5.5028,5.3253,5.4239,2049399,0.5346,2108373696,2108373696,98.7446,
600202.SH,¹þ¿Õµ÷,2013-06-20,5.4239,5.4634,5.2464,5.2661,1818561,0.4744,2047039188.48,2047039188.48,95.8721,
600202.SH,¹þ¿Õµ÷,2013-06-21,5.2168,5.2168,5.0886,5.1774,2003753,0.5227,2012538528,2012538528,94.2562,
600202.SH,¹þ¿Õµ÷,2013-06-24,5.1774,5.1774,4.7928,4.8026,3558338,0.9282,1866869072.64,1866869072.64,87.4339,
600202.SH,¹þ¿Õµ÷,2013-06-25,4.8026,4.8322,4.3194,4.7139,4093653,1.0679,1832368412.16,1832368412.16,85.8181,
600202.SH,¹þ¿Õµ÷,2013-06-26,4.6942,4.8224,4.5857,4.8125,3517654,0.9176,1870702479.36,1870702479.36,87.6134,
600202.SH,¹þ¿Õµ÷,2013-06-27,4.8125,4.8717,4.6153,4.6448,3363731,0.8775,1805534565.12,1805534565.12,84.5613,
600202.SH,¹þ¿Õµ÷,2013-06-28,4.6251,4.7336,4.5265,4.6547,1856922,0.4844,1809367971.84,1809367971.84,84.7409,
600202.SH,¹þ¿Õµ÷,2013-07-01,4.635,4.6942,4.5462,4.6744,1859277,0.485,1817034785.28,1817034785.28,85.0999,
600202.SH,¹þ¿Õµ÷,2013-07-02,4.6744,4.6942,4.5955,4.6843,2522068,0.6579,1820868192,1820868192,85.2795,
600202.SH,¹þ¿Õµ÷,2013-07-03,4.6744,4.6942,4.5561,4.635,2033410,0.5304,1801701158.4,1801701158.4,84.3818,
600202.SH,¹þ¿Õµ÷,2013-07-04,4.6153,4.7632,4.5561,4.6843,2455047,0.6404,1820868192,1820868192,85.2795,
600202.SH,¹þ¿Õµ÷,2013-07-05,4.6942,4.773,4.6646,4.7139,2316093,0.6042,1832368412.16,1832368412.16,85.8181,
600202.SH,¹þ¿Õµ÷,2013-07-08,4.6942,4.6942,4.418,4.418,2445887,0.638,1717366210.56,1717366210.56,80.432,
600202.SH,¹þ¿Õµ÷,2013-07-09,4.4377,4.5561,4.3589,4.5166,1454310,0.3794,1755700277.76,1755700277.76,82.2274,
600202.SH,¹þ¿Õµ÷,2013-07-10,4.5365,4.6751,4.477,4.6652,1956571,0.5104,1805534565.12,1805534565.12,84.5613,
600202.SH,¹þ¿Õµ÷,2013-07-11,4.7048,4.8435,4.6751,4.8336,3375015,0.8804,1870702479.36,1870702479.36,87.6134,
600202.SH,¹þ¿Õµ÷,2013-07-12,4.7544,4.8138,4.6553,4.685,4407790,1.1498,1813201378.56,1813201378.56,84.9204,
600202.SH,¹þ¿Õµ÷,2013-07-15,4.6454,4.7841,4.6256,4.7048,3266040,0.852,1820868192,1820868192,85.2795,
600202.SH,¹þ¿Õµ÷,2013-07-16,4.7048,4.8138,4.6751,4.8039,3588024,0.936,1859202259.2,1859202259.2,87.0748,
600202.SH,¹þ¿Õµ÷,2013-07-17,4.8039,4.9029,4.7246,4.7346,3386178,0.8833,1832368412.16,1832368412.16,85.8181,
600202.SH,¹þ¿Õµ÷,2013-07-18,4.7346,4.7544,4.6652,4.6949,2285777,0.5963,1817034785.28,1817034785.28,85.0999,
600202.SH,¹þ¿Õµ÷,2013-07-19,4.7048,4.7643,4.5464,4.5563,2855077,0.7448,1763367091.2,1763367091.2,82.5864,
600202.SH,¹þ¿Õµ÷,2013-07-22,4.5365,4.6157,4.4374,4.586,1782112,0.4649,1774867311.36,1774867311.36,83.125,
600202.SH,¹þ¿Õµ÷,2013-07-23,4.5959,4.7841,4.5563,4.7445,2866089,0.7477,1836201818.88,1836201818.88,85.9976,
600202.SH,¹þ¿Õµ÷,2013-07-24,4.7445,4.7544,4.6355,4.7048,2173826,0.5671,1820868192,1820868192,85.2795,
600202.SH,¹þ¿Õµ÷,2013-07-25,4.7246,4.7544,4.685,4.7147,2293187,0.5982,1824701598.72,1824701598.72,85.459,
600202.SH,¹þ¿Õµ÷,2013-07-26,4.6751,4.9029,4.6454,4.8336,4559212,1.1893,1870702479.36,1870702479.36,87.6134,
600202.SH,¹þ¿Õµ÷,2013-07-29,4.794,4.9921,4.7246,4.8633,7404152,1.9315,1882202699.52,1882202699.52,88.152,
600202.SH,¹þ¿Õµ÷,2013-07-30,4.8138,4.9029,4.7544,4.8336,3876998,1.0114,1870702479.36,1870702479.36,87.6134,
600202.SH,¹þ¿Õµ÷,2013-07-31,4.8336,5.0317,4.8336,5.002,6928921,1.8075,1935870393.6,1935870393.6,90.6655,
600202.SH,¹þ¿Õµ÷,2013-08-01,5.002,5.0713,4.9525,5.0614,4918645,1.2831,1958870833.92,1958870833.92,91.7427,
600202.SH,¹þ¿Õµ÷,2013-08-02,5.0614,5.0812,4.9921,5.0218,4450592,1.161,1943537207.04,1943537207.04,91.0246,
600202.SH,¹þ¿Õµ÷,2013-08-05,5.0416,5.1208,5.002,5.0515,3986173,1.0399,1955037427.2,1955037427.2,91.5632,
600202.SH,¹þ¿Õµ÷,2013-08-06,5.0218,5.101,5.0119,5.0416,2810803,0.7332,1951204020.48,1951204020.48,91.3837,
600202.SH,¹þ¿Õµ÷,2013-08-07,5.0614,5.0614,4.9624,4.9921,2614282,0.682,1932036986.88,1932036986.88,90.486,
600202.SH,¹þ¿Õµ÷,2013-08-08,4.9921,5.0317,4.9426,4.9822,1969659,0.5138,1928203580.16,1928203580.16,90.3065,
600202.SH,¹þ¿Õµ÷,2013-08-09,4.9921,5.0317,4.9227,4.9921,2136804,0.5574,1932036986.88,1932036986.88,90.486,
600202.SH,¹þ¿Õµ÷,2013-08-12,5.0119,5.1506,4.9723,5.1407,4221600,1.1013,1989538087.68,1989538087.68,93.179,
600202.SH,¹þ¿Õµ÷,2013-08-13,5.1407,5.1902,5.101,5.1506,2462715,0.6424,1993371494.4,1993371494.4,93.3586,
600202.SH,¹þ¿Õµ÷,2013-08-14,5.1605,5.4081,5.101,5.3487,8282931,2.1607,2070039628.8,2070039628.8,96.9493,
600202.SH,¹þ¿Õµ÷,2013-08-15,5.3288,5.4081,5.2892,5.3189,2977245,0.7767,2058539408.64,2058539408.64,96.4107,
600202.SH,¹þ¿Õµ÷,2013-08-16,5.3487,5.4279,5.2595,5.2793,3103711,0.8096,2043205781.76,2043205781.76,95.6925,
600202.SH,¹þ¿Õµ÷,2013-08-19,5.21,5.2991,5.2001,5.2793,2372704,0.619,2043205781.76,2043205781.76,95.6925,
600202.SH,¹þ¿Õµ÷,2013-08-20,5.2199,5.2496,5.1704,5.2199,3769317,0.9833,2020205341.44,2020205341.44,-356.8532,
600202.SH,¹þ¿Õµ÷,2013-08-21,5.1803,5.3685,5.1803,5.2793,1887935,0.4925,2043205781.76,2043205781.76,-360.916,
600202.SH,¹þ¿Õµ÷,2013-08-22,5.2892,5.4279,5.2793,5.3883,3048766,0.7953,2085373255.68,2085373255.68,-368.3646,
600202.SH,¹þ¿Õµ÷,2013-08-23,5.4081,5.4576,5.3189,5.3982,4122580,1.0754,2089206662.4,2089206662.4,-369.0417,
600202.SH,¹þ¿Õµ÷,2013-08-26,5.3685,5.5468,5.3487,5.5468,2832321,0.7389,2146707763.2,2146707763.2,-379.1988,
600202.SH,¹þ¿Õµ÷,2013-08-27,5.5468,5.6161,5.4873,5.5368,2670580,0.6967,2142874356.48,2142874356.48,-378.5217,
600202.SH,¹þ¿Õµ÷,2013-08-28,5.4972,5.5765,5.4675,5.517,1832323,0.478,2135207543.04,2135207543.04,-377.1674,
600202.SH,¹þ¿Õµ÷,2013-08-29,5.5071,5.5963,5.4972,5.5468,1870441,0.4879,2146707763.2,2146707763.2,-379.1988,
600202.SH,¹þ¿Õµ÷,2013-08-30,5.5468,5.5468,5.4477,5.4873,4155578,1.084,2123707322.88,2123707322.88,-375.136,
600202.SH,¹þ¿Õµ÷,2013-09-02,5.4873,5.6854,5.4477,5.6557,4369886,1.1399,2188875237.12,2188875237.12,-386.6474,
600202.SH,¹þ¿Õµ÷,2013-09-03,5.6359,5.6953,5.6062,5.6854,3320291,0.8661,2200375457.28,2200375457.28,-388.6788,
600202.SH,¹þ¿Õµ÷,2013-09-04,5.6854,5.8934,5.6557,5.8241,5945841,1.5511,2254043151.36,2254043151.36,-398.1588,
600202.SH,¹þ¿Õµ÷,2013-09-05,5.8241,5.9033,5.8043,5.8241,3174129,0.828,2254043151.36,2254043151.36,-398.1588,
600202.SH,¹þ¿Õµ÷,2013-09-06,5.8043,5.8241,5.725,5.8043,3331510,0.8691,2246376337.92,2246376337.92,-396.8045,
600202.SH,¹þ¿Õµ÷,2013-09-09,5.8043,6.1014,5.8043,6.0123,18159753,4.7372,2326877879.04,2326877879.04,-411.0244,
600202.SH,¹þ¿Õµ÷,2013-09-10,6.0222,6.0519,5.9033,5.9925,18600926,4.8523,2319211065.6,2319211065.6,-409.6702,
600202.SH,¹þ¿Õµ÷,2013-09-11,5.9033,5.9925,5.5765,5.6953,20963326,5.4686,2204208864,2204208864,-389.356,
600202.SH,¹þ¿Õµ÷,2013-09-12,5.725,6.042,5.6557,6.0222,20317221,5.3,2330711285.76,2330711285.76,-411.7016,
600202.SH,¹þ¿Õµ÷,2013-09-13,6.0222,6.3788,5.9925,6.2698,31941977,8.3325,2426546453.76,2426546453.76,-428.6301,
600202.SH,¹þ¿Õµ÷,2013-09-16,6.2599,6.3094,6.1212,6.2896,18773206,4.8973,2434213267.2,2434213267.2,-429.9844,
600202.SH,¹þ¿Õµ÷,2013-09-17,6.2896,6.4184,6.1609,6.3094,24620469,6.4226,2441880080.64,2441880080.64,-431.3387,
600202.SH,¹þ¿Õµ÷,2013-09-18,6.3193,6.4976,6.2302,6.4184,27867869,7.2697,2484047554.56,2484047554.56,-438.7872,
600202.SH,¹þ¿Õµ÷,2013-09-23,6.4679,6.8047,6.3292,6.7353,32687465,8.527,2606716569.6,2606716569.6,-460.4557,
600202.SH,¹þ¿Õµ÷,2013-09-24,6.6363,6.7452,6.4283,6.4778,23993933,6.2592,2507047994.88,2507047994.88,-442.8501,
600202.SH,¹þ¿Õµ÷,2013-09-25,6.4382,6.458,6.0816,6.2302,13926629,3.633,2411212826.88,2411212826.88,-425.9215,
600202.SH,¹þ¿Õµ÷,2013-09-26,6.1807,6.1906,5.7845,5.8142,14564578,3.7994,2250209744.64,2250209744.64,-397.4816,
600202.SH,¹þ¿Õµ÷,2013-09-27,5.8043,5.9826,5.7548,5.8637,7422075,1.9362,2269376778.24,2269376778.24,-400.8673,
600202.SH,¹þ¿Õµ÷,2013-09-30,5.834,6.0222,5.834,5.9231,4110959,1.0724,2292377218.56,2292377218.56,-404.9302,
600202.SH,¹þ¿Õµ÷,2013-10-08,5.9231,5.9231,5.6557,5.7548,6815620,1.778,2227209304.32,2227209304.32,-393.4188,
600202.SH,¹þ¿Õµ÷,2013-10-09,5.725,5.943,5.7052,5.933,5238550,1.3666,2296210625.28,2296210625.28,-405.6073,
600202.SH,¹þ¿Õµ÷,2013-10-10,5.943,5.9628,5.834,5.834,4576601,1.1939,2257876558.08,2257876558.08,-398.8359,
600202.SH,¹þ¿Õµ÷,2013-10-11,5.8736,5.9033,5.7944,5.8043,4748846,1.2388,2246376337.92,2246376337.92,-396.8045,
600202.SH,¹þ¿Õµ÷,2013-10-14,5.7944,5.9529,5.7052,5.8835,6588816,1.7188,2277043591.68,2277043591.68,-402.2216,
600202.SH,¹þ¿Õµ÷,2013-10-15,5.8835,5.8835,5.7944,5.834,3360279,0.8766,2257876558.08,2257876558.08,-398.8359,
600202.SH,¹þ¿Õµ÷,2013-10-16,5.7449,5.7944,5.5368,5.5468,5649335,1.4737,2146707763.2,2146707763.2,-379.1988,
600202.SH,¹þ¿Õµ÷,2013-10-17,5.5468,5.6161,5.517,5.5864,3185826,0.8311,2162041390.08,2162041390.08,-381.9074,
600202.SH,¹þ¿Õµ÷,2013-10-18,5.5963,5.6557,5.5666,5.6161,2371542,0.6187,2173541610.24,2173541610.24,-383.9388,
600202.SH,¹þ¿Õµ÷,2013-10-21,5.626,5.7449,5.6062,5.7052,3272824,0.8538,2208042270.72,2208042270.72,-390.0331,
600202.SH,¹þ¿Õµ÷,2013-10-22,5.7151,5.8439,5.6557,5.7349,3570405,0.9314,2219542490.88,2219542490.88,-392.0645,
600202.SH,¹þ¿Õµ÷,2013-10-23,5.7349,5.7647,5.5468,5.6953,3349041,0.8736,2204208864,2204208864,-389.356,
600202.SH,¹þ¿Õµ÷,2013-10-24,5.6854,5.6854,5.5864,5.6062,2130819,0.5559,2169708203.52,2169708203.52,-383.2617,
600202.SH,¹þ¿Õµ÷,2013-10-25,5.6161,5.6458,5.2397,5.3189,3559015,0.9284,2058539408.64,2058539408.64,-363.6246,
600202.SH,¹þ¿Õµ÷,2013-10-28,5.3487,5.3982,5.309,5.3586,1702229,0.4441,2073873035.52,2073873035.52,-366.3332,
600202.SH,¹þ¿Õµ÷,2013-10-29,5.3586,5.3586,4.8237,5.0317,6443419,1.6809,1947370613.76,1947370613.76,-111.8081,
600202.SH,¹þ¿Õµ÷,2013-10-30,5.002,5.0416,4.9128,5.0218,2898812,0.7562,1943537207.04,1943537207.04,-111.588,
600202.SH,¹þ¿Õµ÷,2013-10-31,5.002,5.1605,4.9822,5.0614,3098425,0.8083,1958870833.92,1958870833.92,-112.4684,
600202.SH,¹þ¿Õµ÷,2013-11-01,5.0614,5.0812,4.9624,5.0218,1871150,0.4881,1943537207.04,1943537207.04,-111.588,
600202.SH,¹þ¿Õµ÷,2013-11-04,5.002,5.0911,5.002,5.0812,1306615,0.3408,1966537647.36,1966537647.36,-112.9085,
600202.SH,¹þ¿Õµ÷,2013-11-05,5.0713,5.1506,5.0218,5.1307,1495137,0.39,1985704680.96,1985704680.96,-114.009,
600202.SH,¹þ¿Õµ÷,2013-11-06,5.1208,5.1704,5.0713,5.0812,1726943,0.4505,1966537647.36,1966537647.36,-112.9085,
600202.SH,¹þ¿Õµ÷,2013-11-07,5.0911,5.0911,4.9426,4.9525,2343938,0.6115,1916703360,1916703360,-110.0473,
600202.SH,¹þ¿Õµ÷,2013-11-08,4.9624,5.0119,4.9128,4.9822,1317967,0.3438,1928203580.16,1928203580.16,-110.7076,
600202.SH,¹þ¿Õµ÷,2013-11-11,4.9822,5.1109,4.9723,5.0911,1718809,0.4484,1970371054.08,1970371054.08,-113.1286,
600202.SH,¹þ¿Õµ÷,2013-11-12,5.1307,5.1506,5.0614,5.101,1507899,0.3934,1974204460.8,1974204460.8,-113.3487,
600202.SH,¹þ¿Õµ÷,2013-11-13,5.101,5.1407,5.0317,5.0515,1450789,0.3785,1955037427.2,1955037427.2,-112.2483,
600202.SH,¹þ¿Õµ÷,2013-11-14,5.0416,5.1506,5.0416,5.1407,1395219,0.364,1989538087.68,1989538087.68,-114.2291,
600202.SH,¹þ¿Õµ÷,2013-11-15,5.1407,5.3288,5.1109,5.2892,3207158,0.8366,2047039188.48,2047039188.48,-117.5305,
600202.SH,¹þ¿Õµ÷,2013-11-18,5.309,5.3487,5.2397,5.3388,3318152,0.8656,2066206222.08,2066206222.08,-118.631,
600202.SH,¹þ¿Õµ÷,2013-11-19,5.3388,5.3487,5.2496,5.2991,2225936,0.5807,2050872595.2,2050872595.2,-117.7506,
600202.SH,¹þ¿Õµ÷,2013-11-20,5.2991,5.3586,5.2793,5.3288,2382838,0.6216,2062372815.36,2062372815.36,-118.4109,
600202.SH,¹þ¿Õµ÷,2013-11-21,5.3288,5.3288,5.2496,5.309,1955711,0.5102,2054706001.92,2054706001.92,-117.9707,
600202.SH,¹þ¿Õµ÷,2013-11-22,5.3189,5.3982,5.2892,5.2991,1856601,0.4843,2050872595.2,2050872595.2,-117.7506,
600202.SH,¹þ¿Õµ÷,2013-11-25,5.2694,5.3288,5.2397,5.2793,1763357,0.46,2043205781.76,2043205781.76,-117.3104,
600202.SH,¹þ¿Õµ÷,2013-11-26,5.2892,5.3189,5.2496,5.2694,1423374,0.3713,2039372375.04,2039372375.04,-117.0903,
600202.SH,¹þ¿Õµ÷,2013-11-27,5.2595,5.309,5.2001,5.2991,2210114,0.5765,2050872595.2,2050872595.2,-117.7506,
600202.SH,¹þ¿Õµ÷,2013-11-28,5.2892,5.4675,5.2595,5.4378,4525142,1.1804,2104540289.28,2104540289.28,-120.832,
600202.SH,¹þ¿Õµ÷,2013-11-29,5.4378,5.4675,5.3586,5.3883,2792082,0.7284,2085373255.68,2085373255.68,-119.7315,
600202.SH,¹þ¿Õµ÷,2013-12-02,5.1704,5.3288,5.002,5.0614,3038626,0.7927,1958870833.92,1958870833.92,-112.4684,
600202.SH,¹þ¿Õµ÷,2013-12-03,5.0515,5.1902,5.0416,5.1208,1868139,0.4873,1981871274.24,1981871274.24,-113.7889,
600202.SH,¹þ¿Õµ÷,2013-12-04,5.1307,5.2991,5.101,5.2892,2960242,0.7722,2047039188.48,2047039188.48,-117.5305,
600202.SH,¹þ¿Õµ÷,2013-12-05,5.2991,5.3487,5.2595,5.2694,2496252,0.6512,2039372375.04,2039372375.04,-117.0903,
600202.SH,¹þ¿Õµ÷,2013-12-06,5.2694,5.2694,5.1902,5.2595,1698432,0.4431,2035538968.32,2035538968.32,-116.8703,
600202.SH,¹þ¿Õµ÷,2013-12-09,5.2892,5.3784,5.2694,5.3685,2416718,0.6304,2077706442.24,2077706442.24,-119.2913,
600202.SH,¹þ¿Õµ÷,2013-12-10,5.3685,5.3784,5.2496,5.3288,2116347,0.5521,2062372815.36,2062372815.36,-118.4109,
600202.SH,¹þ¿Õµ÷,2013-12-11,5.2793,5.2892,5.1506,5.1902,2537524,0.662,2008705121.28,2008705121.28,-115.3296,
600202.SH,¹þ¿Õµ÷,2013-12-12,5.1605,5.2397,5.1605,5.2199,1540099,0.4018,2020205341.44,2020205341.44,-115.9899,
600202.SH,¹þ¿Õµ÷,2013-12-13,5.21,5.2793,5.1307,5.2397,1893936,0.4941,2027872154.88,2027872154.88,-116.4301,
600202.SH,¹þ¿Õµ÷,2013-12-16,5.2397,5.2694,5.1704,5.1902,1734572,0.4525,2008705121.28,2008705121.28,-115.3296,
600202.SH,¹þ¿Õµ÷,2013-12-17,5.1704,5.21,5.1407,5.1407,1441274,0.376,1989538087.68,1989538087.68,-114.2291,
600202.SH,¹þ¿Õµ÷,2013-12-18,5.1307,5.2001,5.1109,5.1605,1237820,0.3229,1997204901.12,1997204901.12,-114.6693,
600202.SH,¹þ¿Õµ÷,2013-12-19,5.1902,5.2001,5.1407,5.1605,829423,0.2164,1997204901.12,1997204901.12,-114.6693,
600202.SH,¹þ¿Õµ÷,2013-12-20,5.1307,5.2001,5.0515,5.1902,4578287,1.1943,2008705121.28,2008705121.28,-115.3296,
600202.SH,¹þ¿Õµ÷,2013-12-23,5.1704,5.3982,5.0713,5.3189,5973154,1.5582,2058539408.64,2058539408.64,-118.1908,
600202.SH,¹þ¿Õµ÷,2013-12-24,5.2595,5.5864,5.2595,5.4576,12757248,3.3279,2112207102.72,2112207102.72,-121.2721,
600202.SH,¹þ¿Õµ÷,2013-12-25,5.418,5.4873,5.2694,5.3487,7093818,1.8505,2070039628.8,2070039628.8,-118.8511,
600202.SH,¹þ¿Õµ÷,2013-12-26,5.3189,5.3189,5.0416,5.0614,5164334,1.3472,1958870833.92,1958870833.92,-112.4684,
600202.SH,¹þ¿Õµ÷,2013-12-27,5.0119,5.1704,5.0119,5.1407,2955603,0.771,1989538087.68,1989538087.68,-114.2291,
600202.SH,¹þ¿Õµ÷,2013-12-30,5.1307,5.1407,5.0713,5.0812,2027176,0.5288,1966537647.36,1966537647.36,-112.9085,
600202.SH,¹þ¿Õµ÷,2013-12-31,5.0911,5.1307,5.0614,5.1109,1513548,0.3948,1978037867.52,1978037867.52,-113.5688,
600202.SH,¹þ¿Õµ÷,2014-01-02,5.101,5.1109,5.0416,5.101,1874497,0.489,1974204460.8,1974204460.8,-113.3487,
600202.SH,¹þ¿Õµ÷,2014-01-03,5.101,5.101,4.9822,5.002,1657527,0.4324,1935870393.6,1935870393.6,-111.1478,
600202.SH,¹þ¿Õµ÷,2014-01-06,5.002,5.0119,4.8138,4.8138,2876109,0.7503,1863035665.92,1863035665.92,-106.966,
600202.SH,¹þ¿Õµ÷,2014-01-07,4.794,4.8534,4.794,4.8237,1084466,0.2829,1866869072.64,1866869072.64,-107.1861,
600202.SH,¹þ¿Õµ÷,2014-01-08,4.8237,4.8534,4.7147,4.7643,1972721,0.5146,1843868632.32,1843868632.32,-105.8655,
600202.SH,¹þ¿Õµ÷,2014-01-09,4.7544,4.7742,4.6058,4.6256,2157457,0.5628,1790200938.24,1790200938.24,-102.7842,
600202.SH,¹þ¿Õµ÷,2014-01-10,4.6454,4.6454,4.4869,4.5067,2248941,0.5867,1744200057.6,1744200057.6,-100.1431,
600202.SH,¹þ¿Õµ÷,2014-01-13,4.5166,4.5662,4.4968,4.5563,1497788,0.3907,1763367091.2,1763367091.2,-101.2435,
600202.SH,¹þ¿Õµ÷,2014-01-14,4.5662,4.6355,4.5265,4.6355,1108486,0.2892,1794034344.96,1794034344.96,-103.0043,
600202.SH,¹þ¿Õµ÷,2014-01-15,4.6355,4.685,4.5761,4.5761,1051328,0.2743,1771033904.64,1771033904.64,-101.6837,
600202.SH,¹þ¿Õµ÷,2014-01-16,4.5959,4.6157,4.5265,4.5563,2440956,0.6368,1763367091.2,1763367091.2,-101.2435,
600202.SH,¹þ¿Õµ÷,2014-01-17,4.5365,4.5365,4.3978,4.4473,2493447,0.6505,1721199617.28,1721199617.28,-98.8225,
600202.SH,¹þ¿Õµ÷,2014-01-20,4.4473,4.586,4.4176,4.5265,2238776,0.584,1751866871.04,1751866871.04,-100.5833,
600202.SH,¹þ¿Õµ÷,2014-01-21,4.5067,4.5662,4.5067,4.5464,1441648,0.3761,1759533684.48,1759533684.48,-101.0234,
600202.SH,¹þ¿Õµ÷,2014-01-22,4.5265,4.6949,4.5265,4.6949,2282427,0.5954,1817034785.28,1817034785.28,-104.3249,
600202.SH,¹þ¿Õµ÷,2014-01-23,4.6751,4.9029,4.6454,4.8138,2303034,0.6008,1863035665.92,1863035665.92,-106.966,
600202.SH,¹þ¿Õµ÷,2014-01-24,4.7742,4.8732,4.7544,4.8435,3457585,0.902,1874535886.08,1874535886.08,-107.6263,
600202.SH,¹þ¿Õµ÷,2014-01-27,4.8237,4.8237,4.7147,4.7147,2743813,0.7158,1824701598.72,1824701598.72,-104.765,
600202.SH,¹þ¿Õµ÷,2014-01-28,4.7048,4.7246,4.6652,4.7147,1583824,0.4132,1824701598.72,1824701598.72,-104.765,
600202.SH,¹þ¿Õµ÷,2014-01-29,4.7246,4.794,4.6751,4.7544,1255714,0.3276,1840035225.6,1840035225.6,-105.6454,
600202.SH,¹þ¿Õµ÷,2014-01-30,4.7445,4.7742,4.685,4.7147,1175319,0.3066,1824701598.72,1824701598.72,-104.765,
600202.SH,¹þ¿Õµ÷,2014-02-07,4.6058,4.7742,4.6058,4.7643,1241294,0.3238,1843868632.32,1843868632.32,-105.8655,
600202.SH,¹þ¿Õµ÷,2014-02-10,4.7643,4.8732,4.7643,4.8633,1780975,0.4646,1882202699.52,1882202699.52,-108.0665,
600202.SH,¹þ¿Õµ÷,2014-02-11,4.8732,4.9227,4.8039,4.8534,2284005,0.5958,1878369292.8,1878369292.8,-107.8464,
600202.SH,¹þ¿Õµ÷,2014-02-12,4.8831,4.9723,4.8237,4.9426,2414802,0.6299,1912869953.28,1912869953.28,-109.8272,
600202.SH,¹þ¿Õµ÷,2014-02-13,4.9426,4.9723,4.8435,4.8534,1775290,0.4631,1878369292.8,1878369292.8,-107.8464,
600202.SH,¹þ¿Õµ÷,2014-02-14,4.8534,4.9029,4.8138,4.9029,2053934,0.5358,1897536326.4,1897536326.4,-108.9468,
600202.SH,¹þ¿Õµ÷,2014-02-17,4.9029,4.9921,4.893,4.9723,2421741,0.6317,1924370173.44,1924370173.44,-110.4875,
600202.SH,¹þ¿Õµ÷,2014-02-18,4.9921,5.0812,4.9128,5.002,4268298,1.1134,1935870393.6,1935870393.6,-111.1478,
600202.SH,¹þ¿Õµ÷,2014-02-19,5.002,5.1704,4.9624,5.1109,4746783,1.2383,1978037867.52,1978037867.52,-113.5688,
600202.SH,¹þ¿Õµ÷,2014-02-20,5.1208,5.1208,5.002,5.0317,3357829,0.8759,1947370613.76,1947370613.76,-111.8081,
600202.SH,¹þ¿Õµ÷,2014-02-21,5.0218,5.0911,4.9227,4.9624,2440895,0.6367,1920536766.72,1920536766.72,-110.2674,
600202.SH,¹þ¿Õµ÷,2014-02-24,4.9426,4.9723,4.7643,4.8435,3002525,0.7833,1874535886.08,1874535886.08,-107.6263,
600202.SH,¹þ¿Õµ÷,2014-02-25,4.8435,4.9128,4.6355,4.6751,2637329,0.688,1809367971.84,1809367971.84,-103.8847,
600202.SH,¹þ¿Õµ÷,2014-02-26,4.6751,4.7147,4.5563,4.7048,2499341,0.652,1820868192,1820868192,-104.545,
600202.SH,¹þ¿Õµ÷,2014-02-27,4.685,4.794,4.6256,4.6652,2284847,0.596,1805534565.12,1805534565.12,-103.6646,
600202.SH,¹þ¿Õµ÷,2014-02-28,4.6751,4.7048,4.586,4.6949,1882744,0.4911,1817034785.28,1817034785.28,-104.3249,
600202.SH,¹þ¿Õµ÷,2014-03-03,4.6949,4.9326,4.6751,4.8633,3392625,0.885,1882202699.52,1882202699.52,-108.0665,
600202.SH,¹þ¿Õµ÷,2014-03-04,4.8435,4.9029,4.8039,4.8633,1203345,0.3139,1882202699.52,1882202699.52,-108.0665,
600202.SH,¹þ¿Õµ÷,2014-03-05,4.8633,4.9326,4.7841,4.8039,1655893,0.432,1859202259.2,1859202259.2,-106.7459,
600202.SH,¹þ¿Õµ÷,2014-03-06,4.7742,4.8138,4.7147,4.7841,1381609,0.3604,1851535445.76,1851535445.76,-106.3057,
600202.SH,¹þ¿Õµ÷,2014-03-07,4.8138,4.8831,4.7841,4.8534,1627836,0.4246,1878369292.8,1878369292.8,-107.8464,
600202.SH,¹þ¿Õµ÷,2014-03-10,4.8138,4.8237,4.5959,4.6157,1925712,0.5024,1786367531.52,1786367531.52,-102.5641,
600202.SH,¹þ¿Õµ÷,2014-03-11,4.6058,4.6652,4.586,4.6256,1658876,0.4327,1790200938.24,1790200938.24,-102.7842,
600202.SH,¹þ¿Õµ÷,2014-03-12,4.6157,4.6652,4.5464,4.6256,1765458,0.4605,1790200938.24,1790200938.24,-102.7842,
600202.SH,¹þ¿Õµ÷,2014-03-13,4.6058,4.7246,4.6058,4.7048,1829183,0.4772,1820868192,1820868192,-104.545,
600202.SH,¹þ¿Õµ÷,2014-03-14,4.6751,4.7544,4.6157,4.6949,1406268,0.3668,1817034785.28,1817034785.28,-104.3249,
600202.SH,¹þ¿Õµ÷,2014-03-17,4.7246,4.8732,4.6553,4.8336,2083191,0.5434,1870702479.36,1870702479.36,-107.4062,
600202.SH,¹þ¿Õµ÷,2014-03-18,4.8039,5.0317,4.8039,4.9426,3304762,0.8621,1912869953.28,1912869953.28,-109.8272,
600202.SH,¹þ¿Õµ÷,2014-03-19,4.9227,5.0515,4.8435,5.002,3675380,0.9588,1935870393.6,1935870393.6,-111.1478,
600202.SH,¹þ¿Õµ÷,2014-03-20,4.9822,5.0713,4.8435,4.8534,2575501,0.6719,1878369292.8,1878369292.8,-107.8464,
600202.SH,¹þ¿Õµ÷,2014-03-21,4.8732,5.1605,4.8732,5.1109,9915751,2.5867,1978037867.52,1978037867.52,-113.5688,
600202.SH,¹þ¿Õµ÷,2014-03-24,5.0515,5.1109,4.9921,5.0614,5445660,1.4206,1958870833.92,1958870833.92,-112.4684,
600202.SH,¹þ¿Õµ÷,2014-03-25,5.0218,5.0911,4.9822,5.002,3702140,0.9658,1935870393.6,1935870393.6,-111.1478,
600202.SH,¹þ¿Õµ÷,2014-03-26,5.0119,5.0614,4.9723,5.002,2565529,0.6693,1935870393.6,1935870393.6,-111.1478,
600202.SH,¹þ¿Õµ÷,2014-03-27,4.9921,5.002,4.8732,4.9029,3741450,0.976,1897536326.4,1897536326.4,-108.9468,
600202.SH,¹þ¿Õµ÷,2014-03-28,4.9029,4.9029,4.6949,4.7048,4532309,1.1823,1820868192,1820868192,-104.545,
600202.SH,¹þ¿Õµ÷,2014-03-31,4.7048,4.7346,4.6454,4.685,2117753,0.5524,1813201378.56,1813201378.56,-104.1048,
600202.SH,¹þ¿Õµ÷,2014-04-01,4.6553,4.7841,4.6553,4.7643,1816281,0.4738,1843868632.32,1843868632.32,-105.8655,
600202.SH,¹þ¿Õµ÷,2014-04-02,4.7643,4.794,4.7346,4.7841,1317345,0.3436,1851535445.76,1851535445.76,-106.3057,
600202.SH,¹þ¿Õµ÷,2014-04-03,4.7841,4.794,4.7246,4.7643,1335288,0.3483,1843868632.32,1843868632.32,-105.8655,
600202.SH,¹þ¿Õµ÷,2014-04-04,4.7544,4.8039,4.7445,4.794,1122702,0.2929,1855368852.48,1855368852.48,-106.5258,
600202.SH,¹þ¿Õµ÷,2014-04-08,4.7742,4.9822,4.7544,4.9326,3275110,0.8544,1909036546.56,1909036546.56,-109.6071,
600202.SH,¹þ¿Õµ÷,2014-04-09,4.9326,4.9426,4.8831,4.9227,1835259,0.4788,1905203139.84,1905203139.84,-109.387,
600202.SH,¹þ¿Õµ÷,2014-04-10,4.9525,4.9525,4.9029,4.9426,1929056,0.5032,1912869953.28,1912869953.28,-109.8272,
600202.SH,¹þ¿Õµ÷,2014-04-11,4.9426,4.9525,4.893,4.9426,1838521,0.4796,1912869953.28,1912869953.28,-109.8272,
600202.SH,¹þ¿Õµ÷,2014-04-14,4.9525,5.002,4.9128,5.002,2017034,0.5262,1935870393.6,1935870393.6,-111.1478,
600202.SH,¹þ¿Õµ÷,2014-04-15,5.002,5.0416,4.9029,4.9227,2622724,0.6842,1905203139.84,1905203139.84,-109.387,
600202.SH,¹þ¿Õµ÷,2014-04-16,4.9128,4.9624,4.893,4.9426,1441858,0.3761,1912869953.28,1912869953.28,-109.8272,
600202.SH,¹þ¿Õµ÷,2014-04-17,4.9326,4.9525,4.8831,4.9128,1136049,0.2964,1901369733.12,1901369733.12,-109.1669,
600202.SH,¹þ¿Õµ÷,2014-04-18,4.9326,4.9326,4.8435,4.8831,1825311,0.4762,1889869512.96,1889869512.96,-108.5067,
600202.SH,¹þ¿Õµ÷,2014-04-21,4.8831,5.0416,4.7544,4.8138,3150774,0.8219,1863035665.92,1863035665.92,-106.966,
600202.SH,¹þ¿Õµ÷,2014-04-22,4.7841,4.8138,4.7147,4.7742,2253863,0.588,1847702039.04,1847702039.04,-18.8779,
600202.SH,¹þ¿Õµ÷,2014-04-23,4.7742,4.8237,4.7445,4.7742,1422028,0.371,1847702039.04,1847702039.04,-18.8779,
600202.SH,¹þ¿Õµ÷,2014-04-24,4.8138,4.8138,4.7445,4.7445,1100782,0.2872,1836201818.88,1836201818.88,-18.7604,
600202.SH,¹þ¿Õµ÷,2014-04-25,4.7445,4.7544,4.6355,4.6355,1522158,0.3971,1794034344.96,1794034344.96,-18.3296,
600202.SH,¹þ¿Õµ÷,2014-04-28,4.6355,4.6355,4.5166,4.5464,1495968,0.3902,1759533684.48,1759533684.48,-17.9771,
600202.SH,¹þ¿Õµ÷,2014-04-29,4.5166,4.5959,4.5067,4.586,1438671,0.3753,1774867311.36,1774867311.36,-18.1338,
600202.SH,¹þ¿Õµ÷,2014-04-30,4.586,4.6652,4.5265,4.6355,1144104,0.2985,1794034344.96,1794034344.96,-18.3296,
600202.SH,¹þ¿Õµ÷,2014-05-05,4.6454,4.6553,4.5563,4.6355,1423400,0.3713,1794034344.96,1794034344.96,-18.3296,
600202.SH,¹þ¿Õµ÷,2014-05-06,4.6355,4.6652,4.5959,4.6256,1094215,0.2854,1790200938.24,1790200938.24,-18.2904,
600202.SH,¹þ¿Õµ÷,2014-05-07,4.6355,4.6553,4.586,4.5959,1037806,0.2707,1778700718.08,1778700718.08,-18.1729,
600202.SH,¹þ¿Õµ÷,2014-05-08,4.6157,4.6553,4.5761,4.6058,824299,0.215,1782534124.8,1782534124.8,-18.2121,
600202.SH,¹þ¿Õµ÷,2014-05-09,4.6058,4.6157,4.5365,4.5959,794790,0.2073,1778700718.08,1778700718.08,-18.1729,
600202.SH,¹þ¿Õµ÷,2014-05-12,4.6454,4.7643,4.6355,4.7246,1989039,0.5189,1828535005.44,1828535005.44,-18.6821,
600202.SH,¹þ¿Õµ÷,2014-05-13,4.7048,4.7246,4.6751,4.7147,1069256,0.2789,1824701598.72,1824701598.72,-18.6429,
600202.SH,¹þ¿Õµ÷,2014-05-14,4.7147,4.7346,4.6652,4.7048,902897,0.2355,1820868192,1820868192,-18.6038,
600202.SH,¹þ¿Õµ÷,2014-05-15,4.685,4.7048,4.6157,4.6553,1266220,0.3303,1801701158.4,1801701158.4,-18.4079,
600202.SH,¹þ¿Õµ÷,2014-05-16,4.6058,4.6751,4.6058,4.6553,626221,0.1634,1801701158.4,1801701158.4,-18.4079,
600202.SH,¹þ¿Õµ÷,2014-05-19,4.6751,4.6751,4.5761,4.6256,985932,0.2572,1790200938.24,1790200938.24,-18.2904,
600202.SH,¹þ¿Õµ÷,2014-05-20,4.6256,4.6751,4.5959,4.6355,845711,0.2206,1794034344.96,1794034344.96,-18.3296,
600202.SH,¹þ¿Õµ÷,2014-05-21,4.6157,4.6454,4.5761,4.6256,835908,0.2181,1790200938.24,1790200938.24,-18.2904,
600202.SH,¹þ¿Õµ÷,2014-05-22,4.6256,4.6949,4.586,4.6157,877398,0.2289,1786367531.52,1786367531.52,-18.2513,
600202.SH,¹þ¿Õµ÷,2014-05-23,4.6058,4.6355,4.5959,4.6355,669015,0.1745,1794034344.96,1794034344.96,-18.3296,
600202.SH,¹þ¿Õµ÷,2014-05-26,4.6355,4.7147,4.6256,4.6949,1776185,0.4633,1817034785.28,1817034785.28,-18.5646,
600202.SH,¹þ¿Õµ÷,2014-05-27,4.6949,4.7445,4.6553,4.6751,1504878,0.3926,1809367971.84,1809367971.84,-18.4863,
600202.SH,¹þ¿Õµ÷,2014-05-28,4.6751,4.7246,4.6652,4.7147,1072395,0.2797,1824701598.72,1824701598.72,-18.6429,
600202.SH,¹þ¿Õµ÷,2014-05-29,4.7246,4.7346,4.6553,4.6553,1219440,0.3181,1801701158.4,1801701158.4,-18.4079,
600202.SH,¹þ¿Õµ÷,2014-05-30,4.6553,4.685,4.6553,4.6652,965353,0.2518,1805534565.12,1805534565.12,-18.4471,
600202.SH,¹þ¿Õµ÷,2014-06-03,4.6652,4.6949,4.6553,4.6652,1017936,0.2655,1805534565.12,1805534565.12,-18.4471,
600202.SH,¹þ¿Õµ÷,2014-06-04,4.6652,4.6652,4.5563,4.5761,1690881,0.4411,1771033904.64,1771033904.64,-18.0946,
600202.SH,¹þ¿Õµ÷,2014-06-05,4.5662,4.6157,4.5563,4.6157,847151,0.221,1786367531.52,1786367531.52,-18.2513,
600202.SH,¹þ¿Õµ÷,2014-06-06,4.6058,4.6256,4.5761,4.6157,799920,0.2087,1786367531.52,1786367531.52,-18.2513,
600202.SH,¹þ¿Õµ÷,2014-06-09,4.6157,4.6751,4.5662,4.6256,2473195,0.6452,1790200938.24,1790200938.24,-18.2904,
600202.SH,¹þ¿Õµ÷,2014-06-10,4.586,4.6256,4.5166,4.5959,1903937,0.4967,1778700718.08,1778700718.08,-18.1729,
600202.SH,¹þ¿Õµ÷,2014-06-11,4.586,4.6949,4.586,4.6949,2421936,0.6318,1817034785.28,1817034785.28,-18.5646,
600202.SH,¹þ¿Õµ÷,2014-06-12,4.685,4.6949,4.6058,4.6454,2439907,0.6365,1797867751.68,1797867751.68,-18.3688,
600202.SH,¹þ¿Õµ÷,2014-06-13,4.6454,4.7048,4.6157,4.685,1645225,0.4292,1813201378.56,1813201378.56,-18.5254,
600202.SH,¹þ¿Õµ÷,2014-06-16,4.7147,4.7544,4.685,4.7048,1524063,0.3976,1820868192,1820868192,-18.6038,
600202.SH,¹þ¿Õµ÷,2014-06-17,4.685,4.8633,4.6553,4.7544,4015301,1.0474,1840035225.6,1840035225.6,-18.7996,
600202.SH,¹þ¿Õµ÷,2014-06-18,4.7246,4.7544,4.6355,4.6454,2353114,0.6138,1797867751.68,1797867751.68,-18.3688,
600202.SH,¹þ¿Õµ÷,2014-06-19,4.6454,4.685,4.477,4.5067,2272064,0.5927,1744200057.6,1744200057.6,-17.8205,
600202.SH,¹þ¿Õµ÷,2014-06-20,4.5166,4.5662,4.5067,4.5563,910058,0.2374,1763367091.2,1763367091.2,-18.0163,
600202.SH,¹þ¿Õµ÷,2014-06-23,4.5563,4.586,4.5563,4.5563,689911,0.18,1763367091.2,1763367091.2,-18.0163,
600202.SH,¹þ¿Õµ÷,2014-06-24,4.5959,4.6355,4.5563,4.5761,1246660,0.3252,1771033904.64,1771033904.64,-18.0946,
600202.SH,¹þ¿Õµ÷,2014-06-25,4.5662,4.6058,4.5365,4.5563,1295815,0.338,1763367091.2,1763367091.2,-18.0163,
600202.SH,¹þ¿Õµ÷,2014-06-26,4.5563,4.6157,4.5563,4.6058,1717105,0.4479,1782534124.8,1782534124.8,-18.2121,
600202.SH,¹þ¿Õµ÷,2014-06-27,4.586,4.685,4.586,4.6553,2386693,0.6226,1801701158.4,1801701158.4,-18.4079,
600202.SH,¹þ¿Õµ÷,2014-06-30,4.6553,4.6949,4.6355,4.6949,1740437,0.454,1817034785.28,1817034785.28,-18.5646,
600202.SH,¹þ¿Õµ÷,2014-07-01,4.6949,4.8039,4.6553,4.7742,3445694,0.8989,1847702039.04,1847702039.04,-18.8779,
600202.SH,¹þ¿Õµ÷,2014-07-02,4.8039,4.8138,4.7346,4.8039,3485173,0.9092,1859202259.2,1859202259.2,-18.9954,
600202.SH,¹þ¿Õµ÷,2014-07-03,4.893,5.0317,4.8138,4.8435,7677641,2.0028,1874535886.08,1874535886.08,-19.1521,
600202.SH,¹þ¿Õµ÷,2014-07-04,4.8534,4.9525,4.7841,4.8336,2161502,0.5639,1870702479.36,1870702479.36,-19.1129,
600202.SH,¹þ¿Õµ÷,2014-07-07,4.8336,4.8336,4.7544,4.7544,3187497,0.8315,1840035225.6,1840035225.6,-18.7996,
600202.SH,¹þ¿Õµ÷,2014-07-08,4.7445,4.8336,4.6949,4.8336,3206136,0.8364,1870702479.36,1870702479.36,-19.1129,
600202.SH,¹þ¿Õµ÷,2014-07-09,4.8039,4.8336,4.7147,4.7346,2371688,0.6187,1832368412.16,1832368412.16,-18.7213,
600202.SH,¹þ¿Õµ÷,2014-07-10,4.7246,4.8138,4.7048,4.7841,2330145,0.6079,1851535445.76,1851535445.76,-18.9171,
600202.SH,¹þ¿Õµ÷,2014-07-11,4.7544,4.8732,4.7445,4.8534,2833134,0.7391,1878369292.8,1878369292.8,-19.1913,
600202.SH,¹þ¿Õµ÷,2014-07-14,4.8831,4.9227,4.8435,4.9029,2855943,0.745,1897536326.4,1897536326.4,-19.3871,
600202.SH,¹þ¿Õµ÷,2014-07-15,4.893,4.9029,4.7841,4.8732,4069524,1.0616,1886036106.24,1886036106.24,-19.2696,
600202.SH,¹þ¿Õµ÷,2014-07-16,4.8732,4.9029,4.8237,4.8633,1997363,0.521,1882202699.52,1882202699.52,-19.2304,
600202.SH,¹þ¿Õµ÷,2014-07-17,4.8534,4.893,4.8039,4.8633,1626802,0.4244,1882202699.52,1882202699.52,-19.2304,
600202.SH,¹þ¿Õµ÷,2014-07-18,4.8336,4.893,4.8138,4.8534,1603635,0.4183,1878369292.8,1878369292.8,-19.1913,
600202.SH,¹þ¿Õµ÷,2014-07-21,4.8633,5.0119,4.7841,4.9921,5822817,1.519,1932036986.88,1932036986.88,-19.7396,
600202.SH,¹þ¿Õµ÷,2014-07-22,4.9822,4.9921,4.9326,4.9525,4395306,1.1466,1916703360,1916703360,-19.5829,
600202.SH,¹þ¿Õµ÷,2014-07-23,4.9624,4.9921,4.9029,4.9029,3130620,0.8167,1897536326.4,1897536326.4,-19.3871,
600202.SH,¹þ¿Õµ÷,2014-07-24,4.893,4.9426,4.8633,4.9227,2591750,0.6761,1905203139.84,1905203139.84,-19.4654,
600202.SH,¹þ¿Õµ÷,2014-07-25,4.9227,5.2496,4.9227,5.1605,14549909,3.7956,1997204901.12,1997204901.12,-20.4054,
600202.SH,¹þ¿Õµ÷,2014-07-28,5.1902,5.2991,5.1109,5.2298,13778501,3.5943,2024038748.16,2024038748.16,-20.6796,
600202.SH,¹þ¿Õµ÷,2014-07-29,5.1605,5.2298,5.1208,5.2001,8651230,2.2568,2012538528,2012538528,-20.5621,
600202.SH,¹þ¿Õµ÷,2014-07-30,5.1803,5.6953,5.1704,5.4081,18831317,4.9124,2093040069.12,2093040069.12,-21.3845,
600202.SH,¹þ¿Õµ÷,2014-07-31,5.4081,5.4378,5.2991,5.418,8266281,2.1564,2096873475.84,2096873475.84,-21.4237,
600202.SH,¹þ¿Õµ÷,2014-08-01,5.7548,5.9628,5.7548,5.9628,34026798,8.8764,2307710845.44,2307710845.44,-23.5778,
600202.SH,¹þ¿Õµ÷,2014-08-04,5.834,5.9727,5.6458,5.9033,30965905,8.0779,2284710405.12,2284710405.12,-23.3428,
600202.SH,¹þ¿Õµ÷,2014-08-05,5.8142,5.8538,5.7052,5.7647,14553080,3.7964,2231042711.04,2231042711.04,-22.7945,
600202.SH,¹þ¿Õµ÷,2014-08-06,5.7647,5.7647,5.6062,5.6656,10217844,2.6655,2192708643.84,2192708643.84,-22.4029,
600202.SH,¹þ¿Õµ÷,2014-08-07,5.6458,5.6953,5.5269,5.5567,10603631,2.7661,2150541169.92,2150541169.92,-21.972,
600202.SH,¹þ¿Õµ÷,2014-08-08,5.5567,5.6062,5.4972,5.5963,6855296,1.7883,2165874796.8,2165874796.8,-22.1287,
600202.SH,¹þ¿Õµ÷,2014-08-11,5.5864,5.7647,5.5666,5.7052,11565911,3.0171,2208042270.72,2208042270.72,-22.5595,
600202.SH,¹þ¿Õµ÷,2014-08-12,5.7449,5.7647,5.6062,5.6557,7201477,1.8786,2188875237.12,2188875237.12,-22.3637,
600202.SH,¹þ¿Õµ÷,2014-08-13,5.626,5.6656,5.4675,5.626,7517161,1.961,2177375016.96,2177375016.96,-22.2462,
600202.SH,¹þ¿Õµ÷,2014-08-14,5.6062,5.8439,5.5864,5.6854,12751011,3.3263,2200375457.28,2200375457.28,-22.4812,
600202.SH,¹þ¿Õµ÷,2014-08-15,5.6458,5.725,5.5368,5.6953,7282837,1.8998,2204208864,2204208864,-22.5204,
600202.SH,¹þ¿Õµ÷,2014-08-18,5.6458,5.7647,5.6359,5.7647,6780694,1.7688,2231042711.04,2231042711.04,-22.7945,
600202.SH,¹þ¿Õµ÷,2014-08-19,5.8241,6.0519,5.7746,5.9628,17277728,4.5071,2307710845.44,2307710845.44,-34.2356,
600202.SH,¹þ¿Õµ÷,2014-08-20,5.9529,6.4877,5.8835,6.1311,20266315,5.2868,2372878759.68,2372878759.68,-35.2024,
600202.SH,¹þ¿Õµ÷,2014-08-21,6.1708,6.1906,5.933,6.0123,11500635,3.0001,2326877879.04,2326877879.04,-34.5199,
600202.SH,¹þ¿Õµ÷,2014-08-22,6.0123,6.0123,5.8736,5.943,7769751,2.0269,2300044032,2300044032,-34.1219,
600202.SH,¹þ¿Õµ÷,2014-08-25,5.9231,5.9925,5.8439,5.933,5506874,1.4365,2296210625.28,2296210625.28,-34.065,
600202.SH,¹þ¿Õµ÷,2014-08-26,5.8934,5.933,5.626,5.6656,6875326,1.7935,2192708643.84,2192708643.84,-32.5295,
600202.SH,¹þ¿Õµ÷,2014-08-27,5.6656,5.6854,5.5864,5.6557,3436523,0.8965,2188875237.12,2188875237.12,-32.4726,
600202.SH,¹þ¿Õµ÷,2014-08-28,5.6656,5.8043,5.6557,5.6854,4150568,1.0827,2200375457.28,2200375457.28,-32.6432,
600202.SH,¹þ¿Õµ÷,2014-08-29,5.7151,5.7944,5.6458,5.7944,3308039,0.863,2242542931.2,2242542931.2,-33.2688,
600202.SH,¹þ¿Õµ÷,2014-09-01,5.7944,5.8538,5.7548,5.8439,4010283,1.0461,2261709964.8,2261709964.8,-33.5532,
600202.SH,¹þ¿Õµ÷,2014-09-02,5.834,6.2896,5.834,6.2599,19968371,5.209,2422713047.04,2422713047.04,-35.9417,
600202.SH,¹þ¿Õµ÷,2014-09-03,6.25,6.8839,6.2401,6.8839,49469163,12.9048,2664217670.4,2664217670.4,-39.5245,
600202.SH,¹þ¿Õµ÷,2014-09-04,6.7849,7.1117,6.666,7.0622,50873112,13.271,2733218991.36,2733218991.36,-40.5481,
600202.SH,¹þ¿Õµ÷,2014-09-05,6.9334,6.9731,6.8047,6.8344,25050825,6.5349,2645050636.8,2645050636.8,-39.2401,
600202.SH,¹þ¿Õµ÷,2014-09-09,6.8641,6.9731,6.7254,6.9235,22647551,5.9079,2679551297.28,2679551297.28,-39.752,
600202.SH,¹þ¿Õµ÷,2014-09-10,6.9136,6.9136,6.7849,6.8641,12091211,3.1542,2656550856.96,2656550856.96,-39.4107,
600202.SH,¹þ¿Õµ÷,2014-09-11,6.7948,6.983,6.7452,6.8443,11658889,3.0414,2648884043.52,2648884043.52,-39.297,
600202.SH,¹þ¿Õµ÷,2014-09-12,6.8344,7.3792,6.8146,7.2405,41851097,10.9175,2802220312.32,2802220312.32,-41.5718,
600202.SH,¹þ¿Õµ÷,2014-09-15,7.1613,7.3296,7.0028,7.082,33301720,8.6872,2740885804.8,2740885804.8,-40.6619,
600202.SH,¹þ¿Õµ÷,2014-09-16,7.0721,7.0919,6.4481,6.5472,26077478,6.8027,2533881841.92,2533881841.92,-37.5909,
600202.SH,¹þ¿Õµ÷,2014-09-17,6.5472,6.6165,6.4184,6.5769,13060951,3.4071,2545382062.08,2545382062.08,-37.7615,
600202.SH,¹þ¿Õµ÷,2014-09-18,6.5372,6.7155,6.5174,6.6858,8399970,2.1913,2587549536,2587549536,-38.3871,
600202.SH,¹þ¿Õµ÷,2014-09-19,6.6858,6.7353,6.5967,6.7254,6621963,1.7274,2602883162.88,2602883162.88,-38.6146,
600202.SH,¹þ¿Õµ÷,2014-09-22,6.666,6.7353,6.6165,6.6561,5156298,1.3451,2576049315.84,2576049315.84,-38.2165,
600202.SH,¹þ¿Õµ÷,2014-09-23,6.6363,7.0127,6.6165,6.9533,12327186,3.2157,2691051517.44,2691051517.44,-39.9226,
600202.SH,¹þ¿Õµ÷,2014-09-24,6.9334,7.0325,6.8839,6.9533,9252803,2.4137,2691051517.44,2691051517.44,-39.9226,
600202.SH,¹þ¿Õµ÷,2014-09-25,6.9533,7.3098,6.9433,6.983,15293889,3.9896,2702551737.6,2702551737.6,-40.0932,
600202.SH,¹þ¿Õµ÷,2014-09-26,6.983,7.0622,6.7948,6.8443,11052807,2.8833,2648884043.52,2648884043.52,-39.297,
600202.SH,¹þ¿Õµ÷,2014-09-29,6.8641,6.9731,6.8641,6.9235,6725348,1.7544,2679551297.28,2679551297.28,-39.752,
600202.SH,¹þ¿Õµ÷,2014-09-30,6.9433,7.0226,6.9136,6.9533,5801710,1.5135,2691051517.44,2691051517.44,-39.9226,
600202.SH,¹þ¿Õµ÷,2014-10-08,6.9632,7.1018,6.9533,7.082,8311462,2.1682,2740885804.8,2740885804.8,-40.6619,
600202.SH,¹þ¿Õµ÷,2014-10-09,7.1315,7.3594,7.082,7.2702,16514059,4.3079,2813720532.48,2813720532.48,-41.7424,
600202.SH,¹þ¿Õµ÷,2014-10-10,7.2603,7.2603,6.983,7.0523,12072091,3.1492,2729385584.64,2729385584.64,-40.4913,
600202.SH,¹þ¿Õµ÷,2014-10-13,6.9929,7.1613,6.983,7.0919,7024149,1.8324,2744719211.52,2744719211.52,-40.7187,
600202.SH,¹þ¿Õµ÷,2014-10-14,7.1613,7.2207,6.9136,6.9433,9074422,2.3672,2687218110.72,2687218110.72,-39.8657,
600202.SH,¹þ¿Õµ÷,2014-10-15,6.9632,7.0028,6.7948,6.874,7990783,2.0845,2660384263.68,2660384263.68,-39.4676,
600202.SH,¹þ¿Õµ÷,2014-10-16,6.8443,6.9533,6.7948,6.8047,6235144,1.6265,2633550416.64,2633550416.64,-39.0695,
600202.SH,¹þ¿Õµ÷,2014-10-17,6.8146,6.9037,6.5868,6.7056,7916253,2.0651,2595216349.44,2595216349.44,-38.5008,
600202.SH,¹þ¿Õµ÷,2014-10-20,6.6462,6.8146,6.6462,6.7849,3992991,1.0416,2625883603.2,2625883603.2,-38.9558,
600202.SH,¹þ¿Õµ÷,2014-10-21,6.775,6.7849,6.666,6.666,3555190,0.9274,2579882722.56,2579882722.56,-38.2733,
600202.SH,¹þ¿Õµ÷,2014-10-22,6.6759,6.7155,6.4778,6.5075,5184242,1.3524,2518548215.04,2518548215.04,-37.3634,
600202.SH,¹þ¿Õµ÷,2014-10-23,6.5075,6.5372,6.3094,6.3292,6394484,1.6681,2449546894.08,2449546894.08,-36.3398,
600202.SH,¹þ¿Õµ÷,2014-10-24,6.3391,6.3986,6.3094,6.3887,2828401,0.7378,2472547334.4,2472547334.4,-36.681,
600202.SH,¹þ¿Õµ÷,2014-10-27,6.3887,6.5571,6.3391,6.5273,4199729,1.0956,2526215028.48,2526215028.48,-37.4772,
600202.SH,¹þ¿Õµ÷,2014-10-28,6.5372,6.7651,6.5075,6.7552,7212313,1.8814,2614383383.04,2614383383.04,-52.9239,
600202.SH,¹þ¿Õµ÷,2014-10-29,6.7849,6.874,6.666,6.8047,8818485,2.3004,2633550416.64,2633550416.64,-53.3119,
600202.SH,¹þ¿Õµ÷,2014-10-30,6.775,6.8542,6.7353,6.775,7578337,1.9769,2622050196.48,2622050196.48,-53.0791,
600202.SH,¹þ¿Õµ÷,2014-10-31,6.7651,6.8641,6.6363,6.7353,7638799,1.9927,2606716569.6,2606716569.6,-52.7687,
600202.SH,¹þ¿Õµ÷,2014-11-03,6.7155,6.8839,6.7155,6.8641,7531764,1.9648,2656550856.96,2656550856.96,-53.7775,
600202.SH,¹þ¿Õµ÷,2014-11-04,6.8641,7.0721,6.8344,6.9731,12040674,3.141,2698718330.88,2698718330.88,-54.6311,
600202.SH,¹þ¿Õµ÷,2014-11-05,6.9929,7.0226,6.874,6.8839,6614307,1.7254,2664217670.4,2664217670.4,-53.9327,
600202.SH,¹þ¿Õµ÷,2014-11-06,6.8839,7.2306,6.7056,7.0919,14054844,3.6664,2744719211.52,2744719211.52,-55.5623,
600202.SH,¹þ¿Õµ÷,2014-11-07,7.0325,7.2009,6.8641,6.874,13971901,3.6448,2660384263.68,2660384263.68,-53.8551,
600202.SH,¹þ¿Õµ÷,2014-11-10,6.8641,7.0325,6.8344,6.9929,9695951,2.5293,2706385144.32,2706385144.32,-54.7863,
600202.SH,¹þ¿Õµ÷,2014-11-11,6.983,6.983,6.359,6.5372,14539725,3.7929,2530048435.2,2530048435.2,-51.2167,
600202.SH,¹þ¿Õµ÷,2014-11-12,6.5075,6.6561,6.5075,6.6264,5375382,1.4022,2564549095.68,2564549095.68,-51.9151,
600202.SH,¹þ¿Õµ÷,2014-11-13,6.6165,6.7155,6.5273,6.5571,4969084,1.2963,2537715248.64,2537715248.64,-51.3719,
600202.SH,¹þ¿Õµ÷,2014-11-14,6.5472,6.6363,6.4283,6.4778,4656546,1.2147,2507047994.88,2507047994.88,-50.751,
600202.SH,¹þ¿Õµ÷,2014-11-17,6.4877,6.6957,6.4778,6.6363,4705358,1.2275,2568382502.4,2568382502.4,-51.9927,
600202.SH,¹þ¿Õµ÷,2014-11-18,6.6858,6.8047,6.6066,6.775,5588329,1.4578,2622050196.48,2622050196.48,-53.0791,
600202.SH,¹þ¿Õµ÷,2014-11-19,6.775,6.8245,6.6957,6.7353,4274448,1.1151,2606716569.6,2606716569.6,-52.7687,
600202.SH,¹þ¿Õµ÷,2014-11-20,6.7056,6.8047,6.6957,6.7651,4161974,1.0857,2618216789.76,2618216789.76,-53.0015,
600202.SH,¹þ¿Õµ÷,2014-11-21,6.7552,6.8542,6.7452,6.8443,5115142,1.3344,2648884043.52,2648884043.52,-53.6223,
600202.SH,¹þ¿Õµ÷,2014-11-24,6.9235,6.9334,6.8047,6.8443,6787818,1.7707,2648884043.52,2648884043.52,-53.6223,
600202.SH,¹þ¿Õµ÷,2014-11-25,6.874,7.0523,6.8344,7.0424,9917381,2.5871,2725552177.92,2725552177.92,-55.1743,
600202.SH,¹þ¿Õµ÷,2014-11-26,7.0523,7.1315,6.9632,7.1018,10292990,2.6851,2748552618.24,2748552618.24,-55.6399,
600202.SH,¹þ¿Õµ÷,2014-11-27,7.1315,7.2306,7.0622,7.1018,12999913,3.3912,2748552618.24,2748552618.24,-55.6399,
600202.SH,¹þ¿Õµ÷,2014-11-28,7.0919,7.0919,6.8443,6.9533,14559438,3.798,2691051517.44,2691051517.44,-54.4759,
600202.SH,¹þ¿Õµ÷,2014-12-01,6.9334,6.9929,6.8245,6.8938,8414868,2.1951,2668051077.12,2668051077.12,-54.0103,
600202.SH,¹þ¿Õµ÷,2014-12-02,6.874,7.0622,6.874,6.9731,10663650,2.7818,2698718330.88,2698718330.88,-54.6311,
600202.SH,¹þ¿Õµ÷,2014-12-03,6.9731,7.1613,6.9533,7.0721,14531031,3.7906,2737052398.08,2737052398.08,-55.4071,
600202.SH,¹þ¿Õµ÷,2014-12-04,7.0919,7.1712,7.0325,7.1315,15483402,4.0391,2760052838.4,2760052838.4,-55.8727,
600202.SH,¹þ¿Õµ÷,2014-12-05,7.1712,7.2702,6.7155,6.9433,15534062,4.0523,2687218110.72,2687218110.72,-54.3983,
600202.SH,¹þ¿Õµ÷,2014-12-08,6.9136,7.6367,6.7849,7.5674,33415099,8.7168,2928722734.08,2928722734.08,-59.2872,
600202.SH,¹þ¿Õµ÷,2014-12-09,7.5178,7.7258,7.0325,7.1414,28570495,7.453,2763886245.12,2763886245.12,-55.9503,
600202.SH,¹þ¿Õµ÷,2014-12-10,7.1216,7.4089,7.0523,7.3693,13456472,3.5103,2852054599.68,2852054599.68,-57.7351,
600202.SH,¹þ¿Õµ÷,2014-12-11,7.3494,7.5872,7.2603,7.4485,12940081,3.3756,2882721853.44,2882721853.44,-58.3559,
600202.SH,¹þ¿Õµ÷,2014-12-12,7.5079,7.8843,7.5079,7.8249,20096449,5.2425,3028391308.8,3028391308.8,-61.3048,
600202.SH,¹þ¿Õµ÷,2014-12-15,7.7159,8.0923,7.6763,7.914,15928161,4.1551,3062891969.28,3062891969.28,-62.0032,
600202.SH,¹þ¿Õµ÷,2014-12-16,7.914,7.9536,7.7456,7.8348,8769588,2.2877,3032224715.52,3032224715.52,-61.3824,
600202.SH,¹þ¿Õµ÷,2014-12-17,7.8546,7.8546,7.5178,7.6367,10999552,2.8694,2955556581.12,2955556581.12,-59.8304,
600202.SH,¹þ¿Õµ÷,2014-12-18,7.6862,8.0527,7.5971,7.914,12279147,3.2032,3062891969.28,3062891969.28,-62.0032,
600202.SH,¹þ¿Õµ÷,2014-12-19,7.914,7.914,7.5376,7.7159,10386812,2.7096,2986223834.88,2986223834.88,-60.4512,
600202.SH,¹þ¿Õµ÷,2014-12-22,7.6268,7.6565,7.0523,7.1216,13508628,3.5239,2756219431.68,2756219431.68,-55.7951,
600202.SH,¹þ¿Õµ÷,2014-12-23,7.1315,7.191,6.8641,6.874,7968124,2.0786,2660384263.68,2660384263.68,-53.8551,
600202.SH,¹þ¿Õµ÷,2014-12-24,6.8542,7.0622,6.8542,7.0424,5029505,1.312,2725552177.92,2725552177.92,-55.1743,
600202.SH,¹þ¿Õµ÷,2014-12-25,7.0721,7.191,7.0325,7.1216,5426081,1.4155,2756219431.68,2756219431.68,-55.7951,
600202.SH,¹þ¿Õµ÷,2014-12-26,7.0919,7.2009,7.0622,7.1216,7005536,1.8275,2756219431.68,2756219431.68,-55.7951,
600202.SH,¹þ¿Õµ÷,2014-12-29,7.1018,7.3693,6.9136,7.2504,12335527,3.2179,2806053719.04,2806053719.04,-56.8039,
600202.SH,¹þ¿Õµ÷,2014-12-30,7.2009,7.2999,7.0424,7.0523,6186250,1.6138,2729385584.64,2729385584.64,-55.2519,
600202.SH,¹þ¿Õµ÷,2014-12-31,7.0622,7.6763,7.0523,7.5773,16803392,4.3834,2932556140.8,2932556140.8,-59.3648,
600202.SH,¹þ¿Õµ÷,2015-01-05,7.5277,7.6763,7.3494,7.6268,14546727,3.7947,2951723174.4,2951723174.4,-59.7528,
600202.SH,¹þ¿Õµ÷,2015-01-06,7.4485,7.6763,7.4089,7.5475,10641763,2.7761,2921055920.64,2921055920.64,-59.132,
600202.SH,¹þ¿Õµ÷,2015-01-07,7.5277,8.0527,7.4881,7.8447,25130651,6.5557,3036058122.24,3036058122.24,-61.46,
600202.SH,¹þ¿Õµ÷,2015-01-08,7.8546,7.9636,7.5674,7.6169,16809350,4.385,2947889767.68,2947889767.68,-59.6752,
600202.SH,¹þ¿Õµ÷,2015-01-09,7.4485,7.5376,7.2108,7.2603,13271065,3.462,2809887125.76,2809887125.76,-56.8815,
600202.SH,¹þ¿Õµ÷,2015-01-12,7.1216,7.2009,7.0325,7.1514,6977572,1.8202,2767719651.84,2767719651.84,-56.0279,
600202.SH,¹þ¿Õµ÷,2015-01-13,7.1613,7.2999,7.1315,7.2405,4180054,1.0904,2802220312.32,2802220312.32,-56.7263,
600202.SH,¹þ¿Õµ÷,2015-01-14,7.2603,7.3098,7.1117,7.1613,4704331,1.2272,2771553058.56,2771553058.56,-56.1055,
600202.SH,¹þ¿Õµ÷,2015-01-15,7.1811,7.2405,7.1018,7.2405,4078663,1.064,2802220312.32,2802220312.32,-56.7263,
600202.SH,¹þ¿Õµ÷,2015-01-16,7.4287,7.5079,7.2603,7.2999,6417233,1.674,2825220752.64,2825220752.64,-57.1919,
600202.SH,¹þ¿Õµ÷,2015-01-19,7.0424,7.191,6.7254,6.7948,8532414,2.2258,2629717009.92,2629717009.92,-53.2343,
600202.SH,¹þ¿Õµ÷,2015-01-20,6.8938,7.0325,6.8938,7.0226,5910255,1.5418,2717885364.48,2717885364.48,-55.0191,
600202.SH,¹þ¿Õµ÷,2015-01-21,7.0226,7.4188,7.0226,7.3098,8701159,2.2698,2829054159.36,2829054159.36,-57.2695,
600202.SH,¹þ¿Õµ÷,2015-01-22,7.3296,7.3792,7.2207,7.3693,7154132,1.8663,2852054599.68,2852054599.68,-57.7351,
600202.SH,¹þ¿Õµ÷,2015-01-23,7.3792,7.6268,7.2999,7.3494,11082449,2.891,2844387786.24,2844387786.24,-57.5799,
600202.SH,¹þ¿Õµ÷,2015-01-26,7.3098,7.5475,7.29,7.5178,7545669,1.9684,2909555700.48,2909555700.48,-58.8992,
600202.SH,¹þ¿Õµ÷,2015-01-27,7.5178,7.6862,7.3098,7.5872,13005477,3.3927,2936389547.52,2936389547.52,-59.4424,
600202.SH,¹þ¿Õµ÷,2015-01-28,7.5773,7.6268,7.4683,7.498,10063060,2.6251,2901888887.04,2901888887.04,-58.7439,
600202.SH,¹þ¿Õµ÷,2015-01-29,7.5376,7.7952,7.4782,7.6961,17369064,4.531,2978557021.44,2978557021.44,-60.296,
600202.SH,¹þ¿Õµ÷,2015-01-30,7.7258,7.7754,7.3296,7.3494,11915823,3.1084,2844387786.24,2844387786.24,-57.5799,
600202.SH,¹þ¿Õµ÷,2015-02-02,7.2306,7.4188,7.1613,7.3098,6045649,1.5771,2829054159.36,2829054159.36,-57.2695,
600202.SH,¹þ¿Õµ÷,2015-02-03,7.3197,7.4089,7.2405,7.399,5072379,1.3232,2863554819.84,2863554819.84,-57.9679,
600202.SH,¹þ¿Õµ÷,2015-02-04,7.399,7.4782,7.2999,7.3098,4587099,1.1966,2829054159.36,2829054159.36,-57.2695,
600202.SH,¹þ¿Õµ÷,2015-02-05,7.4287,7.4386,7.1315,7.1514,7123568,1.8583,2767719651.84,2767719651.84,-56.0279,
600202.SH,¹þ¿Õµ÷,2015-02-06,7.1514,7.2108,7.0226,7.082,4524462,1.1803,2740885804.8,2740885804.8,-55.4847,
600202.SH,¹þ¿Õµ÷,2015-02-09,7.082,7.1315,7.0622,7.1117,2387800,0.6229,2752386024.96,2752386024.96,-55.7175,
600202.SH,¹þ¿Õµ÷,2015-02-10,7.1018,7.1514,7.0622,7.1414,2559875,0.6678,2763886245.12,2763886245.12,-55.9503,
600202.SH,¹þ¿Õµ÷,2015-02-11,7.1414,7.2108,7.1216,7.1613,3519273,0.9181,2771553058.56,2771553058.56,-56.1055,
600202.SH,¹þ¿Õµ÷,2015-02-12,7.1613,7.3296,7.1414,7.2999,4454587,1.162,2825220752.64,2825220752.64,-57.1919,
600202.SH,¹þ¿Õµ÷,2015-02-13,7.3098,7.4485,7.3098,7.3891,5961314,1.5551,2859721413.12,2859721413.12,-57.8903,
600202.SH,¹þ¿Õµ÷,2015-02-16,7.399,7.5674,7.3891,7.5475,5579145,1.4554,2921055920.64,2921055920.64,-59.132,
600202.SH,¹þ¿Õµ÷,2015-02-17,7.5575,7.5971,7.4287,7.5178,5535362,1.444,2909555700.48,2909555700.48,-58.8992,
600202.SH,¹þ¿Õµ÷,2015-02-25,7.5178,7.8744,7.4188,7.7556,16105916,4.2015,3001557461.76,3001557461.76,-60.7616,
600202.SH,¹þ¿Õµ÷,2015-02-26,7.7258,7.7556,7.5773,7.7258,12908793,3.3674,2990057241.6,2990057241.6,-60.5288,
600202.SH,¹þ¿Õµ÷,2015-02-27,7.6763,7.815,7.6565,7.7159,8798741,2.2953,2986223834.88,2986223834.88,-60.4512,
600202.SH,¹þ¿Õµ÷,2015-03-02,7.7556,7.9735,7.7258,7.914,13567682,3.5393,3062891969.28,3062891969.28,-62.0032,
600202.SH,¹þ¿Õµ÷,2015-03-03,7.914,8.0923,7.7853,7.8447,19735268,5.1482,3036058122.24,3036058122.24,-61.46,
600202.SH,¹þ¿Õµ÷,2015-03-04,7.8744,8.3796,7.8447,8.2409,21787437,5.6836,3189394391.04,3189394391.04,-64.564,
600202.SH,¹þ¿Õµ÷,2015-03-05,8.1716,8.2904,8.122,8.2607,11927947,3.1116,3197061204.48,3197061204.48,-64.7192,
600202.SH,¹þ¿Õµ÷,2015-03-06,8.2508,8.4192,7.9933,8.0131,12955121,3.3795,3101226036.48,3101226036.48,-62.7792,
600202.SH,¹þ¿Õµ÷,2015-03-09,8.0131,8.2508,7.9437,8.122,9576478,2.4982,3143393510.4,3143393510.4,-63.6328,
600202.SH,¹þ¿Õµ÷,2015-03-10,8.1319,8.5678,8.1319,8.4093,14422662,3.7624,3254562305.28,3254562305.28,-65.8832,
600202.SH,¹þ¿Õµ÷,2015-03-11,8.4093,8.7956,8.3201,8.5479,14692442,3.8327,3308229999.36,3308229999.36,-66.9697,
600202.SH,¹þ¿Õµ÷,2015-03-12,8.5678,8.6173,8.2409,8.33,10962292,2.8597,3223895051.52,3223895051.52,-65.2624,
600202.SH,¹þ¿Õµ÷,2015-03-13,8.2706,8.4291,8.2706,8.3498,6831895,1.7822,3231561864.96,3231561864.96,-65.4176,
600202.SH,¹þ¿Õµ÷,2015-03-16,8.4291,8.6668,8.3796,8.5182,11113095,2.899,3296729779.2,3296729779.2,-66.7368,
600202.SH,¹þ¿Õµ÷,2015-03-17,8.5678,8.7659,8.4687,8.5975,12528233,3.2682,3327397032.96,3327397032.96,-67.3577,
600202.SH,¹þ¿Õµ÷,2015-03-18,8.5975,8.7659,8.4984,8.7659,15565439,4.0605,3392564947.2,3392564947.2,-68.6769,
600202.SH,¹þ¿Õµ÷,2015-03-19,8.7659,9.0036,8.6767,8.8649,16282905,4.2476,3430899014.4,3430899014.4,-69.4529,
600202.SH,¹þ¿Õµ÷,2015-03-20,8.8946,8.9441,8.7559,8.8649,10550622,2.7523,3430899014.4,3430899014.4,-69.4529,
600202.SH,¹þ¿Õµ÷,2015-03-23,8.9144,9.4097,8.7163,9.1819,19922639,5.1971,3553568029.44,3553568029.44,-71.9361,
600202.SH,¹þ¿Õµ÷,2015-03-24,9.2017,9.4691,8.7262,9.3998,29982018,7.8212,3637902977.28,3637902977.28,-73.6433,
600202.SH,¹þ¿Õµ÷,2015-03-25,9.3403,10.3407,9.2413,9.9346,36021211,9.3967,3844906940.16,3844906940.16,-77.8338,
600202.SH,¹þ¿Õµ÷,2015-03-26,9.9445,10.2615,9.7266,9.8653,18951943,4.9439,3818073093.12,3818073093.12,-77.2906,
600202.SH,¹þ¿Õµ÷,2015-03-27,9.8653,10.1327,9.8059,10.103,11707874,3.0542,3910074854.4,3910074854.4,-79.153,
600202.SH,¹þ¿Õµ÷,2015-03-30,10.2021,10.5685,10.0535,10.4497,18636523,4.8616,4044244089.6,4044244089.6,-81.869,
600202.SH,¹þ¿Õµ÷,2015-03-31,10.2417,10.4398,9.9445,10.311,16742724,4.3676,3990576395.52,3990576395.52,-80.7826,
600202.SH,¹þ¿Õµ÷,2015-04-01,10.311,10.4794,10.2021,10.42,12731118,3.3211,4032743869.44,4032743869.44,-81.6362,
600202.SH,¹þ¿Õµ÷,2015-04-02,10.4398,10.6478,10.0634,10.628,21451765,5.596,4113245410.56,4113245410.56,-83.2659,
600202.SH,¹þ¿Õµ÷,2015-04-03,10.5586,11.143,10.3605,10.9251,18507937,4.8281,4228247612.16,4228247612.16,-85.5939,
600202.SH,¹þ¿Õµ÷,2015-04-07,10.9449,11.2421,10.8162,11.1529,17363206,4.5294,4316415966.72,4316415966.72,-87.3787,
600202.SH,¹þ¿Õµ÷,2015-04-08,11.1529,11.2223,10.6478,10.836,16983374,4.4304,4193746951.68,4193746951.68,-84.8955,
600202.SH,¹þ¿Õµ÷,2015-04-09,10.7964,10.8063,9.9643,10.2516,17026605,4.4416,3967575955.2,3967575955.2,-80.317,
600202.SH,¹þ¿Õµ÷,2015-04-10,10.1525,11.0044,9.9247,10.9846,21441116,5.5932,4251248052.48,4251248052.48,-86.0595,
600202.SH,¹þ¿Õµ÷,2015-04-13,11.0044,11.876,11.0044,11.4996,22639182,5.9058,4450585201.92,4450585201.92,-90.0947,
600202.SH,¹þ¿Õµ÷,2015-04-14,11.3411,11.7373,11.143,11.4006,14281170,3.7255,4412251134.72,4412251134.72,-89.3187,
600202.SH,¹þ¿Õµ÷,2015-04-15,11.2916,11.5194,10.4002,10.42,20736856,5.4095,4032743869.44,4032743869.44,-81.6362,
600202.SH,¹þ¿Õµ÷,2015-04-16,10.4992,11.252,10.4893,11.143,19824327,5.1715,4312582560,4312582560,-87.3011,
600202.SH,¹þ¿Õµ÷,2015-04-17,11.3609,12.1335,11.3609,11.4699,28063006,7.3206,4439084981.76,4439084981.76,-89.8619,
600202.SH,¹þ¿Õµ÷,2015-04-20,11.3907,11.3907,10.8558,10.9746,20704741,5.4011,4247414645.76,4247414645.76,-85.9819,
600202.SH,¹þ¿Õµ÷,2015-04-21,10.9746,11.4402,10.9746,11.4402,18128699,4.7291,4427584761.6,4427584761.6,123.8084,
600202.SH,¹þ¿Õµ÷,2015-04-22,11.668,12.5892,11.5689,12.5892,29060343,7.5808,4872259941.12,4872259941.12,136.2428,
600202.SH,¹þ¿Õµ÷,2015-04-23,13.2726,13.8471,12.9259,13.8372,46631611,12.1645,5355269187.84,5355269187.84,149.7492,
600202.SH,¹þ¿Õµ÷,2015-04-24,13.2528,13.748,13.0844,13.3716,26426318,6.8937,5175099072,5175099072,144.7111,
600202.SH,¹þ¿Õµ÷,2015-04-27,13.2825,13.6391,13.1537,13.2825,20648279,5.3864,5140598411.52,5140598411.52,143.7464,
600202.SH,¹þ¿Õµ÷,2015-04-28,12.9259,13.2033,12.3613,12.5,19766190,5.1563,4837759280.64,4837759280.64,135.2781,
600202.SH,¹þ¿Õµ÷,2015-04-29,12.3712,13.1339,12.2425,13.0646,13589872,3.5451,5056263463.68,5056263463.68,141.3881,
600202.SH,¹þ¿Õµ÷,2015-04-30,13.0646,13.1735,12.6684,12.6882,13118070,3.422,4910594008.32,4910594008.32,137.3148,
600202.SH,¹þ¿Õµ÷,2015-05-04,12.6684,12.7972,12.2029,12.6189,10869714,2.8355,4883760161.28,4883760161.28,136.5644,
600202.SH,¹þ¿Õµ÷,2015-05-05,12.6387,12.8764,12.1434,12.3415,12807872,3.3411,4776424773.12,4776424773.12,133.563,
600202.SH,¹þ¿Õµ÷,2015-05-06,12.3514,12.5198,11.8958,11.9651,11246967,2.9339,4630755317.76,4630755317.76,129.4896,
600202.SH,¹þ¿Õµ÷,2015-05-07,11.9354,12.1335,11.2916,11.3808,11020345,2.8748,4404584321.28,4404584321.28,123.1652,
600202.SH,¹þ¿Õµ÷,2015-05-08,11.5194,11.876,11.4204,11.7373,9700041,2.5304,4542586963.2,4542586963.2,127.0242,
600202.SH,¹þ¿Õµ÷,2015-05-11,11.8364,12.916,11.8364,12.916,16155638,4.2144,4998762362.88,4998762362.88,139.7802,
600202.SH,¹þ¿Õµ÷,2015-05-12,13.2231,13.9164,13.2132,13.6688,32664922,8.5211,5290101273.6,5290101273.6,147.9269,
600202.SH,¹þ¿Õµ÷,2015-05-13,13.6391,13.6391,12.8863,13.4113,19207634,5.0106,5190432698.88,5190432698.88,145.1399,
600202.SH,¹þ¿Õµ÷,2015-05-14,13.4113,14.2235,13.1735,13.6292,27650347,7.213,5274767646.72,5274767646.72,147.4981,
600202.SH,¹þ¿Õµ÷,2015-05-15,13.54,13.54,12.9061,13.1537,17817500,4.648,5090764124.16,5090764124.16,142.3528,
600202.SH,¹þ¿Õµ÷,2015-05-18,12.6882,13.2231,12.6783,12.8269,18312895,4.7772,4964261702.4,4964261702.4,138.8155,
600202.SH,¹þ¿Õµ÷,2015-05-19,12.8269,13.1735,12.6387,13.0646,16126738,4.2069,5056263463.68,5056263463.68,141.3881,
600202.SH,¹þ¿Õµ÷,2015-05-20,13.2231,13.7183,13.0943,13.2627,21101284,5.5046,5132931598.08,5132931598.08,143.532,
600202.SH,¹þ¿Õµ÷,2015-05-21,13.3023,13.7678,13.0844,13.7579,23506149,6.1319,5324601934.08,5324601934.08,148.8916,
600202.SH,¹þ¿Õµ÷,2015-05-22,14.0056,14.5602,13.649,14.3324,29661595,7.7377,5546939523.84,5546939523.84,155.1089,
600202.SH,¹þ¿Õµ÷,2015-05-25,14.3324,15.7686,14.3324,15.7686,29548829,7.7082,6102783498.24,6102783498.24,170.6519,
600202.SH,¹þ¿Õµ÷,2015-05-26,16.2936,17.3435,15.9766,16.9176,37727075,9.8417,6547458677.76,6547458677.76,183.0863,
600202.SH,¹þ¿Õµ÷,2015-05-27,17.0166,17.3336,16.1549,17.0266,31624222,8.2496,6589626151.68,6589626151.68,184.2655,
600202.SH,¹þ¿Õµ÷,2015-05-28,17.2445,17.3138,15.3229,15.3427,28747227,7.4991,5937947009.28,5937947009.28,166.0426,
600202.SH,¹þ¿Õµ÷,2015-05-29,15.0357,16.7789,14.1343,16.4224,32828579,8.5638,6355788341.76,6355788341.76,177.7267,
600202.SH,¹þ¿Õµ÷,2015-06-01,16.7492,18.0666,16.7492,18.0666,31821082,8.301,6992133857.28,6992133857.28,195.5208,
600202.SH,¹þ¿Õµ÷,2015-06-02,18.9184,19.8098,18.2845,19.0075,40062942,10.451,7356307495.68,7356307495.68,205.7041,
600202.SH,¹þ¿Õµ÷,2015-06-03,18.7698,18.8193,17.6308,18.3934,25844089,6.7418,7118636279.04,7118636279.04,199.0582,
600202.SH,¹þ¿Õµ÷,2015-06-04,17.8487,19.3443,16.9473,19.3146,33728611,8.7986,7475143104,7475143104,209.0271,
600202.SH,¹þ¿Õµ÷,2015-06-05,19.5424,20.2556,18.8292,19.6315,30984861,8.0829,7597812119.04,7597812119.04,212.4573,
600202.SH,¹þ¿Õµ÷,2015-06-08,19.6613,19.7405,18.6014,18.7797,22388924,5.8405,7268139141.12,7268139141.12,203.2387,
600202.SH,¹þ¿Õµ÷,2015-06-09,18.8193,20.0079,18.5519,19.8098,28059558,7.3197,7666813440,7666813440,214.3868,
600202.SH,¹þ¿Õµ÷,2015-06-10,19.4136,19.4136,18.8193,19.0571,19544333,5.0984,7375474529.28,7375474529.28,206.2401,
600202.SH,¹þ¿Õµ÷,2015-06-11,19.0571,19.1165,18.5024,18.651,17024325,4.441,7218304853.76,7218304853.76,201.8452,
600202.SH,¹þ¿Õµ÷,2015-06-12,18.6708,19.1957,18.4925,18.6807,17369362,4.5311,7229805073.92,7229805073.92,202.1668,
600202.SH,¹þ¿Õµ÷,2015-06-15,18.6807,18.6807,18.6807,18.6807,--,--,7229805073.92,7229805073.92,202.1668,
600202.SH,¹þ¿Õµ÷,2015-06-16,18.6807,18.6807,18.6807,18.6807,--,--,7229805073.92,7229805073.92,202.1668,
600202.SH,¹þ¿Õµ÷,2015-06-17,18.6807,18.6807,18.6807,18.6807,--,--,7229805073.92,7229805073.92,202.1668,
600202.SH,¹þ¿Õµ÷,2015-06-18,18.6807,18.6807,18.6807,18.6807,--,--,7229805073.92,7229805073.92,202.1668,
600202.SH,¹þ¿Õµ÷,2015-06-19,18.6807,18.6807,18.6807,18.6807,--,--,7229805073.92,7229805073.92,202.1668,
600202.SH,¹þ¿Õµ÷,2015-06-23,18.6807,18.6807,18.6807,18.6807,--,--,7229805073.92,7229805073.92,202.1668,
600202.SH,¹þ¿Õµ÷,2015-06-24,18.6807,18.6807,18.6807,18.6807,--,--,7229805073.92,7229805073.92,202.1668,
600202.SH,¹þ¿Õµ÷,2015-06-25,18.6807,18.6807,18.6807,18.6807,--,--,7229805073.92,7229805073.92,202.1668,
600202.SH,¹þ¿Õµ÷,2015-06-26,18.6807,18.6807,18.6807,18.6807,--,--,7229805073.92,7229805073.92,202.1668,
600202.SH,¹þ¿Õµ÷,2015-06-29,18.6807,18.6807,18.6807,18.6807,--,--,7229805073.92,7229805073.92,202.1668,
600202.SH,¹þ¿Õµ÷,2015-06-30,18.6807,18.6807,18.6807,18.6807,--,--,7229805073.92,7229805073.92,202.1668,
600202.SH,¹þ¿Õµ÷,2015-07-01,18.6807,18.6807,18.6807,18.6807,--,--,7229805073.92,7229805073.92,202.1668,
600202.SH,¹þ¿Õµ÷,2015-07-02,18.6807,18.6807,18.6807,18.6807,--,--,7229805073.92,7229805073.92,202.1668,
600202.SH,¹þ¿Õµ÷,2015-07-03,18.6807,18.6807,18.6807,18.6807,--,--,7229805073.92,7229805073.92,202.1668,
600202.SH,¹þ¿Õµ÷,2015-07-06,18.6807,18.6807,18.6807,18.6807,--,--,7229805073.92,7229805073.92,202.1668,
600202.SH,¹þ¿Õµ÷,2015-07-07,18.6807,18.6807,18.6807,18.6807,--,--,7229805073.92,7229805073.92,202.1668,
600202.SH,¹þ¿Õµ÷,2015-07-08,18.6807,18.6807,18.6807,18.6807,--,--,7229805073.92,7229805073.92,202.1668,
600202.SH,¹þ¿Õµ÷,2015-07-09,18.6807,18.6807,18.6807,18.6807,--,--,7229805073.92,7229805073.92,202.1668,
600202.SH,¹þ¿Õµ÷,2015-07-10,18.6807,18.6807,18.6807,18.6807,--,--,7229805073.92,7229805073.92,202.1668,
600202.SH,¹þ¿Õµ÷,2015-07-13,18.6807,18.6807,18.6807,18.6807,--,--,7229805073.92,7229805073.92,202.1668,
600202.SH,¹þ¿Õµ÷,2015-07-14,18.6807,18.6807,18.6807,18.6807,--,--,7229805073.92,7229805073.92,202.1668,
600202.SH,¹þ¿Õµ÷,2015-07-15,18.6807,18.6807,18.6807,18.6807,--,--,7229805073.92,7229805073.92,202.1668,
600202.SH,¹þ¿Õµ÷,2015-07-16,18.6807,18.6807,18.6807,18.6807,--,--,7229805073.92,7229805073.92,202.1668,
600202.SH,¹þ¿Õµ÷,2015-07-17,18.6807,18.6807,18.6807,18.6807,--,--,7229805073.92,7229805073.92,202.1668,
600202.SH,¹þ¿Õµ÷,2015-07-20,18.6807,18.6807,18.6807,18.6807,--,--,7229805073.92,7229805073.92,202.1668,
600202.SH,¹þ¿Õµ÷,2015-07-21,18.6807,18.6807,18.6807,18.6807,--,--,7229805073.92,7229805073.92,202.1668,
600202.SH,¹þ¿Õµ÷,2015-07-22,18.6807,18.6807,18.6807,18.6807,--,--,7229805073.92,7229805073.92,202.1668,
600202.SH,¹þ¿Õµ÷,2015-07-23,18.6807,18.6807,18.6807,18.6807,--,--,7229805073.92,7229805073.92,202.1668,
600202.SH,¹þ¿Õµ÷,2015-07-24,18.6807,18.6807,18.6807,18.6807,--,--,7229805073.92,7229805073.92,202.1668,
600202.SH,¹þ¿Õµ÷,2015-07-27,18.6807,18.6807,18.6807,18.6807,--,--,7229805073.92,7229805073.92,202.1668,
600202.SH,¹þ¿Õµ÷,2015-07-28,18.6807,18.6807,18.6807,18.6807,--,--,7229805073.92,7229805073.92,202.1668,
600202.SH,¹þ¿Õµ÷,2015-07-29,18.6807,18.6807,18.6807,18.6807,--,--,7229805073.92,7229805073.92,202.1668,
600202.SH,¹þ¿Õµ÷,2015-07-30,18.6807,18.6807,18.6807,18.6807,--,--,7229805073.92,7229805073.92,202.1668,
600202.SH,¹þ¿Õµ÷,2015-07-31,18.6807,18.6807,18.6807,18.6807,--,--,7229805073.92,7229805073.92,202.1668,
600202.SH,¹þ¿Õµ÷,2015-08-03,18.6807,18.6807,18.6807,18.6807,--,--,7229805073.92,7229805073.92,202.1668,
600202.SH,¹þ¿Õµ÷,2015-08-04,18.6807,18.6807,18.6807,18.6807,--,--,7229805073.92,7229805073.92,202.1668,
600202.SH,¹þ¿Õµ÷,2015-08-05,18.6807,18.6807,18.6807,18.6807,--,--,7229805073.92,7229805073.92,202.1668,
600202.SH,¹þ¿Õµ÷,2015-08-06,18.6807,18.6807,18.6807,18.6807,--,--,7229805073.92,7229805073.92,202.1668,
600202.SH,¹þ¿Õµ÷,2015-08-07,18.6807,18.6807,18.6807,18.6807,--,--,7229805073.92,7229805073.92,202.1668,
600202.SH,¹þ¿Õµ÷,2015-08-10,18.6807,18.6807,18.6807,18.6807,--,--,7229805073.92,7229805073.92,202.1668,
600202.SH,¹þ¿Õµ÷,2015-08-11,18.6807,18.6807,18.6807,18.6807,--,--,7229805073.92,7229805073.92,202.1668,
600202.SH,¹þ¿Õµ÷,2015-08-12,18.6807,18.6807,18.6807,18.6807,--,--,7229805073.92,7229805073.92,202.1668,
600202.SH,¹þ¿Õµ÷,2015-08-13,18.6807,18.6807,18.6807,18.6807,--,--,7229805073.92,7229805073.92,202.1668,
600202.SH,¹þ¿Õµ÷,2015-08-14,18.6807,18.6807,18.6807,18.6807,--,--,7229805073.92,7229805073.92,202.1668,
600202.SH,¹þ¿Õµ÷,2015-08-17,18.6807,18.6807,18.6807,18.6807,--,--,7229805073.92,7229805073.92,202.1668,
600202.SH,¹þ¿Õµ÷,2015-08-18,18.6807,18.6807,18.6807,18.6807,--,--,7229805073.92,7229805073.92,258.776,
600202.SH,¹þ¿Õµ÷,2015-08-19,18.6807,18.6807,18.6807,18.6807,--,--,7229805073.92,7229805073.92,258.776,
600202.SH,¹þ¿Õµ÷,2015-08-20,18.6807,18.6807,18.6807,18.6807,--,--,7229805073.92,7229805073.92,258.776,
600202.SH,¹þ¿Õµ÷,2015-08-21,18.6807,18.6807,18.6807,18.6807,--,--,7229805073.92,7229805073.92,258.776,
600202.SH,¹þ¿Õµ÷,2015-08-24,18.6807,18.6807,18.6807,18.6807,--,--,7222138260.48,7222138260.48,258.5015,
600202.SH,¹þ¿Õµ÷,2015-08-25,18.6807,18.6807,18.6807,18.6807,--,--,7222138260.48,7222138260.48,258.5015,
600202.SH,¹þ¿Õµ÷,2015-08-26,18.6807,18.6807,18.6807,18.6807,--,--,7222138260.48,7222138260.48,258.5015,
600202.SH,¹þ¿Õµ÷,2015-08-27,18.6807,18.6807,18.6807,18.6807,--,--,7222138260.48,7222138260.48,258.5015,
600202.SH,¹þ¿Õµ÷,2015-08-28,18.6807,18.6807,18.6807,18.6807,--,--,7222138260.48,7222138260.48,258.5015,
600202.SH,¹þ¿Õµ÷,2015-08-31,18.6807,18.6807,18.6807,18.6807,--,--,7222138260.48,7222138260.48,258.5015,
600202.SH,¹þ¿Õµ÷,2015-09-01,18.6807,18.6807,18.6807,18.6807,--,--,7222138260.48,7222138260.48,258.5015,
600202.SH,¹þ¿Õµ÷,2015-09-02,18.6807,18.6807,18.6807,18.6807,--,--,7222138260.48,7222138260.48,258.5015,
600202.SH,¹þ¿Õµ÷,2015-09-07,18.6807,18.6807,18.6807,18.6807,--,--,7222138260.48,7222138260.48,258.5015,
600202.SH,¹þ¿Õµ÷,2015-09-08,18.6807,18.6807,18.6807,18.6807,--,--,7222138260.48,7222138260.48,258.5015,
600202.SH,¹þ¿Õµ÷,2015-09-09,18.6807,18.6807,18.6807,18.6807,--,--,7222138260.48,7222138260.48,258.5015,
600202.SH,¹þ¿Õµ÷,2015-09-10,18.6807,18.6807,18.6807,18.6807,--,--,7222138260.48,7222138260.48,258.5015,
600202.SH,¹þ¿Õµ÷,2015-09-11,18.6807,18.6807,18.6807,18.6807,--,--,7222138260.48,7222138260.48,258.5015,
600202.SH,¹þ¿Õµ÷,2015-09-14,18.6807,18.6807,18.6807,18.6807,--,--,7222138260.48,7222138260.48,258.5015,
600202.SH,¹þ¿Õµ÷,2015-09-15,18.6807,18.6807,18.6807,18.6807,--,--,7222138260.48,7222138260.48,258.5015,
600202.SH,¹þ¿Õµ÷,2015-09-16,18.6807,18.6807,18.6807,18.6807,--,--,7222138260.48,7222138260.48,258.5015,
600202.SH,¹þ¿Õµ÷,2015-09-17,18.6807,18.6807,18.6807,18.6807,--,--,7222138260.48,7222138260.48,258.5015,
600202.SH,¹þ¿Õµ÷,2015-09-18,18.6807,18.6807,18.6807,18.6807,--,--,7222138260.48,7222138260.48,258.5015,
600202.SH,¹þ¿Õµ÷,2015-09-21,18.6807,18.6807,18.6807,18.6807,--,--,7222138260.48,7222138260.48,258.5015,
600202.SH,¹þ¿Õµ÷,2015-09-22,18.6807,18.6807,18.6807,18.6807,--,--,7222138260.48,7222138260.48,258.5015,
600202.SH,¹þ¿Õµ÷,2015-09-23,18.6807,18.6807,18.6807,18.6807,--,--,7222138260.48,7222138260.48,258.5015,
600202.SH,¹þ¿Õµ÷,2015-09-24,16.8166,16.8166,16.8166,16.8166,190900,0.0498,6501457797.12,6501457797.12,232.7063,
600202.SH,¹þ¿Õµ÷,2015-09-25,15.131,15.131,15.131,15.131,39600,0.0103,5849778654.72,5849778654.72,209.3808,
600202.SH,¹þ¿Õµ÷,2015-09-28,13.6139,13.6139,13.6139,13.6139,107700,0.0281,5263267426.56,5263267426.56,188.3878,
600202.SH,¹þ¿Õµ÷,2015-09-29,12.2555,12.2555,12.2555,12.2555,86400,0.0225,4738090705.92,4738090705.92,169.5902,
600202.SH,¹þ¿Õµ÷,2015-09-30,11.026,11.026,11.026,11.026,297300,0.0776,4262748272.64,4262748272.64,152.5763,
600202.SH,¹þ¿Õµ÷,2015-10-08,9.9253,11.2044,9.9253,10.4013,93974061,24.5145,4021243649.28,4021243649.28,143.9321,
600202.SH,¹þ¿Õµ÷,2015-10-09,9.9154,10.0642,9.5783,9.7964,54942349,14.3325,3787405839.36,3787405839.36,135.5624,
600202.SH,¹þ¿Õµ÷,2015-10-12,9.7964,10.2922,9.737,10.1732,57169706,14.9136,3933075294.72,3933075294.72,140.7763,
600202.SH,¹þ¿Õµ÷,2015-10-13,10.0642,11.1945,9.965,11.1945,61251546,15.9784,4327916186.88,4327916186.88,154.9088,
600202.SH,¹þ¿Õµ÷,2015-10-14,11.6605,12.1861,11.3135,11.611,80068930,20.8871,4488919269.12,4488919269.12,160.6716,
600202.SH,¹þ¿Õµ÷,2015-10-15,11.3036,11.8985,11.016,11.72,54522583,14.223,4531086743.04,4531086743.04,162.1809,
600202.SH,¹þ¿Õµ÷,2015-10-16,11.7597,11.8787,11.3135,11.7994,47368334,12.3567,4561753996.8,4561753996.8,163.2786,
600202.SH,¹þ¿Õµ÷,2015-10-19,11.8589,12.0968,11.4127,11.5911,40634446,10.6001,4481252455.68,4481252455.68,160.3972,
600202.SH,¹þ¿Õµ÷,2015-10-20,11.4027,11.7696,11.4027,11.6903,27866332,7.2693,4519586522.88,4519586522.88,161.7693,
600202.SH,¹þ¿Õµ÷,2015-10-21,11.6705,11.7895,10.5203,10.5203,36622191,9.5534,4067244529.92,4067244529.92,145.5786,
600202.SH,¹þ¿Õµ÷,2015-10-22,10.3815,10.8574,10.1137,10.7285,32441351,8.4628,4147746071.04,4147746071.04,148.46,
600202.SH,¹þ¿Õµ÷,2015-10-23,10.7582,11.7498,10.5302,11.5713,41241574,10.7585,4473585642.24,4473585642.24,160.1228,
600202.SH,¹þ¿Õµ÷,2015-10-26,11.5713,11.8985,11.4325,11.7101,41251124,10.761,4527253336.32,4527253336.32,162.0437,
600202.SH,¹þ¿Õµ÷,2015-10-27,11.5217,11.5911,10.6095,11.4127,35514592,9.2645,4412251134.72,4412251134.72,-579.137,
600202.SH,¹þ¿Õµ÷,2015-10-28,11.2243,11.3532,10.7186,10.8772,22065382,5.7561,4205247171.84,4205247171.84,-551.9664,
600202.SH,¹þ¿Õµ÷,2015-10-29,10.9466,11.1053,10.8376,10.9566,16406819,4.28,4235914425.6,4235914425.6,-555.9916,
600202.SH,¹þ¿Õµ÷,2015-10-30,10.907,10.907,10.6393,10.7186,14379487,3.7511,4143912664.32,4143912664.32,-543.9158,
600202.SH,¹þ¿Õµ÷,2015-11-02,10.4112,10.5996,10.1038,10.1832,15627454,4.0766,3936908701.44,3936908701.44,-516.7452,
600202.SH,¹þ¿Õµ÷,2015-11-03,10.2724,10.3815,10.0344,10.1237,11084980,2.8917,3913908261.12,3913908261.12,-513.7262,
600202.SH,¹þ¿Õµ÷,2015-11-04,10.0939,10.6293,10.0939,10.6095,18301025,4.7741,4101745190.4,4101745190.4,-538.381,
600202.SH,¹þ¿Õµ÷,2015-11-05,10.55,10.8078,10.441,10.5996,20781557,5.4212,4097911783.68,4097911783.68,-537.8779,
600202.SH,¹þ¿Õµ÷,2015-11-06,10.5996,10.9962,10.5996,10.8673,21347895,5.5689,4201413765.12,4201413765.12,-551.4632,
600202.SH,¹þ¿Õµ÷,2015-11-09,10.7582,10.9566,10.6095,10.907,22398694,5.843,4216747392,4216747392,-553.4758,
600202.SH,¹þ¿Õµ÷,2015-11-10,10.8871,11.3433,10.8277,11.0557,22707683,5.9236,4274248492.8,4274248492.8,-561.0233,
600202.SH,¹þ¿Õµ÷,2015-11-11,11.135,11.5416,10.9665,11.4523,32125372,8.3804,4427584761.6,4427584761.6,-581.1497,
600202.SH,¹þ¿Õµ÷,2015-11-12,11.4523,11.5515,11.016,11.2441,25775840,6.724,4347083220.48,4347083220.48,-570.5833,
600202.SH,¹þ¿Õµ÷,2015-11-13,11.0656,12.2456,10.9863,11.7895,48578651,12.6724,4557920590.08,4557920590.08,-598.2571,
600202.SH,¹þ¿Õµ÷,2015-11-16,11.5019,11.8985,11.373,11.7597,31572330,8.2361,4546420369.92,4546420369.92,-596.7476,
600202.SH,¹þ¿Õµ÷,2015-11-17,11.8489,12.6223,11.6506,12.1167,43775499,11.4195,4684423011.84,4684423011.84,-614.8613,
600202.SH,¹þ¿Õµ÷,2015-11-18,11.9778,12.5232,11.4523,11.6209,34491287,8.9976,4492752675.84,4492752675.84,-589.7034,
600202.SH,¹þ¿Õµ÷,2015-11-19,11.5614,11.7795,11.3036,11.7498,22997419,5.9992,4542586963.2,4542586963.2,-596.2444,
600202.SH,¹þ¿Õµ÷,2015-11-20,11.5911,12.0968,11.5911,11.8886,27047879,7.0558,4596254657.28,4596254657.28,-603.2886,
600202.SH,¹þ¿Õµ÷,2015-11-23,11.9481,12.2257,11.6804,11.73,26018951,6.7874,4534920149.76,4534920149.76,-595.2381,
600202.SH,¹þ¿Õµ÷,2015-11-24,11.7002,12.7413,11.5217,12.6323,45265148,11.8081,4883760161.28,4883760161.28,-641.0256,
600202.SH,¹þ¿Õµ÷,2015-11-25,12.4835,12.8405,12.2654,12.6918,32740246,8.5408,4906760601.6,4906760601.6,-644.0446,
600202.SH,¹þ¿Õµ÷,2015-11-26,12.662,12.8306,12.2059,12.2555,26428403,6.8942,4738090705.92,4738090705.92,-621.9056,
600202.SH,¹þ¿Õµ÷,2015-11-27,12.1067,12.2753,11.026,11.0557,28533601,7.4434,4274248492.8,4274248492.8,-561.0233,
600202.SH,¹þ¿Õµ÷,2015-11-30,11.0557,11.254,10.0443,10.7186,21672737,5.6536,4143912664.32,4143912664.32,-543.9158,
600202.SH,¹þ¿Õµ÷,2015-12-01,10.7087,10.8673,10.4112,10.6988,14724410,3.8411,4136245850.88,4136245850.88,-542.9095,
600202.SH,¹þ¿Õµ÷,2015-12-02,10.7087,11.0954,10.6095,10.9566,20067203,5.2348,4235914425.6,4235914425.6,-555.9916,
600202.SH,¹þ¿Õµ÷,2015-12-03,11.0557,11.254,10.8376,11.1449,14432582,3.7649,4308749153.28,4308749153.28,-565.5517,
600202.SH,¹þ¿Õµ÷,2015-12-04,11.0656,11.3433,10.9863,11.1747,16638276,4.3403,4320249373.44,4320249373.44,-567.0612,
600202.SH,¹þ¿Õµ÷,2015-12-07,11.1449,11.7498,11.0557,11.7002,19466940,5.0782,4523419929.6,4523419929.6,-593.7286,
600202.SH,¹þ¿Õµ÷,2015-12-08,11.5911,11.9778,11.3036,11.73,26107178,6.8104,4534920149.76,4534920149.76,-595.2381,
600202.SH,¹þ¿Õµ÷,2015-12-09,11.5118,12.3745,11.4127,12.2852,36082405,9.4126,4749590926.08,4749590926.08,-623.415,
600202.SH,¹þ¿Õµ÷,2015-12-10,12.0572,12.9694,11.9084,12.9,42603084,11.1136,4987262142.72,4987262142.72,-654.611,
600202.SH,¹þ¿Õµ÷,2015-12-11,12.7413,13.2173,12.3943,12.9396,38785392,10.1177,5002595769.6,5002595769.6,-656.6236,
600202.SH,¹þ¿Õµ÷,2015-12-14,12.7413,13.8023,12.6719,13.6337,48198452,12.5733,5270934240,5270934240,-691.8448,
600202.SH,¹þ¿Õµ÷,2015-12-15,13.485,13.5841,13.2074,13.2272,32944523,8.5941,5113764564.48,5113764564.48,-671.2153,
600202.SH,¹þ¿Õµ÷,2015-12-16,13.0983,13.4652,12.9099,12.9892,28326658,7.3894,5021762803.2,5021762803.2,-659.1394,
600202.SH,¹þ¿Õµ÷,2015-12-17,13.1379,13.5147,13.0388,13.1875,31542510,8.2283,5098430937.6,5098430937.6,-669.2026,
600202.SH,¹þ¿Õµ÷,2015-12-18,13.1677,13.1677,12.5926,12.7017,28754175,7.5009,4910594008.32,4910594008.32,-644.5478,
600202.SH,¹þ¿Õµ÷,2015-12-21,12.5926,13.2668,12.4934,13.2569,27407939,7.1498,5125264784.64,5125264784.64,-672.7247,
600202.SH,¹þ¿Õµ÷,2015-12-22,13.2272,13.3759,13.019,13.0884,18386172,4.7963,5060096870.4,5060096870.4,-664.171,
600202.SH,¹þ¿Õµ÷,2015-12-23,13.0785,13.1379,12.4835,12.543,22358258,5.8325,4849259500.8,4849259500.8,-636.4972,
600202.SH,¹þ¿Õµ÷,2015-12-24,12.4141,12.7909,12.2456,12.7512,15474191,4.0367,4929761041.92,4929761041.92,-647.0636,
600202.SH,¹þ¿Õµ÷,2015-12-25,12.6918,12.8603,12.5926,12.781,11910380,3.107,4941261262.08,4941261262.08,-648.5731,
600202.SH,¹þ¿Õµ÷,2015-12-28,12.8603,12.9496,12.1861,12.2059,17228157,4.4942,4718923672.32,4718923672.32,-619.3898,
600202.SH,¹þ¿Õµ÷,2015-12-29,12.2456,12.5629,12.1167,12.5133,11622853,3.032,4837759280.64,4837759280.64,-634.9877,
600202.SH,¹þ¿Õµ÷,2015-12-30,12.5232,13.3462,12.4141,13.1875,25687184,6.7009,5098430937.6,5098430937.6,-669.2026,
600202.SH,¹þ¿Õµ÷,2015-12-31,13.2768,13.6932,13.019,13.0884,27441998,7.1586,5060096870.4,5060096870.4,-664.171,
600202.SH,¹þ¿Õµ÷,2016-01-04,12.9991,13.2867,11.8291,12.0274,15934161,4.1567,4649922351.36,4649922351.36,-610.3329,
600202.SH,¹þ¿Õµ÷,2016-01-05,11.7002,13.2173,11.5614,13.1776,31347550,8.1775,5094597530.88,5094597530.88,-668.6995,
600202.SH,¹þ¿Õµ÷,2016-01-06,13.1776,13.8816,12.9099,13.7527,50380531,13.1425,5316935120.64,5316935120.64,-697.8827,
600202.SH,¹þ¿Õµ÷,2016-01-07,13.4057,13.4652,12.3745,12.3745,8926180,2.3285,4784091586.56,4784091586.56,-627.9435,
600202.SH,¹þ¿Õµ÷,2016-01-08,12.6818,12.6818,11.1648,11.9778,27782574,7.2475,4630755317.76,4630755317.76,-607.8171,
600202.SH,¹þ¿Õµ÷,2016-01-11,11.4027,11.5614,10.7781,10.7781,20338457,5.3056,4166913104.64,4166913104.64,-546.9348,
600202.SH,¹þ¿Õµ÷,2016-01-12,10.2625,11.73,9.6973,11.3631,53176530,13.8719,4393084101.12,4393084101.12,-576.6212,
600202.SH,¹þ¿Õµ÷,2016-01-13,11.0954,11.5713,10.9367,11.4127,24709450,6.4458,4412251134.72,4412251134.72,-579.137,
600202.SH,¹þ¿Õµ÷,2016-01-14,11.135,12.196,11.0557,12.1365,22030156,5.7469,4692089825.28,4692089825.28,-615.8677,
600202.SH,¹þ¿Õµ÷,2016-01-15,11.9878,12.4934,11.7498,12.4637,25159310,6.5632,4818592247.04,4818592247.04,-632.4719,
600202.SH,¹þ¿Õµ÷,2016-01-18,11.9977,12.7116,11.9382,12.5529,17757895,4.6324,4853092907.52,4853092907.52,-637.0004,
600202.SH,¹þ¿Õµ÷,2016-01-19,12.3745,12.781,12.1762,12.6818,22007622,5.741,4902927194.88,4902927194.88,-643.5414,
600202.SH,¹þ¿Õµ÷,2016-01-20,12.5926,13.2272,12.4637,13.1578,23130521,6.0339,5086930717.44,5086930717.44,-667.6931,
600202.SH,¹þ¿Õµ÷,2016-01-21,12.8801,13.3858,12.5529,12.8306,34374454,8.9671,4960428295.68,4960428295.68,-651.0889,
600202.SH,¹þ¿Õµ÷,2016-01-22,12.8801,13.485,12.6422,13.2867,37170285,9.6964,5136765004.8,5136765004.8,-674.2342,
600202.SH,¹þ¿Õµ÷,2016-01-25,13.3858,13.3858,12.8801,13.3164,22508904,5.8718,5148265224.96,5148265224.96,-675.7437,
600202.SH,¹þ¿Õµ÷,2016-01-26,13.1181,13.7626,12.7909,13.2668,46764972,12.1993,5129098191.36,5129098191.36,-673.2279,
600202.SH,¹þ¿Õµ÷,2016-01-27,13.128,14.0898,12.9396,13.8519,61876939,16.1415,5355269187.84,5355269187.84,-702.9143,
600202.SH,¹þ¿Õµ÷,2016-01-28,13.6833,14.2485,13.2867,13.6635,51358400,13.3976,5282434460.16,5282434460.16,-693.3542,
600202.SH,¹þ¿Õµ÷,2016-01-29,13.5048,14.9723,13.2272,14.6253,57146659,14.9075,5654274912,5654274912,-742.1608,
600202.SH,¹þ¿Õµ÷,2016-02-01,14.3575,14.6748,13.5247,13.9708,39591320,10.328,5401270068.48,5401270068.48,-708.9522,
600202.SH,¹þ¿Õµ÷,2016-02-02,13.7031,13.9808,13.1875,13.2668,36103474,9.4181,5129098191.36,5129098191.36,-673.2279,
600202.SH,¹þ¿Õµ÷,2016-02-03,12.9099,13.6337,12.0076,13.5643,46727462,12.1895,5244100392.96,5244100392.96,-688.3227,
600202.SH,¹þ¿Õµ÷,2016-02-04,13.4354,13.9213,13.1974,13.6436,38925923,10.1544,5274767646.72,5274767646.72,-692.348,
600202.SH,¹þ¿Õµ÷,2016-02-05,13.4949,13.9808,13.3363,13.4057,45849075,11.9604,5182765885.44,5182765885.44,-680.2721,
600202.SH,¹þ¿Õµ÷,2016-02-15,12.8504,12.8603,12.0671,12.0671,36834234,9.6087,4665255978.24,4665255978.24,-612.3455,
600202.SH,¹þ¿Õµ÷,2016-02-16,11.8489,12.4736,11.839,12.2753,32802889,8.5571,4745757519.36,4745757519.36,-622.9119,
600202.SH,¹þ¿Õµ÷,2016-02-17,12.1266,12.2555,11.611,12.1762,35111346,9.1593,4707423452.16,4707423452.16,-617.8803,
600202.SH,¹þ¿Õµ÷,2016-02-18,12.2257,13.1875,12.0671,13.0785,50139231,13.0795,5056263463.68,5056263463.68,-663.6678,
600202.SH,¹þ¿Õµ÷,2016-02-19,12.8901,12.9595,12.6719,12.8207,28231750,7.3647,4956594888.96,4956594888.96,-650.5857,
600202.SH,¹þ¿Õµ÷,2016-02-22,12.9198,13.0884,12.8008,13.0586,29969526,7.818,5048596650.24,5048596650.24,-662.6615,
600202.SH,¹þ¿Õµ÷,2016-02-23,13.0685,13.1181,11.8985,12.3249,30787637,8.0314,4764924552.96,4764924552.96,-625.4277,
600202.SH,¹þ¿Õµ÷,2016-02-24,12.1762,12.5629,11.9977,12.4141,19271190,5.0272,4799425213.44,4799425213.44,-629.9561,
600202.SH,¹þ¿Õµ÷,2016-02-25,12.434,12.4934,11.1747,11.1747,26544597,6.9245,4320249373.44,4320249373.44,-567.0612,
600202.SH,¹þ¿Õµ÷,2016-02-26,11.254,11.4722,10.8078,11.373,18704453,4.8793,4396917507.84,4396917507.84,-577.1243,
600202.SH,¹þ¿Õµ÷,2016-02-29,11.254,11.3036,10.2327,10.2327,18367318,4.7914,3956075735.04,3956075735.04,-519.261,
600202.SH,¹þ¿Õµ÷,2016-03-01,10.2526,10.5897,9.9055,10.3418,14740531,3.8453,3998243208.96,3998243208.96,-524.7957,
600202.SH,¹þ¿Õµ÷,2016-03-02,10.322,11.2044,10.2823,10.9764,22664210,5.9123,4243581239.04,4243581239.04,-556.9979,
600202.SH,¹þ¿Õµ÷,2016-03-03,11.026,11.1846,10.788,10.8475,20585384,5.37,4193746951.68,4193746951.68,-550.4568,
600202.SH,¹þ¿Õµ÷,2016-03-04,10.8078,10.8574,9.9154,10.1732,17278840,4.5074,3933075294.72,3933075294.72,-516.242,
600202.SH,¹þ¿Õµ÷,2016-03-07,10.2823,10.5897,10.2724,10.4211,11482060,2.9953,4028910462.72,4028910462.72,-528.821,
600202.SH,¹þ¿Õµ÷,2016-03-08,10.5104,10.7582,9.9948,10.7087,14904732,3.8881,4140079257.6,4140079257.6,-543.4127,
600202.SH,¹þ¿Õµ÷,2016-03-09,10.4211,10.669,10.2228,10.3914,9505943,2.4798,4017410242.56,4017410242.56,-527.3115,
600202.SH,¹þ¿Õµ÷,2016-03-10,10.4013,10.5599,10.2327,10.3121,9220761,2.4054,3986742988.8,3986742988.8,-523.2863,
600202.SH,¹þ¿Õµ÷,2016-03-11,10.2625,10.3418,10.0344,10.2922,7113121,1.8556,3979076175.36,3979076175.36,-522.2799,
600202.SH,¹þ¿Õµ÷,2016-03-14,10.4509,11.0061,10.3121,10.8078,15020346,3.9183,4178413324.8,4178413324.8,-548.4442,
600202.SH,¹þ¿Õµ÷,2016-03-15,10.8574,10.8574,10.5897,10.6194,9823466,2.5626,4105578597.12,4105578597.12,-538.8842,
600202.SH,¹þ¿Õµ÷,2016-03-16,10.7285,10.9367,10.5401,10.6095,10032325,2.6171,4101745190.4,4101745190.4,-538.381,
600202.SH,¹þ¿Õµ÷,2016-03-17,10.6393,10.9367,10.6095,10.8673,13884333,3.6219,4201413765.12,4201413765.12,-551.4632,
600202.SH,¹þ¿Õµ÷,2016-03-18,10.8871,11.6407,10.8871,11.5911,24069060,6.2788,4481252455.68,4481252455.68,-588.1938,
600202.SH,¹þ¿Õµ÷,2016-03-21,11.8985,12.2654,11.6407,11.8093,25234192,6.5827,4565587403.52,4565587403.52,-599.2634,
600202.SH,¹þ¿Õµ÷,2016-03-22,11.7002,12.0968,11.4325,11.958,18803986,4.9053,4623088504.32,4623088504.32,-606.8108,
600202.SH,¹þ¿Õµ÷,2016-03-23,11.9481,12.6521,11.7994,12.5232,21869477,5.705,4841592687.36,4841592687.36,-635.4909,
600202.SH,¹þ¿Õµ÷,2016-03-24,12.4835,13.0289,12.3249,12.662,23382055,6.0995,4895260381.44,4895260381.44,-642.5352,
600202.SH,¹þ¿Õµ÷,2016-03-25,12.662,12.662,12.662,12.662,--,--,4895260381.44,4895260381.44,-642.5352,
600202.SH,¹þ¿Õµ÷,2016-03-28,12.662,12.662,12.662,12.662,--,--,4895260381.44,4895260381.44,-642.5352,
600202.SH,¹þ¿Õµ÷,2016-03-29,12.662,12.662,12.662,12.662,--,--,4895260381.44,4895260381.44,-642.5352,
600202.SH,¹þ¿Õµ÷,2016-03-30,12.662,12.662,12.662,12.662,--,--,4895260381.44,4895260381.44,-642.5352,
600202.SH,¹þ¿Õµ÷,2016-03-31,12.662,12.662,12.662,12.662,--,--,4895260381.44,4895260381.44,-642.5352,
600202.SH,¹þ¿Õµ÷,2016-04-01,12.662,12.662,12.662,12.662,--,--,4895260381.44,4895260381.44,-642.5352,
600202.SH,¹þ¿Õµ÷,2016-04-05,12.662,12.662,12.662,12.662,--,--,4895260381.44,4895260381.44,-642.5352,
600202.SH,¹þ¿Õµ÷,2016-04-06,12.662,12.662,12.662,12.662,--,--,4895260381.44,4895260381.44,-642.5352,
600202.SH,¹þ¿Õµ÷,2016-04-07,12.662,12.662,12.662,12.662,--,--,4895260381.44,4895260381.44,-642.5352,
600202.SH,¹þ¿Õµ÷,2016-04-08,12.662,12.662,12.662,12.662,--,--,4895260381.44,4895260381.44,-642.5352,
600202.SH,¹þ¿Õµ÷,2016-04-11,12.662,12.662,12.662,12.662,--,--,4895260381.44,4895260381.44,-642.5352,
600202.SH,¹þ¿Õµ÷,2016-04-12,12.0968,12.5827,11.4027,11.5614,33393724,8.7112,4469752235.52,4469752235.52,320.4413,
600202.SH,¹þ¿Õµ÷,2016-04-13,11.6011,12.4042,11.4821,11.8589,35507401,9.2626,4584754437.12,4584754437.12,328.6859,
600202.SH,¹þ¿Õµ÷,2016-04-14,11.8688,12.0175,11.7795,11.8985,15752754,4.1093,4600088064,4600088064,329.7852,
600202.SH,¹þ¿Õµ÷,2016-04-15,11.8787,11.8886,11.6011,11.7498,16671950,4.3491,4542586963.2,4542586963.2,325.6628,
600202.SH,¹þ¿Õµ÷,2016-04-18,11.6605,11.9382,11.4821,11.7895,15679343,4.0902,4557920590.08,4557920590.08,326.7621,
600202.SH,¹þ¿Õµ÷,2016-04-19,11.7994,11.9283,11.5713,11.8093,13462207,3.5118,4565587403.52,4565587403.52,-344.4577,
600202.SH,¹þ¿Õµ÷,2016-04-20,11.7795,12.1266,10.9169,11.6407,28915406,7.543,4500419489.28,4500419489.28,-339.541,
600202.SH,¹þ¿Õµ÷,2016-04-21,11.4127,11.6804,11.1053,11.1747,12705554,3.3144,4320249373.44,4320249373.44,-325.9478,
600202.SH,¹þ¿Õµ÷,2016-04-22,11.0458,11.3234,10.9566,11.1846,7629687,1.9903,4324082780.16,4324082780.16,-326.237,
600202.SH,¹þ¿Õµ÷,2016-04-25,11.1053,11.1449,10.8574,10.9268,9790360,2.554,4224414205.44,4224414205.44,-318.7173,
600202.SH,¹þ¿Õµ÷,2016-04-26,10.9566,11.2838,10.9367,11.2639,8893246,2.3199,4354750033.92,4354750033.92,-328.5507,
600202.SH,¹þ¿Õµ÷,2016-04-27,11.3928,11.6308,11.2639,11.3036,11300138,2.9478,4370083660.8,4370083660.8,-329.7076,
600202.SH,¹þ¿Õµ÷,2016-04-28,11.2342,11.3532,10.9665,11.3036,7057713,1.8411,4370083660.8,4370083660.8,-329.7076,
600202.SH,¹þ¿Õµ÷,2016-04-29,11.254,11.3333,11.0656,11.2044,5880457,1.534,4331749593.6,4331749593.6,-326.8154,
600202.SH,¹þ¿Õµ÷,2016-05-03,11.254,11.5614,11.1648,11.5217,8010552,2.0897,4454418608.64,4454418608.64,-336.0704,
600202.SH,¹þ¿Õµ÷,2016-05-04,11.5019,11.7399,11.4325,11.6308,10413605,2.7165,4496586082.56,4496586082.56,-339.2518,
600202.SH,¹þ¿Õµ÷,2016-05-05,11.5515,11.6903,11.4027,11.6209,7684451,2.0046,4492752675.84,4492752675.84,-338.9626,
600202.SH,¹þ¿Õµ÷,2016-05-06,11.5614,11.6308,10.7979,10.8177,14272300,3.7231,4182246731.52,4182246731.52,-315.5359,
600202.SH,¹þ¿Õµ÷,2016-05-09,10.4608,10.4608,9.8758,9.9253,16219386,4.2311,3837240126.72,3837240126.72,-289.5064,
600202.SH,¹þ¿Õµ÷,2016-05-10,9.8163,10.0542,9.7964,9.9848,6630982,1.7298,3860240567.04,3860240567.04,-291.2417,
600202.SH,¹þ¿Õµ÷,2016-05-11,10.0047,10.1137,9.7469,9.846,6425979,1.6763,3806572872.96,3806572872.96,-287.1927,
600202.SH,¹þ¿Õµ÷,2016-05-12,9.6973,9.6973,9.1024,9.4494,7955148,2.0752,3653236604.16,3653236604.16,-275.624,
600202.SH,¹þ¿Õµ÷,2016-05-13,9.4197,9.5981,9.1817,9.2808,6160956,1.6072,3588068689.92,3588068689.92,-270.7073,
600202.SH,¹þ¿Õµ÷,2016-05-16,9.3304,9.5486,9.1916,9.5386,5800232,1.5131,3687737264.64,3687737264.64,-278.2269,
600202.SH,¹þ¿Õµ÷,2016-05-17,9.5684,9.5981,9.2214,9.3403,7667083,2.0001,3611069130.24,3611069130.24,-272.4426,
600202.SH,¹þ¿Õµ÷,2016-05-18,9.1321,9.1619,8.6264,8.795,11708673,3.0544,3400231760.64,3400231760.64,-256.5356,
600202.SH,¹þ¿Õµ÷,2016-05-19,8.7355,9.023,8.7355,8.7752,7656519,1.9973,3392564947.2,3392564947.2,-255.9572,
600202.SH,¹þ¿Õµ÷,2016-05-20,8.7058,8.9834,8.5868,8.9735,5975449,1.5588,3469233081.6,3469233081.6,-261.7415,
600202.SH,¹þ¿Õµ÷,2016-05-23,8.9933,9.1817,8.9933,9.1024,7126552,1.8591,3519067368.96,3519067368.96,-265.5014,
600202.SH,¹þ¿Õµ÷,2016-05-24,9.0726,9.261,9.0131,9.0726,6112257,1.5945,3507567148.8,3507567148.8,-264.6337,
600202.SH,¹þ¿Õµ÷,2016-05-25,9.1718,9.1817,8.8743,8.9536,6102098,1.5918,3461566268.16,3461566268.16,-261.1631,
600202.SH,¹þ¿Õµ÷,2016-05-26,8.8446,9.1123,8.676,9.0925,7042575,1.8372,3515233962.24,3515233962.24,-265.2122,
600202.SH,¹þ¿Õµ÷,2016-05-27,9.0429,9.0726,8.9239,8.9536,5529202,1.4424,3461566268.16,3461566268.16,-261.1631,
600202.SH,¹þ¿Õµ÷,2016-05-30,8.8347,9.0726,8.7553,8.9735,3239551,0.8451,3469233081.6,3469233081.6,-261.7415,
600202.SH,¹þ¿Õµ÷,2016-05-31,9.0032,9.7964,8.8446,9.7469,13934182,3.6349,3768238805.76,3768238805.76,-284.3005,
600202.SH,¹þ¿Õµ÷,2016-06-01,9.6973,9.8758,9.5981,9.8559,10101505,2.6351,3810406279.68,3810406279.68,-287.4819,
600202.SH,¹þ¿Õµ÷,2016-06-02,9.7766,10.1832,9.7667,10.1633,13021325,3.3968,3929241888,3929241888,-296.4476,
600202.SH,¹þ¿Õµ÷,2016-06-03,10.1931,10.2625,9.9452,10.2426,10828257,2.8247,3959909141.76,3959909141.76,-298.7614,
600202.SH,¹þ¿Õµ÷,2016-06-06,10.2129,10.669,10.2129,10.6194,15182535,3.9606,4105578597.12,4105578597.12,-309.7516,
600202.SH,¹þ¿Õµ÷,2016-06-07,10.6095,10.8376,10.3914,10.8177,15385203,4.0135,4182246731.52,4182246731.52,-315.5359,
600202.SH,¹þ¿Õµ÷,2016-06-08,10.7483,10.907,10.4509,10.4806,13573890,3.5409,4051910903.04,4051910903.04,-305.7026,
600202.SH,¹þ¿Õµ÷,2016-06-13,10.322,10.3616,9.5386,9.5684,13678915,3.5683,3699237484.8,3699237484.8,-279.0946,
600202.SH,¹þ¿Õµ÷,2016-06-14,9.499,9.8064,9.4197,9.7072,8690360,2.267,3752905178.88,3752905178.88,-283.1436,
600202.SH,¹þ¿Õµ÷,2016-06-15,9.5882,10.1633,9.4692,10.1237,12710427,3.3157,3913908261.12,3913908261.12,-295.2907,
600202.SH,¹þ¿Õµ÷,2016-06-16,10.0741,10.431,10.0146,10.2724,10075792,2.6284,3971409361.92,3971409361.92,-299.629,
600202.SH,¹þ¿Õµ÷,2016-06-17,10.2724,10.3517,9.8659,10.084,10252068,2.6744,3898574634.24,3898574634.24,-294.1339,
600202.SH,¹þ¿Õµ÷,2016-06-20,9.7865,10.0443,9.6576,9.9253,7495069,1.9552,3837240126.72,3837240126.72,-289.5064,
600202.SH,¹þ¿Õµ÷,2016-06-21,9.9253,10.1534,9.7171,9.8659,6954242,1.8141,3814239686.4,3814239686.4,-287.7711,
600202.SH,¹þ¿Õµ÷,2016-06-22,9.8163,10.0047,9.618,9.965,5922724,1.545,3852573753.6,3852573753.6,-290.6633,
600202.SH,¹þ¿Õµ÷,2016-06-23,9.9154,9.965,9.8163,9.9055,4892406,1.2763,3829573313.28,3829573313.28,-288.928,
600202.SH,¹þ¿Õµ÷,2016-06-24,9.9055,9.9452,9.4197,9.7865,6044105,1.5767,3783572432.64,3783572432.64,-285.4574,
600202.SH,¹þ¿Õµ÷,2016-06-27,9.6279,10.0443,9.618,10.0245,5755196,1.5013,3875574193.92,3875574193.92,-292.3986,
600202.SH,¹þ¿Õµ÷,2016-06-28,9.9353,10.2426,9.8361,10.203,7560989,1.9724,3944575514.88,3944575514.88,-297.6045,
600202.SH,¹þ¿Õµ÷,2016-06-29,10.1534,10.2724,10.0344,10.2129,6072629,1.5841,3948408921.6,3948408921.6,-297.8937,
600202.SH,¹þ¿Õµ÷,2016-06-30,10.1732,10.2724,10.084,10.2228,7392587,1.9285,3952242328.32,3952242328.32,-298.1829,
600202.SH,¹þ¿Õµ÷,2016-07-01,10.2228,10.4905,10.1633,10.2823,7503198,1.9573,3975242768.64,3975242768.64,-299.9182,
600202.SH,¹þ¿Õµ÷,2016-07-04,10.1832,10.5401,10.1237,10.441,7953828,2.0749,4036577276.16,4036577276.16,-304.5457,
600202.SH,¹þ¿Õµ÷,2016-07-05,10.4707,10.8376,10.4707,10.6492,10366474,2.7042,4117078817.28,4117078817.28,-310.6193,
600202.SH,¹þ¿Õµ÷,2016-07-06,10.6988,10.7781,10.4806,10.7483,6240339,1.6279,4155412884.48,4155412884.48,-313.5114,
600202.SH,¹þ¿Õµ÷,2016-07-07,10.6591,10.788,10.4905,10.5401,6532405,1.7041,4074911343.36,4074911343.36,-307.4379,
600202.SH,¹þ¿Õµ÷,2016-07-08,10.4608,10.5599,10.3815,10.441,4380737,1.1428,4036577276.16,4036577276.16,-304.5457,
600202.SH,¹þ¿Õµ÷,2016-07-11,10.441,10.5203,10.2526,10.4013,7017451,1.8306,4021243649.28,4021243649.28,-303.3888,
600202.SH,¹þ¿Õµ÷,2016-07-12,10.3815,10.4211,10.1237,10.4013,5247029,1.3688,4021243649.28,4021243649.28,-303.3888,
600202.SH,¹þ¿Õµ÷,2016-07-13,10.3914,10.7483,10.2129,10.7186,7968914,2.0788,4143912664.32,4143912664.32,-312.6438,
600202.SH,¹þ¿Õµ÷,2016-07-14,10.669,10.7087,10.4608,10.5401,5625856,1.4676,4074911343.36,4074911343.36,-307.4379,
600202.SH,¹þ¿Õµ÷,2016-07-15,10.5302,10.8971,10.4707,10.8475,11624672,3.0325,4193746951.68,4193746951.68,-316.4036,
600202.SH,¹þ¿Õµ÷,2016-07-18,10.8871,10.9268,10.4806,10.5004,6787426,1.7706,4059577716.48,4059577716.48,-306.281,
600202.SH,¹þ¿Õµ÷,2016-07-19,10.4608,10.6988,10.4112,10.6095,3641616,0.95,4101745190.4,4101745190.4,-309.4624,
600202.SH,¹þ¿Õµ÷,2016-07-20,10.5996,10.8277,10.4707,10.6492,5515444,1.4388,4117078817.28,4117078817.28,-310.6193,
600202.SH,¹þ¿Õµ÷,2016-07-21,10.6492,10.9665,10.5699,10.8277,8631805,2.2517,4186080138.24,4186080138.24,-315.8252,
600202.SH,¹þ¿Õµ÷,2016-07-22,10.7483,10.8277,10.5302,10.5897,5084719,1.3264,4094078376.96,4094078376.96,-308.8839,
600202.SH,¹þ¿Õµ÷,2016-07-25,10.4806,10.7285,10.4608,10.6293,6849559,1.7868,4109412003.84,4109412003.84,-310.0408,
600202.SH,¹þ¿Õµ÷,2016-07-26,10.6095,10.7384,10.5401,10.7285,5289762,1.3799,4147746071.04,4147746071.04,-312.933,
600202.SH,¹þ¿Õµ÷,2016-07-27,10.7087,10.7979,9.9253,10.2526,8748888,2.2823,3963742548.48,3963742548.48,-299.0506,
600202.SH,¹þ¿Õµ÷,2016-07-28,10.2526,10.3418,9.9452,10.0542,4375854,1.1415,3887074414.08,3887074414.08,-293.2662,
600202.SH,¹þ¿Õµ÷,2016-07-29,10.084,10.3914,10.0146,10.1732,4666586,1.2173,3933075294.72,3933075294.72,-296.7368,
600202.SH,¹þ¿Õµ÷,2016-08-01,10.1137,10.1137,9.6973,9.8361,3640271,0.9496,3802739466.24,3802739466.24,-286.9034,
600202.SH,¹þ¿Õµ÷,2016-08-02,9.846,9.965,9.7865,9.9055,1664780,0.4343,3829573313.28,3829573313.28,-288.928,
600202.SH,¹þ¿Õµ÷,2016-08-03,9.9055,10.084,9.8361,9.9848,7270646,1.8967,3860240567.04,3860240567.04,-291.2417,
600202.SH,¹þ¿Õµ÷,2016-08-04,10.0939,10.5599,10.0939,10.2823,7573854,1.9758,3975242768.64,3975242768.64,-299.9182,
600202.SH,¹þ¿Õµ÷,2016-08-05,10.1732,10.2823,10.0642,10.0939,3825416,0.9979,3902408040.96,3902408040.96,-294.4231,
600202.SH,¹þ¿Õµ÷,2016-08-08,9.9154,10.203,9.8163,10.1336,4427588,1.155,3917741667.84,3917741667.84,-295.58,
600202.SH,¹þ¿Õµ÷,2016-08-09,10.1435,10.2129,10.0245,10.1832,3194539,0.8333,3936908701.44,3936908701.44,-297.0261,
600202.SH,¹þ¿Õµ÷,2016-08-10,10.1732,10.441,10.1237,10.3517,6528728,1.7031,4002076615.68,4002076615.68,-301.9427,
600202.SH,¹þ¿Õµ÷,2016-08-11,10.3121,10.3517,10.0344,10.0344,3677894,0.9594,3879407600.64,3879407600.64,-292.6878,
600202.SH,¹þ¿Õµ÷,2016-08-12,10.0344,10.1633,9.9848,10.1038,2632800,0.6868,3906241447.68,3906241447.68,-294.7123,
600202.SH,¹þ¿Õµ÷,2016-08-15,10.084,10.2129,9.965,10.1732,7832256,2.0432,3933075294.72,3933075294.72,-296.7368,
600202.SH,¹þ¿Õµ÷,2016-08-16,10.1237,10.3418,10.1237,10.2228,6111508,1.5943,3952242328.32,3952242328.32,-298.1829,
600202.SH,¹þ¿Õµ÷,2016-08-17,10.2823,11.135,10.1633,10.8772,21857065,5.7017,4205247171.84,4205247171.84,-317.2712,
600202.SH,¹þ¿Õµ÷,2016-08-18,10.7186,10.8475,10.5897,10.7483,9520118,2.4835,4155412884.48,4155412884.48,-313.5114,
600202.SH,¹þ¿Õµ÷,2016-08-19,10.6492,10.7979,10.5996,10.6888,7207415,1.8802,4132412444.16,4132412444.16,-311.7761,
600202.SH,¹þ¿Õµ÷,2016-08-22,10.7582,10.7682,10.3616,10.3815,5009900,1.3069,4013576835.84,4013576835.84,-302.8104,
600202.SH,¹þ¿Õµ÷,2016-08-23,10.3815,10.6095,10.2823,10.4707,5906036,1.5407,4048077496.32,4048077496.32,-305.4134,
600202.SH,¹þ¿Õµ÷,2016-08-24,10.4707,10.7682,10.3616,10.4608,5247051,1.3688,4044244089.6,4044244089.6,-305.1241,
600202.SH,¹þ¿Õµ÷,2016-08-25,10.3914,10.4608,10.1633,10.3914,3797102,0.9905,4017410242.56,4017410242.56,-303.0996,
600202.SH,¹þ¿Õµ÷,2016-08-26,10.431,10.4905,10.3517,10.3815,3584193,0.935,4013576835.84,4013576835.84,-302.8104,
600202.SH,¹þ¿Õµ÷,2016-08-29,10.3616,10.5203,10.2129,10.3815,4297951,1.1212,4013576835.84,4013576835.84,-302.8104,
600202.SH,¹þ¿Õµ÷,2016-08-30,10.3815,10.7582,10.3815,10.5699,8443316,2.2026,4086411563.52,4086411563.52,-121.2986,
600202.SH,¹þ¿Õµ÷,2016-08-31,10.5798,10.6492,10.4211,10.5897,4087165,1.0662,4094078376.96,4094078376.96,-121.5261,
600202.SH,¹þ¿Õµ÷,2016-09-01,10.5798,10.5996,10.4608,10.5004,4393602,1.1461,4059577716.48,4059577716.48,-120.502,
600202.SH,¹þ¿Õµ÷,2016-09-02,10.5004,10.5104,10.3121,10.3517,3943105,1.0286,4002076615.68,4002076615.68,-118.7952,
600202.SH,¹þ¿Õµ÷,2016-09-05,10.4112,10.431,10.2426,10.3021,4246752,1.1078,3982909582.08,3982909582.08,-118.2263,
600202.SH,¹þ¿Õµ÷,2016-09-06,10.2625,10.4211,10.203,10.4112,4563812,1.1905,4025077056,4025077056,-119.4779,
600202.SH,¹þ¿Õµ÷,2016-09-07,10.4608,10.6194,10.4608,10.5699,8964997,2.3387,4086411563.52,4086411563.52,-121.2986,
600202.SH,¹þ¿Õµ÷,2016-09-08,10.4905,10.7582,10.4905,10.6194,7030306,1.834,4105578597.12,4105578597.12,-121.8675,
600202.SH,¹þ¿Õµ÷,2016-09-09,10.6393,11.0458,10.5599,10.8673,12554100,3.2749,4201413765.12,4201413765.12,-124.7122,
600202.SH,¹þ¿Õµ÷,2016-09-12,10.6988,10.788,10.5798,10.6095,9600840,2.5045,4101745190.4,4101745190.4,-121.7537,
600202.SH,¹þ¿Õµ÷,2016-09-13,10.6888,11.1846,10.6591,10.9169,15658024,4.0846,4220580798.72,4220580798.72,-125.2812,
600202.SH,¹þ¿Õµ÷,2016-09-14,10.8574,11.1053,10.8277,11.0359,11023695,2.8757,4266581679.36,4266581679.36,-126.6466,
600202.SH,¹þ¿Õµ÷,2016-09-19,11.026,11.5515,11.0061,11.4722,17919969,4.6747,4435251575.04,4435251575.04,-131.6533,
600202.SH,¹þ¿Õµ÷,2016-09-20,11.3333,11.492,11.2441,11.4523,9495248,2.477,4427584761.6,4427584761.6,-131.4257,
600202.SH,¹þ¿Õµ÷,2016-09-21,11.4722,11.5515,11.3631,11.4127,6373405,1.6626,4412251134.72,4412251134.72,-130.9706,
600202.SH,¹þ¿Õµ÷,2016-09-22,11.4027,11.5416,11.3829,11.4523,6086058,1.5876,4427584761.6,4427584761.6,-131.4257,
600202.SH,¹þ¿Õµ÷,2016-09-23,11.4523,11.6506,11.3433,11.4127,8207140,2.141,4412251134.72,4412251134.72,-130.9706,
600202.SH,¹þ¿Õµ÷,2016-09-26,11.3036,11.373,10.8673,10.8971,7338269,1.9143,4212913985.28,4212913985.28,-125.0536,
600202.SH,¹þ¿Õµ÷,2016-09-27,10.8376,11.1251,10.8376,11.0755,5709552,1.4894,4281915306.24,4281915306.24,-127.1018,
600202.SH,¹þ¿Õµ÷,2016-09-28,11.0855,11.135,10.907,11.0656,4976975,1.2983,4278081899.52,4278081899.52,-126.988,
600202.SH,¹þ¿Õµ÷,2016-09-29,11.0656,11.2342,11.0656,11.1549,4606399,1.2016,4312582560,4312582560,-128.0121,
600202.SH,¹þ¿Õµ÷,2016-09-30,11.1549,11.7002,11.0954,11.6804,11360777,2.9636,4515753116.16,4515753116.16,-134.0429,
600202.SH,¹þ¿Õµ÷,2016-10-10,11.6804,11.9878,11.5614,11.958,11472990,2.9929,4623088504.32,4623088504.32,-137.2289,
600202.SH,¹þ¿Õµ÷,2016-10-11,11.8489,11.9878,11.73,11.8093,8081114,2.1081,4565587403.52,4565587403.52,-135.5221,
600202.SH,¹þ¿Õµ÷,2016-10-12,11.7002,11.9778,11.611,11.7101,7240195,1.8887,4527253336.32,4527253336.32,-134.3842,
600202.SH,¹þ¿Õµ÷,2016-10-13,11.6804,11.7994,11.5019,11.72,6326690,1.6504,4531086743.04,4531086743.04,-134.498,
600202.SH,¹þ¿Õµ÷,2016-10-14,11.7002,11.7795,11.5217,11.7498,4732811,1.2346,4542586963.2,4542586963.2,-134.8394,
600202.SH,¹þ¿Õµ÷,2016-10-17,11.7498,11.7597,11.1648,11.3036,9358100,2.4412,4370083660.8,4370083660.8,-129.7189,
600202.SH,¹þ¿Õµ÷,2016-10-18,11.3036,11.5812,11.2144,11.492,5697706,1.4863,4442918388.48,4442918388.48,-131.8809,
600202.SH,¹þ¿Õµ÷,2016-10-19,11.6705,11.7795,11.5416,11.7101,7976056,2.0807,4527253336.32,4527253336.32,-134.3842,
600202.SH,¹þ¿Õµ÷,2016-10-20,11.7002,11.7002,11.4722,11.5614,4818603,1.257,4469752235.52,4469752235.52,-132.6774,
600202.SH,¹þ¿Õµ÷,2016-10-21,11.5515,11.6804,11.3532,11.4821,5086815,1.327,4439084981.76,4439084981.76,-131.7671,
600202.SH,¹þ¿Õµ÷,2016-10-24,11.5316,12.6323,11.4821,12.6223,19121524,4.9881,4879926754.56,4879926754.56,-144.8528,
600202.SH,¹þ¿Õµ÷,2016-10-25,12.3943,12.8008,12.2456,12.6124,21969892,5.7312,4876093347.84,4876093347.84,-144.739,
600202.SH,¹þ¿Õµ÷,2016-10-26,12.5133,12.5529,12.1464,12.2059,9563152,2.4947,4718923672.32,4718923672.32,-140.0737,
600202.SH,¹þ¿Õµ÷,2016-10-27,12.2059,12.424,12.1861,12.2257,6026973,1.5722,4726590485.76,4726590485.76,-140.3012,
600202.SH,¹þ¿Õµ÷,2016-10-28,12.2158,12.315,12.0175,12.1266,6287487,1.6402,4688256418.56,4688256418.56,-139.1633,
600202.SH,¹þ¿Õµ÷,2016-10-31,12.0572,12.2158,11.8489,12.0572,6173539,1.6105,4661422571.52,4661422571.52,-106.5812,
600202.SH,¹þ¿Õµ÷,2016-11-01,12.077,12.7612,11.958,12.4439,10555537,2.7536,4810925433.6,4810925433.6,-109.9995,
600202.SH,¹þ¿Õµ÷,2016-11-02,12.6422,12.662,12.3348,12.3943,8474681,2.2107,4791758400,4791758400,-109.5612,
600202.SH,¹þ¿Õµ÷,2016-11-03,12.196,12.7711,12.0968,12.5034,9768131,2.5482,4833925873.92,4833925873.92,-110.5254,
600202.SH,¹þ¿Õµ÷,2016-11-04,12.3943,12.5827,12.1365,12.3249,6691793,1.7457,4764924552.96,4764924552.96,-108.9477,
600202.SH,¹þ¿Õµ÷,2016-11-07,12.2753,12.5331,12.1563,12.315,5676898,1.4809,4761091146.24,4761091146.24,-108.86,
600202.SH,¹þ¿Õµ÷,2016-11-08,12.3546,12.781,12.3546,12.4736,7183630,1.874,4822425653.76,4822425653.76,-110.2624,
600202.SH,¹þ¿Õµ÷,2016-11-09,12.4835,12.5331,12.0968,12.5034,7271842,1.897,4833925873.92,4833925873.92,-110.5254,
600202.SH,¹þ¿Õµ÷,2016-11-10,12.5728,12.9396,12.434,12.8207,12668318,3.3047,4956594888.96,4956594888.96,-113.3301,
600202.SH,¹þ¿Õµ÷,2016-11-11,12.8107,13.1776,12.6818,12.8008,10939863,2.8538,4948928075.52,4948928075.52,-113.1548,
600202.SH,¹þ¿Õµ÷,2016-11-14,12.7017,12.9396,12.6719,12.7512,6702577,1.7485,4929761041.92,4929761041.92,-112.7166,
600202.SH,¹þ¿Õµ÷,2016-11-15,12.7413,12.7711,12.5133,12.6918,4719233,1.2311,4906760601.6,4906760601.6,-112.1907,
600202.SH,¹þ¿Õµ÷,2016-11-16,12.6025,12.7413,12.5728,12.5926,4782156,1.2475,4868426534.4,4868426534.4,-111.3142,
600202.SH,¹þ¿Õµ÷,2016-11-17,12.7512,12.8702,12.5529,12.7413,8614162,2.2471,4925927635.2,4925927635.2,-112.6289,
600202.SH,¹þ¿Õµ÷,2016-11-18,12.6719,12.7314,12.4439,12.5529,6072478,1.5841,4853092907.52,4853092907.52,-110.9636,
600202.SH,¹þ¿Õµ÷,2016-11-21,12.5529,12.662,12.2654,12.2753,7461608,1.9465,4745757519.36,4745757519.36,-108.5094,
600202.SH,¹þ¿Õµ÷,2016-11-22,12.3546,12.4835,12.2555,12.4141,5137964,1.3403,4799425213.44,4799425213.44,-109.7365,
600202.SH,¹þ¿Õµ÷,2016-11-23,12.3943,12.5331,11.9679,12.0076,11342220,2.9588,4642255537.92,4642255537.92,-106.1429,
600202.SH,¹þ¿Õµ÷,2016-11-24,11.8985,12.1762,11.8985,12.0076,5686939,1.4835,4642255537.92,4642255537.92,-106.1429,
600202.SH,¹þ¿Õµ÷,2016-11-25,12.0175,12.2852,11.7101,12.1662,7316149,1.9085,4703590045.44,4703590045.44,-107.5453,
600202.SH,¹þ¿Õµ÷,2016-11-28,12.2555,12.2852,12.0373,12.0968,3870833,1.0098,4676756198.4,4676756198.4,-106.9317,
600202.SH,¹þ¿Õµ÷,2016-11-29,12.1365,12.2555,11.8291,11.9283,4426924,1.1548,4611588284.16,4611588284.16,-105.4417,
600202.SH,¹þ¿Õµ÷,2016-11-30,11.9778,11.9778,11.5515,11.6407,6043956,1.5767,4500419489.28,4500419489.28,-102.8999,
600202.SH,¹þ¿Õµ÷,2016-12-01,11.6506,11.8192,11.5911,11.6705,4137575,1.0793,4511919709.44,4511919709.44,-103.1628,
600202.SH,¹þ¿Õµ÷,2016-12-02,11.7101,11.8688,11.5713,11.6903,4510908,1.1767,4519586522.88,4519586522.88,-103.3381,
600202.SH,¹þ¿Õµ÷,2016-12-05,11.5217,11.6705,11.2937,11.3928,4131605,1.0778,4404584321.28,4404584321.28,-100.7087,
600202.SH,¹þ¿Õµ÷,2016-12-06,11.373,11.8489,11.373,11.7399,6203139,1.6182,4538753556.48,4538753556.48,-103.7764,
600202.SH,¹þ¿Õµ÷,2016-12-07,11.7002,11.7399,11.5812,11.6605,3701808,0.9657,4508086302.72,4508086302.72,-103.0752,
600202.SH,¹þ¿Õµ÷,2016-12-08,11.7498,12.0671,11.6506,11.9481,6085262,1.5874,4619255097.6,4619255097.6,-105.617,
600202.SH,¹þ¿Õµ÷,2016-12-09,11.8886,11.9481,11.7597,11.8688,3772608,0.9841,4588587843.84,4588587843.84,-104.9158,
600202.SH,¹þ¿Õµ÷,2016-12-12,11.8489,11.8787,10.9566,11.1053,6505306,1.697,4293415526.4,4293415526.4,-98.1669,
600202.SH,¹þ¿Õµ÷,2016-12-13,10.9863,11.2738,10.8871,11.2342,4742826,1.2372,4343249813.76,4343249813.76,-99.3063,
600202.SH,¹þ¿Õµ÷,2016-12-14,11.1648,11.6605,11.1648,11.4027,5445328,1.4205,4408417728,4408417728,-100.7963,
600202.SH,¹þ¿Õµ÷,2016-12-15,11.3333,11.6605,11.3333,11.4523,4061024,1.0594,4427584761.6,4427584761.6,-101.2346,
600202.SH,¹þ¿Õµ÷,2016-12-16,11.4523,11.5614,11.373,11.4027,2916040,0.7607,4408417728,4408417728,-100.7963,
600202.SH,¹þ¿Õµ÷,2016-12-19,11.4027,11.7002,11.4027,11.5118,4146816,1.0818,4450585201.92,4450585201.92,-101.7605,
600202.SH,¹þ¿Õµ÷,2016-12-20,11.4523,11.6605,11.4523,11.5316,3408335,0.8891,4458252015.36,4458252015.36,-101.9358,
600202.SH,¹þ¿Õµ÷,2016-12-21,11.5316,11.6407,11.2441,11.3928,6592669,1.7198,4404584321.28,4404584321.28,-100.7087,
600202.SH,¹þ¿Õµ÷,2016-12-22,11.4226,11.4226,11.1747,11.2441,3661460,0.9551,4347083220.48,4347083220.48,-99.3939,
600202.SH,¹þ¿Õµ÷,2016-12-23,11.2738,11.3433,11.1053,11.135,3717076,0.9697,4304915746.56,4304915746.56,-98.4298,
600202.SH,¹þ¿Õµ÷,2016-12-26,11.135,11.135,10.7087,10.9764,8266760,2.1565,4243581239.04,4243581239.04,-97.0274,
600202.SH,¹þ¿Õµ÷,2016-12-27,10.9169,11.1053,10.907,11.0061,3650327,0.9522,4255081459.2,4255081459.2,-97.2904,
600202.SH,¹þ¿Õµ÷,2016-12-28,11.0656,11.0855,10.8277,10.9367,4916912,1.2826,4228247612.16,4228247612.16,-96.6768,
600202.SH,¹þ¿Õµ÷,2016-12-29,10.907,11.7795,10.8475,11.4622,12237356,3.1923,4431418168.32,4431418168.32,-101.3222,
600202.SH,¹þ¿Õµ÷,2016-12-30,11.6011,12.4736,11.4821,11.9977,17758221,4.6325,4638422131.2,4638422131.2,-106.0553,
600202.SH,¹þ¿Õµ÷,2017-01-03,11.9977,11.9977,11.9977,11.9977,--,--,4638422131.2,4638422131.2,-106.0553,
600202.SH,¹þ¿Õµ÷,2017-01-04,11.9977,11.9977,11.9977,11.9977,--,--,4638422131.2,4638422131.2,-106.0553,
600202.SH,¹þ¿Õµ÷,2017-01-05,11.9977,11.9977,11.9977,11.9977,--,--,4638422131.2,4638422131.2,-106.0553,
600202.SH,¹þ¿Õµ÷,2017-01-06,11.9977,11.9977,11.9977,11.9977,--,--,4638422131.2,4638422131.2,-106.0553,
600202.SH,¹þ¿Õµ÷,2017-01-09,11.9977,11.9977,11.9977,11.9977,--,--,4638422131.2,4638422131.2,-106.0553,
600202.SH,¹þ¿Õµ÷,2017-01-10,11.9977,11.9977,11.9977,11.9977,--,--,4638422131.2,4638422131.2,-106.0553,
600202.SH,¹þ¿Õµ÷,2017-01-11,11.9977,11.9977,11.9977,11.9977,--,--,4638422131.2,4638422131.2,-106.0553,
600202.SH,¹þ¿Õµ÷,2017-01-12,11.9977,11.9977,11.9977,11.9977,--,--,4638422131.2,4638422131.2,-106.0553,
600202.SH,¹þ¿Õµ÷,2017-01-13,11.9977,11.9977,11.9977,11.9977,--,--,4638422131.2,4638422131.2,-106.0553,
600202.SH,¹þ¿Õµ÷,2017-01-16,11.9977,11.9977,11.9977,11.9977,--,--,4638422131.2,4638422131.2,-106.0553,
600202.SH,¹þ¿Õµ÷,2017-01-17,11.9977,11.9977,11.9977,11.9977,--,--,4638422131.2,4638422131.2,-106.0553,
600202.SH,¹þ¿Õµ÷,2017-01-18,11.9977,12.8901,11.6308,12.1067,37497533,9.7818,4680589605.12,4680589605.12,-107.0194,
600202.SH,¹þ¿Õµ÷,2017-01-19,11.72,11.7895,10.907,11.016,22976806,5.9938,4258914865.92,4258914865.92,-97.378,
600202.SH,¹þ¿Õµ÷,2017-01-20,10.6888,11.2937,10.4806,11.0458,16929707,4.4164,4270415086.08,4270415086.08,-97.641,
600202.SH,¹þ¿Õµ÷,2017-01-23,10.907,12.1464,10.907,12.1464,15043475,3.9243,4695923232,4695923232,-107.37,
600202.SH,¹þ¿Õµ÷,2017-01-24,12.196,12.6818,11.9283,12.2753,27619726,7.205,4745757519.36,4745757519.36,-108.5094,
600202.SH,¹þ¿Õµ÷,2017-01-25,12.077,12.3447,11.7002,12.0869,17786485,4.6399,4672922791.68,4672922791.68,-106.8441,
600202.SH,¹þ¿Õµ÷,2017-01-26,12.1266,12.5827,12.0274,12.1067,15536368,4.0529,4680589605.12,4680589605.12,-107.0194,
600202.SH,¹þ¿Õµ÷,2017-02-03,12.196,12.6818,11.8688,12.5034,21493285,5.6068,4833925873.92,4833925873.92,-110.5254,
600202.SH,¹þ¿Õµ÷,2017-02-06,12.4736,12.6323,12.0968,12.5232,14325085,3.7369,4841592687.36,4841592687.36,-110.7007,
600202.SH,¹þ¿Õµ÷,2017-02-07,12.3943,12.8901,12.1563,12.8306,22429500,5.8511,4960428295.68,4960428295.68,-113.4178,
600202.SH,¹þ¿Õµ÷,2017-02-08,12.6124,12.781,12.5232,12.5827,13292219,3.4675,4864593127.68,4864593127.68,-111.2265,
600202.SH,¹þ¿Õµ÷,2017-02-09,12.5331,13.2768,12.4934,12.8504,23732885,6.1911,4968095109.12,4968095109.12,-113.5931,
600202.SH,¹þ¿Õµ÷,2017-02-10,12.7215,13.6436,12.662,13.2272,25704792,6.7055,5113764564.48,5113764564.48,-116.9237,
600202.SH,¹þ¿Õµ÷,2017-02-13,13.1875,13.9708,13.0289,13.2966,24420940,6.3706,5140598411.52,5140598411.52,-117.5373,
600202.SH,¹þ¿Õµ÷,2017-02-14,13.1875,13.4057,12.9198,13.0289,14978427,3.9073,5037096430.08,5037096430.08,-115.1708,
600202.SH,¹þ¿Õµ÷,2017-02-15,12.9496,13.3561,12.9496,13.2569,13806905,3.6017,5125264784.64,5125264784.64,-117.1867,
600202.SH,¹þ¿Õµ÷,2017-02-16,13.1082,13.366,12.9694,13.009,12410772,3.2375,5029429616.64,5029429616.64,-114.9955,
600202.SH,¹þ¿Õµ÷,2017-02-17,13.009,13.1082,12.1464,12.3645,21908385,5.7151,4780258179.84,4780258179.84,-109.2983,
600202.SH,¹þ¿Õµ÷,2017-02-20,12.6918,12.9892,12.4439,12.7116,14341764,3.7413,4914427415.04,4914427415.04,-112.366,
600202.SH,¹þ¿Õµ÷,2017-02-21,12.6422,13.1776,12.5827,13.128,15049049,3.9258,5075430497.28,5075430497.28,-116.0472,
600202.SH,¹þ¿Õµ÷,2017-02-22,13.0685,13.7428,13.009,13.5346,19270850,5.0271,5232600172.8,5232600172.8,-119.6408,
600202.SH,¹þ¿Õµ÷,2017-02-23,13.4156,13.7825,13.3164,13.5247,13343222,3.4808,5228766766.08,5228766766.08,-119.5532,
600202.SH,¹þ¿Õµ÷,2017-02-24,13.4057,13.6635,13.3363,13.4652,7583103,1.9782,5205766325.76,5205766325.76,-119.0273,
600202.SH,¹þ¿Õµ÷,2017-02-27,13.4354,13.4354,12.9496,13.2371,11501994,3.0005,5117597971.2,5117597971.2,-117.0114,
600202.SH,¹þ¿Õµ÷,2017-02-28,13.2768,13.3561,13.0388,13.2768,7130550,1.8601,5132931598.08,5132931598.08,-117.362,
600202.SH,¹þ¿Õµ÷,2017-03-01,13.2867,13.3561,13.1379,13.2173,8562146,2.2336,5109931157.76,5109931157.76,-116.8361,
600202.SH,¹þ¿Õµ÷,2017-03-02,13.1875,13.3759,13.0487,13.2272,11657833,3.0411,5113764564.48,5113764564.48,-116.9237,
600202.SH,¹þ¿Õµ÷,2017-03-03,13.1578,13.3065,12.9198,13.2768,8279607,2.1599,5132931598.08,5132931598.08,-117.362,
600202.SH,¹þ¿Õµ÷,2017-03-06,13.2272,13.4552,13.1875,13.2173,8038121,2.0969,5109931157.76,5109931157.76,-116.8361,
600202.SH,¹þ¿Õµ÷,2017-03-07,13.1875,13.7329,13.1875,13.5346,20762195,5.4161,5232600172.8,5232600172.8,-119.6408,
600202.SH,¹þ¿Õµ÷,2017-03-08,13.3858,13.6436,13.3263,13.3858,8881929,2.317,5175099072,5175099072,-118.3261,
600202.SH,¹þ¿Õµ÷,2017-03-09,13.2966,13.3759,12.9694,13.1082,9142185,2.3849,5067763683.84,5067763683.84,-115.8719,
600202.SH,¹þ¿Õµ÷,2017-03-10,13.0983,13.1776,12.781,12.8008,7514058,1.9602,4948928075.52,4948928075.52,-113.1548,
600202.SH,¹þ¿Õµ÷,2017-03-13,12.8107,13.009,12.6124,12.9396,6500405,1.6957,5002595769.6,5002595769.6,-114.3819,
600202.SH,¹þ¿Õµ÷,2017-03-14,12.9198,13.128,12.8603,12.9396,5506308,1.4364,5002595769.6,5002595769.6,-114.3819,
600202.SH,¹þ¿Õµ÷,2017-03-15,12.8603,13.1677,12.8603,12.9694,7692029,2.0066,5014095989.76,5014095989.76,-114.6449,
600202.SH,¹þ¿Õµ÷,2017-03-16,12.9892,13.3363,12.9892,13.3263,8749706,2.2825,5152098631.68,5152098631.68,-117.8002,
600202.SH,¹þ¿Õµ÷,2017-03-17,13.3164,13.6932,13.2867,13.6833,16375643,4.2718,5290101273.6,5290101273.6,-120.9556,
600202.SH,¹þ¿Õµ÷,2017-03-20,13.7329,14.9326,13.7031,14.5559,24177001,6.3069,5627441064.96,5627441064.96,-128.6687,
600202.SH,¹þ¿Õµ÷,2017-03-21,14.4666,14.7542,14.3278,14.417,14731759,3.843,5573773370.88,5573773370.88,-127.4416,
600202.SH,¹þ¿Õµ÷,2017-03-22,14.3774,14.8632,14.3476,14.5856,12171645,3.1752,5638941285.12,5638941285.12,-128.9316,
600202.SH,¹þ¿Õµ÷,2017-03-23,14.6848,14.7343,14.3873,14.6054,9638982,2.5145,5646608098.56,5646608098.56,-129.1069,
600202.SH,¹þ¿Õµ÷,2017-03-24,14.655,15.2301,14.6253,14.9128,12417234,3.2392,5765443706.88,5765443706.88,-131.8241,
600202.SH,¹þ¿Õµ÷,2017-03-27,15.0219,15.2202,14.4765,14.6848,10726578,2.7982,5677275352.32,5677275352.32,-129.8081,
600202.SH,¹þ¿Õµ÷,2017-03-28,14.5955,15.0715,14.2286,14.3575,11802925,3.079,5550772930.56,5550772930.56,-126.9157,
600202.SH,¹þ¿Õµ÷,2017-03-29,14.2485,14.6153,14.2286,14.4468,7838864,2.0449,5585273591.04,5585273591.04,-127.7046,
600202.SH,¹þ¿Õµ÷,2017-03-30,14.4071,14.536,13.832,14.0006,11464006,2.9906,5412770288.64,5412770288.64,-123.7604,
600202.SH,¹þ¿Õµ÷,2017-03-31,14.0105,14.6649,14.0105,14.5559,10780527,2.8123,5627441064.96,5627441064.96,-128.6687,
600202.SH,¹þ¿Õµ÷,2017-04-05,14.4567,15.1409,14.3377,15.0715,13417198,3.5001,5826778214.4,5826778214.4,-133.2264,
600202.SH,¹þ¿Õµ÷,2017-04-06,15.0715,15.3392,14.8533,15.0715,11540591,3.0105,5826778214.4,5826778214.4,-133.2264,
600202.SH,¹þ¿Õµ÷,2017-04-07,15.0715,15.2698,14.9227,15.0913,7163928,1.8688,5834445027.84,5834445027.84,-133.4017,
600202.SH,¹þ¿Õµ÷,2017-04-10,15.1607,15.2797,14.8137,15.1111,9015347,2.3518,5842111841.28,5842111841.28,-133.577,
600202.SH,¹þ¿Õµ÷,2017-04-11,15.1012,15.1012,14.3873,14.7145,13055931,3.4058,5688775572.48,5688775572.48,-130.0711,
600202.SH,¹þ¿Õµ÷,2017-04-12,14.8632,14.8731,14.3675,14.4864,6615825,1.7258,5600607217.92,5600607217.92,-128.0551,
600202.SH,¹þ¿Õµ÷,2017-04-13,14.5658,14.8137,14.427,14.8037,5264903,1.3734,5723276232.96,5723276232.96,-130.8599,
600202.SH,¹þ¿Õµ÷,2017-04-14,14.8434,14.8533,14.5459,14.6352,4100499,1.0697,5658108318.72,5658108318.72,-129.3699,
600202.SH,¹þ¿Õµ÷,2017-04-17,14.6848,14.6848,13.8519,13.9213,7366918,1.9218,5382103034.88,5382103034.88,-123.0592,
600202.SH,¹þ¿Õµ÷,2017-04-18,13.9014,14.2485,13.8221,14.0898,5362512,1.3989,5447270949.12,5447270949.12,-124.5492,
600202.SH,¹þ¿Õµ÷,2017-04-19,14.1097,14.2286,13.3363,13.9014,9534052,2.4871,5374436221.44,5374436221.44,-122.8839,
600202.SH,¹þ¿Õµ÷,2017-04-20,13.8717,14.0799,13.6833,13.9114,4849883,1.2652,5378269628.16,5378269628.16,-122.9715,
600202.SH,¹þ¿Õµ÷,2017-04-21,14.0303,14.3476,13.8816,14.2386,4871026,1.2707,5504772049.92,5504772049.92,-125.8639,
600202.SH,¹þ¿Õµ÷,2017-04-24,14.1791,14.3774,13.7924,14.0303,7818735,2.0396,5424270508.8,5424270508.8,-124.0233,
600202.SH,¹þ¿Õµ÷,2017-04-25,14.0799,14.1196,13.4949,13.7924,6424398,1.6759,5332268747.52,5332268747.52,-29.5685,
600202.SH,¹þ¿Õµ÷,2017-04-26,13.7825,14.3476,13.5445,14.308,6943935,1.8114,5531605896.96,5531605896.96,-30.6738,
600202.SH,¹þ¿Õµ÷,2017-04-27,14.3278,14.7244,14.1295,14.6649,8505183,2.2187,5669608538.88,5669608538.88,-31.4391,
600202.SH,¹þ¿Õµ÷,2017-04-28,14.5955,15.2896,14.5162,15.1805,11740056,3.0626,5868945688.32,5868945688.32,-32.5445,
600202.SH,¹þ¿Õµ÷,2017-05-02,15.2797,15.2995,14.9723,15.1607,7265457,1.8953,5861278874.88,5861278874.88,-32.5019,
600202.SH,¹þ¿Õµ÷,2017-05-03,15.2004,15.2499,14.9426,15.0021,5845924,1.525,5799944367.36,5799944367.36,-32.1618,
600202.SH,¹þ¿Õµ÷,2017-05-04,14.8731,15.121,14.8434,14.9128,5315222,1.3866,5765443706.88,5765443706.88,-31.9705,
600202.SH,¹þ¿Õµ÷,2017-05-05,14.9723,15.7259,14.9723,15.5672,13436518,3.5051,6018448550.4,6018448550.4,-33.3735,
600202.SH,¹þ¿Õµ÷,2017-05-08,15.5375,15.5375,14.1791,14.5559,16524060,4.3105,5627441064.96,5627441064.96,-31.2053,
600202.SH,¹þ¿Õµ÷,2017-05-09,14.5063,14.7442,13.9907,14.4864,6968981,1.818,5600607217.92,5600607217.92,-31.0565,
600202.SH,¹þ¿Õµ÷,2017-05-10,14.4666,14.7343,14.2386,14.3179,4827867,1.2594,5535439303.68,5535439303.68,-30.6951,
600202.SH,¹þ¿Õµ÷,2017-05-11,14.3873,14.3972,13.1875,13.6337,9241715,2.4108,5270934240,5270934240,-29.2284,
600202.SH,¹þ¿Õµ÷,2017-05-12,13.713,14.0204,13.5841,13.9907,4518337,1.1787,5408936881.92,5408936881.92,-29.9936,
600202.SH,¹þ¿Õµ÷,2017-05-15,13.9907,14.6451,13.8915,14.417,6360424,1.6592,5573773370.88,5573773370.88,-30.9077,
600202.SH,¹þ¿Õµ÷,2017-05-16,14.3873,14.5559,14.1394,14.4369,4950268,1.2913,5581440184.32,5581440184.32,-30.9502,
600202.SH,¹þ¿Õµ÷,2017-05-17,15.3689,15.3689,14.5559,14.5955,10859561,2.8329,5642774691.84,5642774691.84,-31.2903,
600202.SH,¹þ¿Õµ÷,2017-05-18,14.417,16.0531,14.3972,16.0531,27917465,7.2827,6206285479.68,6206285479.68,-34.4151,
600202.SH,¹þ¿Õµ÷,2017-05-19,16.0333,16.1622,15.5276,15.6466,16832264,4.3909,6049115804.16,6049115804.16,-33.5435,
600202.SH,¹þ¿Õµ÷,2017-05-22,15.7457,15.7457,14.8731,14.9822,12078950,3.151,5792277553.92,5792277553.92,-32.1193,
600202.SH,¹þ¿Õµ÷,2017-05-23,15.0913,15.6664,14.9426,15.1409,11804802,3.0795,5853612061.44,5853612061.44,-32.4594,
600202.SH,¹þ¿Õµ÷,2017-05-24,14.7839,15.3193,14.5757,15.0615,7892675,2.0589,5822944807.68,5822944807.68,-32.2894,
600202.SH,¹þ¿Õµ÷,2017-05-25,14.7938,14.9227,13.5544,13.5544,26934436,7.0262,5240266986.24,5240266986.24,-29.0583,
600202.SH,¹þ¿Õµ÷,2017-05-26,13.4057,14.0601,13.2867,13.4453,13558041,3.5368,5198099512.32,5198099512.32,-28.8245,
600202.SH,¹þ¿Õµ÷,2017-05-31,13.3858,13.3858,12.2059,12.7711,12437395,3.2445,4937427855.36,4937427855.36,-27.379,
600202.SH,¹þ¿Õµ÷,2017-06-01,12.5827,12.7116,11.5515,11.7498,10432101,2.7214,4542586963.2,4542586963.2,-25.1895,
600202.SH,¹þ¿Õµ÷,2017-06-02,11.7498,12.1067,11.6506,11.839,7927082,2.0679,4577087623.68,4577087623.68,-25.3809,
600202.SH,¹þ¿Õµ÷,2017-06-05,11.9481,12.4439,11.9481,12.3051,7956628,2.0756,4757257739.52,4757257739.52,-26.3799,
600202.SH,¹þ¿Õµ÷,2017-06-06,12.2257,12.5331,11.9977,12.196,5613900,1.4645,4715090265.6,4715090265.6,-26.1461,
600202.SH,¹þ¿Õµ÷,2017-06-07,12.1861,12.4439,12.0968,12.3447,4881545,1.2734,4772591366.4,4772591366.4,-26.465,
600202.SH,¹þ¿Õµ÷,2017-06-08,12.2852,12.5133,12.2059,12.4835,4574516,1.1933,4826259060.48,4826259060.48,-26.7626,
600202.SH,¹þ¿Õµ÷,2017-06-09,12.3943,12.6818,12.315,12.3844,4204682,1.0969,4787924993.28,4787924993.28,-26.55,
600202.SH,¹þ¿Õµ÷,2017-06-12,12.196,12.3447,11.7994,11.8489,6722000,1.7535,4580921030.4,4580921030.4,-25.4021,
600202.SH,¹þ¿Õµ÷,2017-06-13,11.7795,12.1266,11.7795,12.077,3607116,0.941,4669089384.96,4669089384.96,-25.891,
600202.SH,¹þ¿Õµ÷,2017-06-14,12.1662,12.2555,12.0473,12.077,2736600,0.7139,4669089384.96,4669089384.96,-25.891,
600202.SH,¹þ¿Õµ÷,2017-06-15,12.0572,12.3447,12.0572,12.2654,3622330,0.9449,4741924112.64,4741924112.64,-26.2949,
600202.SH,¹þ¿Õµ÷,2017-06-16,12.2654,12.424,12.2158,12.3745,3521056,0.9185,4784091586.56,4784091586.56,-26.5287,
600202.SH,¹þ¿Õµ÷,2017-06-19,12.3745,12.4736,12.2356,12.3844,2805400,0.7318,4787924993.28,4787924993.28,-26.55,
600202.SH,¹þ¿Õµ÷,2017-06-20,12.4042,12.6025,12.3546,12.4042,4219900,1.1008,4795591806.72,4795591806.72,-26.5925,
600202.SH,¹þ¿Õµ÷,2017-06-21,12.4042,12.4637,12.0869,12.1464,4783700,1.2479,4695923232,4695923232,-26.0398,
600202.SH,¹þ¿Õµ÷,2017-06-22,12.1167,12.2951,11.9977,12.0373,3756301,0.9799,4653755758.08,4653755758.08,-25.806,
600202.SH,¹þ¿Õµ÷,2017-06-23,12.0671,12.0968,11.7498,11.8589,3601115,0.9394,4584754437.12,4584754437.12,-25.4234,
600202.SH,¹þ¿Õµ÷,2017-06-26,11.8985,13.0487,11.7795,13.0289,11061129,2.8855,5037096430.08,5037096430.08,-27.9317,
600202.SH,¹þ¿Õµ÷,2017-06-27,12.8504,12.8504,12.4736,12.5133,8249308,2.152,4837759280.64,4837759280.64,-26.8263,
600202.SH,¹þ¿Õµ÷,2017-06-28,12.5133,13.4552,12.3447,13.2668,15024699,3.9194,5129098191.36,5129098191.36,-28.4419,
600202.SH,¹þ¿Õµ÷,2017-06-29,13.1379,13.7825,13.019,13.6833,9605760,2.5058,5290101273.6,5290101273.6,-29.3347,
600202.SH,¹þ¿Õµ÷,2017-06-30,13.485,13.8717,13.4255,13.713,7854448,2.0489,5301601493.76,5301601493.76,-29.3984,
600202.SH,¹þ¿Õµ÷,2017-07-03,13.7825,13.7825,13.4652,13.5841,3248266,0.8474,5251767206.4,5251767206.4,-29.1221,
600202.SH,¹þ¿Õµ÷,2017-07-04,13.5147,13.7725,13.2173,13.5643,5988400,1.5622,5244100392.96,5244100392.96,-29.0796,
600202.SH,¹þ¿Õµ÷,2017-07-05,13.5147,13.7329,13.4057,13.6536,4373528,1.1409,5278601053.44,5278601053.44,-29.2709,
600202.SH,¹þ¿Õµ÷,2017-07-06,13.5841,13.6536,13.3164,13.3363,4349400,1.1346,5155932038.4,5155932038.4,-28.5907,
600202.SH,¹þ¿Õµ÷,2017-07-07,13.3759,13.6734,13.2569,13.4354,4370649,1.1401,5194266105.6,5194266105.6,-28.8032,
600202.SH,¹þ¿Õµ÷,2017-07-10,13.5247,13.5247,12.5529,13.0785,8319103,2.1702,5056263463.68,5056263463.68,-28.038,
600202.SH,¹þ¿Õµ÷,2017-07-11,12.7512,13.0884,12.7512,12.7711,5183584,1.3522,4937427855.36,4937427855.36,-27.379,
600202.SH,¹þ¿Õµ÷,2017-07-12,12.7711,12.9496,12.6223,12.8207,3422030,0.8927,4956594888.96,4956594888.96,-27.4853,
600202.SH,¹þ¿Õµ÷,2017-07-13,12.7413,12.8801,12.6918,12.7711,3185517,0.831,4937427855.36,4937427855.36,-27.379,
600202.SH,¹þ¿Õµ÷,2017-07-14,12.6918,12.6918,11.9184,12.2951,8299401,2.165,4753424332.8,4753424332.8,-26.3587,
600202.SH,¹þ¿Õµ÷,2017-07-17,12.2356,12.2356,11.0656,11.5416,10165195,2.6517,4462085422.08,4462085422.08,-24.7431,
600202.SH,¹þ¿Õµ÷,2017-07-18,11.2639,11.6209,11.0656,11.4523,7148691,1.8648,4427584761.6,4427584761.6,-24.5518,
600202.SH,¹þ¿Õµ÷,2017-07-19,11.3532,11.3532,11.135,11.2937,5548111,1.4473,4366250254.08,4366250254.08,-24.2117,
600202.SH,¹þ¿Õµ÷,2017-07-20,11.2738,11.2838,11.1053,11.1648,4634024,1.2089,4316415966.72,4316415966.72,-23.9354,
600202.SH,¹þ¿Õµ÷,2017-07-21,11.1449,11.1449,10.6591,10.7483,7561302,1.9725,4155412884.48,4155412884.48,-23.0426,
600202.SH,¹þ¿Õµ÷,2017-07-24,10.6789,10.6789,10.3517,10.4707,6738235,1.7578,4048077496.32,4048077496.32,-22.4474,
600202.SH,¹þ¿Õµ÷,2017-07-25,10.55,10.8574,10.5302,10.7682,6398084,1.669,4163079697.92,4163079697.92,-23.0851,
600202.SH,¹þ¿Õµ÷,2017-07-26,10.7781,10.7979,10.4112,10.5203,4085761,1.0658,4067244529.92,4067244529.92,-22.5537,
600202.SH,¹þ¿Õµ÷,2017-07-27,10.5897,10.788,10.5302,10.6888,3524161,0.9193,4132412444.16,4132412444.16,-22.915,
600202.SH,¹þ¿Õµ÷,2017-07-28,10.788,11.1648,10.7186,11.135,6953402,1.8139,4304915746.56,4304915746.56,-23.8716,
600202.SH,¹þ¿Õµ÷,2017-07-31,11.4424,11.7002,11.2243,11.254,7885908,2.0572,4350916627.2,4350916627.2,-24.1267,
600202.SH,¹þ¿Õµ÷,2017-08-01,11.0855,11.3234,10.9466,11.2144,4532510,1.1824,4335583000.32,4335583000.32,-24.0417,
600202.SH,¹þ¿Õµ÷,2017-08-02,11.1053,11.3928,11.0755,11.135,3321218,0.8664,4304915746.56,4304915746.56,-23.8716,
600202.SH,¹þ¿Õµ÷,2017-08-03,11.1053,11.3532,11.016,11.0755,2904600,0.7577,4281915306.24,4281915306.24,-23.7441,
600202.SH,¹þ¿Õµ÷,2017-08-04,11.0458,11.2044,10.9665,10.9962,2893460,0.7548,4251248052.48,4251248052.48,-23.574,
600202.SH,¹þ¿Õµ÷,2017-08-07,11.0557,11.2838,11.0359,11.135,3697652,0.9646,4304915746.56,4304915746.56,-23.8716,
600202.SH,¹þ¿Õµ÷,2017-08-08,11.0557,11.135,10.8376,10.8772,4284885,1.1178,4205247171.84,4205247171.84,-23.3189,
600202.SH,¹þ¿Õµ÷,2017-08-09,10.9764,10.9764,10.5897,10.7781,3381377,0.8821,4166913104.64,4166913104.64,-23.1064,
600202.SH,¹þ¿Õµ÷,2017-08-10,10.7483,10.8177,10.5699,10.669,2782900,0.726,4124745630.72,4124745630.72,-22.8725,
600202.SH,¹þ¿Õµ÷,2017-08-11,10.6194,10.6194,10.4112,10.4707,2453201,0.64,4048077496.32,4048077496.32,-22.4474,
600202.SH,¹þ¿Õµ÷,2017-08-14,10.3517,10.6293,10.3517,10.6095,2330094,0.6078,4101745190.4,4101745190.4,-22.745,
600202.SH,¹þ¿Õµ÷,2017-08-15,10.669,10.7781,10.55,10.6591,2060478,0.5375,4120912224,4120912224,-22.8513,
600202.SH,¹þ¿Õµ÷,2017-08-16,10.6591,10.7682,10.5798,10.7186,2602777,0.679,4143912664.32,4143912664.32,-22.9788,
600202.SH,¹þ¿Õµ÷,2017-08-17,10.7186,10.8277,10.6789,10.7682,2141023,0.5585,4163079697.92,4163079697.92,-23.0851,
600202.SH,¹þ¿Õµ÷,2017-08-18,10.6888,10.788,10.6393,10.7087,2790560,0.728,4140079257.6,4140079257.6,-22.9576,
600202.SH,¹þ¿Õµ÷,2017-08-21,10.7582,10.7682,10.669,10.6988,2028427,0.5291,4136245850.88,4136245850.88,-22.9363,
600202.SH,¹þ¿Õµ÷,2017-08-22,10.7087,10.7087,10.5401,10.5599,2908118,0.7586,4082578156.8,4082578156.8,-22.6387,
600202.SH,¹þ¿Õµ÷,2017-08-23,10.5203,10.5996,10.4806,10.5302,1529500,0.399,4071077936.64,4071077936.64,-22.5749,
600202.SH,¹þ¿Õµ÷,2017-08-24,10.5302,10.5798,10.4112,10.431,1804800,0.4708,4032743869.44,4032743869.44,-22.3624,
600202.SH,¹þ¿Õµ÷,2017-08-25,10.431,10.6789,10.4112,10.5996,2142000,0.5588,4097911783.68,4097911783.68,-22.7237,
600202.SH,¹þ¿Õµ÷,2017-08-28,10.5897,10.7582,10.5401,10.7285,3848900,1.004,4147746071.04,4147746071.04,-23.0001,
600202.SH,¹þ¿Õµ÷,2017-08-29,10.6988,10.7285,10.6194,10.6988,2092301,0.5458,4136245850.88,4136245850.88,-24.4373,
600202.SH,¹þ¿Õµ÷,2017-08-30,10.6888,10.7285,10.6194,10.6492,2397500,0.6254,4117078817.28,4117078817.28,-24.324,
600202.SH,¹þ¿Õµ÷,2017-08-31,10.5996,10.6988,10.5004,10.6492,3032370,0.791,4117078817.28,4117078817.28,-24.324,
600202.SH,¹þ¿Õµ÷,2017-09-01,10.6492,10.6492,10.5302,10.6194,2155548,0.5623,4105578597.12,4105578597.12,-24.2561,
600202.SH,¹þ¿Õµ÷,2017-09-04,10.6095,11.2639,10.5302,11.0954,7424437,1.9368,4289582119.68,4289582119.68,-25.3432,
600202.SH,¹þ¿Õµ÷,2017-09-05,11.0359,11.1747,10.8177,10.8277,4642560,1.2111,4186080138.24,4186080138.24,-24.7317,
600202.SH,¹þ¿Õµ÷,2017-09-06,10.8277,11.1747,10.7186,11.0061,5117811,1.3351,4255081459.2,4255081459.2,-25.1394,
600202.SH,¹þ¿Õµ÷,2017-09-07,11.0061,11.0954,10.8277,10.8475,3674119,0.9584,4193746951.68,4193746951.68,-24.777,
600202.SH,¹þ¿Õµ÷,2017-09-08,10.7781,10.9566,10.7682,10.8475,2259196,0.5893,4193746951.68,4193746951.68,-24.777,
600202.SH,¹þ¿Õµ÷,2017-09-11,10.8376,11.0557,10.788,10.9764,2893178,0.7547,4243581239.04,4243581239.04,-25.0714,
600202.SH,¹þ¿Õµ÷,2017-09-12,11.026,11.0458,10.7781,10.8376,3565010,0.93,4189913544.96,4189913544.96,-24.7543,
600202.SH,¹þ¿Õµ÷,2017-09-13,10.8376,10.9764,10.8177,10.9367,2285029,0.5961,4228247612.16,4228247612.16,-24.9808,
600202.SH,¹þ¿Õµ÷,2017-09-14,10.9466,10.9764,10.7582,10.8078,3025240,0.7892,4178413324.8,4178413324.8,-24.6864,
600202.SH,¹þ¿Õµ÷,2017-09-15,10.7582,10.7979,10.6095,10.7582,2676243,0.6981,4159246291.2,4159246291.2,-24.5732,
600202.SH,¹þ¿Õµ÷,2017-09-18,10.7483,10.7483,10.6591,10.6888,2126859,0.5548,4132412444.16,4132412444.16,-24.4146,
600202.SH,¹þ¿Õµ÷,2017-09-19,10.7186,10.7781,10.6095,10.6194,2338929,0.6101,4105578597.12,4105578597.12,-24.2561,
600202.SH,¹þ¿Õµ÷,2017-09-20,10.6194,10.6393,10.5104,10.6194,2873982,0.7497,4105578597.12,4105578597.12,-24.2561,
600202.SH,¹þ¿Õµ÷,2017-09-21,10.6095,10.6591,10.5203,10.5401,2307001,0.6018,4074911343.36,4074911343.36,-24.0749,
600202.SH,¹þ¿Õµ÷,2017-09-22,10.5401,10.5897,10.441,10.4707,1775580,0.4632,4048077496.32,4048077496.32,-23.9164,
600202.SH,¹þ¿Õµ÷,2017-09-25,10.55,10.55,10.2228,10.2724,2335101,0.6091,3971409361.92,3971409361.92,-23.4634,
600202.SH,¹þ¿Õµ÷,2017-09-26,10.1038,10.2625,10.0939,10.1336,2312251,0.6032,3917741667.84,3917741667.84,-23.1463,
600202.SH,¹þ¿Õµ÷,2017-09-27,10.1832,10.4608,10.1435,10.322,2244930,0.5856,3990576395.52,3990576395.52,-23.5766,
600202.SH,¹þ¿Õµ÷,2017-09-28,10.2526,10.5996,10.1633,10.4707,3604963,0.9404,4048077496.32,4048077496.32,-23.9164,
600202.SH,¹þ¿Õµ÷,2017-09-29,10.55,10.8772,10.441,10.7682,6165816,1.6084,4163079697.92,4163079697.92,-24.5958,
600202.SH,¹þ¿Õµ÷,2017-10-09,10.7781,10.8971,10.5203,10.7682,4793002,1.2503,4163079697.92,4163079697.92,-24.5958,
600202.SH,¹þ¿Õµ÷,2017-10-10,10.7582,10.788,10.6095,10.7384,2650904,0.6915,4151579477.76,4151579477.76,-24.5279,
600202.SH,¹þ¿Õµ÷,2017-10-11,10.6888,10.7781,10.6393,10.669,1845300,0.4814,4124745630.72,4124745630.72,-24.3693,
600202.SH,¹þ¿Õµ÷,2017-10-12,10.6888,10.7979,10.5897,10.6789,2286137,0.5964,4128579037.44,4128579037.44,-24.392,
600202.SH,¹þ¿Õµ÷,2017-10-13,10.6789,10.6789,10.5897,10.6492,1552830,0.4051,4117078817.28,4117078817.28,-24.324,
600202.SH,¹þ¿Õµ÷,2017-10-16,10.6194,10.6293,10.2526,10.2724,3203000,0.8355,3971409361.92,3971409361.92,-23.4634,
600202.SH,¹þ¿Õµ÷,2017-10-17,10.2823,10.4509,10.2625,10.3319,1530511,0.3993,3994409802.24,3994409802.24,-23.5993,
600202.SH,¹þ¿Õµ÷,2017-10-18,10.2724,10.3914,10.2228,10.3517,1910959,0.4985,4002076615.68,4002076615.68,-23.6446,
600202.SH,¹þ¿Õµ÷,2017-10-19,10.2922,10.3715,10.0443,10.2922,2301908,0.6005,3979076175.36,3979076175.36,-23.5087,
600202.SH,¹þ¿Õµ÷,2017-10-20,10.2724,10.3815,10.1137,10.3418,1985111,0.5178,3998243208.96,3998243208.96,-23.6219,
600202.SH,¹þ¿Õµ÷,2017-10-23,10.2823,10.3517,10.1931,10.322,1192350,0.311,3990576395.52,3990576395.52,-23.5766,
600202.SH,¹þ¿Õµ÷,2017-10-24,10.2426,10.3021,10.1237,10.203,1425780,0.3719,3944575514.88,3944575514.88,-23.3049,
600202.SH,¹þ¿Õµ÷,2017-10-25,10.203,10.203,10.1237,10.1633,1304774,0.3404,3929241888,3929241888,-23.2143,
600202.SH,¹þ¿Õµ÷,2017-10-26,10.1137,10.1931,10.1038,10.1633,1326626,0.3461,3929241888,3929241888,-23.2143,
600202.SH,¹þ¿Õµ÷,2017-10-27,10.1931,10.203,10.1137,10.1137,1303434,0.34,3910074854.4,3910074854.4,-23.101,
600202.SH,¹þ¿Õµ÷,2017-10-30,10.1137,10.1832,9.6675,9.9353,3725085,0.9717,3841073533.44,3841073533.44,-22.6934,
600202.SH,¹þ¿Õµ÷,2017-10-31,9.9353,9.9353,9.727,9.8064,1662800,0.4338,3791239246.08,3791239246.08,-27.1919,
600202.SH,¹þ¿Õµ÷,2017-11-01,9.7171,9.8163,9.5188,9.6973,2509442,0.6546,3749071772.16,3749071772.16,-26.8895,
600202.SH,¹þ¿Õµ÷,2017-11-02,9.7766,9.7766,9.2015,9.3304,5871941,1.5318,3607235723.52,3607235723.52,-25.8722,
600202.SH,¹þ¿Õµ÷,2017-11-03,9.3403,9.3403,8.9239,9.1024,4205081,1.097,3519067368.96,3519067368.96,-25.2398,
600202.SH,¹þ¿Õµ÷,2017-11-06,9.1024,9.1123,8.9041,8.9834,2401671,0.6265,3473066488.32,3473066488.32,-24.9099,
600202.SH,¹þ¿Õµ÷,2017-11-07,8.9735,9.0032,8.7256,8.9536,4037244,1.0532,3461566268.16,3461566268.16,-24.8274,
600202.SH,¹þ¿Õµ÷,2017-11-08,8.9437,9.0032,8.8347,8.9338,3148929,0.8214,3453899454.72,3453899454.72,-24.7724,
600202.SH,¹þ¿Õµ÷,2017-11-09,8.9239,9.8262,8.8842,9.8262,9080197,2.3687,3798906059.52,3798906059.52,-27.2469,
600202.SH,¹þ¿Õµ÷,2017-11-10,9.8956,10.2823,9.6279,10.0344,13235557,3.4527,3879407600.64,3879407600.64,-27.8243,
600202.SH,¹þ¿Õµ÷,2017-11-13,9.9154,9.9154,9.5386,9.618,6279641,1.6381,3718404518.4,3718404518.4,-26.6695,
600202.SH,¹þ¿Õµ÷,2017-11-14,9.5684,10.084,9.4692,9.7171,5372259,1.4014,3756738585.6,3756738585.6,-26.9445,
600202.SH,¹þ¿Õµ÷,2017-11-15,9.618,9.9055,9.5287,9.7171,3483735,0.9088,3756738585.6,3756738585.6,-26.9445,
600202.SH,¹þ¿Õµ÷,2017-11-16,9.727,10.0939,9.7171,9.9353,4070496,1.0618,3841073533.44,3841073533.44,-27.5494,
600202.SH,¹þ¿Õµ÷,2017-11-17,9.9353,9.9948,9.3701,9.4097,3909236,1.0198,3637902977.28,3637902977.28,-26.0922,
600202.SH,¹þ¿Õµ÷,2017-11-20,9.0528,9.4097,9.0528,9.3205,1835202,0.4787,3603402316.8,3603402316.8,-25.8447,
600202.SH,¹þ¿Õµ÷,2017-11-21,9.38,9.3899,8.9735,9.0429,2728002,0.7116,3496066928.64,3496066928.64,-25.0749,
600202.SH,¹þ¿Õµ÷,2017-11-22,9.023,9.8559,8.8446,9.5585,4410029,1.1504,3695404078.08,3695404078.08,-26.5046,
600202.SH,¹þ¿Õµ÷,2017-11-23,9.5089,9.5386,9.0825,9.1024,2771400,0.723,3519067368.96,3519067368.96,-25.2398,
600202.SH,¹þ¿Õµ÷,2017-11-24,9.033,9.3007,9.033,9.1619,1660585,0.4332,3542067809.28,3542067809.28,-25.4048,
600202.SH,¹þ¿Õµ÷,2017-11-27,8.2496,8.2496,8.2496,8.2496,1755500,0.4579,3189394391.04,3189394391.04,-22.8753,
600202.SH,¹þ¿Õµ÷,2017-11-28,7.4267,8.091,7.4267,7.5556,15091022,3.9367,2921055920.64,2921055920.64,-20.9507,
600202.SH,¹þ¿Õµ÷,2017-11-29,7.4267,7.6349,7.2284,7.5258,10675064,2.7847,2909555700.48,2909555700.48,-20.8682,
600202.SH,¹þ¿Õµ÷,2017-11-30,7.4167,7.506,7.2383,7.2878,4960401,1.294,2817553939.2,2817553939.2,-20.2084,
600202.SH,¹þ¿Õµ÷,2017-12-01,7.3672,7.4267,7.2284,7.3275,4582702,1.1955,2832887566.08,2832887566.08,-20.3183,
600202.SH,¹þ¿Õµ÷,2017-12-04,7.3573,7.3573,7.0499,7.1094,4578900,1.1945,2748552618.24,2748552618.24,-19.7135,
600202.SH,¹þ¿Õµ÷,2017-12-05,7.1193,7.3077,6.8615,6.9705,4518040,1.1786,2694884924.16,2694884924.16,-19.3285,
600202.SH,¹þ¿Õµ÷,2017-12-06,6.9507,7.0895,6.8813,7.0697,3760400,0.981,2733218991.36,2733218991.36,-19.6035,
600202.SH,¹þ¿Õµ÷,2017-12-07,7.0598,7.3573,7.0201,7.2383,4625882,1.2067,2798386905.6,2798386905.6,-20.0709,
600202.SH,¹þ¿Õµ÷,2017-12-08,7.2184,7.2978,7.1689,7.1788,2679400,0.699,2775386465.28,2775386465.28,-19.9059,
600202.SH,¹þ¿Õµ÷,2017-12-11,7.1788,7.2284,7.0201,7.0697,4333461,1.1304,2733218991.36,2733218991.36,-19.6035,
600202.SH,¹þ¿Õµ÷,2017-12-12,7.0201,7.0201,6.7326,6.7921,5684419,1.4829,2625883603.2,2625883603.2,-18.8336,
600202.SH,¹þ¿Õµ÷,2017-12-13,6.7524,6.8119,6.6433,6.802,4053911,1.0575,2629717009.92,2629717009.92,-18.8611,
600202.SH,¹þ¿Õµ÷,2017-12-14,6.8218,6.8416,6.7028,6.7623,2669162,0.6963,2614383383.04,2614383383.04,-18.7512,
600202.SH,¹þ¿Õµ÷,2017-12-15,6.7623,6.7822,6.5838,6.6731,3137040,0.8183,2579882722.56,2579882722.56,-18.5037,
600202.SH,¹þ¿Õµ÷,2017-12-18,6.6929,6.8119,6.6136,6.7326,4248499,1.1083,2602883162.88,2602883162.88,-18.6687,
600202.SH,¹þ¿Õµ÷,2017-12-19,6.7425,6.8218,6.6929,6.7127,3382708,0.8824,2595216349.44,2595216349.44,-18.6137,
600202.SH,¹þ¿Õµ÷,2017-12-20,6.683,6.7326,6.4549,6.5244,4118852,1.0745,2522381621.76,2522381621.76,-18.0913,
600202.SH,¹þ¿Õµ÷,2017-12-21,6.5244,6.5244,6.2368,6.3062,4854584,1.2664,2438046673.92,2438046673.92,-17.4864,
600202.SH,¹þ¿Õµ÷,2017-12-22,6.2566,6.3756,6.217,6.2566,3885611,1.0136,2418879640.32,2418879640.32,-17.349,
600202.SH,¹þ¿Õµ÷,2017-12-25,6.326,6.326,5.9393,5.9493,7199386,1.8781,2300044032,2300044032,-16.4966,
600202.SH,¹þ¿Õµ÷,2017-12-26,5.8799,6.098,5.8303,6.0682,5083157,1.326,2346044912.64,2346044912.64,-16.8266,
600202.SH,¹þ¿Õµ÷,2017-12-27,6.0682,6.2864,6.0088,6.1079,4793952,1.2506,2361378539.52,2361378539.52,-16.9365,
600202.SH,¹þ¿Õµ÷,2017-12-28,6.1079,6.1377,5.9988,6.0682,2953201,0.7704,2346044912.64,2346044912.64,-16.8266,
600202.SH,¹þ¿Õµ÷,2017-12-29,6.0385,6.0881,5.9592,6.0881,2655050,0.6926,2353711726.08,2353711726.08,-16.8815,
600202.SH,¹þ¿Õµ÷,2018-01-02,6.0782,6.1575,6.0187,6.1178,2956350,0.7712,2365211946.24,2365211946.24,-16.964,
600202.SH,¹þ¿Õµ÷,2018-01-03,6.1377,6.1971,6.0682,6.1872,3150945,0.822,2392045793.28,2392045793.28,-17.1565,
600202.SH,¹þ¿Õµ÷,2018-01-04,6.1674,6.336,6.1277,6.1674,4266601,1.113,2384378979.84,2384378979.84,-17.1015,
600202.SH,¹þ¿Õµ÷,2018-01-05,6.2269,6.2368,6.098,6.2368,4140721,1.0802,2411212826.88,2411212826.88,-17.294,
600202.SH,¹þ¿Õµ÷,2018-01-08,6.2368,6.2864,6.1575,6.217,3792654,0.9894,2403546013.44,2403546013.44,-17.239,
600202.SH,¹þ¿Õµ÷,2018-01-09,6.217,6.2269,6.0782,6.1079,4094000,1.068,2361378539.52,2361378539.52,-16.9365,
600202.SH,¹þ¿Õµ÷,2018-01-10,6.1178,6.1178,5.9592,6.0088,5428176,1.416,2323044472.32,2323044472.32,-16.6616,
600202.SH,¹þ¿Õµ÷,2018-01-11,6.0385,6.1079,5.9691,6.0583,3546200,0.9251,2342211505.92,2342211505.92,-16.7991,
600202.SH,¹þ¿Õµ÷,2018-01-12,6.0385,6.6632,6.0385,6.3161,12510354,3.2635,2441880080.64,2441880080.64,-17.5139,
600202.SH,¹þ¿Õµ÷,2018-01-15,6.2566,6.9507,6.2566,6.9507,18205526,4.7492,2687218110.72,2687218110.72,-19.2736,
600202.SH,¹þ¿Õµ÷,2018-01-16,6.9904,7.6448,6.9606,7.6448,19759474,5.1545,2955556581.12,2955556581.12,-21.1982,
600202.SH,¹þ¿Õµ÷,2018-01-17,8.2794,8.2794,7.3473,7.3969,27591371,7.1976,2859721413.12,2859721413.12,-20.5108,
600202.SH,¹þ¿Õµ÷,2018-01-18,7.3573,8.0315,7.149,7.8629,19527282,5.094,3039891528.96,3039891528.96,-21.803,
600202.SH,¹þ¿Õµ÷,2018-01-19,7.734,7.8828,7.4564,7.4762,13667365,3.5653,2890388666.88,2890388666.88,-20.7308,
600202.SH,¹þ¿Õµ÷,2018-01-22,7.3573,7.4267,7.149,7.3176,8762347,2.2858,2829054159.36,2829054159.36,-20.2908,
600202.SH,¹þ¿Õµ÷,2018-01-23,7.2978,7.2978,7.1589,7.1986,7122717,1.8581,2783053278.72,2783053278.72,-19.9609,
600202.SH,¹þ¿Õµ÷,2018-01-24,7.268,7.387,7.1589,7.2184,7293400,1.9026,2790720092.16,2790720092.16,-20.0159,
600202.SH,¹þ¿Õµ÷,2018-01-25,7.1589,7.2184,6.9705,6.9805,6415500,1.6736,2698718330.88,2698718330.88,-19.356,
600202.SH,¹þ¿Õµ÷,2018-01-26,7.0598,7.6745,7.0201,7.6745,12838249,3.349,2967056801.28,2967056801.28,-21.2806,
600202.SH,¹þ¿Õµ÷,2018-01-29,7.5952,8.3488,7.506,8.0612,25139831,6.5581,3116559663.36,3116559663.36,-22.3529,
600202.SH,¹þ¿Õµ÷,2018-01-30,7.2779,8.0513,7.2779,7.5357,20128337,5.2508,2913389107.2,2913389107.2,-20.8957,
600202.SH,¹þ¿Õµ÷,2018-01-31,7.6349,7.9224,7.4267,7.5456,11088697,2.8926,2917222513.92,2917222513.92,-20.9232,
600202.SH,¹þ¿Õµ÷,2018-02-01,7.4564,7.4564,6.9011,6.9904,10894875,2.8421,2702551737.6,2702551737.6,-19.3835,
600202.SH,¹þ¿Õµ÷,2018-02-02,6.336,6.8416,6.336,6.5938,6882701,1.7955,2549215468.8,2549215468.8,-18.2838,
600202.SH,¹þ¿Õµ÷,2018-02-05,6.5938,6.5938,6.2071,6.2368,6085800,1.5876,2411212826.88,2411212826.88,-17.294,
600202.SH,¹þ¿Õµ÷,2018-02-06,6.217,6.8615,6.0782,6.8615,9538675,2.4883,2652717450.24,2652717450.24,-19.0261,
600202.SH,¹þ¿Õµ÷,2018-02-07,7.0796,7.5456,6.8714,7.2779,17219288,4.4919,2813720532.48,2813720532.48,-20.1809,
600202.SH,¹þ¿Õµ÷,2018-02-08,7.2184,7.8332,6.9904,7.7043,15793124,4.1199,2978557021.44,2978557021.44,-21.3631,
600202.SH,¹þ¿Õµ÷,2018-02-09,7.3077,7.5754,6.9309,6.9309,12888880,3.3623,2679551297.28,2679551297.28,-19.2186,
600202.SH,¹þ¿Õµ÷,2018-02-12,6.5442,7.3176,6.5442,7.268,9347652,2.4385,2809887125.76,2809887125.76,-20.1534,
600202.SH,¹þ¿Õµ÷,2018-02-13,7.2184,7.3275,6.921,6.9507,6938217,1.8099,2687218110.72,2687218110.72,-19.2736,
600202.SH,¹þ¿Õµ÷,2018-02-14,6.9309,7.5159,6.8912,7.2085,8617503,2.248,2786886685.44,2786886685.44,-19.9884,
600202.SH,¹þ¿Õµ÷,2018-02-22,7.2581,7.4366,7.2482,7.3672,7478500,1.9509,2848221192.96,2848221192.96,-20.4283,
600202.SH,¹þ¿Õµ÷,2018-02-23,7.4366,7.4663,7.1689,7.268,6319710,1.6486,2809887125.76,2809887125.76,-20.1534,
600202.SH,¹þ¿Õµ÷,2018-02-26,7.2383,7.8134,7.2184,7.6051,11021144,2.875,2940222954.24,2940222954.24,-21.0882,
600202.SH,¹þ¿Õµ÷,2018-02-27,7.4267,7.8034,7.3969,7.7737,11918212,3.109,3005390868.48,3005390868.48,-21.5556,
600202.SH,¹þ¿Õµ÷,2018-02-28,7.6547,7.9026,7.5754,7.6151,10071707,2.6274,2944056360.96,2944056360.96,-21.1157,
600202.SH,¹þ¿Õµ÷,2018-03-01,7.5754,7.6646,7.4862,7.6547,7476095,1.9502,2959389987.84,2959389987.84,-21.2257,
600202.SH,¹þ¿Õµ÷,2018-03-02,7.5754,7.6151,7.4366,7.4762,4957714,1.2933,2890388666.88,2890388666.88,-20.7308,
600202.SH,¹þ¿Õµ÷,2018-03-05,7.5357,7.734,7.4564,7.5952,6727165,1.7549,2936389547.52,2936389547.52,-21.0607,
600202.SH,¹þ¿Õµ÷,2018-03-06,7.6349,7.6349,7.3374,7.4862,6315053,1.6474,2894222073.6,2894222073.6,-20.7583,
600202.SH,¹þ¿Õµ÷,2018-03-07,7.4465,7.5655,7.2878,7.2978,4820265,1.2574,2821387345.92,2821387345.92,-20.2359,
600202.SH,¹þ¿Õµ÷,2018-03-08,7.2482,7.4068,7.149,7.2184,4870716,1.2706,2790720092.16,2790720092.16,-20.0159,
600202.SH,¹þ¿Õµ÷,2018-03-09,7.2383,7.3077,7.1193,7.2779,5483113,1.4303,2813720532.48,2813720532.48,-20.1809,
600202.SH,¹þ¿Õµ÷,2018-03-12,7.2482,8.0018,7.2383,8.0018,13217454,3.448,3093559223.04,3093559223.04,-22.188,
600202.SH,¹þ¿Õµ÷,2018-03-13,8.2893,8.8049,8.2496,8.4182,31313575,8.1686,3254562305.28,3254562305.28,-23.3427,
600202.SH,¹þ¿Õµ÷,2018-03-14,8.21,8.3785,8.0414,8.1108,16354527,4.2663,3135726696.96,3135726696.96,-22.4904,
600202.SH,¹þ¿Õµ÷,2018-03-15,8.1108,8.7355,8.0612,8.3785,21595833,5.6336,3239228678.4,3239228678.4,-23.2327,
600202.SH,¹þ¿Õµ÷,2018-03-16,8.3686,9.1321,8.1108,8.6463,22764430,5.9384,3342730659.84,3342730659.84,-23.9751,
600202.SH,¹þ¿Õµ÷,2018-03-19,8.4281,8.9636,8.329,8.4777,18405657,4.8014,3277562745.6,3277562745.6,-23.5077,
600202.SH,¹þ¿Õµ÷,2018-03-20,8.6958,8.8941,8.4975,8.676,15477471,4.0375,3354230880,3354230880,-24.0576,
600202.SH,¹þ¿Õµ÷,2018-03-21,8.5768,8.8148,8.3885,8.5967,13471683,3.5143,3323563626.24,3323563626.24,-23.8376,
600202.SH,¹þ¿Õµ÷,2018-03-22,8.4678,8.7752,8.4281,8.7454,8930109,2.3295,3381064727.04,3381064727.04,-24.25,
600202.SH,¹þ¿Õµ÷,2018-03-23,8.5273,8.6562,7.8729,8.3091,12817583,3.3437,3212394831.36,3212394831.36,-23.0403,
600202.SH,¹þ¿Õµ÷,2018-03-26,7.8332,8.329,7.8332,8.1108,7171616,1.8708,3135726696.96,3135726696.96,-22.4904,
600202.SH,¹þ¿Õµ÷,2018-03-27,8.2001,8.6363,8.1604,8.5074,10467270,2.7305,3289062965.76,3289062965.76,-23.5902,
600202.SH,¹þ¿Õµ÷,2018-03-28,8.2992,8.3984,8.2001,8.2397,5747944,1.4994,3185560984.32,3185560984.32,-22.8478,
600202.SH,¹þ¿Õµ÷,2018-03-29,8.2397,8.7355,8.1703,8.4975,8722052,2.2753,3285229559.04,3285229559.04,-23.5627,
600202.SH,¹þ¿Õµ÷,2018-03-30,8.4479,8.7058,8.4479,8.5273,7416345,1.9347,3296729779.2,3296729779.2,-23.6452,
600202.SH,¹þ¿Õµ÷,2018-04-02,8.4777,8.795,8.3785,8.3984,9982427,2.6041,3246895491.84,3246895491.84,-23.2877,
600202.SH,¹þ¿Õµ÷,2018-04-03,8.1307,8.2596,8.0811,8.1406,5695000,1.4856,3147226917.12,3147226917.12,-22.5729,
600202.SH,¹þ¿Õµ÷,2018-04-04,8.1604,8.2794,8.0513,8.1901,3622888,0.9451,3166393950.72,3166393950.72,-22.7104,
600202.SH,¹þ¿Õµ÷,2018-04-09,8.0811,8.1703,7.6745,7.8233,8642389,2.2545,3024557902.08,3024557902.08,-21.6931,
600202.SH,¹þ¿Õµ÷,2018-04-10,7.8332,7.8729,7.4465,7.625,7043297,1.8373,2947889767.68,2947889767.68,-21.1432,
600202.SH,¹þ¿Õµ÷,2018-04-11,7.6349,8.091,7.6349,7.9224,6691832,1.7457,3062891969.28,3062891969.28,-21.968,
600202.SH,¹þ¿Õµ÷,2018-04-12,7.8629,8.1802,7.744,8.1505,7187251,1.8749,3151060323.84,3151060323.84,-22.6004,
600202.SH,¹þ¿Õµ÷,2018-04-13,8.0811,8.5868,7.9621,8.3984,9015001,2.3517,3246895491.84,3246895491.84,-23.2877,
600202.SH,¹þ¿Õµ÷,2018-04-16,8.1108,8.2695,7.9224,8.1901,8156631,2.1278,3166393950.72,3166393950.72,-22.7104,
600202.SH,¹þ¿Õµ÷,2018-04-17,8.1604,8.1901,7.734,7.9423,5530600,1.4427,3070558782.72,3070558782.72,-22.023,
600202.SH,¹þ¿Õµ÷,2018-04-18,7.149,7.149,7.149,7.149,1905400,0.4971,2763886245.12,2763886245.12,-19.8234,
600202.SH,¹þ¿Õµ÷,2018-04-19,6.4351,7.0895,6.4351,6.683,19343902,5.0461,2583716129.28,2583716129.28,-18.5312,
600202.SH,¹þ¿Õµ÷,2018-04-20,6.445,6.5838,6.1277,6.2368,10624236,2.7715,2411212826.88,2411212826.88,-17.294,
600202.SH,¹þ¿Õµ÷,2018-04-23,6.098,6.1773,5.8303,6.0286,11101108,2.8959,2330711285.76,2330711285.76,-16.7166,
600202.SH,¹þ¿Õµ÷,2018-04-24,6.0286,6.0286,6.0286,6.0286,--,--,2330711285.76,2330711285.76,-29.8755,
600202.SH,¹þ¿Õµ÷,2018-04-25,5.7311,5.7311,5.7311,5.7311,1659600,0.4329,2215709084.16,2215709084.16,-28.4014,
600202.SH,¹þ¿Õµ÷,2018-04-26,5.4436,5.4436,5.4436,5.4436,363200,0.0947,2104540289.28,2104540289.28,-26.9764,
600202.SH,¹þ¿Õµ÷,2018-04-27,5.1759,5.1759,5.1759,5.1759,1139000,0.2971,2001038307.84,2001038307.84,-25.6497,
600202.SH,¹þ¿Õµ÷,2018-05-02,4.9181,5.1164,4.9181,4.9181,11040012,2.8799,1901369733.12,1901369733.12,-24.3721,
600202.SH,¹þ¿Õµ÷,2018-05-03,4.8883,4.9081,4.6702,4.6702,9664497,2.5211,1805534565.12,1805534565.12,-23.1437,
600202.SH,¹þ¿Õµ÷,2018-05-04,4.7297,4.7792,4.69,4.7197,2972922,0.7755,1824701598.72,1824701598.72,-23.3894,
600202.SH,¹þ¿Õµ÷,2018-05-07,4.6999,4.9478,4.6801,4.8685,5338662,1.3927,1882202699.52,1882202699.52,-24.1264,
600202.SH,¹þ¿Õµ÷,2018-05-08,4.8387,5.0569,4.8189,4.9676,4321047,1.1272,1920536766.72,1920536766.72,-24.6178,
600202.SH,¹þ¿Õµ÷,2018-05-09,4.9676,4.9775,4.8486,4.8982,2391200,0.6238,1893702919.68,1893702919.68,-24.2738,
600202.SH,¹þ¿Õµ÷,2018-05-10,4.9478,4.9478,4.7892,4.8586,3068810,0.8005,1878369292.8,1878369292.8,-24.0773,
600202.SH,¹þ¿Õµ÷,2018-05-11,4.8387,4.928,4.809,4.8486,1908500,0.4979,1874535886.08,1874535886.08,-24.0282,
600202.SH,¹þ¿Õµ÷,2018-05-14,4.8586,4.8982,4.7297,4.7396,2239620,0.5842,1832368412.16,1832368412.16,-23.4877,
600202.SH,¹þ¿Õµ÷,2018-05-15,4.7594,4.7991,4.6404,4.6702,3836200,1.0007,1805534565.12,1805534565.12,-23.1437,
600202.SH,¹þ¿Õµ÷,2018-05-16,4.6305,4.6404,4.4322,4.4421,8577167,2.2375,1717366210.56,1717366210.56,-22.0135,
600202.SH,¹þ¿Õµ÷,2018-05-17,4.4421,4.5512,4.4322,4.5214,3227554,0.842,1748033464.32,1748033464.32,-22.4066,
600202.SH,¹þ¿Õµ÷,2018-05-18,4.5413,4.6999,4.5016,4.6702,3389176,0.8841,1805534565.12,1805534565.12,-23.1437,
600202.SH,¹þ¿Õµ÷,2018-05-21,4.7396,4.7693,4.6603,4.6999,3401505,0.8873,1817034785.28,1817034785.28,-23.2911,
600202.SH,¹þ¿Õµ÷,2018-05-22,4.7098,4.8586,4.6702,4.809,3079169,0.8032,1859202259.2,1859202259.2,-23.8316,
600202.SH,¹þ¿Õµ÷,2018-05-23,4.7197,4.7991,4.6702,4.6999,2579400,0.6729,1817034785.28,1817034785.28,-23.2911,
600202.SH,¹þ¿Õµ÷,2018-05-24,4.7197,4.7197,4.6206,4.6305,2011900,0.5248,1790200938.24,1790200938.24,-22.9471,
600202.SH,¹þ¿Õµ÷,2018-05-25,4.6107,4.6702,4.4322,4.5016,3772802,0.9842,1740366650.88,1740366650.88,-22.3084,
600202.SH,¹þ¿Õµ÷,2018-05-28,4.4719,4.5016,4.2736,4.2736,4953301,1.2921,1652198296.32,1652198296.32,-21.1782,
600202.SH,¹þ¿Õµ÷,2018-05-29,4.1843,4.4025,4.0554,4.1347,7380118,1.9252,1598530602.24,1598530602.24,-20.4903,
600202.SH,¹þ¿Õµ÷,2018-05-30,4.0951,4.0951,3.9265,3.9265,5662801,1.4772,1518029061.12,1518029061.12,-19.4584,
600202.SH,¹þ¿Õµ÷,2018-05-31,3.9265,3.9662,3.7877,3.8769,7676512,2.0025,1498862027.52,1498862027.52,-19.2127,
600202.SH,¹þ¿Õµ÷,2018-06-01,3.8373,3.9265,3.7976,3.867,3451679,0.9004,1495028620.8,1495028620.8,-19.1636,
600202.SH,¹þ¿Õµ÷,2018-06-04,3.867,3.9364,3.8373,3.867,2154800,0.5621,1495028620.8,1495028620.8,-19.1636,
600202.SH,¹þ¿Õµ÷,2018-06-05,3.8571,3.9265,3.8075,3.9067,2272300,0.5928,1510362247.68,1510362247.68,-19.3601,
600202.SH,¹þ¿Õµ÷,2018-06-06,3.9067,3.9563,3.8571,3.8769,3727721,0.9724,1498862027.52,1498862027.52,-19.2127,
600202.SH,¹þ¿Õµ÷,2018-06-07,3.867,3.8968,3.8174,3.8373,2534301,0.6611,1483528400.64,1483528400.64,-19.0162,
600202.SH,¹þ¿Õµ÷,2018-06-08,3.8373,3.8571,3.6885,3.7778,4547901,1.1864,1460527960.32,1460527960.32,-18.7213,
600202.SH,¹þ¿Õµ÷,2018-06-11,3.7679,3.7778,3.7183,3.748,2304708,0.6012,1449027740.16,1449027740.16,-18.5739,
600202.SH,¹þ¿Õµ÷,2018-06-12,3.7778,3.7976,3.7084,3.7579,2098233,0.5474,1452861146.88,1452861146.88,-18.6231,
600202.SH,¹þ¿Õµ÷,2018-06-13,3.7579,3.7579,3.5696,3.5696,9473331,2.4713,1380026419.2,1380026419.2,-17.6894,
600202.SH,¹þ¿Õµ÷,2018-06-14,3.4803,3.5398,3.4208,3.4605,6191394,1.6151,1337858945.28,1337858945.28,-17.1489,
600202.SH,¹þ¿Õµ÷,2018-06-15,3.4407,3.4902,3.2919,3.3018,6422146,1.6753,1276524437.76,1276524437.76,-16.3627,
600202.SH,¹þ¿Õµ÷,2018-06-19,3.2721,3.2721,3.1333,3.1333,4499208,1.1737,1211356523.52,1211356523.52,-15.5274,
600202.SH,¹þ¿Õµ÷,2018-06-20,3.0044,3.0639,2.9746,2.9746,8726750,2.2765,1150022016,1150022016,-14.7412,
600202.SH,¹þ¿Õµ÷,2018-06-21,2.9746,3.0936,2.935,2.9746,6268959,1.6353,1150022016,1150022016,-14.7412,
600202.SH,¹þ¿Õµ÷,2018-06-22,2.9449,3.1234,2.8854,3.0936,3278125,0.8551,1196022896.64,1196022896.64,-15.3309,
600202.SH,¹þ¿Õµ÷,2018-06-25,3.0837,3.1333,3.054,3.0837,1820759,0.475,1192189489.92,1192189489.92,-15.2817,
600202.SH,¹þ¿Õµ÷,2018-06-26,3.044,3.1928,2.9746,3.1531,2680908,0.6994,1219023336.96,1219023336.96,-15.6257,
600202.SH,¹þ¿Õµ÷,2018-06-27,3.1531,3.3118,3.1333,3.2622,4454859,1.1621,1261190810.88,1261190810.88,-16.1662,
600202.SH,¹þ¿Õµ÷,2018-06-28,3.2225,3.3018,3.1333,3.1432,3194641,0.8334,1215189930.24,1215189930.24,-15.5765,
600202.SH,¹þ¿Õµ÷,2018-06-29,3.1531,3.2126,3.1432,3.1928,4223701,1.1018,1234356963.84,1234356963.84,-15.8222,
600202.SH,¹þ¿Õµ÷,2018-07-02,3.2027,3.2027,3.0738,3.0837,3864800,1.0082,1192189489.92,1192189489.92,-15.2817,
600202.SH,¹þ¿Õµ÷,2018-07-03,3.0837,3.1531,3.0837,3.1531,2439649,0.6364,1219023336.96,1219023336.96,-15.6257,
600202.SH,¹þ¿Õµ÷,2018-07-04,3.1432,3.1531,3.0936,3.1234,2449608,0.639,1207523116.8,1207523116.8,-15.4783,
600202.SH,¹þ¿Õµ÷,2018-07-05,3.0738,3.1234,2.9845,3.0044,2822300,0.7362,1161522236.16,1161522236.16,-14.8886,
600202.SH,¹þ¿Õµ÷,2018-07-06,3.0044,3.054,2.9449,3.0242,3384449,0.8829,1169189049.6,1169189049.6,-14.9869,
600202.SH,¹þ¿Õµ÷,2018-07-09,3.0143,3.0936,3.0143,3.0936,1683349,0.4391,1196022896.64,1196022896.64,-15.3309,
600202.SH,¹þ¿Õµ÷,2018-07-10,3.1134,3.2027,3.0936,3.1829,2970900,0.775,1230523557.12,1230523557.12,-15.7731,
600202.SH,¹þ¿Õµ÷,2018-07-11,3.163,3.1729,3.0639,3.0936,2503300,0.653,1196022896.64,1196022896.64,-15.3309,
600202.SH,¹þ¿Õµ÷,2018-07-12,3.0936,3.2523,3.0738,3.2027,2989639,0.7799,1238190370.56,1238190370.56,-15.8714,
600202.SH,¹þ¿Õµ÷,2018-07-13,3.1829,3.3613,3.1729,3.3613,5090359,1.3279,1299524878.08,1299524878.08,-16.6576,
600202.SH,¹þ¿Õµ÷,2018-07-16,3.3316,3.5299,3.3316,3.5299,6666440,1.739,1364692792.32,1364692792.32,-17.4929,
600202.SH,¹þ¿Õµ÷,2018-07-17,3.5299,3.5299,3.3712,3.4506,3849900,1.0043,1334025538.56,1334025538.56,-17.0998,
600202.SH,¹þ¿Õµ÷,2018-07-18,3.4208,3.5398,3.4109,3.4307,1701600,0.4439,1326358725.12,1326358725.12,-17.0015,
600202.SH,¹þ¿Õµ÷,2018-07-19,3.401,3.4605,3.3018,3.3316,2195080,0.5726,1288024657.92,1288024657.92,-16.5101,
600202.SH,¹þ¿Õµ÷,2018-07-20,3.3514,3.4109,3.2721,3.401,1370500,0.3575,1314858504.96,1314858504.96,-16.8541,
600202.SH,¹þ¿Õµ÷,2018-07-23,3.3613,3.4208,3.3415,3.3812,1963240,0.5121,1307191691.52,1307191691.52,-16.7558,
600202.SH,¹þ¿Õµ÷,2018-07-24,3.3812,3.4407,3.3712,3.4407,1832765,0.4781,1330192131.84,1330192131.84,-17.0507,
600202.SH,¹þ¿Õµ÷,2018-07-25,3.4902,3.4902,3.4208,3.4605,1098761,0.2866,1337858945.28,1337858945.28,-17.1489,
600202.SH,¹þ¿Õµ÷,2018-07-26,3.4704,3.5398,3.4407,3.52,2229100,0.5815,1360859385.6,1360859385.6,-17.4438,
600202.SH,¹þ¿Õµ÷,2018-07-27,3.52,3.5398,3.4407,3.4803,1838031,0.4795,1345525758.72,1345525758.72,-17.2472,
600202.SH,¹þ¿Õµ÷,2018-07-30,3.52,3.52,3.3018,3.3514,2961368,0.7725,1295691471.36,1295691471.36,-16.6084,
600202.SH,¹þ¿Õµ÷,2018-07-31,3.3316,3.3812,3.2919,3.3613,1065168,0.2779,1299524878.08,1299524878.08,-16.6576,
600202.SH,¹þ¿Õµ÷,2018-08-01,3.3712,3.4704,3.3118,3.3415,2385300,0.6222,1291858064.64,1291858064.64,-16.5593,
600202.SH,¹þ¿Õµ÷,2018-08-02,3.3712,3.3812,3.1729,3.2126,3009000,0.7849,1242023777.28,1242023777.28,-15.9205,
600202.SH,¹þ¿Õµ÷,2018-08-03,3.2126,3.2324,3.0936,3.1432,3245900,0.8467,1215189930.24,1215189930.24,-15.5765,
600202.SH,¹þ¿Õµ÷,2018-08-06,3.1531,3.1928,3.054,3.0738,2202902,0.5747,1188356083.2,1188356083.2,-15.2326,
600202.SH,¹þ¿Õµ÷,2018-08-07,3.054,3.1531,3.054,3.1432,1581550,0.4126,1215189930.24,1215189930.24,-15.5765,
600202.SH,¹þ¿Õµ÷,2018-08-08,3.1432,3.2126,3.1234,3.1432,2072326,0.5406,1215189930.24,1215189930.24,-15.5765,
600202.SH,¹þ¿Õµ÷,2018-08-09,3.1432,3.2324,3.1234,3.1729,1867810,0.4872,1226690150.4,1226690150.4,-15.724,
600202.SH,¹þ¿Õµ÷,2018-08-10,3.163,3.2225,3.163,3.1829,1486843,0.3879,1230523557.12,1230523557.12,-15.7731,
600202.SH,¹þ¿Õµ÷,2018-08-13,3.1531,3.2324,3.1333,3.2324,2150901,0.5611,1249690590.72,1249690590.72,-16.0188,
600202.SH,¹þ¿Õµ÷,2018-08-14,3.2126,3.3812,3.2027,3.3118,2480100,0.647,1280357844.48,1280357844.48,-16.4119,
600202.SH,¹þ¿Õµ÷,2018-08-15,3.3018,3.3911,3.2324,3.3018,1964865,0.5126,1276524437.76,1276524437.76,-16.3627,
600202.SH,¹þ¿Õµ÷,2018-08-16,3.2919,3.2919,3.1531,3.2324,1867700,0.4872,1249690590.72,1249690590.72,-16.0188,
600202.SH,¹þ¿Õµ÷,2018-08-17,3.2622,3.2919,3.1729,3.2027,1461500,0.3813,1238190370.56,1238190370.56,-15.8714,
600202.SH,¹þ¿Õµ÷,2018-08-20,3.2027,3.2324,3.1531,3.2324,1045100,0.2726,1249690590.72,1249690590.72,-16.0188,
600202.SH,¹þ¿Õµ÷,2018-08-21,3.2919,3.3911,3.2523,3.3911,2953840,0.7706,1311025098.24,1311025098.24,-16.805,
600202.SH,¹þ¿Õµ÷,2018-08-22,3.4307,3.5596,3.3812,3.4208,7462900,1.9468,1322525318.4,1322525318.4,-16.9524,
600202.SH,¹þ¿Õµ÷,2018-08-23,3.3911,3.4506,3.3118,3.4208,4489674,1.1712,1322525318.4,1322525318.4,-16.9524,
600202.SH,¹þ¿Õµ÷,2018-08-24,3.3911,3.4704,3.3514,3.4109,3281000,0.8559,1318691911.68,1318691911.68,-16.9032,
600202.SH,¹þ¿Õµ÷,2018-08-27,3.4407,3.5696,3.401,3.5696,4736301,1.2355,1380026419.2,1380026419.2,-17.6894,
600202.SH,¹þ¿Õµ÷,2018-08-28,3.5596,3.5596,3.4208,3.4803,4975612,1.298,1345525758.72,1345525758.72,-27.8876,
600202.SH,¹þ¿Õµ÷,2018-08-29,3.4605,3.52,3.4407,3.4803,2335200,0.6092,1345525758.72,1345525758.72,-27.8876,
600202.SH,¹þ¿Õµ÷,2018-08-30,3.4803,3.5101,3.3514,3.3613,2550668,0.6654,1299524878.08,1299524878.08,-26.9342,
600202.SH,¹þ¿Õµ÷,2018-08-31,3.3613,3.4605,3.3415,3.3812,1936375,0.5051,1307191691.52,1307191691.52,-27.0931,
600202.SH,¹þ¿Õµ÷,2018-09-03,3.3812,3.401,3.3217,3.3812,1163141,0.3034,1307191691.52,1307191691.52,-27.0931,
600202.SH,¹þ¿Õµ÷,2018-09-04,3.401,3.4208,3.3613,3.4109,1594800,0.416,1318691911.68,1318691911.68,-27.3315,
600202.SH,¹þ¿Õµ÷,2018-09-05,3.4307,3.4506,3.3911,3.3911,1955647,0.5102,1311025098.24,1311025098.24,-27.1726,
600202.SH,¹þ¿Õµ÷,2018-09-06,3.3911,3.4208,3.3415,3.3514,1050300,0.274,1295691471.36,1295691471.36,-26.8547,
600202.SH,¹þ¿Õµ÷,2018-09-07,3.3613,3.3812,3.1829,3.3217,2032247,0.5301,1284191251.2,1284191251.2,-26.6164,
600202.SH,¹þ¿Õµ÷,2018-09-10,3.3415,3.3415,3.1829,3.1829,2093281,0.5461,1230523557.12,1230523557.12,-25.5041,
600202.SH,¹þ¿Õµ÷,2018-09-11,3.1829,3.2423,3.1333,3.2225,1989672,0.519,1245857184,1245857184,-25.8219,
600202.SH,¹þ¿Õµ÷,2018-09-12,3.2126,3.2622,3.1928,3.2423,1291840,0.337,1253523997.44,1253523997.44,-25.9808,
600202.SH,¹þ¿Õµ÷,2018-09-13,3.2622,3.2622,3.2126,3.2523,1004900,0.2621,1257357404.16,1257357404.16,-26.0602,
600202.SH,¹þ¿Õµ÷,2018-09-14,3.2622,3.3018,3.2225,3.2523,1109400,0.2894,1257357404.16,1257357404.16,-26.0602,
600202.SH,¹þ¿Õµ÷,2018-09-17,3.2523,3.2523,3.1928,3.1928,946300,0.2469,1234356963.84,1234356963.84,-25.5835,
600202.SH,¹þ¿Õµ÷,2018-09-18,3.2027,3.2919,3.1729,3.2721,1635451,0.4266,1265024217.6,1265024217.6,-26.2191,
600202.SH,¹þ¿Õµ÷,2018-09-19,3.2622,3.3118,3.2523,3.2919,1466007,0.3824,1272691031.04,1272691031.04,-26.378,
600202.SH,¹þ¿Õµ÷,2018-09-20,3.2919,3.3217,3.2622,3.282,1125246,0.2935,1268857624.32,1268857624.32,-26.2986,
600202.SH,¹þ¿Õµ÷,2018-09-21,3.2919,3.3316,3.2721,3.3217,1498281,0.3908,1284191251.2,1284191251.2,-26.6164,
600202.SH,¹þ¿Õµ÷,2018-09-25,3.3217,3.3415,3.282,3.3316,1299900,0.3391,1288024657.92,1288024657.92,-26.6958,
600202.SH,¹þ¿Õµ÷,2018-09-26,3.3118,3.3415,3.3018,3.3118,1498646,0.3909,1280357844.48,1280357844.48,-26.5369,
600202.SH,¹þ¿Õµ÷,2018-09-27,3.3118,3.3613,3.282,3.2919,1475500,0.3849,1272691031.04,1272691031.04,-26.378,
600202.SH,¹þ¿Õµ÷,2018-09-28,3.3415,3.4109,3.3018,3.3712,1897300,0.4949,1303358284.8,1303358284.8,-27.0137,
600202.SH,¹þ¿Õµ÷,2018-10-08,3.3613,3.3613,3.2721,3.3018,1452400,0.3789,1276524437.76,1276524437.76,-26.4575,
600202.SH,¹þ¿Õµ÷,2018-10-09,3.3018,3.3812,3.282,3.3217,1091276,0.2847,1284191251.2,1284191251.2,-26.6164,
600202.SH,¹þ¿Õµ÷,2018-10-10,3.3217,3.3712,3.282,3.3018,1181100,0.3081,1276524437.76,1276524437.76,-26.4575,
600202.SH,¹þ¿Õµ÷,2018-10-11,3.1829,3.2523,3.1333,3.1333,2919200,0.7615,1211356523.52,1211356523.52,-25.1068,
600202.SH,¹þ¿Õµ÷,2018-10-12,3.0936,3.1234,2.9746,3.0143,2826700,0.7374,1165355642.88,1165355642.88,-24.1534,
600202.SH,¹þ¿Õµ÷,2018-10-15,3.0143,3.1134,2.9845,2.9845,1252700,0.3268,1153855422.72,1153855422.72,-23.915,
600202.SH,¹þ¿Õµ÷,2018-10-16,2.9845,3.0341,2.9052,2.935,1166001,0.3042,1134688389.12,1134688389.12,-23.5178,
600202.SH,¹þ¿Õµ÷,2018-10-17,2.9746,2.9945,2.7862,2.9052,1930701,0.5037,1123188168.96,1123188168.96,-23.2794,
600202.SH,¹þ¿Õµ÷,2018-10-18,2.8953,2.8953,2.7565,2.7565,3078500,0.8031,1065687068.16,1065687068.16,-22.0876,
600202.SH,¹þ¿Õµ÷,2018-10-19,2.7466,2.8061,2.6474,2.7862,1788180,0.4665,1077187288.32,1077187288.32,-22.326,
600202.SH,¹þ¿Õµ÷,2018-10-22,2.9251,2.9251,2.9052,2.9251,1099882,0.2869,1130854982.4,1130854982.4,-23.4383,
600202.SH,¹þ¿Õµ÷,2018-10-23,3.0242,3.0738,2.9548,2.9746,5354048,1.3967,1150022016,1150022016,-23.8356,
600202.SH,¹þ¿Õµ÷,2018-10-24,2.9746,3.0738,2.9449,3.0341,2348782,0.6127,1173022456.32,1173022456.32,-24.3123,
600202.SH,¹þ¿Õµ÷,2018-10-25,2.935,3.1134,2.9052,3.0936,3285056,0.857,1196022896.64,1196022896.64,-24.789,
600202.SH,¹þ¿Õµ÷,2018-10-26,3.1035,3.2027,3.0738,3.1432,2151572,0.5613,1215189930.24,1215189930.24,-25.1863,
600202.SH,¹þ¿Õµ÷,2018-10-29,3.1333,3.2324,3.1333,3.163,1747454,0.4558,1222856743.68,1222856743.68,-25.3452,
600202.SH,¹þ¿Õµ÷,2018-10-30,3.1531,3.1928,3.054,3.1829,2708902,0.7067,1230523557.12,1230523557.12,-34.1632,
600202.SH,¹þ¿Õµ÷,2018-10-31,3.2027,3.3415,3.1928,3.3118,5083860,1.3262,1280357844.48,1280357844.48,-35.5468,
600202.SH,¹þ¿Õµ÷,2018-11-01,3.3018,3.3118,3.2423,3.2721,3254700,0.849,1265024217.6,1265024217.6,-35.1211,
600202.SH,¹þ¿Õµ÷,2018-11-02,3.2721,3.3316,3.2721,3.3316,2695700,0.7032,1288024657.92,1288024657.92,-35.7596,
600202.SH,¹þ¿Õµ÷,2018-11-05,3.3415,3.4902,3.3316,3.4109,6396000,1.6685,1318691911.68,1318691911.68,-36.611,
600202.SH,¹þ¿Õµ÷,2018-11-06,3.3911,3.4307,3.3613,3.4208,3427283,0.8941,1322525318.4,1322525318.4,-36.7175,
600202.SH,¹þ¿Õµ÷,2018-11-07,3.3911,3.5101,3.3911,3.4307,3756000,0.9798,1326358725.12,1326358725.12,-36.8239,
600202.SH,¹þ¿Õµ÷,2018-11-08,3.4208,3.5993,3.4109,3.5497,7308883,1.9066,1372359605.76,1372359605.76,-38.101,
600202.SH,¹þ¿Õµ÷,2018-11-09,3.5299,3.7282,3.5101,3.7183,8192459,2.1371,1437527520,1437527520,-39.9103,
600202.SH,¹þ¿Õµ÷,2018-11-12,3.7381,3.9067,3.6588,3.9067,5859368,1.5285,1510362247.68,1510362247.68,-41.9324,
600202.SH,¹þ¿Õµ÷,2018-11-13,3.9463,4.105,3.8769,4.105,2658704,0.6936,1587030382.08,1587030382.08,-44.061,
600202.SH,¹þ¿Õµ÷,2018-11-14,4.3033,4.3132,3.8968,3.8968,15039240,3.9232,1506528840.96,1506528840.96,-41.826,
600202.SH,¹þ¿Õµ÷,2018-11-15,3.7679,3.8174,3.6985,3.7282,9465915,2.4693,1441360926.72,1441360926.72,-40.0167,
600202.SH,¹þ¿Õµ÷,2018-11-16,3.7183,3.9166,3.6985,3.9166,6464832,1.6864,1514195654.4,1514195654.4,-42.0388,
600202.SH,¹þ¿Õµ÷,2018-11-19,3.8174,3.867,3.7183,3.8174,6296200,1.6425,1475861587.2,1475861587.2,-40.9746,
600202.SH,¹þ¿Õµ÷,2018-11-20,3.7877,4.0058,3.7679,3.8769,5868024,1.5308,1498862027.52,1498862027.52,-41.6131,
600202.SH,¹þ¿Õµ÷,2018-11-21,3.8769,3.9463,3.7778,3.9364,4397436,1.1471,1521862467.84,1521862467.84,-42.2517,
600202.SH,¹þ¿Õµ÷,2018-11-22,3.9463,4.0356,3.9166,4.0058,3829375,0.9989,1548696314.88,1548696314.88,-42.9967,
600202.SH,¹þ¿Õµ÷,2018-11-23,4.0058,4.0158,3.8075,3.8075,4453800,1.1618,1472028180.48,1472028180.48,-40.8681,
600202.SH,¹þ¿Õµ÷,2018-11-26,3.7679,3.7976,3.6191,3.629,3771207,0.9838,1403026859.52,1403026859.52,-38.9524,
600202.SH,¹þ¿Õµ÷,2018-11-27,3.6489,3.7282,3.639,3.6687,2023500,0.5279,1418360486.4,1418360486.4,-39.3781,
600202.SH,¹þ¿Õµ÷,2018-11-28,3.6687,3.7679,3.6191,3.748,2290000,0.5974,1449027740.16,1449027740.16,-40.2296,
600202.SH,¹þ¿Õµ÷,2018-11-29,3.7579,3.8174,3.629,3.639,2483700,0.6479,1406860266.24,1406860266.24,-39.0589,
600202.SH,¹þ¿Õµ÷,2018-11-30,3.6191,3.6687,3.5696,3.6191,1536656,0.4009,1399193452.8,1399193452.8,-38.846,
600202.SH,¹þ¿Õµ÷,2018-12-03,3.6588,3.7579,3.6588,3.7183,2751216,0.7177,1437527520,1437527520,-39.9103,
600202.SH,¹þ¿Õµ÷,2018-12-04,3.7282,3.9067,3.6885,3.9067,4236984,1.1053,1510362247.68,1510362247.68,-41.9324,
600202.SH,¹þ¿Õµ÷,2018-12-05,3.8274,3.9662,3.8075,3.8968,4923922,1.2845,1506528840.96,1506528840.96,-41.826,
600202.SH,¹þ¿Õµ÷,2018-12-06,3.8868,3.8868,3.7877,3.8075,3069222,0.8007,1472028180.48,1472028180.48,-40.8681,
600202.SH,¹þ¿Õµ÷,2018-12-07,3.8075,3.8472,3.748,3.7877,2097200,0.5471,1464361367.04,1464361367.04,-40.6553,
600202.SH,¹þ¿Õµ÷,2018-12-10,3.7679,3.8075,3.7084,3.7877,2681436,0.6995,1464361367.04,1464361367.04,-40.6553,
600202.SH,¹þ¿Õµ÷,2018-12-11,3.8769,3.8769,3.7282,3.7679,2561700,0.6683,1456694553.6,1456694553.6,-40.4424,
600202.SH,¹þ¿Õµ÷,2018-12-12,3.7877,3.7976,3.639,3.6588,2870900,0.7489,1414527079.68,1414527079.68,-39.2717,
600202.SH,¹þ¿Õµ÷,2018-12-13,3.6687,3.6885,3.6092,3.6687,1865001,0.4865,1418360486.4,1418360486.4,-39.3781,
600202.SH,¹þ¿Õµ÷,2018-12-14,3.629,3.7084,3.6191,3.629,1695400,0.4423,1403026859.52,1403026859.52,-38.9524,
600202.SH,¹þ¿Õµ÷,2018-12-17,3.629,3.6588,3.5894,3.6191,839900,0.2191,1399193452.8,1399193452.8,-38.846,
600202.SH,¹þ¿Õµ÷,2018-12-18,3.6191,3.7084,3.5993,3.6489,1725400,0.4501,1410693672.96,1410693672.96,-39.1653,
600202.SH,¹þ¿Õµ÷,2018-12-19,3.6885,3.6885,3.629,3.639,1775700,0.4632,1406860266.24,1406860266.24,-39.0589,
600202.SH,¹þ¿Õµ÷,2018-12-20,3.6489,3.6489,3.5993,3.6489,1343501,0.3505,1410693672.96,1410693672.96,-39.1653,
600202.SH,¹þ¿Õµ÷,2018-12-21,3.629,3.629,3.4704,3.5299,3291771,0.8587,1364692792.32,1364692792.32,-37.8882,
600202.SH,¹þ¿Õµ÷,2018-12-24,3.5001,3.5497,3.4704,3.5001,1753800,0.4575,1353192572.16,1353192572.16,-37.5689,
600202.SH,¹þ¿Õµ÷,2018-12-25,3.4208,3.4506,3.3217,3.3613,4129001,1.0771,1299524878.08,1299524878.08,-36.0789,
600202.SH,¹þ¿Õµ÷,2018-12-26,3.3415,3.3812,3.3217,3.3613,1092801,0.2851,1299524878.08,1299524878.08,-36.0789,
600202.SH,¹þ¿Õµ÷,2018-12-27,3.401,3.4109,3.2622,3.2721,2638400,0.6883,1265024217.6,1265024217.6,-35.1211,
600202.SH,¹þ¿Õµ÷,2018-12-28,3.3217,3.3217,3.1432,3.2622,2811130,0.7333,1261190810.88,1261190810.88,-35.0146,
600202.SH,¹þ¿Õµ÷,2019-01-02,3.2721,3.4109,3.2622,3.3712,3170162,0.827,1303358284.8,1303358284.8,-36.1853,
600202.SH,¹þ¿Õµ÷,2019-01-03,3.3712,3.3812,3.2225,3.3316,1835902,0.4789,1288024657.92,1288024657.92,-35.7596,
600202.SH,¹þ¿Õµ÷,2019-01-04,3.282,3.4605,3.2622,3.4407,2668136,0.696,1330192131.84,1330192131.84,-36.9303,
600202.SH,¹þ¿Õµ÷,2019-01-07,3.4506,3.5299,3.4407,3.5001,2143386,0.5591,1353192572.16,1353192572.16,-37.5689,
600202.SH,¹þ¿Õµ÷,2019-01-08,3.4803,3.6092,3.4605,3.5596,2618042,0.683,1376193012.48,1376193012.48,-38.2074,
600202.SH,¹þ¿Õµ÷,2019-01-09,3.5299,3.5993,3.5101,3.5398,2271300,0.5925,1368526199.04,1368526199.04,-37.9946,
600202.SH,¹þ¿Õµ÷,2019-01-10,3.5398,3.5993,3.5398,3.5696,1979510,0.5164,1380026419.2,1380026419.2,-38.3139,
600202.SH,¹þ¿Õµ÷,2019-01-11,3.5894,3.5894,3.5398,3.5696,1926017,0.5024,1380026419.2,1380026419.2,-38.3139,
600202.SH,¹þ¿Õµ÷,2019-01-14,3.5696,3.5894,3.5596,3.5696,1328011,0.3464,1380026419.2,1380026419.2,-38.3139,
600202.SH,¹þ¿Õµ÷,2019-01-15,3.5596,3.7282,3.5497,3.6885,2627921,0.6855,1426027299.84,1426027299.84,-39.591,
600202.SH,¹þ¿Õµ÷,2019-01-16,3.6588,3.6885,3.6489,3.6588,1135700,0.2963,1414527079.68,1414527079.68,-39.2717,
600202.SH,¹þ¿Õµ÷,2019-01-17,3.6687,3.7579,3.639,3.6786,1942044,0.5066,1422193893.12,1422193893.12,-39.4846,
600202.SH,¹þ¿Õµ÷,2019-01-18,3.6786,3.7183,3.5894,3.639,1833100,0.4782,1406860266.24,1406860266.24,-39.0589,
600202.SH,¹þ¿Õµ÷,2019-01-21,3.6489,3.6786,3.6092,3.629,1145212,0.2987,1403026859.52,1403026859.52,-38.9524,
600202.SH,¹þ¿Õµ÷,2019-01-22,3.629,3.639,3.5596,3.5993,1241972,0.324,1391526639.36,1391526639.36,-38.6332,
600202.SH,¹þ¿Õµ÷,2019-01-23,3.5696,3.6191,3.5497,3.6191,1164700,0.3038,1399193452.8,1399193452.8,-38.846,
600202.SH,¹þ¿Õµ÷,2019-01-24,3.6191,3.6985,3.5993,3.6786,2200922,0.5741,1422193893.12,1422193893.12,-39.4846,
600202.SH,¹þ¿Õµ÷,2019-01-25,3.6885,3.7778,3.6687,3.6885,1813880,0.4732,1426027299.84,1426027299.84,-39.591,
600202.SH,¹þ¿Õµ÷,2019-01-28,3.6885,3.748,3.6489,3.6687,1090060,0.2844,1418360486.4,1418360486.4,-39.3781,
600202.SH,¹þ¿Õµ÷,2019-01-29,3.6191,3.6489,3.4902,3.5299,2707101,0.7062,1364692792.32,1364692792.32,-37.8882,
600202.SH,¹þ¿Õµ÷,2019-01-30,3.5299,3.5894,3.4902,3.4902,1930612,0.5036,1349359165.44,1349359165.44,-37.4625,
600202.SH,¹þ¿Õµ÷,2019-01-31,3.4803,3.52,3.3118,3.3217,3743529,0.9766,1284191251.2,1284191251.2,-35.6532,
600202.SH,¹þ¿Õµ÷,2019-02-01,3.3514,3.4109,3.3217,3.4109,1500581,0.3914,1318691911.68,1318691911.68,-36.611,
600202.SH,¹þ¿Õµ÷,2019-02-11,3.4109,3.5696,3.4109,3.5497,1782900,0.4651,1372359605.76,1372359605.76,-38.101,
600202.SH,¹þ¿Õµ÷,2019-02-12,3.5795,3.6489,3.5497,3.6191,2170710,0.5663,1399193452.8,1399193452.8,-38.846,
600202.SH,¹þ¿Õµ÷,2019-02-13,3.6191,3.7282,3.5894,3.6985,2591820,0.6761,1429860706.56,1429860706.56,-39.6974,
600202.SH,¹þ¿Õµ÷,2019-02-14,3.6687,3.7183,3.6489,3.6985,2480610,0.6471,1429860706.56,1429860706.56,-39.6974,
600202.SH,¹þ¿Õµ÷,2019-02-15,3.6687,3.7976,3.6588,3.7381,2995435,0.7814,1445194333.44,1445194333.44,-40.1231,
600202.SH,¹þ¿Õµ÷,2019-02-18,3.7381,3.8274,3.7381,3.8174,2387136,0.6227,1475861587.2,1475861587.2,-40.9746,
600202.SH,¹þ¿Õµ÷,2019-02-19,3.8274,3.8472,3.7282,3.8174,3684406,0.9611,1475861587.2,1475861587.2,-40.9746,
600202.SH,¹þ¿Õµ÷,2019-02-20,3.8274,3.8868,3.7976,3.8472,2576070,0.672,1487361807.36,1487361807.36,-41.2938,
600202.SH,¹þ¿Õµ÷,2019-02-21,3.8174,3.9364,3.7778,3.8075,4264400,1.1124,1472028180.48,1472028180.48,-40.8681,
600202.SH,¹þ¿Õµ÷,2019-02-22,3.7877,3.8472,3.7778,3.8472,3165552,0.8258,1487361807.36,1487361807.36,-41.2938,
600202.SH,¹þ¿Õµ÷,2019-02-25,3.8274,4.0158,3.8274,3.9959,8408859,2.1936,1544862908.16,1544862908.16,-42.8903,
600202.SH,¹þ¿Õµ÷,2019-02-26,4.0257,4.0653,3.9563,3.986,5334385,1.3916,1541029501.44,1541029501.44,-42.7838,
600202.SH,¹þ¿Õµ÷,2019-02-27,3.9761,4.0752,3.9761,4.0158,4894853,1.2769,1552529721.6,1552529721.6,-43.1031,
600202.SH,¹þ¿Õµ÷,2019-02-28,4.0158,4.2141,3.9959,4.1744,5910597,1.5419,1613864229.12,1613864229.12,-44.8059,
600202.SH,¹þ¿Õµ÷,2019-03-01,4.2141,4.2934,4.1645,4.2141,5945646,1.551,1629197856,1629197856,-45.2317,
600202.SH,¹þ¿Õµ÷,2019-03-04,4.2835,4.3529,4.2339,4.3033,8103400,2.1139,1663698516.48,1663698516.48,-46.1895,
600202.SH,¹þ¿Õµ÷,2019-03-05,4.3529,4.4124,4.2438,4.3132,8636374,2.2529,1667531923.2,1667531923.2,80.0172,
600202.SH,¹þ¿Õµ÷,2019-03-06,4.3132,4.5314,4.2835,4.5314,6923916,1.8062,1751866871.04,1751866871.04,84.064,
600202.SH,¹þ¿Õµ÷,2019-03-07,4.7594,4.7594,4.6702,4.7594,3083163,0.8043,1840035225.6,1840035225.6,88.2948,
600202.SH,¹þ¿Õµ÷,2019-03-08,4.8586,4.9875,4.5214,4.5214,17695361,4.6161,1748033464.32,1748033464.32,83.8801,
600202.SH,¹þ¿Õµ÷,2019-03-11,4.5115,4.7495,4.5115,4.7495,7883720,2.0566,1836201818.88,1836201818.88,88.1108,
600202.SH,¹þ¿Õµ÷,2019-03-12,4.9379,4.9875,4.7396,4.7991,9110149,2.3765,1855368852.48,1855368852.48,89.0306,
600202.SH,¹þ¿Õµ÷,2019-03-13,4.8486,4.928,4.7098,4.7792,7141410,1.8629,1847702039.04,1847702039.04,88.6627,
600202.SH,¹þ¿Õµ÷,2019-03-14,4.7594,4.7991,4.5413,4.5512,8880270,2.3165,1759533684.48,1759533684.48,84.4319,
600202.SH,¹þ¿Õµ÷,2019-03-15,4.5908,4.7297,4.5809,4.7098,5487673,1.4315,1820868192,1820868192,87.3751,
600202.SH,¹þ¿Õµ÷,2019-03-18,4.7594,4.9478,4.7594,4.9478,6695672,1.7467,1912869953.28,1912869953.28,91.7898,
600202.SH,¹þ¿Õµ÷,2019-03-19,5.047,5.1957,4.9775,5.1461,9645157,2.5161,1989538087.68,1989538087.68,95.4687,
600202.SH,¹þ¿Õµ÷,2019-03-20,5.0569,5.2651,4.9775,5.1759,9655399,2.5188,2001038307.84,2001038307.84,96.0206,
600202.SH,¹þ¿Õµ÷,2019-03-21,5.2353,5.394,5.1957,5.275,6647425,1.7341,2039372375.04,2039372375.04,97.8601,
600202.SH,¹þ¿Õµ÷,2019-03-22,5.2849,5.4733,5.1659,5.4733,8740855,2.2802,2116040509.44,2116040509.44,101.539,
600202.SH,¹þ¿Õµ÷,2019-03-25,5.4535,5.5824,5.3048,5.3246,10229130,2.6684,2058539408.64,2058539408.64,98.7798,
600202.SH,¹þ¿Õµ÷,2019-03-26,5.4237,5.5923,5.3246,5.4535,17784498,4.6393,2108373696,2108373696,101.1711,
600202.SH,¹þ¿Õµ÷,2019-03-27,5.4832,5.5229,5.2056,5.3543,10892698,2.8415,2070039628.8,2070039628.8,99.3316,
600202.SH,¹þ¿Õµ÷,2019-03-28,5.394,5.6221,5.394,5.6221,9742630,2.5415,2173541610.24,2173541610.24,104.2982,
600202.SH,¹þ¿Õµ÷,2019-03-29,5.7609,5.8005,5.4138,5.8005,16684896,4.3525,2242542931.2,2242542931.2,107.6093,
600202.SH,¹þ¿Õµ÷,2019-04-01,5.8005,5.8005,5.8005,5.8005,--,--,2242542931.2,2242542931.2,107.6093,
600202.SH,¹þ¿Õµ÷,2019-04-02,6.3855,6.3855,5.7906,6.0682,46498986,12.1299,2346044912.64,2346044912.64,112.5759,
600202.SH,¹þ¿Õµ÷,2019-04-03,6.3161,6.6731,6.1178,6.6731,35923462,9.3712,2579882722.56,2579882722.56,123.7967,
600202.SH,¹þ¿Õµ÷,2019-04-04,6.8813,7.0895,6.336,6.3657,48547030,12.6642,2461047114.24,2461047114.24,118.0943,
600202.SH,¹þ¿Õµ÷,2019-04-08,6.2467,6.3161,5.86,6.0088,27493924,7.1722,2323044472.32,2323044472.32,111.4722,
600202.SH,¹þ¿Õµ÷,2019-04-09,5.9592,6.1178,5.741,6.098,19787988,5.162,2357545132.8,2357545132.8,113.1277,
600202.SH,¹þ¿Õµ÷,2019-04-10,5.9691,6.0088,5.8699,5.8898,13328983,3.4771,2277043591.68,2277043591.68,109.2648,
600202.SH,¹þ¿Õµ÷,2019-04-11,5.8898,5.9393,5.5824,5.632,14833139,3.8694,2177375016.96,2177375016.96,104.4822,
600202.SH,¹þ¿Õµ÷,2019-04-12,5.632,5.9096,5.5923,5.7906,10740374,2.8018,2238709524.48,2238709524.48,107.4253,
600202.SH,¹þ¿Õµ÷,2019-04-15,5.8104,5.8799,5.632,5.6716,8312038,2.1683,2192708643.84,2192708643.84,105.218,
600202.SH,¹þ¿Õµ÷,2019-04-16,5.6815,5.7014,5.4832,5.6915,9153340,2.3878,2200375457.28,2200375457.28,105.5859,
600202.SH,¹þ¿Õµ÷,2019-04-17,5.6518,5.7014,5.5725,5.6915,9219838,2.4051,2200375457.28,2200375457.28,105.5859,
600202.SH,¹þ¿Õµ÷,2019-04-18,5.7311,5.8005,5.632,5.7212,9691236,2.5281,2211875677.44,2211875677.44,106.1377,
600202.SH,¹þ¿Õµ÷,2019-04-19,5.741,5.7906,5.7014,5.7906,7729800,2.0164,2238709524.48,2238709524.48,107.4253,
600202.SH,¹þ¿Õµ÷,2019-04-22,5.7906,6.0881,5.751,5.9294,12187243,3.1792,2292377218.56,2292377218.56,110.0006,
600202.SH,¹þ¿Õµ÷,2019-04-23,5.9096,5.9096,5.5626,5.5824,9073537,2.367,2158207983.36,2158207983.36,48.0603,
600202.SH,¹þ¿Õµ÷,2019-04-24,5.6121,5.7708,5.5626,5.6915,7216272,1.8825,2200375457.28,2200375457.28,48.9993,
600202.SH,¹þ¿Õµ÷,2019-04-25,5.7014,5.751,5.275,5.2948,9484500,2.4742,2047039188.48,2047039188.48,45.5847,
600202.SH,¹þ¿Õµ÷,2019-04-26,5.2453,5.513,5.2453,5.3841,8455631,2.2058,2081539848.96,2081539848.96,46.353,
600202.SH,¹þ¿Õµ÷,2019-04-29,5.5229,5.5229,4.9974,5.0172,8233000,2.1477,1939703800.32,1939703800.32,43.1945,
600202.SH,¹þ¿Õµ÷,2019-04-30,5.0271,5.2552,5.0271,5.156,5624400,1.4672,1993371494.4,1993371494.4,44.3896,
600202.SH,¹þ¿Õµ÷,2019-05-06,5.1362,5.1362,4.6404,4.6404,10302089,2.6875,1794034344.96,1794034344.96,39.9507,
600202.SH,¹þ¿Õµ÷,2019-05-07,4.6503,4.8387,4.6503,4.69,6766567,1.7652,1813201378.56,1813201378.56,40.3775,
600202.SH,¹þ¿Õµ÷,2019-05-08,4.6008,4.8982,4.6008,4.7396,7357150,1.9192,1832368412.16,1832368412.16,40.8043,
600202.SH,¹þ¿Õµ÷,2019-05-09,4.8486,5.2155,4.7396,4.9478,18534746,4.8351,1912869953.28,1912869953.28,42.597,
600202.SH,¹þ¿Õµ÷,2019-05-10,4.8982,5.0668,4.8982,5.047,14221260,3.7098,1951204020.48,1951204020.48,43.4506,
600202.SH,¹þ¿Õµ÷,2019-05-13,4.9577,5.5031,4.9577,5.3742,19191260,5.0063,2077706442.24,2077706442.24,46.2677,
600202.SH,¹þ¿Õµ÷,2019-05-14,5.2353,5.2948,5.0668,5.1164,15133101,3.9477,1978037867.52,1978037867.52,44.0482,
600202.SH,¹þ¿Õµ÷,2019-05-15,5.1858,5.2353,5.1064,5.1759,6395369,1.6683,2001038307.84,2001038307.84,44.5604,
600202.SH,¹þ¿Õµ÷,2019-05-16,5.1858,5.2353,5.1659,5.2056,5902300,1.5397,2012538528,2012538528,44.8165,
600202.SH,¹þ¿Õµ÷,2019-05-17,5.2254,5.275,4.9775,4.9974,6965500,1.8171,1932036986.88,1932036986.88,43.0238,
600202.SH,¹þ¿Õµ÷,2019-05-20,4.9775,5.0965,4.8387,5.0569,6211100,1.6203,1955037427.2,1955037427.2,43.536,
600202.SH,¹þ¿Õµ÷,2019-05-21,5.1064,5.2948,5.047,5.2651,6701500,1.7482,2035538968.32,2035538968.32,45.3286,
600202.SH,¹þ¿Õµ÷,2019-05-22,5.2948,5.3048,5.1263,5.2254,4979515,1.299,2020205341.44,2020205341.44,44.9872,
600202.SH,¹þ¿Õµ÷,2019-05-23,5.156,5.2353,4.9775,5.0073,5187950,1.3534,1935870393.6,1935870393.6,43.1092,
600202.SH,¹þ¿Õµ÷,2019-05-24,4.9676,5.0172,4.8387,4.9081,4082658,1.065,1897536326.4,1897536326.4,42.2555,
600202.SH,¹þ¿Õµ÷,2019-05-27,4.9181,5.037,4.8586,5.0073,3594931,0.9378,1935870393.6,1935870393.6,43.1092,
600202.SH,¹þ¿Õµ÷,2019-05-28,5.1263,5.1263,4.9974,5.037,3773416,0.9844,1947370613.76,1947370613.76,43.3653,
600202.SH,¹þ¿Õµ÷,2019-05-29,5.0767,5.1164,4.9775,5.0668,3741328,0.976,1958870833.92,1958870833.92,43.6213,
600202.SH,¹þ¿Õµ÷,2019-05-30,5.0767,5.0767,4.9181,4.9577,3536950,0.9227,1916703360,1916703360,42.6823,
600202.SH,¹þ¿Õµ÷,2019-05-31,4.9974,5.0271,4.8982,4.9379,3096700,0.8078,1909036546.56,1909036546.56,42.5116,
600202.SH,¹þ¿Õµ÷,2019-06-03,4.9081,4.9478,4.7197,4.7594,4150969,1.0828,1840035225.6,1840035225.6,40.975,
600202.SH,¹þ¿Õµ÷,2019-06-04,5.156,5.156,4.8387,4.8982,8091969,2.1109,1893702919.68,1893702919.68,42.1701,
600202.SH,¹þ¿Õµ÷,2019-06-05,4.8189,4.8784,4.6702,4.69,6328400,1.6509,1813201378.56,1813201378.56,40.3775,
600202.SH,¹þ¿Õµ÷,2019-06-06,4.7396,4.7396,4.5512,4.6305,4317344,1.1262,1790200938.24,1790200938.24,39.8653,
600202.SH,¹þ¿Õµ÷,2019-06-10,4.6801,4.6999,4.5809,4.6503,4092422,1.0676,1797867751.68,1797867751.68,40.036,
600202.SH,¹þ¿Õµ÷,2019-06-11,4.5809,4.7991,4.5809,4.7892,5339841,1.393,1851535445.76,1851535445.76,41.2311,
600202.SH,¹þ¿Õµ÷,2019-06-12,4.7594,5.2353,4.7495,5.1164,8895283,2.3205,1978037867.52,1978037867.52,44.0482,
600202.SH,¹þ¿Õµ÷,2019-06-13,5.0271,5.0965,4.928,5.0073,7710813,2.0115,1935870393.6,1935870393.6,43.1092,
600202.SH,¹þ¿Õµ÷,2019-06-14,4.9974,5.0569,4.9081,5.0172,5112477,1.3337,1939703800.32,1939703800.32,43.1945,
600202.SH,¹þ¿Õµ÷,2019-06-17,5.0172,5.0172,4.8883,4.9181,3181844,0.83,1901369733.12,1901369733.12,42.3409,
600202.SH,¹þ¿Õµ÷,2019-06-18,4.9577,4.9577,4.8288,4.8883,2760414,0.7201,1889869512.96,1889869512.96,42.0848,
600202.SH,¹þ¿Õµ÷,2019-06-19,4.9577,5.0271,4.9181,4.928,3604400,0.9403,1905203139.84,1905203139.84,42.4262,
600202.SH,¹þ¿Õµ÷,2019-06-20,4.8982,4.9875,4.8586,4.9775,4004705,1.0447,1924370173.44,1924370173.44,42.8531,
600202.SH,¹þ¿Õµ÷,2019-06-21,5.037,5.1064,4.9974,5.047,5998000,1.5647,1951204020.48,1951204020.48,43.4506,
600202.SH,¹þ¿Õµ÷,2019-06-24,5.0271,5.1263,5.0073,5.1064,4594988,1.1987,1974204460.8,1974204460.8,43.9628,
600202.SH,¹þ¿Õµ÷,2019-06-25,5.1064,5.1064,5.0073,5.037,3983700,1.0392,1947370613.76,1947370613.76,43.3653,
600202.SH,¹þ¿Õµ÷,2019-06-26,5.037,5.1362,5.0271,5.0569,3703872,0.9662,1955037427.2,1955037427.2,43.536,
600202.SH,¹þ¿Õµ÷,2019-06-27,5.0569,5.0965,4.9974,5.0767,2910100,0.7591,1962704240.64,1962704240.64,43.7067,
600202.SH,¹þ¿Õµ÷,2019-06-28,5.0866,5.0866,4.9577,5.0172,2529500,0.6599,1939703800.32,1939703800.32,43.1945,
600202.SH,¹þ¿Õµ÷,2019-07-01,5.0767,5.1164,5.047,5.0866,3835106,1.0004,1966537647.36,1966537647.36,43.7921,
600202.SH,¹þ¿Õµ÷,2019-07-02,5.1659,5.2849,5.1064,5.1263,5786686,1.5095,1981871274.24,1981871274.24,44.1335,
600202.SH,¹þ¿Õµ÷,2019-07-03,5.1164,5.1164,4.9875,5.037,3709053,0.9676,1947370613.76,1947370613.76,43.3653,
600202.SH,¹þ¿Õµ÷,2019-07-04,5.0569,5.0767,5.0073,5.0172,2607840,0.6803,1939703800.32,1939703800.32,43.1945,
600202.SH,¹þ¿Õµ÷,2019-07-05,5.0073,5.037,4.9676,5.0172,2018217,0.5265,1939703800.32,1939703800.32,43.1945,
600202.SH,¹þ¿Õµ÷,2019-07-08,5.0172,5.0172,4.7693,4.8288,3241894,0.8457,1866869072.64,1866869072.64,41.5726,
600202.SH,¹þ¿Õµ÷,2019-07-09,4.7594,4.8486,4.7495,4.809,1936322,0.5051,1859202259.2,1859202259.2,41.4019,
600202.SH,¹þ¿Õµ÷,2019-07-10,4.809,4.8387,4.7495,4.7693,2023676,0.5279,1843868632.32,1843868632.32,41.0604,
600202.SH,¹þ¿Õµ÷,2019-07-11,4.7594,4.8486,4.7594,4.7693,1660323,0.4331,1843868632.32,1843868632.32,41.0604,
600202.SH,¹þ¿Õµ÷,2019-07-12,4.809,4.8982,4.7396,4.8982,2790804,0.728,1893702919.68,1893702919.68,42.1701,
600202.SH,¹þ¿Õµ÷,2019-07-15,4.8883,4.9379,4.7991,4.9081,3124378,0.815,1897536326.4,1897536326.4,42.2555,
600202.SH,¹þ¿Õµ÷,2019-07-16,4.8982,4.9577,4.8784,4.9081,1248300,0.3256,1897536326.4,1897536326.4,42.2555,
600202.SH,¹þ¿Õµ÷,2019-07-17,4.9081,5.0172,4.9081,5.0073,4052587,1.0572,1935870393.6,1935870393.6,43.1092,
600202.SH,¹þ¿Õµ÷,2019-07-18,4.9478,4.9775,4.8685,4.8982,2110114,0.5505,1893702919.68,1893702919.68,42.1701,
600202.SH,¹þ¿Õµ÷,2019-07-19,4.8982,4.9676,4.8883,4.9478,1663829,0.434,1912869953.28,1912869953.28,42.597,
600202.SH,¹þ¿Õµ÷,2019-07-22,4.9478,4.9478,4.7098,4.7396,3895322,1.0162,1832368412.16,1832368412.16,40.8043,
600202.SH,¹þ¿Õµ÷,2019-07-23,4.69,4.8486,4.6702,4.8189,2914500,0.7603,1863035665.92,1863035665.92,41.4872,
600202.SH,¹þ¿Õµ÷,2019-07-24,4.8486,4.9379,4.8189,4.9081,2398768,0.6258,1897536326.4,1897536326.4,42.2555,
600202.SH,¹þ¿Õµ÷,2019-07-25,4.9478,4.9875,4.8982,4.9676,2911230,0.7594,1920536766.72,1920536766.72,42.7677,
600202.SH,¹þ¿Õµ÷,2019-07-26,4.9676,5.0172,4.9379,4.9974,2664600,0.6951,1932036986.88,1932036986.88,43.0238,
600202.SH,¹þ¿Õµ÷,2019-07-29,5.0172,5.0767,4.9775,5.037,2859538,0.746,1947370613.76,1947370613.76,43.3653,
600202.SH,¹þ¿Õµ÷,2019-07-30,5.0271,5.1064,5.0271,5.047,2874600,0.7499,1951204020.48,1951204020.48,43.4506,
600202.SH,¹þ¿Õµ÷,2019-07-31,5.156,5.1659,5.0271,5.047,2706953,0.7061,1951204020.48,1951204020.48,43.4506,
600202.SH,¹þ¿Õµ÷,2019-08-01,5.0172,5.0965,4.9875,5.0767,3516401,0.9173,1962704240.64,1962704240.64,43.7067,
600202.SH,¹þ¿Õµ÷,2019-08-02,4.9676,5.0271,4.8586,4.9676,3965199,1.0344,1920536766.72,1920536766.72,42.7677,
600202.SH,¹þ¿Õµ÷,2019-08-05,4.9775,5.0767,4.8982,5.0767,4831238,1.2603,1962704240.64,1962704240.64,43.7067,
600202.SH,¹þ¿Õµ÷,2019-08-06,5.156,5.4733,4.9081,5.394,24814991,6.4734,2085373255.68,2085373255.68,45.2529,
600202.SH,¹þ¿Õµ÷,2019-08-07,5.2155,5.3841,5.1659,5.1759,16693200,4.3547,2001038307.84,2001038307.84,43.4228,
600202.SH,¹þ¿Õµ÷,2019-08-08,5.1858,5.2254,4.9875,5.037,9878011,2.5768,1947370613.76,1947370613.76,42.2582,
600202.SH,¹þ¿Õµ÷,2019-08-09,5.037,5.037,4.7495,4.7792,10371810,2.7056,1847702039.04,1847702039.04,40.0954,
600202.SH,¹þ¿Õµ÷,2019-08-12,4.7792,4.8486,4.6801,4.8189,4889091,1.2754,1863035665.92,1863035665.92,40.4282,
600202.SH,¹þ¿Õµ÷,2019-08-13,4.7693,4.7693,4.69,4.7495,2968137,0.7743,1836201818.88,1836201818.88,39.8459,
600202.SH,¹þ¿Õµ÷,2019-08-14,4.7892,4.8387,4.7197,4.7197,2852079,0.744,1824701598.72,1824701598.72,39.5963,
600202.SH,¹þ¿Õµ÷,2019-08-15,4.5908,4.6603,4.5413,4.6503,3837900,1.0012,1797867751.68,1797867751.68,39.014,
600202.SH,¹þ¿Õµ÷,2019-08-16,4.6702,4.7197,4.6008,4.6404,2994600,0.7812,1794034344.96,1794034344.96,38.9308,
600202.SH,¹þ¿Õµ÷,2019-08-19,4.6603,4.7396,4.6305,4.7297,4587810,1.1968,1828535005.44,1828535005.44,39.6795,
600202.SH,¹þ¿Õµ÷,2019-08-20,4.7297,4.7792,4.7098,4.7495,2785281,0.7266,1836201818.88,1836201818.88,39.8459,
600202.SH,¹þ¿Õµ÷,2019-08-21,4.7792,4.7792,4.7098,4.7495,2347500,0.6124,1836201818.88,1836201818.88,39.8459,
600202.SH,¹þ¿Õµ÷,2019-08-22,4.7297,4.7693,4.7098,4.7495,2267156,0.5914,1836201818.88,1836201818.88,39.8459,
600202.SH,¹þ¿Õµ÷,2019-08-23,4.7297,4.7693,4.6999,4.7197,2370700,0.6184,1824701598.72,1824701598.72,39.5963,
600202.SH,¹þ¿Õµ÷,2019-08-26,4.6404,4.6404,4.5512,4.6305,3324482,0.8672,1790200938.24,1790200938.24,38.8476,
600202.SH,¹þ¿Õµ÷,2019-08-27,4.6801,4.8189,4.6503,4.7495,4226321,1.1025,1836201818.88,1836201818.88,39.8459,
600202.SH,¹þ¿Õµ÷,2019-08-28,4.7098,4.7991,4.6801,4.7892,3143220,0.82,1851535445.76,1851535445.76,40.1786,
600202.SH,¹þ¿Õµ÷,2019-08-29,4.7693,4.809,4.7396,4.7693,2075100,0.5413,1843868632.32,1843868632.32,40.0122,
600202.SH,¹þ¿Õµ÷,2019-08-30,4.7792,4.8189,4.6404,4.6801,2684550,0.7003,1809367971.84,1809367971.84,39.2636,
600202.SH,¹þ¿Õµ÷,2019-09-02,4.6702,4.7594,4.6305,4.7495,2526755,0.6591,1836201818.88,1836201818.88,39.8459,
600202.SH,¹þ¿Õµ÷,2019-09-03,4.7792,4.9379,4.7396,4.9379,6521716,1.7013,1909036546.56,1909036546.56,41.4264,
600202.SH,¹þ¿Õµ÷,2019-09-04,4.9181,4.9379,4.8387,4.8982,3674252,0.9585,1893702919.68,1893702919.68,41.0937,
600202.SH,¹þ¿Õµ÷,2019-09-05,4.8982,4.9577,4.8685,4.8883,5141976,1.3414,1889869512.96,1889869512.96,41.0105,
600202.SH,¹þ¿Õµ÷,2019-09-06,4.8685,4.9081,4.809,4.8387,4183958,1.0914,1870702479.36,1870702479.36,40.5945,
600202.SH,¹þ¿Õµ÷,2019-09-09,4.8784,4.9379,4.8586,4.928,4353905,1.1358,1905203139.84,1905203139.84,41.3432,
600202.SH,¹þ¿Õµ÷,2019-09-10,4.9478,4.9676,4.8784,4.9676,3995801,1.0424,1920536766.72,1920536766.72,41.6759,
600202.SH,¹þ¿Õµ÷,2019-09-11,4.9577,4.9775,4.9081,4.9181,3509320,0.9155,1901369733.12,1901369733.12,41.26,
600202.SH,¹þ¿Õµ÷,2019-09-12,4.9081,4.9577,4.8784,4.9478,2775913,0.7241,1912869953.28,1912869953.28,41.5096,
600202.SH,¹þ¿Õµ÷,2019-09-16,4.9478,5.0073,4.928,4.9478,2893972,0.7549,1912869953.28,1912869953.28,41.5096,
600202.SH,¹þ¿Õµ÷,2019-09-17,4.9478,4.9577,4.7693,4.7991,3791502,0.9891,1855368852.48,1855368852.48,40.2618,
600202.SH,¹þ¿Õµ÷,2019-09-18,4.7991,4.8486,4.7892,4.8189,1869703,0.4877,1863035665.92,1863035665.92,40.4282,
600202.SH,¹þ¿Õµ÷,2019-09-19,4.8189,4.8586,4.7892,4.8387,2207387,0.5758,1870702479.36,1870702479.36,40.5945,
600202.SH,¹þ¿Õµ÷,2019-09-20,4.8486,4.8685,4.809,4.809,2137600,0.5576,1859202259.2,1859202259.2,40.345,
600202.SH,¹þ¿Õµ÷,2019-09-23,4.8486,4.8486,4.7495,4.8288,3679704,0.9599,1866869072.64,1866869072.64,40.5114,
600202.SH,¹þ¿Õµ÷,2019-09-24,4.8189,4.8685,4.7693,4.7892,2215490,0.5779,1851535445.76,1851535445.76,40.1786,
600202.SH,¹þ¿Õµ÷,2019-09-25,4.7693,4.8486,4.7098,4.7297,2958201,0.7717,1828535005.44,1828535005.44,39.6795,
600202.SH,¹þ¿Õµ÷,2019-09-26,4.7594,4.7594,4.6107,4.6305,3192185,0.8327,1790200938.24,1790200938.24,38.8476,
600202.SH,¹þ¿Õµ÷,2019-09-27,4.5809,4.6999,4.5809,4.6801,1801595,0.47,1809367971.84,1809367971.84,39.2636,
600202.SH,¹þ¿Õµ÷,2019-09-30,4.6603,4.6603,4.5809,4.5908,1810600,0.4723,1774867311.36,1774867311.36,38.5149,
600202.SH,¹þ¿Õµ÷,2019-10-08,4.571,4.8387,4.571,4.6801,1684164,0.4393,1809367971.84,1809367971.84,39.2636,
600202.SH,¹þ¿Õµ÷,2019-10-09,4.6801,4.7197,4.6305,4.7197,1510227,0.394,1824701598.72,1824701598.72,39.5963,
600202.SH,¹þ¿Õµ÷,2019-10-10,4.7693,4.809,4.7297,4.809,3223827,0.841,1859202259.2,1859202259.2,40.345,
600202.SH,¹þ¿Õµ÷,2019-10-11,4.8685,5.2651,4.8586,5.047,16934186,4.4175,1951204020.48,1951204020.48,42.3414,
600202.SH,¹þ¿Õµ÷,2019-10-14,5.0965,5.1064,4.9577,5.0271,9433147,2.4608,1943537207.04,1943537207.04,42.1751,
600202.SH,¹þ¿Õµ÷,2019-10-15,5.0668,5.2056,4.9577,5.1659,10268357,2.6787,1997204901.12,1997204901.12,43.3397,
600202.SH,¹þ¿Õµ÷,2019-10-16,5.1461,5.1659,5.037,5.0668,4890248,1.2757,1958870833.92,1958870833.92,42.5078,
600202.SH,¹þ¿Õµ÷,2019-10-17,5.0569,5.0668,4.9676,5.0172,2885900,0.7528,1939703800.32,1939703800.32,42.0919,
600202.SH,¹þ¿Õµ÷,2019-10-18,5.0271,5.1263,4.9875,5.047,5345987,1.3946,1951204020.48,1951204020.48,42.3414,
600202.SH,¹þ¿Õµ÷,2019-10-21,5.047,5.2056,5.0172,5.1362,9740524,2.541,1985704680.96,1985704680.96,43.0901,
600202.SH,¹þ¿Õµ÷,2019-10-22,5.0767,5.2254,5.0569,5.1759,10861807,2.8335,2001038307.84,2001038307.84,39.6433,
600202.SH,¹þ¿Õµ÷,2019-10-23,5.1362,5.1659,5.0073,5.047,6928001,1.8073,1951204020.48,1951204020.48,38.656,
600202.SH,¹þ¿Õµ÷,2019-10-24,5.0172,5.037,4.9081,4.9379,5132493,1.3389,1909036546.56,1909036546.56,37.8206,
600202.SH,¹þ¿Õµ÷,2019-10-25,4.9379,5.0073,4.9081,4.9875,2912157,0.7597,1928203580.16,1928203580.16,38.2003,
600202.SH,¹þ¿Õµ÷,2019-10-28,4.9775,5.0668,4.928,5.0073,3537061,0.9227,1935870393.6,1935870393.6,38.3522,
600202.SH,¹þ¿Õµ÷,2019-10-29,4.9974,4.9974,4.8586,4.8586,4769300,1.2441,1878369292.8,1878369292.8,37.213,
600202.SH,¹þ¿Õµ÷,2019-10-30,4.8586,4.8586,4.7098,4.7396,4387723,1.1446,1832368412.16,1832368412.16,36.3017,
600202.SH,¹þ¿Õµ÷,2019-10-31,4.7396,4.7892,4.6801,4.69,2348724,0.6127,1813201378.56,1813201378.56,35.922,
600202.SH,¹þ¿Õµ÷,2019-11-01,4.6702,4.7693,4.6503,4.7594,2211600,0.5769,1840035225.6,1840035225.6,36.4536,
600202.SH,¹þ¿Õµ÷,2019-11-04,4.7594,4.7991,4.7297,4.7396,1977459,0.5158,1832368412.16,1832368412.16,36.3017,
600202.SH,¹þ¿Õµ÷,2019-11-05,4.7892,4.7991,4.7297,4.7594,1612993,0.4208,1840035225.6,1840035225.6,36.4536,
600202.SH,¹þ¿Õµ÷,2019-11-06,4.7495,4.7693,4.6702,4.69,1626601,0.4243,1813201378.56,1813201378.56,35.922,
600202.SH,¹þ¿Õµ÷,2019-11-07,4.7098,4.7297,4.6702,4.6999,1642437,0.4285,1817034785.28,1817034785.28,35.9979,
600202.SH,¹þ¿Õµ÷,2019-11-08,4.7098,4.7297,4.6603,4.6702,1491400,0.3891,1805534565.12,1805534565.12,35.7701,
600202.SH,¹þ¿Õµ÷,2019-11-11,4.6702,4.69,4.5809,4.6404,1688449,0.4405,1794034344.96,1794034344.96,35.5422,
600202.SH,¹þ¿Õµ÷,2019-11-12,4.6404,4.7297,4.6008,4.7297,1656678,0.4322,1828535005.44,1828535005.44,36.2257,
600202.SH,¹þ¿Õµ÷,2019-11-13,4.7098,4.7495,4.6801,4.7197,1380977,0.3602,1824701598.72,1824701598.72,36.1498,
600202.SH,¹þ¿Õµ÷,2019-11-14,4.6999,4.7197,4.6503,4.6503,1380200,0.36,1797867751.68,1797867751.68,35.6182,
600202.SH,¹þ¿Õµ÷,2019-11-15,4.6206,4.6999,4.6107,4.6107,1519640,0.3964,1782534124.8,1782534124.8,35.3144,
600202.SH,¹þ¿Õµ÷,2019-11-18,4.6503,4.6503,4.5908,4.6206,962700,0.2511,1786367531.52,1786367531.52,35.3904,
600202.SH,¹þ¿Õµ÷,2019-11-19,4.6008,4.7197,4.6008,4.6999,2004000,0.5228,1817034785.28,1817034785.28,35.9979,
600202.SH,¹þ¿Õµ÷,2019-11-20,4.7098,4.7098,4.6305,4.6404,1425688,0.3719,1794034344.96,1794034344.96,35.5422,
600202.SH,¹þ¿Õµ÷,2019-11-21,4.6404,4.6603,4.6206,4.6404,1031600,0.2691,1794034344.96,1794034344.96,35.5422,
600202.SH,¹þ¿Õµ÷,2019-11-22,4.6404,4.7098,4.6206,4.6503,1527463,0.3985,1797867751.68,1797867751.68,35.6182,
600202.SH,¹þ¿Õµ÷,2019-11-25,4.6503,4.6999,4.571,4.6999,1603601,0.4183,1817034785.28,1817034785.28,35.9979,
600202.SH,¹þ¿Õµ÷,2019-11-26,4.69,4.7197,4.6801,4.6801,1056400,0.2756,1809367971.84,1809367971.84,35.846,
600202.SH,¹þ¿Õµ÷,2019-11-27,4.6801,4.7197,4.6503,4.6702,809000,0.211,1805534565.12,1805534565.12,35.7701,
600202.SH,¹þ¿Õµ÷,2019-11-28,4.6603,4.6603,4.6305,4.6404,1082000,0.2823,1794034344.96,1794034344.96,35.5422,
600202.SH,¹þ¿Õµ÷,2019-11-29,4.6107,4.6702,4.6107,4.6206,1009000,0.2632,1786367531.52,1786367531.52,35.3904,
600202.SH,¹þ¿Õµ÷,2019-12-02,4.6206,4.6503,4.6008,4.6503,1234400,0.322,1797867751.68,1797867751.68,35.6182,
600202.SH,¹þ¿Õµ÷,2019-12-03,4.6305,4.6702,4.6107,4.6603,1015701,0.265,1801701158.4,1801701158.4,35.6941,
600202.SH,¹þ¿Õµ÷,2019-12-04,4.6206,4.6801,4.6206,4.6801,1031102,0.269,1809367971.84,1809367971.84,35.846,
600202.SH,¹þ¿Õµ÷,2019-12-05,4.6801,4.7396,4.6702,4.7197,1998700,0.5214,1824701598.72,1824701598.72,36.1498,
600202.SH,¹þ¿Õµ÷,2019-12-06,4.7297,4.7693,4.69,4.7495,1706900,0.4453,1836201818.88,1836201818.88,36.3776,
600202.SH,¹þ¿Õµ÷,2019-12-09,4.7693,4.7693,4.6999,4.7098,1635100,0.4265,1820868192,1820868192,36.0739,
600202.SH,¹þ¿Õµ÷,2019-12-10,4.6999,4.7197,4.6702,4.6999,1088200,0.2839,1817034785.28,1817034785.28,35.9979,
600202.SH,¹þ¿Õµ÷,2019-12-11,4.6999,4.7098,4.6603,4.6702,1753300,0.4574,1805534565.12,1805534565.12,35.7701,
600202.SH,¹þ¿Õµ÷,2019-12-12,4.6702,4.6702,4.6305,4.6404,1389703,0.3625,1794034344.96,1794034344.96,35.5422,
600202.SH,¹þ¿Õµ÷,2019-12-13,4.6603,4.6999,4.6404,4.6999,1790904,0.4672,1817034785.28,1817034785.28,35.9979,
600202.SH,¹þ¿Õµ÷,2019-12-16,4.6702,4.7297,4.6702,4.7297,1969802,0.5139,1828535005.44,1828535005.44,36.2257,
600202.SH,¹þ¿Õµ÷,2019-12-17,4.7495,4.7792,4.7098,4.7693,3462844,0.9033,1843868632.32,1843868632.32,36.5295,
600202.SH,¹þ¿Õµ÷,2019-12-18,4.7693,4.8189,4.7594,4.7594,2293400,0.5983,1840035225.6,1840035225.6,36.4536,
600202.SH,¹þ¿Õµ÷,2019-12-19,4.7594,4.8387,4.7495,4.8288,3162601,0.825,1866869072.64,1866869072.64,36.9852,
600202.SH,¹þ¿Õµ÷,2019-12-20,4.8288,4.8784,4.7396,4.7792,2556902,0.667,1847702039.04,1847702039.04,36.6055,
600202.SH,¹þ¿Õµ÷,2019-12-23,4.7693,4.7693,4.6107,4.6404,2516300,0.6564,1794034344.96,1794034344.96,35.5422,
600202.SH,¹þ¿Õµ÷,2019-12-24,4.6999,4.7197,4.6305,4.6999,2117403,0.5524,1817034785.28,1817034785.28,35.9979,
600202.SH,¹þ¿Õµ÷,2019-12-25,4.7098,4.7991,4.7098,4.7693,2950100,0.7696,1843868632.32,1843868632.32,36.5295,
600202.SH,¹þ¿Õµ÷,2019-12-26,4.7594,4.8387,4.7396,4.8288,2975900,0.7763,1866869072.64,1866869072.64,36.9852,
600202.SH,¹þ¿Õµ÷,2019-12-27,4.8288,4.8784,4.7495,4.7693,3835339,1.0005,1843868632.32,1843868632.32,36.5295,
600202.SH,¹þ¿Õµ÷,2019-12-30,4.7197,4.8486,4.7098,4.809,2724836,0.7108,1859202259.2,1859202259.2,36.8333,
600202.SH,¹þ¿Õµ÷,2019-12-31,4.7792,4.8387,4.7792,4.8387,2121541,0.5534,1870702479.36,1870702479.36,37.0611,
600202.SH,¹þ¿Õµ÷,2020-01-02,4.8685,4.9676,4.8486,4.9379,5511585,1.4378,1909036546.56,1909036546.56,37.8206,
600202.SH,¹þ¿Õµ÷,2020-01-03,4.9379,4.9379,4.8883,4.9081,3152600,0.8224,1897536326.4,1897536326.4,37.5928,
600202.SH,¹þ¿Õµ÷,2020-01-06,4.8586,4.9577,4.8387,4.9181,2701678,0.7048,1901369733.12,1901369733.12,37.6687,
600202.SH,¹þ¿Õµ÷,2020-01-07,4.928,5.0569,4.9181,5.0271,5261346,1.3725,1943537207.04,1943537207.04,38.5041,
600202.SH,¹þ¿Õµ÷,2020-01-08,5.0073,5.037,4.8784,4.8784,4920300,1.2835,1886036106.24,1886036106.24,37.3649,
600202.SH,¹þ¿Õµ÷,2020-01-09,4.9181,4.9974,4.9081,4.9379,3530008,0.9209,1909036546.56,1909036546.56,37.8206,
600202.SH,¹þ¿Õµ÷,2020-01-10,4.928,5.0073,4.8387,4.8784,3267971,0.8525,1886036106.24,1886036106.24,37.3649,
600202.SH,¹þ¿Õµ÷,2020-01-13,4.8784,4.8982,4.7991,4.8883,2292901,0.5981,1889869512.96,1889869512.96,37.4409,
600202.SH,¹þ¿Õµ÷,2020-01-14,4.9181,4.9379,4.8387,4.8387,3679900,0.96,1870702479.36,1870702479.36,37.0611,
600202.SH,¹þ¿Õµ÷,2020-01-15,4.8586,4.9081,4.7892,4.8189,2770900,0.7228,1863035665.92,1863035665.92,36.9093,
600202.SH,¹þ¿Õµ÷,2020-01-16,4.8189,4.8288,4.7594,4.7594,2499500,0.652,1840035225.6,1840035225.6,36.4536,
600202.SH,¹þ¿Õµ÷,2020-01-17,4.7892,4.809,4.7297,4.7396,1988331,0.5187,1832368412.16,1832368412.16,36.3017,
600202.SH,¹þ¿Õµ÷,2020-01-20,4.7693,4.809,4.7396,4.7991,1899485,0.4955,1855368852.48,1855368852.48,36.7574,
600202.SH,¹þ¿Õµ÷,2020-01-21,4.8586,4.8586,4.7495,4.7594,2362500,0.6163,1840035225.6,1840035225.6,36.4536,
600202.SH,¹þ¿Õµ÷,2020-01-22,4.7594,4.8387,4.6999,4.8189,2403039,0.6269,1863035665.92,1863035665.92,36.9093,
600202.SH,¹þ¿Õµ÷,2020-01-23,4.809,4.8288,4.6008,4.6702,3220671,0.8402,1805534565.12,1805534565.12,35.7701,
600202.SH,¹þ¿Õµ÷,2020-02-03,4.2041,4.2041,4.2041,4.2041,540000,0.1409,1625364449.28,1625364449.28,32.2007,
600202.SH,¹þ¿Õµ÷,2020-02-04,3.7877,4.1645,3.7877,4.0455,6148858,1.604,1564029941.76,1564029941.76,30.9855,
600202.SH,¹þ¿Õµ÷,2020-02-05,4.0058,4.1645,3.9761,4.0951,4040566,1.054,1583196975.36,1583196975.36,31.3653,
600202.SH,¹þ¿Õµ÷,2020-02-06,4.0951,4.1744,4.0257,4.1645,5238641,1.3666,1610030822.4,1610030822.4,31.8969,
600202.SH,¹þ¿Õµ÷,2020-02-07,4.1447,4.2438,4.1149,4.1942,4587895,1.1968,1621531042.56,1621531042.56,32.1247,
600202.SH,¹þ¿Õµ÷,2020-02-10,4.1447,4.2636,4.1447,4.2636,3588150,0.936,1648364889.6,1648364889.6,32.6563,
600202.SH,¹þ¿Õµ÷,2020-02-11,4.2934,4.3033,4.2339,4.2339,2294700,0.5986,1636864669.44,1636864669.44,32.4285,
600202.SH,¹þ¿Õµ÷,2020-02-12,4.2438,4.3231,4.2339,4.3132,3172502,0.8276,1667531923.2,1667531923.2,33.0361,
600202.SH,¹þ¿Õµ÷,2020-02-13,4.333,4.3529,4.2636,4.2835,3075746,0.8024,1656031703.04,1656031703.04,32.8082,
600202.SH,¹þ¿Õµ÷,2020-02-14,4.2736,4.3132,4.2636,4.2835,2809196,0.7328,1656031703.04,1656031703.04,32.8082,
600202.SH,¹þ¿Õµ÷,2020-02-17,4.2736,4.4719,4.2736,4.4322,6276335,1.6373,1713532803.84,1713532803.84,33.9474,
600202.SH,¹þ¿Õµ÷,2020-02-18,4.4421,4.4719,4.3826,4.452,3660213,0.9548,1721199617.28,1721199617.28,34.0993,
600202.SH,¹þ¿Õµ÷,2020-02-19,4.4421,4.4619,4.3628,4.4025,3525603,0.9197,1702032583.68,1702032583.68,33.7196,
600202.SH,¹þ¿Õµ÷,2020-02-20,4.4025,4.4917,4.3925,4.4818,4423527,1.1539,1732699837.44,1732699837.44,34.3271,
600202.SH,¹þ¿Õµ÷,2020-02-21,4.452,4.5115,4.4421,4.4818,4977695,1.2985,1732699837.44,1732699837.44,34.3271,
600202.SH,¹þ¿Õµ÷,2020-02-24,4.4719,4.4818,4.4124,4.4719,4283525,1.1174,1728866430.72,1728866430.72,34.2512,
600202.SH,¹þ¿Õµ÷,2020-02-25,4.3925,4.5908,4.3132,4.5214,6942141,1.811,1748033464.32,1748033464.32,34.6309,
600202.SH,¹þ¿Õµ÷,2020-02-26,4.4619,4.6107,4.4223,4.5611,6025603,1.5719,1763367091.2,1763367091.2,34.9347,
600202.SH,¹þ¿Õµ÷,2020-02-27,4.571,4.6107,4.4917,4.5413,3928760,1.0249,1755700277.76,1755700277.76,34.7828,
600202.SH,¹þ¿Õµ÷,2020-02-28,4.4619,4.4619,4.224,4.3826,5733877,1.4958,1694365770.24,1694365770.24,33.5677,
600202.SH,¹þ¿Õµ÷,2020-03-02,4.3628,4.6008,4.3628,4.5809,6489405,1.6929,1771033904.64,1771033904.64,35.0866,
600202.SH,¹þ¿Õµ÷,2020-03-03,4.69,4.7197,4.5314,4.571,9224832,2.4064,1767200497.92,1767200497.92,34.9421,
600202.SH,¹þ¿Õµ÷,2020-03-04,4.5214,4.571,4.4719,4.571,4400088,1.1478,1767200497.92,1767200497.92,34.9421,
600202.SH,¹þ¿Õµ÷,2020-03-05,4.6206,4.6801,4.5611,4.6305,6672101,1.7405,1790200938.24,1790200938.24,35.3969,
600202.SH,¹þ¿Õµ÷,2020-03-06,4.5908,4.7892,4.5512,4.6999,8284370,2.1611,1817034785.28,1817034785.28,35.9274,
600202.SH,¹þ¿Õµ÷,2020-03-09,4.6305,4.8586,4.5908,4.7892,11899682,3.1042,1851535445.76,1851535445.76,36.6096,
600202.SH,¹þ¿Õµ÷,2020-03-10,4.7197,4.9181,4.4619,4.7991,9086030,2.3702,1855368852.48,1855368852.48,36.6854,
600202.SH,¹þ¿Õµ÷,2020-03-11,4.7693,4.8784,4.6603,4.7594,7805466,2.0362,1840035225.6,1840035225.6,36.3822,
600202.SH,¹þ¿Õµ÷,2020-03-12,4.6107,4.7297,4.5611,4.5809,6187810,1.6142,1771033904.64,1771033904.64,35.0179,
600202.SH,¹þ¿Õµ÷,2020-03-13,4.3132,4.5016,4.1645,4.452,8511624,2.2204,1721199617.28,1721199617.28,34.0325,
600202.SH,¹þ¿Õµ÷,2020-03-16,4.5115,4.6503,4.3628,4.3628,8144643,2.1246,1686698956.8,1686698956.8,33.3504,
600202.SH,¹þ¿Õµ÷,2020-03-17,4.3826,4.5016,4.1744,4.4421,5657191,1.4758,1717366210.56,1717366210.56,33.9567,
600202.SH,¹þ¿Õµ÷,2020-03-18,4.4421,4.5016,4.2736,4.2736,3953600,1.0314,1652198296.32,1652198296.32,32.6682,
600202.SH,¹þ¿Õµ÷,2020-03-19,4.2636,4.3529,4.224,4.333,4523500,1.18,1675198736.64,1675198736.64,33.123,
600202.SH,¹þ¿Õµ÷,2020-03-20,4.3529,4.3826,4.2636,4.3529,2664248,0.695,1682865550.08,1682865550.08,33.2746,
600202.SH,¹þ¿Õµ÷,2020-03-23,4.2934,4.2934,4.1843,4.1942,3268996,0.8528,1621531042.56,1621531042.56,32.0618,
600202.SH,¹þ¿Õµ÷,2020-03-24,4.2339,4.2835,4.1843,4.2537,2783596,0.7261,1644531482.88,1644531482.88,32.5166,
600202.SH,¹þ¿Õµ÷,2020-03-25,4.3132,4.3529,4.2736,4.343,3723720,0.9714,1679032143.36,1679032143.36,33.1988,
600202.SH,¹þ¿Õµ÷,2020-03-26,4.3033,4.3529,4.2835,4.2934,2477700,0.6463,1659865109.76,1659865109.76,32.8198,
600202.SH,¹þ¿Õµ÷,2020-03-27,4.3231,4.3727,4.2736,4.2835,2663242,0.6947,1656031703.04,1656031703.04,32.744,
600202.SH,¹þ¿Õµ÷,2020-03-30,4.2537,4.2537,4.0852,4.1546,3135102,0.8178,1606197415.68,1606197415.68,31.7586,
600202.SH,¹þ¿Õµ÷,2020-03-31,4.1645,4.1942,4.1248,4.1843,1735800,0.4528,1617697635.84,1617697635.84,31.986,
600202.SH,¹þ¿Õµ÷,2020-04-01,4.2141,4.2537,4.1546,4.1843,1913500,0.4992,1617697635.84,1617697635.84,31.986,
600202.SH,¹þ¿Õµ÷,2020-04-02,4.1942,4.2339,4.1347,4.2339,2311801,0.6031,1636864669.44,1636864669.44,32.365,
600202.SH,¹þ¿Õµ÷,2020-04-03,4.2339,4.2835,4.2041,4.2339,1907800,0.4977,1636864669.44,1636864669.44,32.365,
600202.SH,¹þ¿Õµ÷,2020-04-07,4.2934,4.333,4.2736,4.2934,2864916,0.7474,1659865109.76,1659865109.76,32.8198,
600202.SH,¹þ¿Õµ÷,2020-04-08,4.2736,4.343,4.2736,4.333,2325714,0.6067,1675198736.64,1675198736.64,33.123,
600202.SH,¹þ¿Õµ÷,2020-04-09,4.343,4.4025,4.3231,4.3529,2628300,0.6856,1682865550.08,1682865550.08,33.2746,
600202.SH,¹þ¿Õµ÷,2020-04-10,4.3628,4.3628,4.224,4.2438,2636453,0.6878,1640698076.16,1640698076.16,32.4408,
600202.SH,¹þ¿Õµ÷,2020-04-13,4.2438,4.343,4.1447,4.3132,3447570,0.8993,1667531923.2,1667531923.2,32.9714,
600202.SH,¹þ¿Õµ÷,2020-04-14,4.3132,4.3628,4.2835,4.3628,2269835,0.5921,1686698956.8,1686698956.8,33.3504,
600202.SH,¹þ¿Õµ÷,2020-04-15,4.3628,4.3628,4.2736,4.2934,2018902,0.5267,1659865109.76,1659865109.76,32.8198,
600202.SH,¹þ¿Õµ÷,2020-04-16,4.2537,4.333,4.2537,4.3132,1436460,0.3747,1667531923.2,1667531923.2,32.9714,
600202.SH,¹þ¿Õµ÷,2020-04-17,4.343,4.3628,4.2636,4.2636,1897236,0.4949,1648364889.6,1648364889.6,32.5924,
600202.SH,¹þ¿Õµ÷,2020-04-20,4.2736,4.2835,4.2141,4.2636,1772836,0.4625,1648364889.6,1648364889.6,32.5924,
600202.SH,¹þ¿Õµ÷,2020-04-21,4.2934,4.3132,4.1843,4.2438,1579700,0.4121,1640698076.16,1640698076.16,32.4408,
600202.SH,¹þ¿Õµ÷,2020-04-22,4.2041,4.2934,4.1645,4.2934,2213800,0.5775,1659865109.76,1659865109.76,35.0927,
600202.SH,¹þ¿Õµ÷,2020-04-23,4.2934,4.2934,4.2141,4.2339,2157000,0.5627,1636864669.44,1636864669.44,34.6064,
600202.SH,¹þ¿Õµ÷,2020-04-24,4.224,4.224,4.1149,4.1447,2804100,0.7315,1602364008.96,1602364008.96,33.877,
600202.SH,¹þ¿Õµ÷,2020-04-27,4.1744,4.2141,4.1149,4.1347,1866402,0.4869,1598530602.24,1598530602.24,33.796,
600202.SH,¹þ¿Õµ÷,2020-04-28,4.1149,4.1347,3.9166,4.0257,2295082,0.5987,1556363128.32,1556363128.32,32.9045,
600202.SH,¹þ¿Õµ÷,2020-04-29,4.0653,4.105,3.9265,4.0653,1934525,0.5046,1571696755.2,1571696755.2,33.2287,
600202.SH,¹þ¿Õµ÷,2020-04-30,4.105,4.1645,4.0752,4.1447,2054573,0.536,1602364008.96,1602364008.96,33.877,
600202.SH,¹þ¿Õµ÷,2020-05-06,4.105,4.1843,4.0951,4.1843,1833410,0.4783,1617697635.84,1617697635.84,34.2012,
600202.SH,¹þ¿Õµ÷,2020-05-07,4.1843,4.1942,4.1149,4.1447,1852501,0.4833,1602364008.96,1602364008.96,33.877,
600202.SH,¹þ¿Õµ÷,2020-05-08,4.1645,4.2041,4.1149,4.1744,1578972,0.4119,1613864229.12,1613864229.12,34.1202,
600202.SH,¹þ¿Õµ÷,2020-05-11,4.1744,4.2041,4.1149,4.1447,2329171,0.6076,1602364008.96,1602364008.96,33.877,
600202.SH,¹þ¿Õµ÷,2020-05-12,4.1447,4.1447,4.0356,4.1149,2070504,0.5401,1590863788.8,1590863788.8,33.6339,
600202.SH,¹þ¿Õµ÷,2020-05-13,4.0554,4.105,4.0554,4.0951,1656300,0.4321,1583196975.36,1583196975.36,33.4718,
600202.SH,¹þ¿Õµ÷,2020-05-14,4.0951,4.0951,4.0356,4.0554,1994500,0.5203,1567863348.48,1567863348.48,33.1476,
600202.SH,¹þ¿Õµ÷,2020-05-15,4.0554,4.0852,4.0356,4.0455,1929718,0.5034,1564029941.76,1564029941.76,33.0666,
600202.SH,¹þ¿Õµ÷,2020-05-18,4.0653,4.0653,4.0158,4.0356,1374257,0.3585,1560196535.04,1560196535.04,32.9855,
600202.SH,¹þ¿Õµ÷,2020-05-19,4.0455,4.0852,4.0356,4.0554,1540883,0.402,1567863348.48,1567863348.48,33.1476,
600202.SH,¹þ¿Õµ÷,2020-05-20,4.0653,4.0653,4.0158,4.0653,1761600,0.4595,1571696755.2,1571696755.2,33.2287,
600202.SH,¹þ¿Õµ÷,2020-05-21,4.0653,4.1248,4.0455,4.0852,2769800,0.7225,1579363568.64,1579363568.64,33.3907,
600202.SH,¹þ¿Õµ÷,2020-05-22,4.0653,4.105,3.9959,4.0356,2023496,0.5279,1560196535.04,1560196535.04,32.9855,
600202.SH,¹þ¿Õµ÷,2020-05-25,4.0257,4.0257,3.9662,4.0257,1654700,0.4317,1556363128.32,1556363128.32,32.9045,
600202.SH,¹þ¿Õµ÷,2020-05-26,4.0554,4.105,4.0257,4.105,2305290,0.6014,1587030382.08,1587030382.08,33.5528,
600202.SH,¹þ¿Õµ÷,2020-05-27,4.105,4.1248,4.0356,4.0455,2754734,0.7186,1564029941.76,1564029941.76,33.0666,
600202.SH,¹þ¿Õµ÷,2020-05-28,4.0752,4.0852,3.9761,4.0554,1891505,0.4934,1567863348.48,1567863348.48,33.1476,
600202.SH,¹þ¿Õµ÷,2020-05-29,4.0455,4.1248,4.0058,4.0554,2490671,0.6497,1567863348.48,1567863348.48,33.1476,
600202.SH,¹þ¿Õµ÷,2020-06-01,4.105,4.1447,4.0554,4.1248,2664736,0.6951,1594697195.52,1594697195.52,33.7149,
600202.SH,¹þ¿Õµ÷,2020-06-02,4.1447,4.2438,4.1149,4.224,4148568,1.0822,1633031262.72,1633031262.72,34.5254,
600202.SH,¹þ¿Õµ÷,2020-06-03,4.1843,4.3826,4.1744,4.224,4697089,1.2253,1633031262.72,1633031262.72,34.5254,
600202.SH,¹þ¿Õµ÷,2020-06-04,4.2537,4.3529,4.2141,4.2339,3471217,0.9055,1636864669.44,1636864669.44,34.6064,
600202.SH,¹þ¿Õµ÷,2020-06-05,4.2339,4.2636,4.1347,4.2141,3777010,0.9853,1629197856,1629197856,34.4443,
600202.SH,¹þ¿Õµ÷,2020-06-08,4.2141,4.3132,4.1546,4.1843,2704200,0.7054,1617697635.84,1617697635.84,34.2012,
600202.SH,¹þ¿Õµ÷,2020-06-09,4.2636,4.2636,4.1843,4.2339,1799400,0.4694,1636864669.44,1636864669.44,34.6064,
600202.SH,¹þ¿Õµ÷,2020-06-10,4.224,4.2339,4.1248,4.1645,2215388,0.5779,1610030822.4,1610030822.4,34.0391,
600202.SH,¹þ¿Õµ÷,2020-06-11,4.1645,4.2141,4.1347,4.1942,2426932,0.6331,1621531042.56,1621531042.56,34.2822,
600202.SH,¹þ¿Õµ÷,2020-06-12,4.1248,4.1843,4.0852,4.1347,2152733,0.5616,1598530602.24,1598530602.24,33.796,
600202.SH,¹þ¿Õµ÷,2020-06-15,4.1248,4.1843,4.1149,4.1248,1969516,0.5138,1594697195.52,1594697195.52,33.7149,
600202.SH,¹þ¿Õµ÷,2020-06-16,4.1248,4.1744,4.1248,4.1645,1492419,0.3893,1610030822.4,1610030822.4,34.0391,
600202.SH,¹þ¿Õµ÷,2020-06-17,4.1447,4.1645,4.1149,4.1645,1830441,0.4775,1610030822.4,1610030822.4,34.0391,
600202.SH,¹þ¿Õµ÷,2020-06-18,4.1546,4.1744,4.1248,4.1645,1375981,0.3589,1610030822.4,1610030822.4,34.0391,
600202.SH,¹þ¿Õµ÷,2020-06-19,4.1645,4.2041,4.1447,4.1843,1709568,0.446,1617697635.84,1617697635.84,34.2012,
600202.SH,¹þ¿Õµ÷,2020-06-22,4.1942,4.1942,4.1546,4.1744,1939294,0.5059,1613864229.12,1613864229.12,34.1202,
600202.SH,¹þ¿Õµ÷,2020-06-23,4.1744,4.1843,4.105,4.1645,2088309,0.5448,1610030822.4,1610030822.4,34.0391,
600202.SH,¹þ¿Õµ÷,2020-06-24,4.1447,4.1645,4.1149,4.1149,1274930,0.3326,1590863788.8,1590863788.8,33.6339,
600202.SH,¹þ¿Õµ÷,2020-06-29,4.1248,4.1248,4.0356,4.0554,1990880,0.5194,1567863348.48,1567863348.48,33.1476,
600202.SH,¹þ¿Õµ÷,2020-06-30,4.0752,4.1248,4.0356,4.0951,2140800,0.5585,1583196975.36,1583196975.36,33.4718,
600202.SH,¹þ¿Õµ÷,2020-07-01,4.0951,4.1248,4.0455,4.0752,1982841,0.5173,1575530161.92,1575530161.92,33.3097,
600202.SH,¹þ¿Õµ÷,2020-07-02,4.0752,4.1447,4.0653,4.1347,3053871,0.7966,1598530602.24,1598530602.24,33.796,
600202.SH,¹þ¿Õµ÷,2020-07-03,4.1645,4.1942,4.1447,4.1843,3018008,0.7873,1617697635.84,1617697635.84,34.2012,
600202.SH,¹þ¿Õµ÷,2020-07-06,4.2141,4.3231,4.2041,4.3132,5416934,1.4131,1667531923.2,1667531923.2,35.2548,
600202.SH,¹þ¿Õµ÷,2020-07-07,4.333,4.3727,4.2537,4.3132,6006189,1.5668,1667531923.2,1667531923.2,35.2548,
600202.SH,¹þ¿Õµ÷,2020-07-08,4.333,4.4124,4.2736,4.4025,6142897,1.6025,1702032583.68,1702032583.68,35.9842,
600202.SH,¹þ¿Õµ÷,2020-07-09,4.3925,4.4818,4.3727,4.4619,6754099,1.7619,1725033024,1725033024,36.4705,
600202.SH,¹þ¿Õµ÷,2020-07-10,4.4322,4.452,4.3529,4.3826,6189482,1.6146,1694365770.24,1694365770.24,35.8221,
600202.SH,¹þ¿Õµ÷,2020-07-13,4.4124,4.4917,4.3826,4.4719,8401336,2.1916,1728866430.72,1728866430.72,36.5515,
600202.SH,¹þ¿Õµ÷,2020-07-14,4.4719,4.5413,4.4223,4.5016,8469950,2.2095,1740366650.88,1740366650.88,36.7947,
600202.SH,¹þ¿Õµ÷,2020-07-15,4.4818,4.5115,4.3529,4.3529,7133579,1.8609,1682865550.08,1682865550.08,35.579,
600202.SH,¹þ¿Õµ÷,2020-07-16,4.3628,4.4322,4.2835,4.2835,5781399,1.5082,1656031703.04,1656031703.04,35.0117,
600202.SH,¹þ¿Õµ÷,2020-07-17,4.3529,4.3727,4.2636,4.3231,3436610,0.8965,1671365329.92,1671365329.92,35.3358,
600202.SH,¹þ¿Õµ÷,2020-07-20,4.343,4.4719,4.333,4.4619,7943501,2.0722,1725033024,1725033024,36.4705,
600202.SH,¹þ¿Õµ÷,2020-07-21,4.4619,4.5908,4.452,4.5214,7251468,1.8917,1748033464.32,1748033464.32,36.9567,
600202.SH,¹þ¿Õµ÷,2020-07-22,4.4917,4.5908,4.4719,4.5115,5367921,1.4003,1744200057.6,1744200057.6,36.8757,
600202.SH,¹þ¿Õµ÷,2020-07-23,4.4917,4.5115,4.3529,4.4818,5217110,1.361,1732699837.44,1732699837.44,36.6326,
600202.SH,¹þ¿Õµ÷,2020-07-24,4.4818,4.4818,4.3231,4.3628,3545300,0.9248,1686698956.8,1686698956.8,35.66,
600202.SH,¹þ¿Õµ÷,2020-07-27,4.3628,4.4223,4.3132,4.3826,2993834,0.781,1694365770.24,1694365770.24,35.8221,
600202.SH,¹þ¿Õµ÷,2020-07-28,4.4124,4.4719,4.3826,4.4421,3113812,0.8123,1717366210.56,1717366210.56,36.3084,
600202.SH,¹þ¿Õµ÷,2020-07-29,4.4223,4.4917,4.3727,4.4818,3702407,0.9658,1732699837.44,1732699837.44,36.6326,
600202.SH,¹þ¿Õµ÷,2020-07-30,4.4917,4.5314,4.4719,4.4917,4694240,1.2246,1736533244.16,1736533244.16,36.7136,
600202.SH,¹þ¿Õµ÷,2020-07-31,4.4818,4.6107,4.4818,4.6107,7045706,1.838,1782534124.8,1782534124.8,37.6862,
600202.SH,¹þ¿Õµ÷,2020-08-03,4.6206,4.6702,4.5809,4.6503,7458471,1.9457,1797867751.68,1797867751.68,38.0103,
600202.SH,¹þ¿Õµ÷,2020-08-04,4.6206,4.69,4.6008,4.6404,6125272,1.5979,1794034344.96,1794034344.96,37.9293,
600202.SH,¹þ¿Õµ÷,2020-08-05,4.6305,4.6603,4.5809,4.6404,4406794,1.1496,1794034344.96,1794034344.96,37.9293,
600202.SH,¹þ¿Õµ÷,2020-08-06,4.6503,4.6603,4.5314,4.5908,4737126,1.2357,1774867311.36,1774867311.36,37.5241,
600202.SH,¹þ¿Õµ÷,2020-08-07,4.571,4.5908,4.4223,4.5314,3825537,0.9979,1751866871.04,1751866871.04,37.0378,
600202.SH,¹þ¿Õµ÷,2020-08-10,4.5115,4.6404,4.4917,4.5908,4000110,1.0435,1774867311.36,1774867311.36,37.5241,
600202.SH,¹þ¿Õµ÷,2020-08-11,4.5908,4.6305,4.4619,4.4818,4783401,1.2478,1732699837.44,1732699837.44,36.6326,
600202.SH,¹þ¿Õµ÷,2020-08-12,4.5214,4.5314,4.4025,4.5016,4167948,1.0873,1740366650.88,1740366650.88,36.7947,
600202.SH,¹þ¿Õµ÷,2020-08-13,4.5016,4.6503,4.4719,4.5908,4629400,1.2076,1774867311.36,1774867311.36,37.5241,
600202.SH,¹þ¿Õµ÷,2020-08-14,4.5908,4.6503,4.5214,4.6404,4015002,1.0474,1794034344.96,1794034344.96,37.9293,
600202.SH,¹þ¿Õµ÷,2020-08-17,4.6305,4.69,4.6008,4.69,5017201,1.3088,1813201378.56,1813201378.56,38.3345,
600202.SH,¹þ¿Õµ÷,2020-08-18,4.72,4.72,4.62,4.65,4082601,1.065,1782534124.8,1782534124.8,40.1917,
600202.SH,¹þ¿Õµ÷,2020-08-19,4.65,4.9,4.62,4.81,16124867,4.2064,1843868632.32,1843868632.32,41.5747,
600202.SH,¹þ¿Õµ÷,2020-08-20,4.82,4.82,4.68,4.72,7933107,2.0695,1809367971.84,1809367971.84,40.7968,
600202.SH,¹þ¿Õµ÷,2020-08-21,4.72,4.75,4.65,4.67,5117058,1.3349,1790200938.24,1790200938.24,40.3646,
600202.SH,¹þ¿Õµ÷,2020-08-24,4.66,4.72,4.6,4.68,3744965,0.9769,1794034344.96,1794034344.96,40.451,
600202.SH,¹þ¿Õµ÷,2020-08-25,4.68,4.69,4.63,4.65,2728238,0.7117,1782534124.8,1782534124.8,40.1917,
600202.SH,¹þ¿Õµ÷,2020-08-26,4.64,4.68,4.56,4.62,2974800,0.776,1771033904.64,1771033904.64,39.9324,
600202.SH,¹þ¿Õµ÷,2020-08-27,4.62,4.74,4.58,4.72,4218000,1.1003,1809367971.84,1809367971.84,40.7968,
600202.SH,¹þ¿Õµ÷,2020-08-28,4.71,4.78,4.66,4.74,3469935,0.9052,1817034785.28,1817034785.28,40.9696,
600202.SH,¹þ¿Õµ÷,2020-08-31,4.76,4.76,4.66,4.68,4187442,1.0924,1794034344.96,1794034344.96,40.451,
600202.SH,¹þ¿Õµ÷,2020-09-01,4.68,4.75,4.67,4.74,3417239,0.8914,1817034785.28,1817034785.28,40.9696,
600202.SH,¹þ¿Õµ÷,2020-09-02,4.74,4.78,4.68,4.76,4574901,1.1934,1824701598.72,1824701598.72,41.1425,
600202.SH,¹þ¿Õµ÷,2020-09-03,4.79,4.88,4.7,4.74,7222400,1.8841,1817034785.28,1817034785.28,40.9696,
600202.SH,¹þ¿Õµ÷,2020-09-04,4.65,4.84,4.62,4.78,5030400,1.3123,1832368412.16,1832368412.16,41.3154,
600202.SH,¹þ¿Õµ÷,2020-09-07,4.77,4.85,4.71,4.74,5180600,1.3514,1817034785.28,1817034785.28,40.9696,
600202.SH,¹þ¿Õµ÷,2020-09-08,4.75,4.82,4.71,4.82,4341700,1.1326,1847702039.04,1847702039.04,41.6611,
600202.SH,¹þ¿Õµ÷,2020-09-09,4.8,4.9,4.73,4.74,6386619,1.666,1817034785.28,1817034785.28,40.9696,
600202.SH,¹þ¿Õµ÷,2020-09-10,4.73,4.81,4.49,4.53,7605400,1.984,1736533244.16,1736533244.16,39.1545,
600202.SH,¹þ¿Õµ÷,2020-09-11,4.49,4.6,4.46,4.56,4683401,1.2217,1748033464.32,1748033464.32,39.4138,
600202.SH,¹þ¿Õµ÷,2020-09-14,4.55,4.64,4.54,4.6,3164907,0.8256,1763367091.2,1763367091.2,39.7596,
600202.SH,¹þ¿Õµ÷,2020-09-15,4.59,4.62,4.49,4.53,3528501,0.9205,1736533244.16,1736533244.16,39.1545,
600202.SH,¹þ¿Õµ÷,2020-09-16,4.53,4.56,4.48,4.55,2120198,0.5531,1744200057.6,1744200057.6,39.3274,
600202.SH,¹þ¿Õµ÷,2020-09-17,4.56,4.62,4.49,4.58,2307200,0.6019,1755700277.76,1755700277.76,39.5867,
600202.SH,¹þ¿Õµ÷,2020-09-18,4.55,4.65,4.55,4.65,3290601,0.8584,1782534124.8,1782534124.8,40.1917,
600202.SH,¹þ¿Õµ÷,2020-09-21,4.73,4.73,4.58,4.61,4228900,1.1032,1767200497.92,1767200497.92,39.846,
600202.SH,¹þ¿Õµ÷,2020-09-22,4.58,4.59,4.5,4.53,2446500,0.6382,1736533244.16,1736533244.16,39.1545,
600202.SH,¹þ¿Õµ÷,2020-09-23,4.53,4.61,4.52,4.59,2370936,0.6185,1759533684.48,1759533684.48,39.6731,
600202.SH,¹þ¿Õµ÷,2020-09-24,4.56,4.56,4.41,4.43,3012300,0.7858,1698199176.96,1698199176.96,38.2902,
600202.SH,¹þ¿Õµ÷,2020-09-25,4.44,4.45,4.31,4.35,2170100,0.5661,1667531923.2,1667531923.2,37.5987,
600202.SH,¹þ¿Õµ÷,2020-09-28,4.33,4.39,4.21,4.24,2377388,0.6202,1625364449.28,1625364449.28,36.6479,
600202.SH,¹þ¿Õµ÷,2020-09-29,4.25,4.36,4.2,4.26,2494441,0.6507,1633031262.72,1633031262.72,36.8208,
600202.SH,¹þ¿Õµ÷,2020-09-30,4.3,4.31,4.19,4.26,2936500,0.766,1633031262.72,1633031262.72,36.8208,
600202.SH,¹þ¿Õµ÷,2020-10-09,4.3,4.44,4.3,4.38,3085427,0.8049,1679032143.36,1679032143.36,37.858,
600202.SH,¹þ¿Õµ÷,2020-10-12,4.38,4.5,4.38,4.47,2750353,0.7175,1713532803.84,1713532803.84,38.6359,
600202.SH,¹þ¿Õµ÷,2020-10-13,4.48,4.5,4.42,4.47,3389300,0.8841,1713532803.84,1713532803.84,38.6359,
600202.SH,¹þ¿Õµ÷,2020-10-14,4.46,4.46,4.37,4.4,2168001,0.5656,1686698956.8,1686698956.8,38.0309,
600202.SH,¹þ¿Õµ÷,2020-10-15,4.4,4.41,4.32,4.34,2366226,0.6173,1663698516.48,1663698516.48,37.5123,
600202.SH,¹þ¿Õµ÷,2020-10-16,4.36,4.42,4.35,4.41,2671401,0.6969,1690532363.52,1690532363.52,38.1173,
600202.SH,¹þ¿Õµ÷,2020-10-19,4.41,4.5,4.37,4.43,3211500,0.8378,1698199176.96,1698199176.96,38.2902,
600202.SH,¹þ¿Õµ÷,2020-10-20,4.43,4.5,4.38,4.49,2449463,0.639,1721199617.28,1721199617.28,38.8088,
600202.SH,¹þ¿Õµ÷,2020-10-21,4.48,4.48,4.36,4.4,3507800,0.9151,1686698956.8,1686698956.8,38.0309,
600202.SH,¹þ¿Õµ÷,2020-10-22,4.38,4.4,4.34,4.36,1761100,0.4594,1671365329.92,1671365329.92,37.6852,
600202.SH,¹þ¿Õµ÷,2020-10-23,4.36,4.42,4.31,4.35,2053220,0.5356,1667531923.2,1667531923.2,37.5987,
600202.SH,¹þ¿Õµ÷,2020-10-26,4.35,4.39,4.31,4.37,1944425,0.5072,1675198736.64,1675198736.64,37.7716,
600202.SH,¹þ¿Õµ÷,2020-10-27,4.37,4.38,4.31,4.33,2702400,0.705,1659865109.76,1659865109.76,39.5268,
600202.SH,¹þ¿Õµ÷,2020-10-28,4.33,4.34,4.25,4.32,2374000,0.6193,1656031703.04,1656031703.04,39.4355,
600202.SH,¹þ¿Õµ÷,2020-10-29,4.29,4.34,4.26,4.28,2510666,0.6549,1640698076.16,1640698076.16,39.0704,
600202.SH,¹þ¿Õµ÷,2020-10-30,4.28,4.3,4.1,4.12,3581900,0.9344,1579363568.64,1579363568.64,37.6098,
600202.SH,¹þ¿Õµ÷,2020-11-02,4.14,4.15,4.06,4.09,2288100,0.5969,1567863348.48,1567863348.48,37.3359,
600202.SH,¹þ¿Õµ÷,2020-11-03,4.08,4.18,4.08,4.17,2616510,0.6826,1598530602.24,1598530602.24,38.0662,
600202.SH,¹þ¿Õµ÷,2020-11-04,4.19,4.2,4.09,4.14,2048010,0.5343,1587030382.08,1587030382.08,37.7924,
600202.SH,¹þ¿Õµ÷,2020-11-05,4.15,4.23,4.15,4.19,2650160,0.6913,1606197415.68,1606197415.68,38.2488,
600202.SH,¹þ¿Õµ÷,2020-11-06,4.19,4.2,4.13,4.15,2404900,0.6274,1590863788.8,1590863788.8,37.8837,
600202.SH,¹þ¿Õµ÷,2020-11-09,4.16,4.26,4.15,4.24,3174900,0.8282,1625364449.28,1625364449.28,38.7052,
600202.SH,¹þ¿Õµ÷,2020-11-10,4.26,4.26,4.14,4.16,2954400,0.7707,1594697195.52,1594697195.52,37.9749,
600202.SH,¹þ¿Õµ÷,2020-11-11,4.17,4.24,4.14,4.2,2372771,0.619,1610030822.4,1610030822.4,38.3401,
600202.SH,¹þ¿Õµ÷,2020-11-12,4.18,4.28,4.18,4.25,2606200,0.6799,1629197856,1629197856,38.7965,
600202.SH,¹þ¿Õµ÷,2020-11-13,4.23,4.28,4.19,4.24,1747600,0.4559,1625364449.28,1625364449.28,38.7052,
600202.SH,¹þ¿Õµ÷,2020-11-16,4.28,4.3,4.23,4.3,2439600,0.6364,1648364889.6,1648364889.6,39.2529,
600202.SH,¹þ¿Õµ÷,2020-11-17,4.3,4.34,4.26,4.3,2217700,0.5785,1648364889.6,1648364889.6,39.2529,
600202.SH,¹þ¿Õµ÷,2020-11-18,4.32,4.35,4.26,4.29,2343400,0.6113,1644531482.88,1644531482.88,39.1617,
600202.SH,¹þ¿Õµ÷,2020-11-19,4.33,4.33,4.27,4.31,1773312,0.4626,1652198296.32,1652198296.32,39.3442,
600202.SH,¹þ¿Õµ÷,2020-11-20,4.29,4.38,4.28,4.35,3090100,0.8061,1667531923.2,1667531923.2,39.7094,
600202.SH,¹þ¿Õµ÷,2020-11-23,4.34,4.44,4.34,4.36,2495802,0.6511,1671365329.92,1671365329.92,39.8007,
600202.SH,¹þ¿Õµ÷,2020-11-24,4.37,4.4,4.33,4.36,1933400,0.5044,1671365329.92,1671365329.92,39.8007,
600202.SH,¹þ¿Õµ÷,2020-11-25,4.36,4.38,4.27,4.27,1996412,0.5208,1636864669.44,1636864669.44,38.9791,
600202.SH,¹þ¿Õµ÷,2020-11-26,4.29,4.32,4.25,4.28,1540702,0.4019,1640698076.16,1640698076.16,39.0704,
600202.SH,¹þ¿Õµ÷,2020-11-27,4.31,4.35,4.22,4.35,2435577,0.6354,1667531923.2,1667531923.2,39.7094,
600202.SH,¹þ¿Õµ÷,2020-11-30,4.34,4.41,4.29,4.31,3077000,0.8027,1652198296.32,1652198296.32,39.3442,
600202.SH,¹þ¿Õµ÷,2020-12-01,4.34,4.4,4.3,4.39,2000902,0.522,1682865550.08,1682865550.08,40.0745,
600202.SH,¹þ¿Õµ÷,2020-12-02,4.39,4.44,4.36,4.39,2343752,0.6114,1682865550.08,1682865550.08,40.0745,
600202.SH,¹þ¿Õµ÷,2020-12-03,4.4,4.42,4.36,4.38,1656104,0.432,1679032143.36,1679032143.36,39.9832,
600202.SH,¹þ¿Õµ÷,2020-12-04,4.38,4.45,4.35,4.41,2689641,0.7016,1690532363.52,1690532363.52,40.2571,
600202.SH,¹þ¿Õµ÷,2020-12-07,4.41,4.42,4.33,4.35,1949711,0.5086,1667531923.2,1667531923.2,39.7094,
600202.SH,¹þ¿Õµ÷,2020-12-08,4.37,4.39,4.32,4.32,1186100,0.3094,1656031703.04,1656031703.04,39.4355,
600202.SH,¹þ¿Õµ÷,2020-12-09,4.33,4.33,4.21,4.24,2478058,0.6464,1625364449.28,1625364449.28,38.7052,
600202.SH,¹þ¿Õµ÷,2020-12-10,4.23,4.33,4.21,4.28,2228940,0.5815,1640698076.16,1640698076.16,39.0704,
600202.SH,¹þ¿Õµ÷,2020-12-11,4.27,4.31,4.14,4.17,2521749,0.6578,1598530602.24,1598530602.24,38.0662,
600202.SH,¹þ¿Õµ÷,2020-12-14,4.21,4.29,4.13,4.28,3035690,0.7919,1640698076.16,1640698076.16,39.0704,
600202.SH,¹þ¿Õµ÷,2020-12-15,4.23,4.28,4.19,4.21,2488101,0.6491,1613864229.12,1613864229.12,38.4314,
600202.SH,¹þ¿Õµ÷,2020-12-16,4.21,4.23,4.12,4.14,1615969,0.4215,1587030382.08,1587030382.08,37.7924,
600202.SH,¹þ¿Õµ÷,2020-12-17,4.12,4.19,4.09,4.19,2295801,0.5989,1606197415.68,1606197415.68,38.2488,
600202.SH,¹þ¿Õµ÷,2020-12-18,4.2,4.25,4.15,4.18,1502500,0.3919,1602364008.96,1602364008.96,38.1575,
600202.SH,¹þ¿Õµ÷,2020-12-21,4.2,4.28,4.17,4.23,2066600,0.5391,1621531042.56,1621531042.56,38.6139,
600202.SH,¹þ¿Õµ÷,2020-12-22,4.23,4.25,4.12,4.13,2495200,0.6509,1583196975.36,1583196975.36,37.7011,
600202.SH,¹þ¿Õµ÷,2020-12-23,4.11,4.25,4.11,4.22,2253700,0.5879,1617697635.84,1617697635.84,38.5227,
600202.SH,¹þ¿Õµ÷,2020-12-24,4.19,4.21,4.09,4.13,2802400,0.731,1583196975.36,1583196975.36,37.7011,
600202.SH,¹þ¿Õµ÷,2020-12-25,4.1,4.28,4.1,4.26,3651488,0.9525,1633031262.72,1633031262.72,38.8878,
600202.SH,¹þ¿Õµ÷,2020-12-28,4.26,4.3,4.18,4.19,3051400,0.796,1606197415.68,1606197415.68,38.2488,
600202.SH,¹þ¿Õµ÷,2020-12-29,4.18,4.24,4.15,4.2,2199200,0.5737,1610030822.4,1610030822.4,38.3401,
600202.SH,¹þ¿Õµ÷,2020-12-30,4.23,4.26,4.18,4.21,1962002,0.5118,1613864229.12,1613864229.12,38.4314,
600202.SH,¹þ¿Õµ÷,2020-12-31,4.22,4.26,4.17,4.21,2160167,0.5635,1613864229.12,1613864229.12,38.4314,
600202.SH,¹þ¿Õµ÷,2021-01-04,4.23,4.26,4.2,4.24,1964584,0.5125,1625364449.28,1625364449.28,38.7052,
600202.SH,¹þ¿Õµ÷,2021-01-05,4.22,4.24,4.15,4.16,2245700,0.5858,1594697195.52,1594697195.52,37.9749,
600202.SH,¹þ¿Õµ÷,2021-01-06,4.16,4.18,4.04,4.07,3686736,0.9617,1560196535.04,1560196535.04,37.1534,
600202.SH,¹þ¿Õµ÷,2021-01-07,4.06,4.07,3.92,3.97,3328945,0.8684,1521862467.84,1521862467.84,36.2405,
600202.SH,¹þ¿Õµ÷,2021-01-08,3.97,3.98,3.85,3.93,1853560,0.4835,1506528840.96,1506528840.96,35.8754,
600202.SH,¹þ¿Õµ÷,2021-01-11,3.92,3.93,3.75,3.8,3148300,0.8213,1456694553.6,1456694553.6,34.6886,
600202.SH,¹þ¿Õµ÷,2021-01-12,3.75,3.85,3.75,3.8,1956510,0.5104,1456694553.6,1456694553.6,34.6886,
600202.SH,¹þ¿Õµ÷,2021-01-13,3.79,3.79,3.63,3.68,2677016,0.6983,1410693672.96,1410693672.96,33.5932,
600202.SH,¹þ¿Õµ÷,2021-01-14,3.67,3.69,3.56,3.68,2086767,0.5444,1410693672.96,1410693672.96,33.5932,
600202.SH,¹þ¿Õµ÷,2021-01-15,3.69,3.75,3.68,3.74,1768328,0.4613,1433694113.28,1433694113.28,34.1409,
600202.SH,¹þ¿Õµ÷,2021-01-18,3.73,3.81,3.73,3.76,2252155,0.5875,1441360926.72,1441360926.72,34.3235,
600202.SH,¹þ¿Õµ÷,2021-01-19,3.78,3.81,3.74,3.78,2048200,0.5343,1449027740.16,1449027740.16,34.5061,
600202.SH,¹þ¿Õµ÷,2021-01-20,3.79,3.8,3.74,3.78,1016032,0.265,1449027740.16,1449027740.16,34.5061,
600202.SH,¹þ¿Õµ÷,2021-01-21,3.78,3.82,3.76,3.8,1296110,0.3381,1456694553.6,1456694553.6,34.6886,
600202.SH,¹þ¿Õµ÷,2021-01-22,3.81,3.81,3.7,3.71,1564813,0.4082,1422193893.12,1422193893.12,33.8671,
600202.SH,¹þ¿Õµ÷,2021-01-25,3.72,3.72,3.58,3.6,2054700,0.536,1380026419.2,1380026419.2,32.8629,
600202.SH,¹þ¿Õµ÷,2021-01-26,3.57,3.63,3.55,3.58,1132285,0.2954,1372359605.76,1372359605.76,32.6804,
600202.SH,¹þ¿Õµ÷,2021-01-27,3.58,3.62,3.53,3.6,1348431,0.3518,1380026419.2,1380026419.2,32.8629,
600202.SH,¹þ¿Õµ÷,2021-01-28,3.52,3.63,3.52,3.59,978531,0.2553,1376193012.48,1376193012.48,32.7716,
600202.SH,¹þ¿Õµ÷,2021-01-29,3.6,3.6,3.49,3.54,1483300,0.3869,1357025978.88,1357025978.88,32.3152,
600202.SH,¹þ¿Õµ÷,2021-02-01,3.6,3.6,3.3,3.43,2355260,0.6144,1314858504.96,1314858504.96,31.3111,
600202.SH,¹þ¿Õµ÷,2021-02-02,3.44,3.49,3.39,3.43,1709200,0.4459,1314858504.96,1314858504.96,31.3111,
600202.SH,¹þ¿Õµ÷,2021-02-03,3.41,3.43,3.32,3.34,1438170,0.3752,1280357844.48,1280357844.48,30.4895,
600202.SH,¹þ¿Õµ÷,2021-02-04,3.35,3.36,3.1,3.25,2193660,0.5722,1245857184,1245857184,29.6679,
600202.SH,¹þ¿Õµ÷,2021-02-05,3.26,3.33,3.21,3.23,2222610,0.5798,1238190370.56,1238190370.56,29.4853,
600202.SH,¹þ¿Õµ÷,2021-02-08,3.26,3.28,3.2,3.24,1927400,0.5028,1242023777.28,1242023777.28,29.5766,
600202.SH,¹þ¿Õµ÷,2021-02-09,3.24,3.33,3.22,3.3,1878158,0.4899,1265024217.6,1265024217.6,30.1244,
600202.SH,¹þ¿Õµ÷,2021-02-10,3.33,3.38,3.31,3.36,1455500,0.3797,1288024657.92,1288024657.92,30.6721,
600202.SH,¹þ¿Õµ÷,2021-02-18,3.39,3.51,3.38,3.49,2705101,0.7057,1337858945.28,1337858945.28,31.8588,
600202.SH,¹þ¿Õµ÷,2021-02-19,3.47,3.61,3.45,3.6,1996900,0.5209,1380026419.2,1380026419.2,32.8629,
600202.SH,¹þ¿Õµ÷,2021-02-22,3.62,3.77,3.62,3.67,2978050,0.7769,1406860266.24,1406860266.24,33.5019,
600202.SH,¹þ¿Õµ÷,2021-02-23,3.68,3.76,3.63,3.73,2899325,0.7563,1429860706.56,1429860706.56,34.0496,
600202.SH,¹þ¿Õµ÷,2021-02-24,3.75,3.75,3.69,3.7,1533353,0.4,1418360486.4,1418360486.4,33.7758,
600202.SH,¹þ¿Õµ÷,2021-02-25,3.72,3.72,3.6,3.61,2969600,0.7747,1383859825.92,1383859825.92,32.9542,
600202.SH,¹þ¿Õµ÷,2021-02-26,3.63,3.67,3.57,3.65,1620000,0.4226,1399193452.8,1399193452.8,33.3194,
600202.SH,¹þ¿Õµ÷,2021-03-01,3.65,3.72,3.65,3.71,1443601,0.3766,1422193893.12,1422193893.12,33.8671,
600202.SH,¹þ¿Õµ÷,2021-03-02,3.71,3.74,3.64,3.66,1538972,0.4015,1403026859.52,1403026859.52,33.4106,
600202.SH,¹þ¿Õµ÷,2021-03-03,3.65,3.71,3.65,3.71,1428001,0.3725,1422193893.12,1422193893.12,33.8671,
600202.SH,¹þ¿Õµ÷,2021-03-04,3.69,3.79,3.68,3.72,2185761,0.5702,1426027299.84,1426027299.84,33.9584,
600202.SH,¹þ¿Õµ÷,2021-03-05,3.71,3.86,3.7,3.84,2735961,0.7137,1472028180.48,1472028180.48,35.0538,
600202.SH,¹þ¿Õµ÷,2021-03-08,3.91,3.95,3.82,3.85,2341600,0.6108,1475861587.2,1475861587.2,35.1451,
600202.SH,¹þ¿Õµ÷,2021-03-09,3.82,3.92,3.72,3.86,4386900,1.1444,1479694993.92,1479694993.92,29.3517,
600202.SH,¹þ¿Õµ÷,2021-03-10,3.82,3.93,3.77,3.83,2730819,0.7124,1468194773.76,1468194773.76,29.1235,
600202.SH,¹þ¿Õµ÷,2021-03-11,3.82,3.85,3.76,3.82,2266905,0.5914,1464361367.04,1464361367.04,29.0475,
600202.SH,¹þ¿Õµ÷,2021-03-12,3.82,3.83,3.73,3.75,2861042,0.7463,1437527520,1437527520,3.40282346638529E38,
