代码,简称,日期,开盘价(元),最高价(元),最低价(元),收盘价(元),成交量(股),换手率(%),A股流通市值(元),总市值(元),市盈率,
600267.SH,海正药业,2000-07-25,3.8127,3.9135,3.6535,3.8361,23661200,59.153,1050400000,4096560000,82.8314,
600267.SH,海正药业,2000-07-26,3.7908,3.8975,3.7689,3.785,4721000,11.8025,1036400000,4041960000,81.7274,
600267.SH,海正药业,2000-07-27,3.785,3.8551,3.785,3.8171,2014200,5.0355,1045200000,4076280000,82.4213,
600267.SH,海正药业,2000-07-28,3.8171,3.9954,3.8171,3.9486,2164800,5.412,1081200000,4216680000,85.2602,
600267.SH,海正药业,2000-07-31,3.9442,3.9559,3.8712,3.8931,2058200,5.1455,1066000000,4157400000,84.0615,
600267.SH,海正药业,2000-08-01,3.8741,4.0173,3.8726,3.9647,1413800,3.5345,1085600000,4233840000,85.6071,
600267.SH,海正药业,2000-08-02,3.988,4.0173,3.9413,3.9734,1199300,2.9983,1088000000,4243200000,85.7964,
600267.SH,海正药业,2000-08-03,3.988,4.0143,3.9238,3.9442,1565100,3.9128,1080000000,4212000000,85.1655,
600267.SH,海正药业,2000-08-04,3.915,4.1166,3.915,4.0903,1555600,3.889,1120000000,4368000000,88.3198,
600267.SH,海正药业,2000-08-07,4.0918,4.4993,4.0918,4.4321,3501900,8.7547,1213600000,4733040000,95.7008,
600267.SH,海正药业,2000-08-08,4.3971,4.6454,4.3547,4.4993,2200300,5.5008,1232000000,4804800000,97.1518,
600267.SH,海正药业,2000-08-09,4.4993,4.5943,4.4409,4.5359,1202800,3.007,1242000000,4843800000,97.9404,
600267.SH,海正药业,2000-08-10,4.5286,4.5724,4.4555,4.5505,1051100,2.6277,1246000000,4859400000,98.2558,
600267.SH,海正药业,2000-08-11,4.5651,4.5899,4.4993,4.5505,668500,1.6713,1246000000,4859400000,98.2558,
600267.SH,海正药业,2000-08-14,4.5534,4.7462,4.5534,4.6016,887500,2.2188,1260000000,4914000000,99.3598,
600267.SH,海正药业,2000-08-15,4.6454,4.7038,4.4993,4.587,1456700,3.6418,1256000000,4898400000,99.0443,
600267.SH,海正药业,2000-08-16,4.6031,4.6133,4.4409,4.476,2014500,5.0362,1225600000,4779840000,96.6471,
600267.SH,海正药业,2000-08-17,4.4526,4.5578,4.4482,4.4614,796100,1.9903,1221600000,4764240000,96.3317,
600267.SH,海正药业,2000-08-18,4.5271,4.6527,4.4555,4.4555,1986000,4.965,1220000000,4758000000,96.2055,
600267.SH,海正药业,2000-08-21,4.4701,4.5388,4.4555,4.4672,771800,1.9295,1223200000,4770480000,96.4578,
600267.SH,海正药业,2000-08-22,4.5388,4.5621,4.4263,4.4263,1783300,4.4582,1212000000,4726800000,95.5746,
600267.SH,海正药业,2000-08-23,4.4117,4.4555,4.2364,4.3795,2273700,5.6842,1199200000,4676880000,94.5653,
600267.SH,海正药业,2000-08-24,4.3971,4.4774,4.3416,4.3474,1348900,3.3723,1190400000,4642560000,93.8713,
600267.SH,海正药业,2000-08-25,4.4555,4.6016,4.4263,4.5139,2408300,6.0207,1236000000,4820400000,97.4672,
600267.SH,海正药业,2000-08-28,4.5548,4.6016,4.4482,4.4555,867700,2.1692,1220000000,4758000000,96.2055,
600267.SH,海正药业,2000-08-29,4.511,4.5402,4.3971,4.5359,607900,1.5197,1242000000,4843800000,97.9404,
600267.SH,海正药业,2000-08-30,4.5256,4.53,4.4409,4.4555,460500,1.1513,1220000000,4758000000,96.2055,
600267.SH,海正药业,2000-08-31,4.3825,4.4263,4.3021,4.3459,1060300,2.6507,1190000000,4641000000,93.8398,
600267.SH,海正药业,2000-09-01,4.2948,4.3459,4.2218,4.2218,1236700,3.0918,1156000000,4508400000,91.1587,
600267.SH,海正药业,2000-09-04,4.2364,4.3357,4.2072,4.2656,574700,1.4367,1168000000,4555200000,92.1049,
600267.SH,海正药业,2000-09-05,4.4088,4.4088,4.0903,4.0903,632400,1.581,1120000000,4368000000,88.3198,
600267.SH,海正药业,2000-09-06,4.1049,4.1633,4.0187,4.0742,998767,2.4969,1115600000,4350840000,87.9728,
600267.SH,海正药业,2000-09-07,4.0888,4.159,4.0173,4.0903,1005500,2.5137,1120000000,4368000000,88.3198,
600267.SH,海正药业,2000-09-08,4.0903,4.1706,4.0757,4.0903,617400,1.5435,1120000000,4368000000,88.3198,
600267.SH,海正药业,2000-09-11,4.1195,4.1721,4.0319,4.1181,242300,0.6058,1127600000,4397640000,88.9191,
600267.SH,海正药业,2000-09-12,4.1195,4.2072,4.0976,4.1458,407200,1.018,1135200000,4427280000,89.5184,
600267.SH,海正药业,2000-09-13,4.1487,4.2656,4.0918,4.1648,370600,0.9265,1140400000,4447560000,89.9285,
600267.SH,海正药业,2000-09-14,4.2218,4.3459,4.1341,4.2481,521200,1.303,1163200000,4536480000,91.7264,
600267.SH,海正药业,2000-09-15,4.3211,4.3211,4.1794,4.1984,506600,1.2665,1149600000,4483440000,90.654,
600267.SH,海正药业,2000-09-18,4.251,4.2773,4.1633,4.1984,152900,0.3822,1149600000,4483440000,90.654,
600267.SH,海正药业,2000-09-19,4.1633,4.2072,4.0187,4.0333,461800,1.1545,1104400000,4307160000,87.0896,
600267.SH,海正药业,2000-09-20,4.0903,4.159,4.0187,4.159,388600,0.9715,1138800000,4441320000,89.8023,
600267.SH,海正药业,2000-09-21,4.1487,4.1619,4.0903,4.1414,131700,0.3292,1134000000,4422600000,89.4238,
600267.SH,海正药业,2000-09-22,4.1312,4.2583,4.102,4.2072,503000,1.2575,1152000000,4492800000,90.8432,
600267.SH,海正药业,2000-09-25,4.289,4.3065,4.2072,4.2364,727300,1.8183,1160000000,4524000000,91.4741,
600267.SH,海正药业,2000-09-26,4.2072,4.251,4.1955,4.2189,133100,0.3327,1155200000,4505280000,91.0956,
600267.SH,海正药业,2000-09-27,4.2364,4.2714,4.2086,4.2612,184400,0.461,1166800000,4550520000,92.0103,
600267.SH,海正药业,2000-09-28,4.3021,4.3386,4.2145,4.2218,561600,1.404,1156000000,4508400000,91.1587,
600267.SH,海正药业,2000-09-29,4.2364,4.3094,4.2101,4.2671,249000,0.6225,1168400000,4556760000,92.1365,
600267.SH,海正药业,2000-10-09,4.2378,4.2627,4.2072,4.251,115900,0.2898,1164000000,4539600000,91.7895,
600267.SH,海正药业,2000-10-10,4.2656,4.4102,4.2159,4.3547,1566500,3.9163,1192400000,4650360000,94.0291,
600267.SH,海正药业,2000-10-11,4.3533,4.4263,4.3109,4.324,446900,1.1173,1184000000,4617600000,93.3667,
600267.SH,海正药业,2000-10-12,4.3386,4.3898,4.2977,4.3795,460700,1.1518,1199200000,4676880000,94.5653,
600267.SH,海正药业,2000-10-13,4.3825,4.3825,4.327,4.3781,169700,0.4242,1198800000,4675320000,94.5337,
600267.SH,海正药业,2000-10-16,4.3679,4.3825,4.2583,4.3606,186000,0.465,1194000000,4656600000,94.1552,
600267.SH,海正药业,2000-10-17,4.4058,4.4351,4.3401,4.3825,901500,2.2537,1200000000,4680000000,94.6284,
600267.SH,海正药业,2000-10-18,4.3942,4.4058,4.3167,4.3167,558300,1.3958,1182000000,4609800000,93.2089,
600267.SH,海正药业,2000-10-19,4.3416,4.3649,4.2802,4.2817,336200,0.8405,1172400000,4572360000,92.4519,
600267.SH,海正药业,2000-10-20,4.2817,4.4687,4.2671,4.3752,485300,1.2132,1198000000,4672200000,94.4706,
600267.SH,海正药业,2000-10-23,4.3752,4.4117,4.3123,4.3284,259500,0.6488,1185200000,4622280000,93.4613,
600267.SH,海正药业,2000-10-24,4.3386,4.4263,4.3328,4.3533,396400,0.991,1192000000,4648800000,93.9975,
600267.SH,海正药业,2000-10-25,4.3839,4.587,4.3825,4.5256,1195600,2.989,1239200000,4832880000,97.7196,
600267.SH,海正药业,2000-10-26,4.5286,4.6527,4.5212,4.5578,1385500,3.4638,1248000000,4867200000,98.4135,
600267.SH,海正药业,2000-10-27,4.587,4.6279,4.5286,4.5402,389900,0.9747,1243200000,4848480000,98.035,
600267.SH,海正药业,2000-10-30,4.5402,4.5928,4.5139,4.549,314700,0.7867,1245600000,4857840000,98.2242,
600267.SH,海正药业,2000-10-31,4.5359,4.5943,4.4833,4.4979,487500,1.2188,1231600000,4803240000,97.1202,
600267.SH,海正药业,2000-11-01,4.4789,4.5256,4.4701,4.5154,246700,0.6168,1236400000,4821960000,97.4988,
600267.SH,海正药业,2000-11-02,4.5139,4.6162,4.5066,4.5183,623300,1.5583,1237200000,4825080000,97.5618,
600267.SH,海正药业,2000-11-03,4.5578,4.6279,4.5169,4.6162,806000,2.015,1264000000,4929600000,99.6752,
600267.SH,海正药业,2000-11-06,4.6191,4.717,4.6177,4.6892,349000,0.8725,1284000000,5007600000,101.2523,
600267.SH,海正药业,2000-11-07,4.7038,4.7842,4.6483,4.7199,700900,1.7523,1292400000,5040360000,101.9147,
600267.SH,海正药业,2000-11-08,4.8324,4.8324,4.7214,4.8178,714700,1.7868,1319200000,5144880000,104.0281,
600267.SH,海正药业,2000-11-09,4.8791,4.8791,4.7506,4.7623,542100,1.3553,1304000000,5085600000,102.8295,
600267.SH,海正药业,2000-11-10,4.7667,4.7915,4.6819,4.7185,478800,1.197,1292000000,5038800000,101.8832,
600267.SH,海正药业,2000-11-13,4.8207,4.8207,4.7185,4.7594,410100,1.0252,1303200000,5082480000,102.7664,
600267.SH,海正药业,2000-11-14,4.7594,4.7886,4.7418,4.7652,431700,1.0793,1304800000,5088720000,102.8926,
600267.SH,海正药业,2000-11-15,4.8061,4.9054,4.7491,4.7769,564800,1.412,1308000000,5101200000,103.1449,
600267.SH,海正药业,2000-11-16,4.7769,4.8207,4.7594,4.7725,197800,0.4945,1306800000,5096520000,103.0503,
600267.SH,海正药业,2000-11-17,4.7769,4.79,4.6746,4.679,581600,1.454,1281200000,4996680000,101.0315,
600267.SH,海正药业,2000-11-20,4.66,4.6673,4.6235,4.6293,611155,1.5279,1267600000,4943640000,99.9591,
600267.SH,海正药业,2000-11-21,4.6191,4.6892,4.6133,4.6352,419929,1.0498,1269200000,4949880000,100.0853,
600267.SH,海正药业,2000-11-22,4.6308,4.7448,4.587,4.7038,547536,1.3688,1288000000,5023200000,101.5678,
600267.SH,海正药业,2000-11-23,4.7331,4.8455,4.7024,4.7404,565269,1.4132,1298000000,5062200000,102.3563,
600267.SH,海正药业,2000-11-24,4.7331,4.7579,4.6206,4.6381,468221,1.1706,1270000000,4953000000,100.1484,
600267.SH,海正药业,2000-11-27,4.6133,4.66,4.6016,4.6381,220637,0.5516,1270000000,4953000000,100.1484,
600267.SH,海正药业,2000-11-28,4.6162,4.7331,4.6162,4.6761,303473,0.7587,1280400000,4993560000,100.9685,
600267.SH,海正药业,2000-11-29,4.7038,4.7331,4.6425,4.6834,456116,1.1403,1282400000,5001360000,101.1262,
600267.SH,海正药业,2000-11-30,4.6892,4.7185,4.6746,4.7009,255380,0.6385,1287200000,5020080000,101.5047,
600267.SH,海正药业,2000-12-01,4.7038,4.7842,4.6849,4.7754,447485,1.1187,1307600000,5099640000,103.1134,
600267.SH,海正药业,2000-12-04,4.7842,4.8178,4.7491,4.7915,304490,0.7612,1312000000,5116800000,103.4603,
600267.SH,海正药业,2000-12-05,4.8207,4.8207,4.7623,4.7915,535980,1.3399,1312000000,5116800000,103.4603,
600267.SH,海正药业,2000-12-06,4.793,4.8207,4.7769,4.7886,252200,0.6305,1311200000,5113680000,103.3973,
600267.SH,海正药业,2000-12-07,4.771,4.8207,4.771,4.7784,428545,1.0714,1308400000,5102760000,103.1765,
600267.SH,海正药业,2000-12-08,4.7944,4.8879,4.7784,4.847,448667,1.1217,1327200000,5176080000,104.659,
600267.SH,海正药业,2000-12-11,4.847,4.8499,4.7521,4.7769,234822,0.5871,1308000000,5101200000,103.1449,
600267.SH,海正药业,2000-12-12,4.7623,4.8032,4.7228,4.7374,220685,0.5517,1297200000,5059080000,102.2933,
600267.SH,海正药业,2000-12-13,4.7418,4.7915,4.7345,4.7506,188801,0.472,1300800000,5073120000,102.5771,
600267.SH,海正药业,2000-12-14,4.7769,4.8193,4.6688,4.7185,355601,0.889,1292000000,5038800000,101.8832,
600267.SH,海正药业,2000-12-15,4.6527,4.7112,4.6016,4.6162,255698,0.6392,1264000000,4929600000,99.6752,
600267.SH,海正药业,2000-12-18,4.6235,4.7038,4.587,4.6907,175420,0.4385,1284400000,5009160000,101.2839,
600267.SH,海正药业,2000-12-19,4.6819,4.7418,4.6819,4.7038,289061,0.7227,1288000000,5023200000,101.5678,
600267.SH,海正药业,2000-12-20,4.7038,4.8222,4.7038,4.7038,441601,1.104,1288000000,5023200000,101.5678,
600267.SH,海正药业,2000-12-21,4.8178,4.8178,4.717,4.7623,169900,0.4248,1304000000,5085600000,102.8295,
600267.SH,海正药业,2000-12-22,4.7623,4.7915,4.7185,4.7477,123501,0.3088,1300000000,5070000000,102.5141,
600267.SH,海正药业,2000-12-25,4.7477,4.8193,4.7477,4.7652,266820,0.6671,1304800000,5088720000,102.8926,
600267.SH,海正药业,2000-12-26,4.7667,4.8645,4.7112,4.7784,356254,0.8906,1308400000,5102760000,103.1765,
600267.SH,海正药业,2000-12-27,4.8689,4.8791,4.7842,4.8602,390576,0.9764,1330800000,5190120000,104.9429,
600267.SH,海正药业,2000-12-28,4.8207,4.9084,4.7988,4.8981,370715,0.9268,1341200000,5230680000,105.763,
600267.SH,海正药业,2000-12-29,4.8981,4.9463,4.8499,4.8938,363581,0.909,1340000000,5226000000,105.6683,
600267.SH,海正药业,2001-01-02,4.923,5.1859,4.923,5.1158,707677,1.7692,1400800000,5463120000,110.4628,
600267.SH,海正药业,2001-01-03,5.1202,5.2531,5.091,5.1479,573900,1.4347,1409600000,5497440000,111.1568,
600267.SH,海正药业,2001-01-04,5.1479,5.1611,5.0705,5.0983,230700,0.5767,1396000000,5444400000,110.0843,
600267.SH,海正药业,2001-01-05,5.0983,5.1567,5.0851,5.1202,136826,0.3421,1402000000,5467800000,110.5575,
600267.SH,海正药业,2001-01-08,5.1129,5.1202,4.977,5.091,341774,0.8544,1394000000,5436600000,109.9266,
600267.SH,海正药业,2001-01-09,5.0924,5.1129,4.9814,5.0983,333297,0.8332,1396000000,5444400000,110.0843,
600267.SH,海正药业,2001-01-10,5.0398,5.0983,4.9902,4.9989,402350,1.0059,1368800000,5338320000,107.9394,
600267.SH,海正药业,2001-01-11,5.0033,5.0398,4.8938,4.9011,321300,0.8033,1342000000,5233800000,105.826,
600267.SH,海正药业,2001-01-12,4.8777,4.8908,4.7623,4.8017,264802,0.662,1314800000,5127720000,103.6811,
600267.SH,海正药业,2001-01-15,4.7637,4.774,4.511,4.5432,493037,1.2326,1244000000,4851600000,98.0981,
600267.SH,海正药业,2001-01-16,4.5139,4.6425,4.4964,4.6381,323594,0.809,1270000000,4953000000,100.1484,
600267.SH,海正药业,2001-01-17,4.5548,4.6016,4.4584,4.5096,253127,0.6328,1234800000,4815720000,97.3726,
600267.SH,海正药业,2001-01-18,4.5286,4.6454,4.5286,4.6133,122272,0.3057,1263200000,4926480000,99.6121,
600267.SH,海正药业,2001-01-19,4.5578,4.6454,4.5578,4.6454,138104,0.3453,1272000000,4960800000,100.3061,
600267.SH,海正药业,2001-02-05,4.6732,4.6732,4.3664,4.4263,249250,0.6231,1212000000,4726800000,95.5746,
600267.SH,海正药业,2001-02-06,4.3825,4.4117,4.3094,4.3825,163820,0.4096,1200000000,4680000000,94.6284,
600267.SH,海正药业,2001-02-07,4.3825,4.4,4.3533,4.3533,193900,0.4848,1192000000,4648800000,93.9975,
600267.SH,海正药业,2001-02-08,4.3752,4.3825,4.343,4.3679,194500,0.4862,1196000000,4664400000,94.3129,
600267.SH,海正药业,2001-02-09,4.3825,4.4263,4.3752,4.4146,160650,0.4016,1208800000,4714320000,95.3223,
600267.SH,海正药业,2001-02-12,4.4117,4.4117,4.3664,4.4088,94199,0.2355,1207200000,4708080000,95.1961,
600267.SH,海正药业,2001-02-13,4.4263,4.4614,4.4088,4.4409,62550,0.1564,1216000000,4742400000,95.8901,
600267.SH,海正药业,2001-02-14,4.4234,4.4555,4.4117,4.4292,77300,0.1933,1212800000,4729920000,95.6377,
600267.SH,海正药业,2001-02-15,4.4336,4.4336,4.3839,4.419,91528,0.2288,1210000000,4719000000,95.4169,
600267.SH,海正药业,2001-02-16,4.3839,4.419,4.251,4.3942,261009,0.6525,1203200000,4692480000,94.8807,
600267.SH,海正药业,2001-02-19,4.3825,4.4175,4.3255,4.4117,123345,0.3084,1208000000,4711200000,95.2592,
600267.SH,海正药业,2001-02-20,4.3839,4.4029,4.2685,4.2875,118200,0.2955,1174000000,4578600000,92.5781,
600267.SH,海正药业,2001-02-21,4.289,4.2904,4.0845,4.1195,528479,1.3212,1128000000,4399200000,88.9507,
600267.SH,海正药业,2001-02-22,4.1049,4.2627,4.1049,4.1853,134200,0.3355,1146000000,4469400000,90.3701,
600267.SH,海正药业,2001-02-23,4.2072,4.2802,4.178,4.2802,164890,0.4122,1172000000,4570800000,92.4204,
600267.SH,海正药业,2001-02-26,4.2788,4.324,4.2481,4.3021,297741,0.7444,1178000000,4594200000,92.8935,
600267.SH,海正药业,2001-02-27,4.289,4.3021,4.2554,4.2875,71887,0.1797,1174000000,4578600000,92.5781,
600267.SH,海正药业,2001-02-28,4.2525,4.3343,3.8975,4.2627,144340,0.3609,1167200000,4552080000,92.0419,
600267.SH,海正药业,2001-03-01,4.2583,4.2773,4.2364,4.2685,64230,0.1606,1168800000,4558320000,92.168,
600267.SH,海正药业,2001-03-02,4.2773,4.3416,4.2627,4.2948,291990,0.73,1176000000,4586400000,92.7358,
600267.SH,海正药业,2001-03-05,4.2948,4.3795,4.2948,4.3445,125150,0.3129,1189600000,4639440000,93.8083,
600267.SH,海正药业,2001-03-06,4.3094,4.362,4.2948,4.362,113051,0.2826,1194400000,4658160000,94.1868,
600267.SH,海正药业,2001-03-07,4.3533,4.4102,4.3109,4.3971,117750,0.2944,1204000000,4695600000,94.9438,
600267.SH,海正药业,2001-03-08,4.308,4.492,4.308,4.4204,455154,1.1379,1210400000,4720560000,95.4485,
600267.SH,海正药业,2001-03-09,4.3386,4.5695,4.3386,4.5286,824119,2.0603,1240000000,4836000000,97.7826,
600267.SH,海正药业,2001-03-12,4.4555,4.6016,4.4555,4.6016,416750,1.0419,1260000000,4914000000,99.3598,
600267.SH,海正药业,2001-03-13,4.5724,4.5841,4.4555,4.4701,230450,0.5761,1224000000,4773600000,96.5209,
600267.SH,海正药业,2001-03-14,4.4701,4.53,4.4555,4.511,153777,0.3844,1235200000,4817280000,97.4041,
600267.SH,海正药业,2001-03-15,4.511,4.5987,4.4818,4.5987,223425,0.5586,1259200000,4910880000,99.2967,
600267.SH,海正药业,2001-03-16,4.5286,4.6717,4.5286,4.66,285946,0.7149,1276000000,4976400000,100.6215,
600267.SH,海正药业,2001-03-19,4.6016,4.7594,4.5811,4.7185,288215,0.7205,1292000000,5038800000,101.8832,
600267.SH,海正药业,2001-03-20,4.7185,4.7185,4.6615,4.6746,120700,0.3018,1280000000,4992000000,100.9369,
600267.SH,海正药业,2001-03-21,4.6308,4.8032,4.6308,4.7331,209503,0.5238,1296000000,5054400000,102.1986,
600267.SH,海正药业,2001-03-22,4.7155,4.7623,4.6454,4.7404,361623,0.9041,1298000000,5062200000,102.3563,
600267.SH,海正药业,2001-03-23,4.6892,4.7331,4.5987,4.6746,248250,0.6206,1280000000,4992000000,100.9369,
600267.SH,海正药业,2001-03-26,4.66,4.6746,4.6527,4.6732,146430,0.3661,1279600000,4990440000,100.9054,
600267.SH,海正药业,2001-03-27,4.6746,4.8865,4.6527,4.8865,984796,2.462,1338000000,5218200000,105.5106,
600267.SH,海正药业,2001-03-28,4.923,4.9785,4.9098,4.9347,1479719,3.6993,1351200000,5269680000,106.5515,
600267.SH,海正药业,2001-03-29,5.0398,5.1713,4.9347,4.9376,1040721,2.6018,1352000000,5272800000,94.5258,
600267.SH,海正药业,2001-03-30,4.9639,5.0033,4.8938,4.9931,702171,1.7554,1367200000,5332080000,95.5885,
600267.SH,海正药业,2001-04-02,5.0223,5.0691,4.9317,4.9624,1045924,2.6148,1358800000,5299320000,95.0012,
600267.SH,海正药业,2001-04-03,4.9668,4.9814,4.8865,4.9507,592000,1.48,1355600000,5286840000,94.7775,
600267.SH,海正药业,2001-04-04,4.9668,4.9887,4.847,4.8733,504700,1.2617,1334400000,5204160000,93.2953,
600267.SH,海正药业,2001-04-05,4.8645,5.0398,4.8207,5.0398,485765,1.2144,1380000000,5382000000,96.4834,
600267.SH,海正药业,2001-04-06,5.0106,5.0223,4.9449,4.9668,255600,0.639,1360000000,5304000000,95.0851,
600267.SH,海正药业,2001-04-09,4.9639,4.996,4.9376,4.9741,524323,1.3108,1362000000,5311800000,95.2249,
600267.SH,海正药业,2001-04-10,4.9843,5.0398,4.961,5.0325,597974,1.4949,1378000000,5374200000,96.3436,
600267.SH,海正药业,2001-04-11,5.0515,5.0515,4.9931,5.0004,231399,0.5785,1369200000,5339880000,95.7283,
600267.SH,海正药业,2001-04-12,5.0004,5.0544,4.9566,4.996,394339,0.9858,1368000000,5335200000,95.6444,
600267.SH,海正药业,2001-04-13,4.996,5.0822,4.9493,5.0764,604244,1.5106,1390000000,5421000000,97.1826,
600267.SH,海正药业,2001-04-16,5.1436,5.3568,5.1348,5.3305,1655679,4.1392,1459600000,5692440000,102.0487,
600267.SH,海正药业,2001-04-17,5.3583,5.4182,5.2633,5.3437,1054637,2.6366,1463200000,5706480000,102.3004,
600267.SH,海正药业,2001-04-18,5.3437,5.4474,5.3335,5.3977,646546,1.6164,1478000000,5764200000,103.3352,
600267.SH,海正药业,2001-04-19,5.3977,5.4386,5.2517,5.3466,831438,2.0786,1464000000,5709600000,102.3563,
600267.SH,海正药业,2001-04-20,5.3452,5.3452,5.1874,5.2736,606523,1.5163,1444000000,5631600000,100.958,
600267.SH,海正药业,2001-04-23,5.1932,5.2444,5.0691,5.1976,689413,1.7235,1423200000,5550480000,99.5038,
600267.SH,海正药业,2001-04-24,5.1786,5.2444,5.0983,5.2429,317528,0.7938,1435600000,5598840000,100.3707,
600267.SH,海正药业,2001-04-25,5.1859,5.2297,5.0471,5.0749,486700,1.2168,1389600000,5419440000,97.1546,
600267.SH,海正药业,2001-04-26,5.0428,5.0764,5.0048,5.0749,339460,0.8486,1389600000,5419440000,97.1546,
600267.SH,海正药业,2001-04-27,5.0691,5.1348,5.0471,5.1129,395444,0.9886,1400000000,5460000000,97.8817,
600267.SH,海正药业,2001-04-30,5.1275,5.2882,5.0705,5.2268,339488,0.8487,1431200000,5581680000,100.0631,
600267.SH,海正药业,2001-05-08,5.2297,5.3028,5.1976,5.2181,153751,0.3844,1428800000,5572320000,99.8953,
600267.SH,海正药业,2001-05-09,5.259,5.259,5.1567,5.2297,183150,0.4579,1432000000,5584800000,100.119,
600267.SH,海正药业,2001-05-10,5.2297,5.2297,5.2297,5.2297,--,--,1432000000,5584800000,100.119,
600267.SH,海正药业,2001-05-11,5.2297,5.2502,5.2108,5.2151,126470,0.3162,1428000000,5569200000,99.8394,
600267.SH,海正药业,2001-05-14,5.2224,5.2721,5.1991,5.237,164330,0.4108,1434000000,5592600000,100.2589,
600267.SH,海正药业,2001-05-15,5.259,5.3539,4.7827,5.3393,623672,1.5592,1462000000,5701800000,102.2165,
600267.SH,海正药业,2001-05-16,5.3393,5.4752,5.2619,5.4752,628402,1.571,1499200000,5846880000,104.8174,
600267.SH,海正药业,2001-05-17,5.4503,5.5584,5.4343,5.5365,794610,1.9865,1516000000,5912400000,105.9919,
600267.SH,海正药业,2001-05-18,5.5351,5.5614,5.4781,5.5614,710536,1.7763,1522800000,5938920000,106.4674,
600267.SH,海正药业,2001-05-21,5.5803,5.6066,5.5467,5.5511,739306,1.8483,1520000000,5928000000,106.2716,
600267.SH,海正药业,2001-05-22,5.5511,5.5774,5.4123,5.4927,691023,1.7276,1504000000,5865600000,105.153,
600267.SH,海正药业,2001-05-23,5.5029,5.5614,5.427,5.4927,446425,1.1161,1504000000,5865600000,105.153,
600267.SH,海正药业,2001-05-24,5.5161,5.5489,5.3896,5.4646,524708,0.8199,1492480000,5820672000,104.3475,
600267.SH,海正药业,2001-05-25,5.4482,5.4669,5.2935,5.4365,688100,1.0752,1484800000,5790720000,103.8106,
600267.SH,海正药业,2001-05-28,5.4365,5.4552,5.331,5.4365,370863,0.5795,1484800000,5790720000,103.8106,
600267.SH,海正药业,2001-05-29,5.4083,5.6239,5.4083,5.6005,964121,1.5064,1529600000,5965440000,106.9428,
600267.SH,海正药业,2001-05-30,5.6122,5.7294,5.5771,5.6122,1345243,2.1019,1532800000,5977920000,107.1665,
600267.SH,海正药业,2001-05-31,5.6192,5.645,5.5068,5.5419,570460,0.8913,1513600000,5903040000,105.8241,
600267.SH,海正药业,2001-06-01,5.5536,5.6239,5.4716,5.6239,461090,0.7205,1536000000,5990400000,107.3903,
600267.SH,海正药业,2001-06-04,5.6005,5.6239,5.5325,5.6192,337408,0.5272,1534720000,5985408000,107.3008,
600267.SH,海正药业,2001-06-05,5.6192,5.6192,5.5208,5.6099,458274,0.7161,1532160000,5975424000,107.1218,
600267.SH,海正药业,2001-06-06,5.5536,5.6005,5.4833,5.5349,312090,0.4876,1511680000,5895552000,105.6899,
600267.SH,海正药业,2001-06-07,5.5255,5.5255,5.4458,5.4716,331800,0.5184,1494400000,5828160000,104.4818,
600267.SH,海正药业,2001-06-08,5.4716,5.5068,5.3896,5.4107,348980,0.5453,1477760000,5763264000,103.3184,
600267.SH,海正药业,2001-06-11,5.3896,5.5068,5.1553,5.4013,404854,0.6326,1475200000,5753280000,103.1394,
600267.SH,海正药业,2001-06-12,5.3896,5.3896,5.2373,5.3427,735324,1.1489,1459200000,5690880000,102.0207,
600267.SH,海正药业,2001-06-13,5.3193,5.3474,5.2162,5.3427,584540,0.9133,1459200000,5690880000,102.0207,
600267.SH,海正药业,2001-06-14,5.2912,5.3896,5.2068,5.2256,456582,0.7134,1427200000,5566080000,99.7834,
600267.SH,海正药业,2001-06-15,5.2256,5.2373,5.017,5.1084,1095178,1.7112,1395200000,5441280000,97.5461,
600267.SH,海正药业,2001-06-18,5.1084,5.1084,4.9116,5.085,1041428,1.6272,1388800000,5416320000,97.0987,
600267.SH,海正药业,2001-06-19,5.0498,5.1131,4.9678,5.1084,530562,0.829,1395200000,5441280000,97.5461,
600267.SH,海正药业,2001-06-20,5.1084,5.1553,4.9209,5.0264,547716,0.8558,1372800000,5353920000,95.98,
600267.SH,海正药业,2001-06-21,5.0264,5.0732,4.9678,5.0451,547020,0.8547,1377920000,5373888000,96.338,
600267.SH,海正药业,2001-06-22,5.0451,5.1061,4.9912,5.0615,561190,0.8769,1382400000,5391360000,96.6512,
600267.SH,海正药业,2001-06-25,5.0615,5.0615,4.9209,4.9678,795321,1.2427,1356800000,5291520000,94.8614,
600267.SH,海正药业,2001-06-26,5.0029,5.0029,4.8506,4.9139,907202,1.4175,1342080000,5234112000,93.8322,
600267.SH,海正药业,2001-06-27,4.8952,5.0123,4.8014,5.0123,1410397,2.2037,1368960000,5338944000,95.7116,
600267.SH,海正药业,2001-06-28,4.9912,5.0123,4.9092,4.9889,464461,0.7257,1362560000,5313984000,95.2641,
600267.SH,海正药业,2001-06-29,4.9678,5.0264,4.9678,5.0123,274108,0.4283,1368960000,5338944000,95.7116,
600267.SH,海正药业,2001-07-02,5.0264,5.0264,4.9444,5.0147,360869,0.5639,1369600000,5341440000,95.7563,
600267.SH,海正药业,2001-07-03,5.01,5.0264,4.9678,5.0217,304022,0.475,1371520000,5348928000,95.8905,
600267.SH,海正药业,2001-07-04,5.0147,5.1506,5.0147,5.0545,257867,0.4029,1380480000,5383872000,96.517,
600267.SH,海正药业,2001-07-05,5.0615,5.0615,4.9209,5.0029,240816,0.3763,1366400000,5328960000,95.5326,
600267.SH,海正药业,2001-07-06,4.9209,5.024,4.9209,4.9983,171200,0.2675,1365120000,5323968000,95.4431,
600267.SH,海正药业,2001-07-09,4.9233,4.9795,4.9209,4.9631,86372,0.135,1355520000,5286528000,94.7719,
600267.SH,海正药业,2001-07-10,4.9467,5.0381,4.9209,5.0381,173530,0.2711,1376000000,5366400000,96.2038,
600267.SH,海正药业,2001-07-11,4.9326,5.0381,4.9233,4.9678,138260,0.216,1356800000,5291520000,94.8614,
600267.SH,海正药业,2001-07-12,4.9983,4.9983,4.9186,4.935,122730,0.1918,1347840000,5256576000,94.2349,
600267.SH,海正药业,2001-07-13,4.935,4.9373,4.8623,4.8741,144360,0.2256,1331200000,5191680000,93.0715,
600267.SH,海正药业,2001-07-16,4.8694,4.8741,4.5952,4.6632,891377,1.3928,1273600000,4967040000,89.0444,
600267.SH,海正药业,2001-07-17,4.6397,4.6397,4.3843,4.5296,748710,1.1699,1237120000,4824768000,86.4939,
600267.SH,海正药业,2001-07-18,4.5226,4.5226,4.4007,4.464,323490,0.5055,1219200000,4754880000,85.241,
600267.SH,海正药业,2001-07-19,4.464,4.5647,4.4171,4.5624,174632,0.2729,1246080000,4859712000,87.1203,
600267.SH,海正药业,2001-07-20,4.546,4.6421,4.546,4.628,380019,0.5938,1264000000,4929600000,88.3732,
600267.SH,海正药业,2001-07-23,4.6397,4.6819,4.5999,4.6608,276590,0.4322,1272960000,4964544000,88.9997,
600267.SH,海正药业,2001-07-24,4.6304,4.6304,4.4874,4.4944,345900,0.5405,1227520000,4787328000,85.8227,
600267.SH,海正药业,2001-07-25,4.4944,4.5015,4.4007,4.4054,394800,0.6169,1203200000,4692480000,84.1224,
600267.SH,海正药业,2001-07-26,4.4921,4.5601,4.396,4.4335,219201,0.3425,1210880000,4722432000,84.6593,
600267.SH,海正药业,2001-07-27,4.4523,4.464,4.3351,4.4242,162785,0.2544,1208320000,4712448000,84.4803,
600267.SH,海正药业,2001-07-30,4.4007,4.4406,4.2133,4.2179,206700,0.323,1152000000,4492800000,80.5427,
600267.SH,海正药业,2001-07-31,4.1711,4.2836,3.9555,4.0563,411461,0.6429,1107840000,4320576000,77.4552,
600267.SH,海正药业,2001-08-01,3.993,4.2648,3.993,4.2648,412265,0.6442,1164800000,4542720000,81.4376,
600267.SH,海正药业,2001-08-02,4.2648,4.2976,4.0984,4.1898,310636,0.4854,1144320000,4462848000,80.0057,
600267.SH,海正药业,2001-08-03,4.1898,4.2179,4.1312,4.1945,77040,0.1204,1145600000,4467840000,80.0952,
600267.SH,海正药业,2001-08-06,4.1875,4.1875,3.986,4.0914,123880,0.1936,1117440000,4358016000,78.1264,
600267.SH,海正药业,2001-08-07,4.1008,4.1242,4.0094,4.0984,123870,0.1935,1119360000,4365504000,78.2606,
600267.SH,海正药业,2001-08-08,4.0914,4.1242,4.0516,4.1008,67242,0.1051,1120000000,4368000000,78.3054,
600267.SH,海正药业,2001-08-09,4.1242,4.1664,4.0797,4.1359,157120,0.2455,1129600000,4405440000,78.9766,
600267.SH,海正药业,2001-08-10,4.15,4.2367,4.1242,4.1664,288541,0.4508,1137920000,4437888000,79.5583,
600267.SH,海正药业,2001-08-13,4.1898,4.2133,4.1383,4.1898,212850,0.3326,1144320000,4462848000,80.0057,
600267.SH,海正药业,2001-08-14,4.1008,4.1898,4.0539,4.1008,116637,0.1822,1120000000,4368000000,70.1358,
600267.SH,海正药业,2001-08-15,4.1125,4.1242,4.0328,4.1008,102049,0.1595,1120000000,4368000000,70.1358,
600267.SH,海正药业,2001-08-16,4.1125,4.1266,4.0563,4.0727,70280,0.1098,1112320000,4338048000,69.6549,
600267.SH,海正药业,2001-08-17,4.0727,4.0891,4.0422,4.0469,83574,0.1306,1105280000,4310592000,69.214,
600267.SH,海正药业,2001-08-20,4.0539,4.1476,4.0281,4.143,187540,0.293,1131520000,4412928000,70.8572,
600267.SH,海正药业,2001-08-21,4.15,4.2625,4.1476,4.2461,655059,1.0235,1159680000,4522752000,72.6206,
600267.SH,海正药业,2001-08-22,4.2507,4.2531,4.1476,4.1594,416710,0.6511,1136000000,4430400000,71.1378,
600267.SH,海正药业,2001-08-23,4.1008,4.2179,4.0656,4.1711,204639,0.3197,1139200000,4442880000,71.3381,
600267.SH,海正药业,2001-08-24,4.1711,4.2554,4.1242,4.1476,205990,0.3219,1132800000,4417920000,70.9374,
600267.SH,海正药业,2001-08-27,4.1476,4.1476,4.0258,4.0258,193472,0.3023,1099520000,4288128000,68.8533,
600267.SH,海正药业,2001-08-28,3.9977,4.0773,3.9602,4.0773,237490,0.3711,1113600000,4343040000,69.735,
600267.SH,海正药业,2001-08-29,4.0563,4.1687,4.0539,4.1125,137616,0.215,1123200000,4380480000,70.3362,
600267.SH,海正药业,2001-08-30,4.1078,4.1078,4.0563,4.0563,53887,0.0842,1107840000,4320576000,69.3743,
600267.SH,海正药业,2001-08-31,4.0352,4.1711,4.0352,4.068,51161,0.0799,1111040000,4333056000,69.5747,
600267.SH,海正药业,2001-09-03,4.0773,4.1711,4.0375,4.082,73940,0.1155,1114880000,4348032000,69.8152,
600267.SH,海正药业,2001-09-04,4.1008,4.232,4.1008,4.2179,445163,0.6956,1152000000,4492800000,72.1397,
600267.SH,海正药业,2001-09-05,4.232,4.3398,4.232,4.3304,1233846,1.9279,1182720000,4612608000,74.0634,
600267.SH,海正药业,2001-09-06,4.3351,4.4101,4.3234,4.3515,966555,1.5102,1188480000,4635072000,74.4241,
600267.SH,海正药业,2001-09-07,4.3585,4.3585,4.1664,4.1711,577390,0.9022,1139200000,4442880000,71.3381,
600267.SH,海正药业,2001-09-10,4.1125,4.382,4.082,4.3703,452678,0.7073,1193600000,4655040000,74.7447,
600267.SH,海正药业,2001-09-11,4.3585,4.4546,4.3562,4.4335,897733,1.4027,1210880000,4722432000,75.8268,
600267.SH,海正药业,2001-09-12,4.3351,4.4335,4.2695,4.4054,745753,1.1652,1203200000,4692480000,75.3459,
600267.SH,海正药业,2001-09-13,4.4007,4.5952,4.3773,4.4991,995748,1.5559,1228800000,4792320000,76.949,
600267.SH,海正药业,2001-09-14,4.5038,4.5226,4.4077,4.4476,610634,0.9541,1214720000,4737408000,76.0673,
600267.SH,海正药业,2001-09-17,4.4523,4.5343,4.4054,4.4991,581214,0.9081,1228800000,4792320000,76.949,
600267.SH,海正药业,2001-09-18,4.4968,4.5882,4.4406,4.5202,715368,1.1178,1234560000,4814784000,77.3097,
600267.SH,海正药业,2001-09-19,4.5343,4.5741,4.4546,4.5741,371334,0.5802,1249280000,4872192000,78.2315,
600267.SH,海正药业,2001-09-20,4.6116,4.6163,4.5343,4.5577,653011,1.0203,1244800000,4854720000,77.9509,
600267.SH,海正药业,2001-09-21,4.5413,4.5647,4.4827,4.4851,325075,0.5079,1224960000,4777344000,76.7085,
600267.SH,海正药业,2001-09-24,4.471,4.4991,4.4171,4.4242,235104,0.3674,1208320000,4712448000,75.6665,
600267.SH,海正药业,2001-09-25,4.4265,4.4944,4.4171,4.4242,183590,0.2869,1208320000,4712448000,75.6665,
600267.SH,海正药业,2001-09-26,4.4499,4.4499,4.3351,4.3421,259292,0.4051,1185920000,4625088000,74.2638,
600267.SH,海正药业,2001-09-27,4.3304,4.4171,4.2226,4.3515,221694,0.3464,1188480000,4635072000,74.4241,
600267.SH,海正药业,2001-09-28,4.3609,4.4757,4.3609,4.471,465813,0.7278,1221120000,4762368000,76.4681,
600267.SH,海正药业,2001-10-08,4.5601,4.5601,4.3937,4.4359,213031,0.3329,1211520000,4724928000,75.8669,
600267.SH,海正药业,2001-10-09,4.4359,4.5109,4.4359,4.457,132858,0.2076,1217280000,4747392000,76.2276,
600267.SH,海正药业,2001-10-10,4.4616,4.4616,4.143,4.1758,671431,1.0491,1140480000,4447872000,71.4183,
600267.SH,海正药业,2001-10-11,4.1711,4.2414,4.0024,4.0375,374750,0.5855,1102720000,4300608000,69.0537,
600267.SH,海正药业,2001-10-12,4.0891,4.2179,3.7961,4.1898,499456,0.7804,1144320000,4462848000,71.6588,
600267.SH,海正药业,2001-10-15,4.1711,4.1828,4.0117,4.1594,333990,0.5219,1136000000,4430400000,71.1378,
600267.SH,海正药业,2001-10-16,4.0539,4.0773,3.9367,3.9578,353875,0.5529,1080960000,4215744000,67.6911,
600267.SH,海正药业,2001-10-17,3.8735,4.0656,3.8477,3.8969,190867,0.2982,1064320000,4150848000,66.6491,
600267.SH,海正药业,2001-10-18,3.8946,3.911,3.8196,3.8336,146300,0.2286,1047040000,4083456000,65.567,
600267.SH,海正药业,2001-10-19,3.8266,3.8266,3.5806,3.6555,595667,0.9307,998400000,3893760000,62.5211,
600267.SH,海正药业,2001-10-22,3.5852,3.5852,3.29,3.29,434178,0.6784,898560000,3504384000,56.269,
600267.SH,海正药业,2001-10-23,3.6181,3.6181,3.515,3.6181,1335135,2.0861,988160000,3853824000,61.8798,
600267.SH,海正药业,2001-10-24,3.7938,3.9789,3.7493,3.9086,2197722,3.4339,1067520000,4163328000,66.8494,
600267.SH,海正药业,2001-10-25,3.8664,3.8664,3.7493,3.7493,669220,1.0457,1024000000,3993600000,64.1242,
600267.SH,海正药业,2001-10-26,3.7212,3.7961,3.6204,3.7141,471870,0.7373,1014400000,3956160000,63.523,
600267.SH,海正药业,2001-10-29,3.7141,3.8664,3.7141,3.8383,475573,0.7431,1048320000,4088448000,65.6471,
600267.SH,海正药业,2001-10-30,3.8383,3.8547,3.7961,3.8196,212590,0.3322,1043200000,4068480000,65.3265,
600267.SH,海正药业,2001-10-31,3.7915,3.7915,3.7258,3.7727,158156,0.2471,1030400000,4018560000,64.5249,
600267.SH,海正药业,2001-11-01,3.7774,3.8547,3.7774,3.8102,199820,0.3122,1040640000,4058496000,65.1662,
600267.SH,海正药业,2001-11-02,3.7915,3.8149,3.7165,3.7258,258236,0.4035,1017600000,3968640000,63.7234,
600267.SH,海正药业,2001-11-05,3.7258,3.7258,3.5899,3.6345,141509,0.2211,992640000,3871296000,62.1604,
600267.SH,海正药业,2001-11-06,3.597,3.6555,3.5642,3.5852,195400,0.3053,979200000,3818880000,61.3187,
600267.SH,海正药业,2001-11-07,3.5735,3.5735,3.3275,3.3744,451510,0.7055,921600000,3594240000,57.7118,
600267.SH,海正药业,2001-11-08,3.29,3.4165,3.2455,3.3626,309620,0.4838,918400000,3581760000,57.5114,
600267.SH,海正药业,2001-11-09,3.3275,3.44,3.3041,3.4095,228230,0.3566,931200000,3631680000,58.3129,
600267.SH,海正药业,2001-11-12,3.4212,3.4212,3.3228,3.3275,117660,0.1838,908800000,3544320000,56.9102,
600267.SH,海正药业,2001-11-13,3.283,3.3228,3.2572,3.297,174359,0.2724,900480000,3511872000,56.3892,
600267.SH,海正药业,2001-11-14,3.3064,3.3509,3.2994,3.3228,62640,0.0979,907520000,3539328000,56.83,
600267.SH,海正药业,2001-11-15,3.3462,3.3837,3.2806,3.3275,134361,0.2099,908800000,3544320000,56.9102,
600267.SH,海正药业,2001-11-16,3.6555,3.6555,3.3884,3.3954,612707,0.9574,927360000,3616704000,58.0725,
600267.SH,海正药业,2001-11-19,3.4189,3.4868,3.3861,3.4775,197578,0.3087,949760000,3704064000,59.4752,
600267.SH,海正药业,2001-11-20,3.5126,3.6321,3.4915,3.611,539015,0.8422,986240000,3846336000,61.7596,
600267.SH,海正药业,2001-11-21,3.6157,3.6696,3.5642,3.6649,388828,0.6075,1000960000,3903744000,62.6814,
600267.SH,海正药业,2001-11-22,3.6696,3.6907,3.6251,3.6649,196455,0.307,1000960000,3903744000,62.6814,
600267.SH,海正药业,2001-11-23,3.6743,3.6977,3.6134,3.686,283380,0.4428,1006720000,3926208000,63.0421,
600267.SH,海正药业,2001-11-26,3.6555,3.6555,3.597,3.6204,137100,0.2142,988800000,3856320000,61.9199,
600267.SH,海正药业,2001-11-27,3.5993,3.6485,3.5852,3.6438,103620,0.1619,995200000,3881280000,62.3207,
600267.SH,海正药业,2001-11-28,3.6837,3.7915,3.6345,3.7305,440235,0.6879,1018880000,3973632000,63.8036,
600267.SH,海正药业,2001-11-29,3.7399,3.761,3.7024,3.7329,285572,0.4462,1019520000,3976128000,63.8436,
600267.SH,海正药业,2001-11-30,3.7141,3.7961,3.7141,3.768,327340,0.5115,1029120000,4013568000,64.4448,
600267.SH,海正药业,2001-12-03,3.768,3.8641,3.7493,3.8594,416034,0.6501,1054080000,4110912000,66.0078,
600267.SH,海正药业,2001-12-04,3.8243,3.8641,3.7985,3.8454,170028,0.2657,1050240000,4095936000,65.7674,
600267.SH,海正药业,2001-12-05,3.7493,3.8243,3.7024,3.7399,417200,0.6519,1021440000,3983616000,63.9639,
600267.SH,海正药业,2001-12-06,3.7071,3.7704,3.6837,3.7587,216800,0.3387,1026560000,4003584000,64.2845,
600267.SH,海正药业,2001-12-07,3.761,3.8196,3.7399,3.7446,135022,0.211,1022720000,3988608000,64.044,
600267.SH,海正药业,2001-12-10,3.7423,3.7446,3.6907,3.7352,92030,0.1438,1020160000,3978624000,63.8837,
600267.SH,海正药业,2001-12-11,3.7118,3.7446,3.679,3.7071,161210,0.2519,1012480000,3948672000,63.4028,
600267.SH,海正药业,2001-12-12,3.7024,3.7024,3.6368,3.6602,128590,0.2009,999680000,3898752000,62.6012,
600267.SH,海正药业,2001-12-13,3.6321,3.6649,3.5618,3.604,163500,0.2555,984320000,3838848000,61.6394,
600267.SH,海正药业,2001-12-14,3.5876,3.5946,3.5337,3.5407,118806,0.1856,967040000,3771456000,60.5573,
600267.SH,海正药业,2001-12-17,3.5384,3.5431,3.5056,3.5337,123135,0.1924,965120000,3763968000,60.437,
600267.SH,海正药业,2001-12-18,3.5384,3.5852,3.515,3.5806,133418,0.2085,977920000,3813888000,61.2386,
600267.SH,海正药业,2001-12-19,3.5852,3.5899,3.515,3.5314,138900,0.217,964480000,3761472000,60.397,
600267.SH,海正药业,2001-12-20,3.4868,3.5103,3.4236,3.4587,154947,0.2421,944640000,3684096000,59.1545,
600267.SH,海正药业,2001-12-21,3.44,3.5618,3.44,3.5056,64499,0.1008,957440000,3734016000,59.9561,
600267.SH,海正药业,2001-12-24,3.4915,3.5337,3.4423,3.4845,96000,0.15,951680000,3711552000,59.5954,
600267.SH,海正药业,2001-12-25,3.4423,3.5032,3.3978,3.4868,74178,0.1159,952320000,3714048000,59.6355,
600267.SH,海正药业,2001-12-26,3.4236,3.515,3.4236,3.5126,96231,0.1504,959360000,3741504000,60.0763,
600267.SH,海正药业,2001-12-27,3.4962,3.5806,3.4939,3.5595,118183,0.1847,972160000,3791424000,60.8779,
600267.SH,海正药业,2001-12-28,3.5524,3.6181,3.5524,3.6134,104770,0.1637,986880000,3848832000,61.7997,
600267.SH,海正药业,2001-12-31,3.6227,3.6579,3.5688,3.5852,118800,0.1856,979200000,3818880000,61.3187,
600267.SH,海正药业,2002-01-04,3.5876,3.5876,3.4634,3.5056,60201,0.0941,957440000,3734016000,59.9561,
600267.SH,海正药业,2002-01-07,3.4353,3.4868,3.4165,3.4259,71170,0.1112,935680000,3649152000,58.5935,
600267.SH,海正药业,2002-01-08,3.4282,3.4493,3.3978,3.4142,52925,0.0827,932480000,3636672000,58.3931,
600267.SH,海正药业,2002-01-09,3.4095,3.4095,3.3041,3.3931,113170,0.1768,926720000,3614208000,58.0324,
600267.SH,海正药业,2002-01-10,3.3861,3.3861,3.1869,3.3603,400562,0.6259,917760000,3579264000,57.4713,
600267.SH,海正药业,2002-01-11,3.3603,3.3603,3.2455,3.2548,180780,0.2825,888960000,3466944000,55.6678,
600267.SH,海正药业,2002-01-14,3.2455,3.2455,3.0721,3.0885,253800,0.3966,843520000,3289728000,52.8223,
600267.SH,海正药业,2002-01-15,3.065,3.1635,2.9783,2.9807,330780,0.5168,814080000,3174912000,50.9787,
600267.SH,海正药业,2002-01-16,2.9807,3.0486,2.8143,2.976,209047,0.3266,812800000,3169920000,50.8986,
600267.SH,海正药业,2002-01-17,2.9432,2.9596,2.7932,2.8026,247530,0.3868,765440000,2985216000,47.9328,
600267.SH,海正药业,2002-01-18,2.7581,2.7581,2.5214,2.5214,2166920,3.3858,688640000,2685696000,43.1235,
600267.SH,海正药业,2002-01-21,2.4839,2.5073,2.4323,2.4698,754977,1.1797,674560000,2630784000,42.2418,
600267.SH,海正药业,2002-01-22,2.4722,2.6479,2.4628,2.5331,543312,0.8489,691840000,2698176000,43.3239,
600267.SH,海正药业,2002-01-23,2.5542,2.6667,2.5073,2.6573,1936080,3.0251,725760000,2830464000,45.448,
600267.SH,海正药业,2002-01-24,2.6573,2.8635,2.6198,2.7815,3900499,6.0945,759680000,2962752000,47.5721,
600267.SH,海正药业,2002-01-25,2.7651,2.8705,2.737,2.8166,2040269,3.1879,769280000,3000192000,48.1733,
600267.SH,海正药业,2002-01-28,2.8166,2.8635,2.5495,2.5612,4096398,6.4006,699520000,2728128000,43.8048,
600267.SH,海正药业,2002-01-29,2.5073,2.6807,2.4722,2.6526,1016591,1.5884,724480000,2825472000,45.3679,
600267.SH,海正药业,2002-01-30,2.6479,2.7182,2.6175,2.676,719807,1.1247,730880000,2850432000,45.7686,
600267.SH,海正药业,2002-01-31,2.7135,2.9432,2.7135,2.9432,3323607,5.1931,803840000,3134976000,50.3375,
600267.SH,海正药业,2002-02-01,2.9526,3.1096,2.9244,3.0229,2894588,4.5228,825600000,3219840000,51.7001,
600267.SH,海正药业,2002-02-04,3.0229,3.0838,2.9666,3.0439,1479229,2.3113,831360000,3242304000,52.0608,
600267.SH,海正药业,2002-02-05,3.0229,3.0697,2.9994,3.0182,869629,1.3588,824320000,3214848000,51.62,
600267.SH,海正药业,2002-02-06,3.0182,3.0346,2.908,2.9198,881600,1.3775,797440000,3110016000,49.9367,
600267.SH,海正药业,2002-02-07,2.9151,3.0674,2.9151,3.0322,1216507,1.9008,828160000,3229824000,51.8604,
600267.SH,海正药业,2002-02-08,3.065,3.1119,3.0111,3.0205,1149910,1.7967,824960000,3217344000,51.66,
600267.SH,海正药业,2002-02-25,3.1119,3.126,3.0369,3.0885,1450071,2.2657,843520000,3289728000,52.8223,
600267.SH,海正药业,2002-02-26,3.0885,3.1025,3.0275,3.065,880686,1.3761,837120000,3264768000,52.4215,
600267.SH,海正药业,2002-02-27,3.0697,3.14,3.065,3.1072,1135074,1.7736,848640000,3309696000,53.1429,
600267.SH,海正药业,2002-02-28,3.1072,3.1353,3.0369,3.0557,1041620,1.6275,834560000,3254784000,52.2612,
600267.SH,海正药业,2002-03-01,3.0018,3.0135,2.8705,2.8799,1300856,2.0326,786560000,3067584000,63.1937,
600267.SH,海正药业,2002-03-04,2.8588,2.9643,2.833,2.9596,828314,1.2942,808320000,3152448000,64.9419,
600267.SH,海正药业,2002-03-05,2.9713,3.0814,2.9596,3.0463,1665171,2.6018,832000000,3244800000,66.8444,
600267.SH,海正药业,2002-03-06,3.0697,3.2244,3.058,3.1236,2702903,4.2233,853120000,3327168000,68.5412,
600267.SH,海正药业,2002-03-07,3.14,3.222,3.1306,3.2174,2242527,3.5039,878720000,3427008000,70.598,
600267.SH,海正药业,2002-03-08,3.2642,3.3087,3.1822,3.2853,3518061,5.497,897280000,3499392000,72.0891,
600267.SH,海正药业,2002-03-11,3.3041,3.3908,3.2806,3.3744,3310705,5.173,921600000,3594240000,74.0431,
600267.SH,海正药业,2002-03-12,3.3744,3.4118,3.2619,3.2642,3227856,5.0435,891520000,3476928000,71.6264,
600267.SH,海正药业,2002-03-13,3.2572,3.2923,3.1986,3.2033,1343840,2.0997,874880000,3412032000,70.2895,
600267.SH,海正药业,2002-03-14,3.2033,3.3744,3.2033,3.372,1682393,2.6287,920960000,3591744000,73.9916,
600267.SH,海正药业,2002-03-15,3.3978,3.4212,3.2291,3.2384,1408016,2.2,884480000,3449472000,71.0608,
600267.SH,海正药业,2002-03-18,3.3041,3.3697,3.2338,3.283,1141472,1.7835,896640000,3496896000,72.0377,
600267.SH,海正药业,2002-03-19,3.2548,3.5384,3.2478,3.5079,4267753,6.6684,958080000,3736512000,76.9739,
600267.SH,海正药业,2002-03-20,3.5196,3.6063,3.4447,3.5196,3639258,5.6863,961280000,3748992000,77.231,
600267.SH,海正药业,2002-03-21,3.5501,3.5618,3.4681,3.4845,1713300,2.677,951680000,3711552000,76.4597,
600267.SH,海正药业,2002-03-22,3.4868,3.4915,3.4165,3.4611,1383464,2.1617,945280000,3686592000,75.9456,
600267.SH,海正药业,2002-03-25,3.4798,3.5337,3.4704,3.5056,952155,1.4877,957440000,3734016000,76.9225,
600267.SH,海正药业,2002-03-26,3.5056,3.529,3.4189,3.4376,841633,1.3151,938880000,3661632000,75.4314,
600267.SH,海正药业,2002-03-27,3.4118,3.4517,3.3814,3.44,660483,1.032,939520000,3664128000,75.4828,
600267.SH,海正药业,2002-03-28,3.44,3.4657,3.3978,3.4165,476085,0.7439,933120000,3639168000,74.9686,
600267.SH,海正药业,2002-03-29,3.4212,3.4212,3.2361,3.2712,1290123,2.0158,893440000,3484416000,71.7806,
600267.SH,海正药业,2002-04-01,3.2455,3.2806,3.1611,3.2455,973582,1.5212,886400000,3456960000,71.215,
600267.SH,海正药业,2002-04-02,3.2291,3.2455,3.1541,3.1658,693216,1.0832,864640000,3372096000,69.4668,
600267.SH,海正药业,2002-04-03,3.1635,3.222,3.1588,3.1611,560850,0.8763,863360000,3367104000,69.3639,
600267.SH,海正药业,2002-04-04,3.14,3.3158,3.1166,3.3158,847273,1.3239,905600000,3531840000,72.7576,
600267.SH,海正药业,2002-04-05,3.3603,3.3744,3.2759,3.283,835375,1.3053,896640000,3496896000,72.0377,
600267.SH,海正药业,2002-04-08,3.4282,3.4282,3.3158,3.3486,419394,0.6553,914560000,3566784000,73.4775,
600267.SH,海正药业,2002-04-09,3.3626,3.4165,3.3322,3.4165,599701,0.937,933120000,3639168000,74.9686,
600267.SH,海正药业,2002-04-10,3.4259,3.4447,3.3744,3.4236,473897,0.7405,935040000,3646656000,75.1229,
600267.SH,海正药业,2002-04-11,3.4072,3.4072,3.3275,3.3322,693300,1.0833,910080000,3549312000,73.1175,
600267.SH,海正药业,2002-04-12,3.3158,3.3673,3.3158,3.3415,465459,0.7273,912640000,3559296000,73.3232,
600267.SH,海正药业,2002-04-15,3.3415,3.372,3.2548,3.2666,891166,1.3924,892160000,3479424000,71.6778,
600267.SH,海正药业,2002-04-16,3.2666,3.2666,3.2666,3.2666,--,--,892160000,3479424000,71.6778,
600267.SH,海正药业,2002-04-17,3.2666,3.3111,3.2291,3.2642,328541,0.5133,891520000,3476928000,71.6264,
600267.SH,海正药业,2002-04-18,3.1306,3.3392,3.1306,3.215,449113,0.7017,878080000,3424512000,70.5466,
600267.SH,海正药业,2002-04-19,3.2525,3.2572,3.1822,3.2502,468018,0.7313,887680000,3461952000,71.3179,
600267.SH,海正药业,2002-04-22,3.2525,3.2525,3.1775,3.1939,289069,0.4517,872320000,3402048000,70.0838,
600267.SH,海正药业,2002-04-23,3.1869,3.1869,3.1213,3.1283,1138180,1.7784,854400000,3332160000,68.6441,
600267.SH,海正药业,2002-04-24,3.1166,3.1353,3.0697,3.1166,579340,0.9052,851200000,3319680000,68.387,
600267.SH,海正药业,2002-04-25,3.0978,3.1752,3.0932,3.1681,233509,0.3649,865280000,3374592000,69.5182,
600267.SH,海正药业,2002-04-26,3.1635,3.222,3.1588,3.2174,353250,0.552,878720000,3427008000,70.598,
600267.SH,海正药业,2002-04-29,3.2174,3.2572,3.1939,3.2548,630959,0.9859,888960000,3466944000,71.4207,
600267.SH,海正药业,2002-04-30,3.2455,3.2712,3.2291,3.2408,358581,0.5603,885120000,3451968000,71.1122,
600267.SH,海正药业,2002-05-08,3.2572,3.2783,3.1822,3.1869,160581,0.2509,870400000,3394560000,69.9296,
600267.SH,海正药业,2002-05-09,3.1588,3.2197,3.1424,3.1635,210000,0.3281,864000000,3369600000,69.4154,
600267.SH,海正药业,2002-05-10,3.1635,3.2056,3.1096,3.1283,216470,0.3382,854400000,3332160000,68.6441,
600267.SH,海正药业,2002-05-13,3.126,3.126,3.0744,3.0838,479900,0.7498,842240000,3284736000,67.6671,
600267.SH,海正药业,2002-05-14,3.0838,3.0932,3.0205,3.0229,1130320,1.7661,825600000,3219840000,66.3302,
600267.SH,海正药业,2002-05-15,3.0229,3.0252,2.9666,2.9994,673880,1.0529,819200000,3194880000,65.8161,
600267.SH,海正药业,2002-05-16,2.9901,3.0111,2.8823,2.8869,652753,1.0199,788480000,3075072000,63.3479,
600267.SH,海正药业,2002-05-17,2.8823,2.9596,2.8705,2.9291,724446,1.1319,800000000,3120000000,64.2735,
600267.SH,海正药业,2002-05-20,2.9174,2.9174,2.8213,2.8869,296480,0.4633,788480000,3075072000,63.3479,
600267.SH,海正药业,2002-05-21,2.9291,3.0205,2.9291,2.969,779711,1.2183,810880000,3162432000,65.1476,
600267.SH,海正药业,2002-05-22,2.9572,2.976,2.908,2.9151,241154,0.3768,796160000,3105024000,63.965,
600267.SH,海正药业,2002-05-23,2.9244,3.0158,2.9244,2.9526,328619,0.5135,806400000,3144960000,64.7877,
600267.SH,海正药业,2002-05-24,2.9526,2.976,2.8705,2.8799,295115,0.4611,786560000,3067584000,63.1937,
600267.SH,海正药业,2002-05-27,2.8776,2.9994,2.8776,2.9198,225200,0.3519,797440000,3110016000,64.0678,
600267.SH,海正药业,2002-05-28,2.9526,2.9807,2.9291,2.9362,225980,0.3531,801920000,3127488000,64.4277,
600267.SH,海正药业,2002-05-29,2.9291,2.9291,2.8237,2.8354,368255,0.5754,774400000,3020160000,62.2167,
600267.SH,海正药业,2002-05-30,2.8166,2.8705,2.7557,2.8002,471662,0.737,764800000,2982720000,61.4455,
600267.SH,海正药业,2002-05-31,2.8143,2.8237,2.7698,2.7721,182000,0.2844,757120000,2952768000,60.8284,
600267.SH,海正药业,2002-06-03,2.7557,2.7557,2.6526,2.6667,309210,0.4831,728320000,2840448000,58.5146,
600267.SH,海正药业,2002-06-04,2.6596,2.7112,2.6479,2.6901,154581,0.2415,734720000,2865408000,59.0288,
600267.SH,海正药业,2002-06-05,2.6831,2.6831,2.6104,2.6151,209809,0.3278,714240000,2785536000,57.3834,
600267.SH,海正药业,2002-06-06,2.6057,2.8327,2.6009,2.7759,469566,0.7337,751360000,2930304000,60.3657,
600267.SH,海正药业,2002-06-07,2.7664,2.8729,2.7381,2.8279,984942,1.539,765440000,2985216000,61.4969,
600267.SH,海正药业,2002-06-10,2.809,2.8232,2.7428,2.7688,180700,0.2823,749440000,2922816000,60.2114,
600267.SH,海正药业,2002-06-11,2.7783,2.8256,2.7664,2.8137,195482,0.3054,761600000,2970240000,61.1884,
600267.SH,海正药业,2002-06-12,2.809,2.809,2.7735,2.7877,185360,0.2896,754560000,2942784000,60.6228,
600267.SH,海正药业,2002-06-13,2.7806,2.7877,2.7381,2.7404,147100,0.2298,741760000,2892864000,59.5944,
600267.SH,海正药业,2002-06-14,2.731,2.731,2.6837,2.6908,147720,0.2308,728320000,2840448000,58.5146,
600267.SH,海正药业,2002-06-17,2.6128,2.705,2.608,2.6813,99937,0.1562,725760000,2830464000,58.3089,
600267.SH,海正药业,2002-06-18,2.6719,2.7617,2.6719,2.7357,107602,0.1681,740480000,2887872000,59.4915,
600267.SH,海正药业,2002-06-19,2.7546,2.7546,2.7073,2.7073,66600,0.1041,732800000,2857920000,58.8745,
600267.SH,海正药业,2002-06-20,2.7452,2.7948,2.7452,2.7617,219067,0.3423,747520000,2915328000,60.0571,
600267.SH,海正药业,2002-06-21,2.7925,2.9036,2.783,2.8729,591120,0.9236,777600000,3032640000,62.4738,
600267.SH,海正药业,2002-06-24,3.1613,3.1613,3.0738,3.1613,2503296,3.9114,855680000,3337152000,68.7469,
600267.SH,海正药业,2002-06-25,3.2559,3.3528,3.1921,3.2181,2375874,3.7123,871040000,3397056000,69.981,
600267.SH,海正药业,2002-06-26,3.1921,3.2819,3.1684,3.2724,1225996,1.9156,885760000,3454464000,71.1636,
600267.SH,海正药业,2002-06-27,3.2866,3.289,3.2275,3.2583,610180,0.9534,881920000,3439488000,70.8551,
600267.SH,海正药业,2002-06-28,3.2488,3.263,3.1329,3.1708,1580714,2.4699,858240000,3347136000,68.9526,
600267.SH,海正药业,2002-07-01,3.1921,3.211,3.1377,3.1377,470500,0.7352,849280000,3312192000,68.2327,
600267.SH,海正药业,2002-07-02,3.1211,3.1637,3.0927,3.1637,290783,0.4543,856320000,3339648000,68.7983,
600267.SH,海正药业,2002-07-03,3.1731,3.1921,3.14,3.1637,221273,0.3457,856320000,3339648000,68.7983,
600267.SH,海正药业,2002-07-04,3.1826,3.1921,3.1235,3.1495,259950,0.4062,852480000,3324672000,68.4898,
600267.SH,海正药业,2002-07-05,3.1259,3.1566,3.1259,3.1542,216130,0.3377,853760000,3329664000,68.5927,
600267.SH,海正药业,2002-07-08,3.1566,3.1873,3.1353,3.166,265660,0.4151,856960000,3342144000,68.8498,
600267.SH,海正药业,2002-07-09,3.1708,3.1755,3.1448,3.1471,188657,0.2948,851840000,3322176000,68.4384,
600267.SH,海正药业,2002-07-10,3.1471,3.1471,3.0857,3.0951,298016,0.4657,837760000,3267264000,67.3072,
600267.SH,海正药业,2002-07-11,3.0951,3.1164,3.0313,3.0691,395386,0.6178,830720000,3239808000,66.7416,
600267.SH,海正药业,2002-07-12,3.0644,3.0857,3.0384,3.0644,159070,0.2485,829440000,3234816000,66.6388,
600267.SH,海正药业,2002-07-15,3.0644,3.0975,3.0218,3.036,147580,0.2306,821760000,3204864000,66.0217,
600267.SH,海正药业,2002-07-16,3.062,3.088,3.0265,3.0407,139472,0.2179,823040000,3209856000,66.1246,
600267.SH,海正药业,2002-07-17,3.0407,3.0738,3.0029,3.062,248743,0.3887,828800000,3232320000,66.5873,
600267.SH,海正药业,2002-07-18,3.0644,3.0715,3.0076,3.01,324280,0.5067,814720000,3177408000,65.4561,
600267.SH,海正药业,2002-07-19,3.0242,3.0313,2.9982,3.0313,345010,0.5391,820480000,3199872000,65.9189,
600267.SH,海正药业,2002-07-22,3.0407,3.0407,2.9556,2.9603,389091,0.608,801280000,3124992000,64.3763,
600267.SH,海正药业,2002-07-23,2.9556,2.958,2.9249,2.932,243400,0.3803,793600000,3095040000,63.7593,
600267.SH,海正药业,2002-07-24,2.932,2.9556,2.9012,2.9036,237499,0.3711,785920000,3065088000,63.1423,
600267.SH,海正药业,2002-07-25,2.9367,2.9367,2.8965,2.9201,177470,0.2773,790400000,3082560000,63.5022,
600267.SH,海正药业,2002-07-26,2.932,2.9414,2.9083,2.932,83341,0.1302,793600000,3095040000,63.7593,
600267.SH,海正药业,2002-07-29,2.932,2.9532,2.9083,2.9532,135041,0.211,799360000,3117504000,64.2221,
600267.SH,海正药业,2002-07-30,2.9556,2.9934,2.9343,2.9793,114549,0.179,806400000,3144960000,64.7877,
600267.SH,海正药业,2002-07-31,2.9793,2.9911,2.8965,2.913,431673,0.6745,788480000,3075072000,63.3479,
600267.SH,海正药业,2002-08-01,2.9036,2.913,2.8847,2.9083,114850,0.1795,787200000,3070080000,63.2451,
600267.SH,海正药业,2002-08-02,2.9083,2.9343,2.8965,2.913,106643,0.1666,788480000,3075072000,63.3479,
600267.SH,海正药业,2002-08-05,2.9296,2.9793,2.8989,2.9509,119691,0.187,798720000,3115008000,64.1707,
600267.SH,海正药业,2002-08-06,2.8965,2.9769,2.8965,2.9509,90593,0.1416,798720000,3115008000,64.1707,
600267.SH,海正药业,2002-08-07,2.9438,2.9651,2.932,2.9414,68403,0.1069,796160000,3105024000,63.965,
600267.SH,海正药业,2002-08-08,2.9367,2.9556,2.9083,2.9083,156540,0.2446,787200000,3070080000,63.2451,
600267.SH,海正药业,2002-08-09,2.9083,2.9225,2.8894,2.8965,92335,0.1443,784000000,3057600000,62.988,
600267.SH,海正药业,2002-08-12,2.8965,2.9083,2.8729,2.8729,78607,0.1228,777600000,3032640000,62.4738,
600267.SH,海正药业,2002-08-13,2.8729,2.8989,2.8705,2.8705,76730,0.1199,776960000,3030144000,86.4585,
600267.SH,海正药业,2002-08-14,2.8776,2.8965,2.8658,2.8847,142644,0.2229,780800000,3045120000,86.8858,
600267.SH,海正药业,2002-08-15,2.9201,2.9225,2.8445,2.8468,143300,0.2239,770560000,3005184000,85.7464,
600267.SH,海正药业,2002-08-16,2.8492,2.8847,2.8114,2.861,337603,0.5275,774400000,3020160000,86.1737,
600267.SH,海正药业,2002-08-19,2.7948,2.8587,2.7925,2.8256,101030,0.1579,764800000,2982720000,85.1054,
600267.SH,海正药业,2002-08-20,2.8468,2.8705,2.8137,2.8516,285285,0.4458,771840000,3010176000,85.8888,
600267.SH,海正药业,2002-08-21,2.8587,2.8752,2.8539,2.8729,136491,0.2133,777600000,3032640000,86.5298,
600267.SH,海正药业,2002-08-22,2.8658,2.9485,2.8658,2.9225,369722,0.5777,791040000,3085056000,88.0253,
600267.SH,海正药业,2002-08-23,2.9272,2.9414,2.906,2.9154,124130,0.194,789120000,3077568000,87.8117,
600267.SH,海正药业,2002-08-26,2.8965,2.9083,2.8729,2.8799,222730,0.348,779520000,3040128000,86.7434,
600267.SH,海正药业,2002-08-27,2.8799,2.9414,2.8799,2.9272,225566,0.3524,792320000,3090048000,88.1678,
600267.SH,海正药业,2002-08-28,2.9556,2.9982,2.9296,2.9343,632904,0.9889,794240000,3097536000,88.3814,
600267.SH,海正药业,2002-08-29,2.932,2.9438,2.8965,2.9036,149850,0.2341,785920000,3065088000,87.4556,
600267.SH,海正药业,2002-08-30,2.9036,2.9414,2.8799,2.9391,223389,0.349,795520000,3102528000,88.5239,
600267.SH,海正药业,2002-09-02,2.9343,2.9793,2.7192,2.9793,407453,0.6366,806400000,3144960000,89.7346,
600267.SH,海正药业,2002-09-03,2.9651,3.036,2.9201,3.0265,887506,1.3867,819200000,3194880000,91.1589,
600267.SH,海正药业,2002-09-04,3.0265,3.0384,2.9816,2.9934,248820,0.3888,810240000,3159936000,90.1619,
600267.SH,海正药业,2002-09-05,3.0029,3.0384,2.9887,3.0289,1518964,2.3734,819840000,3197376000,91.2301,
600267.SH,海正药业,2002-09-06,3.0218,3.0265,2.9627,2.9651,475080,0.7423,802560000,3129984000,89.3073,
600267.SH,海正药业,2002-09-09,2.9556,2.9556,2.9225,2.9272,385900,0.603,792320000,3090048000,88.1678,
600267.SH,海正药业,2002-09-10,2.9556,2.9556,2.9225,2.9367,219765,0.3434,794880000,3100032000,88.4526,
600267.SH,海正药业,2002-09-11,2.9367,2.9438,2.906,2.9343,346268,0.541,794240000,3097536000,88.3814,
600267.SH,海正药业,2002-09-12,2.9272,2.9698,2.9272,2.9674,129853,0.2029,803200000,3132480000,89.3785,
600267.SH,海正药业,2002-09-13,2.9674,2.9674,2.9674,2.9674,--,--,803200000,3132480000,89.3785,
600267.SH,海正药业,2002-09-16,2.9083,2.9391,2.8374,2.8421,553340,0.8646,769280000,3000192000,85.6039,
600267.SH,海正药业,2002-09-17,2.8208,2.8799,2.8208,2.861,197208,0.3081,774400000,3020160000,86.1737,
600267.SH,海正药业,2002-09-18,2.8587,2.8587,2.8137,2.8185,126500,0.1977,762880000,2975232000,84.8917,
600267.SH,海正药业,2002-09-19,2.8137,2.9462,2.8019,2.8894,329731,0.5152,782080000,3050112000,87.0283,
600267.SH,海正药业,2002-09-20,2.8492,2.887,2.8374,2.861,129558,0.2024,774400000,3020160000,86.1737,
600267.SH,海正药业,2002-09-23,2.8681,2.8799,2.8445,2.8729,71441,0.1116,777600000,3032640000,86.5298,
600267.SH,海正药业,2002-09-24,2.8516,2.8752,2.8468,2.8729,144355,0.2256,777600000,3032640000,86.5298,
600267.SH,海正药业,2002-09-25,2.8516,2.8634,2.8327,2.8445,245973,0.3843,769920000,3002688000,85.6751,
600267.SH,海正药业,2002-09-26,2.8492,2.8492,2.8019,2.8043,228939,0.3577,759040000,2960256000,84.4644,
600267.SH,海正药业,2002-09-27,2.8327,2.8374,2.7948,2.809,134863,0.2107,760320000,2965248000,84.6069,
600267.SH,海正药业,2002-10-08,2.7901,2.8279,2.7901,2.8066,55360,0.0865,759680000,2962752000,84.5357,
600267.SH,海正药业,2002-10-09,2.8374,2.8374,2.7617,2.7664,125700,0.1964,748800000,2920320000,83.325,
600267.SH,海正药业,2002-10-10,2.7664,2.7925,2.7286,2.7357,86026,0.1344,740480000,2887872000,82.3991,
600267.SH,海正药业,2002-10-11,2.7452,2.7475,2.7073,2.7073,131211,0.205,732800000,2857920000,81.5445,
600267.SH,海正药业,2002-10-14,2.7002,2.7026,2.6482,2.6955,113239,0.1769,729600000,2845440000,81.1884,
600267.SH,海正药业,2002-10-15,2.6837,2.7168,2.6364,2.6482,91800,0.1434,716800000,2795520000,79.7641,
600267.SH,海正药业,2002-10-16,2.6482,2.6955,2.6482,2.6695,132100,0.2064,722560000,2817984000,80.405,
600267.SH,海正药业,2002-10-17,2.6742,2.6742,2.6175,2.6388,95990,0.15,714240000,2785536000,79.4792,
600267.SH,海正药业,2002-10-18,2.6246,2.6577,2.6128,2.653,97600,0.1525,718080000,2800512000,79.9065,
600267.SH,海正药业,2002-10-21,2.66,2.6766,2.6246,2.6624,45511,0.0711,720640000,2810496000,80.1914,
600267.SH,海正药业,2002-10-22,2.6671,2.7168,2.6553,2.7073,171692,0.2683,732800000,2857920000,81.5445,
600267.SH,海正药业,2002-10-23,2.7073,2.7215,2.6719,2.7097,95559,0.1493,733440000,2860416000,81.6157,
600267.SH,海正药业,2002-10-24,2.7192,2.731,2.6742,2.6742,65246,0.1019,723840000,2822976000,80.5474,
600267.SH,海正药业,2002-10-25,2.6719,2.6742,2.6364,2.6364,80940,0.1265,713600000,2783040000,79.408,
600267.SH,海正药业,2002-10-28,2.6246,2.6388,2.5726,2.5773,224472,0.3507,697600000,2720640000,77.6275,
600267.SH,海正药业,2002-10-29,2.5773,2.5773,2.4543,2.5466,300659,0.4698,689280000,2688192000,76.7017,
600267.SH,海正药业,2002-10-30,2.53,2.5655,2.53,2.5418,76759,0.1199,688000000,2683200000,76.5592,
600267.SH,海正药业,2002-10-31,2.5631,2.66,2.53,2.5986,459051,0.7173,703360000,2743104000,78.2685,
600267.SH,海正药业,2002-11-01,2.5347,2.6009,2.5347,2.6009,108500,0.1695,704000000,2745600000,78.3397,
600267.SH,海正药业,2002-11-04,2.6482,2.6932,2.5891,2.6671,415362,0.649,721920000,2815488000,80.3338,
600267.SH,海正药业,2002-11-05,2.6671,2.7475,2.66,2.6979,351634,0.5494,730240000,2847936000,81.2596,
600267.SH,海正药业,2002-11-06,2.7192,2.7192,2.6624,2.6671,114464,0.1789,721920000,2815488000,80.3338,
600267.SH,海正药业,2002-11-07,2.6695,2.6932,2.66,2.6742,99646,0.1557,723840000,2822976000,80.5474,
600267.SH,海正药业,2002-11-08,2.7192,2.7192,2.5726,2.5726,201409,0.3147,696320000,2715648000,77.4851,
600267.SH,海正药业,2002-11-11,2.5489,2.6199,2.4827,2.5489,118100,0.1845,689920000,2690688000,76.7729,
600267.SH,海正药业,2002-11-12,2.5489,2.5655,2.4827,2.4945,168159,0.2627,675200000,2633280000,75.1349,
600267.SH,海正药业,2002-11-13,2.4945,2.5182,2.4638,2.5111,140860,0.2201,679680000,2650752000,75.6334,
600267.SH,海正药业,2002-11-14,2.5182,2.5182,2.4733,2.4756,99796,0.1559,670080000,2613312000,74.5651,
600267.SH,海正药业,2002-11-15,2.4733,2.4993,2.4543,2.4733,192775,0.3012,669440000,2610816000,74.4939,
600267.SH,海正药业,2002-11-18,2.4354,2.4567,2.4118,2.4118,138890,0.217,652800000,2545920000,72.6423,
600267.SH,海正药业,2002-11-19,2.4023,2.426,2.3929,2.4094,230892,0.3608,652160000,2543424000,72.571,
600267.SH,海正药业,2002-11-20,2.4118,2.4165,2.329,2.3408,192612,0.301,633600000,2471040000,70.5057,
600267.SH,海正药业,2002-11-21,2.3172,2.3267,2.2226,2.2226,325019,0.5078,601600000,2346240000,66.9448,
600267.SH,海正药业,2002-11-22,2.2652,2.2841,2.2037,2.2463,364470,0.5695,608000000,2371200000,67.657,
600267.SH,海正药业,2002-11-25,2.2463,2.2652,2.2226,2.2463,78740,0.123,608000000,2371200000,67.657,
600267.SH,海正药业,2002-11-26,2.2581,2.2628,2.1375,2.1517,183300,0.2864,582400000,2271360000,64.8083,
600267.SH,海正药业,2002-11-27,2.128,2.1635,2.1044,2.1517,261766,0.409,582400000,2271360000,64.8083,
600267.SH,海正药业,2002-11-28,2.1422,2.2132,2.1304,2.2108,203346,0.3177,598400000,2333760000,66.5887,
600267.SH,海正药业,2002-11-29,2.2297,2.3054,2.2108,2.2652,627944,0.9812,613120000,2391168000,68.2268,
600267.SH,海正药业,2002-12-02,2.2463,2.2463,2.1706,2.173,158500,0.2477,588160000,2293824000,65.4493,
600267.SH,海正药业,2002-12-03,2.1635,2.2108,2.1446,2.2037,129727,0.2027,596480000,2326272000,66.3751,
600267.SH,海正药业,2002-12-04,2.2179,2.2888,2.1942,2.2392,242914,0.3796,606080000,2363712000,67.4434,
600267.SH,海正药业,2002-12-05,2.1895,2.2415,2.1895,2.225,96964,0.1515,602240000,2348736000,67.0161,
600267.SH,海正药业,2002-12-06,2.2344,2.2557,2.2013,2.2344,93028,0.1454,604800000,2358720000,67.3009,
600267.SH,海正药业,2002-12-09,2.2297,2.2344,2.1966,2.2013,100130,0.1565,595840000,2323776000,66.3039,
600267.SH,海正药业,2002-12-10,2.199,2.2179,2.1659,2.1682,76100,0.1189,586880000,2288832000,65.3068,
600267.SH,海正药业,2002-12-11,2.1564,2.1706,2.1304,2.147,64700,0.1011,581120000,2266368000,64.6659,
600267.SH,海正药业,2002-12-12,2.1588,2.2061,2.147,2.1659,119440,0.1866,586240000,2286336000,65.2356,
600267.SH,海正药业,2002-12-13,2.1517,2.2179,2.1517,2.2013,147087,0.2298,595840000,2323776000,66.3039,
600267.SH,海正药业,2002-12-16,2.2132,2.2888,2.1871,2.2817,512341,0.8005,617600000,2408640000,68.7253,
600267.SH,海正药业,2002-12-17,2.2936,2.3929,2.2936,2.3574,2529485,3.9523,638080000,2488512000,71.0042,
600267.SH,海正药业,2002-12-18,2.3527,2.381,2.3172,2.3196,700482,1.0945,627840000,2448576000,69.8648,
600267.SH,海正药业,2002-12-19,2.3219,2.3219,2.2983,2.3125,267699,0.4183,625920000,2441088000,69.6511,
600267.SH,海正药业,2002-12-20,2.3125,2.3574,2.2983,2.3408,379431,0.5929,633600000,2471040000,70.5057,
600267.SH,海正药业,2002-12-23,2.3527,2.3739,2.3172,2.3219,363179,0.5675,628480000,2451072000,69.936,
600267.SH,海正药业,2002-12-24,2.2936,2.329,2.2936,2.3267,184344,0.288,629760000,2456064000,70.0784,
600267.SH,海正药业,2002-12-25,2.3172,2.3267,2.303,2.303,139599,0.2181,623360000,2431104000,69.3662,
600267.SH,海正药业,2002-12-26,2.2865,2.2888,2.1635,2.1801,554420,0.8663,590080000,2301312000,65.6629,
600267.SH,海正药业,2002-12-27,2.1753,2.2037,2.1564,2.1895,342463,0.5351,592640000,2311296000,65.9478,
600267.SH,海正药业,2002-12-30,2.1777,2.1777,2.1517,2.154,252260,0.3942,583040000,2273856000,64.8795,
600267.SH,海正药业,2002-12-31,2.147,2.1706,2.1304,2.1304,179400,0.2803,576640000,2248896000,64.1673,
600267.SH,海正药业,2003-01-02,2.128,2.128,2.076,2.076,308868,0.4826,561920000,2191488000,62.5293,
600267.SH,海正药业,2003-01-03,2.0571,2.0878,2.0476,2.0571,184830,0.2888,556800000,2171520000,61.9596,
600267.SH,海正药业,2003-01-06,2.0571,2.0973,2.0524,2.0902,81835,0.1279,565760000,2206464000,62.9566,
600267.SH,海正药业,2003-01-07,2.0807,2.1493,2.0807,2.1044,191917,0.2999,569600000,2221440000,63.3839,
600267.SH,海正药业,2003-01-08,2.1044,2.1848,2.0855,2.1753,536781,0.8387,588800000,2296320000,65.5205,
600267.SH,海正药业,2003-01-09,2.1635,2.2368,2.1588,2.225,653349,1.0209,602240000,2348736000,67.0161,
600267.SH,海正药业,2003-01-10,2.2179,2.2439,2.199,2.199,650632,1.0166,595200000,2321280000,66.2327,
600267.SH,海正药业,2003-01-13,2.1919,2.1919,2.1635,2.1682,254250,0.3973,586880000,2288832000,65.3068,
600267.SH,海正药业,2003-01-14,2.1753,2.3172,2.1753,2.2652,648062,1.0126,613120000,2391168000,68.2268,
600267.SH,海正药业,2003-01-15,2.2699,2.3408,2.2604,2.2841,1038400,1.6225,618240000,2411136000,68.7965,
600267.SH,海正药业,2003-01-16,2.2841,2.3598,2.2841,2.3479,580584,0.9072,635520000,2478528000,70.7194,
600267.SH,海正药业,2003-01-17,2.3385,2.3645,2.2959,2.3125,566016,0.8844,625920000,2441088000,69.6511,
600267.SH,海正药业,2003-01-20,2.3077,2.3219,2.277,2.3219,277480,0.4336,628480000,2451072000,69.936,
600267.SH,海正药业,2003-01-21,2.3125,2.3385,2.2463,2.2699,505092,0.7892,614400000,2396160000,68.3692,
600267.SH,海正药业,2003-01-22,2.2297,2.2817,2.2297,2.277,238626,0.3729,616320000,2403648000,68.5828,
600267.SH,海正药业,2003-01-23,2.2817,2.2841,2.2344,2.2368,190340,0.2974,605440000,2361216000,67.3721,
600267.SH,海正药业,2003-01-24,2.2392,2.2652,2.2203,2.2652,241193,0.3769,613120000,2391168000,68.2268,
600267.SH,海正药业,2003-01-27,2.2699,2.3148,2.2652,2.3101,286179,0.4472,625280000,2438592000,69.5799,
600267.SH,海正药业,2003-01-28,2.3125,2.3243,2.2936,2.3054,200265,0.3129,624000000,2433600000,69.4375,
600267.SH,海正药业,2003-01-29,2.2959,2.4047,2.2959,2.3669,1332966,2.0828,640640000,2498496000,71.2891,
600267.SH,海正药业,2003-02-10,2.3669,2.3692,2.3196,2.3385,333353,0.5209,632960000,2468544000,70.4345,
600267.SH,海正药业,2003-02-11,2.3267,2.4165,2.3196,2.3716,431802,0.6747,641920000,2503488000,71.4316,
600267.SH,海正药业,2003-02-12,2.3716,2.4023,2.3432,2.3976,427483,0.6679,648960000,2530944000,72.215,
600267.SH,海正药业,2003-02-13,2.3905,2.4236,2.3716,2.3763,438600,0.6853,643200000,2508480000,71.574,
600267.SH,海正药业,2003-02-14,2.3716,2.4354,2.3716,2.3905,455441,0.7116,647040000,2523456000,72.0013,
600267.SH,海正药业,2003-02-17,2.3881,2.4118,2.3645,2.3905,387270,0.6051,647040000,2523456000,72.0013,
600267.SH,海正药业,2003-02-18,2.3905,2.4307,2.3739,2.4189,491770,0.7684,654720000,2553408000,72.8559,
600267.SH,海正药业,2003-02-19,2.4118,2.4118,2.3858,2.4118,238992,0.3734,652800000,2545920000,72.6423,
600267.SH,海正药业,2003-02-20,2.4165,2.4165,2.3905,2.3952,246226,0.3847,648320000,2528448000,72.1437,
600267.SH,海正药业,2003-02-21,2.3858,2.3858,2.3219,2.3243,348070,0.5439,629120000,2453568000,70.0072,
600267.SH,海正药业,2003-02-24,2.3172,2.3527,2.3101,2.3172,111297,0.1739,627200000,2446080000,69.7935,
600267.SH,海正药业,2003-02-25,2.3267,2.4118,2.3267,2.407,507890,0.7936,651520000,2540928000,72.4998,
600267.SH,海正药业,2003-02-26,2.4094,2.5442,2.4,2.4993,4110885,6.4233,676480000,2638272000,75.2773,
600267.SH,海正药业,2003-02-27,2.4945,2.5584,2.4709,2.5536,2347812,3.6685,691200000,2695680000,76.9153,
600267.SH,海正药业,2003-02-28,2.5702,2.5726,2.5134,2.5702,2044441,3.1944,695680000,2713152000,77.4139,
600267.SH,海正药业,2003-03-03,2.5891,2.5891,2.4874,2.5016,3023290,4.7239,677120000,2640768000,75.3485,
600267.SH,海正药业,2003-03-04,2.504,2.5607,2.4969,2.5111,1874237,2.9285,679680000,2650752000,75.6334,
600267.SH,海正药业,2003-03-05,2.5182,2.53,2.4591,2.4827,785294,1.227,672000000,2620800000,74.7788,
600267.SH,海正药业,2003-03-06,2.4827,2.4898,2.4189,2.4189,748700,1.1698,654720000,2553408000,72.8559,
600267.SH,海正药业,2003-03-07,2.4141,2.4662,2.407,2.4189,771501,1.2055,654720000,2553408000,72.8559,
600267.SH,海正药业,2003-03-10,2.4354,2.4543,2.329,2.3385,781490,1.2211,632960000,2468544000,70.4345,
600267.SH,海正药业,2003-03-11,2.3408,2.3763,2.3385,2.3574,527439,0.8241,638080000,2488512000,71.0042,
600267.SH,海正药业,2003-03-12,2.1517,2.3929,2.1517,2.3716,698829,1.0919,641920000,2503488000,71.4316,
600267.SH,海正药业,2003-03-13,2.3621,2.3929,2.3196,2.3763,383321,0.5989,643200000,2508480000,71.574,
600267.SH,海正药业,2003-03-14,2.3621,2.3929,2.3456,2.3881,340291,0.5317,646400000,2520960000,71.9301,
600267.SH,海正药业,2003-03-17,2.3834,2.4472,2.2463,2.4212,551735,0.8621,655360000,2555904000,72.9271,
600267.SH,海正药业,2003-03-18,2.4023,2.4401,2.3527,2.3645,505963,0.7906,640000000,2496000000,71.2179,
600267.SH,海正药业,2003-03-19,2.3645,2.4118,2.3219,2.3716,199713,0.3121,641920000,2503488000,71.4316,
600267.SH,海正药业,2003-03-20,2.3952,2.426,2.3763,2.381,323260,0.5051,644480000,2513472000,71.7164,
600267.SH,海正药业,2003-03-21,2.3739,2.3905,2.3645,2.3669,273828,0.4279,640640000,2498496000,71.2891,
600267.SH,海正药业,2003-03-24,2.4118,2.4118,2.3692,2.3976,149066,0.2329,648960000,2530944000,50.5142,
600267.SH,海正药业,2003-03-25,2.3881,2.4023,2.3716,2.3716,186430,0.2913,641920000,2503488000,49.9662,
600267.SH,海正药业,2003-03-26,2.3739,2.3858,2.329,2.3314,355200,0.555,631040000,2461056000,49.1193,
600267.SH,海正药业,2003-03-27,2.2936,2.407,2.2936,2.3881,425532,0.6649,646400000,2520960000,50.3149,
600267.SH,海正药业,2003-03-28,2.3881,2.4472,2.3692,2.4189,1110568,1.7353,654720000,2553408000,50.9626,
600267.SH,海正药业,2003-03-31,2.4212,2.4378,2.4047,2.4331,621625,0.9713,658560000,2568384000,51.2615,
600267.SH,海正药业,2003-04-01,2.4331,2.4614,2.4283,2.4425,512687,0.8011,661120000,2578368000,51.4607,
600267.SH,海正药业,2003-04-02,2.4425,2.478,2.4425,2.4756,707360,1.1053,670080000,2613312000,52.1582,
600267.SH,海正药业,2003-04-03,2.4827,2.4827,2.4354,2.4401,468400,0.7319,660480000,2575872000,51.4109,
600267.SH,海正药业,2003-04-04,2.4354,2.452,2.4165,2.4354,273672,0.4276,659200000,2570880000,51.3113,
600267.SH,海正药业,2003-04-07,2.4354,2.478,2.3976,2.4,287813,0.4497,649600000,2533440000,50.564,
600267.SH,海正药业,2003-04-08,2.4023,2.4354,2.3716,2.3834,245505,0.3836,645120000,2515968000,50.2153,
600267.SH,海正药业,2003-04-09,2.3692,2.4283,2.3692,2.4141,416825,0.6513,653440000,2548416000,50.8629,
600267.SH,海正药业,2003-04-10,2.4212,2.5418,2.4189,2.5087,2141532,3.3461,679040000,2648256000,52.8556,
600267.SH,海正药业,2003-04-11,2.5111,2.6246,2.478,2.5655,1802243,2.816,694400000,2708160000,54.0512,
600267.SH,海正药业,2003-04-14,2.5773,2.6009,2.5324,2.5584,1389814,2.1716,692480000,2700672000,53.9017,
600267.SH,海正药业,2003-04-15,2.5678,2.6766,2.5631,2.6009,1554797,2.4294,704000000,2745600000,54.7985,
600267.SH,海正药业,2003-04-16,2.6128,2.7428,2.5418,2.5607,2769860,4.3279,693120000,2703168000,53.9516,
600267.SH,海正药业,2003-04-17,2.556,2.6388,2.4969,2.6128,1656129,2.5877,707200000,2758080000,55.0475,
600267.SH,海正药业,2003-04-18,2.6009,2.7475,2.6009,2.6695,4647367,7.2615,722560000,2817984000,56.2431,
600267.SH,海正药业,2003-04-21,2.6837,2.8066,2.6837,2.6884,3242773,5.0668,727680000,2837952000,56.6417,
600267.SH,海正药业,2003-04-22,2.6955,2.731,2.6199,2.6269,875965,1.3687,711040000,2773056000,55.3464,
600267.SH,海正药业,2003-04-23,2.6269,2.6269,2.6269,2.6269,--,--,711040000,2773056000,55.3464,
600267.SH,海正药业,2003-04-24,2.6671,2.6719,2.53,2.5347,1175183,1.8362,686080000,2675712000,53.4036,
600267.SH,海正药业,2003-04-25,2.5536,2.6151,2.5205,2.5489,1223060,1.911,689920000,2690688000,43.5568,
600267.SH,海正药业,2003-04-28,2.5536,2.7594,2.5536,2.7144,5100413,7.9694,734720000,2865408000,46.3852,
600267.SH,海正药业,2003-04-29,2.7144,2.7192,2.5678,2.5962,2299934,3.5936,702720000,2740608000,44.3649,
600267.SH,海正药业,2003-04-30,2.5773,2.6128,2.4874,2.5489,1620701,2.5323,689920000,2690688000,43.5568,
600267.SH,海正药业,2003-05-12,2.556,2.6766,2.556,2.66,2055424,3.2116,720000000,2808000000,45.4559,
600267.SH,海正药业,2003-05-13,2.66,2.6861,2.5205,2.5371,2014271,3.1473,686720000,2678208000,43.3548,
600267.SH,海正药业,2003-05-14,2.5371,2.5962,2.4543,2.5134,1766263,2.7598,680320000,2653248000,42.9508,
600267.SH,海正药业,2003-05-15,2.5536,2.6246,2.5253,2.6128,1622568,2.5353,707200000,2758080000,44.6478,
600267.SH,海正药业,2003-05-16,2.6128,2.8752,2.6104,2.8019,10081745,15.7527,758400000,2957760000,47.8802,
600267.SH,海正药业,2003-05-19,2.7759,2.8327,2.7428,2.8303,3448060,5.3876,766080000,2987712000,48.3651,
600267.SH,海正药业,2003-05-20,2.8256,2.8279,2.7333,2.7404,2127976,3.325,741760000,2892864000,46.8297,
600267.SH,海正药业,2003-05-21,2.7404,2.7641,2.6932,2.7192,1557207,2.4331,736000000,2870400000,46.466,
600267.SH,海正药业,2003-05-22,2.731,2.7546,2.6955,2.7428,661798,1.0341,742400000,2895360000,46.8701,
600267.SH,海正药业,2003-05-23,2.7428,2.809,2.7144,2.7783,1722114,2.6908,752000000,2932800000,47.4761,
600267.SH,海正药业,2003-05-26,2.7854,2.7901,2.7381,2.7523,1216194,1.9003,744960000,2905344000,47.0317,
600267.SH,海正药业,2003-05-27,2.7523,2.8019,2.7357,2.7901,1131959,1.7687,755200000,2945280000,47.6782,
600267.SH,海正药业,2003-05-28,2.7972,2.8492,2.7499,2.7712,1212966,1.8953,750080000,2925312000,47.3549,
600267.SH,海正药业,2003-05-29,2.7546,2.7854,2.7192,2.7688,1058997,1.6547,749440000,2922816000,47.3145,
600267.SH,海正药业,2003-05-30,2.7735,2.8492,2.7735,2.8114,1743827,2.7247,760960000,2967744000,48.0418,
600267.SH,海正药业,2003-06-02,2.8114,2.8823,2.8114,2.8256,1546052,2.4157,764800000,2982720000,48.2842,
600267.SH,海正药业,2003-06-03,2.8374,2.8421,2.7381,2.7404,1213100,1.8955,741760000,2892864000,46.8297,
600267.SH,海正药业,2003-06-04,2.7286,2.7664,2.7073,2.7617,1225475,1.9148,747520000,2915328000,47.1933,
600267.SH,海正药业,2003-06-05,2.7617,2.7641,2.7192,2.7381,500999,0.7828,741120000,2890368000,46.7892,
600267.SH,海正药业,2003-06-06,2.7144,2.7239,2.6695,2.6742,1310366,2.0474,723840000,2822976000,45.6983,
600267.SH,海正药业,2003-06-09,2.6648,2.6908,2.5962,2.6057,618875,0.967,705280000,2750592000,44.5266,
600267.SH,海正药业,2003-06-10,2.6009,2.6388,2.6009,2.6246,270866,0.4232,710400000,2770560000,44.8498,
600267.SH,海正药业,2003-06-11,2.6932,2.7428,2.6364,2.6837,277180,0.4331,726400000,2832960000,45.8599,
600267.SH,海正药业,2003-06-12,2.6837,2.6955,2.6435,2.6482,273800,0.4278,716800000,2795520000,45.2539,
600267.SH,海正药业,2003-06-13,2.691,2.71,2.6577,2.7029,277366,0.4334,728320000,2840448000,45.9811,
600267.SH,海正药业,2003-06-16,2.7029,2.7029,2.6363,2.6553,306020,0.4782,715520000,2790528000,45.173,
600267.SH,海正药业,2003-06-17,2.7741,2.7741,2.672,2.7076,446280,0.6973,729600000,2845440000,46.062,
600267.SH,海正药业,2003-06-18,2.7314,2.767,2.7195,2.7195,396031,0.6188,732800000,2857920000,46.264,
600267.SH,海正药业,2003-06-19,2.7076,2.7432,2.6577,2.6839,270220,0.4222,723200000,2820480000,45.6579,
600267.SH,海正药业,2003-06-20,2.6648,2.7052,2.6601,2.6648,127340,0.199,718080000,2800512000,45.3347,
600267.SH,海正药业,2003-06-23,2.6601,2.6934,2.6363,2.6601,223490,0.3492,716800000,2795520000,45.2539,
600267.SH,海正药业,2003-06-24,2.6648,2.7005,2.6411,2.6934,188157,0.294,725760000,2830464000,45.8195,
600267.SH,海正药业,2003-06-25,2.7076,2.7076,2.6625,2.6934,260615,0.4072,725760000,2830464000,45.8195,
600267.SH,海正药业,2003-06-26,2.6744,2.6934,2.634,2.6839,268380,0.4193,723200000,2820480000,45.6579,
600267.SH,海正药业,2003-06-27,2.6957,2.6957,2.6197,2.6268,353525,0.5524,707840000,2760576000,44.6882,
600267.SH,海正药业,2003-06-30,2.6553,2.6553,2.5698,2.5746,584700,0.9136,693760000,2705664000,43.7993,
600267.SH,海正药业,2003-07-01,2.5841,2.672,2.5698,2.6221,472648,0.7385,706560000,2755584000,44.6074,
600267.SH,海正药业,2003-07-02,2.615,2.6363,2.6007,2.6363,207609,0.3244,710400000,2770560000,44.8498,
600267.SH,海正药业,2003-07-03,2.6411,2.6886,2.6245,2.6458,160980,0.2515,712960000,2780544000,45.0114,
600267.SH,海正药业,2003-07-04,2.6458,2.6957,2.6411,2.6957,321224,0.5019,726400000,2832960000,45.8599,
600267.SH,海正药业,2003-07-07,2.7076,2.7266,2.6744,2.7076,535710,0.837,729600000,2845440000,46.062,
600267.SH,海正药业,2003-07-08,2.6957,2.7432,2.6957,2.7052,500717,0.7824,728960000,2842944000,46.0215,
600267.SH,海正药业,2003-07-09,2.7052,2.7337,2.7029,2.7029,650351,1.0162,728320000,2840448000,45.9811,
600267.SH,海正药业,2003-07-10,2.7029,2.7551,2.6934,2.7504,701090,1.0955,741120000,2890368000,46.7892,
600267.SH,海正药业,2003-07-11,2.7504,2.7551,2.729,2.7527,348256,0.5442,741760000,2892864000,46.8297,
600267.SH,海正药业,2003-07-14,2.7575,2.7575,2.7195,2.7195,395400,0.6178,732800000,2857920000,46.264,
600267.SH,海正药业,2003-07-15,2.7195,2.7385,2.71,2.7361,355270,0.5551,737280000,2875392000,46.5468,
600267.SH,海正药业,2003-07-16,2.7314,2.7599,2.7195,2.7361,179433,0.2804,737280000,2875392000,46.5468,
600267.SH,海正药业,2003-07-17,2.6648,2.7599,2.6648,2.7385,372030,0.5813,737920000,2877888000,46.5872,
600267.SH,海正药业,2003-07-18,2.7385,2.7385,2.672,2.6791,589630,0.9213,721920000,2815488000,45.5771,
600267.SH,海正药业,2003-07-21,2.6245,2.6625,2.5841,2.6245,603421,0.9428,707200000,2758080000,44.6478,
600267.SH,海正药业,2003-07-22,2.6245,2.6767,2.6245,2.6672,236681,0.3698,718720000,2803008000,45.3751,
600267.SH,海正药业,2003-07-23,2.6458,2.7195,2.6435,2.7124,367130,0.5736,730880000,2850432000,46.1428,
600267.SH,海正药业,2003-07-24,2.7029,2.7385,2.7029,2.7242,467781,0.7309,734080000,2862912000,46.3448,
600267.SH,海正药业,2003-07-25,2.7266,2.7314,2.6839,2.6934,259778,0.4059,725760000,2830464000,45.8195,
600267.SH,海正药业,2003-07-28,2.7076,2.767,2.6553,2.7551,546536,0.854,742400000,2895360000,46.8701,
600267.SH,海正药业,2003-07-29,2.7551,2.7551,2.7551,2.7551,--,--,742400000,2895360000,46.8701,
600267.SH,海正药业,2003-07-30,2.7599,2.8406,2.7599,2.824,1892655,2.9573,760960000,2967744000,48.0418,
600267.SH,海正药业,2003-07-31,2.824,2.862,2.7765,2.8264,1530331,2.3911,761600000,2970240000,31.0599,
600267.SH,海正药业,2003-08-01,2.824,2.8976,2.8097,2.8691,2099427,3.2804,773120000,3015168000,31.5297,
600267.SH,海正药业,2003-08-04,2.8739,2.919,2.8382,2.8739,869656,1.3588,774400000,3020160000,31.5819,
600267.SH,海正药业,2003-08-05,2.8739,2.8786,2.8264,2.8406,1007006,1.5734,765440000,2985216000,31.2165,
600267.SH,海正药业,2003-08-06,2.8311,2.8739,2.8287,2.8477,479426,0.7491,767360000,2992704000,31.2948,
600267.SH,海正药业,2003-08-07,2.8335,2.9142,2.8335,2.8786,608075,0.9501,775680000,3025152000,31.6341,
600267.SH,海正药业,2003-08-08,2.8644,2.9071,2.8382,2.8477,671200,1.0488,767360000,2992704000,31.2948,
600267.SH,海正药业,2003-08-11,2.8145,2.8596,2.8145,2.8454,324107,0.5064,766720000,2990208000,31.2687,
600267.SH,海正药业,2003-08-12,2.8454,2.9641,2.8311,2.9356,1299552,2.0305,791040000,3085056000,32.2605,
600267.SH,海正药业,2003-08-13,2.9261,2.9594,2.8976,2.9404,773148,1.208,792320000,3090048000,32.3127,
600267.SH,海正药业,2003-08-14,2.9261,2.9522,2.8644,2.8715,817990,1.2781,773760000,3017664000,31.5558,
600267.SH,海正药业,2003-08-15,2.8715,2.8881,2.8454,2.8549,805195,1.2581,769280000,3000192000,31.3731,
600267.SH,海正药业,2003-08-18,2.8382,2.8739,2.8382,2.8549,398218,0.6222,769280000,3000192000,31.3731,
600267.SH,海正药业,2003-08-19,2.862,2.8762,2.8382,2.8549,351328,0.5489,769280000,3000192000,31.3731,
600267.SH,海正药业,2003-08-20,2.8501,2.8572,2.7789,2.8264,489390,0.7647,761600000,2970240000,31.0599,
600267.SH,海正药业,2003-08-21,2.8026,2.8596,2.8026,2.8525,270391,0.4225,768640000,2997696000,31.347,
600267.SH,海正药业,2003-08-22,2.8525,2.8786,2.8501,2.8715,189140,0.2955,773760000,3017664000,31.5558,
600267.SH,海正药业,2003-08-25,2.862,2.862,2.8216,2.843,309910,0.4842,766080000,2987712000,31.2426,
600267.SH,海正药业,2003-08-26,2.8311,2.9095,2.8145,2.9,297799,0.4653,781440000,3047616000,31.869,
600267.SH,海正药业,2003-08-27,2.9095,2.957,2.8715,2.9142,389870,0.6092,785280000,3062592000,32.0256,
600267.SH,海正药业,2003-08-28,2.9095,3.0282,2.9095,2.9689,1787899,2.7936,800000000,3120000000,32.6259,
600267.SH,海正药业,2003-08-29,2.9689,2.9997,2.957,2.9879,657369,1.0271,805120000,3139968000,32.8347,
600267.SH,海正药业,2003-09-01,2.9926,3.0757,2.957,3.0639,1511713,2.3621,825600000,3219840000,33.67,
600267.SH,海正药业,2003-09-02,3.0639,3.071,3.0164,3.0449,1106132,1.7283,820480000,3199872000,33.4611,
600267.SH,海正药业,2003-09-03,3.0449,3.0734,3.0164,3.0425,736073,1.1501,819840000,3197376000,33.435,
600267.SH,海正药业,2003-09-04,3.0401,3.1351,3.0354,3.09,1313586,2.0525,832640000,3247296000,33.9571,
600267.SH,海正药业,2003-09-05,3.0781,3.1304,3.0662,3.0995,785117,1.2267,835200000,3257280000,34.0615,
600267.SH,海正药业,2003-09-08,3.0995,3.1232,3.0187,3.033,900991,1.4078,817280000,3187392000,33.3306,
600267.SH,海正药业,2003-09-09,3.0354,3.0591,3.0116,3.033,644239,1.0066,817280000,3187392000,33.3306,
600267.SH,海正药业,2003-09-10,3.0401,3.0876,3.0354,3.0662,422819,0.6607,826240000,3222336000,33.6961,
600267.SH,海正药业,2003-09-11,3.0544,3.0591,2.9926,3.0045,637319,0.9958,809600000,3157440000,33.0174,
600267.SH,海正药业,2003-09-12,3.0045,3.0259,2.9736,2.9902,568212,0.8878,805760000,3142464000,32.8608,
600267.SH,海正药业,2003-09-15,2.9689,3.033,2.9617,3.0069,447770,0.6996,810240000,3159936000,33.0435,
600267.SH,海正药业,2003-09-16,3.0045,3.1327,3.0045,3.1185,668020,1.0438,840320000,3277248000,34.2703,
600267.SH,海正药业,2003-09-17,3.1185,3.1256,3.0544,3.0615,514248,0.8035,824960000,3217344000,33.6439,
600267.SH,海正药业,2003-09-18,3.0615,3.0615,3.0164,3.0449,453687,0.7089,820480000,3199872000,33.4611,
600267.SH,海正药业,2003-09-19,3.0591,3.1304,3.0472,3.0805,353790,0.5528,830080000,3237312000,33.8527,
600267.SH,海正药业,2003-09-22,3.0757,3.0876,3.0235,3.0354,254349,0.3974,817920000,3189888000,33.3567,
600267.SH,海正药业,2003-09-23,3.0282,3.052,3.0092,3.0354,405892,0.6342,817920000,3189888000,33.3567,
600267.SH,海正药业,2003-09-24,3.0306,3.1114,3.0306,3.0449,227746,0.3559,820480000,3199872000,33.4611,
600267.SH,海正药业,2003-09-25,3.0354,3.0354,2.8976,2.9071,2563851,4.006,783360000,3055104000,31.9473,
600267.SH,海正药业,2003-09-26,2.8739,2.9214,2.8525,2.8929,638624,0.9978,779520000,3040128000,31.7907,
600267.SH,海正药业,2003-09-29,2.8857,2.8857,2.8264,2.862,1010911,1.5795,771200000,3007680000,31.4514,
600267.SH,海正药业,2003-09-30,2.862,2.957,2.8335,2.9142,277929,0.4343,785280000,3062592000,32.0256,
600267.SH,海正药业,2003-10-08,2.862,2.9214,2.862,2.8929,151551,0.2368,779520000,3040128000,31.7907,
600267.SH,海正药业,2003-10-09,2.8857,2.9451,2.8691,2.9142,151200,0.2363,785280000,3062592000,32.0256,
600267.SH,海正药业,2003-10-10,2.9285,2.9926,2.8857,2.9831,552002,0.8625,803840000,3134976000,32.7825,
600267.SH,海正药业,2003-10-13,2.995,3.014,2.9404,2.9546,179798,0.2809,796160000,3105024000,32.4693,
600267.SH,海正药业,2003-10-14,2.9546,2.957,2.9024,2.9214,168246,0.2629,787200000,3070080000,32.1039,
600267.SH,海正药业,2003-10-15,2.9261,2.9546,2.9214,2.938,276164,0.4315,791680000,3087552000,32.2866,
600267.SH,海正药业,2003-10-16,2.9285,2.9356,2.8786,2.9,690795,1.0794,781440000,3047616000,31.869,
600267.SH,海正药业,2003-10-17,2.9,2.9974,2.8976,2.9689,602710,0.9417,800000000,3120000000,32.6259,
600267.SH,海正药业,2003-10-20,2.9665,3.052,2.9356,3.0401,954234,1.491,819200000,3194880000,33.4089,
600267.SH,海正药业,2003-10-21,3.0401,3.052,3.0021,3.0472,240060,0.3751,821120000,3202368000,33.4872,
600267.SH,海正药业,2003-10-22,3.0544,3.1042,3.0401,3.0876,1129520,1.7649,832000000,3244800000,33.931,
600267.SH,海正药业,2003-10-23,3.0757,3.0995,3.0401,3.052,623600,0.9744,822400000,3207360000,33.5395,
600267.SH,海正药业,2003-10-24,3.052,3.128,3.0306,3.1066,1003958,1.5687,837120000,3264768000,34.1398,
600267.SH,海正药业,2003-10-27,3.1232,3.1399,3.0829,3.1042,607625,0.9494,836480000,3262272000,24.1086,
600267.SH,海正药业,2003-10-28,3.1137,3.1256,3.052,3.0876,683427,1.0679,832000000,3244800000,23.9795,
600267.SH,海正药业,2003-10-29,3.0829,3.0876,3.0354,3.0639,1047535,1.6368,825600000,3219840000,23.795,
600267.SH,海正药业,2003-10-30,3.0639,3.0662,2.9974,3.052,448850,0.7013,822400000,3207360000,23.7028,
600267.SH,海正药业,2003-10-31,3.0401,3.1232,3.0164,3.0924,416359,0.6506,833280000,3249792000,24.0164,
600267.SH,海正药业,2003-11-03,3.0591,3.2895,3.0591,3.2705,2062070,3.222,881280000,3436992000,25.3998,
600267.SH,海正药业,2003-11-04,3.2657,3.3156,3.2539,3.2776,1453529,2.2711,883200000,3444480000,25.4552,
600267.SH,海正药业,2003-11-05,3.2871,3.337,3.2539,3.3299,954827,1.4919,897280000,3499392000,25.861,
600267.SH,海正药业,2003-11-06,3.3204,3.3536,3.2325,3.2776,1151025,1.7985,883200000,3444480000,25.4552,
600267.SH,海正药业,2003-11-07,3.2776,3.299,3.2372,3.2752,674172,1.0534,882560000,3441984000,25.4367,
600267.SH,海正药业,2003-11-10,3.2301,3.2657,3.1945,3.2491,525927,0.8218,875520000,3414528000,25.2338,
600267.SH,海正药业,2003-11-11,3.1826,3.1826,3.0425,3.1375,5975724,9.3371,845440000,3297216000,24.3669,
600267.SH,海正药业,2003-11-12,3.0995,3.1327,3.0876,3.0971,1620240,2.5316,834560000,3254784000,24.0533,
600267.SH,海正药业,2003-11-13,3.0852,3.1304,3.0639,3.09,417802,0.6528,832640000,3247296000,23.9979,
600267.SH,海正药业,2003-11-14,3.0876,3.1185,3.0876,3.0995,289690,0.4526,835200000,3257280000,24.0717,
600267.SH,海正药业,2003-11-17,3.0876,3.0876,2.9736,3.0472,852624,1.3322,821120000,3202368000,23.6659,
600267.SH,海正药业,2003-11-18,3.0401,3.0401,2.9807,2.9831,641655,1.0026,803840000,3134976000,23.1679,
600267.SH,海正药业,2003-11-19,2.9617,3.0377,2.9451,3.0092,409997,0.6406,810880000,3162432000,23.3708,
600267.SH,海正药业,2003-11-20,3.0045,3.0876,3.0045,3.0829,414569,0.6478,830720000,3239808000,23.9426,
600267.SH,海正药业,2003-11-21,3.0591,3.0995,3.0449,3.0662,241671,0.3776,826240000,3222336000,23.8135,
600267.SH,海正药业,2003-11-24,3.0686,3.1422,3.0686,3.1399,497466,0.7773,846080000,3299712000,24.3853,
600267.SH,海正药业,2003-11-25,3.1399,3.1589,3.071,3.0734,469119,0.733,828160000,3229824000,23.8688,
600267.SH,海正药业,2003-11-26,3.0734,3.0781,3.0401,3.071,256187,0.4003,827520000,3227328000,23.8504,
600267.SH,海正药业,2003-11-27,3.0781,3.1114,3.0401,3.109,312166,0.4878,837760000,3267264000,24.1455,
600267.SH,海正药业,2003-11-28,3.0971,3.1327,3.052,3.0544,236795,0.37,823040000,3209856000,23.7213,
600267.SH,海正药业,2003-12-01,3.0544,3.1137,3.0164,3.1137,713270,1.1145,839040000,3272256000,24.1824,
600267.SH,海正药业,2003-12-02,3.1256,3.2159,3.0876,3.1874,658688,1.0292,858880000,3349632000,24.7542,
600267.SH,海正药业,2003-12-03,3.1945,3.2087,3.1494,3.1826,482212,0.7535,857600000,3344640000,24.7173,
600267.SH,海正药业,2003-12-04,3.1826,3.1921,3.147,3.1826,573700,0.8964,857600000,3344640000,24.7173,
600267.SH,海正药业,2003-12-05,3.1707,3.1707,3.1256,3.1375,529225,0.8269,845440000,3297216000,24.3669,
600267.SH,海正药业,2003-12-08,3.1399,3.1897,3.1161,3.1612,703390,1.099,851840000,3322176000,24.5513,
600267.SH,海正药业,2003-12-09,3.1612,3.2064,3.1351,3.1992,448894,0.7014,862080000,3362112000,24.8465,
600267.SH,海正药业,2003-12-10,3.2064,3.2182,3.1589,3.1731,797720,1.2464,855040000,3334656000,24.6435,
600267.SH,海正药业,2003-12-11,3.1589,3.1969,3.1161,3.1351,465611,0.7275,844800000,3294720000,24.3484,
600267.SH,海正药业,2003-12-12,3.1185,3.1517,3.1161,3.147,151839,0.2372,848000000,3307200000,24.4406,
600267.SH,海正药业,2003-12-15,3.1375,3.1802,3.0876,3.1612,111350,0.174,851840000,3322176000,24.5513,
600267.SH,海正药业,2003-12-16,3.1707,3.1779,3.128,3.1351,222079,0.347,844800000,3294720000,24.3484,
600267.SH,海正药业,2003-12-17,3.1945,3.1945,3.0876,3.1066,588565,0.9196,837120000,3264768000,24.1271,
600267.SH,海正药业,2003-12-18,3.09,3.1327,3.0781,3.1137,262647,0.4104,839040000,3272256000,24.1824,
600267.SH,海正药业,2003-12-19,3.1137,3.2064,3.0947,3.1945,553068,0.8642,860800000,3357120000,24.8096,
600267.SH,海正药业,2003-12-22,3.1945,3.3441,3.1779,3.3441,847417,1.3241,901120000,3514368000,25.9716,
600267.SH,海正药业,2003-12-23,3.3608,3.3608,3.2871,3.3132,756071,1.1814,892800000,3481920000,25.7318,
600267.SH,海正药业,2003-12-24,3.3132,3.4273,3.3085,3.4106,720192,1.1253,919040000,3584256000,26.4881,
600267.SH,海正药业,2003-12-25,3.4154,3.5033,3.3845,3.4463,1738762,2.7168,928640000,3621696000,26.7648,
600267.SH,海正药业,2003-12-26,3.4391,3.4914,3.3726,3.4439,598480,0.9351,928000000,3619200000,26.7464,
600267.SH,海正药业,2003-12-29,3.4368,3.5341,3.3726,3.3893,228830,0.3575,913280000,3561792000,26.3221,
600267.SH,海正药业,2003-12-30,3.3964,3.4344,3.3227,3.3465,890856,1.392,901760000,3516864000,25.9901,
600267.SH,海正药业,2003-12-31,3.3536,3.3964,3.3251,3.3489,282219,0.441,902400000,3519360000,26.0085,
600267.SH,海正药业,2004-01-02,3.3489,3.4059,3.3251,3.4035,197797,0.3091,917120000,3576768000,26.4328,
600267.SH,海正药业,2004-01-05,3.3964,3.5389,3.3798,3.5389,876260,1.3692,953600000,3719040000,27.4842,
600267.SH,海正药业,2004-01-06,3.527,3.7099,3.527,3.6838,1349243,2.1082,992640000,3871296000,28.6094,
600267.SH,海正药业,2004-01-07,3.6933,3.736,3.6386,3.7051,1119262,1.7488,998400000,3893760000,28.7754,
600267.SH,海正药业,2004-01-08,3.7099,3.7526,3.6576,3.736,744449,1.1632,1006720000,3926208000,29.0152,
600267.SH,海正药业,2004-01-09,3.7384,3.8666,3.7051,3.7788,1020916,1.5952,1018240000,3971136000,29.3472,
600267.SH,海正药业,2004-01-12,3.7716,4.1564,3.7265,3.9474,1461289,2.2833,1063680000,4148352000,30.6569,
600267.SH,海正药业,2004-01-13,3.9379,4.0305,3.888,3.9854,649935,1.0155,1073920000,4188288000,30.952,
600267.SH,海正药业,2004-01-14,3.9806,4.1992,3.9569,4.1612,1370336,2.1412,1121280000,4372992000,32.317,
600267.SH,海正药业,2004-01-15,4.1089,4.1802,4.0448,4.0875,733220,1.1457,1101440000,4295616000,31.7452,
600267.SH,海正药业,2004-01-16,4.1089,4.1208,3.9664,4.0258,466990,0.7297,1084800000,4230720000,31.2656,
600267.SH,海正药业,2004-01-29,4.0353,4.1089,4.0139,4.0472,165481,0.2586,1090560000,4253184000,31.4316,
600267.SH,海正药业,2004-01-30,4.0139,4.2039,4.0139,4.0424,414556,0.6477,1089280000,4248192000,31.3947,
600267.SH,海正药业,2004-02-02,4.0377,4.1849,3.9925,4.1564,755628,1.1807,1120000000,4368000000,32.2801,
600267.SH,海正药业,2004-02-03,4.1564,4.1588,4.0733,4.1208,294327,0.4599,1110400000,4330560000,32.0034,
600267.SH,海正药业,2004-02-04,4.097,4.1968,3.9901,4.1564,1378212,2.1535,1120000000,4368000000,32.2801,
600267.SH,海正药业,2004-02-05,4.1564,4.1802,4.0899,4.135,585835,0.9154,1114240000,4345536000,32.1141,
600267.SH,海正药业,2004-02-06,4.1279,4.1683,4.0377,4.0377,598607,0.9353,1088000000,4243200000,31.3578,
600267.SH,海正药业,2004-02-09,3.9996,4.0614,3.9854,4.0163,714400,1.1162,1082240000,4220736000,31.1918,
600267.SH,海正药业,2004-02-10,4.0092,4.1327,4.0068,4.0852,504084,0.7876,1100800000,4293120000,31.7267,
600267.SH,海正药业,2004-02-11,4.078,4.2965,4.0733,4.2847,1721076,2.6892,1154560000,4502784000,33.2762,
600267.SH,海正药业,2004-02-12,4.4058,4.4058,4.2823,4.3345,979600,1.5306,1168000000,4555200000,33.6635,
600267.SH,海正药业,2004-02-13,4.3464,4.3892,4.2752,4.325,478694,0.748,1165440000,4545216000,33.5897,
600267.SH,海正药业,2004-02-16,4.3488,4.5317,4.344,4.4865,595979,0.9312,1208960000,4714944000,34.8441,
600267.SH,海正药业,2004-02-17,4.4865,4.5245,4.4485,4.4699,449577,0.7025,1204480000,4697472000,34.7149,
600267.SH,海正药业,2004-02-18,4.4747,4.572,4.4058,4.5103,404802,0.6325,1215360000,4739904000,35.0285,
600267.SH,海正药业,2004-02-19,4.5317,4.5483,4.4319,4.4533,633391,0.9897,1200000000,4680000000,34.5858,
600267.SH,海正药业,2004-02-20,4.4295,4.496,4.3749,4.4533,1146230,1.791,1200000000,4680000000,34.5858,
600267.SH,海正药业,2004-02-23,4.4295,4.4319,4.1683,4.2277,677570,1.0587,1139200000,4442880000,32.8335,
600267.SH,海正药业,2004-02-24,4.2039,4.3702,4.1802,4.3559,680915,1.0639,1173760000,4577664000,33.8295,
600267.SH,海正药业,2004-02-25,4.3892,4.4082,4.2752,4.2752,507930,0.7936,1152000000,4492800000,33.2024,
600267.SH,海正药业,2004-02-26,4.2752,4.3108,4.173,4.2989,383577,0.5993,1158400000,4517760000,33.3868,
600267.SH,海正药业,2004-02-27,4.4485,4.5127,4.3179,4.3702,316819,0.495,1177600000,4592640000,33.9402,
600267.SH,海正药业,2004-03-01,4.3702,4.4818,4.3702,4.4272,382439,0.5976,1192960000,4652544000,34.3829,
600267.SH,海正药业,2004-03-02,4.4272,4.4438,4.3345,4.3725,228529,0.3571,1178240000,4595136000,33.9587,
600267.SH,海正药业,2004-03-03,4.3797,4.382,4.2158,4.3227,191676,0.2995,1164800000,4542720000,33.5713,
600267.SH,海正药业,2004-03-04,4.3084,4.4319,4.1849,4.4224,373377,0.5834,1191680000,4647552000,34.346,
600267.SH,海正药业,2004-03-05,4.4153,4.4533,4.287,4.325,240601,0.3759,1165440000,4545216000,33.5897,
600267.SH,海正药业,2004-03-08,4.2752,4.3892,4.2752,4.2989,188701,0.2948,1158400000,4517760000,33.3868,
600267.SH,海正药业,2004-03-09,4.1564,4.3179,4.0852,4.2277,2105872,3.2904,1139200000,4442880000,26.141,
600267.SH,海正药业,2004-03-10,4.2229,4.3132,4.1564,4.3108,800342,1.2505,1161600000,4530240000,26.655,
600267.SH,海正药业,2004-03-11,4.3227,4.3417,4.2894,4.3108,421957,0.6593,1161600000,4530240000,26.655,
600267.SH,海正药业,2004-03-12,4.3108,4.3464,4.2752,4.3179,506816,0.7919,1163520000,4537728000,26.699,
600267.SH,海正药业,2004-03-15,4.3108,4.3915,4.2965,4.3488,839216,1.3113,1171840000,4570176000,26.89,
600267.SH,海正药业,2004-03-16,4.3488,4.3892,4.3132,4.3132,327200,0.5112,1162240000,4532736000,26.6697,
600267.SH,海正药业,2004-03-17,4.3607,4.3607,4.2752,4.3274,468049,0.7313,1166080000,4547712000,26.7578,
600267.SH,海正药业,2004-03-18,4.3322,4.3345,4.2989,4.3037,281679,0.4401,1159680000,4522752000,26.6109,
600267.SH,海正药业,2004-03-19,4.2752,4.3298,4.2752,4.3227,1247657,1.9495,1164800000,4542720000,26.7284,
600267.SH,海正药业,2004-03-22,4.3227,4.363,4.2277,4.3607,219861,0.3435,1175040000,4582656000,26.9634,
600267.SH,海正药业,2004-03-23,4.3607,4.3702,4.2775,4.3654,260854,0.4076,1176320000,4587648000,26.9928,
600267.SH,海正药业,2004-03-24,4.3179,4.4842,4.3179,4.401,368780,0.5762,1185920000,4625088000,27.2131,
600267.SH,海正药业,2004-03-25,4.4295,4.7407,4.4295,4.6433,1158014,1.8094,1251200000,4879680000,28.711,
600267.SH,海正药业,2004-03-26,4.7264,4.7264,4.5364,4.6314,248116,0.3877,1248000000,4867200000,28.6376,
600267.SH,海正药业,2004-03-29,4.6314,4.6908,4.5744,4.5863,273881,0.4279,1235840000,4819776000,28.3586,
600267.SH,海正药业,2004-03-30,4.5412,4.6528,4.5412,4.629,185197,0.2894,1247360000,4864704000,28.6229,
600267.SH,海正药业,2004-03-31,4.6314,4.6552,4.5602,4.5839,399845,0.6248,1235200000,4817280000,28.3439,
600267.SH,海正药业,2004-04-01,4.6077,4.6908,4.6077,4.6647,470566,0.7353,1256960000,4902144000,28.8432,
600267.SH,海正药业,2004-04-02,4.6623,4.7264,4.6195,4.6575,188610,0.2947,1255040000,4894656000,28.7991,
600267.SH,海正药业,2004-04-05,4.8571,4.8571,4.6789,4.8214,767083,1.1986,1299200000,5066880000,29.8125,
600267.SH,海正药业,2004-04-06,4.8428,4.8428,4.7739,4.7763,385344,0.6021,1287040000,5019456000,29.5334,
600267.SH,海正药业,2004-04-07,4.7502,4.7739,4.7003,4.7051,238850,0.3732,1267840000,4944576000,29.0929,
600267.SH,海正药业,2004-04-08,4.7074,4.7787,4.61,4.7549,374387,0.585,1281280000,4996992000,29.4013,
600267.SH,海正药业,2004-04-09,4.8214,4.8214,4.667,4.7027,559031,0.8735,1267200000,4942080000,29.0782,
600267.SH,海正药业,2004-04-12,4.5127,4.7146,4.5127,4.7051,223581,0.3493,1267840000,4944576000,29.0929,
600267.SH,海正药业,2004-04-13,4.7051,4.9402,4.7051,4.8262,467639,0.7307,1300480000,5071872000,29.8418,
600267.SH,海正药业,2004-04-14,4.8262,4.8404,4.6575,4.7716,684641,1.0698,1285760000,5014464000,29.5041,
600267.SH,海正药业,2004-04-15,4.7264,4.9497,4.7264,4.9331,1268330,1.9818,1329280000,5184192000,30.5027,
600267.SH,海正药业,2004-04-16,4.9164,5.0946,4.8927,5.0352,735995,1.15,1356800000,5291520000,31.1342,
600267.SH,海正药业,2004-04-19,5.0399,5.3083,5.0399,5.2347,969665,1.5151,1410560000,5501184000,32.3678,
600267.SH,海正药业,2004-04-20,5.2347,5.2988,5.1539,5.1729,562868,0.8795,1393920000,5436288000,31.986,
600267.SH,海正药业,2004-04-21,5.1112,5.1302,4.7264,4.7336,2573166,4.0206,1275520000,4974528000,29.2691,
600267.SH,海正药业,2004-04-22,4.7336,4.7336,4.7336,4.7336,--,--,1275520000,4974528000,29.2691,
600267.SH,海正药业,2004-04-23,4.5839,5.0589,4.5839,4.9426,3232423,5.0507,1331840000,5194176000,30.5615,
600267.SH,海正药业,2004-04-26,4.9164,5.2774,4.8214,5.2727,852289,1.3317,1420800000,5541120000,26.8263,
600267.SH,海正药业,2004-04-27,5.2727,5.2846,5.1539,5.1587,1366080,2.1345,1390080000,5421312000,26.2463,
600267.SH,海正药业,2004-04-28,5.1064,5.1064,4.8214,4.9212,2216662,3.4635,1326080000,5171712000,25.0379,
600267.SH,海正药业,2004-04-29,4.8689,4.9141,4.8024,4.8594,898891,1.4045,1309440000,5106816000,24.7237,
600267.SH,海正药业,2004-04-30,4.8096,5.0732,4.8096,5.0114,1375586,2.1494,1350400000,5266560000,25.4971,
600267.SH,海正药业,2004-05-10,5.0114,5.0114,4.8737,4.9164,254522,0.3977,1324800000,5166720000,25.0137,
600267.SH,海正药业,2004-05-11,4.8547,4.9568,4.8499,4.9022,124810,0.195,1320960000,5151744000,24.9412,
600267.SH,海正药业,2004-05-12,4.9046,4.9544,4.8452,4.9164,1143612,1.7869,1324800000,5166720000,25.0137,
600267.SH,海正药业,2004-05-13,4.9046,4.9853,4.8761,4.9069,204711,0.3199,1322240000,5156736000,24.9654,
600267.SH,海正药业,2004-05-14,4.9117,5.0114,4.8808,4.9877,855319,1.3364,1344000000,5241600000,25.3762,
600267.SH,海正药业,2004-05-17,4.9164,4.9687,4.7502,4.7668,216350,0.338,1284480000,5009472000,24.2524,
600267.SH,海正药业,2004-05-18,4.7264,4.7692,4.5317,4.6623,766708,1.198,1256320000,4899648000,23.7207,
600267.SH,海正药业,2004-05-19,4.6385,4.7502,4.6077,4.6789,187816,0.2935,1260800000,4917120000,23.8053,
600267.SH,海正药业,2004-05-20,4.6789,4.7264,4.6314,4.6338,201849,0.3154,1248640000,4869696000,23.5757,
600267.SH,海正药业,2004-05-21,4.629,4.7264,4.629,4.6884,131730,0.2058,1263360000,4927104000,23.8536,
600267.SH,海正药业,2004-05-24,4.6884,4.7027,4.5364,4.5792,459167,0.7174,1233920000,4812288000,23.2978,
600267.SH,海正药业,2004-05-25,4.5481,4.6199,4.5074,4.5098,650500,1.0164,1205760000,4702464000,22.7661,
600267.SH,海正药业,2004-05-26,4.4978,4.584,4.4762,4.5481,380321,0.5943,1216000000,4742400000,22.9594,
600267.SH,海正药业,2004-05-27,4.5481,4.6869,4.5481,4.6199,82910,0.1295,1235200000,4817280000,23.3219,
600267.SH,海正药业,2004-05-28,4.6701,4.7348,4.6653,4.7108,38280,0.0598,1259520000,4912128000,23.7811,
600267.SH,海正药业,2004-05-31,4.6199,4.718,4.6199,4.7108,124800,0.195,1259520000,4912128000,23.7811,
600267.SH,海正药业,2004-06-01,4.5481,4.7826,4.5481,4.7707,238125,0.3721,1275520000,4974528000,24.0832,
600267.SH,海正药业,2004-06-02,4.7755,4.7755,4.6893,4.718,53255,0.0832,1261440000,4919616000,23.8174,
600267.SH,海正药业,2004-06-03,4.7132,4.7132,4.6127,4.6342,85640,0.1338,1239040000,4832256000,23.3945,
600267.SH,海正药业,2004-06-04,4.584,4.6199,4.584,4.6199,67332,0.1052,1235200000,4817280000,23.3219,
600267.SH,海正药业,2004-06-07,4.5481,4.6318,4.5481,4.5959,127340,0.199,1228800000,4792320000,23.2011,
600267.SH,海正药业,2004-06-08,4.6917,4.6917,4.5959,4.5959,56000,0.0875,1228800000,4792320000,23.2011,
600267.SH,海正药业,2004-06-09,4.6653,4.6653,4.5241,4.5265,83760,0.1309,1210240000,4719936000,22.8507,
600267.SH,海正药业,2004-06-10,4.4523,4.5792,4.4523,4.5672,262431,0.41,1221120000,4762368000,23.0561,
600267.SH,海正药业,2004-06-11,4.5481,4.6294,4.5481,4.5672,40289,0.063,1221120000,4762368000,23.0561,
600267.SH,海正药业,2004-06-14,4.572,4.5744,4.5241,4.5241,124530,0.1946,1209600000,4717440000,22.8386,
600267.SH,海正药业,2004-06-15,4.5289,4.5959,4.5002,4.584,65721,0.1027,1225600000,4779840000,23.1407,
600267.SH,海正药业,2004-06-16,4.5241,4.6558,4.5121,4.6366,57519,0.0899,1239680000,4834752000,23.4065,
600267.SH,海正药业,2004-06-17,4.5959,4.6653,4.56,4.6366,156400,0.2444,1239680000,4834752000,23.4065,
600267.SH,海正药业,2004-06-18,4.6079,4.6079,4.3135,4.5026,341300,0.5333,1203840000,4694976000,22.7298,
600267.SH,海正药业,2004-06-21,4.5241,4.5241,4.3111,4.4978,344970,0.539,1202560000,4689984000,22.7057,
600267.SH,海正药业,2004-06-22,4.4643,4.5193,4.4523,4.5002,255830,0.3997,1203200000,4692480000,22.7178,
600267.SH,海正药业,2004-06-23,4.5002,4.505,4.4523,4.5002,376125,0.5877,1203200000,4692480000,22.7178,
600267.SH,海正药业,2004-06-24,4.3805,4.5959,4.3805,4.5457,332983,0.5203,1215360000,4739904000,22.9473,
600267.SH,海正药业,2004-06-25,4.5457,4.5457,4.4738,4.5217,10800,0.0169,1208960000,4714944000,22.8265,
600267.SH,海正药业,2004-06-28,4.4978,4.4978,4.359,4.3709,159900,0.2498,1168640000,4557696000,22.0652,
600267.SH,海正药业,2004-06-29,4.3087,4.4762,4.3087,4.3805,77270,0.1207,1171200000,4567680000,22.1136,
600267.SH,海正药业,2004-06-30,4.4762,4.4762,4.4044,4.4332,403698,0.6308,1185280000,4622592000,22.3794,
600267.SH,海正药业,2004-07-01,4.4284,4.5241,4.4284,4.5193,122126,0.1908,1208320000,4712448000,22.8144,
600267.SH,海正药业,2004-07-02,4.5193,4.5361,4.4164,4.5241,17181,0.0268,1209600000,4717440000,22.8386,
600267.SH,海正药业,2004-07-05,4.4786,4.4882,4.4762,4.4882,17394,0.0272,1200000000,4680000000,22.6573,
600267.SH,海正药业,2004-07-06,4.4858,4.5481,4.4762,4.4786,350300,0.5473,1197440000,4670016000,22.609,
600267.SH,海正药业,2004-07-07,4.4523,4.4762,4.4523,4.4762,22050,0.0345,1196800000,4667520000,22.5969,
600267.SH,海正药业,2004-07-08,4.4523,4.5002,4.4523,4.4523,7600,0.0119,1190400000,4642560000,22.4761,
600267.SH,海正药业,2004-07-09,4.4643,4.4834,4.4427,4.4762,8401,0.0131,1196800000,4667520000,22.5969,
600267.SH,海正药业,2004-07-12,4.4762,4.4834,4.4475,4.4643,35500,0.0555,1193600000,4655040000,22.5365,
600267.SH,海正药业,2004-07-13,4.4691,4.5002,4.4523,4.4882,34270,0.0535,1200000000,4680000000,22.6573,
600267.SH,海正药业,2004-07-14,4.5002,4.5002,4.4523,4.4834,31370,0.049,1198720000,4675008000,22.6332,
600267.SH,海正药业,2004-07-15,4.4954,4.7515,4.4762,4.5887,65000,0.1016,1226880000,4784832000,23.1649,
600267.SH,海正药业,2004-07-16,4.5959,4.7348,4.5959,4.6677,81015,0.1266,1248000000,4867200000,23.5636,
600267.SH,海正药业,2004-07-19,4.7132,4.7156,4.6151,4.6869,251819,0.3935,1253120000,4887168000,23.6603,
600267.SH,海正药业,2004-07-20,4.6701,4.7252,4.6677,4.7252,37099,0.058,1263360000,4927104000,23.8536,
600267.SH,海正药业,2004-07-21,4.7826,5.1465,4.6797,4.8832,401613,0.6275,1305600000,5091840000,24.6512,
600267.SH,海正药业,2004-07-22,4.931,5.0268,4.7898,4.9047,815470,1.2742,1311360000,5114304000,24.7599,
600267.SH,海正药业,2004-07-23,4.7874,4.9071,4.6797,4.9071,151917,0.2374,1312000000,5116800000,24.772,
600267.SH,海正药业,2004-07-26,4.8353,4.9047,4.7874,4.8808,130200,0.2034,1304960000,5089344000,24.6391,
600267.SH,海正药业,2004-07-27,4.7994,4.8808,4.7994,4.8233,96410,0.1506,1289600000,5029440000,24.3491,
600267.SH,海正药业,2004-07-28,4.7994,4.8975,4.7994,4.8688,44410,0.0694,1301760000,5076864000,24.5787,
600267.SH,海正药业,2004-07-29,4.9071,4.9071,4.797,4.8209,19300,0.0302,1288960000,5026944000,24.337,
600267.SH,海正药业,2004-07-30,4.8209,4.8545,4.7874,4.8497,99183,0.155,1296640000,5056896000,24.482,
600267.SH,海正药业,2004-08-02,4.9071,4.9071,4.7874,4.8856,66710,0.1042,1306240000,5094336000,24.6633,
600267.SH,海正药业,2004-08-03,4.8329,4.8951,4.785,4.7874,330835,0.5169,1280000000,4992000000,24.1678,
600267.SH,海正药业,2004-08-04,4.7874,4.8353,4.7515,4.7922,487590,0.7619,1281280000,4996992000,24.192,
600267.SH,海正药业,2004-08-05,4.8832,4.8832,4.7635,4.7874,185514,0.2899,1280000000,4992000000,24.1678,
600267.SH,海正药业,2004-08-06,4.7635,4.8521,4.7635,4.8281,195069,0.3048,1290880000,5034432000,24.3732,
600267.SH,海正药业,2004-08-09,4.7874,4.8233,4.7635,4.7994,282200,0.4409,1283200000,5004480000,24.2282,
600267.SH,海正药业,2004-08-10,4.9454,4.9454,4.7994,4.8185,43100,0.0673,1288320000,5024448000,21.3451,
600267.SH,海正药业,2004-08-11,4.8329,4.8329,4.7635,4.7874,78177,0.1222,1280000000,4992000000,21.2073,
600267.SH,海正药业,2004-08-12,4.7683,4.7994,4.7635,4.7802,108580,0.1697,1278080000,4984512000,21.1754,
600267.SH,海正药业,2004-08-13,4.7802,4.7802,4.7802,4.7802,--,--,1278080000,4984512000,21.1754,
600267.SH,海正药业,2004-08-16,4.6917,4.7802,4.6223,4.6917,181460,0.2835,1254400000,4892160000,20.7831,
600267.SH,海正药业,2004-08-17,4.7467,4.7467,4.6486,4.7348,110600,0.1728,1265920000,4937088000,20.974,
600267.SH,海正药业,2004-08-18,4.7659,4.7994,4.651,4.6534,188750,0.2949,1244160000,4852224000,20.6135,
600267.SH,海正药业,2004-08-19,4.5768,4.7372,4.4284,4.5361,300280,0.4692,1212800000,4729920000,20.0939,
600267.SH,海正药业,2004-08-20,4.5241,4.6199,4.4044,4.572,380382,0.5943,1222400000,4767360000,20.2529,
600267.SH,海正药业,2004-08-23,4.4308,4.5481,4.4308,4.4523,83210,0.13,1190400000,4642560000,19.7227,
600267.SH,海正药业,2004-08-24,4.5002,4.5433,4.4643,4.4954,11530,0.018,1201920000,4687488000,19.9136,
600267.SH,海正药业,2004-08-25,4.3949,4.5457,4.3901,4.3949,141513,0.2211,1175040000,4582656000,19.4683,
600267.SH,海正药业,2004-08-26,4.5002,4.5002,4.3566,4.4284,325100,0.508,1184000000,4617600000,19.6167,
600267.SH,海正药业,2004-08-27,4.4882,4.4882,4.3637,4.4403,9700,0.0152,1187200000,4630080000,19.6697,
600267.SH,海正药业,2004-08-30,4.4284,4.4858,4.3374,4.4284,110720,0.173,1184000000,4617600000,19.6167,
600267.SH,海正药业,2004-08-31,4.4882,4.4882,4.4284,4.4691,61900,0.0967,1194880000,4660032000,19.797,
600267.SH,海正药业,2004-09-01,4.3805,4.5002,4.3805,4.4667,9780,0.0153,1194240000,4657536000,19.7864,
600267.SH,海正药业,2004-09-02,4.3757,4.4715,4.3757,4.4715,17840,0.0279,1195520000,4662528000,19.8076,
600267.SH,海正药业,2004-09-03,4.4715,4.4954,4.4284,4.4308,409400,0.6397,1184640000,4620096000,19.6273,
600267.SH,海正药业,2004-09-06,4.5002,4.5002,4.3996,4.4475,4603,0.0072,1189120000,4637568000,19.7015,
600267.SH,海正药业,2004-09-07,4.3996,4.4954,4.3925,4.4762,58302,0.0911,1196800000,4667520000,19.8288,
600267.SH,海正药业,2004-09-08,4.7036,4.7108,4.3996,4.426,304940,0.4765,1183360000,4615104000,19.6061,
600267.SH,海正药业,2004-09-09,4.4906,4.4906,4.3566,4.4212,16440,0.0257,1182080000,4610112000,19.5849,
600267.SH,海正药业,2004-09-10,4.4523,4.4523,4.3566,4.402,150097,0.2345,1176960000,4590144000,19.5001,
600267.SH,海正药业,2004-09-13,4.3996,4.4068,4.3613,4.3925,21940,0.0343,1174400000,4580160000,19.4577,
600267.SH,海正药业,2004-09-14,4.3925,4.4475,4.3613,4.3949,394646,0.6166,1175040000,4582656000,19.4683,
600267.SH,海正药业,2004-09-15,4.3925,4.5887,4.3805,4.5385,343759,0.5371,1213440000,4732416000,20.1045,
600267.SH,海正药业,2004-09-16,4.5385,4.5385,4.5385,4.5385,--,--,1213440000,4732416000,20.1045,
600267.SH,海正药业,2004-09-17,4.4284,4.7587,4.4284,4.7443,679395,1.0616,1268480000,4947072000,21.0164,
600267.SH,海正药业,2004-09-20,4.7587,4.931,4.7419,4.9263,915705,1.4308,1317120000,5136768000,21.8223,
600267.SH,海正药业,2004-09-21,4.931,4.9885,4.7707,4.8066,619180,0.9675,1285120000,5011968000,21.2921,
600267.SH,海正药业,2004-09-22,4.8233,4.9263,4.7874,4.8975,565206,0.8831,1309440000,5106816000,21.695,
600267.SH,海正药业,2004-09-23,4.9071,4.9981,4.7874,4.9813,1134137,1.7721,1331840000,5194176000,22.0662,
600267.SH,海正药业,2004-09-24,5.0507,5.2183,5.0029,5.0747,2216692,3.4636,1356800000,5291520000,22.4797,
600267.SH,海正药业,2004-09-27,5.1345,5.2542,4.9287,5.022,835102,1.3048,1342720000,5236608000,22.2464,
600267.SH,海正药业,2004-09-28,5.0914,5.2303,5.0148,5.2207,1480047,2.3126,1395840000,5443776000,23.1265,
600267.SH,海正药业,2004-09-29,5.3499,5.3844,5.1259,5.1948,617540,0.5361,1389312000,5418316800,23.0184,
600267.SH,海正药业,2004-09-30,5.1475,5.1604,5.0613,5.0785,932441,0.8094,1358208000,5297011200,22.503,
600267.SH,海正药业,2004-10-08,5.0398,5.2551,4.8675,5.2465,1200397,1.042,1403136000,5472230400,23.2474,
600267.SH,海正药业,2004-10-11,5.2551,5.3413,5.0613,5.1259,2176797,1.8896,1370880000,5346432000,22.713,
600267.SH,海正药业,2004-10-12,5.1259,5.1259,4.8718,4.889,2531919,2.1978,1307520000,5099328000,21.6632,
600267.SH,海正药业,2004-10-13,4.889,4.9924,4.7899,4.9881,506326,0.4395,1334016000,5202662400,22.1022,
600267.SH,海正药业,2004-10-14,4.9881,4.9924,4.7296,4.8029,477541,0.4145,1284480000,5009472000,21.2815,
600267.SH,海正药业,2004-10-15,4.7296,4.8459,4.7296,4.8244,542138,0.4706,1290240000,5031936000,21.3769,
600267.SH,海正药业,2004-10-18,4.8244,4.8416,4.7426,4.8244,289394,0.2512,1290240000,5031936000,21.3769,
600267.SH,海正药业,2004-10-19,4.8244,4.9105,4.777,4.7899,210000,0.1823,1281024000,4995993600,21.2242,
600267.SH,海正药业,2004-10-20,4.7641,4.9407,4.7469,4.9278,465783,0.4043,1317888000,5139763200,21.835,
600267.SH,海正药业,2004-10-21,4.5272,5.0699,4.5272,4.9967,550200,0.4776,1336320000,5211648000,22.1404,
600267.SH,海正药业,2004-10-22,4.9967,5.0828,4.8589,4.9924,1446425,1.2556,1335168000,5207155200,22.1213,
600267.SH,海正药业,2004-10-25,4.9967,5.393,4.9105,5.2896,3811552,3.3086,1414656000,5517158400,23.3671,
600267.SH,海正药业,2004-10-26,5.2982,5.6213,5.1991,5.5825,2544931,2.2091,1492992000,5822668800,24.661,
600267.SH,海正药业,2004-10-27,5.5997,5.6945,5.5179,5.6342,2064253,1.7919,1506816000,5876582400,24.8893,
600267.SH,海正药业,2004-10-28,5.6428,5.7074,5.561,5.6084,1715470,1.4891,1499904000,5849625600,24.7752,
600267.SH,海正药业,2004-10-29,5.3844,5.6773,5.3413,5.5351,861252,0.7476,1480320000,5773248000,24.4517,
600267.SH,海正药业,2004-11-01,5.4705,5.5567,5.3844,5.4662,597768,0.5189,1461888000,5701363200,24.1472,
600267.SH,海正药业,2004-11-02,5.4016,5.4274,5.2336,5.2595,2118135,1.8387,1406592000,5485708800,23.2339,
600267.SH,海正药业,2004-11-03,5.2595,5.4533,5.2595,5.4274,772478,0.6706,1451520000,5660928000,23.976,
600267.SH,海正药业,2004-11-04,5.4188,5.5136,5.1991,5.281,976407,0.8476,1412352000,5508172800,23.329,
600267.SH,海正药业,2004-11-05,5.2896,5.3327,5.2078,5.2551,293060,0.2544,1405440000,5481216000,23.2148,
600267.SH,海正药业,2004-11-08,5.2035,5.2982,5.1733,5.2551,95255,0.0827,1405440000,5481216000,23.2148,
600267.SH,海正药业,2004-11-09,5.2164,5.2551,5.169,5.2336,200920,0.1744,1399680000,5458752000,23.1197,
600267.SH,海正药业,2004-11-10,5.1776,5.4705,5.1776,5.3801,867929,0.7534,1438848000,5611507200,23.7667,
600267.SH,海正药业,2004-11-11,5.3844,5.505,5.3499,5.3628,689430,0.5985,1434240000,5593536000,23.6905,
600267.SH,海正药业,2004-11-12,5.3628,5.4274,5.3068,5.3628,495709,0.4303,1434240000,5593536000,23.6905,
600267.SH,海正药业,2004-11-15,5.3628,5.4705,5.3628,5.4318,433850,0.3766,1452672000,5665420800,23.995,
600267.SH,海正药业,2004-11-16,5.4361,5.449,5.2379,5.2508,751917,0.6527,1404288000,5476723200,23.1958,
600267.SH,海正药业,2004-11-17,5.2422,5.2422,4.7813,4.889,4312229,3.7433,1307520000,5099328000,21.5974,
600267.SH,海正药业,2004-11-18,4.8675,4.9752,4.7813,4.9752,2505579,2.175,1330560000,5189184000,21.978,
600267.SH,海正药业,2004-11-19,4.9622,4.9622,4.8761,4.9278,655812,0.5693,1317888000,5139763200,21.7687,
600267.SH,海正药业,2004-11-22,4.9752,4.9881,4.9278,4.945,710587,0.6168,1322496000,5157734400,21.8448,
600267.SH,海正药业,2004-11-23,4.9364,4.9364,4.7253,4.777,2051667,1.781,1277568000,4982515200,21.1027,
600267.SH,海正药业,2004-11-24,4.7512,4.8244,4.7296,4.7339,726962,0.631,1266048000,4937587200,20.9124,
600267.SH,海正药业,2004-11-25,4.7339,4.7856,4.721,4.777,935210,0.8118,1277568000,4982515200,21.1027,
600267.SH,海正药业,2004-11-26,4.7942,4.8373,4.777,4.8115,493000,0.428,1286784000,5018457600,21.2549,
600267.SH,海正药业,2004-11-29,4.8244,4.8244,4.7382,4.7641,375860,0.3263,1274112000,4969036800,21.0456,
600267.SH,海正药业,2004-11-30,4.7641,4.7856,4.7382,4.7555,285238,0.2476,1271808000,4960051200,21.0075,
600267.SH,海正药业,2004-12-01,4.7512,4.7598,4.6047,4.6219,902779,0.7837,1236096000,4820774400,20.4176,
600267.SH,海正药业,2004-12-02,4.6176,4.6176,4.385,4.5358,1075479,0.9336,1213056000,4730918400,20.0371,
600267.SH,海正药业,2004-12-03,4.5229,4.5832,4.4626,4.5616,417436,0.3624,1219968000,4757875200,20.1512,
600267.SH,海正药业,2004-12-06,4.5616,4.5659,4.4712,4.5573,241465,0.2096,1218816000,4753382400,20.1322,
600267.SH,海正药业,2004-12-07,4.5573,4.5573,4.4281,4.4669,552658,0.4797,1194624000,4659033600,19.7326,
600267.SH,海正药业,2004-12-08,4.5229,4.5229,4.4453,4.4712,308866,0.2681,1195776000,4663526400,19.7516,
600267.SH,海正药业,2004-12-09,4.497,4.5875,4.398,4.5143,312599,0.2714,1207296000,4708454400,19.9419,
600267.SH,海正药业,2004-12-10,4.4798,4.5401,4.4712,4.5272,130648,0.1134,1210752000,4721932800,19.999,
600267.SH,海正药业,2004-12-13,4.5186,4.5358,4.4798,4.5013,101100,0.0878,1203840000,4694976000,19.8848,
600267.SH,海正药业,2004-12-14,4.5013,4.5746,4.4884,4.5444,308228,0.2676,1215360000,4739904000,20.0751,
600267.SH,海正药业,2004-12-15,4.5013,4.5789,4.5013,4.553,264080,0.2292,1217664000,4748889600,20.1132,
600267.SH,海正药业,2004-12-16,4.5229,4.5229,4.4367,4.4927,457398,0.397,1201536000,4685990400,19.8468,
600267.SH,海正药业,2004-12-17,4.4453,4.4755,4.385,4.385,148666,0.1291,1172736000,4573670400,19.3711,
600267.SH,海正药业,2004-12-20,4.3161,4.5229,4.2213,4.4152,632586,0.5491,1180800000,4605120000,19.5043,
600267.SH,海正药业,2004-12-21,4.3592,4.5186,4.3592,4.4367,196800,0.1708,1186560000,4627584000,19.5994,
600267.SH,海正药业,2004-12-22,4.4798,4.5229,4.3721,4.4798,403744,0.3505,1198080000,4672512000,19.7897,
600267.SH,海正药业,2004-12-23,4.5444,4.7296,4.4884,4.6306,693063,0.6016,1238400000,4829760000,20.4557,
600267.SH,海正药业,2004-12-24,4.6133,4.6521,4.5229,4.6219,437459,0.3797,1236096000,4820774400,20.4176,
600267.SH,海正药业,2004-12-27,4.6435,4.6435,4.5659,4.609,106254,0.0922,1232640000,4807296000,20.3606,
600267.SH,海正药业,2004-12-28,4.609,4.6909,4.5229,4.6822,260763,0.2264,1252224000,4883673600,20.684,
600267.SH,海正药业,2004-12-29,4.6952,4.7081,4.5875,4.6521,97129,0.0843,1244160000,4852224000,20.5508,
600267.SH,海正药业,2004-12-30,4.6435,4.7382,4.5875,4.6693,292400,0.2538,1248768000,4870195200,20.627,
600267.SH,海正药业,2004-12-31,4.6263,4.7038,4.6004,4.6866,344368,0.2989,1253376000,4888166400,20.7031,
600267.SH,海正药业,2005-01-04,4.5659,4.6909,4.5659,4.609,171127,0.1485,1232640000,4807296000,20.3606,
600267.SH,海正药业,2005-01-05,4.5832,4.6521,4.5832,4.6004,413094,0.3586,1230336000,4798310400,20.3225,
600267.SH,海正药业,2005-01-06,4.6736,4.6736,4.6004,4.6047,187600,0.1628,1231488000,4802803200,20.3415,
600267.SH,海正药业,2005-01-07,4.6047,4.6521,4.6047,4.609,132920,0.1154,1232640000,4807296000,20.3606,
600267.SH,海正药业,2005-01-10,4.6047,4.6047,4.5616,4.5961,68114,0.0591,1229184000,4793817600,20.3035,
600267.SH,海正药业,2005-01-11,4.5961,4.6521,4.5229,4.6219,212200,0.1842,1236096000,4820774400,20.4176,
600267.SH,海正药业,2005-01-12,4.6478,4.8029,4.6133,4.7469,781607,0.6785,1269504000,4951065600,20.9695,
600267.SH,海正药业,2005-01-13,4.7469,4.8545,4.7469,4.7986,185820,0.1613,1283328000,5004979200,21.1978,
600267.SH,海正药业,2005-01-14,4.7813,4.8201,4.6521,4.6909,104700,0.0909,1254528000,4892659200,20.7221,
600267.SH,海正药业,2005-01-17,4.6736,4.7124,4.6607,4.6822,179338,0.1557,1252224000,4883673600,20.684,
600267.SH,海正药业,2005-01-18,4.6004,4.6952,4.5229,4.6219,393190,0.3413,1236096000,4820774400,20.4176,
600267.SH,海正药业,2005-01-19,4.6263,4.6263,4.5703,4.5918,471300,0.4091,1228032000,4789324800,20.2844,
600267.SH,海正药业,2005-01-20,4.5229,4.6306,4.5229,4.5444,192640,0.1672,1215360000,4739904000,20.0751,
600267.SH,海正药业,2005-01-21,4.5444,4.6607,4.5444,4.6607,285930,0.2482,1246464000,4861209600,20.5889,
600267.SH,海正药业,2005-01-24,4.6952,4.8158,4.609,4.7038,1175626,1.0205,1257984000,4906137600,20.7792,
600267.SH,海正药业,2005-01-25,4.6219,4.6952,4.6219,4.6693,315010,0.2734,1248768000,4870195200,20.627,
600267.SH,海正药业,2005-01-26,4.7382,4.7382,4.6564,4.6736,68195,0.0592,1249920000,4874688000,20.646,
600267.SH,海正药业,2005-01-27,4.6176,4.6779,4.6176,4.6521,114470,0.0994,1244160000,4852224000,20.5508,
600267.SH,海正药业,2005-01-28,4.6521,4.6866,4.6435,4.6478,190730,0.1656,1243008000,4847731200,20.5318,
600267.SH,海正药业,2005-01-31,4.6176,4.6176,4.5272,4.5659,173844,0.1509,1221120000,4762368000,20.1703,
600267.SH,海正药业,2005-02-01,4.5659,4.5659,4.3506,4.4367,1029590,0.8937,1186560000,4627584000,19.5994,
600267.SH,海正药业,2005-02-02,4.3936,4.6176,4.3936,4.609,457386,0.397,1232640000,4807296000,20.3606,
600267.SH,海正药业,2005-02-03,4.6219,4.6779,4.5229,4.5703,691802,0.6005,1222272000,4766860800,20.1893,
600267.SH,海正药业,2005-02-04,4.5659,4.721,4.5487,4.7038,416030,0.3611,1257984000,4906137600,20.7792,
600267.SH,海正药业,2005-02-16,4.7296,4.8201,4.6693,4.7813,395052,0.3429,1278720000,4987008000,21.1217,
600267.SH,海正药业,2005-02-17,4.7598,4.7598,4.6435,4.6564,219952,0.1909,1245312000,4856716800,20.5699,
600267.SH,海正药业,2005-02-18,4.6521,4.6995,4.6435,4.6607,143601,0.1247,1246464000,4861209600,20.5889,
600267.SH,海正药业,2005-02-21,4.6909,4.7684,4.6866,4.7555,671494,0.5829,1271808000,4960051200,21.0075,
600267.SH,海正药业,2005-02-22,4.7598,4.7598,4.7167,4.7382,1077830,0.9356,1267200000,4942080000,20.9314,
600267.SH,海正药业,2005-02-23,4.7382,4.7382,4.6133,4.6219,1217484,1.0568,1236096000,4820774400,20.4176,
600267.SH,海正药业,2005-02-24,4.6004,4.6004,4.3936,4.4798,2075640,1.8018,1198080000,4672512000,19.7897,
600267.SH,海正药业,2005-02-25,4.4798,4.5315,4.4712,4.4927,1884157,1.6356,1201536000,4685990400,19.8468,
600267.SH,海正药业,2005-02-28,4.4927,4.497,4.2644,4.2946,3324312,2.8857,1148544000,4479321600,18.9715,
600267.SH,海正药业,2005-03-01,4.3721,4.4238,4.2903,4.4238,1775708,1.5414,1183104000,4614105600,19.5423,
600267.SH,海正药业,2005-03-02,4.4367,4.454,4.3549,4.4496,1842728,1.5996,1190016000,4641062400,19.6565,
600267.SH,海正药业,2005-03-03,4.4453,4.4453,4.3764,4.4152,474984,0.4123,1180800000,4605120000,19.5043,
600267.SH,海正药业,2005-03-04,4.4066,4.4152,4.3549,4.3678,877047,0.7613,1168128000,4555699200,19.295,
600267.SH,海正药业,2005-03-07,4.3678,4.3721,4.105,4.1783,2122933,1.8428,1117440000,4358016000,18.4577,
600267.SH,海正药业,2005-03-08,4.1567,4.2601,4.1567,4.2515,1356062,1.1771,1137024000,4434393600,18.7812,
600267.SH,海正药业,2005-03-09,4.2515,4.3721,4.2429,4.3377,2958456,2.5681,1160064000,4524249600,19.1618,
600267.SH,海正药业,2005-03-10,4.3549,4.4367,4.342,4.4195,1669100,1.4489,1181952000,4609612800,19.5233,
600267.SH,海正药业,2005-03-11,4.4109,4.51,4.4066,4.4884,1735316,1.5064,1200384000,4681497600,19.8278,
600267.SH,海正药业,2005-03-14,4.5013,4.6435,4.3936,4.6004,2016602,1.7505,1230336000,4798310400,20.3225,
600267.SH,海正药业,2005-03-15,4.6047,4.9062,4.6047,4.8201,3708577,3.2193,1289088000,5027443200,21.2929,
600267.SH,海正药业,2005-03-16,4.8244,4.8244,4.6219,4.7081,2692243,2.337,1259136000,4910630400,20.7982,
600267.SH,海正药业,2005-03-17,4.6521,4.7038,4.5444,4.6435,1875266,1.6278,1241856000,4843238400,20.5128,
600267.SH,海正药业,2005-03-18,4.6521,4.7727,4.5573,4.6219,1172933,1.0182,1236096000,4820774400,20.4176,
600267.SH,海正药业,2005-03-21,4.609,4.609,4.2257,4.2429,2189638,1.9007,1134720000,4425408000,18.7431,
600267.SH,海正药业,2005-03-22,4.2213,4.4281,4.1395,4.3549,915311,0.7945,1164672000,4542220800,20.9082,
600267.SH,海正药业,2005-03-23,4.3549,4.497,4.3204,4.398,960548,0.8338,1176192000,4587148800,21.115,
600267.SH,海正药业,2005-03-24,4.3506,4.4023,4.2257,4.3463,551566,0.4788,1162368000,4533235200,20.8668,
600267.SH,海正药业,2005-03-25,4.329,4.3936,4.2687,4.3893,520152,0.4515,1173888000,4578163200,21.0736,
600267.SH,海正药业,2005-03-28,4.3893,4.3893,4.2989,4.3807,404280,0.3509,1171584000,4569177600,21.0323,
600267.SH,海正药业,2005-03-29,4.342,4.4109,4.3032,4.3161,336139,0.2918,1154304000,4501785600,20.7221,
600267.SH,海正药业,2005-03-30,4.3075,4.3075,4.1826,4.2515,993271,0.8622,1137024000,4434393600,20.4118,
600267.SH,海正药业,2005-03-31,4.1869,4.3075,4.1826,4.2644,698624,0.6064,1140480000,4447872000,20.4739,
600267.SH,海正药业,2005-04-01,4.2644,4.4152,4.1955,4.3635,2466541,2.1411,1166976000,4551206400,20.9495,
600267.SH,海正药业,2005-04-04,4.3204,4.3204,4.1998,4.1998,2171059,1.8846,1123200000,4380480000,20.1637,
600267.SH,海正药业,2005-04-05,4.2213,4.2386,4.1697,4.174,981800,0.8523,1116288000,4353523200,20.0396,
600267.SH,海正药业,2005-04-06,4.174,4.1998,3.8337,4.1007,7908180,6.8647,1096704000,4277145600,19.688,
600267.SH,海正药业,2005-04-07,4.0706,4.1481,3.9758,4.1137,3279849,2.8471,1100160000,4290624000,19.7501,
600267.SH,海正药业,2005-04-08,4.1137,4.1352,3.9931,4.1266,1627059,1.4124,1103616000,4304102400,19.8121,
600267.SH,海正药业,2005-04-11,4.1395,4.1783,4.0921,4.1352,2360511,2.0491,1105920000,4313088000,19.8535,
600267.SH,海正药业,2005-04-12,4.1697,4.3075,4.0964,4.2989,1686345,1.4638,1149696000,4483814400,20.6393,
600267.SH,海正药业,2005-04-13,4.3075,4.5013,4.3075,4.3118,1633831,1.4183,1153152000,4497292800,20.7014,
600267.SH,海正药业,2005-04-14,4.2989,4.3764,4.2213,4.23,715766,0.6213,1131264000,4411929600,20.3084,
600267.SH,海正药业,2005-04-15,4.2127,4.2213,4.1352,4.2084,1040175,0.9029,1125504000,4389465600,20.205,
600267.SH,海正药业,2005-04-18,4.2084,4.2213,4.1352,4.217,249802,0.2168,1127808000,4398451200,20.2464,
600267.SH,海正药业,2005-04-19,4.2644,4.2644,4.161,4.1783,609512,0.5291,1117440000,4358016000,20.0603,
600267.SH,海正药业,2005-04-20,4.1783,4.1826,4.1007,4.1524,510828,0.4434,1110528000,4331059200,19.9362,
600267.SH,海正药业,2005-04-21,4.1137,4.2429,4.1137,4.1998,268070,0.2327,1123200000,4380480000,20.1637,
600267.SH,海正药业,2005-04-22,4.1998,4.2429,4.1438,4.174,478998,0.4158,1116288000,4353523200,20.0396,
600267.SH,海正药业,2005-04-25,4.1567,4.2213,4.1309,4.1998,437988,0.3802,1123200000,4380480000,20.1637,
600267.SH,海正药业,2005-04-26,4.2041,4.4152,4.2041,4.3333,1825173,1.5844,1158912000,4519756800,20.8048,
600267.SH,海正药业,2005-04-27,4.3333,4.3333,4.3333,4.3333,--,--,1158912000,4519756800,20.8048,
600267.SH,海正药业,2005-04-28,4.3075,4.5229,3.9629,4.385,3098785,2.6899,1172736000,4573670400,21.053,
600267.SH,海正药业,2005-04-29,4.2213,4.4023,4.1998,4.2213,1957200,1.699,1128960000,4402944000,22.5252,
600267.SH,海正药业,2005-05-09,4.1007,4.2343,4.1007,4.2257,220648,0.1915,1130112000,4407436800,22.5482,
600267.SH,海正药业,2005-05-10,4.2213,4.2213,4.049,4.1783,306129,0.2657,1117440000,4358016000,22.2953,
600267.SH,海正药业,2005-05-11,4.0964,4.1826,4.0964,4.1697,250774,0.2177,1115136000,4349030400,22.2494,
600267.SH,海正药业,2005-05-12,4.0964,4.1654,4.0921,4.0964,241510,0.2096,1095552000,4272652800,21.8586,
600267.SH,海正药业,2005-05-13,4.0534,4.0964,3.8767,3.9414,1188310,1.0315,1054080000,4110912000,21.0312,
600267.SH,海正药业,2005-05-16,3.9198,4.006,3.8552,3.9543,372437,0.3233,1057536000,4124390400,21.1001,
600267.SH,海正药业,2005-05-17,3.9198,4.049,3.9198,4.0275,96718,0.084,1077120000,4200768000,21.4909,
600267.SH,海正药业,2005-05-18,4.0275,4.0921,3.9844,4.0921,241344,0.2095,1094400000,4268160000,21.8356,
600267.SH,海正药业,2005-05-19,4.0835,4.0921,3.9974,4.0749,102600,0.0891,1089792000,4250188800,21.7437,
600267.SH,海正药业,2005-05-20,4.0749,4.0749,3.9887,4.049,221639,0.1924,1082880000,4223232000,21.6058,
600267.SH,海正药业,2005-05-23,4.049,4.0835,3.8983,3.9974,285821,0.2481,1069056000,4169318400,21.33,
600267.SH,海正药业,2005-05-24,3.9974,3.9974,3.9112,3.9801,156644,0.136,1064448000,4151347200,21.238,
600267.SH,海正药业,2005-05-25,3.9629,3.9629,3.8552,3.8724,207560,0.1802,1035648000,4039027200,20.6634,
600267.SH,海正药业,2005-05-26,3.8337,3.8767,3.5968,3.614,808900,0.7022,966528000,3769459200,19.2843,
600267.SH,海正药业,2005-05-27,3.5408,3.5838,3.2565,3.558,1292908,1.1223,951552000,3711052800,18.9855,
600267.SH,海正药业,2005-05-30,3.5235,3.5709,3.4158,3.5623,391158,0.3395,952704000,3715545600,19.0085,
600267.SH,海正药业,2005-05-31,3.5666,3.614,3.5235,3.5408,464907,0.4036,946944000,3693081600,18.8936,
600267.SH,海正药业,2005-06-01,3.502,3.5235,3.3857,3.4245,153999,0.1337,915840000,3571776000,18.273,
600267.SH,海正药业,2005-06-02,3.3125,3.4029,3.2694,3.3254,448256,0.3891,889344000,3468441600,17.7443,
600267.SH,海正药业,2005-06-03,3.2737,3.4374,3.2651,3.3986,178430,0.1549,908928000,3544819200,18.1351,
600267.SH,海正药业,2005-06-06,3.3383,3.5537,3.2306,3.4977,286527,0.2487,935424000,3648153600,18.6637,
600267.SH,海正药业,2005-06-07,3.446,3.6183,3.3598,3.4029,401139,0.3482,910080000,3549312000,18.1581,
600267.SH,海正药业,2005-06-08,3.3943,3.6571,3.3943,3.6183,2786375,2.4187,967680000,3773952000,19.3073,
600267.SH,海正药业,2005-06-09,3.6183,3.67,3.5408,3.5925,2157386,1.8727,960768000,3746995200,19.1694,
600267.SH,海正药业,2005-06-10,3.5752,3.5752,3.3814,3.4288,1059500,0.9197,916992000,3576268800,18.296,
600267.SH,海正药业,2005-06-13,3.3598,3.5149,3.3598,3.4675,239396,0.2078,927360000,3616704000,18.5028,
600267.SH,海正药业,2005-06-14,3.4805,3.5278,3.4632,3.5235,366546,0.3182,942336000,3675110400,18.8016,
600267.SH,海正药业,2005-06-15,3.5235,3.5278,3.39,3.4848,509841,0.4426,931968000,3634675200,18.5948,
600267.SH,海正药业,2005-06-16,3.4848,3.5321,3.446,3.5278,368900,0.3202,943488000,3679603200,18.8246,
600267.SH,海正药业,2005-06-17,3.5498,3.6726,3.4884,3.6507,346483,0.3008,958464000,3738009600,19.1234,
600267.SH,海正药业,2005-06-20,3.6639,3.8613,3.5322,3.8482,885918,0.769,1010304000,3940185600,20.1577,
600267.SH,海正药业,2005-06-21,3.7999,3.8174,3.7472,3.7955,626490,0.5438,996480000,3886272000,19.8819,
600267.SH,海正药业,2005-06-22,3.7736,3.8613,3.7736,3.8174,448900,0.3897,1002240000,3908736000,19.9968,
600267.SH,海正药业,2005-06-23,3.8174,3.8525,3.7867,3.8087,134678,0.1169,999936000,3899750400,19.9509,
600267.SH,海正药业,2005-06-24,3.8174,3.9052,3.8087,3.8745,357105,0.31,1017216000,3967142400,20.2956,
600267.SH,海正药业,2005-06-27,3.9052,3.9535,3.9052,3.914,463560,0.4024,1027584000,4007577600,20.5025,
600267.SH,海正药业,2005-06-28,3.8964,3.8964,3.8174,3.8174,120270,0.1044,1002240000,3908736000,19.9968,
600267.SH,海正药业,2005-06-29,3.8087,3.8613,3.7955,3.8613,64820,0.0563,1013760000,3953664000,20.2267,
600267.SH,海正药业,2005-06-30,3.8394,3.8876,3.7297,3.8525,654890,0.5685,1011456000,3944678400,20.1807,
600267.SH,海正药业,2005-07-01,3.8174,3.8833,3.7736,3.8613,633166,0.5496,1013760000,3953664000,20.2267,
600267.SH,海正药业,2005-07-04,3.8613,3.8613,3.7385,3.8174,427167,0.3708,1002240000,3908736000,19.9968,
600267.SH,海正药业,2005-07-05,3.8174,3.8438,3.7692,3.835,534300,0.4638,1006848000,3926707200,20.0888,
600267.SH,海正药业,2005-07-06,3.7472,3.8174,3.7472,3.7867,424845,0.3688,994176000,3877286400,19.8359,
600267.SH,海正药业,2005-07-07,3.7341,3.8174,3.6946,3.7911,244775,0.2125,995328000,3881779200,19.8589,
600267.SH,海正药业,2005-07-08,3.7911,3.8174,3.5147,3.5542,426400,0.3701,933120000,3639168000,18.6177,
600267.SH,海正药业,2005-07-11,3.5761,3.8174,3.5322,3.5498,2282625,1.9814,931968000,3634675200,18.5948,
600267.SH,海正药业,2005-07-12,3.598,3.62,3.383,3.598,1565202,1.3587,944640000,3684096000,18.8476,
600267.SH,海正药业,2005-07-13,3.5629,3.5761,3.4006,3.5015,645398,0.5602,919296000,3585254400,18.3419,
600267.SH,海正药业,2005-07-14,3.4225,3.5454,3.3348,3.3787,1300600,1.129,887040000,3459456000,17.6984,
600267.SH,海正药业,2005-07-15,3.3787,3.3787,3.2031,3.2075,1146336,0.9951,842112000,3284236800,16.8019,
600267.SH,海正药业,2005-07-18,3.1373,3.2031,3.0759,3.1373,623194,0.541,823680000,3212352000,16.4342,
600267.SH,海正药业,2005-07-19,3.0934,3.2251,3.0715,3.2075,197655,0.1716,842112000,3284236800,16.8019,
600267.SH,海正药业,2005-07-20,3.2339,3.2865,3.1856,3.2207,190083,0.165,845568000,3297715200,16.8709,
600267.SH,海正药业,2005-07-21,3.2075,3.2075,3.1022,3.1944,96900,0.0841,838656000,3270758400,16.733,
600267.SH,海正药业,2005-07-22,3.1417,3.2382,3.1373,3.2031,833638,0.7236,840960000,3279744000,16.779,
600267.SH,海正药业,2005-07-25,3.168,3.2295,3.1636,3.1988,53680,0.0466,839808000,3275251200,16.756,
600267.SH,海正药业,2005-07-26,3.19,3.2821,3.19,3.2646,553578,0.4805,857088000,3342643200,17.1007,
600267.SH,海正药业,2005-07-27,3.2646,3.3523,3.247,3.3348,203932,0.177,875520000,3414528000,17.4685,
600267.SH,海正药业,2005-07-28,3.3348,3.3787,3.326,3.3479,197892,0.1718,878976000,3428006400,17.5375,
600267.SH,海正药业,2005-07-29,3.3348,3.3523,3.3128,3.3348,223800,0.1943,875520000,3414528000,17.4685,
600267.SH,海正药业,2005-08-01,3.3348,3.3655,3.3172,3.3348,588300,0.5107,875520000,3414528000,17.4685,
600267.SH,海正药业,2005-08-02,3.3348,3.3436,3.2075,3.2865,718200,0.6234,862848000,3365107200,17.2157,
600267.SH,海正药业,2005-08-03,3.2909,3.3655,3.2909,3.3567,1375291,1.1938,881280000,3436992000,17.5834,
600267.SH,海正药业,2005-08-04,3.3567,3.4225,3.2602,3.2865,720276,0.6252,862848000,3365107200,21.3619,
600267.SH,海正药业,2005-08-05,3.2865,3.3567,3.2865,3.3348,919296,0.798,875520000,3414528000,21.6756,
600267.SH,海正药业,2005-08-08,3.3436,3.4576,3.3436,3.4313,1413770,1.2272,900864000,3513369600,22.3031,
600267.SH,海正药业,2005-08-09,3.4664,3.4796,3.383,3.4006,1013869,0.8801,892800000,3481920000,22.1034,
600267.SH,海正药业,2005-08-10,3.4006,3.4445,3.3699,3.4357,1882654,1.6342,902016000,3517862400,22.3316,
600267.SH,海正药业,2005-08-11,3.5322,3.6858,3.5191,3.6244,4895359,4.2494,951552000,3711052800,23.558,
600267.SH,海正药业,2005-08-12,3.7209,3.7648,3.5805,3.5893,3225539,2.7999,942336000,3675110400,23.3298,
600267.SH,海正药业,2005-08-15,3.5893,3.7692,3.5673,3.7472,2873711,2.4945,983808000,3836851200,24.3566,
600267.SH,海正药业,2005-08-16,3.7604,3.7692,3.6551,3.7472,2028009,1.7604,983808000,3836851200,24.3566,
600267.SH,海正药业,2005-08-17,3.7297,3.7297,3.598,3.6946,1250118,1.0852,969984000,3782937600,24.0143,
600267.SH,海正药业,2005-08-18,3.6639,3.6858,3.6112,3.6419,1828025,1.5868,956160000,3729024000,23.6721,
600267.SH,海正药业,2005-08-19,3.598,3.6858,3.5761,3.6419,1337262,1.1608,956160000,3729024000,23.6721,
600267.SH,海正药业,2005-08-22,3.5893,3.6331,3.5717,3.5937,1758914,1.5268,943488000,3679603200,23.3584,
600267.SH,海正药业,2005-08-23,3.62,3.6595,3.5278,3.5673,1159812,1.0068,936576000,3652646400,23.1872,
600267.SH,海正药业,2005-08-24,3.5717,3.7253,3.5717,3.6331,1210750,1.051,953856000,3720038400,23.615,
600267.SH,海正药业,2005-08-25,3.598,3.7034,3.5849,3.699,1071794,0.9304,971136000,3787430400,24.0428,
600267.SH,海正药业,2005-08-26,3.699,3.8306,3.699,3.7823,1845783,1.6022,993024000,3872793600,24.5847,
600267.SH,海正药业,2005-08-29,3.8174,3.8218,3.62,3.6507,1094563,0.9501,958464000,3738009600,23.7291,
600267.SH,海正药业,2005-08-30,3.6507,3.6726,3.6024,3.6463,519059,0.4506,957312000,3733516800,23.7006,
600267.SH,海正药业,2005-08-31,3.6726,3.7428,3.6244,3.7165,405122,0.3517,975744000,3805401600,24.1569,
600267.SH,海正药业,2005-09-01,3.7165,3.8306,3.7165,3.7911,947951,0.8229,995328000,3881779200,24.6418,
600267.SH,海正药业,2005-09-02,3.8087,3.8833,3.7736,3.8789,1017489,0.8832,1018368000,3971635200,25.2122,
600267.SH,海正药业,2005-09-05,3.8964,3.9842,3.8701,3.971,1047228,0.9091,1042560000,4065984000,25.8111,
600267.SH,海正药业,2005-09-06,3.9842,4.0193,3.8438,3.8789,1671579,1.451,1018368000,3971635200,25.2122,
600267.SH,海正药业,2005-09-07,3.8613,4.0105,3.8613,4.0105,797488,0.6923,1052928000,4106419200,26.0678,
600267.SH,海正药业,2005-09-08,4.0281,4.05,3.914,4.0149,1030171,0.8942,1054080000,4110912000,26.0963,
600267.SH,海正药业,2005-09-09,3.993,4.0324,3.9184,3.9491,2531038,2.1971,1036800000,4043520000,25.6685,
600267.SH,海正药业,2005-09-12,3.8745,4.0281,3.8745,4.0105,1783309,1.548,1052928000,4106419200,26.0678,
600267.SH,海正药业,2005-09-13,3.9491,4.0412,3.9491,4.0281,1310563,1.1376,1057536000,4124390400,26.1819,
600267.SH,海正药业,2005-09-14,4.0324,4.0807,3.9622,4.0368,1165037,1.0113,1059840000,4133376000,26.2389,
600267.SH,海正药业,2005-09-15,4.0149,4.0588,4.0105,4.0456,509244,0.4421,1062144000,4142361600,26.296,
600267.SH,海正药业,2005-09-16,4.0456,4.0719,3.9973,4.0719,288800,0.2507,1069056000,4169318400,26.4671,
600267.SH,海正药业,2005-09-19,4.0939,4.1553,4.0368,4.0939,315540,0.2739,1074816000,4191782400,26.6097,
600267.SH,海正药业,2005-09-20,4.0939,4.2123,3.993,4.0412,1307816,1.1353,1060992000,4137868800,26.2675,
600267.SH,海正药业,2005-09-21,3.9271,4.0368,3.914,3.9491,948300,0.8232,1036800000,4043520000,25.6685,
600267.SH,海正药业,2005-09-22,3.9491,4.0281,3.8218,3.9096,1018440,0.8841,1026432000,4003084800,25.4118,
600267.SH,海正药业,2005-09-23,3.9491,3.9491,3.8657,3.914,114906,0.0997,1027584000,4007577600,25.4404,
600267.SH,海正药业,2005-09-26,3.9271,3.9842,3.6551,3.7692,1116800,0.9694,989568000,3859315200,24.4992,
600267.SH,海正药业,2005-09-27,3.8218,3.8218,3.6858,3.7209,528170,0.4585,976896000,3809894400,24.1854,
600267.SH,海正药业,2005-09-28,3.7209,3.8043,3.699,3.7077,454800,0.3948,973440000,3796416000,24.0999,
600267.SH,海正药业,2005-09-29,3.7648,3.7648,3.6858,3.7297,596648,0.5179,979200000,3818880000,24.2425,
600267.SH,海正药业,2005-09-30,3.7736,3.8174,3.7077,3.7297,733600,0.6368,979200000,3818880000,24.2425,
600267.SH,海正药业,2005-10-10,3.5191,3.7516,3.5191,3.6726,158872,0.1379,964224000,3760473600,23.8717,
600267.SH,海正药业,2005-10-11,3.6726,3.7121,3.5586,3.6375,261170,0.2267,955008000,3724531200,23.6436,
600267.SH,海正药业,2005-10-12,3.5893,3.6068,3.5366,3.5498,581335,0.5046,931968000,3634675200,23.0731,
600267.SH,海正药业,2005-10-13,3.5849,3.7121,3.5454,3.5542,271290,0.2355,933120000,3639168000,23.1017,
600267.SH,海正药业,2005-10-14,3.598,3.598,3.4971,3.5103,225500,0.1957,921600000,3594240000,22.8165,
600267.SH,海正药业,2005-10-17,3.4884,3.5542,3.3699,3.4094,326400,0.2833,895104000,3490905600,22.1605,
600267.SH,海正药业,2005-10-18,3.4664,3.4927,3.3392,3.4576,391342,0.3397,907776000,3540326400,22.4742,
600267.SH,海正药业,2005-10-19,3.484,3.484,3.3918,3.4313,312975,0.2717,900864000,3513369600,22.3031,
600267.SH,海正药业,2005-10-20,3.383,3.4401,3.3655,3.3743,321600,0.2792,885888000,3454963200,21.9323,
600267.SH,海正药业,2005-10-21,3.405,3.5059,3.3567,3.4094,395297,0.3431,895104000,3490905600,22.1605,
600267.SH,海正药业,2005-10-24,3.4313,3.4708,3.4094,3.4225,284196,0.2467,898560000,3504384000,22.246,
600267.SH,海正药业,2005-10-25,3.4532,3.62,3.4225,3.598,2932472,2.5455,944640000,3684096000,27.7105,
600267.SH,海正药业,2005-10-26,3.5937,3.6814,3.5542,3.598,1656632,1.438,944640000,3684096000,27.7105,
600267.SH,海正药业,2005-10-27,3.6068,3.62,3.5191,3.5278,783179,0.6798,926208000,3612211200,27.1698,
600267.SH,海正药业,2005-10-28,3.5322,3.5893,3.3743,3.4796,1196650,1.0388,913536000,3562790400,26.7981,
600267.SH,海正药业,2005-10-31,3.4313,3.4971,3.3787,3.4094,612386,0.5316,895104000,3490905600,26.2574,
600267.SH,海正药业,2005-11-01,3.4094,3.4094,3.2602,3.3172,876222,0.7606,870912000,3396556800,25.5478,
600267.SH,海正药业,2005-11-02,3.3128,3.3787,3.247,3.3787,439111,0.3812,887040000,3459456000,26.0209,
600267.SH,海正药业,2005-11-03,3.3787,3.4006,3.2953,3.3611,163200,0.1417,882432000,3441484800,25.8857,
600267.SH,海正药业,2005-11-04,3.3348,3.3743,3.3041,3.3655,200595,0.1741,883584000,3445977600,25.9195,
600267.SH,海正药业,2005-11-07,3.3655,3.4138,3.3172,3.3787,336916,0.2925,887040000,3459456000,26.0209,
600267.SH,海正药业,2005-11-08,3.4225,3.4445,3.3392,3.4357,523213,0.4542,902016000,3517862400,26.4602,
600267.SH,海正药业,2005-11-09,3.4489,3.4489,3.4094,3.4138,238400,0.2069,896256000,3495398400,26.2912,
600267.SH,海正药业,2005-11-10,3.4006,3.4313,3.3567,3.3918,397100,0.3447,890496000,3472934400,26.1222,
600267.SH,海正药业,2005-11-11,3.3611,3.4006,3.3611,3.4006,87988,0.0764,892800000,3481920000,26.1898,
600267.SH,海正药业,2005-11-14,3.3348,3.3874,3.3348,3.3787,71035,0.0617,887040000,3459456000,26.0209,
600267.SH,海正药业,2005-11-15,3.3567,3.3874,3.2602,3.3436,295343,0.2564,877824000,3423513600,25.7505,
600267.SH,海正药业,2005-11-16,3.3348,3.3874,3.2909,3.3787,118965,0.1033,887040000,3459456000,26.0209,
600267.SH,海正药业,2005-11-17,3.3918,3.3962,3.3348,3.3787,340273,0.2954,887040000,3459456000,26.0209,
600267.SH,海正药业,2005-11-18,3.3567,3.4445,3.3479,3.4225,910189,0.7901,898560000,3504384000,26.3588,
600267.SH,海正药业,2005-11-21,3.4006,3.4357,3.3787,3.4006,263500,0.2287,892800000,3481920000,26.1898,
600267.SH,海正药业,2005-11-22,3.3787,3.3787,3.3128,3.3304,342708,0.2975,874368000,3410035200,25.6491,
600267.SH,海正药业,2005-11-23,3.3348,3.3611,3.2909,3.3348,329960,0.2864,875520000,3414528000,25.6829,
600267.SH,海正药业,2005-11-24,3.3348,3.3348,3.2733,3.3128,416622,0.3617,869760000,3392064000,25.514,
600267.SH,海正药业,2005-11-25,3.2777,3.2777,3.1724,3.1812,502542,0.4362,835200000,3257280000,24.5002,
600267.SH,海正药业,2005-11-28,3.1812,3.1988,2.9574,2.9925,3176621,2.7575,785664000,3064089600,23.0471,
600267.SH,海正药业,2005-11-29,2.9837,3.0057,2.8038,2.8082,4436983,3.8515,737280000,2875392000,21.6277,
600267.SH,海正药业,2005-11-30,2.8126,2.8302,2.7556,2.8258,2947557,2.5586,741888000,2893363200,21.7629,
600267.SH,海正药业,2005-12-01,2.817,2.8565,2.7907,2.8477,1749387,1.5186,747648000,2915827200,21.9319,
600267.SH,海正药业,2005-12-02,2.8477,2.8477,2.7951,2.8082,2327205,2.0201,737280000,2875392000,21.6277,
600267.SH,海正药业,2005-12-05,2.8082,2.8258,2.6985,2.7117,1350704,1.1725,711936000,2776550400,20.8843,
600267.SH,海正药业,2005-12-06,2.7117,2.7468,2.6985,2.7424,1228280,1.0662,720000000,2808000000,21.1208,
600267.SH,海正药业,2005-12-07,2.7424,2.7556,2.6547,2.681,1835247,1.5931,703872000,2745100800,20.6477,
600267.SH,海正药业,2005-12-08,2.6985,2.7029,2.6196,2.6547,1156411,1.0038,696960000,2718144000,20.445,
600267.SH,海正药业,2005-12-09,2.6459,2.7161,2.6239,2.7073,2198989,1.9088,710784000,2772057600,20.8505,
600267.SH,海正药业,2005-12-12,2.7029,2.7644,2.7029,2.7556,1719092,1.4923,723456000,2821478400,21.2222,
600267.SH,海正药业,2005-12-13,2.7644,2.7687,2.7073,2.7556,1843980,1.6007,723456000,2821478400,21.2222,
600267.SH,海正药业,2005-12-14,2.7556,2.9837,2.7556,2.9837,9688714,8.4103,783360000,3055104000,22.9795,
600267.SH,海正药业,2005-12-15,2.9574,2.975,2.8653,2.896,3894098,3.3803,760320000,2965248000,22.3036,
600267.SH,海正药业,2005-12-16,2.8872,2.953,2.8697,2.9223,3781125,3.2822,767232000,2992204800,22.5064,
600267.SH,海正药业,2005-12-19,2.9223,2.9223,2.9223,2.9223,--,--,767232000,2992204800,22.5064,
600267.SH,海正药业,2005-12-20,2.9223,2.9223,2.9223,2.9223,--,--,767232000,2992204800,22.5064,
600267.SH,海正药业,2005-12-21,2.9223,2.9223,2.9223,2.9223,--,--,767232000,2992204800,22.5064,
600267.SH,海正药业,2005-12-22,2.9223,2.9223,2.9223,2.9223,--,--,767232000,2992204800,22.5064,
600267.SH,海正药业,2005-12-23,2.9223,2.9223,2.9223,2.9223,--,--,767232000,2992204800,22.5064,
600267.SH,海正药业,2005-12-26,2.9223,2.9223,2.9223,2.9223,--,--,767232000,2992204800,22.5064,
600267.SH,海正药业,2005-12-27,2.9223,2.9223,2.9223,2.9223,--,--,767232000,2992204800,22.5064,
600267.SH,海正药业,2005-12-28,2.9223,2.9223,2.9223,2.9223,--,--,767232000,2992204800,22.5064,
600267.SH,海正药业,2005-12-29,3.1593,3.1636,2.9706,3.1242,11309037,9.8169,820224000,3198873600,24.0609,
600267.SH,海正药业,2005-12-30,3.1154,3.247,3.0759,3.111,6449404,5.5984,816768000,3185395200,23.9595,
600267.SH,海正药业,2006-01-04,3.1285,3.1944,3.0934,3.1549,2258242,1.9603,828288000,3230323200,24.2974,
600267.SH,海正药业,2006-01-05,3.1549,3.2251,3.1154,3.2031,4177913,3.6267,840960000,3279744000,24.6691,
600267.SH,海正药业,2006-01-06,3.2339,3.2909,3.2031,3.2909,2714738,2.3565,864000000,3369600000,25.345,
600267.SH,海正药业,2006-01-09,3.3304,3.4313,3.3084,3.4225,4684724,4.0666,898560000,3504384000,26.3588,
600267.SH,海正药业,2006-01-10,3.4532,3.4532,3.3436,3.3787,2944563,2.556,887040000,3459456000,26.0209,
600267.SH,海正药业,2006-01-11,3.3787,3.3787,3.3787,3.3787,--,--,887040000,3459456000,26.0209,
600267.SH,海正药业,2006-01-12,3.3787,3.3787,3.3787,3.3787,--,--,887040000,3459456000,26.0209,
600267.SH,海正药业,2006-01-13,3.3787,3.3787,3.3787,3.3787,--,--,887040000,3459456000,26.0209,
600267.SH,海正药业,2006-01-16,3.3787,3.3787,3.3787,3.3787,--,--,887040000,3459456000,26.0209,
600267.SH,海正药业,2006-01-17,3.3787,3.3787,3.3787,3.3787,--,--,887040000,3459456000,26.0209,
600267.SH,海正药业,2006-01-18,3.3787,3.3787,3.3787,3.3787,--,--,887040000,3459456000,26.0209,
600267.SH,海正药业,2006-01-19,3.3787,3.3787,3.3787,3.3787,--,--,887040000,3459456000,26.0209,
600267.SH,海正药业,2006-01-20,3.3787,3.3787,3.3787,3.3787,--,--,887040000,3459456000,26.0209,
600267.SH,海正药业,2006-01-23,3.3787,3.3787,3.3787,3.3787,--,--,887040000,3459456000,26.0209,
600267.SH,海正药业,2006-01-24,3.3787,3.3787,3.3787,3.3787,--,--,887040000,3459456000,26.0209,
600267.SH,海正药业,2006-01-25,3.3787,3.3787,3.3787,3.3787,--,--,887040000,3459456000,26.0209,
600267.SH,海正药业,2006-02-06,3.3787,3.3787,3.3787,3.3787,--,--,887040000,3459456000,26.0209,
600267.SH,海正药业,2006-02-07,3.3787,3.3787,3.3787,3.3787,--,--,887040000,3459456000,26.0209,
600267.SH,海正药业,2006-02-08,3.3787,3.3787,3.3787,3.3787,--,--,887040000,3459456000,26.0209,
600267.SH,海正药业,2006-02-09,3.3787,3.3787,3.3787,3.3787,--,--,887040000,3459456000,26.0209,
600267.SH,海正药业,2006-02-10,3.3787,3.3787,3.3787,3.3787,--,--,887040000,3459456000,26.0209,
600267.SH,海正药业,2006-02-13,3.3787,3.3787,3.3787,3.3787,--,--,887040000,3459456000,26.0209,
600267.SH,海正药业,2006-02-14,3.3787,3.3787,3.3787,3.3787,--,--,887040000,3459456000,26.0209,
600267.SH,海正药业,2006-02-15,3.3787,3.3787,3.3787,3.3787,--,--,887040000,3459456000,26.0209,
600267.SH,海正药业,2006-02-16,3.5006,3.5006,3.1902,3.2017,13312603,8.8214,840579840,2502489600,18.8229,
600267.SH,海正药业,2006-02-17,3.173,3.2074,2.9833,3.0407,6788240,4.4981,798324480,2376691200,17.8767,
600267.SH,海正药业,2006-02-20,3.0005,3.0465,2.8913,2.966,6702630,4.4414,778705920,2318284800,17.4374,
600267.SH,海正药业,2006-02-21,2.9488,3.012,2.92,2.989,2511268,1.6641,784742400,2336256000,17.5725,
600267.SH,海正药业,2006-02-22,3.0063,3.0465,2.9718,3.0005,2684941,1.7791,787760640,2345241600,17.6401,
600267.SH,海正药业,2006-02-23,3.0005,3.0063,2.9028,2.9545,1994878,1.3219,775687680,2309299200,17.3698,
600267.SH,海正药业,2006-02-24,3.0235,3.2477,2.989,3.2247,18500963,12.2594,846616320,2520460800,18.9581,
600267.SH,海正药业,2006-02-27,3.2247,3.2247,3.0867,3.1327,9771671,6.4751,822470400,2448576000,18.4174,
600267.SH,海正药业,2006-02-28,3.1155,3.1212,3.0178,3.0982,4575349,3.0318,813415680,2421619200,18.2146,
600267.SH,海正药业,2006-03-01,3.127,3.3224,3.081,3.2764,12036478,7.9758,860198400,2560896000,19.2622,
600267.SH,海正药业,2006-03-02,3.2764,3.3856,3.2017,3.2419,8661783,5.7396,851143680,2533939200,19.0594,
600267.SH,海正药业,2006-03-03,3.2419,3.3052,3.2189,3.2592,4324744,2.8657,855671040,2547417600,19.1608,
600267.SH,海正药业,2006-03-06,3.2592,3.3052,3.1615,3.1787,3036353,2.012,834543360,2484518400,18.6877,
600267.SH,海正药业,2006-03-07,3.1787,3.2074,3.0465,3.058,3929486,2.6038,802851840,2390169600,17.9781,
600267.SH,海正药业,2006-03-08,3.0407,3.0925,2.989,3.0522,1527692,1.0123,801342720,2385676800,17.9443,
600267.SH,海正药业,2006-03-09,3.0235,3.0867,3.0005,3.0407,1664311,1.1028,798324480,2376691200,17.8767,
600267.SH,海正药业,2006-03-10,3.0465,3.0925,3.0063,3.058,1884706,1.2489,802851840,2390169600,17.9781,
600267.SH,海正药业,2006-03-13,3.0637,3.0752,3.012,3.0637,2622876,1.738,804360960,2394662400,18.0118,
600267.SH,海正药业,2006-03-14,3.127,3.127,3.0235,3.0637,2746454,1.8199,804360960,2394662400,18.0118,
600267.SH,海正药业,2006-03-15,3.0925,3.0982,3.035,3.0867,2137653,1.4165,810397440,2412633600,18.147,
600267.SH,海正药业,2006-03-16,3.081,3.0982,3.0407,3.058,2447503,1.6218,802851840,2390169600,17.9781,
600267.SH,海正药业,2006-03-17,3.058,3.0637,2.989,3.0407,2403100,1.5924,798324480,2376691200,17.8767,
600267.SH,海正药业,2006-03-20,3.0178,3.081,3.0063,3.081,1756131,1.1637,808888320,2408140800,18.1132,
600267.SH,海正药业,2006-03-21,3.081,3.2189,3.058,3.1557,3446592,2.2838,828506880,2466547200,21.286,
600267.SH,海正药业,2006-03-22,3.127,3.1902,3.0925,3.15,1917752,1.2708,826997760,2462054400,21.2472,
600267.SH,海正药业,2006-03-23,3.1442,3.3224,3.127,3.2247,5990105,3.9693,846616320,2520460800,21.7512,
600267.SH,海正药业,2006-03-24,3.2362,3.2534,3.1327,3.15,4324710,2.8657,826997760,2462054400,21.2472,
600267.SH,海正药业,2006-03-27,3.1327,3.2247,3.1155,3.2189,2552817,1.6916,845107200,2515968000,21.7125,
600267.SH,海正药业,2006-03-28,3.2189,3.2937,3.1959,3.2649,4085167,2.707,857180160,2551910400,22.0226,
600267.SH,海正药业,2006-03-29,3.2649,3.2879,3.2132,3.2362,5635807,3.7345,849634560,2529446400,21.8288,
600267.SH,海正药业,2006-03-30,3.2477,3.3224,3.1902,3.2017,10184409,6.7486,840579840,2502489600,21.5961,
600267.SH,海正药业,2006-03-31,3.173,3.2017,3.0465,3.1442,4415404,2.9258,825488640,2457561600,21.2084,
600267.SH,海正药业,2006-04-03,3.1327,3.1902,3.081,3.1557,5383571,3.5674,828506880,2466547200,21.286,
600267.SH,海正药业,2006-04-04,3.1902,3.2477,3.15,3.2132,5614270,3.7202,843598080,2511475200,21.6737,
600267.SH,海正药业,2006-04-05,3.2132,3.3052,3.2074,3.3052,10923802,7.2385,867744000,2583360000,22.294,
600267.SH,海正药业,2006-04-06,3.3052,3.3224,3.2132,3.2304,9199637,6.096,848125440,2524953600,21.79,
600267.SH,海正药业,2006-04-07,3.2189,3.2764,3.1615,3.2707,9991032,6.6204,858689280,2556403200,22.0614,
600267.SH,海正药业,2006-04-10,3.2822,3.5983,3.2247,3.5121,26652946,17.6613,922072320,2745100800,23.6898,
600267.SH,海正药业,2006-04-11,3.4948,3.4948,3.3454,3.4086,13472230,8.9272,894908160,2664230400,22.9919,
600267.SH,海正药业,2006-04-12,3.4086,3.4948,3.3684,3.4374,7931592,5.2558,902453760,2686694400,23.1858,
600267.SH,海正药业,2006-04-13,3.4201,3.5006,3.2247,3.2477,8663270,5.7406,852652800,2538432000,21.9063,
600267.SH,海正药业,2006-04-14,3.2189,3.3281,3.1442,3.2822,7059675,4.678,861707520,2565388800,22.139,
600267.SH,海正药业,2006-04-17,3.2707,3.3569,3.2017,3.2707,6659319,4.4127,858689280,2556403200,22.0614,
600267.SH,海正药业,2006-04-18,3.2707,3.3339,3.2362,3.2534,4135585,2.7404,854161920,2542924800,21.9451,
600267.SH,海正药业,2006-04-19,3.2477,3.2879,3.1385,3.1672,6720542,4.4533,831525120,2475532800,21.3635,
600267.SH,海正药业,2006-04-20,3.1672,3.1902,3.0063,3.035,6762583,4.4811,796815360,2372198400,20.4717,
600267.SH,海正药业,2006-04-21,3.035,3.035,3.035,3.035,--,--,796815360,2372198400,20.4717,
600267.SH,海正药业,2006-04-24,3.0407,3.1902,2.9373,3.1097,6499408,4.3068,816433920,2430604800,20.9758,
600267.SH,海正药业,2006-04-25,3.0867,3.127,2.9603,2.9833,5197119,3.4438,783233280,2331763200,21.3564,
600267.SH,海正药业,2006-04-26,2.9833,3.0465,2.943,3.0063,7576908,5.0207,789269760,2349734400,21.521,
600267.SH,海正药业,2006-04-27,3.0005,3.104,2.9603,3.0925,6733736,4.462,811906560,2417126400,22.1383,
600267.SH,海正药业,2006-04-28,3.0465,3.127,2.989,3.1155,5816404,3.8542,817943040,2435097600,22.3029,
600267.SH,海正药业,2006-05-08,3.1155,3.2189,3.0695,3.2017,8524168,5.6484,840579840,2502489600,22.9201,
600267.SH,海正药业,2006-05-09,3.2189,3.4891,3.2189,3.3626,19591668,12.9822,882835200,2628288000,24.0723,
600267.SH,海正药业,2006-05-10,3.3684,3.4719,3.2822,3.3856,14335672,9.4994,888871680,2646259200,24.2369,
600267.SH,海正药业,2006-05-11,3.3856,3.5581,3.3281,3.3339,14453663,9.5775,875289600,2605824000,23.8665,
600267.SH,海正药业,2006-05-12,3.3224,3.4259,3.2534,3.4029,10206707,6.7634,893399040,2659737600,24.3603,
600267.SH,海正药业,2006-05-15,3.4833,3.6213,3.3741,3.5983,16986370,11.2558,944709120,2812492800,25.7594,
600267.SH,海正药业,2006-05-16,3.6041,3.6098,3.3396,3.3454,12926623,8.5657,878307840,2614809600,23.9488,
600267.SH,海正药业,2006-05-17,3.3626,3.6443,3.3052,3.6098,16411341,10.8748,947727360,2821478400,25.8417,
600267.SH,海正药业,2006-05-18,3.6098,3.8512,3.5178,3.7535,19251355,12.7567,985455360,2933798400,26.8704,
600267.SH,海正药业,2006-05-19,3.7822,3.8455,3.7018,3.8167,14055288,9.3136,1002055680,2983219200,27.3231,
600267.SH,海正药业,2006-05-22,3.8052,3.8397,3.7075,3.788,14264560,9.4522,994510080,2960755200,27.1173,
600267.SH,海正药业,2006-05-23,3.7995,3.9662,3.696,3.7075,21417726,14.1922,973382400,2897856000,26.5412,
600267.SH,海正药业,2006-05-24,3.6788,3.7765,3.3799,3.4776,12029479,7.9712,913017600,2718144000,24.8953,
600267.SH,海正药业,2006-05-25,3.4661,3.5581,3.4259,3.5351,5242160,3.4737,928108800,2763072000,25.3067,
600267.SH,海正药业,2006-05-26,3.5638,3.5753,3.4661,3.5121,6862946,4.5476,922072320,2745100800,25.1421,
600267.SH,海正药业,2006-05-29,3.5063,3.7075,3.5063,3.7075,8783354,5.8202,973382400,2897856000,26.5412,
600267.SH,海正药业,2006-05-30,3.765,3.788,3.6328,3.7133,8279046,5.486,974891520,2902348800,26.5824,
600267.SH,海正药业,2006-05-31,3.7075,3.7075,3.5236,3.5696,6393145,4.2363,937163520,2790028800,25.5536,
600267.SH,海正药业,2006-06-01,3.5696,3.7593,3.5523,3.7133,9349493,6.1953,974891520,2902348800,26.5824,
600267.SH,海正药业,2006-06-02,3.673,3.8972,3.6558,3.8167,19758539,13.0928,1002055680,2983219200,27.3231,
600267.SH,海正药业,2006-06-05,3.8972,4.0179,3.8455,3.9949,19634841,13.0108,1048838400,3122496000,28.5987,
600267.SH,海正药业,2006-06-06,4.0179,4.1041,3.8627,3.8972,12923365,8.5635,1023183360,3046118400,27.8991,
600267.SH,海正药业,2006-06-07,3.8972,3.9374,3.6271,3.6385,8780991,5.8186,955272960,2843942400,26.0474,
600267.SH,海正药业,2006-06-08,3.6213,3.7535,3.4776,3.7363,8090431,5.361,980928000,2920320000,26.747,
600267.SH,海正药业,2006-06-09,3.7822,3.9317,3.65,3.6673,10495908,6.955,962818560,2866406400,26.2532,
600267.SH,海正药业,2006-06-12,3.6498,3.7724,3.568,3.7023,3251082,2.1543,956782080,2848435200,26.0886,
600267.SH,海正药业,2006-06-13,3.7257,3.749,3.5914,3.6673,3304733,2.1898,947727360,2821478400,25.8417,
600267.SH,海正药业,2006-06-14,3.6614,3.6614,3.4629,3.4921,4990596,3.307,902453760,2686694400,24.6072,
600267.SH,海正药业,2006-06-15,3.5038,3.5797,3.4629,3.5505,3154839,2.0905,917544960,2731622400,25.0187,
600267.SH,海正药业,2006-06-16,3.5739,3.6322,3.533,3.6322,3907960,2.5896,938672640,2794521600,25.5948,
600267.SH,海正药业,2006-06-19,3.5914,3.6906,3.5622,3.6848,4331603,2.8703,952254720,2834956800,25.9651,
600267.SH,海正药业,2006-06-20,3.6906,3.7315,3.6322,3.6731,4291369,2.8436,949236480,2825971200,25.8828,
600267.SH,海正药业,2006-06-21,3.6731,3.6731,3.5505,3.5797,5199686,3.4455,925090560,2754086400,25.2244,
600267.SH,海正药业,2006-06-22,3.5622,3.6965,3.5563,3.6498,6397434,4.2392,943200000,2808000000,25.7182,
600267.SH,海正药业,2006-06-23,3.6498,3.749,3.5914,3.7432,6916881,4.5834,967345920,2879884800,26.3766,
600267.SH,海正药业,2006-06-26,3.7374,3.8542,3.7082,3.7841,6669849,4.4197,977909760,2911334400,26.6647,
600267.SH,海正药业,2006-06-27,3.7899,3.8133,3.6673,3.7082,5156201,3.4167,958291200,2852928000,26.1297,
600267.SH,海正药业,2006-06-28,3.7257,3.8658,3.6906,3.8308,5724979,3.7936,989982720,2947276800,26.9939,
600267.SH,海正药业,2006-06-29,3.8366,3.8717,3.8016,3.86,7918194,5.2469,997528320,2969740800,27.1996,
600267.SH,海正药业,2006-06-30,3.86,3.8834,3.7374,3.7841,6760396,4.4797,977909760,2911334400,26.6647,
600267.SH,海正药业,2006-07-03,3.7899,3.8366,3.7432,3.8191,6181173,4.0959,986964480,2938291200,26.9116,
600267.SH,海正药业,2006-07-04,3.825,3.8308,3.6498,3.6965,6621347,4.3876,955272960,2843942400,26.0474,
600267.SH,海正药业,2006-07-05,3.679,3.6906,3.5972,3.6264,4861258,3.2213,937163520,2790028800,25.5536,
600267.SH,海正药业,2006-07-06,3.5914,3.7315,3.5914,3.7257,4547379,3.0133,962818560,2866406400,26.2532,
600267.SH,海正药业,2006-07-07,3.7315,4.0177,3.7023,3.9885,23573977,15.621,1030728960,3068582400,28.1049,
600267.SH,海正药业,2006-07-10,4.0001,4.006,3.8542,3.9534,10347307,6.8565,1021674240,3041625600,27.858,
600267.SH,海正药业,2006-07-11,3.9417,4.0352,3.8892,4.0235,9799343,6.4934,1039783680,3095539200,28.3518,
600267.SH,海正药业,2006-07-12,4.0527,4.0994,3.9359,3.9417,7928866,5.254,1018656000,3032640000,27.7757,
600267.SH,海正药业,2006-07-13,3.9009,3.9301,3.5797,3.5972,11802206,7.8206,929617920,2767564800,25.3479,
600267.SH,海正药业,2006-07-14,3.5739,3.6556,3.5388,3.6206,5135039,3.4027,935654400,2785536000,25.5125,
600267.SH,海正药业,2006-07-17,3.5972,3.6965,3.5972,3.6556,2797504,1.8537,944709120,2812492800,25.7594,
600267.SH,海正药业,2006-07-18,3.6673,3.6731,3.6089,3.6498,2692403,1.7841,943200000,2808000000,25.7182,
600267.SH,海正药业,2006-07-19,3.6322,3.6556,3.4921,3.533,4134573,2.7397,913017600,2718144000,24.8953,
600267.SH,海正药业,2006-07-20,3.5271,3.5914,3.4979,3.5855,2718568,1.8014,926599680,2758579200,25.2656,
600267.SH,海正药业,2006-07-21,3.6089,3.6439,3.5914,3.6147,2538968,1.6824,934145280,2781043200,25.4713,
600267.SH,海正药业,2006-07-24,3.5914,3.5914,3.5038,3.5797,2762587,1.8306,925090560,2754086400,25.2244,
600267.SH,海正药业,2006-07-25,3.6031,3.6731,3.5914,3.6322,3015773,1.9984,938672640,2794521600,25.5948,
600267.SH,海正药业,2006-07-26,3.6322,3.6965,3.5914,3.6498,3975283,2.6342,943200000,2808000000,25.7182,
600267.SH,海正药业,2006-07-27,3.6673,3.7198,3.5797,3.6147,3625935,2.4027,934145280,2781043200,25.4713,
600267.SH,海正药业,2006-07-28,3.6848,3.9768,3.6848,3.7899,15975468,10.5859,979418880,2915827200,26.7058,
600267.SH,海正药业,2006-07-31,3.7374,3.7549,3.533,3.5505,6376940,4.2256,917544960,2731622400,25.0187,
600267.SH,海正药业,2006-08-01,3.5038,3.5914,3.4921,3.5096,3613429,2.3944,906981120,2700172800,24.7307,
600267.SH,海正药业,2006-08-02,3.5155,3.568,3.4863,3.5622,2033765,1.3476,920563200,2740608000,25.101,
600267.SH,海正药业,2006-08-03,3.5622,3.5797,3.3753,3.4162,3103715,2.0566,882835200,2628288000,24.0723,
600267.SH,海正药业,2006-08-04,3.4162,3.4512,3.1768,3.206,4063403,2.6926,828506880,2466547200,22.5909,
600267.SH,海正药业,2006-08-07,3.2001,3.2352,3.1534,3.1592,1962667,1.3005,816433920,2430604800,22.2617,
600267.SH,海正药业,2006-08-08,3.206,3.2702,3.1592,3.2468,2062169,1.3665,839070720,2497996800,22.8789,
600267.SH,海正药业,2006-08-09,3.2527,3.2644,3.1943,3.241,1561517,1.0347,837561600,2493504000,22.8378,
600267.SH,海正药业,2006-08-10,3.241,3.3052,3.2118,3.2877,2011276,1.3327,849634560,2529446400,23.167,
600267.SH,海正药业,2006-08-11,3.2877,3.2877,3.2877,3.2877,--,--,849634560,2529446400,23.167,
600267.SH,海正药业,2006-08-14,3.2702,3.3111,3.1008,3.1242,2435283,1.6137,807379200,2403648000,22.0148,
600267.SH,海正药业,2006-08-15,3.1125,3.1826,2.9899,3.1651,5698513,3.7761,817943040,2435097600,28.6479,
600267.SH,海正药业,2006-08-16,3.1184,3.1359,3.06,3.1184,3936171,2.6083,805870080,2399155200,28.2251,
600267.SH,海正药业,2006-08-17,3.0833,3.1768,3.0658,3.1476,3337554,2.2116,813415680,2421619200,28.4893,
600267.SH,海正药业,2006-08-18,3.13,3.1651,3.095,3.1476,2359600,1.5636,813415680,2421619200,28.4893,
600267.SH,海正药业,2006-08-21,3.0308,3.1184,2.9957,3.1008,2631262,1.7436,801342720,2385676800,28.0665,
600267.SH,海正药业,2006-08-22,3.1067,3.13,3.0366,3.1242,1790417,1.1864,807379200,2403648000,28.2779,
600267.SH,海正药业,2006-08-23,3.1242,3.1592,3.0833,3.0892,1836001,1.2166,798324480,2376691200,27.9608,
600267.SH,海正药业,2006-08-24,3.0833,3.1067,3.0308,3.095,2379248,1.5766,799833600,2381184000,28.0136,
600267.SH,海正药业,2006-08-25,3.1067,3.1184,3.0716,3.1008,2170072,1.438,801342720,2385676800,28.0665,
600267.SH,海正药业,2006-08-28,3.095,3.2001,3.095,3.1943,3835887,2.5418,825488640,2457561600,28.9122,
600267.SH,海正药业,2006-08-29,3.2293,3.2293,3.1534,3.1709,4147821,2.7485,819452160,2439590400,28.7008,
600267.SH,海正药业,2006-08-30,3.1534,3.2001,3.1534,3.1826,2019034,1.3379,822470400,2448576000,28.8065,
600267.SH,海正药业,2006-08-31,3.1884,3.1884,3.13,3.1651,2663972,1.7652,817943040,2435097600,28.6479,
600267.SH,海正药业,2006-09-01,3.1884,3.1884,3.0483,3.0775,2654730,1.7591,795306240,2367705600,27.8551,
600267.SH,海正药业,2006-09-04,3.0658,3.1184,3.0483,3.0892,2468481,1.6357,798324480,2376691200,27.9608,
600267.SH,海正药业,2006-09-05,3.1184,3.1242,3.0658,3.095,2192685,1.453,799833600,2381184000,28.0136,
600267.SH,海正药业,2006-09-06,3.1008,3.1826,3.0833,3.1709,3504747,2.3224,819452160,2439590400,28.7008,
600267.SH,海正药业,2006-09-07,3.1709,3.1709,3.0658,3.095,2304949,1.5273,799833600,2381184000,28.0136,
600267.SH,海正药业,2006-09-08,3.095,3.13,3.0833,3.095,1057633,0.7008,799833600,2381184000,28.0136,
600267.SH,海正药业,2006-09-11,3.095,3.095,3.0308,3.0541,2281068,1.5115,789269760,2349734400,27.6436,
600267.SH,海正药业,2006-09-12,3.06,3.1184,3.0424,3.1067,2526218,1.674,802851840,2390169600,28.1193,
600267.SH,海正药业,2006-09-13,3.1067,3.1359,3.0716,3.0833,1876123,1.2432,796815360,2372198400,27.9079,
600267.SH,海正药业,2006-09-14,3.0775,3.1709,3.0541,3.1534,3871602,2.5655,814924800,2426112000,28.5422,
600267.SH,海正药业,2006-09-15,3.1534,3.2293,3.1417,3.206,5732746,3.7987,828506880,2466547200,29.0179,
600267.SH,海正药业,2006-09-18,3.2468,3.3578,3.2468,3.3344,10695251,7.0871,861707520,2565388800,30.1807,
600267.SH,海正药业,2006-09-19,3.3578,3.3578,3.2527,3.2644,3500714,2.3197,843598080,2511475200,29.5464,
600267.SH,海正药业,2006-09-20,3.2644,3.2644,3.206,3.2293,2596200,1.7203,834543360,2484518400,29.2293,
600267.SH,海正药业,2006-09-21,3.2176,3.2527,3.1884,3.2118,2656710,1.7604,830016000,2471040000,29.0707,
600267.SH,海正药业,2006-09-22,3.2118,3.2468,3.1768,3.1768,2000299,1.3255,820961280,2444083200,28.7536,
600267.SH,海正药业,2006-09-25,3.1592,3.2176,3.1417,3.1768,1768592,1.1719,820961280,2444083200,28.7536,
600267.SH,海正药业,2006-09-26,3.1826,3.1943,3.095,3.1125,1557792,1.0323,804360960,2394662400,28.1722,
600267.SH,海正药业,2006-09-27,3.1184,3.1417,3.095,3.1417,1339168,0.8874,811906560,2417126400,28.4365,
600267.SH,海正药业,2006-09-28,3.1709,3.2176,3.1067,3.1884,2387786,1.5822,823979520,2453068800,28.8593,
600267.SH,海正药业,2006-09-29,3.1943,3.2176,3.1768,3.1943,2224929,1.4743,825488640,2457561600,28.9122,
600267.SH,海正药业,2006-10-09,3.241,3.2644,3.1943,3.2644,4190084,2.7765,843598080,2511475200,29.5464,
600267.SH,海正药业,2006-10-10,3.2819,3.3111,3.2235,3.2585,4632767,3.0698,842088960,2506982400,29.4936,
600267.SH,海正药业,2006-10-11,3.2585,3.2585,3.1592,3.1943,5547643,3.6761,825488640,2457561600,28.9122,
600267.SH,海正药业,2006-10-12,3.1884,3.2293,3.1709,3.2001,3028009,2.0065,826997760,2462054400,28.965,
600267.SH,海正药业,2006-10-13,3.2001,3.3286,3.1709,3.3169,5520870,3.6583,857180160,2551910400,30.0222,
600267.SH,海正药业,2006-10-16,3.3578,3.3578,3.2702,3.2702,7616927,5.0473,845107200,2515968000,29.5993,
600267.SH,海正药业,2006-10-17,3.2702,3.3461,3.2702,3.3111,4193216,2.7786,855671040,2547417600,29.9693,
600267.SH,海正药业,2006-10-18,3.3111,3.3753,3.2877,3.3695,4753841,3.1501,870762240,2592345600,30.4979,
600267.SH,海正药业,2006-10-19,3.3811,3.4395,3.3286,3.3811,6227844,4.1268,873780480,2601331200,30.6036,
600267.SH,海正药业,2006-10-20,3.387,3.4162,3.2936,3.2994,3065448,2.0313,852652800,2538432000,29.8636,
600267.SH,海正药业,2006-10-23,3.2877,3.3636,3.1826,3.1884,3118492,2.0664,823979520,2453068800,33.4954,
600267.SH,海正药业,2006-10-24,3.1884,3.2702,3.1884,3.2644,2477081,1.6414,843598080,2511475200,34.2929,
600267.SH,海正药业,2006-10-25,3.2644,3.2936,3.1709,3.2235,2620490,1.7364,833034240,2480025600,33.8635,
600267.SH,海正药业,2006-10-26,3.2176,3.2176,3.1709,3.1884,2030098,1.3452,823979520,2453068800,33.4954,
600267.SH,海正药业,2006-10-27,3.1943,3.2293,3.1242,3.13,2171192,1.4387,808888320,2408140800,32.882,
600267.SH,海正药业,2006-10-30,3.1242,3.1826,3.0716,3.1184,2589435,1.7159,805870080,2399155200,32.7593,
600267.SH,海正药业,2006-10-31,3.1359,3.1709,3.1008,3.1534,1590080,1.0536,814924800,2426112000,33.1273,
600267.SH,海正药业,2006-11-01,3.1534,3.1884,3.1184,3.1884,1742324,1.1545,823979520,2453068800,33.4954,
600267.SH,海正药业,2006-11-02,3.1884,3.241,3.1884,3.2352,3508929,2.3251,836052480,2489011200,33.9862,
600267.SH,海正药业,2006-11-03,3.2352,3.2527,3.2118,3.2176,2197526,1.4562,831525120,2475532800,33.8022,
600267.SH,海正药业,2006-11-06,3.2118,3.2118,3.1476,3.1534,2494507,1.653,814924800,2426112000,33.1273,
600267.SH,海正药业,2006-11-07,3.1417,3.1768,3.1008,3.1709,1996511,1.323,819452160,2439590400,33.3114,
600267.SH,海正药业,2006-11-08,3.1709,3.2235,3.1592,3.1826,2220946,1.4717,822470400,2448576000,33.4341,
600267.SH,海正药业,2006-11-09,3.1826,3.1884,3.1417,3.1592,1720454,1.14,816433920,2430604800,33.1887,
600267.SH,海正药业,2006-11-10,3.1534,3.1709,3.0658,3.0775,2835153,1.8787,795306240,2367705600,32.3298,
600267.SH,海正药业,2006-11-13,3.06,3.1184,2.9432,2.9607,2817622,1.8671,765123840,2277849600,31.1029,
600267.SH,海正药业,2006-11-14,2.9607,2.9899,2.8906,2.9841,2493769,1.6525,771160320,2295820800,31.3483,
600267.SH,海正药业,2006-11-15,2.9665,2.9899,2.9081,2.9899,2881568,1.9094,772669440,2300313600,31.4096,
600267.SH,海正药业,2006-11-16,2.9899,3.0308,2.9198,2.9315,2665033,1.766,757578240,2255385600,30.7962,
600267.SH,海正药业,2006-11-17,2.9257,2.9724,2.9198,2.949,1359817,0.9011,762105600,2268864000,30.9802,
600267.SH,海正药业,2006-11-20,2.9782,2.9782,2.9023,2.9315,2201310,1.4587,757578240,2255385600,30.7962,
600267.SH,海正药业,2006-11-21,2.9198,2.9257,2.8848,2.9081,2353344,1.5594,751541760,2237414400,30.5508,
600267.SH,海正药业,2006-11-22,2.914,2.9899,2.9023,2.9665,2957660,1.9599,766632960,2282342400,31.1642,
600267.SH,海正药业,2006-11-23,2.9782,3.0016,2.9549,2.9899,1965786,1.3026,772669440,2300313600,31.4096,
600267.SH,海正药业,2006-11-24,2.9957,3.0424,2.9607,3.0249,2749641,1.822,781724160,2327270400,31.7777,
600267.SH,海正药业,2006-11-27,3.0366,3.0483,2.9899,3.0424,2604842,1.7261,786251520,2340748800,31.9618,
600267.SH,海正药业,2006-11-28,3.0541,3.0833,3.0308,3.0833,3197396,2.1187,796815360,2372198400,32.3912,
600267.SH,海正药业,2006-11-29,3.0658,3.1242,2.9899,3.095,5039640,3.3395,799833600,2381184000,32.5139,
600267.SH,海正药业,2006-11-30,3.13,3.1359,3.0716,3.095,3231873,2.1416,799833600,2381184000,32.5139,
600267.SH,海正药业,2006-12-01,3.1008,3.1067,3.0424,3.0775,4387832,2.9075,795306240,2367705600,32.3298,
600267.SH,海正药业,2006-12-04,3.0892,3.1884,3.0483,3.1534,5802182,3.8447,814924800,2426112000,33.1273,
600267.SH,海正药业,2006-12-05,3.1534,3.206,3.1184,3.1476,4605512,3.0518,813415680,2421619200,33.066,
600267.SH,海正药业,2006-12-06,3.1476,3.1884,2.9782,3.0483,4092723,2.712,787760640,2345241600,32.0231,
600267.SH,海正药业,2006-12-07,3.0483,3.1125,3.0308,3.06,4361347,2.89,790778880,2354227200,32.1458,
600267.SH,海正药业,2006-12-08,3.0366,3.0658,2.9782,2.9841,2952139,1.9562,771160320,2295820800,31.3483,
600267.SH,海正药业,2006-12-11,2.9665,3.095,2.9549,3.0892,3672687,2.4337,798324480,2376691200,32.4525,
600267.SH,海正药业,2006-12-12,3.095,3.2293,3.0892,3.206,12524866,8.2995,828506880,2466547200,33.6795,
600267.SH,海正药业,2006-12-13,3.2118,3.2352,3.1417,3.1592,6496518,4.3048,816433920,2430604800,33.1887,
600267.SH,海正药业,2006-12-14,3.1534,3.1768,3.095,3.1592,3319486,2.1996,816433920,2430604800,33.1887,
600267.SH,海正药业,2006-12-15,3.1592,3.206,3.13,3.1709,3722052,2.4664,819452160,2439590400,33.3114,
600267.SH,海正药业,2006-12-18,3.1709,3.2001,3.1417,3.1592,4240361,2.8098,816433920,2430604800,33.1887,
600267.SH,海正药业,2006-12-19,3.1592,3.1768,3.0658,3.1476,4006779,2.655,813415680,2421619200,33.066,
600267.SH,海正药业,2006-12-20,3.1359,3.3695,3.095,3.3227,12450847,8.2504,858689280,2556403200,34.9064,
600267.SH,海正药业,2006-12-21,3.3403,3.3403,3.2118,3.2235,7704449,5.1053,833034240,2480025600,33.8635,
600267.SH,海正药业,2006-12-22,3.2235,3.3461,3.2235,3.2819,8348939,5.5323,848125440,2524953600,34.477,
600267.SH,海正药业,2006-12-25,3.3111,3.3344,3.241,3.3111,6111404,4.0496,855671040,2547417600,34.7837,
600267.SH,海正药业,2006-12-26,3.2994,3.3519,3.2118,3.2293,4118331,2.729,834543360,2484518400,33.9249,
600267.SH,海正药业,2006-12-27,3.2235,3.2235,3.1651,3.1943,3104874,2.0574,825488640,2457561600,33.5568,
600267.SH,海正药业,2006-12-28,3.1826,3.1884,3.095,3.1242,3242904,2.1489,807379200,2403648000,32.8206,
600267.SH,海正药业,2006-12-29,3.1242,3.1826,3.095,3.1417,3451076,2.2868,811906560,2417126400,33.0047,
600267.SH,海正药业,2007-01-04,3.1359,3.1768,3.1067,3.1417,4324872,2.8658,811906560,2417126400,33.0047,
600267.SH,海正药业,2007-01-05,3.13,3.206,3.095,3.2001,3828735,2.5371,826997760,2462054400,33.6181,
600267.SH,海正药业,2007-01-08,3.2644,3.3461,3.206,3.3344,8813891,5.8404,861707520,2565388800,35.0291,
600267.SH,海正药业,2007-01-09,3.3519,3.4162,3.2936,3.3578,8236966,5.4581,867744000,2583360000,35.2745,
600267.SH,海正药业,2007-01-10,3.3578,3.6965,3.3286,3.6965,21591438,14.3073,955272960,2843942400,38.8326,
600267.SH,海正药业,2007-01-11,3.7724,3.8308,3.6031,3.6322,18178644,12.0459,938672640,2794521600,38.1578,
600267.SH,海正药业,2007-01-12,3.6498,3.7315,3.5155,3.533,9638897,6.3871,913017600,2718144000,37.1149,
600267.SH,海正药业,2007-01-15,3.533,3.8074,3.5155,3.7666,9636680,6.3856,973382400,2897856000,39.5688,
600267.SH,海正药业,2007-01-16,3.7958,4.0293,3.6906,3.9359,12013179,7.9604,1017146880,3028147200,41.3478,
600267.SH,海正药业,2007-01-17,3.9301,4.0001,3.7257,3.749,10317673,6.8369,968855040,2884377600,39.3847,
600267.SH,海正药业,2007-01-18,3.7374,4.0001,3.7082,3.9593,8726297,5.7824,1023183360,3046118400,41.5932,
600267.SH,海正药业,2007-01-19,3.9593,4.187,3.9534,4.0235,13794788,9.1409,1039783680,3095539200,42.268,
600267.SH,海正药业,2007-01-22,4.0644,4.1637,4.0293,4.1053,12198383,8.0831,1060911360,3158438400,43.1269,
600267.SH,海正药业,2007-01-23,4.0936,4.3622,4.0702,4.3155,14887271,9.8649,1115239680,3320179200,45.3354,
600267.SH,海正药业,2007-01-24,4.3213,4.3213,4.1695,4.2162,8036939,5.3256,1089584640,3243801600,44.2925,
600267.SH,海正药业,2007-01-25,4.1987,4.1987,3.9476,3.9534,8950648,5.931,1021674240,3041625600,41.5319,
600267.SH,海正药业,2007-01-26,3.9009,3.9476,3.714,3.9126,8389024,5.5589,1011110400,3010176000,41.1024,
600267.SH,海正药业,2007-01-29,3.9359,4.0469,3.9126,4.0001,6863590,4.5481,1033747200,3077568000,42.0227,
600267.SH,海正药业,2007-01-30,4.0118,4.0293,3.8483,3.9417,5587265,3.7023,1018656000,3032640000,41.4092,
600267.SH,海正药业,2007-01-31,3.9301,3.9301,3.6731,3.714,7575152,5.0196,959800320,2857420800,39.0167,
600267.SH,海正药业,2007-02-01,3.6206,3.7198,3.5622,3.6906,8069582,5.3472,953763840,2839449600,38.7713,
600267.SH,海正药业,2007-02-02,3.6906,3.7958,3.6439,3.6614,4858162,3.2192,946218240,2816985600,38.4645,
600267.SH,海正药业,2007-02-05,3.6614,3.749,3.6439,3.7315,3719620,2.4648,964327680,2870899200,39.2007,
600267.SH,海正药业,2007-02-06,3.7666,3.8658,3.7666,3.8425,4619305,3.0609,993000960,2956262400,40.3663,
600267.SH,海正药业,2007-02-07,3.8542,3.8717,3.7374,3.8483,6800048,4.506,994510080,2960755200,40.4276,
600267.SH,海正药业,2007-02-08,3.825,3.9826,3.7549,3.9359,8176677,5.4182,1017146880,3028147200,41.3478,
600267.SH,海正药业,2007-02-09,3.9417,4.0118,3.8658,3.9651,5926469,3.9271,1024692480,3050611200,41.6546,
600267.SH,海正药业,2007-02-12,3.9943,4.0585,3.9417,3.9885,4900999,3.2476,1030728960,3068582400,41.9,
600267.SH,海正药业,2007-02-13,4.0001,4.0994,3.9417,4.0761,9119053,6.0426,1053365760,3135974400,42.8202,
600267.SH,海正药业,2007-02-14,4.0761,4.1345,4.041,4.0761,9001048,5.9644,1053365760,3135974400,42.8202,
600267.SH,海正药业,2007-02-15,4.0877,4.2629,4.0527,4.2279,11131309,7.376,1092602880,3252787200,44.4152,
600267.SH,海正药业,2007-02-16,4.2512,4.5841,4.1637,4.3505,9728976,4.7199,1535657712.4,3347136000,45.7035,
600267.SH,海正药业,2007-02-26,4.3739,4.5899,4.3272,4.5432,8200634,3.9784,1603680134.56,3495398400,47.7279,
600267.SH,海正药业,2007-02-27,4.5666,4.6425,4.0877,4.0877,15212761,7.3802,1442899864,3144960000,42.9429,
600267.SH,海正药业,2007-02-28,4.0293,4.3564,4.006,4.3272,10428674,5.0593,1527412570.32,3329164800,45.4581,
600267.SH,海正药业,2007-03-01,4.3213,4.3213,4.1169,4.1695,8218557,3.9871,1471757861.28,3207859200,43.8017,
600267.SH,海正药业,2007-03-02,4.1637,4.2571,4.1345,4.2045,5792271,2.81,1484125574.4,3234816000,44.1698,
600267.SH,海正药业,2007-03-05,4.2045,4.2863,4.1053,4.2279,5157385,2.502,1492370716.48,3252787200,44.4152,
600267.SH,海正药业,2007-03-06,4.2337,4.3096,4.1987,4.2688,4640974,2.2515,1506799715.12,3284236800,44.8446,
600267.SH,海正药业,2007-03-07,4.2863,4.4031,4.2804,4.3096,6606765,3.2052,1521228713.76,3315686400,45.274,
600267.SH,海正药业,2007-03-08,4.3388,4.4031,4.2571,4.3972,5898228,2.8614,1552147996.56,3383078400,46.1942,
600267.SH,海正药业,2007-03-09,4.3914,4.7067,4.3564,4.5724,11639619,5.6468,1613986562.16,3517862400,48.0346,
600267.SH,海正药业,2007-03-12,4.5841,4.8411,4.5841,4.771,13548259,6.5727,1684070269.84,3670617600,50.1204,
600267.SH,海正药业,2007-03-13,4.7885,4.8352,4.6425,4.7359,6615330,3.2093,1671702556.72,3643660800,49.7524,
600267.SH,海正药业,2007-03-14,4.6717,4.7184,4.5608,4.6483,8069063,3.9146,1640783273.92,3576268800,48.8322,
600267.SH,海正药业,2007-03-15,4.6367,5.1155,4.6367,5.1155,14493623,7.0314,1805686115.52,3935692800,53.7399,
600267.SH,海正药业,2007-03-16,5.1856,5.1914,4.8527,4.917,12395078,6.0133,1735602407.84,3782937600,51.6541,
600267.SH,海正药业,2007-03-19,4.7009,4.9929,4.7009,4.8703,7652411,3.7124,1719112123.68,3746995200,51.1633,
600267.SH,海正药业,2007-03-20,4.8703,5.0688,4.8527,5.0454,4619127,2.2409,1780950689.28,3881779200,53.0038,
600267.SH,海正药业,2007-03-21,5.0513,5.1389,4.9345,5.0805,5778057,2.8031,1793318402.4,3908736000,53.3718,
600267.SH,海正药业,2007-03-22,5.1097,5.1681,4.9987,5.0162,7380775,3.5807,1770644261.68,3859315200,52.697,
600267.SH,海正药业,2007-03-23,5.0104,5.1973,4.9812,5.1389,7400447,3.5902,1813931257.6,3953664000,53.9853,
600267.SH,海正药业,2007-03-26,5.1681,5.4717,5.1564,5.3491,7037292,3.414,1888137536.32,4115404800,56.1938,
600267.SH,海正药业,2007-03-27,5.3491,5.4367,5.2849,5.3841,7297865,3.5404,1900505249.44,4142361600,56.5619,
600267.SH,海正药业,2007-03-28,5.4133,5.4309,4.8936,5.2031,9311853,4.5175,1836605398.32,4003084800,54.6601,
600267.SH,海正药业,2007-03-29,5.1856,5.2265,4.9286,4.9754,8408771,4.0794,1756215263.04,3827865600,52.2676,
600267.SH,海正药业,2007-03-30,4.952,5.0162,4.8936,4.9637,5293352,2.568,1752092692,3818880000,52.1449,
600267.SH,海正药业,2007-04-02,5.0104,5.1155,4.9403,5.1097,5247776,2.5459,1803624830,3931200000,53.6786,
600267.SH,海正药业,2007-04-03,5.1856,5.3374,5.1155,5.1798,8086097,3.9228,1828360256.24,3985113600,49.6038,
600267.SH,海正药业,2007-04-04,5.1973,5.2557,5.1389,5.2089,6602760,3.2032,1838666683.84,4007577600,49.8834,
600267.SH,海正药业,2007-04-05,5.2148,5.3958,5.1856,5.3725,7075510,3.4326,1896382678.4,4133376000,51.4493,
600267.SH,海正药业,2007-04-06,5.3257,5.4367,5.279,5.3316,5809860,2.8186,1881953679.76,4101926400,51.0578,
600267.SH,海正药业,2007-04-09,5.3725,5.4309,5.3082,5.3608,8276634,4.0153,1892260107.36,4124390400,51.3374,
600267.SH,海正药业,2007-04-10,5.3608,5.3841,5.1097,5.279,9474239,4.5963,1863402110.08,4061491200,50.5545,
600267.SH,海正药业,2007-04-11,5.279,5.7112,5.2557,5.5652,13414869,6.508,1964405100.56,4281638400,53.2947,
600267.SH,海正药业,2007-04-12,6.0615,6.1141,5.6586,5.7112,11076445,5.3736,2015937238.56,4393958400,54.6928,
600267.SH,海正药业,2007-04-13,5.717,5.7754,5.5184,5.5535,9355492,4.5387,1960282529.52,4272652800,53.1829,
600267.SH,海正药业,2007-04-16,5.5184,5.8046,5.4951,5.7929,9551193,4.6336,2044795235.84,4456857600,55.4757,
600267.SH,海正药业,2007-04-17,5.8338,6.371,5.8338,6.371,22011357,10.6785,2248862502.32,4901644800,61.0121,
600267.SH,海正药业,2007-04-18,6.5229,7.0076,6.4294,7.0076,23734177,11.5143,2473542624,5391360000,67.1077,
600267.SH,海正药业,2007-04-19,7.0076,7.0076,7.0076,7.0076,--,--,2473542624,5391360000,67.1077,
600267.SH,海正药业,2007-04-20,7.0076,7.0076,7.0076,7.0076,--,--,2473542624,5391360000,67.1077,
600267.SH,海正药业,2007-04-23,7.0076,7.0076,7.0076,7.0076,--,--,2473542624,5391360000,67.1077,
600267.SH,海正药业,2007-04-24,7.5214,7.7083,7.0134,7.2061,18506757,8.9783,2543626331.68,5544115200,69.0091,
600267.SH,海正药业,2007-04-25,7.2061,7.2061,7.2061,7.2061,--,--,2543626331.68,5544115200,69.0091,
600267.SH,海正药业,2007-04-26,7.4864,7.7492,7.3171,7.4514,11205278,5.4361,2630200323.52,5732812800,71.3579,
600267.SH,海正药业,2007-04-27,7.4514,7.7083,7.2411,7.5565,10232252,4.964,2667303462.88,5813683200,69.1851,
600267.SH,海正药业,2007-04-30,7.5623,7.7083,7.428,7.5798,9021761,4.3768,2675548604.96,5831654400,69.399,
600267.SH,海正药业,2007-05-08,7.7667,7.8718,7.6499,7.7375,9941322,4.8229,2731203314,5952960000,70.8426,
600267.SH,海正药业,2007-05-09,7.7317,7.8485,7.3287,7.6149,9195511,4.4611,2687916318.08,5858611200,69.7198,
600267.SH,海正药业,2007-05-10,7.755,7.7784,7.463,7.6558,8133003,3.9456,2702345316.72,5890060800,70.0941,
600267.SH,海正药业,2007-05-11,7.6558,7.8952,7.463,7.8543,9667703,4.6901,2772429024.4,6042816000,71.9119,
600267.SH,海正药业,2007-05-14,7.8134,8.6427,7.685,8.6427,20579185,9.9837,3050702569.6,6649344000,79.1298,
600267.SH,海正药业,2007-05-15,8.8062,8.8996,8.1171,8.2105,15030408,7.2918,2898167441.12,6316876800,75.1733,
600267.SH,海正药业,2007-05-16,8.1229,8.3507,7.9711,8.3098,7215049,3.5003,2933209294.96,6393254400,76.0823,
600267.SH,海正药业,2007-05-17,8.2923,8.7244,8.2222,8.5551,9896182,4.801,3019783286.8,6581952000,78.3278,
600267.SH,海正药业,2007-05-18,8.4733,9.1098,8.3448,9.0222,13630556,6.6126,3184686128.4,6941376000,82.6051,
600267.SH,海正药业,2007-05-21,8.7594,9.6062,8.6718,9.4602,10109796,4.9046,3339282542.4,7278336000,86.6151,
600267.SH,海正药业,2007-05-22,9.4894,9.6879,9.2149,9.3025,11220223,5.4433,3283627833.36,7157030400,85.1715,
600267.SH,海正药业,2007-05-23,9.3025,9.6354,9.2558,9.3551,9952552,4.8283,3302179403.04,7197465600,85.6527,
600267.SH,海正药业,2007-05-24,9.5478,9.5653,8.8178,9.1332,12578712,6.1024,3223850553.28,7026739200,83.621,
600267.SH,海正药业,2007-05-25,9.1273,9.2266,8.923,9.1449,7556777,3.6661,3227973124.32,7035724800,83.7279,
600267.SH,海正药业,2007-05-28,9.2091,9.431,9.1098,9.2325,9293173,4.5084,3258892407.12,7103116800,84.5299,
600267.SH,海正药业,2007-05-29,9.2441,10.1551,9.2441,10.0967,18893497,9.1659,3563962664.08,7768051200,92.4429,
600267.SH,海正药业,2007-05-30,9.285,10.0442,9.0865,9.0865,21094680,10.2337,3207360269.12,6990796800,83.1933,
600267.SH,海正药业,2007-05-31,9.1857,9.5186,8.3332,9.2617,16730400,8.1165,3269198834.72,7125580800,84.7972,
600267.SH,海正药业,2007-06-01,9.285,9.4602,8.3332,8.3332,14223806,6.9005,2941454437.04,6411225600,76.2961,
600267.SH,海正药业,2007-06-04,8.4675,8.6777,7.4981,7.5506,15382809,7.4627,2665242177.36,5809190400,69.1317,
600267.SH,海正药业,2007-06-05,7.2995,7.5915,6.7973,7.5039,15136565,7.3433,2648751893.2,5773248000,68.7039,
600267.SH,海正药业,2007-06-06,7.5331,7.7959,7.1827,7.4864,12310477,5.9722,2642568036.64,5759769600,68.5435,
600267.SH,海正药业,2007-06-07,7.2411,8.2339,7.2411,8.2222,14660902,7.1125,2902290012.16,6325862400,75.2803,
600267.SH,海正药业,2007-06-08,8.2923,8.7478,8.1054,8.5726,13621471,6.6082,3025967143.36,6595430400,78.4882,
600267.SH,海正药业,2007-06-11,8.7886,9.0456,8.6368,8.8704,12410530,6.0208,3131092704.88,6824563200,81.215,
600267.SH,海正药业,2007-06-12,8.8821,8.9989,8.4149,8.9346,13244402,6.4253,3153766845.6,6873984000,81.8031,
600267.SH,海正药业,2007-06-13,8.9054,9.8281,8.9054,9.8281,24294094,11.7859,3469143530.16,7561382400,89.9835,
600267.SH,海正药业,2007-06-14,9.7522,10.6865,9.3434,10.2194,21416553,10.3899,3607249660,7862400000,93.5657,
600267.SH,海正药业,2007-06-15,10.2485,10.3945,9.8573,9.9099,10743846,5.2122,3498001527.44,7624281600,90.732,
600267.SH,海正药业,2007-06-18,9.9974,10.5697,9.9974,10.5639,12920929,6.2684,3728865505.68,8127475200,96.7202,
600267.SH,海正药业,2007-06-19,10.5113,10.8033,10.1551,10.5522,10653222,5.1682,3724742934.64,8118489600,96.6132,
600267.SH,海正药业,2007-06-20,10.6285,10.6931,9.8945,9.9415,11130091,5.3996,3489756385.36,7606310400,90.5181,
600267.SH,海正药业,2007-06-21,9.9826,10.1001,9.3895,9.6303,8170725,3.9639,3380508252.8,7368192000,87.6844,
600267.SH,海正药业,2007-06-22,9.6655,9.7419,8.955,9.2192,7996979,3.8796,3236218266.4,7053696000,83.9418,
600267.SH,海正药业,2007-06-25,9.2251,9.5422,8.8082,8.9785,6523332,3.1647,3151705560.08,6869491200,81.7497,
600267.SH,海正药业,2007-06-26,8.8199,9.2721,8.6027,9.2603,5986841,2.9044,3250647265.04,7085145600,84.316,
600267.SH,海正药业,2007-06-27,9.3719,9.5539,9.1958,9.4776,5097603,2.473,3326914829.28,7251379200,86.2943,
600267.SH,海正药业,2007-06-28,9.4541,9.4776,8.5322,8.5322,8366614,4.0589,2995047860.56,6528038400,77.6862,
600267.SH,海正药业,2007-06-29,8.3032,8.4441,7.9274,8.221,7434736,3.6068,2885799728,6289920000,74.8525,
600267.SH,海正药业,2007-07-02,7.9626,8.6614,7.9626,8.632,3900744,1.8924,3030089714.4,6604416000,78.5952,
600267.SH,海正药业,2007-07-03,8.8258,8.955,8.3678,8.7377,5325110,2.5834,3067192853.76,6685286400,79.5576,
600267.SH,海正药业,2007-07-04,8.8552,8.9139,8.3971,8.4794,1905673,0.9245,2976496290.88,6487603200,77.205,
600267.SH,海正药业,2007-07-05,8.3267,8.5146,7.9743,7.9802,2876178,1.3953,2801287021.68,6105715200,72.6604,
600267.SH,海正药业,2007-07-06,7.7101,8.3384,7.6866,8.2856,3345650,1.6231,2908473868.72,6339340800,75.4407,
600267.SH,海正药业,2007-07-09,8.3971,8.5028,8.2797,8.4324,3760943,1.8246,2960006006.72,6451660800,76.7773,
600267.SH,海正药业,2007-07-10,8.4441,8.7964,8.2503,8.3443,3146111,1.5263,2929086723.92,6384268800,75.9753,
600267.SH,海正药业,2007-07-11,8.3443,8.4559,8.1035,8.268,1832366,0.8889,2902290012.16,6325862400,75.2803,
600267.SH,海正药业,2007-07-12,8.2268,8.4441,8.1623,8.3737,2424792,1.1763,2939393151.52,6406732800,76.2427,
600267.SH,海正药业,2007-07-13,8.3971,8.4089,8.1035,8.1623,2783013,1.3501,2865186872.8,6244992000,74.3179,
600267.SH,海正药业,2007-07-16,8.1681,8.4441,7.9861,8.0624,2079291,1.0087,2830145018.96,6168614400,73.409,
600267.SH,海正药业,2007-07-17,8.0389,8.1623,7.9274,8.0742,1711439,0.8303,2834267590,6177600000,73.5159,
600267.SH,海正药业,2007-07-18,8.1035,8.2092,7.9274,8.0331,1835428,0.8904,2819838591.36,6146150400,73.1416,
600267.SH,海正药业,2007-07-19,7.9156,8.1094,7.763,7.8393,1821968,0.8839,2751816169.2,5997888000,71.3772,
600267.SH,海正药业,2007-07-20,7.8393,8.0742,7.7571,8.0213,2683182,1.3017,2815716020.32,6137164800,73.0347,
600267.SH,海正药业,2007-07-23,8.0272,8.6085,8.0272,8.5205,4784244,2.321,2990925289.52,6519052800,77.5793,
600267.SH,海正药业,2007-07-24,8.5733,8.7142,8.3913,8.5263,5980350,2.9013,2992986575.04,6523545600,77.6328,
600267.SH,海正药业,2007-07-25,8.497,8.7025,8.3854,8.6731,5900296,2.8624,3044518713.04,6635865600,78.9694,
600267.SH,海正药业,2007-07-26,8.7436,9.1018,8.6731,9.0255,7567604,3.6713,3168195844.24,6905433600,82.1774,
600267.SH,海正药业,2007-07-27,8.9374,9.0901,8.8258,9.0431,4898914,2.3766,3174379700.8,6918912000,82.3378,
600267.SH,海正药业,2007-07-30,9.0548,9.3895,8.9902,9.0137,6529986,3.1679,3164073273.2,6896448000,82.0705,
600267.SH,海正药业,2007-07-31,9.1605,9.3954,8.9726,9.2134,8599823,4.1721,3234156980.88,7049203200,72.185,
600267.SH,海正药业,2007-08-01,9.3073,9.3954,8.6203,8.7671,12151049,5.8949,3077499281.36,6707750400,68.6885,
600267.SH,海正药业,2007-08-02,8.8434,8.9785,8.6262,8.8669,6740693,3.2701,3112541135.2,6784128000,69.4706,
600267.SH,海正药业,2007-08-03,8.9785,9.0666,8.6673,8.7495,11203361,5.4351,3071315424.8,6694272000,68.5505,
600267.SH,海正药业,2007-08-06,8.8963,9.6244,8.7671,9.6244,17237487,8.3625,3378446967.28,7363699200,75.4055,
600267.SH,海正药业,2007-08-07,9.6773,9.6831,9.2838,9.366,11910431,5.7782,3287750404.4,7166016000,73.3812,
600267.SH,海正药业,2007-08-08,9.2662,9.3954,8.8082,9.0078,6683278,3.2423,3162011987.68,6891955200,70.5748,
600267.SH,海正药业,2007-08-09,9.0078,9.278,8.9844,9.1018,4653553,2.2576,3194992556,6963840000,71.3109,
600267.SH,海正药业,2007-08-10,9.1018,9.2016,8.7847,8.9198,3887902,1.8862,3131092704.88,6824563200,69.8847,
600267.SH,海正药业,2007-08-13,8.9198,8.9198,8.5733,8.632,6595872,3.1999,3030089714.4,6604416000,67.6303,
600267.SH,海正药业,2007-08-14,8.632,8.9198,8.632,8.8493,3796827,1.842,3106357278.64,6770649600,69.3326,
600267.SH,海正药业,2007-08-15,8.8669,9.1781,8.8082,9.0842,8424874,4.0872,3188808699.44,6950361600,71.1729,
600267.SH,海正药业,2007-08-16,9.0842,9.0842,8.6614,8.8669,5175445,2.5108,3112541135.2,6784128000,69.4706,
600267.SH,海正药业,2007-08-17,8.9256,9.0431,8.726,8.7612,4393062,2.1312,3075437995.84,6703257600,68.6425,
600267.SH,海正药业,2007-08-20,8.9726,9.278,8.9374,9.0842,9830265,4.769,3188808699.44,6950361600,71.1729,
600267.SH,海正药业,2007-08-21,9.0724,9.1546,8.7553,8.9902,9484844,4.6014,3155828131.12,6878476800,70.4368,
600267.SH,海正药业,2007-08-22,8.861,9.1899,8.8141,9.0842,9377815,4.5495,3188808699.44,6950361600,71.1729,
600267.SH,海正药业,2007-08-23,9.1546,9.5128,9.0842,9.3132,11463871,5.5615,3269198834.72,7125580800,72.9672,
600267.SH,海正药业,2007-08-24,9.3249,9.5128,9.1605,9.2721,6614597,3.209,3254769836.08,7094131200,72.6451,
600267.SH,海正药业,2007-08-27,9.5128,9.5422,9.2721,9.3426,7890280,3.8278,3279505262.32,7148044800,73.1972,
600267.SH,海正药业,2007-08-28,9.3367,9.4424,9.0489,9.413,11038617,5.3552,3304240688.56,7201958400,73.7493,
600267.SH,海正药业,2007-08-29,9.3778,9.3954,9.0431,9.2134,8957075,4.3454,3234156980.88,7049203200,72.185,
600267.SH,海正药业,2007-08-30,9.366,9.8476,9.1546,9.783,16492891,8.0013,3434101676.32,7485004800,76.6477,
600267.SH,海正药业,2007-08-31,9.8652,10.1001,9.7008,9.8065,13704378,6.6485,3442346818.4,7502976000,76.8318,
600267.SH,海正药业,2007-09-03,9.9298,9.9826,9.6949,9.736,9737604,4.724,3417611392.16,7449062400,76.2797,
600267.SH,海正药业,2007-09-04,9.7536,9.8887,9.4835,9.8065,8534327,4.1403,3442346818.4,7502976000,76.8318,
600267.SH,海正药业,2007-09-05,9.6362,9.8945,9.278,9.6303,9548254,4.6322,3380508252.8,7368192000,75.4515,
600267.SH,海正药业,2007-09-06,9.9121,9.9709,9.4248,9.4541,8404390,4.0773,3318669687.2,7233408000,74.0713,
600267.SH,海正药业,2007-09-07,9.4424,9.4424,9.0724,9.2075,8765336,4.2524,3232095695.36,7044710400,72.139,
600267.SH,海正药业,2007-09-10,8.9902,9.3837,8.955,9.2545,5463184,2.6504,3248585979.52,7080652800,72.5071,
600267.SH,海正药业,2007-09-11,9.2545,9.2897,8.3971,8.5733,5321743,2.5818,3009476859.2,6559488000,67.1703,
600267.SH,海正药业,2007-09-12,8.5146,8.6907,8.0566,8.2562,8834890,4.2861,2898167441.12,6316876800,64.6859,
600267.SH,海正药业,2007-09-13,8.3384,9.0137,8.3208,8.8728,7516870,3.6467,3114602420.72,6788620800,69.5166,
600267.SH,海正药业,2007-09-14,8.8082,9.5833,8.5087,9.3954,14401264,6.9865,3298056832,7188480000,73.6113,
600267.SH,海正药业,2007-09-17,9.3308,9.5011,9.2075,9.3191,6107182,2.9628,3271260120.24,7130073600,73.0132,
600267.SH,海正药业,2007-09-18,9.3249,9.3954,8.9198,9.0666,5481038,2.659,3182624842.88,6936883200,71.0349,
600267.SH,海正药业,2007-09-19,8.8963,9.1253,8.8082,8.8258,4159044,2.0177,3098112136.56,6752678400,69.1486,
600267.SH,海正药业,2007-09-20,8.7612,9.0372,8.7612,8.861,2717951,1.3186,3110479849.68,6779635200,69.4246,
600267.SH,海正药业,2007-09-21,8.861,8.861,8.861,8.861,--,--,3110479849.68,6779635200,69.4246,
600267.SH,海正药业,2007-09-24,8.8082,8.9844,8.5263,8.5733,3275395,1.589,3009476859.2,6559488000,67.1703,
600267.SH,海正药业,2007-09-25,8.5968,8.9256,8.4852,8.585,3058285,1.4837,3013599430.24,6568473600,67.2623,
600267.SH,海正药业,2007-09-26,8.6907,9.184,8.6907,8.9844,6012531,2.9169,3153766845.6,6873984000,70.3908,
600267.SH,海正药业,2007-09-27,9.1135,9.1253,8.6907,8.7788,2935887,1.4243,3081621852.4,6716736000,68.7805,
600267.SH,海正药业,2007-09-28,8.9256,9.137,8.8141,8.8904,3156853,1.5315,3120786277.28,6802099200,69.6547,
600267.SH,海正药业,2007-10-08,9.0431,9.1018,8.8669,9.0489,3488461,1.6924,3176440986.32,6923404800,70.8969,
600267.SH,海正药业,2007-10-09,9.0548,9.1958,8.8669,9.1546,3592237,1.7427,3213544125.68,7004275200,71.725,
600267.SH,海正药业,2007-10-10,9.1605,9.5128,9.0255,9.1018,5819673,2.8233,3194992556,6963840000,71.3109,
600267.SH,海正药业,2007-10-11,9.1018,9.2134,8.8963,8.908,3241135,1.5724,3126970133.84,6815577600,69.7927,
600267.SH,海正药业,2007-10-12,8.9256,8.9256,8.0918,8.5263,5076518,2.4628,2992986575.04,6523545600,66.8022,
600267.SH,海正药业,2007-10-15,8.6027,8.6027,8.2268,8.3208,3430974,1.6645,2920841581.84,6366297600,65.192,
600267.SH,海正药业,2007-10-16,8.3854,8.5087,8.1094,8.4324,3156144,1.5312,2960006006.72,6451660800,66.0661,
600267.SH,海正药业,2007-10-17,8.4852,8.4852,8.2797,8.3091,2187073,1.061,2916719010.8,6357312000,65.1,
600267.SH,海正药业,2007-10-18,8.5028,8.7847,8.221,8.4559,4192833,2.0341,2968251148.8,6469632000,51.3386,
600267.SH,海正药业,2007-10-19,8.5322,8.6907,8.3854,8.3971,2482939,1.2046,2947638293.6,6424704000,50.9821,
600267.SH,海正药业,2007-10-22,8.4265,8.679,8.2327,8.3502,2320761,1.1259,2931148009.44,6388761600,50.6969,
600267.SH,海正药业,2007-10-23,8.5733,8.632,8.221,8.5087,2671895,1.2962,2986802718.48,6510067200,51.6595,
600267.SH,海正药业,2007-10-24,8.5087,8.5909,8.1916,8.2797,3244032,1.5738,2906412583.2,6334848000,50.2691,
600267.SH,海正药业,2007-10-25,8.268,8.268,7.4517,7.4517,5787044,2.8075,2615771324.88,5701363200,45.2421,
600267.SH,海正药业,2007-10-26,7.2227,7.4341,7.1523,7.3167,2595655,1.2592,2568361757.92,5598028800,44.4222,
600267.SH,海正药业,2007-10-29,7.3695,7.5457,6.9409,7.1523,2906315,1.41,2510645763.36,5472230400,43.4239,
600267.SH,海正药业,2007-10-30,7.1523,7.3871,7.0348,7.346,1863254,0.9039,2578668185.52,5620492800,44.6004,
600267.SH,海正药业,2007-10-31,7.4576,7.7512,7.3402,7.7395,2576013,1.2497,2716774315.36,5921510400,46.9891,
600267.SH,海正药业,2007-11-01,7.7512,7.7982,7.2345,7.2697,2910430,1.4119,2551871473.76,5562086400,44.1369,
600267.SH,海正药业,2007-11-02,7.2521,7.2521,7.0759,7.1405,2774398,1.346,2506523192.32,5463244800,43.3526,
600267.SH,海正药业,2007-11-05,7.1346,7.4928,7.0759,7.3871,1833687,0.8896,2593097184.16,5651942400,44.85,
600267.SH,海正药业,2007-11-06,7.3402,7.5927,7.2462,7.5398,1956027,0.9489,2646690607.68,5768755200,45.7769,
600267.SH,海正药业,2007-11-07,7.5692,7.5692,7.2403,7.3225,885703,0.4297,2570423043.44,5602521600,44.4578,
600267.SH,海正药业,2007-11-08,7.3225,7.4282,7.1229,7.1523,1302201,0.6317,2510645763.36,5472230400,43.4239,
600267.SH,海正药业,2007-11-09,7.0818,7.2932,7.0348,7.0466,1232970,0.5982,2473542624,5391360000,42.7822,
600267.SH,海正药业,2007-11-12,6.9585,7.0759,6.7882,6.9996,1399143,0.6788,2457052339.84,5355417600,42.497,
600267.SH,海正药业,2007-11-13,7.1053,7.2403,6.9526,7.0759,1212950,0.5884,2483849051.6,5413824000,42.9604,
600267.SH,海正药业,2007-11-14,7.1699,7.2638,6.9878,7.1934,1555056,0.7544,2525074762,5503680000,43.6735,
600267.SH,海正药业,2007-11-15,7.2227,7.3167,6.9643,7.0348,1884412,0.9142,2469420052.96,5382374400,42.7109,
600267.SH,海正药业,2007-11-16,6.9996,7.1346,6.9291,7.0994,1430970,0.6942,2492094193.68,5431795200,43.103,
600267.SH,海正药业,2007-11-19,7.2756,7.5633,7.1111,7.3813,2626208,1.2741,2591035898.64,5647449600,44.8143,
600267.SH,海正药业,2007-11-20,7.3402,7.5985,7.2756,7.4635,2262806,1.0978,2619893895.92,5710348800,45.3135,
600267.SH,海正药业,2007-11-21,7.6161,7.6279,7.346,7.44,970251,0.4707,2611648753.84,5692377600,45.1708,
600267.SH,海正药业,2007-11-22,7.4282,7.5163,7.3108,7.4165,1870026,0.9072,2603403611.76,5674406400,45.0282,
600267.SH,海正药业,2007-11-23,7.393,7.5457,7.2814,7.5339,1103804,0.5355,2644629322.16,5764262400,45.7413,
600267.SH,海正药业,2007-11-26,7.6338,7.8686,7.5574,7.6866,2881893,1.3981,2698222745.68,5881075200,46.6682,
600267.SH,海正药业,2007-11-27,7.6866,7.8628,7.5281,7.6925,2023470,0.9817,2700284031.2,5885568000,46.7039,
600267.SH,海正药业,2007-11-28,7.7101,7.8099,7.2814,7.3695,1765178,0.8563,2586913327.6,5638464000,44.743,
600267.SH,海正药业,2007-11-29,7.5163,7.5633,7.2697,7.4811,2435017,1.1813,2626077752.48,5723827200,45.4204,
600267.SH,海正药业,2007-11-30,7.4165,7.487,7.2756,7.3108,1839187,0.8923,2566300472.4,5593536000,44.3865,
600267.SH,海正药业,2007-12-03,7.3284,7.6044,7.3284,7.4341,3348206,1.6243,2609587468.32,5687884800,45.1352,
600267.SH,海正药业,2007-12-04,7.4341,7.6338,7.3989,7.5809,2611779,1.2671,2661119606.32,5800204800,46.0265,
600267.SH,海正药业,2007-12-05,7.6103,7.6573,7.4576,7.6396,1303932,0.6326,2681732461.52,5845132800,46.383,
600267.SH,海正药业,2007-12-06,7.6807,7.9274,7.6103,7.8334,2846292,1.3808,2749754883.68,5993395200,47.5595,
600267.SH,海正药业,2007-12-07,7.8393,7.9391,7.7218,7.9215,1537909,0.7461,2780674166.48,6060787200,48.0943,
600267.SH,海正药业,2007-12-10,7.8393,8.3267,7.8041,8.2327,5535424,2.6854,2889922299.04,6298905600,49.9838,
600267.SH,海正药业,2007-12-11,8.3913,8.5616,8.2386,8.497,6465409,3.1366,2982680147.44,6501081600,51.5882,
600267.SH,海正药业,2007-12-12,8.5557,8.6027,8.3502,8.5498,3358580,1.6294,3001231717.12,6541516800,51.909,
600267.SH,海正药业,2007-12-13,8.5498,8.7142,8.3384,8.356,3982132,1.9319,2933209294.96,6393254400,50.7325,
600267.SH,海正药业,2007-12-14,8.3032,8.6614,8.221,8.6555,5319976,2.5809,3038334856.48,6622387200,52.5508,
600267.SH,海正药业,2007-12-17,8.632,8.9198,8.5792,8.7495,4256244,2.0648,3071315424.8,6694272000,53.1212,
600267.SH,海正药业,2007-12-18,8.6673,8.8141,8.403,8.7964,4189980,2.0327,3087805708.96,6730214400,53.4064,
600267.SH,海正药业,2007-12-19,8.9256,9.0196,8.679,8.8082,3616982,1.7547,3091928280,6739200000,53.4777,
600267.SH,海正药业,2007-12-20,8.8082,8.9139,8.7201,8.7553,2062446,1.0006,3073376710.32,6698764800,53.1569,
600267.SH,海正药业,2007-12-21,8.7201,8.9609,8.7201,8.8963,2314365,1.1228,3122847562.8,6806592000,54.0125,
600267.SH,海正药业,2007-12-24,8.8963,9.2251,8.8963,9.0313,4812453,2.3347,3170257129.76,6909926400,54.8325,
600267.SH,海正药业,2007-12-25,9.0313,9.1605,8.955,9.1077,10683918,5.1831,3197053841.52,6968332800,55.296,
600267.SH,海正药业,2007-12-26,9.1077,10.0178,9.1077,10.0178,17104868,8.2982,3516553097.12,7664716800,60.822,
600267.SH,海正药业,2007-12-27,10.2469,10.6462,10.0296,10.3584,12624637,6.1246,3636107657.28,7925299200,62.8898,
600267.SH,海正药业,2007-12-28,10.5581,10.5581,10.1588,10.5052,6576819,3.1906,3687639795.28,8037619200,63.7811,
600267.SH,海正药业,2008-01-02,10.6579,11.2627,10.6579,11.0279,8645156,4.1941,3871094206.56,8437478400,66.9541,
600267.SH,海正药业,2008-01-03,11.0279,11.7149,10.8869,11.3919,9983892,4.8435,3998893908.8,8716032000,69.1645,
600267.SH,海正药业,2008-01-04,11.6327,11.6327,10.9809,11.0337,8949738,4.3418,3873155492.08,8441971200,66.9898,
600267.SH,海正药业,2008-01-07,11.022,11.6855,10.9691,11.3802,5934291,2.8789,3994771337.76,8707046400,69.0932,
600267.SH,海正药业,2008-01-08,11.48,11.48,10.7636,11.0396,6676442,3.239,3875216777.6,8446464000,67.0254,
600267.SH,海正药业,2008-01-09,11.0279,11.3449,10.8165,11.157,6012559,2.9169,3916442488,8536320000,67.7384,
600267.SH,海正药业,2008-01-10,11.2216,11.3038,10.8282,10.975,6474034,3.1408,3852542636.88,8397043200,66.6332,
600267.SH,海正药业,2008-01-11,11.1629,11.204,10.5522,10.564,11436883,5.5484,3708252650.48,8082547200,64.1376,
600267.SH,海正药业,2008-01-14,10.5111,10.8634,10.3467,10.6168,6771464,3.2851,3726804220.16,8122982400,64.4585,
600267.SH,海正药业,2008-01-15,10.5405,11.1218,10.4994,10.9339,7391756,3.586,3838113638.24,8365593600,66.3837,
600267.SH,海正药业,2008-01-16,10.9163,11.2745,10.6873,11.1042,7330334,3.5562,3897890918.32,8495884800,67.4176,
600267.SH,海正药业,2008-01-17,11.0455,11.3861,10.4524,10.7988,6914756,3.3546,3790704071.28,8262259200,65.5637,
600267.SH,海正药业,2008-01-18,10.8047,10.9809,10.5052,10.8106,2975661,1.4436,3794826642.32,8271244800,65.635,
600267.SH,海正药业,2008-01-21,10.793,11.2745,10.7812,10.8928,8591535,4.168,3823684639.6,8334144000,66.1341,
600267.SH,海正药业,2008-01-22,10.6814,11.1512,9.8065,10.2116,12516741,6.0723,3584575519.28,7812979200,61.9985,
600267.SH,海正药业,2008-01-23,10.4817,11.0748,10.2762,11.0396,6535965,3.1708,3875216777.6,8446464000,67.0254,
600267.SH,海正药业,2008-01-24,11.251,11.8265,10.9809,11.6444,12043113,5.8425,4087529186.16,8909222400,70.6975,
600267.SH,海正药业,2008-01-25,11.6914,12.7425,11.6562,12.0496,13959935,6.7724,4229757887.04,9219225600,73.1575,
600267.SH,海正药业,2008-01-28,11.9791,12.4489,11.3919,11.7795,10267986,4.9814,4134938753.12,9012556800,71.5175,
600267.SH,海正药业,2008-01-29,11.8676,12.3256,11.1042,11.803,11730708,5.691,4143183895.2,9030528000,71.6601,
600267.SH,海正药业,2008-01-30,11.7443,12.0966,11.4506,11.5446,8414334,4.0821,4052487332.32,8832844800,70.0915,
600267.SH,海正药业,2008-01-31,11.4506,11.6973,10.4935,10.5463,6649671,3.226,3702068793.92,8069068800,64.0307,
600267.SH,海正药业,2008-02-01,10.7754,10.8223,9.8065,10.6579,6884980,3.3401,3741233218.8,8154432000,64.708,
600267.SH,海正药业,2008-02-04,10.9104,11.7266,10.9045,11.7266,5371554,2.6059,4116387183.44,8972121600,71.1967,
600267.SH,海正药业,2008-02-05,11.803,11.9791,11.3802,11.5387,4246607,2.0602,4050426046.8,8828352000,70.0558,
600267.SH,海正药业,2008-02-13,11.433,11.6738,11.157,11.2216,1969070,0.9553,3939116628.72,8585740800,68.1306,
600267.SH,海正药业,2008-02-14,11.4272,11.9791,11.2451,11.8147,8162183,3.9598,4147306466.24,9039513600,71.7314,
600267.SH,海正药业,2008-02-15,11.6738,12.1553,11.5681,12.0437,8047599,3.9042,4227696601.52,9214732800,73.1219,
600267.SH,海正药业,2008-02-18,12.3315,13.2475,12.0966,13.2475,16434074,6.546,5663835813.12,10135756800,80.4305,
600267.SH,海正药业,2008-02-19,13.2886,13.8993,13.1066,13.6116,11801785,4.7008,5819490875.36,10414310400,82.6409,
600267.SH,海正药业,2008-02-20,13.6527,14.0637,13.3591,14.0285,8517071,3.3925,5997741027.28,10733299200,85.1722,
600267.SH,海正药业,2008-02-21,13.8289,14.0931,13.2123,13.6703,7075634,2.8183,5844596530.56,10459238400,82.9974,
600267.SH,海正药业,2008-02-22,13.4472,14.0637,13.3532,13.9346,7714692,3.0729,5957571978.96,10661414400,84.6018,
600267.SH,海正药业,2008-02-25,13.9639,14.5511,13.4237,14.3162,8566607,3.4122,6120758737.76,10953446400,86.9191,
600267.SH,海正药业,2008-02-26,14.5335,14.739,12.8834,13.3062,11010870,4.3858,5688941468.32,10180684800,80.787,
600267.SH,海正药业,2008-02-27,13.2593,13.6527,12.6016,13.1066,5001967,1.9924,5603582240.64,10027929600,79.5748,
600267.SH,海正药业,2008-02-28,13.2945,13.8523,13.271,13.5294,4856144,1.9343,5784342958.08,10351411200,82.1418,
600267.SH,海正药业,2008-02-29,13.5059,14.1283,13.4472,13.9111,3944471,1.5711,5947529716.88,10643443200,84.4591,
600267.SH,海正药业,2008-03-03,13.9169,14.9857,13.9169,14.8858,5179217,2.063,6364283593.2,11389248000,90.3773,
600267.SH,海正药业,2008-03-04,15.0326,15.1501,14.3221,14.6803,5905131,2.3521,6276413800,11232000000,89.1295,
600267.SH,海正药业,2008-03-05,14.5922,14.7684,13.9757,14.234,4762956,1.8972,6085610820.48,10890547200,86.42,
600267.SH,海正药业,2008-03-06,14.0931,14.5629,13.6468,14.1518,3854569,1.5353,6050462903.2,10827648000,85.9209,
600267.SH,海正药业,2008-03-07,14.0814,14.1401,13.3884,13.5118,3446220,1.3727,5776811261.52,10337932800,82.0348,
600267.SH,海正药业,2008-03-10,13.1594,13.4941,12.9187,13.4119,2590179,1.0317,5734131647.68,10261555200,81.4287,
600267.SH,海正药业,2008-03-11,13.2123,14.2047,12.9187,14.0696,4644888,1.8501,6015314985.92,10764748800,77.0716,
600267.SH,海正药业,2008-03-12,14.2575,14.3867,13.9815,14.005,4672421,1.8611,5987698765.2,10715328000,76.7178,
600267.SH,海正药业,2008-03-13,13.6997,13.729,12.9187,13.4707,2483343,0.9892,5759237302.88,10306483200,73.7906,
600267.SH,海正药业,2008-03-14,13.3884,13.5059,12.9363,13.271,1999930,0.7966,5673878075.2,10153728000,72.6969,
600267.SH,海正药业,2008-03-17,12.9657,13.4941,12.1553,12.2962,3080346,1.227,5257124198.88,9407923200,67.3572,
600267.SH,海正药业,2008-03-18,11.85,12.3256,11.2099,11.4859,6168763,2.4571,4910666157.12,8787916800,62.9182,
600267.SH,海正药业,2008-03-19,11.6855,12.5664,11.6855,12.4489,3856480,1.5361,5322398902.4,9524736000,68.1936,
600267.SH,海正药业,2008-03-20,12.2727,13.6175,11.6855,13.0655,3526241,1.4046,5586008282,9996480000,71.5711,
600267.SH,海正药业,2008-03-21,12.9187,13.3062,12.6838,12.8952,3539394,1.4098,5513201881.92,9866188800,70.6382,
600267.SH,海正药业,2008-03-24,12.9833,13.1771,12.214,12.3373,2213401,0.8816,5274698157.52,9439372800,67.5824,
600267.SH,海正药业,2008-03-25,11.9791,12.0966,11.1688,11.8265,7876483,3.1373,5056278957.28,9048499200,64.7839,
600267.SH,海正药业,2008-03-26,11.85,12.0202,11.0455,11.2804,5397345,2.1499,4822796363.92,8630668800,61.7924,
600267.SH,海正药业,2008-03-27,11.1101,11.6562,11.0102,11.3919,3875152,1.5435,4870497108.8,8716032000,62.4035,
600267.SH,海正药业,2008-03-28,11.4624,12.3902,11.4624,12.3902,4650754,1.8525,5297293247.2,9479808000,67.8719,
600267.SH,海正药业,2008-03-31,11.8969,12.1553,11.6268,11.7443,2630394,1.0477,5021131040,8985600000,64.3335,
600267.SH,海正药业,2008-04-01,11.5094,11.7443,10.5698,10.5698,5937963,2.3652,4519017936,8087040000,57.9002,
600267.SH,海正药业,2008-04-02,10.3819,10.8634,9.689,10.1647,3171885,1.2634,4345788915.12,7777036800,55.6807,
600267.SH,海正药业,2008-04-03,9.9767,10.5111,9.7008,10.2821,1670411,0.6654,4396000225.52,7866892800,56.324,
600267.SH,海正药业,2008-04-07,10.2762,11.157,9.8652,11.069,2086512,0.8311,4732416005.2,8468928000,60.6344,
600267.SH,海正药业,2008-04-08,10.9398,11.4506,10.9398,11.022,2452979,0.9771,4712331481.04,8432985600,60.377,
600267.SH,海正药业,2008-04-09,10.8634,11.0396,10.1881,10.2351,2243929,0.8938,4375915701.36,7830950400,56.0667,
600267.SH,海正药业,2008-04-10,10.147,10.5698,9.9944,10.5111,1271820,0.5066,4493912280.8,8042112000,57.5785,
600267.SH,海正药业,2008-04-11,10.8634,11.1218,10.6579,10.8634,1526482,0.608,4644546212,8311680000,59.5085,
600267.SH,海正药业,2008-04-14,10.5698,10.6755,10.3937,10.4583,1712857,0.6823,4471317191.12,8001676800,57.289,
600267.SH,海正药业,2008-04-15,10.4641,11.0866,10.0942,10.9691,1325056,0.5278,4689736391.36,8392550400,60.0875,
600267.SH,海正药业,2008-04-16,10.9691,10.9691,10.9691,10.9691,--,--,4689736391.36,8392550400,60.0875,
600267.SH,海正药业,2008-04-17,10.699,11.1394,10.3349,10.5229,947484,0.3774,4498933411.84,8051097600,57.6429,
600267.SH,海正药业,2008-04-18,10.3467,10.47,9.8652,10.1588,1646989,0.656,4343278349.6,7772544000,50.7266,
600267.SH,海正药业,2008-04-21,11.1747,11.1747,10.2292,10.47,3592044,1.4308,4476338322.16,8010662400,52.2806,
600267.SH,海正药业,2008-04-22,10.2645,10.7049,9.736,10.5463,1638397,0.6526,4508975673.92,8069068800,52.6618,
600267.SH,海正药业,2008-04-23,10.5111,11.0924,10.2175,10.9574,2448207,0.9752,4684715260.32,8383564800,54.7143,
600267.SH,海正药业,2008-04-24,11.9204,12.0496,11.4389,11.85,5437034,2.1657,5066321219.36,9066470400,59.1712,
600267.SH,海正药业,2008-04-25,11.8323,11.9204,11.157,11.1629,6205458,2.4717,4772585053.52,8540812800,55.7406,
600267.SH,海正药业,2008-04-28,10.9163,11.0572,10.6285,10.8693,2608001,1.0388,4647056777.52,8316172800,54.2745,
600267.SH,海正药业,2008-04-29,10.746,11.3508,10.746,11.251,1685580,0.6714,4810243536.32,8608204800,56.1804,
600267.SH,海正药业,2008-04-30,11.3156,11.7443,11.1864,11.662,2976848,1.1857,4985983122.72,8922700800,58.2329,
600267.SH,海正药业,2008-05-05,11.7443,11.9145,11.4154,11.9028,3749555,1.4935,5088916309.04,9106905600,59.4351,
600267.SH,海正药业,2008-05-06,11.8323,12.1318,11.6268,11.9028,3282612,1.3075,5088916309.04,9106905600,59.4351,
600267.SH,海正药业,2008-05-07,11.9556,11.9791,11.0396,11.2569,2573029,1.0249,4812754101.84,8612697600,56.2097,
600267.SH,海正药业,2008-05-08,10.928,11.7384,10.928,11.7266,1690422,0.6733,5013599343.44,8972121600,58.5555,
600267.SH,海正药业,2008-05-09,11.803,11.8617,11.3919,11.6268,2277185,0.907,4970919729.6,8895744000,58.057,
600267.SH,海正药业,2008-05-12,11.4389,12.7895,11.3919,12.7895,6967217,2.7752,5468011702.56,9785318400,63.8627,
600267.SH,海正药业,2008-05-13,12.813,14.0696,12.7895,14.0696,11982310,4.7728,6015314985.92,10764748800,70.2548,
600267.SH,海正药业,2008-05-14,14.0696,14.0931,12.6603,13.7466,6850795,2.7288,5877233882.32,10517644800,68.6421,
600267.SH,海正药业,2008-05-15,13.7584,13.7584,13.0948,13.1066,4022818,1.6024,5603582240.64,10027929600,65.4461,
600267.SH,海正药业,2008-05-16,13.0948,13.4707,12.6133,12.9715,2209511,0.8801,5545839233.68,9924595200,64.7717,
600267.SH,海正药业,2008-05-19,12.7719,13.4119,12.7719,12.9187,1975342,0.7868,5523244144,9884160000,64.5078,
600267.SH,海正药业,2008-05-20,12.9069,13.089,11.6268,11.6973,4114097,1.6387,5001046515.84,8949657600,58.4088,
600267.SH,海正药业,2008-05-21,11.3097,11.8147,10.8987,11.7971,5003959,1.9932,5043726129.68,9026035200,58.9073,
600267.SH,海正药业,2008-05-22,11.6268,11.7266,11.1101,11.1512,3132294,1.2476,4767563922.48,8531827200,55.6819,
600267.SH,海正药业,2008-05-23,11.251,11.6797,10.8458,11.5974,4137005,1.6478,4958366902,8873280000,57.9104,
600267.SH,海正药业,2008-05-26,11.5035,11.6268,11.0396,11.1747,1657733,0.6603,4777606184.56,8549798400,55.7992,
600267.SH,海正药业,2008-05-27,11.3626,11.4448,10.8047,11.1159,1998948,0.7962,4752500529.36,8504870400,55.506,
600267.SH,海正药业,2008-05-28,11.1864,11.5094,10.9222,11.3802,2390531,0.9522,4865475977.76,8707046400,56.8255,
600267.SH,海正药业,2008-05-29,11.3684,11.4976,11.0455,11.0572,1377720,0.5488,4727394874.16,8459942400,55.2128,
600267.SH,海正药业,2008-05-30,11.0396,11.157,10.6285,10.9926,4192006,1.6697,4699778653.44,8410521600,54.8902,
600267.SH,海正药业,2008-06-02,11.0866,11.2627,10.8987,11.2334,2338483,0.9315,4802711839.76,8594726400,56.0924,
600267.SH,海正药业,2008-06-03,11.2275,11.4506,11.2158,11.3391,1353219,0.539,4847902019.12,8675596800,56.6202,
600267.SH,海正药业,2008-06-04,11.3802,11.3802,10.9691,11.0866,1492075,0.5943,4739947701.76,8482406400,55.3594,
600267.SH,海正药业,2008-06-05,11.0983,11.0983,10.7754,10.9985,958354,0.3817,4702289218.96,8415014400,54.9196,
600267.SH,海正药业,2008-06-06,11.0989,11.0989,10.5675,10.5852,604847,0.2409,4501443977.36,8055590400,52.5738,
600267.SH,海正药业,2008-06-10,10.0362,10.2074,9.741,10.0539,2297169,0.915,4275493080.56,7651238400,49.9349,
600267.SH,海正药业,2008-06-11,9.7528,10.3255,9.7528,10.2074,1075353,0.4283,4340767784.08,7768051200,50.6972,
600267.SH,海正药业,2008-06-12,10.2074,10.3255,10.0421,10.2369,1483442,0.5909,4353320611.68,7790515200,50.8438,
600267.SH,海正药业,2008-06-13,10.3019,10.3609,9.7469,10.0244,1474102,0.5872,4262940252.96,7628774400,49.7883,
600267.SH,海正药业,2008-06-16,10.0362,10.1956,9.7528,10.1543,1781388,0.7096,4318172694.4,7727616000,50.4333,
600267.SH,海正药业,2008-06-17,10.2487,10.4199,9.9181,10.0303,1257112,0.5007,4265450818.48,7633267200,49.8176,
600267.SH,海正药业,2008-06-18,9.9713,10.6148,9.4458,10.538,2265719,0.9025,4481359453.2,8019648000,52.3392,
600267.SH,海正药业,2008-06-19,10.3019,10.3019,9.4872,9.5226,2152143,0.8572,4049542183.76,7246886400,47.2959,
600267.SH,海正药业,2008-06-20,9.5462,10.1543,8.9145,9.434,3344333,1.3321,4011883700.96,7179494400,46.8561,
600267.SH,海正药业,2008-06-23,8.9204,9.5462,8.9145,9.2569,1371913,0.5465,3936566735.36,7044710400,45.9764,
600267.SH,海正药业,2008-06-24,9.2864,9.5049,8.9794,9.3455,1298814,0.5173,3974225218.16,7112102400,46.4163,
600267.SH,海正药业,2008-06-25,9.3455,9.924,9.3455,9.8827,1961272,0.7812,4202686680.48,7520947200,49.0845,
600267.SH,海正药业,2008-06-26,9.9772,10.3078,9.8001,10.0775,1636127,0.6517,4285535342.64,7669209600,50.0522,
600267.SH,海正药业,2008-06-27,9.7882,10.0893,9.2097,9.5934,1727883,0.6882,4079668970,7300800000,47.6478,
600267.SH,海正药业,2008-06-30,9.5934,9.6111,9.3278,9.5462,487710,0.1943,4059584445.84,7264857600,47.4132,
600267.SH,海正药业,2008-07-01,9.5757,9.682,9.3396,9.5462,714583,0.2846,4059584445.84,7264857600,47.4132,
600267.SH,海正药业,2008-07-02,9.6111,9.8591,9.4458,9.7646,726764,0.2895,4152475370.08,7431091200,48.4981,
600267.SH,海正药业,2008-07-03,9.7646,10.3786,9.6229,10.2074,2011505,0.8012,4340767784.08,7768051200,50.6972,
600267.SH,海正药业,2008-07-04,10.3314,10.4495,9.7115,9.924,2742980,1.0926,4220260639.12,7552396800,49.2898,
600267.SH,海正药业,2008-07-07,9.924,9.924,9.924,9.924,--,--,4220260639.12,7552396800,49.2898,
600267.SH,海正药业,2008-07-08,10.479,10.479,10.1129,10.2015,2683273,1.0688,4338257218.56,7763558400,50.6679,
600267.SH,海正药业,2008-07-09,10.2723,10.7742,10.2723,10.6738,3302004,1.3152,4539102460.16,8122982400,53.0136,
600267.SH,海正药业,2008-07-10,10.4554,10.8509,10.3786,10.662,1700521,0.6773,4534081329.12,8113996800,52.955,
600267.SH,海正药业,2008-07-11,10.4554,10.8627,10.4435,10.7387,1702129,0.678,4566718680.88,8172403200,53.3362,
600267.SH,海正药业,2008-07-14,10.7387,10.8332,10.2133,10.4435,2576493,1.0263,4441190404.88,7947763200,51.8701,
600267.SH,海正药业,2008-07-15,10.4376,10.4376,9.8945,9.9122,4848853,1.9314,4215239508.08,7543411200,49.2311,
600267.SH,海正药业,2008-07-16,9.9299,10.0362,9.1507,9.4458,3818861,1.5211,4016904832,7188480000,46.9147,
600267.SH,海正药业,2008-07-17,9.4399,10.0303,9.2097,9.2805,4879331,1.9435,3946608997.44,7062681600,46.0937,
600267.SH,海正药业,2008-07-18,9.3514,9.5757,9.0621,9.3455,2973522,1.1844,3974225218.16,7112102400,46.4163,
600267.SH,海正药业,2008-07-21,9.5344,9.8001,9.3573,9.7823,2361731,0.9407,4160007066.64,7444569600,48.5861,
600267.SH,海正药业,2008-07-22,9.806,10.0952,9.6229,9.9181,1809163,0.7206,4217750073.6,7547904000,49.2605,
600267.SH,海正药业,2008-07-23,9.9181,10.1838,9.741,9.989,1974527,0.7865,4247876859.84,7601817600,49.6123,
600267.SH,海正药业,2008-07-24,10.1602,10.3668,9.9831,10.3491,1615267,0.6434,4401021356.56,7875878400,51.401,
600267.SH,海正药业,2008-07-25,10.2723,10.3255,10.0657,10.1602,954158,0.3801,4320683259.92,7732108800,50.4627,
600267.SH,海正药业,2008-07-28,10.3904,10.5026,10.3314,10.4495,3148618,1.2541,4443700970.4,7952256000,51.8994,
600267.SH,海正药业,2008-07-29,10.4199,10.4199,10.1838,10.2251,832621,0.3316,4348299480.64,7781529600,50.7852,
600267.SH,海正药业,2008-07-30,10.4376,10.6266,10.3314,10.4554,1620238,0.6454,4446211535.92,7956748800,51.9287,
600267.SH,海正药业,2008-07-31,10.5026,10.5085,9.7469,10.1011,781350,0.3112,4295577604.72,7687180800,50.1694,
600267.SH,海正药业,2008-08-01,9.989,10.2605,9.806,9.9181,922398,0.3674,4217750073.6,7547904000,49.2605,
600267.SH,海正药业,2008-08-04,9.9063,10.0244,9.7469,9.8355,349571,0.1392,4182602156.32,7485004800,48.85,
600267.SH,海正药业,2008-08-05,9.9181,9.9831,9.4458,9.4517,951968,0.3792,4019415397.52,7192972800,46.9441,
600267.SH,海正药业,2008-08-06,9.5344,9.8945,9.5049,9.7174,765298,0.3048,4132390845.92,7395148800,48.2635,
600267.SH,海正药业,2008-08-07,9.7469,9.989,9.5639,9.6643,856930,0.3413,4109795756.24,7354713600,47.9996,
600267.SH,海正药业,2008-08-08,9.6643,9.7469,9.1507,9.1566,1027717,0.4094,3893887121.52,6968332800,45.478,
600267.SH,海正药业,2008-08-11,9.3278,9.7115,9.0326,9.3278,1632104,0.6501,3966693521.6,7098624000,46.3283,
600267.SH,海正药业,2008-08-12,9.3278,9.6702,9.1566,9.5403,1098602,0.4376,4057073880.32,7260364800,47.3839,
600267.SH,海正药业,2008-08-13,9.6229,9.8001,9.316,9.7941,991486,0.3949,4165028197.68,7453555200,48.6447,
600267.SH,海正药业,2008-08-14,9.7941,9.9122,9.6938,9.8591,752502,0.2997,4192644418.4,7502976000,48.9673,
600267.SH,海正药业,2008-08-15,9.9181,9.9417,9.6938,9.8473,590847,0.2353,4187623287.36,7493990400,48.9086,
600267.SH,海正药业,2008-08-18,9.8473,9.8473,9.3278,9.3278,679654,0.2707,3966693521.6,7098624000,46.3283,
600267.SH,海正药业,2008-08-19,9.1507,9.5049,9.1447,9.2805,434698,0.1731,3946608997.44,7062681600,46.0937,
600267.SH,海正药业,2008-08-20,9.2392,10.0362,9.0326,9.865,1625545,0.6475,4195154983.92,7507468800,48.9966,
600267.SH,海正药业,2008-08-21,9.4458,9.6702,9.1566,9.2628,1493739,0.595,3939077300.88,7049203200,46.0058,
600267.SH,海正药业,2008-08-22,9.1802,9.3809,8.7492,8.8614,937508,0.3734,3768358845.52,6743692800,44.0119,
600267.SH,海正药业,2008-08-25,8.8378,8.944,8.1825,8.3123,1903248,0.7581,3534876252.16,6325862400,41.285,
600267.SH,海正药业,2008-08-26,8.2533,8.2533,7.4799,7.8459,3573517,1.4234,3336541576.08,5970931200,35.4679,
600267.SH,海正药业,2008-08-27,7.6747,7.9404,7.5094,7.5921,357035,0.1422,3228587258.72,5777740800,34.3203,
600267.SH,海正药业,2008-08-28,7.5921,7.7279,7.4563,7.5744,613998,0.2446,3221055562.16,5764262400,34.2403,
600267.SH,海正药业,2008-08-29,7.7574,7.84,7.5035,7.6688,762120,0.3036,3261224610.48,5836147200,34.6673,
600267.SH,海正药业,2008-09-01,7.6688,7.6688,7.4681,7.5744,518289,0.2064,3221055562.16,5764262400,34.2403,
600267.SH,海正药业,2008-09-02,7.722,7.722,7.4858,7.6157,495532,0.1974,3238629520.8,5795712000,34.4271,
600267.SH,海正药业,2008-09-03,7.5449,7.6334,6.8541,7.0903,2042946,0.8137,3015189189.52,5395852800,32.0519,
600267.SH,海正药业,2008-09-04,7.0253,7.2615,6.8837,7.1316,2105635,0.8387,3032763148.16,5427302400,32.2387,
600267.SH,海正药业,2008-09-05,7.0253,7.0253,6.5412,6.7124,2396305,0.9545,2854512996.24,5108313600,30.3439,
600267.SH,海正药业,2008-09-08,6.7243,6.7243,6.4055,6.494,1478997,0.5891,2761622072,4942080000,29.3564,
600267.SH,海正药业,2008-09-09,6.494,6.5826,6.4763,6.4999,1942851,0.7739,2764132637.52,4946572800,29.3831,
600267.SH,海正药业,2008-09-10,6.494,6.6475,6.4586,6.5176,892766,0.3556,2771664334.08,4960051200,29.4632,
600267.SH,海正药业,2008-09-11,6.494,6.7833,6.494,6.7006,1114403,0.4439,2849491865.2,5099328000,30.2905,
600267.SH,海正药业,2008-09-12,6.7006,6.7006,6.7006,6.7006,--,--,2849491865.2,5099328000,30.2905,
600267.SH,海正药业,2008-09-16,6.7006,6.9958,6.2579,6.86,919464,0.3662,2917277134.24,5220633600,31.0111,
600267.SH,海正药业,2008-09-17,6.86,7.0726,6.7006,7.0076,942178,0.3753,2980041272.24,5332953600,31.6782,
600267.SH,海正药业,2008-09-18,6.86,7.0135,6.5176,7.0076,1098401,0.4375,2980041272.24,5332953600,31.6782,
600267.SH,海正药业,2008-09-19,7.6629,7.7102,7.3796,7.7102,2197872,0.8754,3278798569.12,5867596800,34.8541,
600267.SH,海正药业,2008-09-22,8.1234,8.4835,7.3796,7.7043,2959133,1.1787,3276288003.6,5863104000,34.8274,
600267.SH,海正药业,2008-09-23,7.1434,7.6039,7.1434,7.415,1117627,0.4452,3153270293.12,5642956800,33.5197,
600267.SH,海正药业,2008-09-24,7.1552,7.5567,7.1552,7.5331,771786,0.3074,3203481603.52,5732812800,34.0534,
600267.SH,海正药业,2008-09-25,7.6688,7.7574,7.4091,7.7102,1389716,0.5535,3278798569.12,5867596800,34.8541,
600267.SH,海正药业,2008-09-26,7.7279,7.7928,7.4386,7.4622,1075193,0.4283,3173354817.28,5678899200,33.7332,
600267.SH,海正药业,2008-10-06,7.35,7.4386,7.2024,7.2084,907740,0.3616,3065400499.92,5485708800,32.5856,
600267.SH,海正药业,2008-10-07,7.0194,7.6157,7.0194,7.4799,692504,0.2758,3180886513.84,5692377600,33.8133,
600267.SH,海正药业,2008-10-08,7.3146,7.8814,7.2379,7.6334,2770460,1.1035,3246161217.36,5809190400,34.5071,
600267.SH,海正药业,2008-10-09,7.781,7.8637,7.4386,7.6157,894330,0.3562,3238629520.8,5795712000,34.4271,
600267.SH,海正药业,2008-10-10,7.3796,7.4327,7.3146,7.3559,920732,0.3667,3128164637.92,5598028800,33.2528,
600267.SH,海正药业,2008-10-13,7.0844,7.5094,7.0844,7.4799,720649,0.287,3180886513.84,5692377600,33.8133,
600267.SH,海正药业,2008-10-14,7.84,7.84,7.2674,7.5271,1356125,0.5402,3200971038,5728320000,34.0268,
600267.SH,海正药业,2008-10-15,7.474,7.9699,7.474,7.9109,2184412,0.8701,3364157796.8,6020352000,35.7615,
600267.SH,海正药业,2008-10-16,7.6452,7.7338,7.3146,7.3796,1403239,0.5589,3138206900,5616000000,33.3596,
600267.SH,海正药业,2008-10-17,7.3973,7.657,7.3028,7.5035,563145,0.2243,3190928775.92,5710348800,33.92,
600267.SH,海正药业,2008-10-20,7.5626,7.5626,7.3146,7.4563,873888,0.3481,3170844251.76,5674406400,33.7065,
600267.SH,海正药业,2008-10-21,7.5508,7.5508,7.3205,7.3441,1097246,0.4371,3123143506.88,5589043200,33.1994,
600267.SH,海正药业,2008-10-22,7.3796,7.3796,7.0903,7.2969,764422,0.3045,3103058982.72,5553100800,32.9859,
600267.SH,海正药业,2008-10-23,7.1729,7.3796,6.9781,7.3028,1096031,0.4366,3105569548.24,5557593600,33.0126,
600267.SH,海正药业,2008-10-24,7.3382,7.3855,7.2024,7.3382,747365,0.2977,3120632941.36,5584550400,33.1728,
600267.SH,海正药业,2008-10-27,7.2497,7.3677,7.043,7.3146,736611,0.2934,3110590679.28,5566579200,33.066,
600267.SH,海正药业,2008-10-28,7.232,7.4976,6.7951,7.4445,1462104,0.5824,3165823120.72,5665420800,31.4848,
600267.SH,海正药业,2008-10-29,7.4445,7.4976,6.7006,6.7006,1303767,0.5193,2849491865.2,5099328000,28.3388,
600267.SH,海正药业,2008-10-30,6.7065,6.8777,6.4055,6.7538,1473912,0.5871,2872086954.88,5139763200,28.5636,
600267.SH,海正药业,2008-10-31,6.7302,6.7302,6.3818,6.3818,1648284,0.6565,2713921327.12,4856716800,26.9906,
600267.SH,海正药业,2008-11-03,6.4055,6.4055,6.0217,6.0749,2606519,1.0382,2583371920.08,4623091200,25.6922,
600267.SH,海正药业,2008-11-04,5.9509,6.1811,5.9509,6.1162,870163,0.3466,2600945878.72,4654540800,25.867,
600267.SH,海正药业,2008-11-05,6.1398,6.3996,6.1398,6.3582,806129,0.3211,2703879065.04,4838745600,26.8907,
600267.SH,海正药业,2008-11-06,6.252,6.3759,6.2106,6.3405,377738,0.1505,2696347368.48,4825267200,26.8158,
600267.SH,海正药业,2008-11-07,6.3405,6.4704,6.1752,6.435,303850,0.121,2736516416.8,4897152000,27.2153,
600267.SH,海正药业,2008-11-10,6.5826,6.8069,6.4704,6.7479,772213,0.3076,2869576389.36,5135270400,28.5386,
600267.SH,海正药业,2008-11-11,6.7538,6.7774,6.5885,6.7361,1081130,0.4306,2864555258.32,5126284800,28.4887,
600267.SH,海正药业,2008-11-12,6.6652,6.7715,6.6475,6.7302,287601,0.1146,2862044692.8,5121792000,28.4637,
600267.SH,海正药业,2008-11-13,6.618,6.9663,6.6121,6.7951,2020962,0.805,2889660913.52,5171212800,28.7383,
600267.SH,海正药业,2008-11-14,6.8482,7.0549,6.7479,6.9663,2817458,1.1222,2962467313.6,5301504000,29.4624,
600267.SH,海正药业,2008-11-17,7.1257,7.232,6.9958,7.2202,1744553,0.6949,3070421630.96,5494694400,30.536,
600267.SH,海正药业,2008-11-18,7.1729,7.3205,6.7243,6.7833,1702608,0.6782,2884639782.48,5162227200,28.6884,
600267.SH,海正药业,2008-11-19,6.6829,7.291,6.6829,7.2615,1217423,0.4849,3087995589.6,5526144000,30.7108,
600267.SH,海正药业,2008-11-20,7.1139,7.4858,7.0017,7.3264,1071906,0.427,3115611810.32,5575564800,30.9855,
600267.SH,海正药业,2008-11-21,7.2615,7.3796,6.9073,7.0844,937155,0.3733,3012678624,5391360000,29.9618,
600267.SH,海正药业,2008-11-24,7.0549,7.5153,7.0135,7.35,1582199,0.6302,3125654072.4,5593536000,31.0853,
600267.SH,海正药业,2008-11-25,7.3677,7.539,6.9958,7.2674,906320,0.361,3090506155.12,5530636800,30.7358,
600267.SH,海正药业,2008-11-26,7.0549,7.232,7.0253,7.0549,348891,0.139,3000125796.4,5368896000,29.8369,
600267.SH,海正药业,2008-11-27,7.5567,7.5567,7.0844,7.0903,1142613,0.4551,3015189189.52,5395852800,29.9867,
600267.SH,海正药业,2008-11-28,7.049,7.2556,7.0312,7.2024,810963,0.323,3062889934.4,5481216000,30.4611,
600267.SH,海正药业,2008-12-01,7.2024,7.3382,7.0017,7.3323,639178,0.2546,3118122375.84,5580057600,31.0104,
600267.SH,海正药业,2008-12-02,7.1965,7.4386,7.1729,7.3441,1398365,0.557,3123143506.88,5589043200,31.0604,
600267.SH,海正药业,2008-12-03,7.4681,7.6157,7.3559,7.539,1480062,0.5895,3205992169.04,5737305600,31.8843,
600267.SH,海正药业,2008-12-04,7.6039,7.8459,7.5626,7.5744,1636989,0.652,3221055562.16,5764262400,32.0341,
600267.SH,海正药业,2008-12-05,7.5744,7.7102,7.3914,7.7043,849635,0.3384,3276288003.6,5863104000,32.5834,
600267.SH,海正药业,2008-12-08,7.7043,8.4186,7.7043,8.4127,3759816,1.4976,3577555866,6402240000,35.5796,
600267.SH,海正药业,2008-12-09,8.4068,8.4068,8.0644,8.0939,1814489,0.7227,3441985327.92,6159628800,34.2313,
600267.SH,海正药业,2008-12-10,7.9994,8.3241,7.9994,8.2533,1364486,0.5435,3509770596.96,6280934400,34.9055,
600267.SH,海正药业,2008-12-11,8.2592,8.5012,7.9699,7.9876,1562417,0.6223,3396795148.56,6078758400,33.7819,
600267.SH,海正药业,2008-12-12,7.964,8.147,7.8518,8.0998,994428,0.3961,3444495893.44,6164121600,34.2563,
600267.SH,海正药业,2008-12-15,8.147,8.3419,7.6747,8.1765,576990,0.2298,3477133245.2,6222528000,34.5809,
600267.SH,海正药业,2008-12-16,7.9994,8.4776,7.9994,8.4009,864929,0.3445,3572534734.96,6393254400,35.5297,
600267.SH,海正药业,2008-12-17,8.4009,8.637,8.3241,8.33,1181612,0.4707,3542407948.72,6339340800,35.2301,
600267.SH,海正药业,2008-12-18,8.3241,8.5131,8.2356,8.5072,625340,0.2491,3617724914.32,6474124800,35.9791,
600267.SH,海正药业,2008-12-19,8.6252,9.0798,8.5603,8.9972,2886444,1.1497,3826101852.48,6847027200,38.0515,
600267.SH,海正药业,2008-12-22,8.9499,9.1684,8.8555,9.127,850871,0.3389,3881334293.92,6945868800,38.6008,
600267.SH,海正药业,2008-12-23,9.1211,9.1211,8.4776,8.7197,3895039,1.5515,3708105273.04,6635865600,36.878,
600267.SH,海正药业,2008-12-24,8.3005,8.8968,8.3005,8.885,1679856,0.6691,3778401107.6,6761664000,37.5771,
600267.SH,海正药业,2008-12-25,8.8319,8.9027,8.4953,8.7433,2391407,0.9525,3718147535.12,6653836800,36.9778,
600267.SH,海正药业,2008-12-26,8.5308,8.7905,8.5308,8.7492,1453480,0.5789,3720658100.64,6658329600,37.0028,
600267.SH,海正药业,2008-12-29,8.7433,8.7964,8.5485,8.7846,999226,0.398,3735721493.76,6685286400,37.1526,
600267.SH,海正药业,2008-12-30,8.7846,8.944,8.6488,8.7197,1320919,0.5261,3708105273.04,6635865600,36.878,
600267.SH,海正药业,2008-12-31,8.7374,8.8496,8.5426,8.82,1817915,0.7241,3750784886.88,6712243200,37.3024,
600267.SH,海正药业,2009-01-05,8.82,8.82,8.82,8.82,--,--,3750784886.88,6712243200,37.3024,
600267.SH,海正药业,2009-01-06,8.9794,9.0621,8.7138,8.82,813144,0.3239,3750784886.88,6712243200,37.3024,
600267.SH,海正药业,2009-01-07,8.8555,8.8555,8.4422,8.6784,771764,0.3074,3690531314.4,6604416000,36.7032,
600267.SH,海正药业,2009-01-08,8.6252,8.6547,8.4127,8.5012,832983,0.3318,3615214348.8,6469632000,35.9541,
600267.SH,海正药业,2009-01-09,8.5544,8.6666,8.5485,8.6547,336460,0.134,3680489052.32,6586444800,36.6033,
600267.SH,海正药业,2009-01-12,8.5603,8.9145,8.5603,8.8673,921924,0.3672,3770869411.04,6748185600,37.5022,
600267.SH,海正药业,2009-01-13,8.8673,8.8673,8.5603,8.578,372909,0.1485,3647851700.56,6528038400,36.2787,
600267.SH,海正药业,2009-01-14,8.578,8.7374,8.4953,8.702,538942,0.2147,3700573576.48,6622387200,36.803,
600267.SH,海正药业,2009-01-15,8.6666,8.7964,8.5603,8.7492,689360,0.2746,3720658100.64,6658329600,37.0028,
600267.SH,海正药业,2009-01-16,8.7964,8.8437,8.5603,8.6961,1151166,0.4585,3698063010.96,6617894400,36.7781,
600267.SH,海正药业,2009-01-19,8.6193,8.7079,8.029,8.088,5734082,2.284,3439474762.4,6155136000,34.2064,
600267.SH,海正药业,2009-01-20,8.1293,8.3182,8.0526,8.3005,4332829,1.7258,3529855121.12,6316876800,35.1052,
600267.SH,海正药业,2009-01-21,8.1943,8.2474,8.088,8.147,1771867,0.7058,3464580417.6,6200064000,34.456,
600267.SH,海正药业,2009-01-22,8.3832,8.5721,8.1825,8.2297,3373522,1.3437,3499728334.88,6262963200,34.8056,
600267.SH,海正药业,2009-01-23,8.2297,8.2533,7.9109,8.0467,4625261,1.8423,3421900803.76,6123686400,34.0316,
600267.SH,海正药业,2009-02-02,8.0526,8.3832,8.0526,8.3655,3120597,1.243,3557471341.84,6366297600,35.3799,
600267.SH,海正药业,2009-02-03,8.3655,8.4422,8.2533,8.4068,5115599,2.0376,3575045300.48,6397747200,35.5546,
600267.SH,海正药业,2009-02-04,8.4422,8.6429,8.4127,8.5249,3226647,1.2852,3625256610.88,6487603200,36.054,
600267.SH,海正药业,2009-02-05,8.5308,8.7256,8.5249,8.5544,3978506,1.5847,3637809438.48,6510067200,36.1788,
600267.SH,海正药业,2009-02-06,8.6193,8.7728,8.5308,8.7315,7712331,3.0719,3713126404.08,6644851200,36.9279,
600267.SH,海正药业,2009-02-09,8.82,9.0562,8.6725,9.0385,5514545,2.1965,3843675811.12,6878476800,38.2262,
600267.SH,海正药业,2009-02-10,8.9263,8.9676,8.7374,8.9617,5125110,2.0414,3811038459.36,6820070400,37.9016,
600267.SH,海正药业,2009-02-11,8.8555,9.1979,8.6784,8.8673,4773562,1.9014,3770869411.04,6748185600,37.5022,
600267.SH,海正药业,2009-02-12,8.9263,9.1507,8.7551,9.1329,5348874,2.1305,3883844859.44,6950361600,38.6257,
600267.SH,海正药业,2009-02-13,9.1802,9.3927,9.1034,9.3514,4241770,1.6896,3976735783.68,7116595200,39.5495,
600267.SH,海正药业,2009-02-16,9.375,9.6407,9.1566,9.5639,4490312,0.9994,7278336000,7278336000,40.4484,
600267.SH,海正药业,2009-02-17,9.5108,9.9654,9.3278,9.682,6029602,1.3421,7368192000,7368192000,40.9478,
600267.SH,海正药业,2009-02-18,9.4458,10.4613,9.4458,9.617,6376670,1.4193,7318771200,7318771200,40.6731,
600267.SH,海正药业,2009-02-19,9.6584,10.0067,9.3278,9.6111,3731141,0.8305,7314278400,7314278400,40.6481,
600267.SH,海正药业,2009-02-20,9.7764,9.7882,9.4163,9.7115,3425439,0.7624,7390656000,7390656000,41.0726,
600267.SH,海正药业,2009-02-23,9.7174,9.9476,9.4458,9.8473,4566189,1.0163,7493990400,7493990400,41.6469,
600267.SH,海正药业,2009-02-24,9.8001,9.9594,9.3632,9.375,3817604,0.8497,7134566400,7134566400,39.6494,
600267.SH,海正药业,2009-02-25,9.2805,9.499,9.127,9.2864,2928538,0.6518,7067174400,7067174400,39.2749,
600267.SH,海正药业,2009-02-26,9.192,9.4045,8.6193,8.9145,2791024,0.6212,6784128000,6784128000,37.7019,
600267.SH,海正药业,2009-02-27,8.8555,9.2982,8.6784,9.1684,2730998,0.6079,6977318400,6977318400,38.7755,
600267.SH,海正药业,2009-03-02,9.0621,9.434,8.9853,9.2569,3265729,0.7269,7044710400,7044710400,39.1501,
600267.SH,海正药业,2009-03-03,9.0621,9.8827,8.9145,9.8178,5884732,1.3098,7471526400,7471526400,38.2526,
600267.SH,海正药业,2009-03-04,9.9417,10.1484,9.7115,10.0421,9636897,2.145,7642252800,7642252800,39.1266,
600267.SH,海正药业,2009-03-05,10.0657,10.2723,9.8001,10.1602,5969694,1.3287,7732108800,7732108800,39.5867,
600267.SH,海正药业,2009-03-06,10.0362,10.2015,9.6229,9.7528,3239442,0.721,7422105600,7422105600,37.9995,
600267.SH,海正药业,2009-03-09,9.7823,9.8178,9.0326,9.7823,5281646,1.1756,7444569600,7444569600,38.1145,
600267.SH,海正药业,2009-03-10,9.6229,9.8591,9.4576,9.7233,2109051,0.4694,7399641600,7399641600,37.8845,
600267.SH,海正药业,2009-03-11,9.8591,9.9122,9.6466,9.6525,1903350,0.4236,7345728000,7345728000,37.6085,
600267.SH,海正药业,2009-03-12,9.6525,9.6702,9.2864,9.4281,1594675,0.3549,7175001600,7175001600,36.7344,
600267.SH,海正药业,2009-03-13,9.4458,9.7587,9.3396,9.3809,1399736,0.3116,7139059200,7139059200,36.5504,
600267.SH,海正药业,2009-03-16,9.3868,9.4635,9.1507,9.4104,877489,0.1953,7161523200,7161523200,36.6654,
600267.SH,海正药业,2009-03-17,9.4104,9.6761,9.2569,9.6111,3790594,0.8437,7314278400,7314278400,37.4475,
600267.SH,海正药业,2009-03-18,9.6879,9.8886,9.6761,9.6938,3911790,0.8707,7377177600,7377177600,37.7695,
600267.SH,海正药业,2009-03-19,9.6938,9.8237,9.5698,9.7528,2718991,0.6052,7422105600,7422105600,37.9995,
600267.SH,海正药业,2009-03-20,9.7528,9.7587,9.3927,9.4813,3730668,0.8304,7215436800,7215436800,36.9414,
600267.SH,海正药业,2009-03-23,9.4931,9.5816,9.3278,9.4399,5830517,1.2977,7183987200,7183987200,36.7804,
600267.SH,海正药业,2009-03-24,9.4576,9.7174,9.3691,9.6938,5591317,1.2445,7377177600,7377177600,37.7695,
600267.SH,海正药业,2009-03-25,9.6229,9.6997,9.1507,9.192,4717468,1.05,6995289600,6995289600,35.8143,
600267.SH,海正药业,2009-03-26,9.192,9.192,9.192,9.192,--,--,6995289600,6995289600,35.8143,
600267.SH,海正药业,2009-03-27,9.4104,9.4813,9.192,9.2923,4283212,0.9534,7071667200,7071667200,36.2054,
600267.SH,海正药业,2009-03-30,9.2982,9.6229,9.2687,9.4458,5212115,1.1601,7188480000,7188480000,36.8034,
600267.SH,海正药业,2009-03-31,9.375,9.5875,9.2156,9.4458,5481194,1.22,7188480000,7188480000,36.8034,
600267.SH,海正药业,2009-04-01,9.4458,9.5285,9.3514,9.4281,3832802,0.8531,7175001600,7175001600,36.7344,
600267.SH,海正药业,2009-04-02,9.4458,9.6052,9.2982,9.3337,12379390,2.7554,7103116800,7103116800,36.3664,
600267.SH,海正药业,2009-04-03,9.4104,9.4163,9.1566,9.1861,6529202,1.4533,6990796800,6990796800,35.7913,
600267.SH,海正药业,2009-04-07,9.375,9.4163,9.0857,9.1625,7821430,1.7409,6972825600,6972825600,35.6993,
600267.SH,海正药业,2009-04-08,9.1802,9.4754,9.1743,9.2392,6917449,1.5397,7031232000,7031232000,35.9983,
600267.SH,海正药业,2009-04-09,9.2274,9.4163,9.0444,9.1979,5141629,1.1444,6999782400,6999782400,35.8373,
600267.SH,海正药业,2009-04-10,9.2097,9.2746,9.0798,9.2628,6780102,1.5091,7049203200,7049203200,36.0904,
600267.SH,海正药业,2009-04-13,9.2628,9.4813,9.2392,9.4694,7158973,1.5934,7206451200,7206451200,36.8954,
600267.SH,海正药业,2009-04-14,9.5521,9.6407,9.3868,9.499,5797569,1.2904,7228915200,7228915200,37.0104,
600267.SH,海正药业,2009-04-15,9.5108,9.5757,9.3278,9.4399,5285011,1.1763,7183987200,7183987200,36.7804,
600267.SH,海正药业,2009-04-16,9.434,9.7115,9.3868,9.7056,7706175,1.7152,7386163200,7386163200,37.8155,
600267.SH,海正药业,2009-04-17,9.682,9.806,9.3396,9.3514,6929813,1.5424,7116595200,7116595200,36.4354,
600267.SH,海正药业,2009-04-20,9.31,9.3986,9.1861,9.3396,6530354,1.4535,7107609600,7107609600,36.3894,
600267.SH,海正药业,2009-04-21,9.2982,9.3219,9.127,9.1802,5639112,1.2551,6986304000,6986304000,34.9021,
600267.SH,海正药业,2009-04-22,9.2156,9.3219,8.7964,8.8023,5655058,1.2587,6698764800,6698764800,33.4656,
600267.SH,海正药业,2009-04-23,8.761,8.9322,8.6429,8.8909,3731663,0.8306,6766156800,6766156800,33.8023,
600267.SH,海正药业,2009-04-24,8.8909,8.944,8.7138,8.7315,3218352,0.7163,6644851200,6644851200,33.1963,
600267.SH,海正药业,2009-04-27,8.7374,8.9145,8.6193,8.7728,2806920,0.6248,6676300800,6676300800,33.3534,
600267.SH,海正药业,2009-04-28,8.8259,9.2687,8.8141,9.2569,6687169,1.4884,7044710400,7044710400,35.1939,
600267.SH,海正药业,2009-04-29,9.316,9.3455,8.9145,8.9972,6095045,1.3566,6847027200,6847027200,34.2063,
600267.SH,海正药业,2009-04-30,9.009,9.0739,8.7964,8.8909,4407582,0.981,6766156800,6766156800,33.8023,
600267.SH,海正药业,2009-05-04,8.8909,8.9913,8.8378,8.9676,6127246,1.3638,6824563200,6824563200,34.0941,
600267.SH,海正药业,2009-05-05,9.009,9.0149,8.7846,8.8555,6720855,1.4959,6739200000,6739200000,33.6676,
600267.SH,海正药业,2009-05-06,8.8555,8.8555,8.6902,8.8259,9833661,2.1888,6716736000,6716736000,33.5554,
600267.SH,海正药业,2009-05-07,8.8437,8.9086,8.5426,8.6843,8647290,1.9247,6608908800,6608908800,33.0167,
600267.SH,海正药业,2009-05-08,8.6606,8.82,8.5485,8.6961,8649593,1.9252,6617894400,6617894400,33.0616,
600267.SH,海正药业,2009-05-11,8.7669,8.7964,8.4717,8.519,8393219,1.8681,6483110400,6483110400,32.3883,
600267.SH,海正药业,2009-05-12,8.5249,8.6429,8.5131,8.578,4957371,1.1034,6528038400,6528038400,32.6127,
600267.SH,海正药业,2009-05-13,8.6016,8.6606,8.4245,8.4363,10739164,2.3903,6420211200,6420211200,32.074,
600267.SH,海正药业,2009-05-14,8.4953,9.2805,8.4422,9.2805,19758606,4.3978,7062681600,7062681600,35.2837,
600267.SH,海正药业,2009-05-15,9.5344,10.2074,9.3868,10.0539,49296980,10.9724,7651238400,7651238400,38.224,
600267.SH,海正药业,2009-05-18,9.9358,9.9358,9.375,9.6702,17779096,3.9572,7359206400,7359206400,36.765,
600267.SH,海正药业,2009-05-19,9.7236,10.181,9.6227,9.789,14476443,3.2221,7404134400,7404134400,36.9895,
600267.SH,海正药业,2009-05-20,9.789,9.789,9.3375,9.3732,14813835,3.2972,7089638400,7089638400,35.4183,
600267.SH,海正药业,2009-05-21,9.391,9.486,8.993,9.0524,10145410,2.2581,6847027200,6847027200,34.2063,
600267.SH,海正药业,2009-05-22,9.0584,9.593,9.0584,9.4504,14306153,3.1842,7148044800,7148044800,35.7101,
600267.SH,海正药业,2009-05-25,9.3851,9.8008,9.3078,9.6524,18424431,4.1009,7300800000,7300800000,36.4733,
600267.SH,海正药业,2009-05-26,9.7058,9.7058,9.2781,9.3078,6464942,1.439,7040217600,7040217600,35.1714,
600267.SH,海正药业,2009-05-27,9.3138,9.4088,8.999,9.0881,5953049,1.325,6873984000,6873984000,34.341,
600267.SH,海正药业,2009-06-01,9.1772,9.29,9.0405,9.2663,6573321,1.4631,7008768000,7008768000,35.0143,
600267.SH,海正药业,2009-06-02,10.1929,10.1929,9.5751,9.6939,43731248,9.7336,7332249600,7332249600,36.6304,
600267.SH,海正药业,2009-06-03,9.6821,10.4305,9.4326,9.9731,31492240,7.0095,7543411200,7543411200,37.6853,
600267.SH,海正药业,2009-06-04,10.0266,10.3176,9.6939,9.9018,19194375,4.2723,7489497600,7489497600,37.416,
600267.SH,海正药业,2009-06-05,9.7771,10.0622,9.7296,9.9612,15139778,3.3698,7534425600,7534425600,37.6404,
600267.SH,海正药业,2009-06-08,9.9969,10.0087,9.7177,9.9375,10653458,2.3712,7516454400,7516454400,37.5506,
600267.SH,海正药业,2009-06-09,9.8008,9.9137,9.492,9.6702,10829851,2.4105,7314278400,7314278400,36.5406,
600267.SH,海正药业,2009-06-10,9.7236,9.884,9.6108,9.8484,8938133,1.9894,7449062400,7449062400,37.2139,
600267.SH,海正药业,2009-06-11,9.8246,10.0563,9.6286,9.9256,12924535,2.8767,7507468800,7507468800,37.5057,
600267.SH,海正药业,2009-06-12,10.1572,10.68,10.1335,10.1751,25136601,5.5949,7696166400,7696166400,38.4484,
600267.SH,海正药业,2009-06-15,10.2166,10.4186,9.9909,10.1691,10505846,2.3384,7691673600,7691673600,38.426,
600267.SH,海正药业,2009-06-16,10.0978,10.3057,9.9196,10.2107,9672049,2.1528,7723123200,7723123200,38.5831,
600267.SH,海正药业,2009-06-17,10.1157,10.6027,10.0384,10.3711,16397276,3.6497,7844428800,7844428800,39.1891,
600267.SH,海正药业,2009-06-18,10.4424,11.1551,10.3295,10.9888,24426603,5.4368,8311680000,8311680000,41.5234,
600267.SH,海正药业,2009-06-19,11.0304,11.6422,10.573,10.5968,25559788,5.6891,8015155200,8015155200,40.042,
600267.SH,海正药业,2009-06-22,10.4008,10.6027,10.2107,10.3592,17992197,4.0047,7835443200,7835443200,39.1442,
600267.SH,海正药业,2009-06-23,10.2048,10.5136,10.181,10.3414,7948617,1.7692,7821964800,7821964800,39.0769,
600267.SH,海正药业,2009-06-24,10.3889,10.3948,10.1097,10.1691,8063616,1.7948,7691673600,7691673600,38.426,
600267.SH,海正药业,2009-06-25,10.1869,10.2939,10.0978,10.1454,6169102,1.3731,7673702400,7673702400,38.3362,
600267.SH,海正药业,2009-06-26,10.2166,10.2463,10.1157,10.2107,4508464,1.0035,7723123200,7723123200,38.5831,
600267.SH,海正药业,2009-06-29,10.2166,10.3057,9.9018,10.08,9014940,2.0065,7624281600,7624281600,38.0893,
600267.SH,海正药业,2009-06-30,10.0919,10.3473,9.9909,10.0978,8151134,1.8143,7637760000,7637760000,38.1566,
600267.SH,海正药业,2009-07-01,10.1454,10.2048,9.8899,9.9909,7652379,1.7033,7556889600,7556889600,37.7526,
600267.SH,海正药业,2009-07-02,10.0325,10.086,9.8899,10.0266,7923781,1.7637,7583846400,7583846400,37.8873,
600267.SH,海正药业,2009-07-03,10.0147,10.1038,9.9375,10.0266,6182758,1.3761,7583846400,7583846400,37.8873,
600267.SH,海正药业,2009-07-06,10.0087,10.0147,9.7711,9.8721,6621579,1.4738,7467033600,7467033600,37.3037,
600267.SH,海正药业,2009-07-07,9.8484,10.1454,9.8424,10.08,7045191,1.5681,7624281600,7624281600,38.0893,
600267.SH,海正药业,2009-07-08,10.0503,10.0503,9.8721,9.9672,3443265,0.7664,7538918400,7538918400,37.6628,
600267.SH,海正药业,2009-07-09,10.0622,10.2701,10.0563,10.1691,7918736,1.7625,7691673600,7691673600,38.426,
600267.SH,海正药业,2009-07-10,10.2166,10.2701,10.0563,10.0741,5590301,1.2443,7619788800,7619788800,38.0669,
600267.SH,海正药业,2009-07-13,10.0563,10.2404,10.0087,10.1751,6684918,1.4879,7696166400,7696166400,38.4484,
600267.SH,海正药业,2009-07-14,10.181,10.3354,10.181,10.2642,8839859,1.9676,7763558400,7763558400,38.7851,
600267.SH,海正药业,2009-07-15,10.3057,10.3473,10.1572,10.1869,6812809,1.5164,7705152000,7705152000,38.4933,
600267.SH,海正药业,2009-07-16,10.2701,10.3236,9.9493,9.9731,11026227,2.4542,7543411200,7543411200,37.6853,
600267.SH,海正药业,2009-07-17,9.9315,10.0325,9.7711,9.8424,11886134,2.6456,7444569600,7444569600,37.1915,
600267.SH,海正药业,2009-07-20,9.8602,10.0384,9.8602,9.9137,12012712,2.6738,7498483200,7498483200,37.4608,
600267.SH,海正药业,2009-07-21,9.9493,9.9731,9.8008,9.8246,11060397,2.4618,7431091200,7431091200,37.1242,
600267.SH,海正药业,2009-07-22,9.8543,9.9375,9.7711,9.8602,9350006,2.0811,7458048000,7458048000,37.2588,
600267.SH,海正药业,2009-07-23,9.8721,9.9612,9.8424,9.9553,10508286,2.3389,7529932800,7529932800,37.618,
600267.SH,海正药业,2009-07-24,9.9731,10.1454,9.8721,9.9969,11582857,2.5781,7561382400,7561382400,37.7751,
600267.SH,海正药业,2009-07-27,10.0444,10.3117,10.0444,10.2107,12994545,2.8923,7723123200,7723123200,38.5831,
600267.SH,海正药业,2009-07-28,10.276,10.3057,10.0384,10.1275,10697852,2.3811,7660224000,7660224000,38.2689,
600267.SH,海正药业,2009-07-29,10.1394,10.2226,9.2187,9.5395,11346125,2.5254,7215436800,7215436800,36.0468,
600267.SH,海正药业,2009-07-30,9.5336,9.6939,9.2069,9.4742,8816065,1.9623,7166016000,7166016000,35.7999,
600267.SH,海正药业,2009-07-31,9.4148,9.6108,9.4148,9.6108,6337063,1.4105,7269350400,7269350400,36.3161,
600267.SH,海正药业,2009-08-03,9.6286,9.7474,9.5336,9.7415,9426045,2.098,7368192000,7368192000,36.8099,
600267.SH,海正药业,2009-08-04,9.7296,9.9672,9.6524,9.9196,10735797,2.3896,7502976000,7502976000,37.4833,
600267.SH,海正药业,2009-08-05,9.9196,10.2166,9.8899,10.1097,11968679,2.664,7646745600,7646745600,38.2015,
600267.SH,海正药业,2009-08-06,10.1157,10.4602,9.9969,10.2404,19236227,4.2816,7745587200,7745587200,38.6953,
600267.SH,海正药业,2009-08-07,10.2166,10.4483,10.0384,10.0622,13317746,2.9642,7610803200,7610803200,38.022,
600267.SH,海正药业,2009-08-10,10.2523,10.2998,10.0444,10.2107,9818177,2.1853,7723123200,7723123200,38.5831,
600267.SH,海正药业,2009-08-11,10.2642,10.2998,9.9137,9.979,6082597,1.3539,7547904000,7547904000,37.7077,
600267.SH,海正药业,2009-08-12,9.9196,10.0622,9.4445,9.4623,5706259,1.2701,7157030400,7157030400,35.755,
600267.SH,海正药业,2009-08-13,9.5454,9.5633,9.2247,9.3851,6024412,1.3409,7098624000,7098624000,35.4632,
600267.SH,海正药业,2009-08-14,9.391,9.4148,8.9277,8.9455,4585179,1.0206,6766156800,6766156800,33.8023,
600267.SH,海正药业,2009-08-17,8.8623,8.9039,8.4347,8.4406,4759312,1.0593,6384268800,6384268800,31.8945,
600267.SH,海正药业,2009-08-18,8.3159,8.7554,8.3099,8.702,4109645,0.9147,6581952000,6581952000,32.882,
600267.SH,海正药业,2009-08-19,8.8148,8.9693,8.4644,8.4881,5052649,1.1246,6420211200,6420211200,32.074,
600267.SH,海正药业,2009-08-20,8.6307,8.7317,8.5119,8.6129,4381092,0.9751,6514560000,6514560000,32.5454,
600267.SH,海正药业,2009-08-21,8.6129,9.0999,8.5594,8.9396,6301907,1.4027,6761664000,6761664000,33.7798,
600267.SH,海正药业,2009-08-24,8.9455,9.6048,8.9099,9.5039,10015848,2.2293,7188480000,7188480000,35.9121,
600267.SH,海正药业,2009-08-25,9.5039,9.6345,9.3554,9.5336,10681780,2.3775,7210944000,7210944000,36.0244,
600267.SH,海正药业,2009-08-26,9.5633,9.8305,9.4445,9.7415,9736338,2.1671,7368192000,7368192000,36.8099,
600267.SH,海正药业,2009-08-27,9.7236,10.2939,9.6286,10.1394,14452453,3.2168,7669209600,7669209600,38.3138,
600267.SH,海正药业,2009-08-28,10.0147,10.1929,9.8602,10.0087,9107262,2.0271,7570368000,7570368000,34.5594,
600267.SH,海正药业,2009-08-31,9.979,10.3948,9.8959,10.0325,27232970,6.0615,7588339200,7588339200,34.6415,
600267.SH,海正药业,2009-09-01,9.9196,10.0206,9.3851,9.9553,8064260,1.7949,7529932800,7529932800,34.3749,
600267.SH,海正药业,2009-09-02,9.8602,9.8959,9.3851,9.4326,4745041,1.0561,7134566400,7134566400,32.57,
600267.SH,海正药业,2009-09-03,9.4385,9.8008,9.4385,9.6167,6762785,1.5052,7273843200,7273843200,33.2058,
600267.SH,海正药业,2009-09-04,9.6702,10.4958,9.6345,10.3889,21370386,4.7566,7857907200,7857907200,35.8721,
600267.SH,海正药业,2009-09-07,10.9294,11.4284,10.9294,11.4284,39732288,8.8435,8644147200,8644147200,39.4614,
600267.SH,海正药业,2009-09-08,11.5591,11.5591,10.9176,11.1076,27930076,6.2166,8401536000,8401536000,38.3538,
600267.SH,海正药业,2009-09-09,10.876,11.7016,10.7037,11.5175,24560666,5.4667,8711539200,8711539200,39.769,
600267.SH,海正药业,2009-09-10,11.167,11.4878,11.0601,11.0661,10035915,2.2338,8370086400,8370086400,38.2102,
600267.SH,海正药业,2009-09-11,10.9888,11.8382,10.977,11.6897,13631367,3.034,8841830400,8841830400,40.3638,
600267.SH,海正药业,2009-09-14,11.6957,12.6758,11.5234,12.1531,19123831,4.2566,9192268800,9192268800,41.9636,
600267.SH,海正药业,2009-09-15,12.0283,12.4679,11.8858,11.9214,14544286,3.2372,9017049600,9017049600,41.1637,
600267.SH,海正药业,2009-09-16,11.767,12.0818,11.4937,11.7373,10049601,2.2368,8877772800,8877772800,40.5279,
600267.SH,海正药业,2009-09-17,11.7373,11.9155,11.5888,11.6957,8973023,1.9972,8846323200,8846323200,40.3843,
600267.SH,海正药业,2009-09-18,11.7313,12.4738,11.7313,11.8679,13989489,3.1138,8976614400,8976614400,40.9791,
600267.SH,海正药业,2009-09-21,11.6422,12.2956,11.6422,12.1293,11320961,2.5198,9174297600,9174297600,41.8815,
600267.SH,海正药业,2009-09-22,12.1234,12.5926,11.9749,12.2481,8868175,1.9739,9264153600,9264153600,42.2917,
600267.SH,海正药业,2009-09-23,12.2481,12.3669,11.5531,11.6066,9027946,2.0094,8778931200,8778931200,40.0767,
600267.SH,海正药业,2009-09-24,11.4818,11.6363,11.0364,11.173,5838517,1.2995,8450956800,8450956800,38.5794,
600267.SH,海正药业,2009-09-25,11.0957,11.3452,10.7512,10.8403,4638416,1.0324,8199360000,8199360000,37.4309,
600267.SH,海正药业,2009-09-28,11.0364,11.3809,10.9294,11.0007,6630153,1.4757,8320665600,8320665600,37.9846,
600267.SH,海正药业,2009-09-29,11.0482,11.0779,10.6324,10.876,4586102,1.0208,8226316800,8226316800,37.5539,
600267.SH,海正药业,2009-09-30,10.8997,11.3987,10.8997,11.3571,4786751,1.0654,8590233600,8590233600,39.2152,
600267.SH,海正药业,2009-10-09,11.5472,11.8679,11.2858,11.6541,6514644,1.45,8814873600,8814873600,40.2407,
600267.SH,海正药业,2009-10-12,11.761,11.761,11.3927,11.4878,3645344,0.8114,8689075200,8689075200,39.6665,
600267.SH,海正药业,2009-10-13,11.4521,11.9333,11.363,11.8976,4048417,0.9011,8999078400,8999078400,41.0816,
600267.SH,海正药业,2009-10-14,11.9095,12.1946,11.5947,11.7491,7502308,1.6699,8886758400,8886758400,40.5689,
600267.SH,海正药业,2009-10-15,11.8501,11.8679,11.3927,11.5115,5867119,1.3059,8707046400,8707046400,39.7485,
600267.SH,海正药业,2009-10-16,11.5531,11.6422,11.2145,11.464,3648888,0.8122,8671104000,8671104000,39.5844,
600267.SH,海正药业,2009-10-19,11.5115,11.8145,11.3927,11.4818,6039690,1.3443,8684582400,8684582400,39.6459,
600267.SH,海正药业,2009-10-20,11.6363,11.6363,11.1551,11.1967,15756012,3.5069,8468928000,8468928000,38.6615,
600267.SH,海正药业,2009-10-21,11.2145,11.363,11.0185,11.0542,13200554,2.9382,8361100800,8361100800,38.1692,
600267.SH,海正药业,2009-10-22,11.0482,11.167,11.0007,11.1433,10992764,2.4468,8428492800,8428492800,38.4769,
600267.SH,海正药业,2009-10-23,11.1492,11.3333,11.1076,11.268,10900206,2.4261,8522841600,8522841600,38.9076,
600267.SH,海正药业,2009-10-26,11.6125,12.3669,11.5294,12.1768,35585066,7.9205,9210240000,9210240000,42.0456,
600267.SH,海正药业,2009-10-27,12.1531,12.2362,11.761,11.9214,20298881,4.5181,9017049600,9017049600,41.1637,
600267.SH,海正药业,2009-10-28,12.2956,12.5332,11.7016,11.7491,20778427,4.6248,8886758400,8886758400,40.5689,
600267.SH,海正药业,2009-10-29,11.7491,11.7491,11.7491,11.7491,--,--,9569168400,9569168400,40.5689,
600267.SH,海正药业,2009-10-30,11.7491,11.7491,11.7491,11.7491,--,--,9569168400,9569168400,35.1271,
600267.SH,海正药业,2009-11-02,11.7491,11.7491,11.7491,11.7491,--,--,9569168400,9569168400,35.1271,
600267.SH,海正药业,2009-11-03,11.7491,11.7491,11.7491,11.7491,--,--,9569168400,9569168400,35.1271,
600267.SH,海正药业,2009-11-04,12.9252,12.9252,12.9252,12.9252,4093451,0.8461,10527052800,10527052800,38.6434,
600267.SH,海正药业,2009-11-05,13.6499,14.2201,13.3351,14.2201,38548661,7.9682,11581693200,11581693200,42.5149,
600267.SH,海正药业,2009-11-06,14.2558,14.8379,13.8459,13.8756,34158007,7.0606,11301100800,11301100800,41.4848,
600267.SH,海正药业,2009-11-09,13.6677,14.2558,13.4717,14.1607,19769213,4.0864,11533315200,11533315200,42.3373,
600267.SH,海正药业,2009-11-10,14.3152,15.5329,14.1964,15.1289,22599045,4.6713,12321876600,12321876600,45.232,
600267.SH,海正药业,2009-11-11,14.8498,15.3844,14.3746,14.535,20491890,4.2358,11838096600,11838096600,46.7931,
600267.SH,海正药业,2009-11-12,14.5231,14.731,13.9707,14.2142,12763410,2.6383,11576855400,11576855400,45.7604,
600267.SH,海正药业,2009-11-13,14.1964,14.4577,13.8459,14.2083,10544572,2.1796,11572017600,11572017600,45.7413,
600267.SH,海正药业,2009-11-16,14.1548,14.4637,13.9469,14.2498,15292635,3.1611,11605882200,11605882200,45.8752,
600267.SH,海正药业,2009-11-17,14.1964,14.6003,13.8875,14.3568,16568839,3.4249,11692962600,11692962600,46.2194,
600267.SH,海正药业,2009-11-18,14.2558,14.8082,14.137,14.5587,15465748,3.1969,11857447800,11857447800,46.8695,
600267.SH,海正药业,2009-11-19,14.5825,14.725,14.2558,14.4162,11374149,2.3511,11741340600,11741340600,46.4106,
600267.SH,海正药业,2009-11-20,14.4162,14.5409,14.232,14.3805,8690777,1.7964,11712313800,11712313800,46.2959,
600267.SH,海正药业,2009-11-23,14.3686,15.4616,14.137,15.1586,17995739,3.7198,12346065600,12346065600,48.8009,
600267.SH,海正药业,2009-11-24,14.9686,15.325,14.2558,14.3152,12318634,2.5463,11659098000,11659098000,46.0855,
600267.SH,海正药业,2009-11-25,14.2558,14.5647,13.6262,14.4577,8249620,1.7052,11775205200,11775205200,46.5445,
600267.SH,海正药业,2009-11-26,14.3449,14.4459,13.246,13.341,8771772,1.8132,10865698800,10865698800,42.9494,
600267.SH,海正药业,2009-11-27,13.341,13.935,13.1807,13.4539,7351125,1.5195,10957617000,10957617000,43.3127,
600267.SH,海正药业,2009-11-30,13.6024,13.9469,13.543,13.8875,4127988,0.8533,11310776400,11310776400,44.7087,
600267.SH,海正药业,2009-12-01,13.8816,14.4934,13.8816,14.3033,6572112,1.3585,11649422400,11649422400,46.0473,
600267.SH,海正药业,2009-12-02,14.2558,14.3746,13.9647,14.131,5934988,1.2268,11509126200,11509126200,45.4927,
600267.SH,海正药业,2009-12-03,14.1429,14.2261,13.6855,13.834,7478387,1.5458,11267236200,11267236200,44.5366,
600267.SH,海正药业,2009-12-04,13.7687,13.9885,13.1866,13.3529,7933898,1.64,10875374400,10875374400,42.9877,
600267.SH,海正药业,2009-12-07,13.3589,13.4598,13.3054,13.4301,7301254,1.5092,10938265800,10938265800,43.2362,
600267.SH,海正药业,2009-12-08,13.4301,13.4301,13.1331,13.3589,5053661,1.0446,10880212200,10880212200,43.0068,
600267.SH,海正药业,2009-12-09,13.2995,13.7034,13.145,13.246,6576990,1.3595,10788294000,10788294000,42.6434,
600267.SH,海正药业,2009-12-10,13.1985,13.3945,13.1985,13.3292,3163941,0.654,10856023200,10856023200,42.9112,
600267.SH,海正药业,2009-12-11,13.4123,13.4123,13.2638,13.3054,3377730,0.6982,10836672000,10836672000,42.8347,
600267.SH,海正药业,2009-12-14,13.3292,13.3292,12.8837,13.1569,3321316,0.6865,10715727000,10715727000,42.3566,
600267.SH,海正药业,2009-12-15,13.1747,14.0776,13.1213,13.7746,12544571,2.593,11218858200,11218858200,44.3454,
600267.SH,海正药业,2009-12-16,13.7687,14.0479,13.6618,13.7984,5150894,1.0647,11238209400,11238209400,44.4218,
600267.SH,海正药业,2009-12-17,13.7687,13.8875,13.2757,13.4064,3710418,0.767,10918914600,10918914600,43.1598,
600267.SH,海正药业,2009-12-18,13.2519,13.448,12.8955,13.3707,3183872,0.6581,10889887800,10889887800,43.045,
600267.SH,海正药业,2009-12-21,13.3707,13.4004,12.949,13.0975,2630836,0.5438,10667349000,10667349000,42.1654,
600267.SH,海正药业,2009-12-22,13.1272,13.3113,13.0678,13.1807,4570413,0.9447,10735078200,10735078200,42.4331,
600267.SH,海正药业,2009-12-23,13.1807,13.5965,13.1272,13.5371,3528914,0.7294,11025346200,11025346200,43.5805,
600267.SH,海正药业,2009-12-24,13.5371,14.2558,13.5371,14.2261,7905631,1.6341,11586531000,11586531000,45.7987,
600267.SH,海正药业,2009-12-25,14.2558,14.4874,14.137,14.1786,7207588,1.4898,11547828600,11547828600,45.6457,
600267.SH,海正药业,2009-12-28,14.2677,14.5825,14.137,14.5765,6679542,1.3807,11871961200,11871961200,46.9269,
600267.SH,海正药业,2009-12-29,14.5825,14.6122,14.3865,14.6122,4913884,1.0157,11900988000,11900988000,47.0416,
600267.SH,海正药业,2009-12-30,14.6122,14.6716,14.2855,14.3508,6707577,1.3865,11688124800,11688124800,46.2003,
600267.SH,海正药业,2009-12-31,14.333,14.4221,13.9588,14.333,6731487,1.3914,11673611400,11673611400,46.1429,
600267.SH,海正药业,2010-01-04,14.2558,14.3152,14.0598,14.238,3847783,0.7954,11596206600,11596206600,45.8369,
600267.SH,海正药业,2010-01-05,14.1904,14.4102,14.0835,14.3508,3161125,0.6534,11688124800,11688124800,46.2003,
600267.SH,海正药业,2010-01-06,14.3389,14.7904,14.2617,14.2974,4970090,1.0273,11644584600,11644584600,46.0281,
600267.SH,海正药业,2010-01-07,14.2974,14.3211,13.543,13.7509,3393535,0.7015,11199507000,11199507000,44.2689,
600267.SH,海正药业,2010-01-08,13.6618,14.0301,13.543,13.935,4803947,0.993,11349478800,11349478800,44.8617,
600267.SH,海正药业,2010-01-11,14.0776,14.3508,13.6618,13.8875,3901953,0.8066,11310776400,11310776400,44.7087,
600267.SH,海正药业,2010-01-12,13.8875,14.6597,13.8875,14.5587,10608441,2.1928,11857447800,11857447800,46.8695,
600267.SH,海正药业,2010-01-13,14.3152,14.9864,14.2439,14.5171,9427947,1.9488,11823583200,11823583200,46.7357,
600267.SH,海正药业,2010-01-14,14.5587,15.9665,14.4934,15.9665,16021878,3.3118,13004006400,13004006400,51.4016,
600267.SH,海正药业,2010-01-15,15.919,16.0912,15.6398,15.9011,6068452,1.2544,12950790600,12950790600,51.1913,
600267.SH,海正药业,2010-01-18,15.7883,16.602,15.7883,16.3347,4820613,0.9964,13303950000,13303950000,52.5872,
600267.SH,海正药业,2010-01-19,16.2278,16.4417,15.6932,15.9962,5371578,1.1103,13028195400,13028195400,51.4972,
600267.SH,海正药业,2010-01-20,15.7645,16.2575,15.2656,15.3844,5432269,1.1229,12529902000,12529902000,49.5276,
600267.SH,海正药业,2010-01-21,15.3844,15.7348,15.1527,15.325,2128536,0.44,12481524000,12481524000,49.3364,
600267.SH,海正药业,2010-01-22,15.2656,15.5388,14.6359,14.8735,3744189,0.7739,12113851200,12113851200,47.883,
600267.SH,海正药业,2010-01-25,14.6181,15.1765,14.6181,14.9151,3325802,0.6875,12147715800,12147715800,48.0169,
600267.SH,海正药业,2010-01-26,14.8023,15.325,14.63,14.8498,5080027,1.0501,12094500000,12094500000,47.8066,
600267.SH,海正药业,2010-01-27,14.8498,15.1408,14.3746,15.0339,3616645,0.7476,12244471800,12244471800,48.3994,
600267.SH,海正药业,2010-01-28,14.8498,15.2359,14.7072,15.1349,3145884,0.6503,12326714400,12326714400,48.7244,
600267.SH,海正药业,2010-01-29,15.028,15.6041,14.8795,15.3428,3535010,0.7307,12496037400,12496037400,49.3937,
600267.SH,海正药业,2010-02-01,15.3368,15.7883,14.7904,14.9151,3882926,0.8026,12147715800,12147715800,48.0169,
600267.SH,海正药业,2010-02-02,14.9151,15.1408,14.7429,14.8141,3158958,0.653,12065473200,12065473200,47.6918,
600267.SH,海正药业,2010-02-03,14.6597,14.8201,13.4836,14.1904,5610182,1.1597,11557504200,11557504200,45.6839,
600267.SH,海正药业,2010-02-04,14.131,14.2736,13.84,14.1132,3193343,0.6601,11494612800,11494612800,45.4353,
600267.SH,海正药业,2010-02-05,13.8994,13.9885,13.6499,13.8519,1975396,0.4083,11281749600,11281749600,44.594,
600267.SH,海正药业,2010-02-08,13.8103,14.1192,13.6737,13.9528,1271185,0.2628,11363992200,11363992200,44.919,
600267.SH,海正药业,2010-02-09,13.9588,14.1013,13.7212,13.9588,576443,0.1192,11368830000,11368830000,44.9382,
600267.SH,海正药业,2010-02-10,14.0895,14.0895,13.7806,13.7865,1164351,0.2407,11228533800,11228533800,44.3836,
600267.SH,海正药业,2010-02-11,13.9172,14.0716,13.7984,13.9766,1223297,0.2529,11383343400,11383343400,44.9955,
600267.SH,海正药业,2010-02-12,13.9766,14.3152,13.9588,14.2201,1253371,0.2591,11581693200,11581693200,45.7796,
600267.SH,海正药业,2010-02-22,14.2261,14.4637,14.0182,14.2855,1533750,0.317,11634909000,11634909000,45.9899,
600267.SH,海正药业,2010-02-23,14.2855,14.4577,13.9113,14.3924,1791282,0.3703,11721989400,11721989400,46.3341,
600267.SH,海正药业,2010-02-24,14.3389,14.7191,14.1429,14.6775,2883671,0.5961,11954203800,11954203800,47.252,
600267.SH,海正药业,2010-02-25,14.7844,15.123,14.6716,14.8676,1506788,0.3115,12109013400,12109013400,47.8639,
600267.SH,海正药业,2010-02-26,14.8438,14.9983,14.731,14.8617,1702707,0.352,12104175600,12104175600,47.8448,
600267.SH,海正药业,2010-03-01,14.9686,14.9686,14.7191,14.9151,1673516,0.3459,12147715800,12147715800,48.0169,
600267.SH,海正药业,2010-03-02,14.9211,15.0755,14.8973,14.9686,2021695,0.4179,12191256000,12191256000,48.189,
600267.SH,海正药业,2010-03-03,14.9686,15.028,14.731,15.022,2517442,0.5204,12234796200,12234796200,48.3611,
600267.SH,海正药业,2010-03-04,15.028,15.2537,13.6737,14.0657,7144270,1.4768,11455910400,11455910400,45.2824,
600267.SH,海正药业,2010-03-05,13.9053,14.4399,13.9053,14.2439,2323914,0.4804,11601044400,11601044400,45.856,
600267.SH,海正药业,2010-03-08,14.2498,14.428,14.1904,14.2736,1260003,0.2604,11625233400,11625233400,45.9517,
600267.SH,海正药业,2010-03-09,14.2023,14.2736,13.8697,14.2439,1548679,0.3201,11601044400,11601044400,45.856,
600267.SH,海正药业,2010-03-10,14.1964,14.2261,13.8994,13.9528,1415502,0.2926,11363992200,11363992200,44.919,
600267.SH,海正药业,2010-03-11,13.9469,14.0004,13.6796,13.7509,1217019,0.2516,11199507000,11199507000,44.2689,
600267.SH,海正药业,2010-03-12,13.7806,13.84,13.5786,13.5905,1130912,0.2338,11068886400,11068886400,43.7526,
600267.SH,海正药业,2010-03-15,13.5905,13.8043,13.5549,13.7093,1105123,0.2284,11165642400,11165642400,44.135,
600267.SH,海正药业,2010-03-16,13.7212,13.834,13.5965,13.7331,1042553,0.2155,11184993600,11184993600,44.2115,
600267.SH,海正药业,2010-03-17,13.8281,14.0479,13.6202,13.9944,1885249,0.3897,11397856800,11397856800,45.0529,
600267.SH,海正药业,2010-03-18,13.9944,14.0954,13.8281,13.834,2904243,0.6003,11267236200,11267236200,44.5366,
600267.SH,海正药业,2010-03-19,13.8459,13.9231,13.5133,13.7271,4264809,0.8816,11180155800,11180155800,44.1924,
600267.SH,海正药业,2010-03-22,13.7093,13.8281,13.5252,13.6499,2309643,0.4774,11117264400,11117264400,43.9438,
600267.SH,海正药业,2010-03-23,13.7093,13.8875,13.6499,13.7746,2640025,0.5457,11218858200,11218858200,44.3454,
600267.SH,海正药业,2010-03-24,13.84,13.8578,13.6618,13.7687,1317708,0.2724,11214020400,11214020400,44.3262,
600267.SH,海正药业,2010-03-25,13.7212,14.1073,13.6677,14.0419,3173289,0.6559,11436559200,11436559200,45.2059,
600267.SH,海正药业,2010-03-26,13.9291,14.0538,13.7865,14.0004,1410866,0.2916,11402694600,11402694600,45.072,
600267.SH,海正药业,2010-03-29,13.8934,14.434,13.8875,14.2736,3514732,0.7265,11625233400,11625233400,42.7006,
600267.SH,海正药业,2010-03-30,14.2736,14.3449,13.9469,14.0657,3843313,0.7944,11455910400,11455910400,42.0786,
600267.SH,海正药业,2010-03-31,14.0182,14.1251,13.543,13.8043,6041018,1.2487,11243047200,11243047200,41.2968,
600267.SH,海正药业,2010-04-01,13.7687,13.9588,13.6024,13.8934,3778426,0.781,11315614200,11315614200,41.5633,
600267.SH,海正药业,2010-04-02,13.9291,14.0479,13.6618,14.0241,3861581,0.7982,11422045800,11422045800,41.9542,
600267.SH,海正药业,2010-04-06,13.9825,14.0538,13.8697,13.9291,3006451,0.6215,11344641000,11344641000,41.6699,
600267.SH,海正药业,2010-04-07,13.9053,14.2498,13.9053,14.1904,3162681,0.6537,11557504200,11557504200,42.4518,
600267.SH,海正药业,2010-04-08,14.1667,15.028,14.1667,14.7963,7840002,1.6206,12050959800,12050959800,44.2643,
600267.SH,海正药业,2010-04-09,14.7963,15.0161,14.6716,14.7963,6039622,1.2484,12050959800,12050959800,44.2643,
600267.SH,海正药业,2010-04-12,14.8557,15.3071,14.8557,15.2359,4402001,0.9099,12408957000,12408957000,45.5793,
600267.SH,海正药业,2010-04-13,15.2537,15.5329,14.4934,15.0814,3357630,0.694,12283174200,12283174200,45.1172,
600267.SH,海正药业,2010-04-14,14.9389,15.42,14.9389,15.3784,2575490,0.5324,12525064200,12525064200,46.0057,
600267.SH,海正药业,2010-04-15,15.3784,15.5032,15.2359,15.2596,2930852,0.6058,12428308200,12428308200,45.6503,
600267.SH,海正药业,2010-04-16,15.2656,15.2656,14.7666,14.8854,1575159,0.3256,12123526800,12123526800,44.5308,
600267.SH,海正药业,2010-04-19,14.8854,14.8854,14.8854,14.8854,--,--,12123526800,12123526800,44.5308,
600267.SH,海正药业,2010-04-20,14.5231,16.3763,14.5231,16.3763,13868733,2.8667,13337814600,13337814600,48.991,
600267.SH,海正药业,2010-04-21,16.0378,17.0832,16.0378,16.6555,9341599,1.931,13565191200,13565191200,46.9355,
600267.SH,海正药业,2010-04-22,16.6317,17.0475,16.4654,16.8812,3822720,0.7902,13749027600,13749027600,47.5715,
600267.SH,海正药业,2010-04-23,16.9822,17.5227,16.7505,16.9406,2350889,0.4859,13797405600,13797405600,47.7389,
600267.SH,海正药业,2010-04-26,16.8159,17.1069,16.6377,16.7981,1759827,0.3638,13681298400,13681298400,47.3372,
600267.SH,海正药业,2010-04-27,16.6971,16.9287,15.9487,16.3229,3044406,0.6293,13294274400,13294274400,45.9981,
600267.SH,海正药业,2010-04-28,16.216,17.0951,15.9784,16.9169,2177932,0.4502,13778054400,13778054400,47.672,
600267.SH,海正药业,2010-04-29,16.8456,18.1642,15.4438,16.0437,4984286,1.0303,13066897800,13066897800,45.2114,
600267.SH,海正药业,2010-04-30,16.3823,16.5723,15.5032,16.2397,3370490,0.6967,13226545200,13226545200,45.7638,
600267.SH,海正药业,2010-05-04,16.0378,17.2257,15.7408,17.2079,3087847,0.6383,14015106600,14015106600,48.4922,
600267.SH,海正药业,2010-05-05,17.1248,17.7306,16.9881,17.4039,4178023,0.8636,14174754000,14174754000,49.0445,
600267.SH,海正药业,2010-05-06,17.196,17.8138,16.6317,17.1782,3710105,0.7669,13990917600,13990917600,48.4085,
600267.SH,海正药业,2010-05-07,16.8396,17.398,16.5605,16.6317,2641653,0.546,13545840000,13545840000,46.8685,
600267.SH,海正药业,2010-05-10,16.4595,16.6317,15.5032,16.0318,2211003,0.457,13057222200,13057222200,45.1779,
600267.SH,海正药业,2010-05-11,16.1269,16.3229,15.4497,15.8002,3341084,0.6906,12868548000,12868548000,44.5251,
600267.SH,海正药业,2010-05-12,15.7408,16.0199,15.325,15.4141,3147832,0.6507,12554091000,12554091000,43.4371,
600267.SH,海正药业,2010-05-13,15.622,16.608,15.3903,16.5723,2509413,0.5187,13497462000,13497462000,46.7011,
600267.SH,海正药业,2010-05-14,16.5783,16.8753,16.2635,16.8634,1947877,0.4026,13734514200,13734514200,47.5213,
600267.SH,海正药业,2010-05-17,16.3941,17.2733,16.0378,16.5129,3141084,0.6493,13449084000,13449084000,46.5337,
600267.SH,海正药业,2010-05-18,16.2041,16.6317,15.6873,16.0853,1697424,0.3509,13100762400,13100762400,45.3285,
600267.SH,海正药业,2010-05-19,16.0556,16.3704,15.7942,16.2813,1028079,0.2125,13260409800,13260409800,45.8809,
600267.SH,海正药业,2010-05-20,16.2754,16.2991,15.6576,15.7289,1277332,0.264,12810494400,12810494400,44.3242,
600267.SH,海正药业,2010-05-21,15.4378,16.0378,15.1646,15.8002,3087864,0.6383,12868548000,12868548000,44.5251,
600267.SH,海正药业,2010-05-24,15.8419,16.5758,15.8419,16.4088,1722700,0.3561,13303950000,13303950000,46.0316,
600267.SH,海正药业,2010-05-25,16.4267,16.8205,16.2954,16.6713,3290533,0.6802,13516813200,13516813200,46.7681,
600267.SH,海正药业,2010-05-26,16.4684,16.9339,16.4386,16.5221,990429,0.2047,13395868200,13395868200,46.3496,
600267.SH,海正药业,2010-05-27,16.546,16.9219,16.4088,16.7668,1595133,0.3297,13594218000,13594218000,47.0359,
600267.SH,海正药业,2010-05-28,16.7966,17.274,16.7668,16.9577,2599129,0.5373,13749027600,13749027600,47.5715,
600267.SH,海正药业,2010-05-31,17.0055,17.3993,16.1104,16.3372,5103006,1.0548,13245896400,13245896400,45.8307,
600267.SH,海正药业,2010-06-01,16.0448,16.7011,15.8002,16.3491,2209819,0.4568,13255572000,13255572000,45.8642,
600267.SH,海正药业,2010-06-02,16.1701,16.7668,15.9434,16.7131,904467,0.187,13550677800,13550677800,46.8853,
600267.SH,海正药业,2010-06-03,16.7071,17.4828,16.7071,17.0234,3570412,0.738,13802243400,13802243400,47.7557,
600267.SH,海正药业,2010-06-04,16.8265,17.3635,16.7787,17.2501,1216710,0.2515,13986079800,13986079800,48.3917,
600267.SH,海正药业,2010-06-07,16.9458,18.1988,16.8921,17.8945,4014884,0.8299,14508562200,14508562200,50.1995,
600267.SH,海正药业,2010-06-08,17.8945,17.9303,17.4828,17.62,1727721,0.3571,14286023400,14286023400,49.4295,
600267.SH,海正药业,2010-06-09,17.6021,18.0079,17.5007,17.5604,1574150,0.3254,14237645400,14237645400,49.2622,
600267.SH,海正药业,2010-06-10,17.5604,17.7752,17.5126,17.5425,1404464,0.2903,14223132000,14223132000,49.2119,
600267.SH,海正药业,2010-06-11,17.6021,18.0079,17.5126,17.5663,1482473,0.3064,14242483200,14242483200,49.2789,
600267.SH,海正药业,2010-06-17,17.5484,17.632,15.8121,15.8121,8259054,1.7072,12820170000,12820170000,44.3577,
600267.SH,海正药业,2010-06-18,15.6928,15.6928,14.9171,15.3347,7371113,1.5236,12433146000,12433146000,43.0186,
600267.SH,海正药业,2010-06-21,15.2154,15.7107,15.0364,15.3526,4614972,0.9539,12447659400,12447659400,43.0688,
600267.SH,海正药业,2010-06-22,15.4421,15.4421,15.114,15.3646,2456018,0.5077,12457335000,12457335000,43.1023,
600267.SH,海正药业,2010-06-23,15.3347,15.4362,14.923,15.0304,3166571,0.6545,12186418200,12186418200,42.1649,
600267.SH,海正药业,2010-06-24,15.0662,15.3526,15.0662,15.1557,934461,0.1932,12288012000,12288012000,42.5164,
600267.SH,海正药业,2010-06-25,15.1438,15.5018,15.0722,15.2035,1894933,0.3917,12326714400,12326714400,42.6503,
600267.SH,海正药业,2010-06-28,15.2035,15.2154,14.923,15.0066,1177892,0.2435,12167067000,12167067000,42.098,
600267.SH,海正药业,2010-06-29,15.0066,15.1557,14.201,14.6665,2080146,0.43,11891312400,11891312400,41.1439,
600267.SH,海正药业,2010-06-30,14.6665,15.2154,14.3383,15.0066,2005695,0.4146,12167067000,12167067000,42.098,
600267.SH,海正药业,2010-07-01,15.0245,15.1975,14.4994,14.6068,1744888,0.3607,11842934400,11842934400,40.9765,
600267.SH,海正药业,2010-07-02,14.386,14.6724,13.4552,13.9624,1943709,0.4018,11320452000,11320452000,39.1687,
600267.SH,海正药业,2010-07-05,13.7297,14.2607,13.485,14.0459,745309,0.1541,11388181200,11388181200,39.403,
600267.SH,海正药业,2010-07-06,14.0817,14.4278,13.7237,14.1951,1436206,0.2969,11509126200,11509126200,39.8215,
600267.SH,海正药业,2010-07-07,14.022,14.6486,14.022,14.5113,833902,0.1724,11765529600,11765529600,40.7086,
600267.SH,海正药业,2010-07-08,14.5113,14.6784,14.4159,14.5173,842485,0.1741,11770367400,11770367400,40.7254,
600267.SH,海正药业,2010-07-09,14.6605,14.7977,14.4278,14.6008,3170220,0.6553,11838096600,11838096600,40.9597,
600267.SH,海正药业,2010-07-12,14.5531,14.5949,14.3204,14.3741,2118260,0.4379,11654260200,11654260200,40.3237,
600267.SH,海正药业,2010-07-13,14.4875,14.5471,14.201,14.2488,1028701,0.2126,11552666400,11552666400,39.9721,
600267.SH,海正药业,2010-07-14,14.1115,14.6307,14.1115,14.4278,1001962,0.2071,11697800400,11697800400,40.4743,
600267.SH,海正药业,2010-07-15,14.4218,14.6068,14.2906,14.5591,782560,0.1618,11804232000,11804232000,40.8426,
600267.SH,海正药业,2010-07-16,14.5292,14.756,14.2607,14.6665,392963,0.0812,11891312400,11891312400,41.1439,
600267.SH,海正药业,2010-07-19,14.7261,14.7977,14.3204,14.7261,1335307,0.276,11939690400,11939690400,41.3112,
600267.SH,海正药业,2010-07-20,14.7142,15.3646,14.6307,15.0782,1728875,0.3574,12225120600,12225120600,42.2988,
600267.SH,海正药业,2010-07-21,15.1557,15.1915,14.9051,15.0066,837434,0.1731,12167067000,12167067000,42.098,
600267.SH,海正药业,2010-07-22,15.0066,15.114,14.7679,15.0483,1537340,0.3178,12200931600,12200931600,42.2151,
600267.SH,海正药业,2010-07-23,14.9887,15.2094,14.923,15.0901,1354668,0.28,12234796200,12234796200,42.3323,
600267.SH,海正药业,2010-07-26,15.0901,15.6928,15.0364,15.5436,1733987,0.3584,12602469000,12602469000,43.6045,
600267.SH,海正药业,2010-07-27,15.6212,16.3372,15.3347,16.0806,2848378,0.5888,13037871000,13037871000,45.1109,
600267.SH,海正药业,2010-07-28,16.1164,16.6474,16.0985,16.4804,2155209,0.4455,13362003600,13362003600,46.2324,
600267.SH,海正药业,2010-07-29,16.4744,16.6773,16.1104,16.1522,992176,0.2051,13095924600,13095924600,45.3118,
600267.SH,海正药业,2010-07-30,16.1522,16.1522,16.1522,16.1522,--,--,13095924600,13095924600,45.3118,
600267.SH,海正药业,2010-08-02,16.1522,16.1522,16.1522,16.1522,--,--,13095924600,13095924600,45.3118,
600267.SH,海正药业,2010-08-03,17.1129,17.2322,16.1701,16.1999,4072631,0.8418,13134627000,13134627000,41.7214,
600267.SH,海正药业,2010-08-04,16.1999,16.2775,15.7584,16.2536,1415569,0.2926,13178167200,13178167200,41.8597,
600267.SH,海正药业,2010-08-05,16.2894,16.8861,16.194,16.5341,3028475,0.626,13405543800,13405543800,42.582,
600267.SH,海正药业,2010-08-06,16.3073,16.7071,16.1104,16.6236,904762,0.187,13478110800,13478110800,42.8125,
600267.SH,海正药业,2010-08-09,16.6474,17.3038,16.6474,17.2143,2031662,0.42,13957053000,13957053000,44.3338,
600267.SH,海正药业,2010-08-10,17.2441,17.4112,16.9458,17.1785,2906186,0.6007,13928026200,13928026200,44.2416,
600267.SH,海正药业,2010-08-11,17.0293,17.274,16.9398,17.1845,1234766,0.2552,13932864000,13932864000,44.257,
600267.SH,海正药业,2010-08-12,17.1785,18.9029,16.8623,17.9303,9935761,2.0538,14537589000,14537589000,46.1779,
600267.SH,海正药业,2010-08-13,18.2346,19.5354,18.2346,19.4101,10413064,2.1524,15737363400,15737363400,49.9889,
600267.SH,海正药业,2010-08-16,19.9889,21.1584,19.6309,19.7442,11298103,2.3354,16008280200,16008280200,50.8494,
600267.SH,海正药业,2010-08-17,19.6905,19.8278,18.891,19.3206,10938501,2.261,15664796400,15664796400,49.7584,
600267.SH,海正药业,2010-08-18,19.0938,19.6607,18.7418,18.9148,10501276,2.1707,15335826000,15335826000,48.7134,
600267.SH,海正药业,2010-08-19,18.8313,19.1535,18.348,19.0282,9332639,1.9291,15427744200,15427744200,49.0054,
600267.SH,海正药业,2010-08-20,18.8134,19.0879,18.354,18.4136,6980631,1.4429,14929450800,14929450800,47.4226,
600267.SH,海正药业,2010-08-23,18.2585,18.9089,18.2048,18.5389,4032325,0.8335,15031044600,15031044600,47.7453,
600267.SH,海正药业,2010-08-24,18.4852,19.3325,18.1869,19.1356,6910247,1.4284,15514824600,15514824600,49.282,
600267.SH,海正药业,2010-08-25,19.1356,19.8099,19.0998,19.5831,8873571,1.8342,15877659600,15877659600,50.4345,
600267.SH,海正药业,2010-08-26,20.2932,20.7109,19.7502,19.9352,8403640,1.7371,16163089800,16163089800,51.3412,
600267.SH,海正药业,2010-08-27,19.971,20.4662,19.5712,20.3349,3732272,0.7715,16487222400,16487222400,52.3708,
600267.SH,海正药业,2010-08-30,20.4364,21.1822,20.3767,20.7228,3585022,0.741,16801679400,16801679400,53.3696,
600267.SH,海正药业,2010-08-31,20.7288,20.9436,20.2753,20.8421,2904110,0.6003,16898435400,16898435400,53.677,
600267.SH,海正药业,2010-09-01,20.8421,20.8421,20.8421,20.8421,--,--,16898435400,16898435400,53.677,
600267.SH,海正药业,2010-09-02,20.7049,21.6059,20.5975,21.4925,5135302,1.0615,17425755600,17425755600,55.352,
600267.SH,海正药业,2010-09-03,21.4806,22.298,21.2001,22.0057,5052395,1.0444,17841806400,17841806400,56.6735,
600267.SH,海正药业,2010-09-06,22.6023,22.7813,21.4925,22.0057,2404336,0.497,17841806400,17841806400,56.6735,
600267.SH,海正药业,2010-09-07,21.7789,22.2563,21.1822,22.0773,2212828,0.4574,17899860000,17899860000,56.8579,
600267.SH,海正药业,2010-09-08,22.0773,22.9007,21.7133,22.662,1700583,0.3515,18373964400,18373964400,58.3639,
600267.SH,海正药业,2010-09-09,22.8708,23.9747,22.6143,22.656,3515855,0.7267,18369126600,18369126600,58.3485,
600267.SH,海正药业,2010-09-10,22.4949,24.0403,22.0474,23.5093,2787150,0.5761,19060932000,19060932000,60.546,
600267.SH,海正药业,2010-09-13,23.2945,24.1657,23.2945,24.1358,3741112,0.7733,19568901000,19568901000,62.1596,
600267.SH,海正药业,2010-09-14,24.1955,24.643,23.4258,23.921,2702409,0.5586,19394740200,19394740200,61.6063,
600267.SH,海正药业,2010-09-15,23.8673,24.1895,23.2706,23.5928,1196334,0.2473,19128661200,19128661200,60.7612,
600267.SH,海正药业,2010-09-16,23.569,23.6286,22.4353,23.39,1489695,0.3079,18964176000,18964176000,60.2387,
600267.SH,海正药业,2010-09-17,23.3601,24.3447,23.1513,24.1358,3360119,0.6946,19568901000,19568901000,62.1596,
600267.SH,海正药业,2010-09-20,23.8673,24.1955,22.6739,23.4675,1055333,0.2181,19027067400,19027067400,60.4385,
600267.SH,海正药业,2010-09-21,23.5391,24.6311,23.2766,24.1657,1379503,0.2852,19593090000,19593090000,62.2364,
600267.SH,海正药业,2010-09-27,24.0165,25.2098,24.0045,25.1263,1431406,0.2959,20371975800,20371975800,64.7105,
600267.SH,海正药业,2010-09-28,25.1144,26.7314,24.7743,26.3435,1663634,0.3439,21358887000,21358887000,67.8454,
600267.SH,海正药业,2010-09-29,26.8388,26.8388,25.4784,25.8602,2225066,0.4599,20967025200,20967025200,66.6006,
600267.SH,海正药业,2010-09-30,25.8364,26.075,25.3769,25.8901,1569204,0.3244,20991214200,20991214200,66.6775,
600267.SH,海正药业,2010-10-08,25.9438,26.6658,25.5977,25.8304,1620116,0.3349,20942836200,20942836200,66.5238,
600267.SH,海正药业,2010-10-11,25.6574,25.6574,23.378,23.8673,6847219,1.4154,19351200000,19351200000,61.468,
600267.SH,海正药业,2010-10-12,23.5093,23.8494,23.032,23.569,4661948,0.9637,19109310000,19109310000,60.6997,
600267.SH,海正药业,2010-10-13,23.563,23.563,22.3159,22.9902,7089456,1.4654,18640043400,18640043400,59.2091,
600267.SH,海正药业,2010-10-14,22.8828,23.2826,22.1369,22.8171,3971372,0.8209,18499747200,18499747200,58.7635,
600267.SH,海正药业,2010-10-15,22.6739,23.1394,21.4209,22.3219,4943246,1.0218,18098209800,18098209800,57.488,
600267.SH,海正药业,2010-10-18,22.131,23.3303,21.1882,23.3064,5690080,1.1762,18896446800,18896446800,60.0235,
600267.SH,海正药业,2010-10-19,23.199,23.6465,22.5128,23.0558,6779080,1.4013,18693259200,18693259200,59.3781,
600267.SH,海正药业,2010-10-20,22.6739,23.9568,22.5009,22.9246,7661116,1.5836,18586827600,18586827600,59.0401,
600267.SH,海正药业,2010-10-21,22.9365,23.4198,22.6799,23.02,2259852,0.4671,18664232400,18664232400,59.2859,
600267.SH,海正药业,2010-10-22,23.2647,23.3721,22.7515,23.1155,2923206,0.6042,18741637200,18741637200,59.5318,
600267.SH,海正药业,2010-10-25,23.205,23.8076,22.9126,23.5809,5644812,1.1668,19118985600,19118985600,59.5961,
600267.SH,海正药业,2010-10-26,23.5809,24.0463,23.2587,23.9031,4859432,1.0045,19380226800,19380226800,60.4104,
600267.SH,海正药业,2010-10-27,25.1919,26.254,23.6644,23.9628,10445179,2.1591,19428604800,19428604800,60.5612,
600267.SH,海正药业,2010-10-28,23.2706,23.9628,22.8529,23.4377,4135164,0.8548,19002878400,19002878400,59.2342,
600267.SH,海正药业,2010-10-29,23.211,23.2706,22.3756,23.0439,4160959,0.8601,18683583600,18683583600,58.2389,
600267.SH,海正药业,2010-11-01,23.032,23.2587,22.6739,23.0558,3064486,0.6334,18693259200,18693259200,58.2691,
600267.SH,海正药业,2010-11-02,23.0678,23.2169,22.656,22.7038,3171229,0.6555,18407829000,18407829000,57.3793,
600267.SH,海正药业,2010-11-03,22.662,23.2706,22.4532,22.7396,2659958,0.5498,18436855800,18436855800,57.4698,
600267.SH,海正药业,2010-11-04,22.7038,23.032,22.5367,22.9365,1940014,0.401,18596503200,18596503200,57.9675,
600267.SH,海正药业,2010-11-05,22.8052,23.5451,22.8052,23.384,3031336,0.6266,18959338200,18959338200,59.0985,
600267.SH,海正药业,2010-11-08,23.4198,24.464,23.0797,24.3745,4601402,0.9511,19762413000,19762413000,61.6017,
600267.SH,海正药业,2010-11-09,24.2253,25.0607,23.9628,24.5774,6136893,1.2685,19926898200,19926898200,62.1145,
600267.SH,海正药业,2010-11-10,24.8817,25.6574,24.464,24.6728,6028106,1.246,20004303000,20004303000,62.3557,
600267.SH,海正药业,2010-11-11,24.7564,25.0368,23.8971,24.1776,4196769,0.8675,19602765600,19602765600,61.1041,
600267.SH,海正药业,2010-11-12,24.1776,24.1776,24.1776,24.1776,--,--,19602765600,19602765600,61.1041,
600267.SH,海正药业,2010-11-15,22.4532,25.8185,22.4532,25.6037,8278029,1.7111,20758999800,20758999800,64.7082,
600267.SH,海正药业,2010-11-16,25.6037,27.0297,24.4998,25.3948,8321666,1.7201,20589676800,20589676800,64.1804,
600267.SH,海正药业,2010-11-17,25.0666,25.4187,23.39,23.9031,4425373,0.9147,19380226800,19380226800,60.4104,
600267.SH,海正药业,2010-11-18,23.9926,24.3805,22.9723,23.4675,2545131,0.5261,19027067400,19027067400,59.3096,
600267.SH,海正药业,2010-11-19,23.4675,23.8554,22.7336,23.8076,2897911,0.599,19302822000,19302822000,60.1691,
600267.SH,海正药业,2010-11-22,23.6585,24.3805,23.3303,24.106,2727208,0.5637,19544712000,19544712000,60.9231,
600267.SH,海正药业,2010-11-23,24.1776,24.3805,22.9723,23.6525,1479579,0.3058,19177039200,19177039200,59.7771,
600267.SH,海正药业,2010-11-24,24.464,24.464,23.39,23.8971,2768593,0.5723,19375389000,19375389000,60.3953,
600267.SH,海正药业,2010-11-25,24.9413,25.359,24.285,24.6669,4667484,0.9648,19999465200,19999465200,62.3407,
600267.SH,海正药业,2010-11-26,24.5774,24.7027,23.8434,24.4521,2777838,0.5742,19825304400,19825304400,61.7978,
600267.SH,海正药业,2010-11-29,24.5416,25.538,24.2552,25.3411,4350090,0.8992,20546136600,20546136600,64.0447,
600267.SH,海正药业,2010-11-30,25.538,25.8841,24.3327,24.8876,4202554,0.8687,20178463800,20178463800,62.8986,
600267.SH,海正药业,2010-12-01,24.8817,25.5917,24.8757,24.9652,3448594,0.7128,20241355200,20241355200,63.0947,
600267.SH,海正药业,2010-12-02,25.1084,25.3172,24.1,24.4342,2800293,0.5788,19810791000,19810791000,61.7525,
600267.SH,海正药业,2010-12-03,24.4342,24.4342,23.8673,24.1836,919650,0.1901,19607603400,19607603400,61.1192,
600267.SH,海正药业,2010-12-06,24.1657,24.3447,23.0021,23.2348,1563789,0.3232,18838393200,18838393200,58.7215,
600267.SH,海正药业,2010-12-07,23.2229,23.557,22.6739,23.4437,1616411,0.3341,19007716200,19007716200,59.2493,
600267.SH,海正药业,2010-12-08,23.4556,24.106,23.4556,23.8613,2075519,0.429,19346362200,19346362200,60.3049,
600267.SH,海正药业,2010-12-09,24.0463,24.5237,23.748,24.0523,3953968,0.8173,19501171800,19501171800,60.7874,
600267.SH,海正药业,2010-12-10,24.0224,24.3447,23.2706,23.9866,1592308,0.3291,19447956000,19447956000,60.6215,
600267.SH,海正药业,2010-12-13,23.8315,24.6967,23.569,24.6609,4786780,0.9895,19994627400,19994627400,62.3256,
600267.SH,海正药业,2010-12-14,24.6609,24.6609,23.7778,24.464,4479799,0.926,19834980000,19834980000,61.8279,
600267.SH,海正药业,2010-12-15,24.3327,24.7802,24.0761,24.7385,1917101,0.3963,20057518800,20057518800,62.5216,
600267.SH,海正药业,2010-12-16,24.7385,25.0487,24.47,24.9712,2144757,0.4433,20246193000,20246193000,63.1097,
600267.SH,海正药业,2010-12-17,24.9831,24.9831,24.4759,24.7623,1638302,0.3386,20076870000,20076870000,62.5819,
600267.SH,海正药业,2010-12-20,24.7623,24.9294,23.569,23.9926,3357625,0.694,19452793800,19452793800,60.6366,
600267.SH,海正药业,2010-12-21,23.927,24.3626,23.927,24.094,1021406,0.2111,19535036400,19535036400,60.893,
600267.SH,海正药业,2010-12-22,24.094,24.3566,23.8733,24.1478,1232346,0.2547,19578576600,19578576600,61.0287,
600267.SH,海正药业,2010-12-23,24.0761,24.094,22.5546,22.7217,3727268,0.7704,18422342400,18422342400,57.4246,
600267.SH,海正药业,2010-12-24,22.7217,22.7217,22.7217,22.7217,--,--,18422342400,18422342400,57.4246,
600267.SH,海正药业,2010-12-27,22.5546,23.1394,21.2419,21.6894,2304140,0.4763,17585403000,17585403000,54.8158,
600267.SH,海正药业,2010-12-28,21.5104,21.6596,20.9913,21.2479,3021857,0.6246,17227405800,17227405800,53.6998,
600267.SH,海正药业,2010-12-29,20.9913,22.0653,20.9913,21.7968,1100780,0.2275,17672483400,17672483400,55.0872,
600267.SH,海正药业,2010-12-30,21.7968,22.9723,21.576,22.2384,3260903,0.674,18030480600,18030480600,56.2031,
600267.SH,海正药业,2010-12-31,22.0176,23.0797,21.8386,22.9604,2731250,0.5646,18615854400,18615854400,58.0278,
600267.SH,海正药业,2011-01-04,22.9484,23.026,22.1906,22.2384,3721118,0.7692,18030480600,18030480600,56.2031,
600267.SH,海正药业,2011-01-05,22.3637,23.4496,22.3637,22.7813,3746322,0.7744,18470720400,18470720400,57.5754,
600267.SH,海正药业,2011-01-06,22.6859,23.9807,22.6799,23.8375,4951834,1.0236,19327011000,19327011000,60.2445,
600267.SH,海正药业,2011-01-07,23.569,23.8434,22.1966,23.0558,1904719,0.3937,18693259200,18693259200,58.2691,
600267.SH,海正药业,2011-01-10,22.9067,23.0678,21.2538,21.6894,3057467,0.632,17585403000,17585403000,54.8158,
600267.SH,海正药业,2011-01-11,21.8326,22.0176,20.2872,20.7646,2808634,0.5806,16835544000,16835544000,52.4784,
600267.SH,海正药业,2011-01-12,20.8839,21.0032,20.5856,20.8839,898527,0.1857,16932300000,16932300000,52.7799,
600267.SH,海正药业,2011-01-13,20.9316,21.5999,20.8123,21.5462,2247502,0.4646,17469295800,17469295800,54.4538,
600267.SH,海正药业,2011-01-14,21.6059,21.7193,21.1763,21.4627,1234973,0.2553,17401566600,17401566600,54.2427,
600267.SH,海正药业,2011-01-17,21.5701,21.5701,20.2872,20.508,1078206,0.2229,16627518600,16627518600,51.8299,
600267.SH,海正药业,2011-01-18,20.1082,20.8541,20.1082,20.8004,215730,0.0446,16864570800,16864570800,52.5688,
600267.SH,海正药业,2011-01-19,21.0629,21.588,20.7646,21.4507,1921383,0.3972,17391891000,17391891000,54.2126,
600267.SH,海正药业,2011-01-20,21.4806,21.6775,20.7526,21.4149,903704,0.1868,17362864200,17362864200,54.1221,
600267.SH,海正药业,2011-01-21,20.8958,21.4209,20.6512,21.1763,844701,0.1746,17169352200,17169352200,53.5189,
600267.SH,海正药业,2011-01-24,20.8839,21.1763,19.5115,20.1201,2822575,0.5834,16313061600,16313061600,50.8497,
600267.SH,海正药业,2011-01-25,20.1201,20.1201,19.3922,19.8218,624984,0.1292,16071171600,16071171600,50.0957,
600267.SH,海正药业,2011-01-26,19.965,20.138,19.8099,20.0963,406951,0.0841,16293710400,16293710400,50.7894,
600267.SH,海正药业,2011-01-27,20.0426,20.8242,19.78,20.6691,1443678,0.2984,16758139200,16758139200,52.2371,
600267.SH,海正药业,2011-01-28,20.8242,21.4209,20.6452,21.2419,4222060,0.8727,17222568000,17222568000,53.6847,
600267.SH,海正药业,2011-01-31,20.9197,21.9579,20.9197,21.761,2404311,0.497,17643456600,17643456600,54.9967,
600267.SH,海正药业,2011-02-01,21.6297,21.8565,21.5999,21.6954,1298294,0.2684,17590240800,17590240800,54.8308,
600267.SH,海正药业,2011-02-09,21.5343,22.3995,21.5104,21.6894,965796,0.1996,17585403000,17585403000,54.8158,
600267.SH,海正药业,2011-02-10,21.6775,22.4711,21.5999,22.3756,1811923,0.3745,18141750000,18141750000,56.5499,
600267.SH,海正药业,2011-02-11,22.4114,23.3721,22.4114,22.9425,3527966,0.7293,18601341000,18601341000,57.9825,
600267.SH,海正药业,2011-02-14,23.1394,23.8613,22.7217,23.1334,3478020,0.7189,18756150600,18756150600,58.4651,
600267.SH,海正药业,2011-02-15,23.1513,23.3005,22.7336,22.9962,1940399,0.4011,18644881200,18644881200,58.1183,
600267.SH,海正药业,2011-02-16,22.8291,23.1513,22.7754,22.9425,1033856,0.2137,18601341000,18601341000,57.9825,
600267.SH,海正药业,2011-02-17,23.032,23.557,22.9663,23.205,2011891,0.4159,18814204200,18814204200,58.6461,
600267.SH,海正药业,2011-02-18,23.2706,23.6585,23.0916,23.199,1684335,0.3482,18809366400,18809366400,58.631,
600267.SH,海正药业,2011-02-21,23.1692,23.1811,22.0713,22.1608,4903425,1.0136,17967589200,17967589200,56.0071,
600267.SH,海正药业,2011-02-22,22.2145,22.4651,21.4806,21.767,3227274,0.6671,17648294400,17648294400,55.0118,
600267.SH,海正药业,2011-02-23,21.6596,22.3458,21.6596,22.2742,2105453,0.4352,18059507400,18059507400,56.2936,
600267.SH,海正药业,2011-02-24,22.2742,22.4233,22.0773,22.2145,1564148,0.3233,18011129400,18011129400,56.1428,
600267.SH,海正药业,2011-02-25,22.2264,22.3637,21.3016,21.4567,3757325,0.7767,17396728800,17396728800,54.2276,
600267.SH,海正药业,2011-02-28,21.4806,21.5939,21.3016,21.4686,3084739,0.6376,17406404400,17406404400,54.2578,
600267.SH,海正药业,2011-03-01,21.4806,21.8684,21.409,21.6894,4783093,0.9887,17585403000,17585403000,54.8158,
600267.SH,海正药业,2011-03-02,21.6954,22.298,21.5999,22.2861,5454458,1.1275,18069183000,18069183000,56.3237,
600267.SH,海正药业,2011-03-03,22.2921,22.4353,21.3016,21.3553,4017213,0.8304,17314486200,17314486200,53.9713,
600267.SH,海正药业,2011-03-04,20.9615,21.3911,20.6333,21.0748,4244403,0.8773,17087109600,17087109600,53.2625,
600267.SH,海正药业,2011-03-07,21.2001,21.3612,20.508,20.8063,6155153,1.2723,16869408600,16869408600,52.5839,
600267.SH,海正药业,2011-03-08,20.8242,20.9555,20.4841,20.8063,5336073,1.103,16869408600,16869408600,52.5839,
600267.SH,海正药业,2011-03-09,20.8183,21.0927,20.8183,20.9436,5102533,1.0547,16980678000,16980678000,52.9308,
600267.SH,海正药业,2011-03-10,21.0032,21.8446,21.0032,21.5999,7807084,1.6138,17512836000,17512836000,54.5896,
600267.SH,海正药业,2011-03-11,21.588,21.8744,21.3612,21.7133,3611199,0.7465,17604754200,17604754200,54.8761,
600267.SH,海正药业,2011-03-14,21.6238,22.5725,21.4269,22.489,6785284,1.4026,18233668200,18233668200,56.8365,
600267.SH,海正药业,2011-03-15,22.2563,23.2945,21.5462,22.9842,11206052,2.3164,18635205600,20215995561.72,58.0881,
600267.SH,海正药业,2011-03-16,22.9365,22.9365,22.3159,22.4591,3249931,0.6718,18209479200,19754155580.04,56.7611,
600267.SH,海正药业,2011-03-17,22.3458,22.3458,21.8386,22.0952,1892028,0.3911,17914373400,19434016501.83,60.5781,
600267.SH,海正药业,2011-03-18,22.0952,22.3935,22.0176,22.0832,3574840,0.7389,17904697800,19423520138.61,60.5454,
600267.SH,海正药业,2011-03-21,21.9579,22.4174,21.9579,22.298,3943354,0.8151,18078858600,19612454676.57,61.1343,
600267.SH,海正药业,2011-03-22,22.3756,22.483,21.4567,21.4746,3503418,0.7242,17411242200,18888205614.39,58.8767,
600267.SH,海正药业,2011-03-23,21.4448,21.7193,21.4209,21.6596,2215344,0.4579,17561214000,19050899244.3,59.3839,
600267.SH,海正药业,2011-03-24,21.7193,21.9102,21.4806,21.4925,1841050,0.3806,17425755600,18903950159.22,58.9258,
600267.SH,海正药业,2011-03-25,21.4985,21.8565,21.3314,21.3851,2458274,0.5081,17338675200,18809482890.24,58.6313,
600267.SH,海正药业,2011-03-28,21.4686,21.6596,20.9376,21.045,3187457,0.6589,17062920600,18510336538.47,57.6989,
600267.SH,海正药业,2011-03-29,21.045,21.224,20.2753,20.3469,4399218,0.9093,16496898000,17896299290.1,48.9289,
600267.SH,海正药业,2011-03-30,20.3946,20.8242,20.3946,20.6691,1952097,0.4035,16758139200,18179701097.04,49.7037,
600267.SH,海正药业,2011-03-31,20.7168,20.8183,20.5319,20.6631,1304023,0.2695,16753301400,18174452915.43,49.6893,
600267.SH,海正药业,2011-04-01,20.6631,20.872,20.6512,20.7705,1135652,0.2347,16840381800,18268920184.41,49.9476,
600267.SH,海正药业,2011-04-06,20.7705,20.7705,20.7705,20.7705,--,--,16840381800,18268920184.41,49.9476,
600267.SH,海正药业,2011-04-07,20.8779,21.5402,20.8242,21.5343,6346358,1.3118,17459620200,18940687430.49,51.7842,
600267.SH,海正药业,2011-04-08,21.4806,21.8983,21.1345,21.7968,2034540,0.4206,17672483400,19171607421.33,52.4156,
600267.SH,海正药业,2011-04-11,21.8147,21.8744,21.3314,21.3433,1889009,0.3905,17304810600,18772745618.97,51.3251,
600267.SH,海正药业,2011-04-12,21.6775,21.6775,20.8958,20.9734,1540109,0.3183,17004867000,18447358359.15,50.4355,
600267.SH,海正药业,2011-04-13,20.9734,21.4209,20.5915,21.3911,2518472,0.5206,17343513000,18814731071.85,51.4399,
600267.SH,海正药业,2011-04-14,21.2956,21.5581,21.1405,21.397,1225317,0.2533,17348350800,18819979253.46,51.4542,
600267.SH,海正药业,2011-04-15,21.5283,21.5402,20.9436,21.2359,1212257,0.2506,17217730200,18678278349.99,51.0668,
600267.SH,海正药业,2011-04-18,21.2419,21.2419,20.8302,21.0629,1416418,0.2928,17077434000,18526081083.3,50.6507,
600267.SH,海正药业,2011-04-19,21.0092,21.3493,20.7765,21.0092,1636473,0.3383,17033893800,18478847448.81,50.5216,
600267.SH,海正药业,2011-04-20,21.0032,22.1966,20.9018,21.8267,4106746,0.8489,17696672400,19197848329.38,52.4873,
600267.SH,海正药业,2011-04-21,21.8386,22.304,21.7193,22.1727,3931178,0.8126,17977264800,19502242862.76,53.3195,
600267.SH,海正药业,2011-04-22,22.1727,22.1727,22.1727,22.1727,--,--,17977264800,19502242862.76,53.3195,
600267.SH,海正药业,2011-04-25,22.0653,22.5009,21.6476,22.1071,2052361,0.4242,17924049000,19444512865.05,48.4751,
600267.SH,海正药业,2011-04-26,21.7312,22.1608,21.7312,22.1131,2035001,0.4206,17928886800,19449761046.66,48.4882,
600267.SH,海正药业,2011-04-27,22.125,22.3577,21.6476,22.1131,1910231,0.3949,17928886800,19449761046.66,48.4882,
600267.SH,海正药业,2011-04-28,21.6596,22.0773,21.2479,21.5522,1386274,0.2866,17474133600,18956431975.32,47.2583,
600267.SH,海正药业,2011-04-29,21.5164,21.8028,21.3612,21.6357,1344622,0.2779,17541862800,19029906517.86,47.4415,
600267.SH,海正药业,2011-05-03,21.5462,21.9699,21.3016,21.8804,1693116,0.35,17740212600,19245081963.87,47.9779,
600267.SH,海正药业,2011-05-04,21.8804,22.1071,21.5164,21.6238,1090384,0.2254,17532187200,19019410154.64,47.4153,
600267.SH,海正药业,2011-05-05,21.6835,22.1131,21.5402,22.0295,2032118,0.4201,17861157600,19376286504.12,48.305,
600267.SH,海正药业,2011-05-06,21.8446,22.1608,21.8446,22.0892,1088980,0.2251,17909535600,19428768320.22,48.4358,
600267.SH,海正药业,2011-05-09,22.2443,22.2443,21.8386,21.8625,792360,0.1638,17725699200,19229337419.04,47.9387,
600267.SH,海正药业,2011-05-10,21.8983,21.9937,21.6357,21.8386,874365,0.1807,17706348000,19208344692.6,47.8863,
600267.SH,海正药业,2011-05-11,21.7789,21.9878,21.6656,21.8386,1422273,0.294,17706348000,19208344692.6,47.8863,
600267.SH,海正药业,2011-05-12,21.9285,21.9584,21.4491,21.4671,861753,0.1781,17333837400,18804234708.63,46.8789,
600267.SH,海正药业,2011-05-13,21.521,22.0123,20.7302,21.9824,1617128,0.3343,17749888200,19255578327.09,48.0041,
600267.SH,海正药业,2011-05-16,21.8745,21.8745,21.4012,21.4551,490985,0.1015,17324161800,18793738345.41,46.8527,
600267.SH,海正药业,2011-05-17,21.3293,21.569,21.0178,21.0238,1099671,0.2273,16975840200,18415869269.49,45.9107,
600267.SH,海正药业,2011-05-18,20.8979,21.3533,20.8979,21.0477,1170817,0.242,16995191400,18436861995.93,45.963,
600267.SH,海正药业,2011-05-19,21.1795,21.3293,21.0298,21.2634,1651882,0.3415,17169352200,18625796533.89,46.434,
600267.SH,海正药业,2011-05-20,21.2095,21.3054,21.0777,21.2694,363194,0.0751,17174190000,18631044715.5,46.4471,
600267.SH,海正药业,2011-05-23,21.2694,21.4432,20.6703,21.2874,1223194,0.2528,17188703400,18646789260.33,46.4864,
600267.SH,海正药业,2011-05-24,21.2694,21.3293,20.7721,20.9099,853924,0.1765,16883922000,18316153818.9,45.6621,
600267.SH,海正药业,2011-05-25,20.6763,21.2634,20.3108,20.4126,2184640,0.4516,16482384600,17880554745.27,44.5762,
600267.SH,海正药业,2011-05-26,20.5864,20.7601,19.5798,20.3288,3411570,0.7052,16414655400,17807080202.73,44.393,
600267.SH,海正药业,2011-05-27,20.2329,20.9039,19.8914,20.6104,2734231,0.5652,16642032000,18053744738.4,45.0079,
600267.SH,海正药业,2011-05-30,20.5684,21.4072,20.5684,20.8201,3152099,0.6516,16811355000,18237431094.75,45.4659,
600267.SH,海正药业,2011-05-31,20.9758,21.533,20.9758,21.5031,2216741,0.4582,17362864200,18835723798.29,46.9574,
600267.SH,海正药业,2011-06-01,21.5031,21.581,21.2095,21.5031,901563,0.1864,17362864200,18835723798.29,46.9574,
600267.SH,海正药业,2011-06-02,21.5031,21.5031,21.5031,21.5031,--,--,17362864200,18835723798.29,46.9574,
600267.SH,海正药业,2011-06-03,22.3479,23.0069,21.581,21.7068,4609659,0.9528,17527349400,19014161973.03,47.4022,
600267.SH,海正药业,2011-06-07,21.3892,21.8626,21.0717,21.5929,1181666,0.2443,17435431200,18914446522.44,47.1536,
600267.SH,海正药业,2011-06-08,21.5929,21.9884,21.4491,21.9524,1042065,0.2154,17725699200,19229337419.04,47.9387,
600267.SH,海正药业,2011-06-09,21.7787,22.0123,21.3293,21.3353,764800,0.1581,17227405800,18688774713.21,46.591,
600267.SH,海正药业,2011-06-10,21.3713,21.7787,20.9698,21.6648,975614,0.2017,17493484800,18977424701.76,47.3106,
600267.SH,海正药业,2011-06-13,21.5929,21.5929,21.2215,21.575,439514,0.0908,17420917800,18898701977.61,47.1144,
600267.SH,海正药业,2011-06-14,21.6888,21.7727,21.3293,21.5989,352902,0.0729,17440269000,18919694704.05,47.1667,
600267.SH,海正药业,2011-06-15,21.7487,21.8566,21.3892,21.4432,345650,0.0714,17314486200,18783241982.19,46.8266,
600267.SH,海正药业,2011-06-16,21.2814,21.5989,21.2395,21.3892,509195,0.1053,17270946000,18736008347.7,46.7088,
600267.SH,海正药业,2011-06-17,21.6169,21.6169,20.9878,21.0597,498864,0.1031,17004867000,18447358359.15,45.9892,
600267.SH,海正药业,2011-06-20,21.0597,21.2634,20.7721,21.0417,1051944,0.2174,16990353600,18431613814.32,45.9499,
600267.SH,海正药业,2011-06-21,21.1616,21.7068,21.1616,21.545,916817,0.1895,17396728800,18872461069.56,47.049,
600267.SH,海正药业,2011-06-22,21.6169,21.7367,21.521,21.569,630359,0.1303,17416080000,18893453796,47.1013,
600267.SH,海正药业,2011-06-23,21.575,21.7487,21.569,21.7068,432427,0.0894,17527349400,19014161973.03,47.4022,
600267.SH,海正药业,2011-06-24,21.7068,21.7068,21.7068,21.7068,--,--,17527349400,19014161973.03,47.4022,
600267.SH,海正药业,2011-06-27,22.0483,22.1861,21.7727,21.8865,978009,0.2022,17672483400,19171607421.33,47.7947,
600267.SH,海正药业,2011-06-28,22.0363,22.4078,21.7787,22.3059,1646596,0.3404,18011129400,19538980134.03,48.7106,
600267.SH,海正药业,2011-06-29,22.276,22.4078,21.8685,21.9225,1530517,0.3164,17701510200,19203096510.99,47.8732,
600267.SH,海正药业,2011-06-30,22.1561,22.4317,22.0004,22.3718,1631022,0.3371,18064345200,19596710131.74,48.8545,
600267.SH,海正药业,2011-07-01,22.4018,22.5576,22.1082,22.1082,1472546,0.3044,17851482000,19365790140.9,48.2788,
600267.SH,海正药业,2011-07-04,22.1322,22.4497,22.0663,22.234,1379705,0.2852,17953075800,19476001954.71,48.5536,
600267.SH,海正药业,2011-07-05,22.2939,22.3479,22.1082,22.222,752883,0.1556,17943400200,19465505591.49,48.5274,
600267.SH,海正药业,2011-07-06,22.264,22.264,22.0483,22.0962,627362,0.1297,17841806400,19355293777.68,48.2527,
600267.SH,海正药业,2011-07-07,22.0782,22.8391,22.0483,22.7433,2431108,0.5025,18364288800,19922097391.56,49.6657,
600267.SH,海正药业,2011-07-08,22.7553,22.7972,22.4677,22.6714,1382755,0.2858,18306235200,19859119212.24,49.5087,
600267.SH,海正药业,2011-07-11,22.6714,23.1148,22.3119,23.0728,1426688,0.2949,18630367800,20210747380.11,50.3853,
600267.SH,海正药业,2011-07-12,22.917,23.3724,22.7673,23.2106,1722226,0.356,18741637200,20331455557.14,50.6862,
600267.SH,海正药业,2011-07-13,23.2166,23.3604,23.0129,23.2226,1390956,0.2875,18751312800,20341951920.36,50.7124,
600267.SH,海正药业,2011-07-14,23.0309,23.4263,23.0309,23.2346,1122976,0.2321,18760988400,20352448283.58,50.7386,
600267.SH,海正药业,2011-07-15,23.1028,23.3664,22.7852,23.0129,2971860,0.6143,18581989800,20158265564.01,50.2545,
600267.SH,海正药业,2011-07-18,23.1267,23.7858,22.9829,23.2346,4277069,0.8841,18760988400,20352448283.58,50.7386,
600267.SH,海正药业,2011-07-19,23.0069,23.2945,22.9051,23.1687,1919736,0.3968,18707772600,20294718285.87,50.5947,
600267.SH,海正药业,2011-07-20,23.3904,23.3904,22.6235,23.1207,1773209,0.3665,18669070200,20252732832.99,50.49,
600267.SH,海正药业,2011-07-21,22.8631,23.66,22.8631,23.4802,2931113,0.6059,18959338200,20567623729.59,51.275,
600267.SH,海正药业,2011-07-22,23.4143,23.8457,23.3664,23.7199,1986153,0.4105,19152850200,20777550993.99,51.7984,
600267.SH,海正药业,2011-07-25,23.4023,23.7618,22.6774,23.2765,1895275,0.3918,18794853000,20389185554.85,50.8302,
600267.SH,海正药业,2011-07-26,23.0728,24.1093,22.953,23.9236,2139437,0.4422,19317335400,20955989168.73,52.2432,
600267.SH,海正药业,2011-07-27,23.648,24.4448,23.5581,23.8876,1552370,0.3209,19288308600,20924500079.07,52.1647,
600267.SH,海正药业,2011-07-28,23.6899,24.2651,23.606,24.1872,1288206,0.2663,19530198600,21186909159.57,52.8189,
600267.SH,海正药业,2011-07-29,24.1872,24.1872,23.612,23.66,1341835,0.2774,19104472200,20725069177.89,51.6675,
600267.SH,海正药业,2011-08-01,23.66,23.9056,23.4862,23.666,532709,0.1101,19109310000,20730317359.5,51.6806,
600267.SH,海正药业,2011-08-02,23.3784,23.8397,23.3784,23.7738,578230,0.1195,19196390400,20824784628.48,51.9161,
600267.SH,海正药业,2011-08-03,23.5461,23.9056,23.3724,23.7798,1096595,0.2267,19201228200,20830032810.09,51.9292,
600267.SH,海正药业,2011-08-04,23.4982,23.9356,23.4982,23.6779,437795,0.0905,19118985600,20740813722.72,51.7068,
600267.SH,海正药业,2011-08-05,23.1267,23.8038,23.0728,23.3904,678660,0.1403,18886771200,20488901005.44,51.0788,
600267.SH,海正药业,2011-08-08,23.3604,23.3664,21.6349,22.7493,1197354,0.2475,18369126600,19927345573.17,49.6788,
600267.SH,海正药业,2011-08-09,22.0902,23.0548,21.7547,22.947,963367,0.1991,18528774000,20100535566.3,50.1106,
600267.SH,海正药业,2011-08-10,23.1267,23.1866,22.8272,22.9829,618875,0.1279,18557800800,20132024655.96,50.1891,
600267.SH,海正药业,2011-08-11,22.9829,23.654,22.4737,23.606,827992,0.1712,19060932000,20677835543.4,51.5498,
600267.SH,海正药业,2011-08-12,23.606,23.9056,23.1866,23.3844,1423207,0.2942,18881933400,20483652823.83,51.0657,
600267.SH,海正药业,2011-08-15,23.4862,23.5941,23.1567,23.3005,452980,0.0936,18814204200,20410178281.29,50.8825,
600267.SH,海正药业,2011-08-16,23.1267,23.3664,22.8272,23.2226,1113472,0.2302,18751312800,20341951920.36,50.7124,
600267.SH,海正药业,2011-08-17,23.2945,23.2945,22.9829,23.0848,404677,0.0836,18640043400,20221243743.33,50.4115,
600267.SH,海正药业,2011-08-18,23.2226,23.2226,22.7133,22.7373,518184,0.1071,18359451000,19916849209.95,49.6526,
600267.SH,海正药业,2011-08-19,22.5935,22.959,21.7607,22.4138,1739921,0.3597,18098209800,19633447403.01,48.9461,
600267.SH,海正药业,2011-08-22,22.1681,22.5456,21.9824,22.24,1840350,0.3804,17957913600,19481250136.32,48.5667,
600267.SH,海正药业,2011-08-23,22.4677,22.7553,22.0363,22.222,842179,0.1741,17943400200,19465505591.49,48.5274,
600267.SH,海正药业,2011-08-24,22.276,22.6295,22.1681,22.3419,740968,0.1532,18040156200,19570469223.69,48.7891,
600267.SH,海正药业,2011-08-25,22.2939,22.5995,22.1981,22.4617,1170079,0.2419,18136912200,19675432855.89,49.0508,
600267.SH,海正药业,2011-08-26,22.4377,23.2346,22.3299,22.947,884988,0.1829,18528774000,20100535566.3,50.1106,
600267.SH,海正药业,2011-08-29,22.6594,22.9949,22.6594,22.8272,941617,0.1946,18432018000,19995571934.1,49.8489,
600267.SH,海正药业,2011-08-30,22.8691,23.0608,22.4677,22.5456,1348713,0.2788,18204641400,19748907398.43,44.4706,
600267.SH,海正药业,2011-08-31,22.3778,22.7373,21.9045,22.5276,841849,0.174,18190128000,19733162853.6,44.4351,
600267.SH,海正药业,2011-09-01,22.4976,22.5276,22.1082,22.1921,397616,0.0822,17919211200,19439264683.44,43.7733,
600267.SH,海正药业,2011-09-02,22.282,22.4916,22.1681,22.4677,338681,0.07,18141750000,19680681037.5,44.3169,
600267.SH,海正药业,2011-09-05,22.4677,22.4677,22.4677,22.4677,--,--,18141750000,19680681037.5,44.3169,
600267.SH,海正药业,2011-09-06,22.4078,22.4078,21.8805,21.9944,259406,0.0536,17759563800,19266074690.31,43.3833,
600267.SH,海正药业,2011-09-07,22.276,22.276,21.6888,21.9824,556017,0.1149,17749888200,19255578327.09,43.3597,
600267.SH,海正药业,2011-09-08,21.7607,22.276,21.7607,22.258,833163,0.1722,17972427000,19496994681.15,43.9033,
600267.SH,海正药业,2011-09-09,22.4078,22.6954,21.8146,22.0363,1045026,0.216,17793428400,19302811961.58,43.466,
600267.SH,海正药业,2011-09-13,21.7966,21.8985,21.569,21.6469,377183,0.078,17478971400,18961680156.93,42.6979,
600267.SH,海正药业,2011-09-14,21.545,21.8566,21.1076,21.2994,952125,0.1968,17198379000,18657285623.55,42.0124,
600267.SH,海正药业,2011-09-15,21.4312,21.7307,21.3773,21.6049,331602,0.0685,17445106800,18924942885.66,42.6152,
600267.SH,海正药业,2011-09-16,21.8386,21.8386,21.2694,21.3233,706721,0.1461,17217730200,18678278349.99,42.0597,
600267.SH,海正药业,2011-09-19,21.2275,21.2694,20.862,21.1316,629514,0.1301,17062920600,18510336538.47,41.6815,
600267.SH,海正药业,2011-09-20,21.2574,21.3173,20.7002,21.2694,610513,0.1262,17174190000,18631044715.5,41.9534,
600267.SH,海正药业,2011-09-21,21.0897,21.7966,20.826,21.6948,647731,0.1339,17517673800,19003665609.81,42.7924,
600267.SH,海正药业,2011-09-22,21.2694,21.6169,20.7901,21.533,1072955,0.2218,17387053200,18861964706.34,42.4733,
600267.SH,海正药业,2011-09-23,21.1975,21.2335,20.3168,20.856,1320010,0.2729,16840381800,18268920184.41,41.1379,
600267.SH,海正药业,2011-09-26,20.4306,20.9099,20.4306,20.7122,442754,0.0915,16724274600,18142963825.77,40.8543,
600267.SH,海正药业,2011-09-27,20.7362,20.868,20.4486,20.5085,663523,0.1372,16559789400,17964525651.03,40.4525,
600267.SH,海正药业,2011-09-28,20.5265,20.7961,20.4905,20.5025,892264,0.1844,16554951600,17959277469.42,40.4407,
600267.SH,海正药业,2011-09-29,20.6643,20.6643,20.0831,20.173,663547,0.1372,16288872600,17670627480.87,39.7907,
600267.SH,海正药业,2011-09-30,20.2029,20.3647,19.6038,19.7476,693999,0.1435,15945388800,17298006586.56,38.9516,
600267.SH,海正药业,2011-10-10,19.7536,20.0112,19.0766,19.9992,1646078,0.3403,16148576400,17518430214.18,39.448,
600267.SH,海正药业,2011-10-11,20.179,20.4426,18.9987,19.466,856381,0.177,15718012200,17051342050.89,38.3962,
600267.SH,海正药业,2011-10-12,19.3701,19.9213,18.9987,19.8734,1193754,0.2468,16046982600,17408218400.37,39.1998,
600267.SH,海正药业,2011-10-13,19.7835,20.3587,19.7835,20.2509,652750,0.1349,16351764000,17738853841.8,39.9443,
600267.SH,海正药业,2011-10-14,20.191,20.2449,19.9513,20.2149,312356,0.0646,16322737200,17707364752.14,39.8734,
600267.SH,海正药业,2011-10-17,20.161,20.7901,20.161,20.7242,823971,0.1703,16733950200,18153460188.99,40.8779,
600267.SH,海正药业,2011-10-18,20.7302,20.7482,20.3168,20.3647,397347,0.0821,16443682200,17838569292.39,37.7172,
600267.SH,海正药业,2011-10-19,20.3707,20.7661,20.3707,20.5624,347734,0.0719,16603329600,18011759285.52,38.0834,
600267.SH,海正药业,2011-10-20,20.3767,20.3767,19.5978,20.143,354484,0.0733,16264683600,17644386572.82,37.3067,
600267.SH,海正药业,2011-10-21,20.0172,20.6703,20.0112,20.0412,379532,0.0785,16182441000,17555167485.45,37.118,
600267.SH,海正药业,2011-10-24,20.2748,20.4726,20.0532,20.3467,359034,0.0742,16429168800,17822824747.56,37.6839,
600267.SH,海正药业,2011-10-25,19.9813,20.7601,19.9813,20.3647,1226672,0.2536,16443682200,17838569292.39,37.7172,
600267.SH,海正药业,2011-10-26,20.3707,21.0298,20.3647,20.9638,1097536,0.2269,16927462200,18363387453.39,38.8269,
600267.SH,海正药业,2011-10-27,21.1496,21.1496,20.6163,20.7901,1150025,0.2377,16787166000,18211190186.7,38.5051,
600267.SH,海正药业,2011-10-28,20.9579,21.1256,20.7302,21.0178,1244991,0.2573,16971002400,18410621087.88,38.9268,
600267.SH,海正药业,2011-10-31,20.7062,21.0118,20.6104,20.8081,568154,0.1174,16801679400,18226934731.53,38.5384,
600267.SH,海正药业,2011-11-01,20.5504,21.0777,20.5504,20.862,598461,0.1237,16845219600,18274168366.02,38.6382,
600267.SH,海正药业,2011-11-02,20.7841,21.563,20.6223,21.2574,1162524,0.2403,17164514400,18620548352.28,39.3706,
600267.SH,海正药业,2011-11-03,21.2574,21.8685,20.85,21.6049,2194789,0.4537,17445106800,18924942885.66,40.0142,
600267.SH,海正药业,2011-11-04,21.9345,22.0902,21.569,21.9524,2468448,0.5102,17725699200,19229337419.04,40.6578,
600267.SH,海正药业,2011-11-07,21.0897,21.9824,21.0897,21.8026,867524,0.1793,17604754200,19098132878.79,40.3804,
600267.SH,海正药业,2011-11-08,21.9584,21.9584,21.3054,21.3293,916548,0.1895,17222568000,18683526531.6,39.5038,
600267.SH,海正药业,2011-11-09,21.4312,21.569,21.0118,21.3653,1444181,0.2985,17251594800,18715015621.26,39.5704,
600267.SH,海正药业,2011-11-10,21.0897,21.7188,21.0897,21.569,952008,0.1968,17416080000,18893453796,39.9476,
600267.SH,海正药业,2011-11-11,21.569,21.569,21.569,21.569,--,--,17416080000,18893453796,39.9476,
600267.SH,海正药业,2011-11-14,21.8506,22.1322,21.575,21.9644,853240,0.1764,17735374800,19239833782.26,40.68,
600267.SH,海正药业,2011-11-15,22.1082,22.1082,21.7547,21.8685,456743,0.0944,17657970000,19155862876.5,40.5025,
600267.SH,海正药业,2011-11-16,22.0363,22.0902,21.3473,21.4012,1111136,0.2297,17280621600,18746504710.92,39.6369,
600267.SH,海正药业,2011-11-17,21.569,21.6648,21.1376,21.1556,789822,0.1633,17082271800,18531329264.91,39.182,
600267.SH,海正药业,2011-11-18,21.3713,21.3713,20.9279,21.0657,791127,0.1635,17009704800,18452606540.76,39.0155,
600267.SH,海正药业,2011-11-21,20.9938,21.2035,20.3707,20.886,900609,0.1862,16864570800,18295161092.46,38.6826,
600267.SH,海正药业,2011-11-22,20.4785,20.9159,20.3767,20.7242,1576456,0.3259,16733950200,18153460188.99,38.383,
600267.SH,海正药业,2011-11-23,20.4785,20.7721,20.0711,20.155,1351803,0.2794,16274359200,17654882936.04,37.3288,
600267.SH,海正药业,2011-11-24,20.131,20.85,19.9513,20.8021,794775,0.1643,16796841600,18221686549.92,38.5273,
600267.SH,海正药业,2011-11-25,20.6403,21.0298,20.6223,20.7302,643833,0.1331,16738788000,18158708370.6,38.3941,
600267.SH,海正药业,2011-11-28,20.9579,21.8685,20.5205,21.8506,3919030,0.8101,17643456600,19140118331.67,40.4692,
600267.SH,海正药业,2011-11-29,21.8146,22.8871,21.6109,22.0842,4371721,0.9037,17832130800,19344797414.46,40.9019,
600267.SH,海正药业,2011-11-30,21.9944,22.3239,21.4971,21.8206,1981723,0.4096,17619267600,19113877423.62,40.4137,
600267.SH,海正药业,2011-12-01,22.0782,22.6954,21.7547,21.9404,1131821,0.234,17716023600,19218841055.82,40.6356,
600267.SH,海正药业,2011-12-02,21.6768,22.2939,21.3293,21.8026,899879,0.186,17604754200,19098132878.79,40.3804,
600267.SH,海正药业,2011-12-05,21.8865,22.1082,21.3892,21.9524,1174310,0.2427,17725699200,19229337419.04,40.6578,
600267.SH,海正药业,2011-12-06,21.8745,21.9524,21.5151,21.6289,321586,0.0665,17464458000,18945935612.1,40.0586,
600267.SH,海正药业,2011-12-07,21.545,22.1801,21.4491,21.8985,591729,0.1223,17682159000,19182103784.55,40.5579,
600267.SH,海正药业,2011-12-08,21.8566,21.8566,20.2509,20.3707,3476291,0.7186,16448520000,17843817474,37.7283,
600267.SH,海正药业,2011-12-09,20.1011,20.9099,20.1011,20.4246,1612138,0.3332,16492060200,17891051108.49,37.8282,
600267.SH,海正药业,2011-12-12,20.2509,20.6104,20.2509,20.4845,668480,0.1382,16540438200,17943532924.59,37.9392,
600267.SH,海正药业,2011-12-13,20.4965,20.5924,20.0771,20.1251,560008,0.1158,16250170200,17628642027.99,37.2734,
600267.SH,海正药业,2011-12-14,20.2509,20.3707,20.143,20.2389,160655,0.0332,16342088400,17728357478.58,37.4842,
600267.SH,海正药业,2011-12-15,20.2509,20.3108,19.7895,20.0112,493325,0.102,16158252000,17528926577.4,37.0625,
600267.SH,海正药业,2011-12-16,19.9513,20.3707,19.7236,20.2449,998690,0.2064,16346926200,17733605660.19,37.4953,
600267.SH,海正药业,2011-12-19,19.9094,20.7182,19.8435,20.6044,886875,0.1833,16637194200,18048496556.79,38.1611,
600267.SH,海正药业,2011-12-20,20.3947,20.7182,20.131,20.2269,869231,0.1797,16332412800,17717861115.36,37.462,
600267.SH,海正药业,2011-12-21,20.5385,20.5385,19.7716,19.9393,654930,0.1354,16100198400,17465948398.08,36.9294,
600267.SH,海正药业,2011-12-22,20.0112,20.2808,19.5918,20.0591,744117,0.1538,16196954400,17570912030.28,37.1513,
600267.SH,海正药业,2011-12-23,19.8974,20.2449,19.7776,19.8255,470172,0.0972,16008280200,17366232947.49,36.7185,
600267.SH,海正药业,2011-12-26,19.5918,19.9154,19.5918,19.6218,768667,0.1589,15843795000,17187794772.75,36.3413,
600267.SH,海正药业,2011-12-27,19.8794,20.1131,19.472,19.6218,1096775,0.2267,15843795000,17187794772.75,36.3413,
600267.SH,海正药业,2011-12-28,19.7116,19.7716,17.9801,19.442,1570603,0.3247,15698661000,17030349324.45,36.0084,
600267.SH,海正药业,2011-12-29,19.7296,19.7296,18.9927,19.0406,1347535,0.2785,15374528400,16678721156.58,35.2649,
600267.SH,海正药业,2011-12-30,19.0646,19.3402,18.8848,19.0346,1206472,0.2494,15369690600,16673472974.97,35.2538,
600267.SH,海正药业,2012-01-04,19.0346,19.0346,19.0346,19.0346,--,--,15369690600,16673472974.97,35.2538,
600267.SH,海正药业,2012-01-05,18.1239,18.1479,17.1294,17.1294,4501700,0.9305,13831270200,15004551222.99,31.7251,
600267.SH,海正药业,2012-01-06,17.1054,17.1054,15.9371,16.5362,3486900,0.7208,13352328000,14484981243.6,30.6265,
600267.SH,海正药业,2012-01-09,16.2906,17.0635,15.997,16.3445,5612533,1.1601,13197518400,14317039432.08,30.2714,
600267.SH,海正药业,2012-01-10,16.3984,17.1713,16.2906,17.1354,3080109,0.6367,13836108000,15009799404.6,31.7362,
600267.SH,海正药业,2012-01-11,17.1294,17.6566,16.9616,17.4888,1612848,0.3334,14121538200,15319442119.59,32.3909,
600267.SH,海正药业,2012-01-12,17.399,17.4948,16.7699,17.0215,1650845,0.3412,13744189800,14910083954.01,31.5253,
600267.SH,海正药业,2012-01-13,16.8358,16.8358,15.32,15.8712,5172606,1.0692,12815332200,13902433084.89,29.3948,
600267.SH,海正药业,2012-01-16,15.4278,15.6375,15.2061,15.272,1411858,0.2918,12331552200,13377614923.89,28.2851,
600267.SH,海正药业,2012-01-17,15.3739,15.7693,14.4692,15.6914,3442389,0.7116,12670198200,13744987636.59,29.0619,
600267.SH,海正药业,2012-01-18,15.5776,15.6555,14.4991,14.9185,3122881,0.6455,12046122000,13067972208.9,27.6304,
600267.SH,海正药业,2012-01-19,14.9185,15.29,14.595,14.8287,3114430,0.6438,11973555000,12989249484.75,27.464,
600267.SH,海正药业,2012-01-20,14.7628,15.7334,14.7148,15.5416,4802582,0.9927,12549253200,13613783096.34,28.7845,
600267.SH,海正药业,2012-01-30,15.5177,15.6675,15.0264,15.5237,3038257,0.628,12534739800,13598038551.51,28.7512,
600267.SH,海正药业,2012-01-31,15.5057,15.6735,15.4458,15.6375,939297,0.1942,12626658000,13697754002.1,28.962,
600267.SH,海正药业,2012-02-01,15.7034,16.1408,15.6435,16.0689,1872905,0.3871,12974979600,14075623078.02,29.761,
600267.SH,海正药业,2012-02-02,16.2366,16.2786,15.9251,16.1887,1267464,0.262,13071735600,14180586710.22,29.9829,
600267.SH,海正药业,2012-02-03,16.1048,16.4344,16.0869,16.1468,2263215,0.4678,13037871000,14143849438.95,29.9052,
600267.SH,海正药业,2012-02-06,16.1767,16.1767,15.8652,15.9251,2151608,0.4447,12858872400,13949666719.38,29.4947,
600267.SH,海正药业,2012-02-07,15.7753,16.1707,15.6794,16.003,896195,0.1852,12921763800,14017893080.31,29.6389,
600267.SH,海正药业,2012-02-08,16.003,16.2666,15.8772,16.1947,1239258,0.2562,13076573400,14185834891.83,29.994,
600267.SH,海正药业,2012-02-09,16.2127,16.674,16.0629,16.5482,1314621,0.2717,13362003600,14495477606.82,30.6487,
600267.SH,海正药业,2012-02-10,16.4463,16.704,16.4463,16.6381,866034,0.179,13434570600,14574200330.97,30.8152,
600267.SH,海正药业,2012-02-13,16.662,17.1054,16.5063,16.8418,2509258,0.5187,13599055800,14752638505.71,31.1924,
600267.SH,海正药业,2012-02-14,16.7819,17.0035,16.692,16.7279,1798782,0.3718,13507137600,14652923055.12,30.9816,
600267.SH,海正药业,2012-02-15,16.5482,16.9856,16.5482,16.7998,1289377,0.2665,13565191200,14715901234.44,31.1148,
600267.SH,海正药业,2012-02-16,16.7759,17.1473,16.5063,16.6021,1774316,0.3668,13405543800,14542711241.31,30.7486,
600267.SH,海正药业,2012-02-17,16.716,16.8238,16.4523,16.692,1254915,0.2594,13478110800,14621433965.46,30.915,
600267.SH,海正药业,2012-02-20,17.1833,17.2552,16.7819,16.9676,4518671,0.934,13700649600,14862850319.52,31.4255,
600267.SH,海正药业,2012-02-21,17.0814,17.1953,16.8777,17.1354,1596194,0.3299,13836108000,15009799404.6,31.7362,
600267.SH,海正药业,2012-02-22,17.2013,17.7405,17.0335,17.6626,2712944,0.5608,14261834400,15471639386.28,32.7127,
600267.SH,海正药业,2012-02-23,17.6626,18.076,17.363,17.5787,2381820,0.4923,14194105200,15398164843.74,32.5573,
600267.SH,海正药业,2012-02-24,17.4888,17.7824,17.375,17.7764,2026265,0.4188,14353752600,15571354836.87,32.9235,
600267.SH,海正药业,2012-02-27,17.8963,17.8963,17.1354,17.399,12280407,2.5384,14048971200,15240719395.44,32.2244,
600267.SH,海正药业,2012-02-28,17.2552,17.2672,16.2966,16.4044,10990122,2.2717,13245896400,14369521248.18,30.3824,
600267.SH,海正药业,2012-02-29,16.4044,16.4104,15.7993,15.967,10230718,2.1147,12892737000,13986403990.65,29.5723,
600267.SH,海正药业,2012-03-01,15.9011,16.0749,15.8412,16.0689,4376452,0.9046,12974979600,14075623078.02,29.761,
600267.SH,海正药业,2012-03-02,16.0389,16.2366,15.997,16.1647,5287407,1.0929,13052384400,14159593983.78,29.9385,
600267.SH,海正药业,2012-03-05,16.2007,16.2307,15.8232,15.8712,6687181,1.3823,12815332200,13902433084.89,29.3948,
600267.SH,海正药业,2012-03-06,15.8412,16.0449,15.6255,15.9311,4982565,1.0299,12863710200,13954914900.99,29.5058,
600267.SH,海正药业,2012-03-07,15.8772,15.985,15.7274,15.8232,3532854,0.7303,12776629800,13860447632.01,29.306,
600267.SH,海正药业,2012-03-08,15.7873,15.8891,15.6854,15.8292,5191377,1.0731,12781467600,13865695813.62,29.3171,
600267.SH,海正药业,2012-03-09,15.8472,16.2307,15.6735,16.2067,8160286,1.6868,13086249000,14196331255.05,30.0162,
600267.SH,海正药业,2012-03-12,16.2247,16.8058,16.2247,16.7339,9921928,2.0509,13511975400,14658171236.73,30.9927,
600267.SH,海正药业,2012-03-13,16.9796,16.9796,16.4164,16.5901,5041835,1.0422,13395868200,14532214878.09,30.7264,
600267.SH,海正药业,2012-03-14,16.6261,16.8298,15.8891,16.0569,8471933,1.7512,12965304000,14065126714.8,29.7388,
600267.SH,海正药业,2012-03-15,16.003,16.5063,15.9371,16.4104,6243523,1.1897,14374769429.79,14374769429.79,30.3935,
600267.SH,海正药业,2012-03-16,16.4763,17.0395,16.3565,17.0095,8718128,1.6612,14899587590.79,14899587590.79,31.5031,
600267.SH,海正药业,2012-03-19,16.9736,17.351,16.8957,17.0994,6943666,1.3231,14978310314.94,14978310314.94,31.6696,
600267.SH,海正药业,2012-03-20,16.9976,16.9976,16.3565,16.662,6046252,1.1521,14595193057.41,14595193057.41,30.8595,
600267.SH,海正药业,2012-03-21,16.6441,16.716,16.1228,16.3505,4412603,0.8408,14322287613.69,14322287613.69,30.2825,
600267.SH,海正药业,2012-03-22,16.3505,16.3565,15.8592,16.0269,3368609,0.6419,14038885806.75,14038885806.75,29.6833,
600267.SH,海正药业,2012-03-23,16.0269,16.0569,15.7933,15.8532,2384365,0.4543,13886688540.06,13886688540.06,29.3615,
600267.SH,海正药业,2012-03-26,15.7813,16.1588,15.7753,16.1168,2800569,0.5336,14117608530.9,14117608530.9,29.8498,
600267.SH,海正药业,2012-03-27,16.3265,16.4763,15.8772,15.961,3175323,0.605,13981155809.04,13981155809.04,27.7359,
600267.SH,海正药业,2012-03-28,15.8772,16.1048,15.2181,15.3739,4363502,0.8314,13466834011.26,13466834011.26,26.7156,
600267.SH,海正药业,2012-03-29,15.278,15.29,14.7688,14.8347,5029289,0.9583,12994497666.36,12994497666.36,25.7786,
600267.SH,海正药业,2012-03-30,14.8586,15.0683,14.619,14.9725,2278476,0.4341,13115205843.39,13115205843.39,26.018,
600267.SH,海正药业,2012-04-05,15.0384,15.3559,14.8766,15.278,2878128,0.5484,13382863105.5,13382863105.5,26.549,
600267.SH,海正药业,2012-04-06,15.278,15.3439,15.1522,15.278,2316806,0.4414,13382863105.5,13382863105.5,26.549,
600267.SH,海正药业,2012-04-09,15.2181,15.278,14.8526,14.8946,2478458,0.4723,13046979482.46,13046979482.46,25.8827,
600267.SH,海正药业,2012-04-10,14.8706,15.0563,14.6549,14.9785,2077787,0.3959,13120454025,13120454025,26.0284,
600267.SH,海正药业,2012-04-11,14.8886,15.1402,14.6849,15.0444,1610967,0.307,13178184022.71,13178184022.71,26.143,
600267.SH,海正药业,2012-04-12,15.0084,15.3979,15.0084,15.3679,1511756,0.2881,13461585829.65,13461585829.65,26.7052,
600267.SH,海正药业,2012-04-13,15.3499,15.4997,15.278,15.3379,3064249,0.5839,13435344921.6,13435344921.6,26.6531,
600267.SH,海正药业,2012-04-16,15.2241,15.4098,15.0504,15.32,1208231,0.2302,13419600376.77,13419600376.77,26.6219,
600267.SH,海正药业,2012-04-17,15.3919,15.5177,15.2061,15.3859,2004196,0.3819,13477330374.48,13477330374.48,26.7364,
600267.SH,海正药业,2012-04-18,15.4877,15.6315,15.2361,15.5656,2816733,0.5367,13634775822.78,13634775822.78,27.0488,
600267.SH,海正药业,2012-04-19,15.5237,15.5476,15.2601,15.4578,3300857,0.629,13540308553.8,13540308553.8,26.8614,
600267.SH,海正药业,2012-04-20,15.4398,15.6076,15.296,15.5117,2278327,0.4341,13587542188.29,13587542188.29,26.9551,
600267.SH,海正药业,2012-04-23,15.4578,15.6375,15.3379,15.6076,2436430,0.4642,13671513094.05,13671513094.05,27.1216,
600267.SH,海正药业,2012-04-24,15.5536,15.6854,15.0504,15.3499,2598019,0.495,13445841284.82,13445841284.82,26.674,
600267.SH,海正药业,2012-04-25,15.3499,15.3499,15.3499,15.3499,--,--,13445841284.82,13445841284.82,26.674,
600267.SH,海正药业,2012-04-26,15.3619,15.5656,15.0683,15.1103,3224627,0.6144,13235914020.42,13235914020.42,26.2575,
600267.SH,海正药业,2012-04-27,14.7987,14.7987,13.6004,14.0857,10829625,2.0635,12338474965.11,12338474965.11,24.3417,
600267.SH,海正药业,2012-05-02,14.0857,14.2415,13.7083,13.912,7600005,1.4481,12186277698.42,12186277698.42,24.0414,
600267.SH,海正药业,2012-05-03,13.912,14.9066,13.8521,14.8167,12310948,2.3458,12978753121.53,12978753121.53,25.6048,
600267.SH,海正药业,2012-05-04,14.7927,14.8526,14.631,14.7268,3635386,0.6927,12900030397.38,12900030397.38,25.4495,
600267.SH,海正药业,2012-05-07,14.7088,15.0504,14.613,15.0204,5742025,1.0941,13157191296.27,13157191296.27,25.9569,
600267.SH,海正药业,2012-05-08,15.278,15.4578,15.1222,15.3439,10168001,1.9374,13440593103.21,13440593103.21,26.516,
600267.SH,海正药业,2012-05-09,15.3559,15.5476,15.1642,15.3679,6272355,1.1951,13461585829.65,13461585829.65,26.5574,
600267.SH,海正药业,2012-05-10,15.3799,16.1887,15.3799,16.021,8730655,1.6636,14033637625.14,14033637625.14,27.6859,
600267.SH,海正药业,2012-05-11,15.985,16.1767,15.6675,15.979,4903670,0.9344,13996900353.87,13996900353.87,27.6135,
600267.SH,海正药业,2012-05-14,16.0869,16.1288,15.5716,15.6914,6970005,1.3281,13744987636.59,13744987636.59,27.1165,
600267.SH,海正药业,2012-05-15,15.4458,15.5896,15.2001,15.5177,4130973,0.7871,13592790369.9,13592790369.9,26.8162,
600267.SH,海正药业,2012-05-16,15.4638,15.6974,15.284,15.32,2458733,0.4685,13419600376.77,13419600376.77,26.4745,
600267.SH,海正药业,2012-05-17,15.4278,15.4997,15.2241,15.3979,2948399,0.5618,13487826737.7,13487826737.7,26.6091,
600267.SH,海正药业,2012-05-18,15.3919,15.3979,14.5591,14.9785,5641079,1.0749,13120454025,13120454025,25.8844,
600267.SH,海正药业,2012-05-21,14.9785,15.308,14.9785,15.1402,4452147,0.8483,13262154928.47,13262154928.47,26.1639,
600267.SH,海正药业,2012-05-22,15.4817,15.5357,14.9185,15.1402,5002593,0.9532,13262154928.47,13262154928.47,26.1639,
600267.SH,海正药业,2012-05-23,15.1282,15.1282,14.4392,14.583,6051088,1.153,12774074038.74,12774074038.74,25.201,
600267.SH,海正药业,2012-05-24,14.595,14.7688,14.4991,14.595,2925233,0.5574,12784570401.96,12784570401.96,25.2217,
600267.SH,海正药业,2012-05-25,14.4696,14.8555,14.2767,14.5275,1663625,0.1981,12646018413.48,12646018413.48,24.9484,
600267.SH,海正药业,2012-05-28,14.4407,14.4407,14.0066,14.3731,4418231,0.5262,12511664964.2,12511664964.2,24.6833,
600267.SH,海正药业,2012-05-29,14.3442,14.7301,14.3442,14.6336,4855905,0.5783,12738386409.86,12738386409.86,25.1306,
600267.SH,海正药业,2012-05-30,14.5854,15.0484,14.5854,14.9037,6992847,0.8328,12973504946.1,12973504946.1,25.5945,
600267.SH,海正药业,2012-05-31,14.9037,14.9809,14.8169,14.8362,2785301,0.3317,12914725312.04,12914725312.04,25.4785,
600267.SH,海正药业,2012-06-01,14.9037,15.058,14.8458,15.0098,4021544,0.4789,13065872942.48,13065872942.48,25.7767,
600267.SH,海正药业,2012-06-04,14.6722,15.5211,14.5757,15.1641,9117722,1.0858,13200226391.76,13200226391.76,26.0418,
600267.SH,海正药业,2012-06-05,15.1738,15.7815,15.1256,15.6175,11688127,1.3919,13594889649.02,13594889649.02,26.8204,
600267.SH,海正药业,2012-06-06,15.685,15.7236,15.2895,15.386,4293096,0.5113,13393359475.1,13393359475.1,26.4228,
600267.SH,海正药业,2012-06-07,15.55,15.5982,15.0002,15.1449,4009515,0.4775,13183432210.6,13183432210.6,26.0086,
600267.SH,海正药业,2012-06-08,15.1931,15.4825,15.058,15.4342,6656035,0.7927,13435344928,13435344928,26.5056,
600267.SH,海正药业,2012-06-11,15.4921,15.9166,15.4632,15.7719,6744566,0.8032,13729243098.3,13729243098.3,27.0854,
600267.SH,海正药业,2012-06-12,15.7719,16.0516,15.5307,15.9455,7247194,0.8631,13880390728.74,13880390728.74,27.3836,
600267.SH,海正药业,2012-06-13,15.9744,16.5822,15.8201,16.4278,9407804,1.1204,14300245257.74,14300245257.74,28.2119,
600267.SH,海正药业,2012-06-14,16.4471,17.0163,16.4085,16.5725,10852240,1.2924,14426201616.44,14426201616.44,28.4604,
600267.SH,海正药业,2012-06-15,16.5532,16.9487,16.2735,16.4568,8859922,1.0551,14325436529.48,14325436529.48,28.2616,
600267.SH,海正药业,2012-06-18,16.6883,16.9584,16.4953,16.6593,6748155,0.8036,14501775431.66,14501775431.66,28.6095,
600267.SH,海正药业,2012-06-19,16.64,16.8137,16.4953,16.7269,7849080,0.9347,14560555065.72,14560555065.72,28.7254,
600267.SH,海正药业,2012-06-20,16.7654,16.8619,16.3024,16.3121,6520856,0.7766,14199480170.78,14199480170.78,28.0131,
600267.SH,海正药业,2012-06-21,16.2445,16.2542,15.878,16.1577,5600092,0.6669,14065126721.5,14065126721.5,27.7481,
600267.SH,海正药业,2012-06-25,16.0613,16.6883,15.9359,16.3699,8067749,0.9608,14249862714.26,14249862714.26,28.1125,
600267.SH,海正药业,2012-06-26,16.3024,16.8619,15.9841,16.7076,7202632,0.8578,14543760884.56,14543760884.56,28.6923,
600267.SH,海正药业,2012-06-27,16.7365,16.997,16.5436,16.833,7106181,0.8463,14652923062.1,14652923062.1,28.9077,
600267.SH,海正药业,2012-06-28,16.8812,17.0645,16.7172,16.8619,4831298,0.5754,14678114333.84,14678114333.84,28.9574,
600267.SH,海正药业,2012-06-29,16.8619,16.8619,16.8619,16.8619,--,--,14678114333.84,14678114333.84,28.9574,
600267.SH,海正药业,2012-07-02,17.1609,17.2478,16.6015,16.8523,8293787,0.9877,14669717243.26,14669717243.26,28.9408,
600267.SH,海正药业,2012-07-03,16.833,17.2671,16.206,16.3507,8496496,1.0118,14233068533.1,14233068533.1,28.0794,
600267.SH,海正药业,2012-07-04,16.2928,16.5243,15.5886,15.7526,8619479,1.0265,13712448917.14,13712448917.14,27.0523,
600267.SH,海正药业,2012-07-05,15.5789,15.5789,14.2767,15.0773,17953605,2.1381,13124652576.54,13124652576.54,25.8927,
600267.SH,海正药业,2012-07-06,15.0291,15.415,14.5178,15.222,8322483,0.9911,13250608935.24,13250608935.24,26.1411,
600267.SH,海正药业,2012-07-09,15.1641,16.013,15.087,15.5596,10950714,1.3041,13544507105.54,13544507105.54,26.721,
600267.SH,海正药业,2012-07-10,15.3667,15.6754,14.9519,15.2027,5036099,0.5997,13233814754.08,13233814754.08,26.108,
600267.SH,海正药业,2012-07-11,15.1352,15.2895,14.6432,15.1159,6592509,0.7851,13158240938.86,13158240938.86,25.9589,
600267.SH,海正药业,2012-07-12,14.9519,15.6754,14.9037,15.5018,5869553,0.699,13494124562.06,13494124562.06,26.6216,
600267.SH,海正药业,2012-07-13,15.4246,15.6368,15.2413,15.3764,3610123,0.4299,13384962384.52,13384962384.52,26.4062,
600267.SH,海正药业,2012-07-16,15.3667,15.5211,14.4696,14.9037,5086718,0.6058,12973504946.1,12973504946.1,25.5945,
600267.SH,海正药业,2012-07-17,14.7397,15.058,14.4117,14.9326,4887219,0.582,12998696217.84,12998696217.84,25.6442,
600267.SH,海正药业,2012-07-18,14.759,14.8651,14.3442,14.7204,4275473,0.5092,12813960225.08,12813960225.08,25.2797,
600267.SH,海正药业,2012-07-19,14.7108,14.9037,14.5661,14.7397,2375707,0.2829,12830754406.24,12830754406.24,25.3128,
600267.SH,海正药业,2012-07-20,14.5854,15.0966,14.5468,15.087,3407081,0.4057,13133049667.12,13133049667.12,25.9092,
600267.SH,海正药业,2012-07-23,14.9809,15.5982,14.8072,15.5307,5434181,0.6472,13519315833.8,13519315833.8,26.6713,
600267.SH,海正药业,2012-07-24,15.4825,15.5596,15.2895,15.3378,2741583,0.3265,13351374022.2,13351374022.2,26.3399,
600267.SH,海正药业,2012-07-25,15.3378,15.5982,15.1449,15.3088,2023126,0.2409,13326182750.46,13326182750.46,26.2902,
600267.SH,海正药业,2012-07-26,15.2413,15.4632,15.0194,15.1449,2529583,0.3012,13183432210.6,13183432210.6,26.0086,
600267.SH,海正药业,2012-07-27,15.1256,15.3088,14.7301,14.8265,3754035,0.4471,12906328221.46,12906328221.46,25.4619,
600267.SH,海正药业,2012-07-30,14.8169,14.8555,14.1802,14.3828,4209288,0.5013,12520062054.78,12520062054.78,24.6999,
600267.SH,海正药业,2012-07-31,14.4117,14.6625,13.9198,14.1127,4763142,0.5672,12284943518.54,12284943518.54,24.2361,
600267.SH,海正药业,2012-08-01,14.1513,14.4021,13.9101,14.2284,2973410,0.3541,12385708605.5,12385708605.5,24.4349,
600267.SH,海正药业,2012-08-02,14.1802,14.3538,13.9391,14.2284,3092710,0.3683,12385708605.5,12385708605.5,24.4349,
600267.SH,海正药业,2012-08-03,14.2574,14.6818,14.0837,14.6336,3340348,0.3978,12738386409.86,12738386409.86,25.1306,
600267.SH,海正药业,2012-08-06,15.0484,15.4921,14.9326,15.4246,9828073,1.1704,13426947837.42,13426947837.42,26.489,
600267.SH,海正药业,2012-08-07,15.386,15.7236,15.2027,15.5307,8152396,0.9709,13519315833.8,13519315833.8,26.6713,
600267.SH,海正药业,2012-08-08,15.4053,15.5211,15.1449,15.3474,2697742,0.3213,13359771112.78,13359771112.78,26.3565,
600267.SH,海正药业,2012-08-09,15.2992,16.206,15.2992,15.878,8339540,0.9931,13821611094.68,13821611094.68,27.2676,
600267.SH,海正药业,2012-08-10,15.8297,16.5532,15.7526,16.4471,10630235,1.2659,14317039438.9,14317039438.9,28.245,
600267.SH,海正药业,2012-08-13,16.4182,16.7847,16.0998,16.2252,7723486,0.9198,14123906355.56,14123906355.56,27.864,
600267.SH,海正药业,2012-08-14,16.1481,16.3892,15.6368,16.1384,5365278,0.6389,14048332540.34,14048332540.34,27.7149,
600267.SH,海正药业,2012-08-15,16.0227,16.1288,15.6947,15.8201,3708349,0.4416,13771228551.2,13771228551.2,27.1682,
600267.SH,海正药业,2012-08-16,15.8201,16.0034,15.5693,15.6368,3769700,0.4489,13611683830.18,13611683830.18,26.8535,
600267.SH,海正药业,2012-08-17,15.6368,15.8105,15.4342,15.5404,2346659,0.2795,13527712924.38,13527712924.38,26.6878,
600267.SH,海正药业,2012-08-20,15.4439,15.5114,14.8169,15.2027,7815910,0.9308,13233814754.08,13233814754.08,26.108,
600267.SH,海正药业,2012-08-21,15.087,15.7622,15.087,15.714,6264782,0.7461,13678860554.82,13678860554.82,26.986,
600267.SH,海正药业,2012-08-22,15.685,15.8105,15.386,15.5211,3156931,0.376,13510918743.22,13510918743.22,26.6547,
600267.SH,海正药业,2012-08-23,15.5596,15.7622,15.3281,15.3957,2783370,0.3315,13401756565.68,13401756565.68,26.4393,
600267.SH,海正药业,2012-08-24,15.2799,15.5211,15.2606,15.2895,2599902,0.3096,13309388569.3,13309388569.3,26.2571,
600267.SH,海正药业,2012-08-27,15.2317,15.2317,14.6625,14.7204,3062936,0.3648,12813960225.08,12813960225.08,25.2797,
600267.SH,海正药业,2012-08-28,14.4696,14.4696,13.2445,13.5435,26906918,3.2043,11789515174.32,11789515174.32,26.3455,
600267.SH,海正药业,2012-08-29,13.3989,13.6497,13.1673,13.4181,7866403,0.9368,11680352996.78,11680352996.78,26.1016,
600267.SH,海正药业,2012-08-30,13.4471,13.6786,13.1866,13.312,4330433,0.5157,11587985000.4,11587985000.4,25.8952,
600267.SH,海正药业,2012-08-31,13.2638,13.6497,13.2445,13.3506,4296015,0.5116,11621573362.72,11621573362.72,25.9702,
600267.SH,海正药业,2012-09-03,13.3603,13.7751,13.2252,13.6979,6493541,0.7733,11923868623.6,11923868623.6,26.6457,
600267.SH,海正药业,2012-09-04,13.6497,13.8233,13.5918,13.6979,4938984,0.5882,11923868623.6,11923868623.6,26.6457,
600267.SH,海正药业,2012-09-05,13.9487,14.1609,13.6979,13.9583,6496312,0.7736,12150590069.26,12150590069.26,27.1524,
600267.SH,海正药业,2012-09-06,13.9005,14.1802,13.8812,14.1223,2552203,0.3039,12293340609.12,12293340609.12,27.4714,
600267.SH,海正药业,2012-09-07,14.1802,15.3185,14.1416,15.0677,11706169,1.3941,13116255485.96,13116255485.96,29.3103,
600267.SH,海正药业,2012-09-10,15.0677,15.2895,14.7011,14.9519,5922669,0.7053,13015490399,13015490399,29.0851,
600267.SH,海正药业,2012-09-11,14.9326,15.222,14.7493,15.1931,5761084,0.6861,13225417663.5,13225417663.5,29.5542,
600267.SH,海正药业,2012-09-12,15.2703,15.4246,14.8651,15.251,3357862,0.3999,13275800206.98,13275800206.98,29.6668,
600267.SH,海正药业,2012-09-13,15.3571,15.3571,14.9037,14.9133,2891731,0.3444,12981902036.68,12981902036.68,29.0101,
600267.SH,海正药业,2012-09-14,14.9809,15.1449,14.6625,14.8748,2776885,0.3307,12948313674.36,12948313674.36,28.935,
600267.SH,海正药业,2012-09-17,14.8458,14.8555,14.4117,14.4503,4103603,0.4887,12578841688.84,12578841688.84,28.1094,
600267.SH,海正药业,2012-09-18,14.4503,14.8844,14.1995,14.8555,3228227,0.3844,12931519493.2,12931519493.2,28.8975,
600267.SH,海正药业,2012-09-19,14.759,14.9133,14.7108,14.7976,1587215,0.189,12881136949.72,12881136949.72,28.7849,
600267.SH,海正药业,2012-09-20,14.7108,14.7686,14.3538,14.4985,2097426,0.2498,12620827141.74,12620827141.74,28.2032,
600267.SH,海正药业,2012-09-21,14.4985,14.9037,14.4503,14.7493,2915686,0.3472,12839151496.82,12839151496.82,28.6911,
600267.SH,海正药业,2012-09-24,14.4889,15.2413,14.4889,15.1256,2670753,0.3181,13166638029.44,13166638029.44,29.4229,
600267.SH,海正药业,2012-09-25,15.0966,15.2413,14.8555,14.8844,2186449,0.2604,12956710764.94,12956710764.94,28.9538,
600267.SH,海正药业,2012-09-26,15.0291,15.0387,14.5661,14.759,1007162,0.1199,12847548587.4,12847548587.4,28.7098,
600267.SH,海正药业,2012-09-27,14.7686,15.2413,14.759,14.9133,2368196,0.282,12981902036.68,12981902036.68,29.0101,
600267.SH,海正药业,2012-09-28,14.7976,15.2413,14.6143,15.0773,3145263,0.3746,13124652576.54,13124652576.54,29.3291,
600267.SH,海正药业,2012-10-08,15.0387,15.1545,14.6336,14.759,2030561,0.2418,12847548587.4,12847548587.4,28.7098,
600267.SH,海正药业,2012-10-09,14.9326,15.8201,14.8265,15.3957,5316670,0.6332,13401756565.68,13401756565.68,29.9483,
600267.SH,海正药业,2012-10-10,15.415,15.8008,15.2992,15.714,5943894,0.7079,13678860554.82,13678860554.82,30.5675,
600267.SH,海正药业,2012-10-11,15.714,15.9841,15.2124,15.251,5264437,0.6269,13275800206.98,13275800206.98,29.6668,
600267.SH,海正药业,2012-10-12,15.3281,15.6561,15.1931,15.4439,2412169,0.2873,13443742018.58,13443742018.58,30.0421,
600267.SH,海正药业,2012-10-15,15.5211,15.6754,15.2413,15.5789,2870811,0.3419,13561301286.7,13561301286.7,30.3048,
600267.SH,海正药业,2012-10-16,15.5886,16.177,15.5886,15.9744,6812622,0.8113,13905582000.48,13905582000.48,31.0742,
600267.SH,海正药业,2012-10-17,16.0902,16.2252,15.9166,15.9937,3545863,0.4223,13922376181.64,13922376181.64,31.1117,
600267.SH,海正药业,2012-10-18,16.1481,16.1481,15.8008,15.9937,4577046,0.5451,13922376181.64,13922376181.64,31.1117,
600267.SH,海正药业,2012-10-19,16.0709,16.0709,15.6368,15.8876,2420731,0.2883,13830008185.26,13830008185.26,30.9053,
600267.SH,海正药业,2012-10-22,15.7912,15.7912,15.4825,15.5982,3496514,0.4164,13578095467.86,13578095467.86,30.3424,
600267.SH,海正药业,2012-10-23,15.5307,15.7429,15.4825,15.5789,2428613,0.2892,13561301286.7,13561301286.7,30.3048,
600267.SH,海正药业,2012-10-24,15.5982,15.5982,15.3185,15.5404,3537840,0.4213,13527712924.38,13527712924.38,30.2298,
600267.SH,海正药业,2012-10-25,15.4535,15.5211,15.222,15.251,2551934,0.3039,13275800206.98,13275800206.98,29.6668,
600267.SH,海正药业,2012-10-26,15.3185,15.3764,14.9326,15.0484,2064115,0.2458,13099461304.8,13099461304.8,29.2728,
600267.SH,海正药业,2012-10-29,15.0002,15.0291,14.6915,14.8362,1407583,0.1676,12914725312.04,12914725312.04,28.86,
600267.SH,海正药业,2012-10-30,14.5468,14.5468,13.9873,14.1416,9008339,1.0728,12310134790.28,12310134790.28,30.5878,
600267.SH,海正药业,2012-10-31,14.1609,14.6625,14.0548,14.5854,3982387,0.4743,12696400956.96,12696400956.96,31.5476,
600267.SH,海正药业,2012-11-01,14.5757,14.8362,14.4792,14.6239,2319983,0.2763,12729989319.28,12729989319.28,31.631,
600267.SH,海正药业,2012-11-02,14.6625,14.8072,14.4792,14.595,1767040,0.2104,12704798047.54,12704798047.54,31.5684,
600267.SH,海正药业,2012-11-05,14.595,14.7397,14.4889,14.6625,1340449,0.1596,12763577681.6,12763577681.6,31.7145,
600267.SH,海正药业,2012-11-06,14.6529,14.7011,14.3635,14.5564,1429161,0.1702,12671209685.22,12671209685.22,31.485,
600267.SH,海正药业,2012-11-07,14.6432,14.9519,14.5178,14.7783,1830696,0.218,12864342768.56,12864342768.56,31.9648,
600267.SH,海正药业,2012-11-08,14.6143,14.7976,14.5178,14.6239,1106702,0.1318,12729989319.28,12729989319.28,31.631,
600267.SH,海正药业,2012-11-09,14.4889,14.6625,14.3538,14.3828,1280454,0.1525,12520062054.78,12520062054.78,31.1094,
600267.SH,海正药业,2012-11-12,14.3249,14.4117,13.9391,13.968,2621054,0.3121,12158987159.84,12158987159.84,30.2122,
600267.SH,海正药业,2012-11-13,13.9391,14.0452,13.5918,13.8715,2100455,0.2501,12075016254.04,12075016254.04,30.0036,
600267.SH,海正药业,2012-11-14,13.8715,13.9101,13.6111,13.6979,1803089,0.2147,11923868623.6,11923868623.6,29.628,
600267.SH,海正药业,2012-11-15,13.6304,13.6786,13.2349,13.3989,2368965,0.2821,11663558815.62,11663558815.62,28.9812,
600267.SH,海正药业,2012-11-16,13.4471,13.4471,12.8972,13.1095,4281685,0.5099,11411646098.22,11411646098.22,28.3552,
600267.SH,海正药业,2012-11-19,13.013,13.0805,12.8297,13.0323,2843154,0.3386,11344469373.58,11344469373.58,28.1883,
600267.SH,海正药业,2012-11-20,13.0998,13.2734,12.9358,13.2445,2258299,0.2689,11529205366.34,11529205366.34,28.6473,
600267.SH,海正药业,2012-11-21,13.1866,14.0355,13.0709,13.9776,5194941,0.6187,12167384250.42,12167384250.42,30.2331,
600267.SH,海正药业,2012-11-22,13.9198,14.0837,13.6497,13.6882,2945397,0.3508,11915471533.02,11915471533.02,29.6071,
600267.SH,海正药业,2012-11-23,13.669,14.0548,13.64,13.7944,3625799,0.4318,12007839529.4,12007839529.4,29.8366,
600267.SH,海正药业,2012-11-26,13.6304,13.9873,13.6304,13.8136,3208747,0.3821,12024633710.56,12024633710.56,29.8784,
600267.SH,海正药业,2012-11-27,13.6014,13.8233,13.4085,13.5146,3137343,0.3736,11764323902.58,11764323902.58,29.2316,
600267.SH,海正药业,2012-11-28,13.4953,13.505,13.0323,13.4567,2762880,0.329,11713941359.1,11713941359.1,29.1064,
600267.SH,海正药业,2012-11-29,13.4567,13.5725,13.0419,13.1095,1853697,0.2208,11411646098.22,11411646098.22,28.3552,
600267.SH,海正药业,2012-11-30,13.0419,13.3313,12.9744,13.312,1497370,0.1783,11587985000.4,11587985000.4,28.7934,
600267.SH,海正药业,2012-12-03,13.2156,13.2927,12.7911,12.8683,1247745,0.1486,11201718833.72,11201718833.72,27.8336,
600267.SH,海正药业,2012-12-04,12.8587,13.0226,12.7236,12.8587,1888378,0.2249,11193321743.14,11193321743.14,27.8128,
600267.SH,海正药业,2012-12-05,12.9262,13.6014,12.6754,13.2349,3194392,0.3804,11520808275.76,11520808275.76,28.6265,
600267.SH,海正药业,2012-12-06,13.2638,13.3796,13.0902,13.1673,1225968,0.146,11462028641.7,11462028641.7,28.4804,
600267.SH,海正药业,2012-12-07,13.1288,13.6111,13.0709,13.5435,2726845,0.3247,11789515174.32,11789515174.32,29.2942,
600267.SH,海正药业,2012-12-10,13.6207,13.8619,13.3313,13.7654,2317030,0.2759,11982648257.66,11982648257.66,29.774,
600267.SH,海正药业,2012-12-11,13.6593,13.7751,13.476,13.6882,2306633,0.2747,11915471533.02,11915471533.02,29.6071,
600267.SH,海正药业,2012-12-12,13.6882,13.7944,13.5243,13.669,2362964,0.2814,11898677351.86,11898677351.86,29.5654,
600267.SH,海正药业,2012-12-13,13.5532,13.64,13.4085,13.4857,1897718,0.226,11739132630.84,11739132630.84,29.169,
600267.SH,海正药业,2012-12-14,13.5725,13.9294,13.4953,13.8329,4074688,0.4852,12041427891.72,12041427891.72,29.9201,
600267.SH,海正药业,2012-12-17,13.8522,13.9873,13.6497,13.7944,3629696,0.4323,12007839529.4,12007839529.4,29.8366,
600267.SH,海正药业,2012-12-18,13.8715,14.0355,13.6497,13.8908,4400712,0.5241,12091810435.2,12091810435.2,30.0453,
600267.SH,海正药业,2012-12-19,13.8812,14.0355,13.6014,13.9005,2798624,0.3333,12100207525.78,12100207525.78,30.0662,
600267.SH,海正药业,2012-12-20,13.804,13.8715,13.6014,13.6979,2117911,0.2522,11923868623.6,11923868623.6,29.628,
600267.SH,海正药业,2012-12-21,13.7654,14.431,13.6593,13.7847,3562924,0.4243,11999442438.82,11999442438.82,29.8158,
600267.SH,海正药业,2012-12-24,13.9294,13.9776,13.7558,13.8522,1774965,0.2114,12058222072.88,12058222072.88,29.9618,
600267.SH,海正药业,2012-12-25,13.8522,14.3924,13.8233,14.2574,6225380,0.7414,12410899877.24,12410899877.24,30.8382,
600267.SH,海正药业,2012-12-26,14.1995,14.3731,14.132,14.3056,5119547,0.6097,12452885330.14,12452885330.14,30.9425,
600267.SH,海正药业,2012-12-27,14.3056,14.7301,14.1802,14.4117,7252824,0.8637,12545253326.52,12545253326.52,31.172,
600267.SH,海正药业,2012-12-28,14.5082,14.5564,14.0837,14.2092,7455071,0.8878,12368914424.34,12368914424.34,30.7338,
600267.SH,海正药业,2012-12-31,14.1513,14.6143,14.1513,14.3635,7959626,0.9479,12503267873.62,12503267873.62,31.0677,
600267.SH,海正药业,2013-01-04,14.4696,14.4696,13.6593,13.7461,11938851,1.4218,11965854076.5,11965854076.5,29.7323,
600267.SH,海正药业,2013-01-07,13.8426,14.0355,13.5821,13.6593,15948908,1.8993,11890280261.28,11890280261.28,29.5445,
600267.SH,海正药业,2013-01-08,13.6786,14.0066,13.669,13.9101,18019161,2.1459,12108604616.36,12108604616.36,30.087,
600267.SH,海正药业,2013-01-09,13.9776,14.103,13.9294,14.0355,13303174,1.5843,12217766793.9,12217766793.9,30.3583,
600267.SH,海正药业,2013-01-10,14.0837,14.1223,13.8136,13.9487,7630875,0.9088,12142192978.68,12142192978.68,30.1705,
600267.SH,海正药业,2013-01-11,13.9873,14.5661,13.9101,14.2574,14229886,1.6946,12410899877.24,12410899877.24,30.8382,
600267.SH,海正药业,2013-01-14,14.4407,15.0194,14.2574,15.0098,20065950,2.3896,13065872942.48,13065872942.48,32.4656,
600267.SH,海正药业,2013-01-15,15.0291,15.2124,14.8362,15.0484,14281898,1.7008,13099461304.8,13099461304.8,32.5491,
600267.SH,海正药业,2013-01-16,15.0387,15.3088,14.8265,15.0002,10390527,1.2374,13057475851.9,13057475851.9,32.4447,
600267.SH,海正药业,2013-01-17,15.2413,15.2413,14.6432,14.6529,9918268,1.1812,12755180591.02,12755180591.02,31.6936,
600267.SH,海正药业,2013-01-18,14.7783,14.9519,14.6143,14.8555,8308297,0.9894,12931519493.2,12931519493.2,32.1318,
600267.SH,海正药业,2013-01-21,14.8651,15.9455,14.7108,15.7622,21765975,2.5921,13720846007.72,13720846007.72,34.0931,
600267.SH,海正药业,2013-01-22,15.714,16.013,15.4439,15.8201,18330674,2.183,13771228551.2,13771228551.2,34.2182,
600267.SH,海正药业,2013-01-23,15.4342,16.4953,15.4053,16.0613,25643630,3.0539,13981155815.7,13981155815.7,34.7399,
600267.SH,海正药业,2013-01-24,15.8201,16.9294,15.8008,16.7847,24528962,2.9211,14610937609.2,14610937609.2,36.3047,
600267.SH,海正药业,2013-01-25,16.7847,17.0645,16.3603,16.4471,15229176,1.8136,14317039438.9,14317039438.9,35.5745,
600267.SH,海正药业,2013-01-28,16.4857,17.0452,16.4375,16.6883,14749280,1.7565,14526966703.4,14526966703.4,36.0961,
600267.SH,海正药业,2013-01-29,16.4471,16.64,15.9648,16.2831,14657647,1.7456,14174288899.04,14174288899.04,35.2198,
600267.SH,海正药业,2013-01-30,16.2638,16.8812,16.042,16.833,14085332,1.6774,14652923062.1,14652923062.1,36.409,
600267.SH,海正药业,2013-01-31,16.8716,17.3153,16.2252,16.6208,18372328,2.1879,14468187069.34,14468187069.34,35.95,
600267.SH,海正药业,2013-02-01,14.9616,15.6754,14.9616,15.251,38507277,4.5858,13275800206.98,13275800206.98,32.9872,
600267.SH,海正药业,2013-02-04,15.058,15.2413,14.6722,14.7879,14172814,1.6878,12872739859.14,12872739859.14,31.9857,
600267.SH,海正药业,2013-02-05,14.8651,15.2703,14.7879,15.2124,10738565,1.2788,13242211844.66,13242211844.66,32.9038,
600267.SH,海正药业,2013-02-06,15.1931,15.3764,14.8362,15.1256,13043429,1.5533,13166638029.44,13166638029.44,32.716,
600267.SH,海正药业,2013-02-07,15.058,15.3474,14.7976,15.2992,11114802,1.3236,13317785659.88,13317785659.88,33.0915,
600267.SH,海正药业,2013-02-08,15.2799,15.7429,15.1641,15.6175,10279959,1.2242,13594889649.02,13594889649.02,33.7801,
600267.SH,海正药业,2013-02-18,15.6465,15.9359,15.6465,15.8297,10220948,1.2172,13779625641.78,13779625641.78,34.2391,
600267.SH,海正药业,2013-02-19,15.878,15.8973,15.3764,15.5693,6389106,0.7609,13552904196.12,13552904196.12,33.6758,
600267.SH,海正药业,2013-02-20,15.5886,16.2445,15.4825,16.0998,12466246,1.4846,14014744178.02,14014744178.02,34.8233,
600267.SH,海正药业,2013-02-21,16.0806,16.1867,15.5789,16.0034,9004569,1.0723,13930773272.22,13930773272.22,34.6147,
600267.SH,海正药业,2013-02-22,15.9744,15.9937,15.5886,15.7912,4365768,0.5199,13746037279.46,13746037279.46,34.1557,
600267.SH,海正药业,2013-02-25,15.7912,15.9359,15.6754,15.8394,4523288,0.5387,13788022732.36,13788022732.36,34.26,
600267.SH,海正药业,2013-02-26,15.8105,16.3507,15.7043,15.9841,9900975,1.1791,13913979091.06,13913979091.06,34.5729,
600267.SH,海正药业,2013-02-27,15.9937,16.1577,15.6561,15.8587,6899024,0.8216,13804816913.52,13804816913.52,34.3017,
600267.SH,海正药业,2013-02-28,15.8587,15.9648,15.685,15.9359,6281683,0.7481,13871993638.16,13871993638.16,34.4686,
600267.SH,海正药业,2013-03-01,15.9262,16.206,15.7622,16.0902,7842045,0.9339,14006347087.44,14006347087.44,34.8025,
600267.SH,海正药业,2013-03-04,16.0902,16.2349,15.8105,15.9359,9914728,1.1807,13871993638.16,13871993638.16,34.4686,
600267.SH,海正药业,2013-03-05,16.013,16.6208,16.013,16.5146,9968852,1.1872,14375819072.96,14375819072.96,35.7205,
600267.SH,海正药业,2013-03-06,16.6208,16.6208,16.3024,16.5243,9590691,1.1421,14384216163.54,14384216163.54,35.7414,
600267.SH,海正药业,2013-03-07,16.5436,16.5436,15.7719,16.0806,10376446,1.2357,13997949996.86,13997949996.86,34.7816,
600267.SH,海正药业,2013-03-08,16.0516,16.0516,15.1545,15.4342,10590248,1.2612,13435344928,13435344928,33.3837,
600267.SH,海正药业,2013-03-11,15.415,15.5693,15.1545,15.4921,4911170,0.5849,13485727471.48,13485727471.48,33.5088,
600267.SH,海正药业,2013-03-12,15.4632,15.5307,15.0484,15.4246,6805208,0.8104,13426947837.42,13426947837.42,33.3628,
600267.SH,海正药业,2013-03-13,15.3088,15.4053,15.1063,15.2413,2359596,0.281,13267403116.4,13267403116.4,32.9664,
600267.SH,海正药业,2013-03-14,15.1256,15.415,15.1256,15.222,2526590,0.3009,13250608935.24,13250608935.24,32.9246,
600267.SH,海正药业,2013-03-15,15.222,15.4921,15.1931,15.3571,4477494,0.5332,13368168203.36,13368168203.36,33.2167,
600267.SH,海正药业,2013-03-18,15.4535,15.714,15.2413,15.2799,3374147,0.4018,13300991478.72,13300991478.72,33.0498,
600267.SH,海正药业,2013-03-19,15.5982,15.5982,14.8458,15.058,3871645,0.4611,13107858395.38,13107858395.38,32.5699,
600267.SH,海正药业,2013-03-20,15.0773,15.1063,14.7108,15.0773,7524817,0.8961,13124652576.54,13124652576.54,32.6117,
600267.SH,海正药业,2013-03-21,15.0484,15.4053,14.8555,15.3571,10823568,1.289,13368168203.36,13368168203.36,33.2167,
600267.SH,海正药业,2013-03-22,15.222,15.3378,15.0387,15.222,3763070,0.4481,13250608935.24,13250608935.24,32.9246,
600267.SH,海正药业,2013-03-25,15.251,15.4053,15.0966,15.1352,3952141,0.4707,13175035120.02,13175035120.02,32.7368,
600267.SH,海正药业,2013-03-26,15.0966,15.0966,14.2863,14.4214,10798673,1.286,12553650417.1,12553650417.1,31.1929,
600267.SH,海正药业,2013-03-27,14.4407,14.4985,14.296,14.3635,5843602,0.6959,12503267873.62,12503267873.62,31.0677,
600267.SH,海正药业,2013-03-28,14.3731,14.5371,13.9969,14.4985,12671442,1.509,12620827141.74,12620827141.74,31.3598,
600267.SH,海正药业,2013-03-29,14.4696,14.6625,13.8908,14.1513,11654262,1.3879,12318531880.86,12318531880.86,40.886,
600267.SH,海正药业,2013-04-01,14.4503,14.6143,14.1609,14.3924,13034784,1.5523,12528459145.36,12528459145.36,41.5827,
600267.SH,海正药业,2013-04-02,14.46,14.46,13.312,13.7654,15047659,1.792,11982648257.66,11982648257.66,39.7711,
600267.SH,海正药业,2013-04-03,14.4214,14.6143,13.9873,14.0741,20829975,2.4806,12251355156.22,12251355156.22,40.663,
600267.SH,海正药业,2013-04-08,14.2477,14.4503,13.7944,14.1513,18762319,2.2344,12318531880.86,12318531880.86,40.886,
600267.SH,海正药业,2013-04-09,14.0837,14.1223,13.6304,13.7558,14327092,1.7062,11974251167.08,11974251167.08,39.7433,
600267.SH,海正药业,2013-04-10,13.6304,13.6593,13.3024,13.4278,11836951,1.4096,11688750087.36,11688750087.36,38.7957,
600267.SH,海正药业,2013-04-11,13.4953,13.5435,13.2252,13.3506,7124597,0.8485,11621573362.72,11621573362.72,38.5727,
600267.SH,海正药业,2013-04-12,13.312,13.4567,13.1288,13.1577,7402571,0.8816,11453631551.12,11453631551.12,38.0153,
600267.SH,海正药业,2013-04-15,13.312,13.3989,13.1384,13.2349,6711077,0.7992,11520808275.76,11520808275.76,38.2383,
600267.SH,海正药业,2013-04-16,13.1191,13.2927,12.9358,13.2638,4965128,0.5913,11545999547.5,11545999547.5,38.3219,
600267.SH,海正药业,2013-04-17,13.2638,13.4085,13.177,13.3506,6382803,0.7601,11621573362.72,11621573362.72,38.5727,
600267.SH,海正药业,2013-04-18,13.312,13.3506,13.2059,13.2542,5469941,0.6514,11537602456.92,11537602456.92,38.294,
600267.SH,海正药业,2013-04-19,13.3024,13.669,13.2252,13.6304,10311711,1.228,11865088989.54,11865088989.54,39.381,
600267.SH,海正药业,2013-04-22,13.6207,13.9198,13.5532,13.8522,11355306,1.3523,12058222072.88,12058222072.88,40.022,
600267.SH,海正药业,2013-04-23,13.7944,13.8233,13.0998,13.1095,9656989,1.15,11411646098.22,11411646098.22,37.876,
600267.SH,海正药业,2013-04-24,13.2156,13.7365,13.2156,13.669,12809128,1.5254,11898677351.86,11898677351.86,43.8379,
600267.SH,海正药业,2013-04-25,13.8233,14.267,13.8233,14.0355,18913823,2.2524,12217766793.9,12217766793.9,45.0135,
600267.SH,海正药业,2013-04-26,13.968,14.2092,13.8136,14.0355,11364086,1.3533,12217766793.9,12217766793.9,45.0135,
600267.SH,海正药业,2013-05-02,13.9873,14.2767,13.6979,14.0837,6277650,0.7476,12259752246.8,12259752246.8,45.1682,
600267.SH,海正药业,2013-05-03,14.132,14.3249,14.0355,14.2092,7643123,0.9102,12368914424.34,12368914424.34,45.5704,
600267.SH,海正药业,2013-05-06,14.2381,14.5564,14.0645,14.4696,12933599,1.5402,12595635870,12595635870,46.4057,
600267.SH,海正药业,2013-05-07,14.4696,14.5082,14.132,14.1802,7397232,0.8809,12343723152.6,12343723152.6,45.4776,
600267.SH,海正药业,2013-05-08,14.2188,14.3731,14.0741,14.267,6638658,0.7906,12419296967.82,12419296967.82,45.756,
600267.SH,海正药业,2013-05-09,14.267,14.4985,14.1416,14.4214,7917127,0.9428,12553650417.1,12553650417.1,46.251,
600267.SH,海正药业,2013-05-10,14.296,14.759,14.2767,14.595,8206781,0.9773,12704798047.54,12704798047.54,46.8079,
600267.SH,海正药业,2013-05-13,14.5468,14.7493,14.3731,14.46,5252702,0.6255,12587238779.42,12587238779.42,46.3747,
600267.SH,海正药业,2013-05-14,14.4214,14.46,14.0645,14.3731,7086018,0.8439,12511664964.2,12511664964.2,46.0963,
600267.SH,海正药业,2013-05-15,14.3056,14.7879,14.2863,14.5661,5821816,0.6933,12679606775.8,12679606775.8,46.715,
600267.SH,海正药业,2013-05-16,14.4985,14.759,14.4792,14.6047,5612162,0.6683,12713195138.12,12713195138.12,46.8388,
600267.SH,海正药业,2013-05-17,14.595,14.6432,14.3635,14.5854,6179236,0.7359,12696400956.96,12696400956.96,46.7769,
600267.SH,海正药业,2013-05-20,14.46,14.46,13.9487,14.0741,19070987,2.2711,12251355156.22,12251355156.22,45.1373,
600267.SH,海正药业,2013-05-21,14.0645,14.0645,13.6497,13.8908,14418412,1.7171,12091810435.2,12091810435.2,44.5494,
600267.SH,海正药业,2013-05-22,13.9101,13.9294,13.6014,13.6979,12445138,1.4821,11923868623.6,11923868623.6,43.9307,
600267.SH,海正药业,2013-05-23,13.7654,13.9776,13.6014,13.7075,14335177,1.7072,11932265714.18,11932265714.18,43.9616,
600267.SH,海正药业,2013-05-24,13.7461,13.8426,13.5918,13.7172,9368528,1.1157,11940662804.76,11940662804.76,43.9926,
600267.SH,海正药业,2013-05-27,13.7172,14.0355,13.6786,13.9873,10457686,1.2454,12175781341,12175781341,44.8588,
600267.SH,海正药业,2013-05-28,13.9873,14.0741,13.8426,14.0259,8587028,1.0226,12209369703.32,12209369703.32,44.9826,
600267.SH,海正药业,2013-05-29,14.0259,14.2188,13.9583,14.0548,10279619,1.2242,12234560975.06,12234560975.06,45.0754,
600267.SH,海正药业,2013-05-30,14.0548,14.2284,13.7944,14.1802,11565497,1.3773,12343723152.6,12343723152.6,45.4776,
600267.SH,海正药业,2013-05-31,14.1513,15.386,14.1127,15.1449,35940700,4.2801,13183432210.6,13183432210.6,48.5713,
600267.SH,海正药业,2013-06-03,15.1834,15.5886,15.0677,15.1931,25109775,2.9903,13225417663.5,13225417663.5,48.726,
600267.SH,海正药业,2013-06-04,15.1352,15.2124,14.7976,14.8362,12348727,1.4706,12914725312.04,12914725312.04,47.5813,
600267.SH,海正药业,2013-06-05,14.9423,15.4728,14.8844,15.4632,17884954,2.1299,13460536199.74,13460536199.74,49.5922,
600267.SH,海正药业,2013-06-06,15.415,15.5789,14.8555,14.9326,13061278,1.5555,12998696217.84,12998696217.84,47.8907,
600267.SH,海正药业,2013-06-07,14.9326,15.0484,14.5178,14.6239,9934046,1.183,12729989319.28,12729989319.28,46.9007,
600267.SH,海正药业,2013-06-13,14.431,14.431,13.5146,14.296,8102199,0.9649,12444488239.56,12444488239.56,45.8488,
600267.SH,海正药业,2013-06-14,14.2863,14.6336,14.1802,14.5178,6100655,0.7265,12637621322.9,12637621322.9,46.5604,
600267.SH,海正药业,2013-06-17,14.5468,14.6432,14.2574,14.3153,6646402,0.7915,12461282420.72,12461282420.72,45.9107,
600267.SH,海正药业,2013-06-18,14.4222,14.4222,13.8974,14.2667,5892184,0.7017,12326928971.44,12326928971.44,45.4157,
600267.SH,海正药业,2013-06-19,14.2472,14.325,14.0237,14.2375,3656011,0.4354,12301737699.7,12301737699.7,45.3229,
600267.SH,海正药业,2013-06-20,14.1695,14.3444,13.7807,13.8391,4437784,0.5285,11957456985.92,11957456985.92,44.0545,
600267.SH,海正药业,2013-06-21,13.6544,14.1403,13.4406,13.9848,4476929,0.5332,12083413344.62,12083413344.62,44.5185,
600267.SH,海正药业,2013-06-24,13.8196,14.0237,13.149,13.4309,7386052,0.8796,11604779181.56,11604779181.56,42.7551,
600267.SH,海正药业,2013-06-25,13.1296,13.46,12.0897,12.4979,16059919,1.9126,10798658485.88,10798658485.88,39.7851,
600267.SH,海正药业,2013-06-26,12.5465,12.7797,12.3424,12.6728,8105415,0.9653,10949806116.32,10949806116.32,40.342,
600267.SH,海正药业,2013-06-27,12.634,12.8964,12.2258,12.4007,7753525,0.9234,10714687580.08,10714687580.08,39.4758,
600267.SH,海正药业,2013-06-28,12.1966,12.5951,12.0606,12.3619,4970563,0.5919,10681099217.76,10681099217.76,39.352,
600267.SH,海正药业,2013-07-01,12.4104,12.5854,12.2161,12.5465,4671565,0.5563,10840643938.78,10840643938.78,39.9398,
600267.SH,海正药业,2013-07-02,12.4007,13.5961,12.391,13.1102,11690701,1.3922,11327675192.42,11327675192.42,41.7342,
600267.SH,海正药业,2013-07-03,13.0421,13.2948,12.8283,13.1102,7477267,0.8905,11327675192.42,11327675192.42,41.7342,
600267.SH,海正药业,2013-07-04,12.9255,13.2948,12.8283,13.1588,7357304,0.8762,11369660645.32,11369660645.32,41.8889,
600267.SH,海正药业,2013-07-05,13.1685,13.4309,12.7797,12.8283,7095214,0.845,11084159565.6,11084159565.6,40.837,
600267.SH,海正药业,2013-07-08,12.6923,12.6923,12.1578,12.3133,6411763,0.7636,10639113764.86,10639113764.86,39.1973,
600267.SH,海正药业,2013-07-09,12.2452,12.5174,11.9731,12.3133,6367322,0.7583,10639113764.86,10639113764.86,39.1973,
600267.SH,海正药业,2013-07-10,12.3424,12.5368,12.1772,12.5174,6965136,0.8295,10815452667.04,10815452667.04,39.847,
600267.SH,海正药业,2013-07-11,12.4979,13.0713,12.4104,12.9547,9214839,1.0974,11193321743.14,11193321743.14,41.2392,
600267.SH,海正药业,2013-07-12,13.3629,13.6836,13.2754,13.3823,21334101,2.5407,11562793728.66,11562793728.66,42.6004,
600267.SH,海正药业,2013-07-15,13.2851,14.1598,13.2851,13.8682,11814784,1.407,11982648257.66,11982648257.66,44.1473,
600267.SH,海正药业,2013-07-16,13.8293,14.1403,13.6836,13.9265,8561737,1.0196,12033030801.14,12033030801.14,44.3329,
600267.SH,海正药业,2013-07-17,13.9751,14.4708,13.8099,14.3639,18937473,2.2552,12410899877.24,12410899877.24,45.7251,
600267.SH,海正药业,2013-07-18,14.2084,14.4513,14.0626,14.1598,10349595,1.2325,12234560975.06,12234560975.06,45.0754,
600267.SH,海正药业,2013-07-19,14.257,14.3833,13.7322,13.7807,9390377,1.1183,11907074442.44,11907074442.44,43.8688,
600267.SH,海正药业,2013-07-22,14.1403,14.5679,13.9362,14.5485,14707153,1.7515,12570444598.26,12570444598.26,46.3129,
600267.SH,海正药业,2013-07-23,14.393,14.8303,14.393,14.6554,19312651,2.2999,12662812594.64,12662812594.64,46.6532,
600267.SH,海正药业,2013-07-24,14.6554,14.8109,14.3347,14.5777,11182621,1.3317,12595635870,12595635870,46.4057,
600267.SH,海正药业,2013-07-25,14.5582,15.0539,14.3833,14.5874,11098819,1.3217,12604032960.58,12604032960.58,46.4366,
600267.SH,海正药业,2013-07-26,14.4902,14.6748,14.082,14.1403,8566929,1.0202,12217766793.9,12217766793.9,45.0135,
600267.SH,海正药业,2013-07-29,14.0917,14.4416,13.8682,14.0529,10448456,1.2443,12142192978.68,12142192978.68,44.7351,
600267.SH,海正药业,2013-07-30,14.1015,14.1695,13.6933,14.0043,4131017,0.492,12100207525.78,12100207525.78,44.5804,
600267.SH,海正药业,2013-07-31,14.0723,14.1598,13.7905,13.8877,5519033,0.6573,11999442438.82,11999442438.82,44.2091,
600267.SH,海正药业,2013-08-01,13.9848,14.2764,13.8002,14.1306,7530192,0.8968,12209369703.32,12209369703.32,44.9826,
600267.SH,海正药业,2013-08-02,14.1112,14.4416,13.9654,14.393,10312537,1.2281,12436091148.98,12436091148.98,45.8179,
600267.SH,海正药业,2013-08-05,14.3833,14.7817,14.3153,14.5874,11605525,1.3821,12604032960.58,12604032960.58,46.4366,
600267.SH,海正药业,2013-08-06,14.5777,14.9081,14.5193,14.772,12633218,1.5045,12763577681.6,12763577681.6,47.0244,
600267.SH,海正药业,2013-08-07,14.8789,14.9372,14.4708,14.5291,12005973,1.4298,12553650417.1,12553650417.1,46.251,
600267.SH,海正药业,2013-08-08,14.5291,15.8896,14.4999,15.4037,29605175,3.5256,13309388569.3,13309388569.3,49.0353,
600267.SH,海正药业,2013-08-09,15.4523,15.6953,15.2482,15.6661,16560245,1.9721,13536110014.96,13536110014.96,49.8706,
600267.SH,海正药业,2013-08-12,15.7342,16.2006,15.5203,15.8119,28556729,3.4008,13662066373.66,13662066373.66,50.3347,
600267.SH,海正药业,2013-08-13,15.8702,16.2298,15.6078,15.8119,22181694,2.6416,13662066373.66,13662066373.66,50.3347,
600267.SH,海正药业,2013-08-14,15.705,15.8119,15.2774,15.5106,17725351,2.1109,13401756565.68,13401756565.68,49.3756,
600267.SH,海正药业,2013-08-15,15.4523,15.6467,14.9081,14.9664,17559287,2.0911,12931519493.2,12931519493.2,47.6432,
600267.SH,海正药业,2013-08-16,14.9178,15.3065,14.5291,14.636,14153359,1.6855,12646018413.48,12646018413.48,46.5913,
600267.SH,海正药业,2013-08-19,14.5777,15.1316,14.5582,15.083,10590146,1.2612,13032284580.16,13032284580.16,48.0144,
600267.SH,海正药业,2013-08-20,15.083,15.4037,14.9275,14.9858,8673340,1.0329,12948313674.36,12948313674.36,47.705,
600267.SH,海正药业,2013-08-21,15.0636,15.1608,14.8206,15.0053,8351810,0.9946,12965107855.52,12965107855.52,47.7669,
600267.SH,海正药业,2013-08-22,14.947,15.7244,14.9275,15.7147,16084405,1.9155,13578095467.86,13578095467.86,50.0253,
600267.SH,海正药业,2013-08-23,15.6856,15.9674,15.3551,15.6661,14380363,1.7125,13536110014.96,13536110014.96,49.8706,
600267.SH,海正药业,2013-08-26,15.705,16.0549,15.6175,15.6758,9330803,1.1112,13544507105.54,13544507105.54,49.9016,
600267.SH,海正药业,2013-08-27,15.7633,16.152,15.6467,15.8702,13746999,1.6371,13712448917.14,13712448917.14,47.1301,
600267.SH,海正药业,2013-08-28,15.8119,16.0937,15.6175,15.7439,11683296,1.3914,13603286739.6,13603286739.6,46.7549,
600267.SH,海正药业,2013-08-29,15.7439,16.0354,15.3843,15.5009,6605532,0.7866,13393359475.1,13393359475.1,46.0334,
600267.SH,海正药业,2013-08-30,15.4232,15.6273,15.1705,15.3649,6853065,0.8161,13275800206.98,13275800206.98,45.6294,
600267.SH,海正药业,2013-09-02,15.2774,15.7827,15.2385,15.7342,5677037,0.6761,13594889649.02,13594889649.02,46.7261,
600267.SH,海正药业,2013-09-03,15.8411,16.2492,15.7244,16.0451,12323888,1.4676,13863596547.58,13863596547.58,47.6496,
600267.SH,海正药业,2013-09-04,15.9966,16.1618,15.705,15.9382,9123322,1.0865,13771228551.2,13771228551.2,47.3322,
600267.SH,海正药业,2013-09-05,15.9188,16.084,15.3551,15.6467,9672406,1.1519,13519315833.8,13519315833.8,46.4663,
600267.SH,海正药业,2013-09-06,15.5398,15.7342,15.258,15.5009,7318248,0.8715,13393359475.1,13393359475.1,46.0334,
600267.SH,海正药业,2013-09-09,15.4426,15.7925,15.4037,15.5689,8698114,1.0358,13452139109.16,13452139109.16,46.2354,
600267.SH,海正药业,2013-09-10,15.5981,16.8615,14.9275,16.1812,32837639,3.9106,13981155815.7,13981155815.7,48.0537,
600267.SH,海正药业,2013-09-11,16.0257,16.0257,15.5981,15.6564,14128392,1.6825,13527712924.38,13527712924.38,46.4952,
600267.SH,海正药业,2013-09-12,15.6661,15.8119,15.326,15.3454,10413851,1.2402,13259006025.82,13259006025.82,45.5716,
600267.SH,海正药业,2013-09-13,15.4037,15.9674,15.3065,15.705,10058732,1.1979,13569698377.28,13569698377.28,46.6395,
600267.SH,海正药业,2013-09-16,15.7925,17.2794,15.7925,17.2794,44033831,5.2439,14930027051.24,14930027051.24,51.315,
600267.SH,海正药业,2013-09-17,17.2794,17.2988,16.8032,17.017,16486243,1.9633,14703305605.58,14703305605.58,50.5357,
600267.SH,海正药业,2013-09-18,17.1045,17.4543,16.9392,17.2308,11692205,1.3924,14888041598.34,14888041598.34,51.1707,
600267.SH,海正药业,2013-09-23,17.2308,17.4543,17.0267,17.3571,12436024,1.481,14997203775.88,14997203775.88,51.5459,
600267.SH,海正药业,2013-09-24,17.4738,17.9791,17.3669,17.8431,17109540,2.0376,15417058304.88,15417058304.88,52.9889,
600267.SH,海正药业,2013-09-25,17.7264,17.8819,17.2502,17.3377,9531374,1.1351,14980409594.72,14980409594.72,51.4882,
600267.SH,海正药业,2013-09-26,17.1725,19.0676,17.1628,18.5428,22092433,2.631,16021648826.64,16021648826.64,55.0669,
600267.SH,海正药业,2013-09-27,18.5622,18.951,18.1735,18.6497,11327662,1.349,16114016823.02,16114016823.02,55.3844,
600267.SH,海正药业,2013-09-30,18.6594,18.8052,18.1152,18.4845,11006482,1.3107,15971266283.16,15971266283.16,54.8938,
600267.SH,海正药业,2013-10-08,18.4359,18.6691,18.2901,18.5136,8762903,1.0436,15996457554.9,15996457554.9,54.9803,
600267.SH,海正药业,2013-10-09,18.3679,18.8732,18.2707,18.6011,8629418,1.0277,16072031370.12,16072031370.12,55.2401,
600267.SH,海正药业,2013-10-10,18.708,18.7857,17.7847,17.8625,11955920,1.4238,15433852486.04,15433852486.04,53.0466,
600267.SH,海正药业,2013-10-11,18.018,18.2512,17.5904,18.0763,9408453,1.1204,15618588478.8,15618588478.8,53.6816,
600267.SH,海正药业,2013-10-14,18.0083,18.4942,17.4932,17.5904,13988699,1.6659,15198733949.8,15198733949.8,52.2385,
600267.SH,海正药业,2013-10-15,17.6001,18.3193,17.6001,18.2512,9796536,1.1667,15769736109.24,15769736109.24,54.2011,
600267.SH,海正药业,2013-10-16,18.1249,18.2609,17.2599,17.4349,9589078,1.142,15064380500.52,15064380500.52,51.7768,
600267.SH,海正药业,2013-10-17,17.6681,17.9305,16.4047,16.8615,13174795,1.569,14568952156.3,14568952156.3,50.074,
600267.SH,海正药业,2013-10-18,16.7546,17.1725,16.706,17.153,5472003,0.6517,14820864873.7,14820864873.7,50.9398,
600267.SH,海正药业,2013-10-21,17.2502,17.775,17.017,17.5126,8702715,1.0364,15131557225.16,15131557225.16,52.0077,
600267.SH,海正药业,2013-10-22,17.4835,17.7847,17.2794,17.3863,5918210,0.7048,15022395047.62,15022395047.62,51.6325,
600267.SH,海正药业,2013-10-23,17.4446,17.639,16.7935,16.9101,6032319,0.7184,14610937609.2,14610937609.2,50.2183,
600267.SH,海正药业,2013-10-24,16.8615,17.1725,16.6963,16.9004,4058364,0.4833,14602540518.62,14602540518.62,50.1894,
600267.SH,海正药业,2013-10-25,16.9198,17.153,16.7643,16.8712,4237408,0.5046,14577349246.88,14577349246.88,50.1028,
600267.SH,海正药业,2013-10-28,16.8712,17.2502,16.4144,16.5991,6830131,0.8134,14342230710.64,14342230710.64,49.2947,
600267.SH,海正药业,2013-10-29,16.1132,16.1132,15.1413,15.2288,17654789,2.1025,13158240938.86,13158240938.86,49.0662,
600267.SH,海正药业,2013-10-30,15.2968,15.8216,15.258,15.8022,6355363,0.7569,13653669283.08,13653669283.08,50.9136,
600267.SH,海正药业,2013-10-31,15.637,15.7536,15.4523,15.5787,2699818,0.3215,13460536199.74,13460536199.74,50.1934,
600267.SH,海正药业,2013-11-01,15.7342,15.8216,15.4718,15.6758,3183876,0.3792,13544507105.54,13544507105.54,50.5065,
600267.SH,海正药业,2013-11-04,15.8313,15.9285,15.1608,15.2385,8155376,0.9712,13166638029.44,13166638029.44,49.0975,
600267.SH,海正药业,2013-11-05,15.1413,15.5301,15.0539,15.4718,4505777,0.5366,13368168203.36,13368168203.36,49.849,
600267.SH,海正药业,2013-11-06,15.3843,15.7244,15.2968,15.4523,4581563,0.5456,13351374022.2,13351374022.2,49.7863,
600267.SH,海正药业,2013-11-07,15.4523,15.5203,15.1705,15.1899,2469447,0.2941,13124652576.54,13124652576.54,48.9409,
600267.SH,海正药业,2013-11-08,15.1996,15.4134,14.6748,14.8012,5081307,0.6051,12788768953.34,12788768953.34,47.6884,
600267.SH,海正药业,2013-11-11,14.8012,15.015,14.6263,14.9956,4422686,0.5267,12956710764.94,12956710764.94,48.3147,
600267.SH,海正药业,2013-11-12,15.0441,15.2871,14.8498,15.2385,3155889,0.3758,13166638029.44,13166638029.44,49.0975,
600267.SH,海正药业,2013-11-13,15.1122,15.1608,14.7234,14.7623,3452915,0.4112,12755180591.02,12755180591.02,47.5632,
600267.SH,海正药业,2013-11-14,14.7234,15.1996,14.704,15.1705,5912831,0.7042,13107858395.38,13107858395.38,48.8783,
600267.SH,海正药业,2013-11-15,15.1316,15.5787,15.0927,15.326,6432213,0.766,13242211844.66,13242211844.66,49.3793,
600267.SH,海正药业,2013-11-18,15.258,15.5301,14.8789,15.3163,16874346,2.0095,13233814754.08,13233814754.08,49.348,
600267.SH,海正药业,2013-11-19,15.3065,15.3163,15.1316,15.2385,8333469,0.9924,13166638029.44,13166638029.44,49.0975,
600267.SH,海正药业,2013-11-20,15.258,15.8799,15.258,15.8313,11832204,1.4091,13678860554.82,13678860554.82,51.0075,
600267.SH,海正药业,2013-11-21,15.7244,16.0937,15.5787,15.8702,8875012,1.0569,13712448917.14,13712448917.14,51.1328,
600267.SH,海正药业,2013-11-22,15.7925,15.8605,15.6078,15.6564,3938047,0.469,13527712924.38,13527712924.38,50.4439,
600267.SH,海正药业,2013-11-25,15.5689,15.9382,15.4329,15.4426,4607985,0.5488,13342976931.62,13342976931.62,49.755,
600267.SH,海正药业,2013-11-26,15.4134,15.6175,15.3746,15.4426,4006684,0.4772,13342976931.62,13342976931.62,49.755,
600267.SH,海正药业,2013-11-27,15.4912,15.5009,14.9664,15.1899,13812619,1.6449,13124652576.54,13124652576.54,48.9409,
600267.SH,海正药业,2013-11-28,15.1025,15.8994,14.9664,15.8702,21623161,2.5751,13712448917.14,13712448917.14,51.1328,
600267.SH,海正药业,2013-11-29,15.7925,16.3659,15.705,16.3464,15098872,1.7981,14123906355.56,14123906355.56,52.6671,
600267.SH,海正药业,2013-12-02,16.0549,16.2492,15.4815,15.8411,20124933,2.3967,13687257645.4,13687257645.4,51.0388,
600267.SH,海正药业,2013-12-03,15.8896,16.5019,15.8896,16.4144,10859855,1.2933,14182685989.62,14182685989.62,52.8862,
600267.SH,海正药业,2013-12-04,16.3075,16.774,16.2589,16.6963,11749171,1.3992,14426201616.44,14426201616.44,53.7943,
600267.SH,海正药业,2013-12-05,16.6088,17.0073,16.4047,16.4533,6472626,0.7708,14216274351.94,14216274351.94,53.0115,
600267.SH,海正药业,2013-12-06,16.3367,16.5505,16.0354,16.2978,6891430,0.8207,14081920902.66,14081920902.66,52.5105,
600267.SH,海正药业,2013-12-09,16.3173,16.5894,16.1909,16.4825,4473736,0.5328,14241465623.68,14241465623.68,53.1054,
600267.SH,海正药业,2013-12-10,16.4825,16.5699,16.0937,16.3659,6230512,0.742,14140700536.72,14140700536.72,52.7297,
600267.SH,海正药业,2013-12-11,16.2298,16.2395,15.7925,16.0257,5719169,0.6811,13846802366.42,13846802366.42,51.6338,
600267.SH,海正药业,2013-12-12,15.9382,16.1909,15.9382,16.0549,3061194,0.3646,13871993638.16,13871993638.16,51.7277,
600267.SH,海正药业,2013-12-13,15.7925,16.2104,15.7827,15.8313,5073668,0.6042,13678860554.82,13678860554.82,51.0075,
600267.SH,海正药业,2013-12-16,15.8216,15.9382,15.5592,15.5787,3590840,0.4276,13460536199.74,13460536199.74,50.1934,
600267.SH,海正药业,2013-12-17,15.5787,15.8508,15.4523,15.5106,4087528,0.4868,13401756565.68,13401756565.68,49.9742,
600267.SH,海正药业,2013-12-18,15.6467,15.6953,15.3454,15.4134,5721060,0.6813,13317785659.88,13317785659.88,49.6611,
600267.SH,海正药业,2013-12-19,15.5106,15.5398,15.0927,15.1316,5279365,0.6287,13074270033.06,13074270033.06,48.753,
600267.SH,海正药业,2013-12-20,15.0927,15.3357,14.7429,14.8498,5872963,0.6994,12830754406.24,12830754406.24,47.845,
600267.SH,海正药业,2013-12-23,14.8692,15.4037,14.7915,15.2871,9097668,1.0834,13208623482.34,13208623482.34,49.254,
600267.SH,海正药业,2013-12-24,15.2677,15.5689,15.2191,15.3551,5909653,0.7038,13267403116.4,13267403116.4,49.4732,
600267.SH,海正药业,2013-12-25,15.3551,15.4134,15.2385,15.3649,3144715,0.3745,13275800206.98,13275800206.98,49.5045,
600267.SH,海正药业,2013-12-26,15.326,15.3843,14.5777,14.6846,12425732,1.4798,12688003866.38,12688003866.38,47.3127,
600267.SH,海正药业,2013-12-27,14.704,14.772,14.1695,14.3153,20150481,2.3997,12368914424.34,12368914424.34,46.1228,
600267.SH,海正药业,2013-12-30,14.3639,14.4416,14.1889,14.2375,10477176,1.2477,12301737699.7,12301737699.7,45.8723,
600267.SH,海正药业,2013-12-31,14.2861,14.5388,14.257,14.4027,10008256,1.1919,12444488239.56,12444488239.56,46.4046,
600267.SH,海正药业,2014-01-02,14.3833,14.8206,14.2958,14.7234,13828024,1.6468,12721592228.7,12721592228.7,47.4379,
600267.SH,海正药业,2014-01-03,14.7137,14.7429,14.3541,14.3736,9957382,1.1858,12419296967.82,12419296967.82,46.3107,
600267.SH,海正药业,2014-01-06,14.3736,14.4124,14.0334,14.3639,6750921,0.804,12410899877.24,12410899877.24,46.2794,
600267.SH,海正药业,2014-01-07,14.2375,14.5874,14.1986,14.3736,6137092,0.7309,12419296967.82,12419296967.82,46.3107,
600267.SH,海正药业,2014-01-08,14.3736,14.5388,14.0237,14.0431,10090324,1.2016,12133795888.1,12133795888.1,45.2461,
600267.SH,海正药业,2014-01-09,14.0917,14.325,13.5864,13.6058,11881434,1.4149,11755926812,11755926812,43.837,
600267.SH,海正药业,2014-01-10,13.5572,13.8974,13.5183,13.6447,5770383,0.6872,11789515174.32,11789515174.32,43.9623,
600267.SH,海正药业,2014-01-13,13.7807,14.1889,13.6447,13.8002,7945360,0.9462,11923868623.6,11923868623.6,44.4633,
600267.SH,海正药业,2014-01-14,13.8391,14.3347,13.8391,14.2084,7926038,0.9439,12276546427.96,12276546427.96,45.7784,
600267.SH,海正药业,2014-01-15,14.1889,14.4124,14.1403,14.2958,6249519,0.7442,12352120243.18,12352120243.18,46.0602,
600267.SH,海正药业,2014-01-16,14.2278,14.4416,14.2278,14.2861,5061595,0.6028,12343723152.6,12343723152.6,46.0289,
600267.SH,海正药业,2014-01-17,14.3347,14.4805,14.2084,14.2181,5998384,0.7143,12284943518.54,12284943518.54,45.8097,
600267.SH,海正药业,2014-01-20,14.1986,14.2375,13.6836,13.9362,7468641,0.8894,12041427891.72,12041427891.72,44.9016,
600267.SH,海正药业,2014-01-21,13.9265,14.082,13.8002,13.9654,7821875,0.9315,12066619163.46,12066619163.46,44.9956,
600267.SH,海正药业,2014-01-22,13.9751,15.1413,13.8974,14.8303,20454609,2.4359,12813960225.08,12813960225.08,47.7824,
600267.SH,海正药业,2014-01-23,14.8303,15.0247,14.6165,14.9567,13999402,1.6672,12923122402.62,12923122402.62,48.1894,
600267.SH,海正药业,2014-01-24,14.947,15.151,14.8206,15.0247,11644742,1.3868,12981902036.68,12981902036.68,48.4086,
600267.SH,海正药业,2014-01-27,15.0344,15.0344,14.6651,14.8303,8104722,0.9652,12813960225.08,12813960225.08,47.7824,
600267.SH,海正药业,2014-01-28,14.9178,15.2094,14.8012,15.0441,11116461,1.3238,12998696217.84,12998696217.84,48.4712,
600267.SH,海正药业,2014-01-29,15.0441,15.2094,14.8692,15.151,7145288,0.8509,13091064214.22,13091064214.22,48.8157,
600267.SH,海正药业,2014-01-30,15.1316,15.1899,14.9275,14.9372,5310345,0.6324,12906328221.46,12906328221.46,48.1268,
600267.SH,海正药业,2014-02-07,14.7915,14.9081,14.5388,14.8109,6380705,0.7599,12797166043.92,12797166043.92,47.7197,
600267.SH,海正药业,2014-02-10,14.8886,15.773,14.8886,15.637,15508564,1.8469,13510918743.22,13510918743.22,50.3813,
600267.SH,海正药业,2014-02-11,15.5981,15.9966,15.5495,15.7827,13550690,1.6137,13636875101.92,13636875101.92,50.851,
600267.SH,海正药业,2014-02-12,15.9966,16.2006,15.7925,15.9285,13098213,1.5599,13762831460.62,13762831460.62,51.3206,
600267.SH,海正药业,2014-02-13,15.9188,15.9188,15.3843,15.4134,9788995,1.1658,13317785659.88,13317785659.88,49.6611,
600267.SH,海正药业,2014-02-14,15.5009,15.9188,15.4815,15.8799,9150860,1.0898,13720846007.72,13720846007.72,51.1641,
600267.SH,海正药业,2014-02-17,16.1229,16.2104,15.9091,16.0743,12341949,1.4698,13888787819.32,13888787819.32,51.7903,
600267.SH,海正药业,2014-02-18,16.1229,16.5699,16.0451,16.2201,18122477,2.1582,14014744178.02,14014744178.02,52.26,
600267.SH,海正药业,2014-02-19,16.395,16.4825,15.9868,16.2104,10316452,1.2286,14006347087.44,14006347087.44,52.2287,
600267.SH,海正药业,2014-02-20,16.3756,16.3756,15.8022,15.9188,11014813,1.3117,13754434370.04,13754434370.04,51.2893,
600267.SH,海正药业,2014-02-21,15.9188,16.016,15.773,15.9382,8842848,1.0531,13771228551.2,13771228551.2,51.352,
600267.SH,海正药业,2014-02-24,15.8702,15.9188,15.4134,15.6564,12740548,1.5173,13527712924.38,13527712924.38,50.4439,
600267.SH,海正药业,2014-02-25,15.6273,15.8411,15.1219,15.258,16261638,1.9366,13183432210.6,13183432210.6,49.1601,
600267.SH,海正药业,2014-02-26,15.1996,15.2968,14.8789,15.1802,8980495,1.0695,13116255485.96,13116255485.96,48.9096,
600267.SH,海正药业,2014-02-27,15.2871,15.3163,14.2958,14.4416,16664492,1.9846,12478076601.88,12478076601.88,46.5299,
600267.SH,海正药业,2014-02-28,14.4124,14.7137,14.2375,14.6457,9090078,1.0825,12654415504.06,12654415504.06,47.1874,
600267.SH,海正药业,2014-03-03,14.5777,14.9567,14.4027,14.7526,7887266,0.9393,12746783500.44,12746783500.44,47.5319,
600267.SH,海正药业,2014-03-04,14.7234,14.7234,14.4416,14.5485,6852062,0.816,12570444598.26,12570444598.26,46.8743,
600267.SH,海正药业,2014-03-05,14.6068,14.6943,14.2861,14.3736,6853051,0.8161,12419296967.82,12419296967.82,46.3107,
600267.SH,海正药业,2014-03-06,14.3736,14.6068,14.1015,14.4805,7452100,0.8875,12511664964.2,12511664964.2,46.6551,
600267.SH,海正药业,2014-03-07,14.461,14.7526,14.4124,14.5971,8152209,0.9708,12612430051.16,12612430051.16,47.0309,
600267.SH,海正药业,2014-03-10,14.5582,14.5777,14.2278,14.3444,5391053,0.642,12394105696.08,12394105696.08,46.2168,
600267.SH,海正药业,2014-03-11,14.3541,14.9178,14.2472,14.8206,5990532,0.7134,12805563134.5,12805563134.5,47.7511,
600267.SH,海正药业,2014-03-12,14.772,14.8303,14.2472,14.6165,7117915,0.8477,12629224232.32,12629224232.32,47.0935,
600267.SH,海正药业,2014-03-13,14.5777,14.8012,14.4027,14.704,6730539,0.8015,12704798047.54,12704798047.54,47.3753,
600267.SH,海正药业,2014-03-14,14.6165,14.6943,14.3736,14.5971,5516970,0.657,12612430051.16,12612430051.16,47.0309,
600267.SH,海正药业,2014-03-17,14.5971,14.6943,14.4805,14.6651,5879092,0.7001,12671209685.22,12671209685.22,47.2501,
600267.SH,海正药业,2014-03-18,14.7234,14.7234,14.4805,14.4999,7663760,0.9127,12528459145.36,12528459145.36,46.7178,
600267.SH,海正药业,2014-03-19,14.4319,14.4319,14.0723,14.1306,9397691,1.1192,12209369703.32,12209369703.32,45.5279,
600267.SH,海正药业,2014-03-20,14.1306,14.2861,13.8779,13.8877,6858625,0.8168,11999442438.82,11999442438.82,44.7451,
600267.SH,海正药业,2014-03-21,13.8585,14.15,13.8002,14.1209,7465618,0.8891,12200972612.74,12200972612.74,45.4966,
600267.SH,海正药业,2014-03-24,14.1112,14.1403,13.9265,14.1015,5457937,0.65,12184178431.58,12184178431.58,45.434,
600267.SH,海正药业,2014-03-25,14.0626,14.3347,13.9946,14.2472,6854487,0.8163,12310134790.28,12310134790.28,45.9036,
600267.SH,海正药业,2014-03-26,14.2958,14.5291,14.2084,14.3347,7074749,0.8425,12385708605.5,12385708605.5,46.1854,
600267.SH,海正药业,2014-03-27,14.325,14.3347,14.0723,14.1015,5195764,0.6188,12184178431.58,12184178431.58,45.434,
600267.SH,海正药业,2014-03-28,14.1015,14.1598,13.8002,13.8585,5368525,0.6393,11974251167.08,11974251167.08,44.6511,
600267.SH,海正药业,2014-03-31,13.8779,14.0334,13.8293,13.9168,2310927,0.2752,12024633710.56,12024633710.56,44.839,
600267.SH,海正药业,2014-04-01,13.8974,14.0626,13.8293,14.0529,2890220,0.3442,12142192978.68,12142192978.68,45.2774,
600267.SH,海正药业,2014-04-02,14.0529,14.1112,13.7807,13.8682,5635512,0.6711,11982648257.66,11982648257.66,44.6825,
600267.SH,海正药业,2014-04-03,13.9168,14.0237,13.6933,13.7322,5575303,0.664,11865088989.54,11865088989.54,44.2441,
600267.SH,海正药业,2014-04-04,13.7224,13.9071,13.6933,13.8877,4059376,0.4834,11999442438.82,11999442438.82,44.7451,
600267.SH,海正药业,2014-04-08,13.8002,14.1598,13.8002,14.1403,7652309,0.9113,12217766793.9,12217766793.9,45.5592,
600267.SH,海正药业,2014-04-09,14.1792,14.1792,13.9946,14.1403,6884275,0.8198,12217766793.9,12217766793.9,45.5592,
600267.SH,海正药业,2014-04-10,14.1792,14.4027,14.0723,14.3833,8813443,1.0496,12427694058.4,12427694058.4,46.342,
600267.SH,海正药业,2014-04-11,14.5096,15.0539,14.3055,14.8886,19577408,2.3315,12864342768.56,12864342768.56,47.9702,
600267.SH,海正药业,2014-04-14,14.9664,14.9664,14.6554,14.8206,10413901,1.2402,12805563134.5,12805563134.5,47.7511,
600267.SH,海正药业,2014-04-15,14.7332,15.0539,14.636,14.8498,11118422,1.3241,12830754406.24,12830754406.24,47.845,
600267.SH,海正药业,2014-04-16,14.8303,15.326,14.6748,15.2968,19333717,2.3024,13217020572.92,13217020572.92,49.2854,
600267.SH,海正药业,2014-04-17,15.258,15.637,14.9761,15.0441,20126804,2.3969,12998696217.84,12998696217.84,48.4712,
600267.SH,海正药业,2014-04-18,14.9664,15.015,14.7332,14.9081,11147784,1.3276,12881136949.72,12881136949.72,48.0329,
600267.SH,海正药业,2014-04-21,14.7623,14.947,14.5874,14.6263,7713429,0.9186,12637621322.9,12637621322.9,47.1248,
600267.SH,海正药业,2014-04-22,14.5777,14.5971,14.1598,14.3833,10314226,1.2283,12427694058.4,12427694058.4,41.1707,
600267.SH,海正药业,2014-04-23,14.2958,14.4416,14.2472,14.325,5446473,0.6486,12377311514.92,12377311514.92,41.0038,
600267.SH,海正药业,2014-04-24,14.2861,14.325,13.9654,13.9946,6157313,0.7333,12091810435.2,12091810435.2,40.058,
600267.SH,海正药业,2014-04-25,13.9946,14.1403,13.8488,13.8974,4955421,0.5901,12007839529.4,12007839529.4,39.7798,
600267.SH,海正药业,2014-04-28,13.8391,14.1209,13.7516,13.9362,5487540,0.6535,12041427891.72,12041427891.72,39.8911,
600267.SH,海正药业,2014-04-29,13.6544,13.9946,13.5378,13.946,5355431,0.6378,12049824982.3,12049824982.3,39.7743,
600267.SH,海正药业,2014-04-30,13.9654,14.0431,13.7807,13.8488,4096797,0.4879,11965854076.5,11965854076.5,39.4972,
600267.SH,海正药业,2014-05-05,13.8488,13.9751,13.6155,13.7516,6064145,0.7222,11881883170.7,11881883170.7,39.22,
600267.SH,海正药业,2014-05-06,13.8002,14.0043,13.7419,13.9946,5328199,0.6345,12091810435.2,12091810435.2,39.9129,
600267.SH,海正药业,2014-05-07,13.9654,13.9654,13.6738,13.6933,4675624,0.5568,11831500627.22,11831500627.22,39.0537,
600267.SH,海正药业,2014-05-08,13.703,13.8488,13.5961,13.635,6185963,0.7367,11781118083.74,11781118083.74,38.8874,
600267.SH,海正药业,2014-05-09,13.6544,13.6933,13.256,13.3531,7816840,0.9309,11537602456.92,11537602456.92,38.0836,
600267.SH,海正药业,2014-05-12,13.46,13.5767,13.4017,13.5572,7513771,0.8948,11713941359.1,11713941359.1,38.6657,
600267.SH,海正药业,2014-05-13,13.5572,13.7419,13.4892,13.635,4768462,0.5679,11781118083.74,11781118083.74,38.8874,
600267.SH,海正药业,2014-05-14,13.635,13.7419,13.5669,13.703,3743710,0.4458,11839897717.8,11839897717.8,39.0814,
600267.SH,海正药业,2014-05-15,13.703,13.703,13.3823,13.4017,3811793,0.4539,11579587909.82,11579587909.82,38.2222,
600267.SH,海正药业,2014-05-16,13.392,13.4503,13.324,13.4017,2593372,0.3088,11579587909.82,11579587909.82,38.2222,
600267.SH,海正药业,2014-05-19,13.3143,13.4503,13.149,13.2462,3480841,0.4145,11445234460.54,11445234460.54,37.7787,
600267.SH,海正药业,2014-05-20,13.3823,13.46,13.2365,13.2851,2739046,0.3262,11478822822.86,11478822822.86,37.8896,
600267.SH,海正药业,2014-05-21,13.2268,13.5378,13.2171,13.5281,3273923,0.3899,11688750087.36,11688750087.36,38.5825,
600267.SH,海正药业,2014-05-22,13.5086,13.5961,13.3629,13.3726,3535629,0.4211,11554396638.08,11554396638.08,38.139,
600267.SH,海正药业,2014-05-23,13.4114,13.4503,13.2754,13.4309,2994431,0.3566,11604779181.56,11604779181.56,38.3053,
600267.SH,海正药业,2014-05-26,13.4503,13.635,13.4503,13.5378,4988194,0.594,11697147177.94,11697147177.94,38.6102,
600267.SH,海正药业,2014-05-27,13.5378,13.9168,13.5086,13.7224,7238075,0.862,11856691898.96,11856691898.96,39.1368,
600267.SH,海正药业,2014-05-28,13.703,13.7807,13.6058,13.7224,3356982,0.3998,11856691898.96,11856691898.96,39.1368,
600267.SH,海正药业,2014-05-29,13.7807,13.8682,13.6641,13.6836,4185616,0.4985,11823103536.64,11823103536.64,39.026,
600267.SH,海正药业,2014-05-30,13.8196,14.0626,13.8196,13.9265,6854493,0.8163,12033030801.14,12033030801.14,39.7189,
600267.SH,海正药业,2014-06-03,13.9168,14.0237,13.7516,13.7613,4453360,0.5303,11890280261.28,11890280261.28,39.2477,
600267.SH,海正药业,2014-06-04,13.7516,13.7516,13.3629,13.4503,5007705,0.5964,11621573362.72,11621573362.72,38.3608,
600267.SH,海正药业,2014-06-05,13.46,13.6544,13.4114,13.5961,3480276,0.4145,11747529721.42,11747529721.42,38.7765,
600267.SH,海正药业,2014-06-06,13.6058,13.703,13.4309,13.5961,3447917,0.4106,11747529721.42,11747529721.42,38.7765,
600267.SH,海正药业,2014-06-09,13.5281,13.6641,13.5281,13.5378,2707105,0.3224,11697147177.94,11697147177.94,38.6102,
600267.SH,海正药业,2014-06-10,13.5961,13.7807,13.5086,13.7322,4070890,0.4848,11865088989.54,11865088989.54,39.1646,
600267.SH,海正药业,2014-06-11,13.8002,14.3736,13.8002,14.0723,14516716,1.7288,12158987159.84,12158987159.84,40.1347,
600267.SH,海正药业,2014-06-12,14.1889,14.4999,14.082,14.3639,12049336,1.4349,12410899877.24,12410899877.24,40.9662,
600267.SH,海正药业,2014-06-13,14.2958,14.5777,14.2958,14.4416,9663201,1.1508,12478076601.88,12478076601.88,41.1879,
600267.SH,海正药业,2014-06-16,14.3541,14.4319,14.1695,14.2375,8649145,1.03,12301737699.7,12301737699.7,40.6059,
600267.SH,海正药业,2014-06-17,14.2278,14.3055,14.0431,14.1403,5344599,0.6365,12217766793.9,12217766793.9,40.3287,
600267.SH,海正药业,2014-06-18,14.1889,14.393,14.1112,14.2667,7603505,0.9055,12326928971.44,12326928971.44,40.689,
600267.SH,海正药业,2014-06-19,14.3639,14.3639,13.6933,13.8682,6593082,0.7852,11982648257.66,11982648257.66,39.5526,
600267.SH,海正药业,2014-06-20,13.8391,14.0237,13.8002,13.9751,3621506,0.4313,12075016254.04,12075016254.04,39.8575,
600267.SH,海正药业,2014-06-23,13.9751,14.2278,13.8974,14.1112,4065613,0.4842,12192575522.16,12192575522.16,40.2455,
600267.SH,海正药业,2014-06-24,14.0917,14.393,13.9654,14.2181,6538798,0.7787,12284943518.54,12284943518.54,40.5504,
600267.SH,海正药业,2014-06-25,14.1397,14.2768,14.081,14.1985,3577796,0.4261,12175781341,12175781341,40.1901,
600267.SH,海正药业,2014-06-26,14.2475,14.3943,14.1104,14.3747,4513799,0.5375,12326928971.44,12326928971.44,40.689,
600267.SH,海正药业,2014-06-27,14.3747,14.5706,14.2964,14.4825,7095486,0.845,12419296967.82,12419296967.82,40.9939,
600267.SH,海正药业,2014-06-30,14.4237,14.7273,14.4237,14.5216,5448648,0.6489,12452885330.14,12452885330.14,41.1048,
600267.SH,海正药业,2014-07-01,14.551,14.6293,14.4041,14.5608,7348164,0.8751,12486473692.46,12486473692.46,41.2156,
600267.SH,海正药业,2014-07-02,14.5706,14.7175,14.4923,14.6293,7372984,0.878,12545253326.52,12545253326.52,41.4097,
600267.SH,海正药业,2014-07-03,14.7371,15.0504,14.6391,14.9231,11895503,1.4166,12797166043.92,12797166043.92,42.2412,
600267.SH,海正药业,2014-07-04,14.9231,14.9427,14.7371,14.8154,5313946,0.6328,12704798047.54,12704798047.54,41.9363,
600267.SH,海正药业,2014-07-07,14.7566,14.8252,14.5706,14.6979,6823769,0.8126,12604032960.58,12604032960.58,41.6037,
600267.SH,海正药业,2014-07-08,14.6098,14.8056,14.5412,14.7077,5003127,0.5958,12612430051.16,12612430051.16,41.6314,
600267.SH,海正药业,2014-07-09,14.7273,14.9133,14.6,14.7371,7927741,0.9441,12637621322.9,12637621322.9,41.7146,
600267.SH,海正药业,2014-07-10,14.6881,14.9035,14.6587,14.7762,6257638,0.7452,12671209685.22,12671209685.22,41.8254,
600267.SH,海正药业,2014-07-11,14.7762,14.835,14.5412,14.5804,6570052,0.7824,12503267873.62,12503267873.62,41.2711,
600267.SH,海正药业,2014-07-14,14.5804,14.7273,14.4825,14.6098,7000821,0.8337,12528459145.36,12528459145.36,41.3542,
600267.SH,海正药业,2014-07-15,14.6098,14.6783,14.5412,14.5902,6671493,0.7945,12511664964.2,12511664964.2,41.2988,
600267.SH,海正药业,2014-07-16,14.5706,14.6293,14.2964,14.365,6188981,0.737,12318531880.86,12318531880.86,40.6613,
600267.SH,海正药业,2014-07-17,14.3943,14.3943,14.032,14.1495,6515095,0.7759,12133795888.1,12133795888.1,40.0515,
600267.SH,海正药业,2014-07-18,14.1985,14.3552,14.1887,14.316,4365190,0.5198,12276546427.96,12276546427.96,40.5227,
600267.SH,海正药业,2014-07-21,14.3062,14.4531,14.2377,14.3454,3239760,0.3858,12301737699.7,12301737699.7,40.6059,
600267.SH,海正药业,2014-07-22,14.2964,14.5314,14.2768,14.4923,5629792,0.6704,12427694058.4,12427694058.4,41.0216,
600267.SH,海正药业,2014-07-23,14.5216,14.5216,14.2181,14.267,4717529,0.5618,12234560975.06,12234560975.06,40.3841,
600267.SH,海正药业,2014-07-24,14.2768,14.4629,14.1202,14.4237,6471321,0.7707,12368914424.34,12368914424.34,40.8276,
600267.SH,海正药业,2014-07-25,14.4237,14.551,14.3454,14.5216,5648561,0.6727,12452885330.14,12452885330.14,41.1048,
600267.SH,海正药业,2014-07-28,14.4825,14.7371,14.4531,14.6783,9077230,1.081,12587238779.42,12587238779.42,41.5483,
600267.SH,海正药业,2014-07-29,14.7175,14.8546,14.6391,14.7175,7839007,0.9335,12620827141.74,12620827141.74,41.6591,
600267.SH,海正药业,2014-07-30,14.6979,15.1287,14.6293,15.0112,11962346,1.4246,12872739859.14,12872739859.14,42.4906,
600267.SH,海正药业,2014-07-31,15.1581,15.5498,15.0798,15.0896,19404732,2.3109,12939916583.78,12939916583.78,42.7124,
600267.SH,海正药业,2014-08-01,15.1092,15.6477,15.0406,15.2952,22078620,2.6293,13116255485.96,13116255485.96,43.2944,
600267.SH,海正药业,2014-08-04,15.6183,15.6183,15.3246,15.4715,14095256,1.6786,13267403116.4,13267403116.4,43.7934,
600267.SH,海正药业,2014-08-05,15.589,15.589,15.3442,15.3931,9653575,1.1496,13200226391.76,13200226391.76,43.5716,
600267.SH,海正药业,2014-08-06,15.3637,15.7456,15.305,15.6771,13534437,1.6118,13443742018.58,13443742018.58,44.3754,
600267.SH,海正药业,2014-08-07,15.7163,15.7554,15.1679,15.2365,15693082,1.8689,13065872942.48,13065872942.48,43.1281,
600267.SH,海正药业,2014-08-08,15.256,15.4519,15.2462,15.3246,7882028,0.9387,13141446757.7,13141446757.7,43.3776,
600267.SH,海正药业,2014-08-11,15.4323,15.5302,15.2756,15.4225,8470543,1.0087,13225417663.5,13225417663.5,43.6548,
600267.SH,海正药业,2014-08-12,15.3344,15.4421,15.2071,15.2952,8226982,0.9797,13116255485.96,13116255485.96,43.2944,
600267.SH,海正药业,2014-08-13,15.256,15.3344,15.0798,15.1875,9193771,1.0949,13023887489.58,13023887489.58,42.9896,
600267.SH,海正药业,2014-08-14,15.3344,15.5694,15.1875,15.354,10836482,1.2905,13166638029.44,13166638029.44,43.4607,
600267.SH,海正药业,2014-08-15,15.3442,15.5106,15.3246,15.4715,6203380,0.7388,13267403116.4,13267403116.4,43.7934,
600267.SH,海正药业,2014-08-18,15.4715,15.6673,15.4519,15.5302,8373848,0.9972,13317785659.88,13317785659.88,43.9597,
600267.SH,海正药业,2014-08-19,15.5498,15.9121,15.4519,15.9023,15435719,1.8382,13636875101.92,13636875101.92,45.0129,
600267.SH,海正药业,2014-08-20,15.9415,16.1079,15.6869,15.7456,12999838,1.5481,13502521652.64,13502521652.64,44.5694,
600267.SH,海正药业,2014-08-21,15.7456,15.9219,15.4127,15.6477,11351669,1.3519,13418550746.84,13418550746.84,44.2923,
600267.SH,海正药业,2014-08-22,15.6183,15.7163,15.5008,15.6771,8345053,0.9938,13443742018.58,13443742018.58,44.3754,
600267.SH,海正药业,2014-08-25,15.6575,15.7358,15.4029,15.6673,8789138,1.0467,13435344928,13435344928,44.3477,
600267.SH,海正药业,2014-08-26,15.6673,15.6771,15.1287,15.2169,14324130,1.7058,13049078761.32,13049078761.32,41.9592,
600267.SH,海正药业,2014-08-27,15.2169,15.5106,15.1777,15.3735,9550077,1.1373,13183432210.6,13183432210.6,42.3913,
600267.SH,海正药业,2014-08-28,15.3442,15.3735,15.1385,15.1973,7370127,0.8777,13032284580.16,13032284580.16,41.9052,
600267.SH,海正药业,2014-08-29,15.2267,15.2854,15.0798,15.2756,5421951,0.6457,13099461304.8,13099461304.8,42.1212,
600267.SH,海正药业,2014-09-01,15.256,15.5204,15.1875,15.5008,10800060,1.2862,13292594388.14,13292594388.14,42.7423,
600267.SH,海正药业,2014-09-02,15.5204,15.7946,15.4225,15.7652,15372258,1.8307,13519315833.8,13519315833.8,43.4713,
600267.SH,海正药业,2014-09-03,15.7946,15.7946,15.5498,15.7261,10039591,1.1956,13485727471.48,13485727471.48,43.3633,
600267.SH,海正药业,2014-09-04,15.824,15.8631,15.589,15.7261,13630046,1.6232,13485727471.48,13485727471.48,43.3633,
600267.SH,海正药业,2014-09-05,15.7163,16.0198,15.6771,15.9513,16204207,1.9297,13678860554.82,13678860554.82,43.9843,
600267.SH,海正药业,2014-09-09,15.9611,16.3136,15.8925,16.0394,17696066,2.1074,13754434370.04,13754434370.04,44.2273,
600267.SH,海正药业,2014-09-10,16.0394,16.0394,15.7652,15.9317,10208274,1.2157,13662066373.66,13662066373.66,43.9303,
600267.SH,海正药业,2014-09-11,15.9415,16.245,15.8436,15.9611,15188625,1.8088,13687257645.4,13687257645.4,44.0113,
600267.SH,海正药业,2014-09-12,15.8925,16.529,15.8338,16.4605,19109022,2.2757,14115509264.98,14115509264.98,45.3883,
600267.SH,海正药业,2014-09-15,16.3625,16.9207,16.3332,16.6857,23183065,2.7608,14308642348.32,14308642348.32,46.0094,
600267.SH,海正药业,2014-09-16,16.7444,16.8717,16.0296,16.0786,19460842,2.3176,13788022732.36,13788022732.36,44.3353,
600267.SH,海正药业,2014-09-17,16.1177,16.5192,16.1177,16.4213,15469574,1.8423,14081920902.66,14081920902.66,45.2803,
600267.SH,海正药业,2014-09-18,16.4017,16.6171,16.3136,16.5192,10832960,1.2901,14165891808.46,14165891808.46,45.5503,
600267.SH,海正药业,2014-09-19,16.6367,16.6367,16.245,16.4017,8944250,1.0652,14065126721.5,14065126721.5,45.2263,
600267.SH,海正药业,2014-09-22,16.4311,16.4311,15.9806,16.0394,9216209,1.0975,13754434370.04,13754434370.04,44.2273,
600267.SH,海正药业,2014-09-23,16.0688,16.2646,15.9904,16.1765,7202414,0.8577,13871993638.16,13871993638.16,44.6053,
600267.SH,海正药业,2014-09-24,16.1569,16.5975,16.0884,16.578,11359380,1.3528,14216274351.94,14216274351.94,45.7123,
600267.SH,海正药业,2014-09-25,16.5486,16.6269,16.3038,16.3723,8821571,1.0506,14039935449.76,16143692398.24,45.1453,
600267.SH,海正药业,2014-09-26,16.3527,16.3723,16.1079,16.3136,7035655,0.8379,13989552906.28,16085760487.72,44.9833,
600267.SH,海正药业,2014-09-29,16.4898,16.529,16.294,16.4409,10455433,1.2451,14098715083.82,16211279627.18,52.1273,
600267.SH,海正药业,2014-09-30,16.48,16.8423,16.3821,16.8228,13976366,1.6644,14426201616.44,16587837045.56,53.3381,
600267.SH,海正药业,2014-10-08,16.8423,17.1753,16.7151,17.1263,13648269,1.6254,14686511424.42,16887151916.58,54.3005,
600267.SH,海正药业,2014-10-09,17.1067,17.1165,16.7053,16.7836,16194196,1.9285,14392613254.12,16549215771.88,53.2139,
600267.SH,海正药业,2014-10-10,16.7444,17.1361,16.6661,16.8913,15716173,1.8716,14484981250.5,16655424274.5,53.5554,
600267.SH,海正药业,2014-10-13,16.8521,17.0969,16.578,17.0186,11450568,1.3636,14594143428.04,16780943413.96,53.959,
600267.SH,海正药业,2014-10-14,17.0186,17.1263,16.7151,16.7738,11382132,1.3555,14384216163.54,16539560453.46,53.1829,
600267.SH,海正药业,2014-10-15,16.7248,17.2047,16.6955,17.0774,16320938,1.9436,14644525971.52,16838875324.48,54.1453,
600267.SH,海正药业,2014-10-16,17.1263,17.567,16.7934,16.813,24287983,2.8924,14417804525.86,16578181727.14,53.307,
600267.SH,海正药业,2014-10-17,16.8521,16.9207,16.1667,16.4898,14277960,1.7003,14140700536.72,16259556219.28,52.2825,
600267.SH,海正药业,2014-10-20,16.5094,16.7444,16.4996,16.7248,7624143,0.908,14342230710.64,16491283861.36,53.0276,
600267.SH,海正药业,2014-10-21,16.6367,16.9207,16.4996,16.6465,9948757,1.1848,14275053986,16414041314,52.7793,
600267.SH,海正药业,2014-10-22,16.6465,16.9011,16.5878,16.6759,10283524,1.2247,14300245257.74,16443007269.26,52.8724,
600267.SH,海正药业,2014-10-23,16.6661,16.7346,16.2059,16.2254,9623267,1.146,13913979091.06,15998862621.94,51.4443,
600267.SH,海正药业,2014-10-24,16.2548,16.343,15.9904,16.0296,7142445,0.8506,13746037279.46,15805756253.54,50.8233,
600267.SH,海正药业,2014-10-27,15.9611,16.1765,15.9415,16.0786,6706129,0.7986,13788022732.36,15854032845.64,50.9786,
600267.SH,海正药业,2014-10-28,16.1177,16.3527,16.01,16.3527,11909298,1.4183,14023141268.6,16124381761.4,51.3433,
600267.SH,海正药业,2014-10-29,16.3723,16.4311,16.2059,16.3723,10492389,1.2495,14039935449.76,16143692398.24,51.4047,
600267.SH,海正药业,2014-10-30,16.3723,16.5975,16.294,16.3527,9648522,1.149,14023141268.6,16124381761.4,51.3433,
600267.SH,海正药业,2014-10-31,16.4017,16.4311,16.1275,16.3821,10203289,1.2151,14048332540.34,16153347716.66,51.4355,
600267.SH,海正药业,2014-11-03,16.4017,16.4017,16.1667,16.2744,11003257,1.3104,13955964543.96,16047139214.04,51.0973,
600267.SH,海正药业,2014-11-04,16.2254,16.3332,16.1569,16.3038,7664081,0.9127,13981155815.7,16076105169.3,51.1895,
600267.SH,海正药业,2014-11-05,16.3332,16.3332,16.1373,16.2646,5774286,0.6877,13947567453.38,16037483895.62,51.0666,
600267.SH,海正药业,2014-11-06,16.2744,16.294,16.0786,16.1471,6758471,0.8049,13846802366.42,15921620074.58,50.6976,
600267.SH,海正药业,2014-11-07,16.1569,16.2744,15.824,15.8534,12079557,1.4385,13594889649.02,15631960521.98,49.7753,
600267.SH,海正药业,2014-11-10,15.8827,16.0394,15.7946,16.0198,7167891,0.8536,13737640188.88,15796100935.12,50.2979,
600267.SH,海正药业,2014-11-11,15.9806,16.0394,15.5008,15.54,11670028,1.3898,13326182750.46,15322990332.54,48.7915,
600267.SH,海正药业,2014-11-12,15.5792,15.8534,15.5792,15.7652,8055180,0.9593,13519315833.8,15545062656.2,49.4986,
600267.SH,海正药业,2014-11-13,15.7554,15.9415,15.5302,15.8436,10260843,1.222,13586492558.44,15622305203.56,49.7445,
600267.SH,海正药业,2014-11-14,15.7848,16.0002,15.6673,15.9513,6742690,0.803,13678860554.82,15728513706.18,50.0827,
600267.SH,海正药业,2014-11-17,16.0296,16.1079,15.7554,15.7946,10646807,1.2679,13544507105.54,15574028611.46,49.5908,
600267.SH,海正药业,2014-11-18,15.775,15.8729,15.7554,15.8142,4343242,0.5172,13561301286.7,15593339248.3,49.6523,
600267.SH,海正药业,2014-11-19,15.8436,15.9317,15.775,15.8631,5503270,0.6554,13603286739.6,15641615840.4,49.806,
600267.SH,海正药业,2014-11-20,15.824,15.8827,15.6673,15.7163,6317519,0.7523,13477330380.9,15496786064.1,49.3449,
600267.SH,海正药业,2014-11-21,15.6771,15.9023,15.6673,15.8044,6633045,0.7899,13552904196.12,15583683929.88,49.6216,
600267.SH,海正药业,2014-11-24,15.9415,15.9415,15.5498,15.8827,13677577,1.6288,13620080920.76,15660926477.24,49.8675,
600267.SH,海正药业,2014-11-25,15.8631,16.343,15.8338,16.245,20456776,2.4362,13930773272.22,16018173258.78,51.0051,
600267.SH,海正药业,2014-11-26,16.2157,16.3527,16.1667,16.294,11330395,1.3493,13972758725.12,16066449850.88,51.1588,
600267.SH,海正药业,2014-11-27,16.4115,16.6367,16.2548,16.5388,19878113,2.3673,14182685989.62,16307832811.38,51.9274,
600267.SH,海正药业,2014-11-28,16.5682,16.5682,16.2548,16.4311,12330946,1.4685,14090317993.24,16201624308.76,51.5892,
600267.SH,海正药业,2014-12-01,16.48,16.5975,16.1471,16.529,16360320,1.9483,14174288899.04,16298177492.96,51.8967,
600267.SH,海正药业,2014-12-02,16.48,16.7444,16.4703,16.5388,14642715,1.7438,14182685989.62,16307832811.38,51.9274,
600267.SH,海正药业,2014-12-03,16.5584,16.6465,16.3332,16.4507,17872176,2.1284,14107112174.4,16220934945.6,51.6507,
600267.SH,海正药业,2014-12-04,16.4605,17.0088,16.3919,16.8521,26061281,3.1036,14451392888.18,16616803000.82,52.9112,
600267.SH,海正药业,2014-12-05,16.7934,17.1753,16.2548,16.5878,26530376,3.1595,14224671442.52,16356109403.48,52.0811,
600267.SH,海正药业,2014-12-08,16.4017,17.2144,16.3527,17.1655,28621680,3.4085,14720099786.74,16925773190.26,53.8951,
600267.SH,海正药业,2014-12-09,17.1655,17.518,16.578,16.7248,33574737,3.9984,14342230710.64,16491283861.36,52.5115,
600267.SH,海正药业,2014-12-10,16.7542,17.469,16.7151,17.3417,21781687,2.594,14871247417.18,17099568921.82,54.4484,
600267.SH,海正药业,2014-12-11,17.3417,17.7041,17.1361,17.332,21015380,2.5027,14862850326.6,17089913603.4,54.4177,
600267.SH,海正药业,2014-12-12,17.4103,18.2132,17.332,18.2034,23022737,2.7418,15610191388.22,17949236942.78,57.154,
600267.SH,海正药业,2014-12-15,18.1839,18.556,17.988,18.3601,17355401,2.0668,15744544837.5,18103722037.5,57.6459,
600267.SH,海正药业,2014-12-16,18.2818,18.4776,17.8313,18.0664,16643226,1.982,15492632120.1,17814062484.9,56.7235,
600267.SH,海正药业,2014-12-17,18.0761,18.1055,17.4592,17.7041,14268372,1.6992,15181939768.64,17456815703.36,55.586,
600267.SH,海正药业,2014-12-18,17.5474,18.0957,17.5474,17.7138,12804589,1.5249,15190336859.22,17466471021.78,55.6167,
600267.SH,海正药业,2014-12-19,17.6257,17.802,17.1067,17.5278,14434441,1.719,15030792138.2,17283019971.8,55.0326,
600267.SH,海正药业,2014-12-22,17.5082,17.5082,16.5486,16.6661,16126929,1.9205,14291848167.16,16433351950.84,52.3271,
600267.SH,海正药业,2014-12-23,16.1569,16.9011,16.1177,16.3136,18519630,2.2055,13989552906.28,16085760487.72,51.2203,
600267.SH,海正药业,2014-12-24,16.3723,16.5388,16.1863,16.4605,9621055,1.1458,14115509264.98,16230590264.02,51.6814,
600267.SH,海正药业,2014-12-25,16.4703,16.5486,16.3136,16.529,8244863,0.9819,14174288899.04,16298177492.96,51.8967,
600267.SH,海正药业,2014-12-26,16.4507,16.9011,16.4017,16.8228,9755752,1.1618,14426201616.44,16587837045.56,52.819,
600267.SH,海正药业,2014-12-29,16.8228,16.8521,16.0786,16.2352,15160326,1.8054,13922376181.64,16008517940.36,50.9743,
600267.SH,海正药业,2014-12-30,16.3625,16.7836,16.2842,16.3234,11058798,1.317,13997949996.86,16095415806.14,51.251,
600267.SH,海正药业,2014-12-31,16.3821,16.6465,16.0394,16.529,12277199,1.4621,14174288899.04,16298177492.96,51.8967,
600267.SH,海正药业,2015-01-05,16.529,16.9109,16.3038,16.7248,14156532,1.6859,14342230710.64,16491283861.36,52.5115,
600267.SH,海正药业,2015-01-06,16.6269,17.5278,16.5486,17.3026,19902119,2.3701,14837659054.86,17060947648.14,54.3255,
600267.SH,海正药业,2015-01-07,17.283,17.3809,16.9403,17.1067,11646358,1.387,14669717243.26,16867841279.74,53.7106,
600267.SH,海正药业,2015-01-08,17.1361,17.3124,16.9109,17.0578,8870625,1.0564,14627731790.36,16819564687.64,53.5569,
600267.SH,海正药业,2015-01-09,17.0578,17.1949,16.6465,16.6857,10813733,1.2878,14308642348.32,16452662587.68,52.3886,
600267.SH,海正药业,2015-01-12,16.6465,16.8228,16.3038,16.7444,11373925,1.3545,14359024891.8,16510594498.2,52.573,
600267.SH,海正药业,2015-01-13,16.6563,16.8815,16.6465,16.813,6413348,0.7638,14417804525.86,16578181727.14,52.7882,
600267.SH,海正药业,2015-01-14,16.8228,16.9011,16.5094,16.5975,7013134,0.8352,14233068533.1,16365764721.9,52.1119,
600267.SH,海正药业,2015-01-15,16.5486,16.6465,16.3821,16.5682,10238536,1.2193,14207877261.36,16336798766.64,52.0196,
600267.SH,海正药业,2015-01-16,16.578,16.7053,16.3527,16.6955,8552601,1.0185,14317039438.9,16462317906.1,52.4193,
600267.SH,海正药业,2015-01-19,16.2842,16.9501,16.1765,16.4311,13737042,1.6359,14090317993.24,16201624308.76,51.5892,
600267.SH,海正药业,2015-01-20,16.4213,17.048,16.4213,17.0088,15122482,1.8009,14585746337.46,16771288095.54,53.4031,
600267.SH,海正药业,2015-01-21,17.048,17.4592,16.8913,17.2242,20063763,2.3894,14770482330.22,16983705100.78,54.0795,
600267.SH,海正药业,2015-01-22,17.2242,17.3613,17.1165,17.2144,13206795,1.5728,14762085239.64,16974049782.36,54.0488,
600267.SH,海正药业,2015-01-23,17.1949,17.3222,16.9501,17.1067,12752574,1.5187,14669717243.26,16867841279.74,53.7106,
600267.SH,海正药业,2015-01-26,17.1361,17.3907,16.9011,17.3711,15430384,1.8376,14896438688.92,17128534877.08,54.5407,
600267.SH,海正药业,2015-01-27,17.4005,17.7041,16.9599,17.3026,18746180,2.2325,14837659054.86,17060947648.14,54.3255,
600267.SH,海正药业,2015-01-28,17.3026,17.5865,17.1851,17.234,12361934,1.4722,14778879420.8,16993360419.2,54.1103,
600267.SH,海正药业,2015-01-29,17.1361,17.3907,17.0676,17.1557,8414173,1.002,14711702696.16,16916117871.84,53.8643,
600267.SH,海正药业,2015-01-30,17.1263,17.2242,16.7053,16.8423,11540516,1.3743,14442995797.6,16607147682.4,52.8805,
600267.SH,海正药业,2015-02-02,16.7346,16.9696,16.6563,16.9501,8311355,0.9898,14535363793.98,16713356185.02,53.2187,
600267.SH,海正药业,2015-02-03,17.0284,17.1165,16.764,16.9892,8581255,1.0219,14568952156.3,16751977458.7,53.3416,
600267.SH,海正药业,2015-02-04,17.0284,17.0676,16.813,16.9696,6663083,0.7935,14552157975.14,16732666821.86,53.2802,
600267.SH,海正药业,2015-02-05,17.0676,17.518,16.9501,17.2047,15352470,1.8283,14753688149.06,16964394463.94,54.018,
600267.SH,海正药业,2015-02-06,17.2047,17.469,16.7836,16.9794,12402959,1.4771,14560555065.72,16742322140.28,53.3109,
600267.SH,海正药业,2015-02-09,16.9794,17.0578,16.4507,16.6465,11635524,1.3857,14275053986,16414041314,52.2656,
600267.SH,海正药业,2015-02-10,16.6465,16.7248,16.5486,16.7151,6004934,0.7151,14333833620.06,16481628542.94,52.4808,
600267.SH,海正药业,2015-02-11,16.764,16.7738,16.5486,16.7248,8877221,1.0572,14342230710.64,16491283861.36,52.5115,
600267.SH,海正药业,2015-02-12,16.6759,16.8913,16.6073,16.8032,7348606,0.8751,14409407435.28,16568526408.72,52.7575,
600267.SH,海正药业,2015-02-13,16.8423,17.283,16.8228,17.2047,12070301,1.4374,14753688149.06,16964394463.94,54.018,
600267.SH,海正药业,2015-02-16,17.1753,17.7726,17.1753,17.6159,15641793,1.8628,15106365953.42,17369917837.58,55.3093,
600267.SH,海正药业,2015-02-17,17.6159,17.6943,17.3515,17.469,9810920,1.1684,14980409594.72,17225088061.28,54.8481,
600267.SH,海正药业,2015-02-25,17.5082,17.753,17.3124,17.7432,13345325,1.5893,15215528130.96,17495436977.04,55.709,
600267.SH,海正药业,2015-02-26,17.7236,18.037,17.5572,17.7041,13577087,1.6169,15181939768.64,17456815703.36,55.586,
600267.SH,海正药业,2015-02-27,17.7138,17.7628,17.4592,17.5768,12525492,1.4916,15072777591.1,17331296563.9,55.1863,
600267.SH,海正药业,2015-03-02,17.3417,17.5963,17.1067,17.5865,20486282,2.4397,15081174681.68,17340951882.32,55.2171,
600267.SH,海正药业,2015-03-03,17.4886,18.1349,17.4103,17.9489,24827849,2.9567,15391867033.14,17698198663.86,56.3546,
600267.SH,海正药业,2015-03-04,18.0664,19.7408,18.0664,19.1631,45463556,5.4142,16433106265.06,18895458147.94,60.1669,
600267.SH,海正药业,2015-03-05,19.0945,19.5841,18.8987,19.3393,26885805,3.2018,16584253895.5,19069253879.5,60.7203,
600267.SH,海正药业,2015-03-06,19.2708,20.0248,18.8008,18.9281,25027168,2.9805,16231576091.14,18663730505.86,59.4291,
600267.SH,海正药业,2015-03-09,18.8987,19.2512,18.6245,19.1141,13188683,1.5706,16391120812.16,18847181555.84,60.0132,
600267.SH,海正药业,2015-03-10,19.0554,19.3393,18.8399,19.261,13727906,1.6348,16517077170.86,18992011332.14,60.4744,
600267.SH,海正药业,2015-03-11,19.1924,19.4764,18.8301,18.8987,14275831,1.7001,16206384819.4,18634764550.6,59.3368,
600267.SH,海正药业,2015-03-12,18.9868,19.0456,18.3112,18.4091,14418940,1.7171,15786530290.4,18151998629.6,57.7996,
600267.SH,海正药业,2015-03-13,18.507,18.791,18.4287,18.6637,9877596,1.1763,16004854645.48,18403036908.52,58.599,
600267.SH,海正药业,2015-03-16,18.7518,19.1435,18.6735,19.0162,16479547,1.9625,16307149906.36,18750628371.64,59.7058,
600267.SH,海正药业,2015-03-17,19.0358,19.2806,18.8203,18.9966,17703227,2.1083,16290355725.2,18731317734.8,59.6443,
600267.SH,海正药业,2015-03-18,18.9966,19.2806,18.9574,19.2708,20291299,2.4165,16525474261.44,19001666650.56,60.5051,
600267.SH,海正药业,2015-03-19,19.3393,19.5254,19.1141,19.2708,18749610,2.2329,16525474261.44,19001666650.56,60.5051,
600267.SH,海正药业,2015-03-20,19.2904,19.3099,18.9574,19.1631,21550652,2.5664,16433106265.06,18895458147.94,60.1669,
600267.SH,海正药业,2015-03-23,19.1631,19.5841,19.0945,19.3981,25808301,3.0735,16634636438.98,19127185790.02,60.9048,
600267.SH,海正药业,2015-03-24,19.4079,20.3675,19.2708,20.2794,38903583,4.633,17390374591.18,19996164447.82,63.6718,
600267.SH,海正药业,2015-03-25,20.3773,20.9354,20.1227,20.485,25148910,2.995,17566713493.36,20198926134.64,64.3174,
600267.SH,海正药业,2015-03-26,20.4556,20.534,20.0052,20.2206,16843449,2.0059,17339992047.7,19938232537.3,63.4873,
600267.SH,海正药业,2015-03-27,20.1423,20.3185,19.966,20.1227,13693459,1.6307,17256021141.9,19841679353.1,63.1799,
600267.SH,海正药业,2015-03-30,20.8669,21.239,20.436,20.6906,24683266,2.9395,17743052395.54,20401687821.46,64.9631,
600267.SH,海正药业,2015-03-31,20.3675,20.436,19.8779,20.0444,38349832,4.567,17188844417.26,19764436805.74,64.1918,
600267.SH,海正药业,2015-04-01,20.5633,22.0321,20.0346,21.523,53845508,6.4124,18456805094.84,21222389887.16,68.927,
600267.SH,海正药业,2015-04-02,21.5425,21.7188,20.8375,21.3369,41423770,4.9331,18297260373.82,21038938837.18,68.3312,
600267.SH,海正药业,2015-04-03,21.1509,21.7775,21.0725,21.5327,29176062,3.4745,18465202185.42,21232045205.58,68.9583,
600267.SH,海正药业,2015-04-07,21.5523,22.5217,21.5523,21.7971,31134827,3.7078,18691923631.08,21492738802.92,69.805,
600267.SH,海正药业,2015-04-08,21.5523,21.8167,21.0529,21.5132,26577426,3.1651,18448408004.26,21212734568.74,68.8956,
600267.SH,海正药业,2015-04-09,21.5621,21.7384,20.6123,21.4348,24597534,2.9293,18381231279.62,21135492021.38,68.6448,
600267.SH,海正药业,2015-04-10,22.0321,23.4814,22.0224,23.3149,42807417,5.0979,19993472670.98,22989313158.02,74.6657,
600267.SH,海正药业,2015-04-13,23.452,25.2635,23.0211,24.0885,37449460,4.4598,20656842826.8,23752083313.2,77.143,
600267.SH,海正药业,2015-04-14,24.3333,24.9306,23.7066,23.9808,29590603,3.5239,20564474830.42,23645874810.58,76.7981,
600267.SH,海正药业,2015-04-15,23.8731,23.8731,22.9232,23.0016,26315885,3.1339,19724765772.42,22680342968.58,73.6622,
600267.SH,海正药业,2015-04-16,22.6686,23.4814,22.3357,23.3541,20683754,2.4632,20027061033.3,23027934431.7,74.7911,
600267.SH,海正药业,2015-04-17,23.501,23.6968,22.9526,23.1778,21131285,2.5165,19875913402.86,22854138700.14,74.2266,
600267.SH,海正药业,2015-04-20,23.0701,23.0799,21.7678,21.8265,29304040,3.4898,18717114902.82,21521704758.18,69.8991,
600267.SH,海正药业,2015-04-21,21.8167,22.8155,21.6894,22.747,25048390,2.983,19506441417.34,22429304689.66,94.4919,
600267.SH,海正药业,2015-04-22,22.8841,23.3345,22.7078,22.8351,23610057,2.8117,19582015232.56,22516202555.44,94.8579,
600267.SH,海正药业,2015-04-23,22.9624,24.1864,22.2769,23.7458,39614227,4.7176,20362944656.5,23414147168.5,98.6409,
600267.SH,海正药业,2015-04-24,23.403,23.9318,23.0113,23.4226,27879145,3.3201,20085840667.36,23095521660.64,97.2985,
600267.SH,海正药业,2015-04-27,23.6478,23.7555,22.9134,23.0799,24396101,2.9053,19791942497.06,22757585515.94,95.8749,
600267.SH,海正药业,2015-04-28,23.0603,23.0603,21.7873,21.993,23198890,2.7627,18859865442.68,21685845171.32,91.3598,
600267.SH,海正药业,2015-04-29,21.9342,22.3749,21.5523,22.1496,16347365,1.9468,18994218891.96,21840330266.04,92.0106,
600267.SH,海正药业,2015-04-30,22.2084,22.4042,21.8363,21.9048,14921084,1.7769,18784291627.46,21598947305.54,90.9937,
600267.SH,海正药业,2015-05-04,21.944,22.1007,21.5621,22.0615,13430425,1.5994,18918645076.74,21753432400.26,91.6445,
600267.SH,海正药业,2015-05-05,22.0811,22.6099,21.6894,21.8167,21230675,2.5283,18708717812.24,21512049439.76,90.6276,
600267.SH,海正药业,2015-05-06,21.8461,22.6197,21.8461,22.1203,22729604,2.7068,18969027620.22,21811364310.78,91.8886,
600267.SH,海正药业,2015-05-07,21.9538,22.4238,20.3577,20.5144,26648373,3.1735,17591904765.1,20227892089.9,85.2176,
600267.SH,海正药业,2015-05-08,20.7592,21.2292,20.6515,20.9746,14477292,1.7241,17986568022.36,20681692055.64,87.1294,
600267.SH,海正药业,2015-05-11,21.1019,21.6992,20.8767,21.6209,19357202,2.3052,18540776000.64,21318943071.36,89.814,
600267.SH,海正药业,2015-05-12,21.66,22.0909,21.425,21.8069,17669695,2.1043,18700320721.66,21502394121.34,90.5869,
600267.SH,海正药业,2015-05-13,21.7384,21.9636,21.4544,21.8461,18546513,2.2087,18733909083.98,21541015395.02,90.7496,
600267.SH,海正药业,2015-05-14,21.8265,22.0811,21.6307,21.8755,17919930,2.1341,18759100355.72,21569981350.28,90.8716,
600267.SH,海正药业,2015-05-15,21.8363,21.8363,21.2096,21.2782,14664200,1.7463,18246877830.34,20981006926.66,88.3904,
600267.SH,海正药业,2015-05-18,21.2292,22.0126,21.0627,21.7188,18780029,2.2365,18624746906.44,21415496255.56,90.2208,
600267.SH,海正药业,2015-05-19,21.6894,22.2084,21.6209,22.1692,23222673,2.7656,19011013073.12,21859640902.88,92.0919,
600267.SH,海正药业,2015-05-20,22.5511,23.2757,22.3259,22.5511,28890851,3.4406,19338499605.74,22236198321.26,93.6783,
600267.SH,海正药业,2015-05-21,22.8351,24.3529,22.5707,24.1864,41059501,4.8897,20740813732.6,23848636497.4,100.4713,
600267.SH,海正药业,2015-05-22,24.4606,24.96,23.5597,24.0689,35329944,4.2074,20640048645.64,23732772676.36,99.9832,
600267.SH,海正药业,2015-05-25,23.971,24.4704,23.5303,24.3431,31465181,3.7472,20875167181.88,24003121592.12,101.1222,
600267.SH,海正药业,2015-05-26,24.3822,24.9404,23.9906,24.8523,35714397,4.2532,21311815892.04,24505198149.96,103.2373,
600267.SH,海正药业,2015-05-27,24.8327,24.8523,23.9906,24.3039,30627998,3.6475,20841578819.56,23964500318.44,100.9594,
600267.SH,海正药业,2015-05-28,24.2843,25.851,23.5205,23.5989,42910958,5.1102,20236988297.8,23269317392.2,98.0307,
600267.SH,海正药业,2015-05-29,23.2953,24.5487,22.6197,23.9906,28774141,3.4267,20572871921,23655530129,99.6578,
600267.SH,海正药业,2015-06-01,24.4997,26.3896,24.49,26.3896,39280091,4.6778,22630159113.1,26021083141.9,109.6236,
600267.SH,海正药业,2015-06-02,26.654,26.7617,25.665,26.2721,34397712,4.0964,22529394026.14,25905219320.86,109.1355,
600267.SH,海正药业,2015-06-03,26.2721,26.605,25.3419,25.8608,25820365,3.0749,22176716221.78,25499695947.22,107.427,
600267.SH,海正药业,2015-06-04,25.9783,26.8009,23.6576,25.9196,29546720,3.5187,22227098765.26,25557627857.74,107.6711,
600267.SH,海正药业,2015-06-05,26.2329,26.5365,25.0677,26.0763,34528578,4.112,22361452214.54,25712112952.46,108.3219,
600267.SH,海正药业,2015-06-08,26.0958,26.2036,25.146,25.4496,30735284,3.6602,21824038417.42,25094172573.58,105.7186,
600267.SH,海正药业,2015-06-09,25.4496,26.0469,24.9698,25.3419,27804029,3.3112,21731670421.04,24987964070.96,105.2712,
600267.SH,海正药业,2015-06-10,25.0481,25.8902,24.8327,25.6258,27684349,3.2969,21975186047.86,25267968305.14,106.4508,
600267.SH,海正药业,2015-06-11,25.5769,26.6246,25.1852,26.5952,32107516,3.8236,22806498015.28,26223844828.72,110.4778,
600267.SH,海正药业,2015-06-12,26.5855,26.7813,26.1742,26.2525,30222581,3.5992,22512599844.98,25885908684.02,109.0541,
600267.SH,海正药业,2015-06-15,26.2917,27.3492,26.1644,26.2036,31332091,3.7313,22470614392.08,25837632091.92,108.8507,
600267.SH,海正药业,2015-06-16,26.0469,26.0469,23.9906,24.3529,28043171,3.3396,20883564272.46,24012776910.54,101.1628,
600267.SH,海正药业,2015-06-17,24.4802,24.7445,23.3247,24.6564,20273291,2.4143,21143874080.44,24312091781.56,102.4238,
600267.SH,海正药业,2015-06-18,24.5876,24.6564,23.2992,23.4172,17573547,2.0928,19993472670.98,22989313158.02,96.8511,
600267.SH,海正药业,2015-06-19,23.0435,23.0631,21.2437,21.6272,21634109,2.5764,18465202185.42,21232045205.58,89.448,
600267.SH,海正药业,2015-06-23,21.6862,21.9321,19.6701,21.5977,18601305,2.2152,18440010913.68,21203079250.32,89.3259,
600267.SH,海正药业,2015-06-24,21.6371,21.9813,21.047,21.7157,27697478,3.2985,18540776000.64,21318943071.36,89.814,
600267.SH,海正药业,2015-06-25,21.7551,22.2173,21.2043,21.4404,20531551,2.4451,18305657464.4,21048594155.6,88.6751,
600267.SH,海正药业,2015-06-26,20.8404,21.0273,19.2963,19.2963,25757099,3.0674,16475091717.96,18943734740.04,79.8076,
600267.SH,海正药业,2015-06-29,19.8274,19.8274,17.3687,17.4473,28394398,3.3815,14896438688.92,17128534877.08,72.1604,
600267.SH,海正药业,2015-06-30,17.1916,18.6177,15.7459,18.48,30995170,3.6912,15778133199.82,18142343311.18,76.4314,
600267.SH,海正药业,2015-07-01,18.3128,19.0308,17.7129,17.9784,29594425,3.5244,15349881580.24,17649922071.76,74.3569,
600267.SH,海正药业,2015-07-02,17.7621,17.9981,16.1786,16.1786,24299466,2.8938,13813214004.1,15882998800.9,66.9131,
600267.SH,海正药业,2015-07-03,15.8541,16.5032,14.5657,14.5755,38636251,4.6011,12444488239.56,14309181898.44,60.2828,
600267.SH,海正药业,2015-07-06,15.9819,15.9819,13.1199,13.8379,47583161,5.6666,11814706446.06,13585033016.94,57.232,
600267.SH,海正药业,2015-07-07,12.8347,13.5625,12.4511,12.4511,37080806,4.4159,10630716674.28,12223633119.72,51.4966,
600267.SH,海正药业,2015-07-08,11.2021,12.3921,11.2021,11.389,80434516,9.5789,9723830891.64,11180858730.36,47.1036,
600267.SH,海正药业,2015-07-09,11.507,12.5298,11.507,12.5298,14045663,1.6727,10697893398.92,12300875667.08,51.8221,
600267.SH,海正药业,2015-07-10,13.7789,13.7789,13.7789,13.7789,5163380,0.6149,11764323902.58,13527101106.42,56.988,
600267.SH,海正药业,2015-07-13,15.1558,15.1558,14.7525,15.1558,40756165,4.8536,12939916583.78,14878845685.22,62.6827,
600267.SH,海正药业,2015-07-14,15.736,16.6704,15.4115,16.4933,70591237,8.4066,14081920902.66,16191968990.34,68.2147,
600267.SH,海正药业,2015-07-15,15.7852,16.2278,14.8411,14.8509,38702438,4.609,12679606775.8,14579530814.2,61.4217,
600267.SH,海正药业,2015-07-16,14.8509,16.1294,14.369,15.7951,28867694,3.4378,13485727471.48,15506441382.52,65.3267,
600267.SH,海正药业,2015-07-17,15.9229,16.9064,15.8836,16.7294,30784639,3.6661,14283451076.58,16423696632.42,69.191,
600267.SH,海正药业,2015-07-20,16.7195,17.1621,16.3261,16.5819,29858212,3.5558,14157494717.88,16278866856.12,68.5808,
600267.SH,海正药业,2015-07-21,16.0803,17.0736,16.0311,16.7195,26063189,3.1038,14275053986,16414041314,69.1503,
600267.SH,海正药业,2015-07-22,16.7195,17.0244,16.2278,16.8179,18254458,2.1739,14359024891.8,16510594498.2,69.5571,
600267.SH,海正药业,2015-07-23,16.8179,17.5555,16.6212,17.2408,26018844,3.0986,14720099786.74,16925773190.26,71.3062,
600267.SH,海正药业,2015-07-24,17.0834,17.3096,16.4442,16.5917,30872451,3.6766,14165891808.46,16288522174.54,68.6215,
600267.SH,海正药业,2015-07-27,16.1294,16.4638,14.9296,14.9296,25532981,3.0407,12746783500.44,14656773361.56,61.7472,
600267.SH,海正药业,2015-07-28,14.6247,15.2345,13.4937,14.4083,24741831,2.9465,12301737699.7,14145041485.3,59.5913,
600267.SH,海正药业,2015-07-29,14.605,15.3426,14.0051,15.2738,17755142,2.1144,13040681670.74,14994709506.26,63.1708,
600267.SH,海正药业,2015-07-30,15.0083,15.736,14.782,14.9197,16786575,1.9991,12738386409.86,14647118043.14,61.7065,
600267.SH,海正药业,2015-07-31,14.9197,15.0869,14.6149,14.6542,11687780,1.3919,12511664964.2,14386424445.8,60.6082,
600267.SH,海正药业,2015-08-03,14.4477,14.6345,13.7985,14.3198,9905731,1.1797,12226163884.48,14058143619.52,59.2252,
600267.SH,海正药业,2015-08-04,14.369,15.3426,14.3591,15.3033,12154917,1.4475,13065872942.48,15023675461.52,63.2929,
600267.SH,海正药业,2015-08-05,15.1459,15.4705,15.0279,15.2345,14452635,1.7211,13007093308.42,14956088232.58,63.0081,
600267.SH,海正药业,2015-08-06,14.8214,15.4705,14.7919,15.205,9288213,1.1061,12981902036.68,14927122277.32,62.8861,
600267.SH,海正药业,2015-08-07,15.382,15.6377,15.2935,15.5,15474859,1.8429,13233814754.08,15216781829.92,64.1064,
600267.SH,海正药业,2015-08-10,15.5688,16.336,15.3426,16.2278,25649880,3.0546,13855199457,15931275393,67.1165,
600267.SH,海正药业,2015-08-11,16.1983,16.5425,16.0311,16.1885,20800531,2.4771,13821611094.68,15892654119.32,66.9538,
600267.SH,海正药业,2015-08-12,15.9327,16.2081,15.8344,15.9032,14363697,1.7106,13578095467.86,15612649885.14,65.7741,
600267.SH,海正药业,2015-08-13,15.7852,16.1885,15.7164,16.1688,13607717,1.6205,13804816913.52,15873343482.48,66.8724,
600267.SH,海正药业,2015-08-14,16.4343,16.5917,16.1885,16.2868,19386231,2.3087,13905582000.48,15989207303.52,67.3605,
600267.SH,海正药业,2015-08-17,16.3065,17.7916,16.1786,17.6539,36524152,4.3496,15072777591.1,17331296563.9,73.0146,
600267.SH,海正药业,2015-08-18,16.7294,17.2211,15.8934,15.8934,36991887,4.4053,13569698377.28,15602994566.72,65.7335,
600267.SH,海正药业,2015-08-19,15.1459,16.0508,14.7525,15.8836,26550739,3.1619,13561301286.7,15593339248.3,65.6928,
600267.SH,海正药业,2015-08-20,15.5,16.1688,15.3328,15.3918,15661852,1.8652,13141446757.7,15110573327.3,63.659,
600267.SH,海正药业,2015-08-21,15.1656,15.441,14.1034,14.2313,18343264,2.1845,12150590069.26,13971245753.74,58.8591,
600267.SH,海正药业,2015-08-24,13.6215,13.6707,12.8052,12.8052,16292684,1.9403,10933011935.16,12571224582.84,52.961,
600267.SH,海正药业,2015-08-25,11.5267,12.579,11.5267,11.5267,21116876,2.5148,9841390159.76,11316033188.24,47.673,
600267.SH,海正药业,2015-08-26,11.5857,12.2938,11.1136,11.3693,23081113,2.7487,9707036710.48,11161548093.52,47.0222,
600267.SH,海正药业,2015-08-27,11.802,12.3626,11.5955,12.3036,22507480,2.6804,10504760315.58,12078803343.42,50.8865,
600267.SH,海正药业,2015-08-28,12.5888,13.1396,12.3921,13.1101,22263112,2.6513,11193321743.14,12870539453.86,54.222,
600267.SH,海正药业,2015-08-31,12.7954,12.8839,11.9987,12.0774,18579237,2.2126,10311627232.24,11856731019.76,49.9509,
600267.SH,海正药业,2015-09-01,11.9299,12.5888,11.1628,11.8315,18048746,2.1494,10101699967.74,11615348059.26,48.934,
600267.SH,海正药业,2015-09-02,11.4971,12.5102,11.2316,12.343,25559314,3.0438,10538348677.9,12117424617.1,51.0492,
600267.SH,海正药业,2015-09-07,12.5888,12.9232,11.7529,11.9102,26477520,3.1532,10168876692.38,11692590606.62,49.2594,
600267.SH,海正药业,2015-09-08,11.9102,12.5397,11.7135,12.52,13209414,1.5731,10689496308.34,12291220348.66,51.7814,
600267.SH,海正药业,2015-09-09,12.7364,13.0806,12.5495,13.0019,35901220,4.2754,11100953746.76,12764330951.24,53.7745,
600267.SH,海正药业,2015-09-10,12.7364,12.8839,12.5593,12.5987,12825167,1.5273,10756673032.98,12368462896.02,52.1068,
600267.SH,海正药业,2015-09-11,12.5397,12.7364,12.461,12.6478,8812885,1.0495,10798658485.88,12416739488.12,52.3102,
600267.SH,海正药业,2015-09-14,12.2839,12.3921,11.3791,11.3791,23650206,2.8165,9715433801.06,11171203411.94,47.0629,
600267.SH,海正药业,2015-09-15,11.0152,11.1136,10.2383,10.2481,19893361,2.3691,8749768384.36,10060841793.64,42.3851,
600267.SH,海正药业,2015-09-16,10.376,11.2709,10.1301,11.1234,16917614,2.0147,9497109445.98,10920165133.02,46.0053,
600267.SH,海正药业,2015-09-17,11.0447,11.3004,10.7005,10.7399,15636369,1.8621,9169622913.36,10543607714.64,44.4189,
600267.SH,海正药业,2015-09-18,10.8677,11.0742,10.6808,10.907,9588648,1.1419,9312373453.22,10707748127.78,45.1104,
600267.SH,海正药业,2015-09-21,10.7792,11.3004,10.6513,11.2611,10868421,1.2943,9614668714.1,11055339590.9,46.5748,
600267.SH,海正药业,2015-09-22,11.3595,11.6938,11.3595,11.5463,15427637,1.8373,9858184340.92,11335343825.08,47.7544,
600267.SH,海正药业,2015-09-23,11.389,12.0872,11.3103,11.7234,14118724,1.6814,10009331971.36,11509139556.64,48.4866,
600267.SH,海正药业,2015-09-24,11.7922,11.8905,11.5562,11.743,7867117,0.9369,10026126152.52,11528450193.48,48.5679,
600267.SH,海正药业,2015-09-25,11.6348,11.7135,11.1824,11.2218,11174800,1.1574,11016718317.22,11016718317.22,46.4121,
600267.SH,海正药业,2015-09-28,11.2218,11.3595,11.0841,11.2709,8930590,0.9249,11064994909.32,11064994909.32,46.6154,
600267.SH,海正药业,2015-09-29,11.0644,11.1333,10.8677,10.9661,7491784,0.7759,10765680038.3,10765680038.3,45.3545,
600267.SH,海正药业,2015-09-30,11.0251,11.3103,10.9366,11.2021,5913855,0.6125,10997407680.38,10997407680.38,46.3307,
600267.SH,海正药业,2015-10-08,11.7627,12.3233,11.5267,12.3233,22604223,2.3411,12098113980.26,12098113980.26,50.9678,
600267.SH,海正药业,2015-10-09,12.2348,12.2348,11.8807,12.1168,25293305,2.6196,11895352293.44,11895352293.44,50.1136,
600267.SH,海正药业,2015-10-12,12.1168,12.7167,12.0774,12.4708,23638767,2.4483,12242943756.56,12242943756.56,51.578,
600267.SH,海正药业,2015-10-13,12.3921,12.697,12.343,12.6282,17068081,1.7677,12397428851.28,12397428851.28,52.2288,
600267.SH,海正药业,2015-10-14,12.6282,12.6675,12.3331,12.343,13354502,1.3831,12117424617.1,12117424617.1,51.0492,
600267.SH,海正药业,2015-10-15,12.2643,12.7659,12.2643,12.6872,16504570,1.7094,12455360761.8,12455360761.8,52.4729,
600267.SH,海正药业,2015-10-16,12.8347,13.0511,12.6774,12.8741,19486987,2.0183,12638811811.78,12638811811.78,53.2457,
600267.SH,海正药业,2015-10-19,12.8839,13.2281,12.7462,12.9822,18182219,1.8831,12745020314.4,12745020314.4,53.6932,
600267.SH,海正药业,2015-10-20,12.8937,13.1199,12.8642,13.0609,15140852,1.5681,12822262861.76,12822262861.76,54.0186,
600267.SH,海正药业,2015-10-21,13.0708,13.415,12.2053,12.2544,26134481,2.7067,12030526751.32,12030526751.32,50.6831,
600267.SH,海正药业,2015-10-22,12.2741,12.8741,12.2741,12.815,19292368,1.9981,12580879901.26,12580879901.26,53.0017,
600267.SH,海正药业,2015-10-23,13.0806,13.6707,13.0806,13.4937,30338524,3.1422,13247096872.24,13247096872.24,55.8084,
600267.SH,海正药业,2015-10-26,13.7494,13.7592,13.2281,13.4051,21868644,2.2649,13160199006.46,13160199006.46,55.4423,
600267.SH,海正药业,2015-10-27,13.2773,13.3166,12.6872,13.2576,18955465,1.9632,13015369230.16,13015369230.16,152.5957,
600267.SH,海正药业,2015-10-28,13.1101,13.828,13.0904,13.4248,24344397,2.5213,13179509643.3,13179509643.3,154.5201,
600267.SH,海正药业,2015-10-29,13.4937,13.9362,13.1888,13.7887,21307146,2.2068,13536756424.84,13536756424.84,158.7085,
600267.SH,海正药业,2015-10-30,13.651,14.0346,13.474,13.4937,12170500,1.2605,13247096872.24,13247096872.24,155.3125,
600267.SH,海正药业,2015-11-02,13.2675,13.4346,12.9232,12.9921,10588670,1.0967,12754675632.82,12754675632.82,149.5392,
600267.SH,海正药业,2015-11-03,13.0806,13.3068,12.7855,13.2281,11108845,1.1505,12986403274.9,12986403274.9,152.2561,
600267.SH,海正药业,2015-11-04,13.1101,13.7789,13.1003,13.769,21704915,2.248,13517445788,13517445788,158.4821,
600267.SH,海正药业,2015-11-05,13.8379,14.0936,13.5822,13.8576,28941142,2.9974,13604343653.78,13604343653.78,159.501,
600267.SH,海正药业,2015-11-06,13.828,14.0543,13.7985,13.9952,14663184,1.5187,13739518111.66,13739518111.66,161.0858,
600267.SH,海正药业,2015-11-09,13.8674,14.1821,13.5723,13.9854,23609949,2.4453,13729862793.24,13729862793.24,160.9726,
600267.SH,海正药业,2015-11-10,13.9657,14.2411,13.769,13.9461,22058900,2.2846,13691241519.56,13691241519.56,160.5198,
600267.SH,海正药业,2015-11-11,13.9756,14.3493,13.9362,14.3395,21921285,2.2704,14077454256.36,14077454256.36,165.0478,
600267.SH,海正药业,2015-11-12,14.7525,15.4312,14.6444,14.9001,32608947,3.3773,14627807406.3,14627807406.3,171.5003,
600267.SH,海正药业,2015-11-13,14.7132,14.7329,14.1428,14.1723,22923551,2.3742,13913313843.22,13913313843.22,163.1234,
600267.SH,海正药业,2015-11-16,13.9461,14.428,13.8871,14.369,11667253,1.2084,14106420211.62,14106420211.62,165.3874,
600267.SH,海正药业,2015-11-17,14.4083,14.8411,14.3493,14.6542,27280190,2.8254,14386424445.8,14386424445.8,168.6703,
600267.SH,海正药业,2015-11-18,14.6542,14.7034,13.9657,14.1329,14337763,1.485,13874692569.54,13874692569.54,162.6706,
600267.SH,海正药业,2015-11-19,14.2018,14.4182,13.9657,14.4083,10526501,1.0902,14145041485.3,14145041485.3,165.8402,
600267.SH,海正药业,2015-11-20,14.3886,14.5165,14.251,14.4968,13042194,1.3508,14231939351.08,14231939351.08,166.8591,
600267.SH,海正药业,2015-11-23,14.4182,14.8706,14.2411,14.4182,15242219,1.5786,14154696803.72,14154696803.72,165.9534,
600267.SH,海正药业,2015-11-24,14.4575,14.487,14.0641,14.428,11753500,1.2173,14164352122.14,14164352122.14,166.0667,
600267.SH,海正药业,2015-11-25,14.428,14.7132,14.31,14.6542,14936618,1.547,14386424445.8,14386424445.8,168.6703,
600267.SH,海正药业,2015-11-26,14.7525,14.782,14.3493,14.5067,15265955,1.5811,14241594669.5,14241594669.5,166.9723,
600267.SH,海正药业,2015-11-27,14.5558,14.6837,13.2773,13.592,15699750,1.626,13343650056.44,13343650056.44,156.4445,
600267.SH,海正药业,2015-11-30,13.6805,13.8084,12.9036,13.6412,15271766,1.5817,13391926648.54,13391926648.54,157.0105,
600267.SH,海正药业,2015-12-01,13.5625,13.8969,13.474,13.8182,13084623,1.3552,13565722380.1,13565722380.1,159.0482,
600267.SH,海正药业,2015-12-02,13.8477,13.8969,13.3068,13.8772,9425918,0.9762,13623654290.62,13623654290.62,159.7274,
600267.SH,海正药业,2015-12-03,13.828,14.2313,13.7887,14.1821,10456597,1.083,13922969161.64,13922969161.64,163.2366,
600267.SH,海正药业,2015-12-04,14.1428,14.369,13.9952,14.251,10426764,1.0799,13990556390.58,13990556390.58,164.029,
600267.SH,海正药业,2015-12-07,14.2018,14.8017,14.2018,14.546,14494318,1.5012,14280215943.18,14280215943.18,167.4251,
600267.SH,海正药业,2015-12-08,14.5362,15.4312,14.487,14.9492,30799791,3.1899,14676083998.4,14676083998.4,172.0663,
600267.SH,海正药业,2015-12-09,14.9296,15.3918,14.7722,15.3426,19280932,1.9969,15062296735.2,15062296735.2,176.5944,
600267.SH,海正药业,2015-12-10,15.2443,15.6672,14.8804,15.4803,19288209,1.9977,15197471193.08,15197471193.08,178.1792,
600267.SH,海正药业,2015-12-11,15.2443,15.9819,15.0968,15.4705,21292761,2.2053,15187815874.66,15187815874.66,178.066,
600267.SH,海正药业,2015-12-14,15.3426,15.6574,14.9787,15.3328,13249007,1.3722,15052641416.78,15052641416.78,176.4812,
600267.SH,海正药业,2015-12-15,15.3328,15.5295,15.0574,15.1459,11272503,1.1675,14869190366.8,14869190366.8,174.3304,
600267.SH,海正药业,2015-12-16,15.1656,15.6082,15.1066,15.2738,16034250,1.6607,14994709506.26,14994709506.26,175.802,
600267.SH,海正药业,2015-12-17,15.3721,15.8049,15.264,15.7459,17035539,1.7644,15458164790.42,15458164790.42,181.2357,
600267.SH,海正药业,2015-12-18,15.7557,16.1098,15.323,15.4607,18118759,1.8766,15178160556.24,15178160556.24,177.9528,
600267.SH,海正药业,2015-12-21,15.382,16.5032,15.3721,16.0999,27369751,2.8347,15805756253.54,15805756253.54,185.3109,
600267.SH,海正药业,2015-12-22,16.1294,16.2278,15.736,16.0508,15093764,1.5633,15757479661.44,15757479661.44,184.7449,
600267.SH,海正药业,2015-12-23,16.0508,16.5228,16.0311,16.1983,21441341,2.2207,15902309437.74,15902309437.74,186.4429,
600267.SH,海正药业,2015-12-24,16.1196,16.1294,15.6869,15.7655,11316419,1.172,15477475427.26,15477475427.26,181.4621,
600267.SH,海正药业,2015-12-25,15.8344,16.2278,15.7655,15.9524,7926449,0.8209,15660926477.24,15660926477.24,183.6129,
600267.SH,海正药业,2015-12-28,15.8836,16.1098,15.3426,15.4115,11137560,1.1535,15129883964.14,15129883964.14,177.3868,
600267.SH,海正药业,2015-12-29,15.5197,15.5688,15.205,15.441,7320198,0.7582,15158849919.4,15158849919.4,177.7264,
600267.SH,海正药业,2015-12-30,15.5098,15.8934,15.441,15.5393,11495422,1.1906,15255403103.6,15255403103.6,178.8584,
600267.SH,海正药业,2015-12-31,15.5393,15.8049,15.441,15.5885,9442891,0.978,15303679695.7,15303679695.7,179.4244,
600267.SH,海正药业,2016-01-04,15.677,15.7655,14.0346,14.0346,11344009,1.1749,13778139385.34,13778139385.34,161.5386,
600267.SH,海正药业,2016-01-05,13.769,14.3591,13.1986,14.0543,17616685,1.8246,13797450022.18,13797450022.18,161.765,
600267.SH,海正药业,2016-01-06,14.0641,14.7132,13.9362,14.4477,10018972,1.0377,14183662758.98,14183662758.98,166.293,
600267.SH,海正药业,2016-01-07,14.3296,14.3296,13.0019,13.1494,3211500,0.3326,12909160727.54,12909160727.54,151.3504,
600267.SH,海正药业,2016-01-08,13.6117,13.9067,12.8052,13.6215,15936484,1.6505,13372616011.7,13372616011.7,156.7841,
600267.SH,海正药业,2016-01-11,13.3756,13.8772,13.0314,13.1003,15365552,1.5914,12860884135.44,12860884135.44,150.7844,
600267.SH,海正药业,2016-01-12,13.1691,13.3068,11.7922,12.638,16371492,1.6956,12407084169.7,12407084169.7,145.464,
600267.SH,海正药业,2016-01-13,12.5888,12.7659,11.8807,11.9397,8679138,0.8989,11721556561.88,11721556561.88,137.4267,
600267.SH,海正药业,2016-01-14,11.2218,12.5495,11.1234,12.4708,12918420,1.338,12242943756.56,12242943756.56,143.5395,
600267.SH,海正药业,2016-01-15,12.1561,12.2938,11.3103,11.9102,13779616,1.4272,11692590606.62,11692590606.62,137.0871,
600267.SH,海正药业,2016-01-18,11.5955,12.1758,11.4185,11.9397,6965502,0.7214,11721556561.88,11721556561.88,137.4267,
600267.SH,海正药业,2016-01-19,11.9397,12.3725,11.6742,12.2544,9427319,0.9764,12030526751.32,12030526751.32,141.0491,
600267.SH,海正药业,2016-01-20,12.1168,12.2544,11.7627,11.9102,8295042,0.8591,11692590606.62,11692590606.62,137.0871,
600267.SH,海正药业,2016-01-21,11.743,12.1856,11.4873,11.5267,8619046,0.8927,11316033188.24,11316033188.24,132.6722,
600267.SH,海正药业,2016-01-22,11.6938,11.7824,11.3693,11.7135,6255918,0.6479,11499484238.22,11499484238.22,134.823,
600267.SH,海正药业,2016-01-25,11.802,11.8807,11.684,11.8709,5485209,0.5681,11653969332.94,11653969332.94,136.6342,
600267.SH,海正药业,2016-01-26,11.7234,11.7529,10.7202,10.8382,9894629,1.0248,10640160898.84,10640160898.84,124.7481,
600267.SH,海正药业,2016-01-27,10.8382,11.0054,10.2088,10.7005,8867180,0.9184,10504986440.96,10504986440.96,123.1633,
600267.SH,海正药业,2016-01-28,10.5727,10.9956,10.0317,10.0612,9180798,0.9509,9877390743.66,9877390743.66,115.8052,
600267.SH,海正药业,2016-01-29,10.0022,10.6022,9.8449,10.4153,12293363,1.2732,10224982206.78,10224982206.78,119.8804,
600267.SH,海正药业,2016-02-01,10.3268,10.4841,9.9334,10.1399,9574000,0.9916,9954633291.02,9954633291.02,116.7108,
600267.SH,海正药业,2016-02-02,10.1497,10.6218,10.1497,10.5431,6740470,0.6981,10350501346.24,10350501346.24,121.352,
600267.SH,海正药业,2016-02-03,10.376,10.7103,10.3366,10.6317,6061256,0.6278,10437399212.02,10437399212.02,122.3709,
600267.SH,海正药业,2016-02-04,10.7202,11.0054,10.5235,10.8579,7571599,0.7842,10659471535.68,10659471535.68,124.9745,
600267.SH,海正药业,2016-02-05,10.8087,10.9267,10.7202,10.8579,6162476,0.6382,10659471535.68,10659471535.68,124.9745,
600267.SH,海正药业,2016-02-15,10.6218,11.0841,10.5333,11.0152,6603012,0.6839,10813956630.4,10813956630.4,126.7857,
600267.SH,海正药业,2016-02-16,11.0349,11.507,11.0349,11.4873,8722739,0.9034,11277411914.56,11277411914.56,132.2194,
600267.SH,海正药业,2016-02-17,11.4185,11.566,11.2513,11.448,7274479,0.7534,11238790640.88,11238790640.88,131.7666,
600267.SH,海正药业,2016-02-18,11.4873,11.5562,11.3103,11.3398,6109036,0.6327,11132582138.26,11132582138.26,130.5214,
600267.SH,海正药业,2016-02-19,11.3103,11.3791,11.2021,11.3201,4867645,0.5041,11113271501.42,11113271501.42,130.295,
600267.SH,海正药业,2016-02-22,11.4086,11.5267,11.3496,11.4971,8387215,0.8687,11287067232.98,11287067232.98,132.3326,
600267.SH,海正药业,2016-02-23,11.5562,11.6447,11.4086,11.6152,8369872,0.8669,11402931054.02,11402931054.02,133.691,
600267.SH,海正药业,2016-02-24,11.566,11.802,11.4578,11.625,11722854,1.2141,11412586372.44,11412586372.44,133.8042,
600267.SH,海正药业,2016-02-25,11.6545,11.6643,10.4645,10.4645,16047963,1.6621,10273258798.88,10273258798.88,120.4464,
600267.SH,海正药业,2016-02-26,10.5628,10.6612,10.3366,10.5136,7789301,0.8067,10321535390.98,10321535390.98,121.0124,
600267.SH,海正药业,2016-02-29,10.4841,10.5727,9.7563,10.0219,7434308,0.77,9838769469.98,9838769469.98,115.3524,
600267.SH,海正药业,2016-03-01,10.1006,10.3071,9.9137,10.1301,10395542,1.0767,9944977972.6,9944977972.6,116.5976,
600267.SH,海正药业,2016-03-02,10.1793,10.7595,10.1497,10.6907,13567214,1.4052,10495331122.54,10495331122.54,123.0501,
600267.SH,海正药业,2016-03-03,10.6218,10.8775,10.5727,10.6907,8048051,0.8335,10495331122.54,10495331122.54,123.0501,
600267.SH,海正药业,2016-03-04,10.7989,10.7989,10.4546,10.5727,8249209,0.8544,10379467301.5,10379467301.5,121.6916,
600267.SH,海正药业,2016-03-07,10.6808,10.9464,10.6218,10.7595,6686014,0.6925,10562918351.48,10562918351.48,123.8425,
600267.SH,海正药业,2016-03-08,10.7792,10.7792,10.1301,10.612,9893052,1.0246,10418088575.18,10418088575.18,122.1444,
600267.SH,海正药业,2016-03-09,10.376,10.4841,10.1989,10.2284,8365757,0.8664,10041531156.8,10041531156.8,117.7296,
600267.SH,海正药业,2016-03-10,10.3268,10.4448,10.1793,10.2284,6594593,0.683,10041531156.8,10041531156.8,117.7296,
600267.SH,海正药业,2016-03-11,10.1989,10.3563,10.1301,10.2973,4640807,0.4806,10109118385.74,10109118385.74,118.522,
600267.SH,海正药业,2016-03-14,10.376,10.6808,10.3661,10.6415,10623747,1.1003,10447054530.44,10447054530.44,122.4841,
600267.SH,海正药业,2016-03-15,10.5727,10.671,10.3956,10.5136,5825550,0.6034,10321535390.98,10321535390.98,121.0124,
600267.SH,海正药业,2016-03-16,10.5333,10.612,10.3858,10.435,5288595,0.5477,10244292843.62,10244292843.62,120.1068,
600267.SH,海正药业,2016-03-17,10.4546,11.2808,10.4251,11.2119,17863623,1.8501,11007062998.8,11007062998.8,129.0497,
600267.SH,海正药业,2016-03-18,12.0971,12.0971,11.5758,11.743,35177131,3.6433,11528450193.48,11528450193.48,135.1626,
600267.SH,海正药业,2016-03-21,11.7627,12.579,11.6152,12.461,35715766,3.6991,12233288438.14,12233288438.14,143.4263,
600267.SH,海正药业,2016-03-22,12.1758,12.9036,12.1069,12.461,34528300,3.5761,12233288438.14,12233288438.14,143.4263,
600267.SH,海正药业,2016-03-23,12.3725,12.7364,12.2643,12.461,13587095,1.4072,12233288438.14,12233288438.14,143.4263,
600267.SH,海正药业,2016-03-24,12.3135,12.7069,12.2249,12.4118,11657542,1.2074,12185011846.04,12185011846.04,142.8603,
600267.SH,海正药业,2016-03-25,12.3036,12.638,12.3036,12.4315,8545915,0.8851,12204322482.88,12204322482.88,143.0867,
600267.SH,海正药业,2016-03-28,12.4708,13.415,12.4708,13.1003,23002332,2.3823,12860884135.44,12860884135.44,150.7844,
600267.SH,海正药业,2016-03-29,12.9626,13.2675,12.8937,13.1789,12508514,1.2955,12938126682.8,12938126682.8,151.69,
600267.SH,海正药业,2016-03-30,13.2478,13.769,13.1888,13.6412,14860831,1.5391,13391926648.54,13391926648.54,157.0105,
600267.SH,海正药业,2016-03-31,13.5822,13.769,13.2773,13.4642,12793521,1.325,13218130916.98,13218130916.98,154.9729,
600267.SH,海正药业,2016-04-01,13.533,13.5723,12.9232,13.1396,10914364,1.1304,12899505409.12,12899505409.12,151.2372,
600267.SH,海正药业,2016-04-05,13.1789,13.3166,13.0314,13.2675,10575119,1.0953,13025024548.58,13025024548.58,152.7089,
600267.SH,海正药业,2016-04-06,13.2379,13.5232,13.1494,13.5035,8520571,0.8825,13256752190.66,13256752190.66,155.4257,
600267.SH,海正药业,2016-04-07,13.6707,13.769,12.9822,13.0216,11239920,1.1641,12783641588.08,12783641588.08,149.8788,
600267.SH,海正药业,2016-04-08,12.5003,12.9134,12.5003,12.697,9635439,0.9979,12465016080.22,12465016080.22,918.7947,
600267.SH,海正药业,2016-04-11,12.9331,13.1986,12.6872,13.1396,13198951,1.367,12899505409.12,12899505409.12,950.8209,
600267.SH,海正药业,2016-04-12,13.0806,13.1593,12.5692,12.6577,11478156,1.1888,12426394806.54,12426394806.54,915.9479,
600267.SH,海正药业,2016-04-13,12.7659,12.9921,12.5888,12.7855,18050780,1.8695,12551913946,12551913946,925.2,
600267.SH,海正药业,2016-04-14,12.8544,12.9036,12.5692,12.8052,10201276,1.0565,12571224582.84,12571224582.84,926.6234,
600267.SH,海正药业,2016-04-15,12.8249,12.8642,12.6774,12.8544,8724765,0.9036,12619501174.94,12619501174.94,930.1818,
600267.SH,海正药业,2016-04-18,12.7855,12.7855,12.3626,12.4511,11223313,1.1624,12223633119.72,12223633119.72,901.0024,
600267.SH,海正药业,2016-04-19,12.5102,12.5593,12.1856,12.343,11924265,1.235,12117424617.1,12117424617.1,893.1738,
600267.SH,海正药业,2016-04-20,12.3823,12.4118,11.743,11.802,13193300,1.3664,11586382104,11586382104,854.0307,
600267.SH,海正药业,2016-04-21,11.8414,12.0577,11.802,11.9102,6762177,0.7004,11692590606.62,11692590606.62,861.8593,
600267.SH,海正药业,2016-04-22,11.9102,11.9594,11.7234,11.8807,7527266,0.7796,11663624651.36,11663624651.36,859.7242,
600267.SH,海正药业,2016-04-25,11.861,11.9299,11.6348,11.802,5164823,0.5349,11586382104,11586382104,854.0307,
600267.SH,海正药业,2016-04-26,11.7135,12.0381,11.7135,12.0184,4719416,0.4888,11798799109.24,11798799109.24,869.6879,
600267.SH,海正药业,2016-04-27,12.0086,12.1069,11.8709,11.9201,4518526,0.468,11702245925.04,11702245925.04,862.571,
600267.SH,海正药业,2016-04-28,11.9791,12.1069,11.7037,12.0676,4768657,0.4939,11847075701.34,11847075701.34,873.2464,
600267.SH,海正药业,2016-04-29,11.9299,12.0872,11.8905,11.9692,3354905,0.3475,11750522517.14,11750522517.14,805.8674,
600267.SH,海正药业,2016-05-03,11.9987,12.4905,11.9102,12.3725,8699039,0.901,12146390572.36,12146390572.36,833.0167,
600267.SH,海正药业,2016-05-04,12.343,12.402,12.2151,12.3135,4320668,0.4475,12088458661.84,12088458661.84,829.0436,
600267.SH,海正药业,2016-05-05,12.3036,12.3528,12.1364,12.2741,3277474,0.3394,12049837388.16,12049837388.16,826.3949,
600267.SH,海正药业,2016-05-06,12.2151,12.3036,11.6053,11.625,7639847,0.7913,11412586372.44,11412586372.44,782.6913,
600267.SH,海正药业,2016-05-09,11.625,11.625,11.0152,11.1234,8778955,0.9092,10920165133.02,10920165133.02,748.9203,
600267.SH,海正药业,2016-05-10,11.0251,11.2513,11.0251,11.1923,3720642,0.3853,10987752361.96,10987752361.96,753.5556,
600267.SH,海正药业,2016-05-11,11.2414,11.4971,11.0742,11.1431,7332989,0.7595,10939475769.86,10939475769.86,750.2448,
600267.SH,海正药业,2016-05-12,11.0152,11.1529,10.7202,11.1333,5068988,0.525,10929820451.44,10929820451.44,749.5825,
600267.SH,海正药业,2016-05-13,11.0644,11.3103,11.0644,11.2316,4671367,0.4838,11026373635.64,11026373635.64,756.2043,
600267.SH,海正药业,2016-05-16,11.2808,11.4676,11.0841,11.4381,5078638,0.526,11229135322.46,11229135322.46,770.11,
600267.SH,海正药业,2016-05-17,11.3595,11.4873,11.2709,11.3103,5113367,0.5296,11103616183,11103616183,761.5017,
600267.SH,海正药业,2016-05-18,11.2611,11.3595,10.7989,11.0841,5828134,0.6036,10881543859.34,10881543859.34,746.2717,
600267.SH,海正药业,2016-05-19,11.0447,11.2611,10.9661,11.1136,4004113,0.4147,10910509814.6,10910509814.6,748.2582,
600267.SH,海正药业,2016-05-20,11.0939,11.2808,10.9267,11.2709,3182577,0.3296,11064994909.32,11064994909.32,758.853,
600267.SH,海正药业,2016-05-23,11.3303,11.4194,11.1621,11.261,3364233,0.3484,10987752361.96,10987752361.96,753.5556,
600267.SH,海正药业,2016-05-24,11.2907,11.3303,10.984,11.0532,4444338,0.4603,10784990675.14,10784990675.14,739.6499,
600267.SH,海正药业,2016-05-25,11.172,11.2512,10.9147,10.9741,3642888,0.3773,10707748127.78,10707748127.78,734.3525,
600267.SH,海正药业,2016-05-26,10.984,11.1324,10.7663,11.0928,4221271,0.4372,10823611948.82,10823611948.82,742.2986,
600267.SH,海正药业,2016-05-27,11.0433,11.2017,11.0038,11.1225,3714088,0.3847,10852577904.08,10852577904.08,744.2852,
600267.SH,海正药业,2016-05-30,11.0829,11.172,10.9345,11.0335,2411248,0.2497,10765680038.3,10765680038.3,738.3256,
600267.SH,海正药业,2016-05-31,11.0137,11.4392,11.0137,11.4095,11806007,1.2227,11132582138.26,11132582138.26,763.4882,
600267.SH,海正药业,2016-06-01,11.3996,11.5183,11.3798,11.3897,9510605,0.985,11113271501.42,11113271501.42,762.1639,
600267.SH,海正药业,2016-06-02,11.4293,11.5678,11.3699,11.5183,7584317,0.7855,11238790640.88,11238790640.88,770.7722,
600267.SH,海正药业,2016-06-03,11.5282,11.6866,11.4787,11.5579,8699926,0.9011,11277411914.56,11277411914.56,773.4208,
600267.SH,海正药业,2016-06-06,11.5579,11.6371,11.4293,11.4491,6000922,0.6215,11171203411.94,11171203411.94,766.137,
600267.SH,海正药业,2016-06-07,11.4886,11.548,11.2907,11.4095,4075844,0.4221,11132582138.26,11132582138.26,763.4882,
600267.SH,海正药业,2016-06-08,11.36,11.7261,11.2709,11.5975,7960931,0.8245,11316033188.24,11316033188.24,776.0696,
600267.SH,海正药业,2016-06-13,11.459,11.647,11.0928,11.1126,7480081,0.7747,10842922585.66,10842922585.66,743.623,
600267.SH,海正药业,2016-06-14,11.1225,11.459,11.0829,11.4491,6999507,0.7249,11171203411.94,11171203411.94,766.137,
600267.SH,海正药业,2016-06-15,11.3402,11.7954,11.3006,11.7459,7901054,0.8183,11460862964.54,11460862964.54,786.0022,
600267.SH,海正药业,2016-06-16,11.6866,11.7261,11.5777,11.6569,4823863,0.4996,11373965098.76,11373965098.76,780.0426,
600267.SH,海正药业,2016-06-17,11.6767,11.9339,11.6668,11.7162,7408350,0.7673,11431897009.28,11431897009.28,784.0157,
600267.SH,海正药业,2016-06-20,11.6866,12.0923,11.6866,12.023,7124805,0.7379,11731211880.3,11731211880.3,804.5431,
600267.SH,海正药业,2016-06-21,12.0131,12.1121,11.7657,11.9043,5379653,0.5572,11615348059.26,11615348059.26,796.597,
600267.SH,海正药业,2016-06-22,11.8746,12.023,11.7657,12.0032,3913882,0.4054,11711901243.46,11711901243.46,803.2188,
600267.SH,海正药业,2016-06-23,12.0725,12.211,11.8152,11.8449,6871867,0.7117,11557416148.74,11557416148.74,792.624,
600267.SH,海正药业,2016-06-24,11.8845,11.9339,11.3897,11.6272,7711838,0.7987,11344999143.5,11344999143.5,778.0561,
600267.SH,海正药业,2016-06-27,11.6964,11.9735,11.6964,11.835,8021224,0.8308,11547760830.32,11547760830.32,791.9618,
600267.SH,海正药业,2016-06-28,11.835,12.0428,11.7558,12.023,8208524,0.8502,11731211880.3,11731211880.3,804.5431,
600267.SH,海正药业,2016-06-29,12.0527,12.2407,11.9834,12.0032,7446965,0.7713,11711901243.46,11711901243.46,803.2188,
600267.SH,海正药业,2016-06-30,12.023,12.1121,11.9043,12.023,6289293,0.6514,11731211880.3,11731211880.3,804.5431,
600267.SH,海正药业,2016-07-01,12.023,12.1714,11.9636,11.9834,5779413,0.5986,11692590606.62,11692590606.62,801.8944,
600267.SH,海正药业,2016-07-04,11.9933,12.1912,11.9636,12.122,9331934,0.9665,11827765064.5,11827765064.5,811.1649,
600267.SH,海正药业,2016-07-05,12.1318,12.2011,12.0626,12.1121,6967472,0.7216,11818109746.08,11818109746.08,810.5027,
600267.SH,海正药业,2016-07-06,12.0131,12.1615,12.0131,12.1318,6682714,0.6921,11837420382.92,11837420382.92,811.827,
600267.SH,海正药业,2016-07-07,12.1022,12.4188,12.0725,12.2605,16308278,1.689,11962939522.38,11962939522.38,820.4353,
600267.SH,海正药业,2016-07-08,12.2506,12.3199,12.1813,12.1912,7708694,0.7984,11895352293.44,11895352293.44,815.8001,
600267.SH,海正药业,2016-07-11,12.2209,12.4881,12.1516,12.3594,10166179,1.0529,12059492706.58,12059492706.58,827.0571,
600267.SH,海正药业,2016-07-12,12.3495,12.5376,12.2209,12.5178,10978210,1.137,12213977801.3,12213977801.3,837.6519,
600267.SH,海正药业,2016-07-13,12.5376,12.874,12.5178,12.587,9914360,1.0268,12281565030.24,12281565030.24,842.2871,
600267.SH,海正药业,2016-07-14,12.587,12.7454,12.5178,12.7157,6846871,0.7091,12407084169.7,12407084169.7,850.8954,
600267.SH,海正药业,2016-07-15,12.7058,12.7652,12.4485,12.6068,6732406,0.6973,12300875667.08,12300875667.08,843.6115,
600267.SH,海正药业,2016-07-18,12.6167,12.6167,12.3693,12.5376,5548025,0.5746,12233288438.14,12233288438.14,838.9763,
600267.SH,海正药业,2016-07-19,12.6563,12.8245,12.5376,12.6167,6968722,0.7217,12310530985.5,12310530985.5,844.2736,
600267.SH,海正药业,2016-07-20,12.587,12.6761,12.4089,12.4386,8582244,0.8889,12136735253.94,12136735253.94,832.3545,
600267.SH,海正药业,2016-07-21,12.4386,12.5574,12.399,12.4584,4912671,0.5088,12156045890.78,12156045890.78,833.6788,
600267.SH,海正药业,2016-07-22,12.4089,12.4683,12.3001,12.399,5621131,0.5822,12098113980.26,12098113980.26,829.7057,
600267.SH,海正药业,2016-07-25,12.3891,12.4881,12.3397,12.4584,4838280,0.5011,12156045890.78,12156045890.78,833.6788,
600267.SH,海正药业,2016-07-26,12.4386,12.8146,12.3693,12.7355,9964653,1.032,12426394806.54,12426394806.54,852.2197,
600267.SH,海正药业,2016-07-27,12.7355,12.8146,12.122,12.2209,10857015,1.1245,11924318248.7,11924318248.7,817.7866,
600267.SH,海正药业,2016-07-28,12.2308,12.31,12.0329,12.2704,5557142,0.5756,11972594840.8,11972594840.8,821.0975,
600267.SH,海正药业,2016-07-29,12.2605,12.4386,12.2011,12.3001,5683665,0.5887,12001560796.06,12001560796.06,823.084,
600267.SH,海正药业,2016-08-01,12.31,12.3298,11.9537,12.2407,6014779,0.6229,11943628885.54,11943628885.54,819.111,
600267.SH,海正药业,2016-08-02,12.2407,12.498,12.2407,12.4683,5975615,0.6189,12165701209.2,12165701209.2,834.341,
600267.SH,海正药业,2016-08-03,12.5079,12.5475,12.3693,12.4683,3787607,0.3923,12165701209.2,12165701209.2,834.341,
600267.SH,海正药业,2016-08-04,12.3693,12.7157,12.3199,12.6563,7196087,0.7453,12349152259.18,12349152259.18,846.9224,
600267.SH,海正药业,2016-08-05,12.5771,12.7355,12.5574,12.5672,6642118,0.6879,12262254393.4,12262254393.4,840.9628,
600267.SH,海正药业,2016-08-08,12.4782,12.8344,12.4287,12.8146,9407157,0.9743,12503637353.9,12503637353.9,857.5172,
600267.SH,海正药业,2016-08-09,12.7948,13.3787,12.7256,13.1907,18745344,1.9415,12870539453.86,12870539453.86,882.6798,
600267.SH,海正药业,2016-08-10,13.2105,13.5667,13.161,13.4282,17135582,1.7747,13102267095.94,13102267095.94,898.572,
600267.SH,海正药业,2016-08-11,13.4776,13.5073,13.1511,13.1907,9964181,1.032,12870539453.86,12870539453.86,882.6798,
600267.SH,海正药业,2016-08-12,13.2599,13.7745,13.1016,13.6162,13290417,1.3765,13285718145.92,13285718145.92,911.1533,
600267.SH,海正药业,2016-08-15,13.6656,13.7646,13.4183,13.6953,13747576,1.4238,13362960693.28,13362960693.28,916.4507,
600267.SH,海正药业,2016-08-16,13.5568,13.6162,13.2302,13.3193,21535383,2.2304,12996058593.32,12996058593.32,-4563.2949,
600267.SH,海正药业,2016-08-17,13.3886,13.5172,13.1016,13.3094,11587887,1.2002,12986403274.9,12986403274.9,-4559.9043,
600267.SH,海正药业,2016-08-18,13.1907,13.3391,13.1115,13.161,8441277,0.8743,12841573498.6,12841573498.6,-4509.0503,
600267.SH,海正药业,2016-08-19,13.1313,13.3094,13.0422,13.2599,7235372,0.7494,12938126682.8,12938126682.8,-4542.9531,
600267.SH,海正药业,2016-08-22,13.2401,13.2995,13.062,13.1412,4858568,0.5032,12822262861.76,12822262861.76,-4502.27,
600267.SH,海正药业,2016-08-23,13.1115,13.4084,13.062,13.3688,8147333,0.8438,13044335185.42,13044335185.42,-4580.2461,
600267.SH,海正药业,2016-08-24,13.4084,13.537,13.2302,13.4479,13658139,1.4146,13121577732.78,13121577732.78,-4607.3682,
600267.SH,海正药业,2016-08-25,13.4084,13.6063,13.2204,13.6063,8632535,0.8941,13276062827.5,13276062827.5,-4661.6123,
600267.SH,海正药业,2016-08-26,13.5073,14.5364,13.4776,14.0417,21749896,2.2526,13700896837.98,13700896837.98,-4810.7842,
600267.SH,海正药业,2016-08-29,13.9526,14.2,13.6558,14.0417,14748175,1.5275,13700896837.98,13700896837.98,-4810.7842,
600267.SH,海正药业,2016-08-30,13.9526,14.0219,13.725,13.7547,6981065,0.723,13420892603.8,13420892603.8,-4712.4663,
600267.SH,海正药业,2016-08-31,13.7151,13.9031,13.6162,13.7844,5055820,0.5236,13449858559.06,13449858559.06,-4722.6372,
600267.SH,海正药业,2016-09-01,13.8438,13.9526,13.725,13.7943,6206275,0.6428,13459513877.48,13459513877.48,-4726.0273,
600267.SH,海正药业,2016-09-02,13.6558,13.7646,13.537,13.6162,8095118,0.8384,13285718145.92,13285718145.92,-4665.0024,
600267.SH,海正药业,2016-09-05,13.5964,13.6953,13.5568,13.6558,3165424,0.3278,13324339419.6,13324339419.6,-4678.5635,
600267.SH,海正药业,2016-09-06,13.6656,14.3484,13.6063,14.2693,14577760,1.5098,13922969161.64,13922969161.64,-4888.7603,
600267.SH,海正药业,2016-09-07,14.2495,14.4969,14.1208,14.4078,11496034,1.1906,14058143619.52,14058143619.52,-4936.2236,
600267.SH,海正药业,2016-09-08,14.388,14.487,14.2099,14.388,6940029,0.7188,14038832982.68,14038832982.68,-4929.4434,
600267.SH,海正药业,2016-09-09,14.388,14.388,14.388,14.388,--,--,14038832982.68,14038832982.68,-4929.4434,
600267.SH,海正药业,2016-09-12,14.388,14.388,14.388,14.388,--,--,14038832982.68,14038832982.68,-4929.4434,
600267.SH,海正药业,2016-09-13,14.388,14.388,14.388,14.388,--,--,14038832982.68,14038832982.68,-4929.4434,
600267.SH,海正药业,2016-09-14,14.388,14.388,14.388,14.388,--,--,14038832982.68,14038832982.68,-4929.4434,
600267.SH,海正药业,2016-09-19,14.388,14.388,14.388,14.388,--,--,14038832982.68,14038832982.68,-4929.4434,
600267.SH,海正药业,2016-09-20,14.388,14.388,14.388,14.388,--,--,14038832982.68,14038832982.68,-4929.4434,
600267.SH,海正药业,2016-09-21,14.388,14.388,14.388,14.388,--,--,14038832982.68,14038832982.68,-4929.4434,
600267.SH,海正药业,2016-09-22,14.388,14.388,14.388,14.388,--,--,14038832982.68,14038832982.68,-4929.4434,
600267.SH,海正药业,2016-09-23,14.388,14.388,14.388,14.388,--,--,14038832982.68,14038832982.68,-4929.4434,
600267.SH,海正药业,2016-09-26,14.388,14.388,14.388,14.388,--,--,14038832982.68,14038832982.68,-4929.4434,
600267.SH,海正药业,2016-09-27,14.388,14.388,14.388,14.388,--,--,14038832982.68,14038832982.68,-4929.4434,
600267.SH,海正药业,2016-09-28,14.388,14.388,14.388,14.388,--,--,14038832982.68,14038832982.68,-4929.4434,
600267.SH,海正药业,2016-09-29,14.388,14.388,14.388,14.388,--,--,14038832982.68,14038832982.68,-4929.4434,
600267.SH,海正药业,2016-09-30,14.388,14.388,14.388,14.388,--,--,14038832982.68,14038832982.68,-4929.4434,
600267.SH,海正药业,2016-10-10,14.388,14.388,14.388,14.388,--,--,14038832982.68,14038832982.68,-4929.4434,
600267.SH,海正药业,2016-10-11,14.388,14.388,14.388,14.388,--,--,14038832982.68,14038832982.68,-4929.4434,
600267.SH,海正药业,2016-10-12,14.388,14.388,14.388,14.388,--,--,14038832982.68,14038832982.68,-4929.4434,
600267.SH,海正药业,2016-10-13,14.388,14.388,14.388,14.388,--,--,14038832982.68,14038832982.68,-4929.4434,
600267.SH,海正药业,2016-10-14,14.388,14.388,14.388,14.388,--,--,14038832982.68,14038832982.68,-4929.4434,
600267.SH,海正药业,2016-10-17,14.388,14.388,14.388,14.388,--,--,14038832982.68,14038832982.68,-4929.4434,
600267.SH,海正药业,2016-10-18,14.8432,14.9224,14.3385,14.3979,46181956,4.7831,14048488301.1,14048488301.1,-4932.8335,
600267.SH,海正药业,2016-10-19,14.3484,14.5068,14.0516,14.1406,20853803,2.1598,13797450022.18,13797450022.18,-4844.6865,
600267.SH,海正药业,2016-10-20,14.2594,14.7047,14.2594,14.4672,16055054,1.6628,14116075530.04,14116075530.04,-4956.5654,
600267.SH,海正药业,2016-10-21,14.3583,14.487,14.0021,14.2297,9101602,0.9427,13884347887.96,13884347887.96,-4875.1987,
600267.SH,海正药业,2016-10-24,14.299,14.5068,14.1505,14.2693,9472629,0.9811,13922969161.64,13922969161.64,-4888.7603,
600267.SH,海正药业,2016-10-25,14.3484,14.3484,14.0516,14.101,7501408,0.7769,13758828748.5,13758828748.5,-4831.1255,
600267.SH,海正药业,2016-10-26,14.1307,14.487,14.0318,14.3484,10121960,1.0483,14000211709,14000211709,-4915.8823,
600267.SH,海正药业,2016-10-27,14.3682,14.3781,14.0516,14.1604,8026953,0.8314,13816760659.02,13816760659.02,-4851.4673,
600267.SH,海正药业,2016-10-28,14.101,14.2396,13.9625,14.0615,5671873,0.5874,13720207474.82,13720207474.82,-4817.5645,
600267.SH,海正药业,2016-10-31,14.1109,14.2,13.9724,14.1901,3729111,0.3862,13845726614.28,13845726614.28,344.9394,
600267.SH,海正药业,2016-11-01,14.2396,14.2792,14.0912,14.1406,4697237,0.4865,13797450022.18,13797450022.18,343.7366,
600267.SH,海正药业,2016-11-02,14.1901,14.4078,14.0912,14.2594,8208539,0.8502,13913313843.22,13913313843.22,346.6232,
600267.SH,海正药业,2016-11-03,14.2495,14.4573,14.1703,14.2891,7631384,0.7904,13942279798.48,13942279798.48,347.3448,
600267.SH,海正药业,2016-11-04,14.3385,14.4969,14.2099,14.3089,5043736,0.5224,13961590435.32,13961590435.32,347.8259,
600267.SH,海正药业,2016-11-07,14.3385,14.4177,14.0021,14.0912,8442648,0.8744,13749173430.08,13749173430.08,342.5339,
600267.SH,海正药业,2016-11-08,14.1505,14.1901,14.0219,14.0318,4886479,0.5061,13691241519.56,13691241519.56,341.0907,
600267.SH,海正药业,2016-11-09,14.0813,14.0813,13.6558,13.9427,7578835,0.7849,13604343653.78,13604343653.78,338.9258,
600267.SH,海正药业,2016-11-10,14.0021,14.1604,13.824,13.9625,10747406,1.1131,13623654290.62,13623654290.62,339.4069,
600267.SH,海正药业,2016-11-11,13.9427,14.0516,13.7052,13.8339,11860153,1.2284,13498135151.16,13498135151.16,336.2798,
600267.SH,海正药业,2016-11-14,13.6656,13.9031,13.6558,13.725,9959607,1.0315,13391926648.54,13391926648.54,333.6338,
600267.SH,海正药业,2016-11-15,13.7349,13.9724,13.725,13.8833,7090320,0.7343,13546411743.26,13546411743.26,337.4825,
600267.SH,海正药业,2016-11-16,13.8833,13.8833,13.8833,13.8833,--,--,13546411743.26,13546411743.26,337.4825,
600267.SH,海正药业,2016-11-17,13.8833,13.8833,13.8833,13.8833,--,--,13546411743.26,13546411743.26,337.4825,
600267.SH,海正药业,2016-11-18,13.8833,13.8833,13.8833,13.8833,--,--,13546411743.26,13546411743.26,337.4825,
600267.SH,海正药业,2016-11-21,13.5172,13.9526,13.4677,13.725,13102518,1.357,13391926648.54,13391926648.54,333.6338,
600267.SH,海正药业,2016-11-22,13.6953,14.0318,13.6656,13.8636,11567053,1.198,13527101106.42,13527101106.42,337.0014,
600267.SH,海正药业,2016-11-23,13.8735,13.9427,13.6558,13.7943,4366720,0.4523,13459513877.48,13459513877.48,335.3176,
600267.SH,海正药业,2016-11-24,13.7547,13.824,13.4578,13.5172,7010195,0.726,13189164961.72,13189164961.72,328.5824,
600267.SH,海正药业,2016-11-25,13.5271,13.636,13.2599,13.4183,6260469,0.6484,13092611777.52,13092611777.52,326.177,
600267.SH,海正药业,2016-11-28,13.4183,13.7943,13.4183,13.6162,10146382,1.0509,13285718145.92,13285718145.92,330.9878,
600267.SH,海正药业,2016-11-29,13.537,13.7349,13.4381,13.537,8274122,0.8569,13208475598.56,13208475598.56,329.0635,
600267.SH,海正药业,2016-11-30,13.5568,13.5667,13.25,13.4776,7157953,0.7413,13150543688.04,13150543688.04,327.6202,
600267.SH,海正药业,2016-12-01,13.4381,13.5865,13.3391,13.5568,6145008,0.6364,13227786235.4,13227786235.4,329.5446,
600267.SH,海正药业,2016-12-02,13.4776,13.5271,13.2599,13.3391,5610178,0.581,13015369230.16,13015369230.16,324.2526,
600267.SH,海正药业,2016-12-05,13.1709,13.2302,12.9532,13.1214,9473384,0.9812,12802952224.92,12802952224.92,318.9607,
600267.SH,海正药业,2016-12-06,13.1214,13.2995,13.0224,13.2599,4408546,0.4566,12938126682.8,12938126682.8,322.3283,
600267.SH,海正药业,2016-12-07,13.2797,13.5073,13.2302,13.4677,7192202,0.7449,13140888369.62,13140888369.62,327.3797,
600267.SH,海正药业,2016-12-08,13.4578,13.5073,13.2896,13.3688,2867437,0.297,13044335185.42,13044335185.42,324.9742,
600267.SH,海正药业,2016-12-09,13.3193,13.4381,13.2599,13.3391,2294210,0.2376,13015369230.16,13015369230.16,324.2526,
600267.SH,海正药业,2016-12-12,13.2599,13.3391,12.8839,13.0422,4748396,0.4918,12725709677.56,12725709677.56,317.0363,
600267.SH,海正药业,2016-12-13,13.0422,13.1511,12.7652,13.0125,5303100,0.5492,12696743722.3,12696743722.3,316.3147,
600267.SH,海正药业,2016-12-14,13.0027,13.1016,12.8443,13.0323,3905781,0.4045,12716054359.14,12716054359.14,316.7958,
600267.SH,海正药业,2016-12-15,12.9037,13.0917,12.874,12.9928,3661922,0.3793,12677433085.46,12677433085.46,315.8336,
600267.SH,海正药业,2016-12-16,13.1016,13.1412,12.9631,13.1214,2564983,0.2657,12802952224.92,12802952224.92,318.9607,
600267.SH,海正药业,2016-12-19,13.062,13.1016,12.9829,13.062,2568987,0.2661,12745020314.4,12745020314.4,317.5174,
600267.SH,海正药业,2016-12-20,13.0224,13.1709,12.9235,13.1511,2834774,0.2936,12831918180.18,12831918180.18,319.6823,
600267.SH,海正药业,2016-12-21,13.1214,13.2995,13.0521,13.2599,6871149,0.7116,12938126682.8,12938126682.8,322.3283,
600267.SH,海正药业,2016-12-22,13.2302,13.3589,13.1709,13.349,2825867,0.2927,13025024548.58,13025024548.58,324.4932,
600267.SH,海正药业,2016-12-23,13.349,13.3688,13.1709,13.3094,2190434,0.2269,12986403274.9,12986403274.9,323.531,
600267.SH,海正药业,2016-12-26,13.2698,13.3391,13.0224,13.3292,2424474,0.2511,13005713911.74,13005713911.74,324.0121,
600267.SH,海正药业,2016-12-27,13.2599,13.3391,13.2105,13.2599,1495189,0.1549,12938126682.8,12938126682.8,322.3283,
600267.SH,海正药业,2016-12-28,13.1907,13.2797,13.1115,13.1214,2054137,0.2127,12802952224.92,12802952224.92,318.9607,
600267.SH,海正药业,2016-12-29,13.1214,13.161,12.9136,13.0422,3406301,0.3528,12725709677.56,12725709677.56,317.0363,
600267.SH,海正药业,2016-12-30,12.973,13.0818,12.9631,13.0125,2405560,0.2491,12696743722.3,12696743722.3,316.3147,
600267.SH,海正药业,2017-01-03,13.0125,13.2599,13.0125,13.1511,2720218,0.2817,12831918180.18,12831918180.18,319.6823,
600267.SH,海正药业,2017-01-04,13.0719,13.4282,13.0719,13.3589,6151027,0.6371,13034679867,13034679867,324.7337,
600267.SH,海正药业,2017-01-05,13.3589,13.537,13.2995,13.4578,5796214,0.6003,13131233051.2,13131233051.2,327.1391,
600267.SH,海正药业,2017-01-06,13.4578,13.5073,13.3292,13.349,2389737,0.2475,13025024548.58,13025024548.58,324.4932,
600267.SH,海正药业,2017-01-09,13.3292,13.6063,13.3292,13.4381,4759677,0.493,13111922414.36,13111922414.36,326.6581,
600267.SH,海正药业,2017-01-10,13.4974,13.6162,13.4479,13.5073,5517846,0.5715,13179509643.3,13179509643.3,328.3419,
600267.SH,海正药业,2017-01-11,13.5073,13.7547,13.3688,13.5667,5472908,0.5668,13237441553.82,13237441553.82,329.7851,
600267.SH,海正药业,2017-01-12,13.5073,13.7151,13.4578,13.537,4053941,0.4199,13208475598.56,13208475598.56,329.0635,
600267.SH,海正药业,2017-01-13,13.5469,13.5568,13.1511,13.3094,4928069,0.5104,12986403274.9,12986403274.9,323.531,
600267.SH,海正药业,2017-01-16,13.25,13.3391,13.0323,13.1808,5823753,0.6032,12860884135.44,12860884135.44,320.4039,
600267.SH,海正药业,2017-01-17,13.1313,13.1907,12.8146,13.0224,6771795,0.7014,12706399040.72,12706399040.72,316.5552,
600267.SH,海正药业,2017-01-18,13.0224,13.2302,12.9532,13.1115,2987648,0.3094,12793296906.5,12793296906.5,318.7201,
600267.SH,海正药业,2017-01-19,13.1214,13.2896,12.9631,13.0422,3856580,0.3994,12725709677.56,12725709677.56,317.0363,
600267.SH,海正药业,2017-01-20,13.1511,13.4974,13.1016,13.4183,5726910,0.5931,13092611777.52,13092611777.52,326.177,
600267.SH,海正药业,2017-01-23,13.3886,13.4974,13.3886,13.4677,3635479,0.3765,13140888369.62,13140888369.62,327.3797,
600267.SH,海正药业,2017-01-24,13.4578,13.5271,13.4282,13.4479,2046908,0.212,13121577732.78,13121577732.78,326.8986,
600267.SH,海正药业,2017-01-25,13.537,13.7745,13.4974,13.7745,6591745,0.6827,13440203240.64,13440203240.64,334.8365,
600267.SH,海正药业,2017-01-26,13.6953,14.1307,13.6953,13.8833,5596635,0.5796,13546411743.26,13546411743.26,337.4825,
600267.SH,海正药业,2017-02-03,13.8537,13.9625,13.4282,13.4381,8311325,0.8608,13111922414.36,13111922414.36,326.6581,
600267.SH,海正药业,2017-02-06,13.5271,13.5766,13.3391,13.5271,5866752,0.6076,13198820280.14,13198820280.14,328.8229,
600267.SH,海正药业,2017-02-07,13.4875,13.7052,13.4677,13.5568,5519297,0.5716,13227786235.4,13227786235.4,329.5446,
600267.SH,海正药业,2017-02-08,13.5667,13.6854,13.4578,13.6459,2601330,0.2694,13314684101.18,13314684101.18,331.7095,
600267.SH,海正药业,2017-02-09,13.5865,13.7151,13.5865,13.6656,3964303,0.4106,13333994738.02,13333994738.02,332.1906,
600267.SH,海正药业,2017-02-10,13.6558,13.6953,13.4776,13.5766,4980732,0.5159,13247096872.24,13247096872.24,330.0257,
600267.SH,海正药业,2017-02-13,13.5667,13.7547,13.5667,13.6558,4997774,0.5176,13324339419.6,13324339419.6,331.95,
600267.SH,海正药业,2017-02-14,13.6953,13.6953,13.4578,13.537,4755661,0.4925,13208475598.56,13208475598.56,329.0635,
600267.SH,海正药业,2017-02-15,13.5667,13.6558,13.3688,13.3985,4853573,0.5027,13073301140.68,13073301140.68,325.6959,
600267.SH,海正药业,2017-02-16,13.3787,13.4578,13.3292,13.4479,3565371,0.3693,13121577732.78,13121577732.78,326.8986,
600267.SH,海正药业,2017-02-17,13.4183,13.4776,13.2401,13.2599,3325463,0.3444,12938126682.8,12938126682.8,322.3283,
600267.SH,海正药业,2017-02-20,13.2204,13.3292,13.1412,13.2302,5754350,0.596,12909160727.54,12909160727.54,321.6066,
600267.SH,海正药业,2017-02-21,13.2401,13.3094,13.161,13.2896,7628489,0.7901,12967092638.06,12967092638.06,323.0499,
600267.SH,海正药业,2017-02-22,13.2896,13.3292,13.0422,13.1709,8354424,0.8653,12851228817.02,12851228817.02,320.1634,
600267.SH,海正药业,2017-02-23,13.161,13.725,13.1115,13.5865,21956153,2.274,13256752190.66,13256752190.66,330.2662,
600267.SH,海正药业,2017-02-24,13.9031,14.0813,13.6558,13.725,28441763,2.9457,13391926648.54,13391926648.54,333.6338,
600267.SH,海正药业,2017-02-27,13.7151,13.8438,13.5964,13.7052,10374419,1.0745,13372616011.7,13372616011.7,333.1527,
600267.SH,海正药业,2017-02-28,13.7547,13.8042,13.6063,13.6854,5681889,0.5885,13353305374.86,13353305374.86,332.6716,
600267.SH,海正药业,2017-03-01,13.7448,13.913,13.6558,13.725,9339542,0.9673,13391926648.54,13391926648.54,333.6338,
600267.SH,海正药业,2017-03-02,13.7448,13.7745,13.5964,13.6755,5211303,0.5397,13343650056.44,13343650056.44,332.4311,
600267.SH,海正药业,2017-03-03,13.6261,13.7349,13.5172,13.6162,5650320,0.5852,13285718145.92,13285718145.92,330.9878,
600267.SH,海正药业,2017-03-06,13.6755,13.7646,13.5964,13.7448,6345090,0.6572,13411237285.38,13411237285.38,334.1149,
600267.SH,海正药业,2017-03-07,13.7052,13.7646,13.5568,13.6656,6517382,0.675,13333994738.02,13333994738.02,332.1906,
600267.SH,海正药业,2017-03-08,13.6656,13.6755,13.4875,13.4974,6400444,0.6629,13169854324.88,13169854324.88,328.1013,
600267.SH,海正药业,2017-03-09,13.4974,13.5469,13.3094,13.3787,5530712,0.5728,13053990503.84,13053990503.84,325.2148,
600267.SH,海正药业,2017-03-10,13.3886,13.4183,13.25,13.2797,5659894,0.5862,12957437319.64,12957437319.64,322.8094,
600267.SH,海正药业,2017-03-13,13.25,13.5865,13.1808,13.4381,7660416,0.7934,13111922414.36,13111922414.36,326.6581,
600267.SH,海正药业,2017-03-14,13.4479,13.6063,13.4084,13.4974,4804403,0.4976,13169854324.88,13169854324.88,328.1013,
600267.SH,海正药业,2017-03-15,13.5271,13.5469,13.3985,13.4974,5974397,0.6188,13169854324.88,13169854324.88,328.1013,
600267.SH,海正药业,2017-03-16,13.4974,13.6063,13.4578,13.5865,6653645,0.6891,13256752190.66,13256752190.66,330.2662,
600267.SH,海正药业,2017-03-17,13.5964,13.6261,13.4282,13.4479,4397315,0.4554,13121577732.78,13121577732.78,326.8986,
600267.SH,海正药业,2017-03-20,13.4282,13.6656,13.3985,13.6459,6372989,0.66,13314684101.18,13314684101.18,331.7095,
600267.SH,海正药业,2017-03-21,13.6162,13.8438,13.6063,13.7448,8534716,0.8839,13411237285.38,13411237285.38,334.1149,
600267.SH,海正药业,2017-03-22,13.6558,13.8042,13.5766,13.7547,6733076,0.6973,13420892603.8,13420892603.8,334.3554,
600267.SH,海正药业,2017-03-23,13.7547,13.7745,13.4282,13.5469,8173977,0.8466,13218130916.98,13218130916.98,329.304,
600267.SH,海正药业,2017-03-24,13.5865,13.5964,13.3589,13.4677,5873609,0.6083,13140888369.62,13140888369.62,327.3797,
600267.SH,海正药业,2017-03-27,13.4578,13.5469,13.4282,13.5172,3865910,0.4004,13189164961.72,13189164961.72,328.5824,
600267.SH,海正药业,2017-03-28,13.5073,13.6656,13.4776,13.5766,4039160,0.4183,13247096872.24,13247096872.24,330.0257,
600267.SH,海正药业,2017-03-29,13.3391,13.4084,12.9433,13.0818,20297015,2.1022,12764330951.24,12764330951.24,317.9985,
600267.SH,海正药业,2017-03-30,13.0521,13.0521,12.7553,12.8344,9283794,0.9615,12522947990.74,12522947990.74,311.9849,
600267.SH,海正药业,2017-03-31,12.8641,12.9631,12.7355,12.8542,5721220,0.5925,12542258627.58,12542258627.58,312.466,
600267.SH,海正药业,2017-04-05,12.8443,12.9433,12.7256,12.874,9138751,0.9465,12561569264.42,12561569264.42,312.9471,
600267.SH,海正药业,2017-04-06,12.9037,12.973,12.8245,12.9334,5246321,0.5434,12619501174.94,12619501174.94,314.3903,
600267.SH,海正药业,2017-04-07,12.8443,12.8938,12.7454,12.8443,5892436,0.6103,12532603309.16,12532603309.16,312.2254,
600267.SH,海正药业,2017-04-10,13.3193,13.5172,13.0818,13.0917,16873975,1.7476,12773986269.66,12773986269.66,318.239,
600267.SH,海正药业,2017-04-11,13.062,13.2204,12.8938,13.1016,11037952,1.1432,12783641588.08,12783641588.08,318.4796,
600267.SH,海正药业,2017-04-12,13.161,13.2105,13.062,13.0818,5922753,0.6134,12764330951.24,12764330951.24,317.9985,
600267.SH,海正药业,2017-04-13,13.0917,13.3589,13.0323,13.1214,5341993,0.5533,12802952224.92,12802952224.92,318.9607,
600267.SH,海正药业,2017-04-14,13.1214,13.2797,12.9433,13.0323,5008930,0.5188,12716054359.14,12716054359.14,316.7958,
600267.SH,海正药业,2017-04-17,13.0224,13.1412,12.8641,13.0719,6140103,0.6359,12754675632.82,12754675632.82,317.7579,
600267.SH,海正药业,2017-04-18,13.062,13.1412,12.9928,13.0422,6261442,0.6485,12725709677.56,12725709677.56,-134.7662,
600267.SH,海正药业,2017-04-19,12.9631,13.1214,12.7256,12.9334,7473970,0.7741,12619501174.94,12619501174.94,-133.6414,
600267.SH,海正药业,2017-04-20,12.8641,12.9136,12.7454,12.7948,4918606,0.5094,12484326717.06,12484326717.06,-132.2099,
600267.SH,海正药业,2017-04-21,12.7652,12.9037,12.6167,12.6365,4172747,0.4322,12329841622.34,12329841622.34,-130.5739,
600267.SH,海正药业,2017-04-24,12.686,12.7058,12.3199,12.4188,4610703,0.4775,12117424617.1,12117424617.1,-128.3244,
600267.SH,海正药业,2017-04-25,12.4485,12.5672,12.2209,12.399,6415302,0.6644,12098113980.26,12098113980.26,-128.1199,
600267.SH,海正药业,2017-04-26,12.2704,12.3397,11.9933,12.2605,9070111,0.9394,11962939522.38,11962939522.38,-126.6884,
600267.SH,海正药业,2017-04-27,12.2011,12.4287,12.0824,12.3495,5922527,0.6134,12049837388.16,12049837388.16,-127.6087,
600267.SH,海正药业,2017-04-28,12.3298,12.3792,12.2011,12.3199,3458783,0.3582,12020871432.9,12020871432.9,-128.3339,
600267.SH,海正药业,2017-05-02,12.2704,12.399,12.2704,12.3693,2023923,0.2096,12069148025,12069148025,-128.8493,
600267.SH,海正药业,2017-05-03,12.3693,12.5178,12.2803,12.3001,3844054,0.3981,12001560796.06,12001560796.06,-128.1277,
600267.SH,海正药业,2017-05-04,12.3001,12.498,12.2605,12.3397,3020838,0.3129,12040182069.74,12040182069.74,-128.5401,
600267.SH,海正药业,2017-05-05,12.3397,12.4089,12.122,12.1417,3800483,0.3936,11847075701.34,11847075701.34,-126.4785,
600267.SH,海正药业,2017-05-08,12.0725,12.1714,11.736,11.8746,5290899,0.548,11586382104,11586382104,-123.6953,
600267.SH,海正药业,2017-05-09,11.8152,11.8845,11.5579,11.6767,4521116,0.4683,11393275735.6,11393275735.6,-121.6337,
600267.SH,海正药业,2017-05-10,11.6964,11.8152,11.2116,11.3105,5673729,0.5876,11036028954.06,11036028954.06,-117.8198,
600267.SH,海正药业,2017-05-11,11.2808,11.36,11.0433,11.2116,4838616,0.5011,10939475769.86,10939475769.86,-116.789,
600267.SH,海正药业,2017-05-12,11.2314,11.4886,11.1621,11.3798,4474523,0.4634,11103616183,11103616183,-118.5414,
600267.SH,海正药业,2017-05-15,11.3699,11.5282,11.3105,11.3105,2043926,0.2117,11036028954.06,11036028954.06,-117.8198,
600267.SH,海正药业,2017-05-16,11.3006,11.6668,11.3006,11.6371,3467004,0.3591,11354654461.92,11354654461.92,-121.2214,
600267.SH,海正药业,2017-05-17,11.548,11.6767,11.548,11.5876,2816773,0.2917,11306377869.82,11306377869.82,-120.706,
600267.SH,海正药业,2017-05-18,11.5975,11.647,11.36,11.3996,3668380,0.3799,11122926819.84,11122926819.84,-118.7475,
600267.SH,海正药业,2017-05-19,11.459,11.459,11.1819,11.2907,3717631,0.385,11016718317.22,11016718317.22,-117.6136,
600267.SH,海正药业,2017-05-22,11.3303,11.3402,10.796,10.8553,9324782,0.9658,10591884306.74,10591884306.74,-113.0781,
600267.SH,海正药业,2017-05-23,10.697,10.8652,10.5288,10.7366,6409985,0.6639,10476020485.7,10476020485.7,-111.8412,
600267.SH,海正药业,2017-05-24,10.7465,10.9444,10.5288,10.8059,4356895,0.4512,10543607714.64,10543607714.64,-112.5627,
600267.SH,海正药业,2017-05-25,10.796,10.9543,10.6475,10.9147,4613319,0.4778,10649816217.26,10649816217.26,-113.6966,
600267.SH,海正药业,2017-05-26,10.9147,10.9543,10.6772,10.7564,6153972,0.6374,10495331122.54,10495331122.54,-112.0473,
600267.SH,海正药业,2017-05-31,10.8256,10.8949,10.5981,10.6079,6533290,0.6767,10350501346.24,10350501346.24,-110.5012,
600267.SH,海正药业,2017-06-01,10.6079,10.6376,10.2022,10.3705,11493327,1.1904,10118773704.16,10118773704.16,-108.0272,
600267.SH,海正药业,2017-06-02,10.3309,10.4397,10.133,10.3705,5538417,0.5736,10118773704.16,10118773704.16,-108.0272,
600267.SH,海正药业,2017-06-05,10.4496,10.6376,10.4397,10.5585,5999742,0.6214,10302224754.14,10302224754.14,-109.9858,
600267.SH,海正药业,2017-06-06,10.5882,10.6574,10.4991,10.6178,2960971,0.3067,10360156664.66,10360156664.66,-110.6042,
600267.SH,海正药业,2017-06-07,10.6277,10.885,10.5585,10.885,5247074,0.5434,10620850262,10620850262,-113.3874,
600267.SH,海正药业,2017-06-08,10.8652,10.885,10.7861,10.8256,2654121,0.2749,10562918351.48,10562918351.48,-112.7689,
600267.SH,海正药业,2017-06-09,10.8553,11.0335,10.8158,10.9642,5200687,0.5386,10698092809.36,10698092809.36,-114.212,
600267.SH,海正药业,2017-06-12,10.9642,11.0433,10.7663,10.8454,3962144,0.4104,10582228988.32,10582228988.32,-112.9751,
600267.SH,海正药业,2017-06-13,10.8454,10.885,10.6871,10.8751,3762598,0.3897,10611194943.58,10611194943.58,-113.2843,
600267.SH,海正药业,2017-06-14,10.8158,10.9345,10.7762,10.8553,2682414,0.2778,10591884306.74,10591884306.74,-113.0781,
600267.SH,海正药业,2017-06-15,10.8652,11.0532,10.8355,11.0236,4407342,0.4565,10756024719.88,10756024719.88,-114.8305,
600267.SH,海正药业,2017-06-16,11.0236,11.0433,10.9246,10.9345,2068097,0.2142,10669126854.1,10669126854.1,-113.9028,
600267.SH,海正药业,2017-06-19,10.9345,11.2314,10.9345,11.073,4168737,0.4318,10804301311.98,10804301311.98,-115.3459,
600267.SH,海正药业,2017-06-20,11.0631,11.1819,11.0532,11.1225,3166823,0.328,10852577904.08,10852577904.08,-115.8613,
600267.SH,海正药业,2017-06-21,11.172,11.2116,11.0631,11.2017,3678627,0.381,10929820451.44,10929820451.44,-116.6859,
600267.SH,海正药业,2017-06-22,11.1621,11.6668,11.1621,11.3501,8082868,0.8371,11074650227.74,11074650227.74,-118.2321,
600267.SH,海正药业,2017-06-23,11.2808,11.5975,11.2314,11.4886,6978708,0.7228,11209824685.62,11209824685.62,-119.6752,
600267.SH,海正药业,2017-06-26,11.647,11.647,11.4293,11.5381,6921387,0.7168,11258101277.72,11258101277.72,-120.1906,
600267.SH,海正药业,2017-06-27,11.4886,11.835,11.4886,11.7459,6280608,0.6505,11460862964.54,11460862964.54,-122.3553,
600267.SH,海正药业,2017-06-28,11.736,11.7954,11.5183,11.6173,4283213,0.4436,11335343825.08,11335343825.08,-121.0153,
600267.SH,海正药业,2017-06-29,11.5777,11.6668,11.459,11.5084,4574210,0.4738,11229135322.46,11229135322.46,-119.8814,
600267.SH,海正药业,2017-06-30,11.5084,11.5777,11.4095,11.5579,3147271,0.326,11277411914.56,11277411914.56,-120.3968,
600267.SH,海正药业,2017-07-03,11.5579,11.8449,11.5183,11.7855,5642963,0.5844,11499484238.22,11499484238.22,-122.7676,
600267.SH,海正药业,2017-07-04,11.736,12.023,11.7063,11.9834,5576984,0.5776,11692590606.62,11692590606.62,-124.8292,
600267.SH,海正药业,2017-07-05,11.9834,12.0428,11.8944,12.0032,3764696,0.3899,11711901243.46,11711901243.46,-125.0354,
600267.SH,海正药业,2017-07-06,12.023,12.1121,11.7756,11.8449,5047856,0.5228,11557416148.74,11557416148.74,-123.3861,
600267.SH,海正药业,2017-07-07,11.8449,11.8648,11.6561,11.7554,5176352,0.5361,11422241690.86,11422241690.86,-121.943,
600267.SH,海正药业,2017-07-10,11.7654,12.2622,11.7058,12.2026,9955816,1.0311,11856731019.76,11856731019.76,-126.5815,
600267.SH,海正药业,2017-07-11,12.2125,12.2225,11.9939,12.1132,4368175,0.4524,11769833153.98,11769833153.98,-125.6538,
600267.SH,海正药业,2017-07-12,12.1231,12.302,11.9641,12.0834,4488986,0.4649,11740867198.72,11740867198.72,-125.3446,
600267.SH,海正药业,2017-07-13,12.0734,12.2026,12.0039,12.1032,1939055,0.2008,11760177835.56,11760177835.56,-125.5508,
600267.SH,海正药业,2017-07-14,12.1032,12.1132,11.9443,11.9741,2317300,0.24,11634658696.1,11634658696.1,-124.2107,
600267.SH,海正药业,2017-07-17,11.9343,11.9343,11.4275,11.4673,6910972,0.7158,11142237456.68,11142237456.68,-118.9537,
600267.SH,海正药业,2017-07-18,11.5468,11.8151,11.4275,11.7853,4874015,0.5048,11451207646.12,11451207646.12,-122.2522,
600267.SH,海正药业,2017-07-19,11.7952,12.1529,11.7356,12.1331,4249229,0.4401,11789143790.82,11789143790.82,-125.86,
600267.SH,海正药业,2017-07-20,12.1529,12.1728,12.0039,12.0635,2804318,0.2904,11721556561.88,11721556561.88,-125.1384,
600267.SH,海正药业,2017-07-21,12.0734,12.1032,11.9939,12.0734,2209705,0.2289,11731211880.3,11731211880.3,-125.2415,
600267.SH,海正药业,2017-07-24,12.0237,12.4212,11.984,12.3715,5599317,0.5799,12020871432.9,12020871432.9,-128.3339,
600267.SH,海正药业,2017-07-25,12.4212,12.5007,12.1728,12.2324,4136112,0.4284,11885696975.02,11885696975.02,-126.8908,
600267.SH,海正药业,2017-07-26,12.2225,12.3517,11.9939,12.0635,4255633,0.4408,11721556561.88,11721556561.88,-125.1384,
600267.SH,海正药业,2017-07-27,12.1231,12.2424,12.0237,12.2026,2680838,0.2777,11856731019.76,11856731019.76,-126.5815,
600267.SH,海正药业,2017-07-28,12.1629,12.2424,12.1132,12.1529,2180499,0.2258,11808454427.66,11808454427.66,-126.0661,
600267.SH,海正药业,2017-07-31,12.1927,12.5206,12.0734,12.4212,4104106,0.4251,12069148025,12069148025,-128.8493,
600267.SH,海正药业,2017-08-01,12.292,12.5902,12.292,12.5802,4332599,0.4487,12223633119.72,12223633119.72,-130.4986,
600267.SH,海正药业,2017-08-02,12.5305,12.5405,12.3219,12.3616,3874673,0.4013,12011216114.48,12011216114.48,-128.2308,
600267.SH,海正药业,2017-08-03,12.3914,12.4212,12.2324,12.292,3109079,0.322,11943628885.54,11943628885.54,-127.5093,
600267.SH,海正药业,2017-08-04,12.2622,12.5206,12.1728,12.3715,3008696,0.3116,12020871432.9,12020871432.9,-128.3339,
600267.SH,海正药业,2017-08-07,12.2722,12.5802,12.2722,12.4808,2986355,0.3093,12127079935.52,12127079935.52,-129.4678,
600267.SH,海正药业,2017-08-08,12.5305,12.5405,12.2722,12.3616,4240561,0.4392,12011216114.48,12011216114.48,-128.2308,
600267.SH,海正药业,2017-08-09,12.302,12.4411,12.2324,12.4113,3085483,0.3196,12059492706.58,12059492706.58,-128.7462,
600267.SH,海正药业,2017-08-10,12.4014,12.5107,12.2026,12.2622,3164800,0.3278,11914662930.28,11914662930.28,-127.2,
600267.SH,海正药业,2017-08-11,12.2026,12.3219,12.0039,12.1032,3393306,0.3514,11760177835.56,11760177835.56,-125.5508,
600267.SH,海正药业,2017-08-14,12.1331,12.4113,12.1032,12.3815,3557459,0.3684,12030526751.32,12030526751.32,-128.437,
600267.SH,海正药业,2017-08-15,12.3715,12.4808,12.3219,12.3715,2403020,0.2489,12020871432.9,12020871432.9,-128.3339,
600267.SH,海正药业,2017-08-16,12.3219,12.4113,12.2225,12.3914,2931200,0.3036,12040182069.74,12040182069.74,-128.5401,
600267.SH,海正药业,2017-08-17,12.5007,12.8883,12.4212,12.8088,8161897,0.8453,12445705443.38,12445705443.38,-132.8694,
600267.SH,海正药业,2017-08-18,12.7988,12.928,12.7193,12.7591,3410196,0.3532,12397428851.28,12397428851.28,-132.354,
600267.SH,海正药业,2017-08-21,12.8485,13.0373,12.7392,12.7988,3982689,0.4125,12436050124.96,12436050124.96,-132.7663,
600267.SH,海正药业,2017-08-22,12.6696,13.0969,12.6398,12.9479,7408451,0.7673,12580879901.26,12580879901.26,-124.2363,
600267.SH,海正药业,2017-08-23,12.8286,12.9181,12.7293,12.7889,4081299,0.4227,12426394806.54,12426394806.54,-122.7108,
600267.SH,海正药业,2017-08-24,12.7591,12.8485,12.5802,12.6299,3317400,0.3436,12271909711.82,12271909711.82,-121.1853,
600267.SH,海正药业,2017-08-25,12.6597,12.769,12.5703,12.769,5135505,0.5319,12407084169.7,12407084169.7,-122.5201,
600267.SH,海正药业,2017-08-28,12.7591,13.0572,12.6597,12.8883,6330400,0.6556,12522947990.74,12522947990.74,-123.6643,
600267.SH,海正药业,2017-08-29,12.8187,12.8585,12.5802,12.7591,5945537,0.6158,12397428851.28,12397428851.28,-122.4248,
600267.SH,海正药业,2017-08-30,12.7591,12.769,12.4808,12.6498,7102271,0.7356,12291220348.66,12291220348.66,-121.376,
600267.SH,海正药业,2017-08-31,12.6001,12.6597,12.4113,12.5007,6156770,0.6377,12146390572.36,12146390572.36,-119.9458,
600267.SH,海正药业,2017-09-01,12.5007,12.5802,12.1728,12.2424,8082526,0.8371,11895352293.44,11895352293.44,-117.4668,
600267.SH,海正药业,2017-09-04,12.2125,12.3119,12.1032,12.2424,4404978,0.4562,11895352293.44,11895352293.44,-117.4668,
600267.SH,海正药业,2017-09-05,12.2424,12.2821,12.1331,12.2125,3038455,0.3147,11866386338.18,11866386338.18,-117.1807,
600267.SH,海正药业,2017-09-06,12.2225,12.4113,12.1629,12.3417,4547582,0.471,11991905477.64,11991905477.64,-118.4202,
600267.SH,海正药业,2017-09-07,12.3417,12.4014,12.1231,12.1529,5249011,0.5436,11808454427.66,11808454427.66,-116.6086,
600267.SH,海正药业,2017-09-08,12.1827,12.1827,12.0337,12.1529,3758122,0.3892,11808454427.66,11808454427.66,-116.6086,
600267.SH,海正药业,2017-09-11,12.2026,12.2225,12.0138,12.1231,3424627,0.3547,11779488472.4,11779488472.4,-116.3226,
600267.SH,海正药业,2017-09-12,12.143,12.1529,11.984,12.0039,3036200,0.3145,11663624651.36,11663624651.36,-115.1784,
600267.SH,海正药业,2017-09-13,12.0138,12.143,11.9741,12.0734,2968487,0.3074,11731211880.3,11731211880.3,-115.8459,
600267.SH,海正药业,2017-09-14,12.0635,12.143,12.0039,12.0635,2774392,0.2873,11721556561.88,11721556561.88,-115.7505,
600267.SH,海正药业,2017-09-15,12.1629,12.3616,12.1331,12.2821,6094610,0.6312,11933973567.12,11933973567.12,-117.8481,
600267.SH,海正药业,2017-09-18,12.2722,12.3815,12.1827,12.3517,4682899,0.485,12001560796.06,12001560796.06,-118.5156,
600267.SH,海正药业,2017-09-19,12.3715,12.4014,12.2324,12.2821,2960154,0.3066,11933973567.12,11933973567.12,-117.8481,
600267.SH,海正药业,2017-09-20,12.2225,12.3219,12.1927,12.2523,2616010,0.2709,11905007611.86,11905007611.86,-117.5621,
600267.SH,海正药业,2017-09-21,12.2622,12.292,12.0436,12.0834,4523006,0.4684,11740867198.72,11740867198.72,-115.9412,
600267.SH,海正药业,2017-09-22,12.0039,12.0834,11.984,12.0237,2670172,0.2765,11682935288.2,11682935288.2,-115.3691,
600267.SH,海正药业,2017-09-25,12.0237,12.4312,11.9741,12.3815,7369552,0.7633,12030526751.32,12030526751.32,-118.8016,
600267.SH,海正药业,2017-09-26,12.2622,12.4908,12.2622,12.4312,3732582,0.3866,12078803343.42,12078803343.42,-119.2783,
600267.SH,海正药业,2017-09-27,12.4312,12.6001,12.3417,12.451,4057509,0.4202,12098113980.26,12098113980.26,-119.469,
600267.SH,海正药业,2017-09-28,12.4312,12.7591,12.4014,12.7094,10589772,1.0968,12349152259.18,12349152259.18,-121.948,
600267.SH,海正药业,2017-09-29,12.7988,12.8485,12.5405,12.62,5084300,0.5266,12262254393.4,12262254393.4,-121.0899,
600267.SH,海正药业,2017-10-09,12.7193,12.9678,12.5703,12.928,9162088,0.9489,12561569264.42,12561569264.42,-124.0457,
600267.SH,海正药业,2017-10-10,12.8286,13.1168,12.7988,13.0473,8168901,0.8461,12677433085.46,12677433085.46,-125.1898,
600267.SH,海正药业,2017-10-11,13.1367,13.3056,12.9976,13.1566,9172825,0.95,12783641588.08,12783641588.08,-126.2386,
600267.SH,海正药业,2017-10-12,13.0969,13.1764,12.928,12.9777,5706143,0.591,12609845856.52,12609845856.52,-124.5224,
600267.SH,海正药业,2017-10-13,13.0174,13.0473,12.928,12.9379,3682604,0.3814,12571224582.84,12571224582.84,-124.141,
600267.SH,海正药业,2017-10-16,12.9181,13.1367,12.7988,12.8684,6025732,0.6241,12503637353.9,12503637353.9,-123.4736,
600267.SH,海正药业,2017-10-17,12.8783,13.1566,12.779,13.1367,5812374,0.602,12764330951.24,12764330951.24,-126.0479,
600267.SH,海正药业,2017-10-18,13.1168,13.2162,12.9379,12.9976,3990446,0.4133,12629156493.36,12629156493.36,-124.7131,
600267.SH,海正药业,2017-10-19,12.9976,13.087,12.8485,12.8982,6614235,0.685,12532603309.16,12532603309.16,-123.7596,
600267.SH,海正药业,2017-10-20,12.8982,12.9181,12.8088,12.9081,3302768,0.3421,12542258627.58,12542258627.58,-123.855,
600267.SH,海正药业,2017-10-23,12.9181,13.3354,12.9181,13.2957,7271507,0.7531,12918816045.96,12918816045.96,-127.5735,
600267.SH,海正药业,2017-10-24,13.2758,13.4149,13.2162,13.2957,7909482,0.8192,12918816045.96,12918816045.96,-127.5735,
600267.SH,海正药业,2017-10-25,13.2957,14.6272,13.2659,14.3987,33328337,3.4518,13990556390.58,13990556390.58,-138.1569,
600267.SH,海正药业,2017-10-26,14.3887,14.8856,14.2894,14.5974,25251943,2.6153,14183662758.98,14183662758.98,-140.0638,
600267.SH,海正药业,2017-10-27,14.4384,14.7067,14.349,14.508,8324554,0.8622,14096764893.2,14096764893.2,-139.2057,
600267.SH,海正药业,2017-10-30,14.4981,14.5676,14.0708,14.1999,8966533,0.9287,13797450022.18,13797450022.18,-136.25,
600267.SH,海正药业,2017-10-31,14.1304,14.5179,14.1304,14.4583,7111241,0.7365,14048488301.1,14048488301.1,-116.7576,
600267.SH,海正药业,2017-11-01,14.4086,15.0843,14.3192,14.9452,14131682,1.4636,14521598903.68,14521598903.68,-120.6897,
600267.SH,海正药业,2017-11-02,14.816,15.2334,14.6074,14.6471,9911502,1.0265,14231939351.08,14231939351.08,-118.2823,
600267.SH,海正药业,2017-11-03,14.5775,14.7067,14.3589,14.5179,8279949,0.8576,14106420211.62,14106420211.62,-117.2391,
600267.SH,海正药业,2017-11-06,14.5875,15.7899,14.5875,15.6011,18908681,1.9584,15158849919.4,15158849919.4,-125.9859,
600267.SH,海正药业,2017-11-07,15.5812,16.247,15.5017,15.8793,21951612,2.2735,15429198835.16,15429198835.16,-128.2328,
600267.SH,海正药业,2017-11-08,16.088,16.555,15.8992,16.1675,20096299,2.0814,15709203069.34,15709203069.34,-130.5599,
600267.SH,海正药业,2017-11-09,16.2072,16.396,15.8395,16.1873,11922064,1.2348,15728513706.18,15728513706.18,-130.7204,
600267.SH,海正药业,2017-11-10,16.1873,16.5948,15.9787,16.0681,9864420,1.0217,15612649885.14,15612649885.14,-129.7575,
600267.SH,海正药业,2017-11-13,16.0681,16.0681,16.0681,16.0681,--,--,15612649885.14,15612649885.14,-129.7575,
600267.SH,海正药业,2017-11-14,16.0681,16.0681,16.0681,16.0681,--,--,15612649885.14,15612649885.14,-129.7575,
600267.SH,海正药业,2017-11-15,16.0681,16.0681,16.0681,16.0681,--,--,15612649885.14,15612649885.14,-129.7575,
600267.SH,海正药业,2017-11-16,16.0681,16.0681,16.0681,16.0681,--,--,15612649885.14,15612649885.14,-129.7575,
600267.SH,海正药业,2017-11-17,16.0681,16.0681,16.0681,16.0681,--,--,15612649885.14,15612649885.14,-129.7575,
600267.SH,海正药业,2017-11-20,16.0681,16.0681,16.0681,16.0681,--,--,15612649885.14,15612649885.14,-129.7575,
600267.SH,海正药业,2017-11-21,16.0681,16.0681,16.0681,16.0681,--,--,15612649885.14,15612649885.14,-129.7575,
600267.SH,海正药业,2017-11-22,16.0681,16.0681,16.0681,16.0681,--,--,15612649885.14,15612649885.14,-129.7575,
600267.SH,海正药业,2017-11-23,16.0681,16.0681,16.0681,16.0681,--,--,15612649885.14,15612649885.14,-129.7575,
600267.SH,海正药业,2017-11-24,16.0681,16.0681,16.0681,16.0681,--,--,15612649885.14,15612649885.14,-129.7575,
600267.SH,海正药业,2017-11-27,16.0681,16.0681,16.0681,16.0681,--,--,15612649885.14,15612649885.14,-129.7575,
600267.SH,海正药业,2017-11-28,16.0681,16.0681,16.0681,16.0681,--,--,15612649885.14,15612649885.14,-129.7575,
600267.SH,海正药业,2017-11-29,15.4123,16.0383,14.6173,14.8359,23345316,2.4179,14415390401.06,14415390401.06,-119.807,
600267.SH,海正药业,2017-11-30,14.985,15.7501,14.975,15.1241,15120970,1.5661,14695394635.24,14695394635.24,-122.1341,
600267.SH,海正药业,2017-12-01,15.1837,15.1837,14.7167,14.826,8712368,0.9023,14405735082.64,14405735082.64,-119.7267,
600267.SH,海正药业,2017-12-04,14.9353,14.975,14.0807,14.1006,13316246,1.3792,13700896837.98,13700896837.98,-113.8688,
600267.SH,海正药业,2017-12-05,14.1701,14.1701,13.3652,13.6832,15095442,1.5634,13295373464.34,13295373464.34,-110.4985,
600267.SH,海正药业,2017-12-06,13.7031,13.7925,13.3454,13.6832,11235519,1.1637,13295373464.34,13295373464.34,-110.4985,
600267.SH,海正药业,2017-12-07,13.6633,13.6633,13.2361,13.2659,8937912,0.9257,12889850090.7,12889850090.7,-107.1281,
600267.SH,海正药业,2017-12-08,13.3354,13.6335,13.1466,13.4348,10133788,1.0496,13053990503.84,13053990503.84,-108.4923,
600267.SH,海正药业,2017-12-11,13.4348,14.2099,13.4348,14.1105,12094990,1.2527,13710552156.4,13710552156.4,-113.949,
600267.SH,海正药业,2017-12-12,14.0608,14.2894,13.8025,13.8522,6833832,0.7078,13459513877.48,13459513877.48,-111.8626,
600267.SH,海正药业,2017-12-13,13.9615,14.031,13.7727,13.9217,5191353,0.5377,13527101106.42,13527101106.42,-112.4244,
600267.SH,海正药业,2017-12-14,13.9217,14.1701,13.8124,14.1105,5520944,0.5718,13710552156.4,13710552156.4,-113.949,
600267.SH,海正药业,2017-12-15,14.0211,14.3589,13.5143,13.7329,9764663,1.0113,13343650056.44,13343650056.44,-110.8997,
600267.SH,海正药业,2017-12-18,13.6435,13.7727,13.5143,13.5938,4622976,0.4788,13208475598.56,13208475598.56,-109.7763,
600267.SH,海正药业,2017-12-19,13.5938,13.7031,13.4447,13.6037,7457584,0.7724,13218130916.98,13218130916.98,-109.8565,
600267.SH,海正药业,2017-12-20,13.5739,14.1503,13.5143,14.0708,9470664,0.9809,13671930882.72,13671930882.72,-113.6281,
600267.SH,海正药业,2017-12-21,14.0608,14.1602,13.7627,13.9515,7827780,0.8107,13556067061.68,13556067061.68,-112.6651,
600267.SH,海正药业,2017-12-22,14.031,14.6869,14.0211,14.4186,13109159,1.3577,14009867027.42,14009867027.42,-116.4367,
600267.SH,海正药业,2017-12-25,14.4981,15.2831,14.4881,15.1738,16153898,1.6731,14743671227.34,14743671227.34,-122.5353,
600267.SH,海正药业,2017-12-26,14.9552,15.1936,14.826,15.144,9435243,0.9772,14714705272.08,14714705272.08,-122.2946,
600267.SH,海正药业,2017-12-27,15.144,15.144,14.7564,14.8359,7524441,0.7793,14415390401.06,14415390401.06,-119.807,
600267.SH,海正药业,2017-12-28,14.9055,15.0843,14.6074,14.9651,6505891,0.6738,14540909540.52,14540909540.52,-120.8502,
600267.SH,海正药业,2017-12-29,15.1042,15.452,14.9552,15.0446,7345603,0.7608,14618152087.88,14618152087.88,-121.4921,
600267.SH,海正药业,2018-01-02,15.0645,15.2831,14.8757,15.0645,5933106,0.6145,14637462724.72,14637462724.72,-121.6526,
600267.SH,海正药业,2018-01-03,15.1638,15.3526,14.9055,15.3328,9459335,0.9797,14898156322.06,14898156322.06,-123.8193,
600267.SH,海正药业,2018-01-04,15.4222,15.452,15.0545,15.1539,6179396,0.64,14724360590.5,14724360590.5,-122.3748,
600267.SH,海正药业,2018-01-05,15.2036,15.2433,14.7167,14.7564,8856122,0.9172,14338147853.7,14338147853.7,-119.165,
600267.SH,海正药业,2018-01-08,14.657,14.9949,14.4583,14.8757,8524541,0.8829,14454011674.74,14454011674.74,-120.128,
600267.SH,海正药业,2018-01-09,14.9949,15.4023,14.8856,15.3228,11317096,1.1721,14888501003.64,14888501003.64,-123.739,
600267.SH,海正药业,2018-01-10,15.4023,15.4023,14.9253,15.0943,7018672,0.7269,14666428679.98,14666428679.98,-121.8934,
600267.SH,海正药业,2018-01-11,15.0943,15.1241,14.7167,14.8061,6868666,0.7114,14386424445.8,14386424445.8,-119.5662,
600267.SH,海正药业,2018-01-12,14.7365,15.0247,14.7365,14.8757,7057112,0.7309,14454011674.74,14454011674.74,-120.128,
600267.SH,海正药业,2018-01-15,14.9552,15.0744,14.4782,14.5875,11638098,1.2054,14174007440.56,14174007440.56,-117.8008,
600267.SH,海正药业,2018-01-16,14.6173,15.2731,14.5378,14.8856,12625379,1.3076,14463666993.16,14463666993.16,-120.2082,
600267.SH,海正药业,2018-01-17,14.9552,15.3824,14.826,15.1638,11518532,1.193,14734015908.92,14734015908.92,-122.4551,
600267.SH,海正药业,2018-01-18,15.1141,15.8395,15.1141,15.7104,18865333,1.9539,15265058422.02,15265058422.02,-126.8686,
600267.SH,海正药业,2018-01-19,15.6011,15.8594,15.3725,15.6507,13017760,1.3482,15207126511.5,15207126511.5,-126.3871,
600267.SH,海正药业,2018-01-22,15.4719,15.5812,15.1539,15.4023,10986078,1.1378,14965743551,14965743551,-124.381,
600267.SH,海正药业,2018-01-23,15.4023,15.4023,13.8621,13.8621,42513608,4.4031,13469169195.9,13469169195.9,-111.9429,
600267.SH,海正药业,2018-01-24,13.8621,14.031,13.3056,13.8323,21191482,2.1948,13440203240.64,13440203240.64,-111.7022,
600267.SH,海正药业,2018-01-25,13.7528,14.0906,13.6137,13.8323,9710381,1.0057,13440203240.64,13440203240.64,-111.7022,
600267.SH,海正药业,2018-01-26,13.7727,14.1304,13.7329,13.9615,6997065,0.7247,13565722380.1,13565722380.1,-112.7454,
600267.SH,海正药业,2018-01-29,13.7627,13.9118,13.6534,13.8323,8573200,0.8879,13440203240.64,13440203240.64,-111.7022,
600267.SH,海正药业,2018-01-30,13.723,14.2993,13.723,14.1503,7129410,0.7384,13749173430.08,13749173430.08,-114.27,
600267.SH,海正药业,2018-01-31,14.1801,14.1999,13.8025,14.0211,4893103,0.5068,13623654290.62,13623654290.62,-113.2268,
600267.SH,海正药业,2018-02-01,14.0906,14.0906,13.4944,13.554,10635601,1.1015,13169854324.88,13169854324.88,-109.4553,
600267.SH,海正药业,2018-02-02,13.5938,13.6832,13.5044,13.554,5631204,0.5832,13169854324.88,13169854324.88,-109.4553,
600267.SH,海正药业,2018-02-05,13.4149,13.5143,13.2758,13.3156,4975114,0.5153,12938126682.8,12938126682.8,-107.5294,
600267.SH,海正药业,2018-02-06,12.928,13.1566,12.6001,12.6895,7816766,0.8096,12329841622.34,12329841622.34,-102.4739,
600267.SH,海正药业,2018-02-07,12.9379,13.0771,12.1032,12.143,7154121,0.741,11798799109.24,11798799109.24,-98.0604,
600267.SH,海正药业,2018-02-08,12.1629,12.3715,12.0734,12.1827,5682260,0.5885,11837420382.92,11837420382.92,-98.3814,
600267.SH,海正药业,2018-02-09,11.8349,11.9045,11.4573,11.7058,7414330,0.7679,11373965098.76,11373965098.76,-94.5296,
600267.SH,海正药业,2018-02-12,11.8548,12.5603,11.825,12.4411,5690354,0.5893,12088458661.84,12088458661.84,-100.4677,
600267.SH,海正药业,2018-02-13,12.5206,12.7988,12.3417,12.4113,3272902,0.339,12059492706.58,12059492706.58,-100.227,
600267.SH,海正药业,2018-02-14,12.461,12.7193,12.4014,12.7094,1989842,0.2061,12349152259.18,12349152259.18,-102.6344,
600267.SH,海正药业,2018-02-22,12.8982,13.3255,12.8982,13.2857,5049722,0.523,12909160727.54,12909160727.54,-107.2886,
600267.SH,海正药业,2018-02-23,13.3652,13.3652,13.1268,13.246,2527062,0.2617,12870539453.86,12870539453.86,-106.9677,
600267.SH,海正药业,2018-02-26,13.2559,13.6137,13.1268,13.4447,4883033,0.5057,13063645822.26,13063645822.26,-108.5726,
600267.SH,海正药业,2018-02-27,13.4944,13.7329,13.2957,13.5342,5023221,0.5203,13150543688.04,13150543688.04,-109.2948,
600267.SH,海正药业,2018-02-28,13.5143,13.6335,13.3652,13.4944,3858360,0.3996,13111922414.36,13111922414.36,-108.9738,
600267.SH,海正药业,2018-03-01,13.4944,13.8621,13.405,13.7727,5412578,0.5606,13382271330.12,13382271330.12,-111.2207,
600267.SH,海正药业,2018-03-02,13.713,13.7727,13.5342,13.5739,3731468,0.3865,13189164961.72,13189164961.72,-109.6158,
600267.SH,海正药业,2018-03-05,13.5143,13.872,13.5044,13.6236,2459000,0.2547,13237441553.82,13237441553.82,-110.017,
600267.SH,海正药业,2018-03-06,13.564,14.9055,13.554,13.9813,8105651,0.8395,13585033016.94,13585033016.94,-112.9058,
600267.SH,海正药业,2018-03-07,13.9813,14.2596,13.9118,14.0807,4502970,0.4664,13681586201.14,13681586201.14,-113.7083,
600267.SH,海正药业,2018-03-08,14.0608,14.7266,13.9813,14.4981,9454260,0.9792,14087109574.78,14087109574.78,-117.0786,
600267.SH,海正药业,2018-03-09,14.4881,14.6272,14.3093,14.4881,4685188,0.4852,14077454256.36,14077454256.36,-116.9984,
600267.SH,海正药业,2018-03-12,14.4981,14.7664,14.2695,14.5875,7205383,0.7463,14174007440.56,14174007440.56,-117.8008,
600267.SH,海正药业,2018-03-13,14.508,14.657,14.3689,14.3987,4774200,0.4945,13990556390.58,13990556390.58,-116.2762,
600267.SH,海正药业,2018-03-14,14.4086,14.4981,13.9416,13.9714,7530436,0.7799,13575377698.52,13575377698.52,-112.8256,
600267.SH,海正药业,2018-03-15,13.9416,14.2596,13.8422,14.0608,4460535,0.462,13662275564.3,13662275564.3,-113.5478,
600267.SH,海正药业,2018-03-16,14.1304,14.2397,13.9813,14.0012,3147916,0.326,13604343653.78,13604343653.78,-113.0663,
600267.SH,海正药业,2018-03-19,13.9615,14.5179,13.9615,14.3192,5052146,0.5233,13913313843.22,13913313843.22,-115.6342,
600267.SH,海正药业,2018-03-20,14.3192,14.9552,14.2099,14.8359,13648651,1.4136,14415390401.06,14415390401.06,-119.807,
600267.SH,海正药业,2018-03-21,14.8359,14.985,14.4086,14.4881,9329412,0.9662,14077454256.36,14077454256.36,-116.9984,
600267.SH,海正药业,2018-03-22,14.4881,14.7664,14.1304,14.7266,8421648,0.8722,14309181898.44,14309181898.44,-118.9243,
600267.SH,海正药业,2018-03-23,14.2993,14.8061,13.9416,14.2198,13123339,1.3592,13816760659.02,13816760659.02,-114.8317,
600267.SH,海正药业,2018-03-26,14.1602,14.7067,13.9615,14.4782,8129185,0.8419,14067798937.94,14067798937.94,-116.9181,
600267.SH,海正药业,2018-03-27,14.6173,15.1837,14.5378,14.9253,14195205,1.4702,14502288266.84,14502288266.84,1068.9994,
600267.SH,海正药业,2018-03-28,14.8061,15.5216,14.7167,15.3328,21162967,2.1918,14898156322.06,14898156322.06,1098.1798,
600267.SH,海正药业,2018-03-29,15.2632,15.5017,14.9253,15.1141,10771750,1.1156,14685739316.82,14685739316.82,1082.5221,
600267.SH,海正药业,2018-03-30,15.1539,15.6507,15.1042,15.5017,14981840,1.5517,15062296735.2,15062296735.2,1110.2791,
600267.SH,海正药业,2018-04-02,15.4222,16.1575,15.4222,15.919,14333827,1.4846,15467820108.84,15467820108.84,1140.1711,
600267.SH,海正药业,2018-04-03,15.7501,16.0482,15.6011,15.7799,8131028,0.8421,15332645650.96,15332645650.96,1130.2072,
600267.SH,海正药业,2018-04-04,16.1774,16.3463,15.6408,15.7004,11490161,1.19,15255403103.6,15255403103.6,1124.5133,
600267.SH,海正药业,2018-04-09,15.7004,15.8694,15.5017,15.7501,6736806,0.6977,15303679695.7,15303679695.7,1128.0719,
600267.SH,海正药业,2018-04-10,15.7899,15.7899,15.4421,15.7601,5208776,0.5395,15313335014.12,15313335014.12,1128.7837,
600267.SH,海正药业,2018-04-11,15.8892,16.0184,15.6607,15.7601,7042412,0.7294,15313335014.12,15313335014.12,1128.7837,
600267.SH,海正药业,2018-04-12,15.8793,16.088,15.1539,15.2533,16716400,1.7313,14820913774.7,14820913774.7,1092.4861,
600267.SH,海正药业,2018-04-13,15.3029,15.7302,15.3029,15.6309,14605704,1.5127,15187815874.66,15187815874.66,1119.5314,
600267.SH,海正药业,2018-04-16,15.7302,16.1476,15.2831,15.611,13444734,1.3925,15168505237.82,15168505237.82,1118.1079,
600267.SH,海正药业,2018-04-17,15.7004,15.9389,15.293,15.3626,7555047,0.7825,14927122277.32,14927122277.32,1100.3149,
600267.SH,海正药业,2018-04-18,15.4421,15.5216,14.7167,15.1638,10572609,1.095,14734015908.92,14734015908.92,1086.0806,
600267.SH,海正药业,2018-04-19,15.1042,16.0582,14.985,15.8694,16530393,1.7121,15419543516.74,15419543516.74,1136.6125,
600267.SH,海正药业,2018-04-20,15.7501,15.8892,15.0545,15.0744,10518887,1.0894,14647118043.14,14647118043.14,1079.6752,
600267.SH,海正药业,2018-04-23,15.0048,15.3526,14.8458,15.0048,8424232,0.8725,14579530814.2,14579530814.2,1074.6931,
600267.SH,海正药业,2018-04-24,14.975,15.7501,14.9353,15.4421,9878585,1.0231,15004364824.68,15004364824.68,1106.0087,
600267.SH,海正药业,2018-04-25,15.3924,15.6408,15.134,15.5712,12595084,1.3045,15129883964.14,15129883964.14,1115.261,
600267.SH,海正药业,2018-04-26,15.3924,15.3924,14.8558,15.0545,11784827,1.2206,14627807406.3,14627807406.3,1078.2517,
600267.SH,海正药业,2018-04-27,15.0545,15.2533,14.7365,15.0545,9172410,0.95,14627807406.3,14627807406.3,834.6784,
600267.SH,海正药业,2018-05-02,15.2036,15.4619,14.9253,15.0943,7151500,0.7407,14666428679.98,14666428679.98,836.8821,
600267.SH,海正药业,2018-05-03,14.9253,15.1539,14.657,14.9452,7853914,0.8134,14521598903.68,14521598903.68,828.618,
600267.SH,海正药业,2018-05-04,14.985,16.0582,14.9651,15.8694,25799924,2.6721,15419543516.74,15419543516.74,879.8557,
600267.SH,海正药业,2018-05-07,15.8594,16.1575,15.6905,15.8793,19664132,2.0366,15429198835.16,15429198835.16,880.4066,
600267.SH,海正药业,2018-05-08,15.8992,17.1214,15.7998,17.0419,33137139,3.432,16558871090.3,16558871090.3,944.8669,
600267.SH,海正药业,2018-05-09,16.873,16.9922,16.6047,16.873,17983307,1.8625,16394730677.16,16394730677.16,935.5009,
600267.SH,海正药业,2018-05-10,16.873,17.0618,16.6842,17.0121,14817875,1.5347,16529905135.04,16529905135.04,943.2141,
600267.SH,海正药业,2018-05-11,16.9922,17.6381,16.0979,16.247,28726946,2.9752,15786445616.7,15786445616.7,900.7915,
600267.SH,海正药业,2018-05-14,16.2768,16.3761,15.929,16.1675,16406283,1.6992,15709203069.34,15709203069.34,896.384,
600267.SH,海正药业,2018-05-15,16.1675,16.7836,16.0979,16.5948,15984493,1.6555,16124381761.4,16124381761.4,920.0745,
600267.SH,海正药业,2018-05-16,16.6444,16.8829,16.4159,16.6047,15297457,1.5844,16134037079.82,16134037079.82,920.6255,
600267.SH,海正药业,2018-05-17,16.5252,16.6743,16.088,16.3165,9549143,0.989,15854032845.64,15854032845.64,904.6481,
600267.SH,海正药业,2018-05-18,16.2072,16.4258,16.0184,16.2569,8949098,0.9269,15796100935.12,15796100935.12,901.3425,
600267.SH,海正药业,2018-05-21,16.396,16.6146,16.3265,16.4258,10971208,1.1363,15960241348.26,15960241348.26,910.7085,
600267.SH,海正药业,2018-05-22,16.4358,16.8134,16.3761,16.714,13981257,1.448,16240245582.44,16240245582.44,926.6859,
600267.SH,海正药业,2018-05-23,16.555,16.8631,16.2966,16.3265,10760329,1.1144,15863688164.06,15863688164.06,905.199,
600267.SH,海正药业,2018-05-24,16.2966,16.7537,16.2966,16.6544,8915930,0.9234,16182313671.92,16182313671.92,923.3802,
600267.SH,海正药业,2018-05-25,16.5948,17.2705,16.5948,17.0817,20585616,2.132,16597492363.98,16597492363.98,947.0707,
600267.SH,海正药业,2018-05-28,17.022,17.0618,16.7239,17.0419,10702119,1.1084,16558871090.3,16558871090.3,944.8669,
600267.SH,海正药业,2018-05-29,16.9426,17.4195,16.0383,16.0681,21623278,2.2395,15612649885.14,15612649885.14,890.8746,
600267.SH,海正药业,2018-05-30,15.8992,16.2668,15.5911,15.7998,16048994,1.6622,15351956287.8,15351956287.8,875.9991,
600267.SH,海正药业,2018-05-31,15.8395,16.3463,15.8395,16.237,9911097,1.0265,15776790298.28,15776790298.28,900.2406,
600267.SH,海正药业,2018-06-01,16.088,16.3662,15.4023,15.9588,16110575,1.6686,15506441382.52,15506441382.52,884.8141,
600267.SH,海正药业,2018-06-04,15.9091,16.0482,15.4918,15.6806,8984049,0.9305,15236092466.76,15236092466.76,869.3878,
600267.SH,海正药业,2018-06-05,15.6309,16.0681,15.6011,16.0482,8784189,0.9098,15593339248.3,15593339248.3,889.7726,
600267.SH,海正药业,2018-06-06,16.0482,16.1377,15.7998,16.0085,6046979,0.6263,15554717974.62,15554717974.62,887.5689,
600267.SH,海正药业,2018-06-07,16.0979,16.0979,15.7501,15.7899,4990294,0.5168,15342300969.38,15342300969.38,875.4481,
600267.SH,海正药业,2018-06-08,15.8694,16.0681,15.6408,15.8296,6566841,0.6801,15380922243.06,15380922243.06,877.6519,
600267.SH,海正药业,2018-06-11,15.8197,15.8495,15.6011,15.6806,7141367,0.7396,15236092466.76,15236092466.76,869.3878,
600267.SH,海正药业,2018-06-12,15.7302,16.0184,15.4123,15.9389,5942002,0.6154,15487130745.68,15487130745.68,883.7123,
600267.SH,海正药业,2018-06-13,15.9787,15.9787,15.7203,15.8694,3329506,0.3448,15419543516.74,15419543516.74,879.8557,
600267.SH,海正药业,2018-06-14,15.8594,16.0979,15.7501,15.919,3909922,0.405,15467820108.84,15467820108.84,882.6104,
600267.SH,海正药业,2018-06-15,16.0486,16.0486,15.4306,15.5203,7055085,0.7307,15033330779.94,15033330779.94,857.818,
600267.SH,海正药业,2018-06-19,14.9521,15.3509,13.9653,14.364,13016574,1.3481,13913313843.22,13913313843.22,793.9086,
600267.SH,海正药业,2018-06-20,14.3541,15.1615,14.065,15.0518,11758243,1.2178,14579530814.2,14579530814.2,831.9236,
600267.SH,海正药业,2018-06-21,15.1316,15.1814,14.7727,14.9521,8814625,0.9129,14482977630,14482977630,826.4142,
600267.SH,海正药业,2018-06-22,14.9422,15.0718,14.6631,14.8624,4289073,0.4442,14396079764.22,14396079764.22,821.4557,
600267.SH,海正药业,2018-06-25,14.9521,15.0518,14.2843,14.4338,8165609,0.8457,13980901072.16,13980901072.16,797.7652,
600267.SH,海正药业,2018-06-26,14.0949,14.6631,14.0949,14.5135,7164571,0.742,14058143619.52,14058143619.52,802.1727,
600267.SH,海正药业,2018-06-27,14.3541,14.683,13.8556,14.0949,8828731,0.9144,13652620245.88,13652620245.88,779.0331,
600267.SH,海正药业,2018-06-28,14.065,14.2942,13.9354,14.1148,5372224,0.5564,13671930882.72,13671930882.72,780.1351,
600267.SH,海正药业,2018-06-29,14.1348,14.5933,13.9354,14.4936,6179776,0.64,14038832982.68,14038832982.68,801.0709,
600267.SH,海正药业,2018-07-02,14.4438,14.5434,13.8357,13.9753,8372000,0.8671,13536756424.84,13536756424.84,772.4218,
600267.SH,海正药业,2018-07-03,14.045,14.3541,13.5367,14.2245,7473073,0.774,13778139385.34,13778139385.34,786.1954,
600267.SH,海正药业,2018-07-04,14.0351,14.2743,14.0151,14.2145,4454508,0.4614,13768484066.92,13768484066.92,785.6445,
600267.SH,海正药业,2018-07-05,14.1547,14.3241,13.8457,13.9354,4870734,0.5045,13498135151.16,13498135151.16,770.2181,
600267.SH,海正药业,2018-07-06,13.8955,14.1846,13.4071,13.9952,8871101,0.9188,13556067061.68,13556067061.68,773.5237,
600267.SH,海正药业,2018-07-09,14.0052,14.4936,13.8556,14.4537,8970815,0.9291,14000211709,14000211709,798.8671,
600267.SH,海正药业,2018-07-10,14.4438,14.6033,14.1946,14.4537,5745625,0.5951,14000211709,14000211709,798.8671,
600267.SH,海正药业,2018-07-11,14.2544,14.3042,14.0052,14.1946,4834399,0.5007,13749173430.08,13749173430.08,784.5426,
600267.SH,海正药业,2018-07-12,14.2344,14.7029,14.2045,14.5235,5631853,0.5833,14067798937.94,14067798937.94,802.7237,
600267.SH,海正药业,2018-07-13,14.4737,15.1216,14.4737,14.8325,9071261,0.9395,14367113808.96,14367113808.96,819.8029,
600267.SH,海正药业,2018-07-16,14.8325,14.9023,14.5335,14.8126,4416268,0.4574,14347803172.12,14347803172.12,818.701,
600267.SH,海正药业,2018-07-17,14.7727,14.8325,14.4637,14.6531,4433603,0.4592,14193318077.4,14193318077.4,809.8859,
600267.SH,海正药业,2018-07-18,14.6531,14.9322,14.5634,14.5833,3379289,0.35,14125730848.46,14125730848.46,806.0294,
600267.SH,海正药业,2018-07-19,14.5733,14.683,14.1547,14.3042,6468713,0.67,13855381932.7,13855381932.7,790.603,
600267.SH,海正药业,2018-07-20,14.2643,14.3441,13.9254,14.0849,7610400,0.7882,13642964927.46,13642964927.46,778.4822,
600267.SH,海正药业,2018-07-23,13.6563,14.0849,13.5566,13.8556,9988720,1.0345,13420892603.8,13420892603.8,765.8105,
600267.SH,海正药业,2018-07-24,13.8457,14.2942,13.6064,14.1248,9209199,0.9538,13681586201.14,13681586201.14,780.686,
600267.SH,海正药业,2018-07-25,14.1547,14.2544,13.9454,14.1348,6259324,0.6483,13691241519.56,13691241519.56,781.2369,
600267.SH,海正药业,2018-07-26,14.1547,14.364,13.6563,13.756,7697957,0.7973,13324339419.6,13324339419.6,760.3011,
600267.SH,海正药业,2018-07-27,13.7958,13.8357,13.447,13.6463,10963768,1.1355,13218130916.98,13218130916.98,754.2407,
600267.SH,海正药业,2018-07-30,13.3473,13.4669,12.8289,12.9486,11190408,1.159,12542258627.58,12542258627.58,715.6747,
600267.SH,海正药业,2018-07-31,12.5797,12.8887,12.5797,12.6296,8998117,0.9319,12233288438.14,12233288438.14,698.0446,
600267.SH,海正药业,2018-08-01,12.7193,12.9785,12.6096,12.6296,6101736,0.632,12233288438.14,12233288438.14,698.0446,
600267.SH,海正药业,2018-08-02,12.6395,12.6694,12.0813,12.3206,5737749,0.5943,11933973567.12,11933973567.12,680.9653,
600267.SH,海正药业,2018-08-03,12.3505,12.4701,12.0813,12.171,3818350,0.3955,11789143790.82,11789143790.82,672.7012,
600267.SH,海正药业,2018-08-06,12.0614,12.0813,10.9549,10.9549,17201977,1.7816,10611194943.58,10611194943.58,605.4861,
600267.SH,海正药业,2018-08-07,10.9649,11.1144,10.4864,10.8353,18487197,1.9147,10495331122.54,10495331122.54,598.8749,
600267.SH,海正药业,2018-08-08,10.8951,11.0945,10.4366,10.4466,11408372,1.1816,10118773704.16,10118773704.16,577.3881,
600267.SH,海正药业,2018-08-09,10.4565,11.0945,10.3668,11.0147,13830475,1.4324,10669126854.1,10669126854.1,608.7918,
600267.SH,海正药业,2018-08-10,10.9749,11.4832,10.9749,11.2938,9951018,1.0306,10939475769.86,10939475769.86,624.2182,
600267.SH,海正药业,2018-08-13,11.254,11.4234,11.1144,11.3636,8482354,0.8785,11007062998.8,11007062998.8,628.0748,
600267.SH,海正药业,2018-08-14,11.3836,11.4434,11.2639,11.3337,4887755,0.5062,10978097043.54,10978097043.54,626.422,
600267.SH,海正药业,2018-08-15,11.3337,11.4633,10.9649,11.1045,5932123,0.6144,10756024719.88,10756024719.88,613.7503,
600267.SH,海正药业,2018-08-16,10.9649,11.1643,10.7456,11.1045,4437210,0.4596,10756024719.88,10756024719.88,613.7503,
600267.SH,海正药业,2018-08-17,11.1643,11.4135,10.7954,10.8951,8335919,0.8633,10553263033.06,10553263033.06,602.1805,
600267.SH,海正药业,2018-08-20,11.0048,11.1344,10.5462,10.7855,7364351,0.7627,10447054530.44,10447054530.44,596.1201,
600267.SH,海正药业,2018-08-21,10.8453,11.5131,10.8453,11.4533,10940859,1.1331,11093960864.58,11093960864.58,633.0333,
600267.SH,海正药业,2018-08-22,11.4234,11.4234,11.0945,11.1742,6147883,0.6367,10823611948.82,10823611948.82,617.6069,
600267.SH,海正药业,2018-08-23,11.1643,11.3935,11.0446,11.2739,5444112,0.5638,10920165133.02,10920165133.02,623.1163,
600267.SH,海正药业,2018-08-24,11.3337,11.3537,11.1443,11.1842,4247389,0.4399,10833267267.24,10833267267.24,618.1578,
600267.SH,海正药业,2018-08-27,11.2839,12.3006,11.2041,12.3006,14100548,1.4604,11914662930.28,11914662930.28,679.8635,
600267.SH,海正药业,2018-08-28,12.2009,12.2807,11.9418,11.9717,14135132,1.464,11596037422.42,11596037422.42,777.8826,
600267.SH,海正药业,2018-08-29,12.171,12.2308,11.8521,12.0614,8374372,0.8673,11682935288.2,11682935288.2,783.7119,
600267.SH,海正药业,2018-08-30,12.0415,12.1112,11.6627,11.7524,6862084,0.7107,11383620417.18,11383620417.18,763.6333,
600267.SH,海正药业,2018-08-31,11.7125,11.9318,11.4633,11.7723,5475836,0.5671,11402931054.02,11402931054.02,764.9287,
600267.SH,海正药业,2018-09-03,11.7623,11.9517,11.543,11.9119,5318088,0.5508,11538105511.9,11538105511.9,773.9965,
600267.SH,海正药业,2018-09-04,11.8919,12.0514,11.7424,11.9418,4634877,0.48,11567071467.16,11567071467.16,775.9395,
600267.SH,海正药业,2018-09-05,11.9418,12.2807,11.9019,11.9418,5391164,0.5584,11567071467.16,11567071467.16,775.9395,
600267.SH,海正药业,2018-09-06,11.9418,12.0215,11.7424,11.8222,3439212,0.3562,11451207646.12,11451207646.12,768.1672,
600267.SH,海正药业,2018-09-07,11.8122,12.0714,11.6527,11.8122,3996825,0.414,11441552327.7,11441552327.7,767.5195,
600267.SH,海正药业,2018-09-10,11.8321,11.8321,11.573,11.6328,2617993,0.2711,11267756596.14,11267756596.14,755.861,
600267.SH,海正药业,2018-09-11,11.5829,11.7424,11.4633,11.7225,3680838,0.3812,11354654461.92,11354654461.92,761.6902,
600267.SH,海正药业,2018-09-12,11.8122,11.9218,11.4533,11.4533,5624362,0.5825,11093960864.58,11093960864.58,744.2025,
600267.SH,海正药业,2018-09-13,11.573,11.7125,11.1842,11.563,8221882,0.8515,11200169367.2,11200169367.2,751.3271,
600267.SH,海正药业,2018-09-14,11.573,11.573,10.4067,10.4067,14406978,1.4921,10080152430.48,10080152430.48,676.1944,
600267.SH,海正药业,2018-09-17,10.3668,10.8652,10.3469,10.6659,12669980,1.3122,10331190709.4,10331190709.4,693.0345,
600267.SH,海正药业,2018-09-18,10.6858,11.1643,10.5761,11.1045,7466375,0.7733,10756024719.88,10756024719.88,721.5331,
600267.SH,海正药业,2018-09-19,11.1643,11.882,11.1144,11.6627,11162622,1.1561,11296722551.4,11296722551.4,757.804,
600267.SH,海正药业,2018-09-20,11.6826,12.0614,11.563,11.8122,8604217,0.8911,11441552327.7,11441552327.7,767.5195,
600267.SH,海正药业,2018-09-21,11.8521,11.9717,11.573,11.8421,10304686,1.0673,11470518282.96,11470518282.96,769.4626,
600267.SH,海正药业,2018-09-25,11.9318,13.0283,11.8421,12.7193,19549904,2.0248,12320186303.92,12320186303.92,826.4598,
600267.SH,海正药业,2018-09-26,12.7492,12.819,12.4003,12.6495,11737729,1.2157,12252599074.98,12252599074.98,821.9259,
600267.SH,海正药业,2018-09-27,12.5598,13.1379,12.4801,12.5199,12675002,1.3127,12127079935.52,12127079935.52,813.5059,
600267.SH,海正药业,2018-09-28,12.5997,13.4071,12.5,13.0781,17423740,1.8046,12667777767.04,12667777767.04,849.7769,
600267.SH,海正药业,2018-10-08,12.8389,13.1579,12.2608,12.5,17335551,1.7954,12107769298.68,12107769298.68,812.2105,
600267.SH,海正药业,2018-10-09,12.5897,12.6993,12.3106,12.49,7744065,0.8021,12098113980.26,12098113980.26,811.5628,
600267.SH,海正药业,2018-10-10,12.4701,12.6196,12.0514,12.4003,9196718,0.9525,12011216114.48,12011216114.48,805.7335,
600267.SH,海正药业,2018-10-11,11.9617,12.2408,11.2938,11.7723,14305403,1.4816,11402931054.02,11402931054.02,764.9287,
600267.SH,海正药业,2018-10-12,11.7424,12.1611,11.6826,12.1511,9948220,1.0303,11769833153.98,11769833153.98,789.5411,
600267.SH,海正药业,2018-10-15,12.2109,12.2109,11.2839,11.3238,13014510,1.3479,10968441725.12,10968441725.12,735.7824,
600267.SH,海正药业,2018-10-16,11.5331,11.6826,11.1244,11.2041,9160579,0.9488,10852577904.08,10852577904.08,728.01,
600267.SH,海正药业,2018-10-17,11.4434,11.5331,10.8054,11.1842,8243500,0.8538,10833267267.24,10833267267.24,726.7147,
600267.SH,海正药业,2018-10-18,11.1543,11.234,10.7456,10.8453,8160552,0.8452,10504986440.96,10504986440.96,704.693,
600267.SH,海正药业,2018-10-19,10.6958,11.573,10.616,11.4932,11667029,1.2084,11132582138.26,11132582138.26,746.7932,
600267.SH,海正药业,2018-10-22,11.5829,12.2009,11.5829,11.9517,13688122,1.4177,11576726785.58,11576726785.58,776.5872,
600267.SH,海正药业,2018-10-23,11.9517,12.3604,11.7723,11.8919,11186649,1.1586,11518794875.06,11518794875.06,772.701,
600267.SH,海正药业,2018-10-24,11.882,12.0813,11.5829,11.8022,8298834,0.8595,11431897009.28,11431897009.28,766.8718,
600267.SH,海正药业,2018-10-25,11.3736,11.8421,11.1742,11.7225,11983014,1.2411,11354654461.92,11354654461.92,761.6902,
600267.SH,海正药业,2018-10-26,11.8521,11.9019,11.4633,11.7025,5600112,0.58,11335343825.08,11335343825.08,760.3948,
600267.SH,海正药业,2018-10-29,11.6228,11.6627,11.3836,11.5032,4664551,0.4831,11142237456.68,11142237456.68,747.4409,
600267.SH,海正药业,2018-10-30,11.2639,11.3736,10.6858,11.1144,13250871,1.3724,10765680038.3,10765680038.3,691.4711,
600267.SH,海正药业,2018-10-31,11.0945,11.4633,11.0945,11.4633,9099240,0.9424,11103616183,11103616183,713.1765,
600267.SH,海正药业,2018-11-01,11.4633,11.8421,11.4234,11.4533,7584785,0.7856,11093960864.58,11093960864.58,712.5564,
600267.SH,海正药业,2018-11-02,11.7524,11.9318,11.563,11.8521,13133159,1.3602,11480173601.38,11480173601.38,737.3625,
600267.SH,海正药业,2018-11-05,11.8122,12.0115,11.543,11.7723,9003280,0.9325,11402931054.02,11402931054.02,732.4013,
600267.SH,海正药业,2018-11-06,11.7823,11.8222,11.4832,11.7823,5863995,0.6073,11412586372.44,11412586372.44,733.0214,
600267.SH,海正药业,2018-11-07,11.8521,12.3206,11.7723,12.0714,14516105,1.5034,11692590606.62,11692590606.62,751.0059,
600267.SH,海正药业,2018-11-08,12.1112,12.3604,12.0115,12.1312,9819465,1.017,11750522517.14,11750522517.14,754.7268,
600267.SH,海正药业,2018-11-09,12.4302,13.3473,12.2308,12.2408,43953690,4.5523,11856731019.76,11856731019.76,761.5485,
600267.SH,海正药业,2018-11-12,12.0115,12.3106,11.7125,12.181,16627225,1.7221,11798799109.24,11798799109.24,757.8276,
600267.SH,海正药业,2018-11-13,12.0813,12.2308,11.9119,12.1013,15900312,1.6468,11721556561.88,11721556561.88,752.8663,
600267.SH,海正药业,2018-11-14,12.0614,12.2109,11.9119,11.9916,9253084,0.9583,11615348059.26,11615348059.26,746.0447,
600267.SH,海正药业,2018-11-15,11.8919,12.0714,11.8222,12.0614,9142627,0.9469,11682935288.2,11682935288.2,750.3857,
600267.SH,海正药业,2018-11-16,12.1411,12.1411,11.9218,12.0415,8426390,0.8727,11663624651.36,11663624651.36,749.1454,
600267.SH,海正药业,2018-11-19,11.9816,12.0115,11.1842,11.5131,18559677,1.9222,11151892775.1,11151892775.1,716.2773,
600267.SH,海正药业,2018-11-20,11.4234,11.4733,11.2141,11.244,7343743,0.7606,10891199177.76,10891199177.76,699.5331,
600267.SH,海正药业,2018-11-21,11.2739,11.7225,11.2241,11.6726,13152795,1.3622,11306377869.82,11306377869.82,726.1998,
600267.SH,海正药业,2018-11-22,11.6427,11.882,11.5231,11.7225,6803324,0.7046,11354654461.92,11354654461.92,729.3005,
600267.SH,海正药业,2018-11-23,11.6527,11.7225,11.2639,11.3437,5183544,0.5369,10987752361.96,10987752361.96,705.7347,
600267.SH,海正药业,2018-11-26,11.3138,11.3437,11.1344,11.2041,3574603,0.3702,10852577904.08,10852577904.08,697.0526,
600267.SH,海正药业,2018-11-27,11.2639,11.4832,11.1244,11.2639,5757277,0.5963,10910509814.6,10910509814.6,700.7734,
600267.SH,海正药业,2018-11-28,11.2739,11.3935,11.0945,11.2938,4686884,0.4854,10939475769.86,10939475769.86,702.6339,
600267.SH,海正药业,2018-11-29,11.3636,11.5331,11.2041,11.234,5351800,0.5543,10881543859.34,10881543859.34,698.913,
600267.SH,海正药业,2018-11-30,11.234,11.3238,10.9948,11.2141,4153263,0.4302,10862233222.5,10862233222.5,697.6727,
600267.SH,海正药业,2018-12-03,11.4135,11.4733,11.2739,11.3836,9690385,1.0036,11026373635.64,11026373635.64,708.2153,
600267.SH,海正药业,2018-12-04,11.254,12.4402,11.1942,12.4402,33846319,3.5055,12049837388.16,12049837388.16,773.9516,
600267.SH,海正药业,2018-12-05,12.171,12.6595,12.1312,12.5997,22720735,2.3532,12204322482.88,12204322482.88,783.874,
600267.SH,海正药业,2018-12-06,12.4302,12.5797,11.563,11.7424,25062575,2.5957,11373965098.76,11373965098.76,730.5408,
600267.SH,海正药业,2018-12-07,11.4533,11.543,10.7556,10.945,28650839,2.9674,10601539625.16,10601539625.16,680.9285,
600267.SH,海正药业,2018-12-10,10.8752,10.8852,10.5363,10.5861,12827497,1.3285,10253948162.04,10253948162.04,658.603,
600267.SH,海正药业,2018-12-11,10.6659,10.8154,10.5163,10.7456,7326335,0.7588,10408433256.76,10408433256.76,668.5255,
600267.SH,海正药业,2018-12-12,10.7257,10.8453,10.616,10.616,5627109,0.5828,10282914117.3,10282914117.3,660.4635,
600267.SH,海正药业,2018-12-13,10.6758,10.8054,10.5662,10.7157,6995724,0.7245,10379467301.5,10379467301.5,666.665,
600267.SH,海正药业,2018-12-14,10.6958,10.7556,10.4167,10.6758,6873986,0.7119,10340846027.82,10340846027.82,664.1844,
600267.SH,海正药业,2018-12-17,10.5861,10.6659,10.4466,10.5462,4536398,0.4698,10215326888.36,10215326888.36,656.1224,
600267.SH,海正药业,2018-12-18,10.5462,10.5662,9.4896,9.6391,20414563,2.1143,9336692912.14,9336692912.14,599.6884,
600267.SH,海正药业,2018-12-19,9.6391,9.6591,8.762,8.8417,31570870,3.2698,8564267438.54,8564267438.54,550.0762,
600267.SH,海正药业,2018-12-20,8.8616,8.9513,8.7221,8.8218,10079834,1.044,8544956801.7,8544956801.7,548.8359,
600267.SH,海正药业,2018-12-21,8.7919,8.8218,8.5327,8.6224,10800374,1.1186,8351850433.3,8351850433.3,536.4328,
600267.SH,海正药业,2018-12-24,8.6124,8.8018,8.5925,8.6822,8216393,0.851,8409782343.82,8409782343.82,540.1537,
600267.SH,海正药业,2018-12-25,8.6124,8.6124,8.2037,8.4729,12520353,1.2967,8207020657,8207020657,527.1305,
600267.SH,海正药业,2018-12-26,8.4729,8.5127,8.1539,8.1838,14584376,1.5105,7927016422.82,7927016422.82,509.146,
600267.SH,海正药业,2018-12-27,8.3034,8.5327,8.2237,8.2735,13559508,1.4044,8013914288.6,8013914288.6,514.7274,
600267.SH,海正药业,2018-12-28,8.3134,8.4828,8.0841,8.3632,12141871,1.2575,8100812154.38,8100812154.38,520.3088,
600267.SH,海正药业,2019-01-02,8.3134,8.3234,8.0343,8.0841,7497479,0.7765,7830463238.62,7830463238.62,502.9445,
600267.SH,海正药业,2019-01-03,8.124,8.1539,7.825,7.8549,10485690,1.086,7608390914.96,7608390914.96,488.681,
600267.SH,海正药业,2019-01-04,7.8449,8.1041,7.7153,8.0642,9031230,0.9354,7811152601.78,7811152601.78,501.7042,
600267.SH,海正药业,2019-01-07,8.134,8.1539,7.9047,8.0044,11434269,1.1842,7753220691.26,7753220691.26,497.9833,
600267.SH,海正药业,2019-01-08,8.0044,8.2635,7.9745,8.114,13078229,1.3545,7859429193.88,7859429193.88,504.805,
600267.SH,海正药业,2019-01-09,8.114,8.3234,8.0742,8.0841,12475912,1.2921,7830463238.62,7830463238.62,502.9445,
600267.SH,海正药业,2019-01-10,8.0742,8.0742,7.7452,7.9147,20256029,2.0979,7666322825.48,7666322825.48,492.4019,
600267.SH,海正药业,2019-01-11,7.9147,7.9545,7.8349,7.9147,7025301,0.7276,7666322825.48,7666322825.48,492.4019,
600267.SH,海正药业,2019-01-14,7.9246,8.0044,7.6854,7.7651,10111075,1.0472,7521493049.18,7521493049.18,483.0996,
600267.SH,海正药业,2019-01-15,7.8349,8.2935,7.815,8.2536,20896397,2.1642,7994603651.76,7994603651.76,513.4871,
600267.SH,海正药业,2019-01-16,8.2336,8.2935,8.124,8.2037,10120392,1.0482,7946327059.66,7946327059.66,510.3863,
600267.SH,海正药业,2019-01-17,8.2237,8.2436,7.9645,8.0044,9688900,1.0035,7753220691.26,7753220691.26,497.9833,
600267.SH,海正药业,2019-01-18,8.0044,8.5327,7.9446,8.443,22155687,2.2947,8178054701.74,8178054701.74,525.27,
600267.SH,海正药业,2019-01-21,8.4729,8.5227,8.3034,8.3333,11448236,1.1857,8071846199.12,8071846199.12,518.4483,
600267.SH,海正药业,2019-01-22,8.3333,8.3732,8.1041,8.1639,9187600,0.9516,7907705785.98,7907705785.98,507.9057,
600267.SH,海正药业,2019-01-23,8.1439,8.2037,8.0243,8.1639,4927195,0.5103,7907705785.98,7907705785.98,507.9057,
600267.SH,海正药业,2019-01-24,8.134,8.1838,7.9246,7.9745,12787054,1.3244,7724254736,7724254736,496.1228,
600267.SH,海正药业,2019-01-25,8.1539,8.5825,8.114,8.4529,29663262,3.0722,8187710020.16,8187710020.16,525.8902,
600267.SH,海正药业,2019-01-28,8.4729,8.4729,8.1439,8.1439,15463628,1.6016,7888395149.14,7888395149.14,506.6654,
600267.SH,海正药业,2019-01-29,8.1439,8.2037,7.8648,7.9346,15418563,1.5969,7685633462.32,7685633462.32,493.6422,
600267.SH,海正药业,2019-01-30,7.8748,8.0143,7.805,7.8947,6404051,0.6633,7647012188.64,7647012188.64,491.1616,
600267.SH,海正药业,2019-01-31,7.8748,7.9446,7.7552,7.8449,11592838,1.2007,7598735596.54,7598735596.54,488.0608,
600267.SH,海正药业,2019-02-01,7.8349,8.2137,7.8349,8.1439,11690111,1.2107,7888395149.14,7888395149.14,506.6654,
600267.SH,海正药业,2019-02-11,8.2735,8.423,8.1838,8.3732,10374330,1.0745,8110467472.8,8110467472.8,520.929,
600267.SH,海正药业,2019-02-12,8.423,8.9115,8.3333,8.6623,21677738,2.2452,8390471706.98,8390471706.98,538.9134,
600267.SH,海正药业,2019-02-13,8.6623,8.8317,8.5925,8.7121,14532870,1.5052,8438748299.08,8438748299.08,542.0142,
600267.SH,海正药业,2019-02-14,8.742,9.1407,8.6722,9.0211,15333793,1.5881,8738063170.1,8738063170.1,561.2389,
600267.SH,海正药业,2019-02-15,9.071,9.1208,8.9015,8.9214,11701781,1.212,8641509985.9,8641509985.9,555.0374,
600267.SH,海正药业,2019-02-18,8.9314,9.1906,8.9314,9.1208,10274756,1.0642,8834616354.3,8834616354.3,567.4404,
600267.SH,海正药业,2019-02-19,9.1208,9.2305,8.9813,9.1407,12855732,1.3315,8853926991.14,8853926991.14,568.6808,
600267.SH,海正药业,2019-02-20,9.1009,9.1009,8.6922,8.9613,14431757,1.4947,8680131259.58,8680131259.58,557.518,
600267.SH,海正药业,2019-02-21,8.9513,8.9912,8.762,8.7919,13811929,1.4305,8515990846.44,8515990846.44,546.9754,
600267.SH,海正药业,2019-02-22,8.7719,8.9813,8.6623,8.9414,11693563,1.2111,8660820622.74,8660820622.74,556.2777,
600267.SH,海正药业,2019-02-25,8.9713,9.4697,8.9613,9.4198,24362430,2.5232,9124275906.9,9124275906.9,586.045,
600267.SH,海正药业,2019-02-26,9.37,10.1575,9.37,10.0379,34931406,3.6178,9722905648.94,9722905648.94,624.4946,
600267.SH,海正药业,2019-02-27,9.8684,10.2173,9.7986,9.8883,17313004,1.7931,9578075872.64,9578075872.64,615.1923,
600267.SH,海正药业,2019-02-28,9.8983,10.5861,9.8186,10.5662,28320596,2.9332,10234637525.2,10234637525.2,657.3627,
600267.SH,海正药业,2019-03-01,10.626,10.6459,10.1974,10.4067,18311664,1.8965,10080152430.48,10080152430.48,647.4402,
600267.SH,海正药业,2019-03-04,10.606,11.0745,10.4366,10.6758,30328615,3.1411,10340846027.82,10340846027.82,664.1844,
600267.SH,海正药业,2019-03-05,10.616,10.7257,10.4167,10.6659,18252346,1.8904,10331190709.4,10331190709.4,663.5643,
600267.SH,海正药业,2019-03-06,10.6758,10.8353,10.5363,10.7655,24295592,2.5163,10427743893.6,10427743893.6,669.7658,
600267.SH,海正药业,2019-03-07,10.7456,11.0845,10.5761,10.8852,21120548,2.1875,10543607714.64,10543607714.64,677.2076,
600267.SH,海正药业,2019-03-08,10.6659,11.5131,10.5761,11.3138,30638993,3.1733,10958786406.7,10958786406.7,703.8742,
600267.SH,海正药业,2019-03-11,11.2639,11.7225,11.1643,11.5929,21198064,2.1955,11229135322.46,11229135322.46,721.2385,
600267.SH,海正药业,2019-03-12,11.7125,11.7424,11.2839,11.4234,23315181,2.4148,11064994909.32,11064994909.32,710.6959,
600267.SH,海正药业,2019-03-13,11.4733,11.6427,10.9549,11.0945,19482519,2.0178,10746369401.46,10746369401.46,690.2308,
600267.SH,海正药业,2019-03-14,10.9948,11.2739,10.7655,11.0048,14056908,1.4559,10659471535.68,10659471535.68,684.6495,
600267.SH,海正药业,2019-03-15,10.9749,11.5131,10.9749,11.1144,14153704,1.4659,10765680038.3,10765680038.3,691.4711,
600267.SH,海正药业,2019-03-18,11.1842,11.5032,11.0945,11.4334,19215754,1.9902,11074650227.74,11074650227.74,711.316,
600267.SH,海正药业,2019-03-19,11.4434,11.5032,11.0945,11.234,11718915,1.2137,10881543859.34,10881543859.34,698.913,
600267.SH,海正药业,2019-03-20,11.2141,11.2639,10.8253,11.0247,15572731,1.6129,10678782172.52,10678782172.52,685.8898,
600267.SH,海正药业,2019-03-21,11.0845,11.3337,11.0546,11.1543,11339957,1.1745,10804301311.98,10804301311.98,693.9518,
600267.SH,海正药业,2019-03-22,11.234,11.3935,10.925,11.2639,14284170,1.4794,10910509814.6,10910509814.6,700.7734,
600267.SH,海正药业,2019-03-25,11.0845,11.3138,11.0446,11.0646,11911413,1.2337,10717403446.2,10717403446.2,688.3704,
600267.SH,海正药业,2019-03-26,11.1344,11.1643,10.6659,10.7157,15730389,1.6292,10379467301.5,10379467301.5,666.665,
600267.SH,海正药业,2019-03-27,10.7057,11.0147,10.7057,10.945,11396799,1.1804,10601539625.16,10601539625.16,680.9285,
600267.SH,海正药业,2019-03-28,11.4434,11.4434,10.925,10.9549,16535496,1.7126,10611194943.58,10611194943.58,681.5487,
600267.SH,海正药业,2019-03-29,10.9848,11.3038,10.8453,11.244,13376745,1.3854,10891199177.76,10891199177.76,699.5331,
600267.SH,海正药业,2019-04-01,11.2639,12.0016,11.1742,11.7723,22794702,2.3608,11402931054.02,11402931054.02,732.4013,
600267.SH,海正药业,2019-04-02,11.8122,12.2907,11.6926,12.1212,18138029,1.8786,11740867198.72,11740867198.72,754.1066,
600267.SH,海正药业,2019-04-03,12.1112,12.4103,11.9318,12.1212,12150606,1.2584,11740867198.72,11740867198.72,754.1066,
600267.SH,海正药业,2019-04-04,12.1411,12.6096,11.9617,12.5299,17294800,1.7912,12136735253.94,12136735253.94,779.533,
600267.SH,海正药业,2019-04-08,12.6395,13.2476,12.1611,12.5698,20785474,2.1527,12175356527.62,12175356527.62,782.0135,
600267.SH,海正药业,2019-04-09,12.4103,12.6694,12.171,12.3804,13299027,1.3774,11991905477.64,11991905477.64,770.2307,
600267.SH,海正药业,2019-04-10,12.4103,13.6164,12.4103,13.2576,29390302,3.0439,12841573498.6,12841573498.6,824.8041,
600267.SH,海正药业,2019-04-11,13.7261,13.7261,12.3704,12.4601,29354552,3.0402,12069148025,12069148025,775.1919,
600267.SH,海正药业,2019-04-12,12.2209,12.4103,12.0115,12.1112,14034577,1.4536,11731211880.3,11731211880.3,753.4865,
600267.SH,海正药业,2019-04-15,12.1511,12.3106,11.7623,11.8421,13103456,1.3571,11470518282.96,11470518282.96,736.7424,
600267.SH,海正药业,2019-04-16,11.9617,12.4601,11.8122,12.1411,9620602,0.9964,11760177835.56,11760177835.56,755.347,
600267.SH,海正药业,2019-04-17,12.1611,12.2308,11.872,11.9617,12368183,1.281,11586382104,11586382104,744.1842,
600267.SH,海正药业,2019-04-18,11.9617,12.0016,11.8222,11.8521,6744739,0.6986,11480173601.38,11480173601.38,737.3625,
600267.SH,海正药业,2019-04-19,11.7923,11.9617,11.6527,11.872,7811758,0.8091,11499484238.22,11499484238.22,738.6028,
600267.SH,海正药业,2019-04-22,11.882,11.9119,11.2639,11.4234,13865642,1.4361,11064994909.32,11064994909.32,710.6959,
600267.SH,海正药业,2019-04-23,11.553,11.9119,11.4234,11.5032,10755788,1.114,11142237456.68,11142237456.68,-23.6298,
600267.SH,海正药业,2019-04-24,11.573,12.1013,11.5331,12.0614,12289450,1.2728,11682935288.2,11682935288.2,-24.7765,
600267.SH,海正药业,2019-04-25,12.0415,12.2109,11.6726,11.7025,9960086,1.0316,11335343825.08,11335343825.08,-24.0393,
600267.SH,海正药业,2019-04-26,11.6029,11.7524,11.3138,11.4334,7651046,0.7924,11074650227.74,11074650227.74,-23.4865,
600267.SH,海正药业,2019-04-29,11.4035,11.6627,11.0446,11.234,10295776,1.0663,10881543859.34,10881543859.34,-23.0769,
600267.SH,海正药业,2019-04-30,11.1443,11.5829,11.1443,11.5231,5782544,0.5989,11161548093.52,11161548093.52,-23.6708,
600267.SH,海正药业,2019-05-06,11.0147,11.4533,10.5462,10.5761,16031653,1.6604,10244292843.62,10244292843.62,-21.7255,
600267.SH,海正药业,2019-05-07,10.7356,11.3636,10.7356,11.3138,13954727,1.4453,10958786406.7,10958786406.7,-23.2407,
600267.SH,海正药业,2019-05-08,11.0845,11.3537,10.9051,10.935,9203438,0.9532,10591884306.74,10591884306.74,-22.4626,
600267.SH,海正药业,2019-05-09,10.7954,10.8453,10.4864,10.5761,9884969,1.0238,10244292843.62,10244292843.62,-21.7255,
600267.SH,海正药业,2019-05-10,10.7456,10.8951,10.4167,10.8154,9932665,1.0287,10476020485.7,10476020485.7,-22.2169,
600267.SH,海正药业,2019-05-13,10.7456,11.3138,10.6858,11.254,12011887,1.2441,10900854496.18,10900854496.18,-23.1179,
600267.SH,海正药业,2019-05-14,11.1144,11.3437,10.7954,10.8852,11906120,1.2331,10543607714.64,10543607714.64,-22.3603,
600267.SH,海正药业,2019-05-15,11.0048,11.2639,10.8652,11.1244,7118785,0.7373,10775335356.72,10775335356.72,-22.8517,
600267.SH,海正药业,2019-05-16,11.254,11.4334,11.1543,11.234,7589724,0.7861,10881543859.34,10881543859.34,-23.0769,
600267.SH,海正药业,2019-05-17,11.0745,11.2041,10.7456,10.8353,8300443,0.8597,10495331122.54,10495331122.54,-22.2579,
600267.SH,海正药业,2019-05-20,10.7356,10.8453,10.317,10.4167,9426193,0.9763,10089807748.9,10089807748.9,-21.3979,
600267.SH,海正药业,2019-05-21,10.4665,10.616,10.3668,10.4964,7770813,0.8048,10167050296.26,10167050296.26,-21.5617,
600267.SH,海正药业,2019-05-22,10.5263,10.5961,10.3668,10.5861,5513672,0.5711,10253948162.04,10253948162.04,-21.746,
600267.SH,海正药业,2019-05-23,10.4167,10.4864,10.1675,10.1675,6257726,0.6481,9848424788.4,9848424788.4,-20.886,
600267.SH,海正药业,2019-05-24,10.1675,10.3269,9.7189,9.7289,12589657,1.3039,9423590777.92,9423590777.92,-19.985,
600267.SH,海正药业,2019-05-27,9.8186,10.1974,9.7588,10.1076,12117211,1.255,9790492877.88,9790492877.88,-20.7631,
600267.SH,海正药业,2019-05-28,10.1974,10.307,9.9581,10.0179,8144531,0.8435,9703595012.1,9703595012.1,-20.5788,
600267.SH,海正药业,2019-05-29,10.0478,10.1076,9.8983,9.9681,6488629,0.672,9655318420,9655318420,-20.4764,
600267.SH,海正药业,2019-05-30,9.9581,10.0179,9.669,9.8485,9539526,0.988,9539454598.96,9539454598.96,-20.2307,
600267.SH,海正药业,2019-05-31,9.8485,9.9183,8.9713,9.2205,22265966,2.3061,8931169538.5,8931169538.5,-18.9407,
600267.SH,海正药业,2019-06-03,9.2404,9.6192,9.2404,9.36,17077501,1.7687,9066343996.38,9066343996.38,-19.2274,
600267.SH,海正药业,2019-06-04,9.3501,9.4099,8.9912,9.0211,11309852,1.1714,8738063170.1,8738063170.1,-18.5312,
600267.SH,海正药业,2019-06-05,9.1507,9.3002,8.8716,9.2105,11061094,1.1456,8921514220.08,8921514220.08,-18.9202,
600267.SH,海正药业,2019-06-06,9.1507,9.1806,8.8018,8.9214,8149068,0.844,8641509985.9,8641509985.9,-18.3264,
600267.SH,海正药业,2019-06-10,9.0211,9.0411,8.7021,8.8716,7478311,0.7745,8593233393.8,8593233393.8,-18.224,
600267.SH,海正药业,2019-06-11,8.8816,9.2105,8.7819,9.1706,8106865,0.8396,8882892946.4,8882892946.4,-18.8383,
600267.SH,海正药业,2019-06-12,9.1806,9.3002,9.0211,9.1009,8725648,0.9037,8815305717.46,8815305717.46,-18.695,
600267.SH,海正药业,2019-06-13,9.1308,9.1308,8.9314,9.0909,6117200,0.6336,8805650399.04,8805650399.04,-18.6745,
600267.SH,海正药业,2019-06-14,9.061,9.1607,8.8218,8.9015,6798586,0.7041,8622199349.06,8622199349.06,-18.2855,
600267.SH,海正药业,2019-06-17,9.1208,9.4697,8.9314,9.2404,17094980,1.7705,8950480175.34,8950480175.34,-18.9817,
600267.SH,海正药业,2019-06-18,9.2604,10.1176,9.1507,10.0578,35300749,3.6561,9742216285.78,9742216285.78,-20.6607,
600267.SH,海正药业,2019-06-19,10.1176,10.1176,9.7687,10.0478,22213256,2.3006,9732560967.36,9732560967.36,-20.6402,
600267.SH,海正药业,2019-06-20,9.998,10.2572,9.8684,10.1575,17155507,1.7768,9838769469.98,9838769469.98,-20.8655,
600267.SH,海正药业,2019-06-21,10.2472,10.2472,10.0379,10.1774,14999057,1.5535,9858080106.82,9858080106.82,-20.9064,
600267.SH,海正药业,2019-06-24,10.9649,10.9649,10.2472,10.3868,24273979,2.5141,10060841793.64,10060841793.64,-21.3364,
600267.SH,海正药业,2019-06-25,10.4067,10.4366,9.9482,10.1475,14464028,1.498,9829114151.56,9829114151.56,-20.845,
600267.SH,海正药业,2019-06-26,10.0777,10.3269,9.9681,10.1176,10315568,1.0684,9800148196.3,9800148196.3,-20.7836,
600267.SH,海正药业,2019-06-27,10.1675,10.2372,9.998,10.1176,8001752,0.8287,9800148196.3,9800148196.3,-20.7836,
600267.SH,海正药业,2019-06-28,10.1176,10.1575,9.7289,9.9681,11889753,1.2314,9655318420,9655318420,-20.4764,
600267.SH,海正药业,2019-07-01,10.0977,10.2173,9.998,10.0678,15134525,1.5675,9751871604.2,9751871604.2,-20.6812,
600267.SH,海正药业,2019-07-02,10.0678,10.2871,10.0279,10.0678,10687344,1.1069,9751871604.2,9751871604.2,-20.6812,
600267.SH,海正药业,2019-07-03,10.0877,10.2871,10.0279,10.1575,9365835,0.97,9838769469.98,9838769469.98,-20.8655,
600267.SH,海正药业,2019-07-04,10.1276,10.1874,9.9681,10.0179,7283194,0.7543,9703595012.1,9703595012.1,-20.5788,
600267.SH,海正药业,2019-07-05,10.0179,10.0777,9.9482,10.008,4411499,0.4569,9693939693.68,9693939693.68,-20.5583,
600267.SH,海正药业,2019-07-08,9.998,9.998,9.4996,9.5195,8585468,0.8892,9220829091.1,9220829091.1,-19.555,
600267.SH,海正药业,2019-07-09,9.4797,9.8186,9.4797,9.7588,7514139,0.7782,9452556733.18,9452556733.18,-20.0464,
600267.SH,海正药业,2019-07-10,9.7588,9.8385,9.4896,9.5793,5245425,0.5433,9278761001.62,9278761001.62,-19.6778,
600267.SH,海正药业,2019-07-11,9.669,9.8285,9.6192,9.7289,4338396,0.4493,9423590777.92,9423590777.92,-19.985,
600267.SH,海正药业,2019-07-12,9.7388,9.7887,9.6192,9.7089,6040770,0.6256,9404280141.08,9404280141.08,-19.944,
600267.SH,海正药业,2019-07-15,9.7089,9.998,9.6591,9.8584,7943631,0.8227,9549109917.38,9549109917.38,-20.2512,
600267.SH,海正药业,2019-07-16,9.8485,9.9382,9.7488,9.7887,7047322,0.7299,9481522688.44,9481522688.44,-20.1079,
600267.SH,海正药业,2019-07-17,9.8186,9.8684,9.4198,9.5594,12154700,1.2589,9259450364.78,9259450364.78,-19.6369,
600267.SH,海正药业,2019-07-18,9.6092,9.6092,9.4099,9.4198,6508936,0.6741,9124275906.9,9124275906.9,-19.3502,
600267.SH,海正药业,2019-07-19,9.6491,10.0379,9.5793,9.8584,17753741,1.8388,9549109917.38,9549109917.38,-20.2512,
600267.SH,海正药业,2019-07-22,9.7787,9.7986,9.3202,9.3899,13637726,1.4125,9095309951.64,9095309951.64,-19.2888,
600267.SH,海正药业,2019-07-23,9.3899,9.5395,9.37,9.4597,6073175,0.629,9162897180.58,9162897180.58,-19.4321,
600267.SH,海正药业,2019-07-24,9.5295,9.699,9.4797,9.5694,7082517,0.7335,9269105683.2,9269105683.2,-19.6574,
600267.SH,海正药业,2019-07-25,9.5993,9.6092,9.4896,9.5694,5058093,0.5239,9269105683.2,9269105683.2,-19.6574,
600267.SH,海正药业,2019-07-26,9.5793,9.7687,9.5195,9.7189,8509306,0.8813,9413935459.5,9413935459.5,-19.9645,
600267.SH,海正药业,2019-07-29,9.679,9.988,9.6491,9.8883,9395235,0.9731,9578075872.64,9578075872.64,-20.3126,
600267.SH,海正药业,2019-07-30,9.8883,10.0977,9.8385,9.988,9038905,0.9362,9674629056.84,9674629056.84,-20.5174,
600267.SH,海正药业,2019-07-31,9.9482,10.4964,9.9482,10.3668,21383476,2.2147,10041531156.8,10041531156.8,-21.2955,
600267.SH,海正药业,2019-08-01,10.0678,10.2671,9.9681,10.0777,13416457,1.3895,9761526922.62,9761526922.62,-20.7017,
600267.SH,海正药业,2019-08-02,9.8485,10.0977,9.8186,9.988,9148004,0.9475,9674629056.84,9674629056.84,-20.5174,
600267.SH,海正药业,2019-08-05,9.9681,10.3269,9.7887,9.9282,10018380,1.0376,9616697146.32,9616697146.32,-20.3945,
600267.SH,海正药业,2019-08-06,9.7488,9.8684,9.4996,9.7687,10895441,1.1284,9462212051.6,9462212051.6,-20.0669,
600267.SH,海正药业,2019-08-07,9.7986,9.8983,9.5694,9.5694,6031205,0.6247,9269105683.2,9269105683.2,-19.6574,
600267.SH,海正药业,2019-08-08,9.6292,9.679,9.5195,9.5395,5885000,0.6095,9240139727.94,9240139727.94,-19.5959,
600267.SH,海正药业,2019-08-09,9.6092,9.6491,9.1407,9.2604,10492300,1.0867,8969790812.18,8969790812.18,-19.0226,
600267.SH,海正药业,2019-08-12,9.2803,9.689,9.2305,9.5694,10597815,1.0976,9269105683.2,9269105683.2,-19.6574,
600267.SH,海正药业,2019-08-13,9.6391,10.0279,9.5694,9.9183,13568698,1.4053,9607041827.9,9607041827.9,-20.374,
600267.SH,海正药业,2019-08-14,9.9781,10.1675,9.8684,9.9282,11105193,1.1502,9616697146.32,9616697146.32,-20.3945,
600267.SH,海正药业,2019-08-15,9.7388,10.1575,9.7089,10.0977,11305632,1.1709,9780837559.46,9780837559.46,-20.7426,
600267.SH,海正药业,2019-08-16,10.0977,10.2771,10.0379,10.0478,11652770,1.2069,9732560967.36,9732560967.36,-20.6402,
600267.SH,海正药业,2019-08-19,10.0777,10.3668,10.0777,10.1675,19357207,2.0048,9848424788.4,9848424788.4,-20.886,
600267.SH,海正药业,2019-08-20,10.2273,10.3768,10.0678,10.1276,13200991,1.3672,9809803514.72,9809803514.72,-21.5746,
600267.SH,海正药业,2019-08-21,10.1675,10.1774,9.9581,10.1475,10533298,1.0909,9829114151.56,9829114151.56,-21.6171,
600267.SH,海正药业,2019-08-22,10.1774,10.1774,9.9681,10.0179,10237466,1.0603,9703595012.1,9703595012.1,-21.341,
600267.SH,海正药业,2019-08-23,9.998,10.4167,9.8784,10.2871,19452033,2.0146,9964288609.44,9964288609.44,-21.9143,
600267.SH,海正药业,2019-08-26,10.0977,10.6459,10.0877,10.5263,22283031,2.3079,10196016251.52,10196016251.52,-22.424,
600267.SH,海正药业,2019-08-27,10.6559,10.8652,10.5961,10.7954,22727632,2.3539,10456709848.86,10456709848.86,-22.9973,
600267.SH,海正药业,2019-08-28,10.7655,10.8253,10.626,10.6858,12230852,1.2667,10350501346.24,10350501346.24,-22.7637,
600267.SH,海正药业,2019-08-29,10.7057,10.7655,10.5363,10.5562,9034440,0.9357,10224982206.78,10224982206.78,-22.4877,
600267.SH,海正药业,2019-08-30,10.6659,10.7855,10.4864,10.5562,11589079,1.2003,10224982206.78,10224982206.78,-22.4877,
600267.SH,海正药业,2019-09-02,10.5861,11.234,10.5861,11.1443,24313555,2.5182,10794645993.56,10794645993.56,-23.7405,
600267.SH,海正药业,2019-09-03,11.2141,11.4434,11.0347,11.2839,15147262,1.5688,10929820451.44,10929820451.44,-24.0378,
600267.SH,海正药业,2019-09-04,10.9649,11.244,10.8951,10.9649,26346350,2.7287,10620850262,10620850262,-23.3583,
600267.SH,海正药业,2019-09-05,11.0646,11.2739,10.945,10.945,17485621,1.811,10601539625.16,10601539625.16,-23.3158,
600267.SH,海正药业,2019-09-06,10.9649,11.1344,10.8752,10.9649,10964630,1.1356,10620850262,10620850262,-23.3583,
600267.SH,海正药业,2019-09-09,11.0745,11.1045,10.9151,11.0446,11755758,1.2175,10698092809.36,10698092809.36,-23.5282,
600267.SH,海正药业,2019-09-10,10.9948,11.2141,10.9151,11.0845,13947895,1.4446,10736714083.04,10736714083.04,-23.6131,
600267.SH,海正药业,2019-09-11,11.1244,11.1742,10.8453,10.8553,10142103,1.0504,10514641759.38,10514641759.38,-23.1247,
600267.SH,海正药业,2019-09-12,10.8652,11.0347,10.7556,11.0048,8225983,0.852,10659471535.68,10659471535.68,-23.4433,
600267.SH,海正药业,2019-09-16,11.0048,11.0446,10.7257,10.7954,10867424,1.1255,10456709848.86,10456709848.86,-22.9973,
600267.SH,海正药业,2019-09-17,10.7954,10.8353,10.4067,10.4765,10283685,1.0651,10147739659.42,10147739659.42,-22.3178,
600267.SH,海正药业,2019-09-18,10.4964,10.5263,10.2472,10.3369,9230030,0.956,10012565201.54,10012565201.54,-22.0205,
600267.SH,海正药业,2019-09-19,10.3369,10.4466,10.297,10.4167,5264626,0.5453,10089807748.9,10089807748.9,-22.1904,
600267.SH,海正药业,2019-09-20,10.3967,10.4864,10.2073,10.2771,9713583,1.006,9954633291.02,9954633291.02,-21.8931,
600267.SH,海正药业,2019-09-23,10.307,10.307,10.0179,10.1176,10562447,1.094,9800148196.3,9800148196.3,-21.5534,
600267.SH,海正药业,2019-09-24,10.0678,10.5163,10.0578,10.2273,12987066,1.3451,9906356698.92,9906356698.92,-21.7869,
600267.SH,海正药业,2019-09-25,10.2273,10.2273,9.8385,9.8784,13520110,1.4003,9568420554.22,9568420554.22,-21.0437,
600267.SH,海正药业,2019-09-26,9.8883,9.9681,9.5993,9.6092,9748017,1.0096,9307726956.88,9307726956.88,-20.4704,
600267.SH,海正药业,2019-09-27,9.5893,9.7787,9.5494,9.679,6592331,0.6828,9375314185.82,9375314185.82,-20.619,
600267.SH,海正药业,2019-09-30,9.679,9.7787,9.5295,9.6092,5922024,0.6133,9307726956.88,9307726956.88,-20.4704,
600267.SH,海正药业,2019-10-08,9.6192,9.8485,9.6192,9.669,5847499,0.6056,9365658867.4,9365658867.4,-20.5978,
600267.SH,海正药业,2019-10-09,9.699,10.1774,9.5793,9.9482,12187640,1.2623,9636007783.16,9636007783.16,-21.1924,
600267.SH,海正药业,2019-10-10,9.9482,9.9482,9.7488,9.8684,10523417,1.0899,9558765235.8,9558765235.8,-21.0225,
600267.SH,海正药业,2019-10-11,9.8684,9.9183,9.7986,9.8584,6172526,0.6393,9549109917.38,9549109917.38,-21.0013,
600267.SH,海正药业,2019-10-14,9.9282,10.1076,9.9083,10.0578,8916717,0.9235,9742216285.78,9742216285.78,-21.4259,
600267.SH,海正药业,2019-10-15,10.0478,10.0777,9.8983,9.9681,6181798,0.6402,9655318420,9655318420,-21.2348,
600267.SH,海正药业,2019-10-16,9.9681,10.0777,9.8983,9.8983,6589821,0.6825,9587731191.06,9587731191.06,-21.0862,
600267.SH,海正药业,2019-10-17,9.9183,9.9681,9.7887,9.9282,6043742,0.6259,9616697146.32,9616697146.32,-21.1499,
600267.SH,海正药业,2019-10-18,9.9382,9.9382,9.5694,9.6192,8802542,0.9117,9317382275.3,9317382275.3,-20.4916,
600267.SH,海正药业,2019-10-21,9.5993,9.679,9.3999,9.6591,7095242,0.7349,9356003548.98,9356003548.98,-20.5766,
600267.SH,海正药业,2019-10-22,9.6591,9.9083,9.6192,9.8485,6543934,0.6778,9539454598.96,9539454598.96,-20.98,
600267.SH,海正药业,2019-10-23,9.9183,9.9581,9.7887,9.8784,5954950,0.6168,9568420554.22,9568420554.22,-21.0437,
600267.SH,海正药业,2019-10-24,9.8983,9.8983,9.699,9.7986,5581842,0.5781,9491178006.86,9491178006.86,-20.8738,
600267.SH,海正药业,2019-10-25,9.7488,9.8485,9.6092,9.7787,6115429,0.6334,9471867370.02,9471867370.02,-20.8314,
600267.SH,海正药业,2019-10-28,9.7687,9.8684,9.7189,9.7787,6451800,0.6682,9471867370.02,9471867370.02,-20.8314,
600267.SH,海正药业,2019-10-29,9.7887,10.0478,9.7588,9.8485,10479233,1.0853,9539454598.96,9539454598.96,-20.98,
600267.SH,海正药业,2019-10-30,9.8584,9.8584,9.5494,9.5893,10084183,1.0444,9288416320.04,9288416320.04,-20.4279,
600267.SH,海正药业,2019-10-31,9.8086,10.5462,9.7887,10.5462,75828422,7.8535,10215326888.36,10215326888.36,13.5231,
600267.SH,海正药业,2019-11-01,10.5163,10.6858,10.1774,10.4765,51469847,5.3307,10147739659.42,10147739659.42,13.4336,
600267.SH,海正药业,2019-11-04,10.6659,11.1643,10.4765,10.7157,50557324,5.2362,10379467301.5,10379467301.5,13.7403,
600267.SH,海正药业,2019-11-05,10.7655,10.7855,10.4665,10.5961,28358696,2.9371,10263603480.46,10263603480.46,13.587,
600267.SH,海正药业,2019-11-06,10.5961,10.636,10.3868,10.4466,19261466,1.9949,10118773704.16,10118773704.16,13.3952,
600267.SH,海正药业,2019-11-07,10.5163,10.925,10.4565,10.8253,35206427,3.6463,10485675804.12,10485675804.12,13.8809,
600267.SH,海正药业,2019-11-08,10.935,10.945,10.5961,10.626,25267397,2.6169,10292569435.72,10292569435.72,13.6253,
600267.SH,海正药业,2019-11-11,10.626,10.7655,10.4565,10.7356,19821915,2.053,10398777938.34,10398777938.34,13.7659,
600267.SH,海正药业,2019-11-12,10.6858,10.7556,10.4067,10.5861,16149062,1.6726,10253948162.04,10253948162.04,13.5742,
600267.SH,海正药业,2019-11-13,10.5562,10.8652,10.4964,10.6958,21558933,2.2329,10360156664.66,10360156664.66,13.7148,
600267.SH,海正药业,2019-11-14,10.616,10.6758,10.4565,10.5662,16101933,1.6677,10234637525.2,10234637525.2,13.5486,
600267.SH,海正药业,2019-11-15,10.5761,10.7257,10.4067,10.4366,14625157,1.5147,10109118385.74,10109118385.74,13.3825,
600267.SH,海正药业,2019-11-18,10.3967,10.5462,10.3469,10.4765,11653357,1.2069,10147739659.42,10147739659.42,13.4336,
600267.SH,海正药业,2019-11-19,10.4266,10.7556,10.3768,10.7356,19507743,2.0204,10398777938.34,10398777938.34,13.7659,
600267.SH,海正药业,2019-11-20,10.6758,10.8453,10.5861,10.7954,20106295,2.0824,10456709848.86,10456709848.86,13.8426,
600267.SH,海正药业,2019-11-21,10.8253,11.234,10.7855,10.8553,35089835,3.6342,10514641759.38,10514641759.38,13.9193,
600267.SH,海正药业,2019-11-22,10.8652,11.0247,10.5263,10.6659,23603173,2.4446,10331190709.4,10331190709.4,13.6764,
600267.SH,海正药业,2019-11-25,10.616,10.6559,10.2671,10.2871,17042240,1.7651,9964288609.44,9964288609.44,13.1907,
600267.SH,海正药业,2019-11-26,10.3269,10.3868,10.1874,10.2273,9774118,1.0123,9906356698.92,9906356698.92,13.114,
600267.SH,海正药业,2019-11-27,10.2372,10.3868,10.2173,10.317,7750420,0.8027,9993254564.7,9993254564.7,13.2291,
600267.SH,海正药业,2019-11-28,10.4765,10.7456,10.4167,10.626,21705060,2.248,10292569435.72,10292569435.72,13.6253,
600267.SH,海正药业,2019-11-29,10.5761,10.606,10.3668,10.5363,11904785,1.233,10205671569.94,10205671569.94,13.5103,
600267.SH,海正药业,2019-12-02,10.4765,10.5861,10.297,10.3369,11441076,1.185,10012565201.54,10012565201.54,13.2546,
600267.SH,海正药业,2019-12-03,10.2871,10.2871,10.0379,10.1375,14328389,1.484,9819458833.14,9819458833.14,12.999,
600267.SH,海正药业,2019-12-04,10.0379,10.2073,10.0179,10.1475,7571567,0.7842,9829114151.56,9829114151.56,13.0118,
600267.SH,海正药业,2019-12-05,10.1675,10.2871,10.1276,10.2372,10121756,1.0483,9916012017.34,9916012017.34,13.1268,
600267.SH,海正药业,2019-12-06,10.2173,11.0446,10.1774,10.6459,27127852,2.8096,10311880072.56,10311880072.56,13.6509,
600267.SH,海正药业,2019-12-09,10.5462,10.7655,10.4864,10.6858,21950684,2.2734,10350501346.24,10350501346.24,13.702,
600267.SH,海正药业,2019-12-10,10.6758,10.7755,10.5363,10.5961,18976543,1.9654,10263603480.46,10263603480.46,13.587,
600267.SH,海正药业,2019-12-11,10.008,10.3568,9.7488,9.8684,60359771,6.2515,9558765235.8,9558765235.8,12.6539,
600267.SH,海正药业,2019-12-12,9.8784,9.9083,9.5694,9.5893,32306196,3.3459,9288416320.04,9288416320.04,12.296,
600267.SH,海正药业,2019-12-13,9.5993,9.8086,9.5893,9.7488,21624930,2.2397,9442901414.76,9442901414.76,12.5005,
600267.SH,海正药业,2019-12-16,9.7488,10.1076,9.7488,10.0379,23759469,2.4608,9722905648.94,9722905648.94,12.8712,
600267.SH,海正药业,2019-12-17,10.0678,10.2173,9.998,10.1076,19642395,2.0344,9790492877.88,9790492877.88,12.9607,
600267.SH,海正药业,2019-12-18,10.1076,10.1874,9.9382,9.9781,21320093,2.2081,9664973738.42,9664973738.42,12.7945,
600267.SH,海正药业,2019-12-19,9.9781,10.0379,9.8784,9.9581,15148235,1.5689,9645663101.58,9645663101.58,12.7689,
600267.SH,海正药业,2019-12-20,9.9581,9.988,9.7289,9.7488,18474672,1.9134,9442901414.76,9442901414.76,12.5005,
600267.SH,海正药业,2019-12-23,9.7388,9.7887,9.5694,9.6192,14236900,1.4745,9317382275.3,9317382275.3,12.3344,
600267.SH,海正药业,2019-12-24,9.6491,9.6591,9.4498,9.5993,16397426,1.6983,9298071638.46,9298071638.46,12.3088,
600267.SH,海正药业,2019-12-25,9.5295,9.5893,9.4697,9.5195,12601459,1.3051,9220829091.1,9220829091.1,12.2065,
600267.SH,海正药业,2019-12-26,9.5295,9.7488,9.5295,9.6591,18858072,1.9531,9356003548.98,9356003548.98,12.3855,
600267.SH,海正药业,2019-12-27,9.5993,9.7089,9.5395,9.5395,14424906,1.494,9240139727.94,9240139727.94,12.2321,
600267.SH,海正药业,2019-12-30,9.5096,9.5893,9.3202,9.5594,15788908,1.6353,9259450364.78,9259450364.78,12.2577,
600267.SH,海正药业,2019-12-31,9.5993,9.9183,9.5893,9.8784,34436818,3.5666,9568420554.22,9568420554.22,12.6667,
600267.SH,海正药业,2020-01-02,9.8285,10.0478,9.7289,9.9681,30249599,3.1329,9655318420,9655318420,12.7817,
600267.SH,海正药业,2020-01-03,9.9482,9.998,9.8086,9.8485,20176379,2.0897,9539454598.96,9539454598.96,12.6283,
600267.SH,海正药业,2020-01-06,9.7588,9.9382,9.7189,9.8584,20119135,2.0837,9549109917.38,9549109917.38,12.6411,
600267.SH,海正药业,2020-01-07,9.8684,10.0777,9.8684,10.0379,20057816,2.0774,9722905648.94,9722905648.94,12.8712,
600267.SH,海正药业,2020-01-08,10.0478,10.0478,9.8485,9.8983,16123304,1.6699,9587731191.06,9587731191.06,12.6922,
600267.SH,海正药业,2020-01-09,9.9781,10.1974,9.9482,10.0977,18290100,1.8943,9780837559.46,9780837559.46,12.9479,
600267.SH,海正药业,2020-01-10,10.1176,10.297,10.008,10.2273,19565290,2.0264,9906356698.92,9906356698.92,13.114,
600267.SH,海正药业,2020-01-13,10.1974,10.1974,10.0379,10.1375,15649444,1.6208,9819458833.14,9819458833.14,12.999,
600267.SH,海正药业,2020-01-14,10.1874,10.3369,10.1375,10.2372,18176123,1.8825,9916012017.34,9916012017.34,13.1268,
600267.SH,海正药业,2020-01-15,10.2372,10.2871,10.1276,10.1974,12479195,1.2925,9877390743.66,9877390743.66,13.0757,
600267.SH,海正药业,2020-01-16,10.1874,10.1974,10.008,10.0179,14243089,1.4752,9703595012.1,9703595012.1,12.8456,
600267.SH,海正药业,2020-01-17,10.008,10.297,10.008,10.1375,15790103,1.6354,9819458833.14,9819458833.14,12.999,
600267.SH,海正药业,2020-01-20,10.6659,10.8253,10.3868,10.6758,43074522,4.4612,10340846027.82,10340846027.82,13.6892,
600267.SH,海正药业,2020-01-21,11.0048,11.7424,10.8154,11.7424,98254839,10.1762,11373965098.76,11373965098.76,15.0569,
600267.SH,海正药业,2020-01-22,12.2608,12.2608,11.0945,11.3038,80138459,8.2999,10949131088.28,10949131088.28,14.4945,
600267.SH,海正药业,2020-01-23,11.3138,11.8222,11.1045,11.4832,70670204,7.3193,11122926819.84,11122926819.84,14.7245,
600267.SH,海正药业,2020-02-03,12.6296,12.6296,11.1742,12.6296,105670072,10.9442,12233288438.14,12233288438.14,16.1944,
600267.SH,海正药业,2020-02-04,12.5598,13.437,11.4633,12.6296,109067283,11.2961,12233288438.14,12233288438.14,16.1944,
600267.SH,海正药业,2020-02-05,12.9585,13.8955,12.7691,13.8955,131325714,13.6014,13459513877.48,13459513877.48,17.8177,
600267.SH,海正药业,2020-02-06,14.4737,15.2811,14.1846,15.2811,82584764,8.5533,14801603137.86,14801603137.86,19.5944,
600267.SH,海正药业,2020-02-07,16.0287,16.7265,13.8357,14.4737,175393969,18.1655,14019522345.84,14019522345.84,18.5591,
600267.SH,海正药业,2020-02-10,14.1746,14.1746,13.0283,13.0283,109204025,11.3102,12619501174.94,12619501174.94,16.7057,
600267.SH,海正药业,2020-02-11,12.6694,14.3341,12.2508,14.3341,100223713,10.3802,13884347887.96,13884347887.96,18.3801,
600267.SH,海正药业,2020-02-12,14.4139,15.0219,13.6363,14.3341,117104760,12.1285,13884347887.96,13884347887.96,18.3801,
600267.SH,海正药业,2020-02-13,14.065,15.7695,13.7659,15.3509,140112553,14.5114,14869190366.8,14869190366.8,19.6838,
600267.SH,海正药业,2020-02-14,14.9123,16.0785,14.7528,15.5602,102582428,10.6244,15071952053.62,15071952053.62,19.9523,
600267.SH,海正药业,2020-02-17,17.1152,17.1152,17.1152,17.1152,6301809,0.6527,16578181727.14,16578181727.14,21.9462,
600267.SH,海正药业,2020-02-18,18.8297,18.8297,17.5239,17.6734,245673044,25.4443,17118879558.66,17118879558.66,22.662,
600267.SH,海正药业,2020-02-19,17.7432,17.7432,15.9489,16.258,130686421,13.5352,15747824343.02,15747824343.02,20.847,
600267.SH,海正药业,2020-02-20,15.6499,15.8891,15.002,15.3808,100812050,10.4411,14898156322.06,14898156322.06,19.7222,
600267.SH,海正药业,2020-02-21,15.4007,16.1084,14.7627,15.8293,93231972,9.656,15332645650.96,15332645650.96,20.2974,
600267.SH,海正药业,2020-02-24,16.2779,16.6268,15.8393,15.8792,84522396,8.754,15380922243.06,15380922243.06,20.3613,
600267.SH,海正药业,2020-02-25,15.4306,16.5371,15.1615,16.238,95541767,9.8952,15728513706.18,15728513706.18,20.8214,
600267.SH,海正药业,2020-02-26,16.2281,16.2281,14.982,15.0618,86803274,8.9902,14589186132.62,14589186132.62,19.3132,
600267.SH,海正药业,2020-02-27,15.1017,15.3708,14.4836,14.5534,54120687,5.6053,14096764893.2,14096764893.2,18.6613,
600267.SH,海正药业,2020-02-28,14.6132,15.2412,14.4637,14.8624,72190178,7.4767,14396079764.22,14396079764.22,19.0575,
600267.SH,海正药业,2020-03-02,15.5203,15.6997,14.8824,15.1116,53350722,5.5255,14637462724.72,14637462724.72,19.3771,
600267.SH,海正药业,2020-03-03,15.1116,15.61,14.9023,15.2013,62095644,6.4312,14724360590.5,14724360590.5,19.4921,
600267.SH,海正药业,2020-03-04,14.9521,15.0817,14.4537,14.7129,48736853,5.0477,14251249987.92,14251249987.92,18.8658,
600267.SH,海正药业,2020-03-05,14.7328,14.8525,14.4537,14.5634,41213120,4.2684,14106420211.62,14106420211.62,18.6741,
600267.SH,海正药业,2020-03-06,14.6531,14.8624,14.5733,14.6531,36450752,3.7752,14193318077.4,14193318077.4,18.7891,
600267.SH,海正药业,2020-03-09,14.8325,15.8792,14.4936,15.3309,79421156,8.2256,14849879729.96,14849879729.96,19.6583,
600267.SH,海正药业,2020-03-10,14.5833,14.7727,13.7958,14.2444,65058195,6.7381,13797450022.18,13797450022.18,18.2651,
600267.SH,海正药业,2020-03-11,14.1547,14.1647,13.5865,13.6264,50853659,5.2669,13198820280.14,13198820280.14,17.4726,
600267.SH,海正药业,2020-03-12,13.8656,14.065,13.3473,13.3572,40804076,4.2261,12938126682.8,12938126682.8,17.1275,
600267.SH,海正药业,2020-03-13,12.4402,13.9354,12.2608,13.427,56829581,5.8858,13005713911.74,13005713911.74,17.217,
600267.SH,海正药业,2020-03-16,13.9553,14.2344,13.3871,13.447,58842151,6.0943,13025024548.58,13025024548.58,17.2425,
600267.SH,海正药业,2020-03-17,13.4769,13.6363,12.2608,12.9087,43958320,4.5528,12503637353.9,12503637353.9,16.5523,
600267.SH,海正药业,2020-03-18,14.2045,14.2045,14.2045,14.2045,12900965,1.3362,13758828748.5,13758828748.5,18.2139,
600267.SH,海正药业,2020-03-19,15.63,15.63,14.9521,15.63,193563823,20.0474,15139539282.56,15139539282.56,20.0417,
600267.SH,海正药业,2020-03-20,16.238,17.1451,15.2611,16.3277,181626318,18.811,15815411571.96,15815411571.96,20.9365,
600267.SH,海正药业,2020-03-23,16.4474,16.8261,14.992,15.3808,121772874,12.612,14898156322.06,14898156322.06,19.7222,
600267.SH,海正药业,2020-03-24,15.0917,15.2811,13.8457,14.2145,100881948,10.4483,13768484066.92,13768484066.92,18.2267,
600267.SH,海正药业,2020-03-25,14.374,14.9023,13.9753,14.7627,83583961,8.6568,14299526580.02,14299526580.02,18.9297,
600267.SH,海正药业,2020-03-26,14.5733,16.1483,14.3341,15.9091,113836693,11.7901,15409888198.32,15409888198.32,20.3996,
600267.SH,海正药业,2020-03-27,15.5702,16.1184,15.2512,15.4306,84438722,8.7453,14946432914.16,14946432914.16,19.7861,
600267.SH,海正药业,2020-03-30,15.3509,16.0486,14.683,14.8425,79257660,8.2087,14376769127.38,14376769127.38,19.032,
600267.SH,海正药业,2020-03-31,14.5833,14.6033,14.0052,14.1148,61561286,6.3759,13671930882.72,13671930882.72,18.0989,
600267.SH,海正药业,2020-04-01,13.9553,14.3341,13.5666,14.1348,47964925,4.9677,13691241519.56,13691241519.56,18.1245,
600267.SH,海正药业,2020-04-02,14.0151,14.055,13.6862,14.0052,39480524,4.089,13565722380.1,13565722380.1,17.9583,
600267.SH,海正药业,2020-04-03,14.0949,14.6531,14.0151,14.3541,57570477,5.9626,13903658524.8,13903658524.8,18.4057,
600267.SH,海正药业,2020-04-07,14.6431,15.2013,14.4139,15.0319,65348514,6.7681,14560220177.36,14560220177.36,19.2748,
600267.SH,海正药业,2020-04-08,15.2512,16.5371,15.1216,16.5371,106572775,11.0377,16018173258.78,16018173258.78,21.2049,
600267.SH,海正药业,2020-04-09,16.9458,17.6535,16.2679,16.4374,154904371,16.0434,15921620074.58,15921620074.58,21.0771,
600267.SH,海正药业,2020-04-10,16.6068,16.9358,15.9689,16.5969,102180191,10.5828,16076105169.3,16076105169.3,21.2816,
600267.SH,海正药业,2020-04-13,16.3477,17.2049,15.9888,16.8361,95985873,9.9412,16307832811.38,16307832811.38,21.5883,
600267.SH,海正药业,2020-04-14,16.547,16.9258,16.0387,16.5171,80441863,8.3314,15998862621.94,15998862621.94,21.1793,
600267.SH,海正药业,2020-04-15,16.258,18.132,16.1483,17.7233,120635761,12.4942,17167156150.76,17167156150.76,22.7259,
600267.SH,海正药业,2020-04-16,17.3544,18.1419,16.9956,17.195,99050548,10.2587,16655424274.5,16655424274.5,22.0485,
600267.SH,海正药业,2020-04-17,17.0454,17.3544,16.3875,16.5769,76680866,7.9418,16056794532.46,16056794532.46,21.256,
600267.SH,海正药业,2020-04-20,16.7265,17.1252,16.3776,16.7265,52960776,5.4851,16201624308.76,16201624308.76,21.4477,
600267.SH,海正药业,2020-04-21,16.9458,18.3214,16.7564,17.6734,113777182,11.7839,17118879558.66,17118879558.66,22.662,
600267.SH,海正药业,2020-04-22,17.2747,17.5638,16.7464,17.2847,70144552,7.2649,16742322140.28,16742322140.28,22.1635,
600267.SH,海正药业,2020-04-23,17.2548,17.803,16.567,16.7863,69680955,7.2168,16259556219.28,16259556219.28,21.5244,
600267.SH,海正药业,2020-04-24,16.9358,18.112,16.6467,17.4242,98462192,10.1977,16877496598.16,16877496598.16,22.3424,
600267.SH,海正药业,2020-04-27,17.1252,17.1252,15.9789,16.1981,72009423,7.458,15689892432.5,15689892432.5,20.7703,
600267.SH,海正药业,2020-04-28,16.1682,16.1782,14.6332,14.9521,63273222,6.5532,14482977630,14482977630,19.1726,
600267.SH,海正药业,2020-04-29,14.8923,15.3309,14.673,14.8724,37045079,3.8368,14405735082.64,14405735082.64,19.0703,
600267.SH,海正药业,2020-04-30,13.8357,14.2145,13.6762,14.055,74384513,7.704,13613998972.2,13613998972.2,-1351.9828,
600267.SH,海正药业,2020-05-06,13.9952,14.2045,13.8556,14.1248,37988423,3.9345,13681586201.14,13681586201.14,-1358.6947,
600267.SH,海正药业,2020-05-07,14.1647,14.2444,13.8955,13.9155,37041978,3.8364,13478824514.32,13478824514.32,-1338.5588,
600267.SH,海正药业,2020-05-08,13.9354,14.045,13.7261,13.9254,30848306,3.195,13488479832.74,13488479832.74,-1339.5177,
600267.SH,海正药业,2020-05-11,13.9753,14.1348,13.8556,14.045,28298933,2.9309,13604343653.78,13604343653.78,-1351.0239,
600267.SH,海正药业,2020-05-12,14.055,14.6033,13.9354,14.4039,39811426,4.1233,13951935116.9,13951935116.9,-1385.5426,
600267.SH,海正药业,2020-05-13,14.5036,14.5036,14.1248,14.2245,24818507,2.5704,13778139385.34,13778139385.34,-1368.2833,
600267.SH,海正药业,2020-05-14,14.0749,14.1746,13.6164,13.6463,34178072,3.5398,13218130916.98,13218130916.98,-1312.6698,
600267.SH,海正药业,2020-05-15,13.7061,13.9454,13.6663,13.6762,20453078,2.1183,13247096872.24,13247096872.24,-1315.5464,
600267.SH,海正药业,2020-05-18,13.6762,13.756,13.2675,13.3074,24332260,2.5201,12889850090.7,12889850090.7,-1280.0688,
600267.SH,海正药业,2020-05-19,13.3572,13.6264,13.108,13.2376,22177814,2.297,12822262861.76,12822262861.76,-1273.3568,
600267.SH,海正药业,2020-05-20,13.0881,13.3273,12.9186,12.9685,25483761,2.6393,12561569264.42,12561569264.42,-1247.4678,
600267.SH,海正药业,2020-05-21,13.0084,13.2177,12.819,13.1379,24056483,2.4915,12725709677.56,12725709677.56,-1263.7683,
600267.SH,海正药业,2020-05-22,13.0682,13.2077,12.4601,12.6096,20921563,2.1668,12213977801.3,12213977801.3,-1212.9491,
600267.SH,海正药业,2020-05-25,12.5698,12.7293,12.4601,12.49,13263727,1.3737,12098113980.26,12098113980.26,-1201.4429,
600267.SH,海正药业,2020-05-26,12.5199,12.7093,12.4402,12.6894,15868940,1.6435,12291220348.66,12291220348.66,-1220.6199,
600267.SH,海正药业,2020-05-27,12.6894,13.3273,12.5,13.128,28605459,2.9627,12716054359.14,12716054359.14,-1262.8094,
600267.SH,海正药业,2020-05-28,13.118,13.118,12.6495,12.7791,16740796,1.7338,12378118214.44,12378118214.44,-1229.2496,
600267.SH,海正药业,2020-05-29,12.7093,13.2376,12.6694,13.0682,18234065,1.8885,12658122448.62,12658122448.62,-1257.0563,
600267.SH,海正药业,2020-06-01,13.118,13.3373,13.118,13.2675,20697460,2.1436,12851228817.02,12851228817.02,-1276.2334,
600267.SH,海正药业,2020-06-02,13.2476,14.1348,13.128,13.9553,46353539,4.8008,13517445788,13517445788,-1342.3943,
600267.SH,海正药业,2020-06-03,13.9653,14.0949,13.7261,13.756,24590600,2.5468,13324339419.6,13324339419.6,-1323.2172,
600267.SH,海正药业,2020-06-04,13.8257,14.0351,13.6363,13.9155,20141528,2.0861,13478824514.32,13478824514.32,-1338.5588,
600267.SH,海正药业,2020-06-05,13.9155,14.1048,13.7659,13.9852,20712165,2.1452,13546411743.26,13546411743.26,-1345.2708,
600267.SH,海正药业,2020-06-08,14.045,14.5933,14.045,14.4936,34547085,3.578,14038832982.68,14038832982.68,-1394.1724,
600267.SH,海正药业,2020-06-09,14.4737,14.673,14.3142,14.364,20615203,2.1351,13913313843.22,13913313843.22,-1381.7073,
600267.SH,海正药业,2020-06-10,14.4139,14.5135,14.2843,14.3341,14428983,1.4944,13884347887.96,13884347887.96,-1378.8307,
600267.SH,海正药业,2020-06-11,14.4039,14.4637,13.9653,13.9653,18950873,1.9627,13527101106.42,13527101106.42,-1343.3531,
600267.SH,海正药业,2020-06-12,13.746,14.2843,13.6563,14.2544,19968466,2.0681,13807105340.6,13807105340.6,-1371.1598,
600267.SH,海正药业,2020-06-15,14.6033,14.8126,14.2444,14.5534,28008858,2.9009,14096764893.2,14096764893.2,-1399.9254,
600267.SH,海正药业,2020-06-16,14.4936,14.7926,14.364,14.6332,23082456,2.3906,14174007440.56,14174007440.56,-1407.5963,
600267.SH,海正药业,2020-06-17,14.7827,15.4705,14.7727,15.1216,35000716,3.625,14647118043.14,14647118043.14,-1454.5801,
600267.SH,海正药业,2020-06-18,15.1714,15.2312,14.5335,14.5634,28309673,2.932,14106420211.62,14106420211.62,-1400.8843,
600267.SH,海正药业,2020-06-19,14.5135,14.6033,14.2544,14.3142,17013806,1.7621,13865037251.12,13865037251.12,-1376.913,
600267.SH,海正药业,2020-06-22,14.4438,14.6033,14.1348,14.5335,18825452,1.9497,14077454256.36,14077454256.36,-1398.0077,
600267.SH,海正药业,2020-06-23,14.5434,14.6332,14.2544,14.2743,14707707,1.5233,13826415977.44,13826415977.44,-1373.0775,
600267.SH,海正药业,2020-06-24,14.2843,14.4139,14.0351,14.1547,13524589,1.4007,13710552156.4,13710552156.4,-1361.5713,
600267.SH,海正药业,2020-06-29,14.1447,14.4936,14.0052,14.3042,15870185,1.6437,13855381932.7,13855381932.7,-1375.9541,
600267.SH,海正药业,2020-06-30,14.3241,14.4338,14.1547,14.3042,12938311,1.34,13855381932.7,13855381932.7,-1375.9541,
600267.SH,海正药业,2020-07-01,14.374,14.8026,14.2544,14.5335,22997696,2.3819,14077454256.36,14077454256.36,-1398.0077,
600267.SH,海正药业,2020-07-02,14.5135,14.9123,14.4537,14.7129,21079147,2.1832,14251249987.92,14251249987.92,-1415.2671,
600267.SH,海正药业,2020-07-03,14.8724,14.8824,14.6132,14.6332,15884412,1.6451,14174007440.56,14174007440.56,-1407.5963,
600267.SH,海正药业,2020-07-06,14.8226,15.1017,14.683,14.9422,33405558,3.4598,14473322311.58,14473322311.58,-1437.3207,
600267.SH,海正药业,2020-07-07,15.1714,15.8991,14.8923,15.62,30669520,3.1764,15129883964.14,15129883964.14,-1502.5227,
600267.SH,海正药业,2020-07-08,15.62,15.62,15.62,15.62,--,--,15129883964.14,15129883964.14,-1502.5227,
600267.SH,海正药业,2020-07-09,15.62,15.62,15.62,15.62,--,--,15129883964.14,15129883964.14,-1502.5227,
600267.SH,海正药业,2020-07-10,15.62,15.62,15.62,15.62,--,--,15129883964.14,15129883964.14,-1502.5227,
600267.SH,海正药业,2020-07-13,15.62,15.62,15.62,15.62,--,--,15129883964.14,15129883964.14,-1502.5227,
600267.SH,海正药业,2020-07-14,15.62,15.62,15.62,15.62,--,--,15129883964.14,15129883964.14,-1502.5227,
600267.SH,海正药业,2020-07-15,15.62,15.62,15.62,15.62,--,--,15081607372.04,15081607372.04,-1497.7284,
600267.SH,海正药业,2020-07-16,15.62,15.62,15.62,15.62,--,--,15081607372.04,15081607372.04,-1497.7284,
600267.SH,海正药业,2020-07-17,15.62,15.62,15.62,15.62,--,--,15081607372.04,15081607372.04,-1497.7284,
600267.SH,海正药业,2020-07-20,15.62,15.62,15.62,15.62,--,--,15081607372.04,15081607372.04,-1497.7284,
600267.SH,海正药业,2020-07-21,17.18,17.18,17.18,17.18,2493892,0.2583,16587837045.56,16587837045.56,-1647.3096,
600267.SH,海正药业,2020-07-22,18.9,18.9,18.9,18.9,1496477,0.155,18248551813.8,18248551813.8,-1812.2322,
600267.SH,海正药业,2020-07-23,20.79,20.79,19.46,20.79,124802603,12.9258,20073406995.18,20073406995.18,-1993.4554,
600267.SH,海正药业,2020-07-24,20.4,20.57,18.71,18.94,91397427,9.466,18287173087.48,18287173087.48,-1816.0676,
600267.SH,海正药业,2020-07-27,19.16,19.66,18.56,18.6,46926815,4.8602,17958892261.2,17958892261.2,-1783.4667,
600267.SH,海正药业,2020-07-28,19,19.16,17.88,18.1,41655840,4.3143,17476126340.2,17476126340.2,-1735.524,
600267.SH,海正药业,2020-07-29,18.11,19.87,17.98,19.58,57544133,5.9598,18905113466.36,18905113466.36,-1877.4342,
600267.SH,海正药业,2020-07-30,19.48,20.5,19.22,19.3,54383119,5.6325,18634764550.6,18634764550.6,-1850.5863,
600267.SH,海正药业,2020-07-31,19.45,20.25,19.02,19.91,48381600,5.0109,19223738974.22,19223738974.22,-1909.0764,
600267.SH,海正药业,2020-08-03,20,20.49,19.68,20.25,49951528,5.1735,19552019800.5,19552019800.5,-1941.6774,
600267.SH,海正药业,2020-08-04,20.05,20.08,19,19.1,46005778,4.7648,18441658182.2,18441658182.2,-1831.4093,
600267.SH,海正药业,2020-08-05,18.9,20.57,18.51,20.35,51967136,5.3822,19648572984.7,19648572984.7,-1951.2659,
600267.SH,海正药业,2020-08-06,20.48,21.97,20.36,20.73,54723866,5.6677,20015475084.66,20015475084.66,-1987.7024,
600267.SH,海正药业,2020-08-07,20.87,21.35,19.61,20.08,37145312,3.8471,19387879387.36,19387879387.36,-1925.3768,
600267.SH,海正药业,2020-08-10,19.86,20.23,19.55,19.7,22818329,2.3633,19020977287.4,19020977287.4,-1888.9404,
600267.SH,海正药业,2020-08-11,19.61,19.95,18.91,18.97,29557931,3.0613,18316139042.74,18316139042.74,-1818.9442,
600267.SH,海正药业,2020-08-12,18.87,19.12,18.18,18.48,23492247,2.4331,17843028440.16,17843028440.16,-1771.9604,
600267.SH,海正药业,2020-08-13,18.58,18.91,18.41,18.49,12940234,1.3402,17852683758.58,17852683758.58,-1772.9193,
600267.SH,海正药业,2020-08-14,18.5,18.75,18.06,18.58,14921215,1.5454,17939581624.36,17939581624.36,-1781.549,
600267.SH,海正药业,2020-08-17,18.61,18.86,18.41,18.73,15085722,1.5624,18084411400.66,18084411400.66,-1795.9318,
600267.SH,海正药业,2020-08-18,19,19.85,18.86,18.98,29272523,3.0318,18325794361.16,18325794361.16,65.1905,
600267.SH,海正药业,2020-08-19,19.09,19.3,18.47,18.52,20905674,2.1652,17881649713.84,17881649713.84,63.6105,
600267.SH,海正药业,2020-08-20,18.2,18.87,18.05,18.57,18383539,1.904,17929926305.94,17929926305.94,63.7822,
600267.SH,海正药业,2020-08-21,18.64,18.84,18.28,18.31,13487755,1.3969,17678888027.02,17678888027.02,62.8892,
600267.SH,海正药业,2020-08-24,18.22,18.35,17.91,17.99,16897470,1.7501,17369917837.58,17369917837.58,61.7901,
600267.SH,海正药业,2020-08-25,17.81,18.15,17.4,17.47,20817318,2.156,16867841279.74,16867841279.74,60.0041,
600267.SH,海正药业,2020-08-26,17.49,17.73,17.16,17.2,16781228,1.738,16607147682.4,16607147682.4,59.0767,
600267.SH,海正药业,2020-08-27,17.19,17.69,17.05,17.48,11689241,1.2107,16877496598.16,16877496598.16,60.0384,
600267.SH,海正药业,2020-08-28,17.65,18.07,17.41,17.95,18063114,1.8708,17331296563.9,17331296563.9,61.6527,
600267.SH,海正药业,2020-08-31,18.17,18.66,18,18.16,20204627,2.0926,17534058250.72,17534058250.72,62.374,
600267.SH,海正药业,2020-09-01,18.88,18.88,18.24,18.49,19557854,2.0256,17852683758.58,17852683758.58,63.5075,
600267.SH,海正药业,2020-09-02,18.69,19.33,18.68,19.03,23041371,2.3864,18374070953.26,18374070953.26,65.3622,
600267.SH,海正药业,2020-09-03,19.01,19.18,18.56,18.63,17281046,1.7898,17987858216.46,17987858216.46,63.9883,
600267.SH,海正药业,2020-09-04,18.38,18.6,18.15,18.54,12112000,1.2544,17900960350.68,17900960350.68,63.6792,
600267.SH,海正药业,2020-09-07,18.44,18.58,17.6,17.7,20819865,2.1563,17089913603.4,17089913603.4,60.7941,
600267.SH,海正药业,2020-09-08,17.62,17.79,17.35,17.64,11157419,1.1556,17031981692.88,17031981692.88,60.588,
600267.SH,海正药业,2020-09-09,17.4,17.52,17.06,17.06,14673897,1.5198,16471973224.52,16471973224.52,58.5958,
600267.SH,海正药业,2020-09-10,17.26,17.38,16.55,16.55,12852812,1.3312,15979551985.1,15979551985.1,56.8442,
600267.SH,海正药业,2020-09-11,16.54,16.8,16.47,16.65,8579446,0.8886,16076105169.3,16076105169.3,57.1876,
600267.SH,海正药业,2020-09-14,16.68,16.75,16.48,16.56,8392198,0.8692,15989207303.52,15989207303.52,56.8785,
600267.SH,海正药业,2020-09-15,16.53,17.24,16.4,17.09,14456245,1.4972,16500939179.78,16500939179.78,58.6989,
600267.SH,海正药业,2020-09-16,17.1,17.35,16.92,16.99,9672816,1.0018,16404385995.58,16404385995.58,58.3554,
600267.SH,海正药业,2020-09-17,17.1,17.1,16.63,17.05,8645822,0.8954,16462317906.1,16462317906.1,58.5615,
600267.SH,海正药业,2020-09-18,17.27,17.27,16.97,17.22,7742435,0.8019,16626458319.24,16626458319.24,59.1454,
600267.SH,海正药业,2020-09-21,17.2,17.36,17.05,17.13,7029046,0.728,16539560453.46,16539560453.46,58.8363,
600267.SH,海正药业,2020-09-22,17.13,17.35,16.6,16.66,12487673,1.2933,16085760487.72,16085760487.72,57.222,
600267.SH,海正药业,2020-09-23,16.67,17.8,16.52,17.58,22500791,2.3304,16974049782.36,16974049782.36,60.3819,
600267.SH,海正药业,2020-09-24,17.61,17.61,17.03,17.09,10325867,1.0694,16500939179.78,16500939179.78,58.6989,
600267.SH,海正药业,2020-09-25,17.08,17.24,16.84,16.96,6745890,0.6987,16375420040.32,16375420040.32,58.2524,
600267.SH,海正药业,2020-09-28,17,17.16,16.52,16.56,6695900,0.6935,15989207303.52,15989207303.52,56.8785,
600267.SH,海正药业,2020-09-29,16.61,16.69,16.15,16.23,9537700,0.9878,15670581795.66,15670581795.66,55.7451,
600267.SH,海正药业,2020-09-30,16.28,16.47,16.06,16.18,7428144,0.7693,15622305203.56,15622305203.56,55.5733,
600267.SH,海正药业,2020-10-09,16.38,16.89,16.35,16.82,10049556,1.0408,16240245582.44,16240245582.44,57.7715,
600267.SH,海正药业,2020-10-12,16.88,17.44,16.83,17.39,11826222,1.2248,16790598732.38,16790598732.38,59.7293,
600267.SH,海正药业,2020-10-13,17.48,17.91,17.4,17.82,16190109,1.6768,17205777424.44,17205777424.44,61.2062,
600267.SH,海正药业,2020-10-14,17.78,17.84,17.41,17.45,9721586,1.0069,16848530642.9,16848530642.9,59.9354,
600267.SH,海正药业,2020-10-15,17.59,17.65,17.15,17.16,7978233,0.8263,16568526408.72,16568526408.72,58.9393,
600267.SH,海正药业,2020-10-16,17.3,17.5,17.06,17.5,7905953,0.8188,16896807235,16896807235,60.1071,
600267.SH,海正药业,2020-10-19,17.49,17.68,17.29,17.3,6603507,0.6839,16703700866.6,16703700866.6,59.4202,
600267.SH,海正药业,2020-10-20,17.3,17.36,17.04,17.28,5198974,0.5385,16684390229.76,16684390229.76,59.3515,
600267.SH,海正药业,2020-10-21,17.32,17.75,17.25,17.29,9113022,0.9438,16694045548.18,16694045548.18,59.3858,
600267.SH,海正药业,2020-10-22,17.21,17.44,16.91,17.42,7256149,0.7515,16819564687.64,16819564687.64,59.8323,
600267.SH,海正药业,2020-10-23,17.32,17.93,17.28,17.63,13753697,1.4245,17022326374.46,17022326374.46,60.5536,
600267.SH,海正药业,2020-10-26,17.4,17.41,16.64,16.85,13077644,1.3544,16269211537.7,16269211537.7,57.8746,
600267.SH,海正药业,2020-10-27,16.84,17.01,16.52,16.88,6238037,0.6461,16298177492.96,16298177492.96,57.9776,
600267.SH,海正药业,2020-10-28,16.88,16.96,16.63,16.79,6670571,0.6909,16211279627.18,16211279627.18,57.6685,
600267.SH,海正药业,2020-10-29,16.47,16.76,16.28,16.6,9560589,0.9902,16027828577.2,16027828577.2,-19.5602,
600267.SH,海正药业,2020-10-30,16.67,16.79,16.21,16.27,8196928,0.849,15709203069.34,15709203069.34,-19.1713,
600267.SH,海正药业,2020-11-02,16.27,16.29,15.52,15.63,12729217,1.3184,15091262690.46,15091262690.46,-18.4172,
600267.SH,海正药业,2020-11-03,15.64,16.39,15.58,16.31,9419327,0.9756,15747824343.02,15747824343.02,-19.2185,
600267.SH,海正药业,2020-11-04,16.44,16.63,16.29,16.33,6300234,0.6525,15767134979.86,15767134979.86,-19.242,
600267.SH,海正药业,2020-11-05,16.58,16.6,16.34,16.39,5463628,0.5659,15825066890.38,15825066890.38,-19.3127,
600267.SH,海正药业,2020-11-06,16.43,16.43,15.85,16.06,8633654,0.8942,15506441382.52,15506441382.52,-18.9239,
600267.SH,海正药业,2020-11-09,16.06,16.43,16.03,16.28,8050554,0.8338,15718858387.76,15718858387.76,-19.1831,
600267.SH,海正药业,2020-11-10,16.4,16.7,15.86,15.98,11931532,1.2357,15429198835.16,15429198835.16,-18.8296,
600267.SH,海正药业,2020-11-11,15.96,16.07,15.61,16.07,8510693,0.8815,15516096700.94,15516096700.94,-18.9357,
600267.SH,海正药业,2020-11-12,16.01,16.14,15.88,16.01,5664149,0.5866,15458164790.42,15458164790.42,-18.865,
600267.SH,海正药业,2020-11-13,15.89,16.38,15.73,16.31,8615988,0.8924,15747824343.02,15747824343.02,-19.2185,
600267.SH,海正药业,2020-11-16,16.2,16.55,16.1,16.41,7403182,0.7667,15844377527.22,15844377527.22,-19.3363,
600267.SH,海正药业,2020-11-17,16.42,16.59,16.22,16.3,10009009,1.0366,15738169024.6,15738169024.6,-19.2067,
600267.SH,海正药业,2020-11-18,16.35,16.48,16.27,16.36,4555786,0.4718,15796100935.12,15796100935.12,-19.2774,
600267.SH,海正药业,2020-11-19,16.35,16.51,16.25,16.46,5686583,0.589,15892654119.32,15892654119.32,-19.3952,
600267.SH,海正药业,2020-11-20,16.49,16.65,16.4,16.6,6604492,0.684,16027828577.2,16027828577.2,-19.5602,
600267.SH,海正药业,2020-11-23,16.6,17.83,16.5,17.29,20093618,2.0811,16694045548.18,16694045548.18,-20.3732,
600267.SH,海正药业,2020-11-24,17.54,17.54,17.16,17.25,6785167,0.7027,16655424274.5,16655424274.5,-20.3261,
600267.SH,海正药业,2020-11-25,17.21,17.22,16.75,16.76,10516511,1.0892,16182313671.92,16182313671.92,-19.7487,
600267.SH,海正药业,2020-11-26,16.65,17.39,16.4,16.98,11209923,1.161,16394730677.16,16394730677.16,-20.0079,
600267.SH,海正药业,2020-11-27,16.99,17.19,16.75,17,4680654,0.4848,16414041314,16414041314,-20.0315,
600267.SH,海正药业,2020-11-30,16.92,16.95,16.65,16.68,6699325,0.6938,16105071124.56,16105071124.56,-19.6545,
600267.SH,海正药业,2020-12-01,16.61,16.94,16.61,16.77,4021310,0.4165,16191968990.34,16191968990.34,-19.7605,
600267.SH,海正药业,2020-12-02,16.7,17.13,16.62,16.89,5594359,0.5794,16307832811.38,16307832811.38,-19.9019,
600267.SH,海正药业,2020-12-03,16.87,17.11,16.8,16.98,6215303,0.6437,16394730677.16,16394730677.16,-20.0079,
600267.SH,海正药业,2020-12-04,16.9,16.97,16.74,16.78,4271583,0.4424,16201624308.76,16201624308.76,-19.7723,
600267.SH,海正药业,2020-12-07,16.98,17.27,16.85,16.95,6171670,0.6392,16365764721.9,16365764721.9,-19.9726,
600267.SH,海正药业,2020-12-08,16.95,17.05,16.78,16.81,4336400,0.4491,16230590264.02,16230590264.02,-19.8076,
600267.SH,海正药业,2020-12-09,16.83,16.88,16.24,16.35,6763149,0.7005,15786445616.7,15786445616.7,-19.2656,
600267.SH,海正药业,2020-12-10,16.22,16.34,16.05,16.17,4067502,0.4213,15612649885.14,15612649885.14,-19.0535,
600267.SH,海正药业,2020-12-11,16.23,16.27,15.83,15.88,5306324,0.5496,15332645650.96,15332645650.96,-18.7118,
600267.SH,海正药业,2020-12-14,15.89,16.05,15.68,15.91,3511300,0.3637,15361611606.22,15361611606.22,-18.7471,
600267.SH,海正药业,2020-12-15,15.91,16.28,15.86,16.12,3838864,0.3976,15564373293.04,15564373293.04,-18.9946,
600267.SH,海正药业,2020-12-16,16.01,16.08,15.6,15.7,7205448,0.7463,15158849919.4,15158849919.4,-18.4997,
600267.SH,海正药业,2020-12-17,15.75,16.03,15.7,15.95,4414119,0.4572,15400232879.9,15400232879.9,-18.7943,
600267.SH,海正药业,2020-12-18,15.97,15.98,15.7,15.83,3823486,0.396,15284369058.86,15284369058.86,-18.6529,
600267.SH,海正药业,2020-12-21,16.17,16.94,16.1,16.74,13219397,1.3691,16163003035.08,16163003035.08,-19.7252,
600267.SH,海正药业,2020-12-22,16.96,18.41,16.96,18.41,39765464,4.1185,17775441211.22,17775441211.22,-21.693,
600267.SH,海正药业,2020-12-23,18.39,18.75,17.81,18.46,26715972,2.767,17823717803.32,17823717803.32,-21.7519,
600267.SH,海正药业,2020-12-24,18.54,18.99,18.37,18.58,25553385,2.6466,17939581624.36,17939581624.36,-21.8933,
600267.SH,海正药业,2020-12-25,18.58,18.58,18.58,18.58,--,--,17939581624.36,17939581624.36,-21.8933,
600267.SH,海正药业,2020-12-28,19.3,19.3,17.2,17.51,28326833,2.9338,16906462553.42,16906462553.42,-20.6325,
600267.SH,海正药业,2020-12-29,17.3,17.78,16.56,16.63,21254121,2.2013,16056794532.46,16056794532.46,-19.5955,
600267.SH,海正药业,2020-12-30,16.52,16.87,16.11,16.61,13677578,1.4166,16037483895.62,16037483895.62,-19.572,
600267.SH,海正药业,2020-12-31,16.67,16.74,16.43,16.53,9332031,0.9665,15960241348.26,15960241348.26,-19.4777,
600267.SH,海正药业,2021-01-04,16.51,16.66,16.2,16.56,11394861,1.1802,15989207303.52,15989207303.52,-19.5131,
600267.SH,海正药业,2021-01-05,16.35,16.69,16.15,16.36,11517722,1.1929,15796100935.12,15796100935.12,-19.2774,
600267.SH,海正药业,2021-01-06,16.32,17.25,16.12,17.22,19265909,1.9954,16626458319.24,16626458319.24,-20.2907,
600267.SH,海正药业,2021-01-07,17.03,17.06,16.58,16.62,11933875,1.236,16047139214.04,16047139214.04,-19.5838,
600267.SH,海正药业,2021-01-08,16.52,17.04,16.45,16.83,8340777,0.8639,16249900900.86,16249900900.86,-19.8312,
600267.SH,海正药业,2021-01-11,16.92,17.89,16.61,17.36,18653707,1.932,16761632777.12,16761632777.12,-20.4557,
600267.SH,海正药业,2021-01-12,17.2,17.52,16.98,17.4,11445096,1.1854,16800254050.8,16800254050.8,-20.5028,
600267.SH,海正药业,2021-01-13,17.4,17.87,17.07,17.65,16107204,1.6682,17041637011.3,17041637011.3,-20.7974,
600267.SH,海正药业,2021-01-14,17.53,17.95,17.41,17.55,9703328,1.005,16945083827.1,16945083827.1,-20.6796,
600267.SH,海正药业,2021-01-15,17.55,17.63,17.02,17.09,9324050,0.9657,16500939179.78,16500939179.78,-20.1376,
600267.SH,海正药业,2021-01-18,17.09,17.47,16.9,17.12,8608141,0.8915,16529905135.04,16529905135.04,-20.1729,
600267.SH,海正药业,2021-01-19,17,17.09,16.38,16.45,13400920,1.3879,15882998800.9,15882998800.9,-19.3834,
600267.SH,海正药业,2021-01-20,16.42,16.72,16.36,16.52,5693132,0.5896,15950586029.84,15950586029.84,-19.4659,
600267.SH,海正药业,2021-01-21,16.59,16.86,16.55,16.62,6218284,0.644,16047139214.04,16047139214.04,-19.5838,
600267.SH,海正药业,2021-01-22,16.53,17.6,16.48,17.58,14948729,1.5482,16974049782.36,16974049782.36,-20.7149,
600267.SH,海正药业,2021-01-25,17.46,17.93,17.25,17.29,12336660,1.2777,16694045548.18,16694045548.18,-20.3732,
600267.SH,海正药业,2021-01-26,17.2,17.52,16.91,17.4,10425281,1.0797,16800254050.8,16800254050.8,-20.5028,
600267.SH,海正药业,2021-01-27,17.28,17.59,17.26,17.5,8458328,0.876,16896807235,16896807235,-20.6207,
600267.SH,海正药业,2021-01-28,17.25,17.46,16.94,17.09,8536901,0.8842,16500939179.78,16500939179.78,-20.1376,
600267.SH,海正药业,2021-01-29,17.15,17.19,15.99,16.25,12589718,1.3039,15689892432.5,15689892432.5,-19.1478,
600267.SH,海正药业,2021-02-01,16.36,16.9,16.35,16.39,8398853,0.8699,15825066890.38,15825066890.38,-19.3127,
600267.SH,海正药业,2021-02-02,16.41,16.83,16,16.64,6480923,0.6712,16066449850.88,16066449850.88,-19.6073,
600267.SH,海正药业,2021-02-03,16.6,16.8,16.1,16.2,7345458,0.7608,15641615840.4,15641615840.4,-19.0889,
600267.SH,海正药业,2021-02-04,16.22,16.33,15.19,15.49,12335947,1.2776,14956088232.58,14956088232.58,-18.2522,
600267.SH,海正药业,2021-02-05,16.78,17.04,16.64,17.04,17491973,1.8116,16452662587.68,16452662587.68,-20.0786,
600267.SH,海正药业,2021-02-08,17.01,17.19,16.27,16.27,18265849,1.8918,15709203069.34,15709203069.34,-19.1713,
600267.SH,海正药业,2021-02-09,16.16,16.46,15.73,16.18,11053701,1.1448,15622305203.56,15622305203.56,-19.0653,
600267.SH,海正药业,2021-02-10,16.33,17.1,16.21,16.75,11351416,1.1757,16172658353.5,16172658353.5,-19.7369,
600267.SH,海正药业,2021-02-18,17.16,17.58,16.77,17.24,15771873,1.6335,16645768956.08,16645768956.08,-20.3143,
600267.SH,海正药业,2021-02-19,17.15,18.01,17.15,17.73,15093158,1.5632,17118879558.66,17118879558.66,-20.8917,
600267.SH,海正药业,2021-02-22,17.9,17.97,17.23,17.39,15217408,1.5761,16790598732.38,16790598732.38,-20.4911,
600267.SH,海正药业,2021-02-23,17.37,18.12,17.09,17.95,19250601,1.9938,17331296563.9,17331296563.9,-21.1509,
600267.SH,海正药业,2021-02-24,17.9,17.9,17.15,17.35,12407694,1.2851,16751977458.7,16751977458.7,-20.4439,
600267.SH,海正药业,2021-02-25,17.4,17.76,17.21,17.41,9667570,1.0013,16809909369.22,16809909369.22,-20.5146,
600267.SH,海正药业,2021-02-26,17.2,17.22,16.81,16.89,9220338,0.9549,16307832811.38,16307832811.38,-19.9019,
600267.SH,海正药业,2021-03-01,17.1,17.27,16.88,17.16,7001000,0.7251,16568526408.72,16568526408.72,-20.22,
600267.SH,海正药业,2021-03-02,17.17,17.2,16.56,16.68,9909995,1.0264,16105071124.56,16105071124.56,-19.6545,
600267.SH,海正药业,2021-03-03,16.62,16.83,16.6,16.73,5773555,0.598,16153347716.66,16153347716.66,-19.7134,
600267.SH,海正药业,2021-03-04,16.6,16.63,16.35,16.39,8559146,0.8865,15825066890.38,15825066890.38,-19.3127,
600267.SH,海正药业,2021-03-05,16.42,16.54,16.28,16.44,6478330,0.671,15873343482.48,15873343482.48,-19.3717,
600267.SH,海正药业,2021-03-08,16.6,16.62,15.9,15.94,9621162,0.9965,15390577561.48,15390577561.48,-18.7825,
600267.SH,海正药业,2021-03-09,15.95,16.16,15.17,15.77,9626564,0.997,15226437148.34,15226437148.34,-18.5822,
600267.SH,海正药业,2021-03-10,15.95,16.04,15.63,15.67,4847800,0.5021,15129883964.14,15129883964.14,-18.4643,
600267.SH,海正药业,2021-03-11,15.72,15.93,15.63,15.76,5602660,0.5803,15216781829.92,15216781829.92,-18.5704,
600267.SH,海正药业,2021-03-12,15.82,15.88,15.59,15.67,4916734,0.5092,15129883964.14,15129883964.14,3.40282346638529E38,
