代码,简称,日期,开盘价(元),最高价(元),最低价(元),收盘价(元),成交量(股),换手率(%),A股流通市值(元),总市值(元),市盈率,
600592.SH,龙溪股份,2002-08-05,4.0415,4.0713,3.8864,3.9699,27783840,55.5677,665500000,1996500000,67.0042,
600592.SH,龙溪股份,2002-08-06,3.952,4.0713,3.9401,4.0057,10599480,21.199,671500000,2014500000,67.6083,
600592.SH,龙溪股份,2002-08-07,3.9968,4.0415,3.9699,3.9908,4000453,8.0009,669000000,2007000000,67.3566,
600592.SH,龙溪股份,2002-08-08,3.9878,4.0087,3.9013,3.9133,5244116,10.4882,656000000,1968000000,66.0477,
600592.SH,龙溪股份,2002-08-09,3.9133,3.952,3.9013,3.9371,2965021,5.93,660000000,1980000000,66.4505,
600592.SH,龙溪股份,2002-08-12,3.9222,3.964,3.9043,3.9341,1467179,2.9344,659500000,1978500000,66.4001,
600592.SH,龙溪股份,2002-08-13,3.9371,3.958,3.9073,3.9252,1051650,2.1033,658000000,1974000000,66.2491,
600592.SH,龙溪股份,2002-08-14,3.9103,3.9312,3.8238,3.9103,4027021,8.054,655500000,1966500000,65.9974,
600592.SH,龙溪股份,2002-08-15,3.8924,3.8954,3.8417,3.8476,935899,1.8718,645000000,1935000000,64.9402,
600592.SH,龙溪股份,2002-08-16,3.8327,3.9043,3.788,3.8626,1639914,3.2798,647500000,1942500000,65.1919,
600592.SH,龙溪股份,2002-08-19,3.8476,3.8924,3.8178,3.8536,695120,1.3902,646000000,1938000000,65.0409,
600592.SH,龙溪股份,2002-08-20,3.8476,3.9282,3.8357,3.8864,1585770,3.1715,651500000,1954500000,65.5947,
600592.SH,龙溪股份,2002-08-21,3.9013,3.9192,3.8715,3.9013,902183,1.8044,654000000,1962000000,65.8464,
600592.SH,龙溪股份,2002-08-22,3.9312,3.9878,3.9013,3.9371,2219071,4.4381,660000000,1980000000,66.4505,
600592.SH,龙溪股份,2002-08-23,3.9371,3.9371,3.9013,3.9162,862788,1.7256,656500000,1969500000,66.0981,
600592.SH,龙溪股份,2002-08-26,3.9162,3.9222,3.8775,3.8804,774079,1.5482,650500000,1951500000,65.494,
600592.SH,龙溪股份,2002-08-27,3.8775,3.9371,3.8775,3.9222,660561,1.3211,657500000,1972500000,66.1988,
600592.SH,龙溪股份,2002-08-28,3.9103,4.0117,3.9043,3.9133,1326481,2.653,656000000,1968000000,66.0477,
600592.SH,龙溪股份,2002-08-29,3.8924,3.9312,3.8745,3.8954,775228,1.5505,653000000,1959000000,65.7457,
600592.SH,龙溪股份,2002-08-30,3.8804,3.9073,3.8775,3.8924,384325,0.7686,652500000,1957500000,65.6954,
600592.SH,龙溪股份,2002-09-02,3.8924,3.9431,3.8864,3.9312,429339,0.8587,659000000,1977000000,66.3498,
600592.SH,龙溪股份,2002-09-03,3.9431,3.961,3.9162,3.9282,491650,0.9833,658500000,1975500000,66.2994,
600592.SH,龙溪股份,2002-09-04,3.9252,3.9371,3.8775,3.8894,673990,1.348,652000000,1956000000,65.645,
600592.SH,龙溪股份,2002-09-05,3.8804,3.9162,3.8476,3.8506,1016609,2.0332,645500000,1936500000,64.9906,
600592.SH,龙溪股份,2002-09-06,3.8417,3.8804,3.8387,3.8476,866249,1.7325,645000000,1935000000,64.9402,
600592.SH,龙溪股份,2002-09-09,3.8476,3.8804,3.8417,3.8685,493963,0.9879,648500000,1945500000,65.2926,
600592.SH,龙溪股份,2002-09-10,3.8506,3.8775,3.8506,3.8685,254984,0.51,648500000,1945500000,65.2926,
600592.SH,龙溪股份,2002-09-11,3.8178,3.8745,3.8178,3.8685,371887,0.7438,648500000,1945500000,65.2926,
600592.SH,龙溪股份,2002-09-12,3.8775,3.9073,3.8476,3.8775,342907,0.6858,650000000,1950000000,65.4436,
600592.SH,龙溪股份,2002-09-13,3.8476,3.9073,3.8476,3.8745,298500,0.597,649500000,1948500000,65.3933,
600592.SH,龙溪股份,2002-09-16,3.8596,3.8775,3.8238,3.8327,453692,0.9074,642500000,1927500000,64.6885,
600592.SH,龙溪股份,2002-09-17,3.8357,3.9133,3.8268,3.8894,604897,1.2098,652000000,1956000000,65.645,
600592.SH,龙溪股份,2002-09-18,3.8924,3.952,3.8655,3.8864,851583,1.7032,651500000,1954500000,65.5947,
600592.SH,龙溪股份,2002-09-19,3.8775,3.9669,3.8715,3.9401,1320256,2.6405,660500000,1981500000,66.5008,
600592.SH,龙溪股份,2002-09-20,3.9371,3.9461,3.9013,3.9103,561788,1.1236,655500000,1966500000,65.9974,
600592.SH,龙溪股份,2002-09-23,3.8924,3.9371,3.8924,3.9192,371109,0.7422,657000000,1971000000,66.1484,
600592.SH,龙溪股份,2002-09-24,3.9192,3.9312,3.8924,3.8954,367390,0.7348,653000000,1959000000,65.7457,
600592.SH,龙溪股份,2002-09-25,3.8924,3.9669,3.8864,3.961,1737280,3.4746,664000000,1992000000,66.8532,
600592.SH,龙溪股份,2002-09-26,3.961,3.961,3.961,3.961,--,--,664000000,1992000000,66.8532,
600592.SH,龙溪股份,2002-09-27,3.9252,3.9491,3.8775,3.9371,1003922,2.0078,660000000,1980000000,66.4505,
600592.SH,龙溪股份,2002-10-08,3.8804,3.964,3.8536,3.8954,377812,0.7556,653000000,1959000000,65.7457,
600592.SH,龙溪股份,2002-10-09,3.9043,3.9222,3.8268,3.8297,662200,1.3244,642000000,1926000000,64.6382,
600592.SH,龙溪股份,2002-10-10,3.8238,3.8655,3.8178,3.8417,285197,0.5704,644000000,1932000000,64.8395,
600592.SH,龙溪股份,2002-10-11,3.8417,3.9043,3.6239,3.6478,2239157,4.4783,611500000,1834500000,61.5674,
600592.SH,龙溪股份,2002-10-14,3.6359,3.6776,3.5553,3.6508,1168792,2.3376,612000000,1836000000,61.6177,
600592.SH,龙溪股份,2002-10-15,3.6389,3.6746,3.606,3.609,404830,0.8097,605000000,1815000000,60.9129,
600592.SH,龙溪股份,2002-10-16,3.612,3.6866,3.609,3.6239,430049,0.8601,607500000,1822500000,61.1646,
600592.SH,龙溪股份,2002-10-17,3.6329,3.6329,3.5404,3.5464,604400,1.2088,594500000,1783500000,59.8558,
600592.SH,龙溪股份,2002-10-18,3.5345,3.5792,3.5195,3.5643,275931,0.5519,597500000,1792500000,60.1578,
600592.SH,龙溪股份,2002-10-21,3.5792,3.5792,3.5434,3.5762,165810,0.3316,599500000,1798500000,60.3592,
600592.SH,龙溪股份,2002-10-22,3.5792,3.6657,3.5792,3.6389,527923,1.0558,610000000,1830000000,61.4163,
600592.SH,龙溪股份,2002-10-23,3.5822,3.6389,3.5464,3.5971,1204576,2.4092,603000000,1809000000,60.7116,
600592.SH,龙溪股份,2002-10-24,3.6031,3.609,3.5553,3.5613,330005,0.66,597000000,1791000000,60.1075,
600592.SH,龙溪股份,2002-10-25,3.5345,3.5911,3.5195,3.5225,454700,0.9094,590500000,1771500000,59.453,
600592.SH,龙溪股份,2002-10-28,3.5225,3.5345,3.4122,3.4271,527700,1.0554,574500000,1723500000,57.8421,
600592.SH,龙溪股份,2002-10-29,3.4271,3.4271,3.3451,3.4028,483788,0.9676,560500000,1681500000,56.4326,
600592.SH,龙溪股份,2002-10-30,3.3937,3.4119,3.3573,3.3846,202885,0.4058,557500000,1672500000,56.1305,
600592.SH,龙溪股份,2002-10-31,3.3846,3.424,3.3603,3.3967,219970,0.4399,559500000,1678500000,56.3319,
600592.SH,龙溪股份,2002-11-01,3.3907,3.4089,3.3664,3.3998,169500,0.339,560000000,1680000000,56.3822,
600592.SH,龙溪股份,2002-11-04,3.4453,3.4544,3.3998,3.4453,375720,0.7514,567500000,1702500000,57.1373,
600592.SH,龙溪股份,2002-11-05,3.4605,3.6426,3.4453,3.5849,2436124,4.8722,590500000,1771500000,59.453,
600592.SH,龙溪股份,2002-11-06,3.5789,3.6092,3.5515,3.5758,657513,1.315,589000000,1767000000,59.302,
600592.SH,龙溪股份,2002-11-07,3.5758,3.5819,3.5273,3.5698,555474,1.1109,588000000,1764000000,59.2013,
600592.SH,龙溪股份,2002-11-08,3.6062,3.6244,3.4301,3.4301,692942,1.3859,565000000,1695000000,56.8856,
600592.SH,龙溪股份,2002-11-11,3.4301,3.4605,3.3633,3.3694,392897,0.7858,555000000,1665000000,55.8788,
600592.SH,龙溪股份,2002-11-12,3.3694,3.3998,3.2571,3.2723,658977,1.318,539000000,1617000000,54.2679,
600592.SH,龙溪股份,2002-11-13,3.2723,3.3724,3.2601,3.3633,858610,1.7172,554000000,1662000000,55.7781,
600592.SH,龙溪股份,2002-11-14,3.3421,3.4149,3.3087,3.3269,600820,1.2016,548000000,1644000000,55.174,
600592.SH,龙溪股份,2002-11-15,3.3087,3.4149,3.3087,3.3542,610409,1.2208,552500000,1657500000,55.6271,
600592.SH,龙溪股份,2002-11-18,3.3633,3.3633,3.2935,3.3178,243845,0.4877,546500000,1639500000,55.023,
600592.SH,龙溪股份,2002-11-19,3.3512,3.4605,3.3391,3.4332,1061528,2.1231,565500000,1696500000,56.936,
600592.SH,龙溪股份,2002-11-20,3.4271,3.4271,3.2966,3.3239,1045992,2.092,547500000,1642500000,55.1237,
600592.SH,龙溪股份,2002-11-21,3.3026,3.3846,3.2996,3.3299,953400,1.9068,548500000,1645500000,55.2244,
600592.SH,龙溪股份,2002-11-22,3.3512,3.418,3.2723,3.3876,1113483,2.227,558000000,1674000000,56.1809,
600592.SH,龙溪股份,2002-11-25,3.3876,3.4362,3.3633,3.3998,630728,1.2615,560000000,1680000000,56.3822,
600592.SH,龙溪股份,2002-11-26,3.4058,3.424,3.2723,3.2783,782597,1.5652,540000000,1620000000,54.3686,
600592.SH,龙溪股份,2002-11-27,3.248,3.2844,3.1873,3.248,591966,1.1839,535000000,1605000000,53.8652,
600592.SH,龙溪股份,2002-11-28,3.2541,3.3846,3.2176,3.3785,551176,1.1024,556500000,1669500000,56.0298,
600592.SH,龙溪股份,2002-11-29,3.3755,3.4757,3.336,3.4149,1758522,3.517,562500000,1687500000,56.6339,
600592.SH,龙溪股份,2002-12-02,3.3998,3.4089,3.2935,3.3057,519973,1.0399,544500000,1633500000,54.8216,
600592.SH,龙溪股份,2002-12-03,3.2844,3.3876,3.2783,3.3755,432112,0.8642,556000000,1668000000,55.9795,
600592.SH,龙溪股份,2002-12-04,3.4301,3.4878,3.3755,3.4119,961166,1.9223,562000000,1686000000,56.5836,
600592.SH,龙溪股份,2002-12-05,3.3937,3.4362,3.3755,3.4271,433518,0.867,564500000,1693500000,56.8353,
600592.SH,龙溪股份,2002-12-06,3.4058,3.4453,3.3785,3.3967,316567,0.6331,559500000,1678500000,56.3319,
600592.SH,龙溪股份,2002-12-09,3.3967,3.424,3.3573,3.3603,219262,0.4385,553500000,1660500000,55.7278,
600592.SH,龙溪股份,2002-12-10,3.3451,3.3846,3.2844,3.2905,338084,0.6762,542000000,1626000000,54.5699,
600592.SH,龙溪股份,2002-12-11,3.2814,3.3026,3.2267,3.2632,462670,0.9253,537500000,1612500000,54.1169,
600592.SH,龙溪股份,2002-12-12,3.2783,3.3239,3.248,3.2723,400061,0.8001,539000000,1617000000,54.2679,
600592.SH,龙溪股份,2002-12-13,3.2328,3.333,3.1873,3.3057,339441,0.6789,544500000,1633500000,54.8216,
600592.SH,龙溪股份,2002-12-16,3.3026,3.3391,3.2905,3.3057,260400,0.5208,544500000,1633500000,54.8216,
600592.SH,龙溪股份,2002-12-17,3.3026,3.336,3.2905,3.3239,252996,0.506,547500000,1642500000,55.1237,
600592.SH,龙溪股份,2002-12-18,3.3512,3.3633,3.3026,3.3087,369804,0.7396,545000000,1635000000,54.872,
600592.SH,龙溪股份,2002-12-19,3.3087,3.3269,3.2632,3.2996,225079,0.4502,543500000,1630500000,54.721,
600592.SH,龙溪股份,2002-12-20,3.3239,3.3633,3.2783,3.3512,361761,0.7235,552000000,1656000000,55.5768,
600592.SH,龙溪股份,2002-12-23,3.3391,3.3694,3.3299,3.336,510729,1.0215,549500000,1648500000,55.3251,
600592.SH,龙溪股份,2002-12-24,3.3178,3.3391,3.2723,3.3117,332923,0.6658,545500000,1636500000,54.9223,
600592.SH,龙溪股份,2002-12-25,3.3239,3.3633,3.2905,3.2935,342790,0.6856,542500000,1627500000,54.6203,
600592.SH,龙溪股份,2002-12-26,3.2814,3.3057,3.1417,3.1448,667000,1.334,518000000,1554000000,52.1535,
600592.SH,龙溪股份,2002-12-27,3.1266,3.1266,3.0355,3.0871,797869,1.5957,508500000,1525500000,51.1971,
600592.SH,龙溪股份,2002-12-30,3.0871,3.0871,2.9475,2.9596,768687,1.5374,487500000,1462500000,49.0827,
600592.SH,龙溪股份,2002-12-31,2.9596,3.0052,2.8898,2.9019,470839,0.9417,478000000,1434000000,48.1262,
600592.SH,龙溪股份,2003-01-02,2.8868,2.9323,2.7987,2.8078,616246,1.2325,462500000,1387500000,46.5657,
600592.SH,龙溪股份,2003-01-03,2.8048,2.8473,2.7927,2.8321,298229,0.5965,466500000,1399500000,46.9684,
600592.SH,龙溪股份,2003-01-06,2.8321,2.8625,2.7593,2.8534,472522,0.945,470000000,1410000000,47.3208,
600592.SH,龙溪股份,2003-01-07,2.8382,2.9293,2.823,2.8564,770044,1.5401,470500000,1411500000,47.3711,
600592.SH,龙溪股份,2003-01-08,2.8564,2.9627,2.8412,2.9475,599290,1.1986,485500000,1456500000,48.8814,
600592.SH,龙溪股份,2003-01-09,2.9748,3.0325,2.9232,2.9991,1569536,3.1391,494000000,1482000000,49.7372,
600592.SH,龙溪股份,2003-01-10,3.0234,3.0355,2.9627,2.9687,1160091,2.3202,489000000,1467000000,49.2338,
600592.SH,龙溪股份,2003-01-13,2.9535,3.0325,2.9323,2.9505,279265,0.5585,486000000,1458000000,48.9317,
600592.SH,龙溪股份,2003-01-14,2.9596,3.1812,2.9505,3.1266,2787886,5.5758,515000000,1545000000,51.8515,
600592.SH,龙溪股份,2003-01-15,3.1417,3.2176,3.0901,3.0993,2434739,4.8695,510500000,1531500000,51.3984,
600592.SH,龙溪股份,2003-01-16,3.0993,3.2601,3.081,3.2146,1958567,3.9171,529500000,1588500000,53.3114,
600592.SH,龙溪股份,2003-01-17,3.2176,3.2358,3.1448,3.1539,878022,1.756,519500000,1558500000,52.3046,
600592.SH,龙溪股份,2003-01-20,3.1478,3.1721,3.1235,3.1721,665516,1.331,522500000,1567500000,52.6066,
600592.SH,龙溪股份,2003-01-21,3.2025,3.2116,3.081,3.0841,735800,1.4716,508000000,1524000000,51.1467,
600592.SH,龙溪股份,2003-01-22,3.0355,3.0901,3.0355,3.0689,337981,0.676,505500000,1516500000,50.895,
600592.SH,龙溪股份,2003-01-23,3.0659,3.0962,3.0385,3.0385,514775,1.0296,500500000,1501500000,50.3916,
600592.SH,龙溪股份,2003-01-24,3.0598,3.1053,3.0264,3.0932,498458,0.9969,509500000,1528500000,51.2977,
600592.SH,龙溪股份,2003-01-27,3.1053,3.1509,3.0901,3.1296,567071,1.1341,515500000,1546500000,51.9018,
600592.SH,龙溪股份,2003-01-28,3.1296,3.2025,3.1114,3.1934,1154386,2.3088,526000000,1578000000,52.959,
600592.SH,龙溪股份,2003-01-29,3.1842,3.2085,3.1721,3.1782,610462,1.2209,523500000,1570500000,52.7073,
600592.SH,龙溪股份,2003-02-10,3.1478,3.1721,3.0719,3.0871,375920,0.7518,508500000,1525500000,51.1971,
600592.SH,龙溪股份,2003-02-11,3.1509,3.1509,3.0901,3.1266,179313,0.3586,515000000,1545000000,51.8515,
600592.SH,龙溪股份,2003-02-12,3.1205,3.1691,3.0993,3.1691,220229,0.4405,522000000,1566000000,52.5563,
600592.SH,龙溪股份,2003-02-13,3.1751,3.1934,3.1509,3.1569,420558,0.8411,520000000,1560000000,52.3549,
600592.SH,龙溪股份,2003-02-14,3.1569,3.2116,3.1417,3.2055,1202035,2.4041,528000000,1584000000,53.1604,
600592.SH,龙溪股份,2003-02-17,3.2116,3.2176,3.1509,3.1782,1613093,3.2262,523500000,1570500000,52.7073,
600592.SH,龙溪股份,2003-02-18,3.163,3.1994,3.1266,3.1751,706620,1.4132,523000000,1569000000,52.657,
600592.SH,龙溪股份,2003-02-19,3.1751,3.2358,3.1569,3.2267,1100900,2.2018,531500000,1594500000,53.5128,
600592.SH,龙溪股份,2003-02-20,3.2328,3.2419,3.1934,3.1964,508900,1.0178,526500000,1579500000,53.0093,
600592.SH,龙溪股份,2003-02-21,3.2146,3.2146,3.1114,3.1144,653303,1.3066,513000000,1539000000,51.6501,
600592.SH,龙溪股份,2003-02-24,3.0993,3.1569,3.0993,3.1266,338838,0.6777,515000000,1545000000,51.8515,
600592.SH,龙溪股份,2003-02-25,3.1266,3.2237,3.1235,3.2055,707654,1.4153,528000000,1584000000,53.1604,
600592.SH,龙溪股份,2003-02-26,3.2055,3.2358,3.1873,3.2267,630549,1.2611,531500000,1594500000,53.5128,
600592.SH,龙溪股份,2003-02-27,3.2267,3.2571,3.2055,3.2176,940111,1.8802,530000000,1590000000,53.3617,
600592.SH,龙溪股份,2003-02-28,3.2176,3.2237,3.163,3.2055,611780,1.2236,528000000,1584000000,53.1604,
600592.SH,龙溪股份,2003-03-03,3.1903,3.2844,3.1812,3.2814,1346910,2.6938,540500000,1621500000,54.4189,
600592.SH,龙溪股份,2003-03-04,3.2875,3.2935,3.2328,3.245,576302,1.1526,534500000,1603500000,53.8148,
600592.SH,龙溪股份,2003-03-05,3.248,3.248,3.1994,3.2267,401992,0.804,531500000,1594500000,53.5128,
600592.SH,龙溪股份,2003-03-06,3.2116,3.2328,3.1509,3.16,418856,0.8377,520500000,1561500000,52.4053,
600592.SH,龙溪股份,2003-03-07,3.163,3.1873,3.1266,3.1387,1113737,2.2275,517000000,1551000000,52.0529,
600592.SH,龙溪股份,2003-03-10,3.1357,3.1417,3.0568,3.0689,631800,1.2636,505500000,1516500000,50.895,
600592.SH,龙溪股份,2003-03-11,3.075,3.0932,3.0537,3.0689,242200,0.4844,505500000,1516500000,50.895,
600592.SH,龙溪股份,2003-03-12,3.081,3.0871,3.0234,3.078,334920,0.6698,507000000,1521000000,51.046,
600592.SH,龙溪股份,2003-03-13,3.081,3.0932,3.0325,3.0355,224320,0.4486,500000000,1500000000,50.3413,
600592.SH,龙溪股份,2003-03-14,3.0385,3.0719,3.0325,3.0416,194958,0.3899,501000000,1503000000,50.4419,
600592.SH,龙溪股份,2003-03-17,3.0416,3.0719,3.0234,3.0598,248000,0.496,504000000,1512000000,50.744,
600592.SH,龙溪股份,2003-03-18,3.081,3.081,3.0234,3.0234,314700,0.6294,498000000,1494000000,50.1399,
600592.SH,龙溪股份,2003-03-19,3.0052,3.0598,3.0052,3.0294,183700,0.3674,499000000,1497000000,50.2406,
600592.SH,龙溪股份,2003-03-20,3.0294,3.075,3.0203,3.0507,928137,1.8563,502500000,1507500000,50.593,
600592.SH,龙溪股份,2003-03-21,3.0476,3.0568,3.0203,3.0476,379481,0.759,502000000,1506000000,50.5426,
600592.SH,龙溪股份,2003-03-24,3.0476,3.0476,3.0143,3.0143,158300,0.3166,496500000,1489500000,49.9889,
600592.SH,龙溪股份,2003-03-25,3.0143,3.0143,2.9232,2.9262,481399,0.9628,482000000,1446000000,48.529,
600592.SH,龙溪股份,2003-03-26,2.9262,2.9414,2.8837,2.8898,221904,0.4438,476000000,1428000000,47.9249,
600592.SH,龙溪股份,2003-03-27,2.8837,3.0325,2.8746,2.9809,1197804,2.3956,491000000,1473000000,49.4351,
600592.SH,龙溪股份,2003-03-28,2.9748,2.993,2.9596,2.9718,1052161,2.1043,489500000,1468500000,49.2841,
600592.SH,龙溪股份,2003-03-31,2.9778,3.0446,2.9748,3.0264,1217964,2.4359,498500000,1495500000,50.1902,
600592.SH,龙溪股份,2003-04-01,3.0294,3.0446,3.0052,3.0355,554866,1.1097,500000000,1500000000,50.3413,
600592.SH,龙溪股份,2003-04-02,3.0385,3.0385,3.0112,3.0173,365231,0.7305,497000000,1491000000,50.0392,
600592.SH,龙溪股份,2003-04-03,3.0052,3.0112,2.9687,2.996,419139,0.8383,493500000,1480500000,54.7897,
600592.SH,龙溪股份,2003-04-04,2.996,3.0294,2.996,3.0112,344235,0.6885,496000000,1488000000,55.0672,
600592.SH,龙溪股份,2003-04-07,3.0112,3.0143,2.9141,2.9141,593226,1.1865,480000000,1440000000,53.2909,
600592.SH,龙溪股份,2003-04-08,2.9019,2.9566,2.8837,2.9293,635654,1.2713,482500000,1447500000,53.5684,
600592.SH,龙溪股份,2003-04-09,2.9232,2.9687,2.8746,2.9535,931004,1.862,486500000,1459500000,54.0125,
600592.SH,龙溪股份,2003-04-10,2.9687,3.0021,2.9141,3.0021,907655,1.8153,494500000,1483500000,54.9007,
600592.SH,龙溪股份,2003-04-11,3.0325,3.1205,3.0325,3.1084,2388021,4.776,512000000,1536000000,56.8436,
600592.SH,龙溪股份,2003-04-14,3.1144,3.2085,3.1144,3.1266,1841030,3.6821,515000000,1545000000,57.1767,
600592.SH,龙溪股份,2003-04-15,3.1357,3.166,3.0993,3.16,1108189,2.2164,520500000,1561500000,57.7873,
600592.SH,龙溪股份,2003-04-16,3.1873,3.1873,3.0476,3.0719,1387904,2.7758,506000000,1518000000,56.1775,
600592.SH,龙溪股份,2003-04-17,3.0659,3.1114,3.0446,3.0719,587183,1.1744,506000000,1518000000,56.1775,
600592.SH,龙溪股份,2003-04-18,3.075,3.0932,3.0203,3.0385,828304,1.6566,500500000,1501500000,55.5668,
600592.SH,龙溪股份,2003-04-21,3.0294,3.0325,2.9596,2.9778,501687,1.0034,490500000,1471500000,54.4566,
600592.SH,龙溪股份,2003-04-22,2.993,2.9991,2.9384,2.9505,415119,0.8302,486000000,1458000000,53.957,
600592.SH,龙溪股份,2003-04-23,2.9293,2.9627,2.8837,2.9171,609771,1.2195,480500000,1441500000,53.3464,
600592.SH,龙溪股份,2003-04-24,2.9141,2.9171,2.8382,2.8473,621100,1.2422,469000000,1407000000,52.0696,
600592.SH,龙溪股份,2003-04-25,2.8473,2.8807,2.8078,2.8078,432542,0.8651,462500000,1387500000,51.348,
600592.SH,龙溪股份,2003-04-28,2.7866,2.8777,2.7593,2.8716,660975,1.3219,473000000,1419000000,52.5137,
600592.SH,龙溪股份,2003-04-29,2.8837,2.8837,2.7866,2.8018,530211,1.0604,461500000,1384500000,51.237,
600592.SH,龙溪股份,2003-04-30,2.9384,2.9384,2.7593,2.7805,439375,0.8788,458000000,1374000000,50.8484,
600592.SH,龙溪股份,2003-05-12,2.7805,2.7805,2.7805,2.7805,--,--,458000000,1374000000,50.8484,
600592.SH,龙溪股份,2003-05-13,2.738,2.7562,2.5286,2.5468,1139778,2.2796,419500000,1258500000,46.574,
600592.SH,龙溪股份,2003-05-14,2.565,2.6257,2.5346,2.6227,417103,0.8342,432000000,1296000000,47.9618,
600592.SH,龙溪股份,2003-05-15,2.5984,2.7077,2.5741,2.7046,539900,1.0798,445500000,1336500000,49.4606,
600592.SH,龙溪股份,2003-05-16,2.7016,2.7077,2.6257,2.6409,975459,1.9509,435000000,1305000000,48.2949,
600592.SH,龙溪股份,2003-05-19,2.6682,2.6925,2.65,2.6773,604053,1.2081,441000000,1323000000,48.961,
600592.SH,龙溪股份,2003-05-20,2.6712,2.7016,2.647,2.6804,253800,0.5076,441500000,1324500000,49.0165,
600592.SH,龙溪股份,2003-05-21,2.6895,2.7289,2.6804,2.7137,369126,0.7383,447000000,1341000000,49.6271,
600592.SH,龙溪股份,2003-05-22,2.7137,2.732,2.6773,2.7137,395318,0.7906,447000000,1341000000,49.6271,
600592.SH,龙溪股份,2003-05-23,2.7259,2.732,2.6895,2.7077,585761,1.1715,446000000,1338000000,49.5161,
600592.SH,龙溪股份,2003-05-26,2.7016,2.732,2.6955,2.7289,476462,0.9529,449500000,1348500000,49.9047,
600592.SH,龙溪股份,2003-05-27,2.7441,2.7441,2.6955,2.7411,424263,0.8485,451500000,1354500000,50.1267,
600592.SH,龙溪股份,2003-05-28,2.7623,2.7623,2.7259,2.7502,607283,1.2146,453000000,1359000000,50.2933,
600592.SH,龙溪股份,2003-05-29,2.7502,2.7623,2.6895,2.7623,517676,1.0354,455000000,1365000000,50.5153,
600592.SH,龙溪股份,2003-05-30,2.7623,2.8412,2.732,2.8321,1304464,2.6089,466500000,1399500000,51.7921,
600592.SH,龙溪股份,2003-06-02,2.8837,2.9202,2.8382,2.8928,3560132,7.1203,476500000,1429500000,52.9023,
600592.SH,龙溪股份,2003-06-03,2.8837,2.8837,2.8412,2.8412,635831,1.2717,468000000,1404000000,51.9586,
600592.SH,龙溪股份,2003-06-04,2.823,2.8594,2.8078,2.8412,604773,1.2095,468000000,1404000000,51.9586,
600592.SH,龙溪股份,2003-06-05,2.8382,2.8534,2.7775,2.7866,460100,0.9202,459000000,1377000000,50.9594,
600592.SH,龙溪股份,2003-06-06,2.7805,2.7805,2.7471,2.7471,347549,0.6951,452500000,1357500000,50.2377,
600592.SH,龙溪股份,2003-06-09,2.738,2.7593,2.738,2.7471,260482,0.521,452500000,1357500000,50.2377,
600592.SH,龙溪股份,2003-06-10,2.7441,2.7896,2.7441,2.7714,124005,0.248,456500000,1369500000,50.6818,
600592.SH,龙溪股份,2003-06-11,2.7775,2.8169,2.7623,2.8109,271427,0.5429,463000000,1389000000,51.4035,
600592.SH,龙溪股份,2003-06-12,2.8109,2.8169,2.7775,2.8048,157121,0.3142,462000000,1386000000,51.2925,
600592.SH,龙溪股份,2003-06-13,2.8139,2.8898,2.7927,2.8837,712789,1.4256,475000000,1425000000,52.7358,
600592.SH,龙溪股份,2003-06-16,2.8534,2.8777,2.823,2.8291,232308,0.4646,466000000,1398000000,51.7366,
600592.SH,龙溪股份,2003-06-17,2.8261,2.8291,2.7805,2.7896,178400,0.3568,459500000,1378500000,51.0149,
600592.SH,龙溪股份,2003-06-18,2.7623,2.8078,2.7623,2.7836,139900,0.2798,458500000,1375500000,50.9039,
600592.SH,龙溪股份,2003-06-19,2.7836,2.8078,2.7259,2.738,324239,0.6485,451000000,1353000000,50.0712,
600592.SH,龙溪股份,2003-06-20,2.732,2.7745,2.732,2.7411,215800,0.4316,451500000,1354500000,50.1267,
600592.SH,龙溪股份,2003-06-23,2.732,2.7623,2.7016,2.7016,241200,0.4824,445000000,1335000000,49.4051,
600592.SH,龙溪股份,2003-06-24,2.6864,2.732,2.6804,2.6986,243693,0.4874,444500000,1333500000,49.3496,
600592.SH,龙溪股份,2003-06-25,2.6955,2.7077,2.6804,2.6895,128365,0.2567,443000000,1329000000,49.183,
600592.SH,龙溪股份,2003-06-26,2.6895,2.7411,2.6409,2.7289,360121,0.7202,449500000,1348500000,49.9047,
600592.SH,龙溪股份,2003-06-27,2.7168,2.8352,2.6864,2.8169,458625,0.9173,464000000,1392000000,51.5145,
600592.SH,龙溪股份,2003-06-30,2.7411,2.82,2.735,2.8078,385520,0.771,462500000,1387500000,51.348,
600592.SH,龙溪股份,2003-07-01,2.7623,2.7836,2.732,2.7471,178500,0.357,452500000,1357500000,50.2377,
600592.SH,龙溪股份,2003-07-02,2.7562,2.7562,2.6895,2.7137,122150,0.2443,447000000,1341000000,49.6271,
600592.SH,龙溪股份,2003-07-03,2.7168,2.7411,2.6986,2.7168,119400,0.2388,447500000,1342500000,49.6826,
600592.SH,龙溪股份,2003-07-04,2.7168,2.7411,2.6986,2.7168,116600,0.2332,447500000,1342500000,49.6826,
600592.SH,龙溪股份,2003-07-07,2.6743,2.7077,2.6561,2.6652,159238,0.3185,439000000,1317000000,48.7389,
600592.SH,龙溪股份,2003-07-08,2.6712,2.7016,2.6105,2.6804,958949,1.9179,441500000,1324500000,49.0165,
600592.SH,龙溪股份,2003-07-09,2.653,2.6712,2.6045,2.6166,461623,0.9232,431000000,1293000000,47.8508,
600592.SH,龙溪股份,2003-07-10,2.6105,2.6773,2.6105,2.6743,308210,0.6164,440500000,1321500000,48.9055,
600592.SH,龙溪股份,2003-07-11,2.6804,2.6804,2.6287,2.6348,191901,0.3838,434000000,1302000000,48.1838,
600592.SH,龙溪股份,2003-07-14,2.6409,2.6439,2.6075,2.6287,206424,0.4128,433000000,1299000000,48.0728,
600592.SH,龙溪股份,2003-07-15,2.6196,2.647,2.6136,2.6348,178457,0.3569,434000000,1302000000,48.1838,
600592.SH,龙溪股份,2003-07-16,2.6257,2.6621,2.6257,2.6561,128491,0.257,437500000,1312500000,48.5724,
600592.SH,龙溪股份,2003-07-17,2.6439,2.6561,2.6227,2.65,213405,0.4268,436500000,1309500000,48.4614,
600592.SH,龙溪股份,2003-07-18,2.6348,2.6409,2.5741,2.5863,386758,0.7735,426000000,1278000000,47.2956,
600592.SH,龙溪股份,2003-07-21,2.5863,2.5954,2.5134,2.5195,448245,0.8965,415000000,1245000000,46.0744,
600592.SH,龙溪股份,2003-07-22,2.5468,2.5559,2.5013,2.5255,178000,0.356,416000000,1248000000,46.1854,
600592.SH,龙溪股份,2003-07-23,2.5286,2.5346,2.48,2.5255,272833,0.5457,416000000,1248000000,46.1854,
600592.SH,龙溪股份,2003-07-24,2.5255,2.5255,2.4861,2.4952,106378,0.2128,411000000,1233000000,45.6303,
600592.SH,龙溪股份,2003-07-25,2.4952,2.5255,2.4739,2.477,183900,0.3678,408000000,1224000000,45.2972,
600592.SH,龙溪股份,2003-07-28,2.4679,2.483,2.4314,2.4466,214389,0.4288,403000000,1209000000,44.7421,
600592.SH,龙溪股份,2003-07-29,2.4314,2.4739,2.4132,2.4405,271900,0.5438,402000000,1206000000,44.6311,
600592.SH,龙溪股份,2003-07-30,2.4436,2.4557,2.4284,2.4527,112699,0.2254,404000000,1212000000,44.8531,
600592.SH,龙溪股份,2003-07-31,2.4466,2.483,2.4466,2.4588,164610,0.3292,405000000,1215000000,44.9642,
600592.SH,龙溪股份,2003-08-01,2.4588,2.4588,2.4223,2.4405,194560,0.3891,402000000,1206000000,44.6311,
600592.SH,龙溪股份,2003-08-04,2.4405,2.4709,2.392,2.4679,332722,0.6654,406500000,1219500000,45.1307,
600592.SH,龙溪股份,2003-08-05,2.4648,2.4891,2.4436,2.48,201277,0.4026,408500000,1225500000,45.3528,
600592.SH,龙溪股份,2003-08-06,2.483,2.5013,2.4679,2.4891,239942,0.4799,410000000,1230000000,45.5193,
600592.SH,龙溪股份,2003-08-07,2.4891,2.5043,2.4739,2.477,150400,0.3008,408000000,1224000000,45.2972,
600592.SH,龙溪股份,2003-08-08,2.483,2.483,2.4314,2.4709,555468,1.1109,407000000,1221000000,45.1862,
600592.SH,龙溪股份,2003-08-11,2.4921,2.5407,2.477,2.5316,1205813,2.4116,417000000,1251000000,46.2964,
600592.SH,龙溪股份,2003-08-12,2.5255,2.5346,2.4891,2.5225,308263,0.6165,415500000,1246500000,46.1299,
600592.SH,龙溪股份,2003-08-13,2.5225,2.5225,2.4618,2.4679,184900,0.3698,406500000,1219500000,45.1307,
600592.SH,龙溪股份,2003-08-14,2.4648,2.4891,2.4375,2.4436,180233,0.3605,402500000,1207500000,44.6866,
600592.SH,龙溪股份,2003-08-15,2.4466,2.4648,2.4345,2.4557,134356,0.2687,404500000,1213500000,44.9087,
600592.SH,龙溪股份,2003-08-18,2.4314,2.4375,2.398,2.4254,230574,0.4611,399500000,1198500000,44.3535,
600592.SH,龙溪股份,2003-08-19,2.4163,2.4709,2.4163,2.4436,179988,0.36,402500000,1207500000,44.6866,
600592.SH,龙溪股份,2003-08-20,2.4163,2.4497,2.4163,2.4497,182180,0.3644,403500000,1210500000,44.7976,
600592.SH,龙溪股份,2003-08-21,2.5043,2.5043,2.4405,2.4709,124051,0.2481,407000000,1221000000,45.9201,
600592.SH,龙溪股份,2003-08-22,2.4709,2.4891,2.4618,2.4739,191699,0.3834,407500000,1222500000,45.9765,
600592.SH,龙溪股份,2003-08-25,2.3677,2.4557,2.3677,2.4102,131700,0.2634,397000000,1191000000,44.7918,
600592.SH,龙溪股份,2003-08-26,2.398,2.4223,2.3889,2.4011,93546,0.1871,395500000,1186500000,44.6226,
600592.SH,龙溪股份,2003-08-27,2.4132,2.4132,2.392,2.392,91704,0.1834,394000000,1182000000,44.4534,
600592.SH,龙溪股份,2003-08-28,2.4284,2.4284,2.392,2.398,85100,0.1702,395000000,1185000000,44.5662,
600592.SH,龙溪股份,2003-08-29,2.4041,2.4163,2.3738,2.4163,151490,0.303,398000000,1194000000,44.9047,
600592.SH,龙溪股份,2003-09-01,2.4132,2.5104,2.4072,2.4921,412066,0.8241,410500000,1231500000,46.315,
600592.SH,龙溪股份,2003-09-02,2.477,2.5043,2.4648,2.48,244886,0.4898,408500000,1225500000,46.0893,
600592.SH,龙溪股份,2003-09-03,2.4861,2.5104,2.4618,2.4982,227026,0.4541,411500000,1234500000,46.4278,
600592.SH,龙溪股份,2003-09-04,2.5043,2.5195,2.4739,2.4739,155701,0.3114,407500000,1222500000,45.9765,
600592.SH,龙溪股份,2003-09-05,2.4618,2.4709,2.4223,2.4345,336430,0.6729,401000000,1203000000,45.2431,
600592.SH,龙溪股份,2003-09-08,2.4284,2.4405,2.4132,2.4193,71000,0.142,398500000,1195500000,44.9611,
600592.SH,龙溪股份,2003-09-09,2.4193,2.4284,2.398,2.4102,93200,0.1864,397000000,1191000000,44.7918,
600592.SH,龙溪股份,2003-09-10,2.4011,2.4284,2.398,2.4102,77100,0.1542,397000000,1191000000,44.7918,
600592.SH,龙溪股份,2003-09-11,2.4041,2.4284,2.4041,2.4102,106000,0.212,397000000,1191000000,44.7918,
600592.SH,龙溪股份,2003-09-12,2.4132,2.4132,2.3464,2.3495,235946,0.4719,387000000,1161000000,43.6636,
600592.SH,龙溪股份,2003-09-15,2.3404,2.3677,2.3131,2.3161,88377,0.1768,381500000,1144500000,43.043,
600592.SH,龙溪股份,2003-09-16,2.3434,2.3434,2.2979,2.3313,98880,0.1978,384000000,1152000000,43.3251,
600592.SH,龙溪股份,2003-09-17,2.3373,2.3373,2.2857,2.2888,118900,0.2378,377000000,1131000000,42.5353,
600592.SH,龙溪股份,2003-09-18,2.2888,2.31,2.2797,2.2948,84950,0.1699,378000000,1134000000,42.6481,
600592.SH,龙溪股份,2003-09-19,2.3252,2.3252,2.2827,2.2979,88499,0.177,378500000,1135500000,42.7046,
600592.SH,龙溪股份,2003-09-22,2.307,2.3252,2.2857,2.3222,82700,0.1654,382500000,1147500000,43.1559,
600592.SH,龙溪股份,2003-09-23,2.3222,2.3222,2.3222,2.3222,--,--,382500000,1147500000,43.1559,
600592.SH,龙溪股份,2003-09-24,2.3313,2.3677,2.3131,2.3616,123993,0.248,389000000,1167000000,43.8892,
600592.SH,龙溪股份,2003-09-25,2.3404,2.3616,2.2888,2.2918,94220,0.1884,377500000,1132500000,42.5917,
600592.SH,龙溪股份,2003-09-26,2.2827,2.2888,2.2463,2.2645,132200,0.2644,373000000,1119000000,42.084,
600592.SH,龙溪股份,2003-09-29,2.2493,2.2523,2.2159,2.2159,208832,0.4177,365000000,1095000000,41.1814,
600592.SH,龙溪股份,2003-09-30,2.2159,2.2432,2.2007,2.2372,132900,0.2658,368500000,1105500000,41.5763,
600592.SH,龙溪股份,2003-10-08,2.2038,2.2493,2.2038,2.2463,62901,0.1258,370000000,1110000000,41.7455,
600592.SH,龙溪股份,2003-10-09,2.2463,2.2675,2.2311,2.2463,124500,0.249,370000000,1110000000,41.7455,
600592.SH,龙溪股份,2003-10-10,2.2736,2.3131,2.2523,2.3039,171098,0.3422,379500000,1138500000,42.8174,
600592.SH,龙溪股份,2003-10-13,2.307,2.3222,2.2888,2.2888,127010,0.254,377000000,1131000000,42.5353,
600592.SH,龙溪股份,2003-10-14,2.2736,2.2766,2.2463,2.2463,84704,0.1694,370000000,1110000000,41.7455,
600592.SH,龙溪股份,2003-10-15,2.2463,2.307,2.2341,2.2463,78044,0.1561,370000000,1110000000,41.7455,
600592.SH,龙溪股份,2003-10-16,2.2341,2.2584,2.222,2.222,58000,0.116,366000000,1098000000,41.2942,
600592.SH,龙溪股份,2003-10-17,2.2159,2.2615,2.2129,2.2159,41000,0.082,365000000,1095000000,41.1814,
600592.SH,龙溪股份,2003-10-20,2.2159,2.222,2.1856,2.1977,53300,0.1066,362000000,1086000000,40.8429,
600592.SH,龙溪股份,2003-10-21,2.2007,2.2007,2.1522,2.1643,140371,0.2807,356500000,1069500000,40.2224,
600592.SH,龙溪股份,2003-10-22,2.1704,2.2645,2.1552,2.2523,337009,0.674,371000000,1113000000,32.8296,
600592.SH,龙溪股份,2003-10-23,2.2463,2.2766,2.2341,2.2402,176700,0.3534,369000000,1107000000,32.6526,
600592.SH,龙溪股份,2003-10-24,2.2372,2.2827,2.222,2.2827,302380,0.6048,376000000,1128000000,33.2721,
600592.SH,龙溪股份,2003-10-27,2.2766,2.2797,2.2007,2.222,184800,0.3696,366000000,1098000000,32.3872,
600592.SH,龙溪股份,2003-10-28,2.222,2.2463,2.1795,2.2129,142600,0.2852,364500000,1093500000,32.2544,
600592.SH,龙溪股份,2003-10-29,2.2159,2.222,2.1249,2.1552,261400,0.5228,355000000,1065000000,31.4138,
600592.SH,龙溪股份,2003-10-30,2.1309,2.1734,2.1127,2.1249,147380,0.2948,350000000,1050000000,30.9713,
600592.SH,龙溪股份,2003-10-31,2.1157,2.1825,2.1157,2.1309,176700,0.3534,351000000,1053000000,31.0598,
600592.SH,龙溪股份,2003-11-03,2.134,2.1643,2.1127,2.1552,157150,0.3143,355000000,1065000000,31.4138,
600592.SH,龙溪股份,2003-11-04,2.1674,2.2311,2.1552,2.1916,267340,0.5347,361000000,1083000000,31.9447,
600592.SH,龙溪股份,2003-11-05,2.1947,2.2129,2.14,2.1431,199600,0.3992,353000000,1059000000,31.2368,
600592.SH,龙溪股份,2003-11-06,2.14,2.1431,2.0611,2.0611,306416,0.6128,339500000,1018500000,30.0422,
600592.SH,龙溪股份,2003-11-07,2.049,2.0641,1.9943,2.0247,293259,0.5865,333500000,1000500000,29.5113,
600592.SH,龙溪股份,2003-11-10,2.0338,2.0429,2.0065,2.0308,142501,0.285,334500000,1003500000,29.5998,
600592.SH,龙溪股份,2003-11-11,2.0368,2.0641,2.0216,2.0338,96100,0.1922,335000000,1005000000,29.644,
600592.SH,龙溪股份,2003-11-12,2.0368,2.055,1.9367,1.9367,242778,0.4856,319000000,957000000,28.2282,
600592.SH,龙溪股份,2003-11-13,1.9458,1.9731,1.9124,1.9579,203789,0.4076,322500000,967500000,28.5379,
600592.SH,龙溪股份,2003-11-14,1.9518,1.9913,1.9427,1.9883,147779,0.2956,327500000,982500000,28.9803,
600592.SH,龙溪股份,2003-11-17,1.9883,1.9974,1.9761,1.9974,141038,0.2821,329000000,987000000,29.1131,
600592.SH,龙溪股份,2003-11-18,1.9822,1.9822,1.9458,1.9579,75400,0.1508,322500000,967500000,28.5379,
600592.SH,龙溪股份,2003-11-19,1.9458,2.0186,1.9458,2.0004,167050,0.3341,329500000,988500000,29.1573,
600592.SH,龙溪股份,2003-11-20,2.0095,2.0945,1.9974,2.0854,566005,1.132,343500000,1030500000,30.3962,
600592.SH,龙溪股份,2003-11-21,2.1006,2.1218,2.0338,2.0338,546400,1.0928,335000000,1005000000,29.644,
600592.SH,龙溪股份,2003-11-24,2.0277,2.1309,2.0216,2.1279,516026,1.0321,350500000,1051500000,31.0156,
600592.SH,龙溪股份,2003-11-25,2.134,2.2007,2.1249,2.1461,1048149,2.0963,353500000,1060500000,31.2811,
600592.SH,龙溪股份,2003-11-26,2.1431,2.1795,2.1249,2.1734,364749,0.7295,358000000,1074000000,31.6793,
600592.SH,龙溪股份,2003-11-27,2.1856,2.1856,2.0945,2.0945,511748,1.0235,345000000,1035000000,30.5289,
600592.SH,龙溪股份,2003-11-28,2.0945,2.1431,2.0945,2.1097,209379,0.4188,347500000,1042500000,30.7501,
600592.SH,龙溪股份,2003-12-01,2.1036,2.1734,2.0975,2.1674,427710,0.8554,357000000,1071000000,31.5908,
600592.SH,龙溪股份,2003-12-02,2.1704,2.1734,2.1309,2.1552,343655,0.6873,355000000,1065000000,31.4138,
600592.SH,龙溪股份,2003-12-03,2.1461,2.2493,2.1279,2.1886,1024574,2.0491,360500000,1081500000,31.9005,
600592.SH,龙溪股份,2003-12-04,2.1704,2.222,2.1704,2.2159,650850,1.3017,365000000,1095000000,32.2987,
600592.SH,龙溪股份,2003-12-05,2.2311,2.2311,2.1765,2.2007,403690,0.8074,362500000,1087500000,32.0775,
600592.SH,龙溪股份,2003-12-08,2.2007,2.219,2.1582,2.1643,261300,0.5226,356500000,1069500000,31.5465,
600592.SH,龙溪股份,2003-12-09,2.14,2.1643,2.1279,2.1613,249243,0.4985,356000000,1068000000,31.5023,
600592.SH,龙溪股份,2003-12-10,2.1582,2.2007,2.137,2.1886,357044,0.7141,360500000,1081500000,31.9005,
600592.SH,龙溪股份,2003-12-11,2.1886,2.2038,2.1704,2.1856,406900,0.8138,360000000,1080000000,31.8562,
600592.SH,龙溪股份,2003-12-12,2.1734,2.1795,2.1249,2.1674,877156,1.7543,357000000,1071000000,31.5908,
600592.SH,龙溪股份,2003-12-15,2.1552,2.1674,2.1249,2.1522,784500,1.569,354500000,1063500000,31.3695,
600592.SH,龙溪股份,2003-12-16,2.134,2.137,2.0641,2.1157,949849,1.8997,348500000,1045500000,30.8386,
600592.SH,龙溪股份,2003-12-17,2.1127,2.1218,2.052,2.0732,801458,1.6029,341500000,1024500000,30.2192,
600592.SH,龙溪股份,2003-12-18,2.0641,2.0732,2.0216,2.0459,467947,0.9359,337000000,1011000000,29.821,
600592.SH,龙溪股份,2003-12-19,2.049,2.0581,1.9579,1.9731,869114,1.7382,325000000,975000000,28.7591,
600592.SH,龙溪股份,2003-12-22,2.0611,2.1491,1.9731,2.1491,2083178,4.1664,354000000,1062000000,31.3253,
600592.SH,龙溪股份,2003-12-23,2.1461,2.1825,2.1066,2.1643,1473468,2.9469,356500000,1069500000,31.5465,
600592.SH,龙溪股份,2003-12-24,2.1582,2.2007,2.1431,2.1825,1398489,2.797,359500000,1078500000,31.812,
600592.SH,龙溪股份,2003-12-25,2.1916,2.2463,2.1613,2.2402,2020365,4.0407,369000000,1107000000,32.6526,
600592.SH,龙溪股份,2003-12-26,2.2402,2.2948,2.1856,2.2068,2276662,4.5533,363500000,1090500000,32.166,
600592.SH,龙溪股份,2003-12-29,2.1977,2.2341,2.1704,2.1825,889126,1.7783,359500000,1078500000,31.812,
600592.SH,龙溪股份,2003-12-30,2.1734,2.2159,2.1734,2.2129,606253,1.2125,364500000,1093500000,32.2544,
600592.SH,龙溪股份,2003-12-31,2.2159,2.225,2.1734,2.1856,504663,1.0093,360000000,1080000000,31.8562,
600592.SH,龙溪股份,2004-01-02,2.2007,2.2857,2.1704,2.2675,1488758,2.9775,373500000,1120500000,33.0508,
600592.SH,龙溪股份,2004-01-05,2.2554,2.2948,2.2463,2.2827,1884556,3.7691,376000000,1128000000,33.2721,
600592.SH,龙溪股份,2004-01-06,2.2827,2.3009,2.219,2.2736,1296689,2.5934,374500000,1123500000,33.1393,
600592.SH,龙溪股份,2004-01-07,2.2766,2.3616,2.2766,2.3434,2256989,4.514,386000000,1158000000,34.157,
600592.SH,龙溪股份,2004-01-08,2.3616,2.4254,2.3222,2.395,2293427,4.5869,394500000,1183500000,34.9091,
600592.SH,龙溪股份,2004-01-09,2.4072,2.4072,2.31,2.3222,1593209,3.1864,382500000,1147500000,33.8473,
600592.SH,龙溪股份,2004-01-12,2.222,2.3373,2.222,2.3343,999130,1.9983,384500000,1153500000,34.0242,
600592.SH,龙溪股份,2004-01-13,2.3343,2.3464,2.2797,2.3373,947367,1.8947,385000000,1155000000,34.0685,
600592.SH,龙溪股份,2004-01-14,2.3313,2.3829,2.307,2.3829,1271582,2.5432,392500000,1177500000,34.7321,
600592.SH,龙溪股份,2004-01-15,2.3829,2.392,2.3525,2.3525,587540,1.1751,387500000,1162500000,34.2897,
600592.SH,龙溪股份,2004-01-16,2.3525,2.3677,2.307,2.3434,698676,1.3974,386000000,1158000000,34.157,
600592.SH,龙溪股份,2004-01-29,2.3373,2.4345,2.3252,2.4254,1021087,2.0422,399500000,1198500000,35.3516,
600592.SH,龙溪股份,2004-01-30,2.4284,2.4284,2.3282,2.3343,883100,1.7662,384500000,1153500000,34.0242,
600592.SH,龙溪股份,2004-02-02,2.3616,2.4284,2.3131,2.3859,905178,1.8104,393000000,1179000000,34.7764,
600592.SH,龙溪股份,2004-02-03,2.3859,2.48,2.3677,2.4709,1699436,3.3989,407000000,1221000000,36.0152,
600592.SH,龙溪股份,2004-02-04,2.4709,2.4861,2.4436,2.4861,1361259,2.7225,409500000,1228500000,36.2365,
600592.SH,龙溪股份,2004-02-05,2.4861,2.4891,2.4466,2.4709,993226,1.9865,407000000,1221000000,36.0152,
600592.SH,龙溪股份,2004-02-06,2.4588,2.4739,2.4163,2.4223,1415134,2.8303,399000000,1197000000,35.3073,
600592.SH,龙溪股份,2004-02-09,2.4132,2.4952,2.4072,2.4861,947507,1.895,409500000,1228500000,36.2365,
600592.SH,龙溪股份,2004-02-10,2.4861,2.5164,2.4679,2.4861,1121808,2.2436,409500000,1228500000,36.2365,
600592.SH,龙溪股份,2004-02-11,2.483,2.5164,2.4739,2.5043,825813,1.6516,412500000,1237500000,36.5019,
600592.SH,龙溪股份,2004-02-12,2.5195,2.5438,2.4921,2.5346,1200399,2.4008,417500000,1252500000,36.9444,
600592.SH,龙溪股份,2004-02-13,2.5346,2.5559,2.477,2.477,960300,1.9206,408000000,1224000000,36.1037,
600592.SH,龙溪股份,2004-02-16,2.477,2.5377,2.477,2.5377,918027,1.8361,418000000,1254000000,36.9886,
600592.SH,龙溪股份,2004-02-17,2.5438,2.6105,2.5195,2.5954,1625816,3.2516,427500000,1282500000,37.8293,
600592.SH,龙溪股份,2004-02-18,2.5863,2.6712,2.5741,2.65,1837503,3.675,436500000,1309500000,38.6257,
600592.SH,龙溪股份,2004-02-19,2.65,2.6773,2.6257,2.6591,1074287,2.1486,438000000,1314000000,38.7584,
600592.SH,龙溪股份,2004-02-20,2.6591,2.6743,2.6105,2.6743,976521,1.953,440500000,1321500000,38.9796,
600592.SH,龙溪股份,2004-02-23,2.6561,2.6743,2.565,2.5771,1455360,2.9107,424500000,1273500000,37.5638,
600592.SH,龙溪股份,2004-02-24,2.565,2.565,2.4739,2.5043,1259669,2.5193,412500000,1237500000,36.5019,
600592.SH,龙溪股份,2004-02-25,2.5134,2.5407,2.4132,2.4163,1332000,2.664,398000000,1194000000,35.2188,
600592.SH,龙溪股份,2004-02-26,2.398,2.4345,2.3707,2.4072,947870,1.8957,396500000,1189500000,35.0861,
600592.SH,龙溪股份,2004-02-27,2.4132,2.4436,2.398,2.4405,749879,1.4998,402000000,1206000000,35.5728,
600592.SH,龙溪股份,2004-03-01,2.4314,2.4588,2.3768,2.4557,593407,1.1868,404500000,1213500000,35.794,
600592.SH,龙溪股份,2004-03-02,2.4527,2.4709,2.4132,2.4497,556077,1.1122,403500000,1210500000,35.7055,
600592.SH,龙溪股份,2004-03-03,2.4466,2.4466,2.3707,2.3768,541334,1.0827,391500000,1174500000,34.6437,
600592.SH,龙溪股份,2004-03-04,2.3738,2.4254,2.3677,2.4254,645079,1.2902,399500000,1198500000,35.3516,
600592.SH,龙溪股份,2004-03-05,2.4193,2.4436,2.4072,2.4193,398570,0.7971,398500000,1195500000,35.2631,
600592.SH,龙溪股份,2004-03-08,2.392,2.4102,2.3464,2.3525,419466,0.8389,387500000,1162500000,34.2897,
600592.SH,龙溪股份,2004-03-09,2.3373,2.3677,2.3131,2.3222,483100,0.9662,382500000,1147500000,33.8473,
600592.SH,龙溪股份,2004-03-10,2.307,2.3768,2.3009,2.3768,368771,0.7375,391500000,1174500000,34.6437,
600592.SH,龙溪股份,2004-03-11,2.3798,2.4284,2.3707,2.4072,487256,0.9745,396500000,1189500000,35.0861,
600592.SH,龙溪股份,2004-03-12,2.4102,2.4132,2.3829,2.3889,328300,0.6566,393500000,1180500000,34.8206,
600592.SH,龙溪股份,2004-03-15,2.3829,2.4466,2.3798,2.4405,459198,0.9184,402000000,1206000000,35.5728,
600592.SH,龙溪股份,2004-03-16,2.4527,2.4588,2.4223,2.4345,508493,1.017,401000000,1203000000,35.4843,
600592.SH,龙溪股份,2004-03-17,2.4345,2.4739,2.4223,2.4648,594038,1.1881,406000000,1218000000,35.9268,
600592.SH,龙溪股份,2004-03-18,2.4679,2.48,2.4072,2.4102,628472,1.2569,397000000,1191000000,35.1304,
600592.SH,龙溪股份,2004-03-19,2.4223,2.4497,2.4102,2.4497,376660,0.7533,403500000,1210500000,35.7055,
600592.SH,龙溪股份,2004-03-22,2.4497,2.483,2.4436,2.483,533647,1.0673,409000000,1227000000,36.1922,
600592.SH,龙溪股份,2004-03-23,2.483,2.5043,2.4648,2.4982,589531,1.1791,411500000,1234500000,36.4134,
600592.SH,龙溪股份,2004-03-24,2.483,2.5043,2.4466,2.4679,469295,0.9386,406500000,1219500000,35.971,
600592.SH,龙溪股份,2004-03-25,2.4557,2.4739,2.4254,2.4527,467581,0.9352,404000000,1212000000,35.7498,
600592.SH,龙溪股份,2004-03-26,2.4527,2.4739,2.4284,2.4618,341385,0.6828,405500000,1216500000,35.8825,
600592.SH,龙溪股份,2004-03-29,2.4588,2.5498,2.4588,2.5104,1198981,2.398,413500000,1240500000,36.5904,
600592.SH,龙溪股份,2004-03-30,2.5195,2.5407,2.4891,2.5377,687988,1.376,418000000,1254000000,36.9886,
600592.SH,龙溪股份,2004-03-31,2.5346,2.562,2.5073,2.5134,965400,1.9308,414000000,1242000000,36.6347,
600592.SH,龙溪股份,2004-04-01,2.5195,2.565,2.5164,2.5498,1138614,2.2772,420000000,1260000000,31.3249,
600592.SH,龙溪股份,2004-04-02,2.565,2.565,2.5377,2.5498,930590,1.8612,420000000,1260000000,31.3249,
600592.SH,龙溪股份,2004-04-05,2.5529,2.6045,2.5529,2.6014,1270142,2.5403,428500000,1285500000,31.9589,
600592.SH,龙溪股份,2004-04-06,2.6196,2.7168,2.6105,2.6712,3011280,6.0226,440000000,1320000000,32.8166,
600592.SH,龙溪股份,2004-04-07,2.6864,2.6925,2.6227,2.6318,1294901,2.5898,433500000,1300500000,32.3318,
600592.SH,龙溪股份,2004-04-08,2.6318,2.6318,2.5802,2.5954,813101,1.6262,427500000,1282500000,31.8843,
600592.SH,龙溪股份,2004-04-09,2.6166,2.6196,2.5134,2.5225,1049169,2.0983,415500000,1246500000,30.9893,
600592.SH,龙溪股份,2004-04-12,2.4952,2.5771,2.4891,2.5559,722121,1.4442,421000000,1263000000,31.3995,
600592.SH,龙溪股份,2004-04-13,2.5589,2.568,2.4952,2.5104,532911,1.0658,413500000,1240500000,30.8401,
600592.SH,龙溪股份,2004-04-14,2.5043,2.5286,2.4588,2.4861,588149,1.1763,409500000,1228500000,30.5418,
600592.SH,龙溪股份,2004-04-15,2.5104,2.5104,2.4345,2.4375,518908,1.0378,401500000,1204500000,29.9451,
600592.SH,龙溪股份,2004-04-16,2.4314,2.4679,2.3829,2.4527,597873,1.1957,404000000,1212000000,30.1316,
600592.SH,龙溪股份,2004-04-19,2.4588,2.4648,2.4284,2.4375,346300,0.6926,401500000,1204500000,29.9451,
600592.SH,龙溪股份,2004-04-20,2.4284,2.4466,2.4132,2.4436,198900,0.3978,402500000,1207500000,30.0197,
600592.SH,龙溪股份,2004-04-21,2.4314,2.4618,2.4041,2.4254,246700,0.4934,399500000,1198500000,29.796,
600592.SH,龙溪股份,2004-04-22,2.4072,2.4588,2.398,2.4588,251557,0.5031,405000000,1215000000,30.2062,
600592.SH,龙溪股份,2004-04-23,2.4436,2.4557,2.4102,2.4132,268300,0.5366,397500000,1192500000,29.6468,
600592.SH,龙溪股份,2004-04-26,2.4072,2.4557,2.398,2.4223,226118,0.4522,399000000,1197000000,26.77,
600592.SH,龙溪股份,2004-04-27,2.4284,2.4527,2.4072,2.4223,431161,0.8623,399000000,1197000000,26.77,
600592.SH,龙溪股份,2004-04-28,2.4072,2.4648,2.4072,2.4618,338119,0.6762,405500000,1216500000,27.2061,
600592.SH,龙溪股份,2004-04-29,2.4527,2.4648,2.398,2.398,379781,0.7596,395000000,1185000000,26.5016,
600592.SH,龙溪股份,2004-04-30,2.398,2.4163,2.2948,2.31,953202,1.9064,380500000,1141500000,25.5288,
600592.SH,龙溪股份,2004-05-10,2.31,2.31,2.31,2.31,--,--,380500000,1141500000,25.5288,
600592.SH,龙溪股份,2004-05-11,2.2463,2.3039,2.219,2.2948,382399,0.7648,378000000,1134000000,25.361,
600592.SH,龙溪股份,2004-05-12,2.2948,2.3434,2.2523,2.3373,257608,0.5152,385000000,1155000000,25.8307,
600592.SH,龙溪股份,2004-05-13,2.3252,2.3373,2.2979,2.3009,167100,0.3342,379000000,1137000000,25.4281,
600592.SH,龙溪股份,2004-05-14,2.2918,2.2948,2.2463,2.2463,192500,0.385,370000000,1110000000,24.8243,
600592.SH,龙溪股份,2004-05-17,2.2007,2.2706,2.2007,2.2432,103700,0.2074,369500000,1108500000,24.7907,
600592.SH,龙溪股份,2004-05-18,2.2493,2.2979,2.2372,2.2918,140010,0.28,377500000,1132500000,25.3275,
600592.SH,龙溪股份,2004-05-19,2.2857,2.3161,2.2827,2.2948,124699,0.2494,378000000,1134000000,25.361,
600592.SH,龙溪股份,2004-05-20,2.3009,2.3191,2.2645,2.2918,91400,0.1828,377500000,1132500000,25.3275,
600592.SH,龙溪股份,2004-05-21,2.3131,2.3131,2.2766,2.307,102261,0.2045,380000000,1140000000,25.4952,
600592.SH,龙溪股份,2004-05-24,2.3191,2.3191,2.2706,2.2766,79100,0.1582,375000000,1125000000,25.1598,
600592.SH,龙溪股份,2004-05-25,2.2615,2.3252,2.219,2.222,229600,0.4592,366000000,1098000000,24.5559,
600592.SH,龙溪股份,2004-05-26,2.2402,2.2402,2.1856,2.2311,108410,0.2168,367500000,1102500000,24.6566,
600592.SH,龙溪股份,2004-05-27,2.2311,2.3252,2.2038,2.2979,190600,0.3812,378500000,1135500000,25.3946,
600592.SH,龙溪股份,2004-05-28,2.2797,2.3009,2.2463,2.2827,173568,0.3471,376000000,1128000000,25.2268,
600592.SH,龙溪股份,2004-05-31,2.2463,2.3222,2.2463,2.2888,115953,0.2319,377000000,1131000000,25.2939,
600592.SH,龙溪股份,2004-06-01,2.2918,2.3525,2.2797,2.3495,334596,0.6692,387000000,1161000000,25.9649,
600592.SH,龙溪股份,2004-06-02,2.3525,2.392,2.3282,2.3464,383101,0.7662,386500000,1159500000,25.9313,
600592.SH,龙溪股份,2004-06-03,2.3495,2.3677,2.2948,2.3039,214800,0.4296,379500000,1138500000,25.4617,
600592.SH,龙溪股份,2004-06-04,2.2918,2.3616,2.2888,2.3586,354868,0.7097,388500000,1165500000,26.0655,
600592.SH,龙溪股份,2004-06-07,2.3647,2.3889,2.3404,2.3707,973653,1.9473,390500000,1171500000,26.1997,
600592.SH,龙溪股份,2004-06-08,2.3647,2.3647,2.3191,2.3313,265396,0.5308,384000000,1152000000,25.7636,
600592.SH,龙溪股份,2004-06-09,2.3252,2.3464,2.219,2.2311,350301,0.7006,367500000,1102500000,24.6566,
600592.SH,龙溪股份,2004-06-10,2.2159,2.2341,2.1856,2.2098,332268,0.6645,364000000,1092000000,24.4217,
600592.SH,龙溪股份,2004-06-11,2.2159,2.2766,2.2129,2.219,219662,0.4393,365500000,1096500000,24.5224,
600592.SH,龙溪股份,2004-06-14,2.219,2.219,2.137,2.1886,374600,0.7492,360500000,1081500000,24.1869,
600592.SH,龙溪股份,2004-06-15,2.1886,2.1886,2.1188,2.1704,1093627,2.1873,357500000,1072500000,23.9856,
600592.SH,龙溪股份,2004-06-16,2.1674,2.1825,2.1218,2.1552,550372,1.1007,355000000,1065000000,23.8179,
600592.SH,龙溪股份,2004-06-17,2.1491,2.1674,2.1097,2.1157,318500,0.637,348500000,1045500000,23.3818,
600592.SH,龙溪股份,2004-06-18,2.1127,2.137,2.0793,2.134,221109,0.4422,351500000,1054500000,23.5831,
600592.SH,龙溪股份,2004-06-21,2.1402,2.1808,2.1246,2.1777,276420,0.5528,348500000,1045500000,23.3818,
600592.SH,龙溪股份,2004-06-22,2.1715,2.2214,2.1683,2.2121,315200,0.6304,354000000,1062000000,23.7508,
600592.SH,龙溪股份,2004-06-23,2.2183,2.2183,2.1652,2.1777,321299,0.6426,348500000,1045500000,23.3818,
600592.SH,龙溪股份,2004-06-24,2.1871,2.2121,2.1839,2.1933,141290,0.2826,351000000,1053000000,23.5495,
600592.SH,龙溪股份,2004-06-25,2.2027,2.2027,2.1715,2.1777,299713,0.5994,348500000,1045500000,23.3818,
600592.SH,龙溪股份,2004-06-28,2.1964,2.1964,2.1558,2.159,271984,0.544,345500000,1036500000,23.1805,
600592.SH,龙溪股份,2004-06-29,2.1558,2.1871,2.1558,2.1839,200649,0.4013,349500000,1048500000,23.4489,
600592.SH,龙溪股份,2004-06-30,2.1871,2.2027,2.1808,2.1871,172534,0.3451,350000000,1050000000,23.4824,
600592.SH,龙溪股份,2004-07-01,2.1871,2.2371,2.1871,2.2339,345936,0.6919,357500000,1072500000,23.9856,
600592.SH,龙溪股份,2004-07-02,2.2339,2.2339,2.2027,2.2183,180100,0.3602,355000000,1065000000,23.8179,
600592.SH,龙溪股份,2004-07-05,2.2183,2.2183,2.1871,2.1933,113249,0.2265,351000000,1053000000,23.5495,
600592.SH,龙溪股份,2004-07-06,2.2027,2.2652,2.1933,2.2652,584979,1.17,362500000,1087500000,24.3211,
600592.SH,龙溪股份,2004-07-07,2.2652,2.2871,2.2464,2.2496,474304,0.9486,360000000,1080000000,24.1534,
600592.SH,龙溪股份,2004-07-08,2.2558,2.2714,2.2339,2.2652,168700,0.3374,362500000,1087500000,24.3211,
600592.SH,龙溪股份,2004-07-09,2.2714,2.2808,2.2277,2.2308,128200,0.2564,357000000,1071000000,23.9521,
600592.SH,龙溪股份,2004-07-12,2.2308,2.2308,2.1558,2.1683,177982,0.356,347000000,1041000000,23.2812,
600592.SH,龙溪股份,2004-07-13,2.2058,2.2058,2.1558,2.1839,74900,0.1498,349500000,1048500000,23.4489,
600592.SH,龙溪股份,2004-07-14,2.1746,2.1902,2.1277,2.1621,387217,0.7744,346000000,1038000000,23.2141,
600592.SH,龙溪股份,2004-07-15,2.1621,2.1933,2.1558,2.1839,209605,0.4192,349500000,1048500000,23.4489,
600592.SH,龙溪股份,2004-07-16,2.2027,2.2746,2.1871,2.2558,387295,0.7746,361000000,1083000000,24.2205,
600592.SH,龙溪股份,2004-07-19,2.2558,2.2683,2.2371,2.2527,148943,0.2979,360500000,1081500000,24.1869,
600592.SH,龙溪股份,2004-07-20,2.2308,2.2589,2.2308,2.2371,176830,0.3537,358000000,1074000000,24.0192,
600592.SH,龙溪股份,2004-07-21,2.2339,2.2589,2.2308,2.2433,172037,0.3441,359000000,1077000000,24.0863,
600592.SH,龙溪股份,2004-07-22,2.2746,2.2746,2.1808,2.1871,183920,0.3678,350000000,1050000000,23.4824,
600592.SH,龙溪股份,2004-07-23,2.1652,2.2121,2.1652,2.2027,96636,0.1933,352500000,1057500000,23.6502,
600592.SH,龙溪股份,2004-07-26,2.1277,2.1277,1.984,2.009,1286708,2.5734,321500000,964500000,21.5703,
600592.SH,龙溪股份,2004-07-27,1.9871,2.0402,1.984,2.0371,402932,0.8059,326000000,978000000,21.8722,
600592.SH,龙溪股份,2004-07-28,2.0871,2.0871,2.0121,2.0527,211029,0.4221,328500000,985500000,20.2075,
600592.SH,龙溪股份,2004-07-29,2.0309,2.0808,2.0309,2.0715,231910,0.4638,331500000,994500000,20.3921,
600592.SH,龙溪股份,2004-07-30,2.0777,2.0777,1.9996,2.0027,242550,0.4851,320500000,961500000,19.7154,
600592.SH,龙溪股份,2004-08-02,1.9934,2.0152,1.984,1.9934,121101,0.2422,319000000,957000000,19.6231,
600592.SH,龙溪股份,2004-08-03,2.0152,2.0152,1.984,2.0121,126405,0.2528,322000000,966000000,19.8077,
600592.SH,龙溪股份,2004-08-04,2.009,2.0902,2.0027,2.0496,290131,0.5803,328000000,984000000,20.1768,
600592.SH,龙溪股份,2004-08-05,2.0465,2.0652,2.0246,2.0309,159933,0.3199,325000000,975000000,19.9922,
600592.SH,龙溪股份,2004-08-06,2.0309,2.0465,2.0246,2.0371,107800,0.2156,326000000,978000000,20.0537,
600592.SH,龙溪股份,2004-08-09,2.0309,2.0621,2.0309,2.0527,69367,0.1387,328500000,985500000,20.2075,
600592.SH,龙溪股份,2004-08-10,2.0621,2.0621,2.0434,2.0558,91300,0.1826,329000000,987000000,20.2383,
600592.SH,龙溪股份,2004-08-11,2.0496,2.0527,2.0152,2.0152,75800,0.1516,322500000,967500000,19.8384,
600592.SH,龙溪股份,2004-08-12,1.9871,2.009,1.9777,1.9934,151790,0.3036,319000000,957000000,19.6231,
600592.SH,龙溪股份,2004-08-13,2.0371,2.0371,1.9934,2.0246,292100,0.5842,324000000,972000000,19.9307,
600592.SH,龙溪股份,2004-08-16,2.0246,2.0246,1.9309,1.9371,409936,0.8199,310000000,930000000,19.0695,
600592.SH,龙溪股份,2004-08-17,1.9309,1.9621,1.9309,1.9496,112618,0.2252,312000000,936000000,19.1925,
600592.SH,龙溪股份,2004-08-18,1.9434,1.9621,1.9246,1.934,96704,0.1934,309500000,928500000,19.0387,
600592.SH,龙溪股份,2004-08-19,1.934,1.9496,1.8934,1.8996,141501,0.283,304000000,912000000,18.7004,
600592.SH,龙溪股份,2004-08-20,1.8934,1.9184,1.8684,1.9059,177400,0.3548,305000000,915000000,18.7619,
600592.SH,龙溪股份,2004-08-23,1.8465,1.9184,1.8465,1.909,159700,0.3194,305500000,916500000,18.7927,
600592.SH,龙溪股份,2004-08-24,1.9215,1.9934,1.9121,1.9496,143860,0.2877,312000000,936000000,19.1925,
600592.SH,龙溪股份,2004-08-25,1.9496,1.959,1.9371,1.9434,74375,0.1488,311000000,933000000,19.131,
600592.SH,龙溪股份,2004-08-26,1.9434,1.9715,1.9121,1.9715,182561,0.3651,315500000,946500000,19.4078,
600592.SH,龙溪股份,2004-08-27,1.9684,1.984,1.9465,1.9777,282088,0.5642,316500000,949500000,19.4693,
600592.SH,龙溪股份,2004-08-30,1.9684,1.9715,1.9402,1.9684,64130,0.1283,315000000,945000000,19.3771,
600592.SH,龙溪股份,2004-08-31,2.0309,2.059,1.9809,1.9965,215789,0.4316,319500000,958500000,19.6539,
600592.SH,龙溪股份,2004-09-01,1.9715,1.9934,1.9621,1.9684,60000,0.12,315000000,945000000,19.3771,
600592.SH,龙溪股份,2004-09-02,1.9965,1.9965,1.9559,1.9934,75201,0.1504,319000000,957000000,19.6231,
600592.SH,龙溪股份,2004-09-03,1.9371,1.9934,1.9309,1.9715,47100,0.0942,315500000,946500000,19.4078,
600592.SH,龙溪股份,2004-09-06,1.9559,1.9715,1.9559,1.9715,25010,0.05,315500000,946500000,19.4078,
600592.SH,龙溪股份,2004-09-07,1.9621,1.9715,1.9496,1.959,63600,0.1272,313500000,940500000,19.2848,
600592.SH,龙溪股份,2004-09-08,1.959,1.9652,1.9465,1.959,62700,0.1254,313500000,940500000,19.2848,
600592.SH,龙溪股份,2004-09-09,1.9371,1.9559,1.909,1.9527,182087,0.3642,312500000,937500000,19.2233,
600592.SH,龙溪股份,2004-09-10,1.9246,1.9434,1.9246,1.934,43110,0.0862,309500000,928500000,19.0387,
600592.SH,龙溪股份,2004-09-13,1.9184,1.934,1.8871,1.8871,65700,0.1314,302000000,906000000,18.5774,
600592.SH,龙溪股份,2004-09-14,1.9277,1.9527,1.9121,1.9371,127690,0.2554,310000000,930000000,19.0695,
600592.SH,龙溪股份,2004-09-15,1.9496,2.0652,1.9496,2.0215,568842,1.1377,323500000,970500000,19.8999,
600592.SH,龙溪股份,2004-09-16,2.0121,2.0621,2.0121,2.0402,311450,0.6229,326500000,979500000,20.0845,
600592.SH,龙溪股份,2004-09-17,2.0777,2.1183,2.0777,2.1027,756127,1.5123,336500000,1009500000,20.6996,
600592.SH,龙溪股份,2004-09-20,2.1121,2.1683,2.0621,2.1683,863243,1.7265,347000000,1041000000,21.3455,
600592.SH,龙溪股份,2004-09-21,2.1058,2.1996,2.1058,2.1465,666170,1.3323,343500000,1030500000,21.1302,
600592.SH,龙溪股份,2004-09-22,2.1496,2.1652,2.0902,2.1027,467500,0.935,336500000,1009500000,20.6996,
600592.SH,龙溪股份,2004-09-23,2.0933,2.1715,2.0933,2.1652,389836,0.7797,346500000,1039500000,21.3148,
600592.SH,龙溪股份,2004-09-24,2.1558,2.1996,2.1027,2.1027,756430,1.5129,336500000,1009500000,20.6996,
600592.SH,龙溪股份,2004-09-27,2.1277,2.159,2.0683,2.0715,311968,0.6239,331500000,994500000,20.3921,
600592.SH,龙溪股份,2004-09-28,2.0715,2.0996,2.0558,2.0746,252600,0.5052,332000000,996000000,20.4228,
600592.SH,龙溪股份,2004-09-29,2.1183,2.1246,2.0777,2.084,243110,0.4862,333500000,1000500000,20.5151,
600592.SH,龙溪股份,2004-09-30,2.0808,2.0871,2.0496,2.0715,271251,0.5425,331500000,994500000,20.3921,
600592.SH,龙溪股份,2004-10-08,2.0434,2.1121,2.0309,2.0965,180465,0.3609,335500000,1006500000,20.6381,
600592.SH,龙溪股份,2004-10-11,2.1058,2.1496,2.0746,2.1215,343050,0.6861,339500000,1018500000,20.8842,
600592.SH,龙溪股份,2004-10-12,2.0683,2.1215,2.0683,2.084,128050,0.2561,333500000,1000500000,20.5151,
600592.SH,龙溪股份,2004-10-13,2.084,2.1027,2.0621,2.084,152450,0.3049,333500000,1000500000,20.5151,
600592.SH,龙溪股份,2004-10-14,2.0808,2.0808,1.959,1.9715,280000,0.56,315500000,946500000,19.4078,
600592.SH,龙溪股份,2004-10-15,1.9559,1.9777,1.934,1.9621,226110,0.4522,314000000,942000000,19.3156,
600592.SH,龙溪股份,2004-10-18,1.9652,2.009,1.9465,2.0059,192951,0.3859,321000000,963000000,19.7462,
600592.SH,龙溪股份,2004-10-19,1.9996,2.0371,1.9996,2.0246,252751,0.5055,324000000,972000000,19.9307,
600592.SH,龙溪股份,2004-10-20,1.9934,2.0215,1.9902,2.0027,190050,0.3801,320500000,961500000,19.7154,
600592.SH,龙溪股份,2004-10-21,2.0027,2.0027,1.9434,1.9809,310129,0.6203,317000000,951000000,19.5001,
600592.SH,龙溪股份,2004-10-22,1.8778,1.9777,1.8778,1.934,279930,0.5599,309500000,928500000,19.0387,
600592.SH,龙溪股份,2004-10-25,1.9527,1.9777,1.9184,1.9434,182800,0.3656,311000000,933000000,19.131,
600592.SH,龙溪股份,2004-10-26,1.9496,2.0246,1.9496,2.0246,349900,0.6998,324000000,972000000,18.9543,
600592.SH,龙溪股份,2004-10-27,2.0215,2.059,1.9934,2.059,280844,0.5617,329500000,988500000,19.2761,
600592.SH,龙溪股份,2004-10-28,2.059,2.0715,2.0309,2.0434,204000,0.408,327000000,981000000,19.1299,
600592.SH,龙溪股份,2004-10-29,1.9996,2.0246,1.9559,1.9902,213700,0.4274,318500000,955500000,18.6326,
600592.SH,龙溪股份,2004-11-01,1.9715,2.009,1.9621,1.9621,108700,0.2174,314000000,942000000,18.3693,
600592.SH,龙溪股份,2004-11-02,1.9371,1.9871,1.9371,1.984,65624,0.1312,317500000,952500000,18.5741,
600592.SH,龙溪股份,2004-11-03,1.9871,2.0215,1.9871,2.0152,93700,0.1874,322500000,967500000,18.8666,
600592.SH,龙溪股份,2004-11-04,2.0246,2.0277,1.9559,1.959,104199,0.2084,313500000,940500000,18.3401,
600592.SH,龙溪股份,2004-11-05,1.9684,1.9871,1.959,1.9621,82349,0.1647,314000000,942000000,18.3693,
600592.SH,龙溪股份,2004-11-08,1.9465,1.9715,1.9465,1.9715,30401,0.0608,315500000,946500000,18.4571,
600592.SH,龙溪股份,2004-11-09,1.9621,1.9934,1.9621,1.9715,41500,0.083,315500000,946500000,18.4571,
600592.SH,龙溪股份,2004-11-10,1.984,2.0434,1.9621,2.0309,254499,0.509,325000000,975000000,19.0129,
600592.SH,龙溪股份,2004-11-11,2.0465,2.059,1.9996,2.0121,323233,0.6465,322000000,966000000,18.8373,
600592.SH,龙溪股份,2004-11-12,2.0152,2.034,2.0027,2.0152,168265,0.3365,322500000,967500000,18.8666,
600592.SH,龙溪股份,2004-11-15,2.0215,2.0621,2.0215,2.0558,239750,0.4795,329000000,987000000,19.2469,
600592.SH,龙溪股份,2004-11-16,2.0621,2.0621,2.0309,2.0527,163840,0.3277,328500000,985500000,19.2176,
600592.SH,龙溪股份,2004-11-17,2.0309,2.0465,2.0184,2.0277,108451,0.2169,324500000,973500000,18.9836,
600592.SH,龙溪股份,2004-11-18,2.0309,2.084,2.0309,2.0746,321889,0.6438,332000000,996000000,19.4224,
600592.SH,龙溪股份,2004-11-19,2.0808,2.0871,2.0496,2.0808,487491,0.975,333000000,999000000,19.4809,
600592.SH,龙溪股份,2004-11-22,2.0808,2.0933,2.0683,2.0746,304342,0.6087,332000000,996000000,19.4224,
600592.SH,龙溪股份,2004-11-23,2.084,2.084,2.0465,2.059,380559,0.7611,329500000,988500000,19.2761,
600592.SH,龙溪股份,2004-11-24,2.0558,2.0715,2.0402,2.0402,223100,0.4462,326500000,979500000,19.1006,
600592.SH,龙溪股份,2004-11-25,2.0371,2.059,2.0246,2.0558,157260,0.3145,329000000,987000000,19.2469,
600592.SH,龙溪股份,2004-11-26,2.0558,2.0715,2.0496,2.059,149600,0.2992,329500000,988500000,19.2761,
600592.SH,龙溪股份,2004-11-29,2.034,2.034,2.0246,2.0246,118435,0.2369,324000000,972000000,18.9543,
600592.SH,龙溪股份,2004-11-30,2.0246,2.0309,2.0027,2.0246,116600,0.2332,324000000,972000000,18.9543,
600592.SH,龙溪股份,2004-12-01,2.0121,2.0309,2.0121,2.0184,54587,0.1092,323000000,969000000,18.8958,
600592.SH,龙溪股份,2004-12-02,1.9996,2.0402,1.9996,2.0402,171209,0.3424,326500000,979500000,19.1006,
600592.SH,龙溪股份,2004-12-03,2.0402,2.059,2.0277,2.0558,276280,0.5526,329000000,987000000,19.2469,
600592.SH,龙溪股份,2004-12-06,2.0621,2.0683,2.034,2.0683,197438,0.3949,331000000,993000000,19.3639,
600592.SH,龙溪股份,2004-12-07,2.0683,2.0777,2.0402,2.0465,162400,0.3248,327500000,982500000,19.1591,
600592.SH,龙溪股份,2004-12-08,2.0558,2.0621,2.0434,2.0621,153400,0.3068,330000000,990000000,19.3054,
600592.SH,龙溪股份,2004-12-09,2.0621,2.109,2.0527,2.0808,302938,0.6059,333000000,999000000,19.4809,
600592.SH,龙溪股份,2004-12-10,2.0777,2.0777,2.0309,2.0465,202900,0.4058,327500000,982500000,19.1591,
600592.SH,龙溪股份,2004-12-13,2.0371,2.0371,1.9746,1.984,135500,0.271,317500000,952500000,18.5741,
600592.SH,龙溪股份,2004-12-14,1.984,2.0059,1.9684,1.9684,67800,0.1356,315000000,945000000,18.4278,
600592.SH,龙溪股份,2004-12-15,1.9559,1.9871,1.9465,1.9871,124251,0.2485,318000000,954000000,18.6033,
600592.SH,龙溪股份,2004-12-16,1.9777,1.984,1.9527,1.959,65280,0.1306,313500000,940500000,18.3401,
600592.SH,龙溪股份,2004-12-17,1.9465,1.9527,1.9402,1.9496,70380,0.1408,312000000,936000000,18.2523,
600592.SH,龙溪股份,2004-12-20,1.9184,1.9871,1.9184,1.9465,26392,0.0528,311500000,934500000,18.2231,
600592.SH,龙溪股份,2004-12-21,1.9527,1.959,1.9371,1.9465,60690,0.1214,311500000,934500000,18.2231,
600592.SH,龙溪股份,2004-12-22,1.9559,1.9871,1.9465,1.9871,65500,0.131,318000000,954000000,18.6033,
600592.SH,龙溪股份,2004-12-23,1.9902,1.9902,1.9402,1.9496,57700,0.1154,312000000,936000000,18.2523,
600592.SH,龙溪股份,2004-12-24,1.9434,1.9746,1.934,1.9527,242100,0.4842,312500000,937500000,18.2816,
600592.SH,龙溪股份,2004-12-27,1.9371,1.959,1.934,1.9527,47600,0.0952,312500000,937500000,18.2816,
600592.SH,龙溪股份,2004-12-28,1.9684,1.9684,1.9309,1.9402,41445,0.0829,310500000,931500000,18.1646,
600592.SH,龙溪股份,2004-12-29,1.9371,1.9527,1.9059,1.909,141021,0.282,305500000,916500000,17.8721,
600592.SH,龙溪股份,2004-12-30,1.9059,1.9184,1.8496,1.8746,197952,0.3959,300000000,900000000,17.5503,
600592.SH,龙溪股份,2004-12-31,1.8746,1.8965,1.8496,1.8528,152700,0.3054,296500000,889500000,17.3456,
600592.SH,龙溪股份,2005-01-04,1.8465,1.8653,1.8309,1.8528,92900,0.1858,296500000,889500000,17.3456,
600592.SH,龙溪股份,2005-01-05,1.8434,1.8746,1.8434,1.8746,62124,0.1242,300000000,900000000,17.5503,
600592.SH,龙溪股份,2005-01-06,1.8496,1.8684,1.8278,1.8684,30601,0.0612,299000000,897000000,17.4918,
600592.SH,龙溪股份,2005-01-07,1.8496,1.8871,1.8434,1.8621,60171,0.1203,298000000,894000000,17.4333,
600592.SH,龙溪股份,2005-01-10,1.8559,1.8809,1.8528,1.8809,77500,0.155,301000000,903000000,17.6088,
600592.SH,龙溪股份,2005-01-11,1.8809,1.9028,1.8621,1.8809,38900,0.0778,301000000,903000000,17.6088,
600592.SH,龙溪股份,2005-01-12,1.8809,1.8809,1.859,1.8684,35900,0.0718,299000000,897000000,17.4918,
600592.SH,龙溪股份,2005-01-13,1.8746,1.8746,1.8434,1.8559,109600,0.2192,297000000,891000000,17.3748,
600592.SH,龙溪股份,2005-01-14,1.8621,1.884,1.8496,1.8621,61500,0.123,298000000,894000000,17.4333,
600592.SH,龙溪股份,2005-01-17,1.8309,1.8371,1.7809,1.7903,144930,0.2899,286500000,859500000,16.7606,
600592.SH,龙溪股份,2005-01-18,1.8121,1.8121,1.7622,1.7996,177000,0.354,288000000,864000000,16.8483,
600592.SH,龙溪股份,2005-01-19,1.7872,1.7934,1.7465,1.7559,114200,0.2284,281000000,843000000,16.4388,
600592.SH,龙溪股份,2005-01-20,1.7497,1.7497,1.7028,1.7215,251260,0.5025,275500000,826500000,16.117,
600592.SH,龙溪股份,2005-01-21,1.7215,1.7684,1.6965,1.7528,178690,0.3574,280500000,841500000,16.4096,
600592.SH,龙溪股份,2005-01-24,1.7996,1.809,1.7684,1.7872,182100,0.3642,286000000,858000000,16.7313,
600592.SH,龙溪股份,2005-01-25,1.7622,1.7747,1.7497,1.759,90404,0.1808,281500000,844500000,16.4681,
600592.SH,龙溪股份,2005-01-26,1.7497,1.7653,1.7278,1.7434,134490,0.269,279000000,837000000,16.3218,
600592.SH,龙溪股份,2005-01-27,1.7278,1.7403,1.7184,1.7247,143127,0.2863,276000000,828000000,16.1463,
600592.SH,龙溪股份,2005-01-28,1.7247,1.7247,1.7059,1.7059,129500,0.259,273000000,819000000,15.9708,
600592.SH,龙溪股份,2005-01-31,1.7028,1.7059,1.6278,1.6466,183613,0.3672,263500000,790500000,15.415,
600592.SH,龙溪股份,2005-02-01,1.6715,1.6715,1.6278,1.6466,86311,0.1726,263500000,790500000,15.415,
600592.SH,龙溪股份,2005-02-02,1.6309,1.7465,1.6309,1.7372,277127,0.5543,278000000,834000000,16.2633,
600592.SH,龙溪股份,2005-02-03,1.7184,1.7465,1.6778,1.6872,380401,0.7608,270000000,810000000,15.7953,
600592.SH,龙溪股份,2005-02-04,1.684,1.7872,1.684,1.7747,587836,1.1757,284000000,852000000,16.6143,
600592.SH,龙溪股份,2005-02-16,1.7684,1.7934,1.759,1.7715,198000,0.396,283500000,850500000,16.5851,
600592.SH,龙溪股份,2005-02-17,1.7747,1.7747,1.7434,1.7622,33400,0.0668,282000000,846000000,16.4973,
600592.SH,龙溪股份,2005-02-18,1.7497,1.759,1.7184,1.7497,270411,0.5408,280000000,840000000,16.3803,
600592.SH,龙溪股份,2005-02-21,1.7497,1.8059,1.7497,1.7996,217399,0.4348,288000000,864000000,16.8483,
600592.SH,龙溪股份,2005-02-22,1.7996,1.8746,1.7934,1.8746,691861,1.3837,300000000,900000000,17.5503,
600592.SH,龙溪股份,2005-02-23,1.8746,1.9215,1.8465,1.8778,877036,1.7541,300500000,901500000,17.5796,
600592.SH,龙溪股份,2005-02-24,2.0652,2.0652,1.8809,1.909,2055346,4.1107,305500000,916500000,18.1459,
600592.SH,龙溪股份,2005-02-25,1.9028,1.9996,1.8903,1.9621,1403516,2.807,314000000,942000000,18.6507,
600592.SH,龙溪股份,2005-02-28,1.9621,1.9934,1.9402,1.9809,1337189,2.6744,317000000,951000000,18.8289,
600592.SH,龙溪股份,2005-03-01,1.984,1.9902,1.9465,1.9559,495967,0.9919,313000000,939000000,18.5913,
600592.SH,龙溪股份,2005-03-02,1.9652,2.0621,1.9652,1.9965,2761846,5.5237,319500000,958500000,18.9774,
600592.SH,龙溪股份,2005-03-03,2.0027,2.059,1.984,2.0246,1462682,2.9254,324000000,972000000,19.2447,
600592.SH,龙溪股份,2005-03-04,2.0184,2.0434,1.9996,2.0027,614710,1.2294,320500000,961500000,19.0368,
600592.SH,龙溪股份,2005-03-07,1.9965,2.0683,1.9965,2.0652,823012,1.646,330500000,991500000,19.6308,
600592.SH,龙溪股份,2005-03-08,2.0496,2.0902,2.0309,2.059,2187672,4.3753,329500000,988500000,19.5714,
600592.SH,龙溪股份,2005-03-09,2.059,2.0715,2.0402,2.0715,424199,0.8484,331500000,994500000,19.6902,
600592.SH,龙溪股份,2005-03-10,2.0683,2.0715,1.9715,1.9809,379400,0.7588,317000000,951000000,18.8289,
600592.SH,龙溪股份,2005-03-11,1.9777,1.9965,1.9465,1.9809,371430,0.7429,317000000,951000000,18.8289,
600592.SH,龙溪股份,2005-03-14,1.9809,2.0527,1.9621,2.0184,382440,0.7649,323000000,969000000,19.1853,
600592.SH,龙溪股份,2005-03-15,2.009,2.0465,1.9934,1.9934,271502,0.543,319000000,957000000,18.9477,
600592.SH,龙溪股份,2005-03-16,1.9871,2.0152,1.959,2.0059,374799,0.7496,321000000,963000000,19.0665,
600592.SH,龙溪股份,2005-03-17,2.009,2.0152,1.9621,1.9652,362500,0.725,314500000,943500000,18.6804,
600592.SH,龙溪股份,2005-03-18,1.9527,1.9871,1.9527,1.9559,674536,1.3491,313000000,939000000,18.5913,
600592.SH,龙溪股份,2005-03-21,1.9527,2.0184,1.9371,2.0152,293300,0.5866,322500000,967500000,19.1556,
600592.SH,龙溪股份,2005-03-22,2.0059,2.0933,1.9934,2.0465,929950,1.8599,327500000,982500000,19.4526,
600592.SH,龙溪股份,2005-03-23,2.0309,2.0933,2.0309,2.0402,672903,1.3458,326500000,979500000,19.3932,
600592.SH,龙溪股份,2005-03-24,2.0246,2.0621,1.9996,2.0402,340974,0.6819,326500000,979500000,19.3932,
600592.SH,龙溪股份,2005-03-25,2.0465,2.1183,2.0402,2.0965,967816,1.9356,335500000,1006500000,19.9278,
600592.SH,龙溪股份,2005-03-28,2.0965,2.0965,2.0965,2.0965,--,--,335500000,1006500000,19.9278,
600592.SH,龙溪股份,2005-03-29,2.1246,2.1246,2.034,2.0434,520300,1.0406,327000000,981000000,19.4229,
600592.SH,龙溪股份,2005-03-30,2.0465,2.0465,1.9371,1.9809,808874,1.6177,317000000,951000000,18.8289,
600592.SH,龙溪股份,2005-03-31,1.9684,1.9777,1.8903,1.9246,597807,1.1956,308000000,924000000,18.2902,
600592.SH,龙溪股份,2005-04-01,1.9059,2.0465,1.9059,2.0371,774977,1.55,326000000,978000000,19.3591,
600592.SH,龙溪股份,2005-04-04,1.984,2.0683,1.984,2.0371,396210,0.7924,326000000,978000000,19.3591,
600592.SH,龙溪股份,2005-04-05,2.1183,2.1183,2.009,2.0309,258711,0.5174,325000000,975000000,19.2997,
600592.SH,龙溪股份,2005-04-06,2.0027,2.1371,2.0027,2.1246,941908,1.8838,340000000,1020000000,20.1904,
600592.SH,龙溪股份,2005-04-07,2.0965,2.1808,2.0965,2.1433,692995,1.386,343000000,1029000000,20.3686,
600592.SH,龙溪股份,2005-04-08,2.1215,2.2027,2.0996,2.1902,947835,1.8957,350500000,1051500000,20.814,
600592.SH,龙溪股份,2005-04-11,2.2027,2.2339,2.1465,2.1964,932253,1.8645,351500000,1054500000,20.8734,
600592.SH,龙溪股份,2005-04-12,2.1902,2.2902,2.159,2.2339,2109249,4.2185,357500000,1072500000,21.2297,
600592.SH,龙溪股份,2005-04-13,2.2246,2.3558,2.2246,2.3308,1984714,3.9694,373000000,1119000000,22.1501,
600592.SH,龙溪股份,2005-04-14,2.337,2.4027,2.2902,2.3652,1585807,3.1716,378500000,1135500000,22.4767,
600592.SH,龙溪股份,2005-04-15,2.3495,2.3495,2.2183,2.2746,2376860,4.7537,364000000,1092000000,21.6157,
600592.SH,龙溪股份,2005-04-18,2.2496,2.3152,2.2339,2.312,748811,1.4976,370000000,1110000000,21.972,
600592.SH,龙溪股份,2005-04-19,2.2808,2.3339,2.2808,2.3058,180041,0.3601,369000000,1107000000,21.9126,
600592.SH,龙溪股份,2005-04-20,2.2902,2.2902,2.2183,2.2402,283839,0.5677,358500000,1075500000,21.289,
600592.SH,龙溪股份,2005-04-21,2.2183,2.2746,2.1871,2.2652,413179,0.8264,362500000,1087500000,21.5266,
600592.SH,龙溪股份,2005-04-22,2.2808,2.312,2.2214,2.3089,590680,1.1814,369500000,1108500000,21.9423,
600592.SH,龙溪股份,2005-04-25,2.3058,2.3339,2.2214,2.2589,1892221,3.7844,361500000,1084500000,21.4672,
600592.SH,龙溪股份,2005-04-26,2.2308,2.2839,2.2089,2.2496,670610,1.3412,360000000,1080000000,19.4485,
600592.SH,龙溪股份,2005-04-27,2.3183,2.3183,2.2621,2.312,602611,1.2052,370000000,1110000000,19.9887,
600592.SH,龙溪股份,2005-04-28,2.2964,2.362,2.2777,2.3464,502598,1.0052,375500000,1126500000,20.2859,
600592.SH,龙溪股份,2005-04-29,2.3152,2.3652,2.2589,2.2652,378101,0.7562,362500000,1087500000,19.5836,
600592.SH,龙溪股份,2005-05-09,2.2808,2.3902,2.2683,2.3558,1232283,2.4646,377000000,1131000000,20.3669,
600592.SH,龙溪股份,2005-05-10,2.337,2.3714,2.3152,2.3558,649970,1.2999,377000000,1131000000,20.3669,
600592.SH,龙溪股份,2005-05-11,2.3558,2.3558,2.3558,2.3558,--,--,377000000,1131000000,20.3669,
600592.SH,龙溪股份,2005-05-12,2.3277,2.3308,2.2277,2.2777,1046892,2.0938,364500000,1093500000,19.6916,
600592.SH,龙溪股份,2005-05-13,2.2496,2.312,2.2496,2.3058,247500,0.495,369000000,1107000000,19.9347,
600592.SH,龙溪股份,2005-05-16,2.2964,2.3714,2.2964,2.362,480411,0.9608,378000000,1134000000,20.4209,
600592.SH,龙溪股份,2005-05-17,2.362,2.4526,2.3433,2.4277,631919,1.2638,388500000,1165500000,20.9882,
600592.SH,龙溪股份,2005-05-18,2.4245,2.4558,2.3777,2.4308,691713,1.3834,389000000,1167000000,21.0152,
600592.SH,龙溪股份,2005-05-19,2.4152,2.4558,2.3933,2.4464,311592,0.6232,391500000,1174500000,21.1503,
600592.SH,龙溪股份,2005-05-20,2.4464,2.4495,2.3183,2.3652,611800,1.2236,378500000,1135500000,20.448,
600592.SH,龙溪股份,2005-05-23,2.3433,2.3808,2.3277,2.3589,630908,1.2618,377500000,1132500000,20.3939,
600592.SH,龙溪股份,2005-05-24,2.3558,2.3933,2.3433,2.3652,490540,0.9811,378500000,1135500000,20.448,
600592.SH,龙溪股份,2005-05-25,2.3745,2.3933,2.1996,2.2808,2427748,4.8555,365000000,1095000000,19.7186,
600592.SH,龙溪股份,2005-05-26,2.2277,2.2714,2.2183,2.2433,771875,1.5437,359000000,1077000000,19.3945,
600592.SH,龙溪股份,2005-05-27,2.2308,2.2308,2.1652,2.1871,846486,1.693,350000000,1050000000,18.9083,
600592.SH,龙溪股份,2005-05-30,2.1902,2.2496,2.1496,2.2496,551350,1.1027,360000000,1080000000,19.4485,
600592.SH,龙溪股份,2005-05-31,2.2183,2.2496,2.2089,2.2183,277070,0.5541,355000000,1065000000,19.1784,
600592.SH,龙溪股份,2005-06-01,2.2183,2.2621,2.1715,2.1715,147000,0.294,347500000,1042500000,18.7732,
600592.SH,龙溪股份,2005-06-02,2.1683,2.1933,2.0309,2.0402,354794,0.7096,326500000,979500000,17.6387,
600592.SH,龙溪股份,2005-06-03,2.0309,2.084,1.9465,2.009,282590,0.5652,321500000,964500000,17.3686,
600592.SH,龙溪股份,2005-06-06,1.9965,2.0527,1.9652,2.0465,389190,0.7784,327500000,982500000,17.6927,
600592.SH,龙溪股份,2005-06-07,2.0402,2.0996,2.0152,2.0933,261599,0.5232,335000000,1005000000,18.0979,
600592.SH,龙溪股份,2005-06-08,2.0715,2.3027,2.0715,2.3027,694213,1.3884,368500000,1105500000,19.9077,
600592.SH,龙溪股份,2005-06-09,2.3902,2.3902,2.2808,2.3402,664131,1.3283,374500000,1123500000,20.2319,
600592.SH,龙溪股份,2005-06-10,2.3339,2.3995,2.312,2.3495,453451,0.9069,376000000,1128000000,20.3129,
600592.SH,龙溪股份,2005-06-13,2.337,2.4277,2.2839,2.3933,578970,1.1579,383000000,1149000000,20.6911,
600592.SH,龙溪股份,2005-06-14,2.3808,2.4152,2.3027,2.312,528749,1.0575,370000000,1110000000,19.9887,
600592.SH,龙溪股份,2005-06-15,2.2902,2.3089,2.2308,2.2339,292200,0.5844,357500000,1072500000,19.3135,
600592.SH,龙溪股份,2005-06-16,2.2339,2.2652,2.2152,2.2589,251709,0.5034,361500000,1084500000,19.5295,
600592.SH,龙溪股份,2005-06-17,2.2683,2.2964,2.2464,2.2902,134586,0.2692,366500000,1099500000,19.7997,
600592.SH,龙溪股份,2005-06-20,2.2964,2.412,2.2839,2.4058,687962,1.3759,385000000,1155000000,20.7991,
600592.SH,龙溪股份,2005-06-21,2.4283,2.4765,2.3961,2.4122,655277,1.3106,375000000,1125000000,20.2589,
600592.SH,龙溪股份,2005-06-22,2.4122,2.4283,2.3801,2.4186,121550,0.2431,376000000,1128000000,20.3129,
600592.SH,龙溪股份,2005-06-23,2.4186,2.4347,2.3961,2.4315,198849,0.3977,378000000,1134000000,20.4209,
600592.SH,龙溪股份,2005-06-24,2.4315,2.4701,2.3801,2.4637,294890,0.5898,383000000,1149000000,20.6911,
600592.SH,龙溪股份,2005-06-27,2.4765,2.5569,2.4765,2.5055,488460,0.9769,389500000,1168500000,21.0422,
600592.SH,龙溪股份,2005-06-28,2.483,2.483,2.4026,2.4186,360400,0.7208,376000000,1128000000,20.3129,
600592.SH,龙溪股份,2005-06-29,2.3929,2.5151,2.3929,2.4958,330421,0.6608,388000000,1164000000,20.9612,
600592.SH,龙溪股份,2005-06-30,2.4701,2.5055,2.4122,2.4765,511700,1.0234,385000000,1155000000,20.7991,
600592.SH,龙溪股份,2005-07-01,2.4315,2.4926,2.3736,2.4154,1390459,2.7809,375500000,1126500000,20.2859,
600592.SH,龙溪股份,2005-07-04,2.3736,2.4122,2.3157,2.3608,443200,0.8864,367000000,1101000000,19.8267,
600592.SH,龙溪股份,2005-07-05,2.3608,2.409,2.3382,2.3608,1002596,2.0052,367000000,1101000000,19.8267,
600592.SH,龙溪股份,2005-07-06,2.3318,2.3736,2.3286,2.364,514684,1.0294,367500000,1102500000,19.8537,
600592.SH,龙溪股份,2005-07-07,2.3511,2.3801,2.3479,2.3801,53235,0.1065,370000000,1110000000,19.9887,
600592.SH,龙溪股份,2005-07-08,2.3833,2.3833,2.364,2.3768,148003,0.296,369500000,1108500000,19.9617,
600592.SH,龙溪股份,2005-07-11,2.3961,2.4444,2.3511,2.3736,114411,0.2288,369000000,1107000000,19.9347,
600592.SH,龙溪股份,2005-07-12,2.2578,2.4412,2.2482,2.4315,348771,0.6975,378000000,1134000000,20.4209,
600592.SH,龙溪股份,2005-07-13,2.4315,2.4444,2.4026,2.4251,85900,0.1718,377000000,1131000000,20.3669,
600592.SH,龙溪股份,2005-07-14,2.4412,2.4701,2.4251,2.4251,76511,0.153,377000000,1131000000,20.3669,
600592.SH,龙溪股份,2005-07-15,2.4701,2.4701,2.3897,2.4347,123009,0.246,378500000,1135500000,20.448,
600592.SH,龙溪股份,2005-07-18,2.4347,2.4508,2.3801,2.4219,97462,0.1949,376500000,1129500000,20.3399,
600592.SH,龙溪股份,2005-07-19,2.3801,2.4347,2.3801,2.4283,110320,0.2206,377500000,1132500000,20.3939,
600592.SH,龙溪股份,2005-07-20,2.4379,2.4765,2.4186,2.4701,272799,0.5456,384000000,1152000000,20.7451,
600592.SH,龙溪股份,2005-07-21,2.4733,2.4862,2.4412,2.4572,216399,0.4328,382000000,1146000000,20.637,
600592.SH,龙溪股份,2005-07-22,2.4572,2.4765,2.3318,2.3511,670392,1.3408,365500000,1096500000,19.7456,
600592.SH,龙溪股份,2005-07-25,2.3479,2.3479,2.2707,2.3157,661683,1.3234,360000000,1080000000,19.4485,
600592.SH,龙溪股份,2005-07-26,2.3415,2.4412,2.3254,2.4283,1027249,2.0545,377500000,1132500000,20.3939,
600592.SH,龙溪股份,2005-07-27,2.4315,2.5055,2.4058,2.5055,446529,0.8931,389500000,1168500000,21.0422,
600592.SH,龙溪股份,2005-07-28,2.5023,2.5344,2.4733,2.4798,676779,1.3536,385500000,1156500000,18.757,
600592.SH,龙溪股份,2005-07-29,2.4508,2.5023,2.4444,2.4605,450657,0.9013,382500000,1147500000,18.611,
600592.SH,龙溪股份,2005-08-01,2.4605,2.5569,2.4508,2.5537,544057,1.0881,397000000,1191000000,19.3165,
600592.SH,龙溪股份,2005-08-02,2.5537,2.6952,2.5344,2.6663,1312938,2.6259,414500000,1243500000,20.168,
600592.SH,龙溪股份,2005-08-03,2.6727,2.6952,2.6309,2.6502,818563,1.6371,412000000,1236000000,20.0463,
600592.SH,龙溪股份,2005-08-04,2.647,2.6502,2.5923,2.6116,662045,1.3241,406000000,1218000000,19.7544,
600592.SH,龙溪股份,2005-08-05,2.6213,2.7564,2.6116,2.7467,1309013,2.618,427000000,1281000000,20.7762,
600592.SH,龙溪股份,2005-08-08,2.7789,2.7885,2.7017,2.7274,1076759,2.1535,424000000,1272000000,20.6302,
600592.SH,龙溪股份,2005-08-09,2.7017,2.7724,2.692,2.7403,705542,1.4111,426000000,1278000000,20.7275,
600592.SH,龙溪股份,2005-08-10,2.7499,2.7499,2.6534,2.7081,665720,1.3314,421000000,1263000000,20.4843,
600592.SH,龙溪股份,2005-08-11,2.7113,2.7435,2.6888,2.7371,655969,1.3119,425500000,1276500000,20.7032,
600592.SH,龙溪股份,2005-08-12,2.7403,2.7531,2.6309,2.6663,828490,1.657,414500000,1243500000,20.168,
600592.SH,龙溪股份,2005-08-15,2.6438,2.7403,2.6438,2.7338,683975,1.368,425000000,1275000000,20.6789,
600592.SH,龙溪股份,2005-08-16,2.7531,2.8142,2.721,2.7596,720958,1.4419,429000000,1287000000,20.8735,
600592.SH,龙溪股份,2005-08-17,2.7435,2.7596,2.6727,2.7499,394386,0.7888,427500000,1282500000,20.8005,
600592.SH,龙溪股份,2005-08-18,2.7499,2.7564,2.6148,2.6245,582549,1.1651,408000000,1224000000,19.8517,
600592.SH,龙溪股份,2005-08-19,2.6148,2.6663,2.5087,2.573,756920,1.5138,400000000,1200000000,19.4625,
600592.SH,龙溪股份,2005-08-22,2.573,2.6309,2.573,2.6213,298338,0.5967,407500000,1222500000,19.8274,
600592.SH,龙溪股份,2005-08-23,2.6309,2.6309,2.5569,2.5762,315362,0.6307,400500000,1201500000,19.4868,
600592.SH,龙溪股份,2005-08-24,2.5762,2.6631,2.5762,2.6309,482088,0.9642,409000000,1227000000,19.9004,
600592.SH,龙溪股份,2005-08-25,2.6309,2.6695,2.573,2.6084,426501,0.853,405500000,1216500000,19.7301,
600592.SH,龙溪股份,2005-08-26,2.6181,2.6663,2.6148,2.6245,643550,1.2871,408000000,1224000000,19.8517,
600592.SH,龙溪股份,2005-08-29,2.6245,2.6534,2.5988,2.6052,328079,0.6562,405000000,1215000000,19.7058,
600592.SH,龙溪股份,2005-08-30,2.602,2.6181,2.573,2.573,261201,0.5224,400000000,1200000000,19.4625,
600592.SH,龙溪股份,2005-08-31,2.573,2.6309,2.5634,2.6309,387897,0.7758,409000000,1227000000,19.9004,
600592.SH,龙溪股份,2005-09-01,2.6084,2.6985,2.6084,2.6952,440755,0.8815,419000000,1257000000,20.3869,
600592.SH,龙溪股份,2005-09-02,2.6985,2.7081,2.6599,2.6985,324001,0.648,419500000,1258500000,20.4113,
600592.SH,龙溪股份,2005-09-05,2.6985,2.7178,2.6534,2.6888,345479,0.691,418000000,1254000000,20.3383,
600592.SH,龙溪股份,2005-09-06,2.6888,2.766,2.6663,2.6663,1323186,2.6464,414500000,1243500000,20.168,
600592.SH,龙溪股份,2005-09-07,2.6663,2.7435,2.6534,2.7306,778210,1.5564,424500000,1273500000,20.6546,
600592.SH,龙溪股份,2005-09-08,2.7499,2.7596,2.7017,2.7306,966466,1.9329,424500000,1273500000,20.6546,
600592.SH,龙溪股份,2005-09-09,2.7178,2.7467,2.6631,2.6759,415520,0.831,416000000,1248000000,20.241,
600592.SH,龙溪股份,2005-09-12,2.6631,2.692,2.6116,2.6277,441599,0.8832,408500000,1225500000,19.8761,
600592.SH,龙溪股份,2005-09-13,2.6213,2.6856,2.602,2.6856,1529826,3.0597,417500000,1252500000,20.314,
600592.SH,龙溪股份,2005-09-14,2.6888,2.721,2.6856,2.6952,701741,1.4035,419000000,1257000000,20.3869,
600592.SH,龙溪股份,2005-09-15,2.7113,2.7306,2.6374,2.6952,721370,1.4427,419000000,1257000000,20.3869,
600592.SH,龙溪股份,2005-09-16,2.6952,2.6952,2.6309,2.6374,407235,0.8145,410000000,1230000000,19.949,
600592.SH,龙溪股份,2005-09-19,2.6341,2.6695,2.6245,2.6631,549922,1.0998,414000000,1242000000,20.1437,
600592.SH,龙溪股份,2005-09-20,2.6534,2.6856,2.6213,2.647,1168820,2.3376,411500000,1234500000,20.022,
600592.SH,龙溪股份,2005-09-21,2.6374,2.6567,2.6213,2.6567,437021,0.874,413000000,1239000000,20.095,
600592.SH,龙溪股份,2005-09-22,2.6374,2.6599,2.5248,2.5569,893577,1.7872,397500000,1192500000,19.3408,
600592.SH,龙溪股份,2005-09-23,2.5441,2.5891,2.5312,2.5344,287767,0.5755,394000000,1182000000,19.1705,
600592.SH,龙溪股份,2005-09-26,2.573,2.5827,2.5409,2.5505,297200,0.5944,396500000,1189500000,19.2922,
600592.SH,龙溪股份,2005-09-27,2.5505,2.5602,2.4701,2.4926,680634,1.3613,387500000,1162500000,18.8543,
600592.SH,龙溪股份,2005-09-28,2.4926,2.5376,2.4798,2.5344,368120,0.7362,394000000,1182000000,19.1705,
600592.SH,龙溪股份,2005-09-29,2.5344,2.5795,2.5344,2.5698,305260,0.6105,399500000,1198500000,19.4381,
600592.SH,龙溪股份,2005-09-30,2.5537,2.5602,2.5376,2.5602,262459,0.5249,398000000,1194000000,19.3652,
600592.SH,龙溪股份,2005-10-10,2.573,2.5891,2.4958,2.5891,143500,0.287,402500000,1207500000,19.5841,
600592.SH,龙溪股份,2005-10-11,2.573,2.6631,2.5537,2.6567,338412,0.6768,413000000,1239000000,20.095,
600592.SH,龙溪股份,2005-10-12,2.6631,2.6952,2.6181,2.6695,370879,0.7418,415000000,1245000000,20.1923,
600592.SH,龙溪股份,2005-10-13,2.6695,2.692,2.6438,2.6759,515180,1.0304,416000000,1248000000,20.241,
600592.SH,龙溪股份,2005-10-14,2.6759,2.811,2.6502,2.7821,1812696,3.6254,432500000,1297500000,21.0438,
600592.SH,龙溪股份,2005-10-17,2.7917,2.8271,2.7531,2.8239,1424680,2.8494,439000000,1317000000,21.3601,
600592.SH,龙溪股份,2005-10-18,2.8271,2.8496,2.7982,2.8239,820388,1.6408,439000000,1317000000,21.3601,
600592.SH,龙溪股份,2005-10-19,2.8303,2.8303,2.766,2.7885,720900,1.4418,433500000,1300500000,21.0925,
600592.SH,龙溪股份,2005-10-20,2.7789,2.8593,2.7499,2.8496,976459,1.9529,443000000,1329000000,21.5547,
600592.SH,龙溪股份,2005-10-21,2.8496,2.8561,2.8239,2.8303,766683,1.5334,440000000,1320000000,21.4087,
600592.SH,龙溪股份,2005-10-24,2.8335,2.9333,2.8239,2.8979,1051967,2.1039,450500000,1351500000,21.9196,
600592.SH,龙溪股份,2005-10-25,2.9043,2.9107,2.8335,2.8625,387110,0.7742,445000000,1335000000,21.652,
600592.SH,龙溪股份,2005-10-26,2.8464,2.9204,2.7982,2.8014,1221971,2.4439,435500000,1306500000,19.2298,
600592.SH,龙溪股份,2005-10-27,2.8014,2.84,2.7403,2.8335,519500,1.039,440500000,1321500000,19.4505,
600592.SH,龙溪股份,2005-10-28,2.8368,2.8368,2.7338,2.7596,858239,1.7165,429000000,1287000000,18.9427,
600592.SH,龙溪股份,2005-10-31,2.811,2.811,2.6759,2.7081,659740,1.3195,421000000,1263000000,18.5895,
600592.SH,龙溪股份,2005-11-01,2.7081,2.7338,2.692,2.7017,672700,1.3454,420000000,1260000000,18.5453,
600592.SH,龙溪股份,2005-11-02,2.6952,2.7467,2.6952,2.7274,639611,1.2792,424000000,1272000000,18.722,
600592.SH,龙溪股份,2005-11-03,2.7113,2.7338,2.6856,2.7081,350575,0.7012,421000000,1263000000,18.5895,
600592.SH,龙溪股份,2005-11-04,2.7081,2.7435,2.7017,2.7338,170600,0.3412,425000000,1275000000,18.7661,
600592.SH,龙溪股份,2005-11-07,2.7338,2.7338,2.6695,2.7306,189480,0.379,424500000,1273500000,18.744,
600592.SH,龙溪股份,2005-11-08,2.7306,2.7499,2.6856,2.7435,319694,0.6394,426500000,1279500000,18.8324,
600592.SH,龙溪股份,2005-11-09,2.7499,2.8432,2.7371,2.7982,390627,0.7813,435000000,1305000000,19.2077,
600592.SH,龙溪股份,2005-11-10,2.8046,2.8303,2.7757,2.8014,318544,0.6371,435500000,1306500000,19.2298,
600592.SH,龙溪股份,2005-11-11,2.7853,2.8593,2.7757,2.8368,333837,0.6677,441000000,1323000000,19.4726,
600592.SH,龙溪股份,2005-11-14,2.8303,2.8882,2.7982,2.8207,254470,0.5089,438500000,1315500000,19.3622,
600592.SH,龙溪股份,2005-11-15,2.8046,2.8303,2.7178,2.7338,479767,0.9595,425000000,1275000000,18.7661,
600592.SH,龙溪股份,2005-11-16,2.7017,2.7435,2.7017,2.7338,667040,1.3341,425000000,1275000000,18.7661,
600592.SH,龙溪股份,2005-11-17,2.7596,2.766,2.7338,2.7435,43400,0.0868,426500000,1279500000,18.8324,
600592.SH,龙溪股份,2005-11-18,2.7338,2.8625,2.7338,2.8078,250524,0.501,436500000,1309500000,19.2739,
600592.SH,龙溪股份,2005-11-21,2.8303,2.8464,2.8078,2.8239,100552,0.2011,439000000,1317000000,19.3843,
600592.SH,龙溪股份,2005-11-22,2.7982,2.8303,2.7982,2.8239,106880,0.2138,439000000,1317000000,19.3843,
600592.SH,龙溪股份,2005-11-23,2.8078,2.8464,2.8078,2.8175,104512,0.209,438000000,1314000000,19.3401,
600592.SH,龙溪股份,2005-11-24,2.8046,2.8368,2.7853,2.8046,72100,0.1442,436000000,1308000000,19.2518,
600592.SH,龙溪股份,2005-11-25,2.7982,2.7982,2.7499,2.766,116466,0.2329,430000000,1290000000,18.9869,
600592.SH,龙溪股份,2005-11-28,2.7628,2.7628,2.7274,2.7467,94600,0.1892,427000000,1281000000,18.8544,
600592.SH,龙溪股份,2005-11-29,2.7338,2.7467,2.7178,2.7274,52462,0.1049,424000000,1272000000,18.722,
600592.SH,龙溪股份,2005-11-30,2.7338,2.7885,2.7178,2.7306,53004,0.106,424500000,1273500000,18.744,
600592.SH,龙溪股份,2005-12-01,2.7821,2.7821,2.6888,2.7113,93950,0.1879,421500000,1264500000,18.6116,
600592.SH,龙溪股份,2005-12-02,2.7017,2.7467,2.7017,2.7403,99602,0.1992,426000000,1278000000,18.8103,
600592.SH,龙溪股份,2005-12-05,2.7403,2.7435,2.7017,2.7178,81100,0.1622,422500000,1267500000,18.6557,
600592.SH,龙溪股份,2005-12-06,2.7596,2.7596,2.6567,2.6985,198210,0.3964,419500000,1258500000,18.5233,
600592.SH,龙溪股份,2005-12-07,2.7178,2.7178,2.692,2.6952,29100,0.0582,419000000,1257000000,18.5012,
600592.SH,龙溪股份,2005-12-08,2.6856,2.7017,2.6052,2.6374,335510,0.671,410000000,1230000000,18.1038,
600592.SH,龙溪股份,2005-12-09,2.6374,2.6888,2.6309,2.6727,248880,0.4978,415500000,1246500000,18.3466,
600592.SH,龙溪股份,2005-12-12,2.6888,2.7403,2.6888,2.7049,65860,0.1317,420500000,1261500000,18.5674,
600592.SH,龙溪股份,2005-12-13,2.7017,2.7178,2.6759,2.7049,34400,0.0688,420500000,1261500000,18.5674,
600592.SH,龙溪股份,2005-12-14,2.7274,2.7499,2.7017,2.7467,95300,0.1906,427000000,1281000000,18.8544,
600592.SH,龙溪股份,2005-12-15,2.7467,2.766,2.6952,2.7081,291110,0.5822,421000000,1263000000,18.5895,
600592.SH,龙溪股份,2005-12-16,2.6888,2.7338,2.6792,2.7113,70800,0.1416,421500000,1264500000,18.6116,
600592.SH,龙溪股份,2005-12-19,2.7017,2.7017,2.6695,2.6759,109610,0.2192,416000000,1248000000,18.3687,
600592.SH,龙溪股份,2005-12-20,2.6695,2.6856,2.6631,2.6856,64210,0.1284,417500000,1252500000,18.435,
600592.SH,龙溪股份,2005-12-21,2.6952,2.6952,2.6148,2.6567,174916,0.3498,413000000,1239000000,18.2363,
600592.SH,龙溪股份,2005-12-22,2.6759,2.6824,2.6406,2.6695,151595,0.3032,415000000,1245000000,18.3246,
600592.SH,龙溪股份,2005-12-23,2.6824,2.6952,2.6759,2.6856,215305,0.4306,417500000,1252500000,18.435,
600592.SH,龙溪股份,2005-12-26,2.7081,2.7885,2.7017,2.7499,875833,1.7517,427500000,1282500000,18.8765,
600592.SH,龙溪股份,2005-12-27,2.766,2.8142,2.7371,2.795,511762,1.0235,434500000,1303500000,19.1856,
600592.SH,龙溪股份,2005-12-28,2.8142,2.8239,2.7821,2.8046,231910,0.4638,436000000,1308000000,19.2518,
600592.SH,龙溪股份,2005-12-29,2.7885,2.8914,2.7885,2.8882,842618,1.6852,449000000,1347000000,19.8259,
600592.SH,龙溪股份,2005-12-30,2.8914,2.8947,2.8464,2.8657,290663,0.5813,445500000,1336500000,19.6713,
600592.SH,龙溪股份,2006-01-04,2.8657,2.8657,2.8657,2.8657,--,--,445500000,1336500000,19.6713,
600592.SH,龙溪股份,2006-01-05,2.8657,2.8657,2.8657,2.8657,--,--,445500000,1336500000,19.6713,
600592.SH,龙溪股份,2006-01-06,2.8657,2.8657,2.8657,2.8657,--,--,445500000,1336500000,19.6713,
600592.SH,龙溪股份,2006-01-09,2.8657,2.8657,2.8657,2.8657,--,--,445500000,1336500000,19.6713,
600592.SH,龙溪股份,2006-01-10,2.8657,2.8657,2.8657,2.8657,--,--,445500000,1336500000,19.6713,
600592.SH,龙溪股份,2006-01-11,2.8657,2.8657,2.8657,2.8657,--,--,445500000,1336500000,19.6713,
600592.SH,龙溪股份,2006-01-12,2.8657,2.8657,2.8657,2.8657,--,--,445500000,1336500000,19.6713,
600592.SH,龙溪股份,2006-01-13,3.152,3.152,3.152,3.152,1173981,2.348,490000000,1470000000,21.6362,
600592.SH,龙溪股份,2006-01-16,3.2163,3.287,3.2002,3.2034,1971893,3.9438,498000000,1494000000,21.9895,
600592.SH,龙溪股份,2006-01-17,3.197,3.2259,3.123,3.1873,1053133,2.1063,495500000,1486500000,21.8791,
600592.SH,龙溪股份,2006-01-18,3.1777,3.3771,3.1777,3.2999,2188030,4.3761,513000000,1539000000,22.6518,
600592.SH,龙溪股份,2006-01-19,3.2999,3.2999,3.2999,3.2999,--,--,513000000,1539000000,22.6518,
600592.SH,龙溪股份,2006-01-20,3.2999,3.2999,3.2999,3.2999,--,--,513000000,1539000000,22.6518,
600592.SH,龙溪股份,2006-01-23,3.2999,3.2999,3.2999,3.2999,--,--,513000000,1539000000,22.6518,
600592.SH,龙溪股份,2006-01-24,3.2999,3.2999,3.2999,3.2999,--,--,513000000,1539000000,22.6518,
600592.SH,龙溪股份,2006-01-25,3.2999,3.2999,3.2999,3.2999,--,--,513000000,1539000000,22.6518,
600592.SH,龙溪股份,2006-02-06,3.2999,3.2999,3.2999,3.2999,--,--,513000000,1539000000,22.6518,
600592.SH,龙溪股份,2006-02-07,3.2999,3.2999,3.2999,3.2999,--,--,513000000,1539000000,22.6518,
600592.SH,龙溪股份,2006-02-08,3.2999,3.2999,3.2999,3.2999,--,--,513000000,1539000000,22.6518,
600592.SH,龙溪股份,2006-02-09,3.2999,3.2999,3.2999,3.2999,--,--,513000000,1539000000,22.6518,
600592.SH,龙溪股份,2006-02-10,3.2999,3.2999,3.2999,3.2999,--,--,513000000,1539000000,22.6518,
600592.SH,龙溪股份,2006-02-13,3.2999,3.2999,3.2999,3.2999,--,--,513000000,1539000000,22.6518,
600592.SH,龙溪股份,2006-02-14,3.5164,3.5164,3.1819,3.3366,2762531,4.25,518700000,1197000000,17.6181,
600592.SH,龙溪股份,2006-02-15,3.3408,3.4202,3.3115,3.3491,2199936,3.3845,520650000,1201500000,17.6843,
600592.SH,龙溪股份,2006-02-16,3.3449,3.3449,3.1192,3.1275,1443390,2.2206,486200000,1122000000,16.5142,
600592.SH,龙溪股份,2006-02-17,3.0104,3.1275,2.9603,2.9645,1579360,2.4298,460850000,1063500000,15.6532,
600592.SH,龙溪股份,2006-02-20,2.9435,3.0021,2.9059,2.9143,865592,1.3317,453050000,1045500000,15.3882,
600592.SH,龙溪股份,2006-02-21,2.9435,2.9895,2.9101,2.9895,1060445,1.6315,464750000,1072500000,15.7856,
600592.SH,龙溪股份,2006-02-22,3.0355,3.0523,2.9268,2.931,2261258,3.4789,455650000,1051500000,15.2042,
600592.SH,龙溪股份,2006-02-23,2.9226,2.9519,2.7554,2.8641,3416497,5.2561,445250000,1027500000,14.8572,
600592.SH,龙溪股份,2006-02-24,2.839,2.9185,2.8265,2.9143,1095497,1.6854,453050000,1045500000,15.1175,
600592.SH,龙溪股份,2006-02-27,2.9185,3.207,2.885,3.1777,7410640,11.401,494000000,1140000000,16.4839,
600592.SH,龙溪股份,2006-02-28,3.1526,3.1944,3.1108,3.1651,3902408,6.0037,492050000,1135500000,16.4189,
600592.SH,龙溪股份,2006-03-01,3.1693,3.2864,3.1568,3.2613,4233131,6.5125,507000000,1170000000,16.9177,
600592.SH,龙溪股份,2006-03-02,3.2404,3.2906,3.0523,3.1317,2666898,4.1029,486850000,1123500000,16.2453,
600592.SH,龙溪股份,2006-03-03,3.1317,3.161,3.0188,3.1024,1395704,2.1472,482300000,1113000000,16.0935,
600592.SH,龙溪股份,2006-03-06,3.1024,3.1359,3.0313,3.0397,674130,1.0371,472550000,1090500000,15.7682,
600592.SH,龙溪股份,2006-03-07,3.0272,3.0773,2.9059,2.9185,2159750,3.3227,453700000,1047000000,15.1392,
600592.SH,龙溪股份,2006-03-08,2.8892,3.0564,2.8557,3.0313,2277303,3.5035,471250000,1087500000,15.7248,
600592.SH,龙溪股份,2006-03-09,3.0272,3.2028,2.9937,3.1651,3088447,4.7515,492050000,1135500000,16.4189,
600592.SH,龙溪股份,2006-03-10,3.1359,3.2404,3.1359,3.1777,3023473,4.6515,494000000,1140000000,16.4839,
600592.SH,龙溪股份,2006-03-13,3.1735,3.2111,3.161,3.207,1423600,2.1902,498550000,1150500000,16.6357,
600592.SH,龙溪股份,2006-03-14,3.2111,3.2822,3.1819,3.2739,1898729,2.9211,508950000,1174500000,16.9828,
600592.SH,龙溪股份,2006-03-15,3.2613,3.3951,3.2404,3.3658,2661711,4.0949,523250000,1207500000,17.4599,
600592.SH,龙溪股份,2006-03-16,3.3658,3.4871,3.3449,3.4662,2302440,3.5422,538850000,1243500000,17.9805,
600592.SH,龙溪股份,2006-03-17,3.4704,3.4913,3.3617,3.4286,1368265,2.105,533000000,1230000000,17.7853,
600592.SH,龙溪股份,2006-03-20,3.4244,3.4495,3.3658,3.4327,997769,1.535,533650000,1231500000,17.807,
600592.SH,龙溪股份,2006-03-21,3.4327,3.4536,3.37,3.3993,997612,1.5348,528450000,1219500000,17.6335,
600592.SH,龙溪股份,2006-03-22,3.3909,3.5874,3.3533,3.5833,1416493,2.1792,557050000,1285500000,18.5878,
600592.SH,龙溪股份,2006-03-23,3.5791,3.6167,3.5038,3.5749,770835,1.1859,555750000,1282500000,18.5444,
600592.SH,龙溪股份,2006-03-24,3.5958,3.6125,3.5038,3.508,995280,1.5312,545350000,1258500000,18.1974,
600592.SH,龙溪股份,2006-03-27,3.4704,3.5205,3.3867,3.4453,1106065,1.7016,535600000,1236000000,17.872,
600592.SH,龙溪股份,2006-03-28,3.4411,3.5122,3.416,3.5122,919428,1.4145,546000000,1260000000,18.2191,
600592.SH,龙溪股份,2006-03-29,3.5038,3.5122,3.4118,3.4578,1172369,1.8036,537550000,1240500000,17.9371,
600592.SH,龙溪股份,2006-03-30,3.4495,3.4495,3.3408,3.3784,951775,1.4643,525200000,1212000000,17.525,
600592.SH,龙溪股份,2006-03-31,3.3867,3.5331,3.3742,3.5247,1090977,1.6784,547950000,1264500000,18.2766,
600592.SH,龙溪股份,2006-04-03,3.5331,3.8216,3.4746,3.7631,2213878,3.406,585000000,1350000000,19.5124,
600592.SH,龙溪股份,2006-04-04,3.784,3.8216,3.6878,3.8007,1125276,1.7312,590850000,1363500000,19.7075,
600592.SH,龙溪股份,2006-04-05,3.8049,3.8885,3.7212,3.8216,938955,1.4445,594100000,1371000000,19.8159,
600592.SH,龙溪股份,2006-04-06,3.809,3.8885,3.7672,3.8007,1568581,2.4132,590850000,1363500000,19.7075,
600592.SH,龙溪股份,2006-04-07,3.7212,3.7965,3.6836,3.7505,1004307,1.5451,583050000,1345500000,19.4474,
600592.SH,龙溪股份,2006-04-10,3.7631,3.8801,3.7003,3.8759,1170165,1.8003,602550000,1390500000,20.0978,
600592.SH,龙溪股份,2006-04-11,3.8801,3.8885,3.7171,3.7672,1023334,1.5744,585650000,1351500000,19.5341,
600592.SH,龙溪股份,2006-04-12,3.7589,3.7631,3.6878,3.692,527370,0.8113,573950000,1324500000,19.1438,
600592.SH,龙溪股份,2006-04-13,3.692,3.7589,3.5122,3.5247,1044559,1.607,547950000,1264500000,18.2766,
600592.SH,龙溪股份,2006-04-14,3.5122,3.646,3.4955,3.6293,584796,0.8997,564200000,1302000000,18.8186,
600592.SH,龙溪股份,2006-04-17,3.6293,3.7589,3.554,3.7045,864703,1.3303,575900000,1329000000,19.2089,
600592.SH,龙溪股份,2006-04-18,3.692,3.7045,3.5456,3.5916,998952,1.5368,558350000,1288500000,18.6235,
600592.SH,龙溪股份,2006-04-19,3.5874,3.6376,3.4578,3.4955,1806984,2.78,543400000,1254000000,18.1249,
600592.SH,龙溪股份,2006-04-20,3.4955,3.5874,3.4118,3.5331,1735571,2.6701,549250000,1267500000,18.32,
600592.SH,龙溪股份,2006-04-21,3.5205,3.5749,3.3867,3.5122,2839359,4.3682,546000000,1260000000,18.2116,
600592.SH,龙溪股份,2006-04-24,3.5958,3.6752,3.5038,3.6669,3042327,4.6805,570050000,1315500000,19.0138,
600592.SH,龙溪股份,2006-04-25,3.6543,3.6585,3.4286,3.5289,4774029,7.3447,548600000,1266000000,18.2983,
600592.SH,龙溪股份,2006-04-26,3.5331,3.8801,3.5331,3.8801,4978555,7.6593,603200000,1392000000,18.8099,
600592.SH,龙溪股份,2006-04-27,3.9219,4.0975,3.8049,3.9219,4785844,7.3628,609700000,1407000000,19.0126,
600592.SH,龙溪股份,2006-04-28,3.8885,4.2397,3.7672,4.0975,4035179,6.208,637000000,1470000000,19.8639,
600592.SH,龙溪股份,2006-05-08,4.1394,4.3066,4.0766,4.2439,3028227,4.6588,659750000,1522500000,20.5733,
600592.SH,龙溪股份,2006-05-09,4.2648,4.6662,4.1603,4.5366,3312276,5.0958,705250000,1627500000,21.9922,
600592.SH,龙溪股份,2006-05-10,4.5366,4.5366,4.5366,4.5366,--,--,705250000,1627500000,21.9922,
600592.SH,龙溪股份,2006-05-11,4.5909,4.6829,4.2899,4.3024,2992222,4.6034,668850000,1543500000,20.8571,
600592.SH,龙溪股份,2006-05-12,4.2648,4.4571,4.1394,4.3568,3907050,6.0108,677300000,1563000000,21.1206,
600592.SH,龙溪股份,2006-05-15,4.3902,4.5867,4.223,4.524,3460069,5.3232,703300000,1623000000,21.9314,
600592.SH,龙溪股份,2006-05-16,4.5491,4.5491,4.1644,4.1895,3042269,4.6804,651300000,1503000000,20.3098,
600592.SH,龙溪股份,2006-05-17,4.2313,4.3442,4.1519,4.2063,1887931,2.9045,653900000,1509000000,20.3909,
600592.SH,龙溪股份,2006-05-18,4.1812,4.2648,4.0265,4.2021,1441080,2.217,653250000,1507500000,20.3706,
600592.SH,龙溪股份,2006-05-19,4.2313,4.5366,4.1854,4.5157,3849090,5.9217,702000000,1620000000,21.8908,
600592.SH,龙溪股份,2006-05-22,4.5449,4.8502,4.5449,4.6244,2997157,4.611,718900000,1659000000,22.4178,
600592.SH,龙溪股份,2006-05-23,4.5784,4.5993,4.2564,4.2732,2023098,3.1125,664300000,1533000000,20.7152,
600592.SH,龙溪股份,2006-05-24,4.2439,4.3902,4.0516,4.0934,2432365,3.7421,636350000,1468500000,19.8436,
600592.SH,龙溪股份,2006-05-25,4.1017,4.3401,4.1017,4.3317,2198900,3.3829,673400000,1554000000,20.999,
600592.SH,龙溪股份,2006-05-26,4.4529,4.5157,4.361,4.4822,2766600,4.2563,696800000,1608000000,21.7287,
600592.SH,龙溪股份,2006-05-29,4.5157,4.6118,4.3651,4.5658,1999937,3.0768,709800000,1638000000,22.1341,
600592.SH,龙溪股份,2006-05-30,4.5658,5.0216,4.5073,4.938,4754234,7.3142,767650000,1771500000,23.938,
600592.SH,龙溪股份,2006-05-31,4.9421,4.9756,4.7665,4.8251,1885870,2.9013,750100000,1731000000,23.3908,
600592.SH,龙溪股份,2006-06-01,4.8083,5.1178,4.7665,4.9965,1916031,2.9477,776750000,1792500000,24.2218,
600592.SH,龙溪股份,2006-06-02,5.0885,5.3059,4.9589,5.1094,2833473,4.3592,794300000,1833000000,24.7691,
600592.SH,龙溪股份,2006-06-05,5.1094,5.2056,4.9672,5.0299,1810313,2.7851,781950000,1804500000,24.384,
600592.SH,龙溪股份,2006-06-06,5.0383,5.0383,4.7665,4.8752,1959178,3.0141,757900000,1749000000,23.634,
600592.SH,龙溪股份,2006-06-07,4.8502,4.8752,4.4111,4.4279,2059010,3.1677,688350000,1588500000,21.4652,
600592.SH,龙溪股份,2006-06-08,4.3693,4.754,4.3568,4.7122,2065488,3.1777,732550000,1690500000,22.8435,
600592.SH,龙溪股份,2006-06-09,4.6787,4.6996,4.5157,4.5408,1373536,2.1131,705900000,1629000000,22.0125,
600592.SH,龙溪股份,2006-06-12,4.4948,4.6829,4.432,4.6035,659924,1.0153,715650000,1651500000,22.3165,
600592.SH,龙溪股份,2006-06-13,4.6411,4.7874,4.5951,4.6787,841314,1.2943,727350000,1678500000,22.6813,
600592.SH,龙溪股份,2006-06-14,4.6453,4.7498,4.5784,4.7289,951788,1.4643,735150000,1696500000,22.9246,
600592.SH,龙溪股份,2006-06-15,4.8272,4.8529,4.7161,4.7717,876616,1.3486,725400000,1674000000,22.6205,
600592.SH,龙溪股份,2006-06-16,4.7888,5.2505,4.7888,5.1864,2636871,4.0567,788450000,1819500000,24.5867,
600592.SH,龙溪股份,2006-06-19,5.1308,5.2078,5.0496,5.1137,2385308,3.6697,777400000,1794000000,24.2421,
600592.SH,龙溪股份,2006-06-20,5.0667,5.1308,4.9128,5.0368,2028999,3.1215,765700000,1767000000,23.8772,
600592.SH,龙溪股份,2006-06-21,5.0368,5.0966,4.8743,5.0197,1934386,2.976,763100000,1761000000,23.7962,
600592.SH,龙溪股份,2006-06-22,4.9854,5.2377,4.9256,5.195,3658313,5.6282,789750000,1822500000,24.6272,
600592.SH,龙溪股份,2006-06-23,5.2548,5.3018,5.071,5.1907,2606896,4.0106,789100000,1821000000,24.6069,
600592.SH,龙溪股份,2006-06-26,5.1992,5.3831,5.1522,5.3018,2419552,3.7224,806000000,1860000000,25.1339,
600592.SH,龙溪股份,2006-06-27,5.3232,5.3232,5.0838,5.1265,2036891,3.1337,779350000,1798500000,24.3029,
600592.SH,龙溪股份,2006-06-28,5.1308,5.1479,4.9641,5.0539,1450253,2.2312,768300000,1773000000,23.9583,
600592.SH,龙溪股份,2006-06-29,5.0923,5.3403,5.0923,5.195,1874239,2.8834,789750000,1822500000,24.6272,
600592.SH,龙溪股份,2006-06-30,5.2377,5.3147,5.0881,5.1992,1648959,2.5369,790400000,1824000000,24.6475,
600592.SH,龙溪股份,2006-07-03,5.2163,5.2933,5.1009,5.2676,2101024,3.2323,800800000,1848000000,24.9718,
600592.SH,龙溪股份,2006-07-04,5.2591,5.6011,5.2377,5.4729,3562178,5.4803,832000000,1920000000,25.9447,
600592.SH,龙溪股份,2006-07-05,5.4729,5.6054,5.3403,5.5071,2347976,3.6123,837200000,1932000000,26.1069,
600592.SH,龙溪股份,2006-07-06,5.4515,5.6867,5.3959,5.6268,2693119,4.1433,855400000,1974000000,26.6744,
600592.SH,龙溪股份,2006-07-07,5.6268,5.6824,5.413,5.4301,2283040,3.5124,825500000,1905000000,25.742,
600592.SH,龙溪股份,2006-07-10,5.4216,5.5071,5.3147,5.4472,1817924,2.7968,828100000,1911000000,25.8231,
600592.SH,龙溪股份,2006-07-11,5.4515,5.4643,5.3232,5.4045,1203285,1.8512,821600000,1896000000,25.6204,
600592.SH,龙溪股份,2006-07-12,5.4045,5.537,5.3489,5.4002,1584253,2.4373,820950000,1894500000,25.6001,
600592.SH,龙溪股份,2006-07-13,5.3617,5.3831,4.8615,4.8615,3583766,5.5135,739050000,1705500000,23.0462,
600592.SH,龙溪股份,2006-07-14,4.7588,5.0111,4.7588,4.8828,1509626,2.3225,742300000,1713000000,23.1475,
600592.SH,龙溪股份,2006-07-17,4.8101,5.0111,4.8101,4.9555,995535,1.5316,753350000,1738500000,23.4921,
600592.SH,龙溪股份,2006-07-18,4.917,5.1094,4.917,5.0795,765296,1.1774,772200000,1782000000,24.0799,
600592.SH,龙溪股份,2006-07-19,5.0881,5.0881,4.8358,4.917,1190124,1.831,747500000,1725000000,23.3097,
600592.SH,龙溪股份,2006-07-20,4.9085,4.9683,4.8743,4.9299,369685,0.5687,749450000,1729500000,23.3705,
600592.SH,龙溪股份,2006-07-21,4.9213,4.9812,4.8315,4.8871,467891,0.7198,742950000,1714500000,23.1678,
600592.SH,龙溪股份,2006-07-24,4.8315,4.9085,4.404,4.8786,963559,1.4824,741650000,1711500000,23.1273,
600592.SH,龙溪股份,2006-07-25,4.87,4.9812,4.8657,4.9427,779023,1.1985,751400000,1734000000,23.4313,
600592.SH,龙溪股份,2006-07-26,4.9854,4.994,4.8828,4.9042,625855,0.9629,745550000,1720500000,23.2489,
600592.SH,龙溪股份,2006-07-27,4.9384,4.9384,4.6648,4.6776,1073670,1.6518,711100000,1641000000,22.1746,
600592.SH,龙溪股份,2006-07-28,4.6861,4.7246,4.5066,4.575,941783,1.4489,695500000,1605000000,21.6882,
600592.SH,龙溪股份,2006-07-31,4.575,4.5793,4.4296,4.5322,707219,1.088,689000000,1590000000,21.4855,
600592.SH,龙溪股份,2006-08-01,4.5408,4.6092,4.4895,4.5023,686603,1.0563,684450000,1579500000,21.3436,
600592.SH,龙溪股份,2006-08-02,4.5023,4.5451,4.4467,4.4895,522359,0.8036,682500000,1575000000,21.2828,
600592.SH,龙溪股份,2006-08-03,4.498,4.5707,4.4467,4.5066,303865,0.4675,685100000,1581000000,21.0431,
600592.SH,龙溪股份,2006-08-04,4.5279,4.5707,4.2329,4.2928,1747440,2.6884,652600000,1506000000,20.0448,
600592.SH,龙溪股份,2006-08-07,4.2158,4.3569,4.1902,4.2415,440689,0.678,644800000,1488000000,19.8052,
600592.SH,龙溪股份,2006-08-08,4.2415,4.3484,4.2415,4.3398,533309,0.8205,659750000,1522500000,20.2644,
600592.SH,龙溪股份,2006-08-09,4.3826,4.3826,4.28,4.3013,357070,0.5493,653900000,1509000000,20.0848,
600592.SH,龙溪股份,2006-08-10,4.3013,4.3783,4.2971,4.3783,431140,0.6633,665600000,1536000000,20.4441,
600592.SH,龙溪股份,2006-08-11,4.3826,4.4211,4.3313,4.404,505615,0.7779,669500000,1545000000,20.5639,
600592.SH,龙溪股份,2006-08-14,4.4253,4.4809,4.2415,4.2714,1328527,2.0439,649350000,1498500000,19.945,
600592.SH,龙溪股份,2006-08-15,4.2329,4.3184,4.2329,4.3099,321370,0.4944,655200000,1512000000,20.1247,
600592.SH,龙溪股份,2006-08-16,4.3441,4.4424,4.2842,4.4382,1059668,1.6303,674700000,1557000000,20.7236,
600592.SH,龙溪股份,2006-08-17,4.404,4.404,4.2885,4.3313,430267,0.6619,658450000,1519500000,20.2245,
600592.SH,龙溪股份,2006-08-18,4.3313,4.3911,4.2201,4.2372,705305,1.0851,644150000,1486500000,19.7853,
600592.SH,龙溪股份,2006-08-21,4.0619,4.2073,4.0191,4.1987,1005486,1.5469,638300000,1473000000,19.6056,
600592.SH,龙溪股份,2006-08-22,4.1902,4.3013,4.1474,4.2757,683209,1.0511,650000000,1500000000,19.965,
600592.SH,龙溪股份,2006-08-23,4.2757,4.3826,4.2671,4.2757,601800,0.9258,650000000,1500000000,19.965,
600592.SH,龙溪股份,2006-08-24,4.3398,4.3398,4.2329,4.327,544793,0.8381,657800000,1518000000,20.2045,
600592.SH,龙溪股份,2006-08-25,4.3484,4.3997,4.3013,4.3697,895765,1.3781,664300000,1533000000,20.4042,
600592.SH,龙溪股份,2006-08-28,4.3869,4.5322,4.374,4.5194,1204401,1.8529,687050000,1585500000,21.103,
600592.SH,龙溪股份,2006-08-29,4.5194,4.6092,4.4937,4.5066,1632894,2.5121,685100000,1581000000,21.0431,
600592.SH,龙溪股份,2006-08-30,4.451,4.5322,4.4082,4.5108,563435,0.8668,685750000,1582500000,21.063,
600592.SH,龙溪股份,2006-08-31,4.5108,4.5493,4.3313,4.4766,605580,0.9317,680550000,1570500000,20.9033,
600592.SH,龙溪股份,2006-09-01,4.4467,4.4681,4.2842,4.2928,757520,1.1654,652600000,1506000000,20.0448,
600592.SH,龙溪股份,2006-09-04,4.28,4.3612,4.2757,4.3142,907388,1.396,655850000,1513500000,20.1446,
600592.SH,龙溪股份,2006-09-05,4.3184,4.3526,4.2885,4.2928,602761,0.9273,652600000,1506000000,20.0448,
600592.SH,龙溪股份,2006-09-06,4.2928,4.3526,4.2757,4.3526,466242,0.7173,661700000,1527000000,20.3243,
600592.SH,龙溪股份,2006-09-07,4.3697,4.3826,4.2543,4.3142,973896,1.4983,655850000,1513500000,20.1446,
600592.SH,龙溪股份,2006-09-08,4.3056,4.4766,4.3056,4.4724,1475323,2.2697,679900000,1569000000,20.8834,
600592.SH,龙溪股份,2006-09-11,4.4809,4.5536,4.3697,4.5023,844078,1.2986,684450000,1579500000,21.0231,
600592.SH,龙溪股份,2006-09-12,4.5023,4.5322,4.4467,4.5066,1368799,2.1058,685100000,1581000000,21.0431,
600592.SH,龙溪股份,2006-09-13,4.5066,4.5921,4.5066,4.5493,1904283,2.9297,691600000,1596000000,21.2427,
600592.SH,龙溪股份,2006-09-14,4.5493,4.6947,4.5151,4.6605,1712680,2.6349,708500000,1635000000,21.7618,
600592.SH,龙溪股份,2006-09-15,4.6605,4.7888,4.6049,4.746,1657864,2.5506,721500000,1665000000,22.1611,
600592.SH,龙溪股份,2006-09-18,4.746,4.8315,4.7033,4.7375,1365378,2.1006,720200000,1662000000,22.1212,
600592.SH,龙溪股份,2006-09-19,4.746,4.7674,4.6135,4.6605,2567968,3.9507,708500000,1635000000,21.7618,
600592.SH,龙溪股份,2006-09-20,4.6177,4.7631,4.6092,4.7204,1651495,2.5408,717600000,1656000000,22.0413,
600592.SH,龙溪股份,2006-09-21,4.7075,4.7674,4.6605,4.6648,1401157,2.1556,709150000,1636500000,21.7818,
600592.SH,龙溪股份,2006-09-22,4.6648,4.6648,4.5237,4.575,950589,1.4624,695500000,1605000000,21.3625,
600592.SH,龙溪股份,2006-09-25,4.5493,4.6391,4.5408,4.5964,444701,0.6842,698750000,1612500000,21.4623,
600592.SH,龙溪股份,2006-09-26,4.5878,4.6306,4.4082,4.6263,1029882,1.5844,703300000,1623000000,21.6021,
600592.SH,龙溪股份,2006-09-27,4.5151,4.7631,4.5151,4.7204,753318,1.159,717600000,1656000000,22.0413,
600592.SH,龙溪股份,2006-09-28,4.7204,4.8957,4.6648,4.8101,1504751,2.315,731250000,1687500000,22.4606,
600592.SH,龙溪股份,2006-09-29,4.8101,4.87,4.7888,4.8315,904089,1.3909,734500000,1695000000,22.5604,
600592.SH,龙溪股份,2006-10-09,4.917,4.9555,4.7417,4.8401,614986,0.9461,735800000,1698000000,22.6003,
600592.SH,龙溪股份,2006-10-10,4.8401,4.8786,4.7546,4.8101,918355,1.4129,731250000,1687500000,22.4606,
600592.SH,龙溪股份,2006-10-11,4.8101,5.0453,4.7503,5.0025,2023115,3.1125,760500000,1755000000,23.359,
600592.SH,龙溪股份,2006-10-12,4.9598,5.1052,4.8743,4.8957,1449995,2.2308,744250000,1717500000,22.8599,
600592.SH,龙溪股份,2006-10-13,4.8743,4.917,4.823,4.8529,684174,1.0526,737750000,1702500000,22.6602,
600592.SH,龙溪股份,2006-10-16,4.8615,4.9042,4.7759,4.793,662384,1.0191,728650000,1681500000,22.3807,
600592.SH,龙溪股份,2006-10-17,4.7802,4.8657,4.6519,4.6562,1025263,1.5773,707850000,1633500000,21.7418,
600592.SH,龙溪股份,2006-10-18,4.6605,4.7845,4.6092,4.7759,1251423,1.9253,726050000,1675500000,22.3009,
600592.SH,龙溪股份,2006-10-19,4.7503,4.793,4.6947,4.7161,717793,1.1043,716950000,1654500000,22.0214,
600592.SH,龙溪股份,2006-10-20,4.7631,4.7631,4.575,4.5835,1462550,2.2501,696800000,1608000000,21.4024,
600592.SH,龙溪股份,2006-10-23,4.5835,4.7417,4.5835,4.5964,1781265,2.7404,698750000,1612500000,21.4623,
600592.SH,龙溪股份,2006-10-24,4.6904,4.6947,4.6049,4.6819,898064,1.3816,711750000,1642500000,21.8616,
600592.SH,龙溪股份,2006-10-25,4.6733,4.6947,4.5493,4.6177,813376,1.2513,702000000,1620000000,21.5622,
600592.SH,龙溪股份,2006-10-26,4.6177,4.6947,4.6177,4.6562,862195,1.3265,707850000,1633500000,21.6876,
600592.SH,龙溪股份,2006-10-27,4.6648,4.9042,4.6648,4.7973,2306878,3.549,729300000,1683000000,22.3448,
600592.SH,龙溪股份,2006-10-30,4.7674,4.8743,4.7674,4.8572,1060279,1.6312,738400000,1704000000,22.6236,
600592.SH,龙溪股份,2006-10-31,4.8743,4.8743,4.7674,4.8059,1271196,1.9557,730600000,1686000000,22.3846,
600592.SH,龙溪股份,2006-11-01,4.8358,4.8957,4.7802,4.8529,1564407,2.4068,737750000,1702500000,22.6037,
600592.SH,龙溪股份,2006-11-02,4.8743,4.9683,4.8572,4.9299,2232799,3.4351,749450000,1729500000,22.9621,
600592.SH,龙溪股份,2006-11-03,4.9512,5.0025,4.7674,4.823,1596320,2.4559,733200000,1692000000,22.4643,
600592.SH,龙溪股份,2006-11-06,5.1308,5.1308,4.8443,4.8743,1486367,2.2867,741000000,1710000000,22.7032,
600592.SH,龙溪股份,2006-11-07,4.8743,4.8914,4.7161,4.7802,1095850,1.6859,726700000,1677000000,22.2651,
600592.SH,龙溪股份,2006-11-08,4.7802,4.8101,4.6819,4.8059,682811,1.0505,730600000,1686000000,22.3846,
600592.SH,龙溪股份,2006-11-09,4.7588,4.8315,4.7033,4.8272,896395,1.3791,733850000,1693500000,22.4842,
600592.SH,龙溪股份,2006-11-10,4.8315,4.8572,4.6519,4.6776,1333207,2.0511,711100000,1641000000,21.7871,
600592.SH,龙溪股份,2006-11-13,4.669,4.669,4.2757,4.4467,2039884,3.1383,676000000,1560000000,20.7117,
600592.SH,龙溪股份,2006-11-14,4.3997,4.4681,4.3142,4.4595,438139,0.6741,677950000,1564500000,20.7715,
600592.SH,龙溪股份,2006-11-15,4.498,4.5023,4.3826,4.4809,620524,0.9547,681200000,1572000000,20.871,
600592.SH,龙溪股份,2006-11-16,4.4809,4.6391,4.4681,4.5237,1329515,2.0454,687700000,1587000000,21.0702,
600592.SH,龙溪股份,2006-11-17,4.5237,4.5493,4.4467,4.5365,557661,0.8579,689650000,1591500000,21.1299,
600592.SH,龙溪股份,2006-11-20,4.5322,4.5322,4.3954,4.5194,1132275,1.742,687050000,1585500000,21.0503,
600592.SH,龙溪股份,2006-11-21,4.4895,4.5921,4.4082,4.5835,613256,0.9435,696800000,1608000000,21.349,
600592.SH,龙溪股份,2006-11-22,4.5707,4.6861,4.5408,4.5964,1026885,1.5798,698750000,1612500000,21.4088,
600592.SH,龙溪股份,2006-11-23,4.5964,4.6733,4.5322,4.5707,700576,1.0778,694850000,1603500000,21.2893,
600592.SH,龙溪股份,2006-11-24,4.5707,4.5921,4.5408,4.5878,650077,1.0001,697450000,1609500000,21.3689,
600592.SH,龙溪股份,2006-11-27,4.5793,4.7417,4.5322,4.7204,1192336,1.8344,717600000,1656000000,21.9863,
600592.SH,龙溪股份,2006-11-28,4.7246,4.7417,4.6519,4.7033,994157,1.5295,715000000,1650000000,21.9066,
600592.SH,龙溪股份,2006-11-29,4.6177,4.8657,4.5408,4.8272,2084851,3.2075,733850000,1693500000,22.4842,
600592.SH,龙溪股份,2006-11-30,4.8529,4.9769,4.8529,4.8957,2402555,3.6962,744250000,1717500000,22.8028,
600592.SH,龙溪股份,2006-12-01,4.917,5.3874,4.917,5.2505,5716939,8.7953,798200000,1842000000,24.4558,
600592.SH,龙溪股份,2006-12-04,5.2805,5.6781,5.2805,5.4173,4749813,7.3074,823550000,1900500000,25.2325,
600592.SH,龙溪股份,2006-12-05,5.4387,5.537,5.3018,5.3318,2791543,4.2947,810550000,1870500000,24.8342,
600592.SH,龙溪股份,2006-12-06,5.3403,5.3788,4.8101,5.1308,2949561,4.5378,780000000,1800000000,23.8981,
600592.SH,龙溪股份,2006-12-07,5.1308,5.3232,5.0496,5.118,2042549,3.1424,778050000,1795500000,23.8384,
600592.SH,龙溪股份,2006-12-08,5.0881,5.1094,4.8743,4.9042,1582619,2.4348,745550000,1720500000,22.8426,
600592.SH,龙溪股份,2006-12-11,4.8486,5.1265,4.8315,5.1094,1291064,1.9863,776750000,1792500000,23.7986,
600592.SH,龙溪股份,2006-12-12,5.1308,5.3232,5.0197,5.3147,1733395,2.6668,807950000,1864500000,24.7545,
600592.SH,龙溪股份,2006-12-13,5.2805,5.3831,5.195,5.2805,1220874,1.8783,802750000,1852500000,24.5952,
600592.SH,龙溪股份,2006-12-14,5.2463,5.3446,5.2035,5.2847,1342051,2.0647,803400000,1854000000,24.6151,
600592.SH,龙溪股份,2006-12-15,5.2847,5.4686,5.2805,5.3104,2068917,3.1829,807300000,1863000000,24.7346,
600592.SH,龙溪股份,2006-12-18,5.3874,5.5498,5.3018,5.5114,3061337,4.7097,837850000,1933500000,25.6706,
600592.SH,龙溪股份,2006-12-19,5.584,5.8064,5.4729,5.7294,6098055,9.3816,871000000,2010000000,26.6863,
600592.SH,龙溪股份,2006-12-20,5.7209,5.8791,5.5798,5.8491,2905166,4.4695,889200000,2052000000,27.2439,
600592.SH,龙溪股份,2006-12-21,5.7978,5.9346,5.6482,5.6696,2642815,4.0659,861900000,1989000000,26.4075,
600592.SH,龙溪股份,2006-12-22,5.6097,5.6995,5.4515,5.4686,1791200,2.7557,831350000,1918500000,25.4714,
600592.SH,龙溪股份,2006-12-25,5.4814,5.6567,5.4216,5.5456,1287371,1.9806,843050000,1945500000,25.8299,
600592.SH,龙溪股份,2006-12-26,5.5456,6.1014,5.4515,6.0116,4960659,7.6318,913900000,2109000000,28.0007,
600592.SH,龙溪股份,2006-12-27,5.9817,6.1613,5.909,6.0287,1811857,2.7875,916500000,2115000000,28.0803,
600592.SH,龙溪股份,2006-12-28,6.0629,6.1955,5.8107,5.9261,1569971,2.4153,900900000,2079000000,27.6024,
600592.SH,龙溪股份,2006-12-29,5.9432,6.3066,5.9432,6.1014,2579870,3.969,927550000,2140500000,28.4189,
600592.SH,龙溪股份,2007-01-04,6.1955,6.328,5.8577,5.9518,2656729,4.0873,904800000,2088000000,27.7218,
600592.SH,龙溪股份,2007-01-05,5.9004,6.1997,5.8577,6.11,1384999,2.1308,928850000,2143500000,28.4587,
600592.SH,龙溪股份,2007-01-08,6.1356,6.3921,6.0629,6.3622,1800929,2.7707,967200000,2232000000,29.6337,
600592.SH,龙溪股份,2007-01-09,6.375,6.4349,6.1784,6.3793,2635605,4.0548,969800000,2238000000,29.7134,
600592.SH,龙溪股份,2007-01-10,6.4007,6.5846,6.2468,6.4135,2663009,4.0969,975000000,2250000000,29.8727,
600592.SH,龙溪股份,2007-01-11,6.4563,6.4606,6.1741,6.1912,2690644,4.1395,941200000,2172000000,28.8371,
600592.SH,龙溪股份,2007-01-12,6.1655,6.1655,5.8149,5.8791,3509316,5.3989,893750000,2062500000,27.3833,
600592.SH,龙溪股份,2007-01-15,5.8577,6.1057,5.8149,6.0629,3109248,4.7835,921700000,2127000000,28.2396,
600592.SH,龙溪股份,2007-01-16,6.1014,6.2981,6.0757,6.2682,2528667,3.8903,952900000,2199000000,29.1956,
600592.SH,龙溪股份,2007-01-17,6.2853,6.4862,5.9988,6.1142,2848799,4.3828,929500000,2145000000,28.4786,
600592.SH,龙溪股份,2007-01-18,6.1057,6.1912,5.8833,6.1142,2317008,3.5646,929500000,2145000000,28.4786,
600592.SH,龙溪股份,2007-01-19,6.1784,6.576,6.1784,6.499,4146672,6.3795,988000000,2280000000,30.271,
600592.SH,龙溪股份,2007-01-22,6.6273,6.8197,6.5888,6.7855,3634234,5.5911,1031550000,2380500000,31.6053,
600592.SH,龙溪股份,2007-01-23,6.8197,6.8625,6.3366,6.5674,3767027,5.7954,998400000,2304000000,30.5896,
600592.SH,龙溪股份,2007-01-24,6.5503,6.5503,6.375,6.4862,4018901,6.1829,986050000,2275500000,30.2112,
600592.SH,龙溪股份,2007-01-25,6.4734,6.4734,6.0287,6.0715,4065703,6.2549,923000000,2130000000,28.2795,
600592.SH,龙溪股份,2007-01-26,5.9902,6.1271,5.5584,5.9689,3450039,5.3078,907400000,2094000000,27.8015,
600592.SH,龙溪股份,2007-01-29,6.0287,6.1741,5.9304,6.1271,3567469,5.4884,931450000,2149500000,28.5384,
600592.SH,龙溪股份,2007-01-30,6.1399,6.2339,5.986,6.0501,2428720,3.7365,919750000,2122500000,28.1799,
600592.SH,龙溪股份,2007-01-31,6.0672,6.0672,5.5669,5.5926,2689861,4.1382,850200000,1962000000,26.049,
600592.SH,龙溪股份,2007-02-01,5.5584,5.6867,5.4772,5.6354,1933396,2.9745,856700000,1977000000,26.2481,
600592.SH,龙溪股份,2007-02-02,5.6354,5.7978,5.5926,5.6054,1593971,2.4523,852150000,1966500000,26.1087,
600592.SH,龙溪股份,2007-02-05,5.5584,5.7209,5.5285,5.6311,1064203,1.6372,856050000,1975500000,26.2282,
600592.SH,龙溪股份,2007-02-06,5.7422,5.7422,5.46,5.6909,2994732,4.6073,865150000,1996500000,26.507,
600592.SH,龙溪股份,2007-02-07,5.708,5.8278,5.6781,5.7807,2559935,3.9384,878800000,2028000000,26.9252,
600592.SH,龙溪股份,2007-02-08,5.7978,5.8833,5.7038,5.8791,2283233,3.5127,893750000,2062500000,27.3833,
600592.SH,龙溪股份,2007-02-09,5.8876,6.0202,5.8363,5.9004,2160426,3.3237,897000000,2070000000,27.4829,
600592.SH,龙溪股份,2007-02-12,5.8962,6.2083,5.8577,6.1955,2968552,4.567,941850000,2173500000,28.857,
600592.SH,龙溪股份,2007-02-13,6.2425,6.3024,6.0971,6.1741,1590176,2.4464,938600000,2166000000,28.7574,
600592.SH,龙溪股份,2007-02-14,6.1826,6.2767,6.1484,6.2468,1795743,2.6752,980696250,2191500000,29.096,
600592.SH,龙溪股份,2007-02-15,6.2425,6.4734,6.2425,6.4606,2693156,4.0122,1014258750,2266500000,30.0917,
600592.SH,龙溪股份,2007-02-16,6.499,6.6188,6.2853,6.4606,4137841,6.1644,1014258750,2266500000,30.0917,
600592.SH,龙溪股份,2007-02-26,6.5418,6.7214,6.3323,6.7171,4172475,6.216,1054533750,2356500000,31.2867,
600592.SH,龙溪股份,2007-02-27,6.7171,7.0036,6.0458,6.0458,6439822,9.5938,949147500,2121000000,28.16,
600592.SH,龙溪股份,2007-02-28,6.0458,6.4306,6.0287,6.3793,3841341,5.7227,1001505000,2238000000,29.7134,
600592.SH,龙溪股份,2007-03-01,6.3708,6.3708,5.9518,6.0073,2511819,3.742,943106250,2107500000,27.9807,
600592.SH,龙溪股份,2007-03-02,5.986,6.157,5.9004,6.0757,1537180,2.29,953846250,2131500000,28.2994,
600592.SH,龙溪股份,2007-03-05,6.1527,6.2297,5.9218,5.956,2077337,3.0947,935051250,2089500000,27.7418,
600592.SH,龙溪股份,2007-03-06,5.956,6.204,5.9346,6.157,1563223,2.3288,966600000,2160000000,28.6778,
600592.SH,龙溪股份,2007-03-07,6.157,6.328,6.1484,6.3066,1568109,2.3361,990093750,2212500000,29.3748,
600592.SH,龙溪股份,2007-03-08,6.328,6.4349,6.251,6.405,1648786,2.4563,1005532500,2247000000,29.8329,
600592.SH,龙溪股份,2007-03-09,6.4135,6.4862,6.2724,6.2895,1971292,2.9367,987408750,2206500000,29.2951,
600592.SH,龙溪股份,2007-03-12,6.2938,6.3708,6.1228,6.3024,2128964,3.1716,989422500,2211000000,29.3549,
600592.SH,龙溪股份,2007-03-13,6.2468,6.5632,6.2339,6.5418,3401110,5.0668,1027012500,2295000000,30.4701,
600592.SH,龙溪股份,2007-03-14,6.4178,6.4563,6.204,6.3622,2594276,3.8648,998820000,2232000000,29.6337,
600592.SH,龙溪股份,2007-03-15,6.3921,6.7556,6.3921,6.6786,5325150,7.9332,1048492500,2343000000,31.1074,
600592.SH,龙溪股份,2007-03-16,6.6487,6.747,6.4135,6.4905,3429921,5.1098,1018957500,2277000000,30.2312,
600592.SH,龙溪股份,2007-03-19,6.2596,6.7043,6.2083,6.6615,3558045,5.3006,1045807500,2337000000,31.0278,
600592.SH,龙溪股份,2007-03-20,6.7428,7.0848,6.7428,6.9437,5740529,8.552,1090110000,2436000000,32.3422,
600592.SH,龙溪股份,2007-03-21,6.9437,6.9907,6.7812,6.9052,3653031,5.4421,1084068750,2422500000,32.1629,
600592.SH,龙溪股份,2007-03-22,6.9095,7.2558,6.9095,6.9437,4731215,7.0484,1090110000,2436000000,32.3422,
600592.SH,龙溪股份,2007-03-23,6.9822,7.0121,6.7428,6.9138,2550417,3.7995,1085411250,2425500000,32.2028,
600592.SH,龙溪股份,2007-03-26,6.9309,7.0976,6.9181,7.0549,3064877,4.5659,1107562500,2475000000,32.86,
600592.SH,龙溪股份,2007-03-27,7.072,7.2473,7.0036,7.0805,3210385,4.7827,1111590000,2484000000,32.9794,
600592.SH,龙溪股份,2007-03-28,7.0592,7.1019,6.5461,6.8539,3749277,5.5855,1076013750,2404500000,31.9239,
600592.SH,龙溪股份,2007-03-29,6.8197,6.9181,6.6273,6.6316,2253005,3.3564,1041108750,2326500000,30.8884,
600592.SH,龙溪股份,2007-03-30,6.6273,6.7385,6.5418,6.6829,1551705,2.3117,1049163750,2344500000,31.1273,
600592.SH,龙溪股份,2007-04-02,6.6487,6.8667,6.5803,6.8411,2518871,3.7525,1074000000,2400000000,30.3219,
600592.SH,龙溪股份,2007-04-03,6.8454,6.8838,6.7599,6.824,2411084,3.5919,1071315000,2394000000,30.2461,
600592.SH,龙溪股份,2007-04-04,6.824,6.9907,6.7684,6.9736,3169831,4.7223,1094808750,2446500000,30.9094,
600592.SH,龙溪股份,2007-04-05,6.9822,6.9907,6.8496,6.9779,2202211,3.2808,1095480000,2448000000,30.9284,
600592.SH,龙溪股份,2007-04-06,6.9095,7.0891,6.901,6.9437,2854310,4.2522,1090110000,2436000000,30.7768,
600592.SH,龙溪股份,2007-04-09,6.9437,7.119,6.9181,6.9651,4167701,6.2089,1093466250,2443500000,30.8715,
600592.SH,龙溪股份,2007-04-10,6.9694,6.9694,6.6743,6.8753,3557414,5.2997,1079370000,2412000000,30.4736,
600592.SH,龙溪股份,2007-04-11,6.8838,6.9266,6.6914,6.9095,4752548,7.0801,1084740000,2424000000,30.6252,
600592.SH,龙溪股份,2007-04-12,6.9266,7.166,6.9095,7.1489,5764364,8.5875,1122330000,2508000000,31.6864,
600592.SH,龙溪股份,2007-04-13,7.1489,7.1532,6.9565,6.9694,4774849,7.1134,1094137500,2445000000,30.8905,
600592.SH,龙溪股份,2007-04-16,6.948,7.2174,6.9437,7.2131,5226450,7.7861,1132398750,2530500000,31.9707,
600592.SH,龙溪股份,2007-04-17,7.2687,7.5038,7.1233,7.4012,6325817,9.4239,1161933750,2596500000,32.8046,
600592.SH,龙溪股份,2007-04-18,7.3969,7.568,7.3542,7.4269,5463135,8.1387,1165961250,2605500000,32.9183,
600592.SH,龙溪股份,2007-04-19,7.3841,7.3884,6.6914,6.8753,6001616,8.941,1079370000,2412000000,30.4736,
600592.SH,龙溪股份,2007-04-20,6.9052,7.119,6.9052,7.0848,5085194,7.5757,1112261250,2485500000,31.4022,
600592.SH,龙溪股份,2007-04-23,7.1361,7.3585,7.0934,7.2986,5064738,7.5452,1145823750,2560500000,31.1295,
600592.SH,龙溪股份,2007-04-24,7.3242,7.3756,7.1489,7.2131,6351399,9.462,1132398750,2530500000,30.7648,
600592.SH,龙溪股份,2007-04-25,7.2131,7.2131,7.2131,7.2131,--,--,1132398750,2530500000,30.7648,
600592.SH,龙溪股份,2007-04-26,7.2473,7.3114,7.1361,7.3114,4683079,6.9767,1147837500,2565000000,31.1842,
600592.SH,龙溪股份,2007-04-27,7.3242,7.5551,7.3114,7.4782,6281214,9.3575,1174016250,2623500000,31.8954,
600592.SH,龙溪股份,2007-04-30,7.3627,8.0383,7.3627,7.9015,7839503,11.679,1240470000,2772000000,33.7008,
600592.SH,龙溪股份,2007-05-08,8.1238,8.6925,8.1067,8.6925,11517621,17.1585,1364651250,3049500000,37.0745,
600592.SH,龙溪股份,2007-05-09,8.6925,9.1158,8.2948,8.7309,6722096,10.0143,1370692500,3063000000,37.2387,
600592.SH,龙溪股份,2007-05-10,8.7138,8.7438,8.3376,8.5813,5277219,7.8618,1347198750,3010500000,36.6004,
600592.SH,龙溪股份,2007-05-11,8.5086,8.6198,8.1238,8.483,4865933,7.2491,1331760000,2976000000,36.181,
600592.SH,龙溪股份,2007-05-14,8.4188,8.6754,8.2521,8.4872,5000920,7.4502,1332431250,2977500000,36.1992,
600592.SH,龙溪股份,2007-05-15,8.4701,8.6711,8.3419,8.3974,3550405,5.2892,1318335000,2946000000,35.8162,
600592.SH,龙溪股份,2007-05-16,8.4145,9.0516,8.3376,9.0046,5537178,8.2491,1413652500,3159000000,38.4058,
600592.SH,龙溪股份,2007-05-17,9.0858,9.0987,8.8293,8.9747,3270049,4.8716,1408953750,3148500000,38.2781,
600592.SH,龙溪股份,2007-05-18,8.9832,8.9875,8.6839,8.7309,2852420,4.2494,1370692500,3063000000,37.2387,
600592.SH,龙溪股份,2007-05-21,8.4872,8.9789,8.3803,8.9704,5131305,7.6444,1408282500,3147000000,38.2599,
600592.SH,龙溪股份,2007-05-22,9.0644,9.5006,8.8934,8.949,5257497,7.8324,1404926250,3139500000,38.1687,
600592.SH,龙溪股份,2007-05-23,8.9362,8.9661,8.7224,8.9276,3188636,4.7503,1401570000,3132000000,38.0775,
600592.SH,龙溪股份,2007-05-24,8.9276,8.9747,8.5129,8.7053,4065399,6.0565,1366665000,3054000000,37.1292,
600592.SH,龙溪股份,2007-05-25,8.6882,9.0687,8.5086,8.9533,4792999,7.1404,1405597500,3141000000,38.187,
600592.SH,龙溪股份,2007-05-28,9.0644,9.5476,9.0644,9.4065,5256614,7.8311,1476750000,3300000000,40.12,
600592.SH,龙溪股份,2007-05-29,9.4279,9.6203,9.2782,9.4236,3731482,5.559,1479435000,3306000000,40.193,
600592.SH,龙溪股份,2007-05-30,8.8421,9.1927,8.483,8.483,4939146,7.3581,1331760000,2976000000,36.181,
600592.SH,龙溪股份,2007-05-31,8.3846,8.7224,7.7048,8.5001,3750567,5.5874,1334445000,2982000000,36.2539,
600592.SH,龙溪股份,2007-06-01,8.4231,8.6283,7.6492,7.6492,2994312,4.4608,1200866250,2683500000,32.6249,
600592.SH,龙溪股份,2007-06-04,7.7817,8.034,6.9266,6.9865,3906025,5.819,1096822500,2451000000,29.7982,
600592.SH,龙溪股份,2007-06-05,7.0078,7.3542,6.3494,7.3499,3565577,5.3118,1153878750,2578500000,31.3483,
600592.SH,龙溪股份,2007-06-06,7.3542,7.568,7.1831,7.3884,2491038,3.711,1159920000,2592000000,31.5124,
600592.SH,龙溪股份,2007-06-07,7.4055,7.987,7.4055,7.8844,4552909,6.7827,1237785000,2766000000,33.6279,
600592.SH,龙溪股份,2007-06-08,7.9485,8.1965,7.7732,7.7817,2862056,4.2638,1221675000,2730000000,33.1902,
600592.SH,龙溪股份,2007-06-11,7.8673,8.158,7.7817,8.1152,4006151,5.9682,1274032500,2847000000,34.6126,
600592.SH,龙溪股份,2007-06-12,8.1666,8.9276,7.9613,8.9276,4937121,7.3551,1401570000,3132000000,38.0775,
600592.SH,龙溪股份,2007-06-13,9.0644,9.3552,8.9789,9.1072,4381385,6.5272,1429762500,3195000000,38.8435,
600592.SH,龙溪股份,2007-06-14,8.5514,9.1371,8.5514,8.8934,3391966,5.0532,1396200000,3120000000,37.9316,
600592.SH,龙溪股份,2007-06-15,8.7566,9.7828,8.7267,9.7015,7022166,10.4613,1523066250,3403500000,41.3783,
600592.SH,龙溪股份,2007-06-18,9.5672,9.9658,9.5672,9.6712,4100910,6.1094,1498230000,3348000000,40.7036,
600592.SH,龙溪股份,2007-06-19,9.6625,10.0222,9.4892,9.6885,3180180,4.7377,1500915000,3354000000,40.7765,
600592.SH,龙溪股份,2007-06-20,9.9658,9.9962,9.1859,9.2856,3463751,5.1602,1438488750,3214500000,39.0805,
600592.SH,龙溪股份,2007-06-21,9.0992,9.3592,8.8913,9.1166,2301393,3.4285,1412310000,3156000000,38.3693,
600592.SH,龙溪股份,2007-06-22,9.1166,9.1209,8.237,8.458,2286682,3.4066,1310280000,2928000000,35.5974,
600592.SH,龙溪股份,2007-06-25,8.4493,8.8046,8.016,8.0637,2249474,3.3512,1249196250,2791500000,33.9379,
600592.SH,龙溪股份,2007-06-26,7.8817,8.3843,7.8427,8.367,1342000,1.9993,1296183750,2896500000,35.2144,
600592.SH,龙溪股份,2007-06-27,8.4926,8.7959,8.3626,8.6573,1776664,2.6468,1341157500,2997000000,36.4363,
600592.SH,龙溪股份,2007-06-28,8.6659,8.6659,7.964,8.016,1641641,2.4456,1241812500,2775000000,33.7373,
600592.SH,龙溪股份,2007-06-29,7.756,7.9293,7.574,7.756,1151040,1.7148,1201537500,2685000000,32.6431,
600592.SH,龙溪股份,2007-07-02,7.756,7.9207,7.626,7.8687,858146,1.2784,1218990000,2724000000,33.1172,
600592.SH,龙溪股份,2007-07-03,8.016,8.016,7.7993,7.8773,1148475,1.7109,1220332500,2727000000,33.1537,
600592.SH,龙溪股份,2007-07-04,7.886,8.1157,7.8773,7.8947,942383,1.4039,1223017500,2733000000,33.2267,
600592.SH,龙溪股份,2007-07-05,7.8947,7.8947,7.1061,7.1061,1144075,1.7044,1100850000,2460000000,29.9076,
600592.SH,龙溪股份,2007-07-06,7.1277,7.5307,6.7941,7.4744,1485872,2.2136,1157906250,2587500000,31.4577,
600592.SH,龙溪股份,2007-07-09,7.6174,7.7993,7.496,7.6997,1895841,2.8243,1192811250,2665500000,32.406,
600592.SH,龙溪股份,2007-07-10,7.6997,7.7127,7.418,7.6564,1564451,2.3307,1186098750,2650500000,32.2237,
600592.SH,龙溪股份,2007-07-11,7.6694,8.0117,7.626,7.9337,2089796,3.1133,1229058750,2746500000,33.3908,
600592.SH,龙溪股份,2007-07-12,7.9293,7.9943,7.756,7.9857,1355733,2.0197,1237113750,2764500000,33.6096,
600592.SH,龙溪股份,2007-07-13,7.977,7.977,7.7517,7.873,448986,0.6689,1219661250,2725500000,33.1355,
600592.SH,龙溪股份,2007-07-16,7.8427,7.8427,7.444,7.4917,717650,1.0691,1160591250,2593500000,31.5307,
600592.SH,龙溪股份,2007-07-17,7.561,7.7474,7.4614,7.6607,557250,0.8302,1186770000,2652000000,32.2419,
600592.SH,龙溪股份,2007-07-18,7.5394,7.73,7.496,7.5827,778752,1.1602,1174687500,2625000000,31.9136,
600592.SH,龙溪股份,2007-07-19,7.5784,7.6954,7.5177,7.6564,293710,0.4376,1186098750,2650500000,32.2237,
600592.SH,龙溪股份,2007-07-20,7.6954,8.016,7.665,7.9813,1365183,2.0338,1236442500,2763000000,33.5914,
600592.SH,龙溪股份,2007-07-23,8.016,8.276,8.016,8.2413,2122256,3.1616,1276717500,2853000000,34.6856,
600592.SH,龙溪股份,2007-07-24,8.3193,8.432,8.107,8.1417,1504277,2.241,1261278750,2818500000,34.2661,
600592.SH,龙溪股份,2007-07-25,8.133,8.3496,8.029,8.302,1562414,2.3276,1286115000,2874000000,34.9409,
600592.SH,龙溪股份,2007-07-26,8.315,8.6659,8.315,8.51,1479240,2.2037,1318335000,2946000000,35.8162,
600592.SH,龙溪股份,2007-07-27,8.4493,8.536,8.1893,8.406,1981640,2.9522,1302225000,2910000000,35.3786,
600592.SH,龙溪股份,2007-07-30,8.4276,8.6616,8.3626,8.6009,2320953,3.4577,1332431250,2977500000,36.1992,
600592.SH,龙溪股份,2007-07-31,8.6573,8.9606,8.5576,8.8783,2012204,2.9977,1375391250,3073500000,37.3663,
600592.SH,龙溪股份,2007-08-01,8.8783,9.0126,8.1113,8.1373,2151941,3.2059,1260607500,2817000000,34.2479,
600592.SH,龙溪股份,2007-08-02,8.1417,8.5143,8.1417,8.4406,2066759,3.079,1307595000,2922000000,35.5244,
600592.SH,龙溪股份,2007-08-03,8.471,8.5143,8.2326,8.419,1902379,2.8341,1304238750,2914500000,35.4333,
600592.SH,龙溪股份,2007-08-06,8.4276,8.7526,8.4103,8.523,1787713,2.6633,1320348750,2950500000,35.8709,
600592.SH,龙溪股份,2007-08-07,8.5446,8.5793,8.276,8.3583,2214103,3.2985,1294841250,2893500000,35.178,
600592.SH,龙溪股份,2007-08-08,8.276,8.3193,7.9813,8.1373,2241502,3.3393,1260607500,2817000000,34.2479,
600592.SH,龙溪股份,2007-08-09,8.1373,8.3323,8.1243,8.2196,1669507,2.4872,1273361250,2845500000,34.5944,
600592.SH,龙溪股份,2007-08-10,8.3626,8.9563,8.3193,8.9346,4328186,6.4479,1384117500,3093000000,35.7589,
600592.SH,龙溪股份,2007-08-13,8.8393,9.4632,8.7959,8.9649,6266245,9.3352,1388816250,3103500000,35.8803,
600592.SH,龙溪股份,2007-08-14,8.9693,9.0992,8.7136,9.0992,2575274,3.8365,1409625000,3150000000,36.4179,
600592.SH,龙溪股份,2007-08-15,9.0992,9.1859,8.6269,8.9433,2270102,3.3819,1385460000,3096000000,35.7936,
600592.SH,龙溪股份,2007-08-16,8.8826,8.9433,8.6659,8.8523,1546865,2.3045,1371363750,3064500000,35.4294,
600592.SH,龙溪股份,2007-08-17,8.8393,8.9909,8.7093,8.7743,1598506,2.3814,1359281250,3037500000,35.1172,
600592.SH,龙溪股份,2007-08-20,8.9476,9.1946,8.9259,9.1859,3403412,5.0703,1423050000,3180000000,36.7647,
600592.SH,龙溪股份,2007-08-21,9.2292,9.5282,9.1426,9.1469,2858457,4.2584,1417008750,3166500000,36.6086,
600592.SH,龙溪股份,2007-08-22,8.9303,9.3462,8.9303,9.3246,3330647,4.9619,1444530000,3228000000,37.3196,
600592.SH,龙溪股份,2007-08-23,9.3332,9.7015,8.6659,9.6669,5231895,7.7943,1497558750,3346500000,38.6896,
600592.SH,龙溪股份,2007-08-24,9.6669,9.7925,9.3592,9.4719,3179897,4.7373,1467352500,3279000000,37.9093,
600592.SH,龙溪股份,2007-08-27,9.5022,9.6842,9.1946,9.3202,2385689,3.5541,1443858750,3226500000,37.3023,
600592.SH,龙溪股份,2007-08-28,9.2292,9.2899,9.0126,9.1989,2606229,3.8827,1425063750,3184500000,36.8167,
600592.SH,龙溪股份,2007-08-29,9.1859,9.3462,9.0256,9.1686,1754070,2.6131,1420365000,3174000000,36.6953,
600592.SH,龙溪股份,2007-08-30,9.1209,9.4892,9.1122,9.4545,2117549,3.1546,1464667500,3273000000,37.8399,
600592.SH,龙溪股份,2007-08-31,9.5325,9.5759,9.2942,9.3332,2061542,3.0712,1445872500,3231000000,37.3543,
600592.SH,龙溪股份,2007-09-03,9.4112,9.7492,9.3592,9.5325,3014059,4.4902,1476750000,3300000000,38.152,
600592.SH,龙溪股份,2007-09-04,9.5759,9.6192,9.3202,9.3419,1939788,2.8898,1447215000,3234000000,37.389,
600592.SH,龙溪股份,2007-09-05,9.3376,9.4025,9.0342,9.2379,2078084,3.0958,1431105000,3198000000,36.9728,
600592.SH,龙溪股份,2007-09-06,9.2292,9.4805,9.1989,9.2942,1933262,2.8801,1439831250,3217500000,37.1982,
600592.SH,龙溪股份,2007-09-07,9.2292,9.2726,8.9693,8.9693,2526507,3.7639,1389487500,3105000000,35.8976,
600592.SH,龙溪股份,2007-09-10,8.8739,9.1729,8.6703,9.1642,1921111,2.862,1419693750,3172500000,36.678,
600592.SH,龙溪股份,2007-09-11,9.1556,9.1556,8.4406,8.4536,2642231,3.9363,1309608750,2926500000,33.8339,
600592.SH,龙溪股份,2007-09-12,8.432,8.6616,8.2413,8.5013,1662512,2.4767,1316992500,2943000000,34.0247,
600592.SH,龙溪股份,2007-09-13,8.5316,8.6053,8.38,8.5706,880893,1.3123,1327732500,2967000000,34.3022,
600592.SH,龙溪股份,2007-09-14,8.5793,8.9043,8.497,8.6226,1847339,2.7521,1335787500,2985000000,34.5103,
600592.SH,龙溪股份,2007-09-17,8.6486,8.8263,8.5793,8.7743,2063114,3.0735,1359281250,3037500000,35.1172,
600592.SH,龙溪股份,2007-09-18,8.8219,8.8609,8.5273,8.7006,1636887,2.4386,1347870000,3012000000,34.8224,
600592.SH,龙溪股份,2007-09-19,8.7179,8.7179,8.3323,8.3886,2180121,3.2479,1299540000,2904000000,33.5738,
600592.SH,龙溪股份,2007-09-20,8.4233,8.6443,8.393,8.484,1298917,1.9351,1314307500,2937000000,33.9553,
600592.SH,龙溪股份,2007-09-21,8.5879,8.6226,8.1417,8.3193,1525008,2.2719,1288800000,2880000000,33.2963,
600592.SH,龙溪股份,2007-09-24,8.315,8.3626,8.0723,8.2196,1333478,1.9866,1273361250,2845500000,32.8975,
600592.SH,龙溪股份,2007-09-25,8.1503,8.5013,8.1503,8.3193,1633152,2.433,1288800000,2880000000,33.2963,
600592.SH,龙溪股份,2007-09-26,8.4406,8.4883,8.1806,8.3193,780655,1.163,1288800000,2880000000,33.2963,
600592.SH,龙溪股份,2007-09-27,8.341,8.5793,8.3236,8.523,976031,1.454,1320348750,2950500000,34.1114,
600592.SH,龙溪股份,2007-09-28,8.6053,8.7613,8.5576,8.7136,1780899,2.6531,1349883750,3016500000,34.8744,
600592.SH,龙溪股份,2007-10-08,8.9173,8.9866,8.7006,8.9216,2420183,3.6055,1382103750,3088500000,35.7068,
600592.SH,龙溪股份,2007-10-09,8.9216,9.3332,8.9216,9.2336,3117601,4.6445,1430433750,3196500000,36.9555,
600592.SH,龙溪股份,2007-10-10,9.2336,9.2942,8.8349,8.9129,2518781,3.7524,1380761250,3085500000,35.6722,
600592.SH,龙溪股份,2007-10-11,8.9129,9.7622,8.8263,9.4719,8704761,12.968,1467352500,3279000000,37.9093,
600592.SH,龙溪股份,2007-10-12,9.3159,9.6842,9.0169,9.5672,6428929,9.5775,1482120000,3312000000,38.2908,
600592.SH,龙溪股份,2007-10-15,9.7059,10.4035,9.7059,9.9875,7561832,11.2653,1547231250,3457500000,39.9729,
600592.SH,龙溪股份,2007-10-16,10.0438,10.0482,9.5975,9.7319,3726545,5.5516,1507627500,3369000000,38.9498,
600592.SH,龙溪股份,2007-10-17,9.7449,10.1392,9.5672,9.7795,2970618,4.4255,1515011250,3385500000,39.1405,
600592.SH,龙溪股份,2007-10-18,9.7795,9.7838,9.2726,9.3592,3023604,4.5044,1449900000,3240000000,37.4584,
600592.SH,龙溪股份,2007-10-19,9.3376,9.5282,9.0559,9.1252,1874446,2.7925,1413652500,3159000000,36.5219,
600592.SH,龙溪股份,2007-10-22,9.0126,9.2639,8.8609,8.8999,1236199,1.8416,1378747500,3081000000,35.6201,
600592.SH,龙溪股份,2007-10-23,8.9303,9.1599,8.9303,9.1296,1271942,1.8949,1414323750,3160500000,36.5393,
600592.SH,龙溪股份,2007-10-24,9.1599,9.3939,9.0126,9.2032,1605079,2.3912,1425735000,3186000000,36.8341,
600592.SH,龙溪股份,2007-10-25,9.0126,9.0126,8.2846,8.2846,2798201,4.1686,1283430000,2868000000,32.3095,
600592.SH,龙溪股份,2007-10-26,8.224,8.224,7.5827,7.6997,2164702,3.2249,1192811250,2665500000,30.0282,
600592.SH,龙溪股份,2007-10-29,7.7907,7.9293,7.5914,7.873,1044866,1.5566,1219661250,2725500000,30.7042,
600592.SH,龙溪股份,2007-10-30,7.9727,7.9727,7.6694,7.9553,1061825,1.5819,1232415000,2754000000,31.0252,
600592.SH,龙溪股份,2007-10-31,8.0117,8.3193,7.8037,8.2586,1606220,2.3929,1279402500,2859000000,32.2081,
600592.SH,龙溪股份,2007-11-01,8.2586,8.2673,7.821,7.8687,1307223,1.9474,1218990000,2724000000,30.6873,
600592.SH,龙溪股份,2007-11-02,7.821,7.821,7.4267,7.4744,1661370,2.475,1157906250,2587500000,29.1495,
600592.SH,龙溪股份,2007-11-05,7.4527,7.691,7.3747,7.587,626447,0.9333,1175358750,2626500000,29.5889,
600592.SH,龙溪股份,2007-11-06,7.6737,7.951,7.587,7.8513,860407,1.2818,1216305000,2718000000,30.6197,
600592.SH,龙溪股份,2007-11-07,7.9553,7.964,7.626,7.8297,797657,1.1883,1212948750,2710500000,30.5352,
600592.SH,龙溪股份,2007-11-08,7.7127,7.8253,7.5177,7.626,658756,0.9814,1181400000,2640000000,29.741,
600592.SH,龙溪股份,2007-11-09,7.5827,7.756,7.431,7.7257,601985,0.8968,1196838750,2674500000,30.1296,
600592.SH,龙溪股份,2007-11-12,7.626,7.6824,7.457,7.665,603380,0.8989,1187441250,2653500000,29.893,
600592.SH,龙溪股份,2007-11-13,7.795,7.8643,7.6044,7.73,607443,0.9049,1197510000,2676000000,30.1465,
600592.SH,龙溪股份,2007-11-14,7.73,8.0117,7.7127,7.9857,791043,1.1785,1237113750,2764500000,31.1435,
600592.SH,龙溪股份,2007-11-15,7.9553,8.0073,7.756,7.7734,534307,0.796,1204222500,2691000000,30.3155,
600592.SH,龙溪股份,2007-11-16,7.7734,7.9727,7.639,7.7993,543348,0.8095,1208250000,2700000000,30.4169,
600592.SH,龙溪股份,2007-11-19,7.9683,8.133,7.8123,8.0853,1017415,1.5157,1252552500,2799000000,31.5322,
600592.SH,龙溪股份,2007-11-20,8.1027,8.198,8.0073,8.0897,814893,1.214,1253223750,2800500000,31.5491,
600592.SH,龙溪股份,2007-11-21,8.0897,8.12,7.951,7.977,529193,0.7884,1235771250,2761500000,31.1097,
600592.SH,龙溪股份,2007-11-22,7.9683,7.9683,7.4527,7.4614,648078,0.9655,1155892500,2583000000,29.0988,
600592.SH,龙溪股份,2007-11-23,7.4614,7.678,7.4527,7.6434,1498825,2.2329,1184085000,2646000000,29.8086,
600592.SH,龙溪股份,2007-11-26,7.7127,7.7907,7.4527,7.496,513950,0.7657,1161262500,2595000000,29.234,
600592.SH,龙溪股份,2007-11-27,7.431,7.5524,7.4094,7.5004,506624,0.7547,1161933750,2596500000,29.2509,
600592.SH,龙溪股份,2007-11-28,7.5177,7.5827,7.4614,7.5697,342802,0.5107,1172673750,2620500000,29.5213,
600592.SH,龙溪股份,2007-11-29,7.626,7.7257,7.5004,7.6607,420813,0.6269,1186770000,2652000000,29.8761,
600592.SH,龙溪股份,2007-11-30,7.6954,7.6954,7.5177,7.522,370453,0.5519,1165290000,2604000000,29.3354,
600592.SH,龙溪股份,2007-12-03,7.496,7.6477,7.4874,7.6304,421068,0.6273,1182071250,2641500000,29.7579,
600592.SH,龙溪股份,2007-12-04,7.6304,7.6607,7.4657,7.4787,413519,0.616,1158577500,2589000000,29.1664,
600592.SH,龙溪股份,2007-12-05,7.5004,7.6694,7.4874,7.6477,476000,0.7091,1184756250,2647500000,29.8255,
600592.SH,龙溪股份,2007-12-06,7.6477,7.7387,7.6087,7.7344,600192,0.8941,1198181250,2677500000,30.1634,
600592.SH,龙溪股份,2007-12-07,7.743,7.8643,7.7127,7.8513,623576,0.929,1216305000,2718000000,30.6197,
600592.SH,龙溪股份,2007-12-10,7.7344,7.99,7.665,7.964,806292,1.2012,1233757500,2757000000,31.059,
600592.SH,龙溪股份,2007-12-11,8.0203,8.0507,7.847,7.9727,783417,1.1671,1235100000,2760000000,31.0928,
600592.SH,龙溪股份,2007-12-12,7.977,8.081,7.9553,8.0203,714325,1.0642,1242483750,2776500000,31.2787,
600592.SH,龙溪股份,2007-12-13,8.0507,8.1763,7.7214,7.7647,710002,1.0577,1202880000,2688000000,30.2817,
600592.SH,龙溪股份,2007-12-14,7.717,7.8773,7.6174,7.8687,666776,0.9933,1218990000,2724000000,30.6873,
600592.SH,龙溪股份,2007-12-17,7.9077,8.1027,7.808,8.0203,862800,1.2854,1242483750,2776500000,31.2787,
600592.SH,龙溪股份,2007-12-18,7.9727,8.068,7.8773,7.9987,452187,0.6736,1239127500,2769000000,31.1942,
600592.SH,龙溪股份,2007-12-19,8.0377,8.1677,8.016,8.1417,751339,1.1193,1261278750,2818500000,31.7519,
600592.SH,龙溪股份,2007-12-20,8.146,8.1893,8.0853,8.1806,733790,1.0932,1267320000,2832000000,31.9039,
600592.SH,龙溪股份,2007-12-21,8.1677,8.9693,8.1373,8.8609,4600650,6.8539,1372706250,3067500000,34.557,
600592.SH,龙溪股份,2007-12-24,8.8609,8.9606,8.6833,8.8826,2947014,4.3903,1376062500,3075000000,34.6415,
600592.SH,龙溪股份,2007-12-25,8.8869,9.0169,8.8046,8.9952,1389781,2.0704,1393515000,3114000000,35.0808,
600592.SH,龙溪股份,2007-12-26,8.9952,9.1772,8.9303,9.0516,1225279,1.8254,1402241250,3133500000,35.3005,
600592.SH,龙溪股份,2007-12-27,9.0559,9.2076,8.9909,9.0169,1825128,2.719,1396871250,3121500000,35.1653,
600592.SH,龙溪股份,2007-12-28,8.9952,9.0559,8.8219,8.8479,1259018,1.8756,1370692500,3063000000,34.5063,
600592.SH,龙溪股份,2008-01-02,8.8479,9.1556,8.7959,9.1339,1169455,1.7422,1414995000,3162000000,35.6216,
600592.SH,龙溪股份,2008-01-03,9.0992,9.5759,8.8826,9.4459,1718617,2.5603,1463325000,3270000000,36.8382,
600592.SH,龙溪股份,2008-01-04,9.4675,9.4675,9.2336,9.3506,854281,1.2727,1448557500,3237000000,36.4665,
600592.SH,龙溪股份,2008-01-07,9.2336,9.5369,9.2292,9.4545,1319878,1.9663,1464667500,3273000000,36.872,
600592.SH,龙溪股份,2008-01-08,9.4675,9.4805,8.9519,9.0516,1539619,2.2937,1402241250,3133500000,35.3005,
600592.SH,龙溪股份,2008-01-09,9.0126,9.2596,8.9693,9.2076,895029,1.3334,1426406250,3187500000,35.9088,
600592.SH,龙溪股份,2008-01-10,9.2162,9.5585,9.1642,9.4805,1653530,2.4634,1468695000,3282000000,36.9734,
600592.SH,龙溪股份,2008-01-11,9.4892,9.6409,9.2076,9.4112,1735769,2.5859,1457955000,3258000000,36.703,
600592.SH,龙溪股份,2008-01-14,9.6105,10.1175,9.6019,9.8748,4295058,6.3986,1529778750,3418500000,38.5112,
600592.SH,龙溪股份,2008-01-15,9.9658,10.1825,9.7059,10.1781,2978610,4.4374,1576766250,3523500000,39.694,
600592.SH,龙溪股份,2008-01-16,10.1608,10.2518,9.8012,10.2301,2957505,4.406,1584821250,3541500000,39.8968,
600592.SH,龙溪股份,2008-01-17,10.0568,10.6158,9.5412,9.8922,3655861,5.4463,1532463750,3424500000,38.5788,
600592.SH,龙溪股份,2008-01-18,9.9658,10.3515,9.6842,10.3298,2173192,3.2375,1600260000,3576000000,40.2855,
600592.SH,龙溪股份,2008-01-21,10.5031,10.7414,9.7535,9.8228,3187420,4.7485,1521723750,3400500000,38.3084,
600592.SH,龙溪股份,2008-01-22,9.7492,9.7492,8.8393,8.8393,2391201,3.5623,1369350000,3060000000,34.4725,
600592.SH,龙溪股份,2008-01-23,8.6226,9.3159,8.6226,9.2726,1780110,2.6519,1436475000,3210000000,36.1623,
600592.SH,龙溪股份,2008-01-24,9.3159,9.5195,9.0992,9.3636,1780439,2.6524,1450571250,3241500000,36.5172,
600592.SH,龙溪股份,2008-01-25,9.4025,9.7362,9.1209,9.4892,2946750,4.3899,1470037500,3285000000,37.0072,
600592.SH,龙溪股份,2008-01-28,9.4025,9.4025,8.5403,8.5446,1211582,1.805,1323705000,2958000000,33.3234,
600592.SH,龙溪股份,2008-01-29,8.5143,9.0819,8.5143,8.7483,764870,1.1395,1355253750,3028500000,34.1176,
600592.SH,龙溪股份,2008-01-30,8.8263,9.0126,8.471,8.6399,807455,1.2029,1338472500,2991000000,33.6952,
600592.SH,龙溪股份,2008-01-31,8.6659,8.7093,8.146,8.1893,721540,1.0749,1268662500,2835000000,31.9377,
600592.SH,龙溪股份,2008-02-01,8.172,8.276,7.5957,7.821,707661,1.0542,1211606250,2707500000,30.5014,
600592.SH,龙溪股份,2008-02-04,8.0377,8.5576,8.0377,8.406,1382898,2.0602,1302225000,2910000000,32.7826,
600592.SH,龙溪股份,2008-02-05,8.4493,8.6009,8.25,8.5576,640529,0.9542,1325718750,2962500000,33.3741,
600592.SH,龙溪股份,2008-02-13,8.5273,8.6183,8.3323,8.4493,552397,0.8229,1308937500,2925000000,32.9516,
600592.SH,龙溪股份,2008-02-14,8.4493,8.6226,8.4493,8.5663,333889,0.3725,1771886250,2965500000,33.4079,
600592.SH,龙溪股份,2008-02-15,8.6139,8.6139,8.354,8.4233,387362,0.4322,1742310000,2916000000,32.8502,
600592.SH,龙溪股份,2008-02-18,8.4926,8.8306,8.4926,8.7916,793761,0.8856,1818491250,3043500000,34.2866,
600592.SH,龙溪股份,2008-02-19,8.8393,9.1772,8.7136,9.0516,1063877,1.187,1872266250,3133500000,35.3005,
600592.SH,龙溪股份,2008-02-20,9.1339,9.3116,8.7873,8.9173,994141,1.1092,1844482500,3087000000,34.7766,
600592.SH,龙溪股份,2008-02-21,8.7873,9.2249,8.7569,9.1426,766184,0.8549,1891087500,3165000000,35.6554,
600592.SH,龙溪股份,2008-02-22,9.1426,9.1426,8.6313,8.8826,844639,0.9424,1837312500,3075000000,34.6415,
600592.SH,龙溪股份,2008-02-25,9.0559,9.0559,8.4493,8.4623,536430,0.5985,1750376250,2929500000,33.0023,
600592.SH,龙溪股份,2008-02-26,8.6659,8.8306,8.2586,8.5186,541792,0.6045,1762027500,2949000000,33.222,
600592.SH,龙溪股份,2008-02-27,8.5186,8.7743,8.4493,8.7613,617429,0.6889,1812217500,3033000000,34.1683,
600592.SH,龙溪股份,2008-02-28,8.7786,8.8739,8.6659,8.8263,638413,0.7123,1825661250,3055500000,34.4218,
600592.SH,龙溪股份,2008-02-29,8.8176,8.9129,8.7526,8.8913,531197,0.5927,1839105000,3078000000,34.6753,
600592.SH,龙溪股份,2008-03-03,8.8913,9.3116,8.8393,9.2986,1597625,1.7826,1923352500,3219000000,36.2637,
600592.SH,龙溪股份,2008-03-04,9.3939,9.4849,9.1772,9.4762,1852270,2.0667,1960098750,3280500000,36.9565,
600592.SH,龙溪股份,2008-03-05,9.4025,9.8705,9.2682,9.8272,3144232,3.5082,2032695000,3402000000,38.3253,
600592.SH,龙溪股份,2008-03-06,9.8272,10.2171,9.6929,9.8098,4038181,4.5056,2029110000,3396000000,38.2577,
600592.SH,龙溪股份,2008-03-07,9.8575,9.8792,9.4589,9.6105,1207339,1.3471,1987882500,3327000000,37.4804,
600592.SH,龙溪股份,2008-03-10,10.0958,10.5724,9.8792,10.1652,9177144,10.2395,2102602500,3519000000,35.8078,
600592.SH,龙溪股份,2008-03-11,9.9658,10.2258,9.7882,10.1911,3177326,3.5451,2107980000,3528000000,35.8994,
600592.SH,龙溪股份,2008-03-12,10.3558,10.4425,9.9615,9.9615,2319616,2.5881,2060478750,3448500000,35.0904,
600592.SH,龙溪股份,2008-03-13,9.7968,9.8402,9.2292,9.3072,2840305,3.1691,1925145000,3222000000,32.7856,
600592.SH,龙溪股份,2008-03-14,9.3072,9.8098,9.3072,9.6105,1848948,2.063,1987882500,3327000000,33.8541,
600592.SH,龙溪股份,2008-03-17,9.5975,9.5975,8.6659,8.8739,1768076,1.9727,1835520000,3072000000,31.2593,
600592.SH,龙溪股份,2008-03-18,8.7569,9.1296,8.2846,8.575,2107944,2.352,1773678750,2968500000,30.2061,
600592.SH,龙溪股份,2008-03-19,8.7526,9.3462,8.6053,9.0689,2321278,2.59,1875851250,3139500000,31.9462,
600592.SH,龙溪股份,2008-03-20,8.8826,9.8402,8.4926,9.7319,4108985,4.5846,2012977500,3369000000,34.2814,
600592.SH,龙溪股份,2008-03-21,9.5845,10.0525,9.5845,9.7449,2837126,3.1656,2015666250,3373500000,34.3272,
600592.SH,龙溪股份,2008-03-24,9.9702,10.0438,9.4502,9.4632,3148321,3.5128,1957410000,3276000000,33.3351,
600592.SH,龙溪股份,2008-03-25,9.2726,9.9658,9.2032,9.9615,2817660,3.1438,2060478750,3448500000,35.0904,
600592.SH,龙溪股份,2008-03-26,9.9788,10.3341,9.8012,9.9095,2934020,3.2737,2049723750,3430500000,34.9072,
600592.SH,龙溪股份,2008-03-27,9.6409,9.8922,9.4459,9.4849,2304479,2.5712,1961891250,3283500000,33.4114,
600592.SH,龙溪股份,2008-03-28,9.3592,9.9572,9.2162,9.9355,2459063,2.7437,2055101250,3439500000,34.9988,
600592.SH,龙溪股份,2008-03-31,9.6539,10.0828,9.6019,9.9182,2570315,2.8679,2051516250,3433500000,34.9378,
600592.SH,龙溪股份,2008-04-01,9.9182,9.9182,9.9182,9.9182,--,--,2051516250,3433500000,34.9378,
600592.SH,龙溪股份,2008-04-02,9.3202,9.5325,8.9259,8.9259,3372829,3.7633,1846275000,3090000000,31.4425,
600592.SH,龙溪股份,2008-04-03,8.4926,8.7309,8.0333,8.4926,3057318,3.4112,1756650000,2940000000,29.9161,
600592.SH,龙溪股份,2008-04-07,8.2326,9.1079,8.1417,8.8869,2071249,2.311,1838208750,3076500000,31.3051,
600592.SH,龙溪股份,2008-04-08,8.8306,9.1339,8.7353,9.0126,1519566,1.6955,1864200000,3120000000,31.7477,
600592.SH,龙溪股份,2008-04-09,8.8826,9.1426,8.4623,8.471,1310529,1.4622,1752168750,2932500000,29.8398,
600592.SH,龙溪股份,2008-04-10,8.341,8.7656,8.237,8.7136,1109870,1.2383,1802358750,3016500000,30.6946,
600592.SH,龙溪股份,2008-04-11,8.7526,9.0646,8.7309,8.7526,1843029,2.0564,1810425000,3030000000,30.8319,
600592.SH,龙溪股份,2008-04-14,8.5793,8.5793,8.1113,8.1373,1642766,1.8329,1683157500,2817000000,28.6645,
600592.SH,龙溪股份,2008-04-15,8.1373,8.406,7.8817,8.3973,1040525,1.161,1736932500,2907000000,29.5803,
600592.SH,龙溪股份,2008-04-16,8.4276,8.445,8.029,8.0333,886553,0.9892,1661647500,2781000000,28.2982,
600592.SH,龙溪股份,2008-04-17,8.094,8.2326,7.626,7.7257,1232324,1.375,1598013750,2674500000,27.2145,
600592.SH,龙溪股份,2008-04-18,7.6694,7.7344,7.2361,7.3401,1262853,1.409,1518247500,2541000000,25.8561,
600592.SH,龙溪股份,2008-04-21,7.8427,8.0073,7.3141,7.4527,1496467,1.6697,1541550000,2580000000,26.2529,
600592.SH,龙溪股份,2008-04-22,7.3444,7.4007,6.8071,7.2144,1253527,1.3986,1492256250,2497500000,25.4134,
600592.SH,龙溪股份,2008-04-23,7.2144,7.7257,7.0107,7.5567,1592019,1.7763,1563060000,2616000000,26.6192,
600592.SH,龙溪股份,2008-04-24,8.2976,8.3106,8.016,8.3106,3519807,3.9273,1719007500,2877000000,29.2751,
600592.SH,龙溪股份,2008-04-25,8.2976,8.9216,8.237,8.6356,4344851,4.8478,1786226250,2989500000,28.3145,
600592.SH,龙溪股份,2008-04-28,8.523,8.7483,8.4623,8.6789,1656323,1.8481,1795188750,3004500000,28.4566,
600592.SH,龙溪股份,2008-04-29,8.6746,8.8393,8.6139,8.7309,1426129,1.5912,1805943750,3022500000,28.6271,
600592.SH,龙溪股份,2008-04-30,8.7613,9.2206,8.7613,9.1599,2255012,2.5161,1894672500,3171000000,30.0336,
600592.SH,龙溪股份,2008-05-05,9.2119,9.3852,9.0342,9.3246,2407032,2.6857,1928730000,3228000000,30.5734,
600592.SH,龙溪股份,2008-05-06,9.3072,9.3982,9.1209,9.2076,2274203,2.5375,1904531250,3187500000,30.1898,
600592.SH,龙溪股份,2008-05-07,9.3116,9.7405,8.8826,8.8826,3698414,4.1265,1837312500,3075000000,29.1243,
600592.SH,龙溪股份,2008-05-08,8.8003,9.7709,8.7353,9.7709,3884500,4.3342,2021043750,3382500000,32.0367,
600592.SH,龙溪股份,2008-05-09,9.8792,10.1392,9.4372,10.0612,5664011,6.3197,2081092500,3483000000,32.9886,
600592.SH,龙溪股份,2008-05-12,9.8792,10.3255,9.6625,10.1868,4543392,5.0693,2107083750,3526500000,33.4006,
600592.SH,龙溪股份,2008-05-13,9.8792,10.0958,9.5975,9.7059,3884092,4.3337,2007600000,3360000000,31.8236,
600592.SH,龙溪股份,2008-05-14,9.7968,10.1175,9.7145,10.0308,2267668,2.5302,2074818750,3472500000,32.8892,
600592.SH,龙溪股份,2008-05-15,10.1435,10.4295,9.7925,9.8618,2714697,3.029,2039865000,3414000000,32.3351,
600592.SH,龙溪股份,2008-05-16,9.9658,10.2778,9.5109,9.9962,2786190,3.1087,2067648750,3460500000,32.7755,
600592.SH,龙溪股份,2008-05-19,10.0222,10.1132,9.7492,9.7968,3164931,3.5313,2026421250,3391500000,32.122,
600592.SH,龙溪股份,2008-05-20,9.8792,9.9052,8.9173,9.0126,3660935,4.0847,1864200000,3120000000,29.5505,
600592.SH,龙溪股份,2008-05-21,9.0386,9.6582,8.6659,9.5889,3419490,3.8153,1983401250,3319500000,31.44,
600592.SH,龙溪股份,2008-05-22,9.4459,9.5325,9.1426,9.2162,3194465,3.5643,1906323750,3190500000,30.2182,
600592.SH,龙溪股份,2008-05-23,9.1545,9.1545,8.4313,8.4578,3537622,1.9736,1719007500,2877000000,27.249,
600592.SH,龙溪股份,2008-05-26,8.1138,8.1667,7.8051,7.8933,3849054,2.1473,1604287500,2685000000,25.4305,
600592.SH,龙溪股份,2008-05-27,7.7787,8.0962,7.761,7.9551,1934406,1.0792,1616835000,2706000000,25.6294,
600592.SH,龙溪股份,2008-05-28,7.9815,8.2549,7.761,8.1226,2714565,1.5144,1650892500,2763000000,26.1693,
600592.SH,龙溪股份,2008-05-29,8.1138,8.1226,7.5494,7.567,3329333,1.8574,1537965000,2574000000,24.3792,
600592.SH,龙溪股份,2008-05-30,7.5053,7.7169,7.276,7.4788,3404312,1.8992,1520040000,2544000000,24.095,
600592.SH,龙溪股份,2008-06-02,7.5053,7.7346,7.47,7.6464,1880670,1.0492,1554097500,2601000000,24.6349,
600592.SH,龙溪股份,2008-06-03,7.6464,7.7434,7.3642,7.4965,1664072,0.9284,1523625000,2550000000,24.1519,
600592.SH,龙溪股份,2008-06-04,7.5406,7.5406,7.2054,7.3201,1736479,0.9687,1487775000,2490000000,23.5836,
600592.SH,龙溪股份,2008-06-05,7.3289,7.47,7.2495,7.3818,1294360,0.7221,1500322500,2511000000,23.7825,
600592.SH,龙溪股份,2008-06-06,7.3553,7.5494,7.3465,7.4171,1376939,0.7682,1507492500,2523000000,23.8961,
600592.SH,龙溪股份,2008-06-10,7.1878,7.2142,6.6763,6.6763,2154299,1.2018,1356922500,2271000000,21.5094,
600592.SH,龙溪股份,2008-06-11,6.6498,6.6498,6.103,6.2794,2273505,1.2683,1276260000,2136000000,20.2307,
600592.SH,龙溪股份,2008-06-12,6.2617,6.4205,6.1736,6.4205,1859738,1.0375,1304940000,2184000000,20.6854,
600592.SH,龙溪股份,2008-06-13,6.4205,6.4293,6.1559,6.1647,1308629,0.7301,1252957500,2097000000,19.8614,
600592.SH,龙溪股份,2008-06-16,6.2617,6.297,5.8649,6.0148,1401751,0.782,1222485000,2046000000,19.3783,
600592.SH,龙溪股份,2008-06-17,6.0413,6.1206,5.7326,5.7414,2092025,1.1671,1166917500,1953000000,18.4975,
600592.SH,龙溪股份,2008-06-18,5.7149,6.2706,5.6885,6.1824,3352087,1.8701,1256542500,2103000000,19.9182,
600592.SH,龙溪股份,2008-06-19,6.0854,6.2088,5.565,5.565,2496750,1.3929,1131067500,1893000000,17.9292,
600592.SH,龙溪股份,2008-06-20,5.6797,6.006,5.3093,5.812,2881848,1.6077,1181257500,1977000000,18.7248,
600592.SH,龙溪股份,2008-06-23,5.7238,5.9531,5.5209,5.759,851749,0.4752,1170502500,1959000000,18.5543,
600592.SH,龙溪股份,2008-06-24,5.759,6.0148,5.7149,5.9442,1419182,0.7917,1208145000,2022000000,19.151,
600592.SH,龙溪股份,2008-06-25,5.9442,6.4822,5.909,6.4029,2729238,1.5226,1301355000,2178000000,20.6285,
600592.SH,龙溪股份,2008-06-26,6.394,6.4646,6.1912,6.3323,2637527,1.4714,1287015000,2154000000,20.4012,
600592.SH,龙溪股份,2008-06-27,6.1295,6.2617,5.8208,6.0148,3401255,1.8975,1222485000,2046000000,19.3783,
600592.SH,龙溪股份,2008-06-30,6.0677,6.3676,5.9531,6.3235,2374682,1.3248,1285222500,2151000000,20.3728,
600592.SH,龙溪股份,2008-07-01,6.3235,6.4646,6.2176,6.4205,2423398,1.352,1304940000,2184000000,20.6854,
600592.SH,龙溪股份,2008-07-02,6.4205,6.5616,6.3058,6.4381,2138052,1.1928,1308525000,2190000000,20.7422,
600592.SH,龙溪股份,2008-07-03,6.3499,6.7821,6.2176,6.6586,3164113,1.7652,1353337500,2265000000,21.4525,
600592.SH,龙溪股份,2008-07-04,6.5616,6.7292,6.3411,6.4029,2278846,1.2713,1301355000,2178000000,20.6285,
600592.SH,龙溪股份,2008-07-07,6.4117,6.7468,6.3499,6.6763,2645984,1.4761,1356922500,2271000000,21.5094,
600592.SH,龙溪股份,2008-07-08,6.6851,6.7733,6.4558,6.6763,2220423,1.2387,1356922500,2271000000,21.5094,
600592.SH,龙溪股份,2008-07-09,6.6851,7.0731,6.6145,7.0378,3757795,2.0964,1430415000,2394000000,22.6743,
600592.SH,龙溪股份,2008-07-10,6.8967,7.1878,6.7468,6.7556,2882848,1.6083,1373055000,2298000000,21.7651,
600592.SH,龙溪股份,2008-07-11,6.7468,6.8791,6.5704,6.6851,1822239,1.0166,1358715000,2274000000,21.5378,
600592.SH,龙溪股份,2008-07-14,6.738,6.7468,6.5969,6.7115,1428285,0.7968,1364092500,2283000000,21.623,
600592.SH,龙溪股份,2008-07-15,6.7027,6.9497,6.5704,6.6322,2712507,1.5133,1347960000,2256000000,21.3673,
600592.SH,龙溪股份,2008-07-16,6.5263,6.7292,6.2,6.4029,2894190,1.6146,1301355000,2178000000,20.6285,
600592.SH,龙溪股份,2008-07-17,6.5175,6.6674,6.447,6.5528,3128575,1.7454,1331827500,2229000000,21.1116,
600592.SH,龙溪股份,2008-07-18,6.641,6.6851,6.2265,6.5616,3960527,2.2095,1333620000,2232000000,21.14,
600592.SH,龙溪股份,2008-07-21,6.5087,6.8085,6.3676,6.7821,3290529,1.8357,1378432500,2307000000,21.8503,
600592.SH,龙溪股份,2008-07-22,6.7909,7.0026,6.7027,6.8879,3544397,1.9773,1399942500,2343000000,22.1913,
600592.SH,龙溪股份,2008-07-23,6.9232,6.9497,6.5704,6.6057,3117274,1.7391,1342582500,2247000000,21.2821,
600592.SH,龙溪股份,2008-07-24,6.6586,6.7644,6.5351,6.7292,2085883,1.1637,1367677500,2289000000,21.6799,
600592.SH,龙溪股份,2008-07-25,6.6057,6.7468,6.5969,6.6322,1505278,0.8398,1347960000,2256000000,21.3673,
600592.SH,龙溪股份,2008-07-28,6.7115,6.8262,6.641,6.8174,1643150,0.9167,1385602500,2319000000,21.964,
600592.SH,龙溪股份,2008-07-29,6.7733,6.7733,6.6057,6.6586,1276489,0.7121,1353337500,2265000000,21.4525,
600592.SH,龙溪股份,2008-07-30,6.738,6.7468,6.5175,6.544,1310180,0.7309,1330035000,2226000000,21.0832,
600592.SH,龙溪股份,2008-07-31,6.5351,6.6145,6.1736,6.2176,1798400,1.0033,1263712500,2115000000,20.0318,
600592.SH,龙溪股份,2008-08-01,6.2529,6.3411,6.0677,6.2882,1079447,0.6022,1278052500,2139000000,20.2592,
600592.SH,龙溪股份,2008-08-04,6.2617,6.4381,6.1471,6.3499,1462954,0.8162,1290600000,2160000000,20.4581,
600592.SH,龙溪股份,2008-08-05,6.3499,6.4117,5.9619,6.0854,2074690,1.1574,1236825000,2070000000,18.7724,
600592.SH,龙溪股份,2008-08-06,6.1295,6.2529,5.9619,6.1206,663165,0.37,1243995000,2082000000,18.8812,
600592.SH,龙溪股份,2008-08-07,6.2265,6.2353,6.0854,6.2353,727310,0.4058,1267297500,2121000000,19.2349,
600592.SH,龙溪股份,2008-08-08,6.2176,6.2617,5.8031,5.8737,1189860,0.6638,1193805000,1998000000,18.1194,
600592.SH,龙溪股份,2008-08-11,5.9002,5.9002,5.3445,5.5209,1963635,1.0955,1122105000,1878000000,17.0312,
600592.SH,龙溪股份,2008-08-12,5.5209,5.6444,5.4504,5.5386,796784,0.4445,1125690000,1884000000,17.0856,
600592.SH,龙溪股份,2008-08-13,5.5121,5.6708,5.468,5.6444,1528701,0.8528,1147200000,1920000000,17.4121,
600592.SH,龙溪股份,2008-08-14,5.6444,5.7767,5.5474,5.759,915948,0.511,1170502500,1959000000,17.7658,
600592.SH,龙溪股份,2008-08-15,5.6179,5.909,5.6003,5.8561,1021272,0.5697,1190220000,1992000000,18.065,
600592.SH,龙溪股份,2008-08-18,5.8737,5.9178,5.3886,5.565,1052801,0.5873,1131067500,1893000000,17.1672,
600592.SH,龙溪股份,2008-08-19,5.5386,5.6179,5.4151,5.5297,847907,0.473,1123897500,1881000000,17.0584,
600592.SH,龙溪股份,2008-08-20,5.468,6.0236,5.4327,5.9619,1468542,0.8193,1211730000,2028000000,18.3915,
600592.SH,龙溪股份,2008-08-21,5.909,5.9531,5.7414,5.7943,1222213,0.6818,1177672500,1971000000,17.8746,
600592.SH,龙溪股份,2008-08-22,5.7326,5.812,5.3974,5.5386,712805,0.3977,1125690000,1884000000,17.0856,
600592.SH,龙溪股份,2008-08-25,5.6268,5.6268,5.4504,5.5562,616755,0.3441,1129275000,1890000000,17.14,
600592.SH,龙溪股份,2008-08-26,5.4504,5.5209,5.1593,5.3357,1286796,0.7179,1084462500,1815000000,16.4599,
600592.SH,龙溪股份,2008-08-27,5.2916,5.3798,4.8506,5.0006,1204258,0.6718,1016347500,1701000000,15.426,
600592.SH,龙溪股份,2008-08-28,4.9036,5.0359,4.9036,4.9477,443408,0.2474,1005592500,1683000000,15.2628,
600592.SH,龙溪股份,2008-08-29,4.9829,5.177,4.9565,5.0888,723621,0.4037,1034272500,1731000000,15.6981,
600592.SH,龙溪股份,2008-09-01,5.0711,5.0711,4.833,4.8771,417694,0.233,991252500,1659000000,15.0451,
600592.SH,龙溪股份,2008-09-02,4.8771,4.9388,4.8066,4.8947,599236,0.3343,994837500,1665000000,15.0995,
600592.SH,龙溪股份,2008-09-03,4.8506,4.9388,4.7713,4.8771,443757,0.2476,991252500,1659000000,15.0451,
600592.SH,龙溪股份,2008-09-04,4.833,5.0182,4.8154,4.9212,551793,0.3078,1000215000,1674000000,15.1812,
600592.SH,龙溪股份,2008-09-05,4.8506,4.8506,4.6566,4.6654,619727,0.3457,948232500,1587000000,14.3922,
600592.SH,龙溪股份,2008-09-08,4.6743,4.7625,4.3127,4.3303,1011040,0.564,880117500,1473000000,13.3583,
600592.SH,龙溪股份,2008-09-09,4.4097,4.4361,4.2598,4.3391,596173,0.3326,881910000,1476000000,13.3855,
600592.SH,龙溪股份,2008-09-10,4.3391,4.4538,4.1451,4.3391,618527,0.3451,881910000,1476000000,13.3855,
600592.SH,龙溪股份,2008-09-11,4.3391,4.4185,4.1451,4.1451,536983,0.2996,842475000,1410000000,12.787,
600592.SH,龙溪股份,2008-09-12,4.1451,4.2509,4.101,4.1539,380169,0.2121,844267500,1413000000,12.8142,
600592.SH,龙溪股份,2008-09-16,4.1892,4.1892,3.9864,4.0569,757341,0.4225,824550000,1380000000,12.5149,
600592.SH,龙溪股份,2008-09-17,4.0569,4.1186,3.9687,3.9864,493499,0.2753,810210000,1356000000,12.2973,
600592.SH,龙溪股份,2008-09-18,3.9864,4.0304,3.6512,3.8805,885602,0.4941,788700000,1320000000,11.9708,
600592.SH,龙溪股份,2008-09-19,4.2598,4.2686,4.1627,4.2686,1360337,0.7589,867570000,1452000000,13.1679,
600592.SH,龙溪股份,2008-09-22,4.5243,4.6919,4.3127,4.4538,3751974,2.0932,905212500,1515000000,13.7392,
600592.SH,龙溪股份,2008-09-23,4.2774,4.3038,4.0745,4.1186,1590099,0.8871,837097500,1401000000,12.7054,
600592.SH,龙溪股份,2008-09-24,4.0304,4.1275,3.9687,4.1186,1070853,0.5974,837097500,1401000000,12.7054,
600592.SH,龙溪股份,2008-09-25,4.2068,4.2686,4.1275,4.2157,1648719,0.9198,856815000,1434000000,13.0046,
600592.SH,龙溪股份,2008-09-26,4.2686,4.4538,4.1804,4.4185,2097977,1.1704,898042500,1503000000,13.6304,
600592.SH,龙溪股份,2008-10-06,4.3215,4.4714,4.1451,4.2421,1277067,0.7125,862192500,1443000000,13.0863,
600592.SH,龙溪股份,2008-10-07,4.101,4.3215,4.0657,4.2598,1072813,0.5985,865777500,1449000000,13.1407,
600592.SH,龙溪股份,2008-10-08,4.1804,4.2157,4.0834,4.1363,631298,0.3522,840682500,1407000000,12.7598,
600592.SH,龙溪股份,2008-10-09,4.2245,4.2509,4.0745,4.0745,431700,0.2408,828135000,1386000000,12.5693,
600592.SH,龙溪股份,2008-10-10,3.9599,3.9599,3.7482,3.8982,1431775,0.7988,792285000,1326000000,12.0252,
600592.SH,龙溪股份,2008-10-13,3.7923,4.101,3.66,4.0569,1250317,0.6975,824550000,1380000000,12.5149,
600592.SH,龙溪股份,2008-10-14,4.2333,4.2333,3.7923,3.8541,850730,0.4746,783322500,1311000000,11.8892,
600592.SH,龙溪股份,2008-10-15,3.8276,3.9246,3.757,3.8364,499601,0.2787,779737500,1305000000,11.8348,
600592.SH,龙溪股份,2008-10-16,3.6865,3.8276,3.6512,3.7923,928529,0.518,770775000,1290000000,11.6987,
600592.SH,龙溪股份,2008-10-17,3.7747,3.8452,3.7482,3.8452,467872,0.261,781530000,1308000000,11.862,
600592.SH,龙溪股份,2008-10-20,3.7923,4.0393,3.6865,3.9952,835118,0.4659,812002500,1359000000,12.3245,
600592.SH,龙溪股份,2008-10-21,4.0304,4.0393,3.8893,3.9423,446360,0.249,801247500,1341000000,12.1613,
600592.SH,龙溪股份,2008-10-22,3.8452,3.9158,3.7923,3.8452,367942,0.2053,781530000,1308000000,11.862,
600592.SH,龙溪股份,2008-10-23,3.7923,3.9334,3.7218,3.8541,719379,0.4013,783322500,1311000000,11.8892,
600592.SH,龙溪股份,2008-10-24,3.8452,3.9246,3.7482,3.8717,627372,0.35,786907500,1317000000,11.9436,
600592.SH,龙溪股份,2008-10-27,3.7923,3.7923,3.4836,3.4836,1524100,0.8503,708037500,1185000000,10.7465,
600592.SH,龙溪股份,2008-10-28,3.4395,3.563,3.3425,3.5013,1759890,0.9818,711622500,1191000000,10.4666,
600592.SH,龙溪股份,2008-10-29,3.5895,3.5895,3.1838,3.2455,1665059,0.9289,659640000,1104000000,9.7021,
600592.SH,龙溪股份,2008-10-30,3.3249,3.4307,3.2808,3.369,1077574,0.6012,684735000,1146000000,10.0712,
600592.SH,龙溪股份,2008-10-31,3.3514,3.4307,3.2632,3.3073,1504202,0.8392,672187500,1125000000,9.8866,
600592.SH,龙溪股份,2008-11-03,3.2632,3.3955,3.2014,3.272,1404416,0.7835,665017500,1113000000,9.7811,
600592.SH,龙溪股份,2008-11-04,3.272,3.2896,3.0956,3.1926,1245882,0.6951,648885000,1086000000,9.5439,
600592.SH,龙溪股份,2008-11-05,3.2632,3.5101,3.0074,3.4836,4639112,2.5881,708037500,1185000000,10.4139,
600592.SH,龙溪股份,2008-11-06,3.3337,3.563,3.3073,3.4836,2859485,1.5952,708037500,1185000000,10.4139,
600592.SH,龙溪股份,2008-11-07,3.3602,3.6953,3.3514,3.6865,2501256,1.3954,749265000,1254000000,11.0203,
600592.SH,龙溪股份,2008-11-10,3.7747,3.9864,3.6777,3.9158,3964403,2.2117,795870000,1332000000,11.7057,
600592.SH,龙溪股份,2008-11-11,3.907,3.9246,3.7394,3.7659,2681192,1.4958,765397500,1281000000,11.2575,
600592.SH,龙溪股份,2008-11-12,3.7041,4.0834,3.7041,4.0393,3923827,2.189,820965000,1374000000,12.0748,
600592.SH,龙溪股份,2008-11-13,3.9599,4.2598,3.9334,4.1363,5190309,2.8956,840682500,1407000000,12.3648,
600592.SH,龙溪股份,2008-11-14,4.1451,4.3568,4.1098,4.3391,5678437,3.1679,881910000,1476000000,12.9712,
600592.SH,龙溪股份,2008-11-17,4.3656,4.5332,4.2333,4.4714,4523075,2.5233,908797500,1521000000,13.3667,
600592.SH,龙溪股份,2008-11-18,4.4714,4.4979,4.0216,4.0216,4773694,2.6631,817380000,1368000000,12.0221,
600592.SH,龙溪股份,2008-11-19,3.9864,4.3479,3.9864,4.2862,3271359,1.825,871155000,1458000000,12.813,
600592.SH,龙溪股份,2008-11-20,4.1627,4.4802,4.0922,4.4626,4790618,2.6726,907005000,1518000000,13.3403,
600592.SH,龙溪股份,2008-11-21,4.3215,4.4979,4.1451,4.3391,4000781,2.232,881910000,1476000000,12.9712,
600592.SH,龙溪股份,2008-11-24,4.4185,4.4185,4.0657,4.0922,2142546,1.1953,831720000,1392000000,12.233,
600592.SH,龙溪股份,2008-11-25,4.1804,4.2157,3.9687,4.0922,2534141,1.4137,831720000,1392000000,12.233,
600592.SH,龙溪股份,2008-11-26,4.101,4.4979,4.0569,4.4273,4279395,2.3874,899835000,1506000000,13.2349,
600592.SH,龙溪股份,2008-11-27,4.7448,4.7448,4.4097,4.4273,6954036,3.8795,899835000,1506000000,13.2349,
600592.SH,龙溪股份,2008-11-28,4.4097,4.5772,4.3744,4.4538,3492238,1.9482,905212500,1515000000,13.314,
600592.SH,龙溪股份,2008-12-01,4.4538,4.7536,4.3038,4.7272,4971834,2.7737,960780000,1608000000,14.1312,
600592.SH,龙溪股份,2008-12-02,4.5949,4.8947,4.542,4.7801,5204471,2.9035,971535000,1626000000,14.2894,
600592.SH,龙溪股份,2008-12-03,4.7713,5.0711,4.7625,5.0535,6717826,3.7477,1027102500,1719000000,15.1067,
600592.SH,龙溪股份,2008-12-04,5.1152,5.2299,4.8418,4.9036,8569825,4.7809,996630000,1668000000,14.6585,
600592.SH,龙溪股份,2008-12-05,4.8154,4.9388,4.6743,4.8771,4990422,2.7841,991252500,1659000000,14.5794,
600592.SH,龙溪股份,2008-12-08,4.9036,5.0711,4.8683,5.0535,5467976,3.0505,1027102500,1719000000,15.1067,
600592.SH,龙溪股份,2008-12-09,5.1152,5.1152,4.7977,4.8066,4343794,2.4233,976912500,1635000000,14.3685,
600592.SH,龙溪股份,2008-12-10,4.833,4.9212,4.6919,4.8947,3150803,1.7578,994837500,1665000000,14.6322,
600592.SH,龙溪股份,2008-12-11,4.8771,4.9212,4.6743,4.6831,3289110,1.8349,951817500,1593000000,13.9994,
600592.SH,龙溪股份,2008-12-12,4.7095,4.7272,4.3391,4.392,3384847,1.8883,892665000,1494000000,13.1294,
600592.SH,龙溪股份,2008-12-15,4.392,4.542,4.3656,4.4802,2628755,1.4665,910590000,1524000000,13.393,
600592.SH,龙溪股份,2008-12-16,4.4273,4.542,4.3391,4.5332,1873146,1.045,921345000,1542000000,13.5512,
600592.SH,龙溪股份,2008-12-17,4.5155,4.7625,4.5155,4.7625,4200895,2.3436,967950000,1620000000,14.2367,
600592.SH,龙溪股份,2008-12-18,4.8506,4.8506,4.6037,4.7448,3086354,1.7218,964365000,1614000000,14.184,
600592.SH,龙溪股份,2008-12-19,4.8066,4.8595,4.7184,4.7713,2790035,1.5565,969742500,1623000000,14.2631,
600592.SH,龙溪股份,2008-12-22,4.7801,4.7801,4.5861,4.6654,2196809,1.2256,948232500,1587000000,13.9467,
600592.SH,龙溪股份,2008-12-23,4.6566,4.736,4.4009,4.4185,3386068,1.889,898042500,1503000000,13.2085,
600592.SH,龙溪股份,2008-12-24,4.392,4.4714,4.3215,4.445,2575674,1.4369,903420000,1512000000,13.2876,
600592.SH,龙溪股份,2008-12-25,4.445,4.4979,4.2774,4.4185,1799725,1.004,898042500,1503000000,13.2085,
600592.SH,龙溪股份,2008-12-26,4.4802,4.4802,4.295,4.3038,1059354,0.591,874740000,1464000000,12.8658,
600592.SH,龙溪股份,2008-12-29,4.3038,4.3568,4.1716,4.3391,1282350,0.7154,881910000,1476000000,12.9712,
600592.SH,龙溪股份,2008-12-30,4.3391,4.445,4.2598,4.4361,2612073,1.4572,901627500,1509000000,13.2612,
600592.SH,龙溪股份,2008-12-31,4.4538,4.4538,4.3656,4.3744,912099,0.5088,889080000,1488000000,13.0767,
600592.SH,龙溪股份,2009-01-05,4.4009,4.6125,4.4009,4.6037,1714899,0.9567,935685000,1566000000,13.7621,
600592.SH,龙溪股份,2009-01-06,4.5155,4.7536,4.5155,4.7095,2589849,1.4448,957195000,1602000000,14.0785,
600592.SH,龙溪股份,2009-01-07,4.7007,4.8859,4.6478,4.833,3579841,1.9971,982290000,1644000000,14.4476,
600592.SH,龙溪股份,2009-01-08,4.7448,5.0182,4.6831,4.8859,4339168,2.4207,993045000,1662000000,14.6058,
600592.SH,龙溪股份,2009-01-09,4.8947,4.9741,4.8506,4.93,2951685,1.6467,1002007500,1677000000,14.7376,
600592.SH,龙溪股份,2009-01-12,4.9388,5.0447,4.8859,4.9741,3403099,1.8985,1010970000,1692000000,14.8694,
600592.SH,龙溪股份,2009-01-13,4.93,4.93,4.7184,4.7272,1929559,1.0765,960780000,1608000000,14.1312,
600592.SH,龙溪股份,2009-01-14,4.6566,4.9829,4.6566,4.9741,1988513,1.1094,1010970000,1692000000,14.8694,
600592.SH,龙溪股份,2009-01-15,4.8771,5.08,4.8771,5.0447,4537307,2.5313,1025310000,1716000000,15.0804,
600592.SH,龙溪股份,2009-01-16,5.08,5.3181,5.08,5.124,5815786,3.2445,1041442500,1743000000,15.3176,
600592.SH,龙溪股份,2009-01-19,5.1593,5.2475,5.0447,5.1946,2653760,1.4805,1055782500,1767000000,15.5286,
600592.SH,龙溪股份,2009-01-20,5.2034,5.274,5.0711,5.1505,2274228,1.2687,1046820000,1752000000,15.3967,
600592.SH,龙溪股份,2009-01-21,5.0976,5.4151,5.027,5.3622,6259445,3.492,1089840000,1824000000,16.0295,
600592.SH,龙溪股份,2009-01-22,5.3798,5.4592,5.2828,5.4151,4096098,2.2851,1100595000,1842000000,16.1877,
600592.SH,龙溪股份,2009-01-23,5.4415,5.6091,5.3181,5.5474,4993541,2.7858,1127482500,1887000000,16.5831,
600592.SH,龙溪股份,2009-02-02,5.565,5.7767,5.4856,5.7679,4643415,2.5905,1172295000,1962000000,17.2422,
600592.SH,龙溪股份,2009-02-03,5.7502,5.8561,5.6708,5.7767,5694217,3.1767,1174087500,1965000000,17.2686,
600592.SH,龙溪股份,2009-02-04,5.7679,5.812,5.6532,5.7149,5377001,2.9997,1161540000,1944000000,17.084,
600592.SH,龙溪股份,2009-02-05,5.7238,5.8561,5.565,5.6268,5571422,3.1082,1143615000,1914000000,16.8204,
600592.SH,龙溪股份,2009-02-06,5.6091,5.909,5.6091,5.9002,4517173,2.52,1199182500,2007000000,17.6377,
600592.SH,龙溪股份,2009-02-09,5.9795,6.1295,5.909,6.0413,4817083,2.6874,1227862500,2055000000,18.0595,
600592.SH,龙溪股份,2009-02-10,5.9972,6.103,5.9002,6.0765,3740220,2.0866,1235032500,2067000000,18.165,
600592.SH,龙溪股份,2009-02-11,5.9354,6.2794,5.9002,6.103,5517911,3.0783,1240410000,2076000000,18.2441,
600592.SH,龙溪股份,2009-02-12,6.103,6.1559,5.8825,6.0677,4317516,2.4087,1233240000,2064000000,18.1386,
600592.SH,龙溪股份,2009-02-13,6.0854,6.3058,6.0854,6.2882,4163728,2.3229,1278052500,2139000000,18.7977,
600592.SH,龙溪股份,2009-02-16,6.394,6.5528,6.2,6.4822,5549993,2.6963,1512876960,2205000000,19.3777,
600592.SH,龙溪股份,2009-02-17,6.4381,6.4558,6.0677,6.1824,4955714,2.4076,1442893536,2103000000,18.4814,
600592.SH,龙溪股份,2009-02-18,5.9972,6.1383,5.7326,5.8649,3816631,1.8542,1368793440,1995000000,17.5322,
600592.SH,龙溪股份,2009-02-19,5.9972,6.0677,5.8737,5.9531,2415538,1.1735,1389376800,2025000000,18.2564,
600592.SH,龙溪股份,2009-02-20,5.9707,6.2265,5.8208,6.2176,4625380,2.2471,1451126880,2115000000,19.0678,
600592.SH,龙溪股份,2009-02-23,6.1736,6.5087,6.1559,6.4822,6223704,3.0237,1512876960,2205000000,19.8792,
600592.SH,龙溪股份,2009-02-24,6.447,6.5263,6.1736,6.2,6893979,3.3493,1447010208,2109000000,19.0137,
600592.SH,龙溪股份,2009-02-25,6.2441,6.3323,5.909,6.0765,5322660,2.5859,1418193504,2067000000,18.6351,
600592.SH,龙溪股份,2009-02-26,6.0854,6.2088,5.468,5.4768,4457982,2.1658,1278226656,1863000000,16.7959,
600592.SH,龙溪股份,2009-02-27,5.468,5.468,5.1152,5.2122,3493754,1.6974,1216476576,1773000000,15.9845,
600592.SH,龙溪股份,2009-03-02,5.1152,5.2916,5.1152,5.2475,3500831,1.7008,1224709920,1785000000,16.0927,
600592.SH,龙溪股份,2009-03-03,5.1152,5.3445,4.9918,5.2299,2460324,1.1953,1220593248,1779000000,16.0386,
600592.SH,龙溪股份,2009-03-04,5.2211,5.5474,5.1946,5.5297,4073593,1.9791,1290576672,1881000000,16.9582,
600592.SH,龙溪股份,2009-03-05,5.6091,5.6797,5.4592,5.6356,12076564,5.8671,1315276704,1917000000,17.2827,
600592.SH,龙溪股份,2009-03-06,5.5121,5.8913,5.4856,5.8737,10439337,5.0717,1370851776,1998000000,18.013,
600592.SH,龙溪股份,2009-03-09,5.9266,5.9442,5.5209,5.5297,5932282,2.8821,1290576672,1881000000,16.9582,
600592.SH,龙溪股份,2009-03-10,5.4063,5.7943,5.3622,5.7767,3995964,1.9414,1348210080,1965000000,17.7155,
600592.SH,龙溪股份,2009-03-11,5.8825,5.9178,5.5738,5.6091,4101073,1.9924,1309101696,1908000000,17.2016,
600592.SH,龙溪股份,2009-03-12,5.6003,5.6797,5.3886,5.6268,2636695,1.281,1313218368,1914000000,17.2557,
600592.SH,龙溪股份,2009-03-13,5.6444,5.6885,5.4504,5.4592,2925211,1.4212,1274109984,1857000000,16.7418,
600592.SH,龙溪股份,2009-03-16,5.4327,5.5562,5.3798,5.5386,1666574,0.8097,1292635008,1884000000,16.9852,
600592.SH,龙溪股份,2009-03-17,5.5386,5.759,5.5033,5.7238,3942610,1.9154,1335860064,1947000000,17.5532,
600592.SH,龙溪股份,2009-03-18,5.7502,5.9972,5.7326,5.8737,6821759,3.3142,1370851776,1998000000,18.013,
600592.SH,龙溪股份,2009-03-19,5.8825,6.1559,5.8384,6.0942,6840477,3.3233,1422310176,2073000000,18.6891,
600592.SH,龙溪股份,2009-03-20,6.103,6.103,5.8913,6.0324,5494550,2.6694,1407901824,2052000000,18.4998,
600592.SH,龙溪股份,2009-03-23,6.0765,6.2,5.9619,6.1295,5542864,2.6929,1430543520,2085000000,18.7973,
600592.SH,龙溪股份,2009-03-24,6.1824,6.2176,6.0501,6.0765,4211202,2.0459,1418193504,2067000000,18.6351,
600592.SH,龙溪股份,2009-03-25,6.0413,6.0854,5.8296,5.8561,4121648,2.0024,1366735104,1992000000,17.9589,
600592.SH,龙溪股份,2009-03-26,5.8472,6.0236,5.7943,5.9972,3867610,1.879,1399668480,2040000000,18.3916,
600592.SH,龙溪股份,2009-03-27,6.0501,6.0854,5.9707,6.0677,4860684,2.3615,1416135168,2064000000,18.608,
600592.SH,龙溪股份,2009-03-30,6.0236,6.2265,6.0236,6.1736,5699477,2.769,1440835200,2100000000,18.9326,
600592.SH,龙溪股份,2009-03-31,6.0236,6.1383,5.9707,6.1295,4156046,2.0191,1430543520,2085000000,18.7973,
600592.SH,龙溪股份,2009-04-01,6.1647,6.297,6.1647,6.2529,6657118,3.2342,1459360224,2127000000,19.176,
600592.SH,龙溪股份,2009-04-02,6.2882,6.3323,6.1912,6.2,5368243,2.608,1447010208,2109000000,19.0137,
600592.SH,龙溪股份,2009-04-03,6.2265,6.2617,6.0413,6.0854,5315287,2.5823,1420251840,2070000000,18.6621,
600592.SH,龙溪股份,2009-04-07,6.0677,6.4381,6.0677,6.4293,8262433,4.0141,1500526944,2187000000,19.7169,
600592.SH,龙溪股份,2009-04-08,6.3588,6.6498,6.2706,6.5969,20479618,9.9496,1539635328,2244000000,20.2308,
600592.SH,龙溪股份,2009-04-09,6.6145,7.0996,6.447,7.0908,30884583,15.0046,1654902144,2412000000,21.7454,
600592.SH,龙溪股份,2009-04-10,7.0908,7.4083,6.8791,7.1349,32667321,15.8707,1665193824,2427000000,22.0515,
600592.SH,龙溪股份,2009-04-13,7.1613,7.3994,6.9849,7.1437,22231745,10.8008,1667252160,2430000000,22.0788,
600592.SH,龙溪股份,2009-04-14,7.1349,7.1613,6.9585,7.0996,12726035,6.1827,1656960480,2415000000,21.9425,
600592.SH,龙溪股份,2009-04-15,7.0467,7.0467,6.8174,7.0026,11354611,5.5164,1634318784,2382000000,21.6426,
600592.SH,龙溪股份,2009-04-16,7.0026,7.3201,6.9497,7.0996,12072245,5.8651,1656960480,2415000000,21.9425,
600592.SH,龙溪股份,2009-04-17,7.0996,7.1613,6.8438,6.8526,7773788,3.7767,1599327072,2331000000,21.1793,
600592.SH,龙溪股份,2009-04-20,6.8526,7.1437,6.8526,7.1349,7756753,3.7685,1665193824,2427000000,22.0515,
600592.SH,龙溪股份,2009-04-21,7.0026,7.2583,6.932,7.0908,8240059,4.0033,1654902144,2412000000,21.9152,
600592.SH,龙溪股份,2009-04-22,7.0996,7.7258,7.0996,7.3289,22856383,11.1043,1710477216,2493000000,22.6512,
600592.SH,龙溪股份,2009-04-23,7.2407,7.664,6.9673,7.5582,16093548,7.8187,1763993952,2571000000,23.3599,
600592.SH,龙溪股份,2009-04-24,7.5582,7.9551,7.4965,7.6464,22502669,10.9325,1784577312,2601000000,23.6325,
600592.SH,龙溪股份,2009-04-27,7.567,8.3431,7.1878,8.2373,26948145,13.0922,1922485824,2802000000,29.2913,
600592.SH,龙溪股份,2009-04-28,8.008,8.6606,7.8669,8.2814,22033278,10.7044,1932777504,2817000000,29.4481,
600592.SH,龙溪股份,2009-04-29,8.3343,8.8017,8.0697,8.6253,21167653,10.2839,2013052608,2934000000,30.6712,
600592.SH,龙溪股份,2009-04-30,8.6253,8.6253,8.6253,8.6253,--,--,2013052608,2934000000,30.6712,
600592.SH,龙溪股份,2009-05-04,8.6342,9.225,8.6342,8.8899,14383647,6.988,2074802688,3024000000,31.612,
600592.SH,龙溪股份,2009-05-05,9.1545,9.4191,8.7753,9.181,23874156,11.5988,2142727776,3123000000,32.6469,
600592.SH,龙溪股份,2009-05-06,8.9781,9.1545,8.837,9.0134,18998087,9.2298,2103619392,3066000000,32.0511,
600592.SH,龙溪股份,2009-05-07,9.0134,9.913,8.8458,9.913,31275917,15.1948,2313569664,3372000000,35.2499,
600592.SH,龙溪股份,2009-05-08,9.913,9.913,9.913,9.913,--,--,2313569664,3372000000,35.2499,
600592.SH,龙溪股份,2009-05-11,9.913,9.913,9.913,9.913,--,--,2313569664,3372000000,35.2499,
600592.SH,龙溪股份,2009-05-12,9.913,9.913,9.913,9.913,--,--,2313569664,3372000000,35.2499,
600592.SH,龙溪股份,2009-05-13,9.913,9.913,9.913,9.913,--,--,2313569664,3372000000,35.2499,
600592.SH,龙溪股份,2009-05-14,9.913,9.913,9.913,9.913,--,--,2313569664,3372000000,35.2499,
600592.SH,龙溪股份,2009-05-15,10.4068,10.7596,9.7013,9.9306,24152055,11.7338,2317686336,3378000000,35.3126,
600592.SH,龙溪股份,2009-05-18,9.7013,10.0364,9.4455,9.9306,9811424,4.7667,2317686336,3378000000,35.3126,
600592.SH,龙溪股份,2009-05-19,9.9306,10.9272,9.9218,10.9272,19026592,9.2437,2550278304,3717000000,38.8564,
600592.SH,龙溪股份,2009-05-20,10.8831,11.3417,10.495,10.5744,20385548,9.9039,2467944864,3597000000,37.602,
600592.SH,龙溪股份,2009-05-21,10.3186,10.7508,10.0629,10.3804,10759955,5.2275,2422661472,3531000000,36.912,
600592.SH,龙溪股份,2009-05-22,10.3275,10.3627,9.5955,9.8953,9884422,4.8021,2309452992,3366000000,35.1872,
600592.SH,龙溪股份,2009-05-25,9.6484,9.9659,9.3044,9.7278,12778419,6.2081,2270344608,3309000000,34.5913,
600592.SH,龙溪股份,2009-05-26,9.6396,10.5215,9.6396,10.0893,14918548,7.2479,2354736384,3432000000,35.8771,
600592.SH,龙溪股份,2009-05-27,10.1599,10.2128,9.7101,10.0276,9170272,4.4552,2340328032,3411000000,35.6576,
600592.SH,龙溪股份,2009-06-01,10.01,10.0982,9.8777,10.0012,6606643,3.2097,2334153024,3402000000,35.5635,
600592.SH,龙溪股份,2009-06-02,10.0629,10.1864,9.7895,10.0188,8533227,4.1457,2338269696,3408000000,35.6262,
600592.SH,龙溪股份,2009-06-03,10.0276,10.548,9.9306,10.3451,13725998,6.6685,2414428128,3519000000,36.7866,
600592.SH,龙溪股份,2009-06-04,10.3451,10.3451,10.3451,10.3451,--,--,2414428128,3519000000,36.7866,
600592.SH,龙溪股份,2009-06-05,9.3132,9.3132,9.3132,9.3132,7065300,3.4325,2173602816,3168000000,33.1173,
600592.SH,龙溪股份,2009-06-08,8.4313,9.0487,8.4313,8.643,35163472,17.0834,2017169280,2940000000,30.7339,
600592.SH,龙溪股份,2009-06-09,8.4578,8.6606,8.3519,8.5812,16129075,7.836,2002760928,2919000000,30.5144,
600592.SH,龙溪股份,2009-06-10,8.5724,8.6077,8.3872,8.5195,12779514,6.2087,1988352576,2898000000,30.2948,
600592.SH,龙溪股份,2009-06-11,8.5107,8.546,8.3343,8.4048,12893201,6.2639,1961594208,2859000000,29.8872,
600592.SH,龙溪股份,2009-06-12,8.4137,8.546,8.1844,8.2549,15122400,7.3469,1926602496,2808000000,29.354,
600592.SH,龙溪股份,2009-06-15,8.2902,8.3784,8.1932,8.3608,6934622,3.369,1951302528,2844000000,29.7303,
600592.SH,龙溪股份,2009-06-16,8.3167,8.546,8.2461,8.5371,8851706,4.3004,1992469248,2904000000,30.3576,
600592.SH,龙溪股份,2009-06-17,8.5548,8.5812,8.3784,8.546,7915587,3.8456,1994527584,2907000000,30.3889,
600592.SH,龙溪股份,2009-06-18,8.5371,8.546,8.396,8.4313,7964787,3.8695,1967769216,2868000000,29.9812,
600592.SH,龙溪股份,2009-06-19,8.4401,8.5901,8.396,8.5195,8867843,4.3083,1988352576,2898000000,30.2948,
600592.SH,龙溪股份,2009-06-22,8.5551,8.573,8.2522,8.3056,7111792,3.4551,1918369152,2796000000,29.2286,
600592.SH,龙溪股份,2009-06-23,8.1185,8.2522,8.0383,8.163,7157883,3.4775,1885435776,2748000000,28.7268,
600592.SH,龙溪股份,2009-06-24,8.1185,8.2343,8.0561,8.1898,5225755,2.5388,1891610784,2757000000,28.8209,
600592.SH,龙溪股份,2009-06-25,8.2076,8.3145,8.163,8.27,5259528,2.5552,1910135808,2784000000,29.1031,
600592.SH,龙溪股份,2009-06-26,8.3234,8.3413,8.1541,8.2165,5321735,2.5855,1897785792,2766000000,28.915,
600592.SH,龙溪股份,2009-06-29,8.2165,8.2522,8.1274,8.1809,7286200,3.5398,1889552448,2754000000,28.7895,
600592.SH,龙溪股份,2009-06-30,8.1541,8.1809,8.0026,8.0739,8624288,4.1899,1864852416,2718000000,28.4132,
600592.SH,龙溪股份,2009-07-01,8.065,8.2432,8.0472,8.1541,8321274,4.0427,1883377440,2745000000,28.6954,
600592.SH,龙溪股份,2009-07-02,8.1898,8.1898,8.0026,8.0917,9824611,4.7731,1868969088,2724000000,28.4759,
600592.SH,龙溪股份,2009-07-03,8.0205,8.1452,7.9135,8.0739,12960653,6.2967,1864852416,2718000000,28.4132,
600592.SH,龙溪股份,2009-07-06,8.0294,8.1452,7.967,8.1185,9952371,4.8352,1875144096,2733000000,28.57,
600592.SH,龙溪股份,2009-07-07,8.1096,8.2076,8.0294,8.1096,8818123,4.2841,1873085760,2730000000,28.5386,
600592.SH,龙溪股份,2009-07-08,8.065,8.3234,8.0383,8.3056,12145216,5.9005,1918369152,2796000000,29.2286,
600592.SH,龙溪股份,2009-07-09,8.2878,8.466,8.2432,8.466,13967244,6.7857,1955419200,2850000000,29.7931,
600592.SH,龙溪股份,2009-07-10,8.5106,8.6086,8.3413,8.368,14130891,6.8652,1932777504,2817000000,29.4481,
600592.SH,龙溪股份,2009-07-13,8.368,8.573,8.368,8.5551,12545890,6.0952,1976002560,2880000000,30.1067,
600592.SH,龙溪股份,2009-07-14,8.6086,8.6443,8.4839,8.573,10582606,5.1413,1980119232,2886000000,30.1694,
600592.SH,龙溪股份,2009-07-15,8.5908,9.0898,8.5106,9.0364,25073348,12.1814,2087152704,3042000000,31.8002,
600592.SH,龙溪股份,2009-07-16,8.9918,9.0275,8.8225,8.8403,15008720,7.2917,2041869312,2976000000,31.1102,
600592.SH,龙溪股份,2009-07-17,8.8403,8.9562,8.7423,8.7869,10164992,4.9385,2029519296,2958000000,30.9221,
600592.SH,龙溪股份,2009-07-20,8.8047,8.8849,8.769,8.8671,10495796,5.0992,2048044320,2985000000,31.2043,
600592.SH,龙溪股份,2009-07-21,8.8671,8.974,8.5373,8.5641,12155918,5.9057,1978060896,2883000000,30.138,
600592.SH,龙溪股份,2009-07-22,8.5017,8.9027,8.466,8.8938,12291913,5.9718,2054219328,2994000000,31.2984,
600592.SH,龙溪股份,2009-07-23,8.9205,9.3126,8.9205,9.2146,23715506,11.5217,2128319424,3102000000,32.4274,
600592.SH,龙溪股份,2009-07-24,9.2592,9.4018,8.7423,9.3037,21193802,10.2966,2148902784,3132000000,32.741,
600592.SH,龙溪股份,2009-07-27,9.4107,9.6067,9.2146,9.5176,21733159,10.5586,2198302848,3204000000,33.4937,
600592.SH,龙溪股份,2009-07-28,9.4909,9.6245,9.2859,9.5622,13106021,6.3673,2208594528,3219000000,33.6505,
600592.SH,龙溪股份,2009-07-29,9.6424,9.8295,8.6264,9.0275,29197177,14.1848,2085094368,3039000000,31.7688,
600592.SH,龙溪股份,2009-07-30,9.0542,9.2057,8.6354,8.8938,16087970,7.816,2054219328,2994000000,31.2984,
600592.SH,龙溪股份,2009-07-31,8.9116,9.0542,8.769,9.0275,10588666,5.1443,2085094368,3039000000,31.7688,
600592.SH,龙溪股份,2009-08-03,9.0453,9.1344,8.8671,9.1255,10923776,5.3071,2107736064,3072000000,32.1138,
600592.SH,龙溪股份,2009-08-04,9.0988,9.0988,8.8581,8.9829,9996041,4.8564,2074802688,3024000000,31.612,
600592.SH,龙溪股份,2009-08-05,9.0007,9.5711,8.9918,9.4285,18140211,8.813,2177719488,3174000000,33.1801,
600592.SH,龙溪股份,2009-08-06,9.4107,9.4107,9.0542,9.0809,8931239,4.3391,2097444384,3057000000,31.957,
600592.SH,龙溪股份,2009-08-07,9.0898,9.179,8.573,8.6443,8694425,4.224,1996585920,2910000000,30.4203,
600592.SH,龙溪股份,2009-08-10,8.6443,8.7869,8.4482,8.5462,6253053,3.0379,1973944224,2877000000,30.0753,
600592.SH,龙溪股份,2009-08-11,8.6264,8.6354,8.4839,8.6086,3123137,1.5173,1988352576,2898000000,30.2948,
600592.SH,龙溪股份,2009-08-12,8.5551,8.5997,7.9492,7.9848,6143411,2.9846,1844269056,2688000000,28.0996,
600592.SH,龙溪股份,2009-08-13,8.0026,8.0917,7.8957,8.0472,3937669,1.913,1858677408,2709000000,28.3191,
600592.SH,龙溪股份,2009-08-14,8.0472,8.0828,7.4768,7.4858,5301019,2.5754,1729002240,2520000000,26.3433,
600592.SH,龙溪股份,2009-08-17,7.3966,7.3966,6.7728,6.8263,5458440,2.6519,1576685376,2298000000,24.0226,
600592.SH,龙溪股份,2009-08-18,6.7461,6.9956,6.7372,6.9689,3364062,1.6344,1609618752,2346000000,24.5244,
600592.SH,龙溪股份,2009-08-19,7.0224,7.0402,6.4253,6.5233,3674856,1.7854,1506701952,2196000000,22.9563,
600592.SH,龙溪股份,2009-08-20,6.5322,6.8174,6.5322,6.755,3418706,1.6609,1560218688,2274000000,23.7717,
600592.SH,龙溪股份,2009-08-21,6.7906,6.9956,6.7015,6.9689,4420334,2.1475,1609618752,2346000000,24.5244,
600592.SH,龙溪股份,2009-08-24,6.96,7.1471,6.755,7.0936,5889149,2.8611,1638435456,2388000000,28.3122,
600592.SH,龙溪股份,2009-08-25,7.0669,7.0758,6.6837,6.8174,4928104,2.3942,1574627040,2295000000,27.2096,
600592.SH,龙溪股份,2009-08-26,6.8263,7.3699,6.8174,7.2986,7201151,3.4985,1685777184,2457000000,29.1303,
600592.SH,龙溪股份,2009-08-27,7.263,7.4323,7.1471,7.3343,6797084,3.3022,1694010528,2469000000,29.2726,
600592.SH,龙溪股份,2009-08-28,7.2897,7.2897,7.0045,7.0134,4152671,2.0175,1619910432,2361000000,27.9921,
600592.SH,龙溪股份,2009-08-31,6.9511,6.9511,6.3985,6.4074,3552830,1.7261,1479943584,2157000000,25.5735,
600592.SH,龙溪股份,2009-09-01,6.3272,6.6837,6.3183,6.5768,3732533,1.8134,1519051968,2214000000,26.2493,
600592.SH,龙溪股份,2009-09-02,6.5589,6.6481,6.4253,6.6124,2111769,1.026,1527285312,2226000000,26.3916,
600592.SH,龙溪股份,2009-09-03,6.7015,6.9778,6.6481,6.9421,5237853,2.5447,1603443744,2337000000,27.7076,
600592.SH,龙溪股份,2009-09-04,6.8174,7.2095,6.7906,7.0758,6983491,3.3928,1634318784,2382000000,28.2411,
600592.SH,龙溪股份,2009-09-07,7.1026,7.1828,7.0134,7.1026,5601786,2.7215,1640493792,2391000000,28.3478,
600592.SH,龙溪股份,2009-09-08,7.0402,7.2184,7.0045,7.1649,4834385,2.3487,1654902144,2412000000,28.5968,
600592.SH,龙溪股份,2009-09-09,7.1204,7.2986,6.96,7.2808,6293732,3.0577,1681660512,2451000000,29.0592,
600592.SH,龙溪股份,2009-09-10,7.1828,7.2986,7.058,7.0669,4503192,2.1878,1632260448,2379000000,28.2055,
600592.SH,龙溪股份,2009-09-11,7.0224,7.1738,7.0224,7.1115,3892139,1.8909,1642552128,2394000000,28.3834,
600592.SH,龙溪股份,2009-09-14,7.1828,7.5749,7.1471,7.4947,8321888,4.043,1731060576,2523000000,29.9128,
600592.SH,龙溪股份,2009-09-15,7.5392,7.6105,7.3699,7.566,9295044,4.5158,1747527264,2547000000,30.1973,
600592.SH,龙溪股份,2009-09-16,7.6462,7.8422,7.5927,7.6818,14533674,7.0609,1774285632,2586000000,30.6597,
600592.SH,龙溪股份,2009-09-17,7.8066,7.8244,7.5838,7.7709,8969288,4.3575,1794868992,2616000000,31.0154,
600592.SH,龙溪股份,2009-09-18,7.7531,7.7709,7.3075,7.4234,7122091,3.4601,1714593888,2499000000,29.6283,
600592.SH,龙溪股份,2009-09-21,7.2986,7.5392,7.1738,7.459,4180243,2.0309,1722827232,2511000000,29.7705,
600592.SH,龙溪股份,2009-09-22,7.459,7.5125,7.263,7.2719,3225751,1.5672,1679602176,2448000000,29.0236,
600592.SH,龙溪股份,2009-09-23,7.2362,7.3075,7.0224,7.0224,3880068,1.8851,1621968768,2364000000,28.0277,
600592.SH,龙溪股份,2009-09-24,6.96,7.0402,6.755,6.8798,2796093,1.3584,1589035392,2316000000,27.4586,
600592.SH,龙溪股份,2009-09-25,6.9065,7.0045,6.7728,6.8085,2645800,1.2854,1572568704,2292000000,27.1741,
600592.SH,龙溪股份,2009-09-28,6.8085,6.9689,6.5946,6.6124,1993615,0.9686,1527285312,2226000000,26.3916,
600592.SH,龙溪股份,2009-09-29,6.6392,6.7283,6.3985,6.5411,2272387,1.104,1510818624,2202000000,26.107,
600592.SH,龙溪股份,2009-09-30,6.7906,7.1917,6.7817,7.1917,15400852,7.4822,1661077152,2421000000,28.7035,
600592.SH,龙溪股份,2009-10-09,7.1828,7.5749,7.1382,7.4323,16081959,7.8131,1716652224,2502000000,29.6638,
600592.SH,龙溪股份,2009-10-12,7.361,7.7085,7.2719,7.6729,11697405,5.6829,1772227296,2583000000,30.6242,
600592.SH,龙溪股份,2009-10-13,7.566,7.6283,7.3253,7.5303,8110807,3.9405,1739293920,2535000000,30.0551,
600592.SH,龙溪股份,2009-10-14,7.5303,7.7175,7.4412,7.5392,8877128,4.3128,1741352256,2538000000,30.0906,
600592.SH,龙溪股份,2009-10-15,7.566,7.6016,7.3164,7.4145,6378405,3.0988,1712535552,2496000000,29.5927,
600592.SH,龙溪股份,2009-10-16,7.4145,7.4947,7.3075,7.4501,4820411,2.3419,1720768896,2508000000,29.735,
600592.SH,龙溪股份,2009-10-19,7.4323,7.6462,7.3521,7.5927,7238419,3.5166,1753702272,2556000000,30.3041,
600592.SH,龙溪股份,2009-10-20,7.6016,7.9402,7.5303,7.9224,13984858,6.7943,1829860704,2667000000,31.6201,
600592.SH,龙溪股份,2009-10-21,7.8333,7.9313,7.7264,7.7442,7709257,3.7454,1788693984,2607000000,30.9087,
600592.SH,龙溪股份,2009-10-22,7.6729,7.7442,7.4947,7.5927,6179564,3.0022,1753702272,2556000000,30.3041,
600592.SH,龙溪股份,2009-10-23,7.5927,7.7977,7.5838,7.664,6681297,3.246,1770168960,2580000000,30.5886,
600592.SH,龙溪股份,2009-10-26,7.6729,7.9224,7.6283,7.9135,9521196,4.6257,1827802368,2664000000,31.5845,
600592.SH,龙溪股份,2009-10-27,7.9135,7.9135,7.459,7.4768,7679891,3.7311,1726943904,2517000000,29.8417,
600592.SH,龙溪股份,2009-10-28,7.5392,8.2254,7.4947,8.2254,25156909,12.222,1899844128,2769000000,38.1061,
600592.SH,龙溪股份,2009-10-29,8.2254,8.2254,7.8957,7.9492,14890188,7.2341,1836035712,2676000000,36.8263,
600592.SH,龙溪股份,2009-10-30,8.0205,8.2076,7.8244,7.9313,11234187,5.4579,1831919040,2670000000,36.7437,
600592.SH,龙溪股份,2009-11-02,7.7531,8.2076,7.5749,8.1809,10521084,5.1115,1889552448,2754000000,37.8997,
600592.SH,龙溪股份,2009-11-03,8.2254,8.4839,8.1096,8.4393,12508667,6.0771,1949244192,2841000000,39.097,
600592.SH,龙溪股份,2009-11-04,8.4571,8.8136,8.3324,8.6443,16081755,7.813,1996585920,2910000000,40.0465,
600592.SH,龙溪股份,2009-11-05,8.6086,8.671,8.4304,8.5908,7723222,3.7522,1984235904,2892000000,39.7988,
600592.SH,龙溪股份,2009-11-06,8.6443,8.6621,8.5017,8.5462,8159804,3.9643,1973944224,2877000000,39.5924,
600592.SH,龙溪股份,2009-11-09,8.5195,8.5195,8.2789,8.5106,7892725,3.8345,1965710880,2865000000,39.4273,
600592.SH,龙溪股份,2009-11-10,8.5284,8.5997,8.368,8.4839,9022945,4.3836,1959535872,2856000000,39.3034,
600592.SH,龙溪股份,2009-11-11,8.4839,8.7066,8.466,8.573,7835690,3.8068,1980119232,2886000000,39.7163,
600592.SH,龙溪股份,2009-11-12,8.6175,8.9027,8.5551,8.7601,10516930,5.1094,2023344288,2949000000,40.5832,
600592.SH,龙溪股份,2009-11-13,8.6888,8.8136,8.4037,8.6443,8813360,4.2818,1996585920,2910000000,40.0465,
600592.SH,龙溪股份,2009-11-16,8.6354,8.8938,8.6354,8.8492,11546537,5.6096,2043927648,2979000000,40.9961,
600592.SH,龙溪股份,2009-11-17,8.8581,8.8671,8.6264,8.7869,8952667,4.3495,2029519296,2958000000,40.7071,
600592.SH,龙溪股份,2009-11-18,8.7779,8.8047,8.5641,8.6086,7225855,3.5105,1988352576,2898000000,39.8814,
600592.SH,龙溪股份,2009-11-19,8.6264,8.8047,8.5819,8.7601,7926258,3.8508,2023344288,2949000000,40.5832,
600592.SH,龙溪股份,2009-11-20,8.6977,8.9027,8.5997,8.8938,12030751,5.8449,2054219328,2994000000,41.2025,
600592.SH,龙溪股份,2009-11-23,8.8671,9.2413,8.8671,9.1879,14230671,6.9137,2122144416,3093000000,42.5649,
600592.SH,龙溪股份,2009-11-24,9.2057,9.2235,8.3324,8.4215,13791977,6.7005,1945127520,2835000000,39.0144,
600592.SH,龙溪股份,2009-11-25,8.3947,8.7869,8.3947,8.6888,8623200,4.1894,2006877600,2925000000,40.253,
600592.SH,龙溪股份,2009-11-26,8.6977,8.8671,8.2165,8.3769,10351098,5.0289,1934835840,2820000000,38.808,
600592.SH,龙溪股份,2009-11-27,8.27,8.5908,8.1541,8.3591,7446005,3.6175,1930719168,2814000000,38.7254,
600592.SH,龙溪股份,2009-11-30,8.3324,8.7779,8.3324,8.7423,7057835,3.4289,2019227616,2943000000,40.5007,
600592.SH,龙溪股份,2009-12-01,8.7334,9.0809,8.7334,9.0453,10522037,5.1119,2089211040,3045000000,41.9044,
600592.SH,龙溪股份,2009-12-02,9.0809,9.1344,8.8671,8.9829,8009841,3.8914,2074802688,3024000000,41.6154,
600592.SH,龙溪股份,2009-12-03,9.0007,9.179,8.9205,9.1611,9389069,4.5615,2115969408,3084000000,42.4411,
600592.SH,龙溪股份,2009-12-04,9.1611,9.1611,8.5373,8.7869,9558555,4.6438,2029519296,2958000000,40.7071,
600592.SH,龙溪股份,2009-12-07,8.7512,8.8849,8.6621,8.8671,4346606,2.1117,2048044320,2985000000,41.0787,
600592.SH,龙溪股份,2009-12-08,8.8581,8.8671,8.6264,8.7156,3484524,1.6929,2013052608,2934000000,40.3768,
600592.SH,龙溪股份,2009-12-09,8.671,8.8849,8.5641,8.7245,4769294,2.3171,2015110944,2937000000,40.4181,
600592.SH,龙溪股份,2009-12-10,8.6621,9.1255,8.6621,9.0988,12468200,6.0574,2101561056,3063000000,42.1521,
600592.SH,龙溪股份,2009-12-11,9.0364,9.5889,9.0364,9.2592,15958531,7.7531,2138611104,3117000000,42.8952,
600592.SH,龙溪股份,2009-12-14,9.1968,10.186,9.0453,10.186,26125016,12.6923,2352678048,3429000000,47.1889,
600592.SH,龙溪股份,2009-12-15,10.0701,10.4088,9.7582,9.9899,19101007,9.2798,2307394656,3363000000,46.2806,
600592.SH,龙溪股份,2009-12-16,9.9097,10.2305,9.8562,9.9454,11672269,5.6707,2297102976,3348000000,46.0742,
600592.SH,龙溪股份,2009-12-17,10.0523,10.1236,9.179,9.3572,13914940,6.7603,2161252800,3150000000,43.3493,
600592.SH,龙溪股份,2009-12-18,9.179,9.179,8.5641,8.6621,8792753,4.2718,2000702592,2916000000,40.1291,
600592.SH,龙溪股份,2009-12-21,8.6621,9.1344,8.573,8.9829,9692013,4.7087,2074802688,3024000000,41.6154,
600592.SH,龙溪股份,2009-12-22,8.9562,8.9918,8.573,8.5997,6140397,2.9832,1986294240,2895000000,39.8401,
600592.SH,龙溪股份,2009-12-23,8.5997,8.5997,8.5997,8.5997,--,--,1986294240,2895000000,39.8401,
600592.SH,龙溪股份,2009-12-24,8.8136,9.4641,8.8136,9.4641,16152069,7.8471,2185952832,3186000000,43.8448,
600592.SH,龙溪股份,2009-12-25,9.6245,10.0701,9.5711,9.7493,20577470,9.9971,2251819584,3282000000,45.1659,
600592.SH,龙溪股份,2009-12-28,9.6513,10.6761,9.6513,10.3731,17425895,8.466,2395903104,3492000000,48.0558,
600592.SH,龙溪股份,2009-12-29,10.2484,10.5692,10.1592,10.5424,13255156,6.4397,2435011488,3549000000,48.8403,
600592.SH,龙溪股份,2009-12-30,10.4533,10.8722,10.2394,10.4355,12406553,6.0275,2410311456,3513000000,48.3448,
600592.SH,龙溪股份,2009-12-31,10.4979,10.6494,10.2751,10.5424,10438571,5.0714,2435011488,3549000000,48.8403,
600592.SH,龙溪股份,2010-01-04,10.5246,10.9167,10.4355,10.6316,11908623,5.7856,2455594848,3579000000,49.2531,
600592.SH,龙溪股份,2010-01-05,10.5781,10.9435,10.4801,10.8543,9779516,4.7512,2507053248,3654000000,50.2852,
600592.SH,龙溪股份,2010-01-06,10.8543,10.9078,10.3464,10.4355,11385639,5.5315,2410311456,3513000000,48.3448,
600592.SH,龙溪股份,2010-01-07,10.3553,10.7296,10.1592,10.4088,11843297,5.7538,2404136448,3504000000,48.221,
600592.SH,龙溪股份,2010-01-08,10.4266,10.4711,9.981,10.1325,7855378,3.8164,2340328032,3411000000,46.9411,
600592.SH,龙溪股份,2010-01-11,10.2662,10.5603,9.8473,10.382,14522660,7.0555,2397961440,3495000000,48.0971,
600592.SH,龙溪股份,2010-01-12,10.2929,10.8722,10.1325,10.7831,9755649,4.7396,2490586560,3630000000,49.955,
600592.SH,龙溪股份,2010-01-13,10.5157,10.9435,10.3464,10.489,9866527,4.7934,2422661472,3531000000,48.5925,
600592.SH,龙溪股份,2010-01-14,10.489,11.496,10.489,11.2197,15157345,7.3639,2591445024,3777000000,51.9779,
600592.SH,龙溪股份,2010-01-15,11.1395,11.9861,11.1395,11.9059,16570616,8.0505,2749936896,4008000000,55.1569,
600592.SH,龙溪股份,2010-01-18,12.0485,12.0574,11.5138,11.8346,9553058,4.6412,2733470208,3984000000,54.8266,
600592.SH,龙溪股份,2010-01-19,11.7455,12.3693,11.6207,11.9148,8116589,3.9433,2751995232,4011000000,55.1982,
600592.SH,龙溪股份,2010-01-20,11.9148,11.9594,11.1306,11.2197,9510227,4.6203,2591445024,3777000000,51.9779,
600592.SH,龙溪股份,2010-01-21,11.2375,11.3801,10.7296,11.0593,7121135,3.4597,2554394976,3723000000,51.2348,
600592.SH,龙溪股份,2010-01-22,10.9524,10.9524,10.4266,10.8722,6227497,3.0255,2511169920,3660000000,50.3678,
600592.SH,龙溪股份,2010-01-25,10.8989,11.0593,10.6939,10.7652,3973171,1.9303,2486469888,3624000000,48.9003,
600592.SH,龙溪股份,2010-01-26,10.8543,10.9702,10.5335,10.6761,4395529,2.1355,2465886528,3594000000,48.4955,
600592.SH,龙溪股份,2010-01-27,10.6137,11.0504,10.5424,10.6494,6233188,3.0283,2459711520,3585000000,48.374,
600592.SH,龙溪股份,2010-01-28,10.685,10.988,10.6048,10.9256,4704954,2.2858,2523519936,3678000000,49.6289,
600592.SH,龙溪股份,2010-01-29,10.9256,11.086,10.7831,10.8633,5943506,2.8875,2509111584,3657000000,49.3456,
600592.SH,龙溪股份,2010-02-01,10.8633,10.8722,9.8919,9.9721,6985200,3.3936,2303277984,3357000000,45.2975,
600592.SH,龙溪股份,2010-02-02,10.0256,10.1592,9.776,9.9454,6261132,3.0418,2297102976,3348000000,45.1761,
600592.SH,龙溪股份,2010-02-03,9.9454,10.4801,9.7137,10.4711,6330671,3.0756,2418544800,3525000000,47.5644,
600592.SH,龙溪股份,2010-02-04,10.382,10.6939,10.2484,10.5335,4757756,2.3115,2432953152,3546000000,47.8478,
600592.SH,龙溪股份,2010-02-05,10.3553,10.3553,9.9632,10.1236,3295382,1.601,2338269696,3408000000,45.9857,
600592.SH,龙溪股份,2010-02-08,10.1147,10.1147,9.776,9.9899,3210926,1.56,2307394656,3363000000,45.3785,
600592.SH,龙溪股份,2010-02-09,9.9454,10.2929,9.8919,10.0434,1893692,0.92,2319744672,3381000000,45.6214,
600592.SH,龙溪股份,2010-02-10,10.0612,10.1414,9.883,9.9721,1913868,0.9298,2303277984,3357000000,45.2975,
600592.SH,龙溪股份,2010-02-11,9.9632,10.1058,9.8562,9.9275,2374836,1.1538,2292986304,3342000000,45.0951,
600592.SH,龙溪股份,2010-02-12,9.981,10.3464,9.9364,10.284,3553686,1.7265,2375319744,3462000000,46.7143,
600592.SH,龙溪股份,2010-02-22,10.2484,10.792,10.2484,10.4088,4743466,1.5812,3504000000,3504000000,47.2811,
600592.SH,龙溪股份,2010-02-23,10.4088,10.5692,10.1058,10.5246,3772698,1.2576,3543000000,3543000000,47.8073,
600592.SH,龙溪股份,2010-02-24,10.3107,10.6048,10.3107,10.6048,5999232,1.9997,3570000000,3570000000,48.1716,
600592.SH,龙溪股份,2010-02-25,10.6316,10.8009,10.5157,10.7652,6494948,2.165,3624000000,3624000000,48.9003,
600592.SH,龙溪股份,2010-02-26,10.7563,10.9791,10.7028,10.8454,6437230,2.1457,3651000000,3651000000,49.2646,
600592.SH,龙溪股份,2010-03-01,10.8722,11.0504,10.8454,10.8722,5426463,1.8088,3660000000,3660000000,49.386,
600592.SH,龙溪股份,2010-03-02,10.8722,11.398,10.792,11.095,8424691,2.8082,3735000000,3735000000,50.3981,
600592.SH,龙溪股份,2010-03-03,11.1306,11.1395,10.8722,11.1217,5496201,1.8321,3744000000,3744000000,50.5195,
600592.SH,龙溪股份,2010-03-04,11.1306,11.5405,10.9702,10.988,8105810,2.7019,3699000000,3699000000,49.9123,
600592.SH,龙溪股份,2010-03-05,10.9524,11.1039,10.6939,10.7831,3723831,1.2413,3630000000,3630000000,48.9812,
600592.SH,龙溪股份,2010-03-08,10.8276,10.9524,10.7474,10.8543,2602365,0.8675,3654000000,3654000000,49.3051,
600592.SH,龙溪股份,2010-03-09,10.8633,10.8722,10.587,10.6939,2846624,0.9489,3600000000,3600000000,48.5764,
600592.SH,龙溪股份,2010-03-10,10.7385,10.8543,10.3731,10.4622,2988544,0.9962,3522000000,3522000000,47.524,
600592.SH,龙溪股份,2010-03-11,10.4622,10.5781,10.079,10.2305,4503398,1.5011,3444000000,3444000000,46.4715,
600592.SH,龙溪股份,2010-03-12,10.2484,10.2751,9.9632,10.0434,2876771,0.9589,3381000000,3381000000,45.6214,
600592.SH,龙溪股份,2010-03-15,10.0256,10.1949,9.8473,10.1414,2508617,0.8362,3414000000,3414000000,46.0667,
600592.SH,龙溪股份,2010-03-16,10.1325,10.3107,10.0345,10.2929,3093590,1.0312,3465000000,3465000000,46.7548,
600592.SH,龙溪股份,2010-03-17,10.2929,10.4711,10.1949,10.4444,3350586,1.1169,3516000000,3516000000,47.443,
600592.SH,龙溪股份,2010-03-18,10.4444,10.587,10.3553,10.382,2471200,0.8237,3495000000,3495000000,47.1596,
600592.SH,龙溪股份,2010-03-19,10.3553,10.4177,10.1592,10.2929,3088004,1.0293,3465000000,3465000000,46.7548,
600592.SH,龙溪股份,2010-03-22,10.2929,10.3642,10.1414,10.2929,3314068,1.1047,3465000000,3465000000,46.7548,
600592.SH,龙溪股份,2010-03-23,10.3196,10.4622,10.2662,10.3999,3454895,1.1516,3501000000,3501000000,47.2406,
600592.SH,龙溪股份,2010-03-24,10.3196,10.4177,10.1771,10.2127,3359223,1.1197,3438000000,3438000000,46.3905,
600592.SH,龙溪股份,2010-03-25,10.1771,10.2038,9.9543,9.9721,2775675,0.9252,3357000000,3357000000,45.2975,
600592.SH,龙溪股份,2010-03-26,9.9543,10.0879,9.8741,9.9988,3066352,1.0221,3366000000,3366000000,45.419,
600592.SH,龙溪股份,2010-03-29,9.981,10.1414,9.981,10.1058,2713417,0.9045,3402000000,3402000000,45.9047,
600592.SH,龙溪股份,2010-03-30,10.2305,11.1039,10.2305,10.9791,15423899,5.1413,3696000000,3696000000,49.8718,
600592.SH,龙溪股份,2010-03-31,10.7118,10.9345,10.7028,10.792,6591451,2.1972,3633000000,3633000000,49.0217,
600592.SH,龙溪股份,2010-04-01,10.792,11.0237,10.7118,10.9078,6839108,2.2797,3672000000,3672000000,49.548,
600592.SH,龙溪股份,2010-04-02,10.9613,11.5227,10.8722,11.3534,15427641,5.1425,3822000000,3822000000,51.572,
600592.SH,龙溪股份,2010-04-06,11.4425,11.7901,11.3445,11.3801,11762556,3.9209,3831000000,3831000000,51.6934,
600592.SH,龙溪股份,2010-04-07,11.389,11.4514,11.1484,11.4069,5212519,1.7375,3840000000,3840000000,51.8149,
600592.SH,龙溪股份,2010-04-08,11.3356,11.6653,11.2286,11.2821,6150617,2.0502,3798000000,3798000000,51.2481,
600592.SH,龙溪股份,2010-04-09,11.3534,11.8435,11.0504,11.8346,14337678,4.7792,3984000000,3984000000,53.7579,
600592.SH,龙溪股份,2010-04-12,11.8168,12.1644,11.692,11.9326,10153185,3.3844,4017000000,4017000000,54.2032,
600592.SH,龙溪股份,2010-04-13,11.9148,11.9148,11.0504,11.496,7761306,2.5871,3870000000,3870000000,52.2197,
600592.SH,龙溪股份,2010-04-14,11.4336,11.8524,11.4336,11.7455,4827724,1.6092,3954000000,3954000000,53.3531,
600592.SH,龙溪股份,2010-04-15,11.6297,11.8257,11.3177,11.4336,5256822,1.7523,3849000000,3849000000,51.9363,
600592.SH,龙溪股份,2010-04-16,11.3623,11.389,11.086,11.1752,4251515,1.4172,3762000000,3762000000,50.7624,
600592.SH,龙溪股份,2010-04-19,11.1217,11.3712,10.7831,10.8187,4780916,1.5936,3642000000,3642000000,49.1432,
600592.SH,龙溪股份,2010-04-20,10.8276,11.0058,10.489,10.9167,3930433,1.3101,3675000000,3675000000,49.5885,
600592.SH,龙溪股份,2010-04-21,10.9613,11.4069,10.8811,11.3177,5512676,1.8376,3810000000,3810000000,51.4101,
600592.SH,龙溪股份,2010-04-22,11.2286,11.8079,11.1841,11.6564,8703292,2.9011,3924000000,3924000000,52.9483,
600592.SH,龙溪股份,2010-04-23,11.7455,11.8524,11.4158,11.496,5030094,1.6767,3870000000,3870000000,52.2197,
600592.SH,龙溪股份,2010-04-26,11.4514,11.799,11.3177,11.7188,5402758,1.8009,3945000000,3945000000,53.2317,
600592.SH,龙溪股份,2010-04-27,11.6742,11.8435,11.1395,11.5049,4456261,1.4854,3873000000,3873000000,52.2602,
600592.SH,龙溪股份,2010-04-28,11.2375,11.4782,11.0326,11.1573,2837872,0.946,3756000000,3756000000,50.6814,
600592.SH,龙溪股份,2010-04-29,11.398,11.4603,10.9613,11.0593,3620957,1.207,3723000000,3723000000,47.5219,
600592.SH,龙溪股份,2010-04-30,11.0237,11.1128,10.1592,10.3286,5896738,1.9656,3477000000,3477000000,44.3818,
600592.SH,龙溪股份,2010-05-04,10.1414,10.5246,9.9543,10.4622,1813377,0.6045,3522000000,3522000000,44.9562,
600592.SH,龙溪股份,2010-05-05,10.2038,10.8633,10.1682,10.8276,2227410,0.7425,3645000000,3645000000,46.5262,
600592.SH,龙溪股份,2010-05-06,10.8543,10.8543,9.9988,10.1592,3429240,1.1431,3420000000,3420000000,43.6543,
600592.SH,龙溪股份,2010-05-07,9.8028,10.0701,9.4641,9.6067,4089396,1.3631,3234000000,3234000000,41.2801,
600592.SH,龙溪股份,2010-05-10,9.5354,9.8473,8.9205,9.2057,2965767,0.9886,3099000000,3099000000,39.5569,
600592.SH,龙溪股份,2010-05-11,9.2948,9.4909,8.8225,8.876,3148336,1.0494,2988000000,2988000000,38.14,
600592.SH,龙溪股份,2010-05-12,8.7601,9.0364,8.4839,8.5195,4131801,1.3773,2868000000,2868000000,36.6083,
600592.SH,龙溪股份,2010-05-13,8.5551,8.876,8.4928,8.8047,5538807,1.8463,2964000000,2964000000,37.8337,
600592.SH,龙溪股份,2010-05-14,8.7601,8.7958,8.5373,8.671,5964518,1.9882,2919000000,2919000000,37.2593,
600592.SH,龙溪股份,2010-05-17,8.5195,8.5373,7.8155,7.8511,4141336,1.3804,2643000000,2643000000,33.7363,
600592.SH,龙溪股份,2010-05-18,7.8422,8.3145,7.5927,8.1541,4752149,1.584,2745000000,2745000000,35.0383,
600592.SH,龙溪股份,2010-05-19,8.1541,8.1541,8.1541,8.1541,--,--,2745000000,2745000000,35.0383,
600592.SH,龙溪股份,2010-05-20,8.0205,8.4928,7.8422,8.1809,3830870,1.277,2754000000,2754000000,35.1532,
600592.SH,龙溪股份,2010-05-21,7.9759,8.5373,7.8957,8.4749,3851090,1.2837,2853000000,2853000000,36.4168,
600592.SH,龙溪股份,2010-05-24,8.5106,8.8849,8.5106,8.8671,3748426,1.2495,2985000000,2985000000,38.1017,
600592.SH,龙溪股份,2010-05-25,8.8581,8.9651,8.6086,8.8225,3160842,1.0536,2970000000,2970000000,37.9103,
600592.SH,龙溪股份,2010-05-26,8.8225,9.1522,8.7869,9.0809,4320795,1.4403,3057000000,3057000000,39.0208,
600592.SH,龙溪股份,2010-05-27,9.0453,9.2503,8.876,9.17,3458795,1.1529,3087000000,3087000000,39.4037,
600592.SH,龙溪股份,2010-05-28,9.2503,9.3215,9.0007,9.0898,2591318,0.8638,3060000000,3060000000,39.0591,
600592.SH,龙溪股份,2010-05-31,9.1611,9.1879,8.7156,8.7334,2466163,0.8221,2940000000,2940000000,37.5273,
600592.SH,龙溪股份,2010-06-01,8.6443,8.6799,8.1987,8.2967,2731546,0.9105,2793000000,2793000000,35.651,
600592.SH,龙溪股份,2010-06-02,8.3056,8.5017,8.2522,8.4928,1657529,0.5525,2859000000,2859000000,36.4934,
600592.SH,龙溪股份,2010-06-03,8.4928,8.6264,8.27,8.2878,1715754,0.5719,2790000000,2790000000,35.6127,
600592.SH,龙溪股份,2010-06-04,8.27,8.4749,8.1987,8.3858,1457758,0.4859,2823000000,2823000000,36.0339,
600592.SH,龙溪股份,2010-06-07,8.3056,8.6354,8.1541,8.5819,2047658,0.6826,2889000000,2889000000,36.8764,
600592.SH,龙溪股份,2010-06-08,8.4749,9.0007,8.4482,8.9027,3545569,1.1819,2997000000,2997000000,38.2549,
600592.SH,龙溪股份,2010-06-09,8.9027,9.3126,8.8581,9.277,4408610,1.4695,3123000000,3123000000,39.8632,
600592.SH,龙溪股份,2010-06-10,9.2859,9.5443,9.1166,9.482,4905111,1.635,3192000000,3192000000,40.744,
600592.SH,龙溪股份,2010-06-11,9.4463,9.5354,9.179,9.2681,3134843,1.0449,3120000000,3120000000,39.8249,
600592.SH,龙溪股份,2010-06-17,9.2681,9.3483,8.9116,9.2503,2819326,0.9398,3114000000,3114000000,39.7483,
600592.SH,龙溪股份,2010-06-18,9.2592,9.3483,8.8938,9.0364,2645068,0.8817,3042000000,3042000000,38.8293,
600592.SH,龙溪股份,2010-06-21,8.9205,9.3839,8.9205,9.3661,4660542,1.5535,3153000000,3153000000,40.2462,
600592.SH,龙溪股份,2010-06-22,9.58,9.6245,9.3215,9.5265,5270521,1.7568,3207000000,3207000000,40.9354,
600592.SH,龙溪股份,2010-06-23,9.4905,9.6435,9.2746,9.5535,3137109,1.0457,3186000000,3186000000,40.6674,
600592.SH,龙溪股份,2010-06-24,9.4905,9.7154,9.3646,9.5535,1662886,0.5543,3186000000,3186000000,40.6674,
600592.SH,龙溪股份,2010-06-25,9.4456,9.6165,9.2926,9.3106,1216600,0.4055,3105000000,3105000000,39.6335,
600592.SH,龙溪股份,2010-06-28,9.4096,9.4456,9.0497,9.2386,1868118,0.6227,3081000000,3081000000,39.3271,
600592.SH,龙溪股份,2010-06-29,9.3196,9.4905,8.9148,8.9958,2846331,0.9488,3000000000,3000000000,38.2932,
600592.SH,龙溪股份,2010-06-30,8.9778,9.0407,8.393,8.393,2046390,0.6821,2799000000,2799000000,35.7276,
600592.SH,龙溪股份,2010-07-01,8.393,8.447,7.8803,8.0062,2624906,0.875,2670000000,2670000000,34.081,
600592.SH,龙溪股份,2010-07-02,8.0152,8.0242,7.5564,8.0062,2016929,0.6723,2670000000,2670000000,34.081,
600592.SH,龙溪股份,2010-07-05,7.9343,7.9972,7.7454,7.8713,903628,0.3012,2625000000,2625000000,33.5066,
600592.SH,龙溪股份,2010-07-06,7.8893,8.1592,7.8893,8.1052,1322259,0.4408,2703000000,2703000000,34.5022,
600592.SH,龙溪股份,2010-07-07,8.1142,8.447,8.1052,8.393,1683378,0.5611,2799000000,2799000000,35.7276,
600592.SH,龙溪股份,2010-07-08,8.456,8.456,8.2221,8.2671,1240644,0.4135,2757000000,2757000000,35.1915,
600592.SH,龙溪股份,2010-07-09,8.3301,8.546,8.1861,8.51,1899422,0.6331,2838000000,2838000000,36.2254,
600592.SH,龙溪股份,2010-07-12,8.456,8.6899,8.456,8.573,1730816,0.5769,2859000000,2859000000,36.4934,
600592.SH,龙溪股份,2010-07-13,8.519,8.519,8.1861,8.2491,1784782,0.5949,2751000000,2751000000,35.1149,
600592.SH,龙溪股份,2010-07-14,8.2941,8.519,8.2851,8.3661,1747126,0.5824,2790000000,2790000000,35.6127,
600592.SH,龙溪股份,2010-07-15,8.3481,8.519,8.1592,8.1682,1702655,0.5676,2724000000,2724000000,34.7702,
600592.SH,龙溪股份,2010-07-16,8.1682,8.2311,7.9343,8.1502,1833667,0.6112,2718000000,2718000000,34.6936,
600592.SH,龙溪股份,2010-07-19,8.0152,8.411,7.9613,8.3301,2482461,0.8275,2778000000,2778000000,35.4595,
600592.SH,龙溪股份,2010-07-20,8.3301,8.6809,8.3301,8.6359,3220069,1.0734,2880000000,2880000000,36.7615,
600592.SH,龙溪股份,2010-07-21,8.6359,8.6899,8.528,8.555,3026000,1.0087,2853000000,2853000000,36.4168,
600592.SH,龙溪股份,2010-07-22,8.555,8.7259,8.492,8.7259,2291350,0.7638,2910000000,2910000000,37.1444,
600592.SH,龙溪股份,2010-07-23,8.7259,8.7529,8.546,8.7079,2191163,0.7304,2904000000,2904000000,37.0678,
600592.SH,龙溪股份,2010-07-26,8.7079,8.9238,8.6449,8.8428,2630979,0.877,2949000000,2949000000,37.6422,
600592.SH,龙溪股份,2010-07-27,8.7889,8.8698,8.7259,8.7889,2091947,0.6973,2931000000,2931000000,37.4125,
600592.SH,龙溪股份,2010-07-28,8.7709,9.0947,8.7709,9.0138,3500612,1.1669,3006000000,3006000000,38.3698,
600592.SH,龙溪股份,2010-07-29,9.0138,9.2656,8.9058,9.1667,4623367,1.5411,3057000000,3057000000,39.0208,
600592.SH,龙溪股份,2010-07-30,9.0947,9.3556,9.0048,9.2297,3675386,1.2251,3078000000,3078000000,39.2888,
600592.SH,龙溪股份,2010-08-02,9.3106,9.3286,9.1487,9.3196,3663533,1.2212,3108000000,3108000000,39.6718,
600592.SH,龙溪股份,2010-08-03,9.3286,9.5445,9.1757,9.1847,7060211,2.3534,3063000000,3063000000,39.0974,
600592.SH,龙溪股份,2010-08-04,9.0947,9.2476,8.9688,9.2207,2989308,0.9964,3075000000,3075000000,39.2505,
600592.SH,龙溪股份,2010-08-05,9.2297,9.3466,9.1217,9.1847,2733449,0.9111,3063000000,3063000000,39.0974,
600592.SH,龙溪股份,2010-08-06,9.0947,9.3196,8.9688,9.3016,3786524,1.2622,3102000000,3102000000,39.5952,
600592.SH,龙溪股份,2010-08-09,9.4456,10.0033,9.4456,9.7604,8304209,2.7681,3255000000,3255000000,41.5481,
600592.SH,龙溪股份,2010-08-10,9.7604,10.1472,9.6075,9.9133,9773361,3.2578,3306000000,3306000000,42.1991,
600592.SH,龙溪股份,2010-08-11,9.8054,10.1292,9.7694,10.1112,7348596,2.4495,3372000000,3372000000,43.0416,
600592.SH,龙溪股份,2010-08-12,9.9673,10.0753,9.7604,9.8684,5286196,1.7621,3291000000,3291000000,39.3671,
600592.SH,龙溪股份,2010-08-13,9.8504,10.0123,9.5355,9.9043,6737926,2.246,3303000000,3303000000,39.5107,
600592.SH,龙溪股份,2010-08-16,9.8863,10.0753,9.7604,10.0303,5245184,1.7484,3345000000,3345000000,40.0131,
600592.SH,龙溪股份,2010-08-17,10.0213,10.1292,9.8234,10.1022,4644654,1.5482,3369000000,3369000000,40.3002,
600592.SH,龙溪股份,2010-08-18,10.0753,10.3091,10.0213,10.0303,4285601,1.4285,3345000000,3345000000,40.0131,
600592.SH,龙溪股份,2010-08-19,9.9313,10.1382,9.8144,9.9493,4452846,1.4843,3318000000,3318000000,39.6901,
600592.SH,龙溪股份,2010-08-20,9.9403,10.0033,9.4995,9.5355,4033184,1.3444,3180000000,3180000000,38.0393,
600592.SH,龙溪股份,2010-08-23,9.6704,9.6794,9.3376,9.5445,4182663,1.3942,3183000000,3183000000,38.0752,
600592.SH,龙溪股份,2010-08-24,9.4905,9.6435,9.3736,9.5265,3751118,1.2504,3177000000,3177000000,38.0035,
600592.SH,龙溪股份,2010-08-25,9.4815,9.7334,9.4276,9.4635,3260876,1.087,3156000000,3156000000,37.7523,
600592.SH,龙溪股份,2010-08-26,9.5355,9.5715,9.2836,9.3916,3144791,1.0483,3132000000,3132000000,37.4652,
600592.SH,龙溪股份,2010-08-27,9.3916,9.4456,9.2476,9.4006,2369797,0.7899,3135000000,3135000000,37.501,
600592.SH,龙溪股份,2010-08-30,9.4545,9.7694,9.4456,9.6435,4081278,1.3604,3216000000,3216000000,38.47,
600592.SH,龙溪股份,2010-08-31,9.6435,9.8414,9.6075,9.8054,3906143,1.302,3270000000,3270000000,39.1159,
600592.SH,龙溪股份,2010-09-01,9.8054,9.8504,9.3736,9.5535,3597756,1.1993,3186000000,3186000000,38.1111,
600592.SH,龙溪股份,2010-09-02,9.6884,9.9853,9.5715,9.8684,4934020,1.6447,3291000000,3291000000,39.3671,
600592.SH,龙溪股份,2010-09-03,9.8594,10.0483,9.7064,9.8234,5087437,1.6958,3276000000,3276000000,39.1877,
600592.SH,龙溪股份,2010-09-06,10.0033,10.0663,9.7784,9.9673,5466313,1.8221,3324000000,3324000000,39.7619,
600592.SH,龙溪股份,2010-09-07,9.9853,10.0932,9.7154,9.9403,4273931,1.4246,3315000000,3315000000,39.6542,
600592.SH,龙溪股份,2010-09-08,9.8234,10.0573,9.8234,10.0483,4046819,1.3489,3351000000,3351000000,40.0849,
600592.SH,龙溪股份,2010-09-09,10.0123,10.0753,9.6255,9.6525,4621077,1.5404,3219000000,3219000000,38.5059,
600592.SH,龙溪股份,2010-09-10,9.8054,9.8144,9.4456,9.6614,4818675,1.6062,3222000000,3222000000,38.5417,
600592.SH,龙溪股份,2010-09-13,9.7154,10.0303,9.6165,10.0123,7098849,2.3663,3339000000,3339000000,39.9413,
600592.SH,龙溪股份,2010-09-14,10.2102,10.4621,10.0213,10.2912,11884614,3.9615,3432000000,3432000000,41.0538,
600592.SH,龙溪股份,2010-09-15,10.2462,10.2732,9.9583,10.0213,5871045,1.957,3342000000,3342000000,39.9772,
600592.SH,龙溪股份,2010-09-16,10.0033,10.1202,9.7784,9.9133,4805926,1.602,3306000000,3306000000,39.5466,
600592.SH,龙溪股份,2010-09-17,9.9943,10.3181,9.9043,10.2732,7663968,2.5547,3426000000,3426000000,40.982,
600592.SH,龙溪股份,2010-09-20,10.2732,10.3091,9.9943,10.0483,4567277,1.5224,3351000000,3351000000,40.0849,
600592.SH,龙溪股份,2010-09-21,10.1292,10.1652,9.6435,9.6794,5234523,1.7448,3228000000,3228000000,38.6135,
600592.SH,龙溪股份,2010-09-27,9.7874,9.9853,9.5895,9.8863,3625200,1.2084,3297000000,3297000000,39.4389,
600592.SH,龙溪股份,2010-09-28,9.8234,9.8773,9.5355,9.5445,3606603,1.2022,3183000000,3183000000,38.0752,
600592.SH,龙溪股份,2010-09-29,9.5355,9.6435,9.4276,9.4366,2615660,0.8719,3147000000,3147000000,37.6446,
600592.SH,龙溪股份,2010-09-30,9.2836,9.6075,9.2836,9.5535,1769652,0.5899,3186000000,3186000000,38.1111,
600592.SH,龙溪股份,2010-10-08,9.6345,9.8504,9.5625,9.7424,3658383,1.2195,3249000000,3249000000,38.8647,
600592.SH,龙溪股份,2010-10-11,9.7424,9.9763,9.5985,9.8504,6785806,2.2619,3285000000,3285000000,39.2954,
600592.SH,龙溪股份,2010-10-12,9.7154,10.0663,9.7154,9.9133,5612264,1.8708,3306000000,3306000000,39.5466,
600592.SH,龙溪股份,2010-10-13,10.0123,10.0393,9.7784,9.9673,5820779,1.9403,3324000000,3324000000,39.7619,
600592.SH,龙溪股份,2010-10-14,10.0123,10.0123,9.4096,9.4815,6076069,2.0254,3162000000,3162000000,37.824,
600592.SH,龙溪股份,2010-10-15,9.4815,9.7064,9.2836,9.4366,5376100,1.792,3147000000,3147000000,37.6446,
600592.SH,龙溪股份,2010-10-18,9.4995,9.5355,9.0947,9.1127,5874390,1.9581,3039000000,3039000000,36.3527,
600592.SH,龙溪股份,2010-10-19,9.1487,9.3556,9.1307,9.3556,4273291,1.4244,3120000000,3120000000,37.3216,
600592.SH,龙溪股份,2010-10-20,9.2207,9.5625,9.1307,9.4366,4183133,1.3944,3147000000,3147000000,37.6446,
600592.SH,龙溪股份,2010-10-21,9.4456,9.6165,9.1937,9.6075,8344964,2.7817,3204000000,3204000000,38.3264,
600592.SH,龙溪股份,2010-10-22,9.6255,9.6255,9.4006,9.4725,4627783,1.5426,3159000000,3159000000,37.7881,
600592.SH,龙溪股份,2010-10-25,9.4456,9.7964,9.4456,9.7424,8731098,2.9104,3249000000,3249000000,38.8647,
600592.SH,龙溪股份,2010-10-26,9.7424,9.9853,9.6525,9.9763,8504390,2.8348,3327000000,3327000000,39.7978,
600592.SH,龙溪股份,2010-10-27,9.9673,9.9673,9.6345,9.6435,7120479,2.3735,3216000000,3216000000,34.2043,
600592.SH,龙溪股份,2010-10-28,9.9223,10.606,9.9223,10.606,27706122,9.2354,3537000000,3537000000,37.6184,
600592.SH,龙溪股份,2010-10-29,10.669,11.2447,10.4891,10.8849,34963759,11.6546,3630000000,3630000000,38.6075,
600592.SH,龙溪股份,2010-11-01,10.7679,11.3796,10.714,11.2177,21062686,7.0209,3741000000,3741000000,39.788,
600592.SH,龙溪股份,2010-11-02,11.0558,11.2447,10.8669,10.9568,19070640,6.3569,3654000000,3654000000,38.8627,
600592.SH,龙溪股份,2010-11-03,10.9119,11.3347,10.9029,11.0558,12087371,4.0291,3687000000,3687000000,39.2137,
600592.SH,龙溪股份,2010-11-04,10.9299,11.7934,10.8939,11.6585,16764663,5.5882,3888000000,3888000000,41.3515,
600592.SH,龙溪股份,2010-11-05,11.7305,11.7395,11.4066,11.6135,11430630,3.8102,3873000000,3873000000,41.1919,
600592.SH,龙溪股份,2010-11-08,11.5146,11.6135,11.3077,11.5596,10470265,3.4901,3855000000,3855000000,41.0005,
600592.SH,龙溪股份,2010-11-09,11.5236,11.8564,11.5236,11.5686,9089706,3.0299,3858000000,3858000000,41.0324,
600592.SH,龙溪股份,2010-11-10,11.5686,11.6225,11.1727,11.2897,9397679,3.1326,3765000000,3765000000,40.0433,
600592.SH,龙溪股份,2010-11-11,11.2447,11.5596,11.0468,11.0648,8591789,2.8639,3690000000,3690000000,39.2456,
600592.SH,龙溪股份,2010-11-12,11.0648,11.2357,10.1652,10.2732,8887945,2.9626,3426000000,3426000000,36.4378,
600592.SH,龙溪股份,2010-11-15,10.3901,10.7229,10.2462,10.678,5250622,1.7502,3561000000,3561000000,37.8736,
600592.SH,龙溪股份,2010-11-16,10.579,10.9748,10.2012,10.516,6519598,2.1732,3507000000,3507000000,37.2993,
600592.SH,龙溪股份,2010-11-17,10.3451,10.7499,10.2822,10.4711,4723681,1.5746,3492000000,3492000000,37.1397,
600592.SH,龙溪股份,2010-11-18,10.4981,10.705,10.3631,10.4801,4855663,1.6186,3495000000,3495000000,37.1716,
600592.SH,龙溪股份,2010-11-19,10.543,11.1907,10.4801,11.1727,8234397,2.7448,3726000000,3726000000,39.6285,
600592.SH,龙溪股份,2010-11-22,10.9748,11.3616,10.9748,11.2357,7230756,2.4103,3747000000,3747000000,39.8518,
600592.SH,龙溪股份,2010-11-23,11.1458,11.4246,10.9568,11.2537,5989633,1.9965,3753000000,3753000000,39.9157,
600592.SH,龙溪股份,2010-11-24,11.0648,11.5506,11.0648,11.4426,6429606,2.1432,3816000000,3816000000,40.5857,
600592.SH,龙溪股份,2010-11-25,11.4606,11.5596,11.2807,11.3437,5854061,1.9514,3783000000,3783000000,40.2347,
600592.SH,龙溪股份,2010-11-26,11.3437,11.3437,10.7949,10.8219,8777269,2.9258,3609000000,3609000000,38.3841,
600592.SH,龙溪股份,2010-11-29,10.8399,11.1817,10.8399,10.9838,4629479,1.5432,3663000000,3663000000,38.9584,
600592.SH,龙溪股份,2010-11-30,10.9299,11.1098,10.2732,10.633,5767843,1.9226,3546000000,3546000000,37.7141,
600592.SH,龙溪股份,2010-12-01,10.579,10.678,10.4441,10.552,2251798,0.7506,3519000000,3519000000,37.4269,
600592.SH,龙溪股份,2010-12-02,10.66,10.8039,10.597,10.705,5143868,1.7146,3570000000,3570000000,37.9693,
600592.SH,龙溪股份,2010-12-03,10.7499,10.7499,10.3451,10.543,2554050,0.8514,3516000000,3516000000,37.395,
600592.SH,龙溪股份,2010-12-06,10.4891,10.705,10.4441,10.57,2591328,0.8638,3525000000,3525000000,37.4907,
600592.SH,龙溪股份,2010-12-07,10.57,10.66,10.2102,10.534,3346966,1.1157,3513000000,3513000000,37.3631,
600592.SH,龙溪股份,2010-12-08,10.534,10.9299,10.4891,10.606,5980248,1.9934,3537000000,3537000000,37.6184,
600592.SH,龙溪股份,2010-12-09,10.4891,11.2897,10.3901,10.8579,9885705,3.2952,3621000000,3621000000,38.5117,
600592.SH,龙溪股份,2010-12-10,10.9029,10.9568,10.696,10.9029,6280787,2.0936,3636000000,3636000000,38.6713,
600592.SH,龙溪股份,2010-12-13,10.9748,11.5146,10.9119,11.2987,9812145,3.2707,3768000000,3768000000,40.0752,
600592.SH,龙溪股份,2010-12-14,11.2987,11.5865,11.1547,11.5326,9901575,3.3005,3846000000,3846000000,40.9048,
600592.SH,龙溪股份,2010-12-15,11.4696,11.4966,11.2267,11.2717,6647991,2.216,3759000000,3759000000,39.9795,
600592.SH,龙溪股份,2010-12-16,11.2987,11.3886,11.1188,11.1637,4486376,1.4955,3723000000,3723000000,39.5966,
600592.SH,龙溪股份,2010-12-17,11.1637,11.7844,11.1547,11.6495,13049435,4.3498,3885000000,3885000000,41.3196,
600592.SH,龙溪股份,2010-12-20,11.7035,12.0363,11.2537,11.5596,13008372,4.3361,3855000000,3855000000,41.0005,
600592.SH,龙溪股份,2010-12-21,11.5146,11.9644,11.4696,11.7665,9118091,3.0394,3924000000,3924000000,41.7344,
600592.SH,龙溪股份,2010-12-22,11.7844,11.7844,11.3257,11.3886,6783848,2.2613,3798000000,3798000000,40.3943,
600592.SH,龙溪股份,2010-12-23,11.3437,11.3616,10.8849,11.0198,5600544,1.8668,3675000000,3675000000,39.0861,
600592.SH,龙溪股份,2010-12-24,10.8849,11.0108,10.624,10.7229,3904201,1.3014,3576000000,3576000000,38.0331,
600592.SH,龙溪股份,2010-12-27,10.7949,10.9838,10.3541,10.4531,4493469,1.4978,3486000000,3486000000,37.0759,
600592.SH,龙溪股份,2010-12-28,10.4531,10.4891,10.1022,10.2192,3725221,1.2417,3408000000,3408000000,36.2463,
600592.SH,龙溪股份,2010-12-29,10.2912,10.4081,10.1742,10.3991,2300569,0.7669,3468000000,3468000000,36.8845,
600592.SH,龙溪股份,2010-12-30,10.4171,10.615,10.2732,10.588,3174031,1.058,3531000000,3531000000,37.5545,
600592.SH,龙溪股份,2010-12-31,10.588,10.7229,10.4801,10.651,2675475,0.8918,3552000000,3552000000,37.7779,
600592.SH,龙溪股份,2011-01-04,10.66,10.7499,10.4621,10.651,6210557,2.0702,3552000000,3552000000,37.7779,
600592.SH,龙溪股份,2011-01-05,10.66,10.9478,10.552,10.8039,5258866,1.753,3603000000,3603000000,38.3203,
600592.SH,龙溪股份,2011-01-06,10.8489,10.8489,10.4891,10.552,3866679,1.2889,3519000000,3519000000,37.4269,
600592.SH,龙溪股份,2011-01-07,10.561,10.705,10.4081,10.588,2852667,0.9509,3531000000,3531000000,37.5545,
600592.SH,龙溪股份,2011-01-10,10.579,10.9299,10.543,10.633,5888529,1.9628,3546000000,3546000000,37.7141,
600592.SH,龙溪股份,2011-01-11,10.66,10.66,10.1652,10.3451,3517732,1.1726,3450000000,3450000000,36.693,
600592.SH,龙溪股份,2011-01-12,10.3001,10.4351,10.2012,10.3541,1787745,0.5959,3453000000,3453000000,36.725,
600592.SH,龙溪股份,2011-01-13,10.3001,10.543,10.3001,10.4171,2114144,0.7047,3474000000,3474000000,36.9483,
600592.SH,龙溪股份,2011-01-14,10.3541,10.669,10.2102,10.606,3986502,1.3288,3537000000,3537000000,37.6184,
600592.SH,龙溪股份,2011-01-17,10.4351,10.633,9.8953,9.9493,3927364,1.3091,3318000000,3318000000,35.2891,
600592.SH,龙溪股份,2011-01-18,9.8504,9.8504,9.4006,9.5445,3187815,1.0626,3183000000,3183000000,33.8533,
600592.SH,龙溪股份,2011-01-19,9.6075,10.1382,9.5175,10.0303,3717537,1.2392,3345000000,3345000000,35.5763,
600592.SH,龙溪股份,2011-01-20,10.0213,10.0663,9.4006,9.4186,3681618,1.2272,3141000000,3141000000,33.4066,
600592.SH,龙溪股份,2011-01-21,9.3646,10.0483,9.3556,9.7604,3689789,1.2299,3255000000,3255000000,34.6191,
600592.SH,龙溪股份,2011-01-24,9.7604,9.9763,9.5535,9.8054,2947102,0.9824,3270000000,3270000000,34.7786,
600592.SH,龙溪股份,2011-01-25,9.6435,9.8234,9.4006,9.4725,2394645,0.7982,3159000000,3159000000,33.5981,
600592.SH,龙溪股份,2011-01-26,9.6165,9.7784,9.5175,9.6974,2838969,0.9463,3234000000,3234000000,34.9018,
600592.SH,龙溪股份,2011-01-27,9.6974,10.2912,9.4905,9.9223,10208687,3.4029,3309000000,3309000000,35.7112,
600592.SH,龙溪股份,2011-01-28,9.8684,10.9029,9.7964,10.714,15404449,5.1348,3573000000,3573000000,38.5603,
600592.SH,龙溪股份,2011-01-31,10.687,11.2447,10.606,11.1727,14842753,4.9476,3726000000,3726000000,40.2115,
600592.SH,龙溪股份,2011-02-01,11.0108,11.1547,10.705,10.8489,8636190,2.8787,3618000000,3618000000,39.046,
600592.SH,龙溪股份,2011-02-09,10.687,11.5146,10.687,11.0738,13968587,4.6562,3693000000,3693000000,39.8554,
600592.SH,龙溪股份,2011-02-10,11.0198,11.5236,10.8399,11.5146,12582982,4.1943,3840000000,3840000000,41.4418,
600592.SH,龙溪股份,2011-02-11,11.4066,12.666,11.2897,12.666,23520258,7.8401,4224000000,4224000000,45.586,
600592.SH,龙溪股份,2011-02-14,13.1338,13.9344,12.9359,13.9344,48969032,16.323,4647000000,4647000000,50.1511,
600592.SH,龙溪股份,2011-02-15,13.9254,14.3303,13.4846,13.9614,40005200,13.3351,4656000000,4656000000,50.2482,
600592.SH,龙溪股份,2011-02-16,13.7815,13.9614,13.5836,13.7995,21840712,7.2802,4602000000,4602000000,49.6654,
600592.SH,龙溪股份,2011-02-17,13.7635,14.2493,13.6106,14.1683,30405674,10.1352,4725000000,4725000000,50.9929,
600592.SH,龙溪股份,2011-02-18,13.9434,14.1233,13.1338,13.3767,26695133,8.8984,4461000000,4461000000,48.1438,
600592.SH,龙溪股份,2011-02-21,13.3587,13.6196,13.2058,13.4397,13187444,4.3958,4482000000,4482000000,48.3704,
600592.SH,龙溪股份,2011-02-22,13.4936,13.5566,12.5221,12.6211,20777132,6.9257,4209000000,4209000000,45.4241,
600592.SH,龙溪股份,2011-02-23,12.5581,12.9179,12.3422,12.711,14664345,4.8881,4239000000,4239000000,45.7479,
600592.SH,龙溪股份,2011-02-24,12.5581,12.9269,12.4411,12.711,13024580,4.3415,4239000000,4239000000,45.7479,
600592.SH,龙溪股份,2011-02-25,12.5941,12.81,12.4142,12.756,10340069,3.4467,4254000000,4254000000,45.9098,
600592.SH,龙溪股份,2011-02-28,12.738,13.2418,12.72,12.9989,14898768,4.9663,4335000000,4335000000,46.7839,
600592.SH,龙溪股份,2011-03-01,13.0079,13.0259,12.5041,12.765,11696490,3.8988,4257000000,4257000000,45.9422,
600592.SH,龙溪股份,2011-03-02,12.657,13.2688,12.6031,13.2328,16141442,5.3805,4413000000,4413000000,47.6257,
600592.SH,龙溪股份,2011-03-03,13.1788,13.3587,12.4951,12.5221,13649064,4.5497,4176000000,4176000000,45.068,
600592.SH,龙溪股份,2011-03-04,12.4591,12.711,12.1623,12.639,7212741,2.4042,4215000000,4215000000,45.4889,
600592.SH,龙溪股份,2011-03-07,12.6301,12.8999,12.5221,12.792,8161048,2.7203,4266000000,4266000000,46.0393,
600592.SH,龙溪股份,2011-03-08,12.765,12.765,12.5311,12.711,6512530,2.1708,4239000000,4239000000,45.7479,
600592.SH,龙溪股份,2011-03-09,12.693,13.4667,12.6211,13.1878,18291544,6.0972,4398000000,4398000000,47.4638,
600592.SH,龙溪股份,2011-03-10,13.0439,13.4037,12.792,12.9539,11508088,3.836,4320000000,4320000000,46.6221,
600592.SH,龙溪股份,2011-03-11,13.0259,13.4487,12.8639,13.0978,13025050,4.3417,4368000000,4368000000,47.1401,
600592.SH,龙溪股份,2011-03-14,13.0079,13.2957,12.8819,12.9809,9935876,3.312,4329000000,4329000000,46.7192,
600592.SH,龙溪股份,2011-03-15,13.1698,13.8445,13.1608,13.3587,17436077,5.812,4455000000,4455000000,48.079,
600592.SH,龙溪股份,2011-03-16,13.2508,13.4936,12.9449,13.4307,9509476,3.1698,4479000000,4479000000,48.338,
600592.SH,龙溪股份,2011-03-17,13.2688,13.9704,13.0618,13.4846,15993387,5.3311,4497000000,4497000000,48.5323,
600592.SH,龙溪股份,2011-03-18,13.7455,13.8535,13.3137,13.5386,8066310,2.6888,4515000000,4515000000,48.7265,
600592.SH,龙溪股份,2011-03-21,13.4127,13.7545,13.0079,13.1968,10097781,3.3659,4401000000,4401000000,47.4962,
600592.SH,龙溪股份,2011-03-22,13.0978,13.2238,12.5401,12.702,10233487,3.4112,4236000000,4236000000,45.7155,
600592.SH,龙溪股份,2011-03-23,12.702,12.9089,12.6031,12.819,5086434,1.6955,4275000000,4275000000,46.1364,
600592.SH,龙溪股份,2011-03-24,12.8909,12.9449,12.639,12.783,6238401,2.0795,4263000000,4263000000,46.0069,
600592.SH,龙溪股份,2011-03-25,12.774,13.1068,12.684,13.0529,7607370,2.5358,4353000000,4353000000,46.9782,
600592.SH,龙溪股份,2011-03-28,13.0439,13.4217,12.8549,12.8729,9457691,3.1526,4293000000,4293000000,46.3307,
600592.SH,龙溪股份,2011-03-29,12.729,12.8639,12.1983,12.2882,9377372,3.1258,4098000000,4098000000,44.2262,
600592.SH,龙溪股份,2011-03-30,11.9914,12.4142,11.9914,12.0813,5053764,1.6846,4029000000,4029000000,43.4815,
600592.SH,龙溪股份,2011-03-31,12.1443,12.3692,12.0183,12.1173,4219367,1.4065,4041000000,4041000000,43.611,
600592.SH,龙溪股份,2011-04-01,12.1173,12.2792,12.0453,12.2612,3410999,1.137,4089000000,4089000000,44.1291,
600592.SH,龙溪股份,2011-04-06,12.2162,12.3062,11.8024,11.9464,6203335,2.0678,3984000000,3984000000,42.9959,
600592.SH,龙溪股份,2011-04-07,11.9554,12.2972,11.8834,12.2432,4209621,1.4032,4083000000,4083000000,44.0643,
600592.SH,龙溪股份,2011-04-08,12.1893,12.3602,12.1893,12.3242,3608520,1.2028,4110000000,4110000000,44.3557,
600592.SH,龙溪股份,2011-04-11,12.3422,12.5491,12.0093,12.3512,6157803,2.0526,4119000000,4119000000,44.4528,
600592.SH,龙溪股份,2011-04-12,12.2342,12.5491,12.1533,12.2252,4076797,1.3589,4077000000,4077000000,43.9996,
600592.SH,龙溪股份,2011-04-13,12.1893,12.5041,12.0993,12.4861,3596949,1.199,4164000000,4164000000,44.9385,
600592.SH,龙溪股份,2011-04-14,12.4591,12.666,12.2162,12.2882,5035067,1.6784,4098000000,4098000000,44.2262,
600592.SH,龙溪股份,2011-04-15,12.1803,12.2702,11.7844,11.8474,7011081,2.337,3951000000,3951000000,42.4654,
600592.SH,龙溪股份,2011-04-18,11.7755,11.9554,11.7215,11.8564,3692776,1.2309,3954000000,3954000000,42.4977,
600592.SH,龙溪股份,2011-04-19,11.8474,11.8474,11.5146,11.5236,4414101,1.4714,3843000000,3843000000,41.3046,
600592.SH,龙溪股份,2011-04-20,11.5236,11.7665,11.5236,11.6675,2674447,0.8915,3891000000,3891000000,41.8205,
600592.SH,龙溪股份,2011-04-21,11.6945,12.0453,11.6945,11.9374,3364040,1.1213,3981000000,3981000000,42.7879,
600592.SH,龙溪股份,2011-04-22,11.9374,11.9374,11.6495,11.7844,2652949,0.8843,3930000000,3930000000,42.2397,
600592.SH,龙溪股份,2011-04-25,12.0003,12.1353,11.7035,11.8834,3622291,1.2074,3963000000,3963000000,39.3279,
600592.SH,龙溪股份,2011-04-26,11.7395,11.8924,11.4966,11.5775,2908638,0.9695,3861000000,3861000000,38.3157,
600592.SH,龙溪股份,2011-04-27,11.5596,11.6675,11.1368,11.2357,3478628,1.1595,3747000000,3747000000,37.1843,
600592.SH,龙溪股份,2011-04-28,11.2447,11.5146,10.8399,10.8579,2842001,0.9473,3621000000,3621000000,35.934,
600592.SH,龙溪股份,2011-04-29,10.9119,11.1637,10.4351,11.1098,1985128,0.6617,3705000000,3705000000,36.7676,
600592.SH,龙溪股份,2011-05-03,11.1098,11.1817,10.8309,11.1547,1853349,0.6178,3720000000,3720000000,36.9164,
600592.SH,龙溪股份,2011-05-04,11.1817,11.1817,10.7769,10.8759,2964157,0.9881,3627000000,3627000000,35.9935,
600592.SH,龙溪股份,2011-05-05,10.8039,10.8759,10.696,10.8129,2092073,0.6974,3606000000,3606000000,35.7851,
600592.SH,龙溪股份,2011-05-06,10.7319,10.9388,10.57,10.7589,2817164,0.9391,3588000000,3588000000,35.6065,
600592.SH,龙溪股份,2011-05-09,10.8489,11.4066,10.8309,11.1817,4560700,1.5202,3729000000,3729000000,37.0057,
600592.SH,龙溪股份,2011-05-10,11.1458,11.2897,11.0018,11.2447,2739332,0.9131,3750000000,3750000000,37.2141,
600592.SH,龙溪股份,2011-05-11,11.2447,11.2447,11.2447,11.2447,--,--,3750000000,3750000000,37.2141,
600592.SH,龙溪股份,2011-05-12,11.1997,11.1997,10.8399,10.9029,2463021,0.821,3636000000,3636000000,36.0828,
600592.SH,龙溪股份,2011-05-13,10.8129,11.1727,10.8129,11.1458,2398797,0.7996,3717000000,3717000000,36.8866,
600592.SH,龙溪股份,2011-05-16,11.0558,11.2267,11.0018,11.0108,2533405,0.8445,3672000000,3672000000,36.4401,
600592.SH,龙溪股份,2011-05-17,10.9838,11.1727,10.8219,11.0648,2551198,0.8504,3690000000,3690000000,36.6187,
600592.SH,龙溪股份,2011-05-18,11.0198,11.2717,10.9119,11.2357,2697516,0.8992,3747000000,3747000000,37.1843,
600592.SH,龙溪股份,2011-05-19,11.1907,11.3616,11.1368,11.1637,2880185,0.9601,3723000000,3723000000,36.9462,
600592.SH,龙溪股份,2011-05-20,11.1547,11.2717,10.8849,10.9838,2185593,0.7285,3663000000,3663000000,36.3508,
600592.SH,龙溪股份,2011-05-23,10.9568,11.0288,10.4891,10.4981,3043585,1.0145,3501000000,3501000000,34.7431,
600592.SH,龙溪股份,2011-05-24,10.4081,10.4981,10.0483,10.2552,2937406,0.9791,3420000000,3420000000,33.9393,
600592.SH,龙溪股份,2011-05-25,10.3451,10.7319,10.1832,10.3181,3075417,1.0251,3441000000,3441000000,34.1477,
600592.SH,龙溪股份,2011-05-26,10.3001,10.4261,10.1382,10.1652,2044649,0.6815,3390000000,3390000000,33.6416,
600592.SH,龙溪股份,2011-05-27,10.1472,10.1562,9.8054,9.8863,2283442,0.7611,3297000000,3297000000,32.7187,
600592.SH,龙溪股份,2011-05-30,9.8594,10.0303,9.7334,9.8144,1607155,0.5357,3273000000,3273000000,32.4805,
600592.SH,龙溪股份,2011-05-31,9.8234,10.1292,9.8234,10.0932,2560961,0.8537,3366000000,3366000000,33.4034,
600592.SH,龙溪股份,2011-06-01,10.0753,10.1832,10.0303,10.1112,1594825,0.5316,3372000000,3372000000,33.4629,
600592.SH,龙溪股份,2011-06-02,9.8953,10.1112,9.7694,9.9223,1981207,0.6604,3309000000,3309000000,32.8377,
600592.SH,龙溪股份,2011-06-03,9.8953,10.1292,9.8773,10.0753,1806622,0.6022,3360000000,3360000000,33.3439,
600592.SH,龙溪股份,2011-06-07,10.0303,10.3451,9.9943,10.2462,2279854,0.76,3417000000,3417000000,33.9095,
600592.SH,龙溪股份,2011-06-08,10.2462,10.552,10.1112,10.3991,3057678,1.0192,3468000000,3468000000,34.4156,
600592.SH,龙溪股份,2011-06-09,10.3451,10.3721,9.8953,9.9313,3072132,1.024,3312000000,3312000000,32.8675,
600592.SH,龙溪股份,2011-06-10,9.9133,10.0213,9.6435,9.8414,3238696,1.0796,3282000000,3282000000,32.5698,
600592.SH,龙溪股份,2011-06-13,9.7694,9.8684,9.6255,9.7964,1542267,0.5141,3267000000,3267000000,32.4209,
600592.SH,龙溪股份,2011-06-14,9.8414,10.0213,9.7784,9.9673,1627140,0.5424,3324000000,3324000000,32.9866,
600592.SH,龙溪股份,2011-06-15,9.9673,10.0483,9.7874,9.8054,1922563,0.6409,3270000000,3270000000,32.4507,
600592.SH,龙溪股份,2011-06-16,9.6255,9.8414,9.5715,9.6435,1538379,0.5128,3216000000,3216000000,31.9148,
600592.SH,龙溪股份,2011-06-17,9.6435,9.8144,9.6255,9.6884,1515769,0.5053,3231000000,3231000000,32.0637,
600592.SH,龙溪股份,2011-06-20,9.7064,9.7154,9.5265,9.5985,1184603,0.3949,3201000000,3201000000,31.766,
600592.SH,龙溪股份,2011-06-21,9.5625,9.8234,9.5625,9.8144,1894263,0.6314,3273000000,3273000000,32.4805,
600592.SH,龙溪股份,2011-06-22,9.8054,10.0123,9.7154,9.7514,2939831,0.9799,3252000000,3252000000,32.2721,
600592.SH,龙溪股份,2011-06-23,9.6974,10.0393,9.5805,10.0033,2964545,0.9882,3336000000,3336000000,33.1057,
600592.SH,龙溪股份,2011-06-24,9.9853,10.3001,9.9133,10.2552,5511400,1.8371,3420000000,3420000000,33.9393,
600592.SH,龙溪股份,2011-06-27,10.2372,10.4891,10.1922,10.2552,4136506,1.3788,3420000000,3420000000,33.9393,
600592.SH,龙溪股份,2011-06-28,10.3271,10.4441,10.1472,10.3361,3271248,1.0904,3447000000,3447000000,34.2072,
600592.SH,龙溪股份,2011-06-29,10.3361,10.3631,10.1382,10.1472,2868602,0.9562,3384000000,3384000000,33.582,
600592.SH,龙溪股份,2011-06-30,10.1382,10.3271,10.1202,10.2102,2356768,0.7856,3405000000,3405000000,33.7904,
600592.SH,龙溪股份,2011-07-01,10.2282,10.3721,10.1922,10.2912,2500815,0.8336,3432000000,3432000000,34.0584,
600592.SH,龙溪股份,2011-07-04,10.3093,10.5543,10.3093,10.5453,3371294,1.1238,3486000000,3486000000,34.5942,
600592.SH,龙溪股份,2011-07-05,10.5453,10.6632,10.4545,10.5634,3061029,1.0203,3492000000,3492000000,34.6538,
600592.SH,龙溪股份,2011-07-06,10.509,10.6632,10.4091,10.6269,3166816,1.0556,3513000000,3513000000,34.8622,
600592.SH,龙溪股份,2011-07-07,10.6179,10.9809,10.5634,10.6451,6321515,2.1072,3519000000,3519000000,34.9217,
600592.SH,龙溪股份,2011-07-08,10.6542,11.117,10.6542,11.1079,7961468,2.6538,3672000000,3672000000,36.4401,
600592.SH,龙溪股份,2011-07-11,11.0262,11.3257,10.9536,11.2168,6938948,2.313,3708000000,3708000000,36.7973,
600592.SH,龙溪股份,2011-07-12,11.2168,11.2259,10.9446,11.1261,5814370,1.9381,3678000000,3678000000,36.4996,
600592.SH,龙溪股份,2011-07-13,11.117,11.3257,11.0444,11.3076,6351291,2.1171,3738000000,3738000000,37.095,
600592.SH,龙溪股份,2011-07-14,11.244,11.4074,11.0262,11.1896,5323237,1.7744,3699000000,3699000000,36.708,
600592.SH,龙溪股份,2011-07-15,11.1987,11.2077,11.0444,11.1714,4042934,1.3476,3693000000,3693000000,36.6485,
600592.SH,龙溪股份,2011-07-18,11.1624,11.3076,11.0716,11.1987,3986025,1.3287,3702000000,3702000000,36.7378,
600592.SH,龙溪股份,2011-07-19,11.1624,11.1624,10.7812,10.8084,4578153,1.5261,3573000000,3573000000,35.4576,
600592.SH,龙溪股份,2011-07-20,10.881,10.9809,10.7631,10.8992,2520470,0.8402,3603000000,3603000000,35.7553,
600592.SH,龙溪股份,2011-07-21,10.8992,11.0898,10.8175,10.9264,3387069,1.129,3612000000,3612000000,35.8446,
600592.SH,龙溪股份,2011-07-22,10.9083,11.0262,10.8447,10.8901,2114659,0.7049,3600000000,3600000000,35.7256,
600592.SH,龙溪股份,2011-07-25,10.6632,10.6995,10.0824,10.1278,4768928,1.5896,3348000000,3348000000,33.2248,
600592.SH,龙溪股份,2011-07-26,10.0824,10.2095,9.9735,10.155,2079428,0.6931,3357000000,3357000000,33.3141,
600592.SH,龙溪股份,2011-07-27,10.146,10.2367,9.8646,10.2367,5236675,1.7456,3384000000,3384000000,33.582,
600592.SH,龙溪股份,2011-07-28,10.0007,10.2095,10.0007,10.1278,2093682,0.6979,3348000000,3348000000,33.2248,
600592.SH,龙溪股份,2011-07-29,10.1641,10.1823,9.8737,9.9735,2643653,0.8812,3297000000,3297000000,32.7187,
600592.SH,龙溪股份,2011-08-01,10.0461,10.273,9.9372,10.1641,2315094,0.7717,3360000000,3360000000,29.8388,
600592.SH,龙溪股份,2011-08-02,10.1641,10.1641,9.9009,10.0733,1649980,0.55,3330000000,3330000000,29.5724,
600592.SH,龙溪股份,2011-08-03,9.9644,10.146,9.8102,10.0915,2098549,0.6995,3336000000,3336000000,29.6257,
600592.SH,龙溪股份,2011-08-04,9.9826,10.509,9.9826,10.4273,5717567,1.9059,3447000000,3447000000,30.6115,
600592.SH,龙溪股份,2011-08-05,10.146,10.4908,10.0552,10.3275,4018141,1.3394,3414000000,3414000000,30.3184,
600592.SH,龙溪股份,2011-08-08,10.1913,10.2821,9.5288,9.674,3554647,1.1849,3198000000,3198000000,28.4002,
600592.SH,龙溪股份,2011-08-09,9.3473,9.7557,9.0751,9.5651,3589729,1.1966,3162000000,3162000000,28.0805,
600592.SH,龙溪股份,2011-08-10,9.8011,9.9826,9.6468,9.674,3021601,1.0072,3198000000,3198000000,28.4002,
600592.SH,龙溪股份,2011-08-11,9.5288,9.8283,9.3564,9.8011,1933380,0.6445,3240000000,3240000000,28.7732,
600592.SH,龙溪股份,2011-08-12,9.8828,10.0733,9.8283,9.8555,2397083,0.799,3258000000,3258000000,28.933,
600592.SH,龙溪股份,2011-08-15,9.9372,10.0915,9.8011,10.0552,2395625,0.7985,3324000000,3324000000,29.5191,
600592.SH,龙溪股份,2011-08-16,10.0643,10.1369,9.8283,9.8828,2225621,0.7419,3267000000,3267000000,29.0129,
600592.SH,龙溪股份,2011-08-17,9.9644,9.9644,9.7648,9.7739,1738207,0.5794,3231000000,3231000000,28.6932,
600592.SH,龙溪股份,2011-08-18,9.8192,9.9281,9.6468,9.665,1459340,0.4864,3195000000,3195000000,28.3735,
600592.SH,龙溪股份,2011-08-19,9.4472,9.5198,9.3927,9.5107,1258720,0.4196,3144000000,3144000000,27.9206,
600592.SH,龙溪股份,2011-08-22,9.4835,9.674,9.3655,9.3746,1212831,0.4043,3099000000,3099000000,27.521,
600592.SH,龙溪股份,2011-08-23,9.4018,9.5833,9.3746,9.5379,1773804,0.5913,3153000000,3153000000,28.0006,
600592.SH,龙溪股份,2011-08-24,9.547,9.6831,9.4381,9.5833,2723896,0.908,3168000000,3168000000,28.1338,
600592.SH,龙溪股份,2011-08-25,9.5833,9.9372,9.4835,9.8737,3535611,1.1785,3264000000,3264000000,28.9863,
600592.SH,龙溪股份,2011-08-26,9.8465,10.0007,9.792,9.9281,2128800,0.7096,3282000000,3282000000,29.1462,
600592.SH,龙溪股份,2011-08-29,9.8374,9.9554,9.7376,9.8011,1740569,0.5802,3240000000,3240000000,28.7732,
600592.SH,龙溪股份,2011-08-30,9.91,9.9554,9.7829,9.9009,2020121,0.6734,3273000000,3273000000,29.0662,
600592.SH,龙溪股份,2011-08-31,9.8918,10.0189,9.7557,9.9917,1917042,0.639,3303000000,3303000000,29.3326,
600592.SH,龙溪股份,2011-09-01,10.0098,10.037,9.7829,9.8102,1587691,0.5292,3243000000,3243000000,28.7998,
600592.SH,龙溪股份,2011-09-02,9.7376,9.8102,9.6196,9.6559,1109121,0.3697,3192000000,3192000000,28.3469,
600592.SH,龙溪股份,2011-09-05,9.5288,9.665,9.3655,9.5924,1766367,0.5888,3171000000,3171000000,28.1604,
600592.SH,龙溪股份,2011-09-06,9.5288,9.665,9.5107,9.5379,746421,0.2488,3153000000,3153000000,28.0006,
600592.SH,龙溪股份,2011-09-07,9.5379,9.7466,9.5379,9.7376,912881,0.3043,3219000000,3219000000,28.5867,
600592.SH,龙溪股份,2011-09-08,9.7376,9.7376,9.7376,9.7376,--,--,3219000000,3219000000,28.5867,
600592.SH,龙溪股份,2011-09-09,9.6831,9.792,9.4835,9.5288,1049865,0.35,3150000000,3150000000,27.9739,
600592.SH,龙溪股份,2011-09-13,9.4835,9.4835,9.1658,9.2929,1078881,0.3596,3072000000,3072000000,27.2812,
600592.SH,龙溪股份,2011-09-14,9.302,9.4744,9.1568,9.4018,865464,0.2885,3108000000,3108000000,27.6009,
600592.SH,龙溪股份,2011-09-15,9.3836,9.5742,9.3473,9.4109,940937,0.3136,3111000000,3111000000,27.6276,
600592.SH,龙溪股份,2011-09-16,9.5198,9.665,9.4381,9.5016,1076236,0.3587,3141000000,3141000000,27.894,
600592.SH,龙溪股份,2011-09-19,9.4199,9.5288,9.2747,9.3201,631884,0.2106,3081000000,3081000000,27.3612,
600592.SH,龙溪股份,2011-09-20,9.3655,9.4653,9.2021,9.429,1136043,0.3787,3117000000,3117000000,27.6809,
600592.SH,龙溪股份,2011-09-21,9.4744,9.9463,9.3655,9.8737,3170503,1.0568,3264000000,3264000000,28.9863,
600592.SH,龙溪股份,2011-09-22,9.8102,9.8646,9.5288,9.5742,1841306,0.6138,3165000000,3165000000,28.1071,
600592.SH,龙溪股份,2011-09-23,9.4109,9.6922,9.3292,9.6831,922397,0.3075,3201000000,3201000000,28.4268,
600592.SH,龙溪股份,2011-09-26,9.6287,9.8465,9.5288,9.6287,862820,0.2876,3183000000,3183000000,28.267,
600592.SH,龙溪股份,2011-09-27,9.6196,9.8011,9.6105,9.7466,1912791,0.6376,3222000000,3222000000,28.6133,
600592.SH,龙溪股份,2011-09-28,9.8011,9.8555,9.3564,9.5924,1492983,0.4977,3171000000,3171000000,28.1604,
600592.SH,龙溪股份,2011-09-29,9.4472,9.5379,9.0751,9.0932,2480693,0.8269,3006000000,3006000000,26.6951,
600592.SH,龙溪股份,2011-09-30,9.1205,9.1749,8.821,8.939,1033487,0.3445,2955000000,2955000000,26.2422,
600592.SH,龙溪股份,2011-10-10,9.0025,9.0569,8.8301,8.9299,575279,0.1918,2952000000,2952000000,26.2156,
600592.SH,龙溪股份,2011-10-11,9.1658,9.2021,8.8664,8.9662,955268,0.3184,2964000000,2964000000,26.3221,
600592.SH,龙溪股份,2011-10-12,8.8936,9.2566,8.8391,9.2294,1440192,0.4801,3051000000,3051000000,27.0947,
600592.SH,龙溪股份,2011-10-13,9.2566,9.3655,9.184,9.311,1263379,0.4211,3078000000,3078000000,27.3345,
600592.SH,龙溪股份,2011-10-14,9.2475,9.311,9.1295,9.1931,920625,0.3069,3039000000,3039000000,26.9882,
600592.SH,龙溪股份,2011-10-17,9.302,9.3836,9.1931,9.2747,638011,0.2127,3066000000,3066000000,27.2279,
600592.SH,龙溪股份,2011-10-18,9.2566,9.2566,8.9753,8.9843,684560,0.2282,2970000000,2970000000,26.3754,
600592.SH,龙溪股份,2011-10-19,8.9934,9.2203,8.8754,8.8936,950852,0.317,2940000000,2940000000,26.109,
600592.SH,龙溪股份,2011-10-20,9.1295,9.1295,8.5306,8.5487,1300424,0.4335,2826000000,2826000000,25.0966,
600592.SH,龙溪股份,2011-10-21,8.5124,8.585,8.2674,8.34,835355,0.2785,2757000000,2757000000,24.4838,
600592.SH,龙溪股份,2011-10-24,8.3491,8.5034,7.9589,8.3945,1721521,0.5738,2775000000,2775000000,24.6437,
600592.SH,龙溪股份,2011-10-25,8.4035,8.6213,8.2856,8.585,1787566,0.5959,2838000000,2838000000,25.2032,
600592.SH,龙溪股份,2011-10-26,8.6213,8.7847,8.5124,8.5941,1539996,0.5133,2841000000,2841000000,25.2549,
600592.SH,龙溪股份,2011-10-27,8.585,8.7756,8.5306,8.576,1107014,0.369,2835000000,2835000000,25.2016,
600592.SH,龙溪股份,2011-10-28,8.6939,8.8754,8.6667,8.8028,1940159,0.6467,2910000000,2910000000,25.8683,
600592.SH,龙溪股份,2011-10-31,8.8028,8.8482,8.7302,8.7756,1341112,0.447,2901000000,2901000000,25.7883,
600592.SH,龙溪股份,2011-11-01,8.7484,8.9299,8.7121,8.7938,1152706,0.3842,2907000000,2907000000,25.8416,
600592.SH,龙溪股份,2011-11-02,8.6395,8.948,8.6395,8.948,1694239,0.5647,2958000000,2958000000,26.295,
600592.SH,龙溪股份,2011-11-03,9.0206,9.1658,8.8482,8.9208,2520040,0.84,2949000000,2949000000,26.215,
600592.SH,龙溪股份,2011-11-04,9.0116,9.0569,8.8936,9.0297,1504582,0.5015,2985000000,2985000000,26.535,
600592.SH,龙溪股份,2011-11-07,9.0297,9.066,8.939,8.9662,1130710,0.3769,2964000000,2964000000,26.3483,
600592.SH,龙溪股份,2011-11-08,8.9299,8.9843,8.7484,8.8028,1756148,0.5854,2910000000,2910000000,25.8683,
600592.SH,龙溪股份,2011-11-09,8.8936,9.0116,8.7847,9.0116,2319582,0.7732,2979000000,2979000000,26.4817,
600592.SH,龙溪股份,2011-11-10,8.8754,9.0297,8.8482,8.8482,1579534,0.5265,2925000000,2925000000,26.0017,
600592.SH,龙溪股份,2011-11-11,8.8482,8.9117,8.6667,8.8936,2318981,0.773,2940000000,2940000000,26.135,
600592.SH,龙溪股份,2011-11-14,8.9299,9.2294,8.8936,9.2112,3555129,1.185,3045000000,3045000000,27.0684,
600592.SH,龙溪股份,2011-11-15,9.2384,9.5016,9.1749,9.4109,4815262,1.6051,3111000000,3111000000,27.6551,
600592.SH,龙溪股份,2011-11-16,9.4472,9.5561,9.2657,9.2929,6025513,2.0085,3072000000,3072000000,27.3084,
600592.SH,龙溪股份,2011-11-17,9.3383,9.5198,9.2566,9.4744,3607651,1.2026,3132000000,3132000000,27.8418,
600592.SH,龙溪股份,2011-11-18,9.4018,9.6014,9.184,9.3655,6726533,2.2422,3096000000,3096000000,27.5217,
600592.SH,龙溪股份,2011-11-21,9.3292,9.4199,9.0751,9.3655,3828148,1.276,3096000000,3096000000,27.5217,
600592.SH,龙溪股份,2011-11-22,9.2475,9.8737,9.1931,9.8192,9132047,3.044,3246000000,3246000000,28.8552,
600592.SH,龙溪股份,2011-11-23,9.792,10.2186,9.6831,10.0643,11840506,3.9468,3327000000,3327000000,29.5752,
600592.SH,龙溪股份,2011-11-24,9.9644,10.146,9.8465,10.0824,15442122,5.1474,3333000000,3333000000,29.6285,
600592.SH,龙溪股份,2011-11-25,10.0098,10.0733,9.8192,10.0552,13443276,4.4811,3324000000,3324000000,29.5485,
600592.SH,龙溪股份,2011-11-28,9.9826,10.4182,9.8737,10.1278,17960133,5.9867,3348000000,3348000000,29.7619,
600592.SH,龙溪股份,2011-11-29,10.1097,10.1823,9.8283,10.1097,15122172,5.0407,3342000000,3342000000,29.7086,
600592.SH,龙溪股份,2011-11-30,10.0643,10.0643,9.8102,9.9917,15074463,5.0248,3303000000,3303000000,29.3619,
600592.SH,龙溪股份,2011-12-01,10.0007,10.3728,9.8828,10.0098,20825632,6.9419,3309000000,3309000000,29.4152,
600592.SH,龙溪股份,2011-12-02,9.9463,9.9554,9.311,9.7648,11621608,3.8739,3228000000,3228000000,28.6952,
600592.SH,龙溪股份,2011-12-05,9.6922,9.6922,9.3927,9.6196,7850552,2.6169,3180000000,3180000000,28.2685,
600592.SH,龙溪股份,2011-12-06,9.5742,10.0461,9.2838,9.3473,7983117,2.661,3090000000,3090000000,27.4684,
600592.SH,龙溪股份,2011-12-07,9.3473,9.5651,8.7121,8.939,7186135,2.3954,2955000000,2955000000,26.2683,
600592.SH,龙溪股份,2011-12-08,8.7938,8.8845,8.4489,8.6032,4484429,1.4948,2844000000,2844000000,25.2816,
600592.SH,龙溪股份,2011-12-09,8.4398,8.6576,8.4217,8.6123,2229724,0.7432,2847000000,2847000000,25.3083,
600592.SH,龙溪股份,2011-12-12,8.576,8.6486,8.3945,8.4126,1526856,0.509,2781000000,2781000000,24.7216,
600592.SH,龙溪股份,2011-12-13,8.3491,8.3491,7.8137,7.977,3232866,1.0776,2637000000,2637000000,23.4415,
600592.SH,龙溪股份,2011-12-14,7.8863,7.9861,7.7138,7.7864,1806711,0.6022,2574000000,2574000000,22.8815,
600592.SH,龙溪股份,2011-12-15,7.7411,7.7411,7.2601,7.2691,3043937,1.0146,2403000000,2403000000,21.3614,
600592.SH,龙溪股份,2011-12-16,7.251,7.5142,7.2328,7.496,2600693,0.8669,2478000000,2478000000,22.0281,
600592.SH,龙溪股份,2011-12-19,7.5051,7.5051,7.251,7.4234,1964500,0.6548,2454000000,2454000000,21.8147,
600592.SH,龙溪股份,2011-12-20,7.3508,7.5323,7.3327,7.3871,1864779,0.6216,2442000000,2442000000,21.708,
600592.SH,龙溪股份,2011-12-21,7.4869,7.5686,7.0786,7.1149,1708066,0.5694,2352000000,2352000000,20.908,
600592.SH,龙溪股份,2011-12-22,7.0786,7.1512,6.7609,7.0423,2769017,0.923,2328000000,2328000000,20.6946,
600592.SH,龙溪股份,2011-12-23,7.0423,7.2238,6.9334,7.0786,2059627,0.6865,2340000000,2340000000,20.8013,
600592.SH,龙溪股份,2011-12-26,7.0786,7.1693,7.0241,7.0786,1131333,0.3771,2340000000,2340000000,20.8013,
600592.SH,龙溪股份,2011-12-27,7.0332,7.0695,6.8063,6.8335,1448848,0.4829,2259000000,2259000000,20.0813,
600592.SH,龙溪股份,2011-12-28,6.6974,6.9243,6.525,6.6974,1655326,0.5518,2214000000,2214000000,19.6812,
600592.SH,龙溪股份,2011-12-29,6.6702,6.8517,6.6248,6.7337,1381805,0.4606,2226000000,2226000000,19.7879,
600592.SH,龙溪股份,2011-12-30,6.7337,6.8698,6.7337,6.8154,1241368,0.4138,2253000000,2253000000,20.0279,
600592.SH,龙溪股份,2012-01-04,6.8335,6.9334,6.5794,6.5976,1006077,0.3354,2181000000,2181000000,19.3879,
600592.SH,龙溪股份,2012-01-05,6.6157,6.6157,5.9351,5.9623,3495035,1.165,1971000000,1971000000,17.5211,
600592.SH,龙溪股份,2012-01-06,5.8534,6.0077,5.7899,6.0077,1508896,0.503,1986000000,1986000000,17.6545,
600592.SH,龙溪股份,2012-01-09,6.0168,6.2709,5.917,6.2527,2748114,0.916,2067000000,2067000000,18.3745,
600592.SH,龙溪股份,2012-01-10,6.4433,6.5885,6.2709,6.5522,3621264,1.2071,2166000000,2166000000,19.2546,
600592.SH,龙溪股份,2012-01-11,6.5704,6.7156,6.525,6.6339,2946428,0.9821,2193000000,2193000000,19.4946,
600592.SH,龙溪股份,2012-01-12,6.6248,6.7156,6.5431,6.643,1812997,0.6043,2196000000,2196000000,19.5212,
600592.SH,龙溪股份,2012-01-13,6.6067,6.6611,6.2618,6.3253,2272997,0.7577,2091000000,2091000000,18.5878,
600592.SH,龙溪股份,2012-01-16,6.162,6.3163,6.1075,6.1166,1230905,0.4103,2022000000,2022000000,17.9745,
600592.SH,龙溪股份,2012-01-17,6.1711,6.5341,6.0349,6.525,1773253,0.5911,2157000000,2157000000,19.1746,
600592.SH,龙溪股份,2012-01-18,6.5341,6.7156,6.4433,6.5068,2514538,0.8382,2151000000,2151000000,19.1212,
600592.SH,龙溪股份,2012-01-19,6.5068,6.652,6.4524,6.5976,1606487,0.5355,2181000000,2181000000,19.3879,
600592.SH,龙溪股份,2012-01-20,6.5613,6.7791,6.5613,6.7609,2298040,0.766,2235000000,2235000000,19.8679,
600592.SH,龙溪股份,2012-01-30,6.7972,6.8517,6.6611,6.6793,1671908,0.5573,2208000000,2208000000,20.6336,
600592.SH,龙溪股份,2012-01-31,6.7246,6.7246,6.4978,6.643,1250078,0.4167,2196000000,2196000000,20.5214,
600592.SH,龙溪股份,2012-02-01,6.5976,6.7065,6.4978,6.525,979465,0.3265,2157000000,2157000000,20.157,
600592.SH,龙溪股份,2012-02-02,6.5341,6.6611,6.5068,6.643,1695730,0.5652,2196000000,2196000000,20.5214,
600592.SH,龙溪股份,2012-02-03,6.6339,6.8517,6.5885,6.7972,2674768,0.8916,2247000000,2247000000,20.998,
600592.SH,龙溪股份,2012-02-06,6.7972,6.9424,6.7519,6.8789,2392075,0.7974,2274000000,2274000000,21.2504,
600592.SH,龙溪股份,2012-02-07,6.8789,6.8789,6.6157,6.6611,1954862,0.6516,2202000000,2202000000,20.5775,
600592.SH,龙溪股份,2012-02-08,6.643,6.8426,6.6157,6.8335,1945939,0.6486,2259000000,2259000000,21.1102,
600592.SH,龙溪股份,2012-02-09,6.8335,6.9697,6.7791,6.9424,3322553,1.1075,2295000000,2295000000,21.4466,
600592.SH,龙溪股份,2012-02-10,6.9424,7.1239,6.9243,6.9969,3013759,1.0046,2313000000,2313000000,21.6148,
600592.SH,龙溪股份,2012-02-13,6.8971,7.1693,6.8698,7.133,2930845,0.9769,2358000000,2358000000,22.0353,
600592.SH,龙溪股份,2012-02-14,7.133,7.1784,7.0241,7.1602,2671828,0.8906,2367000000,2367000000,22.1194,
600592.SH,龙溪股份,2012-02-15,7.0876,7.7592,7.0876,7.4234,6397472,2.1325,2454000000,2454000000,22.9324,
600592.SH,龙溪股份,2012-02-16,7.3962,7.4779,7.2601,7.378,3750537,1.2502,2439000000,2439000000,22.7923,
600592.SH,龙溪股份,2012-02-17,7.378,7.4234,7.251,7.3054,2096926,0.699,2415000000,2415000000,22.568,
600592.SH,龙溪股份,2012-02-20,7.5323,7.5323,7.2782,7.2782,2653666,0.8846,2406000000,2406000000,22.4839,
600592.SH,龙溪股份,2012-02-21,7.2419,7.3417,7.1693,7.3236,1779005,0.593,2421000000,2421000000,22.6241,
600592.SH,龙溪股份,2012-02-22,7.3236,7.4688,7.2964,7.4597,3079965,1.0267,2466000000,2466000000,23.0446,
600592.SH,龙溪股份,2012-02-23,7.4416,7.5868,7.4234,7.5595,3562164,1.1874,2499000000,2499000000,23.353,
600592.SH,龙溪股份,2012-02-24,7.5959,7.6685,7.5323,7.6322,3918590,1.3062,2523000000,2523000000,23.5772,
600592.SH,龙溪股份,2012-02-27,7.6412,7.8318,7.5868,7.6322,3821670,1.2739,2523000000,2523000000,23.5772,
600592.SH,龙溪股份,2012-02-28,7.5686,7.614,7.378,7.5323,2727177,0.9091,2490000000,2490000000,23.2689,
600592.SH,龙溪股份,2012-02-29,7.4688,7.5323,7.3327,7.3417,1950831,0.6503,2427000000,2427000000,22.6801,
600592.SH,龙溪股份,2012-03-01,7.3508,7.6594,7.3145,7.6049,2570514,0.8568,2514000000,2514000000,23.4931,
600592.SH,龙溪股份,2012-03-02,7.5777,7.732,7.5232,7.7048,3797243,1.2657,2547000000,2547000000,23.8015,
600592.SH,龙溪股份,2012-03-05,7.7138,7.7229,7.5777,7.614,2725093,0.9084,2517000000,2517000000,23.5212,
600592.SH,龙溪股份,2012-03-06,7.5959,7.6412,7.4416,7.4869,1850484,0.6168,2475000000,2475000000,23.1287,
600592.SH,龙溪股份,2012-03-07,7.4143,7.5595,7.3599,7.4416,2243443,0.7478,2460000000,2460000000,22.9885,
600592.SH,龙溪股份,2012-03-08,7.4688,7.6685,7.4688,7.6322,3516817,1.1723,2523000000,2523000000,23.5772,
600592.SH,龙溪股份,2012-03-09,7.6594,7.9316,7.614,7.9135,5845384,1.9485,2616000000,2616000000,24.4463,
600592.SH,龙溪股份,2012-03-12,7.859,7.977,7.7138,7.85,4493580,1.4979,2595000000,2595000000,24.2501,
600592.SH,龙溪股份,2012-03-13,7.7774,7.8863,7.7229,7.8863,2753307,0.9178,2607000000,2607000000,24.3622,
600592.SH,龙溪股份,2012-03-14,7.859,8.0768,7.3145,7.369,6080896,2.027,2436000000,2436000000,22.7642,
600592.SH,龙溪股份,2012-03-15,7.3871,7.5686,7.0786,7.2147,3587893,1.196,2385000000,2385000000,22.2876,
600592.SH,龙溪股份,2012-03-16,7.1965,7.378,7.1784,7.369,2455470,0.8185,2436000000,2436000000,22.7642,
600592.SH,龙溪股份,2012-03-19,7.3962,7.7592,7.2964,7.7138,3001087,1.0004,2550000000,2550000000,23.8295,
600592.SH,龙溪股份,2012-03-20,7.614,7.7501,7.3962,7.4234,3591906,1.1973,2454000000,2454000000,22.9324,
600592.SH,龙溪股份,2012-03-21,7.4869,7.5414,7.3054,7.4597,2283724,0.7612,2466000000,2466000000,23.0446,
600592.SH,龙溪股份,2012-03-22,7.4688,7.6231,7.4325,7.5868,2932864,0.9776,2508000000,2508000000,23.4371,
600592.SH,龙溪股份,2012-03-23,7.5323,7.5323,7.3054,7.3962,1825511,0.6085,2445000000,2445000000,22.8483,
600592.SH,龙溪股份,2012-03-26,7.369,7.5051,7.3508,7.4869,1369170,0.4564,2475000000,2475000000,23.1287,
600592.SH,龙溪股份,2012-03-27,7.5051,7.5686,7.4416,7.5595,1831706,0.6106,2499000000,2499000000,23.353,
600592.SH,龙溪股份,2012-03-28,7.4869,7.4869,7.1512,7.378,2644015,0.8813,2439000000,2439000000,22.7923,
600592.SH,龙溪股份,2012-03-29,7.3327,7.4143,7.0332,7.2056,2375212,0.7917,2382000000,2382000000,22.2596,
600592.SH,龙溪股份,2012-03-30,7.2238,7.5323,6.7519,7.496,6905429,2.3018,2478000000,2478000000,23.1567,
600592.SH,龙溪股份,2012-04-05,7.5323,7.6957,7.3236,7.6412,9506465,3.1688,2526000000,2526000000,23.6053,
600592.SH,龙溪股份,2012-04-06,7.5595,7.6412,7.4597,7.5959,4867437,1.6225,2511000000,2511000000,23.4651,
600592.SH,龙溪股份,2012-04-09,7.5868,7.5868,7.251,7.2782,3210785,1.0703,2406000000,2406000000,22.4839,
600592.SH,龙溪股份,2012-04-10,7.1693,7.3599,6.9152,7.3236,3594969,1.1983,2421000000,2421000000,22.6241,
600592.SH,龙溪股份,2012-04-11,7.1693,7.2873,7.0876,7.2419,1646474,0.5488,2394000000,2394000000,22.3717,
600592.SH,龙溪股份,2012-04-12,7.2328,7.4053,7.1784,7.3871,2214868,0.7383,2442000000,2442000000,22.8203,
600592.SH,龙溪股份,2012-04-13,7.4053,7.5323,7.3508,7.5051,3305381,1.1018,2481000000,2481000000,23.1847,
600592.SH,龙溪股份,2012-04-16,7.496,7.7411,7.4325,7.6685,4947603,1.6492,2535000000,2535000000,23.6894,
600592.SH,龙溪股份,2012-04-17,7.5868,7.7411,7.5414,7.5595,3563320,1.1878,2499000000,2499000000,23.353,
600592.SH,龙溪股份,2012-04-18,7.5595,7.9135,7.5595,7.8953,7426090,2.4754,2610000000,2610000000,24.3902,
600592.SH,龙溪股份,2012-04-19,7.8953,7.9498,7.7592,7.8137,5090863,1.697,2583000000,2583000000,23.5667,
600592.SH,龙溪股份,2012-04-20,7.7864,8.0224,7.7229,7.9226,5435828,1.8119,2619000000,2619000000,23.8951,
600592.SH,龙溪股份,2012-04-23,7.9135,7.9226,7.732,7.7774,4604044,1.5347,2571000000,2571000000,23.4572,
600592.SH,龙溪股份,2012-04-24,7.6775,7.859,7.4143,7.6866,4067458,1.3558,2541000000,2541000000,23.1835,
600592.SH,龙溪股份,2012-04-25,7.6503,8.3491,7.5686,8.1948,9902496,3.3008,2709000000,2709000000,24.7163,
600592.SH,龙溪股份,2012-04-26,8.222,8.4217,8.1404,8.1857,9347308,3.1158,2706000000,2706000000,24.6889,
600592.SH,龙溪股份,2012-04-27,8.1948,8.222,7.9861,8.0133,3860204,1.2867,2649000000,2649000000,24.4406,
600592.SH,龙溪股份,2012-05-02,8.1131,8.1857,8.0315,8.1131,3960823,1.3203,2682000000,2682000000,24.745,
600592.SH,龙溪股份,2012-05-03,8.0678,8.095,7.8409,7.9135,4840622,1.6135,2616000000,2616000000,24.1361,
600592.SH,龙溪股份,2012-05-04,7.9044,8.0224,7.85,7.9226,3340219,1.1134,2619000000,2619000000,24.1638,
600592.SH,龙溪股份,2012-05-07,7.8953,7.977,7.7411,7.9679,2719520,0.9065,2634000000,2634000000,24.3022,
600592.SH,龙溪股份,2012-05-08,7.9589,8.0405,7.8953,8.0315,3191736,1.0639,2655000000,2655000000,24.4959,
600592.SH,龙溪股份,2012-05-09,7.977,7.9861,7.732,7.7501,3350793,1.1169,2562000000,2562000000,23.6379,
600592.SH,龙溪股份,2012-05-10,7.6957,7.8227,7.6866,7.7138,2131524,0.7105,2550000000,2550000000,23.5272,
600592.SH,龙溪股份,2012-05-11,7.7138,7.85,7.6775,7.6866,1846877,0.6156,2541000000,2541000000,23.4441,
600592.SH,龙溪股份,2012-05-14,7.7138,7.7955,7.6503,7.6594,1882916,0.6276,2532000000,2532000000,23.3611,
600592.SH,龙溪股份,2012-05-15,7.5959,7.614,7.2691,7.3327,4666273,1.5554,2424000000,2424000000,22.3647,
600592.SH,龙溪股份,2012-05-16,7.3327,7.3327,7.3327,7.3327,--,--,2424000000,2424000000,22.3647,
600592.SH,龙溪股份,2012-05-17,7.251,7.4779,7.0604,7.4597,5598702,1.8662,2466000000,2466000000,22.7522,
600592.SH,龙溪股份,2012-05-18,7.4053,7.6231,7.3508,7.5323,4848958,1.6163,2490000000,2490000000,22.9736,
600592.SH,龙溪股份,2012-05-21,7.6231,7.8772,7.5414,7.5868,6545715,2.1819,2508000000,2508000000,23.1397,
600592.SH,龙溪股份,2012-05-22,7.6231,8.3309,7.5414,8.2946,10687639,3.5625,2742000000,2742000000,25.2986,
600592.SH,龙溪股份,2012-05-23,8.2946,8.2946,8.2946,8.2946,--,--,2742000000,2742000000,25.2986,
600592.SH,龙溪股份,2012-05-24,8.1222,8.2493,7.9498,8.2311,13511345,4.5038,2721000000,2721000000,25.1049,
600592.SH,龙溪股份,2012-05-25,8.1585,8.6576,8.0496,8.4489,24895762,8.2986,2793000000,2793000000,25.7692,
600592.SH,龙溪股份,2012-05-28,8.3491,8.5487,8.1676,8.4035,15419845,5.1399,2778000000,2778000000,25.6308,
600592.SH,龙溪股份,2012-05-29,8.2583,8.3672,8.1222,8.2039,12297102,4.099,2712000000,2712000000,25.0218,
600592.SH,龙溪股份,2012-05-30,8.1676,8.2583,8.0405,8.2311,6991653,2.3306,2721000000,2721000000,25.1049,
600592.SH,龙溪股份,2012-05-31,8.1222,8.222,8.0224,8.0859,4514367,1.5048,2673000000,2673000000,24.662,
600592.SH,龙溪股份,2012-06-01,8.0678,8.1404,7.8137,7.8227,5637603,1.8792,2586000000,2586000000,23.8593,
600592.SH,龙溪股份,2012-06-04,7.6503,7.6775,7.369,7.378,5907674,1.9692,2439000000,2439000000,22.503,
600592.SH,龙溪股份,2012-06-05,7.3962,7.4506,7.3236,7.378,2971714,0.9906,2439000000,2439000000,22.503,
600592.SH,龙溪股份,2012-06-06,7.3962,7.5142,7.3599,7.4506,2714940,0.905,2463000000,2463000000,22.7245,
600592.SH,龙溪股份,2012-06-07,7.5232,7.614,7.3236,7.369,3118688,1.0396,2436000000,2436000000,22.4754,
600592.SH,龙溪股份,2012-06-08,7.4325,7.5686,7.378,7.4234,2396100,0.7987,2454000000,2454000000,22.6414,
600592.SH,龙溪股份,2012-06-11,7.4688,7.4869,7.2147,7.4688,2457411,0.8191,2469000000,2469000000,22.7798,
600592.SH,龙溪股份,2012-06-12,7.4597,7.4597,7.2964,7.3327,1401039,0.467,2424000000,2424000000,22.3647,
600592.SH,龙溪股份,2012-06-13,7.3417,7.5051,7.3417,7.4869,1953094,0.651,2475000000,2475000000,22.8352,
600592.SH,龙溪股份,2012-06-14,7.4869,7.6957,7.4234,7.5777,3707544,1.2358,2505000000,2505000000,23.112,
600592.SH,龙溪股份,2012-06-15,7.6231,7.6231,7.5142,7.5777,2643886,0.8813,2505000000,2505000000,23.112,
600592.SH,龙溪股份,2012-06-18,7.5777,7.5777,7.5777,7.5777,--,--,2505000000,2505000000,23.112,
600592.SH,龙溪股份,2012-06-19,7.614,7.6957,7.5777,7.5959,2392488,0.7975,2511000000,2511000000,23.1673,
600592.SH,龙溪股份,2012-06-20,7.6503,7.6685,7.5595,7.5777,1716975,0.5723,2505000000,2505000000,23.112,
600592.SH,龙溪股份,2012-06-21,7.5686,7.6231,7.4143,7.4325,2045679,0.6819,2457000000,2457000000,22.6691,
600592.SH,龙溪股份,2012-06-25,7.4325,7.4688,7.2873,7.3236,1477785,0.4926,2421000000,2421000000,22.337,
600592.SH,龙溪股份,2012-06-26,7.3971,7.3971,7.1674,7.2409,1073450,0.3578,2364000000,2364000000,21.8111,
600592.SH,龙溪股份,2012-06-27,7.2409,7.3787,7.2225,7.2501,1098158,0.3661,2367000000,2367000000,21.8387,
600592.SH,龙溪股份,2012-06-28,7.3144,7.3144,7.1031,7.1214,828140,0.276,2325000000,2325000000,21.4512,
600592.SH,龙溪股份,2012-06-29,7.0571,7.149,6.956,7.1214,2347998,0.7827,2325000000,2325000000,21.4512,
600592.SH,龙溪股份,2012-07-02,7.195,7.2868,7.1214,7.1858,1572266,0.5241,2346000000,2346000000,21.645,
600592.SH,龙溪股份,2012-07-03,7.1674,7.2777,7.1031,7.195,1334594,0.4449,2349000000,2349000000,21.6727,
600592.SH,龙溪股份,2012-07-04,7.2593,7.4247,7.1674,7.342,1875436,0.6251,2397000000,2397000000,22.1155,
600592.SH,龙溪股份,2012-07-05,7.3144,7.5901,7.195,7.4614,4620112,1.54,2436000000,2436000000,22.4754,
600592.SH,龙溪股份,2012-07-06,7.4247,7.4614,7.2868,7.3971,3742236,1.2474,2415000000,2415000000,22.2816,
600592.SH,龙溪股份,2012-07-09,7.3879,7.3879,6.9377,6.9469,2856913,0.9523,2268000000,2268000000,20.9253,
600592.SH,龙溪股份,2012-07-10,6.9193,6.956,6.7723,6.8917,2065567,0.6885,2250000000,2250000000,20.7593,
600592.SH,龙溪股份,2012-07-11,6.8917,7.0296,6.855,6.9377,1316067,0.4387,2265000000,2265000000,20.8977,
600592.SH,龙溪股份,2012-07-12,6.9377,7.2501,6.7998,7.002,3571566,1.1905,2286000000,2286000000,21.0914,
600592.SH,龙溪股份,2012-07-13,6.9469,7.1031,6.9193,6.9285,1910900,0.637,2262000000,2262000000,20.87,
600592.SH,龙溪股份,2012-07-16,6.9285,6.9836,6.469,6.4782,2502201,0.8341,2115000000,2115000000,19.5137,
600592.SH,龙溪股份,2012-07-17,6.4506,6.6528,6.4323,6.5333,1332269,0.4441,2133000000,2133000000,19.6798,
600592.SH,龙溪股份,2012-07-18,6.469,6.5701,6.3496,6.5242,1458871,0.4863,2130000000,2130000000,19.6521,
600592.SH,龙溪股份,2012-07-19,6.4966,6.6252,6.469,6.5885,2282209,0.7607,2151000000,2151000000,19.8459,
600592.SH,龙溪股份,2012-07-20,6.5701,6.6528,6.469,6.4874,1315892,0.4386,2118000000,2118000000,19.5414,
600592.SH,龙溪股份,2012-07-23,6.4323,6.4782,6.322,6.3955,992419,0.3308,2088000000,2088000000,19.2646,
600592.SH,龙溪股份,2012-07-24,6.3312,6.4506,6.322,6.4231,1376295,0.4588,2097000000,2097000000,19.3476,
600592.SH,龙溪股份,2012-07-25,6.4231,6.4415,6.3404,6.3679,1100216,0.3667,2079000000,2079000000,19.1816,
600592.SH,龙溪股份,2012-07-26,6.3679,6.4047,6.322,6.3312,937569,0.3125,2067000000,2067000000,19.0708,
600592.SH,龙溪股份,2012-07-27,6.662,6.9652,6.662,6.7539,7998405,2.6661,2205000000,2205000000,20.3441,
600592.SH,龙溪股份,2012-07-30,6.5242,6.7079,6.4966,6.5977,2952507,0.9842,2154000000,2154000000,19.8735,
600592.SH,龙溪股份,2012-07-31,6.5242,6.6252,6.4415,6.5333,1936026,0.6453,2133000000,2133000000,19.6798,
600592.SH,龙溪股份,2012-08-01,6.5609,6.9009,6.5333,6.8825,4384053,1.4614,2247000000,2247000000,20.7316,
600592.SH,龙溪股份,2012-08-02,6.8182,6.8642,6.7171,6.7814,2668861,0.8896,2214000000,2214000000,20.4271,
600592.SH,龙溪股份,2012-08-03,6.7998,6.9101,6.7079,6.9009,2707314,0.9024,2253000000,2253000000,20.7869,
600592.SH,龙溪股份,2012-08-06,6.809,7.0296,6.7539,6.9285,3427407,1.1425,2262000000,2262000000,20.87,
600592.SH,龙溪股份,2012-08-07,6.9285,6.9744,6.8458,6.8825,2420862,0.807,2247000000,2247000000,20.7316,
600592.SH,龙溪股份,2012-08-08,6.8825,6.956,6.7998,6.9101,3138350,1.0461,2256000000,2256000000,20.8146,
600592.SH,龙溪股份,2012-08-09,6.8458,7.0296,6.8274,6.956,3187866,1.0626,2271000000,2271000000,20.953,
600592.SH,龙溪股份,2012-08-10,6.9836,7.1674,6.8917,6.9285,4314744,1.4382,2262000000,2262000000,20.87,
600592.SH,龙溪股份,2012-08-13,6.8733,6.9652,6.7171,6.7263,2949477,0.9832,2196000000,2196000000,20.261,
600592.SH,龙溪股份,2012-08-14,6.7079,6.7906,6.5977,6.7631,1932346,0.6441,2208000000,2208000000,20.3718,
600592.SH,龙溪股份,2012-08-15,6.7263,6.8182,6.616,6.6436,1323352,0.4411,2169000000,2169000000,20.0119,
600592.SH,龙溪股份,2012-08-16,6.6436,6.6804,6.6069,6.6528,1177742,0.3926,2172000000,2172000000,20.0396,
600592.SH,龙溪股份,2012-08-17,6.6712,6.7263,6.6252,6.7263,1210947,0.4036,2196000000,2196000000,20.261,
600592.SH,龙溪股份,2012-08-20,6.6804,6.8458,6.662,6.8182,2717953,0.906,2226000000,2226000000,19.7154,
600592.SH,龙溪股份,2012-08-21,6.8366,6.8825,6.7998,6.8825,2651543,0.8838,2247000000,2247000000,19.9014,
600592.SH,龙溪股份,2012-08-22,6.8642,6.8733,6.662,6.6987,2076974,0.6923,2187000000,2187000000,19.3699,
600592.SH,龙溪股份,2012-08-23,6.6987,6.7814,6.6528,6.7355,1819510,0.6065,2199000000,2199000000,19.4762,
600592.SH,龙溪股份,2012-08-24,6.6804,6.809,6.6804,6.6896,1539599,0.5132,2184000000,2184000000,19.3434,
600592.SH,龙溪股份,2012-08-27,6.6344,6.6436,6.3312,6.3404,3134238,1.0447,2070000000,2070000000,18.3337,
600592.SH,龙溪股份,2012-08-28,6.3404,6.515,6.322,6.3863,1547534,0.5158,2085000000,2085000000,18.4665,
600592.SH,龙溪股份,2012-08-29,6.3863,6.6344,6.3771,6.5793,3418452,1.1395,2148000000,2148000000,19.0245,
600592.SH,龙溪股份,2012-08-30,6.5609,6.662,6.4415,6.5517,1366508,0.4555,2139000000,2139000000,18.9448,
600592.SH,龙溪股份,2012-08-31,6.5333,6.6436,6.515,6.5977,1298792,0.4329,2154000000,2154000000,19.0777,
600592.SH,龙溪股份,2012-09-03,6.5701,6.7355,6.5517,6.7079,2679648,0.8932,2190000000,2190000000,19.3965,
600592.SH,龙溪股份,2012-09-04,6.6804,6.7447,6.5058,6.6069,2637214,0.8791,2157000000,2157000000,19.1042,
600592.SH,龙溪股份,2012-09-05,6.6069,6.7263,6.5242,6.6344,2796949,0.9323,2166000000,2166000000,19.184,
600592.SH,龙溪股份,2012-09-06,6.7814,6.8642,6.6712,6.7539,4068866,1.3563,2205000000,2205000000,19.5294,
600592.SH,龙溪股份,2012-09-07,6.7539,7.1214,6.7539,6.956,8017435,2.6725,2271000000,2271000000,20.1139,
600592.SH,龙溪股份,2012-09-10,6.9836,7.1031,6.9009,7.0479,4304782,1.4349,2301000000,2301000000,20.3796,
600592.SH,龙溪股份,2012-09-11,6.9928,7.149,6.9101,7.0112,3661573,1.2205,2289000000,2289000000,20.2733,
600592.SH,龙溪股份,2012-09-12,7.0479,7.2133,6.8917,7.1674,5569753,1.8566,2340000000,2340000000,20.725,
600592.SH,龙溪股份,2012-09-13,7.1306,7.4339,7.0847,7.2685,9050230,3.0167,2373000000,2373000000,21.0173,
600592.SH,龙溪股份,2012-09-14,7.2685,7.2685,7.2685,7.2685,--,--,2373000000,2373000000,21.0173,
600592.SH,龙溪股份,2012-09-17,7.1306,7.1398,6.6987,6.8366,8047992,2.6827,2232000000,2232000000,19.7685,
600592.SH,龙溪股份,2012-09-18,6.7539,6.8182,6.5701,6.7263,4068868,1.3563,2196000000,2196000000,19.4497,
600592.SH,龙溪股份,2012-09-19,6.7079,6.7998,6.5977,6.7355,4135513,1.3785,2199000000,2199000000,19.4762,
600592.SH,龙溪股份,2012-09-20,6.7171,6.7171,6.4598,6.515,3362767,1.1209,2127000000,2127000000,18.8385,
600592.SH,龙溪股份,2012-09-21,6.515,6.515,6.3404,6.3588,2289256,0.7631,2076000000,2076000000,18.3868,
600592.SH,龙溪股份,2012-09-24,6.3312,6.4874,6.1658,6.4047,3352061,1.1174,2091000000,2091000000,18.5197,
600592.SH,龙溪股份,2012-09-25,6.3404,6.3771,6.1842,6.2761,3264734,1.0882,2049000000,2049000000,18.1477,
600592.SH,龙溪股份,2012-09-26,6.2485,6.3496,6.0647,6.129,2246568,0.7489,2001000000,2001000000,17.7226,
600592.SH,龙溪股份,2012-09-27,6.129,6.2944,6.0739,6.2577,2431903,0.8106,2043000000,2043000000,18.0946,
600592.SH,龙溪股份,2012-09-28,6.2117,6.3679,6.2025,6.3496,2027888,0.676,2073000000,2073000000,18.3603,
600592.SH,龙溪股份,2012-10-08,6.3312,6.4047,6.2669,6.3496,1397301,0.4658,2073000000,2073000000,18.3603,
600592.SH,龙溪股份,2012-10-09,6.3679,6.5885,6.3128,6.5609,2885777,0.9619,2142000000,2142000000,18.9714,
600592.SH,龙溪股份,2012-10-10,6.5242,6.5977,6.4966,6.5609,1730502,0.5768,2142000000,2142000000,18.9714,
600592.SH,龙溪股份,2012-10-11,6.5609,6.5609,6.4139,6.4415,1923934,0.6413,2103000000,2103000000,18.626,
600592.SH,龙溪股份,2012-10-12,6.4415,6.4966,6.322,6.4231,1713321,0.5711,2097000000,2097000000,18.5728,
600592.SH,龙溪股份,2012-10-15,6.4231,6.469,6.3404,6.4139,1038042,0.346,2094000000,2094000000,18.5463,
600592.SH,龙溪股份,2012-10-16,6.4231,6.515,6.4139,6.4598,1357050,0.4523,2109000000,2109000000,18.6791,
600592.SH,龙溪股份,2012-10-17,6.469,6.4966,6.3863,6.4598,980619,0.3269,2109000000,2109000000,18.6791,
600592.SH,龙溪股份,2012-10-18,6.4598,6.5793,6.4415,6.5425,2463168,0.8211,2136000000,2136000000,18.9182,
600592.SH,龙溪股份,2012-10-19,6.5425,6.5609,6.4782,6.4874,1310035,0.4367,2118000000,2118000000,18.7588,
600592.SH,龙溪股份,2012-10-22,6.4506,6.5242,6.4231,6.5058,1048304,0.3494,2124000000,2124000000,18.812,
600592.SH,龙溪股份,2012-10-23,6.5058,6.5701,6.4415,6.5058,1906540,0.6355,2124000000,2124000000,18.812,
600592.SH,龙溪股份,2012-10-24,6.469,6.5242,6.4323,6.5058,1508323,0.5028,2124000000,2124000000,18.812,
600592.SH,龙溪股份,2012-10-25,6.4782,6.7079,6.4139,6.4966,2060413,0.6868,2121000000,2121000000,18.7854,
600592.SH,龙溪股份,2012-10-26,6.4782,6.5425,6.2209,6.2761,2339099,0.7797,2049000000,2049000000,18.8361,
600592.SH,龙溪股份,2012-10-29,6.2944,6.3036,6.1658,6.2301,860698,0.2869,2034000000,2034000000,18.6982,
600592.SH,龙溪股份,2012-10-30,6.2485,6.3128,6.2209,6.2669,795309,0.2651,2046000000,2046000000,18.8085,
600592.SH,龙溪股份,2012-10-31,6.3036,6.4047,6.2761,6.3863,1282158,0.4274,2085000000,2085000000,19.167,
600592.SH,龙溪股份,2012-11-01,6.3955,6.515,5.7799,6.4598,2960885,0.987,2109000000,2109000000,19.3876,
600592.SH,龙溪股份,2012-11-02,6.4323,6.5517,6.3771,6.4415,2760057,0.92,2103000000,2103000000,19.3325,
600592.SH,龙溪股份,2012-11-05,6.4323,6.5058,6.4231,6.4966,1787334,0.5958,2121000000,2121000000,19.4979,
600592.SH,龙溪股份,2012-11-06,6.515,6.5242,6.3312,6.469,1375720,0.4586,2112000000,2112000000,19.4152,
600592.SH,龙溪股份,2012-11-07,6.469,6.469,6.3863,6.4323,688208,0.2294,2100000000,2100000000,19.3049,
600592.SH,龙溪股份,2012-11-08,6.3404,6.3955,6.2393,6.3128,1222434,0.4075,2061000000,2061000000,18.9464,
600592.SH,龙溪股份,2012-11-09,6.2577,6.4598,6.2577,6.3771,1271606,0.4239,2082000000,2082000000,19.1394,
600592.SH,龙溪股份,2012-11-12,6.3496,6.4415,6.3496,6.3955,905106,0.3017,2088000000,2088000000,19.1946,
600592.SH,龙溪股份,2012-11-13,6.4139,6.4139,6.129,6.2761,1731363,0.5771,2049000000,2049000000,18.8361,
600592.SH,龙溪股份,2012-11-14,6.2117,6.2852,6.1842,6.2393,641775,0.2139,2037000000,2037000000,18.7257,
600592.SH,龙溪股份,2012-11-15,6.1658,6.2944,6.1658,6.2577,948983,0.3163,2043000000,2043000000,18.7809,
600592.SH,龙溪股份,2012-11-16,6.2393,6.2944,6.0739,6.2577,1012143,0.3374,2043000000,2043000000,18.7809,
600592.SH,龙溪股份,2012-11-19,6.2485,6.2485,6.0923,6.1658,871751,0.2906,2013000000,2013000000,18.5051,
600592.SH,龙溪股份,2012-11-20,6.2944,6.3404,6.1107,6.1198,2713976,0.9047,1998000000,1998000000,18.3672,
600592.SH,龙溪股份,2012-11-21,6.1107,6.175,5.9453,6.1015,3016275,1.0054,1992000000,1992000000,18.3121,
600592.SH,龙溪股份,2012-11-22,6.0463,6.0463,5.8809,5.9361,2054149,0.6847,1938000000,1938000000,17.8157,
600592.SH,龙溪股份,2012-11-23,5.9361,5.982,5.8809,5.9636,2240979,0.747,1947000000,1947000000,17.8984,
600592.SH,龙溪股份,2012-11-26,5.9544,6.0371,5.8626,5.8626,1604700,0.5349,1914000000,1914000000,17.595,
600592.SH,龙溪股份,2012-11-27,5.8626,5.8809,5.4215,5.4674,5350225,1.7834,1785000000,1785000000,16.4092,
600592.SH,龙溪股份,2012-11-28,5.4123,5.4491,5.2009,5.2469,1918106,0.6394,1713000000,1713000000,15.7473,
600592.SH,龙溪股份,2012-11-29,5.2377,5.2745,5.1274,5.1366,2380000,0.7933,1677000000,1677000000,15.4163,
600592.SH,龙溪股份,2012-11-30,5.0999,5.2469,5.0999,5.2101,1724988,0.575,1701000000,1701000000,15.637,
600592.SH,龙溪股份,2012-12-03,5.2193,5.2285,4.9896,5.0172,1675926,0.5586,1638000000,1638000000,15.0578,
600592.SH,龙溪股份,2012-12-04,5.0172,5.1642,4.8793,5.1274,1722861,0.5743,1674000000,1674000000,15.3888,
600592.SH,龙溪股份,2012-12-05,5.0723,5.4491,5.0723,5.4031,3591676,1.1972,1764000000,1764000000,16.2161,
600592.SH,龙溪股份,2012-12-06,5.3939,5.4215,5.2928,5.3664,2077567,0.6925,1752000000,1752000000,16.1058,
600592.SH,龙溪股份,2012-12-07,5.3755,5.5409,5.3112,5.4858,2930429,0.9768,1791000000,1791000000,16.4643,
600592.SH,龙溪股份,2012-12-10,5.495,5.6236,5.4582,5.5777,2681121,0.8937,1821000000,1821000000,16.7401,
600592.SH,龙溪股份,2012-12-11,5.5869,5.5869,5.4674,5.495,2497972,0.8327,1794000000,1794000000,16.4919,
600592.SH,龙溪股份,2012-12-12,5.495,5.5226,5.3939,5.4766,1880385,0.6268,1788000000,1788000000,16.4367,
600592.SH,龙溪股份,2012-12-13,5.4399,5.4766,5.3847,5.3939,1386899,0.4623,1761000000,1761000000,16.1885,
600592.SH,龙溪股份,2012-12-14,5.4215,5.6788,5.4215,5.6604,3947206,1.3157,1848000000,1848000000,16.9883,
600592.SH,龙溪股份,2012-12-17,5.688,5.7982,5.6328,5.7063,2971641,0.9905,1863000000,1863000000,17.1262,
600592.SH,龙溪股份,2012-12-18,5.7155,5.8074,5.6788,5.688,2353370,0.7845,1857000000,1857000000,17.071,
600592.SH,龙溪股份,2012-12-19,5.7431,5.7982,5.6604,5.7707,1894776,0.6316,1884000000,1884000000,17.3192,
600592.SH,龙溪股份,2012-12-20,5.7982,5.8993,5.7339,5.8717,3366866,1.1223,1917000000,1917000000,17.6226,
600592.SH,龙溪股份,2012-12-21,5.8442,5.9177,5.7707,5.7799,2741082,0.9137,1887000000,1887000000,17.3468,
600592.SH,龙溪股份,2012-12-24,5.7615,5.8534,5.7155,5.7615,1350725,0.4502,1881000000,1881000000,17.2917,
600592.SH,龙溪股份,2012-12-25,5.7431,5.9177,5.7247,5.8626,3454557,1.1515,1914000000,1914000000,17.595,
600592.SH,龙溪股份,2012-12-26,5.8626,6.0004,5.8626,5.9912,3039885,1.0133,1956000000,1956000000,17.9811,
600592.SH,龙溪股份,2012-12-27,6.028,6.0555,5.8717,5.8809,5206087,1.7354,1920000000,1920000000,17.6502,
600592.SH,龙溪股份,2012-12-28,5.8901,5.9636,5.835,5.8901,3128343,1.0428,1923000000,1923000000,17.6778,
600592.SH,龙溪股份,2012-12-31,5.9269,6.1198,5.9269,6.0647,4261048,1.4203,1980000000,1980000000,18.2018,
600592.SH,龙溪股份,2013-01-04,6.1107,6.1474,6.0463,6.1107,3948875,1.3163,1995000000,1995000000,18.3396,
600592.SH,龙溪股份,2013-01-07,6.0923,6.2301,6.0371,6.2301,3920773,1.3069,2034000000,2034000000,18.6982,
600592.SH,龙溪股份,2013-01-08,6.2209,6.5425,6.1474,6.4231,7237726,2.4126,2097000000,2097000000,19.2773,
600592.SH,龙溪股份,2013-01-09,6.4231,6.5058,6.3588,6.4966,5777365,1.9258,2121000000,2121000000,19.4979,
600592.SH,龙溪股份,2013-01-10,6.4966,6.5793,6.3496,6.4231,3502407,1.1675,2097000000,2097000000,19.2773,
600592.SH,龙溪股份,2013-01-11,6.4506,6.4506,6.1842,6.2301,3649034,1.2163,2034000000,2034000000,18.6982,
600592.SH,龙溪股份,2013-01-14,6.2301,6.5425,6.2301,6.4874,5773941,1.9246,2118000000,2118000000,19.4704,
600592.SH,龙溪股份,2013-01-15,6.5885,6.7539,6.5242,6.6436,7010140,2.3367,2169000000,2169000000,19.9392,
600592.SH,龙溪股份,2013-01-16,6.616,6.7631,6.5058,6.7447,4970418,1.6568,2202000000,2202000000,20.2426,
600592.SH,龙溪股份,2013-01-17,6.7814,7.1398,6.5701,6.6896,5890438,1.9635,2184000000,2184000000,20.0771,
600592.SH,龙溪股份,2013-01-18,6.616,6.7539,6.6069,6.6528,4147107,1.3824,2172000000,2172000000,19.9668,
600592.SH,龙溪股份,2013-01-21,6.6528,6.6896,6.5977,6.6344,2304861,0.7683,2166000000,2166000000,19.9116,
600592.SH,龙溪股份,2013-01-22,6.5885,6.6436,6.4139,6.469,3241882,1.0806,2112000000,2112000000,19.4152,
600592.SH,龙溪股份,2013-01-23,6.4415,6.5242,6.3312,6.4598,2312227,0.7707,2109000000,2109000000,19.3876,
600592.SH,龙溪股份,2013-01-24,6.4323,6.5701,6.2761,6.3771,3147422,1.0491,2082000000,2082000000,19.1394,
600592.SH,龙溪股份,2013-01-25,6.322,6.4782,6.3128,6.3955,1587590,0.5292,2088000000,2088000000,19.1946,
600592.SH,龙溪股份,2013-01-28,6.4782,6.616,6.4415,6.5885,3676861,1.2256,2151000000,2151000000,19.7737,
600592.SH,龙溪股份,2013-01-29,6.5793,6.7079,6.5701,6.616,3010953,1.0037,2160000000,2160000000,19.8565,
600592.SH,龙溪股份,2013-01-30,6.5977,6.7447,6.5977,6.662,2715576,0.9052,2175000000,2175000000,19.9944,
600592.SH,龙溪股份,2013-01-31,6.6712,6.7171,6.5517,6.6528,2017737,0.6726,2172000000,2172000000,19.9668,
600592.SH,龙溪股份,2013-02-01,6.5793,6.7447,6.5609,6.6712,3734187,1.2447,2178000000,2178000000,20.0219,
600592.SH,龙溪股份,2013-02-04,6.6987,6.6987,6.515,6.5425,2551803,0.8506,2136000000,2136000000,19.6358,
600592.SH,龙溪股份,2013-02-05,6.616,6.6804,6.5517,6.662,2977098,0.9924,2175000000,2175000000,19.9944,
600592.SH,龙溪股份,2013-02-06,6.6436,6.7631,6.6069,6.6712,4039551,1.3465,2178000000,2178000000,20.0219,
600592.SH,龙溪股份,2013-02-07,6.6896,6.6896,6.5793,6.6804,1864075,0.6214,2181000000,2181000000,20.0495,
600592.SH,龙溪股份,2013-02-08,6.6436,6.7447,6.6436,6.7355,2583577,0.8612,2199000000,2199000000,20.215,
600592.SH,龙溪股份,2013-02-18,6.7539,6.855,6.6896,6.809,4267468,1.4225,2223000000,2223000000,20.4356,
600592.SH,龙溪股份,2013-02-19,6.809,6.8366,6.6712,6.6987,2863226,0.9544,2187000000,2187000000,20.1047,
600592.SH,龙溪股份,2013-02-20,6.6987,6.8274,6.6436,6.7998,2935837,0.9786,2220000000,2220000000,20.408,
600592.SH,龙溪股份,2013-02-21,6.7814,6.7814,6.5425,6.5885,2515160,0.8384,2151000000,2151000000,19.7737,
600592.SH,龙溪股份,2013-02-22,6.5701,6.6804,6.469,6.4782,2110284,0.7034,2115000000,2115000000,19.4428,
600592.SH,龙溪股份,2013-02-25,6.469,6.5425,6.4231,6.5242,1618378,0.5395,2130000000,2130000000,19.5807,
600592.SH,龙溪股份,2013-02-26,6.5058,6.5333,6.3496,6.3771,1883012,0.6277,2082000000,2082000000,19.1394,
600592.SH,龙溪股份,2013-02-27,6.3863,6.4782,6.322,6.4139,1550412,0.5168,2094000000,2094000000,19.2497,
600592.SH,龙溪股份,2013-02-28,6.4323,6.5609,6.4139,6.5333,2943056,0.981,2133000000,2133000000,19.6083,
600592.SH,龙溪股份,2013-03-01,6.5425,6.7079,6.5333,6.6896,3463984,1.1547,2184000000,2184000000,20.0771,
600592.SH,龙溪股份,2013-03-04,6.6528,6.6712,6.4874,6.5701,4409488,1.4698,2145000000,2145000000,19.7186,
600592.SH,龙溪股份,2013-03-05,6.5793,6.7906,6.5058,6.7723,4472323,1.4908,2211000000,2211000000,20.3253,
600592.SH,龙溪股份,2013-03-06,6.7814,6.9377,6.7355,6.9009,6572588,2.1909,2253000000,2253000000,20.7114,
600592.SH,龙溪股份,2013-03-07,6.8733,6.9285,6.6896,6.8182,4249734,1.4166,2226000000,2226000000,20.4632,
600592.SH,龙溪股份,2013-03-08,6.7906,6.8458,6.7079,6.7171,2211716,0.7372,2193000000,2193000000,20.1598,
600592.SH,龙溪股份,2013-03-11,6.7723,7.1582,6.7355,7.149,10723367,3.5745,2334000000,2334000000,21.456,
600592.SH,龙溪股份,2013-03-12,7.1123,7.2501,6.8733,7.0296,9119257,3.0398,2295000000,2295000000,21.0975,
600592.SH,龙溪股份,2013-03-13,6.9836,6.9836,6.7079,6.7814,4671088,1.557,2214000000,2214000000,20.3529,
600592.SH,龙溪股份,2013-03-14,6.7355,6.855,6.7171,6.7814,2771395,0.9238,2214000000,2214000000,20.3529,
600592.SH,龙溪股份,2013-03-15,6.7814,7.2133,6.7631,7.0296,9484281,3.1614,2295000000,2295000000,21.0975,
600592.SH,龙溪股份,2013-03-18,7.002,7.1674,6.8917,7.0296,5401757,1.8006,2295000000,2295000000,21.0975,
600592.SH,龙溪股份,2013-03-19,7.1123,7.7095,7.1123,7.489,14102397,4.7008,2445000000,2445000000,22.4764,
600592.SH,龙溪股份,2013-03-20,7.489,7.6176,7.3512,7.6085,8797457,2.9325,2484000000,2484000000,22.8349,
600592.SH,龙溪股份,2013-03-21,7.5993,7.682,7.4614,7.6544,7947685,2.6492,2499000000,2499000000,22.9728,
600592.SH,龙溪股份,2013-03-22,7.5625,7.636,7.4982,7.5166,4746415,1.5821,2454000000,2454000000,22.5591,
600592.SH,龙溪股份,2013-03-25,7.6176,7.8933,7.4431,7.4614,9687347,3.2291,2436000000,2436000000,22.3937,
600592.SH,龙溪股份,2013-03-26,7.3879,7.4339,7.2501,7.4247,5060550,1.6869,2424000000,2424000000,22.2834,
600592.SH,龙溪股份,2013-03-27,7.4247,7.5533,7.2868,7.3879,4104290,1.3681,2412000000,2412000000,22.173,
600592.SH,龙溪股份,2013-03-28,7.3787,7.3787,7.0939,7.1031,3814982,1.2717,2319000000,2319000000,21.3181,
600592.SH,龙溪股份,2013-03-29,7.2317,7.8014,7.2133,7.7003,9279326,3.0931,2514000000,2514000000,23.1107,
600592.SH,龙溪股份,2013-04-01,7.636,8.0311,7.5625,7.8474,10022084,3.3407,2562000000,2562000000,23.552,
600592.SH,龙溪股份,2013-04-02,7.8657,7.8657,7.5258,7.5901,5757344,1.9191,2478000000,2478000000,22.7798,
600592.SH,龙溪股份,2013-04-03,7.5349,7.7647,7.3879,7.7555,5591529,1.8638,2532000000,2532000000,23.2762,
600592.SH,龙溪股份,2013-04-08,7.6452,7.7922,7.5441,7.7463,5331914,1.7773,2529000000,2529000000,23.2486,
600592.SH,龙溪股份,2013-04-09,7.7187,7.783,7.4614,7.5441,6620392,2.2068,2463000000,2463000000,22.6419,
600592.SH,龙溪股份,2013-04-10,7.5166,7.5901,7.3971,7.4982,4160808,1.3869,2448000000,2448000000,22.504,
600592.SH,龙溪股份,2013-04-11,7.5258,7.7555,7.4431,7.682,5390337,1.7968,2508000000,2508000000,23.0556,
600592.SH,龙溪股份,2013-04-12,7.6268,7.6912,7.2685,7.3052,4058126,1.3527,2385000000,2385000000,21.9248,
600592.SH,龙溪股份,2013-04-15,7.2133,7.2409,6.6896,6.7079,7257740,2.4192,2190000000,2190000000,20.1322,
600592.SH,龙溪股份,2013-04-16,6.662,6.8458,6.662,6.7998,3227927,1.076,2220000000,2220000000,20.408,
600592.SH,龙溪股份,2013-04-17,6.7998,6.8274,6.616,6.7539,3162894,1.0543,2205000000,2205000000,20.2701,
600592.SH,龙溪股份,2013-04-18,6.7814,6.8366,6.6896,6.7906,2704269,0.9014,2217000000,2217000000,20.3804,
600592.SH,龙溪股份,2013-04-19,6.8274,7.1214,6.7814,7.0204,4903717,1.6346,2292000000,3052589282.44,21.0699,
600592.SH,龙溪股份,2013-04-22,6.9928,7.2317,6.9652,7.1674,3323367,1.1078,2340000000,3116517853.8,21.5112,
600592.SH,龙溪股份,2013-04-23,7.1674,7.1766,6.6436,6.7447,5726223,1.9087,2202000000,2932723211.14,26.96,
600592.SH,龙溪股份,2013-04-24,6.7539,6.9652,6.662,6.956,3327111,1.109,2271000000,3024620532.47,27.8047,
600592.SH,龙溪股份,2013-04-25,6.8917,7.1674,6.8917,7.0112,4975819,1.6586,2289000000,3048593746.73,28.0251,
600592.SH,龙溪股份,2013-04-26,6.9285,7.0112,6.7447,6.7539,2838504,0.9462,2205000000,2936718746.85,26.9967,
600592.SH,龙溪股份,2013-05-02,6.7355,6.7539,6.515,6.7171,2574778,0.8583,2193000000,2920736604.01,31.3112,
600592.SH,龙溪股份,2013-05-03,6.7263,6.8642,6.662,6.809,2118210,0.7061,2223000000,2960691961.11,31.7395,
600592.SH,龙溪股份,2013-05-06,6.8274,6.9744,6.7998,6.9652,2852947,0.951,2274000000,3028616068.18,32.4677,
600592.SH,龙溪股份,2013-05-07,6.9652,6.9744,6.809,6.855,1920341,0.6401,2238000000,2980669639.66,31.9537,
600592.SH,龙溪股份,2013-05-08,6.8366,7.0204,6.8366,7.0112,3247290,1.0824,2289000000,3048593746.73,32.6818,
600592.SH,龙溪股份,2013-05-09,7.0112,7.0204,6.8733,6.9652,2655703,0.8852,2274000000,3028616068.18,32.4677,
600592.SH,龙溪股份,2013-05-10,6.8917,7.1674,6.8917,7.0939,3112171,1.0374,2316000000,3084553568.12,33.0673,
600592.SH,龙溪股份,2013-05-13,7.0755,7.2133,7.0387,7.1214,3019106,1.0064,2325000000,3096540175.25,33.1959,
600592.SH,龙溪股份,2013-05-14,7.0755,7.1214,6.9377,6.956,2344388,0.7815,2271000000,3024620532.47,32.4248,
600592.SH,龙溪股份,2013-05-15,6.956,7.0296,6.9469,6.9928,1674288,0.5581,2283000000,3040602675.31,32.5962,
600592.SH,龙溪股份,2013-05-16,6.9469,7.0847,6.8733,7.0387,2570886,0.857,2298000000,3060580353.86,32.8103,
600592.SH,龙溪股份,2013-05-17,7.0387,7.3512,6.9836,7.3328,5739993,1.9133,2394000000,3188437496.58,34.181,
600592.SH,龙溪股份,2013-05-20,7.3512,7.4431,7.2685,7.342,4885049,1.6283,2397000000,3192433032.29,34.2239,
600592.SH,龙溪股份,2013-05-21,7.342,7.489,7.3052,7.4798,3635569,1.2119,2442000000,3252366067.94,34.8663,
600592.SH,龙溪股份,2013-05-22,7.5166,7.6452,7.3879,7.4798,3639610,1.2132,2442000000,3252366067.94,34.8663,
600592.SH,龙溪股份,2013-05-23,7.4339,7.5166,7.2593,7.2593,3423168,1.1411,2370000000,3156473210.9,33.8383,
600592.SH,龙溪股份,2013-05-24,7.2409,7.3695,7.2041,7.3236,2523660,0.8412,2391000000,3184441960.87,34.1382,
600592.SH,龙溪股份,2013-05-27,7.3052,7.489,7.3052,7.4706,2686047,0.8953,2439000000,3248370532.23,34.8235,
600592.SH,龙溪股份,2013-05-28,7.4614,7.5993,7.4063,7.5717,3226426,1.0755,2472000000,3292321425.04,35.2947,
600592.SH,龙溪股份,2013-05-29,7.5901,7.636,7.4798,7.5349,3590983,1.197,2460000000,3276339282.2,35.1233,
600592.SH,龙溪股份,2013-05-30,7.5166,7.7739,7.4982,7.7095,5009332,1.6698,2517000000,3352254460.69,35.9372,
600592.SH,龙溪股份,2013-05-31,7.682,7.7922,7.5717,7.5993,2913730,0.9712,2481000000,3304308032.17,35.4232,
600592.SH,龙溪股份,2013-06-03,7.636,7.636,7.4247,7.4614,2650868,0.8836,2436000000,3244374996.52,34.7807,
600592.SH,龙溪股份,2013-06-04,7.4614,7.489,7.0296,7.1123,5652448,1.8841,2322000000,3092544639.54,33.153,
600592.SH,龙溪股份,2013-06-05,7.149,7.2225,7.002,7.2133,2086141,0.6954,2355000000,3136495532.35,33.6242,
600592.SH,龙溪股份,2013-06-06,7.1674,7.3052,7.1306,7.2593,3574230,1.1914,2370000000,3156473210.9,33.8383,
600592.SH,龙溪股份,2013-06-07,7.2409,7.5993,7.1674,7.5349,7541435,2.5138,2460000000,3276339282.2,35.1233,
600592.SH,龙溪股份,2013-06-13,7.4706,7.7279,7.149,7.6912,11831857,3.944,2511000000,3344263389.27,35.8515,
600592.SH,龙溪股份,2013-06-14,7.682,7.8841,7.4982,7.6176,11999382,3.9998,2487000000,3312299103.59,35.5089,
600592.SH,龙溪股份,2013-06-17,7.5901,7.8566,7.4614,7.6728,6695532,2.2318,2505000000,3336272317.85,35.7659,
600592.SH,龙溪股份,2013-06-18,7.6636,7.7739,7.3604,7.4247,4981329,1.6604,2424000000,3228392853.68,34.6093,
600592.SH,龙溪股份,2013-06-19,7.3604,7.7003,7.2593,7.6912,5505155,1.8351,2511000000,3344263389.27,35.8515,
600592.SH,龙溪股份,2013-06-20,7.7647,7.7647,7.4706,7.5258,3800570,1.2669,2457000000,3272343746.49,35.0805,
600592.SH,龙溪股份,2013-06-21,7.2685,7.4522,7.0939,7.1582,4312622,1.4375,2337000000,3112522318.09,33.3672,
600592.SH,龙溪股份,2013-06-24,7.0939,7.1214,6.4966,6.5609,3958589,1.3195,2142000000,2852812496.94,30.583,
600592.SH,龙溪股份,2013-06-25,6.5425,6.6712,6.0647,6.6069,3467855,1.156,2157000000,2872790175.49,30.7972,
600592.SH,龙溪股份,2013-06-26,6.5977,6.662,6.4323,6.5885,2152794,0.7176,2151000000,2864799104.07,30.7115,
600592.SH,龙溪股份,2013-06-27,6.5977,6.662,6.515,6.5425,2408150,0.8027,2136000000,2844821425.52,30.4973,
600592.SH,龙溪股份,2013-06-28,6.5517,6.6987,6.4231,6.5333,1574912,0.525,2133000000,2840825889.81,30.4545,
600592.SH,龙溪股份,2013-07-01,6.5333,6.6344,6.4323,6.616,1049099,0.3497,2160000000,2876785711.2,30.84,
600592.SH,龙溪股份,2013-07-02,6.616,6.7171,6.5425,6.6896,1313262,0.4378,2184000000,2908749996.88,31.1827,
600592.SH,龙溪股份,2013-07-03,6.6896,6.7631,6.5425,6.6252,1330679,0.4436,2163000000,2880781246.91,30.8828,
600592.SH,龙溪股份,2013-07-04,6.5517,6.6896,6.469,6.5793,1853777,0.6179,2148000000,2860803568.36,30.6687,
600592.SH,龙溪股份,2013-07-05,6.5977,6.662,6.5333,6.5609,1426556,0.4755,2142000000,2852812496.94,30.583,
600592.SH,龙溪股份,2013-07-08,6.5242,6.5242,6.2301,6.3128,2467934,0.8226,2061000000,2744933032.77,29.4265,
600592.SH,龙溪股份,2013-07-09,6.2944,6.3955,6.2393,6.2761,1404242,0.4681,2049000000,2728950889.93,29.2552,
600592.SH,龙溪股份,2013-07-10,6.2761,6.4415,6.2117,6.4231,1379917,0.46,2097000000,2792879461.29,29.9405,
600592.SH,龙溪股份,2013-07-11,6.4323,6.6712,6.4323,6.5977,2686096,0.8954,2154000000,2868794639.78,30.7543,
600592.SH,龙溪股份,2013-07-12,6.6528,6.7263,6.4506,6.5517,2325611,0.7752,2139000000,2848816961.23,30.5402,
600592.SH,龙溪股份,2013-07-15,6.5425,6.6252,6.5425,6.5977,1878311,0.6261,2154000000,2868794639.78,30.7543,
600592.SH,龙溪股份,2013-07-16,6.6069,6.7355,6.5242,6.7355,2608793,0.8696,2199000000,2928727675.43,31.3968,
600592.SH,龙溪股份,2013-07-17,6.8182,7.0479,6.7723,6.9009,6131730,2.0439,2253000000,3000647318.21,32.1678,
600592.SH,龙溪股份,2013-07-18,6.7079,6.9009,6.7079,6.855,1965318,0.6551,2238000000,2980669639.66,31.9537,
600592.SH,龙溪股份,2013-07-19,6.976,6.976,6.6407,6.6594,1526792,0.5089,2145000000,2856808032.65,30.6258,
600592.SH,龙溪股份,2013-07-22,6.6501,6.7246,6.5476,6.7246,1266898,0.4223,2166000000,2884776782.62,30.9257,
600592.SH,龙溪股份,2013-07-23,6.7246,6.9667,6.678,6.9388,1918524,0.6395,2235000000,2976674103.95,31.9108,
600592.SH,龙溪股份,2013-07-24,6.9388,7.0226,6.7525,6.9574,2201917,0.734,2241000000,2984665175.37,31.9965,
600592.SH,龙溪股份,2013-07-25,6.9388,7.6559,6.9388,7.4976,15982203,5.3274,2415000000,3216406246.55,34.4809,
600592.SH,龙溪股份,2013-07-26,7.3579,7.3952,7.1344,7.2182,7896024,2.632,2325000000,3096540175.25,33.1959,
600592.SH,龙溪股份,2013-07-29,7.1344,7.1623,6.8922,6.9481,3769799,1.2566,2238000000,2980669639.66,31.9537,
600592.SH,龙溪股份,2013-07-30,6.9202,7.0878,6.827,6.9947,2042997,0.681,2253000000,3000647318.21,32.1678,
600592.SH,龙溪股份,2013-07-31,6.9947,7.1437,6.9481,7.004,1756642,0.5855,2256000000,3004642853.92,32.2107,
600592.SH,龙溪股份,2013-08-01,6.9854,7.1344,6.9388,7.1251,2529979,0.8433,2295000000,3056584818.15,32.7675,
600592.SH,龙溪股份,2013-08-02,7.1344,7.1623,7.0226,7.0599,2193490,0.7312,2274000000,3028616068.18,32.4677,
600592.SH,龙溪股份,2013-08-05,6.8456,6.8736,6.6966,6.8456,6108864,2.0363,2205000000,2936718746.85,31.4825,
600592.SH,龙溪股份,2013-08-06,6.7804,6.8456,6.7059,6.7991,3585091,1.195,2190000000,2916741068.3,31.2683,
600592.SH,龙溪股份,2013-08-07,6.8084,6.8643,6.6687,6.7153,4444965,1.4817,2163000000,2880781246.91,30.8828,
600592.SH,龙溪股份,2013-08-08,6.7153,6.7432,6.678,6.6966,1631508,0.5438,2157000000,2872790175.49,30.7972,
600592.SH,龙溪股份,2013-08-09,6.7246,6.7711,6.6314,6.678,3607845,1.2026,2151000000,2864799104.07,30.7115,
600592.SH,龙溪股份,2013-08-12,6.6687,6.8177,6.6687,6.8177,3395987,1.132,2196000000,2924732139.72,31.354,
600592.SH,龙溪股份,2013-08-13,6.8084,6.9015,6.7804,6.8736,2738824,0.9129,2214000000,2948705353.98,31.611,
600592.SH,龙溪股份,2013-08-14,6.8922,6.9108,6.7898,6.8177,2252303,0.7508,2196000000,2924732139.72,31.354,
600592.SH,龙溪股份,2013-08-15,6.8084,6.8643,6.7059,6.7153,2628629,0.8762,2163000000,2880781246.91,30.8828,
600592.SH,龙溪股份,2013-08-16,6.6594,6.7991,6.5662,6.5942,2396782,0.7989,2124000000,2828839282.68,30.326,
600592.SH,龙溪股份,2013-08-19,6.6687,6.7432,6.5755,6.7339,1410265,0.4701,2169000000,2888772318.33,30.9685,
600592.SH,龙溪股份,2013-08-20,6.7432,6.8177,6.6873,6.6873,1625931,0.542,2154000000,2868794639.78,30.7543,
600592.SH,龙溪股份,2013-08-21,6.678,6.7059,6.6314,6.678,1187564,0.3959,2151000000,2864799104.07,30.7115,
600592.SH,龙溪股份,2013-08-22,6.7153,6.7153,6.6128,6.6594,1597163,0.5324,2145000000,2856808032.65,30.6258,
600592.SH,龙溪股份,2013-08-23,6.6594,6.6966,6.4358,6.5103,2284750,0.7616,2097000000,2792879461.29,29.9405,
600592.SH,龙溪股份,2013-08-26,6.5197,6.7059,6.4917,6.6594,2610373,0.8701,2145000000,2856808032.65,50.1073,
600592.SH,龙溪股份,2013-08-27,6.6594,6.7804,6.6594,6.7711,2177649,0.7259,2181000000,2904754461.17,50.9482,
600592.SH,龙溪股份,2013-08-28,6.7339,6.7804,6.6966,6.7432,1724356,0.5748,2172000000,2892767854.04,50.738,
600592.SH,龙溪股份,2013-08-29,6.7339,6.7804,6.6966,6.7711,2621764,0.8739,2181000000,2904754461.17,50.9482,
600592.SH,龙溪股份,2013-08-30,6.7711,6.8643,6.7153,6.7153,2553249,0.8511,2163000000,2880781246.91,50.5277,
600592.SH,龙溪股份,2013-09-02,6.7153,6.8363,6.7153,6.7618,1442620,0.4809,2178000000,2900758925.46,50.8781,
600592.SH,龙溪股份,2013-09-03,6.7618,6.7991,6.7246,6.7711,2532391,0.8441,2181000000,2904754461.17,50.9482,
600592.SH,龙溪股份,2013-09-04,6.7711,6.7804,6.7059,6.7525,2174910,0.725,2175000000,2896763389.75,50.8081,
600592.SH,龙溪股份,2013-09-05,6.7618,6.7618,6.6687,6.678,1829731,0.6099,2151000000,2864799104.07,50.2474,
600592.SH,龙溪股份,2013-09-06,6.6873,6.7991,6.6873,6.7246,1427207,0.4757,2166000000,2884776782.62,50.5978,
600592.SH,龙溪股份,2013-09-09,6.7618,6.7991,6.6966,6.7898,2669276,0.8898,2187000000,2912745532.59,51.0884,
600592.SH,龙溪股份,2013-09-10,6.7898,6.9667,6.7525,6.9202,4021683,1.3406,2229000000,2968683032.53,52.0695,
600592.SH,龙溪股份,2013-09-11,6.9108,6.9667,6.8084,6.8736,2924489,0.9748,2214000000,2948705353.98,51.7191,
600592.SH,龙溪股份,2013-09-12,6.8643,6.9667,6.8363,6.9481,2478693,0.8262,2238000000,2980669639.66,52.2797,
600592.SH,龙溪股份,2013-09-13,6.9481,6.9481,6.827,6.8829,1369746,0.4566,2217000000,2952700889.69,51.7892,
600592.SH,龙溪股份,2013-09-16,6.9108,6.9481,6.8456,6.8922,1616265,0.5388,2220000000,2956696425.4,51.8593,
600592.SH,龙溪股份,2013-09-17,6.8736,6.9481,6.8177,6.8643,2072427,0.6908,2211000000,2944709818.27,51.649,
600592.SH,龙溪股份,2013-09-18,6.8363,6.9108,6.7804,6.8643,1370192,0.4567,2211000000,2944709818.27,51.649,
600592.SH,龙溪股份,2013-09-23,6.9015,6.9388,6.827,6.9108,1991286,0.6638,2226000000,2964687496.82,51.9994,
600592.SH,龙溪股份,2013-09-24,6.9108,7.004,6.827,6.8736,2160702,0.7202,2214000000,2948705353.98,51.7191,
600592.SH,龙溪股份,2013-09-25,6.8363,6.9108,6.7991,6.8177,1635335,0.5451,2196000000,2924732139.72,51.2986,
600592.SH,龙溪股份,2013-09-26,6.7898,6.7991,6.5662,6.6128,2169681,0.7232,2130000000,2836830354.1,49.7569,
600592.SH,龙溪股份,2013-09-27,6.5942,6.6314,6.5197,6.5383,1565792,0.5219,2106000000,2804866068.42,49.1962,
600592.SH,龙溪股份,2013-09-30,6.5476,6.6407,6.5476,6.5662,950982,0.317,2115000000,2816852675.55,49.4065,
600592.SH,龙溪股份,2013-10-08,6.6128,6.6128,6.5197,6.6035,1311716,0.4372,2127000000,2832834818.39,49.6868,
600592.SH,龙溪股份,2013-10-09,6.6128,6.9015,6.5476,6.827,3688559,1.2295,2199000000,2928727675.43,51.3687,
600592.SH,龙溪股份,2013-10-10,6.8084,6.855,6.7525,6.7804,2133275,0.7111,2184000000,2908749996.88,51.0183,
600592.SH,龙溪股份,2013-10-11,6.8456,6.9015,6.7618,6.7991,4141438,1.3805,2190000000,2916741068.3,51.1585,
600592.SH,龙溪股份,2013-10-14,6.8363,7.1716,6.8363,7.0971,8056690,2.6856,2286000000,3044598211.02,53.401,
600592.SH,龙溪股份,2013-10-15,7.0971,7.3113,7.0506,7.1716,6740202,2.2467,2310000000,3076562496.7,53.9617,
600592.SH,龙溪股份,2013-10-16,7.1437,7.153,6.9854,7.0506,2840798,0.9469,2271000000,3024620532.47,53.0506,
600592.SH,龙溪股份,2013-10-17,6.9854,7.3113,6.9854,7.0319,2800711,0.9336,2265000000,3016629461.05,52.9105,
600592.SH,龙溪股份,2013-10-18,7.1251,7.1251,7.004,7.0506,2370510,0.7902,2271000000,3024620532.47,53.0506,
600592.SH,龙溪股份,2013-10-21,7.004,7.7584,7.004,7.7398,22635429,7.5451,2493000000,3320290175.01,58.2365,
600592.SH,龙溪股份,2013-10-22,7.6373,8.0192,7.5814,7.8795,29180158,9.7267,2538000000,3380223210.66,59.2878,
600592.SH,龙溪股份,2013-10-23,7.7863,7.8515,7.6746,7.7584,24582897,8.1943,2499000000,3328281246.43,58.3767,
600592.SH,龙溪股份,2013-10-24,7.7957,8.4383,7.6373,8.2613,38187351,12.7291,2661000000,3544040174.77,62.161,
600592.SH,龙溪股份,2013-10-25,8.103,8.1961,7.926,8.1589,30671952,10.224,2628000000,3500089281.96,61.3902,
600592.SH,龙溪股份,2013-10-28,8.0937,8.2893,7.6373,7.8236,29340494,9.7802,2520000000,3356249996.4,58.8673,
600592.SH,龙溪股份,2013-10-29,7.6653,7.8515,7.2648,7.5721,24121686,8.0406,2439000000,3248370532.23,70.9186,
600592.SH,龙溪股份,2013-10-30,7.479,7.5442,7.302,7.3952,15093458,5.0312,2382000000,3172455353.74,69.2612,
600592.SH,龙溪股份,2013-10-31,7.3486,8.131,7.3486,8.131,31242435,10.4141,2619000000,3488102674.83,76.1525,
600592.SH,龙溪股份,2013-11-01,7.9167,8.252,7.8329,8.1775,31866859,10.6223,2634000000,3508080353.38,76.5886,
600592.SH,龙溪股份,2013-11-04,8.103,8.4849,8.0006,8.3452,30043416,10.0145,2688000000,3579999996.16,78.1588,
600592.SH,龙溪股份,2013-11-05,8.2427,8.3359,8.0099,8.1682,24521962,8.174,2631000000,3504084817.67,76.5014,
600592.SH,龙溪股份,2013-11-06,8.103,8.3359,7.805,8.0844,24046073,8.0154,2604000000,3468124996.28,75.7163,
600592.SH,龙溪股份,2013-11-07,8.0099,8.1496,7.6839,7.6932,18228999,6.0763,2478000000,3300312496.46,72.0526,
600592.SH,龙溪股份,2013-11-08,7.6187,7.6746,7.153,7.1903,14817668,4.9392,2316000000,3084553568.12,67.3422,
600592.SH,龙溪股份,2013-11-11,7.1716,7.2927,7.1064,7.2368,8197792,2.7326,2331000000,3104531246.67,67.7783,
600592.SH,龙溪股份,2013-11-12,7.1903,7.3393,7.1157,7.2555,5764481,1.9215,2337000000,3112522318.09,67.9528,
600592.SH,龙溪股份,2013-11-13,7.2555,7.2555,6.7898,6.855,9678208,3.2261,2208000000,2940714282.56,64.2018,
600592.SH,龙溪股份,2013-11-14,6.7618,6.9854,6.7525,6.9295,4793293,1.5978,2232000000,2972678568.24,64.8997,
600592.SH,龙溪股份,2013-11-15,6.8922,7.0971,6.8922,7.0412,7565219,2.5217,2268000000,3020624996.76,65.9465,
600592.SH,龙溪股份,2013-11-18,7.0133,7.2648,7.0133,7.1623,6290224,2.0967,2307000000,3072566960.99,67.0805,
600592.SH,龙溪股份,2013-11-19,7.1903,7.2182,7.0971,7.1996,4043033,1.3477,2319000000,3088549103.83,67.4294,
600592.SH,龙溪股份,2013-11-20,7.153,7.3765,7.0785,7.2834,6131274,2.0438,2346000000,3124508925.22,68.2145,
600592.SH,龙溪股份,2013-11-21,7.3113,7.5535,7.2368,7.3765,8566956,2.8557,2376000000,3164464282.32,69.0868,
600592.SH,龙溪股份,2013-11-22,7.33,7.3952,7.1903,7.2275,3863300,1.2878,2328000000,3100535710.96,67.6911,
600592.SH,龙溪股份,2013-11-25,7.2555,7.4138,7.1903,7.2368,3606798,1.2023,2331000000,3104531246.67,67.7783,
600592.SH,龙溪股份,2013-11-26,7.2834,7.3207,7.1251,7.1344,3054956,1.0183,2298000000,3060580353.86,66.8188,
600592.SH,龙溪股份,2013-11-27,7.1344,7.5349,7.0971,7.451,6771995,2.2573,2400000000,3196428568,69.7846,
600592.SH,龙溪股份,2013-11-28,7.479,7.5256,7.3486,7.4231,4787190,1.5957,2391000000,3184441960.87,69.5229,
600592.SH,龙溪股份,2013-11-29,7.4231,7.6466,7.3952,7.6001,6537406,2.1791,2448000000,3260357139.36,71.1803,
600592.SH,龙溪股份,2013-12-02,7.4138,7.5442,6.9667,7.0878,6849175,2.2831,2283000000,3040602675.31,66.3826,
600592.SH,龙溪股份,2013-12-03,7.0785,7.2648,7.0319,7.1996,2940943,0.9803,2319000000,3088549103.83,67.4294,
600592.SH,龙溪股份,2013-12-04,7.2555,7.4138,7.1437,7.33,4046483,1.3488,2361000000,3144486603.77,68.6506,
600592.SH,龙溪股份,2013-12-05,7.3672,7.5256,7.302,7.4138,4308699,1.4362,2388000000,3180446425.16,69.4357,
600592.SH,龙溪股份,2013-12-06,7.3765,7.4324,7.2927,7.302,2434020,0.8113,2352000000,3132499996.64,68.3889,
600592.SH,龙溪股份,2013-12-09,7.302,7.5908,7.302,7.451,3738130,1.246,2400000000,3196428568,69.7846,
600592.SH,龙溪股份,2013-12-10,7.451,7.5721,7.3486,7.3858,2644023,0.8813,2379000000,3168459818.03,69.174,
600592.SH,龙溪股份,2013-12-11,7.3672,7.3765,7.1623,7.2275,2756423,0.9188,2328000000,3100535710.96,67.6911,
600592.SH,龙溪股份,2013-12-12,7.2461,7.302,7.1903,7.2927,1888588,0.6295,2349000000,3128504460.93,68.3017,
600592.SH,龙溪股份,2013-12-13,7.2368,7.3393,7.153,7.1809,2567018,0.8557,2313000000,3080558032.41,67.2549,
600592.SH,龙溪股份,2013-12-16,7.1623,7.2461,6.9481,6.9574,3398102,1.1327,2241000000,2984665175.37,65.1614,
600592.SH,龙溪股份,2013-12-17,6.9388,7.0506,6.9202,6.9667,1865442,0.6218,2244000000,2988660711.08,65.2486,
600592.SH,龙溪股份,2013-12-18,7.004,7.004,6.9295,6.9854,1057186,0.3524,2250000000,2996651782.5,65.4231,
600592.SH,龙溪股份,2013-12-19,7.0319,7.0319,6.8456,6.8736,1613550,0.5378,2214000000,2948705353.98,64.3763,
600592.SH,龙溪股份,2013-12-20,6.9295,6.9295,6.7711,6.7991,1364137,0.4547,2190000000,2916741068.3,63.6785,
600592.SH,龙溪股份,2013-12-23,6.8736,6.9388,6.5662,6.8643,1906032,0.6353,2211000000,2944709818.27,64.2891,
600592.SH,龙溪股份,2013-12-24,6.8643,6.976,6.7804,6.9202,1582360,0.5275,2229000000,2968683032.53,64.8125,
600592.SH,龙溪股份,2013-12-25,6.9295,6.9667,6.8363,6.9108,1088481,0.3628,2226000000,2964687496.82,64.7252,
600592.SH,龙溪股份,2013-12-26,6.9015,6.9015,6.6966,6.7059,2082465,0.6942,2160000000,2876785711.2,62.8062,
600592.SH,龙溪股份,2013-12-27,6.7059,6.8922,6.6687,6.7898,2475778,0.8253,2187000000,2912745532.59,63.5912,
600592.SH,龙溪股份,2013-12-30,6.8363,7.0133,6.7991,7.004,2762486,0.9208,2256000000,3004642853.92,65.5975,
600592.SH,龙溪股份,2013-12-31,6.976,6.976,6.827,6.9015,1875559,0.6252,2223000000,2960691961.11,64.638,
600592.SH,龙溪股份,2014-01-02,6.9108,6.9854,6.8363,6.9388,1887477,0.6292,2235000000,2976674103.95,64.9869,
600592.SH,龙溪股份,2014-01-03,6.9295,6.9481,6.7898,6.827,1427912,0.476,2199000000,2928727675.43,63.9402,
600592.SH,龙溪股份,2014-01-06,6.7991,6.8456,6.6221,6.6873,2058848,0.6863,2154000000,2868794639.78,62.6317,
600592.SH,龙溪股份,2014-01-07,6.6873,6.7432,6.6314,6.678,857076,0.2857,2151000000,2864799104.07,62.5445,
600592.SH,龙溪股份,2014-01-08,6.7153,6.7618,6.6314,6.678,1152925,0.3843,2151000000,2864799104.07,62.5445,
600592.SH,龙溪股份,2014-01-09,6.7153,6.7153,6.501,6.5197,1381838,0.4606,2100000000,2796874997,61.0615,
600592.SH,龙溪股份,2014-01-10,6.529,6.5383,6.352,6.3893,1526255,0.5088,2058000000,2740937497.06,59.8403,
600592.SH,龙溪股份,2014-01-13,6.4079,6.4452,6.2682,6.3054,1102619,0.3675,2031000000,2704977675.67,59.0552,
600592.SH,龙溪股份,2014-01-14,6.3427,6.4172,6.2775,6.4079,1068343,0.3561,2064000000,2748928568.48,60.0148,
600592.SH,龙溪股份,2014-01-15,6.38,6.5103,6.38,6.501,834809,0.2783,2094000000,2788883925.58,60.8871,
600592.SH,龙溪股份,2014-01-16,6.529,6.5755,6.3334,6.4265,1532186,0.5107,2070000000,2756919639.9,60.1892,
600592.SH,龙溪股份,2014-01-17,6.4731,6.4731,6.2682,6.3706,1230700,0.4102,2052000000,2732946425.64,59.6658,
600592.SH,龙溪股份,2014-01-20,6.352,6.3986,6.2589,6.38,928058,0.3094,2055000000,2736941961.35,59.7531,
600592.SH,龙溪股份,2014-01-21,6.4079,6.501,6.3613,6.501,865985,0.2887,2094000000,2788883925.58,60.8871,
600592.SH,龙溪股份,2014-01-22,6.5755,6.6128,6.4824,6.5942,1618699,0.5396,2124000000,2828839282.68,61.7594,
600592.SH,龙溪股份,2014-01-23,6.6407,6.6501,6.5383,6.5569,1351961,0.4507,2112000000,2812857139.84,61.4105,
600592.SH,龙溪股份,2014-01-24,6.4917,6.5383,6.3427,6.5103,3672847,1.2243,2097000000,2792879461.29,53.3909,
600592.SH,龙溪股份,2014-01-27,6.4917,6.7153,6.3706,6.6221,2793186,0.9311,2133000000,2840825889.81,54.3075,
600592.SH,龙溪股份,2014-01-28,6.6035,6.6687,6.5569,6.5755,1253108,0.4177,2118000000,2820848211.26,53.9256,
600592.SH,龙溪股份,2014-01-29,6.5476,6.6407,6.529,6.5942,992800,0.3309,2124000000,2828839282.68,54.0784,
600592.SH,龙溪股份,2014-01-30,6.5942,6.6128,6.4824,6.5942,1198213,0.3994,2124000000,2828839282.68,54.0784,
600592.SH,龙溪股份,2014-02-07,6.5383,6.6966,6.5197,6.6687,1651440,0.5505,2148000000,2860803568.36,54.6894,
600592.SH,龙溪股份,2014-02-10,6.7246,6.8736,6.6966,6.8363,3224716,1.0749,2202000000,2932723211.14,56.0643,
600592.SH,龙溪股份,2014-02-11,6.855,6.8922,6.7804,6.827,2723893,0.908,2199000000,2928727675.43,55.9879,
600592.SH,龙溪股份,2014-02-12,6.7991,6.9015,6.7618,6.8736,2266183,0.7554,2214000000,2948705353.98,56.3698,
600592.SH,龙溪股份,2014-02-13,6.9015,6.9015,6.7246,6.7525,2239773,0.7466,2175000000,2896763389.75,55.3769,
600592.SH,龙溪股份,2014-02-14,6.7339,6.9574,6.7339,6.9481,3068623,1.0229,2238000000,2980669639.66,56.9809,
600592.SH,龙溪股份,2014-02-17,7.0319,7.1157,6.9481,7.0692,3131544,1.0438,2277000000,3032611603.89,57.9738,
600592.SH,龙溪股份,2014-02-18,7.0692,7.0971,6.9295,6.9854,3047491,1.0158,2250000000,2996651782.5,57.2864,
600592.SH,龙溪股份,2014-02-19,7.1623,7.6839,7.1623,7.6839,13594085,4.5314,2475000000,3296316960.75,63.015,
600592.SH,龙溪股份,2014-02-20,7.6839,7.6839,7.6839,7.6839,--,--,2475000000,3296316960.75,63.015,
600592.SH,龙溪股份,2014-02-21,7.6187,8.103,7.451,7.7677,18452312,6.1508,2502000000,3332276782.14,63.7025,
600592.SH,龙溪股份,2014-02-24,7.8329,8.5314,7.7957,8.1868,19638874,6.5463,2637000000,3512075889.09,67.1397,
600592.SH,龙溪股份,2014-02-25,8.0099,8.1961,7.6187,7.805,14406225,4.8021,2514000000,3348258924.98,64.008,
600592.SH,龙溪股份,2014-02-26,7.6839,7.9167,7.4604,7.9074,8726283,2.9088,2547000000,3392209817.79,64.8482,
600592.SH,龙溪股份,2014-02-27,7.8143,8.606,7.6653,8.1216,17137362,5.7125,2616000000,3484107139.12,66.605,
600592.SH,龙溪股份,2014-02-28,7.954,8.1496,7.7957,8.0751,8872646,2.9575,2601000000,3464129460.57,66.2231,
600592.SH,龙溪股份,2014-03-03,8.0471,8.2334,7.9167,8.0658,7993665,2.6646,2598000000,3460133924.86,66.1467,
600592.SH,龙溪股份,2014-03-04,8.0751,8.0751,7.7025,7.8795,7735197,2.5784,2538000000,3380223210.66,64.6191,
600592.SH,龙溪股份,2014-03-05,7.8515,8.0844,7.7305,7.7863,6850144,2.2834,2508000000,3340267853.56,63.8552,
600592.SH,龙溪股份,2014-03-06,7.7584,7.8609,7.5442,7.7677,5338554,1.7795,2502000000,3332276782.14,63.7025,
600592.SH,龙溪股份,2014-03-07,7.8236,7.8329,7.6373,7.6373,3926013,1.3087,2460000000,3276339282.2,62.6331,
600592.SH,龙溪股份,2014-03-10,7.5256,7.7491,7.3672,7.3858,4830879,1.6103,2379000000,3168459818.03,60.5708,
600592.SH,龙溪股份,2014-03-11,7.4138,7.5162,7.2741,7.3858,3200688,1.0669,2379000000,3168459818.03,60.5708,
600592.SH,龙溪股份,2014-03-12,7.3579,7.4417,7.0785,7.4417,3288429,1.0961,2397000000,3192433032.29,61.0291,
600592.SH,龙溪股份,2014-03-13,7.4417,7.5162,7.3952,7.479,2429208,0.8097,2409000000,3208415175.13,61.3346,
600592.SH,龙溪股份,2014-03-14,7.451,7.451,7.302,7.3486,2179854,0.7266,2367000000,3152477675.19,60.2653,
600592.SH,龙溪股份,2014-03-17,7.3486,7.3486,7.3486,7.3486,--,--,2367000000,3152477675.19,60.2653,
600592.SH,龙溪股份,2014-03-18,7.3486,7.3486,7.3486,7.3486,--,--,2367000000,3152477675.19,60.2653,
600592.SH,龙溪股份,2014-03-19,7.3486,7.3486,7.3486,7.3486,--,--,2367000000,3152477675.19,60.2653,
600592.SH,龙溪股份,2014-03-20,7.3486,7.3486,7.3486,7.3486,--,--,2367000000,3152477675.19,60.2653,
600592.SH,龙溪股份,2014-03-21,7.3486,7.3486,7.3486,7.3486,--,--,2367000000,3152477675.19,60.2653,
600592.SH,龙溪股份,2014-03-24,7.3486,7.3486,7.3486,7.3486,--,--,2367000000,3152477675.19,60.2653,
600592.SH,龙溪股份,2014-03-25,7.3486,7.3486,7.3486,7.3486,--,--,2367000000,3152477675.19,60.2653,
600592.SH,龙溪股份,2014-03-26,7.3486,7.3486,7.3486,7.3486,--,--,2367000000,3152477675.19,60.2653,
600592.SH,龙溪股份,2014-03-27,7.3486,7.3486,7.3486,7.3486,--,--,2367000000,3152477675.19,60.2653,
600592.SH,龙溪股份,2014-03-28,7.3486,7.3486,7.3486,7.3486,--,--,2367000000,3152477675.19,60.2653,
600592.SH,龙溪股份,2014-03-31,7.3486,7.3486,7.3486,7.3486,--,--,2367000000,3152477675.19,60.2653,
600592.SH,龙溪股份,2014-04-01,7.3486,7.3486,7.3486,7.3486,--,--,2367000000,3152477675.19,60.2653,
600592.SH,龙溪股份,2014-04-02,7.3486,7.3486,7.3486,7.3486,--,--,2367000000,3152477675.19,60.2653,
600592.SH,龙溪股份,2014-04-03,7.3486,7.3486,7.3486,7.3486,--,--,2367000000,3152477675.19,60.2653,
600592.SH,龙溪股份,2014-04-04,7.3486,7.3486,7.3486,7.3486,--,--,2367000000,3152477675.19,60.2653,
600592.SH,龙溪股份,2014-04-08,7.3486,7.3486,7.3486,7.3486,--,--,2367000000,3152477675.19,60.2653,
600592.SH,龙溪股份,2014-04-09,7.3486,7.3486,7.3486,7.3486,--,--,2367000000,3152477675.19,60.2653,
600592.SH,龙溪股份,2014-04-10,7.3486,7.3486,7.3486,7.3486,--,--,2367000000,3152477675.19,60.2653,
600592.SH,龙溪股份,2014-04-11,7.3486,7.3486,7.3486,7.3486,--,--,2367000000,3152477675.19,60.2653,
600592.SH,龙溪股份,2014-04-14,7.3486,7.3486,7.3486,7.3486,--,--,2367000000,3152477675.19,60.2653,
600592.SH,龙溪股份,2014-04-15,7.3486,7.3486,7.3486,7.3486,--,--,2367000000,3152477675.19,60.2653,
600592.SH,龙溪股份,2014-04-16,7.3486,7.3486,7.3486,7.3486,--,--,2367000000,3152477675.19,60.2653,
600592.SH,龙溪股份,2014-04-17,7.3486,7.3486,7.3486,7.3486,--,--,2367000000,3152477675.19,60.2653,
600592.SH,龙溪股份,2014-04-18,7.3486,7.3486,7.3486,7.3486,--,--,2367000000,3152477675.19,60.2653,
600592.SH,龙溪股份,2014-04-21,7.3486,7.3486,7.3486,7.3486,--,--,2367000000,3152477675.19,60.2653,
600592.SH,龙溪股份,2014-04-22,7.3486,7.3486,7.3486,7.3486,--,--,2367000000,3152477675.19,60.2653,
600592.SH,龙溪股份,2014-04-23,7.3486,7.3486,7.3486,7.3486,--,--,2915777675.19,3152477675.19,60.2653,
600592.SH,龙溪股份,2014-04-24,7.3486,7.3486,7.3486,7.3486,--,--,2915777675.19,3152477675.19,60.2653,
600592.SH,龙溪股份,2014-04-25,7.3486,7.3486,7.3486,7.3486,--,--,2915777675.19,3152477675.19,60.2653,
600592.SH,龙溪股份,2014-04-28,7.3486,7.3486,7.3486,7.3486,--,--,2915777675.19,3152477675.19,73.1644,
600592.SH,龙溪股份,2014-04-29,7.3486,7.3486,7.3486,7.3486,--,--,2915777675.19,3152477675.19,73.1644,
600592.SH,龙溪股份,2014-04-30,7.3486,7.3486,7.3486,7.3486,--,--,2915777675.19,3152477675.19,73.1644,
600592.SH,龙溪股份,2014-05-05,7.3486,7.3486,7.3486,7.3486,--,--,2915777675.19,3152477675.19,73.1644,
600592.SH,龙溪股份,2014-05-06,7.3486,7.3486,7.3486,7.3486,--,--,2915777675.19,3152477675.19,73.1644,
600592.SH,龙溪股份,2014-05-07,7.3486,7.3486,7.3486,7.3486,--,--,2915777675.19,3152477675.19,73.1644,
600592.SH,龙溪股份,2014-05-08,7.3486,7.3486,7.3486,7.3486,--,--,2915777675.19,3152477675.19,73.1644,
600592.SH,龙溪股份,2014-05-09,6.6128,7.0319,6.6128,6.6687,62508972,16.9147,2646003568.36,2860803568.36,66.395,
600592.SH,龙溪股份,2014-05-12,6.5662,6.7618,6.4265,6.6966,28703824,7.7672,2657090175.49,2872790175.49,66.6732,
600592.SH,龙溪股份,2014-05-13,6.6221,6.8177,6.5197,6.6687,16179470,4.3781,2646003568.36,2860803568.36,66.395,
600592.SH,龙溪股份,2014-05-14,6.6407,7.3393,6.5662,7.3393,29234798,7.9108,2912082139.48,3148482139.48,73.0716,
600592.SH,龙溪股份,2014-05-15,7.0692,7.3113,7.0412,7.1903,18266932,4.943,2852953568.12,3084553568.12,71.588,
600592.SH,龙溪股份,2014-05-16,7.1344,7.5442,7.0878,7.3486,17800773,4.8168,2915777675.19,3152477675.19,73.1644,
600592.SH,龙溪股份,2014-05-19,7.3579,7.7491,7.2741,7.5721,35421910,9.5851,3004470532.23,3248370532.23,75.3899,
600592.SH,龙溪股份,2014-05-20,7.5442,8.2707,7.4976,8.131,23089712,6.248,3226202674.83,3488102674.83,80.9537,
600592.SH,龙溪股份,2014-05-21,8.0471,8.1868,7.9167,8.0378,30627553,8.2877,3189247317.73,3448147317.73,80.0264,
600592.SH,龙溪股份,2014-05-22,7.926,8.1682,7.8609,8.0471,12637594,3.4197,3192942853.44,3452142853.44,80.1192,
600592.SH,龙溪股份,2014-05-23,7.9633,8.1403,7.926,8.0564,15657173,4.2368,3196638389.15,3456138389.15,80.2119,
600592.SH,龙溪股份,2014-05-26,8.0471,8.1682,7.9167,8.0006,9881730,2.674,3174465174.89,3432165174.89,79.6555,
600592.SH,龙溪股份,2014-05-27,7.9912,8.1589,7.9354,7.9912,15298995,4.1399,3170769639.18,3428169639.18,79.5628,
600592.SH,龙溪股份,2014-05-28,7.9819,7.9819,7.6839,7.8795,16782760,4.5414,3126423210.66,3380223210.66,78.45,
600592.SH,龙溪股份,2014-05-29,7.8236,8.4011,7.7491,8.0844,20072748,5.4316,3207724996.28,3468124996.28,80.4901,
600592.SH,龙溪股份,2014-05-30,8.0658,8.1868,7.9074,8.0471,14415846,3.9009,3192942853.44,3452142853.44,80.1192,
600592.SH,龙溪股份,2014-06-03,8.0099,8.1123,7.7584,7.8981,29437091,7.9656,3133814282.08,3388214282.08,78.6355,
600592.SH,龙溪股份,2014-06-04,7.8236,8.1496,7.7305,8.103,29611988,8.0129,3215116067.7,3476116067.7,80.6755,
600592.SH,龙溪股份,2014-06-05,8.1216,8.5221,8.0192,8.4011,34016832,9.2048,3333373210.42,3603973210.42,83.6429,
600592.SH,龙溪股份,2014-06-06,8.4662,8.4662,8.1682,8.2986,27320822,7.3929,3292722317.61,3560022317.61,82.6229,
600592.SH,龙溪股份,2014-06-09,8.2055,8.4569,7.9633,8.0471,44544643,12.0536,3192942853.44,3452142853.44,80.1192,
600592.SH,龙溪股份,2014-06-10,8.0471,8.3172,7.8609,8.1961,38984141,10.549,3252071424.8,3516071424.8,81.6028,
600592.SH,龙溪股份,2014-06-11,8.1123,8.2334,8.0006,8.103,20967375,5.6737,3215116067.7,3476116067.7,80.6755,
600592.SH,龙溪股份,2014-06-12,8.1216,8.5873,7.9912,8.2986,40055679,10.8389,3292722317.61,3560022317.61,82.6229,
600592.SH,龙溪股份,2014-06-13,8.3638,8.4942,8.1682,8.2427,34016896,9.2049,3270549103.35,3536049103.35,82.0665,
600592.SH,龙溪股份,2014-06-16,8.2427,8.3079,8.0378,8.1216,27540571,7.4524,3222507139.12,3484107139.12,80.861,
600592.SH,龙溪股份,2014-06-17,8.1589,8.2055,7.7305,7.8422,36793878,9.9563,3111641067.82,3364241067.82,78.0791,
600592.SH,龙溪股份,2014-06-18,7.8702,8.131,7.805,7.9912,39025543,10.5602,3170769639.18,3428169639.18,79.5628,
600592.SH,龙溪股份,2014-06-19,8.0564,8.1216,7.7863,7.9633,18675215,5.0535,3159683032.05,3416183032.05,79.2846,
600592.SH,龙溪股份,2014-06-20,7.9633,8.0378,7.8515,8.0192,7929060,2.1456,3181856246.31,3440156246.31,79.841,
600592.SH,龙溪股份,2014-06-23,8.0192,8.252,7.954,8.1961,20585291,5.5703,3252071424.8,3516071424.8,81.6028,
600592.SH,龙溪股份,2014-06-24,8.1682,8.7457,8.131,8.5408,50757863,13.7349,3388806246.07,3663906246.07,85.0339,
600592.SH,龙溪股份,2014-06-25,8.606,8.6712,8.3172,8.4942,46111897,12.4777,3370328567.52,3643928567.52,84.5702,
600592.SH,龙溪股份,2014-06-26,8.5687,8.5687,7.7863,8.0471,42913975,11.6124,3192942853.44,3452142853.44,80.1192,
600592.SH,龙溪股份,2014-06-27,7.9167,7.9819,7.805,7.8702,18304547,4.9532,3122727674.95,3376227674.95,78.3573,
600592.SH,龙溪股份,2014-06-30,7.8702,8.0378,7.8515,7.9074,14416160,3.901,3137509817.79,3392209817.79,78.7282,
600592.SH,龙溪股份,2014-07-01,7.9167,7.9819,7.8422,7.8795,12283102,3.3238,3126423210.66,3380223210.66,78.45,
600592.SH,龙溪股份,2014-07-02,7.8515,8.0751,7.8422,8.0285,13634431,3.6894,3185551782.02,3444151782.02,79.9337,
600592.SH,龙溪股份,2014-07-03,7.9912,8.0378,7.926,7.9819,10808373,2.9247,3167074103.47,3424174103.47,79.47,
600592.SH,龙溪股份,2014-07-04,7.9726,7.9726,7.6187,7.6373,19201723,5.1959,3030339282.2,3276339282.2,76.039,
600592.SH,龙溪股份,2014-07-07,7.6001,7.7118,7.5628,7.6839,8196249,2.2179,3048816960.75,3296316960.75,76.5027,
600592.SH,龙溪股份,2014-07-08,7.6839,8.4569,7.628,8.4569,37826989,10.2359,3355546424.68,3627946424.68,84.1993,
600592.SH,龙溪股份,2014-07-09,8.4662,9.2114,8.3917,8.6432,59778290,16.1758,3429457138.88,3707857138.88,86.0539,
600592.SH,龙溪股份,2014-07-10,8.6153,8.8388,8.429,8.6805,33476476,9.0586,3444239281.72,3723839281.72,86.4248,
600592.SH,龙溪股份,2014-07-11,8.5873,8.7736,8.4942,8.6432,19797037,5.357,3429457138.88,3707857138.88,86.0539,
600592.SH,龙溪股份,2014-07-14,8.6618,8.8667,8.5035,8.7457,22846185,6.1821,3470108031.69,3751808031.69,87.0739,
600592.SH,龙溪股份,2014-07-15,8.7363,8.7363,8.4197,8.5687,16584800,4.4878,3399892853.2,3675892853.2,85.3121,
600592.SH,龙溪股份,2014-07-16,8.5594,8.5966,8.2707,8.3172,13636539,3.69,3300113389.03,3568013389.03,82.8083,
600592.SH,龙溪股份,2014-07-17,8.252,8.4942,8.2055,8.4197,8969043,2.427,3340764281.84,3611964281.84,83.8284,
600592.SH,龙溪股份,2014-07-18,8.3917,8.4756,8.2427,8.2986,8315134,2.25,3292722317.61,3560022317.61,82.6229,
600592.SH,龙溪股份,2014-07-21,8.3452,8.3638,8.0658,8.1403,9270305,2.5085,3229898210.54,3492098210.54,81.0465,
600592.SH,龙溪股份,2014-07-22,8.0378,8.4197,8.0285,8.28,10706454,2.8971,3285331246.19,3552031246.19,82.4374,
600592.SH,龙溪股份,2014-07-23,8.2427,8.429,8.2148,8.3545,9905025,2.6803,3314895531.87,3583995531.87,83.1793,
600592.SH,龙溪股份,2014-07-24,8.2893,8.3824,8.0192,8.1123,8964205,2.4257,3218811603.41,3480111603.41,80.7683,
600592.SH,龙溪股份,2014-07-25,8.103,8.2427,8.0751,8.1868,5968439,1.615,3248375889.09,3512075889.09,81.5101,
600592.SH,龙溪股份,2014-07-28,8.2148,8.5966,8.2148,8.5221,17314190,4.6852,3381415174.65,3655915174.65,84.8484,
600592.SH,龙溪股份,2014-07-29,8.5687,8.7922,8.4569,8.7736,24585947,6.6529,3481194638.82,3763794638.82,87.3521,
600592.SH,龙溪股份,2014-07-30,8.6805,8.7736,8.5687,8.6432,15917696,4.3073,3429457138.88,3707857138.88,86.0539,
600592.SH,龙溪股份,2014-07-31,8.6432,8.9413,8.6432,8.6991,13990013,3.7857,3451630353.14,3731830353.14,86.6103,
600592.SH,龙溪股份,2014-08-01,8.6991,8.8295,8.4756,8.5221,14363476,3.8867,3381415174.65,3655915174.65,84.8484,
600592.SH,龙溪股份,2014-08-04,8.5501,9.1089,8.5314,9.0437,26046820,7.0482,3588365174.41,3879665174.41,90.0413,
600592.SH,龙溪股份,2014-08-05,9.0249,9.0813,8.8461,9.0061,13362121,3.6157,3536627674.47,3823727674.47,88.7431,
600592.SH,龙溪股份,2014-08-06,8.959,8.9872,8.7802,8.9214,11490645,3.1093,3503367853.08,3787767853.08,87.9085,
600592.SH,龙溪股份,2014-08-07,8.9025,9.1472,8.8461,8.912,14508657,3.926,3499672317.37,3783772317.37,87.8158,
600592.SH,龙溪股份,2014-08-08,8.9025,9.3637,8.8743,9.279,23039703,6.2345,3643798210.06,3939598210.06,91.4323,
600592.SH,龙溪股份,2014-08-11,9.2225,9.4578,9.1755,9.279,15078549,4.0802,3643798210.06,3939598210.06,91.4323,
600592.SH,龙溪股份,2014-08-12,9.2225,9.3731,9.0908,9.1943,14240194,3.8534,3610538388.67,3903638388.67,90.5977,
600592.SH,龙溪股份,2014-08-13,9.1943,9.2978,9.0437,9.2884,12721978,3.4425,3647493745.77,3943593745.77,91.525,
600592.SH,龙溪股份,2014-08-14,9.2884,9.7119,9.2037,9.3072,20218853,5.4712,3654884817.19,3951584817.19,91.7105,
600592.SH,龙溪股份,2014-08-15,9.3354,9.3825,9.1943,9.3072,11104071,3.0047,3654884817.19,3951584817.19,91.7105,
600592.SH,龙溪股份,2014-08-18,9.3825,9.5613,9.2507,9.486,11008007,2.9787,3725099995.68,4027499995.68,93.4724,
600592.SH,龙溪股份,2014-08-19,9.4954,9.5519,9.2037,9.279,14681873,3.9729,3643798210.06,3939598210.06,91.4323,
600592.SH,龙溪股份,2014-08-20,9.2884,9.3354,9.1096,9.2507,10528185,2.8489,3632711602.93,3927611602.93,91.1541,
600592.SH,龙溪股份,2014-08-21,9.2225,9.2602,9.0531,9.166,9088521,2.4593,3599451781.54,3891651781.54,90.3195,
600592.SH,龙溪股份,2014-08-22,9.1472,9.2884,9.1002,9.279,7527837,2.037,3643798210.06,3939598210.06,91.4323,
600592.SH,龙溪股份,2014-08-25,9.2978,9.4484,9.2319,9.279,9083576,2.458,3643798210.06,3939598210.06,91.4323,
600592.SH,龙溪股份,2014-08-26,9.2696,9.279,8.8555,8.9308,11428875,3.0926,3507063388.79,3791763388.79,88.0013,
600592.SH,龙溪股份,2014-08-27,8.8931,9.0437,8.8931,8.9872,6176526,1.6713,3529236603.05,3815736603.05,88.5576,
600592.SH,龙溪股份,2014-08-28,8.9402,8.9684,8.6485,8.6767,12028022,3.2547,3407283924.62,3683883924.62,78.5323,
600592.SH,龙溪股份,2014-08-29,8.6767,8.8461,8.6485,8.8367,6047427,1.6364,3470108031.69,3751808031.69,79.9803,
600592.SH,龙溪股份,2014-09-01,8.8555,9.0155,8.8367,8.959,7267171,1.9665,3518149995.92,3803749995.92,81.0876,
600592.SH,龙溪股份,2014-09-02,8.959,9.2602,8.9402,9.2037,11724922,3.1727,3614233924.38,3907633924.38,83.3021,
600592.SH,龙溪股份,2014-09-03,9.2131,9.2319,9.0719,9.2225,10778826,2.9167,3621624995.8,3915624995.8,83.4725,
600592.SH,龙溪股份,2014-09-04,9.2225,9.5707,9.1284,9.4201,17618998,4.7676,3699231245.71,3999531245.71,85.2612,
600592.SH,龙溪股份,2014-09-05,9.4013,9.4578,9.2696,9.3919,9701815,2.6253,3688144638.58,3987544638.58,85.0056,
600592.SH,龙溪股份,2014-09-09,9.3825,9.6554,9.3354,9.4954,14699872,3.9777,3728795531.39,4031495531.39,85.9426,
600592.SH,龙溪股份,2014-09-10,9.4954,9.7966,9.4672,9.6366,14357117,3.885,3784228567.04,4091428567.04,87.2202,
600592.SH,龙溪股份,2014-09-11,9.5989,9.6554,9.2696,9.3072,17336730,4.6913,3654884817.19,3951584817.19,84.2391,
600592.SH,龙溪股份,2014-09-12,9.3354,9.5425,9.2225,9.5425,11836868,3.203,3747273209.94,4051473209.94,86.3685,
600592.SH,龙溪股份,2014-09-15,9.5331,9.853,9.439,9.8154,15674907,4.2416,3854443745.53,4167343745.53,88.8386,
600592.SH,龙溪股份,2014-09-16,9.853,9.8624,9.2225,9.3072,15962751,4.3195,3654884817.19,3951584817.19,84.2391,
600592.SH,龙溪股份,2014-09-17,9.3166,9.3825,9.0625,9.326,8929070,2.4162,3662275888.61,3959575888.61,84.4094,
600592.SH,龙溪股份,2014-09-18,9.3354,9.4578,9.2507,9.3825,7049868,1.9077,3684449102.87,3983549102.87,84.9205,
600592.SH,龙溪股份,2014-09-19,9.3448,9.4766,9.1755,9.439,9312079,2.5198,3706622317.13,4007522317.13,85.4315,
600592.SH,龙溪股份,2014-09-22,9.3919,9.7401,9.3637,9.6742,19526368,5.2838,3799010709.88,4107410709.88,87.5609,
600592.SH,龙溪股份,2014-09-23,9.6083,10.4459,9.5519,10.2389,30161009,8.1615,4020742852.48,4347142852.48,92.6715,
600592.SH,龙溪股份,2014-09-24,10.1353,10.5212,10.0883,10.3988,22797249,6.1689,4083566959.55,4415066959.55,94.1195,
600592.SH,龙溪股份,2014-09-25,10.4553,10.5682,10.1918,10.2577,16081188,4.3515,4028133923.9,4355133923.9,92.8418,
600592.SH,龙溪股份,2014-09-26,10.2671,10.6247,10.2577,10.333,11412268,3.0881,4057698209.58,4387098209.58,93.5232,
600592.SH,龙溪股份,2014-09-29,10.4459,10.4459,10.2389,10.38,12441824,3.3667,4076175888.13,4407075888.13,93.9491,
600592.SH,龙溪股份,2014-09-30,10.3518,10.3894,10.173,10.2953,9114897,2.4665,4042916066.74,4371116066.74,93.1825,
600592.SH,龙溪股份,2014-10-08,10.2953,11.0105,10.2577,10.9258,16983011,4.5955,4290516959.31,4638816959.31,98.8893,
600592.SH,龙溪股份,2014-10-09,10.9258,11.1235,10.6341,10.9258,15580135,4.2159,4290516959.31,4638816959.31,98.8893,
600592.SH,龙溪股份,2014-10-10,10.9353,11.3587,10.8223,11.1894,18534340,5.0153,4393991959.19,4750691959.19,101.2743,
600592.SH,龙溪股份,2014-10-13,11.1047,11.9893,10.9917,11.8387,21875787,5.9195,4648983923.18,5026383923.18,107.1514,
600592.SH,龙溪股份,2014-10-14,11.7634,11.8387,11.3117,11.5752,16948866,4.5863,4545508923.3,4914508923.3,104.7665,
600592.SH,龙溪股份,2014-10-15,11.5281,11.6693,11.0482,11.3211,11869532,3.2119,4445729459.13,4806629459.13,102.4667,
600592.SH,龙溪股份,2014-10-16,11.2929,11.8199,11.1329,11.2364,15529472,4.2022,4412469637.74,4770669637.74,101.7001,
600592.SH,龙溪股份,2014-10-17,11.2364,11.3682,10.6247,10.7847,14896368,4.0309,4235083923.66,4578883923.66,97.6117,
600592.SH,龙溪股份,2014-10-20,10.8129,11.0858,10.6435,11.02,9783709,2.6474,4327472316.41,4678772316.41,99.7411,
600592.SH,龙溪股份,2014-10-21,11.0105,11.1517,10.7,10.7376,9284504,2.5124,4216606245.11,4558906245.11,97.1858,
600592.SH,龙溪股份,2014-10-22,10.747,10.8882,10.5965,10.6812,9755265,2.6397,4194433030.85,4534933030.85,96.6748,
600592.SH,龙溪股份,2014-10-23,10.6435,10.9729,10.5682,10.8129,11810984,3.196,4246170530.79,4590870530.79,97.8672,
600592.SH,龙溪股份,2014-10-24,10.8223,11.2552,10.7659,11.1423,14159474,3.8315,4375514280.64,4730714280.64,100.8484,
600592.SH,龙溪股份,2014-10-27,11.1141,11.4623,10.9258,11.4152,13773996,3.7272,4482684816.23,4846584816.23,103.3185,
600592.SH,龙溪股份,2014-10-28,11.4811,11.7822,11.3117,11.5658,16882414,4.5683,4541813387.59,4910513387.59,104.6813,
600592.SH,龙溪股份,2014-10-29,11.6128,11.9328,11.4811,11.5846,24197419,6.5477,4549204459.01,4918504459.01,104.8517,
600592.SH,龙溪股份,2014-10-30,11.4811,11.6222,11.2458,11.2646,15735244,4.2579,4423556244.87,4782656244.87,72.3906,
600592.SH,龙溪股份,2014-10-31,11.2176,11.4152,11.0011,11.2458,13110570,3.5477,4416165173.45,4774665173.45,72.2696,
600592.SH,龙溪股份,2014-11-03,11.3117,11.6599,11.3117,11.4717,14444740,3.9087,4504858030.49,4870558030.49,73.721,
600592.SH,龙溪股份,2014-11-04,11.5187,11.5752,11.1517,11.227,9613205,2.6013,4408774102.03,4766674102.03,72.1487,
600592.SH,龙溪股份,2014-11-05,11.1988,11.1988,10.8412,10.8882,12916084,3.4951,4275734816.47,4622834816.47,69.9715,
600592.SH,龙溪股份,2014-11-06,10.8976,11.1611,10.8976,11.0858,7871269,2.1299,4353341066.38,4706741066.38,71.2415,
600592.SH,龙溪股份,2014-11-07,11.1047,11.1894,10.6435,10.7376,12026243,3.2543,4216606245.11,4558906245.11,69.0039,
600592.SH,龙溪股份,2014-11-10,10.7659,10.8976,10.6435,10.8223,9059144,2.4514,4249866066.5,4594866066.5,69.5482,
600592.SH,龙溪股份,2014-11-11,10.8694,10.8976,10.2012,10.3047,14408818,3.899,4046611602.45,4375111602.45,66.2219,
600592.SH,龙溪股份,2014-11-12,10.3047,10.5965,10.2106,10.5965,7393651,2.0007,4161173209.46,4498973209.46,68.0967,
600592.SH,龙溪股份,2014-11-13,10.6059,10.6435,10.3047,10.4271,6639162,1.7965,4094653566.68,4427053566.68,67.0081,
600592.SH,龙溪股份,2014-11-14,10.3706,10.5588,10.3236,10.54,6425237,1.7386,4138999995.2,4474999995.2,67.7339,
600592.SH,龙溪股份,2014-11-17,10.5871,10.8223,10.4553,10.6906,7998026,2.1642,4198128566.56,4538928566.56,68.7015,
600592.SH,龙溪股份,2014-11-18,10.7,10.7659,10.4459,10.6623,8306374,2.2477,4187041959.43,4526941959.43,68.5201,
600592.SH,龙溪股份,2014-11-19,10.6718,10.7753,10.4741,10.6341,6584439,1.7817,4175955352.3,4514955352.3,68.3386,
600592.SH,龙溪股份,2014-11-20,10.6153,10.8223,10.5024,10.7282,6678379,1.8071,4212910709.4,4554910709.4,68.9434,
600592.SH,龙溪股份,2014-11-21,10.6906,10.8694,10.6623,10.8506,9782002,2.647,4260952673.63,4606852673.63,69.7296,
600592.SH,龙溪股份,2014-11-24,10.8694,11.1235,10.8694,10.9353,13052787,3.532,4294212495.02,4642812495.02,70.2739,
600592.SH,龙溪股份,2014-11-25,10.9635,11.3023,10.9164,11.2364,12496828,3.3816,4412469637.74,4770669637.74,72.2091,
600592.SH,龙溪股份,2014-11-26,11.2176,11.387,10.9917,11.1235,11345878,3.0702,4368123209.22,4722723209.22,71.4834,
600592.SH,龙溪股份,2014-11-27,11.1235,11.1799,10.9353,11.0576,10011548,2.7091,4342254459.25,4694754459.25,71.0601,
600592.SH,龙溪股份,2014-11-28,11.0576,11.1988,10.8506,11.1705,12862570,3.4806,4386600887.77,4742700887.77,71.7858,
600592.SH,龙溪股份,2014-12-01,11.1517,11.1517,10.6718,10.8223,12096658,3.2733,4249866066.5,4594866066.5,69.5482,
600592.SH,龙溪股份,2014-12-02,10.7,10.907,10.7,10.8412,7364928,1.9929,4257257137.92,4602857137.92,69.6691,
600592.SH,龙溪股份,2014-12-03,10.8412,10.9447,10.6435,10.9353,12539215,3.3931,4294212495.02,4642812495.02,70.2739,
600592.SH,龙溪股份,2014-12-04,10.9541,11.1423,10.8694,11.0952,15276805,4.1339,4357036602.09,4710736602.09,71.302,
600592.SH,龙溪股份,2014-12-05,11.0576,11.5752,10.4177,11.2646,29488071,7.9794,4423556244.87,4782656244.87,72.3906,
600592.SH,龙溪股份,2014-12-08,11.1988,11.5752,11.0764,11.4623,30625914,8.2873,4501162494.78,4866562494.78,73.6606,
600592.SH,龙溪股份,2014-12-09,11.4811,11.7164,10.4459,10.493,28392888,7.683,4120522316.65,4455022316.65,67.4315,
600592.SH,龙溪股份,2014-12-10,10.3518,10.7847,10.2577,10.7376,12586715,3.4059,4216606245.11,4558906245.11,69.0039,
600592.SH,龙溪股份,2014-12-11,10.7188,10.8412,10.6247,10.7753,9586366,2.594,4231388387.95,4574888387.95,69.2458,
600592.SH,龙溪股份,2014-12-12,10.86,11.067,10.7188,10.9729,10368365,2.8056,4308994637.86,4658794637.86,70.5158,
600592.SH,龙溪股份,2014-12-15,10.8976,11.1705,10.7094,11.0952,14224279,3.849,4357036602.09,4710736602.09,71.302,
600592.SH,龙溪股份,2014-12-16,10.9635,11.274,10.9635,11.1423,14874031,4.0249,4375514280.64,4730714280.64,71.6044,
600592.SH,龙溪股份,2014-12-17,11.1423,11.1517,10.6247,10.7188,14637119,3.9608,4209215173.69,4550915173.69,68.8829,
600592.SH,龙溪股份,2014-12-18,10.7094,10.8317,10.54,10.7,10445226,2.8264,4201824102.27,4542924102.27,68.762,
600592.SH,龙溪股份,2014-12-19,10.6247,10.6718,10.3047,10.5118,11355931,3.0729,4127913388.07,4463013388.07,67.5524,
600592.SH,龙溪股份,2014-12-22,10.493,10.5965,9.4578,9.5989,14347844,3.8825,3769446424.2,4075446424.2,61.6862,
600592.SH,龙溪股份,2014-12-23,9.5048,9.7683,9.2507,9.2696,8439278,2.2836,3640102674.35,3935602674.35,59.5695,
600592.SH,龙溪股份,2014-12-24,9.3166,9.7401,9.3166,9.5989,6662654,1.8029,3769446424.2,4075446424.2,61.6862,
600592.SH,龙溪股份,2014-12-25,9.6366,9.8342,9.4107,9.6554,6691292,1.8106,3791619638.46,4099419638.46,62.0491,
600592.SH,龙溪股份,2014-12-26,9.6554,9.7966,9.4201,9.7872,6773639,1.8329,3843357138.4,4155357138.4,62.8957,
600592.SH,龙溪股份,2014-12-29,9.7401,9.9471,9.4295,9.4766,8824764,2.388,3721404459.97,4023504459.97,60.9,
600592.SH,龙溪股份,2014-12-30,9.4766,9.693,9.2319,9.3354,7571428,2.0488,3665971424.32,3963571424.32,59.9928,
600592.SH,龙溪股份,2014-12-31,9.5048,9.7683,9.4766,9.6742,11818958,3.1982,3799010709.88,4107410709.88,62.17,
600592.SH,龙溪股份,2015-01-05,9.6178,9.7025,9.4201,9.6366,9114260,2.4663,3784228567.04,4091428567.04,61.9281,
600592.SH,龙溪股份,2015-01-06,9.5989,9.853,9.4578,9.8248,11110746,3.0065,3858139281.24,4171339281.24,63.1376,
600592.SH,龙溪股份,2015-01-07,9.7683,9.7872,9.5519,9.6742,6412337,1.7352,3799010709.88,4107410709.88,62.17,
600592.SH,龙溪股份,2015-01-08,9.646,9.7401,9.5519,9.7119,5736526,1.5523,3813792852.72,4123392852.72,62.4119,
600592.SH,龙溪股份,2015-01-09,9.7119,9.7777,9.5613,9.5801,5905210,1.5979,3762055352.78,4067455352.78,61.5652,
600592.SH,龙溪股份,2015-01-12,9.5237,9.5237,9.2413,9.2696,5880755,1.5913,3640102674.35,3935602674.35,59.5695,
600592.SH,龙溪股份,2015-01-13,9.2225,9.5707,9.2225,9.5237,4865137,1.3165,3739882138.52,4043482138.52,61.2024,
600592.SH,龙溪股份,2015-01-14,9.5801,9.5801,9.3637,9.4107,3354866,0.9078,3695535710,3995535710,60.4767,
600592.SH,龙溪股份,2015-01-15,9.4107,9.5331,9.3731,9.5237,3773273,1.021,3739882138.52,4043482138.52,61.2024,
600592.SH,龙溪股份,2015-01-16,9.5237,9.6366,9.4578,9.5989,5261177,1.4237,3769446424.2,4075446424.2,61.6862,
600592.SH,龙溪股份,2015-01-19,9.3637,9.6272,9.2225,9.3072,5826800,1.5767,3654884817.19,3951584817.19,59.8114,
600592.SH,龙溪股份,2015-01-20,9.3354,9.6178,9.3166,9.5613,4994934,1.3516,3754664281.36,4059464281.36,61.4443,
600592.SH,龙溪股份,2015-01-21,9.5989,9.9095,9.5989,9.853,9896744,2.678,3869225888.37,4183325888.37,63.3191,
600592.SH,龙溪股份,2015-01-22,9.8813,10.0507,9.7683,9.966,8459099,2.289,3913572316.89,4231272316.89,64.0448,
600592.SH,龙溪股份,2015-01-23,9.966,10.0601,9.7683,9.8436,6682091,1.8082,3865530352.66,4179330352.66,63.2586,
600592.SH,龙溪股份,2015-01-26,9.8813,10.2012,9.8436,10.1448,9245619,2.5018,3983787495.38,4307187495.38,65.1938,
600592.SH,龙溪股份,2015-01-27,10.1448,10.5306,10.1448,10.3424,12880756,3.4855,4061393745.29,4391093745.29,66.4638,
600592.SH,龙溪股份,2015-01-28,10.3894,10.3894,10.1824,10.2295,5196331,1.4061,4017047316.77,4343147316.77,65.7381,
600592.SH,龙溪股份,2015-01-29,10.1636,10.2295,10.013,10.0601,4766666,1.2898,3950527673.99,4271227673.99,64.6496,
600592.SH,龙溪股份,2015-01-30,10.0036,10.1448,9.9283,9.9848,3293810,0.8913,3920963388.31,4239263388.31,64.1657,
600592.SH,龙溪股份,2015-02-02,9.8718,9.9848,9.7683,9.9095,3794750,1.0268,3891399102.63,4207299102.63,63.6819,
600592.SH,龙溪股份,2015-02-03,9.9565,10.3142,9.9283,10.1448,7265624,1.9661,3983787495.38,4307187495.38,65.1938,
600592.SH,龙溪股份,2015-02-04,10.1353,10.2577,10.0507,10.0695,4529868,1.2258,3954223209.7,4275223209.7,64.71,
600592.SH,龙溪股份,2015-02-05,10.22,10.22,9.8342,9.9095,5704420,1.5436,3891399102.63,4207299102.63,63.6819,
600592.SH,龙溪股份,2015-02-06,9.9001,10.0036,9.693,9.7495,4513090,1.2212,3828574995.56,4139374995.56,62.6538,
600592.SH,龙溪股份,2015-02-09,9.7589,9.8342,9.4954,9.5801,4030837,1.0907,3762055352.78,4067455352.78,61.5652,
600592.SH,龙溪股份,2015-02-10,9.6366,9.7401,9.5613,9.7307,3165297,0.8565,3821183924.14,4131383924.14,62.5329,
600592.SH,龙溪股份,2015-02-11,9.7777,9.853,9.6836,9.7777,4239821,1.1473,3839661602.69,4151361602.69,62.8352,
600592.SH,龙溪股份,2015-02-12,9.7307,9.8718,9.693,9.8342,3148015,0.8518,3861834816.95,4175334816.95,63.1981,
600592.SH,龙溪股份,2015-02-13,9.8813,10.1165,9.8624,9.9565,5174421,1.4002,3909876781.18,4227276781.18,63.9843,
600592.SH,龙溪股份,2015-02-16,9.9095,10.1542,9.9095,10.1071,4587063,1.2412,3969005352.54,4291205352.54,64.9519,
600592.SH,龙溪股份,2015-02-17,10.1636,10.173,10.0507,10.0601,5644839,1.5275,3950527673.99,4271227673.99,88.4424,
600592.SH,龙溪股份,2015-02-25,10.0695,10.7659,10.0601,10.5494,14603244,3.9516,4142695530.91,4478995530.91,92.7445,
600592.SH,龙溪股份,2015-02-26,10.5212,10.7282,10.4271,10.5777,6770181,1.832,4153782138.04,4490982138.04,92.9927,
600592.SH,龙溪股份,2015-02-27,10.5777,10.7565,10.4741,10.6247,7490882,2.027,4172259816.59,4510959816.59,93.4064,
600592.SH,龙溪股份,2015-03-02,10.6906,10.9164,10.6059,10.8506,11229086,3.0386,4260952673.63,4606852673.63,95.392,
600592.SH,龙溪股份,2015-03-03,10.8976,11.0482,10.6812,10.7094,11160149,3.0199,4205519637.98,4546919637.98,94.151,
600592.SH,龙溪股份,2015-03-04,10.7094,10.8223,10.493,10.8035,7814561,2.1146,4242474995.08,4586874995.08,94.9783,
600592.SH,龙溪股份,2015-03-05,10.8129,11.0576,10.7282,10.9353,10914885,2.9535,4294212495.02,4642812495.02,96.1366,
600592.SH,龙溪股份,2015-03-06,10.9447,11.0482,10.6435,10.6906,7475538,2.0229,4198128566.56,4538928566.56,93.9855,
600592.SH,龙溪股份,2015-03-09,10.6906,10.7941,10.493,10.7659,6348846,1.718,4227692852.24,4570892852.24,94.6474,
600592.SH,龙溪股份,2015-03-10,10.7659,11.2835,10.7659,11.2082,16075132,4.3499,4401383030.61,4758683030.61,98.5359,
600592.SH,龙溪股份,2015-03-11,11.1423,11.274,10.9917,11.1799,10621545,2.8742,4390296423.48,4746696423.48,98.2877,
600592.SH,龙溪股份,2015-03-12,11.1988,11.2458,10.9635,11.1517,7518233,2.0344,4379209816.35,4734709816.35,98.0395,
600592.SH,龙溪股份,2015-03-13,11.1611,11.2929,11.0858,11.1894,7039350,1.9048,4393991959.19,4750691959.19,98.3704,
600592.SH,龙溪股份,2015-03-16,11.1988,11.5752,11.1988,11.3776,13972412,3.7809,4467902673.39,4830602673.39,100.0251,
600592.SH,龙溪股份,2015-03-17,11.3776,11.5752,11.3023,11.3964,14899224,4.0317,4475293744.81,4838593744.81,100.1906,
600592.SH,龙溪股份,2015-03-18,11.3964,11.6034,11.3682,11.4999,12664996,3.4271,4515944637.62,4882544637.62,101.1006,
600592.SH,龙溪股份,2015-03-19,11.5187,11.7164,11.4058,11.5564,14127278,3.8228,4538117851.88,4906517851.88,101.5971,
600592.SH,龙溪股份,2015-03-20,11.5375,11.7164,11.2929,11.5187,17921418,4.8495,4523335709.04,4890535709.04,101.2661,
600592.SH,龙溪股份,2015-03-23,11.4434,11.8952,11.4434,11.8763,19504649,5.2779,4663766066.02,5042366066.02,104.41,
600592.SH,龙溪股份,2015-03-24,11.8575,11.8763,11.2929,11.6411,19735050,5.3402,4571377673.27,4942477673.27,102.3417,
600592.SH,龙溪股份,2015-03-25,11.6693,12.7233,11.6693,12.3939,34194358,9.2529,4867020530.07,5262120530.07,108.9604,
600592.SH,龙溪股份,2015-03-26,12.3186,12.4316,12.0269,12.1587,16726337,4.5261,4774632137.32,5162232137.32,106.892,
600592.SH,龙溪股份,2015-03-27,12.2151,12.6574,12.1869,12.2622,12673712,3.4295,4815283030.13,5206183030.13,107.8021,
600592.SH,龙溪股份,2015-03-30,12.3186,12.7515,12.3186,12.4504,17882353,4.8389,4889193744.33,5286093744.33,109.4568,
600592.SH,龙溪股份,2015-03-31,12.5633,12.5633,12.2434,12.2716,13621344,3.6859,4818978565.84,5210178565.84,107.8848,
600592.SH,龙溪股份,2015-04-01,12.3375,12.4222,12.2339,12.3939,11151274,3.0175,4867020530.07,5262120530.07,108.9604,
600592.SH,龙溪股份,2015-04-02,12.4033,12.808,12.3751,12.6574,16888608,4.57,4970495529.95,5373995529.95,111.2769,
600592.SH,龙溪股份,2015-04-03,12.6104,13.3162,12.5163,13.2409,22315507,6.0385,5199618743.97,5621718743.97,116.4064,
600592.SH,龙溪股份,2015-04-07,13.1562,13.6455,13.0056,13.4009,19511517,5.2798,5262442851.04,5689642851.04,117.8129,
600592.SH,龙溪股份,2015-04-08,13.4479,13.5514,12.808,13.0056,19479032,5.271,5107230351.22,5521830351.22,114.3381,
600592.SH,龙溪股份,2015-04-09,13.015,13.1091,12.1304,12.5257,18681242,5.0551,4918758030.01,5318058030.01,110.1186,
600592.SH,龙溪股份,2015-04-10,12.4786,13.1562,12.3563,12.9774,18998427,5.1409,5096143744.09,5509843744.09,114.0899,
600592.SH,龙溪股份,2015-04-13,13.0056,14.2761,12.7798,14.2761,30154185,8.1596,5606127672.07,6061227672.07,125.5071,
600592.SH,龙溪股份,2015-04-14,14.3043,14.9348,13.9185,14.8501,39094219,10.5788,5831555350.38,6304955350.38,130.5539,
600592.SH,龙溪股份,2015-04-15,14.5866,15.2548,14.2102,14.3419,28167412,7.622,5631996422.04,6089196422.04,126.0862,
600592.SH,龙溪股份,2015-04-16,14.1161,14.6713,13.7585,14.5113,19895053,5.3835,5698516064.82,6161116064.82,127.5754,
600592.SH,龙溪股份,2015-04-17,14.8689,15.2266,14.4455,14.4831,26590711,7.1954,5687429457.69,6149129457.69,127.3272,
600592.SH,龙溪股份,2015-04-20,14.4831,14.5019,13.8149,14.0314,21097522,5.7089,5510043743.61,5957343743.61,123.356,
600592.SH,龙溪股份,2015-04-21,14.1443,14.8501,13.9561,14.7278,19394246,5.248,5783513386.15,6253013386.15,129.4783,
600592.SH,龙溪股份,2015-04-22,14.7937,15.4901,14.6431,15.4148,24713337,6.6873,6053287492.98,6544687492.98,135.5179,
600592.SH,龙溪股份,2015-04-23,15.3677,16.0641,15.2454,15.4336,23030201,6.2319,6060678564.4,6552678564.4,135.6834,
600592.SH,龙溪股份,2015-04-24,14.9631,15.9135,14.9442,15.4054,18359740,4.9681,6049591957.27,6540691957.27,135.4352,
600592.SH,龙溪股份,2015-04-27,15.3489,15.6971,14.8689,15.0383,21941039,5.9372,5905466064.58,6384866064.58,146.0287,
600592.SH,龙溪股份,2015-04-28,15.0477,15.3207,14.0408,14.3702,24089055,6.5184,5643083029.17,6101183029.17,139.5405,
600592.SH,龙溪股份,2015-04-29,14.3702,14.7184,14.2102,14.549,13857265,3.7497,5713298207.66,6177098207.66,141.2768,
600592.SH,龙溪股份,2015-04-30,14.5866,14.9254,14.5678,14.6431,10465636,2.832,5750253564.76,6217053564.76,142.1906,
600592.SH,龙溪股份,2015-05-04,14.6901,15.0572,14.3984,14.8407,17816451,4.8211,5827859814.67,6300959814.67,144.1096,
600592.SH,龙溪股份,2015-05-05,14.8219,15.0572,14.2102,14.2855,12143832,3.2861,5609823207.78,6065223207.78,138.7181,
600592.SH,龙溪股份,2015-05-06,14.3043,14.6431,13.9279,14.1725,10044764,2.7181,5565476779.26,6017276779.26,137.6215,
600592.SH,龙溪股份,2015-05-07,14.1161,14.389,13.9843,14.1914,8930319,2.4165,5572867850.68,6025267850.68,137.8043,
600592.SH,龙溪股份,2015-05-08,14.3608,15.0572,14.2667,15.0383,15864742,4.2929,5905466064.58,6384866064.58,146.0287,
600592.SH,龙溪股份,2015-05-11,15.1513,16.5441,15.0854,16.4405,22980022,6.2183,6456100885.37,6980200885.37,159.6446,
600592.SH,龙溪股份,2015-05-12,16.9393,16.9393,16.13,16.5723,18309788,4.9546,6507838385.31,7036138385.31,160.924,
600592.SH,龙溪股份,2015-05-13,16.4311,17.6827,16.3652,17.4098,18157791,4.9134,6836741063.5,7391741063.5,169.057,
600592.SH,龙溪股份,2015-05-14,17.4569,17.7392,17.0428,17.4945,14454952,3.9115,6870000884.89,7427700884.89,169.8794,
600592.SH,龙溪股份,2015-05-15,17.4004,18.1156,17.184,17.9462,15601603,4.2217,7047386598.97,7619486598.97,174.2657,
600592.SH,龙溪股份,2015-05-18,17.871,18.4356,17.7674,17.9745,17052537,4.6144,7058473206.1,7631473206.1,174.5399,
600592.SH,龙溪股份,2015-05-19,18.0874,18.3039,17.7392,17.8804,12470286,3.3744,7021517849,7591517849,173.6261,
600592.SH,龙溪股份,2015-05-20,17.8804,18.2286,17.551,17.8333,18625969,5.0401,7003040170.45,7571540170.45,173.1692,
600592.SH,龙溪股份,2015-05-21,17.7863,18.398,17.3251,18.0027,16826955,4.5533,7069559813.23,7643459813.23,174.814,
600592.SH,龙溪股份,2015-05-22,18.1062,18.4262,17.7863,17.9839,14681460,3.9728,7062168741.81,7635468741.81,174.6313,
600592.SH,龙溪股份,2015-05-25,17.9274,19.0097,17.758,18.9626,18746512,5.0727,7446504455.65,8051004455.65,184.135,
600592.SH,龙溪股份,2015-05-26,19.0191,19.659,18.2662,19.3202,30636747,8.2902,7586934812.63,8202834812.63,187.6075,
600592.SH,龙溪股份,2015-05-27,19.0849,19.2826,18.0215,18.6709,27039283,7.3167,7331942848.64,7927142848.64,181.3022,
600592.SH,龙溪股份,2015-05-28,18.7838,18.7838,16.9581,16.9769,20558006,5.5629,6666746420.84,7207946420.84,164.8534,
600592.SH,龙溪股份,2015-05-29,17.4098,17.5792,15.6124,17.3157,14277896,3.8636,6799785706.4,7351785706.4,168.1431,
600592.SH,龙溪股份,2015-06-01,17.344,18.445,17.3251,18.3509,14400253,3.8967,7206294634.5,7791294634.5,178.1952,
600592.SH,龙溪股份,2015-06-02,18.3039,20.186,18.0686,20.186,28066820,7.5948,7926924097.95,8570424097.95,196.0147,
600592.SH,龙溪股份,2015-06-03,20.186,21.1271,19.3767,19.8378,24173568,6.5413,7790189276.68,8422589276.68,192.6335,
600592.SH,龙溪股份,2015-06-04,19.9131,20.0919,18.3039,19.2073,19993592,5.4102,7542588384.11,8154888384.11,186.5109,
600592.SH,龙溪股份,2015-06-05,19.6966,20.0448,18.8309,19.659,22936106,6.2064,7719974098.19,8346674098.19,190.8973,
600592.SH,龙溪股份,2015-06-08,19.7625,21.6258,19.0285,21.6258,34358803,9.2974,8492341061.58,9181741061.58,209.9962,
600592.SH,龙溪股份,2015-06-09,21.6823,23.715,21.033,23.1974,36207251,9.7976,9109495525.15,9848995525.15,225.257,
600592.SH,龙溪股份,2015-06-10,22.9716,24.1667,21.8329,24.0726,33853692,9.1607,9453180346.18,10220580346.18,233.7555,
600592.SH,龙溪股份,2015-06-11,23.5456,23.9785,23.2445,23.301,20264889,5.4836,9150146417.96,9892946417.96,226.2622,
600592.SH,龙溪股份,2015-06-12,23.1504,24.3267,22.2658,24.1856,30389931,8.2234,9497526774.7,10268526774.7,234.8521,
600592.SH,龙溪股份,2015-06-15,23.9973,24.0538,22.774,22.9528,16913800,4.5768,9013411596.69,9745111596.69,222.881,
600592.SH,龙溪股份,2015-06-16,22.9622,22.9622,21.1365,21.56,14842786,4.0164,8466472311.61,9153772311.61,209.3565,
600592.SH,龙溪股份,2015-06-17,21.5317,22.454,20.3272,22.0964,14748905,3.991,8677117847.08,9381517847.08,214.5653,
600592.SH,龙溪股份,2015-06-18,21.6635,22.6328,20.5718,20.713,11128558,3.0114,8133874097.71,8794174097.71,201.1321,
600592.SH,龙溪股份,2015-06-19,20.3742,21.6447,19.9037,20.4589,16304422,4.4119,8034094633.54,8686294633.54,198.6648,
600592.SH,龙溪股份,2015-06-23,20.4589,22.3411,20.186,22.3128,17154761,4.642,8762115168.41,9473415168.41,216.6671,
600592.SH,龙溪股份,2015-06-24,22.5387,23.8468,21.7388,22.7175,20319898,5.4985,8921023203.94,9645223203.94,220.5965,
600592.SH,龙溪股份,2015-06-25,23.0375,23.0375,20.4495,20.6565,16552484,4.479,8111700883.45,8770200883.45,200.5838,
600592.SH,龙溪股份,2015-06-26,19.7625,19.7625,18.5956,18.5956,9913009,2.6824,7302378562.96,7895178562.96,180.5711,
600592.SH,龙溪股份,2015-06-29,19.132,19.1791,16.7323,16.7323,15066210,4.0769,6570662492.38,7104062492.38,162.4774,
600592.SH,龙溪股份,2015-06-30,15.3771,17.2593,15.0572,16.7511,19577046,5.2975,6578053563.8,7112053563.8,162.6602,
600592.SH,龙溪股份,2015-07-01,16.8828,17.2122,15.076,15.076,14059559,3.8045,5920248207.42,6400848207.42,146.3942,
600592.SH,龙溪股份,2015-07-02,14.9254,14.9254,13.5703,13.5703,20754426,5.6161,5328962493.82,5761562493.82,131.773,
600592.SH,龙溪股份,2015-07-03,12.2151,13.4291,12.2151,12.2151,13683605,3.7027,4796805351.58,5186205351.58,118.614,
600592.SH,龙溪股份,2015-07-06,13.4197,13.4197,10.9917,10.9917,17781568,4.8116,4316385709.28,4666785709.28,106.7343,
600592.SH,龙溪股份,2015-07-07,9.8907,10.013,9.8907,9.8907,6002770,1.6243,3884008031.21,4199308031.21,96.0426,
600592.SH,龙溪股份,2015-07-08,9.8907,9.8907,9.8907,9.8907,--,--,3884008031.21,4199308031.21,96.0426,
600592.SH,龙溪股份,2015-07-09,8.9025,10.8788,8.9025,10.8788,39213743,10.6111,4272039280.76,4618839280.76,105.6377,
600592.SH,龙溪股份,2015-07-10,10.8788,11.9704,10.493,11.9704,32632307,8.8302,4700721423.12,5082321423.12,116.2381,
600592.SH,龙溪股份,2015-07-13,12.281,13.1656,11.7634,13.1656,40787620,11.037,5170054458.29,5589754458.29,127.8436,
600592.SH,龙溪股份,2015-07-14,12.8833,13.9749,12.4692,12.6668,40549883,10.9727,4974191065.66,5377991065.66,123.0004,
600592.SH,龙溪股份,2015-07-15,12.3186,12.3186,11.3964,11.3964,25620127,6.9327,4475293744.81,4838593744.81,110.6638,
600592.SH,龙溪股份,2015-07-16,10.3047,11.8952,10.3047,11.3211,15957903,4.3182,4445729459.13,4806629459.13,109.9327,
600592.SH,龙溪股份,2015-07-17,11.2835,12.4504,11.2835,12.4033,19937845,5.3951,4870716065.78,5266116065.78,120.4417,
600592.SH,龙溪股份,2015-07-20,12.5163,13.0339,12.121,12.6104,22824133,6.1761,4952017851.4,5354017851.4,122.4521,
600592.SH,龙溪股份,2015-07-21,12.3751,13.0056,12.1398,12.9115,22511095,6.0914,5070274994.12,5481874994.12,125.3763,
600592.SH,龙溪股份,2015-07-22,12.7233,13.2879,12.5351,13.1468,25266596,6.8371,5162663386.87,5581763386.87,127.6609,
600592.SH,龙溪股份,2015-07-23,12.9868,13.6926,12.9868,13.5609,24860120,6.7271,5325266958.11,5757566958.11,131.6817,
600592.SH,龙溪股份,2015-07-24,13.6556,14.0062,13.0302,13.2007,30067951,8.1363,5147881244.03,5565781244.03,127.2953,
600592.SH,龙溪股份,2015-07-27,13.1249,13.4092,11.8835,11.8835,20226481,5.4732,4634201780.34,5010401780.34,114.5932,
600592.SH,龙溪股份,2015-07-28,10.9927,11.7224,10.699,10.8411,24803412,6.7117,4227692852.24,4570892852.24,104.5412,
600592.SH,龙溪股份,2015-07-29,11.0685,11.6845,10.1398,11.6371,20066940,5.43,4538117851.88,4906517851.88,112.2173,
600592.SH,龙溪股份,2015-07-30,11.4002,12.8027,11.4002,12.6701,45363976,12.2753,4940931244.27,5342031244.27,122.1779,
600592.SH,龙溪股份,2015-07-31,12.3194,13.7504,12.2247,13.2766,44461366,12.0311,5177445529.71,5597745529.71,128.0264,
600592.SH,龙溪股份,2015-08-03,12.7269,13.2766,11.9498,11.9498,22484203,6.0842,4660070530.31,5038370530.31,115.2329,
600592.SH,龙溪股份,2015-08-04,12.0351,13.1439,11.9688,13.1439,20716567,5.6058,5125708029.77,5541808029.77,126.747,
600592.SH,龙溪股份,2015-08-05,13.5514,14.0252,13.2671,13.4471,33239080,8.9944,5243965172.49,5669665172.49,129.6712,
600592.SH,龙溪股份,2015-08-06,13.1723,14.2147,12.8975,14.2053,32110288,8.6889,5539608029.29,5989308029.29,136.9818,
600592.SH,龙溪股份,2015-08-07,14.2053,14.6412,13.9873,14.3948,28394738,7.6835,5613518743.49,6069218743.49,138.8095,
600592.SH,龙溪股份,2015-08-10,14.2526,15.5793,14.2526,15.1245,25193707,6.8173,5898074993.16,6376874993.16,145.8459,
600592.SH,龙溪股份,2015-08-11,15.0202,15.8068,14.4043,15.3235,24580281,6.6513,5975681243.07,6460781243.07,147.7649,
600592.SH,龙溪股份,2015-08-12,14.9918,15.4467,14.5654,14.698,18377744,4.973,5731775886.21,6197075886.21,141.7337,
600592.SH,龙溪股份,2015-08-13,14.5938,15.0676,14.2242,14.897,15443793,4.179,5809382136.12,6280982136.12,143.6527,
600592.SH,龙溪股份,2015-08-14,15.115,15.9205,14.8212,15.6646,21581392,5.8399,6108720528.63,6604620528.63,151.0547,
600592.SH,龙溪股份,2015-08-17,15.6836,16.2996,15.4941,16.0911,25031670,6.7735,6275019635.58,6784419635.58,155.1669,
600592.SH,龙溪股份,2015-08-18,16.11,16.4133,14.4801,14.4801,24590433,6.6541,5646778564.88,6105178564.88,139.6319,
600592.SH,龙溪股份,2015-08-19,13.7504,15.2571,13.1534,15.1339,18548967,5.0193,5901770528.87,6380870528.87,145.9373,
600592.SH,龙溪股份,2015-08-20,14.8307,15.2761,13.9304,13.9683,10673950,2.8883,5447219636.54,5889419636.54,134.6973,
600592.SH,龙溪股份,2015-08-21,13.7883,14.0726,12.5753,12.6511,16483423,4.4604,4933540172.85,5334040172.85,121.9952,
600592.SH,龙溪股份,2015-08-24,11.4855,12.2247,11.3907,11.3907,5502300,1.4889,4442033923.42,4802633923.42,109.8413,
600592.SH,龙溪股份,2015-08-25,10.2536,10.7463,10.2536,10.2536,19967219,5.4031,3998569638.22,4323169638.22,98.8755,
600592.SH,龙溪股份,2015-08-26,10.2725,10.5947,9.2301,9.2301,20122660,5.4451,3599451781.54,3891651781.54,89.0062,
600592.SH,龙溪股份,2015-08-27,9.287,10.0451,8.5383,9.9882,19183557,5.191,3895094638.34,4211294638.34,96.3168,
600592.SH,龙溪股份,2015-08-28,10.0925,10.9832,9.9408,10.9548,30092263,8.1429,4272039280.76,4618839280.76,105.6377,
600592.SH,龙溪股份,2015-08-31,10.7084,10.7842,10.1019,10.2725,18112679,4.9012,4005960709.64,4331160709.64,99.3473,
600592.SH,龙溪股份,2015-09-01,9.8555,10.1872,9.249,9.249,15900945,4.3027,3606842852.96,3899642852.96,89.4492,
600592.SH,龙溪股份,2015-09-02,8.5478,9.4954,8.3204,8.3204,14489132,3.9207,3244680353.38,3508080353.38,80.4676,
600592.SH,龙溪股份,2015-09-07,8.7089,8.9363,8.0455,8.3298,17223016,4.6605,3248375889.09,3512075889.09,80.5593,
600592.SH,龙溪股份,2015-09-08,8.2066,8.8889,8.1782,8.851,10416788,2.8187,3451630353.14,3731830353.14,85.5999,
600592.SH,龙溪股份,2015-09-09,8.8984,9.3628,8.8984,9.3533,17035804,4.6098,3647493745.77,3943593745.77,90.4573,
600592.SH,龙溪股份,2015-09-10,9.1543,9.6186,9.1543,9.2964,14871282,4.0241,3625320531.51,3919620531.51,89.9074,
600592.SH,龙溪股份,2015-09-11,9.2964,9.5239,9.1259,9.4007,9068269,2.4538,3665971424.32,3963571424.32,90.9156,
600592.SH,龙溪股份,2015-09-14,9.5049,9.6186,8.4625,8.4625,13336499,3.6088,3300113389.03,3568013389.03,81.8423,
600592.SH,龙溪股份,2015-09-15,8.1593,8.2824,7.6191,7.6191,13337605,3.6091,2971210710.84,3212410710.84,73.6856,
600592.SH,龙溪股份,2015-09-16,7.676,8.3772,7.5054,8.3488,13945698,3.7737,3255766960.51,3520066960.51,80.7426,
600592.SH,龙溪股份,2015-09-17,8.3488,8.7657,8.1024,8.1782,18178370,4.919,3189247317.73,3448147317.73,79.0929,
600592.SH,龙溪股份,2015-09-18,8.3677,8.472,7.7802,8.3014,11024978,2.9833,3237289281.96,3500089281.96,80.2843,
600592.SH,龙溪股份,2015-09-21,8.1119,9.05,7.9602,8.8889,18261214,4.9414,3466412495.98,3747812495.98,85.9665,
600592.SH,龙溪股份,2015-09-22,8.8889,9.7797,8.7942,9.7797,25773178,6.9741,3813792852.72,4123392852.72,94.5815,
600592.SH,龙溪股份,2015-09-23,9.6186,10.1777,9.3817,9.8366,32684126,8.8442,3835966066.98,4147366066.98,95.1314,
600592.SH,龙溪股份,2015-09-24,9.6376,10.3104,9.5333,10.1683,32608088,8.8236,3965309816.83,4287209816.83,98.3391,
600592.SH,龙溪股份,2015-09-25,9.9503,9.9503,9.1543,9.1543,25159488,6.8081,3569887495.86,3859687495.86,88.5327,
600592.SH,龙溪股份,2015-09-28,9.1448,9.4291,8.8131,9.3438,12165712,3.292,3643798210.06,3939598210.06,90.3657,
600592.SH,龙溪股份,2015-09-29,8.9837,9.1827,8.87,8.9458,8481187,2.295,3488585710.24,3771785710.24,86.5164,
600592.SH,龙溪股份,2015-09-30,8.9363,9.2017,8.8321,9.0027,10442084,2.8256,3510758924.5,3795758924.5,87.0663,
600592.SH,龙溪股份,2015-10-08,9.486,9.5902,9.268,9.3438,16332431,4.4195,3643798210.06,3939598210.06,90.3657,
600592.SH,龙溪股份,2015-10-09,9.268,9.9503,9.2585,9.9029,19420394,5.2551,3861834816.95,4175334816.95,95.773,
600592.SH,龙溪股份,2015-10-12,9.9124,10.4999,9.8745,10.2536,20098799,5.4387,3998569638.22,4323169638.22,99.164,
600592.SH,龙溪股份,2015-10-13,10.1019,10.7558,10.0072,10.699,24992456,6.7629,4172259816.59,4510959816.59,103.4715,
600592.SH,龙溪股份,2015-10-14,10.7084,11.3339,10.5284,10.9264,31128306,8.4232,4260952673.63,4606852673.63,105.671,
600592.SH,龙溪股份,2015-10-15,10.6326,11.3244,10.6326,11.2012,24249825,6.5619,4368123209.22,4722723209.22,108.3288,
600592.SH,龙溪股份,2015-10-16,11.2296,11.3528,10.7369,11.097,23240800,6.2889,4327472316.41,4678772316.41,107.3207,
600592.SH,龙溪股份,2015-10-19,11.0875,11.2581,10.7179,10.8695,16381230,4.4327,4238779459.37,4582879459.37,105.1211,
600592.SH,龙溪股份,2015-10-20,10.879,11.2675,10.7274,11.1917,17131412,4.6357,4364427673.51,4718727673.51,108.2372,
600592.SH,龙溪股份,2015-10-21,11.2296,11.2391,10.0735,10.0735,19137599,5.1786,3928354459.73,4247254459.73,97.4226,
600592.SH,龙溪股份,2015-10-22,10.0072,10.3957,9.8366,10.3388,17243822,4.6661,4031829459.61,4359129459.61,99.9888,
600592.SH,龙溪股份,2015-10-23,10.3578,10.7084,10.282,10.6326,12808077,3.4658,4146391066.62,4482991066.62,102.8299,
600592.SH,龙溪股份,2015-10-26,10.8032,11.0401,10.5852,10.879,16262718,4.4006,4242474995.08,4586874995.08,105.2128,
600592.SH,龙溪股份,2015-10-27,10.7842,10.8695,10.0546,10.8221,15761501,4.265,4220301780.82,4562901780.82,104.6629,
600592.SH,龙溪股份,2015-10-28,10.7842,11.4665,10.6895,11.1064,30147234,8.1577,4331167852.12,4682767852.12,107.4123,
600592.SH,龙溪股份,2015-10-29,11.1538,11.9593,11.0401,11.7129,32038025,8.6694,4567682137.56,4938482137.56,113.2779,
600592.SH,龙溪股份,2015-10-30,11.5613,12.1868,11.4381,11.6656,29321000,7.9342,4549204459.01,4918504459.01,514.049,
600592.SH,龙溪股份,2015-11-02,11.2486,12.509,11.0875,11.8551,22534901,6.0979,4623115173.21,4998415173.21,522.4008,
600592.SH,龙溪股份,2015-11-03,11.7319,12.3194,11.1064,11.8267,21857865,5.9147,4612028566.08,4986428566.08,521.1479,
600592.SH,龙溪股份,2015-11-04,11.9878,12.9354,11.9878,12.8596,29291249,7.9261,5014841958.47,5421941958.47,566.6649,
600592.SH,龙溪股份,2015-11-05,12.6606,13.1439,12.1489,12.4142,40871869,11.0598,4841151780.1,5234151780.1,547.0383,
600592.SH,龙溪股份,2015-11-06,12.3952,12.8406,12.1299,12.6322,29611862,8.0129,4926149101.43,5326049101.43,556.6428,
600592.SH,龙溪股份,2015-11-09,12.4142,12.5753,12.1204,12.5374,24571959,6.6491,4889193744.33,5286093744.33,552.467,
600592.SH,龙溪股份,2015-11-10,12.5374,12.8596,12.31,12.5942,27385073,7.4103,4911366958.59,5310066958.59,554.9725,
600592.SH,龙溪股份,2015-11-11,12.5848,12.888,12.4142,12.8406,21767548,5.8902,5007450887.05,5413950887.05,565.8297,
600592.SH,龙溪股份,2015-11-12,12.8217,13.3618,12.8027,13.1534,24665301,6.6744,5129403565.48,5545803565.48,579.6101,
600592.SH,龙溪股份,2015-11-13,12.9354,12.9449,12.0825,12.2057,21824778,5.9057,4759849994.48,5146249994.48,537.8514,
600592.SH,龙溪股份,2015-11-16,11.9688,12.5374,11.7508,12.49,12392074,3.3533,4870716065.78,5266116065.78,550.379,
600592.SH,龙溪股份,2015-11-17,12.6322,12.7364,12.3668,12.3763,22501286,6.0888,4826369637.26,5218169637.26,545.368,
600592.SH,龙溪股份,2015-11-18,12.3194,12.4426,11.8361,11.9404,12241448,3.3125,4656374994.6,5034374994.6,526.159,
600592.SH,龙溪股份,2015-11-19,12.0162,12.3668,11.9404,12.3289,9980759,2.7008,4807891958.71,5198191958.71,543.2801,
600592.SH,龙溪股份,2015-11-20,12.3479,12.9638,12.3479,12.9354,21696250,5.8709,5044406244.15,5453906244.15,570.0056,
600592.SH,龙溪股份,2015-11-23,13.1723,13.2576,12.5563,12.6416,20294978,5.4918,4929844637.14,5330044637.14,557.0604,
600592.SH,龙溪股份,2015-11-24,12.5753,13.2481,12.509,13.0681,16778216,4.5401,5096143744.09,5509843744.09,575.8518,
600592.SH,龙溪股份,2015-11-25,13.0681,13.4092,12.9354,13.1534,19649622,5.3171,5129403565.48,5545803565.48,579.6101,
600592.SH,龙溪股份,2015-11-26,13.1344,13.7409,13.0112,13.5893,23750427,6.4268,5299398208.14,5729598208.14,598.8191,
600592.SH,龙溪股份,2015-11-27,13.6272,13.722,12.2341,12.4047,25202239,6.8196,4837456244.39,5230156244.39,546.6207,
600592.SH,龙溪股份,2015-11-30,12.2247,12.5184,11.2202,12.1394,16822870,4.5522,4733981244.51,5118281244.51,534.9283,
600592.SH,龙溪股份,2015-12-01,12.0067,12.4995,11.6561,12.4616,13005595,3.5193,4859629458.65,5254129458.65,549.1263,
600592.SH,龙溪股份,2015-12-02,12.291,12.888,12.0541,12.5563,13762747,3.7242,4896584815.75,5294084815.75,553.3021,
600592.SH,龙溪股份,2015-12-03,12.5563,13.8167,12.4616,13.8167,34742991,9.4013,5388091065.18,5825491065.18,608.8411,
600592.SH,龙溪股份,2015-12-04,13.7409,14.2147,13.2671,13.7504,40990948,11.092,5362222315.21,5797522315.21,605.918,
600592.SH,龙溪股份,2015-12-07,13.6556,14.101,13.3903,14.0157,24965596,6.7556,5465697315.09,5909397315.09,617.6105,
600592.SH,龙溪股份,2015-12-08,13.8451,14.0252,13.2671,13.7693,25379548,6.8676,5369613386.63,5805513386.63,606.7532,
600592.SH,龙溪股份,2015-12-09,13.6461,15.1339,13.4282,14.7549,49405731,13.369,5753949100.47,6221049100.47,650.1822,
600592.SH,龙溪股份,2015-12-10,14.5938,14.7454,13.8357,14.5085,40059743,10.84,5657865172.01,6117165172.01,639.325,
600592.SH,龙溪股份,2015-12-11,14.1863,14.3095,13.5135,13.7693,21225844,5.7436,5369613386.63,5805513386.63,606.7532,
600592.SH,龙溪股份,2015-12-14,13.5324,14.1484,13.2386,14.0252,15980737,4.3243,5469392850.8,5913392850.8,618.0281,
600592.SH,龙溪股份,2015-12-15,13.7978,14.6886,13.7978,14.4801,23408928,6.3344,5646778564.88,6105178564.88,638.0722,
600592.SH,龙溪股份,2015-12-16,14.3095,14.5085,14.1105,14.1863,15397257,4.1664,5532216957.87,5981316957.87,625.127,
600592.SH,龙溪股份,2015-12-17,14.2432,14.5748,14.1579,14.3095,17109674,4.6298,5580258922.1,6033258922.1,630.5557,
600592.SH,龙溪股份,2015-12-18,14.2526,14.4895,13.8072,13.9399,14981588,4.054,5436133029.41,5877433029.41,614.2698,
600592.SH,龙溪股份,2015-12-21,13.8451,14.1294,13.6935,14.0157,10389519,2.8114,5465697315.09,5909397315.09,617.6105,
600592.SH,龙溪股份,2015-12-22,14.0252,14.8117,13.9494,14.6506,21297118,5.7629,5713298207.66,6177098207.66,645.5887,
600592.SH,龙溪股份,2015-12-23,14.5748,14.6791,14.0252,14.1294,17835230,4.8262,5510043743.61,5957343743.61,622.6215,
600592.SH,龙溪股份,2015-12-24,14.0062,14.9539,13.8072,14.8117,17585740,4.7586,5776122314.73,6245022314.73,652.6877,
600592.SH,龙溪股份,2015-12-25,14.7833,15.4372,14.6317,15.2192,24456611,6.6179,5935030350.26,6416830350.26,670.644,
600592.SH,龙溪股份,2015-12-28,15.2571,15.4277,14.698,14.8307,17997063,4.8699,5783513386.15,6253013386.15,653.5229,
600592.SH,龙溪股份,2015-12-29,14.7738,15.4467,14.518,15.3519,14256074,3.8576,5986767850.2,6472767850.2,676.4902,
600592.SH,龙溪股份,2015-12-30,15.3424,16.2522,15.2666,15.9774,24490816,6.6271,6230673207.06,6736473207.06,704.0509,
600592.SH,龙溪股份,2015-12-31,15.8163,16.2048,15.6267,15.6457,15078345,4.0802,6101329457.21,6596629457.21,689.4354,
600592.SH,龙溪股份,2016-01-04,15.4846,15.7783,14.0821,14.0821,12322028,3.3343,5491566065.06,5937366065.06,620.5336,
600592.SH,龙溪股份,2016-01-05,13.0775,14.2147,12.7459,13.6746,15663291,4.2384,5332658029.53,5765558029.53,602.5773,
600592.SH,龙溪股份,2016-01-06,13.7504,13.9968,13.4282,13.7504,12047529,3.26,5362222315.21,5797522315.21,605.918,
600592.SH,龙溪股份,2016-01-07,13.5229,13.5229,12.3763,12.3763,3895600,1.0541,4826369637.26,5218169637.26,545.368,
600592.SH,龙溪股份,2016-01-08,12.689,12.8691,11.2296,11.9972,17028786,4.6079,4678548208.86,5058348208.86,528.6646,
600592.SH,龙溪股份,2016-01-11,11.3718,11.6182,10.7937,10.7937,16481616,4.4599,4209215173.69,4550915173.69,475.631,
600592.SH,龙溪股份,2016-01-12,10.4241,10.7084,9.9503,10.2251,13733729,3.7163,3987483031.09,4311183031.09,450.5759,
600592.SH,龙溪股份,2016-01-13,10.4241,10.6231,9.287,9.4481,9867937,2.6702,3684449102.87,3983549102.87,416.3338,
600592.SH,龙溪股份,2016-01-14,9.1259,10.0925,9.0027,9.9503,12132455,3.283,3880312495.5,4195312495.5,438.4659,
600592.SH,龙溪股份,2016-01-15,9.8271,9.9503,9.1069,9.1922,10203284,2.761,3584669638.7,3875669638.7,405.0589,
600592.SH,龙溪股份,2016-01-18,9.05,9.6281,8.8131,9.486,8921042,2.414,3699231245.71,3999531245.71,418.0041,
600592.SH,龙溪股份,2016-01-19,9.486,10.1398,9.4291,9.9882,11112172,3.0069,3895094638.34,4211294638.34,440.1362,
600592.SH,龙溪股份,2016-01-20,9.9029,10.2062,9.7418,9.9219,12951305,3.5046,3869225888.37,4183325888.37,437.2131,
600592.SH,龙溪股份,2016-01-21,9.7134,10.1019,9.4765,9.5239,15007557,4.061,3714013388.55,4015513388.55,419.6745,
600592.SH,龙溪股份,2016-01-22,9.6471,9.8176,9.268,9.6755,8033613,2.1739,3773141959.91,4079441959.91,426.3558,
600592.SH,龙溪股份,2016-01-25,9.7608,9.884,9.3059,9.4954,13721395,3.713,3702926781.42,4003526781.42,418.4217,
600592.SH,龙溪股份,2016-01-26,9.3817,9.3817,8.5478,8.5478,14154554,3.8302,3333373210.42,3603973210.42,376.6631,
600592.SH,龙溪股份,2016-01-27,8.3962,8.7373,8.1593,8.6331,14416722,3.9011,3366633031.81,3639933031.81,380.4213,
600592.SH,龙溪股份,2016-01-28,8.5288,8.6141,8.1024,8.2256,7780720,2.1054,3207724996.28,3468124996.28,362.4651,
600592.SH,龙溪股份,2016-01-29,8.3014,8.7089,8.1498,8.5762,7129318,1.9292,3344459817.55,3615959817.55,64.3943,
600592.SH,龙溪股份,2016-02-01,8.6331,8.6426,8.2066,8.4341,5661557,1.532,3289026781.9,3556026781.9,63.327,
600592.SH,龙溪股份,2016-02-02,8.4341,8.851,8.4341,8.7942,14616765,3.9552,3429457138.88,3707857138.88,66.0309,
600592.SH,龙溪股份,2016-02-03,8.6331,8.7847,8.4341,8.7184,10613604,2.872,3399892853.2,3675892853.2,65.4616,
600592.SH,龙溪股份,2016-02-04,8.7847,8.9648,8.6615,8.9174,11633519,3.148,3477499103.11,3759799103.11,66.9559,
600592.SH,龙溪股份,2016-02-05,8.9742,8.9742,8.6615,8.6899,8035066,2.1743,3388806246.07,3663906246.07,65.2482,
600592.SH,龙溪股份,2016-02-15,8.273,8.6141,8.273,8.5099,6520051,1.7643,3318591067.58,3587991067.58,63.8962,
600592.SH,龙溪股份,2016-02-16,8.5762,9.287,8.5762,9.2206,18381072,4.9739,3595756245.83,3887656245.83,69.2328,
600592.SH,龙溪股份,2016-02-17,9.1448,9.4765,9.0406,9.3154,16760542,4.5353,3632711602.93,3927611602.93,69.9443,
600592.SH,龙溪股份,2016-02-18,9.4101,9.5144,9.2396,9.3343,13342401,3.6104,3640102674.35,3935602674.35,70.0866,
600592.SH,龙溪股份,2016-02-19,9.3249,9.4291,9.1543,9.4101,9712074,2.6281,3669666960.03,3967566960.03,70.6559,
600592.SH,龙溪股份,2016-02-22,9.5807,9.7513,9.4386,9.5713,15304563,4.1414,3732491067.1,4035491067.1,71.8655,
600592.SH,龙溪股份,2016-02-23,9.5902,9.6376,9.3438,9.5428,10495485,2.84,3721404459.97,4023504459.97,71.652,
600592.SH,龙溪股份,2016-02-24,9.5144,9.8366,9.4196,9.7608,13983455,3.7839,3806401781.3,4115401781.3,73.2886,
600592.SH,龙溪股份,2016-02-25,9.7418,9.7418,8.7847,8.7847,14751982,3.9918,3425761603.17,3703861603.17,65.9597,
600592.SH,龙溪股份,2016-02-26,8.7942,8.8889,8.3962,8.6046,10022593,2.7121,3355546424.68,3627946424.68,64.6078,
600592.SH,龙溪股份,2016-02-29,8.7468,8.7468,7.9318,8.3109,16725587,4.5259,3240984817.67,3504084817.67,62.402,
600592.SH,龙溪股份,2016-03-01,8.3014,8.6331,8.2066,8.5383,8692908,2.3523,3329677674.71,3599977674.71,64.1097,
600592.SH,龙溪股份,2016-03-02,8.5288,9.05,8.4435,9.0027,10277763,2.7811,3510758924.5,3795758924.5,67.5962,
600592.SH,龙溪股份,2016-03-03,9.0121,9.2111,8.9648,9.0027,11393907,3.0832,3510758924.5,3795758924.5,67.5962,
600592.SH,龙溪股份,2016-03-04,8.9363,9.0879,8.5667,8.6426,11058003,2.9923,3370328567.52,3643928567.52,64.8924,
600592.SH,龙溪股份,2016-03-07,8.6994,9.0027,8.6994,8.8321,7246070,1.9608,3444239281.72,3723839281.72,66.3155,
600592.SH,龙溪股份,2016-03-08,8.8889,8.8889,8.4151,8.8795,8929193,2.4162,3462716960.27,3743816960.27,66.6712,
600592.SH,龙溪股份,2016-03-09,8.7089,8.8795,8.5288,8.6141,7321838,1.9813,3359241960.39,3631941960.39,64.6789,
600592.SH,龙溪股份,2016-03-10,8.6331,8.7373,8.5004,8.5099,7458964,2.0184,3318591067.58,3587991067.58,63.8962,
600592.SH,龙溪股份,2016-03-11,8.3677,8.5667,8.3393,8.5099,4341326,1.1747,3318591067.58,3587991067.58,63.8962,
600592.SH,龙溪股份,2016-03-14,8.6141,8.9079,8.5952,8.7657,8133122,2.2008,3418370531.75,3695870531.75,65.8174,
600592.SH,龙溪股份,2016-03-15,8.7657,8.8984,8.7278,8.8131,6053286,1.638,3436848210.3,3715848210.3,66.1732,
600592.SH,龙溪股份,2016-03-16,8.8889,9.0121,8.6331,8.6899,7267385,1.9665,3388806246.07,3663906246.07,65.2482,
600592.SH,龙溪股份,2016-03-17,8.7373,9.1069,8.7184,9.0406,10112600,2.7364,3525541067.34,3811741067.34,67.8809,
600592.SH,龙溪股份,2016-03-18,9.069,9.4291,9.0216,9.3343,13531952,3.6617,3640102674.35,3935602674.35,70.0866,
600592.SH,龙溪股份,2016-03-21,9.3912,9.7324,9.3912,9.5523,14084242,3.8112,3725099995.68,4027499995.68,71.7232,
600592.SH,龙溪股份,2016-03-22,9.467,9.7608,9.3628,9.5713,11081564,2.9986,3732491067.1,4035491067.1,71.8655,
600592.SH,龙溪股份,2016-03-23,9.7134,9.7418,9.5049,9.6944,9662865,2.6147,3780533031.33,4087433031.33,72.7905,
600592.SH,龙溪股份,2016-03-24,9.5902,9.7134,9.3722,9.3817,10564990,2.8589,3658580352.9,3955580352.9,70.4424,
600592.SH,龙溪股份,2016-03-25,9.3343,9.5713,9.3343,9.5333,8465454,2.2907,3717708924.26,4019508924.26,71.5809,
600592.SH,龙溪股份,2016-03-28,9.666,10.3862,9.6281,9.884,21499964,5.8178,3854443745.53,4167343745.53,74.2136,
600592.SH,龙溪股份,2016-03-29,9.7987,10.0546,9.6186,9.8082,15223176,4.1193,3824879459.85,4135379459.85,73.6443,
600592.SH,龙溪股份,2016-03-30,9.9029,10.1872,9.8082,10.1209,13698298,3.7067,3946832138.28,4267232138.28,75.9924,
600592.SH,龙溪股份,2016-03-31,10.1872,10.8032,10.1114,10.6326,21490102,5.8152,4146391066.62,4482991066.62,79.8347,
600592.SH,龙溪股份,2016-04-01,10.5189,10.5852,10.1398,10.4052,12646930,3.4222,4057698209.58,4387098209.58,78.127,
600592.SH,龙溪股份,2016-04-05,10.282,10.7842,10.2725,10.6231,12987400,3.5143,4142695530.91,4478995530.91,79.7636,
600592.SH,龙溪股份,2016-04-06,10.5568,10.8316,10.5473,10.7179,11879864,3.2147,4179650888.01,4518950888.01,80.4751,
600592.SH,龙溪股份,2016-04-07,10.6895,10.7558,10.2346,10.3009,11470158,3.1038,4017047316.77,4343147316.77,77.3443,
600592.SH,龙溪股份,2016-04-08,10.3862,10.4715,9.884,10.1209,12587708,3.4062,3946832138.28,4267232138.28,75.9924,
600592.SH,龙溪股份,2016-04-11,10.1209,10.1209,10.1209,10.1209,--,--,3946832138.28,4267232138.28,75.9924,
600592.SH,龙溪股份,2016-04-12,10.1209,10.1209,10.1209,10.1209,--,--,3946832138.28,4267232138.28,75.9924,
600592.SH,龙溪股份,2016-04-13,10.1209,10.1209,10.1209,10.1209,--,--,3946832138.28,4267232138.28,75.9924,
600592.SH,龙溪股份,2016-04-14,10.1209,10.1209,10.1209,10.1209,--,--,3946832138.28,4267232138.28,75.9924,
600592.SH,龙溪股份,2016-04-15,10.1209,10.1209,10.1209,10.1209,--,--,3946832138.28,4267232138.28,75.9924,
600592.SH,龙溪股份,2016-04-18,10.1209,10.1209,10.1209,10.1209,--,--,3946832138.28,4267232138.28,75.9924,
600592.SH,龙溪股份,2016-04-19,10.1209,10.1209,10.1209,10.1209,--,--,3946832138.28,4267232138.28,75.9924,
600592.SH,龙溪股份,2016-04-20,10.1209,10.1209,10.1209,10.1209,--,--,3946832138.28,4267232138.28,75.9924,
600592.SH,龙溪股份,2016-04-21,10.1209,10.1209,10.1209,10.1209,--,--,3946832138.28,4267232138.28,81.5038,
600592.SH,龙溪股份,2016-04-22,10.1209,10.1209,10.1209,10.1209,--,--,3946832138.28,4267232138.28,81.5038,
600592.SH,龙溪股份,2016-04-25,10.1209,10.1209,10.1209,10.1209,--,--,4267232138.28,4267232138.28,81.5038,
600592.SH,龙溪股份,2016-04-26,10.1209,10.1209,10.1209,10.1209,--,--,4267232138.28,4267232138.28,81.5038,
600592.SH,龙溪股份,2016-04-27,10.1209,10.1209,10.1209,10.1209,--,--,4267232138.28,4267232138.28,81.5038,
600592.SH,龙溪股份,2016-04-28,10.1209,10.1209,10.1209,10.1209,--,--,4267232138.28,4267232138.28,99.3734,
600592.SH,龙溪股份,2016-04-29,10.1209,10.1209,10.1209,10.1209,--,--,4267232138.28,4267232138.28,99.3734,
600592.SH,龙溪股份,2016-05-03,10.1209,10.1209,10.1209,10.1209,--,--,4267232138.28,4267232138.28,99.3734,
600592.SH,龙溪股份,2016-05-04,10.1209,10.1209,10.1209,10.1209,--,--,4267232138.28,4267232138.28,99.3734,
600592.SH,龙溪股份,2016-05-05,10.1209,10.1209,10.1209,10.1209,--,--,4267232138.28,4267232138.28,99.3734,
600592.SH,龙溪股份,2016-05-06,10.1209,10.1209,10.1209,10.1209,--,--,4267232138.28,4267232138.28,99.3734,
600592.SH,龙溪股份,2016-05-09,10.1209,10.1209,10.1209,10.1209,--,--,4267232138.28,4267232138.28,99.3734,
600592.SH,龙溪股份,2016-05-10,10.1209,10.1209,10.1209,10.1209,--,--,4267232138.28,4267232138.28,99.3734,
600592.SH,龙溪股份,2016-05-11,10.1209,10.1209,10.1209,10.1209,--,--,4267232138.28,4267232138.28,99.3734,
600592.SH,龙溪股份,2016-05-12,10.1209,10.1209,10.1209,10.1209,--,--,4267232138.28,4267232138.28,99.3734,
600592.SH,龙溪股份,2016-05-13,10.1209,10.1209,10.1209,10.1209,--,--,4267232138.28,4267232138.28,99.3734,
600592.SH,龙溪股份,2016-05-16,10.1209,10.1209,10.1209,10.1209,--,--,4267232138.28,4267232138.28,99.3734,
600592.SH,龙溪股份,2016-05-17,10.1209,10.1209,10.1209,10.1209,--,--,4267232138.28,4267232138.28,99.3734,
600592.SH,龙溪股份,2016-05-18,10.1209,10.1209,10.1209,10.1209,--,--,4267232138.28,4267232138.28,99.3734,
600592.SH,龙溪股份,2016-05-19,10.1209,10.1209,10.1209,10.1209,--,--,4267232138.28,4267232138.28,99.3734,
600592.SH,龙溪股份,2016-05-20,10.1209,10.1209,10.1209,10.1209,--,--,4267232138.28,4267232138.28,99.3734,
600592.SH,龙溪股份,2016-05-23,10.1209,10.1209,10.1209,10.1209,--,--,4267232138.28,4267232138.28,99.3734,
600592.SH,龙溪股份,2016-05-24,10.1209,10.1209,10.1209,10.1209,--,--,4267232138.28,4267232138.28,99.3734,
600592.SH,龙溪股份,2016-05-25,10.1209,10.1209,10.1209,10.1209,--,--,4267232138.28,4267232138.28,99.3734,
600592.SH,龙溪股份,2016-05-26,10.1209,10.1209,10.1209,10.1209,--,--,4267232138.28,4267232138.28,99.3734,
600592.SH,龙溪股份,2016-05-27,10.1209,10.1209,10.1209,10.1209,--,--,4267232138.28,4267232138.28,99.3734,
600592.SH,龙溪股份,2016-05-30,10.1209,10.1209,10.1209,10.1209,--,--,4267232138.28,4267232138.28,99.3734,
600592.SH,龙溪股份,2016-05-31,10.1209,10.1209,10.1209,10.1209,--,--,4267232138.28,4267232138.28,99.3734,
600592.SH,龙溪股份,2016-06-01,10.1209,10.1209,10.1209,10.1209,--,--,4267232138.28,4267232138.28,99.3734,
600592.SH,龙溪股份,2016-06-02,10.1209,10.1209,10.1209,10.1209,--,--,4267232138.28,4267232138.28,99.3734,
600592.SH,龙溪股份,2016-06-03,9.9503,9.9977,9.6186,9.7039,25741848,6.4427,4091428567.04,4091428567.04,95.2793,
600592.SH,龙溪股份,2016-06-06,9.7039,9.8461,9.5997,9.7797,16897826,4.2292,4123392852.72,4123392852.72,96.0237,
600592.SH,龙溪股份,2016-06-07,9.7229,9.7703,9.5144,9.6186,13876572,3.473,4055468745.65,4055468745.65,94.4419,
600592.SH,龙溪股份,2016-06-08,9.6565,9.6565,9.4481,9.6092,8862329,2.2181,4051473209.94,4051473209.94,94.3489,
600592.SH,龙溪股份,2016-06-13,9.467,9.5618,9.069,9.1069,11502693,2.8789,3839709817.31,3839709817.31,89.4174,
600592.SH,龙溪股份,2016-06-14,9.0879,9.1259,8.8131,9.0027,8357036,2.0916,3795758924.5,3795758924.5,88.3939,
600592.SH,龙溪股份,2016-06-15,8.8605,9.3249,8.8131,9.2775,8605184,2.1537,3911629460.09,3911629460.09,91.0923,
600592.SH,龙溪股份,2016-06-16,9.268,9.3249,9.0974,9.1353,7558560,1.8918,3851696424.44,3851696424.44,89.6966,
600592.SH,龙溪股份,2016-06-17,9.2017,9.3722,9.1638,9.249,7037239,1.7613,3899642852.96,3899642852.96,90.8131,
600592.SH,龙溪股份,2016-06-20,9.2964,9.2964,9.0785,9.2775,5133380,1.2848,3911629460.09,3911629460.09,91.0923,
600592.SH,龙溪股份,2016-06-21,9.3154,9.5049,9.1922,9.268,7498415,1.8767,3907633924.38,3907633924.38,90.9992,
600592.SH,龙溪股份,2016-06-22,9.2775,9.4196,9.1259,9.3912,5899576,1.4765,3959575888.61,3959575888.61,92.2088,
600592.SH,龙溪股份,2016-06-23,9.3722,9.5239,9.3154,9.4196,7867440,1.9691,3971562495.74,3971562495.74,92.488,
600592.SH,龙溪股份,2016-06-24,9.4196,9.6471,8.9553,9.6092,13138548,3.2883,4051473209.94,4051473209.94,94.3489,
600592.SH,龙溪股份,2016-06-27,9.4481,9.7892,9.4386,9.7797,13769716,3.4463,4123392852.72,4123392852.72,96.0237,
600592.SH,龙溪股份,2016-06-28,9.685,9.8366,9.6281,9.7608,9878775,2.4725,4115401781.3,4115401781.3,95.8376,
600592.SH,龙溪股份,2016-06-29,9.7418,10.1588,9.7418,10.0261,15877001,3.9737,4227276781.18,4227276781.18,98.4429,
600592.SH,龙溪股份,2016-06-30,10.007,10.0357,9.8252,9.9687,7828984,1.9594,4163348209.82,4163348209.82,96.9542,
600592.SH,龙溪股份,2016-07-01,9.94,10.2844,9.8635,10.0931,11920710,2.9835,4215290174.05,4215290174.05,98.1638,
600592.SH,龙溪股份,2016-07-04,10.007,10.3992,9.9687,10.3705,15961943,3.9949,4331160709.64,4331160709.64,100.8621,
600592.SH,龙溪股份,2016-07-05,10.3323,10.5427,10.2653,10.3227,14318703,3.5837,4311183031.09,4311183031.09,100.3969,
600592.SH,龙溪股份,2016-07-06,10.2175,10.3514,10.0453,10.2462,10844655,2.7142,4279218745.41,4279218745.41,99.6525,
600592.SH,龙溪股份,2016-07-07,10.2079,10.2175,9.9783,10.1409,9594542,2.4013,4235267852.6,4235267852.6,98.629,
600592.SH,龙溪股份,2016-07-08,10.1409,10.2749,10.0548,10.1601,7504111,1.8781,4243258924.02,4243258924.02,98.8151,
600592.SH,龙溪股份,2016-07-11,10.2749,10.6671,10.2557,10.3131,18279109,4.5749,4307187495.38,4307187495.38,100.3038,
600592.SH,龙溪股份,2016-07-12,10.2366,10.3897,10.0261,10.3418,12294002,3.0769,4319174102.51,4319174102.51,100.583,
600592.SH,龙溪股份,2016-07-13,10.3514,10.6193,10.3323,10.4471,12674372,3.1721,4363124995.32,4363124995.32,101.6065,
600592.SH,龙溪股份,2016-07-14,10.4184,10.7054,10.3897,10.6862,14734284,3.6877,4463013388.07,4463013388.07,103.9326,
600592.SH,龙溪股份,2016-07-15,10.6862,10.7054,10.4949,10.5427,8576755,2.1466,4403080352.42,4403080352.42,102.5369,
600592.SH,龙溪股份,2016-07-18,10.4949,10.5045,10.1314,10.2175,11867217,2.9701,4267232138.28,4267232138.28,99.3734,
600592.SH,龙溪股份,2016-07-19,10.2653,10.4375,10.0931,10.4088,10582532,2.6486,4347142852.48,4347142852.48,101.2343,
600592.SH,龙溪股份,2016-07-20,10.3323,10.4279,10.2557,10.2844,6650918,1.6646,4295200888.25,4295200888.25,100.0247,
600592.SH,龙溪股份,2016-07-21,10.2653,10.3897,10.227,10.2366,7452410,1.8652,4275223209.7,4275223209.7,99.5595,
600592.SH,龙溪股份,2016-07-22,10.2653,10.5045,10.2079,10.3897,13950087,3.4914,4339151781.06,4339151781.06,101.0482,
600592.SH,龙溪股份,2016-07-25,10.3801,10.3992,10.2079,10.3036,7695025,1.9259,4303191959.67,4303191959.67,100.2108,
600592.SH,龙溪股份,2016-07-26,10.2844,10.4853,10.2653,10.4662,11240956,2.8134,4371116066.74,4371116066.74,101.7926,
600592.SH,龙溪股份,2016-07-27,10.4853,10.6001,9.7104,9.7487,16667484,4.1715,4071450888.49,4071450888.49,94.8141,
600592.SH,龙溪股份,2016-07-28,9.7678,9.9113,9.5095,9.7487,6775762,1.6958,4071450888.49,4071450888.49,94.8141,
600592.SH,龙溪股份,2016-07-29,9.7678,9.8157,9.5191,9.586,5322386,1.3321,4003526781.42,4003526781.42,93.2323,
600592.SH,龙溪股份,2016-08-01,9.4999,9.5669,9.2129,9.5191,5414779,1.3552,3975558031.45,3975558031.45,92.581,
600592.SH,龙溪股份,2016-08-02,9.5095,9.72,9.433,9.6721,5130482,1.2841,4039486602.81,4039486602.81,94.0697,
600592.SH,龙溪股份,2016-08-03,9.6626,9.7295,9.6243,9.6626,3167862,0.7929,4035491067.1,4035491067.1,93.9767,
600592.SH,龙溪股份,2016-08-04,9.653,9.7678,9.6052,9.7391,3590828,0.8987,4067455352.78,4067455352.78,94.7211,
600592.SH,龙溪股份,2016-08-05,9.72,9.7965,9.6721,9.6817,3524901,0.8822,4043482138.52,4043482138.52,94.1628,
600592.SH,龙溪股份,2016-08-08,9.72,9.9974,9.6913,9.9783,6050326,1.5143,4167343745.53,4167343745.53,97.0472,
600592.SH,龙溪股份,2016-08-09,9.9496,10.0261,9.8635,9.9592,5916256,1.4807,4159352674.11,4159352674.11,96.8611,
600592.SH,龙溪股份,2016-08-10,9.9496,9.9879,9.8444,9.9687,5480727,1.3717,4163348209.82,4163348209.82,96.9542,
600592.SH,龙溪股份,2016-08-11,9.94,9.9783,9.6721,9.6817,4112859,1.0294,4043482138.52,4043482138.52,94.1628,
600592.SH,龙溪股份,2016-08-12,9.6913,9.8444,9.6339,9.8157,5180484,1.2966,4099419638.46,4099419638.46,95.4654,
600592.SH,龙溪股份,2016-08-15,9.7965,10.1314,9.7774,10.1027,8659093,2.1672,4219285709.76,4219285709.76,98.2568,
600592.SH,龙溪股份,2016-08-16,10.1122,10.3705,10.0548,10.2366,8107606,2.0292,4275223209.7,4275223209.7,99.5595,
600592.SH,龙溪股份,2016-08-17,10.2366,10.3036,10.1792,10.227,5246794,1.3132,4271227673.99,4271227673.99,99.4664,
600592.SH,龙溪股份,2016-08-18,10.2366,10.3036,10.1505,10.1792,4635141,1.1601,4251249995.44,4251249995.44,99.0012,
600592.SH,龙溪股份,2016-08-19,10.2079,10.2175,9.9974,10.1792,4906685,1.228,4251249995.44,4251249995.44,99.0012,
600592.SH,龙溪股份,2016-08-22,10.1696,10.2079,10.074,10.1601,3596470,0.9001,4243258924.02,4243258924.02,98.8151,
600592.SH,龙溪股份,2016-08-23,10.1696,10.2653,10.0453,10.2079,4569944,1.1438,4263236602.57,4263236602.57,99.2803,
600592.SH,龙溪股份,2016-08-24,10.1983,10.3323,10.1888,10.2749,6122472,1.5323,4291205352.54,4291205352.54,99.9317,
600592.SH,龙溪股份,2016-08-25,10.2366,10.2366,10.007,10.1122,5840621,1.4618,4223281245.47,4223281245.47,98.3499,
600592.SH,龙溪股份,2016-08-26,10.1218,10.3131,10.1122,10.1696,6170767,1.5444,4247254459.73,4247254459.73,98.9081,
600592.SH,龙溪股份,2016-08-29,10.1409,10.2844,10.0548,10.2557,5313244,1.3298,4283214281.12,4283214281.12,131.6648,
600592.SH,龙溪股份,2016-08-30,10.2462,10.2749,10.1601,10.1983,5173801,1.2949,4259241066.86,4259241066.86,130.9279,
600592.SH,龙溪股份,2016-08-31,10.1601,10.2079,10.007,10.0453,6413415,1.6051,4195312495.5,4195312495.5,128.9627,
600592.SH,龙溪股份,2016-09-01,10.0644,10.1218,9.7869,9.8157,6525260,1.6331,4099419638.46,4099419638.46,126.015,
600592.SH,龙溪股份,2016-09-02,9.8444,9.9687,9.7965,9.8826,4340068,1.0862,4127388388.43,4127388388.43,126.8748,
600592.SH,龙溪股份,2016-09-05,9.9305,10.074,9.9018,10.007,3850362,0.9637,4179330352.66,4179330352.66,128.4715,
600592.SH,龙溪股份,2016-09-06,10.0261,10.227,9.9496,10.2079,6243008,1.5625,4263236602.57,4263236602.57,131.0507,
600592.SH,龙溪股份,2016-09-07,10.1792,10.3514,10.1696,10.227,7587216,1.8989,4271227673.99,4271227673.99,131.2964,
600592.SH,龙溪股份,2016-09-08,10.1983,10.2749,10.1601,10.2653,5084252,1.2725,4287209816.83,4287209816.83,131.7876,
600592.SH,龙溪股份,2016-09-09,10.2749,10.4758,10.1888,10.2175,11370000,2.8457,4267232138.28,4267232138.28,131.1735,
600592.SH,龙溪股份,2016-09-12,10.1218,10.1218,9.7774,9.7965,7475858,1.8711,4091428567.04,4091428567.04,125.7694,
600592.SH,龙溪股份,2016-09-13,9.8731,9.9305,9.7774,9.8635,3645217,0.9123,4119397317.01,4119397317.01,126.6291,
600592.SH,龙溪股份,2016-09-14,9.8252,9.9018,9.7487,9.7582,3694600,0.9247,4075446424.2,4075446424.2,125.2781,
600592.SH,龙溪股份,2016-09-19,9.8348,9.9113,9.7774,9.8826,2806201,0.7023,4127388388.43,4127388388.43,126.8748,
600592.SH,龙溪股份,2016-09-20,9.8922,9.9209,9.8157,9.8348,2661201,0.666,4107410709.88,4107410709.88,126.2607,
600592.SH,龙溪股份,2016-09-21,9.8348,9.9879,9.8061,9.9879,3824198,0.9571,4171339281.24,4171339281.24,128.2258,
600592.SH,龙溪股份,2016-09-22,10.007,10.0261,9.9018,9.9496,3799531,0.9509,4155357138.4,4155357138.4,127.7345,
600592.SH,龙溪股份,2016-09-23,10.007,10.1696,9.9783,9.9879,6065848,1.5182,4171339281.24,4171339281.24,128.2258,
600592.SH,龙溪股份,2016-09-26,9.9687,10.0453,9.7295,9.7678,5448200,1.3636,4079441959.91,4079441959.91,125.4009,
600592.SH,龙溪股份,2016-09-27,9.7104,9.8061,9.5765,9.7774,3439327,0.8608,4083437495.62,4083437495.62,125.5237,
600592.SH,龙溪股份,2016-09-28,9.8061,9.8157,9.72,9.7582,2121363,0.5309,4075446424.2,4075446424.2,125.2781,
600592.SH,龙溪股份,2016-09-29,9.7678,9.8157,9.7295,9.7582,2105475,0.527,4075446424.2,4075446424.2,125.2781,
600592.SH,龙溪股份,2016-09-30,9.7582,9.7965,9.7104,9.7487,2075751,0.5195,4071450888.49,4071450888.49,125.1553,
600592.SH,龙溪股份,2016-10-10,9.7965,9.9783,9.7869,9.9592,4031366,1.009,4159352674.11,4159352674.11,127.8573,
600592.SH,龙溪股份,2016-10-11,9.9592,10.1409,9.94,10.1218,6546488,1.6385,4227276781.18,4227276781.18,129.9453,
600592.SH,龙溪股份,2016-10-12,10.1027,10.5619,10.0644,10.4279,18220174,4.5601,4355133923.9,4355133923.9,133.8756,
600592.SH,龙溪股份,2016-10-13,10.4088,10.4662,10.2749,10.4184,11072369,2.7712,4351138388.19,4351138388.19,133.7528,
600592.SH,龙溪股份,2016-10-14,10.3705,10.6097,10.294,10.5523,15105436,3.7806,4407075888.13,4407075888.13,135.4723,
600592.SH,龙溪股份,2016-10-17,10.6288,10.6288,10.1409,10.1601,12353149,3.0917,4243258924.02,4243258924.02,130.4366,
600592.SH,龙溪股份,2016-10-18,10.227,10.5236,10.1983,10.4949,11452591,2.8663,4383102673.87,4383102673.87,134.7354,
600592.SH,龙溪股份,2016-10-19,10.5332,11.5473,10.4184,11.5473,50372021,12.6071,4822611601.97,4822611601.97,148.2457,
600592.SH,龙溪股份,2016-10-20,11.6429,12.2648,11.5186,11.9778,59154048,14.805,5002410708.92,5002410708.92,153.7727,
600592.SH,龙溪股份,2016-10-21,11.7673,12.4274,11.5951,12.2361,40819543,10.2163,5110290173.09,5110290173.09,157.0889,
600592.SH,龙溪股份,2016-10-24,12.1308,12.2169,11.863,12.0352,24318288,6.0864,5026383923.18,5026383923.18,154.5096,
600592.SH,龙溪股份,2016-10-25,12.0447,12.4274,11.9969,12.2361,25795232,6.456,5110290173.09,5110290173.09,157.0889,
600592.SH,龙溪股份,2016-10-26,12.0543,12.15,11.8247,11.9204,18763113,4.696,4978437494.66,4978437494.66,153.0358,
600592.SH,龙溪股份,2016-10-27,11.8438,12.1691,11.8247,11.9969,14615599,3.658,5010401780.34,5010401780.34,154.0184,
600592.SH,龙溪股份,2016-10-28,11.9204,12.1978,11.8821,12.0256,16024090,4.0105,5022388387.47,5022388387.47,143.9507,
600592.SH,龙溪股份,2016-10-31,12.1691,12.5518,11.7003,11.8821,22407333,5.6081,4962455351.82,4962455351.82,142.2329,
600592.SH,龙溪股份,2016-11-01,11.863,12.8005,11.6716,12.724,34503428,8.6355,5314062494.3,5314062494.3,152.3106,
600592.SH,龙溪股份,2016-11-02,12.5327,12.6092,12.2456,12.3509,21837346,5.4654,5158236601.61,5158236601.61,147.8443,
600592.SH,龙溪股份,2016-11-03,12.303,12.6283,12.1787,12.5996,20692739,5.179,5262120530.07,5262120530.07,150.8218,
600592.SH,龙溪股份,2016-11-04,12.5422,12.8962,12.2456,12.724,22426724,5.6129,5314062494.3,5314062494.3,152.3106,
600592.SH,龙溪股份,2016-11-07,12.7144,13.4798,12.6666,13.1832,26335539,6.5912,5505848208.38,5505848208.38,157.8075,
600592.SH,龙溪股份,2016-11-08,13.2119,13.2884,12.9345,13.1641,13502007,3.3793,5497857136.96,5497857136.96,157.5785,
600592.SH,龙溪股份,2016-11-09,13.2502,13.2502,12.5422,13.0493,15984577,4.0006,5449910708.44,5449910708.44,156.2042,
600592.SH,龙溪股份,2016-11-10,13.2023,13.5372,13.1162,13.2502,11642660,2.9139,5533816958.35,5533816958.35,158.6091,
600592.SH,龙溪股份,2016-11-11,13.1258,13.4032,12.8484,12.9536,13317879,3.3332,5409955351.34,5409955351.34,155.0591,
600592.SH,龙溪股份,2016-11-14,13.0014,13.2789,12.8484,13.1545,8515334,2.1312,5493861601.25,5493861601.25,157.464,
600592.SH,龙溪股份,2016-11-15,13.1736,13.7859,13.0397,13.585,15753940,3.9429,5673660708.2,5673660708.2,162.6173,
600592.SH,龙溪股份,2016-11-16,13.585,13.7572,13.3076,13.3363,9869770,2.4702,5569776779.74,5569776779.74,159.6398,
600592.SH,龙溪股份,2016-11-17,13.3841,13.5754,13.2119,13.3267,8326241,2.0839,5565781244.03,5565781244.03,159.5253,
600592.SH,龙溪股份,2016-11-18,13.3267,13.4606,13.0301,13.1545,11515037,2.882,5493861601.25,5493861601.25,157.464,
600592.SH,龙溪股份,2016-11-21,13.1354,13.3554,12.8962,13.0684,11499360,2.8781,5457901779.86,5457901779.86,156.4333,
600592.SH,龙溪股份,2016-11-22,13.0684,13.7477,12.9919,13.4319,14867810,3.7211,5609732136.84,5609732136.84,160.785,
600592.SH,龙溪股份,2016-11-23,13.4702,14.0251,13.3076,13.8242,17951941,4.493,5773549100.95,5773549100.95,165.4803,
600592.SH,龙溪股份,2016-11-24,13.6998,14.0634,13.5372,13.7955,13188502,3.3008,5761562493.82,5761562493.82,165.1367,
600592.SH,龙溪股份,2016-11-25,13.7859,14.3217,13.5372,14.2643,13422402,3.3593,5957343743.61,5957343743.61,170.7482,
600592.SH,龙溪股份,2016-11-28,14.3408,15.2879,14.2451,14.7426,16617634,4.1591,6157120529.11,6157120529.11,176.4742,
600592.SH,龙溪股份,2016-11-29,14.6469,14.9435,14.1782,14.2164,11192609,2.8013,5937366065.06,5937366065.06,170.1756,
600592.SH,龙溪股份,2016-11-30,14.1973,14.513,13.7381,13.8242,11166226,2.7947,5773549100.95,5773549100.95,165.4803,
600592.SH,龙溪股份,2016-12-01,13.9964,14.3025,13.7859,14.2738,8076777,2.0215,5961339279.32,5961339279.32,170.8627,
600592.SH,龙溪股份,2016-12-02,14.2738,14.9148,14.2069,14.6087,14401842,3.6045,6101183029.17,6101183029.17,174.8709,
600592.SH,龙溪股份,2016-12-05,14.3408,14.7235,13.1449,13.1449,15519187,3.8841,5489866065.54,5489866065.54,157.3494,
600592.SH,龙溪股份,2016-12-06,13.1545,13.585,12.2169,13.5563,18726136,4.6868,5661674101.07,5661674101.07,162.2738,
600592.SH,龙溪股份,2016-12-07,13.1067,13.6233,13.1067,13.4702,12759703,3.1935,5625714279.68,5625714279.68,161.2431,
600592.SH,龙溪股份,2016-12-08,13.4893,13.5659,12.5996,13.365,15562525,3.895,5581763386.87,5581763386.87,159.9834,
600592.SH,龙溪股份,2016-12-09,13.3841,13.6807,13.231,13.2884,10165767,2.5443,5549799101.19,5549799101.19,159.0672,
600592.SH,龙溪股份,2016-12-12,13.3554,13.6233,12.9058,13.0971,9353437,2.341,5469888386.99,5469888386.99,156.7768,
600592.SH,龙溪股份,2016-12-13,12.8866,13.2693,12.8771,13.0588,6164800,1.5429,5453906244.15,5453906244.15,156.3188,
600592.SH,龙溪股份,2016-12-14,13.0588,13.5659,12.9632,13.4702,8899411,2.2273,5625714279.68,5625714279.68,161.2431,
600592.SH,龙溪股份,2016-12-15,13.3841,14.006,12.9249,13.2406,14825419,3.7105,5529821422.64,5529821422.64,158.4946,
600592.SH,龙溪股份,2016-12-16,13.2023,13.2789,12.8962,13.2502,9388732,2.3498,5533816958.35,5533816958.35,158.6091,
600592.SH,龙溪股份,2016-12-19,13.1354,13.8816,13.1258,13.8433,12546790,3.1402,5781540172.37,5781540172.37,165.7093,
600592.SH,龙溪股份,2016-12-20,13.8242,13.9677,13.4893,13.7668,8782435,2.1981,5749575886.69,5749575886.69,164.7932,
600592.SH,龙溪股份,2016-12-21,13.7955,13.9486,13.6233,13.7668,7930681,1.9849,5749575886.69,5749575886.69,164.7932,
600592.SH,龙溪股份,2016-12-22,13.872,13.8912,12.5327,12.8962,22320443,5.5863,5385982137.08,5385982137.08,154.3719,
600592.SH,龙溪股份,2016-12-23,12.7527,13.011,12.5422,12.7431,6529036,1.6341,5322053565.72,5322053565.72,152.5396,
600592.SH,龙溪股份,2016-12-26,12.6092,12.7049,11.6812,12.0065,18671606,4.6731,5014397316.05,5014397316.05,143.7216,
600592.SH,龙溪股份,2016-12-27,12.0734,12.2839,11.6716,12.0065,8834259,2.211,5014397316.05,5014397316.05,143.7216,
600592.SH,龙溪股份,2016-12-28,11.9108,12.3413,11.9108,12.0543,9526552,2.3843,5034374994.6,5034374994.6,144.2942,
600592.SH,龙溪股份,2016-12-29,12.437,12.437,11.8151,11.9969,8879692,2.2224,5010401780.34,5010401780.34,143.6071,
600592.SH,龙溪股份,2016-12-30,12.0065,12.2169,11.7864,11.9682,6506325,1.6284,4998415173.21,4998415173.21,143.2636,
600592.SH,龙溪股份,2017-01-03,12.0352,12.1882,11.8917,12.1213,5523596,1.3824,5062343744.57,5062343744.57,145.0959,
600592.SH,龙溪股份,2017-01-04,12.15,12.3126,12.0352,12.2648,5620267,1.4066,5122276780.22,5122276780.22,146.8137,
600592.SH,龙溪股份,2017-01-05,12.2456,12.8675,12.2074,12.4753,10081601,2.5232,5210178565.84,5210178565.84,149.3331,
600592.SH,龙溪股份,2017-01-06,12.4753,12.8388,12.4179,12.6092,7482701,1.8728,5266116065.78,5266116065.78,150.9364,
600592.SH,龙溪股份,2017-01-09,12.4944,13.2789,12.4944,13.0206,10475815,2.6219,5437924101.31,5437924101.31,155.8607,
600592.SH,龙溪股份,2017-01-10,12.9919,13.298,12.9249,13.0875,8254901,2.066,5465892851.28,5465892851.28,156.6623,
600592.SH,龙溪股份,2017-01-11,12.944,13.2597,12.9153,13.1641,7172034,1.795,5497857136.96,5497857136.96,157.5785,
600592.SH,龙溪股份,2017-01-12,13.1641,13.5276,13.0684,13.4511,12363516,3.0943,5617723208.26,5617723208.26,161.0141,
600592.SH,龙溪股份,2017-01-13,13.4224,13.7381,13.1067,13.2215,11804773,2.9545,5521830351.22,5521830351.22,158.2656,
600592.SH,龙溪股份,2017-01-16,13.011,13.4128,12.437,13.298,14653381,3.6674,5553794636.9,5553794636.9,159.1817,
600592.SH,龙溪股份,2017-01-17,13.2884,13.5563,13.2023,13.3937,8189088,2.0496,5593749994,5593749994,160.3269,
600592.SH,龙溪股份,2017-01-18,13.3267,13.4989,13.1545,13.2693,8272696,2.0705,5541808029.77,5541808029.77,158.8382,
600592.SH,龙溪股份,2017-01-19,13.2119,13.4319,13.1162,13.1258,7233200,1.8103,5481874994.12,5481874994.12,157.1204,
600592.SH,龙溪股份,2017-01-20,13.1258,14.0155,13.0301,13.7381,13271682,3.3216,5737589279.56,5737589279.56,164.4496,
600592.SH,龙溪股份,2017-01-23,13.7859,14.0251,13.6807,13.7572,8898326,2.2271,5745580350.98,5745580350.98,164.6787,
600592.SH,龙溪股份,2017-01-24,13.9007,14.6278,13.8912,14.4747,14440703,3.6142,6045245529.23,6045245529.23,173.2676,
600592.SH,龙溪股份,2017-01-25,14.446,14.5417,14.1973,14.4843,7483917,1.8731,6049241064.94,6049241064.94,98.7846,
600592.SH,龙溪股份,2017-01-26,14.5417,14.6565,14.2547,14.3504,4899512,1.2262,5993303565,5993303565,97.8711,
600592.SH,龙溪股份,2017-02-03,14.446,14.6374,14.3408,14.5895,4319160,1.081,6093191957.75,6093191957.75,99.5023,
600592.SH,龙溪股份,2017-02-06,14.58,14.7235,14.2547,14.5991,5595725,1.4005,6097187493.46,6097187493.46,99.5675,
600592.SH,龙溪股份,2017-02-07,14.6278,14.6948,14.3982,14.4173,3884500,0.9722,6021272314.97,6021272314.97,98.3278,
600592.SH,龙溪股份,2017-02-08,14.4843,14.4939,14.2834,14.3791,3842999,0.9618,6005290172.13,6005290172.13,98.0668,
600592.SH,龙溪股份,2017-02-09,14.4173,15.0775,14.4173,14.9435,10627689,2.6599,6241026779.02,6241026779.02,101.9164,
600592.SH,龙溪股份,2017-02-10,15.0392,15.0392,14.5608,14.7809,9941066,2.488,6173102671.95,6173102671.95,100.8072,
600592.SH,龙溪股份,2017-02-13,14.7809,14.9913,14.6278,14.7426,6007970,1.5037,6157120529.11,6157120529.11,100.5462,
600592.SH,龙溪股份,2017-02-14,14.8191,14.8478,14.6469,14.6661,3250011,0.8134,6125156243.43,6125156243.43,100.0243,
600592.SH,龙溪股份,2017-02-15,14.6565,14.9148,14.5895,14.6565,6155381,1.5406,6121160707.72,6121160707.72,99.959,
600592.SH,龙溪股份,2017-02-16,14.5417,14.7809,14.5417,14.7235,3972400,0.9942,6149129457.69,6149129457.69,100.4158,
600592.SH,龙溪股份,2017-02-17,14.7235,14.7904,14.3408,14.5034,6573200,1.6451,6057232136.36,6057232136.36,98.9151,
600592.SH,龙溪股份,2017-02-20,14.4747,14.867,14.3791,14.8096,6897051,1.7262,6185089279.08,6185089279.08,101.003,
600592.SH,龙溪股份,2017-02-21,14.8383,15.2879,14.8096,14.9531,11727469,2.9351,6245022314.73,6245022314.73,101.9817,
600592.SH,龙溪股份,2017-02-22,14.9531,15.4314,14.8383,15.2688,11505786,2.8797,6376874993.16,6376874993.16,104.1349,
600592.SH,龙溪股份,2017-02-23,15.2784,15.3836,15.0679,15.154,8958867,2.2422,6328928564.64,6328928564.64,103.3519,
600592.SH,龙溪股份,2017-02-24,15.1636,15.2018,14.9818,15.0392,4880476,1.2215,6280982136.12,6280982136.12,102.5689,
600592.SH,龙溪股份,2017-02-27,15.0966,15.5175,15.0105,15.4219,11215414,2.807,6440803564.52,6440803564.52,105.1788,
600592.SH,龙溪股份,2017-02-28,15.4984,15.9193,13.8816,14.006,52684820,13.1859,5849464279.44,5849464279.44,95.5222,
600592.SH,龙溪股份,2017-03-01,14.0634,14.7043,13.8816,14.5991,19421194,4.8607,6097187493.46,6097187493.46,99.5675,
600592.SH,龙溪股份,2017-03-02,14.4269,14.7904,14.2547,14.4269,10075573,2.5217,6025267850.68,6025267850.68,98.3931,
600592.SH,龙溪股份,2017-03-03,14.3695,14.5608,14.1399,14.4556,5494569,1.3752,6037254457.81,6037254457.81,98.5888,
600592.SH,龙溪股份,2017-03-06,14.3695,15.9002,14.3695,15.9002,34334557,8.5932,6640580350.02,6640580350.02,108.4412,
600592.SH,龙溪股份,2017-03-07,15.9098,16.6847,15.7663,15.9193,36866892,9.227,6648571421.44,6648571421.44,108.5717,
600592.SH,龙溪股份,2017-03-08,15.9767,16.4073,15.4601,15.5367,21239835,5.3159,6488749993.04,6488749993.04,105.9618,
600592.SH,龙溪股份,2017-03-09,15.7567,16.1585,15.5462,15.7376,14390634,3.6017,6572656242.95,6572656242.95,107.332,
600592.SH,龙溪股份,2017-03-10,15.4219,16.0533,15.4219,15.8332,9561502,2.393,6612611600.05,6612611600.05,107.9845,
600592.SH,龙溪股份,2017-03-13,15.9385,16.7612,15.8045,16.6751,21217036,5.3102,6964218742.53,6964218742.53,113.7262,
600592.SH,龙溪股份,2017-03-14,16.5316,17.3161,16.5316,17.2013,25089544,6.2794,7183973206.58,7183973206.58,117.3148,
600592.SH,龙溪股份,2017-03-15,17.0004,17.3161,16.6273,16.9047,15325700,3.8357,7060111599.57,7060111599.57,115.2922,
600592.SH,龙溪股份,2017-03-16,16.7612,17.3926,16.7612,17.3831,18440733,4.6153,7259888385.07,7259888385.07,118.5545,
600592.SH,龙溪股份,2017-03-17,17.2683,17.4118,17.1822,17.3926,16284102,4.0756,7263883920.78,7263883920.78,118.6198,
600592.SH,龙溪股份,2017-03-20,17.4213,17.6318,17.2491,17.4883,15602231,3.9049,7303839277.88,7303839277.88,119.2723,
600592.SH,龙溪股份,2017-03-21,17.584,17.6605,16.7708,17.6318,14561401,3.6444,7363772313.53,7363772313.53,120.251,
600592.SH,龙溪股份,2017-03-22,17.4309,18.0528,17.4309,17.5553,12128669,3.0356,7331808027.85,7331808027.85,119.729,
600592.SH,龙溪股份,2017-03-23,17.4979,17.8423,17.2683,17.804,14014551,3.5076,7435691956.31,7435691956.31,121.4254,
600592.SH,龙溪股份,2017-03-24,17.8423,18.1771,17.7945,18.1102,10185902,2.5493,7563549099.03,7563549099.03,123.5133,
600592.SH,龙溪股份,2017-03-27,18.2537,18.5981,18.0528,18.2824,10514921,2.6317,7635468741.81,7635468741.81,124.6878,
600592.SH,龙溪股份,2017-03-28,18.2919,19.4208,18.0623,19.2773,21153154,5.2942,8051004455.65,8051004455.65,131.4735,
600592.SH,龙溪股份,2017-03-29,19.2391,19.3921,18.799,19.0382,11841178,2.9636,7951116062.9,7951116062.9,129.8423,
600592.SH,龙溪股份,2017-03-30,19.0382,19.1625,17.7466,18.8181,16195530,4.0534,7859218741.57,7859218741.57,128.3416,
600592.SH,龙溪股份,2017-03-31,18.6555,19.086,18.3685,18.3972,6276708,1.5709,7683415170.33,7683415170.33,125.4708,
600592.SH,龙溪股份,2017-04-05,18.3972,18.5789,18.1963,18.4354,4780588,1.1965,7699397313.17,7699397313.17,125.7318,
600592.SH,龙溪股份,2017-04-06,18.445,18.6363,17.6988,17.7658,18901113,4.7306,7419709813.47,7419709813.47,121.1644,
600592.SH,龙溪股份,2017-04-07,17.8136,18.0241,17.6127,17.7753,10809711,2.7054,7423705349.18,7423705349.18,121.2297,
600592.SH,龙溪股份,2017-04-10,17.7658,17.8901,17.3639,17.4883,6341259,1.5871,7303839277.88,7303839277.88,119.2723,
600592.SH,龙溪股份,2017-04-11,17.5074,17.6127,15.7376,16.1968,31738169,7.9434,6764441957.03,6764441957.03,110.4639,
600592.SH,龙溪股份,2017-04-12,15.6802,16.3786,14.5895,15.9767,17567235,4.3967,6672544635.7,6672544635.7,108.9632,
600592.SH,龙溪股份,2017-04-13,15.9767,16.436,15.6897,16.1298,14987494,3.7511,6736473207.06,6736473207.06,110.0071,
600592.SH,龙溪股份,2017-04-14,16.0724,17.3352,16.0341,17.0195,12713693,3.182,7108058028.09,7108058028.09,116.0751,
600592.SH,龙溪股份,2017-04-17,17.0482,17.3161,16.4551,17.2204,12772775,3.1968,7191964278,7191964278,117.4453,
600592.SH,龙溪股份,2017-04-18,17.0865,17.6892,17.0865,17.5266,22428580,5.6134,7319821420.72,7319821420.72,119.5332,
600592.SH,龙溪股份,2017-04-19,17.5648,18.1771,16.1585,17.8327,21601218,5.4063,7447678563.44,7447678563.44,121.6212,
600592.SH,龙溪股份,2017-04-20,17.8901,18.1484,17.5553,17.6031,8826201,2.209,7351785706.4,7351785706.4,120.0552,
600592.SH,龙溪股份,2017-04-21,17.4596,18.7033,17.4213,18.6363,16011264,4.0073,7783303563.08,7783303563.08,127.1019,
600592.SH,龙溪股份,2017-04-24,18.5598,18.8468,18.1771,18.5024,8018458,2.0069,7727366063.14,7727366063.14,126.1885,
600592.SH,龙溪股份,2017-04-25,18.2919,18.6937,17.8997,18.0623,8194902,2.051,7543571420.48,7543571420.48,123.1871,
600592.SH,龙溪股份,2017-04-26,18.0336,18.5215,17.804,18.4163,7813367,1.9555,7691406241.75,7691406241.75,125.6012,
600592.SH,龙溪股份,2017-04-27,18.3493,18.3685,17.9475,18.225,5127929,1.2834,7611495527.55,7611495527.55,124.2963,
600592.SH,龙溪股份,2017-04-28,18.2632,18.3876,17.8997,18.1102,4090701,1.0238,7563549099.03,7563549099.03,111.5012,
600592.SH,龙溪股份,2017-05-02,18.1197,18.1197,16.302,16.302,6115617,1.5306,6808392849.84,6808392849.84,100.3688,
600592.SH,龙溪股份,2017-05-03,14.6756,14.6756,14.6756,14.6756,1429700,0.3578,6129151779.14,6129151779.14,90.3555,
600592.SH,龙溪股份,2017-05-04,13.2119,13.2119,13.2119,13.2119,1866400,0.4671,5517834815.51,5517834815.51,81.3435,
600592.SH,龙溪股份,2017-05-05,11.8917,11.8917,11.8917,11.8917,14297400,3.5783,4966450887.53,4966450887.53,73.215,
600592.SH,龙溪股份,2017-05-08,10.7054,13.078,10.7054,12.016,129978348,32.5309,5018392851.76,5018392851.76,73.9807,
600592.SH,龙溪股份,2017-05-09,10.8106,11.9108,10.8106,11.3942,105288471,26.3515,4758683030.61,4758683030.61,70.1521,
600592.SH,龙溪股份,2017-05-10,11.0019,11.6621,11.0019,11.0976,62192313,15.5655,4634821423.6,4634821423.6,68.3262,
600592.SH,龙溪股份,2017-05-11,10.9828,11.1742,10.2175,10.8871,44102773,11.038,4546919637.98,4546919637.98,67.0303,
600592.SH,龙溪股份,2017-05-12,10.801,10.8967,10.4375,10.5523,35520121,8.89,4407075888.13,4407075888.13,64.9688,
600592.SH,龙溪股份,2017-05-15,10.6097,10.7819,10.514,10.6862,24988524,6.2541,4463013388.07,4463013388.07,65.7934,
600592.SH,龙溪股份,2017-05-16,10.6001,11.1742,10.3323,11.0211,40553992,10.1498,4602857137.92,4602857137.92,67.8549,
600592.SH,龙溪股份,2017-05-17,11.088,11.1933,10.8297,10.9158,34929829,8.7422,4558906245.11,4558906245.11,67.207,
600592.SH,龙溪股份,2017-05-18,10.7532,10.9828,10.6671,10.7436,19551986,4.8935,4486986602.33,4486986602.33,66.1468,
600592.SH,龙溪股份,2017-05-19,10.7723,10.8297,10.6767,10.7532,14562897,3.6448,4490982138.04,4490982138.04,66.2057,
600592.SH,龙溪股份,2017-05-22,10.7341,10.7341,9.9592,10.0166,29972078,7.5014,4183325888.37,4183325888.37,61.6703,
600592.SH,龙溪股份,2017-05-23,9.9018,10.007,9.433,9.5573,27389346,6.855,3991540174.29,3991540174.29,58.843,
600592.SH,龙溪股份,2017-05-24,9.5478,9.6052,9.1077,9.5095,19540393,4.8906,3971562495.74,3971562495.74,58.5485,
600592.SH,龙溪股份,2017-05-25,9.5286,9.6626,9.3182,9.5765,19591500,4.9033,3999531245.71,3999531245.71,58.9608,
600592.SH,龙溪股份,2017-05-26,9.586,9.8922,9.5095,9.7678,20738298,5.1904,4079441959.91,4079441959.91,60.1388,
600592.SH,龙溪股份,2017-05-31,9.9209,10.007,9.5956,9.6147,18078340,4.5246,4015513388.55,4015513388.55,59.1964,
600592.SH,龙溪股份,2017-06-01,9.586,9.6052,8.7537,8.8303,20391300,5.1035,3687879460.33,3687879460.33,54.3664,
600592.SH,龙溪股份,2017-06-02,8.8494,9.1268,8.7633,9.0981,15837041,3.9637,3799754460.21,3799754460.21,56.0157,
600592.SH,龙溪股份,2017-06-05,9.0694,9.3277,9.0216,9.2034,13354244,3.3423,3843705353.02,3843705353.02,56.6636,
600592.SH,龙溪股份,2017-06-06,9.2129,9.4234,9.1364,9.3851,13664656,3.42,3919620531.51,3919620531.51,57.7827,
600592.SH,龙溪股份,2017-06-07,9.366,9.7678,9.3277,9.6243,18875405,4.7241,4019508924.26,4019508924.26,59.2553,
600592.SH,龙溪股份,2017-06-08,9.6434,9.6721,9.4521,9.4999,17009769,4.2572,3967566960.03,3967566960.03,58.4896,
600592.SH,龙溪股份,2017-06-09,9.4712,9.4904,9.2321,9.4521,13383524,3.3496,3947589281.48,3947589281.48,58.195,
600592.SH,龙溪股份,2017-06-12,9.3851,9.4234,9.0407,9.0694,11307060,2.8299,3787767853.08,3787767853.08,55.839,
600592.SH,龙溪股份,2017-06-13,9.1077,9.4425,9.0981,9.366,13650611,3.4165,3911629460.09,3911629460.09,57.6649,
600592.SH,龙溪股份,2017-06-14,9.4425,9.7104,9.3756,9.5191,21507747,5.3829,3975558031.45,3975558031.45,58.6074,
600592.SH,龙溪股份,2017-06-15,9.5286,10.0357,9.5286,9.8922,27538966,6.8924,4131383924.14,4131383924.14,60.9045,
600592.SH,龙溪股份,2017-06-16,9.8444,9.9113,9.7008,9.8061,15928510,3.9866,4095424102.75,4095424102.75,60.3744,
600592.SH,龙溪股份,2017-06-19,9.8539,10.0261,9.8061,9.9113,14663746,3.67,4139374995.56,4139374995.56,61.0223,
600592.SH,龙溪股份,2017-06-20,9.9209,10.5619,9.8826,10.294,34720633,8.6899,4299196423.96,4299196423.96,63.3784,
600592.SH,龙溪股份,2017-06-21,10.3131,10.4088,10.0548,10.2844,21826526,5.4627,4295200888.25,4295200888.25,63.3195,
600592.SH,龙溪股份,2017-06-22,10.1983,10.3514,9.8444,9.8635,17001132,4.255,4119397317.01,4119397317.01,60.7278,
600592.SH,龙溪股份,2017-06-23,9.9018,10.0261,9.653,9.9305,13364064,3.3447,4147366066.98,4147366066.98,61.1401,
600592.SH,龙溪股份,2017-06-26,9.9305,10.0835,9.8731,10.0453,12298142,3.078,4195312495.5,4195312495.5,61.847,
600592.SH,龙溪股份,2017-06-27,10.074,10.3323,10.0357,10.2653,16006142,4.006,4287209816.83,4287209816.83,63.2017,
600592.SH,龙溪股份,2017-06-28,10.2079,10.2749,10.0548,10.1792,11019813,2.758,4251249995.44,4251249995.44,62.6716,
600592.SH,龙溪股份,2017-06-29,10.1502,10.2275,10.044,10.0633,7951300,1.99,4163348209.82,4163348209.82,61.3757,
600592.SH,龙溪股份,2017-06-30,9.986,10.1019,9.9571,10.0343,7275400,1.8209,4151361602.69,4151361602.69,61.199,
600592.SH,龙溪股份,2017-07-03,10.0343,10.0923,9.9281,10.073,9016590,2.2567,4167343745.53,4167343745.53,61.4346,
600592.SH,龙溪股份,2017-07-04,10.0923,10.1212,9.9667,10.0343,7628410,1.9092,4151361602.69,4151361602.69,61.199,
600592.SH,龙溪股份,2017-07-05,10.0343,10.1309,9.9571,10.1116,8626847,2.1591,4183325888.37,4183325888.37,61.6703,
600592.SH,龙溪股份,2017-07-06,10.1406,10.4786,10.0536,10.44,21761541,5.4465,4319174102.51,4319174102.51,63.6729,
600592.SH,龙溪股份,2017-07-07,10.3337,10.5558,10.3241,10.4206,16731401,4.1875,4311183031.09,4311183031.09,63.5551,
600592.SH,龙溪股份,2017-07-10,10.4013,10.4786,10.2082,10.2661,12537986,3.138,4247254459.73,4247254459.73,62.6127,
600592.SH,龙溪股份,2017-07-11,10.2758,10.5655,10.1502,10.4206,20998561,5.2555,4311183031.09,4311183031.09,63.5551,
600592.SH,龙溪股份,2017-07-12,10.3047,10.4206,10.0343,10.2371,12467218,3.1203,4235267852.6,4235267852.6,62.436,
600592.SH,龙溪股份,2017-07-13,10.1889,10.353,10.1792,10.2468,10207139,2.5546,4239263388.31,4239263388.31,62.4949,
600592.SH,龙溪股份,2017-07-14,10.2082,10.3047,9.9764,10.044,9847840,2.4647,4155357138.4,4155357138.4,61.2579,
600592.SH,龙溪股份,2017-07-17,10.0247,10.0536,9.0396,9.0396,17311142,4.3326,3739821424.56,3739821424.56,55.1321,
600592.SH,龙溪股份,2017-07-18,8.9623,9.2134,8.8851,9.1748,10144210,2.5389,3795758924.5,3795758924.5,55.9568,
600592.SH,龙溪股份,2017-07-19,9.2038,9.4259,9.1265,9.3583,8614700,2.1561,3871674102.99,3871674102.99,57.0759,
600592.SH,龙溪股份,2017-07-20,9.3003,9.5225,9.2907,9.4259,7567149,1.8939,3899642852.96,3899642852.96,57.4882,
600592.SH,龙溪股份,2017-07-21,9.4452,9.5321,9.3679,9.4452,6699717,1.6768,3907633924.38,3907633924.38,57.606,
600592.SH,龙溪股份,2017-07-24,9.3873,9.5804,9.2714,9.5032,8713984,2.1809,3931607138.64,3931607138.64,57.9594,
600592.SH,龙溪股份,2017-07-25,9.5128,9.5611,9.3197,9.5225,10795287,2.7018,3939598210.06,3939598210.06,58.0772,
600592.SH,龙溪股份,2017-07-26,9.5032,9.5321,9.3197,9.3583,7229101,1.8093,3871674102.99,3871674102.99,57.0759,
600592.SH,龙溪股份,2017-07-27,9.3583,9.5901,9.3293,9.5611,11640520,2.9134,3955580352.9,3955580352.9,58.3129,
600592.SH,龙溪股份,2017-07-28,9.5321,9.5997,9.4259,9.4452,9066793,2.2692,3907633924.38,3907633924.38,57.606,
600592.SH,龙溪股份,2017-07-31,9.4356,9.7929,9.4356,9.6287,14050694,3.5166,3983549102.87,3983549102.87,58.7252,
600592.SH,龙溪股份,2017-08-01,9.648,9.7543,9.5611,9.648,8402428,2.103,3991540174.29,3991540174.29,58.843,
600592.SH,龙溪股份,2017-08-02,9.706,9.706,9.3293,9.3873,10391272,2.6007,3883660710.12,3883660710.12,57.2526,
600592.SH,龙溪股份,2017-08-03,9.3776,9.5901,9.2521,9.5321,9709878,2.4302,3943593745.77,3943593745.77,58.1361,
600592.SH,龙溪股份,2017-08-04,9.5321,10.2951,9.4742,10.0247,29373360,7.3515,4147366066.98,4147366066.98,61.1401,
600592.SH,龙溪股份,2017-08-07,9.9474,10.1019,9.8508,10.0343,13954463,3.4925,4151361602.69,4151361602.69,61.199,
600592.SH,龙溪股份,2017-08-08,10.0247,10.1985,9.9474,10.1599,14949938,3.7417,4203303566.92,4203303566.92,61.9648,
600592.SH,龙溪股份,2017-08-09,10.1116,10.1599,9.9571,9.9764,8671468,2.1703,4127388388.43,4127388388.43,60.8456,
600592.SH,龙溪股份,2017-08-10,9.9764,10.1889,9.8508,9.9957,11068799,2.7703,4135379459.85,4135379459.85,60.9634,
600592.SH,龙溪股份,2017-08-11,9.9474,10.1116,9.7253,9.7349,12237163,3.0627,4027499995.68,4027499995.68,59.3731,
600592.SH,龙溪股份,2017-08-14,9.7253,10.0826,9.6963,10.0633,9872710,2.4709,4163348209.82,4163348209.82,61.3757,
600592.SH,龙溪股份,2017-08-15,10.0633,10.1985,9.8991,10.1502,13094499,3.2773,4199308031.21,4199308031.21,61.9059,
600592.SH,龙溪股份,2017-08-16,10.1502,10.1889,9.9957,10.1792,12762013,3.1941,4211294638.34,4211294638.34,62.0826,
600592.SH,龙溪股份,2017-08-17,10.1889,10.4979,10.1309,10.411,22786217,5.7029,4307187495.38,4307187495.38,63.4962,
600592.SH,龙溪股份,2017-08-18,10.3434,10.382,10.1309,10.1695,12539054,3.1383,4207299102.63,4207299102.63,62.0237,
600592.SH,龙溪股份,2017-08-21,10.1792,10.2468,10.073,10.2178,8083673,2.0232,4227276781.18,4227276781.18,62.3182,
600592.SH,龙溪股份,2017-08-22,10.1889,10.1985,9.9571,9.9764,10251092,2.5656,4127388388.43,4127388388.43,60.8456,
600592.SH,龙溪股份,2017-08-23,9.9667,10.1695,9.9474,9.9957,7571825,1.8951,4135379459.85,4135379459.85,60.9634,
600592.SH,龙溪股份,2017-08-24,9.9957,10.382,9.9957,10.2178,20597893,5.1552,4227276781.18,4227276781.18,62.3182,
600592.SH,龙溪股份,2017-08-25,10.2178,10.5558,10.1889,10.5269,24307193,6.0836,4355133923.9,4355133923.9,64.203,
600592.SH,龙溪股份,2017-08-28,10.5269,10.72,10.3723,10.6911,27239148,6.8174,4423058030.97,4423058030.97,48.9215,
600592.SH,龙溪股份,2017-08-29,10.6621,10.6814,10.5076,10.5365,14297016,3.5782,4359129459.61,4359129459.61,48.2144,
600592.SH,龙溪股份,2017-08-30,10.5462,10.6717,10.4496,10.5172,11724112,2.9343,4351138388.19,4351138388.19,48.1261,
600592.SH,龙溪股份,2017-08-31,10.4786,10.5945,10.4206,10.4882,8831137,2.2103,4339151781.06,4339151781.06,47.9935,
600592.SH,龙溪股份,2017-09-01,10.5462,10.5848,10.382,10.44,10816848,2.7072,4319174102.51,4319174102.51,47.7725,
600592.SH,龙溪股份,2017-09-04,10.44,11.0098,10.44,10.9422,25724485,6.4383,4526941959.43,4526941959.43,50.0705,
600592.SH,龙溪股份,2017-09-05,10.9518,11.2415,10.7973,10.8069,23979602,6.0016,4471004459.49,4471004459.49,49.4518,
600592.SH,龙溪股份,2017-09-06,10.7587,10.9615,10.7587,10.9325,16269854,4.072,4522946423.72,4522946423.72,50.0263,
600592.SH,龙溪股份,2017-09-07,10.9132,11.2029,10.778,10.8069,17529823,4.3874,4471004459.49,4471004459.49,49.4518,
600592.SH,龙溪股份,2017-09-08,10.778,10.8745,10.7297,10.749,10107325,2.5297,4447031245.23,4447031245.23,49.1867,
600592.SH,龙溪股份,2017-09-11,10.8552,10.9132,10.7297,10.8359,9976639,2.4969,4482991066.62,4482991066.62,49.5844,
600592.SH,龙溪股份,2017-09-12,10.8359,10.9808,10.72,10.8939,14527909,3.636,4506964280.88,4506964280.88,49.8496,
600592.SH,龙溪股份,2017-09-13,10.7973,10.8842,10.6041,10.6911,13541550,3.3892,4423058030.97,4423058030.97,48.9215,
600592.SH,龙溪股份,2017-09-14,10.6911,11.7437,10.6234,11.2705,45130286,11.2952,4662790173.57,4662790173.57,51.5731,
600592.SH,龙溪股份,2017-09-15,11.2319,11.5602,11.0098,11.4154,23171364,5.7993,4722723209.22,4722723209.22,52.236,
600592.SH,龙溪股份,2017-09-18,11.3188,11.4926,11.2126,11.3478,12401302,3.1038,4694754459.25,4694754459.25,51.9266,
600592.SH,龙溪股份,2017-09-19,11.3671,12.0721,11.2609,11.8693,28349596,7.0953,4910513387.59,4910513387.59,54.3131,
600592.SH,龙溪股份,2017-09-20,11.7631,12.2266,11.6954,12.0818,26644887,6.6687,4998415173.21,4998415173.21,55.2853,
600592.SH,龙溪股份,2017-09-21,11.9755,12.13,11.7051,11.7244,16677245,4.174,4850580351.94,4850580351.94,53.6502,
600592.SH,龙溪股份,2017-09-22,11.7244,11.9369,11.4057,11.8596,17199556,4.3047,4906517851.88,4906517851.88,54.2689,
600592.SH,龙溪股份,2017-09-25,11.7727,12.1976,11.7051,11.8789,18540847,4.6404,4914508923.3,4914508923.3,54.3573,
600592.SH,龙溪股份,2017-09-26,11.8113,12.0142,11.5409,11.6568,14358374,3.5936,4822611601.97,4822611601.97,53.3408,
600592.SH,龙溪股份,2017-09-27,11.6858,11.7534,11.4154,11.5796,9693601,2.4261,4790647316.29,4790647316.29,52.9873,
600592.SH,龙溪股份,2017-09-28,11.5506,11.6568,11.4637,11.4926,8322102,2.0829,4754687494.9,4754687494.9,52.5895,
600592.SH,龙溪股份,2017-09-29,11.4926,11.7534,11.4733,11.6472,8898740,2.2272,4818616066.26,4818616066.26,53.2966,
600592.SH,龙溪股份,2017-10-09,11.6858,12.0238,11.6858,11.9176,11497425,2.8776,4930491066.14,4930491066.14,54.534,
600592.SH,龙溪股份,2017-10-10,11.9176,12.0528,11.85,11.9079,9923276,2.4836,4926495530.43,4926495530.43,54.4898,
600592.SH,龙溪股份,2017-10-11,11.8693,11.9659,11.6182,11.6568,11481700,2.8736,4822611601.97,4822611601.97,53.3408,
600592.SH,龙溪股份,2017-10-12,11.5892,11.8983,11.512,11.8693,11404502,2.8543,4910513387.59,4910513387.59,54.3131,
600592.SH,龙溪股份,2017-10-13,11.8596,11.9176,11.7148,11.7341,7693002,1.9254,4854575887.65,4854575887.65,53.6944,
600592.SH,龙溪股份,2017-10-16,11.7341,11.7727,10.6331,10.8263,16057166,4.0188,4478995530.91,4478995530.91,49.5402,
600592.SH,龙溪股份,2017-10-17,10.8359,11.0194,10.7587,10.9132,9342505,2.3382,4514955352.3,4514955352.3,49.938,
600592.SH,龙溪股份,2017-10-18,10.9422,11.0774,10.7393,10.7973,6100001,1.5267,4467008923.78,4467008923.78,49.4076,
600592.SH,龙溪股份,2017-10-19,10.8359,10.8359,10.1406,10.2854,12310152,3.081,4255245531.15,4255245531.15,47.0654,
600592.SH,龙溪股份,2017-10-20,10.2468,10.3627,10.2468,10.3434,5578661,1.3962,4279218745.41,4279218745.41,47.3306,
600592.SH,龙溪股份,2017-10-23,10.3144,10.5269,10.3144,10.4786,4872905,1.2196,4335156245.35,4335156245.35,47.9493,
600592.SH,龙溪股份,2017-10-24,10.4979,10.7297,10.4593,10.6331,6504500,1.6279,4399084816.71,4399084816.71,48.6564,
600592.SH,龙溪股份,2017-10-25,10.6138,10.7007,10.4303,10.6621,4536392,1.1354,4411071423.84,4411071423.84,48.7889,
600592.SH,龙溪股份,2017-10-26,10.5945,10.9615,10.5848,10.8842,9449808,2.3651,4502968745.17,4502968745.17,49.8054,
600592.SH,龙溪股份,2017-10-27,10.8745,10.9132,10.4593,10.5269,8898905,2.2272,4355133923.9,4355133923.9,35.1408,
600592.SH,龙溪股份,2017-10-30,10.4786,10.6621,10.0826,10.2178,8190307,2.0499,4227276781.18,4227276781.18,34.1091,
600592.SH,龙溪股份,2017-10-31,10.2178,10.353,10.2178,10.3241,4127393,1.033,4271227673.99,4271227673.99,34.4638,
600592.SH,龙溪股份,2017-11-01,10.3434,10.4303,10.1406,10.3337,3783011,0.9468,4275223209.7,4275223209.7,34.496,
600592.SH,龙溪股份,2017-11-02,10.2661,10.3241,9.7156,9.8219,10581323,2.6483,4063459817.07,4063459817.07,32.7873,
600592.SH,龙溪股份,2017-11-03,9.8412,9.9957,9.6287,9.7253,5838350,1.4612,4023504459.97,4023504459.97,32.4649,
600592.SH,龙溪股份,2017-11-06,9.7736,9.8508,9.4645,9.8219,6203327,1.5526,4063459817.07,4063459817.07,32.7873,
600592.SH,龙溪股份,2017-11-07,9.8412,9.8605,9.7253,9.8412,5302177,1.327,4071450888.49,4071450888.49,32.8518,
600592.SH,龙溪股份,2017-11-08,9.8508,10.0054,9.7639,9.8701,5848920,1.4639,4083437495.62,4083437495.62,32.9485,
600592.SH,龙溪股份,2017-11-09,9.9281,9.986,9.8508,9.9184,4393297,1.0996,4103415174.17,4103415174.17,33.1097,
600592.SH,龙溪股份,2017-11-10,9.9571,9.9571,9.8219,9.8605,4372844,1.0944,4079441959.91,4079441959.91,32.9163,
600592.SH,龙溪股份,2017-11-13,9.8605,9.8605,9.5611,9.6577,6931190,1.7347,3995535710,3995535710,32.2393,
600592.SH,龙溪股份,2017-11-14,9.648,9.8895,9.6094,9.8412,7569124,1.8944,4071450888.49,4071450888.49,32.8518,
600592.SH,龙溪股份,2017-11-15,9.8315,9.8991,9.677,9.7349,4388998,1.0985,4027499995.68,4027499995.68,32.4972,
600592.SH,龙溪股份,2017-11-16,9.7832,9.7832,9.5997,9.6287,4406582,1.1029,3983549102.87,3983549102.87,32.1426,
600592.SH,龙溪股份,2017-11-17,9.5901,9.706,9.0396,9.1168,8273750,2.0707,3771785710.24,3771785710.24,30.4339,
600592.SH,龙溪股份,2017-11-20,9.1168,9.2521,8.605,9.1168,7063369,1.7678,3771785710.24,3771785710.24,30.4339,
600592.SH,龙溪股份,2017-11-21,9.0782,10.0247,9.0782,9.4838,9062082,2.2681,3923616067.22,3923616067.22,31.659,
600592.SH,龙溪股份,2017-11-22,9.619,9.7446,9.2907,9.6577,9536566,2.3868,3995535710,3995535710,32.2393,
600592.SH,龙溪股份,2017-11-23,9.706,9.9667,9.4838,9.6577,11942527,2.989,3995535710,3995535710,32.2393,
600592.SH,龙溪股份,2017-11-24,9.5321,9.9281,9.5321,9.677,7054101,1.7655,4003526781.42,4003526781.42,32.3037,
600592.SH,龙溪股份,2017-11-27,9.7253,9.8315,9.4066,9.5804,5551575,1.3894,3963571424.32,3963571424.32,31.9814,
600592.SH,龙溪股份,2017-11-28,9.5804,9.7156,9.4162,9.6384,5969293,1.494,3987544638.58,3987544638.58,32.1748,
600592.SH,龙溪股份,2017-11-29,9.6287,9.6384,9.4356,9.4935,5214774,1.3052,3927611602.93,3927611602.93,31.6912,
600592.SH,龙溪股份,2017-11-30,9.5128,9.6287,9.1458,9.2038,7013594,1.7554,3807745531.63,3807745531.63,30.724,
600592.SH,龙溪股份,2017-12-01,9.1458,9.3873,9.0879,9.3486,4519863,1.1312,3867678567.28,3867678567.28,31.2076,
600592.SH,龙溪股份,2017-12-04,9.281,9.5032,9.1748,9.3293,5287896,1.3235,3859687495.86,3859687495.86,31.1431,
600592.SH,龙溪股份,2017-12-05,9.3486,9.4259,8.7595,9.001,7001701,1.7524,3723839281.72,3723839281.72,30.047,
600592.SH,龙溪股份,2017-12-06,8.9623,9.1072,8.7692,9.0203,7234416,1.8106,3731830353.14,3731830353.14,30.1115,
600592.SH,龙溪股份,2017-12-07,8.9623,9.0492,8.8657,8.9816,5263223,1.3173,3715848210.3,3715848210.3,29.9825,
600592.SH,龙溪股份,2017-12-08,8.914,9.0203,8.8754,9.001,4839909,1.2113,3723839281.72,3723839281.72,30.047,
600592.SH,龙溪股份,2017-12-11,8.9623,9.2327,8.943,9.1651,7296298,1.8261,3791763388.79,3791763388.79,30.5951,
600592.SH,龙溪股份,2017-12-12,9.1651,9.2231,9.0782,9.1651,4365045,1.0925,3791763388.79,3791763388.79,30.5951,
600592.SH,龙溪股份,2017-12-13,9.1555,9.1845,9.0879,9.1748,2878100,0.7203,3795758924.5,3795758924.5,30.6273,
600592.SH,龙溪股份,2017-12-14,9.1458,9.3969,9.1265,9.3003,7580746,1.8973,3847700888.73,3847700888.73,31.0464,
600592.SH,龙溪股份,2017-12-15,9.2327,9.3293,9.1072,9.281,4564953,1.1425,3839709817.31,3839709817.31,30.9819,
600592.SH,龙溪股份,2017-12-18,9.2617,9.3873,9.2038,9.31,3630600,0.9087,3851696424.44,3851696424.44,31.0787,
600592.SH,龙溪股份,2017-12-19,9.2907,9.5128,9.2907,9.4356,5973374,1.495,3903638388.67,3903638388.67,31.4978,
600592.SH,龙溪股份,2017-12-20,9.4452,9.4452,9.2134,9.2714,4659116,1.1661,3835714281.6,3835714281.6,30.9497,
600592.SH,龙溪股份,2017-12-21,9.2521,9.4645,9.0589,9.3293,5518196,1.3811,3859687495.86,3859687495.86,31.1431,
600592.SH,龙溪股份,2017-12-22,9.281,9.5514,9.281,9.4066,5529173,1.3838,3891651781.54,3891651781.54,31.401,
600592.SH,龙溪股份,2017-12-25,9.3583,9.4259,9.2134,9.3003,4554300,1.1398,3847700888.73,3847700888.73,31.0464,
600592.SH,龙溪股份,2017-12-26,9.2714,10.2178,9.2617,9.619,8912251,2.2306,3979553567.16,3979553567.16,32.1103,
600592.SH,龙溪股份,2017-12-27,9.6094,9.7156,9.3679,9.3873,8178823,2.047,3883660710.12,3883660710.12,31.3366,
600592.SH,龙溪股份,2017-12-28,9.3776,9.5611,9.2907,9.4066,5961024,1.4919,3891651781.54,3891651781.54,31.401,
600592.SH,龙溪股份,2017-12-29,9.3679,9.4742,9.2521,9.4259,5060885,1.2666,3899642852.96,3899642852.96,31.4655,
600592.SH,龙溪股份,2018-01-02,9.4452,9.677,9.3969,9.6094,8100692,2.0274,3975558031.45,3975558031.45,32.0781,
600592.SH,龙溪股份,2018-01-03,9.5708,9.7832,9.5128,9.6287,7423259,1.8579,3983549102.87,3983549102.87,32.1426,
600592.SH,龙溪股份,2018-01-04,9.5901,9.8895,9.5901,9.7929,11502375,2.8788,4051473209.94,4051473209.94,32.6906,
600592.SH,龙溪股份,2018-01-05,9.7929,9.9474,9.7253,9.8122,8493309,2.1257,4059464281.36,4059464281.36,32.7551,
600592.SH,龙溪股份,2018-01-08,9.7543,9.8412,9.6577,9.7253,5904564,1.4778,4023504459.97,4023504459.97,32.4649,
600592.SH,龙溪股份,2018-01-09,9.6963,9.7446,9.6384,9.706,4183896,1.0471,4015513388.55,4015513388.55,32.4005,
600592.SH,龙溪股份,2018-01-10,9.6963,9.706,9.3873,9.4356,7315740,1.831,3903638388.67,3903638388.67,31.4978,
600592.SH,龙溪股份,2018-01-11,9.4645,9.5321,9.4259,9.5128,3368640,0.8431,3935602674.35,3935602674.35,31.7557,
600592.SH,龙溪股份,2018-01-12,9.4162,9.5225,9.339,9.4162,3379406,0.8458,3895647317.25,3895647317.25,31.4333,
600592.SH,龙溪股份,2018-01-15,9.3873,9.4162,8.9237,8.972,7005590,1.7534,3711852674.59,3711852674.59,29.9503,
600592.SH,龙溪股份,2018-01-16,8.972,9.8701,8.972,9.8701,21486475,5.3776,4083437495.62,4083437495.62,32.9485,
600592.SH,龙溪股份,2018-01-17,9.9474,10.1116,9.6867,9.986,18147893,4.542,4131383924.14,4131383924.14,33.3354,
600592.SH,龙溪股份,2018-01-18,9.9378,9.9957,9.8025,9.8701,8392392,2.1004,4083437495.62,4083437495.62,32.9485,
600592.SH,龙溪股份,2018-01-19,9.9474,9.9474,9.7156,9.7639,6624949,1.6581,4039486602.81,4039486602.81,32.5939,
600592.SH,龙溪股份,2018-01-22,9.7639,9.8991,9.5708,9.8605,7349929,1.8395,4079441959.91,4079441959.91,32.9163,
600592.SH,龙溪股份,2018-01-23,9.8315,9.8315,9.6963,9.7639,4640996,1.1615,4039486602.81,4039486602.81,32.5939,
600592.SH,龙溪股份,2018-01-24,9.7639,9.9184,9.6577,9.8315,6324618,1.5829,4067455352.78,4067455352.78,32.8196,
600592.SH,龙溪股份,2018-01-25,9.8219,9.9378,9.7543,9.8701,6182600,1.5474,4083437495.62,4083437495.62,32.9485,
600592.SH,龙溪股份,2018-01-26,9.8412,9.9378,9.7543,9.7832,4577566,1.1457,4047477674.23,4047477674.23,57.5851,
600592.SH,龙溪股份,2018-01-29,9.7543,9.8798,9.5901,9.6287,4988584,1.2485,3983549102.87,3983549102.87,56.6756,
600592.SH,龙溪股份,2018-01-30,9.6094,9.6094,9.2907,9.31,5891976,1.4746,3851696424.44,3851696424.44,54.7996,
600592.SH,龙溪股份,2018-01-31,9.3679,9.3873,8.943,9.0203,6658273,1.6664,3731830353.14,3731830353.14,53.0942,
600592.SH,龙溪股份,2018-02-01,9.0396,9.2038,8.6436,8.6919,5788139,1.4487,3595982139,3595982139,51.1615,
600592.SH,龙溪股份,2018-02-02,8.7016,8.8175,8.267,8.5181,5332541,1.3346,3524062496.22,3524062496.22,50.1383,
600592.SH,龙溪股份,2018-02-05,8.3636,8.5664,8.3636,8.4794,2727597,0.6827,3508080353.38,3508080353.38,49.9109,
600592.SH,龙溪股份,2018-02-06,8.4601,8.4601,7.6296,7.6392,7827274,1.959,3160468746.61,3160468746.61,44.9653,
600592.SH,龙溪股份,2018-02-07,7.8131,7.929,7.4654,7.6199,5460050,1.3665,3152477675.19,3152477675.19,44.8516,
600592.SH,龙溪股份,2018-02-08,7.6682,7.8807,7.5813,7.8227,2739180,0.6856,3236383925.1,3236383925.1,46.0453,
600592.SH,龙溪股份,2018-02-09,7.4461,7.7165,7.4268,7.5137,4268195,1.0682,3108526782.38,3108526782.38,44.2263,
600592.SH,龙溪股份,2018-02-12,7.6199,7.7551,7.5426,7.7261,5006168,1.2529,3196428568,3196428568,45.4769,
600592.SH,龙溪股份,2018-02-13,7.7358,7.9,7.7358,7.7551,3695501,0.9249,3208415175.13,3208415175.13,45.6474,
600592.SH,龙溪股份,2018-02-14,7.871,7.871,7.7261,7.7648,2101094,0.5259,3212410710.84,3212410710.84,45.7043,
600592.SH,龙溪股份,2018-02-22,7.8227,7.9676,7.8034,7.929,3420301,0.856,3280334817.91,3280334817.91,46.6706,
600592.SH,龙溪股份,2018-02-23,7.929,8.1125,7.9,8.0062,3679100,0.9208,3312299103.59,3312299103.59,47.1254,
600592.SH,龙溪股份,2018-02-26,7.9772,8.2573,7.9772,8.1801,4805100,1.2026,3384218746.37,3384218746.37,48.1486,
600592.SH,龙溪股份,2018-02-27,8.1994,8.3056,8.1318,8.1897,5383508,1.3474,3388214282.08,3388214282.08,48.2055,
600592.SH,龙溪股份,2018-02-28,8.1414,8.3442,8.0835,8.209,4316091,1.0802,3396205353.5,3396205353.5,48.3192,
600592.SH,龙溪股份,2018-03-01,8.1607,8.3539,8.1221,8.2766,3803585,0.952,3424174103.47,3424174103.47,48.7171,
600592.SH,龙溪股份,2018-03-02,8.2573,8.3153,8.1704,8.267,4335009,1.085,3420178567.76,3420178567.76,48.6603,
600592.SH,龙溪股份,2018-03-05,8.267,8.4505,8.238,8.2959,3444710,0.8621,3432165174.89,3432165174.89,48.8308,
600592.SH,龙溪股份,2018-03-06,8.3732,8.4022,8.2959,8.3539,4564410,1.1424,3456138389.15,3456138389.15,49.1719,
600592.SH,龙溪股份,2018-03-07,8.3346,8.4022,8.1897,8.2187,3592610,0.8992,3400200889.21,3400200889.21,48.376,
600592.SH,龙溪股份,2018-03-08,8.2187,8.5857,8.209,8.4505,7893710,1.9756,3496093746.25,3496093746.25,49.7403,
600592.SH,龙溪股份,2018-03-09,8.4312,8.6919,8.4118,8.547,7430850,1.8598,3536049103.35,3536049103.35,50.3088,
600592.SH,龙溪股份,2018-03-12,8.5953,8.7112,8.5084,8.6533,5720261,1.4317,3579999996.16,3579999996.16,50.9341,
600592.SH,龙溪股份,2018-03-13,8.6629,8.7499,8.5857,8.6629,4564967,1.1425,3583995531.87,3583995531.87,50.9909,
600592.SH,龙溪股份,2018-03-14,8.6243,8.7016,8.4794,8.5181,4113273,1.0295,3524062496.22,3524062496.22,50.1383,
600592.SH,龙溪股份,2018-03-15,8.4988,8.5664,8.4698,8.5374,3726640,0.9327,3532053567.64,3532053567.64,50.2519,
600592.SH,龙溪股份,2018-03-16,8.5567,8.6436,8.4891,8.4891,4114500,1.0298,3512075889.09,3512075889.09,49.9677,
600592.SH,龙溪股份,2018-03-19,8.5084,8.5567,8.3829,8.4408,3212509,0.804,3492098210.54,3492098210.54,49.6835,
600592.SH,龙溪股份,2018-03-20,8.4215,8.5277,8.3636,8.4988,2767916,0.6928,3516071424.8,3516071424.8,50.0246,
600592.SH,龙溪股份,2018-03-21,8.4891,8.6436,8.4794,8.5374,4031619,1.009,3532053567.64,3532053567.64,50.2519,
600592.SH,龙溪股份,2018-03-22,8.5374,8.6726,8.4988,8.547,4606039,1.1528,3536049103.35,3536049103.35,50.3088,
600592.SH,龙溪股份,2018-03-23,8.3056,8.4118,7.7937,7.8807,6828546,1.709,3260357139.36,3260357139.36,46.3864,
600592.SH,龙溪股份,2018-03-26,7.8324,8.0255,7.6489,8.0062,4868614,1.2185,3312299103.59,3312299103.59,47.1254,
600592.SH,龙溪股份,2018-03-27,8.0738,8.2477,8.0545,8.209,4840552,1.2115,3396205353.5,3396205353.5,48.3192,
600592.SH,龙溪股份,2018-03-28,8.1125,8.3539,8.0159,8.1414,5423592,1.3574,3368236603.53,3368236603.53,47.9213,
600592.SH,龙溪股份,2018-03-29,8.2283,8.3539,8.1897,8.2959,3850814,0.9638,3432165174.89,3432165174.89,48.8308,
600592.SH,龙溪股份,2018-03-30,8.3346,8.4698,8.3346,8.4022,3436794,0.8602,3476116067.7,3476116067.7,49.4561,
600592.SH,龙溪股份,2018-04-02,8.4312,8.4794,8.2959,8.3539,4526400,1.1329,3456138389.15,3456138389.15,49.1719,
600592.SH,龙溪股份,2018-04-03,8.2187,8.4601,8.1704,8.2477,4466100,1.1178,3412187496.34,3412187496.34,48.5466,
600592.SH,龙溪股份,2018-04-04,8.238,8.4118,8.1125,8.1414,4184675,1.0473,3368236603.53,3368236603.53,47.9213,
600592.SH,龙溪股份,2018-04-09,8.1414,8.3636,8.0352,8.2863,5009901,1.2539,3428169639.18,3428169639.18,48.7739,
600592.SH,龙溪股份,2018-04-10,8.3636,8.3829,8.1897,8.238,3960794,0.9913,3408191960.63,3408191960.63,48.4897,
600592.SH,龙溪股份,2018-04-11,8.2573,8.3442,8.209,8.3056,4583319,1.1471,3436160710.6,3436160710.6,48.8876,
600592.SH,龙溪股份,2018-04-12,8.2573,8.3539,8.1511,8.1994,3598058,0.9005,3392209817.79,3392209817.79,48.2623,
600592.SH,龙溪股份,2018-04-13,8.238,8.2766,8.1221,8.1511,2803736,0.7017,3372232139.24,3372232139.24,47.9781,
600592.SH,龙溪股份,2018-04-16,8.1511,8.1897,7.9483,8.0062,2984687,0.747,3312299103.59,3312299103.59,47.1254,
600592.SH,龙溪股份,2018-04-17,7.9869,8.0642,7.7261,7.8227,4502546,1.1269,3236383925.1,3236383925.1,46.0453,
600592.SH,龙溪股份,2018-04-18,7.8614,7.9096,7.6296,7.871,4005592,1.0025,3256361603.65,3256361603.65,46.3296,
600592.SH,龙溪股份,2018-04-19,7.8903,7.9869,7.8517,7.9193,2841413,0.7111,3276339282.2,3276339282.2,46.6138,
600592.SH,龙溪股份,2018-04-20,7.871,7.9096,7.5909,7.6103,4422328,1.1068,3148482139.48,3148482139.48,44.7947,
600592.SH,龙溪股份,2018-04-23,7.6199,7.7358,7.5523,7.6103,3634302,0.9096,3148482139.48,3148482139.48,44.7947,
600592.SH,龙溪股份,2018-04-24,7.6585,7.8324,7.6006,7.7358,3193682,0.7993,3200424103.71,3200424103.71,45.5337,
600592.SH,龙溪股份,2018-04-25,7.7358,7.8034,7.5426,7.7841,3369603,0.8433,3220401782.26,3220401782.26,45.818,
600592.SH,龙溪股份,2018-04-26,7.9193,7.9193,7.6006,7.6199,4543714,1.1372,3152477675.19,3152477675.19,36.4219,
600592.SH,龙溪股份,2018-04-27,7.6103,7.7068,7.6103,7.6779,2655891,0.6647,3176450889.45,3176450889.45,36.6989,
600592.SH,龙溪股份,2018-05-02,7.6779,7.7261,7.6103,7.6585,2172691,0.5438,3168459818.03,3168459818.03,36.6066,
600592.SH,龙溪股份,2018-05-03,7.5909,7.8227,7.562,7.7937,3088219,0.7729,3224397317.97,3224397317.97,37.2528,
600592.SH,龙溪股份,2018-05-04,7.7744,7.8131,7.6779,7.7841,3250011,0.8134,3220401782.26,3220401782.26,37.2067,
600592.SH,龙溪股份,2018-05-07,7.8131,7.8324,7.7551,7.8131,8617610,2.1568,3232388389.39,3232388389.39,37.3452,
600592.SH,龙溪股份,2018-05-08,7.8131,7.9386,7.8034,7.8903,15392061,3.8523,3264352675.07,3264352675.07,37.7145,
600592.SH,龙溪股份,2018-05-09,7.871,7.9579,7.8324,7.8614,7523901,1.8831,3252366067.94,3252366067.94,37.576,
600592.SH,龙溪股份,2018-05-10,7.8807,7.9096,7.7937,7.842,5282035,1.322,3244374996.52,3244374996.52,37.4837,
600592.SH,龙溪股份,2018-05-11,7.842,7.8614,7.6779,7.7068,5495820,1.3755,3188437496.58,3188437496.58,36.8374,
600592.SH,龙溪股份,2018-05-14,7.7261,7.7358,7.6199,7.6392,3037800,0.7603,3160468746.61,3160468746.61,36.5142,
600592.SH,龙溪股份,2018-05-15,7.6392,7.6972,7.5813,7.6972,3008219,0.7529,3184441960.87,3184441960.87,36.7912,
600592.SH,龙溪股份,2018-05-16,7.6585,7.7165,7.6006,7.6296,2736498,0.6849,3156473210.9,3156473210.9,36.4681,
600592.SH,龙溪股份,2018-05-17,7.6199,7.6682,7.5813,7.6103,2959900,0.7408,3148482139.48,3148482139.48,36.3758,
600592.SH,龙溪股份,2018-05-18,7.6199,7.6972,7.5813,7.6682,2870700,0.7185,3172455353.74,3172455353.74,36.6527,
600592.SH,龙溪股份,2018-05-21,7.7165,7.8227,7.6875,7.8131,5339189,1.3363,3232388389.39,3232388389.39,37.3452,
600592.SH,龙溪股份,2018-05-22,7.7744,7.842,7.7455,7.8227,3399562,0.8508,3236383925.1,3236383925.1,37.3913,
600592.SH,龙溪股份,2018-05-23,7.8324,7.8614,7.6972,7.7068,3920722,0.9813,3188437496.58,3188437496.58,36.8374,
600592.SH,龙溪股份,2018-05-24,7.7261,7.7358,7.6489,7.6585,2273770,0.5691,3168459818.03,3168459818.03,36.6066,
600592.SH,龙溪股份,2018-05-25,7.6489,7.6875,7.562,7.562,3051422,0.7637,3128504460.93,3128504460.93,36.145,
600592.SH,龙溪股份,2018-05-28,7.5813,7.6103,7.4654,7.475,2916543,0.73,3092544639.54,3092544639.54,35.7295,
600592.SH,龙溪股份,2018-05-29,7.4654,7.5523,7.4364,7.4557,2225258,0.5569,3084553568.12,3084553568.12,35.6372,
600592.SH,龙溪股份,2018-05-30,7.3881,7.3881,6.857,6.9535,6514777,1.6305,2876785711.2,2876785711.2,33.2367,
600592.SH,龙溪股份,2018-05-31,7.0115,7.0598,6.828,6.9728,5175522,1.2953,2884776782.62,2884776782.62,33.3291,
600592.SH,龙溪股份,2018-06-01,6.9342,7.0308,6.8666,6.9439,3254396,0.8145,2872790175.49,2872790175.49,33.1906,
600592.SH,龙溪股份,2018-06-04,6.9439,6.9825,6.857,6.8859,2362000,0.5912,2848816961.23,2848816961.23,32.9136,
600592.SH,龙溪股份,2018-06-05,6.9246,6.9535,6.77,6.9439,2406850,0.6024,2872790175.49,2872790175.49,33.1906,
600592.SH,龙溪股份,2018-06-06,6.9342,6.9922,6.9052,6.9825,1812000,0.4535,2888772318.33,2888772318.33,33.3752,
600592.SH,龙溪股份,2018-06-07,7.0115,7.0694,6.9632,6.9922,2470649,0.6184,2892767854.04,2892767854.04,33.4214,
600592.SH,龙溪股份,2018-06-08,6.9922,6.9922,6.799,6.8956,3074072,0.7694,2852812496.94,2852812496.94,32.9598,
600592.SH,龙溪股份,2018-06-11,6.857,6.8956,6.828,6.8763,1428500,0.3575,2844821425.52,2844821425.52,32.8674,
600592.SH,龙溪股份,2018-06-12,6.8859,6.8859,6.7024,6.8376,2416805,0.6049,2828839282.68,2828839282.68,32.6828,
600592.SH,龙溪股份,2018-06-13,6.857,6.857,6.6638,6.7217,2995039,0.7496,2780892854.16,2780892854.16,32.1288,
600592.SH,龙溪股份,2018-06-14,6.7024,6.799,6.6735,6.7121,1952195,0.4886,2776897318.45,2776897318.45,32.0827,
600592.SH,龙溪股份,2018-06-15,6.7604,6.7604,6.3354,6.4996,5717972,1.4311,2688995532.83,2688995532.83,31.0671,
600592.SH,龙溪股份,2018-06-19,6.3837,6.3837,5.8526,5.8526,8962710,2.2432,2421294640.26,2421294640.26,27.9743,
600592.SH,龙溪股份,2018-06-20,5.8815,6.036,5.5918,5.8236,8502158,2.1279,2409308033.13,2409308033.13,27.8358,
600592.SH,龙溪股份,2018-06-21,5.8236,5.8912,5.5435,5.5918,7762200,1.9427,2313415176.09,2313415176.09,26.7279,
600592.SH,龙溪股份,2018-06-22,5.5628,5.8429,5.4952,5.727,5185233,1.2978,2369352676.03,2369352676.03,27.3741,
600592.SH,龙溪股份,2018-06-25,5.8139,5.8236,5.7077,5.7173,3292600,0.8241,2365357140.32,2365357140.32,27.328,
600592.SH,龙溪股份,2018-06-26,5.6304,5.8043,5.6304,5.8043,2480819,0.6209,2401316961.71,2401316961.71,27.7434,
600592.SH,龙溪股份,2018-06-27,5.7656,5.9298,5.756,5.8332,4579679,1.1462,2413303568.84,2413303568.84,27.8819,
600592.SH,龙溪股份,2018-06-28,5.8431,5.9707,5.794,5.8038,3059400,0.7657,2361361604.61,2361361604.61,27.2818,
600592.SH,龙溪股份,2018-06-29,5.8136,6.0395,5.794,6.0395,4503012,1.127,2457254461.65,2457254461.65,28.3897,
600592.SH,龙溪股份,2018-07-02,6.0395,6.1377,5.8922,5.9413,3816495,0.9552,2417299104.55,2417299104.55,27.9281,
600592.SH,龙溪股份,2018-07-03,6.01,6.118,5.9413,6.0886,4206702,1.0529,2477232140.2,2477232140.2,28.6205,
600592.SH,龙溪股份,2018-07-04,6.0493,6.1671,6.01,6.0296,3052276,0.7639,2453258925.94,2453258925.94,28.3435,
600592.SH,龙溪股份,2018-07-05,5.9805,6.0689,5.8529,5.8823,3762300,0.9416,2393325890.29,2393325890.29,27.6511,
600592.SH,龙溪股份,2018-07-06,5.8922,6.0198,5.8038,5.9413,3349600,0.8383,2417299104.55,2417299104.55,27.9281,
600592.SH,龙溪股份,2018-07-09,5.9413,6.1377,5.9413,6.0886,3435337,0.8598,2477232140.2,2477232140.2,28.6205,
600592.SH,龙溪股份,2018-07-10,6.0689,6.2359,6.0591,6.1278,4214294,1.0548,2493214283.04,2493214283.04,28.8052,
600592.SH,龙溪股份,2018-07-11,6.0296,6.0984,5.9413,6.0002,3711701,0.929,2441272318.81,2441272318.81,28.2051,
600592.SH,龙溪股份,2018-07-12,6.0395,6.1868,6.0002,6.1475,4493500,1.1246,2501205354.46,2501205354.46,28.8975,
600592.SH,龙溪股份,2018-07-13,6.1671,6.3734,6.0787,6.2752,8224900,2.0585,2553147318.69,2553147318.69,29.4976,
600592.SH,龙溪股份,2018-07-16,6.2752,6.5992,6.1868,6.4617,6698600,1.6765,2629062497.18,2629062497.18,30.3747,
600592.SH,龙溪股份,2018-07-17,6.4225,6.6385,6.2752,6.3537,6149976,1.5392,2585111604.37,2585111604.37,29.8669,
600592.SH,龙溪股份,2018-07-18,6.3439,6.5796,6.3341,6.4323,7327205,1.8338,2617075890.05,2617075890.05,30.2362,
600592.SH,龙溪股份,2018-07-19,6.4323,6.4617,6.2457,6.3144,3964977,0.9924,2569129461.53,2569129461.53,29.6823,
600592.SH,龙溪股份,2018-07-20,6.2653,6.3832,6.2457,6.3439,3062000,0.7664,2581116068.66,2581116068.66,29.8207,
600592.SH,龙溪股份,2018-07-23,6.285,6.5796,6.2653,6.4912,6182476,1.5473,2641049104.31,2641049104.31,30.5132,
600592.SH,龙溪股份,2018-07-24,6.4323,6.8644,6.4323,6.668,10052826,2.516,2712968747.09,2712968747.09,31.3441,
600592.SH,龙溪股份,2018-07-25,6.6876,6.6876,6.5305,6.5698,5254402,1.3151,2673013389.99,2673013389.99,30.8825,
600592.SH,龙溪股份,2018-07-26,6.5599,6.8054,6.5599,6.5992,6178569,1.5464,2684999997.12,2684999997.12,31.021,
600592.SH,龙溪股份,2018-07-27,6.5992,6.6778,6.5108,6.5108,3876833,0.9703,2649040175.73,2649040175.73,30.6055,
600592.SH,龙溪股份,2018-07-30,6.5403,6.6778,6.501,6.5501,4401400,1.1016,2665022318.57,2665022318.57,30.7901,
600592.SH,龙溪股份,2018-07-31,6.5403,6.5599,6.4028,6.4716,3439111,0.8607,2633058032.89,2633058032.89,30.4208,
600592.SH,龙溪股份,2018-08-01,6.4716,6.5501,6.3537,6.3635,2691011,0.6735,2589107140.08,2589107140.08,29.9131,
600592.SH,龙溪股份,2018-08-02,6.3635,6.393,5.9413,6.0886,4848568,1.2135,2477232140.2,2477232140.2,28.6205,
600592.SH,龙溪股份,2018-08-03,6.0886,6.1278,5.9118,5.9904,2852202,0.7138,2437276783.1,2437276783.1,28.1589,
600592.SH,龙溪股份,2018-08-06,6.01,6.0591,5.8529,5.902,3706325,0.9276,2401316961.71,2401316961.71,27.7434,
600592.SH,龙溪股份,2018-08-07,5.9413,6.1769,5.902,6.1573,4660122,1.1663,2505200890.17,2505200890.17,28.9437,
600592.SH,龙溪股份,2018-08-08,6.2064,6.5108,6.1377,6.3243,9203023,2.3033,2573124997.24,2573124997.24,29.7284,
600592.SH,龙溪股份,2018-08-09,6.285,6.393,6.2359,6.3537,5013771,1.2548,2585111604.37,2585111604.37,29.8669,
600592.SH,龙溪股份,2018-08-10,6.3144,6.3734,6.3046,6.3537,2658757,0.6654,2585111604.37,2585111604.37,29.8669,
600592.SH,龙溪股份,2018-08-13,6.2948,6.3341,6.1769,6.2752,4390247,1.0988,2553147318.69,2553147318.69,29.4976,
600592.SH,龙溪股份,2018-08-14,6.3243,6.3832,6.285,6.2948,2374700,0.5943,2561138390.11,2561138390.11,29.5899,
600592.SH,龙溪股份,2018-08-15,6.3046,6.501,6.2457,6.393,6993891,1.7504,2601093747.21,2601093747.21,30.0515,
600592.SH,龙溪股份,2018-08-16,6.3341,6.5207,6.1082,6.5108,9060943,2.2678,2649040175.73,2649040175.73,30.6055,
600592.SH,龙溪股份,2018-08-17,6.4814,6.6189,6.285,6.3046,10342643,2.5885,2565133925.82,2565133925.82,29.6361,
600592.SH,龙溪股份,2018-08-20,6.2653,6.3046,5.9216,6.0984,7267008,1.8188,2481227675.91,2481227675.91,28.6667,
600592.SH,龙溪股份,2018-08-21,6.1082,6.226,6.0296,6.118,4178989,1.0459,2489218747.33,2489218747.33,28.759,
600592.SH,龙溪股份,2018-08-22,6.1278,6.1377,6.0591,6.0689,1971480,0.4934,2469241068.78,2469241068.78,28.5282,
600592.SH,龙溪股份,2018-08-23,6.0689,6.118,5.9511,6.01,3087100,0.7726,2445267854.52,2445267854.52,28.2512,
600592.SH,龙溪股份,2018-08-24,6.0198,6.0493,5.9413,6.0002,2455668,0.6146,2441272318.81,2441272318.81,28.2051,
600592.SH,龙溪股份,2018-08-27,6.0493,6.1377,6.0198,6.1278,2959468,0.7407,2493214283.04,2493214283.04,26.1202,
600592.SH,龙溪股份,2018-08-28,6.1377,6.2752,6.118,6.1573,3271942,0.8189,2505200890.17,2505200890.17,26.2458,
600592.SH,龙溪股份,2018-08-29,6.1769,6.1769,6.0886,6.1377,1897302,0.4749,2497209818.75,2497209818.75,26.1621,
600592.SH,龙溪股份,2018-08-30,6.1671,6.1769,6.0493,6.0787,2194103,0.5491,2473236604.49,2473236604.49,25.9109,
600592.SH,龙溪股份,2018-08-31,6.0984,6.1278,6.01,6.0689,2800200,0.7008,2469241068.78,2469241068.78,25.8691,
600592.SH,龙溪股份,2018-09-03,6.118,6.118,5.9216,6.0493,3476500,0.8701,2461249997.36,2461249997.36,25.7853,
600592.SH,龙溪股份,2018-09-04,6.0689,6.1868,6.0493,6.1377,3642500,0.9116,2497209818.75,2497209818.75,26.1621,
600592.SH,龙溪股份,2018-09-05,6.118,6.1475,5.9904,6.01,3034435,0.7595,2445267854.52,2445267854.52,25.6179,
600592.SH,龙溪股份,2018-09-06,6.0493,6.0886,5.9609,6.01,2027901,0.5075,2445267854.52,2445267854.52,25.6179,
600592.SH,龙溪股份,2018-09-07,6.01,6.0984,5.9707,5.9904,2980800,0.746,2437276783.1,2437276783.1,25.5342,
600592.SH,龙溪股份,2018-09-10,5.9805,6.01,5.794,5.8136,2835801,0.7097,2365357140.32,2365357140.32,24.7807,
600592.SH,龙溪股份,2018-09-11,5.8725,5.8823,5.7547,5.7841,2226400,0.5572,2353370533.19,2353370533.19,24.6551,
600592.SH,龙溪股份,2018-09-12,5.7841,5.8529,5.7154,5.8234,3856902,0.9653,2369352676.03,2369352676.03,24.8226,
600592.SH,龙溪股份,2018-09-13,5.8922,5.9314,5.8038,5.9314,3162078,0.7914,2413303568.84,2413303568.84,25.283,
600592.SH,龙溪股份,2018-09-14,5.9413,5.9707,5.8431,5.8529,2643700,0.6617,2381339283.16,2381339283.16,24.9482,
600592.SH,龙溪股份,2018-09-17,5.8431,5.8529,5.735,5.7645,2110000,0.5281,2345379461.77,2345379461.77,24.5714,
600592.SH,龙溪股份,2018-09-18,5.7449,5.902,5.7252,5.8823,2362245,0.5912,2393325890.29,2393325890.29,25.0737,
600592.SH,龙溪股份,2018-09-19,5.8529,5.9609,5.8431,5.9511,3353336,0.8393,2421294640.26,2421294640.26,25.3668,
600592.SH,龙溪股份,2018-09-20,5.9707,5.9707,5.8823,5.9216,2260000,0.5656,2409308033.13,2409308033.13,25.2412,
600592.SH,龙溪股份,2018-09-21,5.9314,5.9805,5.8431,5.9609,3738276,0.9356,2425290175.97,2425290175.97,25.4086,
600592.SH,龙溪股份,2018-09-25,5.9216,5.9707,5.9118,5.9314,2667300,0.6676,2413303568.84,2413303568.84,25.283,
600592.SH,龙溪股份,2018-09-26,5.9314,6.1868,5.9314,5.9805,5042500,1.262,2433281247.39,2433281247.39,25.4923,
600592.SH,龙溪股份,2018-09-27,5.9511,6.01,5.8922,5.902,3003700,0.7518,2401316961.71,2401316961.71,25.1575,
600592.SH,龙溪股份,2018-09-28,5.9511,5.9511,5.8431,5.902,2931035,0.7336,2401316961.71,2401316961.71,25.1575,
600592.SH,龙溪股份,2018-10-08,5.8725,5.8725,5.6565,5.6859,2947100,0.7376,2313415176.09,2313415176.09,24.2366,
600592.SH,龙溪股份,2018-10-09,5.6761,5.735,5.6467,5.7056,2002500,0.5012,2321406247.51,2321406247.51,24.3203,
600592.SH,龙溪股份,2018-10-10,5.7056,5.7449,5.6663,5.7056,1569010,0.3927,2321406247.51,2321406247.51,24.3203,
600592.SH,龙溪股份,2018-10-11,5.5092,5.5288,5.136,5.136,7461848,1.8675,2089665176.33,2089665176.33,21.8924,
600592.SH,龙溪股份,2018-10-12,5.136,5.1556,4.6253,4.8905,8642645,2.1631,1989776783.58,1989776783.58,20.8459,
600592.SH,龙溪股份,2018-10-15,4.92,4.9298,4.8218,4.8218,3221700,0.8063,1961808033.61,1961808033.61,20.5529,
600592.SH,龙溪股份,2018-10-16,4.8316,4.8905,4.6352,4.7137,3110974,0.7786,1917857140.8,1917857140.8,20.0925,
600592.SH,龙溪股份,2018-10-17,4.7923,4.8414,4.6548,4.7726,2492700,0.6239,1941830355.06,1941830355.06,20.3436,
600592.SH,龙溪股份,2018-10-18,4.753,4.7628,4.6057,4.645,2562636,0.6414,1889888390.83,1889888390.83,19.7995,
600592.SH,龙溪股份,2018-10-19,4.5468,4.7628,4.4977,4.7432,3282600,0.8216,1929843747.93,1929843747.93,20.2181,
600592.SH,龙溪股份,2018-10-22,4.7628,5.1753,4.7628,5.0378,5962108,1.4922,2049709819.23,2049709819.23,21.4738,
600592.SH,龙溪股份,2018-10-23,5.0378,5.0771,4.9396,4.9789,3612749,0.9042,2025736604.97,2025736604.97,21.2227,
600592.SH,龙溪股份,2018-10-24,4.9887,5.0574,4.9494,4.9985,3532349,0.8841,2033727676.39,2033727676.39,21.3064,
600592.SH,龙溪股份,2018-10-25,4.8119,4.9789,4.7235,4.9592,3600608,0.9012,2017745533.55,2017745533.55,21.139,
600592.SH,龙溪股份,2018-10-26,4.9985,5.1065,4.9985,5.0476,3872200,0.9691,2053705354.94,2053705354.94,21.5157,
600592.SH,龙溪股份,2018-10-29,5.0574,5.0967,4.9789,4.9887,2012800,0.5038,2029732140.68,2029732140.68,20.8831,
600592.SH,龙溪股份,2018-10-30,4.9985,5.0967,4.9592,5.0476,2730000,0.6833,2053705354.94,2053705354.94,21.1297,
600592.SH,龙溪股份,2018-10-31,5.0476,5.1851,5.0476,5.1164,3628800,0.9082,2081674104.91,2081674104.91,21.4175,
600592.SH,龙溪股份,2018-11-01,5.1262,5.244,5.1065,5.1164,4178632,1.0458,2081674104.91,2081674104.91,21.4175,
600592.SH,龙溪股份,2018-11-02,5.2538,5.2538,5.1655,5.2244,4694482,1.1749,2125624997.72,2125624997.72,21.8697,
600592.SH,龙溪股份,2018-11-05,5.244,5.3029,5.1458,5.2538,5462652,1.3672,2137611604.85,2137611604.85,21.993,
600592.SH,龙溪股份,2018-11-06,5.2342,5.2342,5.1458,5.2244,3714416,0.9296,2125624997.72,2125624997.72,21.8697,
600592.SH,龙溪股份,2018-11-07,5.2146,5.2735,5.1851,5.1851,3738400,0.9356,2109642854.88,2109642854.88,21.7052,
600592.SH,龙溪股份,2018-11-08,5.2244,5.3226,5.1949,5.2047,5935473,1.4855,2117633926.3,2117633926.3,21.7874,
600592.SH,龙溪股份,2018-11-09,5.2047,5.244,5.1655,5.1655,3481973,0.8715,2101651783.46,2101651783.46,21.623,
600592.SH,龙溪股份,2018-11-12,5.1655,5.4306,5.1655,5.3619,6051193,1.5145,2181562497.66,2181562497.66,22.4452,
600592.SH,龙溪股份,2018-11-13,5.3029,5.5779,5.2833,5.5092,10168438,2.5449,2241495533.31,2241495533.31,23.0618,
600592.SH,龙溪股份,2018-11-14,5.6172,5.6368,5.4601,5.5583,8608161,2.1544,2261473211.86,2261473211.86,23.2673,
600592.SH,龙溪股份,2018-11-15,5.5583,5.7154,5.5386,5.6859,8200609,2.0524,2313415176.09,2313415176.09,23.8018,
600592.SH,龙溪股份,2018-11-16,5.6958,5.9511,5.6565,5.8332,10873747,2.7215,2373348211.74,2373348211.74,24.4184,
600592.SH,龙溪股份,2018-11-19,5.794,5.8922,5.7449,5.8431,6589671,1.6493,2377343747.45,2377343747.45,24.4595,
600592.SH,龙溪股份,2018-11-20,5.7841,6.1377,5.6761,5.735,10917654,2.7325,2333392854.64,2333392854.64,24.0073,
600592.SH,龙溪股份,2018-11-21,5.627,5.9904,5.627,5.8431,9555051,2.3914,2377343747.45,2377343747.45,24.4595,
600592.SH,龙溪股份,2018-11-22,5.8038,5.8823,5.7449,5.7547,5510317,1.3791,2341383926.06,2341383926.06,24.0895,
600592.SH,龙溪股份,2018-11-23,5.7449,5.8136,5.4797,5.5386,7635139,1.9109,2253482140.44,2253482140.44,23.1851,
600592.SH,龙溪股份,2018-11-26,5.5681,5.6368,5.4306,5.5288,6063625,1.5176,2249486604.73,2249486604.73,23.144,
600592.SH,龙溪股份,2018-11-27,5.5779,5.6565,5.5386,5.5681,5770402,1.4442,2265468747.57,2265468747.57,23.3085,
600592.SH,龙溪股份,2018-11-28,5.5583,5.6565,5.4306,5.6467,6938496,1.7366,2297433033.25,2297433033.25,23.6373,
600592.SH,龙溪股份,2018-11-29,5.6761,5.8136,5.4404,5.4993,8815000,2.2062,2237499997.6,2237499997.6,23.0207,
600592.SH,龙溪股份,2018-11-30,5.4993,5.5877,5.3815,5.5583,5066179,1.268,2261473211.86,2261473211.86,23.2673,
600592.SH,龙溪股份,2018-12-03,5.7056,5.8431,5.627,5.7252,8058100,2.0168,2329397318.93,2329397318.93,23.9662,
600592.SH,龙溪股份,2018-12-04,5.7056,5.9413,5.6565,5.9314,11438268,2.8628,2413303568.84,2413303568.84,24.8295,
600592.SH,龙溪股份,2018-12-05,5.7645,5.9707,5.7252,5.8627,9528822,2.3849,2385334818.87,2385334818.87,24.5417,
600592.SH,龙溪股份,2018-12-06,5.8332,5.8431,5.6761,5.6958,5800500,1.4517,2317410711.8,2317410711.8,23.8429,
600592.SH,龙溪股份,2018-12-07,5.6958,5.8431,5.6368,5.7252,4246338,1.0628,2329397318.93,2329397318.93,23.9662,
600592.SH,龙溪股份,2018-12-10,5.6761,5.8922,5.6368,5.7645,5399462,1.3514,2345379461.77,2345379461.77,24.1306,
600592.SH,龙溪股份,2018-12-11,5.7841,5.8922,5.7154,5.8725,9390805,2.3503,2389330354.58,2389330354.58,24.5828,
600592.SH,龙溪股份,2018-12-12,5.8431,5.9118,5.8038,5.8234,5295300,1.3253,2369352676.03,2369352676.03,24.3773,
600592.SH,龙溪股份,2018-12-13,5.8627,6.2359,5.7547,6.0689,21226865,5.3126,2469241068.78,2469241068.78,25.405,
600592.SH,龙溪股份,2018-12-14,6.01,6.1278,5.8922,5.9511,13660245,3.4189,2421294640.26,2421294640.26,24.9117,
600592.SH,龙溪股份,2018-12-17,5.9216,5.9511,5.7252,5.8431,7059963,1.767,2377343747.45,2377343747.45,24.4595,
600592.SH,龙溪股份,2018-12-18,5.7547,5.8725,5.6663,5.7154,5619574,1.4065,2325401783.22,2325401783.22,23.9251,
600592.SH,龙溪股份,2018-12-19,5.7547,5.7743,5.4306,5.4404,6875389,1.7208,2213526783.34,2213526783.34,22.774,
600592.SH,龙溪股份,2018-12-20,5.4306,5.519,5.3815,5.4993,4713154,1.1796,2237499997.6,2237499997.6,23.0207,
600592.SH,龙溪股份,2018-12-21,5.4699,5.4993,5.4011,5.4601,3285646,0.8223,2221517854.76,2221517854.76,22.8563,
600592.SH,龙溪股份,2018-12-24,5.4502,5.5485,5.3717,5.519,2945248,0.7371,2245491069.02,2245491069.02,23.1029,
600592.SH,龙溪股份,2018-12-25,5.4699,5.4699,5.0771,5.3324,6730736,1.6846,2169575890.53,2169575890.53,22.3219,
600592.SH,龙溪股份,2018-12-26,5.3029,5.3619,5.3029,5.3128,2920900,0.731,2161584819.11,2161584819.11,22.2396,
600592.SH,龙溪股份,2018-12-27,5.4011,5.4502,5.1753,5.1949,3794500,0.9497,2113638390.59,2113638390.59,21.7463,
600592.SH,龙溪股份,2018-12-28,5.2146,5.3029,5.1655,5.2637,2542441,0.6363,2141607140.56,2141607140.56,22.0341,
600592.SH,龙溪股份,2019-01-02,5.2735,5.3029,5.2342,5.2538,2054031,0.5141,2137611604.85,2137611604.85,21.993,
600592.SH,龙溪股份,2019-01-03,5.2833,5.4502,5.244,5.3717,5254124,1.315,2185558033.37,2185558033.37,22.4863,
600592.SH,龙溪股份,2019-01-04,5.2931,5.5386,5.2538,5.4993,6445900,1.6133,2237499997.6,2237499997.6,23.0207,
600592.SH,龙溪股份,2019-01-07,5.5779,6.0493,5.5386,6.0493,26287418,6.5792,2461249997.36,2461249997.36,25.3228,
600592.SH,龙溪股份,2019-01-08,6.2359,6.5698,6.0787,6.1475,43101270,10.7874,2501205354.46,2501205354.46,25.7339,
600592.SH,龙溪股份,2019-01-09,6.1377,6.4028,6.0591,6.1573,29191422,7.306,2505200890.17,2505200890.17,25.775,
600592.SH,龙溪股份,2019-01-10,6.0689,6.3243,6.0198,6.118,16293252,4.0779,2489218747.33,2489218747.33,25.6105,
600592.SH,龙溪股份,2019-01-11,6.1278,6.2162,6.0395,6.1868,14241115,3.5643,2517187497.3,2517187497.3,25.8983,
600592.SH,龙溪股份,2019-01-14,6.118,6.3635,5.9707,6.3046,18453401,4.6185,2565133925.82,2565133925.82,26.3916,
600592.SH,龙溪股份,2019-01-15,6.2555,6.3046,6.1082,6.2653,12495889,3.1275,2549151782.98,2549151782.98,26.2272,
600592.SH,龙溪股份,2019-01-16,6.3046,6.3046,6.0886,6.1377,8969268,2.2448,2497209818.75,2497209818.75,25.6927,
600592.SH,龙溪股份,2019-01-17,6.1082,6.1769,5.9805,6.0395,9063928,2.2685,2457254461.65,2457254461.65,25.2817,
600592.SH,龙溪股份,2019-01-18,6.0689,6.2457,6.01,6.0689,9431990,2.3606,2469241068.78,2469241068.78,25.405,
600592.SH,龙溪股份,2019-01-21,6.0689,6.118,5.9805,6.0395,6706692,1.6785,2457254461.65,2457254461.65,25.2817,
600592.SH,龙溪股份,2019-01-22,6.0395,6.0591,5.9413,6.01,5831046,1.4594,2445267854.52,2445267854.52,25.1583,
600592.SH,龙溪股份,2019-01-23,5.9413,6.0886,5.9413,6.01,4533920,1.1347,2445267854.52,2445267854.52,25.1583,
600592.SH,龙溪股份,2019-01-24,5.9904,6.0886,5.9314,6.0395,5566016,1.3931,2457254461.65,2457254461.65,25.2817,
600592.SH,龙溪股份,2019-01-25,6.0198,6.0787,5.9707,6.01,6357937,1.5913,2445267854.52,2445267854.52,25.1583,
600592.SH,龙溪股份,2019-01-28,6.01,6.01,5.6172,5.627,11946184,2.9899,2289441961.83,2289441961.83,26.7911,
600592.SH,龙溪股份,2019-01-29,5.5877,5.6859,5.4797,5.5779,6530223,1.6344,2269464283.28,2269464283.28,26.5574,
600592.SH,龙溪股份,2019-01-30,5.4993,5.6074,5.4404,5.4601,4340789,1.0864,2221517854.76,2221517854.76,25.9963,
600592.SH,龙溪股份,2019-01-31,5.4601,5.5877,5.4011,5.4895,4735457,1.1852,2233504461.89,2233504461.89,26.1366,
600592.SH,龙溪股份,2019-02-01,5.4993,5.6074,5.4993,5.5976,4179845,1.0461,2277455354.7,2277455354.7,26.6509,
600592.SH,龙溪股份,2019-02-11,5.6565,5.7449,5.5976,5.7449,6023861,1.5076,2337388390.35,2337388390.35,27.3522,
600592.SH,龙溪股份,2019-02-12,5.7547,5.8627,5.6467,5.8136,7891457,1.9751,2365357140.32,2365357140.32,27.6795,
600592.SH,龙溪股份,2019-02-13,5.794,6.0886,5.7743,6.0002,11410683,2.8559,2441272318.81,2441272318.81,28.5679,
600592.SH,龙溪股份,2019-02-14,6.0198,6.0591,5.9511,5.9904,6496741,1.626,2437276783.1,2437276783.1,28.5211,
600592.SH,龙溪股份,2019-02-15,6.0198,6.0886,5.9904,6.01,7012700,1.7551,2445267854.52,2445267854.52,28.6146,
600592.SH,龙溪股份,2019-02-18,6.0395,6.226,6.0395,6.1769,8466546,2.119,2513191961.59,2513191961.59,29.4095,
600592.SH,龙溪股份,2019-02-19,6.2162,6.2359,6.0296,6.1868,12096602,3.0275,2517187497.3,2517187497.3,29.4562,
600592.SH,龙溪股份,2019-02-20,6.1278,6.3537,6.0689,6.2948,15804689,3.9556,2561138390.11,2561138390.11,29.9705,
600592.SH,龙溪股份,2019-02-21,6.393,6.9233,6.3144,6.609,33640554,8.4195,2688995532.83,2688995532.83,31.4667,
600592.SH,龙溪股份,2019-02-22,6.4912,6.6189,6.4323,6.609,17040987,4.265,2688995532.83,2688995532.83,31.4667,
600592.SH,龙溪股份,2019-02-25,6.6189,6.8742,6.5599,6.8644,23052197,5.7695,2792879461.29,2792879461.29,32.6824,
600592.SH,龙溪股份,2019-02-26,6.8251,7.159,6.6581,6.6778,21222945,5.3117,2716964282.8,2716964282.8,31.794,
600592.SH,龙溪股份,2019-02-27,6.6778,6.8644,6.5992,6.6974,16453783,4.118,2724955354.22,2724955354.22,31.8875,
600592.SH,龙溪股份,2019-02-28,6.6876,6.8054,6.6385,6.7072,8410702,2.105,2728950889.93,2728950889.93,31.9343,
600592.SH,龙溪股份,2019-03-01,6.7367,6.7662,6.6385,6.7269,6188924,1.549,2736941961.35,2736941961.35,32.0278,
600592.SH,龙溪股份,2019-03-04,6.7563,6.9822,6.7367,6.8644,14860041,3.7192,2792879461.29,2792879461.29,32.6824,
600592.SH,龙溪股份,2019-03-05,6.8251,7.0706,6.8054,7.0411,12979859,3.2486,2864799104.07,2864799104.07,33.524,
600592.SH,龙溪股份,2019-03-06,7.1393,7.6598,7.0804,7.6205,26780053,6.7025,3100535710.96,3100535710.96,36.2826,
600592.SH,龙溪股份,2019-03-07,7.542,8.0919,7.5027,7.866,24415076,6.1106,3200424103.71,3200424103.71,37.4515,
600592.SH,龙溪股份,2019-03-08,7.7089,8.0821,7.6107,7.6205,15170224,3.7968,3100535710.96,3100535710.96,36.2826,
600592.SH,龙溪股份,2019-03-11,7.6402,8.0821,7.6402,7.9544,11831632,2.9612,3236383925.1,3236383925.1,37.8723,
600592.SH,龙溪股份,2019-03-12,8.1312,8.1803,7.8955,7.9937,14517710,3.6335,3252366067.94,3252366067.94,38.0593,
600592.SH,龙溪股份,2019-03-13,8.0428,8.0723,7.7678,7.866,10147163,2.5396,3200424103.71,3200424103.71,37.4515,
600592.SH,龙溪股份,2019-03-14,7.8562,7.9937,7.5911,7.7973,8655537,2.1663,3172455353.74,3172455353.74,37.1242,
600592.SH,龙溪股份,2019-03-15,7.8562,7.8759,7.6893,7.8169,7472742,1.8703,3180446425.16,3180446425.16,37.2177,
600592.SH,龙溪股份,2019-03-18,7.8464,8.033,7.7777,8.0035,8199967,2.0523,3256361603.65,3256361603.65,38.1061,
600592.SH,龙溪股份,2019-03-19,8.0526,8.0624,7.9348,7.9544,5583805,1.3975,3236383925.1,3236383925.1,37.8723,
600592.SH,龙溪股份,2019-03-20,7.9446,8.416,7.925,8.3767,13982582,3.4996,3408191960.63,3408191960.63,39.8828,
600592.SH,龙溪股份,2019-03-21,8.3963,9.2016,8.3276,8.8873,22044649,5.5173,3615959817.55,3615959817.55,42.3141,
600592.SH,龙溪股份,2019-03-22,8.8775,9.3194,8.7695,8.9855,15495516,3.8782,3655915174.65,3655915174.65,42.7817,
600592.SH,龙溪股份,2019-03-25,8.8579,9.2409,8.8481,8.9757,14064646,3.5201,3651919638.94,3651919638.94,42.7349,
600592.SH,龙溪股份,2019-03-26,9.0837,9.0837,8.5927,8.7106,13379057,3.3485,3544040174.77,3544040174.77,41.4725,
600592.SH,龙溪股份,2019-03-27,8.8579,9.0346,8.5338,8.8186,10911006,2.7308,3587991067.58,3587991067.58,41.9868,
600592.SH,龙溪股份,2019-03-28,8.8284,9.1623,8.74,9.0052,11519446,2.8831,3663906246.07,3663906246.07,42.8752,
600592.SH,龙溪股份,2019-03-29,9.0052,9.1918,8.9364,9.182,11598365,2.9028,3735825888.85,3735825888.85,43.7168,
600592.SH,龙溪股份,2019-04-01,9.1721,9.7908,9.1328,9.7024,12156290,3.0425,3947589281.48,3947589281.48,46.1948,
600592.SH,龙溪股份,2019-04-02,9.6828,10.6059,9.6828,10.4586,20812939,5.209,4255245531.15,4255245531.15,49.795,
600592.SH,龙溪股份,2019-04-03,10.3604,10.5961,10.2131,10.3702,14134864,3.5377,4219285709.76,4219285709.76,49.3742,
600592.SH,龙溪股份,2019-04-04,10.3997,11.0282,10.3113,10.9987,14586229,3.6506,4474999995.2,4474999995.2,52.3666,
600592.SH,龙溪股份,2019-04-08,11.146,11.3915,10.6059,10.9987,16910719,4.2324,4474999995.2,4474999995.2,52.3666,
600592.SH,龙溪股份,2019-04-09,11.0183,11.038,10.7139,11.0282,7297122,1.8263,4486986602.33,4486986602.33,52.5069,
600592.SH,龙溪股份,2019-04-10,10.9103,11.254,10.8809,10.9889,8616600,2.1566,4471004459.49,4471004459.49,52.3199,
600592.SH,龙溪股份,2019-04-11,11.0478,11.146,10.8318,11.0773,7520410,1.8822,4506964280.88,4506964280.88,52.7407,
600592.SH,龙溪股份,2019-04-12,11.0773,11.1264,10.5764,10.6353,13791889,3.4518,4327165173.93,4327165173.93,50.6367,
600592.SH,龙溪股份,2019-04-15,10.8809,11.1558,10.655,10.6943,12757406,3.1929,4351138388.19,4351138388.19,50.9172,
600592.SH,龙溪股份,2019-04-16,10.8219,10.9005,10.0069,10.7237,12281239,3.0737,4363124995.32,4363124995.32,51.0575,
600592.SH,龙溪股份,2019-04-17,10.9987,11.254,10.6059,10.8023,14250638,3.5666,4395089281,4395089281,51.4315,
600592.SH,龙溪股份,2019-04-18,10.8023,10.9594,10.6452,10.6943,6585474,1.6482,4351138388.19,4351138388.19,50.9172,
600592.SH,龙溪股份,2019-04-19,10.8318,10.9791,10.6353,10.8514,7963755,1.9932,4415066959.55,4415066959.55,51.6653,
600592.SH,龙溪股份,2019-04-22,10.8514,10.9398,10.3702,10.6746,8467445,2.1192,4343147316.77,4343147316.77,50.8237,
600592.SH,龙溪股份,2019-04-23,10.6746,10.6943,10.0069,10.2327,8226767,2.059,4163348209.82,4163348209.82,48.7197,
600592.SH,龙溪股份,2019-04-24,10.2622,10.38,9.7221,10.0167,9954174,2.4913,4075446424.2,4075446424.2,47.691,
600592.SH,龙溪股份,2019-04-25,10.2622,10.3506,9.673,9.8301,9188939,2.2998,3999531245.71,3999531245.71,21.1125,
600592.SH,龙溪股份,2019-04-26,9.4373,9.8595,9.4373,9.6533,6504412,1.6279,3927611602.93,3927611602.93,20.7329,
600592.SH,龙溪股份,2019-04-29,9.7024,9.7122,9.182,9.3587,9036569,2.2617,3807745531.63,3807745531.63,20.1001,
600592.SH,龙溪股份,2019-04-30,9.4766,9.6828,9.2605,9.4078,5940946,1.4869,3827723210.18,3827723210.18,20.2056,
600592.SH,龙溪股份,2019-05-06,9.1721,9.3194,8.5436,8.6418,10245471,2.5642,3516071424.8,3516071424.8,18.5605,
600592.SH,龙溪股份,2019-05-07,8.8088,9.2507,8.8088,9.2311,11943298,2.9892,3755803567.4,3755803567.4,19.826,
600592.SH,龙溪股份,2019-05-08,9.0641,9.614,8.9364,9.3096,9933733,2.4862,3787767853.08,3787767853.08,19.9947,
600592.SH,龙溪股份,2019-05-09,9.2409,9.5846,9.2409,9.3587,6299340,1.5766,3807745531.63,3807745531.63,20.1001,
600592.SH,龙溪股份,2019-05-10,9.3685,9.8203,9.2507,9.781,8846053,2.214,3979553567.16,3979553567.16,21.0071,
600592.SH,龙溪股份,2019-05-13,9.7712,9.9676,9.6533,9.8497,6297736,1.5762,4007522317.13,4007522317.13,21.1547,
600592.SH,龙溪股份,2019-05-14,9.7221,9.9381,9.6239,9.8006,5499581,1.3764,3987544638.58,3987544638.58,21.0493,
600592.SH,龙溪股份,2019-05-15,9.9578,10.0756,9.8301,9.9086,5871463,1.4695,4031495531.39,4031495531.39,21.2813,
600592.SH,龙溪股份,2019-05-16,9.9578,10.9005,9.9086,10.8023,13312156,3.3318,4395089281,4395089281,23.2006,
600592.SH,龙溪股份,2019-05-17,10.8121,11.2835,10.6157,10.7532,13545456,3.3901,4375111602.45,4375111602.45,23.0951,
600592.SH,龙溪股份,2019-05-20,10.8121,10.8907,10.5175,10.6943,7733341,1.9355,4351138388.19,4351138388.19,22.9686,
600592.SH,龙溪股份,2019-05-21,10.6059,10.8514,10.5175,10.6059,7098615,1.7766,4315178566.8,4315178566.8,22.7788,
600592.SH,龙溪股份,2019-05-22,10.5175,11.146,10.5175,10.9987,9377871,2.3471,4474999995.2,4474999995.2,23.6224,
600592.SH,龙溪股份,2019-05-23,10.9103,11.1264,10.6943,10.8318,6633430,1.6602,4407075888.13,4407075888.13,23.2639,
600592.SH,龙溪股份,2019-05-24,10.8318,10.93,10.6353,10.8318,4312753,1.0794,4407075888.13,4407075888.13,23.2639,
600592.SH,龙溪股份,2019-05-27,10.8907,11.146,10.7532,11.0674,6931292,1.7348,4502968745.17,4502968745.17,23.7701,
600592.SH,龙溪股份,2019-05-28,11.1165,11.745,11.0183,11.637,15382294,3.8499,4734709816.35,4734709816.35,24.9934,
600592.SH,龙溪股份,2019-05-29,11.6468,11.8531,11.2933,11.7352,12024397,3.0095,4774665173.45,4774665173.45,25.2043,
600592.SH,龙溪股份,2019-05-30,11.6076,11.745,11.3915,11.5388,7595968,1.9011,4694754459.25,4694754459.25,24.7824,
600592.SH,龙溪股份,2019-05-31,11.5388,11.9316,11.529,11.6665,5116615,1.2806,4746696423.48,4746696423.48,25.0566,
600592.SH,龙溪股份,2019-06-03,11.5192,11.8236,10.547,10.871,13686291,3.4254,4423058030.97,4423058030.97,23.3482,
600592.SH,龙溪股份,2019-06-04,11.0871,11.1165,10.7041,10.9103,6857509,1.7163,4439040173.81,4439040173.81,23.4326,
600592.SH,龙溪股份,2019-06-05,10.9103,11.0674,10.763,10.8023,4290109,1.0737,4395089281,4395089281,23.2006,
600592.SH,龙溪股份,2019-06-06,10.8023,10.93,10.5175,10.5568,6018944,1.5064,4295200888.25,4295200888.25,22.6733,
600592.SH,龙溪股份,2019-06-10,10.6157,10.93,10.5175,10.7336,4585215,1.1476,4367120531.03,4367120531.03,23.0529,
600592.SH,龙溪股份,2019-06-11,10.8318,11.0871,10.7139,11.038,5455506,1.3654,4490982138.04,4490982138.04,23.7068,
600592.SH,龙溪股份,2019-06-12,11.0282,11.038,10.655,10.6943,5483505,1.3724,4351138388.19,4351138388.19,22.9686,
600592.SH,龙溪股份,2019-06-13,10.7041,10.8318,10.6157,10.7827,2289000,0.5729,4387098209.58,4387098209.58,23.1584,
600592.SH,龙溪股份,2019-06-14,10.8023,10.8023,10.5273,10.5961,3596235,0.9001,4311183031.09,4311183031.09,22.7577,
600592.SH,龙溪股份,2019-06-17,10.5961,10.8023,10.4193,10.7728,3141876,0.7863,4383102673.87,4383102673.87,23.1373,
600592.SH,龙溪股份,2019-06-18,10.7532,10.763,10.5077,10.5862,3480006,0.871,4307187495.38,4307187495.38,22.7366,
600592.SH,龙溪股份,2019-06-19,10.7728,11.5585,10.7041,11.2737,7887928,1.9742,4586874995.08,4586874995.08,24.213,
600592.SH,龙溪股份,2019-06-20,11.1951,11.5192,11.146,11.3915,7693660,1.9256,4634821423.6,4634821423.6,24.4661,
600592.SH,龙溪股份,2019-06-21,11.4906,11.7184,11.342,11.3915,5365527,1.3429,4594866066.5,4594866066.5,24.2552,
600592.SH,龙溪股份,2019-06-24,11.6193,11.8075,11.2925,11.6491,8200619,2.0524,4698749994.96,4698749994.96,24.8035,
600592.SH,龙溪股份,2019-06-25,11.6193,11.8571,11.5896,11.7976,6176056,1.5457,4758683030.61,4758683030.61,25.1199,
600592.SH,龙溪股份,2019-06-26,11.8571,12.9764,11.6887,12.917,17464875,4.3711,5210178565.84,5210178565.84,27.5032,
600592.SH,龙溪股份,2019-06-27,12.8278,13.0557,12.6792,12.6792,13299252,3.3285,5114285708.8,5114285708.8,26.997,
600592.SH,龙溪股份,2019-06-28,12.8377,13.2241,12.6991,12.8575,11519809,2.8832,5186205351.58,5186205351.58,27.3767,
600592.SH,龙溪股份,2019-07-01,13.1052,13.3726,12.9467,13.3528,13064988,3.2699,5385982137.08,5385982137.08,28.4313,
600592.SH,龙溪股份,2019-07-02,13.3627,13.4717,13.0458,13.3429,7554987,1.8909,5381986601.37,5381986601.37,28.4102,
600592.SH,龙溪股份,2019-07-03,13.4321,14.3632,13.2241,14.1057,13198455,3.3033,5689642851.04,5689642851.04,30.0342,
600592.SH,龙溪股份,2019-07-04,14.1354,14.492,13.7788,14.1453,11456768,2.8674,5705624993.88,5705624993.88,30.1186,
600592.SH,龙溪股份,2019-07-05,14.175,14.8189,14.066,14.7297,13530016,3.3863,5941361600.77,5941361600.77,31.363,
600592.SH,龙溪股份,2019-07-08,14.6703,15.1656,14.6406,14.8882,12821980,3.2091,6005290172.13,6005290172.13,31.7004,
600592.SH,龙溪股份,2019-07-09,14.7991,15.8392,14.7099,15.6509,15377702,3.8487,6312946421.8,6312946421.8,33.3245,
600592.SH,龙溪股份,2019-07-10,15.75,16.1165,14.0859,14.0859,23752717,5.9448,5681651779.62,5681651779.62,29.992,
600592.SH,龙溪股份,2019-07-11,13.7193,14.4226,12.7783,14.1354,21579365,5.4009,5701629458.17,5701629458.17,30.0975,
600592.SH,龙溪股份,2019-07-12,14.066,15.3736,13.9175,15.2052,15078507,3.7738,6133147314.85,6133147314.85,32.3754,
600592.SH,龙溪股份,2019-07-15,15.2646,15.5321,14.5019,14.7991,13923578,3.4848,5969330350.74,5969330350.74,31.5106,
600592.SH,龙溪股份,2019-07-16,14.591,15.1061,14.591,14.7099,6834521,1.7105,5933370529.35,5933370529.35,31.3208,
600592.SH,龙溪股份,2019-07-17,14.8585,14.8585,14.2443,14.383,8197066,2.0516,5801517850.92,5801517850.92,30.6248,
600592.SH,龙溪股份,2019-07-18,14.6505,14.6505,13.9274,14.0759,6660600,1.667,5677656243.91,5677656243.91,29.9709,
600592.SH,龙溪股份,2019-07-19,14.1156,14.2047,13.6302,13.9571,6750487,1.6895,5629709815.39,5629709815.39,29.7178,
600592.SH,龙溪股份,2019-07-22,13.9868,14.0165,13.3033,13.3627,7337033,1.8363,5389977672.79,5389977672.79,28.4523,
600592.SH,龙溪股份,2019-07-23,13.3925,14.3632,13.234,14.2047,10444556,2.6141,5729598208.14,5729598208.14,30.2451,
600592.SH,龙溪股份,2019-07-24,14.066,14.9476,13.9472,14.8585,10679426,2.6728,5993303565,5993303565,31.6372,
600592.SH,龙溪股份,2019-07-25,14.8387,15.3241,14.7198,15.1557,10054696,2.5165,6113169636.3,6113169636.3,32.2699,
600592.SH,龙溪股份,2019-07-26,15.3042,15.3042,14.8684,14.908,6106276,1.5283,6013281243.55,6013281243.55,31.7426,
600592.SH,龙溪股份,2019-07-29,14.9278,15.4429,14.9278,15.3835,8457914,2.1168,6205066957.63,6205066957.63,32.755,
600592.SH,龙溪股份,2019-07-30,15.334,15.7401,15.1359,15.3042,8703528,2.1783,6173102671.95,6173102671.95,32.5863,
600592.SH,龙溪股份,2019-07-31,15.3042,15.75,14.7991,15.6708,10234337,2.5614,6320937493.22,6320937493.22,33.3667,
600592.SH,龙溪股份,2019-08-01,15.5816,15.7698,15.2349,15.4925,8046776,2.0139,6249017850.44,6249017850.44,32.987,
600592.SH,龙溪股份,2019-08-02,15.0665,15.334,14.9575,15.1755,4674247,1.1699,6121160707.72,6121160707.72,32.3121,
600592.SH,龙溪股份,2019-08-05,15.1259,15.4033,14.8585,15.0467,5257200,1.3158,6069218743.49,6069218743.49,32.0379,
600592.SH,龙溪股份,2019-08-06,14.9575,15.1755,14.3038,15.0467,8619373,2.1573,6069218743.49,6069218743.49,32.0379,
600592.SH,龙溪股份,2019-08-07,15.1557,15.8491,15.1557,15.7104,10039023,2.5126,6336919636.06,6336919636.06,33.451,
600592.SH,龙溪股份,2019-08-08,15.859,16.1066,15.6509,15.8094,8754396,2.191,6376874993.16,6376874993.16,33.6619,
600592.SH,龙溪股份,2019-08-09,15.641,15.8292,15.0764,15.1259,10275977,2.5719,6101183029.17,6101183029.17,38.0704,
600592.SH,龙溪股份,2019-08-12,15.1259,15.3835,14.9575,15.1854,5166183,1.293,6125156243.43,6125156243.43,38.22,
600592.SH,龙溪股份,2019-08-13,15.1854,15.3241,14.908,15.1061,4167905,1.0431,6093191957.75,6093191957.75,38.0205,
600592.SH,龙溪股份,2019-08-14,15.2646,15.3934,15.1854,15.225,4194428,1.0498,6141138386.27,6141138386.27,38.3197,
600592.SH,龙溪股份,2019-08-15,14.8882,15.3934,14.7396,15.3439,3424882,0.8572,6189084814.79,6189084814.79,38.6189,
600592.SH,龙溪股份,2019-08-16,15.334,15.5915,14.9675,15.116,4454346,1.1148,6097187493.46,6097187493.46,38.0455,
600592.SH,龙溪股份,2019-08-19,15.1854,15.2547,14.9675,15.116,4151497,1.039,6097187493.46,6097187493.46,38.0455,
600592.SH,龙溪股份,2019-08-20,15.1854,15.4726,15.1557,15.3736,4887393,1.2232,6201071421.92,6201071421.92,38.6937,
600592.SH,龙溪股份,2019-08-21,15.2151,15.7302,15.1854,15.7302,5715758,1.4305,6344910707.48,6344910707.48,39.5912,
600592.SH,龙溪股份,2019-08-22,15.75,16.2948,15.7203,16.0769,8046434,2.0139,6484754457.33,6484754457.33,40.4638,
600592.SH,龙溪股份,2019-08-23,16.0075,16.1958,15.8292,16.1363,5085630,1.2728,6508727671.59,6508727671.59,40.6134,
600592.SH,龙溪股份,2019-08-26,15.8986,16.4434,15.8986,16.4335,6912721,1.7301,6628593742.89,6628593742.89,41.3614,
600592.SH,龙溪股份,2019-08-27,16.5028,16.7307,16.2453,16.6613,5639968,1.4116,6720491064.22,6720491064.22,41.9348,
600592.SH,龙溪股份,2019-08-28,16.7406,17.0972,16.6613,17.0476,5589724,1.399,6876316956.91,6876316956.91,42.9071,
600592.SH,龙溪股份,2019-08-29,16.9684,17.1962,16.5028,16.6712,7862924,1.9679,6724486599.93,6724486599.93,41.9597,
600592.SH,龙溪股份,2019-08-30,16.7208,16.8297,16.3939,16.8,5125102,1.2827,6776428564.16,6776428564.16,42.2838,
600592.SH,龙溪股份,2019-09-02,16.8396,17.0476,16.5425,16.6613,4451692,1.1142,6720491064.22,6720491064.22,41.9348,
600592.SH,龙溪股份,2019-09-03,16.7307,16.8991,16.5524,16.691,4176642,1.0453,6732477671.35,6732477671.35,42.0096,
600592.SH,龙溪股份,2019-09-04,16.8,16.8,16.4731,16.7208,3547209,0.8878,6744464278.48,6744464278.48,42.0844,
600592.SH,龙溪股份,2019-09-05,16.7406,16.8198,16.6514,16.8099,3581846,0.8965,6780424099.87,6780424099.87,42.3088,
600592.SH,龙溪股份,2019-09-06,16.8297,17.9689,16.8297,17.8203,10675146,2.6718,7187968742.29,7187968742.29,44.8518,
600592.SH,龙溪股份,2019-09-09,17.8203,18.0778,17.6321,17.9689,7660308,1.9172,7247901777.94,7247901777.94,45.2257,
600592.SH,龙溪股份,2019-09-10,17.9392,18.0283,17.434,17.6816,7021118,1.7572,7132031242.35,7132031242.35,44.5027,
600592.SH,龙溪股份,2019-09-11,17.6222,17.9292,17.6222,17.7212,2869136,0.7181,7148013385.19,7148013385.19,44.6025,
600592.SH,龙溪股份,2019-09-12,17.7311,17.8698,17.4538,17.7609,2668527,0.6679,7163995528.03,7163995528.03,44.7022,
600592.SH,龙溪股份,2019-09-16,17.7807,18.0382,17.7609,17.85,3885553,0.9725,7199955349.42,7199955349.42,44.9266,
600592.SH,龙溪股份,2019-09-17,17.9788,18.0085,17.4835,17.7708,3750545,0.9387,7167991063.74,7167991063.74,44.7271,
600592.SH,龙溪股份,2019-09-18,17.7807,18.8208,17.7509,18.5137,5402016,1.352,7467656241.99,7467656241.99,46.597,
600592.SH,龙溪股份,2019-09-19,18.4939,18.6226,18.2264,18.3651,3276715,0.8201,7407723206.34,7407723206.34,46.223,
600592.SH,龙溪股份,2019-09-20,18.3651,18.7019,18.3651,18.7019,4746144,1.1879,7543571420.48,7543571420.48,47.0707,
600592.SH,龙溪股份,2019-09-23,18.7712,19.0189,18.6028,18.791,3225909,0.8074,7579531241.87,7579531241.87,47.2951,
600592.SH,龙溪股份,2019-09-24,18.7217,18.9495,18.3849,18.5731,4254086,1.0647,7491629456.25,7491629456.25,46.7466,
600592.SH,龙溪股份,2019-09-25,18.4443,18.8009,18.4245,18.5731,3285600,0.8223,7491629456.25,7491629456.25,46.7466,
600592.SH,龙溪股份,2019-09-26,18.5632,18.6722,16.7208,16.7208,6704222,1.6779,6744464278.48,6744464278.48,42.0844,
600592.SH,龙溪股份,2019-09-27,15.2052,17.0179,15.2052,16.8198,9747341,2.4396,6784419635.58,6784419635.58,42.3337,
600592.SH,龙溪股份,2019-09-30,16.8892,17.0675,16.3939,16.3939,3809349,0.9534,6612611600.05,6612611600.05,41.2616,
600592.SH,龙溪股份,2019-10-08,16.5623,16.9387,16.3939,16.6118,4519820,1.1312,6700513385.67,6700513385.67,41.8101,
600592.SH,龙溪股份,2019-10-09,16.592,16.7802,16.4434,16.6019,3014900,0.7546,6696517849.96,6696517849.96,41.7852,
600592.SH,龙溪股份,2019-10-10,16.6712,16.6712,14.9377,14.9377,14879362,3.724,6025267850.68,6025267850.68,37.5967,
600592.SH,龙溪股份,2019-10-11,15.0665,15.1854,14.5613,14.9575,9128502,2.2847,6033258922.1,6033258922.1,37.6466,
600592.SH,龙溪股份,2019-10-14,15.017,15.1557,13.5014,14.7,13607348,3.4056,5929374993.64,5929374993.64,36.9983,
600592.SH,龙溪股份,2019-10-15,14.4623,14.9774,14.2245,14.3929,7629989,1.9096,5805513386.63,5805513386.63,36.2255,
600592.SH,龙溪股份,2019-10-16,14.3731,14.5415,13.8778,14.2443,5203100,1.3022,5745580350.98,5745580350.98,35.8515,
600592.SH,龙溪股份,2019-10-17,14.3137,14.6406,13.967,14.2344,3954798,0.9898,5741584815.27,5741584815.27,35.8266,
600592.SH,龙溪股份,2019-10-18,14.1948,14.2741,13.759,13.9175,3584552,0.8971,5613727672.55,5613727672.55,35.0288,
600592.SH,龙溪股份,2019-10-21,13.9175,15.0764,13.5708,15.0764,8324394,2.0834,6081205350.62,6081205350.62,37.9457,
600592.SH,龙溪股份,2019-10-22,14.9476,15.3835,14.7396,15.2151,6821072,1.7072,6137142850.56,6137142850.56,38.2948,
600592.SH,龙溪股份,2019-10-23,15.2547,15.2547,14.5118,14.7297,5314216,1.33,5941361600.77,5941361600.77,37.0731,
600592.SH,龙溪股份,2019-10-24,14.7297,14.8387,14.3533,14.4722,3134687,0.7845,5837477672.31,5837477672.31,36.4249,
600592.SH,龙溪股份,2019-10-25,14.3335,14.9873,13.8679,14.8585,4385943,1.0977,5993303565,5993303565,53.7071,
600592.SH,龙溪股份,2019-10-28,14.7099,15.2052,14.7099,15.0368,4412221,1.1043,6065223207.78,6065223207.78,54.3515,
600592.SH,龙溪股份,2019-10-29,15.0368,15.334,14.7693,14.8387,3610092,0.9035,5985312493.58,5985312493.58,53.6354,
600592.SH,龙溪股份,2019-10-30,14.9774,15.0566,14.591,14.7495,2249368,0.563,5949352672.19,5949352672.19,53.3132,
600592.SH,龙溪股份,2019-10-31,14.6208,14.8288,14.175,14.4821,3034400,0.7594,5841473208.02,5841473208.02,52.3465,
600592.SH,龙溪股份,2019-11-01,14.3632,14.6406,14.175,14.2741,3403901,0.8519,5757566958.11,5757566958.11,51.5946,
600592.SH,龙溪股份,2019-11-04,14.2741,14.4425,14.1849,14.2741,2216300,0.5547,5757566958.11,5757566958.11,51.5946,
600592.SH,龙溪股份,2019-11-05,14.3434,14.3434,13.6698,14.1849,3821077,0.9563,5721607136.72,5721607136.72,51.2723,
600592.SH,龙溪股份,2019-11-06,14.1849,14.3335,13.7689,13.8976,2972359,0.7439,5605736601.13,5605736601.13,50.234,
600592.SH,龙溪股份,2019-11-07,13.8679,13.9868,13.7689,13.9274,1924814,0.4817,5617723208.26,5617723208.26,50.3414,
600592.SH,龙溪股份,2019-11-08,14.2047,14.2047,13.7788,13.8679,2453315,0.614,5593749994,5593749994,50.1266,
600592.SH,龙溪股份,2019-11-11,13.9075,13.9175,13.4816,13.5113,2527300,0.6325,5449910708.44,5449910708.44,48.8376,
600592.SH,龙溪股份,2019-11-12,13.6203,13.6203,13.2637,13.3925,2475800,0.6196,5401964279.92,5401964279.92,48.408,
600592.SH,龙溪股份,2019-11-13,13.4222,14.2642,13.4222,14.1849,4284624,1.0724,5721607136.72,5721607136.72,51.2723,
600592.SH,龙溪股份,2019-11-14,14.1255,15.4231,14.0958,15.3042,8045985,2.0137,6173102671.95,6173102671.95,55.3183,
600592.SH,龙溪股份,2019-11-15,15.4627,16.8396,15.3835,16.8396,11817721,2.9577,6792410707,6792410707,60.868,
600592.SH,龙溪股份,2019-11-18,16.9882,17.4042,15.9481,16.6019,13335723,3.3377,6696517849.96,6696517849.96,60.0087,
600592.SH,龙溪股份,2019-11-19,16.8198,16.8198,16.3443,16.6613,6363845,1.5927,6720491064.22,6720491064.22,60.2235,
600592.SH,龙溪股份,2019-11-20,16.8396,17.4934,16.5722,16.691,7170415,1.7946,6732477671.35,6732477671.35,60.3309,
600592.SH,龙溪股份,2019-11-21,16.691,16.8892,16.3047,16.5623,4690715,1.174,6680535707.12,6680535707.12,59.8655,
600592.SH,龙溪股份,2019-11-22,16.691,16.7802,16.3146,16.4533,4694284,1.1749,6636584814.31,6636584814.31,59.4716,
600592.SH,龙溪股份,2019-11-25,16.5226,16.6415,16.0075,16.0868,5144246,1.2875,6488749993.04,6488749993.04,58.1468,
600592.SH,龙溪股份,2019-11-26,16.2156,16.2948,14.4821,14.8585,11857936,2.9678,5993303565,5993303565,53.7071,
600592.SH,龙溪股份,2019-11-27,15.0962,15.1061,14.3335,14.6703,7023068,1.7577,5917388386.51,5917388386.51,53.0268,
600592.SH,龙溪股份,2019-11-28,14.6703,15.0071,14.2245,14.2741,6138196,1.5363,5757566958.11,5757566958.11,51.5946,
600592.SH,龙溪股份,2019-11-29,14.3434,14.3632,13.5014,13.9075,8195217,2.0511,5609732136.84,5609732136.84,50.2698,
600592.SH,龙溪股份,2019-12-02,13.967,14.0561,13.4717,13.5509,5974230,1.4952,5465892851.28,5465892851.28,48.9808,
600592.SH,龙溪股份,2019-12-03,13.4618,13.6401,13.125,13.5014,6383040,1.5975,5445915172.73,5445915172.73,48.8018,
600592.SH,龙溪股份,2019-12-04,13.4816,13.5609,13.2241,13.333,3808988,0.9533,5377991065.66,5377991065.66,48.1931,
600592.SH,龙溪股份,2019-12-05,13.3627,14.4028,13.2637,13.7788,7722685,1.9328,5557790172.61,5557790172.61,49.8043,
600592.SH,龙溪股份,2019-12-06,13.8085,14.0462,13.7392,13.8976,4525896,1.1327,5605736601.13,5605736601.13,50.234,
600592.SH,龙溪股份,2019-12-09,13.9075,14.0165,13.5212,13.6104,4953992,1.2399,5489866065.54,5489866065.54,49.1957,
600592.SH,龙溪股份,2019-12-10,13.6203,13.6302,13.1052,13.4519,5373982,1.345,5425937494.18,5425937494.18,48.6228,
600592.SH,龙溪股份,2019-12-11,13.4618,13.5113,13.234,13.2835,3255831,0.8149,5358013387.11,5358013387.11,48.0141,
600592.SH,龙溪股份,2019-12-12,13.2538,14.1552,13.2241,14.0561,7050412,1.7646,5669665172.49,5669665172.49,50.8069,
600592.SH,龙溪股份,2019-12-13,14.0759,14.3434,13.8679,13.9075,6214685,1.5554,5609732136.84,5609732136.84,50.2698,
600592.SH,龙溪股份,2019-12-16,14.0462,14.0462,13.6104,13.7689,4387313,1.0981,5553794636.9,5553794636.9,49.7685,
600592.SH,龙溪股份,2019-12-17,13.7689,13.8283,13.4717,13.7887,4926739,1.2331,5561785708.32,5561785708.32,49.8401,
600592.SH,龙溪股份,2019-12-18,13.7193,14.1453,13.6401,14.0462,5644342,1.4127,5665669636.78,5665669636.78,50.7711,
600592.SH,龙溪股份,2019-12-19,13.967,14.1057,13.7689,13.8481,3934086,0.9846,5585758922.58,5585758922.58,50.055,
600592.SH,龙溪股份,2019-12-20,13.8877,13.9373,13.3726,13.4519,4289697,1.0736,5425937494.18,5425937494.18,48.6228,
600592.SH,龙溪股份,2019-12-23,13.4717,13.7193,13.3925,13.4519,2879402,0.7207,5425937494.18,5425937494.18,48.6228,
600592.SH,龙溪股份,2019-12-24,13.3528,13.541,13.2637,13.4618,3073208,0.7692,5429933029.89,5429933029.89,48.6586,
600592.SH,龙溪股份,2019-12-25,13.4717,14.3038,13.1745,14.175,6854615,1.7156,5717611601.01,5717611601.01,51.2365,
600592.SH,龙溪股份,2019-12-26,14.1651,15.1359,14.0759,15.0467,10077965,2.5223,6069218743.49,6069218743.49,54.3873,
600592.SH,龙溪股份,2019-12-27,15.0863,15.5123,14.3335,14.383,11831509,2.9612,5801517850.92,5801517850.92,51.9884,
600592.SH,龙溪股份,2019-12-30,14.4425,15.2448,14.066,15.1259,10509055,2.6302,6101183029.17,6101183029.17,54.6738,
600592.SH,龙溪股份,2019-12-31,15.3241,15.7896,15.0368,15.3439,9113005,2.2808,6189084814.79,6189084814.79,55.4615,
600592.SH,龙溪股份,2020-01-02,15.3538,15.75,15.0269,15.1458,8231306,2.0601,6109174100.59,6109174100.59,54.7454,
600592.SH,龙溪股份,2020-01-03,15.0665,15.2349,14.7693,14.809,8020591,2.0074,5973325886.45,5973325886.45,53.528,
600592.SH,龙溪股份,2020-01-06,14.8882,15.1458,14.6406,14.9873,5547226,1.3884,6045245529.23,6045245529.23,54.1725,
600592.SH,龙溪股份,2020-01-07,15.0566,15.8392,14.9873,15.7797,7026962,1.7587,6364888386.03,6364888386.03,57.0369,
600592.SH,龙溪股份,2020-01-08,15.6906,15.9481,15.3637,15.8094,7359917,1.842,6376874993.16,6376874993.16,57.1443,
600592.SH,龙溪股份,2020-01-09,15.9085,15.9085,15.542,15.641,4596252,1.1503,6308950886.09,6308950886.09,56.5356,
600592.SH,龙溪股份,2020-01-10,15.6609,16.3443,15.6609,16.166,7572352,1.8952,6520714278.72,6520714278.72,58.4333,
600592.SH,龙溪股份,2020-01-13,16.2354,16.9387,16.2354,16.8892,9178975,2.2973,6812388385.55,6812388385.55,61.047,
600592.SH,龙溪股份,2020-01-14,17.2557,17.85,16.691,16.9387,11993457,3.0017,6832366064.1,6832366064.1,61.226,
600592.SH,龙溪股份,2020-01-15,17.1368,17.8302,16.9981,17.5033,10149982,2.5403,7060111599.57,7060111599.57,63.2669,
600592.SH,龙溪股份,2020-01-16,17.7212,17.959,17.2755,17.3745,7191504,1.7999,7008169635.34,7008169635.34,62.8014,
600592.SH,龙溪股份,2020-01-17,17.4538,17.8302,15.641,16.8,18180485,4.5502,6776428564.16,6776428564.16,60.7248,
600592.SH,龙溪股份,2020-01-20,16.8892,16.9189,15.116,15.116,14987572,3.7511,6097187493.46,6097187493.46,54.638,
600592.SH,龙溪股份,2020-01-21,14.3929,14.8585,13.6005,13.6005,20824045,5.2118,5485870529.83,5485870529.83,49.1599,
600592.SH,龙溪股份,2020-01-22,13.4717,14.3632,12.7189,14.2642,15404994,3.8556,5753571422.4,5753571422.4,51.5588,
600592.SH,龙溪股份,2020-01-23,13.9175,14.4623,13.0854,13.4321,10204347,2.5539,5417946422.76,5417946422.76,48.5512,
600592.SH,龙溪股份,2020-02-03,12.0849,12.0849,12.0849,12.0849,604300,0.1512,4874553566.2,4874553566.2,43.6817,
600592.SH,龙溪股份,2020-02-04,10.8764,11.8868,10.8764,11.55,11789248,2.9506,4658794637.86,4658794637.86,41.7483,
600592.SH,龙溪股份,2020-02-05,11.7679,12.5901,11.6689,12.3127,7445844,1.8635,4966450887.53,4966450887.53,44.5052,
600592.SH,龙溪股份,2020-02-06,12.5406,12.5406,12.0849,12.4712,6510131,1.6294,5030379458.89,5030379458.89,45.0781,
600592.SH,龙溪股份,2020-02-07,12.4712,12.8278,12.2335,12.6792,5199981,1.3014,5114285708.8,5114285708.8,45.83,
600592.SH,龙溪股份,2020-02-10,12.6792,13.2736,12.6792,13.2042,4682900,1.172,5326049101.43,5326049101.43,47.7277,
600592.SH,龙溪股份,2020-02-11,13.2042,13.3132,12.8278,13.1052,4997729,1.2508,5286093744.33,5286093744.33,47.3696,
600592.SH,龙溪股份,2020-02-12,13.1151,13.1646,12.9071,13.1547,3757350,0.9404,5306071422.88,5306071422.88,47.5486,
600592.SH,龙溪股份,2020-02-13,13.1547,13.2538,12.8675,12.9566,3816100,0.9551,5226160708.68,5226160708.68,46.8325,
600592.SH,龙溪股份,2020-02-14,12.9368,13.016,12.6792,12.9566,4294684,1.0749,5226160708.68,5226160708.68,46.8325,
600592.SH,龙溪股份,2020-02-17,12.9764,13.4222,12.9566,13.3627,4816011,1.2053,5389977672.79,5389977672.79,48.3005,
600592.SH,龙溪股份,2020-02-18,13.4618,13.858,13.3825,13.6401,6191971,1.5497,5501852672.67,5501852672.67,49.3031,
600592.SH,龙溪股份,2020-02-19,13.6797,13.759,13.4222,13.4519,5274172,1.32,5425937494.18,5425937494.18,48.6228,
600592.SH,龙溪股份,2020-02-20,13.5212,13.6599,13.1844,13.6203,7829817,1.9596,5493861601.25,5493861601.25,49.2315,
600592.SH,龙溪股份,2020-02-21,13.4618,14.3137,13.4618,14.1354,9198320,2.3021,5701629458.17,5701629458.17,51.0933,
600592.SH,龙溪股份,2020-02-24,14.1453,14.5118,13.9274,14.0859,6687220,1.6737,5681651779.62,5681651779.62,50.9143,
600592.SH,龙溪股份,2020-02-25,13.8679,13.8679,12.709,13.6401,7927178,1.984,5501852672.67,5501852672.67,49.3031,
600592.SH,龙溪股份,2020-02-26,13.5509,13.6401,13.2538,13.2835,5999737,1.5016,5358013387.11,5358013387.11,48.0141,
600592.SH,龙溪股份,2020-02-27,13.5113,13.6302,13.1052,13.2934,3694838,0.9247,5362008922.82,5362008922.82,48.0499,
600592.SH,龙溪股份,2020-02-28,13.2439,13.2439,12.2434,12.283,7602824,1.9028,4954464280.4,4954464280.4,44.3978,
600592.SH,龙溪股份,2020-03-02,12.5901,12.8377,12.491,12.6991,3416065,0.855,5122276780.22,5122276780.22,45.9016,
600592.SH,龙溪股份,2020-03-03,12.7783,13.3429,12.7783,12.9467,4387018,1.098,5222165172.97,5222165172.97,46.7967,
600592.SH,龙溪股份,2020-03-04,12.8377,13.125,12.7783,13.0755,4105640,1.0276,5274107137.2,5274107137.2,47.2622,
600592.SH,龙溪股份,2020-03-05,13.1844,13.5212,13.0755,13.3825,6201508,1.5521,5397968744.21,5397968744.21,48.3722,
600592.SH,龙溪股份,2020-03-06,13.2835,13.3726,13.1151,13.234,3650383,0.9136,5338035708.56,5338035708.56,47.8351,
600592.SH,龙溪股份,2020-03-09,12.9665,13.1052,12.491,12.491,7258433,1.8166,5038370530.31,5038370530.31,45.1497,
600592.SH,龙溪股份,2020-03-10,12.3325,12.7684,11.9066,12.7387,5525705,1.383,5138258923.06,5138258923.06,46.0448,
600592.SH,龙溪股份,2020-03-11,12.9764,13.4717,12.8575,13.0854,7599029,1.9019,5278102672.91,5278102672.91,47.298,
600592.SH,龙溪股份,2020-03-12,12.9665,12.9764,12.4415,12.7189,5340557,1.3366,5130267851.64,5130267851.64,45.9732,
600592.SH,龙溪股份,2020-03-13,11.8075,12.491,11.8075,12.3127,5566605,1.3932,4966450887.53,4966450887.53,44.5052,
600592.SH,龙溪股份,2020-03-16,12.4316,12.9368,11.7877,12.0849,4869572,1.2188,4874553566.2,4874553566.2,43.6817,
600592.SH,龙溪股份,2020-03-17,12.0849,12.3226,11.5896,12.184,4695514,1.1752,4914508923.3,4914508923.3,44.0398,
600592.SH,龙溪股份,2020-03-18,12.3821,12.491,12.1443,12.1542,4026221,1.0077,4902522316.17,4902522316.17,43.9324,
600592.SH,龙溪股份,2020-03-19,12.2929,12.2929,11.7283,12.1146,3163300,0.7917,4886540173.33,4886540173.33,43.7891,
600592.SH,龙溪股份,2020-03-20,12.2236,12.4118,11.9958,12.184,2937700,0.7352,4914508923.3,4914508923.3,44.0398,
600592.SH,龙溪股份,2020-03-23,12.0849,12.1741,11.7481,12.1741,4108314,1.0282,4910513387.59,4910513387.59,44.004,
600592.SH,龙溪股份,2020-03-24,12.3325,12.6297,11.9958,12.6297,4842833,1.2121,5094308030.25,5094308030.25,45.651,
600592.SH,龙溪股份,2020-03-25,12.8774,12.9467,12.5406,12.917,4931287,1.2342,5210178565.84,5210178565.84,46.6893,
600592.SH,龙溪股份,2020-03-26,12.917,13.2241,12.7585,13.2142,4946813,1.2381,5330044637.14,5330044637.14,47.7635,
600592.SH,龙溪股份,2020-03-27,13.3627,13.4717,13.1646,13.4222,5055000,1.2652,5413950887.05,5413950887.05,48.5154,
600592.SH,龙溪股份,2020-03-30,13.4222,13.5212,13.0359,13.4321,4709874,1.1788,5417946422.76,5417946422.76,48.5512,
600592.SH,龙溪股份,2020-03-31,13.5113,13.8481,13.4123,13.7689,5433673,1.3599,5553794636.9,5553794636.9,49.7685,
600592.SH,龙溪股份,2020-04-01,13.6005,14.7198,13.6005,14.3632,8806694,2.2041,5793526779.5,5793526779.5,51.9168,
600592.SH,龙溪股份,2020-04-02,14.3632,14.4524,14.0462,14.4325,5670893,1.4193,5821495529.47,5821495529.47,52.1674,
600592.SH,龙溪股份,2020-04-03,14.4623,14.7991,14.284,14.6109,8887005,2.2242,5893415172.25,5893415172.25,52.8119,
600592.SH,龙溪股份,2020-04-07,14.7396,15.116,14.7396,15.0566,9666093,2.4192,6073214279.2,6073214279.2,54.4231,
600592.SH,龙溪股份,2020-04-08,15.0071,15.1061,14.7693,15.017,7862194,1.9677,6057232136.36,6057232136.36,54.2799,
600592.SH,龙溪股份,2020-04-09,15.1458,15.1557,14.8981,15.017,5196482,1.3006,6057232136.36,6057232136.36,54.2799,
600592.SH,龙溪股份,2020-04-10,15.0071,15.0071,13.9868,14.1156,9005600,2.2539,5693638386.75,5693638386.75,51.0217,
600592.SH,龙溪股份,2020-04-13,13.967,14.0165,13.4717,13.858,5908561,1.4788,5589754458.29,5589754458.29,50.0908,
600592.SH,龙溪股份,2020-04-14,13.8778,14.175,13.8184,13.858,4008926,1.0034,5589754458.29,5589754458.29,50.0908,
600592.SH,龙溪股份,2020-04-15,13.9571,14.1453,13.7788,13.858,5119905,1.2814,5589754458.29,5589754458.29,50.0908,
600592.SH,龙溪股份,2020-04-16,13.759,13.7788,13.1745,13.5509,7209291,1.8043,5465892851.28,5465892851.28,48.9808,
600592.SH,龙溪股份,2020-04-17,13.6005,13.65,13.0755,13.2637,6327504,1.5836,5350022315.69,5350022315.69,47.9425,
600592.SH,龙溪股份,2020-04-20,13.2538,13.2538,12.1642,12.3325,14994844,3.7529,4974441958.95,4974441958.95,44.5769,
600592.SH,龙溪股份,2020-04-21,12.3127,12.3226,11.1934,12.0552,20094350,5.0292,4862566959.07,4862566959.07,43.5743,
600592.SH,龙溪股份,2020-04-22,11.8769,11.8769,11.4014,11.6094,11969003,2.9956,4682767852.12,4682767852.12,41.9631,
600592.SH,龙溪股份,2020-04-23,11.7085,11.8769,11.6094,11.6986,9610454,2.4053,4718727673.51,4718727673.51,42.2854,
600592.SH,龙溪股份,2020-04-24,11.7382,11.758,11.4113,11.441,4847452,1.2132,4614843745.05,4614843745.05,41.3544,
600592.SH,龙溪股份,2020-04-27,11.441,11.8373,10.8962,11.7877,6401343,1.6021,4754687494.9,4754687494.9,42.6076,
600592.SH,龙溪股份,2020-04-28,11.867,11.8868,11.1934,11.5104,5412814,1.3547,4642812495.02,4642812495.02,41.6051,
600592.SH,龙溪股份,2020-04-29,11.5104,11.6193,11.2726,11.2825,4004100,1.0021,4550915173.69,4550915173.69,40.7816,
600592.SH,龙溪股份,2020-04-30,11.1934,11.5599,11.1538,11.4311,3616892,0.9052,4610848209.34,4610848209.34,-467.0997,
600592.SH,龙溪股份,2020-05-06,11.5896,11.5896,11.3717,11.5401,4187465,1.048,4654799102.15,4654799102.15,-471.5521,
600592.SH,龙溪股份,2020-05-07,11.4708,11.5599,11.2627,11.342,4402114,1.1018,4574888387.95,4574888387.95,-463.4568,
600592.SH,龙溪股份,2020-05-08,11.4113,11.4113,11.2925,11.3321,3365258,0.8423,4570892852.24,4570892852.24,-463.052,
600592.SH,龙溪股份,2020-05-11,11.342,11.4014,11.025,11.134,4674900,1.17,4490982138.04,4490982138.04,-454.9567,
600592.SH,龙溪股份,2020-05-12,11.0943,11.2132,10.916,11.0349,4409300,1.1036,4451026780.94,4451026780.94,-450.9091,
600592.SH,龙溪股份,2020-05-13,10.9854,10.9953,10.5,10.9755,7992822,2.0004,4427053566.68,4427053566.68,-448.4805,
600592.SH,龙溪股份,2020-05-14,10.9755,11.2627,10.7972,11.1439,6057240,1.516,4494977673.75,4494977673.75,-455.3615,
600592.SH,龙溪股份,2020-05-15,11.1736,11.2132,10.9953,11.0349,3555500,0.8899,4451026780.94,4451026780.94,-450.9091,
600592.SH,龙溪股份,2020-05-18,11.0646,11.1241,10.8962,10.9557,2494215,0.6243,4419062495.26,4419062495.26,-447.6709,
600592.SH,龙溪股份,2020-05-19,10.9458,11.0844,10.6882,10.7972,5316757,1.3307,4355133923.9,4355133923.9,-441.1947,
600592.SH,龙溪股份,2020-05-20,10.817,11.5698,10.7476,11.3915,10601523,2.6533,4594866066.5,4594866066.5,-465.4806,
600592.SH,龙溪股份,2020-05-21,11.3915,11.7085,11.2528,11.3915,7603570,1.903,4594866066.5,4594866066.5,-465.4806,
600592.SH,龙溪股份,2020-05-22,11.4113,11.8967,11.3123,11.6491,7112442,1.7801,4698749994.96,4698749994.96,-476.0045,
600592.SH,龙溪股份,2020-05-25,11.7283,12.2335,11.5896,12.1047,9323820,2.3336,4882544637.62,4882544637.62,-494.6237,
600592.SH,龙溪股份,2020-05-26,12.1146,12.2731,11.7481,11.8472,10374768,2.5966,4778660709.16,4778660709.16,-484.0999,
600592.SH,龙溪股份,2020-05-27,11.8373,12.0156,11.5005,11.8868,7941323,1.9875,4794642852,4794642852,-485.7189,
600592.SH,龙溪股份,2020-05-28,11.8075,12.3623,11.6887,12.1939,10536320,2.637,4918504459.01,4918504459.01,-498.2666,
600592.SH,龙溪股份,2020-05-29,12.2335,12.4415,11.9859,11.9859,7990426,1.9998,4834598209.1,4834598209.1,-489.7666,
600592.SH,龙溪股份,2020-06-01,12.0453,12.1939,11.9165,12.1344,7452205,1.8651,4894531244.75,4894531244.75,-495.838,
600592.SH,龙溪股份,2020-06-02,12.1642,12.2038,12.0255,12.1245,6280253,1.5718,4890535709.04,4890535709.04,-495.4333,
600592.SH,龙溪股份,2020-06-03,12.1939,12.4316,12.1642,12.2731,7560850,1.8923,4950468744.69,4950468744.69,-501.5048,
600592.SH,龙溪股份,2020-06-04,12.2731,12.6396,12.184,12.6,8427656,2.1093,5082321423.12,5082321423.12,-514.8621,
600592.SH,龙溪股份,2020-06-05,12.6495,13.2042,12.5802,13.0259,11944633,2.9895,5254129458.65,5254129458.65,-532.267,
600592.SH,龙溪股份,2020-06-08,13.0755,13.8085,13.0557,13.6104,10331779,2.5858,5489866065.54,5489866065.54,-556.1481,
600592.SH,龙溪股份,2020-06-09,13.6995,13.6995,12.8476,13.234,12864041,3.2196,5338035708.56,5338035708.56,-540.767,
600592.SH,龙溪股份,2020-06-10,13.2934,13.5609,13.1151,13.1646,9008313,2.2546,5310066958.59,5310066958.59,-537.9337,
600592.SH,龙溪股份,2020-06-11,13.1349,13.3925,13.0359,13.1745,9004122,2.2535,5314062494.3,5314062494.3,-538.3384,
600592.SH,龙溪股份,2020-06-12,12.9665,13.1547,12.7783,12.9764,6794040,1.7004,5234151780.1,5234151780.1,-530.2432,
600592.SH,龙溪股份,2020-06-15,13.016,13.1151,12.4316,12.4316,8124151,2.0333,5014397316.05,5014397316.05,-507.981,
600592.SH,龙溪股份,2020-06-16,12.6792,12.6792,11.9165,12.0057,12144519,3.0395,4842589280.52,4842589280.52,-490.5761,
600592.SH,龙溪股份,2020-06-17,12.0255,12.3821,11.7679,12.0552,6710476,1.6795,4862566959.07,4862566959.07,-492.5999,
600592.SH,龙溪股份,2020-06-18,11.9859,12.2731,11.867,11.9264,5472819,1.3697,4810624994.84,4810624994.84,-487.338,
600592.SH,龙溪股份,2020-06-19,11.8472,12.0354,11.8274,11.9859,4202255,1.0517,4834598209.1,4834598209.1,-489.7666,
600592.SH,龙溪股份,2020-06-22,12.0651,12.0651,11.7481,11.7679,4601443,1.1516,4746696423.48,4746696423.48,-480.8617,
600592.SH,龙溪股份,2020-06-23,11.7877,11.8868,11.3519,11.55,5008163,1.2534,4658794637.86,4658794637.86,-471.9569,
600592.SH,龙溪股份,2020-06-24,11.79,11.92,11.56,11.75,4649700,1.1637,4694754459.25,4694754459.25,-475.5998,
600592.SH,龙溪股份,2020-06-29,11.72,11.95,11.55,11.82,3351200,0.8387,4722723209.22,4722723209.22,-478.4331,
600592.SH,龙溪股份,2020-06-30,11.85,12.16,11.77,12.14,5453268,1.3648,4850580351.94,4850580351.94,-491.3856,
600592.SH,龙溪股份,2020-07-01,12.2,12.36,11.96,12.06,3786313,0.9476,4818616066.26,4818616066.26,-488.1475,
600592.SH,龙溪股份,2020-07-02,12.06,12.1,11.9,11.98,3396783,0.8501,4786651780.58,4786651780.58,-484.9094,
600592.SH,龙溪股份,2020-07-03,11.95,12.08,11.83,12.03,5105200,1.2777,4806629459.13,4806629459.13,-486.9332,
600592.SH,龙溪股份,2020-07-06,12,12.52,11.98,12.46,9566040,2.3942,4978437494.66,4978437494.66,-504.3381,
600592.SH,龙溪股份,2020-07-07,12.45,12.86,12.27,12.7,12465130,3.1198,5074330351.7,5074330351.7,-514.0525,
600592.SH,龙溪股份,2020-07-08,12.83,12.84,12.55,12.75,10064313,2.5189,5094308030.25,5094308030.25,-516.0764,
600592.SH,龙溪股份,2020-07-09,12.63,12.94,12.63,12.87,10910301,2.7306,5142254458.77,5142254458.77,-520.9335,
600592.SH,龙溪股份,2020-07-10,12.88,13.3,12.66,12.68,11371568,2.8461,5066339280.28,5066339280.28,-513.243,
600592.SH,龙溪股份,2020-07-13,12.68,12.78,12.56,12.71,11728074,2.9353,5078325887.41,5078325887.41,-514.4573,
600592.SH,龙溪股份,2020-07-14,12.8,13.05,12.47,12.61,11649112,2.9155,5038370530.31,5038370530.31,-510.4096,
600592.SH,龙溪股份,2020-07-15,12.6,12.69,11.92,11.96,9653227,2.416,4778660709.16,4778660709.16,-484.0999,
600592.SH,龙溪股份,2020-07-16,11.96,12.05,11.4,11.4,7059254,1.7668,4554910709.4,4554910709.4,-461.433,
600592.SH,龙溪股份,2020-07-17,11.34,11.58,10.93,11.14,6721297,1.6822,4451026780.94,4451026780.94,-450.9091,
600592.SH,龙溪股份,2020-07-20,11.15,11.59,11.15,11.59,5321402,1.3318,4630825887.89,4630825887.89,-469.1235,
600592.SH,龙溪股份,2020-07-21,11.65,11.8,11.34,11.36,6334240,1.5853,4538928566.56,4538928566.56,-459.8139,
600592.SH,龙溪股份,2020-07-22,11.45,11.48,11.32,11.35,6010855,1.5044,4534933030.85,4534933030.85,-459.4091,
600592.SH,龙溪股份,2020-07-23,11.3,11.38,10.98,11.18,6406899,1.6035,4467008923.78,4467008923.78,-452.5281,
600592.SH,龙溪股份,2020-07-24,11.23,11.27,10.69,10.73,5885839,1.4731,4287209816.83,4287209816.83,-434.3137,
600592.SH,龙溪股份,2020-07-27,10.68,10.8,10.14,10.3,7052530,1.7651,4115401781.3,4115401781.3,-416.9087,
600592.SH,龙溪股份,2020-07-28,10.42,10.6,10.25,10.32,5068622,1.2686,4123392852.72,4123392852.72,-417.7183,
600592.SH,龙溪股份,2020-07-29,10.28,10.54,10.24,10.5,5282857,1.3222,4195312495.5,4195312495.5,-425.004,
600592.SH,龙溪股份,2020-07-30,10.47,10.57,10.36,10.39,4607634,1.1532,4151361602.69,4151361602.69,-420.5516,
600592.SH,龙溪股份,2020-07-31,10.28,10.48,10.28,10.48,4310020,1.0787,4187321424.08,4187321424.08,-424.1945,
600592.SH,龙溪股份,2020-08-03,10.5,11.53,10.5,11.53,13355102,3.3425,4606852673.63,4606852673.63,-466.6949,
600592.SH,龙溪股份,2020-08-04,12.01,12.68,11.72,12.68,26628534,6.6646,5066339280.28,5066339280.28,-513.243,
600592.SH,龙溪股份,2020-08-05,12.68,13.07,12.22,12.94,20412158,5.1087,5170223208.74,5170223208.74,-523.7669,
600592.SH,龙溪股份,2020-08-06,13.38,13.6,12.91,13.06,18609957,4.6577,5218169637.26,5218169637.26,-528.6241,
600592.SH,龙溪股份,2020-08-07,12.82,13.34,12.74,12.82,13431616,3.3617,5122276780.22,5122276780.22,-518.9097,
600592.SH,龙溪股份,2020-08-10,12.99,13.26,12.77,12.83,8462773,2.1181,5126272315.93,5126272315.93,-519.3145,
600592.SH,龙溪股份,2020-08-11,12.83,12.99,12.35,12.43,9004447,2.2536,4966450887.53,4966450887.53,-503.1238,
600592.SH,龙溪股份,2020-08-12,12.34,12.43,12,12.24,6376700,1.596,4890535709.04,4890535709.04,-495.4333,
600592.SH,龙溪股份,2020-08-13,12.3,12.57,12.21,12.24,4114076,1.0297,4890535709.04,4890535709.04,-495.4333,
600592.SH,龙溪股份,2020-08-14,12.24,13.3,12.24,12.56,8875919,2.2215,5018392851.76,5018392851.76,-508.3858,
600592.SH,龙溪股份,2020-08-17,12.55,12.87,12.4,12.75,5403496,1.3524,5094308030.25,5094308030.25,-516.0764,
600592.SH,龙溪股份,2020-08-18,12.84,12.99,12.58,12.69,4250162,1.0637,5070334815.99,5070334815.99,-513.6478,
600592.SH,龙溪股份,2020-08-19,12.75,12.75,12.29,12.32,4494465,1.1249,4922499994.72,4922499994.72,-498.6714,
600592.SH,龙溪股份,2020-08-20,12.19,12.61,12.19,12.32,4990664,1.2491,4922499994.72,4922499994.72,106.2456,
600592.SH,龙溪股份,2020-08-21,12.39,12.55,12.24,12.33,3668500,0.9181,4926495530.43,4926495530.43,106.3318,
600592.SH,龙溪股份,2020-08-24,12.53,12.68,12.22,12.53,5450989,1.3643,5006406244.63,5006406244.63,108.0566,
600592.SH,龙溪股份,2020-08-25,12.58,12.76,12.34,12.37,5425600,1.3579,4942477673.27,4942477673.27,106.6768,
600592.SH,龙溪股份,2020-08-26,12.27,12.39,12.06,12.15,4519085,1.131,4854575887.65,4854575887.65,104.7795,
600592.SH,龙溪股份,2020-08-27,12.26,12.38,12,12.19,3091201,0.7737,4870558030.49,4870558030.49,105.1245,
600592.SH,龙溪股份,2020-08-28,12.2,12.68,12.12,12.54,5832847,1.4598,5010401780.34,5010401780.34,108.1428,
600592.SH,龙溪股份,2020-08-31,12.6,12.77,12.35,12.35,4025364,1.0075,4934486601.85,4934486601.85,106.5043,
600592.SH,龙溪股份,2020-09-01,12.22,12.52,12.22,12.42,3429301,0.8583,4962455351.82,4962455351.82,107.1079,
600592.SH,龙溪股份,2020-09-02,12.33,12.52,12.21,12.22,3536113,0.885,4882544637.62,4882544637.62,105.3832,
600592.SH,龙溪股份,2020-09-03,12.2,12.27,11.53,11.58,7928200,1.9843,4626830352.18,4626830352.18,99.8639,
600592.SH,龙溪股份,2020-09-04,11.4,11.88,11.23,11.85,4507278,1.1281,4734709816.35,4734709816.35,102.1924,
600592.SH,龙溪股份,2020-09-07,11.8,13,11.74,12.49,11692684,2.9264,4990424101.79,4990424101.79,107.7116,
600592.SH,龙溪股份,2020-09-08,12.46,12.87,12.3,12.45,5380803,1.3467,4974441958.95,4974441958.95,107.3667,
600592.SH,龙溪股份,2020-09-09,12.41,12.47,12,12,4240600,1.0613,4794642852,4794642852,103.4859,
600592.SH,龙溪股份,2020-09-10,12.1,12.2,11.46,11.61,5157700,1.2909,4638816959.31,4638816959.31,100.1226,
600592.SH,龙溪股份,2020-09-11,11.61,12.39,11.4,12.2,6593049,1.6501,4874553566.2,4874553566.2,105.2107,
600592.SH,龙溪股份,2020-09-14,12.23,12.54,11.72,11.93,7510400,1.8797,4766674102.03,4766674102.03,102.8823,
600592.SH,龙溪股份,2020-09-15,11.81,11.91,11.71,11.84,2543085,0.6365,4730714280.64,4730714280.64,102.1061,
600592.SH,龙溪股份,2020-09-16,11.88,12.15,11.7,11.78,2807780,0.7027,4706741066.38,4706741066.38,101.5887,
600592.SH,龙溪股份,2020-09-17,11.81,11.81,11.53,11.6,2264600,0.5668,4634821423.6,4634821423.6,100.0364,
600592.SH,龙溪股份,2020-09-18,11.59,11.72,11.39,11.63,2947912,0.7378,4646808030.73,4646808030.73,100.2951,
600592.SH,龙溪股份,2020-09-21,11.62,11.78,11.53,11.6,2307246,0.5775,4634821423.6,4634821423.6,100.0364,
600592.SH,龙溪股份,2020-09-22,11.6,11.63,11.37,11.46,1920246,0.4806,4578883923.66,4578883923.66,98.8291,
600592.SH,龙溪股份,2020-09-23,11.48,11.58,11.26,11.32,1908149,0.4776,4522946423.72,4522946423.72,97.6217,
600592.SH,龙溪股份,2020-09-24,11.4,11.4,10.95,11.03,2722325,0.6813,4407075888.13,4407075888.13,95.1208,
600592.SH,龙溪股份,2020-09-25,11.11,11.12,10.8,10.92,1685303,0.4218,4363124995.32,4363124995.32,94.1722,
600592.SH,龙溪股份,2020-09-28,11.01,11.08,10.87,11,1208285,0.3024,4395089281,4395089281,94.8621,
600592.SH,龙溪股份,2020-09-29,11,11.16,10.9,11.05,1875720,0.4695,4415066959.55,4415066959.55,95.2933,
600592.SH,龙溪股份,2020-09-30,11.03,11.73,11.03,11.35,3239334,0.8107,4534933030.85,4534933030.85,97.8804,
600592.SH,龙溪股份,2020-10-09,11.55,11.6,11.35,11.4,2453601,0.6141,4554910709.4,4554910709.4,98.3116,
600592.SH,龙溪股份,2020-10-12,11.4,11.57,11.39,11.54,2558350,0.6403,4610848209.34,4610848209.34,99.519,
600592.SH,龙溪股份,2020-10-13,11.55,11.65,11.49,11.55,1980268,0.4956,4614843745.05,4614843745.05,99.6052,
600592.SH,龙溪股份,2020-10-14,11.59,12,11.52,11.74,3462232,0.8665,4690758923.54,4690758923.54,101.2437,
600592.SH,龙溪股份,2020-10-15,11.73,11.79,11.57,11.57,2253805,0.5641,4622834816.47,4622834816.47,99.7777,
600592.SH,龙溪股份,2020-10-16,11.71,11.71,11.33,11.36,1703700,0.4264,4538928566.56,4538928566.56,97.9667,
600592.SH,龙溪股份,2020-10-19,11.54,11.54,11.17,11.2,1788300,0.4476,4474999995.2,4474999995.2,96.5869,
600592.SH,龙溪股份,2020-10-20,11.3,11.75,11.09,11.7,3596700,0.9002,4674776780.7,4674776780.7,100.8988,
600592.SH,龙溪股份,2020-10-21,11.7,11.75,11.49,11.5,1980800,0.4958,4594866066.5,4594866066.5,99.174,
600592.SH,龙溪股份,2020-10-22,11.51,11.57,11.28,11.3,2478800,0.6204,4514955352.3,4514955352.3,97.4493,
600592.SH,龙溪股份,2020-10-23,11.29,11.36,11.16,11.22,1700191,0.4255,4482991066.62,4482991066.62,96.7594,
600592.SH,龙溪股份,2020-10-26,11.25,11.25,10.99,11.14,1398006,0.3499,4451026780.94,4451026780.94,96.0694,
600592.SH,龙溪股份,2020-10-27,11.14,11.26,11.05,11.18,989100,0.2476,4467008923.78,4467008923.78,96.4144,
600592.SH,龙溪股份,2020-10-28,11.25,11.83,11.21,11.7,5304651,1.3276,4674776780.7,4674776780.7,100.8988,
600592.SH,龙溪股份,2020-10-29,11.76,11.96,11.59,11.7,3488300,0.873,4674776780.7,4674776780.7,31.7481,
600592.SH,龙溪股份,2020-10-30,11.7,11.89,11.33,11.47,2482992,0.6214,4582879459.37,4582879459.37,31.124,
600592.SH,龙溪股份,2020-11-02,11.43,11.58,11.29,11.4,2455375,0.6145,4554910709.4,4554910709.4,30.9341,
600592.SH,龙溪股份,2020-11-03,11.46,11.6,11.33,11.52,2339664,0.5856,4602857137.92,4602857137.92,31.2597,
600592.SH,龙溪股份,2020-11-04,11.52,11.56,11.29,11.35,2141508,0.536,4534933030.85,4534933030.85,30.7984,
600592.SH,龙溪股份,2020-11-05,11.35,11.41,11.17,11.27,3230379,0.8085,4502968745.17,4502968745.17,30.5813,
600592.SH,龙溪股份,2020-11-06,11.24,11.29,11.11,11.21,2445773,0.6121,4478995530.91,4478995530.91,30.4185,
600592.SH,龙溪股份,2020-11-09,11.25,11.44,11.18,11.38,2955714,0.7398,4546919637.98,4546919637.98,30.8798,
600592.SH,龙溪股份,2020-11-10,11.37,11.4,11.28,11.3,2058376,0.5152,4514955352.3,4514955352.3,30.6627,
600592.SH,龙溪股份,2020-11-11,11.33,11.38,11.21,11.24,1425600,0.3568,4490982138.04,4490982138.04,30.4999,
600592.SH,龙溪股份,2020-11-12,11.32,11.35,11.12,11.25,1708700,0.4277,4494977673.75,4494977673.75,30.527,
600592.SH,龙溪股份,2020-11-13,11.2,11.24,11.06,11.18,1874823,0.4692,4467008923.78,4467008923.78,30.3371,
600592.SH,龙溪股份,2020-11-16,11.25,11.25,11.09,11.11,2339201,0.5855,4439040173.81,4439040173.81,30.1471,
600592.SH,龙溪股份,2020-11-17,11.11,11.24,11.07,11.16,1570278,0.393,4459017852.36,4459017852.36,30.2828,
600592.SH,龙溪股份,2020-11-18,11.11,11.2,11.07,11.13,1481724,0.3708,4447031245.23,4447031245.23,30.2014,
600592.SH,龙溪股份,2020-11-19,11.11,11.31,11.09,11.3,2517403,0.6301,4514955352.3,4514955352.3,30.6627,
600592.SH,龙溪股份,2020-11-20,11.33,11.52,11.29,11.38,2778800,0.6955,4546919637.98,4546919637.98,30.8798,
600592.SH,龙溪股份,2020-11-23,11.4,11.48,11.28,11.38,2677601,0.6701,4546919637.98,4546919637.98,30.8798,
600592.SH,龙溪股份,2020-11-24,11.34,11.41,11.26,11.28,1933200,0.4838,4506964280.88,4506964280.88,30.6084,
600592.SH,龙溪股份,2020-11-25,11.34,11.34,11.06,11.1,2999763,0.7508,4435044638.1,4435044638.1,30.12,
600592.SH,龙溪股份,2020-11-26,11.13,11.14,10.98,11.07,2078260,0.5201,4423058030.97,4423058030.97,30.0386,
600592.SH,龙溪股份,2020-11-27,10.99,11.14,10.99,11.08,1294948,0.3241,4427053566.68,4427053566.68,30.0657,
600592.SH,龙溪股份,2020-11-30,11.05,11.07,10.9,10.93,1794943,0.4492,4367120531.03,4367120531.03,29.6587,
600592.SH,龙溪股份,2020-12-01,10.94,10.99,10.86,10.96,1681987,0.421,4379107138.16,4379107138.16,29.7401,
600592.SH,龙溪股份,2020-12-02,10.95,10.97,10.8,10.8,3258900,0.8156,4315178566.8,4315178566.8,29.306,
600592.SH,龙溪股份,2020-12-03,10.79,10.83,10.67,10.7,2471171,0.6185,4275223209.7,4275223209.7,29.0346,
600592.SH,龙溪股份,2020-12-04,10.67,10.92,10.55,10.83,4608697,1.1535,4327165173.93,4327165173.93,29.3874,
600592.SH,龙溪股份,2020-12-07,10.92,10.92,10.66,10.69,3175556,0.7948,4271227673.99,4271227673.99,29.0075,
600592.SH,龙溪股份,2020-12-08,10.68,10.79,10.58,10.59,2454442,0.6143,4231272316.89,4231272316.89,28.7361,
600592.SH,龙溪股份,2020-12-09,10.63,10.65,10.29,10.29,4063339,1.017,4111406245.59,4111406245.59,27.9221,
600592.SH,龙溪股份,2020-12-10,10.32,10.39,10.15,10.3,1754600,0.4391,4115401781.3,4115401781.3,27.9492,
600592.SH,龙溪股份,2020-12-11,10.36,10.5,10.25,10.41,2838701,0.7105,4159352674.11,4159352674.11,28.2477,
600592.SH,龙溪股份,2020-12-14,10.41,10.42,10.25,10.26,1833537,0.4589,4099419638.46,4099419638.46,27.8407,
600592.SH,龙溪股份,2020-12-15,10.27,10.28,10.15,10.15,1427900,0.3574,4055468745.65,4055468745.65,27.5422,
600592.SH,龙溪股份,2020-12-16,10.15,10.2,9.92,9.97,2767455,0.6926,3983549102.87,3983549102.87,27.0537,
600592.SH,龙溪股份,2020-12-17,9.97,9.98,9.63,9.82,2939123,0.7356,3923616067.22,3923616067.22,26.6467,
600592.SH,龙溪股份,2020-12-18,9.85,9.95,9.78,9.88,1660100,0.4155,3947589281.48,3947589281.48,26.8095,
600592.SH,龙溪股份,2020-12-21,9.93,9.93,9.8,9.87,1641800,0.4109,3943593745.77,3943593745.77,26.7824,
600592.SH,龙溪股份,2020-12-22,9.86,9.89,9.44,9.45,3693265,0.9243,3775781245.95,3775781245.95,25.6427,
600592.SH,龙溪股份,2020-12-23,9.48,9.55,9.35,9.55,2370400,0.5933,3815736603.05,3815736603.05,25.9141,
600592.SH,龙溪股份,2020-12-24,9.59,10.51,9.56,10.51,8961010,2.2428,4199308031.21,4199308031.21,28.519,
600592.SH,龙溪股份,2020-12-25,10.6,11.2,10.5,10.8,12746137,3.1901,4315178566.8,4315178566.8,29.306,
600592.SH,龙溪股份,2020-12-28,10.73,10.77,10.34,10.5,6613885,1.6553,4195312495.5,4195312495.5,28.4919,
600592.SH,龙溪股份,2020-12-29,10.4,10.62,10.36,10.43,3945292,0.9874,4167343745.53,4167343745.53,28.3019,
600592.SH,龙溪股份,2020-12-30,10.44,10.5,10.21,10.3,3396708,0.8501,4115401781.3,4115401781.3,27.9492,
600592.SH,龙溪股份,2020-12-31,10.34,10.54,10.24,10.38,4104457,1.0273,4147366066.98,4147366066.98,28.1663,
600592.SH,龙溪股份,2021-01-04,10.49,10.74,10.42,10.44,4264169,1.0672,4171339281.24,4171339281.24,28.3291,
600592.SH,龙溪股份,2021-01-05,10.45,10.48,10.26,10.36,3267117,0.8177,4139374995.56,4139374995.56,28.112,
600592.SH,龙溪股份,2021-01-06,10.35,10.38,9.95,10.25,3663778,0.917,4095424102.75,4095424102.75,27.8135,
600592.SH,龙溪股份,2021-01-07,10.22,10.22,9.89,9.98,2556700,0.6399,3987544638.58,3987544638.58,27.0809,
600592.SH,龙溪股份,2021-01-08,9.85,10.17,9.73,10.08,2248300,0.5627,4027499995.68,4027499995.68,27.3522,
600592.SH,龙溪股份,2021-01-11,10.01,10.12,9.77,9.81,2330021,0.5832,3919620531.51,3919620531.51,26.6196,
600592.SH,龙溪股份,2021-01-12,9.81,10.48,9.78,10.25,4009721,1.0036,4095424102.75,4095424102.75,27.8135,
600592.SH,龙溪股份,2021-01-13,10.18,10.45,10.06,10.29,3010963,0.7536,4111406245.59,4111406245.59,27.9221,
600592.SH,龙溪股份,2021-01-14,10.15,10.41,10.15,10.3,2009654,0.503,4115401781.3,4115401781.3,27.9492,
600592.SH,龙溪股份,2021-01-15,10.45,10.46,10.18,10.24,1775900,0.4445,4091428567.04,4091428567.04,27.7864,
600592.SH,龙溪股份,2021-01-18,10.23,10.5,10.17,10.5,3132080,0.7839,4195312495.5,4195312495.5,28.4919,
600592.SH,龙溪股份,2021-01-19,10.49,10.6,10.25,10.37,2941100,0.7361,4143370531.27,4143370531.27,28.1391,
600592.SH,龙溪股份,2021-01-20,10.37,10.38,10.16,10.23,1834823,0.4592,4087433031.33,4087433031.33,27.7592,
600592.SH,龙溪股份,2021-01-21,10.26,10.3,10.17,10.17,1989605,0.498,4063459817.07,4063459817.07,27.5964,
600592.SH,龙溪股份,2021-01-22,10.15,10.19,9.88,9.92,2691101,0.6735,3963571424.32,3963571424.32,26.9181,
600592.SH,龙溪股份,2021-01-25,9.92,9.92,9.66,9.7,2302205,0.5762,3875669638.7,3875669638.7,26.3211,
600592.SH,龙溪股份,2021-01-26,9.7,9.76,9.53,9.6,2226526,0.5573,3835714281.6,3835714281.6,26.0497,
600592.SH,龙溪股份,2021-01-27,9.57,9.65,9.46,9.5,1498997,0.3752,3795758924.5,3795758924.5,25.7784,
600592.SH,龙溪股份,2021-01-28,9.56,9.62,9.41,9.41,1666580,0.4171,3759799103.11,3759799103.11,25.3083,
600592.SH,龙溪股份,2021-01-29,9.41,9.5,9.1,9.11,2812135,0.7038,3639933031.81,3639933031.81,24.5015,
600592.SH,龙溪股份,2021-02-01,9.08,9.6,8.98,9.48,2235225,0.5594,3787767853.08,3787767853.08,25.4966,
600592.SH,龙溪股份,2021-02-02,9.49,9.76,9.45,9.52,2506258,0.6273,3803749995.92,3803749995.92,25.6042,
600592.SH,龙溪股份,2021-02-03,9.55,9.61,9.26,9.26,1078600,0.27,3699866067.46,3699866067.46,24.9049,
600592.SH,龙溪股份,2021-02-04,9.25,9.39,9.12,9.16,1228627,0.3075,3659910710.36,3659910710.36,24.636,
600592.SH,龙溪股份,2021-02-05,9.18,9.32,9.07,9.13,1082700,0.271,3647924103.23,3647924103.23,24.5553,
600592.SH,龙溪股份,2021-02-08,9.23,9.33,9.13,9.28,1182471,0.2959,3707857138.88,3707857138.88,24.9587,
600592.SH,龙溪股份,2021-02-09,9.35,9.36,9.2,9.28,1168000,0.2923,3707857138.88,3707857138.88,24.9587,
600592.SH,龙溪股份,2021-02-10,9.3,9.36,9.24,9.29,956204,0.2393,3711852674.59,3711852674.59,24.9856,
600592.SH,龙溪股份,2021-02-18,9.35,9.48,9.35,9.41,1465200,0.3667,3759799103.11,3759799103.11,25.3083,
600592.SH,龙溪股份,2021-02-19,9.41,9.61,9.36,9.6,1700547,0.4256,3835714281.6,3835714281.6,25.8193,
600592.SH,龙溪股份,2021-02-22,9.61,9.9,9.61,9.65,2910841,0.7285,3855691960.15,3855691960.15,25.9538,
600592.SH,龙溪股份,2021-02-23,9.64,9.77,9.55,9.55,1499109,0.3752,3815736603.05,3815736603.05,25.6849,
600592.SH,龙溪股份,2021-02-24,9.56,9.88,9.54,9.66,2272700,0.5688,3859687495.86,3859687495.86,25.9807,
600592.SH,龙溪股份,2021-02-25,9.67,9.74,9.42,9.47,2395588,0.5996,3783772317.37,3783772317.37,25.4697,
600592.SH,龙溪股份,2021-02-26,9.47,9.54,9.37,9.4,1150584,0.288,3755803567.4,3755803567.4,25.2814,
600592.SH,龙溪股份,2021-03-01,9.56,9.56,9.29,9.43,2005798,0.502,3767790174.53,3767790174.53,25.3621,
600592.SH,龙溪股份,2021-03-02,9.43,9.48,9.28,9.32,1521100,0.3807,3723839281.72,3723839281.72,25.0663,
600592.SH,龙溪股份,2021-03-03,9.33,9.76,9.27,9.75,3647623,0.9129,3895647317.25,3895647317.25,26.2228,
600592.SH,龙溪股份,2021-03-04,9.8,10.13,9.78,9.86,4127476,1.033,3939598210.06,3939598210.06,26.5186,
600592.SH,龙溪股份,2021-03-05,9.81,10.17,9.8,10.14,3268957,0.8182,4051473209.94,4051473209.94,27.2717,
600592.SH,龙溪股份,2021-03-08,10.16,10.25,9.9,9.9,2749636,0.6882,3955580352.9,3955580352.9,26.6262,
600592.SH,龙溪股份,2021-03-09,9.89,9.97,9.6,9.73,2638114,0.6603,3887656245.83,3887656245.83,26.169,
600592.SH,龙溪股份,2021-03-10,9.74,9.87,9.57,9.58,1263100,0.3161,3827723210.18,3827723210.18,25.7656,
600592.SH,龙溪股份,2021-03-11,9.58,9.75,9.52,9.71,1302801,0.3261,3879665174.41,3879665174.41,26.1152,
600592.SH,龙溪股份,2021-03-12,9.68,9.86,9.62,9.73,1354710,0.3391,3887656245.83,3887656245.83,3.40282346638529E38,
