代码,简称,日期,开盘价(元),最高价(元),最低价(元),收盘价(元),成交量(股),换手率(%),A股流通市值(元),总市值(元),市盈率,
600971.SH,恒源煤电,2004-08-17,1.6625,1.8462,1.6615,1.8198,29278135,66.5412,758560000,2165344000,34.0454,
600971.SH,恒源煤电,2004-08-18,1.8145,1.8557,1.8071,1.8441,8998906,20.4521,768680000,2194232000,34.4996,
600971.SH,恒源煤电,2004-08-19,1.8409,1.8684,1.8261,1.8536,3976053,9.0365,772640000,2205536000,34.6773,
600971.SH,恒源煤电,2004-08-20,1.8473,1.9169,1.8378,1.8494,4061525,9.2307,770880000,2200512000,34.5984,
600971.SH,恒源煤电,2004-08-23,1.8536,1.8895,1.8451,1.8768,2421968,5.5045,782320000,2233168000,35.1118,
600971.SH,恒源煤电,2004-08-24,1.8768,1.8874,1.7945,1.8451,2721566,6.1854,769120000,2195488000,34.5194,
600971.SH,恒源煤电,2004-08-25,1.824,1.8631,1.824,1.8546,1477159,3.3572,773080000,2206792000,34.6971,
600971.SH,恒源煤电,2004-08-26,1.8525,1.9095,1.8325,1.9032,1727293,3.9257,793320000,2264568000,35.6055,
600971.SH,恒源煤电,2004-08-27,1.9043,1.9211,1.8789,1.919,1818620,4.1332,799920000,2283408000,35.9017,
600971.SH,恒源煤电,2004-08-30,1.9011,1.919,1.8599,1.9,1133079,2.5752,792000000,2260800000,35.5463,
600971.SH,恒源煤电,2004-08-31,1.9496,1.9496,1.8736,1.8895,1883295,4.2802,787600000,2248240000,35.3488,
600971.SH,恒源煤电,2004-09-01,1.8884,1.8884,1.8325,1.8589,1018554,2.3149,774840000,2211816000,34.7761,
600971.SH,恒源煤电,2004-09-02,1.8525,1.8768,1.8261,1.8578,728991,1.6568,774400000,2210560000,34.7563,
600971.SH,恒源煤电,2004-09-03,1.8578,1.8652,1.8325,1.8494,394335,0.8962,770880000,2200512000,34.5984,
600971.SH,恒源煤电,2004-09-06,1.8462,1.8473,1.805,1.8071,899508,2.0443,753280000,2150272000,33.8084,
600971.SH,恒源煤电,2004-09-07,1.7945,1.8578,1.7818,1.8568,701078,1.5934,773960000,2209304000,34.7366,
600971.SH,恒源煤电,2004-09-08,1.8589,1.861,1.8356,1.8536,326688,0.7425,772640000,2205536000,34.6773,
600971.SH,恒源煤电,2004-09-09,1.8346,1.8536,1.8093,1.8462,708294,1.6098,769560000,2196744000,34.5391,
600971.SH,恒源煤电,2004-09-10,1.8261,1.8589,1.8261,1.8568,361171,0.8208,773960000,2209304000,34.7366,
600971.SH,恒源煤电,2004-09-13,1.842,1.8546,1.8261,1.8462,440677,1.0015,769560000,2196744000,34.5391,
600971.SH,恒源煤电,2004-09-14,1.8631,1.8926,1.8441,1.8515,494802,1.1246,771760000,2203024000,34.6379,
600971.SH,恒源煤电,2004-09-15,1.8641,2.0362,1.8578,1.9929,6069553,13.7944,830720000,2371328000,37.2841,
600971.SH,恒源煤电,2004-09-16,1.9845,2.0425,1.975,2.0193,2341048,5.3206,841720000,2402728000,37.7778,
600971.SH,恒源煤电,2004-09-17,2.0214,2.0985,1.9971,2.0932,2331558,5.299,872520000,2490648000,39.1601,
600971.SH,恒源煤电,2004-09-20,2.1196,2.1407,2.0879,2.1217,2920132,6.6367,884400000,2524560000,39.6933,
600971.SH,恒源煤电,2004-09-21,2.1122,2.1724,2.07,2.1692,2509155,5.7026,904200000,2581080000,40.582,
600971.SH,恒源煤电,2004-09-22,2.1639,2.2695,2.1523,2.222,2459069,5.5888,926200000,2643880000,41.5694,
600971.SH,恒源煤电,2004-09-23,2.2167,2.3328,2.1586,2.3254,1943643,4.4174,969320000,2766968000,43.5047,
600971.SH,恒源煤电,2004-09-24,2.3223,2.3539,2.109,2.1143,4600965,10.4567,881320000,2515768000,39.5551,
600971.SH,恒源煤电,2004-09-27,2.1639,2.2357,2.1301,2.1967,4670241,10.6142,915640000,2613736000,41.0954,
600971.SH,恒源煤电,2004-09-28,2.1977,2.2146,2.1745,2.1977,1219441,2.7715,916080000,2614992000,41.1152,
600971.SH,恒源煤电,2004-09-29,2.2062,2.2927,2.1956,2.2515,1369593,3.1127,938520000,2679048000,42.1223,
600971.SH,恒源煤电,2004-09-30,2.2537,2.2917,2.2537,2.28,1440034,3.2728,950400000,2712960000,42.6555,
600971.SH,恒源煤电,2004-10-08,2.2705,2.4679,2.2705,2.4489,2112407,4.8009,1020800000,2913920000,45.8152,
600971.SH,恒源煤电,2004-10-11,2.4711,2.5112,2.3962,2.4078,2121819,4.8223,1003640000,2864936000,45.045,
600971.SH,恒源煤电,2004-10-12,2.4067,2.4584,2.3603,2.374,1464773,3.329,989560000,2824744000,44.4131,
600971.SH,恒源煤电,2004-10-13,2.374,2.4152,2.3339,2.3951,1512520,3.4375,998360000,2849864000,44.808,
600971.SH,恒源煤电,2004-10-14,2.4014,2.4067,2.2378,2.2748,2078295,4.7234,948200000,2706680000,42.5568,
600971.SH,恒源煤电,2004-10-15,2.2663,2.3624,2.2273,2.3307,1073394,2.4395,971520000,2773248000,43.6034,
600971.SH,恒源煤电,2004-10-18,2.3307,2.4584,2.28,2.4268,1739079,3.9525,1011560000,2887544000,45.4005,
600971.SH,恒源煤电,2004-10-19,2.4278,2.4648,2.3645,2.3761,1072729,2.438,990440000,2827256000,44.4526,
600971.SH,恒源煤电,2004-10-20,2.3729,2.4848,2.3434,2.469,1523946,3.4635,1029160000,2937784000,46.1904,
600971.SH,恒源煤电,2004-10-21,2.4489,2.5313,2.4078,2.4574,1378798,3.1336,1024320000,2923968000,45.9732,
600971.SH,恒源煤电,2004-10-22,2.4605,2.5429,2.4162,2.526,1931874,4.3906,1052920000,3005608000,47.2568,
600971.SH,恒源煤电,2004-10-25,2.5545,2.6073,2.4975,2.5323,2024961,4.6022,1055560000,3013144000,47.3753,
600971.SH,恒源煤电,2004-10-26,2.5344,2.5967,2.5123,2.5745,1578193,3.5868,1073160000,3063384000,48.1652,
600971.SH,恒源煤电,2004-10-27,2.5914,2.6178,2.5365,2.5598,1842574,4.1877,1067000000,3045800000,47.8887,
600971.SH,恒源煤电,2004-10-28,2.5418,2.565,2.4943,2.5545,1426858,3.2429,1064800000,3039520000,47.79,
600971.SH,恒源煤电,2004-10-29,2.4912,2.5862,2.4711,2.5249,981364,2.2304,1052480000,3004352000,47.237,
600971.SH,恒源煤电,2004-11-01,2.5123,2.6073,2.5017,2.5292,874446,1.9874,1054240000,3009376000,47.316,
600971.SH,恒源煤电,2004-11-02,2.5334,2.5598,2.507,2.5334,482741,1.0971,1056000000,3014400000,47.395,
600971.SH,恒源煤电,2004-11-03,2.5334,2.5735,2.5154,2.5482,598834,1.361,1062160000,3031984000,47.6715,
600971.SH,恒源煤电,2004-11-04,2.5482,2.6337,2.5408,2.5545,1255345,2.8531,1064800000,3039520000,47.79,
600971.SH,恒源煤电,2004-11-05,2.565,2.5756,2.4173,2.4553,2167060,4.9251,1023440000,2921456000,45.9337,
600971.SH,恒源煤电,2004-11-08,2.4289,2.4975,2.4173,2.4795,364169,0.8277,1033560000,2950344000,46.3879,
600971.SH,恒源煤电,2004-11-09,2.47,2.5059,2.4415,2.4764,500123,1.1366,1032240000,2946576000,46.3286,
600971.SH,恒源煤电,2004-11-10,2.4838,2.7181,2.4806,2.6812,1905212,4.33,1117600000,3190240000,50.1597,
600971.SH,恒源煤电,2004-11-11,2.6812,2.7413,2.6347,2.6432,1157922,2.6316,1101760000,3145024000,49.4488,
600971.SH,恒源煤电,2004-11-12,2.6453,2.7814,2.6453,2.773,1140175,2.5913,1155880000,3299512000,51.8778,
600971.SH,恒源煤电,2004-11-15,2.7867,2.8891,2.7318,2.7814,1381823,3.1405,1159400000,3309560000,52.0358,
600971.SH,恒源煤电,2004-11-16,2.7762,2.8796,2.7339,2.868,741796,1.6859,1195480000,3412552000,53.6551,
600971.SH,恒源煤电,2004-11-17,2.868,2.944,2.8395,2.9018,1142425,2.5964,1209560000,3452744000,54.287,
600971.SH,恒源煤电,2004-11-18,2.8796,2.9176,2.8617,2.9049,538663,1.2242,1210880000,3456512000,54.3463,
600971.SH,恒源煤电,2004-11-19,2.9028,2.9324,2.8184,2.8511,467917,1.0634,1188440000,3392456000,53.3391,
600971.SH,恒源煤电,2004-11-22,2.8353,2.8659,2.7983,2.8142,777718,1.7675,1173040000,3348496000,52.648,
600971.SH,恒源煤电,2004-11-23,2.8142,2.8384,2.7466,2.7688,604337,1.3735,1154120000,3294488000,51.7988,
600971.SH,恒源煤电,2004-11-24,2.7709,2.8078,2.7255,2.7941,905307,2.0575,1164680000,3324632000,52.2727,
600971.SH,恒源煤电,2004-11-25,2.7941,2.8258,2.7688,2.7952,451327,1.0257,1165120000,3325888000,52.2925,
600971.SH,恒源煤电,2004-11-26,2.7994,2.8173,2.7477,2.7772,265332,0.603,1157640000,3304536000,51.9568,
600971.SH,恒源煤电,2004-11-29,2.7667,2.7667,2.7086,2.7244,318726,0.7244,1135640000,3241736000,50.9694,
600971.SH,恒源煤电,2004-11-30,2.7244,2.7656,2.7192,2.7413,352896,0.802,1142680000,3261832000,51.2853,
600971.SH,恒源煤电,2004-12-01,2.7445,2.8395,2.7445,2.8163,718790,1.6336,1173920000,3351008000,52.6875,
600971.SH,恒源煤电,2004-12-02,2.8184,2.8184,2.7318,2.7392,502637,1.1424,1141800000,3259320000,51.2459,
600971.SH,恒源煤电,2004-12-03,2.7276,2.7276,2.4975,2.6368,2761735,6.2767,1099120000,3137488000,49.3303,
600971.SH,恒源煤电,2004-12-06,2.5862,2.6178,2.5197,2.5323,1614781,3.67,1055560000,3013144000,47.3753,
600971.SH,恒源煤电,2004-12-07,2.5334,2.565,2.5091,2.5228,796829,1.811,1051600000,3001840000,47.1975,
600971.SH,恒源煤电,2004-12-08,2.5344,2.5788,2.5102,2.5619,696143,1.5821,1067880000,3048312000,47.9282,
600971.SH,恒源煤电,2004-12-09,2.5545,2.6379,2.5387,2.5883,633130,1.4389,1078880000,3079712000,48.4219,
600971.SH,恒源煤电,2004-12-10,2.5513,2.5946,2.5513,2.5587,478782,1.0881,1066560000,3044544000,47.869,
600971.SH,恒源煤电,2004-12-13,2.5123,2.5302,2.4447,2.4468,2058330,4.678,1019920000,2911408000,45.7757,
600971.SH,恒源煤电,2004-12-14,2.4468,2.5482,2.4468,2.4912,599471,1.3624,1038400000,2964160000,46.6051,
600971.SH,恒源煤电,2004-12-15,2.5028,2.5408,2.4922,2.5292,494683,1.1243,1054240000,3009376000,47.316,
600971.SH,恒源煤电,2004-12-16,2.5175,2.5429,2.5038,2.5197,229013,0.5205,1050280000,2998072000,47.1383,
600971.SH,恒源煤电,2004-12-17,2.5123,2.5175,2.4225,2.4468,367184,0.8345,1019920000,2911408000,45.7757,
600971.SH,恒源煤电,2004-12-20,2.4278,2.4278,2.3339,2.3655,470586,1.0695,986040000,2814696000,44.2551,
600971.SH,恒源煤电,2004-12-21,2.3655,2.4057,2.3434,2.375,518786,1.1791,990000000,2826000000,44.4328,
600971.SH,恒源煤电,2004-12-22,2.3698,2.4753,2.3698,2.4743,580639,1.3196,1031360000,2944064000,46.2891,
600971.SH,恒源煤电,2004-12-23,2.4595,2.4764,2.4152,2.4384,525087,1.1934,1016400000,2901360000,45.6177,
600971.SH,恒源煤电,2004-12-24,2.4363,2.527,2.4352,2.4838,460744,1.0471,1035320000,2955368000,46.4669,
600971.SH,恒源煤电,2004-12-27,2.5228,2.5228,2.4732,2.4912,354175,0.8049,1038400000,2964160000,46.6051,
600971.SH,恒源煤电,2004-12-28,2.4848,2.5175,2.4848,2.4975,371963,0.8454,1041040000,2971696000,46.7236,
600971.SH,恒源煤电,2004-12-29,2.4985,2.5545,2.4985,2.5112,501715,1.1403,1046760000,2988024000,46.9803,
600971.SH,恒源煤电,2004-12-30,2.507,2.5967,2.507,2.5935,615846,1.3997,1081080000,3085992000,48.5206,
600971.SH,恒源煤电,2004-12-31,2.6041,2.6242,2.5365,2.5862,528904,1.2021,1078000000,3077200000,48.3824,
600971.SH,恒源煤电,2005-01-04,2.5619,2.5619,2.4289,2.4447,432909,0.9839,1019040000,2908896000,45.7362,
600971.SH,恒源煤电,2005-01-05,2.4447,2.4753,2.4078,2.4173,437350,0.994,1007600000,2876240000,45.2227,
600971.SH,恒源煤电,2005-01-06,2.4225,2.4278,2.3497,2.3655,579087,1.3161,986040000,2814696000,44.2551,
600971.SH,恒源煤电,2005-01-07,2.3539,2.3856,2.2199,2.2452,967921,2.1998,935880000,2671512000,42.0038,
600971.SH,恒源煤电,2005-01-10,2.2452,2.2452,2.2452,2.2452,--,--,935880000,2671512000,42.0038,
600971.SH,恒源煤电,2005-01-11,2.2642,2.2895,2.2241,2.2378,1302182,2.9595,932800000,2662720000,41.8656,
600971.SH,恒源煤电,2005-01-12,2.2114,2.2632,2.1977,2.2579,560454,1.2738,941160000,2686584000,42.2408,
600971.SH,恒源煤电,2005-01-13,2.2547,2.2716,2.2062,2.2674,632701,1.438,945120000,2697888000,42.4185,
600971.SH,恒源煤电,2005-01-14,2.2674,2.2959,2.2399,2.26,533745,1.2131,942040000,2689096000,42.2803,
600971.SH,恒源煤电,2005-01-17,2.2178,2.2357,2.1639,2.2209,567742,1.2903,925760000,2642624000,41.5496,
600971.SH,恒源煤电,2005-01-18,2.2357,2.2431,2.185,2.222,356633,0.8105,926200000,2643880000,41.5694,
600971.SH,恒源煤电,2005-01-19,2.2199,2.2199,2.0003,2.0309,2183715,4.963,846560000,2416544000,37.995,
600971.SH,恒源煤电,2005-01-20,2.0035,2.0404,1.9792,2.0341,1669139,3.7935,847880000,2420312000,38.0542,
600971.SH,恒源煤电,2005-01-21,2.0088,2.1375,2.0088,2.1101,1430720,3.2516,879560000,2510744000,39.4761,
600971.SH,恒源煤电,2005-01-24,2.1407,2.1608,2.1133,2.1312,1403662,3.1901,888360000,2535864000,39.8711,
600971.SH,恒源煤电,2005-01-25,2.1249,2.1428,2.0278,2.1375,978480,2.2238,891000000,2543400000,39.9895,
600971.SH,恒源煤电,2005-01-26,2.1228,2.1523,2.0689,2.0795,781690,1.7766,866800000,2474320000,38.9034,
600971.SH,恒源煤电,2005-01-27,2.0795,2.0795,2.0066,2.0309,1078116,2.4503,846560000,2416544000,37.995,
600971.SH,恒源煤电,2005-01-28,2.0161,2.0679,1.9929,2.0636,465669,1.0583,860200000,2455480000,38.6072,
600971.SH,恒源煤电,2005-01-31,2.0373,2.1428,1.9993,2.1344,1009234,2.2937,889680000,2539632000,39.9303,
600971.SH,恒源煤电,2005-02-01,2.1143,2.1903,2.1143,2.1597,1047642,2.381,900240000,2569776000,40.4042,
600971.SH,恒源煤电,2005-02-02,2.1639,2.2885,2.1534,2.2832,1183443,2.6896,951720000,2716728000,42.7148,
600971.SH,恒源煤电,2005-02-03,2.2832,2.2927,2.2072,2.2589,1220092,2.7729,941600000,2687840000,42.2605,
600971.SH,恒源煤电,2005-02-04,2.2463,2.3624,2.2452,2.3508,984487,2.2375,979880000,2797112000,43.9786,
600971.SH,恒源煤电,2005-02-16,2.3539,2.3856,2.3012,2.3033,1101702,2.5039,960080000,2740592000,43.09,
600971.SH,恒源煤电,2005-02-17,2.3012,2.3096,2.2589,2.3096,650717,1.4789,962720000,2748128000,43.2085,
600971.SH,恒源煤电,2005-02-18,2.3096,2.3645,2.2864,2.3096,1169625,2.6582,962720000,2748128000,17.6112,
600971.SH,恒源煤电,2005-02-21,2.2906,2.3434,2.2642,2.3223,439344,0.9985,968000000,2763200000,17.7078,
600971.SH,恒源煤电,2005-02-22,2.3117,2.3729,2.28,2.3645,1241733,2.8221,985600000,2813440000,18.0297,
600971.SH,恒源煤电,2005-02-23,2.375,2.4869,2.3434,2.4278,1238604,2.815,1012000000,2888800000,18.5127,
600971.SH,恒源煤电,2005-02-24,2.4173,2.4268,2.4046,2.4162,543397,1.235,1007160000,2874984000,18.4241,
600971.SH,恒源煤电,2005-02-25,2.4173,2.5091,2.4173,2.4236,783854,1.7815,1010240000,2883776000,18.4805,
600971.SH,恒源煤电,2005-02-28,2.4215,2.4437,2.393,2.4035,988812,2.2473,1001880000,2859912000,18.3276,
600971.SH,恒源煤电,2005-03-01,2.4035,2.4035,2.3233,2.3476,704165,1.6004,978560000,2793344000,17.901,
600971.SH,恒源煤电,2005-03-02,2.3434,2.3951,2.3117,2.3265,781071,1.7752,969760000,2768224000,17.74,
600971.SH,恒源煤电,2005-03-03,2.3107,2.3487,2.3033,2.3476,553753,1.2585,978560000,2793344000,17.901,
600971.SH,恒源煤电,2005-03-04,2.3233,2.3465,2.2389,2.261,1395348,3.1712,942480000,2690352000,17.2409,
600971.SH,恒源煤电,2005-03-07,2.2537,2.2621,2.2241,2.2315,620537,1.4103,930160000,2655184000,17.0156,
600971.SH,恒源煤电,2005-03-08,2.2273,2.3202,2.2199,2.2959,1368520,3.1103,957000000,2731800000,17.5066,
600971.SH,恒源煤电,2005-03-09,2.3096,2.3856,2.3012,2.3318,1758089,3.9957,971960000,2774504000,17.7802,
600971.SH,恒源煤电,2005-03-10,2.3318,2.3328,2.222,2.2399,988653,2.2469,933680000,2665232000,17.08,
600971.SH,恒源煤电,2005-03-11,2.2273,2.2695,2.1534,2.2663,2003829,4.5542,944680000,2696632000,17.2812,
600971.SH,恒源煤电,2005-03-14,2.2452,2.3497,2.1829,2.3307,2020561,4.5922,971520000,2773248000,17.7722,
600971.SH,恒源煤电,2005-03-15,2.3297,2.3677,2.2959,2.3202,1402239,3.1869,967120000,2760688000,17.6917,
600971.SH,恒源煤电,2005-03-16,2.318,2.318,2.2072,2.2589,1470095,3.3411,941600000,2687840000,17.2248,
600971.SH,恒源煤电,2005-03-17,2.2484,2.2484,2.1861,2.1861,725602,1.6491,911240000,2601176000,16.6695,
600971.SH,恒源煤电,2005-03-18,2.185,2.2209,2.1016,2.1069,948999,2.1568,878240000,2506976000,16.0658,
600971.SH,恒源煤电,2005-03-21,2.0911,2.1354,2.0911,2.1228,395189,0.8982,884840000,2525816000,16.1865,
600971.SH,恒源煤电,2005-03-22,2.1122,2.1945,2.1069,2.166,643385,1.4622,902880000,2577312000,16.5165,
600971.SH,恒源煤电,2005-03-23,2.165,2.204,2.1175,2.128,848845,1.9292,887040000,2532096000,16.2268,
600971.SH,恒源煤电,2005-03-24,2.1175,2.1513,2.0605,2.1006,592084,1.3456,875600000,2499440000,16.0175,
600971.SH,恒源煤电,2005-03-25,2.1006,2.1196,2.0805,2.1048,304887,0.6929,877360000,2504464000,16.0497,
600971.SH,恒源煤电,2005-03-28,2.1038,2.1354,2.09,2.1301,452072,1.0274,887920000,2534608000,16.2429,
600971.SH,恒源煤电,2005-03-29,2.1418,2.1449,2.0858,2.1048,565036,1.2842,877360000,2504464000,16.0497,
600971.SH,恒源煤电,2005-03-30,2.1027,2.128,2.0605,2.1249,768245,1.746,885720000,2528328000,16.2026,
600971.SH,恒源煤电,2005-03-31,2.1196,2.128,2.09,2.1249,318365,0.7236,885720000,2528328000,16.2026,
600971.SH,恒源煤电,2005-04-01,2.1133,2.299,2.1006,2.2442,1711116,3.8889,935440000,2670256000,17.1122,
600971.SH,恒源煤电,2005-04-04,2.2062,2.2621,2.165,2.2072,1048035,2.3819,920040000,2626296000,16.8304,
600971.SH,恒源煤电,2005-04-05,2.2062,2.2589,2.2009,2.2093,631435,1.4351,920920000,2628808000,16.8465,
600971.SH,恒源煤电,2005-04-06,2.222,2.4014,2.2125,2.375,2500669,5.6833,990000000,2826000000,18.1102,
600971.SH,恒源煤电,2005-04-07,2.374,2.4964,2.3233,2.3381,4242686,9.6425,974600000,2782040000,17.8285,
600971.SH,恒源煤电,2005-04-08,2.3275,2.3845,2.3012,2.3687,2789610,6.34,987360000,2818464000,18.0619,
600971.SH,恒源煤电,2005-04-11,2.3698,2.4141,2.3117,2.318,2257284,5.1302,966240000,2758176000,17.6756,
600971.SH,恒源煤电,2005-04-12,2.3033,2.3487,2.26,2.3286,1097159,2.4935,970640000,2770736000,17.7561,
600971.SH,恒源煤电,2005-04-13,2.3455,2.4035,2.3233,2.3645,2373500,5.3943,985600000,2813440000,18.0297,
600971.SH,恒源煤电,2005-04-14,2.3666,2.3856,2.2959,2.3128,1554318,3.5325,964040000,2751896000,17.6353,
600971.SH,恒源煤电,2005-04-15,2.3814,2.3814,2.2083,2.2178,2792724,6.3471,924440000,2638856000,16.913,
600971.SH,恒源煤电,2005-04-18,2.1956,2.1956,2.0921,2.1048,1818322,4.1326,877360000,2504464000,16.0516,
600971.SH,恒源煤电,2005-04-19,2.0953,2.1396,2.0943,2.109,1072871,2.4383,879120000,2509488000,16.0838,
600971.SH,恒源煤电,2005-04-20,2.109,2.1418,2.0964,2.1375,785893,1.7861,891000000,2543400000,16.3012,
600971.SH,恒源煤电,2005-04-21,2.128,2.185,2.128,2.1692,1150839,2.6155,904200000,2581080000,16.5427,
600971.SH,恒源煤电,2005-04-22,2.1692,2.1766,2.0995,2.1164,946872,2.152,882200000,2518280000,16.1402,
600971.SH,恒源煤电,2005-04-25,2.0964,2.0995,2.0003,2.0278,1509504,3.4307,845240000,2412776000,15.464,
600971.SH,恒源煤电,2005-04-26,2.033,2.0584,1.994,2.0151,1240552,2.8194,839960000,2397704000,15.3674,
600971.SH,恒源煤电,2005-04-27,2.09,2.09,2.0045,2.0056,1189813,2.7041,836000000,2386400000,15.2949,
600971.SH,恒源煤电,2005-04-28,2.0109,2.0795,1.9792,2.07,2240836,5.0928,862840000,2463016000,15.786,
600971.SH,恒源煤电,2005-04-29,2.0679,2.0679,1.9908,1.9929,1284796,2.92,830720000,2371328000,15.1983,
600971.SH,恒源煤电,2005-05-09,2.0161,2.0278,1.9803,2.0119,700916,1.593,838640000,2393936000,15.3432,
600971.SH,恒源煤电,2005-05-10,1.995,2.0056,1.8103,1.8483,2200971,5.0022,770440000,2199256000,14.0955,
600971.SH,恒源煤电,2005-05-11,1.8441,1.8779,1.8019,1.8663,1136983,2.5841,777920000,2220608000,14.2323,
600971.SH,恒源煤电,2005-05-12,1.8473,1.8673,1.8198,1.8483,532956,1.2113,770440000,2199256000,14.0955,
600971.SH,恒源煤电,2005-05-13,1.8473,1.8768,1.8219,1.8673,676066,1.5365,778360000,2221864000,14.2404,
600971.SH,恒源煤电,2005-05-16,1.8673,1.8673,1.6805,1.709,2477120,5.6298,712360000,2033464000,13.0329,
600971.SH,恒源煤电,2005-05-17,1.6942,1.7396,1.6784,1.7185,1265155,2.8754,716320000,2044768000,13.1053,
600971.SH,恒源煤电,2005-05-18,1.7153,1.729,1.6319,1.6794,1656757,3.7654,700040000,1998296000,12.8075,
600971.SH,恒源煤电,2005-05-19,1.6678,1.6836,1.6478,1.6741,821108,1.8662,697840000,1992016000,12.7672,
600971.SH,恒源煤电,2005-05-20,1.6741,1.6741,1.6741,1.6741,--,--,697840000,1992016000,12.7672,
600971.SH,恒源煤电,2005-05-23,1.6741,1.6741,1.5992,1.6425,481559,1.0945,684640000,1954336000,12.5257,
600971.SH,恒源煤电,2005-05-24,1.6414,1.652,1.5411,1.5749,1903304,4.3257,656480000,1873952000,12.0105,
600971.SH,恒源煤电,2005-05-25,1.5749,1.5981,1.5633,1.5728,654959,1.4885,655600000,1871440000,11.9944,
600971.SH,恒源煤电,2005-05-26,1.5728,1.5886,1.5253,1.5612,863578,1.9627,650760000,1857624000,11.9059,
600971.SH,恒源煤电,2005-05-27,1.5601,1.5802,1.5253,1.5485,888344,2.019,645480000,1842552000,11.8093,
600971.SH,恒源煤电,2005-05-30,1.5411,1.5802,1.5316,1.577,637419,1.4487,657360000,1876464000,12.0266,
600971.SH,恒源煤电,2005-05-31,1.5781,1.6098,1.5675,1.5834,780079,1.7729,660000000,1884000000,12.0749,
600971.SH,恒源煤电,2005-06-01,1.5749,1.5749,1.4736,1.4767,1289700,2.9311,615560000,1757144000,11.2619,
600971.SH,恒源煤电,2005-06-02,1.4672,1.4672,1.4134,1.424,1261188,2.8663,593560000,1694344000,10.8594,
600971.SH,恒源煤电,2005-06-03,1.4261,1.4567,1.4197,1.4261,832460,1.892,594440000,1696856000,10.8755,
600971.SH,恒源煤电,2005-06-06,1.4271,1.4725,1.3765,1.4715,1128527,2.5648,613360000,1750864000,11.2216,
600971.SH,恒源煤电,2005-06-07,1.4778,1.5707,1.4778,1.4957,2843204,6.4618,623480000,1779752000,11.4068,
600971.SH,恒源煤电,2005-06-08,1.4789,1.6456,1.4789,1.6456,3910311,8.8871,685960000,1958104000,12.5499,
600971.SH,恒源煤电,2005-06-09,1.6678,1.7987,1.6573,1.7829,4895661,11.1265,743160000,2121384000,13.5964,
600971.SH,恒源煤电,2005-06-10,1.7924,1.7945,1.6499,1.6741,3863577,8.7809,697840000,1992016000,12.7672,
600971.SH,恒源煤电,2005-06-13,1.6741,1.7331,1.6104,1.6741,1630921,2.4711,693660000,1980084000,12.6908,
600971.SH,恒源煤电,2005-06-14,1.6646,1.6805,1.5722,1.5786,3540247,5.364,654060000,1867044000,11.9663,
600971.SH,恒源煤电,2005-06-15,1.569,1.569,1.475,1.4814,2667100,4.0411,613800000,1752120000,11.2297,
600971.SH,恒源煤电,2005-06-16,1.475,1.5164,1.4368,1.5133,2537514,3.8447,627000000,1789800000,11.4712,
600971.SH,恒源煤电,2005-06-17,1.5133,1.5292,1.4384,1.4687,2196550,3.3281,608520000,1737048000,11.1331,
600971.SH,恒源煤电,2005-06-20,1.4655,1.6088,1.4448,1.6056,3816705,5.7829,665280000,1899072000,12.1715,
600971.SH,恒源煤电,2005-06-21,1.6056,1.6327,1.5467,1.5833,3341565,5.063,656040000,1872696000,12.0025,
600971.SH,恒源煤电,2005-06-22,1.5865,1.5865,1.4926,1.5308,3213616,4.8691,634260000,1810524000,11.604,
600971.SH,恒源煤电,2005-06-23,1.526,1.6471,1.4973,1.6025,5817904,8.815,663960000,1895304000,12.1474,
600971.SH,恒源煤电,2005-06-24,1.5929,1.5929,1.5499,1.577,2749276,4.1656,653400000,1865160000,11.9542,
600971.SH,恒源煤电,2005-06-27,1.6072,1.6805,1.6009,1.6423,4592069,6.9577,680460000,1942404000,12.4493,
600971.SH,恒源煤电,2005-06-28,1.6232,1.6232,1.5849,1.5929,2162118,3.2759,660000000,1884000000,12.0749,
600971.SH,恒源煤电,2005-06-29,1.6009,1.6343,1.577,1.6088,1411483,2.1386,666600000,1902840000,12.1957,
600971.SH,恒源煤电,2005-06-30,1.5849,1.5929,1.5069,1.5101,3037034,4.6016,625680000,1786032000,11.447,
600971.SH,恒源煤电,2005-07-01,1.4957,1.4957,1.4495,1.4495,2204042,3.3395,600600000,1714440000,10.9882,
600971.SH,恒源煤电,2005-07-04,1.4495,1.4527,1.3986,1.4527,1593561,2.4145,601920000,1718208000,11.0123,
600971.SH,恒源煤电,2005-07-05,1.4384,1.4607,1.3842,1.3922,2624220,3.9761,576840000,1646616000,10.5535,
600971.SH,恒源煤电,2005-07-06,1.3922,1.4097,1.338,1.354,2121965,3.2151,561000000,1601400000,10.2637,
600971.SH,恒源煤电,2005-07-07,1.3492,1.3699,1.3237,1.3317,2547889,3.8604,551760000,1575024000,10.0946,
600971.SH,恒源煤电,2005-07-08,1.3317,1.3317,1.2791,1.2839,1875229,2.8413,531960000,1518504000,9.7324,
600971.SH,恒源煤电,2005-07-11,1.2934,1.3317,1.209,1.2138,2965555,4.4933,502920000,1435608000,9.2011,
600971.SH,恒源煤电,2005-07-12,1.1787,1.2759,1.1708,1.2504,4429847,6.7119,518100000,1478940000,9.4788,
600971.SH,恒源煤电,2005-07-13,1.2488,1.2839,1.2233,1.2536,3286487,4.9795,519420000,1482708000,9.503,
600971.SH,恒源煤电,2005-07-14,1.2488,1.2664,1.2281,1.2409,1425381,2.1597,514140000,1467636000,9.4064,
600971.SH,恒源煤电,2005-07-15,1.2345,1.2584,1.1979,1.201,1894557,2.8705,497640000,1420536000,9.1045,
600971.SH,恒源煤电,2005-07-18,1.201,1.201,1.131,1.1373,2410808,3.6527,471240000,1345176000,8.6215,
600971.SH,恒源煤电,2005-07-19,1.131,1.1883,1.1246,1.1819,2130242,3.2276,489720000,1397928000,8.9596,
600971.SH,恒源煤电,2005-07-20,1.1787,1.2026,1.166,1.2026,1561143,2.3654,498300000,1422420000,9.1166,
600971.SH,恒源煤电,2005-07-21,1.2026,1.209,1.1787,1.1963,1346463,2.0401,495660000,1414884000,9.0683,
600971.SH,恒源煤电,2005-07-22,1.1931,1.3094,1.1803,1.2472,6086438,9.2219,516780000,1475172000,7.7601,
600971.SH,恒源煤电,2005-07-25,1.2472,1.2568,1.2138,1.2265,2591619,3.9267,508200000,1450680000,7.6312,
600971.SH,恒源煤电,2005-07-26,1.2377,1.3062,1.2345,1.2887,5940965,9.0015,533940000,1524156000,8.0177,
600971.SH,恒源煤电,2005-07-27,1.2823,1.3683,1.2743,1.3667,6738536,10.2099,566280000,1616472000,8.5034,
600971.SH,恒源煤电,2005-07-28,1.3635,1.3763,1.3317,1.338,5147085,7.7986,554400000,1582560000,8.325,
600971.SH,恒源煤电,2005-07-29,1.3301,1.3508,1.3078,1.3205,2958297,4.4823,547140000,1561836000,8.2159,
600971.SH,恒源煤电,2005-08-01,1.3205,1.3492,1.3014,1.3317,2332753,3.5345,551760000,1575024000,8.2853,
600971.SH,恒源煤电,2005-08-02,1.3317,1.3635,1.3094,1.3603,2951611,4.4721,563640000,1608936000,8.4637,
600971.SH,恒源煤电,2005-08-03,1.3603,1.3954,1.3556,1.3635,4356286,6.6004,564960000,1612704000,8.4835,
600971.SH,恒源煤电,2005-08-04,1.3524,1.3826,1.3396,1.3476,2407952,3.6484,558360000,1593864000,8.3844,
600971.SH,恒源煤电,2005-08-05,1.338,1.4145,1.3349,1.4113,5259105,7.9683,584760000,1669224000,8.7809,
600971.SH,恒源煤电,2005-08-08,1.4161,1.4655,1.4161,1.4336,5494888,8.3256,594000000,1695600000,8.9196,
600971.SH,恒源煤电,2005-08-09,1.4336,1.4448,1.4145,1.44,3170467,4.8037,596640000,1703136000,8.9592,
600971.SH,恒源煤电,2005-08-10,1.4416,1.4766,1.4272,1.4702,3892426,5.8976,609180000,1738932000,9.1476,
600971.SH,恒源煤电,2005-08-11,1.4702,1.5053,1.4655,1.5037,5578953,8.453,623040000,1778496000,9.3557,
600971.SH,恒源煤电,2005-08-12,1.5037,1.5149,1.4336,1.4432,6222606,9.4282,597960000,1706904000,8.9791,
600971.SH,恒源煤电,2005-08-15,1.4448,1.5037,1.4448,1.4973,3590098,5.4395,620400000,1770960000,9.316,
600971.SH,恒源煤电,2005-08-16,1.4973,1.5037,1.44,1.4527,3728903,5.6499,601920000,1718208000,9.0385,
600971.SH,恒源煤电,2005-08-17,1.4464,1.4941,1.4256,1.4926,4564669,6.9162,618420000,1765308000,9.2863,
600971.SH,恒源煤电,2005-08-18,1.4894,1.4926,1.3954,1.4049,4276779,6.48,582120000,1661688000,8.7412,
600971.SH,恒源煤电,2005-08-19,1.4018,1.4241,1.354,1.3699,3055354,4.6293,567600000,1620240000,8.5232,
600971.SH,恒源煤电,2005-08-22,1.3699,1.4145,1.3651,1.4129,1804286,2.7338,585420000,1671108000,8.7908,
600971.SH,恒源煤电,2005-08-23,1.4145,1.4161,1.3683,1.3858,1419682,2.151,574200000,1639080000,8.6223,
600971.SH,恒源煤电,2005-08-24,1.3826,1.4113,1.3699,1.4049,1370134,2.076,582120000,1661688000,8.7412,
600971.SH,恒源煤电,2005-08-25,1.4018,1.4018,1.3221,1.3396,6040911,9.1529,555060000,1584444000,8.3349,
600971.SH,恒源煤电,2005-08-26,1.338,1.338,1.2759,1.2966,4145133,6.2805,537240000,1533576000,8.0673,
600971.SH,恒源煤电,2005-08-29,1.2887,1.2887,1.2632,1.2711,2233686,3.3844,526680000,1503432000,7.9087,
600971.SH,恒源煤电,2005-08-30,1.2711,1.303,1.2632,1.2855,1661821,2.5179,532620000,1520388000,7.9979,
600971.SH,恒源煤电,2005-08-31,1.2855,1.3014,1.2695,1.2982,1630679,2.4707,537900000,1535460000,8.0772,
600971.SH,恒源煤电,2005-09-01,1.2982,1.3333,1.2903,1.3253,2643172,4.0048,549120000,1567488000,8.2457,
600971.SH,恒源煤电,2005-09-02,1.3333,1.3349,1.3126,1.3237,1711443,2.5931,548460000,1565604000,8.2358,
600971.SH,恒源煤电,2005-09-05,1.3253,1.3763,1.3253,1.3683,3191116,4.835,566940000,1618356000,8.5133,
600971.SH,恒源煤电,2005-09-06,1.3731,1.3763,1.3221,1.3237,2795210,4.2352,548460000,1565604000,8.2358,
600971.SH,恒源煤电,2005-09-07,1.3189,1.3699,1.3141,1.3683,2317727,3.5117,566940000,1618356000,8.5133,
600971.SH,恒源煤电,2005-09-08,1.3747,1.4591,1.3683,1.4575,8110613,12.2888,603900000,1723860000,9.0683,
600971.SH,恒源煤电,2005-09-09,1.4575,1.4702,1.4272,1.4511,4655522,7.0538,601260000,1716324000,9.0286,
600971.SH,恒源煤电,2005-09-12,1.4527,1.4575,1.4225,1.4495,1888264,2.861,600600000,1714440000,9.0187,
600971.SH,恒源煤电,2005-09-13,1.4511,1.4894,1.4368,1.4862,4173360,6.3233,615780000,1757772000,9.2467,
600971.SH,恒源煤电,2005-09-14,1.4894,1.4926,1.4543,1.4702,2897943,4.3908,609180000,1738932000,9.1476,
600971.SH,恒源煤电,2005-09-15,1.4702,1.4878,1.4511,1.4702,2959080,4.4835,609180000,1738932000,9.1476,
600971.SH,恒源煤电,2005-09-16,1.4734,1.4957,1.4655,1.4766,2202014,3.3364,611820000,1746468000,9.1872,
600971.SH,恒源煤电,2005-09-19,1.4702,1.4926,1.4702,1.4894,2433453,3.6871,617100000,1761540000,9.2665,
600971.SH,恒源煤电,2005-09-20,1.491,1.4941,1.4272,1.4352,4059586,6.1509,594660000,1697484000,8.9295,
600971.SH,恒源煤电,2005-09-21,1.4336,1.4336,1.389,1.4081,3170431,4.8037,583440000,1665456000,8.761,
600971.SH,恒源煤电,2005-09-22,1.4081,1.4241,1.3699,1.3922,2374021,3.597,576840000,1646616000,8.6619,
600971.SH,恒源煤电,2005-09-23,1.3986,1.4145,1.3699,1.3715,1519593,2.3024,568260000,1622124000,8.5331,
600971.SH,恒源煤电,2005-09-26,1.3747,1.3922,1.3619,1.3842,1159244,1.7564,573540000,1637196000,8.6124,
600971.SH,恒源煤电,2005-09-27,1.3747,1.397,1.3635,1.3667,1180581,1.7888,566280000,1616472000,8.5034,
600971.SH,恒源煤电,2005-09-28,1.3667,1.3842,1.3587,1.3683,755351,1.1445,566940000,1618356000,8.5133,
600971.SH,恒源煤电,2005-09-29,1.3699,1.4065,1.3699,1.3986,1274475,1.931,579480000,1654152000,8.7016,
600971.SH,恒源煤电,2005-09-30,1.3986,1.4256,1.3906,1.4225,1489914,2.2574,589380000,1682412000,8.8502,
600971.SH,恒源煤电,2005-10-10,1.4209,1.4575,1.4065,1.4304,1491009,2.2591,592680000,1691832000,8.8998,
600971.SH,恒源煤电,2005-10-11,1.4304,1.4448,1.4193,1.4448,1082919,1.6408,598620000,1708788000,8.989,
600971.SH,恒源煤电,2005-10-12,1.4464,1.4957,1.4336,1.4862,4183351,6.3384,615780000,1757772000,9.2467,
600971.SH,恒源煤电,2005-10-13,1.4862,1.5228,1.4559,1.4607,5476747,8.2981,605220000,1727628000,9.0881,
600971.SH,恒源煤电,2005-10-14,1.4591,1.4782,1.4511,1.4702,2047430,3.1022,609180000,1738932000,9.1476,
600971.SH,恒源煤电,2005-10-17,1.4655,1.4846,1.4543,1.4798,1770760,2.683,613140000,1750236000,9.207,
600971.SH,恒源煤电,2005-10-18,1.4734,1.5101,1.4734,1.5037,2652870,4.0195,623040000,1778496000,9.3557,
600971.SH,恒源煤电,2005-10-19,1.5037,1.5053,1.4145,1.4177,4193478,6.3538,587400000,1676760000,8.8205,
600971.SH,恒源煤电,2005-10-20,1.4145,1.4256,1.3938,1.4145,2188669,3.3162,586080000,1672992000,8.8007,
600971.SH,恒源煤电,2005-10-21,1.4336,1.4448,1.4161,1.4304,2245976,3.403,592680000,1691832000,9.1127,
600971.SH,恒源煤电,2005-10-24,1.432,1.4495,1.4097,1.44,1181793,1.7906,596640000,1703136000,9.1736,
600971.SH,恒源煤电,2005-10-25,1.4336,1.44,1.4002,1.4033,1441177,2.1836,581460000,1659804000,8.9402,
600971.SH,恒源煤电,2005-10-26,1.4018,1.4033,1.3205,1.3221,3003232,4.5504,547800000,1563720000,8.4227,
600971.SH,恒源煤电,2005-10-27,1.3221,1.3444,1.3094,1.3317,1440319,2.1823,551760000,1575024000,8.4835,
600971.SH,恒源煤电,2005-10-28,1.3317,1.3317,1.3317,1.3317,--,--,551760000,1575024000,8.4835,
600971.SH,恒源煤电,2005-10-31,1.2743,1.3046,1.2711,1.2934,1566913,2.3741,535920000,1529808000,8.24,
600971.SH,恒源煤电,2005-11-01,1.2934,1.2934,1.217,1.2472,2114660,3.204,516780000,1475172000,7.9457,
600971.SH,恒源煤电,2005-11-02,1.2441,1.2759,1.2377,1.2727,1804298,2.7338,527340000,1505316000,8.1081,
600971.SH,恒源煤电,2005-11-03,1.268,1.2807,1.2393,1.2457,1693155,2.5654,516120000,1473288000,7.9356,
600971.SH,恒源煤电,2005-11-04,1.2425,1.26,1.2313,1.2584,919376,1.393,521400000,1488360000,8.0167,
600971.SH,恒源煤电,2005-11-07,1.2584,1.2584,1.2377,1.2488,936941,1.4196,517440000,1477056000,7.9559,
600971.SH,恒源煤电,2005-11-08,1.2504,1.295,1.2488,1.2903,2099351,3.1808,534600000,1526040000,8.2197,
600971.SH,恒源煤电,2005-11-09,1.2982,1.3906,1.2982,1.338,5552953,8.4136,554400000,1582560000,8.5241,
600971.SH,恒源煤电,2005-11-10,1.3396,1.3619,1.2998,1.3157,2664771,4.0375,545160000,1556184000,8.3821,
600971.SH,恒源煤电,2005-11-11,1.2982,1.338,1.2982,1.3301,1223152,1.8533,551100000,1573140000,8.4734,
600971.SH,恒源煤电,2005-11-14,1.3349,1.3683,1.311,1.354,2426513,3.6765,561000000,1601400000,8.6256,
600971.SH,恒源煤电,2005-11-15,1.3587,1.3715,1.3349,1.3428,2773502,4.2023,556380000,1588212000,8.5546,
600971.SH,恒源煤电,2005-11-16,1.3428,1.346,1.3046,1.3349,1234175,1.87,553080000,1578792000,8.5038,
600971.SH,恒源煤电,2005-11-17,1.3333,1.3619,1.3141,1.3508,1804646,2.7343,559680000,1597632000,8.6053,
600971.SH,恒源煤电,2005-11-18,1.3587,1.3986,1.3587,1.381,3769355,5.7111,572220000,1633428000,8.7981,
600971.SH,恒源煤电,2005-11-21,1.3858,1.3858,1.3524,1.3635,1722435,2.6097,564960000,1612704000,8.6865,
600971.SH,恒源煤电,2005-11-22,1.3683,1.3683,1.3333,1.3476,1617849,2.4513,558360000,1593864000,8.585,
600971.SH,恒源煤电,2005-11-23,1.3476,1.3619,1.338,1.3524,899974,1.3636,560340000,1599516000,8.6155,
600971.SH,恒源煤电,2005-11-24,1.3635,1.3635,1.3349,1.3476,1161381,1.7597,558360000,1593864000,8.585,
600971.SH,恒源煤电,2005-11-25,1.3524,1.3842,1.3508,1.3667,2830546,4.2887,566280000,1616472000,8.7068,
600971.SH,恒源煤电,2005-11-28,1.3667,1.3779,1.3428,1.3492,809150,1.226,559020000,1595748000,8.5952,
600971.SH,恒源煤电,2005-11-29,1.3508,1.3508,1.3173,1.3301,1354659,2.0525,551100000,1573140000,8.4734,
600971.SH,恒源煤电,2005-11-30,1.3301,1.3556,1.3237,1.354,1138123,1.7244,561000000,1601400000,8.6256,
600971.SH,恒源煤电,2005-12-01,1.3587,1.3603,1.3396,1.3428,884460,1.3401,556380000,1588212000,8.5546,
600971.SH,恒源煤电,2005-12-02,1.3428,1.354,1.3269,1.3333,1279822,1.9391,552420000,1576908000,8.4937,
600971.SH,恒源煤电,2005-12-05,1.3524,1.3524,1.2743,1.295,1215201,1.8412,536580000,1531692000,8.2501,
600971.SH,恒源煤电,2005-12-06,1.295,1.3221,1.2823,1.3062,780412,1.1824,541200000,1544880000,8.3212,
600971.SH,恒源煤电,2005-12-07,1.311,1.3189,1.2966,1.311,997206,1.5109,543180000,1550532000,8.3516,
600971.SH,恒源煤电,2005-12-08,1.3189,1.3189,1.2998,1.303,731186,1.1079,539880000,1541112000,8.3009,
600971.SH,恒源煤电,2005-12-09,1.3189,1.338,1.3062,1.3317,1343365,2.0354,551760000,1575024000,8.4835,
600971.SH,恒源煤电,2005-12-12,1.3364,1.3572,1.3237,1.3524,1068112,1.6184,560340000,1599516000,8.6155,
600971.SH,恒源煤电,2005-12-13,1.3412,1.3524,1.3221,1.3428,918611,1.3918,556380000,1588212000,8.5546,
600971.SH,恒源煤电,2005-12-14,1.346,1.3603,1.3333,1.3524,1195140,1.8108,560340000,1599516000,8.6155,
600971.SH,恒源煤电,2005-12-15,1.3556,1.3699,1.3428,1.3444,1264368,1.9157,557040000,1590096000,8.5647,
600971.SH,恒源煤电,2005-12-16,1.3428,1.3587,1.3317,1.3524,751928,1.1393,560340000,1599516000,8.6155,
600971.SH,恒源煤电,2005-12-19,1.3524,1.3524,1.3524,1.3524,--,--,560340000,1599516000,8.6155,
600971.SH,恒源煤电,2005-12-20,1.3524,1.3524,1.3524,1.3524,--,--,560340000,1599516000,8.6155,
600971.SH,恒源煤电,2005-12-21,1.3524,1.3524,1.3524,1.3524,--,--,560340000,1599516000,8.6155,
600971.SH,恒源煤电,2005-12-22,1.3524,1.3524,1.3524,1.3524,--,--,560340000,1599516000,8.6155,
600971.SH,恒源煤电,2005-12-23,1.3524,1.3524,1.3524,1.3524,--,--,560340000,1599516000,8.6155,
600971.SH,恒源煤电,2005-12-26,1.3524,1.3524,1.3524,1.3524,--,--,560340000,1599516000,8.6155,
600971.SH,恒源煤电,2005-12-27,1.3524,1.3524,1.3524,1.3524,--,--,560340000,1599516000,8.6155,
600971.SH,恒源煤电,2005-12-28,1.3524,1.3524,1.3524,1.3524,--,--,560340000,1599516000,8.6155,
600971.SH,恒源煤电,2005-12-29,1.4591,1.4878,1.4272,1.4878,8880694,13.4556,616440000,1759656000,9.478,
600971.SH,恒源煤电,2005-12-30,1.5085,1.5563,1.4766,1.5276,7340156,11.1214,632940000,1806756000,9.7317,
600971.SH,恒源煤电,2006-01-04,1.5292,1.5833,1.5276,1.5579,5188195,7.8609,645480000,1842552000,9.9245,
600971.SH,恒源煤电,2006-01-05,1.5595,1.5833,1.5467,1.5706,3735342,5.6596,650760000,1857624000,10.0057,
600971.SH,恒源煤电,2006-01-06,1.5706,1.5913,1.5515,1.5849,4144092,6.2789,656700000,1874580000,10.097,
600971.SH,恒源煤电,2006-01-09,1.5897,1.7124,1.5897,1.7028,6742408,10.2158,705540000,2013996000,10.848,
600971.SH,恒源煤电,2006-01-10,1.7028,1.7028,1.7028,1.7028,--,--,705540000,2013996000,10.848,
600971.SH,恒源煤电,2006-01-11,1.7028,1.7028,1.7028,1.7028,--,--,705540000,2013996000,10.848,
600971.SH,恒源煤电,2006-01-12,1.7028,1.7028,1.7028,1.7028,--,--,705540000,2013996000,10.848,
600971.SH,恒源煤电,2006-01-13,1.7028,1.7028,1.7028,1.7028,--,--,705540000,2013996000,10.848,
600971.SH,恒源煤电,2006-01-16,1.7028,1.7028,1.7028,1.7028,--,--,705540000,2013996000,10.848,
600971.SH,恒源煤电,2006-01-17,1.7028,1.7028,1.7028,1.7028,--,--,705540000,2013996000,10.848,
600971.SH,恒源煤电,2006-01-18,1.7028,1.7028,1.7028,1.7028,--,--,705540000,2013996000,10.848,
600971.SH,恒源煤电,2006-01-19,1.7028,1.7028,1.7028,1.7028,--,--,705540000,2013996000,10.848,
600971.SH,恒源煤电,2006-01-20,1.7028,1.7028,1.7028,1.7028,--,--,705540000,2013996000,10.848,
600971.SH,恒源煤电,2006-01-23,1.7028,1.7028,1.7028,1.7028,--,--,705540000,2013996000,10.848,
600971.SH,恒源煤电,2006-01-24,1.7028,1.7028,1.7028,1.7028,--,--,705540000,2013996000,10.848,
600971.SH,恒源煤电,2006-01-25,1.7028,1.7028,1.7028,1.7028,--,--,705540000,2013996000,10.848,
600971.SH,恒源煤电,2006-02-06,1.7028,1.7028,1.7028,1.7028,--,--,705540000,2013996000,10.848,
600971.SH,恒源煤电,2006-02-07,1.7028,1.7028,1.7028,1.7028,--,--,705540000,2013996000,10.848,
600971.SH,恒源煤电,2006-02-08,1.7028,1.7028,1.7028,1.7028,--,--,705540000,2013996000,10.848,
600971.SH,恒源煤电,2006-02-09,1.7028,1.7028,1.7028,1.7028,--,--,705540000,2013996000,10.848,
600971.SH,恒源煤电,2006-02-10,1.7028,1.7028,1.7028,1.7028,--,--,705540000,2013996000,10.848,
600971.SH,恒源煤电,2006-02-13,1.7028,1.7028,1.7028,1.7028,--,--,705540000,2013996000,10.848,
600971.SH,恒源煤电,2006-02-14,1.7028,1.7028,1.7028,1.7028,--,--,639540000,1825596000,9.8332,
600971.SH,恒源煤电,2006-02-15,2.0134,2.1939,1.9882,2.1208,18561409,23.0519,747225600,1748352000,9.4171,
600971.SH,恒源煤电,2006-02-16,2.1048,2.1208,1.9837,1.986,9389101,11.6606,699718800,1637196000,8.8184,
600971.SH,恒源煤电,2006-02-17,1.9654,2.0157,1.906,1.9791,6126541,7.6087,697303200,1631544000,8.788,
600971.SH,恒源煤电,2006-02-20,1.9722,2.0499,1.954,1.9768,3976035,4.9379,696498000,1629660000,8.7778,
600971.SH,恒源煤电,2006-02-21,1.9791,2.0202,1.9334,2.0111,3164939,3.9306,708576000,1657920000,8.93,
600971.SH,恒源煤电,2006-02-22,2.0111,2.0477,1.9928,2.0042,3386114,4.2053,706160400,1652268000,8.8996,
600971.SH,恒源煤电,2006-02-23,2.0065,2.0111,1.9448,1.9631,3087349,3.8343,691666800,1618356000,8.7169,
600971.SH,恒源煤电,2006-02-24,1.9654,1.9837,1.954,1.9654,2077277,2.5798,692472000,1620240000,8.7271,
600971.SH,恒源煤电,2006-02-27,1.9654,1.9882,1.9494,1.9517,1978333,2.4569,687640800,1608936000,8.6662,
600971.SH,恒源煤电,2006-02-28,1.9448,1.97,1.9014,1.9403,3164880,3.9306,683614800,1599516000,8.6155,
600971.SH,恒源煤电,2006-03-01,1.938,1.9654,1.9174,1.954,2570839,3.1928,688446000,1610820000,8.6763,
600971.SH,恒源煤电,2006-03-02,1.954,1.9654,1.8694,1.8877,2770991,3.4414,665095200,1556184000,8.3821,
600971.SH,恒源煤电,2006-03-03,1.9311,1.9562,1.9037,1.9425,3580084,4.4462,684420000,1601400000,7.8835,
600971.SH,恒源煤电,2006-03-06,1.9425,1.954,1.8945,1.8991,2013886,2.5011,669121200,1565604000,7.7073,
600971.SH,恒源煤电,2006-03-07,1.8945,1.8945,1.778,1.7826,3423307,4.2515,628056000,1469520000,7.2343,
600971.SH,恒源煤电,2006-03-08,1.7826,1.8191,1.7574,1.8054,2016116,2.5039,636108000,1488360000,7.327,
600971.SH,恒源煤电,2006-03-09,1.8054,1.8191,1.7734,1.7871,1381763,1.716,629666400,1473288000,7.2528,
600971.SH,恒源煤电,2006-03-10,1.7826,1.8008,1.7757,1.7826,1102814,1.3696,628056000,1469520000,7.2343,
600971.SH,恒源煤电,2006-03-13,1.7826,1.794,1.7689,1.7848,1342521,1.6673,628861200,1471404000,7.2436,
600971.SH,恒源煤电,2006-03-14,1.7848,1.8237,1.7734,1.8146,1676293,2.0818,639328800,1495896000,7.3641,
600971.SH,恒源煤电,2006-03-15,1.8146,1.8557,1.7986,1.8511,2023093,2.5125,652212000,1526040000,7.5125,
600971.SH,恒源煤电,2006-03-16,1.8511,1.8557,1.8283,1.8397,1371190,1.7029,648186000,1516620000,7.4662,
600971.SH,恒源煤电,2006-03-17,1.8351,1.8397,1.8008,1.8123,1285407,1.5964,638523600,1494012000,7.3549,
600971.SH,恒源煤电,2006-03-20,1.8054,1.8374,1.794,1.8306,1082852,1.3448,644965200,1509084000,7.4291,
600971.SH,恒源煤电,2006-03-21,1.8306,1.8968,1.8283,1.8648,2726409,3.386,657043200,1537344000,7.5682,
600971.SH,恒源煤电,2006-03-22,1.8671,1.922,1.858,1.9197,2489329,3.0916,676368000,1582560000,7.7908,
600971.SH,恒源煤电,2006-03-23,1.9197,1.9357,1.8991,1.9243,2334165,2.8989,677978400,1586328000,7.8093,
600971.SH,恒源煤电,2006-03-24,1.9265,1.9311,1.8808,1.8831,2107775,2.6177,663484800,1552416000,7.6424,
600971.SH,恒源煤电,2006-03-27,1.8831,1.9197,1.874,1.9174,1698752,2.1097,675562800,1580676000,7.7815,
600971.SH,恒源煤电,2006-03-28,1.9151,1.9174,1.858,1.8717,3404203,4.2278,659458800,1542996000,7.6183,
600971.SH,恒源煤电,2006-03-29,1.8717,1.8877,1.8534,1.8648,3277263,4.0701,657043200,1537344000,7.5904,
600971.SH,恒源煤电,2006-03-30,1.8603,1.9105,1.8534,1.8808,3226057,4.0065,662679600,1550532000,7.6555,
600971.SH,恒源煤电,2006-03-31,1.8968,1.9722,1.8808,1.97,6177106,7.6715,694082400,1624008000,8.0182,
600971.SH,恒源煤电,2006-04-03,1.9837,2.0911,1.9837,2.0454,8442424,10.4849,720654000,1686180000,8.3252,
600971.SH,恒源煤电,2006-04-04,2.0522,2.0637,1.9882,2.0385,5329517,6.6189,718238400,1680528000,8.2973,
600971.SH,恒源煤电,2006-04-05,2.034,2.0568,2.0111,2.0431,4003922,4.9726,719848800,1684296000,8.3159,
600971.SH,恒源煤电,2006-04-06,2.0454,2.0797,2.002,2.0111,4384942,5.4458,708576000,1657920000,8.1857,
600971.SH,恒源煤电,2006-04-07,2.0065,2.0134,1.9425,1.9722,4468911,5.5501,694887600,1625892000,8.0275,
600971.SH,恒源煤电,2006-04-10,1.9677,2.0751,1.9677,2.0659,6243336,7.7538,727900800,1703136000,8.4089,
600971.SH,恒源煤电,2006-04-11,2.0751,2.1505,2.0385,2.1185,8396883,10.4283,746420400,1746468000,8.6229,
600971.SH,恒源煤电,2006-04-12,2.1139,2.1139,2.0568,2.0614,4661684,5.7895,726290400,1699368000,8.3903,
600971.SH,恒源煤电,2006-04-13,2.0637,2.0637,1.9608,1.9654,4430544,5.5024,692472000,1620240000,7.9996,
600971.SH,恒源煤电,2006-04-14,1.9654,2.0431,1.9562,2.018,2952117,3.6663,710991600,1663572000,8.2136,
600971.SH,恒源煤电,2006-04-17,2.0111,2.0454,1.9768,2.018,2858934,3.5506,710991600,1663572000,8.2136,
600971.SH,恒源煤电,2006-04-18,2.0225,2.0317,1.9928,2.0065,2294083,2.8491,706965600,1654152000,8.1671,
600971.SH,恒源煤电,2006-04-19,2.0065,2.0225,1.9471,1.9882,3859467,4.7932,700524000,1639080000,8.0927,
600971.SH,恒源煤电,2006-04-20,1.9882,2.0522,1.9517,2.0477,5310647,6.5954,721459200,1688064000,8.3345,
600971.SH,恒源煤电,2006-04-21,2.0477,2.0957,2.0088,2.0591,7215673,8.9613,725485200,1697484000,8.381,
600971.SH,恒源煤电,2006-04-24,2.034,2.034,1.9677,1.9722,8173137,10.1504,694887600,1625892000,8.4947,
600971.SH,恒源煤电,2006-04-25,1.9448,2.0957,1.8328,2.0408,12026644,14.9362,719043600,1682412000,8.79,
600971.SH,恒源煤电,2006-04-26,2.0248,2.0797,1.9745,1.986,7267633,9.0259,699718800,1637196000,8.5538,
600971.SH,恒源煤电,2006-04-27,1.9745,1.9837,1.8991,1.9083,4851154,6.0248,672342000,1573140000,8.2191,
600971.SH,恒源煤电,2006-04-28,1.8854,1.9334,1.8626,1.9243,2983819,3.7057,677978400,1586328000,8.288,
600971.SH,恒源煤电,2006-05-08,1.9243,1.9243,1.9243,1.9243,--,--,677978400,1586328000,8.288,
600971.SH,恒源煤电,2006-05-09,1.9882,2.0065,1.938,1.9768,5330140,6.6196,696498000,1629660000,8.5144,
600971.SH,恒源煤电,2006-05-10,1.9768,2.0294,1.9425,2.018,6862722,8.523,710991600,1663572000,8.6916,
600971.SH,恒源煤电,2006-05-11,2.034,2.2168,2.034,2.1139,14960401,18.5797,744810000,1742700000,9.105,
600971.SH,恒源煤电,2006-05-12,2.1025,2.1551,2.0797,2.1459,7726047,9.5952,756082800,1769076000,9.2428,
600971.SH,恒源煤电,2006-05-15,2.1711,2.3196,2.1711,2.3173,10607206,13.1734,816472800,1910376000,9.981,
600971.SH,恒源煤电,2006-05-16,2.3128,2.4019,2.1711,2.1848,10482689,13.0187,769771200,1801104000,9.4101,
600971.SH,恒源煤电,2006-05-17,2.1779,2.2579,2.1002,2.1436,7174149,8.9098,755277600,1767192000,9.2329,
600971.SH,恒源煤电,2006-05-18,2.1414,2.1414,2.0614,2.1117,5007439,6.2189,744004800,1740816000,9.0951,
600971.SH,恒源煤电,2006-05-19,2.1139,2.1894,2.0842,2.1734,4982879,6.1884,765745200,1791684000,9.3609,
600971.SH,恒源煤电,2006-05-22,2.1825,2.2625,2.1734,2.2168,5463295,6.785,781044000,1827480000,9.5479,
600971.SH,恒源煤电,2006-05-23,2.2122,2.2168,2.0797,2.0797,5305153,6.5886,732732000,1714440000,8.9573,
600971.SH,恒源煤电,2006-05-24,2.0705,2.1231,1.9837,2.0225,4146026,5.1491,712602000,1667340000,8.7113,
600971.SH,恒源煤电,2006-05-25,2.0225,2.0911,2.0111,2.0819,2749546,3.4147,733537200,1716324000,8.9672,
600971.SH,恒源煤电,2006-05-26,2.0842,2.0979,2.0682,2.0957,2422661,3.0088,738368400,1727628000,9.0262,
600971.SH,恒源煤电,2006-05-29,2.0979,2.1299,2.0705,2.1276,2651791,3.2933,749641200,1754004000,9.164,
600971.SH,恒源煤电,2006-05-30,2.1299,2.2099,2.1048,2.1871,5179522,6.4326,770576400,1802988000,9.42,
600971.SH,恒源煤电,2006-05-31,2.1894,2.2511,2.1368,2.1436,5214689,6.4763,755277600,1767192000,9.2329,
600971.SH,恒源煤电,2006-06-01,2.1391,2.2236,2.1254,2.2099,4766153,5.9192,778628400,1821828000,9.5184,
600971.SH,恒源煤电,2006-06-02,2.2373,2.2511,2.1436,2.1528,4789022,5.9476,758498400,1774728000,9.2723,
600971.SH,恒源煤电,2006-06-05,2.1482,2.2213,2.1208,2.2168,3481543,4.3238,781044000,1827480000,9.5479,
600971.SH,恒源煤电,2006-06-06,2.1939,2.2442,2.1734,2.2259,4151107,5.1554,784264800,1835016000,9.5873,
600971.SH,恒源煤电,2006-06-07,2.2191,2.2465,2.034,2.0499,4531722,5.6281,722264400,1689948000,8.8294,
600971.SH,恒源煤电,2006-06-08,2.0454,2.0888,1.9951,2.0659,2730856,3.3915,727900800,1703136000,8.8983,
600971.SH,恒源煤电,2006-06-09,2.0751,2.1117,2.0111,2.0157,2758204,3.4255,710186400,1661688000,8.6817,
600971.SH,恒源煤电,2006-06-12,2.0157,2.0454,2.002,2.0271,1473539,1.83,714212400,1671108000,8.7309,
600971.SH,恒源煤电,2006-06-13,2.034,2.0751,2.0111,2.0362,1140048,1.4159,717433200,1678644000,8.7703,
600971.SH,恒源煤电,2006-06-14,2.0385,2.0545,1.9608,1.97,1577589,1.9593,694082400,1624008000,8.4849,
600971.SH,恒源煤电,2006-06-15,1.9791,2.0225,1.9677,1.9974,1683348,2.0906,703744800,1646616000,8.603,
600971.SH,恒源煤电,2006-06-16,2.0111,2.0568,1.9974,2.0499,1130958,1.4046,722264400,1689948000,8.8294,
600971.SH,恒源煤电,2006-06-19,2.034,2.0911,2.0111,2.0705,1607798,1.9968,729511200,1706904000,8.918,
600971.SH,恒源煤电,2006-06-20,2.0614,2.0842,2.0362,2.0568,1292337,1.605,724680000,1695600000,8.8589,
600971.SH,恒源煤电,2006-06-21,2.0637,2.1825,2.0637,2.1528,5092151,6.3241,758498400,1774728000,9.2723,
600971.SH,恒源煤电,2006-06-22,2.1482,2.1962,2.1276,2.1848,3489949,4.3343,769771200,1801104000,9.4101,
600971.SH,恒源煤电,2006-06-23,2.1848,2.2008,2.0979,2.1071,3205042,3.9804,742394400,1737048000,9.0754,
600971.SH,恒源煤电,2006-06-26,2.1071,2.1436,2.1071,2.1254,1941055,2.4106,748836000,1752120000,9.1542,
600971.SH,恒源煤电,2006-06-27,2.1254,2.1391,2.0774,2.0888,1920973,2.3857,735952800,1721976000,8.9967,
600971.SH,恒源煤电,2006-06-28,2.0979,2.1048,2.0728,2.0934,1178726,1.4639,737563200,1725744000,9.0164,
600971.SH,恒源煤电,2006-06-29,2.0934,2.1482,2.0842,2.1482,2622473,3.2569,756888000,1770960000,9.2526,
600971.SH,恒源煤电,2006-06-30,2.1665,2.1894,2.1254,2.1711,3898377,4.8415,764940000,1789800000,9.3511,
600971.SH,恒源煤电,2006-07-03,2.1734,2.2396,2.1734,2.2191,5495050,6.8245,781849200,1829364000,9.5578,
600971.SH,恒源煤电,2006-07-04,2.2213,2.2236,2.1482,2.1665,3258687,4.0471,763329600,1786032000,9.3314,
600971.SH,恒源煤电,2006-07-05,2.1528,2.1596,2.1048,2.1299,2225328,2.7637,750446400,1755888000,9.1739,
600971.SH,恒源煤电,2006-07-06,2.1162,2.2054,2.1139,2.1871,2184761,2.7133,770576400,1802988000,9.42,
600971.SH,恒源煤电,2006-07-07,2.1871,2.2031,2.1436,2.1505,2231393,2.7712,757693200,1772844000,9.2625,
600971.SH,恒源煤电,2006-07-10,2.1482,2.1665,2.1185,2.1574,1816310,2.2557,760108800,1778496000,9.292,
600971.SH,恒源煤电,2006-07-11,2.1574,2.1596,2.1231,2.1574,1736611,2.1567,760108800,1778496000,9.292,
600971.SH,恒源煤电,2006-07-12,2.1482,2.2031,2.1276,2.1665,3079526,3.8245,763329600,1786032000,9.3314,
600971.SH,恒源煤电,2006-07-13,2.1482,2.1711,2.0134,2.0157,4216156,5.2362,710186400,1661688000,8.6817,
600971.SH,恒源煤电,2006-07-14,2.0111,2.0545,1.9974,2.0157,2423787,3.0102,710186400,1661688000,8.6817,
600971.SH,恒源煤电,2006-07-17,2.0111,2.0454,1.9928,2.0431,2308485,2.867,719848800,1684296000,8.7998,
600971.SH,恒源煤电,2006-07-18,2.0454,2.0568,2.0088,2.0294,2062567,2.5616,715017600,1672992000,8.7408,
600971.SH,恒源煤电,2006-07-19,2.0225,2.0317,1.9768,1.9928,1807301,2.2445,702134400,1642848000,8.5833,
600971.SH,恒源煤电,2006-07-20,1.9928,2.0408,1.9928,2.0225,979767,1.2168,712602000,1667340000,8.7113,
600971.SH,恒源煤电,2006-07-21,2.0248,2.0408,2.0157,2.0294,954145,1.185,715017600,1672992000,8.7408,
600971.SH,恒源煤电,2006-07-24,2.0134,2.0431,1.9768,2.0294,892851,1.1089,715017600,1672992000,8.7408,
600971.SH,恒源煤电,2006-07-25,2.0294,2.0728,2.0294,2.0591,1136227,1.4111,725485200,1697484000,8.8687,
600971.SH,恒源煤电,2006-07-26,2.0728,2.0797,2.0454,2.0614,933215,1.159,726290400,1699368000,8.8786,
600971.SH,恒源煤电,2006-07-27,2.0728,2.0728,2.002,2.034,1313331,1.6311,716628000,1676760000,8.7605,
600971.SH,恒源煤电,2006-07-28,2.034,2.0499,1.9905,2.0477,1362494,1.6921,721459200,1688064000,8.8195,
600971.SH,恒源煤电,2006-07-31,2.1162,2.1711,2.0751,2.0865,4677461,5.8091,735147600,1720092000,8.4136,
600971.SH,恒源煤电,2006-08-01,2.0865,2.1117,2.0317,2.0568,1839425,2.2844,724680000,1695600000,8.2938,
600971.SH,恒源煤电,2006-08-02,2.0454,2.0819,2.0294,2.0751,1402169,1.7414,731121600,1710672000,8.3675,
600971.SH,恒源煤电,2006-08-03,2.0751,2.1002,2.0454,2.0637,1195937,1.4853,727095600,1701252000,8.3215,
600971.SH,恒源煤电,2006-08-04,2.0637,2.0819,1.9768,1.9791,1802200,2.2382,697303200,1631544000,7.9805,
600971.SH,恒源煤电,2006-08-07,1.9608,1.986,1.8968,1.9174,2022736,2.5121,675562800,1580676000,7.7317,
600971.SH,恒源煤电,2006-08-08,1.9311,1.9677,1.9243,1.9677,883462,1.0972,693277200,1622124000,7.9344,
600971.SH,恒源煤电,2006-08-09,1.9677,1.97,1.9311,1.9494,724977,0.9004,686835600,1607052000,7.8607,
600971.SH,恒源煤电,2006-08-10,1.954,1.9997,1.9494,1.986,911102,1.1315,699718800,1637196000,8.0081,
600971.SH,恒源煤电,2006-08-11,1.9997,1.9997,1.97,1.986,761590,0.9458,699718800,1637196000,8.0081,
600971.SH,恒源煤电,2006-08-14,1.9882,2.0225,1.9448,1.9585,1066473,1.3245,690056400,1614588000,7.8975,
600971.SH,恒源煤电,2006-08-15,1.9448,2.002,1.9425,1.9951,593087,0.7366,702939600,1644732000,8.045,
600971.SH,恒源煤电,2006-08-16,1.9997,2.0751,1.9997,2.0454,2038902,2.5322,720654000,1686180000,8.2477,
600971.SH,恒源煤电,2006-08-17,2.0568,2.0568,2.0111,2.0225,988738,1.2279,712602000,1667340000,8.1556,
600971.SH,恒源煤电,2006-08-18,2.0202,2.0385,1.9997,2.0157,627148,0.7789,710186400,1661688000,8.1279,
600971.SH,恒源煤电,2006-08-21,2.0157,2.0157,2.0157,2.0157,--,--,710186400,1661688000,8.1279,
600971.SH,恒源煤电,2006-08-22,2.0248,2.0682,2.0157,2.0522,1283391,1.5939,723069600,1691832000,8.2754,
600971.SH,恒源煤电,2006-08-23,2.0659,2.0659,2.0248,2.0408,925390,1.1493,719043600,1682412000,8.2293,
600971.SH,恒源煤电,2006-08-24,2.0385,2.0477,2.018,2.0454,567486,0.7048,720654000,1686180000,8.2477,
600971.SH,恒源煤电,2006-08-25,2.0408,2.1208,2.0362,2.0842,2070382,2.5713,734342400,1718208000,8.4044,
600971.SH,恒源煤电,2006-08-28,2.0774,2.1162,2.0728,2.1071,1663656,2.0661,742394400,1737048000,8.4965,
600971.SH,恒源煤电,2006-08-29,2.1094,2.1619,2.0957,2.0979,3555113,4.4152,739173600,1729512000,8.4597,
600971.SH,恒源煤电,2006-08-30,2.0911,2.1139,2.0842,2.1002,961496,1.1941,739978800,1731396000,8.4689,
600971.SH,恒源煤电,2006-08-31,2.0979,2.1185,2.0659,2.0797,1470343,1.8261,732732000,1714440000,8.386,
600971.SH,恒源煤电,2006-09-01,2.0865,2.0979,2.034,2.0477,1319611,1.6389,721459200,1688064000,8.2569,
600971.SH,恒源煤电,2006-09-04,2.0454,2.1025,2.034,2.0979,1234280,1.5329,739173600,1729512000,8.4597,
600971.SH,恒源煤电,2006-09-05,2.1094,2.1117,2.0797,2.0911,861654,1.0701,736758000,1723860000,8.432,
600971.SH,恒源煤电,2006-09-06,2.0865,2.1117,2.0637,2.1094,1486870,1.8466,743199600,1738932000,8.5058,
600971.SH,恒源煤电,2006-09-07,2.1117,2.1162,2.0568,2.0682,927528,1.1519,728706000,1705020000,8.3399,
600971.SH,恒源煤电,2006-09-08,2.0637,2.0819,2.0568,2.0614,473337,0.5879,726290400,1699368000,8.3122,
600971.SH,恒源煤电,2006-09-11,2.0659,2.0751,2.0225,2.0545,763564,0.9483,723874800,1693716000,8.2846,
600971.SH,恒源煤电,2006-09-12,2.0522,2.0774,2.0477,2.0705,1005583,1.2489,729511200,1706904000,8.3491,
600971.SH,恒源煤电,2006-09-13,2.0705,2.0842,2.0522,2.0568,869088,1.0793,724680000,1695600000,8.2938,
600971.SH,恒源煤电,2006-09-14,2.0408,2.0545,1.9905,2.0248,1388375,1.7243,713407200,1669224000,8.1648,
600971.SH,恒源煤电,2006-09-15,2.0248,2.0911,2.0248,2.0911,1595342,1.9813,736758000,1723860000,8.432,
600971.SH,恒源煤电,2006-09-18,2.1025,2.1254,2.0842,2.1025,1399361,1.7379,740784000,1733280000,8.4781,
600971.SH,恒源煤电,2006-09-19,2.1139,2.1459,2.0911,2.1345,2912017,3.6165,752056800,1759656000,8.6071,
600971.SH,恒源煤电,2006-09-20,2.1276,2.1299,2.0934,2.1002,1381334,1.7155,739978800,1731396000,8.4689,
600971.SH,恒源煤电,2006-09-21,2.0979,2.1185,2.0888,2.1025,1102733,1.3695,740784000,1733280000,8.4781,
600971.SH,恒源煤电,2006-09-22,2.1025,2.1139,2.0568,2.0591,1157871,1.438,725485200,1697484000,8.303,
600971.SH,恒源煤电,2006-09-25,2.0568,2.0637,2.0225,2.0385,970117,1.2048,718238400,1680528000,8.2201,
600971.SH,恒源煤电,2006-09-26,2.034,2.0522,2.0294,2.0408,707895,0.8792,719043600,1682412000,8.2293,
600971.SH,恒源煤电,2006-09-27,2.0317,2.0637,2.0317,2.0522,398048,0.4943,723069600,1691832000,8.2754,
600971.SH,恒源煤电,2006-09-28,2.0568,2.0659,2.0477,2.0568,912483,1.1332,724680000,1695600000,8.2938,
600971.SH,恒源煤电,2006-09-29,2.0591,2.1185,2.0591,2.1002,1904964,2.3658,739978800,1731396000,8.4689,
600971.SH,恒源煤电,2006-10-09,2.1025,2.1299,2.1002,2.1162,1652829,2.0527,745615200,1744584000,8.5334,
600971.SH,恒源煤电,2006-10-10,2.1254,2.1254,2.0888,2.1002,1207902,1.5001,739978800,1731396000,8.4689,
600971.SH,恒源煤电,2006-10-11,2.1002,2.1391,2.0979,2.1299,1898755,2.3581,750446400,1755888000,8.5887,
600971.SH,恒源煤电,2006-10-12,2.1436,2.1482,2.0979,2.1208,1542690,1.9159,747225600,1748352000,8.5518,
600971.SH,恒源煤电,2006-10-13,2.1025,2.1711,2.1025,2.1596,4262205,5.2933,760914000,1780380000,8.7085,
600971.SH,恒源煤电,2006-10-16,2.1734,2.2259,2.1711,2.1848,5689880,7.0664,769771200,1801104000,8.8099,
600971.SH,恒源煤电,2006-10-17,2.1939,2.2579,2.1734,2.2442,5736242,7.124,790706400,1850088000,8.2843,
600971.SH,恒源煤电,2006-10-18,2.2625,2.3013,2.2282,2.2511,5343177,6.6358,793122000,1855740000,8.3096,
600971.SH,恒源煤电,2006-10-19,2.2511,2.3333,2.2191,2.3242,5057591,6.2812,818888400,1916028000,8.5795,
600971.SH,恒源煤电,2006-10-20,2.331,2.3493,2.2693,2.2762,3772706,4.6854,801979200,1876464000,8.4024,
600971.SH,恒源煤电,2006-10-23,2.2625,2.3722,2.2625,2.3013,5129353,6.3703,810836400,1897188000,8.4952,
600971.SH,恒源煤电,2006-10-24,2.2922,2.3882,2.2899,2.3699,4123604,5.1212,834992400,1953708000,8.7483,
600971.SH,恒源煤电,2006-10-25,2.3882,2.395,2.3082,2.331,3496975,4.343,821304000,1921680000,8.6049,
600971.SH,恒源煤电,2006-10-26,2.3333,2.3356,2.2671,2.2876,3393435,4.2144,806005200,1885884000,8.4446,
600971.SH,恒源煤电,2006-10-27,2.2853,2.2922,2.2282,2.2351,3243316,4.028,787485600,1842552000,8.2505,
600971.SH,恒源煤电,2006-10-30,2.2351,2.2968,2.2191,2.2945,2286927,2.8402,808420800,1891536000,8.4699,
600971.SH,恒源煤电,2006-10-31,2.3082,2.3516,2.2922,2.3013,3006715,3.7341,810836400,1897188000,8.4952,
600971.SH,恒源煤电,2006-11-01,2.3059,2.3608,2.2808,2.3585,3594931,4.4646,830966400,1944288000,8.7061,
600971.SH,恒源煤电,2006-11-02,2.3608,2.4339,2.3608,2.3722,5592606,6.9456,835797600,1955592000,8.7567,
600971.SH,恒源煤电,2006-11-03,2.3768,2.4293,2.3722,2.3973,3456091,4.2922,844654800,1976316000,8.8495,
600971.SH,恒源煤电,2006-11-06,2.3996,2.4293,2.3653,2.4202,3187857,3.9591,852706800,1995156000,8.9339,
600971.SH,恒源煤电,2006-11-07,2.4339,2.6624,2.4339,2.6121,13381858,16.6193,920343600,2153412000,9.6425,
600971.SH,恒源煤电,2006-11-08,2.603,2.6281,2.5184,2.5619,4621473,5.7395,902629200,2111964000,9.4569,
600971.SH,恒源煤电,2006-11-09,2.5367,2.6693,2.5367,2.6647,5443206,6.7601,938863200,2196744000,9.8365,
600971.SH,恒源煤电,2006-11-10,2.6967,2.7218,2.4979,2.507,6254613,7.7678,883304400,2066748000,9.2544,
600971.SH,恒源煤电,2006-11-13,2.507,2.507,2.507,2.507,--,--,883304400,2066748000,9.2544,
600971.SH,恒源煤电,2006-11-14,2.4225,2.4407,2.2922,2.4293,6682192,8.2988,855927600,2002692000,8.9676,
600971.SH,恒源煤电,2006-11-15,2.411,2.459,2.3608,2.4567,2717080,3.3744,865590000,2025300000,9.0688,
600971.SH,恒源煤电,2006-11-16,2.4727,2.5047,2.3562,2.3676,5377944,6.679,834187200,1951824000,8.7398,
600971.SH,恒源煤电,2006-11-17,2.3379,2.4065,2.3196,2.3722,3124467,3.8804,835797600,1955592000,8.7567,
600971.SH,恒源煤电,2006-11-20,2.3768,2.4042,2.3219,2.3722,3357803,4.1701,835797600,1955592000,8.7567,
600971.SH,恒源煤电,2006-11-21,2.3745,2.5207,2.3448,2.5139,4557950,5.6606,885720000,2072400000,9.2797,
600971.SH,恒源煤电,2006-11-22,2.5116,2.5527,2.459,2.475,3779310,4.6936,872031600,2040372000,9.1363,
600971.SH,恒源煤电,2006-11-23,2.4682,2.5299,2.4567,2.5116,3411493,4.2368,884914800,2070516000,9.2713,
600971.SH,恒源煤电,2006-11-24,2.4933,2.5184,2.4453,2.4933,2750650,3.4161,878473200,2055444000,9.2038,
600971.SH,恒源煤电,2006-11-27,2.491,2.5824,2.475,2.5687,3242068,4.0264,905044800,2117616000,9.4822,
600971.SH,恒源煤电,2006-11-28,2.5687,2.6053,2.4979,2.5116,2797242,3.474,884914800,2070516000,9.2713,
600971.SH,恒源煤电,2006-11-29,2.4727,2.5116,2.443,2.4727,3491066,4.3357,871226400,2038488000,9.1279,
600971.SH,恒源煤电,2006-11-30,2.4727,2.555,2.4727,2.5299,3203102,3.978,891356400,2085588000,9.3388,
600971.SH,恒源煤电,2006-12-01,2.5482,2.6738,2.4864,2.635,7800802,9.688,928395600,2172252000,9.7269,
600971.SH,恒源煤电,2006-12-04,2.6281,2.6967,2.6076,2.6441,5290129,6.57,931616400,2179788000,9.7606,
600971.SH,恒源煤电,2006-12-05,2.6487,2.6738,2.6053,2.6099,4581716,5.6902,919538400,2151528000,9.6341,
600971.SH,恒源煤电,2006-12-06,2.6053,2.6167,2.4476,2.5002,5362297,6.6596,880888800,2061096000,9.2291,
600971.SH,恒源煤电,2006-12-07,2.4864,2.5893,2.4796,2.5024,4317991,5.3626,881694000,2062980000,9.2376,
600971.SH,恒源煤电,2006-12-08,2.4887,2.4887,2.3653,2.3699,4984552,6.1905,834992400,1953708000,8.7483,
600971.SH,恒源煤电,2006-12-11,2.3608,2.4545,2.3493,2.4476,2108285,2.6183,862369200,2017764000,9.0351,
600971.SH,恒源煤电,2006-12-12,2.4682,2.4796,2.3996,2.4293,1806051,2.243,855927600,2002692000,8.9676,
600971.SH,恒源煤电,2006-12-13,2.4293,2.4727,2.4156,2.4476,1953129,2.4256,862369200,2017764000,9.0351,
600971.SH,恒源煤电,2006-12-14,2.4453,2.5413,2.4407,2.5276,3153408,3.9163,890551200,2083704000,9.3304,
600971.SH,恒源煤电,2006-12-15,2.5367,2.6396,2.5116,2.6327,5208623,6.4687,927590400,2170368000,9.7184,
600971.SH,恒源煤电,2006-12-18,2.6464,2.7333,2.619,2.6898,7242848,8.9951,947720400,2217468000,9.9293,
600971.SH,恒源煤电,2006-12-19,2.6921,2.6944,2.5779,2.6281,4617876,5.7351,925980000,2166600000,9.7016,
600971.SH,恒源煤电,2006-12-20,2.6053,2.6419,2.571,2.6304,3155924,3.9194,926785200,2168484000,9.71,
600971.SH,恒源煤电,2006-12-21,2.6304,2.8841,2.6281,2.7173,9943055,12.3486,957382800,2240076000,10.0306,
600971.SH,恒源煤电,2006-12-22,2.6967,2.8292,2.6716,2.7813,6110028,7.5882,979928400,2292828000,10.2668,
600971.SH,恒源煤电,2006-12-25,2.8041,2.8795,2.7333,2.7835,4008197,4.9779,980733600,2294712000,10.2752,
600971.SH,恒源煤电,2006-12-26,2.7973,2.8292,2.6464,2.7013,4584158,5.6932,951746400,2226888000,9.9715,
600971.SH,恒源煤电,2006-12-27,2.6967,2.7264,2.6738,2.7058,2085940,2.5906,953356800,2230656000,9.9884,
600971.SH,恒源煤电,2006-12-28,2.7447,2.8178,2.6601,2.715,3922859,4.8719,956577600,2238192000,10.0221,
600971.SH,恒源煤电,2006-12-29,2.7127,2.7835,2.7104,2.7355,3424778,4.2533,963824400,2255148000,10.0981,
600971.SH,恒源煤电,2007-01-04,2.8133,2.8521,2.7333,2.747,6075609,7.5455,967850400,2264568000,10.1402,
600971.SH,恒源煤电,2007-01-05,2.731,2.9847,2.7196,2.9687,9214892,11.4442,1045954800,2447316000,10.9585,
600971.SH,恒源煤电,2007-01-08,3.0121,3.0966,2.9755,3.0029,7939701,9.8605,1058032800,2475576000,11.0851,
600971.SH,恒源煤电,2007-01-09,3.0304,3.0783,2.9664,3.0578,5099020,6.3326,1077357600,2520792000,11.2875,
600971.SH,恒源煤电,2007-01-10,3.0738,3.2452,3.0395,3.1995,5635120,6.9984,1127280000,2637600000,11.8106,
600971.SH,恒源煤电,2007-01-11,3.1949,3.3434,3.1538,3.2338,6700672,8.3217,1139358000,2665860000,11.9371,
600971.SH,恒源煤电,2007-01-12,3.2018,3.2635,2.9481,2.9527,6719678,8.3454,1040318400,2434128000,10.8995,
600971.SH,恒源煤电,2007-01-15,2.9527,3.0852,2.9275,3.0829,4548929,5.6494,1086214800,2541516000,11.3803,
600971.SH,恒源煤电,2007-01-16,3.0829,3.1103,3.0281,3.1012,4782042,5.9389,1092656400,2556588000,11.4478,
600971.SH,恒源煤电,2007-01-17,3.1172,3.2178,3.0121,3.0555,5275583,6.5519,1076552400,2518908000,11.2791,
600971.SH,恒源煤电,2007-01-18,3.0578,3.1469,3.0052,3.1058,4037929,5.0148,1094266800,2560356000,11.4647,
600971.SH,恒源煤电,2007-01-19,3.1263,3.2543,3.1263,3.252,6230565,7.7379,1145799600,2680932000,12.0046,
600971.SH,恒源煤电,2007-01-22,3.2977,3.4143,3.2955,3.3869,6637320,8.2431,1193306400,2792088000,12.5024,
600971.SH,恒源煤电,2007-01-23,3.4257,3.4509,3.236,3.3572,5694866,7.0726,1182838800,2767596000,12.3927,
600971.SH,恒源煤电,2007-01-24,3.3594,3.3732,3.2863,3.3115,4833340,6.0027,1166734800,2729916000,12.224,
600971.SH,恒源煤电,2007-01-25,3.3115,3.3137,3.1538,3.1583,5146996,6.3922,1112786400,2603688000,11.6587,
600971.SH,恒源煤电,2007-01-26,3.1263,3.22,3.0441,3.1926,4284919,5.3216,1124864400,2631948000,11.7853,
600971.SH,恒源煤电,2007-01-29,3.2406,3.2909,3.188,3.2863,4449576,5.5261,1157877600,2709192000,12.1312,
600971.SH,恒源煤电,2007-01-30,3.2932,3.4349,3.2932,3.3983,8098765,10.0581,1197332400,2801508000,12.5445,
600971.SH,恒源煤电,2007-01-31,3.3709,3.3914,3.0898,3.1263,5234133,6.5004,1101513600,2577312000,11.5406,
600971.SH,恒源煤电,2007-02-01,3.1081,3.2657,3.0646,3.2406,4975479,6.1792,1141773600,2671512000,11.9624,
600971.SH,恒源煤电,2007-02-02,3.2406,3.268,3.1218,3.1263,3283258,4.0776,1101513600,2577312000,11.5406,
600971.SH,恒源煤电,2007-02-05,3.1263,3.1972,3.1172,3.1492,2127657,2.6424,1109565600,2596152000,11.625,
600971.SH,恒源煤电,2007-02-06,3.1766,3.22,3.1538,3.2178,1935099,2.4033,1133721600,2652672000,11.8781,
600971.SH,恒源煤电,2007-02-07,3.2269,3.268,3.1583,3.2018,3842767,4.7724,1128085200,2639484000,11.819,
600971.SH,恒源煤电,2007-02-08,3.2018,3.2635,3.1309,3.252,3588222,4.4563,1145799600,2680932000,12.0046,
600971.SH,恒源煤电,2007-02-09,3.268,3.2795,3.2269,3.2543,2535400,3.1488,1146604800,2682816000,12.0131,
600971.SH,恒源煤电,2007-02-12,3.2543,3.4052,3.2543,3.38,3914074,4.861,1190890800,2786436000,12.477,
600971.SH,恒源煤电,2007-02-13,3.4006,3.6794,3.3549,3.6405,7530133,9.3519,1282683600,3001212000,13.4388,
600971.SH,恒源煤电,2007-02-14,3.6405,4.0016,3.6154,3.8988,13761357,17.0906,1373671200,3214104000,14.392,
600971.SH,恒源煤电,2007-02-15,3.8828,4.0405,3.7891,3.9971,9139407,10.9115,1464945679.56,3295116000,14.7548,
600971.SH,恒源煤电,2007-02-16,4.0588,4.0633,3.8531,3.8622,7135621,8.5192,1415527843.6,3183960000,14.2571,
600971.SH,恒源煤电,2007-02-26,3.9194,4.2484,3.9194,4.2484,5218240,6.2301,1557080627.96,3502356000,15.6828,
600971.SH,恒源煤电,2007-02-27,4.381,4.6164,3.8851,3.9948,10550046,12.5957,1464108089.12,3293232000,14.7464,
600971.SH,恒源煤电,2007-02-28,4.1182,4.3947,4.1182,4.3947,7077834,8.4502,1610686416.12,3622932000,16.2227,
600971.SH,恒源煤电,2007-03-01,4.589,4.6347,4.3421,4.6232,9497774,11.3394,1694445460.12,3811332000,17.0663,
600971.SH,恒源煤电,2007-03-02,4.3421,4.4221,4.1616,4.1616,12519103,14.9466,1525252191.24,3430764000,17.4915,
600971.SH,恒源煤电,2007-03-05,3.9491,4.0085,3.7731,3.9079,10849665,12.9534,1432279652.4,3221640000,16.4253,
600971.SH,恒源煤电,2007-03-06,3.8691,3.8691,3.7274,3.8279,5621020,6.7109,1402963987,3155700000,16.0891,
600971.SH,恒源煤电,2007-03-07,3.8394,3.9285,3.8394,3.9034,5274288,6.297,1430604471.52,3217872000,16.406,
600971.SH,恒源煤电,2007-03-08,3.9034,3.9536,3.8394,3.9491,5208059,6.2179,1447356280.32,3255552000,16.5982,
600971.SH,恒源煤电,2007-03-09,3.9491,4.0108,3.9194,3.9239,5324554,6.357,1438142785.48,3234828000,16.4925,
600971.SH,恒源煤电,2007-03-12,3.9079,3.9605,3.8188,3.9285,4779149,5.7058,1439817966.36,3238596000,16.5117,
600971.SH,恒源煤电,2007-03-13,3.9239,4.0359,3.8874,4.0199,5223536,6.2364,1473321583.96,3313956000,16.8959,
600971.SH,恒源煤电,2007-03-14,3.9948,3.9971,3.8576,3.9011,3836470,4.5804,1429766881.08,3215988000,16.3964,
600971.SH,恒源煤电,2007-03-15,3.8805,3.9651,3.8668,3.9194,3633786,4.3384,1436467604.6,3231060000,16.4733,
600971.SH,恒源煤电,2007-03-16,3.9148,3.9491,3.7662,3.8051,4812929,5.7462,1394588082.6,3136860000,15.993,
600971.SH,恒源煤电,2007-03-19,3.6794,3.8051,3.6497,3.7617,5269765,6.2916,1378673864.24,3101064000,15.8105,
600971.SH,恒源煤电,2007-03-20,3.7708,4.1022,3.7708,4.0496,8841679,10.5561,1484210259.68,3338448000,17.0208,
600971.SH,恒源煤电,2007-03-21,4.0748,4.0862,3.9582,4.0268,5027435,6.0023,1475834355.28,3319608000,16.9247,
600971.SH,恒源煤电,2007-03-22,4.0268,4.0268,4.0268,4.0268,--,--,1475834355.28,3319608000,16.9247,
600971.SH,恒源煤电,2007-03-23,4.0268,4.1365,3.8165,3.9148,4594840,5.4858,1434792423.72,3227292000,16.4541,
600971.SH,恒源煤电,2007-03-26,3.9171,3.9605,3.8554,3.9582,5117993,6.1104,1450706642.08,3263088000,16.6366,
600971.SH,恒源煤电,2007-03-27,3.9628,3.9696,3.9034,3.9422,4733274,5.6511,1444843509,3249900000,16.5693,
600971.SH,恒源煤电,2007-03-28,3.9422,3.9856,3.7708,3.9056,5502030,6.5689,1431442061.96,3219756000,16.4157,
600971.SH,恒源煤电,2007-03-29,3.9239,3.9262,3.8211,3.8257,4043515,4.8276,1402126396.56,3153816000,16.0795,
600971.SH,恒源煤电,2007-03-30,3.8302,3.9056,3.8165,3.8645,2754194,3.2882,1416365434.04,3185844000,16.2428,
600971.SH,恒源煤电,2007-04-02,3.8668,3.9216,3.8279,3.9171,4365151,5.2116,1435630014.16,3229176000,16.4637,
600971.SH,恒源煤电,2007-04-03,3.9354,4.1136,3.9262,4.1022,9146129,10.9196,1503474839.8,3381780000,17.2417,
600971.SH,恒源煤电,2007-04-04,4.1022,4.1022,4.0016,4.0405,5633774,6.7262,1480859897.92,3330912000,16.9824,
600971.SH,恒源煤电,2007-04-05,4.0405,4.0793,4.0016,4.077,4175738,4.9854,1494261344.96,3361056000,17.1361,
600971.SH,恒源煤电,2007-04-06,4.0428,4.2484,4.0085,4.2096,8037641,9.5961,1542841590.48,3470328000,17.6932,
600971.SH,恒源煤电,2007-04-09,4.2347,4.3056,4.1776,4.2302,6700710,8,1550379904.44,3487284000,17.7796,
600971.SH,恒源煤电,2007-04-10,4.269,4.2713,4.0908,4.2462,5223827,6.2367,1556243037.52,3500472000,17.8469,
600971.SH,恒源煤电,2007-04-11,4.2462,4.2507,4.1662,4.2073,5136012,6.1319,1542004000.04,3468444000,17.6836,
600971.SH,恒源煤电,2007-04-12,4.205,4.3536,4.205,4.3353,6375621,7.6119,1588909064.68,3573948000,18.2215,
600971.SH,恒源煤电,2007-04-13,4.3376,4.3993,4.2507,4.2599,6319371,7.5447,1561268580.16,3511776000,17.9045,
600971.SH,恒源煤电,2007-04-16,4.2599,4.2599,4.2599,4.2599,--,--,1561268580.16,3511776000,17.9045,
600971.SH,恒源煤电,2007-04-17,4.5661,4.6849,4.413,4.5364,8833702,10.5466,1662617023.4,3739740000,19.0667,
600971.SH,恒源煤电,2007-04-18,4.5592,4.8449,4.4793,4.7969,7212025,8.6104,1758102333.56,3954516000,20.1618,
600971.SH,恒源煤电,2007-04-19,4.8061,4.9135,4.365,4.5615,7749553,9.2522,1671830518.24,3760464000,19.1724,
600971.SH,恒源煤电,2007-04-20,4.6157,4.8019,4.5733,4.7029,5787717,6.91,1671830518.24,3760464000,19.1724,
600971.SH,恒源煤电,2007-04-23,4.7053,4.9479,4.7053,4.9173,7043434,8.4092,1748051248.28,3931908000,20.0465,
600971.SH,恒源煤电,2007-04-24,4.9479,5.0186,4.783,4.8278,7437641,8.8798,1716222811.56,3860316000,19.6815,
600971.SH,恒源煤电,2007-04-25,4.7736,4.7736,4.571,4.6299,5545017,6.6202,1645865214.6,3702060000,18.8746,
600971.SH,恒源煤电,2007-04-26,4.6181,4.7123,4.6181,4.6864,3852489,4.5995,1665967385.16,3747276000,19.1052,
600971.SH,恒源煤电,2007-04-27,4.7147,4.7359,4.5662,4.5804,4517281,5.3932,1628275815.36,3662496000,18.6729,
600971.SH,恒源煤电,2007-04-30,4.5521,4.5521,4.4296,4.4979,5546816,6.6223,1598960149.96,3596556000,17.6696,
600971.SH,恒源煤电,2007-05-08,4.5309,4.6628,4.5238,4.6605,6538334,7.8061,1656753890.32,3726552000,18.3083,
600971.SH,恒源煤电,2007-05-09,4.6841,4.7335,4.5262,4.6157,6021960,7.1896,1640839671.96,3690756000,18.1324,
600971.SH,恒源煤电,2007-05-10,4.6204,4.7406,4.5498,4.7029,6362443,7.5961,1671830518.24,3760464000,18.4749,
600971.SH,恒源煤电,2007-05-11,4.7123,4.7241,4.5945,4.6369,4661748,5.5657,1648377985.92,3707712000,18.2157,
600971.SH,恒源煤电,2007-05-14,4.5945,4.7123,4.5427,4.6605,5579745,6.6617,1656753890.32,3726552000,18.3083,
600971.SH,恒源煤电,2007-05-15,4.6841,4.8773,4.6841,4.8066,11258399,13.4414,1708684497.6,3843360000,18.8822,
600971.SH,恒源煤电,2007-05-16,4.7736,4.9244,4.6181,4.915,7980135,9.5275,1747213657.84,3930024000,19.3079,
600971.SH,恒源煤电,2007-05-17,4.9597,5.0658,4.889,5.021,9311555,11.1171,1784905227.64,4014804000,19.7245,
600971.SH,恒源煤电,2007-05-18,4.9762,5.3414,4.9479,5.233,10494389,12.5293,1860288367.24,4184364000,20.5575,
600971.SH,恒源煤电,2007-05-21,5.0705,5.7561,5.0705,5.7561,12109148,14.4571,2046233444.92,4602612000,22.6123,
600971.SH,恒源煤电,2007-05-22,5.9564,6.2203,5.7608,5.7985,14006792,16.7227,2061310072.84,4636524000,22.7789,
600971.SH,恒源煤电,2007-05-23,5.8386,6.0836,5.7255,6.0553,8106569,9.6784,2152607430.8,4841880000,23.7878,
600971.SH,恒源煤电,2007-05-24,6.1237,6.1237,5.7726,6.0341,6591120,7.8691,2145069116.84,4824924000,23.7045,
600971.SH,恒源煤电,2007-05-25,5.8904,6.1237,5.8433,6.0035,5766306,6.8844,2134180441.12,4800432000,23.5842,
600971.SH,恒源煤电,2007-05-28,6.1732,6.5973,6.1732,6.4936,6743316,8.0509,2308399252.64,5192304000,25.5094,
600971.SH,恒源煤电,2007-05-29,6.4983,6.6444,6.3404,6.5737,5682931,6.7849,2336877327.6,5256360000,25.8241,
600971.SH,恒源煤电,2007-05-30,6.126,6.569,5.9163,6.0082,8132633,9.7096,2135855622,4804200000,23.6027,
600971.SH,恒源煤电,2007-05-31,5.9799,6.609,5.8433,6.5619,9266161,11.0629,2332689375.4,5246940000,25.7779,
600971.SH,恒源煤电,2007-06-01,6.5266,6.7198,5.9069,5.9069,6152672,7.3457,2099839233.08,4723188000,23.2047,
600971.SH,恒源煤电,2007-06-04,5.8103,6.1472,5.3155,5.3202,5548731,6.6246,1891279213.52,4254072000,20.9,
600971.SH,恒源煤电,2007-06-05,5.2519,5.7844,4.8278,5.775,5232400,6.247,2052934168.44,4617684000,22.6864,
600971.SH,恒源煤电,2007-06-06,5.7962,6.3522,5.537,6.3522,6579408,7.8552,2258143826.24,5079264000,24.9541,
600971.SH,恒源煤电,2007-06-07,6.4158,6.7386,6.1284,6.4653,5998594,7.1617,2298348167.36,5169696000,25.3984,
600971.SH,恒源煤电,2007-06-08,6.4512,6.5737,6.2674,6.4347,3410633,4.072,2287459491.64,5145204000,25.278,
600971.SH,恒源煤电,2007-06-11,6.4394,6.8682,6.4394,6.741,4910724,5.8629,2396346248.84,5390124000,26.4813,
600971.SH,恒源煤电,2007-06-12,6.7339,7.0638,6.2862,6.8399,4304562,5.1392,2431525047.32,5469252000,26.8701,
600971.SH,恒源煤电,2007-06-13,6.9036,7.1133,6.6232,6.7316,5790041,6.9127,2392995887.08,5382588000,26.4443,
600971.SH,恒源煤电,2007-06-14,6.7622,6.7622,6.5501,6.602,2991190,3.5712,2346928412.88,5278968000,25.9352,
600971.SH,恒源煤电,2007-06-15,6.5949,6.6986,6.4912,6.6609,2047959,2.4451,2367868173.88,5326068000,26.1666,
600971.SH,恒源煤电,2007-06-18,6.7056,6.88,6.6609,6.7174,2457858,2.9344,2387970344.44,5371284000,26.3888,
600971.SH,恒源煤电,2007-06-19,6.6892,6.8659,6.4983,6.8305,3359778,4.0112,2428174685.56,5461716000,26.833,
600971.SH,恒源煤电,2007-06-20,6.8564,7.0214,6.5973,6.602,3160304,3.7731,2346928412.88,5278968000,25.9352,
600971.SH,恒源煤电,2007-06-21,6.4795,6.7575,6.4441,6.6043,2103710,2.5116,2347766003.32,5280852000,25.9445,
600971.SH,恒源煤电,2007-06-22,6.5973,6.6915,6.0789,6.3475,2824957,3.3727,2256468645.36,5075496000,24.9356,
600971.SH,恒源煤电,2007-06-25,6.3475,6.4276,6.126,6.291,2639971,3.1519,2236366474.8,5030280000,24.7134,
600971.SH,恒源煤电,2007-06-26,6.0153,6.3287,6.0153,6.3239,1097754,1.3106,2248092740.96,5056656000,24.843,
600971.SH,恒源煤电,2007-06-27,6.3616,6.5855,6.2203,6.5761,1444969,1.7251,2337714918.04,5258244000,25.8334,
600971.SH,恒源煤电,2007-06-28,6.5973,6.6208,6.0836,6.0954,1105849,1.3203,2166846468.28,4873908000,23.9452,
600971.SH,恒源煤电,2007-06-29,6.02,6.0789,5.6077,5.7608,1561966,1.8648,2047908625.8,4606380000,22.6308,
600971.SH,恒源煤电,2007-07-02,5.7467,5.954,5.7208,5.8645,1495895,1.786,2084762605.16,4689276000,23.0381,
600971.SH,恒源煤电,2007-07-03,5.8786,5.9847,5.8221,5.9399,692188,0.8264,2111565499.24,4749564000,23.3343,
600971.SH,恒源煤电,2007-07-04,5.9776,6.2839,5.9375,6.0106,1469627,1.7546,2136693212.44,4806084000,23.612,
600971.SH,恒源煤电,2007-07-05,5.9163,6.0318,5.7019,5.7043,866789,1.0349,2027806455.24,4561164000,22.4087,
600971.SH,恒源煤电,2007-07-06,5.7255,5.9729,5.4687,5.9446,989861,1.1818,2113240680.12,4753332000,23.3528,
600971.SH,恒源煤电,2007-07-09,6.0035,6.3263,5.9635,6.2085,1353922,1.6164,2207050809.4,4964340000,24.3895,
600971.SH,恒源煤电,2007-07-10,6.2108,6.2438,5.8904,5.8928,1860113,2.2208,2094813690.44,4711884000,23.1492,
600971.SH,恒源煤电,2007-07-11,5.7985,6.0035,5.7608,5.9399,844958,1.0088,2111565499.24,4749564000,23.3343,
600971.SH,恒源煤电,2007-07-12,5.9493,6.0271,5.8904,5.9375,674625,0.8054,2110727908.8,4747680000,23.325,
600971.SH,恒源煤电,2007-07-13,5.9045,6.0082,5.9045,5.9564,418935,0.5002,2117428632.32,4762752000,23.3991,
600971.SH,恒源煤电,2007-07-16,5.9682,5.9847,5.7278,5.7396,942834,1.1257,2040370311.84,4589424000,22.5475,
600971.SH,恒源煤电,2007-07-17,5.7396,5.9375,5.6595,5.8527,748126,0.8932,2080574652.96,4679856000,22.9918,
600971.SH,恒源煤电,2007-07-18,5.8197,5.8645,5.7019,5.7561,592786,0.7077,2046233444.92,4602612000,22.6123,
600971.SH,恒源煤电,2007-07-19,5.749,5.8857,5.6901,5.7844,961047,1.1474,2056284530.2,4625220000,22.7234,
600971.SH,恒源煤电,2007-07-20,5.8645,6.0718,5.7608,6.053,1322768,1.5793,2151769840.36,4839996000,23.7786,
600971.SH,恒源煤电,2007-07-23,6.0459,6.4677,6.0436,6.3758,2748511,3.2814,2266519730.64,5098104000,25.0466,
600971.SH,恒源煤电,2007-07-24,6.4088,6.6326,6.364,6.3876,1964762,2.3457,2270707682.84,5107524000,25.0929,
600971.SH,恒源煤电,2007-07-25,6.4135,6.9036,6.4135,6.8588,3025058,3.6116,2438225770.84,5484324000,26.9441,
600971.SH,恒源煤电,2007-07-26,6.9436,6.946,6.7221,6.8305,1803055,2.1527,2428174685.56,5461716000,26.833,
600971.SH,恒源煤电,2007-07-27,6.7104,7.1392,6.6444,6.9106,2418530,2.8875,2456652760.52,5525772000,27.1477,
600971.SH,恒源煤电,2007-07-30,6.9978,7.2923,6.9224,7.1274,2521777,3.0108,2533711081,5699100000,27.9993,
600971.SH,恒源煤电,2007-07-31,7.1203,7.4219,7.0332,7.0402,2596195,3.0996,2502720234.72,5629392000,27.6568,
600971.SH,恒源煤电,2007-08-01,7.0685,7.3512,6.4441,6.6915,2365858,2.8246,2378756849.6,5350560000,26.2869,
600971.SH,恒源煤电,2007-08-02,6.6939,6.9507,6.6915,6.8682,2694863,3.2174,2441576132.6,5491860000,26.9811,
600971.SH,恒源煤电,2007-08-03,6.9507,7.1627,6.8235,7.0614,2859362,3.4138,2510258548.68,5646348000,27.7401,
600971.SH,恒源煤电,2007-08-06,7.1863,7.1863,6.9507,7.0379,1978924,2.3626,2501882644.28,5627508000,27.6476,
600971.SH,恒源煤电,2007-08-07,7.0449,7.2829,6.7975,7.0449,4248673,5.0725,2504395415.6,5633160000,27.6753,
600971.SH,恒源煤电,2007-08-08,6.986,6.9931,6.6397,6.814,1423536,1.6996,2422311552.48,5448528000,26.7682,
600971.SH,恒源煤电,2007-08-09,6.8093,6.9271,6.741,6.8305,964497,1.1515,2428174685.56,5461716000,26.833,
600971.SH,恒源煤电,2007-08-10,6.8305,6.8305,6.5219,6.6562,1268865,1.5149,2366192993,5322300000,26.1481,
600971.SH,恒源煤电,2007-08-13,6.6444,6.8211,6.4323,6.8164,2142174,2.5575,2423149142.92,5450412000,26.7775,
600971.SH,恒源煤电,2007-08-14,6.8211,7.2099,6.7622,7.1604,3092860,3.6926,2545437347.16,5725476000,28.1289,
600971.SH,恒源煤电,2007-08-15,7.1392,7.6764,6.8376,7.6293,4548491,5.4304,2712117844.72,6100392000,29.9708,
600971.SH,恒源煤电,2007-08-16,7.6104,8.0463,7.4455,7.7777,2979281,3.557,2764886042.44,6219084000,30.5539,
600971.SH,恒源煤电,2007-08-17,7.6575,8.0345,7.5751,7.8484,2250898,2.6873,2790013755.64,6275604000,30.8316,
600971.SH,恒源煤电,2007-08-20,7.9756,8.5246,7.9756,8.4468,3887841,4.6417,3002761727.4,6754140000,33.1826,
600971.SH,恒源煤电,2007-08-21,8.6,8.6,8.2584,8.4845,1844816,2.2025,3016163174.44,6784284000,33.3307,
600971.SH,恒源煤电,2007-08-22,8.3762,8.4822,8.2089,8.2913,1966109,2.3473,2947480758.36,6629796000,32.5717,
600971.SH,恒源煤电,2007-08-23,8.2961,8.6683,8.1759,8.5647,1419290,1.6945,3044641249.4,6848340000,33.6454,
600971.SH,恒源煤电,2007-08-24,8.5647,9.0736,8.5647,9.0147,1776949,2.1215,3204621023.44,7208184000,35.4133,
600971.SH,恒源煤电,2007-08-27,9.0005,9.1184,8.7296,8.7555,2784169,3.324,3112486075.04,7000944000,35.3575,
600971.SH,恒源煤电,2007-08-28,8.7602,8.9723,8.5529,8.8191,1163302,1.3889,3135101016.92,7051812000,35.6144,
600971.SH,恒源煤电,2007-08-29,8.8191,9.3068,8.6377,9.288,2039073,2.4345,3301781514.48,7426728000,37.5079,
600971.SH,恒源煤电,2007-08-30,9.3068,9.4247,9.0477,9.1773,1194054,1.4256,3262414763.8,7338180000,37.0607,
600971.SH,恒源煤电,2007-08-31,9.1914,9.5637,9.0194,9.5189,1242845,1.4838,3383865377.6,7611360000,38.4404,
600971.SH,恒源煤电,2007-09-03,9.5778,10.4708,9.5425,10.4708,1088138,1.2991,3722251915.36,8372496000,42.2844,
600971.SH,恒源煤电,2007-09-04,10.8384,10.9797,10.4142,10.5768,1704995,2.0356,3759943485.16,8457276000,42.7126,
600971.SH,恒源煤电,2007-09-05,10.591,11.352,10.4378,11.0127,1473638,1.7594,3914897716.56,8805816000,44.4728,
600971.SH,恒源煤电,2007-09-06,11.1164,11.2342,10.7205,11.0268,1562050,1.8649,3919923259.2,8817120000,44.5299,
600971.SH,恒源煤电,2007-09-07,10.9326,11.2153,10.5556,10.5674,1487381,1.7758,3756593123.4,8449740000,42.6745,
600971.SH,恒源煤电,2007-09-10,10.3671,10.4142,9.8959,10.181,2356492,2.8134,3619228291.24,8140764000,41.1141,
600971.SH,恒源煤电,2007-09-11,10.1433,10.7205,9.4247,9.4576,2333633,2.7861,3362088026.16,7562376000,38.193,
600971.SH,恒源煤电,2007-09-12,9.4506,10.3907,9.4506,10.3836,2898195,3.4602,3691261069.08,8302788000,41.9324,
600971.SH,恒源煤电,2007-09-13,10.5556,11.4227,10.3907,11.4227,2832965,3.3823,4060638453.12,9133632000,46.1284,
600971.SH,恒源煤电,2007-09-14,11.4227,11.7101,11.0787,11.3332,1498773,1.7894,4028810016.4,9062040000,45.7669,
600971.SH,恒源煤电,2007-09-17,11.2884,11.6889,11.1918,11.3779,1003859,1.1985,4044724234.76,9097836000,45.9477,
600971.SH,恒源煤电,2007-09-18,11.3779,11.663,11.1211,11.5829,928569,1.1086,4117594603.04,9261744000,46.7755,
600971.SH,恒源煤电,2007-09-19,11.6182,12.3227,11.4698,11.6536,1218417,1.4547,4142722316.24,9318264000,47.0609,
600971.SH,恒源煤电,2007-09-20,12.8199,12.8199,11.9717,12.8105,2119767,2.5308,4553979222.28,10243308000,51.7327,
600971.SH,恒源煤电,2007-09-21,13.0767,13.8684,12.5607,13.7388,2357427,2.8145,4883989855.64,10985604000,55.4816,
600971.SH,恒源煤电,2007-09-24,13.4773,14.137,13.1121,13.2676,1739540,2.0768,4716471767.64,10608804000,53.5786,
600971.SH,恒源煤电,2007-09-25,13.171,13.171,12.2521,12.6526,1735889,2.0725,4497860662.8,10117080000,51.0952,
600971.SH,恒源煤电,2007-09-26,12.629,12.9118,12.3699,12.5772,699223,0.8348,4471057768.72,10056792000,50.7908,
600971.SH,恒源煤电,2007-09-27,12.6055,13.0791,12.4995,12.9589,1038814,1.2402,4606747420,10362000000,52.3322,
600971.SH,恒源煤电,2007-09-28,13.2841,13.6893,13.006,13.3901,982497,1.173,4760026470.52,10706772000,54.0734,
600971.SH,恒源煤电,2007-10-08,13.6658,13.7576,13.006,13.555,685310,0.8182,4818657801.32,10838652000,54.7395,
600971.SH,恒源煤电,2007-10-09,13.4325,13.5244,12.6879,13.1945,890726,1.0634,4690506464,10550400000,53.2837,
600971.SH,恒源煤电,2007-10-10,13.31,13.8448,12.8623,12.9613,795177,0.9494,4607585010.44,10363884000,52.3417,
600971.SH,恒源煤电,2007-10-11,13.0579,13.5456,12.9118,13.171,914222,1.0915,4682130559.6,10531560000,53.1885,
600971.SH,恒源煤电,2007-10-12,13.1945,13.4254,12.2521,13.0696,1027614,1.2269,4646114170.68,10450548000,52.7794,
600971.SH,恒源煤电,2007-10-15,13.0626,13.0649,12.483,12.49,1149966,1.3729,4440066922.44,9987084000,50.4387,
600971.SH,恒源煤电,2007-10-16,12.4877,13.7388,12.3934,13.7364,1554386,1.8558,4883152265.2,10983720000,55.4721,
600971.SH,恒源煤电,2007-10-17,13.8707,13.8707,13.0013,13.1238,915038,1.0925,4665378750.8,10493880000,52.9982,
600971.SH,恒源煤电,2007-10-18,13.0767,13.0767,12.4924,12.523,561654,0.6706,4451793188.6,10013460000,50.5719,
600971.SH,恒源煤电,2007-10-19,12.6997,12.9306,12.4877,12.6314,374969,0.4477,4490322348.84,10100124000,51.0096,
600971.SH,恒源煤电,2007-10-22,12.0871,12.695,11.663,11.8751,736205,0.879,4221455817.6,9495360000,47.9553,
600971.SH,恒源煤电,2007-10-23,11.6748,12.2167,11.074,11.8586,1146909,1.3693,4215592684.52,9482172000,47.8887,
600971.SH,恒源煤电,2007-10-24,11.8586,11.9835,11.4745,11.4839,422332,0.5042,4082415804.56,9182616000,48.0941,
600971.SH,恒源煤电,2007-10-25,11.3096,11.451,10.3671,10.7182,678411,0.81,3810198911.56,8570316000,44.8872,
600971.SH,恒源煤电,2007-10-26,10.6051,11.0033,10.5792,10.8925,555384,0.6631,3872180604.12,8709732000,45.6174,
600971.SH,恒源煤电,2007-10-29,11.0033,11.9811,10.909,11.8185,1239383,1.4797,4201353647.04,9450144000,49.4953,
600971.SH,恒源煤电,2007-10-30,12.1107,12.2521,11.5476,11.9693,1002182,1.1965,4254959435.2,9570720000,50.1268,
600971.SH,恒源煤电,2007-10-31,12.2756,12.2756,11.6819,11.8869,655734,0.7829,4225643769.8,9504780000,49.7815,
600971.SH,恒源煤电,2007-11-01,12.0706,12.2473,11.7785,11.7808,909554,1.0859,4187952200,9420000000,49.3374,
600971.SH,恒源煤电,2007-11-02,11.3096,11.663,10.6027,10.7535,1306642,1.56,3822762768.16,8598576000,45.0352,
600971.SH,恒源煤电,2007-11-05,10.8384,10.8384,10.0561,10.1032,2070139,2.4715,3591587806.72,8078592000,42.3118,
600971.SH,恒源煤电,2007-11-06,10.1315,10.32,10.0373,10.1763,801819,0.9573,3617553110.36,8136996000,42.6177,
600971.SH,恒源煤电,2007-11-07,10.1763,10.4779,10.1127,10.4614,579522,0.6919,3718901553.6,8364960000,43.8116,
600971.SH,恒源煤电,2007-11-08,10.3907,10.3907,9.943,9.9595,718319,0.8576,3540494789.88,7963668000,41.7099,
600971.SH,恒源煤电,2007-11-09,9.8959,10.2022,9.6838,9.9595,509622,0.6084,3540494789.88,7963668000,41.7099,
600971.SH,恒源煤电,2007-11-12,9.6603,9.8959,8.9628,8.9723,842984,1.0064,3189544395.52,7174272000,37.5754,
600971.SH,恒源煤电,2007-11-13,9.1466,9.3799,8.7414,8.7885,702590,0.8388,3124212341.2,7027320000,36.8057,
600971.SH,恒源煤电,2007-11-14,8.9864,9.6673,8.8568,9.6673,876081,1.046,3436633575.32,7730052000,40.4863,
600971.SH,恒源煤电,2007-11-15,9.731,10.1221,9.4011,9.4388,1070410,1.278,3355387302.64,7547304000,39.5292,
600971.SH,恒源煤电,2007-11-16,9.1254,9.8299,9.1254,9.7522,407764,0.4868,3466786831.16,7797876000,40.8415,
600971.SH,恒源煤电,2007-11-19,9.731,10.0137,9.5425,9.8417,496071,0.5923,3498615267.88,7869468000,41.2165,
600971.SH,恒源煤电,2007-11-20,9.8252,10.221,9.6603,10.0867,453799,0.5418,3585724673.64,8065404000,42.2427,
600971.SH,恒源煤电,2007-11-21,10.1197,10.6027,9.9548,10.1221,1000005,1.1939,3598288530.24,8093664000,42.3907,
600971.SH,恒源煤电,2007-11-22,9.9195,10.0561,9.4247,9.4412,840198,1.0031,3356224893.08,7549188000,39.539,
600971.SH,恒源煤电,2007-11-23,9.4506,9.8417,9.1184,9.8205,355621,0.4246,3491076953.92,7852512000,41.1277,
600971.SH,恒源煤电,2007-11-26,10.1079,10.1763,9.6626,9.8181,506595,0.6048,3490239363.48,7850628000,41.1178,
600971.SH,恒源煤电,2007-11-27,9.6885,9.9077,9.5448,9.6485,239533,0.286,3429932851.8,7714980000,40.4074,
600971.SH,恒源煤电,2007-11-28,9.6721,9.9666,9.6084,9.6603,437889,0.5228,3434120804,7724400000,40.4567,
600971.SH,恒源煤电,2007-11-29,9.8959,10.1668,9.6603,10.1292,698486,0.8339,3600801301.56,8099316000,42.4203,
600971.SH,恒源煤电,2007-11-30,10.2045,10.3553,9.9454,9.9948,600247,0.7166,3553058646.48,7991928000,41.8579,
600971.SH,恒源煤电,2007-12-03,10.0585,10.1032,9.7899,9.8205,300591,0.3589,3491076953.92,7852512000,41.1277,
600971.SH,恒源煤电,2007-12-04,9.8488,10.0137,9.7781,9.9265,219618,0.2622,3528768523.72,7937292000,41.5717,
600971.SH,恒源煤电,2007-12-05,9.7781,10.2493,9.7781,10.1315,1238388,1.4785,3601638892,8101200000,42.4302,
600971.SH,恒源煤电,2007-12-06,10.2917,10.5273,10.1598,10.2093,1253788,1.4969,3629279376.52,8163372000,42.7558,
600971.SH,恒源煤电,2007-12-07,10.2022,10.4142,10.1339,10.3718,826440,0.9867,3687073116.88,8293368000,43.4367,
600971.SH,恒源煤电,2007-12-10,10.3436,10.6923,10.0608,10.591,829180,0.99,3764969027.8,8468580000,44.3544,
600971.SH,恒源煤电,2007-12-11,10.6027,10.7205,10.5085,10.6616,1334110,1.5928,3790096741,8525100000,44.6504,
600971.SH,恒源煤电,2007-12-12,10.6852,11.1447,10.6499,10.8407,1162756,1.3882,3853753614.44,8668284000,45.4003,
600971.SH,恒源煤电,2007-12-13,10.7677,11.1235,10.3671,10.4213,1161792,1.3871,3704662516.12,8332932000,43.6439,
600971.SH,恒源煤电,2007-12-14,10.3954,10.4708,10.1433,10.4614,509549,0.6084,3718901553.6,8364960000,43.8116,
600971.SH,恒源煤电,2007-12-17,10.4779,10.5815,9.8488,9.8653,864175,1.0317,3506991172.28,7888308000,41.3152,
600971.SH,恒源煤电,2007-12-18,9.8912,10.8101,9.8912,10.1315,1301025,1.5533,3601638892,8101200000,42.4302,
600971.SH,恒源煤电,2007-12-19,10.2022,10.5533,10.2022,10.3388,849371,1.0141,3675346850.72,8266992000,43.2985,
600971.SH,恒源煤电,2007-12-20,10.3271,10.6263,10.2752,10.6239,1095963,1.3085,3776695293.96,8494956000,44.4925,
600971.SH,恒源煤电,2007-12-21,10.3907,10.9185,10.3907,10.909,869821,1.0385,3878043737.2,8722920000,45.6865,
600971.SH,恒源煤电,2007-12-24,11.0645,11.4274,10.9962,11.3167,1800554,2.1497,4022946883.32,9048852000,47.3935,
600971.SH,恒源煤电,2007-12-25,11.3167,11.4745,11.0999,11.3449,1397034,1.6679,4032997968.6,9071460000,47.5119,
600971.SH,恒源煤电,2007-12-26,11.4274,11.4981,11.2625,11.4934,482732,0.5763,4085766166.32,9190152000,48.1336,
600971.SH,恒源煤电,2007-12-27,11.451,12.1814,11.4486,11.7832,1023052,1.2214,4188789790.44,9421884000,49.3473,
600971.SH,恒源煤电,2007-12-28,11.7808,12.0164,11.7337,11.9293,684456,0.8172,4240720397.72,9538692000,49.9591,
600971.SH,恒源煤电,2008-01-02,12.1342,12.1342,11.6018,11.7596,994949,1.1879,4180413886.04,9403044000,49.2486,
600971.SH,恒源煤电,2008-01-03,11.7596,11.7808,11.253,11.524,1744873,2.0832,4096654842.04,9214644000,48.2619,
600971.SH,恒源煤电,2008-01-04,11.5476,11.8939,11.5452,11.6347,868284,1.0366,4136021592.72,9303192000,48.7257,
600971.SH,恒源煤电,2008-01-07,11.6347,12.3416,11.6112,12.2285,1701325,2.0312,4347094383.6,9777960000,51.2123,
600971.SH,恒源煤电,2008-01-08,12.3298,12.4193,11.6654,11.9293,947892,1.1317,4240720397.72,9538692000,49.9591,
600971.SH,恒源煤电,2008-01-09,11.7808,12.3699,11.7808,12.2473,800942,0.9562,4353795107.12,9793032000,51.2912,
600971.SH,恒源煤电,2008-01-10,12.3251,13.4725,12.3251,13.4608,2309312,2.7571,4785154183.72,10763292000,56.373,
600971.SH,恒源煤电,2008-01-11,13.4066,13.6422,13.0272,13.4513,1138772,1.3596,4781803821.96,10755756000,56.3335,
600971.SH,恒源煤电,2008-01-14,13.3312,13.5456,13.0956,13.1521,1251247,1.4939,4675429836.08,10516488000,55.0803,
600971.SH,恒源煤电,2008-01-15,13.0979,13.5432,12.9825,13.3359,1117749,1.3345,4740761890.4,10663440000,55.85,
600971.SH,恒源煤电,2008-01-16,12.7704,13.1945,12.7115,12.7657,550831,0.6576,4538065003.92,10207512000,53.462,
600971.SH,恒源煤电,2008-01-17,12.6055,12.9,11.9811,12.2544,775099,0.9254,4356307878.44,9798684000,51.3208,
600971.SH,恒源煤电,2008-01-18,12.2521,13.4278,12.2521,13.0861,1286893,1.5364,4651977303.76,10463736000,54.804,
600971.SH,恒源煤电,2008-01-21,13.1003,13.4725,12.6762,13.0084,1357983,1.6213,4624336819.24,10401564000,54.4784,
600971.SH,恒源煤电,2008-01-22,12.4877,12.7704,11.8869,12.0141,2480926,2.962,4270873653.56,9606516000,50.3143,
600971.SH,恒源煤电,2008-01-23,11.8162,12.9306,11.8162,12.9165,954346,1.1394,4591670792.08,10328088000,54.0936,
600971.SH,恒源煤电,2008-01-24,13.1686,14.1323,13.1686,14.1229,3379599,4.0349,5020517097.36,11292696000,59.1457,
600971.SH,恒源煤电,2008-01-25,14.1276,14.3702,13.8425,14.0192,1928910,2.3029,4983663118,11209800000,58.7115,
600971.SH,恒源煤电,2008-01-28,14.0192,14.349,13.3123,13.727,2499157,2.9837,4879801903.44,10976184000,57.488,
600971.SH,恒源煤电,2008-01-29,14.0522,14.2972,13.5833,13.932,1767805,2.1106,4952672271.72,11140092000,58.3464,
600971.SH,恒源煤电,2008-01-30,13.9485,14.2736,12.6762,12.8458,2238028,2.672,4566543078.88,10271568000,53.7975,
600971.SH,恒源煤电,2008-01-31,12.4547,12.695,11.663,11.6724,1543904,1.8433,4149423039.76,9333336000,48.8835,
600971.SH,恒源煤电,2008-02-01,11.6866,12.0164,11.4274,11.8798,843898,1.0075,4223130998.48,9499128000,49.7519,
600971.SH,恒源煤电,2008-02-04,12.2167,13.0508,12.0188,12.9966,577025,0.6889,4620148867.04,10392144000,54.4291,
600971.SH,恒源煤电,2008-02-05,12.9966,13.0767,12.6997,12.8882,292458,0.3492,4581619706.8,10305480000,53.9752,
600971.SH,恒源煤电,2008-02-13,12.3699,12.8387,12.2521,12.5183,139305,0.1663,4450118007.72,10009692000,52.426,
600971.SH,恒源煤电,2008-02-14,12.9542,12.9542,12.2945,12.4735,514104,0.6138,4434203789.36,9973896000,52.2385,
600971.SH,恒源煤电,2008-02-15,12.5112,12.5112,11.8279,11.8916,639100,0.763,4227318950.68,9508548000,49.8012,
600971.SH,恒源煤电,2008-02-18,11.8515,12.3699,11.8515,12.0117,1663527,1.9861,4270036063.12,9604632000,50.3044,
600971.SH,恒源煤电,2008-02-19,12.1342,12.2049,11.901,12.1437,2397929,2.8629,4316941127.76,9710136000,50.857,
600971.SH,恒源煤电,2008-02-20,10.9326,13.3218,10.9326,11.974,869479,1.0381,4256634616.08,9574488000,47.5634,
600971.SH,恒源煤电,2008-02-21,12.0824,12.1955,11.5923,12.1837,514838,0.6147,4331180165.24,9742164000,48.3964,
600971.SH,恒源煤电,2008-02-22,12.1248,12.1248,11.2813,11.3591,497147,0.5935,4038023511.24,9082764000,45.1207,
600971.SH,恒源煤电,2008-02-25,11.3261,11.3284,10.3176,10.3954,1200628,1.4334,3695449021.28,8312208000,41.2928,
600971.SH,恒源煤电,2008-02-26,10.5862,10.8384,9.6132,10.1221,574432,0.6858,3598288530.24,8093664000,40.2071,
600971.SH,恒源煤电,2008-02-27,10.1268,10.5886,10.1079,10.4944,299780,0.3579,3730627819.76,8391336000,41.6859,
600971.SH,恒源煤电,2008-02-28,10.393,10.6499,10.3318,10.4849,304561,0.3636,3727277458,8383800000,41.6484,
600971.SH,恒源煤电,2008-02-29,10.4849,10.6499,10.3718,10.6475,298397,0.3563,3785071198.36,8513796000,42.2942,
600971.SH,恒源煤电,2008-03-03,10.3742,10.9562,10.3718,10.9397,342232,0.4086,3888932412.92,8747412000,43.4548,
600971.SH,恒源煤电,2008-03-04,10.9491,11.2389,10.8384,10.8407,638708,0.7626,3853753614.44,8668284000,43.0617,
600971.SH,恒源煤电,2008-03-05,10.8855,11.0457,10.3082,10.591,314201,0.3751,3764969027.8,8468580000,42.0696,
600971.SH,恒源煤电,2008-03-06,10.6027,10.8148,10.3695,10.7889,460944,0.5503,3835326624.76,8626836000,42.8558,
600971.SH,恒源煤电,2008-03-07,10.7889,10.7889,10.3907,10.419,356360,0.4255,3703824925.68,8331048000,41.3864,
600971.SH,恒源煤电,2008-03-10,10.459,10.459,9.8511,9.8912,587777,0.7017,3516204667.12,7909032000,39.2899,
600971.SH,恒源煤电,2008-03-11,9.8747,10.287,9.6603,10.1315,585084,0.6985,3601638892,8101200000,40.2446,
600971.SH,恒源煤电,2008-03-12,10.3153,10.6404,10.2045,10.3129,997562,1.191,3666133355.88,8246268000,40.9652,
600971.SH,恒源煤电,2008-03-13,10.32,11.1399,10.0161,10.6687,1684777,2.0115,3792609512.32,8530752000,42.3784,
600971.SH,恒源煤电,2008-03-14,10.6499,10.7842,10.3742,10.6475,332573,0.3971,3785071198.36,8513796000,42.2942,
600971.SH,恒源煤电,2008-03-17,10.6499,10.7182,9.6815,9.7639,423432,0.5055,3470974783.36,7807296000,38.7845,
600971.SH,恒源煤电,2008-03-18,9.4247,9.7498,8.7885,8.8121,692206,0.8264,3132588245.6,7046160000,35.0034,
600971.SH,恒源煤电,2008-03-19,8.9534,9.3068,8.6401,8.9346,936855,1.1185,3176142948.48,7144128000,35.4901,
600971.SH,恒源煤电,2008-03-20,8.8003,9.0477,8.0416,8.9558,706476,0.8435,3183681262.44,7161084000,35.5743,
600971.SH,恒源煤电,2008-03-21,8.9299,9.2362,8.7367,9.0689,401008,0.4788,3223885603.56,7251516000,36.0236,
600971.SH,恒源煤电,2008-03-24,9.189,9.189,8.5529,8.5717,370492,0.4423,3047154020.72,6853992000,34.0488,
600971.SH,恒源煤电,2008-03-25,8.011,8.5387,7.9332,8.2207,819779,0.9787,2922353045.16,6573276000,32.6712,
600971.SH,恒源煤电,2008-03-26,8.2466,8.4775,8.0345,8.3385,426883,0.5097,2964232567.16,6667476000,33.1394,
600971.SH,恒源煤电,2008-03-27,8.2913,8.2913,7.9756,8.2466,788166,0.941,2931566540,6594000000,32.7742,
600971.SH,恒源煤电,2008-03-28,8.1241,8.7649,8.0581,8.7296,592092,0.7069,3103272580.2,6980220000,34.6939,
600971.SH,恒源煤电,2008-03-31,8.3832,8.9534,8.2466,8.2937,584800,0.6982,2948321059.2,6631682710.4,32.9615,
600971.SH,恒源煤电,2008-04-01,8.4445,8.4468,7.6882,7.7023,800094,0.9552,2738085665.49,6158798517.13,30.6111,
600971.SH,恒源煤电,2008-04-02,7.8555,8.011,7.0685,7.8484,2465299,2.9433,2790016320.51,6275606564.87,31.1917,
600971.SH,恒源煤电,2008-04-03,7.6599,8.0769,7.5562,7.8625,242338,0.2893,2795041867.77,6286910569.49,31.2479,
600971.SH,恒源煤电,2008-04-07,7.8625,8.6495,7.6599,8.5576,1418888,1.694,3042131274.72,6842690796.64,34.0103,
600971.SH,恒源煤电,2008-04-08,8.5599,8.9416,8.5175,8.6471,949844,1.134,3073959740.7,6914282825.9,34.3661,
600971.SH,恒源煤电,2008-04-09,8.4822,8.7885,8.289,8.322,1380134,1.6477,2958372153.72,6654290719.64,33.0739,
600971.SH,恒源煤电,2008-04-10,8.3149,8.8073,8.2466,8.7885,1306077,1.5593,3124215213.3,7027322872.1,34.928,
600971.SH,恒源煤电,2008-04-11,8.8356,9.1348,8.8356,8.9369,658752,0.7865,3176983459.53,7146014920.61,35.5179,
600971.SH,恒源煤电,2008-04-14,8.7602,8.9299,8.4351,8.4822,530541,0.6334,3015328356,6782402772,33.7107,
600971.SH,恒源煤电,2008-04-15,8.4822,8.4822,8.4822,8.4822,--,--,3015328356,6782402772,33.7107,
600971.SH,恒源煤电,2008-04-16,8.8333,8.9534,8.6236,8.8356,841793,1.005,3140967037.5,7065002887.5,35.1153,
600971.SH,恒源煤电,2008-04-17,8.8427,9.043,8.4398,8.4775,483888,0.5777,3013653173.58,6778634770.46,33.6919,
600971.SH,恒源煤电,2008-04-18,8.4398,8.5976,7.9403,7.9638,307318,0.3669,2831058289.8,6367922602.6,31.6506,
600971.SH,恒源煤电,2008-04-21,8.6942,8.7484,7.9709,8.0816,706855,0.8439,2872937850.3,6462122641.1,32.1188,
600971.SH,恒源煤电,2008-04-22,7.7753,8.0746,7.6811,7.8696,352317,0.4206,2797554641.4,6292562571.8,31.276,
600971.SH,恒源煤电,2008-04-23,7.8696,8.4775,7.8696,8.4186,1103657,1.3177,2992713393.33,6731534751.21,31.0091,
600971.SH,恒源煤电,2008-04-24,9.189,9.2597,8.7178,9.1749,7521281,8.9797,3261580171.74,7336298998.38,33.7949,
600971.SH,恒源煤电,2008-04-25,9.01,9.4247,8.4822,8.8969,8986826,10.7294,3162744408.96,7113986907.52,32.7709,
600971.SH,恒源煤电,2008-04-28,8.6707,8.8356,8.4186,8.4539,3571804,4.2644,3005277261.48,6759794762.76,31.1393,
600971.SH,恒源煤电,2008-04-29,8.4822,9.1419,8.2937,8.9817,3630278,4.3342,3192897692.52,7181810935.24,33.0833,
600971.SH,恒源煤电,2008-04-30,9.0477,9.2244,8.8356,9.1655,5147911,6.1461,3258229806.9,7328762995.3,33.7602,
600971.SH,恒源煤电,2008-05-05,9.2315,9.5142,9.0359,9.4129,3855822,4.6035,3346176883.95,7526583076.15,34.6715,
600971.SH,恒源煤电,2008-05-06,9.3068,9.7286,9.2597,9.4482,4625250,5.5221,3358740752.1,7554843087.7,34.8017,
600971.SH,恒源煤电,2008-05-07,9.3516,10.1268,9.3304,9.7121,5281427,6.3055,3452550967.62,7765851173.94,35.7737,
600971.SH,恒源煤电,2008-05-08,9.6603,10.6734,9.427,10.664,4971277,5.9352,3790937816.46,8526987485.02,39.2799,
600971.SH,恒源煤电,2008-05-09,10.8054,11.2153,10.1551,10.5792,4753099,5.6747,3760784532.9,8459163457.3,38.9675,
600971.SH,恒源煤电,2008-05-12,10.4378,10.9538,10.1763,10.2705,3661765,4.3718,3651060084.39,8212359356.43,37.8306,
600971.SH,恒源煤电,2008-05-13,10.0373,10.697,9.903,10.3294,2469982,2.9489,3671999864.64,8259459375.68,38.0475,
600971.SH,恒源煤电,2008-05-14,10.2847,10.9255,10.2729,10.7559,2218172,2.6483,3823603873.65,8600463515.05,39.6184,
600971.SH,恒源煤电,2008-05-15,10.7441,10.9232,10.4661,10.5108,2039196,2.4346,3736494387.81,8404527434.97,38.7158,
600971.SH,恒源煤电,2008-05-16,10.5061,10.697,9.8959,10.0585,1896805,2.2646,3575676875.49,8042799287.13,37.0495,
600971.SH,恒源煤电,2008-05-19,10.0844,10.4991,9.943,10.3883,2294241,2.7391,3692939644.89,8306559394.93,38.2645,
600971.SH,恒源煤电,2008-05-20,10.3695,10.3883,9.3658,9.4388,2040250,2.4359,3355390387.26,7547307084.62,34.767,
600971.SH,恒源煤电,2008-05-21,9.3846,10.1739,9.1184,9.9689,2022810,2.415,3543848409.51,7971207257.87,36.7197,
600971.SH,恒源煤电,2008-05-22,9.9666,10.3671,9.7427,10.1174,2451545,2.9269,3596616655.74,8089899306.38,37.2664,
600971.SH,恒源煤电,2008-05-23,9.9689,10.2493,9.8228,9.8935,1266231,1.5118,3517045490.79,7910919233.23,36.442,
600971.SH,恒源煤电,2008-05-26,9.8935,10.0137,9.2833,9.288,1451390,1.7328,3301784549.82,7426731035.34,34.2115,
600971.SH,恒源煤电,2008-05-27,9.2362,9.5142,9.1561,9.2998,1055507,1.2602,3305972505.87,7436151039.19,34.2549,
600971.SH,恒源煤电,2008-05-28,9.2315,9.5425,9.189,9.4412,651544,0.7779,3356227978.47,7549191085.39,34.7756,
600971.SH,恒源煤电,2008-05-29,9.4506,9.8252,9.3068,9.3634,912199,1.0891,3328587468.54,7487019059.98,34.4892,
600971.SH,恒源煤电,2008-05-30,9.3257,9.566,8.7155,8.7225,2422793,2.8926,3100762659.42,6974570850.54,32.1286,
600971.SH,恒源煤电,2008-06-02,8.8356,8.9157,8.4845,8.699,3127656,3.7341,3092386747.32,6955730842.84,32.0418,
600971.SH,恒源煤电,2008-06-03,8.6919,8.9063,8.6471,8.8686,2107899,2.5166,3152693314.44,7091378898.28,32.6667,
600971.SH,恒源煤电,2008-06-04,8.8356,8.8356,8.4351,8.4798,2279511,2.7215,3014490764.79,6780518771.23,31.2347,
600971.SH,恒源煤电,2008-06-05,8.3644,8.3667,8.1335,8.183,1373222,1.6395,2908954272.33,6543134674.21,30.1412,
600971.SH,恒源煤电,2008-06-06,8.1877,8.428,8.1877,8.2207,507054,0.6054,2922355731.69,6573278686.53,30.2801,
600971.SH,恒源煤电,2008-06-10,8.011,8.3173,7.502,7.5986,1229413,1.4678,2701231652.25,6075902483.25,27.9889,
600971.SH,恒源煤电,2008-06-11,7.5916,7.7942,7.3748,7.5444,1172997,1.4004,2681967054.42,6032570465.54,27.7893,
600971.SH,恒源煤电,2008-06-12,7.6104,7.6693,7.1863,7.3324,1074796,1.2832,2606583845.52,5863010396.24,27.0082,
600971.SH,恒源煤电,2008-06-13,7.4455,7.5115,6.8564,6.8588,895397,1.069,2438228012.31,5484326241.47,25.2638,
600971.SH,恒源煤电,2008-06-16,6.9083,7.0167,6.3263,6.4677,1031800,1.2319,2299187871.45,5171582113.65,23.8231,
600971.SH,恒源煤电,2008-06-17,6.3687,6.5949,6.053,6.1025,916208,1.0939,2169361233.9,4879561994.3,22.4779,
600971.SH,恒源煤电,2008-06-18,6.0082,6.6727,5.8433,6.5925,2043828,2.4401,2343580205.58,5271434154.46,24.2831,
600971.SH,恒源煤电,2008-06-19,6.5501,6.8541,5.9375,5.9799,2560728,3.0573,2125806490.98,4781593954.26,22.0266,
600971.SH,恒源煤电,2008-06-20,5.8386,6.331,5.6548,6.1496,2746132,3.2786,2186113058.1,4917242009.7,22.6515,
600971.SH,恒源煤电,2008-06-23,6.0765,6.1967,5.8904,5.9163,896615,1.0705,2103191528.31,4730725933.47,21.7923,
600971.SH,恒源煤电,2008-06-24,5.9163,6.1237,5.8079,6.0412,2490193,2.973,2147583862.44,4830577974.28,22.2522,
600971.SH,恒源煤电,2008-06-25,5.9682,6.3569,5.9682,6.3546,1772587,2.1163,2258983493.37,5081150076.69,23.4065,
600971.SH,恒源煤电,2008-06-26,6.3145,6.609,6.2344,6.5973,2180312,2.6031,2345255388,5275202156,24.3004,
600971.SH,恒源煤电,2008-06-27,6.3616,6.5666,6.0318,6.1072,1742237,2.0801,2171036416.32,4883329995.84,22.4952,
600971.SH,恒源煤电,2008-06-30,6.0789,6.1967,5.8433,6.0082,1110520,1.3258,2135858554.5,4804202932.5,22.1307,
600971.SH,恒源煤电,2008-07-01,5.9682,6.298,5.9682,6.1684,1208142,1.4424,2192814782.62,4932315010.7,22.7209,
600971.SH,恒源煤电,2008-07-02,6.1284,6.4323,6.0789,6.3593,1789062,2.136,2260659701.41,5084919103.85,23.4239,
600971.SH,恒源煤电,2008-07-03,6.3263,6.5973,6.126,6.536,2676084,3.195,2323479070.66,5226219190.1,24.0748,
600971.SH,恒源煤电,2008-07-04,6.4912,6.5172,6.0082,6.1402,2400057,2.8654,2182763683.54,4909706996.9,22.6168,
600971.SH,恒源煤电,2008-07-07,6.2203,6.5619,6.1048,6.5101,1538531,1.8369,2314265563.17,5205495177.45,23.9793,
600971.SH,恒源煤电,2008-07-08,6.5501,7.1604,6.5501,7.1604,4127021,4.9272,2545440842.01,5725479494.85,26.3746,
600971.SH,恒源煤电,2008-07-09,7.1627,7.2923,6.946,7.2523,2710818,3.2364,2578106914.02,5798955539.7,26.7131,
600971.SH,恒源煤电,2008-07-10,7.2523,7.2523,7.2523,7.2523,--,--,2578106914.02,5798955539.7,26.7131,
600971.SH,恒源煤电,2008-07-11,7.2216,7.2452,6.8329,7.0473,1384055,1.6524,2505236445.69,5635047439.65,25.9581,
600971.SH,恒源煤电,2008-07-14,7.0803,7.2994,6.9931,7.085,1164610,1.3904,2518637911.13,5665191458.05,26.0969,
600971.SH,恒源煤电,2008-07-15,7.2287,7.2311,6.5501,6.6915,1502180,1.7935,2378760115.6,5350563266,24.6476,
600971.SH,恒源煤电,2008-07-16,6.5737,6.9012,6.4842,6.7881,2317982,2.7674,2413101370.79,5427807313.15,25.0034,
600971.SH,恒源煤电,2008-07-17,6.8564,6.9106,6.4983,6.5007,716742,0.8557,2310915196.81,5197959172.85,23.9446,
600971.SH,恒源煤电,2008-07-18,6.503,6.609,6.0247,6.43,1192965,1.4243,2285787449.11,5141439138.35,23.6842,
600971.SH,恒源煤电,2008-07-21,6.1967,6.6821,6.1614,6.6279,1614440,1.9275,2356145142.67,5299695234.95,24.4133,
600971.SH,恒源煤电,2008-07-22,6.6656,6.6915,6.5737,6.6302,804907,0.961,2356982734.26,5301579236.1,24.4219,
600971.SH,恒源煤电,2008-07-23,6.6774,6.6774,6.3004,6.3122,1204667,1.4383,2243907869.61,5047239080.85,23.2503,
600971.SH,恒源煤电,2008-07-24,6.291,6.4653,6.2438,6.4276,1694554,2.0231,2284949857.52,5139555137.2,23.6756,
600971.SH,恒源煤电,2008-07-25,6.3145,6.3616,6.0883,6.126,1461799,1.7452,2177738134,4898402990,22.5647,
600971.SH,恒源煤电,2008-07-28,6.1732,6.2462,6.1025,6.2391,1173208,1.4007,2217942530.32,4988835045.2,22.9813,
600971.SH,恒源煤电,2008-07-29,6.2156,6.4582,6.1496,6.437,2242512,2.6773,2288300223.88,5147091141.8,23.7103,
600971.SH,恒源煤电,2008-07-30,6.4818,6.5925,6.1802,6.2368,1371911,1.6379,2217104938.73,4986951044.05,22.9726,
600971.SH,恒源煤电,2008-07-31,6.2839,6.3381,6.0318,6.0624,916628,1.0944,2155123161.07,4847534958.95,22.3304,
600971.SH,恒源煤电,2008-08-01,6.0436,6.0436,5.4946,5.7255,1962751,2.3433,2035347563.7,4578122794.5,21.0893,
600971.SH,恒源煤电,2008-08-04,5.6548,5.7137,5.266,5.3249,1876859,2.2408,1892956993.4,4257842599,19.6139,
600971.SH,恒源煤电,2008-08-05,5.2307,5.3249,4.7924,4.7924,3250332,3.8806,1703661294.06,3832058339.1,17.6525,
600971.SH,恒源煤电,2008-08-06,4.8537,4.9197,4.5945,4.7901,1766700,2.1093,1702823702.47,3830174337.95,17.6438,
600971.SH,恒源煤电,2008-08-07,4.7288,4.849,4.6841,4.7689,1430573,1.708,1695285378.16,3813218327.6,17.5657,
600971.SH,恒源煤电,2008-08-08,4.7948,4.8749,4.5144,4.5238,1897087,2.2649,1608175852.8,3617282208,16.6632,
600971.SH,恒源煤电,2008-08-11,4.5003,4.5003,4.0715,4.1421,1562131,1.865,1472486015.22,3312074021.7,15.2572,
600971.SH,恒源煤电,2008-08-12,4.1421,4.3,4.0644,4.267,1419142,1.6943,1516878369.49,3411926082.65,15.7172,
600971.SH,恒源煤电,2008-08-13,4.2411,4.472,4.1233,4.3778,1585635,1.8931,1556245174.22,3500474136.7,16.1251,
600971.SH,恒源煤电,2008-08-14,4.3825,4.4956,4.2835,4.3683,1066637,1.2735,1552894807.86,3492938132.1,16.0904,
600971.SH,恒源煤电,2008-08-15,4.3589,4.3778,4.1751,4.2835,690204,0.824,1522741510.62,3425114090.7,15.7779,
600971.SH,恒源煤电,2008-08-18,4.2764,4.2764,3.8641,3.8759,1098157,1.3111,1377838165.55,3099181891.75,14.2765,
600971.SH,恒源煤电,2008-08-19,3.7793,3.883,3.7322,3.8712,1707948,2.0391,1376162982.37,3095413889.45,13.8831,
600971.SH,恒源煤电,2008-08-20,3.857,4.2364,3.7699,4.2128,2514637,3.0022,1497613762.92,3368594056.2,15.1083,
600971.SH,恒源煤电,2008-08-21,4.0644,4.1704,3.9112,3.9324,1906957,2.2767,1397940363.71,3144397919.35,14.1028,
600971.SH,恒源煤电,2008-08-22,4.0055,4.0432,3.9018,4.0055,1708684,2.04,1423905703,3202801955,14.3647,
600971.SH,恒源煤电,2008-08-25,3.9324,4.029,3.8641,3.9513,829038,0.9898,1404641096.43,3159469928.55,14.1704,
600971.SH,恒源煤电,2008-08-26,3.923,3.923,3.6191,3.6332,962622,1.1493,1291566231.78,2905129773.3,13.0296,
600971.SH,恒源煤电,2008-08-27,3.5696,3.6992,3.4636,3.5602,824681,0.9846,1265600892.49,2846725737.65,12.7677,
600971.SH,恒源煤电,2008-08-28,3.5625,3.6426,3.513,3.5861,955831,1.1412,1274814399.98,2867449750.3,12.8607,
600971.SH,恒源煤电,2008-08-29,3.5861,3.817,3.5861,3.7416,1268446,1.5144,1330095444.92,2991793826.2,13.4183,
600971.SH,恒源煤电,2008-09-01,3.7204,3.7416,3.5837,3.5908,754640,0.901,1276489583.16,2871217752.6,12.8776,
600971.SH,恒源煤电,2008-09-02,3.5578,3.6261,3.4918,3.5743,454738,0.5429,1270626442.03,2858029744.55,12.8184,
600971.SH,恒源煤电,2008-09-03,3.5696,3.5884,3.3458,3.3952,1037640,1.2388,1206969481.19,2714845657.15,12.1762,
600971.SH,恒源煤电,2008-09-04,3.4117,3.5107,3.3835,3.4824,523994,0.6256,1237960370.02,2784553699.7,12.4889,
600971.SH,恒源煤电,2008-09-05,3.4824,3.4824,3.4824,3.4824,--,--,1237960370.02,2784553699.7,12.4889,
600971.SH,恒源煤电,2008-09-08,3.3245,3.4094,3.2515,3.2656,959628,1.1457,1160901943.74,2611225593.9,11.7115,
600971.SH,恒源煤电,2008-09-09,3.2751,3.341,3.1879,3.2963,460232,0.5495,1171790634.41,2635717608.85,11.8213,
600971.SH,恒源煤电,2008-09-10,3.2279,3.3505,3.2279,3.268,1184744,1.4145,1161739535.33,2613109595.05,11.7199,
600971.SH,恒源煤电,2008-09-11,3.2444,3.3175,3.1219,3.1313,652312,0.7788,1113159223.11,2503837528.35,11.2298,
600971.SH,恒源煤电,2008-09-12,3.1266,3.1785,2.9641,2.9688,1295427,1.5466,1055365403.4,2373841449,10.6468,
600971.SH,恒源煤电,2008-09-16,2.9688,2.9688,2.9688,2.9688,--,--,1055365403.4,2373841449,10.6468,
600971.SH,恒源煤电,2008-09-17,2.7214,2.8557,2.7214,2.7873,1590545,1.899,990870850.97,2228773360.45,9.9962,
600971.SH,恒源煤电,2008-09-18,2.7332,2.7779,2.5659,2.6578,3518549,4.2008,944803313.52,2125153297.2,9.5314,
600971.SH,恒源煤电,2008-09-19,2.924,2.924,2.858,2.924,7222313,8.6227,1039451163.19,2338045427.15,10.4862,
600971.SH,恒源煤电,2008-09-22,3.1808,3.2162,3.0159,3.2162,9651991,11.5235,1143312520.35,2571661569.75,11.534,
600971.SH,恒源煤电,2008-09-23,3.1902,3.4376,3.1148,3.2798,10893538,13.0058,1165927493.28,2622529600.8,11.7622,
600971.SH,恒源煤电,2008-09-24,3.2798,3.2798,3.2798,3.2798,--,--,1165927493.28,2622529600.8,11.7622,
600971.SH,恒源煤电,2008-09-25,3.2798,3.2798,3.2798,3.2798,--,--,1165927493.28,2622529600.8,11.7622,
600971.SH,恒源煤电,2008-09-26,3.2798,3.2798,3.2798,3.2798,--,--,1165927493.28,2622529600.8,11.7622,
600971.SH,恒源煤电,2008-10-06,3.2798,3.2798,3.2798,3.2798,--,--,1165927757.76,2622529865.28,11.7622,
600971.SH,恒源煤电,2008-10-07,3.2798,3.2798,3.2798,3.2798,--,--,1165927757.76,2622529865.28,11.7622,
600971.SH,恒源煤电,2008-10-08,3.2798,3.2798,3.2798,3.2798,--,--,1165927757.76,2622529865.28,11.7622,
600971.SH,恒源煤电,2008-10-09,3.2798,3.2798,3.2798,3.2798,--,--,1165927757.76,2622529865.28,11.7622,
600971.SH,恒源煤电,2008-10-10,3.2798,3.2798,3.2798,3.2798,--,--,1165927757.76,2622529865.28,11.7622,
600971.SH,恒源煤电,2008-10-13,3.2798,3.2798,3.2798,3.2798,--,--,1165927757.76,2622529865.28,11.7622,
600971.SH,恒源煤电,2008-10-14,3.2798,3.2798,3.2798,3.2798,--,--,1165927757.76,2622529865.28,11.7622,
600971.SH,恒源煤电,2008-10-15,3.2798,3.2798,3.2798,3.2798,--,--,1165927757.76,2622529865.28,11.7622,
600971.SH,恒源煤电,2008-10-16,3.2798,3.2798,3.2798,3.2798,--,--,1165927757.76,2622529865.28,11.7622,
600971.SH,恒源煤电,2008-10-17,3.2798,3.2798,3.2798,3.2798,--,--,1165927757.76,2622529865.28,11.7622,
600971.SH,恒源煤电,2008-10-20,3.2798,3.2798,3.2798,3.2798,--,--,1165927757.76,2622529865.28,11.7622,
600971.SH,恒源煤电,2008-10-21,3.2798,3.2798,3.2798,3.2798,--,--,1165927757.76,2622529865.28,11.7622,
600971.SH,恒源煤电,2008-10-22,3.2798,3.2798,3.2798,3.2798,--,--,1165927757.76,2622529865.28,11.7622,
600971.SH,恒源煤电,2008-10-23,2.9523,2.9523,2.9523,2.9523,437500,0.5223,1049502500.34,2360653679.02,10.5876,
600971.SH,恒源煤电,2008-10-24,2.6955,2.9311,2.6578,2.6578,6095892,7.2779,944803527.84,2125153511.52,9.5314,
600971.SH,恒源煤电,2008-10-27,2.507,2.5635,2.3915,2.3915,2535695,3.0274,850155656.7,1912261360.1,8.5766,
600971.SH,恒源煤电,2008-10-28,2.302,2.3915,2.163,2.302,7287621,8.7007,818327169.06,1840669309.18,8.2555,
600971.SH,恒源煤电,2008-10-29,2.3302,2.3302,2.1229,2.1418,4803987,5.7355,761370928.02,1712557218.06,7.6809,
600971.SH,恒源煤电,2008-10-30,2.1512,2.2525,2.1088,2.2124,4007447,4.7845,786498681.42,1769077258.26,7.9361,
600971.SH,恒源煤电,2008-10-31,2.1795,2.1795,2.0923,2.1088,2396528,2.8612,749644643.1,1686181199.3,7.5642,
600971.SH,恒源煤电,2008-11-03,2.0616,2.1535,2.0475,2.0499,2617846,3.1254,728704848.6,1639081165.8,7.353,
600971.SH,恒源煤电,2008-11-04,2.0499,2.0499,1.8991,1.9368,3538485,4.2246,688500443.16,1548649101.48,6.9473,
600971.SH,恒源煤电,2008-11-05,1.9792,2.064,1.9792,2.0004,4991643,5.9595,711115421.22,1599517137.66,7.1755,
600971.SH,恒源煤电,2008-11-06,1.9273,1.9603,1.8826,1.9485,2329435,2.7811,692688402.06,1558069108.18,6.9895,
600971.SH,恒源煤电,2008-11-07,1.9014,1.9792,1.8849,1.965,2364359,2.8228,698551544.52,1571257117.56,7.0487,
600971.SH,恒源煤电,2008-11-10,2.0051,2.1606,1.9839,2.1606,6104781,7.2885,768071662.26,1727629228.78,7.7502,
600971.SH,恒源煤电,2008-11-11,2.1795,2.3774,2.1441,2.3185,8287383,9.8943,824190311.52,1853857318.56,8.3164,
600971.SH,恒源煤电,2008-11-12,2.2596,2.3538,2.2407,2.335,4581089,5.4694,830053453.98,1867045327.94,8.3756,
600971.SH,恒源煤电,2008-11-13,2.2855,2.5682,2.2619,2.5682,9683300,11.5609,912975040.2,2053561460.6,9.2123,
600971.SH,恒源煤电,2008-11-14,2.6554,2.7921,2.5682,2.7803,10589871,12.6432,988358300.4,2223121581.2,9.973,
600971.SH,恒源煤电,2008-11-17,2.7355,2.9193,2.6742,2.9028,7275047,8.6857,1031913072.96,2321089650.88,10.4125,
600971.SH,恒源煤电,2008-11-18,2.8274,2.891,2.613,2.613,6000356,7.1638,928889284.02,2089357486.06,9.3729,
600971.SH,恒源煤电,2008-11-19,2.5258,2.8486,2.4858,2.825,6586377,7.8635,1004272544.22,2258917606.66,10.1336,
600971.SH,恒源煤电,2008-11-20,2.7332,2.8981,2.6766,2.7567,6516682,7.7803,979982382.6,2204281567.8,9.8885,
600971.SH,恒源煤电,2008-11-21,2.6601,2.8203,2.5494,2.7496,7008597,8.3676,977469607.26,2198629563.78,9.8631,
600971.SH,恒源煤电,2008-11-24,2.7355,2.8651,2.6153,2.6248,6776091,8.09,933077242.92,2098777492.76,9.4152,
600971.SH,恒源煤电,2008-11-25,2.7049,2.7096,2.5494,2.6389,5127444,6.1217,938102793.6,2110081500.8,9.4659,
600971.SH,恒源煤电,2008-11-26,2.6106,2.6389,2.5399,2.5612,2291410,2.7357,910462264.86,2047909456.58,9.187,
600971.SH,恒源煤电,2008-11-27,2.7567,2.7638,2.5682,2.5682,5775162,6.895,912975040.2,2053561460.6,9.2123,
600971.SH,恒源煤电,2008-11-28,2.5399,2.5399,2.441,2.4457,3068936,3.664,869420267.64,1955593390.92,8.7728,
600971.SH,恒源煤电,2008-12-01,2.4151,2.6813,2.3821,2.6742,5534830,6.608,950666670.3,2138341520.9,9.5926,
600971.SH,恒源煤电,2008-12-02,2.6742,2.7991,2.5918,2.7614,10160089,12.1301,981657566.16,2208049570.48,9.9054,
600971.SH,恒源煤电,2008-12-03,2.7614,2.7614,2.7614,2.7614,--,--,981657566.16,2208049570.48,9.9054,
600971.SH,恒源煤电,2008-12-04,3.0371,3.0371,3.0371,3.0371,2623089,3.1317,1079655804.42,2428477727.26,10.8942,
600971.SH,恒源煤电,2008-12-05,3.0583,3.1808,3.0159,3.1054,12921051,15.4264,1103945966.04,2483113766.12,11.1393,
600971.SH,恒源煤电,2008-12-08,3.1148,3.3081,3.1148,3.2986,11970202,14.2912,1172628492,2637601876,11.8323,
600971.SH,恒源煤电,2008-12-09,3.3198,3.4141,3.1761,3.2115,10937426,13.0582,1141637596.14,2567893826.42,11.5196,
600971.SH,恒源煤电,2008-12-10,3.1573,3.2468,3.0489,3.2044,6786436,8.1023,1139124820.8,2562241822.4,11.4943,
600971.SH,恒源煤电,2008-12-11,3.2044,3.3316,3.1148,3.1266,7092995,8.4683,1111484292.06,2500069778.18,11.2154,
600971.SH,恒源煤电,2008-12-12,3.1031,3.1667,2.9264,2.9829,5086133,6.0723,1060391193.48,2385145696.44,10.6998,
600971.SH,恒源煤电,2008-12-15,2.997,3.1926,2.997,3.1832,7106714,8.4847,1131586494.78,2545285810.34,11.4182,
600971.SH,恒源煤电,2008-12-16,3.1643,3.2704,2.9829,3.2468,5815653,6.9433,1154201472.84,2596153846.52,11.6464,
600971.SH,恒源煤电,2008-12-17,3.2539,3.3151,3.1926,3.2115,6020172,7.1875,1141637596.14,2567893826.42,11.5196,
600971.SH,恒源煤电,2008-12-18,3.2138,3.3505,3.1502,3.3222,5938447,7.0899,1181004409.8,2656441889.4,11.9169,
600971.SH,恒源煤电,2008-12-19,3.2939,3.3811,3.2562,3.3222,6417638,7.662,1181004409.8,2656441889.4,11.9169,
600971.SH,恒源煤电,2008-12-22,3.3222,3.3293,3.1643,3.2091,3823569,4.565,1140800004.36,2566009825.08,11.5112,
600971.SH,恒源煤电,2008-12-23,3.2279,3.2279,2.9688,3.023,4637854,5.5371,1074630253.74,2417173719.22,10.8435,
600971.SH,恒源煤电,2008-12-24,2.957,3.063,2.8745,3.0347,3615214,4.3162,1078818212.64,2426593725.92,10.8858,
600971.SH,恒源煤电,2008-12-25,3.0277,3.0607,2.8769,2.9004,2556512,3.0522,1031075481.18,2319205649.54,10.404,
600971.SH,恒源煤电,2008-12-26,2.9052,2.9688,2.891,2.9028,2730096,3.2595,1031913072.96,2321089650.88,10.4125,
600971.SH,恒源煤电,2008-12-29,2.8769,2.9052,2.752,2.7921,2977002,3.5542,992546259.3,2232541587.9,10.0152,
600971.SH,恒源煤电,2008-12-30,2.8227,2.8392,2.7096,2.7544,2768233,3.305,979144790.82,2202397566.46,9.88,
600971.SH,恒源煤电,2008-12-31,2.7449,2.7685,2.4975,2.613,2468891,2.9476,928889284.02,2089357486.06,9.3729,
600971.SH,恒源煤电,2009-01-05,2.6907,2.7968,2.686,2.7897,2836133,3.3861,991708667.52,2230657586.56,10.0068,
600971.SH,恒源煤电,2009-01-06,2.7803,3.0395,2.7685,3.0182,4720016,5.6352,1072955070.18,2413405716.54,10.8266,
600971.SH,恒源煤电,2009-01-07,3.0253,3.1243,2.9499,3.0724,5493315,6.5585,1092219681.12,2456737747.36,11.021,
600971.SH,恒源煤电,2009-01-08,2.9688,3.0724,2.9476,3.0182,3709086,4.4283,1072955070.18,2413405716.54,10.8266,
600971.SH,恒源煤电,2009-01-09,3.0065,3.3198,3.0065,3.3198,10125972,12.0894,1180166818.02,2654557888.06,11.9084,
600971.SH,恒源煤电,2009-01-12,3.2751,3.5578,3.2515,3.3976,8723612,10.4151,1207807346.76,2716729932.28,12.1873,
600971.SH,恒源煤电,2009-01-13,3.3387,3.4141,3.2609,3.3104,6312651,7.5367,1176816450.9,2647021882.7,11.8746,
600971.SH,恒源煤电,2009-01-14,3.3057,3.5578,3.2774,3.5555,6380546,7.6177,1263925996.02,2842958022.06,12.7536,
600971.SH,恒源煤电,2009-01-15,3.5107,3.6568,3.4424,3.5342,5572845,6.6534,1256387670,2826002010,12.6775,
600971.SH,恒源煤电,2009-01-16,3.5578,3.645,3.4753,3.4871,4362617,5.2085,1239635834.4,2788321983.2,12.5085,
600971.SH,恒源煤电,2009-01-19,3.4659,3.5578,3.3646,3.3905,3801152,4.5382,1205294571.42,2711077928.26,12.162,
600971.SH,恒源煤电,2009-01-20,3.3905,3.5578,3.3717,3.5272,2734768,3.265,1253874894.66,2820350005.98,12.6522,
600971.SH,恒源煤电,2009-01-21,3.4282,3.6049,3.4282,3.5107,2783787,3.3236,1248011752.2,2807161996.6,12.593,
600971.SH,恒源煤电,2009-01-22,3.5696,3.7675,3.5107,3.7275,5001173,5.9709,1325070195.96,2980490119.88,13.3705,
600971.SH,恒源煤电,2009-01-23,3.678,3.7675,3.6332,3.6473,3485323,4.1611,1296592075.44,2916434074.32,13.0832,
600971.SH,恒源煤电,2009-02-02,3.6992,3.7581,3.6473,3.7157,2786857,3.3272,1320882237.06,2971070113.18,13.3283,
600971.SH,恒源煤电,2009-02-03,3.7039,3.8782,3.6992,3.7793,2660299,3.1761,1343497215.12,3021938149.36,13.5565,
600971.SH,恒源煤电,2009-02-04,3.8052,3.8735,3.7227,3.7958,2990342,3.5702,1349360357.58,3035126158.74,13.6156,
600971.SH,恒源煤电,2009-02-05,3.8005,3.9913,3.7439,3.8405,4343636,5.1858,1365278725.3,3070926308.1,13.7762,
600971.SH,恒源煤电,2009-02-06,3.8523,4.0879,3.8288,4.0408,4054715,4.8409,1436474241.65,3231066637.05,14.4946,
600971.SH,恒源煤电,2009-02-09,4.055,4.3306,4.055,4.2694,4629764,5.5275,1517720889.72,3413815012.44,15.3144,
600971.SH,恒源煤电,2009-02-10,4.2859,4.3565,4.1893,4.3236,2917447,3.4831,1536985558.85,3457147101.45,15.5088,
600971.SH,恒源煤电,2009-02-11,4.2387,4.3,4.1492,4.2034,3562741,4.2535,1494268249.04,3361062904.08,15.0778,
600971.SH,恒源煤电,2009-02-12,4.1916,4.2128,3.784,3.989,6889374,8.2252,1418047166.83,3189618551.91,14.3087,
600971.SH,恒源煤电,2009-02-13,3.989,4.1704,3.8641,4.1681,5404701,6.4526,1481704334.39,3332802846.03,14.951,
600971.SH,恒源煤电,2009-02-16,4.2293,4.3353,4.1704,4.3212,6497861,6.9735,1708910764.54,3455263097.58,15.5004,
600971.SH,恒源煤电,2009-02-17,4.3589,4.5191,4.1233,4.1845,8696513,9.3331,1654866694.56,3345990873.12,15.0102,
600971.SH,恒源煤电,2009-02-18,4.0502,4.0997,3.7911,3.8005,6369244,6.8355,1502984222.03,3038898242.31,13.6326,
600971.SH,恒源煤电,2009-02-19,3.883,3.9159,3.7887,3.8877,3270408,3.5098,1537460611.5,3108606385.5,13.9453,
600971.SH,恒源煤电,2009-02-20,3.89,4.0997,3.883,4.0903,3256252,3.4946,1617594922.16,3270630718.32,14.6721,
600971.SH,恒源煤电,2009-02-23,4.0903,4.2599,4.0055,4.2364,4414866,4.738,1675366169.38,3387438958.26,15.1961,
600971.SH,恒源煤电,2009-02-24,4.1398,4.2293,3.9324,3.9348,4800739,5.1521,1556096497.7,3146286462.9,14.1143,
600971.SH,恒源煤电,2009-02-25,4.0008,4.0903,3.8405,3.9065,3930390,4.2181,1544914965.98,3123678416.46,14.0129,
600971.SH,恒源煤电,2009-02-26,3.9536,4.0526,3.5413,3.6615,3423075,3.6736,1448008357.74,2927742013.98,13.1339,
600971.SH,恒源煤电,2009-02-27,3.5932,3.6568,3.3952,3.4777,2968747,3.1861,1375328401.56,2780789712.12,12.4747,
600971.SH,恒源煤电,2009-03-02,3.407,3.539,3.3882,3.4942,2076911,2.2289,1381850961.73,2793977739.21,12.5338,
600971.SH,恒源煤电,2009-03-03,3.367,3.5083,3.3458,3.4612,2367778,2.5411,1368805841.39,2767601685.03,12.4155,
600971.SH,恒源煤电,2009-03-04,3.4824,3.7699,3.4801,3.7699,4655809,4.9966,1490870896,3014406192,13.5227,
600971.SH,恒源煤电,2009-03-05,3.8217,3.9042,3.7227,3.8217,4759009,5.1074,1511370370.82,3055854277.14,13.7086,
600971.SH,恒源煤电,2009-03-06,3.7722,4.2034,3.7439,4.2034,7504012,8.0533,1662321049.04,3361062904.08,15.0778,
600971.SH,恒源煤电,2009-03-09,4.3613,4.5922,4.1775,4.234,13942151,14.9627,1674434375.07,3385554954.39,15.1877,
600971.SH,恒源煤电,2009-03-10,4.0715,4.2387,3.8877,4.234,8186640,8.7859,1674434375.07,3385554954.39,11.0615,
600971.SH,恒源煤电,2009-03-11,4.2859,4.2929,4.0526,4.0573,6578027,7.0595,1604549801.82,3244254664.14,10.5998,
600971.SH,恒源煤电,2009-03-12,4.0455,4.1468,3.9419,4.1021,4431142,4.7555,1622253893.71,3280050737.67,10.7168,
600971.SH,恒源煤电,2009-03-13,4.1633,4.2411,4.0667,4.1351,4628522,4.9673,1635299014.05,3306426791.85,10.803,
600971.SH,恒源煤电,2009-03-16,4.0997,4.1021,3.9348,4.0879,3527951,3.7862,1616663127.85,3268746714.45,10.6799,
600971.SH,恒源煤电,2009-03-17,4.0809,4.406,4.0173,4.3118,8230944,8.8334,1705183587.3,3447727082.1,11.2646,
600971.SH,恒源煤电,2009-03-18,4.3401,4.7123,4.3401,4.5238,12564759,13.4845,1789045075.2,3617287430.4,11.8186,
600971.SH,恒源煤电,2009-03-19,4.5474,4.9762,4.5427,4.9762,14839862,15.9261,1967949582.72,3979016173.44,13.0005,
600971.SH,恒源煤电,2009-03-20,5.0469,5.471,4.8773,5.2778,15498032,16.6325,2087219254.4,4220168668.8,13.7884,
600971.SH,恒源煤电,2009-03-23,5.2542,5.3956,5.0658,5.1812,11612653,12.4627,2049015687.69,4142924510.13,13.536,
600971.SH,恒源煤电,2009-03-24,5.2142,5.299,5.054,5.2142,9819260,10.538,2062060808.03,4169300564.31,13.6222,
600971.SH,恒源煤电,2009-03-25,5.16,5.3956,5.1082,5.1152,8412655,9.0284,2022925447.01,4090172401.77,13.3637,
600971.SH,恒源煤电,2009-03-26,5.0658,5.2967,4.8584,5.2872,8110351,8.704,2090946431.64,4227704684.28,13.813,
600971.SH,恒源煤电,2009-03-27,5.2919,5.3438,5.0964,5.1388,6449032,6.9211,2032243390.11,4109012440.47,13.4252,
600971.SH,恒源煤电,2009-03-30,5.0658,5.1082,4.9479,5.0021,3841242,4.1224,1978199320.13,3999740216.01,13.0682,
600971.SH,恒源煤电,2009-03-31,5.0021,5.0021,5.0021,5.0021,--,--,1978529404.17,4000070300.05,13.0682,
600971.SH,恒源煤电,2009-04-01,5.0021,5.0021,5.0021,5.0021,--,--,1978529404.17,4000070300.05,13.0682,
600971.SH,恒源煤电,2009-04-02,5.0021,5.0021,5.0021,5.0021,--,--,1978529404.17,4000070300.05,13.0693,
600971.SH,恒源煤电,2009-04-03,5.5016,5.5016,5.5016,5.5016,2047785,2.1973,2176102759.65,4399512082.25,14.3744,
600971.SH,恒源煤电,2009-04-07,5.504,5.9375,5.398,5.7561,12849283,13.7875,2276753336.97,4603001292.05,15.0392,
600971.SH,恒源煤电,2009-04-08,5.7561,5.7561,5.4899,5.4969,7169265,7.6928,2174238860.07,4395743763.55,14.3621,
600971.SH,恒源煤电,2009-04-09,5.4663,5.57,5.1836,5.3815,6552445,7.0309,2128573320.36,4303419955.4,14.0604,
600971.SH,恒源煤电,2009-04-10,5.4616,5.7396,5.3084,5.6548,8348958,8.9586,2236679496,4521982440,14.7745,
600971.SH,恒源煤电,2009-04-13,5.6572,6.0318,5.6548,5.9493,13767088,14.4378,2407707765.75,4812036904.75,15.544,
600971.SH,恒源煤电,2009-04-14,5.914,5.914,5.7066,5.7938,8500110,8.9142,2344773622.17,4686256930.21,15.1377,
600971.SH,恒源煤电,2009-04-15,5.7773,6.126,5.6784,5.9352,9011659,9.4507,2401986479.97,4800602361.61,15.6848,
600971.SH,恒源煤电,2009-04-16,5.9635,5.9988,5.7137,5.7844,5266113,5.5227,2340959431.65,4678633901.45,15.2863,
600971.SH,恒源煤电,2009-04-17,5.7915,5.8409,5.4852,5.6312,4926140,5.1661,2278978835.7,4554759684.1,14.8816,
600971.SH,恒源煤电,2009-04-20,5.6077,5.8621,5.5605,5.8127,4173500,4.3768,2352402003.21,4701502987.73,15.3611,
600971.SH,恒源煤电,2009-04-21,5.7411,5.95,5.5322,5.6696,4820321,4.2126,2266773433.96,4530365996.03,14.8019,
600971.SH,恒源煤电,2009-04-22,5.6896,5.7812,5.1515,5.1716,7224069,6.3133,2067672688.12,4132443894.41,13.5018,
600971.SH,恒源煤电,2009-04-23,5.1515,5.4349,5.0542,5.4177,6655772,5.8167,2166078803.88,4329118036.59,14.1444,
600971.SH,恒源煤电,2009-04-24,5.4349,5.4721,5.2488,5.2603,3875804,3.3872,2103144660.08,4203338061.94,13.7334,
600971.SH,恒源煤电,2009-04-27,5.2431,5.2603,5.0514,5.1258,3079576,2.6913,2049364573.56,4095853356.33,13.3822,
600971.SH,恒源煤电,2009-04-28,5.0914,5.4034,5.0571,5.3834,5616778,4.9087,2152347717.96,4301675133.03,14.0547,
600971.SH,恒源煤电,2009-04-29,5.4091,5.8356,5.3233,5.7354,9650726,8.4341,2293091348.64,4582964894.52,14.9738,
600971.SH,恒源煤电,2009-04-30,5.7554,5.9071,5.6667,5.7755,7339453,6.4142,2309110948.88,4614981615.34,14.4359,
600971.SH,恒源煤电,2009-05-04,5.8127,6.3536,5.8127,6.2877,12527675,10.9483,2513932980.52,5024338260.11,15.7164,
600971.SH,恒源煤电,2009-05-05,6.3164,6.3221,6.0388,6.159,10537740,9.2092,2462441408.32,4921427371.76,15.3945,
600971.SH,恒源煤电,2009-05-06,6.1618,6.5367,6.0989,6.3192,10210266,8.9231,2526519809.28,5049494255.04,15.7951,
600971.SH,恒源煤电,2009-05-07,6.3822,6.5281,6.2105,6.5081,11107543,9.7072,2602040781.84,5200430224.62,16.2673,
600971.SH,恒源煤电,2009-05-08,6.4623,6.8716,6.3622,6.7027,14469929,12.6457,2679850268.72,5355940011.46,16.7537,
600971.SH,恒源煤电,2009-05-11,6.7771,6.8115,6.4108,6.4308,11490789,10.0421,2571145838.52,5138683691.61,16.0741,
600971.SH,恒源煤电,2009-05-12,6.3021,6.6684,6.3021,6.6426,6879937,6.0126,2655820868.36,5307914930.23,16.6035,
600971.SH,恒源煤电,2009-05-13,6.6798,6.9918,6.5997,6.7056,8166184,7.1367,2680994525.88,5358226920.09,16.7609,
600971.SH,恒源煤电,2009-05-14,6.5825,6.9546,6.5253,6.9202,9503947,8.3058,2766813812.88,5529745067.34,17.2974,
600971.SH,恒源煤电,2009-05-15,6.9231,6.9689,6.7313,6.8516,5541431,4.8428,2739351641.04,5474859260.22,17.1257,
600971.SH,恒源煤电,2009-05-18,6.8115,7.3553,6.5825,7.175,8829529,7.7164,2868652700.12,5733279935.41,17.934,
600971.SH,恒源煤电,2009-05-19,7.1549,7.3524,7.0748,7.1034,8359697,7.3058,2840046271.12,5676107219.66,17.7552,
600971.SH,恒源煤电,2009-05-20,7.0891,7.4497,7.0118,7.2751,10572296,9.2394,2908701700.72,5813321737.46,18.1844,
600971.SH,恒源煤电,2009-05-21,7.1549,7.4154,6.8687,7.1292,10162042,8.8809,2850344585.56,5696689397.33,17.8196,
600971.SH,恒源煤电,2009-05-22,7.029,7.0347,6.7256,6.7485,6095596,5.3271,2698158383.28,5392530549.54,16.8682,
600971.SH,恒源煤电,2009-05-25,6.4366,6.7514,6.3765,6.6741,7703707,6.7325,2668407697.12,5333070925.16,16.6822,
600971.SH,恒源煤电,2009-05-26,6.6741,6.8401,6.3822,6.3994,5225721,4.5669,2558559009.76,5113527696.68,15.9954,
600971.SH,恒源煤电,2009-05-27,6.468,6.551,6.2076,6.325,6471675,5.6558,2528808323.6,5054068072.3,15.8094,
600971.SH,恒源煤电,2009-06-01,6.468,6.9574,6.468,6.9574,7392075,6.4602,2781689155.96,5559474879.53,17.3904,
600971.SH,恒源煤电,2009-06-02,7.2236,7.4984,7.112,7.278,16943035,14.807,2909845957.88,5815608646.09,18.1916,
600971.SH,恒源煤电,2009-06-03,7.2866,7.7273,7.1635,7.6128,12538634,10.9579,3043724045.6,6083176955.8,19.0285,
600971.SH,恒源煤电,2009-06-04,7.4411,7.6472,7.2351,7.5785,10262844,8.969,3029992959.68,6055734052.24,18.9427,
600971.SH,恒源煤电,2009-06-05,7.6529,7.7245,7.3982,7.4068,8535907,7.4598,2961337530.08,5918519534.44,18.5135,
600971.SH,恒源煤电,2009-06-08,7.2637,7.3467,7.0633,7.1292,6958323,6.0811,2850344585.56,5696689397.33,17.8196,
600971.SH,恒源煤电,2009-06-09,7.1292,7.3181,6.9832,7.195,6566866,5.739,2876662500.24,5749288295.82,17.9841,
600971.SH,恒源煤电,2009-06-10,7.3524,7.3982,7.1005,7.2007,4353889,3.805,2878951014.56,5753862113.08,17.9984,
600971.SH,恒源煤电,2009-06-11,7.1292,7.1807,6.9546,6.9718,4786516,4.1831,2787410441.76,5570909422.68,17.4261,
600971.SH,恒源煤电,2009-06-12,6.9546,7.1549,6.8716,6.9975,4193357,3.6647,2797708756.2,5591491600.35,17.4905,
600971.SH,恒源煤电,2009-06-15,6.9918,7.0834,6.7056,6.8773,3908268,3.4156,2749649955.48,5495441437.89,17.1901,
600971.SH,恒源煤电,2009-06-16,6.7829,7.0404,6.6999,6.926,4055247,3.544,2769102327.2,5534318884.6,17.3117,
600971.SH,恒源煤电,2009-06-17,6.9231,7.0061,6.7457,6.9803,3802116,3.3228,2790843213.24,5577770148.57,17.4476,
600971.SH,恒源煤电,2009-06-18,7.0233,7.3238,7.0233,7.2551,8446022,7.3812,2900691900.6,5797313377.05,18.1343,
600971.SH,恒源煤电,2009-06-19,7.258,7.2923,7.0519,7.0948,5208061,4.5515,2836613499.64,5669246493.77,17.7337,
600971.SH,恒源煤电,2009-06-22,7.0719,7.1549,6.8344,6.9632,5363214,4.6871,2783977670.28,5564048696.79,17.4047,
600971.SH,恒源煤电,2009-06-23,6.8544,7.0032,6.7542,6.9088,3542229,3.0957,2762236784.24,5520597432.82,17.2688,
600971.SH,恒源煤电,2009-06-24,7.0032,7.1979,6.8573,7.1893,7340089,6.4147,2874373985.92,5744714478.56,17.9698,
600971.SH,恒源煤电,2009-06-25,7.195,7.2522,6.9775,7.0204,4304008,3.7614,2806862813.48,5609786869.39,17.5477,
600971.SH,恒源煤电,2009-06-26,7.092,7.2236,7.0061,7.0977,5199824,4.5443,2837757756.8,5671533402.4,17.7409,
600971.SH,恒源煤电,2009-06-29,7.0977,7.4354,6.9288,7.2694,8569579,7.4892,2906413186.4,5808747920.2,18.1701,
600971.SH,恒源煤电,2009-06-30,7.4011,7.5127,7.2494,7.2866,8738427,7.1902,3094195910.84,6003386553.46,18.213,
600971.SH,恒源煤电,2009-07-01,7.2122,7.4926,7.1778,7.4096,7159454,5.891,3146454522.06,6104779177.89,18.5206,
600971.SH,恒源煤电,2009-07-02,7.4411,7.5842,7.4182,7.5527,9878102,8.128,3207220349.06,6222677578.39,19.4649,
600971.SH,恒源煤电,2009-07-03,7.4411,7.9219,7.4125,7.8132,11204088,9.2191,3317814154.2,6437252667.3,20.1361,
600971.SH,恒源煤电,2009-07-06,7.8218,8.0851,7.5871,7.7016,11156836,9.1802,3270416809.14,6345291914.91,19.8484,
600971.SH,恒源煤电,2009-07-07,7.6701,7.693,7.4325,7.4526,6933285,5.7049,3164684270.16,6140148698.04,19.2067,
600971.SH,恒源煤电,2009-07-08,7.3409,7.693,7.3009,7.6844,6232621,5.1284,3263124909.9,6331144106.85,19.8042,
600971.SH,恒源煤电,2009-07-09,7.6586,8.274,7.5556,8.1452,14324841,11.7869,3458790872.84,6710776956.46,20.9917,
600971.SH,恒源煤电,2009-07-10,8.1194,8.4686,8.0536,8.128,9072397,7.465,3451498973.6,6696629148.4,20.9475,
600971.SH,恒源煤电,2009-07-13,8.0965,8.2167,7.8046,7.8246,6153212,5.0631,3322675420.36,6446684539.34,20.1656,
600971.SH,恒源煤电,2009-07-14,7.859,8.1852,7.859,8.065,5598151,4.6063,3424762009.72,6644753852.18,20.7852,
600971.SH,恒源煤电,2009-07-15,8.0708,8.6088,7.9649,8.4199,9711651,7.991,3575461260.68,6937141885.42,21.6998,
600971.SH,恒源煤电,2009-07-16,8.4857,8.8578,8.3856,8.4514,8378162,6.8938,3588829742.62,6963079533.53,21.7809,
600971.SH,恒源煤电,2009-07-17,8.4428,9.2957,8.4142,9.2957,13443290,11.0616,3947348121.92,7658680096.48,23.9568,
600971.SH,恒源煤电,2009-07-20,9.4016,10.2258,9.4016,10.2258,14818248,12.1929,4342325997.42,8425019699.73,26.354,
600971.SH,恒源煤电,2009-07-21,10.4433,10.4748,9.8938,10.0942,9528604,7.8404,4286421436.58,8316553171.27,26.0147,
600971.SH,恒源煤电,2009-07-22,10.16,11.1044,10.16,11.1044,9727580,8.0042,4715428175.2,9148915878.8,28.6184,
600971.SH,恒源煤电,2009-07-23,11.176,11.674,10.947,11.259,10784169,8.8735,4781055268.36,9276246151.34,29.0166,
600971.SH,恒源煤电,2009-07-24,11.3506,11.8056,10.9928,11.2991,8844488,7.2775,4798069699.92,9309257703.48,29.1199,
600971.SH,恒源煤电,2009-07-27,11.1588,11.3878,10.8182,11.1731,8559654,7.0431,4744595772.16,9205507111.04,28.7954,
600971.SH,恒源煤电,2009-07-28,11.1044,11.4193,10.8755,11.2189,6833525,5.6228,4764040836.8,9243234599.2,28.9134,
600971.SH,恒源煤电,2009-07-29,11.1331,11.1331,10.097,10.1714,8211725,6.7569,4319234983.16,8380218307.54,26.2138,
600971.SH,恒源煤电,2009-07-30,10.1743,10.4347,9.4216,10.3603,7903054,6.5029,4399445874.8,8535844196.2,26.7006,
600971.SH,恒源煤电,2009-07-31,10.4462,10.8984,10.3031,10.7352,7499177,6.1706,4558652341.54,8844738005.51,27.6669,
600971.SH,恒源煤电,2009-08-03,10.8182,11.0186,10.2172,10.7381,7432678,6.1158,4559867658.08,8847095973.52,27.6742,
600971.SH,恒源煤电,2009-08-04,10.761,11.1903,10.3031,11.156,10714747,8.8164,4737303872.92,9191359302.98,28.7511,
600971.SH,恒源煤电,2009-08-05,10.9442,10.9442,10.3889,10.5549,9673647,7.9598,4482087399.52,8696186020.88,27.2022,
600971.SH,恒源煤电,2009-08-06,10.3517,10.3517,9.7879,9.9339,7837800,6.4492,4218363710.34,8184506962.71,25.6016,
600971.SH,恒源煤电,2009-08-07,9.9167,10.1171,9.3157,9.4159,6458082,5.3139,3998391416.6,7757714752.9,24.2666,
600971.SH,恒源煤电,2009-08-10,9.4731,9.7221,9.1297,9.5017,6205779,5.1063,4034850912.8,7828453793.2,24.4879,
600971.SH,恒源煤电,2009-08-11,9.5933,9.642,9.2499,9.5704,4197028,3.4534,4064018509.76,7885045025.44,24.6649,
600971.SH,恒源煤电,2009-08-12,9.4445,9.5017,8.7233,8.8492,7961955,6.5513,3757758741.68,7290837086.92,22.8062,
600971.SH,恒源煤电,2009-08-13,8.8234,9.2642,8.7004,9.1096,7635185,6.2825,3868352546.82,7505412175.83,23.4774,
600971.SH,恒源煤电,2009-08-14,9.1583,9.3157,8.8807,9.2098,6686954,5.5022,3910888625.72,7587941056.18,23.7355,
600971.SH,恒源煤电,2009-08-17,9.0152,9.1011,8.2883,8.3684,6396439,5.2632,3553585562.96,6894698461.24,21.567,
600971.SH,恒源煤电,2009-08-18,8.1623,8.5745,8.128,8.5716,4070132,3.349,3639873037.3,7062114189.95,22.0907,
600971.SH,恒源煤电,2009-08-19,8.6403,8.7576,7.9505,8.0278,5996626,4.9342,3408962894.7,6614100268.05,20.6893,
600971.SH,恒源煤电,2009-08-20,8.0736,8.832,8.0736,8.832,16267157,13.3851,3750466842.44,7276689278.86,22.7619,
600971.SH,恒源煤电,2009-08-21,8.9522,9.559,8.832,9.5332,17884833,14.7162,4048219394.74,7854391441.31,24.569,
600971.SH,恒源煤电,2009-08-24,9.4445,9.9654,9.2327,9.5504,13307294,10.9497,4055511293.98,7868539249.37,24.6133,
600971.SH,恒源煤电,2009-08-25,9.2728,9.3386,8.6174,9.1669,11686547,9.6161,3892658877.62,7552571536.03,24.6641,
600971.SH,恒源煤电,2009-08-26,8.8778,9.4502,8.875,9.0553,9390823,7.7271,3845261532.56,7460610783.64,24.3638,
600971.SH,恒源煤电,2009-08-27,8.958,9.1898,8.7748,8.8921,6744533,5.5496,3775988489.78,7326206607.07,23.9248,
600971.SH,恒源煤电,2009-08-28,8.9866,9.0667,8.4857,8.5258,5802515,4.7745,3620427972.66,7024386701.79,22.9392,
600971.SH,恒源煤电,2009-08-31,8.3512,8.3512,7.6729,7.6729,8415364,6.9244,3258263643.74,6321712234.81,20.6445,
600971.SH,恒源煤电,2009-09-01,7.4468,7.9391,7.4068,7.7302,6740342,5.5462,3282569974.54,6368871595.01,20.7985,
600971.SH,恒源煤电,2009-09-02,7.7846,8.108,7.6558,7.9878,7056978,5.8067,3391948463.14,6581088715.91,21.4915,
600971.SH,恒源煤电,2009-09-03,7.9591,8.6403,7.8218,8.5344,8206079,6.7522,3624073922.28,7031460605.82,22.9623,
600971.SH,恒源煤电,2009-09-04,8.4428,8.8063,8.4142,8.4256,7372725,6.0665,3577891893.76,6941857821.44,22.6697,
600971.SH,恒源煤电,2009-09-07,8.5859,8.6575,8.2711,8.4285,6273203,5.1618,3579107210.3,6944215789.45,22.6774,
600971.SH,恒源煤电,2009-09-08,8.3283,8.9293,8.0765,8.8549,10678963,8.787,3760189374.76,7295553022.94,23.8247,
600971.SH,恒源煤电,2009-09-09,9.0381,9.2957,8.9293,9.1612,12166886,10.0113,3890228244.54,7547855600.01,24.6487,
600971.SH,恒源煤电,2009-09-10,9.0724,9.1926,8.875,8.9408,5550408,4.567,3796648870.96,7366292063.24,24.0557,
600971.SH,恒源煤电,2009-09-11,8.8378,9.2699,8.7633,9.1583,6349448,5.2245,3889012928,7545497632,24.641,
600971.SH,恒源煤电,2009-09-14,9.1011,9.2499,9.0381,9.2213,6360277,5.2334,3915749891.88,7597372928.22,24.8104,
600971.SH,恒源煤电,2009-09-15,9.2155,9.5819,9.1955,9.3329,7488232,6.1615,3963147236.94,7689333680.61,25.1107,
600971.SH,恒源煤电,2009-09-16,9.3329,9.413,8.8149,9.1268,7642747,6.2887,3875644446.06,7519559983.89,24.5563,
600971.SH,恒源煤电,2009-09-17,9.2356,9.3729,9.1583,9.2213,5132756,4.2234,3915749891.88,7597372928.22,24.8104,
600971.SH,恒源煤电,2009-09-18,9.3586,9.4416,8.7719,8.8349,5655286,4.6533,3751682158.98,7279047246.87,23.7708,
600971.SH,恒源煤电,2009-09-21,8.7233,8.9608,8.4027,8.9093,4473215,3.6807,3783280389.02,7340354415.13,23.971,
600971.SH,恒源煤电,2009-09-22,8.7319,8.9007,8.4428,8.4571,4157207,3.4207,3591260375.7,6967795469.55,22.7544,
600971.SH,恒源煤电,2009-09-23,8.5,8.6403,7.9277,8.0708,5782130,4.7577,3427192642.8,6649469788.2,21.7148,
600971.SH,恒源煤电,2009-09-24,7.9792,8.3541,7.7273,8.1108,4198791,3.4549,3444207074.36,6682481340.34,21.8227,
600971.SH,恒源煤电,2009-09-25,8.0421,8.128,7.8876,8.0421,2242601,1.8453,3415039477.4,6625890108.1,21.6378,
600971.SH,恒源煤电,2009-09-28,8.0479,8.2854,7.6844,7.7044,2679082,2.2044,3271632125.68,6347649882.92,20.7292,
600971.SH,恒源煤电,2009-09-29,7.7245,7.8132,7.4554,7.6386,2560758,2.1071,3243679845.26,6293416618.69,20.5521,
600971.SH,恒源煤电,2009-09-30,7.713,7.942,7.6844,7.7559,3041959,2.4202,3406242007.7,6502827491.4,20.8678,
600971.SH,恒源煤电,2009-10-09,8.0335,8.5315,8.0278,8.5315,6041850,4.8069,3746866208.47,7153110240.54,22.9546,
600971.SH,恒源煤电,2009-10-12,8.5315,8.5745,8.274,8.2911,3850883,3.0638,3641285275.39,6951546583.98,22.7013,
600971.SH,恒源煤电,2009-10-13,8.2568,8.6975,8.2568,8.5258,4597753,3.658,3744352376.73,7148311105.86,23.3439,
600971.SH,恒源煤电,2009-10-14,8.646,8.8721,8.5974,8.6603,5885336,4.6824,3803427422.62,7261090770.84,23.7122,
600971.SH,恒源煤电,2009-10-15,8.7576,8.8578,8.6002,8.6489,4026957,3.2038,3798399759.14,7251492501.48,23.6808,
600971.SH,恒源煤电,2009-10-16,8.8149,8.8692,8.5287,8.7204,4356485,3.466,3829822655.89,7311481684.98,23.8767,
600971.SH,恒源煤电,2009-10-19,8.7433,9.0553,8.6088,9.0009,6546743,5.2086,3953000411.15,7546639284.3,24.6447,
600971.SH,恒源煤电,2009-10-20,9.144,9.3157,9.0696,9.1469,7482154,5.9528,4017103120.52,7669017218.64,25.0443,
600971.SH,恒源煤电,2009-10-21,9.1154,9.2899,8.9665,9.061,5725905,4.5555,3979395644.42,7597030198.44,24.8092,
600971.SH,恒源煤电,2009-10-22,9.1583,9.2613,9.0495,9.0867,4673832,3.7185,3990707887.25,7618626304.5,24.8798,
600971.SH,恒源煤电,2009-10-23,9.1125,9.6935,9.0953,9.4731,9337529,7.4289,4160391529.7,7942567895.4,25.9377,
600971.SH,恒源煤电,2009-10-26,9.5218,9.5447,9.2871,9.4073,4748601,3.778,4131482464.69,7887377846.58,25.7574,
600971.SH,恒源煤电,2009-10-27,9.2155,9.2413,8.8864,8.9265,5944593,4.7295,3920320598.53,7484250533.46,24.4409,
600971.SH,恒源煤电,2009-10-28,8.9007,9.164,8.8807,9.061,4132182,3.2876,3979395644.42,7597030198.44,24.8092,
600971.SH,恒源煤电,2009-10-29,9.061,9.061,9.061,9.061,--,--,3979395644.42,7597030198.44,24.8092,
600971.SH,恒源煤电,2009-10-30,9.144,9.931,9.144,9.5418,13348848,10.6203,4190557510.58,8000157511.56,19.2635,
600971.SH,恒源煤电,2009-11-02,9.1869,10.4948,9.1039,10.4948,16115101,12.8211,4609110495.29,8799213435.78,21.1876,
600971.SH,恒源煤电,2009-11-03,10.7352,10.761,10.4176,10.6608,15846279,12.6073,4682011615.75,8938388341.5,21.5227,
600971.SH,恒源煤电,2009-11-04,10.6465,10.6895,10.4176,10.5864,9835765,7.8253,4649331803.13,8875999590.66,21.3725,
600971.SH,恒源煤电,2009-11-05,10.6465,10.6465,10.2602,10.6065,12000863,9.5479,4658130214.22,8892796562.04,21.4129,
600971.SH,恒源煤电,2009-11-06,10.5893,10.6179,10.3374,10.4061,8382594,6.6692,4570146103.32,8724826848.24,21.0085,
600971.SH,恒源煤电,2009-11-09,10.3832,10.4433,10.1829,10.429,6928731,5.5125,4580201430.28,8744023386.96,21.0547,
600971.SH,恒源煤电,2009-11-10,10.6265,10.7238,10.3889,10.3918,7284985,5.7959,4563861523.97,8712829011.54,20.9796,
600971.SH,恒源煤电,2009-11-11,10.3889,10.3889,10.1314,10.2115,5956459,4.7389,4484675824.16,8561656269.12,20.6156,
600971.SH,恒源煤电,2009-11-12,10.2974,10.3746,10.1657,10.1686,3829815,3.047,4465822086.11,8525662759.02,20.5289,
600971.SH,恒源煤电,2009-11-13,10.1314,10.4605,10.0713,10.4519,4786977,3.8085,4590256757.24,8763219925.68,21.1009,
600971.SH,恒源煤电,2009-11-16,10.5836,11.3563,10.4891,11.0987,13076005,10.4032,4874319743.86,9305522144.52,22.4067,
600971.SH,恒源煤电,2009-11-17,11.0959,11.0959,10.8326,10.8841,8105836,6.449,4780051053.61,9125554594.02,21.9734,
600971.SH,恒源煤电,2009-11-18,11.03,11.4107,10.9928,11.0586,8263016,6.574,4856722921.68,9271928201.76,22.3258,
600971.SH,恒源煤电,2009-11-19,11.1331,11.1617,10.9098,11.1102,5506883,4.3813,4879347407.34,9315120413.88,22.4298,
600971.SH,恒源煤电,2009-11-20,11.0758,11.2218,10.8869,11.0959,4680258,3.7236,4873062827.99,9303122577.18,22.4009,
600971.SH,恒源煤电,2009-11-23,11.093,11.1989,11.0186,11.1159,4735532,3.7676,4881861239.08,9319919548.56,22.4414,
600971.SH,恒源煤电,2009-11-24,11.2046,11.3906,10.5921,10.6637,9357320,7.4447,4683268531.62,8940787908.84,21.5285,
600971.SH,恒源煤电,2009-11-25,10.5921,10.9756,10.5635,10.9327,7249498,5.7677,4801418623.4,9166347238.8,22.0716,
600971.SH,恒源煤电,2009-11-26,10.9213,11.1273,10.3031,10.3489,7516811,5.5203,4923768345.6,9055596061.12,20.8929,
600971.SH,恒源煤电,2009-11-27,10.16,10.2945,9.6735,9.7593,8424384,6.1868,4643266056,8539707568.7,19.7026,
600971.SH,恒源煤电,2009-11-30,10.0112,10.346,9.828,10.326,5565720,4.0874,4912875052.8,9035561556.56,21.7567,
600971.SH,恒源煤电,2009-12-01,10.0598,10.4977,10.0598,10.4061,4759270,3.4952,4951001577.6,9105682322.52,21.9255,
600971.SH,恒源煤电,2009-12-02,10.4061,10.4061,10.4061,10.4061,--,--,4951001577.6,9105682322.52,21.9255,
600971.SH,恒源煤电,2009-12-03,10.5893,10.6837,10.4176,10.678,5912644,4.3422,5080359429.6,9343592064.17,22.4984,
600971.SH,恒源煤电,2009-12-04,10.678,11.0071,10.3632,10.6522,7290038,5.3538,5068104475.2,9321053246.54,22.4441,
600971.SH,恒源煤电,2009-12-07,10.761,10.8669,10.5607,10.6437,4297586,3.1561,5064019490.4,9313540307.33,22.426,
600971.SH,恒源煤电,2009-12-08,10.6351,10.6351,10.3947,10.5406,3684719,2.706,5014999672.8,9223385036.81,22.2089,
600971.SH,恒源煤电,2009-12-09,10.4176,10.5034,10.2172,10.2659,3538690,2.5988,4884280159.2,8982970982.09,21.63,
600971.SH,恒源煤电,2009-12-10,10.3317,10.4176,10.1915,10.2916,2655209,1.95,4896535113.6,9005509799.72,21.6843,
600971.SH,恒源煤电,2009-12-11,10.3317,10.4462,10.2745,10.3002,2102196,1.5438,4900620098.4,9013022738.93,21.7024,
600971.SH,恒源煤电,2009-12-14,10.3632,10.3889,10.0198,10.3317,2542037,1.8669,4915598376,9040570182.7,21.7687,
600971.SH,恒源煤电,2009-12-15,10.3317,10.5006,10.2287,10.3088,2848035,2.0916,4904705083.2,9020535678.14,21.7205,
600971.SH,恒源煤电,2009-12-16,10.2888,10.5006,10.2745,10.3059,3157861,2.3191,4903343421.6,9018031365.07,21.7145,
600971.SH,恒源煤电,2009-12-17,10.4319,10.4605,9.9911,10.0026,3076944,2.2597,4759007292,8752574179.65,21.0753,
600971.SH,恒源煤电,2009-12-18,9.8824,9.9568,9.5876,9.6649,3241258,2.2702,4821414323.55,8680148337.74,20.3637,
600971.SH,恒源煤电,2009-12-21,9.6305,9.8452,9.5389,9.6763,1999713,1.4006,4827125208.15,8690429828.22,20.3878,
600971.SH,恒源煤电,2009-12-22,9.7021,9.745,9.1583,9.1612,3183268,2.2296,4570135401.15,8227762756.62,19.8116,
600971.SH,恒源煤电,2009-12-23,9.0867,9.3157,9.0867,9.2613,3853061,2.6987,4620105641.4,12762218379.56,20.0282,
600971.SH,恒源煤电,2009-12-24,9.33,9.7593,9.2785,9.7164,5872797,4.1134,4847113304.25,13389286587.95,21.0123,
600971.SH,恒源煤电,2009-12-25,9.725,9.7364,9.5447,9.6992,2470395,1.7303,4838546977.35,13365623636.69,32.183,
600971.SH,恒源煤电,2009-12-28,9.7879,9.8738,9.6992,9.7765,3259961,2.2833,4877095448.4,13472106917.36,32.4394,
600971.SH,恒源煤电,2009-12-29,9.7937,9.8051,9.5618,9.6706,3313257,2.3207,4824269765.85,13326185384.59,32.088,
600971.SH,恒源煤电,2009-12-30,9.7135,9.765,9.5819,9.6849,2994644,2.0975,4831408371.6,13345904510.64,32.1355,
600971.SH,恒源煤电,2009-12-31,9.6992,9.7507,9.5876,9.6849,2274566,1.5931,4831408371.6,13345904510.64,32.1355,
600971.SH,恒源煤电,2010-01-04,9.7307,9.8881,9.7307,9.8022,3482207,2.439,4889944938.75,13507601344.25,32.5249,
600971.SH,恒源煤电,2010-01-05,9.931,10.1342,9.9024,10.0484,4612471,3.2307,5012728957.65,13846770312.31,33.3415,
600971.SH,恒源煤电,2010-01-06,10.1171,10.3546,10.0169,10.0426,4833056,3.3852,5009873515.35,13838882661.89,33.3226,
600971.SH,恒源煤电,2010-01-07,10.0455,10.2687,9.7307,9.8194,4225494,2.9596,4898511265.65,13531264295.51,32.5818,
600971.SH,恒源煤电,2010-01-08,9.8166,9.9282,9.4731,9.7879,3390043,2.3744,4882806333,13487882218.2,32.4774,
600971.SH,恒源煤电,2010-01-11,9.9196,10.0398,9.7879,10.0198,5130949,3.5938,4998451746.15,13807332060.21,33.2466,
600971.SH,恒源煤电,2010-01-12,10.0255,10.1514,9.7307,10.014,3919323,2.7452,4995596303.85,13799444409.79,33.2276,
600971.SH,恒源煤电,2010-01-13,9.7307,9.8709,9.413,9.4216,5292459,3.7069,4700058025.8,12983072591.32,31.2619,
600971.SH,恒源煤电,2010-01-14,9.4445,9.559,9.2155,9.5275,3878531,2.7166,4752883708.35,13128994124.09,31.6132,
600971.SH,恒源煤电,2010-01-15,9.5361,9.5847,9.3586,9.5561,2477921,1.7356,4767160919.85,13168432376.19,31.7082,
600971.SH,恒源煤电,2010-01-18,9.5304,9.9224,9.4502,9.8681,4046175,2.834,4922782525.2,13598309324.08,32.7433,
600971.SH,恒源煤电,2010-01-19,9.9024,10.1829,9.9024,9.9596,4514455,3.162,4968469602,13724511730.8,33.0472,
600971.SH,恒源煤电,2010-01-20,9.9825,9.9883,9.4445,9.4788,4370726,3.0613,4728612448.8,13061949095.52,31.4518,
600971.SH,恒源煤电,2010-01-21,9.4559,9.5017,8.9437,9.1583,4324354,3.0289,4568707680,12620240672,30.3882,
600971.SH,恒源煤电,2010-01-22,8.9036,9.0152,8.6803,8.9894,3086462,2.1618,4484472132.15,12387554984.61,29.8279,
600971.SH,恒源煤电,2010-01-25,8.9923,9.0896,8.8721,8.9007,1445466,1.0124,4440212776.5,12265296403.1,29.5335,
600971.SH,恒源煤电,2010-01-26,8.8721,9.0123,8.3283,8.3856,2438071,1.7077,4183222969.5,11555407865.3,27.8242,
600971.SH,恒源煤电,2010-01-27,8.4428,8.7147,8.2138,8.3884,2294219,1.6069,4184650690.65,11559351690.51,27.8337,
600971.SH,恒源煤电,2010-01-28,8.4485,8.583,8.3283,8.48,1684177,1.1796,4230337767.45,11685554097.23,28.1376,
600971.SH,恒源煤电,2010-01-29,8.4772,8.6832,8.3569,8.5115,1798841,1.2599,4246042700.1,11728936174.54,28.242,
600971.SH,恒源煤电,2010-02-01,8.4142,8.5115,8.1881,8.2167,1520431,1.0649,4098987421.65,11322722177.91,27.2639,
600971.SH,恒源煤电,2010-02-02,8.314,8.5859,8.2425,8.2682,2044377,1.4319,4124686402.35,11393711031.69,27.4348,
600971.SH,恒源煤电,2010-02-03,8.3999,9.0123,8.1051,8.8435,3830115,2.6827,4411658353.5,12186419898.9,29.3436,
600971.SH,恒源煤电,2010-02-04,8.7548,8.7548,8.5659,8.5859,2744980,1.9226,4283163450,11831475630,28.4889,
600971.SH,恒源煤电,2010-02-05,8.1423,8.2425,8.0135,8.0994,4804595,3.3652,4040450854.5,11161025344.3,21.4505,
600971.SH,恒源煤电,2010-02-08,8.0135,8.1766,7.7874,7.9963,3409761,2.3883,3989052893.1,11019047636.74,21.1777,
600971.SH,恒源煤电,2010-02-09,7.9277,8.1108,7.8847,7.9534,2064452,1.446,3967637075.85,10959890258.59,21.064,
600971.SH,恒源煤电,2010-02-10,8.1022,8.1537,7.9878,8.0335,2644565,1.8523,4007613268.05,11070317364.47,21.2762,
600971.SH,恒源煤电,2010-02-11,8.0593,8.1709,8.0278,8.108,2487267,1.7421,4044734017.95,11172856819.93,21.4733,
600971.SH,恒源煤电,2010-02-12,8.1709,8.4857,8.1709,8.4514,3634376,2.5456,4216060555.95,11646115845.13,22.3828,
600971.SH,恒源煤电,2010-02-22,8.4285,8.4857,8.3112,8.3169,2471233,1.7309,4148957661.9,11460756060.26,22.0266,
600971.SH,恒源煤电,2010-02-23,8.3283,8.3798,8.0364,8.1652,2809333,1.9677,4073288440.95,11251733324.13,21.6249,
600971.SH,恒源煤电,2010-02-24,8.1223,8.3226,8.0192,8.314,2566998,1.798,4147529940.75,11456812235.05,22.019,
600971.SH,恒源煤电,2010-02-25,8.314,8.314,8.314,8.314,--,--,4147529940.75,11456812235.05,22.019,
600971.SH,恒源煤电,2010-02-26,8.3684,8.4428,8.3255,8.3283,4527785,3.1713,4154668546.5,11476531361.1,22.0569,
600971.SH,恒源煤电,2010-03-01,8.3226,8.543,8.294,8.5344,4497327,3.15,4257464469.3,11760486776.22,22.6027,
600971.SH,恒源煤电,2010-03-02,8.5344,8.6002,8.294,8.3369,3428258,2.4012,4158951709.95,11488362836.73,22.0797,
600971.SH,恒源煤电,2010-03-03,8.3398,8.4371,8.1852,8.4285,5082889,3.5601,4204638786.75,11614565243.45,22.3222,
600971.SH,恒源煤电,2010-03-04,8.4371,8.5229,8.0994,8.1681,4464154,3.1268,4074716162.1,11255677149.34,21.6325,
600971.SH,恒源煤电,2010-03-05,8.1995,8.2596,8.0421,8.0708,3330117,2.3325,4026173643,11121587092.2,21.3747,
600971.SH,恒源煤电,2010-03-08,8.1509,8.1995,8.0965,8.1194,2497468,1.7493,4050444902.55,11188632120.77,21.5036,
600971.SH,恒源煤电,2010-03-09,8.0851,8.5,7.9277,8.3026,6805002,4.7663,4141819056.15,11441036934.21,21.9887,
600971.SH,恒源煤电,2010-03-10,8.2511,8.2968,8.0736,8.1051,3335784,2.3364,4043306296.8,11168912994.72,21.4657,
600971.SH,恒源煤电,2010-03-11,8.1852,8.1852,8.0221,8.0936,1908855,1.337,4037595412.2,11153137693.88,21.4354,
600971.SH,恒源煤电,2010-03-12,8.0965,8.1137,7.9277,7.9448,3117300,2.1834,3963353912.4,10948058782.96,21.0412,
600971.SH,恒源煤电,2010-03-15,7.9763,7.9763,7.733,7.7674,2538133,1.7778,3874835201.1,10703541619.94,20.5713,
600971.SH,恒源煤电,2010-03-16,7.7674,7.8103,7.6872,7.7788,1712681,1.1996,3880546085.7,10719316920.78,20.6016,
600971.SH,恒源煤电,2010-03-17,7.8361,7.9448,7.8132,7.942,2463920,1.7258,3961926191.25,10944114957.75,21.0337,
600971.SH,恒源煤电,2010-03-18,7.9477,8.0965,7.9277,7.9992,2753516,1.9286,3990480614.25,11022991461.95,21.1853,
600971.SH,恒源煤电,2010-03-19,8.0078,8.108,7.899,8.0908,3593272,2.5168,4036167691.05,11149193868.67,21.4278,
600971.SH,恒源煤电,2010-03-22,8.1223,8.1681,8.045,8.0936,2909201,2.0377,4037595412.2,11153137693.88,21.4354,
600971.SH,恒源煤电,2010-03-23,8.1452,8.2568,8.0736,8.0936,3214100,2.2512,4037595412.2,11153137693.88,21.4354,
600971.SH,恒源煤电,2010-03-24,8.0965,8.1852,8.0135,8.025,2275064,1.5935,4003330104.6,11058485888.84,21.2535,
600971.SH,恒源煤电,2010-03-25,7.9706,7.9763,7.8132,7.8447,2582567,1.8089,3913383672.15,10810024900.61,20.776,
600971.SH,恒源煤电,2010-03-26,7.8389,7.9792,7.8017,7.9591,2220209,1.5551,3970492518.15,10967777909.01,21.0791,
600971.SH,恒源煤电,2010-03-29,7.9849,8.5258,7.9849,8.3627,9773363,6.8454,4171801200.3,11523857263.62,22.1479,
600971.SH,恒源煤电,2010-03-30,8.3798,8.543,8.3283,8.4972,6549614,4.5875,4238904094.35,11709217048.49,22.5041,
600971.SH,恒源煤电,2010-03-31,8.5144,8.5287,8.3398,8.3713,3440314,2.4097,4176084363.75,11535688739.25,22.1706,
600971.SH,恒源煤电,2010-04-01,8.3884,8.6145,8.3884,8.543,4447843,3.1153,4261747632.75,11772318251.85,22.6254,
600971.SH,恒源煤电,2010-04-02,8.6145,8.8292,8.6145,8.7805,5873386,4.1138,4380248488.2,12099655744.28,23.2545,
600971.SH,恒源煤电,2010-04-06,8.8463,9.0925,8.7805,8.895,6056844,4.2423,4437357334.2,12257408752.68,23.5577,
600971.SH,恒源煤电,2010-04-07,8.8721,8.8893,8.6889,8.7605,3706839,2.5963,4370254440.15,12072048967.81,23.2015,
600971.SH,恒源煤电,2010-04-08,8.6918,8.6918,8.4686,8.4943,4300421,3.0121,4237476373.2,11705273223.28,22.4965,
600971.SH,恒源煤电,2010-04-09,8.5029,8.729,8.5029,8.7261,3228724,2.2615,4353121786.35,12024723065.29,23.1105,
600971.SH,恒源煤电,2010-04-12,8.8149,8.8149,8.4772,8.5229,3617436,2.5337,4251753584.7,11744711475.38,22.5723,
600971.SH,恒源煤电,2010-04-13,8.4972,8.7147,8.3512,8.6031,3389838,2.3743,4291729776.9,11855138581.26,22.7846,
600971.SH,恒源煤电,2010-04-14,8.666,8.7147,8.5573,8.6975,3995749,2.7987,4338844574.85,11985284813.19,23.0347,
600971.SH,恒源煤电,2010-04-15,8.6975,8.6975,8.6975,8.6975,--,--,4338844574.85,11985284813.19,23.0347,
600971.SH,恒源煤电,2010-04-16,8.8063,8.8063,8.5773,8.5802,3559413,2.4931,4280308007.7,11823587979.58,22.7239,
600971.SH,恒源煤电,2010-04-19,8.4027,8.4571,7.9849,8.0049,3838919,2.6888,3993336056.55,11030879112.37,21.2004,
600971.SH,恒源煤电,2010-04-20,8.0164,8.0936,7.8475,8.0479,2666581,1.8677,4014751873.8,11090036490.52,21.3141,
600971.SH,恒源煤电,2010-04-21,8.1223,8.294,8.0765,8.2625,2474690,1.7333,4121830960.05,11385823381.27,21.8826,
600971.SH,恒源煤电,2010-04-22,8.2167,8.3798,8.0364,8.1967,2959758,2.0731,4088993373.6,11295115401.44,21.7083,
600971.SH,恒源煤电,2010-04-23,8.1795,8.5802,8.1566,8.4113,5012261,3.5107,4196072459.85,11590902292.19,22.2767,
600971.SH,恒源煤电,2010-04-26,8.4943,9.2442,8.4943,8.9809,10073448,7.0556,4480188968.7,12375723508.98,19.5241,
600971.SH,恒源煤电,2010-04-27,8.9293,9.3157,8.6431,9.2957,12361870,8.6585,4637238295.2,12809544282.08,20.2085,
600971.SH,恒源煤电,2010-04-28,9.0724,9.4273,9.0324,9.33,9884683,6.9234,4654370949,12856870184.6,20.2831,
600971.SH,恒源煤电,2010-04-29,9.4016,9.4445,8.7633,8.8578,6800428,4.7631,4418796959.25,12206139024.95,19.2565,
600971.SH,恒源煤电,2010-04-30,8.8435,9.3043,8.7147,9.2957,8403720,5.8861,4637238295.2,12809544282.08,20.2085,
600971.SH,恒源煤电,2010-05-04,9.1154,9.4159,9.041,9.1554,7373562,5.1646,4567279958.85,12616296846.79,19.9036,
600971.SH,恒源煤电,2010-05-05,8.9293,9.5447,8.7633,9.5218,11087657,7.766,4750028266.05,13121106473.67,20.7,
600971.SH,恒源煤电,2010-05-06,9.3873,9.3987,8.5687,8.5716,14535958,10.1812,4276024844.25,11811756503.95,18.6343,
600971.SH,恒源煤电,2010-05-07,8.128,8.5573,8.0192,8.1938,5199005,3.6415,4087565652.45,11291171576.23,17.8131,
600971.SH,恒源煤电,2010-05-10,8.1566,8.6288,8.0164,8.3484,4982586,3.4899,4164662594.55,11504138137.57,18.149,
600971.SH,恒源煤电,2010-05-11,8.5287,8.6746,7.9563,7.9649,5330724,3.7337,3973347960.45,10975665559.43,17.3153,
600971.SH,恒源煤电,2010-05-12,7.7559,8.0851,7.6729,7.8847,4473089,3.133,3933371768.25,10865238453.55,17.1411,
600971.SH,恒源煤电,2010-05-13,7.9792,8.1995,7.879,8.1366,3969055,2.78,4059011229.45,11212295072.03,17.6886,
600971.SH,恒源煤电,2010-05-14,8.065,8.2339,8.0135,8.0564,3001168,2.1021,4019035037.25,11101867966.15,17.5144,
600971.SH,恒源煤电,2010-05-17,7.8733,8.1165,7.7101,7.7159,3301683,2.3126,3849136220.4,10632552766.16,16.774,
600971.SH,恒源煤电,2010-05-18,7.7016,7.982,7.5327,7.8676,4077306,2.8558,3924805441.35,10841575502.29,17.1038,
600971.SH,恒源煤电,2010-05-19,7.8447,8.0278,7.733,7.8733,3365946,2.3576,3927660883.65,10849463152.71,17.1162,
600971.SH,恒源煤电,2010-05-20,7.8361,8.065,7.7903,7.8189,2883260,2.0195,3900534181.8,10774530473.72,16.998,
600971.SH,恒源煤电,2010-05-21,7.6014,7.9248,7.5556,7.8933,2685372,1.8809,3937654931.7,10877069929.18,17.1598,
600971.SH,恒源煤电,2010-05-24,7.962,8.3226,7.9534,8.1795,4846200,3.3944,4080427046.7,11271452450.18,17.7819,
600971.SH,恒源煤电,2010-05-25,8.0994,8.294,7.9563,8.0307,3045714,2.1333,4006185546.9,11066373539.26,17.4584,
600971.SH,恒源煤电,2010-05-26,7.9763,8.108,7.859,7.8761,3229458,2.262,3929088604.8,10853406977.92,17.1224,
600971.SH,恒源煤电,2010-05-27,7.9076,8.1509,7.816,8.1194,3958459,2.7726,4050444902.55,11188632120.77,17.6513,
600971.SH,恒源煤电,2010-05-28,8.2625,8.2968,7.9763,8.0106,4008612,2.8077,3996191498.85,11038766762.79,17.4149,
600971.SH,恒源煤电,2010-05-31,7.9563,7.9763,7.6128,7.6357,3622091,2.537,3809160028.2,10522125660.28,16.5998,
600971.SH,恒源煤电,2010-06-01,7.6128,7.713,7.3553,7.527,3297504,2.3096,3754906624.5,10372260302.3,16.3634,
600971.SH,恒源煤电,2010-06-02,7.5241,7.6128,7.4411,7.5957,1955165,1.3694,3789171932.1,10466912107.34,16.5127,
600971.SH,恒源煤电,2010-06-03,7.6386,7.6386,7.4726,7.4898,2512554,1.7598,3736346249.55,10320990574.57,16.2825,
600971.SH,恒源煤电,2010-06-04,7.4383,7.4783,7.2723,7.4182,2330508,1.6323,3700653220.8,10222394944.32,16.1269,
600971.SH,恒源煤电,2010-06-07,7.2265,7.3266,7.0633,7.1177,3327506,2.3306,3550742500.05,9808293297.27,15.4737,
600971.SH,恒源煤电,2010-06-08,7.1263,7.2122,7.029,7.1206,2381939,1.6684,3552170221.2,9812237122.48,15.4799,
600971.SH,恒源煤电,2010-06-09,7.1635,7.4383,7.132,7.4182,3232128,2.2638,3700653220.8,10222394944.32,16.1269,
600971.SH,恒源煤电,2010-06-10,7.3524,7.3867,7.2837,7.2952,2193180,1.5361,3639261211.35,10052810460.29,15.8594,
600971.SH,恒源煤电,2010-06-11,7.3638,7.4697,7.3324,7.3953,2670706,1.8706,3689231451.6,10190844342.64,16.0772,
600971.SH,恒源煤电,2010-06-17,7.5613,7.5613,7.3782,7.4182,2555090,1.7896,3700653220.8,10222394944.32,16.1269,
600971.SH,恒源煤电,2010-06-18,7.4125,7.4955,7.3037,7.3867,2400904,1.6816,3684948288.15,10179012867.01,16.0585,
600971.SH,恒源煤电,2010-06-21,7.298,7.6357,7.2923,7.6042,2653305,1.8584,3793455095.55,10478743582.97,16.5314,
600971.SH,恒源煤电,2010-06-22,7.5842,7.6186,7.5184,7.5585,2260195,1.5831,3770611557.15,10415642379.61,16.4318,
600971.SH,恒源煤电,2010-06-23,7.4812,7.4812,7.2837,7.4154,1847057,1.2937,3699225499.65,10218451119.11,16.1207,
600971.SH,恒源煤电,2010-06-24,7.3867,7.4268,7.3123,7.3724,1274985,0.893,3677809682.4,10159293740.96,16.0274,
600971.SH,恒源煤电,2010-06-25,7.3123,7.3495,7.2293,7.2751,848657,0.5944,3629267163.3,10025203683.82,15.8159,
600971.SH,恒源煤电,2010-06-28,7.1549,7.361,7.1005,7.132,1323561,0.927,3557881105.8,9828012423.32,15.5048,
600971.SH,恒源煤电,2010-06-29,7.132,7.132,7.132,7.132,--,--,3557881105.8,9828012423.32,15.5048,
600971.SH,恒源煤电,2010-06-30,6.7113,6.7142,6.4623,6.5196,1586669,1.1113,3252348779.7,8984033828.38,14.1733,
600971.SH,恒源煤电,2010-07-01,6.4995,6.5739,6.1561,6.1847,2438838,1.7082,3085305405.15,8522606278.81,13.4453,
600971.SH,恒源煤电,2010-07-02,6.1532,6.159,5.8012,6.0817,2400780,1.6815,3033907443.75,8380628571.25,13.2214,
600971.SH,恒源煤电,2010-07-05,5.9758,6.0359,5.8184,6.0159,1793499,1.2562,3001069857.3,8289920591.42,13.0783,
600971.SH,恒源煤电,2010-07-06,5.9443,6.2105,5.9329,6.1904,1853806,1.2984,3088160847.45,8530493929.23,13.4578,
600971.SH,恒源煤电,2010-07-07,6.1647,6.2305,6.0903,6.2105,1687020,1.1816,3098154895.5,8558100705.7,13.5013,
600971.SH,恒源煤电,2010-07-08,6.2391,6.282,6.096,6.1246,1513410,1.06,3055323261,8439785949.4,13.3147,
600971.SH,恒源煤电,2010-07-09,6.1246,6.5539,6.0216,6.4795,3077878,2.1558,3232360683.6,8928820275.44,14.0862,
600971.SH,恒源煤电,2010-07-12,6.4251,6.6913,6.3879,6.5539,3576075,2.5047,3269481433.5,9031359730.9,14.248,
600971.SH,恒源煤电,2010-07-13,6.4423,6.4881,6.282,6.3765,1822861,1.2768,3180962722.2,8786842567.88,13.8622,
600971.SH,恒源煤电,2010-07-14,6.4337,6.6655,6.4337,6.4795,2623052,1.8372,3232360683.6,8928820275.44,14.0862,
600971.SH,恒源煤电,2010-07-15,6.4652,6.5367,6.2963,6.2992,1777577,1.245,3142414251.15,8680359287.21,13.6942,
600971.SH,恒源煤电,2010-07-16,6.282,6.4623,6.2391,6.4194,1783550,1.2492,3202378539.45,8845999946.03,13.9555,
600971.SH,恒源煤电,2010-07-19,6.4194,7.0605,6.4108,7.0605,5623255,3.9386,3522188077.05,9729416793.07,15.3492,
600971.SH,恒源煤电,2010-07-20,7.3581,7.6644,7.2351,7.5642,14104360,9.8789,3773466999.45,10423530030.03,16.4443,
600971.SH,恒源煤电,2010-07-21,7.4612,7.5985,7.3839,7.4726,11075104,7.7572,3727779922.65,10297327623.31,16.2452,
600971.SH,恒源煤电,2010-07-22,7.381,7.5985,7.3495,7.5871,7420247,5.1973,3784888768.65,10455080631.71,16.494,
600971.SH,恒源煤电,2010-07-23,7.5556,7.6701,7.4411,7.5842,6299855,4.4125,3783461047.5,10451136806.5,16.4878,
600971.SH,恒源煤电,2010-07-26,7.6271,7.7788,7.464,7.5871,5633448,3.9458,3784888768.65,10455080631.71,16.494,
600971.SH,恒源煤电,2010-07-27,7.4898,7.693,7.3839,7.527,4794086,3.3579,3754906624.5,10372260302.3,16.3634,
600971.SH,恒源煤电,2010-07-28,7.4697,7.7874,7.444,7.7588,6614585,4.633,3870552037.65,10691710144.31,16.8673,
600971.SH,恒源煤电,2010-07-29,7.7273,8.1824,7.6186,7.9935,10826444,7.583,3987625171.95,11015103811.53,17.3775,
600971.SH,恒源煤电,2010-07-30,7.9019,7.9906,7.7273,7.776,4489650,3.1446,3879118364.55,10715373095.57,16.9047,
600971.SH,恒源煤电,2010-08-02,7.8046,7.9963,7.7846,7.9133,4380358,3.0681,3947648979.75,10904676705.65,17.2033,
600971.SH,恒源煤电,2010-08-03,7.9706,8.1824,7.8418,7.8447,6074071,4.2544,3913383672.15,10810024900.61,17.054,
600971.SH,恒源煤电,2010-08-04,7.7846,7.879,7.5785,7.8761,4999103,3.5015,3929088604.8,10853406977.92,17.1224,
600971.SH,恒源煤电,2010-08-05,7.8275,7.8532,7.6186,7.6357,5423186,3.7985,3809160028.2,10522125660.28,16.5998,
600971.SH,恒源煤电,2010-08-06,7.6472,7.7559,7.4869,7.7245,5512497,3.861,3853419383.85,10644384241.79,16.7927,
600971.SH,恒源煤电,2010-08-09,7.6415,7.8017,7.6415,7.7874,5273158,3.6934,3884829249.15,10731148396.41,16.9296,
600971.SH,恒源煤电,2010-08-10,7.8303,8.1051,7.7588,7.776,12321382,8.6301,3879118364.55,10715373095.57,16.9047,
600971.SH,恒源煤电,2010-08-11,7.7846,8.3713,7.6987,8.2425,12020449,8.4193,4111836912,11358216604.8,17.9188,
600971.SH,恒源煤电,2010-08-12,8.1452,8.4399,8.0507,8.3112,9719934,6.808,4146102219.6,11452868409.84,18.0681,
600971.SH,恒源煤电,2010-08-13,8.274,8.3999,8.1566,8.3083,4853259,3.3993,4144674498.45,11448924584.63,18.0619,
600971.SH,恒源煤电,2010-08-16,8.2968,9.0238,8.2968,8.9293,10442312,7.314,4454489988,12304734655.2,19.4121,
600971.SH,恒源煤电,2010-08-17,8.8292,8.9637,8.7748,8.8091,7111593,4.9811,4394525699.7,12139093996.38,19.1507,
600971.SH,恒源煤电,2010-08-18,8.8664,9.0867,8.646,8.8692,7289044,5.1054,4424507843.85,12221914325.79,19.2814,
600971.SH,恒源煤电,2010-08-19,8.915,8.958,8.5287,8.8034,11417180,7.9968,4391670257.4,12131206345.96,13.4098,
600971.SH,恒源煤电,2010-08-20,8.729,8.749,8.3226,8.3369,7587288,5.3143,4158951709.95,11488362836.73,12.6992,
600971.SH,恒源煤电,2010-08-23,8.3312,8.4772,8.3026,8.3798,3476113,2.4347,4180367527.2,11547520214.88,12.7646,
600971.SH,恒源煤电,2010-08-24,8.3226,8.5172,8.1995,8.4113,4795627,3.3589,4196072459.85,11590902292.19,12.8125,
600971.SH,恒源煤电,2010-08-25,8.3226,8.3827,8.1795,8.1824,3889037,2.7239,4081854767.85,11275396275.39,12.4638,
600971.SH,恒源煤电,2010-08-26,8.3426,8.5229,8.2425,8.3169,5282074,3.6997,4148957661.9,11460756060.26,12.6687,
600971.SH,恒源煤电,2010-08-27,8.314,8.543,8.2425,8.4714,4453766,3.1195,4226054604,11673722621.6,12.9041,
600971.SH,恒源煤电,2010-08-30,8.5601,8.7405,8.4743,8.6832,6290767,4.4062,4331705969.1,11965565687.14,13.2267,
600971.SH,恒源煤电,2010-08-31,8.6431,8.6431,8.4714,8.6059,5834028,4.0863,4293157498.05,11859082406.47,13.109,
600971.SH,恒源煤电,2010-09-01,8.563,8.729,8.4085,8.5516,5372678,3.7631,4266030796.2,11784149727.48,13.0261,
600971.SH,恒源煤电,2010-09-02,8.7462,8.7777,8.5458,8.5716,5341926,3.7416,4276024844.25,11811756503.95,13.0567,
600971.SH,恒源煤电,2010-09-03,8.6145,8.6575,8.3942,8.4457,4790450,3.3553,4213205113.65,11638228194.71,12.8648,
600971.SH,恒源煤电,2010-09-06,8.4943,8.8549,8.4428,8.8091,9428095,6.6036,4394525699.7,12139093996.38,13.4185,
600971.SH,恒源煤电,2010-09-07,8.8406,8.9866,8.666,8.7719,7921710,5.5485,4375965324.75,12087824268.65,13.3618,
600971.SH,恒源煤电,2010-09-08,8.6746,8.9122,8.5859,8.8721,5360977,3.7549,4425935565,12225858151,13.5144,
600971.SH,恒源煤电,2010-09-09,8.895,8.9007,8.5115,8.5287,5490091,3.8454,4254609027,11752599125.8,12.9913,
600971.SH,恒源煤电,2010-09-10,8.5,8.6088,8.3197,8.5229,4003184,2.8039,4251753584.7,11744711475.38,12.9825,
600971.SH,恒源煤电,2010-09-13,8.5516,8.6947,8.4886,8.583,3378008,2.366,4281735728.85,11827531804.79,13.0741,
600971.SH,恒源煤电,2010-09-14,8.666,8.6861,8.5029,8.5716,2844966,1.9927,4276024844.25,11811756503.95,13.0567,
600971.SH,恒源煤电,2010-09-15,8.5573,8.5573,8.1795,8.2224,4915091,3.4426,4101842863.95,11330609828.33,12.5248,
600971.SH,恒源煤电,2010-09-16,8.2253,8.294,7.9849,8.0793,3013077,2.1104,4030456806.45,11133418567.83,12.3068,
600971.SH,恒源煤电,2010-09-17,8.2367,8.2367,8.065,8.1194,1620870,1.1353,4050444902.55,11188632120.77,12.3679,
600971.SH,恒源煤电,2010-09-20,8.0851,8.2024,8.0135,8.0708,1539822,1.0785,4026173643,11121587092.2,12.2937,
600971.SH,恒源煤电,2010-09-21,8.128,8.294,8.0879,8.2596,1737601,1.217,4120403238.9,11381879556.06,12.5815,
600971.SH,恒源煤电,2010-09-27,8.3197,8.4829,8.2997,8.4571,2712422,1.8998,4218915998.25,11654003495.55,12.8823,
600971.SH,恒源煤电,2010-09-28,8.4571,8.4571,8.2425,8.2768,2054893,1.4393,4128969565.8,11405542507.32,12.6076,
600971.SH,恒源煤电,2010-09-29,8.2711,8.8149,8.2511,8.5315,6751487,4.7289,4256036748.15,11756542951.01,12.9956,
600971.SH,恒源煤电,2010-09-30,8.5287,8.8635,8.4714,8.8607,8764016,6.1385,4420224680.4,12210082850.16,13.497,
600971.SH,恒源煤电,2010-10-08,9.1039,9.7479,9.1039,9.7479,17828482,12.4874,4862818236.9,13432668665.26,14.8484,
600971.SH,恒源煤电,2010-10-11,10.2687,10.7238,10.2687,10.429,36062330,25.2587,5202615870.6,14371299065.24,15.886,
600971.SH,恒源煤电,2010-10-12,10.449,11.2475,10.326,10.9842,23108346,16.1855,5479593773.7,15136401155.98,16.7317,
600971.SH,恒源煤电,2010-10-13,10.8755,11.6196,10.7352,11.1416,18269989,12.7966,5558118436.95,15353311542.53,16.9715,
600971.SH,恒源煤电,2010-10-14,11.1617,12.2549,11.1617,12.2549,23429176,16.4102,6113501964.3,16887459549.22,18.6673,
600971.SH,恒源煤电,2010-10-15,12.2549,13.4484,11.8199,12.6156,19347944,13.5516,6293394829.2,17384381525.68,19.2166,
600971.SH,恒源煤电,2010-10-18,12.3065,12.7901,11.7055,11.7598,18560285,12.9999,5866506205.35,16205177787.89,17.9131,
600971.SH,恒源煤电,2010-10-19,11.7627,12.7329,11.7255,12.6728,18127522,12.6968,6321949252.2,17463258029.88,19.3038,
600971.SH,恒源煤电,2010-10-20,12.7358,13.9406,12.4524,13.9406,20635544,14.4535,6954429721.65,19210372597.91,17.5075,
600971.SH,恒源煤电,2010-10-21,14.7105,14.8135,13.8805,13.9664,20882854,14.6267,6967279212,19245867024.8,17.5399,
600971.SH,恒源煤电,2010-10-22,14.0752,14.8135,13.8805,14.1811,15216052,10.6576,7074358298.25,19541653915.55,17.8094,
600971.SH,恒源煤电,2010-10-25,14.1667,14.8135,13.746,14.6103,17213021,12.0563,7288516470.75,20133227697.05,18.3486,
600971.SH,恒源煤电,2010-10-26,14.6533,14.7878,14.0322,14.1753,13558615,9.4967,7071502855.95,19533766265.13,17.8022,
600971.SH,恒源煤电,2010-10-27,14.1667,14.4386,13.5371,13.8176,14627758,10.2455,6893037712.2,19040788113.88,17.353,
600971.SH,恒源煤电,2010-10-28,13.623,14.121,13.6001,13.7603,9687681,6.7854,6864483289.2,18961911609.68,17.2811,
600971.SH,恒源煤电,2010-10-29,13.7661,13.9721,13.4799,13.5371,9323874,6.5306,6753121039.5,18654293243.3,17.0007,
600971.SH,恒源煤电,2010-11-01,13.4455,14.7849,13.3368,14.5331,17641913,12.3567,7249967999.7,20026744416.38,18.2515,
600971.SH,恒源煤电,2010-11-02,14.596,14.6962,13.8805,13.892,17900369,12.5377,6930158462.1,21283492671.42,17.4464,
600971.SH,恒源煤电,2010-11-03,13.7374,13.8805,12.8502,12.8932,13808286,9.6716,6431883780.75,19753220948.65,16.192,
600971.SH,恒源煤电,2010-11-04,13.1651,13.7374,13.0277,13.5228,12192874,8.5401,6745982433.75,20717862149.25,18.8814,
600971.SH,恒源煤电,2010-11-05,14.1009,14.1839,13.5686,13.6745,9703805,6.7967,6821651654.7,20950252983.94,19.0932,
600971.SH,恒源煤电,2010-11-08,13.6773,13.7975,13.2509,13.706,7711616,5.4013,6837356587.35,20998485043.97,19.1371,
600971.SH,恒源煤电,2010-11-09,13.7031,14.4444,13.4541,14.4157,12770436,8.9446,7191431432.55,22085898761.01,20.1282,
600971.SH,恒源煤电,2010-11-10,14.1925,14.679,14.1667,14.6361,12004050,8.4078,7301365961.1,22423523181.22,20.4358,
600971.SH,恒源煤电,2010-11-11,14.6218,16.0986,14.596,15.5033,22256751,15.589,7733965469.55,23752097198.41,21.6467,
600971.SH,恒源煤电,2010-11-12,15.5977,15.9097,14.7334,14.8164,22229982,15.5703,7391312393.55,22699761343.21,20.6876,
600971.SH,恒源煤电,2010-11-15,14.9051,15.5119,14.3356,15.0826,14801796,10.3674,7524090460.5,23107541487.1,21.0592,
600971.SH,恒源煤电,2010-11-16,14.7792,14.9452,13.5743,13.5743,15655437,10.9653,6771681414.45,20796787338.39,18.9533,
600971.SH,恒源煤电,2010-11-17,12.8789,13.414,12.4782,12.7071,13839383,9.6933,6339081906,19468213321.2,17.7425,
600971.SH,恒源煤电,2010-11-18,12.8789,13.0506,12.4066,12.7415,13486987,9.4465,6356214559.8,19520830113.96,17.7905,
600971.SH,恒源煤电,2010-11-19,12.8731,12.8731,12.1004,12.73,11325038,7.9322,6350503675.2,19503291183.04,17.7745,
600971.SH,恒源煤电,2010-11-22,12.564,13.2538,12.3379,13.062,10291419,7.2083,6516119328.6,20011920179.72,18.238,
600971.SH,恒源煤电,2010-11-23,12.8703,12.9533,12.089,12.71,11162226,7.8182,6340509627.15,19472598053.93,17.7465,
600971.SH,恒源煤电,2010-11-24,12.5927,13.1278,12.564,13.105,8818049,6.1763,6537535145.85,20077691170.67,18.298,
600971.SH,恒源煤电,2010-11-25,13.3396,13.4055,12.9447,13.188,7638289,5.35,6578939059.2,20204848419.84,18.4138,
600971.SH,恒源煤电,2010-11-26,13.2051,13.7718,13.0506,13.3368,10989973,7.6976,6653180559,20432854521.8,18.6216,
600971.SH,恒源煤电,2010-11-29,13.1994,13.1994,12.8445,12.9905,6768723,4.7409,6480426299.85,19902301861.47,18.1381,
600971.SH,恒源煤电,2010-11-30,12.9218,13.2223,12.2492,12.7873,8026813,5.6221,6379058098.2,19590985837.64,17.8544,
600971.SH,恒源煤电,2010-12-01,12.6785,13.0506,12.564,12.8474,5583232,3.9106,6409040242.35,19683065224.97,17.9383,
600971.SH,恒源煤电,2010-12-02,13.188,13.6487,13.0792,13.3568,13052711,9.1423,6663174607.05,20463547650.91,18.6496,
600971.SH,恒源煤电,2010-12-03,13.3082,13.4856,13.1021,13.3368,5757183,4.0324,6653180559,20432854521.8,18.6216,
600971.SH,恒源煤电,2010-12-06,13.4999,13.6344,13.0792,13.3969,5835935,4.0876,6683162703.15,20524933909.13,18.7056,
600971.SH,恒源煤电,2010-12-07,13.2538,13.9378,12.8789,13.6917,7638819,5.3504,6830217981.6,20976561380.32,19.1171,
600971.SH,恒源煤电,2010-12-08,13.6802,13.7374,13.3139,13.3339,6072879,4.2535,6651752837.85,20428469789.07,18.6176,
600971.SH,恒源煤电,2010-12-09,13.2252,13.5085,12.9361,12.9561,4245883,2.9739,6463293646.05,19849685068.71,18.0902,
600971.SH,恒源煤电,2010-12-10,12.8502,13.6802,12.7443,13.4827,5952713,4.1694,6725994337.65,20656475891.03,18.8254,
600971.SH,恒源煤电,2010-12-13,13.5943,14.3098,13.5543,14.2984,10744528,7.5256,7132894865.4,21906124719.08,19.9643,
600971.SH,恒源煤电,2010-12-14,14.4243,14.4243,14.1124,14.2412,7908582,5.5393,7104340442.4,21818430064.48,19.8844,
600971.SH,恒源煤电,2010-12-15,14.224,15.0425,14.1954,14.4043,10762516,7.5382,7185720547.95,22068359830.09,20.1122,
600971.SH,恒源煤电,2010-12-16,14.4959,15.0826,14.4672,14.6933,9778795,6.8492,7329920384.1,22511217835.82,20.5158,
600971.SH,恒源煤电,2010-12-17,14.596,14.7706,14.4157,14.7306,5346941,3.7451,7348480759.05,22568219361.31,20.5677,
600971.SH,恒源煤电,2010-12-20,14.8851,15.2629,14.0465,14.9051,10911830,7.6428,7435571749.2,22835688057.84,20.8115,
600971.SH,恒源煤电,2010-12-21,14.8851,15.4203,14.8679,15.323,11088969,7.7669,7644019037.1,23475859036.42,21.3949,
600971.SH,恒源煤电,2010-12-22,15.3173,15.4174,14.6476,14.659,9840712,6.8926,7312787730.3,22458601043.06,20.4678,
600971.SH,恒源煤电,2010-12-23,14.6046,14.7935,14.307,14.3413,8023050,5.6195,7154310682.65,21971895710.03,20.0243,
600971.SH,恒源煤电,2010-12-24,14.2068,14.3728,13.7689,14.0494,4808906,3.3682,7008683125.35,21524652971.57,19.6167,
600971.SH,恒源煤电,2010-12-27,14.141,15.4518,14.141,14.3156,13268191,9.2933,7141461192.3,21932433115.46,19.9883,
600971.SH,恒源煤电,2010-12-28,14.1982,14.2955,13.6802,13.9349,6244743,4.3739,6951574279.35,21349263662.37,19.4568,
600971.SH,恒源煤电,2010-12-29,13.9092,14.0408,13.5943,13.8605,5297125,3.7102,6914453529.45,21235260611.39,19.3529,
600971.SH,恒源煤电,2010-12-30,13.9092,14.4816,13.7947,14.327,6266109,4.3889,7147172076.9,21949972046.38,20.0043,
600971.SH,恒源煤电,2010-12-31,14.3871,15.1055,14.3127,14.8708,8312452,5.8222,7418439095.4,22783071265.08,20.7635,
600971.SH,恒源煤电,2011-01-04,15.177,15.6464,14.888,14.9309,13205408,9.2493,7448421239.55,22875150652.41,20.8474,
600971.SH,恒源煤电,2011-01-05,14.6018,15.3774,14.6018,15.3487,9878235,6.9189,7656868527.45,23515321630.99,21.4309,
600971.SH,恒源煤电,2011-01-06,15.2972,15.3945,15.011,15.1055,6027703,4.2219,7535512229.7,23142619348.94,21.0912,
600971.SH,恒源煤电,2011-01-07,14.9681,15.0826,14.3528,14.5646,8303139,5.8157,7265672932.35,22313904862.97,20.3359,
600971.SH,恒源煤电,2011-01-10,14.5703,14.8193,14.1667,14.1868,5486639,3.8429,7077213740.55,21735120142.61,19.8085,
600971.SH,恒源煤电,2011-01-11,14.1381,14.3499,13.9378,14.1181,5406314,3.7867,7042948432.95,21629886557.09,19.7126,
600971.SH,恒源煤电,2011-01-12,14.2641,14.4415,14.0322,14.3127,3975789,2.7847,7140033471.15,21928048382.73,19.9843,
600971.SH,恒源煤电,2011-01-13,14.3843,14.4672,14.0523,14.1467,2883939,2.02,7057225644.45,21673733884.39,19.7525,
600971.SH,恒源煤电,2011-01-14,14.1667,14.1667,12.793,12.8216,9047177,6.3368,6396190752,19643602630.4,17.9023,
600971.SH,恒源煤电,2011-01-17,12.8789,12.8789,12.3694,12.4753,6412190,4.4912,6223436492.85,19113049970.07,17.4188,
600971.SH,恒源煤电,2011-01-18,12.4496,12.5784,12.1061,12.2263,4027595,2.821,6099224752.8,18731578222.56,17.0712,
600971.SH,恒源煤电,2011-01-19,12.358,12.793,12.2721,12.7758,5343747,3.7429,6373347213.6,19573446906.72,17.8384,
600971.SH,恒源煤电,2011-01-20,12.6499,12.6642,11.591,11.7283,7666841,5.37,5850801272.7,17968634727.54,16.3759,
600971.SH,恒源煤电,2011-01-21,11.5852,12.1634,11.5051,11.8714,5164899,3.6176,5922187330.2,18187871364.04,16.5757,
600971.SH,恒源煤电,2011-01-24,11.9115,11.9344,11.2991,11.3219,4060969,2.8444,5648064869.4,17346002679.88,15.8084,
600971.SH,恒源煤电,2011-01-25,11.3334,11.5051,11.1645,11.3592,2515886,1.7622,5666625244.35,17403004205.37,15.8604,
600971.SH,恒源煤电,2011-01-26,11.3677,11.6711,11.3677,11.6625,2557804,1.7915,5817963686.25,17867785874.75,16.2839,
600971.SH,恒源煤电,2011-01-27,11.5366,12.1777,11.4221,12.026,4998208,3.5008,5999284272.3,18424646931.46,16.7914,
600971.SH,恒源煤电,2011-01-28,11.963,12.1347,11.7856,12.0746,3511043,2.4592,6023555531.85,18499187387.87,16.8594,
600971.SH,恒源煤电,2011-01-31,12.0632,12.1777,11.8485,12.1605,4607472,3.2272,6066387166.35,18630729369.77,16.9793,
600971.SH,恒源煤电,2011-02-01,12.3036,12.5354,12.172,12.2778,4262159,2.9853,6124923733.5,18810503411.7,17.1431,
600971.SH,恒源煤电,2011-02-09,12.0203,12.1605,11.4536,11.4908,5095809,3.5692,5732300417.25,17604701910.95,16.0442,
600971.SH,恒源煤电,2011-02-10,11.4622,11.9344,11.2762,11.9115,3968373,2.7795,5942175426.3,18249257622.26,16.6316,
600971.SH,恒源煤电,2011-02-11,11.9773,12.1891,11.8514,12.0517,4753221,3.3292,6012133762.65,18464109526.03,16.8274,
600971.SH,恒源煤电,2011-02-14,12.109,12.7901,12.0775,12.6327,8800430,6.164,6301961156.1,19354210270.22,17.6386,
600971.SH,恒源煤电,2011-02-15,12.7214,12.8188,12.5097,12.5869,7290380,5.1063,6279117617.7,19284054546.54,17.5747,
600971.SH,恒源煤电,2011-02-16,12.4524,12.9647,12.4524,12.9533,6793030,4.758,6461865924.9,19845300335.98,18.0862,
600971.SH,恒源煤电,2011-02-17,12.9933,12.9933,12.5927,12.8502,6297760,4.4111,6410467963.5,19687449957.7,17.9423,
600971.SH,恒源煤电,2011-02-18,12.8016,12.8016,12.4782,12.5497,4833115,3.3852,6260557242.75,19227053021.05,17.5227,
600971.SH,恒源煤电,2011-02-21,12.4095,12.9447,12.4095,12.8932,4794660,3.3583,6431883780.75,19753220948.65,18.0022,
600971.SH,恒源煤电,2011-02-22,13.0506,13.1307,12.4496,12.5211,6586480,4.6133,6246280031.25,19183205693.75,17.4828,
600971.SH,恒源煤电,2011-02-23,12.5125,12.627,12.4124,12.524,3425778,2.3995,6247707752.4,19187590426.48,17.4868,
600971.SH,恒源煤电,2011-02-24,12.5955,12.979,12.5927,12.8474,5584490,3.9115,6409040242.35,19683065224.97,17.9383,
600971.SH,恒源煤电,2011-02-25,12.8502,12.8502,12.5097,12.7587,3067739,2.1487,6364780886.7,19547138510.34,17.8144,
600971.SH,恒源煤电,2011-02-28,12.7644,13.022,12.6213,13.0134,4539349,3.1794,6491848069.05,19937379723.31,18.1701,
600971.SH,恒源煤电,2011-03-01,12.9647,13.2166,12.7758,12.9704,6247311,4.3757,6470432251.8,19871608732.36,18.1101,
600971.SH,恒源煤电,2011-03-02,12.9647,13.0449,12.6356,12.8302,4490640,3.1453,6400473915.45,19656756828.59,17.9143,
600971.SH,恒源煤电,2011-03-03,12.9361,13.0162,12.564,12.5726,3999722,2.8015,6271979011.95,19262130882.89,17.5547,
600971.SH,恒源煤电,2011-03-04,12.5955,13.0076,12.5068,12.9132,5425887,3.8004,6441877828.8,19783914077.76,18.0302,
600971.SH,恒源煤电,2011-03-07,13.0534,14.078,13.0248,14.0236,14721036,10.3109,6995833635,21485190377,19.5807,
600971.SH,恒源煤电,2011-03-08,14.0523,14.0523,13.6258,13.8433,8213492,5.7529,6905887202.55,21208952215.01,19.3289,
600971.SH,恒源煤电,2011-03-09,13.7947,13.8977,13.6258,13.789,5036932,3.528,6878760500.7,21125642293.14,19.253,
600971.SH,恒源煤电,2011-03-10,13.746,13.746,13.3282,13.3654,5567661,3.8997,6667457770.5,20476701849.1,18.6616,
600971.SH,恒源煤电,2011-03-11,13.3225,14.6103,13.2795,14.058,13242856,9.2755,7012966288.8,21537807169.76,19.6286,
600971.SH,恒源煤电,2011-03-14,13.955,14.6762,13.6516,14.6132,14596494,10.2236,7289944191.9,22388445319.38,20.4039,
600971.SH,恒源煤电,2011-03-15,13.5943,13.5943,13.1507,13.1507,9775975,6.8473,6560378684.25,20147846894.35,21.1844,
600971.SH,恒源煤电,2011-03-16,12.6041,13.0277,12.6041,12.876,18286719,12.8083,6423317453.85,19726912552.27,20.7418,
600971.SH,恒源煤电,2011-03-17,12.7071,13.125,12.3666,12.6156,10373317,7.2656,6293394829.2,19327901873.84,20.3223,
600971.SH,恒源煤电,2011-03-18,12.8731,12.9075,12.564,12.6041,6167919,4.3201,6287683944.6,19310362942.92,20.3038,
600971.SH,恒源煤电,2011-03-21,12.6528,12.7615,12.3923,12.4839,5606183,3.9267,6227719656.3,19126204168.26,20.1102,
600971.SH,恒源煤电,2011-03-22,12.5354,12.5612,12.2006,12.3895,4981352,3.489,6180604858.35,18981507988.17,19.9581,
600971.SH,恒源煤电,2011-03-23,12.4868,12.7358,12.4095,12.6642,5725963,4.0106,6317666088.75,19402442330.25,20.4007,
600971.SH,恒源煤电,2011-03-24,12.7243,12.793,12.4925,12.5039,4654038,3.2598,6237713704.35,19156897297.37,20.1425,
600971.SH,恒源煤电,2011-03-25,12.5039,12.6785,12.4124,12.5469,5544129,3.8832,6259129521.6,19222668288.32,20.2116,
600971.SH,恒源煤电,2011-03-28,12.5726,13.0162,12.5726,12.7615,9368419,6.5618,6366208607.85,19551523243.07,20.5574,
600971.SH,恒源煤电,2011-03-29,12.7358,12.9189,12.5068,12.5469,5937104,4.1584,6259129521.6,19222668288.32,20.2116,
600971.SH,恒源煤电,2011-03-30,12.5469,12.6184,12.2464,12.2521,4856621,3.4017,6112074243.15,18771040817.13,19.7368,
600971.SH,恒源煤电,2011-03-31,12.3294,12.358,11.8485,11.9373,4286852,3.0026,5955024916.65,18288720216.83,19.2296,
600971.SH,恒源煤电,2011-04-01,12.0489,12.544,11.9401,12.5354,4905296,3.4358,6253418637,19205129357.4,20.1932,
600971.SH,恒源煤电,2011-04-06,12.4066,12.9418,12.3637,12.8531,10197450,7.1425,6411895684.65,19691834690.43,20.7049,
600971.SH,恒源煤电,2011-04-07,12.8445,12.8502,12.6213,12.69,3860027,2.7036,6330515579.1,19441904924.82,20.4422,
600971.SH,恒源煤电,2011-04-08,12.69,12.69,12.69,12.69,--,--,6330515579.1,19441904924.82,20.4422,
600971.SH,恒源煤电,2011-04-11,12.8789,13.0935,12.7787,12.813,7804227,5.4662,6391907588.55,19630448432.21,20.6404,
600971.SH,恒源煤电,2011-04-12,12.7329,12.7329,12.172,12.3179,5679994,3.9784,6144911829.6,18871889669.92,19.8428,
600971.SH,恒源煤电,2011-04-13,12.2492,12.4438,12.0432,12.441,4291275,3.0057,6206303839.05,19060433177.31,20.0411,
600971.SH,恒源煤电,2011-04-14,12.3837,12.3837,12.0517,12.1519,5021364,3.517,6062104002.9,18617575171.58,19.5754,
600971.SH,恒源煤电,2011-04-15,12.1948,12.2406,12.0517,12.212,2611054,1.8288,6092086147.05,18709654558.91,19.6722,
600971.SH,恒源煤电,2011-04-18,12.2721,12.4267,12.1891,12.2549,2810671,1.9686,6113501964.3,18775425549.86,19.7414,
600971.SH,恒源煤电,2011-04-19,12.1891,12.1891,11.9916,11.9974,3350219,2.3465,5985007060.8,18380799604.16,19.3265,
600971.SH,恒源煤电,2011-04-20,12.1061,12.1605,12.0203,12.1262,2105922,1.475,6049254512.55,18578112577.01,19.5339,
600971.SH,恒源煤电,2011-04-21,12.2778,12.5354,12.2063,12.4124,4789133,3.3544,6192026627.55,19016585850.01,19.9949,
600971.SH,恒源煤电,2011-04-22,12.3919,12.4503,12.1441,12.2199,2808520,1.9671,5983579339.65,18376414871.43,19.3218,
600971.SH,恒源煤电,2011-04-25,12.1587,12.1587,11.6805,11.7213,4170073,2.9208,5739439023,17626625574.6,18.0336,
600971.SH,恒源煤电,2011-04-26,11.6659,11.7884,11.5231,11.5668,2635160,1.8457,5663769802.05,17394234739.91,17.7959,
600971.SH,恒源煤电,2011-04-27,11.6339,11.7155,11.4064,11.5085,1998855,1.4,5635215379.05,17306540085.31,17.7062,
600971.SH,恒源煤电,2011-04-28,11.6164,11.628,11.284,11.3044,1978676,1.3859,5535274898.55,16999608794.21,17.3922,
600971.SH,恒源煤电,2011-04-29,11.2694,11.5405,11.2694,11.5231,1668411,1.1686,5642353984.8,17328463748.96,17.7286,
600971.SH,恒源煤电,2011-05-03,11.5318,11.5464,11.2927,11.4239,1901177,1.3316,5593811465.7,17179382836.14,17.5761,
600971.SH,恒源煤电,2011-05-04,11.4414,11.4414,10.8116,10.8787,3359472,2.353,5326827610.65,16359437815.63,16.7372,
600971.SH,恒源煤电,2011-05-05,10.8204,10.9574,10.797,10.8495,1702564,1.1925,5312550399.15,16315590488.33,16.6923,
600971.SH,恒源煤电,2011-05-06,10.4967,10.8437,10.4413,10.6833,2244896,1.5724,5231170293.6,16065660722.72,16.4366,
600971.SH,恒源煤电,2011-05-09,10.6775,10.9866,10.6775,10.867,1723079,1.2069,5321116726.05,16341898884.71,16.7193,
600971.SH,恒源煤电,2011-05-10,10.9924,11.1644,10.9924,11.1586,2119327,1.4844,5463888841.05,16780372157.71,17.1679,
600971.SH,恒源煤电,2011-05-11,11.1907,11.1907,10.9399,11.0653,1723564,1.2072,5418201764.25,16640060710.35,17.0243,
600971.SH,恒源煤电,2011-05-12,10.9282,11.0128,10.7679,10.7708,2000725,1.4013,5274001928.1,16197202704.62,16.5712,
600971.SH,恒源煤电,2011-05-13,10.8174,11.0361,10.7825,11.0186,1735741,1.2157,5395358225.85,16569904986.67,16.9525,
600971.SH,恒源煤电,2011-05-16,10.9866,11.007,10.7591,10.7854,2324716,1.6283,5281140533.85,16219126368.27,16.5936,
600971.SH,恒源煤电,2011-05-17,10.7533,11.5755,10.7445,11.351,5253759,3.6798,5558118436.95,17069764517.89,17.4639,
600971.SH,恒源煤电,2011-05-18,11.2256,11.5639,11.0828,11.4006,4060415,2.844,5582389696.5,17144304974.3,17.5402,
600971.SH,恒源煤电,2011-05-19,11.4385,11.5464,11.249,11.2519,1725201,1.2084,5509575917.85,16920683605.07,17.3114,
600971.SH,恒源煤电,2011-05-20,11.249,11.3364,11.2111,11.281,1199819,0.8404,5523853129.35,16964530932.37,17.3563,
600971.SH,恒源煤电,2011-05-23,11.2898,11.2985,10.8466,10.8612,2607192,1.8261,5318261283.75,16333129419.25,16.7103,
600971.SH,恒源煤电,2011-05-24,10.7941,10.9545,10.7883,10.902,1995881,1.3979,5338249379.85,16394515677.47,16.7731,
600971.SH,恒源煤电,2011-05-25,10.6163,11.0361,10.6163,10.9049,1796825,1.2585,5339677101,16398900410.2,16.7776,
600971.SH,恒源煤电,2011-05-26,11.0507,11.1673,10.8233,10.8495,1394114,0.9765,5312550399.15,16315590488.33,16.6923,
600971.SH,恒源煤电,2011-05-27,11.007,11.2781,10.8174,10.9807,2914992,2.0417,5376797850.9,16512903461.18,16.8942,
600971.SH,恒源煤电,2011-05-30,10.9486,11.0507,10.7941,10.8787,1930478,1.3521,5326827610.65,16359437815.63,16.7372,
600971.SH,恒源煤电,2011-05-31,10.8349,11.2548,10.6396,11.1994,3232403,2.264,5483876937.15,16841758415.93,17.2307,
600971.SH,恒源煤电,2011-06-01,11.2169,11.2548,11.0799,11.1411,2092705,1.4658,5455322514.15,16754063761.33,17.1409,
600971.SH,恒源煤电,2011-06-02,11.0361,11.4239,10.8583,11.3714,5193459,3.6376,5568112485,17100457647,17.4953,
600971.SH,恒源煤电,2011-06-03,11.3423,11.5697,11.2519,11.4093,3537752,2.4779,5586672859.95,17157459172.49,17.5536,
600971.SH,恒源煤电,2011-06-07,11.3335,11.4123,11.2781,11.3802,1586576,1.1113,5572395648.45,17113611845.19,17.5088,
600971.SH,恒源煤电,2011-06-08,11.3627,11.3627,11.1557,11.2781,1615583,1.1316,5522425408.2,16960146199.64,17.3518,
600971.SH,恒源煤电,2011-06-09,11.2781,11.4297,11.0828,11.1265,1704587,1.1939,5448183908.4,16732140097.68,17.1185,
600971.SH,恒源煤电,2011-06-10,11.1119,11.1819,10.9632,11.1119,1457948,1.0212,5441045302.65,16710216434.03,17.0961,
600971.SH,恒源煤电,2011-06-13,11.0215,11.1323,10.9282,11.0507,1044811,0.7318,5411063158.5,16618137046.7,17.0019,
600971.SH,恒源煤电,2011-06-14,11.0507,11.3073,10.9953,11.2781,1517355,1.0628,5522425408.2,16960146199.64,17.3518,
600971.SH,恒源煤电,2011-06-15,11.2781,11.4297,11.1965,11.2052,1770326,1.24,5486732379.45,16850527881.39,17.2396,
600971.SH,恒源煤电,2011-06-16,11.0799,11.1586,10.9341,10.9428,1428953,1.0009,5358237475.95,16455901935.69,16.8359,
600971.SH,恒源煤电,2011-06-17,10.9486,11.1907,10.8699,10.8787,1303417,0.9129,5326827610.65,16359437815.63,16.7372,
600971.SH,恒源煤电,2011-06-20,10.7912,11.004,10.7912,10.8932,1091526,0.7645,5333966216.4,16381361479.28,16.7596,
600971.SH,恒源煤电,2011-06-21,10.9457,11.2665,10.9457,11.2111,2049931,1.4358,5489587821.75,16859297346.85,17.2486,
600971.SH,恒源煤电,2011-06-22,11.2256,11.284,11.0886,11.1265,1035333,0.7252,5448183908.4,16732140097.68,17.1185,
600971.SH,恒源煤电,2011-06-23,11.042,11.3977,11.0303,11.3306,2126814,1.4897,5548124388.9,17039071388.78,17.4325,
600971.SH,恒源煤电,2011-06-24,11.2985,11.5697,11.1965,11.491,6076478,4.2561,5626649052.15,17280231688.93,17.6793,
600971.SH,恒源煤电,2011-06-27,11.5085,11.7359,11.4502,11.5989,3745101,2.6231,5679474734.7,17442466799.94,17.8452,
600971.SH,恒源煤电,2011-06-28,11.6484,11.6543,11.456,11.558,2834106,1.9851,5659486638.6,17381080541.72,17.7824,
600971.SH,恒源煤电,2011-06-29,11.558,11.8525,11.558,11.5814,5155297,3.6109,5670908407.8,17416158403.56,17.8183,
600971.SH,恒源煤电,2011-06-30,11.663,11.8613,11.5697,11.768,3748832,2.6257,5762282561.4,17696781298.28,18.1054,
600971.SH,恒源煤电,2011-07-01,11.7913,12.9459,11.7446,12.8322,19367774,13.5655,6283400781.15,19297208744.73,19.7428,
600971.SH,恒源煤电,2011-07-04,12.7622,12.9984,12.6631,12.9489,12519224,8.7687,6340509627.15,19472598053.93,19.9222,
600971.SH,恒源煤电,2011-07-05,12.8526,13.2259,12.8526,13.1384,8100400,5.6737,6433311501.9,19757605681.38,20.2138,
600971.SH,恒源煤电,2011-07-06,13.0684,13.118,12.7652,12.9139,4937246,3.4581,6323376973.35,19419981261.17,19.8684,
600971.SH,恒源煤电,2011-07-07,12.9314,13.1734,12.7768,12.7827,5557673,3.8927,6259129521.6,19222668288.32,19.6665,
600971.SH,恒源煤电,2011-07-08,12.7389,12.8935,12.631,12.8381,3146096,2.2036,6286256223.45,19305978210.19,19.7518,
600971.SH,恒源煤电,2011-07-11,12.7214,13.2317,12.7156,13.1034,5017444,3.5143,6416178848.1,19704988888.62,20.16,
600971.SH,恒源煤电,2011-07-12,13.1034,13.1034,13.1034,13.1034,--,--,6416178848.1,19704988888.62,20.16,
600971.SH,恒源煤电,2011-07-13,13.1034,13.1034,13.1034,13.1034,--,--,6416178848.1,19704988888.62,20.16,
600971.SH,恒源煤电,2011-07-14,14.4126,14.4126,14.4126,14.4126,4338861,3.039,7057225644.45,21673733884.39,21.611,
600971.SH,恒源煤电,2011-07-15,15.1677,15.7975,14.9636,15.124,30758550,21.5438,7405589605.05,22743608670.51,22.6778,
600971.SH,恒源煤电,2011-07-18,15.1386,16.025,15.1386,15.6605,17896064,12.5347,7668290296.65,23550399492.83,23.4823,
600971.SH,恒源煤电,2011-07-19,15.4768,15.8354,15.3689,15.4564,10789170,7.5569,7568349816.15,23243468201.73,23.1762,
600971.SH,恒源煤电,2011-07-20,15.541,15.7451,15.2436,15.4622,8287998,5.8051,7571205258.45,23252237667.19,23.185,
600971.SH,恒源煤电,2011-07-21,15.4535,15.7888,15.2931,15.4739,11458694,8.0259,7576916143.05,23269776598.11,23.2025,
600971.SH,恒源煤电,2011-07-22,15.5526,15.5526,15.1182,15.1357,9839734,6.8919,7411300489.65,22761147601.43,22.6953,
600971.SH,恒源煤电,2011-07-25,15.0948,15.2202,14.6079,14.6517,10967386,7.6817,7174298778.75,22033281968.25,21.9695,
600971.SH,恒源煤电,2011-07-26,14.6954,14.8353,14.4067,14.5729,7183391,5.0314,7135750307.7,21914894184.54,21.8515,
600971.SH,恒源煤电,2011-07-27,14.4388,14.9228,14.4184,14.7858,9603438,6.7264,7239973951.65,22234979673.83,22.1707,
600971.SH,恒源煤电,2011-07-28,14.5788,14.8645,14.468,14.7304,8109937,5.6803,7212847249.8,22151669751.96,22.0876,
600971.SH,恒源煤电,2011-07-29,14.7333,14.917,14.4301,14.4359,6138266,4.2993,7068647413.65,21708811746.23,21.646,
600971.SH,恒源煤电,2011-08-01,14.4417,14.8033,14.3922,14.777,4816165,3.3733,7235690788.2,22221825475.64,22.1575,
600971.SH,恒源煤电,2011-08-02,14.6662,14.8616,14.4038,14.8353,5319967,3.7262,7264245211.2,22309520130.24,22.245,
600971.SH,恒源煤电,2011-08-03,14.6721,15.0424,14.6108,14.7537,5681218,3.9792,7224269019,22186747613.8,22.1226,
600971.SH,恒源煤电,2011-08-04,14.742,15.0161,14.742,14.9345,4370319,3.061,7312787730.3,22458601043.06,22.3936,
600971.SH,恒源煤电,2011-08-05,14.4476,14.6866,14.3193,14.3426,6800736,4.7634,7022960336.85,21568500298.87,21.5061,
600971.SH,恒源煤电,2011-08-08,14.1443,14.2522,13.4766,13.7886,8722014,6.109,6751693318.35,20735401080.17,20.6754,
600971.SH,恒源煤电,2011-08-09,13.4416,14.0248,13.4125,13.879,5912586,4.1413,6795952674,20871327794.8,20.8109,
600971.SH,恒源煤电,2011-08-10,14.1122,14.2289,13.8702,13.9111,5857318,4.1026,6811657606.65,20919559854.83,20.859,
600971.SH,恒源煤电,2011-08-11,13.6457,14.1414,13.6166,14.1122,3950060,2.7667,6910170366,21222106413.2,21.1607,
600971.SH,恒源煤电,2011-08-12,14.2814,14.2872,13.9956,14.0568,3783587,2.6501,6883043664.15,21138796491.33,21.0776,
600971.SH,恒源煤电,2011-08-15,14.0685,14.2143,13.9402,14.2085,3128981,2.1916,6957285163.95,21366802593.29,21.305,
600971.SH,恒源煤电,2011-08-16,14.2784,14.5467,14.2026,14.4213,5334023,3.736,7061508807.9,21686888082.58,21.6241,
600971.SH,恒源煤电,2011-08-17,14.3747,14.433,14.191,14.2143,2436191,1.7063,6960140606.25,21375572058.75,21.3137,
600971.SH,恒源煤电,2011-08-18,14.1851,14.2843,13.8498,13.8527,2958497,2.0722,6783103183.65,20831865200.23,20.7716,
600971.SH,恒源煤电,2011-08-19,13.6224,13.8411,13.5028,13.637,2960873,2.0738,6677451818.55,20507394978.21,20.4481,
600971.SH,恒源煤电,2011-08-22,13.7011,13.9839,13.6136,13.7303,2290635,1.6044,6723138895.35,20647706425.57,20.588,
600971.SH,恒源煤电,2011-08-23,13.7769,14.2639,13.739,14.1939,4178974,2.927,6950146558.2,21344878929.64,21.2831,
600971.SH,恒源煤电,2011-08-24,14.2289,14.3163,14.0802,14.1385,2871660,2.0114,6923019856.35,21261569007.77,21.2001,
600971.SH,恒源煤电,2011-08-25,14.156,14.9724,14.0831,14.8674,9597425,6.7222,7279950143.85,22357752190.27,22.2931,
600971.SH,恒源煤电,2011-08-26,14.7245,14.882,14.6429,14.8412,4032606,2.8245,7267100653.5,22318289595.7,22.2537,
600971.SH,恒源煤电,2011-08-29,14.7245,14.7537,14.4271,14.5438,4533322,3.1752,7121473096.2,21871046857.24,21.8078,
600971.SH,恒源煤电,2011-08-30,14.675,14.8995,14.1152,14.1239,7663418,5.3676,6915881250.6,21239645344.12,21.2512,
600971.SH,恒源煤电,2011-08-31,14.0977,14.1647,13.809,14.051,4133818,2.8954,6880188221.85,21130027025.87,21.1415,
600971.SH,恒源煤电,2011-09-01,14.0248,14.1414,13.7623,13.7828,3587817,2.513,6748837876.05,20726631614.71,20.7379,
600971.SH,恒源煤电,2011-09-02,13.8207,13.879,13.532,13.8411,3502076,2.4529,6777392299.05,20814326269.31,20.8256,
600971.SH,恒源煤电,2011-09-05,13.6457,13.7623,13.4183,13.4358,2852684,1.9981,6578939059.2,20204848419.84,20.2158,
600971.SH,恒源煤电,2011-09-06,13.2375,13.43,13.048,13.2054,3352080,2.3479,6466149088.35,19858454534.17,19.8693,
600971.SH,恒源煤电,2011-09-07,13.2958,13.6282,13.2084,13.5816,3741158,2.6204,6650325116.7,20424085056.34,20.4352,
600971.SH,恒源煤电,2011-09-08,13.6982,13.6982,13.3891,13.3979,3122635,2.1871,6560378684.25,20147846894.35,20.1588,
600971.SH,恒源煤电,2011-09-09,13.4066,13.6224,13.2842,13.3308,2121183,1.4857,6527541097.8,20046998041.56,20.0579,
600971.SH,恒源煤电,2011-09-13,13.153,13.5582,13.15,13.5553,2648934,1.8554,6637475626.35,20384622461.77,20.3957,
600971.SH,恒源煤电,2011-09-14,13.5728,13.637,13.3541,13.5641,3352472,2.3481,6641758789.8,20397776659.96,20.4089,
600971.SH,恒源煤电,2011-09-15,13.5641,13.5641,13.5641,13.5641,--,--,6641758789.8,20397776659.96,20.4089,
600971.SH,恒源煤电,2011-09-16,13.6749,13.7623,13.532,13.5437,2944611,2.0625,6631764741.75,20367083530.85,20.3782,
600971.SH,恒源煤电,2011-09-19,13.1209,13.3687,12.9401,12.9518,2841292,1.9901,6341937348.3,19476982786.66,19.4876,
600971.SH,恒源煤电,2011-09-20,12.9284,13.0188,12.8002,12.9284,2716637,1.9028,6330515579.1,19441904924.82,19.4525,
600971.SH,恒源煤电,2011-09-21,12.9751,13.7565,12.9022,13.669,8688899,6.0859,6693156751.2,20555627038.24,20.5668,
600971.SH,恒源煤电,2011-09-22,13.3833,13.497,13.0655,13.0917,5965351,4.1782,6410467963.5,19687449957.7,19.6982,
600971.SH,恒源煤电,2011-09-23,12.8293,13.29,12.7739,13.2725,3855592,2.7005,6498986674.8,19959303386.96,19.9702,
600971.SH,恒源煤电,2011-09-26,13.2725,13.5582,13.1442,13.3483,5028771,3.5222,6536107424.7,20073306437.94,20.0842,
600971.SH,恒源煤电,2011-09-27,13.4854,13.7565,13.4125,13.6953,5712665,4.0012,6706006241.55,20595089632.81,20.6063,
600971.SH,恒源煤电,2011-09-28,13.7857,13.8061,13.1209,13.1442,5335335,3.737,6436166944.2,19766375146.84,19.7771,
600971.SH,恒源煤电,2011-09-29,13.1209,13.2667,12.736,12.771,4950500,3.4674,6253418637,19205129357.4,19.2156,
600971.SH,恒源煤电,2011-09-30,12.8508,13.7084,12.8175,12.8441,10390599,3.1911,6290847487.68,19320078632.4,19.3306,
600971.SH,恒源煤电,2011-10-10,12.8308,12.8375,11.7206,11.7472,11838461,3.6357,5753585668.08,17670071916.9,17.6797,
600971.SH,恒源煤电,2011-10-11,12.166,12.2192,10.6104,10.9627,17706257,5.4378,5369362063.76,16490067114.3,16.499,
600971.SH,恒源煤电,2011-10-12,10.8696,11.3549,10.5372,11.3018,10014882,3.0757,5535424808,17000069190,17.0093,
600971.SH,恒源煤电,2011-10-13,11.1555,11.6342,11.089,11.4879,9327132,2.8645,5626596510.72,17280070329.6,17.2895,
600971.SH,恒源煤电,2011-10-14,11.5677,11.827,11.448,11.6541,9030871,2.7735,5707999816.72,17530071347.1,17.5396,
600971.SH,恒源煤电,2011-10-17,11.7339,11.8336,11.3815,11.5012,5879370,1.8056,5633108775.2,17300070411,17.3095,
600971.SH,恒源煤电,2011-10-18,11.3084,11.3682,10.8563,10.9428,7031632,2.1595,5359593667.04,16460066992.2,16.469,
600971.SH,恒源煤电,2011-10-19,11.0358,11.2153,10.7899,11.0757,4613100,1.4167,5424716311.84,16660067806.2,16.6691,
600971.SH,恒源煤电,2011-10-20,11.0358,11.0358,10.4109,10.5705,6026739,1.8509,5177250261.6,15900064713,15.9087,
600971.SH,恒源煤电,2011-10-21,10.3777,10.6901,10.3777,10.4242,3738205,1.1481,5105615352.32,15680063817.6,15.6886,
600971.SH,恒源煤电,2011-10-24,10.5306,10.7832,10.2647,10.7633,6111842,1.877,5271678096.56,16190065893.3,16.1989,
600971.SH,恒源煤电,2011-10-25,10.8364,11.3882,10.5106,11.1555,11371172,3.4922,5463789898.72,16780068294.6,16.7892,
600971.SH,恒源煤电,2011-10-26,11.0026,11.3882,10.9494,11.0691,10927241,3.3559,5421460179.6,16650067765.5,16.6591,
600971.SH,恒源煤电,2011-10-27,11.1023,11.3417,11.0491,11.1356,6804525,2.0898,5454021502,16750068172.5,16.7592,
600971.SH,恒源煤电,2011-10-28,11.4148,12.0663,11.3084,12.0397,20382214,6.2596,5896855486.64,18110073707.7,18.746,
600971.SH,恒源煤电,2011-10-31,11.9666,12.166,11.7405,11.8536,13922841,4.2759,5805683783.92,17830072568.1,18.4562,
600971.SH,恒源煤电,2011-11-01,11.7006,11.9732,11.5876,11.7206,10697678,3.2854,5740561139.12,17630071754.1,18.2492,
600971.SH,恒源煤电,2011-11-02,11.4015,11.6741,11.1156,11.6608,20791104,4.8786,7475000699.38,17540071387.8,18.156,
600971.SH,恒源煤电,2011-11-03,11.7405,12.0331,11.5344,11.6608,22488295,5.2769,7475000699.38,17540071387.8,18.156,
600971.SH,恒源煤电,2011-11-04,11.807,11.9533,11.5677,11.7538,13088860,3.0713,7534664330.96,17680071957.6,18.3009,
600971.SH,恒源煤电,2011-11-07,11.6741,11.9333,11.5079,11.5677,14037062,3.2938,7415337067.8,17400070818,18.0111,
600971.SH,恒源煤电,2011-11-08,11.6342,12.0464,11.5876,11.9533,23190906,5.4417,7662514970.06,17980073178.6,18.6114,
600971.SH,恒源煤电,2011-11-09,12.0131,12.166,11.6541,12.0065,17430193,4.09,7696608473.82,18060073504.2,18.6943,
600971.SH,恒源煤电,2011-11-10,11.8137,11.9267,11.7073,11.7339,12396110,2.9087,7521879267.05,17650071835.5,18.2699,
600971.SH,恒源煤电,2011-11-11,11.8801,12.0663,11.7738,11.8203,14219350,3.3366,7577281210.66,17780072364.6,18.4044,
600971.SH,恒源煤电,2011-11-14,12.0331,12.5516,11.92,12.4785,24976485,5.8607,7999188319.69,18770076393.9,19.4292,
600971.SH,恒源煤电,2011-11-15,12.4319,12.4984,12.2657,12.3987,14547987,3.4137,7948048064.05,18650075905.5,19.305,
600971.SH,恒源煤电,2011-11-16,12.3655,12.4652,11.7671,11.8602,16096026,3.7769,7602851338.48,17840072608.8,18.4665,
600971.SH,恒源煤电,2011-11-17,11.94,12.0596,11.7405,11.8735,7848513,1.8416,7611374714.42,17860072690.2,18.4872,
600971.SH,恒源煤电,2011-11-18,11.7405,11.7671,11.2685,11.4148,11590954,2.7198,7317318244.49,17170069881.9,17.773,
600971.SH,恒源煤电,2011-11-21,11.3018,11.4281,11.0358,11.1887,9367782,2.1981,7172420853.51,16830068498.1,17.4211,
600971.SH,恒源煤电,2011-11-22,11.0757,11.222,10.9029,11.1422,6319598,1.4829,7142589037.72,16760068213.2,17.3486,
600971.SH,恒源煤电,2011-11-23,11.1688,11.2286,10.7899,10.8563,8988466,2.1091,6959336455.01,16330066463.1,16.9035,
600971.SH,恒源煤电,2011-11-24,10.637,10.9162,10.484,10.7167,8685254,2.038,6869841007.64,16120065608.4,16.6861,
600971.SH,恒源煤电,2011-11-25,10.7034,10.8896,10.6104,10.637,5053577,1.1858,6818700752,16000065120,16.5619,
600971.SH,恒源煤电,2011-11-28,10.7167,10.8032,10.5705,10.6702,5034103,1.1812,6840009191.85,16050065323.5,16.6137,
600971.SH,恒源煤电,2011-11-29,10.8696,10.8696,10.73,10.863,8808622,2.0669,6963598142.98,16340066503.8,16.9139,
600971.SH,恒源煤电,2011-11-30,10.8297,10.8297,10.1716,10.2381,9537865,2.238,6562999473.8,15400062678,15.9408,
600971.SH,恒源煤电,2011-12-01,10.7367,10.7699,10.4242,10.4375,11187569,2.6251,6690850112.9,15700063899,16.2514,
600971.SH,恒源煤电,2011-12-02,10.3045,10.3577,10.1317,10.2713,6511292,1.5279,6584307913.65,15450062881.5,15.9926,
600971.SH,恒源煤电,2011-12-05,10.2447,10.278,9.9057,9.9389,4179861,0.9808,6371223515.15,14950060846.5,15.475,
600971.SH,恒源煤电,2011-12-06,9.9057,10.1051,9.8525,10.032,3386931,0.7947,6430887146.73,15090061416.3,15.62,
600971.SH,恒源煤电,2011-12-07,10.2381,10.3378,10.0918,10.1383,4639129,1.0886,6499074154.25,15250062067.5,15.7856,
600971.SH,恒源煤电,2011-12-08,9.9788,10.1982,9.8392,10.032,4848154,1.1376,6430887146.73,15090061416.3,15.62,
600971.SH,恒源煤电,2011-12-09,9.8458,10.0785,9.8458,9.9655,2932944,0.6882,6388270267.03,14990061009.3,15.5164,
600971.SH,恒源煤电,2011-12-12,9.9721,10.0187,9.7395,9.7528,3465013,0.8131,6251896251.99,14670059706.9,15.1852,
600971.SH,恒源煤电,2011-12-13,9.6464,9.7195,9.2409,9.2475,7019246,1.6471,5928007966.27,13910056613.7,14.3985,
600971.SH,恒源煤电,2011-12-14,9.2475,9.3672,8.842,8.935,5249175,1.2317,5727708631.68,13440054700.8,13.912,
600971.SH,恒源煤电,2011-12-15,8.7622,8.822,8.3101,8.35,8917434,2.0925,5352680090.32,12560051119.2,13.0011,
600971.SH,恒源煤电,2011-12-16,8.3766,8.6891,8.2104,8.6691,8018105,1.8814,5557241112.88,13040053072.8,13.498,
600971.SH,恒源煤电,2011-12-19,8.5096,8.6492,8.2436,8.6026,6307731,1.4801,5514624233.18,12940052665.8,13.3944,
600971.SH,恒源煤电,2011-12-20,8.5295,8.7688,8.5295,8.6159,6059316,1.4218,5523147609.12,12960052747.2,13.4151,
600971.SH,恒源煤电,2011-12-21,8.8087,8.842,8.3766,8.3832,6103472,1.4322,5373988530.17,12610051322.7,13.0529,
600971.SH,恒源煤电,2011-12-22,8.3832,8.3832,8.3832,8.3832,--,--,5373988530.17,12610051322.7,13.0529,
600971.SH,恒源煤电,2011-12-23,8.4098,8.9749,8.4098,8.7888,11016689,2.5851,5633951496.34,13220053805.4,13.6843,
600971.SH,恒源煤电,2011-12-26,8.709,8.9284,8.6159,8.7622,5629718,1.321,5616904744.46,13180053642.6,13.6429,
600971.SH,恒源煤电,2011-12-27,8.7622,8.8619,8.5893,8.6425,3979189,0.9337,5540194361,13000052910,13.4566,
600971.SH,恒源煤电,2011-12-28,8.5428,8.6691,8.3035,8.6159,5993218,1.4063,5523147609.12,12960052747.2,13.4151,
600971.SH,恒源煤电,2011-12-29,8.5428,8.7422,8.4298,8.6492,4511380,1.0586,5544456048.97,13010052950.7,13.4669,
600971.SH,恒源煤电,2011-12-30,8.7688,8.8952,8.6891,8.7954,6720969,1.5771,5638213184.31,13230053846.1,13.6946,
600971.SH,恒源煤电,2012-01-04,8.9417,8.9749,8.3301,8.3567,6412637,1.5047,5356941778.29,12570051159.9,13.0115,
600971.SH,恒源煤电,2012-01-05,8.3101,8.4431,8.0575,8.1107,7460937,1.7507,5199259323.4,12200049654,12.6285,
600971.SH,恒源煤电,2012-01-06,8.1107,8.2835,7.9112,8.2702,4896662,1.149,5301539834.68,12440050630.8,12.8769,
600971.SH,恒源煤电,2012-01-09,8.2436,9.0946,8.124,9.0946,15484798,3.6335,5829989142.96,13680055677.6,14.1604,
600971.SH,恒源煤电,2012-01-10,9.5001,10.0054,9.427,10.0054,33217048,7.7943,6413840394.85,15050061253.5,15.5785,
600971.SH,恒源煤电,2012-01-11,10.4973,11.0092,10.3378,11.0092,75842531,17.7964,7057355278.32,16560067399.2,17.1416,
600971.SH,恒源煤电,2012-01-12,10.9428,11.0225,10.6037,10.7965,40449382,9.4914,6920981263.28,16240066096.8,16.8103,
600971.SH,恒源煤电,2012-01-13,10.6968,10.8763,10.2115,10.4375,39783576,9.3352,6690850112.9,15700063899,16.2514,
600971.SH,恒源煤电,2012-01-16,10.3511,10.6104,9.9655,9.9921,27542540,6.4628,6405317018.91,15030061172.1,15.5578,
600971.SH,恒源煤电,2012-01-17,10.0918,10.9893,9.9123,10.9827,60333148,14.1571,7040308526.44,16520067236.4,17.1002,
600971.SH,恒源煤电,2012-01-18,10.8696,10.8696,10.371,10.4907,43259914,10.1509,6724943616.66,15780064224.6,16.3342,
600971.SH,恒源煤电,2012-01-19,10.504,10.7899,10.391,10.617,23196982,5.4431,6805915688.09,15970064997.9,16.5309,
600971.SH,恒源煤电,2012-01-20,10.637,10.6901,10.3976,10.5239,16398784,3.848,6746252056.51,15830064428.1,16.3859,
600971.SH,恒源煤电,2012-01-30,10.5638,10.5638,10.0852,10.2514,14130754,3.3158,6571522849.74,15420062759.4,15.9615,
600971.SH,恒源煤电,2012-01-31,10.2048,10.8763,10.1716,10.6104,21518693,5.0493,6801654000.12,15960064957.2,16.5205,
600971.SH,恒源煤电,2012-02-01,10.4242,10.6237,10.2514,10.3843,14085730,3.3052,6656756609.14,15620063573.4,16.1686,
600971.SH,恒源煤电,2012-02-02,10.3777,11.4214,10.3378,11.3084,55148625,12.9406,7249131236.97,17010069230.7,17.6074,
600971.SH,恒源煤电,2012-02-03,11.089,11.3417,10.9361,11.2486,38727395,9.0873,7210776045.24,16920068864.4,17.5142,
600971.SH,恒源煤电,2012-02-06,11.3018,11.7405,11.2353,11.3084,38019720,8.9213,7249131236.97,17010069230.7,17.6074,
600971.SH,恒源煤电,2012-02-07,11.3018,11.561,10.843,11.4081,31606009,7.4163,7313056556.52,17160069841.2,17.7627,
600971.SH,恒源煤电,2012-02-08,11.3018,12.2724,11.1289,12.0862,49175578,11.539,7747748729.46,18180073992.6,18.8185,
600971.SH,恒源煤电,2012-02-09,12.0862,12.2059,11.8403,11.9533,32405255,7.6039,7662514970.06,17980073178.6,18.6114,
600971.SH,恒源煤电,2012-02-10,11.8469,12.0929,11.7006,11.807,23186146,5.4406,7568757834.72,17760072283.2,18.3837,
600971.SH,恒源煤电,2012-02-13,11.6475,12.0131,11.5677,11.8336,21563891,5.0599,7585804586.6,17800072446,18.4251,
600971.SH,恒源煤电,2012-02-14,11.8336,12.1594,11.6541,11.94,25292673,5.9349,7653991594.12,17960073097.2,18.5907,
600971.SH,恒源煤电,2012-02-15,11.8868,12.1461,11.6874,11.92,27808042,6.5251,7641206530.21,17930072975.1,18.5597,
600971.SH,恒源煤电,2012-02-16,11.9001,11.9466,11.5677,11.6874,19008752,4.4604,7492047451.26,17580071550.6,18.1974,
600971.SH,恒源煤电,2012-02-17,11.7272,11.8336,11.4414,11.5876,13522829,3.1731,7428122131.71,17430070940.1,18.0421,
600971.SH,恒源煤电,2012-02-20,11.8336,11.8735,11.4813,11.5012,17373048,4.0766,7372720188.1,17300070411,17.9076,
600971.SH,恒源煤电,2012-02-21,11.5212,12.0331,11.4081,12.0065,28449447,6.6756,7696608473.82,18060073504.2,18.6943,
600971.SH,恒源煤电,2012-02-22,11.9001,12.1527,11.7804,11.9932,29555046,6.9351,7688085097.88,18040073422.8,18.6736,
600971.SH,恒源煤电,2012-02-23,11.9599,12.1328,11.8336,12.0131,26884802,6.3085,7700870161.79,18070073544.9,18.7046,
600971.SH,恒源煤电,2012-02-24,12.0131,12.3522,12.0131,12.1594,36052497,8.4597,7794627297.13,18290074440.3,18.9323,
600971.SH,恒源煤电,2012-02-27,12.299,12.3788,11.9799,11.9865,31569281,7.4077,7683823409.91,18030073382.1,18.6632,
600971.SH,恒源煤电,2012-02-28,11.8336,11.94,11.7339,11.8336,17145553,4.0232,7585804586.6,17800072446,18.4251,
600971.SH,恒源煤电,2012-02-29,11.8137,12.1128,11.7006,11.8403,16536255,3.8802,7590066274.57,17810072486.7,18.4355,
600971.SH,恒源煤电,2012-03-01,11.7671,11.9067,11.7206,11.7937,10254486,2.4062,7560234458.78,17740072201.8,18.363,
600971.SH,恒源煤电,2012-03-02,11.8203,12.2923,11.8203,12.1128,22183192,5.2053,7764795481.34,18220074155.4,18.8599,
600971.SH,恒源煤电,2012-03-05,12.1195,12.2325,11.9799,11.9932,16776739,3.9366,7688085097.88,18040073422.8,18.6736,
600971.SH,恒源煤电,2012-03-06,11.94,11.9865,11.6275,11.8004,16578376,3.8901,7564496146.75,17750072242.5,18.3734,
600971.SH,恒源煤电,2012-03-07,11.6342,11.8336,11.561,11.5876,13825422,3.2441,7428122131.71,17430070940.1,18.0421,
600971.SH,恒源煤电,2012-03-08,11.6874,11.8602,11.6076,11.7738,10607899,2.4891,7547449394.87,17710072079.7,18.332,
600971.SH,恒源煤电,2012-03-09,11.8004,12.2059,11.8004,12.0995,24241965,5.6883,7756272105.4,18200074074,18.8392,
600971.SH,恒源煤电,2012-03-12,12.0995,12.1527,11.8004,11.8934,18213109,4.2737,7624159778.33,17890072812.3,18.5183,
600971.SH,恒源煤电,2012-03-13,11.9333,12.2325,11.8004,12.1328,21184890,4.971,7777580545.25,18250074277.5,18.8909,
600971.SH,恒源煤电,2012-03-14,12.2657,12.3189,11.3483,11.3749,32667263,7.6653,7291748116.67,17110069637.7,17.7109,
600971.SH,恒源煤电,2012-03-15,11.3549,11.4547,10.9361,11.0957,23875280,5.6023,7112757221.93,16690067928.3,17.2761,
600971.SH,恒源煤电,2012-03-16,11.1156,11.3018,10.9827,11.2552,13029331,3.0573,7215037733.21,16930068905.1,17.5246,
600971.SH,恒源煤电,2012-03-19,11.1688,11.581,11.1555,11.561,15575898,3.6549,7411075379.83,17390070777.3,18.0007,
600971.SH,恒源煤电,2012-03-20,11.5743,11.7671,11.2353,11.2619,17246052,4.0468,7219299421.18,16940068945.8,16.7192,
600971.SH,恒源煤电,2012-03-21,11.3682,11.827,11.222,11.5278,19877459,4.6642,7389766939.98,17340070573.8,17.114,
600971.SH,恒源煤电,2012-03-22,11.4946,11.5943,11.3018,11.3483,9750380,2.2879,7274701364.79,17070069474.9,16.8475,
600971.SH,恒源煤电,2012-03-23,11.3217,11.3217,11.0292,11.1289,8951826,2.1005,7134065661.78,16740068131.8,16.5218,
600971.SH,恒源煤电,2012-03-26,11.1289,11.2619,10.996,11.2087,5442010,1.277,7185205917.42,16860068620.2,16.6403,
600971.SH,恒源煤电,2012-03-27,11.2951,11.3682,10.9827,11.0292,9764313,2.2912,7070140342.23,16590067521.3,16.3738,
600971.SH,恒源煤电,2012-03-28,10.9029,10.9095,10.0386,10.0719,17466483,4.0985,6456457274.55,15150061660.5,14.9526,
600971.SH,恒源煤电,2012-03-29,9.9256,10.032,9.5134,9.7129,12511978,2.9359,6226326124.17,14610059462.7,14.4196,
600971.SH,恒源煤电,2012-03-30,9.7727,9.8325,9.427,9.6065,8528759,2.0013,6158139116.65,14450058811.5,14.2617,
600971.SH,恒源煤电,2012-04-05,9.653,10.1583,9.6065,10.1251,11145800,2.6153,6490550778.31,15230061986.1,15.0315,
600971.SH,恒源煤电,2012-04-06,10.1383,10.1716,9.9389,10.0985,11054905,2.594,6473504026.43,15190061823.3,14.992,
600971.SH,恒源煤电,2012-04-09,9.9721,10.0719,9.8059,9.8126,9700455,2.2762,6290251443.72,14760060073.2,14.5677,
600971.SH,恒源煤电,2012-04-10,9.6996,10.2181,9.6131,10.1915,11315771,2.6552,6533167658.01,15330062393.1,15.1302,
600971.SH,恒源煤电,2012-04-11,9.9721,10.2314,9.9057,10.1251,9932974,2.3308,6490550778.31,15230061986.1,15.0315,
600971.SH,恒源煤电,2012-04-12,10.1251,10.1251,10.1251,10.1251,--,--,6490550778.31,15230061986.1,15.0315,
600971.SH,恒源煤电,2012-04-13,10.5372,10.5904,10.371,10.4508,18318939,4.2985,6699373488.84,15720063980.4,15.5151,
600971.SH,恒源煤电,2012-04-16,10.391,10.7699,10.3112,10.5904,12677490,2.9748,6788868936.21,15930064835.1,15.7224,
600971.SH,恒源煤电,2012-04-17,10.5904,10.6303,10.2248,10.2381,8242251,1.934,6562999473.8,15400062678,15.1993,
600971.SH,恒源煤电,2012-04-18,10.3245,10.7234,10.3112,10.6901,11720505,2.7502,6852794255.76,16080065445.6,15.8704,
600971.SH,恒源煤电,2012-04-19,10.6702,10.7766,10.5771,10.637,9751322,2.2881,6818700752,16000065120,15.7915,
600971.SH,恒源煤电,2012-04-20,10.617,10.8829,10.5705,10.8497,12439156,2.9188,6955074767.04,16320066422.4,16.1073,
600971.SH,恒源煤电,2012-04-23,10.8829,10.8829,10.5705,10.637,10283214,2.4129,6818700752,16000065120,15.7915,
600971.SH,恒源煤电,2012-04-24,10.504,10.8297,10.2514,10.7034,12155669,2.8523,6861317631.7,16100065527,15.8902,
600971.SH,恒源煤电,2012-04-25,10.6768,10.9694,10.5173,10.9095,14734236,3.4574,6993429958.77,16410066788.7,16.1961,
600971.SH,恒源煤电,2012-04-26,11.0425,11.4347,10.8231,11.1688,20269600,4.7562,7159635789.6,16800068376,15.573,
600971.SH,恒源煤电,2012-04-27,11.0824,11.2353,10.9827,11.0225,10644358,2.4977,7065878654.26,16580067480.6,15.369,
600971.SH,恒源煤电,2012-05-02,11.2885,12.0862,11.1821,11.7937,32263611,7.5706,7560234458.78,17740072201.8,16.4443,
600971.SH,恒源煤电,2012-05-03,11.7206,12.0198,11.6674,11.8536,22414587,5.2596,7598589650.51,17830072568.1,16.5277,
600971.SH,恒源煤电,2012-05-04,11.8336,12.0331,11.6475,11.9533,20064514,4.7081,7662514970.06,17980073178.6,16.6668,
600971.SH,恒源煤电,2012-05-07,11.7605,11.9865,11.6807,11.8934,17340199,4.0689,7624159778.33,17890072812.3,16.5833,
600971.SH,恒源煤电,2012-05-08,11.8669,11.9865,11.6408,11.7405,12237697,2.8716,7526140955.02,17660071876.2,16.3701,
600971.SH,恒源煤电,2012-05-09,11.5677,11.5677,11.2685,11.2885,15349023,3.6016,7236346173.06,16980069108.6,15.7398,
600971.SH,恒源煤电,2012-05-10,11.2552,11.468,11.2353,11.3682,9036104,2.1203,7287486428.7,17100069597,15.851,
600971.SH,恒源煤电,2012-05-11,11.3217,11.5677,11.202,11.2619,9273751,2.1761,7219299421.18,16940068945.8,15.7027,
600971.SH,恒源煤电,2012-05-14,11.4281,11.4879,10.9095,10.9494,12907109,3.0286,7019000086.59,16470067032.9,15.2671,
600971.SH,恒源煤电,2012-05-15,10.7766,10.8763,10.5306,10.7832,13759171,3.2286,6912457887.34,16220066015.4,15.0353,
600971.SH,恒源煤电,2012-05-16,10.7367,11.0824,10.6436,10.7034,11038100,2.5901,6861317631.7,16100065527,14.9241,
600971.SH,恒源煤电,2012-05-17,10.6968,10.9494,10.6901,10.9095,8202931,1.9248,6993429958.77,16410066788.7,15.2114,
600971.SH,恒源煤电,2012-05-18,10.7699,10.8231,10.5572,10.6037,8544964,2.0051,6797392312.15,15950064916.5,14.785,
600971.SH,恒源煤电,2012-05-21,10.5173,10.9361,10.4774,10.7699,9390790,2.2035,6903934511.4,16200065934,15.0168,
600971.SH,恒源煤电,2012-05-22,10.8962,11.0358,10.8231,11.0292,10977527,2.5759,7070140342.23,16590067521.3,15.3783,
600971.SH,恒源煤电,2012-05-23,10.8763,11.0691,10.7899,10.8962,8285658,1.9442,6984906582.83,16390066707.3,15.1929,
600971.SH,恒源煤电,2012-05-24,10.9029,11.0558,10.7699,10.7832,7113442,1.6692,6912457887.34,16220066015.4,15.0353,
600971.SH,恒源煤电,2012-05-25,10.8165,10.8497,10.5505,10.6237,6174095,1.4487,6810177376.06,15980065038.6,14.8128,
600971.SH,恒源煤电,2012-05-28,10.5173,10.8165,10.2381,10.8098,9971540,2.3398,6929504639.22,16260066178.2,15.0724,
600971.SH,恒源煤电,2012-05-29,10.7899,11.1356,10.7367,11.0092,14025916,3.2912,7057355278.32,16560067399.2,15.3505,
600971.SH,恒源煤电,2012-05-30,10.9494,11.0159,10.7433,10.7766,10285740,2.4135,6908196199.37,16210065974.7,15.026,
600971.SH,恒源煤电,2012-05-31,10.6635,10.8364,10.5705,10.73,6401452,1.5021,6878364383.58,16140065689.8,14.9612,
600971.SH,恒源煤电,2012-06-01,10.7101,10.8297,10.5705,10.6303,7068294,1.6586,6814439064.03,15990065079.3,14.8221,
600971.SH,恒源煤电,2012-06-04,10.4176,10.4176,10.012,10.0253,12903058,3.0277,6426625458.76,15080061375.6,13.9786,
600971.SH,恒源煤电,2012-06-05,10.0719,10.145,9.9522,9.9921,6694213,1.5708,6405317018.91,15030061172.1,13.9322,
600971.SH,恒源煤电,2012-06-06,10.0386,10.0985,9.9057,10.0054,6155738,1.4444,6413840394.85,15050061253.5,13.9508,
600971.SH,恒源煤电,2012-06-07,10.1184,10.1516,9.8458,9.8724,5898991,1.3842,6328606635.45,14850060439.5,13.7654,
600971.SH,恒源煤电,2012-06-08,9.9854,10.0253,9.7461,9.7727,6026533,1.4141,6264681315.9,14700059829,13.6263,
600971.SH,恒源煤电,2012-06-11,9.8259,10.0852,9.7926,10.0519,5643585,1.3243,6443672210.64,15120061538.4,14.0157,
600971.SH,恒源煤电,2012-06-12,9.919,9.9389,9.7528,9.8259,4356588,1.0223,6298774819.66,14780060154.6,13.7005,
600971.SH,恒源煤电,2012-06-13,9.899,9.9921,9.7328,9.9788,5451845,1.2793,6396793642.97,15010061090.7,13.9137,
600971.SH,恒源煤电,2012-06-14,9.899,10.012,9.8525,9.8591,4730432,1.11,6320083259.51,14830060358.1,13.7468,
600971.SH,恒源煤电,2012-06-15,9.8857,10.0586,9.8126,10.0386,5197815,1.2197,6435148834.7,15100061457,13.9971,
600971.SH,恒源煤电,2012-06-18,10.1051,10.2647,10.0386,10.1118,6648852,1.5601,6482027402.37,15210061904.7,14.0991,
600971.SH,恒源煤电,2012-06-19,10.0453,10.0719,9.8857,9.9256,4560003,1.07,6362700139.21,14930060765.1,13.8395,
600971.SH,恒源煤电,2012-06-20,9.9721,10.0652,9.8924,9.9655,4331665,1.0164,6388270267.03,14990061009.3,13.8952,
600971.SH,恒源煤电,2012-06-21,9.8458,9.8525,9.5799,9.5866,6785570,1.5922,6145354052.74,14420058689.4,13.3668,
600971.SH,恒源煤电,2012-06-25,9.54,9.5733,9.1079,9.1411,5753163,1.35,5859820958.75,13750055962.5,12.7457,
600971.SH,恒源煤电,2012-06-26,8.9816,9.2409,8.9749,9.181,4566249,1.0715,5885391086.57,13810056206.7,12.8013,
600971.SH,恒源煤电,2012-06-27,9.2076,9.54,9.1079,9.3007,7568101,1.7758,5962101470.03,13990056939.3,12.9682,
600971.SH,恒源煤电,2012-06-28,9.3871,9.4868,9.0414,9.0547,6179173,1.4499,5804419015.14,13620055433.4,12.6252,
600971.SH,恒源煤电,2012-06-29,8.9084,9.2674,8.7821,9.2608,6844155,1.606,5936531342.21,13930056695.1,12.9126,
600971.SH,恒源煤电,2012-07-02,9.4403,9.673,9.2542,9.3073,8793604,2.0634,5966363158,14000056980,12.9775,
600971.SH,恒源煤电,2012-07-03,9.3206,9.4802,9.1278,9.2076,5796560,1.3602,5902437838.45,13850056369.5,12.8384,
600971.SH,恒源煤电,2012-07-04,9.314,9.4935,9.3073,9.4004,7917572,1.8578,6026026789.58,14140057549.8,13.1072,
600971.SH,恒源煤电,2012-07-05,9.2741,9.2741,8.9949,9.1212,5442287,1.277,5847035894.84,13720055840.4,12.7179,
600971.SH,恒源煤电,2012-07-06,9.1411,9.4403,9.0148,9.3738,5550290,1.3024,6008980037.7,14100057387,13.0702,
600971.SH,恒源煤电,2012-07-09,9.2409,9.2608,8.8486,8.8619,7622381,1.7886,5680830064.01,13330054253.1,12.3564,
600971.SH,恒源煤电,2012-07-10,8.8619,8.9284,8.729,8.8021,3932661,0.9228,5642474872.28,13240053886.8,12.273,
600971.SH,恒源煤电,2012-07-11,8.7157,8.9882,8.7157,8.8752,3568690,0.8374,5689353439.95,13350054334.5,12.3749,
600971.SH,恒源煤电,2012-07-12,8.8819,9.5999,8.7821,9.4336,14465468,3.3943,6047335229.43,14190057753.3,13.1536,
600971.SH,恒源煤电,2012-07-13,9.2475,9.5334,9.2076,9.2674,8874430,2.0824,5940793030.18,13940056735.8,12.9218,
600971.SH,恒源煤电,2012-07-16,9.3206,9.3406,9.0414,9.0481,5430140,1.2742,5800157327.17,13610055392.7,12.6159,
600971.SH,恒源煤电,2012-07-17,8.9616,9.2741,8.9616,9.2076,4612083,1.0822,5902437838.45,13850056369.5,12.8384,
600971.SH,恒源煤电,2012-07-18,9.1611,9.4403,9.1079,9.4336,7806885,1.8319,6047335229.43,14190057753.3,13.1536,
600971.SH,恒源煤电,2012-07-19,9.4204,9.6065,9.3539,9.4004,9389967,2.2033,6026026789.58,14140057549.8,13.1072,
600971.SH,恒源煤电,2012-07-20,9.4204,9.5134,9.294,9.3206,5799632,1.3609,5974886533.94,14020057061.4,12.996,
600971.SH,恒源煤电,2012-07-23,9.2076,9.3938,9.0414,9.2409,5060294,1.1874,5923746278.3,13900056573,12.8848,
600971.SH,恒源煤电,2012-07-24,9.1145,9.4071,9.0547,9.3073,4360974,1.0233,5966363158,14000056980,12.9775,
600971.SH,恒源煤电,2012-07-25,9.2874,9.3273,9.0747,9.1012,3861753,0.9062,5834250830.93,13690055718.3,12.6901,
600971.SH,恒源煤电,2012-07-26,9.0946,9.3007,9.0614,9.1345,3316628,0.7782,5855559270.78,13740055921.8,12.7365,
600971.SH,恒源煤电,2012-07-27,9.1611,9.3472,9.1212,9.2409,4448568,1.0439,5923746278.3,13900056573,12.8848,
600971.SH,恒源煤电,2012-07-30,9.3073,9.4403,9.1212,9.2209,4756434,1.1161,5910961214.39,13870056450.9,12.857,
600971.SH,恒源煤电,2012-07-31,9.1411,9.2409,8.7489,8.8287,5603484,1.3149,5659521624.16,13280054049.6,12.31,
600971.SH,恒源煤电,2012-08-01,8.842,9.1079,8.842,8.9616,5093920,1.1953,5744755383.56,13480054863.6,12.4954,
600971.SH,恒源煤电,2012-08-02,8.9084,8.9683,8.6891,8.729,6057751,1.4214,5595596304.61,13130053439.1,12.171,
600971.SH,恒源煤电,2012-08-03,8.7821,8.9217,8.7157,8.9084,4171691,0.9789,5710661879.8,13400054538,12.4213,
600971.SH,恒源煤电,2012-08-06,8.842,9.201,8.842,9.1677,7520159,1.7646,5876867710.63,13790056125.3,12.7828,
600971.SH,恒源煤电,2012-08-07,9.1677,9.2076,9.0414,9.1411,7013313,1.6457,5859820958.75,13750055962.5,12.7457,
600971.SH,恒源煤电,2012-08-08,9.1877,9.5932,9.1411,9.3539,12896151,3.0261,5996194973.79,14070057264.9,13.0423,
600971.SH,恒源煤电,2012-08-09,9.2608,9.4004,9.1544,9.3273,8125277,1.9066,5979148221.91,14030057102.1,13.0053,
600971.SH,恒源煤电,2012-08-10,9.3273,9.3938,9.201,9.2409,4841826,1.1361,5923746278.3,13900056573,14.176,
600971.SH,恒源煤电,2012-08-13,9.1943,9.201,8.9749,8.9882,4999071,1.173,5761802135.44,13520055026.4,13.7885,
600971.SH,恒源煤电,2012-08-14,8.935,9.0747,8.7954,9.068,5925785,1.3905,5812942391.08,13640055514.8,13.9108,
600971.SH,恒源煤电,2012-08-15,8.9949,9.0414,8.842,8.8819,3151663,0.7395,5693615127.92,13360054375.2,13.6253,
600971.SH,恒源煤电,2012-08-16,8.8287,8.9749,8.8287,8.9151,2429414,0.5701,5714923567.77,13410054578.7,13.6763,
600971.SH,恒源煤电,2012-08-17,8.9683,9.0281,8.8553,8.9949,3205827,0.7522,5766063823.41,13530055067.1,13.7987,
600971.SH,恒源煤电,2012-08-20,8.9417,8.9749,8.7954,8.9084,2930472,0.6876,5710661879.8,13400054538,13.6552,
600971.SH,恒源煤电,2012-08-21,8.8819,9.0348,8.8486,8.9882,4108653,0.9641,5761802135.44,13520055026.4,13.7774,
600971.SH,恒源煤电,2012-08-22,8.9616,9.0148,8.8021,8.8486,4542024,1.0658,5672306688.07,13310054171.7,13.5634,
600971.SH,恒源煤电,2012-08-23,8.8819,9.0215,8.8287,8.9483,4177418,0.9802,5736232007.62,13460054782.2,13.7163,
600971.SH,恒源煤电,2012-08-24,8.8686,8.8752,8.6758,8.6891,5930929,1.3917,5570026176.79,13070053194.9,13.3189,
600971.SH,恒源煤电,2012-08-27,8.6691,8.6691,8.3766,8.3899,4437737,1.0413,5378250218.14,12620051363.4,12.8603,
600971.SH,恒源煤电,2012-08-28,8.3832,8.6226,8.3766,8.4963,3081155,0.723,5446437225.66,12780052014.6,13.0233,
600971.SH,恒源煤电,2012-08-29,8.4298,8.5428,8.3301,8.3367,2722567,0.6388,5344156714.38,12540051037.8,12.7788,
600971.SH,恒源煤电,2012-08-30,8.3234,8.4364,8.1838,8.37,2876333,0.6749,5365465154.23,12590051241.3,12.8297,
600971.SH,恒源煤电,2012-08-31,8.3832,8.5495,8.3168,8.4564,3853366,0.9042,5420867097.84,12720051770.4,12.9622,
600971.SH,恒源煤电,2012-09-03,8.3899,8.6226,8.3832,8.5495,3546780,0.8322,5480530729.42,12860052340.2,13.1049,
600971.SH,恒源煤电,2012-09-04,8.5229,8.7622,8.463,8.5295,4175654,0.9798,5467745665.51,12830052218.1,13.0743,
600971.SH,恒源煤电,2012-09-05,8.4231,8.6026,8.3434,8.5362,3680008,0.8635,5472007353.48,12840052258.8,13.0845,
600971.SH,恒源煤电,2012-09-06,8.5428,8.6226,8.5229,8.6093,2862374,0.6717,5518885921.15,12950052706.5,13.1966,
600971.SH,恒源煤电,2012-09-07,8.6891,9.4403,8.6492,9.2475,18560425,4.3552,5928007966.27,13910056613.7,14.1749,
600971.SH,恒源煤电,2012-09-10,9.1877,9.4071,9.1145,9.2807,10280750,2.4124,5949316406.12,13960056817.2,14.2258,
600971.SH,恒源煤电,2012-09-11,9.2076,9.2076,9.1145,9.1877,4880447,1.1452,5889652774.54,13820056247.4,14.0831,
600971.SH,恒源煤电,2012-09-12,9.3007,9.4071,9.1611,9.2874,8227334,1.9305,5953578094.09,13970056857.9,14.236,
600971.SH,恒源煤电,2012-09-13,9.3073,9.3073,9.0547,9.068,5258155,1.2338,5812942391.08,13640055514.8,13.8997,
600971.SH,恒源煤电,2012-09-14,9.294,9.4336,9.1411,9.201,8377644,1.9658,5898176150.48,13840056328.8,14.1035,
600971.SH,恒源煤电,2012-09-17,9.2209,9.2741,8.9084,8.9217,5553305,1.3031,5719185255.74,13420054619.4,13.6755,
600971.SH,恒源煤电,2012-09-18,8.8287,8.9616,8.709,8.7622,3351761,0.7865,5616904744.46,13180053642.6,13.431,
600971.SH,恒源煤电,2012-09-19,8.7755,8.9417,8.6957,8.9018,3229868,0.7579,5706400191.83,13390054497.3,13.645,
600971.SH,恒源煤电,2012-09-20,8.9284,8.9284,8.4298,8.4497,5099032,1.1965,5416605409.87,12710051729.7,12.952,
600971.SH,恒源煤电,2012-09-21,8.4431,8.8087,8.3899,8.5561,4972448,1.1668,5484792417.39,12870052380.9,13.1151,
600971.SH,恒源煤电,2012-09-24,8.4165,8.822,8.3899,8.6891,4529320,1.0628,5570026176.79,13070053194.9,13.3189,
600971.SH,恒源煤电,2012-09-25,8.6292,8.7489,8.5229,8.576,3489967,0.8189,5497577481.3,12900052503,13.1456,
600971.SH,恒源煤电,2012-09-26,8.5893,8.7024,8.483,8.5029,2921643,0.6856,5450698913.63,12790052055.3,13.0335,
600971.SH,恒源煤电,2012-09-27,8.5029,9.1411,8.5029,8.955,8224447,1.9299,5740493695.59,13470054822.9,13.7265,
600971.SH,恒源煤电,2012-09-28,8.7821,9.2741,8.7821,9.2276,10859903,2.5483,5915222902.36,13880056491.6,14.1443,
600971.SH,恒源煤电,2012-10-08,9.2409,9.2409,8.8752,8.9616,6155045,1.4443,5744755383.56,13480054863.6,13.7367,
600971.SH,恒源煤电,2012-10-09,9.0481,9.3206,9.0281,9.2475,8718807,2.0459,5928007966.27,13910056613.7,14.1749,
600971.SH,恒源煤电,2012-10-10,9.2475,9.3472,9.1212,9.2608,6290535,1.4761,5936531342.21,13930056695.1,14.1952,
600971.SH,恒源煤电,2012-10-11,9.2342,9.2342,9.0481,9.0547,5148922,1.2082,5804419015.14,13620055433.4,13.8793,
600971.SH,恒源煤电,2012-10-12,9.1278,9.201,8.9284,9.1012,4302442,1.0096,5834250830.93,13690055718.3,13.9507,
600971.SH,恒源煤电,2012-10-15,9.0879,9.2143,8.9816,9.1345,4537467,1.0647,5855559270.78,13740055921.8,14.0016,
600971.SH,恒源煤电,2012-10-16,9.1345,9.2475,9.0414,9.068,5188709,1.2175,5812942391.08,13640055514.8,13.8997,
600971.SH,恒源煤电,2012-10-17,9.0946,9.1677,8.8486,8.9816,4672928,1.0965,5757540447.47,13510054985.7,13.7672,
600971.SH,恒源煤电,2012-10-18,9.0148,9.2608,9.0082,9.2076,6463460,1.5166,5902437838.45,13850056369.5,14.1137,
600971.SH,恒源煤电,2012-10-19,9.2076,9.2608,9.1411,9.1677,3673090,0.8619,5876867710.63,13790056125.3,14.0526,
600971.SH,恒源煤电,2012-10-22,9.0481,9.2409,9.0481,9.2276,4200333,0.9856,5915222902.36,13880056491.6,14.1443,
600971.SH,恒源煤电,2012-10-23,9.2409,9.2475,9.0481,9.1012,3583954,0.841,5834250830.93,13690055718.3,13.9507,
600971.SH,恒源煤电,2012-10-24,9.0082,9.0879,8.842,8.9018,6356074,1.4914,5706400191.83,13390054497.3,13.645,
600971.SH,恒源煤电,2012-10-25,8.9018,8.9749,8.709,8.7223,4042793,0.9486,5591334616.64,13120053398.4,13.3698,
600971.SH,恒源煤电,2012-10-26,8.7422,8.7622,8.5295,8.5627,4109260,0.9642,5489054105.36,12880052421.6,13.1252,
600971.SH,恒源煤电,2012-10-29,8.5627,8.7223,8.5295,8.5694,2538110,0.5956,5493315793.33,12890052462.3,15.1806,
600971.SH,恒源煤电,2012-10-30,8.6093,8.7356,8.5893,8.6957,3062327,0.7186,5574287864.76,13080053235.6,15.4044,
600971.SH,恒源煤电,2012-10-31,8.7024,8.8952,8.6425,8.8885,4951735,1.1619,5697876815.89,13370054415.9,15.7459,
600971.SH,恒源煤电,2012-11-01,8.8885,9.0281,8.7755,9.0015,5771781,1.3543,5770325511.38,13540055107.8,15.9461,
600971.SH,恒源煤电,2012-11-02,9.0015,9.0481,8.9151,8.9949,3664835,0.8599,5766063823.41,13530055067.1,15.9344,
600971.SH,恒源煤电,2012-11-05,8.9616,9.2807,8.9284,9.1478,8761376,2.0558,5864082646.72,13760056003.2,16.2052,
600971.SH,恒源煤电,2012-11-06,9.0813,9.1345,8.8553,8.9882,4971056,1.1665,5761802135.44,13520055026.4,15.9226,
600971.SH,恒源煤电,2012-11-07,8.9749,9.1278,8.935,8.9882,3142044,0.7373,5761802135.44,13520055026.4,15.9226,
600971.SH,恒源煤电,2012-11-08,8.8752,8.8752,8.5893,8.6093,6056994,1.4213,5518885921.15,12950052706.5,15.2513,
600971.SH,恒源煤电,2012-11-09,8.6093,8.6691,8.5561,8.6292,2884303,0.6768,5531670985.06,12980052828.6,15.2866,
600971.SH,恒源煤电,2012-11-12,8.7024,8.7356,8.5627,8.6758,3801938,0.8921,5561502800.85,13050053113.5,15.3691,
600971.SH,恒源煤电,2012-11-13,8.6425,8.729,8.5096,8.5428,2692565,0.6318,5476269041.45,12850052299.5,15.1335,
600971.SH,恒源煤电,2012-11-14,8.5827,8.6359,8.5096,8.6226,2137671,0.5016,5527409297.09,12970052787.9,15.2748,
600971.SH,恒源煤电,2012-11-15,8.5627,8.5694,8.2968,8.35,3253644,0.7635,5352680090.32,12560051119.2,14.792,
600971.SH,恒源煤电,2012-11-16,8.3367,8.3367,7.9711,8.0907,5399974,1.2671,5186474259.49,12170049531.9,14.3327,
600971.SH,恒源煤电,2012-11-19,8.1107,8.1373,7.9644,8.0841,4402394,1.033,5182212571.52,12160049491.2,14.3209,
600971.SH,恒源煤电,2012-11-20,8.1772,8.1905,7.991,8.0043,3061483,0.7184,5131072315.88,12040049002.8,14.1796,
600971.SH,恒源煤电,2012-11-21,8.011,8.1705,7.9179,8.1572,3939554,0.9244,5229091139.19,12270049938.9,14.4505,
600971.SH,恒源煤电,2012-11-22,8.104,8.104,7.9312,8.0309,3726606,0.8744,5148119067.76,12080049165.6,14.2267,
600971.SH,恒源煤电,2012-11-23,8.0575,8.1306,7.9711,8.0375,3144095,0.7378,5152380755.73,12090049206.3,14.2385,
600971.SH,恒源煤电,2012-11-26,7.991,8.0508,7.9046,7.9112,2997591,0.7034,5071408684.3,11900048433,14.0147,
600971.SH,恒源煤电,2012-11-27,7.878,7.878,7.6121,7.6187,3667008,0.8605,4883894413.62,11460046642.2,13.4965,
600971.SH,恒源煤电,2012-11-28,7.5456,7.6852,7.519,7.632,2466203,0.5787,4892417789.56,11480046723.6,13.5201,
600971.SH,恒源煤电,2012-11-29,7.632,7.6918,7.4658,7.4991,1938978,0.455,4807184030.16,11280045909.6,13.2845,
600971.SH,恒源煤电,2012-11-30,7.4525,7.6254,7.4525,7.5722,1828129,0.429,4854062597.83,11390046357.3,13.4141,
600971.SH,恒源煤电,2012-12-03,7.5589,7.6121,6.9739,7.0004,3787512,0.8887,4487557432.41,10530042857.1,12.4012,
600971.SH,恒源煤电,2012-12-04,7.0004,7.1666,6.934,7.1002,4077739,0.9568,4551482751.96,10680043467.6,12.5779,
600971.SH,恒源煤电,2012-12-05,7.1068,7.5589,7.0337,7.4525,6525388,1.5312,4777352214.37,11210045624.7,13.2021,
600971.SH,恒源煤电,2012-12-06,7.4592,7.5256,7.3395,7.3461,3336951,0.783,4709165206.85,11050044973.5,13.0137,
600971.SH,恒源煤电,2012-12-07,7.3727,7.878,7.3395,7.6453,8202515,1.9247,4900941165.5,11500046805,13.5436,
600971.SH,恒源煤电,2012-12-10,7.6453,7.7517,7.5256,7.7251,7172832,1.6831,4952081421.14,11620047293.4,13.6849,
600971.SH,恒源煤电,2012-12-11,7.6786,8.1107,7.5389,7.7916,10628920,2.4941,4994698300.84,11720047700.4,13.8027,
600971.SH,恒源煤电,2012-12-12,7.7118,7.8248,7.6453,7.7184,5366332,1.2592,4947819733.17,11610047252.7,13.6732,
600971.SH,恒源煤电,2012-12-13,7.7184,7.745,7.5057,7.5123,5852573,1.3733,4815707406.1,11300045991,13.3081,
600971.SH,恒源煤电,2012-12-14,7.5057,7.9445,7.5057,7.9046,10854593,2.547,5067146996.33,11890048392.3,14.0029,
600971.SH,恒源煤电,2012-12-17,7.9578,8.4963,7.9578,8.1439,14674138,3.4433,5220567763.25,12250049857.5,14.4269,
600971.SH,恒源煤电,2012-12-18,8.0841,8.2702,8.011,8.0774,9102568,2.1359,5177950883.55,12150049450.5,14.3091,
600971.SH,恒源煤电,2012-12-19,8.0841,8.2436,8.0575,8.124,6210380,1.4573,5207782699.34,12220049735.4,14.3916,
600971.SH,恒源煤电,2012-12-20,8.0708,8.2769,7.9179,8.2237,10292882,2.4152,5271708018.89,12370050345.9,14.5682,
600971.SH,恒源煤电,2012-12-21,8.2902,8.6425,8.2237,8.237,16682993,3.9146,5280231394.83,12390050427.3,14.5918,
600971.SH,恒源煤电,2012-12-24,8.2104,8.35,8.1439,8.2303,7324934,0.7325,12380050386.6,12380050386.6,14.58,
600971.SH,恒源煤电,2012-12-25,8.217,8.5229,8.1107,8.4564,11964258,1.1964,12720051770.4,12720051770.4,14.9804,
600971.SH,恒源煤电,2012-12-26,8.4697,8.5893,8.3766,8.4497,8734330,0.8734,12710051729.7,12710051729.7,14.9686,
600971.SH,恒源煤电,2012-12-27,8.4963,8.709,8.4231,8.4364,11050779,1.1051,12690051648.3,12690051648.3,14.9451,
600971.SH,恒源煤电,2012-12-28,8.4763,8.5162,8.2902,8.5029,8022089,0.8022,12790052055.3,12790052055.3,15.0629,
600971.SH,恒源煤电,2012-12-31,8.5029,8.6093,8.4098,8.5627,8239298,0.8239,12880052421.6,12880052421.6,15.1689,
600971.SH,恒源煤电,2013-01-04,8.6957,8.7622,8.3567,8.4364,10356843,1.0357,12690051648.3,12690051648.3,14.9451,
600971.SH,恒源煤电,2013-01-07,8.3965,8.5694,8.3766,8.5428,8849810,0.885,12850052299.5,12850052299.5,15.1335,
600971.SH,恒源煤电,2013-01-08,8.5029,8.5295,8.3101,8.4697,8692039,0.8692,12740051851.8,12740051851.8,15.004,
600971.SH,恒源煤电,2013-01-09,8.4431,8.7622,8.3434,8.7356,14417580,1.4418,13140053479.8,13140053479.8,15.4751,
600971.SH,恒源煤电,2013-01-10,8.6758,8.8021,8.5495,8.6558,13669898,1.367,13020052991.4,13020052991.4,15.3337,
600971.SH,恒源煤电,2013-01-11,8.6425,8.6492,8.3301,8.3899,8635232,0.8635,12620051363.4,12620051363.4,14.8626,
600971.SH,恒源煤电,2013-01-14,8.3434,8.6359,8.2769,8.6359,11214408,1.1214,12990052869.3,12990052869.3,15.2984,
600971.SH,恒源煤电,2013-01-15,8.6625,8.7954,8.5827,8.7024,13152921,1.3153,13090053276.3,13090053276.3,15.4162,
600971.SH,恒源煤电,2013-01-16,8.7223,9.0946,8.5827,8.7755,16263486,1.6263,13200053724,13200053724,15.5457,
600971.SH,恒源煤电,2013-01-17,8.7622,8.7622,8.5428,8.576,10829472,1.0829,12900052503,12900052503,15.1924,
600971.SH,恒源煤电,2013-01-18,8.6425,8.8087,8.596,8.709,9211013,0.9211,13100053317,13100053317,15.4279,
600971.SH,恒源煤电,2013-01-21,8.7489,9.0148,8.6625,8.8952,14537209,1.4537,13380054456.6,13380054456.6,15.7577,
600971.SH,恒源煤电,2013-01-22,8.8952,8.8952,8.6625,8.709,11780489,1.178,13100053317,13100053317,15.4279,
600971.SH,恒源煤电,2013-01-23,8.6891,8.6891,8.3965,8.5827,10088605,1.0089,12910052543.7,12910052543.7,15.2042,
600971.SH,恒源煤电,2013-01-24,8.576,8.7024,8.3101,8.4032,8666365,0.8666,12640051444.8,12640051444.8,14.8862,
600971.SH,恒源煤电,2013-01-25,8.4364,8.4564,8.3633,8.4032,3942445,0.3942,12640051444.8,12640051444.8,14.8862,
600971.SH,恒源煤电,2013-01-28,8.4298,8.6226,8.4165,8.6093,5846992,0.5847,12950052706.5,12950052706.5,15.2513,
600971.SH,恒源煤电,2013-01-29,8.6159,8.7821,8.6026,8.6957,8474965,0.8475,13080053235.6,13080053235.6,15.4044,
600971.SH,恒源煤电,2013-01-30,8.7422,8.9683,8.6758,8.7555,8258650,0.8259,13170053601.9,13170053601.9,15.5104,
600971.SH,恒源煤电,2013-01-31,8.7622,9.0946,8.729,8.9151,16954011,1.6954,13410054578.7,13410054578.7,15.793,
600971.SH,恒源煤电,2013-02-01,8.842,8.9616,8.7422,8.9217,13679940,1.368,13420054619.4,13420054619.4,15.8048,
600971.SH,恒源煤电,2013-02-04,8.9749,9.4469,8.9217,9.2674,27370316,2.737,13940056735.8,13940056735.8,16.4172,
600971.SH,恒源煤电,2013-02-05,9.2143,9.5533,9.0879,9.3472,20708743,2.0709,14060057224.2,14060057224.2,16.5585,
600971.SH,恒源煤电,2013-02-06,9.3472,9.3938,9.181,9.2741,8199977,0.82,13950056776.5,13950056776.5,16.429,
600971.SH,恒源煤电,2013-02-07,9.2475,9.3273,9.0879,9.1544,7431927,0.7432,13770056043.9,13770056043.9,16.217,
600971.SH,恒源煤电,2013-02-08,9.1278,9.3672,9.1278,9.2076,7600234,0.76,13850056369.5,13850056369.5,16.3112,
600971.SH,恒源煤电,2013-02-18,9.2076,9.2608,8.9084,8.9284,9226185,0.9226,13430054660.1,13430054660.1,15.8166,
600971.SH,恒源煤电,2013-02-19,8.9084,8.9882,8.6492,8.6957,8043515,0.8043,13080053235.6,13080053235.6,15.4044,
600971.SH,恒源煤电,2013-02-20,8.709,8.8353,8.6891,8.822,5569481,0.5569,13270054008.9,13270054008.9,15.6282,
600971.SH,恒源煤电,2013-02-21,8.709,8.709,8.4165,8.463,9466108,0.9466,12730051811.1,12730051811.1,14.9922,
600971.SH,恒源煤电,2013-02-22,8.4497,8.5096,8.3899,8.4497,4825478,0.4825,12710051729.7,12710051729.7,14.9686,
600971.SH,恒源煤电,2013-02-25,8.4763,8.5428,8.4165,8.4497,3853336,0.3853,12710051729.7,12710051729.7,14.9686,
600971.SH,恒源煤电,2013-02-26,8.3965,8.3965,8.2237,8.2237,6364502,0.6364,12370050345.9,12370050345.9,14.5682,
600971.SH,恒源煤电,2013-02-27,8.2303,8.3633,8.1905,8.2702,4241510,0.4241,12440050630.8,12440050630.8,14.6507,
600971.SH,恒源煤电,2013-02-28,8.3301,8.5096,8.2436,8.5096,6779401,0.6779,12800052096,12800052096,15.0746,
600971.SH,恒源煤电,2013-03-01,8.4564,8.4963,8.2503,8.3832,6413723,0.6414,12610051322.7,12610051322.7,14.8509,
600971.SH,恒源煤电,2013-03-04,8.3101,8.3101,7.8049,7.9046,9336331,0.9336,11890048392.3,11890048392.3,14.0029,
600971.SH,恒源煤电,2013-03-05,7.9112,8.0375,7.8514,8.0043,4846579,0.4847,12040049002.8,12040049002.8,14.1796,
600971.SH,恒源煤电,2013-03-06,8.0442,8.0907,7.9112,8.0375,5973012,0.5973,12090049206.3,12090049206.3,14.2385,
600971.SH,恒源煤电,2013-03-07,8.0309,8.4564,7.8913,8.237,11587179,1.1587,12390050427.3,12390050427.3,14.5918,
600971.SH,恒源煤电,2013-03-08,8.2038,8.3434,8.0774,8.1439,4646458,0.4646,12250049857.5,12250049857.5,14.4269,
600971.SH,恒源煤电,2013-03-11,8.1107,8.1173,7.991,8.011,3044617,0.3045,12050049043.5,12050049043.5,14.1914,
600971.SH,恒源煤电,2013-03-12,8.0309,8.124,7.8248,7.9179,4654138,0.4654,11910048473.7,11910048473.7,14.0265,
600971.SH,恒源煤电,2013-03-13,7.9777,8.0442,7.8846,7.9511,3679890,0.368,11960048677.2,11960048677.2,14.0854,
600971.SH,恒源煤电,2013-03-14,7.878,8.0641,7.8381,8.0309,4477280,0.4477,12080049165.6,12080049165.6,14.2267,
600971.SH,恒源煤电,2013-03-15,7.9777,8.124,7.8713,7.9046,4610939,0.4611,11890048392.3,11890048392.3,14.0029,
600971.SH,恒源煤电,2013-03-18,7.8381,7.9245,7.7051,7.7184,3432282,0.3432,11610047252.7,11610047252.7,13.6732,
600971.SH,恒源煤电,2013-03-19,7.7783,7.878,7.6985,7.8248,3040664,0.3041,11770047903.9,11770047903.9,13.8616,
600971.SH,恒源煤电,2013-03-20,7.8448,8.0243,7.7916,8.0176,6174151,0.6174,12060049084.2,12060049084.2,14.2031,
600971.SH,恒源煤电,2013-03-21,8.0176,8.0974,7.9511,7.9977,5421598,0.5422,12030048962.1,12030048962.1,14.1678,
600971.SH,恒源煤电,2013-03-22,7.9777,8.0176,7.9245,7.9644,3814482,0.3814,11980048758.6,11980048758.6,14.1089,
600971.SH,恒源煤电,2013-03-25,7.9777,8.0508,7.9179,7.9578,3216438,0.3216,11970048717.9,11970048717.9,14.0971,
600971.SH,恒源煤电,2013-03-26,7.9245,7.9245,7.7051,7.745,4785250,0.4785,11650047415.5,11650047415.5,13.7203,
600971.SH,恒源煤电,2013-03-27,7.745,7.8315,7.6852,7.7583,2877896,0.2878,11670047496.9,11670047496.9,13.7438,
600971.SH,恒源煤电,2013-03-28,7.6918,7.7583,7.4791,7.6254,6075419,0.6075,11470046682.9,11470046682.9,13.5083,
600971.SH,恒源煤电,2013-03-29,7.6254,7.6786,7.4991,7.5123,2928383,0.2928,11300045991,11300045991,13.3081,
600971.SH,恒源煤电,2013-04-01,7.4791,7.5921,7.4459,7.519,2228732,0.2229,11310046031.7,11310046031.7,13.3199,
600971.SH,恒源煤电,2013-04-02,7.4858,7.5722,7.4459,7.4791,3491670,0.3492,11250045787.5,11250045787.5,15.3901,
600971.SH,恒源煤电,2013-04-03,7.5456,7.5456,7.3196,7.3528,3627680,0.3628,11060045014.2,11060045014.2,15.1302,
600971.SH,恒源煤电,2013-04-08,7.2797,7.2863,7.1334,7.2531,3366075,0.3366,10910044403.7,10910044403.7,14.925,
600971.SH,恒源煤电,2013-04-09,7.293,7.4126,7.2464,7.3063,3498951,0.3499,10990044729.3,10990044729.3,15.0345,
600971.SH,恒源煤电,2013-04-10,7.3129,7.4126,7.2664,7.4126,3506308,0.3506,11150045380.5,11150045380.5,15.2533,
600971.SH,恒源煤电,2013-04-11,7.4459,7.4592,7.3129,7.3262,3190465,0.319,11020044851.4,11020044851.4,15.0755,
600971.SH,恒源煤电,2013-04-12,7.2996,7.3395,7.2132,7.2198,2096394,0.2096,10860044200.2,10860044200.2,14.8566,
600971.SH,恒源煤电,2013-04-15,7.1799,7.1799,6.914,6.914,4566649,0.4567,10400042328,10400042328,14.2273,
600971.SH,恒源煤电,2013-04-16,6.9007,7.0204,6.7412,6.9805,4705404,0.4705,10500042735,10500042735,14.3641,
600971.SH,恒源煤电,2013-04-17,7.0004,7.0137,6.8475,6.9074,2529298,0.2529,10390042287.3,10390042287.3,14.2137,
600971.SH,恒源煤电,2013-04-18,6.8542,6.9739,6.8143,6.9074,2175440,0.2175,10390042287.3,10390042287.3,14.2137,
600971.SH,恒源煤电,2013-04-19,6.9406,7.1135,6.914,7.0935,4831789,0.4832,10670043426.9,10670043426.9,14.5967,
600971.SH,恒源煤电,2013-04-22,6.9938,7.0669,6.9805,7.0337,3161819,0.3162,10580043060.6,10580043060.6,14.4736,
600971.SH,恒源煤电,2013-04-23,7.0337,7.0337,6.7412,6.7545,4323075,0.4323,10160041351.2,10160041351.2,13.899,
600971.SH,恒源煤电,2013-04-24,6.7678,6.914,6.7678,6.8475,3296821,0.3297,10300041921,10300041921,14.0905,
600971.SH,恒源煤电,2013-04-25,6.7146,6.7944,6.3822,6.4619,10695400,1.0695,9720039560.4,9720039560.4,18.6349,
600971.SH,恒源煤电,2013-04-26,6.4686,6.5617,6.2492,6.2559,5625808,0.5626,9410038298.7,9410038298.7,18.0406,
600971.SH,恒源煤电,2013-05-02,6.216,6.216,6.0897,6.1561,4899919,0.49,9260037688.2,9260037688.2,17.753,
600971.SH,恒源煤电,2013-05-03,6.1694,6.329,6.1628,6.2492,4904214,0.4904,9400038258,9400038258,18.0214,
600971.SH,恒源煤电,2013-05-06,6.3024,6.3689,6.2891,6.3423,4578043,0.4578,9540038827.8,9540038827.8,18.2898,
600971.SH,恒源煤电,2013-05-07,6.3157,6.555,6.2625,6.4553,6385504,0.6385,9710039519.7,9710039519.7,18.6157,
600971.SH,恒源煤电,2013-05-08,6.5018,6.5085,6.3423,6.3689,4471890,0.4472,9580038990.6,9580038990.6,18.3665,
600971.SH,恒源煤电,2013-05-09,6.3822,6.4154,6.1428,6.196,5658366,0.5658,9320037932.4,9320037932.4,17.868,
600971.SH,恒源煤电,2013-05-10,6.1827,6.329,6.1229,6.309,4831774,0.4832,9490038624.3,9490038624.3,18.1939,
600971.SH,恒源煤电,2013-05-13,6.3157,6.3356,6.2492,6.329,3525885,0.3526,9520038746.4,9520038746.4,18.2514,
600971.SH,恒源煤电,2013-05-14,6.3755,6.3755,6.1694,6.1761,3737922,0.3738,9290037810.3,9290037810.3,17.8105,
600971.SH,恒源煤电,2013-05-15,6.1561,6.3157,6.1495,6.2027,2391962,0.2392,9330037973.1,9330037973.1,17.8872,
600971.SH,恒源煤电,2013-05-16,6.2093,6.329,6.1229,6.3223,5098346,0.5098,9510038705.7,9510038705.7,18.2323,
600971.SH,恒源煤电,2013-05-17,6.3157,6.9539,6.1894,6.9539,20180938,2.0181,10460042572.2,10460042572.2,20.0536,
600971.SH,恒源煤电,2013-05-20,6.9473,7.1666,6.7944,7.0802,26703136,2.6703,10650043345.5,10650043345.5,20.4178,
600971.SH,恒源煤电,2013-05-21,7.047,7.1733,6.9539,7.0403,14555904,1.4556,10590043101.3,10590043101.3,20.3028,
600971.SH,恒源煤电,2013-05-22,6.9805,7.1799,6.8941,7.0669,11227482,1.1227,10630043264.1,10630043264.1,20.3795,
600971.SH,恒源煤电,2013-05-23,6.9871,7.047,6.8276,6.8342,8864559,0.8865,10280041839.6,10280041839.6,19.7085,
600971.SH,恒源煤电,2013-05-24,6.8143,6.9273,6.7944,6.9007,5620964,0.5621,10380042246.6,10380042246.6,19.9002,
600971.SH,恒源煤电,2013-05-27,6.8542,7.0071,6.7877,6.9406,6728416,0.6728,10440042490.8,10440042490.8,20.0152,
600971.SH,恒源煤电,2013-05-28,6.9273,7.4991,6.7744,7.3395,19109343,1.9109,11040044932.8,11040044932.8,21.1655,
600971.SH,恒源煤电,2013-05-29,7.273,7.3661,7.1733,7.1999,9936420,0.9936,10830044078.1,10830044078.1,20.7629,
600971.SH,恒源煤电,2013-05-30,7.1334,7.3262,7.1135,7.1999,6689413,0.6689,10830044078.1,10830044078.1,20.7629,
600971.SH,恒源煤电,2013-05-31,7.1534,7.3594,7.1201,7.1534,7336995,0.7337,10760043793.2,10760043793.2,20.6287,
600971.SH,恒源煤电,2013-06-03,7.0869,7.3528,6.9871,7.1467,8927752,0.8928,10750043752.5,10750043752.5,20.6096,
600971.SH,恒源煤电,2013-06-04,7.1467,7.1467,6.8808,6.9074,5990150,0.599,10390042287.3,10390042287.3,19.9194,
600971.SH,恒源煤电,2013-06-05,6.9007,7.0603,6.8475,7.0536,5940567,0.5941,10610043182.7,10610043182.7,20.3412,
600971.SH,恒源煤电,2013-06-06,7.0337,7.3063,6.9805,6.9871,7037874,0.7038,10510042775.7,10510042775.7,20.1494,
600971.SH,恒源煤电,2013-06-07,7.0071,7.0802,6.6348,6.8143,7480446,0.748,10250041717.5,10250041717.5,19.651,
600971.SH,恒源煤电,2013-06-13,6.7079,6.7146,6.2492,6.3556,7157033,0.7157,9560038909.2,9560038909.2,18.3281,
600971.SH,恒源煤电,2013-06-14,6.3689,6.3955,6.1561,6.3157,8808399,0.8808,9500038665,9500038665,18.2131,
600971.SH,恒源煤电,2013-06-17,6.3157,6.329,6.1495,6.216,5629502,0.5629,9350038054.5,9350038054.5,17.9255,
600971.SH,恒源煤电,2013-06-18,6.2638,6.3254,6.2023,6.2296,3303814,0.3304,9110037077.7,9110037077.7,17.4654,
600971.SH,恒源煤电,2013-06-19,6.2296,6.5305,6.0177,6.3938,9355518,0.9355,9350038054.5,9350038054.5,17.9255,
600971.SH,恒源煤电,2013-06-20,6.257,6.3254,6.0724,6.0792,4980346,0.498,8890036182.3,8890036182.3,17.0436,
600971.SH,恒源煤电,2013-06-21,5.9493,6.2228,5.8946,6.0655,4046046,0.4046,8870036100.9,8870036100.9,17.0053,
600971.SH,恒源煤电,2013-06-24,6.0177,6.0587,5.539,5.5458,5725024,0.5725,8110033007.7,8110033007.7,15.5482,
600971.SH,恒源煤电,2013-06-25,5.4843,5.6416,5.0124,5.3885,6622867,0.6623,7880032071.6,7880032071.6,15.1073,
600971.SH,恒源煤电,2013-06-26,5.3954,5.4774,5.1629,5.3612,6802973,0.6803,7840031908.8,7840031908.8,15.0306,
600971.SH,恒源煤电,2013-06-27,5.368,5.5185,5.1971,5.2313,6280835,0.6281,7650031135.5,7650031135.5,14.6663,
600971.SH,恒源煤电,2013-06-28,5.1355,5.4911,5.0877,5.2655,7356777,0.7357,7700031339,7700031339,14.7622,
600971.SH,恒源煤电,2013-07-01,5.1424,5.2791,5.074,5.2176,4716596,0.4717,7630031054.1,7630031054.1,14.628,
600971.SH,恒源煤电,2013-07-02,5.1971,5.3338,5.1697,5.3065,4709126,0.4709,7760031583.2,7760031583.2,14.8772,
600971.SH,恒源煤电,2013-07-03,5.2723,5.368,5.156,5.2996,6177347,0.6177,7750031542.5,7750031542.5,14.8581,
600971.SH,恒源煤电,2013-07-04,5.2244,5.5595,5.1287,5.4774,12293737,1.2294,8010032600.7,8010032600.7,15.3565,
600971.SH,恒源煤电,2013-07-05,5.4091,5.5458,5.3749,5.3817,6855619,0.6856,7870032030.9,7870032030.9,15.0881,
600971.SH,恒源煤电,2013-07-08,5.2791,5.2791,4.9441,4.9646,8071308,0.8071,7260029548.2,7260029548.2,13.9186,
600971.SH,恒源煤电,2013-07-09,4.9509,5.1287,4.9167,4.9851,4580217,0.458,7290029670.3,7290029670.3,13.9762,
600971.SH,恒源煤电,2013-07-10,4.9919,5.2655,4.9851,5.2313,6709069,0.6709,7650031135.5,7650031135.5,14.6663,
600971.SH,恒源煤电,2013-07-11,5.2244,5.539,5.2244,5.4501,11834588,1.1835,7970032437.9,7970032437.9,15.2798,
600971.SH,恒源煤电,2013-07-12,5.4501,5.4638,5.2176,5.2449,6897667,0.6898,7670031216.9,7670031216.9,14.7047,
600971.SH,恒源煤电,2013-07-15,5.2655,5.368,5.1424,5.2723,5520229,0.552,7710031379.7,7710031379.7,14.7814,
600971.SH,恒源煤电,2013-07-16,5.2449,5.3065,5.1971,5.2996,4768152,0.4768,7750031542.5,7750031542.5,14.8581,
600971.SH,恒源煤电,2013-07-17,5.2723,5.6074,5.2518,5.3612,11737637,1.1738,7840031908.8,7840031908.8,15.0306,
600971.SH,恒源煤电,2013-07-18,5.3338,5.3749,5.2313,5.2655,4659983,0.466,7700031339,7700031339,14.7622,
600971.SH,恒源煤电,2013-07-19,5.2723,5.368,5.0945,5.0945,5100887,0.5101,7450030321.5,7450030321.5,14.2829,
600971.SH,恒源煤电,2013-07-22,4.9919,5.1287,4.9646,5.0877,3209280,0.3209,7440030280.8,7440030280.8,14.2637,
600971.SH,恒源煤电,2013-07-23,5.0877,5.327,5.0877,5.2381,5075062,0.5075,7660031176.2,7660031176.2,14.6855,
600971.SH,恒源煤电,2013-07-24,5.1971,5.2928,5.074,5.1355,5106396,0.5106,7510030565.7,7510030565.7,14.3979,
600971.SH,恒源煤电,2013-07-25,5.1697,5.3475,5.1013,5.1971,7112798,0.7113,7600030932,7600030932,14.5705,
600971.SH,恒源煤电,2013-07-26,5.1902,5.1902,5.0671,5.1013,3745339,0.3745,7460030362.2,7460030362.2,14.3021,
600971.SH,恒源煤电,2013-07-29,5.0808,5.0945,4.9441,4.9782,4749375,0.4749,7280029629.6,7280029629.6,13.957,
600971.SH,恒源煤电,2013-07-30,4.9919,5.0945,4.9714,5.0193,3515727,0.3516,7340029873.8,7340029873.8,14.072,
600971.SH,恒源煤电,2013-07-31,5.0124,5.115,5.0124,5.1082,5287470,0.5287,7470030402.9,7470030402.9,14.3212,
600971.SH,恒源煤电,2013-08-01,5.115,5.3338,5.074,5.2176,9413706,0.9414,7630031054.1,7630031054.1,14.628,
600971.SH,恒源煤电,2013-08-02,5.2107,5.3544,5.1629,5.2449,9307118,0.9307,7670031216.9,7670031216.9,14.7047,
600971.SH,恒源煤电,2013-08-05,5.2244,5.7715,5.1697,5.6963,22953951,2.2954,8330033903.1,8330033903.1,15.97,
600971.SH,恒源煤电,2013-08-06,5.6074,5.9424,5.4774,5.7168,19935073,1.9935,8360034025.2,8360034025.2,16.0275,
600971.SH,恒源煤电,2013-08-07,5.6416,5.8535,5.5732,5.6621,22373497,2.2373,8280033699.6,8280033699.6,15.8742,
600971.SH,恒源煤电,2013-08-08,5.58,5.6621,5.4706,5.5253,10191043,1.0191,8080032885.6,8080032885.6,27.6593,
600971.SH,恒源煤电,2013-08-09,5.5527,5.7441,5.498,5.6621,15876592,1.5877,8280033699.6,8280033699.6,28.3439,
600971.SH,恒源煤电,2013-08-12,5.6416,6.1476,5.6142,6.1202,28555602,2.8555,8950036426.5,8950036426.5,30.6374,
600971.SH,恒源煤电,2013-08-13,6.0177,6.0724,5.8877,5.9151,16667247,1.6667,8650035205.5,8650035205.5,29.6105,
600971.SH,恒源煤电,2013-08-14,5.9219,6.045,5.7783,5.8057,12543775,1.2544,8490034554.3,8490034554.3,29.0628,
600971.SH,恒源煤电,2013-08-15,5.8125,5.8467,5.7031,5.7031,7674010,0.7674,8340033943.8,8340033943.8,28.5493,
600971.SH,恒源煤电,2013-08-16,5.6347,5.9356,5.5732,5.6416,11265190,1.1265,8250033577.5,8250033577.5,28.2412,
600971.SH,恒源煤电,2013-08-19,5.5869,5.7783,5.5321,5.7168,7047676,0.7048,8360034025.2,8360034025.2,28.6178,
600971.SH,恒源煤电,2013-08-20,5.6894,5.7441,5.5732,5.5937,4845062,0.4845,8180033292.6,8180033292.6,28.0016,
600971.SH,恒源煤电,2013-08-21,5.6621,5.7852,5.6005,5.6894,5198349,0.5198,8320033862.4,8320033862.4,28.4808,
600971.SH,恒源煤电,2013-08-22,5.6484,5.7373,5.5937,5.6074,4048110,0.4048,8200033374,8200033374,28.0701,
600971.SH,恒源煤电,2013-08-23,5.621,5.7099,5.4432,5.4911,6637977,0.6638,8030032682.1,8030032682.1,27.4881,
600971.SH,恒源煤电,2013-08-26,5.5116,5.6416,5.4911,5.6142,5467090,0.5467,8210033414.7,8210033414.7,28.1043,
600971.SH,恒源煤电,2013-08-27,5.621,5.6894,5.5937,5.6552,4552062,0.4552,8270033658.9,8270033658.9,28.3097,
600971.SH,恒源煤电,2013-08-28,5.6347,5.833,5.5937,5.7305,10673158,1.0673,8380034106.6,8380034106.6,28.6862,
600971.SH,恒源煤电,2013-08-29,5.7305,5.7305,5.5048,5.5595,8428090,0.8428,8130033089.1,8130033089.1,27.8304,
600971.SH,恒源煤电,2013-08-30,5.5595,5.5869,5.4706,5.5185,5433763,0.5434,8070032844.9,8070032844.9,27.625,
600971.SH,恒源煤电,2013-09-02,5.539,5.6005,5.4227,5.5595,4313278,0.4313,8130033089.1,8130033089.1,27.8304,
600971.SH,恒源煤电,2013-09-03,5.5937,5.6416,5.5185,5.6005,4665701,0.4666,8190033333.3,8190033333.3,28.0358,
600971.SH,恒源煤电,2013-09-04,5.5937,5.9971,5.539,5.7852,17193073,1.7193,8460034432.2,8460034432.2,28.9601,
600971.SH,恒源煤电,2013-09-05,5.6963,5.7373,5.58,5.621,9506289,0.9506,8220033455.4,8220033455.4,28.1385,
600971.SH,恒源煤电,2013-09-06,5.6074,5.6757,5.5937,5.6279,4727756,0.4728,8230033496.1,8230033496.1,28.1728,
600971.SH,恒源煤电,2013-09-09,5.6416,5.8125,5.6005,5.7441,10429166,1.0429,8400034188,8400034188,28.7547,
600971.SH,恒源煤电,2013-09-10,5.7441,5.9151,5.7236,5.8604,13991813,1.3992,8570034879.9,8570034879.9,29.3366,
600971.SH,恒源煤电,2013-09-11,5.8194,6.2228,5.8194,6.045,23676670,2.3677,8840035978.8,8840035978.8,30.2609,
600971.SH,恒源煤电,2013-09-12,6.0382,6.0382,5.8877,5.9698,9771593,0.9772,8730035531.1,8730035531.1,29.8843,
600971.SH,恒源煤电,2013-09-13,5.9288,5.9971,5.751,5.8057,8381671,0.8382,8490034554.3,8490034554.3,29.0628,
600971.SH,恒源煤电,2013-09-16,5.8057,5.8535,5.7099,5.7783,6406567,0.6407,8450034391.5,8450034391.5,28.9258,
600971.SH,恒源煤电,2013-09-17,5.751,5.7783,5.5527,5.5595,8189793,0.819,8130033089.1,8130033089.1,27.8304,
600971.SH,恒源煤电,2013-09-18,5.58,5.6005,5.4774,5.5663,5757317,0.5757,8140033129.8,8140033129.8,27.8647,
600971.SH,恒源煤电,2013-09-23,5.58,5.6552,5.58,5.621,5207414,0.5207,8220033455.4,8220033455.4,28.1385,
600971.SH,恒源煤电,2013-09-24,5.6142,5.621,5.4706,5.5253,7469169,0.7469,8080032885.6,8080032885.6,27.6593,
600971.SH,恒源煤电,2013-09-25,5.5048,5.5732,5.4843,5.5116,4044933,0.4045,8060032804.2,8060032804.2,27.5908,
600971.SH,恒源煤电,2013-09-26,5.5253,5.5595,5.327,5.3407,5969099,0.5969,7810031786.7,7810031786.7,26.735,
600971.SH,恒源煤电,2013-09-27,5.3817,5.5458,5.3544,5.4159,4911646,0.4912,7920032234.4,7920032234.4,27.1116,
600971.SH,恒源煤电,2013-09-30,5.4159,5.4843,5.3954,5.4569,2739122,0.2739,7980032478.6,7980032478.6,27.317,
600971.SH,恒源煤电,2013-10-08,5.4364,5.5048,5.3544,5.4911,3642603,0.3643,8030032682.1,8030032682.1,27.4881,
600971.SH,恒源煤电,2013-10-09,5.4706,5.4911,5.4227,5.4774,3911389,0.3911,8010032600.7,8010032600.7,27.4197,
600971.SH,恒源煤电,2013-10-10,5.4774,5.5732,5.3544,5.4774,6512647,0.6513,8010032600.7,8010032600.7,27.4197,
600971.SH,恒源煤电,2013-10-11,5.498,5.5732,5.4843,5.5595,5570711,0.5571,8130033089.1,8130033089.1,27.8304,
600971.SH,恒源煤电,2013-10-14,5.5595,5.6757,5.5185,5.6074,7129493,0.7129,8200033374,8200033374,28.0701,
600971.SH,恒源煤电,2013-10-15,5.621,5.6621,5.5185,5.5732,5322311,0.5322,8150033170.5,8150033170.5,27.8989,
600971.SH,恒源煤电,2013-10-16,5.5663,5.5663,5.368,5.3817,5332922,0.5333,7870032030.9,7870032030.9,26.9404,
600971.SH,恒源煤电,2013-10-17,5.4091,5.6894,5.4022,5.5048,9002523,0.9002,8050032763.5,8050032763.5,27.5566,
600971.SH,恒源煤电,2013-10-18,5.4501,5.4706,5.3885,5.4364,3706406,0.3706,7950032356.5,7950032356.5,27.2143,
600971.SH,恒源煤电,2013-10-21,5.4364,5.7099,5.3885,5.6552,13045714,1.3046,8270033658.9,8270033658.9,28.3097,
600971.SH,恒源煤电,2013-10-22,5.5937,5.8194,5.5595,5.7441,17843694,1.7844,8400034188,8400034188,28.7547,
600971.SH,恒源煤电,2013-10-23,5.7305,5.7852,5.621,5.6689,10355577,1.0356,8290033740.3,8290033740.3,28.3781,
600971.SH,恒源煤电,2013-10-24,5.6142,5.6279,5.4774,5.4911,5626823,0.5627,8030032682.1,8030032682.1,27.4881,
600971.SH,恒源煤电,2013-10-25,5.4774,5.5321,5.3475,5.4091,4444772,0.4445,7910032193.7,7910032193.7,27.0773,
600971.SH,恒源煤电,2013-10-28,5.4022,5.4432,5.1834,5.2518,5227227,0.5227,7680031257.6,7680031257.6,26.29,
600971.SH,恒源煤电,2013-10-29,5.2449,5.3407,5.0603,5.1424,5252739,0.5253,7520030606.4,7520030606.4,41.6052,
600971.SH,恒源煤电,2013-10-30,5.1971,5.2655,5.1355,5.2176,4202784,0.4203,7630031054.1,7630031054.1,42.2138,
600971.SH,恒源煤电,2013-10-31,5.1902,5.2313,5.1218,5.1971,3150705,0.3151,7600030932,7600030932,42.0478,
600971.SH,恒源煤电,2013-11-01,5.2176,5.2655,5.1697,5.2449,2899052,0.2899,7670031216.9,7670031216.9,42.4351,
600971.SH,恒源煤电,2013-11-04,5.2518,5.327,5.1355,5.1629,3255685,0.3256,7550030728.5,7550030728.5,41.7712,
600971.SH,恒源煤电,2013-11-05,5.1355,5.1629,5.0193,5.1355,4389007,0.4389,7510030565.7,7510030565.7,41.5499,
600971.SH,恒源煤电,2013-11-06,5.0945,5.286,5.074,5.1287,4892784,0.4893,7500030525,7500030525,41.4946,
600971.SH,恒源煤电,2013-11-07,5.1218,5.2313,5.1013,5.1766,4242129,0.4242,7570030809.9,7570030809.9,41.8819,
600971.SH,恒源煤电,2013-11-08,5.156,5.2107,5.0466,5.0671,3517251,0.3517,7410030158.7,7410030158.7,40.9966,
600971.SH,恒源煤电,2013-11-11,5.074,5.1082,5.0124,5.0535,2422194,0.2422,7390030077.3,7390030077.3,40.886,
600971.SH,恒源煤电,2013-11-12,5.0535,5.1902,5.0398,5.115,3519038,0.3519,7480030443.6,7480030443.6,41.3839,
600971.SH,恒源煤电,2013-11-13,5.074,5.1082,4.9782,4.9782,3485841,0.3486,7280029629.6,7280029629.6,40.2774,
600971.SH,恒源煤电,2013-11-14,4.9919,5.0808,4.9851,5.0193,2904532,0.2905,7340029873.8,7340029873.8,40.6094,
600971.SH,恒源煤电,2013-11-15,5.0193,5.1492,5.0124,5.1013,4979791,0.498,7460030362.2,7460030362.2,41.2733,
600971.SH,恒源煤电,2013-11-18,5.1082,5.2313,5.1082,5.2244,6504874,0.6505,7640031094.8,7640031094.8,42.2691,
600971.SH,恒源煤电,2013-11-19,5.2244,5.2381,5.156,5.1766,4410055,0.441,7570030809.9,7570030809.9,41.8819,
600971.SH,恒源煤电,2013-11-20,5.1971,5.2313,5.1492,5.1902,4012408,0.4012,7590030891.3,7590030891.3,41.9925,
600971.SH,恒源煤电,2013-11-21,5.2039,5.3612,5.1697,5.2723,10339410,1.0339,7710031379.7,7710031379.7,42.6564,
600971.SH,恒源煤电,2013-11-22,5.3065,5.3407,5.2176,5.2244,5530537,0.5531,7640031094.8,7640031094.8,42.2691,
600971.SH,恒源煤电,2013-11-25,5.2244,5.2381,5.1492,5.1697,3844472,0.3844,7560030769.2,7560030769.2,41.8265,
600971.SH,恒源煤电,2013-11-26,5.1766,5.2244,5.1492,5.1766,2434671,0.2435,7570030809.9,7570030809.9,41.8819,
600971.SH,恒源煤电,2013-11-27,5.1971,5.286,5.1697,5.2723,5064856,0.5065,7710031379.7,7710031379.7,42.6564,
600971.SH,恒源煤电,2013-11-28,5.3475,5.4364,5.3407,5.3544,9680085,0.968,7830031868.1,7830031868.1,43.3203,
600971.SH,恒源煤电,2013-11-29,5.3065,5.3475,5.2723,5.3133,4902998,0.4903,7770031623.9,7770031623.9,42.9884,
600971.SH,恒源煤电,2013-12-02,5.2244,5.3202,5.0877,5.0945,6264307,0.6264,7450030321.5,7450030321.5,41.2179,
600971.SH,恒源煤电,2013-12-03,5.0945,5.2039,5.0877,5.1902,3734225,0.3734,7590030891.3,7590030891.3,41.9925,
600971.SH,恒源煤电,2013-12-04,5.1629,5.2928,5.1424,5.2518,6248805,0.6249,7680031257.6,7680031257.6,42.4904,
600971.SH,恒源煤电,2013-12-05,5.2655,5.327,5.2586,5.2655,5470702,0.5471,7700031339,7700031339,42.6011,
600971.SH,恒源煤电,2013-12-06,5.2518,5.3133,5.2381,5.3065,4155350,0.4155,7760031583.2,7760031583.2,42.933,
600971.SH,恒源煤电,2013-12-09,5.3202,5.4159,5.2518,5.3475,8050047,0.805,7820031827.4,7820031827.4,43.265,
600971.SH,恒源煤电,2013-12-10,5.4638,5.5185,5.3065,5.3338,9299691,0.93,7800031746,7800031746,43.1544,
600971.SH,恒源煤电,2013-12-11,5.2791,5.2996,5.1902,5.2176,4467148,0.4467,7630031054.1,7630031054.1,42.2138,
600971.SH,恒源煤电,2013-12-12,5.1766,5.2586,5.156,5.1766,3786513,0.3786,7570030809.9,7570030809.9,41.8819,
600971.SH,恒源煤电,2013-12-13,5.156,5.2107,5.1424,5.1629,3141356,0.3141,7550030728.5,7550030728.5,41.7712,
600971.SH,恒源煤电,2013-12-16,5.1629,5.1971,5.0056,5.0193,5465456,0.5465,7340029873.8,7340029873.8,40.6094,
600971.SH,恒源煤电,2013-12-17,5.0261,5.0535,4.9509,5.0124,2838860,0.2839,7330029833.1,7330029833.1,40.554,
600971.SH,恒源煤电,2013-12-18,5.0124,5.033,4.9851,5.0056,2444513,0.2445,7320029792.4,7320029792.4,40.4987,
600971.SH,恒源煤电,2013-12-19,5.0261,5.0808,4.9646,4.9782,2987666,0.2988,7280029629.6,7280029629.6,40.2774,
600971.SH,恒源煤电,2013-12-20,5.033,5.033,4.8415,4.8483,3777403,0.3777,7090028856.3,7090028856.3,39.2262,
600971.SH,恒源煤电,2013-12-23,4.7868,4.8552,4.7321,4.8005,2948552,0.2949,7020028571.4,7020028571.4,38.8389,
600971.SH,恒源煤电,2013-12-24,4.7868,4.8757,4.7731,4.8141,4237092,0.4237,7040028652.8,7040028652.8,38.9496,
600971.SH,恒源煤电,2013-12-25,4.8415,4.8415,4.7116,4.7663,4148131,0.4148,6970028367.9,6970028367.9,38.5623,
600971.SH,恒源煤电,2013-12-26,4.7594,4.7663,4.5474,4.6295,7281613,0.7282,6770027553.9,6770027553.9,37.4558,
600971.SH,恒源煤电,2013-12-27,4.6158,4.7594,4.5816,4.7526,7077201,0.7077,6950028286.5,6950028286.5,38.4516,
600971.SH,恒源煤电,2013-12-30,4.7252,4.903,4.7047,4.903,6983698,0.6984,7170029181.9,7170029181.9,39.6688,
600971.SH,恒源煤电,2013-12-31,4.8346,5.0466,4.821,4.8757,4037673,0.4038,7130029019.1,7130029019.1,39.4475,
600971.SH,恒源煤电,2014-01-02,4.8278,4.8552,4.6568,4.7116,5991977,0.5992,6890028042.3,6890028042.3,38.1197,
600971.SH,恒源煤电,2014-01-03,4.6705,4.691,4.6158,4.65,2790273,0.279,6800027676,6800027676,37.6217,
600971.SH,恒源煤电,2014-01-06,4.6432,4.6432,4.438,4.4517,3902653,0.3903,6510026495.7,6510026495.7,36.0173,
600971.SH,恒源煤电,2014-01-07,4.4312,4.4722,4.4038,4.4585,2300896,0.2301,6520026536.4,6520026536.4,36.0726,
600971.SH,恒源煤电,2014-01-08,4.4654,4.4859,4.3491,4.356,3313917,0.3314,6370025925.9,6370025925.9,35.2427,
600971.SH,恒源煤电,2014-01-09,4.3423,4.4175,4.3286,4.3628,2669685,0.267,6380025966.6,6380025966.6,35.298,
600971.SH,恒源煤电,2014-01-10,4.3491,4.3833,4.2602,4.2944,2927882,0.2928,6280025559.6,6280025559.6,34.7448,
600971.SH,恒源煤电,2014-01-13,4.2671,4.3765,4.2671,4.2876,2454295,0.2454,6270025518.9,6270025518.9,34.6895,
600971.SH,恒源煤电,2014-01-14,4.2944,4.356,4.2397,4.3423,2536331,0.2536,6350025844.5,6350025844.5,35.1321,
600971.SH,恒源煤电,2014-01-15,4.3423,4.3491,4.226,4.2944,2177519,0.2178,6280025559.6,6280025559.6,34.7448,
600971.SH,恒源煤电,2014-01-16,4.3013,4.397,4.2602,4.3149,3356462,0.3356,6310025681.7,6310025681.7,34.9108,
600971.SH,恒源煤电,2014-01-17,4.3149,4.3149,4.1645,4.185,3669570,0.367,6120024908.4,6120024908.4,33.8596,
600971.SH,恒源煤电,2014-01-20,4.185,4.1987,4.103,4.1371,2577381,0.2577,6050024623.5,6050024623.5,33.4723,
600971.SH,恒源煤电,2014-01-21,4.1371,4.2124,4.1371,4.1713,1933339,0.1933,6100024827,6100024827,33.7489,
600971.SH,恒源煤电,2014-01-22,4.1713,4.2876,4.1371,4.2807,3776889,0.3777,6260025478.2,6260025478.2,34.6341,
600971.SH,恒源煤电,2014-01-23,4.2807,4.3081,4.2192,4.226,2827187,0.2827,6180025152.6,6180025152.6,34.1915,
600971.SH,恒源煤电,2014-01-24,4.2124,4.3423,4.1987,4.3149,3539656,0.354,6310025681.7,6310025681.7,34.9108,
600971.SH,恒源煤电,2014-01-27,4.2807,4.3628,4.2466,4.3081,3435589,0.3436,6300025641,6300025641,34.8554,
600971.SH,恒源煤电,2014-01-28,4.3286,4.3491,4.226,4.2739,2609762,0.261,6250025437.5,6250025437.5,34.5788,
600971.SH,恒源煤电,2014-01-29,4.2602,4.2671,4.1918,4.226,2383332,0.2383,6180025152.6,6180025152.6,34.1915,
600971.SH,恒源煤电,2014-01-30,4.2192,4.226,4.103,4.1577,2426372,0.2426,6080024745.6,6080024745.6,33.6383,
600971.SH,恒源煤电,2014-02-07,4.1303,4.1918,4.1098,4.185,1730396,0.173,6120024908.4,6120024908.4,33.8596,
600971.SH,恒源煤电,2014-02-10,4.226,4.2944,4.1918,4.2671,3989481,0.3989,6240025396.8,6240025396.8,34.5235,
600971.SH,恒源煤电,2014-02-11,4.2602,4.438,4.2397,4.3765,8148818,0.8149,6400026048,6400026048,35.4087,
600971.SH,恒源煤电,2014-02-12,4.3491,4.3491,4.2944,4.3218,4480690,0.4481,6320025722.4,6320025722.4,34.9661,
600971.SH,恒源煤电,2014-02-13,4.3013,4.3833,4.2739,4.3286,5940409,0.594,6330025763.1,6330025763.1,35.0214,
600971.SH,恒源煤电,2014-02-14,4.3355,4.3696,4.2739,4.3355,4807186,0.4807,6340025803.8,6340025803.8,35.0767,
600971.SH,恒源煤电,2014-02-17,4.3491,4.4038,4.3149,4.3765,7296270,0.7296,6400026048,6400026048,35.4087,
600971.SH,恒源煤电,2014-02-18,4.3696,4.3696,4.2739,4.3013,5044313,0.5044,6290025600.3,6290025600.3,34.8001,
600971.SH,恒源煤电,2014-02-19,4.2944,4.356,4.2602,4.3286,4661667,0.4662,6330025763.1,6330025763.1,35.0214,
600971.SH,恒源煤电,2014-02-20,4.3423,4.4038,4.3149,4.3149,8207462,0.8207,6310025681.7,6310025681.7,34.9108,
600971.SH,恒源煤电,2014-02-21,4.3149,4.3149,4.1987,4.2124,5269117,0.5269,6160025071.2,6160025071.2,34.0809,
600971.SH,恒源煤电,2014-02-24,4.1713,4.185,4.0346,4.0346,6985707,0.6986,5900024013,5900024013,32.6424,
600971.SH,恒源煤电,2014-02-25,4.0551,4.0824,3.891,3.9252,5912431,0.5912,5740023361.8,5740023361.8,31.7572,
600971.SH,恒源煤电,2014-02-26,3.8978,3.932,3.8363,3.9183,4572174,0.4572,5730023321.1,5730023321.1,31.7019,
600971.SH,恒源煤电,2014-02-27,3.9115,3.9115,3.8226,3.8294,5145204,0.5145,5600022792,5600022792,30.9826,
600971.SH,恒源煤电,2014-02-28,3.8157,3.8431,3.761,3.8294,4120890,0.4121,5600022792,5600022792,30.9826,
600971.SH,恒源煤电,2014-03-03,3.8089,3.8704,3.7952,3.8431,4155111,0.4155,5620022873.4,5620022873.4,31.0933,
600971.SH,恒源煤电,2014-03-04,3.8294,3.8431,3.761,3.8089,5153289,0.5153,5570022669.9,5570022669.9,30.8166,
600971.SH,恒源煤电,2014-03-05,3.8157,3.973,3.7952,3.8568,7757655,0.7758,5640022954.8,5640022954.8,31.2039,
600971.SH,恒源煤电,2014-03-06,3.8294,3.8431,3.7679,3.8157,3734511,0.3734,5580022710.6,5580022710.6,30.872,
600971.SH,恒源煤电,2014-03-07,3.8089,3.8431,3.7679,3.7884,4591606,0.4592,5540022547.8,5540022547.8,30.6507,
600971.SH,恒源煤电,2014-03-10,3.7337,3.7405,3.5285,3.5491,6701957,0.6702,5190021123.3,5190021123.3,28.7142,
600971.SH,恒源煤电,2014-03-11,3.5285,3.6585,3.5012,3.5901,4207842,0.4208,5250021367.5,5250021367.5,29.0462,
600971.SH,恒源煤电,2014-03-12,3.5559,3.679,3.5217,3.6106,4563702,0.4564,5280021489.6,5280021489.6,29.2122,
600971.SH,恒源煤电,2014-03-13,3.5901,3.7268,3.5832,3.6585,4976867,0.4977,5350021774.5,5350021774.5,29.5995,
600971.SH,恒源煤电,2014-03-14,3.5901,3.6038,3.5491,3.5696,3874703,0.3875,5220021245.4,5220021245.4,28.8802,
600971.SH,恒源煤电,2014-03-17,3.5901,3.6927,3.5491,3.6721,5424715,0.5425,5370021855.9,5370021855.9,29.7101,
600971.SH,恒源煤电,2014-03-18,3.6516,3.679,3.6174,3.6448,3358556,0.3359,5330021693.1,5330021693.1,29.4888,
600971.SH,恒源煤电,2014-03-19,3.6379,3.6585,3.5764,3.6379,3802377,0.3802,5320021652.4,5320021652.4,29.4335,
600971.SH,恒源煤电,2014-03-20,3.6243,3.6653,3.5354,3.5491,4318646,0.4319,5190021123.3,5190021123.3,28.7142,
600971.SH,恒源煤电,2014-03-21,3.5422,3.9046,3.5149,3.9046,23548425,2.3548,5710023239.7,5710023239.7,31.5912,
600971.SH,恒源煤电,2014-03-24,3.8568,3.9183,3.7679,3.8773,18961327,1.8961,5670023076.9,5670023076.9,31.3699,
600971.SH,恒源煤电,2014-03-25,3.8431,3.9046,3.7884,3.8841,11703760,1.1704,5680023117.6,5680023117.6,31.4252,
600971.SH,恒源煤电,2014-03-26,3.8773,3.891,3.7952,3.8157,7078479,0.7078,5580022710.6,5580022710.6,30.872,
600971.SH,恒源煤电,2014-03-27,3.8021,3.8499,3.7679,3.7747,6678047,0.6678,5520022466.4,5520022466.4,30.54,
600971.SH,恒源煤电,2014-03-28,3.7474,3.8363,3.7405,3.7747,5956337,0.5956,5520022466.4,5520022466.4,30.54,
600971.SH,恒源煤电,2014-03-31,3.8157,3.8294,3.6721,3.6995,4487148,0.4487,5410022018.7,5410022018.7,29.9314,
600971.SH,恒源煤电,2014-04-01,3.6927,3.7405,3.6721,3.72,3791987,0.3792,5440022140.8,5440022140.8,30.0974,
600971.SH,恒源煤电,2014-04-02,3.7542,3.8499,3.7337,3.8294,9005724,0.9006,5600022792,5600022792,30.9826,
600971.SH,恒源煤电,2014-04-03,3.8431,3.8568,3.7405,3.7474,4866793,0.4867,5480022303.6,5480022303.6,30.3187,
600971.SH,恒源煤电,2014-04-04,3.7474,3.8157,3.7337,3.8089,3161312,0.3161,5570022669.9,5570022669.9,30.8166,
600971.SH,恒源煤电,2014-04-08,3.8089,3.9662,3.7816,3.9046,11021852,1.1022,5710023239.7,5710023239.7,31.5912,
600971.SH,恒源煤电,2014-04-09,3.9115,3.9252,3.8636,3.891,4324280,0.4324,5690023158.3,5690023158.3,31.4805,
600971.SH,恒源煤电,2014-04-10,3.891,3.9388,3.8226,3.9183,13176400,1.3176,5730023321.1,5730023321.1,31.7019,
600971.SH,恒源煤电,2014-04-11,3.8841,3.8978,3.8157,3.8568,6115376,0.6115,5640022954.8,5640022954.8,31.2039,
600971.SH,恒源煤电,2014-04-14,3.8568,3.9046,3.8363,3.8841,3680150,0.368,5680023117.6,5680023117.6,31.4252,
600971.SH,恒源煤电,2014-04-15,3.8636,3.9115,3.7884,3.7952,4604158,0.4604,5550022588.5,5550022588.5,17.9434,
600971.SH,恒源煤电,2014-04-16,3.7884,3.8431,3.7816,3.8089,3431264,0.3431,5570022669.9,5570022669.9,18.0081,
600971.SH,恒源煤电,2014-04-17,3.8294,3.8363,3.7884,3.7884,2543793,0.2544,5540022547.8,5540022547.8,17.9111,
600971.SH,恒源煤电,2014-04-18,3.7679,3.8704,3.761,3.8089,5140029,0.514,5570022669.9,5570022669.9,18.0081,
600971.SH,恒源煤电,2014-04-21,3.761,3.8294,3.6721,3.679,5556211,0.5556,5380021896.6,5380021896.6,17.3938,
600971.SH,恒源煤电,2014-04-22,3.679,3.72,3.6379,3.6927,3147983,0.3148,5400021978,5400021978,17.4585,
600971.SH,恒源煤电,2014-04-23,3.6721,3.7337,3.6585,3.6995,2907674,0.2908,5410022018.7,5410022018.7,17.4908,
600971.SH,恒源煤电,2014-04-24,3.6858,3.761,3.6585,3.7063,3914693,0.3915,5420022059.4,5420022059.4,17.5231,
600971.SH,恒源煤电,2014-04-25,3.7268,3.7337,3.5901,3.5969,4223268,0.4223,5260021408.2,5260021408.2,17.0058,
600971.SH,恒源煤电,2014-04-28,3.5901,3.6038,3.4396,3.4738,7165905,0.7166,5080020675.6,5080020675.6,16.4239,
600971.SH,恒源煤电,2014-04-29,3.4738,3.5832,3.4738,3.5559,4509166,0.4509,5200021164,5200021164,18.4403,
600971.SH,恒源煤电,2014-04-30,3.5559,3.5696,3.508,3.5285,3108362,0.3108,5160021001.2,5160021001.2,18.2985,
600971.SH,恒源煤电,2014-05-05,3.5354,3.5696,3.4602,3.5559,3394038,0.3394,5200021164,5200021164,18.4403,
600971.SH,恒源煤电,2014-05-06,3.5627,3.5969,3.5217,3.5491,3602840,0.3603,5190021123.3,5190021123.3,18.4049,
600971.SH,恒源煤电,2014-05-07,3.5285,3.6311,3.5217,3.5627,5767474,0.5767,5210021204.7,5210021204.7,18.4758,
600971.SH,恒源煤电,2014-05-08,3.5696,3.891,3.5422,3.7474,14947934,1.4948,5480022303.6,5480022303.6,19.4333,
600971.SH,恒源煤电,2014-05-09,3.7268,3.8294,3.6653,3.7679,10045896,1.0046,5510022425.7,5510022425.7,19.5397,
600971.SH,恒源煤电,2014-05-12,3.7952,4.144,3.761,4.144,17734358,1.7734,6060024664.2,6060024664.2,21.4901,
600971.SH,恒源煤电,2014-05-13,4.5611,4.5611,4.2055,4.2944,62266076,6.2266,6280025559.6,6280025559.6,22.2703,
600971.SH,恒源煤电,2014-05-14,4.185,4.2739,4.0961,4.1371,35811560,3.5811,6050024623.5,6050024623.5,21.4546,
600971.SH,恒源煤电,2014-05-15,4.1303,4.1577,3.9115,3.9183,21721210,2.1721,5730023321.1,5730023321.1,20.3198,
600971.SH,恒源煤电,2014-05-16,3.9388,4.0209,3.8431,3.9457,18660190,1.866,5770023483.9,5770023483.9,20.4617,
600971.SH,恒源煤电,2014-05-19,3.9115,3.9457,3.7952,3.891,11085245,1.1085,5690023158.3,5690023158.3,20.178,
600971.SH,恒源煤电,2014-05-20,3.9115,3.9388,3.8089,3.8294,9429433,0.9429,5600022792,5600022792,19.8588,
600971.SH,恒源煤电,2014-05-21,3.8089,4.0346,3.8089,3.9799,23055907,2.3056,5820023687.4,5820023687.4,20.639,
600971.SH,恒源煤电,2014-05-22,3.9183,3.9662,3.8431,3.8636,14207162,1.4207,5650022995.5,5650022995.5,20.0361,
600971.SH,恒源煤电,2014-05-23,3.891,3.9115,3.8157,3.8704,7670981,0.7671,5660023036.2,5660023036.2,20.0716,
600971.SH,恒源煤电,2014-05-26,3.891,3.9252,3.8499,3.8841,7107785,0.7108,5680023117.6,5680023117.6,20.1425,
600971.SH,恒源煤电,2014-05-27,3.8773,3.8841,3.8021,3.8157,6953407,0.6953,5580022710.6,5580022710.6,19.7879,
600971.SH,恒源煤电,2014-05-28,3.8157,3.891,3.7952,3.8568,8845819,0.8846,5640022954.8,5640022954.8,20.0007,
600971.SH,恒源煤电,2014-05-29,3.8568,3.8704,3.7132,3.7132,12988630,1.2989,5430022100.1,5430022100.1,19.256,
600971.SH,恒源煤电,2014-05-30,3.6995,3.7679,3.6858,3.7132,8181850,0.8182,5430022100.1,5430022100.1,19.256,
600971.SH,恒源煤电,2014-06-03,3.7268,3.8157,3.7132,3.72,7993961,0.7994,5440022140.8,5440022140.8,19.2914,
600971.SH,恒源煤电,2014-06-04,3.6995,3.761,3.6448,3.679,6481421,0.6481,5380021896.6,5380021896.6,19.0787,
600971.SH,恒源煤电,2014-06-05,3.7063,3.7063,3.6311,3.6927,6976550,0.6977,5400021978,5400021978,19.1496,
600971.SH,恒源煤电,2014-06-06,3.679,3.6927,3.6311,3.6653,4455202,0.4455,5360021815.2,5360021815.2,19.0077,
600971.SH,恒源煤电,2014-06-09,3.6721,3.6858,3.6311,3.6379,3906307,0.3906,5320021652.4,5320021652.4,18.8659,
600971.SH,恒源煤电,2014-06-10,3.6379,3.7063,3.6311,3.6995,6767931,0.6768,5410022018.7,5410022018.7,19.185,
600971.SH,恒源煤电,2014-06-11,3.6927,3.6995,3.6448,3.6858,5264794,0.5265,5390021937.3,5390021937.3,19.1141,
600971.SH,恒源煤电,2014-06-12,3.679,3.72,3.6448,3.6585,5671474,0.5671,5350021774.5,5350021774.5,18.9723,
600971.SH,恒源煤电,2014-06-13,3.6516,3.72,3.6448,3.6721,11162264,1.1162,5370021855.9,5370021855.9,19.0432,
600971.SH,恒源煤电,2014-06-16,3.6858,3.7063,3.6585,3.6927,7064615,0.7065,5400021978,5400021978,19.1496,
600971.SH,恒源煤电,2014-06-17,3.6653,3.6927,3.6243,3.6243,6459114,0.6459,5300021571,5300021571,18.795,
600971.SH,恒源煤电,2014-06-18,3.6243,3.7132,3.5969,3.6721,8920642,0.8921,5370021855.9,5370021855.9,19.0432,
600971.SH,恒源煤电,2014-06-19,3.6379,3.6516,3.5012,3.5217,6993984,0.6994,5150020960.5,5150020960.5,18.263,
600971.SH,恒源煤电,2014-06-20,3.5149,3.6038,3.5149,3.5559,4406225,0.4406,5200021164,5200021164,18.4403,
600971.SH,恒源煤电,2014-06-23,3.5832,3.6379,3.5354,3.6106,5746982,0.5747,5280021489.6,5280021489.6,18.724,
600971.SH,恒源煤电,2014-06-24,3.5969,3.6653,3.5696,3.6379,5503044,0.5503,5320021652.4,5320021652.4,18.8659,
600971.SH,恒源煤电,2014-06-25,3.6379,3.7405,3.5559,3.6243,8621867,0.8622,5300021571,5300021571,18.795,
600971.SH,恒源煤电,2014-06-26,3.6174,3.6585,3.5901,3.6243,6493928,0.6494,5300021571,5300021571,18.795,
600971.SH,恒源煤电,2014-06-27,3.6243,3.6516,3.6038,3.6106,4947775,0.4948,5280021489.6,5280021489.6,18.724,
600971.SH,恒源煤电,2014-06-30,3.6174,3.6995,3.6106,3.6516,7409712,0.741,5340021733.8,5340021733.8,18.9368,
600971.SH,恒源煤电,2014-07-01,3.6516,3.7132,3.6379,3.679,6973356,0.6973,5380021896.6,5380021896.6,19.0787,
600971.SH,恒源煤电,2014-07-02,3.679,3.8089,3.6585,3.7542,11653282,1.1653,5490022344.3,5490022344.3,19.4687,
600971.SH,恒源煤电,2014-07-03,3.761,3.7747,3.7063,3.7542,7258958,0.7259,5490022344.3,5490022344.3,19.4687,
600971.SH,恒源煤电,2014-07-04,3.7681,3.8865,3.7194,3.8796,15485727,1.5486,5570022669.9,5570022669.9,19.7524,
600971.SH,恒源煤电,2014-07-07,3.8378,3.984,3.8378,3.8796,20936442,2.0936,5570022669.9,5570022669.9,19.7524,
600971.SH,恒源煤电,2014-07-08,4.2348,4.2348,3.9005,3.9701,25032335,2.5032,5700023199,5700023199,20.2134,
600971.SH,恒源煤电,2014-07-09,4.0049,4.0746,3.9074,3.9771,22428338,2.2428,5710023239.7,5710023239.7,20.2489,
600971.SH,恒源煤电,2014-07-10,3.9423,4.0398,3.8935,3.9492,20667288,2.0667,5670023076.9,5670023076.9,20.1071,
600971.SH,恒源煤电,2014-07-11,3.9283,3.998,3.8865,3.9632,15428153,1.5428,5690023158.3,5690023158.3,20.178,
600971.SH,恒源煤电,2014-07-14,3.9283,3.984,3.9144,3.984,12636264,1.2636,5720023280.4,5720023280.4,20.2844,
600971.SH,恒源煤电,2014-07-15,3.998,4.0955,3.9701,4.0189,17145487,1.7145,5770023483.9,5770023483.9,20.4617,
600971.SH,恒源煤电,2014-07-16,4.0119,4.0258,3.9283,3.9353,8026590,0.8027,5650022995.5,5650022995.5,20.0361,
600971.SH,恒源煤电,2014-07-17,3.9353,3.9492,3.8517,3.8656,6751981,0.6752,5550022588.5,5550022588.5,19.6815,
600971.SH,恒源煤电,2014-07-18,3.8587,3.9214,3.8447,3.8726,6065204,0.6065,5560022629.2,5560022629.2,19.717,
600971.SH,恒源煤电,2014-07-21,3.8656,3.8935,3.8378,3.8378,4551082,0.4551,5510022425.7,5510022425.7,19.5397,
600971.SH,恒源煤电,2014-07-22,3.8308,3.9562,3.8308,3.9214,10833556,1.0834,5630022914.1,5630022914.1,19.9652,
600971.SH,恒源煤电,2014-07-23,3.9144,4.0398,3.9005,3.9423,11522146,1.1522,5660023036.2,5660023036.2,20.0716,
600971.SH,恒源煤电,2014-07-24,3.9562,4.1303,3.9423,4.0885,19454720,1.9455,5870023890.9,5870023890.9,20.8163,
600971.SH,恒源煤电,2014-07-25,4.0746,4.2069,4.0258,4.1373,17875421,1.7875,5940024175.8,5940024175.8,21.0645,
600971.SH,恒源煤电,2014-07-28,4.1512,4.4298,4.1303,4.2627,22886831,2.2887,6120024908.4,6120024908.4,21.7029,
600971.SH,恒源煤电,2014-07-29,4.2627,4.2975,4.186,4.2348,14421893,1.4422,6080024745.6,6080024745.6,21.561,
600971.SH,恒源煤电,2014-07-30,4.2418,4.4368,4.2209,4.2905,19670726,1.9671,6160025071.2,6160025071.2,21.8447,
600971.SH,恒源煤电,2014-07-31,4.2835,4.4089,4.2487,4.3741,15147943,1.5148,6280025559.6,6280025559.6,22.2703,
600971.SH,恒源煤电,2014-08-01,4.3184,4.5273,4.2905,4.3671,24647220,2.4647,6270025518.9,6270025518.9,22.2348,
600971.SH,恒源煤电,2014-08-04,4.3462,4.4855,4.3044,4.4646,20918620,2.0919,6410026088.7,6410026088.7,22.7313,
600971.SH,恒源煤电,2014-08-05,4.4716,4.7363,4.4507,4.5064,33141378,3.3141,6470026332.9,6470026332.9,22.944,
600971.SH,恒源煤电,2014-08-06,4.4925,4.5482,4.395,4.5064,15126280,1.5126,6470026332.9,6470026332.9,22.944,
600971.SH,恒源煤电,2014-08-07,4.5134,4.5552,4.3532,4.3602,13146399,1.3146,6260025478.2,6260025478.2,22.1993,
600971.SH,恒源煤电,2014-08-08,4.3602,4.395,4.3044,4.3532,9326819,0.9327,6250025437.5,6250025437.5,22.1639,
600971.SH,恒源煤电,2014-08-11,4.3602,4.4229,4.3323,4.395,9905581,0.9906,6310025681.7,6310025681.7,24.2288,
600971.SH,恒源煤电,2014-08-12,4.3741,4.402,4.3184,4.3462,8163679,0.8164,6240025396.8,6240025396.8,23.96,
600971.SH,恒源煤电,2014-08-13,4.3462,4.4646,4.2696,4.4437,22422622,2.2423,6380025966.6,6380025966.6,24.4976,
600971.SH,恒源煤电,2014-08-14,4.4159,4.4159,4.2975,4.3114,10789362,1.0789,6190025193.3,6190025193.3,23.768,
600971.SH,恒源煤电,2014-08-15,4.3044,4.4298,4.3044,4.3811,10922300,1.0922,6290025600.3,6290025600.3,24.152,
600971.SH,恒源煤电,2014-08-18,4.3532,4.4855,4.3532,4.4368,8532167,0.8532,6370025925.9,6370025925.9,24.4592,
600971.SH,恒源煤电,2014-08-19,4.4368,4.6109,4.4229,4.4925,15368246,1.5368,6450026251.5,6450026251.5,24.7663,
600971.SH,恒源煤电,2014-08-20,4.4925,4.4995,4.4229,4.4437,9575140,0.9575,6380025966.6,6380025966.6,24.4976,
600971.SH,恒源煤电,2014-08-21,4.4298,4.4786,4.3323,4.3741,9837796,0.9838,6280025559.6,6280025559.6,24.1136,
600971.SH,恒源煤电,2014-08-22,4.3741,4.395,4.3044,4.3741,9660107,0.966,6280025559.6,6280025559.6,24.1136,
600971.SH,恒源煤电,2014-08-25,4.3741,4.3741,4.2627,4.2905,8000208,0.8,6160025071.2,6160025071.2,23.6528,
600971.SH,恒源煤电,2014-08-26,4.2905,4.3323,4.1512,4.1582,8673401,0.8673,5970024297.9,5970024297.9,22.9233,
600971.SH,恒源煤电,2014-08-27,4.1512,4.2069,4.1442,4.1582,5763720,0.5764,5970024297.9,5970024297.9,22.9233,
600971.SH,恒源煤电,2014-08-28,4.1651,4.2487,4.1512,4.1651,6560664,0.6561,5980024338.6,5980024338.6,22.9617,
600971.SH,恒源煤电,2014-08-29,4.1721,4.2139,4.0885,4.2069,4828697,0.4829,6040024582.8,6040024582.8,23.1921,
600971.SH,恒源煤电,2014-09-01,4.2278,4.2627,4.1791,4.2487,5119119,0.5119,6100024827,6100024827,23.4224,
600971.SH,恒源煤电,2014-09-02,4.2487,4.3253,4.2418,4.3184,8271916,0.8272,6200025234,6200025234,23.8064,
600971.SH,恒源煤电,2014-09-03,4.3393,4.4229,4.3253,4.3462,11316149,1.1316,6240025396.8,6240025396.8,23.96,
600971.SH,恒源煤电,2014-09-04,4.3462,4.4089,4.3393,4.395,8989511,0.8989,6310025681.7,6310025681.7,24.2288,
600971.SH,恒源煤电,2014-09-05,4.4089,4.4298,4.3532,4.402,13032805,1.3033,6320025722.4,6320025722.4,24.2672,
600971.SH,恒源煤电,2014-09-09,4.402,4.4786,4.3393,4.402,13394595,1.3395,6320025722.4,6320025722.4,24.2672,
600971.SH,恒源煤电,2014-09-10,4.3741,4.3811,4.3184,4.3602,9303395,0.9303,6260025478.2,6260025478.2,24.0368,
600971.SH,恒源煤电,2014-09-11,4.3602,4.4368,4.3253,4.3532,10801232,1.0801,6250025437.5,6250025437.5,23.9984,
600971.SH,恒源煤电,2014-09-12,4.3393,4.4089,4.3323,4.4089,7357356,0.7357,6330025763.1,6330025763.1,24.3056,
600971.SH,恒源煤电,2014-09-15,4.4089,4.5204,4.402,4.4925,16558056,1.6558,6450026251.5,6450026251.5,24.7663,
600971.SH,恒源煤电,2014-09-16,4.5204,4.5413,4.3532,4.3532,15230371,1.523,6250025437.5,6250025437.5,23.9984,
600971.SH,恒源煤电,2014-09-17,4.3393,4.388,4.2766,4.3393,10851107,1.0851,6230025356.1,6230025356.1,23.9216,
600971.SH,恒源煤电,2014-09-18,4.3393,4.4925,4.3253,4.4368,15078462,1.5078,6370025925.9,6370025925.9,24.4592,
600971.SH,恒源煤电,2014-09-19,4.4229,4.5761,4.4089,4.5622,22235068,2.2235,6550026658.5,6550026658.5,25.1503,
600971.SH,恒源煤电,2014-09-22,4.5622,5.0149,4.4716,4.7084,38231574,3.8231,6760027513.2,6760027513.2,25.9567,
600971.SH,恒源煤电,2014-09-23,4.6527,4.7641,4.597,4.7154,20621591,2.0622,6770027553.9,6770027553.9,25.9951,
600971.SH,恒源煤电,2014-09-24,4.6736,4.9383,4.6179,4.8756,33363439,3.3363,7000028490,7000028490,26.8782,
600971.SH,恒源煤电,2014-09-25,4.8408,4.9104,4.7293,4.7781,24817723,2.4818,6860027920.2,6860027920.2,26.3406,
600971.SH,恒源煤电,2014-09-26,4.7432,4.8059,4.7084,4.7363,12285634,1.2286,6800027676,6800027676,26.1103,
600971.SH,恒源煤电,2014-09-29,4.7363,4.8408,4.7015,4.7781,18248527,1.8248,6860027920.2,6860027920.2,26.3406,
600971.SH,恒源煤电,2014-09-30,4.9034,4.9731,4.7781,4.792,27012590,2.7012,6880028001.6,6880028001.6,26.4174,
600971.SH,恒源煤电,2014-10-08,4.7711,4.8338,4.6806,4.8129,16666743,1.6667,6910028123.7,6910028123.7,26.5326,
600971.SH,恒源煤电,2014-10-09,4.8059,4.9383,4.7224,4.9313,22444633,2.2445,7080028815.6,7080028815.6,27.1854,
600971.SH,恒源煤电,2014-10-10,4.987,5.1403,4.8895,4.9731,24035464,2.4035,7140029059.8,7140029059.8,27.4158,
600971.SH,恒源煤电,2014-10-13,4.9661,5.398,4.9313,5.2656,40172244,4.0172,7560030769.2,7560030769.2,29.0285,
600971.SH,恒源煤电,2014-10-14,5.2238,5.398,5.0985,5.196,29647215,2.9647,7460030362.2,7460030362.2,28.6445,
600971.SH,恒源煤电,2014-10-15,5.1612,5.196,5.0358,5.0915,15244564,1.5245,7310029751.7,7310029751.7,28.0685,
600971.SH,恒源煤电,2014-10-16,5.0567,5.1124,4.8547,4.8756,17050564,1.705,7000028490,7000028490,26.8782,
600971.SH,恒源煤电,2014-10-17,4.8408,4.8756,4.7084,4.7711,13122565,1.3123,6850027879.5,6850027879.5,26.3022,
600971.SH,恒源煤电,2014-10-20,4.7781,4.8268,4.7432,4.8059,6548299,0.6548,6900028083,6900028083,26.4942,
600971.SH,恒源煤电,2014-10-21,4.8129,4.8338,4.6527,4.6597,10207562,1.0208,6690027228.3,6690027228.3,25.6879,
600971.SH,恒源煤电,2014-10-22,4.6388,4.7502,4.6039,4.6248,8682588,0.8683,6640027024.8,6640027024.8,25.4959,
600971.SH,恒源煤电,2014-10-23,4.6039,4.6597,4.5204,4.5622,8615753,0.8616,6550026658.5,6550026658.5,25.1503,
600971.SH,恒源煤电,2014-10-24,4.5761,4.6248,4.5482,4.59,6163316,0.6163,6590026821.3,6590026821.3,25.3039,
600971.SH,恒源煤电,2014-10-27,4.59,4.6109,4.5134,4.5482,6300918,0.6301,6530026577.1,6530026577.1,25.0735,
600971.SH,恒源煤电,2014-10-28,4.5552,4.6806,4.5552,4.6736,8568158,0.8568,6710027309.7,6710027309.7,25.7647,
600971.SH,恒源煤电,2014-10-29,4.6875,4.792,4.6318,4.7432,12242322,1.2242,6810027716.7,6810027716.7,26.1487,
600971.SH,恒源煤电,2014-10-30,4.7432,4.8059,4.6875,4.7641,15942036,1.5942,6840027838.8,6840027838.8,37.9052,
600971.SH,恒源煤电,2014-10-31,4.7572,4.9592,4.7293,4.8895,24780532,2.478,7020028571.4,7020028571.4,38.9028,
600971.SH,恒源煤电,2014-11-03,4.9034,5.0149,4.8686,4.9104,20427478,2.0427,7050028693.5,7050028693.5,39.069,
600971.SH,恒源煤电,2014-11-04,4.8825,5.0288,4.8756,4.9801,25186228,2.5186,7150029100.5,7150029100.5,39.6232,
600971.SH,恒源煤电,2014-11-05,4.987,4.987,4.8338,4.8477,16889683,1.689,6960028327.2,6960028327.2,38.5702,
600971.SH,恒源煤电,2014-11-06,4.8477,4.9104,4.8129,4.8895,10195652,1.0196,7020028571.4,7020028571.4,38.9028,
600971.SH,恒源煤电,2014-11-07,4.8965,4.9801,4.7502,4.792,13246198,1.3246,6880028001.6,6880028001.6,38.1269,
600971.SH,恒源煤电,2014-11-10,4.799,4.8895,4.792,4.8686,10360214,1.036,6990028449.3,6990028449.3,38.7365,
600971.SH,恒源煤电,2014-11-11,4.8965,5.0358,4.799,4.9522,35146138,3.5146,7110028937.7,7110028937.7,39.4015,
600971.SH,恒源煤电,2014-11-12,4.9522,5.1681,4.9174,5.1612,37320748,3.7321,7410030158.7,7410030158.7,41.064,
600971.SH,恒源煤电,2014-11-13,5.1751,5.182,5.0358,5.0845,18636856,1.8637,7300029711,7300029711,40.4544,
600971.SH,恒源煤电,2014-11-14,5.0636,5.1472,5.001,5.0636,11674102,1.1674,7270029588.9,7270029588.9,40.2882,
600971.SH,恒源煤电,2014-11-17,5.1054,5.1124,4.9661,4.987,8236586,0.8237,7160029141.2,7160029141.2,39.6786,
600971.SH,恒源煤电,2014-11-18,4.9522,4.994,4.8547,4.8895,9887515,0.9887,7020028571.4,7020028571.4,38.9028,
600971.SH,恒源煤电,2014-11-19,4.9034,4.9243,4.8686,4.9104,5591199,0.5591,7050028693.5,7050028693.5,39.069,
600971.SH,恒源煤电,2014-11-20,4.8895,4.9592,4.8756,4.8825,7104629,0.7105,7010028530.7,7010028530.7,38.8473,
600971.SH,恒源煤电,2014-11-21,4.8825,4.9174,4.8129,4.9104,8212921,0.8213,7050028693.5,7050028693.5,39.069,
600971.SH,恒源煤电,2014-11-24,4.9243,5.1403,4.9243,5.0567,19528582,1.9529,7260029548.2,7260029548.2,40.2328,
600971.SH,恒源煤电,2014-11-25,5.0706,5.2029,5.0358,5.1751,21887755,2.1888,7430030240.1,7430030240.1,41.1748,
600971.SH,恒源煤电,2014-11-26,5.1612,5.2169,5.0776,5.1542,17222302,1.7222,7400030118,7400030118,41.0086,
600971.SH,恒源煤电,2014-11-27,5.182,5.3422,5.1194,5.182,23517792,2.3518,7440030280.8,7440030280.8,41.2303,
600971.SH,恒源煤电,2014-11-28,5.182,5.196,4.994,5.1263,20927125,2.0927,7360029955.2,7360029955.2,40.7869,
600971.SH,恒源煤电,2014-12-01,5.0776,5.398,5.0567,5.196,36006461,3.6006,7460030362.2,7460030362.2,41.3411,
600971.SH,恒源煤电,2014-12-02,5.2308,5.3144,5.1263,5.2587,21363229,2.1363,7550030728.5,7550030728.5,41.8399,
600971.SH,恒源煤电,2014-12-03,5.2587,5.5651,5.2447,5.4607,38058434,3.8058,7840031908.8,7840031908.8,43.4469,
600971.SH,恒源煤电,2014-12-04,5.5373,6.0039,5.5373,6.0039,56601214,5.6601,8620035083.4,8620035083.4,47.7695,
600971.SH,恒源煤电,2014-12-05,6.0597,6.1223,5.5721,5.7741,72806423,7.2806,8290033740.3,8290033740.3,45.9407,
600971.SH,恒源煤电,2014-12-08,5.5791,5.9482,5.5094,5.8019,42177716,4.2178,8330033903.1,8330033903.1,46.1624,
600971.SH,恒源煤电,2014-12-09,5.6835,6.0597,5.4328,5.4676,47823706,4.7824,7850031949.5,7850031949.5,43.5024,
600971.SH,恒源煤电,2014-12-10,5.4398,5.6209,5.3074,5.593,21469998,2.147,8030032682.1,8030032682.1,44.4999,
600971.SH,恒源煤电,2014-12-11,5.5024,5.6557,5.4537,5.5791,18421614,1.8422,8010032600.7,8010032600.7,44.389,
600971.SH,恒源煤电,2014-12-12,5.586,5.6975,5.4885,5.6487,18026246,1.8026,8110033007.7,8110033007.7,44.9432,
600971.SH,恒源煤电,2014-12-15,5.6348,5.6348,5.4467,5.5512,15727747,1.5728,7970032437.9,7970032437.9,44.1674,
600971.SH,恒源煤电,2014-12-16,5.4955,5.8089,5.4328,5.7741,36132152,3.6132,8290033740.3,8290033740.3,45.9407,
600971.SH,恒源煤电,2014-12-17,5.7253,5.7323,5.5512,5.6209,21844275,2.1844,8070032844.9,8070032844.9,44.7215,
600971.SH,恒源煤电,2014-12-18,5.6069,5.781,5.5721,5.593,17890258,1.789,8030032682.1,8030032682.1,44.4999,
600971.SH,恒源煤电,2014-12-19,5.5442,5.99,5.5024,5.8716,39056672,3.9057,8430034310.1,8430034310.1,46.7165,
600971.SH,恒源煤电,2014-12-22,5.8855,6.3034,5.8786,6.1084,49601100,4.9601,8770035693.9,8770035693.9,48.6007,
600971.SH,恒源煤电,2014-12-23,5.99,6.0179,5.5721,5.7044,21647870,2.1648,8190033333.3,8190033333.3,45.3865,
600971.SH,恒源煤电,2014-12-24,5.6417,5.8437,5.6278,5.7114,15268115,1.5268,8200033374,8200033374,45.442,
600971.SH,恒源煤电,2014-12-25,5.781,5.983,5.7323,5.9761,18727512,1.8727,8580034920.6,8580034920.6,47.5478,
600971.SH,恒源煤电,2014-12-26,5.9691,6.192,5.8786,6.1363,35886081,3.5886,8810035856.7,8810035856.7,48.8224,
600971.SH,恒源煤电,2014-12-29,6.1572,6.3452,5.9204,6.0179,32396986,3.2397,8640035164.8,8640035164.8,47.8803,
600971.SH,恒源煤电,2014-12-30,5.99,6.0179,5.8298,5.8368,17563906,1.7564,8380034106.6,8380034106.6,46.4395,
600971.SH,恒源煤电,2014-12-31,5.8368,6.0875,5.795,6.0805,16925816,1.6926,8730035531.1,8730035531.1,48.3791,
600971.SH,恒源煤电,2015-01-05,6.0805,6.6865,6.0597,6.6865,76612959,7.6613,9600039072,9600039072,53.2003,
600971.SH,恒源煤电,2015-01-06,6.7631,6.8955,6.3592,6.4288,86266159,8.6266,9230037566.1,9230037566.1,51.1499,
600971.SH,恒源煤电,2015-01-07,6.2686,6.4915,6.2338,6.4427,33450157,3.345,9250037647.5,9250037647.5,51.2607,
600971.SH,恒源煤电,2015-01-08,6.4009,6.5472,6.2059,6.2756,27648988,2.7649,9010036670.7,9010036670.7,49.9307,
600971.SH,恒源煤电,2015-01-09,6.2199,6.3592,6.1084,6.1223,22868363,2.2868,8790035775.3,8790035775.3,48.7116,
600971.SH,恒源煤电,2015-01-12,6.0597,6.0597,5.8577,5.9343,18425664,1.8426,8520034676.4,8520034676.4,47.2153,
600971.SH,恒源煤电,2015-01-13,5.8995,6.0248,5.8646,5.9343,9104489,0.9104,8520034676.4,8520034676.4,47.2153,
600971.SH,恒源煤电,2015-01-14,5.9412,5.9761,5.7044,5.7323,16405081,1.6405,8230033496.1,8230033496.1,45.6082,
600971.SH,恒源煤电,2015-01-15,5.7462,5.9134,5.6835,5.9064,10973893,1.0974,8480034513.6,8480034513.6,46.9936,
600971.SH,恒源煤电,2015-01-16,5.8925,5.99,5.8437,5.8995,11562613,1.1563,8470034472.9,8470034472.9,46.9382,
600971.SH,恒源煤电,2015-01-19,5.6209,6.0597,5.4049,5.4746,29381864,2.9382,7860031990.2,7860031990.2,43.5578,
600971.SH,恒源煤电,2015-01-20,5.4885,5.6905,5.4885,5.6626,16064083,1.6064,8130033089.1,8130033089.1,45.054,
600971.SH,恒源煤电,2015-01-21,5.6557,5.8507,5.6069,5.8368,21166674,2.1167,8380034106.6,8380034106.6,46.4395,
600971.SH,恒源煤电,2015-01-22,5.8437,5.99,5.7671,5.8646,15329108,1.5329,8420034269.4,8420034269.4,46.6611,
600971.SH,恒源煤电,2015-01-23,5.8995,5.99,5.7671,5.8507,20893886,2.0894,8400034188,8400034188,46.5503,
600971.SH,恒源煤电,2015-01-26,5.8228,6.0805,5.7532,5.99,24729945,2.473,8600035002,8600035002,47.6586,
600971.SH,恒源煤电,2015-01-27,5.9482,6.1363,5.8228,5.9691,14555608,1.4556,8570034879.9,8570034879.9,47.4924,
600971.SH,恒源煤电,2015-01-28,5.9343,5.9482,5.8159,5.8368,10151003,1.0151,8380034106.6,8380034106.6,46.4395,
600971.SH,恒源煤电,2015-01-29,5.7462,5.8786,5.6835,5.7602,12437005,1.2437,8270033658.9,8270033658.9,45.8299,
600971.SH,恒源煤电,2015-01-30,5.7532,5.8089,5.6069,5.6209,7993353,0.7993,8070032844.9,8070032844.9,44.7215,
600971.SH,恒源煤电,2015-02-02,5.586,5.6278,5.5024,5.5094,6881766,0.6882,7910032193.7,7910032193.7,43.8349,
600971.SH,恒源煤电,2015-02-03,5.5582,5.6348,5.5164,5.6348,6859852,0.686,8090032926.3,8090032926.3,44.8324,
600971.SH,恒源煤电,2015-02-04,5.7114,5.8159,5.6278,5.6278,10302556,1.0303,8080032885.6,8080032885.6,44.777,
600971.SH,恒源煤电,2015-02-05,5.6905,5.7184,5.4676,5.4815,7977016,0.7977,7870032030.9,7870032030.9,43.6132,
600971.SH,恒源煤电,2015-02-06,5.4467,5.5024,5.1333,5.2169,12823502,1.2823,7490030484.3,7490030484.3,41.5074,
600971.SH,恒源煤电,2015-02-09,5.2029,5.2656,5.1472,5.2029,8925637,0.8926,7470030402.9,7470030402.9,41.3965,
600971.SH,恒源煤电,2015-02-10,5.196,5.2726,5.189,5.2656,5495524,0.5496,7560030769.2,7560030769.2,41.8953,
600971.SH,恒源煤电,2015-02-11,5.2656,5.3283,5.2378,5.2865,5420246,0.542,7590030891.3,7590030891.3,42.0615,
600971.SH,恒源煤电,2015-02-12,5.2865,5.398,5.196,5.3771,8030992,0.8031,7720031420.4,7720031420.4,42.7819,
600971.SH,恒源煤电,2015-02-13,5.398,5.4676,5.3631,5.391,8083720,0.8084,7740031501.8,7740031501.8,42.8928,
600971.SH,恒源煤电,2015-02-16,5.3492,5.4676,5.3074,5.4676,8730177,0.873,7850031949.5,7850031949.5,43.5024,
600971.SH,恒源煤电,2015-02-17,5.7114,5.7741,5.5094,5.5164,36679072,3.6679,7920032234.4,7920032234.4,43.8903,
600971.SH,恒源煤电,2015-02-25,5.4955,5.5442,5.4607,5.5024,5241612,0.5242,7900032153,7900032153,43.7794,
600971.SH,恒源煤电,2015-02-26,5.4955,5.7114,5.4607,5.6975,11039430,1.1039,8180033292.6,8180033292.6,45.3311,
600971.SH,恒源煤电,2015-02-27,5.6348,5.7323,5.6,5.6487,10615891,1.0616,8110033007.7,8110033007.7,44.9432,
600971.SH,恒源煤电,2015-03-02,5.6557,6.2129,5.6069,6.0318,55848963,5.5849,8660035246.2,8660035246.2,47.9911,
600971.SH,恒源煤电,2015-03-03,5.9204,6.1154,5.8577,5.9761,23349850,2.335,8580034920.6,8580034920.6,47.5478,
600971.SH,恒源煤电,2015-03-04,5.9273,6.0666,5.9204,6.0109,22912373,2.2912,8630035124.1,8630035124.1,47.8249,
600971.SH,恒源煤电,2015-03-05,6.185,6.2616,5.781,5.795,25644902,2.5645,8320033862.4,8320033862.4,46.107,
600971.SH,恒源煤电,2015-03-06,5.9204,6.3731,5.8995,6.2477,81674264,8.1674,8970036507.9,8970036507.9,49.7091,
600971.SH,恒源煤电,2015-03-09,6.0597,6.1641,5.8577,6.1293,38717925,3.8718,8800035816,8800035816,48.767,
600971.SH,恒源煤电,2015-03-10,6.2547,6.2547,6.0179,6.0875,32588421,3.2588,8740035571.8,8740035571.8,48.4345,
600971.SH,恒源煤电,2015-03-11,6.0457,6.1084,5.8995,5.9761,16837305,1.6837,8580034920.6,8580034920.6,47.5478,
600971.SH,恒源煤电,2015-03-12,5.9621,6.1711,5.8925,6.1084,36235235,3.6235,8770035693.9,8770035693.9,48.6007,
600971.SH,恒源煤电,2015-03-13,6.0597,6.2825,6.0109,6.0736,49524511,4.9524,8720035490.4,8720035490.4,48.3236,
600971.SH,恒源煤电,2015-03-16,6.0457,6.1781,5.983,6.1502,31191388,3.1191,8830035938.1,8830035938.1,48.9332,
600971.SH,恒源煤电,2015-03-17,6.1502,6.2547,6.1014,6.2338,32795002,3.2795,8950036426.5,8950036426.5,49.5982,
600971.SH,恒源煤电,2015-03-18,6.2129,6.3592,6.2129,6.3452,36265716,3.6266,9110037077.7,9110037077.7,50.4849,
600971.SH,恒源煤电,2015-03-19,6.3522,6.4358,6.2686,6.3452,29710583,2.971,9110037077.7,9110037077.7,50.4849,
600971.SH,恒源煤电,2015-03-20,6.3383,6.394,6.2407,6.2965,30359145,3.0359,9040036792.8,9040036792.8,50.097,
600971.SH,恒源煤电,2015-03-23,6.3383,6.5194,6.2895,6.4288,43754611,4.3754,9230037566.1,9230037566.1,51.1499,
600971.SH,恒源煤电,2015-03-24,6.4079,6.4288,6.0875,6.2756,32437768,3.2438,9010036670.7,9010036670.7,49.9307,
600971.SH,恒源煤电,2015-03-25,6.2129,6.2686,6.1432,6.2059,18191043,1.8191,8910036263.7,8910036263.7,49.3766,
600971.SH,恒源煤电,2015-03-26,6.199,6.4358,6.1572,6.3731,28492263,2.8492,9150037240.5,9150037240.5,50.7066,
600971.SH,恒源煤电,2015-03-27,6.3661,6.5054,6.3522,6.4079,26155454,2.6155,9200037444,9200037444,50.9837,
600971.SH,恒源煤电,2015-03-30,6.4358,6.7213,6.387,6.5402,44115286,4.4115,9390038217.3,9390038217.3,52.0366,
600971.SH,恒源煤电,2015-03-31,6.5542,6.6099,6.3313,6.3452,28614440,2.8614,9110037077.7,9110037077.7,50.4849,
600971.SH,恒源煤电,2015-04-01,6.3592,6.5611,6.2825,6.4776,33337247,3.3337,9300037851,9300037851,51.5378,
600971.SH,恒源煤电,2015-04-02,6.5124,6.6029,6.394,6.5542,26986401,2.6986,9410038298.7,9410038298.7,52.1474,
600971.SH,恒源煤电,2015-04-03,6.5124,6.6726,6.4636,6.6238,29622511,2.9622,9510038705.7,9510038705.7,52.7016,
600971.SH,恒源煤电,2015-04-07,6.6517,6.8606,6.6308,6.798,35958231,3.5958,9760039723.2,9760039723.2,54.087,
600971.SH,恒源煤电,2015-04-08,6.7562,6.784,6.5124,6.6378,31572474,3.1572,9530038787.1,9530038787.1,52.8124,
600971.SH,恒源煤电,2015-04-09,6.6029,6.6169,6.2686,6.4776,26176873,2.6177,9300037851,9300037851,51.5378,
600971.SH,恒源煤电,2015-04-10,6.5054,6.7074,6.4358,6.6656,26077143,2.6077,9570038949.9,9570038949.9,53.0341,
600971.SH,恒源煤电,2015-04-13,6.6378,6.8397,6.6378,6.7631,32859383,3.2859,9710039519.7,9710039519.7,53.8099,
600971.SH,恒源煤电,2015-04-14,6.7701,6.9512,6.6726,6.7074,34989863,3.499,9630039194.1,9630039194.1,53.3666,
600971.SH,恒源煤电,2015-04-15,6.7771,6.8676,6.4079,6.4218,26651112,2.6651,9220037525.4,9220037525.4,592.0596,
600971.SH,恒源煤电,2015-04-16,6.387,6.6656,6.3313,6.596,22591243,2.2591,9470038542.9,9470038542.9,608.1133,
600971.SH,恒源煤电,2015-04-17,6.6378,6.8397,6.6238,6.7422,39331232,3.9331,9680039397.6,9680039397.6,621.5984,
600971.SH,恒源煤电,2015-04-20,6.7631,7.3691,6.6656,6.7562,83893107,8.3893,9700039479,9700039479,622.8827,
600971.SH,恒源煤电,2015-04-21,6.7562,7.0835,6.6865,7.0069,46492657,4.6492,10060040944.2,10060040944.2,646,
600971.SH,恒源煤电,2015-04-22,7.0139,7.2507,6.9791,7.1253,49188130,4.9188,10230041636.1,10230041636.1,656.9164,
600971.SH,恒源煤电,2015-04-23,7.1392,7.5223,7.0417,7.2925,61617955,6.1618,10470042612.9,10470042612.9,672.328,
600971.SH,恒源煤电,2015-04-24,7.1392,7.5502,7.0696,7.3064,46660027,4.666,10490042694.3,10490042694.3,673.6123,
600971.SH,恒源煤电,2015-04-27,7.3064,7.5711,7.2298,7.4736,42506173,4.2506,10730043671.1,10730043671.1,689.0238,
600971.SH,恒源煤电,2015-04-28,7.4527,7.5641,7.0417,7.1601,35893383,3.5893,10280041839.6,10280041839.6,660.1272,
600971.SH,恒源煤电,2015-04-29,7.0905,7.2646,6.9303,7.2437,44287138,4.4287,10400042328,10400042328,-55.026,
600971.SH,恒源煤电,2015-04-30,7.188,7.2298,6.9512,6.9651,29519761,2.952,10000040700,10000040700,-52.9097,
600971.SH,恒源煤电,2015-05-04,6.9512,7.0696,6.8676,6.986,22095262,2.2095,10030040822.1,10030040822.1,-53.0684,
600971.SH,恒源煤电,2015-05-05,6.9999,7.1184,6.4776,6.6378,28622577,2.8622,9530038787.1,9530038787.1,-50.4229,
600971.SH,恒源煤电,2015-05-06,6.596,6.6656,6.2547,6.3034,26748039,2.6748,9050036833.5,9050036833.5,-47.8832,
600971.SH,恒源煤电,2015-05-07,6.2825,6.3243,6.0318,6.0945,19669302,1.9669,8750035612.5,8750035612.5,-46.296,
600971.SH,恒源煤电,2015-05-08,6.1711,6.2616,6.0945,6.2547,16577842,1.6578,8980036548.6,8980036548.6,-47.5129,
600971.SH,恒源煤电,2015-05-11,6.3174,6.4497,6.199,6.4358,24451216,2.4451,9240037606.8,9240037606.8,-48.8885,
600971.SH,恒源煤电,2015-05-12,6.4358,6.4497,6.3313,6.4009,21426593,2.1427,9190037403.3,9190037403.3,-48.624,
600971.SH,恒源煤电,2015-05-13,6.3731,6.4776,6.3034,6.4079,24479180,2.4479,9200037444,9200037444,-48.6769,
600971.SH,恒源煤电,2015-05-14,6.3661,6.4149,6.2756,6.3522,20914465,2.0914,9120037118.4,9120037118.4,-48.2536,
600971.SH,恒源煤电,2015-05-15,6.3452,6.3592,6.1432,6.1711,16425115,1.6425,8860036060.2,8860036060.2,-46.878,
600971.SH,恒源煤电,2015-05-18,6.1084,6.3104,6.0666,6.2547,15277993,1.5278,8980036548.6,8980036548.6,-47.5129,
600971.SH,恒源煤电,2015-05-19,6.2407,6.4009,6.2199,6.394,18260955,1.8261,9180037362.6,9180037362.6,-48.5711,
600971.SH,恒源煤电,2015-05-20,6.4079,6.4706,6.3452,6.3661,24465286,2.4465,9140037199.8,9140037199.8,-48.3594,
600971.SH,恒源煤电,2015-05-21,6.3661,6.4985,6.2825,6.4497,26600911,2.6601,9260037688.2,9260037688.2,-48.9943,
600971.SH,恒源煤电,2015-05-22,6.4845,6.8049,6.4497,6.7771,40275754,4.0276,9730039601.1,9730039601.1,-51.4811,
600971.SH,恒源煤电,2015-05-25,6.7213,6.9303,6.6796,6.8955,46546480,4.6546,9900040293,9900040293,-52.3806,
600971.SH,恒源煤电,2015-05-26,6.9233,7.0626,6.7771,7.0139,43216629,4.3216,10070040984.9,10070040984.9,-53.28,
600971.SH,恒源煤电,2015-05-27,7.0348,7.4039,6.9303,7.2577,63088536,6.3088,10420042409.4,10420042409.4,-55.1319,
600971.SH,恒源煤电,2015-05-28,7.2437,7.4596,6.7283,6.7422,55689966,5.569,9680039397.6,9680039397.6,-51.2166,
600971.SH,恒源煤电,2015-05-29,6.7562,6.9651,6.5611,6.7213,40229609,4.0229,9650039275.5,9650039275.5,-51.0578,
600971.SH,恒源煤电,2015-06-01,6.7701,7.397,6.7144,7.397,65460520,6.546,10620043223.4,10620043223.4,-56.1901,
600971.SH,恒源煤电,2015-06-02,7.4318,7.5223,7.1532,7.397,75934005,7.5934,10620043223.4,10620043223.4,-56.1901,
600971.SH,恒源煤电,2015-06-03,7.5084,7.7661,7.2368,7.4527,62095701,6.2095,10700043549,10700043549,-56.6133,
600971.SH,恒源煤电,2015-06-04,7.4527,8.1283,7.0417,8.0308,70441375,7.0441,11530046927.1,11530046927.1,-61.0048,
600971.SH,恒源煤电,2015-06-05,8.0517,8.3233,7.8079,7.9681,79959699,7.9959,11440046560.8,11440046560.8,-60.5287,
600971.SH,恒源煤电,2015-06-08,7.9193,8.1004,7.7452,7.9611,54724555,5.4724,11430046520.1,11430046520.1,-60.4757,
600971.SH,恒源煤电,2015-06-09,7.9402,8.3581,7.8149,8.1422,65078582,6.5078,11690047578.3,11690047578.3,-61.8514,
600971.SH,恒源煤电,2015-06-10,7.996,8.3024,7.8706,7.982,44923672,4.4923,11460046642.2,11460046642.2,-60.6345,
600971.SH,恒源煤电,2015-06-11,8.0586,8.0586,7.7522,7.9193,37299920,3.73,11370046275.9,11370046275.9,-60.1583,
600971.SH,恒源煤电,2015-06-12,7.8706,8.3442,7.8497,8.1353,51223084,5.1223,11680047537.6,11680047537.6,-61.7985,
600971.SH,恒源煤电,2015-06-15,8.1422,8.4278,8.0029,8.1353,50239765,5.024,11680047537.6,11680047537.6,-61.7985,
600971.SH,恒源煤电,2015-06-16,8.0099,8.2676,7.8706,7.9193,44580931,4.4581,11370046275.9,11370046275.9,-60.1583,
600971.SH,恒源煤电,2015-06-17,7.8288,8.2049,7.5014,8.1074,39376271,3.9376,11640047374.8,11640047374.8,-61.5868,
600971.SH,恒源煤电,2015-06-18,8.1422,8.2119,7.7174,7.7661,29457084,2.9457,11150045380.5,11150045380.5,-58.9943,
600971.SH,恒源煤电,2015-06-19,7.5641,7.7174,6.993,6.993,32563114,3.2563,10040040862.8,10040040862.8,-53.1213,
600971.SH,恒源煤电,2015-06-23,6.993,7.1601,6.6169,7.0696,26166951,2.6167,10150041310.5,10150041310.5,-53.7033,
600971.SH,恒源煤电,2015-06-24,7.1601,7.4248,7.0975,7.397,36539173,3.6539,10620043223.4,10620043223.4,-56.1901,
600971.SH,恒源煤电,2015-06-25,7.4387,7.5014,6.9651,7.0487,28518373,2.8518,10120041188.4,10120041188.4,-53.5446,
600971.SH,恒源煤电,2015-06-26,6.8258,7.0278,6.3452,6.3452,30417939,3.0418,9110037077.7,9110037077.7,-48.2007,
600971.SH,恒源煤电,2015-06-29,6.3243,6.6169,5.7114,6.0597,42618078,4.2618,8700035409,8700035409,-46.0314,
600971.SH,恒源煤电,2015-06-30,6.0318,6.4567,5.5791,6.3731,34490534,3.449,9150037240.5,9150037240.5,-48.4123,
600971.SH,恒源煤电,2015-07-01,6.2686,6.4567,5.8298,5.8368,27154309,2.7154,8380034106.6,8380034106.6,-44.3383,
600971.SH,恒源煤电,2015-07-02,5.8646,5.9412,5.2517,5.2517,35032657,3.5033,7540030687.8,7540030687.8,-39.8939,
600971.SH,恒源煤电,2015-07-03,5.1403,5.2935,4.7293,4.7293,35019274,3.5019,6790027635.3,6790027635.3,-35.9257,
600971.SH,恒源煤电,2015-07-06,5.2029,5.2029,4.2557,4.5134,45235688,4.5236,6480026373.6,6480026373.6,-34.2855,
600971.SH,恒源煤电,2015-07-07,4.3184,4.3811,4.0607,4.0746,35376548,3.5376,5850023809.5,5850023809.5,-30.9522,
600971.SH,恒源煤电,2015-07-08,3.6706,4.0537,3.6706,3.8726,73648094,7.3648,5560022629.2,5560022629.2,-29.4178,
600971.SH,恒源煤电,2015-07-09,3.8239,4.2627,3.8099,4.2627,22523232,2.2523,6120024908.4,6120024908.4,-32.3807,
600971.SH,恒源煤电,2015-07-10,4.4229,4.6875,4.3323,4.6875,19596634,1.9597,6730027391.1,6730027391.1,-35.6082,
600971.SH,恒源煤电,2015-07-13,4.9452,5.1542,4.7363,5.1542,51012986,5.1013,7400030118,7400030118,-39.1531,
600971.SH,恒源煤电,2015-07-14,5.0776,5.3631,4.8825,4.9731,42405099,4.2405,7140029059.8,7140029059.8,-37.7775,
600971.SH,恒源煤电,2015-07-15,4.8617,4.8686,4.4786,4.4786,28463897,2.8464,6430026170.1,6430026170.1,-34.0209,
600971.SH,恒源煤电,2015-07-16,4.4786,4.7502,4.3114,4.6597,20111688,2.0112,6690027228.3,6690027228.3,-35.3966,
600971.SH,恒源煤电,2015-07-17,4.6597,5.001,4.6597,4.9383,22592716,2.2593,7090028856.3,7090028856.3,-37.513,
600971.SH,恒源煤电,2015-07-20,4.9313,5.0845,4.8338,4.9313,23415705,2.3416,7080028815.6,7080028815.6,-37.46,
600971.SH,恒源煤电,2015-07-21,4.8756,5.001,4.7572,4.9592,20071093,2.0071,7120028978.4,7120028978.4,-37.6717,
600971.SH,恒源煤电,2015-07-22,4.9243,5.001,4.7572,4.9592,22118311,2.2118,7120028978.4,7120028978.4,-37.6717,
600971.SH,恒源煤电,2015-07-23,4.8965,5.1681,4.8895,5.1124,30879384,3.0879,7340029873.8,7340029873.8,-38.8357,
600971.SH,恒源煤电,2015-07-24,5.0706,5.4328,5.0149,5.0706,45026816,4.5027,7280029629.6,7280029629.6,-38.5182,
600971.SH,恒源煤电,2015-07-27,4.9104,5.0219,4.5622,4.5622,26565348,2.6565,6550026658.5,6550026658.5,-34.6558,
600971.SH,恒源煤电,2015-07-28,4.4437,4.583,4.1164,4.4855,28434099,2.8434,6440026210.8,6440026210.8,-34.0738,
600971.SH,恒源煤电,2015-07-29,4.597,4.7363,4.402,4.7154,18078436,1.8078,6770027553.9,6770027553.9,-35.8198,
600971.SH,恒源煤电,2015-07-30,4.6666,4.7781,4.4995,4.5204,15828528,1.5828,6490026414.3,6490026414.3,-34.3384,
600971.SH,恒源煤电,2015-07-31,4.4298,4.5761,4.4298,4.5204,10365277,1.0365,6490026414.3,6490026414.3,-34.3384,
600971.SH,恒源煤电,2015-08-03,4.5064,4.7084,4.388,4.6945,19681978,1.9682,6740027431.8,6740027431.8,-35.6611,
600971.SH,恒源煤电,2015-08-04,4.6875,5.0358,4.6109,5.0149,26472348,2.6472,7200029304,7200029304,-38.095,
600971.SH,恒源煤电,2015-08-05,4.9383,5.001,4.8059,4.8895,16437555,1.6437,7020028571.4,7020028571.4,-37.1426,
600971.SH,恒源煤电,2015-08-06,4.7711,5.182,4.7502,4.994,17420078,1.742,7170029181.9,7170029181.9,-37.9362,
600971.SH,恒源煤电,2015-08-07,4.9452,5.1054,4.9383,5.0636,16495122,1.6495,7270029588.9,7270029588.9,-38.4653,
600971.SH,恒源煤电,2015-08-10,5.0845,5.2865,5.0219,5.2447,24368617,2.4369,7530030647.1,7530030647.1,-39.841,
600971.SH,恒源煤电,2015-08-11,5.196,5.2796,5.1124,5.1751,20162756,2.0163,7430030240.1,7430030240.1,-39.3119,
600971.SH,恒源煤电,2015-08-12,5.0845,5.3144,5.0636,5.1612,24981394,2.4981,7410030158.7,7410030158.7,-39.2061,
600971.SH,恒源煤电,2015-08-13,5.1263,5.2656,5.0497,5.2378,15557087,1.5557,7520030606.4,7520030606.4,-39.7881,
600971.SH,恒源煤电,2015-08-14,5.2656,5.391,5.1751,5.182,19821425,1.9821,7440030280.8,7440030280.8,-39.3648,
600971.SH,恒源煤电,2015-08-17,5.1681,5.3074,5.0636,5.2656,22500719,2.2501,7560030769.2,7560030769.2,-39.9997,
600971.SH,恒源煤电,2015-08-18,5.2656,5.3701,4.7363,4.7781,28751497,2.8751,6860027920.2,6860027920.2,-36.296,
600971.SH,恒源煤电,2015-08-19,4.6666,4.987,4.5273,4.9383,18807698,1.8808,7090028856.3,7090028856.3,-37.513,
600971.SH,恒源煤电,2015-08-20,4.9313,5.0288,4.8477,4.8617,15110472,1.511,6980028408.6,6980028408.6,-36.9309,
600971.SH,恒源煤电,2015-08-21,4.7363,4.8129,4.5064,4.5691,16382746,1.6383,6560026699.2,6560026699.2,-34.7087,
600971.SH,恒源煤电,2015-08-24,4.4229,4.4507,4.1094,4.1094,14076133,1.4076,5900024013,5900024013,-31.2167,
600971.SH,恒源煤电,2015-08-25,3.7472,3.8796,3.6985,3.6985,14271515,1.4271,5310021611.7,5310021611.7,-28.095,
600971.SH,恒源煤电,2015-08-26,3.7472,3.9214,3.5244,3.8447,19589035,1.9589,5520022466.4,5520022466.4,-29.2061,
600971.SH,恒源煤电,2015-08-27,3.8587,4.0537,3.7821,4.0258,12480158,1.248,5780023524.6,5780023524.6,-30.5818,
600971.SH,恒源煤电,2015-08-28,4.0467,4.2418,3.9771,4.2209,17489813,1.749,6060024664.2,6060024664.2,-10.5857,
600971.SH,恒源煤电,2015-08-31,4.1234,4.1303,3.991,4.0119,10340891,1.0341,5760023443.2,5760023443.2,-10.0616,
600971.SH,恒源煤电,2015-09-01,4.0398,4.1094,3.8796,3.9214,11084546,1.1085,5630022914.1,5630022914.1,-9.8345,
600971.SH,恒源煤电,2015-09-02,3.6637,3.9562,3.6567,3.7403,8320286,0.832,5370021855.9,5370021855.9,-9.3804,
600971.SH,恒源煤电,2015-09-07,3.789,3.9423,3.7612,3.796,6318053,0.6318,5450022181.5,5450022181.5,-9.5201,
600971.SH,恒源煤电,2015-09-08,3.7821,3.9701,3.7542,3.9492,6441740,0.6442,5670023076.9,5670023076.9,-9.9044,
600971.SH,恒源煤电,2015-09-09,3.9701,4.1373,3.9214,4.0955,11669580,1.167,5880023931.6,5880023931.6,-10.2712,
600971.SH,恒源煤电,2015-09-10,4.0049,4.1094,3.9492,4.0467,10471800,1.0472,5810023646.7,5810023646.7,-10.149,
600971.SH,恒源煤电,2015-09-11,4.0328,4.0607,3.9492,4.0258,6919745,0.692,5780023524.6,5780023524.6,-10.0965,
600971.SH,恒源煤电,2015-09-14,4.0258,4.0607,3.6219,3.789,10989737,1.099,5440022140.8,5440022140.8,-9.5026,
600971.SH,恒源煤电,2015-09-15,3.7124,4.0189,3.6428,3.7472,17654422,1.7654,5380021896.6,5380021896.6,-9.3978,
600971.SH,恒源煤电,2015-09-16,3.7263,4.1164,3.6079,4.0955,19204043,1.9204,5880023931.6,5880023931.6,-10.2712,
600971.SH,恒源煤电,2015-09-17,4.0189,4.1582,3.9283,3.9353,19306892,1.9307,5650022995.5,5650022995.5,-9.8695,
600971.SH,恒源煤电,2015-09-18,3.9283,3.9771,3.8308,3.9074,8356377,0.8356,5610022832.7,5610022832.7,-9.7996,
600971.SH,恒源煤电,2015-09-21,3.8726,4.0607,3.8099,4.0328,12285812,1.2286,5790023565.3,5790023565.3,-10.114,
600971.SH,恒源煤电,2015-09-22,4.0119,4.1721,4.0119,4.0746,14043145,1.4043,5850023809.5,5850023809.5,-10.2188,
600971.SH,恒源煤电,2015-09-23,3.991,4.0328,3.8656,3.9005,10525302,1.0525,5600022792,5600022792,-9.7821,
600971.SH,恒源煤电,2015-09-24,3.9353,4.2905,3.9074,4.2905,44520524,4.452,6160025071.2,6160025071.2,-10.7603,
600971.SH,恒源煤电,2015-09-25,4.2975,4.7224,4.1373,4.7224,50320391,5.032,6780027594.6,6780027594.6,-11.8434,
600971.SH,恒源煤电,2015-09-28,4.8059,4.8965,4.3462,4.8268,49678144,4.9678,6930028205.1,6930028205.1,-12.1054,
600971.SH,恒源煤电,2015-09-29,4.5273,4.6318,4.3462,4.3462,31705129,3.1705,6240025396.8,6240025396.8,-10.9001,
600971.SH,恒源煤电,2015-09-30,4.2696,4.4368,4.2069,4.3462,19740349,1.974,6240025396.8,6240025396.8,-10.9001,
600971.SH,恒源煤电,2015-10-08,4.4995,4.5204,4.3532,4.3811,33418150,3.3418,6290025600.3,6290025600.3,-10.9874,
600971.SH,恒源煤电,2015-10-09,4.3393,4.4786,4.2835,4.3671,32642247,3.2642,6270025518.9,6270025518.9,-10.9525,
600971.SH,恒源煤电,2015-10-12,4.3811,4.6597,4.3462,4.5064,48544668,4.8544,6470026332.9,6470026332.9,-11.3018,
600971.SH,恒源煤电,2015-10-13,4.4298,4.6039,4.3602,4.5691,43348774,4.3349,6560026699.2,6560026699.2,-11.4591,
600971.SH,恒源煤电,2015-10-14,4.5273,4.6945,4.402,4.4507,40331744,4.0332,6390026007.3,6390026007.3,-11.1621,
600971.SH,恒源煤电,2015-10-15,4.402,4.5622,4.3323,4.5552,30484270,3.0484,6540026617.8,6540026617.8,-11.4241,
600971.SH,恒源煤电,2015-10-16,4.5761,4.7154,4.5064,4.6666,38159338,3.8159,6700027269,6700027269,-11.7036,
600971.SH,恒源煤电,2015-10-19,4.6666,4.8825,4.5691,4.8059,46437928,4.6438,6900028083,6900028083,-12.053,
600971.SH,恒源煤电,2015-10-20,4.799,5.0776,4.7015,4.9174,47795844,4.7796,7060028734.2,7060028734.2,-12.3325,
600971.SH,恒源煤电,2015-10-21,4.8477,4.8477,4.4229,4.4229,44522160,4.4522,6350025844.5,6350025844.5,-11.0922,
600971.SH,恒源煤电,2015-10-22,4.3811,4.5343,4.2905,4.4995,22998584,2.2998,6460026292.2,6460026292.2,-11.2844,
600971.SH,恒源煤电,2015-10-23,4.4577,4.597,4.4229,4.5622,22885872,2.2886,6550026658.5,6550026658.5,-11.4416,
600971.SH,恒源煤电,2015-10-26,4.583,4.6318,4.4716,4.5204,18737203,1.8737,6490026414.3,6490026414.3,-11.3368,
600971.SH,恒源煤电,2015-10-27,4.4855,4.4855,4.2418,4.4229,19183570,1.9183,6350025844.5,6350025844.5,-11.0922,
600971.SH,恒源煤电,2015-10-28,4.3602,4.4507,4.2975,4.3114,19386887,1.9387,6190025193.3,6190025193.3,-10.8127,
600971.SH,恒源煤电,2015-10-29,4.3323,4.4159,4.3044,4.3741,14160075,1.416,6280025559.6,6280025559.6,-10.97,
600971.SH,恒源煤电,2015-10-30,4.3462,4.3602,4.2627,4.2905,12566805,1.2567,6160025071.2,6160025071.2,-10.7603,
600971.SH,恒源煤电,2015-11-02,4.2487,4.3044,4.2069,4.2209,9634171,0.9634,6060024664.2,6060024664.2,-6.5496,
600971.SH,恒源煤电,2015-11-03,4.2487,4.2627,4.186,4.2418,7329150,0.7329,6090024786.3,6090024786.3,-6.582,
600971.SH,恒源煤电,2015-11-04,4.2418,4.4229,4.2348,4.402,16253783,1.6254,6320025722.4,6320025722.4,-6.8306,
600971.SH,恒源煤电,2015-11-05,4.4089,4.583,4.388,4.4925,26828182,2.6828,6450026251.5,6450026251.5,-6.9711,
600971.SH,恒源煤电,2015-11-06,4.4925,4.5622,4.4577,4.5343,22316907,2.2317,6510026495.7,6510026495.7,-7.036,
600971.SH,恒源煤电,2015-11-09,4.5064,4.7711,4.4716,4.6597,33130251,3.313,6690027228.3,6690027228.3,-7.2305,
600971.SH,恒源煤电,2015-11-10,4.597,4.7502,4.5413,4.7154,32942126,3.2942,6770027553.9,6770027553.9,-7.317,
600971.SH,恒源煤电,2015-11-11,4.6666,4.7572,4.6179,4.6666,19562251,1.9562,6700027269,6700027269,-7.2413,
600971.SH,恒源煤电,2015-11-12,4.6875,4.7363,4.6109,4.6179,18294441,1.8294,6630026984.1,6630026984.1,-7.1657,
600971.SH,恒源煤电,2015-11-13,4.583,4.6109,4.4298,4.4507,15908660,1.5909,6390026007.3,6390026007.3,-6.9063,
600971.SH,恒源煤电,2015-11-16,4.388,4.5273,4.3184,4.5273,10659191,1.0659,6500026455,6500026455,-7.0251,
600971.SH,恒源煤电,2015-11-17,4.5413,4.6806,4.5273,4.5622,17449808,1.745,6550026658.5,6550026658.5,-7.0792,
600971.SH,恒源煤电,2015-11-18,4.5761,4.597,4.4577,4.4786,10453840,1.0454,6430026170.1,6430026170.1,-6.9495,
600971.SH,恒源煤电,2015-11-19,4.4925,4.6318,4.4577,4.597,13208285,1.3208,6600026862,6600026862,-7.1332,
600971.SH,恒源煤电,2015-11-20,4.5691,4.6179,4.5482,4.5761,13353868,1.3354,6570026739.9,6570026739.9,-7.1008,
600971.SH,恒源煤电,2015-11-23,4.5691,4.59,4.4437,4.4507,12495702,1.2496,6390026007.3,6390026007.3,-6.9063,
600971.SH,恒源煤电,2015-11-24,4.4298,4.4786,4.3393,4.4089,10731783,1.0732,6330025763.1,6330025763.1,-6.8414,
600971.SH,恒源煤电,2015-11-25,4.395,4.4716,4.388,4.4646,9164691,0.9165,6410026088.7,6410026088.7,-6.9279,
600971.SH,恒源煤电,2015-11-26,4.4646,4.583,4.4646,4.5064,13909179,1.3909,6470026332.9,6470026332.9,-6.9927,
600971.SH,恒源煤电,2015-11-27,4.4716,4.4995,4.0607,4.1164,16114523,1.6114,5910024053.7,5910024053.7,-6.3875,
600971.SH,恒源煤电,2015-11-30,4.1373,4.1582,3.9283,4.0676,9890060,0.989,5840023768.8,5840023768.8,-6.3118,
600971.SH,恒源煤电,2015-12-01,4.0398,4.1303,4.0258,4.0746,10683552,1.0684,5850023809.5,5850023809.5,-6.3226,
600971.SH,恒源煤电,2015-12-02,4.0816,4.186,4.0398,4.1791,10693619,1.0694,6000024420,6000024420,-6.4848,
600971.SH,恒源煤电,2015-12-03,4.1512,4.2627,4.1373,4.2209,9777933,0.9778,6060024664.2,6060024664.2,-6.5496,
600971.SH,恒源煤电,2015-12-04,4.2,4.2487,4.1303,4.1791,9764916,0.9765,6000024420,6000024420,-6.4848,
600971.SH,恒源煤电,2015-12-07,4.1721,4.2348,4.1651,4.2278,6368179,0.6368,6070024704.9,6070024704.9,-6.5604,
600971.SH,恒源煤电,2015-12-08,4.2,4.2,4.0885,4.1303,9357639,0.9358,5930024135.1,5930024135.1,-6.4091,
600971.SH,恒源煤电,2015-12-09,4.0955,4.2209,4.0398,4.2139,7649168,0.7649,6050024623.5,6050024623.5,-6.5388,
600971.SH,恒源煤电,2015-12-10,4.3602,4.5273,4.2557,4.2627,14461178,1.4461,6120024908.4,6120024908.4,-6.6144,
600971.SH,恒源煤电,2015-12-11,4.1512,4.2487,4.1164,4.2139,8142266,0.8142,6050024623.5,6050024623.5,-6.5388,
600971.SH,恒源煤电,2015-12-14,4.1791,4.4089,4.1512,4.4089,11354644,1.1355,6330025763.1,6330025763.1,-6.8414,
600971.SH,恒源煤电,2015-12-15,4.4089,4.4089,4.2627,4.3184,10314334,1.0314,6200025234,6200025234,-6.7009,
600971.SH,恒源煤电,2015-12-16,4.3323,4.3741,4.2696,4.3114,7156837,0.7157,6190025193.3,6190025193.3,-6.6901,
600971.SH,恒源煤电,2015-12-17,4.3184,4.4089,4.3114,4.3741,10653503,1.0653,6280025559.6,6280025559.6,-6.7874,
600971.SH,恒源煤电,2015-12-18,4.3532,4.3741,4.2975,4.3532,9812413,0.9812,6250025437.5,6250025437.5,-6.7549,
600971.SH,恒源煤电,2015-12-21,4.3462,4.5134,4.3184,4.4716,18234712,1.8235,6420026129.4,6420026129.4,-6.9387,
600971.SH,恒源煤电,2015-12-22,4.4646,4.4995,4.4298,4.4716,11225863,1.1226,6420026129.4,6420026129.4,-6.9387,
600971.SH,恒源煤电,2015-12-23,4.4577,4.583,4.4507,4.5761,20908359,2.0908,6570026739.9,6570026739.9,-7.1008,
600971.SH,恒源煤电,2015-12-24,4.6597,4.7084,4.4786,4.5761,17795813,1.7796,6570026739.9,6570026739.9,-7.1008,
600971.SH,恒源煤电,2015-12-25,4.5273,4.5622,4.4577,4.5273,9870636,0.9871,6500026455,6500026455,-7.0251,
600971.SH,恒源煤电,2015-12-28,4.5273,4.5622,4.3602,4.3741,12168458,1.2168,6280025559.6,6280025559.6,-6.7874,
600971.SH,恒源煤电,2015-12-29,4.3741,4.4368,4.2975,4.4229,10418144,1.0418,6350025844.5,6350025844.5,-6.863,
600971.SH,恒源煤电,2015-12-30,4.4229,4.4646,4.3671,4.4437,8675337,0.8675,6380025966.6,6380025966.6,-6.8955,
600971.SH,恒源煤电,2015-12-31,4.4437,4.4925,4.3811,4.3811,7948706,0.7949,6290025600.3,6290025600.3,-6.7982,
600971.SH,恒源煤电,2016-01-04,4.3532,4.3811,3.998,4.0328,7734631,0.7735,5790023565.3,5790023565.3,-6.2578,
600971.SH,恒源煤电,2016-01-05,4.0049,4.1234,3.9005,4.0467,10643828,1.0644,5810023646.7,5810023646.7,-6.2794,
600971.SH,恒源煤电,2016-01-06,4.0537,4.4507,4.0467,4.4507,27248144,2.7248,6390026007.3,6390026007.3,-6.9063,
600971.SH,恒源煤电,2016-01-07,4.388,4.4925,4.0049,4.0119,9051360,0.9051,5760023443.2,5760023443.2,-6.2254,
600971.SH,恒源煤电,2016-01-08,4.2278,4.4159,4.1791,4.4159,25733601,2.5733,6340025803.8,6340025803.8,-6.8522,
600971.SH,恒源煤电,2016-01-11,4.7432,4.8547,4.5273,4.583,83904111,8.3904,6580026780.6,6580026780.6,-7.1116,
600971.SH,恒源煤电,2016-01-12,4.3811,4.6666,4.1234,4.4716,44721852,4.4722,6420026129.4,6420026129.4,-6.9387,
600971.SH,恒源煤电,2016-01-13,4.3044,4.7015,4.2069,4.3114,39803389,3.9803,6190025193.3,6190025193.3,-6.6901,
600971.SH,恒源煤电,2016-01-14,4.0049,4.583,3.8796,4.4437,34586678,3.4587,6380025966.6,6380025966.6,-6.8955,
600971.SH,恒源煤电,2016-01-15,4.3253,4.4089,3.998,4.0049,39074631,3.9074,5750023402.5,5750023402.5,-6.2146,
600971.SH,恒源煤电,2016-01-18,3.8447,3.9144,3.6219,3.7612,23224785,2.3225,5400021978,5400021978,-5.8363,
600971.SH,恒源煤电,2016-01-19,3.7403,3.8865,3.6915,3.8169,21954351,2.1954,5480022303.6,5480022303.6,-5.9227,
600971.SH,恒源煤电,2016-01-20,3.8169,3.8656,3.6428,3.7821,17780018,1.778,5430022100.1,5430022100.1,-5.8687,
600971.SH,恒源煤电,2016-01-21,3.6915,3.9005,3.6288,3.6567,18654458,1.8654,5250021367.5,5250021367.5,-5.6742,
600971.SH,恒源煤电,2016-01-22,3.7542,3.9214,3.6776,3.803,18459888,1.846,5460022222.2,5460022222.2,-5.9011,
600971.SH,恒源煤电,2016-01-25,3.8726,3.9632,3.796,3.8935,20014347,2.0014,5590022751.3,5590022751.3,-6.0416,
600971.SH,恒源煤电,2016-01-26,3.8169,3.8239,3.5522,3.6149,19509243,1.9509,5190021123.3,5190021123.3,-5.6093,
600971.SH,恒源煤电,2016-01-27,3.6079,3.7612,3.5313,3.6637,20718448,2.0718,5260021408.2,5260021408.2,-5.685,
600971.SH,恒源煤电,2016-01-28,3.587,3.6358,3.4477,3.4547,12313443,1.2313,4960020187.2,4960020187.2,-5.3607,
600971.SH,恒源煤电,2016-01-29,3.4547,3.5592,3.4199,3.5035,13245396,1.3245,5030020472.1,5030020472.1,-5.4364,
600971.SH,恒源煤电,2016-02-01,3.4756,3.4826,3.204,3.2597,14792058,1.4792,4680019047.6,4680019047.6,-5.0581,
600971.SH,恒源煤电,2016-02-02,3.2597,3.3433,3.2388,3.3154,10349705,1.035,4760019373.2,4760019373.2,-5.1446,
600971.SH,恒源煤电,2016-02-03,3.2806,3.3154,3.1761,3.3015,11534261,1.1534,4740019291.8,4740019291.8,-5.123,
600971.SH,恒源煤电,2016-02-04,3.3224,3.385,3.2945,3.3642,9484690,0.9485,4830019658.1,4830019658.1,-5.2202,
600971.SH,恒源煤电,2016-02-05,3.3711,3.399,3.3224,3.3502,6705833,0.6706,4810019576.7,4810019576.7,-5.1986,
600971.SH,恒源煤电,2016-02-15,3.2527,3.392,3.2527,3.3642,6560538,0.6561,4830019658.1,4830019658.1,-5.2202,
600971.SH,恒源煤电,2016-02-16,3.3642,3.5104,3.3642,3.4617,11021515,1.1021,4970020227.9,4970020227.9,-5.3715,
600971.SH,恒源煤电,2016-02-17,3.4408,3.5661,3.4338,3.5174,11663864,1.1664,5050020553.5,5050020553.5,-5.458,
600971.SH,恒源煤电,2016-02-18,3.5313,3.6428,3.4826,3.5313,14347043,1.4347,5070020634.9,5070020634.9,-5.4796,
600971.SH,恒源煤电,2016-02-19,3.5104,3.5522,3.4895,3.5174,6467985,0.6468,5050020553.5,5050020553.5,-5.458,
600971.SH,恒源煤电,2016-02-22,3.5522,3.8726,3.5244,3.8726,28104894,2.8105,5560022629.2,5560022629.2,-6.0092,
600971.SH,恒源煤电,2016-02-23,3.8935,4.0258,3.7612,3.9632,38859025,3.8859,5690023158.3,5690023158.3,-6.1497,
600971.SH,恒源煤电,2016-02-24,3.8517,3.9144,3.796,3.8517,20922296,2.0922,5530022507.1,5530022507.1,-5.9768,
600971.SH,恒源煤电,2016-02-25,3.8517,3.9214,3.4686,3.4756,25280641,2.5281,4990020309.3,4990020309.3,-5.3932,
600971.SH,恒源煤电,2016-02-26,3.5452,3.7263,3.4408,3.6219,21878404,2.1878,5200021164,5200021164,-5.6201,
600971.SH,恒源煤电,2016-02-29,3.5661,3.7124,3.2597,3.4895,21435618,2.1436,5010020390.7,5010020390.7,-5.4148,
600971.SH,恒源煤电,2016-03-01,3.4617,3.6428,3.4338,3.6079,17337191,1.7337,5180021082.6,5180021082.6,-5.5985,
600971.SH,恒源煤电,2016-03-02,3.5731,3.8517,3.5661,3.8239,23165833,2.3166,5490022344.3,5490022344.3,-5.9335,
600971.SH,恒源煤电,2016-03-03,3.7751,3.9074,3.7403,3.7821,24186601,2.4187,5430022100.1,5430022100.1,-5.8687,
600971.SH,恒源煤电,2016-03-04,3.7681,3.9632,3.6288,3.803,27802377,2.7802,5460022222.2,5460022222.2,-5.9011,
600971.SH,恒源煤电,2016-03-07,3.9074,4.0049,3.8099,3.984,28986938,2.8987,5720023280.4,5720023280.4,-6.1821,
600971.SH,恒源煤电,2016-03-08,4.1094,4.1512,3.8308,3.9144,23641747,2.3642,5620022873.4,5620022873.4,-6.0741,
600971.SH,恒源煤电,2016-03-09,3.7472,3.7472,3.594,3.6637,16523484,1.6523,5260021408.2,5260021408.2,-5.685,
600971.SH,恒源煤电,2016-03-10,3.6776,3.7124,3.5383,3.5522,10709375,1.0709,5100020757,5100020757,-5.512,
600971.SH,恒源煤电,2016-03-11,3.5452,3.6149,3.4895,3.5592,7804148,0.7804,5110020797.7,5110020797.7,-5.5228,
600971.SH,恒源煤电,2016-03-14,3.587,3.7194,3.5731,3.6567,9532271,0.9532,5250021367.5,5250021367.5,-5.6742,
600971.SH,恒源煤电,2016-03-15,3.6497,3.6567,3.5592,3.6079,7355181,0.7355,5180021082.6,5180021082.6,-5.5985,
600971.SH,恒源煤电,2016-03-16,3.6079,3.6497,3.5244,3.5452,6395984,0.6396,5090020716.3,5090020716.3,-5.5012,
600971.SH,恒源煤电,2016-03-17,3.5731,3.6358,3.5313,3.6219,13682366,1.3682,5200021164,5200021164,-5.6201,
600971.SH,恒源煤电,2016-03-18,3.6358,3.7333,3.6149,3.7194,18242368,1.8242,5340021733.8,5340021733.8,-5.7714,
600971.SH,恒源煤电,2016-03-21,3.7403,3.8447,3.6915,3.8378,21170897,2.1171,5510022425.7,5510022425.7,-5.9552,
600971.SH,恒源煤电,2016-03-22,3.796,3.796,3.7124,3.7542,12790895,1.2791,5390021937.3,5390021937.3,-5.8255,
600971.SH,恒源煤电,2016-03-23,3.7542,3.803,3.7403,3.7681,10155212,1.0155,5410022018.7,5410022018.7,-5.8471,
600971.SH,恒源煤电,2016-03-24,3.7194,3.7263,3.6219,3.6219,11112133,1.1112,5200021164,5200021164,-5.6201,
600971.SH,恒源煤电,2016-03-25,3.6358,3.6706,3.6149,3.6706,6976195,0.6976,5270021448.9,5270021448.9,-5.6958,
600971.SH,恒源煤电,2016-03-28,3.6706,3.7124,3.6079,3.6288,8643451,0.8643,5210021204.7,5210021204.7,-5.6309,
600971.SH,恒源煤电,2016-03-29,3.6358,3.6497,3.5661,3.6079,5812659,0.5813,5180021082.6,5180021082.6,-3.7447,
600971.SH,恒源煤电,2016-03-30,3.6358,3.6985,3.6219,3.6985,8269253,0.8269,5310021611.7,5310021611.7,-3.8387,
600971.SH,恒源煤电,2016-03-31,3.6985,3.7403,3.6567,3.7054,11269330,1.1269,5320021652.4,5320021652.4,-3.8459,
600971.SH,恒源煤电,2016-04-01,3.6915,3.7612,3.6845,3.7403,13431825,1.3432,5370021855.9,5370021855.9,-3.8821,
600971.SH,恒源煤电,2016-04-05,3.7403,3.8099,3.7194,3.803,11171496,1.1171,5460022222.2,5460022222.2,-3.9471,
600971.SH,恒源煤电,2016-04-06,3.7751,3.8517,3.7333,3.8308,12056008,1.2056,5500022385,5500022385,-3.976,
600971.SH,恒源煤电,2016-04-07,3.8378,3.9144,3.803,3.8169,17720821,1.7721,5480022303.6,5480022303.6,-3.9616,
600971.SH,恒源煤电,2016-04-08,3.796,3.9632,3.789,3.9562,15728464,1.5728,5680023117.6,5680023117.6,-4.1062,
600971.SH,恒源煤电,2016-04-11,3.9701,4.3532,3.9701,4.3532,41660521,4.166,6250025437.5,6250025437.5,-4.5182,
600971.SH,恒源煤电,2016-04-12,4.3184,4.792,4.2348,4.7641,47902247,4.7902,6840027838.8,6840027838.8,-5.6245,
600971.SH,恒源煤电,2016-04-13,4.9452,5.0915,4.7363,4.9731,121834003,12.1834,7140029059.8,7140029059.8,-5.8711,
600971.SH,恒源煤电,2016-04-14,4.9034,4.9104,4.5343,4.6318,94325286,9.4325,6650027065.5,6650027065.5,-5.4682,
600971.SH,恒源煤电,2016-04-15,4.583,4.59,4.4298,4.5064,55191126,5.5191,6470026332.9,6470026332.9,-5.3202,
600971.SH,恒源煤电,2016-04-18,4.4507,4.5343,4.3532,4.4786,58605524,5.8605,6430026170.1,6430026170.1,-5.2873,
600971.SH,恒源煤电,2016-04-19,4.4925,4.5134,4.3602,4.4159,46686283,4.6686,6340025803.8,6340025803.8,-5.2133,
600971.SH,恒源煤电,2016-04-20,4.4577,4.4925,4.0607,4.2,56160796,5.6161,6030024542.1,6030024542.1,-4.9584,
600971.SH,恒源煤电,2016-04-21,4.2487,4.4089,4.2,4.2696,54911015,5.4911,6130024949.1,6130024949.1,-5.0406,
600971.SH,恒源煤电,2016-04-22,4.1582,4.2975,4.0816,4.2835,33585562,3.3585,6150025030.5,6150025030.5,-5.0571,
600971.SH,恒源煤电,2016-04-25,4.2209,4.3741,4.2,4.3393,33993990,3.3994,6230025356.1,6230025356.1,-5.1229,
600971.SH,恒源煤电,2016-04-26,4.3184,4.4507,4.186,4.2696,28927565,2.8927,6130024949.1,6130024949.1,-5.0406,
600971.SH,恒源煤电,2016-04-27,4.2696,4.2835,4.1373,4.1651,23623332,2.3623,5980024338.6,5980024338.6,-4.9173,
600971.SH,恒源煤电,2016-04-28,4.1512,4.186,4.0258,4.1791,21375426,2.1375,6000024420,6000024420,-4.9337,
600971.SH,恒源煤电,2016-04-29,4.1512,4.2418,4.1234,4.2139,23045446,2.3045,6050024623.5,6050024623.5,-4.9749,
600971.SH,恒源煤电,2016-05-03,4.2209,4.2766,4.1442,4.2696,25842548,2.5842,6130024949.1,6130024949.1,-5.0406,
600971.SH,恒源煤电,2016-05-04,4.2627,4.2627,4.1651,4.2069,17723736,1.7724,6040024582.8,6040024582.8,-4.9666,
600971.SH,恒源煤电,2016-05-05,4.2139,4.2696,4.1442,4.2418,20905524,2.0905,6090024786.3,6090024786.3,-5.0077,
600971.SH,恒源煤电,2016-05-06,4.2209,4.2418,3.9492,3.9701,28024522,2.8024,5700023199,5700023199,-4.6871,
600971.SH,恒源煤电,2016-05-09,3.9144,3.9492,3.6358,3.7124,22994894,2.2995,5330021693.1,5330021693.1,-4.3828,
600971.SH,恒源煤电,2016-05-10,3.7124,3.7403,3.6637,3.6915,11293095,1.1293,5300021571,5300021571,-4.3581,
600971.SH,恒源煤电,2016-05-11,3.7403,3.7751,3.6706,3.6706,13280093,1.328,5270021448.9,5270021448.9,-4.3335,
600971.SH,恒源煤电,2016-05-12,3.6219,3.7054,3.4965,3.6985,14182583,1.4183,5310021611.7,5310021611.7,-4.3664,
600971.SH,恒源煤电,2016-05-13,3.6428,3.7542,3.6428,3.6845,13071157,1.3071,5290021530.3,5290021530.3,-4.3499,
600971.SH,恒源煤电,2016-05-16,3.6637,3.7263,3.6358,3.7194,10476768,1.0477,5340021733.8,5340021733.8,-4.391,
600971.SH,恒源煤电,2016-05-17,3.7403,3.8726,3.7333,3.7472,21973265,2.1973,5380021896.6,5380021896.6,-4.4239,
600971.SH,恒源煤电,2016-05-18,3.7194,3.7403,3.587,3.6288,14881705,1.4882,5210021204.7,5210021204.7,-4.2841,
600971.SH,恒源煤电,2016-05-19,3.6428,3.6915,3.6079,3.6219,10253545,1.0254,5200021164,5200021164,-4.2759,
600971.SH,恒源煤电,2016-05-20,3.5661,3.6567,3.5383,3.6497,7714209,0.7714,5240021326.8,5240021326.8,-4.3088,
600971.SH,恒源煤电,2016-05-23,3.6985,3.7124,3.6428,3.6637,8114916,0.8115,5260021408.2,5260021408.2,-4.3252,
600971.SH,恒源煤电,2016-05-24,3.6637,3.6637,3.5661,3.601,10774952,1.0775,5170021041.9,5170021041.9,-4.2512,
600971.SH,恒源煤电,2016-05-25,3.6358,3.7681,3.6149,3.7124,27209246,2.7209,5330021693.1,5330021693.1,-4.3828,
600971.SH,恒源煤电,2016-05-26,3.7054,3.7612,3.6149,3.6985,17989428,1.7989,5310021611.7,5310021611.7,-4.3664,
600971.SH,恒源煤电,2016-05-27,3.6776,3.7403,3.6428,3.6845,16367078,1.6367,5290021530.3,5290021530.3,-4.3499,
600971.SH,恒源煤电,2016-05-30,3.6985,3.7194,3.6288,3.6428,10315102,1.0315,5230021286.1,5230021286.1,-4.3006,
600971.SH,恒源煤电,2016-05-31,3.6637,3.789,3.6567,3.7821,20840735,2.0841,5430022100.1,5430022100.1,-4.465,
600971.SH,恒源煤电,2016-06-01,3.789,3.8517,3.7612,3.7681,23576628,2.3577,5410022018.7,5410022018.7,-4.4486,
600971.SH,恒源煤电,2016-06-02,3.7751,3.8935,3.7542,3.8378,24300337,2.43,5510022425.7,5510022425.7,-4.5308,
600971.SH,恒源煤电,2016-06-03,3.8378,3.8378,3.6915,3.8099,17511328,1.7511,5470022262.9,5470022262.9,-4.4979,
600971.SH,恒源煤电,2016-06-06,3.803,3.8169,3.7542,3.7821,10571330,1.0571,5430022100.1,5430022100.1,-4.465,
600971.SH,恒源煤电,2016-06-07,3.789,3.8099,3.7542,3.7681,8699024,0.8699,5410022018.7,5410022018.7,-4.4486,
600971.SH,恒源煤电,2016-06-08,3.7681,3.7821,3.7124,3.7542,10770601,1.0771,5390021937.3,5390021937.3,-4.4321,
600971.SH,恒源煤电,2016-06-13,3.6985,3.7054,3.5522,3.5592,14581588,1.4582,5110020797.7,5110020797.7,-4.2019,
600971.SH,恒源煤电,2016-06-14,3.5383,3.5801,3.5174,3.5452,8484542,0.8485,5090020716.3,5090020716.3,-4.1855,
600971.SH,恒源煤电,2016-06-15,3.5244,3.6428,3.4965,3.6149,11433333,1.1433,5190021123.3,5190021123.3,-4.2677,
600971.SH,恒源煤电,2016-06-16,3.601,3.6219,3.5592,3.587,8812486,0.8812,5150020960.5,5150020960.5,-4.2348,
600971.SH,恒源煤电,2016-06-17,3.6149,3.9492,3.6149,3.8447,43382334,4.3382,5520022466.4,5520022466.4,-4.539,
600971.SH,恒源煤电,2016-06-20,3.7612,3.803,3.7054,3.7403,19852702,1.9853,5370021855.9,5370021855.9,-4.4157,
600971.SH,恒源煤电,2016-06-21,3.7681,3.8169,3.6985,3.7054,18848100,1.8848,5320021652.4,5320021652.4,-4.3746,
600971.SH,恒源煤电,2016-06-22,3.6845,3.8378,3.6845,3.8239,24814838,2.4815,5490022344.3,5490022344.3,-4.5144,
600971.SH,恒源煤电,2016-06-23,3.803,3.8865,3.7681,3.803,21897868,2.1898,5460022222.2,5460022222.2,-4.4897,
600971.SH,恒源煤电,2016-06-24,3.796,3.8378,3.5731,3.6915,21832273,2.1832,5300021571,5300021571,-4.3581,
600971.SH,恒源煤电,2016-06-27,3.6706,3.8656,3.6567,3.8239,21916153,2.1916,5490022344.3,5490022344.3,-4.5144,
600971.SH,恒源煤电,2016-06-28,3.789,3.8726,3.7751,3.8517,14942169,1.4942,5530022507.1,5530022507.1,-4.5473,
600971.SH,恒源煤电,2016-06-29,3.8726,3.9005,3.8099,3.8308,16202097,1.6202,5500022385,5500022385,-4.5226,
600971.SH,恒源煤电,2016-06-30,3.8447,3.8865,3.8239,3.8447,13317989,1.3318,5520022466.4,5520022466.4,-4.539,
600971.SH,恒源煤电,2016-07-01,3.8656,3.9005,3.8099,3.8239,14213189,1.4213,5490022344.3,5490022344.3,-4.5144,
600971.SH,恒源煤电,2016-07-04,3.803,4.0467,3.789,4.0119,32834365,3.2834,5760023443.2,5760023443.2,-4.7364,
600971.SH,恒源煤电,2016-07-05,3.9771,4.0955,3.9771,4.0258,27312662,2.7313,5780023524.6,5780023524.6,-4.7528,
600971.SH,恒源煤电,2016-07-06,3.991,4.0885,3.9632,4.0398,15617837,1.5618,5800023606,5800023606,-4.7693,
600971.SH,恒源煤电,2016-07-07,4.0258,4.1582,4.0189,4.1234,28607634,2.8608,5920024094.4,5920024094.4,-4.868,
600971.SH,恒源煤电,2016-07-08,4.1094,4.1373,3.998,4.0189,21709622,2.171,5770023483.9,5770023483.9,-4.7446,
600971.SH,恒源煤电,2016-07-11,4.0258,4.3741,4.0189,4.1373,38083746,3.8084,5940024175.8,5940024175.8,-4.8844,
600971.SH,恒源煤电,2016-07-12,4.1651,4.4995,4.1582,4.3532,54166798,5.4167,6250025437.5,6250025437.5,-5.1393,
600971.SH,恒源煤电,2016-07-13,4.3602,4.388,4.2557,4.3323,27267098,2.7267,6220025315.4,6220025315.4,-5.1146,
600971.SH,恒源煤电,2016-07-14,4.2905,4.3671,4.2139,4.2905,23101566,2.3101,6160025071.2,6160025071.2,-5.0653,
600971.SH,恒源煤电,2016-07-15,4.2905,4.3532,4.186,4.2069,21075177,2.1075,6040024582.8,6040024582.8,-4.9666,
600971.SH,恒源煤电,2016-07-18,4.1791,4.2209,4.0955,4.1373,15790540,1.579,5940024175.8,5940024175.8,-4.8844,
600971.SH,恒源煤电,2016-07-19,4.1373,4.1791,4.0746,4.1721,14304797,1.4305,5990024379.3,5990024379.3,-4.9255,
600971.SH,恒源煤电,2016-07-20,4.1791,4.186,4.1234,4.1234,8565689,0.8566,5920024094.4,5920024094.4,-4.868,
600971.SH,恒源煤电,2016-07-21,4.1234,4.2278,4.1094,4.1303,13259080,1.3259,5930024135.1,5930024135.1,-4.8762,
600971.SH,恒源煤电,2016-07-22,4.1373,4.1512,4.0189,4.0537,17233835,1.7234,5820023687.4,5820023687.4,-4.7857,
600971.SH,恒源煤电,2016-07-25,4.0537,4.1025,4.0189,4.0816,10519119,1.0519,5860023850.2,5860023850.2,-4.8186,
600971.SH,恒源煤电,2016-07-26,4.0816,4.1791,4.0676,4.1791,15731939,1.5732,6000024420,6000024420,-4.9337,
600971.SH,恒源煤电,2016-07-27,4.1791,4.2,3.8796,3.9562,24742423,2.4742,5680023117.6,5680023117.6,-4.6706,
600971.SH,恒源煤电,2016-07-28,3.9562,4.0746,3.9283,4.0189,14418065,1.4418,5770023483.9,5770023483.9,-4.7446,
600971.SH,恒源煤电,2016-07-29,4.0119,4.1303,3.991,4.0467,17376839,1.7377,5810023646.7,5810023646.7,-4.7775,
600971.SH,恒源煤电,2016-08-01,4.0328,4.1025,3.9632,4.0885,13148306,1.3148,5870023890.9,5870023890.9,-4.8268,
600971.SH,恒源煤电,2016-08-02,4.0676,4.1234,4.0398,4.1164,11286611,1.1287,5910024053.7,5910024053.7,-4.8597,
600971.SH,恒源煤电,2016-08-03,4.1164,4.1791,4.0885,4.1303,14353681,1.4354,5930024135.1,5930024135.1,-4.8762,
600971.SH,恒源煤电,2016-08-04,4.1373,4.1512,4.0746,4.1025,9183878,0.9184,5890023972.3,5890023972.3,-4.8433,
600971.SH,恒源煤电,2016-08-05,4.1164,4.1373,4.0746,4.1025,9012256,0.9012,5890023972.3,5890023972.3,-4.8433,
600971.SH,恒源煤电,2016-08-08,4.1234,4.3602,4.1234,4.3323,30254528,3.0254,6220025315.4,6220025315.4,-5.1146,
600971.SH,恒源煤电,2016-08-09,4.2835,4.3184,4.2209,4.2696,16242967,1.6243,6130024949.1,6130024949.1,-5.0406,
600971.SH,恒源煤电,2016-08-10,4.2696,4.5622,4.2487,4.3532,36941833,3.6942,6250025437.5,6250025437.5,-5.1393,
600971.SH,恒源煤电,2016-08-11,4.3323,4.5482,4.3253,4.388,42018848,4.2019,6300025641,6300025641,-8.0321,
600971.SH,恒源煤电,2016-08-12,4.3184,4.4507,4.2627,4.4229,27923195,2.7923,6350025844.5,6350025844.5,-8.0959,
600971.SH,恒源煤电,2016-08-15,4.402,4.5204,4.3602,4.4229,44371631,4.4371,6350025844.5,6350025844.5,-8.0959,
600971.SH,恒源煤电,2016-08-16,4.4298,4.5761,4.402,4.5064,46650043,4.665,6470026332.9,6470026332.9,-8.2489,
600971.SH,恒源煤电,2016-08-17,4.5343,4.5343,4.4089,4.4229,22816975,2.2817,6350025844.5,6350025844.5,-8.0959,
600971.SH,恒源煤电,2016-08-18,4.4089,4.4995,4.2975,4.3393,32883683,3.2884,6230025356.1,6230025356.1,-7.9429,
600971.SH,恒源煤电,2016-08-19,4.3184,4.3671,4.2557,4.3462,19113687,1.9114,6240025396.8,6240025396.8,-7.9556,
600971.SH,恒源煤电,2016-08-22,4.3393,4.3602,4.2696,4.3253,15324573,1.5325,6210025274.7,6210025274.7,-7.9174,
600971.SH,恒源煤电,2016-08-23,4.3253,4.3532,4.2696,4.3044,12714417,1.2714,6180025152.6,6180025152.6,-7.8791,
600971.SH,恒源煤电,2016-08-24,4.3184,4.3184,4.2696,4.2905,9593143,0.9593,6160025071.2,6160025071.2,-7.8536,
600971.SH,恒源煤电,2016-08-25,4.2627,4.2975,4.1791,4.2209,16096595,1.6097,6060024664.2,6060024664.2,-7.7261,
600971.SH,恒源煤电,2016-08-26,4.2348,4.2766,4.193,4.2209,9228928,0.9229,6060024664.2,6060024664.2,-7.7261,
600971.SH,恒源煤电,2016-08-29,4.2418,4.2696,4.2209,4.2418,8791963,0.8792,6090024786.3,6090024786.3,-7.7644,
600971.SH,恒源煤电,2016-08-30,4.2418,4.2975,4.2418,4.2766,8387763,0.8388,6140024989.8,6140024989.8,-7.8281,
600971.SH,恒源煤电,2016-08-31,4.2975,4.3462,4.2905,4.3253,12648969,1.2649,6210025274.7,6210025274.7,-7.9174,
600971.SH,恒源煤电,2016-09-01,4.3114,4.3323,4.2,4.2069,12921490,1.2921,6040024582.8,6040024582.8,-7.7006,
600971.SH,恒源煤电,2016-09-02,4.2,4.2627,4.1791,4.2278,9396320,0.9396,6070024704.9,6070024704.9,-7.7389,
600971.SH,恒源煤电,2016-09-05,4.2487,4.402,4.2487,4.3044,19180284,1.918,6180025152.6,6180025152.6,-7.8791,
600971.SH,恒源煤电,2016-09-06,4.3044,4.3671,4.2766,4.3532,14573442,1.4573,6250025437.5,6250025437.5,-7.9684,
600971.SH,恒源煤电,2016-09-07,4.3323,4.3462,4.2627,4.2835,20952440,2.0952,6150025030.5,6150025030.5,-7.8409,
600971.SH,恒源煤电,2016-09-08,4.2766,4.3602,4.2557,4.3532,16076389,1.6076,6250025437.5,6250025437.5,-7.9684,
600971.SH,恒源煤电,2016-09-09,4.3741,4.402,4.2766,4.2766,14618490,1.4618,6140024989.8,6140024989.8,-7.8281,
600971.SH,恒源煤电,2016-09-12,4.2,4.2278,4.0537,4.0746,17071077,1.7071,5850023809.5,5850023809.5,-7.4584,
600971.SH,恒源煤电,2016-09-13,4.1234,4.1303,4.0746,4.0885,7021284,0.7021,5870023890.9,5870023890.9,-7.4839,
600971.SH,恒源煤电,2016-09-14,4.0816,4.1651,4.0676,4.0955,7414459,0.7414,5880023931.6,5880023931.6,-7.4967,
600971.SH,恒源煤电,2016-09-19,4.1094,4.1651,4.1094,4.1442,7919845,0.792,5950024216.5,5950024216.5,-7.5859,
600971.SH,恒源煤电,2016-09-20,4.1582,4.2139,4.1094,4.1791,10786828,1.0787,6000024420,6000024420,-7.6496,
600971.SH,恒源煤电,2016-09-21,4.1512,4.2069,4.1373,4.1721,7873539,0.7874,5990024379.3,5990024379.3,-7.6369,
600971.SH,恒源煤电,2016-09-22,4.2,4.2766,4.193,4.2139,12560435,1.256,6050024623.5,6050024623.5,-7.7134,
600971.SH,恒源煤电,2016-09-23,4.2139,4.2418,4.1791,4.2,8293593,0.8294,6030024542.1,6030024542.1,-7.6879,
600971.SH,恒源煤电,2016-09-26,4.2069,4.2835,4.1164,4.1442,13950983,1.3951,5950024216.5,5950024216.5,-7.5859,
600971.SH,恒源煤电,2016-09-27,4.1094,4.1721,4.0885,4.1651,9726689,0.9727,5980024338.6,5980024338.6,-7.6241,
600971.SH,恒源煤电,2016-09-28,4.1791,4.2139,4.1442,4.1721,10641142,1.0641,5990024379.3,5990024379.3,-7.6369,
600971.SH,恒源煤电,2016-09-29,4.2487,4.3253,4.2418,4.2975,21339105,2.1339,6170025111.9,6170025111.9,-7.8664,
600971.SH,恒源煤电,2016-09-30,4.2766,4.388,4.2627,4.3671,17801929,1.7802,6270025518.9,6270025518.9,-7.9939,
600971.SH,恒源煤电,2016-10-10,4.4229,4.4786,4.3462,4.4089,23011015,2.3011,6330025763.1,6330025763.1,-8.0704,
600971.SH,恒源煤电,2016-10-11,4.402,4.4368,4.3671,4.4298,17083756,1.7084,6360025885.2,6360025885.2,-8.1086,
600971.SH,恒源煤电,2016-10-12,4.4159,4.4229,4.3602,4.395,12391543,1.2391,6310025681.7,6310025681.7,-8.0449,
600971.SH,恒源煤电,2016-10-13,4.4159,4.4716,4.3741,4.395,18968053,1.8968,6310025681.7,6310025681.7,-8.0449,
600971.SH,恒源煤电,2016-10-14,4.3811,4.402,4.3114,4.395,11626304,1.1626,6310025681.7,6310025681.7,-8.0449,
600971.SH,恒源煤电,2016-10-17,4.4229,4.8338,4.4089,4.6179,58129821,5.813,6630026984.1,6630026984.1,-8.4529,
600971.SH,恒源煤电,2016-10-18,4.583,4.6875,4.5204,4.6666,33692360,3.3692,6700027269,6700027269,-8.5421,
600971.SH,恒源煤电,2016-10-19,4.7572,4.8477,4.597,4.6318,38409554,3.8409,6650027065.5,6650027065.5,-8.4784,
600971.SH,恒源煤电,2016-10-20,4.6597,4.6736,4.5552,4.6109,24943060,2.4943,6620026943.4,6620026943.4,-8.4401,
600971.SH,恒源煤电,2016-10-21,4.5761,4.6248,4.4925,4.5761,19716093,1.9716,6570026739.9,6570026739.9,-8.3764,
600971.SH,恒源煤电,2016-10-24,4.6039,5.0358,4.583,5.0358,86117399,8.6117,7230029426.1,7230029426.1,-9.2178,
600971.SH,恒源煤电,2016-10-25,5.1124,5.4955,5.0149,5.3422,101631638,10.1631,7670031216.9,7670031216.9,-9.7788,
600971.SH,恒源煤电,2016-10-26,5.2238,5.2587,5.0706,5.0845,59308319,5.9308,7300029711,7300029711,-9.3071,
600971.SH,恒源煤电,2016-10-27,5.0845,5.189,5.001,5.1194,44404994,4.4405,7350029914.5,7350029914.5,-9.3708,
600971.SH,恒源煤电,2016-10-28,5.0845,5.1681,5.0079,5.0636,33294355,3.3294,7270029588.9,7270029588.9,-9.2688,
600971.SH,恒源煤电,2016-10-31,5.0636,5.1054,4.9731,5.0845,23015289,2.3015,7300029711,7300029711,-19.8635,
600971.SH,恒源煤电,2016-11-01,5.0567,5.1542,4.994,5.0776,31003091,3.1003,7290029670.3,7290029670.3,-19.8363,
600971.SH,恒源煤电,2016-11-02,5.0776,5.2169,4.9104,4.9313,42002386,4.2002,7080028815.6,7080028815.6,-19.2649,
600971.SH,恒源煤电,2016-11-03,4.9104,5.0358,4.8408,5.0149,37010531,3.701,7200029304,7200029304,-19.5914,
600971.SH,恒源煤电,2016-11-04,5.0358,5.2447,4.994,5.0636,49478525,4.9478,7270029588.9,7270029588.9,-19.7819,
600971.SH,恒源煤电,2016-11-07,5.0915,5.3353,5.0497,5.1681,51039304,5.1039,7420030199.4,7420030199.4,-20.19,
600971.SH,恒源煤电,2016-11-08,5.1403,5.1612,4.9801,5.0219,37398629,3.7398,7210029344.7,7210029344.7,-19.6186,
600971.SH,恒源煤电,2016-11-09,5.0219,5.0985,4.8965,5.0567,32115830,3.2116,7260029548.2,7260029548.2,-19.7547,
600971.SH,恒源煤电,2016-11-10,5.0776,5.1333,5.0219,5.0706,25205568,2.5205,7280029629.6,7280029629.6,-19.8091,
600971.SH,恒源煤电,2016-11-11,5.0636,5.4885,5.0288,5.2726,57797934,5.7798,7570030809.9,7570030809.9,-20.5982,
600971.SH,恒源煤电,2016-11-14,5.182,5.7044,5.1751,5.4885,58634904,5.8635,7880032071.6,7880032071.6,-21.4417,
600971.SH,恒源煤电,2016-11-15,5.4398,5.6,5.2726,5.3144,38875848,3.8876,7630031054.1,7630031054.1,-20.7615,
600971.SH,恒源煤电,2016-11-16,5.3283,5.3562,5.196,5.2726,23727132,2.3727,7570030809.9,7570030809.9,-20.5982,
600971.SH,恒源煤电,2016-11-17,5.2238,5.3492,5.189,5.3005,19378462,1.9378,7610030972.7,7610030972.7,-20.707,
600971.SH,恒源煤电,2016-11-18,5.2656,5.2796,5.1194,5.1403,22439640,2.244,7380030036.6,7380030036.6,-20.0812,
600971.SH,恒源煤电,2016-11-21,5.1403,5.2238,5.0567,5.0776,20204489,2.0204,7290029670.3,7290029670.3,-19.8363,
600971.SH,恒源煤电,2016-11-22,5.1472,5.2517,5.1194,5.2169,26647242,2.6647,7490030484.3,7490030484.3,-20.3805,
600971.SH,恒源煤电,2016-11-23,5.189,5.2378,5.0149,5.0706,27611272,2.7611,7280029629.6,7280029629.6,-19.8091,
600971.SH,恒源煤电,2016-11-24,5.1542,5.2308,5.0567,5.0915,22295421,2.2295,7310029751.7,7310029751.7,-19.8907,
600971.SH,恒源煤电,2016-11-25,5.0427,5.0706,4.8965,5.0567,20960794,2.0961,7260029548.2,7260029548.2,-19.7547,
600971.SH,恒源煤电,2016-11-28,5.0636,5.1403,5.0358,5.1124,19001788,1.9002,7340029873.8,7340029873.8,-19.9724,
600971.SH,恒源煤电,2016-11-29,5.0567,5.0706,4.8965,4.9452,25103673,2.5104,7100028897,7100028897,-19.3193,
600971.SH,恒源煤电,2016-11-30,4.8617,4.9034,4.7502,4.792,17201751,1.7202,6880028001.6,6880028001.6,-18.7207,
600971.SH,恒源煤电,2016-12-01,4.8268,4.9174,4.799,4.8617,14351232,1.4351,6980028408.6,6980028408.6,-18.9928,
600971.SH,恒源煤电,2016-12-02,4.8268,4.9034,4.7502,4.7781,12868238,1.2868,6860027920.2,6860027920.2,-18.6663,
600971.SH,恒源煤电,2016-12-05,4.7711,4.8477,4.7224,4.8477,11629458,1.1629,6960028327.2,6960028327.2,-18.9384,
600971.SH,恒源煤电,2016-12-06,4.8268,4.8825,4.799,4.799,6887475,0.6887,6890028042.3,6890028042.3,-18.7479,
600971.SH,恒源煤电,2016-12-07,4.792,4.9383,4.7781,4.9174,16938723,1.6939,7060028734.2,7060028734.2,-19.2105,
600971.SH,恒源煤电,2016-12-08,4.9034,4.9104,4.8268,4.8477,10686429,1.0686,6960028327.2,6960028327.2,-18.9384,
600971.SH,恒源煤电,2016-12-09,4.799,4.8477,4.785,4.8199,9701509,0.9701,6920028164.4,6920028164.4,-18.8295,
600971.SH,恒源煤电,2016-12-12,4.8199,4.8756,4.5482,4.5622,19965797,1.9966,6550026658.5,6550026658.5,-17.8227,
600971.SH,恒源煤电,2016-12-13,4.5552,4.583,4.4646,4.5622,11081371,1.1081,6550026658.5,6550026658.5,-17.8227,
600971.SH,恒源煤电,2016-12-14,4.5273,4.6318,4.4786,4.5552,11922590,1.1923,6540026617.8,6540026617.8,-17.7955,
600971.SH,恒源煤电,2016-12-15,4.5552,4.6806,4.5343,4.583,16226373,1.6226,6580026780.6,6580026780.6,-17.9044,
600971.SH,恒源煤电,2016-12-16,4.583,4.6248,4.5552,4.59,8766735,0.8767,6590026821.3,6590026821.3,-17.9316,
600971.SH,恒源煤电,2016-12-19,4.583,4.6248,4.5413,4.6109,8383369,0.8383,6620026943.4,6620026943.4,-18.0132,
600971.SH,恒源煤电,2016-12-20,4.6109,4.6248,4.5413,4.583,7385256,0.7385,6580026780.6,6580026780.6,-17.9044,
600971.SH,恒源煤电,2016-12-21,4.59,4.6179,4.5761,4.6109,7633723,0.7634,6620026943.4,6620026943.4,-18.0132,
600971.SH,恒源煤电,2016-12-22,4.597,4.6039,4.5273,4.5482,9881631,0.9882,6530026577.1,6530026577.1,-17.7683,
600971.SH,恒源煤电,2016-12-23,4.5204,4.5482,4.3811,4.395,12208775,1.2209,6310025681.7,6310025681.7,-17.1697,
600971.SH,恒源煤电,2016-12-26,4.3602,4.3602,4.2418,4.3532,16120844,1.6121,6250025437.5,6250025437.5,-17.0064,
600971.SH,恒源煤电,2016-12-27,4.3253,4.3671,4.3114,4.3462,7591188,0.7591,6240025396.8,6240025396.8,-16.9792,
600971.SH,恒源煤电,2016-12-28,4.3602,4.395,4.3114,4.3532,7423193,0.7423,6250025437.5,6250025437.5,-17.0064,
600971.SH,恒源煤电,2016-12-29,4.3393,4.402,4.3184,4.3741,8058507,0.8058,6280025559.6,6280025559.6,-17.0881,
600971.SH,恒源煤电,2016-12-30,4.3462,4.402,4.3462,4.3671,5851743,0.5852,6270025518.9,6270025518.9,-17.0609,
600971.SH,恒源煤电,2017-01-03,4.388,4.4716,4.3811,4.4437,10640978,1.0641,6380025966.6,6380025966.6,-17.3602,
600971.SH,恒源煤电,2017-01-04,4.4298,4.5064,4.4298,4.4925,9211915,0.9212,6450026251.5,6450026251.5,-17.5506,
600971.SH,恒源煤电,2017-01-05,4.4925,4.6248,4.4786,4.5273,12646668,1.2647,6500026455,6500026455,-17.6867,
600971.SH,恒源煤电,2017-01-06,4.5064,4.6039,4.5064,4.5552,9082412,0.9082,6540026617.8,6540026617.8,-17.7955,
600971.SH,恒源煤电,2017-01-09,4.5413,4.6179,4.5273,4.6179,8449559,0.845,6630026984.1,6630026984.1,-18.0404,
600971.SH,恒源煤电,2017-01-10,4.6179,4.7154,4.5622,4.6318,14798703,1.4799,6650027065.5,6650027065.5,-18.0948,
600971.SH,恒源煤电,2017-01-11,4.6039,4.6875,4.5204,4.5343,11870869,1.1871,6510026495.7,6510026495.7,-17.7139,
600971.SH,恒源煤电,2017-01-12,4.5273,4.5552,4.4298,4.4437,7633116,0.7633,6380025966.6,6380025966.6,-17.3602,
600971.SH,恒源煤电,2017-01-13,4.4298,4.5064,4.4089,4.4437,7648585,0.7649,6380025966.6,6380025966.6,-17.3602,
600971.SH,恒源煤电,2017-01-16,4.4298,4.5134,4.2487,4.3393,11888447,1.1888,6230025356.1,6230025356.1,-16.952,
600971.SH,恒源煤电,2017-01-17,4.3323,4.402,4.3044,4.3602,9785924,0.9786,6260025478.2,6260025478.2,-17.0336,
600971.SH,恒源煤电,2017-01-18,4.3602,4.4437,4.3393,4.4298,7753362,0.7753,6360025885.2,6360025885.2,-17.3057,
600971.SH,恒源煤电,2017-01-19,4.4089,4.4786,4.388,4.4368,5604050,0.5604,6370025925.9,6370025925.9,-17.333,
600971.SH,恒源煤电,2017-01-20,4.4298,4.4995,4.4089,4.4925,6265939,0.6266,6450026251.5,6450026251.5,-17.5506,
600971.SH,恒源煤电,2017-01-23,4.5064,4.6388,4.4855,4.583,9144927,0.9145,6580026780.6,6580026780.6,-17.9044,
600971.SH,恒源煤电,2017-01-24,4.5622,4.6457,4.5413,4.6109,11419489,1.1419,6620026943.4,6620026943.4,-18.0132,
600971.SH,恒源煤电,2017-01-25,4.583,4.6039,4.5552,4.6039,5983981,0.5984,6610026902.7,6610026902.7,-17.986,
600971.SH,恒源煤电,2017-01-26,4.6179,4.6875,4.6039,4.6666,15053025,1.5053,6700027269,6700027269,-18.2309,
600971.SH,恒源煤电,2017-02-03,4.6806,4.7502,4.6318,4.6388,14869200,1.4869,6660027106.2,6660027106.2,-18.1221,
600971.SH,恒源煤电,2017-02-06,4.6457,4.6945,4.6179,4.6875,9157704,0.9158,6730027391.1,6730027391.1,-18.3125,
600971.SH,恒源煤电,2017-02-07,4.6666,4.7084,4.6248,4.6527,9084300,0.9084,6680027187.6,6680027187.6,-18.1765,
600971.SH,恒源煤电,2017-02-08,4.6597,4.7432,4.6039,4.7363,11698344,1.1698,6800027676,6800027676,-18.503,
600971.SH,恒源煤电,2017-02-09,4.7502,4.8408,4.7154,4.7711,11543160,1.1543,6850027879.5,6850027879.5,-18.6391,
600971.SH,恒源煤电,2017-02-10,4.792,4.9243,4.7641,4.8617,15647878,1.5648,6980028408.6,6980028408.6,-18.9928,
600971.SH,恒源煤电,2017-02-13,4.9661,5.3492,4.9243,5.3492,29457466,2.9457,7680031257.6,7680031257.6,-20.8975,
600971.SH,恒源煤电,2017-02-14,5.4467,5.5442,5.2656,5.4676,60620730,6.062,7850031949.5,7850031949.5,-21.3601,
600971.SH,恒源煤电,2017-02-15,5.3631,5.398,5.2378,5.2796,41662388,4.1662,7580030850.6,7580030850.6,-20.6254,
600971.SH,恒源煤电,2017-02-16,5.2726,5.391,5.2517,5.3005,36261385,3.6261,7610030972.7,7610030972.7,-20.707,
600971.SH,恒源煤电,2017-02-17,5.2447,5.2865,5.0845,5.1333,35375686,3.5376,7370029995.9,7370029995.9,-20.054,
600971.SH,恒源煤电,2017-02-20,5.182,5.3353,5.182,5.2656,29854023,2.9854,7560030769.2,7560030769.2,-20.571,
600971.SH,恒源煤电,2017-02-21,5.3005,5.3562,5.1681,5.2796,34607972,3.4608,7580030850.6,7580030850.6,-20.6254,
600971.SH,恒源煤电,2017-02-22,5.2517,5.3492,5.2378,5.3005,24428284,2.4428,7610030972.7,7610030972.7,-20.707,
600971.SH,恒源煤电,2017-02-23,5.3144,5.398,5.1472,5.2169,28571663,2.8572,7490030484.3,7490030484.3,-20.3805,
600971.SH,恒源煤电,2017-02-24,5.1681,5.2308,5.1054,5.2099,19148139,1.9148,7480030443.6,7480030443.6,-20.3533,
600971.SH,恒源煤电,2017-02-27,5.2378,5.3771,5.2238,5.2378,26922085,2.6922,7520030606.4,7520030606.4,-20.4621,
600971.SH,恒源煤电,2017-02-28,5.2238,5.3353,5.2029,5.3005,19061521,1.9061,7610030972.7,7610030972.7,-20.707,
600971.SH,恒源煤电,2017-03-01,5.3074,5.5373,5.2796,5.4746,42398081,4.2398,7860031990.2,7860031990.2,-21.3873,
600971.SH,恒源煤电,2017-03-02,5.4607,5.4955,5.3701,5.391,22932643,2.2933,7740031501.8,7740031501.8,-21.0608,
600971.SH,恒源煤电,2017-03-03,5.3283,5.3492,5.2378,5.2796,20367753,2.0368,7580030850.6,7580030850.6,-20.6254,
600971.SH,恒源煤电,2017-03-06,5.3005,5.4467,5.2796,5.3283,24189554,2.4189,7650031135.5,7650031135.5,-20.8159,
600971.SH,恒源煤电,2017-03-07,5.2935,5.398,5.189,5.2169,19046304,1.9046,7490030484.3,7490030484.3,-20.3805,
600971.SH,恒源煤电,2017-03-08,5.2099,5.2517,5.182,5.2308,8817109,0.8817,7510030565.7,7510030565.7,-20.4349,
600971.SH,恒源煤电,2017-03-09,5.189,5.196,5.0219,5.0776,18714001,1.8714,7290029670.3,7290029670.3,-19.8363,
600971.SH,恒源煤电,2017-03-10,5.0776,5.196,5.0776,5.1194,12676975,1.2677,7350029914.5,7350029914.5,-19.9996,
600971.SH,恒源煤电,2017-03-13,5.1194,5.4467,5.0915,5.3562,27173349,2.7173,7690031298.3,7690031298.3,-20.9247,
600971.SH,恒源煤电,2017-03-14,5.3631,5.4119,5.2865,5.3005,15806792,1.5807,7610030972.7,7610030972.7,-20.707,
600971.SH,恒源煤电,2017-03-15,5.3005,5.4049,5.3005,5.3771,19074057,1.9074,7720031420.4,7720031420.4,-21.0063,
600971.SH,恒源煤电,2017-03-16,5.3771,5.5094,5.3771,5.4258,23103980,2.3104,7790031705.3,7790031705.3,-21.1968,
600971.SH,恒源煤电,2017-03-17,5.4467,5.5303,5.3144,5.391,19619920,1.962,7740031501.8,7740031501.8,-21.0608,
600971.SH,恒源煤电,2017-03-20,5.7114,5.8925,5.5164,5.6835,38443189,3.8443,8160033211.2,8160033211.2,-22.2036,
600971.SH,恒源煤电,2017-03-21,5.6487,5.7323,5.5373,5.5651,22361672,2.2362,7990032519.3,7990032519.3,-21.741,
600971.SH,恒源煤电,2017-03-22,5.5094,5.6975,5.4746,5.6209,23800653,2.3801,8070032844.9,8070032844.9,-21.9587,
600971.SH,恒源煤电,2017-03-23,5.6209,5.6905,5.5024,5.6,17957533,1.7957,8040032722.8,8040032722.8,-21.8771,
600971.SH,恒源煤电,2017-03-24,5.593,5.6696,5.5303,5.5791,16328350,1.6328,8010032600.7,8010032600.7,-21.7954,
600971.SH,恒源煤电,2017-03-27,5.593,5.6209,5.3631,5.3701,24964053,2.4964,7710031379.7,7710031379.7,-20.9791,
600971.SH,恒源煤电,2017-03-28,5.3701,5.5164,5.3492,5.4537,15920714,1.5921,7830031868.1,7830031868.1,-21.3057,
600971.SH,恒源煤电,2017-03-29,5.4815,5.8019,5.4746,5.7184,29078490,2.9078,8210033414.7,8210033414.7,-22.3397,
600971.SH,恒源煤电,2017-03-30,5.8159,6.0736,5.7184,5.8019,44351150,4.4351,8330033903.1,8330033903.1,-22.6662,
600971.SH,恒源煤电,2017-03-31,5.7323,6.1432,5.7253,6.1223,35911202,3.5911,8790035775.3,8790035775.3,-23.9178,
600971.SH,恒源煤电,2017-04-05,6.0945,6.3522,6.0666,6.1572,31146601,3.1146,8840035978.8,8840035978.8,-24.0539,
600971.SH,恒源煤电,2017-04-06,6.0666,6.1502,5.9552,6.1363,34184504,3.4184,8810035856.7,8810035856.7,249.6706,
600971.SH,恒源煤电,2017-04-07,6.0945,6.3104,6.0248,6.2547,27560147,2.756,8980036548.6,8980036548.6,254.4883,
600971.SH,恒源煤电,2017-04-10,6.3174,6.4009,6.192,6.2756,21844139,2.1844,9010036670.7,9010036670.7,255.3385,
600971.SH,恒源煤电,2017-04-11,6.0248,6.0945,5.6487,5.6835,65254178,6.5254,8160033211.2,8160033211.2,231.25,
600971.SH,恒源煤电,2017-04-12,5.6766,5.7393,5.593,5.6835,30096663,3.0097,8160033211.2,8160033211.2,231.25,
600971.SH,恒源煤电,2017-04-13,5.6766,5.7462,5.6,5.6069,18914474,1.8914,8050032763.5,8050032763.5,228.1326,
600971.SH,恒源煤电,2017-04-14,5.6209,5.6417,5.4258,5.4676,30398329,3.0398,7850031949.5,7850031949.5,222.4648,
600971.SH,恒源煤电,2017-04-17,5.4328,5.5233,5.3492,5.4676,18354732,1.8355,7850031949.5,7850031949.5,222.4648,
600971.SH,恒源煤电,2017-04-18,5.4607,5.5373,5.4398,5.4467,14821812,1.4822,7820031827.4,7820031827.4,221.6146,
600971.SH,恒源煤电,2017-04-19,5.398,5.4258,5.2029,5.2517,21643960,2.1644,7540030687.8,7540030687.8,213.6795,
600971.SH,恒源煤电,2017-04-20,5.2517,5.2796,5.1124,5.2378,17303342,1.7303,7520030606.4,7520030606.4,213.1127,
600971.SH,恒源煤电,2017-04-21,5.2517,5.3771,5.2238,5.3701,15628988,1.5629,7710031379.7,7710031379.7,218.4972,
600971.SH,恒源煤电,2017-04-24,5.3353,5.4119,5.196,5.3631,15600514,1.56,7700031339,7700031339,218.2138,
600971.SH,恒源煤电,2017-04-25,5.3492,5.4119,5.2587,5.3492,12444100,1.2444,7680031257.6,7680031257.6,217.647,
600971.SH,恒源煤电,2017-04-26,5.3631,5.4746,5.3214,5.4607,15481514,1.5481,7840031908.8,7840031908.8,222.1814,
600971.SH,恒源煤电,2017-04-27,5.4398,5.4885,5.3283,5.4119,21202791,2.1203,7770031623.9,7770031623.9,24.4251,
600971.SH,恒源煤电,2017-04-28,5.384,5.4328,5.3631,5.4119,12765580,1.2766,7770031623.9,7770031623.9,24.4251,
600971.SH,恒源煤电,2017-05-02,5.3701,5.4467,5.2726,5.2935,16802465,1.6802,7600030932,7600030932,23.8907,
600971.SH,恒源煤电,2017-05-03,5.2656,5.3492,5.2238,5.3214,13280308,1.328,7640031094.8,7640031094.8,24.0165,
600971.SH,恒源煤电,2017-05-04,5.2726,5.3214,5.1612,5.1681,14937378,1.4937,7420030199.4,7420030199.4,23.3249,
600971.SH,恒源煤电,2017-05-05,5.1194,5.1194,4.8268,4.8825,26480607,2.648,7010028530.7,7010028530.7,22.036,
600971.SH,恒源煤电,2017-05-08,4.8408,4.9034,4.792,4.8408,10805468,1.0805,6950028286.5,6950028286.5,21.8474,
600971.SH,恒源煤电,2017-05-09,4.8477,4.9174,4.8059,4.8895,10806200,1.0806,7020028571.4,7020028571.4,22.0675,
600971.SH,恒源煤电,2017-05-10,4.8825,4.9104,4.6875,4.7015,15000236,1.5,6750027472.5,6750027472.5,21.2187,
600971.SH,恒源煤电,2017-05-11,4.6597,4.7293,4.5761,4.7084,12848999,1.2849,6760027513.2,6760027513.2,21.2502,
600971.SH,恒源煤电,2017-05-12,4.6875,4.785,4.6736,4.7711,13072934,1.3073,6850027879.5,6850027879.5,21.5331,
600971.SH,恒源煤电,2017-05-15,4.785,4.8547,4.7572,4.7781,10679827,1.068,6860027920.2,6860027920.2,21.5645,
600971.SH,恒源煤电,2017-05-16,4.792,4.9174,4.7224,4.9034,15799052,1.5799,7040028652.8,7040028652.8,22.1303,
600971.SH,恒源煤电,2017-05-17,4.9243,4.9801,4.8477,4.8686,16248306,1.6248,6990028449.3,6990028449.3,21.9732,
600971.SH,恒源煤电,2017-05-18,4.8129,4.9174,4.8059,4.8686,8988713,0.8989,6990028449.3,6990028449.3,21.9732,
600971.SH,恒源煤电,2017-05-19,4.8617,4.8895,4.8129,4.8199,8417455,0.8417,6920028164.4,6920028164.4,21.7531,
600971.SH,恒源煤电,2017-05-22,4.8268,4.9313,4.7781,4.799,11473303,1.1473,6890028042.3,6890028042.3,21.6588,
600971.SH,恒源煤电,2017-05-23,4.799,4.8895,4.7224,4.785,13159580,1.316,6870027960.9,6870027960.9,21.5959,
600971.SH,恒源煤电,2017-05-24,4.7432,4.8059,4.6666,4.7781,10894360,1.0894,6860027920.2,6860027920.2,21.5645,
600971.SH,恒源煤电,2017-05-25,4.7641,5.0497,4.7432,5.0358,23379074,2.3379,7230029426.1,7230029426.1,22.7276,
600971.SH,恒源煤电,2017-05-26,5.0567,5.1124,4.9731,4.994,18815493,1.8815,7170029181.9,7170029181.9,22.539,
600971.SH,恒源煤电,2017-05-31,5.0358,5.0636,4.9313,4.9452,14618770,1.4619,7100028897,7100028897,22.319,
600971.SH,恒源煤电,2017-06-01,4.8895,4.987,4.8686,4.9034,14108692,1.4109,7040028652.8,7040028652.8,22.1303,
600971.SH,恒源煤电,2017-06-02,4.8756,5.0288,4.8756,5.0149,10711873,1.0712,7200029304,7200029304,22.6333,
600971.SH,恒源煤电,2017-06-05,5.0497,5.196,5.0288,5.0567,15474890,1.5475,7260029548.2,7260029548.2,22.8219,
600971.SH,恒源煤电,2017-06-06,5.001,5.1542,5.001,5.1333,10697222,1.0697,7370029995.9,7370029995.9,23.1677,
600971.SH,恒源煤电,2017-06-07,5.0915,5.189,5.0358,5.182,17187118,1.7187,7440030280.8,7440030280.8,23.3878,
600971.SH,恒源煤电,2017-06-08,5.1542,5.182,5.0706,5.1124,13571898,1.3572,7340029873.8,7340029873.8,23.0734,
600971.SH,恒源煤电,2017-06-09,5.1194,5.1333,5.0636,5.1194,8113366,0.8113,7350029914.5,7350029914.5,23.1048,
600971.SH,恒源煤电,2017-06-12,5.0915,5.182,5.0915,5.0985,12791120,1.2791,7320029792.4,7320029792.4,23.0105,
600971.SH,恒源煤电,2017-06-13,5.0915,5.3631,5.0776,5.2726,29555469,2.9555,7570030809.9,7570030809.9,23.7964,
600971.SH,恒源煤电,2017-06-14,5.2517,5.3492,5.2308,5.3214,20647227,2.0647,7640031094.8,7640031094.8,24.0165,
600971.SH,恒源煤电,2017-06-15,5.3144,5.391,5.2796,5.3074,12241995,1.2242,7620031013.4,7620031013.4,23.9536,
600971.SH,恒源煤电,2017-06-16,5.3005,5.3353,5.2447,5.2935,8766542,0.8767,7600030932,7600030932,23.8907,
600971.SH,恒源煤电,2017-06-19,5.2587,5.4607,5.2587,5.4189,23084382,2.3084,7780031664.6,7780031664.6,24.4565,
600971.SH,恒源煤电,2017-06-20,5.398,5.4467,5.3631,5.384,12422819,1.2423,7730031461.1,7730031461.1,24.2994,
600971.SH,恒源煤电,2017-06-21,5.391,5.4398,5.3353,5.4328,13093214,1.3093,7800031746,7800031746,24.5194,
600971.SH,恒源煤电,2017-06-22,5.4398,5.4885,5.3562,5.3701,15732974,1.5733,7710031379.7,7710031379.7,24.2365,
600971.SH,恒源煤电,2017-06-23,5.3422,5.4467,5.2447,5.384,16401729,1.6402,7730031461.1,7730031461.1,24.2994,
600971.SH,恒源煤电,2017-06-26,5.3562,5.5373,5.3562,5.5094,19362922,1.9363,7910032193.7,7910032193.7,24.8652,
600971.SH,恒源煤电,2017-06-27,5.5024,5.6417,5.4537,5.5721,21640719,2.1641,8000032560,8000032560,25.1481,
600971.SH,恒源煤电,2017-06-28,5.5373,5.7114,5.5094,5.6348,24872270,2.4872,8090032926.3,8090032926.3,25.431,
600971.SH,恒源煤电,2017-06-29,5.6766,5.8228,5.6417,5.7044,25869108,2.5869,8190033333.3,8190033333.3,25.7454,
600971.SH,恒源煤电,2017-06-30,5.6557,5.7184,5.6069,5.6626,14393985,1.4394,8130033089.1,8130033089.1,25.5568,
600971.SH,恒源煤电,2017-07-03,5.6696,5.8646,5.6209,5.8368,21915542,2.1915,8380034106.6,8380034106.6,26.3427,
600971.SH,恒源煤电,2017-07-04,5.795,5.8228,5.7462,5.8089,14385491,1.4385,8340033943.8,8340033943.8,26.2169,
600971.SH,恒源煤电,2017-07-05,5.8646,5.9204,5.8019,5.8298,20535060,2.0535,8370034065.9,8370034065.9,26.3112,
600971.SH,恒源煤电,2017-07-06,5.9412,6.0875,5.8577,5.9134,36141828,3.6142,8490034554.3,8490034554.3,26.6884,
600971.SH,恒源煤电,2017-07-07,5.8925,6.2338,5.8716,6.185,38219465,3.8219,8880036141.6,8880036141.6,27.9144,
600971.SH,恒源煤电,2017-07-10,6.1502,6.394,6.1363,6.2895,42704910,4.2705,9030036752.1,9030036752.1,28.3859,
600971.SH,恒源煤电,2017-07-11,6.2825,6.2965,5.9552,5.983,35147043,3.5147,8590034961.3,8590034961.3,27.0028,
600971.SH,恒源煤电,2017-07-12,6.0248,6.2407,5.8995,6.2199,34022523,3.4022,8930036345.1,8930036345.1,28.0716,
600971.SH,恒源煤电,2017-07-13,6.4706,6.7213,6.3801,6.5472,71682568,7.1682,9400038258,9400038258,29.549,
600971.SH,恒源煤电,2017-07-14,6.6029,6.7074,6.4915,6.596,45044773,4.5045,9470038542.9,9470038542.9,29.7691,
600971.SH,恒源煤电,2017-07-17,6.5681,7.1253,6.3731,6.8885,71169820,7.117,9890040252.3,9890040252.3,31.0894,
600971.SH,恒源煤电,2017-07-18,6.8049,7.4248,6.7771,7.3761,68925867,6.8926,10590043101.3,10590043101.3,33.2898,
600971.SH,恒源煤电,2017-07-19,7.3064,8.1144,7.2855,8.1144,109106097,10.9106,11650047415.5,11650047415.5,36.622,
600971.SH,恒源煤电,2017-07-20,8.1562,8.3581,7.8845,8.2746,90576711,9.0576,11880048351.6,11880048351.6,37.345,
600971.SH,恒源煤电,2017-07-21,8.1144,8.6994,8.0865,8.4696,88074962,8.8075,12160049491.2,12160049491.2,38.2251,
600971.SH,恒源煤电,2017-07-24,8.3581,8.5323,8.0238,8.2328,80788846,8.0789,11820048107.4,11820048107.4,37.1563,
600971.SH,恒源煤电,2017-07-25,8.2188,8.2746,7.9681,8.2258,58641376,5.8641,11810048066.7,11810048066.7,37.1249,
600971.SH,恒源煤电,2017-07-26,8.3233,8.5253,8.0865,8.2258,81672635,8.1672,11810048066.7,11810048066.7,37.1249,
600971.SH,恒源煤电,2017-07-27,8.0865,8.1422,7.4596,7.5363,103250811,10.325,10820044037.4,10820044037.4,34.0128,
600971.SH,恒源煤电,2017-07-28,7.4945,7.7591,7.4945,7.6547,65651062,6.5651,10990044729.3,10990044729.3,34.5472,
600971.SH,恒源煤电,2017-07-31,7.6756,8.4208,7.6338,8.3024,107877479,10.7877,11920048514.4,11920048514.4,37.4707,
600971.SH,恒源煤电,2017-08-01,8.2188,8.2467,7.7382,7.8288,77759939,7.776,11240045746.8,11240045746.8,35.3331,
600971.SH,恒源煤电,2017-08-02,7.8218,8.3372,7.7731,7.8984,76389446,7.6389,11340046153.8,11340046153.8,35.6475,
600971.SH,恒源煤电,2017-08-03,7.8149,8.0795,7.7382,8.0517,45208870,4.5209,11560047049.2,11560047049.2,36.339,
600971.SH,恒源煤电,2017-08-04,8.0865,8.6019,7.7661,7.794,91799436,9.1799,11190045543.3,11190045543.3,35.1759,
600971.SH,恒源煤电,2017-08-07,7.7034,8.3303,7.5014,8.3094,73093508,7.3093,11930048555.1,11930048555.1,37.5021,
600971.SH,恒源煤电,2017-08-08,8.2188,8.4208,7.9263,8.0935,71367949,7.1368,11620047293.4,11620047293.4,36.5276,
600971.SH,恒源煤电,2017-08-09,8.1283,8.9014,7.9193,8.9014,119104697,11.9104,12780052014.6,12780052014.6,40.1741,
600971.SH,恒源煤电,2017-08-10,8.6785,8.7621,8.3999,8.6298,79897242,7.9897,12390050427.3,12390050427.3,38.9482,
600971.SH,恒源煤电,2017-08-11,8.4557,8.6855,7.7661,7.7661,74402971,7.4403,11150045380.5,11150045380.5,35.0502,
600971.SH,恒源煤电,2017-08-14,7.6965,8.0029,7.6616,7.8706,46297187,4.6297,11300045991,11300045991,35.5217,
600971.SH,恒源煤电,2017-08-15,7.78,8.0308,7.5781,7.8915,38854379,3.8854,11330046113.1,11330046113.1,35.616,
600971.SH,恒源煤电,2017-08-16,7.9402,8.0656,7.6895,7.8288,34946845,3.4947,11240045746.8,11240045746.8,35.3331,
600971.SH,恒源煤电,2017-08-17,8.0586,8.3024,7.8776,8.2537,60342043,6.0342,11850048229.5,11850048229.5,37.2507,
600971.SH,恒源煤电,2017-08-18,8.0447,8.3024,8.0169,8.2815,40328684,4.0329,11890048392.3,11890048392.3,37.3764,
600971.SH,恒源煤电,2017-08-21,8.2258,8.5392,8.1074,8.3094,52600350,5.26,11930048555.1,11930048555.1,19.5619,
600971.SH,恒源煤电,2017-08-22,8.2537,8.2815,8.0308,8.0726,37090310,3.709,11590047171.3,11590047171.3,19.0044,
600971.SH,恒源煤电,2017-08-23,7.9402,7.996,7.6338,7.7382,43305690,4.3306,11110045217.7,11110045217.7,18.2173,
600971.SH,恒源煤电,2017-08-24,7.7661,7.8218,7.592,7.7243,26029647,2.603,11090045136.3,11090045136.3,18.1845,
600971.SH,恒源煤电,2017-08-25,7.8427,8.1979,7.7661,7.996,52696803,5.2697,11480046723.6,11480046723.6,18.824,
600971.SH,恒源煤电,2017-08-28,7.8845,8.1353,7.8497,8.1213,40711796,4.0712,11660047456.2,11660047456.2,19.1191,
600971.SH,恒源煤电,2017-08-29,8.0795,8.3024,7.9681,8.0029,39949918,3.995,11490046764.3,11490046764.3,18.8404,
600971.SH,恒源煤电,2017-08-30,7.9054,8.7761,7.8776,8.4348,86942635,8.6942,12110049287.7,12110049287.7,19.857,
600971.SH,恒源煤电,2017-08-31,8.4417,9.0198,8.2815,8.8178,100563935,10.0564,12660051526.2,12660051526.2,20.7589,
600971.SH,恒源煤电,2017-09-01,8.992,9.4308,8.8318,8.9641,118652459,11.8652,12870052380.9,12870052380.9,21.1032,
600971.SH,恒源煤电,2017-09-04,8.9711,9.0825,8.6367,8.8387,66716746,6.6716,12690051648.3,12690051648.3,20.8081,
600971.SH,恒源煤电,2017-09-05,8.8178,9.0895,8.6785,8.9223,53495364,5.3495,12810052136.7,12810052136.7,21.0048,
600971.SH,恒源煤电,2017-09-06,8.8109,9.0059,8.7064,8.7134,47692662,4.7692,12510050915.7,12510050915.7,20.5129,
600971.SH,恒源煤电,2017-09-07,8.7761,8.9432,8.6228,8.7412,45886509,4.5886,12550051078.5,12550051078.5,20.5785,
600971.SH,恒源煤电,2017-09-08,8.7761,8.978,8.5601,8.6925,44912081,4.4912,12480050793.6,12480050793.6,20.4637,
600971.SH,恒源煤电,2017-09-11,8.5671,8.8805,8.4626,8.8527,37282543,3.7282,12710051729.7,12710051729.7,20.8408,
600971.SH,恒源煤电,2017-09-12,8.9502,9.0686,8.7412,8.7691,50566157,5.0566,12590051241.3,12590051241.3,20.6441,
600971.SH,恒源煤电,2017-09-13,8.7691,9.0477,8.7134,8.9154,46132428,4.6132,12800052096,12800052096,20.9884,
600971.SH,恒源煤电,2017-09-14,8.8527,8.9641,8.6228,8.6855,38626862,3.8627,12470050752.9,12470050752.9,20.4473,
600971.SH,恒源煤电,2017-09-15,8.6367,8.6785,7.9402,8.0447,54904498,5.4904,11550047008.5,11550047008.5,18.9388,
600971.SH,恒源煤电,2017-09-18,8.0099,8.1213,7.9402,8.0935,25918627,2.5919,11620047293.4,11620047293.4,19.0536,
600971.SH,恒源煤电,2017-09-19,8.1422,8.2467,8.0377,8.0795,23240831,2.3241,11600047212,11600047212,19.0208,
600971.SH,恒源煤电,2017-09-20,8.0865,8.2537,7.989,8.2049,24443952,2.4444,11780047944.6,11780047944.6,19.3159,
600971.SH,恒源煤电,2017-09-21,8.1422,8.1979,7.9263,7.9402,20409691,2.041,11400046398,11400046398,18.6928,
600971.SH,恒源煤电,2017-09-22,7.8776,8.0726,7.794,7.982,20546819,2.0547,11460046642.2,11460046642.2,18.7912,
600971.SH,恒源煤电,2017-09-25,7.9193,7.989,7.6547,7.7174,20853655,2.0854,11080045095.6,11080045095.6,18.1681,
600971.SH,恒源煤电,2017-09-26,7.787,7.9124,7.7313,7.8218,21097250,2.1097,11230045706.1,11230045706.1,18.4141,
600971.SH,恒源煤电,2017-09-27,7.8497,8.0935,7.8218,8.0029,22265966,2.2266,11490046764.3,11490046764.3,18.8404,
600971.SH,恒源煤电,2017-09-28,7.9611,7.989,7.8149,7.8288,17428253,1.7428,11240045746.8,11240045746.8,18.4305,
600971.SH,恒源煤电,2017-09-29,7.787,7.9472,7.7731,7.9263,14062694,1.4063,11380046316.6,11380046316.6,18.66,
600971.SH,恒源煤电,2017-10-09,8.0238,8.0377,7.8218,7.8915,19207949,1.9208,11330046113.1,11330046113.1,18.578,
600971.SH,恒源煤电,2017-10-10,7.8427,7.8706,7.5223,7.6616,22942923,2.2943,11000044770,11000044770,18.0369,
600971.SH,恒源煤电,2017-10-11,7.6338,7.7174,7.5363,7.6129,12311197,1.2311,10930044485.1,10930044485.1,17.9221,
600971.SH,恒源煤电,2017-10-12,7.6059,7.6965,7.3203,7.4805,34114013,3.4114,10740043711.8,10740043711.8,17.6106,
600971.SH,恒源煤电,2017-10-13,7.4805,7.7174,7.4805,7.6825,23025365,2.3025,11030044892.1,11030044892.1,18.0861,
600971.SH,恒源煤电,2017-10-16,7.6825,7.787,7.5154,7.6756,22659107,2.2659,11020044851.4,11020044851.4,18.0697,
600971.SH,恒源煤电,2017-10-17,7.5502,7.6477,7.5223,7.5502,13139180,1.3139,10840044118.8,10840044118.8,17.7746,
600971.SH,恒源煤电,2017-10-18,7.5502,7.6407,7.2646,7.3064,16114090,1.6114,10490042694.3,10490042694.3,17.2007,
600971.SH,恒源煤电,2017-10-19,7.2159,7.2298,7.0626,7.1114,16380586,1.6381,10210041554.7,10210041554.7,16.7415,
600971.SH,恒源煤电,2017-10-20,7.0905,7.2994,7.0905,7.2855,13576472,1.3576,10460042572.2,10460042572.2,17.1515,
600971.SH,恒源煤电,2017-10-23,7.2368,7.2786,7.1184,7.2646,11519696,1.152,10430042450.1,10430042450.1,17.1023,
600971.SH,恒源煤电,2017-10-24,7.2716,7.3412,7.195,7.2994,10494792,1.0495,10480042653.6,10480042653.6,17.1843,
600971.SH,恒源煤电,2017-10-25,7.3064,7.5154,7.2994,7.4596,17626069,1.7626,10710043589.7,10710043589.7,17.5614,
600971.SH,恒源煤电,2017-10-26,7.4527,7.78,7.4039,7.7034,25948909,2.5949,11060045014.2,11060045014.2,18.1353,
600971.SH,恒源煤电,2017-10-27,7.7243,7.787,7.4387,7.4457,25531877,2.5532,10690043508.3,10690043508.3,12.2863,
600971.SH,恒源煤电,2017-10-30,7.383,7.4318,7.1184,7.1462,17452423,1.7452,10260041758.2,10260041758.2,11.7921,
600971.SH,恒源煤电,2017-10-31,7.1044,7.397,7.0975,7.3691,14511400,1.4511,10580043060.6,10580043060.6,12.1599,
600971.SH,恒源煤电,2017-11-01,7.3761,7.4039,7.2437,7.2716,11301492,1.1301,10440042490.8,10440042490.8,11.999,
600971.SH,恒源煤电,2017-11-02,7.3343,7.4736,7.2716,7.3064,15767207,1.5767,10490042694.3,10490042694.3,12.0565,
600971.SH,恒源煤电,2017-11-03,7.2786,7.3064,6.9721,7.0696,17867250,1.7867,10150041310.5,10150041310.5,11.6657,
600971.SH,恒源煤电,2017-11-06,7.1184,7.2646,6.9303,7.2228,16462018,1.6462,10370042205.9,10370042205.9,11.9185,
600971.SH,恒源煤电,2017-11-07,7.2298,7.6407,7.1114,7.4875,34031639,3.4032,10750043752.5,10750043752.5,12.3553,
600971.SH,恒源煤电,2017-11-08,7.39,7.5711,7.3552,7.4805,24456380,2.4456,10740043711.8,10740043711.8,12.3438,
600971.SH,恒源煤电,2017-11-09,7.5989,7.7591,7.4736,7.5223,31480014,3.148,10800043956,10800043956,12.4128,
600971.SH,恒源煤电,2017-11-10,7.4666,7.5084,7.3552,7.4387,18455333,1.8455,10680043467.6,10680043467.6,12.2748,
600971.SH,恒源煤电,2017-11-13,7.39,7.6756,7.3482,7.6686,30743322,3.0743,11010044810.7,11010044810.7,12.6541,
600971.SH,恒源煤电,2017-11-14,7.6268,7.8845,7.6059,7.7243,41119476,4.1119,11090045136.3,11090045136.3,12.7461,
600971.SH,恒源煤电,2017-11-15,7.6616,7.6616,7.4527,7.5989,22142413,2.2142,10910044403.7,10910044403.7,12.5392,
600971.SH,恒源煤电,2017-11-16,7.5223,7.6965,7.4736,7.5502,19012280,1.9012,10840044118.8,10840044118.8,12.4587,
600971.SH,恒源煤电,2017-11-17,7.5781,7.5781,6.9024,7.0348,35398585,3.5398,10100041107,10100041107,11.6082,
600971.SH,恒源煤电,2017-11-20,7.0208,7.1671,6.8258,7.1671,18644387,1.8644,10290041880.3,10290041880.3,11.8266,
600971.SH,恒源煤电,2017-11-21,7.1462,7.2577,7.0348,7.0975,17346455,1.7346,10190041473.3,10190041473.3,11.7117,
600971.SH,恒源煤电,2017-11-22,7.2089,7.2577,7.0208,7.2089,19394163,1.9394,10350042124.5,10350042124.5,11.8956,
600971.SH,恒源煤电,2017-11-23,7.2368,7.3412,7.0557,7.0626,24870251,2.487,10140041269.8,10140041269.8,11.6542,
600971.SH,恒源煤电,2017-11-24,6.9999,7.2228,6.8606,7.181,20825030,2.0825,10310041961.7,10310041961.7,11.8496,
600971.SH,恒源煤电,2017-11-27,7.2437,7.3134,7.0487,7.0905,18285547,1.8285,10180041432.6,10180041432.6,11.7002,
600971.SH,恒源煤电,2017-11-28,7.0626,7.4736,7.0139,7.4596,30132299,3.0132,10710043589.7,10710043589.7,12.3093,
600971.SH,恒源煤电,2017-11-29,7.4248,7.7104,7.39,7.6268,45651060,4.5651,10950044566.5,10950044566.5,12.5852,
600971.SH,恒源煤电,2017-11-30,7.6825,7.7243,7.5572,7.6059,32618739,3.2619,10920044444.4,10920044444.4,12.5507,
600971.SH,恒源煤电,2017-12-01,7.5711,7.6268,7.383,7.5363,22637517,2.2637,10820044037.4,10820044037.4,12.4357,
600971.SH,恒源煤电,2017-12-04,7.6338,7.7522,7.4387,7.5781,25585405,2.5585,10880044281.6,10880044281.6,12.5047,
600971.SH,恒源煤电,2017-12-05,7.5084,7.5223,7.1253,7.2019,26486961,2.6487,10340042083.8,10340042083.8,11.8841,
600971.SH,恒源煤电,2017-12-06,7.1184,7.2368,7.0069,7.2089,21251729,2.1252,10350042124.5,10350042124.5,11.8956,
600971.SH,恒源煤电,2017-12-07,7.1114,7.1601,6.9442,6.9512,20092613,2.0093,9980040618.6,9980040618.6,11.4703,
600971.SH,恒源煤电,2017-12-08,6.9373,7.0975,6.9164,7.0557,14937716,1.4938,10130041229.1,10130041229.1,11.6427,
600971.SH,恒源煤电,2017-12-11,7.1323,7.1671,7.0417,7.1253,12050574,1.2051,10230041636.1,10230041636.1,11.7576,
600971.SH,恒源煤电,2017-12-12,7.1114,7.1462,6.9512,6.9651,14026214,1.4026,10000040700,10000040700,11.4933,
600971.SH,恒源煤电,2017-12-13,6.9442,7.0696,6.9303,7.0626,10985080,1.0985,10140041269.8,10140041269.8,11.6542,
600971.SH,恒源煤电,2017-12-14,7.0208,7.0835,6.9164,6.9721,13220215,1.322,10010040740.7,10010040740.7,11.5048,
600971.SH,恒源煤电,2017-12-15,6.9651,7.0139,6.8746,6.8885,10205493,1.0205,9890040252.3,9890040252.3,11.3669,
600971.SH,恒源煤电,2017-12-18,6.9442,7.2786,6.9442,7.2716,31059649,3.106,10440042490.8,10440042490.8,11.999,
600971.SH,恒源煤电,2017-12-19,7.2368,7.3064,7.1323,7.2159,19301301,1.9301,10360042165.2,10360042165.2,11.9071,
600971.SH,恒源煤电,2017-12-20,7.1741,7.2577,6.9999,7.0626,19204583,1.9205,10140041269.8,10140041269.8,11.6542,
600971.SH,恒源煤电,2017-12-21,7.0069,7.1253,6.9442,7.0696,13060664,1.3061,10150041310.5,10150041310.5,11.6657,
600971.SH,恒源煤电,2017-12-22,7.0696,7.1741,7.0626,7.0696,13476941,1.3477,10150041310.5,10150041310.5,11.6657,
600971.SH,恒源煤电,2017-12-25,7.0766,7.0835,6.9303,6.9582,13432559,1.3433,9990040659.3,9990040659.3,11.4818,
600971.SH,恒源煤电,2017-12-26,6.9512,7.0835,6.9164,7.0626,10246696,1.0247,10140041269.8,10140041269.8,11.6542,
600971.SH,恒源煤电,2017-12-27,7.0487,7.3482,7.0348,7.1114,25901828,2.5902,10210041554.7,10210041554.7,11.7347,
600971.SH,恒源煤电,2017-12-28,7.1044,7.3691,7.0557,7.3203,33385062,3.3385,10510042775.7,10510042775.7,12.0794,
600971.SH,恒源煤电,2017-12-29,7.3134,7.3621,7.195,7.2646,16667259,1.6667,10430042450.1,10430042450.1,11.9875,
600971.SH,恒源煤电,2018-01-02,7.2925,7.6059,7.2855,7.5432,35031054,3.5031,10830044078.1,10830044078.1,12.4472,
600971.SH,恒源煤电,2018-01-03,7.4875,7.6477,7.4875,7.5363,27896478,2.7896,10820044037.4,10820044037.4,12.4357,
600971.SH,恒源煤电,2018-01-04,7.5502,7.7591,7.5223,7.7452,36640098,3.664,11120045258.4,11120045258.4,12.7805,
600971.SH,恒源煤电,2018-01-05,7.7243,7.7731,7.592,7.6338,28797695,2.8798,10960044607.2,10960044607.2,12.5966,
600971.SH,恒源煤电,2018-01-08,7.6825,8.2397,7.6756,7.9472,53752123,5.3752,11410046438.7,11410046438.7,13.1138,
600971.SH,恒源煤电,2018-01-09,7.9054,7.9611,7.8218,7.9402,24716080,2.4716,11400046398,11400046398,13.1024,
600971.SH,恒源煤电,2018-01-10,7.8915,8.0377,7.7452,7.8358,24998428,2.4998,11250045787.5,11250045787.5,12.93,
600971.SH,恒源煤电,2018-01-11,7.8218,7.8706,7.5781,7.6129,26795341,2.6795,10930044485.1,10930044485.1,12.5622,
600971.SH,恒源煤电,2018-01-12,7.6198,7.7661,7.5363,7.592,20290842,2.0291,10900044363,10900044363,12.5277,
600971.SH,恒源煤电,2018-01-15,7.6059,7.6268,7.1462,7.181,30178496,3.0178,10310041961.7,10310041961.7,11.8496,
600971.SH,恒源煤电,2018-01-16,7.2019,7.2855,7.1184,7.2228,19409459,1.9409,10370042205.9,10370042205.9,11.9185,
600971.SH,恒源煤电,2018-01-17,7.2298,7.4039,7.1114,7.2994,18975976,1.8976,10480042653.6,10480042653.6,12.045,
600971.SH,恒源煤电,2018-01-18,7.2994,7.4666,7.2786,7.4457,18535026,1.8535,10690043508.3,10690043508.3,12.2863,
600971.SH,恒源煤电,2018-01-19,7.4736,7.5432,7.3761,7.4109,19302377,1.9302,10640043304.8,10640043304.8,12.2289,
600971.SH,恒源煤电,2018-01-22,7.4805,7.6756,7.4736,7.6268,24836073,2.4836,10950044566.5,10950044566.5,12.5852,
600971.SH,恒源煤电,2018-01-23,7.6547,7.8984,7.5293,7.8845,34742108,3.4742,11320046072.4,11320046072.4,13.0104,
600971.SH,恒源煤电,2018-01-24,7.7313,7.7661,7.5014,7.6129,47381039,4.7381,10930044485.1,10930044485.1,12.5622,
600971.SH,恒源煤电,2018-01-25,7.6407,7.8706,7.6407,7.7313,40507188,4.0507,11100045177,11100045177,12.7576,
600971.SH,恒源煤电,2018-01-26,7.6198,7.6965,7.5432,7.6129,20969644,2.097,10930044485.1,10930044485.1,12.5622,
600971.SH,恒源煤电,2018-01-29,7.6756,7.9054,7.6756,7.7313,44312860,4.4313,11100045177,11100045177,12.7576,
600971.SH,恒源煤电,2018-01-30,7.7661,7.989,7.6407,7.8845,42722406,4.2722,11320046072.4,11320046072.4,13.0104,
600971.SH,恒源煤电,2018-01-31,7.8009,7.8706,7.6477,7.8427,27945782,2.7946,11260045828.2,11260045828.2,12.9414,
600971.SH,恒源煤电,2018-02-01,7.8567,8.0238,7.5293,7.5711,34614649,3.4615,10870044240.9,10870044240.9,12.4932,
600971.SH,恒源煤电,2018-02-02,7.4805,8.0586,7.2437,8.0238,50846516,5.0846,11520046886.4,11520046886.4,13.2403,
600971.SH,恒源煤电,2018-02-05,7.8636,8.4626,7.8636,8.2676,64677041,6.4677,11870048310.9,11870048310.9,13.6425,
600971.SH,恒源煤电,2018-02-06,8.0238,8.5114,7.9751,8.1631,68934697,6.8934,11720047700.4,11720047700.4,13.4701,
600971.SH,恒源煤电,2018-02-07,8.386,8.6716,8.1631,8.1771,67614750,6.7614,11740047781.8,11740047781.8,13.4931,
600971.SH,恒源煤电,2018-02-08,8.0586,8.1144,7.6616,7.8427,36942063,3.6942,11260045828.2,11260045828.2,12.9414,
600971.SH,恒源煤电,2018-02-09,7.4109,7.5781,7.0557,7.0557,40467747,4.0468,10130041229.1,10130041229.1,11.6427,
600971.SH,恒源煤电,2018-02-12,6.9582,7.1114,6.8955,7.0487,22009965,2.201,10120041188.4,10120041188.4,11.6312,
600971.SH,恒源煤电,2018-02-13,7.1253,7.2437,6.9999,7.0069,20126184,2.0126,10060040944.2,10060040944.2,11.5623,
600971.SH,恒源煤电,2018-02-14,7.0208,7.0835,6.9164,7.0487,15014810,1.5015,10120041188.4,10120041188.4,11.6312,
600971.SH,恒源煤电,2018-02-22,7.1462,7.2577,7.1044,7.2437,17756977,1.7757,10400042328,10400042328,11.953,
600971.SH,恒源煤电,2018-02-23,7.2368,7.4805,7.1044,7.4248,22720037,2.272,10660043386.2,10660043386.2,12.2518,
600971.SH,恒源煤电,2018-02-26,7.4945,7.5363,7.3343,7.5014,22294561,2.2294,10770043833.9,10770043833.9,12.3783,
600971.SH,恒源煤电,2018-02-27,7.5014,7.5084,7.2089,7.2228,21609504,2.1609,10370042205.9,10370042205.9,11.9185,
600971.SH,恒源煤电,2018-02-28,7.1392,7.2855,7.0975,7.188,19891034,1.9891,10320042002.4,10320042002.4,11.8611,
600971.SH,恒源煤电,2018-03-01,7.1044,7.2298,7.0766,7.1114,17718771,1.7719,10210041554.7,10210041554.7,11.7347,
600971.SH,恒源煤电,2018-03-02,7.0417,7.0766,6.9512,6.986,14854575,1.4855,10030040822.1,10030040822.1,11.5278,
600971.SH,恒源煤电,2018-03-05,6.9999,7.0557,6.9442,6.9721,11493585,1.1494,10010040740.7,10010040740.7,11.5048,
600971.SH,恒源煤电,2018-03-06,6.9999,7.2716,6.9582,7.2437,22187837,2.2188,10400042328,10400042328,11.953,
600971.SH,恒源煤电,2018-03-07,7.181,7.2228,7.0348,7.0696,13930144,1.393,10150041310.5,10150041310.5,11.6657,
600971.SH,恒源煤电,2018-03-08,6.993,7.1253,6.993,7.0835,9449660,0.945,10170041391.9,10170041391.9,11.6887,
600971.SH,恒源煤电,2018-03-09,7.0557,7.0905,6.9651,7.0557,14419954,1.442,10130041229.1,10130041229.1,11.6427,
600971.SH,恒源煤电,2018-03-12,7.0835,7.188,7.0139,7.1462,15771199,1.5771,10260041758.2,10260041758.2,11.7921,
600971.SH,恒源煤电,2018-03-13,7.1114,7.1601,7.0417,7.0626,10362343,1.0362,10140041269.8,10140041269.8,11.6542,
600971.SH,恒源煤电,2018-03-14,7.0487,7.1323,6.9721,7.0696,16302469,1.6302,10150041310.5,10150041310.5,11.6657,
600971.SH,恒源煤电,2018-03-15,7.0208,7.0487,6.9791,7.0208,11559807,1.156,10080041025.6,10080041025.6,11.5852,
600971.SH,恒源煤电,2018-03-16,7.0208,7.0208,6.6238,6.7004,22676742,2.2677,9620039153.4,9620039153.4,11.0565,
600971.SH,恒源煤电,2018-03-19,6.6238,6.6308,6.3313,6.3801,25773900,2.5774,9160037281.2,9160037281.2,10.5279,
600971.SH,恒源煤电,2018-03-20,6.2895,6.4288,6.2616,6.387,11913286,1.1913,9170037321.9,9170037321.9,10.5393,
600971.SH,恒源煤电,2018-03-21,6.4218,6.4358,6.2965,6.3174,12860183,1.286,9070036914.9,9070036914.9,10.4244,
600971.SH,恒源煤电,2018-03-22,6.3383,6.3592,6.2129,6.2547,13257304,1.3257,8980036548.6,8980036548.6,10.321,
600971.SH,恒源煤电,2018-03-23,5.9343,5.983,5.6278,5.7044,26889777,2.689,8190033333.3,8190033333.3,9.413,
600971.SH,恒源煤电,2018-03-26,5.6417,5.8368,5.6417,5.788,16748007,1.6748,8310033821.7,8310033821.7,7.5221,
600971.SH,恒源煤电,2018-03-27,5.8716,5.9343,5.8089,5.8995,14747313,1.4747,8470034472.9,8470034472.9,7.6669,
600971.SH,恒源煤电,2018-03-28,5.8019,5.9134,5.7184,5.8089,12752259,1.2752,8340033943.8,8340033943.8,7.5493,
600971.SH,恒源煤电,2018-03-29,5.8368,6.0109,5.795,5.9691,16172039,1.6172,8570034879.9,8570034879.9,7.7574,
600971.SH,恒源煤电,2018-03-30,5.983,6.0109,5.9064,5.9482,14193223,1.4193,8540034757.8,8540034757.8,7.7303,
600971.SH,恒源煤电,2018-04-02,5.99,6.0805,5.8368,5.8577,17946028,1.7946,8410034228.7,8410034228.7,7.6126,
600971.SH,恒源煤电,2018-04-03,5.7462,5.7671,5.6278,5.6835,17067255,1.7067,8160033211.2,8160033211.2,7.3863,
600971.SH,恒源煤电,2018-04-04,5.7044,5.788,5.6626,5.6835,11024095,1.1024,8160033211.2,8160033211.2,7.3863,
600971.SH,恒源煤电,2018-04-09,5.6348,5.7462,5.6348,5.6975,8217391,0.8217,8180033292.6,8180033292.6,7.4044,
600971.SH,恒源煤电,2018-04-10,5.7114,5.8925,5.7114,5.8786,18885253,1.8885,8440034350.8,8440034350.8,7.6398,
600971.SH,恒源煤电,2018-04-11,5.8995,5.9273,5.8368,5.8577,13137347,1.3137,8410034228.7,8410034228.7,7.6126,
600971.SH,恒源煤电,2018-04-12,5.8507,5.8507,5.7532,5.7602,10084378,1.0084,8270033658.9,8270033658.9,7.4859,
600971.SH,恒源煤电,2018-04-13,5.8089,5.8786,5.7671,5.8159,11351374,1.1351,8350033984.5,8350033984.5,7.5583,
600971.SH,恒源煤电,2018-04-16,5.781,5.781,5.593,5.6139,13099417,1.3099,8060032804.2,8060032804.2,7.2958,
600971.SH,恒源煤电,2018-04-17,5.6348,5.6905,5.5512,5.5651,11316214,1.1316,7990032519.3,7990032519.3,7.2324,
600971.SH,恒源煤电,2018-04-18,5.6278,5.6557,5.5651,5.6487,10704354,1.0704,8110033007.7,8110033007.7,7.3411,
600971.SH,恒源煤电,2018-04-19,5.6487,5.7602,5.6278,5.7184,13231287,1.3231,8210033414.7,8210033414.7,7.4316,
600971.SH,恒源煤电,2018-04-20,5.6835,5.6835,5.5024,5.5303,12028456,1.2028,7940032315.8,7940032315.8,7.1872,
600971.SH,恒源煤电,2018-04-23,5.5582,5.6209,5.5303,5.6139,7236063,0.7236,8060032804.2,8060032804.2,7.2958,
600971.SH,恒源煤电,2018-04-24,5.6278,5.795,5.6278,5.7532,13937223,1.3937,8260033618.2,8260033618.2,7.4768,
600971.SH,恒源煤电,2018-04-25,5.7044,5.7253,5.6278,5.6626,9543216,0.9543,8130033089.1,8130033089.1,7.3592,
600971.SH,恒源煤电,2018-04-26,5.6557,5.6696,5.5373,5.5512,10397653,1.0398,7970032437.9,7970032437.9,7.2143,
600971.SH,恒源煤电,2018-04-27,5.5721,5.6069,5.5233,5.5373,8840591,0.8841,7950032356.5,7950032356.5,7.1962,
600971.SH,恒源煤电,2018-05-02,5.4258,5.4258,4.987,5.0567,30094747,3.0095,7260029548.2,7260029548.2,7.1102,
600971.SH,恒源煤电,2018-05-03,5.0288,5.1194,5.0079,5.1124,10341375,1.0341,7340029873.8,7340029873.8,7.1885,
600971.SH,恒源煤电,2018-05-04,5.0915,5.1403,5.0706,5.0985,7198286,0.7198,7320029792.4,7320029792.4,7.1689,
600971.SH,恒源煤电,2018-05-07,5.1054,5.2169,5.0915,5.182,12361036,1.2361,7440030280.8,7440030280.8,7.2865,
600971.SH,恒源煤电,2018-05-08,5.2029,5.2378,5.1472,5.2099,12514700,1.2515,7480030443.6,7480030443.6,7.3256,
600971.SH,恒源煤电,2018-05-09,5.2029,5.2517,5.1472,5.189,8650359,0.865,7450030321.5,7450030321.5,7.2962,
600971.SH,恒源煤电,2018-05-10,5.2029,5.3074,5.196,5.2378,12325800,1.2326,7520030606.4,7520030606.4,7.3648,
600971.SH,恒源煤电,2018-05-11,5.2308,5.3144,5.196,5.2656,12796401,1.2796,7560030769.2,7560030769.2,7.404,
600971.SH,恒源煤电,2018-05-14,5.2656,5.3144,5.2099,5.2308,8867600,0.8868,7510030565.7,7510030565.7,7.355,
600971.SH,恒源煤电,2018-05-15,5.2587,5.2656,5.1681,5.2378,6485470,0.6485,7520030606.4,7520030606.4,7.3648,
600971.SH,恒源煤电,2018-05-16,5.2169,5.2726,5.189,5.2378,10016257,1.0016,7520030606.4,7520030606.4,7.3648,
600971.SH,恒源煤电,2018-05-17,5.2378,5.2726,5.1542,5.182,7787066,0.7787,7440030280.8,7440030280.8,7.2865,
600971.SH,恒源煤电,2018-05-18,5.1751,5.3701,5.1403,5.3631,23532415,2.3532,7700031339,7700031339,7.5411,
600971.SH,恒源煤电,2018-05-21,5.3422,5.391,5.3005,5.3771,15175687,1.5176,7720031420.4,7720031420.4,7.5607,
600971.SH,恒源煤电,2018-05-22,5.3492,5.4258,5.3492,5.384,13619317,1.3619,7730031461.1,7730031461.1,7.5705,
600971.SH,恒源煤电,2018-05-23,5.3492,5.3492,5.0845,5.0985,20616629,2.0617,7320029792.4,7320029792.4,7.1689,
600971.SH,恒源煤电,2018-05-24,5.0845,5.1542,5.0706,5.1263,8150186,0.815,7360029955.2,7360029955.2,7.2081,
600971.SH,恒源煤电,2018-05-25,5.196,5.196,5.0706,5.1124,8249164,0.8249,7340029873.8,7340029873.8,7.1885,
600971.SH,恒源煤电,2018-05-28,5.0915,5.1612,5.0776,5.1403,7569886,0.757,7380030036.6,7380030036.6,7.2277,
600971.SH,恒源煤电,2018-05-29,5.1472,5.189,5.1124,5.1472,11714939,1.1715,7390030077.3,7390030077.3,7.2375,
600971.SH,恒源煤电,2018-05-30,5.0985,5.0985,4.8965,4.9174,15397534,1.5397,7060028734.2,7060028734.2,6.9143,
600971.SH,恒源煤电,2018-05-31,4.9174,4.9688,4.9027,4.9247,11967335,1.1967,6710027309.7,6710027309.7,6.5715,
600971.SH,恒源煤电,2018-06-01,4.9247,5.0568,4.9174,4.9541,9633762,0.9634,6750027472.5,6750027472.5,6.6107,
600971.SH,恒源煤电,2018-06-04,4.9614,5.0348,4.9614,4.9834,6746814,0.6747,6790027635.3,6790027635.3,6.6499,
600971.SH,恒源煤电,2018-06-05,4.9908,5.0275,4.9174,5.0201,7414544,0.7415,6840027838.8,6840027838.8,6.6988,
600971.SH,恒源煤电,2018-06-06,5.0128,5.0788,4.9908,5.0495,7405319,0.7405,6880028001.6,6880028001.6,6.738,
600971.SH,恒源煤电,2018-06-07,5.0788,5.1522,5.0568,5.1009,10247070,1.0247,6950028286.5,6950028286.5,6.8066,
600971.SH,恒源煤电,2018-06-08,5.1009,5.1082,4.9321,4.9761,9349853,0.935,6780027594.6,6780027594.6,6.6401,
600971.SH,恒源煤电,2018-06-11,4.9467,5.0128,4.91,4.9467,6542930,0.6543,6740027431.8,6740027431.8,6.6009,
600971.SH,恒源煤电,2018-06-12,4.9761,5.0788,4.9467,5.0568,11784494,1.1784,6890028042.3,6890028042.3,6.7478,
600971.SH,恒源煤电,2018-06-13,5.0642,5.1082,5.0128,5.0201,9304201,0.9304,6840027838.8,6840027838.8,6.6988,
600971.SH,恒源煤电,2018-06-14,5.0201,5.1082,5.0054,5.0862,10285750,1.0286,6930028205.1,6930028205.1,6.787,
600971.SH,恒源煤电,2018-06-15,5.0862,5.3431,5.0642,5.255,31622041,3.1622,7160029141.2,7160029141.2,7.0122,
600971.SH,恒源煤电,2018-06-19,5.1816,5.3357,4.7853,4.9614,30029727,3.003,6760027513.2,6760027513.2,6.6205,
600971.SH,恒源煤电,2018-06-20,4.9174,5.2697,4.822,5.2183,23363251,2.3363,7110028937.7,7110028937.7,6.9633,
600971.SH,恒源煤电,2018-06-21,5.2256,5.622,5.1816,5.3944,44833484,4.4833,7350029914.5,7350029914.5,7.1983,
600971.SH,恒源煤电,2018-06-22,5.2843,5.5779,5.1743,5.5265,31424421,3.1424,7530030647.1,7530030647.1,7.3746,
600971.SH,恒源煤电,2018-06-25,5.5779,5.5853,5.3137,5.4311,26648489,2.6648,7400030118,7400030118,7.2473,
600971.SH,恒源煤电,2018-06-26,5.2697,5.3944,5.1816,5.3798,20968810,2.0969,7330029833.1,7330029833.1,7.1787,
600971.SH,恒源煤电,2018-06-27,5.3651,5.4091,5.1816,5.2036,19120580,1.9121,7090028856.3,7090028856.3,6.9437,
600971.SH,恒源煤电,2018-06-28,5.2036,5.277,5.1302,5.1743,11418751,1.1419,7050028693.5,7050028693.5,6.9045,
600971.SH,恒源煤电,2018-06-29,5.1743,5.2476,4.9394,5.2403,22015202,2.2015,7140029059.8,7140029059.8,6.9926,
600971.SH,恒源煤电,2018-07-02,5.1816,5.1963,4.9394,5.0054,19074838,1.9075,6820027757.4,6820027757.4,6.6793,
600971.SH,恒源煤电,2018-07-03,5.0128,5.0275,4.8807,4.9981,13731278,1.3731,6810027716.7,6810027716.7,6.6695,
600971.SH,恒源煤电,2018-07-04,5.0054,5.0495,4.8954,4.9027,10142810,1.0143,6680027187.6,6680027187.6,6.5421,
600971.SH,恒源煤电,2018-07-05,4.888,4.9027,4.5944,4.6165,17539993,1.754,6290025600.3,6290025600.3,6.1602,
600971.SH,恒源煤电,2018-07-06,4.6018,4.6972,4.4477,4.6165,12376817,1.2377,6290025600.3,6290025600.3,6.1602,
600971.SH,恒源煤电,2018-07-09,4.6311,4.7486,4.5944,4.7486,9392185,0.9392,6470026332.9,6470026332.9,6.3365,
600971.SH,恒源煤电,2018-07-10,4.7559,4.822,4.7045,4.7706,9125576,0.9126,6500026455,6500026455,6.3659,
600971.SH,恒源煤电,2018-07-11,4.6678,4.6678,4.4917,4.5724,11941698,1.1942,6230025356.1,6230025356.1,6.1014,
600971.SH,恒源煤电,2018-07-12,4.5871,4.7119,4.5577,4.6899,11475914,1.1476,6390026007.3,6390026007.3,6.2581,
600971.SH,恒源煤电,2018-07-13,4.6899,4.7119,4.6091,4.6678,9038490,0.9038,6360025885.2,6360025885.2,6.2287,
600971.SH,恒源煤电,2018-07-16,4.6825,4.7853,4.6752,4.7192,11526644,1.1527,6430026170.1,6430026170.1,6.2973,
600971.SH,恒源煤电,2018-07-17,4.6899,4.6972,4.5944,4.6752,6958938,0.6959,6370025925.9,6370025925.9,6.2385,
600971.SH,恒源煤电,2018-07-18,4.6678,4.7045,4.6238,4.6311,7164244,0.7164,6310025681.7,6310025681.7,6.1798,
600971.SH,恒源煤电,2018-07-19,4.6385,4.6899,4.5944,4.6091,5594916,0.5595,6280025559.6,6280025559.6,6.1504,
600971.SH,恒源煤电,2018-07-20,4.5944,4.6825,4.499,4.6752,10211421,1.0211,6370025925.9,6370025925.9,6.2385,
600971.SH,恒源煤电,2018-07-23,4.6385,4.8146,4.6091,4.7926,15554430,1.5554,6530026577.1,6530026577.1,6.3952,
600971.SH,恒源煤电,2018-07-24,4.7926,5.0275,4.7926,4.9614,23256822,2.3257,6760027513.2,6760027513.2,6.6205,
600971.SH,恒源煤电,2018-07-25,4.9834,5.0495,4.9027,4.9394,16481855,1.6482,6730027391.1,6730027391.1,6.5911,
600971.SH,恒源煤电,2018-07-26,4.9394,4.9981,4.9027,4.9247,14074470,1.4074,6710027309.7,6710027309.7,6.5715,
600971.SH,恒源煤电,2018-07-27,4.9394,5.0421,4.9174,4.9467,15070244,1.507,6740027431.8,6740027431.8,6.6009,
600971.SH,恒源煤电,2018-07-30,4.9761,5.0495,4.9321,4.9688,17339832,1.734,6770027553.9,6770027553.9,6.6303,
600971.SH,恒源煤电,2018-07-31,4.9247,4.9834,4.8733,4.9394,9764857,0.9765,6730027391.1,6730027391.1,6.5911,
600971.SH,恒源煤电,2018-08-01,4.9467,5.0201,4.8146,4.822,11804045,1.1804,6570026739.9,6570026739.9,6.4344,
600971.SH,恒源煤电,2018-08-02,4.7926,4.844,4.6385,4.7559,12375368,1.2375,6480026373.6,6480026373.6,6.3463,
600971.SH,恒源煤电,2018-08-03,4.7779,5.0128,4.7412,4.8587,18767159,1.8767,6620026943.4,6620026943.4,6.4834,
600971.SH,恒源煤电,2018-08-06,4.866,4.9834,4.8293,4.9467,16533518,1.6533,6740027431.8,6740027431.8,6.6009,
600971.SH,恒源煤电,2018-08-07,5.0054,5.1302,4.8807,5.1229,22970668,2.2971,6980028408.6,6980028408.6,6.8359,
600971.SH,恒源煤电,2018-08-08,5.0642,5.1009,4.9981,5.0495,18460001,1.846,6880028001.6,6880028001.6,6.738,
600971.SH,恒源煤电,2018-08-09,5.0128,5.1082,4.9761,5.0862,16823764,1.6824,6930028205.1,6930028205.1,6.787,
600971.SH,恒源煤电,2018-08-10,5.0642,5.0788,4.9321,4.9614,15022387,1.5022,6760027513.2,6760027513.2,6.6205,
600971.SH,恒源煤电,2018-08-13,4.9174,4.9688,4.8587,4.9614,8836921,0.8837,6760027513.2,6760027513.2,6.6205,
600971.SH,恒源煤电,2018-08-14,4.9467,5.0201,4.9321,4.9688,9310682,0.9311,6770027553.9,6770027553.9,6.6303,
600971.SH,恒源煤电,2018-08-15,4.9541,4.9614,4.7706,4.7853,9384081,0.9384,6520026536.4,6520026536.4,6.3854,
600971.SH,恒源煤电,2018-08-16,4.7119,4.8366,4.6752,4.7999,7787309,0.7787,6540026617.8,6540026617.8,6.405,
600971.SH,恒源煤电,2018-08-17,4.8073,4.8366,4.6972,4.7192,11429744,1.143,6430026170.1,6430026170.1,6.9436,
600971.SH,恒源煤电,2018-08-20,4.7192,4.7706,4.6311,4.7559,8881013,0.8881,6480026373.6,6480026373.6,6.9976,
600971.SH,恒源煤电,2018-08-21,4.7192,4.7999,4.7192,4.7779,8072546,0.8073,6510026495.7,6510026495.7,7.0299,
600971.SH,恒源煤电,2018-08-22,4.7632,4.8513,4.6972,4.7119,11344248,1.1344,6420026129.4,6420026129.4,6.9328,
600971.SH,恒源煤电,2018-08-23,4.7045,4.7486,4.6605,4.6972,8091694,0.8092,6400026048,6400026048,6.9112,
600971.SH,恒源煤电,2018-08-24,4.6825,4.7192,4.6165,4.6311,6861282,0.6861,6310025681.7,6310025681.7,6.814,
600971.SH,恒源煤电,2018-08-27,4.6532,4.7339,4.6385,4.7192,7244364,0.7244,6430026170.1,6430026170.1,6.9436,
600971.SH,恒源煤电,2018-08-28,4.7119,4.8293,4.7119,4.7779,9649072,0.9649,6510026495.7,6510026495.7,7.0299,
600971.SH,恒源煤电,2018-08-29,4.7559,4.7999,4.7266,4.7412,5697339,0.5697,6460026292.2,6460026292.2,6.976,
600971.SH,恒源煤电,2018-08-30,4.7339,4.7779,4.6605,4.6678,7130814,0.7131,6360025885.2,6360025885.2,6.868,
600971.SH,恒源煤电,2018-08-31,4.6605,4.7339,4.6458,4.6458,4586331,0.4586,6330025763.1,6330025763.1,6.8356,
600971.SH,恒源煤电,2018-09-03,4.6385,4.6385,4.5357,4.6238,6395764,0.6396,6300025641,6300025641,6.8032,
600971.SH,恒源煤电,2018-09-04,4.6165,4.6825,4.5798,4.6605,4894919,0.4895,6350025844.5,6350025844.5,6.8572,
600971.SH,恒源煤电,2018-09-05,4.6532,4.6678,4.5871,4.5871,4173326,0.4173,6250025437.5,6250025437.5,6.7492,
600971.SH,恒源煤电,2018-09-06,4.5871,4.6825,4.5577,4.5871,4403066,0.4403,6250025437.5,6250025437.5,6.7492,
600971.SH,恒源煤电,2018-09-07,4.6385,4.7412,4.6385,4.6605,8149120,0.8149,6350025844.5,6350025844.5,6.8572,
600971.SH,恒源煤电,2018-09-10,4.6458,4.6899,4.6165,4.6458,4499672,0.45,6330025763.1,6330025763.1,6.8356,
600971.SH,恒源煤电,2018-09-11,4.6458,4.6458,4.5064,4.5284,6901872,0.6902,6170025111.9,6170025111.9,6.6628,
600971.SH,恒源煤电,2018-09-12,4.5357,4.5651,4.499,4.5284,3233347,0.3233,6170025111.9,6170025111.9,6.6628,
600971.SH,恒源煤电,2018-09-13,4.5504,4.6165,4.5284,4.5944,4696440,0.4696,6260025478.2,6260025478.2,6.76,
600971.SH,恒源煤电,2018-09-14,4.5944,4.6091,4.5504,4.5724,3936300,0.3936,6230025356.1,6230025356.1,6.7276,
600971.SH,恒源煤电,2018-09-17,4.5871,4.5871,4.5137,4.521,3264678,0.3265,6160025071.2,6160025071.2,6.652,
600971.SH,恒源煤电,2018-09-18,4.5137,4.6385,4.499,4.6165,6263140,0.6263,6290025600.3,6290025600.3,6.7924,
600971.SH,恒源煤电,2018-09-19,4.5871,4.6972,4.5798,4.6825,7507189,0.7507,6380025966.6,6380025966.6,6.8896,
600971.SH,恒源煤电,2018-09-20,4.6458,4.6899,4.6311,4.6532,4653727,0.4654,6340025803.8,6340025803.8,6.8464,
600971.SH,恒源煤电,2018-09-21,4.6605,4.7706,4.6385,4.7412,10998369,1.0998,6460026292.2,6460026292.2,6.976,
600971.SH,恒源煤电,2018-09-25,4.7192,4.7779,4.6825,4.7192,6786029,0.6786,6430026170.1,6430026170.1,6.9436,
600971.SH,恒源煤电,2018-09-26,4.7486,4.8366,4.7266,4.7486,10129983,1.013,6470026332.9,6470026332.9,6.9868,
600971.SH,恒源煤电,2018-09-27,4.7559,4.822,4.7339,4.7412,8476962,0.8477,6460026292.2,6460026292.2,6.976,
600971.SH,恒源煤电,2018-09-28,4.7706,4.8073,4.7266,4.7926,8779271,0.8779,6530026577.1,6530026577.1,7.0515,
600971.SH,恒源煤电,2018-10-08,4.7412,4.8073,4.6972,4.7045,7641784,0.7642,6410026088.7,6410026088.7,6.922,
600971.SH,恒源煤电,2018-10-09,4.7559,4.866,4.7266,4.844,13037328,1.3037,6600026862,6600026862,7.1271,
600971.SH,恒源煤电,2018-10-10,4.8293,4.9247,4.8146,4.8733,10670060,1.067,6640027024.8,6640027024.8,7.1703,
600971.SH,恒源煤电,2018-10-11,4.6972,4.7926,4.5284,4.5724,16794797,1.6795,6230025356.1,6230025356.1,6.7276,
600971.SH,恒源煤电,2018-10-12,4.5724,4.6899,4.4256,4.6678,11073765,1.1074,6360025885.2,6360025885.2,6.868,
600971.SH,恒源煤电,2018-10-15,4.6605,4.6825,4.4256,4.4623,11409942,1.141,6080024745.6,6080024745.6,6.5656,
600971.SH,恒源煤电,2018-10-16,4.433,4.4917,4.2495,4.2642,8610331,0.861,5810023646.7,5810023646.7,6.274,
600971.SH,恒源煤电,2018-10-17,4.3669,4.3889,4.2568,4.3889,6173779,0.6174,5980024338.6,5980024338.6,6.4576,
600971.SH,恒源煤电,2018-10-18,4.3376,4.3376,4.1981,4.1981,6809640,0.681,5720023280.4,5720023280.4,6.1769,
600971.SH,恒源煤电,2018-10-19,4.1174,4.3082,4.1174,4.3009,6748141,0.6748,5860023850.2,5860023850.2,6.328,
600971.SH,恒源煤电,2018-10-22,4.3229,4.5357,4.3009,4.455,9074473,0.9074,6070024704.9,6070024704.9,6.5548,
600971.SH,恒源煤电,2018-10-23,4.455,4.5064,4.3522,4.3743,6460404,0.646,5960024257.2,5960024257.2,6.436,
600971.SH,恒源煤电,2018-10-24,4.3449,4.4917,4.3449,4.4183,5715288,0.5715,6020024501.4,6020024501.4,6.5008,
600971.SH,恒源煤电,2018-10-25,4.2642,4.455,4.2642,4.455,5914002,0.5914,6070024704.9,6070024704.9,6.5548,
600971.SH,恒源煤电,2018-10-26,4.455,4.6532,4.455,4.5504,10749114,1.0749,6200025234,6200025234,7.3657,
600971.SH,恒源煤电,2018-10-29,4.5284,4.5504,4.411,4.4183,6769247,0.6769,6020024501.4,6020024501.4,7.1518,
600971.SH,恒源煤电,2018-10-30,4.433,4.5357,4.4036,4.5064,6404303,0.6404,6140024989.8,6140024989.8,7.2944,
600971.SH,恒源煤电,2018-10-31,4.5651,4.6311,4.521,4.5651,9489371,0.9489,6220025315.4,6220025315.4,7.3894,
600971.SH,恒源煤电,2018-11-01,4.5871,4.6238,4.5064,4.5431,8239635,0.824,6190025193.3,6190025193.3,7.3538,
600971.SH,恒源煤电,2018-11-02,4.5798,4.6605,4.5504,4.6532,11982649,1.1983,6340025803.8,6340025803.8,7.532,
600971.SH,恒源煤电,2018-11-05,4.6238,4.6532,4.5431,4.6091,8220506,0.822,6280025559.6,6280025559.6,7.4607,
600971.SH,恒源煤电,2018-11-06,4.6018,4.6238,4.5357,4.5798,5393526,0.5394,6240025396.8,6240025396.8,7.4132,
600971.SH,恒源煤电,2018-11-07,4.5944,4.6091,4.521,4.5357,5814272,0.5814,6180025152.6,6180025152.6,7.3419,
600971.SH,恒源煤电,2018-11-08,4.5577,4.6018,4.5284,4.5357,5403101,0.5403,6180025152.6,6180025152.6,7.3419,
600971.SH,恒源煤电,2018-11-09,4.5284,4.5504,4.499,4.5064,3549201,0.3549,6140024989.8,6140024989.8,7.2944,
600971.SH,恒源煤电,2018-11-12,4.521,4.6091,4.499,4.6091,5770710,0.5771,6280025559.6,6280025559.6,7.4607,
600971.SH,恒源煤电,2018-11-13,4.5577,4.6972,4.5357,4.6825,10337786,1.0338,6380025966.6,6380025966.6,7.5795,
600971.SH,恒源煤电,2018-11-14,4.6458,4.7412,4.6238,4.6752,9061067,0.9061,6370025925.9,6370025925.9,7.5676,
600971.SH,恒源煤电,2018-11-15,4.6385,4.7706,4.6238,4.7706,10878051,1.0878,6500026455,6500026455,7.7221,
600971.SH,恒源煤电,2018-11-16,4.7926,4.7999,4.7119,4.7266,12511800,1.2512,6440026210.8,6440026210.8,7.6508,
600971.SH,恒源煤电,2018-11-19,4.6972,4.7339,4.6458,4.7192,10462354,1.0462,6430026170.1,6430026170.1,7.6389,
600971.SH,恒源煤电,2018-11-20,4.6972,4.7045,4.5944,4.6091,9949301,0.9949,6280025559.6,6280025559.6,7.4607,
600971.SH,恒源煤电,2018-11-21,4.5504,4.6091,4.5357,4.6018,5531273,0.5531,6270025518.9,6270025518.9,7.4488,
600971.SH,恒源煤电,2018-11-22,4.6091,4.6238,4.5431,4.5871,4483922,0.4484,6250025437.5,6250025437.5,7.4251,
600971.SH,恒源煤电,2018-11-23,4.5651,4.5871,4.3889,4.4036,7941307,0.7941,6000024420,6000024420,7.1281,
600971.SH,恒源煤电,2018-11-26,4.3963,4.4183,4.3082,4.3155,6037103,0.6037,5880023931.6,5880023931.6,6.9855,
600971.SH,恒源煤电,2018-11-27,4.3743,4.3816,4.3155,4.3376,3113738,0.3114,5910024053.7,5910024053.7,7.0212,
600971.SH,恒源煤电,2018-11-28,4.3376,4.4256,4.2935,4.4036,4635741,0.4636,6000024420,6000024420,7.1281,
600971.SH,恒源煤电,2018-11-29,4.4623,4.4623,4.3376,4.3376,4965428,0.4965,5910024053.7,5910024053.7,7.0212,
600971.SH,恒源煤电,2018-11-30,4.3376,4.3889,4.3082,4.3743,2920900,0.2921,5960024257.2,5960024257.2,7.0806,
600971.SH,恒源煤电,2018-12-03,4.4697,4.5504,4.4403,4.5137,9560447,0.956,6150025030.5,6150025030.5,7.3063,
600971.SH,恒源煤电,2018-12-04,4.5137,4.5357,4.477,4.5137,6696654,0.6697,6150025030.5,6150025030.5,7.3063,
600971.SH,恒源煤电,2018-12-05,4.4403,4.521,4.4183,4.4844,6637899,0.6638,6110024867.7,6110024867.7,7.2588,
600971.SH,恒源煤电,2018-12-06,4.4844,4.4917,4.4036,4.433,4460492,0.446,6040024582.8,6040024582.8,7.1756,
600971.SH,恒源煤电,2018-12-07,4.455,4.5064,4.4183,4.4844,4929617,0.493,6110024867.7,6110024867.7,7.2588,
600971.SH,恒源煤电,2018-12-10,4.455,4.5064,4.4183,4.455,3938172,0.3938,6070024704.9,6070024704.9,7.2112,
600971.SH,恒源煤电,2018-12-11,4.5064,4.5064,4.4183,4.4403,2679195,0.2679,6050024623.5,6050024623.5,7.1875,
600971.SH,恒源煤电,2018-12-12,4.455,4.4623,4.411,4.433,3134397,0.3134,6040024582.8,6040024582.8,7.1756,
600971.SH,恒源煤电,2018-12-13,4.4403,4.499,4.3963,4.4623,4563520,0.4564,6080024745.6,6080024745.6,7.2231,
600971.SH,恒源煤电,2018-12-14,4.455,4.4623,4.3522,4.3669,4240674,0.4241,5950024216.5,5950024216.5,7.0687,
600971.SH,恒源煤电,2018-12-17,4.3669,4.3816,4.3009,4.3449,5976913,0.5977,5920024094.4,5920024094.4,7.033,
600971.SH,恒源煤电,2018-12-18,4.3302,4.3596,4.2789,4.3155,4121900,0.4122,5880023931.6,5880023931.6,6.9855,
600971.SH,恒源煤电,2018-12-19,4.3449,4.3449,4.2789,4.2789,2813026,0.2813,5830023728.1,5830023728.1,6.9261,
600971.SH,恒源煤电,2018-12-20,4.2715,4.3009,4.2495,4.2715,3812900,0.3813,5820023687.4,5820023687.4,6.9142,
600971.SH,恒源煤电,2018-12-21,4.2715,4.2789,4.1981,4.2422,4551667,0.4552,5780023524.6,5780023524.6,6.8667,
600971.SH,恒源煤电,2018-12-24,4.2275,4.2789,4.2128,4.2789,2516246,0.2516,5830023728.1,5830023728.1,6.9261,
600971.SH,恒源煤电,2018-12-25,4.2568,4.2568,4.1247,4.2055,4017184,0.4017,5730023321.1,5730023321.1,6.8073,
600971.SH,恒源煤电,2018-12-26,4.2128,4.2275,4.1614,4.1908,1912511,0.1913,5710023239.7,5710023239.7,6.7836,
600971.SH,恒源煤电,2018-12-27,4.2642,4.2789,4.1027,4.11,4023064,0.4023,5600022792,5600022792,6.6529,
600971.SH,恒源煤电,2018-12-28,4.1174,4.1761,4.11,4.1321,3425759,0.3426,5630022914.1,5630022914.1,6.6885,
600971.SH,恒源煤电,2019-01-02,4.1394,4.1541,4.088,4.1174,2684286,0.2684,5610022832.7,5610022832.7,6.6648,
600971.SH,恒源煤电,2019-01-03,4.1247,4.1981,4.0954,4.1394,3294804,0.3295,5640022954.8,5640022954.8,6.7004,
600971.SH,恒源煤电,2019-01-04,4.1247,4.2495,4.0954,4.2275,3793306,0.3793,5760023443.2,5760023443.2,6.843,
600971.SH,恒源煤电,2019-01-07,4.2422,4.2789,4.1908,4.2568,4632963,0.4633,5800023606,5800023606,6.8905,
600971.SH,恒源煤电,2019-01-08,4.2495,4.2715,4.2201,4.2568,2617301,0.2617,5800023606,5800023606,6.8905,
600971.SH,恒源煤电,2019-01-09,4.2715,4.3376,4.2422,4.2568,5554621,0.5555,5800023606,5800023606,6.8905,
600971.SH,恒源煤电,2019-01-10,4.2568,4.2642,4.2128,4.2275,3152302,0.3152,5760023443.2,5760023443.2,6.843,
600971.SH,恒源煤电,2019-01-11,4.2348,4.2642,4.2128,4.2568,2968078,0.2968,5800023606,5800023606,6.8905,
600971.SH,恒源煤电,2019-01-14,4.2642,4.3816,4.2642,4.3229,6439232,0.6439,5890023972.3,5890023972.3,6.9974,
600971.SH,恒源煤电,2019-01-15,4.2935,4.3229,4.2568,4.3155,4311874,0.4312,5880023931.6,5880023931.6,6.9855,
600971.SH,恒源煤电,2019-01-16,4.3229,4.3596,4.2935,4.3376,4121506,0.4121,5910024053.7,5910024053.7,7.0212,
600971.SH,恒源煤电,2019-01-17,4.3155,4.4403,4.2862,4.3522,9411788,0.9412,5930024135.1,5930024135.1,7.0449,
600971.SH,恒源煤电,2019-01-18,4.3522,4.4403,4.3376,4.411,9191701,0.9192,6010024460.7,6010024460.7,7.14,
600971.SH,恒源煤电,2019-01-21,4.4036,4.4183,4.3522,4.3816,6727518,0.6727,5970024297.9,5970024297.9,7.0924,
600971.SH,恒源煤电,2019-01-22,4.3522,4.3743,4.2642,4.2862,5931800,0.5932,5840023768.8,5840023768.8,6.938,
600971.SH,恒源煤电,2019-01-23,4.2935,4.3155,4.2642,4.2862,3587912,0.3588,5840023768.8,5840023768.8,6.938,
600971.SH,恒源煤电,2019-01-24,4.2862,4.3155,4.2422,4.2862,4088800,0.4089,5840023768.8,5840023768.8,6.938,
600971.SH,恒源煤电,2019-01-25,4.2789,4.3155,4.2789,4.2862,3421300,0.3421,5840023768.8,5840023768.8,6.938,
600971.SH,恒源煤电,2019-01-28,4.3082,4.3522,4.2789,4.2935,5461970,0.5462,5850023809.5,5850023809.5,6.9499,
600971.SH,恒源煤电,2019-01-29,4.2935,4.3009,4.1834,4.2348,5790188,0.579,5770023483.9,5770023483.9,6.8548,
600971.SH,恒源煤电,2019-01-30,4.2201,4.2642,4.2128,4.2201,3843160,0.3843,5750023402.5,5750023402.5,6.8311,
600971.SH,恒源煤电,2019-01-31,4.2789,4.2862,4.1981,4.2348,4059329,0.4059,5770023483.9,5770023483.9,6.8548,
600971.SH,恒源煤电,2019-02-01,4.2568,4.3522,4.2495,4.3376,6761026,0.6761,5910024053.7,5910024053.7,7.0212,
600971.SH,恒源煤电,2019-02-11,4.3376,4.4403,4.3302,4.4183,7036236,0.7036,6020024501.4,6020024501.4,7.1518,
600971.SH,恒源煤电,2019-02-12,4.411,4.4623,4.3963,4.4477,7042553,0.7043,6060024664.2,6060024664.2,7.1994,
600971.SH,恒源煤电,2019-02-13,4.4477,4.5357,4.4256,4.5064,9894060,0.9894,6140024989.8,6140024989.8,7.2944,
600971.SH,恒源煤电,2019-02-14,4.5064,4.5284,4.4623,4.477,6137501,0.6137,6100024827,6100024827,7.2469,
600971.SH,恒源煤电,2019-02-15,4.4917,4.499,4.4477,4.4477,4288501,0.4288,6060024664.2,6060024664.2,7.1994,
600971.SH,恒源煤电,2019-02-18,4.4623,4.6311,4.455,4.6018,11194918,1.1195,6270025518.9,6270025518.9,7.4488,
600971.SH,恒源煤电,2019-02-19,4.5871,4.6311,4.5284,4.5577,6842130,0.6842,6210025274.7,6210025274.7,7.3776,
600971.SH,恒源煤电,2019-02-20,4.5798,4.6458,4.5504,4.6018,8262474,0.8262,6270025518.9,6270025518.9,7.4488,
600971.SH,恒源煤电,2019-02-21,4.6018,4.6091,4.5064,4.521,10127353,1.0127,6160025071.2,6160025071.2,7.3182,
600971.SH,恒源煤电,2019-02-22,4.5137,4.5651,4.4697,4.5577,8484203,0.8484,6210025274.7,6210025274.7,7.3776,
600971.SH,恒源煤电,2019-02-25,4.5724,4.8073,4.5651,4.8073,28386539,2.8386,6550026658.5,6550026658.5,7.7815,
600971.SH,恒源煤电,2019-02-26,4.822,5.0862,4.7486,4.8807,33312001,3.3312,6650027065.5,6650027065.5,7.9003,
600971.SH,恒源煤电,2019-02-27,4.8807,4.9908,4.7926,4.8513,19043206,1.9043,6610026902.7,6610026902.7,7.8528,
600971.SH,恒源煤电,2019-02-28,4.8587,4.9027,4.7853,4.8733,10349149,1.0349,6640027024.8,6640027024.8,7.8884,
600971.SH,恒源煤电,2019-03-01,4.888,4.9394,4.8073,4.9027,12189088,1.2189,6680027187.6,6680027187.6,7.9359,
600971.SH,恒源煤电,2019-03-04,4.9614,5.0275,4.8954,4.9394,19804067,1.9804,6730027391.1,6730027391.1,7.9953,
600971.SH,恒源煤电,2019-03-05,4.9247,5.1155,4.9247,5.1155,26154512,2.6154,6970028367.9,6970028367.9,8.2805,
600971.SH,恒源煤电,2019-03-06,5.1082,5.2036,5.0421,5.1963,22791937,2.2792,7080028815.6,7080028815.6,8.4111,
600971.SH,恒源煤电,2019-03-07,5.1522,5.5265,5.1522,5.4678,35113901,3.5114,7450030321.5,7450030321.5,8.8507,
600971.SH,恒源煤电,2019-03-08,5.3284,5.3944,5.0348,5.1376,30682980,3.0683,7000028490,7000028490,8.3161,
600971.SH,恒源煤电,2019-03-11,5.1376,5.277,5.1082,5.277,15944441,1.5944,7190029263.3,7190029263.3,8.5418,
600971.SH,恒源煤电,2019-03-12,5.3284,5.4238,5.1229,5.2476,19674370,1.9674,7150029100.5,7150029100.5,8.4943,
600971.SH,恒源煤电,2019-03-13,5.2183,5.3651,5.1229,5.1743,19240404,1.924,7050028693.5,7050028693.5,8.3755,
600971.SH,恒源煤电,2019-03-14,5.1449,5.255,4.9981,5.0568,13087270,1.3087,6890028042.3,6890028042.3,8.1854,
600971.SH,恒源煤电,2019-03-15,5.0862,5.2183,5.0275,5.1743,15540706,1.5541,7050028693.5,7050028693.5,8.3755,
600971.SH,恒源煤电,2019-03-18,5.2036,5.3431,5.1596,5.3064,16592602,1.6593,7230029426.1,7230029426.1,8.5893,
600971.SH,恒源煤电,2019-03-19,5.299,5.299,5.1889,5.2256,10583249,1.0583,7120028978.4,7120028978.4,8.4587,
600971.SH,恒源煤电,2019-03-20,5.2403,5.3284,5.1743,5.2697,12642489,1.2642,7180029222.6,7180029222.6,8.5299,
600971.SH,恒源煤电,2019-03-21,5.2476,5.2917,5.2183,5.2623,11437978,1.1438,7170029181.9,7170029181.9,8.5181,
600971.SH,恒源煤电,2019-03-22,5.255,5.255,5.1743,5.2403,9549931,0.955,7140029059.8,7140029059.8,8.4824,
600971.SH,恒源煤电,2019-03-25,5.1816,5.3137,5.1449,5.2623,13138917,1.3139,7170029181.9,7170029181.9,8.5181,
600971.SH,恒源煤电,2019-03-26,5.2476,5.2843,5.0862,5.1009,11713980,1.1714,6950028286.5,6950028286.5,8.2567,
600971.SH,恒源煤电,2019-03-27,5.1376,5.1669,5.0201,5.1596,10121349,1.0121,7030028612.1,7030028612.1,8.3517,
600971.SH,恒源煤电,2019-03-28,5.3798,5.4898,5.2623,5.321,46401942,4.6402,7250029507.5,7250029507.5,5.9389,
600971.SH,恒源煤电,2019-03-29,5.3651,5.8421,5.3357,5.7027,51552231,5.1552,7770031623.9,7770031623.9,6.3649,
600971.SH,恒源煤电,2019-04-01,5.7614,6.0476,5.6733,5.9742,49063206,4.9063,8140033129.8,8140033129.8,6.668,
600971.SH,恒源煤电,2019-04-02,6.0256,6.0403,5.8568,5.9008,40213085,4.0213,8040032722.8,8040032722.8,6.5861,
600971.SH,恒源煤电,2019-04-03,5.8715,6.0256,5.8421,5.9963,27137347,2.7137,8170033251.9,8170033251.9,6.6926,
600971.SH,恒源煤电,2019-04-04,6.0476,6.3852,6.0109,6.2752,34563354,3.4563,8550034798.5,8550034798.5,7.0039,
600971.SH,恒源煤电,2019-04-08,6.3559,6.6641,6.2972,6.466,40995672,4.0996,8810035856.7,8810035856.7,7.2168,
600971.SH,恒源煤电,2019-04-09,6.4586,6.4953,6.3486,6.444,22539049,2.2539,8780035734.6,8780035734.6,7.1923,
600971.SH,恒源煤电,2019-04-10,6.4073,6.51,6.2972,6.4073,16196312,1.6196,8730035531.1,8730035531.1,7.1513,
600971.SH,恒源煤电,2019-04-11,6.3706,6.5614,6.3045,6.3119,22122086,2.2122,8600035002,8600035002,7.0448,
600971.SH,恒源煤电,2019-04-12,6.2825,6.5174,6.2458,6.4513,20555932,2.0556,8790035775.3,8790035775.3,7.2005,
600971.SH,恒源煤电,2019-04-15,6.5687,6.5761,6.2752,6.2825,21295713,2.1296,8560034839.2,8560034839.2,7.0121,
600971.SH,恒源煤电,2019-04-16,6.3045,6.5467,6.2752,6.5027,26296044,2.6296,8860036060.2,8860036060.2,7.2578,
600971.SH,恒源煤电,2019-04-17,6.4953,6.5614,6.444,6.5174,19525060,1.9525,8880036141.6,8880036141.6,7.2742,
600971.SH,恒源煤电,2019-04-18,6.4953,6.4953,6.3486,6.3779,13067015,1.3067,8690035368.3,8690035368.3,7.1185,
600971.SH,恒源煤电,2019-04-19,6.3559,6.5541,6.2458,6.488,22719464,2.2719,8840035978.8,8840035978.8,7.2414,
600971.SH,恒源煤电,2019-04-22,6.4953,6.5247,6.2458,6.2898,18445432,1.8445,8570034879.9,8570034879.9,7.0202,
600971.SH,恒源煤电,2019-04-23,6.3119,6.466,6.2678,6.3192,18677550,1.8677,8610035042.7,8610035042.7,7.053,
600971.SH,恒源煤电,2019-04-24,6.3852,6.4953,6.2752,6.4146,17594120,1.7594,8740035571.8,8740035571.8,7.1595,
600971.SH,恒源煤电,2019-04-25,6.4219,6.4293,5.9742,6.0403,24637327,2.4637,8230033496.1,8230033496.1,6.5664,
600971.SH,恒源煤电,2019-04-26,6.0256,6.1137,5.8715,5.9155,19676652,1.9677,8060032804.2,8060032804.2,6.4308,
600971.SH,恒源煤电,2019-04-29,5.9449,5.9596,5.732,5.7981,17428995,1.7429,7900032153,7900032153,6.3031,
600971.SH,恒源煤电,2019-04-30,5.8201,5.9229,5.7467,5.7981,12814872,1.2815,7900032153,7900032153,6.3031,
600971.SH,恒源煤电,2019-05-06,5.7247,5.7247,5.2697,5.3504,19350049,1.935,7290029670.3,7290029670.3,5.8164,
600971.SH,恒源煤电,2019-05-07,5.4165,5.4752,5.3504,5.4091,12585759,1.2586,7370029995.9,7370029995.9,5.8803,
600971.SH,恒源煤电,2019-05-08,5.299,5.4165,5.2476,5.321,10592842,1.0593,7250029507.5,7250029507.5,5.7845,
600971.SH,恒源煤电,2019-05-09,5.2843,5.3651,5.2403,5.2843,8191836,0.8192,7200029304,7200029304,5.7446,
600971.SH,恒源煤电,2019-05-10,5.3284,5.4385,5.2697,5.4311,12183840,1.2184,7400030118,7400030118,5.9042,
600971.SH,恒源煤电,2019-05-13,5.3651,5.4752,5.3431,5.4165,10250371,1.025,7380030036.6,7380030036.6,5.8882,
600971.SH,恒源煤电,2019-05-14,5.3357,5.4311,5.3357,5.3798,8438276,0.8438,7330029833.1,7330029833.1,5.8483,
600971.SH,恒源煤电,2019-05-15,5.4238,5.5339,5.4018,5.5119,10998909,1.0999,7510030565.7,7510030565.7,5.992,
600971.SH,恒源煤电,2019-05-16,5.5559,5.6073,5.4898,5.6073,12202059,1.2202,7640031094.8,7640031094.8,6.0957,
600971.SH,恒源煤电,2019-05-17,5.5853,5.6146,5.4091,5.4311,12292118,1.2292,7400030118,7400030118,5.9042,
600971.SH,恒源煤电,2019-05-20,5.4018,5.4678,5.3137,5.4678,6858691,0.6859,7450030321.5,7450030321.5,5.9441,
600971.SH,恒源煤电,2019-05-21,5.4238,5.5926,5.4165,5.5853,10341598,1.0342,7610030972.7,7610030972.7,6.0717,
600971.SH,恒源煤电,2019-05-22,5.7247,5.7614,5.5265,5.5412,14228853,1.4229,7550030728.5,7550030728.5,6.0239,
600971.SH,恒源煤电,2019-05-23,5.4752,5.622,5.4458,5.5192,11338398,1.1338,7520030606.4,7520030606.4,5.9999,
600971.SH,恒源煤电,2019-05-24,5.4825,5.5632,5.4678,5.5045,7919083,0.7919,7500030525,7500030525,5.984,
600971.SH,恒源煤电,2019-05-27,5.5486,5.5926,5.4458,5.5486,14549122,1.4549,7560030769.2,7560030769.2,6.0319,
600971.SH,恒源煤电,2019-05-28,5.5579,5.6044,5.4368,5.4741,10503361,0.8753,7056028717.92,7056028717.92,5.6297,
600971.SH,恒源煤电,2019-05-29,5.3996,5.4834,5.381,5.4275,9252655,0.7711,6996028473.72,6996028473.72,5.5819,
600971.SH,恒源煤电,2019-05-30,5.4089,5.4368,5.3065,5.3344,10503493,0.8753,6876027985.32,6876027985.32,5.4861,
600971.SH,恒源煤电,2019-05-31,5.3624,5.4555,5.26,5.3344,11082116,0.9235,6876027985.32,6876027985.32,5.4861,
600971.SH,恒源煤电,2019-06-03,5.3251,5.3344,5.111,5.1576,12759877,1.0633,6648027057.36,6648027057.36,5.3042,
600971.SH,恒源煤电,2019-06-04,5.1576,5.2041,5.1203,5.1482,7732413,0.6444,6636027008.52,6636027008.52,5.2946,
600971.SH,恒源煤电,2019-06-05,5.1948,5.26,5.1762,5.2041,7862330,0.6552,6708027301.56,6708027301.56,5.3521,
600971.SH,恒源煤电,2019-06-06,5.2041,5.2413,5.1669,5.1855,5655006,0.4712,6684027203.88,6684027203.88,5.3329,
600971.SH,恒源煤电,2019-06-10,5.1762,5.2227,5.0831,5.1576,7160277,0.5967,6648027057.36,6648027057.36,5.3042,
600971.SH,恒源煤电,2019-06-11,5.1389,5.3437,5.1296,5.3344,11082008,0.9235,6876027985.32,6876027985.32,5.4861,
600971.SH,恒源煤电,2019-06-12,5.3251,5.3251,5.2413,5.2507,7600667,0.6334,6768027545.76,6768027545.76,5.3999,
600971.SH,恒源煤电,2019-06-13,5.2413,5.3158,5.232,5.2879,6764534,0.5637,6816027741.12,6816027741.12,5.4382,
600971.SH,恒源煤电,2019-06-14,5.2786,5.3251,5.2134,5.2227,7015638,0.5846,6732027399.24,6732027399.24,5.3712,
600971.SH,恒源煤电,2019-06-17,5.2507,5.3251,5.1855,5.2972,8404822,0.7004,6828027789.96,6828027789.96,5.4478,
600971.SH,恒源煤电,2019-06-18,5.2227,5.3251,5.2227,5.2507,6451640,0.5376,6768027545.76,6768027545.76,5.3999,
600971.SH,恒源煤电,2019-06-19,5.3344,5.3903,5.3065,5.3065,9244709,0.7704,6840027838.8,6840027838.8,5.4574,
600971.SH,恒源煤电,2019-06-20,5.3065,5.4462,5.2972,5.4462,11382172,0.9485,7020028571.4,7020028571.4,5.601,
600971.SH,恒源煤电,2019-06-21,5.4275,5.5299,5.4182,5.4834,14306607,1.1922,7068028766.76,7068028766.76,5.6393,
600971.SH,恒源煤电,2019-06-24,5.4834,5.5672,5.4462,5.4927,11346573,0.9455,7080028815.6,7080028815.6,5.6489,
600971.SH,恒源煤电,2019-06-25,5.4834,5.4834,5.3437,5.4275,11532452,0.961,6996028473.72,6996028473.72,5.5819,
600971.SH,恒源煤电,2019-06-26,5.4182,5.502,5.3903,5.4555,9088912,0.7574,7032028620.24,7032028620.24,5.6106,
600971.SH,恒源煤电,2019-06-27,5.4834,5.4927,5.4182,5.4275,7310025,0.6092,6996028473.72,6996028473.72,5.5819,
600971.SH,恒源煤电,2019-06-28,5.4368,5.4462,5.381,5.4462,6192540,0.516,7020028571.4,7020028571.4,5.601,
600971.SH,恒源煤电,2019-07-01,5.4834,5.5393,5.4741,5.5299,10676685,0.8897,7128029010.96,7128029010.96,5.6872,
600971.SH,恒源煤电,2019-07-02,5.5206,5.5206,5.4462,5.4834,8634070,0.7195,7068028766.76,7068028766.76,5.6393,
600971.SH,恒源煤电,2019-07-03,5.4834,5.4834,5.3903,5.4368,7594179,0.6328,7008028522.56,7008028522.56,5.5914,
600971.SH,恒源煤电,2019-07-04,5.4555,5.4555,5.3996,5.4275,5706076,0.4755,6996028473.72,6996028473.72,5.5819,
600971.SH,恒源煤电,2019-07-05,5.4368,5.4648,5.381,5.4462,5937410,0.4948,7020028571.4,7020028571.4,5.601,
600971.SH,恒源煤电,2019-07-08,5.4089,5.4368,5.2134,5.2413,10295884,0.858,6756027496.92,6756027496.92,5.3904,
600971.SH,恒源煤电,2019-07-09,5.2507,5.26,5.1576,5.1948,6966277,0.5805,6696027252.72,6696027252.72,5.3425,
600971.SH,恒源煤电,2019-07-10,5.2227,5.2227,5.1389,5.1576,6400680,0.5334,6648027057.36,6648027057.36,5.3042,
600971.SH,恒源煤电,2019-07-11,5.1855,5.2227,5.1203,5.1389,4656700,0.3881,6624026959.68,6624026959.68,5.2851,
600971.SH,恒源煤电,2019-07-12,5.1482,5.1855,5.1203,5.1669,5712400,0.476,6660027106.2,6660027106.2,5.3138,
600971.SH,恒源煤电,2019-07-15,5.1669,5.2507,5.1203,5.2413,8042180,0.6702,6756027496.92,6756027496.92,5.3904,
600971.SH,恒源煤电,2019-07-16,5.2413,5.2786,5.2041,5.2786,3727953,0.3107,6804027692.28,6804027692.28,5.4287,
600971.SH,恒源煤电,2019-07-17,5.2507,5.2786,5.2134,5.2507,4302174,0.3585,6768027545.76,6768027545.76,5.3999,
600971.SH,恒源煤电,2019-07-18,5.232,5.26,5.1855,5.2227,5372954,0.4477,6732027399.24,6732027399.24,5.3712,
600971.SH,恒源煤电,2019-07-19,5.2227,5.2972,5.2041,5.2227,5212119,0.4343,6732027399.24,6732027399.24,5.3712,
600971.SH,恒源煤电,2019-07-22,5.2227,5.2507,5.1389,5.1948,6561534,0.5468,6696027252.72,6696027252.72,5.3425,
600971.SH,恒源煤电,2019-07-23,5.2041,5.2134,5.1203,5.1576,6794831,0.5662,6648027057.36,6648027057.36,5.3042,
600971.SH,恒源煤电,2019-07-24,5.1482,5.2507,5.1482,5.1762,8006257,0.6672,6672027155.04,6672027155.04,5.3233,
600971.SH,恒源煤电,2019-07-25,5.1762,5.1948,5.1482,5.1669,8239710,0.6866,6660027106.2,6660027106.2,5.3138,
600971.SH,恒源煤电,2019-07-26,5.1576,5.1762,5.1389,5.1669,5242518,0.4369,6660027106.2,6660027106.2,5.3138,
600971.SH,恒源煤电,2019-07-29,5.1669,5.1762,5.111,5.1203,5641882,0.4702,6600026862,6600026862,5.2659,
600971.SH,恒源煤电,2019-07-30,5.1389,5.1762,5.1203,5.1576,5953262,0.4961,6648027057.36,6648027057.36,5.3042,
600971.SH,恒源煤电,2019-07-31,5.1389,5.1576,5.111,5.1389,5274991,0.4396,6624026959.68,6624026959.68,5.2851,
600971.SH,恒源煤电,2019-08-01,5.1576,5.1576,5.0551,5.0738,7098435,0.5915,6540026617.8,6540026617.8,5.218,
600971.SH,恒源煤电,2019-08-02,4.9993,5.0272,4.9062,4.9248,8709518,0.7258,6348025836.36,6348025836.36,5.0648,
600971.SH,恒源煤电,2019-08-05,4.9341,4.9434,4.7945,4.7945,8544337,0.712,6180025152.6,6180025152.6,4.9308,
600971.SH,恒源煤电,2019-08-06,4.7014,4.72,4.5431,4.6548,10267619,0.8556,6000024420,6000024420,4.7872,
600971.SH,恒源煤电,2019-08-07,4.6735,4.7293,4.6455,4.6641,6670370,0.5559,6012024468.84,6012024468.84,4.7968,
600971.SH,恒源煤电,2019-08-08,4.7014,4.7293,4.6455,4.6641,8178295,0.6815,6012024468.84,6012024468.84,4.7968,
600971.SH,恒源煤电,2019-08-09,4.6735,4.7014,4.5617,4.599,5938613,0.4949,5928024126.96,5928024126.96,4.7297,
600971.SH,恒源煤电,2019-08-12,4.599,4.6828,4.5804,4.6828,6860432,0.5717,6036024566.52,6036024566.52,4.8159,
600971.SH,恒源煤电,2019-08-13,4.6455,4.6641,4.599,4.6269,3930032,0.3275,5964024273.48,5964024273.48,4.7585,
600971.SH,恒源煤电,2019-08-14,4.6641,4.7479,4.6455,4.6641,6580422,0.5484,6012024468.84,6012024468.84,4.7968,
600971.SH,恒源煤电,2019-08-15,4.5897,4.7386,4.571,4.7293,7148260,0.5957,6096024810.72,6096024810.72,4.8638,
600971.SH,恒源煤电,2019-08-16,4.72,4.7479,4.6921,4.72,7215362,0.6013,6084024761.88,6084024761.88,4.8542,
600971.SH,恒源煤电,2019-08-19,4.7852,4.9621,4.7479,4.9248,16112477,1.3427,6348025836.36,6348025836.36,5.0294,
600971.SH,恒源煤电,2019-08-20,4.9527,5.1482,4.9248,5.0831,18724136,1.5603,6552026666.64,6552026666.64,5.1911,
600971.SH,恒源煤电,2019-08-21,5.0551,5.232,5.0179,5.2134,17922220,1.4935,6720027350.4,6720027350.4,5.3242,
600971.SH,恒源煤电,2019-08-22,5.2134,5.3251,5.1576,5.2879,15458741,1.2882,6816027741.12,6816027741.12,5.4002,
600971.SH,恒源煤电,2019-08-23,5.2972,5.3531,5.2786,5.3158,11545835,0.9621,6852027887.64,6852027887.64,5.4287,
600971.SH,恒源煤电,2019-08-26,5.232,5.4089,5.2134,5.3437,16405428,1.3671,6888028034.16,6888028034.16,5.4573,
600971.SH,恒源煤电,2019-08-27,5.3065,5.4927,5.3065,5.4275,14729871,1.2275,6996028473.72,6996028473.72,5.5428,
600971.SH,恒源煤电,2019-08-28,5.4555,5.4648,5.3065,5.3996,15644039,1.3037,6960028327.2,6960028327.2,5.5143,
600971.SH,恒源煤电,2019-08-29,5.4089,5.5113,5.4089,5.4741,9885887,0.8238,7056028717.92,7056028717.92,5.5904,
600971.SH,恒源煤电,2019-08-30,5.4648,5.5299,5.3344,5.3624,10388357,0.8657,6912028131.84,6912028131.84,5.4763,
600971.SH,恒源煤电,2019-09-02,5.3624,5.4927,5.3531,5.4182,11174286,0.9312,6984028424.88,6984028424.88,5.5333,
600971.SH,恒源煤电,2019-09-03,5.4182,5.4368,5.3344,5.381,9513793,0.7928,6936028229.52,6936028229.52,5.4953,
600971.SH,恒源煤电,2019-09-04,5.381,5.4182,5.2507,5.381,11452634,0.9544,6936028229.52,6936028229.52,5.4953,
600971.SH,恒源煤电,2019-09-05,5.3996,5.4927,5.381,5.3996,14778196,1.2315,6960028327.2,6960028327.2,5.5143,
600971.SH,恒源煤电,2019-09-06,5.3996,5.4275,5.3344,5.3717,7476540,0.623,6924028180.68,6924028180.68,5.4858,
600971.SH,恒源煤电,2019-09-09,5.3996,5.4555,5.3624,5.4555,8498502,0.7082,7032028620.24,7032028620.24,5.5714,
600971.SH,恒源煤电,2019-09-10,5.4555,5.4555,5.3437,5.3531,9280719,0.7734,6900028083,6900028083,5.4668,
600971.SH,恒源煤电,2019-09-11,5.3717,5.7068,5.3531,5.623,24605166,2.0504,7248029499.36,7248029499.36,5.7425,
600971.SH,恒源煤电,2019-09-12,5.6323,5.6323,5.4741,5.5299,14734711,1.2279,7128029010.96,7128029010.96,5.6474,
600971.SH,恒源煤电,2019-09-16,5.5951,5.6975,5.4182,5.4741,19020623,1.585,7056028717.92,7056028717.92,5.5904,
600971.SH,恒源煤电,2019-09-17,5.4741,5.4741,5.2879,5.2972,13214598,1.1012,6828027789.96,6828027789.96,5.4097,
600971.SH,恒源煤电,2019-09-18,5.2879,5.3344,5.26,5.3065,9246812,0.7706,6840027838.8,6840027838.8,5.4192,
600971.SH,恒源煤电,2019-09-19,5.3065,5.3251,5.2227,5.2786,5846025,0.4872,6804027692.28,6804027692.28,5.3907,
600971.SH,恒源煤电,2019-09-20,5.2786,5.3065,5.2507,5.2972,5252319,0.4377,6828027789.96,6828027789.96,5.4097,
600971.SH,恒源煤电,2019-09-23,5.2693,5.2786,5.1389,5.1482,7645629,0.6371,6636027008.52,6636027008.52,5.2576,
600971.SH,恒源煤电,2019-09-24,5.1389,5.2227,5.1203,5.1389,5898509,0.4915,6624026959.68,6624026959.68,5.2481,
600971.SH,恒源煤电,2019-09-25,5.1296,5.1948,5.0458,5.1389,7834789,0.6529,6624026959.68,6624026959.68,5.2481,
600971.SH,恒源煤电,2019-09-26,5.1948,5.2041,5.1296,5.1389,6204941,0.5171,6624026959.68,6624026959.68,5.2481,
600971.SH,恒源煤电,2019-09-27,5.1482,5.232,5.1296,5.1762,5155819,0.4296,6672027155.04,6672027155.04,5.2861,
600971.SH,恒源煤电,2019-09-30,5.1762,5.2134,5.1389,5.1762,3869473,0.3225,6672027155.04,6672027155.04,5.2861,
600971.SH,恒源煤电,2019-10-08,5.1762,5.2134,5.1389,5.1669,5512432,0.4594,6660027106.2,6660027106.2,5.2766,
600971.SH,恒源煤电,2019-10-09,5.1482,5.1576,5.1017,5.1389,4667408,0.3889,6624026959.68,6624026959.68,5.2481,
600971.SH,恒源煤电,2019-10-10,5.1482,5.1669,5.1203,5.1576,3929928,0.3275,6648027057.36,6648027057.36,5.2671,
600971.SH,恒源煤电,2019-10-11,5.1762,5.3437,5.1669,5.3344,8888489,0.7407,6876027985.32,6876027985.32,5.4478,
600971.SH,恒源煤电,2019-10-14,5.3531,5.4182,5.3251,5.3903,7913817,0.6595,6948028278.36,6948028278.36,5.5048,
600971.SH,恒源煤电,2019-10-15,5.381,5.4462,5.3344,5.4368,8094279,0.6745,7008028522.56,7008028522.56,5.5523,
600971.SH,恒源煤电,2019-10-16,5.4462,5.4462,5.3531,5.3624,5504816,0.4587,6912028131.84,6912028131.84,5.4763,
600971.SH,恒源煤电,2019-10-17,5.3531,5.3903,5.3065,5.3437,4251699,0.3543,6888028034.16,6888028034.16,5.4573,
600971.SH,恒源煤电,2019-10-18,5.3903,5.3903,5.1762,5.1948,6078932,0.5066,6696027252.72,6696027252.72,5.3051,
600971.SH,恒源煤电,2019-10-21,5.2041,5.2879,5.1855,5.2786,5107668,0.4256,6804027692.28,6804027692.28,5.3907,
600971.SH,恒源煤电,2019-10-22,5.2693,5.3251,5.2227,5.3158,3802034,0.3168,6852027887.64,6852027887.64,5.4287,
600971.SH,恒源煤电,2019-10-23,5.3065,5.3344,5.26,5.26,2967501,0.2473,6780027594.6,6780027594.6,5.3717,
600971.SH,恒源煤电,2019-10-24,5.26,5.3065,5.2507,5.3065,2832327,0.236,6840027838.8,6840027838.8,5.4192,
600971.SH,恒源煤电,2019-10-25,5.2972,5.2972,5.1576,5.2134,6621852,0.5518,6720027350.4,6720027350.4,5.3733,
600971.SH,恒源煤电,2019-10-28,5.1948,5.26,5.1762,5.2134,6280827,0.5234,6720027350.4,6720027350.4,5.3733,
600971.SH,恒源煤电,2019-10-29,5.2134,5.2134,5.1017,5.1017,6104460,0.5087,6576026764.32,6576026764.32,5.2582,
600971.SH,恒源煤电,2019-10-30,5.0924,5.1389,5.0645,5.0738,4556737,0.3797,6540026617.8,6540026617.8,5.2294,
600971.SH,恒源煤电,2019-10-31,5.0738,5.1017,5.0365,5.0738,4679662,0.39,6540026617.8,6540026617.8,5.2294,
600971.SH,恒源煤电,2019-11-01,5.0738,5.0924,4.9527,5.0551,5900274,0.4917,6516026520.12,6516026520.12,5.2102,
600971.SH,恒源煤电,2019-11-04,5.0738,5.0738,5.0272,5.0458,4086526,0.3405,6504026471.28,6504026471.28,5.2006,
600971.SH,恒源煤电,2019-11-05,5.0365,5.1296,5.0086,5.1017,5534702,0.4612,6576026764.32,6576026764.32,5.2582,
600971.SH,恒源煤电,2019-11-06,5.111,5.1203,5.0179,5.0551,3681145,0.3068,6516026520.12,6516026520.12,5.2102,
600971.SH,恒源煤电,2019-11-07,5.0365,5.0924,5.0179,5.0365,2601952,0.2168,6492026422.44,6492026422.44,5.191,
600971.SH,恒源煤电,2019-11-08,5.0458,5.0924,5.0272,5.0272,2850079,0.2375,6480026373.6,6480026373.6,5.1814,
600971.SH,恒源煤电,2019-11-11,5.0179,5.0179,4.9248,4.9248,4922198,0.4102,6348025836.36,6348025836.36,5.0759,
600971.SH,恒源煤电,2019-11-12,4.9248,4.9714,4.9062,4.9527,3237058,0.2698,6384025982.88,6384025982.88,5.1047,
600971.SH,恒源煤电,2019-11-13,4.9341,4.9621,4.9062,4.9248,2505693,0.2088,6348025836.36,6348025836.36,5.0759,
600971.SH,恒源煤电,2019-11-14,4.9155,4.9807,4.9155,4.9434,3314444,0.2762,6372025934.04,6372025934.04,5.0951,
600971.SH,恒源煤电,2019-11-15,4.9434,4.9714,4.8131,4.841,4839994,0.4033,6240025396.8,6240025396.8,4.9895,
600971.SH,恒源煤电,2019-11-18,4.7945,4.9248,4.7945,4.9155,4824326,0.402,6336025787.52,6336025787.52,5.0663,
600971.SH,恒源煤电,2019-11-19,4.9155,4.9714,4.8969,4.9621,4466803,0.3722,6396026031.72,6396026031.72,5.1143,
600971.SH,恒源煤电,2019-11-20,4.9621,5.0551,4.9248,4.9807,5657736,0.4715,6420026129.4,6420026129.4,5.1335,
600971.SH,恒源煤电,2019-11-21,4.9807,5.111,4.9248,5.111,8108477,0.6757,6588026813.16,6588026813.16,5.2678,
600971.SH,恒源煤电,2019-11-22,5.0924,5.2227,5.0551,5.1482,7862111,0.6552,6636027008.52,6636027008.52,5.3062,
600971.SH,恒源煤电,2019-11-25,5.1296,5.4182,5.1296,5.3717,19551879,1.6293,6924028180.68,6924028180.68,5.5365,
600971.SH,恒源煤电,2019-11-26,5.3158,5.3996,5.2693,5.3437,13360696,1.1134,6888028034.16,6888028034.16,5.5077,
600971.SH,恒源煤电,2019-11-27,5.3437,5.4368,5.3251,5.3903,12022856,1.0019,6948028278.36,6948028278.36,5.5556,
600971.SH,恒源煤电,2019-11-28,5.4182,5.4275,5.2879,5.381,9902382,0.8252,6936028229.52,6936028229.52,5.546,
600971.SH,恒源煤电,2019-11-29,5.381,5.381,5.2879,5.3158,6753967,0.5628,6852027887.64,6852027887.64,5.4789,
600971.SH,恒源煤电,2019-12-02,5.3437,5.3531,5.2413,5.2786,7308286,0.609,6804027692.28,6804027692.28,5.4405,
600971.SH,恒源煤电,2019-12-03,5.2786,5.2972,5.1855,5.232,7240206,0.6033,6744027448.08,6744027448.08,5.3925,
600971.SH,恒源煤电,2019-12-04,5.232,5.232,5.0738,5.1017,11175006,0.9312,6576026764.32,6576026764.32,5.2582,
600971.SH,恒源煤电,2019-12-05,5.1296,5.1576,5.0645,5.1482,8831005,0.7359,6636027008.52,6636027008.52,5.3062,
600971.SH,恒源煤电,2019-12-06,5.1576,5.1669,5.0924,5.1389,5572241,0.4644,6624026959.68,6624026959.68,5.2966,
600971.SH,恒源煤电,2019-12-09,5.1389,5.4089,5.1389,5.3717,14205387,1.1838,6924028180.68,6924028180.68,5.5365,
600971.SH,恒源煤电,2019-12-10,5.381,5.3996,5.2134,5.2693,13429152,1.1191,6792027643.44,6792027643.44,5.4309,
600971.SH,恒源煤电,2019-12-11,5.26,5.2693,5.1948,5.2227,9259700,0.7716,6732027399.24,6732027399.24,5.3829,
600971.SH,恒源煤电,2019-12-12,5.2041,5.2227,5.1296,5.1762,14572712,1.2144,6672027155.04,6672027155.04,5.335,
600971.SH,恒源煤电,2019-12-13,5.2041,5.4368,5.2041,5.3996,30046637,2.5039,6960028327.2,6960028327.2,5.5652,
600971.SH,恒源煤电,2019-12-16,5.4368,5.4368,5.3158,5.3624,16459421,1.3716,6912028131.84,6912028131.84,5.5269,
600971.SH,恒源煤电,2019-12-17,5.3531,5.5206,5.3531,5.4368,24381653,2.0318,7008028522.56,7008028522.56,5.6036,
600971.SH,恒源煤电,2019-12-18,5.4182,5.5113,5.3903,5.4089,14749631,1.2291,6972028376.04,6972028376.04,5.5748,
600971.SH,恒源煤电,2019-12-19,5.3996,5.5206,5.3717,5.502,16300393,1.3584,7092028864.44,7092028864.44,5.6708,
600971.SH,恒源煤电,2019-12-20,5.4834,5.6044,5.4462,5.4555,15618022,1.3015,7032028620.24,7032028620.24,5.6228,
600971.SH,恒源煤电,2019-12-23,5.4275,5.4555,5.26,5.2786,14257717,1.1881,6804027692.28,6804027692.28,5.4405,
600971.SH,恒源煤电,2019-12-24,5.2879,5.3717,5.2413,5.3624,10664148,0.8887,6912028131.84,6912028131.84,5.5269,
600971.SH,恒源煤电,2019-12-25,5.3531,5.3531,5.2693,5.3344,6149585,0.5125,6876027985.32,6876027985.32,5.4981,
600971.SH,恒源煤电,2019-12-26,5.3158,5.3903,5.2972,5.3903,7188290,0.599,6948028278.36,6948028278.36,5.5556,
600971.SH,恒源煤电,2019-12-27,5.3996,5.5299,5.3717,5.381,15388247,1.2823,6936028229.52,6936028229.52,5.546,
600971.SH,恒源煤电,2019-12-30,5.3531,5.6044,5.3251,5.5765,20902336,1.7419,7188029255.16,7188029255.16,5.7475,
600971.SH,恒源煤电,2019-12-31,5.5858,5.5951,5.502,5.5672,16417053,1.3681,7176029206.32,7176029206.32,5.738,
600971.SH,恒源煤电,2020-01-02,5.6323,5.6603,5.5672,5.5858,17665023,1.4721,7200029304,7200029304,5.7571,
600971.SH,恒源煤电,2020-01-03,5.5951,5.6137,5.5393,5.5486,12865286,1.0721,7152029108.64,7152029108.64,5.7188,
600971.SH,恒源煤电,2020-01-06,5.5206,5.5951,5.4648,5.5113,18092013,1.5077,7104028913.28,7104028913.28,5.6804,
600971.SH,恒源煤电,2020-01-07,5.5672,5.7813,5.5393,5.6603,32347142,2.6956,7296029694.72,7296029694.72,5.8339,
600971.SH,恒源煤电,2020-01-08,5.6417,5.6603,5.4648,5.4834,23189530,1.9325,7068028766.76,7068028766.76,5.6516,
600971.SH,恒源煤电,2020-01-09,5.5206,5.5765,5.4648,5.5113,13479586,1.1233,7104028913.28,7104028913.28,5.6804,
600971.SH,恒源煤电,2020-01-10,5.4927,5.5206,5.4275,5.4555,10845793,0.9038,7032028620.24,7032028620.24,5.6228,
600971.SH,恒源煤电,2020-01-13,5.4462,5.4927,5.381,5.4927,9393961,0.7828,7080028815.6,7080028815.6,5.6612,
600971.SH,恒源煤电,2020-01-14,5.4741,5.5299,5.4741,5.4834,8831554,0.736,7068028766.76,7068028766.76,5.6516,
600971.SH,恒源煤电,2020-01-15,5.4741,5.4834,5.3437,5.381,11204540,0.9337,6936028229.52,6936028229.52,5.546,
600971.SH,恒源煤电,2020-01-16,5.3624,5.3903,5.3065,5.3251,9282342,0.7735,6864027936.48,6864027936.48,5.4885,
600971.SH,恒源煤电,2020-01-17,5.3531,5.3717,5.2879,5.3158,5508482,0.459,6852027887.64,6852027887.64,5.4789,
600971.SH,恒源煤电,2020-01-20,5.3158,5.3437,5.2879,5.3437,5171772,0.431,6888028034.16,6888028034.16,5.5077,
600971.SH,恒源煤电,2020-01-21,5.3344,5.3344,5.2413,5.2693,7193142,0.5994,6792027643.44,6792027643.44,5.4309,
600971.SH,恒源煤电,2020-01-22,5.2507,5.2786,5.1855,5.26,6683542,0.557,6780027594.6,6780027594.6,5.4213,
600971.SH,恒源煤电,2020-01-23,5.26,5.26,5.0179,5.0645,10410293,0.8675,6528026568.96,6528026568.96,5.2198,
600971.SH,恒源煤电,2020-02-03,4.5617,4.6269,4.5617,4.5617,10136240,0.8447,5880023931.6,5880023931.6,4.7017,
600971.SH,恒源煤电,2020-02-04,4.3383,4.6176,4.329,4.5897,12813482,1.0678,5916024078.12,5916024078.12,4.7305,
600971.SH,恒源煤电,2020-02-05,4.5897,4.72,4.571,4.6362,9792764,0.8161,5976024322.32,5976024322.32,4.7784,
600971.SH,恒源煤电,2020-02-06,4.6548,4.7014,4.6083,4.6921,9859637,0.8216,6048024615.36,6048024615.36,4.836,
600971.SH,恒源煤电,2020-02-07,4.6641,4.6735,4.599,4.6641,9528585,0.794,6012024468.84,6012024468.84,4.8072,
600971.SH,恒源煤电,2020-02-10,4.6362,4.7665,4.6269,4.7665,11478463,0.9565,6144025006.08,6144025006.08,4.9128,
600971.SH,恒源煤电,2020-02-11,4.7665,4.8969,4.7386,4.7572,12355989,1.0297,6132024957.24,6132024957.24,4.9032,
600971.SH,恒源煤电,2020-02-12,4.7572,4.7852,4.7014,4.7759,9495339,0.7913,6156025054.92,6156025054.92,4.9224,
600971.SH,恒源煤电,2020-02-13,4.7852,4.8038,4.6828,4.6828,9618980,0.8016,6036024566.52,6036024566.52,4.8264,
600971.SH,恒源煤电,2020-02-14,4.6735,4.7386,4.6641,4.7014,6522009,0.5435,6060024664.2,6060024664.2,4.8456,
600971.SH,恒源煤电,2020-02-17,4.72,4.8131,4.6828,4.8038,11288715,0.9407,6192025201.44,6192025201.44,4.9511,
600971.SH,恒源煤电,2020-02-18,4.869,4.869,4.7665,4.8131,10701245,0.8918,6204025250.28,6204025250.28,4.9607,
600971.SH,恒源煤电,2020-02-19,4.8224,4.841,4.7572,4.7759,10433226,0.8694,6156025054.92,6156025054.92,4.9224,
600971.SH,恒源煤电,2020-02-20,4.7852,4.869,4.7479,4.869,12518008,1.0432,6276025543.32,6276025543.32,5.0183,
600971.SH,恒源煤电,2020-02-21,4.869,4.99,4.8503,4.8969,17654070,1.4712,6312025689.84,6312025689.84,5.0471,
600971.SH,恒源煤电,2020-02-24,4.841,4.8596,4.7759,4.8131,15805772,1.3171,6204025250.28,6204025250.28,4.9607,
600971.SH,恒源煤电,2020-02-25,4.72,4.7479,4.6548,4.7293,15799443,1.3166,6096024810.72,6096024810.72,4.8744,
600971.SH,恒源煤电,2020-02-26,4.6735,4.8783,4.6641,4.7945,17874649,1.4895,6180025152.6,6180025152.6,4.9415,
600971.SH,恒源煤电,2020-02-27,4.8038,4.8317,4.7479,4.7665,10042489,0.8369,6144025006.08,6144025006.08,4.9128,
600971.SH,恒源煤电,2020-02-28,4.6921,4.72,4.5617,4.571,15155240,1.2629,5892023980.44,5892023980.44,4.7113,
600971.SH,恒源煤电,2020-03-02,4.599,4.7665,4.599,4.7665,12361018,1.0301,6144025006.08,6144025006.08,4.9128,
600971.SH,恒源煤电,2020-03-03,4.8131,4.841,4.72,4.7759,13689572,1.1408,6156025054.92,6156025054.92,4.9224,
600971.SH,恒源煤电,2020-03-04,4.7479,4.9062,4.72,4.9062,18904124,1.5753,6324025738.68,6324025738.68,5.0567,
600971.SH,恒源煤电,2020-03-05,4.9248,4.9993,4.8969,4.99,18643992,1.5537,6432026178.24,6432026178.24,5.143,
600971.SH,恒源煤电,2020-03-06,4.9155,4.9714,4.8876,4.9062,11746031,0.9788,6324025738.68,6324025738.68,5.0567,
600971.SH,恒源煤电,2020-03-09,4.7945,4.7945,4.6828,4.6921,15687949,1.3073,6048024615.36,6048024615.36,4.836,
600971.SH,恒源煤电,2020-03-10,4.6641,4.8038,4.599,4.7479,14460832,1.2051,6120024908.4,6120024908.4,4.8936,
600971.SH,恒源煤电,2020-03-11,4.7572,4.7852,4.6921,4.6921,7709822,0.6425,6048024615.36,6048024615.36,4.836,
600971.SH,恒源煤电,2020-03-12,4.6362,4.6828,4.5897,4.6269,10671555,0.8893,5964024273.48,5964024273.48,4.7688,
600971.SH,恒源煤电,2020-03-13,4.4686,4.599,4.4221,4.5524,10135115,0.8446,5868023882.76,5868023882.76,4.6921,
600971.SH,恒源煤电,2020-03-16,4.5804,4.5804,4.4035,4.4035,12420319,1.035,5676023101.32,5676023101.32,4.5385,
600971.SH,恒源煤电,2020-03-17,4.4407,4.4593,4.329,4.4407,7733990,0.6445,5724023296.68,5724023296.68,4.5769,
600971.SH,恒源煤电,2020-03-18,4.45,4.4873,4.3011,4.3011,9976261,0.8314,5544022564.08,5544022564.08,4.433,
600971.SH,恒源煤电,2020-03-19,4.2918,4.329,4.1614,4.2638,9310471,0.7759,5496022368.72,5496022368.72,4.3946,
600971.SH,恒源煤电,2020-03-20,4.3011,4.329,4.2173,4.3011,10526272,0.8772,5544022564.08,5544022564.08,4.433,
600971.SH,恒源煤电,2020-03-23,4.208,4.2452,4.1893,4.1893,6738034,0.5615,5400021978,5400021978,4.3179,
600971.SH,恒源煤电,2020-03-24,4.2359,4.2824,4.208,4.2824,6016176,0.5013,5520022466.4,5520022466.4,4.4138,
600971.SH,恒源煤电,2020-03-25,4.3383,4.3569,4.2918,4.329,7427284,0.6189,5580022710.6,5580022710.6,4.4618,
600971.SH,恒源煤电,2020-03-26,4.2918,4.329,4.2824,4.2824,4976314,0.4147,5520022466.4,5520022466.4,4.4138,
600971.SH,恒源煤电,2020-03-27,4.329,4.3476,4.2918,4.3011,6515944,0.543,5544022564.08,5544022564.08,4.433,
600971.SH,恒源煤电,2020-03-30,4.2824,4.3662,4.2359,4.329,7342912,0.6119,5580022710.6,5580022710.6,4.4618,
600971.SH,恒源煤电,2020-03-31,4.3662,4.3849,4.3197,4.3476,6561992,0.5468,5604022808.28,5604022808.28,4.481,
600971.SH,恒源煤电,2020-04-01,4.3197,4.3755,4.3197,4.3476,5047713,0.4206,5604022808.28,5604022808.28,4.481,
600971.SH,恒源煤电,2020-04-02,4.329,4.4035,4.2824,4.4035,6287606,0.524,5676023101.32,5676023101.32,4.5385,
600971.SH,恒源煤电,2020-04-03,4.3849,4.4128,4.3476,4.3569,4413836,0.3678,5616022857.12,5616022857.12,4.4906,
600971.SH,恒源煤电,2020-04-07,4.4035,4.45,4.3755,4.4314,8082864,0.6736,5712023247.84,5712023247.84,4.5673,
600971.SH,恒源煤电,2020-04-08,4.4221,4.4686,4.3942,4.4407,5396802,0.4497,5724023296.68,5724023296.68,4.5769,
600971.SH,恒源煤电,2020-04-09,4.45,4.4779,4.4314,4.45,5182202,0.4318,5736023345.52,5736023345.52,4.5865,
600971.SH,恒源煤电,2020-04-10,4.4593,4.4686,4.3755,4.3849,4779172,0.3983,5652023003.64,5652023003.64,4.5194,
600971.SH,恒源煤电,2020-04-13,4.3755,4.3849,4.3383,4.3569,2966180,0.2472,5616022857.12,5616022857.12,4.4906,
600971.SH,恒源煤电,2020-04-14,4.3569,4.45,4.3569,4.4314,5238171,0.4365,5712023247.84,5712023247.84,4.5673,
600971.SH,恒源煤电,2020-04-15,4.4221,4.4314,4.3942,4.4221,3553938,0.2962,5700023199,5700023199,4.5577,
600971.SH,恒源煤电,2020-04-16,4.4128,4.4221,4.3755,4.3942,2449531,0.2041,5664023052.48,5664023052.48,4.529,
600971.SH,恒源煤电,2020-04-17,4.3942,4.4221,4.3849,4.4035,4178303,0.3482,5676023101.32,5676023101.32,4.5385,
600971.SH,恒源煤电,2020-04-20,4.4128,4.4221,4.3662,4.4035,2401881,0.2002,5676023101.32,5676023101.32,4.5385,
600971.SH,恒源煤电,2020-04-21,4.3849,4.4035,4.329,4.3849,4201529,0.3501,5652023003.64,5652023003.64,4.5194,
600971.SH,恒源煤电,2020-04-22,4.3662,4.4593,4.3383,4.3942,5285684,0.4405,5664023052.48,5664023052.48,4.529,
600971.SH,恒源煤电,2020-04-23,4.3942,4.4035,4.3476,4.3662,3151065,0.2626,5628022905.96,5628022905.96,4.5002,
600971.SH,恒源煤电,2020-04-24,4.3569,4.3942,4.329,4.3476,3262742,0.2719,5604022808.28,5604022808.28,4.481,
600971.SH,恒源煤电,2020-04-27,4.4035,4.4966,4.4035,4.4966,10352107,0.8627,5796023589.72,5796023589.72,5.3106,
600971.SH,恒源煤电,2020-04-28,4.4873,4.5059,4.3849,4.4966,9705132,0.8088,5796023589.72,5796023589.72,5.3106,
600971.SH,恒源煤电,2020-04-29,4.4779,4.6083,4.45,4.5804,9299144,0.7749,5904024029.28,5904024029.28,5.4096,
600971.SH,恒源煤电,2020-04-30,4.5804,4.6362,4.5524,4.599,8153986,0.6795,5928024126.96,5928024126.96,5.4316,
600971.SH,恒源煤电,2020-05-06,4.5524,4.5897,4.5245,4.5804,8038959,0.6699,5904024029.28,5904024029.28,5.4096,
600971.SH,恒源煤电,2020-05-07,4.5804,4.599,4.5338,4.5897,6491730,0.541,5916024078.12,5916024078.12,5.4206,
600971.SH,恒源煤电,2020-05-08,4.6083,4.6735,4.5804,4.6362,8230275,0.6859,5976024322.32,5976024322.32,5.4755,
600971.SH,恒源煤电,2020-05-11,4.6362,4.7107,4.599,4.6083,7029002,0.5857,5940024175.8,5940024175.8,5.4425,
600971.SH,恒源煤电,2020-05-12,4.6083,4.6548,4.571,4.599,5975504,0.498,5928024126.96,5928024126.96,5.4316,
600971.SH,恒源煤电,2020-05-13,4.599,4.6083,4.5524,4.5897,4406613,0.3672,5916024078.12,5916024078.12,5.4206,
600971.SH,恒源煤电,2020-05-14,4.5897,4.5897,4.5431,4.5524,3615580,0.3013,5868023882.76,5868023882.76,5.3766,
600971.SH,恒源煤电,2020-05-15,4.571,4.599,4.5524,4.5617,2736534,0.228,5880023931.6,5880023931.6,5.3876,
600971.SH,恒源煤电,2020-05-18,4.571,4.6083,4.5431,4.599,4172900,0.3477,5928024126.96,5928024126.96,5.4316,
600971.SH,恒源煤电,2020-05-19,4.6176,4.6362,4.5897,4.6176,4735202,0.3946,5952024224.64,5952024224.64,5.4535,
600971.SH,恒源煤电,2020-05-20,4.6176,4.6269,4.571,4.5897,3271946,0.2727,5916024078.12,5916024078.12,5.4206,
600971.SH,恒源煤电,2020-05-21,4.5897,4.6083,4.571,4.571,3204240,0.267,5892023980.44,5892023980.44,5.3986,
600971.SH,恒源煤电,2020-05-22,4.571,4.5897,4.5245,4.5431,4527408,0.3773,5856023833.92,5856023833.92,5.3656,
600971.SH,恒源煤电,2020-05-25,4.5338,4.599,4.5245,4.5804,4335698,0.3613,5904024029.28,5904024029.28,5.4096,
600971.SH,恒源煤电,2020-05-26,4.5897,4.599,4.571,4.599,3531221,0.2943,5928024126.96,5928024126.96,5.4316,
600971.SH,恒源煤电,2020-05-27,4.5897,4.6548,4.571,4.6455,6984830,0.5821,5988024371.16,5988024371.16,5.4865,
600971.SH,恒源煤电,2020-05-28,4.6362,4.6735,4.5617,4.599,5860144,0.4883,5928024126.96,5928024126.96,5.4316,
600971.SH,恒源煤电,2020-05-29,4.6083,4.6083,4.5617,4.571,3625290,0.3021,5892023980.44,5892023980.44,5.3986,
600971.SH,恒源煤电,2020-06-01,4.571,4.6269,4.571,4.6176,5538829,0.4616,5952024224.64,5952024224.64,5.4535,
600971.SH,恒源煤电,2020-06-02,4.6176,4.6362,4.5897,4.6362,6624107,0.552,5976024322.32,5976024322.32,5.4755,
600971.SH,恒源煤电,2020-06-03,4.6455,4.6735,4.6083,4.6083,8507609,0.709,5940024175.8,5940024175.8,5.4425,
600971.SH,恒源煤电,2020-06-04,4.6083,4.6269,4.5804,4.5897,3961670,0.3301,5916024078.12,5916024078.12,5.4206,
600971.SH,恒源煤电,2020-06-05,4.5897,4.6083,4.571,4.599,3553147,0.2961,5928024126.96,5928024126.96,5.4316,
600971.SH,恒源煤电,2020-06-08,4.599,4.6362,4.599,4.6176,4323889,0.3603,5952024224.64,5952024224.64,5.4535,
600971.SH,恒源煤电,2020-06-09,4.6176,4.6362,4.6083,4.6269,6138699,0.5116,5964024273.48,5964024273.48,5.4645,
600971.SH,恒源煤电,2020-06-10,4.6269,4.6269,4.5897,4.6176,3929754,0.3275,5952024224.64,5952024224.64,5.4535,
600971.SH,恒源煤电,2020-06-11,4.6176,4.6269,4.5804,4.5897,4554187,0.3795,5916024078.12,5916024078.12,5.4206,
600971.SH,恒源煤电,2020-06-12,4.5431,4.5897,4.4966,4.5804,5724191,0.477,5904024029.28,5904024029.28,5.4096,
600971.SH,恒源煤电,2020-06-15,4.5617,4.571,4.5245,4.5245,5381640,0.4485,5832023736.24,5832023736.24,5.3436,
600971.SH,恒源煤电,2020-06-16,4.5431,4.5897,4.5245,4.571,4685839,0.3905,5892023980.44,5892023980.44,5.3986,
600971.SH,恒源煤电,2020-06-17,4.5617,4.6083,4.5524,4.5897,5078935,0.4232,5916024078.12,5916024078.12,5.4206,
600971.SH,恒源煤电,2020-06-18,4.6269,4.8596,4.6176,4.8224,32491022,2.7076,6216025299.12,6216025299.12,5.6954,
600971.SH,恒源煤电,2020-06-19,4.7945,4.8783,4.7572,4.7759,17389196,1.4491,6156025054.92,6156025054.92,5.6405,
600971.SH,恒源煤电,2020-06-22,4.7759,4.7945,4.7386,4.7479,10628045,0.8857,6120024908.4,6120024908.4,5.6075,
600971.SH,恒源煤电,2020-06-23,4.7572,4.7852,4.6921,4.72,14710939,1.2259,6084024761.88,6084024761.88,5.5745,
600971.SH,恒源煤电,2020-06-24,4.68,4.71,4.62,4.63,12715348,1.0596,5556022612.92,5556022612.92,5.0907,
600971.SH,恒源煤电,2020-06-29,4.62,4.63,4.53,4.56,7056402,0.588,5472022271.04,5472022271.04,5.0137,
600971.SH,恒源煤电,2020-06-30,4.57,4.6,4.55,4.57,4923585,0.4103,5484022319.88,5484022319.88,5.0247,
600971.SH,恒源煤电,2020-07-01,4.57,4.64,4.56,4.63,6787801,0.5656,5556022612.92,5556022612.92,5.0907,
600971.SH,恒源煤电,2020-07-02,4.64,4.83,4.63,4.83,15639082,1.3033,5796023589.72,5796023589.72,5.3106,
600971.SH,恒源煤电,2020-07-03,4.88,5.14,4.83,5.09,37056608,3.088,6108024859.56,6108024859.56,5.5965,
600971.SH,恒源煤电,2020-07-06,5.18,5.56,5.15,5.54,44172801,3.6811,6648027057.36,6648027057.36,6.0913,
600971.SH,恒源煤电,2020-07-07,5.66,5.8,5.35,5.35,42186915,3.5156,6420026129.4,6420026129.4,5.8824,
600971.SH,恒源煤电,2020-07-08,5.32,5.56,5.28,5.47,29724770,2.4771,6564026715.48,6564026715.48,6.0143,
600971.SH,恒源煤电,2020-07-09,5.46,5.75,5.4,5.64,36495559,3.0413,6768027545.76,6768027545.76,6.2012,
600971.SH,恒源煤电,2020-07-10,5.58,5.58,5.39,5.4,20948244,1.7457,6480026373.6,6480026373.6,5.9373,
600971.SH,恒源煤电,2020-07-13,5.32,5.54,5.31,5.48,21514044,1.7928,6576026764.32,6576026764.32,6.0253,
600971.SH,恒源煤电,2020-07-14,5.46,5.58,5.37,5.53,22400798,1.8667,6636027008.52,6636027008.52,6.0803,
600971.SH,恒源煤电,2020-07-15,5.54,5.57,5.36,5.38,19241071,1.6034,6456026275.92,6456026275.92,5.9153,
600971.SH,恒源煤电,2020-07-16,5.37,5.42,5.11,5.14,18096787,1.5081,6168025103.76,6168025103.76,5.6515,
600971.SH,恒源煤电,2020-07-17,5.18,5.25,5.06,5.09,11724682,0.9771,6108024859.56,6108024859.56,5.5965,
600971.SH,恒源煤电,2020-07-20,5.14,5.4,5.07,5.39,20007719,1.6673,6468026324.76,6468026324.76,5.9263,
600971.SH,恒源煤电,2020-07-21,5.39,5.48,5.3,5.35,10762639,0.8969,6420026129.4,6420026129.4,5.8824,
600971.SH,恒源煤电,2020-07-22,5.39,5.44,5.31,5.31,12017035,1.0014,6372025934.04,6372025934.04,5.8384,
600971.SH,恒源煤电,2020-07-23,5.28,5.31,5.16,5.28,10821868,0.9018,6336025787.52,6336025787.52,5.8054,
600971.SH,恒源煤电,2020-07-24,5.24,5.39,5.09,5.12,17221064,1.4351,6144025006.08,6144025006.08,5.6295,
600971.SH,恒源煤电,2020-07-27,5.12,5.17,5.05,5.11,8496165,0.708,6132024957.24,6132024957.24,5.6185,
600971.SH,恒源煤电,2020-07-28,5.14,5.29,5.14,5.21,13196149,1.0997,6252025445.64,6252025445.64,5.7284,
600971.SH,恒源煤电,2020-07-29,5.22,5.26,5.14,5.25,9759967,0.8133,6300025641,6300025641,5.7724,
600971.SH,恒源煤电,2020-07-30,5.28,5.32,5.21,5.21,9905330,0.8254,6252025445.64,6252025445.64,5.7284,
600971.SH,恒源煤电,2020-07-31,5.2,5.27,5.15,5.2,11578648,0.9649,6240025396.8,6240025396.8,5.7174,
600971.SH,恒源煤电,2020-08-03,5.24,5.32,5.21,5.3,14383207,1.1986,6360025885.2,6360025885.2,5.8274,
600971.SH,恒源煤电,2020-08-04,5.32,5.35,5.27,5.31,11542611,0.9619,6372025934.04,6372025934.04,5.8384,
600971.SH,恒源煤电,2020-08-05,5.3,5.31,5.18,5.29,11067567,0.9223,6348025836.36,6348025836.36,5.8164,
600971.SH,恒源煤电,2020-08-06,5.32,5.35,5.2,5.25,9723083,0.8103,6300025641,6300025641,5.7724,
600971.SH,恒源煤电,2020-08-07,5.24,5.24,5.11,5.14,9713287,0.8094,6168025103.76,6168025103.76,5.6515,
600971.SH,恒源煤电,2020-08-10,5.12,5.22,5.12,5.18,8227260,0.6856,6216025299.12,6216025299.12,5.6954,
600971.SH,恒源煤电,2020-08-11,5.18,5.21,5.11,5.11,8789509,0.7325,6132024957.24,6132024957.24,5.6185,
600971.SH,恒源煤电,2020-08-12,5.11,5.12,5.02,5.12,9769377,0.8141,6144025006.08,6144025006.08,5.6295,
600971.SH,恒源煤电,2020-08-13,5.14,5.23,5.12,5.16,9630202,0.8025,6192025201.44,6192025201.44,5.6734,
600971.SH,恒源煤电,2020-08-14,5.14,5.18,5.05,5.18,8095301,0.6746,6216025299.12,6216025299.12,5.6954,
600971.SH,恒源煤电,2020-08-17,5.19,5.31,5.14,5.29,16573915,1.3812,6348025836.36,6348025836.36,5.8164,
600971.SH,恒源煤电,2020-08-18,5.31,5.45,5.26,5.36,23138690,1.9282,6432026178.24,6432026178.24,5.8933,
600971.SH,恒源煤电,2020-08-19,5.33,5.45,5.28,5.36,18606349,1.5505,6432026178.24,6432026178.24,5.8933,
600971.SH,恒源煤电,2020-08-20,5.38,5.4,5.24,5.29,12495306,1.0413,6348025836.36,6348025836.36,5.8164,
600971.SH,恒源煤电,2020-08-21,5.27,5.32,5.24,5.28,9464706,0.7887,6336025787.52,6336025787.52,6.1887,
600971.SH,恒源煤电,2020-08-24,5.26,5.32,5.23,5.23,8414200,0.7012,6276025543.32,6276025543.32,6.1301,
600971.SH,恒源煤电,2020-08-25,5.23,5.26,5.14,5.14,9078475,0.7565,6168025103.76,6168025103.76,6.0246,
600971.SH,恒源煤电,2020-08-26,5.14,5.17,5.09,5.1,5836713,0.4864,6120024908.4,6120024908.4,5.9778,
600971.SH,恒源煤电,2020-08-27,5.09,5.15,5.07,5.14,5175865,0.4313,6168025103.76,6168025103.76,6.0246,
600971.SH,恒源煤电,2020-08-28,5.12,5.2,5.09,5.19,8410787,0.7009,6228025347.96,6228025347.96,6.0832,
600971.SH,恒源煤电,2020-08-31,5.19,5.22,5.15,5.15,8178320,0.6815,6180025152.6,6180025152.6,6.0364,
600971.SH,恒源煤电,2020-09-01,5.15,5.17,5.1,5.13,5846842,0.4872,6156025054.92,6156025054.92,6.0129,
600971.SH,恒源煤电,2020-09-02,5.14,5.15,5.05,5.1,5705287,0.4754,6120024908.4,6120024908.4,5.9778,
600971.SH,恒源煤电,2020-09-03,5.13,5.2,5.09,5.13,8399346,0.6999,6156025054.92,6156025054.92,6.0129,
600971.SH,恒源煤电,2020-09-04,5.08,5.1,5.03,5.08,6486717,0.5406,6096024810.72,6096024810.72,5.9543,
600971.SH,恒源煤电,2020-09-07,5.09,5.12,5.02,5.02,7166677,0.5972,6024024517.68,6024024517.68,5.884,
600971.SH,恒源煤电,2020-09-08,5.04,5.17,5.01,5.17,11869384,0.9891,6204025250.28,6204025250.28,6.0598,
600971.SH,恒源煤电,2020-09-09,5.12,5.3,5.09,5.15,16572119,1.381,6180025152.6,6180025152.6,6.0364,
600971.SH,恒源煤电,2020-09-10,5.22,5.3,5.07,5.13,14356356,1.1964,6156025054.92,6156025054.92,6.0129,
600971.SH,恒源煤电,2020-09-11,5.15,5.26,5.09,5.24,19749509,1.6458,6288025592.16,6288025592.16,6.1418,
600971.SH,恒源煤电,2020-09-14,5.22,5.31,5.14,5.21,13904613,1.1587,6252025445.64,6252025445.64,6.1067,
600971.SH,恒源煤电,2020-09-15,5.2,5.28,5.15,5.21,11404549,0.9504,6252025445.64,6252025445.64,6.1067,
600971.SH,恒源煤电,2020-09-16,5.23,5.29,5.16,5.24,12855375,1.0713,6288025592.16,6288025592.16,6.1418,
600971.SH,恒源煤电,2020-09-17,5.25,5.39,5.23,5.33,23745164,1.9788,6396026031.72,6396026031.72,6.2473,
600971.SH,恒源煤电,2020-09-18,5.3,5.54,5.29,5.49,31060022,2.5883,6588026813.16,6588026813.16,6.4349,
600971.SH,恒源煤电,2020-09-21,5.49,5.53,5.39,5.46,20579138,1.7149,6552026666.64,6552026666.64,6.3997,
600971.SH,恒源煤电,2020-09-22,5.42,5.45,5.24,5.26,17336984,1.4447,6312025689.84,6312025689.84,6.1653,
600971.SH,恒源煤电,2020-09-23,5.3,5.33,5.2,5.22,11731095,0.9776,6264025494.48,6264025494.48,6.1184,
600971.SH,恒源煤电,2020-09-24,5.21,5.22,5.07,5.08,13034004,1.0862,6096024810.72,6096024810.72,5.9543,
600971.SH,恒源煤电,2020-09-25,5.13,5.19,5.09,5.12,10026878,0.8356,6144025006.08,6144025006.08,6.0012,
600971.SH,恒源煤电,2020-09-28,5.15,5.63,5.15,5.63,57707560,4.8089,6756027496.92,6756027496.92,6.599,
600971.SH,恒源煤电,2020-09-29,5.75,5.92,5.57,5.7,69993969,5.8328,6840027838.8,6840027838.8,6.681,
600971.SH,恒源煤电,2020-09-30,5.84,5.94,5.62,5.85,53902832,4.4919,7020028571.4,7020028571.4,6.8568,
600971.SH,恒源煤电,2020-10-09,5.94,6.08,5.79,5.87,49135087,4.0946,7044028669.08,7044028669.08,6.8803,
600971.SH,恒源煤电,2020-10-12,5.89,6.05,5.8,5.92,43251615,3.6043,7104028913.28,7104028913.28,6.9389,
600971.SH,恒源煤电,2020-10-13,5.9,5.96,5.78,5.87,30708450,2.559,7044028669.08,7044028669.08,6.8803,
600971.SH,恒源煤电,2020-10-14,5.8,5.86,5.65,5.74,33137191,2.7614,6888028034.16,6888028034.16,6.7279,
600971.SH,恒源煤电,2020-10-15,5.74,6.2,5.66,5.96,52408632,4.3674,7152029108.64,7152029108.64,6.9858,
600971.SH,恒源煤电,2020-10-16,5.89,6.12,5.84,5.93,54861201,4.5717,7116028962.12,7116028962.12,6.9506,
600971.SH,恒源煤电,2020-10-19,5.85,5.89,5.59,5.63,45702048,3.8085,6756027496.92,6756027496.92,6.599,
600971.SH,恒源煤电,2020-10-20,5.61,5.65,5.46,5.54,30964132,2.5803,6648027057.36,6648027057.36,6.4935,
600971.SH,恒源煤电,2020-10-21,5.53,5.56,5.38,5.43,25741067,2.1451,6516026520.12,6516026520.12,6.3645,
600971.SH,恒源煤电,2020-10-22,5.41,5.49,5.35,5.43,23098529,1.9249,6516026520.12,6516026520.12,6.3645,
600971.SH,恒源煤电,2020-10-23,5.42,5.43,5.33,5.35,16225819,1.3521,6420026129.4,6420026129.4,6.2708,
600971.SH,恒源煤电,2020-10-26,5.34,5.34,5.25,5.29,13557656,1.1298,6348025836.36,6348025836.36,6.2005,
600971.SH,恒源煤电,2020-10-27,5.26,5.3,5.21,5.29,13340982,1.1117,6348025836.36,6348025836.36,6.2005,
600971.SH,恒源煤电,2020-10-28,5.29,5.29,5.18,5.22,11715118,0.9763,6264025494.48,6264025494.48,6.1184,
600971.SH,恒源煤电,2020-10-29,5.07,5.14,5.04,5.08,21574453,1.7979,6096024810.72,6096024810.72,7.4477,
600971.SH,恒源煤电,2020-10-30,5.09,5.15,4.89,4.89,21981775,1.8318,5868023882.76,5868023882.76,7.1691,
600971.SH,恒源煤电,2020-11-02,4.93,4.96,4.86,4.93,10648552,0.8874,5916024078.12,5916024078.12,7.2278,
600971.SH,恒源煤电,2020-11-03,4.94,5.06,4.94,5.04,12969789,1.0808,6048024615.36,6048024615.36,7.3891,
600971.SH,恒源煤电,2020-11-04,5.08,5.09,4.98,5.02,12339994,1.0283,6024024517.68,6024024517.68,7.3597,
600971.SH,恒源煤电,2020-11-05,5.04,5.07,5.02,5.05,10638937,0.8866,6060024664.2,6060024664.2,7.4037,
600971.SH,恒源煤电,2020-11-06,5.06,5.1,5.02,5.03,12581384,1.0484,6036024566.52,6036024566.52,7.3744,
600971.SH,恒源煤电,2020-11-09,5.05,5.13,5.05,5.11,15913879,1.3262,6132024957.24,6132024957.24,7.4917,
600971.SH,恒源煤电,2020-11-10,5.13,5.17,5.04,5.04,15364022,1.2803,6048024615.36,6048024615.36,7.3891,
600971.SH,恒源煤电,2020-11-11,5.05,5.26,5.01,5.19,29188699,2.4324,6228025347.96,6228025347.96,7.609,
600971.SH,恒源煤电,2020-11-12,5.15,5.2,5.12,5.17,12043318,1.0036,6204025250.28,6204025250.28,7.5796,
600971.SH,恒源煤电,2020-11-13,5.16,5.16,5.08,5.13,11745896,0.9788,6156025054.92,6156025054.92,7.521,
600971.SH,恒源煤电,2020-11-16,5.12,5.35,5.11,5.3,21663336,1.8053,6360025885.2,6360025885.2,7.7702,
600971.SH,恒源煤电,2020-11-17,5.3,5.39,5.24,5.26,18578394,1.5482,6312025689.84,6312025689.84,7.7116,
600971.SH,恒源煤电,2020-11-18,5.25,5.35,5.21,5.3,14134620,1.1779,6360025885.2,6360025885.2,7.7702,
600971.SH,恒源煤电,2020-11-19,5.29,5.37,5.22,5.26,13291830,1.1076,6312025689.84,6312025689.84,7.7116,
600971.SH,恒源煤电,2020-11-20,5.23,5.35,5.15,5.34,19231234,1.6026,6408026080.56,6408026080.56,7.8289,
600971.SH,恒源煤电,2020-11-23,5.33,5.77,5.32,5.59,46493577,3.8744,6708027301.56,6708027301.56,8.1954,
600971.SH,恒源煤电,2020-11-24,5.55,5.75,5.51,5.64,34068295,2.839,6768027545.76,6768027545.76,8.2687,
600971.SH,恒源煤电,2020-11-25,5.68,5.76,5.55,5.58,32709353,2.7258,6696027252.72,6696027252.72,8.1807,
600971.SH,恒源煤电,2020-11-26,5.55,5.64,5.47,5.53,20174828,1.6812,6636027008.52,6636027008.52,8.1074,
600971.SH,恒源煤电,2020-11-27,5.55,5.61,5.42,5.59,20988860,1.7491,6708027301.56,6708027301.56,8.1954,
600971.SH,恒源煤电,2020-11-30,5.6,5.75,5.53,5.53,28693643,2.3911,6636027008.52,6636027008.52,8.1074,
600971.SH,恒源煤电,2020-12-01,5.62,5.67,5.52,5.65,21732183,1.811,6780027594.6,6780027594.6,8.2834,
600971.SH,恒源煤电,2020-12-02,5.65,5.83,5.57,5.75,37632484,3.136,6900028083,6900028083,8.43,
600971.SH,恒源煤电,2020-12-03,5.68,5.73,5.52,5.54,28644770,2.3871,6648027057.36,6648027057.36,8.1221,
600971.SH,恒源煤电,2020-12-04,5.52,5.53,5.41,5.5,14663263,1.2219,6600026862,6600026862,8.0635,
600971.SH,恒源煤电,2020-12-07,5.53,5.89,5.53,5.59,28404353,2.367,6708027301.56,6708027301.56,8.1954,
600971.SH,恒源煤电,2020-12-08,5.64,5.65,5.46,5.53,18940788,1.5784,6636027008.52,6636027008.52,8.1074,
600971.SH,恒源煤电,2020-12-09,5.56,5.95,5.56,5.8,57123550,4.7603,6960028327.2,6960028327.2,8.5033,
600971.SH,恒源煤电,2020-12-10,5.77,5.88,5.67,5.7,42919851,3.5766,6840027838.8,6840027838.8,8.3567,
600971.SH,恒源煤电,2020-12-11,5.89,6.05,5.72,5.85,55854418,4.6545,7020028571.4,7020028571.4,8.5766,
600971.SH,恒源煤电,2020-12-14,5.61,5.65,5.3,5.37,47692883,3.9744,6444026227.08,6444026227.08,7.8729,
600971.SH,恒源煤电,2020-12-15,5.33,5.36,5.22,5.28,21810957,1.8176,6336025787.52,6336025787.52,7.7409,
600971.SH,恒源煤电,2020-12-16,5.29,5.38,5.21,5.22,16407909,1.3673,6264025494.48,6264025494.48,7.653,
600971.SH,恒源煤电,2020-12-17,5.25,5.74,5.19,5.74,50860030,4.2383,6888028034.16,6888028034.16,8.4153,
600971.SH,恒源煤电,2020-12-18,6.12,6.31,6.11,6.31,35778853,2.9816,7572030818.04,7572030818.04,9.251,
600971.SH,恒源煤电,2020-12-21,6.94,6.94,6.4,6.88,167245167,13.937,8256033601.92,8256033601.92,10.0867,
600971.SH,恒源煤电,2020-12-22,6.68,6.86,6.19,6.19,126567010,10.5472,7428030231.96,7428030231.96,9.0751,
600971.SH,恒源煤电,2020-12-23,5.93,6.42,5.9,6.16,87636151,7.303,7392030085.44,7392030085.44,9.0311,
600971.SH,恒源煤电,2020-12-24,6.18,6.72,5.99,6.57,100533730,8.3778,7884032087.88,7884032087.88,9.6322,
600971.SH,恒源煤电,2020-12-25,6.4,6.88,6.3,6.52,90210969,7.5176,7824031843.68,7824031843.68,9.5589,
600971.SH,恒源煤电,2020-12-28,6.6,6.74,6.36,6.47,69951645,5.8293,7764031599.48,7764031599.48,9.4856,
600971.SH,恒源煤电,2020-12-29,6.43,6.49,6.08,6.13,58514545,4.8762,7356029938.92,7356029938.92,8.9871,
600971.SH,恒源煤电,2020-12-30,6.1,6.56,6.03,6.49,72765109,6.0637,7788031697.16,7788031697.16,9.5149,
600971.SH,恒源煤电,2020-12-31,6.4,6.49,6.2,6.29,45191416,3.7659,7548030720.36,7548030720.36,9.2217,
600971.SH,恒源煤电,2021-01-04,6.19,6.92,6.15,6.92,28594097,2.3828,8304033797.28,8304033797.28,10.1453,
600971.SH,恒源煤电,2021-01-05,7.12,7.17,6.35,6.58,84813255,7.0677,7896032136.72,7896032136.72,9.6468,
600971.SH,恒源煤电,2021-01-06,6.53,6.87,6.24,6.45,61288930,5.1074,7740031501.8,7740031501.8,9.4562,
600971.SH,恒源煤电,2021-01-07,6.39,6.65,6.26,6.33,49520904,4.1267,7596030915.72,7596030915.72,9.2803,
600971.SH,恒源煤电,2021-01-08,6.38,6.42,6.06,6.18,38776212,3.2313,7416030183.12,7416030183.12,9.0604,
600971.SH,恒源煤电,2021-01-11,6.09,6.1,5.72,5.77,38787658,3.2323,6924028180.68,6924028180.68,8.4593,
600971.SH,恒源煤电,2021-01-12,5.72,5.85,5.7,5.81,26458777,2.2049,6972028376.04,6972028376.04,8.5179,
600971.SH,恒源煤电,2021-01-13,5.79,5.9,5.62,5.85,32339181,2.6949,7020028571.4,7020028571.4,8.5766,
600971.SH,恒源煤电,2021-01-14,5.77,5.77,5.55,5.57,24301167,2.0251,6684027203.88,6684027203.88,8.1661,
600971.SH,恒源煤电,2021-01-15,5.58,5.73,5.57,5.65,20554745,1.7129,6780027594.6,6780027594.6,8.2834,
600971.SH,恒源煤电,2021-01-18,5.64,5.83,5.61,5.74,18754935,1.5629,6888028034.16,6888028034.16,8.4153,
600971.SH,恒源煤电,2021-01-19,5.69,5.9,5.66,5.72,22444044,1.8703,6864027936.48,6864027936.48,8.386,
600971.SH,恒源煤电,2021-01-20,5.63,5.78,5.52,5.68,20819014,1.7349,6816027741.12,6816027741.12,8.3274,
600971.SH,恒源煤电,2021-01-21,5.67,5.95,5.65,5.84,28803288,2.4003,7008028522.56,7008028522.56,8.5619,
600971.SH,恒源煤电,2021-01-22,5.81,5.84,5.57,5.59,22173740,1.8478,6708027301.56,6708027301.56,8.1954,
600971.SH,恒源煤电,2021-01-25,5.55,5.55,5.35,5.39,19645926,1.6372,6468026324.76,6468026324.76,7.9022,
600971.SH,恒源煤电,2021-01-26,5.39,5.63,5.36,5.54,18359485,1.53,6648027057.36,6648027057.36,8.1221,
600971.SH,恒源煤电,2021-01-27,5.47,5.67,5.42,5.46,14489017,1.2074,6552026666.64,6552026666.64,8.0048,
600971.SH,恒源煤电,2021-01-28,5.34,5.46,5.27,5.28,12417905,1.0348,6336025787.52,6336025787.52,7.7409,
600971.SH,恒源煤电,2021-01-29,5.3,5.35,5.04,5.11,15552815,1.2961,6132024957.24,6132024957.24,7.4917,
600971.SH,恒源煤电,2021-02-01,5.12,5.26,5.05,5.21,12726552,1.0605,6252025445.64,6252025445.64,7.6383,
600971.SH,恒源煤电,2021-02-02,5.19,5.21,4.98,5.06,15309860,1.2758,6072024713.04,6072024713.04,7.4184,
600971.SH,恒源煤电,2021-02-03,5.05,5.08,4.93,4.94,11293373,0.9411,5928024126.96,5928024126.96,7.2425,
600971.SH,恒源煤电,2021-02-04,4.93,5.08,4.8,4.85,12291760,1.0243,5820023687.4,5820023687.4,7.1105,
600971.SH,恒源煤电,2021-02-05,4.9,4.97,4.72,4.74,10049334,0.8374,5688023150.16,5688023150.16,6.9492,
600971.SH,恒源煤电,2021-02-08,4.76,4.86,4.7,4.76,9557064,0.7964,5712023247.84,5712023247.84,6.9786,
600971.SH,恒源煤电,2021-02-09,4.81,4.95,4.77,4.92,11501330,0.9584,5904024029.28,5904024029.28,7.2131,
600971.SH,恒源煤电,2021-02-10,4.89,4.94,4.82,4.87,9776357,0.8147,5844023785.08,5844023785.08,7.1398,
600971.SH,恒源煤电,2021-02-18,4.95,5.18,4.94,5.15,21096739,1.7581,6180025152.6,6180025152.6,7.5503,
600971.SH,恒源煤电,2021-02-19,5.13,5.43,5.11,5.42,22157314,1.8464,6504026471.28,6504026471.28,7.9462,
600971.SH,恒源煤电,2021-02-22,5.42,5.75,5.39,5.54,30448320,2.5373,6648027057.36,6648027057.36,8.1221,
600971.SH,恒源煤电,2021-02-23,5.46,5.54,5.31,5.33,19240713,1.6034,6396026031.72,6396026031.72,7.8142,
600971.SH,恒源煤电,2021-02-24,5.35,5.43,5.23,5.28,11622654,0.9686,6336025787.52,6336025787.52,7.7409,
600971.SH,恒源煤电,2021-02-25,5.36,5.43,5.27,5.28,14300441,1.1917,6336025787.52,6336025787.52,7.7409,
600971.SH,恒源煤电,2021-02-26,5.17,5.24,5.1,5.12,9919551,0.8266,6144025006.08,6144025006.08,7.5063,
600971.SH,恒源煤电,2021-03-01,5.16,5.31,5.12,5.3,10670100,0.8892,6360025885.2,6360025885.2,7.7702,
600971.SH,恒源煤电,2021-03-02,5.29,5.45,5.24,5.32,14584768,1.2154,6384025982.88,6384025982.88,7.7996,
600971.SH,恒源煤电,2021-03-03,5.27,5.5,5.26,5.49,17086170,1.4238,6588026813.16,6588026813.16,8.0488,
600971.SH,恒源煤电,2021-03-04,5.47,5.59,5.42,5.51,20294708,1.6912,6612026910.84,6612026910.84,8.0781,
600971.SH,恒源煤电,2021-03-05,5.45,5.61,5.35,5.52,20410332,1.7009,6624026959.68,6624026959.68,8.0928,
600971.SH,恒源煤电,2021-03-08,5.61,5.73,5.48,5.51,16820794,1.4017,6612026910.84,6612026910.84,8.0781,
600971.SH,恒源煤电,2021-03-09,5.47,5.64,5.27,5.49,18349529,1.5291,6588026813.16,6588026813.16,8.0488,
600971.SH,恒源煤电,2021-03-10,5.51,5.63,5.42,5.52,15354961,1.2796,6624026959.68,6624026959.68,8.0928,
600971.SH,恒源煤电,2021-03-11,5.53,5.75,5.46,5.69,22881229,1.9068,6828027789.96,6828027789.96,8.342,
600971.SH,恒源煤电,2021-03-12,5.7,5.9,5.58,5.74,27067286,2.2556,6888028034.16,6888028034.16,3.40282346638529E38,
