,MBI,PSY-BI,DS,BH
Final Wealth,1.743054325315478,1.4906928835428868,93.28124001005297,1.4955912511851923
Annualized Return,0.11706198371940113,0.08279133361842739,1.4685927046351335,0.08349927969427795
Sharpe Ratio,0.6610827032779156,0.4199016916013054,12.830895138035883,0.4395883078856028
