Strategy,Sharpe Ratio,Max Drawdown to Vol,Daily Skewness,Monthly Skewness,Total Return,Volatility,Max Drawdown
Absolute,-0.257416398178641,-6.286750565353376,0.006409361066093353,-0.0795298944809543,-0.0026534155277189164,0.010307872950182094,-0.06480302609714805
Relative,-5.354670650057092,-7.380988754362211,0.020509434823779923,-0.23017751731929997,-0.12575426160618075,0.02348496664399704,-0.1733422746959138
Dynamic,5.862759943323542,-5.142238568987967,0.0028070999477085748,-0.20809618251420625,0.012775494107844398,0.0021790921394270997,-0.011205411644740537
Mix,-3.7294303766096535,-6.5453945494925945,0.015931683024922767,-0.18365886648720325,-0.062357657190286186,0.016720424003993397,-0.10944177214094353
