Strategy,Sharpe Ratio,Max Drawdown to Vol,Daily Skewness,Monthly Skewness,Total Return,Volatility,Max Drawdown
Absolute,-5.521512578991803,-6.7651961346690435,0.0009708376013936597,0.4261132623317047,-0.04873101104494382,0.00882566332101734,-0.059707343385236866
Relative,-9.142738444914443,-9.32598794484063,-0.008569047286607618,0.28928345575238784,-0.21226281601435415,0.023216546912421327,-0.21651723662606825
Dynamic,-0.21337478769134238,-5.693614260227068,-0.014574901430974617,0.37455232992548654,-0.00041533016255812516,0.0019464819018773748,-0.011082517113802925
Mix,-8.183239016079188,-8.378304859781526,-0.005204180167549273,0.3400023730940208,-0.13030042856797153,0.01592284281467829,-0.13340643133575647
