Strategy,Sharpe Ratio,Max Drawdown to Vol,Daily Skewness,Monthly Skewness,Total Return,Volatility,Max Drawdown
Absolute,30.327587903986853,-1.1580439373439224,0.0030110743216999894,0.4276742551175746,0.2676432041188128,0.008825073888702786,-0.010219823313424414
Relative,34.31257853522654,-1.5123205005933862,-0.004378051324751697,0.30121640404816924,0.79623850608407,0.023205440688948007,-0.03509406367919998
Dynamic,30.315169959215208,-1.2244037583712166,-0.013015824013900156,0.3727080687025013,0.05899834720931807,0.0019461658070428778,-0.0023828927285568513
Mix,32.02813259695313,-1.3504105373136222,-0.001876265912936878,0.3488966464992902,0.509787543254417,0.015916867513621872,-0.02149430561141985
