Strategy,Sharpe Ratio,Max Drawdown to Vol,Daily Skewness,Monthly Skewness,Total Return,Volatility,Max Drawdown
Absolute,3.0334991172072487,-4.409410641755753,0.03189967991474134,-0.2825808138699031,0.03546831877798251,0.011692213317878251,-0.051555769829530695
Relative,-4.718385918134419,-6.979131900071287,0.011544759358801268,-0.3884362413588761,-0.11048051802043612,0.023414896521249055,-0.16341565124831747
Dynamic,8.404720286197648,-3.698633544220842,0.02861300245468561,-0.4518756593483301,0.019719195619122054,0.002346204864367134,-0.008677752012962392
Mix,-2.0918622301277185,-6.114811244666958,0.01857456336569628,-0.3702150177674073,-0.036107842796721856,0.01726109983567957,-0.10554836737053241
