Strategy,Sharpe Ratio,Max Drawdown to Vol,Daily Skewness,Monthly Skewness,Total Return,Volatility,Max Drawdown
Absolute,13.571277806035921,-2.9171937482761447,0.03316682812325094,-0.2724882537998774,0.15868382977887907,0.011692622614231898,-0.034109645591189564
Relative,8.196048263374648,-5.302088235785654,0.014536097174650538,-0.3739763590889602,0.19189017560510369,0.023412523869899064,-0.12413526738064262
Dynamic,16.021303630378075,-2.862796360193288,0.02978197441916473,-0.4451308700264157,0.03758645844522235,0.0023460299681203516,-0.0067162060536393176
Mix,10.178271239726774,-4.515718405013522,0.020924657374784446,-0.357385540234178,0.17568375139371728,0.01726066708735435,-0.07794431204917718
