Strategy,Sharpe Ratio,Max Drawdown to Vol,Daily Skewness,Monthly Skewness,Total Return,Volatility,Max Drawdown
Absolute,18.212923794661013,-2.245656170888878,0.007421904068836131,-0.07221999089505549,0.18771992888937183,0.010306962847140479,-0.023145894720803417
Relative,16.307941967347762,-3.357334615161177,0.023126387715510677,-0.21449842462192573,0.3828987442262617,0.023479280524355113,-0.07882780124349709
Dynamic,20.821130797379784,-2.087034891087639,0.0037137575236703218,-0.20275697412914323,0.04536307690877939,0.002178703805774471,-0.004547030859996748
Mix,16.881616683322896,-2.9567346889218413,0.017990630012407124,-0.17052605357300604,0.2822205375364233,0.01671762502552406,-0.04942958182935486
